t_ms,phi_x_deg,phi_y_deg,phi_z_deg,om_x_dps,om_y_dps,om_z_dps,rho_x,rho_y,rho_z,rho_x_lp,rho_y_lp,rho_z_lp,tau_x,tau_y,tau_z,tau_cmd_x,tau_cmd_y,tau_cmd_z,armed,gain_scale
37148.0,-33.137,-31.2386,1.2584,0.151,-0.323,0.131,-0.002,-0.043,-0.007,-0.0,-0.0,0.0,-0.12,-0.12,0.12,0.0,0.0,0.0,0.0,1.0
37155.0,-33.1383,-31.2412,1.2598,0.285,-0.252,0.03,-0.001,-0.035,0.0,-0.0,-0.0,0.0,-0.12,-0.12,0.12,0.0,0.0,0.0,0.0,1.0
37163.0,-33.1387,-31.2408,1.2591,0.007,0.079,0.189,0.005,-0.028,0.002,-0.0,-0.0,0.0,-0.12,-0.12,0.12,0.0,0.0,0.0,0.0,1.0
37171.0,-33.1371,-31.2446,1.2642,0.256,0.04,-0.022,0.029,-0.004,0.004,-0.0,-0.0,0.0,-0.12,-0.12,0.12,0.0,0.0,0.0,0.0,1.0
37179.0,-33.1401,-31.2444,1.2614,-0.164,0.058,0.168,0.041,0.021,0.006,-0.0,-0.0,0.0,-0.12,-0.12,0.12,0.0,0.0,0.0,0.0,1.0
37186.0,-33.1421,-31.2447,1.2599,-0.014,0.026,0.05,0.025,0.011,0.008,-0.0,-0.0,0.0,-0.12,-0.12,0.12,0.0,0.0,0.0,0.0,1.0
37194.0,-33.1435,-31.2436,1.2576,-0.114,0.249,-0.072,0.018,0.036,0.0,-0.0,-0.0,0.0,-0.12,-0.12,0.12,0.0,0.0,0.0,0.0,1.0
37202.0,-33.1435,-31.2427,1.2567,0.041,0.243,0.095,0.02,0.045,-0.004,-0.0,-0.0,0.0,-0.12,-0.12,0.12,0.0,0.0,0.0,0.0,1.0
37209.0,-33.1463,-31.2416,1.2532,-0.001,-0.077,0.033,0.012,0.028,-0.005,-0.0,-0.0,0.0,-0.12,-0.12,0.12,0.0,0.0,0.0,0.0,1.0
37217.0,-33.1473,-31.2409,1.2516,0.07,0.08,0.018,-0.004,0.028,0.0,-0.0,-0.0,0.0,-0.12,-0.12,0.12,0.0,0.0,0.0,0.0,1.0
37225.0,-33.1478,-31.2413,1.2516,-0.065,0.008,0.118,-0.018,0.011,0.008,-0.0,-0.0,0.0,-0.12,-0.12,0.12,0.0,0.0,0.0,0.0,1.0
37233.0,-33.1478,-31.241,1.2513,0.014,-0.05,-0.113,-0.005,0.01,0.006,-0.0,-0.0,0.0,-0.12,-0.12,0.12,0.0,0.0,0.0,0.0,1.0
37240.0,-33.1469,-31.2406,1.2517,-0.015,0.07,0.007,-0.024,-0.001,0.002,-0.0,-0.0,0.0,-0.12,-0.12,0.12,0.0,0.0,0.0,0.0,1.0
37248.0,-33.147,-31.2422,1.2532,-0.1,0.059,-0.003,-0.022,-0.022,0.004,-0.0,-0.0,0.0,-0.12,-0.12,0.12,0.0,0.0,0.0,0.0,1.0
37256.0,-33.1485,-31.2444,1.254,0.169,0.03,-0.032,0.001,-0.041,-0.009,-0.0,-0.0,0.0,-0.12,-0.12,0.12,0.0,0.0,0.0,0.0,1.0
37263.0,-33.1504,-31.242,1.25,-0.18,0.118,0.228,-0.013,-0.034,0.008,-0.0,-0.0,0.0,-0.12,-0.12,0.12,0.0,0.0,0.0,0.0,1.0
37272.0,-33.1513,-31.2415,1.2486,0.104,0.115,0.053,-0.004,-0.025,0.002,-0.0,-0.0,0.0,-0.12,-0.12,0.12,0.0,0.0,0.0,0.0,1.0
37279.0,-33.153,-31.2389,1.2446,0.168,-0.056,0.054,0.007,-0.008,0.005,-0.0,-0.0,0.0,-0.12,-0.12,0.12,0.0,0.0,0.0,0.0,1.0
37287.0,-33.1509,-31.2375,1.2452,0.083,0.021,-0.043,0.03,-0.01,0.002,-0.0,-0.0,0.0,-0.12,-0.12,0.12,0.0,0.0,0.0,0.0,1.0
37295.0,-33.1494,-31.2387,1.2476,0.154,0.004,0.114,0.025,-0.009,-0.006,-0.0,-0.0,0.0,-0.12,-0.12,0.12,0.0,0.0,0.0,0.0,1.0
37303.0,-33.1521,-31.2398,1.2463,0.268,-0.192,0.091,0.016,0.012,0.001,-0.0,-0.0,0.0,-0.12,-0.12,0.12,0.0,0.0,0.0,0.0,1.0
37310.0,-33.1497,-31.2386,1.2472,0.118,-0.074,0.122,0.008,0.023,-0.012,-0.0,-0.0,0.0,-0.12,-0.12,0.12,0.0,0.0,0.0,0.0,1.0
37318.0,-33.1461,-31.2402,1.2519,-0.086,-0.044,-0.02,0.02,0.011,0.0,-0.0,-0.0,0.0,-0.12,-0.12,0.12,0.0,0.0,0.0,0.0,1.0
37326.0,-33.1477,-31.2394,1.2497,-0.271,-0.047,0.063,0.011,0.02,0.014,-0.0,-0.0,0.0,-0.12,-0.12,0.12,0.0,0.0,0.0,0.0,1.0
37333.0,-33.1479,-31.2387,1.2489,-0.066,0.052,0.075,-0.011,0.018,-0.007,-0.0,-0.0,0.0,-0.12,-0.12,0.12,0.0,0.0,0.0,0.0,1.0
37341.0,-33.1482,-31.2401,1.25,-0.115,0.12,0.057,0.002,0.024,0.008,-0.0,-0.0,0.0,-0.12,-0.12,0.12,0.0,0.0,0.0,0.0,1.0
37349.0,-33.1499,-31.238,1.2465,-0.066,0.182,-0.054,0.0,0.011,0.002,-0.0,-0.0,0.0,-0.12,-0.12,0.12,0.0,0.0,0.0,0.0,1.0
37357.0,-33.151,-31.2393,1.2468,-0.022,-0.215,-0.019,-0.014,0.002,0.009,-0.0,-0.0,0.0,-0.12,-0.12,0.12,0.0,0.0,0.0,0.0,1.0
37365.0,-33.1522,-31.2391,1.2455,0.118,0.012,0.036,-0.016,-0.014,-0.002,-0.0,-0.0,0.0,-0.12,-0.12,0.12,0.0,0.0,0.0,0.0,1.0
37372.0,-33.1523,-31.2405,1.2468,-0.037,-0.069,-0.045,-0.018,-0.019,0.001,-0.0,-0.0,0.0,-0.12,-0.12,0.12,0.0,0.0,0.0,0.0,1.0
37380.0,-33.1522,-31.2431,1.2494,0.054,0.14,0.078,-0.013,-0.029,-0.005,-0.0,-0.0,0.0,-0.12,-0.12,0.12,0.0,0.0,0.0,0.0,1.0
37388.0,-33.1517,-31.2434,1.2501,0.324,0.067,0.092,-0.012,-0.043,0.003,-0.0,-0.0,0.0,-0.12,-0.12,0.12,0.0,0.0,0.0,0.0,1.0
37396.0,-33.1507,-31.2466,1.2541,-0.201,0.151,0.004,0.009,-0.042,-0.011,-0.0,-0.0,0.0,-0.12,-0.12,0.12,0.0,0.0,0.0,0.0,1.0
37403.0,-33.1526,-31.2493,1.2551,-0.067,0.05,0.075,0.02,-0.033,-0.007,-0.0,-0.0,0.0,-0.12,-0.12,0.12,0.0,0.0,0.0,0.0,1.0
37411.0,-33.1554,-31.2503,1.2536,-0.152,0.082,0.022,0.025,-0.008,0.001,-0.0,-0.0,0.0,-0.12,-0.12,0.12,0.0,0.0,0.0,0.0,1.0
37419.0,-33.1556,-31.2486,1.2518,0.018,-0.069,0.215,0.022,-0.008,-0.01,-0.0,-0.0,0.0,-0.12,-0.12,0.12,0.0,0.0,0.0,0.0,1.0
37427.0,-33.1556,-31.2478,1.251,0.167,-0.144,0.14,0.015,-0.0,0.004,-0.0,-0.0,0.0,-0.12,-0.12,0.12,0.0,0.0,0.0,0.0,1.0
37435.0,-33.154,-31.2477,1.2523,0.018,0.06,0.086,0.018,0.008,0.001,-0.0,-0.0,0.0,-0.12,-0.12,0.12,0.0,0.0,0.0,0.0,1.0
37442.0,-33.1502,-31.2483,1.2562,0.033,-0.0,0.026,-0.01,0.02,0.003,-0.0,-0.0,0.0,-0.12,-0.12,0.12,0.0,0.0,0.0,0.0,1.0
37450.0,-33.1476,-31.2485,1.2587,-0.001,-0.035,-0.01,0.008,0.016,0.008,-0.0,-0.0,0.0,-0.12,-0.12,0.12,0.0,0.0,0.0,0.0,1.0
37458.0,-33.1464,-31.2482,1.2595,-0.101,0.101,-0.046,-0.005,0.03,0.003,-0.0,-0.0,0.0,-0.12,-0.12,0.12,0.0,0.0,0.0,0.0,1.0
37465.0,-33.1458,-31.2465,1.2584,-0.285,0.184,-0.05,-0.004,0.012,-0.0,-0.0,-0.0,0.0,-0.12,-0.12,0.12,0.0,0.0,0.0,0.0,1.0
37473.0,-33.1494,-31.2477,1.2563,-0.256,-0.023,-0.084,-0.013,0.012,0.001,-0.0,-0.0,0.0,-0.12,-0.12,0.12,0.0,0.0,0.0,0.0,1.0
37481.0,-33.1529,-31.245,1.2507,0.019,0.06,0.086,-0.022,-0.009,-0.007,-0.0,-0.0,0.0,-0.12,-0.12,0.12,0.0,0.0,0.0,0.0,1.0
37489.0,-33.1525,-31.2466,1.2526,-0.066,0.093,0.032,-0.034,-0.016,0.002,-0.0,-0.0,0.0,-0.12,-0.12,0.12,0.0,0.0,0.0,0.0,1.0
37497.0,-33.1548,-31.2444,1.2484,0.039,0.199,0.138,-0.018,-0.028,-0.006,-0.0,-0.0,0.0,-0.12,-0.12,0.12,0.0,0.0,0.0,0.0,1.0
37504.0,-33.1529,-31.2476,1.2533,0.162,-0.214,-0.101,-0.008,-0.03,-0.009,-0.0,-0.0,0.0,-0.12,-0.12,0.12,0.0,0.0,0.0,0.0,1.0
37512.0,-33.1522,-31.2493,1.2555,0.183,-0.118,-0.006,0.021,-0.008,0.006,-0.0,-0.0,0.0,-0.12,-0.12,0.12,0.0,0.0,0.0,0.0,1.0
37520.0,-33.1516,-31.2499,1.2566,0.118,0.053,-0.007,0.018,-0.017,0.003,-0.0,-0.0,0.0,-0.12,-0.12,0.12,0.0,0.0,0.0,0.0,1.0
37527.0,-33.1504,-31.2497,1.2575,-0.101,-0.072,0.126,0.009,-0.001,0.002,-0.0,-0.0,0.0,-0.12,-0.12,0.12,0.0,0.0,0.0,0.0,1.0
37535.0,-33.1487,-31.2489,1.2581,0.069,-0.051,0.147,0.011,-0.004,0.005,-0.0,-0.0,0.0,-0.12,-0.12,0.12,0.0,0.0,0.0,0.0,1.0
37543.0,-33.1476,-31.2501,1.2603,0.005,0.077,0.189,0.002,0.001,-0.001,-0.0,-0.0,0.0,-0.12,-0.12,0.12,0.0,0.0,0.0,0.0,1.0
37551.0,-33.146,-31.2508,1.2624,-0.036,0.144,-0.261,0.005,0.011,-0.002,-0.0,-0.0,0.0,-0.12,-0.12,0.12,0.0,0.0,0.0,0.0,1.0
37558.0,-33.1441,-31.2475,1.2609,0.155,0.045,0.071,0.005,0.02,-0.008,-0.0,-0.0,0.0,-0.12,-0.12,0.12,0.0,0.0,0.0,0.0,1.0
37567.0,-33.1463,-31.2461,1.2576,-0.121,-0.038,-0.098,-0.001,0.033,-0.001,-0.0,-0.0,0.0,-0.12,-0.12,0.12,0.0,0.0,0.0,0.0,1.0
37574.0,-33.1464,-31.245,1.2563,-0.1,-0.028,0.083,0.001,0.024,0.008,-0.0,-0.0,0.0,-0.12,-0.12,0.12,0.0,0.0,0.0,0.0,1.0
37582.0,-33.1479,-31.2444,1.2545,0.099,-0.171,0.027,-0.003,0.023,0.006,-0.0,-0.0,0.0,-0.12,-0.12,0.12,0.0,0.0,0.0,0.0,1.0
37590.0,-33.1474,-31.2471,1.2575,0.049,-0.017,-0.078,-0.004,0.026,0.004,-0.0,-0.0,0.0,-0.12,-0.12,0.12,0.0,0.0,0.0,0.0,1.0
37597.0,-33.1473,-31.2474,1.2579,-0.065,0.007,0.119,-0.016,0.022,-0.008,-0.0,-0.0,0.0,-0.12,-0.12,0.12,0.0,0.0,0.0,0.0,1.0
37605.0,-33.1503,-31.2448,1.2528,0.063,-0.12,-0.095,-0.011,-0.007,-0.003,-0.0,-0.0,0.0,-0.12,-0.12,0.12,0.0,0.0,0.0,0.0,1.0
37613.0,-33.1488,-31.2471,1.2563,0.028,-0.242,-0.044,-0.021,-0.023,-0.004,-0.0,-0.0,0.0,-0.12,-0.12,0.12,0.0,0.0,0.0,0.0,1.0
37621.0,-33.1506,-31.2485,1.2561,0.125,-0.007,0.364,-0.015,-0.03,-0.001,-0.0,-0.0,0.0,-0.12,-0.12,0.12,0.0,0.0,0.0,0.0,1.0
37628.0,-33.1514,-31.2467,1.2537,-0.186,0.048,-0.013,-0.02,-0.035,0.001,-0.0,-0.0,0.0,-0.12,-0.12,0.12,0.0,0.0,0.0,0.0,1.0
37636.0,-33.1505,-31.2481,1.2558,0.069,-0.008,0.104,-0.011,-0.04,0.004,-0.0,-0.0,0.0,-0.12,-0.12,0.12,0.0,0.0,0.0,0.0,1.0
37644.0,-33.1479,-31.2469,1.2569,0.169,-0.014,0.011,-0.008,-0.03,0.004,-0.0,-0.0,0.0,-0.12,-0.12,0.12,0.0,0.0,0.0,0.0,1.0
37652.0,-33.1455,-31.2461,1.2582,-0.142,-0.219,-0.108,0.0,-0.014,-0.003,-0.0,-0.0,0.0,-0.12,-0.12,0.12,0.0,0.0,0.0,0.0,1.0
37659.0,-33.1414,-31.2483,1.264,0.015,-0.095,-0.07,0.014,-0.004,0.001,-0.0,-0.0,0.0,-0.12,-0.12,0.12,0.0,0.0,0.0,0.0,1.0
37667.0,-33.1386,-31.2466,1.2647,0.036,-0.085,0.112,0.002,0.002,-0.004,-0.0,-0.0,0.0,-0.12,-0.12,0.12,0.0,0.0,0.0,0.0,1.0
37675.0,-33.1375,-31.2487,1.2678,-0.119,-0.08,-0.055,0.012,0.014,-0.004,-0.0,-0.0,0.0,-0.12,-0.12,0.12,0.0,0.0,0.0,0.0,1.0
37683.0,-33.1395,-31.2474,1.2648,0.036,0.001,0.025,0.012,0.027,0.009,-0.0,-0.0,0.0,-0.12,-0.12,0.12,0.0,0.0,0.0,0.0,1.0
37690.0,-33.1408,-31.2476,1.2638,-0.05,-0.01,0.015,0.021,0.03,0.001,-0.0,-0.0,0.0,-0.12,-0.12,0.12,0.0,0.0,0.0,0.0,1.0
37698.0,-33.1412,-31.246,1.262,-0.085,-0.002,-0.063,0.016,0.024,-0.003,-0.0,-0.0,0.0,-0.12,-0.12,0.12,0.0,0.0,0.0,0.0,1.0
37706.0,-33.1439,-31.2445,1.258,0.12,-0.032,0.079,0.005,0.012,0.0,-0.0,-0.0,0.0,-0.12,-0.12,0.12,0.0,0.0,0.0,0.0,1.0
37714.0,-33.1438,-31.2436,1.2573,0.17,-0.056,0.054,-0.007,0.003,0.004,-0.0,-0.0,0.0,-0.12,-0.12,0.12,0.0,0.0,0.0,0.0,1.0
37721.0,-33.144,-31.2443,1.2577,0.114,-0.23,-0.033,0.001,-0.002,-0.0,-0.0,-0.0,0.0,-0.12,-0.12,0.12,0.0,0.0,0.0,0.0,1.0
37729.0,-33.1445,-31.2437,1.2567,-0.051,-0.095,0.101,-0.002,-0.012,0.001,-0.0,-0.0,0.0,-0.12,-0.12,0.12,0.0,0.0,0.0,0.0,1.0
37737.0,-33.1459,-31.2445,1.2564,0.049,-0.102,0.009,-0.005,-0.03,-0.0,-0.0,-0.0,0.0,-0.12,-0.12,0.12,0.0,0.0,0.0,0.0,1.0
37745.0,-33.1454,-31.2454,1.2576,0.084,0.019,-0.043,0.012,-0.041,-0.004,-0.0,-0.0,0.0,-0.12,-0.12,0.12,0.0,0.0,0.0,0.0,1.0
37753.0,-33.1432,-31.2442,1.2584,0.09,0.175,0.113,0.008,-0.039,-0.001,-0.0,-0.0,0.0,-0.12,-0.12,0.12,0.0,0.0,0.0,0.0,1.0
37761.0,-33.1438,-31.243,1.2568,-0.051,-0.052,0.058,-0.002,-0.03,0.002,-0.0,-0.0,0.0,-0.12,-0.12,0.12,0.0,0.0,0.0,0.0,1.0
37768.0,-33.1429,-31.2432,1.2577,-0.065,0.008,0.118,0.015,-0.017,-0.004,-0.0,-0.0,0.0,-0.12,-0.12,0.12,0.0,0.0,0.0,0.0,1.0
37776.0,-33.1441,-31.2425,1.2559,0.099,-0.126,-0.016,0.017,-0.005,-0.002,-0.0,-0.0,0.0,-0.12,-0.12,0.12,0.0,0.0,0.0,0.0,1.0
37784.0,-33.1451,-31.2415,1.2542,0.019,0.149,-0.001,0.01,0.016,-0.008,-0.0,-0.0,0.0,-0.12,-0.12,0.12,0.0,0.0,0.0,0.0,1.0
37792.0,-33.1429,-31.2427,1.2573,-0.001,0.096,-0.139,0.005,0.014,-0.002,-0.0,-0.0,0.0,-0.12,-0.12,0.12,0.0,0.0,0.0,0.0,1.0
37799.0,-33.144,-31.2417,1.2553,0.064,-0.161,-0.052,0.012,0.029,-0.003,-0.0,-0.0,0.0,-0.12,-0.12,0.12,0.0,0.0,0.0,0.0,1.0
37807.0,-33.1449,-31.2421,1.2549,-0.206,-0.046,-0.109,-0.008,0.017,-0.011,-0.0,-0.0,0.0,-0.12,-0.12,0.12,0.0,0.0,0.0,0.0,1.0
37815.0,-33.1436,-31.242,1.2559,-0.185,-0.037,0.073,-0.006,0.011,-0.008,-0.0,-0.0,0.0,-0.12,-0.12,0.12,0.0,0.0,0.0,0.0,1.0
37823.0,-33.1431,-31.2456,1.2599,-0.044,0.147,0.171,-0.007,0.0,0.002,-0.0,-0.0,0.0,-0.12,-0.12,0.12,0.0,0.0,0.0,0.0,1.0
37830.0,-33.1438,-31.2453,1.259,-0.22,-0.159,0.124,-0.008,0.009,-0.006,-0.0,-0.0,0.0,-0.12,-0.12,0.12,0.0,0.0,0.0,0.0,1.0
37838.0,-33.1424,-31.244,1.259,-0.129,0.137,0.16,-0.007,0.001,-0.003,-0.0,-0.0,0.0,-0.12,-0.12,0.12,0.0,0.0,0.0,0.0,1.0
37846.0,-33.142,-31.245,1.2602,0.1,-0.04,-0.103,-0.003,0.012,0.013,-0.0,-0.0,0.0,-0.12,-0.12,0.12,0.0,0.0,0.0,0.0,1.0
37854.0,-33.1419,-31.2439,1.2592,0.091,0.046,0.242,-0.003,0.011,-0.012,-0.0,-0.0,0.0,-0.12,-0.12,0.12,0.0,0.0,0.0,0.0,1.0
37862.0,-33.1433,-31.2452,1.2592,-0.135,-0.105,0.091,0.003,0.026,-0.004,-0.0,-0.0,0.0,-0.12,-0.12,0.12,0.0,0.0,0.0,0.0,1.0
37869.0,-33.1433,-31.2469,1.261,0.085,-0.024,0.001,-0.009,0.028,0.012,-0.0,-0.0,0.0,-0.12,-0.12,0.12,0.0,0.0,0.0,0.0,1.0
37877.0,-33.1431,-31.2479,1.2621,0.155,0.047,0.071,0.008,0.02,-0.006,-0.0,-0.0,0.0,-0.12,-0.12,0.12,0.0,0.0,0.0,0.0,1.0
37885.0,-33.1458,-31.2477,1.2596,0.055,0.139,0.078,0.011,-0.003,-0.002,-0.0,-0.0,0.0,-0.12,-0.12,0.12,0.0,0.0,0.0,0.0,1.0
37893.0,-33.1441,-31.247,1.2604,0.14,0.107,0.131,-0.0,-0.009,0.003,-0.0,-0.0,0.0,-0.12,-0.12,0.12,0.0,0.0,0.0,0.0,1.0
37900.0,-33.147,-31.2456,1.2564,-0.101,-0.07,0.126,0.011,-0.015,0.003,-0.0,-0.0,0.0,-0.12,-0.12,0.12,0.0,0.0,0.0,0.0,1.0
37908.0,-33.1464,-31.2437,1.2552,-0.03,0.259,-0.062,0.005,-0.009,-0.005,-0.0,-0.0,0.0,-0.12,-0.12,0.12,0.0,0.0,0.0,0.0,1.0
37916.0,-33.145,-31.2435,1.2562,-0.022,-0.172,-0.062,0.003,-0.01,-0.003,-0.0,-0.0,0.0,-0.12,-0.12,0.12,0.0,0.0,0.0,0.0,1.0
37924.0,-33.1434,-31.2441,1.2581,0.084,0.063,-0.086,0.002,-0.017,0.004,-0.0,-0.0,0.0,-0.12,-0.12,0.12,0.0,0.0,0.0,0.0,1.0
37931.0,-33.1421,-31.2431,1.2583,0.035,-0.041,0.069,-0.005,0.0,0.002,-0.0,-0.0,0.0,-0.12,-0.12,0.12,0.0,0.0,0.0,0.0,1.0
37939.0,-33.1408,-31.2459,1.2621,0.035,0.088,-0.061,0.004,-0.011,0.018,-0.0,-0.0,0.0,-0.12,-0.12,0.12,0.0,0.0,0.0,0.0,1.0
37947.0,-33.1399,-31.2446,1.2617,-0.249,0.091,0.115,-0.014,-0.005,0.003,-0.0,-0.0,0.0,-0.12,-0.12,0.12,0.0,0.0,0.0,0.0,1.0
37954.0,-33.1425,-31.2453,1.2601,0.006,0.036,0.232,0.002,-0.003,-0.004,-0.0,-0.0,0.0,-0.12,-0.12,0.12,0.0,0.0,0.0,0.0,1.0
37962.0,-33.1442,-31.2471,1.2604,0.07,-0.007,0.104,-0.002,0.017,0.009,-0.0,-0.0,0.0,-0.12,-0.12,0.12,0.0,0.0,0.0,0.0,1.0
37970.0,-33.1444,-31.2476,1.2607,-0.235,-0.013,0.098,0.004,0.012,-0.0,-0.0,-0.0,0.0,-0.12,-0.12,0.12,0.0,0.0,0.0,0.0,1.0
37978.0,-33.1458,-31.2461,1.2579,-0.05,-0.009,0.015,0.002,0.013,-0.008,-0.0,-0.0,0.0,-0.12,-0.12,0.12,0.0,0.0,0.0,0.0,1.0
37986.0,-33.1453,-31.2465,1.2587,-0.156,-0.158,-0.047,-0.001,0.025,0.007,-0.0,-0.0,0.0,-0.12,-0.12,0.12,0.0,0.0,0.0,0.0,1.0
37993.0,-33.1438,-31.2444,1.2581,0.035,0.045,-0.018,-0.005,0.012,0.009,-0.0,-0.0,0.0,-0.12,-0.12,0.12,0.0,0.0,0.0,0.0,1.0
38001.0,-33.1451,-31.2421,1.2547,0.12,0.013,0.036,-0.002,0.009,-0.009,-0.0,-0.0,0.0,-0.12,-0.12,0.12,0.0,0.0,0.0,0.0,1.0
38009.0,-33.1428,-31.2435,1.2581,0.106,0.072,0.096,-0.006,-0.016,-0.004,-0.0,-0.0,0.0,-0.12,-0.12,0.12,0.0,0.0,0.0,0.0,1.0
38017.0,-33.1449,-31.2458,1.2585,-0.0,-0.034,-0.01,-0.014,-0.01,0.008,-0.0,-0.0,0.0,-0.12,-0.12,0.12,0.0,0.0,0.0,0.0,1.0
38024.0,-33.144,-31.2459,1.2594,-0.079,-0.018,0.265,0.005,-0.028,-0.007,-0.0,-0.0,0.0,-0.12,-0.12,0.12,0.0,0.0,0.0,0.0,1.0
38032.0,-33.1458,-31.2459,1.2578,-0.185,0.006,0.03,0.007,-0.022,-0.003,-0.0,-0.0,0.0,-0.12,-0.12,0.12,0.0,0.0,0.0,0.0,1.0
38040.0,-33.1459,-31.2479,1.2597,-0.036,-0.069,-0.045,0.006,-0.021,-0.007,-0.0,-0.0,0.0,-0.12,-0.12,0.12,0.0,0.0,0.0,0.0,1.0
38048.0,-33.1455,-31.2486,1.2607,0.12,-0.032,0.079,0.0,-0.014,0.008,-0.0,-0.0,0.0,-0.12,-0.12,0.12,0.0,0.0,0.0,0.0,1.0
38056.0,-33.1447,-31.2503,1.2631,0.064,-0.163,-0.052,0.005,-0.008,0.005,-0.0,-0.0,0.0,-0.12,-0.12,0.12,0.0,0.0,0.0,0.0,1.0
38063.0,-33.1445,-31.2498,1.2627,-0.03,-0.0,0.197,-0.008,-0.006,-0.001,-0.0,-0.0,0.0,-0.12,-0.12,0.12,0.0,0.0,0.0,0.0,1.0
38071.0,-33.1431,-31.2512,1.2653,0.19,0.124,0.063,-0.012,-0.002,0.008,-0.0,-0.0,0.0,-0.12,-0.12,0.12,0.0,0.0,0.0,0.0,1.0
38079.0,-33.146,-31.2489,1.2605,-0.065,0.094,0.032,-0.006,0.008,-0.001,-0.0,-0.0,0.0,-0.12,-0.12,0.12,0.0,0.0,0.0,0.0,1.0
38087.0,-33.1437,-31.2495,1.2632,-0.03,0.042,0.154,-0.004,0.031,0.004,-0.0,-0.0,0.0,-0.12,-0.12,0.12,0.0,0.0,0.0,0.0,1.0
38094.0,-33.1436,-31.2478,1.2615,-0.291,-0.144,-0.033,-0.004,0.04,0.001,-0.0,-0.0,0.0,-0.12,-0.12,0.12,0.0,0.0,0.0,0.0,1.0
38102.0,-33.1434,-31.2457,1.2597,0.05,0.071,-0.164,-0.002,0.038,-0.015,-0.0,-0.0,0.0,-0.12,-0.12,0.12,0.0,0.0,0.0,0.0,1.0
38110.0,-33.1436,-31.2442,1.2581,0.05,-0.015,-0.078,-0.001,0.037,0.0,-0.0,-0.0,0.0,-0.12,-0.12,0.12,0.0,0.0,0.0,0.0,1.0
38118.0,-33.1442,-31.2429,1.2562,0.02,0.105,0.042,0.001,0.031,-0.007,-0.0,-0.0,0.0,-0.12,-0.12,0.12,0.0,0.0,0.0,0.0,1.0
38125.0,-33.1472,-31.243,1.2537,0.049,-0.101,0.008,0.006,0.0,0.01,-0.0,-0.0,0.0,-0.12,-0.12,0.12,0.0,0.0,0.0,0.0,1.0
38133.0,-33.1488,-31.2448,1.254,0.055,0.097,0.121,-0.003,-0.002,0.002,-0.0,-0.0,0.0,-0.12,-0.12,0.12,0.0,0.0,0.0,0.0,1.0
38141.0,-33.147,-31.2459,1.2567,0.084,-0.067,0.044,0.001,-0.009,-0.005,-0.0,-0.0,0.0,-0.12,-0.12,0.12,0.0,0.0,0.0,0.0,1.0
38148.0,-33.1457,-31.2457,1.2576,0.134,-0.135,0.062,-0.017,-0.035,0.009,-0.0,-0.0,0.0,-0.12,-0.12,0.12,0.0,0.0,0.0,0.0,1.0
38156.0,-33.1429,-31.2468,1.2612,0.02,0.018,0.129,-0.009,-0.03,0.003,-0.0,-0.0,0.0,-0.12,-0.12,0.12,0.0,0.0,0.0,0.0,1.0
38164.0,-33.1414,-31.2474,1.2631,0.035,0.087,-0.061,-0.012,-0.036,-0.009,-0.0,-0.0,0.0,-0.12,-0.12,0.12,0.0,0.0,0.0,0.0,1.0
38172.0,-33.1404,-31.2475,1.2641,0.035,-0.042,0.069,0.019,-0.02,-0.001,-0.0,-0.0,0.0,-0.12,-0.12,0.12,0.0,0.0,0.0,0.0,1.0
38180.0,-33.14,-31.2469,1.2638,-0.079,0.068,0.179,0.019,-0.016,-0.001,-0.0,-0.0,0.0,-0.12,-0.12,0.12,0.0,0.0,0.0,0.0,1.0
38188.0,-33.1395,-31.2469,1.2643,0.121,0.141,-0.094,0.018,-0.012,0.005,-0.0,-0.0,0.0,-0.12,-0.12,0.12,0.0,0.0,0.0,0.0,1.0
38195.0,-33.1367,-31.2466,1.2664,0.101,-0.084,-0.06,0.027,0.019,-0.005,-0.0,-0.0,0.0,-0.12,-0.12,0.12,0.0,0.0,0.0,0.0,1.0
38203.0,-33.1351,-31.2445,1.2658,0.207,0.109,-0.04,0.02,0.023,-0.0,-0.0,-0.0,0.0,-0.12,-0.12,0.12,0.0,0.0,0.0,0.0,1.0
38211.0,-33.1342,-31.2452,1.2673,0.136,-0.178,0.105,0.022,0.019,0.01,-0.0,-0.0,0.0,-0.12,-0.12,0.12,0.0,0.0,0.0,0.0,1.0
38218.0,-33.1337,-31.2444,1.2669,0.066,-0.032,-0.181,0.018,0.015,0.001,0.0,-0.0,0.0,-0.12,-0.12,0.12,0.0,0.0,0.0,0.0,1.0
38226.0,-33.1316,-31.245,1.2694,0.037,0.045,-0.018,0.021,0.016,-0.007,0.0,-0.0,0.0,-0.12,-0.12,0.12,0.0,0.0,0.0,0.0,1.0
38234.0,-33.1318,-31.2452,1.2694,-0.028,0.13,0.067,0.016,0.011,-0.01,0.0,-0.0,0.0,-0.12,-0.12,0.12,0.0,0.0,0.0,0.0,1.0
38241.0,-33.1356,-31.2457,1.2666,-0.034,-0.112,-0.002,-0.007,-0.003,0.012,0.0,-0.0,0.0,-0.12,-0.12,0.12,0.0,0.0,0.0,0.0,1.0
38249.0,-33.1386,-31.2448,1.2631,-0.049,-0.009,0.015,-0.021,-0.003,0.005,0.0,-0.0,0.0,-0.12,-0.12,0.12,0.0,0.0,0.0,0.0,1.0
38257.0,-33.1353,-31.2448,1.2659,0.157,0.047,0.071,-0.014,-0.013,-0.002,0.0,-0.0,0.0,-0.12,-0.12,0.12,0.0,0.0,0.0,0.0,1.0
38265.0,-33.134,-31.2443,1.2666,0.022,-0.025,0.172,-0.024,-0.015,0.005,-0.0,-0.0,0.0,-0.12,-0.12,0.12,0.0,0.0,0.0,0.0,1.0
38273.0,-33.134,-31.242,1.2643,-0.134,-0.019,0.005,-0.004,-0.014,-0.013,-0.0,-0.0,0.0,-0.12,-0.12,0.12,0.0,0.0,0.0,0.0,1.0
38280.0,-33.1341,-31.2409,1.2633,0.066,-0.075,-0.138,-0.008,-0.007,-0.001,-0.0,-0.0,0.0,-0.12,-0.12,0.12,0.0,0.0,0.0,0.0,1.0
38288.0,-33.1324,-31.2422,1.266,-0.019,-0.215,-0.019,-0.002,-0.001,-0.01,-0.0,-0.0,0.0,-0.12,-0.12,0.12,0.0,0.0,0.0,0.0,1.0
38296.0,-33.1331,-31.2435,1.2666,0.037,0.002,0.025,0.006,-0.003,0.005,-0.0,-0.0,0.0,-0.12,-0.12,0.12,0.0,0.0,0.0,0.0,1.0
38303.0,-33.1307,-31.2455,1.2707,0.242,0.057,0.081,0.018,0.017,0.002,-0.0,-0.0,0.0,-0.12,-0.12,0.12,0.0,0.0,0.0,0.0,1.0
38311.0,-33.1313,-31.2445,1.2692,-0.013,0.027,0.05,0.016,0.019,-0.013,-0.0,-0.0,0.0,-0.12,-0.12,0.12,0.0,0.0,0.0,0.0,1.0
38319.0,-33.1318,-31.2442,1.2685,-0.248,0.134,0.072,0.024,0.022,0.005,0.0,-0.0,0.0,-0.12,-0.12,0.12,0.0,0.0,0.0,0.0,1.0
38327.0,-33.1318,-31.2427,1.267,-0.048,-0.008,0.015,0.021,0.012,0.0,0.0,-0.0,0.0,-0.12,-0.12,0.12,0.0,0.0,0.0,0.0,1.0
38335.0,-33.1296,-31.2402,1.2665,-0.062,0.009,0.118,0.011,0.018,0.001,0.0,-0.0,0.0,-0.12,-0.12,0.12,0.0,0.0,0.0,0.0,1.0
38342.0,-33.1295,-31.2432,1.2695,0.017,-0.137,-0.027,0.004,0.018,-0.001,0.0,-0.0,0.0,-0.12,-0.12,0.12,0.0,0.0,0.0,0.0,1.0
38350.0,-33.1323,-31.2434,1.2672,0.116,-0.186,-0.077,-0.022,0.004,0.002,0.0,-0.0,0.0,-0.12,-0.12,0.12,0.0,0.0,0.0,0.0,1.0
38358.0,-33.1347,-31.2455,1.2672,0.066,-0.032,-0.181,-0.026,0.006,0.004,0.0,-0.0,0.0,-0.12,-0.12,0.12,0.0,0.0,0.0,0.0,1.0
38365.0,-33.1359,-31.2468,1.2674,-0.12,0.05,-0.185,-0.028,-0.001,-0.007,-0.0,-0.0,0.0,-0.12,-0.12,0.12,0.0,0.0,0.0,0.0,1.0
38373.0,-33.1372,-31.2443,1.2638,-0.134,0.068,-0.081,-0.035,-0.006,-0.013,-0.0,-0.0,0.0,-0.12,-0.12,0.12,0.0,0.0,0.0,0.0,1.0
38381.0,-33.1369,-31.2458,1.2655,-0.014,-0.06,0.137,-0.024,-0.013,-0.007,-0.0,-0.0,0.0,-0.12,-0.12,0.12,0.0,0.0,0.0,0.0,1.0
38389.0,-33.1364,-31.2444,1.2646,0.015,-0.05,-0.113,-0.015,-0.037,0.001,-0.0,-0.0,0.0,-0.12,-0.12,0.12,0.0,0.0,0.0,0.0,1.0
38396.0,-33.1378,-31.2434,1.2624,0.007,0.122,0.146,0.008,-0.038,0.0,-0.0,-0.0,0.0,-0.12,-0.12,0.12,0.0,0.0,0.0,0.0,1.0
38405.0,-33.1381,-31.2419,1.2607,0.036,0.088,-0.061,0.018,-0.028,-0.005,-0.0,-0.0,0.0,-0.12,-0.12,0.12,0.0,0.0,0.0,0.0,1.0
38412.0,-33.1379,-31.2422,1.2611,-0.12,0.008,-0.142,0.02,-0.02,0.002,-0.0,-0.0,0.0,-0.12,-0.12,0.12,0.0,0.0,0.0,0.0,1.0
38420.0,-33.1379,-31.2418,1.2608,0.164,-0.168,-0.145,0.025,-0.019,-0.009,-0.0,-0.0,0.0,-0.12,-0.12,0.12,0.0,0.0,0.0,0.0,1.0
38428.0,-33.1362,-31.2437,1.2641,-0.064,0.052,0.075,0.014,-0.009,-0.001,-0.0,-0.0,0.0,-0.12,-0.12,0.12,0.0,0.0,0.0,0.0,1.0
38435.0,-33.1348,-31.2447,1.2663,0.065,-0.119,-0.095,0.019,0.007,0.001,0.0,-0.0,0.0,-0.12,-0.12,0.12,0.0,0.0,0.0,0.0,1.0
38443.0,-33.132,-31.2473,1.2713,0.051,0.07,-0.164,0.0,0.021,0.001,0.0,-0.0,0.0,-0.12,-0.12,0.12,0.0,0.0,0.0,0.0,1.0
38451.0,-33.1331,-31.2466,1.2697,-0.113,0.162,0.014,-0.016,0.022,0.002,0.0,-0.0,0.0,-0.12,-0.12,0.12,0.0,0.0,0.0,0.0,1.0
38459.0,-33.1357,-31.2456,1.2664,-0.064,0.051,0.075,-0.025,0.026,0.004,-0.0,-0.0,0.0,-0.12,-0.12,0.12,0.0,0.0,0.0,0.0,1.0
38466.0,-33.134,-31.2446,1.2669,-0.078,0.241,0.006,-0.031,0.025,0.007,-0.0,-0.0,0.0,-0.12,-0.12,0.12,0.0,0.0,0.0,0.0,1.0
38474.0,-33.1367,-31.2441,1.264,0.092,0.046,0.242,-0.023,0.016,0.009,-0.0,-0.0,0.0,-0.12,-0.12,0.12,0.0,0.0,0.0,0.0,1.0
38482.0,-33.1382,-31.2418,1.2605,-0.164,0.144,0.082,-0.009,0.013,0.004,-0.0,-0.0,0.0,-0.12,-0.12,0.12,0.0,0.0,0.0,0.0,1.0
38490.0,-33.1384,-31.2405,1.2591,0.22,-0.124,0.072,-0.012,0.01,0.01,-0.0,-0.0,0.0,-0.12,-0.12,0.12,0.0,0.0,0.0,0.0,1.0
38497.0,-33.138,-31.2393,1.2582,0.064,-0.247,0.035,-0.006,-0.009,-0.008,-0.0,-0.0,0.0,-0.12,-0.12,0.12,0.0,0.0,0.0,0.0,1.0
38505.0,-33.1386,-31.2407,1.2591,0.135,-0.134,0.062,0.002,0.001,-0.0,-0.0,-0.0,0.0,-0.12,-0.12,0.12,0.0,0.0,0.0,0.0,1.0
38513.0,-33.1371,-31.2433,1.2629,0.149,-0.151,-0.041,0.012,-0.021,0.009,-0.0,-0.0,0.0,-0.12,-0.12,0.12,0.0,0.0,0.0,0.0,1.0
38520.0,-33.1363,-31.2444,1.2646,0.22,-0.038,-0.014,0.012,0.0,-0.003,-0.0,-0.0,0.0,-0.12,-0.12,0.12,0.0,0.0,0.0,0.0,1.0
38528.0,-33.1359,-31.2458,1.2664,-0.0,-0.034,-0.01,0.022,0.002,0.003,-0.0,-0.0,0.0,-0.12,-0.12,0.12,0.0,0.0,0.0,0.0,1.0
38536.0,-33.1346,-31.2465,1.2682,-0.035,0.017,-0.131,0.029,-0.007,-0.003,-0.0,-0.0,0.0,-0.12,-0.12,0.12,0.0,0.0,0.0,0.0,1.0
38544.0,-33.1351,-31.2462,1.2675,-0.185,0.135,-0.1,0.008,0.01,-0.0,-0.0,-0.0,0.0,-0.12,-0.12,0.12,0.0,0.0,0.0,0.0,1.0
38552.0,-33.1344,-31.243,1.265,0.006,0.165,0.103,0.006,0.004,0.004,-0.0,-0.0,0.0,-0.12,-0.12,0.12,0.0,0.0,0.0,0.0,1.0
38559.0,-33.1347,-31.2391,1.261,0.056,-0.118,0.337,-0.004,0.001,-0.006,-0.0,-0.0,0.0,-0.12,-0.12,0.12,0.0,0.0,0.0,0.0,1.0
38567.0,-33.1374,-31.2402,1.2596,-0.05,0.078,-0.071,-0.021,0.002,0.007,-0.0,-0.0,0.0,-0.12,-0.12,0.12,0.0,0.0,0.0,0.0,1.0
38575.0,-33.1357,-31.2377,1.2587,0.014,0.037,-0.199,-0.027,0.003,-0.001,-0.0,-0.0,0.0,-0.12,-0.12,0.12,0.0,0.0,0.0,0.0,1.0
38583.0,-33.1341,-31.2425,1.2648,0.235,-0.098,-0.074,-0.034,0.004,0.007,-0.0,-0.0,0.0,-0.12,-0.12,0.12,0.0,0.0,0.0,0.0,1.0
38590.0,-33.1361,-31.2425,1.263,0.035,-0.041,0.069,-0.017,0.005,0.01,-0.0,-0.0,0.0,-0.12,-0.12,0.12,0.0,0.0,0.0,0.0,1.0
38598.0,-33.1377,-31.2451,1.2641,-0.171,-0.054,-0.03,-0.005,0.006,0.001,-0.0,-0.0,0.0,-0.12,-0.12,0.12,0.0,0.0,0.0,0.0,1.0
38606.0,-33.1383,-31.2424,1.261,-0.3,0.159,0.097,0.004,-0.015,0.004,-0.0,-0.0,0.0,-0.12,-0.12,0.12,0.0,0.0,0.0,0.0,1.0
38614.0,-33.1398,-31.241,1.2583,-0.08,0.026,0.222,0.027,-0.015,0.003,-0.0,-0.0,0.0,-0.12,-0.12,0.12,0.0,0.0,0.0,0.0,1.0
38622.0,-33.1396,-31.2404,1.2579,0.034,0.045,-0.018,0.033,-0.021,-0.003,-0.0,-0.0,0.0,-0.12,-0.12,0.12,0.0,0.0,0.0,0.0,1.0
38629.0,-33.1381,-31.2412,1.26,-0.05,-0.051,0.058,0.029,-0.013,0.008,-0.0,-0.0,0.0,-0.12,-0.12,0.12,0.0,0.0,0.0,0.0,1.0
38637.0,-33.1391,-31.2405,1.2585,0.049,-0.058,-0.035,0.024,-0.019,-0.002,-0.0,-0.0,0.0,-0.12,-0.12,0.12,0.0,0.0,0.0,0.0,1.0
38645.0,-33.1373,-31.2381,1.2577,-0.05,0.036,-0.028,0.027,-0.002,0.01,0.0,-0.0,0.0,-0.12,-0.12,0.12,0.0,0.0,0.0,0.0,1.0
38653.0,-33.1346,-31.2393,1.2612,0.17,0.118,-0.119,0.027,-0.019,-0.001,0.0,-0.0,0.0,-0.12,-0.12,0.12,0.0,0.0,0.0,0.0,1.0
38660.0,-33.1329,-31.2385,1.2619,-0.035,-0.024,-0.088,0.015,-0.008,-0.01,0.0,-0.0,0.0,-0.12,-0.12,0.12,0.0,0.0,0.0,0.0,1.0
38668.0,-33.1345,-31.2413,1.2633,-0.184,-0.037,0.073,-0.003,-0.014,-0.005,0.0,-0.0,0.0,-0.12,-0.12,0.12,0.0,0.0,0.0,0.0,1.0
38676.0,-33.1348,-31.2419,1.2635,0.006,0.209,0.059,-0.015,0.007,0.012,0.0,-0.0,0.0,-0.12,-0.12,0.12,0.0,0.0,0.0,0.0,1.0
38684.0,-33.1342,-31.2425,1.2647,0.056,0.054,0.164,-0.031,-0.002,0.002,-0.0,-0.0,0.0,-0.12,-0.12,0.12,0.0,0.0,0.0,0.0,1.0
38692.0,-33.1343,-31.2431,1.2651,0.135,-0.048,-0.024,-0.034,0.015,-0.0,-0.0,-0.0,0.0,-0.12,-0.12,0.12,0.0,0.0,0.0,0.0,1.0
38699.0,-33.1358,-31.2409,1.2618,0.0,0.097,-0.139,-0.04,0.036,0.006,-0.0,-0.0,0.0,-0.12,-0.12,0.12,0.0,0.0,0.0,0.0,1.0
38707.0,-33.1336,-31.2397,1.2625,0.065,0.055,-0.268,-0.033,0.042,0.004,-0.0,-0.0,0.0,-0.12,-0.12,0.12,0.0,0.0,0.0,0.0,1.0
38715.0,-33.1333,-31.2416,1.2646,0.015,-0.093,-0.07,-0.031,0.048,-0.005,-0.0,-0.0,0.0,-0.12,-0.12,0.12,0.0,0.0,0.0,0.0,1.0
38722.0,-33.135,-31.2385,1.26,0.006,0.166,0.103,-0.011,0.023,-0.003,-0.0,-0.0,0.0,-0.12,-0.12,0.12,0.0,0.0,0.0,0.0,1.0
38730.0,-33.1336,-31.2374,1.2602,0.021,0.063,0.086,0.01,0.006,-0.008,-0.0,-0.0,0.0,-0.12,-0.12,0.12,0.0,0.0,0.0,0.0,1.0
38738.0,-33.1322,-31.2351,1.2592,0.171,0.075,-0.076,0.014,0.003,0.0,-0.0,-0.0,0.0,-0.12,-0.12,0.12,0.0,0.0,0.0,0.0,1.0
38746.0,-33.1324,-31.2355,1.2594,0.015,-0.135,-0.027,0.024,-0.002,0.001,-0.0,-0.0,0.0,-0.12,-0.12,0.12,0.0,0.0,0.0,0.0,1.0
38753.0,-33.1339,-31.2357,1.2583,-0.184,0.051,-0.013,0.029,-0.022,-0.0,-0.0,-0.0,0.0,-0.12,-0.12,0.12,0.0,0.0,0.0,0.0,1.0
38762.0,-33.1325,-31.2372,1.261,0.206,0.024,0.046,0.027,-0.013,-0.003,-0.0,-0.0,0.0,-0.12,-0.12,0.12,0.0,0.0,0.0,0.0,1.0
38769.0,-33.1303,-31.2359,1.2617,0.051,0.03,-0.121,0.02,-0.024,0.005,-0.0,-0.0,0.0,-0.12,-0.12,0.12,0.0,0.0,0.0,0.0,1.0
38777.0,-33.1279,-31.2381,1.2659,0.101,-0.211,0.07,0.027,-0.021,0.011,0.0,-0.0,0.0,-0.12,-0.12,0.12,0.0,0.0,0.0,0.0,1.0
38785.0,-33.1266,-31.2398,1.2688,-0.027,0.131,0.067,0.021,-0.001,0.003,0.0,-0.0,0.0,-0.12,-0.12,0.12,0.0,0.0,0.0,0.0,1.0
38792.0,-33.1249,-31.2413,1.2717,0.066,-0.118,-0.095,-0.002,0.008,0.002,0.0,-0.0,0.0,-0.12,-0.12,0.12,0.0,0.0,0.0,0.0,1.0
38800.0,-33.1249,-31.242,1.2724,-0.048,-0.051,0.058,-0.008,0.006,-0.0,0.0,-0.0,0.0,-0.12,-0.12,0.12,0.0,0.0,0.0,0.0,1.0
38808.0,-33.1263,-31.2409,1.2701,-0.183,0.266,-0.229,-0.03,0.013,0.013,-0.0,-0.0,0.0,-0.12,-0.12,0.12,0.0,0.0,0.0,0.0,1.0
38815.0,-33.1272,-31.2406,1.269,0.087,-0.022,0.001,-0.025,0.018,-0.001,-0.0,-0.0,0.0,-0.12,-0.12,0.12,0.0,0.0,0.0,0.0,1.0
38823.0,-33.1292,-31.2394,1.266,-0.148,0.085,0.022,-0.029,0.026,0.002,-0.0,-0.0,0.0,-0.12,-0.12,0.12,0.0,0.0,0.0,0.0,1.0
38831.0,-33.131,-31.2409,1.2659,-0.134,-0.062,0.048,-0.023,0.028,0.002,-0.0,-0.0,0.0,-0.12,-0.12,0.12,0.0,0.0,0.0,0.0,1.0
38839.0,-33.1324,-31.2441,1.2678,0.086,-0.066,0.044,-0.016,0.03,0.007,-0.0,-0.0,0.0,-0.12,-0.12,0.12,0.0,0.0,0.0,0.0,1.0
38846.0,-33.1328,-31.2429,1.2663,-0.12,-0.079,-0.055,-0.016,0.03,-0.005,-0.0,-0.0,0.0,-0.12,-0.12,0.12,0.0,0.0,0.0,0.0,1.0
38854.0,-33.132,-31.242,1.2661,0.206,0.066,0.003,-0.01,0.01,-0.006,-0.0,-0.0,0.0,-0.12,-0.12,0.12,0.0,0.0,0.0,0.0,1.0
38862.0,-33.1305,-31.2418,1.2673,0.036,-0.041,0.069,0.002,-0.003,0.001,-0.0,-0.0,0.0,-0.12,-0.12,0.12,0.0,0.0,0.0,0.0,1.0
38869.0,-33.1324,-31.2402,1.264,0.156,-0.038,0.157,0.018,-0.027,-0.004,-0.0,-0.0,0.0,-0.12,-0.12,0.12,0.0,0.0,0.0,0.0,1.0
38877.0,-33.1333,-31.2385,1.2615,-0.149,0.172,-0.065,0.032,-0.031,0.007,-0.0,-0.0,0.0,-0.12,-0.12,0.12,0.0,0.0,0.0,0.0,1.0
38885.0,-33.1329,-31.2383,1.2617,0.065,-0.247,0.035,0.019,-0.035,-0.007,-0.0,-0.0,0.0,-0.12,-0.12,0.12,0.0,0.0,0.0,0.0,1.0
38893.0,-33.1336,-31.2378,1.2606,0.1,-0.212,0.07,0.026,-0.038,-0.006,-0.0,-0.0,0.0,-0.12,-0.12,0.12,0.0,0.0,0.0,0.0,1.0
38901.0,-33.1346,-31.2363,1.2583,0.0,-0.032,-0.01,0.009,-0.02,0.003,-0.0,-0.0,0.0,-0.12,-0.12,0.12,0.0,0.0,0.0,0.0,1.0
38908.0,-33.1339,-31.2383,1.2608,0.015,-0.093,-0.07,0.004,-0.009,0.001,-0.0,-0.0,0.0,-0.12,-0.12,0.12,0.0,0.0,0.0,0.0,1.0
38916.0,-33.1313,-31.2423,1.267,0.071,0.037,0.061,0.005,-0.017,0.004,-0.0,-0.0,0.0,-0.12,-0.12,0.12,0.0,0.0,0.0,0.0,1.0
38924.0,-33.1291,-31.2435,1.2701,0.136,-0.134,0.062,-0.007,-0.001,0.014,-0.0,-0.0,0.0,-0.12,-0.12,0.12,0.0,0.0,0.0,0.0,1.0
38931.0,-33.1294,-31.2418,1.2682,0.221,0.049,-0.1,0.004,0.027,-0.007,-0.0,-0.0,0.0,-0.12,-0.12,0.12,0.0,0.0,0.0,0.0,1.0
38939.0,-33.1293,-31.2421,1.2686,-0.213,0.17,0.107,0.01,0.036,0.002,-0.0,-0.0,0.0,-0.12,-0.12,0.12,0.0,0.0,0.0,0.0,1.0
38947.0,-33.1303,-31.2426,1.2682,0.001,0.096,-0.139,0.008,0.026,0.016,-0.0,-0.0,0.0,-0.12,-0.12,0.12,0.0,0.0,0.0,0.0,1.0
38955.0,-33.132,-31.2423,1.2664,0.057,0.184,0.035,-0.0,0.029,0.002,-0.0,-0.0,0.0,-0.12,-0.12,0.12,0.0,0.0,0.0,0.0,1.0
38963.0,-33.1344,-31.245,1.2669,-0.099,0.016,0.04,0.002,0.019,0.003,-0.0,-0.0,0.0,-0.12,-0.12,0.12,0.0,0.0,0.0,0.0,1.0
38970.0,-33.135,-31.2456,1.2669,-0.099,0.102,-0.046,0.003,0.014,-0.012,-0.0,-0.0,0.0,-0.12,-0.12,0.12,0.0,0.0,0.0,0.0,1.0
38978.0,-33.1356,-31.2424,1.2633,0.056,0.183,0.035,-0.004,0.003,-0.002,-0.0,-0.0,0.0,-0.12,-0.12,0.12,0.0,0.0,0.0,0.0,1.0
38986.0,-33.1337,-31.2439,1.2665,0.0,-0.12,0.077,0.008,-0.002,0.002,-0.0,-0.0,0.0,-0.12,-0.12,0.12,0.0,0.0,0.0,0.0,1.0
38994.0,-33.133,-31.2464,1.2695,0.135,-0.092,0.019,-0.001,0.001,-0.0,-0.0,-0.0,0.0,-0.12,-0.12,0.12,0.0,0.0,0.0,0.0,1.0
39001.0,-33.1322,-31.2464,1.2703,0.071,0.079,0.018,0.007,-0.013,0.005,-0.0,-0.0,0.0,-0.12,-0.12,0.12,0.0,0.0,0.0,0.0,1.0
39009.0,-33.1316,-31.2466,1.271,-0.049,-0.053,0.058,-0.006,-0.025,-0.002,-0.0,-0.0,0.0,-0.12,-0.12,0.12,0.0,0.0,0.0,0.0,1.0
39017.0,-33.1325,-31.2467,1.2703,-0.199,0.152,0.004,0.002,-0.021,-0.009,-0.0,-0.0,0.0,-0.12,-0.12,0.12,0.0,0.0,0.0,0.0,1.0
39025.0,-33.1317,-31.2452,1.2696,0.007,0.164,0.103,0.018,-0.006,0.002,-0.0,-0.0,0.0,-0.12,-0.12,0.12,0.0,0.0,0.0,0.0,1.0
39033.0,-33.1333,-31.245,1.2679,0.1,0.002,-0.146,0.003,-0.009,-0.007,-0.0,-0.0,0.0,-0.12,-0.12,0.12,0.0,0.0,0.0,0.0,1.0
39040.0,-33.1331,-31.245,1.2681,0.071,0.079,0.018,0.004,0.003,-0.011,0.0,-0.0,0.0,-0.12,-0.12,0.12,0.0,0.0,0.0,0.0,1.0
39048.0,-33.1317,-31.2448,1.2692,0.156,-0.04,0.157,-0.011,0.017,0.006,-0.0,-0.0,0.0,-0.12,-0.12,0.12,0.0,0.0,0.0,0.0,1.0
39056.0,-33.1296,-31.2484,1.2745,0.107,0.114,0.053,-0.017,0.032,0.001,-0.0,-0.0,0.0,-0.12,-0.12,0.12,0.0,0.0,0.0,0.0,1.0
39063.0,-33.1282,-31.2467,1.2741,-0.134,0.023,-0.038,-0.025,0.029,0.0,-0.0,-0.0,0.0,-0.12,-0.12,0.12,0.0,0.0,0.0,0.0,1.0
39071.0,-33.1288,-31.2466,1.2734,-0.084,0.084,-0.15,-0.029,0.024,0.002,-0.0,-0.0,0.0,-0.12,-0.12,0.12,0.0,0.0,0.0,0.0,1.0
39079.0,-33.1316,-31.2467,1.271,-0.149,0.169,-0.064,-0.019,0.011,-0.002,-0.0,-0.0,0.0,-0.12,-0.12,0.12,0.0,0.0,0.0,0.0,1.0
39087.0,-33.1318,-31.2453,1.2696,0.156,0.089,0.028,-0.034,0.005,-0.001,-0.0,-0.0,0.0,-0.12,-0.12,0.12,0.0,0.0,0.0,0.0,1.0
39094.0,-33.136,-31.2426,1.2632,-0.15,-0.089,0.194,-0.015,-0.001,0.006,-0.0,-0.0,0.0,-0.12,-0.12,0.12,0.0,0.0,0.0,0.0,1.0
39102.0,-33.1361,-31.2403,1.2608,-0.05,0.035,-0.028,-0.005,-0.007,0.0,-0.0,-0.0,0.0,-0.12,-0.12,0.12,0.0,0.0,0.0,0.0,1.0
39110.0,-33.1354,-31.2411,1.2622,0.149,-0.238,0.045,0.017,-0.018,-0.002,-0.0,-0.0,0.0,-0.12,-0.12,0.12,0.0,0.0,0.0,0.0,1.0
39118.0,-33.1334,-31.2415,1.2644,0.185,-0.245,0.123,0.039,-0.03,0.002,-0.0,-0.0,0.0,-0.12,-0.12,0.12,0.0,0.0,0.0,0.0,1.0
39125.0,-33.1333,-31.241,1.2641,0.05,0.028,-0.121,0.042,-0.022,-0.002,-0.0,-0.0,0.0,-0.12,-0.12,0.12,0.0,0.0,0.0,0.0,1.0
39133.0,-33.1318,-31.2413,1.2656,0.044,-0.17,-0.233,0.049,-0.019,0.016,-0.0,-0.0,0.0,-0.12,-0.12,0.12,0.0,0.0,0.0,0.0,1.0
39141.0,-33.1293,-31.2414,1.2679,-0.169,-0.011,-0.074,0.052,-0.014,0.006,0.0,-0.0,0.0,-0.12,-0.12,0.12,0.0,0.0,0.0,0.0,1.0
39149.0,-33.1274,-31.2397,1.268,-0.098,0.06,-0.003,0.035,-0.01,0.016,0.0,-0.0,0.0,-0.12,-0.12,0.12,0.0,0.0,0.0,0.0,1.0
39156.0,-33.1264,-31.242,1.2711,-0.283,0.185,-0.05,0.025,-0.007,-0.013,0.0,-0.0,0.0,-0.12,-0.12,0.12,0.0,0.0,0.0,0.0,1.0
39164.0,-33.1251,-31.2412,1.2714,0.023,0.148,-0.001,0.009,0.012,0.005,0.0,-0.0,0.0,-0.12,-0.12,0.12,0.0,0.0,0.0,0.0,1.0
39172.0,-33.1252,-31.2379,1.2681,-0.048,0.078,-0.071,-0.013,0.009,0.004,0.0,-0.0,0.0,-0.12,-0.12,0.12,0.0,0.0,0.0,0.0,1.0
39180.0,-33.1278,-31.2385,1.2665,0.051,-0.015,-0.078,-0.035,0.017,-0.003,0.0,-0.0,0.0,-0.12,-0.12,0.12,0.0,0.0,0.0,0.0,1.0
39187.0,-33.1281,-31.2389,1.2665,-0.239,-0.081,-0.144,-0.053,0.012,-0.001,0.0,-0.0,0.0,-0.12,-0.12,0.12,0.0,0.0,0.0,0.0,1.0
39195.0,-33.127,-31.2401,1.2687,0.172,-0.056,0.054,-0.04,0.004,0.003,-0.0,-0.0,0.0,-0.12,-0.12,0.12,0.0,0.0,0.0,0.0,1.0
39203.0,-33.1277,-31.2406,1.2686,0.122,-0.031,0.079,-0.06,0.003,0.001,-0.0,-0.0,0.0,-0.12,-0.12,0.12,0.0,0.0,0.0,0.0,1.0
39211.0,-33.1279,-31.2422,1.2699,-0.084,0.086,-0.15,-0.039,-0.018,0.004,-0.0,-0.0,0.0,-0.12,-0.12,0.12,0.0,0.0,0.0,0.0,1.0
39219.0,-33.1299,-31.2428,1.2688,0.022,0.062,0.086,-0.038,-0.027,0.004,-0.0,-0.0,0.0,-0.12,-0.12,0.12,0.0,0.0,0.0,0.0,1.0
39227.0,-33.1304,-31.2443,1.2698,-0.113,0.076,0.1,-0.013,-0.036,-0.007,-0.0,-0.0,0.0,-0.12,-0.12,0.12,0.0,0.0,0.0,0.0,1.0
39234.0,-33.1309,-31.2448,1.2698,0.121,0.098,-0.051,0.004,-0.024,-0.004,-0.0,-0.0,0.0,-0.12,-0.12,0.12,0.0,0.0,0.0,0.0,1.0
39242.0,-33.1299,-31.2464,1.2722,-0.134,0.196,-0.211,0.011,-0.033,-0.007,-0.0,-0.0,0.0,-0.12,-0.12,0.12,0.0,0.0,0.0,0.0,1.0
39250.0,-33.1281,-31.2449,1.2724,0.107,0.072,0.096,0.044,-0.014,-0.003,-0.0,-0.0,0.0,-0.12,-0.12,0.12,0.0,0.0,0.0,0.0,1.0
39257.0,-33.1254,-31.246,1.2758,0.102,0.002,-0.146,0.053,-0.003,-0.009,-0.0,-0.0,0.0,-0.12,-0.12,0.12,0.0,0.0,0.0,0.0,1.0
39265.0,-33.1268,-31.2443,1.2729,0.107,-0.015,0.182,0.061,0.01,0.001,-0.0,-0.0,0.0,-0.12,-0.12,0.12,0.0,0.0,0.0,0.0,1.0
39273.0,-33.1275,-31.244,1.2721,-0.069,-0.148,-0.037,0.045,0.02,-0.002,0.0,-0.0,0.0,-0.12,-0.12,0.12,0.0,0.0,0.0,0.0,1.0
39281.0,-33.1271,-31.2442,1.2725,-0.083,-0.044,-0.02,0.037,0.017,0.006,0.0,-0.0,0.0,-0.12,-0.12,0.12,0.0,0.0,0.0,0.0,1.0
39289.0,-33.1269,-31.243,1.2716,0.002,0.096,-0.139,0.028,0.019,0.007,0.0,-0.0,0.0,-0.12,-0.12,0.12,0.0,0.0,0.0,0.0,1.0
39296.0,-33.1295,-31.2424,1.2687,-0.154,-0.071,-0.134,0.003,0.007,-0.004,0.0,-0.0,0.0,-0.12,-0.12,0.12,0.0,0.0,0.0,0.0,1.0
39304.0,-33.1319,-31.2413,1.2656,0.001,-0.12,0.077,-0.014,0.01,-0.007,0.0,-0.0,0.0,-0.12,-0.12,0.12,0.0,0.0,0.0,0.0,1.0
39312.0,-33.1327,-31.2421,1.2656,0.071,0.08,0.018,-0.031,0.011,-0.007,0.0,-0.0,0.0,-0.12,-0.12,0.12,0.0,0.0,0.0,0.0,1.0
39320.0,-33.1323,-31.2434,1.2672,-0.005,-0.146,-0.208,-0.05,-0.015,-0.002,0.0,-0.0,0.0,-0.12,-0.12,0.12,0.0,0.0,0.0,0.0,1.0
39327.0,-33.1344,-31.2434,1.2654,0.065,-0.119,-0.095,-0.055,0.003,-0.003,-0.0,-0.0,0.0,-0.12,-0.12,0.12,0.0,0.0,0.0,0.0,1.0
39335.0,-33.1346,-31.2433,1.2651,0.05,-0.102,0.008,-0.052,-0.008,-0.002,-0.0,-0.0,0.0,-0.12,-0.12,0.12,0.0,0.0,0.0,0.0,1.0
39343.0,-33.1354,-31.2423,1.2635,0.191,-0.047,0.236,-0.044,-0.002,0.002,-0.0,-0.0,0.0,-0.12,-0.12,0.12,0.0,0.0,0.0,0.0,1.0
39351.0,-33.1343,-31.2434,1.2654,0.0,-0.163,0.12,-0.018,-0.006,-0.011,-0.0,-0.0,0.0,-0.12,-0.12,0.12,0.0,0.0,0.0,0.0,1.0
39359.0,-33.133,-31.2418,1.2651,0.021,0.278,-0.13,0.004,-0.006,0.0,-0.0,-0.0,0.0,-0.12,-0.12,0.12,0.0,0.0,0.0,0.0,1.0
39366.0,-33.134,-31.2426,1.265,-0.17,-0.054,-0.03,0.038,0.006,0.001,-0.0,-0.0,0.0,-0.12,-0.12,0.12,0.0,0.0,0.0,0.0,1.0
39374.0,-33.1333,-31.2423,1.2653,0.171,0.03,-0.032,0.049,0.002,-0.004,-0.0,-0.0,0.0,-0.12,-0.12,0.12,0.0,0.0,0.0,0.0,1.0
39382.0,-33.1345,-31.2404,1.2624,0.05,0.028,-0.121,0.043,0.007,0.011,-0.0,-0.0,0.0,-0.12,-0.12,0.12,0.0,0.0,0.0,0.0,1.0
39389.0,-33.1327,-31.2394,1.263,0.115,-0.143,-0.12,0.03,0.02,0.004,-0.0,-0.0,0.0,-0.12,-0.12,0.12,0.0,0.0,0.0,0.0,1.0
39397.0,-33.1332,-31.2418,1.2649,-0.325,-0.135,-0.111,0.029,0.008,0.002,0.0,-0.0,0.0,-0.12,-0.12,0.12,0.0,0.0,0.0,0.0,1.0
39405.0,-33.1335,-31.2425,1.2653,0.021,-0.024,0.172,0.017,0.014,-0.002,0.0,-0.0,0.0,-0.12,-0.12,0.12,0.0,0.0,0.0,0.0,1.0
39413.0,-33.1343,-31.2439,1.266,0.0,-0.077,0.033,0.008,-0.007,-0.005,0.0,-0.0,0.0,-0.12,-0.12,0.12,0.0,0.0,0.0,0.0,1.0
39421.0,-33.1388,-31.2419,1.26,-0.1,0.103,-0.046,-0.019,-0.026,0.007,0.0,-0.0,0.0,-0.12,-0.12,0.12,0.0,0.0,0.0,0.0,1.0
39429.0,-33.1406,-31.2406,1.2572,0.119,-0.074,0.122,-0.028,-0.03,-0.006,0.0,-0.0,0.0,-0.12,-0.12,0.12,0.0,0.0,0.0,0.0,1.0
39436.0,-33.1411,-31.2399,1.2561,-0.016,0.157,-0.079,-0.03,-0.025,-0.006,-0.0,-0.0,0.0,-0.12,-0.12,0.12,0.0,0.0,0.0,0.0,1.0
39444.0,-33.1422,-31.2416,1.2568,-0.001,0.01,-0.053,-0.037,-0.023,-0.005,-0.0,-0.0,0.0,-0.12,-0.12,0.12,0.0,0.0,0.0,0.0,1.0
39452.0,-33.1422,-31.2395,1.2547,0.104,0.03,0.139,-0.042,-0.015,-0.012,-0.0,-0.0,0.0,-0.12,-0.12,0.12,0.0,0.0,0.0,0.0,1.0
39459.0,-33.1428,-31.2368,1.2515,-0.031,0.045,0.154,-0.02,0.004,0.001,-0.0,-0.0,0.0,-0.12,-0.12,0.12,0.0,0.0,0.0,0.0,1.0
39467.0,-33.1419,-31.238,1.2536,0.063,-0.247,0.035,-0.02,0.003,0.007,-0.0,-0.0,0.0,-0.12,-0.12,0.12,0.0,0.0,0.0,0.0,1.0
39475.0,-33.1411,-31.2392,1.2554,0.078,-0.134,-0.198,-0.013,0.016,0.009,-0.0,-0.0,0.0,-0.12,-0.12,0.12,0.0,0.0,0.0,0.0,1.0
39483.0,-33.1416,-31.2418,1.2575,0.219,-0.123,0.072,0.007,0.009,-0.013,-0.0,-0.0,0.0,-0.12,-0.12,0.12,0.0,0.0,0.0,0.0,1.0
39491.0,-33.1424,-31.2441,1.259,-0.136,-0.062,0.048,0.019,0.009,-0.001,-0.0,-0.0,0.0,-0.12,-0.12,0.12,0.0,0.0,0.0,0.0,1.0
39499.0,-33.1421,-31.243,1.2582,-0.18,0.162,0.185,0.028,0.01,-0.003,-0.0,-0.0,0.0,-0.12,-0.12,0.12,0.0,0.0,0.0,0.0,1.0
39507.0,-33.1427,-31.2427,1.2574,-0.045,0.018,0.3,0.025,0.017,0.007,-0.0,-0.0,0.0,-0.12,-0.12,0.12,0.0,0.0,0.0,0.0,1.0
39514.0,-33.1395,-31.2404,1.258,0.035,-0.084,0.112,0.024,0.013,-0.002,-0.0,-0.0,0.0,-0.12,-0.12,0.12,0.0,0.0,0.0,0.0,1.0
39522.0,-33.1381,-31.2401,1.2589,-0.03,0.088,0.111,0.028,0.016,-0.003,-0.0,-0.0,0.0,-0.12,-0.12,0.12,0.0,0.0,0.0,0.0,1.0
39530.0,-33.1383,-31.2412,1.2598,0.325,-0.061,0.221,0.012,0.008,-0.001,-0.0,-0.0,0.0,-0.12,-0.12,0.12,0.0,0.0,0.0,0.0,1.0
39537.0,-33.139,-31.24,1.258,0.049,-0.1,0.008,0.03,-0.014,0.008,-0.0,-0.0,0.0,-0.12,-0.12,0.12,0.0,0.0,0.0,0.0,1.0
39545.0,-33.1368,-31.2407,1.2606,0.085,0.151,-0.172,-0.007,-0.024,0.001,-0.0,-0.0,0.0,-0.12,-0.12,0.12,0.0,0.0,0.0,0.0,1.0
39553.0,-33.1391,-31.2401,1.258,0.07,0.168,-0.069,-0.016,-0.004,0.0,-0.0,-0.0,0.0,-0.12,-0.12,0.12,0.0,0.0,0.0,0.0,1.0
39561.0,-33.1391,-31.2404,1.2583,-0.311,-0.151,-0.215,-0.038,-0.007,0.003,-0.0,-0.0,0.0,-0.12,-0.12,0.12,0.0,0.0,0.0,0.0,1.0
39569.0,-33.1396,-31.2385,1.256,0.035,0.09,-0.061,-0.036,-0.002,0.002,-0.0,-0.0,0.0,-0.12,-0.12,0.12,0.0,0.0,0.0,0.0,1.0
39576.0,-33.1397,-31.2383,1.2558,-0.015,0.071,0.007,-0.038,-0.005,0.005,-0.0,-0.0,0.0,-0.12,-0.12,0.12,0.0,0.0,0.0,0.0,1.0
39584.0,-33.1392,-31.2382,1.2561,0.17,-0.184,0.183,-0.029,-0.002,0.014,-0.0,-0.0,0.0,-0.12,-0.12,0.12,0.0,0.0,0.0,0.0,1.0
39592.0,-33.1394,-31.236,1.2537,0.099,0.048,-0.189,-0.019,0.008,0.005,-0.0,-0.0,0.0,-0.12,-0.12,0.12,0.0,0.0,0.0,0.0,1.0
39599.0,-33.1438,-31.2371,1.251,-0.171,-0.096,0.013,-0.007,0.007,0.002,-0.0,-0.0,0.0,-0.12,-0.12,0.12,0.0,0.0,0.0,0.0,1.0
39607.0,-33.1425,-31.2402,1.2551,0.099,-0.125,-0.016,0.001,0.017,-0.001,-0.0,-0.0,0.0,-0.12,-0.12,0.12,0.0,0.0,0.0,0.0,1.0
39615.0,-33.1413,-31.2424,1.2583,-0.036,-0.025,-0.088,0.021,0.015,-0.003,-0.0,-0.0,0.0,-0.12,-0.12,0.12,0.0,0.0,0.0,0.0,1.0
39623.0,-33.1393,-31.2444,1.2621,0.105,-0.143,0.312,0.026,0.026,-0.002,-0.0,-0.0,0.0,-0.12,-0.12,0.12,0.0,0.0,0.0,0.0,1.0
39631.0,-33.1367,-31.2452,1.2651,0.191,0.126,0.063,0.035,0.016,-0.006,-0.0,-0.0,0.0,-0.12,-0.12,0.12,0.0,0.0,0.0,0.0,1.0
39638.0,-33.1353,-31.2441,1.2653,-0.058,0.164,0.274,0.028,0.008,0.003,-0.0,-0.0,0.0,-0.12,-0.12,0.12,0.0,0.0,0.0,0.0,1.0
39646.0,-33.133,-31.245,1.2681,0.086,-0.023,0.001,0.015,-0.002,-0.0,-0.0,-0.0,0.0,-0.12,-0.12,0.12,0.0,0.0,0.0,0.0,1.0
39654.0,-33.1324,-31.2444,1.2681,-0.234,0.161,-0.075,0.029,-0.007,-0.006,-0.0,-0.0,0.0,-0.12,-0.12,0.12,0.0,0.0,0.0,0.0,1.0
39662.0,-33.1332,-31.2441,1.2672,0.071,0.037,0.061,0.013,-0.03,0.012,-0.0,-0.0,0.0,-0.12,-0.12,0.12,0.0,0.0,0.0,0.0,1.0
39669.0,-33.1358,-31.2401,1.2609,0.17,0.031,-0.032,0.006,-0.028,-0.003,-0.0,-0.0,0.0,-0.12,-0.12,0.12,0.0,0.0,0.0,0.0,1.0
39677.0,-33.1375,-31.2375,1.257,0.05,0.029,-0.121,-0.009,-0.028,-0.008,-0.0,-0.0,0.0,-0.12,-0.12,0.12,0.0,0.0,0.0,0.0,1.0
39685.0,-33.138,-31.2399,1.2588,0.035,-0.127,0.155,-0.016,-0.022,-0.012,-0.0,-0.0,0.0,-0.12,-0.12,0.12,0.0,0.0,0.0,0.0,1.0
39693.0,-33.1385,-31.2425,1.2609,0.155,-0.039,0.157,-0.016,-0.021,-0.011,-0.0,-0.0,0.0,-0.12,-0.12,0.12,0.0,0.0,0.0,0.0,1.0
39701.0,-33.1403,-31.2419,1.2587,0.014,-0.05,-0.113,-0.027,-0.004,0.007,-0.0,-0.0,0.0,-0.12,-0.12,0.12,0.0,0.0,0.0,0.0,1.0
39708.0,-33.1411,-31.2439,1.26,-0.051,-0.008,0.015,-0.02,0.007,0.005,-0.0,-0.0,0.0,-0.12,-0.12,0.12,0.0,0.0,0.0,0.0,1.0
39716.0,-33.1417,-31.2479,1.2633,-0.101,-0.114,0.17,-0.016,0.01,0.001,-0.0,-0.0,0.0,-0.12,-0.12,0.12,0.0,0.0,0.0,0.0,1.0
39724.0,-33.1433,-31.2513,1.2652,0.16,0.159,0.27,-0.005,0.006,0.012,-0.0,-0.0,0.0,-0.12,-0.12,0.12,0.0,0.0,0.0,0.0,1.0
39731.0,-33.1421,-31.2505,1.2656,0.055,0.225,-0.009,0.013,0.006,-0.011,-0.0,-0.0,0.0,-0.12,-0.12,0.12,0.0,0.0,0.0,0.0,1.0
39739.0,-33.1443,-31.2508,1.2639,0.019,0.147,-0.001,0.005,0.007,-0.001,-0.0,-0.0,0.0,-0.12,-0.12,0.12,0.0,0.0,0.0,0.0,1.0
39747.0,-33.1434,-31.2496,1.2635,-0.031,-0.001,0.197,0.012,0.013,-0.008,-0.0,-0.0,0.0,-0.12,-0.12,0.12,0.0,0.0,0.0,0.0,1.0
39755.0,-33.141,-31.2494,1.2654,-0.08,0.068,0.179,0.018,-0.003,0.004,-0.0,-0.0,0.0,-0.12,-0.12,0.12,0.0,0.0,0.0,0.0,1.0
39762.0,-33.1383,-31.2503,1.2687,-0.1,-0.114,0.17,0.016,-0.0,0.006,-0.0,-0.0,0.0,-0.12,-0.12,0.12,0.0,0.0,0.0,0.0,1.0
39771.0,-33.1373,-31.2494,1.2686,0.269,-0.193,0.091,0.01,0.004,-0.002,-0.0,-0.0,0.0,-0.12,-0.12,0.12,0.0,0.0,0.0,0.0,1.0
39778.0,-33.1359,-31.2502,1.2707,0.099,-0.084,-0.06,0.003,0.007,0.006,-0.0,-0.0,0.0,-0.12,-0.12,0.12,0.0,0.0,0.0,0.0,1.0
39786.0,-33.1389,-31.2496,1.2675,-0.165,0.187,0.039,-0.006,-0.009,0.002,-0.0,-0.0,0.0,-0.12,-0.12,0.12,0.0,0.0,0.0,0.0,1.0
39794.0,-33.1394,-31.2533,1.2706,-0.121,-0.253,0.117,-0.008,0.0,-0.006,-0.0,-0.0,0.0,-0.12,-0.12,0.12,0.0,0.0,0.0,0.0,1.0
39801.0,-33.1422,-31.2525,1.2674,-0.066,-0.079,0.205,-0.028,-0.002,0.0,-0.0,-0.0,0.0,-0.12,-0.12,0.12,0.0,0.0,0.0,0.0,1.0
39809.0,-33.1436,-31.2513,1.2649,-0.216,0.255,0.021,-0.017,-0.028,-0.009,-0.0,-0.0,0.0,-0.12,-0.12,0.12,0.0,0.0,0.0,0.0,1.0
39817.0,-33.1465,-31.2486,1.2599,0.033,-0.128,0.155,-0.012,0.008,-0.022,-0.0,-0.0,0.0,-0.12,-0.12,0.12,0.0,0.0,0.0,0.0,1.0
39825.0,-33.1439,-31.2523,1.2656,0.459,-0.077,0.207,-0.018,0.01,0.005,-0.0,-0.0,0.0,-0.12,-0.12,0.12,0.0,0.0,0.0,0.0,1.0
39832.0,-33.1443,-31.2501,1.2633,0.238,-0.073,0.211,-0.02,0.027,-0.01,-0.0,-0.0,0.0,-0.12,-0.12,0.12,0.0,0.0,0.0,0.0,1.0
39840.0,-33.1426,-31.2506,1.2651,0.048,0.027,-0.121,-0.032,0.018,0.008,-0.0,-0.0,0.0,-0.12,-0.12,0.12,0.0,0.0,0.0,0.0,1.0
39848.0,-33.1397,-31.2513,1.2684,0.019,0.061,0.086,-0.01,0.02,-0.008,-0.0,-0.0,0.0,-0.12,-0.12,0.12,0.0,0.0,0.0,0.0,1.0
39856.0,-33.1389,-31.2509,1.2687,-0.051,-0.096,0.102,-0.002,0.014,-0.007,-0.0,-0.0,0.0,-0.12,-0.12,0.12,0.0,0.0,0.0,0.0,1.0
39863.0,-33.137,-31.2525,1.272,0.14,0.236,0.002,0.009,0.017,0.004,-0.0,-0.0,0.0,-0.12,-0.12,0.12,0.0,0.0,0.0,0.0,1.0
39871.0,-33.138,-31.2539,1.2724,-0.08,0.11,0.136,0.022,0.003,-0.011,-0.0,-0.0,0.0,-0.12,-0.12,0.12,0.0,0.0,0.0,0.0,1.0
39879.0,-33.1384,-31.2513,1.2696,0.09,0.174,0.113,0.027,-0.003,0.001,-0.0,-0.0,0.0,-0.12,-0.12,0.12,0.0,0.0,0.0,0.0,1.0
39886.0,-33.1377,-31.2505,1.2694,-0.08,0.11,0.136,0.037,-0.014,0.004,-0.0,-0.0,0.0,-0.12,-0.12,0.12,0.0,0.0,0.0,0.0,1.0
39895.0,-33.1373,-31.2478,1.2671,0.199,-0.177,-0.066,0.038,-0.005,0.017,-0.0,-0.0,0.0,-0.12,-0.12,0.12,0.0,0.0,0.0,0.0,1.0
39902.0,-33.1391,-31.2438,1.2616,0.078,-0.222,-0.112,0.035,0.004,-0.015,0.0,-0.0,0.0,-0.12,-0.12,0.12,0.0,0.0,0.0,0.0,1.0
39910.0,-33.1378,-31.2467,1.2656,0.105,0.029,0.139,0.016,-0.002,-0.005,0.0,-0.0,0.0,-0.12,-0.12,0.12,0.0,0.0,0.0,0.0,1.0
39918.0,-33.1363,-31.2477,1.2679,0.078,-0.265,-0.069,-0.01,0.004,-0.003,0.0,-0.0,0.0,-0.12,-0.12,0.12,0.0,0.0,0.0,0.0,1.0
39926.0,-33.1374,-31.2479,1.2671,-0.151,0.041,0.065,-0.031,0.009,0.001,0.0,-0.0,0.0,-0.12,-0.12,0.12,0.0,0.0,0.0,0.0,1.0
39933.0,-33.1343,-31.2484,1.2704,-0.094,0.214,0.152,-0.037,-0.013,0.009,-0.0,-0.0,0.0,-0.12,-0.12,0.12,0.0,0.0,0.0,0.0,1.0
39941.0,-33.1372,-31.2462,1.2657,-0.136,0.11,-0.125,-0.043,-0.014,-0.013,-0.0,-0.0,0.0,-0.12,-0.12,0.12,0.0,0.0,0.0,0.0,1.0
39949.0,-33.1398,-31.2442,1.2614,-0.115,0.163,0.014,-0.045,-0.022,0.002,-0.0,-0.0,0.0,-0.12,-0.12,0.12,0.0,0.0,0.0,0.0,1.0
39956.0,-33.1426,-31.2413,1.2561,-0.151,0.085,0.022,-0.048,-0.031,-0.006,-0.0,-0.0,0.0,-0.12,-0.12,0.12,0.0,0.0,0.0,0.0,1.0
39964.0,-33.1413,-31.2415,1.2575,-0.037,-0.112,-0.002,-0.025,-0.022,0.001,-0.0,-0.0,0.0,-0.12,-0.12,0.12,0.0,0.0,0.0,0.0,1.0
39972.0,-33.1416,-31.2403,1.256,0.013,-0.179,0.016,-0.027,0.001,0.009,-0.0,-0.0,0.0,-0.12,-0.12,0.12,0.0,0.0,0.0,0.0,1.0
39980.0,-33.1387,-31.2412,1.2595,0.119,-0.117,0.165,0.002,-0.006,-0.004,-0.0,-0.0,0.0,-0.12,-0.12,0.12,0.0,0.0,0.0,0.0,1.0
39987.0,-33.1374,-31.2438,1.2631,0.134,-0.177,0.105,0.022,-0.002,-0.002,-0.0,-0.0,0.0,-0.12,-0.12,0.12,0.0,0.0,0.0,0.0,1.0
39995.0,-33.1361,-31.2465,1.2669,-0.03,0.0,0.197,0.035,0.006,0.002,-0.0,-0.0,0.0,-0.12,-0.12,0.12,0.0,0.0,0.0,0.0,1.0
40003.0,-33.1334,-31.2455,1.2683,-0.15,0.084,0.022,0.044,-0.006,-0.003,-0.0,-0.0,0.0,-0.12,-0.12,0.12,0.0,0.0,0.0,0.0,1.0
40010.0,-33.133,-31.2444,1.2676,-0.058,0.164,0.274,0.062,0.011,0.0,-0.0,-0.0,0.0,-0.12,-0.12,0.12,0.0,0.0,0.0,0.0,1.0
40018.0,-33.1331,-31.2439,1.267,-0.079,0.025,0.222,0.055,0.016,-0.006,-0.0,-0.0,0.0,-0.12,-0.12,0.12,0.0,0.0,0.0,0.0,1.0
40026.0,-33.1396,-31.2408,1.2583,-0.086,-0.043,-0.02,0.039,-0.001,0.005,0.0,-0.0,0.0,-0.12,-0.12,0.12,0.0,0.0,0.0,0.0,1.0
40034.0,-33.1372,-31.2378,1.2574,0.284,-0.165,-0.056,0.007,0.014,0.013,0.0,-0.0,0.0,-0.12,-0.12,0.12,0.0,0.0,0.0,0.0,1.0
40042.0,-33.1365,-31.2344,1.2548,0.149,-0.106,-0.085,-0.006,0.012,0.001,0.0,-0.0,0.0,-0.12,-0.12,0.12,0.0,0.0,0.0,0.0,1.0
40050.0,-33.1359,-31.2359,1.2567,0.029,-0.195,-0.087,-0.015,0.03,0.003,0.0,-0.0,0.0,-0.12,-0.12,0.12,0.0,0.0,0.0,0.0,1.0
40057.0,-33.137,-31.2371,1.257,-0.051,0.079,-0.071,-0.026,0.021,0.008,0.0,-0.0,0.0,-0.12,-0.12,0.12,0.0,0.0,0.0,0.0,1.0
40065.0,-33.138,-31.2396,1.2585,-0.086,0.044,-0.106,-0.024,0.008,0.001,-0.0,-0.0,0.0,-0.12,-0.12,0.12,0.0,0.0,0.0,0.0,1.0
40073.0,-33.1408,-31.2399,1.2563,-0.051,-0.051,0.058,-0.015,-0.007,-0.006,-0.0,-0.0,0.0,-0.12,-0.12,0.12,0.0,0.0,0.0,0.0,1.0
40080.0,-33.1413,-31.2431,1.2591,0.054,0.054,0.164,-0.03,-0.011,0.002,-0.0,-0.0,0.0,-0.12,-0.12,0.12,0.0,0.0,0.0,0.0,1.0
40088.0,-33.1437,-31.2435,1.2573,-0.251,0.048,0.158,-0.017,-0.025,-0.008,-0.0,-0.0,0.0,-0.12,-0.12,0.12,0.0,0.0,0.0,0.0,1.0
40096.0,-33.1423,-31.2426,1.2577,-0.136,0.025,-0.038,-0.008,-0.034,0.007,-0.0,-0.0,0.0,-0.12,-0.12,0.12,0.0,0.0,0.0,0.0,1.0
40104.0,-33.1405,-31.2445,1.2611,-0.121,-0.079,-0.055,0.004,-0.018,0.007,-0.0,-0.0,0.0,-0.12,-0.12,0.12,0.0,0.0,0.0,0.0,1.0
40111.0,-33.1402,-31.2445,1.2613,0.119,0.012,0.036,0.022,-0.026,-0.002,-0.0,-0.0,0.0,-0.12,-0.12,0.12,0.0,0.0,0.0,0.0,1.0
40119.0,-33.1397,-31.2439,1.2612,0.028,-0.153,-0.13,0.034,-0.022,-0.003,-0.0,-0.0,0.0,-0.12,-0.12,0.12,0.0,0.0,0.0,0.0,1.0
40127.0,-33.1427,-31.2464,1.261,-0.001,0.053,-0.096,0.034,-0.024,0.001,0.0,-0.0,0.0,-0.12,-0.12,0.12,0.0,0.0,0.0,0.0,1.0
40135.0,-33.1397,-31.2472,1.2644,0.099,-0.126,-0.016,0.031,-0.014,0.006,0.0,-0.0,0.0,-0.12,-0.12,0.12,0.0,0.0,0.0,0.0,1.0
40142.0,-33.1407,-31.2471,1.2635,-0.03,0.087,0.111,0.023,-0.005,-0.011,0.0,-0.0,0.0,-0.12,-0.12,0.12,0.0,0.0,0.0,0.0,1.0
40150.0,-33.1415,-31.2445,1.2602,-0.151,0.085,0.022,0.017,0.007,-0.004,0.0,-0.0,0.0,-0.12,-0.12,0.12,0.0,0.0,0.0,0.0,1.0
40158.0,-33.1407,-31.2443,1.2607,0.034,0.045,-0.018,0.005,0.013,0.001,0.0,-0.0,0.0,-0.12,-0.12,0.12,0.0,0.0,0.0,0.0,1.0
40165.0,-33.1433,-31.2413,1.2555,-0.051,0.079,-0.071,-0.006,0.016,0.004,0.0,-0.0,0.0,-0.12,-0.12,0.12,0.0,0.0,0.0,0.0,1.0
40173.0,-33.1451,-31.239,1.2517,-0.201,0.111,0.047,-0.034,0.028,-0.001,0.0,-0.0,0.0,-0.12,-0.12,0.12,0.0,0.0,0.0,0.0,1.0
40181.0,-33.1468,-31.2403,1.2514,0.127,-0.246,-0.137,-0.044,0.031,0.006,0.0,-0.0,0.0,-0.12,-0.12,0.12,0.0,0.0,0.0,0.0,1.0
40189.0,-33.1486,-31.241,1.2506,-0.038,-0.111,-0.002,-0.038,0.03,-0.013,-0.0,-0.0,0.0,-0.12,-0.12,0.12,0.0,0.0,0.0,0.0,1.0
40197.0,-33.1482,-31.2428,1.2526,0.068,0.038,0.061,-0.025,0.009,-0.005,-0.0,-0.0,0.0,-0.12,-0.12,0.12,0.0,0.0,0.0,0.0,1.0
40205.0,-33.1455,-31.2464,1.2585,0.274,0.093,0.117,-0.031,0.019,-0.001,-0.0,-0.0,0.0,-0.12,-0.12,0.12,0.0,0.0,0.0,0.0,1.0
40212.0,-33.1426,-31.2504,1.265,-0.207,-0.09,-0.066,-0.013,-0.008,-0.004,-0.0,-0.0,0.0,-0.12,-0.12,0.12,0.0,0.0,0.0,0.0,1.0
40220.0,-33.1435,-31.2503,1.264,-0.037,-0.069,-0.045,-0.008,-0.023,-0.003,-0.0,-0.0,0.0,-0.12,-0.12,0.12,0.0,0.0,0.0,0.0,1.0
40228.0,-33.1429,-31.2513,1.2657,-0.045,0.189,0.128,-0.006,-0.024,-0.002,-0.0,-0.0,0.0,-0.12,-0.12,0.12,0.0,0.0,0.0,0.0,1.0
40235.0,-33.1432,-31.2503,1.2644,-0.016,-0.017,0.094,0.02,-0.027,-0.006,-0.0,-0.0,0.0,-0.12,-0.12,0.12,0.0,0.0,0.0,0.0,1.0
40243.0,-33.1429,-31.2498,1.2641,-0.221,0.013,-0.049,0.022,-0.042,0.006,-0.0,-0.0,0.0,-0.12,-0.12,0.12,0.0,0.0,0.0,0.0,1.0
40251.0,-33.145,-31.2485,1.261,0.048,0.028,-0.121,0.023,-0.024,-0.0,-0.0,-0.0,0.0,-0.12,-0.12,0.12,0.0,0.0,0.0,0.0,1.0
40259.0,-33.1457,-31.2492,1.261,0.063,-0.162,-0.052,0.031,-0.03,-0.005,0.0,-0.0,0.0,-0.12,-0.12,0.12,0.0,0.0,0.0,0.0,1.0
40267.0,-33.1464,-31.2499,1.2611,0.303,0.015,-0.047,0.026,0.004,0.001,0.0,-0.0,0.0,-0.12,-0.12,0.12,0.0,0.0,0.0,0.0,1.0
40274.0,-33.145,-31.2515,1.2639,-0.066,0.094,0.032,0.034,-0.003,0.002,0.0,-0.0,0.0,-0.12,-0.12,0.12,0.0,0.0,0.0,0.0,1.0
40282.0,-33.1478,-31.2527,1.2626,0.182,-0.031,-0.092,0.01,0.008,0.002,0.0,-0.0,0.0,-0.12,-0.12,0.12,0.0,0.0,0.0,0.0,1.0
40290.0,-33.1484,-31.253,1.2623,0.138,0.02,0.218,0.003,0.022,-0.005,0.0,-0.0,0.0,-0.12,-0.12,0.12,0.0,0.0,0.0,0.0,1.0
40298.0,-33.1498,-31.2534,1.2615,0.053,0.053,0.164,-0.005,0.03,-0.006,0.0,-0.0,0.0,-0.12,-0.12,0.12,0.0,0.0,0.0,0.0,1.0
40305.0,-33.1494,-31.2535,1.262,-0.003,0.008,-0.053,-0.018,0.022,0.003,0.0,-0.0,0.0,-0.12,-0.12,0.12,0.0,0.0,0.0,0.0,1.0
40313.0,-33.1501,-31.2555,1.2634,0.097,-0.042,-0.103,-0.02,0.041,0.004,0.0,-0.0,0.0,-0.12,-0.12,0.12,0.0,0.0,0.0,0.0,1.0
40321.0,-33.1467,-31.255,1.2658,-0.017,-0.018,0.094,-0.028,0.043,-0.004,0.0,-0.0,0.0,-0.12,-0.12,0.12,0.0,0.0,0.0,0.0,1.0
40329.0,-33.1488,-31.2547,1.2637,0.161,-0.127,-0.188,-0.032,0.019,0.015,-0.0,-0.0,0.0,-0.12,-0.12,0.12,0.0,0.0,0.0,0.0,1.0
40336.0,-33.1479,-31.2551,1.2649,-0.088,-0.002,-0.063,-0.029,0.0,-0.011,-0.0,-0.0,0.0,-0.12,-0.12,0.12,0.0,0.0,0.0,0.0,1.0
40344.0,-33.1452,-31.2566,1.2687,0.168,-0.101,0.097,-0.031,-0.018,0.014,-0.0,-0.0,0.0,-0.12,-0.12,0.12,0.0,0.0,0.0,0.0,1.0
40352.0,-33.1458,-31.2549,1.2665,-0.017,-0.061,0.137,-0.02,-0.035,-0.003,-0.0,-0.0,0.0,-0.12,-0.12,0.12,0.0,0.0,0.0,0.0,1.0
40360.0,-33.1462,-31.2552,1.2665,-0.258,-0.023,-0.084,-0.008,-0.034,-0.004,-0.0,-0.0,0.0,-0.12,-0.12,0.12,0.0,0.0,0.0,0.0,1.0
40368.0,-33.1463,-31.2551,1.2663,-0.137,-0.02,0.005,0.004,-0.047,0.005,-0.0,-0.0,0.0,-0.12,-0.12,0.12,0.0,0.0,0.0,0.0,1.0
40375.0,-33.1454,-31.2537,1.2657,0.004,0.078,0.189,0.012,-0.032,-0.002,-0.0,-0.0,0.0,-0.12,-0.12,0.12,0.0,0.0,0.0,0.0,1.0
40383.0,-33.1452,-31.252,1.2642,0.048,-0.145,0.052,0.021,-0.004,-0.006,-0.0,-0.0,0.0,-0.12,-0.12,0.12,0.0,0.0,0.0,0.0,1.0
40391.0,-33.1457,-31.2504,1.2622,-0.187,-0.037,0.073,0.025,-0.007,0.002,-0.0,-0.0,0.0,-0.12,-0.12,0.12,0.0,0.0,0.0,0.0,1.0
40399.0,-33.1461,-31.249,1.2605,0.012,-0.05,-0.113,0.023,0.02,0.004,-0.0,-0.0,0.0,-0.12,-0.12,0.12,0.0,0.0,0.0,0.0,1.0
40406.0,-33.1467,-31.2516,1.2626,0.118,0.055,-0.007,0.033,0.032,0.0,0.0,-0.0,0.0,-0.12,-0.12,0.12,0.0,0.0,0.0,0.0,1.0
40414.0,-33.1439,-31.2508,1.2642,0.218,0.092,-0.143,0.013,0.035,0.006,0.0,-0.0,0.0,-0.12,-0.12,0.12,0.0,0.0,0.0,0.0,1.0
40422.0,-33.1432,-31.254,1.268,-0.122,-0.037,-0.098,0.001,0.038,0.007,0.0,-0.0,0.0,-0.12,-0.12,0.12,0.0,0.0,0.0,0.0,1.0
40429.0,-33.1445,-31.2521,1.265,-0.017,0.112,-0.036,0.008,0.035,-0.006,0.0,-0.0,0.0,-0.12,-0.12,0.12,0.0,0.0,0.0,0.0,1.0
40437.0,-33.1428,-31.2521,1.2665,-0.052,-0.138,0.145,-0.012,0.017,-0.011,0.0,-0.0,0.0,-0.12,-0.12,0.12,0.0,0.0,0.0,0.0,1.0
40445.0,-33.1439,-31.2528,1.2661,-0.052,-0.182,0.188,-0.005,0.0,0.003,0.0,-0.0,0.0,-0.12,-0.12,0.12,0.0,0.0,0.0,0.0,1.0
40453.0,-33.1447,-31.2507,1.2634,0.033,0.045,-0.018,-0.019,-0.024,-0.002,0.0,-0.0,0.0,-0.12,-0.12,0.12,0.0,0.0,0.0,0.0,1.0
40460.0,-33.1442,-31.2495,1.2626,-0.102,0.06,-0.003,-0.015,-0.035,-0.0,-0.0,-0.0,0.0,-0.12,-0.12,0.12,0.0,0.0,0.0,0.0,1.0
40468.0,-33.1426,-31.247,1.2617,0.104,-0.013,0.182,-0.025,-0.05,-0.0,-0.0,-0.0,0.0,-0.12,-0.12,0.12,0.0,0.0,0.0,0.0,1.0
40476.0,-33.1417,-31.2442,1.2598,-0.016,0.071,0.007,-0.025,-0.045,-0.001,-0.0,-0.0,0.0,-0.12,-0.12,0.12,0.0,0.0,0.0,0.0,1.0
40484.0,-33.1412,-31.2458,1.2617,0.183,-0.158,0.037,-0.018,-0.029,-0.003,-0.0,-0.0,0.0,-0.12,-0.12,0.12,0.0,0.0,0.0,0.0,1.0
40492.0,-33.1432,-31.246,1.2602,-0.023,-0.128,-0.105,-0.002,0.001,0.004,-0.0,-0.0,0.0,-0.12,-0.12,0.12,0.0,0.0,0.0,0.0,1.0
40500.0,-33.1433,-31.2504,1.2644,-0.031,0.216,-0.019,0.002,0.003,0.001,-0.0,-0.0,0.0,-0.12,-0.12,0.12,0.0,0.0,0.0,0.0,1.0
40507.0,-33.1415,-31.2517,1.2672,-0.016,-0.103,0.18,0.001,0.002,0.001,-0.0,-0.0,0.0,-0.12,-0.12,0.12,0.0,0.0,0.0,0.0,1.0
40515.0,-33.1425,-31.2524,1.267,-0.101,0.103,-0.046,0.03,0.028,-0.004,-0.0,-0.0,0.0,-0.12,-0.12,0.12,0.0,0.0,0.0,0.0,1.0
40523.0,-33.1437,-31.253,1.2665,0.033,-0.171,0.198,0.017,0.025,0.003,-0.0,-0.0,0.0,-0.12,-0.12,0.12,0.0,0.0,0.0,0.0,1.0
40531.0,-33.1419,-31.2501,1.2653,0.019,-0.024,0.172,0.035,0.031,-0.003,-0.0,-0.0,0.0,-0.12,-0.12,0.12,0.0,0.0,0.0,0.0,1.0
40538.0,-33.1393,-31.2497,1.2673,0.07,0.081,0.018,0.025,0.023,0.0,0.0,-0.0,0.0,-0.12,-0.12,0.12,0.0,0.0,0.0,0.0,1.0
40546.0,-33.1385,-31.2478,1.2661,0.184,-0.115,-0.006,0.025,0.02,-0.003,0.0,-0.0,0.0,-0.12,-0.12,0.12,0.0,0.0,0.0,0.0,1.0
40554.0,-33.1392,-31.2472,1.2648,0.119,-0.03,0.079,0.005,0.007,0.0,0.0,-0.0,0.0,-0.12,-0.12,0.12,0.0,0.0,0.0,0.0,1.0
40562.0,-33.1397,-31.2504,1.2675,0.134,-0.091,0.019,-0.009,0.001,0.003,0.0,-0.0,0.0,-0.12,-0.12,0.12,0.0,0.0,0.0,0.0,1.0
40570.0,-33.14,-31.2513,1.2682,-0.086,-0.086,0.023,-0.013,-0.008,-0.001,0.0,-0.0,0.0,-0.12,-0.12,0.12,0.0,0.0,0.0,0.0,1.0
40577.0,-33.1396,-31.2518,1.269,-0.151,0.042,0.065,-0.025,-0.02,-0.002,0.0,-0.0,0.0,-0.12,-0.12,0.12,0.0,0.0,0.0,0.0,1.0
40585.0,-33.1385,-31.2517,1.2699,0.055,0.054,0.164,-0.035,-0.013,0.005,0.0,-0.0,0.0,-0.12,-0.12,0.12,0.0,0.0,0.0,0.0,1.0
40593.0,-33.1375,-31.2512,1.2703,-0.05,-0.008,0.015,-0.025,-0.017,0.002,-0.0,-0.0,0.0,-0.12,-0.12,0.12,0.0,0.0,0.0,0.0,1.0
40600.0,-33.1372,-31.2494,1.2688,-0.22,0.058,-0.092,-0.022,-0.009,-0.013,-0.0,-0.0,0.0,-0.12,-0.12,0.12,0.0,0.0,0.0,0.0,1.0
40608.0,-33.1359,-31.2493,1.2698,0.0,-0.033,-0.01,-0.011,-0.005,-0.001,-0.0,-0.0,0.0,-0.12,-0.12,0.12,0.0,0.0,0.0,0.0,1.0
40616.0,-33.1389,-31.2462,1.2642,-0.071,-0.275,0.092,-0.0,-0.013,0.0,-0.0,-0.0,0.0,-0.12,-0.12,0.12,0.0,0.0,0.0,0.0,1.0
40624.0,-33.1381,-31.2481,1.2667,0.044,-0.299,-0.104,0.012,-0.011,0.004,-0.0,-0.0,0.0,-0.12,-0.12,0.12,0.0,0.0,0.0,0.0,1.0
40632.0,-33.1376,-31.2472,1.2663,0.085,-0.021,0.001,0.023,-0.008,0.002,-0.0,-0.0,0.0,-0.12,-0.12,0.12,0.0,0.0,0.0,0.0,1.0
40640.0,-33.1365,-31.2487,1.2687,0.085,0.108,-0.129,0.041,-0.02,-0.014,0.0,-0.0,0.0,-0.12,-0.12,0.12,0.0,0.0,0.0,0.0,1.0
40648.0,-33.1375,-31.2524,1.2714,-0.065,0.052,0.075,0.028,-0.021,-0.007,0.0,-0.0,0.0,-0.12,-0.12,0.12,0.0,0.0,0.0,0.0,1.0
40655.0,-33.1378,-31.2493,1.2681,-0.135,0.026,-0.038,0.035,-0.019,-0.007,0.0,-0.0,0.0,-0.12,-0.12,0.12,0.0,0.0,0.0,0.0,1.0
40663.0,-33.1353,-31.2487,1.2698,0.056,0.055,0.164,0.017,-0.024,0.012,0.0,-0.0,0.0,-0.12,-0.12,0.12,0.0,0.0,0.0,0.0,1.0
40671.0,-33.1376,-31.2454,1.2644,-0.065,0.01,0.118,0.001,0.0,-0.003,0.0,-0.0,-0.0,-0.12,-0.12,0.12,0.0,0.0,0.0,0.0,1.0
40678.0,-33.1376,-31.2456,1.2647,-0.15,0.216,-0.108,-0.007,0.034,-0.005,0.0,-0.0,-0.0,-0.12,-0.12,0.12,0.0,0.0,0.0,0.0,1.0
40686.0,-33.1389,-31.2453,1.2633,0.085,0.022,-0.043,-0.025,0.037,0.005,0.0,-0.0,-0.0,-0.12,-0.12,0.12,0.0,0.0,0.0,0.0,1.0
40694.0,-33.1385,-31.2451,1.2634,0.029,-0.109,-0.173,-0.03,0.038,-0.001,0.0,-0.0,-0.0,-0.12,-0.12,0.12,0.0,0.0,0.0,0.0,1.0
40702.0,-33.1376,-31.2473,1.2664,0.17,-0.055,0.054,-0.034,0.051,0.001,0.0,-0.0,-0.0,-0.12,-0.12,0.12,0.0,0.0,0.0,0.0,1.0
40710.0,-33.1384,-31.2477,1.266,0.085,-0.022,0.001,-0.034,0.025,0.004,-0.0,-0.0,0.0,-0.12,-0.12,0.12,0.0,0.0,0.0,0.0,1.0
40717.0,-33.1386,-31.2482,1.2664,0.035,0.046,-0.018,-0.032,0.014,-0.006,-0.0,-0.0,-0.0,-0.12,-0.12,0.12,0.0,0.0,0.0,0.0,1.0
40725.0,-33.1398,-31.2483,1.2654,-0.32,0.065,0.001,-0.022,-0.004,-0.006,-0.0,-0.0,-0.0,-0.12,-0.12,0.12,0.0,0.0,0.0,0.0,1.0
40733.0,-33.1398,-31.2487,1.2658,0.07,-0.091,0.19,-0.005,-0.017,-0.001,-0.0,-0.0,-0.0,-0.12,-0.12,0.12,0.0,0.0,0.0,0.0,1.0
40741.0,-33.1388,-31.2466,1.2646,0.064,-0.074,-0.138,0.005,-0.028,0.006,-0.0,-0.0,0.0,-0.12,-0.12,0.12,0.0,0.0,0.0,0.0,1.0
40748.0,-33.1404,-31.2479,1.2645,0.049,0.029,-0.121,0.012,-0.037,-0.003,-0.0,-0.0,0.0,-0.12,-0.12,0.12,0.0,0.0,0.0,0.0,1.0
40756.0,-33.1405,-31.2473,1.2639,0.008,-0.204,-0.269,0.016,-0.034,-0.001,-0.0,-0.0,0.0,-0.12,-0.12,0.12,0.0,0.0,0.0,0.0,1.0
40764.0,-33.1417,-31.2463,1.2618,-0.156,-0.242,0.039,0.023,-0.024,-0.011,-0.0,-0.0,-0.0,-0.12,-0.12,0.12,0.0,0.0,0.0,0.0,1.0
40772.0,-33.1402,-31.248,1.2648,0.049,-0.057,-0.035,0.008,-0.012,0.0,-0.0,-0.0,-0.0,-0.12,-0.12,0.12,0.0,0.0,0.0,0.0,1.0
40780.0,-33.1403,-31.2502,1.2668,0.099,0.047,-0.189,0.008,-0.001,-0.006,-0.0,-0.0,0.0,-0.12,-0.12,0.12,0.0,0.0,0.0,0.0,1.0
40788.0,-33.1376,-31.2497,1.2687,-0.015,0.201,-0.122,0.006,-0.012,0.019,-0.0,-0.0,0.0,-0.12,-0.12,0.12,0.0,0.0,0.0,0.0,1.0
40795.0,-33.1387,-31.2487,1.2667,0.049,-0.014,-0.078,-0.009,-0.005,-0.007,-0.0,-0.0,0.0,-0.12,-0.12,0.12,0.0,0.0,0.0,0.0,1.0
40803.0,-33.1385,-31.2468,1.2651,0.014,0.124,-0.286,-0.015,-0.001,-0.004,-0.0,-0.0,0.0,-0.12,-0.12,0.12,0.0,0.0,0.0,0.0,1.0
40811.0,-33.1383,-31.248,1.2665,-0.22,0.015,-0.049,-0.007,0.016,0.0,-0.0,-0.0,-0.0,-0.12,-0.12,0.12,0.0,0.0,0.0,0.0,1.0
40818.0,-33.1399,-31.2483,1.2653,-0.036,-0.11,-0.002,0.01,0.005,0.008,-0.0,-0.0,0.0,-0.12,-0.12,0.12,0.0,0.0,0.0,0.0,1.0
40826.0,-33.1385,-31.2497,1.2679,0.056,0.098,0.121,0.014,0.013,0.0,-0.0,-0.0,0.0,-0.12,-0.12,0.12,0.0,0.0,0.0,0.0,1.0
40834.0,-33.1393,-31.2509,1.2683,0.049,0.029,-0.121,0.024,0.011,-0.001,-0.0,-0.0,0.0,-0.12,-0.12,0.12,0.0,0.0,0.0,0.0,1.0
40842.0,-33.1419,-31.2511,1.2663,-0.086,-0.043,-0.02,0.0,0.01,-0.003,-0.0,-0.0,0.0,-0.12,-0.12,0.12,0.0,0.0,0.0,0.0,1.0
40849.0,-33.1423,-31.2519,1.2667,0.084,-0.109,0.087,0.011,0.012,-0.005,0.0,-0.0,-0.0,-0.12,-0.12,0.12,0.0,0.0,0.0,0.0,1.0
40857.0,-33.1404,-31.2523,1.2688,-0.05,0.078,-0.071,-0.02,0.0,0.007,-0.0,-0.0,0.0,-0.12,-0.12,0.12,0.0,0.0,0.0,0.0,1.0
40865.0,-33.1398,-31.2499,1.267,-0.17,-0.053,-0.03,-0.014,0.007,0.001,-0.0,-0.0,0.0,-0.12,-0.12,0.12,0.0,0.0,0.0,0.0,1.0
40873.0,-33.1392,-31.2502,1.2677,-0.235,-0.054,0.141,-0.027,0.007,-0.006,-0.0,-0.0,0.0,-0.12,-0.12,0.12,0.0,0.0,0.0,0.0,1.0
40880.0,-33.1395,-31.2519,1.2692,-0.199,0.024,0.133,-0.011,-0.006,-0.009,-0.0,-0.0,-0.0,-0.12,-0.12,0.12,0.0,0.0,0.0,0.0,1.0
40888.0,-33.1423,-31.2496,1.2645,0.076,0.193,0.216,-0.009,-0.009,0.01,-0.0,-0.0,-0.0,-0.12,-0.12,0.12,0.0,0.0,0.0,0.0,1.0
40896.0,-33.1426,-31.2428,1.2576,0.02,0.194,-0.044,-0.012,-0.001,-0.006,-0.0,-0.0,-0.0,-0.12,-0.12,0.12,0.0,0.0,0.0,0.0,1.0
40904.0,-33.1404,-31.2427,1.2594,-0.029,0.089,0.111,0.008,0.002,-0.006,-0.0,-0.0,-0.0,-0.12,-0.12,0.12,0.0,0.0,0.0,0.0,1.0
40911.0,-33.1405,-31.2394,1.2561,0.02,0.022,0.129,0.013,0.004,-0.007,-0.0,-0.0,-0.0,-0.12,-0.12,0.12,0.0,0.0,0.0,0.0,1.0
40919.0,-33.1399,-31.2373,1.2546,-0.035,-0.065,-0.045,0.021,0.001,0.008,-0.0,-0.0,-0.0,-0.12,-0.12,0.12,0.0,0.0,0.0,0.0,1.0
40927.0,-33.1427,-31.2402,1.255,-0.1,-0.024,0.083,0.027,-0.007,0.006,-0.0,-0.0,-0.0,-0.12,-0.12,0.12,0.0,0.0,0.0,0.0,1.0
40935.0,-33.1416,-31.2424,1.2581,-0.015,-0.014,0.094,0.03,-0.01,-0.003,-0.0,-0.0,-0.0,-0.12,-0.12,0.12,0.0,0.0,0.0,0.0,1.0
40942.0,-33.1408,-31.2424,1.2588,-0.05,-0.006,0.015,0.015,-0.013,0.003,0.0,-0.0,-0.0,-0.12,-0.12,0.12,0.0,0.0,0.0,0.0,1.0
40950.0,-33.1419,-31.2432,1.2586,0.006,0.081,0.189,0.026,-0.019,-0.009,0.0,-0.0,-0.0,-0.12,-0.12,0.12,0.0,0.0,0.0,0.0,1.0
40958.0,-33.1411,-31.2425,1.2586,-0.029,-0.084,0.283,-0.009,-0.015,-0.004,0.0,-0.0,-0.0,-0.12,-0.12,0.12,0.0,0.0,0.0,0.0,1.0
40966.0,-33.1429,-31.2389,1.2535,-0.106,-0.136,-0.116,-0.015,0.003,0.009,0.0,-0.0,-0.0,-0.12,-0.12,0.12,0.0,0.0,0.0,0.0,1.0
40973.0,-33.1433,-31.2389,1.2532,-0.185,0.009,0.03,-0.04,0.016,-0.009,-0.0,-0.0,-0.0,-0.12,-0.12,0.12,0.0,0.0,0.0,0.0,1.0
40981.0,-33.1424,-31.2373,1.2523,0.305,-0.154,0.126,-0.02,0.011,-0.003,-0.0,-0.0,-0.0,-0.12,-0.12,0.12,0.0,0.0,0.0,0.0,1.0
40989.0,-33.1414,-31.2367,1.2527,0.006,0.082,0.189,-0.019,0.018,0.002,-0.0,-0.0,-0.0,-0.12,-0.12,0.12,0.0,0.0,0.0,0.0,1.0
40997.0,-33.141,-31.2347,1.2511,0.056,0.144,0.078,-0.007,0.029,-0.0,-0.0,-0.0,-0.0,-0.12,-0.12,0.12,0.0,0.0,0.0,0.0,1.0
41005.0,-33.1408,-31.2343,1.251,-0.029,0.09,0.11,0.001,0.012,-0.006,-0.0,-0.0,-0.0,-0.12,-0.12,0.12,0.0,0.0,0.0,0.0,1.0
41012.0,-33.1417,-31.2334,1.2492,-0.015,0.16,-0.079,0.01,-0.012,0.001,-0.0,-0.0,-0.0,-0.12,-0.12,0.12,0.0,0.0,0.0,0.0,1.0
41020.0,-33.1408,-31.2318,1.2485,-0.085,-0.169,0.109,0.009,-0.002,0.005,-0.0,-0.0,-0.0,-0.12,-0.12,0.12,0.0,0.0,0.0,0.0,1.0
41028.0,-33.1417,-31.2305,1.2464,0.205,0.199,-0.127,0.013,-0.012,0.007,-0.0,-0.0,-0.0,-0.12,-0.12,0.12,0.0,0.0,0.0,0.0,1.0
41035.0,-33.1397,-31.2286,1.2463,0.32,-0.04,-0.107,0.011,-0.005,-0.002,-0.0,-0.0,-0.0,-0.12,-0.12,0.12,0.0,0.0,0.0,0.0,1.0
41043.0,-33.138,-31.2271,1.2464,0.071,0.085,0.017,0.024,-0.016,0.002,-0.0,-0.0,-0.0,-0.12,-0.12,0.12,0.0,0.0,0.0,0.0,1.0
41051.0,-33.1362,-31.2296,1.2503,-0.041,-0.306,-0.114,0.006,-0.013,0.006,-0.0,-0.0,-0.0,-0.12,-0.12,0.12,0.0,0.0,0.0,0.0,1.0
41059.0,-33.1367,-31.2305,1.2508,-0.049,0.082,-0.071,0.003,-0.019,-0.007,-0.0,-0.0,-0.0,-0.12,-0.12,0.12,0.0,0.0,0.0,0.0,1.0
41067.0,-33.1354,-31.2348,1.2562,0.1,-0.295,0.156,0.007,0.005,0.008,0.0,-0.0,-0.0,-0.12,-0.12,0.12,0.0,0.0,0.0,0.0,1.0
41075.0,-33.1329,-31.2354,1.2589,-0.013,0.03,0.05,0.003,0.007,0.004,0.0,-0.0,-0.0,-0.12,-0.12,0.12,0.0,0.0,0.0,0.0,1.0
41082.0,-33.1301,-31.237,1.2629,0.022,0.151,-0.001,0.002,0.009,-0.008,0.0,-0.0,-0.0,-0.12,-0.12,0.12,0.0,0.0,0.0,0.0,1.0
41090.0,-33.1296,-31.2352,1.2617,0.052,-0.012,-0.078,-0.006,0.014,-0.005,0.0,-0.0,-0.0,-0.12,-0.12,0.12,0.0,0.0,0.0,0.0,1.0
41098.0,-33.1291,-31.2341,1.2611,-0.033,-0.022,-0.088,-0.011,0.018,0.0,-0.0,-0.0,-0.0,-0.12,-0.12,0.12,0.0,0.0,0.0,0.0,1.0
41105.0,-33.129,-31.2353,1.2622,-0.153,-0.111,-0.091,-0.027,0.016,0.007,-0.0,-0.0,-0.0,-0.12,-0.12,0.12,0.0,0.0,0.0,0.0,1.0
41113.0,-33.1266,-31.2349,1.2639,-0.097,-0.023,0.083,-0.001,0.004,-0.001,-0.0,-0.0,-0.0,-0.12,-0.12,0.12,0.0,0.0,0.0,0.0,1.0
41121.0,-33.1273,-31.2336,1.2621,0.038,0.178,-0.147,-0.01,-0.001,0.002,-0.0,-0.0,-0.0,-0.12,-0.12,0.12,0.0,0.0,0.0,0.0,1.0
41129.0,-33.1293,-31.2335,1.2603,-0.203,-0.042,-0.109,-0.007,-0.003,-0.009,-0.0,-0.0,-0.0,-0.12,-0.12,0.12,0.0,0.0,0.0,0.0,1.0
41137.0,-33.1305,-31.2326,1.2583,0.052,-0.011,-0.078,0.001,-0.012,-0.002,-0.0,-0.0,-0.0,-0.12,-0.12,0.12,0.0,0.0,0.0,0.0,1.0
41145.0,-33.1309,-31.2348,1.2601,0.336,-0.23,-0.038,0.005,0.017,0.003,-0.0,-0.0,-0.0,-0.12,-0.12,0.12,0.0,0.0,0.0,0.0,1.0
41152.0,-33.1306,-31.2354,1.2609,-0.033,-0.151,0.041,0.016,0.001,-0.003,-0.0,-0.0,-0.0,-0.12,-0.12,0.12,0.0,0.0,0.0,0.0,1.0
41160.0,-33.1299,-31.2362,1.2624,0.122,0.016,0.036,0.014,0.003,0.0,-0.0,-0.0,-0.0,-0.12,-0.12,0.12,0.0,0.0,0.0,0.0,1.0
41168.0,-33.1313,-31.2347,1.2596,-0.063,0.056,0.075,0.017,-0.002,-0.004,-0.0,-0.0,-0.0,-0.12,-0.12,0.12,0.0,0.0,0.0,0.0,1.0
41175.0,-33.1307,-31.2347,1.2602,-0.148,0.131,-0.021,0.008,-0.001,-0.0,-0.0,-0.0,-0.0,-0.12,-0.12,0.12,0.0,0.0,0.0,0.0,1.0
41183.0,-33.1288,-31.2365,1.2636,0.122,-0.028,0.079,0.004,-0.013,0.001,0.0,-0.0,-0.0,-0.12,-0.12,0.12,0.0,0.0,0.0,0.0,1.0
41191.0,-33.1292,-31.2381,1.2648,-0.027,0.09,0.11,-0.007,-0.001,0.005,0.0,-0.0,-0.0,-0.12,-0.12,0.12,0.0,0.0,0.0,0.0,1.0
41199.0,-33.1284,-31.2398,1.2672,0.102,-0.124,-0.017,-0.01,-0.006,-0.0,0.0,-0.0,-0.0,-0.12,-0.12,0.12,0.0,0.0,0.0,0.0,1.0
41207.0,-33.1273,-31.2375,1.2658,0.052,-0.012,-0.078,-0.015,-0.002,0.002,-0.0,-0.0,-0.0,-0.12,-0.12,0.12,0.0,0.0,0.0,0.0,1.0
41214.0,-33.1284,-31.2356,1.2631,-0.027,0.047,0.154,-0.022,-0.008,-0.007,-0.0,-0.0,-0.0,-0.12,-0.12,0.12,0.0,0.0,0.0,0.0,1.0
41222.0,-33.1276,-31.2344,1.2626,0.052,-0.141,0.052,-0.029,0.003,0.005,-0.0,-0.0,-0.0,-0.12,-0.12,0.12,0.0,0.0,0.0,0.0,1.0
41230.0,-33.1267,-31.2339,1.2628,0.017,-0.003,-0.156,-0.027,-0.001,0.001,-0.0,-0.0,-0.0,-0.12,-0.12,0.12,0.0,0.0,0.0,0.0,1.0
41237.0,-33.1259,-31.2336,1.2633,-0.083,-0.04,-0.02,-0.019,0.005,0.005,-0.0,-0.0,-0.0,-0.12,-0.12,0.12,0.0,0.0,0.0,0.0,1.0
41245.0,-33.1248,-31.233,1.2637,0.059,0.23,-0.009,-0.018,-0.007,0.0,-0.0,-0.0,-0.0,-0.12,-0.12,0.12,0.0,0.0,0.0,0.0,1.0
41253.0,-33.1255,-31.2322,1.2623,-0.068,-0.057,-0.124,-0.004,0.001,0.008,-0.0,-0.0,-0.0,-0.12,-0.12,0.12,0.0,0.0,0.0,0.0,1.0
41261.0,-33.1274,-31.2321,1.2606,-0.083,-0.04,-0.02,-0.007,-0.0,0.001,-0.0,-0.0,-0.0,-0.12,-0.12,0.12,0.0,0.0,0.0,0.0,1.0
41269.0,-33.1281,-31.2348,1.2626,0.137,-0.174,0.105,-0.001,0.003,-0.002,-0.0,-0.0,-0.0,-0.12,-0.12,0.12,0.0,0.0,0.0,0.0,1.0
41277.0,-33.1298,-31.2351,1.2614,-0.034,-0.065,-0.045,0.008,0.001,0.008,-0.0,-0.0,-0.0,-0.12,-0.12,0.12,0.0,0.0,0.0,0.0,1.0
41284.0,-33.1289,-31.2378,1.2647,-0.098,0.063,-0.003,0.01,0.004,0.01,-0.0,-0.0,-0.0,-0.12,-0.12,0.12,0.0,0.0,0.0,0.0,1.0
41292.0,-33.1281,-31.237,1.2648,0.002,0.142,-0.183,0.031,0.014,0.003,-0.0,-0.0,-0.0,-0.12,-0.12,0.12,0.0,0.0,0.0,0.0,1.0
41300.0,-33.1289,-31.2386,1.2655,-0.019,0.003,-0.235,0.03,0.025,0.004,-0.0,-0.0,-0.0,-0.12,-0.12,0.12,0.0,0.0,0.0,0.0,1.0
41308.0,-33.1289,-31.2392,1.2661,0.002,0.055,-0.096,0.038,0.01,0.002,-0.0,-0.0,-0.0,-0.12,-0.12,0.12,0.0,0.0,0.0,0.0,1.0
41316.0,-33.1303,-31.2377,1.2635,-0.069,0.115,-0.296,0.035,0.013,-0.002,-0.0,-0.0,-0.0,-0.12,-0.12,0.12,0.0,0.0,0.0,0.0,1.0
41323.0,-33.1297,-31.2381,1.2643,-0.253,0.068,-0.17,0.02,0.013,0.006,0.0,-0.0,-0.0,-0.12,-0.12,0.12,0.0,0.0,0.0,0.0,1.0
41331.0,-33.1342,-31.2374,1.2597,0.115,-0.27,0.01,0.003,0.004,-0.004,0.0,-0.0,-0.0,-0.12,-0.12,0.12,0.0,0.0,0.0,0.0,1.0
41339.0,-33.1359,-31.2373,1.2581,0.171,0.033,-0.032,-0.013,-0.009,-0.007,0.0,-0.0,-0.0,-0.12,-0.12,0.12,0.0,0.0,0.0,0.0,1.0
41347.0,-33.1353,-31.2379,1.2593,-0.035,-0.109,-0.002,-0.027,-0.01,-0.002,0.0,-0.0,-0.0,-0.12,-0.12,0.12,0.0,0.0,0.0,0.0,1.0
41354.0,-33.1329,-31.2379,1.2613,-0.034,-0.152,0.041,-0.034,-0.018,0.004,-0.0,-0.0,-0.0,-0.12,-0.12,0.12,0.0,0.0,0.0,0.0,1.0
41362.0,-33.1325,-31.2346,1.2585,-0.034,-0.022,-0.088,-0.045,-0.018,-0.013,-0.0,-0.0,-0.0,-0.12,-0.12,0.12,0.0,0.0,0.0,0.0,1.0
41370.0,-33.133,-31.2358,1.2592,0.066,-0.072,-0.138,-0.045,-0.01,-0.001,-0.0,-0.0,-0.0,-0.12,-0.12,0.12,0.0,0.0,0.0,0.0,1.0
41378.0,-33.1331,-31.2344,1.2578,0.101,-0.123,-0.017,-0.034,-0.014,0.014,-0.0,-0.0,-0.0,-0.12,-0.12,0.12,0.0,0.0,0.0,0.0,1.0
41385.0,-33.1331,-31.2351,1.2585,-0.049,0.168,-0.158,-0.026,-0.011,0.007,-0.0,-0.0,-0.0,-0.12,-0.12,0.12,0.0,0.0,0.0,0.0,1.0
41393.0,-33.1328,-31.2352,1.2588,-0.113,0.037,0.143,-0.023,0.004,-0.007,-0.0,-0.0,-0.0,-0.12,-0.12,0.12,0.0,0.0,0.0,0.0,1.0
41401.0,-33.1347,-31.2362,1.2582,-0.219,-0.112,0.081,-0.002,-0.0,-0.006,-0.0,-0.0,-0.0,-0.12,-0.12,0.12,0.0,0.0,0.0,0.0,1.0
41409.0,-33.1346,-31.2373,1.2592,0.001,-0.03,-0.01,0.008,-0.01,0.003,-0.0,-0.0,-0.0,-0.12,-0.12,0.12,0.0,0.0,0.0,0.0,1.0
41417.0,-33.1393,-31.2382,1.256,-0.035,-0.238,0.128,0.018,0.004,0.009,-0.0,-0.0,-0.0,-0.12,-0.12,0.12,0.0,0.0,0.0,0.0,1.0
41424.0,-33.1382,-31.2397,1.2584,0.22,-0.121,0.072,0.045,0.004,-0.003,-0.0,-0.0,-0.0,-0.12,-0.12,0.12,0.0,0.0,0.0,0.0,1.0
41432.0,-33.1377,-31.2403,1.2595,0.241,-0.025,0.168,0.041,0.012,-0.001,-0.0,-0.0,-0.0,-0.12,-0.12,0.12,0.0,0.0,0.0,0.0,1.0
41440.0,-33.1382,-31.2418,1.2605,0.205,0.112,-0.04,0.036,0.015,-0.006,-0.0,-0.0,-0.0,-0.12,-0.12,0.12,0.0,0.0,0.0,0.0,1.0
41447.0,-33.1374,-31.2446,1.2639,-0.1,-0.068,0.126,0.029,0.005,0.013,-0.0,-0.0,-0.0,-0.12,-0.12,0.12,0.0,0.0,0.0,0.0,1.0
41455.0,-33.139,-31.2426,1.2605,-0.071,-0.058,-0.123,0.019,0.008,-0.009,-0.0,-0.0,-0.0,-0.12,-0.12,0.12,0.0,0.0,0.0,0.0,1.0
41463.0,-33.1399,-31.2417,1.2588,-0.086,0.003,-0.063,-0.004,0.006,-0.003,-0.0,-0.0,-0.0,-0.12,-0.12,0.12,0.0,0.0,0.0,0.0,1.0
41471.0,-33.1377,-31.2392,1.2584,0.035,0.005,0.025,0.003,-0.011,0.008,-0.0,-0.0,-0.0,-0.12,-0.12,0.12,0.0,0.0,0.0,0.0,1.0
41479.0,-33.1354,-31.2372,1.2585,0.115,-0.183,-0.077,-0.033,0.005,-0.001,-0.0,-0.0,-0.0,-0.12,-0.12,0.12,0.0,0.0,0.0,0.0,1.0
41486.0,-33.135,-31.2367,1.2584,0.1,0.05,-0.189,-0.047,-0.01,0.008,-0.0,-0.0,-0.0,-0.12,-0.12,0.12,0.0,0.0,0.0,0.0,1.0
41494.0,-33.1353,-31.2361,1.2575,0.065,0.058,-0.268,-0.03,-0.008,0.003,-0.0,-0.0,-0.0,-0.12,-0.12,0.12,0.0,0.0,0.0,0.0,1.0
41502.0,-33.1348,-31.2352,1.2571,-0.035,-0.064,-0.045,-0.049,0.001,0.002,-0.0,-0.0,-0.0,-0.12,-0.12,0.12,0.0,0.0,0.0,0.0,1.0
41510.0,-33.1349,-31.2356,1.2573,0.0,-0.029,-0.01,-0.034,0.0,0.001,-0.0,-0.0,-0.0,-0.12,-0.12,0.12,0.0,0.0,0.0,0.0,1.0
41517.0,-33.1357,-31.2346,1.2557,-0.044,0.238,0.084,-0.004,-0.004,-0.008,-0.0,-0.0,-0.0,-0.12,-0.12,0.12,0.0,0.0,0.0,0.0,1.0
41525.0,-33.1364,-31.2328,1.2533,0.015,-0.046,-0.113,-0.004,-0.008,0.0,-0.0,-0.0,-0.0,-0.12,-0.12,0.12,0.0,0.0,0.0,0.0,1.0
41533.0,-33.135,-31.2339,1.2555,-0.149,0.132,-0.021,0.025,-0.003,-0.008,-0.0,-0.0,-0.0,-0.12,-0.12,0.12,0.0,0.0,0.0,0.0,1.0
41541.0,-33.1354,-31.2309,1.2523,0.121,0.147,-0.094,0.03,-0.004,-0.005,-0.0,-0.0,-0.0,-0.12,-0.12,0.12,0.0,0.0,0.0,0.0,1.0
41549.0,-33.1348,-31.2299,1.2519,0.235,-0.05,-0.117,0.039,-0.012,0.009,-0.0,-0.0,-0.0,-0.12,-0.12,0.12,0.0,0.0,0.0,0.0,1.0
41556.0,-33.1339,-31.2289,1.2516,-0.07,-0.142,-0.037,0.044,-0.008,0.001,-0.0,-0.0,-0.0,-0.12,-0.12,0.12,0.0,0.0,0.0,0.0,1.0
41564.0,-33.1338,-31.2292,1.2522,0.22,0.054,-0.1,0.044,0.0,0.005,-0.0,-0.0,-0.0,-0.12,-0.12,0.12,0.0,0.0,0.0,0.0,1.0
41572.0,-33.1344,-31.2329,1.2552,0.17,-0.094,0.097,0.03,0.007,-0.008,-0.0,-0.0,-0.0,-0.12,-0.12,0.12,0.0,0.0,0.0,0.0,1.0
41580.0,-33.1341,-31.2321,1.2546,0.029,-0.106,-0.173,0.012,0.003,-0.005,-0.0,-0.0,-0.0,-0.12,-0.12,0.12,0.0,0.0,0.0,0.0,1.0
41587.0,-33.1364,-31.2343,1.2547,-0.015,0.074,0.007,-0.003,-0.001,-0.008,-0.0,-0.0,-0.0,-0.12,-0.12,0.12,0.0,0.0,0.0,0.0,1.0
41595.0,-33.136,-31.2355,1.2563,-0.015,-0.012,0.093,-0.012,0.006,0.002,-0.0,-0.0,-0.0,-0.12,-0.12,0.12,0.0,0.0,0.0,0.0,1.0
41603.0,-33.137,-31.2343,1.2542,0.064,-0.201,-0.009,-0.022,0.004,-0.001,-0.0,-0.0,-0.0,-0.12,-0.12,0.12,0.0,0.0,0.0,0.0,1.0
41611.0,-33.1386,-31.2348,1.2533,0.07,0.17,-0.069,-0.037,0.005,0.006,-0.0,-0.0,-0.0,-0.12,-0.12,0.12,0.0,0.0,0.0,0.0,1.0
41619.0,-33.1389,-31.2338,1.2521,0.049,-0.054,-0.035,-0.046,-0.009,0.009,-0.0,-0.0,-0.0,-0.12,-0.12,0.12,0.0,0.0,0.0,0.0,1.0
41626.0,-33.1411,-31.236,1.2522,0.034,0.092,-0.061,-0.039,-0.001,-0.002,-0.0,-0.0,-0.0,-0.12,-0.12,0.12,0.0,0.0,0.0,0.0,1.0
41634.0,-33.139,-31.2361,1.2542,0.028,-0.15,-0.13,-0.04,-0.006,0.0,-0.0,-0.0,-0.0,-0.12,-0.12,0.12,0.0,0.0,0.0,0.0,1.0
41642.0,-33.1376,-31.2379,1.2571,0.12,-0.114,0.165,-0.034,-0.011,-0.002,-0.0,-0.0,-0.0,-0.12,-0.12,0.12,0.0,0.0,0.0,0.0,1.0
41649.0,-33.1378,-31.2387,1.2578,-0.22,-0.155,0.124,-0.016,0.002,0.002,-0.0,-0.0,-0.0,-0.12,-0.12,0.12,0.0,0.0,0.0,0.0,1.0
41657.0,-33.1365,-31.2388,1.2591,-0.05,0.038,-0.028,-0.018,-0.001,-0.003,-0.0,-0.0,-0.0,-0.12,-0.12,0.12,0.0,0.0,0.0,0.0,1.0
41665.0,-33.1362,-31.2378,1.2583,-0.065,0.055,0.075,0.021,0.007,0.002,-0.0,-0.0,-0.0,-0.12,-0.12,0.12,0.0,0.0,0.0,0.0,1.0
41673.0,-33.1352,-31.2404,1.2617,-0.129,0.226,0.074,0.04,-0.006,-0.006,-0.0,-0.0,-0.0,-0.12,-0.12,0.12,0.0,0.0,0.0,0.0,1.0
41680.0,-33.1395,-31.2388,1.2564,-0.335,0.127,0.061,0.036,0.013,-0.002,-0.0,-0.0,-0.0,-0.12,-0.12,0.12,0.0,0.0,0.0,0.0,1.0
41689.0,-33.1379,-31.2401,1.2591,-0.015,0.029,0.05,0.059,0.004,0.001,-0.0,-0.0,-0.0,-0.12,-0.12,0.12,0.0,0.0,0.0,0.0,1.0
41696.0,-33.137,-31.2395,1.2593,0.255,-0.129,0.151,0.059,0.014,-0.008,-0.0,-0.0,-0.0,-0.12,-0.12,0.12,0.0,0.0,0.0,0.0,1.0
41704.0,-33.1366,-31.2414,1.2615,0.155,-0.08,0.2,0.053,-0.001,0.002,-0.0,-0.0,-0.0,-0.12,-0.12,0.12,0.0,0.0,0.0,0.0,1.0
41712.0,-33.1351,-31.2429,1.2643,-0.241,-0.079,-0.144,0.041,-0.006,-0.001,0.0,-0.0,-0.0,-0.12,-0.12,0.12,0.0,0.0,0.0,0.0,1.0
41719.0,-33.1342,-31.2441,1.2662,0.164,-0.166,-0.145,0.025,0.005,0.004,0.0,-0.0,-0.0,-0.12,-0.12,0.12,0.0,0.0,0.0,0.0,1.0
41727.0,-33.1334,-31.2443,1.2671,0.056,0.272,-0.052,0.008,-0.003,0.006,0.0,-0.0,-0.0,-0.12,-0.12,0.12,0.0,0.0,0.0,0.0,1.0
41735.0,-33.1334,-31.2451,1.268,-0.199,0.154,0.004,-0.014,-0.005,0.006,0.0,-0.0,-0.0,-0.12,-0.12,0.12,0.0,0.0,0.0,0.0,1.0
41743.0,-33.134,-31.2439,1.2662,-0.149,0.13,-0.021,-0.035,-0.011,-0.007,0.0,-0.0,-0.0,-0.12,-0.12,0.12,0.0,0.0,0.0,0.0,1.0
41751.0,-33.1323,-31.2436,1.2674,-0.014,-0.058,0.137,-0.042,-0.009,0.008,-0.0,-0.0,-0.0,-0.12,-0.12,0.12,0.0,0.0,0.0,0.0,1.0
41758.0,-33.1328,-31.2393,1.2628,0.001,0.013,-0.053,-0.047,-0.007,-0.004,-0.0,-0.0,-0.0,-0.12,-0.12,0.12,0.0,0.0,0.0,0.0,1.0
41766.0,-33.1322,-31.2372,1.2612,-0.014,-0.013,0.093,-0.053,-0.004,-0.005,-0.0,-0.0,-0.0,-0.12,-0.12,0.12,0.0,0.0,0.0,0.0,1.0
41774.0,-33.1329,-31.2341,1.2576,0.101,0.093,-0.232,-0.038,-0.011,0.01,-0.0,-0.0,-0.0,-0.12,-0.12,0.12,0.0,0.0,0.0,0.0,1.0
41782.0,-33.1308,-31.2334,1.2588,0.292,-0.136,0.229,-0.035,0.005,-0.002,-0.0,-0.0,-0.0,-0.12,-0.12,0.12,0.0,0.0,0.0,0.0,1.0
41789.0,-33.1305,-31.2344,1.2601,0.101,-0.079,-0.06,-0.015,-0.014,-0.003,-0.0,-0.0,-0.0,-0.12,-0.12,0.12,0.0,0.0,0.0,0.0,1.0
41797.0,-33.1277,-31.2356,1.2637,0.023,0.065,0.086,-0.002,0.004,0.004,-0.0,-0.0,-0.0,-0.12,-0.12,0.12,0.0,0.0,0.0,0.0,1.0
41805.0,-33.1266,-31.2365,1.2656,0.002,0.056,-0.096,0.032,0.014,-0.01,-0.0,-0.0,-0.0,-0.12,-0.12,0.12,0.0,0.0,0.0,0.0,1.0
41813.0,-33.1283,-31.2361,1.2637,-0.013,0.073,0.007,0.032,0.007,-0.012,-0.0,-0.0,-0.0,-0.12,-0.12,0.12,0.0,0.0,0.0,0.0,1.0
41820.0,-33.1291,-31.2373,1.2641,-0.048,0.038,-0.028,0.029,0.004,0.001,-0.0,-0.0,-0.0,-0.12,-0.12,0.12,0.0,0.0,0.0,0.0,1.0
41828.0,-33.1283,-31.2354,1.2629,0.002,0.013,-0.053,0.026,0.003,0.004,-0.0,-0.0,-0.0,-0.12,-0.12,0.12,0.0,0.0,0.0,0.0,1.0
41836.0,-33.1263,-31.2349,1.2643,0.137,0.042,-0.111,0.04,0.005,0.007,-0.0,-0.0,-0.0,-0.12,-0.12,0.12,0.0,0.0,0.0,0.0,1.0
41844.0,-33.1245,-31.2349,1.2658,0.003,0.013,-0.053,0.012,0.006,0.002,-0.0,-0.0,-0.0,-0.12,-0.12,0.12,0.0,0.0,0.0,0.0,1.0
41852.0,-33.126,-31.235,1.2646,0.102,-0.123,-0.017,0.003,0.007,-0.0,-0.0,-0.0,-0.0,-0.12,-0.12,0.12,0.0,0.0,0.0,0.0,1.0
41860.0,-33.1216,-31.2332,1.2666,0.059,0.058,0.164,-0.008,-0.003,0.002,-0.0,-0.0,-0.0,-0.12,-0.12,0.12,0.0,0.0,0.0,0.0,1.0
41867.0,-33.1201,-31.2359,1.2707,-0.011,0.03,0.05,-0.02,-0.001,-0.008,-0.0,-0.0,-0.0,-0.12,-0.12,0.12,0.0,0.0,0.0,0.0,1.0
41875.0,-33.1203,-31.2342,1.2689,-0.117,0.011,-0.142,-0.014,-0.004,0.002,-0.0,-0.0,-0.0,-0.12,-0.12,0.12,0.0,0.0,0.0,0.0,1.0
41883.0,-33.1194,-31.2352,1.2706,0.003,-0.03,-0.01,-0.008,-0.003,0.004,-0.0,-0.0,-0.0,-0.12,-0.12,0.12,0.0,0.0,0.0,0.0,1.0
41890.0,-33.1212,-31.2328,1.2667,-0.032,-0.022,-0.088,-0.007,-0.004,0.0,-0.0,-0.0,-0.0,-0.12,-0.12,0.12,0.0,0.0,0.0,0.0,1.0
41898.0,-33.1248,-31.2342,1.2649,-0.132,-0.016,0.005,-0.01,-0.016,0.006,-0.0,-0.0,-0.0,-0.12,-0.12,0.12,0.0,0.0,0.0,0.0,1.0
41906.0,-33.1247,-31.2341,1.2649,-0.068,-0.014,-0.167,-0.001,-0.0,0.004,-0.0,-0.0,-0.0,-0.12,-0.12,0.12,0.0,0.0,0.0,0.0,1.0
41914.0,-33.1241,-31.234,1.2653,0.073,-0.003,0.104,-0.014,0.011,0.008,-0.0,-0.0,-0.0,-0.12,-0.12,0.12,0.0,0.0,0.0,0.0,1.0
41922.0,-33.1238,-31.2333,1.2648,0.243,0.018,0.124,0.002,-0.004,0.015,-0.0,-0.0,-0.0,-0.12,-0.12,0.12,0.0,0.0,0.0,0.0,1.0
41930.0,-33.1251,-31.2359,1.2663,0.037,0.005,0.025,0.003,0.019,0.004,-0.0,-0.0,-0.0,-0.12,-0.12,0.12,0.0,0.0,0.0,0.0,1.0
41937.0,-33.1268,-31.2373,1.2662,-0.013,0.029,0.05,0.001,0.013,-0.003,-0.0,-0.0,-0.0,-0.12,-0.12,0.12,0.0,0.0,0.0,0.0,1.0
41945.0,-33.1264,-31.2397,1.2689,-0.147,0.043,0.065,0.006,0.016,-0.011,-0.0,-0.0,-0.0,-0.12,-0.12,0.12,0.0,0.0,0.0,0.0,1.0
41953.0,-33.1258,-31.2397,1.2693,-0.112,-0.008,0.186,0.011,0.009,0.006,-0.0,-0.0,-0.0,-0.12,-0.12,0.12,0.0,0.0,0.0,0.0,1.0
41960.0,-33.1278,-31.2414,1.2692,-0.013,0.115,-0.036,0.011,0.002,-0.006,-0.0,-0.0,-0.0,-0.12,-0.12,0.12,0.0,0.0,0.0,0.0,1.0
41968.0,-33.1277,-31.2381,1.2661,-0.156,0.173,0.367,0.018,0.004,-0.006,-0.0,-0.0,-0.0,-0.12,-0.12,0.12,0.0,0.0,0.0,0.0,1.0
41976.0,-33.1284,-31.2377,1.2651,-0.068,-0.015,-0.167,0.002,0.01,-0.003,-0.0,-0.0,-0.0,-0.12,-0.12,0.12,0.0,0.0,0.0,0.0,1.0
41984.0,-33.1296,-31.2348,1.2613,-0.013,0.116,-0.036,0.002,0.0,0.006,-0.0,-0.0,-0.0,-0.12,-0.12,0.12,0.0,0.0,0.0,0.0,1.0
41992.0,-33.1292,-31.235,1.2618,-0.019,-0.039,-0.192,-0.009,0.003,-0.002,-0.0,-0.0,-0.0,-0.12,-0.12,0.12,0.0,0.0,0.0,0.0,1.0
41999.0,-33.1281,-31.2339,1.2616,0.222,-0.121,0.072,-0.004,0.005,0.008,-0.0,-0.0,-0.0,-0.12,-0.12,0.12,0.0,0.0,0.0,0.0,1.0
42007.0,-33.126,-31.2339,1.2636,0.003,0.056,-0.096,-0.009,0.001,0.006,-0.0,-0.0,-0.0,-0.12,-0.12,0.12,0.0,0.0,0.0,0.0,1.0
42015.0,-33.1265,-31.235,1.2642,-0.112,0.123,0.057,-0.004,0.008,0.001,-0.0,-0.0,-0.0,-0.12,-0.12,0.12,0.0,0.0,0.0,0.0,1.0
42023.0,-33.13,-31.2341,1.2603,-0.183,0.053,-0.014,0.014,0.01,-0.002,-0.0,-0.0,-0.0,-0.12,-0.12,0.12,0.0,0.0,0.0,0.0,1.0
42030.0,-33.1328,-31.234,1.2576,-0.027,0.133,0.067,0.014,0.008,-0.011,-0.0,-0.0,-0.0,-0.12,-0.12,0.12,0.0,0.0,0.0,0.0,1.0
42038.0,-33.1332,-31.2341,1.2573,0.022,0.238,-0.087,0.015,0.008,0.004,-0.0,-0.0,-0.0,-0.12,-0.12,0.12,0.0,0.0,0.0,0.0,1.0
42046.0,-33.132,-31.2324,1.2567,-0.127,0.14,0.16,0.01,-0.009,-0.001,-0.0,-0.0,-0.0,-0.12,-0.12,0.12,0.0,0.0,0.0,0.0,1.0
42054.0,-33.131,-31.2323,1.2575,0.002,-0.073,0.033,-0.005,0.008,-0.006,-0.0,-0.0,-0.0,-0.12,-0.12,0.12,0.0,0.0,0.0,0.0,1.0
42062.0,-33.1304,-31.2307,1.2565,0.052,-0.012,-0.078,-0.01,0.001,-0.002,-0.0,-0.0,-0.0,-0.12,-0.12,0.12,0.0,0.0,0.0,0.0,1.0
42069.0,-33.129,-31.2331,1.2602,0.017,-0.22,0.059,-0.003,0.001,0.015,-0.0,-0.0,-0.0,-0.12,-0.12,0.12,0.0,0.0,0.0,0.0,1.0
42077.0,-33.1276,-31.2356,1.2637,0.038,-0.125,0.155,-0.018,-0.004,-0.007,-0.0,-0.0,-0.0,-0.12,-0.12,0.12,0.0,0.0,0.0,0.0,1.0
42085.0,-33.1273,-31.2388,1.2672,-0.033,-0.239,0.128,-0.011,0.003,-0.002,-0.0,-0.0,-0.0,-0.12,-0.12,0.12,0.0,0.0,0.0,0.0,1.0
42092.0,-33.1286,-31.2384,1.2657,-0.103,-0.137,-0.116,0.002,-0.019,-0.004,-0.0,-0.0,-0.0,-0.12,-0.12,0.12,0.0,0.0,0.0,0.0,1.0
42100.0,-33.1284,-31.2376,1.265,0.152,-0.105,-0.085,-0.007,-0.015,-0.0,-0.0,-0.0,-0.0,-0.12,-0.12,0.12,0.0,0.0,0.0,0.0,1.0
42108.0,-33.1298,-31.2366,1.2628,-0.062,0.011,0.118,0.003,-0.003,0.01,-0.0,-0.0,-0.0,-0.12,-0.12,0.12,0.0,0.0,0.0,0.0,1.0
42116.0,-33.1315,-31.2347,1.2595,0.072,0.213,-0.112,0.006,-0.013,-0.001,-0.0,-0.0,-0.0,-0.12,-0.12,0.12,0.0,0.0,0.0,0.0,1.0
42124.0,-33.1323,-31.2315,1.2557,0.122,0.016,0.036,0.018,-0.01,-0.0,-0.0,-0.0,-0.0,-0.12,-0.12,0.12,0.0,0.0,0.0,0.0,1.0
42131.0,-33.131,-31.2301,1.2555,0.286,0.011,-0.229,0.01,-0.003,-0.006,-0.0,-0.0,-0.0,-0.12,-0.12,0.12,0.0,0.0,0.0,0.0,1.0
42139.0,-33.1289,-31.2323,1.2594,0.052,-0.011,-0.078,0.001,-0.003,-0.011,-0.0,-0.0,-0.0,-0.12,-0.12,0.12,0.0,0.0,0.0,0.0,1.0
42147.0,-33.1257,-31.2348,1.2647,0.166,-0.165,-0.145,-0.0,0.015,-0.005,-0.0,-0.0,-0.0,-0.12,-0.12,0.12,0.0,0.0,0.0,0.0,1.0
42154.0,-33.13,-31.2378,1.2638,0.016,-0.091,-0.07,-0.009,0.022,-0.008,-0.0,-0.0,-0.0,-0.12,-0.12,0.12,0.0,0.0,0.0,0.0,1.0
42162.0,-33.1304,-31.2399,1.2656,-0.148,0.087,0.022,-0.016,0.032,0.011,-0.0,-0.0,-0.0,-0.12,-0.12,0.12,0.0,0.0,0.0,0.0,1.0
42170.0,-33.1295,-31.2402,1.2666,-0.183,0.181,-0.143,-0.016,0.021,-0.001,-0.0,-0.0,-0.0,-0.12,-0.12,0.12,0.0,0.0,0.0,0.0,1.0
42178.0,-33.1303,-31.2376,1.2633,-0.013,0.072,0.007,-0.009,0.025,-0.02,-0.0,-0.0,-0.0,-0.12,-0.12,0.12,0.0,0.0,0.0,0.0,1.0
42186.0,-33.1332,-31.2361,1.2594,-0.049,-0.049,0.058,-0.003,0.007,0.002,-0.0,-0.0,-0.0,-0.12,-0.12,0.12,0.0,0.0,0.0,0.0,1.0
42193.0,-33.1324,-31.2363,1.2602,0.101,-0.08,-0.06,-0.008,-0.009,0.004,-0.0,-0.0,-0.0,-0.12,-0.12,0.12,0.0,0.0,0.0,0.0,1.0
42201.0,-33.1298,-31.2353,1.2615,0.116,-0.27,0.01,0.005,-0.017,0.008,-0.0,-0.0,-0.0,-0.12,-0.12,0.12,0.0,0.0,0.0,0.0,1.0
42209.0,-33.1279,-31.234,1.2619,0.365,-0.178,-0.331,-0.001,-0.032,-0.004,-0.0,-0.0,-0.0,-0.12,-0.12,0.12,0.0,0.0,0.0,0.0,1.0
42217.0,-33.127,-31.2363,1.265,0.421,-0.177,-0.071,0.02,-0.044,0.004,-0.0,-0.0,-0.0,-0.12,-0.12,0.12,0.0,0.0,0.0,0.0,1.0
42224.0,-33.1286,-31.2366,1.2638,-0.183,-0.077,0.116,0.007,-0.041,-0.007,-0.0,-0.0,-0.0,-0.12,-0.12,0.12,0.0,0.0,0.0,0.0,1.0
42232.0,-33.1283,-31.2361,1.2637,0.001,0.013,-0.053,0.009,-0.041,-0.002,-0.0,-0.0,-0.0,-0.12,-0.12,0.12,0.0,0.0,0.0,0.0,1.0
42240.0,-33.1252,-31.2373,1.2675,-0.048,-0.092,0.101,0.019,-0.027,-0.007,-0.0,-0.0,-0.0,-0.12,-0.12,0.12,0.0,0.0,0.0,0.0,1.0
42248.0,-33.1247,-31.2355,1.2662,-0.083,0.089,-0.15,0.022,-0.008,0.009,-0.0,-0.0,-0.0,-0.12,-0.12,0.12,0.0,0.0,0.0,0.0,1.0
42256.0,-33.1243,-31.2333,1.2645,0.038,0.092,-0.061,0.025,0.021,0.005,-0.0,-0.0,-0.0,-0.12,-0.12,0.12,0.0,0.0,0.0,0.0,1.0
42263.0,-33.1264,-31.2302,1.2595,0.023,0.325,-0.173,0.005,0.018,-0.002,-0.0,-0.0,-0.0,-0.12,-0.12,0.12,0.0,0.0,0.0,0.0,1.0
42271.0,-33.1275,-31.2312,1.2596,-0.218,-0.025,-0.006,0.01,0.05,-0.004,0.0,-0.0,-0.0,-0.12,-0.12,0.12,0.0,0.0,0.0,0.0,1.0
42279.0,-33.1284,-31.2302,1.2578,0.157,0.095,0.028,0.002,0.057,0.001,0.0,-0.0,-0.0,-0.12,-0.12,0.12,0.0,0.0,0.0,0.0,1.0
42286.0,-33.1292,-31.2319,1.2587,0.136,0.042,-0.111,-0.0,0.058,0.003,0.0,-0.0,-0.0,-0.12,-0.12,0.12,0.0,0.0,0.0,0.0,1.0
42294.0,-33.1308,-31.2367,1.2621,0.071,0.04,0.061,-0.007,0.052,0.015,0.0,-0.0,-0.0,-0.12,-0.12,0.12,0.0,0.0,0.0,0.0,1.0
42302.0,-33.1279,-31.2387,1.2666,0.022,0.021,0.129,-0.022,0.018,-0.008,-0.0,-0.0,-0.0,-0.12,-0.12,0.12,0.0,0.0,0.0,0.0,1.0
42310.0,-33.1276,-31.239,1.2671,0.072,-0.047,0.147,-0.025,-0.005,-0.003,-0.0,-0.0,-0.0,-0.12,-0.12,0.12,0.0,0.0,0.0,0.0,1.0
42318.0,-33.1259,-31.2357,1.2653,0.072,-0.089,0.19,-0.025,-0.027,-0.004,-0.0,-0.0,-0.0,-0.12,-0.12,0.12,0.0,0.0,0.0,0.0,1.0
42326.0,-33.1251,-31.2343,1.2647,-0.048,-0.048,0.058,-0.019,-0.039,0.004,-0.0,-0.0,-0.0,-0.12,-0.12,0.12,0.0,0.0,0.0,0.0,1.0
42333.0,-33.1263,-31.232,1.2614,0.072,0.17,-0.069,-0.02,-0.061,-0.003,-0.0,-0.0,-0.0,-0.12,-0.12,0.12,0.0,0.0,0.0,0.0,1.0
42341.0,-33.1244,-31.2321,1.2631,0.272,-0.102,0.004,-0.009,-0.056,-0.008,-0.0,-0.0,-0.0,-0.12,-0.12,0.12,0.0,0.0,0.0,0.0,1.0
42349.0,-33.1237,-31.2339,1.2656,0.002,-0.03,-0.01,-0.003,-0.034,0.0,-0.0,-0.0,-0.0,-0.12,-0.12,0.12,0.0,0.0,0.0,0.0,1.0
42357.0,-33.1227,-31.2357,1.2682,0.413,-0.091,0.275,0.017,-0.02,-0.005,-0.0,-0.0,-0.0,-0.12,-0.12,0.12,0.0,0.0,0.0,0.0,1.0
42365.0,-33.1221,-31.2372,1.2701,-0.154,-0.155,-0.047,0.021,-0.021,-0.004,-0.0,-0.0,-0.0,-0.12,-0.12,0.12,0.0,0.0,0.0,0.0,1.0
42373.0,-33.1223,-31.2375,1.2703,0.016,-0.005,-0.156,0.033,0.008,0.003,-0.0,-0.0,-0.0,-0.12,-0.12,0.12,0.0,0.0,0.0,0.0,1.0
42380.0,-33.1243,-31.2371,1.2681,-0.163,0.147,0.082,0.027,0.013,0.009,-0.0,-0.0,-0.0,-0.12,-0.12,0.12,0.0,0.0,0.0,0.0,1.0
42388.0,-33.1249,-31.2382,1.2686,0.016,-0.048,-0.113,0.027,0.032,-0.012,-0.0,-0.0,-0.0,-0.12,-0.12,0.12,0.0,0.0,0.0,0.0,1.0
42396.0,-33.1268,-31.2377,1.2665,-0.148,0.001,0.108,0.023,0.049,0.002,0.0,-0.0,-0.0,-0.12,-0.12,0.12,0.0,0.0,0.0,0.0,1.0
42403.0,-33.1263,-31.2366,1.2659,0.107,-0.054,0.225,-0.002,0.055,-0.001,0.0,-0.0,-0.0,-0.12,-0.12,0.12,0.0,0.0,0.0,0.0,1.0
42411.0,-33.1252,-31.2358,1.2661,-0.049,0.167,-0.158,-0.002,0.052,-0.011,0.0,-0.0,-0.0,-0.12,-0.12,0.12,0.0,0.0,0.0,0.0,1.0
42419.0,-33.126,-31.2368,1.2663,0.072,-0.047,0.147,-0.03,0.037,-0.004,-0.0,-0.0,-0.0,-0.12,-0.12,0.12,0.0,0.0,0.0,0.0,1.0
42427.0,-33.1244,-31.2377,1.2687,0.072,0.083,0.017,-0.042,0.014,-0.014,-0.0,-0.0,-0.0,-0.12,-0.12,0.12,0.0,0.0,0.0,0.0,1.0
42434.0,-33.125,-31.2367,1.2671,0.022,0.151,-0.001,-0.063,-0.009,0.003,-0.0,-0.0,-0.0,-0.12,-0.12,0.12,0.0,0.0,0.0,0.0,1.0
42442.0,-33.1241,-31.2375,1.2687,-0.169,0.078,-0.16,-0.049,-0.018,-0.007,-0.0,-0.0,-0.0,-0.12,-0.12,0.12,0.0,0.0,0.0,0.0,1.0
42450.0,-33.1252,-31.2389,1.2691,-0.019,-0.17,-0.062,-0.034,-0.029,0.005,-0.0,-0.0,-0.0,-0.12,-0.12,0.12,0.0,0.0,0.0,0.0,1.0
42458.0,-33.1233,-31.2395,1.2713,0.157,-0.037,0.157,-0.011,-0.054,0.001,-0.0,-0.0,-0.0,-0.12,-0.12,0.12,0.0,0.0,0.0,0.0,1.0
42466.0,-33.1248,-31.2382,1.2687,-0.013,0.029,0.05,-0.018,-0.043,-0.004,-0.0,-0.0,-0.0,-0.12,-0.12,0.12,0.0,0.0,0.0,0.0,1.0
42473.0,-33.1255,-31.2363,1.2663,0.128,0.084,0.278,0.017,-0.042,0.005,-0.0,-0.0,-0.0,-0.12,-0.12,0.12,0.0,0.0,0.0,0.0,1.0
42481.0,-33.1261,-31.2376,1.267,0.122,-0.029,0.079,0.033,-0.025,0.005,-0.0,-0.0,-0.0,-0.12,-0.12,0.12,0.0,0.0,0.0,0.0,1.0
42489.0,-33.1253,-31.238,1.2681,0.192,0.128,0.063,0.035,0.004,0.007,-0.0,-0.0,-0.0,-0.12,-0.12,0.12,0.0,0.0,0.0,0.0,1.0
42496.0,-33.1266,-31.2418,1.2707,-0.084,-0.042,-0.02,0.052,0.008,-0.007,-0.0,-0.0,-0.0,-0.12,-0.12,0.12,0.0,0.0,0.0,0.0,1.0
42504.0,-33.1294,-31.2436,1.27,0.021,0.149,-0.001,0.052,0.031,0.003,-0.0,-0.0,-0.0,-0.12,-0.12,0.12,0.0,0.0,0.0,0.0,1.0
42512.0,-33.131,-31.2469,1.2719,-0.199,0.153,0.004,0.042,0.041,0.003,-0.0,-0.0,-0.0,-0.12,-0.12,0.12,0.0,0.0,0.0,0.0,1.0
42520.0,-33.1314,-31.2452,1.2697,0.127,0.211,0.148,0.025,0.04,-0.002,0.0,-0.0,-0.0,-0.12,-0.12,0.12,0.0,0.0,0.0,0.0,1.0
42528.0,-33.1338,-31.2464,1.2688,-0.384,0.322,-0.086,0.013,0.044,-0.004,0.0,-0.0,-0.0,-0.12,-0.12,0.12,0.0,0.0,0.0,0.0,1.0
42535.0,-33.1326,-31.247,1.2705,0.035,-0.084,0.112,-0.007,0.038,0.001,0.0,-0.0,-0.0,-0.12,-0.12,0.12,0.0,0.0,0.0,0.0,1.0
42543.0,-33.1349,-31.2428,1.2644,-0.37,0.09,0.026,-0.021,0.023,-0.004,0.0,-0.0,-0.0,-0.12,-0.12,0.12,0.0,0.0,0.0,0.0,1.0
42551.0,-33.1355,-31.2413,1.2623,-0.015,-0.015,0.094,-0.025,-0.004,-0.011,-0.0,-0.0,-0.0,-0.12,-0.12,0.12,0.0,0.0,0.0,0.0,1.0
42559.0,-33.1344,-31.2378,1.2599,-0.035,-0.023,-0.088,-0.031,-0.014,0.002,-0.0,-0.0,-0.0,-0.12,-0.12,0.12,0.0,0.0,0.0,0.0,1.0
42567.0,-33.1369,-31.2354,1.2554,-0.106,-0.137,-0.116,-0.034,-0.03,-0.006,-0.0,-0.0,-0.0,-0.12,-0.12,0.12,0.0,0.0,0.0,0.0,1.0
42574.0,-33.1361,-31.2355,1.2562,0.029,-0.151,-0.13,-0.023,-0.036,-0.005,-0.0,-0.0,-0.0,-0.12,-0.12,0.12,0.0,0.0,0.0,0.0,1.0
42582.0,-33.1355,-31.2348,1.256,-0.036,-0.023,-0.088,0.002,-0.033,0.012,-0.0,-0.0,-0.0,-0.12,-0.12,0.12,0.0,0.0,0.0,0.0,1.0
42590.0,-33.1396,-31.2356,1.2532,0.119,-0.028,0.079,0.014,-0.033,-0.005,-0.0,-0.0,-0.0,-0.12,-0.12,0.12,0.0,0.0,0.0,0.0,1.0
42598.0,-33.1389,-31.2367,1.2549,0.09,0.135,0.156,0.034,-0.021,0.003,-0.0,-0.0,-0.0,-0.12,-0.12,0.12,0.0,0.0,0.0,0.0,1.0
42605.0,-33.1377,-31.238,1.2572,0.034,-0.255,0.284,0.027,-0.028,0.01,-0.0,-0.0,-0.0,-0.12,-0.12,0.12,0.0,0.0,0.0,0.0,1.0
42613.0,-33.1404,-31.2402,1.257,-0.086,0.001,-0.063,0.03,-0.014,0.005,-0.0,-0.0,-0.0,-0.12,-0.12,0.12,0.0,0.0,0.0,0.0,1.0
42621.0,-33.1387,-31.2396,1.2579,0.084,0.022,-0.043,0.022,-0.003,-0.006,0.0,-0.0,-0.0,-0.12,-0.12,0.12,0.0,0.0,0.0,0.0,1.0
42629.0,-33.1415,-31.2379,1.2538,-0.142,-0.301,-0.021,0.025,0.024,-0.004,0.0,-0.0,-0.0,-0.12,-0.12,0.12,0.0,0.0,0.0,0.0,1.0
42636.0,-33.1383,-31.2392,1.2578,0.24,0.017,0.124,0.025,0.016,-0.007,0.0,-0.0,-0.0,-0.12,-0.12,0.12,0.0,0.0,0.0,0.0,1.0
42644.0,-33.1377,-31.2374,1.2566,0.034,-0.082,0.112,-0.005,0.027,0.007,0.0,-0.0,-0.0,-0.12,-0.12,0.12,0.0,0.0,0.0,0.0,1.0
42652.0,-33.1343,-31.2359,1.2581,-0.156,-0.198,-0.004,-0.014,0.035,0.007,0.0,-0.0,-0.0,-0.12,-0.12,0.12,0.0,0.0,0.0,0.0,1.0
42660.0,-33.1336,-31.2355,1.2584,-0.114,0.166,0.014,-0.022,0.033,-0.004,0.0,-0.0,-0.0,-0.12,-0.12,0.12,0.0,0.0,0.0,0.0,1.0
42668.0,-33.1321,-31.2366,1.2608,-0.099,0.105,-0.046,-0.026,0.018,-0.002,0.0,-0.0,-0.0,-0.12,-0.12,0.12,0.0,0.0,0.0,0.0,1.0
42675.0,-33.1327,-31.2373,1.261,-0.07,0.028,-0.21,-0.012,0.02,0.001,-0.0,-0.0,-0.0,-0.12,-0.12,0.12,0.0,0.0,0.0,0.0,1.0
42683.0,-33.1349,-31.2355,1.2572,-0.305,-0.037,-0.016,-0.028,-0.004,0.002,-0.0,-0.0,-0.0,-0.12,-0.12,0.12,0.0,0.0,0.0,0.0,1.0
42691.0,-33.1346,-31.2338,1.2559,-0.014,0.288,-0.209,-0.024,-0.001,0.0,-0.0,-0.0,-0.0,-0.12,-0.12,0.12,0.0,0.0,0.0,0.0,1.0
42698.0,-33.1384,-31.235,1.2537,-0.036,-0.023,-0.088,-0.03,-0.022,-0.0,-0.0,-0.0,-0.0,-0.12,-0.12,0.12,0.0,0.0,0.0,0.0,1.0
42706.0,-33.1397,-31.2343,1.2519,0.049,-0.012,-0.078,0.005,-0.019,0.004,-0.0,-0.0,-0.0,-0.12,-0.12,0.12,0.0,0.0,0.0,0.0,1.0
42714.0,-33.1381,-31.2375,1.2564,0.248,-0.285,-0.005,-0.007,-0.034,-0.005,-0.0,-0.0,-0.0,-0.12,-0.12,0.12,0.0,0.0,0.0,0.0,1.0
42722.0,-33.1365,-31.2408,1.261,0.184,-0.157,0.037,0.005,-0.019,0.001,-0.0,-0.0,-0.0,-0.12,-0.12,0.12,0.0,0.0,0.0,0.0,1.0
42730.0,-33.1383,-31.2454,1.2639,-0.03,0.002,0.197,0.014,-0.012,0.003,-0.0,-0.0,-0.0,-0.12,-0.12,0.12,0.0,0.0,0.0,0.0,1.0
42737.0,-33.1353,-31.2437,1.2648,0.041,0.245,0.095,0.022,-0.009,0.002,-0.0,-0.0,-0.0,-0.12,-0.12,0.12,0.0,0.0,0.0,0.0,1.0
42745.0,-33.1344,-31.2448,1.2667,-0.079,0.07,0.179,0.015,0.005,0.002,-0.0,-0.0,-0.0,-0.12,-0.12,0.12,0.0,0.0,0.0,0.0,1.0
42753.0,-33.1359,-31.244,1.2647,-0.144,0.198,0.221,0.02,-0.002,0.007,-0.0,-0.0,-0.0,-0.12,-0.12,0.12,0.0,0.0,0.0,0.0,1.0
42761.0,-33.1368,-31.2408,1.2608,-0.065,0.096,0.032,0.015,0.012,-0.002,0.0,-0.0,-0.0,-0.12,-0.12,0.12,0.0,0.0,0.0,0.0,1.0
42768.0,-33.1353,-31.2393,1.2606,0.085,-0.021,0.001,0.01,0.022,0.003,0.0,-0.0,-0.0,-0.12,-0.12,0.12,0.0,0.0,0.0,0.0,1.0
42776.0,-33.1344,-31.2362,1.2584,0.065,-0.03,-0.181,0.02,0.004,0.015,0.0,-0.0,-0.0,-0.12,-0.12,0.12,0.0,0.0,0.0,0.0,1.0
42784.0,-33.1351,-31.2338,1.2555,-0.1,-0.024,0.083,0.002,0.019,0.004,0.0,-0.0,-0.0,-0.12,-0.12,0.12,0.0,0.0,0.0,0.0,1.0
42792.0,-33.1334,-31.2331,1.2562,0.05,-0.098,0.008,-0.014,0.015,0.0,0.0,-0.0,-0.0,-0.12,-0.12,0.12,0.0,0.0,0.0,0.0,1.0
42799.0,-33.1334,-31.232,1.2551,0.036,0.005,0.025,-0.013,0.004,0.008,0.0,-0.0,-0.0,-0.12,-0.12,0.12,0.0,0.0,0.0,0.0,1.0
42807.0,-33.1314,-31.2317,1.2566,0.021,0.108,0.042,-0.012,0.007,-0.005,0.0,-0.0,-0.0,-0.12,-0.12,0.12,0.0,0.0,0.0,0.0,1.0
42815.0,-33.1314,-31.2319,1.2569,-0.064,0.184,-0.054,-0.017,0.008,-0.004,-0.0,-0.0,-0.0,-0.12,-0.12,0.12,0.0,0.0,0.0,0.0,1.0
42823.0,-33.1347,-31.2305,1.2526,-0.079,0.201,0.049,-0.008,0.004,0.004,-0.0,-0.0,-0.0,-0.12,-0.12,0.12,0.0,0.0,0.0,0.0,1.0
42830.0,-33.138,-31.2322,1.2513,-0.1,0.105,-0.046,-0.012,0.004,0.0,-0.0,-0.0,-0.0,-0.12,-0.12,0.12,0.0,0.0,0.0,0.0,1.0
42838.0,-33.1403,-31.232,1.249,0.084,-0.02,0.001,-0.001,0.012,-0.008,-0.0,-0.0,-0.0,-0.12,-0.12,0.12,0.0,0.0,0.0,0.0,1.0
42846.0,-33.1415,-31.2339,1.2499,-0.335,0.127,0.061,0.005,0.011,-0.0,-0.0,-0.0,-0.0,-0.12,-0.12,0.12,0.0,0.0,0.0,0.0,1.0
42854.0,-33.1419,-31.2352,1.2509,0.104,-0.012,0.182,0.012,0.003,0.008,-0.0,-0.0,-0.0,-0.12,-0.12,0.12,0.0,0.0,0.0,0.0,1.0
42862.0,-33.14,-31.2369,1.2542,0.034,0.047,-0.018,-0.002,0.006,0.0,-0.0,-0.0,-0.0,-0.12,-0.12,0.12,0.0,0.0,0.0,0.0,1.0
42869.0,-33.137,-31.2386,1.2585,0.085,0.065,-0.086,0.014,-0.013,0.003,-0.0,-0.0,-0.0,-0.12,-0.12,0.12,0.0,0.0,0.0,0.0,1.0
42877.0,-33.1375,-31.2382,1.2575,0.12,0.057,-0.007,0.013,-0.008,0.006,0.0,-0.0,-0.0,-0.12,-0.12,0.12,0.0,0.0,0.0,0.0,1.0
42885.0,-33.138,-31.2351,1.2542,0.035,0.004,0.025,0.002,-0.012,0.005,0.0,-0.0,-0.0,-0.12,-0.12,0.12,0.0,0.0,0.0,0.0,1.0
42893.0,-33.1359,-31.2368,1.2576,-0.015,0.115,-0.036,0.004,-0.017,0.001,0.0,-0.0,-0.0,-0.12,-0.12,0.12,0.0,0.0,0.0,0.0,1.0
42901.0,-33.1371,-31.2325,1.2523,-0.17,-0.008,-0.074,-0.006,-0.01,0.005,0.0,-0.0,-0.0,-0.12,-0.12,0.12,0.0,0.0,0.0,0.0,1.0
42909.0,-33.1398,-31.2323,1.2498,-0.1,-0.067,0.126,-0.012,-0.012,-0.016,0.0,-0.0,-0.0,-0.12,-0.12,0.12,0.0,0.0,0.0,0.0,1.0
42916.0,-33.1403,-31.234,1.2511,0.155,-0.079,0.2,-0.007,-0.016,-0.002,0.0,-0.0,-0.0,-0.12,-0.12,0.12,0.0,0.0,0.0,0.0,1.0
42924.0,-33.1389,-31.2339,1.2521,0.014,-0.048,-0.113,-0.007,-0.017,-0.001,-0.0,-0.0,-0.0,-0.12,-0.12,0.12,0.0,0.0,0.0,0.0,1.0
42932.0,-33.1341,-31.2358,1.2582,-0.035,0.063,-0.175,-0.018,-0.014,-0.007,-0.0,-0.0,-0.0,-0.12,-0.12,0.12,0.0,0.0,0.0,0.0,1.0
42940.0,-33.1338,-31.2363,1.259,-0.049,0.08,-0.071,-0.01,-0.008,0.0,-0.0,-0.0,-0.0,-0.12,-0.12,0.12,0.0,0.0,0.0,0.0,1.0
42947.0,-33.1325,-31.2373,1.2612,-0.014,-0.014,0.093,0.004,-0.008,0.008,-0.0,-0.0,-0.0,-0.12,-0.12,0.12,0.0,0.0,0.0,0.0,1.0
42955.0,-33.1356,-31.2369,1.258,-0.17,0.121,-0.203,0.008,-0.004,0.001,-0.0,-0.0,-0.0,-0.12,-0.12,0.12,0.0,0.0,0.0,0.0,1.0
42963.0,-33.1372,-31.2347,1.2545,-0.114,0.208,-0.029,0.015,-0.004,-0.0,-0.0,-0.0,-0.0,-0.12,-0.12,0.12,0.0,0.0,0.0,0.0,1.0
42971.0,-33.1381,-31.2357,1.2547,-0.056,0.011,-0.313,0.004,-0.002,-0.001,0.0,-0.0,-0.0,-0.12,-0.12,0.12,0.0,0.0,0.0,0.0,1.0
42979.0,-33.1373,-31.2353,1.255,0.12,0.014,0.036,-0.002,0.0,0.005,0.0,-0.0,-0.0,-0.12,-0.12,0.12,0.0,0.0,0.0,0.0,1.0
42986.0,-33.1379,-31.2353,1.2544,0.12,-0.158,0.208,-0.009,-0.008,-0.016,-0.0,-0.0,-0.0,-0.12,-0.12,0.12,0.0,0.0,0.0,0.0,1.0
42994.0,-33.1392,-31.2365,1.2544,0.049,-0.143,0.052,-0.018,0.008,-0.002,-0.0,-0.0,-0.0,-0.12,-0.12,0.12,0.0,0.0,0.0,0.0,1.0
43002.0,-33.1384,-31.2371,1.2557,0.049,-0.143,0.052,-0.025,-0.01,-0.005,-0.0,-0.0,-0.0,-0.12,-0.12,0.12,0.0,0.0,0.0,0.0,1.0
43009.0,-33.1372,-31.2348,1.2545,0.014,-0.005,-0.156,-0.023,0.012,-0.002,-0.0,-0.0,-0.0,-0.12,-0.12,0.12,0.0,0.0,0.0,0.0,1.0
43017.0,-33.1358,-31.2368,1.2577,0.05,-0.013,-0.078,-0.023,0.001,-0.004,-0.0,-0.0,-0.0,-0.12,-0.12,0.12,0.0,0.0,0.0,0.0,1.0
43025.0,-33.1371,-31.2351,1.2549,-0.115,0.122,0.057,-0.011,0.006,0.007,-0.0,-0.0,-0.0,-0.12,-0.12,0.12,0.0,0.0,0.0,0.0,1.0
43033.0,-33.1351,-31.2338,1.2554,-0.035,-0.023,-0.088,0.006,0.001,-0.005,-0.0,-0.0,-0.0,-0.12,-0.12,0.12,0.0,0.0,0.0,0.0,1.0
43041.0,-33.1347,-31.2364,1.2583,-0.021,-0.127,-0.105,0.005,0.003,-0.004,-0.0,-0.0,-0.0,-0.12,-0.12,0.12,0.0,0.0,0.0,0.0,1.0
43048.0,-33.1323,-31.2367,1.2607,-0.029,0.002,0.197,0.014,0.009,0.012,-0.0,-0.0,-0.0,-0.12,-0.12,0.12,0.0,0.0,0.0,0.0,1.0
43056.0,-33.1315,-31.2377,1.2623,0.086,-0.151,0.13,0.015,-0.006,-0.012,-0.0,-0.0,-0.0,-0.12,-0.12,0.12,0.0,0.0,0.0,0.0,1.0
43064.0,-33.1311,-31.2396,1.2646,0.136,-0.176,0.105,0.019,0.006,-0.012,-0.0,-0.0,-0.0,-0.12,-0.12,0.12,0.0,0.0,0.0,0.0,1.0
43071.0,-33.1323,-31.2391,1.263,0.165,-0.037,-0.274,0.015,0.007,0.008,-0.0,-0.0,-0.0,-0.12,-0.12,0.12,0.0,0.0,0.0,0.0,1.0
43079.0,-33.1326,-31.24,1.2637,0.007,0.08,0.189,0.014,0.021,0.003,-0.0,-0.0,-0.0,-0.12,-0.12,0.12,0.0,0.0,0.0,0.0,1.0
43087.0,-33.1311,-31.2422,1.2671,-0.063,0.052,0.075,0.012,0.012,-0.001,-0.0,-0.0,-0.0,-0.12,-0.12,0.12,0.0,0.0,0.0,0.0,1.0
43095.0,-33.1326,-31.239,1.2626,0.071,0.125,-0.026,0.024,-0.002,-0.003,0.0,-0.0,-0.0,-0.12,-0.12,0.12,0.0,0.0,0.0,0.0,1.0
43103.0,-33.1346,-31.2358,1.2578,-0.155,0.017,-0.22,-0.009,-0.001,-0.018,-0.0,-0.0,-0.0,-0.12,-0.12,0.12,0.0,0.0,0.0,0.0,1.0
43111.0,-33.1366,-31.2346,1.2548,0.106,0.031,0.139,-0.009,-0.008,0.016,-0.0,-0.0,-0.0,-0.12,-0.12,0.12,0.0,0.0,0.0,0.0,1.0
43119.0,-33.1359,-31.2326,1.2536,0.135,-0.089,0.019,-0.021,-0.012,-0.004,-0.0,-0.0,-0.0,-0.12,-0.12,0.12,0.0,0.0,0.0,0.0,1.0
43126.0,-33.1316,-31.2288,1.2537,0.03,-0.107,-0.173,-0.026,-0.009,-0.006,-0.0,-0.0,-0.0,-0.12,-0.12,0.12,0.0,0.0,0.0,0.0,1.0
43134.0,-33.1276,-31.2298,1.2582,0.221,0.052,-0.1,-0.02,-0.003,0.002,-0.0,-0.0,-0.0,-0.12,-0.12,0.12,0.0,0.0,0.0,0.0,1.0
43142.0,-33.127,-31.2308,1.2596,0.001,0.013,-0.053,-0.033,0.017,-0.003,-0.0,-0.0,-0.0,-0.12,-0.12,0.12,0.0,0.0,0.0,0.0,1.0
43149.0,-33.1284,-31.2319,1.2595,-0.049,0.124,-0.114,-0.016,0.008,-0.01,-0.0,-0.0,-0.0,-0.12,-0.12,0.12,0.0,0.0,0.0,0.0,1.0
43157.0,-33.1303,-31.2323,1.2581,0.021,0.022,0.129,0.001,0.026,0.007,-0.0,-0.0,-0.0,-0.12,-0.12,0.12,0.0,0.0,0.0,0.0,1.0
43165.0,-33.1299,-31.2333,1.2596,-0.163,-0.025,0.255,0.008,0.005,-0.002,-0.0,-0.0,-0.0,-0.12,-0.12,0.12,0.0,0.0,0.0,0.0,1.0
43173.0,-33.1308,-31.235,1.2603,-0.169,-0.009,-0.074,0.027,0.002,-0.004,-0.0,-0.0,-0.0,-0.12,-0.12,0.12,0.0,0.0,0.0,0.0,1.0
43181.0,-33.1283,-31.2321,1.2597,-0.148,0.173,-0.065,0.027,-0.004,-0.006,-0.0,-0.0,-0.0,-0.12,-0.12,0.12,0.0,0.0,0.0,0.0,1.0
43188.0,-33.1294,-31.2298,1.2565,-0.148,0.001,0.108,0.044,0.003,-0.007,-0.0,-0.0,-0.0,-0.12,-0.12,0.12,0.0,0.0,0.0,0.0,1.0
43196.0,-33.1318,-31.2269,1.2516,-0.064,0.012,0.118,0.022,-0.006,0.004,-0.0,-0.0,-0.0,-0.12,-0.12,0.12,0.0,0.0,0.0,0.0,1.0
43204.0,-33.1313,-31.2286,1.2537,0.03,-0.323,0.042,0.041,-0.008,0.002,0.0,-0.0,-0.0,-0.12,-0.12,0.12,0.0,0.0,0.0,0.0,1.0
43211.0,-33.1285,-31.2289,1.2564,0.08,-0.218,-0.112,0.036,-0.013,-0.006,0.0,-0.0,-0.0,-0.12,-0.12,0.12,0.0,0.0,0.0,0.0,1.0
43219.0,-33.1275,-31.2302,1.2586,0.236,-0.051,-0.117,0.018,-0.001,0.005,0.0,-0.0,-0.0,-0.12,-0.12,0.12,0.0,0.0,0.0,0.0,1.0
43227.0,-33.1268,-31.2317,1.2607,-0.104,-0.093,-0.159,0.001,0.002,-0.002,0.0,-0.0,-0.0,-0.12,-0.12,0.12,0.0,0.0,0.0,0.0,1.0
43235.0,-33.1264,-31.2337,1.263,-0.013,0.073,0.007,-0.002,0.007,-0.007,0.0,-0.0,-0.0,-0.12,-0.12,0.12,0.0,0.0,0.0,0.0,1.0
43242.0,-33.1259,-31.2321,1.2618,-0.168,-0.008,-0.074,-0.016,0.003,-0.007,0.0,-0.0,-0.0,-0.12,-0.12,0.12,0.0,0.0,0.0,0.0,1.0
43250.0,-33.1266,-31.2302,1.2594,-0.063,0.055,0.075,-0.03,0.003,-0.002,0.0,-0.0,-0.0,-0.12,-0.12,0.12,0.0,0.0,0.0,0.0,1.0
43258.0,-33.1274,-31.2302,1.2587,0.072,-0.046,0.147,-0.025,0.003,-0.005,-0.0,-0.0,-0.0,-0.12,-0.12,0.12,0.0,0.0,0.0,0.0,1.0
43266.0,-33.1292,-31.2268,1.2539,0.086,-0.105,0.087,-0.032,-0.006,0.003,-0.0,-0.0,-0.0,-0.12,-0.12,0.12,0.0,0.0,0.0,0.0,1.0
43274.0,-33.1324,-31.2262,1.2503,0.17,0.035,-0.032,-0.025,0.011,-0.011,-0.0,-0.0,-0.0,-0.12,-0.12,0.12,0.0,0.0,0.0,0.0,1.0
43281.0,-33.1306,-31.2296,1.2553,0.27,-0.059,-0.039,-0.007,0.008,-0.012,-0.0,-0.0,-0.0,-0.12,-0.12,0.12,0.0,0.0,0.0,0.0,1.0
43289.0,-33.1299,-31.2297,1.256,-0.014,-0.099,0.18,-0.01,0.009,0.015,-0.0,-0.0,-0.0,-0.12,-0.12,0.12,0.0,0.0,0.0,0.0,1.0
43297.0,-33.1312,-31.2332,1.2583,-0.085,-0.084,0.023,-0.013,0.004,-0.008,-0.0,-0.0,-0.0,-0.12,-0.12,0.12,0.0,0.0,0.0,0.0,1.0
43305.0,-33.1304,-31.2348,1.2605,0.092,0.092,0.199,0.006,0.001,0.0,-0.0,-0.0,-0.0,-0.12,-0.12,0.12,0.0,0.0,0.0,0.0,1.0
43312.0,-33.1304,-31.236,1.2617,-0.17,-0.052,-0.03,0.012,-0.022,-0.002,-0.0,-0.0,-0.0,-0.12,-0.12,0.12,0.0,0.0,0.0,0.0,1.0
43320.0,-33.131,-31.2328,1.258,-0.099,0.105,-0.046,0.017,-0.007,0.0,-0.0,-0.0,-0.0,-0.12,-0.12,0.12,0.0,0.0,0.0,0.0,1.0
43328.0,-33.1305,-31.2303,1.256,-0.014,-0.013,0.093,0.029,-0.012,-0.004,-0.0,-0.0,-0.0,-0.12,-0.12,0.12,0.0,0.0,0.0,0.0,1.0
43336.0,-33.1303,-31.228,1.254,-0.169,-0.05,-0.03,0.035,0.001,0.013,0.0,-0.0,-0.0,-0.12,-0.12,0.12,0.0,0.0,0.0,0.0,1.0
43343.0,-33.1302,-31.2238,1.25,0.136,0.086,-0.154,0.023,0.001,-0.005,0.0,-0.0,-0.0,-0.12,-0.12,0.12,0.0,0.0,0.0,0.0,1.0
43351.0,-33.1308,-31.2239,1.2496,0.08,-0.174,-0.155,0.02,0.01,0.012,0.0,-0.0,-0.0,-0.12,-0.12,0.12,0.0,0.0,0.0,0.0,1.0
43359.0,-33.1318,-31.2251,1.2498,0.2,-0.085,-0.153,0.014,0.002,0.011,0.0,-0.0,-0.0,-0.12,-0.12,0.12,0.0,0.0,0.0,0.0,1.0
43367.0,-33.1311,-31.2256,1.2509,-0.261,-0.259,-0.153,-0.003,0.016,-0.008,0.0,-0.0,-0.0,-0.12,-0.12,0.12,0.0,0.0,0.0,0.0,1.0
43374.0,-33.1285,-31.2273,1.2549,0.021,0.023,0.129,-0.007,0.008,-0.002,0.0,-0.0,-0.0,-0.12,-0.12,0.12,0.0,0.0,0.0,0.0,1.0
43382.0,-33.128,-31.229,1.257,-0.063,0.185,-0.054,-0.027,0.01,0.007,0.0,-0.0,-0.0,-0.12,-0.12,0.12,0.0,0.0,0.0,0.0,1.0
43390.0,-33.132,-31.2301,1.2545,-0.234,0.121,-0.032,-0.025,-0.005,-0.001,0.0,-0.0,-0.0,-0.12,-0.12,0.12,0.0,0.0,0.0,0.0,1.0
43398.0,-33.1344,-31.2305,1.2528,0.006,0.125,0.146,-0.035,-0.002,0.0,-0.0,-0.0,-0.0,-0.12,-0.12,0.12,0.0,0.0,0.0,0.0,1.0
43405.0,-33.1374,-31.228,1.2478,0.055,0.101,0.121,-0.05,-0.012,-0.003,-0.0,-0.0,-0.0,-0.12,-0.12,0.12,0.0,0.0,0.0,0.0,1.0
43413.0,-33.1377,-31.2251,1.2447,0.014,-0.133,-0.027,-0.027,0.001,-0.001,-0.0,-0.0,-0.0,-0.12,-0.12,0.12,0.0,0.0,0.0,0.0,1.0
43421.0,-33.1383,-31.2236,1.2427,0.134,-0.173,0.105,-0.013,-0.012,0.003,-0.0,-0.0,-0.0,-0.12,-0.12,0.12,0.0,0.0,0.0,0.0,1.0
43429.0,-33.1367,-31.2231,1.2435,0.084,-0.062,0.044,-0.006,0.009,0.002,-0.0,-0.0,-0.0,-0.12,-0.12,0.12,0.0,0.0,0.0,0.0,1.0
43437.0,-33.1333,-31.2222,1.2457,0.12,0.103,-0.051,0.01,0.006,0.0,-0.0,-0.0,-0.0,-0.12,-0.12,0.12,0.0,0.0,0.0,0.0,1.0
43444.0,-33.1318,-31.223,1.2478,-0.17,0.08,-0.16,0.009,0.001,-0.0,-0.0,-0.0,-0.0,-0.12,-0.12,0.12,0.0,0.0,0.0,0.0,1.0
43452.0,-33.1303,-31.222,1.2482,-0.178,0.166,0.185,0.018,0.006,-0.01,-0.0,-0.0,-0.0,-0.12,-0.12,0.12,0.0,0.0,0.0,0.0,1.0
43460.0,-33.1284,-31.2232,1.2509,-0.063,0.185,-0.054,0.033,0.004,-0.003,-0.0,-0.0,-0.0,-0.12,-0.12,0.12,0.0,0.0,0.0,0.0,1.0
43467.0,-33.129,-31.2206,1.2479,-0.163,0.149,0.082,0.035,-0.005,-0.007,-0.0,-0.0,-0.0,-0.12,-0.12,0.12,0.0,0.0,0.0,0.0,1.0
43475.0,-33.1327,-31.2161,1.2403,0.021,0.111,0.042,0.025,0.008,-0.007,0.0,-0.0,-0.0,-0.12,-0.12,0.12,0.0,0.0,0.0,0.0,1.0
43483.0,-33.1334,-31.216,1.2396,0.071,0.043,0.061,0.03,-0.001,-0.0,0.0,-0.0,-0.0,-0.12,-0.12,0.12,0.0,0.0,0.0,0.0,1.0
43491.0,-33.135,-31.2182,1.2403,0.369,0.065,-0.262,0.01,0.008,0.011,0.0,-0.0,-0.0,-0.12,-0.12,0.12,0.0,0.0,0.0,0.0,1.0
43499.0,-33.1333,-31.22,1.2436,0.185,-0.154,0.037,0.01,-0.005,-0.003,0.0,-0.0,-0.0,-0.12,-0.12,0.12,0.0,0.0,0.0,0.0,1.0
43507.0,-33.1314,-31.2248,1.2499,0.05,-0.184,0.095,-0.007,-0.015,0.01,0.0,-0.0,-0.0,-0.12,-0.12,0.12,0.0,0.0,0.0,0.0,1.0
43514.0,-33.13,-31.2271,1.2533,0.121,-0.028,0.079,-0.02,0.002,0.002,0.0,-0.0,-0.0,-0.12,-0.12,0.12,0.0,0.0,0.0,0.0,1.0
43522.0,-33.127,-31.2297,1.2585,-0.078,0.244,0.006,-0.011,-0.001,0.002,0.0,-0.0,-0.0,-0.12,-0.12,0.12,0.0,0.0,0.0,0.0,1.0
43530.0,-33.1285,-31.2305,1.258,-0.128,0.269,0.031,-0.006,0.013,-0.001,0.0,-0.0,-0.0,-0.12,-0.12,0.12,0.0,0.0,0.0,0.0,1.0
43537.0,-33.1303,-31.2315,1.2575,-0.163,0.147,0.082,0.004,0.016,-0.003,0.0,-0.0,-0.0,-0.12,-0.12,0.12,0.0,0.0,0.0,0.0,1.0
43545.0,-33.1295,-31.2292,1.2559,-0.148,0.087,0.022,-0.002,0.002,0.006,0.0,-0.0,-0.0,-0.12,-0.12,0.12,0.0,0.0,0.0,0.0,1.0
43553.0,-33.131,-31.2249,1.2504,0.071,-0.132,0.233,0.0,0.015,-0.005,0.0,-0.0,-0.0,-0.12,-0.12,0.12,0.0,0.0,0.0,0.0,1.0
43561.0,-33.13,-31.2256,1.2519,0.206,0.069,0.003,0.011,0.012,-0.007,0.0,-0.0,-0.0,-0.12,-0.12,0.12,0.0,0.0,0.0,0.0,1.0
43568.0,-33.1299,-31.2281,1.2544,0.015,-0.047,-0.113,0.021,-0.004,0.003,0.0,-0.0,-0.0,-0.12,-0.12,0.12,0.0,0.0,0.0,0.0,1.0
43577.0,-33.1283,-31.2297,1.2574,0.2,-0.26,0.02,0.026,-0.011,0.004,0.0,-0.0,-0.0,-0.12,-0.12,0.12,0.0,0.0,0.0,0.0,1.0
43584.0,-33.1273,-31.2289,1.2575,0.08,-0.262,-0.069,0.015,-0.021,-0.001,0.0,-0.0,-0.0,-0.12,-0.12,0.12,0.0,0.0,0.0,0.0,1.0
43592.0,-33.1248,-31.2313,1.262,-0.119,-0.033,-0.099,-0.001,-0.032,0.012,0.0,-0.0,-0.0,-0.12,-0.12,0.12,0.0,0.0,0.0,0.0,1.0
43600.0,-33.1238,-31.2339,1.2654,0.008,0.167,0.103,-0.017,-0.019,-0.004,0.0,-0.0,-0.0,-0.12,-0.12,0.12,0.0,0.0,0.0,0.0,1.0
43607.0,-33.1249,-31.2359,1.2665,0.107,0.074,0.096,-0.028,-0.004,0.007,0.0,-0.0,-0.0,-0.12,-0.12,0.12,0.0,0.0,0.0,0.0,1.0
43615.0,-33.1252,-31.237,1.2672,-0.013,0.028,0.05,-0.042,0.004,0.007,0.0,-0.0,-0.0,-0.12,-0.12,0.12,0.0,0.0,0.0,0.0,1.0
43623.0,-33.1281,-31.2356,1.2633,-0.014,-0.015,0.094,-0.056,0.018,-0.007,-0.0,-0.0,-0.0,-0.12,-0.12,0.12,0.0,0.0,0.0,0.0,1.0
43631.0,-33.1287,-31.2351,1.2623,-0.07,-0.059,-0.123,-0.047,0.022,0.015,-0.0,-0.0,-0.0,-0.12,-0.12,0.12,0.0,0.0,0.0,0.0,1.0
43639.0,-33.1284,-31.2335,1.261,-0.014,0.029,0.05,-0.041,0.025,-0.002,-0.0,-0.0,-0.0,-0.12,-0.12,0.12,0.0,0.0,0.0,0.0,1.0
43647.0,-33.1289,-31.2323,1.2594,0.185,-0.114,-0.006,-0.015,0.016,0.005,-0.0,-0.0,-0.0,-0.12,-0.12,0.12,0.0,0.0,0.0,0.0,1.0
43654.0,-33.1269,-31.231,1.2599,-0.063,0.054,0.075,0.001,0.012,-0.0,-0.0,-0.0,-0.0,-0.12,-0.12,0.12,0.0,0.0,0.0,0.0,1.0
43662.0,-33.1263,-31.2319,1.2613,-0.148,0.13,-0.021,0.034,0.006,0.005,-0.0,-0.0,-0.0,-0.12,-0.12,0.12,0.0,0.0,0.0,0.0,1.0
43670.0,-33.1311,-31.2327,1.2578,0.015,-0.091,-0.07,0.041,-0.022,-0.004,-0.0,-0.0,-0.0,-0.12,-0.12,0.12,0.0,0.0,0.0,0.0,1.0
43678.0,-33.1301,-31.2341,1.2601,0.05,-0.143,0.052,0.046,-0.029,-0.002,-0.0,-0.0,-0.0,-0.12,-0.12,0.12,0.0,0.0,0.0,0.0,1.0
43685.0,-33.1297,-31.233,1.2593,0.256,-0.13,0.151,0.046,-0.027,-0.002,0.0,-0.0,-0.0,-0.12,-0.12,0.12,0.0,0.0,0.0,0.0,1.0
43693.0,-33.1294,-31.2307,1.2574,0.171,-0.01,0.011,0.041,-0.032,0.002,0.0,-0.0,-0.0,-0.12,-0.12,0.12,0.0,0.0,0.0,0.0,1.0
43701.0,-33.128,-31.2306,1.2586,0.086,-0.02,0.0,0.038,-0.032,0.009,0.0,-0.0,-0.0,-0.12,-0.12,0.12,0.0,0.0,0.0,0.0,1.0
43709.0,-33.1262,-31.2359,1.2653,0.136,-0.133,0.062,0.026,-0.015,0.002,0.0,-0.0,-0.0,-0.12,-0.12,0.12,0.0,0.0,0.0,0.0,1.0
43716.0,-33.125,-31.2345,1.2649,0.051,-0.013,-0.078,0.006,-0.001,-0.003,0.0,-0.0,-0.0,-0.12,-0.12,0.12,0.0,0.0,0.0,0.0,1.0
43724.0,-33.127,-31.2341,1.2628,-0.169,-0.009,-0.074,-0.014,0.009,0.011,0.0,-0.0,-0.0,-0.12,-0.12,0.12,0.0,0.0,0.0,0.0,1.0
43732.0,-33.1251,-31.2337,1.2641,-0.063,0.14,-0.011,-0.031,0.021,-0.013,0.0,-0.0,-0.0,-0.12,-0.12,0.12,0.0,0.0,0.0,0.0,1.0
43740.0,-33.1265,-31.2329,1.2621,0.086,0.022,-0.043,-0.047,0.027,-0.003,0.0,-0.0,-0.0,-0.12,-0.12,0.12,0.0,0.0,0.0,0.0,1.0
43747.0,-33.1273,-31.2344,1.2628,-0.064,-0.076,0.205,-0.058,0.022,0.003,0.0,-0.0,-0.0,-0.12,-0.12,0.12,0.0,0.0,0.0,0.0,1.0
43755.0,-33.1275,-31.2315,1.2599,-0.043,0.15,0.171,-0.069,0.019,-0.004,-0.0,-0.0,-0.0,-0.12,-0.12,0.12,0.0,0.0,0.0,0.0,1.0
43763.0,-33.1274,-31.2314,1.2598,0.221,0.094,-0.144,-0.048,-0.009,0.003,-0.0,-0.0,-0.0,-0.12,-0.12,0.12,0.0,0.0,0.0,0.0,1.0
43771.0,-33.1275,-31.2332,1.2615,-0.035,0.02,-0.131,-0.04,-0.003,0.001,-0.0,-0.0,-0.0,-0.12,-0.12,0.12,0.0,0.0,0.0,0.0,1.0
43778.0,-33.1272,-31.2325,1.2611,0.015,-0.091,-0.07,-0.018,-0.017,-0.0,-0.0,-0.0,-0.0,-0.12,-0.12,0.12,0.0,0.0,0.0,0.0,1.0
43786.0,-33.1265,-31.2328,1.2621,-0.049,-0.006,0.015,0.005,-0.023,0.0,-0.0,-0.0,-0.0,-0.12,-0.12,0.12,0.0,0.0,0.0,0.0,1.0
43794.0,-33.1246,-31.2362,1.267,-0.034,-0.024,-0.088,0.042,-0.029,0.007,-0.0,-0.0,-0.0,-0.12,-0.12,0.12,0.0,0.0,0.0,0.0,1.0
43802.0,-33.1268,-31.2358,1.2646,0.135,-0.003,-0.068,0.054,-0.02,-0.006,-0.0,-0.0,-0.0,-0.12,-0.12,0.12,0.0,0.0,0.0,0.0,1.0
43809.0,-33.1262,-31.2356,1.265,-0.008,0.141,0.249,0.055,-0.024,-0.008,-0.0,-0.0,-0.0,-0.12,-0.12,0.12,0.0,0.0,0.0,0.0,1.0
43817.0,-33.1236,-31.2353,1.267,-0.113,0.035,0.143,0.069,-0.013,-0.011,0.0,-0.0,-0.0,-0.12,-0.12,0.12,0.0,0.0,0.0,0.0,1.0
43825.0,-33.1253,-31.2354,1.2656,0.001,-0.032,-0.01,0.054,-0.001,-0.002,0.0,-0.0,-0.0,-0.12,-0.12,0.12,0.0,0.0,0.0,0.0,1.0
43833.0,-33.1263,-31.2331,1.2625,-0.064,0.054,0.075,0.036,0.006,0.006,0.0,-0.0,-0.0,-0.12,-0.12,0.12,0.0,0.0,0.0,0.0,1.0
43841.0,-33.1265,-31.2325,1.2617,-0.219,0.059,-0.092,0.015,0.008,0.002,0.0,-0.0,-0.0,-0.12,-0.12,0.12,0.0,0.0,0.0,0.0,1.0
43849.0,-33.1285,-31.2323,1.2597,-0.014,0.029,0.05,-0.006,0.013,-0.005,0.0,-0.0,-0.0,-0.12,-0.12,0.12,0.0,0.0,0.0,0.0,1.0
43856.0,-33.128,-31.2346,1.2625,-0.02,-0.127,-0.105,-0.037,0.008,-0.006,0.0,-0.0,-0.0,-0.12,-0.12,0.12,0.0,0.0,0.0,0.0,1.0
43864.0,-33.1266,-31.2382,1.2672,0.036,0.046,-0.018,-0.054,0.016,0.002,0.0,-0.0,-0.0,-0.12,-0.12,0.12,0.0,0.0,0.0,0.0,1.0
43872.0,-33.1256,-31.2393,1.2691,0.015,-0.136,-0.027,-0.068,0.018,-0.005,0.0,-0.0,-0.0,-0.12,-0.12,0.12,0.0,0.0,0.0,0.0,1.0
43879.0,-33.1241,-31.2396,1.2708,-0.169,-0.01,-0.074,-0.063,0.014,-0.01,-0.0,-0.0,-0.0,-0.12,-0.12,0.12,0.0,0.0,0.0,0.0,1.0
43887.0,-33.1252,-31.2388,1.269,-0.192,0.18,0.289,-0.062,0.008,0.007,-0.0,-0.0,-0.0,-0.12,-0.12,0.12,0.0,0.0,0.0,0.0,1.0
43895.0,-33.1255,-31.2384,1.2684,-0.099,0.017,0.04,-0.054,0.008,-0.004,-0.0,-0.0,-0.0,-0.12,-0.12,0.12,0.0,0.0,0.0,0.0,1.0
43903.0,-33.1254,-31.2387,1.2687,-0.119,0.051,-0.185,-0.025,-0.004,-0.002,-0.0,-0.0,-0.0,-0.12,-0.12,0.12,0.0,0.0,0.0,0.0,1.0
43910.0,-33.1287,-31.2399,1.267,-0.24,-0.038,-0.187,0.001,-0.008,0.006,-0.0,-0.0,-0.0,-0.12,-0.12,0.12,0.0,0.0,0.0,0.0,1.0
43918.0,-33.1307,-31.2419,1.2671,0.021,0.019,0.129,0.025,-0.002,0.002,-0.0,-0.0,-0.0,-0.12,-0.12,0.12,0.0,0.0,0.0,0.0,1.0
43926.0,-33.1329,-31.2422,1.2655,0.05,-0.101,0.008,0.048,-0.004,-0.006,-0.0,-0.0,-0.0,-0.12,-0.12,0.12,0.0,0.0,0.0,0.0,1.0
43934.0,-33.1321,-31.2421,1.2662,0.12,-0.074,0.122,0.058,-0.006,-0.005,-0.0,-0.0,-0.0,-0.12,-0.12,0.12,0.0,0.0,0.0,0.0,1.0
43941.0,-33.1339,-31.2405,1.263,0.184,-0.072,-0.049,0.065,-0.003,0.003,-0.0,-0.0,-0.0,-0.12,-0.12,0.12,0.0,0.0,0.0,0.0,1.0
43949.0,-33.1334,-31.2419,1.2648,-0.015,0.027,0.05,0.061,-0.011,-0.006,0.0,-0.0,-0.0,-0.12,-0.12,0.12,0.0,0.0,0.0,0.0,1.0
43957.0,-33.1325,-31.2446,1.2682,0.035,0.002,0.025,0.051,-0.018,-0.001,0.0,-0.0,-0.0,-0.12,-0.12,0.12,0.0,0.0,0.0,0.0,1.0
43965.0,-33.1328,-31.2453,1.2687,-0.2,0.109,0.047,0.014,0.011,0.003,0.0,-0.0,-0.0,-0.12,-0.12,0.12,0.0,0.0,0.0,0.0,1.0
43972.0,-33.1337,-31.2475,1.2701,0.014,-0.094,-0.07,0.018,0.02,-0.004,0.0,-0.0,-0.0,-0.12,-0.12,0.12,0.0,0.0,0.0,0.0,1.0
43980.0,-33.1343,-31.2468,1.2688,0.155,0.047,0.071,-0.003,0.014,0.005,0.0,-0.0,-0.0,-0.12,-0.12,0.12,0.0,0.0,0.0,0.0,1.0
43988.0,-33.1339,-31.2462,1.2685,0.14,0.107,0.131,-0.031,0.029,-0.003,0.0,-0.0,-0.0,-0.12,-0.12,0.12,0.0,0.0,0.0,0.0,1.0
43996.0,-33.1334,-31.2482,1.2709,-0.001,-0.121,0.077,-0.034,0.021,-0.003,0.0,-0.0,-0.0,-0.12,-0.12,0.12,0.0,0.0,0.0,0.0,1.0
44004.0,-33.1306,-31.247,1.2722,-0.05,-0.096,0.101,-0.037,0.014,0.009,0.0,-0.0,-0.0,-0.12,-0.12,0.12,0.0,0.0,0.0,0.0,1.0
44011.0,-33.1283,-31.2479,1.2751,-0.014,-0.017,0.094,-0.037,-0.007,0.008,-0.0,-0.0,-0.0,-0.12,-0.12,0.12,0.0,0.0,0.0,0.0,1.0
44019.0,-33.128,-31.2463,1.2738,-0.17,-0.098,0.013,-0.028,-0.021,-0.007,-0.0,-0.0,-0.0,-0.12,-0.12,0.12,0.0,0.0,0.0,0.0,1.0
44027.0,-33.1278,-31.2469,1.2746,-0.12,-0.08,-0.055,-0.018,-0.019,0.001,-0.0,-0.0,-0.0,-0.12,-0.12,0.12,0.0,0.0,0.0,0.0,1.0
44035.0,-33.128,-31.2459,1.2735,-0.12,-0.036,-0.098,-0.002,-0.014,0.002,-0.0,-0.0,-0.0,-0.12,-0.12,0.12,0.0,0.0,0.0,0.0,1.0
44042.0,-33.1291,-31.2453,1.2719,0.021,0.105,0.042,0.016,-0.007,0.003,-0.0,-0.0,-0.0,-0.12,-0.12,0.12,0.0,0.0,0.0,0.0,1.0
44050.0,-33.1308,-31.2448,1.2699,0.085,-0.153,0.13,0.013,-0.011,-0.004,-0.0,-0.0,-0.0,-0.12,-0.12,0.12,0.0,0.0,0.0,0.0,1.0
44058.0,-33.1315,-31.2466,1.271,-0.035,-0.198,0.084,0.026,-0.009,0.007,-0.0,-0.0,-0.0,-0.12,-0.12,0.12,0.0,0.0,0.0,0.0,1.0
44066.0,-33.1306,-31.2467,1.2719,0.021,0.019,0.129,0.018,-0.004,0.004,-0.0,-0.0,-0.0,-0.12,-0.12,0.12,0.0,0.0,0.0,0.0,1.0
44074.0,-33.132,-31.2468,1.2709,0.12,-0.031,0.079,0.021,0.002,-0.002,-0.0,-0.0,-0.0,-0.12,-0.12,0.12,0.0,0.0,0.0,0.0,1.0
44081.0,-33.1312,-31.2463,1.271,-0.029,0.087,0.111,0.011,-0.003,-0.001,0.0,-0.0,-0.0,-0.12,-0.12,0.12,0.0,0.0,0.0,0.0,1.0
44089.0,-33.1305,-31.247,1.2723,0.085,-0.11,0.087,-0.005,0.012,-0.0,-0.0,-0.0,-0.0,-0.12,-0.12,0.12,0.0,0.0,0.0,0.0,1.0
44097.0,-33.1298,-31.2456,1.2716,-0.0,0.053,-0.096,-0.021,-0.011,-0.008,-0.0,-0.0,-0.0,-0.12,-0.12,0.12,0.0,0.0,0.0,0.0,1.0
44104.0,-33.1268,-31.247,1.2755,0.021,0.018,0.129,-0.015,-0.007,0.002,-0.0,-0.0,-0.0,-0.12,-0.12,0.12,0.0,0.0,0.0,0.0,1.0
44112.0,-33.1231,-31.2436,1.2755,-0.049,0.035,-0.028,-0.025,-0.011,-0.01,-0.0,-0.0,-0.0,-0.12,-0.12,0.12,0.0,0.0,0.0,0.0,1.0
44120.0,-33.1234,-31.2429,1.2746,0.001,-0.076,0.033,-0.022,0.004,0.007,-0.0,-0.0,-0.0,-0.12,-0.12,0.12,0.0,0.0,0.0,0.0,1.0
44128.0,-33.1203,-31.242,1.2764,0.002,0.01,-0.053,-0.006,-0.007,-0.0,-0.0,-0.0,-0.0,-0.12,-0.12,0.12,0.0,0.0,0.0,0.0,1.0
44136.0,-33.1217,-31.2415,1.2747,0.037,-0.127,0.155,-0.003,0.006,-0.006,-0.0,-0.0,-0.0,-0.12,-0.12,0.12,0.0,0.0,0.0,0.0,1.0
44144.0,-33.1211,-31.2439,1.2776,0.066,-0.291,0.078,0.0,0.002,-0.006,-0.0,-0.0,-0.0,-0.12,-0.12,0.12,0.0,0.0,0.0,0.0,1.0
44152.0,-33.1197,-31.245,1.2799,0.052,-0.145,0.052,-0.005,0.014,0.013,-0.0,-0.0,-0.0,-0.12,-0.12,0.12,0.0,0.0,0.0,0.0,1.0
44159.0,-33.1179,-31.2444,1.2809,-0.132,0.24,-0.254,0.027,0.013,-0.011,-0.0,-0.0,-0.0,-0.12,-0.12,0.12,0.0,0.0,0.0,0.0,1.0
44167.0,-33.1198,-31.2432,1.2781,-0.083,-0.0,-0.063,0.032,0.012,-0.009,-0.0,-0.0,-0.0,-0.12,-0.12,0.12,0.0,0.0,0.0,0.0,1.0
44175.0,-33.1223,-31.2431,1.2758,-0.063,0.095,0.032,0.018,0.009,-0.004,-0.0,-0.0,-0.0,-0.12,-0.12,0.12,0.0,0.0,0.0,0.0,1.0
44183.0,-33.1252,-31.2446,1.2746,-0.049,-0.009,0.015,0.023,-0.01,-0.01,0.0,-0.0,-0.0,-0.12,-0.12,0.12,0.0,0.0,0.0,0.0,1.0
44190.0,-33.1261,-31.2452,1.2744,0.121,-0.074,0.122,0.013,0.005,0.002,0.0,-0.0,-0.0,-0.12,-0.12,0.12,0.0,0.0,0.0,0.0,1.0
44198.0,-33.126,-31.2443,1.2736,0.192,-0.004,0.193,0.007,-0.002,-0.001,0.0,-0.0,-0.0,-0.12,-0.12,0.12,0.0,0.0,0.0,0.0,1.0
44206.0,-33.1288,-31.2438,1.2707,0.071,-0.049,0.147,-0.008,-0.002,-0.011,0.0,-0.0,-0.0,-0.12,-0.12,0.12,0.0,0.0,0.0,0.0,1.0
44214.0,-33.1256,-31.2441,1.2739,0.036,-0.084,0.112,-0.005,0.004,-0.003,0.0,-0.0,-0.0,-0.12,-0.12,0.12,0.0,0.0,0.0,0.0,1.0
44221.0,-33.1268,-31.2448,1.2734,0.051,-0.188,0.095,-0.02,-0.023,-0.003,0.0,-0.0,-0.0,-0.12,-0.12,0.12,0.0,0.0,0.0,0.0,1.0
44229.0,-33.1243,-31.2445,1.2753,0.016,-0.093,-0.07,-0.03,-0.021,-0.005,-0.0,-0.0,-0.0,-0.12,-0.12,0.12,0.0,0.0,0.0,0.0,1.0
44237.0,-33.1235,-31.2419,1.2735,0.207,0.066,0.003,-0.013,-0.009,0.003,-0.0,-0.0,-0.0,-0.12,-0.12,0.12,0.0,0.0,0.0,0.0,1.0
44245.0,-33.123,-31.2407,1.2727,-0.163,0.146,0.082,-0.017,-0.012,-0.001,-0.0,-0.0,-0.0,-0.12,-0.12,0.12,0.0,0.0,0.0,0.0,1.0
44253.0,-33.1222,-31.2403,1.2732,0.151,-0.064,-0.128,-0.012,-0.0,-0.002,-0.0,-0.0,-0.0,-0.12,-0.12,0.12,0.0,0.0,0.0,0.0,1.0
44260.0,-33.1225,-31.2383,1.2708,0.072,0.081,0.017,0.001,0.007,0.0,-0.0,-0.0,-0.0,-0.12,-0.12,0.12,0.0,0.0,0.0,0.0,1.0
44268.0,-33.1234,-31.2393,1.2711,0.122,-0.073,0.122,0.019,0.002,0.003,-0.0,-0.0,-0.0,-0.12,-0.12,0.12,0.0,0.0,0.0,0.0,1.0
44276.0,-33.1234,-31.2396,1.2714,0.022,-0.066,0.215,0.031,0.021,-0.004,-0.0,-0.0,-0.0,-0.12,-0.12,0.12,0.0,0.0,0.0,0.0,1.0
44283.0,-33.1241,-31.2396,1.2708,0.122,0.013,0.036,0.034,0.033,-0.009,0.0,-0.0,-0.0,-0.12,-0.12,0.12,0.0,0.0,0.0,0.0,1.0
44291.0,-33.1251,-31.238,1.2683,-0.034,-0.024,-0.088,0.028,0.026,-0.01,0.0,-0.0,-0.0,-0.12,-0.12,0.12,0.0,0.0,0.0,0.0,1.0
44299.0,-33.1259,-31.2373,1.267,0.015,-0.049,-0.113,0.04,0.024,0.007,0.0,-0.0,-0.0,-0.12,-0.12,0.12,0.0,0.0,0.0,0.0,1.0
44307.0,-33.124,-31.238,1.2693,0.086,0.194,-0.215,0.038,0.017,-0.0,0.0,-0.0,-0.0,-0.12,-0.12,0.12,0.0,0.0,0.0,0.0,1.0
44315.0,-33.1227,-31.2387,1.2711,0.022,0.106,0.042,0.024,0.006,0.0,0.0,-0.0,-0.0,-0.12,-0.12,0.12,0.0,0.0,0.0,0.0,1.0
44322.0,-33.1251,-31.2408,1.271,-0.113,0.077,0.1,0.01,-0.005,0.004,0.0,-0.0,-0.0,-0.12,-0.12,0.12,0.0,0.0,0.0,0.0,1.0
44330.0,-33.1287,-31.2415,1.2685,-0.079,0.198,0.049,-0.023,-0.01,-0.004,0.0,-0.0,-0.0,-0.12,-0.12,0.12,0.0,0.0,0.0,0.0,1.0
44338.0,-33.1315,-31.2428,1.2673,0.02,0.062,0.086,-0.045,-0.024,-0.007,0.0,-0.0,-0.0,-0.12,-0.12,0.12,0.0,0.0,0.0,0.0,1.0
44346.0,-33.1346,-31.2433,1.2652,0.119,0.012,0.036,-0.03,-0.029,0.0,0.0,-0.0,-0.0,-0.12,-0.12,0.12,0.0,0.0,0.0,0.0,1.0
44353.0,-33.1356,-31.2432,1.2641,-0.101,-0.07,0.126,-0.042,-0.027,0.01,0.0,-0.0,-0.0,-0.12,-0.12,0.12,0.0,0.0,0.0,0.0,1.0
44361.0,-33.1347,-31.2387,1.2605,0.099,-0.125,-0.016,-0.042,-0.015,0.003,-0.0,-0.0,-0.0,-0.12,-0.12,0.12,0.0,0.0,0.0,0.0,1.0
44369.0,-33.1342,-31.2396,1.2618,-0.001,-0.033,-0.01,-0.026,-0.014,-0.009,-0.0,-0.0,-0.0,-0.12,-0.12,0.12,0.0,0.0,0.0,0.0,1.0
44377.0,-33.1322,-31.2382,1.2622,-0.135,0.025,-0.038,-0.023,-0.014,-0.003,-0.0,-0.0,-0.0,-0.12,-0.12,0.12,0.0,0.0,0.0,0.0,1.0
44385.0,-33.1312,-31.2363,1.2613,0.105,0.16,0.01,0.001,-0.015,-0.003,-0.0,-0.0,-0.0,-0.12,-0.12,0.12,0.0,0.0,0.0,0.0,1.0
44392.0,-33.1292,-31.2385,1.2652,0.071,-0.135,0.233,0.014,0.015,0.001,-0.0,-0.0,-0.0,-0.12,-0.12,0.12,0.0,0.0,0.0,0.0,1.0
44400.0,-33.1311,-31.2363,1.2614,-0.05,-0.007,0.015,0.025,0.001,0.002,-0.0,-0.0,-0.0,-0.12,-0.12,0.12,0.0,0.0,0.0,0.0,1.0
44408.0,-33.1287,-31.233,1.2603,0.106,-0.055,0.225,0.038,0.021,0.003,0.0,-0.0,-0.0,-0.12,-0.12,0.12,0.0,0.0,0.0,0.0,1.0
44416.0,-33.13,-31.2298,1.256,0.056,0.057,0.164,0.033,0.028,-0.004,0.0,-0.0,-0.0,-0.12,-0.12,0.12,0.0,0.0,0.0,0.0,1.0
44423.0,-33.1289,-31.2293,1.2565,0.015,-0.22,0.06,0.039,0.016,-0.0,0.0,-0.0,-0.0,-0.12,-0.12,0.12,0.0,0.0,0.0,0.0,1.0
44431.0,-33.1265,-31.2324,1.2616,-0.049,-0.092,0.101,0.039,0.022,-0.0,0.0,-0.0,-0.0,-0.12,-0.12,0.12,0.0,0.0,0.0,0.0,1.0
44439.0,-33.1272,-31.234,1.2626,-0.134,0.07,-0.082,0.025,-0.003,-0.01,0.0,-0.0,-0.0,-0.12,-0.12,0.12,0.0,0.0,0.0,0.0,1.0
44447.0,-33.127,-31.2356,1.2642,0.071,-0.004,0.104,-0.0,-0.005,-0.008,0.0,-0.0,-0.0,-0.12,-0.12,0.12,0.0,0.0,0.0,0.0,1.0
44455.0,-33.1286,-31.2362,1.2634,-0.014,-0.058,0.137,-0.003,-0.01,0.006,0.0,-0.0,-0.0,-0.12,-0.12,0.12,0.0,0.0,0.0,0.0,1.0
44462.0,-33.1311,-31.237,1.2621,0.126,0.169,0.191,-0.018,-0.023,0.001,0.0,-0.0,-0.0,-0.12,-0.12,0.12,0.0,0.0,0.0,0.0,1.0
44470.0,-33.1306,-31.2352,1.2608,0.006,0.167,0.103,-0.024,-0.011,-0.003,0.0,-0.0,-0.0,-0.12,-0.12,0.12,0.0,0.0,0.0,0.0,1.0
44478.0,-33.127,-31.2344,1.2632,0.077,-0.021,0.432,-0.03,-0.029,-0.002,0.0,-0.0,-0.0,-0.12,-0.12,0.12,0.0,0.0,0.0,0.0,1.0
44485.0,-33.1261,-31.2342,1.2638,-0.134,-0.06,0.048,-0.039,-0.007,0.01,0.0,-0.0,-0.0,-0.12,-0.12,0.12,0.0,0.0,0.0,0.0,1.0
44493.0,-33.1261,-31.2346,1.2641,-0.178,0.077,0.272,-0.025,-0.002,-0.001,0.0,-0.0,-0.0,-0.12,-0.12,0.12,0.0,0.0,0.0,0.0,1.0
44501.0,-33.1242,-31.2353,1.2665,-0.04,-0.093,-0.33,-0.032,0.011,0.004,-0.0,-0.0,-0.0,-0.12,-0.12,0.12,0.0,0.0,0.0,0.0,1.0
44509.0,-33.1248,-31.2365,1.2671,0.037,0.09,-0.061,-0.005,0.013,-0.011,-0.0,-0.0,-0.0,-0.12,-0.12,0.12,0.0,0.0,0.0,0.0,1.0
44517.0,-33.1267,-31.2398,1.2686,-0.254,0.153,-0.257,0.008,0.013,-0.001,-0.0,-0.0,-0.0,-0.12,-0.12,0.12,0.0,0.0,0.0,0.0,1.0
44524.0,-33.1283,-31.2405,1.268,-0.149,0.258,-0.151,0.008,0.007,-0.006,-0.0,-0.0,-0.0,-0.12,-0.12,0.12,0.0,0.0,0.0,0.0,1.0
44532.0,-33.13,-31.2414,1.2673,-0.114,-0.009,0.187,0.032,0.011,0.015,0.0,-0.0,-0.0,-0.12,-0.12,0.12,0.0,0.0,0.0,0.0,1.0
44540.0,-33.1272,-31.2425,1.2709,0.001,-0.076,0.033,0.034,0.015,0.002,0.0,-0.0,-0.0,-0.12,-0.12,0.12,0.0,0.0,0.0,0.0,1.0
44547.0,-33.1279,-31.2407,1.2684,0.042,0.201,0.138,0.034,0.003,0.003,0.0,-0.0,-0.0,-0.12,-0.12,0.12,0.0,0.0,0.0,0.0,1.0
44555.0,-33.1252,-31.2415,1.2716,0.022,0.063,0.086,0.018,-0.014,0.009,0.0,-0.0,-0.0,-0.12,-0.12,0.12,0.0,0.0,0.0,0.0,1.0
44563.0,-33.1266,-31.2413,1.2701,-0.154,0.059,-0.263,0.03,-0.003,-0.008,0.0,-0.0,-0.0,-0.12,-0.12,0.12,0.0,0.0,0.0,0.0,1.0
44571.0,-33.1279,-31.2422,1.2699,0.071,0.081,0.018,0.007,-0.017,-0.012,0.0,-0.0,-0.0,-0.12,-0.12,0.12,0.0,0.0,0.0,0.0,1.0
44579.0,-33.1292,-31.2414,1.2681,-0.12,-0.078,-0.055,-0.011,-0.018,-0.005,0.0,-0.0,-0.0,-0.12,-0.12,0.12,0.0,0.0,0.0,0.0,1.0
44587.0,-33.1282,-31.2416,1.2691,-0.014,-0.145,0.223,-0.015,-0.009,-0.003,0.0,-0.0,-0.0,-0.12,-0.12,0.12,0.0,0.0,0.0,0.0,1.0
44594.0,-33.1287,-31.2429,1.2699,0.051,-0.058,-0.035,-0.026,-0.016,0.005,0.0,-0.0,-0.0,-0.12,-0.12,0.12,0.0,0.0,0.0,0.0,1.0
44602.0,-33.1282,-31.2426,1.2701,-0.078,0.199,0.049,-0.029,-0.02,-0.002,0.0,-0.0,-0.0,-0.12,-0.12,0.12,0.0,0.0,0.0,0.0,1.0
44610.0,-33.1277,-31.2427,1.2706,0.051,-0.144,0.052,-0.028,0.009,0.005,0.0,-0.0,-0.0,-0.12,-0.12,0.12,0.0,0.0,0.0,0.0,1.0
44617.0,-33.1307,-31.2417,1.267,-0.12,-0.165,0.031,-0.031,0.0,0.004,0.0,-0.0,-0.0,-0.12,-0.12,0.12,0.0,0.0,0.0,0.0,1.0
44625.0,-33.1317,-31.2401,1.2645,-0.134,-0.104,0.091,-0.023,0.012,-0.001,-0.0,-0.0,-0.0,-0.12,-0.12,0.12,0.0,0.0,0.0,0.0,1.0
44633.0,-33.1313,-31.2395,1.2643,0.03,-0.196,-0.087,-0.004,0.021,0.004,-0.0,-0.0,-0.0,-0.12,-0.12,0.12,0.0,0.0,0.0,0.0,1.0
44641.0,-33.134,-31.2426,1.2649,-0.05,0.122,-0.114,-0.006,0.03,-0.001,-0.0,-0.0,-0.0,-0.12,-0.12,0.12,0.0,0.0,0.0,0.0,1.0
44648.0,-33.1363,-31.2453,1.2656,0.099,0.089,-0.232,0.004,0.022,-0.008,-0.0,-0.0,-0.0,-0.12,-0.12,0.12,0.0,0.0,0.0,0.0,1.0
44656.0,-33.1392,-31.2466,1.2643,-0.057,-0.164,-0.14,-0.003,0.024,0.005,-0.0,-0.0,-0.0,-0.12,-0.12,0.12,0.0,0.0,0.0,0.0,1.0
44664.0,-33.1437,-31.2476,1.2613,-0.002,-0.25,0.206,0.01,0.021,-0.006,-0.0,-0.0,-0.0,-0.12,-0.12,0.12,0.0,0.0,0.0,0.0,1.0
44672.0,-33.1441,-31.2471,1.2604,-0.216,0.169,0.107,0.011,0.006,-0.003,-0.0,-0.0,-0.0,-0.12,-0.12,0.12,0.0,0.0,0.0,0.0,1.0
44679.0,-33.1436,-31.2481,1.2619,-0.166,0.057,0.168,0.013,-0.002,-0.004,-0.0,-0.0,-0.0,-0.12,-0.12,0.12,0.0,0.0,0.0,0.0,1.0
44687.0,-33.1429,-31.2431,1.2577,-0.13,0.05,0.247,0.025,-0.012,0.007,0.0,-0.0,-0.0,-0.12,-0.12,0.12,0.0,0.0,0.0,0.0,1.0
44695.0,-33.1427,-31.2391,1.2539,0.204,-0.02,0.089,0.006,-0.013,-0.003,0.0,-0.0,-0.0,-0.12,-0.12,0.12,0.0,0.0,0.0,0.0,1.0
44703.0,-33.1422,-31.2362,1.2515,0.013,-0.092,-0.07,0.022,-0.026,-0.008,0.0,-0.0,-0.0,-0.12,-0.12,0.12,0.0,0.0,0.0,0.0,1.0
44711.0,-33.1379,-31.238,1.2571,0.043,-0.126,-0.277,0.026,-0.041,-0.0,0.0,-0.0,-0.0,-0.12,-0.12,0.12,0.0,0.0,0.0,0.0,1.0
44718.0,-33.1371,-31.24,1.2597,0.149,-0.064,-0.128,0.01,-0.027,0.006,0.0,-0.0,-0.0,-0.12,-0.12,0.12,0.0,0.0,0.0,0.0,1.0
44726.0,-33.1369,-31.2451,1.2649,0.143,-0.393,-0.111,0.02,-0.02,0.009,0.0,-0.0,-0.0,-0.12,-0.12,0.12,0.0,0.0,0.0,0.0,1.0
44734.0,-33.139,-31.2466,1.2645,0.013,-0.223,0.06,0.013,0.0,0.004,0.0,-0.0,-0.0,-0.12,-0.12,0.12,0.0,0.0,0.0,0.0,1.0
44741.0,-33.1384,-31.2488,1.2672,0.134,-0.092,0.019,-0.004,0.004,-0.0,0.0,-0.0,-0.0,-0.12,-0.12,0.12,0.0,0.0,0.0,0.0,1.0
44749.0,-33.137,-31.2522,1.2717,-0.001,-0.164,0.12,-0.003,0.019,-0.001,0.0,-0.0,-0.0,-0.12,-0.12,0.12,0.0,0.0,0.0,0.0,1.0
44757.0,-33.1386,-31.2524,1.2705,-0.13,0.179,0.117,-0.021,0.005,0.001,0.0,-0.0,-0.0,-0.12,-0.12,0.12,0.0,0.0,0.0,0.0,1.0
44765.0,-33.1373,-31.2508,1.2701,-0.2,0.195,-0.04,-0.028,0.015,0.004,0.0,-0.0,-0.0,-0.12,-0.12,0.12,0.0,0.0,0.0,0.0,1.0
44773.0,-33.1402,-31.2481,1.2648,-0.23,0.272,0.124,-0.021,0.017,0.002,0.0,-0.0,-0.0,-0.12,-0.12,0.12,0.0,0.0,0.0,0.0,1.0
44780.0,-33.1392,-31.2466,1.2642,-0.1,0.102,-0.046,-0.017,0.018,-0.004,0.0,-0.0,-0.0,-0.12,-0.12,0.12,0.0,0.0,0.0,0.0,1.0
44788.0,-33.1372,-31.2446,1.2642,0.014,-0.137,-0.027,-0.011,0.006,-0.005,-0.0,-0.0,-0.0,-0.12,-0.12,0.12,0.0,0.0,0.0,0.0,1.0
44796.0,-33.136,-31.2431,1.2637,0.035,0.045,-0.018,0.007,0.012,-0.004,0.0,-0.0,-0.0,-0.12,-0.12,0.12,0.0,0.0,0.0,0.0,1.0
44804.0,-33.1363,-31.2384,1.2589,-0.17,0.077,-0.16,0.003,0.007,0.008,-0.0,-0.0,-0.0,-0.12,-0.12,0.12,0.0,0.0,0.0,0.0,1.0
44811.0,-33.1376,-31.2384,1.2577,0.099,-0.039,-0.103,0.0,-0.004,0.005,-0.0,-0.0,-0.0,-0.12,-0.12,0.12,0.0,0.0,0.0,0.0,1.0
44820.0,-33.1365,-31.2391,1.2593,-0.065,0.053,0.075,0.017,-0.013,0.007,0.0,-0.0,-0.0,-0.12,-0.12,0.12,0.0,0.0,0.0,0.0,1.0
44827.0,-33.1342,-31.2412,1.2634,0.085,0.15,-0.172,0.013,-0.022,-0.001,0.0,-0.0,-0.0,-0.12,-0.12,0.12,0.0,0.0,0.0,0.0,1.0
44835.0,-33.1339,-31.2422,1.2647,-0.164,0.188,0.039,0.018,-0.029,-0.007,0.0,-0.0,-0.0,-0.12,-0.12,0.12,0.0,0.0,0.0,0.0,1.0
44843.0,-33.1337,-31.2447,1.2672,-0.24,0.048,-0.274,0.027,-0.006,0.01,0.0,-0.0,-0.0,-0.12,-0.12,0.12,0.0,0.0,0.0,0.0,1.0
44851.0,-33.133,-31.2469,1.2699,0.092,0.175,0.113,0.025,-0.006,-0.001,0.0,-0.0,-0.0,-0.12,-0.12,0.12,0.0,0.0,0.0,0.0,1.0
44858.0,-33.1336,-31.2494,1.2719,-0.085,-0.088,0.023,0.019,-0.008,0.008,0.0,-0.0,-0.0,-0.12,-0.12,0.12,0.0,0.0,0.0,0.0,1.0
44866.0,-33.1348,-31.2478,1.2694,-0.093,0.344,0.023,0.004,0.005,0.001,0.0,-0.0,-0.0,-0.12,-0.12,0.12,0.0,0.0,0.0,0.0,1.0
44874.0,-33.1343,-31.2488,1.2708,-0.079,0.283,-0.037,-0.006,0.007,0.002,0.0,-0.0,-0.0,-0.12,-0.12,0.12,0.0,0.0,0.0,0.0,1.0
44881.0,-33.133,-31.2514,1.2744,0.32,-0.089,-0.064,-0.014,0.008,0.002,0.0,-0.0,-0.0,-0.12,-0.12,0.12,0.0,0.0,0.0,0.0,1.0
44889.0,-33.1345,-31.2483,1.2701,-0.014,0.155,-0.079,-0.012,0.024,0.005,0.0,-0.0,-0.0,-0.12,-0.12,0.12,0.0,0.0,0.0,0.0,1.0
44897.0,-33.137,-31.2475,1.2671,-0.065,-0.078,0.205,-0.022,0.022,-0.007,0.0,-0.0,-0.0,-0.12,-0.12,0.12,0.0,0.0,0.0,0.0,1.0
44905.0,-33.1388,-31.2429,1.261,-0.299,0.073,0.183,-0.014,0.015,-0.004,0.0,-0.0,-0.0,-0.12,-0.12,0.12,0.0,0.0,0.0,0.0,1.0
44913.0,-33.1395,-31.2414,1.259,-0.235,0.118,-0.032,-0.009,0.021,-0.003,0.0,-0.0,-0.0,-0.12,-0.12,0.12,0.0,0.0,0.0,0.0,1.0
44921.0,-33.1423,-31.2408,1.2559,-0.065,0.009,0.118,-0.002,0.0,-0.007,0.0,-0.0,-0.0,-0.12,-0.12,0.12,0.0,0.0,0.0,0.0,1.0
44928.0,-33.143,-31.2409,1.2554,-0.121,-0.078,-0.055,-0.004,-0.005,-0.011,0.0,-0.0,-0.0,-0.12,-0.12,0.12,0.0,0.0,0.0,0.0,1.0
44936.0,-33.1455,-31.2394,1.2517,0.169,-0.098,0.097,0.006,-0.018,0.0,0.0,-0.0,-0.0,-0.12,-0.12,0.12,0.0,0.0,0.0,0.0,1.0
44944.0,-33.145,-31.2391,1.2519,0.028,-0.152,-0.13,-0.004,-0.024,-0.001,0.0,-0.0,-0.0,-0.12,-0.12,0.12,0.0,0.0,0.0,0.0,1.0
44951.0,-33.1448,-31.2404,1.2533,0.013,-0.092,-0.07,-0.004,-0.035,0.01,0.0,-0.0,-0.0,-0.12,-0.12,0.12,0.0,0.0,0.0,0.0,1.0
44959.0,-33.1445,-31.2428,1.2559,0.183,-0.288,0.167,-0.008,-0.039,0.002,0.0,-0.0,-0.0,-0.12,-0.12,0.12,0.0,0.0,0.0,0.0,1.0
44967.0,-33.1432,-31.246,1.2602,-0.122,-0.122,-0.012,-0.013,-0.028,0.002,0.0,-0.0,-0.0,-0.12,-0.12,0.12,0.0,0.0,0.0,0.0,1.0
44975.0,-33.1448,-31.2477,1.2605,-0.101,0.059,-0.003,-0.015,-0.006,0.004,-0.0,-0.0,-0.0,-0.12,-0.12,0.12,0.0,0.0,0.0,0.0,1.0
44983.0,-33.145,-31.25,1.2625,-0.201,0.109,0.047,-0.011,-0.011,-0.001,-0.0,-0.0,-0.0,-0.12,-0.12,0.12,0.0,0.0,0.0,0.0,1.0
44990.0,-33.1459,-31.2509,1.2625,0.054,-0.033,0.25,-0.005,0.003,-0.006,-0.0,-0.0,-0.0,-0.12,-0.12,0.12,0.0,0.0,0.0,0.0,1.0
44998.0,-33.146,-31.2481,1.2598,-0.201,0.152,0.004,-0.001,0.024,0.006,-0.0,-0.0,-0.0,-0.12,-0.12,0.12,0.0,0.0,0.0,0.0,1.0
45006.0,-33.1427,-31.2456,1.2603,-0.065,0.008,0.118,0.003,0.023,-0.013,-0.0,-0.0,-0.0,-0.12,-0.12,0.12,0.0,0.0,0.0,0.0,1.0
45013.0,-33.143,-31.244,1.2585,0.155,0.091,0.028,0.007,0.03,0.0,-0.0,-0.0,-0.0,-0.12,-0.12,0.12,0.0,0.0,0.0,0.0,1.0
45021.0,-33.1419,-31.2432,1.2586,0.085,-0.109,0.087,0.007,0.03,0.018,-0.0,-0.0,-0.0,-0.12,-0.12,0.12,0.0,0.0,0.0,0.0,1.0
45029.0,-33.14,-31.2429,1.26,0.035,0.045,-0.018,0.019,0.031,0.006,-0.0,-0.0,-0.0,-0.12,-0.12,0.12,0.0,0.0,0.0,0.0,1.0
45037.0,-33.1401,-31.2405,1.2576,0.184,-0.115,-0.006,-0.005,0.025,0.007,-0.0,-0.0,-0.0,-0.12,-0.12,0.12,0.0,0.0,0.0,0.0,1.0
45045.0,-33.1401,-31.2426,1.2596,0.02,-0.024,0.172,0.008,0.005,-0.005,0.0,-0.0,-0.0,-0.12,-0.12,0.12,0.0,0.0,0.0,0.0,1.0
45052.0,-33.1429,-31.2432,1.2577,0.084,-0.066,0.044,0.004,-0.018,-0.004,0.0,-0.0,-0.0,-0.12,-0.12,0.12,0.0,0.0,0.0,0.0,1.0
45060.0,-33.1438,-31.2416,1.2553,0.034,0.089,-0.061,-0.008,-0.034,0.003,0.0,-0.0,-0.0,-0.12,-0.12,0.12,0.0,0.0,0.0,0.0,1.0
45068.0,-33.1446,-31.2399,1.253,0.183,-0.158,0.037,0.01,-0.031,-0.001,0.0,-0.0,-0.0,-0.12,-0.12,0.12,0.0,0.0,0.0,0.0,1.0
45076.0,-33.1433,-31.2412,1.2554,0.119,0.013,0.036,0.012,-0.022,-0.004,0.0,-0.0,-0.0,-0.12,-0.12,0.12,0.0,0.0,0.0,0.0,1.0
45083.0,-33.1449,-31.2424,1.2552,0.034,0.002,0.025,-0.008,-0.012,0.002,0.0,-0.0,-0.0,-0.12,-0.12,0.12,0.0,0.0,0.0,0.0,1.0
45091.0,-33.144,-31.2441,1.2577,0.034,0.045,-0.018,-0.004,-0.013,0.008,0.0,-0.0,-0.0,-0.12,-0.12,0.12,0.0,0.0,0.0,0.0,1.0
45099.0,-33.1435,-31.2444,1.2583,0.019,0.062,0.086,0.002,0.01,0.01,0.0,-0.0,-0.0,-0.12,-0.12,0.12,0.0,0.0,0.0,0.0,1.0
45107.0,-33.1433,-31.2451,1.2591,0.083,0.063,-0.086,-0.012,0.019,0.006,0.0,-0.0,-0.0,-0.12,-0.12,0.12,0.0,0.0,0.0,0.0,1.0
45115.0,-33.1435,-31.2444,1.2583,-0.157,-0.114,-0.091,-0.005,0.017,0.0,0.0,-0.0,-0.0,-0.12,-0.12,0.12,0.0,0.0,0.0,0.0,1.0
45122.0,-33.1445,-31.2433,1.2563,-0.166,0.102,0.125,-0.002,0.027,-0.009,-0.0,-0.0,-0.0,-0.12,-0.12,0.12,0.0,0.0,0.0,0.0,1.0
45130.0,-33.1454,-31.2407,1.253,-0.307,0.004,-0.059,-0.015,0.021,-0.003,-0.0,-0.0,-0.0,-0.12,-0.12,0.12,0.0,0.0,0.0,0.0,1.0
45138.0,-33.1452,-31.2413,1.2538,-0.101,0.06,-0.003,-0.004,0.006,0.008,-0.0,-0.0,-0.0,-0.12,-0.12,0.12,0.0,0.0,0.0,0.0,1.0
45146.0,-33.1476,-31.2386,1.2491,-0.017,0.028,0.05,0.007,0.005,-0.009,-0.0,-0.0,-0.0,-0.12,-0.12,0.12,0.0,0.0,0.0,0.0,1.0
45153.0,-33.1464,-31.2402,1.2516,0.083,-0.109,0.087,0.023,-0.006,-0.009,0.0,-0.0,-0.0,-0.12,-0.12,0.12,0.0,0.0,0.0,0.0,1.0
45161.0,-33.1482,-31.2396,1.2496,-0.143,-0.173,-0.151,0.018,-0.012,0.007,0.0,-0.0,-0.0,-0.12,-0.12,0.12,0.0,0.0,0.0,0.0,1.0
45169.0,-33.1475,-31.2441,1.2546,0.062,-0.032,-0.181,0.006,-0.027,0.002,0.0,-0.0,-0.0,-0.12,-0.12,0.12,0.0,0.0,0.0,0.0,1.0
45177.0,-33.1467,-31.2463,1.2574,0.232,-0.098,-0.074,0.011,-0.014,-0.001,0.0,-0.0,-0.0,-0.12,-0.12,0.12,0.0,0.0,0.0,0.0,1.0
45185.0,-33.1469,-31.2477,1.2585,-0.152,0.127,-0.021,0.016,-0.007,-0.002,0.0,-0.0,-0.0,-0.12,-0.12,0.12,0.0,0.0,0.0,0.0,1.0
45192.0,-33.1465,-31.2519,1.263,0.188,0.168,0.02,0.015,-0.003,0.003,0.0,-0.0,-0.0,-0.12,-0.12,0.12,0.0,0.0,0.0,0.0,1.0
45200.0,-33.143,-31.252,1.2662,0.254,-0.047,0.064,-0.013,-0.017,0.001,0.0,-0.0,-0.0,-0.12,-0.12,0.12,0.0,0.0,0.0,0.0,1.0
45208.0,-33.1437,-31.2498,1.2635,0.069,-0.007,0.104,-0.018,-0.012,-0.001,0.0,-0.0,-0.0,-0.12,-0.12,0.12,0.0,0.0,0.0,0.0,1.0
45215.0,-33.1442,-31.2484,1.2617,0.019,0.104,0.043,-0.019,0.008,-0.011,0.0,-0.0,-0.0,-0.12,-0.12,0.12,0.0,0.0,0.0,0.0,1.0
45223.0,-33.1421,-31.2478,1.2629,0.084,0.019,-0.043,-0.019,0.015,-0.01,0.0,-0.0,-0.0,-0.12,-0.12,0.12,0.0,0.0,0.0,0.0,1.0
45231.0,-33.1393,-31.2481,1.2656,0.134,-0.049,-0.024,-0.032,0.01,-0.001,-0.0,-0.0,-0.0,-0.12,-0.12,0.12,0.0,0.0,0.0,0.0,1.0
45239.0,-33.1385,-31.2488,1.267,-0.121,-0.037,-0.098,-0.021,0.032,-0.003,-0.0,-0.0,-0.0,-0.12,-0.12,0.12,0.0,0.0,0.0,0.0,1.0
45247.0,-33.1376,-31.2445,1.2637,-0.05,0.121,-0.114,-0.003,0.01,0.013,-0.0,-0.0,-0.0,-0.12,-0.12,0.12,0.0,0.0,0.0,0.0,1.0
45255.0,-33.14,-31.2441,1.2611,-0.25,0.134,0.072,0.007,0.007,-0.001,-0.0,-0.0,-0.0,-0.12,-0.12,0.12,0.0,0.0,0.0,0.0,1.0
45262.0,-33.1435,-31.2421,1.2561,0.034,-0.127,0.155,0.024,-0.003,0.002,-0.0,-0.0,-0.0,-0.12,-0.12,0.12,0.0,0.0,0.0,0.0,1.0
45270.0,-33.1437,-31.2423,1.2562,-0.031,0.001,0.197,0.017,-0.01,0.001,0.0,-0.0,-0.0,-0.12,-0.12,0.12,0.0,0.0,0.0,0.0,1.0
45278.0,-33.1454,-31.2399,1.2523,-0.066,0.096,0.032,0.025,-0.016,0.006,0.0,-0.0,-0.0,-0.12,-0.12,0.12,0.0,0.0,0.0,0.0,1.0
45285.0,-33.1463,-31.2382,1.2499,-0.037,0.062,-0.174,0.034,-0.021,0.003,0.0,-0.0,-0.0,-0.12,-0.12,0.12,0.0,0.0,0.0,0.0,1.0
45293.0,-33.1478,-31.2369,1.2473,0.068,0.125,-0.026,0.022,-0.024,0.009,0.0,-0.0,-0.0,-0.12,-0.12,0.12,0.0,0.0,0.0,0.0,1.0
45301.0,-33.1479,-31.2392,1.2494,0.247,-0.243,-0.048,0.024,-0.007,0.004,0.0,-0.0,-0.0,-0.12,-0.12,0.12,0.0,0.0,0.0,0.0,1.0
45309.0,-33.1483,-31.2408,1.2507,0.012,-0.136,-0.027,0.015,0.001,-0.008,0.0,-0.0,-0.0,-0.12,-0.12,0.12,0.0,0.0,0.0,0.0,1.0
45316.0,-33.1471,-31.2409,1.2517,0.083,-0.195,0.173,0.003,0.007,0.013,0.0,-0.0,-0.0,-0.12,-0.12,0.12,0.0,0.0,0.0,0.0,1.0
45324.0,-33.1478,-31.2427,1.253,0.147,-0.237,0.045,-0.005,0.003,-0.002,0.0,-0.0,-0.0,-0.12,-0.12,0.12,0.0,0.0,0.0,0.0,1.0
45332.0,-33.1459,-31.2443,1.2561,0.018,0.019,0.129,-0.049,0.0,-0.003,0.0,-0.0,-0.0,-0.12,-0.12,0.12,0.0,0.0,0.0,0.0,1.0
45340.0,-33.1474,-31.2413,1.252,0.118,0.099,-0.051,-0.048,0.012,-0.003,0.0,-0.0,-0.0,-0.12,-0.12,0.12,0.0,0.0,0.0,0.0,1.0
45347.0,-33.1464,-31.2392,1.2508,-0.087,0.087,-0.15,-0.053,0.016,0.004,-0.0,-0.0,-0.0,-0.12,-0.12,0.12,0.0,0.0,0.0,0.0,1.0
45355.0,-33.1459,-31.2375,1.2495,0.153,0.135,-0.015,-0.052,0.012,-0.013,-0.0,-0.0,-0.0,-0.12,-0.12,0.12,0.0,0.0,0.0,0.0,1.0
45363.0,-33.1452,-31.2372,1.2499,0.019,0.15,-0.001,-0.016,0.014,0.001,-0.0,-0.0,-0.0,-0.12,-0.12,0.12,0.0,0.0,0.0,0.0,1.0
45371.0,-33.1466,-31.2374,1.2488,-0.002,-0.075,0.033,-0.004,0.009,-0.002,-0.0,-0.0,-0.0,-0.12,-0.12,0.12,0.0,0.0,0.0,0.0,1.0
45379.0,-33.1478,-31.2396,1.2499,0.062,-0.117,-0.095,0.007,-0.004,0.004,-0.0,-0.0,-0.0,-0.12,-0.12,0.12,0.0,0.0,0.0,0.0,1.0
45386.0,-33.1507,-31.2385,1.2463,0.267,-0.018,-0.082,0.022,-0.017,-0.006,-0.0,-0.0,-0.0,-0.12,-0.12,0.12,0.0,0.0,0.0,0.0,1.0
45394.0,-33.1518,-31.2394,1.2462,0.137,0.109,0.131,0.042,-0.004,-0.004,-0.0,-0.0,-0.0,-0.12,-0.12,0.12,0.0,0.0,0.0,0.0,1.0
45402.0,-33.1505,-31.241,1.2489,0.173,0.014,0.296,0.049,-0.018,-0.001,0.0,-0.0,-0.0,-0.12,-0.12,0.12,0.0,0.0,0.0,0.0,1.0
45410.0,-33.1501,-31.2419,1.2502,0.111,-0.056,-0.206,0.044,-0.02,-0.002,0.0,-0.0,-0.0,-0.12,-0.12,0.12,0.0,0.0,0.0,0.0,1.0
45417.0,-33.1502,-31.2455,1.2535,-0.068,-0.078,0.205,0.033,-0.024,-0.006,0.0,-0.0,-0.0,-0.12,-0.12,0.12,0.0,0.0,0.0,0.0,1.0
45425.0,-33.1507,-31.2442,1.2518,0.038,0.114,0.224,0.028,-0.009,-0.006,0.0,-0.0,-0.0,-0.12,-0.12,0.12,0.0,0.0,0.0,0.0,1.0
45433.0,-33.1503,-31.2444,1.2523,0.017,0.062,0.086,0.007,-0.006,-0.003,0.0,-0.0,-0.0,-0.12,-0.12,0.12,0.0,0.0,0.0,0.0,1.0
45441.0,-33.1524,-31.2439,1.2501,0.087,-0.04,0.329,0.002,0.008,-0.006,0.0,-0.0,-0.0,-0.12,-0.12,0.12,0.0,0.0,0.0,0.0,1.0
45449.0,-33.1522,-31.2454,1.2517,-0.174,0.075,-0.16,-0.018,0.019,-0.0,0.0,-0.0,-0.0,-0.12,-0.12,0.12,0.0,0.0,0.0,0.0,1.0
45456.0,-33.1514,-31.2435,1.2506,-0.004,-0.119,0.077,-0.033,0.022,-0.007,0.0,-0.0,-0.0,-0.12,-0.12,0.12,0.0,0.0,0.0,0.0,1.0
45464.0,-33.1478,-31.2424,1.2527,0.097,-0.212,0.07,-0.053,0.033,0.006,0.0,-0.0,-0.0,-0.12,-0.12,0.12,0.0,0.0,0.0,0.0,1.0
45472.0,-33.1451,-31.2419,1.2545,0.097,-0.039,-0.103,-0.057,0.034,0.002,0.0,-0.0,-0.0,-0.12,-0.12,0.12,0.0,0.0,0.0,0.0,1.0
45480.0,-33.1431,-31.2424,1.2567,-0.243,-0.081,-0.144,-0.039,0.033,-0.0,-0.0,-0.0,-0.0,-0.12,-0.12,0.12,0.0,0.0,0.0,0.0,1.0
45488.0,-33.1449,-31.2433,1.2561,-0.152,0.171,-0.064,-0.04,0.024,0.001,-0.0,-0.0,-0.0,-0.12,-0.12,0.12,0.0,0.0,0.0,0.0,1.0
45495.0,-33.1466,-31.2464,1.2575,-0.301,0.289,-0.033,-0.021,0.002,-0.009,-0.0,-0.0,-0.0,-0.12,-0.12,0.12,0.0,0.0,0.0,0.0,1.0
45503.0,-33.1483,-31.2458,1.2555,-0.102,0.103,-0.046,0.009,-0.0,-0.001,-0.0,-0.0,-0.0,-0.12,-0.12,0.12,0.0,0.0,0.0,0.0,1.0
45511.0,-33.15,-31.2455,1.2537,0.138,-0.065,0.304,0.011,-0.024,-0.009,-0.0,-0.0,-0.0,-0.12,-0.12,0.12,0.0,0.0,0.0,0.0,1.0
45519.0,-33.1513,-31.2434,1.2505,0.152,-0.039,0.157,0.027,-0.034,0.016,-0.0,-0.0,-0.0,-0.12,-0.12,0.12,0.0,0.0,0.0,0.0,1.0
45527.0,-33.1516,-31.2424,1.2493,0.096,0.004,-0.146,0.029,-0.019,-0.005,-0.0,-0.0,-0.0,-0.12,-0.12,0.12,0.0,0.0,0.0,0.0,1.0
45534.0,-33.1508,-31.2416,1.2492,0.082,-0.022,0.001,0.038,-0.027,0.003,0.0,-0.0,-0.0,-0.12,-0.12,0.12,0.0,0.0,0.0,0.0,1.0
45542.0,-33.1487,-31.2433,1.2527,0.082,-0.023,0.001,0.042,-0.023,0.004,0.0,-0.0,-0.0,-0.12,-0.12,0.12,0.0,0.0,0.0,0.0,1.0
45550.0,-33.1458,-31.2445,1.2564,0.153,0.134,-0.015,0.026,-0.013,0.004,0.0,-0.0,-0.0,-0.12,-0.12,0.12,0.0,0.0,0.0,0.0,1.0
45558.0,-33.1465,-31.2451,1.2564,-0.378,-0.024,-0.173,0.014,0.002,0.001,0.0,-0.0,-0.0,-0.12,-0.12,0.12,0.0,0.0,0.0,0.0,1.0
45565.0,-33.1435,-31.2449,1.2588,-0.016,0.113,-0.036,0.008,0.024,0.004,0.0,-0.0,-0.0,-0.12,-0.12,0.12,0.0,0.0,0.0,0.0,1.0
45573.0,-33.143,-31.2407,1.2552,-0.151,0.172,-0.064,-0.006,0.017,0.002,0.0,-0.0,-0.0,-0.12,-0.12,0.12,0.0,0.0,0.0,0.0,1.0
45581.0,-33.1427,-31.2425,1.2572,-0.157,-0.028,-0.177,-0.02,0.036,-0.001,0.0,-0.0,-0.0,-0.12,-0.12,0.12,0.0,0.0,0.0,0.0,1.0
45589.0,-33.1437,-31.2426,1.2565,0.048,0.028,-0.121,-0.02,0.023,-0.008,0.0,-0.0,-0.0,-0.12,-0.12,0.12,0.0,0.0,0.0,0.0,1.0
45596.0,-33.1449,-31.2408,1.2536,-0.002,-0.119,0.077,-0.021,0.016,0.007,0.0,-0.0,-0.0,-0.12,-0.12,0.12,0.0,0.0,0.0,0.0,1.0
45604.0,-33.1429,-31.2376,1.2523,-0.066,0.182,-0.054,-0.024,0.016,0.001,0.0,-0.0,-0.0,-0.12,-0.12,0.12,0.0,0.0,0.0,0.0,1.0
45612.0,-33.1421,-31.2372,1.2525,0.084,0.021,-0.043,-0.024,0.001,-0.001,-0.0,-0.0,-0.0,-0.12,-0.12,0.12,0.0,0.0,0.0,0.0,1.0
45620.0,-33.142,-31.2367,1.2522,-0.101,0.061,-0.003,-0.015,-0.008,-0.002,-0.0,-0.0,-0.0,-0.12,-0.12,0.12,0.0,0.0,0.0,0.0,1.0
45628.0,-33.1414,-31.2362,1.2523,-0.051,0.036,-0.028,-0.011,-0.027,-0.004,-0.0,-0.0,-0.0,-0.12,-0.12,0.12,0.0,0.0,0.0,0.0,1.0
45635.0,-33.1413,-31.2383,1.2543,0.005,0.08,0.189,0.016,-0.023,-0.002,-0.0,-0.0,-0.0,-0.12,-0.12,0.12,0.0,0.0,0.0,0.0,1.0
45643.0,-33.1382,-31.238,1.2568,0.041,0.115,0.224,0.03,-0.029,0.008,-0.0,-0.0,-0.0,-0.12,-0.12,0.12,0.0,0.0,0.0,0.0,1.0
45651.0,-33.1395,-31.2356,1.2534,-0.08,0.113,0.135,0.047,-0.037,0.01,0.0,-0.0,-0.0,-0.12,-0.12,0.12,0.0,0.0,0.0,0.0,1.0
45659.0,-33.1409,-31.2334,1.2499,-0.1,0.061,-0.003,0.041,-0.029,0.005,0.0,-0.0,-0.0,-0.12,-0.12,0.12,0.0,0.0,0.0,0.0,1.0
45666.0,-33.1415,-31.2325,1.2484,-0.007,-0.144,-0.208,0.035,-0.015,-0.001,0.0,-0.0,-0.0,-0.12,-0.12,0.12,0.0,0.0,0.0,0.0,1.0
45674.0,-33.1422,-31.2326,1.248,0.034,0.004,0.025,0.023,0.003,-0.008,0.0,-0.0,-0.0,-0.12,-0.12,0.12,0.0,0.0,0.0,0.0,1.0
45682.0,-33.1422,-31.2316,1.2471,-0.03,0.089,0.111,0.0,0.02,-0.004,0.0,-0.0,-0.0,-0.12,-0.12,0.12,0.0,0.0,0.0,0.0,1.0
45689.0,-33.1411,-31.2357,1.252,-0.136,0.026,-0.038,-0.022,0.03,0.006,0.0,-0.0,-0.0,-0.12,-0.12,0.12,0.0,0.0,0.0,0.0,1.0
45697.0,-33.139,-31.2391,1.2572,-0.044,0.234,0.084,-0.045,0.026,0.002,0.0,-0.0,-0.0,-0.12,-0.12,0.12,0.0,0.0,0.0,0.0,1.0
45705.0,-33.141,-31.2406,1.2568,-0.314,0.133,0.243,-0.049,0.019,-0.006,0.0,-0.0,-0.0,-0.12,-0.12,0.12,0.0,0.0,0.0,0.0,1.0
45713.0,-33.1416,-31.2381,1.2539,-0.173,0.231,0.427,-0.041,0.018,-0.012,-0.0,-0.0,-0.0,-0.12,-0.12,0.12,0.0,0.0,0.0,0.0,1.0
45721.0,-33.142,-31.2351,1.2506,-0.363,0.461,-0.034,-0.03,0.019,0.0,-0.0,-0.0,-0.0,-0.12,-0.12,0.12,0.0,0.0,0.0,0.0,1.0
45729.0,-33.1423,-31.2298,1.2452,-0.228,0.231,0.167,-0.029,0.005,0.012,-0.0,-0.0,-0.0,-0.12,-0.12,0.12,0.0,0.0,0.0,0.0,1.0
45736.0,-33.1476,-31.2229,1.2338,-0.27,0.128,-0.11,-0.019,0.009,0.001,-0.0,-0.0,-0.0,-0.12,-0.12,0.12,0.0,0.0,0.0,0.0,1.0
45744.0,-33.15,-31.2198,1.2287,-0.312,0.024,-0.387,-0.014,-0.0,0.015,-0.0,-0.0,-0.0,-0.12,-0.12,0.12,0.0,0.0,0.0,0.0,1.0
45752.0,-33.1551,-31.2207,1.2251,0.027,-0.237,-0.044,0.003,0.0,-0.006,-0.0,-0.0,-0.0,-0.12,-0.12,0.12,0.0,0.0,0.0,0.0,1.0
45759.0,-33.1555,-31.2243,1.2282,0.446,-0.255,-0.234,0.017,-0.021,0.0,-0.0,-0.0,-0.0,-0.12,-0.12,0.12,0.0,0.0,0.0,0.0,1.0
45767.0,-33.1557,-31.2291,1.2327,0.367,-0.067,-0.132,0.034,-0.025,-0.002,-0.0,-0.0,-0.0,-0.12,-0.12,0.12,0.0,0.0,0.0,0.0,1.0
45775.0,-33.1582,-31.2352,1.2364,0.316,-0.432,0.281,0.038,-0.026,-0.013,-0.0,-0.0,-0.0,-0.12,-0.12,0.12,0.0,0.0,0.0,0.0,1.0
45783.0,-33.1574,-31.2364,1.2383,0.357,0.147,0.084,0.049,-0.024,0.007,0.0,-0.0,-0.0,-0.12,-0.12,0.12,0.0,0.0,0.0,0.0,1.0
45791.0,-33.1544,-31.2372,1.2417,0.223,-0.054,0.314,0.041,-0.017,-0.005,0.0,-0.0,-0.0,-0.12,-0.12,0.12,0.0,0.0,0.0,0.0,1.0
45798.0,-33.151,-31.2373,1.2448,0.174,-0.072,0.382,0.02,-0.014,0.001,0.0,-0.0,-0.0,-0.12,-0.12,0.12,0.0,0.0,0.0,0.0,1.0
45806.0,-33.1494,-31.2371,1.246,0.033,-0.127,0.155,0.02,-0.003,0.001,0.0,-0.0,-0.0,-0.12,-0.12,0.12,0.0,0.0,0.0,0.0,1.0
45814.0,-33.1457,-31.2366,1.2489,0.084,-0.195,0.173,0.012,0.014,-0.004,0.0,-0.0,-0.0,-0.12,-0.12,0.12,0.0,0.0,0.0,0.0,1.0
45822.0,-33.142,-31.2358,1.2513,-0.221,-0.287,0.253,0.002,0.019,-0.011,0.0,-0.0,-0.0,-0.12,-0.12,0.12,0.0,0.0,0.0,0.0,1.0
45829.0,-33.136,-31.2342,1.255,-0.254,0.067,-0.17,0.012,0.031,0.0,0.0,-0.0,-0.0,-0.12,-0.12,0.12,0.0,0.0,0.0,0.0,1.0
45837.0,-33.132,-31.2339,1.2582,-0.119,0.225,-0.358,-0.002,0.014,0.013,0.0,-0.0,-0.0,-0.12,-0.12,0.12,0.0,0.0,0.0,0.0,1.0
45845.0,-33.1322,-31.2354,1.2595,-0.204,0.041,-0.195,-0.0,0.013,-0.002,0.0,-0.0,-0.0,-0.12,-0.12,0.12,0.0,0.0,0.0,0.0,1.0
45853.0,-33.1354,-31.2345,1.2559,-0.26,-0.219,-0.196,-0.013,-0.004,0.009,0.0,-0.0,-0.0,-0.12,-0.12,0.12,0.0,0.0,0.0,0.0,1.0
45860.0,-33.1402,-31.2316,1.2487,-0.141,-0.172,-0.151,-0.021,-0.013,-0.002,0.0,-0.0,-0.0,-0.12,-0.12,0.12,0.0,0.0,0.0,0.0,1.0
45868.0,-33.1476,-31.2288,1.2396,0.233,0.034,-0.204,-0.029,-0.008,0.008,0.0,-0.0,-0.0,-0.12,-0.12,0.12,0.0,0.0,0.0,0.0,1.0
45876.0,-33.1469,-31.2321,1.2433,0.283,-0.465,0.246,-0.039,-0.016,0.008,0.0,-0.0,-0.0,-0.12,-0.12,0.12,0.0,0.0,0.0,0.0,1.0
45884.0,-33.1433,-31.2379,1.2521,0.787,-0.258,-0.15,-0.029,-0.009,0.004,0.0,-0.0,-0.0,-0.12,-0.12,0.12,0.0,0.0,0.0,0.0,1.0
45892.0,-33.1383,-31.2399,1.2585,0.249,-0.199,-0.091,-0.026,-0.015,0.012,-0.0,-0.0,-0.0,-0.12,-0.12,0.12,0.0,0.0,0.0,0.0,1.0
45899.0,-33.1371,-31.2462,1.2657,-0.179,0.162,0.185,-0.007,-0.018,0.003,-0.0,-0.0,-0.0,-0.12,-0.12,0.12,0.0,0.0,0.0,0.0,1.0
45907.0,-33.1363,-31.2479,1.2681,-0.484,0.371,-0.037,-0.0,-0.025,-0.001,-0.0,-0.0,-0.0,-0.12,-0.12,0.12,0.0,0.0,0.0,0.0,1.0
45915.0,-33.1366,-31.2444,1.2644,-0.413,0.528,-0.052,0.014,-0.025,0.005,-0.0,-0.0,-0.0,-0.12,-0.12,0.12,0.0,0.0,0.0,0.0,1.0
45923.0,-33.139,-31.2381,1.2562,-0.093,0.302,0.066,0.017,-0.009,0.007,0.0,-0.0,-0.0,-0.12,-0.12,0.12,0.0,0.0,0.0,0.0,1.0
45930.0,-33.1446,-31.2329,1.2461,0.07,-0.047,0.147,0.016,0.016,0.007,0.0,-0.0,-0.0,-0.12,-0.12,0.12,0.0,0.0,0.0,0.0,1.0
45938.0,-33.1455,-31.2327,1.2452,0.354,-0.223,0.144,0.011,0.006,0.002,0.0,-0.0,-0.0,-0.12,-0.12,0.12,0.0,0.0,0.0,0.0,1.0
45946.0,-33.1401,-31.2318,1.249,0.278,-0.362,-0.168,-0.011,0.023,-0.002,0.0,-0.0,-0.0,-0.12,-0.12,0.12,0.0,0.0,0.0,0.0,1.0
45954.0,-33.1366,-31.2366,1.2569,0.334,-0.318,0.049,-0.02,0.039,-0.01,0.0,-0.0,-0.0,-0.12,-0.12,0.12,0.0,0.0,0.0,0.0,1.0
45961.0,-33.1333,-31.2397,1.2627,0.22,-0.123,0.072,0.004,0.034,-0.005,0.0,-0.0,-0.0,-0.12,-0.12,0.12,0.0,0.0,0.0,0.0,1.0
45969.0,-33.1283,-31.2435,1.2709,0.306,0.059,-0.09,-0.007,0.026,0.002,-0.0,-0.0,-0.0,-0.12,-0.12,0.12,0.0,0.0,0.0,0.0,1.0
45977.0,-33.1294,-31.2459,1.2722,-0.432,0.303,-0.018,0.001,0.001,-0.006,0.0,-0.0,-0.0,-0.12,-0.12,0.12,0.0,0.0,0.0,0.0,1.0
45984.0,-33.1325,-31.2465,1.2701,-0.427,0.329,0.267,0.02,-0.002,0.003,0.0,-0.0,-0.0,-0.12,-0.12,0.12,0.0,0.0,0.0,0.0,1.0
45992.0,-33.141,-31.2485,1.2646,-0.363,0.2,0.225,0.01,-0.003,-0.004,0.0,-0.0,-0.0,-0.12,-0.12,0.12,0.0,0.0,0.0,0.0,1.0
46000.0,-33.1473,-31.2481,1.2586,-0.194,0.22,0.245,0.014,-0.035,-0.007,0.0,-0.0,-0.0,-0.12,-0.12,0.12,0.0,0.0,0.0,0.0,1.0
46008.0,-33.1558,-31.2504,1.2534,-0.14,0.048,0.678,0.017,-0.018,-0.007,0.0,-0.0,-0.0,-0.12,-0.12,0.12,0.0,0.0,0.0,0.0,1.0
46016.0,-33.161,-31.2478,1.2462,0.114,-0.007,0.796,0.011,-0.017,-0.012,0.0,-0.0,-0.0,-0.12,-0.12,0.12,0.0,0.0,0.0,0.0,1.0
46024.0,-33.1616,-31.2453,1.2433,0.349,-0.2,0.861,0.013,-0.025,-0.012,0.0,-0.0,-0.0,-0.12,-0.12,0.12,0.0,0.0,0.0,0.0,1.0
46031.0,-33.1533,-31.238,1.2435,0.473,-0.394,0.405,0.002,-0.01,-0.008,0.0,-0.0,-0.0,-0.12,-0.12,0.12,0.0,0.0,0.0,0.0,1.0
46039.0,-33.1478,-31.2324,1.2428,0.567,-0.555,0.157,-0.006,0.01,-0.005,0.0,-0.0,-0.0,-0.12,-0.12,0.12,0.0,0.0,0.0,0.0,1.0
46047.0,-33.1398,-31.2281,1.2458,0.436,-0.78,-0.329,-0.016,0.001,-0.003,0.0,-0.0,-0.0,-0.12,-0.12,0.12,0.0,0.0,0.0,0.0,1.0
46054.0,-33.1296,-31.2222,1.249,0.423,-0.589,-0.399,-0.027,0.009,0.009,0.0,-0.0,-0.0,-0.12,-0.12,0.12,0.0,0.0,0.0,0.0,1.0
46062.0,-33.1206,-31.2199,1.2546,0.368,-0.46,-0.788,-0.031,0.01,0.026,0.0,-0.0,-0.0,-0.12,-0.12,0.12,0.0,0.0,0.0,0.0,1.0
46070.0,-33.1167,-31.2243,1.2623,0.334,-0.539,-0.78,-0.028,0.019,0.039,-0.0,-0.0,-0.0,-0.12,-0.12,0.12,0.0,0.0,0.0,0.0,1.0
46078.0,-33.1151,-31.2288,1.2682,0.17,-0.146,-0.905,-0.022,0.017,0.019,-0.0,-0.0,-0.0,-0.12,-0.12,0.12,0.0,0.0,0.0,0.0,1.0
46086.0,-33.1157,-31.2328,1.2715,-0.009,0.005,-0.666,0.001,0.003,0.019,-0.0,-0.0,-0.0,-0.12,-0.12,0.12,0.0,0.0,0.0,0.0,1.0
46094.0,-33.116,-31.2412,1.2794,0.076,-0.115,-0.526,0.008,-0.001,0.022,-0.0,-0.0,-0.0,-0.12,-0.12,0.12,0.0,0.0,0.0,0.0,1.0
46102.0,-33.1183,-31.2513,1.2872,0.216,-0.063,-0.299,0.024,-0.021,0.012,-0.0,-0.0,-0.0,-0.12,-0.12,0.12,0.0,0.0,0.0,0.0,1.0
46109.0,-33.122,-31.2605,1.2929,0.25,-0.073,-0.221,0.039,-0.024,-0.006,0.0,-0.0,-0.0,-0.12,-0.12,0.12,0.0,0.0,0.0,0.0,1.0
46117.0,-33.1294,-31.2659,1.2917,0.043,-0.129,-0.276,0.042,-0.029,0.001,0.0,-0.0,-0.0,-0.12,-0.12,0.12,0.0,0.0,0.0,0.0,1.0
46125.0,-33.1381,-31.2699,1.2879,0.089,-0.043,0.329,0.035,-0.022,-0.015,0.0,-0.0,-0.0,-0.12,-0.12,0.12,0.0,0.0,0.0,0.0,1.0
46132.0,-33.1423,-31.2695,1.2839,0.181,-0.248,0.123,0.046,-0.015,-0.017,0.0,-0.0,-0.0,-0.12,-0.12,0.12,0.0,0.0,0.0,0.0,1.0
46140.0,-33.1462,-31.2701,1.281,0.556,-0.387,0.416,-0.001,-0.01,-0.014,0.0,-0.0,-0.0,-0.12,-0.12,0.12,0.0,0.0,0.0,0.0,1.0
46148.0,-33.1467,-31.2676,1.2781,1.074,-0.799,0.521,-0.009,0.019,0.001,0.0,-0.0,-0.0,-0.12,-0.12,0.12,0.0,0.0,0.0,0.0,1.0
46156.0,-33.15,-31.2632,1.271,1.301,-0.974,0.258,-0.027,0.028,-0.001,0.0,-0.0,-0.0,-0.12,-0.12,0.12,0.0,0.0,0.0,0.0,1.0
46164.0,-33.1447,-31.2635,1.2759,1.833,-1.445,0.303,-0.048,0.029,-0.008,0.0,-0.0,-0.0,-0.12,-0.12,0.12,0.0,0.0,0.0,0.0,1.0
46171.0,-33.1356,-31.2668,1.2871,1.857,-1.72,0.027,-0.046,0.043,-0.026,0.0,-0.0,-0.0,-0.12,-0.12,0.12,0.0,0.0,0.0,0.0,1.0
46179.0,-33.1212,-31.2755,1.3082,1.913,-1.633,0.201,-0.046,0.03,-0.012,-0.0,-0.0,-0.0,-0.12,-0.12,0.12,0.0,0.0,0.0,0.0,1.0
46187.0,-33.1042,-31.2858,1.3333,1.51,-1.374,0.029,-0.028,0.014,-0.001,-0.0,-0.0,-0.0,-0.12,-0.12,0.12,0.0,0.0,0.0,0.0,1.0
46195.0,-33.0887,-31.2953,1.3561,1.049,-0.832,0.054,-0.01,-0.003,-0.011,-0.0,-0.0,-0.0,-0.12,-0.12,0.12,0.0,0.0,0.0,0.0,1.0
46202.0,-33.0731,-31.3032,1.3776,0.612,-0.652,-0.11,0.019,-0.027,0.006,-0.0,-0.0,-0.0,-0.12,-0.12,0.12,0.0,0.0,0.0,0.0,1.0
46210.0,-33.0594,-31.3091,1.3954,0.35,-0.252,-0.141,0.044,-0.041,0.004,-0.0,-0.0,-0.0,-0.12,-0.12,0.12,0.0,0.0,0.0,0.0,1.0
46218.0,-33.0472,-31.3141,1.4109,-0.166,0.246,-0.333,0.039,-0.052,0.015,0.0,-0.0,-0.0,-0.12,-0.12,0.12,0.0,0.0,0.0,0.0,1.0
46226.0,-33.042,-31.3186,1.4199,-0.414,0.498,-0.337,0.042,-0.048,0.003,0.0,-0.0,-0.0,-0.12,-0.12,0.12,0.0,0.0,0.0,0.0,1.0
46233.0,-33.0451,-31.3189,1.4175,-1.152,1.044,-0.568,0.047,-0.035,0.01,0.0,-0.0,-0.0,-0.12,-0.12,0.12,0.0,0.0,0.0,0.0,1.0
46242.0,-33.0546,-31.3158,1.4061,-1.012,1.271,-0.513,0.026,-0.032,0.009,0.0,-0.0,-0.0,-0.12,-0.12,0.12,0.0,0.0,0.0,0.0,1.0
46249.0,-33.0697,-31.306,1.3833,-0.879,0.998,-0.269,0.001,-0.002,0.001,0.0,-0.0,-0.0,-0.12,-0.12,0.12,0.0,0.0,0.0,0.0,1.0
46257.0,-33.0854,-31.2976,1.3613,-0.398,0.724,-0.371,-0.011,0.036,0.001,0.0,-0.0,-0.0,-0.12,-0.12,0.12,0.0,0.0,0.0,0.0,1.0
46265.0,-33.0997,-31.2904,1.3416,0.267,0.022,-0.125,-0.047,0.046,-0.004,0.0,-0.0,-0.0,-0.12,-0.12,0.12,0.0,0.0,0.0,0.0,1.0
46272.0,-33.1042,-31.2894,1.3368,0.779,-0.718,-0.003,-0.059,0.066,0.004,0.0,-0.0,-0.0,-0.12,-0.12,0.12,0.0,0.0,0.0,0.0,1.0
46280.0,-33.1032,-31.2918,1.3399,0.942,-0.766,-0.224,-0.064,0.06,-0.01,-0.0,-0.0,-0.0,-0.12,-0.12,0.12,0.0,0.0,0.0,0.0,1.0
46288.0,-33.1001,-31.2959,1.3467,0.742,-0.71,-0.081,-0.047,0.062,-0.012,-0.0,-0.0,-0.0,-0.12,-0.12,0.12,0.0,0.0,0.0,0.0,1.0
46296.0,-33.0938,-31.3016,1.3579,0.535,-0.266,0.105,-0.027,0.027,-0.008,-0.0,-0.0,-0.0,-0.12,-0.12,0.12,0.0,0.0,0.0,0.0,1.0
46303.0,-33.0879,-31.3026,1.364,-0.003,-0.121,0.077,-0.012,0.003,-0.014,-0.0,-0.0,-0.0,-0.12,-0.12,0.12,0.0,0.0,0.0,0.0,1.0
46311.0,-33.0841,-31.3035,1.3682,0.408,-0.182,0.361,0.038,-0.018,-0.007,-0.0,-0.0,-0.0,-0.12,-0.12,0.12,0.0,0.0,0.0,0.0,1.0
46319.0,-33.0825,-31.2994,1.3656,0.452,-0.232,0.051,0.04,-0.035,-0.002,-0.0,-0.0,-0.0,-0.12,-0.12,0.12,0.0,0.0,0.0,0.0,1.0
46327.0,-33.0846,-31.2911,1.3556,0.878,-0.937,0.12,0.049,-0.033,0.007,-0.0,-0.0,-0.0,-0.12,-0.12,0.12,0.0,0.0,0.0,0.0,1.0
46335.0,-33.0855,-31.2844,1.3483,1.61,-1.507,0.065,0.065,-0.029,-0.006,0.0,-0.0,-0.0,-0.12,-0.12,0.12,0.0,0.0,0.0,0.0,1.0
46342.0,-33.083,-31.282,1.3482,2.385,-2.344,-0.084,0.039,-0.012,-0.0,0.0,-0.0,-0.0,-0.12,-0.12,0.12,0.0,0.0,0.0,0.0,1.0
46350.0,-33.0772,-31.2863,1.3575,2.975,-2.926,-0.409,0.016,-0.012,0.015,0.0,-0.0,-0.0,-0.12,-0.12,0.12,0.0,0.0,0.0,0.0,1.0
46358.0,-33.0693,-31.2972,1.3751,3.295,-3.523,-0.661,-0.012,0.017,0.014,0.0,-0.0,-0.0,-0.12,-0.12,0.12,0.0,0.0,0.0,0.0,1.0
46365.0,-33.0585,-31.3087,1.3957,3.728,-3.513,-0.998,-0.028,0.006,0.003,0.0,-0.0,-0.0,-0.12,-0.12,0.12,0.0,0.0,0.0,0.0,1.0
46373.0,-33.0445,-31.3241,1.4231,4.609,-4.376,-0.912,-0.032,0.017,0.003,0.0,-0.0,-0.0,-0.12,-0.12,0.12,0.0,0.0,0.0,0.0,1.0
46381.0,-33.0274,-31.3421,1.4556,4.93,-4.801,-1.337,-0.05,0.017,0.011,0.0,-0.0,-0.0,-0.12,-0.12,0.12,0.0,0.0,0.0,0.0,1.0
46389.0,-33.0089,-31.3682,1.4974,5.412,-5.249,-1.267,-0.06,0.016,0.015,-0.0,-0.0,-0.0,-0.12,-0.12,0.12,0.0,0.0,0.0,0.0,1.0
46397.0,-32.9618,-31.3861,1.5563,4.325,-4.709,-2.195,-0.048,-0.054,0.016,-0.0,-0.0,-0.0,-0.12,-0.12,0.12,0.0,0.0,0.0,0.0,1.0
46404.0,-32.9258,-31.4016,1.603,3.639,-3.669,-2.969,-0.013,-0.133,0.025,-0.0,-0.0,-0.0,-0.12,-0.12,0.12,0.0,0.0,0.0,0.0,1.0
46412.0,-32.9021,-31.4329,1.6544,2.962,-2.987,-2.024,-0.003,-0.167,0.024,-0.0,-0.0,-0.0,-0.12,-0.12,0.12,0.0,0.0,0.0,0.0,1.0
46420.0,-32.8849,-31.4614,1.6973,2.59,-2.885,-1.228,0.02,-0.187,0.014,-0.0,-0.0,-0.0,-0.12,-0.12,0.12,0.0,0.0,0.0,0.0,1.0
46428.0,-32.8648,-31.4925,1.7453,2.15,-2.337,-1.021,0.036,-0.164,0.008,-0.0,-0.001,-0.0,-0.12,-0.12,0.12,0.0,0.0,0.0,0.0,1.0
46435.0,-32.8471,-31.5221,1.7896,1.8,-1.537,-0.734,0.052,-0.158,-0.011,-0.0,-0.001,-0.0,-0.12,-0.12,0.12,0.0,0.0,0.0,0.0,1.0
46443.0,-32.8416,-31.5458,1.8176,1.263,-0.956,-0.149,0.044,-0.149,-0.012,0.0,-0.001,-0.0,-0.12,-0.12,0.12,0.0,0.0,0.0,0.0,1.0
46451.0,-32.8365,-31.5625,1.8384,0.493,-0.396,0.587,0.044,-0.091,-0.034,0.0,-0.001,-0.0,-0.12,-0.12,0.12,0.0,0.0,0.0,0.0,1.0
46459.0,-32.8287,-31.5745,1.8568,-0.027,0.213,1.026,0.042,-0.036,-0.032,0.0,-0.001,-0.0,-0.12,-0.12,0.12,0.0,0.0,0.0,0.0,1.0
46466.0,-32.8246,-31.5772,1.8631,-0.032,0.057,0.871,0.03,0.027,-0.036,0.0,-0.001,-0.0,-0.12,-0.12,0.12,0.0,0.0,0.0,0.0,1.0
46474.0,-32.8265,-31.5762,1.8605,-0.165,0.002,0.212,0.01,0.12,-0.03,0.0,-0.001,-0.0,-0.12,-0.12,0.12,0.0,0.0,0.0,0.0,1.0
46482.0,-32.8281,-31.5686,1.8516,0.049,0.275,-0.38,-0.018,0.164,-0.029,0.0,-0.001,-0.0,-0.12,-0.12,0.12,0.0,0.0,0.0,0.0,1.0
46489.0,-32.8291,-31.5588,1.8412,0.031,0.156,-1.192,-0.023,0.205,-0.015,0.0,-0.001,-0.0,-0.12,-0.12,0.12,0.0,0.0,0.0,0.0,1.0
46497.0,-32.8261,-31.5528,1.8381,-0.28,0.211,-1.569,-0.035,0.234,-0.006,0.0,-0.0,-0.0,-0.12,-0.12,0.12,0.0,0.0,0.0,0.0,1.0
46505.0,-32.8214,-31.5479,1.8375,-0.648,0.722,-1.922,-0.022,0.225,-0.013,0.0,-0.0,-0.0,-0.12,-0.12,0.12,0.0,0.0,0.0,0.0,1.0
46513.0,-32.8119,-31.5441,1.842,-1.293,1.304,-1.857,-0.019,0.19,0.001,0.0,-0.0,-0.0,-0.12,-0.12,0.12,0.0,0.0,0.0,0.0,1.0
46521.0,-32.8025,-31.5424,1.8486,-2.136,2.071,-1.778,0.005,0.128,-0.0,0.0,0.0,-0.0,-0.12,-0.12,0.12,0.0,0.0,0.0,0.0,1.0
46529.0,-32.7947,-31.5386,1.8518,-2.674,2.672,-1.521,0.015,0.056,0.015,0.0,0.0,-0.0,-0.12,-0.12,0.12,0.0,0.0,0.0,0.0,1.0
46536.0,-32.7952,-31.5308,1.8438,-3.122,2.964,-0.624,0.014,-0.013,0.004,0.0,0.0,-0.0,-0.12,-0.12,0.12,0.0,0.0,0.0,0.0,1.0
46544.0,-32.8063,-31.5156,1.8192,-3.473,3.467,-0.035,0.024,-0.08,-0.002,0.0,0.0,-0.0,-0.12,-0.12,0.12,0.0,0.0,0.0,0.0,1.0
46552.0,-32.8242,-31.4955,1.7838,-3.771,3.66,0.071,-0.004,-0.127,0.001,0.0,-0.0,-0.0,-0.12,-0.12,0.12,0.0,0.0,0.0,0.0,1.0
46559.0,-32.8418,-31.4768,1.7502,-3.507,3.649,-0.286,-0.008,-0.152,0.01,0.0,-0.0,-0.0,-0.12,-0.12,0.12,0.0,0.0,0.0,0.0,1.0
46567.0,-32.8646,-31.4544,1.7083,-2.867,2.739,-0.334,-0.029,-0.133,0.02,0.0,-0.0,-0.0,-0.12,-0.12,0.12,0.0,0.0,0.0,0.0,1.0
46575.0,-32.8924,-31.4303,1.6604,-2.422,2.129,-0.17,-0.061,-0.115,-0.002,-0.0,-0.0,-0.0,-0.12,-0.12,0.12,0.0,0.0,0.0,0.0,1.0
46583.0,-32.9212,-31.4041,1.6096,-1.771,1.275,0.352,-0.076,-0.074,-0.011,-0.0,-0.0,-0.0,-0.12,-0.12,0.12,0.0,0.0,0.0,0.0,1.0
46591.0,-32.948,-31.3812,1.5636,-0.325,0.41,0.087,-0.084,-0.025,0.01,-0.0,-0.0,-0.0,-0.12,-0.12,0.12,0.0,0.0,0.0,0.0,1.0
46599.0,-32.9625,-31.3669,1.537,1.052,-0.871,0.097,-0.078,0.028,0.006,-0.0,-0.0,-0.0,-0.12,-0.12,0.12,0.0,0.0,0.0,0.0,1.0
46606.0,-32.9626,-31.3646,1.5346,2.147,-1.978,0.11,-0.076,0.075,0.002,-0.0,-0.0,-0.0,-0.12,-0.12,0.12,0.0,0.0,0.0,0.0,1.0
46614.0,-32.9594,-31.3704,1.543,2.722,-2.717,0.061,-0.053,0.09,-0.01,-0.0,-0.0,-0.0,-0.12,-0.12,0.12,0.0,0.0,0.0,0.0,1.0
46622.0,-32.9487,-31.3805,1.5623,2.857,-3.076,0.392,-0.017,0.115,-0.009,-0.0,-0.0,-0.0,-0.12,-0.12,0.12,0.0,0.0,0.0,0.0,1.0
46629.0,-32.9346,-31.3949,1.5888,2.687,-2.838,0.112,0.029,0.085,-0.004,-0.0,-0.0,-0.0,-0.12,-0.12,0.12,0.0,0.0,0.0,0.0,1.0
46637.0,-32.9132,-31.4172,1.6293,2.234,-2.556,-0.035,0.07,0.06,0.014,-0.0,-0.0,-0.0,-0.12,-0.12,0.12,0.0,0.0,0.0,0.0,1.0
46645.0,-32.8783,-31.4439,1.6861,1.747,-1.81,0.024,0.084,0.019,0.006,-0.0,-0.0,-0.0,-0.12,-0.12,0.12,0.0,0.0,0.0,0.0,1.0
46653.0,-32.8644,-31.4647,1.7185,0.247,-0.358,-0.247,0.113,-0.019,0.007,-0.0,-0.0,-0.0,-0.12,-0.12,0.12,0.0,0.0,0.0,0.0,1.0
46661.0,-32.8496,-31.4837,1.7501,-0.476,0.409,-0.08,0.132,-0.07,0.004,-0.0,-0.0,-0.0,-0.12,-0.12,0.12,0.0,0.0,0.0,0.0,1.0
46668.0,-32.8403,-31.4924,1.7668,-1.201,1.393,-0.129,0.124,-0.084,0.012,0.0,-0.0,-0.0,-0.12,-0.12,0.12,0.0,0.0,0.0,0.0,1.0
46676.0,-32.8432,-31.4941,1.7658,-1.698,1.856,-0.095,0.102,-0.064,0.006,0.0,-0.0,-0.0,-0.12,-0.12,0.12,0.0,0.0,0.0,0.0,1.0
46684.0,-32.8481,-31.4892,1.7568,-1.953,2.127,-0.428,0.064,-0.041,-0.009,0.0,-0.0,-0.0,-0.12,-0.12,0.12,0.0,0.0,0.0,0.0,1.0
46691.0,-32.8571,-31.4815,1.7413,-1.932,2.135,-0.246,0.018,-0.033,-0.009,0.0,-0.0,-0.0,-0.12,-0.12,0.12,0.0,0.0,0.0,0.0,1.0
46699.0,-32.8728,-31.4662,1.7126,-1.678,1.823,0.13,-0.032,-0.031,-0.021,0.0,-0.0,-0.0,-0.12,-0.12,0.12,0.0,0.0,0.0,0.0,1.0
46707.0,-32.8964,-31.4427,1.669,-1.511,1.458,0.539,-0.079,-0.004,-0.021,0.0,-0.0,-0.0,-0.12,-0.12,0.12,0.0,0.0,0.0,0.0,1.0
46715.0,-32.9155,-31.4202,1.6302,-0.866,0.664,0.69,-0.122,0.023,-0.011,0.0,-0.0,-0.0,-0.12,-0.12,0.12,0.0,0.0,0.0,0.0,1.0
46723.0,-32.9275,-31.4014,1.6013,0.243,-0.243,0.383,-0.152,0.058,-0.01,-0.0,-0.0,-0.0,-0.12,-0.12,0.12,0.0,0.0,0.0,0.0,1.0
46731.0,-32.9351,-31.3851,1.5788,1.465,-1.259,-0.033,-0.162,0.063,-0.009,-0.0,-0.0,-0.0,-0.12,-0.12,0.12,0.0,0.0,0.0,0.0,1.0
46738.0,-32.9335,-31.3796,1.5748,2.12,-2.097,-0.271,-0.157,0.082,0.006,-0.0,-0.0,-0.0,-0.12,-0.12,0.12,0.0,0.0,0.0,0.0,1.0
46746.0,-32.9285,-31.3795,1.5792,2.98,-2.967,-0.366,-0.118,0.083,0.002,-0.0,-0.0,-0.0,-0.12,-0.12,0.12,0.0,0.0,0.0,0.0,1.0
46754.0,-32.9208,-31.3862,1.5925,3.492,-3.533,-0.416,-0.066,0.045,0.003,-0.0,-0.0,-0.0,-0.12,-0.12,0.12,0.0,0.0,0.0,0.0,1.0
46762.0,-32.9119,-31.3967,1.6105,3.932,-3.653,-1.055,-0.008,0.018,0.02,-0.0,-0.0,-0.0,-0.12,-0.12,0.12,0.0,0.0,0.0,0.0,1.0
46770.0,-32.9008,-31.4142,1.6373,3.804,-4.027,-1.083,0.041,-0.024,0.017,-0.0,-0.0,-0.0,-0.12,-0.12,0.12,0.0,0.0,0.0,0.0,1.0
46777.0,-32.8893,-31.4481,1.6804,3.334,-3.298,-1.559,0.086,-0.06,0.02,-0.0,-0.0,-0.0,-0.12,-0.12,0.12,0.0,0.0,0.0,0.0,1.0
46785.0,-32.8793,-31.4788,1.7191,2.735,-2.657,-1.605,0.122,-0.08,0.007,-0.0,-0.0,-0.0,-0.12,-0.12,0.12,0.0,0.0,0.0,0.0,1.0
46793.0,-32.8704,-31.5019,1.7494,1.893,-1.693,-1.414,0.134,-0.107,-0.006,-0.0,-0.0,-0.0,-0.12,-0.12,0.12,0.0,0.0,0.0,0.0,1.0
46800.0,-32.8585,-31.5262,1.7836,1.545,-1.565,-1.196,0.157,-0.111,-0.018,-0.0,-0.0,-0.0,-0.12,-0.12,0.12,0.0,0.0,0.0,0.0,1.0
46808.0,-32.8425,-31.5456,1.8166,1.169,-1.273,-0.902,0.147,-0.103,-0.026,0.0,-0.0,-0.0,-0.12,-0.12,0.12,0.0,0.0,0.0,0.0,1.0
46816.0,-32.8289,-31.5594,1.842,1.027,-0.743,-0.973,0.128,-0.066,-0.022,0.0,-0.0,-0.0,-0.12,-0.12,0.12,0.0,0.0,0.0,0.0,1.0
46824.0,-32.8178,-31.5707,1.8628,0.738,-0.509,-1.342,0.089,-0.032,-0.008,0.0,-0.001,-0.0,-0.12,-0.12,0.12,0.0,0.0,0.0,0.0,1.0
46831.0,-32.8096,-31.579,1.8781,0.428,-0.586,-1.59,0.054,-0.004,-0.01,0.0,-0.001,-0.0,-0.12,-0.12,0.12,0.0,0.0,0.0,0.0,1.0
46839.0,-32.8022,-31.5786,1.8842,-0.063,-0.052,-1.314,0.019,0.029,-0.022,0.0,-0.001,-0.0,-0.12,-0.12,0.12,0.0,0.0,0.0,0.0,1.0
46847.0,-32.7994,-31.574,1.8822,-0.156,0.155,-1.109,-0.021,0.064,-0.027,0.0,-0.0,-0.0,-0.12,-0.12,0.12,0.0,0.0,0.0,0.0,1.0
46855.0,-32.7945,-31.5653,1.8781,0.455,-0.177,-0.752,-0.07,0.095,-0.019,0.0,-0.0,-0.0,-0.12,-0.12,0.12,0.0,0.0,0.0,0.0,1.0
46863.0,-32.7926,-31.5531,1.8678,0.874,-0.709,-0.424,-0.106,0.104,-0.013,0.0,-0.0,-0.0,-0.12,-0.12,0.12,0.0,0.0,0.0,0.0,1.0
46870.0,-32.791,-31.542,1.8584,1.287,-1.052,-0.597,-0.134,0.112,-0.011,0.0,-0.0,-0.0,-0.12,-0.12,0.12,0.0,0.0,0.0,0.0,1.0
46878.0,-32.7848,-31.5335,1.8556,1.474,-1.459,-1.008,-0.155,0.118,0.014,-0.0,-0.0,-0.0,-0.12,-0.12,0.12,0.0,0.0,0.0,0.0,1.0
46886.0,-32.776,-31.5261,1.8561,1.86,-1.794,-1.691,-0.134,0.101,0.017,-0.0,-0.0,-0.0,-0.12,-0.12,0.12,0.0,0.0,0.0,0.0,1.0
46894.0,-32.7667,-31.5273,1.8655,2.105,-2.185,-2.602,-0.115,0.053,0.026,-0.0,0.0,-0.0,-0.12,-0.12,0.12,0.0,0.0,0.0,0.0,1.0
46902.0,-32.7611,-31.5281,1.8711,2.256,-2.025,-3.652,-0.089,0.005,0.043,-0.0,0.0,-0.0,-0.12,-0.12,0.12,0.0,0.0,0.0,0.0,1.0
46910.0,-32.7579,-31.5352,1.881,2.025,-2.53,-4.503,-0.06,-0.044,0.028,-0.0,0.0,-0.0,-0.12,-0.12,0.12,0.0,0.0,0.0,0.0,1.0
46917.0,-32.7566,-31.5465,1.8931,2.173,-2.432,-4.75,-0.02,-0.074,0.025,-0.0,-0.0,-0.0,-0.12,-0.12,0.12,0.0,0.0,0.0,0.0,1.0
46925.0,-32.7533,-31.5592,1.9084,2.101,-2.201,-5.123,0.023,-0.09,0.015,-0.0,-0.0,-0.0,-0.12,-0.12,0.12,0.0,0.0,0.0,0.0,1.0
46933.0,-32.751,-31.5723,1.9231,1.871,-1.982,-4.903,0.042,-0.117,0.016,-0.0,-0.0,-0.0,-0.12,-0.12,0.12,0.0,0.0,0.0,0.0,1.0
46940.0,-32.7499,-31.5888,1.9402,1.684,-1.901,-4.906,0.077,-0.12,-0.001,-0.0,-0.0,-0.0,-0.12,-0.12,0.12,0.0,0.0,0.0,0.0,1.0
46948.0,-32.7479,-31.6048,1.9575,1.415,-1.727,-5.766,0.074,-0.119,0.001,-0.0,-0.0,-0.0,-0.12,-0.12,0.12,0.0,0.0,0.0,0.0,1.0
46956.0,-32.75,-31.6135,1.9641,1.055,-1.459,-7.051,0.082,-0.09,-0.009,-0.0,-0.0,-0.0,-0.12,-0.12,0.12,0.0,0.0,0.0,0.0,1.0
46964.0,-32.754,-31.6124,1.9596,0.765,-1.205,-8.179,0.095,-0.064,0.015,-0.0,-0.001,-0.0,-0.12,-0.12,0.12,0.0,0.0,0.0,0.0,1.0
46971.0,-32.7635,-31.6075,1.9464,0.522,-0.949,-8.615,0.078,-0.029,0.005,-0.0,-0.001,-0.0,-0.12,-0.12,0.12,0.0,0.0,0.0,0.0,1.0
46979.0,-32.7719,-31.5957,1.9276,0.355,-1.199,-8.092,0.076,0.012,-0.026,-0.0,-0.001,-0.0,-0.12,-0.12,0.12,0.0,0.0,0.0,0.0,1.0
46987.0,-32.7722,-31.5856,1.9175,0.63,-1.458,-7.577,0.042,0.039,-0.022,0.0,-0.001,-0.0,-0.12,-0.12,0.12,0.0,0.0,0.0,0.0,1.0
46995.0,-32.7686,-31.5802,1.9153,1.313,-2.046,-7.564,0.004,0.078,-0.021,0.0,-0.0,-0.0,-0.12,-0.12,0.12,0.0,0.0,0.0,0.0,1.0
47003.0,-32.7568,-31.5817,1.9272,2.189,-2.674,-8.021,-0.024,0.111,0.004,0.0,-0.0,-0.0,-0.12,-0.12,0.12,0.0,0.0,0.0,0.0,1.0
47010.0,-32.7467,-31.5779,1.9324,2.279,-3.015,-9.142,-0.049,0.121,0.025,-0.0,-0.0,-0.0,-0.12,-0.12,0.12,0.0,0.0,0.0,0.0,1.0
47018.0,-32.7422,-31.5725,1.9311,2.473,-3.076,-10.33,-0.086,0.102,0.042,-0.0,-0.0,-0.0,-0.12,-0.12,0.12,0.0,0.0,0.0,0.0,1.0
47026.0,-32.7377,-31.5714,1.9339,2.256,-2.776,-12.104,-0.1,0.085,0.051,-0.0,-0.0,-0.0,-0.12,-0.12,0.12,0.0,0.0,0.0,0.0,1.0
47034.0,-32.7337,-31.5729,1.9389,1.873,-2.661,-12.681,-0.1,0.054,0.045,-0.0,-0.0,-0.0,-0.12,-0.12,0.12,0.0,0.0,0.0,0.0,1.0
47041.0,-32.7221,-31.5794,1.9555,1.539,-2.158,-12.955,-0.087,0.005,0.055,-0.0,-0.0,-0.0,-0.12,-0.12,0.12,0.0,0.0,0.0,0.0,1.0
47049.0,-32.7111,-31.5918,1.9772,0.826,-1.958,-14.135,-0.073,-0.042,0.044,-0.0,-0.0,0.0,-0.12,-0.12,0.12,0.0,0.0,0.0,0.0,1.0
47057.0,-32.6987,-31.5965,1.9928,0.085,-0.946,-15.885,-0.021,-0.1,0.043,-0.0,-0.0,0.0,-0.12,-0.12,0.12,0.0,0.0,0.0,0.0,1.0
47065.0,-32.6924,-31.596,1.9978,-0.72,0.367,-17.765,0.021,-0.13,0.049,-0.0,-0.0,0.0,-0.12,-0.12,0.12,0.0,0.0,0.0,0.0,1.0
47072.0,-32.6888,-31.5985,2.0034,-1.959,1.453,-19.093,0.068,-0.141,0.062,-0.0,-0.0,0.0,-0.12,-0.12,0.12,0.0,0.0,0.0,0.0,1.0
47080.0,-32.6877,-31.6018,2.0075,-2.404,1.562,-19.499,0.118,-0.123,0.06,-0.0,-0.0,0.0,-0.12,-0.12,0.12,0.0,0.0,0.0,0.0,1.0
47088.0,-32.6916,-31.603,2.0053,-2.772,1.251,-19.032,0.124,-0.077,0.02,-0.0,-0.001,0.0,-0.12,-0.12,0.12,0.0,0.0,0.0,0.0,1.0
47096.0,-32.6959,-31.6026,2.0012,-3.101,2.149,-18.649,0.124,-0.053,-0.025,-0.0,-0.001,0.0,-0.12,-0.12,0.12,0.0,0.0,0.0,0.0,1.0
47103.0,-32.6983,-31.6061,2.0024,-2.867,1.977,-17.868,0.106,-0.016,-0.054,0.0,-0.001,0.0,-0.12,-0.12,0.12,0.0,0.0,0.0,0.0,1.0
47111.0,-32.6983,-31.6142,2.0103,-2.548,1.557,-16.817,0.068,0.037,-0.086,0.0,-0.001,0.0,-0.12,-0.12,0.12,0.0,0.0,0.0,0.0,1.0
47119.0,-32.7061,-31.6196,2.0087,-2.067,0.572,-15.469,0.027,0.082,-0.081,0.0,-0.001,0.0,-0.12,-0.12,0.12,0.0,0.0,0.0,0.0,1.0
47127.0,-32.716,-31.6127,1.9933,-1.914,1.628,-15.621,-0.026,0.113,-0.063,0.0,-0.0,-0.0,-0.12,-0.12,0.12,0.0,0.0,0.0,0.0,1.0
47134.0,-32.7271,-31.6032,1.9743,-2.27,2.121,-16.077,-0.062,0.09,-0.036,0.0,-0.0,-0.0,-0.12,-0.12,0.12,0.0,0.0,0.0,0.0,1.0
47142.0,-32.7395,-31.5864,1.947,-3.156,2.588,-16.82,-0.071,0.104,-0.017,0.0,-0.0,-0.0,-0.12,-0.12,0.12,0.0,0.0,0.0,0.0,1.0
47150.0,-32.7508,-31.5656,1.9168,-3.168,2.58,-17.433,-0.074,0.086,0.03,-0.0,-0.0,-0.0,-0.12,-0.12,0.12,0.0,0.0,0.0,0.0,1.0
47158.0,-32.7587,-31.5444,1.8892,-3.214,2.451,-17.995,-0.058,0.063,0.046,-0.0,-0.0,-0.0,-0.12,-0.12,0.12,0.0,0.0,0.0,0.0,1.0
47165.0,-32.7697,-31.5228,1.8585,-3.182,1.962,-18.487,-0.073,0.028,0.061,-0.0,-0.0,0.0,-0.12,-0.12,0.11607,0.0,0.0,0.0,0.0,1.0
47173.0,-32.779,-31.4997,1.8278,-2.979,1.839,-19.303,-0.051,0.003,0.049,-0.0,-0.0,0.0,-0.12,-0.12,0.1006,0.0,0.0,0.0,0.0,1.0
47181.0,-32.7893,-31.4767,1.7963,-2.355,2.009,-19.567,-0.047,-0.036,0.047,-0.0,-0.0,0.0,-0.12,-0.12,0.09432,0.0,0.0,0.0,0.0,1.0
47189.0,-32.7946,-31.4685,1.7837,-1.75,1.347,-19.193,-0.04,-0.058,0.023,-0.0,-0.0,0.0,-0.12,-0.12,0.10625,0.0,0.0,0.0,0.0,1.0
47197.0,-32.7964,-31.4685,1.7821,-1.164,-0.299,-18.767,-0.04,-0.062,-0.005,-0.0,-0.0,0.0,-0.12,-0.12,0.12,0.0,0.0,0.0,0.0,1.0
47204.0,-32.7927,-31.4643,1.7812,0.161,-1.454,-19.147,-0.008,-0.051,-0.008,-0.0,-0.0,0.0,-0.12,-0.12,0.12,0.0,0.0,0.0,0.0,1.0
47212.0,-32.7875,-31.4657,1.7872,1.863,-1.74,-20.987,0.001,-0.028,-0.01,-0.0,-0.0,0.0,-0.12,-0.12,0.12,0.0,0.0,0.0,0.0,1.0
47220.0,-32.78,-31.4789,1.8066,2.611,-3.47,-22.543,0.037,-0.011,0.017,-0.0,-0.0,0.0,-0.12,-0.12,0.12,0.0,0.0,0.0,0.0,1.0
47228.0,-32.7726,-31.4962,1.83,3.235,-5.133,-23.515,0.056,0.031,0.015,-0.0,-0.0,0.0,-0.12,-0.12,0.12,0.0,0.0,0.0,0.0,1.0
47235.0,-32.7657,-31.5112,1.8507,4.135,-5.554,-23.679,0.082,0.037,-0.006,-0.0,-0.0,0.0,-0.12,-0.12,0.12,0.0,0.0,0.0,0.0,1.0
47243.0,-32.759,-31.5273,1.8723,4.393,-5.409,-23.449,0.098,0.037,-0.017,-0.0,-0.0,0.0,-0.12,-0.12,0.12,0.0,0.0,0.0,0.0,1.0
47251.0,-32.7599,-31.5508,1.8943,4.355,-5.341,-24.33,0.109,0.021,-0.014,-0.0,-0.0,0.0,-0.12,-0.12,0.12,0.0,0.0,0.0,0.0,1.0
47259.0,-32.7523,-31.5737,1.9234,3.947,-5.255,-24.33,0.068,0.008,-0.024,0.0,-0.0,0.0,-0.12,-0.12,0.12,0.0,0.0,0.0,0.0,1.0
47266.0,-32.7396,-31.5983,1.9585,4.154,-5.191,-23.229,0.021,-0.006,-0.053,0.0,-0.0,0.0,-0.12,-0.12,0.12,0.0,0.0,0.0,0.0,1.0
47274.0,-32.7282,-31.6267,1.9962,3.738,-5.278,-22.624,-0.008,-0.031,-0.085,0.0,-0.0,0.0,-0.12,-0.12,0.12,0.0,0.0,0.0,0.0,1.0
47282.0,-32.7159,-31.6469,2.0267,3.024,-4.61,-22.474,-0.038,-0.048,-0.057,0.0,-0.0,-0.0,-0.12,-0.12,0.12,0.0,0.0,0.0,0.0,1.0
47290.0,-32.6896,-31.6647,2.0672,3.0,-4.007,-21.784,-0.045,-0.071,-0.084,0.0,-0.0,-0.0,-0.12,-0.12,0.12,0.0,0.0,0.0,0.0,1.0
47298.0,-32.6541,-31.6953,2.1283,3.154,-3.49,-20.658,-0.05,-0.056,-0.071,-0.0,-0.0,-0.0,-0.12,-0.12,0.12,0.0,0.0,0.0,0.0,1.0
47306.0,-32.6142,-31.7289,2.1961,2.847,-4.087,-20.388,-0.028,-0.046,-0.06,-0.0,-0.0,-0.0,-0.12,-0.12,0.12,0.0,0.0,0.0,0.0,1.0
47313.0,-32.5697,-31.7572,2.2628,2.811,-4.281,-20.579,-0.014,-0.016,-0.011,-0.0,-0.0,-0.0,-0.12,-0.12,0.12,0.0,0.0,0.0,0.0,1.0
47321.0,-32.5217,-31.7784,2.3256,3.559,-3.784,-20.34,-0.041,0.002,0.023,-0.0,-0.0,-0.0,-0.12,-0.12,0.12,0.0,0.0,0.0,0.0,1.0
47329.0,-32.4661,-31.8048,2.4002,3.713,-4.181,-19.353,-0.053,0.022,0.035,-0.0,-0.0,-0.0,-0.12,-0.12,0.12,0.0,0.0,0.0,0.0,1.0
47337.0,-32.415,-31.8356,2.4753,3.775,-4.313,-18.964,-0.038,0.047,0.047,-0.0,-0.0,-0.0,-0.12,-0.12,0.12,0.0,0.0,0.0,0.0,1.0
47344.0,-32.3611,-31.8666,2.5529,3.575,-4.286,-19.106,-0.05,0.058,0.045,-0.0,-0.0,-0.0,-0.12,-0.12,0.12,0.0,0.0,0.0,0.0,1.0
47352.0,-32.306,-31.8989,2.6328,3.658,-3.503,-19.441,-0.033,0.045,0.054,-0.0,-0.0,-0.0,-0.12,-0.12,0.12,0.0,0.0,0.0,0.0,1.0
47360.0,-32.2669,-31.9294,2.697,2.708,-3.742,-20.366,0.0,0.032,0.055,-0.0,-0.0,-0.0,-0.12,-0.12,0.12,0.0,0.0,0.0,0.0,1.0
47368.0,-32.2378,-31.9481,2.7408,1.69,-3.997,-20.361,0.043,0.022,0.036,-0.0,-0.0,0.0,-0.12,-0.12,0.12,0.0,0.0,0.0,0.0,1.0
47375.0,-32.217,-31.9583,2.769,1.241,-3.272,-19.895,0.054,-0.007,0.022,-0.0,-0.0,0.0,-0.12,-0.12,0.12,0.0,0.0,0.0,0.0,1.0
47383.0,-32.193,-31.9739,2.8053,1.345,-2.425,-19.047,0.084,-0.032,-0.015,-0.0,-0.0,0.0,-0.12,-0.12,0.12,0.0,0.0,0.0,0.0,1.0
47391.0,-32.1727,-32.0,2.8486,1.215,-2.665,-17.728,0.075,-0.04,-0.025,-0.0,-0.0,0.0,-0.12,-0.12,0.12,0.0,0.0,0.0,0.0,1.0
47399.0,-32.1569,-32.0274,2.8892,0.337,-2.997,-17.366,0.08,-0.013,-0.02,0.0,-0.0,0.0,-0.12,-0.12,0.12,0.0,0.0,0.0,0.0,1.0
47406.0,-32.1502,-32.0416,2.9089,-0.489,-1.789,-17.537,0.055,-0.03,-0.009,0.0,-0.0,-0.0,-0.12,-0.12,0.12,0.0,0.0,0.0,0.0,1.0
47414.0,-32.143,-32.0443,2.918,-0.859,0.163,-16.793,0.033,-0.062,-0.023,0.0,-0.0,-0.0,-0.12,-0.12,0.12,0.0,0.0,0.0,0.0,1.0
47422.0,-32.1355,-32.0541,2.934,-1.284,1.204,-15.403,-0.006,-0.06,-0.036,0.0,-0.0,-0.0,-0.12,-0.12,0.12,0.0,0.0,0.0,0.0,1.0
47430.0,-32.1322,-32.0731,2.9555,-2.082,1.234,-13.899,-0.026,-0.024,-0.028,0.0,-0.0,-0.0,-0.12,-0.12,0.12,0.0,0.0,0.0,0.0,1.0
47438.0,-32.1215,-32.0889,2.9803,-2.435,1.058,-12.948,-0.057,0.011,-0.041,0.0,-0.0,-0.0,-0.12,-0.12,0.12,0.0,0.0,0.0,0.0,1.0
47445.0,-32.1111,-32.0988,2.9991,-2.343,1.462,-12.281,-0.091,0.035,-0.033,-0.0,-0.0,-0.0,-0.12,-0.12,0.12,0.0,0.0,0.0,0.0,1.0
47453.0,-32.109,-32.1052,3.0072,-2.551,1.843,-11.292,-0.103,0.053,-0.033,-0.0,-0.0,-0.0,-0.12,-0.12,0.12,0.0,0.0,0.0,0.0,1.0
47461.0,-32.1095,-32.1021,3.0037,-2.961,2.567,-9.703,-0.105,0.061,-0.036,-0.0,-0.0,-0.0,-0.12,-0.12,0.12,0.0,0.0,0.0,0.0,1.0
47468.0,-32.1135,-32.0934,2.9916,-3.263,3.285,-8.639,-0.082,0.048,-0.033,-0.0,-0.0,-0.0,-0.12,-0.12,0.12,0.0,0.0,0.0,0.0,1.0
47476.0,-32.1228,-32.0748,2.9654,-3.684,3.89,-8.293,-0.042,0.036,-0.019,-0.0,-0.0,-0.0,-0.12,-0.12,0.12,0.0,0.0,0.0,0.0,1.0
47484.0,-32.1363,-32.05,2.9294,-4.5,4.496,-8.292,-0.014,0.036,0.012,-0.0,-0.0,-0.0,-0.12,-0.12,0.12,0.0,0.0,0.0,0.0,1.0
47492.0,-32.1508,-32.02,2.8873,-4.8,5.19,-7.944,0.029,0.021,0.022,-0.0,-0.0,-0.0,-0.12,-0.12,0.12,0.0,0.0,0.0,0.0,1.0
47500.0,-32.1643,-31.9873,2.8437,-4.941,4.991,-7.282,0.046,0.006,0.029,-0.0,-0.0,-0.0,-0.12,-0.12,0.12,0.0,0.0,0.0,0.0,1.0
47508.0,-32.1757,-31.9549,2.8021,-5.225,5.238,-6.606,0.069,-0.008,0.029,-0.0,-0.0,-0.0,-0.12,-0.12,0.12,0.0,0.0,0.0,0.0,1.0
47515.0,-32.1886,-31.9202,2.757,-5.878,5.822,-6.11,0.083,-0.019,0.049,-0.0,-0.0,-0.0,-0.12,-0.12,0.12,0.0,0.0,0.0,0.0,1.0
47523.0,-32.2034,-31.8864,2.7109,-6.127,6.233,-5.528,0.091,-0.025,0.032,-0.0,-0.0,-0.0,-0.12,-0.12,0.12,0.0,0.0,0.0,0.0,1.0
47531.0,-32.2193,-31.8475,2.6591,-6.921,6.504,-5.0,0.087,-0.03,0.036,-0.0,-0.0,-0.0,-0.12,-0.12,0.12,0.0,0.0,0.0,0.0,1.0
47539.0,-32.239,-31.8105,2.6057,-7.46,7.021,-4.657,0.073,-0.034,0.042,0.0,-0.0,-0.0,-0.12,-0.12,0.12,0.0,0.0,0.0,0.0,1.0
47546.0,-32.2636,-31.7682,2.5429,-7.999,7.712,-4.486,0.044,-0.031,0.051,0.0,-0.0,-0.0,-0.12,-0.12,0.12,0.0,0.0,0.0,0.0,1.0
47554.0,-32.2954,-31.7218,2.4698,-8.726,8.468,-3.559,0.013,-0.018,0.052,0.0,-0.0,0.0,-0.12,-0.12,0.12,0.0,0.0,0.0,0.0,1.0
47562.0,-32.3301,-31.6707,2.3894,-9.26,8.71,-2.629,-0.022,-0.009,0.049,0.0,-0.0,0.0,-0.12,-0.12,0.12,0.0,0.0,0.0,0.0,1.0
47570.0,-32.3737,-31.617,2.2987,-9.944,9.028,-1.624,-0.036,0.002,0.027,0.0,-0.0,0.0,-0.12,-0.12,0.12,0.0,0.0,0.0,0.0,1.0
47578.0,-32.4283,-31.5604,2.1955,-10.665,9.397,-0.741,-0.055,0.017,0.023,0.0,-0.0,0.0,-0.12,-0.12,0.12,0.0,0.0,0.0,0.0,1.0
47585.0,-32.4842,-31.503,2.0905,-11.398,9.714,-0.427,-0.063,0.022,0.03,-0.0,-0.0,0.0,-0.12,-0.12,0.12,0.0,0.0,0.0,0.0,1.0
47593.0,-32.545,-31.4461,1.9816,-11.264,9.831,-0.571,-0.061,0.04,0.018,-0.0,-0.0,0.0,-0.12,-0.12,0.12,0.0,0.0,0.0,0.0,1.0
47601.0,-32.6056,-31.3879,1.8715,-11.236,9.887,-0.864,-0.067,0.044,0.036,-0.0,-0.0,0.0,-0.12,-0.12,0.12,0.0,0.0,0.0,0.0,1.0
47608.0,-32.67,-31.331,1.7595,-10.567,9.118,-1.291,-0.056,0.043,0.017,-0.0,-0.0,0.0,-0.12,-0.12,0.12,0.0,0.0,0.0,0.0,1.0
47616.0,-32.7327,-31.2787,1.6533,-9.345,8.1,-1.708,-0.067,0.059,0.026,-0.0,-0.0,0.0,-0.12,-0.12,0.12,0.0,0.0,0.0,0.0,1.0
47624.0,-32.8029,-31.2276,1.5418,-7.876,6.701,-1.99,-0.065,0.062,0.017,-0.0,-0.0,0.0,-0.12,-0.12,0.12,0.0,0.0,0.0,0.0,1.0
47632.0,-32.8787,-31.1761,1.4249,-5.766,5.091,-1.965,-0.079,0.054,0.015,-0.0,-0.0,0.0,-0.12,-0.12,0.12,0.0,0.0,0.0,0.0,1.0
47640.0,-32.9477,-31.132,1.3212,-4.6,3.713,-1.968,-0.077,0.045,0.001,-0.0,-0.0,0.0,-0.12,-0.12,0.12,0.0,0.0,0.0,0.0,1.0
47647.0,-33.0086,-31.1062,1.2425,-2.51,1.79,-1.823,-0.063,0.034,-0.035,-0.0,-0.0,0.0,-0.12,-0.12,0.12,0.0,0.0,0.0,0.0,1.0
47655.0,-33.0581,-31.0922,1.1852,0.254,-0.466,-1.492,-0.062,0.021,-0.028,-0.0,-0.0,0.0,-0.12,-0.12,0.12,0.0,0.0,0.0,0.0,1.0
47663.0,-33.097,-31.0872,1.1461,1.426,-2.079,-0.951,-0.014,-0.007,-0.031,-0.001,-0.0,0.0,-0.12,-0.12,0.12,0.0,0.0,0.0,0.0,1.0
47671.0,-33.1194,-31.1001,1.139,2.604,-2.824,-0.228,0.015,-0.026,-0.027,-0.001,-0.0,0.0,-0.12,-0.12,0.12,0.0,0.0,0.0,0.0,1.0
47678.0,-33.1233,-31.1243,1.1592,3.627,-3.582,1.087,0.06,-0.058,-0.015,-0.0,-0.0,0.0,-0.12,-0.12,0.12,0.0,0.0,0.0,0.0,1.0
47686.0,-33.114,-31.1547,1.197,3.482,-3.571,1.533,0.096,-0.093,-0.026,-0.0,-0.0,0.0,-0.12,-0.12,0.12,0.0,0.0,0.0,0.0,1.0
47694.0,-33.0984,-31.1849,1.2401,2.911,-2.938,1.997,0.133,-0.124,-0.006,-0.0,-0.0,0.0,-0.12,-0.12,0.12,0.0,0.0,0.0,0.0,1.0
47702.0,-33.0768,-31.2147,1.2882,2.47,-2.389,2.204,0.153,-0.133,-0.016,-0.0,-0.0,0.0,-0.12,-0.12,0.12,0.0,0.0,0.0,0.0,1.0
47709.0,-33.0542,-31.2363,1.3291,1.845,-1.843,2.494,0.154,-0.113,-0.013,-0.0,-0.0,0.0,-0.12,-0.12,0.12,0.0,0.0,0.0,0.0,1.0
47717.0,-33.0319,-31.2526,1.3646,1.23,-1.037,2.093,0.147,-0.103,-0.012,0.0,-0.0,0.0,-0.12,-0.12,0.12,0.0,0.0,0.0,0.0,1.0
47725.0,-33.0097,-31.2664,1.3976,0.594,-0.414,1.684,0.124,-0.054,0.001,0.0,-0.001,0.0,-0.12,-0.12,0.12,0.0,0.0,0.0,0.0,1.0
47733.0,-32.9879,-31.2718,1.422,-0.111,0.184,1.16,0.087,-0.022,-0.001,0.0,-0.001,0.0,-0.12,-0.12,0.12,0.0,0.0,0.0,0.0,1.0
47740.0,-32.9717,-31.2712,1.4357,-0.624,0.484,0.425,0.033,0.022,0.015,0.0,-0.001,0.0,-0.12,-0.12,0.12,0.0,0.0,0.0,0.0,1.0
47748.0,-32.9618,-31.2632,1.4366,-1.254,1.223,0.214,-0.02,0.051,0.001,0.0,-0.001,0.0,-0.12,-0.12,0.12,0.0,0.0,0.0,0.0,1.0
47756.0,-32.9526,-31.2636,1.445,-2.174,1.764,0.066,-0.064,0.085,0.006,0.0,-0.0,0.0,-0.12,-0.12,0.12,0.0,0.0,0.0,0.0,1.0
47764.0,-32.9527,-31.2557,1.4373,-2.412,1.888,-0.241,-0.106,0.123,0.001,0.0,-0.0,0.0,-0.12,-0.12,0.12,0.0,0.0,0.0,0.0,1.0
47772.0,-32.9621,-31.2432,1.4168,-2.818,3.037,-0.56,-0.132,0.113,0.033,0.0,-0.0,0.0,-0.12,-0.12,0.12,0.0,0.0,0.0,0.0,1.0
47779.0,-32.9775,-31.2308,1.3912,-2.76,2.839,-0.843,-0.154,0.127,0.026,-0.0,-0.0,0.0,-0.12,-0.12,0.12,0.0,0.0,0.0,0.0,1.0
47787.0,-33.0014,-31.2137,1.3536,-2.733,2.375,-0.618,-0.157,0.114,0.014,-0.0,-0.0,0.0,-0.12,-0.12,0.12,0.0,0.0,0.0,0.0,1.0
47795.0,-33.0299,-31.1966,1.3118,-2.162,2.094,-0.383,-0.148,0.09,0.008,-0.0,-0.0,0.0,-0.12,-0.12,0.12,0.0,0.0,0.0,0.0,1.0
47802.0,-33.0617,-31.1818,1.2694,-1.533,1.357,-0.172,-0.13,0.058,-0.006,-0.0,0.0,0.0,-0.12,-0.12,0.12,0.0,0.0,0.0,0.0,1.0
47810.0,-33.0903,-31.1704,1.2331,-0.656,0.669,-0.258,-0.098,0.025,-0.015,-0.001,0.0,0.0,-0.12,-0.12,0.12,0.0,0.0,0.0,0.0,1.0
47818.0,-33.1121,-31.1633,1.207,0.307,-0.269,-0.075,-0.057,-0.018,-0.009,-0.001,0.0,0.0,-0.12,-0.12,0.12,0.0,0.0,0.0,0.0,1.0
47825.0,-33.1267,-31.1638,1.1946,1.136,-1.063,-0.007,-0.037,-0.056,-0.008,-0.001,0.0,0.0,-0.12,-0.12,0.12,0.0,0.0,0.0,0.0,1.0
47833.0,-33.1327,-31.1723,1.1976,1.623,-1.485,0.348,0.019,-0.094,0.0,-0.001,-0.0,0.0,-0.12,-0.12,0.12,0.0,0.0,0.0,0.0,1.0
47841.0,-33.1256,-31.186,1.2173,1.403,-1.612,0.482,0.075,-0.121,-0.027,-0.001,-0.0,0.0,-0.12,-0.12,0.12,0.0,0.0,0.0,0.0,1.0
47849.0,-33.1138,-31.1993,1.2406,1.317,-1.123,0.714,0.125,-0.133,-0.018,-0.0,-0.0,0.0,-0.12,-0.12,0.12,0.0,0.0,0.0,0.0,1.0
47857.0,-33.0978,-31.2134,1.2683,0.87,-0.556,0.593,0.171,-0.141,-0.012,-0.0,-0.0,0.0,-0.12,-0.12,0.12,0.0,0.0,0.0,0.0,1.0
47865.0,-33.0834,-31.224,1.2914,0.439,-0.307,0.67,0.175,-0.113,-0.007,-0.0,-0.0,0.0,-0.12,-0.12,0.12,0.0,0.0,0.0,0.0,1.0
47872.0,-33.0724,-31.2296,1.3065,-0.383,0.357,0.3,0.185,-0.102,0.002,-0.0,-0.001,0.0,-0.12,-0.12,0.12,0.0,0.0,0.0,0.0,1.0
47880.0,-33.067,-31.2286,1.3103,-0.78,0.772,0.284,0.162,-0.058,0.0,0.0,-0.001,0.0,-0.12,-0.12,0.12,0.0,0.0,0.0,0.0,1.0
47888.0,-33.0679,-31.2213,1.3023,-0.999,0.906,0.159,0.116,0.014,-0.005,0.0,-0.001,0.0,-0.12,-0.12,0.12,0.0,0.0,0.0,0.0,1.0
47895.0,-33.0759,-31.2106,1.2849,-0.637,0.63,-0.033,0.063,0.045,-0.006,0.0,-0.001,0.0,-0.12,-0.12,0.12,0.0,0.0,0.0,0.0,1.0
47903.0,-33.0933,-31.1921,1.2516,0.078,-0.094,0.188,-0.008,0.099,-0.003,0.0,-0.001,0.0,-0.12,-0.12,0.12,0.0,0.0,0.0,0.0,1.0
47911.0,-33.1002,-31.1835,1.2371,0.824,-0.94,0.289,-0.104,0.133,-0.017,0.0,-0.0,0.0,-0.12,-0.12,0.12,0.0,0.0,0.0,0.0,1.0
47919.0,-33.0975,-31.1829,1.239,1.711,-1.301,0.186,-0.16,0.146,-0.001,0.0,-0.0,0.0,-0.12,-0.12,0.12,0.0,0.0,0.0,0.0,1.0
47927.0,-33.0942,-31.1873,1.2461,2.167,-1.783,-0.211,-0.203,0.153,0.006,-0.0,-0.0,0.0,-0.12,-0.12,0.12,0.0,0.0,0.0,0.0,1.0
47934.0,-33.0882,-31.1962,1.2601,1.817,-1.868,0.223,-0.199,0.118,-0.008,-0.0,-0.0,0.0,-0.12,-0.12,0.12,0.0,0.0,0.0,0.0,1.0
47942.0,-33.0777,-31.2071,1.2799,1.704,-1.715,0.289,-0.179,0.085,0.001,-0.0,0.0,0.0,-0.12,-0.12,0.12,0.0,0.0,0.0,0.0,1.0
47950.0,-33.0644,-31.223,1.3071,1.072,-1.152,0.251,-0.116,0.018,-0.006,-0.0,0.0,0.0,-0.12,-0.12,0.12,0.0,0.0,0.0,0.0,1.0
47957.0,-33.0513,-31.2381,1.3334,0.696,-0.6,0.287,-0.068,-0.03,-0.012,-0.001,0.0,0.0,-0.12,-0.12,0.12,0.0,0.0,0.0,0.0,1.0
47965.0,-33.0413,-31.252,1.3557,0.342,-0.368,0.09,0.012,-0.084,0.006,-0.001,-0.0,0.0,-0.12,-0.12,0.12,0.0,0.0,0.0,0.0,1.0
47973.0,-33.0348,-31.2646,1.3737,-0.119,0.302,-0.014,0.069,-0.125,-0.0,-0.001,-0.0,0.0,-0.12,-0.12,0.12,0.0,0.0,0.0,0.0,1.0
47981.0,-33.0313,-31.2676,1.3796,-1.056,0.903,-0.101,0.127,-0.14,0.002,-0.0,-0.0,0.0,-0.12,-0.12,0.12,0.0,0.0,0.0,0.0,1.0
47988.0,-33.0327,-31.2661,1.377,-1.278,1.278,0.274,0.169,-0.151,0.001,-0.0,-0.0,0.0,-0.12,-0.12,0.12,0.0,0.0,0.0,0.0,1.0
47996.0,-33.0367,-31.2596,1.3672,-1.084,1.023,0.019,0.173,-0.117,-0.01,-0.0,-0.0,0.0,-0.12,-0.12,0.12,0.0,0.0,0.0,0.0,1.0
48004.0,-33.0481,-31.2487,1.3465,-0.81,1.194,0.102,0.159,-0.09,0.009,-0.0,-0.001,0.0,-0.12,-0.12,0.12,0.0,0.0,0.0,0.0,1.0
48012.0,-33.0607,-31.2379,1.3249,-0.704,0.585,0.182,0.121,-0.026,0.002,0.0,-0.001,0.0,-0.12,-0.12,0.12,0.0,0.0,0.0,0.0,1.0
48019.0,-33.0627,-31.2253,1.3109,-0.37,0.085,0.456,0.068,0.038,-0.006,0.0,-0.001,0.0,-0.12,-0.12,0.12,0.0,0.0,0.0,0.0,1.0
48027.0,-33.0641,-31.2172,1.3018,-0.091,-0.245,0.297,0.014,0.072,-0.005,0.0,-0.0,0.0,-0.12,-0.12,0.12,0.0,0.0,0.0,0.0,1.0
48035.0,-33.0644,-31.2132,1.2976,0.052,-0.301,-0.106,-0.037,0.09,-0.008,0.0,-0.0,0.0,-0.12,-0.12,0.12,0.0,0.0,0.0,0.0,1.0
48042.0,-33.0664,-31.221,1.3033,0.201,-0.291,-0.267,-0.076,0.108,-0.0,0.0,-0.0,0.0,-0.12,-0.12,0.12,0.0,0.0,0.0,0.0,1.0
48051.0,-33.0696,-31.2231,1.3027,0.056,-0.061,-0.036,-0.112,0.114,-0.001,0.0,-0.0,0.0,-0.12,-0.12,0.12,0.0,0.0,0.0,0.0,1.0
48058.0,-33.0666,-31.2319,1.3139,0.192,-0.293,0.165,-0.135,0.11,0.004,-0.0,-0.0,0.0,-0.12,-0.12,0.12,0.0,0.0,0.0,0.0,1.0
48066.0,-33.067,-31.2334,1.3149,-0.093,0.141,-0.091,-0.118,0.069,-0.004,-0.0,-0.0,0.0,-0.12,-0.12,0.12,0.0,0.0,0.0,0.0,1.0
48074.0,-33.0683,-31.2385,1.3188,-0.271,0.292,0.147,-0.096,0.046,0.004,-0.0,-0.0,0.0,-0.12,-0.12,0.12,0.0,0.0,0.0,0.0,1.0
48082.0,-33.0747,-31.2376,1.3123,-0.187,0.216,0.244,-0.07,0.002,-0.009,-0.0,-0.0,0.0,-0.12,-0.12,0.12,0.0,0.0,0.0,0.0,1.0
48089.0,-33.0789,-31.2344,1.3055,-0.039,0.056,0.255,-0.052,-0.033,-0.001,-0.0,-0.0,0.0,-0.12,-0.12,0.12,0.0,0.0,0.0,0.0,1.0
48097.0,-33.0805,-31.232,1.3017,0.75,-0.17,0.116,-0.015,-0.049,0.004,-0.0,-0.0,0.0,-0.12,-0.12,0.12,0.0,0.0,0.0,0.0,1.0
48105.0,-33.0811,-31.2301,1.2993,0.963,-0.588,0.215,0.008,-0.067,0.002,-0.0,-0.0,0.0,-0.12,-0.12,0.12,0.0,0.0,0.0,0.0,1.0
48112.0,-33.0812,-31.2326,1.3017,0.572,-0.734,0.328,0.042,-0.085,-0.015,-0.0,-0.0,0.0,-0.12,-0.12,0.12,0.0,0.0,0.0,0.0,1.0
48120.0,-33.0746,-31.2353,1.3101,0.828,-0.789,0.445,0.063,-0.081,-0.005,-0.0,-0.0,0.0,-0.12,-0.12,0.12,0.0,0.0,0.0,0.0,1.0
48128.0,-33.0678,-31.2386,1.3193,0.828,-0.702,0.359,0.078,-0.081,-0.004,-0.0,-0.0,0.0,-0.12,-0.12,0.12,0.0,0.0,0.0,0.0,1.0
48136.0,-33.0556,-31.2461,1.3374,0.496,-0.374,0.257,0.095,-0.08,-0.003,-0.0,-0.0,0.0,-0.12,-0.12,0.12,0.0,0.0,0.0,0.0,1.0
48144.0,-33.0436,-31.2506,1.3523,0.044,-0.004,0.024,0.088,-0.083,-0.001,-0.0,-0.0,0.0,-0.12,-0.12,0.12,0.0,0.0,0.0,0.0,1.0
48151.0,-33.0374,-31.2529,1.36,-0.269,0.205,0.233,0.087,-0.041,0.003,-0.0,-0.001,0.0,-0.12,-0.12,0.12,0.0,0.0,0.0,0.0,1.0
48159.0,-33.0322,-31.2532,1.3648,-0.786,0.833,-0.088,0.068,-0.006,0.0,0.0,-0.001,0.0,-0.12,-0.12,0.12,0.0,0.0,0.0,0.0,1.0
48167.0,-33.0316,-31.2513,1.3635,-1.169,1.058,-0.035,0.038,0.018,0.014,0.0,-0.001,0.0,-0.12,-0.12,0.12,0.0,0.0,0.0,0.0,1.0
48174.0,-33.0335,-31.2456,1.3564,-1.432,1.415,-0.023,0.024,0.033,-0.001,0.0,-0.0,0.0,-0.12,-0.12,0.12,0.0,0.0,0.0,0.0,1.0
48182.0,-33.045,-31.2364,1.3372,-1.573,1.577,-0.466,-0.014,0.062,0.001,0.0,-0.0,0.0,-0.12,-0.12,0.12,0.0,0.0,0.0,0.0,1.0
48190.0,-33.0604,-31.2248,1.3124,-1.226,1.145,-0.381,-0.047,0.089,0.011,0.0,-0.0,0.0,-0.12,-0.12,0.12,0.0,0.0,0.0,0.0,1.0
48198.0,-33.0804,-31.2113,1.2817,-0.675,0.985,-0.457,-0.092,0.094,0.004,-0.0,-0.0,0.0,-0.12,-0.12,0.12,0.0,0.0,0.0,0.0,1.0
48206.0,-33.0957,-31.2009,1.2581,-0.109,0.117,0.055,-0.121,0.11,0.007,-0.0,-0.0,0.0,-0.12,-0.12,0.12,0.0,0.0,0.0,0.0,1.0
48213.0,-33.111,-31.1977,1.2415,0.509,-1.146,0.171,-0.126,0.107,0.003,-0.0,-0.0,0.0,-0.12,-0.12,0.12,0.0,0.0,0.0,0.0,1.0
48221.0,-33.1108,-31.1938,1.2378,0.892,-1.025,-0.227,-0.126,0.069,0.002,-0.0,-0.0,0.0,-0.12,-0.12,0.12,0.0,0.0,0.0,0.0,1.0
48229.0,-33.1022,-31.202,1.2534,1.339,-0.749,-0.21,-0.099,0.036,-0.0,-0.0,-0.0,0.0,-0.12,-0.12,0.12,0.0,0.0,0.0,0.0,1.0
48237.0,-33.0943,-31.214,1.2721,0.955,-1.0,0.318,-0.074,0.001,0.003,-0.0,-0.0,0.0,-0.12,-0.12,0.12,0.0,0.0,0.0,0.0,1.0
48244.0,-33.0818,-31.2234,1.2922,0.658,-0.852,0.468,-0.02,-0.048,-0.002,-0.0,-0.0,0.0,-0.12,-0.12,0.12,0.0,0.0,0.0,0.0,1.0
48252.0,-33.0711,-31.23,1.308,0.126,-0.078,0.12,0.05,-0.102,-0.013,-0.0,-0.0,0.0,-0.12,-0.12,0.12,0.0,0.0,0.0,0.0,1.0
48260.0,-33.0638,-31.2346,1.319,-0.121,0.218,0.072,0.082,-0.135,0.009,-0.0,-0.0,0.0,-0.12,-0.12,0.12,0.0,0.0,0.0,0.0,1.0
48268.0,-33.065,-31.2349,1.3182,-0.505,0.529,0.039,0.11,-0.13,0.006,-0.0,-0.0,0.0,-0.12,-0.12,0.12,0.0,0.0,0.0,0.0,1.0
48276.0,-33.0697,-31.2321,1.3114,-0.377,0.316,-0.088,0.11,-0.104,0.007,-0.0,-0.0,0.0,-0.12,-0.12,0.12,0.0,0.0,0.0,0.0,1.0
48283.0,-33.0728,-31.2274,1.304,-0.278,0.224,-0.095,0.097,-0.084,0.001,-0.0,-0.001,0.0,-0.12,-0.12,0.12,0.0,0.0,0.0,0.0,1.0
48291.0,-33.0783,-31.2238,1.2956,0.085,-0.139,-0.2,0.086,-0.05,0.003,-0.0,-0.001,0.0,-0.12,-0.12,0.12,0.0,0.0,0.0,0.0,1.0
48299.0,-33.0824,-31.2246,1.2928,-0.057,-0.496,-0.125,0.078,0.004,-0.006,-0.0,-0.001,0.0,-0.12,-0.12,0.12,0.0,0.0,0.0,0.0,1.0
48307.0,-33.0791,-31.226,1.2972,0.084,-0.355,0.016,0.038,0.034,-0.003,0.0,-0.001,0.0,-0.12,-0.12,0.12,0.0,0.0,0.0,0.0,1.0
48315.0,-33.0723,-31.2308,1.3078,0.176,0.284,-0.293,0.016,0.065,-0.004,0.0,-0.0,0.0,-0.12,-0.12,0.12,0.0,0.0,0.0,0.0,1.0
48323.0,-33.0689,-31.2365,1.3163,-0.447,0.46,-0.374,-0.006,0.089,-0.005,0.0,-0.0,0.0,-0.12,-0.12,0.12,0.0,0.0,0.0,0.0,1.0
48330.0,-33.0715,-31.2379,1.3154,-0.989,0.932,0.012,-0.041,0.093,-0.001,0.0,-0.0,0.0,-0.12,-0.12,0.12,0.0,0.0,0.0,0.0,1.0
48338.0,-33.0735,-31.2347,1.3106,-1.032,1.026,0.279,-0.047,0.092,-0.001,-0.0,-0.0,0.0,-0.12,-0.12,0.12,0.0,0.0,0.0,0.0,1.0
48346.0,-33.0807,-31.2265,1.2962,-0.968,1.028,0.108,-0.062,0.094,-0.0,-0.0,-0.0,0.0,-0.12,-0.12,0.12,0.0,0.0,0.0,0.0,1.0
48353.0,-33.0936,-31.2166,1.2752,-0.835,0.885,0.222,-0.087,0.087,0.01,-0.0,-0.0,0.0,-0.12,-0.12,0.12,0.0,0.0,0.0,0.0,1.0
48361.0,-33.1017,-31.2042,1.256,-0.429,0.299,-0.02,-0.087,0.064,-0.001,-0.0,-0.0,0.0,-0.12,-0.12,0.12,0.0,0.0,0.0,0.0,1.0
48369.0,-33.1088,-31.194,1.2398,0.109,-0.016,0.181,-0.084,0.038,0.012,-0.0,-0.0,0.0,-0.12,-0.12,0.12,0.0,0.0,0.0,0.0,1.0
48377.0,-33.1128,-31.189,1.2314,0.416,-0.509,-0.055,-0.06,-0.006,-0.001,-0.0,-0.0,0.0,-0.12,-0.12,0.12,0.0,0.0,0.0,0.0,1.0
48385.0,-33.1123,-31.1886,1.2314,0.685,-0.667,0.045,-0.052,-0.014,-0.003,-0.0,-0.0,0.0,-0.12,-0.12,0.12,0.0,0.0,0.0,0.0,1.0
48392.0,-33.1038,-31.1924,1.2426,0.985,-0.903,-0.018,-0.025,-0.045,-0.01,-0.0,-0.0,0.0,-0.12,-0.12,0.12,0.0,0.0,0.0,0.0,1.0
48400.0,-33.0976,-31.2012,1.2567,0.751,-0.796,0.003,0.022,-0.089,-0.001,-0.0,-0.0,0.0,-0.12,-0.12,0.12,0.0,0.0,0.0,0.0,1.0
48408.0,-33.0891,-31.208,1.2708,0.333,-0.434,-0.152,0.064,-0.102,-0.008,-0.0,-0.0,0.0,-0.12,-0.12,0.12,0.0,0.0,0.0,0.0,1.0
48415.0,-33.0839,-31.2123,1.2795,0.049,-0.13,-0.278,0.073,-0.092,-0.002,-0.0,-0.0,0.0,-0.12,-0.12,0.12,0.0,0.0,0.0,0.0,1.0
48423.0,-33.0781,-31.2194,1.2915,0.112,-0.018,0.181,0.088,-0.081,-0.006,-0.0,-0.0,0.0,-0.12,-0.12,0.12,0.0,0.0,0.0,0.0,1.0
48431.0,-33.0806,-31.2198,1.2897,-0.1,-0.315,0.055,0.093,-0.037,0.013,-0.0,-0.0,0.0,-0.12,-0.12,0.12,0.0,0.0,0.0,0.0,1.0
48439.0,-33.082,-31.2176,1.2864,-0.173,0.46,-0.119,0.081,-0.006,0.002,-0.0,-0.0,0.0,-0.12,-0.12,0.12,0.0,0.0,0.0,0.0,1.0
48447.0,-33.085,-31.2183,1.2844,-0.109,0.375,-0.204,0.057,0.031,-0.003,-0.0,-0.0,0.0,-0.12,-0.12,0.12,0.0,0.0,0.0,0.0,1.0
48454.0,-33.0852,-31.2224,1.2883,-0.202,0.104,0.477,0.037,0.059,-0.012,0.0,-0.0,0.0,-0.12,-0.12,0.12,0.0,0.0,0.0,0.0,1.0
48462.0,-33.0834,-31.2217,1.2891,0.026,0.057,0.084,0.016,0.083,0.001,0.0,-0.0,0.0,-0.12,-0.12,0.12,0.0,0.0,0.0,0.0,1.0
48470.0,-33.087,-31.2178,1.2822,0.225,0.174,-0.232,-0.016,0.096,0.006,0.0,-0.0,0.0,-0.12,-0.12,0.12,0.0,0.0,0.0,0.0,1.0
48478.0,-33.0888,-31.2175,1.2803,0.145,-0.069,0.302,-0.036,0.103,-0.002,-0.0,-0.0,0.0,-0.12,-0.12,0.12,0.0,0.0,0.0,0.0,1.0
48485.0,-33.0888,-31.2219,1.2846,0.039,-0.219,0.24,-0.059,0.095,-0.01,-0.0,-0.0,0.0,-0.12,-0.12,0.12,0.0,0.0,0.0,0.0,1.0
48493.0,-33.0815,-31.2278,1.2967,0.026,0.185,-0.045,-0.059,0.05,-0.003,-0.0,-0.0,0.0,-0.12,-0.12,0.12,0.0,0.0,0.0,0.0,1.0
48501.0,-33.0764,-31.2301,1.3034,-0.122,0.388,-0.1,-0.07,0.01,0.0,-0.0,-0.0,0.0,-0.12,-0.12,0.12,0.0,0.0,0.0,0.0,1.0
48509.0,-33.0786,-31.23,1.3014,-0.266,0.532,0.216,-0.064,-0.046,-0.005,-0.0,-0.0,0.0,-0.12,-0.12,0.12,0.0,0.0,0.0,0.0,1.0
48516.0,-33.0838,-31.2256,1.2926,-0.572,0.526,0.21,-0.049,-0.065,-0.011,-0.0,-0.0,0.0,-0.12,-0.12,0.12,0.0,0.0,0.0,0.0,1.0
48524.0,-33.0837,-31.2263,1.2933,-0.65,0.757,0.269,-0.028,-0.082,-0.003,-0.0,-0.0,0.0,-0.12,-0.12,0.12,0.0,0.0,0.0,0.0,1.0
48532.0,-33.0838,-31.2251,1.2921,-0.423,0.908,0.421,0.002,-0.078,0.01,-0.0,-0.0,0.0,-0.12,-0.12,0.12,0.0,0.0,0.0,0.0,1.0
48540.0,-33.0847,-31.2243,1.2905,-0.323,0.987,0.241,0.013,-0.083,0.017,-0.0,-0.0,0.0,-0.12,-0.12,0.12,0.0,0.0,0.0,0.0,1.0
48547.0,-33.0902,-31.2167,1.2783,-0.608,0.904,0.503,0.03,-0.068,0.009,-0.0,-0.0,0.0,-0.12,-0.12,0.12,0.0,0.0,0.0,0.0,1.0
48555.0,-33.0957,-31.2083,1.2652,-0.416,0.348,0.55,0.042,-0.056,0.003,-0.0,-0.0,0.0,-0.12,-0.12,0.12,0.0,0.0,0.0,0.0,1.0
48563.0,-33.1017,-31.2009,1.2528,-0.162,0.596,0.365,0.046,-0.016,0.002,-0.0,-0.0,0.0,-0.12,-0.12,0.12,0.0,0.0,0.0,0.0,1.0
48571.0,-33.1023,-31.195,1.2465,-0.246,0.5,0.441,0.047,0.013,0.009,-0.0,-0.0,0.0,-0.12,-0.12,0.12,0.0,0.0,0.0,0.0,1.0
48579.0,-33.106,-31.1946,1.2428,-0.168,0.354,0.296,0.023,0.043,0.009,-0.0,-0.0,0.0,-0.12,-0.12,0.12,0.0,0.0,0.0,0.0,1.0
48587.0,-33.1058,-31.1912,1.2397,0.067,0.075,0.447,0.008,0.051,0.013,-0.0,-0.0,0.0,-0.12,-0.12,0.12,0.0,0.0,0.0,0.0,1.0
48595.0,-33.107,-31.1879,1.2354,0.172,0.396,0.337,-0.011,0.061,0.02,-0.0,-0.0,0.0,-0.12,-0.12,0.12,0.0,0.0,0.0,0.0,1.0
48602.0,-33.1065,-31.1857,1.2338,0.137,0.491,0.173,-0.027,0.048,0.011,-0.0,-0.0,0.0,-0.12,-0.12,0.12,0.0,0.0,0.0,0.0,1.0
48610.0,-33.1077,-31.1873,1.2342,-0.239,0.284,0.226,-0.028,0.059,0.003,-0.0,-0.0,0.0,-0.12,-0.12,0.12,0.0,0.0,0.0,0.0,1.0
48618.0,-33.1034,-31.1879,1.2386,-0.267,0.404,0.346,-0.04,0.041,-0.006,-0.0,-0.0,0.0,-0.12,-0.12,0.12,0.0,0.0,0.0,0.0,1.0
48625.0,-33.1023,-31.1893,1.2409,-0.416,0.737,0.162,-0.027,0.012,-0.011,-0.0,-0.0,0.0,-0.12,-0.12,0.12,0.0,0.0,0.0,0.0,1.0
48633.0,-33.1022,-31.1838,1.2357,-0.536,0.821,-0.013,-0.03,0.007,-0.005,-0.0,-0.0,0.0,-0.12,-0.12,0.12,0.0,0.0,0.0,0.0,1.0
48641.0,-33.1021,-31.1808,1.2329,-0.365,0.755,0.094,-0.016,-0.0,-0.003,-0.0,-0.0,0.0,-0.12,-0.12,0.12,0.0,0.0,0.0,0.0,1.0
48649.0,-33.1019,-31.1794,1.2317,-0.599,0.862,0.115,-0.0,-0.016,0.003,-0.0,-0.0,0.0,-0.12,-0.12,0.12,0.0,0.0,0.0,0.0,1.0
48656.0,-33.1044,-31.1759,1.226,-0.649,0.715,0.312,0.011,-0.035,0.005,-0.0,-0.0,0.0,-0.12,-0.12,0.12,0.0,0.0,0.0,0.0,1.0
48664.0,-33.1092,-31.1716,1.2176,-0.614,0.836,0.261,0.021,-0.031,0.002,-0.0,-0.0,0.0,-0.12,-0.12,0.12,0.0,0.0,0.0,0.0,1.0
48672.0,-33.1101,-31.1656,1.211,-0.874,0.78,-0.055,0.022,-0.037,0.0,-0.0,-0.0,0.0,-0.12,-0.12,0.12,0.0,0.0,0.0,0.0,1.0
48680.0,-33.1113,-31.1557,1.2003,-0.414,0.782,0.118,0.036,-0.037,0.004,-0.0,-0.0,0.0,-0.12,-0.12,0.12,0.0,0.0,0.0,0.0,1.0
48688.0,-33.1172,-31.1468,1.1864,-0.315,0.518,0.284,0.031,-0.012,0.005,-0.0,-0.0,0.0,-0.12,-0.12,0.12,0.0,0.0,0.0,0.0,1.0
48695.0,-33.1211,-31.1381,1.1745,-0.249,0.106,-0.215,0.027,-0.01,0.008,-0.0,-0.0,0.0,-0.12,-0.12,0.12,0.0,0.0,0.0,0.0,1.0
48703.0,-33.1238,-31.1358,1.17,-0.009,0.025,0.049,0.008,-0.004,-0.001,-0.0,-0.0,0.0,-0.12,-0.12,0.12,0.0,0.0,0.0,0.0,1.0
48711.0,-33.1241,-31.1342,1.1681,0.475,-0.379,0.075,-0.006,0.009,-0.003,-0.0,-0.0,0.0,-0.12,-0.12,0.12,0.0,0.0,0.0,0.0,1.0
48719.0,-33.1205,-31.1329,1.17,0.276,-0.322,0.218,-0.006,0.007,-0.016,-0.0,-0.0,0.0,-0.12,-0.12,0.12,0.0,0.0,0.0,0.0,1.0
48726.0,-33.1167,-31.1351,1.1755,-0.228,0.03,0.053,-0.001,0.016,-0.002,-0.0,-0.0,0.0,-0.12,-0.12,0.12,0.0,0.0,0.0,0.0,1.0
48734.0,-33.1104,-31.1358,1.1818,-0.405,0.527,-0.054,0.008,-0.001,-0.008,-0.0,-0.0,0.0,-0.12,-0.12,0.12,0.0,0.0,0.0,0.0,1.0
48742.0,-33.1036,-31.1409,1.1927,-0.644,0.822,-0.534,0.017,-0.025,0.008,-0.0,-0.0,0.0,-0.12,-0.12,0.12,0.0,0.0,0.0,0.0,1.0
48750.0,-33.1021,-31.1409,1.1939,-0.856,1.283,-0.676,0.008,-0.035,0.009,-0.0,-0.0,0.0,-0.12,-0.12,0.12,0.0,0.0,0.0,0.0,1.0
48757.0,-33.1096,-31.1401,1.1865,-0.895,1.575,-0.297,0.011,-0.019,0.004,-0.0,-0.0,0.0,-0.12,-0.12,0.12,0.0,0.0,0.0,0.0,1.0
48765.0,-33.1221,-31.1353,1.1709,-1.102,1.346,-0.18,0.012,-0.002,0.013,-0.0,-0.0,0.0,-0.12,-0.12,0.12,0.0,0.0,0.0,0.0,1.0
48773.0,-33.135,-31.1315,1.1558,-0.834,1.144,-0.037,-0.004,0.003,0.005,-0.0,-0.0,0.0,-0.12,-0.12,0.12,0.0,0.0,0.0,0.0,1.0
48781.0,-33.145,-31.1274,1.1431,-0.19,1.018,0.183,-0.006,0.026,-0.006,-0.0,-0.0,0.0,-0.12,-0.12,0.12,0.0,0.0,0.0,0.0,1.0
48788.0,-33.1499,-31.1239,1.1353,0.143,0.602,0.371,-0.019,0.015,0.005,-0.0,-0.0,0.0,-0.12,-0.12,0.12,0.0,0.0,0.0,0.0,1.0
48796.0,-33.1563,-31.1224,1.1283,0.127,0.446,0.647,-0.004,0.026,0.002,-0.0,-0.0,0.0,-0.12,-0.12,0.12,0.0,0.0,0.0,0.0,1.0
48804.0,-33.1596,-31.1231,1.1261,0.05,0.134,0.508,-0.006,0.027,0.001,-0.0,-0.0,0.0,-0.12,-0.12,0.12,0.0,0.0,0.0,0.0,1.0
48812.0,-33.161,-31.123,1.1248,0.275,0.242,0.702,-0.017,0.013,-0.009,-0.0,-0.0,0.0,-0.12,-0.12,0.12,0.0,0.0,0.0,0.0,1.0
48819.0,-33.1587,-31.1258,1.1295,0.141,0.342,0.63,-0.012,0.013,-0.009,-0.0,-0.0,0.0,-0.12,-0.12,0.12,0.0,0.0,0.0,0.0,1.0
48827.0,-33.1573,-31.1269,1.1318,-0.038,0.579,0.782,-0.0,0.003,-0.003,-0.0,-0.0,0.0,-0.12,-0.12,0.12,0.0,0.0,0.0,0.0,1.0
48835.0,-33.1545,-31.1276,1.135,-0.506,0.793,0.825,0.013,-0.009,0.009,-0.0,-0.0,0.0,-0.12,-0.12,0.12,0.0,0.0,0.0,0.0,1.0
48842.0,-33.1503,-31.125,1.1361,-0.484,1.32,0.489,-0.001,-0.042,0.005,-0.0,-0.0,0.0,-0.12,-0.12,0.12,0.0,0.0,0.0,0.0,1.0
48851.0,-33.1503,-31.1237,1.1348,-0.917,1.698,0.437,0.027,-0.044,0.015,-0.0,-0.0,0.0,-0.12,-0.12,0.12,0.0,0.0,0.0,0.0,1.0
48858.0,-33.1533,-31.1197,1.1283,-1.087,1.806,0.287,0.02,-0.047,0.021,-0.0,-0.0,0.0,-0.12,-0.12,0.12,0.0,0.0,0.0,0.0,1.0
48866.0,-33.1549,-31.113,1.1203,-1.001,1.903,0.211,0.024,-0.035,0.005,-0.0,-0.0,0.0,-0.12,-0.12,0.12,0.0,0.0,0.0,0.0,1.0
48874.0,-33.1588,-31.108,1.112,-0.936,1.774,0.169,-0.004,-0.012,0.011,-0.0,-0.0,0.0,-0.12,-0.12,0.12,0.0,0.0,0.0,0.0,1.0
48882.0,-33.1675,-31.098,1.0946,-0.703,1.538,0.277,-0.006,0.003,0.005,-0.0,-0.0,0.0,-0.12,-0.12,0.12,0.0,0.0,0.0,0.0,1.0
48889.0,-33.1766,-31.0898,1.0786,-0.804,1.415,0.5,-0.023,0.027,0.004,-0.0,-0.0,0.0,-0.12,-0.12,0.12,0.0,0.0,0.0,0.0,1.0
48897.0,-33.1835,-31.077,1.0601,-0.408,1.286,0.974,-0.023,0.051,-0.012,-0.0,-0.0,0.0,-0.12,-0.12,0.12,0.0,0.0,0.0,0.0,1.0
48905.0,-33.1924,-31.0656,1.0412,-0.416,0.787,1.163,-0.019,0.056,-0.017,-0.0,-0.0,0.0,-0.12,-0.12,0.12,0.0,0.0,0.0,0.0,1.0
48912.0,-33.1976,-31.0497,1.0212,-0.375,0.808,1.527,-0.02,0.062,-0.019,-0.0,-0.0,0.0,-0.12,-0.12,0.12,0.0,0.0,0.0,0.0,1.0
48920.0,-33.2003,-31.0355,1.0049,-0.302,0.423,1.312,-0.012,0.047,-0.001,-0.0,-0.0,0.0,-0.12,-0.12,0.12,0.0,0.0,0.0,0.0,1.0
48928.0,-33.2021,-31.0248,0.993,0.295,-0.003,1.143,-0.018,0.03,0.004,-0.0,-0.0,0.0,-0.12,-0.12,0.12,0.0,0.0,0.0,0.0,1.0
48936.0,-33.2014,-31.0138,0.9829,0.694,-0.243,0.986,-0.01,0.014,0.009,-0.0,-0.0,0.0,-0.12,-0.12,0.12,0.0,0.0,0.0,0.0,1.0
48944.0,-33.1973,-31.0044,0.9773,0.881,-0.652,0.576,0.004,-0.022,0.008,-0.0,-0.0,0.0,-0.12,-0.12,0.12,0.0,0.0,0.0,0.0,1.0
48951.0,-33.1952,-30.9991,0.974,0.945,-0.778,0.534,0.012,-0.026,0.007,-0.0,-0.0,0.0,-0.12,-0.12,0.12,0.0,0.0,0.0,0.0,1.0
48959.0,-33.191,-30.9968,0.9754,1.173,-1.169,0.486,0.028,-0.058,-0.004,-0.0,-0.0,0.0,-0.12,-0.12,0.12,0.0,0.0,0.0,0.0,1.0
48967.0,-33.1826,-30.996,0.982,1.097,-1.351,0.217,0.024,-0.055,-0.007,-0.0,-0.0,0.0,-0.12,-0.12,0.12,0.0,0.0,0.0,0.0,1.0
48975.0,-33.1733,-31.0021,0.9962,1.347,-1.346,-0.037,0.032,-0.058,-0.015,-0.0,-0.0,0.0,-0.12,-0.12,0.12,0.0,0.0,0.0,0.0,1.0
48982.0,-33.1591,-31.0099,1.0162,1.15,-1.246,0.063,0.039,-0.033,-0.021,-0.0,-0.0,0.0,-0.12,-0.12,0.12,0.0,0.0,0.0,0.0,1.0
48990.0,-33.1463,-31.0201,1.0375,0.761,-0.962,-0.256,0.037,-0.019,-0.012,-0.0,-0.0,0.0,-0.12,-0.12,0.12,0.0,0.0,0.0,0.0,1.0
48998.0,-33.1334,-31.0334,1.0617,0.769,-0.593,-0.316,0.036,-0.008,0.008,-0.0,-0.0,0.0,-0.12,-0.12,0.12,0.0,0.0,0.0,0.0,1.0
49006.0,-33.126,-31.0449,1.0795,0.371,-0.352,-0.16,0.027,0.003,0.006,0.0,-0.0,0.0,-0.12,-0.12,0.12,0.0,0.0,0.0,0.0,1.0
49013.0,-33.1247,-31.0513,1.0868,0.058,0.072,-0.166,0.021,0.001,-0.01,0.0,-0.0,0.0,-0.12,-0.12,0.12,0.0,0.0,0.0,0.0,1.0
49021.0,-33.1224,-31.0588,1.0962,-0.442,0.82,0.325,0.031,0.022,0.001,0.0,-0.0,0.0,-0.12,-0.12,0.12,0.0,0.0,0.0,0.0,1.0
49029.0,-33.1238,-31.0621,1.0982,-0.691,1.029,0.363,-0.004,0.024,-0.006,0.0,-0.0,0.0,-0.12,-0.12,0.12,0.0,0.0,0.0,0.0,1.0
49037.0,-33.1276,-31.0618,1.0944,-0.521,1.092,0.341,-0.015,0.023,0.005,0.0,-0.0,0.0,-0.12,-0.12,0.12,0.0,0.0,0.0,0.0,1.0
49045.0,-33.1309,-31.0552,1.0852,-0.393,0.922,0.171,-0.044,0.028,0.006,0.0,-0.0,0.0,-0.12,-0.12,0.12,0.0,0.0,0.0,0.0,1.0
49053.0,-33.139,-31.0511,1.0741,-0.075,0.782,0.203,-0.045,0.017,0.002,-0.0,-0.0,0.0,-0.12,-0.12,0.12,0.0,0.0,0.0,0.0,1.0
49060.0,-33.1474,-31.0518,1.0673,0.038,0.714,0.05,-0.061,0.036,0.008,-0.0,-0.0,0.0,-0.12,-0.12,0.12,0.0,0.0,0.0,0.0,1.0
49068.0,-33.1516,-31.055,1.0668,0.257,0.579,0.175,-0.066,0.003,0.014,-0.0,-0.0,0.0,-0.12,-0.12,0.12,0.0,0.0,0.0,0.0,1.0
49076.0,-33.1577,-31.0559,1.0623,0.367,0.624,0.652,-0.066,0.002,0.001,-0.0,-0.0,0.0,-0.12,-0.12,0.12,0.0,0.0,0.0,0.0,1.0
49083.0,-33.1649,-31.0586,1.0585,0.125,0.316,0.777,-0.035,-0.005,-0.008,-0.0,-0.0,0.0,-0.12,-0.12,0.12,0.0,0.0,0.0,0.0,1.0
49091.0,-33.1676,-31.0582,1.0558,0.104,-0.038,0.94,-0.033,-0.0,-0.022,-0.0,-0.0,0.0,-0.12,-0.12,0.12,0.0,0.0,0.0,0.0,1.0
49099.0,-33.1704,-31.056,1.0512,0.364,0.019,1.256,-0.01,-0.007,-0.008,-0.0,-0.0,0.0,-0.12,-0.12,0.12,0.0,0.0,0.0,0.0,1.0
49106.0,-33.1715,-31.0521,1.0464,0.334,0.27,1.247,0.018,-0.02,-0.016,-0.0,-0.0,0.0,-0.12,-0.12,0.12,0.0,0.0,0.0,0.0,1.0
49114.0,-33.168,-31.0519,1.0492,0.42,0.28,1.258,0.047,-0.006,-0.007,-0.0,-0.0,0.0,-0.12,-0.12,0.12,0.0,0.0,0.0,0.0,1.0
49122.0,-33.159,-31.0524,1.0577,0.366,0.494,0.782,0.038,0.003,0.003,-0.0,-0.0,0.0,-0.12,-0.12,0.12,0.0,0.0,0.0,0.0,1.0
49129.0,-33.1474,-31.0531,1.0687,0.447,0.521,0.464,0.051,-0.005,0.017,-0.0,-0.0,0.0,-0.12,-0.12,0.12,0.0,0.0,0.0,0.0,1.0
49137.0,-33.141,-31.054,1.0751,0.002,0.588,0.101,0.046,-0.002,0.027,-0.0,-0.0,0.0,-0.12,-0.12,0.12,0.0,0.0,0.0,0.0,1.0
49145.0,-33.1359,-31.0555,1.0811,-0.124,0.688,-0.402,0.049,-0.014,0.015,-0.0,-0.0,0.0,-0.12,-0.12,0.12,0.0,0.0,0.0,0.0,1.0
49153.0,-33.1296,-31.054,1.0852,0.206,0.591,-0.845,0.031,0.006,0.024,-0.0,-0.0,0.0,-0.12,-0.12,0.12,0.0,0.0,0.0,0.0,1.0
49161.0,-33.1268,-31.0502,1.0839,0.177,0.668,-0.681,0.013,0.01,0.018,-0.0,-0.0,0.0,-0.12,-0.12,0.12,0.0,0.0,0.0,0.0,1.0
49168.0,-33.1278,-31.0431,1.0761,-0.008,0.665,-0.599,-0.02,0.004,-0.012,-0.0,-0.0,0.0,-0.12,-0.12,0.12,0.0,0.0,0.0,0.0,1.0
49176.0,-33.1286,-31.0352,1.0677,-0.058,0.821,-0.703,-0.023,-0.011,-0.005,-0.0,-0.0,0.0,-0.12,-0.12,0.12,0.0,0.0,0.0,0.0,1.0
49184.0,-33.1322,-31.0311,1.0606,0.317,0.811,-0.54,-0.055,-0.005,0.001,-0.0,-0.0,0.0,-0.12,-0.12,0.12,0.0,0.0,0.0,0.0,1.0
49191.0,-33.1368,-31.0276,1.0531,0.266,1.095,-0.774,-0.05,-0.009,-0.014,-0.0,-0.0,0.0,-0.12,-0.12,0.12,0.0,0.0,0.0,0.0,1.0
49199.0,-33.1357,-31.029,1.0554,0.017,1.347,-0.779,-0.057,-0.012,-0.015,-0.0,-0.0,0.0,-0.12,-0.12,0.12,0.0,0.0,0.0,0.0,1.0
49207.0,-33.1379,-31.0346,1.059,-0.092,1.437,-0.341,-0.049,-0.018,-0.03,-0.0,-0.0,0.0,-0.12,-0.12,0.12,0.0,0.0,0.0,0.0,1.0
49215.0,-33.142,-31.0339,1.0547,-0.462,1.731,-0.478,-0.029,-0.013,-0.022,-0.0,-0.0,0.0,-0.12,-0.12,0.12,0.0,0.0,0.0,0.0,1.0
49223.0,-33.1452,-31.0352,1.0531,-0.3,2.224,-0.5,-0.017,-0.013,-0.022,-0.0,-0.0,0.0,-0.12,-0.12,0.12,0.0,0.0,0.0,0.0,1.0
49230.0,-33.1479,-31.0344,1.05,-0.257,1.998,-0.638,0.011,0.002,-0.001,-0.0,-0.0,0.0,-0.12,-0.12,0.12,0.0,0.0,0.0,0.0,1.0
49238.0,-33.1541,-31.0345,1.0446,-0.003,1.984,-0.563,-0.0,0.001,0.01,-0.0,-0.0,0.0,-0.12,-0.12,0.12,0.0,0.0,0.0,0.0,1.0
49246.0,-33.1584,-31.0314,1.0378,-0.217,2.099,-0.36,0.032,0.024,0.011,-0.0,-0.0,0.0,-0.12,-0.12,0.12,0.0,0.0,0.0,0.0,1.0
49253.0,-33.1616,-31.0288,1.0325,-0.247,2.089,-0.111,0.036,0.026,-0.003,-0.0,-0.0,0.0,-0.12,-0.12,0.12,0.0,0.0,0.0,0.0,1.0
49261.0,-33.1692,-31.0235,1.0206,-0.201,2.348,0.322,0.034,0.024,-0.015,-0.0,-0.0,0.0,-0.12,-0.12,0.12,0.0,0.0,0.0,0.0,1.0
49269.0,-33.1818,-31.0096,0.9959,-0.431,2.18,0.931,0.026,0.026,-0.02,-0.0,-0.0,0.0,-0.12,-0.12,0.12,0.0,0.0,0.0,0.0,1.0
49277.0,-33.1895,-30.9894,0.9695,-0.306,2.34,1.175,0.033,0.013,-0.021,-0.0,-0.0,0.0,-0.12,-0.12,0.12,0.0,0.0,0.0,0.0,1.0
49285.0,-33.1946,-30.9662,0.9424,-0.025,2.581,1.5,0.013,0.01,-0.02,-0.0,-0.0,0.0,-0.12,-0.12,0.12,0.0,0.0,0.0,0.0,1.0
49293.0,-33.1955,-30.9411,0.9172,0.066,2.879,1.536,0.007,-0.007,-0.011,-0.0,-0.0,0.0,-0.12,-0.12,0.12,0.0,0.0,0.0,0.0,1.0
49300.0,-33.1947,-30.9167,0.8941,0.471,3.01,1.32,-0.006,-0.015,0.026,-0.0,-0.0,0.0,-0.12,-0.12,0.12,0.0,0.0,0.0,0.0,1.0
49308.0,-33.1903,-30.8949,0.8768,0.38,2.846,1.154,-0.031,-0.007,0.024,-0.0,-0.0,0.0,-0.12,-0.12,0.12,0.0,0.0,0.0,0.0,1.0
49316.0,-33.1853,-30.8767,0.8634,0.061,3.03,1.078,-0.027,-0.015,0.03,-0.0,-0.0,0.0,-0.12,-0.12,0.12,0.0,0.0,0.0,0.0,1.0
49323.0,-33.1794,-30.859,0.8515,0.171,2.679,0.899,-0.026,0.006,0.035,-0.0,-0.0,0.0,-0.12,-0.12,0.12,0.0,0.0,0.0,0.0,1.0
49331.0,-33.1743,-30.8448,0.8421,0.508,2.367,0.241,-0.035,0.014,0.031,-0.0,-0.0,0.0,-0.12,-0.12,0.12,0.0,0.0,0.0,0.0,1.0
49339.0,-33.17,-30.8298,0.8313,0.793,2.279,0.152,-0.024,0.018,0.023,-0.0,-0.0,0.0,-0.12,-0.12,0.12,0.0,0.0,0.0,0.0,1.0
49347.0,-33.1662,-30.8149,0.8201,0.722,1.994,0.297,-0.014,0.025,0.009,-0.0,-0.0,0.0,-0.12,-0.12,0.12,0.0,0.0,0.0,0.0,1.0
49354.0,-33.1646,-30.798,0.805,0.453,1.895,0.456,0.002,0.018,-0.009,-0.0,-0.0,0.0,-0.12,-0.12,0.12,0.0,0.0,0.0,0.0,1.0
49362.0,-33.1633,-30.7794,0.7881,-0.04,2.474,0.688,0.013,0.001,-0.036,-0.0,-0.0,0.0,-0.12,-0.12,0.12,0.0,0.0,0.0,0.0,1.0
49370.0,-33.1602,-30.7604,0.7723,0.201,2.567,0.779,0.009,-0.014,-0.054,-0.0,-0.0,0.0,-0.12,-0.12,0.12,0.0,0.0,0.0,0.0,1.0
49378.0,-33.1537,-30.7448,0.7628,0.408,2.71,0.748,0.026,-0.021,-0.053,-0.0,-0.0,0.0,-0.12,-0.12,0.12,0.0,0.0,0.0,0.0,1.0
49385.0,-33.1443,-30.7317,0.7583,0.347,2.467,0.419,0.009,-0.029,-0.031,-0.0,-0.0,0.0,-0.12,-0.12,0.12,0.0,0.0,0.0,0.0,1.0
49393.0,-33.1354,-30.7181,0.7529,0.228,2.508,0.287,0.014,-0.037,-0.027,-0.0,-0.0,0.0,-0.12,-0.12,0.12,0.0,0.0,0.0,0.0,1.0
49401.0,-33.12,-30.7024,0.7511,0.202,3.103,-0.067,0.017,-0.039,-0.011,-0.0,-0.0,0.0,-0.12,-0.12,0.12,0.0,0.0,0.0,0.0,1.0
49408.0,-33.11,-30.6873,0.7453,-0.101,3.615,-0.591,0.005,-0.028,0.013,-0.0,-0.0,0.0,-0.12,-0.12,0.12,0.0,0.0,0.0,0.0,1.0
49417.0,-33.0981,-30.6695,0.7384,-0.042,4.09,-0.806,-0.005,-0.037,0.026,-0.0,-0.0,0.0,-0.12,-0.12,0.12,0.0,0.0,0.0,0.0,1.0
49424.0,-33.0945,-30.6456,0.7183,-0.662,5.27,-0.836,0.001,-0.041,0.034,-0.0,-0.0,0.0,-0.12,-0.12,0.12,0.0,0.0,0.0,0.0,1.0
49432.0,-33.0948,-30.6146,0.6878,-1.054,6.014,-0.869,-0.001,-0.02,0.035,-0.0,-0.0,0.0,-0.12,-0.12,0.12,0.0,0.0,0.0,0.0,1.0
49440.0,-33.1004,-30.5804,0.6497,-0.851,6.657,-0.658,-0.007,-0.019,0.024,-0.0,-0.0,0.0,-0.12,-0.12,0.11971,0.0,0.0,0.0,0.0,1.0
49448.0,-33.1118,-30.5422,0.6024,-0.961,7.183,-0.651,-0.021,0.019,0.009,-0.0,-0.0,0.0,-0.12,-0.12,0.10246,0.0,0.0,0.0,0.0,1.0
49455.0,-33.1232,-30.5065,0.5575,-0.373,7.1,-0.735,-0.026,0.044,-0.01,-0.0,-0.0,0.0,-0.12,-0.12,0.09479,0.0,0.0,0.0,0.0,1.0
49463.0,-33.133,-30.4711,0.5145,0.15,6.801,-0.431,-0.038,0.069,-0.019,-0.0,-0.0,0.0,-0.12,-0.12,0.09637,0.0,0.0,0.0,0.0,1.0
49471.0,-33.1449,-30.4435,0.4771,0.381,6.563,-0.323,-0.044,0.083,-0.034,-0.0,-0.0,0.0,-0.12,-0.12,0.09273,0.0,0.0,0.0,0.0,1.0
49478.0,-33.1553,-30.4206,0.4457,0.323,6.215,-0.237,-0.052,0.096,-0.039,-0.0,-0.0,0.0,-0.12,-0.12,0.09002,0.0,0.0,0.0,0.0,1.0
49486.0,-33.1604,-30.4013,0.4224,0.697,5.686,0.443,-0.029,0.103,-0.027,-0.0,-0.0,0.0,-0.12,-0.12,0.10482,0.0,0.0,0.0,0.0,1.0
49494.0,-33.1617,-30.3867,0.4071,0.605,5.13,0.666,-0.014,0.079,-0.012,-0.0,-0.0,-0.0,-0.12,-0.12,0.11194,0.0,0.0,0.0,0.0,1.0
49502.0,-33.1659,-30.3724,0.3894,0.519,4.902,0.872,0.015,0.051,-0.007,-0.0,-0.0,-0.0,-0.12,-0.12,0.11414,0.0,0.0,0.0,0.0,1.0
49510.0,-33.1665,-30.3526,0.3696,0.814,5.209,1.007,0.019,0.012,0.015,-0.0,-0.0,-0.0,-0.12,-0.12,0.11565,0.0,0.0,0.0,0.0,1.0
49517.0,-33.1684,-30.3304,0.3464,0.661,5.741,1.367,0.025,-0.019,0.017,-0.0,-0.0,0.0,-0.12,-0.12,0.11098,0.0,0.0,0.0,0.0,1.0
49525.0,-33.1646,-30.3059,0.3258,0.588,6.084,1.624,0.045,-0.074,0.029,-0.0,-0.0,0.0,-0.12,-0.12,0.10925,0.0,0.0,0.0,0.0,1.0
49533.0,-33.1577,-30.2834,0.3099,0.211,6.463,1.833,0.045,-0.097,0.036,-0.0,-0.0,0.0,-0.12,-0.12,0.10356,0.0,0.0,0.0,0.0,1.0
49541.0,-33.1453,-30.2523,0.2906,-0.05,7.036,1.629,0.032,-0.12,0.03,-0.0,-0.0,0.0,-0.12,-0.12,0.08887,0.0,0.0,0.0,0.0,1.0
49549.0,-33.1347,-30.2207,0.2691,-0.239,7.351,1.081,0.017,-0.097,0.031,-0.0,-0.0,0.0,-0.12,-0.12,0.07205,0.0,0.0,0.0,0.0,1.0
49557.0,-33.1267,-30.1837,0.2402,-0.386,7.426,1.156,0.002,-0.08,0.036,-0.0,-0.0,0.0,-0.12,-0.12,0.06587,0.0,0.0,0.0,0.0,1.0
49564.0,-33.1209,-30.1422,0.2048,-0.397,7.332,0.629,-0.021,-0.046,0.022,-0.0,-0.0,0.0,-0.12,-0.12,0.04989,0.0,0.0,0.0,0.0,1.0
49572.0,-33.115,-30.1,0.1689,-0.331,7.464,0.328,-0.019,-0.01,0.016,-0.0,-0.0,0.0,-0.12,-0.12,0.03662,0.0,0.0,0.0,0.0,1.0
49580.0,-33.1036,-30.0592,0.1392,-0.37,7.706,-0.294,-0.034,0.024,0.002,-0.0,-0.0,0.0,-0.12,-0.12,0.01657,0.0,0.0,0.0,0.0,1.0
49587.0,-33.0951,-30.0198,0.1082,-0.409,8.077,-1.046,-0.037,0.06,-0.011,-0.0,-0.0,0.0,-0.12,-0.12,-0.00661,0.0,0.0,0.0,0.0,1.0
49595.0,-33.0883,-29.9807,0.0762,-0.592,8.461,-1.351,-0.048,0.063,-0.013,-0.0,-0.0,0.0,-0.12,-0.12,-0.02284,0.0,0.0,0.0,0.0,1.0
49603.0,-33.0869,-29.9461,0.0437,-0.797,8.49,-1.494,-0.037,0.077,-0.027,-0.0,-0.0,0.0,-0.12,-0.12,-0.03507,0.0,0.0,0.0,0.0,1.0
49611.0,-33.0859,-29.9154,0.0148,-0.802,8.764,-2.081,-0.037,0.072,-0.034,-0.0,-0.0,0.0,-0.12,-0.12,-0.05262,0.0,0.0,0.0,0.0,1.0
49619.0,-33.0912,-29.8749,-0.0293,-0.535,9.666,-2.3,-0.031,0.05,-0.028,-0.0,-0.0,0.0,-0.12,-0.12,-0.06967,0.0,0.0,0.0,0.0,1.0
49626.0,-33.1001,-29.8317,-0.0792,-0.808,10.325,-2.158,-0.008,0.003,-0.032,-0.0,-0.0,0.0,-0.12,-0.12,-0.08525,0.0,0.0,0.0,0.0,1.0
49634.0,-33.1136,-29.783,-0.1386,-1.121,11.233,-1.595,0.015,-0.01,-0.041,-0.0,-0.0,0.0,-0.12,-0.12,-0.09989,0.0,0.0,0.0,0.0,1.0
49642.0,-33.1294,-29.7303,-0.2038,-1.227,12.283,-1.061,0.047,-0.052,-0.029,-0.0,-0.0,0.0,-0.12,-0.12,-0.11327,0.0,0.0,0.0,0.0,1.0
49650.0,-33.1405,-29.6822,-0.2605,-1.36,12.822,-0.52,0.055,-0.071,-0.005,-0.0,-0.0,-0.0,-0.12,-0.12,-0.11873,0.0,0.0,0.0,0.0,1.0
49657.0,-33.1507,-29.6361,-0.3143,-0.88,12.829,-0.165,0.079,-0.069,0.006,-0.0,-0.0,-0.0,-0.12,-0.12,-0.11817,0.0,0.0,0.0,0.0,1.0
49665.0,-33.1642,-29.5861,-0.3749,-1.096,12.857,0.124,0.072,-0.038,0.01,-0.0,-0.0,0.0,-0.12,-0.12,-0.12,0.0,0.0,0.0,0.0,1.0
49673.0,-33.1791,-29.5339,-0.4388,-1.268,12.533,0.406,0.076,-0.007,0.026,-0.0,-0.0,0.0,-0.12,-0.12,-0.12,0.0,0.0,0.0,0.0,1.0
49681.0,-33.1965,-29.4758,-0.5108,-1.563,12.19,1.358,0.052,0.021,0.018,-0.0,-0.0,0.0,-0.12,-0.12,-0.12,0.0,0.0,0.0,0.0,1.0
49689.0,-33.2097,-29.4195,-0.5771,-1.457,11.709,1.308,0.02,0.041,0.015,-0.0,-0.0,0.0,-0.12,-0.12,-0.12,0.0,0.0,0.0,0.0,1.0
49696.0,-33.2174,-29.3613,-0.6406,-0.719,11.336,1.366,-0.007,0.086,0.04,-0.0,-0.0,0.0,-0.12,-0.12,-0.12,0.0,0.0,0.0,0.0,1.0
49704.0,-33.2231,-29.3054,-0.7,-0.413,10.842,1.13,-0.037,0.105,0.028,-0.0,-0.0,0.0,-0.12,-0.12,-0.12,0.0,0.0,0.0,0.0,1.0
49712.0,-33.2274,-29.2439,-0.7638,-0.426,10.274,1.078,-0.038,0.088,0.033,-0.0,-0.0,0.0,-0.12,-0.12,-0.12,0.0,0.0,0.0,0.0,1.0
49720.0,-33.2324,-29.1781,-0.8322,-0.351,10.417,1.39,-0.071,0.066,0.012,-0.0,-0.0,0.0,-0.12,-0.12,-0.12,0.0,0.0,0.0,0.0,1.0
49727.0,-33.2338,-29.1129,-0.8969,-0.087,10.062,1.378,-0.058,0.035,-0.007,-0.0,-0.0,0.0,-0.12,-0.12,-0.12,0.0,0.0,0.0,0.0,1.0
49735.0,-33.2275,-29.0549,-0.9479,0.412,9.945,1.0,-0.05,0.001,-0.015,-0.0,0.0,0.0,-0.12,-0.12,-0.12,0.0,0.0,0.0,0.0,1.0
49743.0,-33.2174,-28.9958,-0.9965,0.43,9.731,0.352,-0.027,-0.022,-0.018,-0.0,-0.0,0.0,-0.12,-0.12,-0.12,0.0,0.0,0.0,0.0,1.0
49751.0,-33.2067,-28.936,-1.0454,0.296,9.576,0.54,-0.013,-0.047,-0.025,-0.0,-0.0,0.0,-0.12,-0.12,-0.12,0.0,0.0,0.0,0.0,1.0
49758.0,-33.1959,-28.8804,-1.09,-0.005,8.942,0.421,0.028,-0.078,-0.02,-0.0,-0.0,0.0,-0.12,-0.12,-0.12,0.0,0.0,0.0,0.0,1.0
49766.0,-33.1877,-28.8244,-1.1373,-0.144,8.674,0.41,0.047,-0.08,-0.013,-0.0,-0.0,0.0,-0.12,-0.12,-0.12,0.0,0.0,0.0,0.0,1.0
49774.0,-33.1744,-28.7724,-1.1763,-0.515,8.228,-0.038,0.066,-0.066,-0.004,-0.0,-0.0,0.0,-0.12,-0.12,-0.12,0.0,0.0,0.0,0.0,1.0
49781.0,-33.1632,-28.7277,-1.2099,-0.033,7.428,-0.667,0.078,-0.045,0.019,-0.0,-0.0,0.0,-0.12,-0.12,-0.12,0.0,0.0,0.0,0.0,1.0
49789.0,-33.1517,-28.6841,-1.2423,0.103,6.301,-1.364,0.078,-0.021,0.032,-0.0,-0.0,0.0,-0.12,-0.12,-0.12,0.0,0.0,0.0,0.0,1.0
49797.0,-33.1387,-28.6487,-1.2653,0.004,5.454,-2.212,0.06,0.014,0.045,-0.0,-0.0,0.0,-0.12,-0.12,-0.12,0.0,0.0,0.0,0.0,1.0
49805.0,-33.1245,-28.6185,-1.2823,-0.181,4.881,-2.613,0.039,0.034,0.041,-0.0,-0.0,0.0,-0.12,-0.12,-0.12,0.0,0.0,0.0,0.0,1.0
49813.0,-33.1137,-28.5925,-1.2981,-0.493,4.021,-3.128,0.023,0.059,0.05,0.0,-0.0,0.0,-0.12,-0.12,-0.12,0.0,0.0,0.0,0.0,1.0
49821.0,-33.1038,-28.5696,-1.3116,-0.409,3.29,-3.429,0.009,0.065,0.032,0.0,-0.0,0.0,-0.12,-0.12,-0.12,0.0,0.0,0.0,0.0,1.0
49829.0,-33.1062,-28.5494,-1.3334,-0.768,2.696,-3.85,-0.009,0.081,0.014,0.0,-0.0,0.0,-0.12,-0.12,-0.12,0.0,0.0,0.0,0.0,1.0
49836.0,-33.1133,-28.5295,-1.3591,-0.915,2.358,-4.104,-0.023,0.066,-0.022,0.0,-0.0,0.0,-0.12,-0.12,-0.12,0.0,0.0,0.0,0.0,1.0
49844.0,-33.1162,-28.5087,-1.3819,-0.013,2.067,-4.397,-0.039,0.054,-0.039,-0.0,-0.0,0.0,-0.12,-0.12,-0.12,0.0,0.0,0.0,0.0,1.0
49852.0,-33.1231,-28.4888,-1.4073,0.39,2.241,-4.657,-0.063,0.029,-0.046,-0.0,0.0,0.0,-0.12,-0.12,-0.12,0.0,0.0,0.0,0.0,1.0
49859.0,-33.1392,-28.4676,-1.4422,0.123,2.427,-4.472,-0.061,-0.014,-0.072,-0.0,0.0,0.0,-0.12,-0.12,-0.12,0.0,0.0,0.0,0.0,1.0
49867.0,-33.1509,-28.4482,-1.4713,0.124,2.697,-3.687,-0.045,-0.032,-0.09,-0.0,0.0,0.0,-0.12,-0.12,-0.12,0.0,0.0,0.0,0.0,1.0
49875.0,-33.1623,-28.4309,-1.4982,0.111,3.198,-3.013,-0.038,-0.071,-0.08,-0.0,-0.0,0.0,-0.12,-0.12,-0.12,0.0,0.0,0.0,0.0,1.0
49883.0,-33.1735,-28.4219,-1.5169,-0.336,3.774,-2.09,-0.018,-0.089,-0.062,-0.0,-0.0,-0.0,-0.12,-0.12,-0.12,0.0,0.0,0.0,0.0,1.0
49891.0,-33.1853,-28.4205,-1.5286,-0.475,3.898,-1.445,0.006,-0.083,-0.043,-0.0,-0.0,-0.0,-0.12,-0.12,-0.12,0.0,0.0,0.0,0.0,1.0
49898.0,-33.1943,-28.4142,-1.5427,-0.55,4.282,-1.231,0.015,-0.079,-0.022,-0.0,-0.0,-0.0,-0.12,-0.12,-0.12,0.0,0.0,0.0,0.0,1.0
49906.0,-33.2043,-28.4101,-1.5554,-0.369,4.524,-0.813,0.021,-0.043,0.021,-0.0,-0.0,-0.0,-0.12,-0.12,-0.12,0.0,0.0,0.0,0.0,1.0
49914.0,-33.2156,-28.4016,-1.5736,-0.359,4.789,-0.459,0.017,-0.012,0.056,-0.0,-0.0,-0.0,-0.12,-0.12,-0.12,0.0,0.0,0.0,0.0,1.0
49922.0,-33.2261,-28.391,-1.5933,-0.363,5.071,-0.001,0.047,0.015,0.071,-0.0,-0.0,-0.0,-0.12,-0.12,-0.12,0.0,0.0,0.0,0.0,1.0
49929.0,-33.2386,-28.3747,-1.6201,-0.084,5.265,0.367,0.028,0.038,0.07,-0.0,-0.0,0.0,-0.12,-0.12,-0.12,0.0,0.0,0.0,0.0,1.0
49937.0,-33.2487,-28.3524,-1.6508,0.061,5.518,0.707,0.022,0.047,0.073,-0.0,-0.0,0.0,-0.12,-0.12,-0.12,0.0,0.0,0.0,0.0,1.0
49945.0,-33.2596,-28.333,-1.6792,0.064,5.37,1.164,0.012,0.051,0.061,-0.0,-0.0,0.0,-0.12,-0.12,-0.12,0.0,0.0,0.0,0.0,1.0
49953.0,-33.2673,-28.3133,-1.7051,0.104,5.3,1.614,-0.0,0.064,0.035,-0.0,-0.0,0.0,-0.12,-0.12,-0.12,0.0,0.0,0.0,0.0,1.0
49961.0,-33.2662,-28.2957,-1.7213,0.444,5.21,1.784,-0.021,0.06,-0.0,-0.0,-0.0,0.0,-0.12,-0.12,-0.12,0.0,0.0,0.0,0.0,1.0
49968.0,-33.2581,-28.2823,-1.7272,0.389,4.775,1.956,-0.027,0.059,-0.026,-0.0,-0.0,0.0,-0.12,-0.12,-0.12,0.0,0.0,0.0,0.0,1.0
49976.0,-33.2473,-28.2596,-1.7398,0.047,5.278,2.113,-0.043,0.037,-0.044,-0.0,-0.0,0.0,-0.12,-0.12,-0.12,0.0,0.0,0.0,0.0,1.0
49984.0,-33.2406,-28.2291,-1.7636,-0.23,5.739,2.143,-0.026,0.014,-0.049,-0.0,0.0,0.0,-0.12,-0.12,-0.12,0.0,0.0,0.0,0.0,1.0
49991.0,-33.2298,-28.1923,-1.79,-0.641,6.518,1.884,-0.019,-0.016,-0.067,-0.0,0.0,0.0,-0.12,-0.12,-0.12,0.0,0.0,0.0,0.0,1.0
49999.0,-33.2142,-28.1525,-1.8151,-1.213,6.93,1.519,-0.005,-0.041,-0.032,-0.0,-0.0,0.0,-0.12,-0.12,-0.12,0.0,0.0,0.0,0.0,1.0
50007.0,-33.1951,-28.1113,-1.8383,-1.03,7.168,0.893,0.003,-0.058,-0.026,-0.0,-0.0,0.0,-0.12,-0.12,-0.12,0.0,0.0,0.0,0.0,1.0
50015.0,-33.1758,-28.0638,-1.8676,-1.079,7.057,0.003,0.025,-0.055,0.013,-0.0,-0.0,0.0,-0.12,-0.12,-0.12,0.0,0.0,0.0,0.0,1.0
50022.0,-33.1621,-28.0206,-1.8976,-0.634,7.11,-0.808,0.017,-0.035,0.026,-0.0,-0.0,0.0,-0.12,-0.12,-0.12,0.0,0.0,0.0,0.0,1.0
50030.0,-33.1488,-27.9729,-1.9324,-0.634,6.715,-1.465,0.029,-0.035,0.054,-0.0,-0.0,0.0,-0.12,-0.12,-0.12,0.0,0.0,0.0,0.0,1.0
50038.0,-33.1405,-27.9273,-1.9696,-0.22,6.933,-2.199,0.005,-0.014,0.054,-0.0,-0.0,0.0,-0.12,-0.12,-0.12,0.0,0.0,0.0,0.0,1.0
50046.0,-33.1369,-27.889,-2.0036,-0.205,7.132,-2.518,-0.008,-0.013,0.036,-0.0,-0.0,0.0,-0.12,-0.12,-0.12,0.0,0.0,0.0,0.0,1.0
50053.0,-33.1335,-27.853,-2.0356,-0.245,7.329,-3.097,-0.014,0.005,0.038,-0.0,-0.0,0.0,-0.12,-0.12,-0.12,0.0,0.0,0.0,0.0,1.0
50061.0,-33.1371,-27.8256,-2.0656,-0.114,7.9,-2.956,-0.006,0.02,0.015,-0.0,-0.0,0.0,-0.12,-0.12,-0.12,0.0,0.0,0.0,0.0,1.0
50069.0,-33.139,-27.8012,-2.091,-0.51,7.94,-3.344,-0.008,0.022,-0.004,-0.0,-0.0,0.0,-0.12,-0.12,-0.12,0.0,0.0,0.0,0.0,1.0
50077.0,-33.1463,-27.7782,-2.1198,-0.223,8.159,-2.691,-0.011,0.039,-0.034,-0.0,-0.0,0.0,-0.12,-0.12,-0.12,0.0,0.0,0.0,0.0,1.0
50085.0,-33.1595,-27.7535,-2.1555,-0.709,8.086,-2.243,-0.004,0.036,-0.043,-0.0,-0.0,0.0,-0.12,-0.12,-0.12,0.0,0.0,0.0,0.0,1.0
50092.0,-33.1742,-27.7295,-2.1917,-0.755,7.875,-1.674,0.0,0.042,-0.065,-0.0,-0.0,0.0,-0.12,-0.12,-0.12,0.0,0.0,0.0,0.0,1.0
50100.0,-33.1879,-27.7046,-2.228,-0.658,7.692,-1.595,0.005,0.033,-0.072,-0.0,-0.0,0.0,-0.12,-0.12,-0.12,0.0,0.0,0.0,0.0,1.0
50108.0,-33.2028,-27.672,-2.273,-0.315,7.672,-1.182,0.01,0.035,-0.067,-0.0,-0.0,-0.0,-0.12,-0.12,-0.12,0.0,0.0,0.0,0.0,1.0
50116.0,-33.2168,-27.6351,-2.3212,0.028,7.61,-0.727,-0.007,0.021,-0.049,-0.0,-0.0,-0.0,-0.12,-0.12,-0.12,0.0,0.0,0.0,0.0,1.0
50123.0,-33.2321,-27.5935,-2.3752,-0.113,7.608,0.047,0.003,0.016,-0.046,-0.0,-0.0,-0.0,-0.12,-0.12,-0.12,0.0,0.0,0.0,0.0,1.0
50131.0,-33.2461,-27.5505,-2.4294,-0.04,7.231,0.877,0.012,-0.004,-0.008,-0.0,-0.0,-0.0,-0.12,-0.12,-0.12,0.0,0.0,0.0,0.0,1.0
50139.0,-33.2561,-27.5064,-2.4812,-0.115,7.145,1.566,0.016,-0.005,0.024,-0.0,-0.0,-0.0,-0.12,-0.12,-0.12,0.0,0.0,0.0,0.0,1.0
50147.0,-33.2555,-27.4682,-2.5178,0.206,6.203,1.659,0.009,0.0,0.06,-0.0,-0.0,-0.0,-0.12,-0.12,-0.12,0.0,0.0,0.0,0.0,1.0
50154.0,-33.2501,-27.4349,-2.5455,0.511,6.166,1.708,0.02,-0.032,0.076,-0.0,-0.0,-0.0,-0.12,-0.12,-0.12,0.0,0.0,0.0,0.0,1.0
50162.0,-33.2422,-27.4031,-2.5696,0.57,5.883,1.51,0.012,-0.003,0.081,-0.0,-0.0,0.0,-0.12,-0.12,-0.12,0.0,0.0,0.0,0.0,1.0
50170.0,-33.2326,-27.3684,-2.5948,0.28,5.43,1.833,0.023,-0.027,0.087,-0.0,-0.0,0.0,-0.12,-0.12,-0.12,0.0,0.0,0.0,0.0,1.0
50178.0,-33.2238,-27.334,-2.6206,0.275,5.232,1.72,0.008,-0.015,0.076,-0.0,-0.0,0.0,-0.12,-0.12,-0.12,0.0,0.0,0.0,0.0,1.0
50185.0,-33.2108,-27.2978,-2.6445,0.576,5.301,1.355,-0.013,-0.015,0.051,-0.0,-0.0,0.0,-0.12,-0.12,-0.12,0.0,0.0,0.0,0.0,1.0
50194.0,-33.1999,-27.2576,-2.674,0.556,5.38,1.087,-0.019,-0.021,0.024,-0.0,-0.0,0.0,-0.12,-0.12,-0.12,0.0,0.0,0.0,0.0,1.0
50201.0,-33.1873,-27.2236,-2.696,0.22,5.098,0.545,-0.022,-0.02,-0.021,-0.0,-0.0,0.0,-0.12,-0.12,-0.12,0.0,0.0,0.0,0.0,1.0
50209.0,-33.1693,-27.188,-2.7149,0.225,4.729,0.174,-0.029,-0.018,-0.047,-0.0,-0.0,0.0,-0.12,-0.12,-0.12,0.0,0.0,0.0,0.0,1.0
50217.0,-33.154,-27.1574,-2.7312,0.4,4.596,-0.392,-0.017,-0.008,-0.069,-0.0,-0.0,0.0,-0.12,-0.12,-0.12,0.0,0.0,0.0,0.0,1.0
50225.0,-33.1428,-27.1241,-2.7538,0.565,4.592,-0.656,-0.035,0.006,-0.07,-0.0,-0.0,0.0,-0.12,-0.12,-0.12,0.0,0.0,0.0,0.0,1.0
50232.0,-33.1304,-27.0979,-2.7683,0.334,4.631,-1.308,-0.036,0.004,-0.068,-0.0,-0.0,0.0,-0.12,-0.12,-0.12,0.0,0.0,0.0,0.0,1.0
50240.0,-33.1208,-27.0708,-2.7863,0.327,4.977,-1.222,-0.026,0.022,-0.069,-0.0,-0.0,0.0,-0.12,-0.12,-0.12,0.0,0.0,0.0,0.0,1.0
50248.0,-33.111,-27.0435,-2.8042,0.088,5.188,-1.615,0.001,0.009,-0.049,-0.0,-0.0,-0.0,-0.12,-0.12,-0.12,0.0,0.0,0.0,0.0,1.0
50255.0,-33.1066,-27.0189,-2.8244,-0.125,5.132,-1.239,0.013,0.011,-0.033,-0.0,-0.0,-0.0,-0.12,-0.12,-0.12,0.0,0.0,0.0,0.0,1.0
50263.0,-33.1098,-26.988,-2.8573,-0.161,5.227,-1.404,0.017,0.009,-0.005,-0.0,-0.0,-0.0,-0.12,-0.12,-0.12,0.0,0.0,0.0,0.0,1.0
50271.0,-33.1082,-26.9775,-2.8661,-0.146,5.681,-1.982,0.018,-0.004,0.016,-0.0,-0.0,-0.0,-0.12,-0.12,-0.12,0.0,0.0,0.0,0.0,1.0
50279.0,-33.1102,-26.9614,-2.8835,0.343,5.429,-1.8,0.023,-0.004,0.031,-0.0,-0.0,-0.0,-0.12,-0.12,-0.12,0.0,0.0,0.0,0.0,1.0
50287.0,-33.113,-26.9379,-2.9089,0.099,6.054,-1.865,0.02,-0.012,0.052,-0.0,-0.0,-0.0,-0.12,-0.12,-0.12,0.0,0.0,0.0,0.0,1.0
50295.0,-33.1193,-26.9235,-2.9284,-0.295,6.19,-1.294,0.028,-0.019,0.058,-0.0,-0.0,0.0,-0.12,-0.12,-0.12,0.0,0.0,0.0,0.0,1.0
50302.0,-33.1261,-26.9075,-2.9499,-0.109,6.329,-0.462,0.034,-0.024,0.032,-0.0,-0.0,0.0,-0.12,-0.12,-0.12,0.0,0.0,0.0,0.0,1.0
50310.0,-33.1318,-26.8786,-2.9832,0.051,6.909,-0.571,0.033,-0.025,0.025,-0.0,-0.0,0.0,-0.12,-0.12,-0.12,0.0,0.0,0.0,0.0,1.0
50318.0,-33.1386,-26.8541,-3.013,0.531,6.831,-0.13,0.017,-0.036,0.022,-0.0,-0.0,0.0,-0.12,-0.12,-0.12,0.0,0.0,0.0,0.0,1.0
50325.0,-33.1474,-26.8295,-3.0447,0.32,7.101,0.228,0.007,-0.032,0.011,-0.0,-0.0,0.0,-0.12,-0.12,-0.12,0.0,0.0,0.0,0.0,1.0
50333.0,-33.1502,-26.8044,-3.0717,-0.25,7.234,0.45,-0.011,-0.019,-0.007,-0.0,-0.0,0.0,-0.12,-0.12,-0.12,0.0,0.0,0.0,0.0,1.0
50341.0,-33.1542,-26.771,-3.1076,0.016,7.403,0.965,-0.019,-0.006,-0.008,-0.0,-0.0,0.0,-0.12,-0.12,-0.12,0.0,0.0,0.0,0.0,1.0
50349.0,-33.1539,-26.7402,-3.1375,0.32,7.364,1.014,-0.018,0.006,-0.02,-0.0,-0.0,0.0,-0.12,-0.12,-0.12,0.0,0.0,0.0,0.0,1.0
50357.0,-33.1496,-26.71,-3.1629,0.596,7.489,1.14,-0.028,0.028,-0.014,-0.0,-0.0,0.0,-0.12,-0.12,-0.12,0.0,0.0,0.0,0.0,1.0
50364.0,-33.1429,-26.6771,-3.1891,0.203,8.059,1.279,-0.029,0.022,-0.012,-0.0,-0.0,0.0,-0.12,-0.12,-0.12,0.0,0.0,0.0,0.0,1.0
50372.0,-33.1312,-26.6399,-3.2151,0.58,8.523,0.967,-0.014,0.003,-0.002,-0.0,-0.0,0.0,-0.12,-0.12,-0.12,0.0,0.0,0.0,0.0,1.0
50380.0,-33.118,-26.5998,-3.2426,0.3,9.483,1.238,-0.006,0.009,0.009,-0.0,-0.0,0.0,-0.12,-0.12,-0.12,0.0,0.0,0.0,0.0,1.0
50387.0,-33.1042,-26.5533,-3.2757,-0.167,10.0,0.979,0.022,0.009,-0.001,-0.0,-0.0,0.0,-0.12,-0.12,-0.12,0.0,0.0,0.0,0.0,1.0
50395.0,-33.089,-26.4999,-3.3143,-0.464,10.365,0.913,0.021,-0.001,0.006,-0.0,-0.0,0.0,-0.12,-0.12,-0.12,0.0,0.0,0.0,0.0,1.0
50403.0,-33.0717,-26.4423,-3.3551,-0.183,10.552,0.237,0.039,0.016,0.016,-0.0,-0.0,0.0,-0.12,-0.12,-0.12,0.0,0.0,0.0,0.0,1.0
50411.0,-33.0611,-26.3771,-3.4094,-0.238,10.467,0.063,0.031,0.013,0.039,-0.0,-0.0,0.0,-0.12,-0.12,-0.12,0.0,0.0,0.0,0.0,1.0
50419.0,-33.0495,-26.3126,-3.462,-0.19,10.047,-0.618,0.025,0.013,0.032,-0.0,-0.0,0.0,-0.12,-0.12,-0.12,0.0,0.0,0.0,0.0,1.0
50426.0,-33.0373,-26.2491,-3.5131,-0.207,9.626,-1.128,0.018,0.007,0.037,-0.0,-0.0,0.0,-0.12,-0.12,-0.12,0.0,0.0,0.0,0.0,1.0
50434.0,-33.0263,-26.184,-3.5668,0.427,9.538,-1.564,-0.006,0.017,0.026,-0.0,-0.0,0.0,-0.12,-0.12,-0.12,0.0,0.0,0.0,0.0,1.0
50442.0,-33.0171,-26.1244,-3.6167,0.224,9.199,-2.077,-0.01,0.008,0.011,-0.0,-0.0,0.0,-0.12,-0.12,-0.12,0.0,0.0,0.0,0.0,1.0
50450.0,-33.0104,-26.0707,-3.663,0.362,8.383,-2.032,-0.004,0.017,-0.005,-0.0,-0.0,0.0,-0.12,-0.12,-0.12,0.0,0.0,0.0,0.0,1.0
50457.0,-33.0043,-26.0217,-3.7055,-0.345,7.577,-1.89,0.002,0.015,-0.023,-0.0,-0.0,0.0,-0.12,-0.12,-0.12,0.0,0.0,0.0,0.0,1.0
50465.0,-33.0017,-25.9773,-3.7464,-0.193,6.744,-1.948,-0.013,0.014,-0.036,-0.0,-0.0,0.0,-0.12,-0.12,-0.12,0.0,0.0,0.0,0.0,1.0
50473.0,-33.003,-25.9357,-3.7881,0.084,6.112,-1.805,-0.011,0.01,-0.05,-0.0,-0.0,0.0,-0.12,-0.12,-0.12,0.0,0.0,0.0,0.0,1.0
50481.0,-33.0033,-25.8963,-3.8267,0.461,5.431,-1.711,-0.034,-0.006,-0.062,-0.0,-0.0,0.0,-0.12,-0.12,-0.12,0.0,0.0,0.0,0.0,1.0
50489.0,-33.0053,-25.86,-3.8639,0.521,4.433,-1.935,-0.035,0.001,-0.052,-0.0,-0.0,0.0,-0.12,-0.12,-0.12,0.0,0.0,0.0,0.0,1.0
50496.0,-33.0035,-25.8277,-3.8937,0.599,3.858,-1.648,-0.023,0.003,-0.039,-0.0,-0.0,-0.0,-0.12,-0.12,-0.12,0.0,0.0,0.0,0.0,1.0
50504.0,-33.005,-25.7947,-3.9271,0.726,3.087,-1.215,-0.028,-0.001,-0.045,-0.0,-0.0,-0.0,-0.12,-0.12,-0.12,0.0,0.0,0.0,0.0,1.0
50512.0,-33.0029,-25.7656,-3.9537,0.421,2.738,-0.875,-0.013,0.002,-0.034,-0.0,-0.0,-0.0,-0.12,-0.12,-0.12,0.0,0.0,0.0,0.0,1.0
50520.0,-33.002,-25.7435,-3.9743,0.314,1.987,-0.334,-0.003,-0.021,-0.0,-0.0,-0.0,-0.0,-0.12,-0.12,-0.12,0.0,0.0,0.0,0.0,1.0
50527.0,-33.0003,-25.726,-3.9899,0.173,1.761,-0.388,0.006,-0.032,0.022,-0.0,-0.0,-0.0,-0.12,-0.12,-0.12,0.0,0.0,0.0,0.0,1.0
50535.0,-32.9954,-25.7131,-3.9982,0.103,1.519,-0.286,0.018,-0.033,0.043,-0.0,-0.0,-0.0,-0.12,-0.12,-0.12,0.0,0.0,0.0,0.0,1.0
50543.0,-32.9958,-25.6988,-4.0124,0.062,0.898,-0.045,0.021,-0.027,0.062,-0.0,-0.0,0.0,-0.12,-0.12,-0.12,0.0,0.0,0.0,0.0,1.0
50551.0,-32.9937,-25.6909,-4.0182,0.076,0.58,0.153,0.009,-0.004,0.065,-0.0,-0.0,0.0,-0.12,-0.12,-0.12,0.0,0.0,0.0,0.0,1.0
50559.0,-32.9934,-25.6868,-4.0221,0.012,0.622,0.282,-0.006,0.001,0.049,-0.0,-0.0,0.0,-0.12,-0.12,-0.12,0.0,0.0,0.0,0.0,1.0
50566.0,-32.9916,-25.6867,-4.0206,-0.525,0.136,0.141,-0.025,0.014,0.04,-0.0,-0.0,0.0,-0.12,-0.12,-0.12,0.0,0.0,0.0,0.0,1.0
50574.0,-32.9836,-25.686,-4.0141,-0.039,0.034,-0.134,-0.037,0.026,0.026,-0.0,-0.0,0.0,-0.12,-0.12,-0.12,0.0,0.0,0.0,0.0,1.0
50582.0,-32.978,-25.6891,-4.0063,0.111,0.26,-0.51,-0.051,0.012,0.002,-0.0,-0.0,0.0,-0.12,-0.12,-0.12,0.0,0.0,0.0,0.0,1.0
50589.0,-32.9782,-25.6864,-4.009,-0.038,0.464,-0.565,-0.06,0.011,-0.007,-0.0,-0.0,0.0,-0.12,-0.12,-0.12,0.0,0.0,0.0,0.0,1.0
50597.0,-32.9777,-25.6828,-4.0121,-0.044,0.223,-0.634,-0.069,0.003,-0.021,-0.0,-0.0,0.0,-0.12,-0.12,-0.12,0.0,0.0,0.0,0.0,1.0
50605.0,-32.9772,-25.6846,-4.0098,0.191,0.46,-1.001,-0.087,-0.024,-0.031,-0.0,-0.0,0.0,-0.12,-0.12,-0.12,0.0,0.0,0.0,0.0,1.0
50613.0,-32.9782,-25.6951,-4.0006,0.416,0.867,-1.109,-0.086,-0.024,-0.013,-0.0,-0.0,0.0,-0.12,-0.12,-0.12,0.0,0.0,0.0,0.0,1.0
50621.0,-32.9813,-25.7083,-3.9904,0.023,1.478,-1.013,-0.066,-0.037,-0.023,-0.001,-0.0,0.0,-0.12,-0.12,-0.12,0.0,0.0,0.0,0.0,1.0
50629.0,-32.9784,-25.7239,-3.9727,-0.121,2.549,-0.886,-0.038,-0.036,-0.021,-0.001,-0.0,0.0,-0.12,-0.12,-0.12,0.0,0.0,0.0,0.0,1.0
50636.0,-32.9775,-25.7359,-3.9602,-0.607,3.363,-0.584,-0.019,-0.051,-0.027,-0.001,-0.0,0.0,-0.12,-0.12,-0.12,0.0,0.0,0.0,0.0,1.0
50644.0,-32.9812,-25.7394,-3.9601,-0.618,4.118,-0.17,0.025,-0.053,-0.037,-0.001,-0.0,0.0,-0.12,-0.12,-0.12,0.0,0.0,0.0,0.0,1.0
50652.0,-32.9889,-25.7302,-3.9757,-0.522,4.739,-0.151,0.097,-0.033,-0.023,-0.001,-0.0,0.0,-0.12,-0.12,-0.12,0.0,0.0,0.0,0.0,1.0
50660.0,-32.9991,-25.712,-4.0024,-0.497,4.686,0.402,0.161,-0.005,-0.019,-0.0,-0.0,-0.0,-0.12,-0.12,-0.12,0.0,0.0,0.0,0.0,1.0
50667.0,-33.0055,-25.6906,-4.029,-0.202,4.865,0.667,0.231,0.031,-0.009,-0.0,-0.0,-0.0,-0.12,-0.12,-0.12,0.0,0.0,0.0,0.0,1.0
50675.0,-33.0097,-25.6675,-4.0552,0.166,4.656,0.717,0.276,0.045,0.003,-0.0,-0.0,-0.0,-0.12,-0.12,-0.12,0.0,0.0,0.0,0.0,1.0
50683.0,-33.0156,-25.6437,-4.0836,0.369,4.539,0.945,0.289,0.072,0.019,0.0,-0.0,-0.0,-0.12,-0.12,-0.12,0.0,0.0,0.0,0.0,1.0
50690.0,-33.0153,-25.6267,-4.0998,0.303,4.407,1.246,0.262,0.086,0.025,0.0,-0.0,0.0,-0.12,-0.12,-0.12,0.0,0.0,0.0,0.0,1.0
50698.0,-33.0107,-25.6068,-4.1151,0.339,4.528,1.195,0.227,0.08,0.036,0.001,-0.0,0.0,-0.12,-0.12,-0.12,0.0,0.0,0.0,0.0,1.0
50706.0,-33.0033,-25.5839,-4.1309,0.401,4.9,1.395,0.143,0.052,0.031,0.001,-0.0,0.0,-0.12,-0.12,-0.12,0.0,0.0,0.0,0.0,1.0
50714.0,-32.9961,-25.5613,-4.1466,0.237,5.337,1.228,0.059,0.024,0.041,0.001,-0.0,0.0,-0.12,-0.12,-0.12,0.0,0.0,0.0,0.0,1.0
50721.0,-32.9835,-25.5346,-4.1615,0.38,5.779,1.067,-0.036,-0.038,0.033,0.001,-0.0,0.0,-0.12,-0.12,-0.12,0.0,0.0,0.0,0.0,1.0
50729.0,-32.9728,-25.5048,-4.1811,0.018,6.66,0.654,-0.129,-0.038,0.014,0.001,-0.0,0.0,-0.12,-0.12,-0.12,0.0,0.0,0.0,0.0,1.0
50737.0,-32.9594,-25.471,-4.2022,-0.194,6.992,0.642,-0.193,-0.065,-0.002,0.001,-0.0,0.0,-0.12,-0.12,-0.12,0.0,0.0,0.0,0.0,1.0
50744.0,-32.9452,-25.4326,-4.2271,-0.392,7.567,0.267,-0.238,-0.081,-0.009,0.0,-0.0,0.0,-0.12,-0.12,-0.12,0.0,0.0,0.0,0.0,1.0
50753.0,-32.9343,-25.3883,-4.2607,-0.516,7.884,-0.452,-0.257,-0.095,-0.026,0.0,-0.0,0.0,-0.12,-0.12,-0.12,0.0,0.0,0.0,0.0,1.0
50760.0,-32.9213,-25.3414,-4.2949,-0.351,7.88,-0.716,-0.253,-0.075,-0.029,-0.0,-0.0,0.0,-0.12,-0.12,-0.12,0.0,0.0,0.0,0.0,1.0
50768.0,-32.9088,-25.2967,-4.3275,-0.179,8.159,-0.954,-0.244,-0.047,-0.005,-0.0,-0.0,0.0,-0.12,-0.12,-0.12,0.0,0.0,0.0,0.0,1.0
50776.0,-32.8968,-25.2503,-4.3621,-0.262,8.667,-1.482,-0.221,-0.019,-0.012,-0.0,-0.0,0.0,-0.12,-0.12,-0.12,0.0,0.0,0.0,0.0,1.0
50784.0,-32.8841,-25.2058,-4.3942,-0.266,9.115,-2.242,-0.159,-0.001,-0.014,-0.001,-0.0,0.0,-0.12,-0.12,-0.12,0.0,0.0,0.0,0.0,1.0
50791.0,-32.8733,-25.1644,-4.4251,-0.4,9.517,-2.615,-0.084,0.017,-0.009,-0.001,-0.0,0.0,-0.12,-0.12,-0.12,0.0,0.0,0.0,0.0,1.0
50799.0,-32.862,-25.114,-4.4642,-0.506,10.127,-2.695,-0.002,0.046,-0.007,-0.001,-0.0,0.0,-0.12,-0.12,-0.12,0.0,0.0,0.0,0.0,1.0
50807.0,-32.8577,-25.0631,-4.51,-0.819,10.94,-3.089,0.069,0.054,0.001,-0.001,-0.0,0.0,-0.12,-0.12,-0.12,0.0,0.0,0.0,0.0,1.0
50815.0,-32.8542,-25.0145,-4.5543,-0.329,10.991,-3.209,0.122,0.065,0.005,-0.001,-0.0,0.0,-0.12,-0.12,-0.12,0.0,0.0,0.0,0.0,1.0
50823.0,-32.8547,-24.9607,-4.6071,-0.663,11.751,-3.742,0.177,0.078,0.004,-0.0,-0.0,0.0,-0.12,-0.12,-0.12,0.0,0.0,0.0,0.0,1.0
50830.0,-32.8596,-24.9054,-4.6653,-0.632,11.984,-3.163,0.178,0.07,0.007,-0.0,-0.0,0.0,-0.12,-0.12,-0.12,0.0,0.0,0.0,0.0,1.0
50838.0,-32.8683,-24.8486,-4.7282,-0.584,12.044,-3.275,0.193,0.039,-0.003,-0.0,-0.0,0.0,-0.12,-0.12,-0.12,0.0,0.0,0.0,0.0,1.0
50846.0,-32.8759,-24.7897,-4.7924,-0.325,12.229,-3.089,0.168,0.032,-0.005,0.0,-0.0,0.0,-0.12,-0.12,-0.12,0.0,0.0,0.0,0.0,1.0
50854.0,-32.8882,-24.7266,-4.8646,-0.232,12.334,-2.552,0.131,-0.002,-0.005,0.0,-0.0,0.0,-0.12,-0.12,-0.12,0.0,0.0,0.0,0.0,1.0
50862.0,-32.904,-24.6627,-4.9407,-0.259,12.308,-1.975,0.079,-0.024,0.002,0.0,-0.0,0.0,-0.12,-0.12,-0.12,0.0,0.0,0.0,0.0,1.0
50869.0,-32.9154,-24.6051,-5.0068,0.048,12.08,-1.425,0.023,-0.04,-0.008,0.0,-0.0,0.0,-0.12,-0.12,-0.12,0.0,0.0,0.0,0.0,1.0
50877.0,-32.9311,-24.5467,-5.0775,0.34,11.524,-0.427,-0.05,-0.051,-0.019,0.0,-0.0,0.0,-0.12,-0.12,-0.12,0.0,0.0,0.0,0.0,1.0
50885.0,-32.9428,-24.4943,-5.1389,0.694,11.728,0.382,-0.093,-0.051,-0.035,0.0,-0.0,0.0,-0.12,-0.12,-0.12,0.0,0.0,0.0,0.0,1.0
50893.0,-32.9526,-24.44,-5.2003,0.602,11.656,1.174,-0.131,-0.041,-0.022,0.0,-0.0,0.0,-0.12,-0.12,-0.12,0.0,0.0,0.0,0.0,1.0
50901.0,-32.9547,-24.3946,-5.2464,0.717,11.078,2.583,-0.148,-0.018,-0.02,-0.0,-0.0,-0.0,-0.12,-0.12,-0.12,0.0,0.0,0.0,0.0,1.0
50908.0,-32.9517,-24.3499,-5.2874,0.572,11.003,3.115,-0.14,0.001,0.007,-0.0,-0.0,-0.0,-0.12,-0.12,-0.12,0.0,0.0,0.0,0.0,1.0
50916.0,-32.9484,-24.3023,-5.3307,0.773,11.169,3.801,-0.124,0.002,0.008,-0.0,-0.0,-0.0,-0.12,-0.12,-0.12,0.0,0.0,0.0,0.0,1.0
50924.0,-32.9404,-24.2476,-5.3771,0.626,11.597,4.575,-0.09,0.021,0.014,-0.0,-0.0,-0.0,-0.12,-0.12,-0.12,0.0,0.0,0.0,0.0,1.0
50932.0,-32.9201,-24.184,-5.421,0.662,11.632,4.61,-0.052,0.023,0.034,-0.0,-0.0,0.0,-0.12,-0.12,-0.12,0.0,0.0,0.0,0.0,1.0
50940.0,-32.8981,-24.1166,-5.4673,0.628,11.684,4.489,0.002,0.038,0.047,-0.0,-0.0,0.0,-0.12,-0.12,-0.12,0.0,0.0,0.0,0.0,1.0
50948.0,-32.8714,-24.0403,-5.5181,0.63,11.945,4.23,0.049,0.03,0.051,-0.0,-0.0,0.0,-0.12,-0.12,-0.12,0.0,0.0,0.0,0.0,1.0
50955.0,-32.8367,-23.9608,-5.565,0.592,11.887,3.91,0.076,0.033,0.064,-0.0,-0.0,0.0,-0.12,-0.12,-0.12,0.0,0.0,0.0,0.0,1.0
50963.0,-32.8057,-23.882,-5.6145,0.327,11.764,3.353,0.109,0.013,0.061,-0.0,-0.0,0.0,-0.12,-0.12,-0.12,0.0,0.0,0.0,0.0,1.0
50971.0,-32.7728,-23.7964,-5.6689,0.304,11.819,2.8,0.121,-0.0,0.053,-0.0,-0.0,0.0,-0.12,-0.12,-0.12,0.0,0.0,0.0,0.0,1.0
50978.0,-32.7351,-23.7132,-5.7167,0.17,11.785,1.814,0.108,-0.004,0.04,-0.0,-0.0,0.0,-0.12,-0.12,-0.12,0.0,0.0,0.0,0.0,1.0
50986.0,-32.702,-23.6322,-5.7665,0.525,11.631,0.881,0.102,-0.022,0.018,0.0,-0.0,0.0,-0.12,-0.12,-0.12,0.0,0.0,0.0,0.0,1.0
50994.0,-32.6675,-23.5535,-5.8128,0.361,11.975,-0.244,0.074,-0.039,-0.013,0.0,-0.0,0.0,-0.12,-0.12,-0.12,0.0,0.0,0.0,0.0,1.0
51002.0,-32.6364,-23.4762,-5.8607,0.381,11.978,-1.106,0.046,-0.025,-0.032,0.0,-0.0,0.0,-0.12,-0.12,-0.12,0.0,0.0,0.0,0.0,1.0
51009.0,-32.6098,-23.4046,-5.907,0.223,12.088,-1.688,0.006,-0.033,-0.054,0.0,-0.0,0.0,-0.12,-0.12,-0.12,0.0,0.0,0.0,0.0,1.0
51017.0,-32.584,-23.3323,-5.9547,0.325,12.427,-2.125,-0.041,-0.02,-0.066,0.0,-0.0,0.0,-0.12,-0.12,-0.12,0.0,0.0,0.0,0.0,1.0
51025.0,-32.5677,-23.2615,-6.0093,0.001,12.887,-2.788,-0.078,-0.01,-0.077,0.0,-0.0,0.0,-0.12,-0.12,-0.12,0.0,0.0,0.0,0.0,1.0
51033.0,-32.5618,-23.1938,-6.07,-0.128,13.358,-2.92,-0.1,-0.0,-0.069,0.0,-0.0,0.0,-0.12,-0.12,-0.12,0.0,0.0,0.0,0.0,1.0
51041.0,-32.5585,-23.1296,-6.1297,-0.017,13.963,-3.004,-0.13,0.006,-0.052,-0.0,-0.0,0.0,-0.12,-0.12,-0.12,0.0,0.0,0.0,0.0,1.0
51048.0,-32.5565,-23.0711,-6.1848,0.1,14.765,-2.975,-0.105,0.011,-0.028,-0.0,-0.0,-0.0,-0.12,-0.12,-0.12,0.0,0.0,0.0,0.0,1.0
51056.0,-32.5622,-23.0157,-6.2439,0.057,15.424,-2.226,-0.094,0.004,-0.027,-0.0,-0.0,-0.0,-0.12,-0.12,-0.12,0.0,0.0,0.0,0.0,1.0
51064.0,-32.5781,-22.9626,-6.3096,-0.279,15.886,-1.413,-0.077,-0.003,-0.006,-0.0,-0.0,-0.0,-0.12,-0.12,-0.12,0.0,0.0,0.0,0.0,1.0
51072.0,-32.5995,-22.9087,-6.3809,-0.33,16.044,-0.474,-0.035,0.001,-0.013,-0.0,-0.0,-0.0,-0.12,-0.12,-0.12,0.0,0.0,0.0,0.0,1.0
51079.0,-32.6152,-22.8519,-6.45,-0.021,16.295,0.645,-0.002,0.017,-0.001,-0.0,-0.0,-0.0,-0.12,-0.12,-0.12,0.0,0.0,0.0,0.0,1.0
51087.0,-32.6359,-22.7895,-6.5291,0.314,16.582,2.231,0.022,-0.0,0.021,-0.0,-0.0,-0.0,-0.12,-0.12,-0.12,0.0,0.0,0.0,0.0,1.0
51095.0,-32.6514,-22.724,-6.6065,0.716,16.284,3.489,0.05,0.012,0.029,-0.0,-0.0,-0.0,-0.12,-0.12,-0.12,0.0,0.0,0.0,0.0,1.0
51103.0,-32.661,-22.655,-6.6821,0.749,16.196,4.698,0.061,0.014,0.02,-0.0,-0.0,-0.0,-0.12,-0.12,-0.12,0.0,0.0,0.0,0.0,1.0
51110.0,-32.6572,-22.5808,-6.751,1.153,16.245,5.611,0.073,0.004,0.034,-0.0,-0.0,0.0,-0.12,-0.12,-0.12,0.0,0.0,0.0,0.0,1.0
51118.0,-32.6423,-22.5024,-6.8142,1.524,16.604,6.145,0.069,-0.006,0.037,-0.0,-0.0,0.0,-0.12,-0.12,-0.12,0.0,0.0,0.0,0.0,1.0
51126.0,-32.6176,-22.4167,-6.876,1.415,16.869,6.41,0.071,-0.008,0.044,-0.0,-0.0,0.0,-0.12,-0.12,-0.12,0.0,0.0,0.0,0.0,1.0
51133.0,-32.5819,-22.3258,-6.9332,1.138,16.855,6.915,0.06,-0.006,0.034,-0.0,-0.0,0.0,-0.12,-0.12,-0.12,0.0,0.0,0.0,0.0,1.0
51141.0,-32.5356,-22.2235,-6.992,1.347,17.171,6.712,0.038,-0.014,0.033,0.0,-0.0,0.0,-0.12,-0.12,-0.12,0.0,0.0,0.0,0.0,1.0
51149.0,-32.4838,-22.1172,-7.0498,1.131,17.652,6.242,0.027,-0.017,0.029,0.0,-0.0,0.0,-0.12,-0.12,-0.12,0.0,0.0,0.0,0.0,1.0
51157.0,-32.4227,-21.9983,-7.1119,1.051,18.162,5.715,-0.003,-0.013,0.03,0.0,-0.0,0.0,-0.12,-0.12,-0.12,0.0,0.0,0.0,0.0,1.0
51165.0,-32.3642,-21.8818,-7.1739,0.716,19.073,4.726,-0.016,-0.007,0.036,0.0,-0.0,0.0,-0.12,-0.12,-0.12,0.0,0.0,0.0,0.0,1.0
51172.0,-32.3059,-21.7582,-7.2429,0.261,19.981,3.648,-0.039,-0.016,0.032,0.0,-0.0,0.0,-0.12,-0.12,-0.12,0.0,0.0,0.0,0.0,1.0
51180.0,-32.2414,-21.6291,-7.3119,0.001,20.548,2.401,-0.051,-0.023,0.028,-0.0,-0.0,0.0,-0.12,-0.12,-0.12,0.0,0.0,0.0,0.0,1.0
51188.0,-32.1798,-21.491,-7.3922,-0.124,21.576,0.665,-0.061,-0.034,0.03,-0.0,-0.0,0.0,-0.12,-0.12,-0.12,0.0,0.0,0.0,0.0,1.0
51196.0,-32.1283,-21.3547,-7.4796,-0.108,21.768,-0.698,-0.068,-0.031,0.016,-0.0,-0.0,0.0,-0.12,-0.12,-0.12,0.0,0.0,0.0,0.0,1.0
51203.0,-32.0889,-21.2209,-7.5752,-0.551,22.4,-1.621,-0.044,-0.016,-0.012,-0.0,-0.0,0.0,-0.12,-0.12,-0.12,0.0,0.0,0.0,0.0,1.0
51211.0,-32.0556,-21.0935,-7.67,-1.22,22.232,-2.048,-0.009,0.02,-0.042,-0.0,-0.0,0.0,-0.12,-0.12,-0.12,0.0,0.0,0.0,0.0,1.0
51219.0,-32.0287,-20.9614,-7.775,-1.377,22.955,-2.189,-0.008,0.023,-0.066,-0.0,-0.0,0.0,-0.12,-0.12,-0.12,0.0,0.0,0.0,0.0,1.0
51227.0,-32.0099,-20.8248,-7.8915,-1.008,23.308,-2.699,0.013,0.03,-0.086,-0.0,-0.0,0.0,-0.12,-0.12,-0.12,0.0,0.0,0.0,0.0,1.0
51234.0,-32.0,-20.6919,-8.0122,-0.447,23.147,-3.207,0.006,0.035,-0.088,-0.0,-0.0,0.0,-0.12,-0.12,-0.12,0.0,0.0,0.0,0.0,1.0
51242.0,-31.9999,-20.5584,-8.1421,-0.367,22.942,-2.982,0.013,0.055,-0.092,-0.0,-0.0,0.0,-0.12,-0.12,-0.12,0.0,0.0,0.0,0.0,1.0
51250.0,-31.999,-20.4287,-8.2677,0.025,22.424,-2.121,0.018,0.056,-0.086,-0.0,-0.0,-0.0,-0.12,-0.12,-0.12,0.0,0.0,0.0,0.0,1.0
51258.0,-31.9971,-20.3041,-8.3873,0.205,21.91,-1.687,0.016,0.08,-0.061,-0.0,-0.0,-0.0,-0.12,-0.12,-0.12,0.0,0.0,0.0,0.0,1.0
51266.0,-31.9958,-20.1889,-8.4984,0.526,21.234,-0.81,0.019,0.059,-0.042,-0.0,-0.0,-0.0,-0.12,-0.12,-0.12,0.0,0.0,0.0,0.0,1.0
51273.0,-31.9919,-20.0783,-8.6026,0.862,20.54,-0.036,0.014,0.041,-0.007,-0.0,-0.0,-0.0,-0.12,-0.12,-0.12,0.0,0.0,0.0,0.0,1.0
51281.0,-31.9883,-19.9719,-8.7031,0.658,19.431,1.271,-0.0,0.025,0.018,-0.0,0.0,-0.0,-0.12,-0.12,-0.12,0.0,0.0,0.0,0.0,1.0
51289.0,-31.9781,-19.8661,-8.7971,0.816,18.675,2.499,0.01,0.009,0.06,-0.0,0.0,-0.0,-0.12,-0.12,-0.12,0.0,0.0,0.0,0.0,1.0
51296.0,-31.9636,-19.7575,-8.8902,0.487,18.013,2.957,0.023,-0.016,0.077,-0.0,0.0,-0.0,-0.12,-0.12,-0.12,0.0,0.0,0.0,0.0,1.0
51304.0,-31.9378,-19.6579,-8.9644,1.055,17.274,3.34,0.001,-0.045,0.082,-0.0,-0.0,0.0,-0.12,-0.12,-0.12,0.0,0.0,0.0,0.0,1.0
51312.0,-31.9059,-19.5493,-9.0422,1.465,17.128,3.71,0.005,-0.057,0.086,-0.0,-0.0,0.0,-0.12,-0.12,-0.12,0.0,0.0,0.0,0.0,1.0
51320.0,-31.8618,-19.4464,-9.1036,1.27,16.815,3.482,0.002,-0.082,0.106,-0.0,-0.0,0.0,-0.12,-0.12,-0.12,0.0,0.0,0.0,0.0,1.0
51328.0,-31.8119,-19.3369,-9.1662,0.798,16.833,3.413,-0.007,-0.084,0.079,-0.0,-0.0,0.0,-0.12,-0.12,-0.12,0.0,0.0,0.0,0.0,1.0
51335.0,-31.7616,-19.2288,-9.2273,0.675,16.936,2.911,-0.007,-0.093,0.063,-0.0,-0.0,0.0,-0.12,-0.12,-0.12,0.0,0.0,0.0,0.0,1.0
51343.0,-31.7117,-19.1126,-9.2965,0.467,17.246,2.183,0.008,-0.061,0.051,-0.0,-0.0,0.0,-0.12,-0.12,-0.12,0.0,0.0,0.0,0.0,1.0
51351.0,-31.6658,-18.9926,-9.3729,0.493,17.491,1.39,0.016,-0.043,0.017,-0.0,-0.0,0.0,-0.12,-0.12,-0.12,0.0,0.0,0.0,0.0,1.0
51359.0,-31.6205,-18.8726,-9.45,0.662,17.42,0.453,-0.0,-0.001,-0.008,-0.0,-0.0,0.0,-0.12,-0.12,-0.12,0.0,0.0,0.0,0.0,1.0
51366.0,-31.5761,-18.7535,-9.5269,0.626,17.25,-0.497,0.002,0.019,-0.029,-0.0,-0.0,0.0,-0.12,-0.12,-0.12,0.0,0.0,0.0,0.0,1.0
51374.0,-31.5346,-18.6338,-9.607,0.432,16.982,-0.768,-0.008,0.063,-0.053,-0.0,-0.0,0.0,-0.12,-0.12,-0.12,0.0,0.0,0.0,0.0,1.0
51382.0,-31.4929,-18.5187,-9.6823,0.425,16.389,-1.536,-0.005,0.081,-0.069,-0.0,-0.0,0.0,-0.12,-0.12,-0.12,0.0,0.0,0.0,0.0,1.0
51390.0,-31.4592,-18.4098,-9.7587,0.314,16.216,-1.883,0.002,0.083,-0.092,-0.0,-0.0,0.0,-0.12,-0.12,-0.12,0.0,0.0,0.0,0.0,1.0
51398.0,-31.4362,-18.3069,-9.8387,-0.158,15.518,-1.979,-0.0,0.093,-0.074,-0.0,-0.0,0.0,-0.12,-0.12,-0.12,0.0,0.0,0.0,0.0,1.0
51406.0,-31.422,-18.2052,-9.9253,-0.066,15.099,-1.969,0.003,0.096,-0.072,-0.0,-0.0,0.0,-0.12,-0.12,-0.12,0.0,0.0,0.0,0.0,1.0
51414.0,-31.4123,-18.112,-10.0075,-0.103,14.806,-1.746,-0.002,0.053,-0.037,-0.0,0.0,0.0,-0.12,-0.12,-0.12,0.0,0.0,0.0,0.0,1.0
51421.0,-31.4017,-18.0242,-10.0837,0.232,13.804,-1.714,-0.001,0.044,-0.004,-0.0,0.0,0.0,-0.12,-0.12,-0.12,0.0,0.0,0.0,0.0,1.0
51429.0,-31.3959,-17.9422,-10.1584,0.343,13.392,-1.523,-0.009,0.005,0.001,-0.0,0.0,0.0,-0.12,-0.12,-0.12,0.0,0.0,0.0,0.0,1.0
51437.0,-31.389,-17.8743,-10.2184,0.576,12.636,-0.897,-0.012,-0.019,0.015,-0.0,0.0,0.0,-0.12,-0.12,-0.12,0.0,0.0,0.0,0.0,1.0
51444.0,-31.3848,-17.8109,-10.2765,0.438,12.046,-0.279,-0.011,-0.051,0.024,-0.0,0.0,0.0,-0.12,-0.12,-0.12,0.0,0.0,0.0,0.0,1.0
51452.0,-31.3778,-17.7537,-10.326,0.663,11.807,0.26,-0.01,-0.066,0.043,-0.0,-0.0,0.0,-0.12,-0.12,-0.12,0.0,0.0,0.0,0.0,1.0
51460.0,-31.3733,-17.6972,-10.377,0.716,11.504,0.821,-0.008,-0.068,0.039,-0.0,-0.0,0.0,-0.12,-0.12,-0.12,0.0,0.0,0.0,0.0,1.0
51468.0,-31.3663,-17.6426,-10.4242,0.611,11.707,1.457,-0.012,-0.087,0.029,-0.0,-0.0,0.0,-0.12,-0.12,-0.12,0.0,0.0,0.0,0.0,1.0
51476.0,-31.354,-17.589,-10.4654,0.687,11.629,1.985,-0.003,-0.068,0.011,-0.0,-0.0,0.0,-0.12,-0.12,-0.12,0.0,0.0,0.0,0.0,1.0
51484.0,-31.339,-17.5328,-10.507,0.727,11.602,2.391,-0.007,-0.05,-0.01,-0.0,-0.0,0.0,-0.12,-0.12,-0.12,0.0,0.0,0.0,0.0,1.0
51491.0,-31.3184,-17.4792,-10.5411,0.521,11.458,2.422,-0.001,-0.027,-0.018,-0.0,-0.0,0.0,-0.12,-0.12,-0.12,0.0,0.0,0.0,0.0,1.0
51499.0,-31.2943,-17.4208,-10.5767,0.627,11.562,2.528,0.014,0.001,-0.008,-0.0,-0.0,0.0,-0.12,-0.12,-0.12,0.0,0.0,0.0,0.0,1.0
51507.0,-31.2675,-17.3551,-10.6172,0.259,11.77,2.477,0.019,0.022,-0.024,-0.0,-0.0,0.0,-0.12,-0.12,-0.12,0.0,0.0,0.0,0.0,1.0
51515.0,-31.2376,-17.2864,-10.6577,0.515,11.93,2.379,0.005,0.036,-0.025,-0.0,-0.0,0.0,-0.12,-0.12,-0.12,0.0,0.0,0.0,0.0,1.0
51522.0,-31.2035,-17.2096,-10.7025,0.566,12.252,2.01,-0.001,0.052,-0.003,-0.0,-0.0,0.0,-0.12,-0.12,-0.12,0.0,0.0,0.0,0.0,1.0
51530.0,-31.1653,-17.133,-10.7436,0.683,12.402,1.641,0.012,0.051,0.002,-0.0,-0.0,0.0,-0.12,-0.12,-0.12,0.0,0.0,0.0,0.0,1.0
51538.0,-31.1279,-17.0599,-10.7817,0.779,12.542,1.092,0.003,0.039,-0.003,-0.0,-0.0,0.0,-0.12,-0.12,-0.12,0.0,0.0,0.0,0.0,1.0
51546.0,-31.0907,-16.9825,-10.8244,0.195,12.988,0.071,-0.005,0.045,0.007,-0.0,-0.0,0.0,-0.12,-0.12,-0.12,0.0,0.0,0.0,0.0,1.0
51553.0,-31.0598,-16.9099,-10.8679,0.352,13.154,0.066,0.004,0.013,0.02,-0.0,-0.0,0.0,-0.12,-0.12,-0.12,0.0,0.0,0.0,0.0,1.0
51561.0,-31.0341,-16.836,-10.9174,0.083,13.744,-0.465,0.001,0.0,0.021,-0.0,-0.0,0.0,-0.12,-0.12,-0.12,0.0,0.0,0.0,0.0,1.0
51569.0,-31.0086,-16.7601,-10.9687,0.07,14.148,-0.75,0.001,-0.035,0.02,-0.0,-0.0,0.0,-0.12,-0.12,-0.12,0.0,0.0,0.0,0.0,1.0
51577.0,-30.9851,-16.6833,-11.0229,0.34,14.377,-1.038,0.012,-0.025,-0.003,-0.0,-0.0,0.0,-0.12,-0.12,-0.12,0.0,0.0,0.0,0.0,1.0
51584.0,-30.9625,-16.6089,-11.0754,0.021,14.602,-1.156,0.009,-0.048,-0.008,-0.0,-0.0,0.0,-0.12,-0.12,-0.12,0.0,0.0,0.0,0.0,1.0
51592.0,-30.9432,-16.5322,-11.1331,0.147,15.06,-1.214,0.007,-0.044,-0.016,-0.0,-0.0,0.0,-0.12,-0.12,-0.12,0.0,0.0,0.0,0.0,1.0
51600.0,-30.926,-16.4548,-11.1934,0.089,15.213,-0.887,0.007,-0.038,-0.014,-0.0,-0.0,0.0,-0.12,-0.12,-0.12,0.0,0.0,0.0,0.0,1.0
51608.0,-30.9148,-16.3789,-11.2575,0.143,15.557,-0.973,0.009,-0.032,-0.019,-0.0,-0.0,0.0,-0.12,-0.12,-0.12,0.0,0.0,0.0,0.0,1.0
51616.0,-30.901,-16.2951,-11.3269,0.338,15.783,-0.659,0.0,-0.021,-0.022,-0.0,-0.0,0.0,-0.12,-0.12,-0.12,0.0,0.0,0.0,0.0,1.0
51623.0,-30.8872,-16.2132,-11.3946,0.348,16.222,-0.478,-0.013,0.009,-0.019,-0.0,-0.0,0.0,-0.12,-0.12,-0.12,0.0,0.0,0.0,0.0,1.0
51631.0,-30.8748,-16.1358,-11.4589,0.522,16.395,-0.303,-0.026,0.04,-0.019,-0.0,-0.0,0.0,-0.12,-0.12,-0.12,0.0,0.0,0.0,0.0,1.0
51639.0,-30.8603,-16.0567,-11.5233,0.574,16.808,0.285,-0.031,0.057,-0.013,-0.0,-0.0,0.0,-0.12,-0.12,-0.12,0.0,0.0,0.0,0.0,1.0
51646.0,-30.8435,-15.9743,-11.5888,0.385,17.129,0.781,-0.032,0.064,-0.004,-0.0,-0.0,0.0,-0.12,-0.12,-0.12,0.0,0.0,0.0,0.0,1.0
51654.0,-30.8266,-15.8875,-11.6584,0.579,17.571,0.88,-0.024,0.054,0.012,-0.0,-0.0,0.0,-0.12,-0.12,-0.12,0.0,0.0,0.0,0.0,1.0
51662.0,-30.8052,-15.7995,-11.7252,0.766,17.926,1.496,-0.034,0.042,0.006,-0.0,-0.0,0.0,-0.12,-0.12,-0.12,0.0,0.0,0.0,0.0,1.0
51670.0,-30.7801,-15.7083,-11.792,0.677,18.371,1.77,-0.03,0.024,0.034,-0.0,-0.0,0.0,-0.12,-0.12,-0.12,0.0,0.0,0.0,0.0,1.0
51677.0,-30.7527,-15.6133,-11.8604,0.773,18.862,1.918,-0.014,-0.01,0.025,-0.0,-0.0,0.0,-0.12,-0.12,-0.12,0.0,0.0,0.0,0.0,1.0
51685.0,-30.7152,-15.5146,-11.9236,0.651,19.228,2.201,-0.006,-0.026,0.029,-0.0,-0.0,0.0,-0.12,-0.12,-0.12,0.0,0.0,0.0,0.0,1.0
51693.0,-30.6792,-15.4125,-11.9912,0.613,19.735,2.364,0.01,-0.036,0.018,-0.0,-0.0,0.0,-0.12,-0.12,-0.12,0.0,0.0,0.0,0.0,1.0
51701.0,-30.6357,-15.3005,-12.0621,0.74,20.28,2.221,0.021,-0.06,0.013,-0.0,-0.0,0.0,-0.12,-0.12,-0.12,0.0,0.0,0.0,0.0,1.0
51708.0,-30.5909,-15.1876,-12.1325,0.328,20.883,2.135,0.03,-0.067,-0.001,-0.0,-0.0,0.0,-0.12,-0.12,-0.12,0.0,0.0,0.0,0.0,1.0
51716.0,-30.5475,-15.0686,-12.2102,0.347,21.608,2.343,0.052,-0.063,-0.006,-0.0,-0.0,0.0,-0.12,-0.12,-0.12,0.0,0.0,0.0,0.0,1.0
51724.0,-30.504,-14.9435,-12.2938,0.089,22.293,2.338,0.036,-0.04,-0.023,-0.0,-0.0,0.0,-0.12,-0.12,-0.12,0.0,0.0,0.0,0.0,1.0
51732.0,-30.4617,-14.8127,-12.3839,0.01,22.524,2.397,0.034,-0.021,-0.021,-0.0,-0.0,0.0,-0.12,-0.12,-0.12,0.0,0.0,0.0,0.0,1.0
51739.0,-30.4153,-14.6783,-12.4741,0.102,22.862,2.391,0.011,-0.005,-0.02,-0.0,-0.0,0.0,-0.12,-0.12,-0.12,0.0,0.0,0.0,0.0,1.0
51747.0,-30.366,-14.5405,-12.5648,0.302,23.323,1.73,-0.009,0.022,-0.022,-0.0,-0.0,0.0,-0.12,-0.12,-0.12,0.0,0.0,0.0,0.0,1.0
51755.0,-30.3189,-14.4027,-12.6576,0.478,23.326,2.079,-0.021,0.053,-0.001,-0.0,-0.0,0.0,-0.12,-0.12,-0.12,0.0,0.0,0.0,0.0,1.0
51763.0,-30.2735,-14.2583,-12.7583,0.357,23.282,2.033,-0.036,0.06,-0.017,-0.0,-0.0,0.0,-0.12,-0.12,-0.12,0.0,0.0,0.0,0.0,1.0
51771.0,-30.2274,-14.1171,-12.8552,0.292,23.238,2.247,-0.031,0.055,-0.01,-0.0,-0.0,0.0,-0.12,-0.12,-0.12,0.0,0.0,0.0,0.0,1.0
51778.0,-30.1781,-13.9719,-12.9532,0.468,23.329,2.51,-0.023,0.058,0.011,-0.0,-0.0,0.0,-0.12,-0.12,-0.12,0.0,0.0,0.0,0.0,1.0
51786.0,-30.1273,-13.8311,-13.0456,0.597,23.16,2.339,-0.041,0.051,0.021,-0.0,-0.0,0.0,-0.12,-0.12,-0.12,0.0,0.0,0.0,0.0,1.0
51794.0,-30.0761,-13.6879,-13.14,0.611,23.144,2.236,-0.014,0.041,0.032,-0.0,-0.0,0.0,-0.12,-0.12,-0.12,0.0,0.0,0.0,0.0,1.0
51802.0,-30.0251,-13.542,-13.2372,0.661,23.076,2.254,-0.004,0.016,0.036,-0.0,-0.0,0.0,-0.12,-0.12,-0.12,0.0,0.0,0.0,0.0,1.0
51809.0,-29.9747,-13.3988,-13.3323,0.341,23.002,2.438,0.012,-0.002,0.015,-0.0,-0.0,0.0,-0.12,-0.12,-0.12,0.0,0.0,0.0,0.0,1.0
51817.0,-29.9173,-13.2496,-13.4272,0.485,22.472,2.51,0.031,-0.027,0.018,-0.0,-0.0,0.0,-0.12,-0.12,-0.12,0.0,0.0,0.0,0.0,1.0
51825.0,-29.8614,-13.1062,-13.5175,0.763,22.315,2.179,0.037,-0.044,0.019,-0.0,-0.0,0.0,-0.12,-0.12,-0.12,0.0,0.0,0.0,0.0,1.0
51833.0,-29.7976,-12.955,-13.6087,0.815,22.12,2.327,0.051,-0.057,0.011,-0.0,-0.0,0.0,-0.12,-0.12,-0.12,0.0,0.0,0.0,0.0,1.0
51840.0,-29.7311,-12.8013,-13.6999,0.732,22.76,1.67,0.047,-0.074,-0.004,-0.0,-0.0,0.0,-0.12,-0.12,-0.12,0.0,0.0,0.0,0.0,1.0
51848.0,-29.6623,-12.6547,-13.7821,0.719,22.226,0.531,0.032,-0.04,0.002,0.0,-0.0,0.0,-0.12,-0.12,-0.12,0.0,0.0,0.0,0.0,1.0
51856.0,-29.5981,-12.5094,-13.8671,0.568,21.776,0.08,0.028,-0.039,0.014,0.0,-0.0,0.0,-0.12,-0.12,-0.12,0.0,0.0,0.0,0.0,1.0
51863.0,-29.5395,-12.3658,-13.9554,0.388,21.361,-0.164,0.018,0.006,-0.009,0.0,-0.0,0.0,-0.12,-0.12,-0.12,0.0,0.0,0.0,0.0,1.0
51871.0,-29.4861,-12.2164,-14.0539,0.212,21.101,-0.254,0.002,0.035,-0.015,0.0,-0.0,0.0,-0.12,-0.12,-0.12,0.0,0.0,0.0,0.0,1.0
51879.0,-29.444,-12.0711,-14.1583,-0.027,20.21,-0.285,-0.014,0.064,-0.006,0.0,-0.0,0.0,-0.12,-0.12,-0.12,0.0,0.0,0.0,0.0,1.0
51887.0,-29.4065,-11.9245,-14.2681,0.164,19.312,0.106,-0.031,0.097,-0.001,0.0,-0.0,0.0,-0.12,-0.12,-0.12,0.0,0.0,0.0,0.0,1.0
51895.0,-29.3688,-11.7895,-14.3664,0.655,18.393,0.218,-0.042,0.094,0.007,-0.0,-0.0,0.0,-0.12,-0.12,-0.12,0.0,0.0,0.0,0.0,1.0
51903.0,-29.3298,-11.6586,-14.4595,0.82,17.589,0.013,-0.065,0.092,0.007,-0.0,0.0,0.0,-0.12,-0.12,-0.12,0.0,0.0,0.0,0.0,1.0
51910.0,-29.2883,-11.5366,-14.5419,1.07,16.449,0.164,-0.063,0.058,0.011,-0.0,0.0,0.0,-0.12,-0.12,-0.12,0.0,0.0,0.0,0.0,1.0
51918.0,-29.2474,-11.4185,-14.6208,1.198,15.635,0.641,-0.047,0.038,0.001,-0.0,0.0,0.0,-0.12,-0.12,-0.12,0.0,0.0,0.0,0.0,1.0
51926.0,-29.2034,-11.3104,-14.6873,0.761,14.671,0.883,-0.017,0.006,0.007,-0.0,0.0,0.0,-0.12,-0.12,-0.12,0.0,0.0,0.0,0.0,1.0
51934.0,-29.1562,-11.2047,-14.7488,0.738,13.707,0.606,-0.017,-0.023,0.004,-0.0,0.0,0.0,-0.12,-0.12,-0.12,0.0,0.0,0.0,0.0,1.0
51941.0,-29.1128,-11.1077,-14.8051,0.976,12.971,0.473,0.006,-0.053,-0.005,-0.0,0.0,0.0,-0.12,-0.12,-0.12,0.0,0.0,0.0,0.0,1.0
51949.0,-29.075,-11.0194,-14.8578,1.023,12.249,0.094,0.026,-0.075,0.005,-0.0,-0.0,0.0,-0.12,-0.12,-0.12,0.0,0.0,0.0,0.0,1.0
51957.0,-29.0384,-10.9382,-14.9046,1.138,12.01,0.114,0.028,-0.091,-0.011,-0.0,-0.0,0.0,-0.12,-0.12,-0.12,0.0,0.0,0.0,0.0,1.0
51965.0,-29.0122,-10.8663,-14.9516,0.791,11.641,0.09,0.041,-0.085,0.007,-0.0,-0.0,0.0,-0.12,-0.12,-0.12,0.0,0.0,0.0,0.0,1.0
51973.0,-28.9895,-10.802,-14.9942,0.708,11.216,-0.249,0.053,-0.078,0.004,-0.0,-0.0,0.0,-0.12,-0.12,-0.12,0.0,0.0,0.0,0.0,1.0
51980.0,-28.9676,-10.7428,-15.0326,0.649,11.282,0.164,0.057,-0.062,0.002,-0.0,-0.0,0.0,-0.12,-0.12,-0.12,0.0,0.0,0.0,0.0,1.0
51988.0,-28.9412,-10.686,-15.0647,0.735,11.334,0.131,0.056,-0.035,0.003,0.0,-0.0,0.0,-0.12,-0.12,-0.12,0.0,0.0,0.0,0.0,1.0
51996.0,-28.9114,-10.6267,-15.0962,0.721,11.651,-0.067,0.058,-0.031,0.003,0.0,-0.0,0.0,-0.12,-0.12,-0.12,0.0,0.0,0.0,0.0,1.0
52003.0,-28.8865,-10.566,-15.1334,0.551,11.672,-0.13,0.033,0.005,0.001,0.0,-0.0,0.0,-0.12,-0.12,-0.12,0.0,0.0,0.0,0.0,1.0
52011.0,-28.864,-10.5059,-15.1722,0.437,11.909,-0.15,0.021,0.034,-0.007,0.0,-0.0,0.0,-0.12,-0.12,-0.12,0.0,0.0,0.0,0.0,1.0
52019.0,-28.8453,-10.4471,-15.213,0.343,12.069,0.098,0.0,0.052,0.008,0.0,-0.0,0.0,-0.12,-0.12,-0.12,0.0,0.0,0.0,0.0,1.0
52027.0,-28.8212,-10.3804,-15.2567,0.504,12.131,0.507,-0.029,0.055,-0.002,0.0,-0.0,0.0,-0.12,-0.12,-0.12,0.0,0.0,0.0,0.0,1.0
52035.0,-28.7995,-10.3171,-15.2993,0.36,12.532,0.564,-0.044,0.06,-0.004,0.0,-0.0,0.0,-0.12,-0.12,-0.12,0.0,0.0,0.0,0.0,1.0
52042.0,-28.7852,-10.2567,-15.3455,0.129,12.706,0.827,-0.045,0.057,0.016,0.0,-0.0,0.0,-0.12,-0.12,-0.12,0.0,0.0,0.0,0.0,1.0
52050.0,-28.7634,-10.1899,-15.3914,0.34,12.959,0.995,-0.045,0.046,-0.001,0.0,-0.0,0.0,-0.12,-0.12,-0.12,0.0,0.0,0.0,0.0,1.0
52058.0,-28.7367,-10.12,-15.436,0.474,13.115,0.807,-0.06,0.017,-0.001,-0.0,-0.0,0.0,-0.12,-0.12,-0.12,0.0,0.0,0.0,0.0,1.0
52066.0,-28.7067,-10.0458,-15.4819,0.509,13.236,0.756,-0.038,-0.006,-0.002,-0.0,-0.0,0.0,-0.12,-0.12,-0.12,0.0,0.0,0.0,0.0,1.0
52074.0,-28.6723,-9.9666,-15.5287,0.73,13.274,0.709,-0.023,-0.028,0.004,-0.0,-0.0,0.0,-0.12,-0.12,-0.12,0.0,0.0,0.0,0.0,1.0
52082.0,-28.6362,-9.8857,-15.5757,0.346,13.543,0.719,-0.017,-0.031,0.004,-0.0,-0.0,0.0,-0.12,-0.12,-0.12,0.0,0.0,0.0,0.0,1.0
52089.0,-28.6006,-9.8037,-15.6242,0.505,13.339,0.342,0.001,-0.032,0.01,-0.0,-0.0,0.0,-0.12,-0.12,-0.12,0.0,0.0,0.0,0.0,1.0
52097.0,-28.5609,-9.726,-15.6649,0.641,13.539,0.113,0.019,-0.036,-0.002,-0.0,-0.0,0.0,-0.12,-0.12,-0.12,0.0,0.0,0.0,0.0,1.0
52105.0,-28.5272,-9.6465,-15.7128,0.436,13.44,0.1,0.055,-0.03,-0.003,-0.0,-0.0,0.0,-0.12,-0.12,-0.12,0.0,0.0,0.0,0.0,1.0
52112.0,-28.4966,-9.5664,-15.7638,0.117,13.537,0.111,0.051,-0.02,0.004,-0.0,-0.0,0.0,-0.12,-0.12,-0.12,0.0,0.0,0.0,0.0,1.0
52120.0,-28.4679,-9.4834,-15.8193,0.471,13.475,0.135,0.044,0.0,0.007,0.0,-0.0,0.0,-0.12,-0.12,-0.12,0.0,0.0,0.0,0.0,1.0
52128.0,-28.4413,-9.4006,-15.8766,0.314,13.221,0.227,0.035,0.016,0.002,0.0,-0.0,0.0,-0.12,-0.12,-0.12,0.0,0.0,0.0,0.0,1.0
52136.0,-28.4194,-9.3245,-15.9314,0.688,13.297,0.302,0.026,0.028,0.006,0.0,-0.0,0.0,-0.12,-0.12,-0.12,0.0,0.0,0.0,0.0,1.0
52144.0,-28.3927,-9.244,-15.9863,0.828,13.136,0.744,0.004,0.023,0.009,0.0,-0.0,0.0,-0.12,-0.12,-0.12,0.0,0.0,0.0,0.0,1.0
52152.0,-28.3666,-9.169,-16.0364,0.528,12.939,1.239,0.001,0.029,-0.0,0.0,-0.0,0.0,-0.12,-0.12,-0.12,0.0,0.0,0.0,0.0,1.0
52159.0,-28.3409,-9.0918,-16.0889,0.283,13.047,1.691,-0.018,0.028,0.011,0.0,-0.0,0.0,-0.12,-0.12,-0.12,0.0,0.0,0.0,0.0,1.0
52167.0,-28.3147,-9.0154,-16.1403,0.012,12.903,1.892,-0.029,0.026,0.003,0.0,-0.0,0.0,-0.12,-0.12,-0.12,0.0,0.0,0.0,0.0,1.0
52175.0,-28.281,-8.9399,-16.1842,0.033,12.782,2.203,-0.034,0.028,0.007,0.0,-0.0,0.0,-0.12,-0.12,-0.12,0.0,0.0,0.0,0.0,1.0
52182.0,-28.2414,-8.8612,-16.226,-0.057,12.746,1.908,-0.03,0.004,-0.004,-0.0,-0.0,0.0,-0.12,-0.12,-0.12,0.0,0.0,0.0,0.0,1.0
52190.0,-28.1984,-8.7808,-16.2664,0.187,12.768,1.327,-0.037,-0.017,0.002,-0.0,-0.0,0.0,-0.12,-0.12,-0.12,0.0,0.0,0.0,0.0,1.0
52198.0,-28.152,-8.6982,-16.306,0.673,12.709,1.009,-0.041,-0.028,0.001,-0.0,-0.0,0.0,-0.12,-0.12,-0.12,0.0,0.0,0.0,0.0,1.0
52206.0,-28.1124,-8.6199,-16.3474,0.322,12.659,0.355,-0.027,-0.037,0.003,-0.0,-0.0,0.0,-0.12,-0.12,-0.12,0.0,0.0,0.0,0.0,1.0
52214.0,-28.0717,-8.5364,-16.3929,-0.044,12.41,0.021,0.003,-0.037,-0.002,-0.0,-0.0,0.0,-0.12,-0.12,-0.12,0.0,0.0,0.0,0.0,1.0
52221.0,-28.0298,-8.4548,-16.4355,0.263,12.288,0.157,0.01,-0.034,-0.005,-0.0,-0.0,0.0,-0.12,-0.12,-0.12,0.0,0.0,0.0,0.0,1.0
52229.0,-27.9935,-8.3722,-16.484,0.052,12.25,-0.226,0.016,-0.038,-0.004,-0.0,-0.0,0.0,-0.12,-0.12,-0.12,0.0,0.0,0.0,0.0,1.0
52237.0,-27.9636,-8.293,-16.5348,0.289,11.816,-0.662,0.021,-0.017,-0.009,-0.0,-0.0,0.0,-0.12,-0.12,-0.12,0.0,0.0,0.0,0.0,1.0
52245.0,-27.9382,-8.217,-16.5864,0.382,11.309,-0.565,0.03,0.0,0.014,-0.0,-0.0,0.0,-0.12,-0.12,-0.12,0.0,0.0,0.0,0.0,1.0
52252.0,-27.9132,-8.1456,-16.634,0.666,11.048,-0.483,0.028,0.021,-0.004,-0.0,-0.0,0.0,-0.12,-0.12,-0.12,0.0,0.0,0.0,0.0,1.0
52260.0,-27.8919,-8.078,-16.6811,0.425,10.827,-0.445,0.026,0.031,-0.002,0.0,-0.0,0.0,-0.12,-0.12,-0.12,0.0,0.0,0.0,0.0,1.0
52268.0,-27.8704,-8.0137,-16.7248,0.629,10.408,0.085,0.016,0.033,0.006,0.0,-0.0,0.0,-0.12,-0.12,-0.12,0.0,0.0,0.0,0.0,1.0
52275.0,-27.848,-7.9466,-16.7704,0.217,10.125,0.146,0.009,0.042,0.002,0.0,-0.0,0.0,-0.12,-0.12,-0.12,0.0,0.0,0.0,0.0,1.0
52283.0,-27.8224,-7.8787,-16.814,0.352,9.981,0.26,-0.012,0.04,-0.004,0.0,-0.0,0.0,-0.12,-0.12,-0.12,0.0,0.0,0.0,0.0,1.0
52291.0,-27.7991,-7.8135,-16.857,0.735,9.627,0.336,-0.026,0.038,-0.0,0.0,-0.0,0.0,-0.12,-0.12,-0.12,0.0,0.0,0.0,0.0,1.0
52299.0,-27.7751,-7.7547,-16.8931,0.388,9.215,0.355,-0.017,0.015,0.012,0.0,-0.0,0.0,-0.12,-0.12,-0.12,0.0,0.0,0.0,0.0,1.0
52307.0,-27.7484,-7.6943,-16.9285,0.424,9.121,0.52,-0.038,0.011,0.006,-0.0,-0.0,0.0,-0.12,-0.12,-0.12,0.0,0.0,0.0,0.0,1.0
52314.0,-27.7207,-7.6349,-16.962,0.432,8.734,0.477,-0.026,0.003,0.003,-0.0,-0.0,0.0,-0.12,-0.12,-0.12,0.0,0.0,0.0,0.0,1.0
52322.0,-27.6932,-7.5767,-16.9944,0.277,8.438,0.612,-0.012,-0.01,0.006,-0.0,-0.0,0.0,-0.12,-0.12,-0.12,0.0,0.0,0.0,0.0,1.0
52330.0,-27.669,-7.5258,-17.0227,0.371,8.233,0.407,-0.014,-0.023,-0.004,-0.0,-0.0,0.0,-0.12,-0.12,-0.12,0.0,0.0,0.0,0.0,1.0
52338.0,-27.6445,-7.4751,-17.0504,0.28,7.937,0.371,0.006,-0.033,-0.004,-0.0,-0.0,0.0,-0.12,-0.12,-0.12,0.0,0.0,0.0,0.0,1.0
52345.0,-27.621,-7.4219,-17.0817,0.025,7.864,0.383,0.015,-0.027,0.001,-0.0,-0.0,0.0,-0.12,-0.12,-0.12,0.0,0.0,0.0,0.0,1.0
52353.0,-27.5966,-7.3691,-17.1116,0.075,7.624,0.574,0.034,-0.035,0.002,-0.0,-0.0,0.0,-0.12,-0.12,-0.12,0.0,0.0,0.0,0.0,1.0
52361.0,-27.5714,-7.3172,-17.1399,0.134,7.212,0.506,0.047,-0.017,-0.007,0.0,-0.0,0.0,-0.12,-0.12,-0.12,0.0,0.0,0.0,0.0,1.0
52369.0,-27.5467,-7.2644,-17.1696,0.067,6.686,0.151,0.033,0.009,-0.005,0.0,-0.0,0.0,-0.12,-0.12,-0.12,0.0,0.0,0.0,0.0,1.0
52377.0,-27.5251,-7.2138,-17.1999,0.466,6.401,0.038,0.03,0.02,0.001,0.0,-0.0,0.0,-0.12,-0.12,-0.12,0.0,0.0,0.0,0.0,1.0
52384.0,-27.5083,-7.1697,-17.2281,0.277,5.786,-0.32,0.015,0.036,0.005,0.0,-0.0,0.0,-0.12,-0.12,-0.12,0.0,0.0,0.0,0.0,1.0
52392.0,-27.4907,-7.1295,-17.2517,0.441,4.962,0.236,0.015,0.024,-0.006,0.0,-0.0,0.0,-0.12,-0.12,-0.12,0.0,0.0,0.0,0.0,1.0
52400.0,-27.4784,-7.095,-17.2745,0.259,4.588,-0.053,0.002,0.03,-0.004,0.0,-0.0,0.0,-0.12,-0.12,-0.12,0.0,0.0,0.0,0.0,1.0
52407.0,-27.4662,-7.0647,-17.2933,0.253,4.131,0.094,-0.007,0.027,0.001,0.0,-0.0,0.0,-0.12,-0.12,-0.12,0.0,0.0,0.0,0.0,1.0
52415.0,-27.4541,-7.035,-17.3115,0.276,3.899,-0.226,-0.017,0.01,-0.001,0.0,-0.0,0.0,-0.12,-0.12,-0.12,0.0,0.0,0.0,0.0,1.0
52423.0,-27.4444,-7.0077,-17.3296,0.425,3.652,-0.128,-0.024,0.006,0.005,0.0,-0.0,0.0,-0.12,-0.12,-0.12,0.0,0.0,0.0,0.0,1.0
52431.0,-27.4388,-6.9847,-17.3471,0.128,3.215,-0.134,-0.014,-0.012,0.006,0.0,-0.0,0.0,-0.12,-0.12,-0.12,0.0,0.0,0.0,0.0,1.0
52439.0,-27.429,-6.9639,-17.3587,0.257,2.959,-0.218,-0.015,-0.027,0.005,0.0,-0.0,0.0,-0.12,-0.12,-0.12,0.0,0.0,0.0,0.0,1.0
52447.0,-27.4226,-6.9503,-17.3663,0.271,2.639,-0.019,-0.004,-0.027,0.006,0.0,-0.0,0.0,-0.12,-0.12,-0.12,0.0,0.0,0.0,0.0,1.0
52454.0,-27.4159,-6.9405,-17.3699,0.13,2.584,-0.246,-0.004,-0.035,0.006,0.0,-0.0,0.0,-0.12,-0.12,-0.12,0.0,0.0,0.0,0.0,1.0
52462.0,-27.4114,-6.9375,-17.3689,0.371,2.457,0.061,-0.004,-0.032,-0.006,0.0,-0.0,0.0,-0.12,-0.12,-0.12,0.0,0.0,0.0,0.0,1.0
52470.0,-27.4095,-6.9314,-17.3732,0.236,2.642,-0.097,-0.003,-0.026,0.0,0.0,-0.0,0.0,-0.12,-0.12,-0.12,0.0,0.0,0.0,0.0,1.0
52477.0,-27.4082,-6.93,-17.3734,0.257,2.778,-0.045,0.006,-0.021,0.008,0.0,-0.0,0.0,-0.12,-0.12,-0.12,0.0,0.0,0.0,0.0,1.0
52485.0,-27.407,-6.9265,-17.3758,0.248,3.035,0.127,-0.022,-0.015,-0.01,0.0,-0.0,0.0,-0.12,-0.12,-0.12,0.0,0.0,0.0,0.0,1.0
52493.0,-27.4058,-6.9189,-17.3822,0.268,3.517,-0.166,-0.005,-0.012,0.001,0.0,-0.0,0.0,-0.12,-0.12,-0.12,0.0,0.0,0.0,0.0,1.0
52501.0,-27.3996,-6.9089,-17.3864,0.09,3.753,-0.014,0.004,-0.013,0.013,0.0,-0.0,0.0,-0.12,-0.12,-0.12,0.0,0.0,0.0,0.0,1.0
52508.0,-27.3954,-6.9011,-17.3902,-0.031,3.878,-0.232,-0.002,0.007,0.004,0.0,-0.0,0.0,-0.12,-0.12,-0.12,0.0,0.0,0.0,0.0,1.0
52517.0,-27.3893,-6.8897,-17.396,-0.024,4.16,-0.206,0.005,0.008,0.012,0.0,-0.0,0.0,-0.12,-0.12,-0.12,0.0,0.0,0.0,0.0,1.0
52524.0,-27.3832,-6.8747,-17.4053,0.102,4.575,-0.22,0.007,0.027,-0.006,0.0,-0.0,0.0,-0.12,-0.12,-0.12,0.0,0.0,0.0,0.0,1.0
52532.0,-27.3788,-6.8611,-17.4147,0.058,4.753,-0.04,-0.007,0.025,-0.009,0.0,-0.0,0.0,-0.12,-0.12,-0.12,0.0,0.0,0.0,0.0,1.0
52540.0,-27.3776,-6.8448,-17.4295,0.049,5.182,-0.04,0.019,0.023,0.003,0.0,-0.0,0.0,-0.12,-0.12,-0.12,0.0,0.0,0.0,0.0,1.0
52547.0,-27.3738,-6.8245,-17.4458,-0.017,5.179,0.131,0.021,-0.004,-0.017,0.0,-0.0,0.0,-0.12,-0.12,-0.12,0.0,0.0,0.0,0.0,1.0
52555.0,-27.368,-6.805,-17.4597,-0.011,5.591,0.027,0.019,-0.013,-0.001,0.0,-0.0,0.0,-0.12,-0.12,-0.12,0.0,0.0,0.0,0.0,1.0
52563.0,-27.3607,-6.7796,-17.4781,-0.026,5.607,0.13,0.018,-0.018,-0.001,0.0,-0.0,0.0,-0.12,-0.12,-0.12,0.0,0.0,0.0,0.0,1.0
52571.0,-27.3458,-6.7484,-17.4954,-0.049,6.054,0.233,0.015,-0.02,-0.001,0.0,-0.0,0.0,-0.12,-0.12,-0.12,0.0,0.0,0.0,0.0,1.0
52578.0,-27.3357,-6.7147,-17.5193,0.021,6.124,0.303,-0.016,-0.02,-0.002,0.0,-0.0,0.0,-0.12,-0.12,-0.12,0.0,0.0,0.0,0.0,1.0
52586.0,-27.3214,-6.6777,-17.5427,0.191,6.231,0.238,-0.014,-0.03,0.0,0.0,-0.0,0.0,-0.12,-0.12,-0.12,0.0,0.0,0.0,0.0,1.0
52594.0,-27.3067,-6.6418,-17.5648,0.311,6.103,0.456,-0.046,-0.007,0.004,0.0,-0.0,0.0,-0.12,-0.12,-0.12,0.0,0.0,0.0,0.0,1.0
52602.0,-27.2882,-6.5991,-17.59,0.275,5.94,0.55,-0.047,0.001,0.016,0.0,-0.0,0.0,-0.12,-0.12,-0.12,0.0,0.0,0.0,0.0,1.0
52609.0,-27.2695,-6.5574,-17.6142,0.389,5.83,0.44,-0.035,0.024,0.005,-0.0,-0.0,0.0,-0.12,-0.12,-0.12,0.0,0.0,0.0,0.0,1.0
52617.0,-27.2493,-6.5168,-17.6359,0.319,5.502,0.628,-0.047,0.019,0.007,-0.0,-0.0,0.0,-0.12,-0.12,-0.12,0.0,0.0,0.0,0.0,1.0
52625.0,-27.2256,-6.4786,-17.6524,-0.14,5.459,0.499,-0.037,0.025,-0.003,-0.0,-0.0,0.0,-0.12,-0.12,-0.12,0.0,0.0,0.0,0.0,1.0
52633.0,-27.2026,-6.4386,-17.671,0.039,5.308,0.261,-0.009,0.035,-0.005,-0.0,-0.0,0.0,-0.12,-0.12,-0.12,0.0,0.0,0.0,0.0,1.0
52641.0,-27.1834,-6.3997,-17.6921,0.262,5.063,-0.243,-0.017,0.014,-0.002,-0.0,-0.0,0.0,-0.12,-0.12,-0.12,0.0,0.0,0.0,0.0,1.0
52648.0,-27.1659,-6.362,-17.7133,0.257,4.951,-0.442,-0.003,0.006,0.0,-0.0,-0.0,0.0,-0.12,-0.12,-0.12,0.0,0.0,0.0,0.0,1.0
52656.0,-27.1525,-6.327,-17.7357,0.116,4.897,-0.669,0.016,-0.012,0.0,-0.0,-0.0,0.0,-0.12,-0.12,-0.12,0.0,0.0,0.0,0.0,1.0
52664.0,-27.1464,-6.3005,-17.756,0.144,4.604,-0.617,0.028,-0.018,0.008,-0.0,-0.0,0.0,-0.12,-0.12,-0.12,0.0,0.0,0.0,0.0,1.0
52672.0,-27.1433,-6.2722,-17.7809,0.278,4.287,-0.33,0.04,-0.041,-0.004,-0.0,-0.0,0.0,-0.12,-0.12,-0.12,0.0,0.0,0.0,0.0,1.0
52679.0,-27.1395,-6.2493,-17.7998,0.277,4.071,-0.115,0.038,-0.039,-0.01,-0.0,-0.0,0.0,-0.12,-0.12,-0.12,0.0,0.0,0.0,0.0,1.0
52687.0,-27.1355,-6.2236,-17.8213,0.253,4.347,0.16,0.032,-0.046,-0.006,0.0,-0.0,0.0,-0.12,-0.12,-0.12,0.0,0.0,0.0,0.0,1.0
52695.0,-27.1291,-6.1971,-17.8415,0.231,4.165,0.15,0.034,-0.026,0.01,0.0,-0.0,0.0,-0.12,-0.12,-0.12,0.0,0.0,0.0,0.0,1.0
52702.0,-27.1204,-6.1761,-17.8544,0.146,3.939,0.355,0.03,-0.02,-0.0,0.0,-0.0,0.0,-0.12,-0.12,-0.12,0.0,0.0,0.0,0.0,1.0
52710.0,-27.1046,-6.1489,-17.8669,0.252,3.829,0.677,0.0,-0.008,-0.001,0.0,-0.0,0.0,-0.12,-0.12,-0.12,0.0,0.0,0.0,0.0,1.0
52718.0,-27.0869,-6.1224,-17.8771,0.276,3.554,0.402,-0.012,0.02,-0.009,0.0,-0.0,0.0,-0.12,-0.12,-0.12,0.0,0.0,0.0,0.0,1.0
52726.0,-27.0704,-6.0948,-17.8895,0.15,3.267,0.287,-0.025,0.034,-0.002,0.0,-0.0,0.0,-0.12,-0.12,-0.12,0.0,0.0,0.0,0.0,1.0
52734.0,-27.0563,-6.0741,-17.8973,-0.125,2.926,0.377,-0.031,0.063,-0.013,0.0,-0.0,0.0,-0.12,-0.12,-0.12,0.0,0.0,0.0,0.0,1.0
52742.0,-27.0423,-6.0483,-17.91,-0.116,2.711,0.162,-0.034,0.067,-0.017,0.0,-0.0,0.0,-0.12,-0.12,-0.12,0.0,0.0,0.0,0.0,1.0
52750.0,-27.032,-6.0252,-17.9235,-0.298,2.337,-0.126,-0.034,0.059,-0.009,-0.0,-0.0,0.0,-0.12,-0.12,-0.12,0.0,0.0,0.0,0.0,1.0
52757.0,-27.0273,-6.004,-17.94,0.121,1.933,0.071,-0.041,0.043,-0.007,-0.0,-0.0,0.0,-0.12,-0.12,-0.12,0.0,0.0,0.0,0.0,1.0
52765.0,-27.0257,-5.9869,-17.9553,-0.121,1.842,-0.02,-0.025,0.027,-0.014,-0.0,-0.0,0.0,-0.12,-0.12,-0.12,0.0,0.0,0.0,0.0,1.0
52773.0,-27.0238,-5.9731,-17.967,-0.063,1.128,0.213,-0.019,0.001,0.001,-0.0,-0.0,0.0,-0.12,-0.12,-0.12,0.0,0.0,0.0,0.0,1.0
52781.0,-27.0236,-5.9627,-17.9769,0.15,0.796,0.226,-0.001,-0.015,0.001,-0.0,-0.0,0.0,-0.12,-0.12,-0.12,0.0,0.0,0.0,0.0,1.0
52788.0,-27.0204,-5.9557,-17.9809,0.159,0.408,0.182,0.01,-0.036,-0.001,-0.0,-0.0,0.0,-0.12,-0.12,-0.12,0.0,0.0,0.0,0.0,1.0
52796.0,-27.0179,-5.9491,-17.9852,0.067,-0.188,0.448,0.014,-0.06,0.001,-0.0,-0.0,0.0,-0.12,-0.12,-0.12,0.0,0.0,0.0,0.0,1.0
52804.0,-27.0157,-5.9442,-17.988,0.131,-0.574,0.665,0.025,-0.05,-0.004,-0.0,-0.0,0.0,-0.12,-0.12,-0.12,0.0,0.0,0.0,0.0,1.0
52812.0,-27.0138,-5.9439,-17.9866,-0.01,-1.016,0.826,0.039,-0.043,0.001,-0.0,-0.0,0.0,-0.12,-0.12,-0.12,0.0,0.0,0.0,0.0,1.0
52820.0,-27.0091,-5.9434,-17.9829,-0.036,-1.309,0.618,0.023,-0.037,-0.006,0.0,-0.0,0.0,-0.12,-0.12,-0.12,0.0,0.0,0.0,0.0,1.0
52827.0,-27.0035,-5.9431,-17.9784,0.094,-1.478,0.448,0.017,-0.028,0.005,0.0,-0.0,0.0,-0.12,-0.12,-0.12,0.0,0.0,0.0,0.0,1.0
52835.0,-27.0035,-5.9514,-17.9703,0.111,-2.038,0.147,-0.008,0.014,-0.004,0.0,-0.0,0.0,-0.12,-0.12,-0.12,0.0,0.0,0.0,0.0,1.0
52843.0,-27.0029,-5.9628,-17.9587,0.114,-2.366,-0.267,-0.017,0.034,-0.003,0.0,-0.0,0.0,-0.12,-0.12,-0.12,0.0,0.0,0.0,0.0,1.0
52850.0,-27.0077,-5.9825,-17.9437,0.109,-2.392,-0.552,-0.022,0.038,-0.013,-0.0,-0.0,0.0,-0.12,-0.12,-0.12,0.0,0.0,0.0,0.0,1.0
52858.0,-27.0116,-6.0035,-17.9267,0.01,-2.818,-0.026,-0.022,0.048,0.014,-0.0,-0.0,0.0,-0.12,-0.12,-0.12,0.0,0.0,0.0,0.0,1.0
52866.0,-27.0223,-6.0267,-17.9135,-0.395,-2.559,-0.198,-0.031,0.054,0.008,-0.0,-0.0,0.0,-0.12,-0.12,-0.12,0.0,0.0,0.0,0.0,1.0
52874.0,-27.0333,-6.049,-17.9015,-0.046,-2.864,-0.243,-0.019,0.043,-0.001,-0.0,-0.0,0.0,-0.12,-0.12,-0.12,0.0,0.0,0.0,0.0,1.0
52882.0,-27.0488,-6.0724,-17.8923,-0.047,-2.951,-0.158,-0.009,0.02,-0.01,-0.0,-0.0,0.0,-0.12,-0.12,-0.12,0.0,0.0,0.0,0.0,1.0
52889.0,-27.0585,-6.0932,-17.8806,0.094,-2.897,0.07,-0.018,-0.006,-0.013,-0.0,-0.0,0.0,-0.12,-0.12,-0.12,0.0,0.0,0.0,0.0,1.0
52897.0,-27.0758,-6.117,-17.8726,0.008,-2.994,0.145,-0.002,-0.027,0.006,-0.0,-0.0,0.0,-0.12,-0.12,-0.12,0.0,0.0,0.0,0.0,1.0
52905.0,-27.0836,-6.1391,-17.8579,-0.007,-3.15,0.421,0.005,-0.035,0.004,-0.0,-0.0,0.0,-0.12,-0.12,-0.12,0.0,0.0,0.0,0.0,1.0
52912.0,-27.0905,-6.1601,-17.8436,0.213,-3.327,0.589,0.003,-0.045,-0.011,-0.0,-0.0,0.0,-0.12,-0.12,-0.12,0.0,0.0,0.0,0.0,1.0
52920.0,-27.0993,-6.1875,-17.8246,-0.033,-3.575,0.343,0.011,-0.051,-0.01,-0.0,-0.0,0.0,-0.12,-0.12,-0.12,0.0,0.0,0.0,0.0,1.0
52928.0,-27.1082,-6.2137,-17.807,-0.174,-3.501,-0.014,0.018,-0.035,0.011,-0.0,-0.0,0.0,-0.12,-0.12,-0.12,0.0,0.0,0.0,0.0,1.0
52936.0,-27.1137,-6.2419,-17.7844,0.153,-3.443,0.131,0.016,-0.038,0.001,-0.0,-0.0,0.0,-0.12,-0.12,-0.12,0.0,0.0,0.0,0.0,1.0
52944.0,-27.1218,-6.2701,-17.764,0.534,-3.256,0.407,0.013,-0.01,-0.018,-0.0,-0.0,0.0,-0.12,-0.12,-0.12,0.0,0.0,0.0,0.0,1.0
52951.0,-27.1364,-6.2991,-17.7486,-0.951,-3.563,-0.762,0.013,-0.004,0.019,-0.0,-0.0,0.0,-0.12,-0.12,-0.12,0.0,0.0,0.0,0.0,1.0
52959.0,-27.1459,-6.3316,-17.7253,-0.386,-3.217,0.018,0.021,0.01,0.006,-0.0,-0.0,0.0,-0.12,-0.12,-0.12,0.0,0.0,0.0,0.0,1.0
52967.0,-27.1576,-6.3594,-17.7086,0.591,-3.086,0.495,-0.01,0.012,-0.029,-0.0,-0.0,0.0,-0.12,-0.12,-0.12,0.0,0.0,0.0,0.0,1.0
52975.0,-27.1812,-6.3878,-17.7017,-0.729,-2.786,-0.499,-0.007,0.022,0.008,-0.0,-0.0,0.0,-0.12,-0.12,-0.12,0.0,0.0,0.0,0.0,1.0
52982.0,-27.1963,-6.4158,-17.6877,-0.256,-2.865,0.373,0.016,0.016,0.003,-0.0,-0.0,0.0,-0.12,-0.12,-0.12,0.0,0.0,0.0,0.0,1.0
52990.0,-27.2132,-6.4457,-17.6735,0.189,-2.676,0.476,-0.001,0.013,-0.01,-0.0,-0.0,0.0,-0.12,-0.12,-0.12,0.0,0.0,0.0,0.0,1.0
52998.0,-27.2259,-6.4664,-17.6645,-0.216,-1.943,-0.171,-0.007,0.006,0.014,-0.0,-0.0,0.0,-0.12,-0.12,-0.12,0.0,0.0,0.0,0.0,1.0
53006.0,-27.2345,-6.4882,-17.6508,0.49,-2.086,0.637,-0.02,-0.005,-0.013,-0.0,-0.0,0.0,-0.12,-0.12,-0.12,0.0,0.0,0.0,0.0,1.0
53014.0,-27.243,-6.5072,-17.6397,-0.126,-1.995,0.21,-0.011,0.004,0.005,-0.0,-0.0,0.0,-0.12,-0.12,-0.12,0.0,0.0,0.0,0.0,1.0
53021.0,-27.2446,-6.5271,-17.6218,-0.479,-1.805,0.058,-0.001,-0.015,0.01,-0.0,-0.0,0.0,-0.12,-0.12,-0.12,0.0,0.0,0.0,0.0,1.0
53029.0,-27.2418,-6.5415,-17.6054,0.414,-1.728,0.568,-0.013,-0.015,-0.018,-0.0,-0.0,0.0,-0.12,-0.12,-0.12,0.0,0.0,0.0,0.0,1.0
53037.0,-27.2484,-6.5576,-17.5954,0.117,-1.389,-0.215,-0.004,-0.022,0.004,-0.0,-0.0,0.0,-0.12,-0.12,-0.12,0.0,0.0,0.0,0.0,1.0
53045.0,-27.2487,-6.5678,-17.5858,-0.486,-1.074,-0.243,0.008,-0.02,0.003,-0.0,-0.0,0.0,-0.12,-0.12,-0.12,0.0,0.0,0.0,0.0,1.0
53052.0,-27.2504,-6.5798,-17.5756,0.151,-0.898,0.106,-0.008,-0.003,-0.023,-0.0,-0.0,0.0,-0.12,-0.12,-0.12,0.0,0.0,0.0,0.0,1.0
53060.0,-27.2595,-6.5886,-17.575,-0.322,-1.037,-0.551,0.012,-0.009,0.003,-0.0,-0.0,0.0,-0.12,-0.12,-0.12,0.0,0.0,0.0,0.0,1.0
53068.0,-27.2697,-6.602,-17.571,-0.231,-0.916,-0.342,0.011,-0.0,-0.003,-0.0,-0.0,0.0,-0.12,-0.12,-0.12,0.0,0.0,0.0,0.0,1.0
53076.0,-27.274,-6.6131,-17.564,0.13,-0.694,-0.292,0.003,0.006,-0.003,-0.0,-0.0,0.0,-0.12,-0.12,-0.12,0.0,0.0,0.0,0.0,1.0
53084.0,-27.284,-6.6282,-17.558,-0.041,-0.716,-0.312,0.004,0.002,-0.001,-0.0,-0.0,0.0,-0.12,-0.12,-0.12,0.0,0.0,0.0,0.0,1.0
53091.0,-27.2935,-6.6409,-17.554,-0.135,-0.469,-0.151,0.017,0.01,-0.005,-0.0,-0.0,0.0,-0.12,-0.12,-0.12,0.0,0.0,0.0,0.0,1.0
53099.0,-27.2998,-6.65,-17.5507,-0.074,-0.27,0.222,0.006,0.006,-0.005,-0.0,-0.0,0.0,-0.12,-0.12,-0.12,0.0,0.0,0.0,0.0,1.0
53107.0,-27.3036,-6.6557,-17.5485,-0.429,0.093,-0.105,0.014,-0.005,-0.004,-0.0,-0.0,0.0,-0.12,-0.12,-0.12,0.0,0.0,0.0,0.0,1.0
53114.0,-27.3052,-6.6609,-17.5449,0.117,0.318,-0.137,0.006,-0.006,0.003,0.0,-0.0,0.0,-0.12,-0.12,-0.12,0.0,0.0,0.0,0.0,1.0
53122.0,-27.3035,-6.6597,-17.5445,-0.076,0.66,0.032,-0.005,-0.015,0.001,0.0,-0.0,0.0,-0.12,-0.12,-0.12,0.0,0.0,0.0,0.0,1.0
53130.0,-27.3037,-6.6599,-17.5445,-0.026,0.505,0.137,0.003,-0.017,-0.0,0.0,-0.0,0.0,-0.12,-0.12,-0.12,0.0,0.0,0.0,0.0,1.0
53138.0,-27.3038,-6.6575,-17.547,-0.281,0.603,-0.024,-0.001,0.001,-0.006,0.0,-0.0,0.0,-0.12,-0.12,-0.12,0.0,0.0,0.0,0.0,1.0
53146.0,-27.3001,-6.6537,-17.5473,0.045,0.79,-0.008,-0.003,-0.002,0.007,-0.0,-0.0,0.0,-0.12,-0.12,-0.12,0.0,0.0,0.0,0.0,1.0
53153.0,-27.2937,-6.647,-17.5483,0.031,0.721,0.182,-0.014,0.02,0.01,-0.0,-0.0,0.0,-0.12,-0.12,-0.12,0.0,0.0,0.0,0.0,1.0
53161.0,-27.2924,-6.6423,-17.5517,0.039,0.678,-0.207,-0.011,0.011,0.002,-0.0,-0.0,0.0,-0.12,-0.12,-0.12,0.0,0.0,0.0,0.0,1.0
53169.0,-27.2927,-6.6384,-17.5557,-0.046,0.539,-0.088,-0.013,0.016,0.002,-0.0,-0.0,0.0,-0.12,-0.12,-0.12,0.0,0.0,0.0,0.0,1.0
53177.0,-27.2901,-6.63,-17.5617,-0.131,0.572,-0.141,0.003,0.02,-0.008,-0.0,-0.0,0.0,-0.12,-0.12,-0.12,0.0,0.0,0.0,0.0,1.0
53184.0,-27.2859,-6.6213,-17.5665,-0.131,0.659,-0.227,-0.012,0.026,-0.001,-0.0,-0.0,0.0,-0.12,-0.12,-0.12,0.0,0.0,0.0,0.0,1.0
53192.0,-27.2847,-6.6175,-17.569,-0.152,0.521,-0.28,-0.0,0.005,0.002,-0.0,-0.0,0.0,-0.12,-0.12,-0.12,0.0,0.0,0.0,0.0,1.0
53200.0,-27.2836,-6.6109,-17.5745,-0.011,0.662,-0.139,0.001,0.021,0.002,-0.0,-0.0,0.0,-0.12,-0.12,-0.12,0.0,0.0,0.0,0.0,1.0
53208.0,-27.2814,-6.6019,-17.5813,-0.061,0.602,-0.028,0.006,0.01,0.008,-0.0,-0.0,0.0,-0.12,-0.12,-0.12,0.0,0.0,0.0,0.0,1.0
53216.0,-27.2807,-6.5966,-17.5859,-0.026,0.68,-0.036,-0.0,-0.002,0.008,-0.0,-0.0,0.0,-0.12,-0.12,-0.12,0.0,0.0,0.0,0.0,1.0
53223.0,-27.2789,-6.5919,-17.5889,-0.181,0.686,-0.203,0.004,0.01,0.006,-0.0,-0.0,0.0,-0.12,-0.12,-0.12,0.0,0.0,0.0,0.0,1.0
53231.0,-27.2768,-6.5858,-17.593,-0.017,0.508,-0.294,0.007,-0.008,-0.005,-0.0,-0.0,0.0,-0.12,-0.12,-0.12,0.0,0.0,0.0,0.0,1.0
53239.0,-27.2762,-6.5824,-17.5957,-0.231,0.582,-0.048,0.009,-0.018,-0.007,-0.0,-0.0,0.0,-0.12,-0.12,-0.12,0.0,0.0,0.0,0.0,1.0
53247.0,-27.2762,-6.5794,-17.5987,-0.081,0.464,-0.08,0.014,0.001,-0.006,-0.0,-0.0,0.0,-0.12,-0.12,-0.12,0.0,0.0,0.0,0.0,1.0
53255.0,-27.2767,-6.5744,-17.604,-0.017,0.423,-0.208,0.001,0.001,-0.005,-0.0,-0.0,0.0,-0.12,-0.12,-0.12,0.0,0.0,0.0,0.0,1.0
53263.0,-27.2778,-6.5724,-17.6068,-0.067,0.275,-0.011,0.001,-0.016,0.009,-0.0,-0.0,0.0,-0.12,-0.12,-0.12,0.0,0.0,0.0,0.0,1.0
53270.0,-27.2807,-6.5726,-17.6092,0.011,0.13,-0.156,0.012,-0.006,-0.002,0.0,-0.0,0.0,-0.12,-0.12,-0.12,0.0,0.0,0.0,0.0,1.0
53278.0,-27.282,-6.5726,-17.6104,-0.203,0.16,0.133,0.005,0.009,0.01,0.0,-0.0,0.0,-0.12,-0.12,-0.12,0.0,0.0,0.0,0.0,1.0
53286.0,-27.2815,-6.5707,-17.6118,-0.167,0.195,0.168,-0.001,-0.004,0.002,0.0,-0.0,0.0,-0.12,-0.12,-0.12,0.0,0.0,0.0,0.0,1.0
53294.0,-27.2816,-6.5677,-17.6148,-0.138,0.118,0.004,-0.015,0.001,-0.007,-0.0,-0.0,0.0,-0.12,-0.12,-0.12,0.0,0.0,0.0,0.0,1.0
53301.0,-27.2809,-6.568,-17.6139,-0.038,0.155,-0.132,-0.019,-0.006,0.003,-0.0,-0.0,0.0,-0.12,-0.12,-0.12,0.0,0.0,0.0,0.0,1.0
53309.0,-27.2781,-6.5653,-17.6141,0.032,0.269,-0.104,-0.018,-0.012,-0.003,-0.0,-0.0,0.0,-0.12,-0.12,-0.12,0.0,0.0,0.0,0.0,1.0
53317.0,-27.2821,-6.5637,-17.6192,-0.103,0.154,0.04,-0.024,-0.011,-0.007,-0.0,-0.0,0.0,-0.12,-0.12,-0.12,0.0,0.0,0.0,0.0,1.0
53325.0,-27.2829,-6.5639,-17.6196,-0.103,0.024,0.169,-0.002,-0.022,0.004,-0.0,-0.0,0.0,-0.12,-0.12,-0.12,0.0,0.0,0.0,0.0,1.0
53332.0,-27.2824,-6.5612,-17.6219,0.011,0.13,-0.157,-0.011,-0.018,-0.01,-0.0,-0.0,0.0,-0.12,-0.12,-0.12,0.0,0.0,0.0,0.0,1.0
53340.0,-27.2866,-6.5598,-17.6269,0.195,0.048,-0.154,-0.002,-0.009,-0.008,-0.0,-0.0,0.0,-0.12,-0.12,-0.12,0.0,0.0,0.0,0.0,1.0
53348.0,-27.2873,-6.5609,-17.6264,0.145,-0.057,0.001,-0.004,0.001,0.003,-0.0,-0.0,0.0,-0.12,-0.12,-0.12,0.0,0.0,0.0,0.0,1.0
53356.0,-27.2893,-6.5636,-17.6256,0.045,0.122,-0.079,0.008,0.009,-0.009,-0.0,-0.0,0.0,-0.12,-0.12,-0.12,0.0,0.0,0.0,0.0,1.0
53363.0,-27.2871,-6.5639,-17.6234,0.066,0.174,0.06,0.011,0.021,-0.003,-0.0,-0.0,0.0,-0.12,-0.12,-0.12,0.0,0.0,0.0,0.0,1.0
53371.0,-27.2866,-6.5641,-17.6227,0.031,0.181,-0.019,0.011,0.026,-0.003,-0.0,-0.0,0.0,-0.12,-0.12,-0.12,0.0,0.0,0.0,0.0,1.0
53379.0,-27.2827,-6.5621,-17.6213,0.137,0.373,0.001,0.03,0.04,-0.004,-0.0,-0.0,0.0,-0.12,-0.12,-0.12,0.0,0.0,0.0,0.0,1.0
53386.0,-27.2866,-6.5628,-17.624,0.116,0.32,-0.138,0.015,0.034,-0.008,-0.0,-0.0,0.0,-0.12,-0.12,-0.12,0.0,0.0,0.0,0.0,1.0
53394.0,-27.2915,-6.5626,-17.6285,0.001,0.344,0.058,0.002,0.017,0.003,0.0,-0.0,0.0,-0.12,-0.12,-0.12,0.0,0.0,0.0,0.0,1.0
53402.0,-27.2943,-6.5629,-17.6306,-0.093,0.333,0.479,-0.011,0.005,-0.014,0.0,-0.0,0.0,-0.12,-0.12,-0.12,0.0,0.0,0.0,0.0,1.0
53410.0,-27.2919,-6.5582,-17.6331,-0.008,0.473,0.36,-0.027,-0.004,0.008,-0.0,-0.0,0.0,-0.12,-0.12,-0.12,0.0,0.0,0.0,0.0,1.0
53418.0,-27.2882,-6.554,-17.634,-0.029,0.206,0.437,-0.01,-0.023,0.007,-0.0,-0.0,0.0,-0.12,-0.12,-0.12,0.0,0.0,0.0,0.0,1.0
53426.0,-27.2795,-6.5489,-17.6313,-0.163,0.178,0.495,-0.024,-0.034,-0.001,-0.0,-0.0,0.0,-0.12,-0.12,-0.12,0.0,0.0,0.0,0.0,1.0
53433.0,-27.2723,-6.5422,-17.6314,-0.147,0.118,0.436,-0.0,-0.031,0.004,-0.0,-0.0,0.0,-0.12,-0.12,-0.12,0.0,0.0,0.0,0.0,1.0
53441.0,-27.2639,-6.5357,-17.6304,-0.293,-0.091,0.053,-0.013,-0.025,-0.003,-0.0,-0.0,0.0,-0.12,-0.12,-0.12,0.0,0.0,0.0,0.0,1.0
53449.0,-27.2611,-6.5308,-17.6327,-0.044,-0.258,-0.028,0.009,-0.02,-0.005,-0.0,-0.0,0.0,-0.12,-0.12,-0.12,0.0,0.0,0.0,0.0,1.0
53456.0,-27.2601,-6.524,-17.6384,-0.32,-0.383,-0.154,0.014,-0.011,-0.001,-0.0,-0.0,0.0,-0.12,-0.12,-0.12,0.0,0.0,0.0,0.0,1.0
53464.0,-27.2594,-6.5212,-17.6405,-0.191,-0.595,-0.281,0.032,-0.002,-0.016,-0.0,-0.0,0.0,-0.12,-0.12,-0.12,0.0,0.0,0.0,0.0,1.0
53472.0,-27.2602,-6.524,-17.6386,-0.126,-0.982,-0.064,0.023,0.021,0.006,0.0,-0.0,0.0,-0.12,-0.12,-0.12,0.0,0.0,0.0,0.0,1.0
53480.0,-27.266,-6.5253,-17.6423,-0.262,-0.88,-0.136,0.038,0.013,0.002,0.0,-0.0,0.0,-0.12,-0.12,-0.12,0.0,0.0,0.0,0.0,1.0
53488.0,-27.2737,-6.5283,-17.6462,-0.163,-1.102,-0.014,0.025,0.017,-0.008,0.0,-0.0,0.0,-0.12,-0.12,-0.12,0.0,0.0,0.0,0.0,1.0
53495.0,-27.2792,-6.5326,-17.6469,0.036,-1.46,0.145,0.0,0.014,0.003,0.0,-0.0,0.0,-0.12,-0.12,-0.12,0.0,0.0,0.0,0.0,1.0
53503.0,-27.2857,-6.5416,-17.6438,0.064,-1.537,-0.019,0.002,0.011,-0.01,0.0,-0.0,0.0,-0.12,-0.12,-0.12,0.0,0.0,0.0,0.0,1.0
53511.0,-27.2865,-6.5485,-17.6378,0.249,-1.576,-0.058,0.01,-0.004,0.011,0.0,-0.0,0.0,-0.12,-0.12,-0.12,0.0,0.0,0.0,0.0,1.0
53518.0,-27.2912,-6.5566,-17.6341,0.029,-1.658,0.032,-0.006,-0.004,0.002,0.0,-0.0,0.0,-0.12,-0.12,-0.12,0.0,0.0,0.0,0.0,1.0
53526.0,-27.2924,-6.5666,-17.6254,0.144,-1.897,0.052,-0.022,-0.017,0.003,0.0,-0.0,0.0,-0.12,-0.12,-0.12,0.0,0.0,0.0,0.0,1.0
53534.0,-27.2905,-6.5787,-17.6119,0.074,-2.054,0.068,-0.012,0.006,0.007,0.0,-0.0,0.0,-0.12,-0.12,-0.12,0.0,0.0,0.0,0.0,1.0
53542.0,-27.291,-6.5883,-17.603,-0.025,-1.961,0.075,-0.023,-0.004,0.015,0.0,-0.0,0.0,-0.12,-0.12,-0.12,0.0,0.0,0.0,0.0,1.0
53550.0,-27.2895,-6.5972,-17.5931,-0.03,-2.202,0.007,-0.003,-0.005,0.011,0.0,-0.0,0.0,-0.12,-0.12,-0.12,0.0,0.0,0.0,0.0,1.0
53557.0,-27.2953,-6.6094,-17.5863,-0.221,-2.231,-0.196,-0.008,0.005,-0.007,0.0,-0.0,0.0,-0.12,-0.12,-0.12,0.0,0.0,0.0,0.0,1.0
53565.0,-27.3018,-6.6221,-17.5796,0.058,-2.605,-0.311,-0.005,0.022,0.009,0.0,-0.0,0.0,-0.12,-0.12,-0.12,0.0,0.0,0.0,0.0,1.0
53573.0,-27.3121,-6.6374,-17.5738,-0.072,-2.564,-0.012,0.003,0.03,0.001,0.0,-0.0,0.0,-0.12,-0.12,-0.12,0.0,0.0,0.0,0.0,1.0
53581.0,-27.3189,-6.655,-17.5627,-0.207,-2.722,0.175,0.005,0.022,0.001,0.0,-0.0,0.0,-0.12,-0.12,-0.12,0.0,0.0,0.0,0.0,1.0
53588.0,-27.3249,-6.6736,-17.5497,0.028,-2.83,0.154,0.009,0.013,-0.006,0.0,-0.0,0.0,-0.12,-0.12,-0.12,0.0,0.0,0.0,0.0,1.0
53596.0,-27.325,-6.6902,-17.5337,0.278,-2.739,-0.185,-0.009,0.015,-0.006,0.0,-0.0,0.0,-0.12,-0.12,-0.12,0.0,0.0,0.0,0.0,1.0
53604.0,-27.3338,-6.7151,-17.5173,0.264,-2.594,-0.211,-0.012,0.011,-0.002,0.0,-0.0,0.0,-0.12,-0.12,-0.12,0.0,0.0,0.0,0.0,1.0
53612.0,-27.3391,-6.7366,-17.501,-0.155,-2.62,0.022,-0.008,-0.012,-0.0,0.0,-0.0,0.0,-0.12,-0.12,-0.12,0.0,0.0,0.0,0.0,1.0
53620.0,-27.3482,-6.7563,-17.4898,-0.249,-2.329,0.141,-0.013,-0.027,-0.011,0.0,-0.0,0.0,-0.12,-0.12,-0.12,0.0,0.0,0.0,0.0,1.0
53627.0,-27.3584,-6.777,-17.4786,-0.319,-2.271,-0.059,0.006,-0.028,-0.004,0.0,-0.0,0.0,-0.12,-0.12,-0.12,0.0,0.0,0.0,0.0,1.0
53635.0,-27.367,-6.7913,-17.4722,-0.149,-2.208,-0.081,-0.019,-0.04,-0.002,0.0,-0.0,0.0,-0.12,-0.12,-0.12,0.0,0.0,0.0,0.0,1.0
53643.0,-27.3735,-6.8031,-17.4664,-0.114,-2.344,0.126,-0.027,-0.043,0.003,-0.0,-0.0,0.0,-0.12,-0.12,-0.12,0.0,0.0,0.0,0.0,1.0
53651.0,-27.3792,-6.8166,-17.4582,-0.27,-2.253,-0.127,-0.023,-0.038,-0.008,-0.0,-0.0,0.0,-0.12,-0.12,-0.12,0.0,0.0,0.0,0.0,1.0
53658.0,-27.3863,-6.8307,-17.4509,-0.085,-2.508,0.049,-0.019,-0.017,0.012,-0.0,-0.0,0.0,-0.12,-0.12,-0.12,0.0,0.0,0.0,0.0,1.0
53666.0,-27.3927,-6.8477,-17.4399,0.085,-2.358,-0.059,-0.012,0.0,0.004,-0.0,-0.0,0.0,-0.12,-0.12,-0.12,0.0,0.0,0.0,0.0,1.0
53674.0,-27.4003,-6.8662,-17.4286,0.021,-2.23,-0.017,0.006,0.011,-0.006,-0.0,-0.0,0.0,-0.12,-0.12,-0.12,0.0,0.0,0.0,0.0,1.0
53682.0,-27.4089,-6.8844,-17.4185,0.056,-2.196,0.018,0.009,0.02,-0.004,-0.0,-0.0,0.0,-0.12,-0.12,-0.12,0.0,0.0,0.0,0.0,1.0
53689.0,-27.4178,-6.9041,-17.4071,-0.299,-2.049,-0.093,0.021,0.04,0.009,-0.0,-0.0,0.0,-0.12,-0.12,-0.12,0.0,0.0,0.0,0.0,1.0
53697.0,-27.4267,-6.9232,-17.3963,-0.073,-1.812,-0.028,0.03,0.017,0.002,-0.0,-0.0,0.0,-0.12,-0.12,-0.12,0.0,0.0,0.0,0.0,1.0
53705.0,-27.4329,-6.938,-17.3873,-0.322,-1.559,-0.033,0.021,0.013,0.007,0.0,-0.0,0.0,-0.12,-0.12,-0.12,0.0,0.0,0.0,0.0,1.0
53714.0,-27.4357,-6.9527,-17.3755,-0.421,-1.294,-0.198,0.005,0.004,-0.001,0.0,-0.0,0.0,-0.12,-0.12,-0.12,0.0,0.0,0.0,0.0,1.0
53721.0,-27.4397,-6.9663,-17.3658,-0.045,-1.175,-0.164,0.003,0.002,-0.011,0.0,-0.0,0.0,-0.12,-0.12,-0.12,0.0,0.0,0.0,0.0,1.0
53729.0,-27.4467,-6.9786,-17.3599,-0.315,-1.017,-0.265,-0.011,-0.006,0.002,0.0,-0.0,0.0,-0.12,-0.12,-0.12,0.0,0.0,0.0,0.0,1.0
53737.0,-27.4532,-6.9908,-17.3538,-0.054,-0.789,-0.121,-0.006,-0.01,-0.005,0.0,-0.0,0.0,-0.12,-0.12,-0.12,0.0,0.0,0.0,0.0,1.0
53745.0,-27.4568,-7.0021,-17.3459,-0.147,-0.153,-0.347,-0.008,-0.004,-0.003,0.0,-0.0,0.0,-0.12,-0.12,-0.12,0.0,0.0,0.0,0.0,1.0
53753.0,-27.4619,-7.011,-17.3417,-0.431,0.107,-0.43,-0.004,-0.017,0.004,0.0,-0.0,0.0,-0.12,-0.12,-0.12,0.0,0.0,0.0,0.0,1.0
53761.0,-27.4673,-7.0187,-17.339,-0.27,0.515,-0.367,-0.004,-0.005,-0.001,-0.0,-0.0,0.0,-0.12,-0.12,-0.12,0.0,0.0,0.0,0.0,1.0
53769.0,-27.4716,-7.0227,-17.3389,-0.214,0.687,-0.279,-0.016,-0.009,-0.007,-0.0,-0.0,0.0,-0.12,-0.12,-0.12,0.0,0.0,0.0,0.0,1.0
53777.0,-27.4762,-7.0235,-17.3422,-0.094,0.99,-0.493,-0.008,-0.009,0.008,-0.0,-0.0,0.0,-0.12,-0.12,-0.12,0.0,0.0,0.0,0.0,1.0
53785.0,-27.4809,-7.0233,-17.3465,-0.083,1.343,-0.225,-0.011,0.015,-0.005,-0.0,-0.0,0.0,-0.12,-0.12,-0.12,0.0,0.0,0.0,0.0,1.0
53792.0,-27.4828,-7.0185,-17.3529,-0.197,1.582,-0.245,-0.003,0.024,-0.014,-0.0,-0.0,0.0,-0.12,-0.12,-0.12,0.0,0.0,0.0,0.0,1.0
53800.0,-27.4864,-7.0094,-17.3649,-0.257,2.038,-0.221,-0.008,0.024,-0.001,-0.0,-0.0,0.0,-0.12,-0.12,-0.12,0.0,0.0,0.0,0.0,1.0
53808.0,-27.4879,-7.0016,-17.3738,0.189,2.27,-0.161,0.01,0.031,-0.001,-0.0,-0.0,0.0,-0.12,-0.12,-0.12,0.0,0.0,0.0,0.0,1.0
53815.0,-27.4884,-6.9901,-17.3855,0.194,2.426,-0.006,0.015,0.009,0.006,-0.0,-0.0,0.0,-0.12,-0.12,-0.12,0.0,0.0,0.0,0.0,1.0
53823.0,-27.4859,-6.9763,-17.3967,0.114,2.355,0.354,0.002,0.016,0.016,-0.0,-0.0,0.0,-0.12,-0.12,-0.12,0.0,0.0,0.0,0.0,1.0
53831.0,-27.4757,-6.9575,-17.406,-0.115,2.661,0.488,0.012,-0.003,0.001,-0.0,-0.0,0.0,-0.12,-0.12,-0.12,0.0,0.0,0.0,0.0,1.0
53839.0,-27.4609,-6.9371,-17.4128,0.197,2.867,0.607,0.016,0.006,-0.002,0.0,-0.0,0.0,-0.12,-0.12,-0.12,0.0,0.0,0.0,0.0,1.0
53847.0,-27.4434,-6.9116,-17.4223,0.392,2.699,0.266,-0.012,-0.002,-0.006,0.0,-0.0,0.0,-0.12,-0.12,-0.12,0.0,0.0,0.0,0.0,1.0
53854.0,-27.4271,-6.8866,-17.4323,-0.004,2.572,0.052,-0.011,-0.018,-0.003,-0.0,-0.0,0.0,-0.12,-0.12,-0.12,0.0,0.0,0.0,0.0,1.0
53862.0,-27.4119,-6.8629,-17.442,-0.108,2.209,0.206,-0.008,-0.016,-0.003,-0.0,-0.0,0.0,-0.12,-0.12,-0.12,0.0,0.0,0.0,0.0,1.0
53870.0,-27.3992,-6.8323,-17.4606,-0.299,1.966,0.219,-0.005,-0.016,-0.0,-0.0,-0.0,0.0,-0.12,-0.12,-0.12,0.0,0.0,0.0,0.0,1.0
53877.0,-27.3887,-6.8077,-17.4753,0.065,1.432,0.287,-0.017,-0.006,0.001,-0.0,-0.0,0.0,-0.12,-0.12,-0.12,0.0,0.0,0.0,0.0,1.0
53885.0,-27.38,-6.7849,-17.4899,0.067,1.063,-0.085,-0.022,-0.01,-0.014,-0.0,-0.0,0.0,-0.12,-0.12,-0.12,0.0,0.0,0.0,0.0,1.0
53893.0,-27.3709,-6.7645,-17.5017,0.105,0.643,-0.334,-0.011,0.011,0.009,-0.0,-0.0,0.0,-0.12,-0.12,-0.12,0.0,0.0,0.0,0.0,1.0
53901.0,-27.3646,-6.7542,-17.5063,0.29,0.173,0.058,-0.006,0.005,-0.003,-0.0,-0.0,0.0,-0.12,-0.12,-0.12,0.0,0.0,0.0,0.0,1.0
53909.0,-27.357,-6.7415,-17.5119,0.185,0.156,-0.134,0.001,-0.002,0.007,-0.0,-0.0,0.0,-0.12,-0.12,-0.12,0.0,0.0,0.0,0.0,1.0
53916.0,-27.3564,-6.7417,-17.5113,0.284,0.063,-0.141,0.021,0.006,0.007,-0.0,-0.0,0.0,-0.12,-0.12,-0.12,0.0,0.0,0.0,0.0,1.0
53924.0,-27.3557,-6.7418,-17.5105,0.434,-0.012,-0.215,0.019,-0.01,0.005,-0.0,-0.0,0.0,-0.12,-0.12,-0.12,0.0,0.0,0.0,0.0,1.0
53932.0,-27.3578,-6.744,-17.5101,0.348,0.107,-0.355,0.026,-0.019,-0.001,-0.0,-0.0,0.0,-0.12,-0.12,-0.12,0.0,0.0,0.0,0.0,1.0
53940.0,-27.3616,-6.7495,-17.5082,0.304,-0.016,0.127,0.024,-0.008,-0.006,-0.0,-0.0,0.0,-0.12,-0.12,-0.12,0.0,0.0,0.0,0.0,1.0
53947.0,-27.3681,-6.7549,-17.5087,-0.095,0.139,0.369,0.014,0.001,-0.001,0.0,-0.0,0.0,-0.12,-0.12,-0.12,0.0,0.0,0.0,0.0,1.0
53955.0,-27.3724,-6.7553,-17.512,-0.075,0.234,0.464,-0.004,-0.008,0.003,0.0,-0.0,0.0,-0.12,-0.12,-0.12,0.0,0.0,0.0,0.0,1.0
53963.0,-27.3717,-6.7555,-17.5112,0.265,0.318,0.462,0.004,0.019,0.01,0.0,-0.0,0.0,-0.12,-0.12,-0.12,0.0,0.0,0.0,0.0,1.0
53971.0,-27.3689,-6.7506,-17.5136,0.285,0.5,0.471,-0.008,0.029,0.013,0.0,-0.0,0.0,-0.12,-0.12,-0.12,0.0,0.0,0.0,0.0,1.0
53979.0,-27.3606,-6.7456,-17.511,0.406,0.417,0.646,-0.019,0.037,0.002,-0.0,-0.0,0.0,-0.12,-0.12,-0.12,0.0,0.0,0.0,0.0,1.0
53986.0,-27.3504,-6.7362,-17.5113,-0.074,0.279,0.421,-0.013,0.036,-0.001,-0.0,-0.0,0.0,-0.12,-0.12,-0.12,0.0,0.0,0.0,0.0,1.0
53994.0,-27.3398,-6.7308,-17.5072,-0.058,0.219,0.362,-0.011,0.024,0.002,-0.0,-0.0,0.0,-0.12,-0.12,-0.12,0.0,0.0,0.0,0.0,1.0
54002.0,-27.3294,-6.7233,-17.5054,0.022,0.075,0.217,-0.006,0.016,0.005,-0.0,-0.0,0.0,-0.12,-0.12,-0.12,0.0,0.0,0.0,0.0,1.0
54009.0,-27.3264,-6.7197,-17.5062,-0.169,0.175,-0.114,-0.002,0.018,-0.006,-0.0,-0.0,0.0,-0.12,-0.12,-0.12,0.0,0.0,0.0,0.0,1.0
54017.0,-27.3237,-6.7167,-17.5068,0.101,0.017,-0.014,-0.001,-0.001,0.003,-0.0,-0.0,0.0,-0.12,-0.12,-0.12,0.0,0.0,0.0,0.0,1.0
54025.0,-27.3255,-6.7146,-17.5104,-0.275,-0.145,-0.004,0.006,-0.015,0.0,-0.0,-0.0,0.0,-0.12,-0.12,-0.12,0.0,0.0,0.0,0.0,1.0
54033.0,-27.332,-6.7167,-17.514,0.059,-0.044,-0.335,0.01,-0.02,0.001,-0.0,-0.0,0.0,-0.12,-0.12,-0.12,0.0,0.0,0.0,0.0,1.0
54040.0,-27.3359,-6.7173,-17.517,-0.191,-0.135,0.005,0.01,-0.029,-0.013,-0.0,-0.0,0.0,-0.12,-0.12,-0.12,0.0,0.0,0.0,0.0,1.0
54048.0,-27.3408,-6.7186,-17.52,0.213,-0.265,0.047,0.015,-0.032,0.001,0.0,-0.0,0.0,-0.12,-0.12,-0.12,0.0,0.0,0.0,0.0,1.0
54056.0,-27.342,-6.7207,-17.5189,-0.092,-0.272,0.041,0.008,-0.033,0.005,0.0,-0.0,0.0,-0.12,-0.12,-0.12,0.0,0.0,0.0,0.0,1.0
54064.0,-27.342,-6.7254,-17.5145,0.148,-0.267,0.219,0.024,-0.026,0.004,0.0,-0.0,0.0,-0.12,-0.12,-0.12,0.0,0.0,0.0,0.0,1.0
54071.0,-27.3413,-6.7304,-17.5089,0.389,-0.047,0.18,0.022,-0.008,0.011,0.0,-0.0,0.0,-0.12,-0.12,-0.12,0.0,0.0,0.0,0.0,1.0
54079.0,-27.3389,-6.7354,-17.502,0.36,0.072,0.301,0.008,-0.018,0.013,0.0,-0.0,0.0,-0.12,-0.12,-0.12,0.0,0.0,0.0,0.0,1.0
54087.0,-27.3372,-6.7416,-17.4944,0.106,0.213,0.098,-0.002,0.003,0.007,0.0,-0.0,0.0,-0.12,-0.12,-0.12,0.0,0.0,0.0,0.0,1.0
54095.0,-27.3377,-6.748,-17.4886,0.168,0.411,0.47,0.009,0.007,0.004,0.0,-0.0,0.0,-0.12,-0.12,-0.12,0.0,0.0,0.0,0.0,1.0
54102.0,-27.337,-6.7499,-17.4862,0.124,0.807,0.435,-0.015,0.002,-0.007,0.0,-0.0,0.0,-0.12,-0.12,-0.12,0.0,0.0,0.0,0.0,1.0
54110.0,-27.3356,-6.7535,-17.4814,-0.096,0.81,0.439,-0.027,0.008,0.003,0.0,-0.0,0.0,-0.12,-0.12,-0.12,0.0,0.0,0.0,0.0,1.0
54118.0,-27.3296,-6.7497,-17.4798,-0.139,1.205,0.405,-0.039,0.013,-0.001,0.0,-0.0,0.0,-0.12,-0.12,-0.12,0.0,0.0,0.0,0.0,1.0
54126.0,-27.3251,-6.7456,-17.4798,-0.109,1.214,0.155,-0.016,0.011,0.004,-0.0,-0.0,0.0,-0.12,-0.12,-0.12,0.0,0.0,0.0,0.0,1.0
54134.0,-27.3184,-6.736,-17.4833,-0.208,1.307,0.162,-0.013,-0.015,0.001,-0.0,-0.0,0.0,-0.12,-0.12,-0.12,0.0,0.0,0.0,0.0,1.0
54141.0,-27.3127,-6.727,-17.4871,-0.257,1.721,-0.201,-0.009,-0.006,-0.007,-0.0,-0.0,0.0,-0.12,-0.12,-0.12,0.0,0.0,0.0,0.0,1.0
54149.0,-27.3088,-6.7145,-17.4959,-0.064,1.38,-0.37,0.017,-0.003,0.002,-0.0,-0.0,0.0,-0.12,-0.12,-0.12,0.0,0.0,0.0,0.0,1.0
54157.0,-27.3042,-6.7027,-17.5032,-0.149,1.456,-0.466,-0.0,-0.01,0.001,-0.0,-0.0,0.0,-0.12,-0.12,-0.12,0.0,0.0,0.0,0.0,1.0
54165.0,-27.304,-6.6937,-17.5118,-0.191,1.093,-0.485,0.012,0.008,-0.009,-0.0,-0.0,0.0,-0.12,-0.12,-0.12,0.0,0.0,0.0,0.0,1.0
54172.0,-27.3059,-6.6836,-17.5234,-0.036,1.131,-0.361,0.032,0.012,0.003,0.0,-0.0,0.0,-0.12,-0.12,-0.12,0.0,0.0,0.0,0.0,1.0
54180.0,-27.3079,-6.6751,-17.5333,-0.08,1.355,-0.224,0.027,0.02,0.008,0.0,-0.0,0.0,-0.12,-0.12,-0.12,0.0,0.0,0.0,0.0,1.0
54188.0,-27.3081,-6.6695,-17.5391,0.004,1.235,-0.085,0.018,0.011,-0.012,0.0,-0.0,0.0,-0.12,-0.12,-0.12,0.0,0.0,0.0,0.0,1.0
54196.0,-27.3078,-6.6604,-17.5476,0.309,1.371,-0.209,0.021,0.008,-0.011,0.0,-0.0,0.0,-0.12,-0.12,-0.12,0.0,0.0,0.0,0.0,1.0
54203.0,-27.3078,-6.6538,-17.554,0.003,1.321,-0.172,0.017,0.002,0.008,0.0,-0.0,0.0,-0.12,-0.12,-0.12,0.0,0.0,0.0,0.0,1.0
54211.0,-27.3075,-6.6498,-17.5577,0.074,1.434,-0.145,-0.003,0.004,-0.002,0.0,-0.0,0.0,-0.12,-0.12,-0.12,0.0,0.0,0.0,0.0,1.0
54219.0,-27.3045,-6.6455,-17.5592,0.244,1.497,-0.167,-0.02,-0.009,0.012,0.0,-0.0,0.0,-0.12,-0.12,-0.12,0.0,0.0,0.0,0.0,1.0
54227.0,-27.2992,-6.6382,-17.5617,0.136,2.021,-0.16,-0.034,-0.016,-0.005,0.0,-0.0,0.0,-0.12,-0.12,-0.12,0.0,0.0,0.0,0.0,1.0
54235.0,-27.2958,-6.634,-17.5628,0.236,2.143,-0.382,-0.03,-0.019,-0.01,0.0,-0.0,0.0,-0.12,-0.12,-0.12,0.0,0.0,0.0,0.0,1.0
54242.0,-27.2906,-6.6256,-17.5664,-0.127,2.721,-0.493,-0.035,-0.031,-0.005,-0.0,-0.0,0.0,-0.12,-0.12,-0.12,0.0,0.0,0.0,0.0,1.0
54250.0,-27.2886,-6.618,-17.5721,-0.1,3.229,-0.501,-0.031,-0.03,0.002,-0.0,-0.0,0.0,-0.12,-0.12,-0.12,0.0,0.0,0.0,0.0,1.0
54258.0,-27.2863,-6.6046,-17.583,0.011,3.575,-0.326,-0.02,-0.024,0.004,-0.0,-0.0,0.0,-0.12,-0.12,-0.12,0.0,0.0,0.0,0.0,1.0
54265.0,-27.281,-6.5855,-17.597,0.038,3.955,-0.205,0.001,-0.007,-0.003,-0.0,-0.0,0.0,-0.12,-0.12,-0.12,0.0,0.0,0.0,0.0,1.0
54273.0,-27.2749,-6.563,-17.6135,0.008,4.032,-0.041,0.01,-0.007,0.004,-0.0,-0.0,0.0,-0.12,-0.12,-0.12,0.0,0.0,0.0,0.0,1.0
54281.0,-27.2658,-6.5379,-17.6299,-0.15,4.452,0.12,0.023,0.003,0.002,-0.0,-0.0,0.0,-0.12,-0.12,-0.12,0.0,0.0,0.0,0.0,1.0
54289.0,-27.255,-6.5047,-17.6528,-0.001,4.378,0.044,0.018,0.018,0.004,-0.0,-0.0,0.0,-0.12,-0.12,-0.12,0.0,0.0,0.0,0.0,1.0
54296.0,-27.2441,-6.4723,-17.6748,0.148,4.045,0.228,0.034,0.024,0.0,-0.0,-0.0,0.0,-0.12,-0.12,-0.12,0.0,0.0,0.0,0.0,1.0
54304.0,-27.2291,-6.4386,-17.6943,0.269,4.135,0.231,0.036,0.027,0.005,0.0,-0.0,0.0,-0.12,-0.12,-0.12,0.0,0.0,0.0,0.0,1.0
54312.0,-27.2125,-6.4058,-17.7117,0.398,3.75,0.277,0.038,0.046,0.014,0.0,-0.0,0.0,-0.12,-0.12,-0.12,0.0,0.0,0.0,0.0,1.0
54320.0,-27.2011,-6.3776,-17.7291,0.145,3.306,-0.083,0.017,0.016,0.002,0.0,-0.0,0.0,-0.12,-0.12,-0.12,0.0,0.0,0.0,0.0,1.0
54328.0,-27.1867,-6.3511,-17.7422,0.309,3.345,-0.39,-0.006,0.031,-0.003,0.0,-0.0,0.0,-0.12,-0.12,-0.12,0.0,0.0,0.0,0.0,1.0
54335.0,-27.172,-6.3276,-17.7522,0.155,3.308,-0.513,-0.015,0.017,-0.011,0.0,-0.0,0.0,-0.12,-0.12,-0.12,0.0,0.0,0.0,0.0,1.0
54343.0,-27.1594,-6.3038,-17.7643,-0.056,3.183,-0.81,-0.009,-0.012,-0.015,0.0,-0.0,0.0,-0.12,-0.12,-0.12,0.0,0.0,0.0,0.0,1.0
54351.0,-27.1485,-6.2847,-17.7733,-0.219,3.102,-0.459,-0.018,-0.023,0.005,0.0,-0.0,0.0,-0.12,-0.12,-0.12,0.0,0.0,0.0,0.0,1.0
54359.0,-27.1404,-6.2684,-17.7821,-0.189,3.283,-0.881,-0.027,-0.05,-0.01,0.0,-0.0,0.0,-0.12,-0.12,-0.12,0.0,0.0,0.0,0.0,1.0
54366.0,-27.1332,-6.2447,-17.7988,-0.438,3.322,-0.67,-0.023,-0.034,-0.014,-0.0,-0.0,0.0,-0.12,-0.12,-0.12,0.0,0.0,0.0,0.0,1.0
54374.0,-27.132,-6.2252,-17.8167,-0.289,3.419,-0.918,-0.028,-0.031,-0.011,-0.0,-0.0,0.0,-0.12,-0.12,-0.12,0.0,0.0,0.0,0.0,1.0
54382.0,-27.1286,-6.2025,-17.8359,-0.263,3.584,-0.581,-0.015,-0.025,0.006,-0.0,-0.0,0.0,-0.12,-0.12,-0.12,0.0,0.0,0.0,0.0,1.0
54390.0,-27.1271,-6.1771,-17.8592,-0.144,3.673,-0.579,-0.002,-0.015,0.003,-0.0,-0.0,0.0,-0.12,-0.12,-0.12,0.0,0.0,0.0,0.0,1.0
54398.0,-27.1275,-6.1545,-17.8816,0.075,3.367,-0.282,-0.0,-0.008,0.003,-0.0,-0.0,0.0,-0.12,-0.12,-0.12,0.0,0.0,0.0,0.0,1.0
54405.0,-27.1251,-6.1308,-17.9026,0.094,3.377,-0.102,0.007,0.008,0.004,-0.0,-0.0,0.0,-0.12,-0.12,-0.12,0.0,0.0,0.0,0.0,1.0
54413.0,-27.1197,-6.107,-17.921,0.278,3.036,0.16,0.021,0.024,-0.004,-0.0,-0.0,0.0,-0.12,-0.12,-0.12,0.0,0.0,0.0,0.0,1.0
54421.0,-27.1111,-6.0788,-17.9409,0.178,2.742,0.555,0.021,0.044,0.004,-0.0,-0.0,0.0,-0.12,-0.12,-0.12,0.0,0.0,0.0,0.0,1.0
54429.0,-27.102,-6.0526,-17.9584,0.341,2.522,0.506,0.026,0.039,0.004,-0.0,-0.0,0.0,-0.12,-0.12,-0.12,0.0,0.0,0.0,0.0,1.0
54437.0,-27.0893,-6.0264,-17.9728,0.285,2.135,0.634,0.018,0.046,0.003,0.0,-0.0,0.0,-0.12,-0.12,-0.12,0.0,0.0,0.0,0.0,1.0
54444.0,-27.0746,-6.0022,-17.9834,0.473,1.769,0.18,0.017,0.038,0.002,0.0,-0.0,0.0,-0.12,-0.12,-0.12,0.0,0.0,0.0,0.0,1.0
54452.0,-27.0615,-5.9848,-17.9888,0.417,1.381,0.309,0.009,0.03,0.007,0.0,-0.0,0.0,-0.12,-0.12,-0.12,0.0,0.0,0.0,0.0,1.0
54460.0,-27.0493,-5.9688,-17.9936,0.482,1.383,0.138,-0.008,0.02,-0.002,0.0,-0.0,0.0,-0.12,-0.12,-0.12,0.0,0.0,0.0,0.0,1.0
54467.0,-27.0381,-5.954,-17.9982,0.541,0.971,0.07,-0.0,-0.01,0.007,0.0,-0.0,0.0,-0.12,-0.12,-0.12,0.0,0.0,0.0,0.0,1.0
54475.0,-27.027,-5.9435,-17.9987,0.293,1.01,0.282,-0.012,-0.022,0.0,0.0,-0.0,0.0,-0.12,-0.12,-0.12,0.0,0.0,0.0,0.0,1.0
54483.0,-27.0225,-5.9415,-17.9966,0.302,0.923,-0.063,-0.017,-0.036,0.007,-0.0,-0.0,0.0,-0.12,-0.12,-0.12,0.0,0.0,0.0,0.0,1.0
54491.0,-27.0131,-5.9377,-17.9921,0.274,1.173,-0.071,-0.003,-0.044,-0.003,-0.0,-0.0,0.0,-0.12,-0.12,-0.12,0.0,0.0,0.0,0.0,1.0
54499.0,-27.0061,-5.9367,-17.9869,0.375,1.122,-0.12,0.004,-0.055,-0.001,-0.0,-0.0,0.0,-0.12,-0.12,-0.12,0.0,0.0,0.0,0.0,1.0
54507.0,-27.0022,-5.932,-17.9881,-0.009,1.304,-0.024,0.009,-0.052,-0.005,-0.0,-0.0,0.0,-0.12,-0.12,-0.12,0.0,0.0,0.0,0.0,1.0
54514.0,-27.0026,-5.9268,-17.9934,-0.215,1.334,-0.166,0.012,-0.033,0.0,-0.0,-0.0,0.0,-0.12,-0.12,-0.12,0.0,0.0,0.0,0.0,1.0
54522.0,-27.0052,-5.9202,-18.0022,-0.415,1.433,-0.067,0.012,-0.028,-0.004,0.0,-0.0,0.0,-0.12,-0.12,-0.12,0.0,0.0,0.0,0.0,1.0
54530.0,-27.0042,-5.9086,-18.0126,-0.16,1.076,0.352,0.012,0.006,-0.001,0.0,-0.0,0.0,-0.12,-0.12,-0.12,0.0,0.0,0.0,0.0,1.0
54537.0,-27.002,-5.8977,-18.0213,0.109,1.091,0.279,-0.019,0.035,0.006,0.0,-0.0,0.0,-0.12,-0.12,-0.12,0.0,0.0,0.0,0.0,1.0
54545.0,-27.0003,-5.8857,-18.0315,0.173,0.748,0.452,-0.008,0.059,0.002,0.0,-0.0,0.0,-0.12,-0.12,-0.12,0.0,0.0,0.0,0.0,1.0
54553.0,-26.995,-5.8699,-18.0422,0.046,0.29,0.51,-0.0,0.063,-0.003,0.0,-0.0,0.0,-0.12,-0.12,-0.12,0.0,0.0,0.0,0.0,1.0
54561.0,-26.9878,-5.8562,-18.0491,0.175,-0.137,0.598,-0.009,0.065,0.01,0.0,-0.0,0.0,-0.12,-0.12,-0.12,0.0,0.0,0.0,0.0,1.0
54568.0,-26.9804,-5.8488,-18.0498,0.283,-0.487,0.419,-0.0,0.063,0.008,0.0,-0.0,0.0,-0.12,-0.12,-0.12,0.0,0.0,0.0,0.0,1.0
54576.0,-26.9729,-5.8431,-18.0488,0.336,-0.925,0.067,-0.001,0.049,0.006,0.0,-0.0,0.0,-0.12,-0.12,-0.12,0.0,0.0,0.0,0.0,1.0
54584.0,-26.9667,-5.8425,-18.044,0.232,-1.245,0.177,0.01,0.024,0.011,0.0,0.0,0.0,-0.12,-0.12,-0.12,0.0,0.0,0.0,0.0,1.0
54592.0,-26.9628,-5.8445,-18.0386,0.006,-1.395,0.027,0.032,-0.011,-0.002,0.0,0.0,0.0,-0.12,-0.12,-0.12,0.0,0.0,0.0,0.0,1.0
54600.0,-26.9624,-5.8501,-18.0328,0.08,-1.738,-0.231,0.032,-0.03,0.006,0.0,-0.0,0.0,-0.12,-0.12,-0.12,0.0,0.0,0.0,0.0,1.0
54607.0,-26.9632,-5.8604,-18.0234,0.195,-1.934,-0.254,0.031,-0.059,-0.004,0.0,-0.0,0.0,-0.12,-0.12,-0.12,0.0,0.0,0.0,0.0,1.0
54615.0,-26.965,-5.8709,-18.0148,0.124,-2.005,-0.324,0.014,-0.075,-0.006,0.0,-0.0,0.0,-0.12,-0.12,-0.12,0.0,0.0,0.0,0.0,1.0
54623.0,-26.9717,-5.8843,-18.0076,0.054,-2.205,-0.265,0.012,-0.08,0.009,0.0,-0.0,0.0,-0.12,-0.12,-0.12,0.0,0.0,0.0,0.0,1.0
54630.0,-26.9792,-5.8982,-18.0007,-0.017,-2.447,-0.163,-0.001,-0.07,0.005,0.0,-0.0,0.0,-0.12,-0.12,-0.12,0.0,0.0,0.0,0.0,1.0
54638.0,-26.9858,-5.9136,-17.9916,0.054,-2.506,0.037,-0.015,-0.04,0.003,0.0,-0.0,0.0,-0.12,-0.12,-0.12,0.0,0.0,0.0,0.0,1.0
54646.0,-26.9935,-5.928,-17.9843,0.068,-2.523,-0.067,-0.022,-0.02,0.003,0.0,-0.0,0.0,-0.12,-0.12,-0.12,0.0,0.0,0.0,0.0,1.0
54654.0,-26.9982,-5.9453,-17.9715,0.062,-2.722,-0.179,-0.022,0.007,-0.002,0.0,-0.0,0.0,-0.12,-0.12,-0.12,0.0,0.0,0.0,0.0,1.0
54662.0,-27.004,-5.9615,-17.9609,0.156,-3.057,-0.255,-0.021,0.016,0.005,0.0,-0.0,0.0,-0.12,-0.12,-0.12,0.0,0.0,0.0,0.0,1.0
54669.0,-27.0117,-5.9767,-17.9528,-0.079,-2.819,-0.363,-0.027,0.037,-0.002,0.0,-0.0,0.0,-0.12,-0.12,-0.12,0.0,0.0,0.0,0.0,1.0
54677.0,-27.0171,-5.9929,-17.9419,-0.008,-2.835,-0.206,-0.019,0.047,0.007,0.0,-0.0,0.0,-0.12,-0.12,-0.12,0.0,0.0,0.0,0.0,1.0
54685.0,-27.0244,-6.0101,-17.9314,-0.093,-2.716,-0.346,-0.017,0.06,0.0,0.0,-0.0,0.0,-0.12,-0.12,-0.12,0.0,0.0,0.0,0.0,1.0
54693.0,-27.0351,-6.0278,-17.9237,-0.134,-2.993,-0.45,-0.011,0.047,-0.003,0.0,-0.0,0.0,-0.12,-0.12,-0.12,0.0,0.0,0.0,0.0,1.0
54701.0,-27.0457,-6.0514,-17.91,0.086,-3.084,-0.368,0.007,0.041,-0.008,0.0,-0.0,0.0,-0.12,-0.12,-0.12,0.0,0.0,0.0,0.0,1.0
54709.0,-27.0545,-6.0717,-17.8981,0.027,-2.887,-0.085,0.023,0.031,-0.002,0.0,-0.0,0.0,-0.12,-0.12,-0.12,0.0,0.0,0.0,0.0,1.0
54716.0,-27.0634,-6.0942,-17.8839,-0.134,-2.994,-0.45,0.01,0.013,0.0,0.0,-0.0,0.0,-0.12,-0.12,-0.12,0.0,0.0,0.0,0.0,1.0
54724.0,-27.0722,-6.1152,-17.8712,0.107,-3.162,-0.1,0.009,-0.016,-0.001,0.0,-0.0,0.0,-0.12,-0.12,-0.12,0.0,0.0,0.0,0.0,1.0
54732.0,-27.0811,-6.136,-17.8587,0.092,-3.059,-0.083,-0.009,-0.03,0.002,0.0,-0.0,0.0,-0.12,-0.12,-0.12,0.0,0.0,0.0,0.0,1.0
54740.0,-27.0939,-6.1625,-17.8443,0.191,-2.938,-0.306,-0.007,-0.047,0.002,0.0,-0.0,0.0,-0.12,-0.12,-0.12,0.0,0.0,0.0,0.0,1.0
54747.0,-27.1036,-6.1873,-17.8286,0.042,-2.864,-0.231,-0.023,-0.049,-0.004,0.0,-0.0,0.0,-0.12,-0.12,-0.12,0.0,0.0,0.0,0.0,1.0
54755.0,-27.115,-6.2154,-17.8112,-0.058,-2.557,-0.44,0.0,-0.062,0.006,0.0,-0.0,0.0,-0.12,-0.12,-0.12,0.0,0.0,0.0,0.0,1.0
54763.0,-27.1247,-6.2414,-17.7946,0.359,-2.292,-0.172,-0.005,-0.048,-0.005,0.0,-0.0,0.0,-0.12,-0.12,-0.12,0.0,0.0,0.0,0.0,1.0
54771.0,-27.1371,-6.2663,-17.7811,-0.145,-1.984,-0.295,-0.004,-0.05,0.002,0.0,-0.0,0.0,-0.12,-0.12,-0.12,0.0,0.0,0.0,0.0,1.0
54778.0,-27.1488,-6.289,-17.7694,-0.148,-1.356,-0.182,0.001,-0.033,-0.003,0.0,-0.0,0.0,-0.12,-0.12,-0.12,0.0,0.0,0.0,0.0,1.0
54786.0,-27.1596,-6.3081,-17.7602,-0.271,-1.162,0.272,0.01,-0.024,-0.008,0.0,-0.0,0.0,-0.12,-0.12,-0.12,0.0,0.0,0.0,0.0,1.0
54794.0,-27.1648,-6.3169,-17.7563,-0.201,-1.091,0.343,0.018,-0.004,-0.007,0.0,-0.0,0.0,-0.12,-0.12,-0.12,0.0,0.0,0.0,0.0,1.0
54802.0,-27.1669,-6.3187,-17.7564,-0.222,-1.186,0.247,0.014,0.02,0.004,0.0,-0.0,0.0,-0.12,-0.12,-0.12,0.0,0.0,0.0,0.0,1.0
54809.0,-27.1675,-6.3209,-17.7548,-0.066,-1.277,0.501,0.004,0.035,0.002,0.0,-0.0,0.0,-0.12,-0.12,-0.12,0.0,0.0,0.0,0.0,1.0
54817.0,-27.1678,-6.323,-17.7531,-0.369,-1.394,-0.135,0.006,0.055,0.005,0.0,-0.0,0.0,-0.12,-0.12,-0.12,0.0,0.0,0.0,0.0,1.0
54825.0,-27.1654,-6.3256,-17.7483,0.016,-1.662,-0.145,-0.002,0.064,-0.005,0.0,-0.0,0.0,-0.12,-0.12,-0.12,0.0,0.0,0.0,0.0,1.0
54833.0,-27.1645,-6.3302,-17.7431,-0.025,-1.722,-0.465,-0.01,0.058,-0.006,0.0,-0.0,0.0,-0.12,-0.12,-0.12,0.0,0.0,0.0,0.0,1.0
54840.0,-27.1707,-6.3388,-17.7402,-0.394,-1.859,-0.17,-0.003,0.05,-0.002,0.0,-0.0,0.0,-0.12,-0.12,-0.12,0.0,0.0,0.0,0.0,1.0
54848.0,-27.1781,-6.3493,-17.7365,-0.415,-2.17,-0.05,-0.007,0.02,0.006,0.0,-0.0,0.0,-0.12,-0.12,-0.12,0.0,0.0,0.0,0.0,1.0
54856.0,-27.1874,-6.3624,-17.7319,-0.21,-1.984,-0.124,-0.01,0.019,-0.009,0.0,-0.0,0.0,-0.12,-0.12,-0.12,0.0,0.0,0.0,0.0,1.0
54864.0,-27.2009,-6.3777,-17.7288,0.229,-2.036,-0.09,-0.015,0.004,0.004,0.0,-0.0,0.0,-0.12,-0.12,-0.12,0.0,0.0,0.0,0.0,1.0
54872.0,-27.2118,-6.3956,-17.721,-0.071,-1.974,0.146,-0.009,-0.016,0.0,0.0,-0.0,0.0,-0.12,-0.12,-0.12,0.0,0.0,0.0,0.0,1.0
54879.0,-27.2207,-6.4126,-17.7122,-0.08,-1.846,0.447,-0.005,-0.031,-0.001,0.0,-0.0,0.0,-0.12,-0.12,-0.12,0.0,0.0,0.0,0.0,1.0
54887.0,-27.2282,-6.4251,-17.7066,-0.18,-1.71,0.411,0.007,-0.027,0.004,0.0,-0.0,0.0,-0.12,-0.12,-0.12,0.0,0.0,0.0,0.0,1.0
54895.0,-27.231,-6.4378,-17.6968,0.295,-1.597,0.351,0.013,-0.042,0.004,0.0,-0.0,0.0,-0.12,-0.12,-0.12,0.0,0.0,0.0,0.0,1.0
54902.0,-27.2295,-6.4498,-17.6838,0.281,-1.667,0.541,0.005,-0.033,-0.001,0.0,-0.0,0.0,-0.12,-0.12,-0.12,0.0,0.0,0.0,0.0,1.0
54910.0,-27.2306,-6.4619,-17.673,0.097,-1.369,0.322,0.01,-0.027,-0.006,0.0,-0.0,0.0,-0.12,-0.12,-0.12,0.0,0.0,0.0,0.0,1.0
54918.0,-27.23,-6.4686,-17.666,-0.128,-1.606,0.258,-0.003,-0.021,0.006,0.0,-0.0,0.0,-0.12,-0.12,-0.12,0.0,0.0,0.0,0.0,1.0
54926.0,-27.2304,-6.4759,-17.6592,-0.049,-1.664,0.026,0.018,-0.008,-0.002,0.0,-0.0,0.0,-0.12,-0.12,-0.12,0.0,0.0,0.0,0.0,1.0
54934.0,-27.2326,-6.4817,-17.6555,-0.19,-1.632,-0.287,-0.001,0.007,-0.003,0.0,-0.0,0.0,-0.12,-0.12,-0.12,0.0,0.0,0.0,0.0,1.0
54941.0,-27.2361,-6.4896,-17.6508,0.001,-1.645,-0.042,-0.004,0.02,-0.004,0.0,-0.0,0.0,-0.12,-0.12,-0.12,0.0,0.0,0.0,0.0,1.0
54950.0,-27.2432,-6.5013,-17.6456,-0.233,-1.538,-0.02,-0.023,0.031,-0.002,0.0,-0.0,0.0,-0.12,-0.12,-0.12,0.0,0.0,0.0,0.0,1.0
54957.0,-27.251,-6.5111,-17.643,-0.064,-1.69,0.173,0.002,0.026,-0.01,0.0,-0.0,0.0,-0.12,-0.12,-0.12,0.0,0.0,0.0,0.0,1.0
54965.0,-27.2587,-6.5209,-17.6403,-0.191,-1.934,0.014,-0.01,0.022,0.001,0.0,-0.0,0.0,-0.12,-0.12,-0.12,0.0,0.0,0.0,0.0,1.0
54973.0,-27.2659,-6.5359,-17.6319,-0.185,-1.736,0.127,-0.008,0.018,-0.006,0.0,-0.0,0.0,-0.12,-0.12,-0.12,0.0,0.0,0.0,0.0,1.0
54981.0,-27.2733,-6.5484,-17.6263,0.134,-1.79,0.072,-0.009,-0.002,0.011,0.0,-0.0,0.0,-0.12,-0.12,-0.12,0.0,0.0,0.0,0.0,1.0
54988.0,-27.2785,-6.556,-17.6235,0.055,-1.817,0.39,-0.003,-0.008,0.005,0.0,-0.0,0.0,-0.12,-0.12,-0.12,0.0,0.0,0.0,0.0,1.0
54996.0,-27.2805,-6.5614,-17.62,0.084,-2.152,0.485,-0.003,-0.019,0.007,0.0,-0.0,0.0,-0.12,-0.12,-0.12,0.0,0.0,0.0,0.0,1.0
55004.0,-27.2795,-6.5708,-17.6099,-0.056,-2.464,0.517,0.027,-0.014,0.007,0.0,-0.0,0.0,-0.12,-0.12,-0.12,0.0,0.0,0.0,0.0,1.0
55011.0,-27.2788,-6.5833,-17.5972,-0.062,-2.447,0.189,0.013,-0.015,-0.007,0.0,-0.0,0.0,-0.12,-0.12,-0.12,0.0,0.0,0.0,0.0,1.0
55019.0,-27.28,-6.5957,-17.5862,-0.187,-2.604,-0.054,0.015,-0.016,0.004,0.0,-0.0,0.0,-0.12,-0.12,-0.12,0.0,0.0,0.0,0.0,1.0
55027.0,-27.2802,-6.6037,-17.5786,-0.292,-2.881,0.013,0.008,-0.02,-0.008,0.0,-0.0,0.0,-0.12,-0.12,-0.12,0.0,0.0,0.0,0.0,1.0
55035.0,-27.286,-6.6175,-17.5702,-0.383,-3.089,-0.11,0.016,-0.028,-0.008,0.0,-0.0,0.0,-0.12,-0.12,-0.12,0.0,0.0,0.0,0.0,1.0
55043.0,-27.293,-6.6318,-17.5624,-0.418,-3.124,-0.145,-0.008,-0.019,-0.002,0.0,-0.0,0.0,-0.12,-0.12,-0.12,0.0,0.0,0.0,0.0,1.0
55050.0,-27.303,-6.6491,-17.5543,-0.489,-3.28,-0.129,-0.013,0.004,-0.004,0.0,-0.0,0.0,-0.12,-0.12,-0.12,0.0,0.0,0.0,0.0,1.0
55058.0,-27.3151,-6.6692,-17.5455,-0.396,-3.528,-0.291,-0.024,0.002,-0.002,0.0,-0.0,0.0,-0.12,-0.12,-0.12,0.0,0.0,0.0,0.0,1.0
55066.0,-27.3258,-6.6863,-17.5382,-0.396,-3.873,0.054,-0.028,0.018,-0.006,0.0,-0.0,0.0,-0.12,-0.12,-0.12,0.0,0.0,0.0,0.0,1.0
55074.0,-27.3399,-6.7064,-17.5311,-0.162,-4.109,0.161,-0.026,0.034,-0.0,0.0,-0.0,0.0,-0.12,-0.12,-0.12,0.0,0.0,0.0,0.0,1.0
55081.0,-27.354,-6.7239,-17.5265,0.021,-4.147,0.121,-0.029,0.017,0.002,-0.0,-0.0,0.0,-0.12,-0.12,-0.12,0.0,0.0,0.0,0.0,1.0
55089.0,-27.367,-6.7499,-17.5126,0.235,-4.566,0.22,-0.034,0.016,-0.002,-0.0,-0.0,0.0,-0.12,-0.12,-0.12,0.0,0.0,0.0,0.0,1.0
55097.0,-27.3815,-6.7771,-17.4989,0.084,-4.62,0.423,-0.014,-0.007,0.014,-0.0,-0.0,0.0,-0.12,-0.12,-0.12,0.0,0.0,0.0,0.0,1.0
55105.0,-27.3888,-6.8074,-17.4757,0.214,-4.92,0.383,-0.027,-0.017,0.0,-0.0,-0.0,0.0,-0.12,-0.12,-0.12,0.0,0.0,0.0,0.0,1.0
55113.0,-27.3921,-6.8374,-17.4494,0.13,-4.801,0.244,-0.002,-0.026,0.016,-0.0,-0.0,0.0,-0.12,-0.12,-0.12,0.0,0.0,0.0,0.0,1.0
55120.0,-27.3984,-6.8701,-17.4231,-0.109,-5.022,0.283,0.0,-0.047,-0.012,-0.0,-0.0,0.0,-0.12,-0.12,-0.12,0.0,0.0,0.0,0.0,1.0
55128.0,-27.4057,-6.9035,-17.397,-0.009,-4.598,-0.241,0.004,-0.067,-0.0,-0.0,-0.0,0.0,-0.12,-0.12,-0.12,0.0,0.0,0.0,0.0,1.0
55136.0,-27.416,-6.936,-17.3745,-0.243,-4.491,-0.219,0.011,-0.059,-0.016,-0.0,-0.0,0.0,-0.12,-0.12,-0.12,0.0,0.0,0.0,0.0,1.0
55144.0,-27.4277,-6.9684,-17.3532,-0.532,-4.342,-0.501,0.033,-0.054,0.002,-0.0,-0.0,0.0,-0.12,-0.12,-0.12,0.0,0.0,0.0,0.0,1.0
55151.0,-27.4409,-6.9981,-17.3358,-0.192,-4.258,-0.502,0.031,-0.043,-0.009,0.0,-0.0,0.0,-0.12,-0.12,-0.12,0.0,0.0,0.0,0.0,1.0
55159.0,-27.4542,-7.0249,-17.3215,-0.221,-4.137,-0.382,0.042,-0.03,-0.002,0.0,-0.0,0.0,-0.12,-0.12,-0.12,0.0,0.0,0.0,0.0,1.0
55167.0,-27.4746,-7.0568,-17.3084,-0.243,-4.32,-0.392,0.027,0.006,0.006,0.0,-0.0,0.0,-0.12,-0.12,-0.12,0.0,0.0,0.0,0.0,1.0
55175.0,-27.4935,-7.0902,-17.2925,-0.232,-4.14,0.048,0.024,0.007,0.004,0.0,-0.0,0.0,-0.12,-0.12,-0.12,0.0,0.0,0.0,0.0,1.0
55182.0,-27.5118,-7.1196,-17.28,-0.127,-3.948,0.067,0.016,0.025,0.001,0.0,-0.0,0.0,-0.12,-0.12,-0.12,0.0,0.0,0.0,0.0,1.0
55190.0,-27.5255,-7.1462,-17.2661,0.013,-3.678,0.078,0.01,0.055,-0.001,0.0,-0.0,0.0,-0.12,-0.12,-0.12,0.0,0.0,0.0,0.0,1.0
55198.0,-27.5376,-7.1742,-17.2495,-0.072,-3.819,0.197,-0.002,0.044,0.006,0.0,-0.0,0.0,-0.12,-0.12,-0.12,0.0,0.0,0.0,0.0,1.0
55205.0,-27.5494,-7.2037,-17.2312,-0.045,-3.612,0.491,-0.01,0.045,-0.004,0.0,-0.0,0.0,-0.12,-0.12,-0.12,0.0,0.0,0.0,0.0,1.0
55213.0,-27.557,-7.2289,-17.2133,-0.095,-3.458,0.387,-0.017,0.053,0.005,0.0,-0.0,0.0,-0.12,-0.12,-0.12,0.0,0.0,0.0,0.0,1.0
55221.0,-27.5616,-7.2511,-17.1957,-0.15,-3.46,0.127,-0.035,0.041,-0.011,0.0,-0.0,0.0,-0.12,-0.12,-0.12,0.0,0.0,0.0,0.0,1.0
55229.0,-27.5665,-7.2734,-17.1783,-0.349,-3.403,0.271,-0.042,0.013,-0.008,0.0,-0.0,0.0,-0.12,-0.12,-0.12,0.0,0.0,0.0,0.0,1.0
55237.0,-27.5726,-7.2896,-17.1679,-0.305,-3.497,0.004,-0.047,-0.005,-0.001,-0.0,-0.0,0.0,-0.12,-0.12,-0.12,0.0,0.0,0.0,0.0,1.0
55244.0,-27.5803,-7.3108,-17.154,-0.149,-3.502,0.171,-0.03,-0.021,0.004,-0.0,-0.0,0.0,-0.12,-0.12,-0.12,0.0,0.0,0.0,0.0,1.0
55252.0,-27.5879,-7.3321,-17.1399,-0.225,-3.728,-0.055,-0.021,-0.03,-0.008,-0.0,-0.0,0.0,-0.12,-0.12,-0.12,0.0,0.0,0.0,0.0,1.0
55260.0,-27.5974,-7.3555,-17.1256,-0.155,-3.442,-0.2,-0.004,-0.042,-0.006,-0.0,-0.0,0.0,-0.12,-0.12,-0.12,0.0,0.0,0.0,0.0,1.0
55268.0,-27.6087,-7.3799,-17.1117,-0.19,-3.521,-0.192,0.015,-0.05,-0.006,-0.0,-0.0,0.0,-0.12,-0.12,-0.12,0.0,0.0,0.0,0.0,1.0
55275.0,-27.6215,-7.4055,-17.0981,-0.369,-3.241,-0.083,0.031,-0.043,-0.002,-0.0,-0.0,0.0,-0.12,-0.12,-0.12,0.0,0.0,0.0,0.0,1.0
55283.0,-27.6347,-7.431,-17.0848,-0.483,-3.045,-0.06,0.035,-0.023,0.002,-0.0,-0.0,0.0,-0.12,-0.12,-0.12,0.0,0.0,0.0,0.0,1.0
55291.0,-27.6452,-7.4534,-17.0722,-0.313,-3.111,0.047,0.032,0.005,0.01,0.0,-0.0,0.0,-0.12,-0.12,-0.12,0.0,0.0,0.0,0.0,1.0
55299.0,-27.6569,-7.4753,-17.0613,-0.272,-2.749,0.065,0.035,0.018,0.002,0.0,-0.0,0.0,-0.12,-0.12,-0.12,0.0,0.0,0.0,0.0,1.0
55307.0,-27.6652,-7.4954,-17.0489,-0.032,-2.787,0.285,0.027,0.032,-0.0,0.0,-0.0,0.0,-0.12,-0.12,-0.12,0.0,0.0,0.0,0.0,1.0
55315.0,-27.6743,-7.5162,-17.0367,-0.217,-2.662,0.239,0.025,0.025,0.005,0.0,-0.0,0.0,-0.12,-0.12,-0.12,0.0,0.0,0.0,0.0,1.0
55322.0,-27.6831,-7.5325,-17.0285,-0.317,-2.526,0.202,0.012,0.046,-0.005,0.0,-0.0,0.0,-0.12,-0.12,-0.12,0.0,0.0,0.0,0.0,1.0
55330.0,-27.6884,-7.5461,-17.02,-0.147,-2.548,0.266,-0.013,0.059,-0.003,0.0,-0.0,0.0,-0.12,-0.12,-0.12,0.0,0.0,0.0,0.0,1.0
55338.0,-27.6921,-7.5582,-17.0116,-0.308,-2.741,-0.014,-0.022,0.038,-0.002,0.0,-0.0,0.0,-0.12,-0.12,-0.12,0.0,0.0,0.0,0.0,1.0
55346.0,-27.694,-7.5713,-17.0004,-0.087,-2.788,0.026,-0.029,0.014,-0.005,0.0,-0.0,0.0,-0.12,-0.12,-0.12,0.0,0.0,0.0,0.0,1.0
55353.0,-27.7001,-7.5855,-16.992,-0.137,-2.676,-0.036,-0.034,-0.018,-0.008,0.0,-0.0,0.0,-0.12,-0.12,-0.12,0.0,0.0,0.0,0.0,1.0
55361.0,-27.7078,-7.5996,-16.9849,-0.428,-2.397,-0.447,-0.05,-0.034,-0.005,0.0,-0.0,0.0,-0.12,-0.12,-0.12,0.0,0.0,0.0,0.0,1.0
55369.0,-27.7168,-7.6133,-16.9795,-0.308,-2.696,-0.057,-0.033,-0.06,0.002,-0.0,-0.0,0.0,-0.12,-0.12,-0.12,0.0,0.0,0.0,0.0,1.0
55377.0,-27.7247,-7.6266,-16.9736,-0.138,-2.502,-0.209,-0.026,-0.065,-0.004,-0.0,-0.0,0.0,-0.12,-0.12,-0.12,0.0,0.0,0.0,0.0,1.0
55385.0,-27.7345,-7.6423,-16.9668,-0.188,-2.521,-0.141,-0.022,-0.063,-0.005,-0.0,-0.0,0.0,-0.12,-0.12,-0.12,0.0,0.0,0.0,0.0,1.0
55392.0,-27.7433,-7.6587,-16.9586,-0.124,-2.692,-0.14,-0.006,-0.037,0.0,-0.0,-0.0,0.0,-0.12,-0.12,-0.12,0.0,0.0,0.0,0.0,1.0
55400.0,-27.7538,-7.6783,-16.9488,-0.118,-2.71,0.188,0.017,-0.025,0.001,-0.0,-0.0,0.0,-0.12,-0.12,-0.12,0.0,0.0,0.0,0.0,1.0
55408.0,-27.763,-7.6973,-16.9384,0.016,-2.509,-0.043,0.014,-0.002,0.015,-0.0,-0.0,0.0,-0.12,-0.12,-0.12,0.0,0.0,0.0,0.0,1.0
55416.0,-27.7682,-7.7135,-16.9272,-0.033,-2.441,-0.061,0.031,0.018,0.005,-0.0,-0.0,0.0,-0.12,-0.12,-0.12,0.0,0.0,0.0,0.0,1.0
55424.0,-27.7725,-7.7278,-16.9171,0.093,-2.197,0.097,0.031,0.043,-0.008,-0.0,-0.0,0.0,-0.12,-0.12,-0.12,0.0,0.0,0.0,0.0,1.0
55432.0,-27.7753,-7.7398,-16.9078,-0.012,-2.259,-0.051,0.031,0.055,-0.002,0.0,-0.0,0.0,-0.12,-0.12,-0.12,0.0,0.0,0.0,0.0,1.0
55439.0,-27.78,-7.7555,-16.8968,-0.147,-2.115,-0.166,0.018,0.066,-0.004,0.0,-0.0,0.0,-0.12,-0.12,-0.12,0.0,0.0,0.0,0.0,1.0
55447.0,-27.783,-7.7685,-16.8867,-0.217,-2.272,-0.15,0.042,0.051,0.008,0.0,-0.0,0.0,-0.12,-0.12,-0.12,0.0,0.0,0.0,0.0,1.0
55455.0,-27.7888,-7.7823,-16.8784,-0.181,-2.15,-0.201,-0.001,0.057,0.0,0.0,-0.0,0.0,-0.12,-0.12,-0.12,0.0,0.0,0.0,0.0,1.0
55462.0,-27.7967,-7.7918,-16.876,-0.273,-2.359,-0.324,0.014,0.033,0.003,0.0,-0.0,0.0,-0.12,-0.12,-0.12,0.0,0.0,0.0,0.0,1.0
55470.0,-27.8055,-7.8058,-16.8702,-0.083,-2.243,-0.208,-0.01,-0.003,-0.005,0.0,-0.0,0.0,-0.12,-0.12,-0.12,0.0,0.0,0.0,0.0,1.0
55478.0,-27.813,-7.819,-16.8639,-0.062,-2.32,0.06,-0.009,-0.004,0.006,0.0,-0.0,0.0,-0.12,-0.12,-0.12,0.0,0.0,0.0,0.0,1.0
55486.0,-27.8214,-7.8306,-16.86,-0.163,-2.313,0.152,-0.018,-0.024,0.001,0.0,-0.0,0.0,-0.12,-0.12,-0.12,0.0,0.0,0.0,0.0,1.0
55494.0,-27.8284,-7.8417,-16.8554,-0.242,-2.296,0.427,-0.014,-0.035,0.001,0.0,-0.0,0.0,-0.12,-0.12,-0.12,0.0,0.0,0.0,0.0,1.0
55501.0,-27.8314,-7.8506,-16.8494,-0.043,-2.567,0.5,-0.019,-0.041,0.004,0.0,-0.0,0.0,-0.12,-0.12,-0.12,0.0,0.0,0.0,0.0,1.0
55509.0,-27.834,-7.861,-16.8414,-0.069,-2.602,0.033,0.0,-0.039,-0.002,0.0,-0.0,0.0,-0.12,-0.12,-0.12,0.0,0.0,0.0,0.0,1.0
55517.0,-27.8336,-7.8725,-16.83,-0.019,-2.928,0.311,0.004,-0.035,-0.0,0.0,-0.0,0.0,-0.12,-0.12,-0.12,0.0,0.0,0.0,0.0,1.0
55525.0,-27.8368,-7.8866,-16.819,-0.074,-2.756,-0.122,-0.009,-0.021,0.0,0.0,-0.0,0.0,-0.12,-0.12,-0.12,0.0,0.0,0.0,0.0,1.0
55532.0,-27.8408,-7.9024,-16.8072,-0.051,-3.074,-0.354,-0.01,0.001,0.001,0.0,-0.0,0.0,-0.12,-0.12,-0.12,0.0,0.0,0.0,0.0,1.0
55540.0,-27.8461,-7.9184,-16.7962,-0.165,-3.007,-0.201,0.008,0.004,-0.009,0.0,-0.0,0.0,-0.12,-0.12,-0.12,0.0,0.0,0.0,0.0,1.0
55548.0,-27.8556,-7.9352,-16.7882,-0.185,-2.93,-0.469,0.015,0.023,0.002,0.0,-0.0,0.0,-0.12,-0.12,-0.12,0.0,0.0,0.0,0.0,1.0
55555.0,-27.8655,-7.958,-16.7748,0.02,-3.176,-0.111,0.01,0.028,-0.011,0.0,-0.0,0.0,-0.12,-0.12,-0.12,0.0,0.0,0.0,0.0,1.0
55563.0,-27.8783,-7.9726,-16.7717,-0.236,-3.034,-0.316,0.001,0.045,0.005,0.0,-0.0,0.0,-0.12,-0.12,-0.12,0.0,0.0,0.0,0.0,1.0
55571.0,-27.891,-7.996,-16.7601,-0.117,-3.205,-0.054,-0.02,0.028,-0.007,0.0,-0.0,0.0,-0.12,-0.12,-0.12,0.0,0.0,0.0,0.0,1.0
55579.0,-27.8979,-8.0125,-16.7502,0.153,-3.32,0.003,-0.014,0.024,0.009,0.0,-0.0,0.0,-0.12,-0.12,-0.12,0.0,0.0,0.0,0.0,1.0
55587.0,-27.9085,-8.0332,-16.7393,0.244,-3.068,0.082,-0.013,0.012,0.002,0.0,-0.0,0.0,-0.12,-0.12,-0.12,0.0,0.0,0.0,0.0,1.0
55594.0,-27.9182,-8.0535,-16.7281,-0.056,-2.703,0.015,-0.002,0.001,-0.001,0.0,-0.0,0.0,-0.12,-0.12,-0.12,0.0,0.0,0.0,0.0,1.0
55602.0,-27.9268,-8.0737,-16.716,-0.141,-2.93,0.221,0.002,-0.019,0.007,0.0,-0.0,0.0,-0.12,-0.12,-0.12,0.0,0.0,0.0,0.0,1.0
55610.0,-27.934,-8.0953,-16.7013,0.109,-2.839,-0.12,0.004,-0.032,-0.006,0.0,-0.0,0.0,-0.12,-0.12,-0.12,0.0,0.0,0.0,0.0,1.0
55618.0,-27.941,-8.1158,-16.6875,0.08,-2.762,0.044,0.005,-0.038,0.01,0.0,-0.0,0.0,-0.12,-0.12,-0.12,0.0,0.0,0.0,0.0,1.0
55625.0,-27.9488,-8.1343,-16.6764,-0.07,-2.429,-0.14,0.011,-0.049,0.008,0.0,-0.0,0.0,-0.12,-0.12,-0.12,0.0,0.0,0.0,0.0,1.0
55633.0,-27.9557,-8.1485,-16.6685,-0.044,-2.264,0.197,0.021,-0.049,-0.005,0.0,-0.0,0.0,-0.12,-0.12,-0.12,0.0,0.0,0.0,0.0,1.0
55641.0,-27.9602,-8.1683,-16.6532,-0.043,-2.265,0.197,0.019,-0.042,-0.003,0.0,-0.0,0.0,-0.12,-0.12,-0.12,0.0,0.0,0.0,0.0,1.0
55649.0,-27.9651,-8.1817,-16.6445,0.007,-2.247,0.129,0.024,-0.018,0.011,0.0,-0.0,0.0,-0.12,-0.12,-0.12,0.0,0.0,0.0,0.0,1.0
55656.0,-27.9689,-8.1958,-16.6341,0.241,-2.139,-0.108,0.014,-0.001,-0.006,0.0,-0.0,0.0,-0.12,-0.12,-0.12,0.0,0.0,0.0,0.0,1.0
55664.0,-27.9686,-8.2089,-16.6212,0.049,-1.841,0.105,0.008,-0.007,-0.004,0.0,-0.0,0.0,-0.12,-0.12,-0.12,0.0,0.0,0.0,0.0,1.0
55672.0,-27.9713,-8.2264,-16.6065,0.099,-1.824,0.037,0.003,0.013,0.0,0.0,-0.0,0.0,-0.12,-0.12,-0.12,0.0,0.0,0.0,0.0,1.0
55680.0,-27.9725,-8.2364,-16.5978,-0.214,-1.312,-0.055,-0.009,0.025,0.007,0.0,-0.0,0.0,-0.12,-0.12,-0.12,0.0,0.0,0.0,0.0,1.0
55687.0,-27.9778,-8.2465,-16.5926,-0.014,-1.412,-0.155,-0.009,0.027,0.002,0.0,-0.0,0.0,-0.12,-0.12,-0.12,0.0,0.0,0.0,0.0,1.0
55695.0,-27.9816,-8.2565,-16.5863,-0.263,-1.115,-0.203,-0.015,0.02,-0.007,0.0,-0.0,0.0,-0.12,-0.12,-0.12,0.0,0.0,0.0,0.0,1.0
55703.0,-27.9885,-8.266,-16.5831,-0.158,-0.924,-0.183,-0.008,0.034,0.005,0.0,-0.0,0.0,-0.12,-0.12,-0.12,0.0,0.0,0.0,0.0,1.0
55711.0,-27.9972,-8.2735,-16.5834,-0.302,-0.867,0.219,-0.012,0.018,0.0,0.0,-0.0,0.0,-0.12,-0.12,-0.12,0.0,0.0,0.0,0.0,1.0
55718.0,-28.0065,-8.2787,-16.5865,-0.353,-0.755,0.157,-0.014,0.014,0.003,0.0,-0.0,0.0,-0.12,-0.12,-0.12,0.0,0.0,0.0,0.0,1.0
55726.0,-28.0104,-8.2824,-16.5863,0.121,-0.685,0.14,-0.015,0.015,-0.007,0.0,-0.0,0.0,-0.12,-0.12,-0.12,0.0,0.0,0.0,0.0,1.0
55734.0,-28.0122,-8.2815,-16.5888,0.135,-0.831,0.166,-0.027,0.01,-0.011,0.0,-0.0,0.0,-0.12,-0.12,-0.12,0.0,0.0,0.0,0.0,1.0
55742.0,-28.0147,-8.284,-16.5886,-0.05,-0.834,0.248,-0.016,0.018,-0.009,-0.0,-0.0,0.0,-0.12,-0.12,-0.12,0.0,0.0,0.0,0.0,1.0
55749.0,-28.0118,-8.2822,-16.5878,0.086,-1.02,0.406,-0.014,0.036,0.003,-0.0,-0.0,0.0,-0.12,-0.12,-0.12,0.0,0.0,0.0,0.0,1.0
55757.0,-28.0114,-8.2833,-16.5864,-0.091,-1.195,0.23,-0.001,0.024,0.002,-0.0,-0.0,0.0,-0.12,-0.12,-0.12,0.0,0.0,0.0,0.0,1.0
55765.0,-28.0101,-8.2869,-16.5817,0.053,-1.425,0.0,0.013,0.021,0.01,-0.0,-0.0,0.0,-0.12,-0.12,-0.12,0.0,0.0,0.0,0.0,1.0
55773.0,-28.0074,-8.2927,-16.5737,0.204,-1.456,-0.117,0.018,-0.003,0.003,0.0,-0.0,0.0,-0.12,-0.12,-0.12,0.0,0.0,0.0,0.0,1.0
55781.0,-28.0074,-8.2994,-16.5672,0.049,-1.45,-0.284,0.021,0.007,-0.001,0.0,-0.0,0.0,-0.12,-0.12,-0.12,0.0,0.0,0.0,0.0,1.0
55788.0,-28.0103,-8.3069,-16.5624,-0.136,-1.626,-0.029,0.033,-0.016,-0.003,0.0,-0.0,0.0,-0.12,-0.12,-0.12,0.0,0.0,0.0,0.0,1.0
55796.0,-28.0132,-8.3136,-16.5584,-0.157,-1.548,-0.297,0.021,-0.013,0.003,0.0,-0.0,0.0,-0.12,-0.12,-0.12,0.0,0.0,0.0,0.0,1.0
55804.0,-28.0175,-8.3211,-16.555,-0.207,-1.696,-0.099,0.018,-0.014,-0.005,0.0,-0.0,0.0,-0.12,-0.12,-0.12,0.0,0.0,0.0,0.0,1.0
55812.0,-28.0223,-8.3297,-16.5508,-0.016,-1.407,-0.156,-0.015,-0.03,0.003,0.0,-0.0,0.0,-0.12,-0.12,-0.12,0.0,0.0,0.0,0.0,1.0
55819.0,-28.0261,-8.3374,-16.5466,-0.031,-1.476,0.034,-0.02,-0.02,0.007,0.0,-0.0,0.0,-0.12,-0.12,-0.12,0.0,0.0,0.0,0.0,1.0
55827.0,-28.0317,-8.3426,-16.5465,-0.151,-1.219,-0.314,-0.031,-0.016,-0.003,0.0,-0.0,0.0,-0.12,-0.12,-0.12,0.0,0.0,0.0,0.0,1.0
55835.0,-28.0364,-8.3501,-16.5433,-0.031,-1.605,0.163,-0.034,-0.01,0.006,0.0,-0.0,0.0,-0.12,-0.12,-0.12,0.0,0.0,0.0,0.0,1.0
55843.0,-28.0391,-8.359,-16.537,-0.046,-1.372,0.05,-0.047,-0.002,-0.002,-0.0,-0.0,0.0,-0.12,-0.12,-0.12,0.0,0.0,0.0,0.0,1.0
55850.0,-28.0391,-8.363,-16.5331,-0.046,-1.328,0.007,-0.039,0.021,0.001,-0.0,-0.0,0.0,-0.12,-0.12,-0.12,0.0,0.0,0.0,0.0,1.0
55858.0,-28.0398,-8.3744,-16.5227,0.055,-1.508,0.087,-0.022,0.023,0.0,-0.0,-0.0,0.0,-0.12,-0.12,-0.12,0.0,0.0,0.0,0.0,1.0
55866.0,-28.0411,-8.3828,-16.5156,0.21,-1.211,-0.048,0.002,0.035,0.001,-0.0,-0.0,0.0,-0.12,-0.12,-0.12,0.0,0.0,0.0,0.0,1.0
55874.0,-28.0444,-8.3921,-16.5095,-0.074,-1.209,0.128,0.022,0.026,-0.006,-0.0,-0.0,0.0,-0.12,-0.12,-0.12,0.0,0.0,0.0,0.0,1.0
55881.0,-28.0481,-8.3975,-16.5074,-0.01,-1.164,-0.087,0.026,0.005,0.004,-0.0,-0.0,0.0,-0.12,-0.12,-0.12,0.0,0.0,0.0,0.0,1.0
55889.0,-28.0533,-8.4042,-16.5055,-0.095,-1.045,-0.227,0.041,0.012,-0.001,0.0,-0.0,0.0,-0.12,-0.12,-0.12,0.0,0.0,0.0,0.0,1.0
55897.0,-28.0602,-8.4085,-16.5074,-0.225,-1.004,0.073,0.042,-0.02,-0.004,0.0,-0.0,0.0,-0.12,-0.12,-0.12,0.0,0.0,0.0,0.0,1.0
55905.0,-28.0646,-8.4143,-16.5056,0.15,-1.057,0.278,0.033,0.002,-0.006,0.0,-0.0,0.0,-0.12,-0.12,-0.12,0.0,0.0,0.0,0.0,1.0
55913.0,-28.0686,-8.4193,-16.5042,-0.211,-0.891,-0.161,0.005,-0.006,-0.003,0.0,-0.0,0.0,-0.12,-0.12,-0.12,0.0,0.0,0.0,0.0,1.0
55921.0,-28.0724,-8.4294,-16.4977,0.086,-0.929,0.32,-0.012,-0.012,0.006,0.0,-0.0,0.0,-0.12,-0.12,-0.12,0.0,0.0,0.0,0.0,1.0
55929.0,-28.0707,-8.4367,-16.4891,0.121,-0.721,0.183,-0.017,-0.004,-0.001,0.0,-0.0,0.0,-0.12,-0.12,-0.12,0.0,0.0,0.0,0.0,1.0
55937.0,-28.0646,-8.4432,-16.4774,0.172,-0.66,0.072,-0.02,-0.004,0.004,0.0,-0.0,0.0,-0.12,-0.12,-0.12,0.0,0.0,0.0,0.0,1.0
55945.0,-28.0582,-8.4449,-16.4702,0.153,-0.755,-0.022,-0.006,0.003,0.003,0.0,-0.0,0.0,-0.12,-0.12,-0.12,0.0,0.0,0.0,0.0,1.0
55953.0,-28.0579,-8.4499,-16.465,-0.287,-0.746,-0.013,-0.021,0.003,-0.003,0.0,-0.0,0.0,-0.12,-0.12,-0.12,0.0,0.0,0.0,0.0,1.0
55961.0,-28.0601,-8.4552,-16.4618,-0.371,-0.627,-0.153,-0.016,0.011,-0.015,0.0,-0.0,0.0,-0.12,-0.12,-0.12,0.0,0.0,0.0,0.0,1.0
55968.0,-28.0592,-8.4558,-16.4604,-0.201,-0.693,-0.046,-0.021,-0.004,-0.005,-0.0,-0.0,0.0,-0.12,-0.12,-0.12,0.0,0.0,0.0,0.0,1.0
55976.0,-28.0633,-8.4627,-16.4573,-0.195,-0.408,-0.02,0.001,-0.008,-0.007,-0.0,-0.0,0.0,-0.12,-0.12,-0.12,0.0,0.0,0.0,0.0,1.0
55984.0,-28.0673,-8.4705,-16.4532,-0.081,-0.562,-0.087,-0.006,-0.017,0.001,-0.0,-0.0,0.0,-0.12,-0.12,-0.12,0.0,0.0,0.0,0.0,1.0
55992.0,-28.0707,-8.4754,-16.4515,0.104,-0.559,-0.17,0.002,-0.014,-0.004,-0.0,-0.0,0.0,-0.12,-0.12,-0.12,0.0,0.0,0.0,0.0,1.0
56000.0,-28.0757,-8.4776,-16.4537,-0.501,-0.372,-0.07,-0.006,-0.012,0.002,-0.0,-0.0,0.0,-0.12,-0.12,-0.12,0.0,0.0,0.0,0.0,1.0
56008.0,-28.078,-8.4799,-16.4536,-0.246,-0.428,0.048,0.003,0.001,-0.009,-0.0,-0.0,0.0,-0.12,-0.12,-0.12,0.0,0.0,0.0,0.0,1.0
56015.0,-28.0814,-8.4838,-16.4527,-0.091,-0.261,0.042,0.011,-0.003,-0.006,-0.0,-0.0,0.0,-0.12,-0.12,-0.12,0.0,0.0,0.0,0.0,1.0
56023.0,-28.0818,-8.483,-16.4538,-0.12,0.076,-0.054,0.033,0.013,-0.006,0.0,-0.0,0.0,-0.12,-0.12,-0.12,0.0,0.0,0.0,0.0,1.0
56031.0,-28.0806,-8.4854,-16.4504,0.08,-0.197,0.02,0.038,0.024,0.002,0.0,-0.0,0.0,-0.12,-0.12,-0.12,0.0,0.0,0.0,0.0,1.0
56038.0,-28.0808,-8.4838,-16.4522,-0.12,-0.011,0.033,0.024,-0.01,0.003,0.0,-0.0,0.0,-0.12,-0.12,-0.12,0.0,0.0,0.0,0.0,1.0
56046.0,-28.079,-8.4823,-16.452,0.101,-0.144,0.158,0.033,-0.004,-0.012,0.0,-0.0,0.0,-0.12,-0.12,-0.12,0.0,0.0,0.0,0.0,1.0
56054.0,-28.0779,-8.4827,-16.4507,0.001,0.035,0.079,0.028,-0.013,0.003,0.0,-0.0,0.0,-0.12,-0.12,-0.12,0.0,0.0,0.0,0.0,1.0
56062.0,-28.0761,-8.4806,-16.4512,0.051,0.097,-0.033,0.021,-0.009,0.01,0.0,-0.0,0.0,-0.12,-0.12,-0.12,0.0,0.0,0.0,0.0,1.0
56070.0,-28.0764,-8.4802,-16.4518,-0.069,0.137,-0.164,-0.005,-0.012,0.002,0.0,-0.0,0.0,-0.12,-0.12,-0.12,0.0,0.0,0.0,0.0,1.0
56077.0,-28.0769,-8.4776,-16.4548,-0.24,-0.056,-0.013,-0.007,-0.008,-0.002,0.0,-0.0,0.0,-0.12,-0.12,-0.12,0.0,0.0,0.0,0.0,1.0
56085.0,-28.0762,-8.4758,-16.4559,-0.184,0.075,0.118,-0.023,0.001,-0.001,0.0,-0.0,0.0,-0.12,-0.12,-0.12,0.0,0.0,0.0,0.0,1.0
56093.0,-28.0757,-8.4709,-16.4602,-0.014,0.183,0.052,-0.015,0.009,0.004,0.0,-0.0,0.0,-0.12,-0.12,-0.12,0.0,0.0,0.0,0.0,1.0
56100.0,-28.0752,-8.4681,-16.4624,0.121,0.168,0.038,-0.035,0.015,0.009,0.0,-0.0,0.0,-0.12,-0.12,-0.12,0.0,0.0,0.0,0.0,1.0
56108.0,-28.0753,-8.4645,-16.4661,0.177,0.386,0.082,-0.032,0.01,-0.004,0.0,-0.0,0.0,-0.12,-0.12,-0.12,0.0,0.0,0.0,0.0,1.0
56116.0,-28.0744,-8.4618,-16.468,-0.014,0.14,0.095,-0.028,0.008,0.004,0.0,-0.0,0.0,-0.12,-0.12,-0.12,0.0,0.0,0.0,0.0,1.0
56124.0,-28.0745,-8.4599,-16.4698,-0.079,0.183,0.223,0.001,0.001,-0.001,0.0,-0.0,0.0,-0.12,-0.12,-0.12,0.0,0.0,0.0,0.0,1.0
56132.0,-28.0703,-8.458,-16.4681,0.007,0.322,0.104,0.023,-0.002,-0.002,0.0,-0.0,0.0,-0.12,-0.12,-0.12,0.0,0.0,0.0,0.0,1.0
56139.0,-28.0666,-8.4573,-16.4655,-0.219,0.042,0.083,0.016,-0.007,0.003,0.0,-0.0,0.0,-0.12,-0.12,-0.12,0.0,0.0,0.0,0.0,1.0
56147.0,-28.0631,-8.4519,-16.4676,0.13,0.041,-0.264,0.031,-0.012,-0.006,0.0,-0.0,0.0,-0.12,-0.12,-0.12,0.0,0.0,0.0,0.0,1.0
56155.0,-28.0671,-8.4471,-16.4759,-0.049,0.193,-0.027,0.025,-0.013,0.002,0.0,-0.0,0.0,-0.12,-0.12,-0.12,0.0,0.0,0.0,0.0,1.0
56163.0,-28.0696,-8.4415,-16.4835,-0.347,-0.157,-0.119,0.032,-0.026,0.002,0.0,-0.0,0.0,-0.12,-0.12,-0.12,0.0,0.0,0.0,0.0,1.0
56170.0,-28.0707,-8.4364,-16.4894,-0.007,-0.115,-0.078,0.008,-0.021,0.007,0.0,-0.0,0.0,-0.12,-0.12,-0.12,0.0,0.0,0.0,0.0,1.0
56178.0,-28.0717,-8.4372,-16.4895,0.263,-0.316,0.065,-0.001,-0.023,-0.001,0.0,-0.0,0.0,-0.12,-0.12,-0.12,0.0,0.0,0.0,0.0,1.0
56186.0,-28.0714,-8.4362,-16.4902,0.198,-0.188,0.107,-0.014,-0.016,0.001,0.0,-0.0,0.0,-0.12,-0.12,-0.12,0.0,0.0,0.0,0.0,1.0
56194.0,-28.0703,-8.4391,-16.4865,0.064,-0.303,0.251,-0.027,-0.002,0.0,0.0,-0.0,0.0,-0.12,-0.12,-0.12,0.0,0.0,0.0,0.0,1.0
56201.0,-28.0659,-8.4407,-16.4811,0.222,-0.55,-0.082,-0.032,-0.017,-0.005,0.0,-0.0,0.0,-0.12,-0.12,-0.12,0.0,0.0,0.0,0.0,1.0
56209.0,-28.0612,-8.4393,-16.4782,-0.047,-0.52,-0.052,-0.032,-0.005,0.003,0.0,-0.0,0.0,-0.12,-0.12,-0.12,0.0,0.0,0.0,0.0,1.0
56217.0,-28.0592,-8.4388,-16.4769,-0.046,-0.476,-0.095,-0.034,-0.02,0.002,0.0,-0.0,0.0,-0.12,-0.12,-0.12,0.0,0.0,0.0,0.0,1.0
56225.0,-28.057,-8.4402,-16.4736,-0.116,-0.46,-0.252,-0.011,-0.0,-0.004,0.0,-0.0,0.0,-0.12,-0.12,-0.12,0.0,0.0,0.0,0.0,1.0
56232.0,-28.0565,-8.4388,-16.4746,-0.066,-0.528,-0.234,-0.005,0.003,0.0,-0.0,-0.0,0.0,-0.12,-0.12,-0.12,0.0,0.0,0.0,0.0,1.0
56240.0,-28.0617,-8.4405,-16.4775,-0.237,-0.591,-0.211,0.002,0.01,-0.005,0.0,-0.0,0.0,-0.12,-0.12,-0.12,0.0,0.0,0.0,0.0,1.0
56248.0,-28.0666,-8.4467,-16.4757,0.103,-0.723,0.002,0.014,0.023,-0.008,0.0,-0.0,0.0,-0.12,-0.12,-0.12,0.0,0.0,0.0,0.0,1.0
56256.0,-28.0702,-8.4506,-16.4752,0.082,-0.689,-0.223,0.02,0.026,-0.003,0.0,-0.0,0.0,-0.12,-0.12,-0.12,0.0,0.0,0.0,0.0,1.0
56263.0,-28.075,-8.4615,-16.4688,0.073,-0.603,0.122,0.009,0.029,0.002,0.0,-0.0,0.0,-0.12,-0.12,-0.12,0.0,0.0,0.0,0.0,1.0
56271.0,-28.0805,-8.4692,-16.4661,0.207,-0.576,0.064,0.016,0.011,0.003,0.0,-0.0,0.0,-0.12,-0.12,-0.12,0.0,0.0,0.0,0.0,1.0
56279.0,-28.0822,-8.4749,-16.462,-0.062,-0.202,-0.252,-0.003,0.021,-0.009,0.0,-0.0,0.0,-0.12,-0.12,-0.12,0.0,0.0,0.0,0.0,1.0
56287.0,-28.0846,-8.481,-16.4583,0.058,-0.545,0.182,-0.014,0.008,-0.004,0.0,-0.0,0.0,-0.12,-0.12,-0.12,0.0,0.0,0.0,0.0,1.0
56294.0,-28.0864,-8.4839,-16.457,0.058,-0.502,0.139,-0.008,0.007,0.006,0.0,-0.0,0.0,-0.12,-0.12,-0.12,0.0,0.0,0.0,0.0,1.0
56302.0,-28.0859,-8.4848,-16.4557,0.149,-0.206,0.175,-0.006,-0.003,-0.003,0.0,-0.0,0.0,-0.12,-0.12,-0.12,0.0,0.0,0.0,0.0,1.0
56310.0,-28.0863,-8.484,-16.4568,0.078,-0.147,-0.025,-0.015,-0.015,0.006,0.0,-0.0,0.0,-0.12,-0.12,-0.12,0.0,0.0,0.0,0.0,1.0
56318.0,-28.0873,-8.4889,-16.4529,0.304,-0.04,0.17,-0.012,-0.018,0.007,0.0,-0.0,0.0,-0.12,-0.12,-0.12,0.0,0.0,0.0,0.0,1.0
56325.0,-28.0875,-8.4917,-16.4504,0.064,-0.088,0.035,0.01,-0.022,-0.001,0.0,-0.0,0.0,-0.12,-0.12,-0.12,0.0,0.0,0.0,0.0,1.0
56333.0,-28.0843,-8.4906,-16.4486,0.05,0.145,-0.077,0.012,-0.028,0.011,0.0,-0.0,0.0,-0.12,-0.12,-0.12,0.0,0.0,0.0,0.0,1.0
56341.0,-28.0827,-8.49,-16.4479,0.085,0.18,-0.041,0.012,-0.019,-0.003,0.0,-0.0,0.0,-0.12,-0.12,-0.12,0.0,0.0,0.0,0.0,1.0
56349.0,-28.0808,-8.4884,-16.4476,0.006,0.412,0.018,0.019,-0.024,0.002,0.0,-0.0,0.0,-0.12,-0.12,-0.12,0.0,0.0,0.0,0.0,1.0
56357.0,-28.083,-8.4877,-16.4503,-0.185,0.554,-0.358,0.024,-0.013,-0.003,0.0,-0.0,0.0,-0.12,-0.12,-0.12,0.0,0.0,0.0,0.0,1.0
56364.0,-28.0827,-8.4868,-16.4509,0.112,0.732,-0.093,0.004,-0.005,0.003,0.0,-0.0,0.0,-0.12,-0.12,-0.12,0.0,0.0,0.0,0.0,1.0
56372.0,-28.0846,-8.4891,-16.4503,0.041,0.833,-0.336,0.004,0.003,-0.004,0.0,-0.0,0.0,-0.12,-0.12,-0.12,0.0,0.0,0.0,0.0,1.0
56380.0,-28.0866,-8.49,-16.4513,0.032,1.048,-0.12,-0.011,0.017,-0.005,0.0,-0.0,0.0,-0.12,-0.12,-0.12,0.0,0.0,0.0,0.0,1.0
56388.0,-28.0863,-8.4845,-16.4563,-0.182,1.121,0.126,-0.012,0.03,-0.002,0.0,-0.0,0.0,-0.12,-0.12,-0.12,0.0,0.0,0.0,0.0,1.0
56395.0,-28.0863,-8.479,-16.4617,-0.317,1.308,-0.032,-0.006,0.024,0.0,0.0,-0.0,0.0,-0.12,-0.12,-0.12,0.0,0.0,0.0,0.0,1.0
56403.0,-28.0856,-8.4714,-16.4685,-0.027,1.331,0.077,-0.027,0.036,-0.005,0.0,-0.0,0.0,-0.12,-0.12,-0.12,0.0,0.0,0.0,0.0,1.0
56411.0,-28.0846,-8.4622,-16.4766,-0.092,1.459,0.118,-0.022,0.024,-0.005,0.0,-0.0,0.0,-0.12,-0.12,-0.12,0.0,0.0,0.0,0.0,1.0
56419.0,-28.0805,-8.4523,-16.4826,-0.227,1.344,0.263,-0.015,0.004,-0.002,0.0,-0.0,0.0,-0.12,-0.12,-0.12,0.0,0.0,0.0,0.0,1.0
56426.0,-28.0743,-8.4385,-16.4906,-0.092,1.288,0.291,-0.012,0.0,-0.003,-0.0,-0.0,0.0,-0.12,-0.12,-0.12,0.0,0.0,0.0,0.0,1.0
56434.0,-28.0677,-8.4238,-16.499,0.038,1.118,0.121,-0.011,-0.007,-0.006,-0.0,-0.0,0.0,-0.12,-0.12,-0.12,0.0,0.0,0.0,0.0,1.0
56442.0,-28.0593,-8.4099,-16.5052,0.088,1.095,0.096,-0.01,-0.031,0.002,-0.0,-0.0,0.0,-0.12,-0.12,-0.12,0.0,0.0,0.0,0.0,1.0
56450.0,-28.054,-8.3984,-16.5118,0.102,1.078,-0.007,-0.002,-0.025,-0.008,-0.0,-0.0,0.0,-0.12,-0.12,-0.12,0.0,0.0,0.0,0.0,1.0
56457.0,-28.0476,-8.3918,-16.5125,0.027,0.68,-0.06,0.009,-0.015,-0.004,-0.0,-0.0,0.0,-0.12,-0.12,-0.12,0.0,0.0,0.0,0.0,1.0
56465.0,-28.0415,-8.379,-16.5197,0.056,0.647,-0.266,0.006,-0.012,-0.0,-0.0,-0.0,0.0,-0.12,-0.12,-0.12,0.0,0.0,0.0,0.0,1.0
56473.0,-28.0381,-8.3734,-16.5221,0.106,0.579,-0.248,0.018,0.001,0.003,-0.0,-0.0,0.0,-0.12,-0.12,-0.12,0.0,0.0,0.0,0.0,1.0
56481.0,-28.0331,-8.3656,-16.5253,0.086,0.312,-0.17,0.017,0.006,0.0,0.0,-0.0,0.0,-0.12,-0.12,-0.12,0.0,0.0,0.0,0.0,1.0
56488.0,-28.0345,-8.3611,-16.531,-0.17,0.368,-0.288,0.002,0.007,-0.001,0.0,-0.0,0.0,-0.12,-0.12,-0.12,0.0,0.0,0.0,0.0,1.0
56496.0,-28.0353,-8.3582,-16.5344,0.036,0.208,-0.016,0.01,0.022,0.004,0.0,-0.0,0.0,-0.12,-0.12,-0.12,0.0,0.0,0.0,0.0,1.0
56504.0,-28.0384,-8.355,-16.5403,0.079,0.028,-0.197,0.017,0.009,0.005,0.0,-0.0,0.0,-0.12,-0.12,-0.12,0.0,0.0,0.0,0.0,1.0
56512.0,-28.0367,-8.3535,-16.5402,0.05,0.105,-0.034,0.003,0.007,-0.013,0.0,-0.0,0.0,-0.12,-0.12,-0.12,0.0,0.0,0.0,0.0,1.0
56520.0,-28.0342,-8.3542,-16.5373,0.15,-0.29,0.262,-0.002,0.003,-0.001,0.0,-0.0,0.0,-0.12,-0.12,-0.12,0.0,0.0,0.0,0.0,1.0
56527.0,-28.0307,-8.3526,-16.5358,0.136,-0.143,0.236,-0.003,0.004,0.001,0.0,-0.0,0.0,-0.12,-0.12,-0.12,0.0,0.0,0.0,0.0,1.0
56535.0,-28.03,-8.3561,-16.5318,0.15,-0.289,0.262,-0.013,0.009,0.0,0.0,-0.0,0.0,-0.12,-0.12,-0.12,0.0,0.0,0.0,0.0,1.0
56543.0,-28.0287,-8.3558,-16.531,-0.076,-0.397,0.068,-0.034,-0.003,0.001,-0.0,-0.0,0.0,-0.12,-0.12,-0.12,0.0,0.0,0.0,0.0,1.0
56551.0,-28.0259,-8.3528,-16.5314,0.074,-0.299,-0.179,-0.009,0.008,-0.011,-0.0,-0.0,0.0,-0.12,-0.12,-0.12,0.0,0.0,0.0,0.0,1.0
56558.0,-28.0248,-8.351,-16.5322,-0.04,-0.404,0.147,-0.017,-0.005,0.008,-0.0,-0.0,0.0,-0.12,-0.12,-0.12,0.0,0.0,0.0,0.0,1.0
56566.0,-28.0232,-8.3482,-16.5335,0.139,-0.684,0.038,0.003,-0.008,0.002,-0.0,-0.0,0.0,-0.12,-0.12,-0.12,0.0,0.0,0.0,0.0,1.0
56574.0,-28.0206,-8.3456,-16.5338,-0.043,-1.058,-0.25,0.001,-0.001,0.0,-0.0,-0.0,0.0,-0.12,-0.12,-0.12,0.0,0.0,0.0,0.0,1.0
56582.0,-28.0246,-8.3485,-16.5345,0.092,-1.072,-0.265,0.001,0.005,-0.0,-0.0,-0.0,0.0,-0.12,-0.12,-0.12,0.0,0.0,0.0,0.0,1.0
56590.0,-28.0293,-8.3546,-16.5327,0.305,-1.49,-0.166,0.014,0.005,-0.001,-0.0,-0.0,0.0,-0.12,-0.12,-0.12,0.0,0.0,0.0,0.0,1.0
56597.0,-28.0319,-8.363,-16.5268,0.346,-1.256,-0.019,0.007,-0.001,-0.0,-0.0,-0.0,0.0,-0.12,-0.12,-0.12,0.0,0.0,0.0,0.0,1.0
56605.0,-28.0368,-8.3767,-16.5177,0.021,-1.401,-0.077,0.014,-0.012,0.004,0.0,-0.0,0.0,-0.12,-0.12,-0.12,0.0,0.0,0.0,0.0,1.0
56613.0,-28.0414,-8.3884,-16.5104,0.006,-1.514,0.156,0.013,-0.012,-0.002,0.0,-0.0,0.0,-0.12,-0.12,-0.12,0.0,0.0,0.0,0.0,1.0
56621.0,-28.0464,-8.402,-16.5015,0.041,-1.437,0.148,0.003,-0.009,0.01,0.0,-0.0,0.0,-0.12,-0.12,-0.12,0.0,0.0,0.0,0.0,1.0
56629.0,-28.0493,-8.4145,-16.492,0.182,-1.297,0.289,0.008,-0.011,-0.0,0.0,-0.0,0.0,-0.12,-0.12,-0.12,0.0,0.0,0.0,0.0,1.0
56636.0,-28.0502,-8.4224,-16.485,-0.052,-1.103,0.224,0.002,-0.011,-0.004,0.0,-0.0,0.0,-0.12,-0.12,-0.12,0.0,0.0,0.0,0.0,1.0
56645.0,-28.0476,-8.4303,-16.475,-0.157,-1.122,0.032,-0.001,-0.012,0.005,0.0,-0.0,0.0,-0.12,-0.12,-0.12,0.0,0.0,0.0,0.0,1.0
56652.0,-28.0484,-8.4415,-16.4648,-0.106,-1.234,0.094,0.002,-0.001,-0.001,0.0,-0.0,0.0,-0.12,-0.12,-0.12,0.0,0.0,0.0,0.0,1.0
56660.0,-28.0461,-8.4467,-16.4577,-0.276,-1.082,-0.099,0.001,0.007,0.003,0.0,-0.0,0.0,-0.12,-0.12,-0.12,0.0,0.0,0.0,0.0,1.0
56668.0,-28.0446,-8.4543,-16.449,-0.134,-0.812,-0.087,0.01,0.013,-0.004,0.0,-0.0,0.0,-0.12,-0.12,-0.12,0.0,0.0,0.0,0.0,1.0
56676.0,-28.0454,-8.4566,-16.4474,-0.289,-0.892,-0.167,0.004,0.015,0.002,0.0,-0.0,0.0,-0.12,-0.12,-0.12,0.0,0.0,0.0,0.0,1.0
56683.0,-28.0486,-8.4597,-16.4473,-0.304,-0.918,-0.021,0.006,0.032,-0.01,0.0,-0.0,0.0,-0.12,-0.12,-0.12,0.0,0.0,0.0,0.0,1.0
56691.0,-28.0524,-8.4674,-16.4432,-0.36,-0.963,-0.238,0.009,0.008,-0.004,0.0,-0.0,0.0,-0.12,-0.12,-0.12,0.0,0.0,0.0,0.0,1.0
56699.0,-28.0595,-8.4732,-16.4437,-0.34,-0.911,-0.1,0.002,0.01,-0.006,0.0,-0.0,0.0,-0.12,-0.12,-0.12,0.0,0.0,0.0,0.0,1.0
56706.0,-28.067,-8.4769,-16.4467,-0.135,-0.596,-0.303,-0.013,0.015,-0.001,0.0,-0.0,0.0,-0.12,-0.12,-0.12,0.0,0.0,0.0,0.0,1.0
56714.0,-28.0759,-8.486,-16.4457,-0.016,-0.767,-0.042,-0.004,-0.014,-0.0,0.0,-0.0,0.0,-0.12,-0.12,-0.12,0.0,0.0,0.0,0.0,1.0
56722.0,-28.0812,-8.4941,-16.4424,0.005,-0.715,0.096,-0.016,-0.019,0.0,0.0,-0.0,0.0,-0.12,-0.12,-0.12,0.0,0.0,0.0,0.0,1.0
56730.0,-28.0888,-8.5029,-16.4406,0.039,-0.637,0.088,-0.021,-0.028,0.005,0.0,-0.0,0.0,-0.12,-0.12,-0.12,0.0,0.0,0.0,0.0,1.0
56738.0,-28.0957,-8.51,-16.4397,0.115,-0.498,0.399,-0.022,-0.024,0.004,-0.0,-0.0,0.0,-0.12,-0.12,-0.12,0.0,0.0,0.0,0.0,1.0
56745.0,-28.0991,-8.5126,-16.4402,-0.085,-0.485,0.585,-0.007,-0.018,0.011,-0.0,-0.0,0.0,-0.12,-0.12,-0.12,0.0,0.0,0.0,0.0,1.0
56753.0,-28.0995,-8.515,-16.4383,0.064,-0.559,0.51,0.004,-0.016,-0.005,-0.0,-0.0,0.0,-0.12,-0.12,-0.12,0.0,0.0,0.0,0.0,1.0
56761.0,-28.0955,-8.5152,-16.4345,-0.091,-0.553,0.343,-0.001,-0.008,-0.003,-0.0,-0.0,0.0,-0.12,-0.12,-0.12,0.0,0.0,0.0,0.0,1.0
56768.0,-28.0892,-8.5158,-16.4284,-0.055,-0.431,0.293,0.012,0.005,0.009,-0.0,-0.0,0.0,-0.12,-0.12,-0.12,0.0,0.0,0.0,0.0,1.0
56776.0,-28.0828,-8.5158,-16.4227,0.075,-0.558,0.08,0.01,0.007,-0.005,0.0,-0.0,0.0,-0.12,-0.12,-0.12,0.0,0.0,0.0,0.0,1.0
56784.0,-28.0785,-8.5182,-16.4166,-0.136,-0.64,-0.26,0.008,0.036,-0.003,0.0,-0.0,0.0,-0.12,-0.12,-0.12,0.0,0.0,0.0,0.0,1.0
56792.0,-28.0757,-8.5233,-16.4092,-0.255,-0.556,-0.435,0.015,0.036,-0.007,0.0,-0.0,0.0,-0.12,-0.12,-0.12,0.0,0.0,0.0,0.0,1.0
56800.0,-28.0767,-8.5252,-16.4083,0.015,-0.542,-0.507,0.011,0.042,0.001,0.0,-0.0,0.0,-0.12,-0.12,-0.12,0.0,0.0,0.0,0.0,1.0
56808.0,-28.0791,-8.5275,-16.4081,-0.381,-0.67,-0.722,0.009,0.041,-0.008,0.0,-0.0,0.0,-0.12,-0.12,-0.12,0.0,0.0,0.0,0.0,1.0
56815.0,-28.0847,-8.5304,-16.4102,0.129,-0.694,-0.574,0.017,0.026,-0.0,0.0,-0.0,0.0,-0.12,-0.12,-0.12,0.0,0.0,0.0,0.0,1.0
56823.0,-28.0929,-8.5414,-16.4067,0.049,-0.507,-0.472,0.007,0.011,0.001,0.0,-0.0,0.0,-0.12,-0.12,-0.12,0.0,0.0,0.0,0.0,1.0
56831.0,-28.1036,-8.5498,-16.4079,-0.066,-0.484,-0.277,0.011,0.007,-0.011,0.0,-0.0,0.0,-0.12,-0.12,-0.12,0.0,0.0,0.0,0.0,1.0
56838.0,-28.1104,-8.5617,-16.4023,0.11,-0.18,-0.23,-0.0,-0.024,0.002,0.0,-0.0,0.0,-0.12,-0.12,-0.12,0.0,0.0,0.0,0.0,1.0
56846.0,-28.1187,-8.569,-16.4025,0.115,-0.026,-0.075,-0.002,-0.04,0.005,0.0,-0.0,0.0,-0.12,-0.12,-0.12,0.0,0.0,0.0,0.0,1.0
56854.0,-28.1226,-8.5751,-16.4,0.17,0.104,0.055,-0.014,-0.034,0.003,0.0,-0.0,0.0,-0.12,-0.12,-0.12,0.0,0.0,0.0,0.0,1.0
56862.0,-28.1224,-8.5774,-16.3976,0.013,0.566,0.173,-0.019,-0.035,0.001,0.0,-0.0,0.0,-0.12,-0.12,-0.12,0.0,0.0,0.0,0.0,1.0
56870.0,-28.1221,-8.5753,-16.3994,-0.017,0.686,0.294,-0.011,-0.028,0.01,0.0,-0.0,0.0,-0.12,-0.12,-0.12,0.0,0.0,0.0,0.0,1.0
56877.0,-28.1194,-8.5667,-16.4054,-0.067,0.884,0.146,-0.016,-0.006,0.014,0.0,-0.0,0.0,-0.12,-0.12,-0.12,0.0,0.0,0.0,0.0,1.0
56885.0,-28.1151,-8.5584,-16.4097,-0.166,0.849,0.282,-0.026,0.008,0.013,0.0,-0.0,0.0,-0.12,-0.12,-0.12,0.0,0.0,0.0,0.0,1.0
56893.0,-28.1077,-8.5469,-16.4144,-0.022,0.404,0.268,-0.005,0.017,-0.004,0.0,-0.0,0.0,-0.12,-0.12,-0.12,0.0,0.0,0.0,0.0,1.0
56901.0,-28.0984,-8.5305,-16.4222,-0.133,0.274,-0.123,-0.002,0.031,0.001,-0.0,-0.0,0.0,-0.12,-0.12,-0.12,0.0,0.0,0.0,0.0,1.0
56908.0,-28.0901,-8.5213,-16.4238,-0.317,0.186,0.047,-0.007,0.038,0.001,-0.0,-0.0,0.0,-0.12,-0.12,-0.12,0.0,0.0,0.0,0.0,1.0
56916.0,-28.0849,-8.5125,-16.4278,-0.208,-0.251,-0.046,0.007,0.029,-0.004,-0.0,-0.0,0.0,-0.12,-0.12,-0.12,0.0,0.0,0.0,0.0,1.0
56924.0,-28.0804,-8.5061,-16.4301,-0.155,-0.689,-0.398,0.02,0.037,-0.008,0.0,-0.0,0.0,-0.12,-0.12,-0.12,0.0,0.0,0.0,0.0,1.0
56932.0,-28.0819,-8.5048,-16.4327,-0.246,-0.854,-0.564,0.002,0.039,-0.006,0.0,-0.0,0.0,-0.12,-0.12,-0.12,0.0,0.0,0.0,0.0,1.0
56939.0,-28.0885,-8.5083,-16.4351,-0.056,-1.039,-0.146,0.017,0.018,-0.002,0.0,-0.0,0.0,-0.12,-0.12,-0.12,0.0,0.0,0.0,0.0,1.0
56947.0,-28.0964,-8.5104,-16.4399,-0.163,-1.317,-0.08,0.013,-0.014,0.013,0.0,-0.0,0.0,-0.12,-0.12,-0.12,0.0,0.0,0.0,0.0,1.0
56955.0,-28.1056,-8.5166,-16.442,0.035,-1.761,0.165,0.009,-0.019,-0.004,0.0,-0.0,0.0,-0.12,-0.12,-0.12,0.0,0.0,0.0,0.0,1.0
56963.0,-28.1124,-8.5237,-16.4411,0.084,-1.872,0.226,-0.002,-0.028,0.005,0.0,-0.0,0.0,-0.12,-0.12,-0.12,0.0,0.0,0.0,0.0,1.0
56970.0,-28.1169,-8.5288,-16.4401,0.013,-2.071,0.284,0.002,-0.018,0.001,0.0,-0.0,0.0,-0.12,-0.12,-0.12,0.0,0.0,0.0,0.0,1.0
56978.0,-28.117,-8.5362,-16.433,0.234,-2.29,0.496,-0.011,-0.019,0.001,0.0,-0.0,0.0,-0.12,-0.12,-0.12,0.0,0.0,0.0,0.0,1.0
56986.0,-28.1174,-8.548,-16.4218,-0.147,-2.392,0.135,-0.019,-0.023,-0.004,0.0,-0.0,0.0,-0.12,-0.12,-0.12,0.0,0.0,0.0,0.0,1.0
56994.0,-28.1209,-8.5605,-16.4127,0.002,-2.725,0.319,-0.009,-0.005,0.005,0.0,-0.0,0.0,-0.12,-0.12,-0.12,0.0,0.0,0.0,0.0,1.0
57001.0,-28.1235,-8.5748,-16.4011,-0.173,-2.642,-0.116,-0.012,0.003,0.005,0.0,-0.0,0.0,-0.12,-0.12,-0.12,0.0,0.0,0.0,0.0,1.0
57009.0,-28.1258,-8.5875,-16.3908,-0.357,-2.516,-0.162,-0.006,0.016,0.006,0.0,-0.0,0.0,-0.12,-0.12,-0.12,0.0,0.0,0.0,0.0,1.0
57017.0,-28.1325,-8.6017,-16.3828,-0.052,-2.552,-0.113,-0.006,0.011,0.002,-0.0,-0.0,0.0,-0.12,-0.12,-0.12,0.0,0.0,0.0,0.0,1.0
57025.0,-28.1462,-8.6222,-16.3749,-0.406,-3.035,-0.336,0.004,-0.002,0.001,-0.0,-0.0,0.0,-0.12,-0.12,-0.12,0.0,0.0,0.0,0.0,1.0
57032.0,-28.1541,-8.6437,-16.3609,-0.138,-2.995,0.308,0.008,0.003,0.0,-0.0,-0.0,0.0,-0.12,-0.12,-0.12,0.0,0.0,0.0,0.0,1.0
57040.0,-28.165,-8.6638,-16.351,-0.145,-2.892,-0.107,0.02,-0.013,0.002,0.0,-0.0,0.0,-0.12,-0.12,-0.12,0.0,0.0,0.0,0.0,1.0
57048.0,-28.1707,-8.6859,-16.3345,-0.045,-3.158,0.059,0.006,-0.005,0.001,0.0,-0.0,0.0,-0.12,-0.12,-0.12,0.0,0.0,0.0,0.0,1.0
57056.0,-28.1772,-8.7078,-16.3188,-0.024,-3.063,0.155,0.022,-0.011,0.003,0.0,-0.0,0.0,-0.12,-0.12,-0.12,0.0,0.0,0.0,0.0,1.0
57063.0,-28.1835,-8.728,-16.3048,-0.073,-3.125,0.266,0.02,-0.026,-0.001,0.0,-0.0,0.0,-0.12,-0.12,-0.12,0.0,0.0,0.0,0.0,1.0
57071.0,-28.1895,-8.7473,-16.2912,-0.179,-3.144,0.074,0.031,-0.009,-0.006,0.0,-0.0,0.0,-0.12,-0.12,-0.12,0.0,0.0,0.0,0.0,1.0
57079.0,-28.1969,-8.7681,-16.2775,-0.199,-3.067,-0.193,0.013,-0.006,0.009,0.0,-0.0,0.0,-0.12,-0.12,-0.12,0.0,0.0,0.0,0.0,1.0
57087.0,-28.2062,-8.7903,-16.264,0.021,-3.245,-0.025,0.018,-0.02,0.0,0.0,-0.0,0.0,-0.12,-0.12,-0.12,0.0,0.0,0.0,0.0,1.0
57094.0,-28.2166,-8.8128,-16.2513,0.006,-3.142,-0.008,-0.007,-0.002,-0.001,0.0,-0.0,0.0,-0.12,-0.12,-0.12,0.0,0.0,0.0,0.0,1.0
57102.0,-28.2277,-8.8369,-16.2376,-0.299,-3.062,-0.101,-0.008,-0.011,0.012,0.0,-0.0,0.0,-0.12,-0.12,-0.12,0.0,0.0,0.0,0.0,1.0
57110.0,-28.237,-8.8584,-16.2248,-0.094,-2.964,-0.088,-0.005,-0.001,-0.005,0.0,-0.0,0.0,-0.12,-0.12,-0.12,0.0,0.0,0.0,0.0,1.0
57118.0,-28.245,-8.8792,-16.2116,-0.109,-2.904,-0.028,-0.016,0.014,-0.012,0.0,-0.0,0.0,-0.12,-0.12,-0.12,0.0,0.0,0.0,0.0,1.0
57126.0,-28.2556,-8.9014,-16.1992,0.125,-2.84,-0.222,-0.01,0.012,-0.007,0.0,-0.0,0.0,-0.12,-0.12,-0.12,0.0,0.0,0.0,0.0,1.0
57133.0,-28.2674,-8.9224,-16.1892,-0.004,-2.584,-0.138,-0.004,0.005,0.0,0.0,-0.0,0.0,-0.12,-0.12,-0.12,0.0,0.0,0.0,0.0,1.0
57141.0,-28.2764,-8.944,-16.1761,0.031,-2.593,-0.06,0.009,0.016,-0.002,0.0,-0.0,0.0,-0.12,-0.12,-0.12,0.0,0.0,0.0,0.0,1.0
57149.0,-28.2868,-8.9633,-16.1665,-0.274,-2.599,-0.066,-0.011,0.024,0.013,0.0,-0.0,0.0,-0.12,-0.12,-0.12,0.0,0.0,0.0,0.0,1.0
57157.0,-28.291,-8.9839,-16.1501,0.093,-2.524,0.442,0.012,0.02,-0.003,0.0,-0.0,0.0,-0.12,-0.12,-0.12,0.0,0.0,0.0,0.0,1.0
57164.0,-28.2964,-9.0019,-16.1373,0.164,-2.195,0.253,0.005,0.002,0.003,0.0,-0.0,0.0,-0.12,-0.12,-0.12,0.0,0.0,0.0,0.0,1.0
57172.0,-28.3,-9.0186,-16.1242,-0.021,-2.026,0.164,0.012,-0.012,-0.004,0.0,-0.0,0.0,-0.12,-0.12,-0.12,0.0,0.0,0.0,0.0,1.0
57180.0,-28.303,-9.0319,-16.1139,0.114,-1.998,0.106,0.02,-0.014,-0.005,0.0,-0.0,0.0,-0.12,-0.12,-0.12,0.0,0.0,0.0,0.0,1.0
57188.0,-28.3059,-9.0483,-16.1005,-0.169,-1.823,0.109,0.022,-0.016,-0.002,0.0,-0.0,0.0,-0.12,-0.12,-0.12,0.0,0.0,0.0,0.0,1.0
57196.0,-28.3099,-9.0604,-16.0923,-0.169,-1.694,-0.02,0.016,-0.016,0.001,0.0,-0.0,0.0,-0.12,-0.12,-0.12,0.0,0.0,0.0,0.0,1.0
57203.0,-28.311,-9.0751,-16.0789,-0.034,-1.623,-0.12,0.013,-0.002,-0.001,0.0,-0.0,0.0,-0.12,-0.12,-0.12,0.0,0.0,0.0,0.0,1.0
57211.0,-28.3158,-9.09,-16.0686,-0.168,-1.393,-0.321,0.004,-0.012,-0.006,0.0,-0.0,0.0,-0.12,-0.12,-0.12,0.0,0.0,0.0,0.0,1.0
57219.0,-28.3221,-9.105,-16.0596,-0.253,-1.448,-0.288,-0.006,0.002,-0.005,0.0,-0.0,0.0,-0.12,-0.12,-0.12,0.0,0.0,0.0,0.0,1.0
57227.0,-28.3301,-9.119,-16.0529,-0.197,-1.318,-0.158,-0.012,-0.0,-0.003,0.0,-0.0,0.0,-0.12,-0.12,-0.12,0.0,0.0,0.0,0.0,1.0
57235.0,-28.3366,-9.127,-16.0509,-0.142,-1.101,-0.114,-0.01,0.007,-0.003,0.0,-0.0,0.0,-0.12,-0.12,-0.12,0.0,0.0,0.0,0.0,1.0
57243.0,-28.3444,-9.1381,-16.0469,-0.356,-1.072,0.175,-0.007,0.011,0.002,0.0,-0.0,0.0,-0.12,-0.12,-0.12,0.0,0.0,0.0,0.0,1.0
57251.0,-28.3505,-9.1438,-16.0467,-0.187,-0.835,-0.02,-0.002,0.006,-0.005,0.0,-0.0,0.0,-0.12,-0.12,-0.12,0.0,0.0,0.0,0.0,1.0
57259.0,-28.351,-9.1484,-16.0427,-0.116,-0.808,0.094,0.001,0.013,-0.006,0.0,-0.0,0.0,-0.12,-0.12,-0.12,0.0,0.0,0.0,0.0,1.0
57266.0,-28.3556,-9.152,-16.0433,-0.052,-0.892,0.008,0.0,0.01,0.006,0.0,-0.0,0.0,-0.12,-0.12,-0.12,0.0,0.0,0.0,0.0,1.0
57274.0,-28.3574,-9.1575,-16.0395,0.253,-0.973,0.1,0.003,0.015,0.0,0.0,-0.0,0.0,-0.12,-0.12,-0.12,0.0,0.0,0.0,0.0,1.0
57282.0,-28.3567,-9.1629,-16.0336,0.033,-1.011,0.148,0.009,0.016,-0.002,0.0,-0.0,0.0,-0.12,-0.12,-0.12,0.0,0.0,0.0,0.0,1.0
57289.0,-28.3576,-9.1702,-16.0273,0.297,-1.239,0.007,-0.005,0.009,0.001,0.0,-0.0,0.0,-0.12,-0.12,-0.12,0.0,0.0,0.0,0.0,1.0
57297.0,-28.3578,-9.1751,-16.0227,-0.002,-0.96,0.027,-0.0,0.008,0.001,0.0,-0.0,0.0,-0.12,-0.12,-0.12,0.0,0.0,0.0,0.0,1.0
57305.0,-28.3568,-9.1803,-16.0168,-0.25,-0.749,0.065,0.0,0.001,-0.004,0.0,-0.0,0.0,-0.12,-0.12,-0.12,0.0,0.0,0.0,0.0,1.0
57313.0,-28.3561,-9.1819,-16.0145,-0.1,-0.91,0.077,-0.012,-0.008,0.002,0.0,-0.0,0.0,-0.12,-0.12,-0.12,0.0,0.0,0.0,0.0,1.0
57320.0,-28.358,-9.1825,-16.0157,-0.362,-0.88,-0.325,-0.016,0.005,-0.004,0.0,-0.0,0.0,-0.12,-0.12,-0.12,0.0,0.0,0.0,0.0,1.0
57328.0,-28.3591,-9.1831,-16.0161,-0.191,-1.203,0.041,-0.001,-0.016,0.002,0.0,-0.0,0.0,-0.12,-0.12,-0.12,0.0,0.0,0.0,0.0,1.0
57336.0,-28.36,-9.1867,-16.0134,0.184,-1.256,0.247,-0.013,-0.019,-0.015,0.0,-0.0,0.0,-0.12,-0.12,-0.12,0.0,0.0,0.0,0.0,1.0
57344.0,-28.3643,-9.1887,-16.0152,-0.212,-1.082,-0.271,-0.009,-0.018,0.004,0.0,-0.0,0.0,-0.12,-0.12,-0.12,0.0,0.0,0.0,0.0,1.0
57352.0,-28.3675,-9.1911,-16.0156,-0.128,-1.243,-0.088,-0.002,0.006,0.001,0.0,-0.0,0.0,-0.12,-0.12,-0.12,0.0,0.0,0.0,0.0,1.0
57359.0,-28.3727,-9.2028,-16.0089,-0.013,-1.397,-0.155,-0.006,0.011,0.002,0.0,-0.0,0.0,-0.12,-0.12,-0.12,0.0,0.0,0.0,0.0,1.0
57367.0,-28.3765,-9.2109,-16.0043,-0.142,-1.399,0.188,0.007,0.012,0.001,0.0,-0.0,0.0,-0.12,-0.12,-0.12,0.0,0.0,0.0,0.0,1.0
57375.0,-28.3792,-9.2202,-15.9976,0.262,-1.443,0.144,0.008,0.012,-0.004,0.0,-0.0,0.0,-0.12,-0.12,-0.12,0.0,0.0,0.0,0.0,1.0
57383.0,-28.3849,-9.2305,-15.9926,-0.278,-1.256,0.073,0.007,0.02,-0.011,0.0,-0.0,0.0,-0.12,-0.12,-0.12,0.0,0.0,0.0,0.0,1.0
57390.0,-28.3866,-9.2383,-15.9865,0.063,-1.128,0.028,0.013,0.01,0.004,0.0,-0.0,0.0,-0.12,-0.12,-0.12,0.0,0.0,0.0,0.0,1.0
57398.0,-28.3864,-9.243,-15.9818,0.078,-1.188,-0.032,0.009,0.014,0.004,0.0,-0.0,0.0,-0.12,-0.12,-0.12,0.0,0.0,0.0,0.0,1.0
57406.0,-28.3861,-9.2508,-15.9739,-0.057,-1.216,0.026,0.009,0.015,-0.003,0.0,-0.0,0.0,-0.12,-0.12,-0.12,0.0,0.0,0.0,0.0,1.0
57414.0,-28.3887,-9.2607,-15.9665,-0.056,-1.217,0.026,-0.01,0.013,-0.003,0.0,-0.0,0.0,-0.12,-0.12,-0.12,0.0,0.0,0.0,0.0,1.0
57421.0,-28.3931,-9.271,-15.9603,-0.141,-1.141,-0.07,-0.008,-0.008,-0.001,0.0,-0.0,0.0,-0.12,-0.12,-0.12,0.0,0.0,0.0,0.0,1.0
57429.0,-28.3941,-9.2781,-15.9543,-0.07,-0.941,-0.129,-0.003,-0.022,-0.004,0.0,-0.0,0.0,-0.12,-0.12,-0.12,0.0,0.0,0.0,0.0,1.0
57437.0,-28.3948,-9.2877,-15.9456,0.135,-0.8,-0.159,-0.006,-0.013,0.003,0.0,-0.0,0.0,-0.12,-0.12,-0.12,0.0,0.0,0.0,0.0,1.0
57445.0,-28.4003,-9.3004,-15.9381,-0.155,-0.91,-0.182,-0.01,-0.011,-0.006,0.0,-0.0,0.0,-0.12,-0.12,-0.12,0.0,0.0,0.0,0.0,1.0
57452.0,-28.4037,-9.3061,-15.9355,-0.02,-0.795,-0.326,-0.006,0.004,-0.007,0.0,-0.0,0.0,-0.12,-0.12,-0.12,0.0,0.0,0.0,0.0,1.0
57460.0,-28.4077,-9.3154,-15.93,-0.014,-0.77,-0.041,-0.008,0.01,0.003,-0.0,-0.0,0.0,-0.12,-0.12,-0.12,0.0,0.0,0.0,0.0,1.0
57468.0,-28.413,-9.3182,-15.9319,-0.164,-0.738,0.076,-0.01,0.017,0.007,-0.0,-0.0,0.0,-0.12,-0.12,-0.12,0.0,0.0,0.0,0.0,1.0
57476.0,-28.4148,-9.3194,-15.9323,-0.114,-0.676,-0.035,0.007,0.018,0.009,0.0,-0.0,0.0,-0.12,-0.12,-0.12,0.0,0.0,0.0,0.0,1.0
57483.0,-28.4159,-9.3221,-15.9306,0.302,-0.538,0.362,0.009,0.024,0.003,0.0,-0.0,0.0,-0.12,-0.12,-0.12,0.0,0.0,0.0,0.0,1.0
57491.0,-28.4187,-9.3254,-15.9299,0.076,-0.56,0.081,0.006,0.021,-0.0,0.0,-0.0,0.0,-0.12,-0.12,-0.12,0.0,0.0,0.0,0.0,1.0
57499.0,-28.4166,-9.3293,-15.9243,-0.064,-0.787,0.026,0.018,0.011,-0.007,0.0,-0.0,0.0,-0.12,-0.12,-0.12,0.0,0.0,0.0,0.0,1.0
57507.0,-28.4131,-9.3287,-15.9217,-0.093,-0.753,0.233,0.014,-0.003,-0.007,0.0,-0.0,0.0,-0.12,-0.12,-0.12,0.0,0.0,0.0,0.0,1.0
57514.0,-28.4143,-9.3309,-15.9206,-0.064,-0.614,-0.146,-0.0,-0.025,0.003,0.0,-0.0,0.0,-0.12,-0.12,-0.12,0.0,0.0,0.0,0.0,1.0
57522.0,-28.4142,-9.3346,-15.917,0.121,-0.74,-0.099,0.008,-0.019,0.003,0.0,-0.0,0.0,-0.12,-0.12,-0.12,0.0,0.0,0.0,0.0,1.0
57530.0,-28.4142,-9.3358,-15.9158,-0.078,-0.51,-0.129,-0.008,-0.032,0.007,0.0,-0.0,0.0,-0.12,-0.12,-0.12,0.0,0.0,0.0,0.0,1.0
57538.0,-28.4164,-9.3379,-15.9157,0.121,-0.653,-0.185,-0.001,-0.019,-0.004,0.0,-0.0,0.0,-0.12,-0.12,-0.12,0.0,0.0,0.0,0.0,1.0
57546.0,-28.4222,-9.3417,-15.9171,-0.044,-0.69,0.122,0.001,-0.014,-0.017,0.0,-0.0,0.0,-0.12,-0.12,-0.12,0.0,0.0,0.0,0.0,1.0
57553.0,-28.4246,-9.3428,-15.9182,-0.121,-0.959,-0.061,-0.003,-0.027,-0.001,0.0,-0.0,0.0,-0.12,-0.12,-0.12,0.0,0.0,0.0,0.0,1.0
57561.0,-28.4273,-9.3445,-15.919,-0.185,-0.916,0.067,-0.008,-0.005,-0.01,0.0,-0.0,0.0,-0.12,-0.12,-0.12,0.0,0.0,0.0,0.0,1.0
57569.0,-28.4321,-9.3466,-15.921,0.025,-0.748,0.321,-0.006,0.007,-0.007,0.0,-0.0,0.0,-0.12,-0.12,-0.12,0.0,0.0,0.0,0.0,1.0
57576.0,-28.4299,-9.3466,-15.9191,-0.2,-1.114,0.386,-0.01,0.009,0.001,0.0,-0.0,0.0,-0.12,-0.12,-0.12,0.0,0.0,0.0,0.0,1.0
57584.0,-28.428,-9.351,-15.9132,0.029,-1.29,0.123,0.0,0.024,0.0,0.0,-0.0,0.0,-0.12,-0.12,-0.12,0.0,0.0,0.0,0.0,1.0
57592.0,-28.4254,-9.3532,-15.9087,-0.071,-1.326,0.259,-0.006,0.035,0.002,0.0,-0.0,0.0,-0.12,-0.12,-0.12,0.0,0.0,0.0,0.0,1.0
57600.0,-28.4233,-9.3554,-15.9047,-0.246,-1.544,0.126,0.001,0.053,0.004,0.0,-0.0,0.0,-0.12,-0.12,-0.12,0.0,0.0,0.0,0.0,1.0
57608.0,-28.4214,-9.364,-15.8946,-0.202,-1.767,-0.01,0.005,0.034,-0.002,0.0,-0.0,0.0,-0.12,-0.12,-0.12,0.0,0.0,0.0,0.0,1.0
57615.0,-28.4237,-9.3699,-15.8909,-0.237,-1.672,-0.175,0.011,0.02,-0.006,0.0,-0.0,0.0,-0.12,-0.12,-0.12,0.0,0.0,0.0,0.0,1.0
57623.0,-28.43,-9.3802,-15.8865,-0.237,-1.801,-0.046,0.01,-0.0,-0.001,0.0,-0.0,0.0,-0.12,-0.12,-0.12,0.0,0.0,0.0,0.0,1.0
57631.0,-28.4376,-9.3876,-15.886,-0.379,-2.114,-0.014,0.012,-0.017,-0.007,0.0,-0.0,0.0,-0.12,-0.12,-0.12,0.0,0.0,0.0,0.0,1.0
57639.0,-28.4467,-9.399,-15.8829,-0.3,-2.302,-0.117,0.018,-0.036,-0.007,0.0,-0.0,0.0,-0.12,-0.12,-0.12,0.0,0.0,0.0,0.0,1.0
57646.0,-28.4524,-9.4114,-15.8758,-0.28,-2.207,-0.021,0.01,-0.033,0.001,0.0,-0.0,0.0,-0.12,-0.12,-0.12,0.0,0.0,0.0,0.0,1.0
57654.0,-28.4564,-9.4254,-15.8657,0.04,-2.606,0.27,0.013,-0.021,-0.008,0.0,-0.0,0.0,-0.12,-0.12,-0.12,0.0,0.0,0.0,0.0,1.0
57662.0,-28.4609,-9.4422,-15.8532,0.02,-2.615,0.088,-0.0,-0.02,-0.006,0.0,-0.0,0.0,-0.12,-0.12,-0.12,0.0,0.0,0.0,0.0,1.0
57669.0,-28.4653,-9.4586,-15.8412,-0.1,-2.574,-0.043,0.006,-0.006,-0.001,0.0,-0.0,0.0,-0.12,-0.12,-0.12,0.0,0.0,0.0,0.0,1.0
57677.0,-28.4687,-9.4688,-15.8342,-0.375,-2.829,-0.04,0.013,-0.002,0.008,0.0,-0.0,0.0,-0.12,-0.12,-0.12,0.0,0.0,0.0,0.0,1.0
57685.0,-28.4718,-9.4778,-15.8282,-0.422,-3.217,-0.343,0.002,0.017,-0.007,0.0,-0.0,0.0,-0.12,-0.12,-0.12,0.0,0.0,0.0,0.0,1.0
57693.0,-28.4798,-9.4905,-15.8229,-0.182,-3.297,-0.08,-0.018,0.031,-0.009,0.0,-0.0,0.0,-0.12,-0.12,-0.12,0.0,0.0,0.0,0.0,1.0
57701.0,-28.4879,-9.5034,-15.8175,-0.054,-3.596,-0.121,-0.019,0.043,-0.001,0.0,-0.0,0.0,-0.12,-0.12,-0.12,0.0,0.0,0.0,0.0,1.0
57708.0,-28.5009,-9.5212,-15.8115,-0.146,-3.933,-0.114,-0.031,0.038,0.004,0.0,-0.0,0.0,-0.12,-0.12,-0.12,0.0,0.0,0.0,0.0,1.0
57716.0,-28.5113,-9.5441,-15.7984,0.115,-3.919,0.244,-0.02,0.05,0.004,0.0,0.0,0.0,-0.12,-0.12,-0.12,0.0,0.0,0.0,0.0,1.0
57724.0,-28.5241,-9.5669,-15.7874,0.008,-4.111,0.225,-0.026,0.042,0.004,0.0,0.0,0.0,-0.12,-0.12,-0.12,0.0,0.0,0.0,0.0,1.0
57732.0,-28.5333,-9.5885,-15.7746,0.102,-4.617,0.321,-0.019,0.023,0.003,0.0,0.0,0.0,-0.12,-0.12,-0.12,0.0,0.0,0.0,0.0,1.0
57739.0,-28.5422,-9.6186,-15.7531,-0.089,-4.777,0.249,-0.009,-0.016,0.01,0.0,0.0,0.0,-0.12,-0.12,-0.12,0.0,0.0,0.0,0.0,1.0
57747.0,-28.5525,-9.6459,-15.7356,0.011,-4.869,0.242,-0.003,-0.035,0.003,0.0,0.0,0.0,-0.12,-0.12,-0.12,0.0,0.0,0.0,0.0,1.0
57755.0,-28.56,-9.6745,-15.7143,-0.039,-5.017,0.44,0.014,-0.038,0.007,0.0,0.0,0.0,-0.12,-0.12,-0.12,0.0,0.0,0.0,0.0,1.0
57763.0,-28.5672,-9.7004,-15.6954,-0.15,-5.32,0.222,0.0,-0.045,0.001,0.0,-0.0,0.0,-0.12,-0.12,-0.12,0.0,0.0,0.0,0.0,1.0
57771.0,-28.5742,-9.736,-15.6669,-0.078,-5.207,0.25,0.015,-0.05,-0.002,0.0,-0.0,0.0,-0.12,-0.12,-0.12,0.0,0.0,0.0,0.0,1.0
57778.0,-28.5812,-9.7711,-15.6389,0.066,-5.222,-0.196,0.027,-0.031,-0.005,0.0,-0.0,0.0,-0.12,-0.12,-0.12,0.0,0.0,0.0,0.0,1.0
57786.0,-28.5914,-9.8067,-15.6132,0.002,-5.094,-0.154,0.033,-0.033,-0.0,0.0,-0.0,0.0,-0.12,-0.12,-0.12,0.0,0.0,0.0,0.0,1.0
57794.0,-28.6029,-9.8423,-15.5886,-0.437,-5.259,0.028,0.013,-0.016,-0.007,0.0,-0.0,0.0,-0.12,-0.12,-0.12,0.0,0.0,0.0,0.0,1.0
57802.0,-28.6138,-9.8794,-15.5621,-0.451,-5.071,-0.041,0.009,-0.002,0.001,0.0,-0.0,0.0,-0.12,-0.12,-0.12,0.0,0.0,0.0,0.0,1.0
57809.0,-28.6253,-9.9135,-15.5391,-0.301,-4.887,-0.374,-0.01,-0.002,-0.011,0.0,-0.0,0.0,-0.12,-0.12,-0.12,0.0,0.0,0.0,0.0,1.0
57817.0,-28.6383,-9.9458,-15.5189,-0.271,-4.878,-0.624,-0.03,0.001,-0.014,0.0,-0.0,0.0,-0.12,-0.12,-0.12,0.0,0.0,0.0,0.0,1.0
57825.0,-28.6611,-9.9782,-15.5075,-0.516,-4.685,-0.258,-0.05,0.023,-0.002,0.0,-0.0,0.0,-0.12,-0.12,-0.12,0.0,0.0,0.0,0.0,1.0
57833.0,-28.6791,-10.0093,-15.493,-0.232,-4.817,-0.305,-0.037,0.033,-0.008,0.0,-0.0,0.0,-0.12,-0.12,-0.12,0.0,0.0,0.0,0.0,1.0
57841.0,-28.6953,-10.0438,-15.4738,-0.113,-4.945,-0.087,-0.054,0.041,-0.006,-0.0,-0.0,0.0,-0.12,-0.12,-0.12,0.0,0.0,0.0,0.0,1.0
57848.0,-28.7138,-10.0798,-15.4549,-0.122,-4.644,0.042,-0.046,0.039,0.001,-0.0,-0.0,0.0,-0.12,-0.12,-0.12,0.0,0.0,0.0,0.0,1.0
57856.0,-28.728,-10.1105,-15.4376,-0.108,-4.618,-0.105,-0.013,0.031,-0.012,-0.0,-0.0,0.0,-0.12,-0.12,-0.12,0.0,0.0,0.0,0.0,1.0
57864.0,-28.7413,-10.1419,-15.4186,-0.217,-4.655,0.463,0.002,0.016,0.006,-0.0,-0.0,0.0,-0.12,-0.12,-0.12,0.0,0.0,0.0,0.0,1.0
57872.0,-28.7535,-10.1748,-15.3973,-0.096,-4.481,0.379,0.026,0.002,-0.005,-0.0,-0.0,0.0,-0.12,-0.12,-0.12,0.0,0.0,0.0,0.0,1.0
57880.0,-28.7641,-10.2072,-15.3751,-0.046,-4.55,0.397,0.047,-0.017,0.003,-0.0,-0.0,0.0,-0.12,-0.12,-0.12,0.0,0.0,0.0,0.0,1.0
57887.0,-28.7758,-10.2355,-15.3579,-0.103,-4.767,0.352,0.053,-0.027,0.003,0.0,-0.0,0.0,-0.12,-0.12,-0.12,0.0,0.0,0.0,0.0,1.0
57895.0,-28.7833,-10.2627,-15.3379,-0.088,-4.827,0.293,0.061,-0.012,0.002,0.0,-0.0,0.0,-0.12,-0.12,-0.12,0.0,0.0,0.0,0.0,1.0
57903.0,-28.7877,-10.2918,-15.3135,0.013,-4.92,0.286,0.062,-0.019,0.006,0.0,-0.0,0.0,-0.12,-0.12,-0.12,0.0,0.0,0.0,0.0,1.0
57911.0,-28.7937,-10.3181,-15.2932,0.163,-4.821,0.039,0.049,-0.029,-0.003,0.0,-0.0,0.0,-0.12,-0.12,-0.12,0.0,0.0,0.0,0.0,1.0
57918.0,-28.799,-10.3464,-15.2703,-0.041,-4.834,-0.059,0.035,-0.015,0.01,0.0,-0.0,0.0,-0.12,-0.12,-0.12,0.0,0.0,0.0,0.0,1.0
57926.0,-28.8077,-10.377,-15.2481,-0.196,-4.958,-0.097,0.008,-0.001,-0.003,0.0,-0.0,0.0,-0.12,-0.12,-0.12,0.0,0.0,0.0,0.0,1.0
57934.0,-28.8153,-10.4074,-15.2252,-0.38,-4.876,-0.1,-0.001,0.008,-0.004,0.0,-0.0,0.0,-0.12,-0.12,-0.12,0.0,0.0,0.0,0.0,1.0
57942.0,-28.8252,-10.4402,-15.202,-0.23,-4.649,-0.476,-0.021,0.033,-0.008,0.0,-0.0,0.0,-0.12,-0.12,-0.12,0.0,0.0,0.0,0.0,1.0
57949.0,-28.8371,-10.4731,-15.1804,-0.139,-4.57,-0.224,-0.043,0.03,0.003,0.0,-0.0,0.0,-0.12,-0.12,-0.12,0.0,0.0,0.0,0.0,1.0
57957.0,-28.8528,-10.5084,-15.1599,-0.119,-4.39,-0.215,-0.044,0.025,0.001,0.0,-0.0,0.0,-0.12,-0.12,-0.12,0.0,0.0,0.0,0.0,1.0
57965.0,-28.8713,-10.5415,-15.1439,-0.433,-4.181,-0.006,-0.04,0.009,-0.008,0.0,-0.0,0.0,-0.12,-0.12,-0.12,0.0,0.0,0.0,0.0,1.0
57973.0,-28.8873,-10.5721,-15.1282,-0.328,-4.12,0.143,-0.044,-0.009,0.002,0.0,-0.0,0.0,-0.12,-0.12,-0.12,0.0,0.0,0.0,0.0,1.0
57981.0,-28.9025,-10.5982,-15.1162,-0.217,-3.772,0.317,-0.034,-0.003,-0.001,0.0,-0.0,0.0,-0.12,-0.12,-0.12,0.0,0.0,0.0,0.0,1.0
57988.0,-28.9158,-10.6216,-15.1051,-0.4,-4.19,0.071,-0.027,-0.002,0.006,0.0,-0.0,0.0,-0.12,-0.12,-0.12,0.0,0.0,0.0,0.0,1.0
57996.0,-28.9286,-10.6435,-15.095,-0.16,-4.314,0.378,-0.02,-0.004,-0.002,-0.0,-0.0,0.0,-0.12,-0.12,-0.12,0.0,0.0,0.0,0.0,1.0
58004.0,-28.9361,-10.6639,-15.0818,-0.161,-4.486,0.55,-0.007,-0.016,-0.001,-0.0,-0.0,0.0,-0.12,-0.12,-0.12,0.0,0.0,0.0,0.0,1.0
58012.0,-28.9437,-10.6883,-15.0646,-0.081,-4.415,0.189,0.003,-0.013,0.012,-0.0,-0.0,0.0,-0.12,-0.12,-0.12,0.0,0.0,0.0,0.0,1.0
58019.0,-28.9453,-10.7113,-15.0437,-0.086,-4.742,0.207,0.007,0.004,0.012,-0.0,-0.0,0.0,-0.12,-0.12,-0.12,0.0,0.0,0.0,0.0,1.0
58027.0,-28.949,-10.7419,-15.0171,0.058,-4.8,-0.195,0.019,-0.012,-0.003,0.0,-0.0,0.0,-0.12,-0.12,-0.12,0.0,0.0,0.0,0.0,1.0
58035.0,-28.9547,-10.7721,-14.9927,-0.09,-4.553,-0.293,0.012,-0.019,0.0,0.0,-0.0,0.0,-0.12,-0.12,-0.12,0.0,0.0,0.0,0.0,1.0
58043.0,-28.9652,-10.8067,-14.9683,-0.274,-4.429,-0.339,0.029,-0.017,-0.001,0.0,-0.0,0.0,-0.12,-0.12,-0.12,0.0,0.0,0.0,0.0,1.0
58051.0,-28.9737,-10.8388,-14.9445,-0.261,-3.946,-0.2,0.039,-0.011,-0.005,0.0,-0.0,0.0,-0.12,-0.12,-0.12,0.0,0.0,0.0,0.0,1.0
58058.0,-28.982,-10.8661,-14.9251,-0.396,-3.63,-0.487,0.022,-0.015,0.009,0.0,-0.0,0.0,-0.12,-0.12,-0.12,0.0,0.0,0.0,0.0,1.0
58066.0,-28.9932,-10.8904,-14.9113,-0.17,-3.609,-0.207,0.022,-0.011,-0.024,0.0,-0.0,0.0,-0.12,-0.12,-0.12,0.0,0.0,0.0,0.0,1.0
58074.0,-29.0073,-10.9127,-14.9021,-0.596,-3.574,-0.345,0.016,-0.0,0.0,0.0,-0.0,0.0,-0.12,-0.12,-0.12,0.0,0.0,0.0,0.0,1.0
58082.0,-29.0248,-10.9324,-14.8983,-0.923,-3.891,-0.231,0.002,0.006,-0.003,0.0,-0.0,0.0,-0.12,-0.12,-0.12,0.0,0.0,0.0,0.0,1.0
58090.0,-29.0397,-10.9536,-14.8908,-0.328,-3.904,-0.073,-0.012,0.003,0.0,0.0,-0.0,0.0,-0.12,-0.12,-0.12,0.0,0.0,0.0,0.0,1.0
58097.0,-29.0545,-10.9763,-14.8816,-0.194,-4.264,0.257,-0.03,0.027,0.001,0.0,-0.0,0.0,-0.12,-0.12,-0.12,0.0,0.0,0.0,0.0,1.0
58105.0,-29.0646,-10.9974,-14.8701,0.019,-4.423,0.097,-0.038,0.021,0.011,0.0,-0.0,0.0,-0.12,-0.12,-0.12,0.0,0.0,0.0,0.0,1.0
58113.0,-29.074,-11.0191,-14.8572,-0.18,-4.365,0.24,-0.037,0.008,-0.007,0.0,-0.0,0.0,-0.12,-0.12,-0.12,0.0,0.0,0.0,0.0,1.0
58121.0,-29.0783,-11.0438,-14.8369,-0.142,-4.916,0.12,-0.032,0.026,0.008,0.0,-0.0,0.0,-0.12,-0.12,-0.12,0.0,0.0,0.0,0.0,1.0
58128.0,-29.0845,-11.0728,-14.8141,0.023,-5.18,0.115,-0.024,0.01,0.004,-0.0,-0.0,0.0,-0.12,-0.12,-0.12,0.0,0.0,0.0,0.0,1.0
58136.0,-29.0876,-11.1018,-14.7887,0.153,-5.134,-0.271,-0.012,0.008,-0.013,-0.0,-0.0,0.0,-0.12,-0.12,-0.12,0.0,0.0,0.0,0.0,1.0
58144.0,-29.0981,-11.1342,-14.7663,-0.002,-5.086,-0.481,-0.005,-0.003,-0.013,-0.0,-0.0,0.0,-0.12,-0.12,-0.12,0.0,0.0,0.0,0.0,1.0
58152.0,-29.1123,-11.1717,-14.7423,-0.117,-4.804,-0.543,-0.004,-0.007,0.008,-0.0,-0.0,0.0,-0.12,-0.12,-0.12,0.0,0.0,0.0,0.0,1.0
58159.0,-29.1261,-11.2087,-14.7184,-0.366,-4.724,-0.376,0.023,-0.022,-0.011,-0.0,-0.0,0.0,-0.12,-0.12,-0.12,0.0,0.0,0.0,0.0,1.0
58167.0,-29.1406,-11.2492,-14.6918,-0.139,-4.575,-0.224,0.041,-0.04,-0.005,0.0,-0.0,0.0,-0.12,-0.12,-0.12,0.0,0.0,0.0,0.0,1.0
58175.0,-29.1563,-11.2874,-14.6684,-0.213,-3.974,-0.226,0.033,-0.025,-0.005,0.0,-0.0,0.0,-0.12,-0.12,-0.12,0.0,0.0,0.0,0.0,1.0
58183.0,-29.1726,-11.3193,-14.6516,-0.037,-3.756,-0.093,0.023,-0.026,-0.004,0.0,-0.0,0.0,-0.12,-0.12,-0.12,0.0,0.0,0.0,0.0,1.0
58190.0,-29.1882,-11.3477,-14.6377,-0.19,-3.225,0.266,0.016,-0.01,-0.006,0.0,-0.0,0.0,-0.12,-0.12,-0.12,0.0,0.0,0.0,0.0,1.0
58198.0,-29.2019,-11.376,-14.6221,-0.291,-3.004,0.143,0.011,-0.01,0.006,0.0,-0.0,0.0,-0.12,-0.12,-0.12,0.0,0.0,0.0,0.0,1.0
58206.0,-29.2098,-11.4015,-14.6043,0.085,-3.231,0.522,-0.001,0.003,0.001,0.0,-0.0,0.0,-0.12,-0.12,-0.12,0.0,0.0,0.0,0.0,1.0
58214.0,-29.2187,-11.4212,-14.5929,-0.229,-2.892,0.602,-0.006,0.013,0.0,0.0,-0.0,0.0,-0.12,-0.12,-0.12,0.0,0.0,0.0,0.0,1.0
58221.0,-29.2229,-11.4364,-14.5818,-0.159,-2.735,0.586,-0.02,0.018,-0.001,0.0,-0.0,0.0,-0.12,-0.12,-0.12,0.0,0.0,0.0,0.0,1.0
58229.0,-29.2258,-11.4483,-14.5727,-0.044,-2.844,0.476,-0.021,0.026,-0.002,0.0,-0.0,0.0,-0.12,-0.12,-0.12,0.0,0.0,0.0,0.0,1.0
58237.0,-29.2241,-11.4612,-14.5587,-0.143,-2.621,0.354,-0.023,0.018,-0.008,0.0,-0.0,0.0,-0.12,-0.12,-0.12,0.0,0.0,0.0,0.0,1.0
58245.0,-29.2222,-11.469,-14.5495,0.136,-2.649,-0.107,-0.016,0.026,0.0,0.0,-0.0,0.0,-0.12,-0.12,-0.12,0.0,0.0,0.0,0.0,1.0
58252.0,-29.2231,-11.4807,-14.5388,-0.209,-2.974,-0.174,-0.018,0.033,-0.005,0.0,-0.0,0.0,-0.12,-0.12,-0.12,0.0,0.0,0.0,0.0,1.0
58260.0,-29.2239,-11.4945,-14.5261,-0.273,-2.802,-0.174,0.014,0.023,0.004,0.0,-0.0,0.0,-0.12,-0.12,-0.12,0.0,0.0,0.0,0.0,1.0
58268.0,-29.2274,-11.5108,-14.5133,-0.419,-3.098,-0.471,0.023,0.019,-0.001,0.0,-0.0,0.0,-0.12,-0.12,-0.12,0.0,0.0,0.0,0.0,1.0
58276.0,-29.2319,-11.525,-14.5034,-0.122,-2.919,-0.206,0.014,-0.007,0.002,0.0,-0.0,0.0,-0.12,-0.12,-0.12,0.0,0.0,0.0,0.0,1.0
58284.0,-29.2431,-11.542,-14.4967,-0.094,-2.996,-0.369,0.037,-0.011,-0.003,0.0,-0.0,0.0,-0.12,-0.12,-0.12,0.0,0.0,0.0,0.0,1.0
58291.0,-29.254,-11.5602,-14.4887,-0.059,-3.177,-0.119,0.032,-0.027,0.005,0.0,-0.0,0.0,-0.12,-0.12,-0.12,0.0,0.0,0.0,0.0,1.0
58299.0,-29.2648,-11.5776,-14.4812,-0.046,-3.194,-0.222,0.018,-0.021,-0.001,0.0,-0.0,0.0,-0.12,-0.12,-0.12,0.0,0.0,0.0,0.0,1.0
58307.0,-29.2731,-11.5994,-14.4673,-0.025,-3.012,-0.213,0.02,-0.018,0.003,0.0,-0.0,0.0,-0.12,-0.12,-0.12,0.0,0.0,0.0,0.0,1.0
58314.0,-29.2802,-11.6198,-14.4537,-0.259,-3.121,0.024,0.021,-0.016,-0.005,0.0,-0.0,0.0,-0.12,-0.12,-0.12,0.0,0.0,0.0,0.0,1.0
58322.0,-29.2831,-11.6346,-14.4418,-0.074,-3.16,-0.016,0.016,-0.014,-0.003,0.0,-0.0,0.0,-0.12,-0.12,-0.12,0.0,0.0,0.0,0.0,1.0
58330.0,-29.2891,-11.6471,-14.4349,-0.045,-3.322,-0.093,0.008,-0.001,0.007,0.0,-0.0,0.0,-0.12,-0.12,-0.12,0.0,0.0,0.0,0.0,1.0
58338.0,-29.2931,-11.6654,-14.4207,-0.179,-3.394,0.008,-0.016,0.005,0.003,0.0,-0.0,0.0,-0.12,-0.12,-0.12,0.0,0.0,0.0,0.0,1.0
58346.0,-29.2976,-11.6814,-14.409,-0.1,-3.495,-0.18,-0.017,0.013,0.007,0.0,-0.0,0.0,-0.12,-0.12,-0.12,0.0,0.0,0.0,0.0,1.0
58353.0,-29.3063,-11.6999,-14.3987,0.043,-3.811,-0.324,-0.031,0.025,0.003,0.0,-0.0,0.0,-0.12,-0.12,-0.12,0.0,0.0,0.0,0.0,1.0
58361.0,-29.3148,-11.7198,-14.3867,0.078,-3.905,-0.159,-0.033,0.026,-0.001,0.0,-0.0,0.0,-0.12,-0.12,-0.12,0.0,0.0,0.0,0.0,1.0
58369.0,-29.3225,-11.7386,-14.3752,-0.107,-3.778,-0.206,-0.028,0.013,-0.001,0.0,-0.0,0.0,-0.12,-0.12,-0.12,0.0,0.0,0.0,0.0,1.0
58377.0,-29.3309,-11.7626,-14.3592,-0.021,-3.812,-0.153,-0.037,0.015,-0.0,0.0,-0.0,0.0,-0.12,-0.12,-0.12,0.0,0.0,0.0,0.0,1.0
58384.0,-29.3402,-11.7843,-14.3463,-0.177,-3.849,-0.277,-0.01,0.011,0.008,0.0,-0.0,0.0,-0.12,-0.12,-0.12,0.0,0.0,0.0,0.0,1.0
58392.0,-29.3487,-11.8041,-14.3344,-0.171,-3.736,-0.078,-0.004,0.005,0.005,0.0,-0.0,0.0,-0.12,-0.12,-0.12,0.0,0.0,0.0,0.0,1.0
58400.0,-29.3616,-11.8281,-14.3224,0.062,-3.801,-0.143,-0.003,-0.007,-0.001,0.0,-0.0,0.0,-0.12,-0.12,-0.12,0.0,0.0,0.0,0.0,1.0
58408.0,-29.3724,-11.8522,-14.3084,0.053,-3.801,0.288,0.027,0.002,0.005,0.0,-0.0,0.0,-0.12,-0.12,-0.12,0.0,0.0,0.0,0.0,1.0
58415.0,-29.3819,-11.8779,-14.2918,0.167,-4.084,0.351,0.027,-0.005,0.007,0.0,-0.0,0.0,-0.12,-0.12,-0.12,0.0,0.0,0.0,0.0,1.0
58423.0,-29.3895,-11.9028,-14.2743,-0.088,-3.985,0.19,0.039,-0.01,0.001,0.0,-0.0,0.0,-0.12,-0.12,-0.12,0.0,0.0,0.0,0.0,1.0
58431.0,-29.3923,-11.925,-14.2551,-0.116,-3.865,0.311,0.042,-0.006,-0.002,0.0,-0.0,0.0,-0.12,-0.12,-0.12,0.0,0.0,0.0,0.0,1.0
58439.0,-29.3956,-11.9471,-14.2364,-0.171,-3.866,0.051,0.032,-0.01,-0.002,0.0,-0.0,0.0,-0.12,-0.12,-0.12,0.0,0.0,0.0,0.0,1.0
58446.0,-29.398,-11.9697,-14.2165,0.128,-4.145,0.032,0.039,-0.01,-0.003,0.0,-0.0,0.0,-0.12,-0.12,-0.12,0.0,0.0,0.0,0.0,1.0
58454.0,-29.3999,-11.9883,-14.2002,-0.176,-4.063,-0.06,0.032,-0.008,-0.002,0.0,-0.0,0.0,-0.12,-0.12,-0.12,0.0,0.0,0.0,0.0,1.0
58462.0,-29.408,-12.0093,-14.1868,-0.281,-3.867,-0.468,0.0,-0.001,0.0,0.0,-0.0,0.0,-0.12,-0.12,-0.12,0.0,0.0,0.0,0.0,1.0
58470.0,-29.4158,-12.028,-14.1754,-0.132,-4.242,-0.241,-0.014,0.01,-0.009,0.0,-0.0,0.0,-0.12,-0.12,-0.12,0.0,0.0,0.0,0.0,1.0
58478.0,-29.4291,-12.0524,-14.1634,-0.408,-4.325,-0.41,-0.031,0.004,-0.012,0.0,-0.0,0.0,-0.12,-0.12,-0.12,0.0,0.0,0.0,0.0,1.0
58485.0,-29.4434,-12.0794,-14.1497,-0.394,-4.515,-0.341,-0.033,0.01,0.004,0.0,-0.0,0.0,-0.12,-0.12,-0.12,0.0,0.0,0.0,0.0,1.0
58493.0,-29.4603,-12.1067,-14.138,-0.12,-4.518,-0.086,-0.052,-0.005,0.001,0.0,-0.0,0.0,-0.12,-0.12,-0.12,0.0,0.0,0.0,0.0,1.0
58501.0,-29.4751,-12.1304,-14.1278,-0.27,-4.529,0.074,-0.038,-0.009,-0.006,0.0,-0.0,0.0,-0.12,-0.12,-0.12,0.0,0.0,0.0,0.0,1.0
58509.0,-29.4915,-12.1607,-14.1128,-0.157,-4.64,-0.036,-0.042,-0.007,-0.005,0.0,-0.0,0.0,-0.12,-0.12,-0.12,0.0,0.0,0.0,0.0,1.0
58516.0,-29.5016,-12.1874,-14.0958,-0.124,-4.147,0.284,-0.021,-0.017,-0.012,0.0,-0.0,-0.0,-0.12,-0.12,-0.12,0.0,0.0,0.0,0.0,1.0
58524.0,-29.5141,-12.2135,-14.0812,0.024,-4.437,0.425,-0.002,-0.014,-0.004,0.0,-0.0,-0.0,-0.12,-0.12,-0.12,0.0,0.0,0.0,0.0,1.0
58532.0,-29.5222,-12.2442,-14.0585,-0.046,-4.638,0.484,0.01,-0.01,0.001,0.0,-0.0,-0.0,-0.12,-0.12,-0.12,0.0,0.0,0.0,0.0,1.0
58540.0,-29.5262,-12.2735,-14.0335,-0.209,-4.589,0.705,0.015,-0.01,0.004,0.0,-0.0,-0.0,-0.12,-0.12,-0.12,0.0,0.0,0.0,0.0,1.0
58548.0,-29.5306,-12.2964,-14.0151,-0.32,-4.677,0.272,0.037,-0.008,0.012,0.0,-0.0,-0.0,-0.12,-0.12,-0.12,0.0,0.0,0.0,0.0,1.0
58556.0,-29.5321,-12.3197,-13.9937,-0.425,-4.782,0.167,0.036,0.001,-0.002,0.0,-0.0,-0.0,-0.12,-0.12,-0.12,0.0,0.0,0.0,0.0,1.0
58563.0,-29.5332,-12.3399,-13.975,-0.344,-4.839,-0.064,0.031,0.007,-0.005,0.0,-0.0,0.0,-0.12,-0.12,-0.12,0.0,0.0,0.0,0.0,1.0
58571.0,-29.5389,-12.3649,-13.9557,-0.37,-5.348,-0.056,0.007,0.01,-0.0,0.0,-0.0,-0.0,-0.12,-0.12,-0.12,0.0,0.0,0.0,0.0,1.0
58579.0,-29.5515,-12.3896,-13.9427,-0.312,-5.76,-0.124,0.011,0.003,0.009,0.0,-0.0,0.0,-0.12,-0.12,-0.12,0.0,0.0,0.0,0.0,1.0
58587.0,-29.5616,-12.4148,-13.9271,-0.213,-5.679,-0.303,-0.013,0.01,-0.004,0.0,-0.0,0.0,-0.12,-0.12,-0.12,0.0,0.0,0.0,0.0,1.0
58595.0,-29.5793,-12.4476,-13.9107,-0.261,-6.154,-0.521,-0.021,0.016,0.008,0.0,-0.0,0.0,-0.12,-0.12,-0.12,0.0,0.0,0.0,0.0,1.0
58603.0,-29.5976,-12.4813,-13.894,-0.361,-6.362,-0.212,-0.035,0.013,-0.002,0.0,-0.0,0.0,-0.12,-0.12,-0.12,0.0,0.0,0.0,0.0,1.0
58610.0,-29.6173,-12.518,-13.8756,-0.242,-6.532,0.048,-0.026,0.012,0.004,0.0,-0.0,0.0,-0.12,-0.12,-0.12,0.0,0.0,0.0,0.0,1.0
58618.0,-29.6367,-12.5531,-13.8584,-0.088,-6.537,0.215,-0.022,0.005,-0.001,0.0,-0.0,0.0,-0.12,-0.12,-0.12,0.0,0.0,0.0,0.0,1.0
58626.0,-29.6526,-12.5921,-13.8345,-0.13,-7.073,0.369,-0.014,-0.012,0.009,-0.0,-0.0,0.0,-0.12,-0.12,-0.12,0.0,0.0,0.0,0.0,1.0
58633.0,-29.666,-12.6321,-13.8073,-0.18,-7.134,0.48,-0.01,-0.016,0.014,-0.0,-0.0,0.0,-0.12,-0.12,-0.12,0.0,0.0,0.0,0.0,1.0
58641.0,-29.6751,-12.6694,-13.779,0.169,-7.264,0.263,-0.005,-0.019,-0.002,-0.0,-0.0,0.0,-0.12,-0.12,-0.12,0.0,0.0,0.0,0.0,1.0
58649.0,-29.685,-12.7086,-13.7496,-0.211,-7.668,0.204,0.019,-0.024,0.006,-0.0,-0.0,0.0,-0.12,-0.12,-0.12,0.0,0.0,0.0,0.0,1.0
58657.0,-29.6932,-12.7463,-13.7201,-0.287,-8.022,0.108,0.022,-0.026,-0.006,0.0,-0.0,0.0,-0.12,-0.12,-0.12,0.0,0.0,0.0,0.0,1.0
58665.0,-29.6997,-12.7836,-13.6894,-0.093,-8.059,-0.363,0.019,-0.022,0.006,0.0,-0.0,0.0,-0.12,-0.12,-0.12,0.0,0.0,0.0,0.0,1.0
58672.0,-29.7119,-12.831,-13.6541,0.066,-8.651,-0.351,0.024,-0.009,0.0,0.0,-0.0,0.0,-0.12,-0.12,-0.12,0.0,0.0,0.0,0.0,1.0
58680.0,-29.727,-12.878,-13.6215,-0.089,-8.688,-0.475,0.024,-0.005,-0.009,0.0,-0.0,0.0,-0.12,-0.12,-0.12,0.0,0.0,0.0,0.0,1.0
58688.0,-29.7449,-12.935,-13.5817,-0.315,-8.926,-0.539,0.002,-0.001,-0.005,0.0,-0.0,0.0,-0.12,-0.12,-0.12,0.0,0.0,0.0,0.0,1.0
58696.0,-29.765,-12.9942,-13.5418,-0.194,-9.011,-0.364,0.006,0.009,-0.015,0.0,-0.0,0.0,-0.12,-0.12,-0.12,0.0,0.0,0.0,0.0,1.0
58703.0,-29.7905,-13.0544,-13.5056,-0.415,-8.964,-0.403,-0.012,0.003,0.0,0.0,-0.0,0.0,-0.12,-0.12,-0.12,0.0,0.0,0.0,0.0,1.0
58711.0,-29.8137,-13.1111,-13.4708,-0.438,-8.517,-0.3,-0.011,0.013,0.007,0.0,-0.0,0.0,-0.12,-0.12,-0.12,0.0,0.0,0.0,0.0,1.0
58719.0,-29.839,-13.1704,-13.4353,-0.518,-8.588,0.06,-0.01,0.011,-0.002,0.0,-0.0,0.0,-0.12,-0.12,-0.12,0.0,0.0,0.0,0.0,1.0
58727.0,-29.8608,-13.2272,-13.3993,-0.519,-8.719,0.19,-0.004,0.002,0.004,0.0,-0.0,0.0,-0.12,-0.12,-0.12,0.0,0.0,0.0,0.0,1.0
58734.0,-29.8829,-13.2817,-13.3656,-0.413,-8.441,0.122,-0.002,0.002,-0.007,0.0,-0.0,0.0,-0.12,-0.12,-0.12,0.0,0.0,0.0,0.0,1.0
58742.0,-29.9008,-13.3335,-13.3309,-0.414,-8.57,0.252,-0.017,-0.019,0.002,0.0,-0.0,0.0,-0.12,-0.12,-0.12,0.0,0.0,0.0,0.0,1.0
58750.0,-29.9182,-13.3837,-13.2973,-0.625,-8.825,0.084,-0.005,-0.009,-0.005,0.0,-0.0,0.0,-0.12,-0.12,-0.12,0.0,0.0,0.0,0.0,1.0
58758.0,-29.9327,-13.4336,-13.2615,-0.674,-8.799,0.109,-0.008,-0.002,-0.003,0.0,-0.0,0.0,-0.12,-0.12,-0.12,0.0,0.0,0.0,0.0,1.0
58765.0,-29.9482,-13.4779,-13.232,-0.75,-9.067,-0.074,-0.025,0.001,-0.003,0.0,-0.0,0.0,-0.12,-0.12,-0.12,0.0,0.0,0.0,0.0,1.0
58773.0,-29.9632,-13.5217,-13.2025,-0.571,-9.476,-0.053,-0.007,0.004,0.006,0.0,-0.0,0.0,-0.12,-0.12,-0.12,0.0,0.0,0.0,0.0,1.0
58781.0,-29.9815,-13.5674,-13.1741,-0.662,-9.683,-0.176,0.02,0.003,-0.017,0.0,-0.0,0.0,-0.12,-0.12,-0.12,0.0,0.0,0.0,0.0,1.0
58789.0,-30.0036,-13.6181,-13.1441,-0.455,-10.169,-0.319,-0.004,0.006,0.001,0.0,-0.0,0.0,-0.12,-0.12,-0.12,0.0,0.0,0.0,0.0,1.0
58796.0,-30.0249,-13.6729,-13.1096,-0.377,-10.572,-0.205,0.005,0.015,-0.002,0.0,-0.0,0.0,-0.12,-0.12,-0.12,0.0,0.0,0.0,0.0,1.0
58804.0,-30.0495,-13.7314,-13.0743,-0.454,-11.099,-0.13,0.014,0.022,0.002,0.0,-0.0,-0.0,-0.12,-0.12,-0.12,0.0,0.0,0.0,0.0,1.0
58812.0,-30.073,-13.7947,-13.0333,-0.006,-11.538,-0.138,0.006,0.013,-0.003,0.0,-0.0,-0.0,-0.12,-0.12,-0.12,0.0,0.0,0.0,0.0,1.0
58820.0,-30.0964,-13.8685,-12.9821,0.167,-12.105,-0.273,0.007,0.018,-0.004,0.0,-0.0,-0.0,-0.12,-0.12,-0.12,0.0,0.0,0.0,0.0,1.0
58827.0,-30.1199,-13.9439,-12.9293,0.343,-11.929,-0.097,-0.001,0.008,0.008,0.0,-0.0,0.0,-0.12,-0.12,-0.12,0.0,0.0,0.0,0.0,1.0
58835.0,-30.1433,-14.0198,-12.876,-0.302,-11.977,-0.144,0.01,-0.009,0.01,0.0,-0.0,0.0,-0.12,-0.12,-0.12,0.0,0.0,0.0,0.0,1.0
58843.0,-30.1631,-14.0947,-12.8204,-0.281,-11.969,0.038,0.008,-0.017,0.001,0.0,-0.0,0.0,-0.12,-0.12,-0.12,0.0,0.0,0.0,0.0,1.0
58851.0,-30.1884,-14.1721,-12.7673,-0.351,-11.911,-0.162,0.013,-0.037,0.002,0.0,-0.0,0.0,-0.12,-0.12,-0.12,0.0,0.0,0.0,0.0,1.0
58858.0,-30.2112,-14.2466,-12.7148,-0.102,-11.907,-0.416,0.008,-0.049,-0.003,0.0,-0.0,0.0,-0.12,-0.12,-0.12,0.0,0.0,0.0,0.0,1.0
58866.0,-30.2373,-14.3213,-12.6651,-0.401,-11.586,-0.439,0.01,-0.045,0.001,0.0,-0.0,0.0,-0.12,-0.12,-0.12,0.0,0.0,0.0,0.0,1.0
58874.0,-30.2642,-14.3975,-12.6145,-0.48,-11.484,-0.251,0.007,-0.017,0.009,0.0,-0.0,0.0,-0.12,-0.12,-0.12,0.0,0.0,0.0,0.0,1.0
58882.0,-30.2885,-14.4687,-12.5666,-0.486,-11.77,-0.277,0.005,-0.015,-0.003,0.0,-0.0,0.0,-0.12,-0.12,-0.12,0.0,0.0,0.0,0.0,1.0
58890.0,-30.3126,-14.539,-12.5193,-0.275,-11.559,-0.065,-0.011,0.002,0.006,0.0,-0.0,0.0,-0.12,-0.12,-0.12,0.0,0.0,0.0,0.0,1.0
58897.0,-30.3394,-14.6118,-12.4721,-0.381,-11.881,0.044,-0.021,0.024,-0.003,0.0,-0.0,-0.0,-0.12,-0.12,-0.12,0.0,0.0,0.0,0.0,1.0
58905.0,-30.3635,-14.6847,-12.4223,-0.58,-11.824,0.187,-0.014,0.033,0.001,0.0,-0.0,-0.0,-0.12,-0.12,-0.12,0.0,0.0,0.0,0.0,1.0
58913.0,-30.3862,-14.7527,-12.376,-0.672,-11.99,0.021,-0.009,0.032,0.002,0.0,-0.0,-0.0,-0.12,-0.12,-0.12,0.0,0.0,0.0,0.0,1.0
58921.0,-30.4053,-14.8231,-12.3243,-0.806,-12.104,0.166,-0.0,0.037,-0.01,0.0,-0.0,-0.0,-0.12,-0.12,-0.12,0.0,0.0,0.0,0.0,1.0
58928.0,-30.4255,-14.8935,-12.2735,-0.805,-12.147,0.209,-0.003,0.026,-0.003,0.0,-0.0,-0.0,-0.12,-0.12,-0.12,0.0,0.0,0.0,0.0,1.0
58936.0,-30.4454,-14.9623,-12.2239,-0.825,-12.285,0.157,-0.015,0.011,-0.009,0.0,-0.0,-0.0,-0.12,-0.12,-0.12,0.0,0.0,0.0,0.0,1.0
58944.0,-30.4702,-15.0355,-12.1746,-1.071,-12.661,0.04,-0.006,0.023,-0.017,0.0,-0.0,-0.0,-0.12,-0.12,-0.12,0.0,0.0,0.0,0.0,1.0
58952.0,-30.4929,-15.105,-12.1267,-0.921,-12.735,-0.034,0.011,-0.015,-0.008,0.0,-0.0,-0.0,-0.12,-0.12,-0.12,0.0,0.0,0.0,0.0,1.0
58959.0,-30.5155,-15.1733,-12.0801,-1.112,-13.109,0.109,0.011,-0.011,-0.012,0.0,-0.0,-0.0,-0.12,-0.12,-0.12,0.0,0.0,0.0,0.0,1.0
58967.0,-30.5361,-15.2442,-12.0293,-0.982,-13.148,-0.191,0.016,-0.015,-0.024,0.0,-0.0,-0.0,-0.12,-0.12,-0.12,0.0,0.0,0.0,0.0,1.0
58975.0,-30.5571,-15.3143,-11.9794,-0.759,-13.781,-0.307,0.028,-0.028,-0.015,0.0,-0.0,-0.0,-0.12,-0.12,-0.12,0.0,0.0,0.0,0.0,1.0
58983.0,-30.5792,-15.3833,-11.9317,-0.665,-14.027,-0.469,0.017,-0.022,-0.034,0.0,-0.0,-0.0,-0.12,-0.12,-0.12,0.0,0.0,0.0,0.0,1.0
58990.0,-30.6061,-15.4574,-11.8832,-0.572,-14.274,-0.632,0.014,-0.02,-0.019,0.0,-0.0,-0.0,-0.12,-0.12,-0.12,0.0,0.0,0.0,0.0,1.0
58998.0,-30.6327,-15.53,-11.8359,-0.447,-15.486,-0.811,-0.001,-0.009,-0.022,0.0,-0.0,-0.0,-0.12,-0.12,-0.12,0.0,0.0,0.0,0.0,1.0
59006.0,-30.6584,-15.6096,-11.781,-0.473,-15.908,-0.889,0.005,0.002,-0.003,0.0,-0.0,-0.0,-0.12,-0.12,-0.12,0.0,0.0,0.0,0.0,1.0
59014.0,-30.6861,-15.6979,-11.7194,-0.62,-16.246,-1.142,0.002,0.024,-0.008,0.0,-0.0,-0.0,-0.12,-0.12,-0.12,0.0,0.0,0.0,0.0,1.0
59021.0,-30.7159,-15.7877,-11.6581,-0.271,-16.42,-1.317,0.006,0.026,0.013,0.0,-0.0,-0.0,-0.12,-0.12,-0.12,0.0,0.0,0.0,0.0,1.0
59029.0,-30.7457,-15.8859,-11.5887,-0.333,-16.878,-1.43,-0.004,0.039,0.038,0.0,-0.0,-0.0,-0.12,-0.12,-0.12,0.0,0.0,0.0,0.0,1.0
59037.0,-30.7757,-15.9839,-11.5197,-0.247,-17.083,-1.204,0.001,0.039,0.042,0.0,-0.0,-0.0,-0.12,-0.12,-0.12,0.0,0.0,0.0,0.0,1.0
59045.0,-30.8101,-16.0881,-11.4485,-0.339,-17.293,-1.327,-0.014,0.035,0.046,0.0,-0.0,-0.0,-0.12,-0.12,-0.12,0.0,0.0,0.0,0.0,1.0
59053.0,-30.8437,-16.1939,-11.3751,-0.559,-17.203,-1.409,0.001,0.032,0.037,0.0,-0.0,-0.0,-0.12,-0.12,-0.12,0.0,0.0,0.0,0.0,1.0
59060.0,-30.8843,-16.2997,-11.3077,-0.46,-17.426,-1.286,-0.011,0.013,0.014,0.0,0.0,-0.0,-0.12,-0.12,-0.12,0.0,0.0,0.0,0.0,1.0
59068.0,-30.9211,-16.4064,-11.2362,-0.502,-17.704,-1.391,0.004,0.003,-0.011,0.0,0.0,-0.0,-0.12,-0.12,-0.12,0.0,0.0,0.0,0.0,1.0
59076.0,-30.96,-16.5188,-11.161,-0.303,-17.848,-1.448,-0.006,-0.024,-0.014,0.0,-0.0,-0.0,-0.12,-0.12,-0.12,0.0,0.0,0.0,0.0,1.0
59084.0,-30.9974,-16.6335,-11.0822,-0.433,-17.809,-1.148,-0.014,-0.018,-0.04,0.0,-0.0,-0.0,-0.12,-0.12,-0.12,0.0,0.0,0.0,0.0,1.0
59091.0,-31.0326,-16.7465,-11.0031,-0.439,-18.268,-1.002,-0.014,-0.023,-0.051,0.0,-0.0,-0.0,-0.12,-0.12,-0.12,0.0,0.0,0.0,0.0,1.0
59099.0,-31.0658,-16.8591,-10.9227,-0.319,-18.352,-0.827,-0.011,-0.024,-0.042,0.0,-0.0,-0.0,-0.12,-0.12,-0.12,0.0,0.0,0.0,0.0,1.0
59107.0,-31.101,-16.9713,-10.8444,-0.51,-18.642,-0.77,-0.009,-0.029,-0.041,0.0,-0.0,-0.0,-0.12,-0.12,-0.12,0.0,0.0,0.0,0.0,1.0
59115.0,-31.1365,-17.0799,-10.7699,-0.674,-18.421,-0.722,0.001,-0.019,-0.023,0.0,-0.0,-0.0,-0.12,-0.12,-0.12,0.0,0.0,0.0,0.0,1.0
59122.0,-31.1715,-17.1863,-10.697,-0.399,-18.294,-0.596,0.005,-0.012,-0.015,0.0,-0.0,-0.0,-0.12,-0.12,-0.12,0.0,0.0,0.0,0.0,1.0
59130.0,-31.2094,-17.3001,-10.6195,-0.479,-18.15,-0.451,0.005,-0.02,0.009,0.0,-0.0,-0.0,-0.12,-0.12,-0.12,0.0,0.0,0.0,0.0,1.0
59138.0,-31.2451,-17.4251,-10.5293,-0.424,-17.979,-0.363,-0.001,-0.006,0.039,0.0,-0.0,-0.0,-0.12,-0.12,-0.12,0.0,0.0,0.0,0.0,1.0
59146.0,-31.2801,-17.5439,-10.4444,-0.553,-17.984,-0.021,0.002,-0.0,0.027,0.0,-0.0,-0.0,-0.12,-0.12,-0.12,0.0,0.0,0.0,0.0,1.0
59154.0,-31.3157,-17.6646,-10.3582,-0.606,-17.461,0.246,0.011,0.003,0.06,0.0,-0.0,-0.0,-0.12,-0.12,-0.12,0.0,0.0,0.0,0.0,1.0
59162.0,-31.3502,-17.7785,-10.2776,-1.005,-17.264,0.445,0.012,-0.0,0.041,0.0,-0.0,-0.0,-0.12,-0.12,-0.12,0.0,0.0,0.0,0.0,1.0
59170.0,-31.3819,-17.8855,-10.2013,-0.7,-17.345,0.538,0.015,0.015,0.04,0.0,-0.0,-0.0,-0.12,-0.12,-0.12,0.0,0.0,0.0,0.0,1.0
59178.0,-31.4125,-17.9892,-10.1272,-0.539,-17.282,0.946,-0.001,0.013,0.021,0.0,-0.0,-0.0,-0.12,-0.12,-0.12,0.0,0.0,0.0,0.0,1.0
59185.0,-31.4387,-18.0891,-10.0531,-0.566,-17.705,0.868,-0.018,0.026,0.014,0.0,-0.0,0.0,-0.12,-0.12,-0.12,0.0,0.0,0.0,0.0,1.0
59193.0,-31.4614,-18.1896,-9.9751,-0.416,-17.865,0.88,-0.004,0.011,0.001,0.0,-0.0,0.0,-0.12,-0.12,-0.12,0.0,0.0,0.0,0.0,1.0
59201.0,-31.4779,-18.2916,-9.8903,-0.314,-17.743,0.658,0.002,0.002,-0.018,0.0,-0.0,0.0,-0.12,-0.12,-0.12,0.0,0.0,0.0,0.0,1.0
59209.0,-31.4954,-18.3872,-9.8126,-0.468,-17.909,0.664,0.003,0.009,-0.021,0.0,-0.0,-0.0,-0.12,-0.12,-0.12,0.0,0.0,0.0,0.0,1.0
59216.0,-31.5191,-18.4835,-9.7398,-0.665,-18.093,0.306,0.003,-0.008,-0.034,0.0,-0.0,-0.0,-0.12,-0.12,-0.12,0.0,0.0,0.0,0.0,1.0
59224.0,-31.541,-18.5778,-9.6671,-0.62,-18.358,0.212,-0.003,0.005,-0.03,0.0,-0.0,-0.0,-0.12,-0.12,-0.12,0.0,0.0,0.0,0.0,1.0
59232.0,-31.5542,-18.6743,-9.5848,-0.454,-18.19,-0.224,-0.001,-0.016,-0.023,0.0,-0.0,-0.0,-0.12,-0.12,-0.12,0.0,0.0,0.0,0.0,1.0
59239.0,-31.5692,-18.7673,-9.5073,-0.57,-18.561,-0.684,0.004,-0.016,-0.024,0.0,-0.0,-0.0,-0.12,-0.12,-0.12,0.0,0.0,0.0,0.0,1.0
59247.0,-31.5899,-18.8701,-9.4255,-0.715,-18.727,-1.109,0.002,-0.03,-0.006,0.0,-0.0,-0.0,-0.12,-0.12,-0.12,0.0,0.0,0.0,0.0,1.0
59255.0,-31.6109,-18.9691,-9.3475,-1.01,-18.861,-1.417,0.006,-0.018,0.006,0.0,-0.0,-0.0,-0.12,-0.12,-0.12,0.0,0.0,0.0,0.0,1.0
59263.0,-31.6348,-19.0712,-9.2692,-1.419,-19.015,-1.485,0.013,-0.022,0.012,0.0,-0.0,-0.0,-0.12,-0.12,-0.12,0.0,0.0,0.0,0.0,1.0
59271.0,-31.6561,-19.1724,-9.1894,-0.84,-19.321,-1.965,0.001,-0.014,0.027,0.0,-0.0,-0.0,-0.12,-0.12,-0.12,0.0,0.0,0.0,0.0,1.0
59278.0,-31.6853,-19.274,-9.1161,-0.682,-19.395,-2.471,-0.013,-0.017,0.021,0.0,-0.0,-0.0,-0.12,-0.12,-0.12,0.0,0.0,0.0,0.0,1.0
59286.0,-31.7219,-19.377,-9.048,-0.496,-20.106,-2.58,-0.016,0.013,0.012,0.0,-0.0,-0.0,-0.12,-0.12,-0.12,0.0,0.0,0.0,0.0,1.0
59294.0,-31.7623,-19.4907,-8.9728,-0.503,-20.649,-2.348,-0.023,0.032,0.007,0.0,-0.0,-0.0,-0.12,-0.12,-0.12,0.0,0.0,0.0,0.0,1.0
59302.0,-31.7951,-19.6111,-8.8844,-0.389,-20.932,-2.285,-0.028,0.037,-0.01,-0.0,-0.0,-0.0,-0.12,-0.12,-0.12,0.0,0.0,0.0,0.0,1.0
59309.0,-31.8268,-19.7425,-8.7844,-0.345,-21.201,-2.379,-0.021,0.049,-0.009,-0.0,-0.0,-0.0,-0.12,-0.12,-0.12,0.0,0.0,0.0,0.0,1.0
59317.0,-31.8577,-19.8725,-8.685,-0.409,-21.42,-1.992,-0.004,0.038,-0.027,-0.0,-0.0,-0.0,-0.12,-0.12,-0.12,0.0,0.0,0.0,0.0,1.0
59325.0,-31.8935,-20.0016,-8.5908,-1.069,-21.409,-1.979,-0.006,0.036,-0.049,-0.0,-0.0,-0.0,-0.12,-0.12,-0.12,0.0,0.0,0.0,0.0,1.0
59333.0,-31.9251,-20.1324,-8.4912,-0.977,-21.029,-2.029,0.021,0.009,-0.034,-0.0,0.0,-0.0,-0.12,-0.12,-0.12,0.0,0.0,0.0,0.0,1.0
59340.0,-31.9524,-20.2537,-8.397,-0.82,-21.035,-1.861,0.018,0.007,-0.023,-0.0,0.0,-0.0,-0.12,-0.12,-0.12,0.0,0.0,0.0,0.0,1.0
59348.0,-31.9868,-20.3655,-8.3184,-0.751,-20.705,-2.05,0.023,-0.027,-0.014,-0.0,-0.0,-0.0,-0.12,-0.12,-0.12,0.0,0.0,0.0,0.0,1.0
59356.0,-32.023,-20.4776,-8.2411,-0.966,-20.544,-1.89,0.021,-0.04,0.011,0.0,-0.0,-0.0,-0.12,-0.12,-0.12,0.0,0.0,0.0,0.0,1.0
59364.0,-32.0592,-20.5936,-8.16,-0.761,-20.618,-1.705,0.014,-0.046,0.011,0.0,-0.0,-0.0,-0.12,-0.12,-0.12,0.0,0.0,0.0,0.0,1.0
59371.0,-32.0929,-20.7111,-8.0752,-0.789,-20.955,-1.87,0.008,-0.026,0.028,0.0,-0.0,-0.0,-0.12,-0.12,-0.12,0.0,0.0,0.0,0.0,1.0
59379.0,-32.1284,-20.834,-7.9868,-0.761,-21.206,-1.861,0.003,-0.013,0.027,0.0,-0.0,-0.0,-0.12,-0.12,-0.12,0.0,0.0,0.0,0.0,1.0
59387.0,-32.1675,-20.9595,-7.8991,-0.642,-21.593,-1.384,-0.006,0.016,0.023,0.0,-0.0,-0.0,-0.12,-0.12,-0.12,0.0,0.0,0.0,0.0,1.0
59395.0,-32.2056,-21.0827,-7.8125,-0.805,-22.304,-1.146,-0.023,0.027,-0.005,0.0,-0.0,-0.0,-0.12,-0.12,-0.12,0.0,0.0,0.0,0.0,1.0
59403.0,-32.2459,-21.2061,-7.7278,-0.672,-22.663,-0.816,-0.018,0.025,-0.01,0.0,-0.0,-0.0,-0.12,-0.12,-0.12,0.0,0.0,0.0,0.0,1.0
59410.0,-32.2852,-21.3297,-7.6421,-0.71,-23.129,-0.42,-0.024,0.03,-0.016,-0.0,-0.0,-0.0,-0.12,-0.12,-0.12,0.0,0.0,0.0,0.0,1.0
59418.0,-32.3205,-21.4541,-7.552,-0.661,-23.628,0.029,-0.024,0.038,-0.023,-0.0,0.0,-0.0,-0.12,-0.12,-0.12,0.0,0.0,0.0,0.0,1.0
59426.0,-32.3619,-21.5852,-7.4608,-0.544,-24.056,0.549,-0.018,0.033,-0.027,-0.0,0.0,-0.0,-0.12,-0.12,-0.12,0.0,0.0,0.0,0.0,1.0
59434.0,-32.4006,-21.719,-7.3645,-0.622,-24.929,0.97,-0.014,0.012,-0.021,-0.0,0.0,-0.0,-0.12,-0.12,-0.12,0.0,0.0,0.0,0.0,1.0
59441.0,-32.4296,-21.8598,-7.2528,-0.209,-25.75,1.271,-0.012,0.015,-0.009,-0.0,0.0,-0.0,-0.12,-0.12,-0.12,0.0,0.0,0.0,0.0,1.0
59449.0,-32.4556,-22.0034,-7.136,-0.526,-26.671,1.558,-0.008,-0.006,0.005,-0.0,0.0,-0.0,-0.12,-0.12,-0.12,0.0,0.0,0.0,0.0,1.0
59457.0,-32.4786,-22.1476,-7.0157,-0.496,-27.049,1.697,0.006,-0.012,0.009,-0.0,0.0,-0.0,-0.12,-0.12,-0.12,0.0,0.0,0.0,0.0,1.0
59464.0,-32.4988,-22.29,-6.8949,-0.876,-27.539,1.724,0.009,-0.03,0.022,-0.0,0.0,-0.0,-0.12,-0.12,-0.12,0.0,0.0,0.0,0.0,1.0
59472.0,-32.518,-22.4285,-6.7768,-1.235,-27.716,1.631,0.029,-0.054,0.03,-0.0,-0.0,-0.0,-0.12,-0.12,-0.12,0.0,0.0,0.0,0.0,1.0
59480.0,-32.5329,-22.5705,-6.6517,-1.392,-28.365,1.067,0.041,-0.051,0.044,-0.0,-0.0,-0.0,-0.12,-0.12,-0.12,0.0,0.0,0.0,0.0,1.0
59488.0,-32.5448,-22.706,-6.5302,-1.101,-28.52,0.305,0.029,-0.047,0.066,0.0,-0.0,-0.0,-0.12,-0.12,-0.12,0.0,0.0,0.0,0.0,1.0
59496.0,-32.5554,-22.8427,-6.4064,-0.979,-29.282,-0.633,0.017,-0.022,0.058,0.0,-0.0,0.0,-0.12,-0.12,-0.12,0.0,0.0,0.0,0.0,1.0
59503.0,-32.568,-22.9831,-6.2807,-0.809,-29.871,-1.052,0.007,-0.001,0.034,0.0,-0.0,0.0,-0.12,-0.12,-0.12,0.0,0.0,0.0,0.0,1.0
59511.0,-32.5832,-23.1344,-6.1468,-1.27,-30.439,-1.708,0.011,0.012,0.025,0.0,-0.0,0.0,-0.12,-0.12,-0.12,0.0,0.0,0.0,0.0,1.0
59519.0,-32.6016,-23.2861,-6.0152,-1.546,-30.917,-2.533,-0.003,0.035,0.001,0.0,-0.0,0.0,-0.12,-0.12,-0.12,0.0,0.0,0.0,0.0,1.0
59526.0,-32.6228,-23.4417,-5.8824,-0.852,-31.29,-3.167,-0.02,0.044,-0.027,0.0,-0.0,0.0,-0.12,-0.12,-0.12,0.0,0.0,0.0,0.0,1.0
59534.0,-32.6461,-23.6046,-5.7442,-0.604,-31.552,-4.206,-0.033,0.041,-0.035,0.0,-0.0,0.0,-0.12,-0.12,-0.12,0.0,0.0,0.0,0.0,1.0
59542.0,-32.6726,-23.7802,-5.5965,-0.41,-31.592,-4.677,-0.04,0.026,-0.063,-0.0,-0.0,-0.0,-0.12,-0.12,-0.12,0.0,0.0,0.0,0.0,1.0
59550.0,-32.7035,-23.9584,-5.4501,-0.366,-31.601,-5.03,-0.039,0.003,-0.08,-0.0,0.0,-0.0,-0.12,-0.12,-0.12,0.0,0.0,0.0,0.0,1.0
59558.0,-32.7449,-24.1395,-5.3102,-0.851,-31.328,-4.927,-0.024,-0.009,-0.067,-0.0,-0.0,-0.0,-0.12,-0.12,-0.12,0.0,0.0,0.0,0.0,1.0
59565.0,-32.7872,-24.3184,-5.1732,-1.011,-31.213,-4.465,-0.017,-0.044,-0.069,-0.0,-0.0,-0.0,-0.12,-0.12,-0.12,0.0,0.0,0.0,0.0,1.0
59573.0,-32.8328,-24.4992,-5.0373,-0.916,-31.066,-3.971,-0.002,-0.053,-0.047,-0.0,-0.0,-0.0,-0.12,-0.12,-0.12,0.0,0.0,0.0,0.0,1.0
59581.0,-32.8755,-24.6817,-4.8971,-0.927,-30.897,-3.712,-0.011,-0.056,-0.037,-0.0,-0.0,-0.0,-0.12,-0.12,-0.12,0.0,0.0,0.0,0.0,1.0
59589.0,-32.9179,-24.8676,-4.7534,-0.817,-31.373,-2.718,0.004,-0.045,-0.008,-0.0,-0.0,-0.0,-0.12,-0.12,-0.12,0.0,0.0,0.0,0.0,1.0
59596.0,-32.9649,-25.0509,-4.6162,-0.63,-31.778,-2.084,0.01,-0.01,0.013,-0.0,-0.0,-0.0,-0.12,-0.12,-0.12,0.0,0.0,0.0,0.0,1.0
59604.0,-33.0096,-25.2349,-4.4764,-0.668,-32.377,-1.559,0.024,-0.006,0.045,-0.0,-0.0,-0.0,-0.12,-0.12,-0.12,0.0,0.0,0.0,0.0,1.0
59612.0,-33.0486,-25.4234,-4.327,-0.588,-32.516,-0.66,0.016,0.013,0.04,-0.0,-0.0,-0.0,-0.12,-0.12,-0.12,0.0,0.0,0.0,0.0,1.0
59620.0,-33.0875,-25.605,-4.1845,-0.401,-32.834,-0.113,0.016,0.016,0.044,-0.0,-0.0,-0.0,-0.12,-0.12,-0.12,0.0,0.0,0.0,0.0,1.0
59628.0,-33.1146,-25.7902,-4.028,-0.401,-32.923,-0.026,0.009,0.024,0.039,-0.0,-0.0,-0.0,-0.12,-0.12,-0.12,0.0,0.0,0.0,0.0,1.0
59635.0,-33.1382,-25.9737,-3.8701,-0.226,-32.792,0.193,-0.003,0.03,0.046,-0.0,-0.0,-0.0,-0.12,-0.12,-0.12,0.0,0.0,0.0,0.0,1.0
59643.0,-33.1517,-26.1546,-3.7057,-0.503,-31.989,-0.123,0.009,0.0,0.03,-0.0,-0.0,-0.0,-0.12,-0.12,-0.12,0.0,0.0,0.0,0.0,1.0
59651.0,-33.1596,-26.3283,-3.5435,-0.356,-30.935,0.157,0.01,-0.004,0.016,-0.0,-0.0,-0.0,-0.12,-0.12,-0.12,0.0,0.0,0.0,0.0,1.0
59659.0,-33.1648,-26.497,-3.3838,-0.631,-30.045,-0.246,0.003,-0.031,0.012,-0.0,-0.0,-0.0,-0.12,-0.12,-0.12,0.0,0.0,0.0,0.0,1.0
59666.0,-33.1712,-26.6514,-3.2391,-0.878,-29.316,-0.725,-0.008,-0.018,0.003,-0.0,-0.0,-0.0,-0.12,-0.12,-0.12,0.0,0.0,0.0,0.0,1.0
59674.0,-33.1783,-26.7979,-3.1026,-0.849,-28.246,-1.294,0.001,-0.035,-0.011,-0.0,-0.0,-0.0,-0.12,-0.12,-0.12,0.0,0.0,0.0,0.0,1.0
59682.0,-33.1853,-26.9388,-2.9716,-0.706,-27.63,-1.627,-0.005,-0.019,-0.004,-0.0,-0.0,-0.0,-0.12,-0.12,-0.12,0.0,0.0,0.0,0.0,1.0
59690.0,-33.1897,-27.0744,-2.8435,-0.639,-27.498,-1.928,-0.011,-0.0,-0.012,-0.0,-0.0,-0.0,-0.12,-0.12,-0.12,0.0,0.0,0.0,0.0,1.0
59697.0,-33.193,-27.2114,-2.7128,-0.558,-26.996,-2.72,-0.028,0.006,-0.009,-0.0,-0.0,-0.0,-0.12,-0.12,-0.12,0.0,0.0,0.0,0.0,1.0
59705.0,-33.1949,-27.3487,-2.5809,-0.412,-27.011,-3.166,-0.01,0.013,-0.002,-0.0,-0.0,-0.0,-0.12,-0.12,-0.12,0.0,0.0,0.0,0.0,1.0
59713.0,-33.2047,-27.4851,-2.4567,-0.681,-26.637,-3.482,-0.003,0.031,0.005,-0.0,-0.0,-0.0,-0.12,-0.12,-0.12,0.0,0.0,0.0,0.0,1.0
59721.0,-33.2196,-27.618,-2.3403,-1.17,-26.517,-3.535,0.005,0.042,-0.004,-0.0,-0.0,-0.0,-0.12,-0.12,-0.12,0.0,0.0,0.0,0.0,1.0
59729.0,-33.2348,-27.7527,-2.2226,-1.029,-26.247,-3.524,0.009,0.033,-0.012,-0.0,-0.0,-0.0,-0.12,-0.12,-0.12,0.0,0.0,0.0,0.0,1.0
59736.0,-33.2512,-27.8885,-2.1047,-0.888,-25.676,-3.814,-0.004,0.024,0.009,-0.0,-0.0,-0.0,-0.12,-0.12,-0.12,0.0,0.0,0.0,0.0,1.0
59744.0,-33.2663,-28.024,-1.986,-0.557,-25.118,-3.859,0.009,0.005,0.01,-0.0,-0.0,-0.0,-0.12,-0.12,-0.12,0.0,0.0,0.0,0.0,1.0
59752.0,-33.2809,-28.158,-1.8684,-0.475,-24.351,-3.866,0.012,-0.003,-0.009,-0.0,-0.0,-0.0,-0.12,-0.12,-0.12,0.0,0.0,0.0,0.0,1.0
59760.0,-33.2982,-28.2927,-1.7525,-0.792,-23.428,-3.631,0.033,-0.024,-0.006,-0.0,-0.0,-0.0,-0.12,-0.12,-0.11778,0.0,0.0,0.0,0.0,1.0
59767.0,-33.3148,-28.4209,-1.6422,-0.599,-22.443,-3.333,0.025,-0.049,-0.022,-0.0,-0.0,-0.0,-0.12,-0.12,-0.10158,0.0,0.0,0.0,0.0,1.0
59775.0,-33.3309,-28.5496,-1.531,-0.582,-21.549,-3.298,0.011,-0.057,-0.023,-0.0,-0.0,-0.0,-0.12,-0.12,-0.0877,0.0,0.0,0.0,0.0,1.0
59783.0,-33.3411,-28.678,-1.415,0.366,-20.352,-3.651,-0.003,-0.06,-0.041,-0.0,-0.0,-0.0,-0.12,-0.12,-0.07569,0.0,0.0,0.0,0.0,1.0
59790.0,-33.3727,-28.7905,-1.3332,-0.761,-19.117,-2.499,0.008,-0.061,-0.039,0.0,-0.0,-0.0,-0.12,-0.12,-0.06289,0.0,0.0,0.0,0.0,1.0
59798.0,-33.393,-28.9131,-1.2317,-1.442,-18.61,-1.381,0.012,-0.033,-0.04,0.0,-0.0,-0.0,-0.12,-0.12,-0.03708,0.0,0.0,0.0,0.0,1.0
59806.0,-33.4086,-29.0157,-1.1455,-0.915,-17.825,-1.112,-0.003,-0.008,-0.023,0.0,-0.0,-0.0,-0.12,-0.12,-0.01775,0.0,0.0,0.0,0.0,1.0
59814.0,-33.4185,-29.1126,-1.0598,-0.082,-16.345,-1.527,-0.013,0.01,-0.012,0.0,-0.0,-0.0,-0.12,-0.12,-0.01277,0.0,0.0,0.0,0.0,1.0
59822.0,-33.4339,-29.195,-0.9931,-0.201,-15.433,-1.477,-0.041,0.03,0.01,-0.0,-0.0,-0.0,-0.12,-0.12,-0.0054,0.0,0.0,0.0,0.0,1.0
59829.0,-33.4512,-29.271,-0.9343,-0.66,-13.794,-0.441,-0.032,0.034,0.032,-0.0,-0.0,-0.0,-0.12,-0.12,0.00554,0.0,0.0,0.0,0.0,1.0
59837.0,-33.4633,-29.3466,-0.8714,-0.704,-12.891,0.81,-0.032,0.055,0.038,-0.0,-0.0,-0.0,-0.12,-0.12,0.02805,0.0,0.0,0.0,0.0,1.0
59845.0,-33.4691,-29.4178,-0.8071,-0.841,-12.248,0.937,-0.009,0.047,0.044,-0.0,-0.0,-0.0,-0.12,-0.12,0.0362,0.0,0.0,0.0,0.0,1.0
59853.0,-33.4748,-29.4812,-0.7504,-0.539,-11.44,0.882,-0.011,0.03,0.035,-0.0,-0.0,-0.0,-0.12,-0.12,0.04078,0.0,0.0,0.0,0.0,1.0
59860.0,-33.4818,-29.5342,-0.7049,-0.301,-11.021,1.388,-0.001,0.024,0.037,-0.0,-0.0,-0.0,-0.12,-0.12,0.05551,0.0,0.0,0.0,0.0,1.0
59868.0,-33.4915,-29.5825,-0.6665,-0.446,-10.488,1.316,-0.005,0.015,0.035,-0.0,-0.0,-0.0,-0.12,-0.12,0.0557,0.0,0.0,0.0,0.0,1.0
59876.0,-33.4897,-29.6297,-0.6189,-0.498,-10.005,1.626,0.005,0.002,0.036,-0.0,-0.0,-0.0,-0.12,-0.12,0.06496,0.0,0.0,0.0,0.0,1.0
59884.0,-33.4866,-29.6765,-0.5706,-0.725,-9.483,1.544,0.04,-0.024,0.009,-0.0,-0.0,-0.0,-0.12,-0.12,0.0636,0.0,0.0,0.0,0.0,1.0
59892.0,-33.4761,-29.7183,-0.5207,-0.971,-8.926,1.237,0.058,-0.021,-0.0,-0.0,-0.0,-0.0,-0.12,-0.12,0.06027,0.0,0.0,0.0,0.0,1.0
59900.0,-33.4664,-29.7504,-0.4808,-1.026,-8.339,1.132,0.056,-0.029,-0.001,0.0,-0.0,-0.0,-0.12,-0.12,0.06055,0.0,0.0,0.0,0.0,1.0
59907.0,-33.4629,-29.7721,-0.4566,-1.089,-7.819,0.786,0.038,-0.037,-0.013,0.0,-0.0,-0.0,-0.12,-0.12,0.05294,0.0,0.0,0.0,0.0,1.0
59915.0,-33.4628,-29.7895,-0.4395,-1.135,-7.514,-0.208,0.03,-0.013,-0.005,0.0,-0.0,-0.0,-0.12,-0.12,0.03921,0.0,0.0,0.0,0.0,1.0
59923.0,-33.4567,-29.8064,-0.4177,-0.912,-7.083,-0.644,0.001,0.005,-0.022,0.0,-0.0,-0.0,-0.12,-0.12,0.03205,0.0,0.0,0.0,0.0,1.0
59931.0,-33.4527,-29.8224,-0.3987,-0.782,-6.991,-1.073,-0.004,0.039,0.003,0.0,-0.0,-0.0,-0.12,-0.12,0.03297,0.0,0.0,0.0,0.0,1.0
59939.0,-33.4485,-29.8416,-0.3763,-0.488,-7.25,-1.421,-0.018,0.044,0.004,0.0,-0.0,-0.0,-0.12,-0.12,0.03701,0.0,0.0,0.0,0.0,1.0
59946.0,-33.4483,-29.8627,-0.3555,-0.358,-7.374,-1.635,-0.026,0.049,-0.006,0.0,-0.0,-0.0,-0.12,-0.12,0.03839,0.0,0.0,0.0,0.0,1.0
59954.0,-33.4493,-29.8852,-0.3345,0.07,-7.647,-1.997,-0.033,0.054,0.002,0.0,-0.0,-0.0,-0.12,-0.12,0.04417,0.0,0.0,0.0,0.0,1.0
59962.0,-33.4501,-29.9133,-0.3078,0.149,-7.834,-2.099,-0.037,0.039,-0.0,-0.0,0.0,-0.0,-0.12,-0.12,0.0499,0.0,0.0,0.0,0.0,1.0
59970.0,-33.4498,-29.946,-0.2757,-0.03,-7.552,-1.991,-0.037,0.019,-0.003,-0.0,0.0,-0.0,-0.12,-0.12,0.05341,0.0,0.0,0.0,0.0,1.0
59977.0,-33.4501,-29.9851,-0.2379,-0.015,-7.656,-2.008,-0.035,-0.014,-0.005,-0.0,0.0,-0.0,-0.12,-0.12,0.06158,0.0,0.0,0.0,0.0,1.0
59985.0,-33.4466,-30.0241,-0.1968,-0.122,-6.96,-2.174,-0.017,-0.033,-0.019,-0.0,0.0,-0.0,-0.12,-0.12,0.05809,0.0,0.0,0.0,0.0,1.0
59993.0,-33.4492,-30.0604,-0.1638,-0.664,-6.316,-1.96,-0.007,-0.047,-0.007,-0.0,-0.0,-0.0,-0.12,-0.12,0.05932,0.0,0.0,0.0,0.0,1.0
60001.0,-33.4528,-30.0921,-0.1361,-0.951,-5.51,-1.845,0.009,-0.058,-0.001,-0.0,-0.0,-0.0,-0.12,-0.12,0.05788,0.0,0.0,0.0,0.0,1.0
60008.0,-33.461,-30.1197,-0.1165,-1.203,-4.886,-1.478,0.026,-0.059,-0.01,-0.0,-0.0,-0.0,-0.12,-0.12,0.05811,0.0,0.0,0.0,0.0,1.0
60016.0,-33.4713,-30.1424,-0.1033,-1.319,-4.603,-1.541,0.023,-0.059,0.001,-0.0,-0.0,-0.0,-0.12,-0.12,0.05789,0.0,0.0,0.0,0.0,1.0
60024.0,-33.4808,-30.1634,-0.0913,-0.803,-4.429,-1.28,0.032,-0.039,0.008,-0.0,-0.0,-0.0,-0.12,-0.12,0.06768,0.0,0.0,0.0,0.0,1.0
60032.0,-33.4928,-30.1837,-0.0821,-0.529,-4.389,-1.068,0.012,-0.009,0.019,-0.0,-0.0,-0.0,-0.12,-0.12,0.07573,0.0,0.0,0.0,0.0,1.0
60039.0,-33.5059,-30.2023,-0.0755,-0.51,-4.379,-0.886,0.01,0.009,0.008,-0.0,-0.0,-0.0,-0.12,-0.12,0.07799,0.0,0.0,0.0,0.0,1.0
60047.0,-33.517,-30.2238,-0.0643,-0.072,-4.56,-0.722,-0.004,0.039,0.012,-0.0,-0.0,-0.0,-0.12,-0.12,0.0881,0.0,0.0,0.0,0.0,1.0
60055.0,-33.527,-30.2451,-0.0524,-0.288,-4.487,-0.476,-0.002,0.06,0.004,-0.0,-0.0,-0.0,-0.12,-0.12,0.09024,0.0,0.0,0.0,0.0,1.0
60063.0,-33.5328,-30.2663,-0.0368,0.227,-4.356,-0.172,-0.035,0.054,-0.008,-0.0,-0.0,-0.0,-0.12,-0.12,0.0986,0.0,0.0,0.0,0.0,1.0
60071.0,-33.5396,-30.2868,-0.0229,0.288,-4.113,0.157,-0.038,0.054,-0.011,-0.0,-0.0,-0.0,-0.12,-0.12,0.10399,0.0,0.0,0.0,0.0,1.0
60078.0,-33.5432,-30.3041,-0.0092,0.044,-3.66,0.265,-0.03,0.023,-0.021,-0.0,-0.0,-0.0,-0.12,-0.12,0.10104,0.0,0.0,0.0,0.0,1.0
60086.0,-33.5404,-30.3222,0.0109,0.22,-3.613,0.57,-0.027,0.026,-0.028,-0.0,-0.0,-0.0,-0.12,-0.12,0.10963,0.0,0.0,0.0,0.0,1.0
60094.0,-33.5372,-30.3376,0.0287,0.077,-3.167,0.585,-0.03,-0.012,-0.013,-0.0,-0.0,-0.0,-0.12,-0.12,0.11023,0.0,0.0,0.0,0.0,1.0
60101.0,-33.532,-30.349,0.0444,-0.015,-2.573,0.402,-0.009,-0.028,-0.012,-0.0,-0.0,-0.0,-0.12,-0.12,0.10487,0.0,0.0,0.0,0.0,1.0
60109.0,-33.5294,-30.357,0.0545,0.36,-2.625,0.608,-0.003,-0.037,-0.016,-0.0,-0.0,-0.0,-0.12,-0.12,0.11301,0.0,0.0,0.0,0.0,1.0
60117.0,-33.5268,-30.3595,0.0592,0.012,-2.32,0.653,0.011,-0.057,0.008,-0.0,-0.0,-0.0,-0.12,-0.12,0.11293,0.0,0.0,0.0,0.0,1.0
60125.0,-33.5208,-30.3592,0.0642,0.374,-2.052,0.66,0.018,-0.032,0.013,-0.0,-0.0,-0.0,-0.12,-0.12,0.11503,0.0,0.0,0.0,0.0,1.0
60132.0,-33.5163,-30.3605,0.0693,0.374,-1.705,0.315,0.039,-0.035,0.025,-0.0,-0.0,-0.0,-0.12,-0.12,0.10953,0.0,0.0,0.0,0.0,1.0
60140.0,-33.5142,-30.3618,0.0726,0.445,-1.676,0.428,0.035,-0.014,0.024,-0.0,-0.0,-0.0,-0.12,-0.12,0.11178,0.0,0.0,0.0,0.0,1.0
60148.0,-33.5125,-30.3641,0.0763,0.325,-1.72,0.383,0.045,-0.001,0.024,-0.0,-0.0,-0.0,-0.12,-0.12,0.11122,0.0,0.0,0.0,0.0,1.0
60156.0,-33.5097,-30.3679,0.0825,0.184,-1.946,0.328,0.036,0.018,0.019,-0.0,-0.0,-0.0,-0.12,-0.12,0.11174,0.0,0.0,0.0,0.0,1.0
60163.0,-33.5067,-30.3717,0.0888,0.298,-2.314,0.477,0.034,0.044,0.003,0.0,-0.0,-0.0,-0.12,-0.12,0.1167,0.0,0.0,0.0,0.0,1.0
60171.0,-33.5058,-30.3758,0.0935,0.377,-2.716,0.591,0.016,0.067,-0.003,0.0,-0.0,-0.0,-0.12,-0.12,0.12,0.0,0.0,0.0,0.0,1.0
60179.0,-33.5036,-30.3784,0.0981,0.753,-2.293,0.322,0.014,0.067,-0.01,0.0,-0.0,-0.0,-0.12,-0.12,0.1174,0.0,0.0,0.0,0.0,1.0
60187.0,-33.4994,-30.3846,0.1078,0.688,-2.293,0.493,-0.0,0.068,-0.017,0.0,0.0,-0.0,-0.12,-0.12,0.12,0.0,0.0,0.0,0.0,1.0
60195.0,-33.4931,-30.3898,0.1184,0.683,-2.534,0.424,-0.024,0.055,-0.023,0.0,0.0,-0.0,-0.12,-0.12,0.12,0.0,0.0,0.0,0.0,1.0
60202.0,-33.4851,-30.3943,0.1298,0.408,-2.314,-0.048,-0.027,0.016,-0.018,0.0,0.0,-0.0,-0.12,-0.12,0.11444,0.0,0.0,0.0,0.0,1.0
60210.0,-33.478,-30.4011,0.1427,0.784,-2.452,0.245,-0.028,0.006,-0.015,0.0,0.0,-0.0,-0.12,-0.12,0.12,0.0,0.0,0.0,0.0,1.0
60218.0,-33.4731,-30.4069,0.1526,0.644,-2.764,0.276,-0.03,-0.034,-0.017,-0.0,0.0,-0.0,-0.12,-0.12,0.12,0.0,0.0,0.0,0.0,1.0
60226.0,-33.468,-30.4116,0.1617,0.348,-3.156,0.227,-0.019,-0.059,-0.016,-0.0,0.0,-0.0,-0.12,-0.12,0.12,0.0,0.0,0.0,0.0,1.0
60233.0,-33.4656,-30.4128,0.165,0.401,-3.895,0.176,-0.024,-0.053,0.006,-0.0,-0.0,-0.0,-0.12,-0.12,0.12,0.0,0.0,0.0,0.0,1.0
60241.0,-33.4631,-30.4167,0.171,0.611,-4.837,-0.251,-0.001,-0.058,0.017,-0.0,-0.0,-0.0,-0.12,-0.12,0.12,0.0,0.0,0.0,0.0,1.0
60249.0,-33.4546,-30.4275,0.189,1.048,-5.843,-0.312,-0.015,-0.043,0.024,-0.0,-0.0,-0.0,-0.12,-0.12,0.12,0.0,0.0,0.0,0.0,1.0
60257.0,-33.4484,-30.4427,0.2092,1.481,-7.247,-1.029,-0.01,-0.013,0.033,-0.0,-0.0,-0.0,-0.12,-0.12,0.12,0.0,0.0,0.0,0.0,1.0
60264.0,-33.4379,-30.4684,0.2435,1.551,-8.849,-1.079,0.007,0.03,0.048,-0.0,-0.0,-0.0,-0.12,-0.12,0.12,0.0,0.0,0.0,0.0,1.0
60272.0,-33.4301,-30.4973,0.2785,1.828,-11.066,-1.143,0.014,0.083,0.022,-0.0,-0.0,-0.0,-0.12,-0.12,0.12,0.0,0.0,0.0,0.0,1.0
60280.0,-33.4152,-30.5375,0.3308,1.769,-13.524,-1.792,0.028,0.102,0.013,-0.0,0.0,-0.0,-0.12,-0.12,0.12,0.0,0.0,0.0,0.0,1.0
60288.0,-33.3869,-30.5925,0.4092,2.574,-16.595,-2.796,0.036,0.139,0.012,-0.0,0.0,-0.0,-0.12,-0.12,0.12,0.0,0.0,0.0,0.0,1.0
60296.0,-33.3569,-30.6561,0.4976,3.856,-20.009,-4.144,0.002,0.143,0.003,-0.0,0.0,-0.0,-0.12,-0.12,0.12,0.0,0.0,0.0,0.0,1.0
60303.0,-33.3273,-30.7163,0.5823,4.394,-20.631,-4.686,-0.007,0.119,-0.008,-0.0,0.0,-0.0,-0.12,-0.12,0.12,0.0,0.0,0.0,0.0,1.0
60311.0,-33.3007,-30.7655,0.6535,5.108,-19.269,-5.06,-0.019,0.033,-0.019,-0.0,0.0,-0.0,-0.12,-0.12,0.12,0.0,0.0,0.0,0.0,1.0
60319.0,-33.2709,-30.7933,0.7068,6.539,-13.922,-5.593,-0.043,-0.113,-0.041,-0.0,0.0,-0.0,-0.12,-0.12,0.12,0.0,0.0,0.0,0.0,1.0
60326.0,-33.235,-30.82,0.7646,6.209,-6.493,-7.402,-0.049,-0.278,0.002,-0.0,0.0,-0.0,-0.12,-0.12,0.12,0.0,0.0,0.0,0.0,1.0
60334.0,-33.2024,-30.8703,0.8422,1.802,-1.822,-8.939,0.038,-0.394,0.035,-0.0,-0.0,-0.0,-0.12,-0.12,0.12,0.0,0.0,0.0,0.0,1.0
60342.0,-33.1567,-30.9576,0.9674,-1.231,0.827,-7.825,0.105,-0.415,0.01,-0.0,-0.0,-0.0,-0.12,-0.12,0.12,0.0,0.0,0.0,0.0,1.0
60350.0,-33.1089,-31.064,1.1131,-1.987,0.729,-5.396,0.11,-0.35,-0.017,0.0,-0.001,-0.0,-0.12,-0.12,0.12,0.0,0.0,0.0,0.0,1.0
60358.0,-33.1135,-31.1386,1.1817,-1.192,-0.695,-4.042,0.075,-0.243,-0.041,0.0,-0.001,-0.0,-0.12,-0.12,0.12,0.0,0.0,0.0,0.0,1.0
60366.0,-33.1812,-31.1484,1.1317,-1.921,0.368,-2.804,0.051,-0.163,-0.069,0.0,-0.001,-0.0,-0.12,-0.12,0.12,0.0,0.0,0.0,0.0,1.0
60373.0,-33.2592,-31.1394,1.0543,-0.999,0.993,-1.404,-0.0,-0.083,-0.047,0.0,-0.001,-0.0,-0.12,-0.12,0.12,0.0,0.0,0.0,0.0,1.0
60381.0,-33.3395,-31.133,0.9774,-1.898,1.192,-0.083,-0.034,0.0,-0.036,0.0,-0.001,-0.0,-0.12,-0.12,0.12,0.0,0.0,0.0,0.0,1.0
60389.0,-33.3802,-31.1568,0.9647,-0.64,1.237,1.349,-0.081,0.088,-0.039,0.0,-0.001,-0.0,-0.12,-0.12,0.12,0.0,0.0,0.0,0.0,1.0
60396.0,-33.3857,-31.2058,1.0076,1.199,-1.611,3.086,-0.131,0.205,-0.027,0.0,-0.001,-0.0,-0.12,-0.12,0.12,0.0,0.0,0.0,0.0,1.0
60404.0,-33.3892,-31.2348,1.0328,2.558,-2.226,4.028,-0.139,0.291,-0.03,-0.0,-0.001,-0.0,-0.12,-0.12,0.12,0.0,0.0,0.0,0.0,1.0
60412.0,-33.4043,-31.2393,1.0239,1.905,-2.246,4.698,-0.138,0.351,-0.014,-0.0,-0.001,-0.0,-0.12,-0.12,0.12,0.0,0.0,0.0,0.0,1.0
60420.0,-33.4131,-31.2227,0.9999,0.967,-0.853,4.878,-0.088,0.338,0.011,-0.0,-0.0,-0.0,-0.12,-0.12,0.12,0.0,0.0,0.0,0.0,1.0
60428.0,-33.3951,-31.2108,1.0042,0.391,0.735,4.823,-0.048,0.297,0.043,-0.0,-0.0,-0.0,-0.12,-0.12,0.12,0.0,0.0,0.0,0.0,1.0
60435.0,-33.3557,-31.2066,1.0348,0.081,0.591,4.334,-0.008,0.253,0.067,-0.0,0.0,-0.0,-0.12,-0.12,0.12,0.0,0.0,0.0,0.0,1.0
60443.0,-33.3157,-31.193,1.0567,-0.069,0.158,3.553,0.03,0.222,0.092,-0.0,0.0,-0.0,-0.12,-0.12,0.12,0.0,0.0,0.0,0.0,1.0
60451.0,-33.284,-31.1619,1.0543,0.672,-0.433,2.782,0.045,0.157,0.077,-0.0,0.0,-0.0,-0.12,-0.12,0.12,0.0,0.0,0.0,0.0,1.0
60458.0,-33.2749,-31.1129,1.0146,0.224,-0.449,1.46,0.082,0.058,0.087,-0.0,0.001,0.0,-0.12,-0.12,0.12,0.0,0.0,0.0,0.0,1.0
60466.0,-33.2566,-31.0648,0.9839,0.201,0.302,0.217,0.1,-0.057,0.083,-0.0,0.001,0.0,-0.12,-0.12,0.12,0.0,0.0,0.0,0.0,1.0
60474.0,-33.2248,-31.0419,0.9897,-0.119,-0.218,-1.258,0.097,-0.126,0.047,-0.0,0.0,0.0,-0.12,-0.12,0.12,0.0,0.0,0.0,0.0,1.0
60481.0,-33.1779,-31.0349,1.024,0.065,-0.248,-2.67,0.096,-0.183,0.039,-0.0,0.0,0.0,-0.12,-0.12,0.12,0.0,0.0,0.0,0.0,1.0
60489.0,-33.1406,-31.0332,1.0552,0.588,-1.013,-3.265,0.076,-0.213,0.012,0.0,0.0,0.0,-0.12,-0.12,0.12,0.0,0.0,0.0,0.0,1.0
60497.0,-33.1336,-31.0202,1.0486,0.081,-0.753,-4.389,0.061,-0.237,-0.024,0.0,-0.0,0.0,-0.12,-0.12,0.12,0.0,0.0,0.0,0.0,1.0
60505.0,-33.1456,-31.0114,1.0296,-0.47,-0.088,-4.503,0.046,-0.233,-0.045,0.0,-0.0,0.0,-0.12,-0.12,0.12,0.0,0.0,0.0,0.0,1.0
60513.0,-33.155,-31.0132,1.023,-0.77,0.32,-4.612,0.008,-0.22,-0.061,0.0,-0.0,0.0,-0.12,-0.12,0.12,0.0,0.0,0.0,0.0,1.0
60520.0,-33.169,-31.0314,1.0284,-0.596,0.104,-4.048,-0.007,-0.179,-0.097,0.0,-0.001,0.0,-0.12,-0.12,0.12,0.0,0.0,0.0,0.0,1.0
60528.0,-33.189,-31.0521,1.031,0.008,-0.294,-2.887,-0.064,-0.102,-0.107,0.0,-0.001,-0.0,-0.12,-0.12,0.12,0.0,0.0,0.0,0.0,1.0
60536.0,-33.2178,-31.0728,1.0258,0.079,-0.417,-2.316,-0.088,-0.061,-0.099,0.0,-0.001,-0.0,-0.12,-0.12,0.12,0.0,0.0,0.0,0.0,1.0
60543.0,-33.251,-31.084,1.0076,1.569,-2.278,-0.896,-0.117,0.047,-0.096,-0.0,-0.001,-0.0,-0.12,-0.12,0.12,0.0,0.0,0.0,0.0,1.0
60551.0,-33.2932,-31.0876,0.9739,0.031,0.066,-0.02,-0.091,0.072,-0.046,-0.0,-0.001,-0.0,-0.12,-0.12,0.12,0.0,0.0,0.0,0.0,1.0
60559.0,-33.3024,-31.1143,0.9918,0.32,-0.736,0.91,-0.079,0.134,-0.026,-0.0,-0.001,-0.0,-0.12,-0.12,0.12,0.0,0.0,0.0,0.0,1.0
60567.0,-33.3129,-31.1343,1.002,0.675,-1.008,2.195,-0.053,0.151,0.013,-0.0,-0.0,-0.0,-0.12,-0.12,0.12,0.0,0.0,0.0,0.0,1.0
60575.0,-33.3133,-31.1558,1.0226,0.537,-0.626,2.581,-0.024,0.185,0.054,-0.0,-0.0,-0.0,-0.12,-0.12,0.12,0.0,0.0,0.0,0.0,1.0
60582.0,-33.2999,-31.1736,1.0518,1.927,-2.646,2.893,-0.005,0.21,0.074,-0.0,-0.0,-0.0,-0.12,-0.12,0.12,0.0,0.0,0.0,0.0,1.0
60590.0,-33.3157,-31.1593,1.0239,1.038,-1.277,3.048,0.03,0.167,0.086,-0.0,0.0,-0.0,-0.12,-0.12,0.12,0.0,0.0,0.0,0.0,1.0
60598.0,-33.3069,-31.153,1.0255,-0.013,-0.347,2.855,0.074,0.121,0.077,-0.0,0.0,-0.0,-0.12,-0.12,0.12,0.0,0.0,0.0,0.0,1.0
60605.0,-33.2752,-31.1564,1.0567,1.265,-0.935,2.698,0.087,0.084,0.061,-0.0,0.0,-0.0,-0.12,-0.12,0.12,0.0,0.0,0.0,0.0,1.0
60613.0,-33.2522,-31.1521,1.0728,0.444,-1.338,1.603,0.084,0.029,0.037,-0.0,0.0,-0.0,-0.12,-0.12,0.12,0.0,0.0,0.0,0.0,1.0
60621.0,-33.2214,-31.1444,1.0924,1.297,-1.672,1.093,0.091,-0.02,0.027,0.0,0.0,0.0,-0.12,-0.12,0.12,0.0,0.0,0.0,0.0,1.0
60629.0,-33.2013,-31.1257,1.0918,0.86,-0.882,0.324,0.074,-0.092,0.02,0.0,0.0,0.0,-0.12,-0.12,0.12,0.0,0.0,0.0,0.0,1.0
60637.0,-33.177,-31.1142,1.102,-0.063,-0.561,-0.652,0.088,-0.127,-0.016,0.0,0.0,0.0,-0.12,-0.12,0.12,0.0,0.0,0.0,0.0,1.0
60644.0,-33.1567,-31.1024,1.1085,0.674,-0.655,-1.182,0.043,-0.146,-0.019,0.0,-0.0,0.0,-0.12,-0.12,0.12,0.0,0.0,0.0,0.0,1.0
60652.0,-33.1483,-31.0879,1.1017,0.074,-0.448,-1.841,0.015,-0.157,-0.024,0.0,-0.0,-0.0,-0.12,-0.12,0.12,0.0,0.0,0.0,0.0,1.0
60660.0,-33.1386,-31.0771,1.0997,-0.1,-0.363,-2.277,0.003,-0.14,-0.03,0.0,-0.0,-0.0,-0.12,-0.12,0.12,0.0,0.0,0.0,0.0,1.0
60667.0,-33.1407,-31.073,1.0938,0.248,-0.407,-2.581,-0.046,-0.086,-0.033,0.0,-0.0,-0.0,-0.12,-0.12,0.12,0.0,0.0,0.0,0.0,1.0
60675.0,-33.149,-31.0723,1.0859,-0.0,-0.782,-2.698,-0.066,-0.045,-0.033,0.0,-0.0,-0.0,-0.12,-0.12,0.12,0.0,0.0,0.0,0.0,1.0
60683.0,-33.1576,-31.0741,1.0801,0.238,-0.863,-2.434,-0.089,0.001,-0.02,0.0,-0.0,-0.0,-0.12,-0.12,0.12,0.0,0.0,0.0,0.0,1.0
60691.0,-33.1693,-31.0866,1.082,0.326,-0.786,-2.182,-0.086,0.031,-0.012,0.0,-0.0,-0.0,-0.12,-0.12,0.12,0.0,0.0,0.0,0.0,1.0
60699.0,-33.1788,-31.1027,1.0892,0.336,-0.779,-1.568,-0.081,0.073,0.016,-0.0,-0.0,-0.0,-0.12,-0.12,0.12,0.0,0.0,0.0,0.0,1.0
60706.0,-33.1898,-31.1235,1.0999,0.445,-0.737,-1.091,-0.06,0.085,0.031,-0.0,-0.0,-0.0,-0.12,-0.12,0.12,0.0,0.0,0.0,0.0,1.0
60714.0,-33.2008,-31.1484,1.1144,0.554,-0.739,-0.571,-0.049,0.112,0.033,-0.0,-0.0,-0.0,-0.12,-0.12,0.12,0.0,0.0,0.0,0.0,1.0
60722.0,-33.2095,-31.1729,1.1306,0.52,-0.511,0.18,-0.017,0.105,0.031,-0.0,-0.0,-0.0,-0.12,-0.12,0.12,0.0,0.0,0.0,0.0,1.0
60730.0,-33.2196,-31.1939,1.1422,0.316,-0.432,1.039,0.021,0.092,0.005,-0.0,-0.0,-0.0,-0.12,-0.12,0.12,0.0,0.0,0.0,0.0,1.0
60737.0,-33.2283,-31.2085,1.1487,-0.222,0.322,1.452,0.054,0.058,-0.024,-0.0,0.0,-0.0,-0.12,-0.12,0.12,0.0,0.0,0.0,0.0,1.0
60745.0,-33.2298,-31.221,1.1596,-0.087,0.046,1.696,0.081,0.032,-0.058,-0.0,0.0,-0.0,-0.12,-0.12,0.12,0.0,0.0,0.0,0.0,1.0
60753.0,-33.237,-31.2214,1.1537,-0.197,0.311,1.962,0.095,0.014,-0.05,-0.0,0.0,-0.0,-0.12,-0.12,0.12,0.0,0.0,0.0,0.0,1.0
60761.0,-33.2413,-31.2165,1.1451,-0.549,0.987,2.378,0.099,-0.017,-0.061,0.0,0.0,-0.0,-0.12,-0.12,0.12,0.0,0.0,0.0,0.0,1.0
60769.0,-33.2376,-31.2041,1.1363,-0.155,0.591,2.066,0.064,-0.027,-0.045,0.0,0.0,-0.0,-0.12,-0.12,0.12,0.0,0.0,0.0,0.0,1.0
60776.0,-33.2406,-31.182,1.1121,0.094,0.298,2.114,0.043,-0.045,-0.017,0.0,-0.0,-0.0,-0.12,-0.12,0.12,0.0,0.0,0.0,0.0,1.0
60784.0,-33.2338,-31.1586,1.0953,-0.087,0.1,1.653,0.018,-0.052,-0.005,0.0,-0.0,-0.0,-0.12,-0.12,0.12,0.0,0.0,0.0,0.0,1.0
60792.0,-33.2215,-31.1383,1.0864,0.756,-0.733,1.333,-0.024,-0.049,0.028,0.0,-0.0,-0.0,-0.12,-0.12,0.12,0.0,0.0,0.0,0.0,1.0
60799.0,-33.2058,-31.1202,1.0825,0.984,-1.0,0.111,-0.052,-0.025,0.063,0.0,-0.0,-0.0,-0.12,-0.12,0.12,0.0,0.0,0.0,0.0,1.0
60807.0,-33.1862,-31.1072,1.0872,1.145,-1.158,-0.309,-0.075,-0.019,0.082,0.0,-0.0,-0.0,-0.12,-0.12,0.12,0.0,0.0,0.0,0.0,1.0
60815.0,-33.1664,-31.1008,1.0984,1.109,-1.545,-1.044,-0.089,-0.001,0.066,0.0,-0.0,-0.0,-0.12,-0.12,0.12,0.0,0.0,0.0,0.0,1.0
60823.0,-33.153,-31.0967,1.1062,0.92,-1.356,-1.462,-0.077,0.015,0.059,-0.0,-0.0,-0.0,-0.12,-0.12,0.12,0.0,0.0,0.0,0.0,1.0
60831.0,-33.1369,-31.1002,1.1237,0.717,-0.894,-2.036,-0.06,0.011,0.035,-0.0,-0.0,0.0,-0.12,-0.12,0.12,0.0,0.0,0.0,0.0,1.0
60838.0,-33.1264,-31.1101,1.1425,0.434,-0.591,-2.162,-0.038,0.004,0.004,-0.0,-0.0,0.0,-0.12,-0.12,0.12,0.0,0.0,0.0,0.0,1.0
60846.0,-33.1256,-31.123,1.1558,-0.17,-0.191,-2.278,-0.003,0.013,-0.018,-0.0,-0.0,0.0,-0.12,-0.12,0.12,0.0,0.0,0.0,0.0,1.0
60854.0,-33.1267,-31.1345,1.1661,0.076,-0.119,-1.859,0.017,-0.003,-0.041,-0.0,-0.0,-0.0,-0.12,-0.12,0.12,0.0,0.0,0.0,0.0,1.0
60862.0,-33.1364,-31.1414,1.1643,-0.169,0.16,-1.578,0.059,0.013,-0.044,-0.0,-0.0,-0.0,-0.12,-0.12,0.12,0.0,0.0,0.0,0.0,1.0
60869.0,-33.1507,-31.1477,1.1578,-0.45,0.317,-1.247,0.051,0.004,-0.045,-0.0,-0.0,-0.0,-0.12,-0.12,0.12,0.0,0.0,0.0,0.0,1.0
60877.0,-33.1677,-31.1562,1.1511,-0.306,0.309,-0.648,0.073,0.013,-0.034,-0.0,-0.0,-0.0,-0.12,-0.12,0.12,0.0,0.0,0.0,0.0,1.0
60885.0,-33.1801,-31.1659,1.1497,-0.061,0.122,0.03,0.091,0.02,-0.024,0.0,-0.0,-0.0,-0.12,-0.12,0.12,0.0,0.0,0.0,0.0,1.0
60893.0,-33.1932,-31.1739,1.1459,0.268,-0.14,0.805,0.06,0.033,-0.006,0.0,-0.0,-0.0,-0.12,-0.12,0.12,0.0,0.0,0.0,0.0,1.0
60900.0,-33.2044,-31.1787,1.1407,0.257,-0.098,1.193,0.034,0.013,-0.004,0.0,-0.0,-0.0,-0.12,-0.12,0.12,0.0,0.0,0.0,0.0,1.0
60908.0,-33.2109,-31.1847,1.1409,0.035,-0.181,1.284,0.008,0.004,-0.016,0.0,-0.0,-0.0,-0.12,-0.12,0.12,0.0,0.0,0.0,0.0,1.0
60916.0,-33.2122,-31.188,1.143,0.012,-0.035,1.689,-0.034,-0.019,0.001,0.0,-0.0,-0.0,-0.12,-0.12,0.12,0.0,0.0,0.0,0.0,1.0
60924.0,-33.2105,-31.1871,1.1436,-0.015,-0.113,1.266,-0.046,-0.029,-0.005,0.0,-0.0,-0.0,-0.12,-0.12,0.12,0.0,0.0,0.0,0.0,1.0
60931.0,-33.2071,-31.183,1.1425,0.177,-0.083,1.468,-0.071,-0.022,-0.0,0.0,-0.0,-0.0,-0.12,-0.12,0.12,0.0,0.0,0.0,0.0,1.0
60939.0,-33.203,-31.1759,1.1392,-0.192,0.257,1.288,-0.06,-0.029,0.007,-0.0,-0.0,-0.0,-0.12,-0.12,0.12,0.0,0.0,0.0,0.0,1.0
60947.0,-33.1931,-31.166,1.1383,-0.246,0.343,0.942,-0.051,-0.024,-0.0,-0.0,-0.0,-0.0,-0.12,-0.12,0.12,0.0,0.0,0.0,0.0,1.0
60955.0,-33.1808,-31.1598,1.1431,0.085,0.118,0.629,-0.028,-0.017,0.004,-0.0,-0.0,-0.0,-0.12,-0.12,0.12,0.0,0.0,0.0,0.0,1.0
60963.0,-33.1717,-31.1505,1.142,0.09,-0.079,0.085,-0.019,-0.002,-0.01,-0.0,-0.0,-0.0,-0.12,-0.12,0.12,0.0,0.0,0.0,0.0,1.0
60970.0,-33.1653,-31.1358,1.1334,0.134,-0.17,-0.182,-0.003,0.022,-0.004,-0.0,-0.0,-0.0,-0.12,-0.12,0.12,0.0,0.0,0.0,0.0,1.0
60978.0,-33.1567,-31.1268,1.1322,0.136,-0.125,-0.225,0.03,0.023,0.0,-0.0,-0.0,-0.0,-0.12,-0.12,0.12,0.0,0.0,0.0,0.0,1.0
60986.0,-33.1467,-31.122,1.1363,-0.138,0.095,-0.697,0.027,0.02,0.002,-0.0,-0.0,-0.0,-0.12,-0.12,0.12,0.0,0.0,0.0,0.0,1.0
60993.0,-33.1395,-31.1205,1.1412,0.292,-0.181,-1.06,0.049,0.021,0.001,-0.0,-0.0,-0.0,-0.12,-0.12,0.12,0.0,0.0,0.0,0.0,1.0
61001.0,-33.1368,-31.1177,1.1408,0.072,-0.046,-1.185,0.055,0.02,0.018,0.0,-0.0,-0.0,-0.12,-0.12,0.12,0.0,0.0,0.0,0.0,1.0
61009.0,-33.1396,-31.1176,1.1383,-0.113,0.036,-1.189,0.049,0.007,0.017,0.0,-0.0,-0.0,-0.12,-0.12,0.12,0.0,0.0,0.0,0.0,1.0
61017.0,-33.1452,-31.1182,1.134,-0.179,0.164,-1.147,0.038,-0.007,0.021,0.0,-0.0,-0.0,-0.12,-0.12,0.12,0.0,0.0,0.0,0.0,1.0
61025.0,-33.1533,-31.1245,1.1329,-0.315,-0.081,-0.873,0.01,-0.009,0.035,0.0,-0.0,-0.0,-0.12,-0.12,0.12,0.0,0.0,0.0,0.0,1.0
61032.0,-33.1624,-31.1317,1.132,-0.062,-0.138,-0.756,-0.028,-0.015,0.025,0.0,-0.0,-0.0,-0.12,-0.12,0.12,0.0,0.0,0.0,0.0,1.0
61040.0,-33.1707,-31.1376,1.1305,0.098,-0.162,-0.261,-0.026,-0.013,0.008,0.0,-0.0,-0.0,-0.12,-0.12,0.12,0.0,0.0,0.0,0.0,1.0
61048.0,-33.1793,-31.1423,1.1274,0.372,-0.123,-0.048,-0.04,-0.014,0.011,0.0,-0.0,-0.0,-0.12,-0.12,0.12,0.0,0.0,0.0,0.0,1.0
61056.0,-33.1877,-31.146,1.1236,0.171,0.019,0.009,-0.046,-0.011,0.003,-0.0,-0.0,-0.0,-0.12,-0.12,0.12,0.0,0.0,0.0,0.0,1.0
61063.0,-33.1931,-31.1553,1.1279,0.026,-0.141,0.627,-0.056,-0.01,-0.018,-0.0,-0.0,-0.0,-0.12,-0.12,0.12,0.0,0.0,0.0,0.0,1.0
61071.0,-33.193,-31.1637,1.1362,0.032,0.099,0.697,-0.044,0.007,-0.016,-0.0,-0.0,-0.0,-0.12,-0.12,0.12,0.0,0.0,0.0,0.0,1.0
61079.0,-33.1945,-31.1664,1.1374,-0.047,0.158,0.928,-0.028,0.003,-0.036,-0.0,-0.0,-0.0,-0.12,-0.12,0.12,0.0,0.0,0.0,0.0,1.0
61087.0,-33.1934,-31.166,1.1381,0.038,0.082,1.025,-0.009,0.014,-0.036,-0.0,-0.0,-0.0,-0.12,-0.12,0.12,0.0,0.0,0.0,0.0,1.0
61095.0,-33.1904,-31.1629,1.1377,0.215,0.259,1.201,0.005,0.02,-0.024,-0.0,-0.0,-0.0,-0.12,-0.12,0.12,0.0,0.0,0.0,0.0,1.0
61103.0,-33.1873,-31.1585,1.1361,-0.081,0.124,0.893,0.038,0.018,-0.031,-0.0,-0.0,-0.0,-0.12,-0.12,0.12,0.0,0.0,0.0,0.0,1.0
61110.0,-33.1776,-31.1504,1.1368,0.212,0.235,0.916,0.048,0.019,-0.017,-0.0,-0.0,-0.0,-0.12,-0.12,0.12,0.0,0.0,0.0,0.0,1.0
61118.0,-33.1682,-31.1423,1.1372,0.222,0.193,0.528,0.057,0.001,0.002,-0.0,-0.0,-0.0,-0.12,-0.12,0.12,0.0,0.0,0.0,0.0,1.0
61126.0,-33.161,-31.1343,1.1358,0.182,0.133,0.207,0.05,-0.003,0.019,0.0,-0.0,-0.0,-0.12,-0.12,0.12,0.0,0.0,0.0,0.0,1.0
61134.0,-33.1537,-31.1263,1.1344,0.036,-0.334,0.083,0.025,-0.003,0.02,0.0,-0.0,-0.0,-0.12,-0.12,0.12,0.0,0.0,0.0,0.0,1.0
61142.0,-33.1493,-31.115,1.1272,-0.068,0.08,-0.54,0.021,-0.008,0.011,0.0,-0.0,-0.0,-0.12,-0.12,0.12,0.0,0.0,0.0,0.0,1.0
61149.0,-33.1464,-31.1078,1.1228,-0.223,-0.085,-0.535,-0.007,-0.015,0.026,0.0,-0.0,-0.0,-0.12,-0.12,0.12,0.0,0.0,0.0,0.0,1.0
61157.0,-33.1413,-31.1081,1.1275,0.191,-0.043,-1.096,-0.025,-0.033,0.02,0.0,-0.0,-0.0,-0.12,-0.12,0.12,0.0,0.0,0.0,0.0,1.0
61165.0,-33.1422,-31.1037,1.1225,-0.008,0.101,-1.04,-0.033,-0.031,0.015,0.0,-0.0,-0.0,-0.12,-0.12,0.12,0.0,0.0,0.0,0.0,1.0
61173.0,-33.1449,-31.1049,1.1212,0.091,0.008,-1.047,-0.029,-0.034,0.01,0.0,-0.0,-0.0,-0.12,-0.12,0.12,0.0,0.0,0.0,0.0,1.0
61180.0,-33.1511,-31.1067,1.1175,-0.145,0.115,-1.025,-0.038,-0.017,0.012,-0.0,-0.0,-0.0,-0.12,-0.12,0.12,0.0,0.0,0.0,0.0,1.0
61188.0,-33.1573,-31.1112,1.1165,-0.07,0.383,-0.842,-0.035,-0.012,-0.003,-0.0,-0.0,-0.0,-0.12,-0.12,0.12,0.0,0.0,0.0,0.0,1.0
61196.0,-33.1637,-31.1185,1.1179,0.198,-0.036,-0.483,-0.028,0.003,-0.016,-0.0,-0.0,-0.0,-0.12,-0.12,0.12,0.0,0.0,0.0,0.0,1.0
61204.0,-33.1686,-31.1258,1.1208,0.104,0.082,-0.191,-0.012,0.014,-0.014,-0.0,-0.0,-0.0,-0.12,-0.12,0.12,0.0,0.0,0.0,0.0,1.0
61211.0,-33.1737,-31.1349,1.1251,-0.041,-0.035,0.384,0.012,0.042,-0.011,-0.0,-0.0,-0.0,-0.12,-0.12,0.12,0.0,0.0,0.0,0.0,1.0
61219.0,-33.1759,-31.1413,1.1294,0.27,-0.004,0.675,0.011,0.051,-0.022,-0.0,-0.0,-0.0,-0.12,-0.12,0.12,0.0,0.0,0.0,0.0,1.0
61227.0,-33.1825,-31.1451,1.1273,0.069,0.138,0.732,0.032,0.057,-0.022,-0.0,-0.0,-0.0,-0.12,-0.12,0.12,0.0,0.0,0.0,0.0,1.0
61235.0,-33.1818,-31.1475,1.1303,-0.025,0.299,0.98,0.033,0.03,-0.011,-0.0,0.0,-0.0,-0.12,-0.12,0.12,0.0,0.0,0.0,0.0,1.0
61243.0,-33.1811,-31.1465,1.1299,0.075,0.12,1.06,0.037,0.026,-0.011,0.0,0.0,-0.0,-0.12,-0.12,0.12,0.0,0.0,0.0,0.0,1.0
61250.0,-33.1791,-31.1446,1.1298,-0.03,0.144,0.825,0.024,0.004,0.001,0.0,0.0,-0.0,-0.12,-0.12,0.12,0.0,0.0,0.0,0.0,1.0
61258.0,-33.1764,-31.1385,1.1262,0.149,-0.05,0.63,0.011,-0.013,-0.011,0.0,0.0,-0.0,-0.12,-0.12,0.12,0.0,0.0,0.0,0.0,1.0
61266.0,-33.1729,-31.132,1.123,-0.02,0.017,0.523,0.009,-0.026,0.008,0.0,0.0,-0.0,-0.12,-0.12,0.12,0.0,0.0,0.0,0.0,1.0
61273.0,-33.1705,-31.1229,1.1162,-0.061,-0.172,0.332,-0.013,-0.031,0.023,0.0,0.0,-0.0,-0.12,-0.12,0.12,0.0,0.0,0.0,0.0,1.0
61281.0,-33.1637,-31.1156,1.1152,0.14,0.032,-0.07,-0.026,-0.03,0.008,0.0,-0.0,-0.0,-0.12,-0.12,0.12,0.0,0.0,0.0,0.0,1.0
61289.0,-33.1572,-31.1093,1.1147,0.199,-0.164,-0.354,-0.023,-0.022,0.015,0.0,-0.0,-0.0,-0.12,-0.12,0.12,0.0,0.0,0.0,0.0,1.0
61297.0,-33.1494,-31.1072,1.1196,0.037,0.101,-0.348,-0.031,-0.028,0.002,-0.0,-0.0,-0.0,-0.12,-0.12,0.12,0.0,0.0,0.0,0.0,1.0
61305.0,-33.1436,-31.1069,1.1244,0.131,-0.105,-0.554,-0.02,-0.016,0.018,-0.0,-0.0,-0.0,-0.12,-0.12,0.12,0.0,0.0,0.0,0.0,1.0
61312.0,-33.1401,-31.1067,1.1272,0.152,0.12,-0.588,-0.028,-0.016,0.006,-0.0,-0.0,-0.0,-0.12,-0.12,0.12,0.0,0.0,0.0,0.0,1.0
61320.0,-33.1431,-31.1053,1.1232,-0.103,0.089,-0.619,-0.01,0.003,0.007,-0.0,-0.0,-0.0,-0.12,-0.12,0.12,0.0,0.0,0.0,0.0,1.0
61328.0,-33.1461,-31.1077,1.123,-0.118,0.149,-0.559,-0.01,0.006,0.012,-0.0,-0.0,-0.0,-0.12,-0.12,0.12,0.0,0.0,0.0,0.0,1.0
61336.0,-33.149,-31.111,1.1236,0.08,0.092,-0.701,0.004,0.005,0.013,-0.0,-0.0,-0.0,-0.12,-0.12,0.12,0.0,0.0,0.0,0.0,1.0
61343.0,-33.1504,-31.1181,1.1292,-0.119,-0.026,-0.386,0.009,0.021,0.0,-0.0,-0.0,-0.0,-0.12,-0.12,0.12,0.0,0.0,0.0,0.0,1.0
61351.0,-33.1566,-31.1211,1.1268,0.07,0.003,-0.184,0.019,0.019,0.002,-0.0,-0.0,-0.0,-0.12,-0.12,0.12,0.0,0.0,0.0,0.0,1.0
61359.0,-33.1612,-31.1254,1.1269,0.096,0.167,0.154,0.03,0.021,0.001,-0.0,-0.0,-0.0,-0.12,-0.12,0.12,0.0,0.0,0.0,0.0,1.0
61367.0,-33.1627,-31.1309,1.1309,-0.18,-0.004,0.071,0.028,0.008,-0.006,-0.0,-0.0,-0.0,-0.12,-0.12,0.12,0.0,0.0,0.0,0.0,1.0
61374.0,-33.1663,-31.1351,1.1319,0.08,0.095,0.343,0.019,0.006,0.002,0.0,-0.0,-0.0,-0.12,-0.12,0.12,0.0,0.0,0.0,0.0,1.0
61382.0,-33.1697,-31.1394,1.133,-0.07,0.083,0.505,0.01,-0.01,-0.01,0.0,-0.0,-0.0,-0.12,-0.12,0.12,0.0,0.0,0.0,0.0,1.0
61390.0,-33.1707,-31.1405,1.1332,0.035,0.188,0.61,-0.005,-0.012,-0.009,0.0,-0.0,-0.0,-0.12,-0.12,0.12,0.0,0.0,0.0,0.0,1.0
61398.0,-33.17,-31.1367,1.1301,0.15,0.165,0.414,-0.007,-0.012,-0.023,0.0,-0.0,-0.0,-0.12,-0.12,0.12,0.0,0.0,0.0,0.0,1.0
61405.0,-33.1679,-31.1326,1.128,0.086,0.294,0.456,-0.019,-0.019,-0.008,-0.0,-0.0,-0.0,-0.12,-0.12,0.12,0.0,0.0,0.0,0.0,1.0
61413.0,-33.168,-31.1287,1.1241,0.065,0.07,0.49,-0.023,-0.019,-0.0,-0.0,-0.0,-0.0,-0.12,-0.12,0.12,0.0,0.0,0.0,0.0,1.0
61421.0,-33.1642,-31.1242,1.123,0.265,-0.029,0.39,-0.041,-0.019,0.002,-0.0,-0.0,-0.0,-0.12,-0.12,0.12,0.0,0.0,0.0,0.0,1.0
61429.0,-33.1606,-31.1205,1.1226,0.104,-0.178,0.068,-0.043,-0.012,-0.018,-0.0,-0.0,-0.0,-0.12,-0.12,0.12,0.0,0.0,0.0,0.0,1.0
61437.0,-33.1541,-31.1201,1.128,0.226,-0.046,0.027,-0.014,-0.009,-0.008,-0.0,-0.0,-0.0,-0.12,-0.12,0.12,0.0,0.0,0.0,0.0,1.0
61444.0,-33.1497,-31.1172,1.129,0.276,-0.027,-0.041,-0.021,0.011,0.003,-0.0,-0.0,-0.0,-0.12,-0.12,0.12,0.0,0.0,0.0,0.0,1.0
61452.0,-33.1447,-31.1113,1.1276,0.001,0.107,-0.427,-0.004,0.021,-0.003,-0.0,-0.0,-0.0,-0.12,-0.12,0.12,0.0,0.0,0.0,0.0,1.0
61460.0,-33.1424,-31.1101,1.1285,-0.098,0.157,-0.377,0.003,0.015,0.014,-0.0,-0.0,-0.0,-0.12,-0.12,0.12,0.0,0.0,0.0,0.0,1.0
61467.0,-33.1437,-31.1144,1.1315,0.002,0.02,-0.34,0.02,0.019,0.01,-0.0,-0.0,-0.0,-0.12,-0.12,0.12,0.0,0.0,0.0,0.0,1.0
61475.0,-33.1453,-31.1167,1.1324,-0.048,0.173,-0.445,0.033,0.009,0.011,-0.0,-0.0,-0.0,-0.12,-0.12,0.12,0.0,0.0,0.0,0.0,1.0
61483.0,-33.1466,-31.1177,1.1322,-0.063,0.104,-0.255,0.012,0.008,0.015,-0.0,-0.0,-0.0,-0.12,-0.12,0.12,0.0,0.0,0.0,0.0,1.0
61491.0,-33.1511,-31.1178,1.1284,0.0,0.062,-0.383,0.011,0.01,-0.004,-0.0,-0.0,-0.0,-0.12,-0.12,0.12,0.0,0.0,0.0,0.0,1.0
61498.0,-33.1584,-31.1195,1.1236,-0.15,-0.079,-0.093,0.007,-0.005,0.006,-0.0,-0.0,-0.0,-0.12,-0.12,0.12,0.0,0.0,0.0,0.0,1.0
61507.0,-33.1635,-31.122,1.1215,0.089,-0.075,0.085,-0.009,0.009,0.002,-0.0,-0.0,-0.0,-0.12,-0.12,0.12,0.0,0.0,0.0,0.0,1.0
61514.0,-33.1653,-31.1236,1.1215,0.174,-0.022,0.052,-0.019,-0.011,0.003,-0.0,-0.0,-0.0,-0.12,-0.12,0.12,0.0,0.0,0.0,0.0,1.0
61522.0,-33.1659,-31.1287,1.1259,0.088,-0.206,0.214,-0.024,-0.005,0.004,-0.0,-0.0,-0.0,-0.12,-0.12,0.12,0.0,0.0,0.0,0.0,1.0
61530.0,-33.1661,-31.1298,1.1268,-0.026,-0.139,0.367,-0.03,-0.002,-0.004,-0.0,-0.0,-0.0,-0.12,-0.12,0.12,0.0,0.0,0.0,0.0,1.0
61537.0,-33.1681,-31.131,1.1262,-0.041,0.093,0.255,-0.03,-0.018,-0.021,-0.0,-0.0,-0.0,-0.12,-0.12,0.12,0.0,0.0,0.0,0.0,1.0
61545.0,-33.1684,-31.1314,1.1264,0.164,0.106,0.354,-0.013,0.001,-0.028,-0.0,-0.0,-0.0,-0.12,-0.12,0.12,0.0,0.0,0.0,0.0,1.0
61553.0,-33.1672,-31.1311,1.1271,-0.035,0.162,0.497,-0.002,-0.003,-0.011,-0.0,-0.0,-0.0,-0.12,-0.12,0.12,0.0,0.0,0.0,0.0,1.0
61561.0,-33.1649,-31.1305,1.1286,0.009,-0.061,0.359,0.008,0.002,-0.007,-0.0,-0.0,-0.0,-0.12,-0.12,0.12,0.0,0.0,0.0,0.0,1.0
61568.0,-33.1637,-31.1249,1.1242,0.03,0.122,0.368,0.014,0.001,0.001,-0.0,-0.0,-0.0,-0.12,-0.12,0.12,0.0,0.0,0.0,0.0,1.0
61576.0,-33.1603,-31.1221,1.1245,0.025,0.096,0.083,0.019,0.005,-0.007,-0.0,-0.0,-0.0,-0.12,-0.12,0.12,0.0,0.0,0.0,0.0,1.0
61584.0,-33.1574,-31.1206,1.1255,0.309,-0.165,0.167,0.025,0.012,0.002,-0.0,-0.0,-0.0,-0.12,-0.12,0.12,0.0,0.0,0.0,0.0,1.0
61592.0,-33.1549,-31.121,1.1282,0.084,-0.101,-0.2,0.03,-0.004,0.006,-0.0,-0.0,-0.0,-0.12,-0.12,0.12,0.0,0.0,0.0,0.0,1.0
61600.0,-33.1498,-31.1183,1.13,-0.029,0.01,-0.091,0.022,0.018,0.003,-0.0,-0.0,-0.0,-0.12,-0.12,0.12,0.0,0.0,0.0,0.0,1.0
61607.0,-33.1472,-31.1204,1.1343,0.106,0.038,-0.148,0.02,0.004,0.017,-0.0,-0.0,-0.0,-0.12,-0.12,0.12,0.0,0.0,0.0,0.0,1.0
61615.0,-33.1478,-31.1181,1.1316,-0.135,0.076,-0.369,-0.001,0.009,0.001,-0.0,-0.0,-0.0,-0.12,-0.12,0.12,0.0,0.0,0.0,0.0,1.0
61623.0,-33.1491,-31.116,1.1284,-0.319,0.159,-0.373,0.002,0.012,0.022,-0.0,-0.0,-0.0,-0.12,-0.12,0.12,0.0,0.0,0.0,0.0,1.0
61631.0,-33.1503,-31.1143,1.1257,-0.079,0.38,-0.411,0.007,0.008,0.009,-0.0,-0.0,-0.0,-0.12,-0.12,0.12,0.0,0.0,0.0,0.0,1.0
61638.0,-33.1512,-31.1148,1.1253,-0.355,0.038,-0.321,0.0,-0.007,0.012,-0.0,-0.0,-0.0,-0.12,-0.12,0.12,0.0,0.0,0.0,0.0,1.0
61646.0,-33.1551,-31.1162,1.1233,-0.171,-0.089,-0.275,-0.023,0.009,0.014,-0.0,-0.0,-0.0,-0.12,-0.12,0.12,0.0,0.0,0.0,0.0,1.0
61654.0,-33.1622,-31.1194,1.1202,0.048,-0.137,-0.236,-0.029,-0.003,0.007,-0.0,-0.0,-0.0,-0.12,-0.12,0.12,0.0,0.0,0.0,0.0,1.0
61662.0,-33.1666,-31.1243,1.121,0.337,-0.071,-0.169,-0.038,0.004,-0.009,-0.0,-0.0,-0.0,-0.12,-0.12,0.12,0.0,0.0,0.0,0.0,1.0
61670.0,-33.1688,-31.1292,1.1239,-0.147,0.117,0.02,-0.03,-0.008,-0.012,-0.0,-0.0,-0.0,-0.12,-0.12,0.12,0.0,0.0,0.0,0.0,1.0
61677.0,-33.1688,-31.1363,1.1308,0.158,-0.008,0.155,-0.025,-0.031,-0.026,-0.0,-0.0,-0.0,-0.12,-0.12,0.12,0.0,0.0,0.0,0.0,1.0
61685.0,-33.1672,-31.1396,1.1354,0.094,0.033,0.283,-0.022,-0.017,-0.019,-0.0,-0.0,-0.0,-0.12,-0.12,0.12,0.0,0.0,0.0,0.0,1.0
61693.0,-33.1671,-31.1393,1.1352,0.094,0.076,0.24,-0.012,-0.027,-0.006,-0.0,-0.0,-0.0,-0.12,-0.12,0.12,0.0,0.0,0.0,0.0,1.0
61701.0,-33.1656,-31.1393,1.1365,0.079,0.136,0.3,0.009,-0.018,-0.009,-0.0,-0.0,-0.0,-0.12,-0.12,0.12,0.0,0.0,0.0,0.0,1.0
61708.0,-33.1658,-31.1369,1.134,-0.205,0.053,0.562,0.015,-0.025,-0.01,-0.0,-0.0,-0.0,-0.12,-0.12,0.12,0.0,0.0,0.0,0.0,1.0
61717.0,-33.1639,-31.1321,1.131,0.03,0.162,0.325,0.029,0.008,-0.0,-0.0,-0.0,-0.0,-0.12,-0.12,0.12,0.0,0.0,0.0,0.0,1.0
61724.0,-33.1586,-31.1288,1.1325,0.166,0.148,0.311,0.027,0.015,0.003,-0.0,-0.0,-0.0,-0.12,-0.12,0.12,0.0,0.0,0.0,0.0,1.0
61732.0,-33.1572,-31.1267,1.1317,0.175,-0.24,0.268,0.029,0.036,-0.002,-0.0,-0.0,-0.0,-0.12,-0.12,0.12,0.0,0.0,0.0,0.0,1.0
61740.0,-33.1545,-31.1214,1.129,-0.194,0.142,0.044,0.017,0.054,0.006,-0.0,-0.0,-0.0,-0.12,-0.12,0.12,0.0,0.0,0.0,0.0,1.0
61748.0,-33.1491,-31.116,1.1283,-0.044,0.026,0.013,0.012,0.037,0.02,-0.0,-0.0,-0.0,-0.12,-0.12,0.12,0.0,0.0,0.0,0.0,1.0
61756.0,-33.1438,-31.1154,1.1324,-0.134,-0.097,-0.196,0.001,0.034,0.017,-0.0,0.0,-0.0,-0.12,-0.12,0.12,0.0,0.0,0.0,0.0,1.0
61763.0,-33.143,-31.1161,1.1338,-0.148,0.179,-0.352,-0.01,0.024,0.03,-0.0,0.0,-0.0,-0.12,-0.12,0.12,0.0,0.0,0.0,0.0,1.0
61771.0,-33.1462,-31.1112,1.1262,-0.184,0.144,-0.387,-0.021,0.005,0.002,-0.0,0.0,-0.0,-0.12,-0.12,0.12,0.0,0.0,0.0,0.0,1.0
61779.0,-33.1524,-31.1117,1.1213,-0.205,0.049,-0.482,-0.026,-0.01,0.008,-0.0,0.0,-0.0,-0.12,-0.12,0.12,0.0,0.0,0.0,0.0,1.0
61786.0,-33.1542,-31.1135,1.1214,0.035,0.01,-0.262,-0.026,-0.018,-0.0,-0.0,0.0,-0.0,-0.12,-0.12,0.12,0.0,0.0,0.0,0.0,1.0
61794.0,-33.1586,-31.1157,1.1197,0.063,-0.154,-0.339,-0.034,-0.031,0.008,-0.0,0.0,-0.0,-0.12,-0.12,0.12,0.0,0.0,0.0,0.0,1.0
61802.0,-33.1598,-31.1171,1.1201,0.104,-0.006,-0.105,-0.038,-0.026,0.02,-0.0,0.0,-0.0,-0.12,-0.12,0.12,0.0,0.0,0.0,0.0,1.0
61810.0,-33.1629,-31.1226,1.1226,0.083,-0.146,-0.157,-0.027,-0.031,0.001,-0.0,-0.0,-0.0,-0.12,-0.12,0.12,0.0,0.0,0.0,0.0,1.0
61817.0,-33.1657,-31.1273,1.1248,-0.146,-0.056,0.192,-0.027,-0.029,-0.011,-0.0,-0.0,-0.0,-0.12,-0.12,0.12,0.0,0.0,0.0,0.0,1.0
61825.0,-33.168,-31.1326,1.1279,0.044,0.102,0.265,-0.007,-0.021,0.001,-0.0,-0.0,-0.0,-0.12,-0.12,0.12,0.0,0.0,0.0,0.0,1.0
61833.0,-33.1697,-31.1362,1.1299,-0.106,0.133,0.383,0.021,-0.003,-0.017,-0.0,-0.0,-0.0,-0.12,-0.12,0.12,0.0,0.0,0.0,0.0,1.0
61841.0,-33.1712,-31.1363,1.1286,-0.212,0.027,0.277,0.038,0.002,-0.012,-0.0,-0.0,-0.0,-0.12,-0.12,0.12,0.0,0.0,0.0,0.0,1.0
61848.0,-33.1713,-31.1329,1.1253,0.099,0.103,0.525,0.051,0.025,-0.011,-0.0,-0.0,-0.0,-0.12,-0.12,0.12,0.0,0.0,0.0,0.0,1.0
61856.0,-33.1719,-31.1301,1.1221,0.128,-0.06,0.448,0.048,0.024,0.002,-0.0,-0.0,-0.0,-0.12,-0.12,0.12,0.0,0.0,0.0,0.0,1.0
61864.0,-33.1699,-31.1267,1.1204,0.108,-0.112,0.31,0.027,0.034,-0.006,-0.0,-0.0,-0.0,-0.12,-0.12,0.12,0.0,0.0,0.0,0.0,1.0
61872.0,-33.166,-31.1247,1.122,-0.011,0.059,0.048,0.032,0.031,-0.002,-0.0,0.0,-0.0,-0.12,-0.12,0.12,0.0,0.0,0.0,0.0,1.0
61879.0,-33.1631,-31.1224,1.1222,0.294,0.065,0.054,0.017,0.013,0.011,-0.0,0.0,-0.0,-0.12,-0.12,0.12,0.0,0.0,0.0,0.0,1.0
61887.0,-33.1614,-31.1191,1.1206,0.074,0.07,0.058,-0.01,0.009,0.001,-0.0,0.0,-0.0,-0.12,-0.12,0.12,0.0,0.0,0.0,0.0,1.0
61895.0,-33.1591,-31.1157,1.1193,-0.066,0.016,-0.169,-0.018,-0.015,0.019,-0.0,0.0,-0.0,-0.12,-0.12,0.12,0.0,0.0,0.0,0.0,1.0
61903.0,-33.1568,-31.113,1.1186,-0.286,0.064,-0.208,-0.035,-0.029,0.019,-0.0,0.0,-0.0,-0.12,-0.12,0.12,0.0,0.0,0.0,0.0,1.0
61911.0,-33.1565,-31.1125,1.1185,-0.101,0.068,-0.29,-0.05,-0.03,0.005,-0.0,-0.0,-0.0,-0.12,-0.12,0.12,0.0,0.0,0.0,0.0,1.0
61918.0,-33.1568,-31.1138,1.1195,-0.271,0.09,-0.354,-0.043,-0.049,0.001,-0.0,-0.0,-0.0,-0.12,-0.12,0.12,0.0,0.0,0.0,0.0,1.0
61926.0,-33.1581,-31.1139,1.1183,-0.016,0.078,-0.28,-0.029,-0.045,-0.005,-0.0,-0.0,-0.0,-0.12,-0.12,0.12,0.0,0.0,0.0,0.0,1.0
61934.0,-33.1587,-31.1139,1.1179,-0.031,0.138,-0.22,-0.025,-0.047,-0.012,-0.0,-0.0,-0.0,-0.12,-0.12,0.12,0.0,0.0,0.0,0.0,1.0
61942.0,-33.1624,-31.1142,1.1149,-0.052,-0.001,-0.272,-0.001,-0.014,-0.007,-0.0,-0.0,-0.0,-0.12,-0.12,0.12,0.0,0.0,0.0,0.0,1.0
61949.0,-33.1637,-31.1166,1.116,-0.031,0.051,-0.134,0.013,0.003,0.011,-0.0,-0.0,-0.0,-0.12,-0.12,0.12,0.0,0.0,0.0,0.0,1.0
61957.0,-33.1644,-31.1188,1.1176,-0.202,0.03,-0.154,0.04,0.023,0.014,-0.0,-0.0,-0.0,-0.12,-0.12,0.12,0.0,0.0,0.0,0.0,1.0
61965.0,-33.1674,-31.1223,1.1184,0.308,0.048,-0.049,0.038,0.026,-0.007,-0.0,-0.0,-0.0,-0.12,-0.12,0.12,0.0,0.0,0.0,0.0,1.0
61973.0,-33.1687,-31.1223,1.1173,-0.062,0.04,0.116,0.041,0.038,-0.006,-0.0,-0.0,-0.0,-0.12,-0.12,0.12,0.0,0.0,0.0,0.0,1.0
61980.0,-33.1693,-31.1221,1.1165,0.023,0.051,0.127,0.048,0.03,-0.011,-0.0,-0.0,-0.0,-0.12,-0.12,0.12,0.0,0.0,0.0,0.0,1.0
61988.0,-33.1702,-31.1221,1.1157,-0.126,0.082,0.244,0.026,0.034,-0.008,-0.0,-0.0,-0.0,-0.12,-0.12,0.12,0.0,0.0,0.0,0.0,1.0
61996.0,-33.1725,-31.1214,1.113,-0.127,0.039,0.288,0.019,0.02,-0.002,-0.0,0.0,-0.0,-0.12,-0.12,0.12,0.0,0.0,0.0,0.0,1.0
62004.0,-33.1736,-31.1221,1.1127,0.058,-0.001,0.248,-0.001,0.01,-0.005,-0.0,0.0,-0.0,-0.12,-0.12,0.12,0.0,0.0,0.0,0.0,1.0
62011.0,-33.1735,-31.1192,1.11,0.058,-0.043,0.291,-0.023,-0.003,0.005,-0.0,0.0,-0.0,-0.12,-0.12,0.12,0.0,0.0,0.0,0.0,1.0
62019.0,-33.1748,-31.1169,1.1066,0.142,0.054,0.215,-0.036,-0.018,0.002,-0.0,0.0,-0.0,-0.12,-0.12,0.12,0.0,0.0,0.0,0.0,1.0
62027.0,-33.1739,-31.1179,1.1083,0.087,-0.034,0.041,-0.048,-0.02,0.003,-0.0,-0.0,-0.0,-0.12,-0.12,0.12,0.0,0.0,0.0,0.0,1.0
62035.0,-33.17,-31.1181,1.112,0.202,-0.057,-0.155,-0.061,-0.037,0.015,-0.0,-0.0,-0.0,-0.12,-0.12,0.12,0.0,0.0,0.0,0.0,1.0
62042.0,-33.171,-31.1149,1.108,0.081,-0.231,-0.071,-0.051,-0.023,-0.006,-0.0,-0.0,-0.0,-0.12,-0.12,0.12,0.0,0.0,0.0,0.0,1.0
62050.0,-33.1694,-31.1131,1.1077,-0.218,0.005,-0.008,-0.041,-0.036,-0.004,-0.0,-0.0,-0.0,-0.12,-0.12,0.12,0.0,0.0,0.0,0.0,1.0
62058.0,-33.1677,-31.1139,1.11,0.009,0.156,0.144,-0.018,-0.029,0.018,-0.0,-0.0,-0.0,-0.12,-0.12,0.12,0.0,0.0,0.0,0.0,1.0
62066.0,-33.1654,-31.1159,1.114,0.188,-0.169,0.078,0.013,0.007,0.003,-0.0,-0.0,-0.0,-0.12,-0.12,0.12,0.0,0.0,0.0,0.0,1.0
62074.0,-33.1693,-31.114,1.1087,0.011,-0.259,-0.185,0.034,0.007,0.0,-0.0,-0.0,-0.0,-0.12,-0.12,0.12,0.0,0.0,0.0,0.0,1.0
62081.0,-33.1709,-31.1122,1.1054,-0.083,0.077,-0.109,0.04,0.026,-0.001,-0.0,-0.0,-0.0,-0.12,-0.12,0.12,0.0,0.0,0.0,0.0,1.0
62089.0,-33.1694,-31.1151,1.1097,0.044,0.32,0.049,0.054,0.022,0.002,-0.0,-0.0,-0.0,-0.12,-0.12,0.12,0.0,0.0,0.0,0.0,1.0
62097.0,-33.1684,-31.1166,1.112,0.179,-0.04,0.38,0.042,0.041,-0.008,-0.0,-0.0,-0.0,-0.12,-0.12,0.12,0.0,0.0,0.0,0.0,1.0
62105.0,-33.1687,-31.1166,1.1116,-0.083,0.075,-0.109,0.037,0.039,0.003,-0.0,-0.0,-0.0,-0.12,-0.12,0.12,0.0,0.0,0.0,0.0,1.0
62112.0,-33.1692,-31.1167,1.1114,0.017,-0.104,-0.029,0.008,0.044,-0.004,-0.0,0.0,-0.0,-0.12,-0.12,0.12,0.0,0.0,0.0,0.0,1.0
62120.0,-33.1691,-31.1177,1.1124,0.102,0.036,-0.148,-0.01,0.028,-0.002,-0.0,0.0,-0.0,-0.12,-0.12,0.12,0.0,0.0,0.0,0.0,1.0
62128.0,-33.169,-31.1176,1.1124,0.023,0.138,0.04,-0.018,0.022,0.016,-0.0,0.0,-0.0,-0.12,-0.12,0.12,0.0,0.0,0.0,0.0,1.0
62136.0,-33.172,-31.1183,1.1105,-0.033,-0.036,-0.047,-0.019,-0.014,-0.001,-0.0,0.0,-0.0,-0.12,-0.12,0.12,0.0,0.0,0.0,0.0,1.0
62144.0,-33.1746,-31.1194,1.1091,-0.219,0.089,-0.094,-0.029,-0.023,-0.002,-0.0,0.0,-0.0,-0.12,-0.12,0.12,0.0,0.0,0.0,0.0,1.0
62151.0,-33.1787,-31.1213,1.1075,0.001,0.128,-0.141,-0.038,-0.027,0.005,-0.0,0.0,-0.0,-0.12,-0.12,0.12,0.0,0.0,0.0,0.0,1.0
62159.0,-33.1819,-31.1224,1.1057,0.056,0.085,0.162,-0.033,-0.042,0.004,-0.0,-0.0,-0.0,-0.12,-0.12,0.12,0.0,0.0,0.0,0.0,1.0
62167.0,-33.1818,-31.1225,1.1059,0.241,-0.041,0.209,-0.023,-0.04,-0.006,-0.0,-0.0,-0.0,-0.12,-0.12,0.12,0.0,0.0,0.0,0.0,1.0
62174.0,-33.18,-31.1253,1.1103,0.255,-0.058,0.105,-0.021,-0.031,-0.001,-0.0,-0.0,-0.0,-0.12,-0.12,0.12,0.0,0.0,0.0,0.0,1.0
62182.0,-33.1809,-31.1275,1.1115,0.106,-0.07,0.266,-0.011,-0.019,-0.013,-0.0,-0.0,-0.0,-0.12,-0.12,0.12,0.0,0.0,0.0,0.0,1.0
62190.0,-33.1784,-31.1264,1.1127,0.106,-0.027,0.223,-0.004,-0.011,-0.017,-0.0,-0.0,-0.0,-0.12,-0.12,0.12,0.0,0.0,0.0,0.0,1.0
62198.0,-33.1781,-31.1268,1.1134,-0.078,0.013,0.263,0.001,-0.003,-0.01,-0.0,-0.0,-0.0,-0.12,-0.12,0.12,0.0,0.0,0.0,0.0,1.0
62206.0,-33.1758,-31.1241,1.1128,-0.057,0.065,0.401,0.017,0.024,-0.007,-0.0,-0.0,-0.0,-0.12,-0.12,0.12,0.0,0.0,0.0,0.0,1.0
62213.0,-33.173,-31.1192,1.1105,-0.221,0.719,0.018,0.031,0.02,-0.011,-0.0,-0.0,-0.0,-0.12,-0.12,0.12,0.0,0.0,0.0,0.0,1.0
62221.0,-33.1694,-31.1158,1.1104,0.05,0.862,-0.184,0.016,0.02,0.012,-0.0,-0.0,-0.0,-0.12,-0.12,0.12,0.0,0.0,0.0,0.0,1.0
62229.0,-33.1703,-31.1159,1.1096,0.579,-0.569,-0.234,0.013,0.047,0.003,-0.0,-0.0,-0.0,-0.12,-0.12,0.12,0.0,0.0,0.0,0.0,1.0
62236.0,-33.1879,-31.1054,1.0839,0.611,-0.962,0.233,0.022,0.055,-0.012,-0.0,0.0,-0.0,-0.12,-0.12,0.12,0.0,0.0,0.0,0.0,1.0
62244.0,-33.2035,-31.0899,1.0551,-0.644,0.285,-0.076,0.017,0.002,-0.007,-0.0,0.0,-0.0,-0.12,-0.12,0.12,0.0,0.0,0.0,0.0,1.0
62252.0,-33.1886,-31.1033,1.0812,-0.564,0.853,-0.196,0.002,-0.012,0.002,-0.0,0.0,-0.0,-0.12,-0.12,0.12,0.0,0.0,0.0,0.0,1.0
62260.0,-33.1572,-31.1345,1.1393,0.744,-0.294,-0.041,-0.018,-0.021,0.006,-0.0,0.0,-0.0,-0.12,-0.12,0.12,0.0,0.0,0.0,0.0,1.0
62268.0,-33.1447,-31.149,1.1643,1.36,-1.802,0.006,-0.04,-0.003,-0.001,-0.0,0.0,-0.0,-0.12,-0.12,0.12,0.0,0.0,0.0,0.0,1.0
62276.0,-33.1505,-31.1426,1.1531,0.575,-0.943,-0.173,-0.03,-0.016,0.007,-0.0,0.0,-0.0,-0.12,-0.12,0.12,0.0,0.0,0.0,0.0,1.0
62283.0,-33.1585,-31.1341,1.1377,-0.361,0.619,-0.166,0.012,-0.04,0.008,-0.0,-0.0,-0.0,-0.12,-0.12,0.12,0.0,0.0,0.0,0.0,1.0
62291.0,-33.1461,-31.1446,1.1588,-0.956,1.088,-0.039,0.035,-0.047,0.017,-0.0,-0.0,-0.0,-0.12,-0.12,0.12,0.0,0.0,0.0,0.0,1.0
62299.0,-33.134,-31.1565,1.1812,-0.305,0.157,0.241,0.018,-0.03,0.018,-0.0,-0.0,-0.0,-0.12,-0.12,0.12,0.0,0.0,0.0,0.0,1.0
62306.0,-33.1329,-31.1579,1.1835,-0.175,0.202,-0.145,0.016,-0.021,0.023,-0.0,-0.0,-0.0,-0.12,-0.12,0.12,0.0,0.0,0.0,0.0,1.0
62314.0,-33.1474,-31.143,1.1562,-0.321,0.521,-0.001,0.007,-0.01,0.004,-0.0,-0.0,-0.0,-0.12,-0.12,0.12,0.0,0.0,0.0,0.0,1.0
62322.0,-33.1702,-31.1246,1.1181,-0.631,0.562,-0.05,0.004,0.01,0.002,-0.0,-0.0,-0.0,-0.12,-0.12,0.12,0.0,0.0,0.0,0.0,1.0
62330.0,-33.1853,-31.1123,1.0929,-0.583,0.28,0.184,0.001,0.022,-0.023,-0.0,-0.0,-0.0,-0.12,-0.12,0.12,0.0,0.0,0.0,0.0,1.0
62337.0,-33.189,-31.1124,1.0898,-0.036,0.049,-0.133,0.004,0.034,-0.004,-0.0,-0.0,-0.0,-0.12,-0.12,0.12,0.0,0.0,0.0,0.0,1.0
62346.0,-33.1827,-31.1189,1.1017,0.762,-0.61,-0.273,-0.025,0.061,-0.003,-0.0,-0.0,-0.0,-0.12,-0.12,0.12,0.0,0.0,0.0,0.0,1.0
62353.0,-33.1829,-31.1204,1.1029,1.301,-0.926,-0.073,-0.029,0.058,-0.004,-0.0,0.0,-0.0,-0.12,-0.12,0.12,0.0,0.0,0.0,0.0,1.0
62361.0,-33.188,-31.1219,1.0999,0.689,-0.852,-0.171,-0.038,0.047,-0.001,-0.0,0.0,-0.0,-0.12,-0.12,0.12,0.0,0.0,0.0,0.0,1.0
62369.0,-33.1851,-31.1291,1.1094,0.326,-0.575,0.02,-0.011,0.043,0.002,-0.0,0.0,-0.0,-0.12,-0.12,0.12,0.0,0.0,0.0,0.0,1.0
62377.0,-33.1766,-31.1429,1.1304,-0.08,0.226,0.047,-0.001,0.018,0.001,-0.0,0.0,-0.0,-0.12,-0.12,0.12,0.0,0.0,0.0,0.0,1.0
62385.0,-33.1609,-31.1619,1.1627,0.164,0.269,0.181,0.01,-0.021,0.003,-0.0,0.0,-0.0,-0.12,-0.12,0.12,0.0,0.0,0.0,0.0,1.0
62392.0,-33.1479,-31.1738,1.1857,0.386,-0.212,0.652,0.005,-0.029,-0.012,-0.0,0.0,-0.0,-0.12,-0.12,0.12,0.0,0.0,0.0,0.0,1.0
62400.0,-33.145,-31.1733,1.1877,-0.218,0.19,0.536,0.02,-0.05,-0.005,-0.0,0.0,-0.0,-0.12,-0.12,0.12,0.0,0.0,0.0,0.0,1.0
62408.0,-33.1521,-31.1628,1.1713,-0.426,0.551,0.809,0.025,-0.056,-0.015,-0.0,-0.0,-0.0,-0.12,-0.12,0.12,0.0,0.0,0.0,0.0,1.0
62416.0,-33.1573,-31.1564,1.1605,-0.867,0.43,0.947,0.023,-0.05,-0.02,-0.0,-0.0,-0.0,-0.12,-0.12,0.12,0.0,0.0,0.0,0.0,1.0
62424.0,-33.15,-31.1538,1.1644,-0.395,0.517,0.602,0.007,-0.031,0.001,-0.0,-0.0,-0.0,-0.12,-0.12,0.12,0.0,0.0,0.0,0.0,1.0
62431.0,-33.1472,-31.1472,1.1605,-0.152,0.195,0.365,-0.002,-0.018,0.002,-0.0,-0.0,-0.0,-0.12,-0.12,0.12,0.0,0.0,0.0,0.0,1.0
62439.0,-33.1493,-31.134,1.1457,0.282,-0.052,0.287,-0.012,0.013,0.016,-0.0,-0.0,-0.0,-0.12,-0.12,0.12,0.0,0.0,0.0,0.0,1.0
62447.0,-33.157,-31.1172,1.1226,0.083,-0.018,-0.287,-0.034,0.025,0.017,-0.0,-0.0,-0.0,-0.12,-0.12,0.12,0.0,0.0,0.0,0.0,1.0
62454.0,-33.1609,-31.1064,1.1086,-0.108,0.213,-0.748,-0.025,0.031,0.007,-0.0,-0.0,-0.0,-0.12,-0.12,0.12,0.0,0.0,0.0,0.0,1.0
62462.0,-33.1589,-31.1048,1.1088,0.171,-0.032,-0.993,-0.031,0.054,0.023,-0.0,-0.0,-0.0,-0.12,-0.12,0.12,0.0,0.0,0.0,0.0,1.0
62470.0,-33.1559,-31.1108,1.1174,0.045,-0.32,-1.108,-0.024,0.056,0.028,-0.0,0.0,-0.0,-0.12,-0.12,0.12,0.0,0.0,0.0,0.0,1.0
62478.0,-33.1546,-31.119,1.1265,0.37,-0.306,-0.92,-0.015,0.045,0.007,-0.0,0.0,-0.0,-0.12,-0.12,0.12,0.0,0.0,0.0,0.0,1.0
62485.0,-33.1602,-31.1211,1.1236,0.24,-0.05,-0.836,0.016,0.033,0.023,-0.0,0.0,0.0,-0.12,-0.12,0.12,0.0,0.0,0.0,0.0,1.0
62493.0,-33.1674,-31.1271,1.1231,-0.005,0.186,-0.513,0.021,0.011,-0.006,-0.0,0.0,0.0,-0.12,-0.12,0.12,0.0,0.0,0.0,0.0,1.0
62501.0,-33.1657,-31.1416,1.1388,-0.168,0.101,-0.162,0.039,-0.014,-0.001,-0.0,0.0,0.0,-0.12,-0.12,0.12,0.0,0.0,0.0,0.0,1.0
62509.0,-33.163,-31.159,1.1581,-0.068,-0.211,0.047,0.033,-0.024,-0.015,-0.0,0.0,-0.0,-0.12,-0.12,0.12,0.0,0.0,0.0,0.0,1.0
62517.0,-33.1624,-31.1684,1.1678,0.214,0.026,0.372,0.037,-0.048,-0.021,-0.0,0.0,-0.0,-0.12,-0.12,0.12,0.0,0.0,0.0,0.0,1.0
62524.0,-33.1641,-31.17,1.1677,0.006,0.125,0.903,0.016,-0.044,-0.027,-0.0,0.0,-0.0,-0.12,-0.12,0.12,0.0,0.0,0.0,0.0,1.0
62532.0,-33.1703,-31.1673,1.1597,-0.251,0.138,0.829,0.013,-0.06,-0.032,-0.0,-0.0,-0.0,-0.12,-0.12,0.12,0.0,0.0,0.0,0.0,1.0
62540.0,-33.1707,-31.164,1.1561,-0.174,0.407,1.012,0.006,-0.046,-0.036,-0.0,-0.0,-0.0,-0.12,-0.12,0.12,0.0,0.0,0.0,0.0,1.0
62548.0,-33.1705,-31.1572,1.1497,-0.4,0.387,0.731,-0.017,-0.037,-0.021,-0.0,-0.0,-0.0,-0.12,-0.12,0.12,0.0,0.0,0.0,0.0,1.0
62555.0,-33.1681,-31.1517,1.1465,-0.015,0.162,0.679,-0.038,-0.021,-0.02,-0.0,-0.0,-0.0,-0.12,-0.12,0.12,0.0,0.0,0.0,0.0,1.0
62563.0,-33.1695,-31.1442,1.1379,0.108,-0.292,0.482,-0.046,-0.009,-0.009,-0.0,-0.0,-0.0,-0.12,-0.12,0.12,0.0,0.0,0.0,0.0,1.0
62571.0,-33.1719,-31.1324,1.1242,-0.119,-0.009,-0.101,-0.041,0.016,-0.001,-0.0,-0.0,-0.0,-0.12,-0.12,0.12,0.0,0.0,0.0,0.0,1.0
62579.0,-33.1706,-31.1227,1.1159,-0.048,0.064,-0.03,-0.03,0.035,0.014,-0.0,-0.0,-0.0,-0.12,-0.12,0.12,0.0,0.0,0.0,0.0,1.0
62586.0,-33.1646,-31.1172,1.1158,0.217,0.139,-0.474,-0.01,0.04,0.027,-0.0,-0.0,-0.0,-0.12,-0.12,0.12,0.0,0.0,0.0,0.0,1.0
62594.0,-33.1594,-31.1194,1.1226,0.191,-0.285,-0.552,-0.003,0.039,0.035,-0.0,-0.0,-0.0,-0.12,-0.12,0.12,0.0,0.0,0.0,0.0,1.0
62602.0,-33.1561,-31.123,1.129,0.235,-0.38,-0.819,0.024,0.041,0.04,-0.0,0.0,-0.0,-0.12,-0.12,0.12,0.0,0.0,0.0,0.0,1.0
62609.0,-33.1563,-31.1235,1.1294,0.071,-0.158,-0.77,0.03,0.034,0.031,-0.0,0.0,-0.0,-0.12,-0.12,0.12,0.0,0.0,0.0,0.0,1.0
62617.0,-33.1573,-31.1273,1.1322,0.127,-0.201,-0.467,0.024,-0.005,0.036,-0.0,0.0,0.0,-0.12,-0.12,0.12,0.0,0.0,0.0,0.0,1.0
62625.0,-33.1554,-31.1345,1.1408,-0.072,-0.017,-0.454,0.047,-0.009,0.017,-0.0,0.0,0.0,-0.12,-0.12,0.12,0.0,0.0,0.0,0.0,1.0
62633.0,-33.1522,-31.1461,1.155,-0.107,-0.141,-0.403,0.05,-0.029,0.005,-0.0,0.0,0.0,-0.12,-0.12,0.12,0.0,0.0,0.0,0.0,1.0
62641.0,-33.1545,-31.1549,1.1615,-0.089,0.367,0.021,0.044,-0.041,0.012,-0.0,-0.0,0.0,-0.12,-0.12,0.12,0.0,0.0,0.0,0.0,1.0
62648.0,-33.1602,-31.1602,1.1616,0.016,0.126,0.472,0.03,-0.034,-0.026,0.0,-0.0,0.0,-0.12,-0.12,0.12,0.0,0.0,0.0,0.0,1.0
62656.0,-33.1643,-31.1609,1.1587,0.065,-0.028,0.576,0.025,-0.052,-0.026,0.0,-0.0,0.0,-0.12,-0.12,0.12,0.0,0.0,0.0,0.0,1.0
62664.0,-33.1668,-31.1585,1.1542,-0.065,0.056,0.833,0.002,-0.043,-0.03,0.0,-0.0,-0.0,-0.12,-0.12,0.12,0.0,0.0,0.0,0.0,1.0
62672.0,-33.1719,-31.1557,1.147,-0.136,0.116,0.633,-0.016,-0.031,-0.028,0.0,-0.0,-0.0,-0.12,-0.12,0.12,0.0,0.0,0.0,0.0,1.0
62679.0,-33.1731,-31.1525,1.1428,-0.036,0.066,0.583,-0.043,-0.008,-0.016,-0.0,-0.0,-0.0,-0.12,-0.12,0.12,0.0,0.0,0.0,0.0,1.0
62687.0,-33.17,-31.1472,1.1403,0.199,0.003,0.519,-0.051,0.013,-0.022,-0.0,-0.0,-0.0,-0.12,-0.12,0.12,0.0,0.0,0.0,0.0,1.0
62695.0,-33.1679,-31.142,1.1372,0.143,-0.083,0.345,-0.073,0.042,-0.004,-0.0,-0.0,-0.0,-0.12,-0.12,0.12,0.0,0.0,0.0,0.0,1.0
62703.0,-33.164,-31.138,1.1367,0.038,-0.016,0.066,-0.045,0.056,0.003,-0.0,-0.0,-0.0,-0.12,-0.12,0.12,0.0,0.0,0.0,0.0,1.0
62711.0,-33.1603,-31.1335,1.1356,-0.052,0.122,-0.402,-0.033,0.052,0.014,-0.0,-0.0,-0.0,-0.12,-0.12,0.12,0.0,0.0,0.0,0.0,1.0
62718.0,-33.1557,-31.1289,1.1351,0.048,0.073,-0.451,-0.011,0.068,0.03,-0.0,0.0,-0.0,-0.12,-0.12,0.12,0.0,0.0,0.0,0.0,1.0
62726.0,-33.1525,-31.1284,1.1374,0.227,0.007,-0.776,-0.002,0.059,0.04,-0.0,0.0,-0.0,-0.12,-0.12,0.12,0.0,0.0,0.0,0.0,1.0
62734.0,-33.1503,-31.129,1.14,0.263,-0.044,-0.654,0.022,0.042,0.019,-0.0,0.0,-0.0,-0.12,-0.12,0.12,0.0,0.0,0.0,0.0,1.0
62741.0,-33.1498,-31.1309,1.1423,0.142,-0.133,-0.657,0.042,0.016,0.008,-0.0,0.0,0.0,-0.12,-0.12,0.12,0.0,0.0,0.0,0.0,1.0
62749.0,-33.1481,-31.1388,1.1515,0.134,-0.092,-0.268,0.048,-0.009,0.012,-0.0,0.0,0.0,-0.12,-0.12,0.12,0.0,0.0,0.0,0.0,1.0
62757.0,-33.1472,-31.1469,1.1602,0.149,-0.24,-0.242,0.031,-0.042,0.006,-0.0,0.0,0.0,-0.12,-0.12,0.12,0.0,0.0,0.0,0.0,1.0
62765.0,-33.1527,-31.1519,1.1602,0.054,-0.121,0.05,0.036,-0.055,-0.011,-0.0,0.0,0.0,-0.12,-0.12,0.12,0.0,0.0,0.0,0.0,1.0
62773.0,-33.1585,-31.1528,1.1559,-0.155,0.237,0.322,0.029,-0.066,-0.028,-0.0,-0.0,0.0,-0.12,-0.12,0.12,0.0,0.0,0.0,0.0,1.0
62780.0,-33.1607,-31.1542,1.1553,-0.1,0.238,0.582,0.022,-0.072,-0.026,0.0,-0.0,-0.0,-0.12,-0.12,0.12,0.0,0.0,0.0,0.0,1.0
62788.0,-33.1638,-31.1537,1.1522,-0.22,0.106,0.623,0.01,-0.042,-0.024,0.0,-0.0,-0.0,-0.12,-0.12,0.12,0.0,0.0,0.0,0.0,1.0
62796.0,-33.1615,-31.152,1.1525,0.199,-0.084,0.605,-0.005,-0.055,-0.016,0.0,-0.0,-0.0,-0.12,-0.12,0.12,0.0,0.0,0.0,0.0,1.0
62803.0,-33.1616,-31.1484,1.149,0.058,-0.009,0.248,-0.02,-0.026,0.004,0.0,-0.0,-0.0,-0.12,-0.12,0.12,0.0,0.0,0.0,0.0,1.0
62811.0,-33.1645,-31.1442,1.1422,-0.197,0.048,0.131,-0.025,-0.01,-0.011,-0.0,-0.0,-0.0,-0.12,-0.12,0.12,0.0,0.0,0.0,0.0,1.0
62819.0,-33.1642,-31.1418,1.1402,0.023,-0.129,0.299,-0.032,0.027,-0.004,-0.0,-0.0,-0.0,-0.12,-0.12,0.12,0.0,0.0,0.0,0.0,1.0
62827.0,-33.1633,-31.1412,1.1404,0.187,-0.177,0.078,-0.046,0.04,-0.006,-0.0,-0.0,-0.0,-0.12,-0.12,0.12,0.0,0.0,0.0,0.0,1.0
62835.0,-33.1624,-31.1435,1.1435,-0.068,0.007,-0.169,-0.037,0.058,-0.004,-0.0,-0.0,-0.0,-0.12,-0.12,0.12,0.0,0.0,0.0,0.0,1.0
62843.0,-33.1601,-31.1426,1.1447,0.167,-0.143,-0.147,-0.032,0.047,0.013,-0.0,-0.0,-0.0,-0.12,-0.12,0.12,0.0,0.0,0.0,0.0,1.0
62850.0,-33.1602,-31.1419,1.1438,-0.082,-0.062,0.021,-0.028,0.056,0.011,-0.0,-0.0,-0.0,-0.12,-0.12,0.12,0.0,0.0,0.0,0.0,1.0
62858.0,-33.1574,-31.1434,1.1478,-0.117,-0.097,-0.014,-0.005,0.036,0.015,-0.0,-0.0,-0.0,-0.12,-0.12,0.12,0.0,0.0,0.0,0.0,1.0
62866.0,-33.1546,-31.1429,1.1497,0.06,0.079,0.162,0.011,0.041,0.011,-0.0,0.0,-0.0,-0.12,-0.12,0.12,0.0,0.0,0.0,0.0,1.0
62873.0,-33.1528,-31.1439,1.1522,0.089,-0.171,0.171,0.026,0.017,-0.004,-0.0,0.0,-0.0,-0.12,-0.12,0.12,0.0,0.0,0.0,0.0,1.0
62881.0,-33.1507,-31.1435,1.1537,-0.08,-0.105,0.064,0.037,0.014,0.008,-0.0,0.0,-0.0,-0.12,-0.12,0.12,0.0,0.0,0.0,0.0,1.0
62889.0,-33.1521,-31.1433,1.1523,-0.01,0.052,0.048,0.054,-0.01,-0.012,-0.0,0.0,-0.0,-0.12,-0.12,0.12,0.0,0.0,0.0,0.0,1.0
62896.0,-33.1528,-31.1424,1.1509,0.04,-0.102,0.153,0.045,-0.024,-0.008,-0.0,0.0,-0.0,-0.12,-0.12,0.12,0.0,0.0,0.0,0.0,1.0
62904.0,-33.1526,-31.1416,1.1502,0.025,0.217,-0.046,0.026,-0.032,0.0,-0.0,0.0,-0.0,-0.12,-0.12,0.12,0.0,0.0,0.0,0.0,1.0
62912.0,-33.1511,-31.1405,1.1505,0.175,0.013,0.009,0.022,-0.034,-0.009,0.0,-0.0,-0.0,-0.12,-0.12,0.12,0.0,0.0,0.0,0.0,1.0
62920.0,-33.1502,-31.141,1.1518,0.154,-0.212,0.043,-0.009,-0.036,-0.009,0.0,-0.0,-0.0,-0.12,-0.12,0.12,0.0,0.0,0.0,0.0,1.0
62928.0,-33.1515,-31.1401,1.1497,0.089,0.218,-0.217,-0.017,-0.024,0.01,-0.0,-0.0,-0.0,-0.12,-0.12,0.12,0.0,0.0,0.0,0.0,1.0
62935.0,-33.1543,-31.1417,1.1488,-0.116,0.076,-0.187,-0.034,-0.006,0.01,-0.0,-0.0,-0.0,-0.12,-0.12,0.12,0.0,0.0,0.0,0.0,1.0
62943.0,-33.1551,-31.1399,1.1463,-0.131,0.136,-0.127,-0.037,-0.005,0.007,-0.0,-0.0,-0.0,-0.12,-0.12,0.12,0.0,0.0,0.0,0.0,1.0
62951.0,-33.1539,-31.141,1.1485,-0.031,-0.043,-0.047,-0.043,0.013,0.01,-0.0,-0.0,-0.0,-0.12,-0.12,0.12,0.0,0.0,0.0,0.0,1.0
62958.0,-33.1571,-31.1414,1.146,-0.061,0.163,-0.013,-0.034,0.022,0.005,-0.0,-0.0,-0.0,-0.12,-0.12,0.12,0.0,0.0,0.0,0.0,1.0
62966.0,-33.1579,-31.1427,1.1467,0.053,-0.206,0.136,-0.036,0.03,-0.004,-0.0,-0.0,-0.0,-0.12,-0.12,0.12,0.0,0.0,0.0,0.0,1.0
62974.0,-33.1599,-31.1437,1.1459,0.009,0.19,0.101,-0.014,0.018,-0.015,-0.0,-0.0,-0.0,-0.12,-0.12,0.12,0.0,0.0,0.0,0.0,1.0
62982.0,-33.1603,-31.1464,1.1481,0.094,0.027,0.283,-0.008,0.022,-0.007,-0.0,-0.0,-0.0,-0.12,-0.12,0.12,0.0,0.0,0.0,0.0,1.0
62990.0,-33.1586,-31.148,1.1512,0.144,-0.042,0.302,0.015,0.012,-0.006,-0.0,-0.0,-0.0,-0.12,-0.12,0.12,0.0,0.0,0.0,0.0,1.0
62997.0,-33.1559,-31.1458,1.1514,0.015,0.129,0.472,0.029,0.02,-0.015,-0.0,-0.0,-0.0,-0.12,-0.12,0.12,0.0,0.0,0.0,0.0,1.0
63005.0,-33.1549,-31.1448,1.1514,0.144,-0.084,0.345,0.023,-0.001,-0.004,-0.0,-0.0,-0.0,-0.12,-0.12,0.12,0.0,0.0,0.0,0.0,1.0
63013.0,-33.152,-31.142,1.1512,0.066,0.105,0.447,0.035,-0.006,-0.003,-0.0,-0.0,-0.0,-0.12,-0.12,0.12,0.0,0.0,0.0,0.0,1.0
63020.0,-33.1504,-31.1379,1.1486,-0.195,0.091,0.088,0.034,-0.016,-0.012,-0.0,-0.0,-0.0,-0.12,-0.12,0.12,0.0,0.0,0.0,0.0,1.0
63028.0,-33.1467,-31.1329,1.147,-0.059,0.164,-0.013,0.025,-0.009,-0.003,-0.0,-0.0,-0.0,-0.12,-0.12,0.12,0.0,0.0,0.0,0.0,1.0
63036.0,-33.1478,-31.1277,1.141,-0.271,0.299,-0.57,0.018,-0.022,0.004,-0.0,-0.0,-0.0,-0.12,-0.12,0.12,0.0,0.0,0.0,0.0,1.0
63044.0,-33.1506,-31.1234,1.1342,-0.086,0.088,-0.437,0.006,-0.021,0.011,-0.0,-0.0,-0.0,-0.12,-0.12,0.12,0.0,0.0,0.0,0.0,1.0
63052.0,-33.1523,-31.1205,1.1299,0.077,-0.133,-0.485,-0.005,-0.021,0.012,-0.0,-0.0,-0.0,-0.12,-0.12,0.12,0.0,0.0,0.0,0.0,1.0
63059.0,-33.1521,-31.119,1.1286,0.063,0.014,-0.512,-0.023,-0.007,0.015,-0.0,-0.0,-0.0,-0.12,-0.12,0.12,0.0,0.0,0.0,0.0,1.0
63067.0,-33.1527,-31.1192,1.1283,0.183,-0.156,-0.25,-0.027,0.0,0.003,-0.0,-0.0,-0.0,-0.12,-0.12,0.12,0.0,0.0,0.0,0.0,1.0
63075.0,-33.1534,-31.1227,1.1311,0.232,-0.182,-0.275,-0.025,0.018,0.011,-0.0,-0.0,-0.0,-0.12,-0.12,0.12,0.0,0.0,0.0,0.0,1.0
63083.0,-33.1541,-31.1267,1.1344,0.082,-0.28,-0.028,-0.027,0.012,-0.006,-0.0,-0.0,-0.0,-0.12,-0.12,0.12,0.0,0.0,0.0,0.0,1.0
63090.0,-33.154,-31.1306,1.1383,-0.181,-0.01,0.071,-0.026,0.015,-0.0,-0.0,-0.0,-0.0,-0.12,-0.12,0.12,0.0,0.0,0.0,0.0,1.0
63098.0,-33.1549,-31.1354,1.1422,-0.076,-0.035,0.306,-0.004,0.011,0.006,-0.0,-0.0,-0.0,-0.12,-0.12,0.12,0.0,0.0,0.0,0.0,1.0
63106.0,-33.156,-31.1371,1.1428,-0.055,0.103,0.358,0.012,0.006,0.005,-0.0,-0.0,-0.0,-0.12,-0.12,0.12,0.0,0.0,0.0,0.0,1.0
63114.0,-33.1571,-31.135,1.1398,-0.155,0.24,0.322,0.008,0.0,-0.01,-0.0,-0.0,-0.0,-0.12,-0.12,0.12,0.0,0.0,0.0,0.0,1.0
63122.0,-33.1547,-31.1384,1.1453,-0.075,0.007,0.263,0.018,0.004,-0.02,-0.0,-0.0,-0.0,-0.12,-0.12,0.12,0.0,0.0,0.0,0.0,1.0
63129.0,-33.1532,-31.137,1.1453,-0.054,0.06,0.401,0.031,0.003,-0.016,-0.0,-0.0,-0.0,-0.12,-0.12,0.12,0.0,0.0,0.0,0.0,1.0
63137.0,-33.1512,-31.1376,1.1475,0.16,-0.057,0.198,0.036,-0.006,-0.008,-0.0,-0.0,-0.0,-0.12,-0.12,0.12,0.0,0.0,0.0,0.0,1.0
63145.0,-33.1494,-31.1332,1.1448,0.096,0.029,0.283,0.031,-0.023,0.003,-0.0,-0.0,-0.0,-0.12,-0.12,0.12,0.0,0.0,0.0,0.0,1.0
63152.0,-33.1465,-31.13,1.1442,-0.15,0.042,-0.222,0.019,-0.014,-0.008,-0.0,-0.0,-0.0,-0.12,-0.12,0.12,0.0,0.0,0.0,0.0,1.0
63160.0,-33.1444,-31.1304,1.1465,0.091,0.004,-0.002,0.01,-0.008,-0.0,0.0,-0.0,-0.0,-0.12,-0.12,0.12,0.0,0.0,0.0,0.0,1.0
63168.0,-33.1432,-31.1267,1.1439,-0.1,-0.025,-0.204,-0.004,-0.003,-0.003,0.0,-0.0,-0.0,-0.12,-0.12,0.12,0.0,0.0,0.0,0.0,1.0
63176.0,-33.1425,-31.1255,1.1434,-0.064,-0.033,-0.126,-0.018,-0.014,0.006,-0.0,-0.0,-0.0,-0.12,-0.12,0.12,0.0,0.0,0.0,0.0,1.0
63183.0,-33.143,-31.1234,1.1409,0.05,-0.056,-0.322,-0.022,0.005,0.01,-0.0,-0.0,-0.0,-0.12,-0.12,0.12,0.0,0.0,0.0,0.0,1.0
63191.0,-33.1454,-31.1249,1.1403,-0.051,-0.05,-0.229,-0.024,0.005,0.006,-0.0,-0.0,-0.0,-0.12,-0.12,0.12,0.0,0.0,0.0,0.0,1.0
63199.0,-33.1494,-31.1282,1.14,-0.101,-0.112,-0.118,-0.015,0.008,0.017,-0.0,-0.0,-0.0,-0.12,-0.12,0.12,0.0,0.0,0.0,0.0,1.0
63207.0,-33.1502,-31.1291,1.1402,0.098,-0.125,-0.304,-0.013,0.014,0.01,-0.0,-0.0,-0.0,-0.12,-0.12,0.12,0.0,0.0,0.0,0.0,1.0
63215.0,-33.1523,-31.1307,1.1398,-0.067,0.009,-0.169,-0.01,0.009,0.016,-0.0,-0.0,-0.0,-0.12,-0.12,0.12,0.0,0.0,0.0,0.0,1.0
63222.0,-33.1516,-31.1342,1.1439,-0.066,0.181,-0.341,-0.006,0.011,-0.008,-0.0,-0.0,-0.0,-0.12,-0.12,0.12,0.0,0.0,0.0,0.0,1.0
63230.0,-33.1523,-31.1349,1.144,-0.152,-0.045,-0.136,0.003,0.022,-0.005,-0.0,-0.0,-0.0,-0.12,-0.12,0.12,0.0,0.0,0.0,0.0,1.0
63238.0,-33.1546,-31.1369,1.1439,-0.082,-0.061,0.021,0.008,0.023,0.004,-0.0,-0.0,-0.0,-0.12,-0.12,0.12,0.0,0.0,0.0,0.0,1.0
63245.0,-33.1507,-31.1351,1.1456,-0.06,0.164,-0.013,0.016,0.011,0.004,-0.0,-0.0,-0.0,-0.12,-0.12,0.12,0.0,0.0,0.0,0.0,1.0
63253.0,-33.1491,-31.1345,1.1464,0.16,0.03,0.112,0.032,0.007,-0.005,-0.0,-0.0,-0.0,-0.12,-0.12,0.12,0.0,0.0,0.0,0.0,1.0
63261.0,-33.1503,-31.1369,1.1477,-0.195,0.307,-0.128,0.031,0.005,-0.003,-0.0,0.0,-0.0,-0.12,-0.12,0.12,0.0,0.0,0.0,0.0,1.0
63269.0,-33.152,-31.1365,1.1458,0.139,-0.023,-0.027,0.014,-0.003,-0.001,-0.0,-0.0,-0.0,-0.12,-0.12,0.12,0.0,0.0,0.0,0.0,1.0
63277.0,-33.1539,-31.133,1.1407,-0.026,0.07,0.152,0.015,-0.006,-0.007,-0.0,-0.0,-0.0,-0.12,-0.12,0.12,0.0,0.0,0.0,0.0,1.0
63285.0,-33.1569,-31.1307,1.1358,0.038,0.115,-0.063,-0.004,-0.016,-0.001,-0.0,-0.0,-0.0,-0.12,-0.12,0.12,0.0,0.0,0.0,0.0,1.0
63292.0,-33.159,-31.1303,1.1336,-0.006,0.166,0.247,-0.022,0.001,-0.004,-0.0,-0.0,-0.0,-0.12,-0.12,0.12,0.0,0.0,0.0,0.0,1.0
63300.0,-33.1587,-31.1311,1.1347,0.178,0.083,0.251,-0.03,-0.012,-0.002,-0.0,-0.0,-0.0,-0.12,-0.12,0.12,0.0,0.0,0.0,0.0,1.0
63308.0,-33.1568,-31.1294,1.1346,0.158,0.031,0.112,-0.033,-0.002,-0.002,-0.0,-0.0,-0.0,-0.12,-0.12,0.12,0.0,0.0,0.0,0.0,1.0
63315.0,-33.1526,-31.1248,1.1338,-0.061,0.122,0.03,-0.043,-0.008,0.007,-0.0,-0.0,-0.0,-0.12,-0.12,0.12,0.0,0.0,0.0,0.0,1.0
63323.0,-33.1497,-31.1233,1.1349,0.01,0.322,-0.029,-0.024,0.0,0.013,-0.0,-0.0,-0.0,-0.12,-0.12,0.12,0.0,0.0,0.0,0.0,1.0
63331.0,-33.1458,-31.1231,1.1382,0.069,0.038,-0.227,-0.009,-0.011,0.009,-0.0,-0.0,-0.0,-0.12,-0.12,0.12,0.0,0.0,0.0,0.0,1.0
63339.0,-33.1508,-31.1205,1.1313,0.053,-0.203,0.136,0.001,0.009,-0.009,-0.0,-0.0,-0.0,-0.12,-0.12,0.12,0.0,0.0,0.0,0.0,1.0
63346.0,-33.1534,-31.1182,1.1267,-0.246,0.293,-0.06,0.019,-0.024,0.008,-0.0,-0.0,-0.0,-0.12,-0.12,0.12,0.0,0.0,0.0,0.0,1.0
63354.0,-33.1499,-31.1231,1.1346,0.303,-0.112,-0.205,0.026,-0.023,0.009,-0.0,-0.0,0.0,-0.12,-0.12,0.12,0.0,0.0,0.0,0.0,1.0
63362.0,-33.1483,-31.1238,1.1367,0.233,-0.312,-0.146,0.034,0.002,0.013,-0.0,-0.0,0.0,-0.12,-0.12,0.12,0.0,0.0,0.0,0.0,1.0
63370.0,-33.1517,-31.1221,1.132,-0.194,-0.277,-0.284,0.028,-0.006,0.003,-0.0,-0.0,0.0,-0.12,-0.12,0.12,0.0,0.0,0.0,0.0,1.0
63378.0,-33.1518,-31.1251,1.1349,-0.146,0.155,-0.024,0.032,-0.02,0.006,-0.0,-0.0,0.0,-0.12,-0.12,0.12,0.0,0.0,0.0,0.0,1.0
63385.0,-33.1508,-31.1315,1.142,-0.081,0.112,-0.152,0.027,-0.019,0.003,-0.0,-0.0,0.0,-0.12,-0.12,0.12,0.0,0.0,0.0,0.0,1.0
63393.0,-33.1511,-31.1328,1.143,-0.075,0.138,0.133,0.014,-0.011,-0.007,-0.0,-0.0,0.0,-0.12,-0.12,0.12,0.0,0.0,0.0,0.0,1.0
63401.0,-33.157,-31.1334,1.1383,-0.226,0.255,0.165,0.015,-0.015,-0.005,0.0,-0.0,0.0,-0.12,-0.12,0.12,0.0,0.0,0.0,0.0,1.0
63409.0,-33.1609,-31.13,1.1316,0.043,0.313,0.049,-0.021,0.003,-0.014,0.0,-0.0,0.0,-0.12,-0.12,0.12,0.0,0.0,0.0,0.0,1.0
63416.0,-33.1644,-31.1281,1.1267,-0.171,0.171,0.511,-0.012,0.018,-0.017,-0.0,-0.0,-0.0,-0.12,-0.12,0.12,0.0,0.0,0.0,0.0,1.0
63424.0,-33.1667,-31.1275,1.1241,-0.093,-0.061,0.452,-0.012,0.005,-0.007,-0.0,-0.0,-0.0,-0.12,-0.12,0.12,0.0,0.0,0.0,0.0,1.0
63432.0,-33.1663,-31.1279,1.1249,0.142,0.048,0.215,-0.007,0.019,-0.007,-0.0,-0.0,-0.0,-0.12,-0.12,0.12,0.0,0.0,0.0,0.0,1.0
63440.0,-33.1653,-31.1252,1.123,0.001,-0.222,0.204,-0.025,0.011,0.001,-0.0,-0.0,-0.0,-0.12,-0.12,0.12,0.0,0.0,0.0,0.0,1.0
63447.0,-33.1656,-31.1209,1.1187,-0.034,-0.17,0.082,-0.013,0.006,-0.005,-0.0,-0.0,-0.0,-0.12,-0.12,0.12,0.0,0.0,0.0,0.0,1.0
63455.0,-33.162,-31.1196,1.1206,-0.092,0.114,0.28,-0.001,0.017,0.006,-0.0,-0.0,-0.0,-0.12,-0.12,0.12,0.0,0.0,0.0,0.0,1.0
63463.0,-33.1563,-31.1228,1.1286,-0.138,-0.147,-0.153,-0.003,0.006,0.011,-0.0,-0.0,-0.0,-0.12,-0.12,0.12,0.0,0.0,0.0,0.0,1.0
63471.0,-33.1513,-31.1242,1.1345,-0.067,0.139,-0.298,0.008,0.009,0.017,-0.0,-0.0,-0.0,-0.12,-0.12,0.12,0.0,0.0,0.0,0.0,1.0
63479.0,-33.1485,-31.1238,1.1365,0.069,0.038,-0.227,0.013,0.002,0.011,-0.0,-0.0,-0.0,-0.12,-0.12,0.12,0.0,0.0,0.0,0.0,1.0
63486.0,-33.149,-31.1266,1.1388,0.033,0.132,-0.391,0.015,-0.007,0.005,-0.0,-0.0,-0.0,-0.12,-0.12,0.12,0.0,0.0,0.0,0.0,1.0
63494.0,-33.152,-31.1274,1.1369,-0.052,0.035,-0.315,0.008,0.003,0.009,-0.0,-0.0,-0.0,-0.12,-0.12,0.12,0.0,0.0,0.0,0.0,1.0
63502.0,-33.1537,-31.129,1.137,-0.046,0.147,-0.116,0.003,-0.032,0.008,-0.0,-0.0,0.0,-0.12,-0.12,0.12,0.0,0.0,0.0,0.0,1.0
63510.0,-33.1559,-31.1293,1.1354,-0.146,0.153,-0.023,0.013,-0.013,0.01,-0.0,-0.0,0.0,-0.12,-0.12,0.12,0.0,0.0,0.0,0.0,1.0
63517.0,-33.1569,-31.1326,1.1377,0.038,-0.016,0.067,-0.002,-0.027,0.006,-0.0,-0.0,0.0,-0.12,-0.12,0.12,0.0,0.0,0.0,0.0,1.0
63525.0,-33.1599,-31.1329,1.1353,0.208,-0.298,0.389,-0.005,-0.027,-0.013,-0.0,-0.0,0.0,-0.12,-0.12,0.12,0.0,0.0,0.0,0.0,1.0
63533.0,-33.1642,-31.1327,1.1314,-0.007,0.25,0.161,-0.007,-0.009,0.002,-0.0,-0.0,0.0,-0.12,-0.12,0.12,0.0,0.0,0.0,0.0,1.0
63541.0,-33.1654,-31.1326,1.1302,-0.028,0.026,0.195,-0.008,0.017,0.002,-0.0,-0.0,0.0,-0.12,-0.12,0.12,0.0,0.0,0.0,0.0,1.0
63549.0,-33.1665,-31.1319,1.1286,-0.049,-0.026,0.056,-0.01,0.005,-0.004,-0.0,-0.0,0.0,-0.12,-0.12,0.12,0.0,0.0,0.0,0.0,1.0
63556.0,-33.166,-31.1334,1.1305,0.107,0.14,0.051,-0.019,0.01,-0.014,-0.0,-0.0,-0.0,-0.12,-0.12,0.12,0.0,0.0,0.0,0.0,1.0
63565.0,-33.1679,-31.1346,1.13,-0.014,-0.078,0.178,0.001,0.012,0.005,-0.0,-0.0,-0.0,-0.12,-0.12,0.12,0.0,0.0,0.0,0.0,1.0
63572.0,-33.1692,-31.136,1.1302,0.106,0.097,0.094,-0.013,0.014,0.013,-0.0,-0.0,0.0,-0.12,-0.12,0.12,0.0,0.0,0.0,0.0,1.0
63580.0,-33.166,-31.1355,1.1324,0.235,-0.073,-0.076,-0.015,0.019,0.003,-0.0,-0.0,0.0,-0.12,-0.12,0.12,0.0,0.0,0.0,0.0,1.0
63588.0,-33.1645,-31.1377,1.1359,0.186,-0.049,-0.051,0.001,0.013,0.015,-0.0,-0.0,0.0,-0.12,-0.12,0.12,0.0,0.0,0.0,0.0,1.0
63596.0,-33.1645,-31.1388,1.137,-0.099,0.126,-0.048,0.003,0.014,-0.009,-0.0,-0.0,0.0,-0.12,-0.12,0.12,0.0,0.0,0.0,0.0,1.0
63603.0,-33.1648,-31.136,1.1341,-0.134,0.092,-0.084,0.01,-0.008,-0.009,-0.0,-0.0,0.0,-0.12,-0.12,0.12,0.0,0.0,0.0,0.0,1.0
63611.0,-33.165,-31.1371,1.135,0.092,0.07,0.24,0.014,-0.006,-0.009,-0.0,-0.0,-0.0,-0.12,-0.12,0.12,0.0,0.0,0.0,0.0,1.0
63619.0,-33.1642,-31.1342,1.1329,0.063,0.234,0.317,0.018,-0.028,0.007,-0.0,-0.0,-0.0,-0.12,-0.12,0.12,0.0,0.0,0.0,0.0,1.0
63626.0,-33.1638,-31.1314,1.1304,-0.107,0.214,0.297,0.011,-0.025,0.01,-0.0,-0.0,-0.0,-0.12,-0.12,0.12,0.0,0.0,0.0,0.0,1.0
63634.0,-33.1616,-31.1312,1.1322,-0.007,0.207,0.204,0.004,-0.026,-0.006,-0.0,-0.0,-0.0,-0.12,-0.12,0.12,0.0,0.0,0.0,0.0,1.0
63642.0,-33.1604,-31.13,1.132,-0.077,0.051,0.22,0.009,-0.023,-0.014,-0.0,-0.0,-0.0,-0.12,-0.12,0.12,0.0,0.0,0.0,0.0,1.0
63650.0,-33.1604,-31.1258,1.128,-0.013,0.096,0.005,0.01,-0.02,-0.007,-0.0,-0.0,-0.0,-0.12,-0.12,0.12,0.0,0.0,0.0,0.0,1.0
63658.0,-33.1589,-31.1239,1.1274,-0.068,-0.121,-0.039,0.009,-0.003,0.009,-0.0,-0.0,-0.0,-0.12,-0.12,0.12,0.0,0.0,0.0,0.0,1.0
63665.0,-33.1599,-31.1238,1.1264,0.066,-0.006,-0.183,0.009,0.016,-0.001,0.0,-0.0,-0.0,-0.12,-0.12,0.12,0.0,0.0,0.0,0.0,1.0
63673.0,-33.1589,-31.1254,1.1289,-0.048,0.147,-0.116,0.001,0.027,0.027,0.0,-0.0,0.0,-0.12,-0.12,0.12,0.0,0.0,0.0,0.0,1.0
63681.0,-33.1582,-31.1252,1.1293,0.046,0.028,-0.408,0.003,0.027,0.029,0.0,-0.0,0.0,-0.12,-0.12,0.12,0.0,0.0,0.0,0.0,1.0
63688.0,-33.1568,-31.1282,1.1334,0.117,-0.118,-0.122,0.01,0.032,0.001,0.0,-0.0,0.0,-0.12,-0.12,0.12,0.0,0.0,0.0,0.0,1.0
63696.0,-33.1584,-31.1297,1.1336,-0.004,-0.078,-0.254,-0.01,0.037,0.008,0.0,-0.0,0.0,-0.12,-0.12,0.12,0.0,0.0,0.0,0.0,1.0
63704.0,-33.1602,-31.1321,1.1344,0.222,-0.099,0.07,-0.012,0.007,0.001,0.0,-0.0,0.0,-0.12,-0.12,0.12,0.0,0.0,0.0,0.0,1.0
63712.0,-33.1656,-31.1316,1.129,-0.234,0.056,0.053,-0.016,-0.0,0.01,0.0,-0.0,0.0,-0.12,-0.12,0.12,0.0,0.0,0.0,0.0,1.0
63720.0,-33.1652,-31.1339,1.1317,-0.178,0.272,0.097,-0.015,-0.021,-0.006,-0.0,-0.0,0.0,-0.12,-0.12,0.12,0.0,0.0,0.0,0.0,1.0
63727.0,-33.165,-31.1346,1.1324,-0.063,0.032,0.116,-0.019,-0.041,-0.006,-0.0,-0.0,0.0,-0.12,-0.12,0.12,0.0,0.0,0.0,0.0,1.0
63735.0,-33.1642,-31.1361,1.1347,-0.007,0.163,0.247,-0.004,-0.044,0.008,-0.0,-0.0,0.0,-0.12,-0.12,0.12,0.0,0.0,0.0,0.0,1.0
63743.0,-33.1658,-31.1357,1.1329,0.142,0.045,0.215,-0.014,-0.031,-0.012,-0.0,-0.0,0.0,-0.12,-0.12,0.12,0.0,0.0,0.0,0.0,1.0
63751.0,-33.1657,-31.1366,1.1338,-0.277,0.105,0.363,-0.017,-0.028,-0.011,-0.0,-0.0,0.0,-0.12,-0.12,0.12,0.0,0.0,0.0,0.0,1.0
63758.0,-33.1639,-31.1346,1.1334,0.092,0.07,0.24,-0.012,-0.039,-0.015,-0.0,-0.0,0.0,-0.12,-0.12,0.12,0.0,0.0,0.0,0.0,1.0
63766.0,-33.1629,-31.1336,1.1334,-0.063,-0.011,0.16,-0.011,-0.019,-0.001,-0.0,-0.0,-0.0,-0.12,-0.12,0.12,0.0,0.0,0.0,0.0,1.0
63774.0,-33.1586,-31.1316,1.1353,-0.027,-0.062,0.281,-0.011,-0.005,0.001,-0.0,-0.0,-0.0,-0.12,-0.12,0.12,0.0,0.0,0.0,0.0,1.0
63782.0,-33.157,-31.1307,1.1357,0.173,0.055,-0.034,-0.009,0.011,0.003,-0.0,-0.0,-0.0,-0.12,-0.12,0.12,0.0,0.0,0.0,0.0,1.0
63790.0,-33.1544,-31.1255,1.133,-0.011,0.138,-0.038,-0.006,0.036,0.023,-0.0,-0.0,0.0,-0.12,-0.12,0.12,0.0,0.0,0.0,0.0,1.0
63797.0,-33.1529,-31.1217,1.1307,-0.131,0.051,-0.04,0.004,0.05,0.011,-0.0,-0.0,0.0,-0.12,-0.12,0.12,0.0,0.0,0.0,0.0,1.0
63805.0,-33.1538,-31.1206,1.1287,0.018,0.062,-0.202,0.003,0.058,-0.005,-0.0,-0.0,0.0,-0.12,-0.12,0.12,0.0,0.0,0.0,0.0,1.0
63813.0,-33.1511,-31.1208,1.1313,0.153,0.048,-0.216,0.012,0.056,0.018,-0.0,-0.0,0.0,-0.12,-0.12,0.12,0.0,0.0,0.0,0.0,1.0
63820.0,-33.1488,-31.1195,1.1321,-0.037,-0.111,-0.289,0.006,0.042,0.001,-0.0,0.0,0.0,-0.12,-0.12,0.12,0.0,0.0,0.0,0.0,1.0
63828.0,-33.1489,-31.1186,1.1311,-0.066,0.095,-0.255,0.012,0.039,0.014,-0.0,0.0,0.0,-0.12,-0.12,0.12,0.0,0.0,0.0,0.0,1.0
63836.0,-33.151,-31.1186,1.1293,-0.152,0.085,-0.265,0.004,0.004,0.01,-0.0,0.0,0.0,-0.12,-0.12,0.12,0.0,0.0,0.0,0.0,1.0
63844.0,-33.1521,-31.1218,1.1314,-0.266,-0.022,0.06,-0.001,-0.019,0.002,-0.0,0.0,0.0,-0.12,-0.12,0.12,0.0,0.0,0.0,0.0,1.0
63852.0,-33.1541,-31.1237,1.1315,-0.132,-0.037,0.046,-0.0,-0.035,0.004,-0.0,0.0,0.0,-0.12,-0.12,0.12,0.0,0.0,0.0,0.0,1.0
63859.0,-33.1572,-31.1257,1.1307,-0.056,0.232,0.229,0.001,-0.044,-0.006,-0.0,-0.0,0.0,-0.12,-0.12,0.12,0.0,0.0,0.0,0.0,1.0
63867.0,-33.1589,-31.1286,1.132,0.129,0.019,0.362,0.001,-0.032,-0.014,-0.0,-0.0,0.0,-0.12,-0.12,0.12,0.0,0.0,0.0,0.0,1.0
63875.0,-33.1588,-31.1332,1.1365,0.023,-0.044,0.213,-0.005,-0.051,0.002,-0.0,-0.0,0.0,-0.12,-0.12,0.12,0.0,0.0,0.0,0.0,1.0
63882.0,-33.1593,-31.1315,1.1345,-0.162,0.039,0.209,-0.008,-0.049,-0.004,-0.0,-0.0,0.0,-0.12,-0.12,0.12,0.0,0.0,0.0,0.0,1.0
63890.0,-33.1585,-31.1314,1.1351,0.023,-0.044,0.213,-0.003,-0.03,-0.02,-0.0,-0.0,0.0,-0.12,-0.12,0.12,0.0,0.0,0.0,0.0,1.0
63898.0,-33.1577,-31.1304,1.1349,0.058,-0.051,0.291,-0.002,-0.018,0.003,-0.0,-0.0,-0.0,-0.12,-0.12,0.12,0.0,0.0,0.0,0.0,1.0
63906.0,-33.1557,-31.1317,1.1378,0.088,-0.086,0.085,0.014,-0.009,-0.004,-0.0,-0.0,-0.0,-0.12,-0.12,0.12,0.0,0.0,0.0,0.0,1.0
63914.0,-33.1556,-31.1294,1.1357,-0.147,0.109,0.02,0.007,0.013,-0.006,-0.0,-0.0,-0.0,-0.12,-0.12,0.12,0.0,0.0,0.0,0.0,1.0
63922.0,-33.1541,-31.1277,1.1353,0.024,0.216,-0.046,0.011,0.028,0.002,-0.0,-0.0,-0.0,-0.12,-0.12,0.12,0.0,0.0,0.0,0.0,1.0
63929.0,-33.1532,-31.1271,1.1356,0.018,-0.026,-0.115,0.0,0.037,0.009,-0.0,-0.0,-0.0,-0.12,-0.12,0.12,0.0,0.0,0.0,0.0,1.0
63937.0,-33.1551,-31.1276,1.1344,-0.089,-0.045,-0.307,-0.002,0.051,0.005,-0.0,-0.0,0.0,-0.12,-0.12,0.12,0.0,0.0,0.0,0.0,1.0
63945.0,-33.1559,-31.1268,1.1328,-0.018,0.025,-0.237,-0.002,0.056,0.002,-0.0,-0.0,0.0,-0.12,-0.12,0.12,0.0,0.0,0.0,0.0,1.0
63952.0,-33.1544,-31.1295,1.1368,0.123,0.079,-0.009,-0.009,0.038,0.006,-0.0,-0.0,0.0,-0.12,-0.12,0.12,0.0,0.0,0.0,0.0,1.0
63960.0,-33.1567,-31.1293,1.1347,0.002,0.034,-0.055,0.0,0.027,0.004,-0.0,-0.0,0.0,-0.12,-0.12,0.12,0.0,0.0,0.0,0.0,1.0
63968.0,-33.1569,-31.1278,1.133,0.023,0.043,0.127,0.006,0.012,-0.009,-0.0,0.0,0.0,-0.12,-0.12,0.12,0.0,0.0,0.0,0.0,1.0
63976.0,-33.157,-31.1274,1.1326,0.137,-0.11,0.06,-0.004,-0.008,0.0,-0.0,0.0,0.0,-0.12,-0.12,0.12,0.0,0.0,0.0,0.0,1.0
63984.0,-33.1563,-31.1284,1.134,0.058,0.035,0.205,0.001,-0.025,-0.01,-0.0,-0.0,0.0,-0.12,-0.12,0.12,0.0,0.0,0.0,0.0,1.0
63991.0,-33.1589,-31.1305,1.1339,0.072,-0.112,0.231,-0.005,-0.027,-0.006,-0.0,-0.0,-0.0,-0.12,-0.12,0.12,0.0,0.0,0.0,0.0,1.0
63999.0,-33.1597,-31.1301,1.1328,0.078,0.173,0.257,-0.017,-0.028,-0.014,-0.0,-0.0,-0.0,-0.12,-0.12,0.12,0.0,0.0,0.0,0.0,1.0
64007.0,-33.16,-31.1331,1.1354,0.142,0.088,0.172,-0.019,-0.033,-0.005,-0.0,-0.0,-0.0,-0.12,-0.12,0.12,0.0,0.0,0.0,0.0,1.0
64014.0,-33.1587,-31.1354,1.1388,0.087,-0.044,0.042,-0.015,-0.032,-0.009,-0.0,-0.0,-0.0,-0.12,-0.12,0.12,0.0,0.0,0.0,0.0,1.0
64022.0,-33.1579,-31.1357,1.1398,-0.013,0.006,0.091,-0.009,-0.026,-0.009,-0.0,-0.0,-0.0,-0.12,-0.12,0.12,0.0,0.0,0.0,0.0,1.0
64030.0,-33.1565,-31.1362,1.1416,-0.054,-0.142,-0.142,0.006,-0.014,0.013,-0.0,-0.0,-0.0,-0.12,-0.12,0.12,0.0,0.0,0.0,0.0,1.0
64038.0,-33.1543,-31.1366,1.1439,-0.082,0.065,-0.108,0.012,-0.003,0.0,-0.0,-0.0,-0.0,-0.12,-0.12,0.12,0.0,0.0,0.0,0.0,1.0
64046.0,-33.1543,-31.1356,1.1429,-0.047,0.187,-0.16,0.025,0.008,0.005,-0.0,-0.0,-0.0,-0.12,-0.12,0.12,0.0,0.0,0.0,0.0,1.0
64054.0,-33.1533,-31.1345,1.1428,0.102,-0.061,-0.062,0.017,-0.0,0.012,-0.0,-0.0,0.0,-0.12,-0.12,0.12,0.0,0.0,0.0,0.0,1.0
64061.0,-33.1532,-31.1328,1.1411,0.102,-0.06,-0.062,0.006,0.003,0.001,-0.0,-0.0,0.0,-0.12,-0.12,0.12,0.0,0.0,0.0,0.0,1.0
64069.0,-33.1536,-31.1326,1.1406,0.003,-0.054,0.031,0.029,0.027,0.001,-0.0,-0.0,0.0,-0.12,-0.12,0.12,0.0,0.0,0.0,0.0,1.0
64077.0,-33.1521,-31.1315,1.1408,0.173,-0.033,0.052,-0.007,0.026,0.001,-0.0,-0.0,0.0,-0.12,-0.12,0.12,0.0,0.0,0.0,0.0,1.0
64084.0,-33.1503,-31.1323,1.1432,-0.047,0.058,-0.03,0.007,0.032,0.011,-0.0,-0.0,0.0,-0.12,-0.12,0.12,0.0,0.0,0.0,0.0,1.0
64092.0,-33.1505,-31.1316,1.1423,0.088,-0.0,-0.002,-0.012,0.012,-0.007,-0.0,-0.0,0.0,-0.12,-0.12,0.12,0.0,0.0,0.0,0.0,1.0
64100.0,-33.1526,-31.1331,1.142,-0.111,0.099,0.098,-0.014,0.008,0.007,-0.0,-0.0,0.0,-0.12,-0.12,0.12,0.0,0.0,0.0,0.0,1.0
64108.0,-33.1527,-31.1319,1.1407,0.094,0.198,0.111,-0.008,-0.007,0.005,-0.0,-0.0,0.0,-0.12,-0.12,0.12,0.0,0.0,0.0,0.0,1.0
64116.0,-33.1545,-31.1329,1.14,-0.027,0.066,0.152,-0.015,-0.012,0.004,-0.0,-0.0,0.0,-0.12,-0.12,0.12,0.0,0.0,0.0,0.0,1.0
64124.0,-33.1558,-31.1302,1.1363,0.052,0.094,-0.166,-0.011,-0.011,0.007,-0.0,-0.0,0.0,-0.12,-0.12,0.12,0.0,0.0,0.0,0.0,1.0
64131.0,-33.1568,-31.129,1.1342,-0.112,0.1,0.098,-0.003,-0.012,-0.002,-0.0,-0.0,0.0,-0.12,-0.12,0.12,0.0,0.0,0.0,0.0,1.0
64139.0,-33.158,-31.1279,1.1321,0.137,-0.068,0.017,-0.013,-0.024,-0.006,-0.0,-0.0,0.0,-0.12,-0.12,0.12,0.0,0.0,0.0,0.0,1.0
64147.0,-33.1584,-31.1299,1.1338,-0.183,-0.014,0.071,-0.009,-0.02,0.001,-0.0,-0.0,0.0,-0.12,-0.12,0.12,0.0,0.0,0.0,0.0,1.0
64155.0,-33.1578,-31.133,1.1373,0.122,-0.052,0.12,0.003,-0.007,0.01,-0.0,-0.0,0.0,-0.12,-0.12,0.12,0.0,0.0,0.0,0.0,1.0
64163.0,-33.1555,-31.1342,1.1405,0.137,-0.069,0.017,0.018,-0.006,0.008,-0.0,-0.0,0.0,-0.12,-0.12,0.12,0.0,0.0,0.0,0.0,1.0
64170.0,-33.1554,-31.1328,1.1392,0.102,-0.104,-0.018,0.018,-0.005,0.005,-0.0,-0.0,0.0,-0.12,-0.12,0.12,0.0,0.0,0.0,0.0,1.0
64178.0,-33.1595,-31.1317,1.1345,-0.098,0.125,-0.048,0.011,0.015,-0.01,-0.0,-0.0,0.0,-0.12,-0.12,0.12,0.0,0.0,0.0,0.0,1.0
64186.0,-33.1575,-31.1318,1.1364,0.057,0.12,0.119,-0.003,0.015,-0.015,-0.0,-0.0,0.0,-0.12,-0.12,0.12,0.0,0.0,0.0,0.0,1.0
64194.0,-33.1572,-31.131,1.1359,-0.113,0.185,0.012,0.007,0.017,-0.006,-0.0,-0.0,0.0,-0.12,-0.12,0.12,0.0,0.0,0.0,0.0,1.0
64201.0,-33.1569,-31.1285,1.1337,0.198,0.175,0.346,0.001,0.022,0.001,-0.0,-0.0,0.0,-0.12,-0.12,0.12,0.0,0.0,0.0,0.0,1.0
64209.0,-33.156,-31.1287,1.1346,-0.028,0.153,0.065,0.002,0.028,0.013,-0.0,-0.0,0.0,-0.12,-0.12,0.12,0.0,0.0,0.0,0.0,1.0
64217.0,-33.1561,-31.1296,1.1354,0.051,-0.079,0.006,-0.004,0.027,-0.002,-0.0,-0.0,0.0,-0.12,-0.12,0.12,0.0,0.0,0.0,0.0,1.0
64225.0,-33.1518,-31.1304,1.14,-0.027,0.152,0.065,-0.016,0.015,0.01,-0.0,-0.0,0.0,-0.12,-0.12,0.12,0.0,0.0,0.0,0.0,1.0
64233.0,-33.1494,-31.1329,1.1446,0.038,-0.019,0.067,-0.017,-0.005,0.012,-0.0,-0.0,0.0,-0.12,-0.12,0.12,0.0,0.0,0.0,0.0,1.0
64240.0,-33.1506,-31.1326,1.1432,0.017,0.015,-0.158,-0.007,-0.016,-0.005,-0.0,-0.0,0.0,-0.12,-0.12,0.12,0.0,0.0,0.0,0.0,1.0
64248.0,-33.1537,-31.1296,1.1376,-0.139,-0.152,-0.153,-0.02,-0.021,0.004,-0.0,-0.0,0.0,-0.12,-0.12,0.12,0.0,0.0,0.0,0.0,1.0
64256.0,-33.1576,-31.1296,1.1341,-0.254,-0.085,0.0,-0.023,-0.025,-0.002,-0.0,-0.0,0.0,-0.12,-0.12,0.12,0.0,0.0,0.0,0.0,1.0
64264.0,-33.1582,-31.1287,1.1328,-0.063,0.204,-0.056,-0.004,-0.032,0.003,-0.0,-0.0,0.0,-0.12,-0.12,0.12,0.0,0.0,0.0,0.0,1.0
64271.0,-33.1574,-31.129,1.1338,-0.133,0.09,-0.084,0.004,-0.018,0.002,-0.0,-0.0,0.0,-0.12,-0.12,0.12,0.0,0.0,0.0,0.0,1.0
64279.0,-33.1572,-31.1286,1.1335,0.101,-0.061,-0.062,-0.007,-0.016,0.017,-0.0,-0.0,0.0,-0.12,-0.12,0.12,0.0,0.0,0.0,0.0,1.0
64287.0,-33.1589,-31.1295,1.1328,0.371,-0.004,-0.177,0.01,0.001,0.001,-0.0,-0.0,0.0,-0.12,-0.12,0.12,0.0,0.0,0.0,0.0,1.0
64294.0,-33.1617,-31.1288,1.1298,0.1,-0.061,-0.062,0.006,0.013,-0.006,-0.0,-0.0,0.0,-0.12,-0.12,0.12,0.0,0.0,0.0,0.0,1.0
64302.0,-33.1612,-31.1303,1.1317,0.036,0.11,-0.063,0.017,0.015,-0.001,-0.0,-0.0,0.0,-0.12,-0.12,0.12,0.0,0.0,0.0,0.0,1.0
64310.0,-33.1572,-31.1338,1.1386,0.072,-0.071,0.188,0.021,0.021,-0.001,-0.0,-0.0,0.0,-0.12,-0.12,0.12,0.0,0.0,0.0,0.0,1.0
64318.0,-33.1542,-31.1356,1.143,0.072,0.188,-0.071,0.009,0.023,0.002,-0.0,-0.0,0.0,-0.12,-0.12,0.12,0.0,0.0,0.0,0.0,1.0
64326.0,-33.1521,-31.1385,1.1476,-0.048,-0.031,0.056,0.005,0.038,0.006,-0.0,-0.0,0.0,-0.12,-0.12,0.12,0.0,0.0,0.0,0.0,1.0
64333.0,-33.1525,-31.1393,1.1481,0.087,0.041,-0.045,-0.004,0.034,0.003,-0.0,-0.0,0.0,-0.12,-0.12,0.12,0.0,0.0,0.0,0.0,1.0
64341.0,-33.1567,-31.1386,1.1437,-0.198,0.044,0.131,-0.021,0.014,-0.005,-0.0,-0.0,0.0,-0.12,-0.12,0.12,0.0,0.0,0.0,0.0,1.0
64349.0,-33.1571,-31.1372,1.142,-0.248,0.155,0.07,-0.017,0.008,-0.007,-0.0,-0.0,0.0,-0.12,-0.12,0.12,0.0,0.0,0.0,0.0,1.0
64357.0,-33.1563,-31.1381,1.1435,-0.183,-0.017,0.071,-0.018,-0.003,0.001,-0.0,-0.0,0.0,-0.12,-0.12,0.12,0.0,0.0,0.0,0.0,1.0
64364.0,-33.1559,-31.1341,1.14,-0.204,-0.068,-0.068,-0.019,-0.007,-0.01,-0.0,-0.0,0.0,-0.12,-0.12,0.12,0.0,0.0,0.0,0.0,1.0
64372.0,-33.1581,-31.1308,1.1349,-0.048,0.186,-0.16,-0.006,-0.015,0.002,-0.0,-0.0,0.0,-0.12,-0.12,0.12,0.0,0.0,0.0,0.0,1.0
64380.0,-33.1575,-31.1292,1.1338,-0.034,-0.046,-0.047,-0.009,-0.019,-0.004,-0.0,-0.0,0.0,-0.12,-0.12,0.12,0.0,0.0,0.0,0.0,1.0
64388.0,-33.1584,-31.1283,1.1321,-0.183,0.072,-0.015,-0.013,-0.015,0.008,-0.0,-0.0,0.0,-0.12,-0.12,0.12,0.0,0.0,0.0,0.0,1.0
64396.0,-33.1565,-31.1278,1.1334,0.102,0.026,-0.148,-0.0,-0.005,-0.001,-0.0,-0.0,0.0,-0.12,-0.12,0.12,0.0,0.0,0.0,0.0,1.0
64403.0,-33.1583,-31.1257,1.1297,0.136,0.061,-0.113,0.001,-0.024,-0.006,-0.0,-0.0,0.0,-0.12,-0.12,0.12,0.0,0.0,0.0,0.0,1.0
64411.0,-33.16,-31.1254,1.128,-0.055,-0.098,-0.186,0.013,-0.01,0.005,-0.0,-0.0,0.0,-0.12,-0.12,0.12,0.0,0.0,0.0,0.0,1.0
64419.0,-33.1619,-31.1292,1.13,0.03,-0.131,-0.132,0.017,0.0,0.015,-0.0,-0.0,0.0,-0.12,-0.12,0.12,0.0,0.0,0.0,0.0,1.0
64426.0,-33.1633,-31.1314,1.1309,0.065,-0.183,-0.011,0.005,-0.0,0.014,-0.0,-0.0,0.0,-0.12,-0.12,0.12,0.0,0.0,0.0,0.0,1.0
64434.0,-33.1608,-31.1337,1.1353,0.071,0.059,0.059,0.002,0.006,0.012,-0.0,-0.0,0.0,-0.12,-0.12,0.12,0.0,0.0,0.0,0.0,1.0
64442.0,-33.1575,-31.1376,1.142,0.101,-0.106,-0.018,0.012,0.018,0.002,-0.0,-0.0,0.0,-0.12,-0.12,0.12,0.0,0.0,0.0,0.0,1.0
64450.0,-33.1562,-31.1404,1.1459,0.072,-0.072,0.188,0.015,0.018,-0.011,-0.0,-0.0,0.0,-0.12,-0.12,0.12,0.0,0.0,0.0,0.0,1.0
64458.0,-33.1562,-31.1408,1.1463,0.028,0.238,0.239,-0.0,-0.0,-0.015,-0.0,-0.0,0.0,-0.12,-0.12,0.12,0.0,0.0,0.0,0.0,1.0
64465.0,-33.1551,-31.1417,1.1482,0.014,0.082,0.515,0.001,0.005,0.002,-0.0,-0.0,0.0,-0.12,-0.12,0.12,0.0,0.0,0.0,0.0,1.0
64473.0,-33.1541,-31.1401,1.1474,-0.127,0.07,0.245,-0.002,-0.006,0.005,-0.0,-0.0,0.0,-0.12,-0.12,0.12,0.0,0.0,0.0,0.0,1.0
64481.0,-33.153,-31.1404,1.1487,-0.012,0.004,0.092,-0.002,0.0,0.002,-0.0,-0.0,0.0,-0.12,-0.12,0.12,0.0,0.0,0.0,0.0,1.0
64488.0,-33.1511,-31.1361,1.1462,-0.047,-0.031,0.056,-0.005,0.007,-0.01,-0.0,-0.0,0.0,-0.12,-0.12,0.12,0.0,0.0,0.0,0.0,1.0
64496.0,-33.1489,-31.1367,1.1487,-0.117,0.157,-0.273,-0.002,0.008,0.015,-0.0,-0.0,0.0,-0.12,-0.12,0.12,0.0,0.0,0.0,0.0,1.0
64504.0,-33.1528,-31.1346,1.1433,0.067,-0.054,-0.14,-0.014,0.015,0.027,-0.0,-0.0,0.0,-0.12,-0.12,0.12,0.0,0.0,0.0,0.0,1.0
