152968	21.399	-0.560	-22.337	-0.60	-0.04	-0.48	-0.008	0.019	-0.031	-0.000	-0.000	-0.000	0.1200	-0.1200	-0.1200	0.0000	0.0000	0.0000	0	1.00	0.2624	0.2264	-0.4830	1.390	0
152976	21.397	-0.559	-22.334	-0.17	-0.07	-0.34	-0.017	0.009	-0.041	-0.000	-0.000	-0.000	0.1200	-0.1200	-0.1200	0.0000	0.0000	0.0000	0	1.00	0.2624	0.2264	-0.4830	1.390	0
152984	21.397	-0.557	-22.332	-0.29	0.21	-0.40	-0.013	0.044	-0.033	-0.000	-0.000	-0.000	0.1200	-0.1200	-0.1200	0.0000	0.0000	0.0000	0	1.00	0.2624	0.2264	-0.4830	1.390	0
152992	21.388	-0.563	-22.329	-0.53	-0.38	-0.30	0.003	0.025	-0.041	-0.000	-0.000	-0.000	0.1200	-0.1200	-0.1200	0.0000	0.0000	0.0000	0	1.00	0.2624	0.2264	-0.4830	1.390	0
153000	21.393	-0.560	-22.331	-0.23	-0.16	-0.51	0.022	0.043	-0.027	-0.000	-0.000	-0.000	0.1200	-0.1200	-0.1200	0.0000	0.0000	0.0000	0	1.00	0.2624	0.2264	-0.4830	1.390	0
153008	21.396	-0.556	-22.331	-0.31	-0.17	-0.52	0.016	-0.015	0.001	-0.000	-0.000	-0.000	0.1200	-0.1200	-0.1200	0.0000	0.0000	0.0000	0	1.00	0.2624	0.2264	-0.4830	1.390	0
153015	21.397	-0.562	-22.337	-0.46	-0.27	-0.28	0.032	-0.040	0.012	-0.000	-0.000	-0.000	0.1200	-0.1200	-0.1200	0.0000	0.0000	0.0000	0	1.00	0.2624	0.2264	-0.4830	1.390	0
t_ms	phi_x_deg	phi_y_deg	phi_z_deg	om_x_dps	om_y_dps	om_z_dps	rho_x	rho_y	rho_z	rho_x_lp	rho_y_lp	rho_z_lp	tau_x	tau_y	tau_z	tau_cmd_x	tau_cmd_y	tau_cmd_z	armed	gain_scale	trim_x_deg	trim_y_deg	trim_z_deg	trim_com_mm	trim_enabled
# state=DISARMED mode=CORNER armed=0 halted=0
153026	21.398	-0.566	-22.341	-0.60	-0.30	-0.22	0.021	-0.011	0.028	-0.000	-0.000	-0.000	0.1200	-0.1200	-0.1200	0.0000	0.0000	0.0000	0	1.00	0.2624	0.2264	-0.4830	1.390	0
153034	21.401	-0.566	-22.345	-0.41	-0.12	-0.48	0.016	-0.026	0.031	0.000	-0.000	-0.000	0.1200	-0.1200	-0.1200	0.0000	0.0000	0.0000	0	1.00	0.2624	0.2264	-0.4830	1.390	0
153042	21.403	-0.565	-22.345	-0.60	-0.34	-0.18	0.018	-0.024	0.050	0.000	-0.000	-0.000	0.1200	-0.1200	-0.1200	0.0000	0.0000	0.0000	0	1.00	0.2624	0.2264	-0.4830	1.390	0
153050	21.404	-0.562	-22.344	-0.50	-0.35	-0.27	0.000	-0.015	0.026	0.000	-0.000	-0.000	0.1200	-0.1200	-0.1200	0.0000	0.0000	0.0000	0	1.00	0.2624	0.2264	-0.4830	1.390	0
153058	21.403	-0.563	-22.344	0.00	-0.31	-0.06	-0.003	0.001	0.014	0.000	-0.000	-0.000	0.1200	-0.1200	-0.1200	0.0000	0.0000	0.0000	0	1.00	0.2624	0.2264	-0.4830	1.390	0
153066	21.397	-0.567	-22.342	-0.48	-0.41	-0.33	-0.012	-0.018	0.008	0.000	-0.000	-0.000	0.1200	-0.1200	-0.1200	0.0000	0.0000	0.0000	0	1.00	0.2624	0.2264	-0.4830	1.390	0
153074	21.391	-0.569	-22.337	-0.56	-0.46	-0.73	-0.016	0.026	-0.001	-0.000	-0.000	-0.000	0.1200	-0.1200	-0.1200	0.0000	0.0000	0.0000	0	1.00	0.2624	0.2264	-0.4830	1.390	0
153082	21.389	-0.568	-22.334	-0.46	-0.23	-0.32	-0.030	0.010	-0.005	-0.000	-0.000	-0.000	0.1200	-0.1200	-0.1200	0.0000	0.0000	0.0000	0	1.00	0.2624	0.2264	-0.4830	1.390	0
153089	21.387	-0.571	-22.335	-0.48	-0.24	-0.50	-0.017	0.038	-0.005	-0.000	-0.000	-0.000	0.1200	-0.1200	-0.1200	0.0000	0.0000	0.0000	0	1.00	0.2624	0.2264	-0.4830	1.390	0
153097	21.384	-0.576	-22.336	-0.38	-0.39	-0.14	-0.009	0.049	-0.013	-0.000	-0.000	-0.000	0.1200	-0.1200	-0.1200	0.0000	0.0000	0.0000	0	1.00	0.2624	0.2264	-0.4830	1.390	0
153105	21.386	-0.579	-22.340	-0.16	-0.13	-0.40	0.012	-0.006	-0.020	-0.000	-0.000	-0.000	0.1200	-0.1200	-0.1200	0.0000	0.0000	0.0000	0	1.00	0.2624	0.2264	-0.4830	1.390	0
153113	21.384	-0.583	-22.342	0.05	-0.04	-0.39	0.017	-0.023	-0.004	-0.000	-0.000	-0.000	0.1200	-0.1200	-0.1200	0.0000	0.0000	0.0000	0	1.00	0.2624	0.2264	-0.4830	1.390	0
153121	21.387	-0.579	-22.342	-0.59	0.07	-0.28	0.022	-0.007	-0.013	-0.000	-0.000	-0.000	0.1200	-0.1200	-0.1200	0.0000	0.0000	0.0000	0	1.00	0.2624	0.2264	-0.4830	1.390	0
153129	21.391	-0.577	-22.344	-0.26	0.05	-0.48	0.029	-0.027	0.005	0.000	-0.000	-0.000	0.1200	-0.1200	-0.1200	0.0000	0.0000	0.0000	0	1.00	0.2624	0.2264	-0.4830	1.390	0
153137	21.393	-0.577	-22.346	-0.46	-0.10	-0.45	0.029	-0.004	0.004	0.000	-0.000	-0.000	0.1200	-0.1200	-0.1200	0.0000	0.0000	0.0000	0	1.00	0.2624	0.2264	-0.4830	1.390	0
153145	21.393	-0.582	-22.351	-0.28	-0.09	-0.53	0.017	-0.012	-0.000	0.000	-0.000	-0.000	0.1200	-0.1200	-0.1200	0.0000	0.0000	0.0000	0	1.00	0.2624	0.2264	-0.4830	1.390	0
153153	21.396	-0.581	-22.353	-0.51	-0.03	-0.47	0.002	-0.005	0.002	0.000	-0.000	-0.000	0.1200	-0.1200	-0.1200	0.0000	0.0000	0.0000	0	1.00	0.2624	0.2264	-0.4830	1.390	0
153161	21.392	-0.579	-22.347	-0.24	-0.40	-0.15	-0.010	-0.013	0.001	0.000	-0.000	-0.000	0.1200	-0.1200	-0.1200	0.0000	0.0000	0.0000	0	1.00	0.2624	0.2264	-0.4830	1.390	0
153169	21.390	-0.580	-22.346	-0.29	-0.33	-0.17	-0.012	0.004	0.009	0.000	-0.000	-0.000	0.1200	-0.1200	-0.1200	0.0000	0.0000	0.0000	0	1.00	0.2624	0.2264	-0.4830	1.390	0
153177	21.389	-0.581	-22.346	-0.50	-0.43	-0.18	-0.021	0.023	0.005	0.000	-0.000	-0.000	0.1200	-0.1200	-0.1200	0.0000	0.0000	0.0000	0	1.00	0.2624	0.2264	-0.4830	1.390	0
153185	21.390	-0.580	-22.346	-0.41	-0.16	-0.43	-0.025	0.031	0.025	0.000	-0.000	-0.000	0.1200	-0.1200	-0.1200	0.0000	0.0000	0.0000	0	1.00	0.2624	0.2264	-0.4830	1.390	0
153193	21.382	-0.590	-22.348	-0.46	-0.55	-0.73	-0.017	0.024	0.039	-0.000	-0.000	-0.000	0.1200	-0.1200	-0.1200	0.0000	0.0000	0.0000	0	1.00	0.2624	0.2264	-0.4830	1.390	0
153201	21.383	-0.592	-22.350	-0.60	-0.28	-0.55	-0.007	0.010	0.032	-0.000	-0.000	-0.000	0.1200	-0.1200	-0.1200	0.0000	0.0000	0.0000	0	1.00	0.2624	0.2264	-0.4830	1.390	0
153209	21.379	-0.601	-22.354	-0.28	-0.27	-0.36	-0.004	-0.001	0.028	-0.000	-0.000	0.000	0.1200	-0.1200	-0.1200	0.0000	0.0000	0.0000	0	1.00	0.2624	0.2264	-0.4830	1.390	0
153217	21.379	-0.602	-22.356	-0.43	-0.06	-0.42	-0.002	-0.044	0.013	-0.000	-0.000	0.000	0.1200	-0.1200	-0.1200	0.0000	0.0000	0.0000	0	1.00	0.2624	0.2264	-0.4830	1.390	0
153225	21.382	-0.602	-22.358	-0.36	-0.04	-0.30	0.015	-0.042	-0.014	-0.000	-0.000	0.000	0.1200	-0.1200	-0.1200	0.0000	0.0000	0.0000	0	1.00	0.2624	0.2264	-0.4830	1.390	0
153233	21.383	-0.604	-22.361	-0.57	-0.07	-0.69	0.002	-0.024	-0.024	-0.000	-0.000	0.000	0.1200	-0.1200	-0.1200	0.0000	0.0000	0.0000	0	1.00	0.2624	0.2264	-0.4830	1.390	0
153241	21.384	-0.604	-22.362	-0.45	0.27	-0.51	0.011	-0.022	-0.036	-0.000	-0.000	-0.000	0.1200	-0.1200	-0.1200	0.0000	0.0000	0.0000	0	1.00	0.2624	0.2264	-0.4830	1.390	0
153249	21.387	-0.602	-22.363	-0.51	0.10	-0.60	0.024	-0.030	-0.046	0.000	-0.000	-0.000	0.1200	-0.1200	-0.1200	0.0000	0.0000	0.0000	0	1.00	0.2624	0.2264	-0.4830	1.390	0
153257	21.390	-0.603	-22.367	-0.46	-0.14	-0.41	0.013	0.006	-0.048	0.000	-0.000	-0.000	0.1200	-0.1200	-0.1200	0.0000	0.0000	0.0000	0	1.00	0.2624	0.2264	-0.4830	1.390	0
153265	21.386	-0.609	-22.368	-0.37	-0.02	-0.20	0.007	-0.006	-0.036	0.000	-0.000	-0.000	0.1200	-0.1200	-0.1200	0.0000	0.0000	0.0000	0	1.00	0.2624	0.2264	-0.4830	1.390	0
153273	21.392	-0.602	-22.368	-0.31	0.24	-0.20	-0.006	0.004	-0.024	0.000	-0.000	-0.000	0.1200	-0.1200	-0.1200	0.0000	0.0000	0.0000	0	1.00	0.2624	0.2264	-0.4830	1.390	0
153281	21.395	-0.598	-22.367	-0.40	-0.01	-0.28	-0.013	0.037	-0.010	0.000	-0.000	-0.000	0.1200	-0.1200	-0.1200	0.0000	0.0000	0.0000	0	1.00	0.2624	0.2264	-0.4830	1.390	0
153289	21.397	-0.596	-22.368	-0.56	-0.05	-0.40	-0.005	0.057	0.020	0.000	-0.000	-0.000	0.1200	-0.1200	-0.1200	0.0000	0.0000	0.0000	0	1.00	0.2624	0.2264	-0.4830	1.390	0
153297	21.398	-0.591	-22.364	-0.47	0.25	-0.37	-0.015	0.059	0.045	0.000	-0.000	-0.000	0.1200	-0.1200	-0.1200	0.0000	0.0000	0.0000	0	1.00	0.2624	0.2264	-0.4830	1.390	0
153305	21.398	-0.590	-22.363	-0.27	-0.11	-0.21	-0.007	0.034	0.050	-0.000	-0.000	-0.000	0.1200	-0.1200	-0.1200	0.0000	0.0000	0.0000	0	1.00	0.2624	0.2264	-0.4830	1.390	0
153313	21.401	-0.589	-22.366	-0.25	0.00	-0.44	-0.006	0.033	0.049	-0.000	-0.000	-0.000	0.1200	-0.1200	-0.1200	0.0000	0.0000	0.0000	0	1.00	0.2624	0.2264	-0.4830	1.390	0
153321	21.404	-0.590	-22.369	-0.39	0.02	-0.43	0.003	0.014	0.045	-0.000	-0.000	0.000	0.1200	-0.1200	-0.1200	0.0000	0.0000	0.0000	0	1.00	0.2624	0.2264	-0.4830	1.390	0
153329	21.404	-0.589	-22.369	-0.22	-0.25	-0.43	0.003	0.013	0.023	-0.000	-0.000	0.000	0.1200	-0.1200	-0.1200	0.0000	0.0000	0.0000	0	1.00	0.2624	0.2264	-0.4830	1.390	0
153337	21.399	-0.590	-22.364	-0.37	-0.06	-0.16	-0.002	-0.020	0.015	-0.000	-0.000	0.000	0.1200	-0.1200	-0.1200	0.0000	0.0000	0.0000	0	1.00	0.2624	0.2264	-0.4830	1.390	0
153344	21.389	-0.600	-22.363	-0.88	-0.11	-0.55	-0.006	-0.013	-0.005	-0.000	-0.000	0.000	0.1200	-0.1200	-0.1200	0.0000	0.0000	0.0000	0	1.00	0.2624	0.2264	-0.4830	1.390	0
153352	21.387	-0.604	-22.365	0.12	-0.21	-0.39	-0.008	-0.031	-0.036	-0.000	-0.000	0.000	0.1200	-0.1200	-0.1200	0.0000	0.0000	0.0000	0	1.00	0.2624	0.2264	-0.4830	1.390	0
153361	21.383	-0.603	-22.360	-0.15	0.15	-0.38	-0.007	-0.035	-0.057	-0.000	-0.000	-0.000	0.1200	-0.1200	-0.1200	0.0000	0.0000	0.0000	0	1.00	0.2624	0.2264	-0.4830	1.390	0
153369	21.382	-0.602	-22.358	-0.35	0.05	-0.39	-0.020	-0.022	-0.060	-0.000	-0.000	-0.000	0.1200	-0.1200	-0.1200	0.0000	0.0000	0.0000	0	1.00	0.2624	0.2264	-0.4830	1.390	0
153376	21.384	-0.600	-22.358	-0.48	-0.04	-0.39	-0.005	0.008	-0.054	-0.000	-0.000	-0.000	0.1200	-0.1200	-0.1200	0.0000	0.0000	0.0000	0	1.00	0.2624	0.2264	-0.4830	1.390	0
153384	21.387	-0.595	-22.356	-0.58	-0.10	-0.54	-0.006	-0.001	-0.036	-0.000	-0.000	-0.000	0.1200	-0.1200	-0.1200	0.0000	0.0000	0.0000	0	1.00	0.2624	0.2264	-0.4830	1.390	0
153392	21.389	-0.597	-22.360	-0.33	-0.20	-0.38	0.007	0.003	-0.031	-0.000	-0.000	-0.000	0.1200	-0.1200	-0.1200	0.0000	0.0000	0.0000	0	1.00	0.2624	0.2264	-0.4830	1.390	0
153400	21.396	-0.595	-22.365	-0.42	-0.06	-0.42	0.007	0.047	-0.008	-0.000	-0.000	-0.000	0.1200	-0.1200	-0.1200	0.0000	0.0000	0.0000	0	1.00	0.2624	0.2264	-0.4830	1.390	0
153408	21.397	-0.595	-22.366	-0.43	-0.17	-0.62	0.009	0.008	0.012	-0.000	-0.000	-0.000	0.1200	-0.1200	-0.1200	0.0000	0.0000	0.0000	0	1.00	0.2624	0.2264	-0.4830	1.390	0
153416	21.394	-0.602	-22.370	-0.83	-0.23	-0.16	0.002	0.019	0.028	-0.000	-0.000	-0.000	0.1200	-0.1200	-0.1200	0.0000	0.0000	0.0000	0	1.00	0.2624	0.2264	-0.4830	1.390	0
153424	21.391	-0.601	-22.366	-0.71	-0.65	-0.40	-0.003	0.000	0.057	-0.000	-0.000	-0.000	0.1200	-0.1200	-0.1200	0.0000	0.0000	0.0000	0	1.00	0.2624	0.2264	-0.4830	1.390	0
153432	21.386	-0.603	-22.363	-0.04	-0.37	-0.38	0.000	0.024	0.061	-0.000	-0.000	-0.000	0.1200	-0.1200	-0.1200	0.0000	0.0000	0.0000	0	1.00	0.2624	0.2264	-0.4830	1.390	0
153440	21.379	-0.609	-22.361	-0.62	-0.48	-0.23	-0.011	0.007	0.077	-0.000	-0.000	-0.000	0.1200	-0.1200	-0.1200	0.0000	0.0000	0.0000	0	1.00	0.2624	0.2264	-0.4830	1.390	0
153448	21.371	-0.611	-22.355	-0.21	-0.28	-0.20	-0.005	0.007	0.061	-0.000	-0.000	0.000	0.1200	-0.1200	-0.1200	0.0000	0.0000	0.0000	0	1.00	0.2624	0.2264	-0.4830	1.390	0
153456	21.369	-0.614	-22.356	-0.28	-0.25	-0.69	-0.004	-0.006	0.023	-0.000	-0.000	0.000	0.1200	-0.1200	-0.1200	0.0000	0.0000	0.0000	0	1.00	0.2624	0.2264	-0.4830	1.390	0
153464	21.369	-0.615	-22.357	-0.31	-0.26	-0.44	0.003	-0.022	-0.001	-0.000	-0.000	0.000	0.1200	-0.1200	-0.1200	0.0000	0.0000	0.0000	0	1.00	0.2624	0.2264	-0.4830	1.390	0
153472	21.373	-0.615	-22.361	-0.53	-0.01	-0.37	0.001	-0.030	-0.037	-0.000	-0.000	0.000	0.1200	-0.1200	-0.1200	0.0000	0.0000	0.0000	0	1.00	0.2624	0.2264	-0.4830	1.390	0
153480	21.375	-0.622	-22.369	-0.30	-0.15	-0.24	0.012	-0.011	-0.059	-0.000	-0.000	0.000	0.1200	-0.1200	-0.1200	0.0000	0.0000	0.0000	0	1.00	0.2624	0.2264	-0.4830	1.390	0
153488	21.382	-0.621	-22.375	-0.39	-0.16	-0.25	0.006	0.006	-0.075	-0.000	-0.000	-0.000	0.1200	-0.1200	-0.1200	0.0000	0.0000	0.0000	0	1.00	0.2624	0.2264	-0.4830	1.390	0
153496	21.383	-0.621	-22.377	-0.52	0.07	-0.45	0.017	0.030	-0.071	-0.000	-0.000	-0.000	0.1200	-0.1200	-0.1200	0.0000	0.0000	0.0000	0	1.00	0.2624	0.2264	-0.4830	1.390	0
153504	21.384	-0.623	-22.379	-0.42	0.09	-0.26	0.009	-0.014	-0.065	0.000	-0.000	-0.000	0.1200	-0.1200	-0.1200	0.0000	0.0000	0.0000	0	1.00	0.2624	0.2264	-0.4830	1.390	0
153512	21.379	-0.627	-22.378	-0.54	0.13	-0.39	0.001	0.029	-0.039	0.000	-0.000	-0.000	0.1200	-0.1200	-0.1200	0.0000	0.0000	0.0000	0	1.00	0.2624	0.2264	-0.4830	1.390	0
153520	21.373	-0.633	-22.377	-0.59	0.33	-0.54	-0.008	-0.007	-0.013	0.000	-0.000	-0.000	0.1200	-0.1200	-0.1200	0.0000	0.0000	0.0000	0	1.00	0.2624	0.2264	-0.4830	1.390	0
153528	21.376	-0.624	-22.372	-0.33	0.45	-0.60	0.005	-0.010	0.009	0.000	-0.000	-0.000	0.1200	-0.1200	-0.1200	0.0000	0.0000	0.0000	0	1.00	0.2624	0.2264	-0.4830	1.390	0
153536	21.371	-0.623	-22.366	-0.57	0.21	-0.23	0.003	0.024	0.039	0.000	-0.000	-0.000	0.1200	-0.1200	-0.1200	0.0000	0.0000	0.0000	0	1.00	0.2624	0.2264	-0.4830	1.390	0
153544	21.372	-0.618	-22.363	-0.28	0.29	-0.49	-0.003	-0.008	0.052	0.000	-0.000	-0.000	0.1200	-0.1200	-0.1200	0.0000	0.0000	0.0000	0	1.00	0.2624	0.2264	-0.4830	1.390	0
153552	21.375	-0.615	-22.363	-0.01	0.33	-0.28	-0.006	-0.015	0.066	0.000	-0.000	-0.000	0.1200	-0.1200	-0.1200	0.0000	0.0000	0.0000	0	1.00	0.2624	0.2264	-0.4830	1.390	0
153560	21.379	-0.615	-22.367	-0.44	0.13	-0.49	-0.000	0.004	0.053	0.000	-0.000	-0.000	0.1200	-0.1200	-0.1200	0.0000	0.0000	0.0000	0	1.00	0.2624	0.2264	-0.4830	1.390	0
153568	21.381	-0.614	-22.368	-0.30	-0.06	-0.33	0.014	0.019	0.054	0.000	-0.000	-0.000	0.1200	-0.1200	-0.1200	0.0000	0.0000	0.0000	0	1.00	0.2624	0.2264	-0.4830	1.390	0
153576	21.385	-0.611	-22.370	-0.14	-0.37	-0.29	0.012	-0.029	0.042	0.000	-0.000	0.000	0.1200	-0.1200	-0.1200	0.0000	0.0000	0.0000	0	1.00	0.2624	0.2264	-0.4830	1.390	0
153608	21.369	-0.622	-22.364	-0.11	-0.20	-0.38	-0.029	0.017	-0.040	-0.000	-0.000	-0.000	0.1200	-0.1200	-0.1200	0.0000	0.0000	0.0000	0	1.00	0.2624	0.2264	-0.4830	1.390	0
153616	21.364	-0.627	-22.363	-0.48	0.09	-0.52	-0.019	0.010	-0.033	-0.000	-0.000	-0.000	0.1200	-0.1200	-0.1200	0.0000	0.0000	0.0000	0	1.00	0.2624	0.2264	-0.4830	1.390	0
153624	21.371	-0.624	-22.366	-0.41	-0.04	-0.56	-0.018	-0.037	-0.023	-0.000	-0.000	-0.000	0.1200	-0.1200	-0.1200	0.0000	0.0000	0.0000	0	1.00	0.2624	0.2264	-0.4830	1.390	0
153632	21.377	-0.619	-22.368	-0.18	0.03	-0.32	-0.023	0.040	-0.018	-0.000	-0.000	-0.000	0.1200	-0.1200	-0.1200	0.0000	0.0000	0.0000	0	1.00	0.2624	0.2264	-0.4830	1.390	0
153640	21.379	-0.622	-22.372	-0.22	-0.09	-0.27	0.004	0.042	-0.013	-0.000	-0.000	-0.000	0.1200	-0.1200	-0.1200	0.0000	0.0000	0.0000	0	1.00	0.2624	0.2264	-0.4830	1.390	0
153648	21.391	-0.615	-22.379	-0.22	0.12	-0.49	0.008	-0.020	-0.001	-0.000	-0.000	-0.000	0.1200	-0.1200	-0.1200	0.0000	0.0000	0.0000	0	1.00	0.2624	0.2264	-0.4830	1.390	0
153656	21.393	-0.613	-22.379	-0.46	0.53	-0.34	0.024	0.042	0.004	-0.000	-0.000	-0.000	0.1200	-0.1200	-0.1200	0.0000	0.0000	0.0000	0	1.00	0.2624	0.2264	-0.4830	1.390	0
153663	21.393	-0.612	-22.378	-0.53	0.44	-0.08	0.033	0.001	0.002	-0.000	-0.000	-0.000	0.1200	-0.1200	-0.1200	0.0000	0.0000	0.0000	0	1.00	0.2624	0.2264	-0.4830	1.390	0
153671	21.389	-0.612	-22.374	-0.25	0.20	-0.33	0.028	0.005	0.017	0.000	-0.000	-0.000	0.1200	-0.1200	-0.1200	0.0000	0.0000	0.0000	0	1.00	0.2624	0.2264	-0.4830	1.390	0
153680	21.383	-0.607	-22.363	-0.70	0.23	-0.21	0.016	-0.036	0.019	0.000	-0.000	-0.000	0.1200	-0.1200	-0.1200	0.0000	0.0000	0.0000	0	1.00	0.2624	0.2264	-0.4830	1.390	0
153688	21.374	-0.611	-22.358	-0.15	0.19	-0.42	0.017	-0.026	0.010	0.000	-0.000	-0.000	0.1200	-0.1200	-0.1200	0.0000	0.0000	0.0000	0	1.00	0.2624	0.2264	-0.4830	1.390	0
153695	21.373	-0.605	-22.352	-0.32	0.13	-0.40	0.001	0.006	0.015	0.000	-0.000	-0.000	0.1200	-0.1200	-0.1200	0.0000	0.0000	0.0000	0	1.00	0.2624	0.2264	-0.4830	1.390	0
153703	21.374	-0.601	-22.350	-0.41	0.05	-0.65	-0.006	-0.015	0.009	0.000	-0.000	-0.000	0.1200	-0.1200	-0.1200	0.0000	0.0000	0.0000	0	1.00	0.2624	0.2264	-0.4830	1.390	0
153711	21.383	-0.594	-22.351	-0.47	0.29	-0.41	-0.014	-0.020	-0.015	0.000	-0.000	-0.000	0.1200	-0.1200	-0.1200	0.0000	0.0000	0.0000	0	1.00	0.2624	0.2264	-0.4830	1.390	0
153719	21.392	-0.587	-22.355	-0.15	-0.05	-0.49	-0.030	-0.047	-0.007	0.000	-0.000	-0.000	0.1200	-0.1200	-0.1200	0.0000	0.0000	0.0000	0	1.00	0.2624	0.2264	-0.4830	1.390	0
153727	21.399	-0.584	-22.358	-0.25	0.16	-0.28	-0.030	-0.041	-0.027	-0.000	-0.000	-0.000	0.1200	-0.1200	-0.1200	0.0000	0.0000	0.0000	0	1.00	0.2624	0.2264	-0.4830	1.390	0
153735	21.402	-0.586	-22.364	-0.78	-0.13	-0.31	-0.035	0.005	-0.017	-0.000	-0.000	-0.000	0.1200	-0.1200	-0.1200	0.0000	0.0000	0.0000	0	1.00	0.2624	0.2264	-0.4830	1.390	0
153743	21.403	-0.584	-22.362	-0.37	-0.21	-0.31	-0.008	0.017	-0.008	-0.000	-0.000	-0.000	0.1200	-0.1200	-0.1200	0.0000	0.0000	0.0000	0	1.00	0.2624	0.2264	-0.4830	1.390	0
153751	21.398	-0.585	-22.358	-0.30	-0.32	-0.07	-0.009	0.010	0.008	-0.000	-0.000	-0.000	0.1200	-0.1200	-0.1200	0.0000	0.0000	0.0000	0	1.00	0.2624	0.2264	-0.4830	1.390	0
153759	21.389	-0.591	-22.355	-0.37	-0.17	-0.35	0.015	0.032	-0.004	-0.000	-0.000	-0.000	0.1200	-0.1200	-0.1200	0.0000	0.0000	0.0000	0	1.00	0.2624	0.2264	-0.4830	1.390	0
153767	21.381	-0.593	-22.349	-0.28	-0.31	-0.32	0.003	0.035	0.004	-0.000	-0.000	-0.000	0.1200	-0.1200	-0.1200	0.0000	0.0000	0.0000	0	1.00	0.2624	0.2264	-0.4830	1.390	0
153775	21.375	-0.597	-22.346	-0.50	-0.46	-0.47	0.025	0.042	0.016	-0.000	-0.000	-0.000	0.1200	-0.1200	-0.1200	0.0000	0.0000	0.0000	0	1.00	0.2624	0.2264	-0.4830	1.390	0
153783	21.373	-0.600	-22.347	-0.31	-0.39	-0.31	0.026	0.012	0.027	-0.000	-0.000	-0.000	0.1200	-0.1200	-0.1200	0.0000	0.0000	0.0000	0	1.00	0.2624	0.2264	-0.4830	1.390	0
153791	21.373	-0.603	-22.350	-0.24	-0.27	-0.28	0.021	0.004	0.020	-0.000	-0.000	-0.000	0.1200	-0.1200	-0.1200	0.0000	0.0000	0.0000	0	1.00	0.2624	0.2264	-0.4830	1.390	0
153799	21.375	-0.604	-22.353	-0.04	-0.20	-0.55	0.030	0.002	0.020	0.000	-0.000	-0.000	0.1200	-0.1200	-0.1200	0.0000	0.0000	0.0000	0	1.00	0.2624	0.2264	-0.4830	1.390	0
153807	21.381	-0.604	-22.359	-0.21	0.19	-0.25	0.005	-0.029	0.001	0.000	-0.000	-0.000	0.1200	-0.1200	-0.1200	0.0000	0.0000	0.0000	0	1.00	0.2624	0.2264	-0.4830	1.390	0
153815	21.382	-0.605	-22.361	-0.19	-0.06	0.19	0.005	-0.049	-0.007	0.000	-0.000	-0.000	0.1200	-0.1200	-0.1200	0.0000	0.0000	0.0000	0	1.00	0.2624	0.2264	-0.4830	1.390	0
153823	21.385	-0.600	-22.359	-0.65	0.03	-0.07	-0.009	-0.001	-0.025	0.000	-0.000	-0.000	0.1200	-0.1200	-0.1200	0.0000	0.0000	0.0000	0	1.00	0.2624	0.2264	-0.4830	1.390	0
153831	21.385	-0.599	-22.358	-0.60	-0.12	-0.39	-0.006	-0.042	-0.026	-0.000	-0.000	-0.000	0.1200	-0.1200	-0.1200	0.0000	0.0000	0.0000	0	1.00	0.2624	0.2264	-0.4830	1.390	0
153839	21.380	-0.602	-22.356	-0.12	0.16	-0.63	-0.015	-0.044	-0.025	-0.000	-0.000	-0.000	0.1200	-0.1200	-0.1200	0.0000	0.0000	0.0000	0	1.00	0.2624	0.2264	-0.4830	1.390	0
153847	21.371	-0.610	-22.354	-0.20	0.05	-0.22	-0.018	-0.004	-0.035	-0.000	-0.000	-0.000	0.1200	-0.1200	-0.1200	0.0000	0.0000	0.0000	0	1.00	0.2624	0.2264	-0.4830	1.390	0
153855	21.373	-0.611	-22.356	-0.22	-0.13	-0.23	-0.005	-0.008	-0.041	-0.000	-0.000	-0.000	0.1200	-0.1200	-0.1200	0.0000	0.0000	0.0000	0	1.00	0.2624	0.2264	-0.4830	1.390	0
153863	21.372	-0.612	-22.357	-0.48	-0.19	-0.55	-0.002	0.033	-0.020	-0.000	-0.000	-0.000	0.1200	-0.1200	-0.1200	0.0000	0.0000	0.0000	0	1.00	0.2624	0.2264	-0.4830	1.390	0
153871	21.371	-0.613	-22.356	-0.63	0.04	-0.31	-0.008	0.025	-0.006	-0.000	-0.000	-0.000	0.1200	-0.1200	-0.1200	0.0000	0.0000	0.0000	0	1.00	0.2624	0.2264	-0.4830	1.390	0
153879	21.371	-0.616	-22.359	-0.59	0.12	-0.32	0.011	0.023	0.002	-0.000	-0.000	-0.000	0.1200	-0.1200	-0.1200	0.0000	0.0000	0.0000	0	1.00	0.2624	0.2264	-0.4830	1.390	0
153887	21.375	-0.613	-22.361	-0.28	0.04	-0.23	0.004	0.019	0.012	-0.000	-0.000	-0.000	0.1200	-0.1200	-0.1200	0.0000	0.0000	0.0000	0	1.00	0.2624	0.2264	-0.4830	1.390	0
153895	21.375	-0.613	-22.361	-0.15	0.15	-0.38	0.010	0.022	0.022	-0.000	-0.000	-0.000	0.1200	-0.1200	-0.1200	0.0000	0.0000	0.0000	0	1.00	0.2624	0.2264	-0.4830	1.390	0
153903	21.376	-0.612	-22.361	-0.57	0.17	-0.19	0.007	-0.014	0.034	-0.000	-0.000	-0.000	0.1200	-0.1200	-0.1200	0.0000	0.0000	0.0000	0	1.00	0.2624	0.2264	-0.4830	1.390	0
153911	21.379	-0.608	-22.360	-0.21	0.43	-0.18	0.004	0.026	0.027	-0.000	-0.000	-0.000	0.1200	-0.1200	-0.1200	0.0000	0.0000	0.0000	0	1.00	0.2624	0.2264	-0.4830	1.390	0
153919	21.379	-0.609	-22.361	-0.42	0.40	-0.56	-0.018	-0.013	0.033	-0.000	-0.000	-0.000	0.1200	-0.1200	-0.1200	0.0000	0.0000	0.0000	0	1.00	0.2624	0.2264	-0.4830	1.390	0
153927	21.378	-0.609	-22.361	-0.74	0.41	-0.46	-0.005	-0.031	0.018	-0.000	-0.000	-0.000	0.1200	-0.1200	-0.1200	0.0000	0.0000	0.0000	0	1.00	0.2624	0.2264	-0.4830	1.390	0
153935	21.375	-0.610	-22.359	-0.31	0.46	-0.41	-0.000	0.012	0.007	-0.000	-0.000	-0.000	0.1200	-0.1200	-0.1200	0.0000	0.0000	0.0000	0	1.00	0.2624	0.2264	-0.4830	1.390	0
153943	21.378	-0.609	-22.360	-0.24	0.61	-0.43	-0.013	-0.034	-0.003	-0.000	-0.000	-0.000	0.1200	-0.1200	-0.1200	0.0000	0.0000	0.0000	0	1.00	0.2624	0.2264	-0.4830	1.390	0
153951	21.378	-0.606	-22.357	-0.28	0.16	-0.36	0.003	-0.009	-0.007	-0.000	-0.000	-0.000	0.1200	-0.1200	-0.1200	0.0000	0.0000	0.0000	0	1.00	0.2624	0.2264	-0.4830	1.390	0
153959	21.380	-0.600	-22.355	-0.45	0.10	-0.34	-0.015	-0.036	-0.015	-0.000	-0.000	-0.000	0.1200	-0.1200	-0.1200	0.0000	0.0000	0.0000	0	1.00	0.2624	0.2264	-0.4830	1.390	0
153967	21.385	-0.594	-22.354	-0.26	-0.13	-0.31	0.008	0.023	-0.015	-0.000	-0.000	-0.000	0.1200	-0.1200	-0.1200	0.0000	0.0000	0.0000	0	1.00	0.2624	0.2264	-0.4830	1.390	0
153975	21.392	-0.586	-22.354	-0.38	-0.24	-0.60	0.002	0.014	-0.014	-0.000	-0.000	-0.000	0.1200	-0.1200	-0.1200	0.0000	0.0000	0.0000	0	1.00	0.2624	0.2264	-0.4830	1.390	0
153983	21.397	-0.581	-22.354	-0.41	-0.21	-0.39	0.017	-0.020	-0.016	-0.000	-0.000	-0.000	0.1200	-0.1200	-0.1200	0.0000	0.0000	0.0000	0	1.00	0.2624	0.2264	-0.4830	1.390	0
153991	21.398	-0.582	-22.356	-0.37	-0.06	-0.16	0.022	-0.015	-0.023	-0.000	-0.000	-0.000	0.1200	-0.1200	-0.1200	0.0000	0.0000	0.0000	0	1.00	0.2624	0.2264	-0.4830	1.390	0
153999	21.400	-0.583	-22.359	-0.46	-0.14	-0.41	0.032	0.032	-0.008	0.000	-0.000	-0.000	0.1200	-0.1200	-0.1200	0.0000	0.0000	0.0000	0	1.00	0.2624	0.2264	-0.4830	1.390	0
154007	21.401	-0.581	-22.358	-0.34	-0.01	-0.45	0.025	0.016	-0.012	0.000	-0.000	-0.000	0.1200	-0.1200	-0.1200	0.0000	0.0000	0.0000	0	1.00	0.2624	0.2264	-0.4830	1.390	0
154015	21.398	-0.590	-22.363	-0.33	0.02	-0.16	0.016	0.017	-0.014	0.000	-0.000	-0.000	0.1200	-0.1200	-0.1200	0.0000	0.0000	0.0000	0	1.00	0.2624	0.2264	-0.4830	1.390	0
154023	21.402	-0.590	-22.368	-0.15	-0.09	-0.45	-0.007	0.011	-0.008	0.000	-0.000	-0.000	0.1200	-0.1200	-0.1200	0.0000	0.0000	0.0000	0	1.00	0.2624	0.2264	-0.4830	1.390	0
154030	21.401	-0.596	-22.372	-0.46	-0.23	-0.32	-0.034	-0.019	0.009	0.000	-0.000	-0.000	0.1200	-0.1200	-0.1200	0.0000	0.0000	0.0000	0	1.00	0.2624	0.2264	-0.4830	1.390	0
154039	21.402	-0.598	-22.375	-0.68	-0.42	-0.43	-0.042	-0.024	0.014	-0.000	-0.000	-0.000	0.1200	-0.1200	-0.1200	0.0000	0.0000	0.0000	0	1.00	0.2624	0.2264	-0.4830	1.390	0
154047	21.398	-0.605	-22.377	-0.26	-0.37	-0.38	-0.047	-0.039	0.021	-0.000	-0.000	-0.000	0.1200	-0.1200	-0.1200	0.0000	0.0000	0.0000	0	1.00	0.2624	0.2264	-0.4830	1.390	0
154055	21.393	-0.610	-22.376	-0.44	-0.33	-0.34	-0.049	-0.005	0.021	-0.000	-0.000	-0.000	0.1200	-0.1200	-0.1200	0.0000	0.0000	0.0000	0	1.00	0.2624	0.2264	-0.4830	1.390	0
154063	21.392	-0.609	-22.374	-0.73	-0.11	-0.38	-0.026	-0.023	0.028	-0.000	-0.000	-0.000	0.1200	-0.1200	-0.1200	0.0000	0.0000	0.0000	0	1.00	0.2624	0.2264	-0.4830	1.390	0
154071	21.387	-0.612	-22.372	-0.37	-0.30	-0.23	-0.011	-0.024	0.018	-0.000	-0.000	-0.000	0.1200	-0.1200	-0.1200	0.0000	0.0000	0.0000	0	1.00	0.2624	0.2264	-0.4830	1.390	0
154079	21.384	-0.614	-22.370	-0.41	-0.21	-0.39	0.006	-0.025	0.021	-0.000	-0.000	-0.000	0.1200	-0.1200	-0.1200	0.0000	0.0000	0.0000	0	1.00	0.2624	0.2264	-0.4830	1.390	0
154087	21.384	-0.615	-22.372	-0.36	-0.10	-0.54	0.037	-0.022	0.013	-0.000	-0.000	-0.000	0.1200	-0.1200	-0.1200	0.0000	0.0000	0.0000	0	1.00	0.2624	0.2264	-0.4830	1.390	0
154095	21.389	-0.612	-22.374	-0.23	0.10	-0.34	0.043	0.004	0.001	-0.000	-0.000	-0.000	0.1200	-0.1200	-0.1200	0.0000	0.0000	0.0000	0	1.00	0.2624	0.2264	-0.4830	1.390	0
154102	21.390	-0.615	-22.378	-0.33	0.23	-0.38	0.029	0.022	0.002	-0.000	-0.000	-0.000	0.1200	-0.1200	-0.1200	0.0000	0.0000	0.0000	0	1.00	0.2624	0.2264	-0.4830	1.390	0
154110	21.388	-0.619	-22.380	-0.52	0.14	-0.21	0.038	0.009	-0.010	0.000	-0.000	-0.000	0.1200	-0.1200	-0.1200	0.0000	0.0000	0.0000	0	1.00	0.2624	0.2264	-0.4830	1.390	0
154118	21.382	-0.625	-22.379	-0.44	-0.00	-0.36	0.022	-0.016	-0.014	0.000	-0.000	-0.000	0.1200	-0.1200	-0.1200	0.0000	0.0000	0.0000	0	1.00	0.2624	0.2264	-0.4830	1.390	0
154126	21.382	-0.621	-22.375	-0.14	0.35	-0.26	0.013	-0.018	-0.021	0.000	-0.000	-0.000	0.1200	-0.1200	-0.1200	0.0000	0.0000	0.0000	0	1.00	0.2624	0.2264	-0.4830	1.390	0
154134	21.381	-0.622	-22.374	-0.47	0.33	-0.45	-0.008	-0.017	-0.019	0.000	-0.000	-0.000	0.1200	-0.1200	-0.1200	0.0000	0.0000	0.0000	0	1.00	0.2624	0.2264	-0.4830	1.390	0
154142	21.382	-0.616	-22.371	-0.33	0.36	-0.51	-0.024	-0.014	-0.007	0.000	-0.000	-0.000	0.1200	-0.1200	-0.1200	0.0000	0.0000	0.0000	0	1.00	0.2624	0.2264	-0.4830	1.390	0
154150	21.386	-0.611	-22.370	-0.36	0.61	-0.52	-0.027	-0.021	-0.019	0.000	-0.000	-0.000	0.1200	-0.1200	-0.1200	0.0000	0.0000	0.0000	0	1.00	0.2624	0.2264	-0.4830	1.390	0
154158	21.386	-0.611	-22.370	-0.50	0.37	-0.25	-0.035	0.003	-0.028	-0.000	-0.000	-0.000	0.1200	-0.1200	-0.1200	0.0000	0.0000	0.0000	0	1.00	0.2624	0.2264	-0.4830	1.390	0
154166	21.390	-0.605	-22.369	-0.14	0.52	-0.44	-0.033	0.002	-0.009	-0.000	-0.000	-0.000	0.1200	-0.1200	-0.1200	0.0000	0.0000	0.0000	0	1.00	0.2624	0.2264	-0.4830	1.390	0
154174	21.394	-0.596	-22.364	-0.23	0.38	-0.32	-0.026	-0.004	0.002	-0.000	-0.000	-0.000	0.1200	-0.1200	-0.1200	0.0000	0.0000	0.0000	0	1.00	0.2624	0.2264	-0.4830	1.390	0
154182	21.398	-0.590	-22.363	-0.41	0.51	-0.36	-0.009	-0.004	0.009	-0.000	-0.000	-0.000	0.1200	-0.1200	-0.1200	0.0000	0.0000	0.0000	0	1.00	0.2624	0.2264	-0.4830	1.390	0
154190	21.404	-0.586	-22.366	-0.02	0.44	-0.26	0.009	0.005	0.025	-0.000	-0.000	-0.000	0.1200	-0.1200	-0.1200	0.0000	0.0000	0.0000	0	1.00	0.2624	0.2264	-0.4830	1.390	0
154198	21.407	-0.580	-22.363	-0.41	0.34	-0.19	0.028	0.006	0.028	-0.000	-0.000	-0.000	0.1200	-0.1200	-0.1200	0.0000	0.0000	0.0000	0	1.00	0.2624	0.2264	-0.4830	1.390	0
154206	21.411	-0.575	-22.363	-0.25	0.12	-0.24	0.031	0.022	0.024	-0.000	-0.000	-0.000	0.1200	-0.1200	-0.1200	0.0000	0.0000	0.0000	0	1.00	0.2624	0.2264	-0.4830	1.390	0
154214	21.412	-0.577	-22.365	-0.33	0.19	-0.34	0.028	0.013	0.029	-0.000	-0.000	-0.000	0.1200	-0.1200	-0.1200	0.0000	0.0000	0.0000	0	1.00	0.2624	0.2264	-0.4830	1.390	0
154222	21.410	-0.578	-22.364	-0.19	0.20	-0.07	0.018	-0.000	0.020	0.000	-0.000	-0.000	0.1200	-0.1200	-0.1200	0.0000	0.0000	0.0000	0	1.00	0.2624	0.2264	-0.4830	1.390	0
154230	21.411	-0.576	-22.364	-0.39	-0.11	-0.30	0.005	0.006	0.007	0.000	-0.000	-0.000	0.1200	-0.1200	-0.1200	0.0000	0.0000	0.0000	0	1.00	0.2624	0.2264	-0.4830	1.390	0
154237	21.405	-0.576	-22.358	-0.39	-0.07	-0.34	0.002	0.031	-0.001	0.000	-0.000	-0.000	0.1200	-0.1200	-0.1200	0.0000	0.0000	0.0000	0	1.00	0.2624	0.2264	-0.4830	1.390	0
154245	21.403	-0.575	-22.355	-0.27	-0.15	-0.16	-0.015	-0.008	-0.019	0.000	-0.000	-0.000	0.1200	-0.1200	-0.1200	0.0000	0.0000	0.0000	0	1.00	0.2624	0.2264	-0.4830	1.390	0
154253	21.402	-0.573	-22.352	-0.30	-0.10	-0.28	-0.014	-0.020	-0.041	0.000	-0.000	-0.000	0.1200	-0.1200	-0.1200	0.0000	0.0000	0.0000	0	1.00	0.2624	0.2264	-0.4830	1.390	0
154261	21.400	-0.575	-22.351	-0.25	0.03	-0.15	-0.008	0.006	-0.018	0.000	-0.000	-0.000	0.1200	-0.1200	-0.1200	0.0000	0.0000	0.0000	0	1.00	0.2624	0.2264	-0.4830	1.390	0
154270	21.403	-0.572	-22.352	-0.23	0.01	-0.26	-0.025	-0.032	-0.029	-0.000	-0.000	-0.000	0.1200	-0.1200	-0.1200	0.0000	0.0000	0.0000	0	1.00	0.2624	0.2264	-0.4830	1.390	0
154278	21.407	-0.571	-22.355	-0.36	-0.02	-0.63	0.000	-0.015	-0.020	-0.000	-0.000	-0.000	0.1200	-0.1200	-0.1200	0.0000	0.0000	0.0000	0	1.00	0.2624	0.2264	-0.4830	1.390	0
154286	21.411	-0.567	-22.355	-0.62	0.26	-0.53	-0.007	-0.020	0.002	-0.000	-0.000	-0.000	0.1200	-0.1200	-0.1200	0.0000	0.0000	0.0000	0	1.00	0.2624	0.2264	-0.4830	1.390	0
154294	21.408	-0.568	-22.353	-0.72	0.31	-0.48	-0.005	-0.017	0.008	-0.000	-0.000	-0.000	0.1200	-0.1200	-0.1200	0.0000	0.0000	0.0000	0	1.00	0.2624	0.2264	-0.4830	1.390	0
154302	21.408	-0.566	-22.351	-0.54	0.22	-0.48	0.003	0.013	0.003	-0.000	-0.000	-0.000	0.1200	-0.1200	-0.1200	0.0000	0.0000	0.0000	0	1.00	0.2624	0.2264	-0.4830	1.390	0
154309	21.409	-0.564	-22.351	-0.28	0.43	-0.62	-0.002	-0.015	0.017	-0.000	-0.000	-0.000	0.1200	-0.1200	-0.1200	0.0000	0.0000	0.0000	0	1.00	0.2624	0.2264	-0.4830	1.390	0
154318	21.408	-0.564	-22.350	-0.34	-0.09	-0.36	0.005	0.006	0.000	-0.000	-0.000	-0.000	0.1200	-0.1200	-0.1200	0.0000	0.0000	0.0000	0	1.00	0.2624	0.2264	-0.4830	1.390	0
154326	21.407	-0.563	-22.348	-0.38	-0.04	-0.48	0.002	0.046	-0.001	-0.000	-0.000	-0.000	0.1200	-0.1200	-0.1200	0.0000	0.0000	0.0000	0	1.00	0.2624	0.2264	-0.4830	1.390	0
154333	21.410	-0.560	-22.348	-0.55	0.28	-0.42	0.006	0.023	-0.007	-0.000	-0.000	-0.000	0.1200	-0.1200	-0.1200	0.0000	0.0000	0.0000	0	1.00	0.2624	0.2264	-0.4830	1.390	0
154341	21.409	-0.559	-22.346	-0.38	-0.13	-0.40	0.006	0.040	-0.005	-0.000	-0.000	-0.000	0.1200	-0.1200	-0.1200	0.0000	0.0000	0.0000	0	1.00	0.2624	0.2264	-0.4830	1.390	0
154349	21.410	-0.556	-22.345	-0.53	0.25	-0.19	-0.002	0.033	-0.018	-0.000	-0.000	-0.000	0.1200	-0.1200	-0.1200	0.0000	0.0000	0.0000	0	1.00	0.2624	0.2264	-0.4830	1.390	0
154358	21.414	-0.554	-22.346	-0.08	-0.02	-0.37	-0.015	0.002	-0.024	-0.000	-0.000	-0.000	0.1200	-0.1200	-0.1200	0.0000	0.0000	0.0000	0	1.00	0.2624	0.2264	-0.4830	1.390	0
154366	21.415	-0.551	-22.345	-0.17	-0.07	-0.34	-0.012	-0.023	-0.016	-0.000	-0.000	-0.000	0.1200	-0.1200	-0.1200	0.0000	0.0000	0.0000	0	1.00	0.2624	0.2264	-0.4830	1.390	0
154373	21.414	-0.550	-22.343	-0.35	-0.07	-0.69	-0.019	-0.008	-0.010	-0.000	-0.000	-0.000	0.1200	-0.1200	-0.1200	0.0000	0.0000	0.0000	0	1.00	0.2624	0.2264	-0.4830	1.390	0
154381	21.414	-0.552	-22.344	-0.34	-0.18	-0.28	-0.009	-0.031	0.002	-0.000	-0.000	-0.000	0.1200	-0.1200	-0.1200	0.0000	0.0000	0.0000	0	1.00	0.2624	0.2264	-0.4830	1.390	0
154389	21.409	-0.558	-22.345	-0.63	-0.20	-0.39	-0.009	-0.025	0.005	-0.000	-0.000	-0.000	0.1200	-0.1200	-0.1200	0.0000	0.0000	0.0000	0	1.00	0.2624	0.2264	-0.4830	1.390	0
154398	21.406	-0.558	-22.342	-0.43	-0.32	-0.16	0.001	-0.026	0.004	-0.000	-0.000	-0.000	0.1200	-0.1200	-0.1200	0.0000	0.0000	0.0000	0	1.00	0.2624	0.2264	-0.4830	1.390	0
154405	21.404	-0.566	-22.347	-0.18	-0.55	-0.48	0.006	-0.002	0.010	-0.000	-0.000	-0.000	0.1200	-0.1200	-0.1200	0.0000	0.0000	0.0000	0	1.00	0.2624	0.2264	-0.4830	1.390	0
154413	21.400	-0.573	-22.350	-0.33	-0.39	-0.49	0.024	0.023	0.010	-0.000	-0.000	-0.000	0.1200	-0.1200	-0.1200	0.0000	0.0000	0.0000	0	1.00	0.2624	0.2264	-0.4830	1.390	0
154421	21.395	-0.577	-22.348	-0.12	-0.90	-0.31	0.033	0.032	0.021	-0.000	-0.000	-0.000	0.1200	-0.1200	-0.1200	0.0000	0.0000	0.0000	0	1.00	0.2624	0.2264	-0.4830	1.390	0
154429	21.391	-0.583	-22.350	-0.30	-0.57	-0.24	0.030	0.063	0.025	0.000	-0.000	-0.000	0.1200	-0.1200	-0.1200	0.0000	0.0000	0.0000	0	1.00	0.2624	0.2264	-0.4830	1.390	0
154437	21.392	-0.585	-22.352	-0.52	-0.53	-0.28	0.008	0.026	0.022	0.000	-0.000	-0.000	0.1200	-0.1200	-0.1200	0.0000	0.0000	0.0000	0	1.00	0.2624	0.2264	-0.4830	1.390	0
154445	21.390	-0.587	-22.353	-0.14	-0.36	-0.29	0.008	0.031	0.011	0.000	-0.000	-0.000	0.1200	-0.1200	-0.1200	0.0000	0.0000	0.0000	0	1.00	0.2624	0.2264	-0.4830	1.390	0
154453	21.390	-0.591	-22.356	-0.26	-0.41	-0.33	-0.023	0.032	0.006	0.000	-0.000	-0.000	0.1200	-0.1200	-0.1200	0.0000	0.0000	0.0000	0	1.00	0.2624	0.2264	-0.4830	1.390	0
154461	21.392	-0.591	-22.358	-0.48	-0.23	-0.50	-0.026	-0.008	-0.008	0.000	-0.000	-0.000	0.1200	-0.1200	-0.1200	0.0000	0.0000	0.0000	0	1.00	0.2624	0.2264	-0.4830	1.390	0
154469	21.391	-0.592	-22.358	-0.60	-0.41	-0.42	-0.031	-0.007	-0.005	-0.000	-0.000	-0.000	0.1200	-0.1200	-0.1200	0.0000	0.0000	0.0000	0	1.00	0.2624	0.2264	-0.4830	1.390	0
154477	21.388	-0.595	-22.357	-0.48	-0.28	-0.46	-0.040	-0.031	-0.033	-0.000	-0.000	-0.000	0.1200	-0.1200	-0.1200	0.0000	0.0000	0.0000	0	1.00	0.2624	0.2264	-0.4830	1.390	0
154485	21.386	-0.592	-22.353	-0.70	0.19	-0.60	-0.027	-0.055	-0.012	-0.000	-0.000	-0.000	0.1200	-0.1200	-0.1200	0.0000	0.0000	0.0000	0	1.00	0.2624	0.2264	-0.4830	1.390	0
154493	21.384	-0.591	-22.349	-0.29	-0.07	-0.43	-0.027	-0.070	-0.023	-0.000	-0.000	-0.000	0.1200	-0.1200	-0.1200	0.0000	0.0000	0.0000	0	1.00	0.2624	0.2264	-0.4830	1.390	0
154501	21.382	-0.593	-22.350	-0.63	-0.11	-0.47	-0.024	-0.017	-0.012	-0.000	-0.000	-0.000	0.1200	-0.1200	-0.1200	0.0000	0.0000	0.0000	0	1.00	0.2624	0.2264	-0.4830	1.390	0
154509	21.387	-0.594	-22.356	-0.26	-0.11	-0.64	-0.011	-0.023	-0.006	-0.000	-0.000	-0.000	0.1200	-0.1200	-0.1200	0.0000	0.0000	0.0000	0	1.00	0.2624	0.2264	-0.4830	1.390	0
154517	21.386	-0.602	-22.362	-0.08	-0.28	-0.12	0.017	0.021	0.008	-0.000	-0.000	-0.000	0.1200	-0.1200	-0.1200	0.0000	0.0000	0.0000	0	1.00	0.2624	0.2264	-0.4830	1.390	0
154525	21.382	-0.611	-22.366	-0.10	-0.30	0.03	0.018	0.031	0.014	-0.000	-0.000	-0.000	0.1200	-0.1200	-0.1200	0.0000	0.0000	0.0000	0	1.00	0.2624	0.2264	-0.4830	1.390	0
154533	21.384	-0.615	-22.372	-0.29	-0.29	-0.22	0.025	0.037	0.023	-0.000	-0.000	-0.000	0.1200	-0.1200	-0.1200	0.0000	0.0000	0.0000	0	1.00	0.2624	0.2264	-0.4830	1.390	0
154541	21.387	-0.614	-22.374	-0.29	-0.20	-0.30	0.027	0.051	0.027	-0.000	-0.000	-0.000	0.1200	-0.1200	-0.1200	0.0000	0.0000	0.0000	0	1.00	0.2624	0.2264	-0.4830	1.390	0
154549	21.384	-0.619	-22.375	-0.59	-0.04	-0.48	0.046	0.033	0.026	-0.000	-0.000	-0.000	0.1200	-0.1200	-0.1200	0.0000	0.0000	0.0000	0	1.00	0.2624	0.2264	-0.4830	1.390	0
154557	21.381	-0.624	-22.377	-0.69	0.01	-0.43	0.030	-0.005	0.032	-0.000	-0.000	-0.000	0.1200	-0.1200	-0.1200	0.0000	0.0000	0.0000	0	1.00	0.2624	0.2264	-0.4830	1.390	0
154564	21.378	-0.624	-22.375	-0.40	-0.01	-0.28	0.011	0.007	0.021	0.000	-0.000	-0.000	0.1200	-0.1200	-0.1200	0.0000	0.0000	0.0000	0	1.00	0.2624	0.2264	-0.4830	1.390	0
154572	21.376	-0.625	-22.373	-0.38	-0.00	-0.10	0.003	-0.008	0.009	0.000	-0.000	0.000	0.1200	-0.1200	-0.1200	0.0000	0.0000	0.0000	0	1.00	0.2624	0.2264	-0.4830	1.390	0
154580	21.373	-0.623	-22.368	-0.61	-0.07	-0.33	-0.006	-0.037	0.015	0.000	-0.000	0.000	0.1200	-0.1200	-0.1200	0.0000	0.0000	0.0000	0	1.00	0.2624	0.2264	-0.4830	1.390	0
154589	21.371	-0.619	-22.363	-0.49	0.20	-0.50	-0.015	-0.040	-0.009	-0.000	-0.000	0.000	0.1200	-0.1200	-0.1200	0.0000	0.0000	0.0000	0	1.00	0.2624	0.2264	-0.4830	1.390	0
154596	21.372	-0.615	-22.359	-0.21	0.28	-0.33	-0.028	-0.022	-0.020	-0.000	-0.000	0.000	0.1200	-0.1200	-0.1200	0.0000	0.0000	0.0000	0	1.00	0.2624	0.2264	-0.4830	1.390	0
154604	21.378	-0.613	-22.364	-0.09	0.07	-0.46	-0.024	-0.002	-0.039	-0.000	-0.000	-0.000	0.1200	-0.1200	-0.1200	0.0000	0.0000	0.0000	0	1.00	0.2624	0.2264	-0.4830	1.390	0
154612	21.383	-0.609	-22.365	-0.33	0.35	-0.18	-0.026	0.000	-0.036	-0.000	-0.000	-0.000	0.1200	-0.1200	-0.1200	0.0000	0.0000	0.0000	0	1.00	0.2624	0.2264	-0.4830	1.390	0
154620	21.386	-0.608	-22.368	-0.18	0.03	-0.33	-0.026	-0.012	-0.047	-0.000	-0.000	-0.000	0.1200	-0.1200	-0.1200	0.0000	0.0000	0.0000	0	1.00	0.2624	0.2264	-0.4830	1.390	0
154628	21.394	-0.605	-22.372	-0.49	0.11	-0.42	-0.017	0.034	-0.036	-0.000	-0.000	-0.000	0.1200	-0.1200	-0.1200	0.0000	0.0000	0.0000	0	1.00	0.2624	0.2264	-0.4830	1.390	0
154637	21.398	-0.602	-22.374	-0.56	-0.16	-0.60	-0.007	0.000	-0.025	-0.000	-0.000	-0.000	0.1200	-0.1200	-0.1200	0.0000	0.0000	0.0000	0	1.00	0.2624	0.2264	-0.4830	1.390	0
154645	21.393	-0.610	-22.376	-0.50	0.08	-0.27	0.007	0.009	-0.021	-0.000	-0.000	-0.000	0.1200	-0.1200	-0.1200	0.0000	0.0000	0.0000	0	1.00	0.2624	0.2264	-0.4830	1.390	0
154653	21.391	-0.607	-22.372	-0.42	-0.03	-0.13	0.014	0.023	0.019	-0.000	-0.000	-0.000	0.1200	-0.1200	-0.1200	0.0000	0.0000	0.0000	0	1.00	0.2624	0.2264	-0.4830	1.390	0
154660	21.387	-0.607	-22.368	-0.38	-0.13	0.03	0.024	0.001	0.023	-0.000	-0.000	-0.000	0.1200	-0.1200	-0.1200	0.0000	0.0000	0.0000	0	1.00	0.2624	0.2264	-0.4830	1.390	0
154668	21.390	-0.598	-22.362	-0.35	0.18	-0.52	0.022	-0.022	0.056	-0.000	-0.000	-0.000	0.1200	-0.1200	-0.1200	0.0000	0.0000	0.0000	0	1.00	0.2624	0.2264	-0.4830	1.390	0
154677	21.389	-0.594	-22.358	-0.35	0.06	-0.39	0.018	-0.015	0.061	-0.000	-0.000	-0.000	0.1200	-0.1200	-0.1200	0.0000	0.0000	0.0000	0	1.00	0.2624	0.2264	-0.4830	1.390	0
154685	21.394	-0.590	-22.359	-0.37	0.03	-0.24	0.005	-0.041	0.054	-0.000	-0.000	-0.000	0.1200	-0.1200	-0.1200	0.0000	0.0000	0.0000	0	1.00	0.2624	0.2264	-0.4830	1.390	0
154692	21.391	-0.592	-22.358	-0.28	0.13	-0.32	0.001	-0.018	0.044	-0.000	-0.000	0.000	0.1200	-0.1200	-0.1200	0.0000	0.0000	0.0000	0	1.00	0.2624	0.2264	-0.4830	1.390	0
154700	21.391	-0.594	-22.359	-0.28	-0.26	-0.36	-0.012	0.000	0.027	-0.000	-0.000	0.000	0.1200	-0.1200	-0.1200	0.0000	0.0000	0.0000	0	1.00	0.2624	0.2264	-0.4830	1.390	0
154708	21.391	-0.594	-22.360	-0.49	-0.17	-0.44	-0.035	0.016	-0.004	-0.000	-0.000	0.000	0.1200	-0.1200	-0.1200	0.0000	0.0000	0.0000	0	1.00	0.2624	0.2264	-0.4830	1.390	0
154717	21.392	-0.594	-22.361	-0.42	0.03	-0.50	-0.035	0.011	-0.022	-0.000	-0.000	0.000	0.1200	-0.1200	-0.1200	0.0000	0.0000	0.0000	0	1.00	0.2624	0.2264	-0.4830	1.390	0
154724	21.386	-0.597	-22.357	-0.65	-0.42	-0.35	-0.027	0.020	-0.042	-0.000	-0.000	0.000	0.1200	-0.1200	-0.1200	0.0000	0.0000	0.0000	0	1.00	0.2624	0.2264	-0.4830	1.390	0
154732	21.381	-0.599	-22.354	-0.11	-0.33	-0.25	-0.016	0.031	-0.056	-0.000	-0.000	-0.000	0.1200	-0.1200	-0.1200	0.0000	0.0000	0.0000	0	1.00	0.2624	0.2264	-0.4830	1.390	0
154740	21.378	-0.606	-22.358	-0.51	-0.28	-0.21	-0.006	0.010	-0.054	-0.000	-0.000	-0.000	0.1200	-0.1200	-0.1200	0.0000	0.0000	0.0000	0	1.00	0.2624	0.2264	-0.4830	1.390	0
154748	21.375	-0.612	-22.360	-0.38	-0.21	-0.31	-0.010	0.026	-0.053	-0.000	-0.000	-0.000	0.1200	-0.1200	-0.1200	0.0000	0.0000	0.0000	0	1.00	0.2624	0.2264	-0.4830	1.390	0
154756	21.371	-0.616	-22.359	-0.28	-0.59	-0.34	0.017	0.015	-0.039	-0.000	-0.000	-0.000	0.1200	-0.1200	-0.1200	0.0000	0.0000	0.0000	0	1.00	0.2624	0.2264	-0.4830	1.390	0
154764	21.376	-0.616	-22.365	-0.35	-0.55	-0.22	0.016	-0.023	-0.015	-0.000	-0.000	-0.000	0.1200	-0.1200	-0.1200	0.0000	0.0000	0.0000	0	1.00	0.2624	0.2264	-0.4830	1.390	0
154772	21.379	-0.620	-22.371	-0.15	-0.43	-0.53	0.017	-0.012	0.013	-0.000	-0.000	-0.000	0.1200	-0.1200	-0.1200	0.0000	0.0000	0.0000	0	1.00	0.2624	0.2264	-0.4830	1.390	0
154780	21.377	-0.624	-22.373	-0.38	-0.50	-0.34	0.032	-0.023	0.044	-0.000	-0.000	-0.000	0.1200	-0.1200	-0.1200	0.0000	0.0000	0.0000	0	1.00	0.2624	0.2264	-0.4830	1.390	0
154788	21.375	-0.626	-22.373	-0.44	-0.59	-0.51	0.024	-0.042	0.059	-0.000	-0.000	-0.000	0.1200	-0.1200	-0.1200	0.0000	0.0000	0.0000	0	1.00	0.2624	0.2264	-0.4830	1.390	0
154796	21.371	-0.630	-22.373	-0.35	-0.25	-0.52	0.024	-0.018	0.053	-0.000	-0.000	-0.000	0.1200	-0.1200	-0.1200	0.0000	0.0000	0.0000	0	1.00	0.2624	0.2264	-0.4830	1.390	0
154804	21.368	-0.637	-22.375	-0.33	-0.57	-0.32	0.012	-0.041	0.060	-0.000	-0.000	0.000	0.1200	-0.1200	-0.1200	0.0000	0.0000	0.0000	0	1.00	0.2624	0.2264	-0.4830	1.390	0
154812	21.365	-0.642	-22.377	0.05	-0.42	-0.00	0.008	-0.007	0.054	-0.000	-0.000	0.000	0.1200	-0.1200	-0.1200	0.0000	0.0000	0.0000	0	1.00	0.2624	0.2264	-0.4830	1.390	0
154820	21.360	-0.643	-22.374	-0.42	-0.45	-0.46	-0.007	0.016	0.029	-0.000	-0.000	0.000	0.1200	-0.1200	-0.1200	0.0000	0.0000	0.0000	0	1.00	0.2624	0.2264	-0.4830	1.390	0
154828	21.361	-0.644	-22.375	-0.41	-0.46	-0.13	-0.033	0.006	0.001	-0.000	-0.000	0.000	0.1200	-0.1200	-0.1200	0.0000	0.0000	0.0000	0	1.00	0.2624	0.2264	-0.4830	1.390	0
154836	21.362	-0.643	-22.375	-0.21	-0.19	-0.29	-0.034	0.003	-0.005	-0.000	-0.000	0.000	0.1200	-0.1200	-0.1200	0.0000	0.0000	0.0000	0	1.00	0.2624	0.2264	-0.4830	1.390	0
154844	21.360	-0.647	-22.377	-0.29	-0.07	-0.43	-0.031	-0.021	-0.023	-0.000	-0.000	0.000	0.1200	-0.1200	-0.1200	0.0000	0.0000	0.0000	0	1.00	0.2624	0.2264	-0.4830	1.390	0
154852	21.362	-0.647	-22.379	-0.38	-0.17	-0.35	-0.015	-0.007	-0.038	-0.000	-0.000	0.000	0.1200	-0.1200	-0.1200	0.0000	0.0000	0.0000	0	1.00	0.2624	0.2264	-0.4830	1.390	0
154860	21.364	-0.644	-22.379	-0.38	-0.04	-0.48	-0.022	-0.022	-0.047	-0.000	-0.000	0.000	0.1200	-0.1200	-0.1200	0.0000	0.0000	0.0000	0	1.00	0.2624	0.2264	-0.4830	1.390	0
154868	21.361	-0.646	-22.377	-0.62	0.28	-0.25	0.008	0.006	-0.059	-0.000	-0.000	-0.000	0.1200	-0.1200	-0.1200	0.0000	0.0000	0.0000	0	1.00	0.2624	0.2264	-0.4830	1.390	0
154876	21.362	-0.646	-22.378	-0.42	0.10	-0.26	0.022	-0.016	-0.045	-0.000	-0.000	-0.000	0.1200	-0.1200	-0.1200	0.0000	0.0000	0.0000	0	1.00	0.2624	0.2264	-0.4830	1.390	0
154884	21.365	-0.641	-22.376	-0.50	0.17	-0.36	0.027	0.009	-0.043	-0.000	-0.000	-0.000	0.1200	-0.1200	-0.1200	0.0000	0.0000	0.0000	0	1.00	0.2624	0.2264	-0.4830	1.390	0
154892	21.363	-0.646	-22.379	-0.23	0.14	-0.39	0.029	0.012	-0.026	-0.000	-0.000	-0.000	0.1200	-0.1200	-0.1200	0.0000	0.0000	0.0000	0	1.00	0.2624	0.2264	-0.4830	1.390	0
154900	21.360	-0.647	-22.376	-0.66	0.09	-0.44	0.029	-0.011	0.006	-0.000	-0.000	-0.000	0.1200	-0.1200	-0.1200	0.0000	0.0000	0.0000	0	1.00	0.2624	0.2264	-0.4830	1.390	0
154908	21.356	-0.652	-22.377	-0.45	-0.28	-0.38	0.014	0.015	0.024	-0.000	-0.000	-0.000	0.1200	-0.1200	-0.1200	0.0000	0.0000	0.0000	0	1.00	0.2624	0.2264	-0.4830	1.390	0
154916	21.357	-0.652	-22.379	-0.31	-0.06	-0.33	0.015	0.009	0.042	-0.000	-0.000	-0.000	0.1200	-0.1200	-0.1200	0.0000	0.0000	0.0000	0	1.00	0.2624	0.2264	-0.4830	1.390	0
154924	21.356	-0.658	-22.383	-0.21	-0.26	-0.53	-0.007	-0.000	0.053	-0.000	-0.000	-0.000	0.1200	-0.1200	-0.1200	0.0000	0.0000	0.0000	0	1.00	0.2624	0.2264	-0.4830	1.390	0
154932	21.355	-0.662	-22.386	-0.43	-0.02	-0.03	-0.014	-0.018	0.057	-0.000	-0.000	-0.000	0.1200	-0.1200	-0.1200	0.0000	0.0000	0.0000	0	1.00	0.2624	0.2264	-0.4830	1.390	0
154940	21.358	-0.659	-22.386	-0.52	0.27	-0.34	-0.017	-0.008	0.050	-0.000	-0.000	0.000	0.1200	-0.1200	-0.1200	0.0000	0.0000	0.0000	0	1.00	0.2624	0.2264	-0.4830	1.390	0
154947	21.358	-0.658	-22.385	-0.21	0.19	-0.25	-0.020	0.007	0.048	-0.000	-0.000	0.000	0.1200	-0.1200	-0.1200	0.0000	0.0000	0.0000	0	1.00	0.2624	0.2264	-0.4830	1.390	0
154956	21.363	-0.654	-22.386	-0.45	0.06	-0.30	-0.043	-0.014	0.017	-0.000	-0.000	0.000	0.1200	-0.1200	-0.1200	0.0000	0.0000	0.0000	0	1.00	0.2624	0.2264	-0.4830	1.390	0
154964	21.368	-0.649	-22.387	-0.40	0.15	-0.12	-0.024	-0.026	0.002	-0.000	-0.000	0.000	0.1200	-0.1200	-0.1200	0.0000	0.0000	0.0000	0	1.00	0.2624	0.2264	-0.4830	1.390	0
154971	21.369	-0.648	-22.387	-0.31	0.24	-0.20	-0.038	0.012	-0.024	-0.000	-0.000	0.000	0.1200	-0.1200	-0.1200	0.0000	0.0000	0.0000	0	1.00	0.2624	0.2264	-0.4830	1.390	0
154979	21.371	-0.648	-22.388	-0.28	0.34	-0.53	-0.006	0.038	-0.037	-0.000	-0.000	0.000	0.1200	-0.1200	-0.1200	0.0000	0.0000	0.0000	0	1.00	0.2624	0.2264	-0.4830	1.390	0
154987	21.371	-0.645	-22.386	-0.28	0.34	-0.53	0.004	0.021	-0.054	-0.000	-0.000	0.000	0.1200	-0.1200	-0.1200	0.0000	0.0000	0.0000	0	1.00	0.2624	0.2264	-0.4830	1.390	0
154995	21.368	-0.644	-22.382	-0.45	0.28	-0.51	0.018	0.027	-0.063	-0.000	-0.000	-0.000	0.1200	-0.1200	-0.1200	0.0000	0.0000	0.0000	0	1.00	0.2624	0.2264	-0.4830	1.390	0
155003	21.365	-0.642	-22.377	0.06	0.29	-0.41	0.021	0.026	-0.075	-0.000	-0.000	-0.000	0.1200	-0.1200	-0.1200	0.0000	0.0000	0.0000	0	1.00	0.2624	0.2264	-0.4830	1.390	0
155011	21.365	-0.639	-22.375	-0.36	0.57	-0.47	0.017	0.008	-0.038	-0.000	-0.000	-0.000	0.1200	-0.1200	-0.1200	0.0000	0.0000	0.0000	0	1.00	0.2624	0.2264	-0.4830	1.390	0
155019	21.367	-0.637	-22.375	-0.38	0.35	-0.44	0.026	-0.001	-0.023	-0.000	-0.000	-0.000	0.1200	-0.1200	-0.1200	0.0000	0.0000	0.0000	0	1.00	0.2624	0.2264	-0.4830	1.390	0
155027	21.370	-0.636	-22.377	-0.33	0.43	-0.27	0.011	-0.023	0.007	-0.000	-0.000	-0.000	0.1200	-0.1200	-0.1200	0.0000	0.0000	0.0000	0	1.00	0.2624	0.2264	-0.4830	1.390	0
155035	21.374	-0.633	-22.378	-0.25	0.24	-0.37	0.017	-0.027	0.017	-0.000	-0.000	-0.000	0.1200	-0.1200	-0.1200	0.0000	0.0000	0.0000	0	1.00	0.2624	0.2264	-0.4830	1.390	0
155043	21.374	-0.633	-22.378	-0.43	0.35	-0.09	-0.015	-0.029	0.024	-0.000	-0.000	-0.000	0.1200	-0.1200	-0.1200	0.0000	0.0000	0.0000	0	1.00	0.2624	0.2264	-0.4830	1.390	0
155051	21.379	-0.629	-22.380	-0.48	0.46	-0.15	-0.010	-0.011	0.048	-0.000	-0.000	-0.000	0.1200	-0.1200	-0.1200	0.0000	0.0000	0.0000	0	1.00	0.2624	0.2264	-0.4830	1.390	0
155059	21.381	-0.626	-22.380	-0.21	0.37	-0.42	-0.004	-0.011	0.027	-0.000	-0.000	-0.000	0.1200	-0.1200	-0.1200	0.0000	0.0000	0.0000	0	1.00	0.2624	0.2264	-0.4830	1.390	0
155067	21.388	-0.617	-22.378	-0.49	0.24	-0.55	-0.005	-0.016	0.027	-0.000	-0.000	-0.000	0.1200	-0.1200	-0.1200	0.0000	0.0000	0.0000	0	1.00	0.2624	0.2264	-0.4830	1.390	0
155075	21.390	-0.614	-22.377	-0.28	0.28	-0.16	-0.011	0.025	0.008	-0.000	-0.000	-0.000	0.1200	-0.1200	-0.1200	0.0000	0.0000	0.0000	0	1.00	0.2624	0.2264	-0.4830	1.390	0
155083	21.390	-0.613	-22.376	-0.49	0.28	-0.59	-0.014	0.015	-0.000	-0.000	-0.000	-0.000	0.1200	-0.1200	-0.1200	0.0000	0.0000	0.0000	0	1.00	0.2624	0.2264	-0.4830	1.390	0
155091	21.398	-0.603	-22.374	-0.25	0.20	-0.33	-0.008	0.016	-0.004	-0.000	-0.000	-0.000	0.1200	-0.1200	-0.1200	0.0000	0.0000	0.0000	0	1.00	0.2624	0.2264	-0.4830	1.390	0
155099	21.397	-0.599	-22.370	-0.37	0.07	-0.29	-0.008	0.015	0.002	-0.000	-0.000	-0.000	0.1200	-0.1200	-0.1200	0.0000	0.0000	0.0000	0	1.00	0.2624	0.2264	-0.4830	1.390	0
155107	21.396	-0.598	-22.369	-0.57	0.15	-0.47	-0.002	0.016	-0.020	-0.000	-0.000	-0.000	0.1200	-0.1200	-0.1200	0.0000	0.0000	0.0000	0	1.00	0.2624	0.2264	-0.4830	1.390	0
155115	21.398	-0.594	-22.367	-0.64	0.25	-0.71	0.002	-0.043	-0.014	-0.000	-0.000	-0.000	0.1200	-0.1200	-0.1200	0.0000	0.0000	0.0000	0	1.00	0.2624	0.2264	-0.4830	1.390	0
155123	21.400	-0.594	-22.369	-0.40	0.41	-0.38	0.011	-0.038	-0.007	-0.000	-0.000	-0.000	0.1200	-0.1200	-0.1200	0.0000	0.0000	0.0000	0	1.00	0.2624	0.2264	-0.4830	1.390	0
155131	21.404	-0.588	-22.368	-0.37	0.03	-0.24	0.006	-0.049	-0.000	-0.000	-0.000	-0.000	0.1200	-0.1200	-0.1200	0.0000	0.0000	0.0000	0	1.00	0.2624	0.2264	-0.4830	1.390	0
155139	21.407	-0.584	-22.367	0.06	0.25	-0.36	0.018	-0.037	-0.004	-0.000	-0.000	-0.000	0.1200	-0.1200	-0.1200	0.0000	0.0000	0.0000	0	1.00	0.2624	0.2264	-0.4830	1.390	0
155147	21.406	-0.581	-22.363	-0.63	0.26	-0.10	0.016	-0.010	0.001	-0.000	-0.000	-0.000	0.1200	-0.1200	-0.1200	0.0000	0.0000	0.0000	0	1.00	0.2624	0.2264	-0.4830	1.390	0
155155	21.406	-0.577	-22.360	-0.59	0.25	-0.45	0.012	0.007	0.021	-0.000	-0.000	-0.000	0.1200	-0.1200	-0.1200	0.0000	0.0000	0.0000	0	1.00	0.2624	0.2264	-0.4830	1.390	0
155163	21.408	-0.579	-22.363	-0.03	0.16	-0.29	0.008	-0.002	0.020	-0.000	-0.000	-0.000	0.1200	-0.1200	-0.1200	0.0000	0.0000	0.0000	0	1.00	0.2624	0.2264	-0.4830	1.390	0
155171	21.409	-0.580	-22.365	0.00	-0.31	-0.06	-0.004	0.008	0.030	-0.000	-0.000	-0.000	0.1200	-0.1200	-0.1200	0.0000	0.0000	0.0000	0	1.00	0.2624	0.2264	-0.4830	1.390	0
155179	21.411	-0.579	-22.366	-0.24	-0.68	-0.18	0.001	-0.022	0.030	-0.000	-0.000	0.000	0.1200	-0.1200	-0.1200	0.0000	0.0000	0.0000	0	1.00	0.2624	0.2264	-0.4830	1.390	0
155187	21.410	-0.581	-22.367	-0.07	-0.59	0.08	-0.031	-0.000	0.015	-0.000	-0.000	0.000	0.1200	-0.1200	-0.1200	0.0000	0.0000	0.0000	0	1.00	0.2624	0.2264	-0.4830	1.390	0
155195	21.406	-0.588	-22.369	-0.34	-0.37	-0.39	-0.016	0.047	-0.000	-0.000	-0.000	0.000	0.1200	-0.1200	-0.1200	0.0000	0.0000	0.0000	0	1.00	0.2624	0.2264	-0.4830	1.390	0
155202	21.405	-0.589	-22.370	-0.78	-0.28	-0.90	-0.018	0.012	-0.009	-0.000	-0.000	0.000	0.1200	-0.1200	-0.1200	0.0000	0.0000	0.0000	0	1.00	0.2624	0.2264	-0.4830	1.390	0
155211	21.402	-0.593	-22.370	-0.41	-0.07	-0.52	-0.007	0.028	-0.026	-0.000	-0.000	0.000	0.1200	-0.1200	-0.1200	0.0000	0.0000	0.0000	0	1.00	0.2624	0.2264	-0.4830	1.390	0
155219	21.399	-0.595	-22.369	-0.30	0.03	-0.41	0.007	0.030	-0.019	-0.000	-0.000	-0.000	0.1200	-0.1200	-0.1200	0.0000	0.0000	0.0000	0	1.00	0.2624	0.2264	-0.4830	1.390	0
155227	21.403	-0.596	-22.374	-0.24	-0.27	-0.28	0.013	0.024	-0.039	-0.000	-0.000	-0.000	0.1200	-0.1200	-0.1200	0.0000	0.0000	0.0000	0	1.00	0.2624	0.2264	-0.4830	1.390	0
155235	21.408	-0.588	-22.371	-0.25	0.03	-0.16	0.005	0.039	-0.024	-0.000	-0.000	-0.000	0.1200	-0.1200	-0.1200	0.0000	0.0000	0.0000	0	1.00	0.2624	0.2264	-0.4830	1.390	0
155243	21.409	-0.581	-22.366	-0.49	-0.27	-0.03	0.014	-0.012	-0.008	-0.000	-0.000	-0.000	0.1200	-0.1200	-0.1200	0.0000	0.0000	0.0000	0	1.00	0.2624	0.2264	-0.4830	1.390	0
155251	21.407	-0.582	-22.366	-0.38	0.31	-0.40	-0.002	-0.025	0.003	-0.000	-0.000	-0.000	0.1200	-0.1200	-0.1200	0.0000	0.0000	0.0000	0	1.00	0.2624	0.2264	-0.4830	1.390	0
155259	21.409	-0.584	-22.369	-0.20	-0.15	-0.34	0.012	-0.071	0.013	-0.000	-0.000	-0.000	0.1200	-0.1200	-0.1200	0.0000	0.0000	0.0000	0	1.00	0.2624	0.2264	-0.4830	1.390	0
155267	21.406	-0.585	-22.367	-0.25	-0.12	-0.31	0.008	-0.069	0.005	-0.000	-0.000	-0.000	0.1200	-0.1200	-0.1200	0.0000	0.0000	0.0000	0	1.00	0.2624	0.2264	-0.4830	1.390	0
155275	21.402	-0.589	-22.367	-0.32	-0.17	-0.10	-0.001	-0.030	0.016	-0.000	-0.000	-0.000	0.1200	-0.1200	-0.1200	0.0000	0.0000	0.0000	0	1.00	0.2624	0.2264	-0.4830	1.390	0
155283	21.400	-0.589	-22.365	-0.17	-0.40	-0.33	-0.006	-0.060	0.015	-0.000	-0.000	-0.000	0.1200	-0.1200	-0.1200	0.0000	0.0000	0.0000	0	1.00	0.2624	0.2264	-0.4830	1.390	0
155291	21.402	-0.588	-22.366	-0.22	-0.04	-0.32	-0.004	-0.002	0.019	-0.000	-0.000	-0.000	0.1200	-0.1200	-0.1200	0.0000	0.0000	0.0000	0	1.00	0.2624	0.2264	-0.4830	1.390	0
155299	21.402	-0.587	-22.365	-0.49	0.16	-0.46	-0.002	-0.012	0.015	-0.000	-0.000	-0.000	0.1200	-0.1200	-0.1200	0.0000	0.0000	0.0000	0	1.00	0.2624	0.2264	-0.4830	1.390	0
155307	21.404	-0.588	-22.367	-0.44	0.22	-0.57	-0.000	0.017	-0.005	-0.000	-0.000	-0.000	0.1200	-0.1200	-0.1200	0.0000	0.0000	0.0000	0	1.00	0.2624	0.2264	-0.4830	1.390	0
155315	21.404	-0.589	-22.369	-0.47	0.43	-0.54	0.011	0.020	0.000	-0.000	-0.000	-0.000	0.1200	-0.1200	-0.1200	0.0000	0.0000	0.0000	0	1.00	0.2624	0.2264	-0.4830	1.390	0
155323	21.400	-0.596	-22.371	-0.10	0.26	-0.53	0.011	0.060	-0.005	-0.000	-0.000	-0.000	0.1200	-0.1200	-0.1200	0.0000	0.0000	0.0000	0	1.00	0.2624	0.2264	-0.4830	1.390	0
155331	21.399	-0.599	-22.372	-0.31	0.29	-0.24	-0.003	0.056	-0.009	-0.000	-0.000	-0.000	0.1200	-0.1200	-0.1200	0.0000	0.0000	0.0000	0	1.00	0.2624	0.2264	-0.4830	1.390	0
155339	21.401	-0.595	-22.370	-0.29	0.56	-0.32	-0.014	-0.006	-0.018	-0.000	-0.000	-0.000	0.1200	-0.1200	-0.1200	0.0000	0.0000	0.0000	0	1.00	0.2624	0.2264	-0.4830	1.390	0
155347	21.399	-0.594	-22.367	-0.40	0.08	-0.37	-0.021	0.013	-0.009	-0.000	-0.000	-0.000	0.1200	-0.1200	-0.1200	0.0000	0.0000	0.0000	0	1.00	0.2624	0.2264	-0.4830	1.390	0
155355	21.400	-0.587	-22.362	-0.61	0.37	-0.77	-0.004	0.009	-0.011	-0.000	-0.000	-0.000	0.1200	-0.1200	-0.1200	0.0000	0.0000	0.0000	0	1.00	0.2624	0.2264	-0.4830	1.390	0
155362	21.400	-0.588	-22.363	-0.59	0.42	-0.63	0.008	-0.016	0.001	-0.000	-0.000	-0.000	0.1200	-0.1200	-0.1200	0.0000	0.0000	0.0000	0	1.00	0.2624	0.2264	-0.4830	1.390	0
155371	21.393	-0.593	-22.361	-0.36	0.44	-0.35	0.008	-0.038	-0.003	-0.000	-0.000	-0.000	0.1200	-0.1200	-0.1200	0.0000	0.0000	0.0000	0	1.00	0.2624	0.2264	-0.4830	1.390	0
155379	21.394	-0.584	-22.353	-0.31	0.46	-0.41	0.004	-0.000	0.015	-0.000	-0.000	-0.000	0.1200	-0.1200	-0.1200	0.0000	0.0000	0.0000	0	1.00	0.2624	0.2264	-0.4830	1.390	0
155387	21.400	-0.578	-22.353	0.06	-0.01	-0.10	0.009	-0.005	0.013	-0.000	-0.000	-0.000	0.1200	-0.1200	-0.1200	0.0000	0.0000	0.0000	0	1.00	0.2624	0.2264	-0.4830	1.390	0
155394	21.402	-0.574	-22.353	-0.47	0.18	-0.61	0.014	-0.031	0.013	-0.000	-0.000	-0.000	0.1200	-0.1200	-0.1200	0.0000	0.0000	0.0000	0	1.00	0.2624	0.2264	-0.4830	1.390	0
155402	21.411	-0.563	-22.351	-0.32	0.22	-0.48	0.008	-0.010	0.020	-0.000	-0.000	-0.000	0.1200	-0.1200	-0.1200	0.0000	0.0000	0.0000	0	1.00	0.2624	0.2264	-0.4830	1.390	0
155410	21.411	-0.561	-22.350	-0.37	0.25	-0.46	0.019	-0.002	0.013	-0.000	-0.000	-0.000	0.1200	-0.1200	-0.1200	0.0000	0.0000	0.0000	0	1.00	0.2624	0.2264	-0.4830	1.390	0
155418	21.410	-0.561	-22.349	-0.64	-0.10	-0.37	0.014	-0.018	-0.011	-0.000	-0.000	-0.000	0.1200	-0.1200	-0.1200	0.0000	0.0000	0.0000	0	1.00	0.2624	0.2264	-0.4830	1.390	0
155426	21.414	-0.563	-22.355	-0.22	-0.04	-0.32	0.001	-0.005	-0.023	-0.000	-0.000	-0.000	0.1200	-0.1200	-0.1200	0.0000	0.0000	0.0000	0	1.00	0.2624	0.2264	-0.4830	1.390	0
155434	21.413	-0.563	-22.354	-0.25	-0.25	-0.18	0.015	0.012	-0.024	-0.000	-0.000	-0.000	0.1200	-0.1200	-0.1200	0.0000	0.0000	0.0000	0	1.00	0.2624	0.2264	-0.4830	1.390	0
155442	21.412	-0.562	-22.352	-0.20	-0.19	-0.29	-0.022	0.006	-0.031	-0.000	-0.000	-0.000	0.1200	-0.1200	-0.1200	0.0000	0.0000	0.0000	0	1.00	0.2624	0.2264	-0.4830	1.390	0
155450	21.413	-0.559	-22.350	-0.32	-0.23	-0.34	-0.010	-0.018	-0.018	-0.000	-0.000	-0.000	0.1200	-0.1200	-0.1200	0.0000	0.0000	0.0000	0	1.00	0.2624	0.2264	-0.4830	1.390	0
155458	21.413	-0.558	-22.349	-0.30	-0.27	-0.11	-0.015	-0.032	-0.012	-0.000	-0.000	-0.000	0.1200	-0.1200	-0.1200	0.0000	0.0000	0.0000	0	1.00	0.2624	0.2264	-0.4830	1.390	0
155466	21.412	-0.563	-22.353	-0.51	-0.37	-0.13	-0.006	-0.008	-0.003	-0.000	-0.000	-0.000	0.1200	-0.1200	-0.1200	0.0000	0.0000	0.0000	0	1.00	0.2624	0.2264	-0.4830	1.390	0
155474	21.407	-0.566	-22.351	-0.20	-0.32	-0.16	-0.022	-0.056	-0.002	-0.000	-0.000	-0.000	0.1200	-0.1200	-0.1200	0.0000	0.0000	0.0000	0	1.00	0.2624	0.2264	-0.4830	1.390	0
155482	21.405	-0.565	-22.347	-0.14	-0.36	-0.29	0.002	-0.027	-0.011	-0.000	-0.000	-0.000	0.1200	-0.1200	-0.1200	0.0000	0.0000	0.0000	0	1.00	0.2624	0.2264	-0.4830	1.390	0
155490	21.402	-0.565	-22.344	-0.59	-0.29	-0.65	-0.015	-0.040	0.008	-0.000	-0.000	-0.000	0.1200	-0.1200	-0.1200	0.0000	0.0000	0.0000	0	1.00	0.2624	0.2264	-0.4830	1.390	0
155498	21.401	-0.569	-22.347	-0.50	-0.30	-0.31	-0.003	-0.032	0.006	-0.000	-0.000	-0.000	0.1200	-0.1200	-0.1200	0.0000	0.0000	0.0000	0	1.00	0.2624	0.2264	-0.4830	1.390	0
155506	21.407	-0.568	-22.352	-0.22	-0.20	-0.47	0.018	-0.015	0.019	-0.000	-0.000	-0.000	0.1200	-0.1200	-0.1200	0.0000	0.0000	0.0000	0	1.00	0.2624	0.2264	-0.4830	1.390	0
155513	21.409	-0.566	-22.352	-0.29	-0.11	-0.39	0.008	-0.028	0.016	-0.000	-0.000	-0.000	0.1200	-0.1200	-0.1200	0.0000	0.0000	0.0000	0	1.00	0.2624	0.2264	-0.4830	1.390	0
155521	21.411	-0.566	-22.354	-0.24	-0.09	-0.46	0.002	-0.017	0.006	-0.000	-0.000	-0.000	0.1200	-0.1200	-0.1200	0.0000	0.0000	0.0000	0	1.00	0.2624	0.2264	-0.4830	1.390	0
155530	21.416	-0.563	-22.356	-0.22	0.00	-0.36	0.006	0.028	0.014	-0.000	-0.000	-0.000	0.1200	-0.1200	-0.1200	0.0000	0.0000	0.0000	0	1.00	0.2624	0.2264	-0.4830	1.390	0
155537	21.416	-0.566	-22.360	-0.59	0.04	-0.24	-0.007	0.036	0.009	-0.000	-0.000	-0.000	0.1200	-0.1200	-0.1200	0.0000	0.0000	0.0000	0	1.00	0.2624	0.2264	-0.4830	1.390	0
155545	21.420	-0.569	-22.366	-0.40	0.02	0.00	0.001	0.019	0.013	-0.000	-0.000	-0.000	0.1200	-0.1200	-0.1200	0.0000	0.0000	0.0000	0	1.00	0.2624	0.2264	-0.4830	1.390	0
155553	21.417	-0.571	-22.366	-0.39	-0.15	-0.25	-0.000	0.037	-0.000	-0.000	-0.000	-0.000	0.1200	-0.1200	-0.1200	0.0000	0.0000	0.0000	0	1.00	0.2624	0.2264	-0.4830	1.390	0
155561	21.417	-0.575	-22.368	-0.53	-0.03	-0.65	-0.002	0.051	-0.013	-0.000	-0.000	-0.000	0.1200	-0.1200	-0.1200	0.0000	0.0000	0.0000	0	1.00	0.2624	0.2264	-0.4830	1.390	0
155569	21.411	-0.578	-22.366	-0.34	-0.00	-0.45	-0.010	0.016	-0.024	-0.000	-0.000	-0.000	0.1200	-0.1200	-0.1200	0.0000	0.0000	0.0000	0	1.00	0.2624	0.2264	-0.4830	1.390	0
155577	21.408	-0.577	-22.361	-0.33	0.02	-0.17	-0.011	0.022	-0.036	-0.000	-0.000	-0.000	0.1200	-0.1200	-0.1200	0.0000	0.0000	0.0000	0	1.00	0.2624	0.2264	-0.4830	1.390	0
155585	21.410	-0.574	-22.361	-0.34	-0.00	-0.45	-0.023	0.025	-0.019	-0.000	-0.000	-0.000	0.1200	-0.1200	-0.1200	0.0000	0.0000	0.0000	0	1.00	0.2624	0.2264	-0.4830	1.390	0
155593	21.406	-0.579	-22.362	-0.27	0.11	-0.42	-0.017	-0.007	-0.018	-0.000	-0.000	-0.000	0.1200	-0.1200	-0.1200	0.0000	0.0000	0.0000	0	1.00	0.2624	0.2264	-0.4830	1.390	0
155601	21.406	-0.577	-22.360	-0.22	0.09	-0.45	-0.013	-0.022	-0.005	-0.000	-0.000	-0.000	0.1200	-0.1200	-0.1200	0.0000	0.0000	0.0000	0	1.00	0.2624	0.2264	-0.4830	1.390	0
155609	21.406	-0.578	-22.361	-0.30	0.08	-0.46	-0.016	-0.024	-0.001	-0.000	-0.000	-0.000	0.1200	-0.1200	-0.1200	0.0000	0.0000	0.0000	0	1.00	0.2624	0.2264	-0.4830	1.390	0
155617	21.406	-0.584	-22.366	-0.06	-0.05	-0.15	-0.010	-0.053	0.014	-0.000	-0.000	-0.000	0.1200	-0.1200	-0.1200	0.0000	0.0000	0.0000	0	1.00	0.2624	0.2264	-0.4830	1.390	0
155625	21.411	-0.582	-22.369	0.06	0.21	-0.32	-0.002	-0.029	0.029	-0.000	-0.000	-0.000	0.1200	-0.1200	-0.1200	0.0000	0.0000	0.0000	0	1.00	0.2624	0.2264	-0.4830	1.390	0
155633	21.413	-0.584	-22.373	-0.21	0.11	-0.16	0.007	-0.036	0.026	-0.000	-0.000	-0.000	0.1200	-0.1200	-0.1200	0.0000	0.0000	0.0000	0	1.00	0.2624	0.2264	-0.4830	1.390	0
155641	21.411	-0.585	-22.372	-0.45	0.26	-0.19	0.023	-0.004	0.019	-0.000	-0.000	-0.000	0.1200	-0.1200	-0.1200	0.0000	0.0000	0.0000	0	1.00	0.2624	0.2264	-0.4830	1.390	0
155649	21.412	-0.583	-22.371	-0.66	0.18	-0.53	0.017	0.010	0.018	-0.000	-0.000	-0.000	0.1200	-0.1200	-0.1200	0.0000	0.0000	0.0000	0	1.00	0.2624	0.2264	-0.4830	1.390	0
155657	21.407	-0.586	-22.368	-0.06	0.34	-0.54	0.020	0.022	0.000	-0.000	-0.000	-0.000	0.1200	-0.1200	-0.1200	0.0000	0.0000	0.0000	0	1.00	0.2624	0.2264	-0.4830	1.390	0
155665	21.407	-0.582	-22.364	-0.38	0.13	-0.23	0.014	0.022	0.006	-0.000	-0.000	-0.000	0.1200	-0.1200	-0.1200	0.0000	0.0000	0.0000	0	1.00	0.2624	0.2264	-0.4830	1.390	0
155673	21.412	-0.574	-22.362	-0.39	0.74	-0.40	0.028	0.050	0.006	-0.000	-0.000	-0.000	0.1200	-0.1200	-0.1200	0.0000	0.0000	0.0000	0	1.00	0.2624	0.2264	-0.4830	1.390	0
155681	21.412	-0.573	-22.362	0.11	0.30	-0.15	0.017	0.049	0.002	-0.000	-0.000	-0.000	0.1200	-0.1200	-0.1200	0.0000	0.0000	0.0000	0	1.00	0.2624	0.2264	-0.4830	1.390	0
155689	21.414	-0.572	-22.363	-0.28	0.24	-0.12	0.010	0.028	-0.008	-0.000	-0.000	-0.000	0.1200	-0.1200	-0.1200	0.0000	0.0000	0.0000	0	1.00	0.2624	0.2264	-0.4830	1.390	0
155697	21.414	-0.565	-22.357	-0.68	0.74	-0.22	0.002	0.024	-0.023	-0.000	-0.000	-0.000	0.1200	-0.1200	-0.1200	0.0000	0.0000	0.0000	0	1.00	0.2624	0.2264	-0.4830	1.390	0
155705	21.418	-0.560	-22.356	-0.41	0.64	-0.49	-0.020	-0.002	-0.017	-0.000	-0.000	-0.000	0.1200	-0.1200	-0.1200	0.0000	0.0000	0.0000	0	1.00	0.2624	0.2264	-0.4830	1.390	0
155713	21.419	-0.556	-22.354	-0.53	0.88	-0.51	-0.037	-0.013	-0.013	-0.000	-0.000	-0.000	0.1200	-0.1200	-0.1200	0.0000	0.0000	0.0000	0	1.00	0.2624	0.2264	-0.4830	1.390	0
155721	21.424	-0.550	-22.353	-0.55	0.79	-0.61	-0.033	-0.029	-0.013	-0.000	-0.000	-0.000	0.1200	-0.1200	-0.1200	0.0000	0.0000	0.0000	0	1.00	0.2624	0.2264	-0.4830	1.390	0
155729	21.428	-0.543	-22.350	-0.36	0.43	-0.02	-0.039	-0.045	-0.014	-0.000	-0.000	-0.000	0.1200	-0.1200	-0.1200	0.0000	0.0000	0.0000	0	1.00	0.2624	0.2264	-0.4830	1.390	0
155737	21.432	-0.542	-22.354	-0.19	0.59	-0.46	-0.024	-0.017	-0.018	-0.000	-0.000	-0.000	0.1200	-0.1200	-0.1200	0.0000	0.0000	0.0000	0	1.00	0.2624	0.2264	-0.4830	1.390	0
155745	21.437	-0.536	-22.353	-0.30	0.62	-0.26	-0.010	-0.021	-0.012	-0.000	-0.000	-0.000	0.1200	-0.1200	-0.1200	0.0000	0.0000	0.0000	0	1.00	0.2624	0.2264	-0.4830	1.390	0
155753	21.441	-0.532	-22.353	-0.25	0.59	-0.29	0.004	-0.035	-0.001	-0.000	-0.000	-0.000	0.1200	-0.1200	-0.1200	0.0000	0.0000	0.0000	0	1.00	0.2624	0.2264	-0.4830	1.390	0
155761	21.442	-0.528	-22.351	-0.15	0.33	-0.12	0.016	0.002	0.004	-0.000	-0.000	-0.000	0.1200	-0.1200	-0.1200	0.0000	0.0000	0.0000	0	1.00	0.2624	0.2264	-0.4830	1.390	0
155769	21.446	-0.520	-22.348	-0.42	0.14	-0.31	0.030	0.027	0.005	-0.000	-0.000	-0.000	0.1200	-0.1200	-0.1200	0.0000	0.0000	0.0000	0	1.00	0.2624	0.2264	-0.4830	1.390	0
155777	21.444	-0.514	-22.340	-0.14	0.40	-0.31	0.046	0.003	0.016	-0.000	-0.000	-0.000	0.1200	-0.1200	-0.1200	0.0000	0.0000	0.0000	0	1.00	0.2624	0.2264	-0.4830	1.390	0
155785	21.439	-0.515	-22.336	-0.35	0.10	-0.43	0.046	0.047	0.017	-0.000	-0.000	-0.000	0.1200	-0.1200	-0.1200	0.0000	0.0000	0.0000	0	1.00	0.2624	0.2264	-0.4830	1.390	0
155793	21.440	-0.513	-22.335	-0.37	0.08	-0.29	0.040	0.057	0.007	-0.000	-0.000	-0.000	0.1200	-0.1200	-0.1200	0.0000	0.0000	0.0000	0	1.00	0.2624	0.2264	-0.4830	1.390	0
155800	21.443	-0.507	-22.333	-0.25	0.12	-0.24	0.026	0.045	0.011	-0.000	-0.000	-0.000	0.1200	-0.1200	-0.1200	0.0000	0.0000	0.0000	0	1.00	0.2624	0.2264	-0.4830	1.390	0
155809	21.442	-0.509	-22.333	-0.54	-0.10	-0.46	0.007	0.065	0.014	0.000	0.000	-0.000	0.1200	-0.1200	-0.1200	0.0000	0.0000	0.0000	0	1.00	0.2624	0.2264	-0.4830	1.390	0
155817	21.447	-0.503	-22.334	-0.20	-0.06	-0.42	-0.005	0.003	-0.008	0.000	0.000	-0.000	0.1200	-0.1200	-0.1200	0.0000	0.0000	0.0000	0	1.00	0.2624	0.2264	-0.4830	1.390	0
155825	21.446	-0.510	-22.339	-0.54	0.10	-0.35	-0.038	0.007	-0.011	-0.000	0.000	-0.000	0.1200	-0.1200	-0.1200	0.0000	0.0000	0.0000	0	1.00	0.2624	0.2264	-0.4830	1.390	0
155832	21.444	-0.507	-22.334	-0.43	-0.30	-0.49	-0.038	-0.015	-0.007	-0.000	0.000	-0.000	0.1200	-0.1200	-0.1200	0.0000	0.0000	0.0000	0	1.00	0.2624	0.2264	-0.4830	1.390	0
155840	21.445	-0.508	-22.336	-0.51	-0.06	-0.43	-0.047	-0.023	0.003	-0.000	-0.000	-0.000	0.1200	-0.1200	-0.1200	0.0000	0.0000	0.0000	0	1.00	0.2624	0.2264	-0.4830	1.390	0
155849	21.447	-0.508	-22.338	-0.56	-0.41	-0.34	-0.046	-0.058	0.014	-0.000	-0.000	-0.000	0.1200	-0.1200	-0.1200	0.0000	0.0000	0.0000	0	1.00	0.2624	0.2264	-0.4830	1.390	0
155856	21.443	-0.512	-22.337	-0.37	-0.34	-0.18	-0.042	-0.016	0.010	-0.000	-0.000	-0.000	0.1200	-0.1200	-0.1200	0.0000	0.0000	0.0000	0	1.00	0.2624	0.2264	-0.4830	1.390	0
155865	21.444	-0.511	-22.338	-0.21	-0.47	-0.32	-0.022	-0.040	-0.013	-0.000	-0.000	-0.000	0.1200	-0.1200	-0.1200	0.0000	0.0000	0.0000	0	1.00	0.2624	0.2264	-0.4830	1.390	0
155873	21.444	-0.515	-22.341	-0.38	-0.41	-0.43	-0.003	0.002	-0.017	-0.000	-0.000	-0.000	0.1200	-0.1200	-0.1200	0.0000	0.0000	0.0000	0	1.00	0.2624	0.2264	-0.4830	1.390	0
155881	21.442	-0.518	-22.342	-0.40	-0.55	-0.48	0.012	0.009	-0.002	-0.000	-0.000	-0.000	0.1200	-0.1200	-0.1200	0.0000	0.0000	0.0000	0	1.00	0.2624	0.2264	-0.4830	1.390	0
155888	21.442	-0.516	-22.340	-0.48	-0.36	-0.38	0.037	-0.012	0.002	-0.000	-0.000	-0.000	0.1200	-0.1200	-0.1200	0.0000	0.0000	0.0000	0	1.00	0.2624	0.2264	-0.4830	1.390	0
155896	21.444	-0.517	-22.342	-0.24	-0.33	-0.53	0.044	-0.024	-0.003	-0.000	-0.000	-0.000	0.1200	-0.1200	-0.1200	0.0000	0.0000	0.0000	0	1.00	0.2624	0.2264	-0.4830	1.390	0
155905	21.441	-0.521	-22.344	-0.29	-0.15	-0.35	0.029	0.020	0.006	-0.000	-0.000	-0.000	0.1200	-0.1200	-0.1200	0.0000	0.0000	0.0000	0	1.00	0.2624	0.2264	-0.4830	1.390	0
155912	21.437	-0.525	-22.344	-0.05	-0.35	-0.28	0.020	0.001	0.018	-0.000	-0.000	-0.000	0.1200	-0.1200	-0.1200	0.0000	0.0000	0.0000	0	1.00	0.2624	0.2264	-0.4830	1.390	0
155920	21.433	-0.535	-22.348	-0.32	0.14	-0.40	0.028	0.006	0.020	-0.000	-0.000	-0.000	0.1200	-0.1200	-0.1200	0.0000	0.0000	0.0000	0	1.00	0.2624	0.2264	-0.4830	1.390	0
155928	21.430	-0.539	-22.349	-0.61	-0.17	-0.53	0.002	-0.040	0.022	-0.000	-0.000	-0.000	0.1200	-0.1200	-0.1200	0.0000	0.0000	0.0000	0	1.00	0.2624	0.2264	-0.4830	1.390	0
155936	21.427	-0.541	-22.347	-0.34	-0.13	-0.32	-0.003	0.022	0.017	-0.000	-0.000	-0.000	0.1200	-0.1200	-0.1200	0.0000	0.0000	0.0000	0	1.00	0.2624	0.2264	-0.4830	1.390	0
155944	21.430	-0.539	-22.349	-0.42	0.10	-0.26	-0.004	0.020	0.010	-0.000	-0.000	-0.000	0.1200	-0.1200	-0.1200	0.0000	0.0000	0.0000	0	1.00	0.2624	0.2264	-0.4830	1.390	0
155953	21.424	-0.547	-22.350	-0.44	-0.32	-0.34	-0.019	-0.012	0.000	-0.000	-0.000	-0.000	0.1200	-0.1200	-0.1200	0.0000	0.0000	0.0000	0	1.00	0.2624	0.2264	-0.4830	1.390	0
155961	21.428	-0.545	-22.352	-0.29	-0.07	-0.43	-0.024	-0.021	0.004	-0.000	-0.000	-0.000	0.1200	-0.1200	-0.1200	0.0000	0.0000	0.0000	0	1.00	0.2624	0.2264	-0.4830	1.390	0
155969	21.427	-0.552	-22.358	-0.52	-0.14	-0.24	-0.011	0.018	-0.008	-0.000	-0.000	-0.000	0.1200	-0.1200	-0.1200	0.0000	0.0000	0.0000	0	1.00	0.2624	0.2264	-0.4830	1.390	0
155976	21.427	-0.549	-22.355	-0.48	-0.10	-0.63	-0.006	0.026	-0.020	-0.000	-0.000	-0.000	0.1200	-0.1200	-0.1200	0.0000	0.0000	0.0000	0	1.00	0.2624	0.2264	-0.4830	1.390	0
155984	21.428	-0.549	-22.356	-0.27	-0.26	-0.36	-0.005	-0.022	-0.016	-0.000	-0.000	-0.000	0.1200	-0.1200	-0.1200	0.0000	0.0000	0.0000	0	1.00	0.2624	0.2264	-0.4830	1.390	0
155993	21.425	-0.553	-22.357	-0.17	-0.35	-0.37	0.004	0.020	-0.014	-0.000	-0.000	-0.000	0.1200	-0.1200	-0.1200	0.0000	0.0000	0.0000	0	1.00	0.2624	0.2264	-0.4830	1.390	0
156001	21.422	-0.554	-22.355	-0.18	-0.10	-0.20	0.015	0.024	-0.001	-0.000	-0.000	-0.000	0.1200	-0.1200	-0.1200	0.0000	0.0000	0.0000	0	1.00	0.2624	0.2264	-0.4830	1.390	0
156008	21.417	-0.558	-22.352	-0.39	-0.19	-0.21	0.016	0.025	0.002	-0.000	-0.000	-0.000	0.1200	-0.1200	-0.1200	0.0000	0.0000	0.0000	0	1.00	0.2624	0.2264	-0.4830	1.390	0
156016	21.413	-0.562	-22.353	-0.39	-0.07	-0.34	0.017	0.030	-0.012	-0.000	-0.000	-0.000	0.1200	-0.1200	-0.1200	0.0000	0.0000	0.0000	0	1.00	0.2624	0.2264	-0.4830	1.390	0
156024	21.410	-0.563	-22.351	-0.23	0.19	-0.43	0.018	-0.023	0.012	-0.000	-0.000	-0.000	0.1200	-0.1200	-0.1200	0.0000	0.0000	0.0000	0	1.00	0.2624	0.2264	-0.4830	1.390	0
156032	21.408	-0.564	-22.349	-0.16	0.08	-0.19	0.022	0.015	-0.003	-0.000	-0.000	-0.000	0.1200	-0.1200	-0.1200	0.0000	0.0000	0.0000	0	1.00	0.2624	0.2264	-0.4830	1.390	0
156040	21.412	-0.566	-22.355	-0.32	-0.15	-0.42	0.020	-0.000	0.009	-0.000	-0.000	-0.000	0.1200	-0.1200	-0.1200	0.0000	0.0000	0.0000	0	1.00	0.2624	0.2264	-0.4830	1.390	0
156048	21.412	-0.565	-22.354	-0.19	0.03	0.11	-0.010	-0.039	0.016	-0.000	-0.000	-0.000	0.1200	-0.1200	-0.1200	0.0000	0.0000	0.0000	0	1.00	0.2624	0.2264	-0.4830	1.390	0
156056	21.411	-0.567	-22.355	-0.53	0.53	-0.17	-0.007	0.015	0.020	-0.000	-0.000	-0.000	0.1200	-0.1200	-0.1200	0.0000	0.0000	0.0000	0	1.00	0.2624	0.2264	-0.4830	1.390	0
156064	21.417	-0.561	-22.355	-0.54	0.14	-0.39	-0.006	0.000	0.019	-0.000	-0.000	-0.000	0.1200	-0.1200	-0.1200	0.0000	0.0000	0.0000	0	1.00	0.2624	0.2264	-0.4830	1.390	0
156072	21.422	-0.554	-22.354	-0.63	0.76	-0.29	-0.025	0.007	0.004	-0.000	-0.000	0.000	0.1200	-0.1200	-0.1200	0.0000	0.0000	0.0000	0	1.00	0.2624	0.2264	-0.4830	1.390	0
156080	21.419	-0.556	-22.353	-0.24	0.49	-0.30	-0.020	-0.001	0.004	-0.000	-0.000	0.000	0.1200	-0.1200	-0.1200	0.0000	0.0000	0.0000	0	1.00	0.2624	0.2264	-0.4830	1.390	0
156088	21.418	-0.558	-22.354	-0.26	0.22	-0.22	-0.011	-0.006	-0.003	-0.000	-0.000	0.000	0.1200	-0.1200	-0.1200	0.0000	0.0000	0.0000	0	1.00	0.2624	0.2264	-0.4830	1.390	0
156096	21.419	-0.552	-22.350	-0.55	0.44	-0.26	-0.017	0.051	-0.017	-0.000	-0.000	0.000	0.1200	-0.1200	-0.1200	0.0000	0.0000	0.0000	0	1.00	0.2624	0.2264	-0.4830	1.390	0
156104	21.418	-0.548	-22.345	-0.47	0.29	-0.41	-0.013	0.037	-0.015	-0.000	-0.000	-0.000	0.1200	-0.1200	-0.1200	0.0000	0.0000	0.0000	0	1.00	0.2624	0.2264	-0.4830	1.390	0
156112	21.422	-0.545	-22.347	-0.23	-0.07	-0.17	0.005	0.009	-0.013	-0.000	-0.000	-0.000	0.1200	-0.1200	-0.1200	0.0000	0.0000	0.0000	0	1.00	0.2624	0.2264	-0.4830	1.390	0
156120	21.423	-0.542	-22.344	-0.38	0.43	-0.53	0.013	0.004	-0.015	-0.000	-0.000	-0.000	0.1200	-0.1200	-0.1200	0.0000	0.0000	0.0000	0	1.00	0.2624	0.2264	-0.4830	1.390	0
156128	21.422	-0.542	-22.344	-0.23	0.14	-0.39	0.009	0.034	-0.011	-0.000	0.000	-0.000	0.1200	-0.1200	-0.1200	0.0000	0.0000	0.0000	0	1.00	0.2624	0.2264	-0.4830	1.390	0
156136	21.424	-0.536	-22.340	-0.18	0.06	-0.04	0.006	0.004	0.010	-0.000	0.000	-0.000	0.1200	-0.1200	-0.1200	0.0000	0.0000	0.0000	0	1.00	0.2624	0.2264	-0.4830	1.390	0
156144	21.428	-0.534	-22.342	-0.11	0.30	-0.14	-0.016	0.011	-0.008	-0.000	0.000	-0.000	0.1200	-0.1200	-0.1200	0.0000	0.0000	0.0000	0	1.00	0.2624	0.2264	-0.4830	1.390	0
156152	21.428	-0.533	-22.342	-0.40	0.28	-0.25	0.005	-0.000	-0.007	-0.000	0.000	-0.000	0.1200	-0.1200	-0.1200	0.0000	0.0000	0.0000	0	1.00	0.2624	0.2264	-0.4830	1.390	0
156160	21.432	-0.529	-22.342	-0.57	0.32	-0.65	-0.004	-0.047	0.003	-0.000	0.000	-0.000	0.1200	-0.1200	-0.1200	0.0000	0.0000	0.0000	0	1.00	0.2624	0.2264	-0.4830	1.390	0
156168	21.433	-0.523	-22.337	-0.69	0.10	-0.52	0.007	-0.058	0.004	-0.000	0.000	-0.000	0.1200	-0.1200	-0.1200	0.0000	0.0000	0.0000	0	1.00	0.2624	0.2264	-0.4830	1.390	0
156176	21.434	-0.523	-22.338	-0.23	0.34	-0.28	0.011	-0.033	0.005	-0.000	-0.000	-0.000	0.1200	-0.1200	-0.1200	0.0000	0.0000	0.0000	0	1.00	0.2624	0.2264	-0.4830	1.390	0
156183	21.435	-0.521	-22.338	-0.25	0.01	-0.44	-0.001	-0.043	0.003	-0.000	-0.000	-0.000	0.1200	-0.1200	-0.1200	0.0000	0.0000	0.0000	0	1.00	0.2624	0.2264	-0.4830	1.390	0
156191	21.438	-0.517	-22.338	-0.13	-0.12	-0.22	0.004	0.008	0.007	-0.000	-0.000	-0.000	0.1200	-0.1200	-0.1200	0.0000	0.0000	0.0000	0	1.00	0.2624	0.2264	-0.4830	1.390	0
156199	21.439	-0.517	-22.338	-0.18	-0.05	-0.24	0.000	0.012	-0.008	-0.000	-0.000	-0.000	0.1200	-0.1200	-0.1200	0.0000	0.0000	0.0000	0	1.00	0.2624	0.2264	-0.4830	1.390	0
156207	21.438	-0.518	-22.338	-0.80	-0.13	-0.49	0.004	0.018	-0.012	-0.000	-0.000	-0.000	0.1200	-0.1200	-0.1200	0.0000	0.0000	0.0000	0	1.00	0.2624	0.2264	-0.4830	1.390	0
156215	21.438	-0.515	-22.335	-0.26	-0.28	-0.47	-0.006	-0.012	0.011	-0.000	-0.000	-0.000	0.1200	-0.1200	-0.1200	0.0000	0.0000	0.0000	0	1.00	0.2624	0.2264	-0.4830	1.390	0
156223	21.435	-0.519	-22.336	-0.10	-0.20	-0.39	-0.006	0.035	0.004	-0.000	-0.000	-0.000	0.1200	-0.1200	-0.1200	0.0000	0.0000	0.0000	0	1.00	0.2624	0.2264	-0.4830	1.390	0
156231	21.431	-0.522	-22.335	-0.58	-0.40	-0.24	-0.027	0.042	0.009	-0.000	0.000	-0.000	0.1200	-0.1200	-0.1200	0.0000	0.0000	0.0000	0	1.00	0.2624	0.2264	-0.4830	1.390	0
156239	21.433	-0.523	-22.337	-0.41	-0.25	-0.35	-0.007	0.047	0.006	-0.000	0.000	-0.000	0.1200	-0.1200	-0.1200	0.0000	0.0000	0.0000	0	1.00	0.2624	0.2264	-0.4830	1.390	0
156247	21.433	-0.524	-22.338	-0.45	-0.26	-0.71	-0.006	0.027	0.012	-0.000	0.000	-0.000	0.1200	-0.1200	-0.1200	0.0000	0.0000	0.0000	0	1.00	0.2624	0.2264	-0.4830	1.390	0
156255	21.425	-0.534	-22.340	-0.56	-0.50	-0.26	-0.007	0.000	0.009	-0.000	0.000	-0.000	0.1200	-0.1200	-0.1200	0.0000	0.0000	0.0000	0	1.00	0.2624	0.2264	-0.4830	1.390	0
156263	21.424	-0.536	-22.340	-0.57	-0.44	-0.63	-0.009	-0.018	-0.005	-0.000	0.000	-0.000	0.1200	-0.1200	-0.1200	0.0000	0.0000	0.0000	0	1.00	0.2624	0.2264	-0.4830	1.390	0
156271	21.424	-0.538	-22.342	-0.41	-0.20	-0.39	-0.001	-0.013	-0.008	-0.000	0.000	-0.000	0.1200	-0.1200	-0.1200	0.0000	0.0000	0.0000	0	1.00	0.2624	0.2264	-0.4830	1.390	0
156279	21.419	-0.547	-22.344	-0.50	-0.28	-0.64	-0.000	-0.004	-0.000	-0.000	0.000	-0.000	0.1200	-0.1200	-0.1200	0.0000	0.0000	0.0000	0	1.00	0.2624	0.2264	-0.4830	1.390	0
156287	21.419	-0.546	-22.345	-0.32	-0.15	-0.42	0.023	0.003	-0.015	-0.000	0.000	-0.000	0.1200	-0.1200	-0.1200	0.0000	0.0000	0.0000	0	1.00	0.2624	0.2264	-0.4830	1.390	0
156295	21.420	-0.551	-22.350	0.05	-0.23	-0.50	0.019	-0.032	-0.015	-0.000	-0.000	-0.000	0.1200	-0.1200	-0.1200	0.0000	0.0000	0.0000	0	1.00	0.2624	0.2264	-0.4830	1.390	0
156303	21.423	-0.553	-22.354	-0.24	-0.18	-0.37	0.023	0.014	-0.022	-0.000	-0.000	-0.000	0.1200	-0.1200	-0.1200	0.0000	0.0000	0.0000	0	1.00	0.2624	0.2264	-0.4830	1.390	0
156311	21.422	-0.555	-22.356	-0.54	-0.32	-0.25	0.017	0.019	-0.005	-0.000	-0.000	-0.000	0.1200	-0.1200	-0.1200	0.0000	0.0000	0.0000	0	1.00	0.2624	0.2264	-0.4830	1.390	0
156319	21.418	-0.559	-22.355	-0.51	0.10	-0.60	0.019	-0.000	-0.015	-0.000	-0.000	-0.000	0.1200	-0.1200	-0.1200	0.0000	0.0000	0.0000	0	1.00	0.2624	0.2264	-0.4830	1.390	0
156327	21.414	-0.566	-22.358	-0.40	-0.09	-0.19	-0.001	-0.004	-0.016	-0.000	0.000	-0.000	0.1200	-0.1200	-0.1200	0.0000	0.0000	0.0000	0	1.00	0.2624	0.2264	-0.4830	1.390	0
156335	21.408	-0.572	-22.356	-0.36	-0.06	-0.59	-0.005	-0.015	0.006	-0.000	-0.000	-0.000	0.1200	-0.1200	-0.1200	0.0000	0.0000	0.0000	0	1.00	0.2624	0.2264	-0.4830	1.390	0
156343	21.405	-0.577	-22.359	-0.13	-0.04	-0.31	-0.013	0.013	0.012	-0.000	0.000	-0.000	0.1200	-0.1200	-0.1200	0.0000	0.0000	0.0000	0	1.00	0.2624	0.2264	-0.4830	1.390	0
156351	21.406	-0.575	-22.357	-0.35	-0.12	-0.22	-0.031	0.006	0.024	-0.000	0.000	-0.000	0.1200	-0.1200	-0.1200	0.0000	0.0000	0.0000	0	1.00	0.2624	0.2264	-0.4830	1.390	0
156359	21.408	-0.572	-22.356	-0.30	-0.19	-0.20	-0.025	0.028	0.031	-0.000	0.000	-0.000	0.1200	-0.1200	-0.1200	0.0000	0.0000	0.0000	0	1.00	0.2624	0.2264	-0.4830	1.390	0
156367	21.408	-0.572	-22.356	-0.15	-0.26	-0.27	-0.033	0.004	0.028	-0.000	0.000	-0.000	0.1200	-0.1200	-0.1200	0.0000	0.0000	0.0000	0	1.00	0.2624	0.2264	-0.4830	1.390	0
156375	21.409	-0.573	-22.359	-0.41	-0.03	-0.56	-0.027	-0.010	0.026	-0.000	0.000	-0.000	0.1200	-0.1200	-0.1200	0.0000	0.0000	0.0000	0	1.00	0.2624	0.2264	-0.4830	1.390	0
156383	21.412	-0.573	-22.361	-0.17	-0.20	-0.21	-0.009	-0.001	0.003	-0.000	0.000	-0.000	0.1200	-0.1200	-0.1200	0.0000	0.0000	0.0000	0	1.00	0.2624	0.2264	-0.4830	1.390	0
156391	21.416	-0.571	-22.364	-0.15	-0.13	-0.40	-0.013	0.014	0.003	-0.000	0.000	-0.000	0.1200	-0.1200	-0.1200	0.0000	0.0000	0.0000	0	1.00	0.2624	0.2264	-0.4830	1.390	0
156399	21.410	-0.573	-22.360	-0.47	-0.08	-0.35	0.014	0.012	-0.014	-0.000	0.000	-0.000	0.1200	-0.1200	-0.1200	0.0000	0.0000	0.0000	0	1.00	0.2624	0.2264	-0.4830	1.390	0
156407	21.402	-0.580	-22.358	-0.34	-0.14	-0.32	0.022	-0.012	-0.026	-0.000	0.000	-0.000	0.1200	-0.1200	-0.1200	0.0000	0.0000	0.0000	0	1.00	0.2624	0.2264	-0.4830	1.390	0
156415	21.402	-0.580	-22.358	-0.42	-0.06	-0.42	0.022	-0.039	-0.017	-0.000	0.000	-0.000	0.1200	-0.1200	-0.1200	0.0000	0.0000	0.0000	0	1.00	0.2624	0.2264	-0.4830	1.390	0
156423	21.399	-0.584	-22.358	-0.68	0.08	-0.62	0.040	-0.015	-0.015	-0.000	0.000	-0.000	0.1200	-0.1200	-0.1200	0.0000	0.0000	0.0000	0	1.00	0.2624	0.2264	-0.4830	1.390	0
156431	21.393	-0.590	-22.359	-0.61	-0.02	-0.38	0.052	-0.024	-0.016	-0.000	0.000	-0.000	0.1200	-0.1200	-0.1200	0.0000	0.0000	0.0000	0	1.00	0.2624	0.2264	-0.4830	1.390	0
156438	21.394	-0.592	-22.361	-0.23	0.05	-0.30	0.040	0.028	-0.005	-0.000	0.000	-0.000	0.1200	-0.1200	-0.1200	0.0000	0.0000	0.0000	0	1.00	0.2624	0.2264	-0.4830	1.390	0
156446	21.395	-0.590	-22.360	-0.44	0.17	-0.53	0.029	-0.013	-0.014	0.000	0.000	-0.000	0.1200	-0.1200	-0.1200	0.0000	0.0000	0.0000	0	1.00	0.2624	0.2264	-0.4830	1.390	0
156454	21.393	-0.588	-22.357	-0.50	-0.05	-0.14	0.015	0.010	-0.000	0.000	0.000	-0.000	0.1200	-0.1200	-0.1200	0.0000	0.0000	0.0000	0	1.00	0.2624	0.2264	-0.4830	1.390	0
156462	21.391	-0.588	-22.354	-0.43	-0.06	0.02	-0.004	0.048	0.010	0.000	0.000	-0.000	0.1200	-0.1200	-0.1200	0.0000	0.0000	0.0000	0	1.00	0.2624	0.2264	-0.4830	1.390	0
156470	21.391	-0.587	-22.353	-0.51	-0.07	-0.43	-0.011	0.022	0.004	0.000	0.000	-0.000	0.1200	-0.1200	-0.1200	0.0000	0.0000	0.0000	0	1.00	0.2624	0.2264	-0.4830	1.390	0
156478	21.384	-0.595	-22.354	-0.30	-0.32	-0.50	-0.014	0.025	0.014	0.000	0.000	-0.000	0.1200	-0.1200	-0.1200	0.0000	0.0000	0.0000	0	1.00	0.2624	0.2264	-0.4830	1.390	0
156486	21.383	-0.595	-22.352	-0.43	0.02	-0.50	-0.038	0.043	0.008	-0.000	0.000	-0.000	0.1200	-0.1200	-0.1200	0.0000	0.0000	0.0000	0	1.00	0.2624	0.2264	-0.4830	1.390	0
156494	21.383	-0.602	-22.358	-0.41	-0.30	-0.30	-0.036	-0.013	0.001	-0.000	0.000	-0.000	0.1200	-0.1200	-0.1200	0.0000	0.0000	0.0000	0	1.00	0.2624	0.2264	-0.4830	1.390	0
156502	21.388	-0.601	-22.362	-0.14	-0.37	-0.29	-0.039	-0.018	0.004	-0.000	0.000	-0.000	0.1200	-0.1200	-0.1200	0.0000	0.0000	0.0000	0	1.00	0.2624	0.2264	-0.4830	1.390	0
156510	21.387	-0.602	-22.364	-0.28	-0.05	-0.15	-0.038	-0.020	-0.004	-0.000	0.000	-0.000	0.1200	-0.1200	-0.1200	0.0000	0.0000	0.0000	0	1.00	0.2624	0.2264	-0.4830	1.390	0
156517	21.389	-0.602	-22.365	-0.50	-0.26	-0.36	-0.030	-0.035	-0.005	-0.000	0.000	-0.000	0.1200	-0.1200	-0.1200	0.0000	0.0000	0.0000	0	1.00	0.2624	0.2264	-0.4830	1.390	0
156525	21.388	-0.602	-22.364	-0.62	0.04	-0.32	-0.014	-0.028	-0.009	-0.000	0.000	-0.000	0.1200	-0.1200	-0.1200	0.0000	0.0000	0.0000	0	1.00	0.2624	0.2264	-0.4830	1.390	0
156533	21.386	-0.606	-22.367	-0.37	-0.09	-0.44	0.002	-0.033	-0.013	-0.000	0.000	-0.000	0.1200	-0.1200	-0.1200	0.0000	0.0000	0.0000	0	1.00	0.2624	0.2264	-0.4830	1.390	0
156541	21.390	-0.606	-22.370	-0.30	0.01	-0.09	0.019	-0.029	-0.004	-0.000	0.000	-0.000	0.1200	-0.1200	-0.1200	0.0000	0.0000	0.0000	0	1.00	0.2624	0.2264	-0.4830	1.390	0
156549	21.392	-0.605	-22.371	-0.25	-0.13	-0.31	0.033	-0.056	-0.005	-0.000	0.000	-0.000	0.1200	-0.1200	-0.1200	0.0000	0.0000	0.0000	0	1.00	0.2624	0.2264	-0.4830	1.390	0
156557	21.390	-0.606	-22.369	-0.15	-0.01	-0.53	0.044	0.012	0.016	-0.000	0.000	-0.000	0.1200	-0.1200	-0.1200	0.0000	0.0000	0.0000	0	1.00	0.2624	0.2264	-0.4830	1.390	0
156565	21.388	-0.603	-22.365	-0.35	-0.29	-0.48	0.058	0.003	0.022	-0.000	0.000	-0.000	0.1200	-0.1200	-0.1200	0.0000	0.0000	0.0000	0	1.00	0.2624	0.2264	-0.4830	1.390	0
156573	21.386	-0.605	-22.364	-0.62	0.04	-0.32	0.055	0.030	0.022	0.000	0.000	-0.000	0.1200	-0.1200	-0.1200	0.0000	0.0000	0.0000	0	1.00	0.2624	0.2264	-0.4830	1.390	0
156581	21.382	-0.604	-22.360	-0.49	-0.11	-0.20	0.058	0.048	0.018	0.000	0.000	-0.000	0.1200	-0.1200	-0.1200	0.0000	0.0000	0.0000	0	1.00	0.2624	0.2264	-0.4830	1.390	0
156589	21.381	-0.605	-22.359	-0.14	-0.24	-0.42	0.026	0.022	0.012	0.000	0.000	-0.000	0.1200	-0.1200	-0.1200	0.0000	0.0000	0.0000	0	1.00	0.2624	0.2264	-0.4830	1.390	0
156597	21.376	-0.608	-22.358	-0.20	-0.17	-0.00	0.012	0.051	-0.002	0.000	0.000	-0.000	0.1200	-0.1200	-0.1200	0.0000	0.0000	0.0000	0	1.00	0.2624	0.2264	-0.4830	1.390	0
156604	21.374	-0.610	-22.357	-0.14	-0.32	-0.33	-0.005	0.069	-0.003	0.000	0.000	-0.000	0.1200	-0.1200	-0.1200	0.0000	0.0000	0.0000	0	1.00	0.2624	0.2264	-0.4830	1.390	0
156612	21.371	-0.614	-22.358	-0.19	-0.17	-0.44	-0.028	0.051	-0.025	0.000	0.000	-0.000	0.1200	-0.1200	-0.1200	0.0000	0.0000	0.0000	0	1.00	0.2624	0.2264	-0.4830	1.390	0
156620	21.377	-0.611	-22.362	-0.64	-0.23	-0.67	-0.050	-0.001	-0.028	0.000	0.000	-0.000	0.1200	-0.1200	-0.1200	0.0000	0.0000	0.0000	0	1.00	0.2624	0.2264	-0.4830	1.390	0
156628	21.382	-0.610	-22.366	-0.31	-0.17	-0.53	-0.049	-0.046	-0.025	0.000	0.000	-0.000	0.1200	-0.1200	-0.1200	0.0000	0.0000	0.0000	0	1.00	0.2624	0.2264	-0.4830	1.390	0
156636	21.378	-0.617	-22.368	-0.31	-0.26	-0.44	-0.053	-0.073	-0.032	-0.000	0.000	-0.000	0.1200	-0.1200	-0.1200	0.0000	0.0000	0.0000	0	1.00	0.2624	0.2264	-0.4830	1.390	0
156644	21.381	-0.620	-22.373	-0.54	-0.28	-0.29	-0.047	-0.077	-0.021	-0.000	0.000	-0.000	0.1200	-0.1200	-0.1200	0.0000	0.0000	0.0000	0	1.00	0.2624	0.2264	-0.4830	1.390	0
156652	21.381	-0.622	-22.375	-0.28	-0.09	-0.10	-0.039	-0.076	-0.001	-0.000	-0.000	-0.000	0.1200	-0.1200	-0.1200	0.0000	0.0000	0.0000	0	1.00	0.2624	0.2264	-0.4830	1.390	0
156660	21.386	-0.621	-22.379	-0.20	0.02	-0.51	-0.015	-0.026	0.011	-0.000	-0.000	-0.000	0.1200	-0.1200	-0.1200	0.0000	0.0000	0.0000	0	1.00	0.2624	0.2264	-0.4830	1.390	0
156668	21.383	-0.620	-22.375	-0.35	0.03	-0.06	0.006	-0.022	0.030	-0.000	-0.000	-0.000	0.1200	-0.1200	-0.1200	0.0000	0.0000	0.0000	0	1.00	0.2624	0.2264	-0.4830	1.390	0
156676	21.384	-0.617	-22.373	-0.32	0.09	-0.35	0.032	-0.019	0.033	-0.000	-0.000	-0.000	0.1200	-0.1200	-0.1200	0.0000	0.0000	0.0000	0	1.00	0.2624	0.2264	-0.4830	1.390	0
156684	21.389	-0.608	-22.371	-0.54	0.31	-0.57	0.055	0.032	0.034	-0.000	-0.000	-0.000	0.1200	-0.1200	-0.1200	0.0000	0.0000	0.0000	0	1.00	0.2624	0.2264	-0.4830	1.390	0
156692	21.384	-0.612	-22.369	-0.40	0.15	-0.12	0.065	0.083	0.037	-0.000	-0.000	-0.000	0.1200	-0.1200	-0.1200	0.0000	0.0000	0.0000	0	1.00	0.2624	0.2264	-0.4830	1.390	0
156700	21.381	-0.616	-22.370	-0.02	-0.32	-0.24	0.051	0.075	0.025	0.000	0.000	-0.000	0.1200	-0.1200	-0.1200	0.0000	0.0000	0.0000	0	1.00	0.2624	0.2264	-0.4830	1.390	0
156708	21.380	-0.613	-22.365	-0.40	0.06	-0.03	0.044	0.083	0.003	0.000	0.000	0.000	0.1200	-0.1200	-0.1200	0.0000	0.0000	0.0000	0	1.00	0.2624	0.2264	-0.4830	1.390	0
156715	21.378	-0.610	-22.361	-0.26	0.22	-0.22	0.033	0.055	-0.003	0.000	0.000	0.000	0.1200	-0.1200	-0.1200	0.0000	0.0000	0.0000	0	1.00	0.2624	0.2264	-0.4830	1.390	0
156724	21.377	-0.608	-22.359	-0.27	0.15	-0.46	0.017	0.051	-0.010	0.000	0.000	0.000	0.1200	-0.1200	-0.1200	0.0000	0.0000	0.0000	0	1.00	0.2624	0.2264	-0.4830	1.390	0
156732	21.381	-0.607	-22.362	-0.58	0.32	-0.64	-0.004	0.013	-0.025	0.000	0.000	-0.000	0.1200	-0.1200	-0.1200	0.0000	0.0000	0.0000	0	1.00	0.2624	0.2264	-0.4830	1.390	0
156740	21.385	-0.609	-22.367	-0.40	0.03	-0.32	-0.036	-0.021	-0.026	0.000	0.000	-0.000	0.1200	-0.1200	-0.1200	0.0000	0.0000	0.0000	0	1.00	0.2624	0.2264	-0.4830	1.390	0
156747	21.385	-0.610	-22.368	-0.35	0.10	-0.43	-0.047	-0.060	-0.026	0.000	0.000	-0.000	0.1200	-0.1200	-0.1200	0.0000	0.0000	0.0000	0	1.00	0.2624	0.2264	-0.4830	1.390	0
156755	21.385	-0.613	-22.371	-0.45	0.30	-0.23	-0.051	-0.076	-0.033	-0.000	0.000	-0.000	0.1200	-0.1200	-0.1200	0.0000	0.0000	0.0000	0	1.00	0.2624	0.2264	-0.4830	1.390	0
156763	21.392	-0.606	-22.372	-0.44	-0.00	-0.36	-0.063	-0.039	-0.015	-0.000	0.000	-0.000	0.1200	-0.1200	-0.1200	0.0000	0.0000	0.0000	0	1.00	0.2624	0.2264	-0.4830	1.390	0
156772	21.392	-0.604	-22.370	-0.66	0.18	-0.52	-0.048	-0.060	-0.005	-0.000	-0.000	-0.000	0.1200	-0.1200	-0.1200	0.0000	0.0000	0.0000	0	1.00	0.2624	0.2264	-0.4830	1.390	0
156779	21.395	-0.601	-22.371	-0.35	0.10	-0.43	-0.022	-0.040	0.005	-0.000	-0.000	-0.000	0.1200	-0.1200	-0.1200	0.0000	0.0000	0.0000	0	1.00	0.2624	0.2264	-0.4830	1.390	0
156787	21.394	-0.601	-22.368	-0.42	-0.19	-0.29	0.016	-0.044	0.020	-0.000	-0.000	-0.000	0.1200	-0.1200	-0.1200	0.0000	0.0000	0.0000	0	1.00	0.2624	0.2264	-0.4830	1.390	0
156795	21.392	-0.604	-22.369	-0.07	-0.30	-0.22	0.022	-0.019	0.024	-0.000	-0.000	-0.000	0.1200	-0.1200	-0.1200	0.0000	0.0000	0.0000	0	1.00	0.2624	0.2264	-0.4830	1.390	0
156803	21.388	-0.608	-22.370	-0.10	-0.26	-0.01	0.042	0.027	0.035	-0.000	-0.000	-0.000	0.1200	-0.1200	-0.1200	0.0000	0.0000	0.0000	0	1.00	0.2624	0.2264	-0.4830	1.390	0
156811	21.386	-0.607	-22.367	-0.26	-0.13	0.12	0.048	0.070	0.022	-0.000	-0.000	0.000	0.1200	-0.1200	-0.1200	0.0000	0.0000	0.0000	0	1.00	0.2624	0.2264	-0.4830	1.390	0
156819	21.385	-0.606	-22.365	-0.57	-0.20	-0.56	0.046	0.036	0.017	-0.000	-0.000	0.000	0.1200	-0.1200	-0.1200	0.0000	0.0000	0.0000	0	1.00	0.2624	0.2264	-0.4830	1.390	0
156827	21.381	-0.605	-22.360	-0.55	0.15	-0.72	0.043	0.016	0.030	0.000	-0.000	0.000	0.1200	-0.1200	-0.1200	0.0000	0.0000	0.0000	0	1.00	0.2624	0.2264	-0.4830	1.390	0
156835	21.380	-0.607	-22.360	-0.60	-0.17	-0.35	0.028	0.013	0.027	0.000	0.000	0.000	0.1200	-0.1200	-0.1200	0.0000	0.0000	0.0000	0	1.00	0.2624	0.2264	-0.4830	1.390	0
156843	21.381	-0.606	-22.361	-0.13	0.25	-0.28	0.008	0.028	-0.001	0.000	0.000	0.000	0.1200	-0.1200	-0.1200	0.0000	0.0000	0.0000	0	1.00	0.2624	0.2264	-0.4830	1.390	0
156851	21.385	-0.601	-22.360	-0.39	-0.02	-0.38	-0.018	0.036	-0.007	0.000	0.000	0.000	0.1200	-0.1200	-0.1200	0.0000	0.0000	0.0000	0	1.00	0.2624	0.2264	-0.4830	1.390	0
156859	21.390	-0.597	-22.361	-0.16	-0.20	-0.64	-0.024	-0.030	-0.012	0.000	0.000	0.000	0.1200	-0.1200	-0.1200	0.0000	0.0000	0.0000	0	1.00	0.2624	0.2264	-0.4830	1.390	0
156867	21.391	-0.597	-22.363	-0.40	0.08	-0.36	-0.030	-0.016	-0.012	0.000	0.000	0.000	0.1200	-0.1200	-0.1200	0.0000	0.0000	0.0000	0	1.00	0.2624	0.2264	-0.4830	1.390	0
156875	21.392	-0.598	-22.364	-0.64	-0.05	-0.41	-0.030	-0.060	-0.020	-0.000	0.000	0.000	0.1200	-0.1200	-0.1200	0.0000	0.0000	0.0000	0	1.00	0.2624	0.2264	-0.4830	1.390	0
156883	21.389	-0.599	-22.363	-0.50	-0.13	-0.49	-0.042	-0.043	-0.036	-0.000	0.000	0.000	0.1200	-0.1200	-0.1200	0.0000	0.0000	0.0000	0	1.00	0.2624	0.2264	-0.4830	1.390	0
156891	21.391	-0.595	-22.360	-0.56	0.04	-0.49	-0.023	-0.020	-0.020	-0.000	-0.000	-0.000	0.1200	-0.1200	-0.1200	0.0000	0.0000	0.0000	0	1.00	0.2624	0.2264	-0.4830	1.390	0
156899	21.388	-0.600	-22.363	-0.01	-0.29	-0.39	-0.014	-0.007	-0.015	-0.000	-0.000	-0.000	0.1200	-0.1200	-0.1200	0.0000	0.0000	0.0000	0	1.00	0.2624	0.2264	-0.4830	1.390	0
156907	21.387	-0.606	-22.367	-0.21	-0.43	-0.36	0.014	-0.014	-0.018	-0.000	-0.000	-0.000	0.1200	-0.1200	-0.1200	0.0000	0.0000	0.0000	0	1.00	0.2624	0.2264	-0.4830	1.390	0
156915	21.383	-0.612	-22.368	-0.29	-0.38	-0.13	0.020	0.002	-0.004	-0.000	-0.000	-0.000	0.1200	-0.1200	-0.1200	0.0000	0.0000	0.0000	0	1.00	0.2624	0.2264	-0.4830	1.390	0
156922	21.382	-0.614	-22.370	-0.43	-0.10	-0.37	0.040	0.049	-0.002	-0.000	-0.000	-0.000	0.1200	-0.1200	-0.1200	0.0000	0.0000	0.0000	0	1.00	0.2624	0.2264	-0.4830	1.390	0
156930	21.380	-0.620	-22.372	-0.69	-0.42	-0.43	0.041	0.046	0.025	-0.000	0.000	-0.000	0.1200	-0.1200	-0.1200	0.0000	0.0000	0.0000	0	1.00	0.2624	0.2264	-0.4830	1.390	0
156938	21.383	-0.622	-22.377	-0.23	-0.42	-0.26	0.049	0.036	0.016	0.000	0.000	-0.000	0.1200	-0.1200	-0.1200	0.0000	0.0000	0.0000	0	1.00	0.2624	0.2264	-0.4830	1.390	0
156946	21.382	-0.623	-22.377	-0.49	0.15	-0.46	0.015	0.039	0.011	0.000	0.000	-0.000	0.1200	-0.1200	-0.1200	0.0000	0.0000	0.0000	0	1.00	0.2624	0.2264	-0.4830	1.390	0
156954	21.380	-0.629	-22.380	-0.65	-0.17	-0.61	0.009	0.046	0.017	0.000	0.000	-0.000	0.1200	-0.1200	-0.1200	0.0000	0.0000	0.0000	0	1.00	0.2624	0.2264	-0.4830	1.390	0
156962	21.376	-0.633	-22.380	-0.53	-0.30	-0.39	0.006	0.033	0.016	0.000	0.000	0.000	0.1200	-0.1200	-0.1200	0.0000	0.0000	0.0000	0	1.00	0.2624	0.2264	-0.4830	1.390	0
156970	21.371	-0.632	-22.374	-0.41	-0.04	-0.56	-0.021	-0.004	0.001	0.000	0.000	0.000	0.1200	-0.1200	-0.1200	0.0000	0.0000	0.0000	0	1.00	0.2624	0.2264	-0.4830	1.390	0
156978	21.370	-0.630	-22.371	-0.18	-0.27	-0.45	-0.019	0.010	-0.009	0.000	0.000	0.000	0.1200	-0.1200	-0.1200	0.0000	0.0000	0.0000	0	1.00	0.2624	0.2264	-0.4830	1.390	0
156986	21.367	-0.634	-22.372	-0.30	-0.19	-0.63	-0.031	0.010	-0.012	0.000	0.000	0.000	0.1200	-0.1200	-0.1200	0.0000	0.0000	0.0000	0	1.00	0.2624	0.2264	-0.4830	1.390	0
156994	21.365	-0.636	-22.372	-0.41	-0.04	-0.56	-0.023	-0.030	-0.030	-0.000	0.000	-0.000	0.1200	-0.1200	-0.1200	0.0000	0.0000	0.0000	0	1.00	0.2624	0.2264	-0.4830	1.390	0
157002	21.363	-0.640	-22.374	-0.36	-0.15	-0.50	-0.020	-0.037	-0.041	-0.000	0.000	-0.000	0.1200	-0.1200	-0.1200	0.0000	0.0000	0.0000	0	1.00	0.2624	0.2264	-0.4830	1.390	0
157010	21.364	-0.642	-22.377	-0.55	-0.15	-0.42	-0.020	-0.034	-0.035	-0.000	0.000	-0.000	0.1200	-0.1200	-0.1200	0.0000	0.0000	0.0000	0	1.00	0.2624	0.2264	-0.4830	1.390	0
157017	21.363	-0.650	-22.383	-0.17	-0.42	0.00	-0.002	-0.052	-0.028	-0.000	0.000	-0.000	0.1200	-0.1200	-0.1200	0.0000	0.0000	0.0000	0	1.00	0.2624	0.2264	-0.4830	1.390	0
157025	21.365	-0.647	-22.382	-0.23	-0.20	-0.47	0.002	-0.016	-0.013	-0.000	0.000	-0.000	0.1200	-0.1200	-0.1200	0.0000	0.0000	0.0000	0	1.00	0.2624	0.2264	-0.4830	1.390	0
157033	21.362	-0.648	-22.379	-0.43	0.02	-0.50	0.007	-0.023	0.008	-0.000	0.000	-0.000	0.1200	-0.1200	-0.1200	0.0000	0.0000	0.0000	0	1.00	0.2624	0.2264	-0.4830	1.390	0
157041	21.359	-0.649	-22.378	-0.46	0.01	-0.25	0.015	-0.025	0.021	-0.000	0.000	-0.000	0.1200	-0.1200	-0.1200	0.0000	0.0000	0.0000	0	1.00	0.2624	0.2264	-0.4830	1.390	0
157049	21.358	-0.651	-22.378	-0.28	-0.18	-0.45	0.033	0.010	0.036	0.000	0.000	-0.000	0.1200	-0.1200	-0.1200	0.0000	0.0000	0.0000	0	1.00	0.2624	0.2264	-0.4830	1.390	0
157057	21.357	-0.651	-22.377	0.03	-0.52	-0.09	0.016	0.006	0.049	0.000	0.000	-0.000	0.1200	-0.1200	-0.1200	0.0000	0.0000	0.0000	0	1.00	0.2624	0.2264	-0.4830	1.390	0
157065	21.359	-0.655	-22.382	-0.04	-0.00	-0.01	0.006	0.036	0.049	0.000	0.000	0.000	0.1200	-0.1200	-0.1200	0.0000	0.0000	0.0000	0	1.00	0.2624	0.2264	-0.4830	1.390	0
157073	21.365	-0.647	-22.381	-0.28	0.38	-0.58	0.012	0.017	0.048	0.000	0.000	0.000	0.1200	-0.1200	-0.1200	0.0000	0.0000	0.0000	0	1.00	0.2624	0.2264	-0.4830	1.390	0
157081	21.368	-0.646	-22.384	-0.39	0.10	-0.51	-0.005	0.011	0.026	0.000	0.000	0.000	0.1200	-0.1200	-0.1200	0.0000	0.0000	0.0000	0	1.00	0.2624	0.2264	-0.4830	1.390	0
157089	21.371	-0.643	-22.384	-0.59	0.25	-0.45	-0.012	-0.001	0.015	0.000	0.000	0.000	0.1200	-0.1200	-0.1200	0.0000	0.0000	0.0000	0	1.00	0.2624	0.2264	-0.4830	1.390	0
157097	21.369	-0.644	-22.384	-0.44	0.17	-0.53	-0.023	-0.002	0.007	0.000	0.000	0.000	0.1200	-0.1200	-0.1200	0.0000	0.0000	0.0000	0	1.00	0.2624	0.2264	-0.4830	1.390	0
157105	21.368	-0.640	-22.379	-0.54	-0.04	-0.22	-0.026	0.016	0.003	-0.000	0.000	0.000	0.1200	-0.1200	-0.1200	0.0000	0.0000	0.0000	0	1.00	0.2624	0.2264	-0.4830	1.390	0
157113	21.367	-0.637	-22.374	-0.21	0.28	-0.33	-0.034	0.016	-0.014	-0.000	0.000	0.000	0.1200	-0.1200	-0.1200	0.0000	0.0000	0.0000	0	1.00	0.2624	0.2264	-0.4830	1.390	0
157121	21.361	-0.640	-22.371	-0.17	0.17	-0.27	-0.018	0.005	-0.017	-0.000	0.000	0.000	0.1200	-0.1200	-0.1200	0.0000	0.0000	0.0000	0	1.00	0.2624	0.2264	-0.4830	1.390	0
157129	21.360	-0.638	-22.369	-0.04	-0.00	-0.44	-0.015	0.009	-0.008	-0.000	0.000	0.000	0.1200	-0.1200	-0.1200	0.0000	0.0000	0.0000	0	1.00	0.2624	0.2264	-0.4830	1.390	0
157137	21.359	-0.636	-22.366	-0.32	-0.37	-0.64	0.010	-0.001	-0.013	-0.000	0.000	0.000	0.1200	-0.1200	-0.1200	0.0000	0.0000	0.0000	0	1.00	0.2624	0.2264	-0.4830	1.390	0
157145	21.361	-0.632	-22.365	-0.29	0.01	-0.51	0.033	0.013	-0.013	-0.000	0.000	0.000	0.1200	-0.1200	-0.1200	0.0000	0.0000	0.0000	0	1.00	0.2624	0.2264	-0.4830	1.390	0
157152	21.366	-0.633	-22.370	-0.01	-0.51	-0.17	0.030	0.023	-0.020	-0.000	0.000	0.000	0.1200	-0.1200	-0.1200	0.0000	0.0000	0.0000	0	1.00	0.2624	0.2264	-0.4830	1.390	0
157160	21.368	-0.638	-22.376	-0.22	-0.55	-0.56	0.036	-0.006	-0.006	0.000	0.000	0.000	0.1200	-0.1200	-0.1200	0.0000	0.0000	0.0000	0	1.00	0.2624	0.2264	-0.4830	1.390	0
157168	21.373	-0.637	-22.380	-0.37	-0.02	-0.20	0.033	-0.005	-0.002	0.000	0.000	0.000	0.1200	-0.1200	-0.1200	0.0000	0.0000	0.0000	0	1.00	0.2624	0.2264	-0.4830	1.390	0
157176	21.370	-0.640	-22.381	-0.61	0.02	-0.42	0.024	-0.048	0.015	0.000	0.000	0.000	0.1200	-0.1200	-0.1200	0.0000	0.0000	0.0000	0	1.00	0.2624	0.2264	-0.4830	1.390	0
157184	21.368	-0.644	-22.382	-0.61	-0.11	-0.29	0.004	-0.031	0.025	0.000	0.000	0.000	0.1200	-0.1200	-0.1200	0.0000	0.0000	0.0000	0	1.00	0.2624	0.2264	-0.4830	1.390	0
157192	21.362	-0.649	-22.381	-0.38	-0.26	-0.27	-0.008	-0.003	0.014	0.000	0.000	0.000	0.1200	-0.1200	-0.1200	0.0000	0.0000	0.0000	0	1.00	0.2624	0.2264	-0.4830	1.390	0
157200	21.356	-0.656	-22.381	0.06	-0.47	-0.39	-0.021	-0.010	0.017	0.000	0.000	0.000	0.1200	-0.1200	-0.1200	0.0000	0.0000	0.0000	0	1.00	0.2624	0.2264	-0.4830	1.390	0
157208	21.356	-0.651	-22.376	-0.31	-0.27	-0.11	-0.024	0.020	0.016	0.000	0.000	0.000	0.1200	-0.1200	-0.1200	0.0000	0.0000	0.0000	0	1.00	0.2624	0.2264	-0.4830	1.390	0
157216	21.352	-0.651	-22.372	-0.31	-0.01	-0.37	-0.037	0.025	0.015	0.000	0.000	0.000	0.1200	-0.1200	-0.1200	0.0000	0.0000	0.0000	0	1.00	0.2624	0.2264	-0.4830	1.390	0
157224	21.353	-0.650	-22.373	-0.39	-0.02	-0.38	-0.041	0.008	0.013	-0.000	0.000	0.000	0.1200	-0.1200	-0.1200	0.0000	0.0000	0.0000	0	1.00	0.2624	0.2264	-0.4830	1.390	0
157232	21.357	-0.648	-22.375	-0.56	-0.00	-0.44	-0.027	0.044	0.005	-0.000	0.000	0.000	0.1200	-0.1200	-0.1200	0.0000	0.0000	0.0000	0	1.00	0.2624	0.2264	-0.4830	1.390	0
157240	21.358	-0.646	-22.374	-0.60	-0.12	-0.39	-0.032	-0.012	-0.025	-0.000	0.000	0.000	0.1200	-0.1200	-0.1200	0.0000	0.0000	0.0000	0	1.00	0.2624	0.2264	-0.4830	1.390	0
157248	21.360	-0.654	-22.383	-0.29	-0.20	-0.30	-0.016	-0.003	-0.030	-0.000	0.000	0.000	0.1200	-0.1200	-0.1200	0.0000	0.0000	0.0000	0	1.00	0.2624	0.2264	-0.4830	1.390	0
157256	21.357	-0.658	-22.384	-0.16	-0.09	-0.44	-0.010	-0.018	-0.042	-0.000	0.000	0.000	0.1200	-0.1200	-0.1200	0.0000	0.0000	0.0000	0	1.00	0.2624	0.2264	-0.4830	1.390	0
157264	21.361	-0.660	-22.390	-0.46	-0.05	-0.49	0.004	-0.020	-0.041	-0.000	0.000	-0.000	0.1200	-0.1200	-0.1200	0.0000	0.0000	0.0000	0	1.00	0.2624	0.2264	-0.4830	1.390	0
157272	21.359	-0.661	-22.388	-0.22	0.04	-0.40	0.014	-0.009	-0.035	-0.000	0.000	-0.000	0.1200	-0.1200	-0.1200	0.0000	0.0000	0.0000	0	1.00	0.2624	0.2264	-0.4830	1.390	0
157280	21.355	-0.664	-22.388	-0.31	-0.02	-0.37	0.016	0.001	-0.023	-0.000	0.000	-0.000	0.1200	-0.1200	-0.1200	0.0000	0.0000	0.0000	0	1.00	0.2624	0.2264	-0.4830	1.390	0
157288	21.352	-0.665	-22.385	-0.31	0.16	-0.11	0.028	-0.012	-0.011	-0.000	0.000	-0.000	0.1200	-0.1200	-0.1200	0.0000	0.0000	0.0000	0	1.00	0.2624	0.2264	-0.4830	1.390	0
157296	21.354	-0.665	-22.387	-0.26	0.22	-0.22	0.044	0.014	0.014	-0.000	0.000	-0.000	0.1200	-0.1200	-0.1200	0.0000	0.0000	0.0000	0	1.00	0.2624	0.2264	-0.4830	1.390	0
157304	21.351	-0.661	-22.380	-0.43	0.02	-0.50	0.036	0.004	0.036	0.000	0.000	-0.000	0.1200	-0.1200	-0.1200	0.0000	0.0000	0.0000	0	1.00	0.2624	0.2264	-0.4830	1.390	0
157312	21.353	-0.657	-22.379	-0.08	0.01	-0.09	0.043	0.017	0.047	0.000	0.000	-0.000	0.1200	-0.1200	-0.1200	0.0000	0.0000	0.0000	0	1.00	0.2624	0.2264	-0.4830	1.390	0
157320	21.354	-0.655	-22.378	-0.26	0.29	0.02	0.018	0.037	0.043	0.000	0.000	0.000	0.1200	-0.1200	-0.1200	0.0000	0.0000	0.0000	0	1.00	0.2624	0.2264	-0.4830	1.390	0
157328	21.356	-0.654	-22.379	-0.31	-0.02	-0.37	0.002	0.008	0.028	0.000	0.000	0.000	0.1200	-0.1200	-0.1200	0.0000	0.0000	0.0000	0	1.00	0.2624	0.2264	-0.4830	1.390	0
157336	21.362	-0.649	-22.381	-0.36	0.10	-0.43	-0.006	0.008	0.037	0.000	0.000	0.000	0.1200	-0.1200	-0.1200	0.0000	0.0000	0.0000	0	1.00	0.2624	0.2264	-0.4830	1.390	0
157343	21.362	-0.649	-22.380	-0.48	-0.04	-0.39	-0.032	-0.015	0.025	0.000	0.000	0.000	0.1200	-0.1200	-0.1200	0.0000	0.0000	0.0000	0	1.00	0.2624	0.2264	-0.4830	1.390	0
157351	21.364	-0.648	-22.381	-0.39	-0.07	-0.34	-0.023	-0.025	0.012	0.000	0.000	0.000	0.1200	-0.1200	-0.1200	0.0000	0.0000	0.0000	0	1.00	0.2624	0.2264	-0.4830	1.390	0
157359	21.362	-0.652	-22.383	-0.63	-0.00	-0.27	-0.033	-0.021	-0.011	-0.000	0.000	0.000	0.1200	-0.1200	-0.1200	0.0000	0.0000	0.0000	0	1.00	0.2624	0.2264	-0.4830	1.390	0
157367	21.363	-0.649	-22.381	-0.49	-0.02	-0.29	-0.040	-0.026	-0.025	-0.000	0.000	0.000	0.1200	-0.1200	-0.1200	0.0000	0.0000	0.0000	0	1.00	0.2624	0.2264	-0.4830	1.390	0
157375	21.367	-0.645	-22.382	-0.42	0.10	-0.26	-0.040	-0.024	-0.029	-0.000	0.000	0.000	0.1200	-0.1200	-0.1200	0.0000	0.0000	0.0000	0	1.00	0.2624	0.2264	-0.4830	1.390	0
157383	21.366	-0.645	-22.381	-0.38	-0.04	-0.48	-0.004	-0.015	-0.045	-0.000	0.000	0.000	0.1200	-0.1200	-0.1200	0.0000	0.0000	0.0000	0	1.00	0.2624	0.2264	-0.4830	1.390	0
157391	21.366	-0.642	-22.378	-0.67	0.15	-0.38	0.003	-0.026	-0.044	-0.000	0.000	0.000	0.1200	-0.1200	-0.1200	0.0000	0.0000	0.0000	0	1.00	0.2624	0.2264	-0.4830	1.390	0
157399	21.373	-0.638	-22.381	-0.60	0.05	-0.57	0.008	-0.012	-0.040	-0.000	0.000	-0.000	0.1200	-0.1200	-0.1200	0.0000	0.0000	0.0000	0	1.00	0.2624	0.2264	-0.4830	1.390	0
157407	21.373	-0.640	-22.384	-0.48	-0.28	-0.46	0.023	0.003	-0.038	-0.000	0.000	-0.000	0.1200	-0.1200	-0.1200	0.0000	0.0000	0.0000	0	1.00	0.2624	0.2264	-0.4830	1.390	0
157415	21.372	-0.646	-22.388	-0.28	-0.13	-0.49	0.033	0.002	-0.020	-0.000	0.000	-0.000	0.1200	-0.1200	-0.1200	0.0000	0.0000	0.0000	0	1.00	0.2624	0.2264	-0.4830	1.390	0
157423	21.367	-0.653	-22.389	-0.41	-0.34	-0.26	0.040	0.025	-0.004	-0.000	0.000	-0.000	0.1200	-0.1200	-0.1200	0.0000	0.0000	0.0000	0	1.00	0.2624	0.2264	-0.4830	1.390	0
157431	21.366	-0.653	-22.388	-0.36	-0.27	-0.37	0.023	0.034	0.010	0.000	0.000	-0.000	0.1200	-0.1200	-0.1200	0.0000	0.0000	0.0000	0	1.00	0.2624	0.2264	-0.4830	1.390	0
157438	21.365	-0.650	-22.385	-0.43	-0.19	-0.29	0.013	-0.009	0.031	0.000	0.000	-0.000	0.1200	-0.1200	-0.1200	0.0000	0.0000	0.0000	0	1.00	0.2624	0.2264	-0.4830	1.390	0
157446	21.359	-0.656	-22.383	-0.28	-0.18	-0.45	0.012	0.022	0.054	0.000	0.000	-0.000	0.1200	-0.1200	-0.1200	0.0000	0.0000	0.0000	0	1.00	0.2624	0.2264	-0.4830	1.390	0
157454	21.357	-0.660	-22.385	-0.63	-0.29	-0.30	-0.001	-0.012	0.058	0.000	0.000	0.000	0.1200	-0.1200	-0.1200	0.0000	0.0000	0.0000	0	1.00	0.2624	0.2264	-0.4830	1.390	0
157462	21.358	-0.663	-22.390	-0.38	-0.41	-0.42	-0.011	0.013	0.049	0.000	0.000	0.000	0.1200	-0.1200	-0.1200	0.0000	0.0000	0.0000	0	1.00	0.2624	0.2264	-0.4830	1.390	0
157470	21.360	-0.663	-22.391	-0.21	-0.02	-0.46	-0.012	-0.003	0.034	0.000	0.000	0.000	0.1200	-0.1200	-0.1200	0.0000	0.0000	0.0000	0	1.00	0.2624	0.2264	-0.4830	1.390	0
157478	21.364	-0.662	-22.395	-0.42	0.03	-0.50	-0.024	-0.015	0.046	-0.000	0.000	0.000	0.1200	-0.1200	-0.1200	0.0000	0.0000	0.0000	0	1.00	0.2624	0.2264	-0.4830	1.390	0
157486	21.367	-0.659	-22.395	-0.46	-0.01	-0.54	-0.022	-0.022	0.013	-0.000	0.000	0.000	0.1200	-0.1200	-0.1200	0.0000	0.0000	0.0000	0	1.00	0.2624	0.2264	-0.4830	1.390	0
157494	21.368	-0.659	-22.396	-0.55	-0.06	-0.07	-0.006	-0.014	0.005	-0.000	0.000	0.000	0.1200	-0.1200	-0.1200	0.0000	0.0000	0.0000	0	1.00	0.2624	0.2264	-0.4830	1.390	0
157502	21.369	-0.658	-22.396	-0.32	0.00	-0.27	0.002	0.005	-0.017	-0.000	0.000	0.000	0.1200	-0.1200	-0.1200	0.0000	0.0000	0.0000	0	1.00	0.2624	0.2264	-0.4830	1.390	0
157510	21.367	-0.662	-22.398	-0.37	0.20	-0.42	-0.008	0.008	-0.040	-0.000	0.000	0.000	0.1200	-0.1200	-0.1200	0.0000	0.0000	0.0000	0	1.00	0.2624	0.2264	-0.4830	1.390	0
157517	21.361	-0.666	-22.395	-0.39	-0.03	-0.38	-0.002	0.026	-0.052	-0.000	0.000	0.000	0.1200	-0.1200	-0.1200	0.0000	0.0000	0.0000	0	1.00	0.2624	0.2264	-0.4830	1.390	0
157525	21.361	-0.670	-22.398	-0.35	0.16	-0.19	0.005	-0.001	-0.062	-0.000	0.000	0.000	0.1200	-0.1200	-0.1200	0.0000	0.0000	0.0000	0	1.00	0.2624	0.2264	-0.4830	1.390	0
157533	21.360	-0.666	-22.394	-0.37	0.33	-0.54	-0.001	-0.009	-0.052	-0.000	0.000	0.000	0.1200	-0.1200	-0.1200	0.0000	0.0000	0.0000	0	1.00	0.2624	0.2264	-0.4830	1.390	0
157541	21.360	-0.669	-22.396	-0.25	0.33	-0.46	0.005	-0.022	-0.039	-0.000	0.000	-0.000	0.1200	-0.1200	-0.1200	0.0000	0.0000	0.0000	0	1.00	0.2624	0.2264	-0.4830	1.390	0
157549	21.359	-0.671	-22.398	-0.42	0.27	-0.43	0.020	0.002	-0.021	-0.000	0.000	-0.000	0.1200	-0.1200	-0.1200	0.0000	0.0000	0.0000	0	1.00	0.2624	0.2264	-0.4830	1.390	0
157557	21.361	-0.667	-22.396	-0.45	0.39	-0.31	0.002	-0.003	-0.002	-0.000	0.000	-0.000	0.1200	-0.1200	-0.1200	0.0000	0.0000	0.0000	0	1.00	0.2624	0.2264	-0.4830	1.390	0
157565	21.362	-0.668	-22.397	-0.33	0.19	-0.34	0.017	-0.016	0.035	0.000	0.000	-0.000	0.1200	-0.1200	-0.1200	0.0000	0.0000	0.0000	0	1.00	0.2624	0.2264	-0.4830	1.390	0
157573	21.363	-0.666	-22.397	-0.10	0.04	-0.31	0.000	0.007	0.042	0.000	0.000	-0.000	0.1200	-0.1200	-0.1200	0.0000	0.0000	0.0000	0	1.00	0.2624	0.2264	-0.4830	1.390	0
157581	21.366	-0.663	-22.397	-0.24	0.44	-0.26	0.007	0.001	0.049	0.000	0.000	0.000	0.1200	-0.1200	-0.1200	0.0000	0.0000	0.0000	0	1.00	0.2624	0.2264	-0.4830	1.390	0
157589	21.368	-0.662	-22.398	-0.28	0.28	-0.16	-0.019	0.016	0.050	0.000	0.000	0.000	0.1200	-0.1200	-0.1200	0.0000	0.0000	0.0000	0	1.00	0.2624	0.2264	-0.4830	1.390	0
157597	21.367	-0.666	-22.400	-0.09	0.32	-0.29	-0.032	-0.000	0.047	0.000	0.000	0.000	0.1200	-0.1200	-0.1200	0.0000	0.0000	0.0000	0	1.00	0.2624	0.2264	-0.4830	1.390	0
157605	21.368	-0.663	-22.400	-0.30	0.35	-0.43	-0.023	-0.018	0.040	-0.000	0.000	0.000	0.1200	-0.1200	-0.1200	0.0000	0.0000	0.0000	0	1.00	0.2624	0.2264	-0.4830	1.390	0
157613	21.370	-0.659	-22.398	-0.21	0.39	-0.14	-0.034	-0.002	0.023	-0.000	0.000	0.000	0.1200	-0.1200	-0.1200	0.0000	0.0000	0.0000	0	1.00	0.2624	0.2264	-0.4830	1.390	0
157620	21.368	-0.652	-22.389	-0.59	0.29	-0.50	-0.037	-0.001	-0.002	-0.000	0.000	0.000	0.1200	-0.1200	-0.1200	0.0000	0.0000	0.0000	0	1.00	0.2624	0.2264	-0.4830	1.390	0
157628	21.369	-0.648	-22.387	-0.65	0.33	-0.37	-0.043	0.014	-0.033	-0.000	0.000	0.000	0.1200	-0.1200	-0.1200	0.0000	0.0000	0.0000	0	1.00	0.2624	0.2264	-0.4830	1.390	0
157636	21.374	-0.646	-22.389	-0.40	0.62	-0.60	-0.026	-0.021	-0.034	-0.000	0.000	0.000	0.1200	-0.1200	-0.1200	0.0000	0.0000	0.0000	0	1.00	0.2624	0.2264	-0.4830	1.390	0
157644	21.376	-0.643	-22.389	-0.54	0.13	-0.39	-0.017	-0.021	-0.049	-0.000	0.000	0.000	0.1200	-0.1200	-0.1200	0.0000	0.0000	0.0000	0	1.00	0.2624	0.2264	-0.4830	1.390	0
157652	21.377	-0.641	-22.388	-0.56	0.08	-0.53	-0.001	-0.021	-0.045	-0.000	0.000	0.000	0.1200	-0.1200	-0.1200	0.0000	0.0000	0.0000	0	1.00	0.2624	0.2264	-0.4830	1.390	0
157660	21.376	-0.642	-22.388	-0.37	0.00	-0.53	0.003	0.006	-0.042	-0.000	0.000	0.000	0.1200	-0.1200	-0.1200	0.0000	0.0000	0.0000	0	1.00	0.2624	0.2264	-0.4830	1.390	0
157668	21.376	-0.638	-22.384	-0.39	0.02	-0.42	0.031	-0.003	-0.039	-0.000	0.000	-0.000	0.1200	-0.1200	-0.1200	0.0000	0.0000	0.0000	0	1.00	0.2624	0.2264	-0.4830	1.390	0
157676	21.379	-0.633	-22.384	-0.65	-0.17	-0.61	0.044	-0.004	-0.017	-0.000	0.000	-0.000	0.1200	-0.1200	-0.1200	0.0000	0.0000	0.0000	0	1.00	0.2624	0.2264	-0.4830	1.390	0
157684	21.380	-0.632	-22.383	-0.45	0.02	-0.68	0.040	-0.014	0.007	-0.000	0.000	-0.000	0.1200	-0.1200	-0.1200	0.0000	0.0000	0.0000	0	1.00	0.2624	0.2264	-0.4830	1.390	0
157692	21.377	-0.634	-22.382	-0.16	0.04	-0.14	0.045	-0.017	0.021	-0.000	0.000	-0.000	0.1200	-0.1200	-0.1200	0.0000	0.0000	0.0000	0	1.00	0.2624	0.2264	-0.4830	1.390	0
157700	21.376	-0.634	-22.381	-0.01	-0.42	-0.26	0.041	0.010	0.035	-0.000	0.000	-0.000	0.1200	-0.1200	-0.1200	0.0000	0.0000	0.0000	0	1.00	0.2624	0.2264	-0.4830	1.390	0
157708	21.375	-0.640	-22.386	-0.13	-0.43	-0.35	0.007	0.016	0.052	0.000	0.000	0.000	0.1200	-0.1200	-0.1200	0.0000	0.0000	0.0000	0	1.00	0.2624	0.2264	-0.4830	1.390	0
157716	21.378	-0.640	-22.389	-0.46	-0.48	-0.06	-0.013	0.017	0.039	0.000	0.000	0.000	0.1200	-0.1200	-0.1200	0.0000	0.0000	0.0000	0	1.00	0.2624	0.2264	-0.4830	1.390	0
157724	21.382	-0.641	-22.394	-0.37	-0.30	-0.23	-0.025	0.031	0.015	-0.000	0.000	0.000	0.1200	-0.1200	-0.1200	0.0000	0.0000	0.0000	0	1.00	0.2624	0.2264	-0.4830	1.390	0
157732	21.385	-0.641	-22.396	-0.37	-0.01	-0.20	-0.037	0.006	0.010	-0.000	0.000	0.000	0.1200	-0.1200	-0.1200	0.0000	0.0000	0.0000	0	1.00	0.2624	0.2264	-0.4830	1.390	0
157740	21.381	-0.645	-22.397	-0.73	-0.20	-0.29	-0.036	0.007	0.002	-0.000	0.000	0.000	0.1200	-0.1200	-0.1200	0.0000	0.0000	0.0000	0	1.00	0.2624	0.2264	-0.4830	1.390	0
157748	21.378	-0.648	-22.396	-0.46	-0.14	-0.41	-0.030	0.024	-0.018	-0.000	0.000	0.000	0.1200	-0.1200	-0.1200	0.0000	0.0000	0.0000	0	1.00	0.2624	0.2264	-0.4830	1.390	0
157756	21.375	-0.648	-22.393	-0.21	0.02	-0.08	-0.029	0.013	-0.032	-0.000	0.000	0.000	0.1200	-0.1200	-0.1200	0.0000	0.0000	0.0000	0	1.00	0.2624	0.2264	-0.4830	1.390	0
157764	21.365	-0.654	-22.388	-0.43	-0.10	-0.37	-0.021	-0.001	-0.037	-0.000	0.000	0.000	0.1200	-0.1200	-0.1200	0.0000	0.0000	0.0000	0	1.00	0.2624	0.2264	-0.4830	1.390	0
157772	21.367	-0.653	-22.389	-0.50	-0.24	-0.68	0.003	0.011	-0.029	-0.000	0.000	0.000	0.1200	-0.1200	-0.1200	0.0000	0.0000	0.0000	0	1.00	0.2624	0.2264	-0.4830	1.390	0
157780	21.367	-0.653	-22.389	-0.44	0.13	-0.49	-0.002	-0.003	-0.032	-0.000	0.000	-0.000	0.1200	-0.1200	-0.1200	0.0000	0.0000	0.0000	0	1.00	0.2624	0.2264	-0.4830	1.390	0
157788	21.368	-0.651	-22.388	-0.49	0.03	-0.33	0.019	-0.034	-0.017	-0.000	0.000	-0.000	0.1200	-0.1200	-0.1200	0.0000	0.0000	0.0000	0	1.00	0.2624	0.2264	-0.4830	1.390	0
157796	21.370	-0.650	-22.389	-0.59	0.12	-0.32	0.037	-0.005	-0.009	-0.000	0.000	-0.000	0.1200	-0.1200	-0.1200	0.0000	0.0000	0.0000	0	1.00	0.2624	0.2264	-0.4830	1.390	0
157804	21.373	-0.652	-22.394	-0.29	-0.16	-0.34	0.041	-0.008	0.013	-0.000	0.000	-0.000	0.1200	-0.1200	-0.1200	0.0000	0.0000	0.0000	0	1.00	0.2624	0.2264	-0.4830	1.390	0
157812	21.374	-0.652	-22.396	-0.45	-0.11	-0.12	0.033	0.018	0.012	-0.000	0.000	-0.000	0.1200	-0.1200	-0.1200	0.0000	0.0000	0.0000	0	1.00	0.2624	0.2264	-0.4830	1.390	0
157820	21.371	-0.654	-22.395	-0.30	-0.19	-0.20	0.027	-0.006	0.008	-0.000	0.000	-0.000	0.1200	-0.1200	-0.1200	0.0000	0.0000	0.0000	0	1.00	0.2624	0.2264	-0.4830	1.390	0
157828	21.370	-0.655	-22.394	-0.28	-0.26	-0.36	0.014	0.026	0.024	-0.000	0.000	0.000	0.1200	-0.1200	-0.1200	0.0000	0.0000	0.0000	0	1.00	0.2624	0.2264	-0.4830	1.390	0
157836	21.370	-0.656	-22.394	-0.46	-0.18	-0.37	0.003	-0.000	0.019	-0.000	0.000	0.000	0.1200	-0.1200	-0.1200	0.0000	0.0000	0.0000	0	1.00	0.2624	0.2264	-0.4830	1.390	0
157844	21.366	-0.661	-22.396	-0.42	-0.19	-0.29	-0.023	0.035	0.021	-0.000	0.000	0.000	0.1200	-0.1200	-0.1200	0.0000	0.0000	0.0000	0	1.00	0.2624	0.2264	-0.4830	1.390	0
157852	21.366	-0.660	-22.395	-0.55	0.02	-0.59	-0.021	-0.015	0.033	-0.000	0.000	0.000	0.1200	-0.1200	-0.1200	0.0000	0.0000	0.0000	0	1.00	0.2624	0.2264	-0.4830	1.390	0
157860	21.367	-0.657	-22.393	-0.54	0.09	-0.35	-0.026	-0.019	0.020	-0.000	0.000	0.000	0.1200	-0.1200	-0.1200	0.0000	0.0000	0.0000	0	1.00	0.2624	0.2264	-0.4830	1.390	0
157868	21.366	-0.658	-22.393	-0.33	0.19	-0.34	-0.030	0.007	0.006	-0.000	0.000	0.000	0.1200	-0.1200	-0.1200	0.0000	0.0000	0.0000	0	1.00	0.2624	0.2264	-0.4830	1.390	0
157876	21.369	-0.654	-22.392	-0.44	-0.04	-0.31	-0.030	-0.019	-0.001	-0.000	0.000	0.000	0.1200	-0.1200	-0.1200	0.0000	0.0000	0.0000	0	1.00	0.2624	0.2264	-0.4830	1.390	0
157884	21.370	-0.653	-22.392	-0.71	0.16	-0.46	-0.009	-0.010	-0.007	-0.000	0.000	0.000	0.1200	-0.1200	-0.1200	0.0000	0.0000	0.0000	0	1.00	0.2624	0.2264	-0.4830	1.390	0
157892	21.371	-0.654	-22.394	-0.47	0.25	-0.37	0.008	0.009	-0.011	-0.000	0.000	0.000	0.1200	-0.1200	-0.1200	0.0000	0.0000	0.0000	0	1.00	0.2624	0.2264	-0.4830	1.390	0
157900	21.366	-0.656	-22.391	-0.21	0.19	-0.25	0.023	0.003	-0.023	-0.000	0.000	0.000	0.1200	-0.1200	-0.1200	0.0000	0.0000	0.0000	0	1.00	0.2624	0.2264	-0.4830	1.390	0
157908	21.367	-0.657	-22.393	-0.09	0.11	-0.07	0.033	-0.003	-0.027	-0.000	0.000	0.000	0.1200	-0.1200	-0.1200	0.0000	0.0000	0.0000	0	1.00	0.2624	0.2264	-0.4830	1.390	0
157916	21.364	-0.659	-22.391	-0.16	0.17	-0.27	0.027	-0.007	-0.018	-0.000	0.000	0.000	0.1200	-0.1200	-0.1200	0.0000	0.0000	0.0000	0	1.00	0.2624	0.2264	-0.4830	1.390	0
157924	21.364	-0.656	-22.389	-0.60	0.31	-0.39	0.036	0.009	-0.022	-0.000	0.000	0.000	0.1200	-0.1200	-0.1200	0.0000	0.0000	0.0000	0	1.00	0.2624	0.2264	-0.4830	1.390	0
157932	21.367	-0.653	-22.390	-0.50	0.39	-0.57	0.044	-0.012	-0.022	0.000	0.000	0.000	0.1200	-0.1200	-0.1200	0.0000	0.0000	0.0000	0	1.00	0.2624	0.2264	-0.4830	1.390	0
157940	21.368	-0.652	-22.389	-0.33	0.36	-0.51	0.045	-0.016	-0.010	0.000	0.000	0.000	0.1200	-0.1200	-0.1200	0.0000	0.0000	0.0000	0	1.00	0.2624	0.2264	-0.4830	1.390	0
157948	21.369	-0.650	-22.388	-0.33	0.39	-0.22	0.030	0.016	-0.007	0.000	0.000	0.000	0.1200	-0.1200	-0.1200	0.0000	0.0000	0.0000	0	1.00	0.2624	0.2264	-0.4830	1.390	0
157956	21.373	-0.645	-22.388	-0.38	0.29	-0.07	0.017	0.013	0.003	0.000	0.000	0.000	0.1200	-0.1200	-0.1200	0.0000	0.0000	0.0000	0	1.00	0.2624	0.2264	-0.4830	1.390	0
157964	21.377	-0.639	-22.386	-0.56	-0.05	-0.40	0.018	0.022	0.006	0.000	0.000	0.000	0.1200	-0.1200	-0.1200	0.0000	0.0000	0.0000	0	1.00	0.2624	0.2264	-0.4830	1.390	0
157972	21.384	-0.631	-22.385	-0.46	-0.01	-0.54	-0.014	0.025	-0.002	0.000	0.000	0.000	0.1200	-0.1200	-0.1200	0.0000	0.0000	0.0000	0	1.00	0.2624	0.2264	-0.4830	1.390	0
157980	21.387	-0.627	-22.386	-0.36	0.31	-0.22	-0.019	0.022	0.006	0.000	0.000	0.000	0.1200	-0.1200	-0.1200	0.0000	0.0000	0.0000	0	1.00	0.2624	0.2264	-0.4830	1.390	0
157988	21.386	-0.628	-22.386	-0.35	0.05	-0.39	-0.044	-0.013	-0.002	0.000	0.000	0.000	0.1200	-0.1200	-0.1200	0.0000	0.0000	0.0000	0	1.00	0.2624	0.2264	-0.4830	1.390	0
157996	21.381	-0.633	-22.386	-0.54	-0.23	-0.33	-0.050	0.002	0.006	-0.000	0.000	0.000	0.1200	-0.1200	-0.1200	0.0000	0.0000	0.0000	0	1.00	0.2624	0.2264	-0.4830	1.390	0
158004	21.381	-0.630	-22.382	-0.57	0.15	-0.47	-0.046	-0.026	-0.006	-0.000	0.000	0.000	0.1200	-0.1200	-0.1200	0.0000	0.0000	0.0000	0	1.00	0.2624	0.2264	-0.4830	1.390	0
158012	21.379	-0.630	-22.380	-0.42	0.14	-0.30	-0.032	-0.028	-0.005	-0.000	0.000	0.000	0.1200	-0.1200	-0.1200	0.0000	0.0000	0.0000	0	1.00	0.2624	0.2264	-0.4830	1.390	0
158020	21.379	-0.632	-22.383	-0.28	-0.00	-0.62	-0.007	-0.033	0.004	-0.000	0.000	0.000	0.1200	-0.1200	-0.1200	0.0000	0.0000	0.0000	0	1.00	0.2624	0.2264	-0.4830	1.390	0
158028	21.382	-0.629	-22.383	-0.22	0.45	-0.08	-0.008	-0.032	0.012	-0.000	0.000	0.000	0.1200	-0.1200	-0.1200	0.0000	0.0000	0.0000	0	1.00	0.2624	0.2264	-0.4830	1.390	0
158036	21.378	-0.629	-22.379	-0.64	0.14	-0.30	0.011	0.000	0.005	-0.000	0.000	0.000	0.1200	-0.1200	-0.1200	0.0000	0.0000	0.0000	0	1.00	0.2624	0.2264	-0.4830	1.390	0
158043	21.380	-0.626	-22.377	-0.37	0.24	-0.46	0.014	-0.012	-0.016	-0.000	0.000	0.000	0.1200	-0.1200	-0.1200	0.0000	0.0000	0.0000	0	1.00	0.2624	0.2264	-0.4830	1.390	0
158051	21.382	-0.620	-22.374	-0.45	0.28	-0.51	0.024	0.010	-0.004	-0.000	0.000	0.000	0.1200	-0.1200	-0.1200	0.0000	0.0000	0.0000	0	1.00	0.2624	0.2264	-0.4830	1.390	0
158059	21.385	-0.618	-22.375	-0.15	0.02	-0.25	0.023	0.032	0.004	-0.000	0.000	0.000	0.1200	-0.1200	-0.1200	0.0000	0.0000	0.0000	0	1.00	0.2624	0.2264	-0.4830	1.390	0
158067	21.384	-0.620	-22.376	-0.38	-0.26	-0.27	0.025	0.048	-0.000	-0.000	0.000	-0.000	0.1200	-0.1200	-0.1200	0.0000	0.0000	0.0000	0	1.00	0.2624	0.2264	-0.4830	1.390	0
158075	21.385	-0.623	-22.380	-0.16	-0.13	-0.40	0.010	0.049	0.006	-0.000	0.000	-0.000	0.1200	-0.1200	-0.1200	0.0000	0.0000	0.0000	0	1.00	0.2624	0.2264	-0.4830	1.390	0
158083	21.386	-0.624	-22.382	-0.33	-0.07	-0.51	-0.008	0.039	-0.001	-0.000	0.000	-0.000	0.1200	-0.1200	-0.1200	0.0000	0.0000	0.0000	0	1.00	0.2624	0.2264	-0.4830	1.390	0
158091	21.382	-0.630	-22.384	-0.63	-0.37	-0.21	-0.004	0.030	0.006	-0.000	0.000	-0.000	0.1200	-0.1200	-0.1200	0.0000	0.0000	0.0000	0	1.00	0.2624	0.2264	-0.4830	1.390	0
158099	21.385	-0.625	-22.382	-0.59	-0.12	-0.39	-0.016	-0.008	0.002	-0.000	0.000	-0.000	0.1200	-0.1200	-0.1200	0.0000	0.0000	0.0000	0	1.00	0.2624	0.2264	-0.4830	1.390	0
158107	21.382	-0.630	-22.383	-0.66	-0.28	-0.81	-0.004	-0.034	-0.010	-0.000	0.000	-0.000	0.1200	-0.1200	-0.1200	0.0000	0.0000	0.0000	0	1.00	0.2624	0.2264	-0.4830	1.390	0
158115	21.388	-0.625	-22.385	-0.61	0.11	-0.51	0.001	-0.039	-0.001	-0.000	0.000	-0.000	0.1200	-0.1200	-0.1200	0.0000	0.0000	0.0000	0	1.00	0.2624	0.2264	-0.4830	1.390	0
158123	21.386	-0.625	-22.383	-0.24	0.07	-0.63	-0.004	-0.052	-0.001	-0.000	0.000	-0.000	0.1200	-0.1200	-0.1200	0.0000	0.0000	0.0000	0	1.00	0.2624	0.2264	-0.4830	1.390	0
158131	21.386	-0.622	-22.381	-0.30	0.07	-0.46	0.003	-0.065	0.010	-0.000	0.000	-0.000	0.1200	-0.1200	-0.1200	0.0000	0.0000	0.0000	0	1.00	0.2624	0.2264	-0.4830	1.390	0
158139	21.387	-0.619	-22.379	-0.30	-0.05	-0.33	0.002	-0.061	0.009	-0.000	0.000	-0.000	0.1200	-0.1200	-0.1200	0.0000	0.0000	0.0000	0	1.00	0.2624	0.2264	-0.4830	1.390	0
158146	21.383	-0.624	-22.379	-0.30	0.07	-0.46	0.011	-0.020	0.016	-0.000	0.000	0.000	0.1200	-0.1200	-0.1200	0.0000	0.0000	0.0000	0	1.00	0.2624	0.2264	-0.4830	1.390	0
158154	21.383	-0.624	-22.379	-0.55	-0.13	-0.75	0.005	-0.023	-0.001	-0.000	-0.000	0.000	0.1200	-0.1200	-0.1200	0.0000	0.0000	0.0000	0	1.00	0.2624	0.2264	-0.4830	1.390	0
158162	21.381	-0.627	-22.379	-0.48	-0.36	-0.37	0.006	-0.016	0.016	-0.000	-0.000	0.000	0.1200	-0.1200	-0.1200	0.0000	0.0000	0.0000	0	1.00	0.2624	0.2264	-0.4830	1.390	0
158170	21.381	-0.626	-22.380	-0.19	-0.38	-0.22	0.009	0.013	0.003	-0.000	-0.000	0.000	0.1200	-0.1200	-0.1200	0.0000	0.0000	0.0000	0	1.00	0.2624	0.2264	-0.4830	1.390	0
158178	21.381	-0.629	-22.381	-0.42	-0.07	-0.09	0.020	0.049	-0.009	0.000	0.000	0.000	0.1200	-0.1200	-0.1200	0.0000	0.0000	0.0000	0	1.00	0.2624	0.2264	-0.4830	1.390	0
158186	21.382	-0.630	-22.383	-0.40	-0.26	-0.45	0.005	0.044	-0.008	0.000	0.000	0.000	0.1200	-0.1200	-0.1200	0.0000	0.0000	0.0000	0	1.00	0.2624	0.2264	-0.4830	1.390	0
158194	21.385	-0.629	-22.386	-0.29	-0.16	-0.34	0.011	0.061	-0.020	0.000	0.000	0.000	0.1200	-0.1200	-0.1200	0.0000	0.0000	0.0000	0	1.00	0.2624	0.2264	-0.4830	1.390	0
158202	21.386	-0.632	-22.390	-0.22	-0.13	-0.23	0.005	0.024	-0.009	0.000	0.000	-0.000	0.1200	-0.1200	-0.1200	0.0000	0.0000	0.0000	0	1.00	0.2624	0.2264	-0.4830	1.390	0
158210	21.386	-0.638	-22.395	-0.32	-0.15	-0.42	0.006	0.015	-0.006	0.000	0.000	-0.000	0.1200	-0.1200	-0.1200	0.0000	0.0000	0.0000	0	1.00	0.2624	0.2264	-0.4830	1.390	0
158217	21.383	-0.642	-22.395	-0.27	-0.22	-0.41	-0.004	0.029	0.002	0.000	0.000	-0.000	0.1200	-0.1200	-0.1200	0.0000	0.0000	0.0000	0	1.00	0.2624	0.2264	-0.4830	1.390	0
158225	21.385	-0.645	-22.400	-0.51	-0.01	-0.80	-0.016	-0.005	-0.008	0.000	0.000	-0.000	0.1200	-0.1200	-0.1200	0.0000	0.0000	0.0000	0	1.00	0.2624	0.2264	-0.4830	1.390	0
158233	21.381	-0.650	-22.401	-0.40	0.08	-0.36	-0.017	-0.025	0.020	0.000	0.000	-0.000	0.1200	-0.1200	-0.1200	0.0000	0.0000	0.0000	0	1.00	0.2624	0.2264	-0.4830	1.390	0
158241	21.379	-0.656	-22.403	-0.42	-0.06	-0.42	-0.004	-0.060	0.018	0.000	0.000	0.000	0.1200	-0.1200	-0.1200	0.0000	0.0000	0.0000	0	1.00	0.2624	0.2264	-0.4830	1.390	0
158249	21.378	-0.651	-22.399	-0.38	-0.13	0.03	-0.016	-0.071	0.020	-0.000	0.000	0.000	0.1200	-0.1200	-0.1200	0.0000	0.0000	0.0000	0	1.00	0.2624	0.2264	-0.4830	1.390	0
158257	21.376	-0.652	-22.398	-0.45	0.22	-0.14	-0.008	-0.060	0.007	-0.000	0.000	0.000	0.1200	-0.1200	-0.1200	0.0000	0.0000	0.0000	0	1.00	0.2624	0.2264	-0.4830	1.390	0
158265	21.378	-0.652	-22.399	-0.48	0.53	-0.52	0.017	-0.049	-0.012	-0.000	-0.000	0.000	0.1200	-0.1200	-0.1200	0.0000	0.0000	0.0000	0	1.00	0.2624	0.2264	-0.4830	1.390	0
158273	21.378	-0.648	-22.396	-0.38	0.30	-0.40	0.019	-0.017	0.007	-0.000	-0.000	0.000	0.1200	-0.1200	-0.1200	0.0000	0.0000	0.0000	0	1.00	0.2624	0.2264	-0.4830	1.390	0
158281	21.380	-0.643	-22.393	-0.41	0.05	-0.65	0.025	0.004	-0.015	0.000	-0.000	0.000	0.1200	-0.1200	-0.1200	0.0000	0.0000	0.0000	0	1.00	0.2624	0.2264	-0.4830	1.390	0
158289	21.386	-0.638	-22.394	-0.39	-0.02	-0.38	0.029	0.005	0.001	0.000	-0.000	0.000	0.1200	-0.1200	-0.1200	0.0000	0.0000	0.0000	0	1.00	0.2624	0.2264	-0.4830	1.390	0
158297	21.389	-0.637	-22.396	-0.40	-0.05	-0.24	0.016	0.032	-0.025	0.000	-0.000	-0.000	0.1200	-0.1200	-0.1200	0.0000	0.0000	0.0000	0	1.00	0.2624	0.2264	-0.4830	1.390	0
158305	21.385	-0.637	-22.393	-0.62	0.41	-0.38	0.005	0.065	-0.022	0.000	0.000	-0.000	0.1200	-0.1200	-0.1200	0.0000	0.0000	0.0000	0	1.00	0.2624	0.2264	-0.4830	1.390	0
158313	21.387	-0.635	-22.393	-0.35	0.40	-0.74	-0.007	0.050	-0.019	0.000	0.000	-0.000	0.1200	-0.1200	-0.1200	0.0000	0.0000	0.0000	0	1.00	0.2624	0.2264	-0.4830	1.390	0
158321	21.387	-0.632	-22.390	-0.61	-0.06	-0.33	-0.009	0.047	-0.003	0.000	0.000	-0.000	0.1200	-0.1200	-0.1200	0.0000	0.0000	0.0000	0	1.00	0.2624	0.2264	-0.4830	1.390	0
158329	21.390	-0.631	-22.391	-0.42	0.18	-0.35	-0.004	0.000	0.003	0.000	0.000	-0.000	0.1200	-0.1200	-0.1200	0.0000	0.0000	0.0000	0	1.00	0.2624	0.2264	-0.4830	1.390	0
158337	21.385	-0.632	-22.388	-0.35	0.08	-0.10	-0.005	0.029	-0.001	0.000	0.000	-0.000	0.1200	-0.1200	-0.1200	0.0000	0.0000	0.0000	0	1.00	0.2624	0.2264	-0.4830	1.390	0
158345	21.383	-0.629	-22.384	-0.39	-0.02	-0.38	-0.012	-0.015	0.010	0.000	0.000	-0.000	0.1200	-0.1200	-0.1200	0.0000	0.0000	0.0000	0	1.00	0.2624	0.2264	-0.4830	1.390	0
158353	21.383	-0.627	-22.381	-0.14	0.35	-0.26	-0.009	-0.042	0.023	0.000	0.000	-0.000	0.1200	-0.1200	-0.1200	0.0000	0.0000	0.0000	0	1.00	0.2624	0.2264	-0.4830	1.390	0
158361	21.385	-0.626	-22.382	-0.33	0.02	-0.16	-0.008	-0.035	0.019	0.000	0.000	-0.000	0.1200	-0.1200	-0.1200	0.0000	0.0000	0.0000	0	1.00	0.2624	0.2264	-0.4830	1.390	0
158369	21.380	-0.630	-22.382	-0.28	-0.18	-0.45	-0.003	-0.034	0.007	0.000	0.000	0.000	0.1200	-0.1200	-0.1200	0.0000	0.0000	0.0000	0	1.00	0.2624	0.2264	-0.4830	1.390	0
158377	21.381	-0.628	-22.380	-0.13	0.01	-0.35	-0.002	-0.036	0.012	0.000	0.000	0.000	0.1200	-0.1200	-0.1200	0.0000	0.0000	0.0000	0	1.00	0.2624	0.2264	-0.4830	1.390	0
158385	21.378	-0.628	-22.378	-0.19	-0.21	-0.39	-0.003	-0.015	0.003	0.000	0.000	0.000	0.1200	-0.1200	-0.1200	0.0000	0.0000	0.0000	0	1.00	0.2624	0.2264	-0.4830	1.390	0
158393	21.379	-0.624	-22.375	-0.24	-0.20	-0.04	-0.001	-0.013	0.004	0.000	0.000	0.000	0.1200	-0.1200	-0.1200	0.0000	0.0000	0.0000	0	1.00	0.2624	0.2264	-0.4830	1.390	0
158401	21.384	-0.619	-22.375	-0.34	-0.09	-0.36	-0.000	0.021	-0.008	0.000	0.000	0.000	0.1200	-0.1200	-0.1200	0.0000	0.0000	0.0000	0	1.00	0.2624	0.2264	-0.4830	1.390	0
158409	21.384	-0.618	-22.375	-0.78	0.14	-0.57	-0.000	0.024	-0.007	0.000	0.000	0.000	0.1200	-0.1200	-0.1200	0.0000	0.0000	0.0000	0	1.00	0.2624	0.2264	-0.4830	1.390	0
158417	21.384	-0.622	-22.378	-0.72	-0.41	-0.51	-0.001	0.009	-0.017	0.000	0.000	-0.000	0.1200	-0.1200	-0.1200	0.0000	0.0000	0.0000	0	1.00	0.2624	0.2264	-0.4830	1.390	0
158424	21.386	-0.625	-22.384	-0.39	0.02	-0.42	0.000	-0.003	-0.019	0.000	0.000	-0.000	0.1200	-0.1200	-0.1200	0.0000	0.0000	0.0000	0	1.00	0.2624	0.2264	-0.4830	1.390	0
158432	21.383	-0.633	-22.388	-0.25	-0.04	-0.40	0.007	-0.013	-0.011	0.000	0.000	-0.000	0.1200	-0.1200	-0.1200	0.0000	0.0000	0.0000	0	1.00	0.2624	0.2264	-0.4830	1.390	0
158440	21.385	-0.634	-22.391	-0.42	-0.10	-0.37	0.015	-0.028	-0.011	0.000	0.000	-0.000	0.1200	-0.1200	-0.1200	0.0000	0.0000	0.0000	0	1.00	0.2624	0.2264	-0.4830	1.390	0
158448	21.389	-0.634	-22.393	-0.27	0.24	-0.55	0.016	-0.005	0.001	0.000	0.000	-0.000	0.1200	-0.1200	-0.1200	0.0000	0.0000	0.0000	0	1.00	0.2624	0.2264	-0.4830	1.390	0
158456	21.389	-0.639	-22.399	-0.12	-0.10	-0.37	0.006	-0.009	0.007	0.000	0.000	-0.000	0.1200	-0.1200	-0.1200	0.0000	0.0000	0.0000	0	1.00	0.2624	0.2264	-0.4830	1.390	0
158464	21.388	-0.644	-22.402	-0.49	-0.02	-0.29	0.011	0.002	0.002	0.000	0.000	-0.000	0.1200	-0.1200	-0.1200	0.0000	0.0000	0.0000	0	1.00	0.2624	0.2264	-0.4830	1.390	0
158472	21.391	-0.641	-22.402	-0.06	0.15	-0.04	-0.020	-0.008	0.002	0.000	0.000	-0.000	0.1200	-0.1200	-0.1200	0.0000	0.0000	0.0000	0	1.00	0.2624	0.2264	-0.4830	1.390	0
158480	21.393	-0.640	-22.404	-0.42	-0.10	-0.38	-0.017	0.003	0.006	0.000	0.000	-0.000	0.1200	-0.1200	-0.1200	0.0000	0.0000	0.0000	0	1.00	0.2624	0.2264	-0.4830	1.390	0
158488	21.389	-0.647	-22.406	-0.21	0.11	-0.16	-0.019	0.021	0.012	0.000	0.000	-0.000	0.1200	-0.1200	-0.1200	0.0000	0.0000	0.0000	0	1.00	0.2624	0.2264	-0.4830	1.390	0
158496	21.391	-0.646	-22.408	-0.77	0.50	-0.63	-0.012	0.028	0.004	0.000	0.000	-0.000	0.1200	-0.1200	-0.1200	0.0000	0.0000	0.0000	0	1.00	0.2624	0.2264	-0.4830	1.390	0
158503	21.393	-0.645	-22.408	-0.26	0.35	-0.35	-0.020	-0.022	0.005	-0.000	0.000	-0.000	0.1200	-0.1200	-0.1200	0.0000	0.0000	0.0000	0	1.00	0.2624	0.2264	-0.4830	1.390	0
158512	21.391	-0.643	-22.404	-0.42	0.22	-0.39	-0.014	0.022	-0.018	-0.000	0.000	-0.000	0.1200	-0.1200	-0.1200	0.0000	0.0000	0.0000	0	1.00	0.2624	0.2264	-0.4830	1.390	0
158519	21.392	-0.639	-22.402	-0.22	-0.00	-0.36	-0.009	-0.010	-0.010	-0.000	0.000	-0.000	0.1200	-0.1200	-0.1200	0.0000	0.0000	0.0000	0	1.00	0.2624	0.2264	-0.4830	1.390	0
158527	21.390	-0.636	-22.398	-0.35	0.21	-0.23	-0.011	-0.023	0.007	-0.000	0.000	-0.000	0.1200	-0.1200	-0.1200	0.0000	0.0000	0.0000	0	1.00	0.2624	0.2264	-0.4830	1.390	0
158535	21.391	-0.636	-22.397	-0.42	-0.08	-0.09	0.005	-0.024	-0.004	-0.000	0.000	-0.000	0.1200	-0.1200	-0.1200	0.0000	0.0000	0.0000	0	1.00	0.2624	0.2264	-0.4830	1.390	0
158543	21.385	-0.633	-22.389	-0.50	0.33	-0.20	0.010	-0.012	-0.009	-0.000	0.000	-0.000	0.1200	-0.1200	-0.1200	0.0000	0.0000	0.0000	0	1.00	0.2624	0.2264	-0.4830	1.390	0
158551	21.388	-0.630	-22.390	-0.55	0.31	-0.13	0.008	-0.017	-0.003	-0.000	0.000	-0.000	0.1200	-0.1200	-0.1200	0.0000	0.0000	0.0000	0	1.00	0.2624	0.2264	-0.4830	1.390	0
158559	21.385	-0.632	-22.389	-0.45	-0.20	-0.04	0.006	-0.011	0.004	-0.000	0.000	-0.000	0.1200	-0.1200	-0.1200	0.0000	0.0000	0.0000	0	1.00	0.2624	0.2264	-0.4830	1.390	0
158567	21.387	-0.630	-22.388	-0.34	-0.05	-0.41	0.015	0.014	-0.002	-0.000	0.000	-0.000	0.1200	-0.1200	-0.1200	0.0000	0.0000	0.0000	0	1.00	0.2624	0.2264	-0.4830	1.390	0
158575	21.386	-0.634	-22.390	-0.30	-0.32	-0.50	0.008	0.017	-0.007	-0.000	0.000	-0.000	0.1200	-0.1200	-0.1200	0.0000	0.0000	0.0000	0	1.00	0.2624	0.2264	-0.4830	1.390	0
158583	21.385	-0.634	-22.391	-0.58	-0.18	-0.45	0.012	0.003	0.000	0.000	0.000	-0.000	0.1200	-0.1200	-0.1200	0.0000	0.0000	0.0000	0	1.00	0.2624	0.2264	-0.4830	1.390	0
158591	21.383	-0.637	-22.391	-0.39	-0.07	-0.34	0.006	0.040	0.006	0.000	0.000	-0.000	0.1200	-0.1200	-0.1200	0.0000	0.0000	0.0000	0	1.00	0.2624	0.2264	-0.4830	1.390	0
158599	21.386	-0.634	-22.391	-0.54	0.22	-0.48	0.014	0.003	0.017	0.000	0.000	-0.000	0.1200	-0.1200	-0.1200	0.0000	0.0000	0.0000	0	1.00	0.2624	0.2264	-0.4830	1.390	0
158607	21.385	-0.633	-22.389	-0.15	0.15	-0.38	-0.002	0.008	0.021	0.000	0.000	-0.000	0.1200	-0.1200	-0.1200	0.0000	0.0000	0.0000	0	1.00	0.2624	0.2264	-0.4830	1.390	0
158615	21.387	-0.629	-22.387	-0.18	0.10	-0.08	-0.003	-0.023	0.011	0.000	0.000	-0.000	0.1200	-0.1200	-0.1200	0.0000	0.0000	0.0000	0	1.00	0.2624	0.2264	-0.4830	1.390	0
158623	21.387	-0.627	-22.386	-0.48	0.10	-0.09	-0.013	0.014	0.014	0.000	0.000	0.000	0.1200	-0.1200	-0.1200	0.0000	0.0000	0.0000	0	1.00	0.2624	0.2264	-0.4830	1.390	0
158631	21.382	-0.628	-22.382	-0.31	0.29	-0.24	-0.010	-0.006	0.014	0.000	0.000	0.000	0.1200	-0.1200	-0.1200	0.0000	0.0000	0.0000	0	1.00	0.2624	0.2264	-0.4830	1.390	0
158638	21.383	-0.624	-22.379	-0.55	-0.02	-0.55	-0.022	-0.034	0.014	-0.000	0.000	0.000	0.1200	-0.1200	-0.1200	0.0000	0.0000	0.0000	0	1.00	0.2624	0.2264	-0.4830	1.390	0
158647	21.384	-0.623	-22.379	-0.51	-0.11	-0.38	-0.027	-0.014	-0.006	-0.000	0.000	0.000	0.1200	-0.1200	-0.1200	0.0000	0.0000	0.0000	0	1.00	0.2624	0.2264	-0.4830	1.390	0
158655	21.387	-0.622	-22.381	-0.47	-0.03	-0.39	-0.005	0.021	0.006	-0.000	0.000	0.000	0.1200	-0.1200	-0.1200	0.0000	0.0000	0.0000	0	1.00	0.2624	0.2264	-0.4830	1.390	0
158662	21.391	-0.618	-22.381	-0.42	0.10	-0.26	-0.008	-0.016	-0.011	-0.000	0.000	0.000	0.1200	-0.1200	-0.1200	0.0000	0.0000	0.0000	0	1.00	0.2624	0.2264	-0.4830	1.390	0
158670	21.395	-0.614	-22.382	-0.43	0.25	-0.29	0.002	0.023	-0.020	-0.000	0.000	0.000	0.1200	-0.1200	-0.1200	0.0000	0.0000	0.0000	0	1.00	0.2624	0.2264	-0.4830	1.390	0
158678	21.390	-0.617	-22.380	-0.10	-0.13	-0.14	0.006	0.015	-0.028	-0.000	0.000	-0.000	0.1200	-0.1200	-0.1200	0.0000	0.0000	0.0000	0	1.00	0.2624	0.2264	-0.4830	1.390	0
158686	21.393	-0.613	-22.379	-0.32	-0.12	-0.14	0.013	0.004	-0.011	-0.000	0.000	-0.000	0.1200	-0.1200	-0.1200	0.0000	0.0000	0.0000	0	1.00	0.2624	0.2264	-0.4830	1.390	0
158694	21.394	-0.606	-22.373	-0.32	0.27	-0.53	0.015	0.016	-0.012	-0.000	0.000	-0.000	0.1200	-0.1200	-0.1200	0.0000	0.0000	0.0000	0	1.00	0.2624	0.2264	-0.4830	1.390	0
158702	21.394	-0.602	-22.370	-0.45	0.11	-0.34	0.013	-0.015	-0.004	-0.000	0.000	-0.000	0.1200	-0.1200	-0.1200	0.0000	0.0000	0.0000	0	1.00	0.2624	0.2264	-0.4830	1.390	0
158710	21.395	-0.602	-22.371	-0.47	-0.07	-0.35	0.013	0.019	-0.010	0.000	0.000	-0.000	0.1200	-0.1200	-0.1200	0.0000	0.0000	0.0000	0	1.00	0.2624	0.2264	-0.4830	1.390	0
158718	21.395	-0.603	-22.372	-0.57	-0.02	-0.30	0.001	0.008	-0.011	0.000	0.000	-0.000	0.1200	-0.1200	-0.1200	0.0000	0.0000	0.0000	0	1.00	0.2624	0.2264	-0.4830	1.390	0
158726	21.397	-0.599	-22.369	-0.39	-0.23	-0.17	-0.003	-0.018	-0.001	0.000	0.000	-0.000	0.1200	-0.1200	-0.1200	0.0000	0.0000	0.0000	0	1.00	0.2624	0.2264	-0.4830	1.390	0
158733	21.395	-0.597	-22.366	-0.42	-0.14	-0.33	-0.014	-0.003	-0.001	0.000	0.000	-0.000	0.1200	-0.1200	-0.1200	0.0000	0.0000	0.0000	0	1.00	0.2624	0.2264	-0.4830	1.390	0
158741	21.392	-0.601	-22.366	-0.40	-0.30	-0.41	-0.026	-0.016	0.009	-0.000	0.000	-0.000	0.1200	-0.1200	-0.1200	0.0000	0.0000	0.0000	0	1.00	0.2624	0.2264	-0.4830	1.390	0
158749	21.391	-0.604	-22.368	-0.45	-0.41	-0.25	-0.003	-0.047	-0.006	-0.000	0.000	-0.000	0.1200	-0.1200	-0.1200	0.0000	0.0000	0.0000	0	1.00	0.2624	0.2264	-0.4830	1.390	0
158757	21.387	-0.605	-22.366	-0.69	-0.46	-0.39	-0.012	-0.008	0.018	-0.000	0.000	-0.000	0.1200	-0.1200	-0.1200	0.0000	0.0000	0.0000	0	1.00	0.2624	0.2264	-0.4830	1.390	0
158765	21.388	-0.608	-22.369	-0.40	-0.48	-0.23	0.007	-0.039	0.005	-0.000	0.000	-0.000	0.1200	-0.1200	-0.1200	0.0000	0.0000	0.0000	0	1.00	0.2624	0.2264	-0.4830	1.390	0
158773	21.386	-0.613	-22.372	-0.44	-0.41	-0.68	0.003	-0.027	0.004	-0.000	0.000	-0.000	0.1200	-0.1200	-0.1200	0.0000	0.0000	0.0000	0	1.00	0.2624	0.2264	-0.4830	1.390	0
158781	21.383	-0.618	-22.373	-0.47	-0.29	-0.56	0.005	-0.006	0.000	-0.000	0.000	-0.000	0.1200	-0.1200	-0.1200	0.0000	0.0000	0.0000	0	1.00	0.2624	0.2264	-0.4830	1.390	0
158789	21.380	-0.626	-22.378	-0.48	-0.27	-0.46	0.005	0.011	0.005	-0.000	0.000	-0.000	0.1200	-0.1200	-0.1200	0.0000	0.0000	0.0000	0	1.00	0.2624	0.2264	-0.4830	1.390	0
158797	21.385	-0.621	-22.379	-0.29	-0.15	-0.34	0.012	0.018	-0.002	-0.000	0.000	-0.000	0.1200	-0.1200	-0.1200	0.0000	0.0000	0.0000	0	1.00	0.2624	0.2264	-0.4830	1.390	0
158805	21.385	-0.624	-22.381	-0.31	-0.21	-0.48	-0.001	0.004	0.005	-0.000	0.000	-0.000	0.1200	-0.1200	-0.1200	0.0000	0.0000	0.0000	0	1.00	0.2624	0.2264	-0.4830	1.390	0
158813	21.380	-0.633	-22.384	-0.66	-0.15	-0.51	-0.005	0.001	-0.007	-0.000	0.000	-0.000	0.1200	-0.1200	-0.1200	0.0000	0.0000	0.0000	0	1.00	0.2624	0.2264	-0.4830	1.390	0
158821	21.382	-0.638	-22.391	-0.51	-0.22	-0.58	-0.018	-0.022	-0.010	-0.000	0.000	-0.000	0.1200	-0.1200	-0.1200	0.0000	0.0000	0.0000	0	1.00	0.2624	0.2264	-0.4830	1.390	0
158828	21.381	-0.637	-22.389	-0.44	-0.02	-0.64	-0.007	-0.020	-0.009	-0.000	0.000	-0.000	0.1200	-0.1200	-0.1200	0.0000	0.0000	0.0000	0	1.00	0.2624	0.2264	-0.4830	1.390	0
158836	21.380	-0.640	-22.390	-0.39	0.02	-0.42	-0.007	-0.017	-0.013	-0.000	0.000	-0.000	0.1200	-0.1200	-0.1200	0.0000	0.0000	0.0000	0	1.00	0.2624	0.2264	-0.4830	1.390	0
158844	21.381	-0.638	-22.389	-0.25	0.16	-0.28	0.003	-0.011	-0.007	-0.000	0.000	-0.000	0.1200	-0.1200	-0.1200	0.0000	0.0000	0.0000	0	1.00	0.2624	0.2264	-0.4830	1.390	0
158852	21.382	-0.637	-22.390	-0.67	0.11	-0.34	0.017	-0.030	-0.010	-0.000	0.000	-0.000	0.1200	-0.1200	-0.1200	0.0000	0.0000	0.0000	0	1.00	0.2624	0.2264	-0.4830	1.390	0
158860	21.385	-0.632	-22.388	-0.59	0.21	-0.41	0.008	-0.017	-0.006	-0.000	0.000	-0.000	0.1200	-0.1200	-0.1200	0.0000	0.0000	0.0000	0	1.00	0.2624	0.2264	-0.4830	1.390	0
158868	21.385	-0.633	-22.390	-0.22	-0.09	-0.28	0.023	0.028	0.008	-0.000	0.000	-0.000	0.1200	-0.1200	-0.1200	0.0000	0.0000	0.0000	0	1.00	0.2624	0.2264	-0.4830	1.390	0
158876	21.379	-0.640	-22.389	-0.29	-0.20	-0.30	0.015	0.037	0.015	0.000	0.000	-0.000	0.1200	-0.1200	-0.1200	0.0000	0.0000	0.0000	0	1.00	0.2624	0.2264	-0.4830	1.390	0
158884	21.377	-0.636	-22.385	-0.19	0.34	-0.20	0.021	0.008	0.014	0.000	0.000	-0.000	0.1200	-0.1200	-0.1200	0.0000	0.0000	0.0000	0	1.00	0.2624	0.2264	-0.4830	1.390	0
158892	21.377	-0.635	-22.383	-0.09	0.24	-0.20	0.002	-0.006	0.013	0.000	0.000	-0.000	0.1200	-0.1200	-0.1200	0.0000	0.0000	0.0000	0	1.00	0.2624	0.2264	-0.4830	1.390	0
158900	21.376	-0.633	-22.380	-0.35	0.01	-0.35	-0.001	0.044	0.013	0.000	0.000	-0.000	0.1200	-0.1200	-0.1200	0.0000	0.0000	0.0000	0	1.00	0.2624	0.2264	-0.4830	1.390	0
158908	21.375	-0.631	-22.377	-0.50	0.18	-0.36	-0.007	0.017	0.015	0.000	0.000	-0.000	0.1200	-0.1200	-0.1200	0.0000	0.0000	0.0000	0	1.00	0.2624	0.2264	-0.4830	1.390	0
158916	21.373	-0.633	-22.378	-0.25	0.12	-0.24	-0.013	0.023	0.000	0.000	0.000	0.000	0.1200	-0.1200	-0.1200	0.0000	0.0000	0.0000	0	1.00	0.2624	0.2264	-0.4830	1.390	0
158924	21.375	-0.637	-22.382	-0.33	-0.06	-0.51	-0.018	-0.001	-0.002	-0.000	0.000	0.000	0.1200	-0.1200	-0.1200	0.0000	0.0000	0.0000	0	1.00	0.2624	0.2264	-0.4830	1.390	0
158932	21.376	-0.636	-22.383	-0.22	-0.04	-0.32	-0.010	-0.035	-0.010	-0.000	0.000	-0.000	0.1200	-0.1200	-0.1200	0.0000	0.0000	0.0000	0	1.00	0.2624	0.2264	-0.4830	1.390	0
158940	21.379	-0.640	-22.389	-0.03	0.20	-0.33	-0.027	-0.023	-0.006	-0.000	0.000	-0.000	0.1200	-0.1200	-0.1200	0.0000	0.0000	0.0000	0	1.00	0.2624	0.2264	-0.4830	1.390	0
158973	21.374	-0.647	-22.391	-0.30	0.01	-0.09	0.016	-0.011	0.006	-0.000	-0.000	-0.000	0.1200	-0.1200	-0.1200	0.0000	0.0000	0.0000	0	1.00	0.2624	0.2264	-0.4830	1.390	0
158981	21.373	-0.641	-22.385	-0.33	0.11	-0.25	0.024	0.000	0.003	-0.000	-0.000	-0.000	0.1200	-0.1200	-0.1200	0.0000	0.0000	0.0000	0	1.00	0.2624	0.2264	-0.4830	1.390	0
158989	21.372	-0.641	-22.383	-0.30	0.32	-0.39	0.017	0.006	-0.008	0.000	-0.000	-0.000	0.1200	-0.1200	-0.1200	0.0000	0.0000	0.0000	0	1.00	0.2624	0.2264	-0.4830	1.390	0
158997	21.375	-0.637	-22.383	-0.10	-0.09	-0.18	0.016	0.011	-0.004	0.000	0.000	-0.000	0.1200	-0.1200	-0.1200	0.0000	0.0000	0.0000	0	1.00	0.2624	0.2264	-0.4830	1.390	0
159005	21.375	-0.637	-22.383	-0.72	0.18	-0.35	0.015	0.026	-0.001	0.000	0.000	-0.000	0.1200	-0.1200	-0.1200	0.0000	0.0000	0.0000	0	1.00	0.2624	0.2264	-0.4830	1.390	0
159013	21.377	-0.635	-22.383	-0.80	0.41	-0.29	-0.001	0.002	0.010	0.000	0.000	-0.000	0.1200	-0.1200	-0.1200	0.0000	0.0000	0.0000	0	1.00	0.2624	0.2264	-0.4830	1.390	0
159021	21.380	-0.628	-22.380	-0.42	0.36	-0.52	-0.013	-0.007	0.014	0.000	0.000	-0.000	0.1200	-0.1200	-0.1200	0.0000	0.0000	0.0000	0	1.00	0.2624	0.2264	-0.4830	1.390	0
159029	21.380	-0.625	-22.377	-0.52	-0.01	-0.37	-0.025	0.014	0.016	0.000	0.000	-0.000	0.1200	-0.1200	-0.1200	0.0000	0.0000	0.0000	0	1.00	0.2624	0.2264	-0.4830	1.390	0
159037	21.383	-0.625	-22.380	-0.46	0.21	-0.75	-0.026	-0.030	0.014	-0.000	0.000	0.000	0.1200	-0.1200	-0.1200	0.0000	0.0000	0.0000	0	1.00	0.2624	0.2264	-0.4830	1.390	0
159045	21.382	-0.628	-22.381	-0.40	0.12	-0.41	-0.023	-0.018	0.007	-0.000	-0.000	0.000	0.1200	-0.1200	-0.1200	0.0000	0.0000	0.0000	0	1.00	0.2624	0.2264	-0.4830	1.390	0
159052	21.381	-0.624	-22.377	-0.32	0.01	-0.27	-0.014	-0.009	0.001	-0.000	-0.000	0.000	0.1200	-0.1200	-0.1200	0.0000	0.0000	0.0000	0	1.00	0.2624	0.2264	-0.4830	1.390	0
159061	21.381	-0.623	-22.377	-0.40	0.04	-0.32	-0.002	-0.048	0.005	-0.000	-0.000	0.000	0.1200	-0.1200	-0.1200	0.0000	0.0000	0.0000	0	1.00	0.2624	0.2264	-0.4830	1.390	0
159069	21.385	-0.620	-22.378	-0.56	-0.13	-0.32	0.010	-0.026	-0.015	-0.000	-0.000	0.000	0.1200	-0.1200	-0.1200	0.0000	0.0000	0.0000	0	1.00	0.2624	0.2264	-0.4830	1.390	0
159077	21.383	-0.618	-22.374	-0.39	-0.19	-0.21	0.008	0.005	-0.019	-0.000	-0.000	0.000	0.1200	-0.1200	-0.1200	0.0000	0.0000	0.0000	0	1.00	0.2624	0.2264	-0.4830	1.390	0
159085	21.387	-0.615	-22.374	-0.45	-0.45	-0.21	0.010	0.038	-0.022	-0.000	-0.000	-0.000	0.1200	-0.1200	-0.1200	0.0000	0.0000	0.0000	0	1.00	0.2624	0.2264	-0.4830	1.390	0
159092	21.387	-0.613	-22.373	-0.71	-0.42	-0.61	0.006	0.050	-0.018	-0.000	-0.000	-0.000	0.1200	-0.1200	-0.1200	0.0000	0.0000	0.0000	0	1.00	0.2624	0.2264	-0.4830	1.390	0
159101	21.384	-0.615	-22.372	-0.62	0.07	-0.03	0.010	0.040	-0.018	0.000	-0.000	-0.000	0.1200	-0.1200	-0.1200	0.0000	0.0000	0.0000	0	1.00	0.2624	0.2264	-0.4830	1.390	0
159109	21.389	-0.615	-22.377	-0.35	-0.16	-0.17	0.002	0.065	-0.026	0.000	0.000	-0.000	0.1200	-0.1200	-0.1200	0.0000	0.0000	0.0000	0	1.00	0.2624	0.2264	-0.4830	1.390	0
159116	21.387	-0.622	-22.382	-0.75	-0.29	-0.39	-0.015	0.049	-0.012	-0.000	0.000	-0.000	0.1200	-0.1200	-0.1200	0.0000	0.0000	0.0000	0	1.00	0.2624	0.2264	-0.4830	1.390	0
159124	21.393	-0.624	-22.389	-0.29	0.19	-0.69	-0.012	0.027	-0.002	-0.000	0.000	-0.000	0.1200	-0.1200	-0.1200	0.0000	0.0000	0.0000	0	1.00	0.2624	0.2264	-0.4830	1.390	0
159132	21.388	-0.635	-22.394	-0.26	-0.36	-0.38	-0.014	0.015	-0.011	-0.000	0.000	-0.000	0.1200	-0.1200	-0.1200	0.0000	0.0000	0.0000	0	1.00	0.2624	0.2264	-0.4830	1.390	0
159141	21.386	-0.641	-22.397	-0.09	-0.52	-0.19	-0.011	0.022	-0.009	-0.000	0.000	-0.000	0.1200	-0.1200	-0.1200	0.0000	0.0000	0.0000	0	1.00	0.2624	0.2264	-0.4830	1.390	0
159148	21.385	-0.640	-22.396	-0.32	0.05	-0.31	-0.003	-0.004	-0.003	-0.000	0.000	-0.000	0.1200	-0.1200	-0.1200	0.0000	0.0000	0.0000	0	1.00	0.2624	0.2264	-0.4830	1.390	0
159156	21.378	-0.645	-22.393	-0.39	0.06	-0.47	0.002	-0.033	0.016	-0.000	0.000	-0.000	0.1200	-0.1200	-0.1200	0.0000	0.0000	0.0000	0	1.00	0.2624	0.2264	-0.4830	1.390	0
159164	21.376	-0.646	-22.391	-0.29	0.14	-0.65	0.013	-0.069	0.028	-0.000	0.000	-0.000	0.1200	-0.1200	-0.1200	0.0000	0.0000	0.0000	0	1.00	0.2624	0.2264	-0.4830	1.390	0
159172	21.376	-0.642	-22.388	-0.45	0.11	-0.34	0.007	-0.042	0.022	-0.000	0.000	-0.000	0.1200	-0.1200	-0.1200	0.0000	0.0000	0.0000	0	1.00	0.2624	0.2264	-0.4830	1.390	0
159180	21.377	-0.642	-22.389	-0.09	0.16	-0.12	0.004	-0.037	0.031	-0.000	-0.000	-0.000	0.1200	-0.1200	-0.1200	0.0000	0.0000	0.0000	0	1.00	0.2624	0.2264	-0.4830	1.390	0
159188	21.373	-0.645	-22.389	-0.08	-0.28	-0.12	0.001	-0.042	0.026	-0.000	-0.000	0.000	0.1200	-0.1200	-0.1200	0.0000	0.0000	0.0000	0	1.00	0.2624	0.2264	-0.4830	1.390	0
159196	21.378	-0.645	-22.393	-0.13	-0.04	-0.31	-0.007	-0.003	0.013	-0.000	-0.000	0.000	0.1200	-0.1200	-0.1200	0.0000	0.0000	0.0000	0	1.00	0.2624	0.2264	-0.4830	1.390	0
159204	21.378	-0.645	-22.394	-0.36	-0.14	-0.50	-0.005	0.011	-0.003	-0.000	-0.000	0.000	0.1200	-0.1200	-0.1200	0.0000	0.0000	0.0000	0	1.00	0.2624	0.2264	-0.4830	1.390	0
159212	21.379	-0.645	-22.394	-0.41	-0.12	-0.48	0.007	-0.008	0.004	-0.000	-0.000	0.000	0.1200	-0.1200	-0.1200	0.0000	0.0000	0.0000	0	1.00	0.2624	0.2264	-0.4830	1.390	0
159220	21.384	-0.640	-22.394	-0.49	0.03	-0.33	-0.001	0.019	-0.007	-0.000	-0.000	0.000	0.1200	-0.1200	-0.1200	0.0000	0.0000	0.0000	0	1.00	0.2624	0.2264	-0.4830	1.390	0
159228	21.380	-0.642	-22.392	-0.14	-0.19	-0.46	0.004	0.050	-0.009	-0.000	0.000	0.000	0.1200	-0.1200	-0.1200	0.0000	0.0000	0.0000	0	1.00	0.2624	0.2264	-0.4830	1.390	0
159235	21.380	-0.646	-22.396	-0.36	-0.23	-0.42	0.004	0.039	-0.028	-0.000	0.000	-0.000	0.1200	-0.1200	-0.1200	0.0000	0.0000	0.0000	0	1.00	0.2624	0.2264	-0.4830	1.390	0
159244	21.379	-0.650	-22.399	-0.22	-0.16	-0.52	-0.003	0.040	-0.012	-0.000	0.000	-0.000	0.1200	-0.1200	-0.1200	0.0000	0.0000	0.0000	0	1.00	0.2624	0.2264	-0.4830	1.390	0
159252	21.379	-0.651	-22.400	-0.37	0.07	-0.29	-0.001	0.028	-0.002	-0.000	0.000	-0.000	0.1200	-0.1200	-0.1200	0.0000	0.0000	0.0000	0	1.00	0.2624	0.2264	-0.4830	1.390	0
159260	21.376	-0.656	-22.402	-0.30	-0.19	-0.20	0.002	-0.004	-0.013	-0.000	0.000	-0.000	0.1200	-0.1200	-0.1200	0.0000	0.0000	0.0000	0	1.00	0.2624	0.2264	-0.4830	1.390	0
159267	21.380	-0.656	-22.405	-0.68	-0.09	-0.45	-0.006	-0.005	-0.002	-0.000	0.000	-0.000	0.1200	-0.1200	-0.1200	0.0000	0.0000	0.0000	0	1.00	0.2624	0.2264	-0.4830	1.390	0
159275	21.382	-0.653	-22.404	-0.50	0.09	-0.27	0.004	-0.030	-0.021	-0.000	0.000	-0.000	0.1200	-0.1200	-0.1200	0.0000	0.0000	0.0000	0	1.00	0.2624	0.2264	-0.4830	1.390	0
159284	21.377	-0.656	-22.402	-0.55	0.28	-0.42	-0.012	0.007	0.002	-0.000	0.000	-0.000	0.1200	-0.1200	-0.1200	0.0000	0.0000	0.0000	0	1.00	0.2624	0.2264	-0.4830	1.390	0
159291	21.378	-0.657	-22.404	-0.39	0.19	-0.60	-0.007	-0.026	-0.001	-0.000	0.000	-0.000	0.1200	-0.1200	-0.1200	0.0000	0.0000	0.0000	0	1.00	0.2624	0.2264	-0.4830	1.390	0
159299	21.375	-0.660	-22.404	-0.32	0.00	-0.27	0.001	-0.005	-0.002	-0.000	0.000	-0.000	0.1200	-0.1200	-0.1200	0.0000	0.0000	0.0000	0	1.00	0.2624	0.2264	-0.4830	1.390	0
159307	21.370	-0.668	-22.405	-0.34	-0.09	-0.36	-0.006	-0.020	0.005	-0.000	0.000	-0.000	0.1200	-0.1200	-0.1200	0.0000	0.0000	0.0000	0	1.00	0.2624	0.2264	-0.4830	1.390	0
159315	21.371	-0.668	-22.406	-0.27	0.08	-0.71	-0.001	0.020	0.010	-0.000	0.000	-0.000	0.1200	-0.1200	-0.1200	0.0000	0.0000	0.0000	0	1.00	0.2624	0.2264	-0.4830	1.390	0
159323	21.374	-0.665	-22.407	-0.32	0.17	-0.44	-0.005	-0.005	0.009	-0.000	0.000	-0.000	0.1200	-0.1200	-0.1200	0.0000	0.0000	0.0000	0	1.00	0.2624	0.2264	-0.4830	1.390	0
159331	21.378	-0.663	-22.409	-0.39	-0.11	-0.30	0.004	0.022	0.004	-0.000	0.000	-0.000	0.1200	-0.1200	-0.1200	0.0000	0.0000	0.0000	0	1.00	0.2624	0.2264	-0.4830	1.390	0
159339	21.385	-0.658	-22.412	-0.30	-0.14	-0.24	0.005	0.024	0.008	-0.000	0.000	-0.000	0.1200	-0.1200	-0.1200	0.0000	0.0000	0.0000	0	1.00	0.2624	0.2264	-0.4830	1.390	0
159347	21.385	-0.657	-22.411	-0.13	-0.04	-0.31	-0.002	0.021	-0.005	-0.000	0.000	-0.000	0.1200	-0.1200	-0.1200	0.0000	0.0000	0.0000	0	1.00	0.2624	0.2264	-0.4830	1.390	0
159355	21.381	-0.663	-22.412	-0.26	-0.11	-0.64	-0.000	0.017	-0.006	-0.000	0.000	-0.000	0.1200	-0.1200	-0.1200	0.0000	0.0000	0.0000	0	1.00	0.2624	0.2264	-0.4830	1.390	0
159363	21.380	-0.660	-22.409	-0.39	-0.03	-0.38	0.004	0.017	-0.001	-0.000	0.000	-0.000	0.1200	-0.1200	-0.1200	0.0000	0.0000	0.0000	0	1.00	0.2624	0.2264	-0.4830	1.390	0
159371	21.379	-0.659	-22.407	-0.83	0.24	-0.63	-0.001	-0.013	-0.003	-0.000	0.000	-0.000	0.1200	-0.1200	-0.1200	0.0000	0.0000	0.0000	0	1.00	0.2624	0.2264	-0.4830	1.390	0
159379	21.376	-0.662	-22.406	-0.73	-0.11	-0.38	-0.009	0.008	-0.018	-0.000	0.000	-0.000	0.1200	-0.1200	-0.1200	0.0000	0.0000	0.0000	0	1.00	0.2624	0.2264	-0.4830	1.390	0
159387	21.380	-0.658	-22.407	-0.15	-0.18	-0.36	-0.024	-0.012	-0.007	-0.000	0.000	-0.000	0.1200	-0.1200	-0.1200	0.0000	0.0000	0.0000	0	1.00	0.2624	0.2264	-0.4830	1.390	0
159395	21.383	-0.655	-22.407	-0.27	-0.35	-0.28	-0.012	0.016	0.013	-0.000	0.000	-0.000	0.1200	-0.1200	-0.1200	0.0000	0.0000	0.0000	0	1.00	0.2624	0.2264	-0.4830	1.390	0
159402	21.381	-0.656	-22.406	-0.41	-0.21	-0.39	-0.014	0.023	0.013	-0.000	0.000	-0.000	0.1200	-0.1200	-0.1200	0.0000	0.0000	0.0000	0	1.00	0.2624	0.2264	-0.4830	1.390	0
159410	21.379	-0.661	-22.409	-0.25	-0.47	0.03	-0.008	-0.003	0.013	-0.000	0.000	-0.000	0.1200	-0.1200	-0.1200	0.0000	0.0000	0.0000	0	1.00	0.2624	0.2264	-0.4830	1.390	0
159418	21.382	-0.657	-22.409	-0.34	-0.01	-0.45	-0.003	-0.027	-0.008	-0.000	0.000	-0.000	0.1200	-0.1200	-0.1200	0.0000	0.0000	0.0000	0	1.00	0.2624	0.2264	-0.4830	1.390	0
159426	21.383	-0.658	-22.410	-0.19	-0.21	-0.40	0.008	0.009	-0.002	-0.000	0.000	-0.000	0.1200	-0.1200	-0.1200	0.0000	0.0000	0.0000	0	1.00	0.2624	0.2264	-0.4830	1.390	0
159434	21.378	-0.664	-22.410	-0.25	-0.21	-0.22	0.016	-0.004	0.003	-0.000	0.000	-0.000	0.1200	-0.1200	-0.1200	0.0000	0.0000	0.0000	0	1.00	0.2624	0.2264	-0.4830	1.390	0
159442	21.378	-0.663	-22.410	-0.33	0.02	-0.17	0.002	-0.014	-0.007	-0.000	0.000	-0.000	0.1200	-0.1200	-0.1200	0.0000	0.0000	0.0000	0	1.00	0.2624	0.2264	-0.4830	1.390	0
159450	21.380	-0.659	-22.407	-0.23	0.06	-0.30	0.002	0.007	-0.010	-0.000	0.000	-0.000	0.1200	-0.1200	-0.1200	0.0000	0.0000	0.0000	0	1.00	0.2624	0.2264	-0.4830	1.390	0
159458	21.381	-0.659	-22.409	-0.15	0.24	-0.46	0.010	0.020	-0.015	-0.000	0.000	-0.000	0.1200	-0.1200	-0.1200	0.0000	0.0000	0.0000	0	1.00	0.2624	0.2264	-0.4830	1.390	0
159466	21.381	-0.657	-22.407	-0.29	-0.07	-0.43	0.002	0.008	-0.002	-0.000	0.000	-0.000	0.1200	-0.1200	-0.1200	0.0000	0.0000	0.0000	0	1.00	0.2624	0.2264	-0.4830	1.390	0
159474	21.379	-0.659	-22.407	-0.39	-0.07	-0.34	-0.009	0.024	0.010	-0.000	0.000	-0.000	0.1200	-0.1200	-0.1200	0.0000	0.0000	0.0000	0	1.00	0.2624	0.2264	-0.4830	1.390	0
159482	21.379	-0.662	-22.409	-0.39	-0.18	-0.54	-0.016	-0.017	-0.007	-0.000	0.000	-0.000	0.1200	-0.1200	-0.1200	0.0000	0.0000	0.0000	0	1.00	0.2624	0.2264	-0.4830	1.390	0
159490	21.377	-0.666	-22.411	-0.36	-0.19	-0.46	-0.028	0.004	-0.007	-0.000	0.000	-0.000	0.1200	-0.1200	-0.1200	0.0000	0.0000	0.0000	0	1.00	0.2624	0.2264	-0.4830	1.390	0
159498	21.378	-0.665	-22.411	-0.38	-0.46	-0.38	-0.025	-0.002	-0.001	-0.000	0.000	-0.000	0.1200	-0.1200	-0.1200	0.0000	0.0000	0.0000	0	1.00	0.2624	0.2264	-0.4830	1.390	0
159506	21.374	-0.673	-22.415	-0.44	-0.04	-0.31	-0.010	-0.024	0.013	-0.000	0.000	-0.000	0.1200	-0.1200	-0.1200	0.0000	0.0000	0.0000	0	1.00	0.2624	0.2264	-0.4830	1.390	0
159514	21.371	-0.676	-22.415	-0.21	-0.39	-0.40	-0.009	0.020	0.009	-0.000	0.000	-0.000	0.1200	-0.1200	-0.1200	0.0000	0.0000	0.0000	0	1.00	0.2624	0.2264	-0.4830	1.390	0
159522	21.370	-0.674	-22.411	-0.52	-0.05	-0.32	-0.003	0.026	-0.009	-0.000	0.000	-0.000	0.1200	-0.1200	-0.1200	0.0000	0.0000	0.0000	0	1.00	0.2624	0.2264	-0.4830	1.390	0
159530	21.366	-0.679	-22.412	-0.24	-0.27	-0.28	0.002	-0.019	-0.001	-0.000	0.000	-0.000	0.1200	-0.1200	-0.1200	0.0000	0.0000	0.0000	0	1.00	0.2624	0.2264	-0.4830	1.390	0
159538	21.368	-0.679	-22.414	-0.19	-0.30	-0.31	0.022	0.006	-0.022	-0.000	0.000	-0.000	0.1200	-0.1200	-0.1200	0.0000	0.0000	0.0000	0	1.00	0.2624	0.2264	-0.4830	1.390	0
159546	21.366	-0.677	-22.410	-0.16	-0.33	-0.51	0.043	0.008	-0.008	-0.000	0.000	-0.000	0.1200	-0.1200	-0.1200	0.0000	0.0000	0.0000	0	1.00	0.2624	0.2264	-0.4830	1.390	0
159554	21.362	-0.680	-22.409	-0.59	-0.10	-0.11	0.048	-0.028	-0.012	-0.000	0.000	-0.000	0.1200	-0.1200	-0.1200	0.0000	0.0000	0.0000	0	1.00	0.2624	0.2264	-0.4830	1.390	0
159562	21.367	-0.686	-22.419	0.04	0.03	-0.33	0.033	0.020	-0.024	0.000	0.000	-0.000	0.1200	-0.1200	-0.1200	0.0000	0.0000	0.0000	0	1.00	0.2624	0.2264	-0.4830	1.390	0
159570	21.367	-0.688	-22.421	-0.10	0.04	-0.32	0.022	0.003	-0.001	0.000	0.000	-0.000	0.1200	-0.1200	-0.1200	0.0000	0.0000	0.0000	0	1.00	0.2624	0.2264	-0.4830	1.390	0
159578	21.369	-0.692	-22.427	-0.28	0.04	-0.23	0.000	0.018	-0.015	0.000	0.000	-0.000	0.1200	-0.1200	-0.1200	0.0000	0.0000	0.0000	0	1.00	0.2624	0.2264	-0.4830	1.390	0
159586	21.374	-0.691	-22.431	-0.37	-0.02	-0.20	-0.017	-0.023	0.007	0.000	0.000	-0.000	0.1200	-0.1200	-0.1200	0.0000	0.0000	0.0000	0	1.00	0.2624	0.2264	-0.4830	1.390	0
159594	21.376	-0.687	-22.429	-0.50	0.13	-0.32	-0.034	0.013	0.013	0.000	0.000	-0.000	0.1200	-0.1200	-0.1200	0.0000	0.0000	0.0000	0	1.00	0.2624	0.2264	-0.4830	1.390	0
159602	21.376	-0.686	-22.428	-0.35	0.38	-0.41	-0.040	0.019	0.021	0.000	0.000	-0.000	0.1200	-0.1200	-0.1200	0.0000	0.0000	0.0000	0	1.00	0.2624	0.2264	-0.4830	1.390	0
159610	21.375	-0.686	-22.428	-0.44	-0.00	-0.36	-0.040	0.039	0.020	-0.000	0.000	-0.000	0.1200	-0.1200	-0.1200	0.0000	0.0000	0.0000	0	1.00	0.2624	0.2264	-0.4830	1.390	0
159618	21.374	-0.683	-22.423	-0.27	0.06	-0.38	-0.039	0.029	0.012	-0.000	0.000	-0.000	0.1200	-0.1200	-0.1200	0.0000	0.0000	0.0000	0	1.00	0.2624	0.2264	-0.4830	1.390	0
159626	21.370	-0.689	-22.425	-0.25	0.04	-0.48	-0.022	0.007	0.024	-0.000	0.000	-0.000	0.1200	-0.1200	-0.1200	0.0000	0.0000	0.0000	0	1.00	0.2624	0.2264	-0.4830	1.390	0
159634	21.368	-0.689	-22.422	-0.52	-0.06	-0.32	-0.022	0.034	0.022	-0.000	0.000	0.000	0.1200	-0.1200	-0.1200	0.0000	0.0000	0.0000	0	1.00	0.2624	0.2264	-0.4830	1.390	0
159642	21.367	-0.687	-22.420	-0.45	-0.20	-0.47	0.006	-0.003	0.013	-0.000	0.000	0.000	0.1200	-0.1200	-0.1200	0.0000	0.0000	0.0000	0	1.00	0.2624	0.2264	-0.4830	1.390	0
159650	21.365	-0.686	-22.417	-0.59	-0.01	-0.20	0.024	-0.024	0.002	-0.000	0.000	0.000	0.1200	-0.1200	-0.1200	0.0000	0.0000	0.0000	0	1.00	0.2624	0.2264	-0.4830	1.390	0
159658	21.369	-0.685	-22.420	-0.36	-0.10	-0.55	0.033	-0.018	0.000	-0.000	0.000	0.000	0.1200	-0.1200	-0.1200	0.0000	0.0000	0.0000	0	1.00	0.2624	0.2264	-0.4830	1.390	0
159666	21.367	-0.687	-22.420	-0.55	-0.56	-0.32	0.021	0.003	-0.018	-0.000	0.000	0.000	0.1200	-0.1200	-0.1200	0.0000	0.0000	0.0000	0	1.00	0.2624	0.2264	-0.4830	1.390	0
159674	21.363	-0.693	-22.422	0.01	-0.53	-0.28	0.024	-0.037	-0.023	-0.000	0.000	-0.000	0.1200	-0.1200	-0.1200	0.0000	0.0000	0.0000	0	1.00	0.2624	0.2264	-0.4830	1.390	0
159713	21.361	-0.707	-22.432	-0.07	-0.97	-0.29	-0.017	0.001	-0.000	-0.000	0.000	-0.000	0.1200	-0.1200	-0.1200	0.0000	0.0000	0.0000	0	1.00	0.2624	0.2264	-0.4830	1.390	0
159721	21.357	-0.714	-22.435	-0.40	-0.55	-0.48	-0.034	0.040	0.009	-0.000	0.000	-0.000	0.1200	-0.1200	-0.1200	0.0000	0.0000	0.0000	0	1.00	0.2624	0.2264	-0.4830	1.390	0
159729	21.356	-0.718	-22.438	-0.49	-1.15	-0.21	-0.030	0.035	0.001	-0.000	0.000	-0.000	0.1200	-0.1200	-0.1200	0.0000	0.0000	0.0000	0	1.00	0.2624	0.2264	-0.4830	1.390	0
159737	21.357	-0.717	-22.437	-0.32	-0.58	-0.42	-0.024	0.026	0.026	-0.000	0.000	-0.000	0.1200	-0.1200	-0.1200	0.0000	0.0000	0.0000	0	1.00	0.2624	0.2264	-0.4830	1.390	0
159745	21.357	-0.719	-22.440	-0.52	-0.51	-0.61	-0.009	0.031	0.011	-0.000	0.000	-0.000	0.1200	-0.1200	-0.1200	0.0000	0.0000	0.0000	0	1.00	0.2624	0.2264	-0.4830	1.390	0
159753	21.357	-0.718	-22.438	-0.60	-0.54	-0.29	0.002	-0.002	-0.003	-0.000	0.000	-0.000	0.1200	-0.1200	-0.1200	0.0000	0.0000	0.0000	0	1.00	0.2624	0.2264	-0.4830	1.390	0
159761	21.349	-0.727	-22.438	-0.54	-0.41	-0.59	0.020	0.002	0.004	-0.000	0.000	-0.000	0.1200	-0.1200	-0.1200	0.0000	0.0000	0.0000	0	1.00	0.2624	0.2264	-0.4830	1.390	0
159768	21.342	-0.732	-22.436	-0.48	-0.54	-0.20	0.028	0.015	-0.013	-0.000	0.000	-0.000	0.1200	-0.1200	-0.1200	0.0000	0.0000	0.0000	0	1.00	0.2624	0.2264	-0.4830	1.390	0
159777	21.340	-0.733	-22.434	-0.64	-0.36	-0.54	0.037	-0.010	0.005	-0.000	0.000	-0.000	0.1200	-0.1200	-0.1200	0.0000	0.0000	0.0000	0	1.00	0.2624	0.2264	-0.4830	1.390	0
159784	21.338	-0.735	-22.435	-0.38	-0.43	-0.09	0.042	-0.025	-0.001	-0.000	0.000	-0.000	0.1200	-0.1200	-0.1200	0.0000	0.0000	0.0000	0	1.00	0.2624	0.2264	-0.4830	1.390	0
159792	21.340	-0.738	-22.439	-0.28	-0.46	-0.47	0.033	-0.026	-0.002	0.000	0.000	-0.000	0.1200	-0.1200	-0.1200	0.0000	0.0000	0.0000	0	1.00	0.2624	0.2264	-0.4830	1.390	0
159800	21.336	-0.739	-22.436	-0.62	-0.68	-0.34	0.038	0.003	0.005	0.000	0.000	-0.000	0.1200	-0.1200	-0.1200	0.0000	0.0000	0.0000	0	1.00	0.2624	0.2264	-0.4830	1.390	0
159808	21.334	-0.745	-22.440	-0.31	-0.80	-0.64	0.023	-0.004	-0.002	0.000	0.000	-0.000	0.1200	-0.1200	-0.1200	0.0000	0.0000	0.0000	0	1.00	0.2624	0.2264	-0.4830	1.390	0
159816	21.332	-0.751	-22.443	-0.20	-0.54	-0.38	-0.007	-0.011	-0.002	0.000	0.000	-0.000	0.1200	-0.1200	-0.1200	0.0000	0.0000	0.0000	0	1.00	0.2624	0.2264	-0.4830	1.390	0
159824	21.330	-0.754	-22.443	-0.56	-0.80	-0.38	-0.030	-0.006	0.005	0.000	0.000	-0.000	0.1200	-0.1200	-0.1200	0.0000	0.0000	0.0000	0	1.00	0.2624	0.2264	-0.4830	1.390	0
159832	21.329	-0.757	-22.446	-0.08	-0.58	-0.24	-0.039	-0.005	0.006	0.000	0.000	-0.000	0.1200	-0.1200	-0.1200	0.0000	0.0000	0.0000	0	1.00	0.2624	0.2264	-0.4830	1.390	0
159840	21.332	-0.759	-22.450	-0.66	-0.80	-0.29	-0.035	-0.002	0.008	-0.000	0.000	-0.000	0.1200	-0.1200	-0.1200	0.0000	0.0000	0.0000	0	1.00	0.2624	0.2264	-0.4830	1.390	0
159848	21.329	-0.763	-22.452	-0.18	-0.51	-0.52	-0.027	0.015	0.009	-0.000	0.000	-0.000	0.1200	-0.1200	-0.1200	0.0000	0.0000	0.0000	0	1.00	0.2624	0.2264	-0.4830	1.390	0
159888	21.321	-0.780	-22.458	-0.61	-0.11	-0.29	0.022	0.018	-0.010	-0.000	0.000	-0.000	0.1200	-0.1200	-0.1200	0.0000	0.0000	0.0000	0	1.00	0.2624	0.2264	-0.4830	1.390	0
159895	21.318	-0.782	-22.457	-0.48	-0.12	-0.30	0.036	0.013	-0.014	-0.000	0.000	-0.000	0.1200	-0.1200	-0.1200	0.0000	0.0000	0.0000	0	1.00	0.2624	0.2264	-0.4830	1.390	0
159903	21.314	-0.792	-22.463	-0.23	-0.70	-0.28	0.023	-0.002	-0.003	-0.000	0.000	-0.000	0.1200	-0.1200	-0.1200	0.0000	0.0000	0.0000	0	1.00	0.2624	0.2264	-0.4830	1.390	0
159912	21.314	-0.794	-22.464	-0.13	-0.80	-0.29	0.017	-0.003	-0.016	0.000	0.000	-0.000	0.1200	-0.1200	-0.1200	0.0000	0.0000	0.0000	0	1.00	0.2624	0.2264	-0.4830	1.390	0
159920	21.316	-0.790	-22.463	-0.84	-0.13	-0.57	0.016	0.019	-0.001	0.000	0.000	-0.000	0.1200	-0.1200	-0.1200	0.0000	0.0000	0.0000	0	1.00	0.2624	0.2264	-0.4830	1.390	0
159927	21.315	-0.797	-22.467	-0.40	-0.44	-0.28	0.010	0.032	0.011	0.000	0.000	-0.000	0.1200	-0.1200	-0.1200	0.0000	0.0000	0.0000	0	1.00	0.2624	0.2264	-0.4830	1.390	0
159935	21.319	-0.800	-22.474	-0.44	-0.72	-0.38	-0.007	0.005	0.005	0.000	0.000	-0.000	0.1200	-0.1200	-0.1200	0.0000	0.0000	0.0000	0	1.00	0.2624	0.2264	-0.4830	1.390	0
159943	21.318	-0.805	-22.478	-0.27	0.02	-0.34	-0.029	-0.008	0.021	0.000	0.000	-0.000	0.1200	-0.1200	-0.1200	0.0000	0.0000	0.0000	0	1.00	0.2624	0.2264	-0.4830	1.390	0
159951	21.321	-0.805	-22.481	-0.37	-0.06	-0.16	-0.035	0.024	0.020	-0.000	0.000	-0.000	0.1200	-0.1200	-0.1200	0.0000	0.0000	0.0000	0	1.00	0.2624	0.2264	-0.4830	1.390	0
159960	21.319	-0.809	-22.482	-0.49	0.07	-0.38	-0.024	-0.010	0.015	-0.000	0.000	0.000	0.1200	-0.1200	-0.1200	0.0000	0.0000	0.0000	0	1.00	0.2624	0.2264	-0.4830	1.390	0
159967	21.318	-0.809	-22.482	-0.26	-0.07	-0.68	-0.025	-0.029	0.013	-0.000	0.000	0.000	0.1200	-0.1200	-0.1200	0.0000	0.0000	0.0000	0	1.00	0.2624	0.2264	-0.4830	1.390	0
159975	21.313	-0.812	-22.480	-0.23	0.14	-0.39	-0.024	-0.025	0.016	-0.000	0.000	0.000	0.1200	-0.1200	-0.1200	0.0000	0.0000	0.0000	0	1.00	0.2624	0.2264	-0.4830	1.390	0
159983	21.307	-0.813	-22.475	-0.49	-0.15	-0.16	-0.004	-0.034	0.008	-0.000	0.000	0.000	0.1200	-0.1200	-0.1200	0.0000	0.0000	0.0000	0	1.00	0.2624	0.2264	-0.4830	1.390	0
159991	21.299	-0.819	-22.472	-0.53	-0.10	-0.28	0.003	-0.004	-0.004	-0.000	0.000	0.000	0.1200	-0.1200	-0.1200	0.0000	0.0000	0.0000	0	1.00	0.2624	0.2264	-0.4830	1.390	0
160000	21.296	-0.823	-22.472	-0.25	-0.43	-0.44	0.027	0.005	-0.023	-0.000	0.000	0.000	0.1200	-0.1200	-0.1200	0.0000	0.0000	0.0000	0	1.00	0.2624	0.2264	-0.4830	1.390	0
160007	21.291	-0.829	-22.473	-0.06	-0.44	-0.19	0.020	0.019	-0.019	-0.000	0.000	-0.000	0.1200	-0.1200	-0.1200	0.0000	0.0000	0.0000	0	1.00	0.2624	0.2264	-0.4830	1.390	0
160015	21.292	-0.829	-22.474	-0.25	-0.17	-0.70	0.034	0.026	-0.014	-0.000	0.000	-0.000	0.1200	-0.1200	-0.1200	0.0000	0.0000	0.0000	0	1.00	0.2624	0.2264	-0.4830	1.390	0
160023	21.295	-0.830	-22.478	-0.26	-0.46	-0.29	0.028	0.032	-0.009	-0.000	0.000	-0.000	0.1200	-0.1200	-0.1200	0.0000	0.0000	0.0000	0	1.00	0.2624	0.2264	-0.4830	1.390	0
160031	21.299	-0.829	-22.481	-0.32	-0.46	-0.55	0.022	-0.007	-0.001	0.000	0.000	-0.000	0.1200	-0.1200	-0.1200	0.0000	0.0000	0.0000	0	1.00	0.2624	0.2264	-0.4830	1.390	0
160039	21.307	-0.826	-22.486	-0.14	-0.15	-0.51	0.005	0.011	-0.013	0.000	0.000	-0.000	0.1200	-0.1200	-0.1200	0.0000	0.0000	0.0000	0	1.00	0.2624	0.2264	-0.4830	1.390	0
160047	21.312	-0.826	-22.491	-0.48	0.42	-0.11	0.000	0.004	0.012	0.000	0.000	-0.000	0.1200	-0.1200	-0.1200	0.0000	0.0000	0.0000	0	1.00	0.2624	0.2264	-0.4830	1.390	0
160055	21.314	-0.828	-22.495	-0.69	-0.03	-0.39	-0.007	0.018	0.013	0.000	0.000	-0.000	0.1200	-0.1200	-0.1200	0.0000	0.0000	0.0000	0	1.00	0.2624	0.2264	-0.4830	1.390	0
160063	21.315	-0.828	-22.496	-0.46	0.58	-0.38	-0.009	0.002	0.019	0.000	0.000	-0.000	0.1200	-0.1200	-0.1200	0.0000	0.0000	0.0000	0	1.00	0.2624	0.2264	-0.4830	1.390	0
160071	21.316	-0.824	-22.493	-0.25	0.11	-0.24	-0.033	-0.032	0.006	0.000	0.000	-0.000	0.1200	-0.1200	-0.1200	0.0000	0.0000	0.0000	0	1.00	0.2624	0.2264	-0.4830	1.390	0
160079	21.310	-0.830	-22.493	-0.33	0.28	-0.42	-0.025	-0.016	0.014	-0.000	0.000	0.000	0.1200	-0.1200	-0.1200	0.0000	0.0000	0.0000	0	1.00	0.2624	0.2264	-0.4830	1.390	0
160087	21.310	-0.822	-22.486	-0.50	0.45	-0.33	-0.028	-0.027	0.014	-0.000	0.000	0.000	0.1200	-0.1200	-0.1200	0.0000	0.0000	0.0000	0	1.00	0.2624	0.2264	-0.4830	1.390	0
160095	21.305	-0.818	-22.477	-0.23	0.14	-0.39	-0.026	0.008	-0.002	-0.000	0.000	0.000	0.1200	-0.1200	-0.1200	0.0000	0.0000	0.0000	0	1.00	0.2624	0.2264	-0.4830	1.390	0
160103	21.301	-0.817	-22.472	-0.30	0.27	-0.34	-0.023	-0.019	0.013	-0.000	0.000	0.000	0.1200	-0.1200	-0.1200	0.0000	0.0000	0.0000	0	1.00	0.2624	0.2264	-0.4830	1.390	0
160111	21.304	-0.812	-22.470	-0.43	0.37	-0.42	-0.001	0.001	0.005	-0.000	0.000	0.000	0.1200	-0.1200	-0.1200	0.0000	0.0000	0.0000	0	1.00	0.2624	0.2264	-0.4830	1.390	0
160119	21.307	-0.814	-22.475	-0.25	0.20	-0.33	0.025	0.012	0.007	-0.000	0.000	0.000	0.1200	-0.1200	-0.1200	0.0000	0.0000	0.0000	0	1.00	0.2624	0.2264	-0.4830	1.390	0
160127	21.310	-0.817	-22.481	0.00	0.12	-0.49	0.043	-0.017	0.004	-0.000	0.000	0.000	0.1200	-0.1200	-0.1200	0.0000	0.0000	0.0000	0	1.00	0.2624	0.2264	-0.4830	1.390	0
160134	21.311	-0.819	-22.484	-0.33	0.06	-0.21	0.040	0.006	-0.002	-0.000	0.000	0.000	0.1200	-0.1200	-0.1200	0.0000	0.0000	0.0000	0	1.00	0.2624	0.2264	-0.4830	1.390	0
160142	21.317	-0.814	-22.485	-0.43	0.52	-0.26	0.041	-0.002	-0.004	0.000	0.000	0.000	0.1200	-0.1200	-0.1200	0.0000	0.0000	0.0000	0	1.00	0.2624	0.2264	-0.4830	1.390	0
160150	21.318	-0.811	-22.483	-0.36	0.35	-0.26	0.025	-0.016	0.009	0.000	0.000	0.000	0.1200	-0.1200	-0.1200	0.0000	0.0000	0.0000	0	1.00	0.2624	0.2264	-0.4830	1.390	0
160158	21.317	-0.807	-22.479	-0.23	0.43	-0.36	0.011	0.004	0.011	0.000	0.000	0.000	0.1200	-0.1200	-0.1200	0.0000	0.0000	0.0000	0	1.00	0.2624	0.2264	-0.4830	1.390	0
160166	21.314	-0.805	-22.473	-0.62	0.19	-0.16	-0.019	0.013	0.007	0.000	0.000	0.000	0.1200	-0.1200	-0.1200	0.0000	0.0000	0.0000	0	1.00	0.2624	0.2264	-0.4830	1.390	0
160174	21.311	-0.806	-22.472	-0.33	0.26	-0.09	-0.031	-0.026	0.005	0.000	0.000	0.000	0.1200	-0.1200	-0.1200	0.0000	0.0000	0.0000	0	1.00	0.2624	0.2264	-0.4830	1.390	0
160182	21.313	-0.797	-22.465	-0.48	0.59	-0.28	-0.048	-0.003	0.003	0.000	0.000	0.000	0.1200	-0.1200	-0.1200	0.0000	0.0000	0.0000	0	1.00	0.2624	0.2264	-0.4830	1.390	0
160190	21.309	-0.795	-22.460	-0.48	0.46	-0.15	-0.061	-0.019	-0.009	-0.000	0.000	0.000	0.1200	-0.1200	-0.1200	0.0000	0.0000	0.0000	0	1.00	0.2624	0.2264	-0.4830	1.390	0
160229	21.312	-0.787	-22.456	-0.31	0.57	-0.21	0.034	0.011	-0.013	-0.000	0.000	-0.000	0.1200	-0.1200	-0.1200	0.0000	0.0000	0.0000	0	1.00	0.2624	0.2264	-0.4830	1.390	0
160237	21.315	-0.783	-22.455	-0.33	0.45	-0.59	0.047	-0.011	-0.011	-0.000	0.000	-0.000	0.1200	-0.1200	-0.1200	0.0000	0.0000	0.0000	0	1.00	0.2624	0.2264	-0.4830	1.390	0
160245	21.315	-0.778	-22.451	-0.29	0.51	-0.27	0.048	-0.023	0.001	-0.000	0.000	-0.000	0.1200	-0.1200	-0.1200	0.0000	0.0000	0.0000	0	1.00	0.2624	0.2264	-0.4830	1.390	0
160253	21.315	-0.777	-22.449	-0.44	0.67	-0.29	0.046	-0.008	0.022	-0.000	0.000	-0.000	0.1200	-0.1200	-0.1200	0.0000	0.0000	0.0000	0	1.00	0.2624	0.2264	-0.4830	1.390	0
160261	21.316	-0.776	-22.449	-0.07	0.33	-0.11	0.043	-0.025	0.016	0.000	0.000	-0.000	0.1200	-0.1200	-0.1200	0.0000	0.0000	0.0000	0	1.00	0.2624	0.2264	-0.4830	1.390	0
160269	21.315	-0.773	-22.446	-0.23	0.25	-0.19	0.035	0.034	0.022	0.000	0.000	0.000	0.1200	-0.1200	-0.1200	0.0000	0.0000	0.0000	0	1.00	0.2624	0.2264	-0.4830	1.390	0
160277	21.322	-0.768	-22.449	-0.40	0.40	-0.38	0.023	-0.003	0.024	0.000	0.000	0.000	0.1200	-0.1200	-0.1200	0.0000	0.0000	0.0000	0	1.00	0.2624	0.2264	-0.4830	1.390	0
160285	21.327	-0.762	-22.448	-0.34	0.08	-0.53	0.003	-0.001	0.008	0.000	0.000	0.000	0.1200	-0.1200	-0.1200	0.0000	0.0000	0.0000	0	1.00	0.2624	0.2264	-0.4830	1.390	0
160293	21.324	-0.764	-22.446	-0.28	0.32	-0.21	-0.014	-0.025	0.004	0.000	0.000	0.000	0.1200	-0.1200	-0.1200	0.0000	0.0000	0.0000	0	1.00	0.2624	0.2264	-0.4830	1.390	0
160300	21.325	-0.759	-22.444	-0.24	0.49	-0.30	-0.041	0.015	0.000	0.000	0.000	0.000	0.1200	-0.1200	-0.1200	0.0000	0.0000	0.0000	0	1.00	0.2624	0.2264	-0.4830	1.390	0
160308	21.327	-0.756	-22.442	-0.49	0.02	-0.33	-0.060	0.015	-0.019	-0.000	0.000	0.000	0.1200	-0.1200	-0.1200	0.0000	0.0000	0.0000	0	1.00	0.2624	0.2264	-0.4830	1.390	0
160316	21.325	-0.751	-22.436	-0.51	0.34	-0.10	-0.049	-0.004	-0.020	-0.000	0.000	0.000	0.1200	-0.1200	-0.1200	0.0000	0.0000	0.0000	0	1.00	0.2624	0.2264	-0.4830	1.390	0
160324	21.327	-0.746	-22.433	-0.41	0.60	-0.45	-0.049	0.010	-0.029	-0.000	0.000	0.000	0.1200	-0.1200	-0.1200	0.0000	0.0000	0.0000	0	1.00	0.2624	0.2264	-0.4830	1.390	0
160332	21.327	-0.741	-22.429	-0.47	0.42	-0.54	-0.032	-0.021	-0.027	-0.000	0.000	-0.000	0.1200	-0.1200	-0.1200	0.0000	0.0000	0.0000	0	1.00	0.2624	0.2264	-0.4830	1.390	0
160340	21.329	-0.738	-22.428	-0.23	0.43	-0.36	-0.017	-0.005	-0.027	-0.000	0.000	-0.000	0.1200	-0.1200	-0.1200	0.0000	0.0000	0.0000	0	1.00	0.2624	0.2264	-0.4830	1.390	0
160348	21.339	-0.727	-22.429	-0.21	0.37	-0.42	0.015	-0.021	-0.018	-0.000	0.000	-0.000	0.1200	-0.1200	-0.1200	0.0000	0.0000	0.0000	0	1.00	0.2624	0.2264	-0.4830	1.390	0
160356	21.341	-0.722	-22.425	-0.26	0.35	-0.35	0.028	0.020	-0.004	-0.000	0.000	-0.000	0.1200	-0.1200	-0.1200	0.0000	0.0000	0.0000	0	1.00	0.2624	0.2264	-0.4830	1.390	0
160364	21.343	-0.720	-22.426	-0.26	0.39	-0.39	0.040	0.003	0.009	-0.000	0.000	-0.000	0.1200	-0.1200	-0.1200	0.0000	0.0000	0.0000	0	1.00	0.2624	0.2264	-0.4830	1.390	0
160372	21.347	-0.718	-22.428	-0.15	0.20	-0.42	0.051	0.028	0.023	-0.000	0.000	-0.000	0.1200	-0.1200	-0.1200	0.0000	0.0000	0.0000	0	1.00	0.2624	0.2264	-0.4830	1.390	0
160379	21.349	-0.715	-22.427	-0.56	-0.04	-0.40	0.047	0.010	0.009	-0.000	0.000	-0.000	0.1200	-0.1200	-0.1200	0.0000	0.0000	0.0000	0	1.00	0.2624	0.2264	-0.4830	1.390	0
160387	21.350	-0.716	-22.429	-0.34	-0.13	-0.32	0.044	0.020	0.024	0.000	0.000	-0.000	0.1200	-0.1200	-0.1200	0.0000	0.0000	0.0000	0	1.00	0.2624	0.2264	-0.4830	1.390	0
160395	21.347	-0.717	-22.427	-0.43	0.24	-0.29	0.016	-0.010	0.034	0.000	0.000	0.000	0.1200	-0.1200	-0.1200	0.0000	0.0000	0.0000	0	1.00	0.2624	0.2264	-0.4830	1.390	0
160403	21.348	-0.718	-22.430	-0.21	0.28	-0.33	0.003	0.011	0.026	0.000	0.000	0.000	0.1200	-0.1200	-0.1200	0.0000	0.0000	0.0000	0	1.00	0.2624	0.2264	-0.4830	1.390	0
160411	21.345	-0.715	-22.424	-0.23	0.06	-0.30	-0.005	-0.023	0.013	0.000	0.000	0.000	0.1200	-0.1200	-0.1200	0.0000	0.0000	0.0000	0	1.00	0.2624	0.2264	-0.4830	1.390	0
160419	21.344	-0.714	-22.422	-0.23	0.06	-0.30	-0.015	-0.045	-0.004	0.000	0.000	0.000	0.1200	-0.1200	-0.1200	0.0000	0.0000	0.0000	0	1.00	0.2624	0.2264	-0.4830	1.390	0
160427	21.348	-0.705	-22.418	-0.32	0.13	-0.40	-0.023	-0.047	-0.017	0.000	0.000	0.000	0.1200	-0.1200	-0.1200	0.0000	0.0000	0.0000	0	1.00	0.2624	0.2264	-0.4830	1.390	0
160435	21.347	-0.702	-22.414	-0.53	0.29	-0.67	-0.023	-0.045	-0.018	0.000	0.000	0.000	0.1200	-0.1200	-0.1200	0.0000	0.0000	0.0000	0	1.00	0.2624	0.2264	-0.4830	1.390	0
160443	21.346	-0.702	-22.412	-0.45	0.48	-0.40	-0.019	-0.013	-0.018	-0.000	0.000	0.000	0.1200	-0.1200	-0.1200	0.0000	0.0000	0.0000	0	1.00	0.2624	0.2264	-0.4830	1.390	0
160451	21.345	-0.705	-22.414	-0.40	0.45	-0.42	-0.018	-0.009	-0.027	-0.000	0.000	-0.000	0.1200	-0.1200	-0.1200	0.0000	0.0000	0.0000	0	1.00	0.2624	0.2264	-0.4830	1.390	0
160458	21.348	-0.698	-22.411	-0.17	-0.07	-0.34	-0.006	0.016	-0.037	-0.000	0.000	-0.000	0.1200	-0.1200	-0.1200	0.0000	0.0000	0.0000	0	1.00	0.2624	0.2264	-0.4830	1.390	0
160466	21.351	-0.693	-22.409	-0.39	0.24	-0.64	0.009	0.006	-0.026	-0.000	0.000	-0.000	0.1200	-0.1200	-0.1200	0.0000	0.0000	0.0000	0	1.00	0.2624	0.2264	-0.4830	1.390	0
160475	21.350	-0.693	-22.408	-0.71	-0.05	-0.24	0.011	0.048	0.000	-0.000	0.000	-0.000	0.1200	-0.1200	-0.1200	0.0000	0.0000	0.0000	0	1.00	0.2624	0.2264	-0.4830	1.390	0
160482	21.352	-0.695	-22.412	-0.50	-0.21	-0.40	0.036	0.042	0.016	0.000	0.000	-0.000	0.1200	-0.1200	-0.1200	0.0000	0.0000	0.0000	0	1.00	0.2624	0.2264	-0.4830	1.390	0
160490	21.357	-0.690	-22.413	-0.17	0.02	-0.43	0.024	0.052	0.013	0.000	0.000	-0.000	0.1200	-0.1200	-0.1200	0.0000	0.0000	0.0000	0	1.00	0.2624	0.2264	-0.4830	1.390	0
160498	21.361	-0.691	-22.417	-0.12	-0.09	-0.37	0.012	0.022	0.027	0.000	0.000	-0.000	0.1200	-0.1200	-0.1200	0.0000	0.0000	0.0000	0	1.00	0.2624	0.2264	-0.4830	1.390	0
160529	21.354	-0.715	-22.433	-0.64	0.01	-0.17	-0.028	-0.063	0.020	0.000	0.000	0.000	0.1200	-0.1200	-0.1200	0.0000	0.0000	0.0000	0	1.00	0.2624	0.2264	-0.4830	1.390	0
160537	21.355	-0.710	-22.429	-0.42	0.14	-0.30	-0.024	-0.033	0.023	0.000	0.000	0.000	0.1200	-0.1200	-0.1200	0.0000	0.0000	0.0000	0	1.00	0.2624	0.2264	-0.4830	1.390	0
160545	21.350	-0.715	-22.428	-0.62	0.13	-0.40	-0.021	-0.004	-0.002	0.000	0.000	0.000	0.1200	-0.1200	-0.1200	0.0000	0.0000	0.0000	0	1.00	0.2624	0.2264	-0.4830	1.390	0
160553	21.347	-0.719	-22.429	-0.21	0.24	-0.29	-0.027	0.003	-0.020	-0.000	0.000	0.000	0.1200	-0.1200	-0.1200	0.0000	0.0000	0.0000	0	1.00	0.2624	0.2264	-0.4830	1.390	0
160561	21.345	-0.714	-22.423	-0.50	-0.09	-0.53	-0.013	0.004	-0.025	-0.000	0.000	0.000	0.1200	-0.1200	-0.1200	0.0000	0.0000	0.0000	0	1.00	0.2624	0.2264	-0.4830	1.390	0
160569	21.345	-0.716	-22.425	-0.28	0.21	-0.40	-0.011	0.007	-0.054	-0.000	0.000	-0.000	0.1200	-0.1200	-0.1200	0.0000	0.0000	0.0000	0	1.00	0.2624	0.2264	-0.4830	1.390	0
160577	21.348	-0.717	-22.428	-0.27	0.19	-0.51	0.003	0.037	-0.045	-0.000	0.000	-0.000	0.1200	-0.1200	-0.1200	0.0000	0.0000	0.0000	0	1.00	0.2624	0.2264	-0.4830	1.390	0
160585	21.350	-0.710	-22.424	-0.50	0.26	-0.44	-0.000	0.026	-0.025	-0.000	0.000	-0.000	0.1200	-0.1200	-0.1200	0.0000	0.0000	0.0000	0	1.00	0.2624	0.2264	-0.4830	1.390	0
160593	21.356	-0.708	-22.427	-0.39	0.02	-0.42	0.026	0.039	-0.029	-0.000	0.000	-0.000	0.1200	-0.1200	-0.1200	0.0000	0.0000	0.0000	0	1.00	0.2624	0.2264	-0.4830	1.390	0
160601	21.361	-0.706	-22.432	-0.26	0.26	-0.27	0.018	0.012	0.002	-0.000	0.000	-0.000	0.1200	-0.1200	-0.1200	0.0000	0.0000	0.0000	0	1.00	0.2624	0.2264	-0.4830	1.390	0
160609	21.366	-0.708	-22.438	0.05	-0.20	-0.22	0.014	-0.019	0.001	0.000	0.000	-0.000	0.1200	-0.1200	-0.1200	0.0000	0.0000	0.0000	0	1.00	0.2624	0.2264	-0.4830	1.390	0
160617	21.365	-0.707	-22.437	-0.30	0.14	-0.22	0.006	-0.044	0.026	0.000	0.000	-0.000	0.1200	-0.1200	-0.1200	0.0000	0.0000	0.0000	0	1.00	0.2624	0.2264	-0.4830	1.390	0
160625	21.367	-0.709	-22.440	-0.54	0.09	-0.35	0.002	-0.051	0.028	0.000	0.000	-0.000	0.1200	-0.1200	-0.1200	0.0000	0.0000	0.0000	0	1.00	0.2624	0.2264	-0.4830	1.390	0
160633	21.369	-0.708	-22.441	-0.35	0.23	-0.56	-0.003	-0.066	0.044	0.000	0.000	0.000	0.1200	-0.1200	-0.1200	0.0000	0.0000	0.0000	0	1.00	0.2624	0.2264	-0.4830	1.390	0
160641	21.369	-0.706	-22.438	-0.58	0.32	-0.21	-0.017	-0.031	0.033	0.000	0.000	0.000	0.1200	-0.1200	-0.1200	0.0000	0.0000	0.0000	0	1.00	0.2624	0.2264	-0.4830	1.390	0
160649	21.365	-0.704	-22.433	-0.64	0.06	-0.21	-0.014	-0.004	0.036	-0.000	0.000	0.000	0.1200	-0.1200	-0.1200	0.0000	0.0000	0.0000	0	1.00	0.2624	0.2264	-0.4830	1.390	0
160657	21.371	-0.694	-22.430	-0.17	0.02	-0.43	-0.015	0.007	0.006	-0.000	0.000	0.000	0.1200	-0.1200	-0.1200	0.0000	0.0000	0.0000	0	1.00	0.2624	0.2264	-0.4830	1.390	0
160665	21.368	-0.692	-22.425	-0.32	-0.02	-0.55	-0.004	-0.011	0.013	-0.000	-0.000	0.000	0.1200	-0.1200	-0.1200	0.0000	0.0000	0.0000	0	1.00	0.2624	0.2264	-0.4830	1.390	0
160673	21.364	-0.692	-22.422	-0.64	-0.27	-0.20	0.004	0.048	-0.021	-0.000	0.000	0.000	0.1200	-0.1200	-0.1200	0.0000	0.0000	0.0000	0	1.00	0.2624	0.2264	-0.4830	1.390	0
160681	21.362	-0.689	-22.417	-0.21	0.04	-0.84	0.013	0.034	-0.035	-0.000	0.000	0.000	0.1200	-0.1200	-0.1200	0.0000	0.0000	0.0000	0	1.00	0.2624	0.2264	-0.4830	1.390	0
160689	21.359	-0.690	-22.415	-0.57	-0.07	-0.26	0.004	0.034	-0.034	-0.000	0.000	0.000	0.1200	-0.1200	-0.1200	0.0000	0.0000	0.0000	0	1.00	0.2624	0.2264	-0.4830	1.390	0
160697	21.358	-0.698	-22.421	-0.52	-0.14	-0.67	0.022	0.034	-0.028	0.000	0.000	-0.000	0.1200	-0.1200	-0.1200	0.0000	0.0000	0.0000	0	1.00	0.2624	0.2264	-0.4830	1.390	0
160705	21.361	-0.699	-22.424	-0.47	-0.29	-0.56	0.003	0.052	-0.028	0.000	0.000	-0.000	0.1200	-0.1200	-0.1200	0.0000	0.0000	0.0000	0	1.00	0.2624	0.2264	-0.4830	1.390	0
160713	21.360	-0.705	-22.429	-0.42	-0.23	-0.24	0.013	0.017	-0.026	0.000	0.000	-0.000	0.1200	-0.1200	-0.1200	0.0000	0.0000	0.0000	0	1.00	0.2624	0.2264	-0.4830	1.390	0
160720	21.358	-0.705	-22.427	-0.51	-0.03	-0.47	-0.002	0.001	0.009	0.000	0.000	-0.000	0.1200	-0.1200	-0.1200	0.0000	0.0000	0.0000	0	1.00	0.2624	0.2264	-0.4830	1.390	0
160729	21.357	-0.706	-22.427	-0.44	-0.09	-0.27	0.009	-0.027	0.036	0.000	0.000	-0.000	0.1200	-0.1200	-0.1200	0.0000	0.0000	0.0000	0	1.00	0.2624	0.2264	-0.4830	1.390	0
160737	21.356	-0.705	-22.426	-0.32	-0.13	-0.14	-0.005	-0.045	0.044	0.000	0.000	-0.000	0.1200	-0.1200	-0.1200	0.0000	0.0000	0.0000	0	1.00	0.2624	0.2264	-0.4830	1.390	0
160745	21.354	-0.709	-22.427	-0.41	-0.33	-0.26	-0.015	-0.014	0.039	0.000	0.000	0.000	0.1200	-0.1200	-0.1200	0.0000	0.0000	0.0000	0	1.00	0.2624	0.2264	-0.4830	1.390	0
160752	21.355	-0.707	-22.426	-0.37	-0.13	-0.40	-0.010	0.000	0.026	0.000	0.000	0.000	0.1200	-0.1200	-0.1200	0.0000	0.0000	0.0000	0	1.00	0.2624	0.2264	-0.4830	1.390	0
160760	21.360	-0.705	-22.430	-0.28	-0.42	-0.52	-0.012	-0.054	0.015	-0.000	0.000	0.000	0.1200	-0.1200	-0.1200	0.0000	0.0000	0.0000	0	1.00	0.2624	0.2264	-0.4830	1.390	0
160769	21.356	-0.711	-22.431	-0.53	-0.47	-0.22	-0.008	0.002	0.000	-0.000	0.000	0.000	0.1200	-0.1200	-0.1200	0.0000	0.0000	0.0000	0	1.00	0.2624	0.2264	-0.4830	1.390	0
160777	21.362	-0.706	-22.431	-0.39	-0.11	-0.30	-0.005	0.011	-0.014	-0.000	0.000	0.000	0.1200	-0.1200	-0.1200	0.0000	0.0000	0.0000	0	1.00	0.2624	0.2264	-0.4830	1.390	0
160785	21.360	-0.705	-22.430	-0.38	-0.50	-0.34	0.005	-0.008	-0.034	-0.000	0.000	0.000	0.1200	-0.1200	-0.1200	0.0000	0.0000	0.0000	0	1.00	0.2624	0.2264	-0.4830	1.390	0
160792	21.360	-0.707	-22.431	-0.38	-0.54	-0.30	0.001	0.002	-0.032	-0.000	0.000	0.000	0.1200	-0.1200	-0.1200	0.0000	0.0000	0.0000	0	1.00	0.2624	0.2264	-0.4830	1.390	0
160800	21.362	-0.705	-22.431	-0.41	-0.38	-0.22	0.016	-0.009	-0.031	0.000	0.000	-0.000	0.1200	-0.1200	-0.1200	0.0000	0.0000	0.0000	0	1.00	0.2624	0.2264	-0.4830	1.390	0
160809	21.361	-0.707	-22.433	-0.25	-0.21	-0.22	-0.003	0.021	-0.030	0.000	0.000	-0.000	0.1200	-0.1200	-0.1200	0.0000	0.0000	0.0000	0	1.00	0.2624	0.2264	-0.4830	1.390	0
160817	21.357	-0.712	-22.433	-0.41	-0.53	-0.37	-0.010	0.009	-0.032	-0.000	0.000	-0.000	0.1200	-0.1200	-0.1200	0.0000	0.0000	0.0000	0	1.00	0.2624	0.2264	-0.4830	1.390	0
160824	21.356	-0.711	-22.431	-0.32	-0.19	-0.38	-0.013	0.006	-0.013	-0.000	0.000	-0.000	0.1200	-0.1200	-0.1200	0.0000	0.0000	0.0000	0	1.00	0.2624	0.2264	-0.4830	1.390	0
160832	21.352	-0.718	-22.433	-0.39	-0.15	-0.25	-0.008	-0.017	-0.000	-0.000	0.000	-0.000	0.1200	-0.1200	-0.1200	0.0000	0.0000	0.0000	0	1.00	0.2624	0.2264	-0.4830	1.390	0
160840	21.345	-0.724	-22.432	-0.36	-0.27	-0.37	-0.011	-0.046	0.003	-0.000	0.000	-0.000	0.1200	-0.1200	-0.1200	0.0000	0.0000	0.0000	0	1.00	0.2624	0.2264	-0.4830	1.390	0
160848	21.347	-0.725	-22.435	-0.56	-0.54	-0.64	-0.013	-0.041	0.033	-0.000	0.000	-0.000	0.1200	-0.1200	-0.1200	0.0000	0.0000	0.0000	0	1.00	0.2624	0.2264	-0.4830	1.390	0
160856	21.349	-0.726	-22.437	-0.12	-0.18	-0.28	-0.022	-0.013	0.046	-0.000	0.000	-0.000	0.1200	-0.1200	-0.1200	0.0000	0.0000	0.0000	0	1.00	0.2624	0.2264	-0.4830	1.390	0
160864	21.348	-0.730	-22.441	-0.22	-0.33	-0.34	-0.003	-0.003	0.035	-0.000	0.000	0.000	0.1200	-0.1200	-0.1200	0.0000	0.0000	0.0000	0	1.00	0.2624	0.2264	-0.4830	1.390	0
160872	21.354	-0.726	-22.442	-0.47	0.10	-0.52	-0.005	0.001	0.031	-0.000	0.000	0.000	0.1200	-0.1200	-0.1200	0.0000	0.0000	0.0000	0	1.00	0.2624	0.2264	-0.4830	1.390	0
160880	21.348	-0.733	-22.443	-0.63	-0.24	-0.34	0.008	0.028	0.014	-0.000	0.000	0.000	0.1200	-0.1200	-0.1200	0.0000	0.0000	0.0000	0	1.00	0.2624	0.2264	-0.4830	1.390	0
160888	21.343	-0.739	-22.443	-0.34	-0.05	-0.41	0.009	-0.008	-0.006	-0.000	0.000	0.000	0.1200	-0.1200	-0.1200	0.0000	0.0000	0.0000	0	1.00	0.2624	0.2264	-0.4830	1.390	0
160896	21.342	-0.739	-22.442	-0.40	-0.09	-0.19	0.006	0.022	-0.029	-0.000	0.000	0.000	0.1200	-0.1200	-0.1200	0.0000	0.0000	0.0000	0	1.00	0.2624	0.2264	-0.4830	1.390	0
160904	21.342	-0.738	-22.442	-0.07	0.42	-0.19	0.010	0.040	-0.039	-0.000	0.000	0.000	0.1200	-0.1200	-0.1200	0.0000	0.0000	0.0000	0	1.00	0.2624	0.2264	-0.4830	1.390	0
160912	21.343	-0.738	-22.442	-0.45	0.19	-0.43	-0.002	0.027	-0.058	-0.000	0.000	-0.000	0.1200	-0.1200	-0.1200	0.0000	0.0000	0.0000	0	1.00	0.2624	0.2264	-0.4830	1.390	0
160920	21.345	-0.736	-22.442	-0.57	0.32	-0.65	0.013	0.045	-0.048	-0.000	0.000	-0.000	0.1200	-0.1200	-0.1200	0.0000	0.0000	0.0000	0	1.00	0.2624	0.2264	-0.4830	1.390	0
160928	21.345	-0.736	-22.442	-0.18	0.27	-0.26	-0.006	0.020	-0.054	-0.000	0.000	-0.000	0.1200	-0.1200	-0.1200	0.0000	0.0000	0.0000	0	1.00	0.2624	0.2264	-0.4830	1.390	0
160935	21.345	-0.736	-22.442	-0.28	0.25	-0.45	-0.003	0.010	-0.046	-0.000	0.000	-0.000	0.1200	-0.1200	-0.1200	0.0000	0.0000	0.0000	0	1.00	0.2624	0.2264	-0.4830	1.390	0
160943	21.348	-0.731	-22.441	-0.11	0.19	-0.34	0.010	0.003	-0.018	-0.000	0.000	-0.000	0.1200	-0.1200	-0.1200	0.0000	0.0000	0.0000	0	1.00	0.2624	0.2264	-0.4830	1.390	0
160951	21.352	-0.730	-22.444	-0.44	-0.04	-0.31	0.004	-0.033	-0.007	-0.000	0.000	-0.000	0.1200	-0.1200	-0.1200	0.0000	0.0000	0.0000	0	1.00	0.2624	0.2264	-0.4830	1.390	0
160959	21.354	-0.731	-22.446	-0.18	0.03	-0.33	0.002	-0.047	0.034	-0.000	0.000	-0.000	0.1200	-0.1200	-0.1200	0.0000	0.0000	0.0000	0	1.00	0.2624	0.2264	-0.4830	1.390	0
160967	21.355	-0.726	-22.444	-0.20	-0.06	-0.42	0.007	-0.034	0.043	0.000	0.000	-0.000	0.1200	-0.1200	-0.1200	0.0000	0.0000	0.0000	0	1.00	0.2624	0.2264	-0.4830	1.390	0
160975	21.358	-0.724	-22.445	-0.40	-0.13	-0.15	0.000	-0.039	0.065	0.000	0.000	-0.000	0.1200	-0.1200	-0.1200	0.0000	0.0000	0.0000	0	1.00	0.2624	0.2264	-0.4830	1.390	0
160983	21.355	-0.726	-22.444	-0.66	-0.45	-0.21	-0.000	-0.010	0.062	0.000	-0.000	-0.000	0.1200	-0.1200	-0.1200	0.0000	0.0000	0.0000	0	1.00	0.2624	0.2264	-0.4830	1.390	0
160991	21.358	-0.724	-22.445	0.03	-0.26	-0.36	-0.004	-0.020	0.056	0.000	-0.000	0.000	0.1200	-0.1200	-0.1200	0.0000	0.0000	0.0000	0	1.00	0.2624	0.2264	-0.4830	1.390	0
160999	21.360	-0.720	-22.443	-0.54	-0.12	-0.14	-0.013	0.015	0.038	-0.000	-0.000	0.000	0.1200	-0.1200	-0.1200	0.0000	0.0000	0.0000	0	1.00	0.2624	0.2264	-0.4830	1.390	0
161007	21.360	-0.724	-22.446	-0.47	0.10	-0.52	-0.009	0.051	0.025	-0.000	0.000	0.000	0.1200	-0.1200	-0.1200	0.0000	0.0000	0.0000	0	1.00	0.2624	0.2264	-0.4830	1.390	0
161015	21.355	-0.726	-22.443	-0.42	0.23	-0.39	-0.004	0.037	-0.003	-0.000	0.000	0.000	0.1200	-0.1200	-0.1200	0.0000	0.0000	0.0000	0	1.00	0.2624	0.2264	-0.4830	1.390	0
161023	21.356	-0.723	-22.443	-0.11	0.15	-0.30	-0.015	0.033	-0.019	-0.000	0.000	0.000	0.1200	-0.1200	-0.1200	0.0000	0.0000	0.0000	0	1.00	0.2624	0.2264	-0.4830	1.390	0
161031	21.355	-0.725	-22.442	-0.20	0.11	-0.59	-0.000	0.041	-0.022	-0.000	0.000	0.000	0.1200	-0.1200	-0.1200	0.0000	0.0000	0.0000	0	1.00	0.2624	0.2264	-0.4830	1.390	0
161039	21.350	-0.724	-22.437	-0.08	-0.15	-0.25	0.005	0.033	-0.040	-0.000	0.000	0.000	0.1200	-0.1200	-0.1200	0.0000	0.0000	0.0000	0	1.00	0.2624	0.2264	-0.4830	1.390	0
161047	21.351	-0.723	-22.437	-0.34	0.08	-0.54	0.008	0.019	-0.042	-0.000	0.000	0.000	0.1200	-0.1200	-0.1200	0.0000	0.0000	0.0000	0	1.00	0.2624	0.2264	-0.4830	1.390	0
161054	21.348	-0.728	-22.439	-0.52	-0.14	-0.24	0.014	-0.020	-0.050	-0.000	0.000	-0.000	0.1200	-0.1200	-0.1200	0.0000	0.0000	0.0000	0	1.00	0.2624	0.2264	-0.4830	1.390	0
161063	21.347	-0.727	-22.437	-0.29	-0.07	-0.43	0.016	-0.001	-0.028	-0.000	0.000	-0.000	0.1200	-0.1200	-0.1200	0.0000	0.0000	0.0000	0	1.00	0.2624	0.2264	-0.4830	1.390	0
161070	21.348	-0.727	-22.437	-0.55	0.16	-0.29	-0.006	-0.018	-0.007	-0.000	0.000	-0.000	0.1200	-0.1200	-0.1200	0.0000	0.0000	0.0000	0	1.00	0.2624	0.2264	-0.4830	1.390	0
161078	21.354	-0.721	-22.438	-0.39	0.02	-0.43	0.001	-0.002	-0.012	-0.000	0.000	-0.000	0.1200	-0.1200	-0.1200	0.0000	0.0000	0.0000	0	1.00	0.2624	0.2264	-0.4830	1.390	0
161086	21.352	-0.723	-22.438	-0.35	0.17	-0.19	0.009	-0.042	0.004	-0.000	0.000	-0.000	0.1200	-0.1200	-0.1200	0.0000	0.0000	0.0000	0	1.00	0.2624	0.2264	-0.4830	1.390	0
161094	21.351	-0.725	-22.439	-0.49	-0.06	-0.25	-0.012	-0.052	0.013	-0.000	0.000	-0.000	0.1200	-0.1200	-0.1200	0.0000	0.0000	0.0000	0	1.00	0.2624	0.2264	-0.4830	1.390	0
161102	21.354	-0.724	-22.441	-0.26	0.20	0.10	-0.013	-0.042	0.010	-0.000	0.000	-0.000	0.1200	-0.1200	-0.1200	0.0000	0.0000	0.0000	0	1.00	0.2624	0.2264	-0.4830	1.390	0
161110	21.356	-0.724	-22.443	-0.38	0.46	-0.24	-0.005	-0.022	0.031	-0.000	0.000	-0.000	0.1200	-0.1200	-0.1200	0.0000	0.0000	0.0000	0	1.00	0.2624	0.2264	-0.4830	1.390	0
161118	21.358	-0.722	-22.443	-0.43	0.16	-0.20	-0.014	0.006	0.010	-0.000	0.000	-0.000	0.1200	-0.1200	-0.1200	0.0000	0.0000	0.0000	0	1.00	0.2624	0.2264	-0.4830	1.390	0
161126	21.358	-0.716	-22.438	-0.25	0.25	-0.37	0.001	0.015	0.022	-0.000	0.000	-0.000	0.1200	-0.1200	-0.1200	0.0000	0.0000	0.0000	0	1.00	0.2624	0.2264	-0.4830	1.390	0
161134	21.355	-0.712	-22.430	-0.62	0.26	-0.53	-0.002	0.029	0.015	-0.000	0.000	0.000	0.1200	-0.1200	-0.1200	0.0000	0.0000	0.0000	0	1.00	0.2624	0.2264	-0.4830	1.390	0
161142	21.353	-0.712	-22.429	-0.40	0.28	-0.25	0.014	0.058	0.012	-0.000	0.000	0.000	0.1200	-0.1200	-0.1200	0.0000	0.0000	0.0000	0	1.00	0.2624	0.2264	-0.4830	1.390	0
161149	21.355	-0.713	-22.431	-0.35	0.38	-0.41	0.011	0.008	-0.004	-0.000	0.000	0.000	0.1200	-0.1200	-0.1200	0.0000	0.0000	0.0000	0	1.00	0.2624	0.2264	-0.4830	1.390	0
161158	21.354	-0.716	-22.434	-0.37	0.12	-0.33	0.010	0.045	-0.015	-0.000	0.000	0.000	0.1200	-0.1200	-0.1200	0.0000	0.0000	0.0000	0	1.00	0.2624	0.2264	-0.4830	1.390	0
161165	21.355	-0.713	-22.432	-0.21	0.44	-0.18	0.001	0.008	-0.024	-0.000	0.000	-0.000	0.1200	-0.1200	-0.1200	0.0000	0.0000	0.0000	0	1.00	0.2624	0.2264	-0.4830	1.390	0
161174	21.359	-0.706	-22.429	-0.23	0.53	-0.78	-0.001	0.017	-0.019	-0.000	0.000	-0.000	0.1200	-0.1200	-0.1200	0.0000	0.0000	0.0000	0	1.00	0.2624	0.2264	-0.4830	1.390	0
161182	21.363	-0.700	-22.427	-0.67	0.31	-0.22	-0.003	-0.020	-0.040	-0.000	0.000	-0.000	0.1200	-0.1200	-0.1200	0.0000	0.0000	0.0000	0	1.00	0.2624	0.2264	-0.4830	1.390	0
161189	21.362	-0.701	-22.429	-0.36	0.53	-0.43	0.006	-0.031	-0.027	-0.000	0.000	-0.000	0.1200	-0.1200	-0.1200	0.0000	0.0000	0.0000	0	1.00	0.2624	0.2264	-0.4830	1.390	0
161197	21.364	-0.703	-22.431	-0.51	0.48	-0.23	-0.002	-0.060	-0.015	-0.000	0.000	-0.000	0.1200	-0.1200	-0.1200	0.0000	0.0000	0.0000	0	1.00	0.2624	0.2264	-0.4830	1.390	0
161205	21.367	-0.704	-22.435	-0.38	0.18	-0.27	-0.009	-0.033	-0.002	-0.000	0.000	-0.000	0.1200	-0.1200	-0.1200	0.0000	0.0000	0.0000	0	1.00	0.2624	0.2264	-0.4830	1.390	0
161214	21.368	-0.702	-22.435	-0.18	0.23	-0.22	-0.010	-0.053	0.017	-0.000	0.000	-0.000	0.1200	-0.1200	-0.1200	0.0000	0.0000	0.0000	0	1.00	0.2624	0.2264	-0.4830	1.390	0
161221	21.375	-0.693	-22.434	-0.24	0.40	-0.22	-0.008	-0.008	0.030	-0.000	-0.000	-0.000	0.1200	-0.1200	-0.1200	0.0000	0.0000	0.0000	0	1.00	0.2624	0.2264	-0.4830	1.390	0
161229	21.373	-0.690	-22.429	-0.64	0.27	-0.43	-0.004	-0.030	0.035	-0.000	-0.000	-0.000	0.1200	-0.1200	-0.1200	0.0000	0.0000	0.0000	0	1.00	0.2624	0.2264	-0.4830	1.390	0
161237	21.374	-0.687	-22.427	-0.35	0.19	-0.52	0.008	-0.010	0.028	-0.000	-0.000	0.000	0.1200	-0.1200	-0.1200	0.0000	0.0000	0.0000	0	1.00	0.2624	0.2264	-0.4830	1.390	0
161245	21.373	-0.685	-22.424	-0.69	-0.07	-0.35	0.017	0.034	0.028	-0.000	-0.000	0.000	0.1200	-0.1200	-0.1200	0.0000	0.0000	0.0000	0	1.00	0.2624	0.2264	-0.4830	1.390	0
161253	21.373	-0.683	-22.422	-0.47	0.17	-0.28	0.021	0.031	0.022	-0.000	0.000	0.000	0.1200	-0.1200	-0.1200	0.0000	0.0000	0.0000	0	1.00	0.2624	0.2264	-0.4830	1.390	0
161261	21.368	-0.685	-22.419	-0.20	0.09	-0.27	0.017	0.057	0.017	0.000	0.000	0.000	0.1200	-0.1200	-0.1200	0.0000	0.0000	0.0000	0	1.00	0.2624	0.2264	-0.4830	1.390	0
161269	21.367	-0.685	-22.419	-0.24	0.32	-0.13	0.010	0.031	0.001	0.000	0.000	0.000	0.1200	-0.1200	-0.1200	0.0000	0.0000	0.0000	0	1.00	0.2624	0.2264	-0.4830	1.390	0
161277	21.365	-0.686	-22.417	-0.15	0.24	-0.46	0.001	0.016	-0.012	0.000	0.000	0.000	0.1200	-0.1200	-0.1200	0.0000	0.0000	0.0000	0	1.00	0.2624	0.2264	-0.4830	1.390	0
161284	21.366	-0.683	-22.415	-0.70	0.45	-0.43	-0.017	0.002	-0.010	0.000	0.000	0.000	0.1200	-0.1200	-0.1200	0.0000	0.0000	0.0000	0	1.00	0.2624	0.2264	-0.4830	1.390	0
161293	21.363	-0.677	-22.407	-0.59	0.42	-0.63	-0.014	0.003	-0.024	0.000	0.000	0.000	0.1200	-0.1200	-0.1200	0.0000	0.0000	0.0000	0	1.00	0.2624	0.2264	-0.4830	1.390	0
161301	21.364	-0.676	-22.406	-0.54	0.27	-0.52	-0.013	-0.015	-0.030	-0.000	0.000	-0.000	0.1200	-0.1200	-0.1200	0.0000	0.0000	0.0000	0	1.00	0.2624	0.2264	-0.4830	1.390	0
161308	21.366	-0.673	-22.406	-0.21	0.54	-0.59	-0.020	-0.009	-0.030	-0.000	0.000	-0.000	0.1200	-0.1200	-0.1200	0.0000	0.0000	0.0000	0	1.00	0.2624	0.2264	-0.4830	1.390	0
161316	21.365	-0.675	-22.407	-0.03	0.29	-0.42	-0.001	-0.040	-0.029	-0.000	0.000	-0.000	0.1200	-0.1200	-0.1200	0.0000	0.0000	0.0000	0	1.00	0.2624	0.2264	-0.4830	1.390	0
161324	21.371	-0.670	-22.409	0.00	0.12	-0.49	-0.016	-0.048	-0.025	-0.000	0.000	-0.000	0.1200	-0.1200	-0.1200	0.0000	0.0000	0.0000	0	1.00	0.2624	0.2264	-0.4830	1.390	0
161332	21.375	-0.667	-22.410	-0.38	0.63	-0.42	-0.003	-0.002	-0.002	-0.000	0.000	-0.000	0.1200	-0.1200	-0.1200	0.0000	0.0000	0.0000	0	1.00	0.2624	0.2264	-0.4830	1.390	0
161340	21.377	-0.662	-22.407	-0.62	0.28	-0.25	-0.015	-0.032	0.023	-0.000	0.000	-0.000	0.1200	-0.1200	-0.1200	0.0000	0.0000	0.0000	0	1.00	0.2624	0.2264	-0.4830	1.390	0
161348	21.378	-0.660	-22.406	-0.24	0.49	-0.30	-0.007	0.020	0.046	-0.000	-0.000	-0.000	0.1200	-0.1200	-0.1200	0.0000	0.0000	0.0000	0	1.00	0.2624	0.2264	-0.4830	1.390	0
161356	21.375	-0.661	-22.405	-0.60	0.35	-0.44	0.000	0.020	0.043	-0.000	-0.000	0.000	0.1200	-0.1200	-0.1200	0.0000	0.0000	0.0000	0	1.00	0.2624	0.2264	-0.4830	1.390	0
161364	21.372	-0.659	-22.400	-0.44	0.55	-0.16	0.013	0.032	0.038	-0.000	0.000	0.000	0.1200	-0.1200	-0.1200	0.0000	0.0000	0.0000	0	1.00	0.2624	0.2264	-0.4830	1.390	0
161372	21.373	-0.652	-22.394	-0.48	0.44	-0.43	0.031	0.035	0.024	-0.000	0.000	0.000	0.1200	-0.1200	-0.1200	0.0000	0.0000	0.0000	0	1.00	0.2624	0.2264	-0.4830	1.390	0
161380	21.372	-0.646	-22.388	-0.40	0.17	-0.45	0.036	0.035	0.026	-0.000	0.000	0.000	0.1200	-0.1200	-0.1200	0.0000	0.0000	0.0000	0	1.00	0.2624	0.2264	-0.4830	1.390	0
161387	21.371	-0.642	-22.383	-0.67	0.46	-0.68	0.038	0.046	-0.007	0.000	0.000	0.000	0.1200	-0.1200	-0.1200	0.0000	0.0000	0.0000	0	1.00	0.2624	0.2264	-0.4830	1.390	0
161395	21.368	-0.647	-22.385	-0.47	0.34	-0.45	0.027	0.010	-0.019	0.000	0.000	0.000	0.1200	-0.1200	-0.1200	0.0000	0.0000	0.0000	0	1.00	0.2624	0.2264	-0.4830	1.390	0
161403	21.371	-0.641	-22.383	-0.38	0.26	-0.35	0.017	-0.012	-0.022	0.000	0.000	0.000	0.1200	-0.1200	-0.1200	0.0000	0.0000	0.0000	0	1.00	0.2624	0.2264	-0.4830	1.390	0
161412	21.372	-0.639	-22.382	-0.21	0.28	-0.76	0.004	-0.008	-0.051	0.000	0.000	0.000	0.1200	-0.1200	-0.1200	0.0000	0.0000	0.0000	0	1.00	0.2624	0.2264	-0.4830	1.390	0
161419	21.376	-0.638	-22.384	-0.28	0.41	-0.29	0.004	-0.017	-0.036	0.000	0.000	-0.000	0.1200	-0.1200	-0.1200	0.0000	0.0000	0.0000	0	1.00	0.2624	0.2264	-0.4830	1.390	0
161427	21.379	-0.631	-22.381	-0.26	0.18	-0.18	0.001	0.009	-0.051	0.000	0.000	-0.000	0.1200	-0.1200	-0.1200	0.0000	0.0000	0.0000	0	1.00	0.2624	0.2264	-0.4830	1.390	0
161435	21.385	-0.625	-22.382	-0.33	0.65	-0.48	-0.024	0.000	-0.037	0.000	0.000	-0.000	0.1200	-0.1200	-0.1200	0.0000	0.0000	0.0000	0	1.00	0.2624	0.2264	-0.4830	1.390	0
161443	21.387	-0.623	-22.382	-0.24	0.40	-0.21	-0.035	-0.004	-0.023	0.000	0.000	-0.000	0.1200	-0.1200	-0.1200	0.0000	0.0000	0.0000	0	1.00	0.2624	0.2264	-0.4830	1.390	0
161451	21.391	-0.618	-22.381	-0.58	0.62	-0.51	-0.041	-0.001	-0.011	-0.000	0.000	-0.000	0.1200	-0.1200	-0.1200	0.0000	0.0000	0.0000	0	1.00	0.2624	0.2264	-0.4830	1.390	0
161459	21.392	-0.617	-22.381	-0.53	0.38	-0.32	-0.034	0.009	0.008	-0.000	0.000	-0.000	0.1200	-0.1200	-0.1200	0.0000	0.0000	0.0000	0	1.00	0.2624	0.2264	-0.4830	1.390	0
161467	21.394	-0.614	-22.381	-0.40	0.26	-0.54	-0.035	-0.000	0.031	-0.000	0.000	-0.000	0.1200	-0.1200	-0.1200	0.0000	0.0000	0.0000	0	1.00	0.2624	0.2264	-0.4830	1.390	0
161475	21.396	-0.610	-22.379	-0.01	0.25	-0.19	-0.031	-0.008	0.051	-0.000	0.000	-0.000	0.1200	-0.1200	-0.1200	0.0000	0.0000	0.0000	0	1.00	0.2624	0.2264	-0.4830	1.390	0
161483	21.393	-0.607	-22.374	-0.37	-0.01	-0.20	-0.003	-0.012	0.046	-0.000	0.000	-0.000	0.1200	-0.1200	-0.1200	0.0000	0.0000	0.0000	0	1.00	0.2624	0.2264	-0.4830	1.390	0
161491	21.395	-0.607	-22.375	-0.20	0.01	-0.18	0.009	0.003	0.057	-0.000	0.000	0.000	0.1200	-0.1200	-0.1200	0.0000	0.0000	0.0000	0	1.00	0.2624	0.2264	-0.4830	1.390	0
161499	21.393	-0.601	-22.369	-0.38	0.35	-0.44	0.033	0.024	0.049	-0.000	0.000	0.000	0.1200	-0.1200	-0.1200	0.0000	0.0000	0.0000	0	1.00	0.2624	0.2264	-0.4830	1.390	0
161507	21.393	-0.601	-22.368	-0.28	0.26	-0.45	0.037	0.014	0.037	-0.000	0.000	0.000	0.1200	-0.1200	-0.1200	0.0000	0.0000	0.0000	0	1.00	0.2624	0.2264	-0.4830	1.390	0
161515	21.390	-0.602	-22.367	-0.21	0.11	-0.16	0.056	0.017	0.016	0.000	0.000	0.000	0.1200	-0.1200	-0.1200	0.0000	0.0000	0.0000	0	1.00	0.2624	0.2264	-0.4830	1.390	0
161523	21.389	-0.602	-22.365	-0.13	0.08	-0.11	0.043	-0.001	-0.006	0.000	0.000	0.000	0.1200	-0.1200	-0.1200	0.0000	0.0000	0.0000	0	1.00	0.2624	0.2264	-0.4830	1.390	0
161531	21.389	-0.603	-22.366	-0.19	0.08	-0.37	0.039	-0.011	-0.037	0.000	0.000	0.000	0.1200	-0.1200	-0.1200	0.0000	0.0000	0.0000	0	1.00	0.2624	0.2264	-0.4830	1.390	0
161538	21.388	-0.605	-22.367	-0.65	0.08	-0.54	0.013	0.014	-0.042	0.000	0.000	0.000	0.1200	-0.1200	-0.1200	0.0000	0.0000	0.0000	0	1.00	0.2624	0.2264	-0.4830	1.390	0
161546	21.390	-0.604	-22.368	-0.43	0.07	-0.54	-0.008	0.015	-0.045	0.000	0.000	0.000	0.1200	-0.1200	-0.1200	0.0000	0.0000	0.0000	0	1.00	0.2624	0.2264	-0.4830	1.390	0
161554	21.387	-0.606	-22.367	-0.22	0.07	-0.12	-0.023	-0.011	-0.041	0.000	0.000	0.000	0.1200	-0.1200	-0.1200	0.0000	0.0000	0.0000	0	1.00	0.2624	0.2264	-0.4830	1.390	0
161562	21.387	-0.614	-22.373	-0.48	-0.40	-0.33	-0.059	0.011	-0.048	0.000	0.000	-0.000	0.1200	-0.1200	-0.1200	0.0000	0.0000	0.0000	0	1.00	0.2624	0.2264	-0.4830	1.390	0
161570	21.392	-0.615	-22.380	-0.24	-0.05	-0.50	-0.067	-0.022	-0.024	-0.000	0.000	-0.000	0.1200	-0.1200	-0.1200	0.0000	0.0000	0.0000	0	1.00	0.2624	0.2264	-0.4830	1.390	0
161578	21.388	-0.619	-22.380	-0.41	-0.12	-0.48	-0.046	-0.023	-0.009	-0.000	0.000	-0.000	0.1200	-0.1200	-0.1200	0.0000	0.0000	0.0000	0	1.00	0.2624	0.2264	-0.4830	1.390	0
161586	21.387	-0.621	-22.380	-0.53	-0.05	-0.32	-0.037	0.006	-0.015	-0.000	0.000	-0.000	0.1200	-0.1200	-0.1200	0.0000	0.0000	0.0000	0	1.00	0.2624	0.2264	-0.4830	1.390	0
161594	21.382	-0.624	-22.378	-0.40	-0.35	-0.36	-0.031	-0.007	-0.005	-0.000	0.000	-0.000	0.1200	-0.1200	-0.1200	0.0000	0.0000	0.0000	0	1.00	0.2624	0.2264	-0.4830	1.390	0
161602	21.380	-0.623	-22.375	-0.24	-0.10	-0.45	0.010	0.011	-0.003	-0.000	0.000	-0.000	0.1200	-0.1200	-0.1200	0.0000	0.0000	0.0000	0	1.00	0.2624	0.2264	-0.4830	1.390	0
161610	21.375	-0.625	-22.371	-0.41	-0.01	-0.28	0.040	-0.010	0.009	-0.000	0.000	-0.000	0.1200	-0.1200	-0.1200	0.0000	0.0000	0.0000	0	1.00	0.2624	0.2264	-0.4830	1.390	0
161618	21.375	-0.621	-22.368	-0.27	-0.11	-0.20	0.058	-0.006	0.016	-0.000	0.000	-0.000	0.1200	-0.1200	-0.1200	0.0000	0.0000	0.0000	0	1.00	0.2624	0.2264	-0.4830	1.390	0
161626	21.372	-0.621	-22.365	-0.10	0.07	-0.03	0.055	-0.011	0.009	-0.000	0.000	-0.000	0.1200	-0.1200	-0.1200	0.0000	0.0000	0.0000	0	1.00	0.2624	0.2264	-0.4830	1.390	0
161633	21.374	-0.622	-22.368	-0.49	0.11	-0.41	0.054	-0.001	0.011	0.000	0.000	-0.000	0.1200	-0.1200	-0.1200	0.0000	0.0000	0.0000	0	1.00	0.2624	0.2264	-0.4830	1.390	0
161642	21.372	-0.625	-22.369	-0.24	-0.10	-0.45	0.059	0.026	0.014	0.000	0.000	-0.000	0.1200	-0.1200	-0.1200	0.0000	0.0000	0.0000	0	1.00	0.2624	0.2264	-0.4830	1.390	0
161649	21.374	-0.623	-22.369	-0.41	-0.20	-0.39	0.037	0.038	0.015	0.000	0.000	-0.000	0.1200	-0.1200	-0.1200	0.0000	0.0000	0.0000	0	1.00	0.2624	0.2264	-0.4830	1.390	0
161657	21.372	-0.628	-22.371	-0.67	-0.56	-0.83	0.002	0.003	0.008	0.000	0.000	-0.000	0.1200	-0.1200	-0.1200	0.0000	0.0000	0.0000	0	1.00	0.2624	0.2264	-0.4830	1.390	0
161665	21.370	-0.633	-22.375	-0.43	-0.56	-0.22	-0.013	0.004	0.009	0.000	0.000	-0.000	0.1200	-0.1200	-0.1200	0.0000	0.0000	0.0000	0	1.00	0.2624	0.2264	-0.4830	1.390	0
161673	21.369	-0.638	-22.377	-0.36	-0.20	-0.13	-0.029	-0.013	0.012	0.000	0.000	0.000	0.1200	-0.1200	-0.1200	0.0000	0.0000	0.0000	0	1.00	0.2624	0.2264	-0.4830	1.390	0
161681	21.367	-0.643	-22.380	-0.69	-0.37	-0.47	-0.055	-0.005	-0.001	0.000	0.000	0.000	0.1200	-0.1200	-0.1200	0.0000	0.0000	0.0000	0	1.00	0.2624	0.2264	-0.4830	1.390	0
161689	21.365	-0.647	-22.382	-0.58	-0.18	-0.45	-0.055	-0.049	-0.002	0.000	0.000	0.000	0.1200	-0.1200	-0.1200	0.0000	0.0000	0.0000	0	1.00	0.2624	0.2264	-0.4830	1.390	0
161697	21.368	-0.646	-22.384	-0.28	0.11	0.01	-0.061	-0.004	-0.010	-0.000	0.000	-0.000	0.1200	-0.1200	-0.1200	0.0000	0.0000	0.0000	0	1.00	0.2624	0.2264	-0.4830	1.390	0
161705	21.365	-0.649	-22.383	-0.44	0.04	-0.40	-0.043	-0.049	-0.016	-0.000	0.000	-0.000	0.1200	-0.1200	-0.1200	0.0000	0.0000	0.0000	0	1.00	0.2624	0.2264	-0.4830	1.390	0
161713	21.364	-0.650	-22.383	-0.55	-0.23	-0.33	-0.028	-0.021	-0.006	-0.000	0.000	-0.000	0.1200	-0.1200	-0.1200	0.0000	0.0000	0.0000	0	1.00	0.2624	0.2264	-0.4830	1.390	0
161721	21.363	-0.649	-22.381	-0.31	-0.36	-0.02	-0.011	-0.029	-0.008	-0.000	0.000	-0.000	0.1200	-0.1200	-0.1200	0.0000	0.0000	0.0000	0	1.00	0.2624	0.2264	-0.4830	1.390	0
161729	21.356	-0.654	-22.379	-0.37	0.03	-0.24	0.011	-0.004	-0.008	-0.000	0.000	-0.000	0.1200	-0.1200	-0.1200	0.0000	0.0000	0.0000	0	1.00	0.2624	0.2264	-0.4830	1.390	0
161737	21.353	-0.653	-22.375	-0.22	-0.00	-0.36	0.027	0.022	0.007	-0.000	0.000	-0.000	0.1200	-0.1200	-0.1200	0.0000	0.0000	0.0000	0	1.00	0.2624	0.2264	-0.4830	1.390	0
161746	21.352	-0.650	-22.372	-0.32	0.13	-0.39	0.026	0.044	-0.007	-0.000	0.000	-0.000	0.1200	-0.1200	-0.1200	0.0000	0.0000	0.0000	0	1.00	0.2624	0.2264	-0.4830	1.390	0
161754	21.351	-0.653	-22.373	-0.69	0.30	-0.40	0.025	0.042	0.009	-0.000	0.000	-0.000	0.1200	-0.1200	-0.1200	0.0000	0.0000	0.0000	0	1.00	0.2624	0.2264	-0.4830	1.390	0
161761	21.351	-0.656	-22.376	-0.15	0.18	-0.09	0.032	0.005	0.004	0.000	0.000	-0.000	0.1200	-0.1200	-0.1200	0.0000	0.0000	0.0000	0	1.00	0.2624	0.2264	-0.4830	1.390	0
161769	21.353	-0.652	-22.374	-0.17	0.34	-0.44	0.032	0.027	0.008	0.000	0.000	-0.000	0.1200	-0.1200	-0.1200	0.0000	0.0000	0.0000	0	1.00	0.2624	0.2264	-0.4830	1.390	0
161777	21.352	-0.656	-22.377	-0.47	0.25	-0.36	0.002	0.014	0.019	0.000	0.000	0.000	0.1200	-0.1200	-0.1200	0.0000	0.0000	0.0000	0	1.00	0.2624	0.2264	-0.4830	1.390	0
161786	21.352	-0.656	-22.377	-0.42	0.18	-0.34	-0.013	-0.002	0.030	0.000	0.000	0.000	0.1200	-0.1200	-0.1200	0.0000	0.0000	0.0000	0	1.00	0.2624	0.2264	-0.4830	1.390	0
161793	21.357	-0.654	-22.380	-0.22	0.28	0.10	-0.044	-0.006	0.004	0.000	0.000	0.000	0.1200	-0.1200	-0.1200	0.0000	0.0000	0.0000	0	1.00	0.2624	0.2264	-0.4830	1.390	0
161801	21.355	-0.654	-22.378	-0.61	0.44	-0.52	-0.031	-0.012	-0.002	-0.000	0.000	0.000	0.1200	-0.1200	-0.1200	0.0000	0.0000	0.0000	0	1.00	0.2624	0.2264	-0.4830	1.390	0
161809	21.357	-0.654	-22.380	-0.42	0.27	-0.43	-0.035	-0.032	-0.004	-0.000	0.000	0.000	0.1200	-0.1200	-0.1200	0.0000	0.0000	0.0000	0	1.00	0.2624	0.2264	-0.4830	1.390	0
161817	21.363	-0.648	-22.381	-0.23	0.12	-0.06	-0.022	-0.013	-0.013	-0.000	0.000	0.000	0.1200	-0.1200	-0.1200	0.0000	0.0000	0.0000	0	1.00	0.2624	0.2264	-0.4830	1.390	0
161825	21.365	-0.646	-22.381	-0.29	0.30	-0.49	-0.015	-0.023	-0.048	-0.000	0.000	-0.000	0.1200	-0.1200	-0.1200	0.0000	0.0000	0.0000	0	1.00	0.2624	0.2264	-0.4830	1.390	0
161833	21.369	-0.645	-22.383	-0.38	0.30	-0.40	0.009	-0.013	-0.030	-0.000	0.000	-0.000	0.1200	-0.1200	-0.1200	0.0000	0.0000	0.0000	0	1.00	0.2624	0.2264	-0.4830	1.390	0
161841	21.370	-0.639	-22.379	-0.90	0.11	-0.33	0.018	0.021	-0.017	-0.000	0.000	-0.000	0.1200	-0.1200	-0.1200	0.0000	0.0000	0.0000	0	1.00	0.2624	0.2264	-0.4830	1.390	0
161849	21.368	-0.640	-22.378	-0.54	0.14	-0.39	0.038	0.034	-0.007	-0.000	0.000	-0.000	0.1200	-0.1200	-0.1200	0.0000	0.0000	0.0000	0	1.00	0.2624	0.2264	-0.4830	1.390	0
161857	21.363	-0.641	-22.374	-0.37	-0.02	-0.20	0.040	0.017	0.000	-0.000	0.000	-0.000	0.1200	-0.1200	-0.1200	0.0000	0.0000	0.0000	0	1.00	0.2624	0.2264	-0.4830	1.390	0
161865	21.367	-0.637	-22.374	-0.27	0.43	-0.44	0.030	0.007	0.009	0.000	0.000	-0.000	0.1200	-0.1200	-0.1200	0.0000	0.0000	0.0000	0	1.00	0.2624	0.2264	-0.4830	1.390	0
161873	21.362	-0.640	-22.373	-0.56	0.13	-0.57	0.042	0.034	0.020	0.000	0.000	-0.000	0.1200	-0.1200	-0.1200	0.0000	0.0000	0.0000	0	1.00	0.2624	0.2264	-0.4830	1.390	0
161881	21.363	-0.641	-22.374	-0.42	0.22	-0.39	0.029	0.002	0.032	0.000	0.000	-0.000	0.1200	-0.1200	-0.1200	0.0000	0.0000	0.0000	0	1.00	0.2624	0.2264	-0.4830	1.390	0
161889	21.363	-0.638	-22.371	-0.44	0.28	-0.33	0.027	-0.003	0.015	0.000	0.000	-0.000	0.1200	-0.1200	-0.1200	0.0000	0.0000	0.0000	0	1.00	0.2624	0.2264	-0.4830	1.390	0
161897	21.368	-0.634	-22.373	-0.56	0.50	-0.63	0.006	-0.007	0.022	0.000	0.000	-0.000	0.1200	-0.1200	-0.1200	0.0000	0.0000	0.0000	0	1.00	0.2624	0.2264	-0.4830	1.390	0
161905	21.368	-0.632	-22.371	-0.34	0.28	-0.42	0.001	-0.056	0.024	0.000	0.000	0.000	0.1200	-0.1200	-0.1200	0.0000	0.0000	0.0000	0	1.00	0.2624	0.2264	-0.4830	1.390	0
161913	21.380	-0.624	-22.376	-0.30	0.49	-0.56	-0.019	-0.025	0.003	0.000	0.000	0.000	0.1200	-0.1200	-0.1200	0.0000	0.0000	0.0000	0	1.00	0.2624	0.2264	-0.4830	1.390	0
161921	21.387	-0.620	-22.379	-0.30	0.31	-0.39	-0.030	-0.020	-0.005	0.000	0.000	0.000	0.1200	-0.1200	-0.1200	0.0000	0.0000	0.0000	0	1.00	0.2624	0.2264	-0.4830	1.390	0
161928	21.389	-0.619	-22.381	-0.33	0.11	-0.25	-0.037	-0.002	-0.013	0.000	0.000	0.000	0.1200	-0.1200	-0.1200	0.0000	0.0000	0.0000	0	1.00	0.2624	0.2264	-0.4830	1.390	0
161936	21.396	-0.609	-22.378	-1.00	0.64	-0.32	-0.024	0.008	-0.026	0.000	0.000	-0.000	0.1200	-0.1200	-0.1200	0.0000	0.0000	0.0000	0	1.00	0.2624	0.2264	-0.4830	1.390	0
161944	21.396	-0.609	-22.378	-0.54	0.40	-0.65	-0.024	-0.001	-0.027	0.000	0.000	-0.000	0.1200	-0.1200	-0.1200	0.0000	0.0000	0.0000	0	1.00	0.2624	0.2264	-0.4830	1.390	0
161952	21.396	-0.608	-22.377	-0.37	0.09	-0.61	-0.007	0.041	-0.034	-0.000	0.000	-0.000	0.1200	-0.1200	-0.1200	0.0000	0.0000	0.0000	0	1.00	0.2624	0.2264	-0.4830	1.390	0
161961	21.389	-0.613	-22.375	-0.31	0.20	-0.15	0.003	0.026	-0.024	-0.000	0.000	-0.000	0.1200	-0.1200	-0.1200	0.0000	0.0000	0.0000	0	1.00	0.2624	0.2264	-0.4830	1.390	0
161968	21.386	-0.611	-22.370	-0.23	0.23	-0.47	0.019	0.045	-0.007	-0.000	0.000	-0.000	0.1200	-0.1200	-0.1200	0.0000	0.0000	0.0000	0	1.00	0.2624	0.2264	-0.4830	1.390	0
161976	21.384	-0.609	-22.366	-0.17	0.47	-0.14	0.027	0.015	0.008	0.000	0.000	-0.000	0.1200	-0.1200	-0.1200	0.0000	0.0000	0.0000	0	1.00	0.2624	0.2264	-0.4830	1.390	0
161984	21.386	-0.605	-22.365	-0.21	0.44	-0.18	0.032	-0.006	0.015	0.000	0.000	-0.000	0.1200	-0.1200	-0.1200	0.0000	0.0000	0.0000	0	1.00	0.2624	0.2264	-0.4830	1.390	0
161992	21.390	-0.600	-22.364	-0.58	0.64	-0.23	0.032	0.018	0.021	0.000	0.000	-0.000	0.1200	-0.1200	-0.1200	0.0000	0.0000	0.0000	0	1.00	0.2624	0.2264	-0.4830	1.390	0
162000	21.394	-0.599	-22.367	-0.11	0.32	-0.47	0.026	-0.013	0.021	0.000	0.000	-0.000	0.1200	-0.1200	-0.1200	0.0000	0.0000	0.0000	0	1.00	0.2624	0.2264	-0.4830	1.390	0
162008	21.397	-0.593	-22.365	-0.48	0.59	-0.28	0.012	-0.007	0.021	0.000	0.000	-0.000	0.1200	-0.1200	-0.1200	0.0000	0.0000	0.0000	0	1.00	0.2624	0.2264	-0.4830	1.390	0
162016	21.402	-0.589	-22.367	-0.48	0.51	-0.19	0.016	-0.022	0.007	0.000	0.000	-0.000	0.1200	-0.1200	-0.1200	0.0000	0.0000	0.0000	0	1.00	0.2624	0.2264	-0.4830	1.390	0
162024	21.400	-0.591	-22.365	-0.29	0.64	-0.40	-0.007	-0.043	0.003	0.000	0.000	-0.000	0.1200	-0.1200	-0.1200	0.0000	0.0000	0.0000	0	1.00	0.2624	0.2264	-0.4830	1.390	0
162031	21.399	-0.588	-22.362	-0.27	0.56	-0.14	-0.014	0.005	-0.022	0.000	0.000	-0.000	0.1200	-0.1200	-0.1200	0.0000	0.0000	0.0000	0	1.00	0.2624	0.2264	-0.4830	1.390	0
162039	21.398	-0.587	-22.360	-0.28	-0.05	-0.15	-0.022	-0.029	-0.002	0.000	0.000	-0.000	0.1200	-0.1200	-0.1200	0.0000	0.0000	0.0000	0	1.00	0.2624	0.2264	-0.4830	1.390	0
162047	21.399	-0.583	-22.358	-0.31	0.27	0.09	-0.041	0.038	-0.010	0.000	0.000	-0.000	0.1200	-0.1200	-0.1200	0.0000	0.0000	0.0000	0	1.00	0.2624	0.2264	-0.4830	1.390	0
162055	21.398	-0.578	-22.353	-0.31	0.37	-0.33	-0.032	0.036	-0.003	0.000	0.000	-0.000	0.1200	-0.1200	-0.1200	0.0000	0.0000	0.0000	0	1.00	0.2624	0.2264	-0.4830	1.390	0
162063	21.398	-0.580	-22.354	-0.38	-0.04	-0.48	-0.035	0.037	0.008	0.000	0.000	-0.000	0.1200	-0.1200	-0.1200	0.0000	0.0000	0.0000	0	1.00	0.2624	0.2264	-0.4830	1.390	0
162071	21.399	-0.580	-22.355	-0.26	0.00	-0.44	-0.027	0.007	-0.008	-0.000	0.000	-0.000	0.1200	-0.1200	-0.1200	0.0000	0.0000	0.0000	0	1.00	0.2624	0.2264	-0.4830	1.390	0
162079	21.398	-0.577	-22.351	-0.21	0.24	-0.29	-0.016	0.013	0.007	-0.000	0.000	-0.000	0.1200	-0.1200	-0.1200	0.0000	0.0000	0.0000	0	1.00	0.2624	0.2264	-0.4830	1.390	0
162086	21.401	-0.575	-22.353	-0.31	0.24	-0.63	-0.006	0.041	-0.004	-0.000	0.000	-0.000	0.1200	-0.1200	-0.1200	0.0000	0.0000	0.0000	0	1.00	0.2624	0.2264	-0.4830	1.390	0
162095	21.402	-0.571	-22.350	-0.45	0.48	-0.40	0.014	-0.033	0.001	-0.000	0.000	-0.000	0.1200	-0.1200	-0.1200	0.0000	0.0000	0.0000	0	1.00	0.2624	0.2264	-0.4830	1.390	0
162103	21.403	-0.567	-22.347	-0.62	0.50	-0.46	0.038	-0.021	-0.003	-0.000	0.000	-0.000	0.1200	-0.1200	-0.1200	0.0000	0.0000	0.0000	0	1.00	0.2624	0.2264	-0.4830	1.390	0
162110	21.406	-0.566	-22.349	-0.26	0.26	-0.27	0.036	-0.022	0.006	0.000	0.000	-0.000	0.1200	-0.1200	-0.1200	0.0000	0.0000	0.0000	0	1.00	0.2624	0.2264	-0.4830	1.390	0
162118	21.408	-0.561	-22.347	-0.23	0.23	-0.47	0.031	-0.036	0.006	0.000	0.000	-0.000	0.1200	-0.1200	-0.1200	0.0000	0.0000	0.0000	0	1.00	0.2624	0.2264	-0.4830	1.390	0
162126	21.405	-0.561	-22.344	-0.48	0.22	-0.22	0.041	-0.023	0.017	0.000	0.000	-0.000	0.1200	-0.1200	-0.1200	0.0000	0.0000	0.0000	0	1.00	0.2624	0.2264	-0.4830	1.390	0
162134	21.404	-0.562	-22.344	-0.26	-0.12	-0.31	0.021	-0.027	0.010	0.000	0.000	-0.000	0.1200	-0.1200	-0.1200	0.0000	0.0000	0.0000	0	1.00	0.2624	0.2264	-0.4830	1.390	0
162142	21.405	-0.559	-22.343	-0.17	-0.16	-0.25	0.002	0.023	0.008	0.000	0.000	-0.000	0.1200	-0.1200	-0.1200	0.0000	0.0000	0.0000	0	1.00	0.2624	0.2264	-0.4830	1.390	0
162150	21.409	-0.558	-22.346	-0.60	-0.28	-0.55	-0.014	0.019	0.009	0.000	0.000	-0.000	0.1200	-0.1200	-0.1200	0.0000	0.0000	0.0000	0	1.00	0.2624	0.2264	-0.4830	1.390	0
162158	21.412	-0.555	-22.346	-0.66	-0.25	-0.09	-0.022	0.004	-0.002	0.000	0.000	-0.000	0.1200	-0.1200	-0.1200	0.0000	0.0000	0.0000	0	1.00	0.2624	0.2264	-0.4830	1.390	0
162166	21.412	-0.556	-22.346	-0.43	-0.36	-0.11	-0.039	0.010	0.006	0.000	0.000	-0.000	0.1200	-0.1200	-0.1200	0.0000	0.0000	0.0000	0	1.00	0.2624	0.2264	-0.4830	1.390	0
162174	21.412	-0.556	-22.346	-0.48	-0.36	-0.37	-0.047	0.039	0.001	0.000	0.000	-0.000	0.1200	-0.1200	-0.1200	0.0000	0.0000	0.0000	0	1.00	0.2624	0.2264	-0.4830	1.390	0
162182	21.410	-0.563	-22.350	-0.47	-0.55	-0.30	-0.051	0.042	-0.005	-0.000	0.000	-0.000	0.1200	-0.1200	-0.1200	0.0000	0.0000	0.0000	0	1.00	0.2624	0.2264	-0.4830	1.390	0
162190	21.411	-0.567	-22.356	-0.21	-0.35	-0.45	-0.040	0.006	0.004	-0.000	0.000	-0.000	0.1200	-0.1200	-0.1200	0.0000	0.0000	0.0000	0	1.00	0.2624	0.2264	-0.4830	1.390	0
162198	21.407	-0.572	-22.356	-0.48	-0.45	-0.29	-0.028	-0.013	-0.007	-0.000	0.000	-0.000	0.1200	-0.1200	-0.1200	0.0000	0.0000	0.0000	0	1.00	0.2624	0.2264	-0.4830	1.390	0
162206	21.403	-0.576	-22.356	-0.58	-0.31	-0.32	-0.012	-0.036	-0.000	-0.000	0.000	-0.000	0.1200	-0.1200	-0.1200	0.0000	0.0000	0.0000	0	1.00	0.2624	0.2264	-0.4830	1.390	0
162214	21.401	-0.576	-22.354	-0.46	-0.05	-0.49	0.016	-0.042	-0.017	-0.000	0.000	-0.000	0.1200	-0.1200	-0.1200	0.0000	0.0000	0.0000	0	1.00	0.2624	0.2264	-0.4830	1.390	0
162222	21.399	-0.576	-22.352	-0.42	-0.45	-0.46	0.008	-0.039	0.009	-0.000	0.000	-0.000	0.1200	-0.1200	-0.1200	0.0000	0.0000	0.0000	0	1.00	0.2624	0.2264	-0.4830	1.390	0
162230	21.395	-0.579	-22.351	-0.14	-0.23	-0.42	0.033	-0.053	0.020	-0.000	0.000	-0.000	0.1200	-0.1200	-0.1200	0.0000	0.0000	0.0000	0	1.00	0.2624	0.2264	-0.4830	1.390	0
162238	21.397	-0.583	-22.355	-0.11	-0.61	-0.28	0.028	-0.015	0.012	-0.000	0.000	-0.000	0.1200	-0.1200	-0.1200	0.0000	0.0000	0.0000	0	1.00	0.2624	0.2264	-0.4830	1.390	0
162246	21.396	-0.585	-22.357	0.08	-0.25	-0.09	0.032	-0.024	0.022	0.000	0.000	0.000	0.1200	-0.1200	-0.1200	0.0000	0.0000	0.0000	0	1.00	0.2624	0.2264	-0.4830	1.390	0
162254	21.400	-0.586	-22.361	-0.12	-0.18	-0.28	0.024	0.002	0.015	0.000	0.000	0.000	0.1200	-0.1200	-0.1200	0.0000	0.0000	0.0000	0	1.00	0.2624	0.2264	-0.4830	1.390	0
162262	21.399	-0.586	-22.360	-0.40	-0.35	-0.36	0.020	0.034	0.012	0.000	0.000	0.000	0.1200	-0.1200	-0.1200	0.0000	0.0000	0.0000	0	1.00	0.2624	0.2264	-0.4830	1.390	0
162270	21.399	-0.585	-22.359	-0.50	-0.34	-0.27	0.023	0.023	0.001	0.000	0.000	0.000	0.1200	-0.1200	-0.1200	0.0000	0.0000	0.0000	0	1.00	0.2624	0.2264	-0.4830	1.390	0
162278	21.397	-0.590	-22.362	-0.50	-0.47	-0.14	0.010	0.027	-0.002	0.000	0.000	0.000	0.1200	-0.1200	-0.1200	0.0000	0.0000	0.0000	0	1.00	0.2624	0.2264	-0.4830	1.390	0
162285	21.392	-0.594	-22.361	-0.35	-0.38	-0.39	-0.001	0.014	-0.016	0.000	0.000	0.000	0.1200	-0.1200	-0.1200	0.0000	0.0000	0.0000	0	1.00	0.2624	0.2264	-0.4830	1.390	0
162293	21.387	-0.599	-22.360	-0.28	-0.13	-0.49	0.007	0.023	-0.018	0.000	0.000	0.000	0.1200	-0.1200	-0.1200	0.0000	0.0000	0.0000	0	1.00	0.2624	0.2264	-0.4830	1.390	0
162301	21.386	-0.603	-22.364	-0.33	-0.07	-0.51	-0.001	0.041	-0.036	0.000	0.000	-0.000	0.1200	-0.1200	-0.1200	0.0000	0.0000	0.0000	0	1.00	0.2624	0.2264	-0.4830	1.390	0
162309	21.382	-0.610	-22.365	-0.44	0.09	-0.44	-0.015	-0.015	-0.036	0.000	0.000	-0.000	0.1200	-0.1200	-0.1200	0.0000	0.0000	0.0000	0	1.00	0.2624	0.2264	-0.4830	1.390	0
162317	21.382	-0.609	-22.364	-0.34	-0.01	-0.45	-0.018	0.010	-0.024	0.000	0.000	-0.000	0.1200	-0.1200	-0.1200	0.0000	0.0000	0.0000	0	1.00	0.2624	0.2264	-0.4830	1.390	0
162325	21.383	-0.611	-22.367	-0.60	0.09	-0.61	-0.020	-0.037	-0.018	0.000	0.000	-0.000	0.1200	-0.1200	-0.1200	0.0000	0.0000	0.0000	0	1.00	0.2624	0.2264	-0.4830	1.390	0
162333	21.384	-0.616	-22.372	-0.26	-0.28	-0.46	-0.028	-0.038	0.003	0.000	0.000	-0.000	0.1200	-0.1200	-0.1200	0.0000	0.0000	0.0000	0	1.00	0.2624	0.2264	-0.4830	1.390	0
162341	21.384	-0.617	-22.373	-0.49	0.07	-0.37	-0.029	-0.047	0.021	0.000	0.000	-0.000	0.1200	-0.1200	-0.1200	0.0000	0.0000	0.0000	0	1.00	0.2624	0.2264	-0.4830	1.390	0
162349	21.381	-0.620	-22.374	-0.37	0.03	-0.24	-0.009	-0.005	0.033	-0.000	0.000	-0.000	0.1200	-0.1200	-0.1200	0.0000	0.0000	0.0000	0	1.00	0.2624	0.2264	-0.4830	1.390	0
162357	21.386	-0.626	-22.384	-0.42	0.14	-0.30	-0.009	0.004	0.034	-0.000	0.000	-0.000	0.1200	-0.1200	-0.1200	0.0000	0.0000	0.0000	0	1.00	0.2624	0.2264	-0.4830	1.390	0
162365	21.383	-0.625	-22.379	-0.20	0.00	-0.18	0.002	0.009	0.042	-0.000	0.000	0.000	0.1200	-0.1200	-0.1200	0.0000	0.0000	0.0000	0	1.00	0.2624	0.2264	-0.4830	1.390	0
162373	21.380	-0.621	-22.374	-0.51	0.43	-0.18	0.001	0.003	0.031	-0.000	0.000	0.000	0.1200	-0.1200	-0.1200	0.0000	0.0000	0.0000	0	1.00	0.2624	0.2264	-0.4830	1.390	0
162381	21.383	-0.618	-22.374	-0.60	0.48	-0.57	0.003	0.014	0.020	-0.000	0.000	0.000	0.1200	-0.1200	-0.1200	0.0000	0.0000	0.0000	0	1.00	0.2624	0.2264	-0.4830	1.390	0
162389	21.390	-0.613	-22.376	-0.14	0.37	-1.02	0.004	0.039	0.011	-0.000	0.000	0.000	0.1200	-0.1200	-0.1200	0.0000	0.0000	0.0000	0	1.00	0.2624	0.2264	-0.4830	1.390	0
162397	21.391	-0.610	-22.374	-0.49	0.57	-0.13	0.015	0.050	-0.007	-0.000	0.000	0.000	0.1200	-0.1200	-0.1200	0.0000	0.0000	0.0000	0	1.00	0.2624	0.2264	-0.4830	1.390	0
162405	21.393	-0.610	-22.377	-0.44	0.54	-0.16	0.013	0.013	-0.027	0.000	0.000	0.000	0.1200	-0.1200	-0.1200	0.0000	0.0000	0.0000	0	1.00	0.2624	0.2264	-0.4830	1.390	0
162413	21.404	-0.606	-22.383	0.14	0.61	-0.70	0.012	0.022	-0.032	0.000	0.000	0.000	0.1200	-0.1200	-0.1200	0.0000	0.0000	0.0000	0	1.00	0.2624	0.2264	-0.4830	1.390	0
162421	21.406	-0.607	-22.386	-0.23	0.73	-0.66	0.004	0.007	-0.038	0.000	0.000	-0.000	0.1200	-0.1200	-0.1200	0.0000	0.0000	0.0000	0	1.00	0.2624	0.2264	-0.4830	1.390	0
162429	21.400	-0.610	-22.383	-0.58	0.43	-0.01	0.010	-0.002	-0.038	0.000	0.000	-0.000	0.1200	-0.1200	-0.1200	0.0000	0.0000	0.0000	0	1.00	0.2624	0.2264	-0.4830	1.390	0
162437	21.404	-0.601	-22.379	-0.96	0.37	-0.42	0.017	-0.026	-0.040	0.000	0.000	-0.000	0.1200	-0.1200	-0.1200	0.0000	0.0000	0.0000	0	1.00	0.2624	0.2264	-0.4830	1.390	0
162445	21.409	-0.600	-22.383	0.10	0.83	-0.56	0.002	-0.024	-0.010	0.000	0.000	-0.000	0.1200	-0.1200	-0.1200	0.0000	0.0000	0.0000	0	1.00	0.2624	0.2264	-0.4830	1.390	0
162453	21.399	-0.605	-22.378	-0.44	0.26	-0.61	-0.018	-0.018	0.010	0.000	0.000	-0.000	0.1200	-0.1200	-0.1200	0.0000	0.0000	0.0000	0	1.00	0.2624	0.2264	-0.4830	1.390	0
162461	21.396	-0.600	-22.370	-0.63	0.34	-0.19	-0.017	-0.040	0.007	0.000	0.000	-0.000	0.1200	-0.1200	-0.1200	0.0000	0.0000	0.0000	0	1.00	0.2624	0.2264	-0.4830	1.390	0
162469	21.398	-0.596	-22.369	-0.43	0.28	-0.33	-0.014	-0.027	0.018	0.000	0.000	-0.000	0.1200	-0.1200	-0.1200	0.0000	0.0000	0.0000	0	1.00	0.2624	0.2264	-0.4830	1.390	0
162477	21.402	-0.593	-22.370	-0.28	0.08	-0.71	-0.023	-0.032	0.035	-0.000	0.000	-0.000	0.1200	-0.1200	-0.1200	0.0000	0.0000	0.0000	0	1.00	0.2624	0.2264	-0.4830	1.390	0
162485	21.402	-0.592	-22.370	-0.61	-0.11	-0.29	-0.019	-0.015	0.045	-0.000	0.000	-0.000	0.1200	-0.1200	-0.1200	0.0000	0.0000	0.0000	0	1.00	0.2624	0.2264	-0.4830	1.390	0
162493	21.410	-0.586	-22.371	-0.40	-0.01	-0.28	0.007	0.030	0.037	-0.000	0.000	0.000	0.1200	-0.1200	-0.1200	0.0000	0.0000	0.0000	0	1.00	0.2624	0.2264	-0.4830	1.390	0
162501	21.415	-0.587	-22.378	-0.17	0.01	-0.43	0.005	0.046	0.035	-0.000	0.000	0.000	0.1200	-0.1200	-0.1200	0.0000	0.0000	0.0000	0	1.00	0.2624	0.2264	-0.4830	1.390	0
162509	21.415	-0.591	-22.381	-0.17	0.01	-0.43	-0.002	0.053	0.013	-0.000	0.000	0.000	0.1200	-0.1200	-0.1200	0.0000	0.0000	0.0000	0	1.00	0.2624	0.2264	-0.4830	1.390	0
162517	21.418	-0.585	-22.379	-0.27	-0.02	-0.29	0.010	0.031	-0.014	-0.000	0.000	0.000	0.1200	-0.1200	-0.1200	0.0000	0.0000	0.0000	0	1.00	0.2624	0.2264	-0.4830	1.390	0
162525	21.424	-0.586	-22.386	-0.34	0.08	-0.54	0.021	0.023	-0.018	-0.000	0.000	0.000	0.1200	-0.1200	-0.1200	0.0000	0.0000	0.0000	0	1.00	0.2624	0.2264	-0.4830	1.390	0
162533	21.419	-0.587	-22.382	-0.48	0.35	-0.35	0.023	-0.012	-0.027	0.000	0.000	0.000	0.1200	-0.1200	-0.1200	0.0000	0.0000	0.0000	0	1.00	0.2624	0.2264	-0.4830	1.390	0
162541	21.418	-0.581	-22.375	-0.50	0.26	-0.44	0.016	-0.039	-0.024	0.000	0.000	0.000	0.1200	-0.1200	-0.1200	0.0000	0.0000	0.0000	0	1.00	0.2624	0.2264	-0.4830	1.390	0
162549	21.411	-0.583	-22.371	-0.48	-0.04	-0.39	0.022	-0.077	-0.030	0.000	0.000	-0.000	0.1200	-0.1200	-0.1200	0.0000	0.0000	0.0000	0	1.00	0.2624	0.2264	-0.4830	1.390	0
162556	21.413	-0.580	-22.369	-0.10	0.17	-0.44	0.011	-0.033	-0.028	0.000	0.000	-0.000	0.1200	-0.1200	-0.1200	0.0000	0.0000	0.0000	0	1.00	0.2624	0.2264	-0.4830	1.390	0
162564	21.414	-0.575	-22.366	-0.00	-0.05	-0.32	-0.008	-0.018	-0.005	0.000	0.000	-0.000	0.1200	-0.1200	-0.1200	0.0000	0.0000	0.0000	0	1.00	0.2624	0.2264	-0.4830	1.390	0
162573	21.414	-0.570	-22.361	-0.42	-0.03	-0.13	-0.019	-0.063	0.009	0.000	-0.000	-0.000	0.1200	-0.1200	-0.1200	0.0000	0.0000	0.0000	0	1.00	0.2624	0.2264	-0.4830	1.390	0
162581	21.419	-0.569	-22.365	-0.55	-0.19	-0.37	-0.016	-0.031	-0.001	0.000	-0.000	-0.000	0.1200	-0.1200	-0.1200	0.0000	0.0000	0.0000	0	1.00	0.2624	0.2264	-0.4830	1.390	0
162589	21.418	-0.570	-22.365	-0.35	-0.25	-0.52	-0.022	-0.005	0.027	-0.000	-0.000	-0.000	0.1200	-0.1200	-0.1200	0.0000	0.0000	0.0000	0	1.00	0.2624	0.2264	-0.4830	1.390	0
162597	21.411	-0.574	-22.362	-0.40	-0.48	-0.23	-0.030	0.032	0.030	-0.000	-0.000	0.000	0.1200	-0.1200	-0.1200	0.0000	0.0000	0.0000	0	1.00	0.2624	0.2264	-0.4830	1.390	0
162605	21.421	-0.574	-22.371	-0.48	-0.49	-0.25	-0.007	0.023	0.021	-0.000	-0.000	0.000	0.1200	-0.1200	-0.1200	0.0000	0.0000	0.0000	0	1.00	0.2624	0.2264	-0.4830	1.390	0
162613	21.426	-0.575	-22.378	-0.01	-0.40	-0.59	-0.021	0.019	0.034	-0.000	-0.000	0.000	0.1200	-0.1200	-0.1200	0.0000	0.0000	0.0000	0	1.00	0.2624	0.2264	-0.4830	1.390	0
162621	21.421	-0.578	-22.376	-0.47	-0.25	-0.18	-0.006	0.027	0.024	-0.000	0.000	0.000	0.1200	-0.1200	-0.1200	0.0000	0.0000	0.0000	0	1.00	0.2624	0.2264	-0.4830	1.390	0
162629	21.415	-0.580	-22.371	-0.34	-0.48	0.03	0.013	0.032	-0.000	-0.000	0.000	0.000	0.1200	-0.1200	-0.1200	0.0000	0.0000	0.0000	0	1.00	0.2624	0.2264	-0.4830	1.390	0
162636	21.421	-0.581	-22.378	-0.05	-0.27	-0.80	0.026	0.013	-0.002	-0.000	0.000	0.000	0.1200	-0.1200	-0.1200	0.0000	0.0000	0.0000	0	1.00	0.2624	0.2264	-0.4830	1.390	0
162644	21.416	-0.585	-22.377	-0.06	-0.25	-0.69	0.013	-0.010	-0.008	-0.000	0.000	0.000	0.1200	-0.1200	-0.1200	0.0000	0.0000	0.0000	0	1.00	0.2624	0.2264	-0.4830	1.390	0
162653	21.404	-0.596	-22.375	-0.67	-0.37	-0.29	0.028	-0.010	-0.025	0.000	0.000	0.000	0.1200	-0.1200	-0.1200	0.0000	0.0000	0.0000	0	1.00	0.2624	0.2264	-0.4830	1.390	0
162661	21.404	-0.596	-22.375	-0.55	-0.41	-0.16	0.026	0.012	-0.043	0.000	0.000	0.000	0.1200	-0.1200	-0.1200	0.0000	0.0000	0.0000	0	1.00	0.2624	0.2264	-0.4830	1.390	0
162668	21.406	-0.598	-22.378	-0.23	-0.27	-0.71	0.020	-0.038	-0.035	0.000	0.000	-0.000	0.1200	-0.1200	-0.1200	0.0000	0.0000	0.0000	0	1.00	0.2624	0.2264	-0.4830	1.390	0
162676	21.406	-0.600	-22.381	-0.38	0.00	-0.53	0.003	-0.044	-0.025	0.000	-0.000	-0.000	0.1200	-0.1200	-0.1200	0.0000	0.0000	0.0000	0	1.00	0.2624	0.2264	-0.4830	1.390	0
162684	21.404	-0.604	-22.382	-0.55	-0.37	-0.20	-0.005	-0.014	-0.030	0.000	-0.000	-0.000	0.1200	-0.1200	-0.1200	0.0000	0.0000	0.0000	0	1.00	0.2624	0.2264	-0.4830	1.390	0
162693	21.403	-0.608	-22.384	-0.66	-0.04	-0.31	-0.012	-0.001	0.011	0.000	-0.000	-0.000	0.1200	-0.1200	-0.1200	0.0000	0.0000	0.0000	0	1.00	0.2624	0.2264	-0.4830	1.390	0
162700	21.404	-0.611	-22.388	-0.20	0.15	-0.64	-0.044	0.021	0.015	0.000	-0.000	-0.000	0.1200	-0.1200	-0.1200	0.0000	0.0000	0.0000	0	1.00	0.2624	0.2264	-0.4830	1.390	0
162708	21.397	-0.616	-22.386	-0.27	0.02	-0.34	-0.036	0.028	0.039	-0.000	-0.000	-0.000	0.1200	-0.1200	-0.1200	0.0000	0.0000	0.0000	0	1.00	0.2624	0.2264	-0.4830	1.390	0
162716	21.394	-0.619	-22.386	-0.37	-0.15	-0.07	-0.017	0.038	0.022	-0.000	0.000	0.000	0.1200	-0.1200	-0.1200	0.0000	0.0000	0.0000	0	1.00	0.2624	0.2264	-0.4830	1.390	0
162724	21.392	-0.622	-22.386	-0.33	0.19	-0.34	-0.026	0.040	0.015	-0.000	0.000	0.000	0.1200	-0.1200	-0.1200	0.0000	0.0000	0.0000	0	1.00	0.2624	0.2264	-0.4830	1.390	0
162732	21.394	-0.625	-22.391	-0.06	0.40	-0.30	0.015	-0.001	0.020	-0.000	0.000	0.000	0.1200	-0.1200	-0.1200	0.0000	0.0000	0.0000	0	1.00	0.2624	0.2264	-0.4830	1.390	0
162740	21.396	-0.623	-22.391	-0.13	0.29	-0.32	0.021	-0.010	-0.001	-0.000	0.000	0.000	0.1200	-0.1200	-0.1200	0.0000	0.0000	0.0000	0	1.00	0.2624	0.2264	-0.4830	1.390	0
162748	21.397	-0.618	-22.387	-0.55	0.26	-0.09	0.019	0.004	-0.015	-0.000	0.000	0.000	0.1200	-0.1200	-0.1200	0.0000	0.0000	0.0000	0	1.00	0.2624	0.2264	-0.4830	1.390	0
162756	21.399	-0.614	-22.386	-0.22	0.08	-0.45	0.030	-0.013	-0.031	0.000	0.000	0.000	0.1200	-0.1200	-0.1200	0.0000	0.0000	0.0000	0	1.00	0.2624	0.2264	-0.4830	1.390	0
162764	21.398	-0.612	-22.383	-0.55	0.28	-0.42	0.034	-0.002	-0.050	0.000	0.000	-0.000	0.1200	-0.1200	-0.1200	0.0000	0.0000	0.0000	0	1.00	0.2624	0.2264	-0.4830	1.390	0
162772	21.403	-0.602	-22.379	-0.35	0.29	-0.32	0.023	-0.039	-0.053	0.000	0.000	-0.000	0.1200	-0.1200	-0.1200	0.0000	0.0000	0.0000	0	1.00	0.2624	0.2264	-0.4830	1.390	0
162780	21.408	-0.596	-22.379	-0.47	0.21	-0.32	0.017	0.004	-0.045	0.000	0.000	-0.000	0.1200	-0.1200	-0.1200	0.0000	0.0000	0.0000	0	1.00	0.2624	0.2264	-0.4830	1.390	0
162788	21.408	-0.594	-22.377	-0.20	0.18	-0.35	0.017	0.019	-0.026	0.000	0.000	-0.000	0.1200	-0.1200	-0.1200	0.0000	0.0000	0.0000	0	1.00	0.2624	0.2264	-0.4830	1.390	0
162796	21.409	-0.598	-22.381	-0.24	0.03	-0.59	0.008	0.020	-0.015	0.000	0.000	-0.000	0.1200	-0.1200	-0.1200	0.0000	0.0000	0.0000	0	1.00	0.2624	0.2264	-0.4830	1.390	0
162804	21.408	-0.598	-22.381	-0.17	-0.16	-0.26	-0.007	-0.001	-0.002	0.000	0.000	-0.000	0.1200	-0.1200	-0.1200	0.0000	0.0000	0.0000	0	1.00	0.2624	0.2264	-0.4830	1.390	0
162812	21.412	-0.600	-22.385	-0.29	0.01	-0.52	-0.018	0.002	0.016	0.000	0.000	-0.000	0.1200	-0.1200	-0.1200	0.0000	0.0000	0.0000	0	1.00	0.2624	0.2264	-0.4830	1.390	0
162820	21.409	-0.605	-22.388	-0.63	0.38	-0.23	-0.017	0.020	0.019	0.000	0.000	-0.000	0.1200	-0.1200	-0.1200	0.0000	0.0000	0.0000	0	1.00	0.2624	0.2264	-0.4830	1.390	0
162828	21.411	-0.605	-22.390	-0.20	0.22	-0.40	-0.026	-0.000	0.045	0.000	0.000	-0.000	0.1200	-0.1200	-0.1200	0.0000	0.0000	0.0000	0	1.00	0.2624	0.2264	-0.4830	1.390	0
162836	21.413	-0.604	-22.390	-0.08	0.11	-0.51	-0.032	0.006	0.037	0.000	0.000	-0.000	0.1200	-0.1200	-0.1200	0.0000	0.0000	0.0000	0	1.00	0.2624	0.2264	-0.4830	1.390	0
162844	21.415	-0.602	-22.390	-0.47	0.29	-0.41	-0.015	0.019	0.045	0.000	0.000	-0.000	0.1200	-0.1200	-0.1200	0.0000	0.0000	0.0000	0	1.00	0.2624	0.2264	-0.4830	1.390	0
162852	21.416	-0.601	-22.391	-0.45	0.06	-0.30	-0.027	-0.021	0.027	-0.000	0.000	0.000	0.1200	-0.1200	-0.1200	0.0000	0.0000	0.0000	0	1.00	0.2624	0.2264	-0.4830	1.390	0
162884	21.416	-0.590	-22.381	-0.42	0.01	-0.17	0.028	-0.005	-0.023	0.000	0.000	0.000	0.1200	-0.1200	-0.1200	0.0000	0.0000	0.0000	0	1.00	0.2624	0.2264	-0.4830	1.390	0
162892	21.412	-0.593	-22.380	-0.28	-0.35	-0.28	0.026	0.016	-0.027	0.000	0.000	-0.000	0.1200	-0.1200	-0.1200	0.0000	0.0000	0.0000	0	1.00	0.2624	0.2264	-0.4830	1.390	0
162900	21.411	-0.598	-22.383	-0.37	-0.17	-0.35	0.024	0.017	-0.024	0.000	0.000	-0.000	0.1200	-0.1200	-0.1200	0.0000	0.0000	0.0000	0	1.00	0.2624	0.2264	-0.4830	1.390	0
162908	21.414	-0.593	-22.382	-0.25	-0.08	-0.35	0.013	0.024	-0.027	0.000	0.000	-0.000	0.1200	-0.1200	-0.1200	0.0000	0.0000	0.0000	0	1.00	0.2624	0.2264	-0.4830	1.390	0
162916	21.415	-0.595	-22.385	-0.25	-0.52	-0.35	0.014	0.007	-0.009	0.000	0.000	-0.000	0.1200	-0.1200	-0.1200	0.0000	0.0000	0.0000	0	1.00	0.2624	0.2264	-0.4830	1.390	0
162923	21.418	-0.597	-22.390	-0.42	-0.41	-0.50	-0.013	0.011	0.008	0.000	0.000	-0.000	0.1200	-0.1200	-0.1200	0.0000	0.0000	0.0000	0	1.00	0.2624	0.2264	-0.4830	1.390	0
162932	21.414	-0.599	-22.387	-0.29	-0.29	-0.22	-0.017	-0.032	0.015	0.000	0.000	-0.000	0.1200	-0.1200	-0.1200	0.0000	0.0000	0.0000	0	1.00	0.2624	0.2264	-0.4830	1.390	0
162940	21.410	-0.604	-22.387	-0.58	-0.27	-0.37	-0.020	-0.025	0.035	0.000	0.000	-0.000	0.1200	-0.1200	-0.1200	0.0000	0.0000	0.0000	0	1.00	0.2624	0.2264	-0.4830	1.390	0
162948	21.409	-0.608	-22.390	-0.38	-0.24	-0.60	-0.017	0.009	0.039	0.000	0.000	-0.000	0.1200	-0.1200	-0.1200	0.0000	0.0000	0.0000	0	1.00	0.2624	0.2264	-0.4830	1.390	0
162955	21.408	-0.605	-22.387	-0.54	-0.04	-0.22	-0.016	-0.012	0.035	0.000	0.000	0.000	0.1200	-0.1200	-0.1200	0.0000	0.0000	0.0000	0	1.00	0.2624	0.2264	-0.4830	1.390	0
162963	21.403	-0.609	-22.386	-0.33	-0.37	-0.21	-0.003	0.032	0.035	0.000	0.000	0.000	0.1200	-0.1200	-0.1200	0.0000	0.0000	0.0000	0	1.00	0.2624	0.2264	-0.4830	1.390	0
162972	21.407	-0.602	-22.383	-0.35	-0.21	-0.56	-0.025	-0.005	0.005	0.000	0.000	0.000	0.1200	-0.1200	-0.1200	0.0000	0.0000	0.0000	0	1.00	0.2624	0.2264	-0.4830	1.390	0
162980	21.400	-0.605	-22.378	-0.39	-0.11	-0.29	0.000	0.025	-0.011	-0.000	0.000	0.000	0.1200	-0.1200	-0.1200	0.0000	0.0000	0.0000	0	1.00	0.2624	0.2264	-0.4830	1.390	0
162988	21.398	-0.610	-22.381	-0.51	-0.46	-0.04	0.007	0.016	-0.012	0.000	0.000	0.000	0.1200	-0.1200	-0.1200	0.0000	0.0000	0.0000	0	1.00	0.2624	0.2264	-0.4830	1.390	0
162995	21.399	-0.608	-22.380	-0.62	-0.31	-0.40	0.020	0.028	-0.013	0.000	0.000	0.000	0.1200	-0.1200	-0.1200	0.0000	0.0000	0.0000	0	1.00	0.2624	0.2264	-0.4830	1.390	0
163003	21.396	-0.612	-22.382	-0.14	-0.21	-0.13	0.018	0.006	-0.021	0.000	0.000	0.000	0.1200	-0.1200	-0.1200	0.0000	0.0000	0.0000	0	1.00	0.2624	0.2264	-0.4830	1.390	0
163012	21.394	-0.618	-22.385	-0.35	-0.25	-0.52	0.007	0.023	-0.026	0.000	0.000	0.000	0.1200	-0.1200	-0.1200	0.0000	0.0000	0.0000	0	1.00	0.2624	0.2264	-0.4830	1.390	0
163019	21.391	-0.619	-22.383	-0.26	-0.20	-0.55	0.012	0.002	-0.006	0.000	0.000	0.000	0.1200	-0.1200	-0.1200	0.0000	0.0000	0.0000	0	1.00	0.2624	0.2264	-0.4830	1.390	0
163027	21.393	-0.619	-22.384	-0.19	-0.26	-0.35	0.010	0.014	-0.006	0.000	0.000	-0.000	0.1200	-0.1200	-0.1200	0.0000	0.0000	0.0000	0	1.00	0.2624	0.2264	-0.4830	1.390	0
163035	21.392	-0.621	-22.386	-0.50	-0.29	-0.64	0.016	-0.008	0.004	0.000	0.000	-0.000	0.1200	-0.1200	-0.1200	0.0000	0.0000	0.0000	0	1.00	0.2624	0.2264	-0.4830	1.390	0
163043	21.392	-0.623	-22.387	-0.38	-0.50	-0.34	0.013	-0.010	0.001	0.000	0.000	-0.000	0.1200	-0.1200	-0.1200	0.0000	0.0000	0.0000	0	1.00	0.2624	0.2264	-0.4830	1.390	0
163052	21.393	-0.625	-22.390	-0.26	-0.28	-0.46	0.012	-0.009	0.016	0.000	0.000	-0.000	0.1200	-0.1200	-0.1200	0.0000	0.0000	0.0000	0	1.00	0.2624	0.2264	-0.4830	1.390	0
163059	21.388	-0.634	-22.393	-0.18	-0.69	-0.35	0.009	-0.010	0.027	0.000	0.000	0.000	0.1200	-0.1200	-0.1200	0.0000	0.0000	0.0000	0	1.00	0.2624	0.2264	-0.4830	1.390	0
163067	21.386	-0.633	-22.390	-0.55	-0.32	-0.24	-0.003	-0.024	0.020	0.000	0.000	0.000	0.1200	-0.1200	-0.1200	0.0000	0.0000	0.0000	0	1.00	0.2624	0.2264	-0.4830	1.390	0
163075	21.388	-0.632	-22.391	-0.46	-0.20	-0.04	-0.013	0.035	0.018	0.000	0.000	0.000	0.1200	-0.1200	-0.1200	0.0000	0.0000	0.0000	0	1.00	0.2624	0.2264	-0.4830	1.390	0
163083	21.384	-0.638	-22.393	-0.42	-0.36	-0.54	-0.023	0.007	0.015	0.000	0.000	0.000	0.1200	-0.1200	-0.1200	0.0000	0.0000	0.0000	0	1.00	0.2624	0.2264	-0.4830	1.390	0
163091	21.383	-0.638	-22.391	-0.48	-0.19	-0.55	-0.015	0.024	0.015	0.000	0.000	0.000	0.1200	-0.1200	-0.1200	0.0000	0.0000	0.0000	0	1.00	0.2624	0.2264	-0.4830	1.390	0
163099	21.382	-0.636	-22.388	-0.40	-0.40	-0.32	-0.029	0.002	-0.019	0.000	0.000	0.000	0.1200	-0.1200	-0.1200	0.0000	0.0000	0.0000	0	1.00	0.2624	0.2264	-0.4830	1.390	0
163107	21.373	-0.643	-22.387	-0.47	-0.25	-0.60	-0.016	0.021	-0.015	0.000	0.000	0.000	0.1200	-0.1200	-0.1200	0.0000	0.0000	0.0000	0	1.00	0.2624	0.2264	-0.4830	1.390	0
163115	21.368	-0.645	-22.383	-0.66	0.05	-0.39	-0.021	0.007	-0.024	0.000	0.000	0.000	0.1200	-0.1200	-0.1200	0.0000	0.0000	0.0000	0	1.00	0.2624	0.2264	-0.4830	1.390	0
163123	21.364	-0.646	-22.381	-0.31	-0.26	-0.44	-0.005	-0.021	-0.027	0.000	0.000	0.000	0.1200	-0.1200	-0.1200	0.0000	0.0000	0.0000	0	1.00	0.2624	0.2264	-0.4830	1.390	0
163131	21.364	-0.649	-22.383	-0.17	0.10	-0.51	-0.009	0.005	-0.044	0.000	0.000	-0.000	0.1200	-0.1200	-0.1200	0.0000	0.0000	0.0000	0	1.00	0.2624	0.2264	-0.4830	1.390	0
163139	21.365	-0.648	-22.383	-0.38	-0.20	-0.64	0.002	-0.008	-0.016	0.000	0.000	-0.000	0.1200	-0.1200	-0.1200	0.0000	0.0000	0.0000	0	1.00	0.2624	0.2264	-0.4830	1.390	0
163147	21.369	-0.647	-22.385	-0.32	0.37	-0.32	0.015	-0.002	0.002	0.000	0.000	-0.000	0.1200	-0.1200	-0.1200	0.0000	0.0000	0.0000	0	1.00	0.2624	0.2264	-0.4830	1.390	0
163155	21.367	-0.651	-22.387	-0.22	0.15	-0.20	0.014	-0.019	0.022	0.000	0.000	-0.000	0.1200	-0.1200	-0.1200	0.0000	0.0000	0.0000	0	1.00	0.2624	0.2264	-0.4830	1.390	0
163163	21.368	-0.649	-22.387	-0.46	-0.01	-0.53	0.019	0.024	0.032	0.000	0.000	-0.000	0.1200	-0.1200	-0.1200	0.0000	0.0000	0.0000	0	1.00	0.2624	0.2264	-0.4830	1.390	0
163171	21.378	-0.644	-22.392	-0.14	0.13	-0.05	0.020	0.031	0.028	0.000	0.000	0.000	0.1200	-0.1200	-0.1200	0.0000	0.0000	0.0000	0	1.00	0.2624	0.2264	-0.4830	1.390	0
163179	21.377	-0.647	-22.394	-0.29	0.03	-0.23	0.009	-0.008	0.032	0.000	0.000	0.000	0.1200	-0.1200	-0.1200	0.0000	0.0000	0.0000	0	1.00	0.2624	0.2264	-0.4830	1.390	0
163187	21.379	-0.643	-22.393	-0.51	0.10	-0.60	0.018	0.017	0.018	0.000	0.000	0.000	0.1200	-0.1200	-0.1200	0.0000	0.0000	0.0000	0	1.00	0.2624	0.2264	-0.4830	1.390	0
163195	21.377	-0.643	-22.391	-0.34	-0.05	-0.40	0.014	0.050	0.011	0.000	0.000	0.000	0.1200	-0.1200	-0.1200	0.0000	0.0000	0.0000	0	1.00	0.2624	0.2264	-0.4830	1.390	0
163203	21.376	-0.641	-22.388	-0.29	0.08	-0.27	-0.006	0.019	-0.013	0.000	0.000	0.000	0.1200	-0.1200	-0.1200	0.0000	0.0000	0.0000	0	1.00	0.2624	0.2264	-0.4830	1.390	0
163211	21.374	-0.640	-22.384	-0.37	-0.06	-0.15	-0.009	-0.008	-0.017	0.000	0.000	0.000	0.1200	-0.1200	-0.1200	0.0000	0.0000	0.0000	0	1.00	0.2624	0.2264	-0.4830	1.390	0
163219	21.373	-0.637	-22.380	-0.41	0.03	-0.32	-0.021	-0.023	-0.021	0.000	0.000	0.000	0.1200	-0.1200	-0.1200	0.0000	0.0000	0.0000	0	1.00	0.2624	0.2264	-0.4830	1.390	0
163227	21.373	-0.635	-22.379	-0.00	0.03	-0.40	-0.022	-0.036	-0.026	0.000	0.000	0.000	0.1200	-0.1200	-0.1200	0.0000	0.0000	0.0000	0	1.00	0.2624	0.2264	-0.4830	1.390	0
163235	21.371	-0.639	-22.381	-0.22	0.04	-0.40	-0.023	-0.029	-0.023	0.000	0.000	-0.000	0.1200	-0.1200	-0.1200	0.0000	0.0000	0.0000	0	1.00	0.2624	0.2264	-0.4830	1.390	0
163243	21.377	-0.637	-22.385	-0.53	0.29	-0.67	-0.009	-0.046	-0.008	0.000	0.000	-0.000	0.1200	-0.1200	-0.1200	0.0000	0.0000	0.0000	0	1.00	0.2624	0.2264	-0.4830	1.390	0
163251	21.375	-0.637	-22.383	-0.43	0.11	-0.59	0.005	-0.060	-0.006	0.000	0.000	-0.000	0.1200	-0.1200	-0.1200	0.0000	0.0000	0.0000	0	1.00	0.2624	0.2264	-0.4830	1.390	0
163259	21.376	-0.639	-22.385	-0.28	-0.14	-0.49	0.000	-0.028	-0.009	0.000	0.000	-0.000	0.1200	-0.1200	-0.1200	0.0000	0.0000	0.0000	0	1.00	0.2624	0.2264	-0.4830	1.390	0
163267	21.379	-0.634	-22.384	-0.32	0.13	-0.39	-0.001	-0.004	0.003	0.000	0.000	-0.000	0.1200	-0.1200	-0.1200	0.0000	0.0000	0.0000	0	1.00	0.2624	0.2264	-0.4830	1.390	0
163275	21.381	-0.627	-22.380	-0.37	0.11	-0.33	0.013	-0.003	0.008	0.000	0.000	-0.000	0.1200	-0.1200	-0.1200	0.0000	0.0000	0.0000	0	1.00	0.2624	0.2264	-0.4830	1.390	0
163283	21.384	-0.621	-22.377	-0.61	0.07	-0.46	0.021	0.012	0.023	0.000	0.000	-0.000	0.1200	-0.1200	-0.1200	0.0000	0.0000	0.0000	0	1.00	0.2624	0.2264	-0.4830	1.390	0
163291	21.386	-0.620	-22.378	-0.65	0.29	-0.75	0.025	0.035	0.033	0.000	0.000	-0.000	0.1200	-0.1200	-0.1200	0.0000	0.0000	0.0000	0	1.00	0.2624	0.2264	-0.4830	1.390	0
163299	21.388	-0.620	-22.380	-0.49	0.20	-0.50	0.037	0.037	0.028	0.000	0.000	0.000	0.1200	-0.1200	-0.1200	0.0000	0.0000	0.0000	0	1.00	0.2624	0.2264	-0.4830	1.390	0
163307	21.388	-0.621	-22.381	-0.34	-0.15	0.01	0.026	0.039	0.042	0.000	0.000	0.000	0.1200	-0.1200	-0.1200	0.0000	0.0000	0.0000	0	1.00	0.2624	0.2264	-0.4830	1.390	0
163315	21.387	-0.622	-22.381	0.15	-0.19	-0.02	0.024	0.014	0.035	0.000	0.000	0.000	0.1200	-0.1200	-0.1200	0.0000	0.0000	0.0000	0	1.00	0.2624	0.2264	-0.4830	1.390	0
163323	21.386	-0.622	-22.381	-0.24	-0.16	-0.08	0.002	0.030	0.025	0.000	0.000	0.000	0.1200	-0.1200	-0.1200	0.0000	0.0000	0.0000	0	1.00	0.2624	0.2264	-0.4830	1.390	0
163331	21.384	-0.622	-22.377	-0.46	-0.18	-0.36	-0.006	-0.017	-0.000	0.000	0.000	0.000	0.1200	-0.1200	-0.1200	0.0000	0.0000	0.0000	0	1.00	0.2624	0.2264	-0.4830	1.390	0
163339	21.382	-0.622	-22.377	-0.81	-0.05	-0.14	0.003	-0.023	-0.001	0.000	0.000	0.000	0.1200	-0.1200	-0.1200	0.0000	0.0000	0.0000	0	1.00	0.2624	0.2264	-0.4830	1.390	0
163346	21.379	-0.628	-22.378	-0.53	-0.25	-0.43	-0.013	-0.046	-0.012	0.000	0.000	0.000	0.1200	-0.1200	-0.1200	0.0000	0.0000	0.0000	0	1.00	0.2624	0.2264	-0.4830	1.390	0
163354	21.378	-0.634	-22.382	-0.11	-0.57	-0.32	-0.020	-0.056	-0.026	0.000	0.000	0.000	0.1200	-0.1200	-0.1200	0.0000	0.0000	0.0000	0	1.00	0.2624	0.2264	-0.4830	1.390	0
163362	21.380	-0.634	-22.385	-0.18	-0.40	-0.32	-0.023	-0.045	-0.043	0.000	0.000	0.000	0.1200	-0.1200	-0.1200	0.0000	0.0000	0.0000	0	1.00	0.2624	0.2264	-0.4830	1.390	0
163371	21.382	-0.632	-22.385	-0.12	-0.14	-0.32	-0.028	0.024	-0.025	0.000	0.000	0.000	0.1200	-0.1200	-0.1200	0.0000	0.0000	0.0000	0	1.00	0.2624	0.2264	-0.4830	1.390	0
163378	21.386	-0.629	-22.387	-0.36	0.01	-0.34	-0.012	-0.026	-0.019	0.000	-0.000	0.000	0.1200	-0.1200	-0.1200	0.0000	0.0000	0.0000	0	1.00	0.2624	0.2264	-0.4830	1.390	0
163386	21.387	-0.630	-22.388	-0.32	0.09	-0.35	-0.003	0.037	0.006	0.000	0.000	0.000	0.1200	-0.1200	-0.1200	0.0000	0.0000	0.0000	0	1.00	0.2624	0.2264	-0.4830	1.390	0
163394	21.390	-0.631	-22.393	0.01	-0.11	-0.38	0.009	0.003	-0.005	0.000	0.000	0.000	0.1200	-0.1200	-0.1200	0.0000	0.0000	0.0000	0	1.00	0.2624	0.2264	-0.4830	1.390	0
163402	21.393	-0.635	-22.399	-0.11	-0.07	-0.51	0.004	0.023	-0.000	0.000	0.000	0.000	0.1200	-0.1200	-0.1200	0.0000	0.0000	0.0000	0	1.00	0.2624	0.2264	-0.4830	1.390	0
163410	21.389	-0.639	-22.398	-0.26	0.00	-0.01	0.003	0.020	0.013	0.000	0.000	0.000	0.1200	-0.1200	-0.1200	0.0000	0.0000	0.0000	0	1.00	0.2624	0.2264	-0.4830	1.390	0
163418	21.394	-0.636	-22.402	-0.33	0.32	-0.47	0.011	0.009	0.019	0.000	0.000	0.000	0.1200	-0.1200	-0.1200	0.0000	0.0000	0.0000	0	1.00	0.2624	0.2264	-0.4830	1.390	0
163426	21.393	-0.635	-22.399	-0.47	0.42	-0.54	0.009	-0.011	0.008	0.000	0.000	0.000	0.1200	-0.1200	-0.1200	0.0000	0.0000	0.0000	0	1.00	0.2624	0.2264	-0.4830	1.390	0
163434	21.388	-0.636	-22.395	-0.40	0.41	-0.38	0.014	-0.038	0.008	0.000	0.000	0.000	0.1200	-0.1200	-0.1200	0.0000	0.0000	0.0000	0	1.00	0.2624	0.2264	-0.4830	1.390	0
163442	21.388	-0.630	-22.389	-0.24	0.19	-0.43	-0.006	-0.032	0.001	0.000	0.000	0.000	0.1200	-0.1200	-0.1200	0.0000	0.0000	0.0000	0	1.00	0.2624	0.2264	-0.4830	1.390	0
163450	21.384	-0.627	-22.382	-0.39	0.43	-0.09	-0.008	-0.024	0.011	0.000	0.000	0.000	0.1200	-0.1200	-0.1200	0.0000	0.0000	0.0000	0	1.00	0.2624	0.2264	-0.4830	1.390	0
163458	21.385	-0.627	-22.384	-0.27	0.26	-0.26	0.007	-0.027	0.007	0.000	-0.000	0.000	0.1200	-0.1200	-0.1200	0.0000	0.0000	0.0000	0	1.00	0.2624	0.2264	-0.4830	1.390	0
163466	21.389	-0.625	-22.385	-0.61	0.39	-0.48	0.006	0.015	0.010	0.000	-0.000	0.000	0.1200	-0.1200	-0.1200	0.0000	0.0000	0.0000	0	1.00	0.2624	0.2264	-0.4830	1.390	0
163474	21.394	-0.622	-22.388	-0.42	0.23	-0.39	-0.006	0.030	0.019	0.000	0.000	0.000	0.1200	-0.1200	-0.1200	0.0000	0.0000	0.0000	0	1.00	0.2624	0.2264	-0.4830	1.390	0
163482	21.398	-0.625	-22.395	-0.62	0.13	-0.40	-0.006	-0.013	0.007	0.000	0.000	0.000	0.1200	-0.1200	-0.1200	0.0000	0.0000	0.0000	0	1.00	0.2624	0.2264	-0.4830	1.390	0
163490	21.402	-0.625	-22.398	-0.32	0.05	-0.31	0.003	0.014	-0.005	0.000	0.000	0.000	0.1200	-0.1200	-0.1200	0.0000	0.0000	0.0000	0	1.00	0.2624	0.2264	-0.4830	1.390	0
163498	21.402	-0.624	-22.398	-0.08	0.22	-0.31	-0.014	0.038	0.001	0.000	0.000	0.000	0.1200	-0.1200	-0.1200	0.0000	0.0000	0.0000	0	1.00	0.2624	0.2264	-0.4830	1.390	0
163506	21.399	-0.623	-22.394	-0.47	0.29	-0.41	-0.014	0.013	-0.009	0.000	0.000	0.000	0.1200	-0.1200	-0.1200	0.0000	0.0000	0.0000	0	1.00	0.2624	0.2264	-0.4830	1.390	0
163514	21.397	-0.622	-22.391	-0.65	0.16	-0.20	0.013	0.018	-0.020	0.000	0.000	0.000	0.1200	-0.1200	-0.1200	0.0000	0.0000	0.0000	0	1.00	0.2624	0.2264	-0.4830	1.390	0
163522	21.395	-0.618	-22.385	-0.26	0.52	-0.52	-0.011	0.003	-0.016	0.000	0.000	0.000	0.1200	-0.1200	-0.1200	0.0000	0.0000	0.0000	0	1.00	0.2624	0.2264	-0.4830	1.390	0
163530	21.390	-0.623	-22.386	-0.34	0.23	-0.38	0.015	0.005	-0.024	0.000	0.000	0.000	0.1200	-0.1200	-0.1200	0.0000	0.0000	0.0000	0	1.00	0.2624	0.2264	-0.4830	1.390	0
163538	21.390	-0.623	-22.385	-0.43	0.44	-0.17	0.003	-0.032	-0.011	0.000	0.000	0.000	0.1200	-0.1200	-0.1200	0.0000	0.0000	0.0000	0	1.00	0.2624	0.2264	-0.4830	1.390	0
163546	21.394	-0.614	-22.381	-0.26	0.48	-0.48	0.002	-0.030	-0.017	0.000	0.000	-0.000	0.1200	-0.1200	-0.1200	0.0000	0.0000	0.0000	0	1.00	0.2624	0.2264	-0.4830	1.390	0
163554	21.398	-0.610	-22.381	-0.21	0.06	-0.12	-0.008	-0.005	-0.002	0.000	0.000	-0.000	0.1200	-0.1200	-0.1200	0.0000	0.0000	0.0000	0	1.00	0.2624	0.2264	-0.4830	1.390	0
163562	21.401	-0.609	-22.384	-0.16	0.28	-0.07	0.010	0.024	0.012	0.000	0.000	-0.000	0.1200	-0.1200	-0.1200	0.0000	0.0000	0.0000	0	1.00	0.2624	0.2264	-0.4830	1.390	0
163570	21.404	-0.603	-22.381	-0.31	0.20	-0.59	-0.004	-0.016	0.001	0.000	0.000	-0.000	0.1200	-0.1200	-0.1200	0.0000	0.0000	0.0000	0	1.00	0.2624	0.2264	-0.4830	1.390	0
163578	21.406	-0.601	-22.381	-0.50	0.46	-0.33	-0.011	-0.008	0.008	0.000	-0.000	0.000	0.1200	-0.1200	-0.1200	0.0000	0.0000	0.0000	0	1.00	0.2624	0.2264	-0.4830	1.390	0
163586	21.401	-0.604	-22.379	-0.39	-0.03	-0.38	0.000	0.026	0.001	0.000	0.000	0.000	0.1200	-0.1200	-0.1200	0.0000	0.0000	0.0000	0	1.00	0.2624	0.2264	-0.4830	1.390	0
163593	21.402	-0.597	-22.374	-0.39	0.11	-0.51	0.006	0.033	0.014	0.000	0.000	0.000	0.1200	-0.1200	-0.1200	0.0000	0.0000	0.0000	0	1.00	0.2624	0.2264	-0.4830	1.390	0
163601	21.404	-0.596	-22.375	-0.49	0.20	-0.50	0.010	0.019	0.016	0.000	0.000	0.000	0.1200	-0.1200	-0.1200	0.0000	0.0000	0.0000	0	1.00	0.2624	0.2264	-0.4830	1.390	0
163610	21.405	-0.596	-22.376	-0.19	0.07	-0.37	0.003	-0.026	0.013	0.000	0.000	0.000	0.1200	-0.1200	-0.1200	0.0000	0.0000	0.0000	0	1.00	0.2624	0.2264	-0.4830	1.390	0
163618	21.405	-0.597	-22.376	-0.29	-0.03	-0.47	0.003	-0.006	0.015	0.000	0.000	0.000	0.1200	-0.1200	-0.1200	0.0000	0.0000	0.0000	0	1.00	0.2624	0.2264	-0.4830	1.390	0
163625	21.407	-0.591	-22.373	-0.35	0.21	-0.23	0.011	-0.015	0.012	0.000	0.000	0.000	0.1200	-0.1200	-0.1200	0.0000	0.0000	0.0000	0	1.00	0.2624	0.2264	-0.4830	1.390	0
163633	21.408	-0.591	-22.374	-0.43	0.16	-0.20	0.018	-0.050	-0.003	0.000	-0.000	0.000	0.1200	-0.1200	-0.1200	0.0000	0.0000	0.0000	0	1.00	0.2624	0.2264	-0.4830	1.390	0
163641	21.408	-0.589	-22.372	-0.17	0.02	-0.43	0.017	-0.035	-0.002	0.000	-0.000	0.000	0.1200	-0.1200	-0.1200	0.0000	0.0000	0.0000	0	1.00	0.2624	0.2264	-0.4830	1.390	0
163650	21.408	-0.587	-22.371	-0.31	0.03	-0.41	0.021	-0.027	-0.007	0.000	-0.000	0.000	0.1200	-0.1200	-0.1200	0.0000	0.0000	0.0000	0	1.00	0.2624	0.2264	-0.4830	1.390	0
163658	21.407	-0.589	-22.371	-0.31	0.03	-0.41	0.006	-0.011	-0.005	0.000	-0.000	0.000	0.1200	-0.1200	-0.1200	0.0000	0.0000	0.0000	0	1.00	0.2624	0.2264	-0.4830	1.390	0
163665	21.404	-0.590	-22.370	-0.51	-0.04	-0.14	0.001	0.018	-0.017	0.000	-0.000	0.000	0.1200	-0.1200	-0.1200	0.0000	0.0000	0.0000	0	1.00	0.2624	0.2264	-0.4830	1.390	0
163673	21.404	-0.587	-22.367	-0.57	0.26	-0.27	-0.015	-0.019	-0.021	0.000	-0.000	0.000	0.1200	-0.1200	-0.1200	0.0000	0.0000	0.0000	0	1.00	0.2624	0.2264	-0.4830	1.390	0
163681	21.404	-0.583	-22.363	-0.52	-0.09	-0.71	-0.010	-0.017	-0.020	0.000	-0.000	0.000	0.1200	-0.1200	-0.1200	0.0000	0.0000	0.0000	0	1.00	0.2624	0.2264	-0.4830	1.390	0
163690	21.406	-0.580	-22.362	-0.34	0.21	-0.66	-0.028	0.033	-0.001	0.000	-0.000	0.000	0.1200	-0.1200	-0.1200	0.0000	0.0000	0.0000	0	1.00	0.2624	0.2264	-0.4830	1.390	0
163697	21.409	-0.577	-22.362	-0.75	0.26	-0.62	-0.016	-0.001	-0.009	0.000	-0.000	0.000	0.1200	-0.1200	-0.1200	0.0000	0.0000	0.0000	0	1.00	0.2624	0.2264	-0.4830	1.390	0
163705	21.408	-0.576	-22.361	-0.32	-0.12	-0.14	-0.029	0.047	0.002	0.000	-0.000	0.000	0.1200	-0.1200	-0.1200	0.0000	0.0000	0.0000	0	1.00	0.2624	0.2264	-0.4830	1.390	0
163713	21.411	-0.573	-22.361	-0.48	0.05	-0.48	-0.012	0.045	0.009	0.000	-0.000	0.000	0.1200	-0.1200	-0.1200	0.0000	0.0000	0.0000	0	1.00	0.2624	0.2264	-0.4830	1.390	0
163721	21.412	-0.577	-22.366	-0.14	0.09	-0.43	-0.012	-0.008	0.013	0.000	-0.000	0.000	0.1200	-0.1200	-0.1200	0.0000	0.0000	0.0000	0	1.00	0.2624	0.2264	-0.4830	1.390	0
163729	21.413	-0.580	-22.369	-0.21	-0.23	-0.25	0.008	0.035	0.016	0.000	0.000	0.000	0.1200	-0.1200	-0.1200	0.0000	0.0000	0.0000	0	1.00	0.2624	0.2264	-0.4830	1.390	0
163737	21.413	-0.578	-22.368	-0.53	-0.14	-0.24	0.010	0.032	0.017	0.000	0.000	0.000	0.1200	-0.1200	-0.1200	0.0000	0.0000	0.0000	0	1.00	0.2624	0.2264	-0.4830	1.390	0
163745	21.412	-0.581	-22.368	-0.20	-0.36	-0.55	0.029	0.030	0.007	0.000	0.000	0.000	0.1200	-0.1200	-0.1200	0.0000	0.0000	0.0000	0	1.00	0.2624	0.2264	-0.4830	1.390	0
163753	21.410	-0.584	-22.369	-0.30	-0.47	-0.65	0.030	0.041	0.012	0.000	0.000	0.000	0.1200	-0.1200	-0.1200	0.0000	0.0000	0.0000	0	1.00	0.2624	0.2264	-0.4830	1.390	0
163761	21.404	-0.592	-22.371	-0.42	-0.53	-0.37	0.024	-0.006	-0.015	0.000	0.000	0.000	0.1200	-0.1200	-0.1200	0.0000	0.0000	0.0000	0	1.00	0.2624	0.2264	-0.4830	1.390	0
163769	21.398	-0.596	-22.369	-0.20	-0.32	-0.59	0.025	-0.022	-0.009	0.000	0.000	0.000	0.1200	-0.1200	-0.1200	0.0000	0.0000	0.0000	0	1.00	0.2624	0.2264	-0.4830	1.390	0
163777	21.404	-0.593	-22.371	-0.29	-0.29	-0.21	0.013	-0.011	-0.021	0.000	0.000	0.000	0.1200	-0.1200	-0.1200	0.0000	0.0000	0.0000	0	1.00	0.2624	0.2264	-0.4830	1.390	0
163785	21.399	-0.597	-22.370	-0.37	-0.43	-0.52	0.022	-0.024	-0.031	0.000	0.000	0.000	0.1200	-0.1200	-0.1200	0.0000	0.0000	0.0000	0	1.00	0.2624	0.2264	-0.4830	1.390	0
# unknown. use: a<0/1> (arm)  m<0/1> (mode edge/corner)  g<0..1> (gain)  c (corner resolve)  e (edge resolve)  o<deg> (edge trim)  h<0/1> (halt)  d<N> (decim)  l<0/1> (link)  s (state)  k (keepalive)
163795	21.392	-0.600	-22.367	-0.36	-0.25	-0.08	0.005	-0.014	-0.021	0.000	0.000	0.000	0.1200	-0.1200	-0.1200	0.0000	0.0000	0.0000	0	1.00	0.2624	0.2264	-0.4830	1.390	0
163803	21.396	-0.607	-22.377	-0.80	-0.31	-0.32	-0.009	-0.046	-0.005	0.000	0.000	-0.000	0.1200	-0.1200	-0.1200	0.0000	0.0000	0.0000	0	1.00	0.2624	0.2264	-0.4830	1.390	0
163811	21.400	-0.614	-22.387	0.14	-0.24	-0.59	-0.009	-0.012	0.001	0.000	0.000	-0.000	0.1200	-0.1200	-0.1200	0.0000	0.0000	0.0000	0	1.00	0.2624	0.2264	-0.4830	1.390	0
163819	21.395	-0.617	-22.385	-0.44	-0.30	-0.05	-0.022	-0.053	0.018	0.000	-0.000	0.000	0.1200	-0.1200	-0.1200	0.0000	0.0000	0.0000	0	1.00	0.2624	0.2264	-0.4830	1.390	0
163827	21.396	-0.619	-22.387	-0.60	-0.34	-0.18	-0.008	0.007	0.030	0.000	-0.000	0.000	0.1200	-0.1200	-0.1200	0.0000	0.0000	0.0000	0	1.00	0.2624	0.2264	-0.4830	1.390	0
163835	21.401	-0.621	-22.394	-0.35	-0.40	-0.67	-0.025	0.027	0.035	0.000	-0.000	0.000	0.1200	-0.1200	-0.1200	0.0000	0.0000	0.0000	0	1.00	0.2624	0.2264	-0.4830	1.390	0
163843	21.399	-0.617	-22.388	-0.15	-0.22	-0.75	-0.025	-0.012	0.034	0.000	-0.000	0.000	0.1200	-0.1200	-0.1200	0.0000	0.0000	0.0000	0	1.00	0.2624	0.2264	-0.4830	1.390	0
163851	21.387	-0.629	-22.387	-0.87	-0.47	-0.30	-0.019	0.040	0.021	0.000	-0.000	0.000	0.1200	-0.1200	-0.1200	0.0000	0.0000	0.0000	0	1.00	0.2624	0.2264	-0.4830	1.390	0
163859	21.390	-0.629	-22.390	-0.24	-0.31	-0.24	-0.011	0.033	-0.002	0.000	0.000	0.000	0.1200	-0.1200	-0.1200	0.0000	0.0000	0.0000	0	1.00	0.2624	0.2264	-0.4830	1.390	0
163867	21.388	-0.627	-22.386	-0.04	-0.11	-0.64	0.005	0.037	-0.004	0.000	0.000	0.000	0.1200	-0.1200	-0.1200	0.0000	0.0000	0.0000	0	1.00	0.2624	0.2264	-0.4830	1.390	0
163875	21.377	-0.638	-22.385	-0.26	-0.34	-0.09	0.009	0.004	-0.011	0.000	0.000	0.000	0.1200	-0.1200	-0.1200	0.0000	0.0000	0.0000	0	1.00	0.2624	0.2264	-0.4830	1.390	0
163883	21.374	-0.641	-22.386	-0.38	-0.26	-0.27	0.027	0.013	-0.024	0.000	0.000	0.000	0.1200	-0.1200	-0.1200	0.0000	0.0000	0.0000	0	1.00	0.2624	0.2264	-0.4830	1.390	0
163891	21.376	-0.641	-22.388	-0.41	-0.16	-0.43	0.053	0.024	-0.022	0.000	0.000	0.000	0.1200	-0.1200	-0.1200	0.0000	0.0000	0.0000	0	1.00	0.2624	0.2264	-0.4830	1.390	0
163899	21.373	-0.648	-22.391	-0.46	-0.18	-0.36	0.038	-0.043	-0.017	0.000	0.000	0.000	0.1200	-0.1200	-0.1200	0.0000	0.0000	0.0000	0	1.00	0.2624	0.2264	-0.4830	1.390	0
163907	21.372	-0.652	-22.393	-0.45	-0.57	-0.41	0.018	-0.005	-0.020	0.000	0.000	0.000	0.1200	-0.1200	-0.1200	0.0000	0.0000	0.0000	0	1.00	0.2624	0.2264	-0.4830	1.390	0
163915	21.374	-0.651	-22.394	-0.43	-0.36	-0.11	0.011	-0.014	-0.001	0.000	0.000	-0.000	0.1200	-0.1200	-0.1200	0.0000	0.0000	0.0000	0	1.00	0.2624	0.2264	-0.4830	1.390	0
163923	21.371	-0.658	-22.397	-0.15	-0.15	-0.07	-0.000	-0.032	0.022	0.000	0.000	0.000	0.1200	-0.1200	-0.1200	0.0000	0.0000	0.0000	0	1.00	0.2624	0.2264	-0.4830	1.390	0
163931	21.372	-0.656	-22.397	-0.23	-0.33	-0.34	-0.025	-0.029	0.023	0.000	0.000	0.000	0.1200	-0.1200	-0.1200	0.0000	0.0000	0.0000	0	1.00	0.2624	0.2264	-0.4830	1.390	0
163939	21.375	-0.652	-22.397	-0.36	-0.03	-0.30	-0.016	0.001	0.041	0.000	-0.000	0.000	0.1200	-0.1200	-0.1200	0.0000	0.0000	0.0000	0	1.00	0.2624	0.2264	-0.4830	1.390	0
163947	21.378	-0.658	-22.404	-0.18	-0.36	-0.37	-0.014	-0.027	0.049	0.000	-0.000	0.000	0.1200	-0.1200	-0.1200	0.0000	0.0000	0.0000	0	1.00	0.2624	0.2264	-0.4830	1.390	0
163955	21.373	-0.664	-22.405	-0.74	-0.31	-0.49	-0.031	-0.032	0.049	0.000	-0.000	0.000	0.1200	-0.1200	-0.1200	0.0000	0.0000	0.0000	0	1.00	0.2624	0.2264	-0.4830	1.390	0
163963	21.378	-0.661	-22.407	-0.17	-0.12	-0.30	-0.029	0.017	0.031	0.000	-0.000	0.000	0.1200	-0.1200	-0.1200	0.0000	0.0000	0.0000	0	1.00	0.2624	0.2264	-0.4830	1.390	0
163970	21.375	-0.663	-22.406	-0.53	-0.01	-0.37	-0.011	0.021	0.030	0.000	-0.000	0.000	0.1200	-0.1200	-0.1200	0.0000	0.0000	0.0000	0	1.00	0.2624	0.2264	-0.4830	1.390	0
163979	21.373	-0.665	-22.405	-0.27	-0.61	-0.45	-0.002	0.035	-0.007	0.000	-0.000	0.000	0.1200	-0.1200	-0.1200	0.0000	0.0000	0.0000	0	1.00	0.2624	0.2264	-0.4830	1.390	0
163987	21.372	-0.660	-22.401	-0.41	-0.34	-0.26	0.008	0.041	-0.015	0.000	0.000	0.000	0.1200	-0.1200	-0.1200	0.0000	0.0000	0.0000	0	1.00	0.2624	0.2264	-0.4830	1.390	0
163995	21.365	-0.666	-22.399	-0.15	-0.02	-0.20	0.002	0.023	-0.049	0.000	0.000	0.000	0.1200	-0.1200	-0.1200	0.0000	0.0000	0.0000	0	1.00	0.2624	0.2264	-0.4830	1.390	0
164003	21.359	-0.670	-22.397	-0.45	-0.57	-0.41	-0.004	0.045	-0.052	0.000	0.000	0.000	0.1200	-0.1200	-0.1200	0.0000	0.0000	0.0000	0	1.00	0.2624	0.2264	-0.4830	1.390	0
164010	21.353	-0.672	-22.393	-0.14	-0.41	-0.24	-0.010	0.006	-0.063	0.000	0.000	0.000	0.1200	-0.1200	-0.1200	0.0000	0.0000	0.0000	0	1.00	0.2624	0.2264	-0.4830	1.390	0
164019	21.348	-0.680	-22.395	-0.57	-0.12	-0.64	-0.010	-0.015	-0.052	0.000	0.000	0.000	0.1200	-0.1200	-0.1200	0.0000	0.0000	0.0000	0	1.00	0.2624	0.2264	-0.4830	1.390	0
164026	21.348	-0.684	-22.398	-0.28	-0.46	-0.47	0.006	-0.019	-0.038	0.000	0.000	-0.000	0.1200	-0.1200	-0.1200	0.0000	0.0000	0.0000	0	1.00	0.2624	0.2264	-0.4830	1.390	0
164035	21.352	-0.684	-22.403	-0.23	0.06	-0.73	-0.007	-0.050	-0.004	0.000	0.000	-0.000	0.1200	-0.1200	-0.1200	0.0000	0.0000	0.0000	0	1.00	0.2624	0.2264	-0.4830	1.390	0
164042	21.353	-0.688	-22.407	-0.36	-0.36	-0.28	-0.009	-0.073	-0.003	0.000	-0.000	-0.000	0.1200	-0.1200	-0.1200	0.0000	0.0000	0.0000	0	1.00	0.2624	0.2264	-0.4830	1.390	0
164050	21.354	-0.693	-22.412	-0.28	-0.40	-0.23	-0.006	-0.045	0.008	0.000	-0.000	-0.000	0.1200	-0.1200	-0.1200	0.0000	0.0000	0.0000	0	1.00	0.2624	0.2264	-0.4830	1.390	0
164058	21.353	-0.696	-22.414	-0.39	0.19	-0.59	0.002	-0.003	0.024	0.000	-0.000	-0.000	0.1200	-0.1200	-0.1200	0.0000	0.0000	0.0000	0	1.00	0.2624	0.2264	-0.4830	1.390	0
164066	21.353	-0.699	-22.417	-0.36	0.01	-0.34	0.012	-0.052	0.048	0.000	-0.000	0.000	0.1200	-0.1200	-0.1200	0.0000	0.0000	0.0000	0	1.00	0.2624	0.2264	-0.4830	1.390	0
164075	21.350	-0.700	-22.415	-0.45	0.02	-0.68	0.016	0.008	0.048	0.000	-0.000	0.000	0.1200	-0.1200	-0.1200	0.0000	0.0000	0.0000	0	1.00	0.2624	0.2264	-0.4830	1.390	0
164082	21.345	-0.699	-22.410	-0.39	0.13	-0.22	-0.002	-0.001	0.046	0.000	-0.000	0.000	0.1200	-0.1200	-0.1200	0.0000	0.0000	0.0000	0	1.00	0.2624	0.2264	-0.4830	1.390	0
164090	21.345	-0.699	-22.409	-0.36	-0.03	-0.30	-0.001	-0.009	0.051	0.000	-0.000	0.000	0.1200	-0.1200	-0.1200	0.0000	0.0000	0.0000	0	1.00	0.2624	0.2264	-0.4830	1.390	0
164098	21.344	-0.698	-22.407	-0.70	-0.10	-0.63	0.010	0.031	0.031	0.000	-0.000	0.000	0.1200	-0.1200	-0.1200	0.0000	0.0000	0.0000	0	1.00	0.2624	0.2264	-0.4830	1.390	0
164106	21.345	-0.694	-22.404	-0.53	0.16	-0.54	0.014	0.020	-0.005	0.000	-0.000	0.000	0.1200	-0.1200	-0.1200	0.0000	0.0000	0.0000	0	1.00	0.2624	0.2264	-0.4830	1.390	0
164114	21.344	-0.701	-22.409	-0.37	0.28	-0.50	0.014	0.007	-0.033	0.000	-0.000	0.000	0.1200	-0.1200	-0.1200	0.0000	0.0000	0.0000	0	1.00	0.2624	0.2264	-0.4830	1.390	0
164122	21.346	-0.703	-22.414	-0.26	-0.17	-0.26	0.005	-0.012	-0.049	0.000	-0.000	0.000	0.1200	-0.1200	-0.1200	0.0000	0.0000	0.0000	0	1.00	0.2624	0.2264	-0.4830	1.390	0
164130	21.344	-0.703	-22.412	-0.46	-0.18	-0.36	0.005	0.033	-0.058	0.000	-0.000	0.000	0.1200	-0.1200	-0.1200	0.0000	0.0000	0.0000	0	1.00	0.2624	0.2264	-0.4830	1.390	0
164138	21.346	-0.703	-22.414	-0.16	-0.13	-0.40	-0.003	-0.035	-0.060	0.000	-0.000	0.000	0.1200	-0.1200	-0.1200	0.0000	0.0000	0.0000	0	1.00	0.2624	0.2264	-0.4830	1.390	0
164146	21.346	-0.707	-22.417	-0.34	-0.18	-0.27	-0.011	-0.003	-0.053	0.000	-0.000	-0.000	0.1200	-0.1200	-0.1200	0.0000	0.0000	0.0000	0	1.00	0.2624	0.2264	-0.4830	1.390	0
164154	21.351	-0.707	-22.422	-0.29	-0.03	-0.47	0.006	-0.035	-0.034	0.000	-0.000	-0.000	0.1200	-0.1200	-0.1200	0.0000	0.0000	0.0000	0	1.00	0.2624	0.2264	-0.4830	1.390	0
164162	21.353	-0.710	-22.426	-0.29	-0.25	-0.26	0.006	0.018	-0.022	0.000	-0.000	-0.000	0.1200	-0.1200	-0.1200	0.0000	0.0000	0.0000	0	1.00	0.2624	0.2264	-0.4830	1.390	0
164170	21.353	-0.710	-22.426	-0.47	0.12	-0.23	-0.023	-0.014	0.002	0.000	-0.000	-0.000	0.1200	-0.1200	-0.1200	0.0000	0.0000	0.0000	0	1.00	0.2624	0.2264	-0.4830	1.390	0
164178	21.353	-0.709	-22.426	-0.35	0.16	-0.19	-0.017	-0.021	0.010	0.000	-0.000	-0.000	0.1200	-0.1200	-0.1200	0.0000	0.0000	0.0000	0	1.00	0.2624	0.2264	-0.4830	1.390	0
164186	21.349	-0.707	-22.421	-0.41	0.08	-0.36	-0.005	0.016	0.022	0.000	-0.000	-0.000	0.1200	-0.1200	-0.1200	0.0000	0.0000	0.0000	0	1.00	0.2624	0.2264	-0.4830	1.390	0
164194	21.346	-0.709	-22.419	-0.27	0.06	-0.38	-0.021	0.036	0.042	0.000	-0.000	-0.000	0.1200	-0.1200	-0.1200	0.0000	0.0000	0.0000	0	1.00	0.2624	0.2264	-0.4830	1.390	0
164202	21.342	-0.711	-22.417	-0.57	0.05	-0.81	-0.013	0.002	0.050	0.000	-0.000	0.000	0.1200	-0.1200	-0.1200	0.0000	0.0000	0.0000	0	1.00	0.2624	0.2264	-0.4830	1.390	0
164210	21.343	-0.710	-22.417	-0.49	-0.11	-0.20	-0.002	-0.005	0.043	0.000	-0.000	0.000	0.1200	-0.1200	-0.1200	0.0000	0.0000	0.0000	0	1.00	0.2624	0.2264	-0.4830	1.390	0
164218	21.335	-0.710	-22.409	-0.54	-0.21	-0.04	0.006	-0.003	0.025	0.000	-0.000	0.000	0.1200	-0.1200	-0.1200	0.0000	0.0000	0.0000	0	1.00	0.2624	0.2264	-0.4830	1.390	0
164226	21.334	-0.711	-22.409	-0.19	-0.06	-0.23	0.012	0.019	0.018	0.000	-0.000	0.000	0.1200	-0.1200	-0.1200	0.0000	0.0000	0.0000	0	1.00	0.2624	0.2264	-0.4830	1.390	0
164234	21.334	-0.711	-22.408	-0.17	-0.20	-0.21	0.008	0.032	-0.002	0.000	0.000	0.000	0.1200	-0.1200	-0.1200	0.0000	0.0000	0.0000	0	1.00	0.2624	0.2264	-0.4830	1.390	0
164242	21.334	-0.713	-22.410	-0.14	0.22	-0.56	0.019	-0.022	-0.013	0.000	-0.000	0.000	0.1200	-0.1200	-0.1200	0.0000	0.0000	0.0000	0	1.00	0.2624	0.2264	-0.4830	1.390	0
164249	21.335	-0.709	-22.408	-0.36	-0.02	-0.63	0.013	-0.017	-0.019	0.000	-0.000	0.000	0.1200	-0.1200	-0.1200	0.0000	0.0000	0.0000	0	1.00	0.2624	0.2264	-0.4830	1.390	0
164258	21.336	-0.709	-22.409	-0.34	-0.14	-0.32	0.026	0.017	-0.017	0.000	-0.000	0.000	0.1200	-0.1200	-0.1200	0.0000	0.0000	0.0000	0	1.00	0.2624	0.2264	-0.4830	1.390	0
164266	21.337	-0.713	-22.414	-0.39	0.06	-0.46	0.030	-0.017	-0.037	0.000	-0.000	0.000	0.1200	-0.1200	-0.1200	0.0000	0.0000	0.0000	0	1.00	0.2624	0.2264	-0.4830	1.390	0
164274	21.343	-0.713	-22.420	-0.44	0.37	-0.41	0.004	-0.002	-0.036	0.000	-0.000	-0.000	0.1200	-0.1200	-0.1200	0.0000	0.0000	0.0000	0	1.00	0.2624	0.2264	-0.4830	1.390	0
164281	21.349	-0.709	-22.423	-0.32	0.13	-0.39	0.001	-0.032	-0.029	0.000	-0.000	-0.000	0.1200	-0.1200	-0.1200	0.0000	0.0000	0.0000	0	1.00	0.2624	0.2264	-0.4830	1.390	0
164289	21.356	-0.702	-22.422	-0.46	0.32	-0.55	-0.002	-0.008	-0.027	0.000	-0.000	-0.000	0.1200	-0.1200	-0.1200	0.0000	0.0000	0.0000	0	1.00	0.2624	0.2264	-0.4830	1.390	0
164297	21.360	-0.694	-22.420	-0.27	0.30	-0.31	-0.023	0.002	-0.005	0.000	-0.000	-0.000	0.1200	-0.1200	-0.1200	0.0000	0.0000	0.0000	0	1.00	0.2624	0.2264	-0.4830	1.390	0
164305	21.361	-0.690	-22.416	-0.35	0.21	-0.23	-0.020	-0.013	0.002	0.000	-0.000	-0.000	0.1200	-0.1200	-0.1200	0.0000	0.0000	0.0000	0	1.00	0.2624	0.2264	-0.4830	1.390	0
164313	21.361	-0.686	-22.414	-0.35	0.42	-0.45	-0.016	0.008	0.016	0.000	-0.000	-0.000	0.1200	-0.1200	-0.1200	0.0000	0.0000	0.0000	0	1.00	0.2624	0.2264	-0.4830	1.390	0
164321	21.353	-0.691	-22.410	-0.29	-0.38	-0.13	-0.021	0.020	0.036	0.000	-0.000	-0.000	0.1200	-0.1200	-0.1200	0.0000	0.0000	0.0000	0	1.00	0.2624	0.2264	-0.4830	1.390	0
164329	21.350	-0.697	-22.412	-0.17	-0.07	-0.34	-0.000	0.014	0.037	0.000	-0.000	0.000	0.1200	-0.1200	-0.1200	0.0000	0.0000	0.0000	0	1.00	0.2624	0.2264	-0.4830	1.390	0
164338	21.337	-0.701	-22.403	-0.62	-0.35	-0.35	-0.007	0.037	0.037	0.000	-0.000	0.000	0.1200	-0.1200	-0.1200	0.0000	0.0000	0.0000	0	1.00	0.2624	0.2264	-0.4830	1.390	0
164346	21.329	-0.706	-22.399	-0.45	-0.46	-0.20	0.006	0.024	0.054	0.000	-0.000	0.000	0.1200	-0.1200	-0.1200	0.0000	0.0000	0.0000	0	1.00	0.2624	0.2264	-0.4830	1.390	0
164353	21.322	-0.713	-22.399	-0.50	-0.13	-0.48	0.007	0.015	0.026	0.000	-0.000	0.000	0.1200	-0.1200	-0.1200	0.0000	0.0000	0.0000	0	1.00	0.2624	0.2264	-0.4830	1.390	0
164361	21.320	-0.719	-22.402	-0.20	-0.71	-0.20	0.022	0.007	0.014	0.000	-0.000	0.000	0.1200	-0.1200	-0.1200	0.0000	0.0000	0.0000	0	1.00	0.2624	0.2264	-0.4830	1.390	0
164369	21.315	-0.731	-22.408	-0.53	-0.64	-0.47	0.026	-0.004	0.001	0.000	-0.000	0.000	0.1200	-0.1200	-0.1200	0.0000	0.0000	0.0000	0	1.00	0.2624	0.2264	-0.4830	1.390	0
164378	21.318	-0.735	-22.415	-0.18	-0.23	-0.49	0.020	-0.036	-0.017	0.000	-0.000	0.000	0.1200	-0.1200	-0.1200	0.0000	0.0000	0.0000	0	1.00	0.2624	0.2264	-0.4830	1.390	0
164385	21.324	-0.735	-22.421	-0.35	-0.25	-0.51	0.011	-0.028	-0.033	0.000	-0.000	0.000	0.1200	-0.1200	-0.1200	0.0000	0.0000	0.0000	0	1.00	0.2624	0.2264	-0.4830	1.390	0
164393	21.335	-0.731	-22.428	-0.09	-0.24	-0.16	0.007	-0.048	-0.059	0.000	-0.000	0.000	0.1200	-0.1200	-0.1200	0.0000	0.0000	0.0000	0	1.00	0.2624	0.2264	-0.4830	1.390	0
164401	21.347	-0.722	-22.432	-0.46	0.10	-0.34	-0.012	-0.053	-0.057	0.000	-0.000	0.000	0.1200	-0.1200	-0.1200	0.0000	0.0000	0.0000	0	1.00	0.2624	0.2264	-0.4830	1.390	0
164409	21.356	-0.718	-22.437	-0.47	0.33	-0.45	-0.014	-0.050	-0.057	0.000	-0.000	-0.000	0.1200	-0.1200	-0.1200	0.0000	0.0000	0.0000	0	1.00	0.2624	0.2264	-0.4830	1.390	0
164417	21.361	-0.715	-22.440	-0.33	0.48	-0.31	-0.016	-0.009	-0.035	0.000	-0.000	-0.000	0.1200	-0.1200	-0.1200	0.0000	0.0000	0.0000	0	1.00	0.2624	0.2264	-0.4830	1.390	0
164425	21.365	-0.707	-22.436	-0.63	0.54	-0.07	-0.021	-0.003	-0.010	0.000	-0.000	-0.000	0.1200	-0.1200	-0.1200	0.0000	0.0000	0.0000	0	1.00	0.2624	0.2264	-0.4830	1.390	0
164433	21.368	-0.696	-22.429	-0.51	0.65	-0.40	-0.007	0.027	0.003	0.000	-0.000	-0.000	0.1200	-0.1200	-0.1200	0.0000	0.0000	0.0000	0	1.00	0.2624	0.2264	-0.4830	1.390	0
164441	21.364	-0.690	-22.420	-0.36	0.73	-0.32	-0.009	0.017	0.029	0.000	-0.000	-0.000	0.1200	-0.1200	-0.1200	0.0000	0.0000	0.0000	0	1.00	0.2624	0.2264	-0.4830	1.390	0
164449	21.351	-0.692	-22.409	-0.69	0.58	-0.37	-0.004	0.015	0.034	0.000	-0.000	-0.000	0.1200	-0.1200	-0.1200	0.0000	0.0000	0.0000	0	1.00	0.2624	0.2264	-0.4830	1.390	0
164457	21.342	-0.690	-22.397	-0.33	0.48	-0.31	0.006	0.051	0.050	0.000	-0.000	-0.000	0.1200	-0.1200	-0.1200	0.0000	0.0000	0.0000	0	1.00	0.2624	0.2264	-0.4830	1.390	0
164465	21.331	-0.695	-22.391	-0.06	-0.27	-0.36	0.026	0.036	0.054	0.000	-0.000	0.000	0.1200	-0.1200	-0.1200	0.0000	0.0000	0.0000	0	1.00	0.2624	0.2264	-0.4830	1.390	0
164473	21.324	-0.704	-22.393	-0.32	-0.22	-0.48	0.028	0.033	0.038	0.000	-0.000	0.000	0.1200	-0.1200	-0.1200	0.0000	0.0000	0.0000	0	1.00	0.2624	0.2264	-0.4830	1.390	0
164481	21.326	-0.713	-22.403	0.06	-0.14	-0.40	0.025	0.019	0.014	0.000	-0.000	0.000	0.1200	-0.1200	-0.1200	0.0000	0.0000	0.0000	0	1.00	0.2624	0.2264	-0.4830	1.390	0
164489	21.327	-0.722	-22.412	-0.32	-0.80	-0.20	-0.000	-0.033	0.001	0.000	-0.000	0.000	0.1200	-0.1200	-0.1200	0.0000	0.0000	0.0000	0	1.00	0.2624	0.2264	-0.4830	1.390	0
164497	21.336	-0.719	-22.417	-0.31	-0.52	-0.18	0.015	-0.021	-0.016	0.000	-0.000	0.000	0.1200	-0.1200	-0.1200	0.0000	0.0000	0.0000	0	1.00	0.2624	0.2264	-0.4830	1.390	0
164505	21.344	-0.723	-22.430	-0.21	-0.65	-0.14	0.006	-0.037	-0.019	0.000	-0.000	0.000	0.1200	-0.1200	-0.1200	0.0000	0.0000	0.0000	0	1.00	0.2624	0.2264	-0.4830	1.390	0
164513	21.351	-0.726	-22.440	-0.53	-0.38	-0.30	-0.012	-0.053	-0.033	0.000	-0.000	0.000	0.1200	-0.1200	-0.1200	0.0000	0.0000	0.0000	0	1.00	0.2624	0.2264	-0.4830	1.390	0
164521	21.356	-0.724	-22.442	-0.50	-0.13	-0.05	-0.004	-0.052	-0.032	0.000	-0.000	0.000	0.1200	-0.1200	-0.1200	0.0000	0.0000	0.0000	0	1.00	0.2624	0.2264	-0.4830	1.390	0
164529	21.355	-0.721	-22.440	-0.38	0.09	-0.18	-0.029	-0.052	-0.051	0.000	-0.000	-0.000	0.1200	-0.1200	-0.1200	0.0000	0.0000	0.0000	0	1.00	0.2624	0.2264	-0.4830	1.390	0
164537	21.356	-0.713	-22.432	-0.70	0.18	-0.60	-0.010	-0.026	-0.028	0.000	-0.000	-0.000	0.1200	-0.1200	-0.1200	0.0000	0.0000	0.0000	0	1.00	0.2624	0.2264	-0.4830	1.390	0
164545	21.348	-0.708	-22.421	-0.33	0.43	-0.26	-0.017	0.004	-0.012	0.000	-0.000	-0.000	0.1200	-0.1200	-0.1200	0.0000	0.0000	0.0000	0	1.00	0.2624	0.2264	-0.4830	1.390	0
164553	21.347	-0.697	-22.409	-0.18	0.69	-0.36	-0.018	0.017	0.017	0.000	-0.000	-0.000	0.1200	-0.1200	-0.1200	0.0000	0.0000	0.0000	0	1.00	0.2624	0.2264	-0.4830	1.390	0
164561	21.340	-0.700	-22.404	-0.33	0.48	-0.31	-0.004	0.023	0.032	0.000	-0.000	-0.000	0.1200	-0.1200	-0.1200	0.0000	0.0000	0.0000	0	1.00	0.2624	0.2264	-0.4830	1.390	0
164568	21.335	-0.697	-22.397	-0.74	0.52	-0.26	0.004	0.034	0.041	0.000	-0.000	-0.000	0.1200	-0.1200	-0.1200	0.0000	0.0000	0.0000	0	1.00	0.2624	0.2264	-0.4830	1.390	0
164577	21.333	-0.695	-22.394	-0.43	0.70	-0.43	0.007	0.014	0.050	0.000	-0.000	0.000	0.1200	-0.1200	-0.1200	0.0000	0.0000	0.0000	0	1.00	0.2624	0.2264	-0.4830	1.390	0
164585	21.329	-0.699	-22.393	0.02	0.34	-0.52	0.030	0.033	0.034	0.000	-0.000	0.000	0.1200	-0.1200	-0.1200	0.0000	0.0000	0.0000	0	1.00	0.2624	0.2264	-0.4830	1.390	0
164593	21.327	-0.702	-22.394	-0.46	0.23	-0.46	0.027	0.015	0.042	0.000	-0.000	0.000	0.1200	-0.1200	-0.1200	0.0000	0.0000	0.0000	0	1.00	0.2624	0.2264	-0.4830	1.390	0
164600	21.327	-0.705	-22.397	-0.42	0.05	-0.21	0.025	0.016	0.017	0.000	-0.000	0.000	0.1200	-0.1200	-0.1200	0.0000	0.0000	0.0000	0	1.00	0.2624	0.2264	-0.4830	1.390	0
164608	21.332	-0.708	-22.404	-0.07	-0.17	-0.34	0.014	0.025	0.005	0.000	-0.000	0.000	0.1200	-0.1200	-0.1200	0.0000	0.0000	0.0000	0	1.00	0.2624	0.2264	-0.4830	1.390	0
164617	21.335	-0.708	-22.407	-0.31	-0.19	-0.19	0.002	-0.029	-0.005	0.000	-0.000	0.000	0.1200	-0.1200	-0.1200	0.0000	0.0000	0.0000	0	1.00	0.2624	0.2264	-0.4830	1.390	0
164625	21.338	-0.709	-22.410	-0.41	-0.12	-0.47	0.005	-0.045	-0.019	0.000	-0.000	0.000	0.1200	-0.1200	-0.1200	0.0000	0.0000	0.0000	0	1.00	0.2624	0.2264	-0.4830	1.390	0
164633	21.344	-0.706	-22.413	-0.65	-0.52	-0.26	-0.013	-0.023	-0.033	0.000	-0.000	0.000	0.1200	-0.1200	-0.1200	0.0000	0.0000	0.0000	0	1.00	0.2624	0.2264	-0.4830	1.390	0
164640	21.344	-0.706	-22.414	-0.67	-0.46	-0.20	-0.010	-0.035	-0.036	0.000	-0.000	0.000	0.1200	-0.1200	-0.1200	0.0000	0.0000	0.0000	0	1.00	0.2624	0.2264	-0.4830	1.390	0
164648	21.343	-0.702	-22.410	-0.39	0.06	-0.46	-0.004	-0.041	-0.027	0.000	-0.000	0.000	0.1200	-0.1200	-0.1200	0.0000	0.0000	0.0000	0	1.00	0.2624	0.2264	-0.4830	1.390	0
164657	21.339	-0.701	-22.405	-0.48	-0.41	-0.33	-0.012	-0.021	-0.010	0.000	-0.000	0.000	0.1200	-0.1200	-0.1200	0.0000	0.0000	0.0000	0	1.00	0.2624	0.2264	-0.4830	1.390	0
164665	21.331	-0.703	-22.399	-0.49	-0.11	-0.20	-0.017	0.033	-0.008	0.000	-0.000	0.000	0.1200	-0.1200	-0.1200	0.0000	0.0000	0.0000	0	1.00	0.2624	0.2264	-0.4830	1.390	0
164672	21.328	-0.701	-22.394	-0.20	0.05	-0.22	-0.017	0.039	-0.003	0.000	-0.000	-0.000	0.1200	-0.1200	-0.1200	0.0000	0.0000	0.0000	0	1.00	0.2624	0.2264	-0.4830	1.390	0
164680	21.329	-0.701	-22.395	-0.39	0.26	-0.35	-0.015	0.036	0.009	0.000	-0.000	0.000	0.1200	-0.1200	-0.1200	0.0000	0.0000	0.0000	0	1.00	0.2624	0.2264	-0.4830	1.390	0
164688	21.328	-0.699	-22.392	-0.69	0.34	-0.44	0.002	0.032	0.014	0.000	-0.000	0.000	0.1200	-0.1200	-0.1200	0.0000	0.0000	0.0000	0	1.00	0.2624	0.2264	-0.4830	1.390	0
164696	21.330	-0.698	-22.393	-0.52	0.06	-0.55	0.010	0.010	0.011	0.000	-0.000	0.000	0.1200	-0.1200	-0.1200	0.0000	0.0000	0.0000	0	1.00	0.2624	0.2264	-0.4830	1.390	0
164704	21.336	-0.694	-22.395	-0.24	0.18	-0.42	0.018	0.012	0.031	0.000	-0.000	0.000	0.1200	-0.1200	-0.1200	0.0000	0.0000	0.0000	0	1.00	0.2624	0.2264	-0.4830	1.390	0
164712	21.340	-0.689	-22.395	-0.22	0.28	-0.33	0.013	0.024	0.020	0.000	-0.000	0.000	0.1200	-0.1200	-0.1200	0.0000	0.0000	0.0000	0	1.00	0.2624	0.2264	-0.4830	1.390	0
164720	21.346	-0.687	-22.398	-0.44	0.00	-0.35	0.029	0.010	0.026	0.000	-0.000	0.000	0.1200	-0.1200	-0.1200	0.0000	0.0000	0.0000	0	1.00	0.2624	0.2264	-0.4830	1.390	0
164728	21.351	-0.685	-22.402	-0.55	-0.02	-0.54	0.029	0.000	0.007	0.000	-0.000	0.000	0.1200	-0.1200	-0.1200	0.0000	0.0000	0.0000	0	1.00	0.2624	0.2264	-0.4830	1.390	0
164736	21.357	-0.685	-22.408	-0.41	-0.21	-0.39	0.019	0.013	0.007	0.000	-0.000	0.000	0.1200	-0.1200	-0.1200	0.0000	0.0000	0.0000	0	1.00	0.2624	0.2264	-0.4830	1.390	0
164744	21.359	-0.688	-22.413	-0.35	-0.33	-0.43	0.014	-0.005	-0.020	0.000	-0.000	0.000	0.1200	-0.1200	-0.1200	0.0000	0.0000	0.0000	0	1.00	0.2624	0.2264	-0.4830	1.390	0
164752	21.363	-0.691	-22.419	-0.35	-0.33	-0.43	0.011	-0.046	-0.030	0.000	-0.000	0.000	0.1200	-0.1200	-0.1200	0.0000	0.0000	0.0000	0	1.00	0.2624	0.2264	-0.4830	1.390	0
164760	21.361	-0.694	-22.420	-0.47	-0.55	-0.30	-0.004	-0.013	-0.030	0.000	-0.000	0.000	0.1200	-0.1200	-0.1200	0.0000	0.0000	0.0000	0	1.00	0.2624	0.2264	-0.4830	1.390	0
164768	21.359	-0.693	-22.417	-0.28	-0.52	-0.10	-0.019	-0.039	-0.038	0.000	-0.000	0.000	0.1200	-0.1200	-0.1200	0.0000	0.0000	0.0000	0	1.00	0.2624	0.2264	-0.4830	1.390	0
164776	21.354	-0.697	-22.417	-0.53	-0.38	-0.30	-0.034	-0.032	-0.026	0.000	-0.000	-0.000	0.1200	-0.1200	-0.1200	0.0000	0.0000	0.0000	0	1.00	0.2624	0.2264	-0.4830	1.390	0
164784	21.352	-0.699	-22.417	-0.50	-0.33	-0.60	-0.022	-0.012	-0.017	0.000	-0.000	-0.000	0.1200	-0.1200	-0.1200	0.0000	0.0000	0.0000	0	1.00	0.2624	0.2264	-0.4830	1.390	0
164792	21.346	-0.703	-22.413	-0.46	-0.18	-0.36	-0.040	-0.032	-0.007	0.000	-0.000	-0.000	0.1200	-0.1200	-0.1200	0.0000	0.0000	0.0000	0	1.00	0.2624	0.2264	-0.4830	1.390	0
164800	21.340	-0.708	-22.412	-0.38	0.00	-0.52	-0.024	0.019	0.012	0.000	-0.000	-0.000	0.1200	-0.1200	-0.1200	0.0000	0.0000	0.0000	0	1.00	0.2624	0.2264	-0.4830	1.390	0
164808	21.339	-0.709	-22.411	-0.27	0.02	-0.33	-0.013	0.002	0.017	0.000	-0.000	-0.000	0.1200	-0.1200	-0.1200	0.0000	0.0000	0.0000	0	1.00	0.2624	0.2264	-0.4830	1.390	0
164816	21.337	-0.713	-22.414	-0.22	0.02	-0.07	0.000	0.013	0.031	0.000	-0.000	-0.000	0.1200	-0.1200	-0.1200	0.0000	0.0000	0.0000	0	1.00	0.2624	0.2264	-0.4830	1.390	0
164824	21.341	-0.715	-22.420	-0.41	-0.08	-0.52	0.010	0.030	0.024	0.000	-0.000	0.000	0.1200	-0.1200	-0.1200	0.0000	0.0000	0.0000	0	1.00	0.2624	0.2264	-0.4830	1.390	0
164832	21.350	-0.712	-22.425	-0.39	0.30	-0.40	0.007	0.053	0.024	0.000	-0.000	0.000	0.1200	-0.1200	-0.1200	0.0000	0.0000	0.0000	0	1.00	0.2624	0.2264	-0.4830	1.390	0
164840	21.352	-0.711	-22.427	-0.51	0.08	-0.27	0.028	0.023	0.040	0.000	-0.000	0.000	0.1200	-0.1200	-0.1200	0.0000	0.0000	0.0000	0	1.00	0.2624	0.2264	-0.4830	1.390	0
164848	21.356	-0.707	-22.427	-0.33	0.52	-0.35	0.044	-0.014	0.018	0.000	-0.000	0.000	0.1200	-0.1200	-0.1200	0.0000	0.0000	0.0000	0	1.00	0.2624	0.2264	-0.4830	1.390	0
164856	21.357	-0.705	-22.426	-0.15	0.02	-0.25	0.033	0.008	0.001	0.000	-0.000	0.000	0.1200	-0.1200	-0.1200	0.0000	0.0000	0.0000	0	1.00	0.2624	0.2264	-0.4830	1.390	0
164864	21.353	-0.707	-22.424	-0.27	0.43	-0.01	0.034	-0.034	-0.009	0.000	-0.000	0.000	0.1200	-0.1200	-0.1200	0.0000	0.0000	0.0000	0	1.00	0.2624	0.2264	-0.4830	1.390	0
164872	21.347	-0.705	-22.417	-0.48	-0.17	-0.26	0.023	-0.020	-0.034	0.000	-0.000	0.000	0.1200	-0.1200	-0.1200	0.0000	0.0000	0.0000	0	1.00	0.2624	0.2264	-0.4830	1.390	0
164879	21.346	-0.700	-22.411	-0.43	0.07	-0.54	-0.009	-0.003	-0.036	0.000	-0.000	0.000	0.1200	-0.1200	-0.1200	0.0000	0.0000	0.0000	0	1.00	0.2624	0.2264	-0.4830	1.390	0
164887	21.342	-0.698	-22.406	-0.51	-0.07	-0.42	-0.019	-0.021	-0.031	0.000	-0.000	0.000	0.1200	-0.1200	-0.1200	0.0000	0.0000	0.0000	0	1.00	0.2624	0.2264	-0.4830	1.390	0
164896	21.337	-0.702	-22.404	-0.36	-0.19	-0.45	-0.017	-0.007	-0.035	0.000	-0.000	-0.000	0.1200	-0.1200	-0.1200	0.0000	0.0000	0.0000	0	1.00	0.2624	0.2264	-0.4830	1.390	0
164904	21.337	-0.701	-22.403	-0.55	-0.24	-0.33	-0.017	-0.008	-0.034	0.000	-0.000	-0.000	0.1200	-0.1200	-0.1200	0.0000	0.0000	0.0000	0	1.00	0.2624	0.2264	-0.4830	1.390	0
164912	21.332	-0.703	-22.400	-0.29	-0.25	-0.25	-0.019	0.030	-0.025	0.000	-0.000	-0.000	0.1200	-0.1200	-0.1200	0.0000	0.0000	0.0000	0	1.00	0.2624	0.2264	-0.4830	1.390	0
164920	21.338	-0.703	-22.405	-0.55	-0.32	-0.24	-0.005	-0.014	0.003	0.000	-0.000	-0.000	0.1200	-0.1200	-0.1200	0.0000	0.0000	0.0000	0	1.00	0.2624	0.2264	-0.4830	1.390	0
164928	21.341	-0.700	-22.406	-0.12	-0.05	-0.41	-0.000	0.001	0.004	0.000	-0.000	-0.000	0.1200	-0.1200	-0.1200	0.0000	0.0000	0.0000	0	1.00	0.2624	0.2264	-0.4830	1.390	0
164936	21.338	-0.701	-22.404	-0.54	0.05	-0.30	0.013	-0.011	0.026	0.000	-0.000	-0.000	0.1200	-0.1200	-0.1200	0.0000	0.0000	0.0000	0	1.00	0.2624	0.2264	-0.4830	1.390	0
164944	21.338	-0.703	-22.406	-0.37	0.20	-0.41	0.020	-0.005	0.028	0.000	-0.000	-0.000	0.1200	-0.1200	-0.1200	0.0000	0.0000	0.0000	0	1.00	0.2624	0.2264	-0.4830	1.390	0
164952	21.345	-0.696	-22.407	-0.12	0.19	-0.34	0.024	0.007	0.032	0.000	-0.000	0.000	0.1200	-0.1200	-0.1200	0.0000	0.0000	0.0000	0	1.00	0.2624	0.2264	-0.4830	1.390	0
164959	21.346	-0.699	-22.410	-0.10	0.24	-0.20	0.017	-0.008	0.035	0.000	-0.000	0.000	0.1200	-0.1200	-0.1200	0.0000	0.0000	0.0000	0	1.00	0.2624	0.2264	-0.4830	1.390	0
164967	21.347	-0.695	-22.407	-0.64	0.19	-0.34	0.013	0.010	0.034	0.000	-0.000	0.000	0.1200	-0.1200	-0.1200	0.0000	0.0000	0.0000	0	1.00	0.2624	0.2264	-0.4830	1.390	0
164976	21.349	-0.686	-22.402	-0.25	0.45	-0.25	-0.009	-0.022	0.018	0.000	-0.000	0.000	0.1200	-0.1200	-0.1200	0.0000	0.0000	0.0000	0	1.00	0.2624	0.2264	-0.4830	1.390	0
164984	21.351	-0.682	-22.399	-0.45	0.48	-0.40	-0.022	-0.052	0.000	0.000	-0.000	0.000	0.1200	-0.1200	-0.1200	0.0000	0.0000	0.0000	0	1.00	0.2624	0.2264	-0.4830	1.390	0
164991	21.349	-0.685	-22.400	-0.36	0.07	-0.71	-0.017	0.004	0.000	0.000	-0.000	0.000	0.1200	-0.1200	-0.1200	0.0000	0.0000	0.0000	0	1.00	0.2624	0.2264	-0.4830	1.390	0
164999	21.350	-0.680	-22.397	-0.37	0.18	-0.08	-0.034	-0.003	-0.018	0.000	-0.000	0.000	0.1200	-0.1200	-0.1200	0.0000	0.0000	0.0000	0	1.00	0.2624	0.2264	-0.4830	1.390	0
165007	21.346	-0.682	-22.394	-0.44	-0.13	-0.22	-0.022	-0.018	-0.025	0.000	-0.000	0.000	0.1200	-0.1200	-0.1200	0.0000	0.0000	0.0000	0	1.00	0.2624	0.2264	-0.4830	1.390	0
165016	21.344	-0.685	-22.395	-0.46	-0.27	-0.27	-0.036	0.025	-0.022	0.000	-0.000	0.000	0.1200	-0.1200	-0.1200	0.0000	0.0000	0.0000	0	1.00	0.2624	0.2264	-0.4830	1.390	0
165023	21.345	-0.680	-22.391	-0.38	0.09	-0.61	-0.015	-0.001	-0.020	0.000	-0.000	0.000	0.1200	-0.1200	-0.1200	0.0000	0.0000	0.0000	0	1.00	0.2624	0.2264	-0.4830	1.390	0
165031	21.345	-0.676	-22.388	-0.26	0.09	-0.52	0.000	0.032	-0.019	0.000	-0.000	-0.000	0.1200	-0.1200	-0.1200	0.0000	0.0000	0.0000	0	1.00	0.2624	0.2264	-0.4830	1.390	0
165039	21.341	-0.680	-22.387	-0.29	-0.07	-0.43	0.006	0.007	-0.009	0.000	-0.000	-0.000	0.1200	-0.1200	-0.1200	0.0000	0.0000	0.0000	0	1.00	0.2624	0.2264	-0.4830	1.390	0
165047	21.343	-0.676	-22.387	-0.49	0.03	-0.76	0.009	0.005	-0.014	0.000	-0.000	-0.000	0.1200	-0.1200	-0.1200	0.0000	0.0000	0.0000	0	1.00	0.2624	0.2264	-0.4830	1.390	0
165055	21.341	-0.680	-22.388	-0.44	0.22	-0.57	0.013	-0.012	0.007	0.000	-0.000	-0.000	0.1200	-0.1200	-0.1200	0.0000	0.0000	0.0000	0	1.00	0.2624	0.2264	-0.4830	1.390	0
165063	21.345	-0.684	-22.396	-0.18	-0.01	-0.71	0.034	-0.024	0.002	0.000	-0.000	-0.000	0.1200	-0.1200	-0.1200	0.0000	0.0000	0.0000	0	1.00	0.2624	0.2264	-0.4830	1.390	0
165071	21.350	-0.681	-22.397	-0.73	0.22	-0.39	0.020	-0.006	0.005	0.000	-0.000	-0.000	0.1200	-0.1200	-0.1200	0.0000	0.0000	0.0000	0	1.00	0.2624	0.2264	-0.4830	1.390	0
165079	21.351	-0.676	-22.394	-0.36	0.19	-0.51	0.025	-0.008	0.007	0.000	-0.000	-0.000	0.1200	-0.1200	-0.1200	0.0000	0.0000	0.0000	0	1.00	0.2624	0.2264	-0.4830	1.390	0
165087	21.348	-0.676	-22.391	-0.59	0.28	-0.16	0.020	-0.000	0.006	0.000	-0.000	0.000	0.1200	-0.1200	-0.1200	0.0000	0.0000	0.0000	0	1.00	0.2624	0.2264	-0.4830	1.390	0
165095	21.342	-0.684	-22.392	-0.55	-0.15	-0.41	-0.001	-0.001	0.017	0.000	-0.000	0.000	0.1200	-0.1200	-0.1200	0.0000	0.0000	0.0000	0	1.00	0.2624	0.2264	-0.4830	1.390	0
165103	21.335	-0.688	-22.389	-0.38	-0.21	-0.31	-0.003	-0.026	0.012	0.000	-0.000	0.000	0.1200	-0.1200	-0.1200	0.0000	0.0000	0.0000	0	1.00	0.2624	0.2264	-0.4830	1.390	0
165111	21.335	-0.693	-22.394	-0.29	-0.16	-0.34	-0.013	0.018	0.003	0.000	-0.000	0.000	0.1200	-0.1200	-0.1200	0.0000	0.0000	0.0000	0	1.00	0.2624	0.2264	-0.4830	1.390	0
165119	21.336	-0.695	-22.396	-0.33	-0.24	-0.33	-0.013	0.026	0.017	0.000	-0.000	0.000	0.1200	-0.1200	-0.1200	0.0000	0.0000	0.0000	0	1.00	0.2624	0.2264	-0.4830	1.390	0
165127	21.338	-0.688	-22.392	-0.27	0.11	-0.42	-0.033	0.014	0.016	0.000	-0.000	0.000	0.1200	-0.1200	-0.1200	0.0000	0.0000	0.0000	0	1.00	0.2624	0.2264	-0.4830	1.390	0
165135	21.340	-0.691	-22.396	-0.30	0.31	-0.38	-0.019	0.023	-0.006	0.000	-0.000	0.000	0.1200	-0.1200	-0.1200	0.0000	0.0000	0.0000	0	1.00	0.2624	0.2264	-0.4830	1.390	0
165143	21.337	-0.687	-22.390	-0.57	0.43	-0.44	-0.012	0.019	-0.025	0.000	-0.000	0.000	0.1200	-0.1200	-0.1200	0.0000	0.0000	0.0000	0	1.00	0.2624	0.2264	-0.4830	1.390	0
165151	21.346	-0.683	-22.395	0.32	0.22	-0.39	-0.003	0.006	-0.031	0.000	-0.000	0.000	0.1200	-0.1200	-0.1200	0.0000	0.0000	0.0000	0	1.00	0.2624	0.2264	-0.4830	1.390	0
165159	21.344	-0.689	-22.399	-0.27	0.32	-0.63	-0.003	0.033	-0.038	0.000	-0.000	-0.000	0.1200	-0.1200	-0.1200	0.0000	0.0000	0.0000	0	1.00	0.2624	0.2264	-0.4830	1.390	0
165167	21.337	-0.687	-22.390	-0.66	0.20	-0.23	0.009	0.020	-0.043	0.000	-0.000	-0.000	0.1200	-0.1200	-0.1200	0.0000	0.0000	0.0000	0	1.00	0.2624	0.2264	-0.4830	1.390	0
165175	21.337	-0.687	-22.390	-0.45	0.17	-0.09	0.011	0.020	-0.029	0.000	-0.000	-0.000	0.1200	-0.1200	-0.1200	0.0000	0.0000	0.0000	0	1.00	0.2624	0.2264	-0.4830	1.390	0
165183	21.349	-0.682	-22.397	-0.13	0.14	-0.91	0.018	0.013	-0.008	0.000	-0.000	-0.000	0.1200	-0.1200	-0.1200	0.0000	0.0000	0.0000	0	1.00	0.2624	0.2264	-0.4830	1.390	0
165191	21.352	-0.680	-22.399	0.04	-0.02	-0.71	0.016	0.012	0.010	0.000	-0.000	-0.000	0.1200	-0.1200	-0.1200	0.0000	0.0000	0.0000	0	1.00	0.2624	0.2264	-0.4830	1.390	0
165199	21.351	-0.683	-22.401	-0.56	-0.15	0.02	0.015	0.025	-0.016	0.000	-0.000	-0.000	0.1200	-0.1200	-0.1200	0.0000	0.0000	0.0000	0	1.00	0.2624	0.2264	-0.4830	1.390	0
165207	21.355	-0.685	-22.406	-0.61	-0.69	-0.44	0.027	0.001	0.006	0.000	-0.000	-0.000	0.1200	-0.1200	-0.1200	0.0000	0.0000	0.0000	0	1.00	0.2624	0.2264	-0.4830	1.390	0
165215	21.366	-0.675	-22.408	-0.12	0.08	-0.54	0.005	0.009	0.042	0.000	-0.000	-0.000	0.1200	-0.1200	-0.1200	0.0000	0.0000	0.0000	0	1.00	0.2624	0.2264	-0.4830	1.390	0
165222	21.361	-0.675	-22.402	-0.22	0.08	-0.44	0.002	0.005	0.053	0.000	-0.000	0.000	0.1200	-0.1200	-0.1200	0.0000	0.0000	0.0000	0	1.00	0.2624	0.2264	-0.4830	1.390	0
165230	21.355	-0.676	-22.398	-0.66	0.09	-0.43	-0.010	-0.017	0.053	0.000	-0.000	0.000	0.1200	-0.1200	-0.1200	0.0000	0.0000	0.0000	0	1.00	0.2624	0.2264	-0.4830	1.390	0
165239	21.349	-0.678	-22.394	-0.59	0.20	-0.41	-0.002	-0.041	0.028	0.000	-0.000	0.000	0.1200	-0.1200	-0.1200	0.0000	0.0000	0.0000	0	1.00	0.2624	0.2264	-0.4830	1.390	0
165246	21.345	-0.681	-22.393	-0.11	0.14	-0.72	-0.029	-0.027	0.034	0.000	-0.000	0.000	0.1200	-0.1200	-0.1200	0.0000	0.0000	0.0000	0	1.00	0.2624	0.2264	-0.4830	1.390	0
165254	21.344	-0.682	-22.393	-0.27	-0.35	-0.70	-0.022	-0.028	0.010	0.000	-0.000	0.000	0.1200	-0.1200	-0.1200	0.0000	0.0000	0.0000	0	1.00	0.2624	0.2264	-0.4830	1.390	0
165262	21.343	-0.677	-22.387	-0.32	-0.13	-0.13	-0.021	0.005	-0.030	0.000	-0.000	0.000	0.1200	-0.1200	-0.1200	0.0000	0.0000	0.0000	0	1.00	0.2624	0.2264	-0.4830	1.390	0
165270	21.344	-0.681	-22.392	-0.34	-0.18	-0.27	-0.009	0.007	-0.051	0.000	-0.000	0.000	0.1200	-0.1200	-0.1200	0.0000	0.0000	0.0000	0	1.00	0.2624	0.2264	-0.4830	1.390	0
165279	21.350	-0.685	-22.402	-0.30	-0.27	-0.54	0.006	-0.009	-0.065	0.000	-0.000	0.000	0.1200	-0.1200	-0.1200	0.0000	0.0000	0.0000	0	1.00	0.2624	0.2264	-0.4830	1.390	0
165286	21.355	-0.683	-22.405	-0.26	-0.24	-0.50	0.002	0.014	-0.080	0.000	-0.000	-0.000	0.1200	-0.1200	-0.1200	0.0000	0.0000	0.0000	0	1.00	0.2624	0.2264	-0.4830	1.390	0
165294	21.356	-0.689	-22.410	-0.36	-0.16	-0.17	0.021	0.037	-0.064	0.000	-0.000	-0.000	0.1200	-0.1200	-0.1200	0.0000	0.0000	0.0000	0	1.00	0.2624	0.2264	-0.4830	1.390	0
165302	21.356	-0.692	-22.413	-0.41	-0.09	-0.19	0.016	0.044	-0.047	0.000	-0.000	-0.000	0.1200	-0.1200	-0.1200	0.0000	0.0000	0.0000	0	1.00	0.2624	0.2264	-0.4830	1.390	0
165310	21.361	-0.689	-22.416	-0.19	0.29	-0.15	0.024	0.014	-0.025	0.000	-0.000	-0.000	0.1200	-0.1200	-0.1200	0.0000	0.0000	0.0000	0	1.00	0.2624	0.2264	-0.4830	1.390	0
165318	21.360	-0.685	-22.412	-0.32	0.42	-0.37	0.006	0.034	0.019	0.000	-0.000	-0.000	0.1200	-0.1200	-0.1200	0.0000	0.0000	0.0000	0	1.00	0.2624	0.2264	-0.4830	1.390	0
165326	21.360	-0.681	-22.407	-0.54	0.44	-0.69	0.017	0.020	0.049	0.000	-0.000	-0.000	0.1200	-0.1200	-0.1200	0.0000	0.0000	0.0000	0	1.00	0.2624	0.2264	-0.4830	1.390	0
165334	21.356	-0.677	-22.400	-0.58	0.47	-0.05	-0.002	0.016	0.058	0.000	0.000	-0.000	0.1200	-0.1200	-0.1200	0.0000	0.0000	0.0000	0	1.00	0.2624	0.2264	-0.4830	1.390	0
165342	21.351	-0.684	-22.401	-0.39	0.06	-0.46	-0.023	-0.043	0.065	0.000	-0.000	-0.000	0.1200	-0.1200	-0.1200	0.0000	0.0000	0.0000	0	1.00	0.2624	0.2264	-0.4830	1.390	0
165350	21.348	-0.686	-22.400	-0.26	-0.08	-0.35	-0.039	-0.030	0.068	0.000	-0.000	0.000	0.1200	-0.1200	-0.1200	0.0000	0.0000	0.0000	0	1.00	0.2624	0.2264	-0.4830	1.390	0
165358	21.344	-0.689	-22.399	-0.14	-0.04	-0.30	-0.033	0.012	0.066	0.000	-0.000	0.000	0.1200	-0.1200	-0.1200	0.0000	0.0000	0.0000	0	1.00	0.2624	0.2264	-0.4830	1.390	0
165366	21.344	-0.691	-22.401	-0.19	-0.14	-0.15	-0.047	-0.008	0.035	0.000	-0.000	0.000	0.1200	-0.1200	-0.1200	0.0000	0.0000	0.0000	0	1.00	0.2624	0.2264	-0.4830	1.390	0
165375	21.347	-0.689	-22.402	-0.21	-0.35	-0.44	-0.039	-0.043	0.030	0.000	-0.000	0.000	0.1200	-0.1200	-0.1200	0.0000	0.0000	0.0000	0	1.00	0.2624	0.2264	-0.4830	1.390	0
165382	21.350	-0.685	-22.401	-0.43	-0.15	-0.33	-0.012	-0.036	-0.005	0.000	-0.000	0.000	0.1200	-0.1200	-0.1200	0.0000	0.0000	0.0000	0	1.00	0.2624	0.2264	-0.4830	1.390	0
165390	21.351	-0.685	-22.403	-0.14	-0.21	-0.13	-0.012	-0.005	-0.026	-0.000	-0.000	0.000	0.1200	-0.1200	-0.1200	0.0000	0.0000	0.0000	0	1.00	0.2624	0.2264	-0.4830	1.390	0
165398	21.356	-0.679	-22.402	-0.11	-0.20	-0.38	0.012	0.016	-0.042	0.000	-0.000	0.000	0.1200	-0.1200	-0.1200	0.0000	0.0000	0.0000	0	1.00	0.2624	0.2264	-0.4830	1.390	0
165406	21.358	-0.674	-22.399	-0.17	-0.00	-0.10	0.039	-0.001	-0.049	0.000	-0.000	0.000	0.1200	-0.1200	-0.1200	0.0000	0.0000	0.0000	0	1.00	0.2624	0.2264	-0.4830	1.390	0
165414	21.364	-0.673	-22.404	-0.20	0.31	-0.48	0.046	0.004	-0.041	0.000	-0.000	0.000	0.1200	-0.1200	-0.1200	0.0000	0.0000	0.0000	0	1.00	0.2624	0.2264	-0.4830	1.390	0
165422	21.368	-0.673	-22.408	-0.38	0.00	-0.52	0.061	0.050	-0.043	0.000	-0.000	-0.000	0.1200	-0.1200	-0.1200	0.0000	0.0000	0.0000	0	1.00	0.2624	0.2264	-0.4830	1.390	0
165430	21.369	-0.675	-22.411	-0.59	0.21	-0.41	0.052	0.042	-0.039	0.000	-0.000	-0.000	0.1200	-0.1200	-0.1200	0.0000	0.0000	0.0000	0	1.00	0.2624	0.2264	-0.4830	1.390	0
165438	21.369	-0.678	-22.414	-0.41	-0.42	-0.17	0.030	0.038	-0.016	0.000	-0.000	-0.000	0.1200	-0.1200	-0.1200	0.0000	0.0000	0.0000	0	1.00	0.2624	0.2264	-0.4830	1.390	0
165446	21.368	-0.681	-22.415	-0.46	-0.22	-0.32	0.009	-0.010	-0.004	0.000	-0.000	-0.000	0.1200	-0.1200	-0.1200	0.0000	0.0000	0.0000	0	1.00	0.2624	0.2264	-0.4830	1.390	0
165454	21.367	-0.684	-22.417	-0.22	-0.26	-0.10	-0.027	0.018	0.016	0.000	0.000	-0.000	0.1200	-0.1200	-0.1200	0.0000	0.0000	0.0000	0	1.00	0.2624	0.2264	-0.4830	1.390	0
165462	21.362	-0.690	-22.418	-0.50	-0.35	-0.27	-0.043	0.006	0.034	0.000	0.000	-0.000	0.1200	-0.1200	-0.1200	0.0000	0.0000	0.0000	0	1.00	0.2624	0.2264	-0.4830	1.390	0
165470	21.355	-0.696	-22.416	-0.82	-0.42	-0.08	-0.051	-0.033	0.052	0.000	-0.000	-0.000	0.1200	-0.1200	-0.1200	0.0000	0.0000	0.0000	0	1.00	0.2624	0.2264	-0.4830	1.390	0
165478	21.352	-0.699	-22.416	-0.77	-0.02	-0.54	-0.067	-0.009	0.041	0.000	-0.000	0.000	0.1200	-0.1200	-0.1200	0.0000	0.0000	0.0000	0	1.00	0.2624	0.2264	-0.4830	1.390	0
165486	21.350	-0.705	-22.419	-0.02	-0.15	-0.41	-0.068	-0.055	0.047	0.000	-0.000	0.000	0.1200	-0.1200	-0.1200	0.0000	0.0000	0.0000	0	1.00	0.2624	0.2264	-0.4830	1.390	0
165494	21.349	-0.701	-22.414	0.20	-0.15	-0.42	-0.053	-0.044	0.022	-0.000	-0.000	0.000	0.1200	-0.1200	-0.1200	0.0000	0.0000	0.0000	0	1.00	0.2624	0.2264	-0.4830	1.390	0
165502	21.353	-0.695	-22.414	-0.73	0.22	-0.39	-0.033	-0.001	0.010	-0.000	-0.000	0.000	0.1200	-0.1200	-0.1200	0.0000	0.0000	0.0000	0	1.00	0.2624	0.2264	-0.4830	1.390	0
165510	21.359	-0.692	-22.417	-0.34	0.24	-0.38	0.005	0.009	-0.000	-0.000	-0.000	0.000	0.1200	-0.1200	-0.1200	0.0000	0.0000	0.0000	0	1.00	0.2624	0.2264	-0.4830	1.390	0
165518	21.365	-0.690	-22.421	-0.49	0.28	-0.59	0.013	-0.003	-0.016	-0.000	-0.000	0.000	0.1200	-0.1200	-0.1200	0.0000	0.0000	0.0000	0	1.00	0.2624	0.2264	-0.4830	1.390	0
165526	21.364	-0.690	-22.419	-0.28	0.19	-0.07	0.055	0.055	-0.024	-0.000	-0.000	0.000	0.1200	-0.1200	-0.1200	0.0000	0.0000	0.0000	0	1.00	0.2624	0.2264	-0.4830	1.390	0
165534	21.361	-0.691	-22.418	-0.44	0.20	-0.24	0.069	0.031	-0.047	0.000	-0.000	0.000	0.1200	-0.1200	-0.1200	0.0000	0.0000	0.0000	0	1.00	0.2624	0.2264	-0.4830	1.390	0
165542	21.361	-0.692	-22.418	-0.39	0.06	-0.47	0.066	0.036	-0.045	0.000	0.000	-0.000	0.1200	-0.1200	-0.1200	0.0000	0.0000	0.0000	0	1.00	0.2624	0.2264	-0.4830	1.390	0
165550	21.359	-0.691	-22.416	-0.20	-0.41	-0.50	0.073	0.039	-0.023	0.000	0.000	-0.000	0.1200	-0.1200	-0.1200	0.0000	0.0000	0.0000	0	1.00	0.2624	0.2264	-0.4830	1.390	0
165558	21.353	-0.689	-22.407	-0.56	-0.19	0.06	0.050	0.018	-0.014	0.000	0.000	-0.000	0.1200	-0.1200	-0.1200	0.0000	0.0000	0.0000	0	1.00	0.2624	0.2264	-0.4830	1.390	0
165566	21.355	-0.685	-22.406	-0.34	-0.05	-0.40	0.032	0.034	0.004	0.000	0.000	-0.000	0.1200	-0.1200	-0.1200	0.0000	0.0000	0.0000	0	1.00	0.2624	0.2264	-0.4830	1.390	0
165573	21.351	-0.690	-22.406	-0.35	-0.29	-0.47	0.008	0.021	0.028	0.000	0.000	-0.000	0.1200	-0.1200	-0.1200	0.0000	0.0000	0.0000	0	1.00	0.2624	0.2264	-0.4830	1.390	0
165581	21.349	-0.689	-22.404	-0.22	-0.00	-0.36	-0.018	-0.062	0.038	0.000	0.000	0.000	0.1200	-0.1200	-0.1200	0.0000	0.0000	0.0000	0	1.00	0.2624	0.2264	-0.4830	1.390	0
165589	21.349	-0.690	-22.405	-0.49	-0.06	-0.24	-0.022	-0.033	0.040	0.000	0.000	0.000	0.1200	-0.1200	-0.1200	0.0000	0.0000	0.0000	0	1.00	0.2624	0.2264	-0.4830	1.390	0
165597	21.351	-0.689	-22.406	-0.09	0.07	-0.46	-0.037	-0.009	0.034	0.000	-0.000	0.000	0.1200	-0.1200	-0.1200	0.0000	0.0000	0.0000	0	1.00	0.2624	0.2264	-0.4830	1.390	0
165605	21.350	-0.689	-22.405	-0.39	0.19	-0.59	-0.045	-0.026	0.030	0.000	-0.000	0.000	0.1200	-0.1200	-0.1200	0.0000	0.0000	0.0000	0	1.00	0.2624	0.2264	-0.4830	1.390	0
165613	21.357	-0.679	-22.403	-0.46	0.15	-0.38	-0.040	-0.006	0.033	0.000	-0.000	0.000	0.1200	-0.1200	-0.1200	0.0000	0.0000	0.0000	0	1.00	0.2624	0.2264	-0.4830	1.390	0
165621	21.361	-0.671	-22.400	-0.32	0.46	-0.41	-0.026	-0.016	0.008	0.000	-0.000	0.000	0.1200	-0.1200	-0.1200	0.0000	0.0000	0.0000	0	1.00	0.2624	0.2264	-0.4830	1.390	0
165629	21.364	-0.671	-22.402	-0.17	0.21	-0.31	-0.024	0.050	-0.015	0.000	-0.000	0.000	0.1200	-0.1200	-0.1200	0.0000	0.0000	0.0000	0	1.00	0.2624	0.2264	-0.4830	1.390	0
165637	21.368	-0.667	-22.403	-0.22	-0.09	-0.27	-0.004	-0.003	-0.031	0.000	-0.000	0.000	0.1200	-0.1200	-0.1200	0.0000	0.0000	0.0000	0	1.00	0.2624	0.2264	-0.4830	1.390	0
165645	21.370	-0.664	-22.402	-0.26	0.07	-0.81	0.005	-0.013	-0.036	0.000	-0.000	0.000	0.1200	-0.1200	-0.1200	0.0000	0.0000	0.0000	0	1.00	0.2624	0.2264	-0.4830	1.390	0
165653	21.370	-0.661	-22.400	-0.24	0.15	-0.38	0.019	0.001	-0.067	0.000	-0.000	0.000	0.1200	-0.1200	-0.1200	0.0000	0.0000	0.0000	0	1.00	0.2624	0.2264	-0.4830	1.390	0
165661	21.373	-0.654	-22.396	-0.32	-0.08	-0.18	0.031	0.041	-0.060	0.000	0.000	-0.000	0.1200	-0.1200	-0.1200	0.0000	0.0000	0.0000	0	1.00	0.2624	0.2264	-0.4830	1.390	0
165669	21.372	-0.656	-22.397	-0.11	-0.28	-0.29	0.026	0.040	-0.048	0.000	0.000	-0.000	0.1200	-0.1200	-0.1200	0.0000	0.0000	0.0000	0	1.00	0.2624	0.2264	-0.4830	1.390	0
165677	21.369	-0.658	-22.396	-0.14	-0.15	-0.50	0.031	-0.025	-0.045	0.000	0.000	-0.000	0.1200	-0.1200	-0.1200	0.0000	0.0000	0.0000	0	1.00	0.2624	0.2264	-0.4830	1.390	0
165685	21.369	-0.658	-22.396	-0.38	-0.04	-0.48	0.004	-0.030	-0.023	0.000	-0.000	-0.000	0.1200	-0.1200	-0.1200	0.0000	0.0000	0.0000	0	1.00	0.2624	0.2264	-0.4830	1.390	0
165693	21.372	-0.656	-22.396	-0.40	-0.09	-0.62	0.002	-0.059	0.011	0.000	-0.000	-0.000	0.1200	-0.1200	-0.1200	0.0000	0.0000	0.0000	0	1.00	0.2624	0.2264	-0.4830	1.390	0
165701	21.372	-0.655	-22.396	-0.66	0.29	-0.32	0.001	-0.054	0.041	0.000	-0.000	-0.000	0.1200	-0.1200	-0.1200	0.0000	0.0000	0.0000	0	1.00	0.2624	0.2264	-0.4830	1.390	0
165709	21.370	-0.654	-22.393	-0.32	0.22	-0.48	-0.012	-0.048	0.071	0.000	-0.000	-0.000	0.1200	-0.1200	-0.1200	0.0000	0.0000	0.0000	0	1.00	0.2624	0.2264	-0.4830	1.390	0
165717	21.371	-0.652	-22.393	-0.63	-0.04	-0.23	-0.033	-0.026	0.071	0.000	-0.000	0.000	0.1200	-0.1200	-0.1200	0.0000	0.0000	0.0000	0	1.00	0.2624	0.2264	-0.4830	1.390	0
165725	21.370	-0.656	-22.395	-0.65	-0.16	-0.61	-0.029	-0.015	0.077	0.000	-0.000	0.000	0.1200	-0.1200	-0.1200	0.0000	0.0000	0.0000	0	1.00	0.2624	0.2264	-0.4830	1.390	0
165733	21.369	-0.655	-22.393	-0.65	-0.59	-0.61	-0.034	0.066	0.053	0.000	-0.000	0.000	0.1200	-0.1200	-0.1200	0.0000	0.0000	0.0000	0	1.00	0.2624	0.2264	-0.4830	1.390	0
165741	21.373	-0.651	-22.394	-0.42	-0.77	-0.87	-0.015	0.069	0.046	0.000	-0.000	0.000	0.1200	-0.1200	-0.1200	0.0000	0.0000	0.0000	0	1.00	0.2624	0.2264	-0.4830	1.390	0
165749	21.372	-0.658	-22.399	-0.40	-0.72	-0.30	-0.007	0.040	0.013	0.000	-0.000	0.000	0.1200	-0.1200	-0.1200	0.0000	0.0000	0.0000	0	1.00	0.2624	0.2264	-0.4830	1.390	0
165757	21.369	-0.664	-22.402	-0.23	-0.70	-0.28	0.015	0.030	-0.018	0.000	-0.000	0.000	0.1200	-0.1200	-0.1200	0.0000	0.0000	0.0000	0	1.00	0.2624	0.2264	-0.4830	1.390	0
165765	21.368	-0.668	-22.403	-0.20	-0.66	-0.24	0.013	-0.013	-0.045	0.000	-0.000	0.000	0.1200	-0.1200	-0.1200	0.0000	0.0000	0.0000	0	1.00	0.2624	0.2264	-0.4830	1.390	0
165773	21.367	-0.672	-22.406	-0.21	-0.32	-0.16	0.025	0.023	-0.061	0.000	-0.000	0.000	0.1200	-0.1200	-0.1200	0.0000	0.0000	0.0000	0	1.00	0.2624	0.2264	-0.4830	1.390	0
165781	21.365	-0.675	-22.408	-0.57	-0.15	-0.60	0.024	-0.036	-0.070	0.000	-0.000	0.000	0.1200	-0.1200	-0.1200	0.0000	0.0000	0.0000	0	1.00	0.2624	0.2264	-0.4830	1.390	0
165789	21.362	-0.676	-22.406	-0.36	-0.03	-0.30	0.030	-0.063	-0.074	0.000	-0.000	-0.000	0.1200	-0.1200	-0.1200	0.0000	0.0000	0.0000	0	1.00	0.2624	0.2264	-0.4830	1.390	0
165797	21.356	-0.682	-22.405	-0.34	-0.13	-0.32	0.032	-0.014	-0.062	0.000	-0.000	-0.000	0.1200	-0.1200	-0.1200	0.0000	0.0000	0.0000	0	1.00	0.2624	0.2264	-0.4830	1.390	0
165805	21.355	-0.684	-22.405	-0.18	-0.53	-0.19	0.014	-0.006	-0.044	0.000	-0.000	-0.000	0.1200	-0.1200	-0.1200	0.0000	0.0000	0.0000	0	1.00	0.2624	0.2264	-0.4830	1.390	0
165813	21.354	-0.688	-22.408	-0.18	-0.31	-0.41	0.001	0.014	-0.015	0.000	-0.000	-0.000	0.1200	-0.1200	-0.1200	0.0000	0.0000	0.0000	0	1.00	0.2624	0.2264	-0.4830	1.390	0
165821	21.357	-0.689	-22.412	-0.26	-0.08	-0.35	-0.019	-0.022	0.019	0.000	-0.000	-0.000	0.1200	-0.1200	-0.1200	0.0000	0.0000	0.0000	0	1.00	0.2624	0.2264	-0.4830	1.390	0
165829	21.362	-0.687	-22.415	-0.04	-0.13	-0.31	-0.031	0.013	0.052	0.000	-0.000	-0.000	0.1200	-0.1200	-0.1200	0.0000	0.0000	0.0000	0	1.00	0.2624	0.2264	-0.4830	1.390	0
165837	21.362	-0.691	-22.419	-0.50	-0.54	-0.38	-0.045	0.048	0.081	0.000	-0.000	-0.000	0.1200	-0.1200	-0.1200	0.0000	0.0000	0.0000	0	1.00	0.2624	0.2264	-0.4830	1.390	0
165845	21.362	-0.695	-22.423	-0.31	-0.25	-0.44	-0.027	0.023	0.076	0.000	-0.000	0.000	0.1200	-0.1200	-0.1200	0.0000	0.0000	0.0000	0	1.00	0.2624	0.2264	-0.4830	1.390	0
165853	21.359	-0.699	-22.423	-0.32	-0.21	-0.05	-0.030	0.027	0.075	0.000	-0.000	0.000	0.1200	-0.1200	-0.1200	0.0000	0.0000	0.0000	0	1.00	0.2624	0.2264	-0.4830	1.390	0
165860	21.361	-0.700	-22.426	-0.48	-0.32	-0.42	-0.015	0.027	0.061	0.000	-0.000	0.000	0.1200	-0.1200	-0.1200	0.0000	0.0000	0.0000	0	1.00	0.2624	0.2264	-0.4830	1.390	0
165869	21.361	-0.700	-22.426	-0.30	-0.36	-0.45	-0.003	0.051	0.038	0.000	-0.000	0.000	0.1200	-0.1200	-0.1200	0.0000	0.0000	0.0000	0	1.00	0.2624	0.2264	-0.4830	1.390	0
165877	21.358	-0.703	-22.425	-0.43	-0.31	-0.15	0.014	-0.014	0.005	0.000	-0.000	0.000	0.1200	-0.1200	-0.1200	0.0000	0.0000	0.0000	0	1.00	0.2624	0.2264	-0.4830	1.390	0
165884	21.355	-0.707	-22.426	-0.34	-0.30	-0.14	0.033	0.012	-0.017	0.000	-0.000	0.000	0.1200	-0.1200	-0.1200	0.0000	0.0000	0.0000	0	1.00	0.2624	0.2264	-0.4830	1.390	0
165893	21.352	-0.715	-22.431	-0.37	-0.34	-0.61	0.034	-0.060	-0.037	0.000	-0.000	0.000	0.1200	-0.1200	-0.1200	0.0000	0.0000	0.0000	0	1.00	0.2624	0.2264	-0.4830	1.390	0
165900	21.348	-0.718	-22.430	-0.40	-0.48	-0.23	0.024	-0.021	-0.050	0.000	-0.000	0.000	0.1200	-0.1200	-0.1200	0.0000	0.0000	0.0000	0	1.00	0.2624	0.2264	-0.4830	1.390	0
165909	21.346	-0.728	-22.436	-0.33	-0.44	-0.45	0.025	-0.010	-0.064	0.000	-0.000	0.000	0.1200	-0.1200	-0.1200	0.0000	0.0000	0.0000	0	1.00	0.2624	0.2264	-0.4830	1.390	0
165916	21.342	-0.732	-22.436	-0.45	-0.41	-0.25	0.006	-0.052	-0.052	0.000	-0.000	0.000	0.1200	-0.1200	-0.1200	0.0000	0.0000	0.0000	0	1.00	0.2624	0.2264	-0.4830	1.390	0
165924	21.341	-0.735	-22.438	-0.49	-0.10	-0.20	-0.014	-0.026	-0.053	0.000	-0.000	-0.000	0.1200	-0.1200	-0.1200	0.0000	0.0000	0.0000	0	1.00	0.2624	0.2264	-0.4830	1.390	0
165932	21.340	-0.734	-22.435	-0.27	-0.06	-0.25	-0.025	-0.001	-0.007	0.000	-0.000	-0.000	0.1200	-0.1200	-0.1200	0.0000	0.0000	0.0000	0	1.00	0.2624	0.2264	-0.4830	1.390	0
165940	21.345	-0.733	-22.440	-0.31	-0.04	-0.65	-0.039	0.034	-0.000	0.000	-0.000	-0.000	0.1200	-0.1200	-0.1200	0.0000	0.0000	0.0000	0	1.00	0.2624	0.2264	-0.4830	1.390	0
165948	21.343	-0.734	-22.439	-0.54	0.34	-0.28	-0.038	0.050	0.029	0.000	-0.000	-0.000	0.1200	-0.1200	-0.1200	0.0000	0.0000	0.0000	0	1.00	0.2624	0.2264	-0.4830	1.390	0
165956	21.342	-0.735	-22.438	-0.51	0.17	0.08	-0.028	0.041	0.047	0.000	-0.000	0.000	0.1200	-0.1200	-0.1200	0.0000	0.0000	0.0000	0	1.00	0.2624	0.2264	-0.4830	1.390	0
165964	21.341	-0.735	-22.437	0.00	0.15	-0.21	-0.008	0.043	0.047	-0.000	-0.000	0.000	0.1200	-0.1200	-0.1200	0.0000	0.0000	0.0000	0	1.00	0.2624	0.2264	-0.4830	1.390	0
165972	21.340	-0.731	-22.434	-0.06	0.49	-0.38	0.005	0.034	0.046	-0.000	-0.000	0.000	0.1200	-0.1200	-0.1200	0.0000	0.0000	0.0000	0	1.00	0.2624	0.2264	-0.4830	1.390	0
165980	21.336	-0.734	-22.432	-0.22	0.21	-0.57	0.012	0.036	0.030	0.000	-0.000	0.000	0.1200	-0.1200	-0.1200	0.0000	0.0000	0.0000	0	1.00	0.2624	0.2264	-0.4830	1.390	0
165988	21.334	-0.737	-22.432	-0.33	0.39	-0.22	0.028	0.030	0.031	0.000	-0.000	0.000	0.1200	-0.1200	-0.1200	0.0000	0.0000	0.0000	0	1.00	0.2624	0.2264	-0.4830	1.390	0
165996	21.332	-0.736	-22.430	-0.78	0.37	-0.50	0.031	-0.037	0.012	0.000	-0.000	0.000	0.1200	-0.1200	-0.1200	0.0000	0.0000	0.0000	0	1.00	0.2624	0.2264	-0.4830	1.390	0
166004	21.328	-0.741	-22.430	-0.36	-0.03	-0.30	0.040	-0.015	-0.010	0.000	-0.000	0.000	0.1200	-0.1200	-0.1200	0.0000	0.0000	0.0000	0	1.00	0.2624	0.2264	-0.4830	1.390	0
166012	21.329	-0.741	-22.431	-0.49	0.07	-0.37	0.009	-0.021	-0.023	0.000	-0.000	0.000	0.1200	-0.1200	-0.1200	0.0000	0.0000	0.0000	0	1.00	0.2624	0.2264	-0.4830	1.390	0
166020	21.329	-0.737	-22.427	-0.44	0.04	-0.39	0.007	-0.003	-0.046	0.000	-0.000	0.000	0.1200	-0.1200	-0.1200	0.0000	0.0000	0.0000	0	1.00	0.2624	0.2264	-0.4830	1.390	0
166028	21.331	-0.730	-22.423	-0.70	0.23	-0.64	-0.012	-0.018	-0.049	0.000	-0.000	0.000	0.1200	-0.1200	-0.1200	0.0000	0.0000	0.0000	0	1.00	0.2624	0.2264	-0.4830	1.390	0
166036	21.333	-0.727	-22.423	-0.55	-0.11	-0.46	-0.015	-0.006	-0.040	0.000	-0.000	0.000	0.1200	-0.1200	-0.1200	0.0000	0.0000	0.0000	0	1.00	0.2624	0.2264	-0.4830	1.390	0
166044	21.337	-0.728	-22.427	-0.34	0.21	-0.66	-0.041	-0.018	-0.024	0.000	-0.000	-0.000	0.1200	-0.1200	-0.1200	0.0000	0.0000	0.0000	0	1.00	0.2624	0.2264	-0.4830	1.390	0
166052	21.345	-0.729	-22.436	-0.23	-0.12	-0.56	-0.038	0.036	-0.013	0.000	-0.000	-0.000	0.1200	-0.1200	-0.1200	0.0000	0.0000	0.0000	0	1.00	0.2624	0.2264	-0.4830	1.390	0
166060	21.347	-0.725	-22.434	-0.02	0.38	0.11	-0.030	0.016	-0.017	-0.000	-0.000	-0.000	0.1200	-0.1200	-0.1200	0.0000	0.0000	0.0000	0	1.00	0.2624	0.2264	-0.4830	1.390	0
166068	21.350	-0.723	-22.435	-0.51	0.43	-0.18	-0.010	0.004	0.013	-0.000	-0.000	-0.000	0.1200	-0.1200	-0.1200	0.0000	0.0000	0.0000	0	1.00	0.2624	0.2264	-0.4830	1.390	0
166076	21.355	-0.719	-22.437	-0.61	0.39	-0.48	-0.011	-0.020	0.029	-0.000	-0.000	-0.000	0.1200	-0.1200	-0.1200	0.0000	0.0000	0.0000	0	1.00	0.2624	0.2264	-0.4830	1.390	0
166084	21.353	-0.715	-22.431	-0.24	0.57	-0.38	0.003	0.006	0.042	-0.000	-0.000	0.000	0.1200	-0.1200	-0.1200	0.0000	0.0000	0.0000	0	1.00	0.2624	0.2264	-0.4830	1.390	0
166092	21.345	-0.715	-22.424	-0.33	0.55	-0.07	0.013	0.002	0.029	-0.000	-0.000	0.000	0.1200	-0.1200	-0.1200	0.0000	0.0000	0.0000	0	1.00	0.2624	0.2264	-0.4830	1.390	0
166100	21.342	-0.716	-22.422	-0.16	0.32	-0.11	0.029	-0.003	0.028	-0.000	-0.000	0.000	0.1200	-0.1200	-0.1200	0.0000	0.0000	0.0000	0	1.00	0.2624	0.2264	-0.4830	1.390	0
166108	21.348	-0.710	-22.422	-0.12	0.20	-0.67	0.023	0.011	0.033	-0.000	-0.000	0.000	0.1200	-0.1200	-0.1200	0.0000	0.0000	0.0000	0	1.00	0.2624	0.2264	-0.4830	1.390	0
166116	21.348	-0.710	-22.422	-0.24	0.27	-0.51	0.020	0.016	0.010	0.000	-0.000	0.000	0.1200	-0.1200	-0.1200	0.0000	0.0000	0.0000	0	1.00	0.2624	0.2264	-0.4830	1.390	0
166124	21.350	-0.709	-22.423	-0.88	0.16	-0.19	0.029	-0.025	-0.009	0.000	-0.000	0.000	0.1200	-0.1200	-0.1200	0.0000	0.0000	0.0000	0	1.00	0.2624	0.2264	-0.4830	1.390	0
166132	21.354	-0.703	-22.422	-0.31	-0.10	-0.28	0.021	0.020	-0.011	0.000	-0.000	0.000	0.1200	-0.1200	-0.1200	0.0000	0.0000	0.0000	0	1.00	0.2624	0.2264	-0.4830	1.390	0
166140	21.353	-0.703	-22.421	-0.11	-0.24	-0.34	0.015	0.010	-0.010	0.000	-0.000	0.000	0.1200	-0.1200	-0.1200	0.0000	0.0000	0.0000	0	1.00	0.2624	0.2264	-0.4830	1.390	0
166148	21.354	-0.701	-22.419	-0.48	-0.41	-0.33	-0.006	0.028	-0.022	0.000	-0.000	0.000	0.1200	-0.1200	-0.1200	0.0000	0.0000	0.0000	0	1.00	0.2624	0.2264	-0.4830	1.390	0
166156	21.357	-0.698	-22.421	-0.45	-0.33	-0.34	-0.013	-0.021	-0.031	0.000	-0.000	0.000	0.1200	-0.1200	-0.1200	0.0000	0.0000	0.0000	0	1.00	0.2624	0.2264	-0.4830	1.390	0
166164	21.358	-0.697	-22.420	-0.09	-0.34	-0.35	-0.032	-0.012	-0.023	0.000	-0.000	0.000	0.1200	-0.1200	-0.1200	0.0000	0.0000	0.0000	0	1.00	0.2624	0.2264	-0.4830	1.390	0
166172	21.354	-0.699	-22.418	-0.26	-0.15	-0.59	-0.038	-0.006	-0.043	0.000	-0.000	-0.000	0.1200	-0.1200	-0.1200	0.0000	0.0000	0.0000	0	1.00	0.2624	0.2264	-0.4830	1.390	0
166180	21.351	-0.701	-22.417	-0.41	-0.51	-0.51	-0.034	-0.038	-0.042	-0.000	-0.000	-0.000	0.1200	-0.1200	-0.1200	0.0000	0.0000	0.0000	0	1.00	0.2624	0.2264	-0.4830	1.390	0
166188	21.351	-0.705	-22.421	-0.19	-0.12	-0.48	-0.027	-0.004	-0.038	-0.000	-0.000	-0.000	0.1200	-0.1200	-0.1200	0.0000	0.0000	0.0000	0	1.00	0.2624	0.2264	-0.4830	1.390	0
166196	21.349	-0.709	-22.422	-0.31	-0.30	-0.39	-0.020	-0.024	-0.013	-0.000	-0.000	-0.000	0.1200	-0.1200	-0.1200	0.0000	0.0000	0.0000	0	1.00	0.2624	0.2264	-0.4830	1.390	0
166204	21.348	-0.707	-22.419	-0.38	-0.17	-0.35	-0.007	-0.021	0.006	-0.000	-0.000	-0.000	0.1200	-0.1200	-0.1200	0.0000	0.0000	0.0000	0	1.00	0.2624	0.2264	-0.4830	1.390	0
166212	21.349	-0.713	-22.426	-0.36	-0.36	-0.28	0.018	0.003	0.035	-0.000	-0.000	-0.000	0.1200	-0.1200	-0.1200	0.0000	0.0000	0.0000	0	1.00	0.2624	0.2264	-0.4830	1.390	0
166220	21.354	-0.712	-22.430	-0.06	-0.18	-0.45	0.026	-0.003	0.033	-0.000	-0.000	-0.000	0.1200	-0.1200	-0.1200	0.0000	0.0000	0.0000	0	1.00	0.2624	0.2264	-0.4830	1.390	0
166228	21.357	-0.710	-22.431	-0.68	-0.02	-0.20	0.036	0.032	0.041	-0.000	-0.000	-0.000	0.1200	-0.1200	-0.1200	0.0000	0.0000	0.0000	0	1.00	0.2624	0.2264	-0.4830	1.390	0
166236	21.355	-0.712	-22.431	-0.36	-0.16	-0.17	0.047	-0.021	0.040	0.000	-0.000	0.000	0.1200	-0.1200	-0.1200	0.0000	0.0000	0.0000	0	1.00	0.2624	0.2264	-0.4830	1.390	0
166244	21.359	-0.709	-22.432	-0.21	-0.15	-0.33	0.049	0.038	0.023	0.000	-0.000	0.000	0.1200	-0.1200	-0.1200	0.0000	0.0000	0.0000	0	1.00	0.2624	0.2264	-0.4830	1.390	0
166252	21.357	-0.709	-22.430	-0.24	-0.10	-0.45	0.029	0.003	0.021	0.000	-0.000	0.000	0.1200	-0.1200	-0.1200	0.0000	0.0000	0.0000	0	1.00	0.2624	0.2264	-0.4830	1.390	0
166260	21.352	-0.718	-22.433	-0.02	-0.32	-0.24	0.016	0.017	-0.016	0.000	-0.000	0.000	0.1200	-0.1200	-0.1200	0.0000	0.0000	0.0000	0	1.00	0.2624	0.2264	-0.4830	1.390	0
166268	21.347	-0.718	-22.429	-0.67	0.31	-0.22	-0.015	-0.013	-0.012	0.000	-0.000	0.000	0.1200	-0.1200	-0.1200	0.0000	0.0000	0.0000	0	1.00	0.2624	0.2264	-0.4830	1.390	0
166276	21.347	-0.716	-22.426	-0.53	0.29	-0.66	-0.021	-0.027	-0.030	0.000	-0.000	0.000	0.1200	-0.1200	-0.1200	0.0000	0.0000	0.0000	0	1.00	0.2624	0.2264	-0.4830	1.390	0
166283	21.343	-0.721	-22.427	-0.48	0.18	-0.60	-0.026	-0.033	-0.013	0.000	-0.000	0.000	0.1200	-0.1200	-0.1200	0.0000	0.0000	0.0000	0	1.00	0.2624	0.2264	-0.4830	1.390	0
166292	21.345	-0.720	-22.428	-0.41	0.08	-0.36	-0.032	-0.048	-0.024	0.000	-0.000	-0.000	0.1200	-0.1200	-0.1200	0.0000	0.0000	0.0000	0	1.00	0.2624	0.2264	-0.4830	1.390	0
166300	21.349	-0.719	-22.431	-0.14	0.09	-0.43	-0.041	-0.027	-0.011	-0.000	-0.000	-0.000	0.1200	-0.1200	-0.1200	0.0000	0.0000	0.0000	0	1.00	0.2624	0.2264	-0.4830	1.390	0
166308	21.347	-0.725	-22.435	-0.22	-0.05	-0.31	-0.035	0.002	0.003	-0.000	-0.000	-0.000	0.1200	-0.1200	-0.1200	0.0000	0.0000	0.0000	0	1.00	0.2624	0.2264	-0.4830	1.390	0
166316	21.346	-0.724	-22.433	-0.26	-0.24	-0.50	-0.014	0.014	0.012	-0.000	-0.000	0.000	0.1200	-0.1200	-0.1200	0.0000	0.0000	0.0000	0	1.00	0.2624	0.2264	-0.4830	1.390	0
166324	21.345	-0.719	-22.427	-0.27	-0.06	-0.24	0.008	0.015	0.031	-0.000	-0.000	0.000	0.1200	-0.1200	-0.1200	0.0000	0.0000	0.0000	0	1.00	0.2624	0.2264	-0.4830	1.390	0
166332	21.342	-0.724	-22.429	0.00	-0.31	-0.49	0.005	0.061	0.034	-0.000	-0.000	0.000	0.1200	-0.1200	-0.1200	0.0000	0.0000	0.0000	0	1.00	0.2624	0.2264	-0.4830	1.390	0
166340	21.338	-0.728	-22.428	-0.21	-0.11	-0.37	0.017	0.066	0.033	-0.000	-0.000	0.000	0.1200	-0.1200	-0.1200	0.0000	0.0000	0.0000	0	1.00	0.2624	0.2264	-0.4830	1.390	0
166347	21.337	-0.725	-22.424	-0.23	-0.37	-0.29	0.011	0.052	0.019	-0.000	0.000	0.000	0.1200	-0.1200	-0.1200	0.0000	0.0000	0.0000	0	1.00	0.2624	0.2264	-0.4830	1.390	0
166355	21.336	-0.723	-22.422	-0.42	-0.16	0.00	0.027	0.010	0.018	-0.000	0.000	0.000	0.1200	-0.1200	-0.1200	0.0000	0.0000	0.0000	0	1.00	0.2624	0.2264	-0.4830	1.390	0
166363	21.339	-0.723	-22.425	-0.22	-0.39	-0.40	0.016	0.016	-0.001	0.000	0.000	0.000	0.1200	-0.1200	-0.1200	0.0000	0.0000	0.0000	0	1.00	0.2624	0.2264	-0.4830	1.390	0
166371	21.340	-0.726	-22.429	-0.32	-0.21	-0.48	0.022	-0.021	-0.006	0.000	0.000	0.000	0.1200	-0.1200	-0.1200	0.0000	0.0000	0.0000	0	1.00	0.2624	0.2264	-0.4830	1.390	0
166379	21.337	-0.732	-22.430	-0.35	-0.46	-0.30	0.008	-0.002	-0.008	0.000	0.000	0.000	0.1200	-0.1200	-0.1200	0.0000	0.0000	0.0000	0	1.00	0.2624	0.2264	-0.4830	1.390	0
166387	21.331	-0.735	-22.428	-0.24	-0.16	-0.08	-0.016	-0.032	-0.026	0.000	-0.000	0.000	0.1200	-0.1200	-0.1200	0.0000	0.0000	0.0000	0	1.00	0.2624	0.2264	-0.4830	1.390	0
166395	21.330	-0.738	-22.429	-0.54	-0.25	-0.43	-0.001	-0.028	-0.012	0.000	-0.000	0.000	0.1200	-0.1200	-0.1200	0.0000	0.0000	0.0000	0	1.00	0.2624	0.2264	-0.4830	1.390	0
166403	21.330	-0.736	-22.427	-0.17	0.34	-0.44	0.002	-0.017	-0.024	0.000	-0.000	0.000	0.1200	-0.1200	-0.1200	0.0000	0.0000	0.0000	0	1.00	0.2624	0.2264	-0.4830	1.390	0
166411	21.329	-0.737	-22.427	-0.44	0.24	-0.28	-0.028	-0.011	-0.011	-0.000	-0.000	0.000	0.1200	-0.1200	-0.1200	0.0000	0.0000	0.0000	0	1.00	0.2624	0.2264	-0.4830	1.390	0
166419	21.328	-0.735	-22.425	-0.50	0.03	-0.32	-0.012	-0.014	-0.005	-0.000	-0.000	0.000	0.1200	-0.1200	-0.1200	0.0000	0.0000	0.0000	0	1.00	0.2624	0.2264	-0.4830	1.390	0
166427	21.334	-0.729	-22.425	-0.45	0.30	-0.65	-0.006	0.018	0.009	-0.000	-0.000	0.000	0.1200	-0.1200	-0.1200	0.0000	0.0000	0.0000	0	1.00	0.2624	0.2264	-0.4830	1.390	0
166435	21.337	-0.733	-22.432	0.08	0.26	-0.61	-0.016	-0.004	0.019	-0.000	-0.000	0.000	0.1200	-0.1200	-0.1200	0.0000	0.0000	0.0000	0	1.00	0.2624	0.2264	-0.4830	1.390	0
166443	21.342	-0.725	-22.430	-0.34	0.24	-0.37	-0.006	0.018	0.022	-0.000	-0.000	0.000	0.1200	-0.1200	-0.1200	0.0000	0.0000	0.0000	0	1.00	0.2624	0.2264	-0.4830	1.390	0
166451	21.347	-0.723	-22.432	-0.30	0.10	-0.17	-0.006	0.045	0.027	-0.000	-0.000	0.000	0.1200	-0.1200	-0.1200	0.0000	0.0000	0.0000	0	1.00	0.2624	0.2264	-0.4830	1.390	0
166459	21.343	-0.726	-22.431	-0.56	-0.04	-0.40	0.001	-0.000	0.008	-0.000	-0.000	0.000	0.1200	-0.1200	-0.1200	0.0000	0.0000	0.0000	0	1.00	0.2624	0.2264	-0.4830	1.390	0
166467	21.347	-0.722	-22.432	-0.31	-0.23	-0.15	0.018	-0.002	0.012	-0.000	-0.000	0.000	0.1200	-0.1200	-0.1200	0.0000	0.0000	0.0000	0	1.00	0.2624	0.2264	-0.4830	1.390	0
166475	21.344	-0.726	-22.432	-0.27	-0.37	-0.37	0.020	-0.018	-0.007	-0.000	-0.000	0.000	0.1200	-0.1200	-0.1200	0.0000	0.0000	0.0000	0	1.00	0.2624	0.2264	-0.4830	1.390	0
166483	21.344	-0.728	-22.434	-0.36	-0.49	-0.15	0.029	0.000	-0.027	0.000	-0.000	0.000	0.1200	-0.1200	-0.1200	0.0000	0.0000	0.0000	0	1.00	0.2624	0.2264	-0.4830	1.390	0
166491	21.343	-0.732	-22.436	-0.50	-0.39	-0.22	0.031	-0.035	-0.033	0.000	-0.000	0.000	0.1200	-0.1200	-0.1200	0.0000	0.0000	0.0000	0	1.00	0.2624	0.2264	-0.4830	1.390	0
166499	21.340	-0.735	-22.437	-0.51	-0.20	-0.72	0.020	-0.025	-0.039	0.000	-0.000	0.000	0.1200	-0.1200	-0.1200	0.0000	0.0000	0.0000	0	1.00	0.2624	0.2264	-0.4830	1.390	0
166507	21.337	-0.735	-22.434	-0.37	-0.10	-0.54	0.019	-0.007	-0.025	0.000	-0.000	0.000	0.1200	-0.1200	-0.1200	0.0000	0.0000	0.0000	0	1.00	0.2624	0.2264	-0.4830	1.390	0
166515	21.336	-0.737	-22.435	-0.54	0.01	-0.26	0.005	-0.008	-0.019	0.000	-0.000	0.000	0.1200	-0.1200	-0.1200	0.0000	0.0000	0.0000	0	1.00	0.2624	0.2264	-0.4830	1.390	0
166523	21.340	-0.737	-22.439	-0.49	0.07	-0.37	-0.003	-0.020	-0.012	0.000	-0.000	0.000	0.1200	-0.1200	-0.1200	0.0000	0.0000	0.0000	0	1.00	0.2624	0.2264	-0.4830	1.390	0
166531	21.339	-0.741	-22.441	-0.22	-0.00	-0.36	-0.014	0.004	0.002	0.000	-0.000	0.000	0.1200	-0.1200	-0.1200	0.0000	0.0000	0.0000	0	1.00	0.2624	0.2264	-0.4830	1.390	0
166539	21.339	-0.740	-22.440	-0.51	0.13	-0.31	-0.020	0.014	-0.003	0.000	-0.000	0.000	0.1200	-0.1200	-0.1200	0.0000	0.0000	0.0000	0	1.00	0.2624	0.2264	-0.4830	1.390	0
166547	21.340	-0.737	-22.439	-0.47	0.21	-0.32	-0.015	0.003	0.015	0.000	-0.000	0.000	0.1200	-0.1200	-0.1200	0.0000	0.0000	0.0000	0	1.00	0.2624	0.2264	-0.4830	1.390	0
166555	21.337	-0.740	-22.438	-0.64	0.19	-0.34	-0.024	0.054	0.029	0.000	-0.000	0.000	0.1200	-0.1200	-0.1200	0.0000	0.0000	0.0000	0	1.00	0.2624	0.2264	-0.4830	1.390	0
166562	21.343	-0.734	-22.439	-0.35	0.17	-0.19	-0.034	0.053	0.036	-0.000	-0.000	0.000	0.1200	-0.1200	-0.1200	0.0000	0.0000	0.0000	0	1.00	0.2624	0.2264	-0.4830	1.390	0
166571	21.339	-0.732	-22.433	-0.47	0.54	-0.33	-0.019	-0.003	0.023	-0.000	-0.000	0.000	0.1200	-0.1200	-0.1200	0.0000	0.0000	0.0000	0	1.00	0.2624	0.2264	-0.4830	1.390	0
166578	21.333	-0.737	-22.432	-0.34	0.19	-0.33	-0.022	0.017	0.009	-0.000	-0.000	0.000	0.1200	-0.1200	-0.1200	0.0000	0.0000	0.0000	0	1.00	0.2624	0.2264	-0.4830	1.390	0
166587	21.336	-0.731	-22.429	-0.18	0.73	-0.40	-0.007	0.044	-0.006	-0.000	-0.000	0.000	0.1200	-0.1200	-0.1200	0.0000	0.0000	0.0000	0	1.00	0.2624	0.2264	-0.4830	1.390	0
166594	21.339	-0.728	-22.429	-0.15	0.48	-0.39	0.013	0.030	-0.010	-0.000	-0.000	0.000	0.1200	-0.1200	-0.1200	0.0000	0.0000	0.0000	0	1.00	0.2624	0.2264	-0.4830	1.390	0
166602	21.339	-0.727	-22.429	-0.40	0.45	-0.42	0.038	0.025	-0.011	-0.000	-0.000	0.000	0.1200	-0.1200	-0.1200	0.0000	0.0000	0.0000	0	1.00	0.2624	0.2264	-0.4830	1.390	0
166610	21.342	-0.726	-22.431	-0.42	0.29	-0.14	0.025	0.005	-0.013	-0.000	-0.000	0.000	0.1200	-0.1200	-0.1200	0.0000	0.0000	0.0000	0	1.00	0.2624	0.2264	-0.4830	1.390	0
166618	21.341	-0.725	-22.428	-0.29	0.45	0.10	0.024	-0.036	-0.013	0.000	-0.000	0.000	0.1200	-0.1200	-0.1200	0.0000	0.0000	0.0000	0	1.00	0.2624	0.2264	-0.4830	1.390	0
166626	21.340	-0.723	-22.426	-0.32	0.09	-0.35	0.020	-0.015	-0.007	0.000	-0.000	0.000	0.1200	-0.1200	-0.1200	0.0000	0.0000	0.0000	0	1.00	0.2624	0.2264	-0.4830	1.390	0
166634	21.341	-0.719	-22.423	-0.44	-0.00	-0.35	0.017	-0.021	-0.005	0.000	-0.000	0.000	0.1200	-0.1200	-0.1200	0.0000	0.0000	0.0000	0	1.00	0.2624	0.2264	-0.4830	1.390	0
166642	21.342	-0.716	-22.421	-0.40	-0.02	-0.38	0.010	0.009	-0.001	0.000	-0.000	0.000	0.1200	-0.1200	-0.1200	0.0000	0.0000	0.0000	0	1.00	0.2624	0.2264	-0.4830	1.390	0
166650	21.341	-0.717	-22.421	-0.42	-0.25	-0.34	-0.017	0.003	0.009	0.000	-0.000	0.000	0.1200	-0.1200	-0.1200	0.0000	0.0000	0.0000	0	1.00	0.2624	0.2264	-0.4830	1.390	0
166658	21.344	-0.715	-22.422	-0.38	-0.08	-0.44	-0.027	0.042	0.004	0.000	-0.000	0.000	0.1200	-0.1200	-0.1200	0.0000	0.0000	0.0000	0	1.00	0.2624	0.2264	-0.4830	1.390	0
# unknown. use: a<0/1> (arm)  m<0/1> (mode edge/corner)  g<0..1> (gain)  c (corner resolve)  e (edge resolve)  o<deg> (edge trim)  h<0/1> (halt)  d<N> (decim)  l<0/1> (link)  s (state)  k (keepalive)
166668	21.345	-0.710	-22.419	-0.59	-0.01	-0.19	-0.026	-0.010	0.023	0.000	-0.000	0.000	0.1200	-0.1200	-0.1200	0.0000	0.0000	0.0000	0	1.00	0.2624	0.2264	-0.4830	1.390	0
166676	21.342	-0.708	-22.414	-0.68	-0.02	-0.20	-0.025	0.033	0.018	-0.000	-0.000	0.000	0.1200	-0.1200	-0.1200	0.0000	0.0000	0.0000	0	1.00	0.2624	0.2264	-0.4830	1.390	0
166684	21.349	-0.711	-22.423	-0.38	0.09	-0.61	-0.012	0.023	0.035	-0.000	-0.000	0.000	0.1200	-0.1200	-0.1200	0.0000	0.0000	0.0000	0	1.00	0.2624	0.2264	-0.4830	1.390	0
166692	21.353	-0.706	-22.423	-0.37	0.20	-0.41	-0.021	-0.020	0.031	-0.000	-0.000	0.000	0.1200	-0.1200	-0.1200	0.0000	0.0000	0.0000	0	1.00	0.2624	0.2264	-0.4830	1.390	0
166699	21.350	-0.702	-22.417	-0.34	0.35	0.26	-0.000	-0.024	0.002	-0.000	-0.000	0.000	0.1200	-0.1200	-0.1200	0.0000	0.0000	0.0000	0	1.00	0.2624	0.2264	-0.4830	1.390	0
166707	21.350	-0.699	-22.414	-0.51	0.26	-0.44	0.018	-0.023	0.008	-0.000	-0.000	0.000	0.1200	-0.1200	-0.1200	0.0000	0.0000	0.0000	0	1.00	0.2624	0.2264	-0.4830	1.390	0
166715	21.361	-0.689	-22.416	-0.11	0.95	-0.79	0.021	0.026	-0.011	-0.000	-0.000	0.000	0.1200	-0.1200	-0.1200	0.0000	0.0000	0.0000	0	1.00	0.2624	0.2264	-0.4830	1.390	0
166723	21.358	-0.686	-22.410	-0.24	0.95	-0.44	0.014	-0.005	-0.023	-0.000	-0.000	0.000	0.1200	-0.1200	-0.1200	0.0000	0.0000	0.0000	0	1.00	0.2624	0.2264	-0.4830	1.390	0
166731	21.355	-0.678	-22.400	-0.68	0.57	-0.04	0.017	-0.011	-0.028	-0.000	-0.000	0.000	0.1200	-0.1200	-0.1200	0.0000	0.0000	0.0000	0	1.00	0.2624	0.2264	-0.4830	1.390	0
166739	21.360	-0.670	-22.398	-0.32	0.75	0.05	0.020	0.062	-0.026	0.000	-0.000	0.000	0.1200	-0.1200	-0.1200	0.0000	0.0000	0.0000	0	1.00	0.2624	0.2264	-0.4830	1.390	0
166747	21.362	-0.668	-22.398	-0.06	0.21	-0.83	-0.000	-0.004	-0.019	0.000	-0.000	0.000	0.1200	-0.1200	-0.1200	0.0000	0.0000	0.0000	0	1.00	0.2624	0.2264	-0.4830	1.390	0
166755	21.359	-0.670	-22.397	-0.59	-0.09	-0.53	-0.002	0.022	-0.022	0.000	-0.000	0.000	0.1200	-0.1200	-0.1200	0.0000	0.0000	0.0000	0	1.00	0.2624	0.2264	-0.4830	1.390	0
166763	21.364	-0.669	-22.400	-0.45	-0.37	-0.29	-0.003	0.041	-0.009	0.000	-0.000	0.000	0.1200	-0.1200	-0.1200	0.0000	0.0000	0.0000	0	1.00	0.2624	0.2264	-0.4830	1.390	0
166770	21.369	-0.668	-22.405	-0.51	-0.54	-0.38	-0.011	0.004	0.021	0.000	-0.000	0.000	0.1200	-0.1200	-0.1200	0.0000	0.0000	0.0000	0	1.00	0.2624	0.2264	-0.4830	1.390	0
166778	21.366	-0.673	-22.407	-0.59	-0.59	-0.35	-0.022	-0.036	0.036	-0.000	-0.000	0.000	0.1200	-0.1200	-0.1200	0.0000	0.0000	0.0000	0	1.00	0.2624	0.2264	-0.4830	1.390	0
166787	21.365	-0.674	-22.407	-0.20	-0.66	-0.24	-0.006	-0.012	0.035	-0.000	-0.000	0.000	0.1200	-0.1200	-0.1200	0.0000	0.0000	0.0000	0	1.00	0.2624	0.2264	-0.4830	1.390	0
166794	21.364	-0.682	-22.413	-0.47	-0.64	-0.21	0.006	-0.061	0.027	-0.000	-0.000	0.000	0.1200	-0.1200	-0.1200	0.0000	0.0000	0.0000	0	1.00	0.2624	0.2264	-0.4830	1.390	0
166802	21.367	-0.684	-22.417	0.12	-0.68	-0.34	-0.001	-0.030	0.022	-0.000	-0.000	0.000	0.1200	-0.1200	-0.1200	0.0000	0.0000	0.0000	0	1.00	0.2624	0.2264	-0.4830	1.390	0
166810	21.368	-0.683	-22.418	-0.40	-0.48	-0.23	0.018	-0.050	0.010	-0.000	-0.000	0.000	0.1200	-0.1200	-0.1200	0.0000	0.0000	0.0000	0	1.00	0.2624	0.2264	-0.4830	1.390	0
166818	21.360	-0.688	-22.414	-0.50	-0.56	-0.05	0.016	-0.056	-0.003	-0.000	-0.000	0.000	0.1200	-0.1200	-0.1200	0.0000	0.0000	0.0000	0	1.00	0.2624	0.2264	-0.4830	1.390	0
166826	21.360	-0.691	-22.417	-0.34	-0.80	-0.38	0.024	-0.013	0.005	0.000	-0.000	0.000	0.1200	-0.1200	-0.1200	0.0000	0.0000	0.0000	0	1.00	0.2624	0.2264	-0.4830	1.390	0
166834	21.358	-0.696	-22.419	-0.44	-0.58	-0.51	0.008	0.020	-0.009	0.000	-0.000	0.000	0.1200	-0.1200	-0.1200	0.0000	0.0000	0.0000	0	1.00	0.2624	0.2264	-0.4830	1.390	0
166842	21.350	-0.701	-22.416	-0.72	-0.25	-0.35	0.005	0.037	-0.007	0.000	-0.000	0.000	0.1200	-0.1200	-0.1200	0.0000	0.0000	0.0000	0	1.00	0.2624	0.2264	-0.4830	1.390	0
166850	21.343	-0.712	-22.418	-0.23	-0.59	-0.08	0.016	0.036	-0.022	0.000	-0.000	0.000	0.1200	-0.1200	-0.1200	0.0000	0.0000	0.0000	0	1.00	0.2624	0.2264	-0.4830	1.390	0
166858	21.344	-0.715	-22.422	-0.12	-0.53	-0.36	0.001	0.076	-0.011	0.000	-0.000	0.000	0.1200	-0.1200	-0.1200	0.0000	0.0000	0.0000	0	1.00	0.2624	0.2264	-0.4830	1.390	0
166866	21.341	-0.724	-22.427	-0.27	-0.24	-0.50	-0.008	0.066	-0.014	0.000	-0.000	0.000	0.1200	-0.1200	-0.1200	0.0000	0.0000	0.0000	0	1.00	0.2624	0.2264	-0.4830	1.390	0
166874	21.338	-0.731	-22.431	0.06	-0.26	-0.27	-0.008	0.054	-0.022	0.000	-0.000	0.000	0.1200	-0.1200	-0.1200	0.0000	0.0000	0.0000	0	1.00	0.2624	0.2264	-0.4830	1.390	0
166882	21.336	-0.736	-22.433	-0.22	-0.09	-0.27	-0.022	0.015	-0.007	0.000	0.000	0.000	0.1200	-0.1200	-0.1200	0.0000	0.0000	0.0000	0	1.00	0.2624	0.2264	-0.4830	1.390	0
166890	21.342	-0.737	-22.441	-0.24	-0.16	-0.08	-0.022	-0.021	0.002	-0.000	0.000	0.000	0.1200	-0.1200	-0.1200	0.0000	0.0000	0.0000	0	1.00	0.2624	0.2264	-0.4830	1.390	0
166898	21.346	-0.736	-22.444	-0.56	0.20	-0.33	-0.021	-0.044	-0.011	-0.000	-0.000	0.000	0.1200	-0.1200	-0.1200	0.0000	0.0000	0.0000	0	1.00	0.2624	0.2264	-0.4830	1.390	0
166906	21.351	-0.733	-22.446	-0.47	0.21	-0.32	-0.027	-0.042	0.004	-0.000	-0.000	0.000	0.1200	-0.1200	-0.1200	0.0000	0.0000	0.0000	0	1.00	0.2624	0.2264	-0.4830	1.390	0
166914	21.354	-0.732	-22.448	-0.12	0.02	-0.17	0.001	-0.055	0.015	-0.000	-0.000	0.000	0.1200	-0.1200	-0.1200	0.0000	0.0000	0.0000	0	1.00	0.2624	0.2264	-0.4830	1.390	0
166921	21.353	-0.730	-22.445	-0.28	0.11	0.01	0.016	-0.048	0.003	-0.000	-0.000	0.000	0.1200	-0.1200	-0.1200	0.0000	0.0000	0.0000	0	1.00	0.2624	0.2264	-0.4830	1.390	0
166929	21.351	-0.727	-22.440	-0.36	0.14	-0.47	0.011	0.007	0.013	-0.000	-0.000	0.000	0.1200	-0.1200	-0.1200	0.0000	0.0000	0.0000	0	1.00	0.2624	0.2264	-0.4830	1.390	0
166937	21.346	-0.725	-22.434	-0.51	0.23	-0.72	0.015	0.009	0.013	-0.000	-0.000	0.000	0.1200	-0.1200	-0.1200	0.0000	0.0000	0.0000	0	1.00	0.2624	0.2264	-0.4830	1.390	0
166946	21.342	-0.722	-22.427	-0.41	-0.05	-0.23	0.029	0.050	0.006	-0.000	-0.000	0.000	0.1200	-0.1200	-0.1200	0.0000	0.0000	0.0000	0	1.00	0.2624	0.2264	-0.4830	1.390	0
166953	21.340	-0.717	-22.420	-0.39	0.35	-0.44	0.032	0.019	0.000	0.000	-0.000	0.000	0.1200	-0.1200	-0.1200	0.0000	0.0000	0.0000	0	1.00	0.2624	0.2264	-0.4830	1.390	0
166961	21.337	-0.719	-22.419	-0.36	0.06	-0.38	0.027	0.012	0.001	0.000	-0.000	0.000	0.1200	-0.1200	-0.1200	0.0000	0.0000	0.0000	0	1.00	0.2624	0.2264	-0.4830	1.390	0
166969	21.339	-0.718	-22.420	-0.30	-0.07	-0.42	0.013	0.040	-0.009	0.000	-0.000	0.000	0.1200	-0.1200	-0.1200	0.0000	0.0000	0.0000	0	1.00	0.2624	0.2264	-0.4830	1.390	0
166977	21.342	-0.716	-22.422	-0.54	-0.12	-0.13	0.014	0.028	-0.011	0.000	-0.000	0.000	0.1200	-0.1200	-0.1200	0.0000	0.0000	0.0000	0	1.00	0.2624	0.2264	-0.4830	1.390	0
166985	21.352	-0.711	-22.426	-0.15	0.24	-0.46	0.008	0.015	-0.023	0.000	0.000	0.000	0.1200	-0.1200	-0.1200	0.0000	0.0000	0.0000	0	1.00	0.2624	0.2264	-0.4830	1.390	0
166993	21.359	-0.707	-22.430	-0.16	-0.04	-0.48	-0.005	-0.011	-0.002	0.000	-0.000	0.000	0.1200	-0.1200	-0.1200	0.0000	0.0000	0.0000	0	1.00	0.2624	0.2264	-0.4830	1.390	0
167001	21.364	-0.699	-22.428	-0.34	-0.06	-0.07	-0.016	-0.036	-0.005	0.000	-0.000	0.000	0.1200	-0.1200	-0.1200	0.0000	0.0000	0.0000	0	1.00	0.2624	0.2264	-0.4830	1.390	0
167009	21.363	-0.705	-22.432	-0.49	0.23	-0.22	-0.021	-0.043	-0.001	0.000	-0.000	0.000	0.1200	-0.1200	-0.1200	0.0000	0.0000	0.0000	0	1.00	0.2624	0.2264	-0.4830	1.390	0
167016	21.362	-0.704	-22.430	-0.43	-0.69	-0.53	-0.017	-0.042	0.009	0.000	-0.000	0.000	0.1200	-0.1200	-0.1200	0.0000	0.0000	0.0000	0	1.00	0.2624	0.2264	-0.4830	1.390	0
167025	21.359	-0.707	-22.430	-0.40	-0.35	-0.36	-0.020	-0.001	0.023	0.000	-0.000	0.000	0.1200	-0.1200	-0.1200	0.0000	0.0000	0.0000	0	1.00	0.2624	0.2264	-0.4830	1.390	0
167033	21.352	-0.707	-22.424	-0.52	-0.44	-0.36	-0.013	-0.035	0.010	0.000	-0.000	0.000	0.1200	-0.1200	-0.1200	0.0000	0.0000	0.0000	0	1.00	0.2624	0.2264	-0.4830	1.390	0
167041	21.347	-0.713	-22.424	-0.51	-0.70	-0.53	-0.002	-0.021	0.015	0.000	-0.000	0.000	0.1200	-0.1200	-0.1200	0.0000	0.0000	0.0000	0	1.00	0.2624	0.2264	-0.4830	1.390	0
167048	21.345	-0.717	-22.425	-0.27	-0.65	-0.40	0.001	-0.008	0.014	0.000	-0.000	0.000	0.1200	-0.1200	-0.1200	0.0000	0.0000	0.0000	0	1.00	0.2624	0.2264	-0.4830	1.390	0
167056	21.345	-0.722	-22.430	-0.37	-0.51	-0.44	0.013	0.001	0.008	0.000	-0.000	0.000	0.1200	-0.1200	-0.1200	0.0000	0.0000	0.0000	0	1.00	0.2624	0.2264	-0.4830	1.390	0
167065	21.338	-0.734	-22.434	-0.34	-0.76	-0.43	0.032	-0.018	0.010	0.000	-0.000	0.000	0.1200	-0.1200	-0.1200	0.0000	0.0000	0.0000	0	1.00	0.2624	0.2264	-0.4830	1.390	0
167072	21.340	-0.738	-22.439	-0.38	-0.62	-0.20	0.032	-0.017	-0.007	0.000	-0.000	0.000	0.1200	-0.1200	-0.1200	0.0000	0.0000	0.0000	0	1.00	0.2624	0.2264	-0.4830	1.390	0
167081	21.337	-0.743	-22.441	-0.65	-0.10	-0.36	0.018	0.008	-0.007	0.000	-0.000	0.000	0.1200	-0.1200	-0.1200	0.0000	0.0000	0.0000	0	1.00	0.2624	0.2264	-0.4830	1.390	0
167088	21.331	-0.750	-22.441	-0.73	-0.11	-0.81	0.019	-0.036	-0.008	0.000	-0.000	0.000	0.1200	-0.1200	-0.1200	0.0000	0.0000	0.0000	0	1.00	0.2624	0.2264	-0.4830	1.390	0
167096	21.331	-0.750	-22.441	-0.27	0.11	-0.42	0.006	-0.035	-0.013	0.000	-0.000	0.000	0.1200	-0.1200	-0.1200	0.0000	0.0000	0.0000	0	1.00	0.2624	0.2264	-0.4830	1.390	0
167104	21.333	-0.748	-22.441	-0.17	-0.04	-0.05	0.003	-0.036	-0.023	0.000	-0.000	0.000	0.1200	-0.1200	-0.1200	0.0000	0.0000	0.0000	0	1.00	0.2624	0.2264	-0.4830	1.390	0
167112	21.330	-0.749	-22.439	-0.41	0.25	-0.53	-0.020	-0.008	-0.037	0.000	-0.000	0.000	0.1200	-0.1200	-0.1200	0.0000	0.0000	0.0000	0	1.00	0.2624	0.2264	-0.4830	1.390	0
167121	21.331	-0.749	-22.440	-0.26	-0.12	-0.30	-0.033	0.028	-0.019	0.000	-0.000	0.000	0.1200	-0.1200	-0.1200	0.0000	0.0000	0.0000	0	1.00	0.2624	0.2264	-0.4830	1.390	0
167129	21.328	-0.750	-22.438	-0.12	0.28	-0.42	-0.031	0.034	-0.020	0.000	-0.000	0.000	0.1200	-0.1200	-0.1200	0.0000	0.0000	0.0000	0	1.00	0.2624	0.2264	-0.4830	1.390	0
167137	21.326	-0.752	-22.438	-0.64	-0.27	-0.62	-0.034	-0.014	-0.007	0.000	-0.000	0.000	0.1200	-0.1200	-0.1200	0.0000	0.0000	0.0000	0	1.00	0.2624	0.2264	-0.4830	1.390	0
167145	21.326	-0.756	-22.441	-0.15	-0.45	-0.20	-0.019	-0.018	0.003	0.000	-0.000	0.000	0.1200	-0.1200	-0.1200	0.0000	0.0000	0.0000	0	1.00	0.2624	0.2264	-0.4830	1.390	0
167153	21.323	-0.758	-22.441	-0.36	-0.25	-0.08	-0.007	0.026	0.008	-0.000	-0.000	0.000	0.1200	-0.1200	-0.1200	0.0000	0.0000	0.0000	0	1.00	0.2624	0.2264	-0.4830	1.390	0
167161	21.319	-0.759	-22.438	-0.22	-0.39	-0.40	0.012	0.044	0.017	0.000	-0.000	0.000	0.1200	-0.1200	-0.1200	0.0000	0.0000	0.0000	0	1.00	0.2624	0.2264	-0.4830	1.390	0
167169	21.320	-0.760	-22.439	-0.23	-0.24	-0.42	0.027	0.036	0.031	0.000	-0.000	0.000	0.1200	-0.1200	-0.1200	0.0000	0.0000	0.0000	0	1.00	0.2624	0.2264	-0.4830	1.390	0
167177	21.314	-0.762	-22.436	-0.30	-0.20	-0.30	0.038	-0.002	0.036	0.000	-0.000	0.000	0.1200	-0.1200	-0.1200	0.0000	0.0000	0.0000	0	1.00	0.2624	0.2264	-0.4830	1.390	0
167185	21.316	-0.759	-22.435	0.04	0.38	-0.06	0.051	-0.026	0.020	0.000	-0.000	0.000	0.1200	-0.1200	-0.1200	0.0000	0.0000	0.0000	0	1.00	0.2624	0.2264	-0.4830	1.390	0
167193	21.315	-0.761	-22.435	-0.21	-0.06	-0.41	0.032	-0.039	0.000	0.000	-0.000	0.000	0.1200	-0.1200	-0.1200	0.0000	0.0000	0.0000	0	1.00	0.2624	0.2264	-0.4830	1.390	0
167201	21.319	-0.760	-22.438	-0.22	0.04	-0.40	0.024	-0.004	0.002	0.000	-0.000	0.000	0.1200	-0.1200	-0.1200	0.0000	0.0000	0.0000	0	1.00	0.2624	0.2264	-0.4830	1.390	0
167209	21.322	-0.759	-22.441	-0.20	0.09	-0.26	0.008	-0.031	-0.026	0.000	-0.000	0.000	0.1200	-0.1200	-0.1200	0.0000	0.0000	0.0000	0	1.00	0.2624	0.2264	-0.4830	1.390	0
167216	21.323	-0.759	-22.441	-0.67	-0.19	-0.46	-0.012	-0.024	-0.021	0.000	-0.000	0.000	0.1200	-0.1200	-0.1200	0.0000	0.0000	0.0000	0	1.00	0.2624	0.2264	-0.4830	1.390	0
167224	21.329	-0.755	-22.444	-0.22	-0.04	-0.31	-0.018	-0.017	-0.034	0.000	-0.000	0.000	0.1200	-0.1200	-0.1200	0.0000	0.0000	0.0000	0	1.00	0.2624	0.2264	-0.4830	1.390	0
167232	21.333	-0.753	-22.446	-0.09	-0.30	-0.40	-0.038	-0.008	-0.027	0.000	-0.000	0.000	0.1200	-0.1200	-0.1200	0.0000	0.0000	0.0000	0	1.00	0.2624	0.2264	-0.4830	1.390	0
167240	21.333	-0.754	-22.447	-0.44	0.29	-0.33	-0.038	0.030	-0.026	0.000	-0.000	0.000	0.1200	-0.1200	-0.1200	0.0000	0.0000	0.0000	0	1.00	0.2624	0.2264	-0.4830	1.390	0
167248	21.330	-0.753	-22.443	-0.37	0.03	-0.24	-0.015	0.011	-0.033	0.000	-0.000	-0.000	0.1200	-0.1200	-0.1200	0.0000	0.0000	0.0000	0	1.00	0.2624	0.2264	-0.4830	1.390	0
167256	21.328	-0.751	-22.439	-0.43	-0.06	-0.41	-0.001	-0.009	-0.034	0.000	-0.000	-0.000	0.1200	-0.1200	-0.1200	0.0000	0.0000	0.0000	0	1.00	0.2624	0.2264	-0.4830	1.390	0
167265	21.332	-0.747	-22.440	-0.24	-0.05	-0.49	-0.005	0.006	0.002	0.000	-0.000	-0.000	0.1200	-0.1200	-0.1200	0.0000	0.0000	0.0000	0	1.00	0.2624	0.2264	-0.4830	1.390	0
167272	21.331	-0.754	-22.444	-0.23	-0.29	-0.38	0.004	-0.033	0.027	0.000	-0.000	-0.000	0.1200	-0.1200	-0.1200	0.0000	0.0000	0.0000	0	1.00	0.2624	0.2264	-0.4830	1.390	0
167280	21.329	-0.759	-22.447	-0.29	-0.37	-0.12	0.012	-0.028	0.018	0.000	-0.000	-0.000	0.1200	-0.1200	-0.1200	0.0000	0.0000	0.0000	0	1.00	0.2624	0.2264	-0.4830	1.390	0
167288	21.329	-0.765	-22.452	-0.34	-0.61	-0.27	0.003	0.002	0.036	0.000	-0.000	0.000	0.1200	-0.1200	-0.1200	0.0000	0.0000	0.0000	0	1.00	0.2624	0.2264	-0.4830	1.390	0
167296	21.330	-0.764	-22.453	-0.58	-0.57	-0.49	-0.007	0.004	0.025	0.000	-0.000	0.000	0.1200	-0.1200	-0.1200	0.0000	0.0000	0.0000	0	1.00	0.2624	0.2264	-0.4830	1.390	0
167304	21.327	-0.768	-22.453	-0.41	-0.29	-0.30	-0.021	-0.064	0.018	0.000	-0.000	0.000	0.1200	-0.1200	-0.1200	0.0000	0.0000	0.0000	0	1.00	0.2624	0.2264	-0.4830	1.390	0
167312	21.325	-0.771	-22.455	-0.54	-0.53	-0.46	-0.007	-0.037	0.009	0.000	-0.000	0.000	0.1200	-0.1200	-0.1200	0.0000	0.0000	0.0000	0	1.00	0.2624	0.2264	-0.4830	1.390	0
167320	21.325	-0.773	-22.456	-0.12	-0.27	-0.62	-0.001	-0.054	0.004	0.000	-0.000	0.000	0.1200	-0.1200	-0.1200	0.0000	0.0000	0.0000	0	1.00	0.2624	0.2264	-0.4830	1.390	0
167328	21.322	-0.776	-22.456	-0.51	0.04	-0.22	-0.009	-0.014	0.002	0.000	-0.000	0.000	0.1200	-0.1200	-0.1200	0.0000	0.0000	0.0000	0	1.00	0.2624	0.2264	-0.4830	1.390	0
167336	21.317	-0.777	-22.452	-0.28	-0.30	-0.31	-0.003	0.013	-0.009	0.000	-0.000	0.000	0.1200	-0.1200	-0.1200	0.0000	0.0000	0.0000	0	1.00	0.2624	0.2264	-0.4830	1.390	0
167344	21.314	-0.775	-22.447	-0.22	0.02	-0.07	0.003	0.036	-0.017	0.000	-0.000	0.000	0.1200	-0.1200	-0.1200	0.0000	0.0000	0.0000	0	1.00	0.2624	0.2264	-0.4830	1.390	0
167352	21.316	-0.776	-22.450	-0.23	0.43	-0.36	-0.008	0.041	-0.008	0.000	-0.000	0.000	0.1200	-0.1200	-0.1200	0.0000	0.0000	0.0000	0	1.00	0.2624	0.2264	-0.4830	1.390	0
167359	21.319	-0.775	-22.452	-0.52	0.48	-0.22	0.010	0.031	-0.021	0.000	-0.000	0.000	0.1200	-0.1200	-0.1200	0.0000	0.0000	0.0000	0	1.00	0.2624	0.2264	-0.4830	1.390	0
167367	21.321	-0.775	-22.454	-0.30	0.32	-0.38	0.005	0.010	-0.018	0.000	-0.000	0.000	0.1200	-0.1200	-0.1200	0.0000	0.0000	0.0000	0	1.00	0.2624	0.2264	-0.4830	1.390	0
167375	21.320	-0.774	-22.452	-0.35	0.58	-0.29	0.012	0.052	-0.013	0.000	-0.000	0.000	0.1200	-0.1200	-0.1200	0.0000	0.0000	0.0000	0	1.00	0.2624	0.2264	-0.4830	1.390	0
167383	21.318	-0.775	-22.452	-0.42	0.38	-0.23	-0.008	0.019	-0.023	0.000	-0.000	-0.000	0.1200	-0.1200	-0.1200	0.0000	0.0000	0.0000	0	1.00	0.2624	0.2264	-0.4830	1.390	0
167391	21.315	-0.771	-22.444	-0.36	0.30	0.12	-0.000	-0.021	-0.012	0.000	-0.000	-0.000	0.1200	-0.1200	-0.1200	0.0000	0.0000	0.0000	0	1.00	0.2624	0.2264	-0.4830	1.390	0
167399	21.313	-0.769	-22.440	-0.45	0.26	-0.18	-0.009	0.034	-0.006	0.000	-0.000	-0.000	0.1200	-0.1200	-0.1200	0.0000	0.0000	0.0000	0	1.00	0.2624	0.2264	-0.4830	1.390	0
167407	21.310	-0.767	-22.436	-0.38	-0.04	-0.48	-0.004	-0.005	0.006	0.000	-0.000	-0.000	0.1200	-0.1200	-0.1200	0.0000	0.0000	0.0000	0	1.00	0.2624	0.2264	-0.4830	1.390	0
167415	21.302	-0.771	-22.431	-0.16	0.11	-0.33	0.010	-0.058	0.013	0.000	-0.000	-0.000	0.1200	-0.1200	-0.1200	0.0000	0.0000	0.0000	0	1.00	0.2624	0.2264	-0.4830	1.390	0
167422	21.300	-0.768	-22.427	-0.35	-0.26	-0.18	0.007	-0.057	0.016	0.000	-0.000	0.000	0.1200	-0.1200	-0.1200	0.0000	0.0000	0.0000	0	1.00	0.2624	0.2264	-0.4830	1.390	0
167430	21.302	-0.765	-22.426	-0.21	-0.23	-0.24	0.010	-0.017	0.023	0.000	-0.000	0.000	0.1200	-0.1200	-0.1200	0.0000	0.0000	0.0000	0	1.00	0.2624	0.2264	-0.4830	1.390	0
167438	21.308	-0.764	-22.431	-0.26	0.01	-0.43	0.009	-0.020	0.018	0.000	-0.000	0.000	0.1200	-0.1200	-0.1200	0.0000	0.0000	0.0000	0	1.00	0.2624	0.2264	-0.4830	1.390	0
167446	21.307	-0.765	-22.431	-0.48	-0.21	-0.21	0.013	0.021	0.008	0.000	-0.000	0.000	0.1200	-0.1200	-0.1200	0.0000	0.0000	0.0000	0	1.00	0.2624	0.2264	-0.4830	1.390	0
167454	21.306	-0.771	-22.435	-0.30	0.10	-0.17	0.009	0.028	0.006	0.000	-0.000	0.000	0.1200	-0.1200	-0.1200	0.0000	0.0000	0.0000	0	1.00	0.2624	0.2264	-0.4830	1.390	0
167462	21.311	-0.775	-22.444	-0.18	-0.07	-0.34	0.001	0.009	-0.001	0.000	-0.000	0.000	0.1200	-0.1200	-0.1200	0.0000	0.0000	0.0000	0	1.00	0.2624	0.2264	-0.4830	1.390	0
167470	21.307	-0.774	-22.439	-0.66	0.29	-0.32	-0.000	0.015	-0.012	0.000	-0.000	0.000	0.1200	-0.1200	-0.1200	0.0000	0.0000	0.0000	0	1.00	0.2624	0.2264	-0.4830	1.390	0
167478	21.306	-0.770	-22.434	-0.04	0.40	0.22	-0.010	-0.021	-0.011	0.000	-0.000	0.000	0.1200	-0.1200	-0.1200	0.0000	0.0000	0.0000	0	1.00	0.2624	0.2264	-0.4830	1.390	0
167486	21.304	-0.765	-22.427	-0.38	0.20	-0.41	-0.006	0.033	-0.019	0.000	-0.000	0.000	0.1200	-0.1200	-0.1200	0.0000	0.0000	0.0000	0	1.00	0.2624	0.2264	-0.4830	1.390	0
167494	21.306	-0.759	-22.424	-0.11	0.69	-0.52	0.003	0.002	-0.005	0.000	-0.000	0.000	0.1200	-0.1200	-0.1200	0.0000	0.0000	0.0000	0	1.00	0.2624	0.2264	-0.4830	1.390	0
167502	21.301	-0.759	-22.420	-0.40	0.65	-0.30	-0.007	0.010	-0.008	0.000	-0.000	0.000	0.1200	-0.1200	-0.1200	0.0000	0.0000	0.0000	0	1.00	0.2624	0.2264	-0.4830	1.390	0
167510	21.301	-0.756	-22.417	-0.36	0.80	-0.07	0.001	-0.038	0.004	0.000	-0.000	0.000	0.1200	-0.1200	-0.1200	0.0000	0.0000	0.0000	0	1.00	0.2624	0.2264	-0.4830	1.390	0
167518	21.306	-0.752	-22.418	-0.09	1.03	-0.36	0.000	-0.012	-0.005	0.000	-0.000	0.000	0.1200	-0.1200	-0.1200	0.0000	0.0000	0.0000	0	1.00	0.2624	0.2264	-0.4830	1.390	0
167526	21.311	-0.748	-22.420	-0.34	1.04	-0.43	-0.005	0.048	0.004	0.000	-0.000	0.000	0.1200	-0.1200	-0.1200	0.0000	0.0000	0.0000	0	1.00	0.2624	0.2264	-0.4830	1.390	0
167534	21.314	-0.746	-22.421	-0.59	0.75	-0.64	-0.012	0.004	0.004	0.000	-0.000	0.000	0.1200	-0.1200	-0.1200	0.0000	0.0000	0.0000	0	1.00	0.2624	0.2264	-0.4830	1.390	0
167542	21.322	-0.741	-22.423	-0.24	0.69	-0.18	-0.011	0.038	0.008	0.000	-0.000	0.000	0.1200	-0.1200	-0.1200	0.0000	0.0000	0.0000	0	1.00	0.2624	0.2264	-0.4830	1.390	0
167550	21.324	-0.735	-22.421	-0.41	0.97	-0.50	0.001	0.004	0.026	0.000	-0.000	0.000	0.1200	-0.1200	-0.1200	0.0000	0.0000	0.0000	0	1.00	0.2624	0.2264	-0.4830	1.390	0
167558	21.322	-0.734	-22.418	-0.55	0.72	-0.23	0.013	0.034	0.024	0.000	-0.000	0.000	0.1200	-0.1200	-0.1200	0.0000	0.0000	0.0000	0	1.00	0.2624	0.2264	-0.4830	1.390	0
167566	21.325	-0.725	-22.413	-0.50	0.72	-0.58	-0.001	0.031	0.023	0.000	-0.000	0.000	0.1200	-0.1200	-0.1200	0.0000	0.0000	0.0000	0	1.00	0.2624	0.2264	-0.4830	1.390	0
167574	21.327	-0.721	-22.411	-0.51	0.43	-0.61	0.013	-0.027	0.001	0.000	-0.000	0.000	0.1200	-0.1200	-0.1200	0.0000	0.0000	0.0000	0	1.00	0.2624	0.2264	-0.4830	1.390	0
167582	21.326	-0.715	-22.405	-0.40	0.39	-0.05	0.011	-0.043	0.009	0.000	-0.000	0.000	0.1200	-0.1200	-0.1200	0.0000	0.0000	0.0000	0	1.00	0.2624	0.2264	-0.4830	1.390	0
167590	21.329	-0.714	-22.406	-0.38	0.70	-0.17	0.011	-0.034	0.003	0.000	-0.000	0.000	0.1200	-0.1200	-0.1200	0.0000	0.0000	0.0000	0	1.00	0.2624	0.2264	-0.4830	1.390	0
167598	21.335	-0.706	-22.405	-0.43	0.27	-0.43	0.006	-0.057	-0.010	0.000	-0.000	0.000	0.1200	-0.1200	-0.1200	0.0000	0.0000	0.0000	0	1.00	0.2624	0.2264	-0.4830	1.390	0
167606	21.337	-0.702	-22.404	-0.33	0.76	-0.28	0.003	0.016	-0.007	0.000	-0.000	0.000	0.1200	-0.1200	-0.1200	0.0000	0.0000	0.0000	0	1.00	0.2624	0.2264	-0.4830	1.390	0
167614	21.342	-0.696	-22.403	-0.42	0.68	-0.53	-0.002	0.006	-0.011	0.000	-0.000	0.000	0.1200	-0.1200	-0.1200	0.0000	0.0000	0.0000	0	1.00	0.2624	0.2264	-0.4830	1.390	0
167622	21.348	-0.692	-22.405	-0.51	0.89	-0.33	-0.006	-0.001	-0.004	0.000	-0.000	0.000	0.1200	-0.1200	-0.1200	0.0000	0.0000	0.0000	0	1.00	0.2624	0.2264	-0.4830	1.390	0
167630	21.348	-0.694	-22.408	-0.30	0.51	-0.27	-0.004	-0.005	-0.010	0.000	-0.000	0.000	0.1200	-0.1200	-0.1200	0.0000	0.0000	0.0000	0	1.00	0.2624	0.2264	-0.4830	1.390	0
167638	21.347	-0.692	-22.405	-0.40	0.41	-0.38	-0.007	0.026	-0.026	0.000	-0.000	0.000	0.1200	-0.1200	-0.1200	0.0000	0.0000	0.0000	0	1.00	0.2624	0.2264	-0.4830	1.390	0
167646	21.348	-0.688	-22.401	-0.23	0.47	-0.40	-0.011	0.038	-0.022	0.000	-0.000	0.000	0.1200	-0.1200	-0.1200	0.0000	0.0000	0.0000	0	1.00	0.2624	0.2264	-0.4830	1.390	0
167654	21.347	-0.687	-22.400	-0.72	0.37	-0.67	-0.012	0.037	-0.007	0.000	-0.000	0.000	0.1200	-0.1200	-0.1200	0.0000	0.0000	0.0000	0	1.00	0.2624	0.2264	-0.4830	1.390	0
167662	21.349	-0.678	-22.394	-0.27	0.48	-0.48	0.003	0.011	-0.006	0.000	-0.000	0.000	0.1200	-0.1200	-0.1200	0.0000	0.0000	0.0000	0	1.00	0.2624	0.2264	-0.4830	1.390	0
167670	21.356	-0.670	-22.393	-0.46	0.36	-0.59	0.001	0.027	-0.003	0.000	-0.000	0.000	0.1200	-0.1200	-0.1200	0.0000	0.0000	0.0000	0	1.00	0.2624	0.2264	-0.4830	1.390	0
167678	21.358	-0.671	-22.397	-0.39	0.30	-0.39	0.000	-0.021	-0.001	0.000	-0.000	0.000	0.1200	-0.1200	-0.1200	0.0000	0.0000	0.0000	0	1.00	0.2624	0.2264	-0.4830	1.390	0
167686	21.361	-0.670	-22.398	-0.46	0.10	-0.33	-0.004	0.005	0.002	0.000	-0.000	0.000	0.1200	-0.1200	-0.1200	0.0000	0.0000	0.0000	0	1.00	0.2624	0.2264	-0.4830	1.390	0
167694	21.366	-0.666	-22.401	-0.50	0.41	-0.28	0.002	-0.060	0.011	0.000	-0.000	0.000	0.1200	-0.1200	-0.1200	0.0000	0.0000	0.0000	0	1.00	0.2624	0.2264	-0.4830	1.390	0
167701	21.370	-0.667	-22.405	-0.59	0.53	-0.42	0.017	-0.075	0.011	0.000	-0.000	0.000	0.1200	-0.1200	-0.1200	0.0000	0.0000	0.0000	0	1.00	0.2624	0.2264	-0.4830	1.390	0
167709	21.371	-0.664	-22.403	-0.50	0.33	-0.20	0.016	-0.047	-0.001	0.000	-0.000	0.000	0.1200	-0.1200	-0.1200	0.0000	0.0000	0.0000	0	1.00	0.2624	0.2264	-0.4830	1.390	0
167717	21.366	-0.665	-22.398	-0.30	0.30	-0.05	0.004	-0.047	-0.004	0.000	-0.000	0.000	0.1200	-0.1200	-0.1200	0.0000	0.0000	0.0000	0	1.00	0.2624	0.2264	-0.4830	1.390	0
167725	21.360	-0.665	-22.393	-0.59	0.16	-0.36	0.001	-0.035	-0.019	0.000	-0.000	0.000	0.1200	-0.1200	-0.1200	0.0000	0.0000	0.0000	0	1.00	0.2624	0.2264	-0.4830	1.390	0
167733	21.359	-0.663	-22.391	-0.52	0.28	-0.33	0.005	0.005	-0.022	0.000	-0.000	-0.000	0.1200	-0.1200	-0.1200	0.0000	0.0000	0.0000	0	1.00	0.2624	0.2264	-0.4830	1.390	0
167741	21.357	-0.658	-22.384	-0.58	0.23	-0.55	0.011	0.002	-0.024	0.000	-0.000	-0.000	0.1200	-0.1200	-0.1200	0.0000	0.0000	0.0000	0	1.00	0.2624	0.2264	-0.4830	1.390	0
167749	21.359	-0.653	-22.381	-0.60	0.34	-0.53	-0.011	0.062	0.008	0.000	-0.000	-0.000	0.1200	-0.1200	-0.1200	0.0000	0.0000	0.0000	0	1.00	0.2624	0.2264	-0.4830	1.390	0
167757	21.362	-0.650	-22.382	-0.30	0.14	-0.64	-0.013	0.026	0.013	0.000	-0.000	-0.000	0.1200	-0.1200	-0.1200	0.0000	0.0000	0.0000	0	1.00	0.2624	0.2264	-0.4830	1.390	0
167765	21.363	-0.650	-22.383	-0.26	0.38	-0.06	-0.012	0.085	0.000	0.000	-0.000	-0.000	0.1200	-0.1200	-0.1200	0.0000	0.0000	0.0000	0	1.00	0.2624	0.2264	-0.4830	1.390	0
167773	21.366	-0.650	-22.385	-0.09	0.03	-0.41	-0.006	0.014	-0.002	0.000	-0.000	-0.000	0.1200	-0.1200	-0.1200	0.0000	0.0000	0.0000	0	1.00	0.2624	0.2264	-0.4830	1.390	0
167780	21.373	-0.646	-22.389	0.09	0.37	-0.41	0.001	0.005	0.004	0.000	-0.000	-0.000	0.1200	-0.1200	-0.1200	0.0000	0.0000	0.0000	0	1.00	0.2624	0.2264	-0.4830	1.390	0
167788	21.375	-0.647	-22.392	-0.15	0.22	-0.13	-0.008	0.010	0.001	0.000	-0.000	-0.000	0.1200	-0.1200	-0.1200	0.0000	0.0000	0.0000	0	1.00	0.2624	0.2264	-0.4830	1.390	0
167796	21.373	-0.650	-22.392	-0.62	0.44	-0.09	0.004	0.005	-0.002	0.000	-0.000	-0.000	0.1200	-0.1200	-0.1200	0.0000	0.0000	0.0000	0	1.00	0.2624	0.2264	-0.4830	1.390	0
167804	21.372	-0.651	-22.393	-0.40	0.45	-0.42	0.008	-0.039	0.013	0.000	-0.000	0.000	0.1200	-0.1200	-0.1200	0.0000	0.0000	0.0000	0	1.00	0.2624	0.2264	-0.4830	1.390	0
167812	21.373	-0.644	-22.387	-0.25	0.66	-0.47	0.007	-0.053	0.021	0.000	-0.000	0.000	0.1200	-0.1200	-0.1200	0.0000	0.0000	0.0000	0	1.00	0.2624	0.2264	-0.4830	1.390	0
167820	21.378	-0.637	-22.386	-0.06	0.49	-0.38	0.002	-0.025	-0.001	0.000	-0.000	0.000	0.1200	-0.1200	-0.1200	0.0000	0.0000	0.0000	0	1.00	0.2624	0.2264	-0.4830	1.390	0
167828	21.376	-0.629	-22.377	-0.26	0.81	-0.49	-0.017	-0.062	0.008	0.000	-0.000	0.000	0.1200	-0.1200	-0.1200	0.0000	0.0000	0.0000	0	1.00	0.2624	0.2264	-0.4830	1.390	0
167836	21.382	-0.622	-22.376	-0.38	0.59	-0.37	-0.019	-0.055	0.013	0.000	-0.000	0.000	0.1200	-0.1200	-0.1200	0.0000	0.0000	0.0000	0	1.00	0.2624	0.2264	-0.4830	1.390	0
167844	21.392	-0.618	-22.382	-0.40	0.74	-0.39	-0.021	-0.007	0.006	0.000	-0.000	0.000	0.1200	-0.1200	-0.1200	0.0000	0.0000	0.0000	0	1.00	0.2624	0.2264	-0.4830	1.390	0
167852	21.399	-0.607	-22.379	-0.56	1.00	-0.39	-0.016	-0.014	0.006	0.000	-0.000	0.000	0.1200	-0.1200	-0.1200	0.0000	0.0000	0.0000	0	1.00	0.2624	0.2264	-0.4830	1.390	0
167860	21.402	-0.604	-22.380	-0.41	0.93	-0.46	-0.006	0.034	-0.006	-0.000	-0.000	0.000	0.1200	-0.1200	-0.1200	0.0000	0.0000	0.0000	0	1.00	0.2624	0.2264	-0.4830	1.390	0
167867	21.405	-0.597	-22.376	-0.48	0.77	-0.45	-0.008	0.052	-0.005	-0.000	-0.000	0.000	0.1200	-0.1200	-0.1200	0.0000	0.0000	0.0000	0	1.00	0.2624	0.2264	-0.4830	1.390	0
167875	21.405	-0.592	-22.372	-0.21	0.55	0.02	0.002	0.081	-0.006	-0.000	-0.000	0.000	0.1200	-0.1200	-0.1200	0.0000	0.0000	0.0000	0	1.00	0.2624	0.2264	-0.4830	1.390	0
167883	21.405	-0.584	-22.364	-0.43	0.75	-0.47	0.008	0.085	-0.016	0.000	-0.000	0.000	0.1200	-0.1200	-0.1200	0.0000	0.0000	0.0000	0	1.00	0.2624	0.2264	-0.4830	1.390	0
167891	21.406	-0.577	-22.359	-0.43	0.66	-0.39	0.023	0.020	0.006	0.000	-0.000	0.000	0.1200	-0.1200	-0.1200	0.0000	0.0000	0.0000	0	1.00	0.2624	0.2264	-0.4830	1.390	0
167899	21.405	-0.572	-22.354	-0.23	0.56	-0.48	0.004	0.034	-0.007	0.000	-0.000	0.000	0.1200	-0.1200	-0.1200	0.0000	0.0000	0.0000	0	1.00	0.2624	0.2264	-0.4830	1.390	0
167907	21.406	-0.566	-22.350	-0.11	0.61	-0.44	0.024	-0.025	-0.009	0.000	-0.000	0.000	0.1200	-0.1200	-0.1200	0.0000	0.0000	0.0000	0	1.00	0.2624	0.2264	-0.4830	1.390	0
167915	21.410	-0.562	-22.351	-0.24	0.28	-0.51	0.016	-0.064	0.000	0.000	-0.000	0.000	0.1200	-0.1200	-0.1200	0.0000	0.0000	0.0000	0	1.00	0.2624	0.2264	-0.4830	1.390	0
167923	21.417	-0.554	-22.349	-0.23	0.72	-0.33	0.003	-0.062	0.004	0.000	-0.000	0.000	0.1200	-0.1200	-0.1200	0.0000	0.0000	0.0000	0	1.00	0.2624	0.2264	-0.4830	1.390	0
167931	21.423	-0.549	-22.351	-0.42	0.69	-0.53	0.012	-0.077	-0.010	0.000	-0.000	0.000	0.1200	-0.1200	-0.1200	0.0000	0.0000	0.0000	0	1.00	0.2624	0.2264	-0.4830	1.390	0
167939	21.431	-0.540	-22.351	-0.59	0.45	-0.34	-0.003	-0.046	0.012	0.000	-0.000	0.000	0.1200	-0.1200	-0.1200	0.0000	0.0000	0.0000	0	1.00	0.2624	0.2264	-0.4830	1.390	0
167946	21.433	-0.542	-22.355	-0.44	0.25	-0.28	-0.003	-0.060	0.004	0.000	-0.000	0.000	0.1200	-0.1200	-0.1200	0.0000	0.0000	0.0000	0	1.00	0.2624	0.2264	-0.4830	1.390	0
167954	21.430	-0.542	-22.352	-0.41	0.08	-0.36	-0.013	-0.042	0.002	0.000	-0.000	0.000	0.1200	-0.1200	-0.1200	0.0000	0.0000	0.0000	0	1.00	0.2624	0.2264	-0.4830	1.390	0
167963	21.429	-0.546	-22.354	-0.57	-0.54	-0.21	-0.001	-0.013	0.004	0.000	-0.000	0.000	0.1200	-0.1200	-0.1200	0.0000	0.0000	0.0000	0	1.00	0.2624	0.2264	-0.4830	1.390	0
167970	21.427	-0.542	-22.349	-0.33	-0.41	-0.16	-0.007	-0.008	0.011	0.000	-0.000	0.000	0.1200	-0.1200	-0.1200	0.0000	0.0000	0.0000	0	1.00	0.2624	0.2264	-0.4830	1.390	0
167978	21.424	-0.543	-22.347	-0.39	-0.36	-0.46	-0.004	0.031	0.005	0.000	-0.000	0.000	0.1200	-0.1200	-0.1200	0.0000	0.0000	0.0000	0	1.00	0.2624	0.2264	-0.4830	1.390	0
167986	21.420	-0.544	-22.343	-0.30	-0.44	-0.36	0.002	0.081	0.007	0.000	-0.000	0.000	0.1200	-0.1200	-0.1200	0.0000	0.0000	0.0000	0	1.00	0.2624	0.2264	-0.4830	1.390	0
167994	21.420	-0.549	-22.348	-0.09	-0.64	-0.48	0.003	0.047	-0.021	0.000	-0.000	0.000	0.1200	-0.1200	-0.1200	0.0000	0.0000	0.0000	0	1.00	0.2624	0.2264	-0.4830	1.390	0
168002	21.421	-0.555	-22.354	-0.47	-0.20	-0.64	0.008	0.079	-0.021	0.000	-0.000	0.000	0.1200	-0.1200	-0.1200	0.0000	0.0000	0.0000	0	1.00	0.2624	0.2264	-0.4830	1.390	0
168010	21.420	-0.562	-22.359	-0.55	-0.27	-0.28	0.005	0.061	-0.019	0.000	-0.000	0.000	0.1200	-0.1200	-0.1200	0.0000	0.0000	0.0000	0	1.00	0.2624	0.2264	-0.4830	1.390	0
168018	21.424	-0.564	-22.366	-0.53	-0.20	-0.47	-0.001	0.008	-0.017	0.000	-0.000	0.000	0.1200	-0.1200	-0.1200	0.0000	0.0000	0.0000	0	1.00	0.2624	0.2264	-0.4830	1.390	0
168026	21.426	-0.568	-22.372	-0.27	0.24	-0.55	-0.001	-0.017	-0.023	0.000	-0.000	-0.000	0.1200	-0.1200	-0.1200	0.0000	0.0000	0.0000	0	1.00	0.2624	0.2264	-0.4830	1.390	0
168033	21.425	-0.571	-22.374	-0.32	0.09	-0.35	-0.009	-0.042	-0.005	0.000	-0.000	-0.000	0.1200	-0.1200	-0.1200	0.0000	0.0000	0.0000	0	1.00	0.2624	0.2264	-0.4830	1.390	0
168041	21.425	-0.570	-22.373	-0.35	0.21	-0.23	-0.028	-0.055	-0.002	0.000	-0.000	-0.000	0.1200	-0.1200	-0.1200	0.0000	0.0000	0.0000	0	1.00	0.2624	0.2264	-0.4830	1.390	0
168049	21.421	-0.570	-22.368	-0.42	0.30	-0.14	-0.023	-0.076	0.009	0.000	-0.000	-0.000	0.1200	-0.1200	-0.1200	0.0000	0.0000	0.0000	0	1.00	0.2624	0.2264	-0.4830	1.390	0
168057	21.415	-0.575	-22.367	-0.53	0.04	-0.40	-0.013	-0.057	0.027	0.000	-0.000	-0.000	0.1200	-0.1200	-0.1200	0.0000	0.0000	0.0000	0	1.00	0.2624	0.2264	-0.4830	1.390	0
168065	21.410	-0.577	-22.363	-0.56	-0.22	-0.22	-0.013	-0.016	0.034	0.000	-0.000	0.000	0.1200	-0.1200	-0.1200	0.0000	0.0000	0.0000	0	1.00	0.2624	0.2264	-0.4830	1.390	0
168073	21.409	-0.573	-22.359	-0.27	0.07	-0.37	0.001	-0.028	0.024	0.000	-0.000	0.000	0.1200	-0.1200	-0.1200	0.0000	0.0000	0.0000	0	1.00	0.2624	0.2264	-0.4830	1.390	0
168081	21.408	-0.576	-22.360	-0.08	-0.28	-0.54	0.017	0.013	0.021	0.000	-0.000	0.000	0.1200	-0.1200	-0.1200	0.0000	0.0000	0.0000	0	1.00	0.2624	0.2264	-0.4830	1.390	0
168089	21.407	-0.575	-22.358	-0.35	-0.12	-0.64	0.019	0.020	0.014	0.000	-0.000	0.000	0.1200	-0.1200	-0.1200	0.0000	0.0000	0.0000	0	1.00	0.2624	0.2264	-0.4830	1.390	0
168097	21.406	-0.576	-22.358	-0.24	0.02	-0.25	0.027	0.037	0.007	0.000	-0.000	0.000	0.1200	-0.1200	-0.1200	0.0000	0.0000	0.0000	0	1.00	0.2624	0.2264	-0.4830	1.390	0
168105	21.406	-0.581	-22.364	-0.31	-0.14	-0.24	0.035	0.017	-0.008	0.000	-0.000	0.000	0.1200	-0.1200	-0.1200	0.0000	0.0000	0.0000	0	1.00	0.2624	0.2264	-0.4830	1.390	0
168113	21.410	-0.582	-22.368	-0.18	0.23	-0.21	0.012	0.009	-0.018	0.000	-0.000	0.000	0.1200	-0.1200	-0.1200	0.0000	0.0000	0.0000	0	1.00	0.2624	0.2264	-0.4830	1.390	0
168121	21.415	-0.577	-22.369	-0.27	0.11	-0.42	0.016	0.012	-0.025	0.000	-0.000	0.000	0.1200	-0.1200	-0.1200	0.0000	0.0000	0.0000	0	1.00	0.2624	0.2264	-0.4830	1.390	0
168129	21.416	-0.582	-22.374	-0.49	0.11	-0.41	-0.000	-0.015	-0.008	0.000	-0.000	0.000	0.1200	-0.1200	-0.1200	0.0000	0.0000	0.0000	0	1.00	0.2624	0.2264	-0.4830	1.390	0
168136	21.421	-0.573	-22.370	-0.39	0.35	-0.44	0.001	0.012	-0.020	0.000	-0.000	0.000	0.1200	-0.1200	-0.1200	0.0000	0.0000	0.0000	0	1.00	0.2624	0.2264	-0.4830	1.390	0
168144	21.420	-0.566	-22.363	-1.01	0.48	-0.47	-0.014	-0.009	-0.008	0.000	-0.000	0.000	0.1200	-0.1200	-0.1200	0.0000	0.0000	0.0000	0	1.00	0.2624	0.2264	-0.4830	1.390	0
168152	21.420	-0.564	-22.362	-0.24	-0.03	-0.21	-0.022	-0.009	0.008	0.000	-0.000	0.000	0.1200	-0.1200	-0.1200	0.0000	0.0000	0.0000	0	1.00	0.2624	0.2264	-0.4830	1.390	0
168160	21.422	-0.560	-22.359	-0.33	0.39	-0.22	-0.029	-0.028	0.010	0.000	-0.000	0.000	0.1200	-0.1200	-0.1200	0.0000	0.0000	0.0000	0	1.00	0.2624	0.2264	-0.4830	1.390	0
168168	21.419	-0.564	-22.361	0.03	0.57	-0.13	-0.023	-0.011	0.009	0.000	-0.000	0.000	0.1200	-0.1200	-0.1200	0.0000	0.0000	0.0000	0	1.00	0.2624	0.2264	-0.4830	1.390	0
168176	21.419	-0.559	-22.356	-0.57	0.35	-0.35	-0.013	-0.016	0.025	0.000	-0.000	0.000	0.1200	-0.1200	-0.1200	0.0000	0.0000	0.0000	0	1.00	0.2624	0.2264	-0.4830	1.390	0
168184	21.420	-0.555	-22.354	-0.24	0.27	-0.51	-0.018	0.014	0.015	0.000	-0.000	0.000	0.1200	-0.1200	-0.1200	0.0000	0.0000	0.0000	0	1.00	0.2624	0.2264	-0.4830	1.390	0
168192	21.420	-0.552	-22.350	-0.18	0.56	-0.22	-0.002	-0.024	0.012	-0.000	-0.000	0.000	0.1200	-0.1200	-0.1200	0.0000	0.0000	0.0000	0	1.00	0.2624	0.2264	-0.4830	1.390	0
168200	21.419	-0.552	-22.349	-0.39	0.31	-0.39	0.008	0.009	-0.004	0.000	-0.000	0.000	0.1200	-0.1200	-0.1200	0.0000	0.0000	0.0000	0	1.00	0.2624	0.2264	-0.4830	1.390	0
168208	21.425	-0.544	-22.348	-0.33	0.39	-0.22	0.020	0.008	-0.009	0.000	-0.000	0.000	0.1200	-0.1200	-0.1200	0.0000	0.0000	0.0000	0	1.00	0.2624	0.2264	-0.4830	1.390	0
168216	21.423	-0.540	-22.343	-0.52	0.56	-0.31	0.025	0.004	-0.015	0.000	-0.000	0.000	0.1200	-0.1200	-0.1200	0.0000	0.0000	0.0000	0	1.00	0.2624	0.2264	-0.4830	1.390	0
168224	21.427	-0.533	-22.341	-0.20	0.40	-0.56	0.010	0.012	-0.026	0.000	-0.000	0.000	0.1200	-0.1200	-0.1200	0.0000	0.0000	0.0000	0	1.00	0.2624	0.2264	-0.4830	1.390	0
168232	21.432	-0.529	-22.342	-0.41	0.38	-0.66	0.003	-0.003	-0.022	0.000	-0.000	0.000	0.1200	-0.1200	-0.1200	0.0000	0.0000	0.0000	0	1.00	0.2624	0.2264	-0.4830	1.390	0
168240	21.433	-0.530	-22.344	-0.55	0.03	-0.59	0.002	-0.006	-0.021	0.000	-0.000	-0.000	0.1200	-0.1200	-0.1200	0.0000	0.0000	0.0000	0	1.00	0.2624	0.2264	-0.4830	1.390	0
168248	21.437	-0.529	-22.347	-0.25	0.08	-0.19	-0.003	-0.009	-0.021	0.000	-0.000	-0.000	0.1200	-0.1200	-0.1200	0.0000	0.0000	0.0000	0	1.00	0.2624	0.2264	-0.4830	1.390	0
168255	21.440	-0.530	-22.351	-0.32	-0.12	-0.13	-0.013	-0.039	-0.024	0.000	-0.000	-0.000	0.1200	-0.1200	-0.1200	0.0000	0.0000	0.0000	0	1.00	0.2624	0.2264	-0.4830	1.390	0
168263	21.444	-0.528	-22.353	-0.23	-0.16	-0.51	-0.040	0.003	-0.001	0.000	-0.000	-0.000	0.1200	-0.1200	-0.1200	0.0000	0.0000	0.0000	0	1.00	0.2624	0.2264	-0.4830	1.390	0
168272	21.440	-0.528	-22.349	-0.31	-0.30	-0.39	-0.038	0.011	0.002	0.000	-0.000	-0.000	0.1200	-0.1200	-0.1200	0.0000	0.0000	0.0000	0	1.00	0.2624	0.2264	-0.4830	1.390	0
168279	21.438	-0.525	-22.344	-0.78	-0.21	-0.22	-0.040	-0.020	0.006	-0.000	-0.000	-0.000	0.1200	-0.1200	-0.1200	0.0000	0.0000	0.0000	0	1.00	0.2624	0.2264	-0.4830	1.390	0
168287	21.441	-0.520	-22.343	-0.44	0.01	-0.35	-0.025	-0.018	0.011	-0.000	-0.000	-0.000	0.1200	-0.1200	-0.1200	0.0000	0.0000	0.0000	0	1.00	0.2624	0.2264	-0.4830	1.390	0
168295	21.436	-0.521	-22.339	-0.31	0.21	-0.58	-0.017	-0.002	0.012	-0.000	-0.000	-0.000	0.1200	-0.1200	-0.1200	0.0000	0.0000	0.0000	0	1.00	0.2624	0.2264	-0.4830	1.390	0
168303	21.434	-0.523	-22.338	-0.44	-0.12	-0.22	-0.000	0.013	-0.002	-0.000	-0.000	-0.000	0.1200	-0.1200	-0.1200	0.0000	0.0000	0.0000	0	1.00	0.2624	0.2264	-0.4830	1.390	0
168311	21.431	-0.521	-22.333	-0.53	0.12	-0.49	0.013	0.033	0.002	-0.000	-0.000	-0.000	0.1200	-0.1200	-0.1200	0.0000	0.0000	0.0000	0	1.00	0.2624	0.2264	-0.4830	1.390	0
168319	21.430	-0.523	-22.334	-0.40	0.33	-0.72	0.034	0.020	0.005	-0.000	-0.000	-0.000	0.1200	-0.1200	-0.1200	0.0000	0.0000	0.0000	0	1.00	0.2624	0.2264	-0.4830	1.390	0
168327	21.430	-0.527	-22.338	-0.40	0.04	-0.75	0.042	0.029	0.008	0.000	-0.000	-0.000	0.1200	-0.1200	-0.1200	0.0000	0.0000	0.0000	0	1.00	0.2624	0.2264	-0.4830	1.390	0
168335	21.430	-0.528	-22.339	-0.61	-0.23	-0.16	0.046	0.031	-0.002	0.000	-0.000	-0.000	0.1200	-0.1200	-0.1200	0.0000	0.0000	0.0000	0	1.00	0.2624	0.2264	-0.4830	1.390	0
168343	21.428	-0.537	-22.344	-0.26	-0.42	-0.00	0.037	0.036	0.004	0.000	-0.000	-0.000	0.1200	-0.1200	-0.1200	0.0000	0.0000	0.0000	0	1.00	0.2624	0.2264	-0.4830	1.390	0
168351	21.429	-0.547	-22.354	0.02	-0.45	-0.46	0.025	0.002	0.020	0.000	-0.000	0.000	0.1200	-0.1200	-0.1200	0.0000	0.0000	0.0000	0	1.00	0.2624	0.2264	-0.4830	1.390	0
168359	21.431	-0.551	-22.361	-0.14	-0.15	-0.50	-0.002	-0.017	0.026	0.000	-0.000	0.000	0.1200	-0.1200	-0.1200	0.0000	0.0000	0.0000	0	1.00	0.2624	0.2264	-0.4830	1.390	0
168367	21.430	-0.554	-22.363	-0.77	-0.27	-0.28	-0.014	-0.004	-0.003	0.000	-0.000	0.000	0.1200	-0.1200	-0.1200	0.0000	0.0000	0.0000	0	1.00	0.2624	0.2264	-0.4830	1.390	0
168375	21.430	-0.558	-22.367	-0.58	-0.35	-0.28	-0.026	-0.028	-0.005	0.000	-0.000	0.000	0.1200	-0.1200	-0.1200	0.0000	0.0000	0.0000	0	1.00	0.2624	0.2264	-0.4830	1.390	0
168383	21.437	-0.561	-22.376	-0.21	0.15	-0.63	-0.028	-0.067	-0.004	0.000	-0.000	0.000	0.1200	-0.1200	-0.1200	0.0000	0.0000	0.0000	0	1.00	0.2624	0.2264	-0.4830	1.390	0
168391	21.432	-0.563	-22.373	0.00	0.06	-0.12	-0.055	-0.079	-0.008	0.000	-0.000	0.000	0.1200	-0.1200	-0.1200	0.0000	0.0000	0.0000	0	1.00	0.2624	0.2264	-0.4830	1.390	0
168398	21.426	-0.567	-22.370	-0.79	0.09	-0.09	-0.047	-0.033	-0.002	-0.000	-0.000	-0.000	0.1200	-0.1200	-0.1200	0.0000	0.0000	0.0000	0	1.00	0.2624	0.2264	-0.4830	1.390	0
168406	21.422	-0.571	-22.369	-0.49	-0.02	-0.28	-0.026	-0.016	-0.008	-0.000	-0.000	-0.000	0.1200	-0.1200	-0.1200	0.0000	0.0000	0.0000	0	1.00	0.2624	0.2264	-0.4830	1.390	0
168415	21.417	-0.570	-22.364	-0.60	0.05	-0.56	-0.015	-0.038	-0.008	-0.000	-0.001	-0.000	0.1200	-0.1200	-0.1200	0.0000	0.0000	0.0000	0	1.00	0.2624	0.2264	-0.4830	1.390	0
168422	21.405	-0.577	-22.358	-0.82	-0.16	-0.34	0.022	0.054	-0.009	-0.000	-0.000	-0.000	0.1200	-0.1200	-0.1200	0.0000	0.0000	0.0000	0	1.00	0.2624	0.2264	-0.4830	1.390	0
168430	21.395	-0.579	-22.350	-0.21	-0.24	-0.24	0.045	0.063	0.010	-0.000	-0.000	-0.000	0.1200	-0.1200	-0.1200	0.0000	0.0000	0.0000	0	1.00	0.2624	0.2264	-0.4830	1.390	0
168438	21.388	-0.584	-22.348	-0.47	-0.60	-0.69	0.047	0.057	-0.001	0.000	-0.000	-0.000	0.1200	-0.1200	-0.1200	0.0000	0.0000	0.0000	0	1.00	0.2624	0.2264	-0.4830	1.390	0
168446	21.378	-0.590	-22.343	0.05	-0.47	-0.38	0.044	0.057	0.017	0.000	-0.000	-0.000	0.1200	-0.1200	-0.1200	0.0000	0.0000	0.0000	0	1.00	0.2624	0.2264	-0.4830	1.390	0
168454	21.380	-0.593	-22.348	-0.34	-0.44	-0.44	0.028	0.062	0.017	0.000	-0.000	0.000	0.1200	-0.1200	-0.1200	0.0000	0.0000	0.0000	0	1.00	0.2624	0.2264	-0.4830	1.390	0
168462	21.384	-0.594	-22.353	0.04	-0.32	-0.41	0.020	0.009	0.017	0.000	-0.000	0.000	0.1200	-0.1200	-0.1200	0.0000	0.0000	0.0000	0	1.00	0.2624	0.2264	-0.4830	1.390	0
168470	21.390	-0.598	-22.362	-0.47	-0.08	-0.77	0.006	0.007	0.016	0.000	-0.000	0.000	0.1200	-0.1200	-0.1200	0.0000	0.0000	0.0000	0	1.00	0.2624	0.2264	-0.4830	1.390	0
# unknown. use: a<0/1> (arm)  m<0/1> (mode edge/corner)  g<0..1> (gain)  c (corner resolve)  e (edge resolve)  o<deg> (edge trim)  h<0/1> (halt)  d<N> (decim)  l<0/1> (link)  s (state)  k (keepalive)
168480	21.409	-0.588	-22.372	-0.40	0.28	-0.25	-0.021	-0.058	0.020	0.000	-0.000	0.000	0.1200	-0.1200	-0.1200	0.0000	0.0000	0.0000	0	1.00	0.2624	0.2264	-0.4830	1.390	0
168488	21.426	-0.574	-22.377	-0.18	1.21	-0.44	-0.034	-0.049	0.028	0.000	-0.000	0.000	0.1200	-0.1200	-0.1200	0.0000	0.0000	0.0000	0	1.00	0.2624	0.2264	-0.4830	1.390	0
168496	21.433	-0.563	-22.374	-0.55	0.98	-0.06	-0.030	-0.091	0.017	0.000	-0.000	0.000	0.1200	-0.1200	-0.1200	0.0000	0.0000	0.0000	0	1.00	0.2624	0.2264	-0.4830	1.390	0
168504	21.442	-0.552	-22.373	-0.70	1.06	0.01	-0.031	-0.074	0.007	0.000	-0.001	0.000	0.1200	-0.1200	-0.1200	0.0000	0.0000	0.0000	0	1.00	0.2624	0.2264	-0.4830	1.390	0
168511	21.452	-0.537	-22.369	-0.39	1.00	-0.66	-0.001	-0.033	0.003	0.000	-0.001	0.000	0.1200	-0.1200	-0.1200	0.0000	0.0000	0.0000	0	1.00	0.2624	0.2264	-0.4830	1.390	0
168519	21.445	-0.531	-22.356	-0.39	0.94	-0.28	-0.004	0.004	0.001	0.000	-0.001	0.000	0.1200	-0.1200	-0.1200	0.0000	0.0000	0.0000	0	1.00	0.2624	0.2264	-0.4830	1.390	0
168527	21.432	-0.530	-22.343	-0.79	0.51	-0.19	0.019	0.046	-0.021	0.000	-0.001	0.000	0.1200	-0.1200	-0.1200	0.0000	0.0000	0.0000	0	1.00	0.2624	0.2264	-0.4830	1.390	0
168535	21.425	-0.528	-22.334	-0.58	0.10	-0.42	0.023	0.056	-0.022	0.000	-0.000	0.000	0.1200	-0.1200	-0.1200	0.0000	0.0000	0.0000	0	1.00	0.2624	0.2264	-0.4830	1.390	0
168543	21.417	-0.524	-22.322	-0.12	-0.40	-0.49	0.023	0.111	-0.026	0.000	-0.000	0.000	0.1200	-0.1200	-0.1200	0.0000	0.0000	0.0000	0	1.00	0.2624	0.2264	-0.4830	1.390	0
168551	21.401	-0.528	-22.311	-0.21	-0.75	-0.15	0.021	0.106	-0.029	0.000	-0.000	0.000	0.1200	-0.1200	-0.1200	0.0000	0.0000	0.0000	0	1.00	0.2624	0.2264	-0.4830	1.390	0
168559	21.398	-0.534	-22.312	-0.30	-1.29	-0.26	0.015	0.086	-0.026	0.000	-0.000	-0.000	0.1200	-0.1200	-0.1200	0.0000	0.0000	0.0000	0	1.00	0.2624	0.2264	-0.4830	1.390	0
168567	21.401	-0.539	-22.321	-0.14	-1.16	-0.65	0.009	0.078	-0.015	0.000	-0.000	-0.000	0.1200	-0.1200	-0.1200	0.0000	0.0000	0.0000	0	1.00	0.2624	0.2264	-0.4830	1.390	0
168575	21.402	-0.551	-22.331	-0.49	-1.23	-0.55	0.004	0.008	-0.008	0.000	-0.000	-0.000	0.1200	-0.1200	-0.1200	0.0000	0.0000	0.0000	0	1.00	0.2624	0.2264	-0.4830	1.390	0
168583	21.406	-0.555	-22.339	-0.49	-0.95	-0.09	0.007	-0.041	0.008	0.000	-0.000	-0.000	0.1200	-0.1200	-0.1200	0.0000	0.0000	0.0000	0	1.00	0.2624	0.2264	-0.4830	1.390	0
168591	21.414	-0.558	-22.350	-0.17	-0.91	-0.23	-0.006	-0.087	0.020	0.000	-0.000	-0.000	0.1200	-0.1200	-0.1200	0.0000	0.0000	0.0000	0	1.00	0.2624	0.2264	-0.4830	1.390	0
168599	21.420	-0.567	-22.364	-0.15	-0.65	-0.31	-0.024	-0.093	0.033	0.000	-0.000	0.000	0.1200	-0.1200	-0.1200	0.0000	0.0000	0.0000	0	1.00	0.2624	0.2264	-0.4830	1.390	0
168607	21.422	-0.576	-22.374	-0.55	-0.73	-0.57	-0.032	-0.085	0.026	0.000	-0.000	0.000	0.1200	-0.1200	-0.1200	0.0000	0.0000	0.0000	0	1.00	0.2624	0.2264	-0.4830	1.390	0
168615	21.422	-0.574	-22.373	-0.47	-0.68	-0.17	-0.023	-0.114	0.023	0.000	-0.000	0.000	0.1200	-0.1200	-0.1200	0.0000	0.0000	0.0000	0	1.00	0.2624	0.2264	-0.4830	1.390	0
168622	21.419	-0.577	-22.372	-0.37	0.12	-0.32	-0.004	-0.085	0.034	0.000	-0.001	0.000	0.1200	-0.1200	-0.1200	0.0000	0.0000	0.0000	0	1.00	0.2624	0.2264	-0.4830	1.390	0
168631	21.410	-0.580	-22.366	-0.40	-0.22	-0.49	0.007	-0.049	0.007	0.000	-0.001	0.000	0.1200	-0.1200	-0.1200	0.0000	0.0000	0.0000	0	1.00	0.2624	0.2264	-0.4830	1.390	0
168639	21.402	-0.585	-22.362	-0.30	0.14	-0.21	-0.012	-0.004	-0.002	0.000	-0.001	0.000	0.1200	-0.1200	-0.1200	0.0000	0.0000	0.0000	0	1.00	0.2624	0.2264	-0.4830	1.390	0
168647	21.399	-0.589	-22.363	-0.22	0.28	-0.33	0.002	0.018	-0.010	0.000	-0.001	0.000	0.1200	-0.1200	-0.1200	0.0000	0.0000	0.0000	0	1.00	0.2624	0.2264	-0.4830	1.390	0
168654	21.395	-0.585	-22.356	-0.56	0.33	-0.46	-0.009	0.046	-0.030	0.000	-0.001	0.000	0.1200	-0.1200	-0.1200	0.0000	0.0000	0.0000	0	1.00	0.2624	0.2264	-0.4830	1.390	0
168662	21.393	-0.584	-22.353	-0.50	0.29	-0.58	0.001	0.080	-0.029	0.000	-0.000	0.000	0.1200	-0.1200	-0.1200	0.0000	0.0000	0.0000	0	1.00	0.2624	0.2264	-0.4830	1.390	0
168670	21.388	-0.585	-22.349	-0.54	0.77	-0.70	-0.013	0.120	-0.018	0.000	-0.000	0.000	0.1200	-0.1200	-0.1200	0.0000	0.0000	0.0000	0	1.00	0.2624	0.2264	-0.4830	1.390	0
168679	21.391	-0.587	-22.354	-0.49	0.31	-0.30	-0.015	0.088	-0.012	-0.000	-0.000	0.000	0.1200	-0.1200	-0.1200	0.0000	0.0000	0.0000	0	1.00	0.2624	0.2264	-0.4830	1.390	0
168686	21.395	-0.589	-22.360	-0.18	0.53	-0.51	-0.015	0.063	-0.012	-0.000	-0.000	-0.000	0.1200	-0.1200	-0.1200	0.0000	0.0000	0.0000	0	1.00	0.2624	0.2264	-0.4830	1.390	0
168695	21.403	-0.591	-22.369	-0.13	0.03	-0.49	-0.016	0.046	0.001	-0.000	-0.000	-0.000	0.1200	-0.1200	-0.1200	0.0000	0.0000	0.0000	0	1.00	0.2624	0.2264	-0.4830	1.390	0
168703	21.408	-0.592	-22.375	-0.08	0.27	-0.34	-0.004	0.008	0.006	-0.000	-0.000	-0.000	0.1200	-0.1200	-0.1200	0.0000	0.0000	0.0000	0	1.00	0.2624	0.2264	-0.4830	1.390	0
168711	21.415	-0.591	-22.381	-0.29	-0.20	-0.30	0.003	-0.041	0.007	-0.000	-0.000	0.000	0.1200	-0.1200	-0.1200	0.0000	0.0000	0.0000	0	1.00	0.2624	0.2264	-0.4830	1.390	0
168719	21.419	-0.592	-22.386	-0.33	-0.35	-0.53	0.009	-0.082	0.019	-0.000	-0.000	0.000	0.1200	-0.1200	-0.1200	0.0000	0.0000	0.0000	0	1.00	0.2624	0.2264	-0.4830	1.390	0
168726	21.419	-0.593	-22.387	-0.40	-0.48	-0.23	0.009	-0.074	0.017	-0.000	-0.000	0.000	0.1200	-0.1200	-0.1200	0.0000	0.0000	0.0000	0	1.00	0.2624	0.2264	-0.4830	1.390	0
168735	21.419	-0.593	-22.387	-0.46	-0.22	-0.32	0.017	-0.082	0.011	-0.000	-0.000	0.000	0.1200	-0.1200	-0.1200	0.0000	0.0000	0.0000	0	1.00	0.2624	0.2264	-0.4830	1.390	0
168743	21.415	-0.595	-22.385	-0.30	0.05	-0.13	0.033	-0.091	0.015	0.000	-0.000	0.000	0.1200	-0.1200	-0.1200	0.0000	0.0000	0.0000	0	1.00	0.2624	0.2264	-0.4830	1.390	0
168750	21.408	-0.595	-22.377	-0.33	-0.41	-0.16	0.018	-0.038	0.023	0.000	-0.001	0.000	0.1200	-0.1200	-0.1200	0.0000	0.0000	0.0000	0	1.00	0.2624	0.2264	-0.4830	1.390	0
168759	21.406	-0.594	-22.376	-0.36	-0.03	-0.30	0.013	-0.005	0.002	0.000	-0.001	0.000	0.1200	-0.1200	-0.1200	0.0000	0.0000	0.0000	0	1.00	0.2624	0.2264	-0.4830	1.390	0
168766	21.407	-0.592	-22.374	-0.25	0.40	-0.21	0.012	-0.010	-0.003	0.000	-0.001	0.000	0.1200	-0.1200	-0.1200	0.0000	0.0000	0.0000	0	1.00	0.2624	0.2264	-0.4830	1.390	0
168775	21.407	-0.586	-22.368	-0.45	0.76	-0.37	-0.008	0.039	-0.019	0.000	-0.000	0.000	0.1200	-0.1200	-0.1200	0.0000	0.0000	0.0000	0	1.00	0.2624	0.2264	-0.4830	1.390	0
168782	21.407	-0.583	-22.366	-0.38	0.55	-0.32	-0.024	0.071	-0.028	0.000	-0.000	0.000	0.1200	-0.1200	-0.1200	0.0000	0.0000	0.0000	0	1.00	0.2624	0.2264	-0.4830	1.390	0
168790	21.407	-0.578	-22.361	-0.54	0.42	-0.36	-0.041	0.061	-0.031	0.000	-0.000	-0.000	0.1200	-0.1200	-0.1200	0.0000	0.0000	0.0000	0	1.00	0.2624	0.2264	-0.4830	1.390	0
168799	21.408	-0.578	-22.362	-0.31	0.75	-0.38	-0.038	0.081	-0.025	-0.000	-0.000	-0.000	0.1200	-0.1200	-0.1200	0.0000	0.0000	0.0000	0	1.00	0.2624	0.2264	-0.4830	1.390	0
168806	21.412	-0.578	-22.366	-0.39	0.56	-0.65	-0.050	0.080	-0.020	-0.000	-0.000	-0.000	0.1200	-0.1200	-0.1200	0.0000	0.0000	0.0000	0	1.00	0.2624	0.2264	-0.4830	1.390	0
168814	21.417	-0.573	-22.366	-0.25	0.57	-0.38	-0.028	0.028	-0.018	-0.000	-0.000	-0.000	0.1200	-0.1200	-0.1200	0.0000	0.0000	0.0000	0	1.00	0.2624	0.2264	-0.4830	1.390	0
168822	21.422	-0.573	-22.371	-0.54	0.27	-0.52	-0.011	0.014	0.005	-0.000	-0.000	-0.000	0.1200	-0.1200	-0.1200	0.0000	0.0000	0.0000	0	1.00	0.2624	0.2264	-0.4830	1.390	0
168830	21.422	-0.571	-22.369	-0.76	0.25	-0.19	0.007	-0.020	0.024	-0.000	-0.000	-0.000	0.1200	-0.1200	-0.1200	0.0000	0.0000	0.0000	0	1.00	0.2624	0.2264	-0.4830	1.390	0
168838	21.428	-0.566	-22.372	-0.62	0.37	-0.33	0.030	-0.060	0.032	-0.000	-0.000	-0.000	0.1200	-0.1200	-0.1200	0.0000	0.0000	0.0000	0	1.00	0.2624	0.2264	-0.4830	1.390	0
168846	21.428	-0.565	-22.370	-0.58	0.01	-0.34	0.037	-0.038	0.041	-0.000	-0.000	0.000	0.1200	-0.1200	-0.1200	0.0000	0.0000	0.0000	0	1.00	0.2624	0.2264	-0.4830	1.390	0
168854	21.427	-0.562	-22.367	-0.08	0.05	-0.13	0.053	-0.053	0.040	-0.000	-0.000	0.000	0.1200	-0.1200	-0.1200	0.0000	0.0000	0.0000	0	1.00	0.2624	0.2264	-0.4830	1.390	0
168862	21.428	-0.552	-22.358	-0.44	0.29	-0.33	0.053	-0.064	0.035	0.000	-0.000	0.000	0.1200	-0.1200	-0.1200	0.0000	0.0000	0.0000	0	1.00	0.2624	0.2264	-0.4830	1.390	0
168870	21.425	-0.550	-22.354	-0.39	-0.57	-0.57	0.048	-0.033	0.013	0.000	-0.000	0.000	0.1200	-0.1200	-0.1200	0.0000	0.0000	0.0000	0	1.00	0.2624	0.2264	-0.4830	1.390	0
168878	21.421	-0.548	-22.348	-0.17	-0.03	-0.38	0.010	0.017	-0.002	0.000	-0.000	0.000	0.1200	-0.1200	-0.1200	0.0000	0.0000	0.0000	0	1.00	0.2624	0.2264	-0.4830	1.390	0
168886	21.422	-0.548	-22.349	-0.05	-0.11	-0.20	0.004	0.011	-0.004	0.000	-0.000	0.000	0.1200	-0.1200	-0.1200	0.0000	0.0000	0.0000	0	1.00	0.2624	0.2264	-0.4830	1.390	0
168894	21.419	-0.550	-22.348	-0.40	-0.09	-0.62	-0.021	0.048	-0.024	0.000	-0.000	0.000	0.1200	-0.1200	-0.1200	0.0000	0.0000	0.0000	0	1.00	0.2624	0.2264	-0.4830	1.390	0
168902	21.420	-0.548	-22.348	-0.34	-0.00	-0.44	-0.045	0.070	-0.036	0.000	-0.000	0.000	0.1200	-0.1200	-0.1200	0.0000	0.0000	0.0000	0	1.00	0.2624	0.2264	-0.4830	1.390	0
168910	21.426	-0.544	-22.350	-0.44	0.00	-0.78	-0.049	0.029	-0.042	0.000	-0.000	0.000	0.1200	-0.1200	-0.1200	0.0000	0.0000	0.0000	0	1.00	0.2624	0.2264	-0.4830	1.390	0
168918	21.427	-0.546	-22.352	-0.34	0.11	-0.25	-0.072	0.016	-0.046	-0.000	-0.000	-0.000	0.1200	-0.1200	-0.1200	0.0000	0.0000	0.0000	0	1.00	0.2624	0.2264	-0.4830	1.390	0
168925	21.430	-0.543	-22.353	-0.22	0.09	-0.44	-0.053	0.014	-0.031	-0.000	-0.000	-0.000	0.1200	-0.1200	-0.1200	0.0000	0.0000	0.0000	0	1.00	0.2624	0.2264	-0.4830	1.390	0
168933	21.427	-0.543	-22.350	0.12	0.08	-0.36	-0.028	-0.007	-0.015	-0.000	-0.000	-0.000	0.1200	-0.1200	-0.1200	0.0000	0.0000	0.0000	0	1.00	0.2624	0.2264	-0.4830	1.390	0
168941	21.429	-0.543	-22.352	-0.45	-0.41	-0.25	-0.020	0.000	-0.010	-0.000	-0.000	-0.000	0.1200	-0.1200	-0.1200	0.0000	0.0000	0.0000	0	1.00	0.2624	0.2264	-0.4830	1.390	0
168949	21.432	-0.542	-22.354	-0.45	-0.32	-0.33	0.007	-0.018	0.006	-0.000	-0.000	-0.000	0.1200	-0.1200	-0.1200	0.0000	0.0000	0.0000	0	1.00	0.2624	0.2264	-0.4830	1.390	0
168957	21.433	-0.544	-22.356	-0.27	-0.65	-0.40	0.037	-0.039	0.018	-0.000	-0.000	-0.000	0.1200	-0.1200	-0.1200	0.0000	0.0000	0.0000	0	1.00	0.2624	0.2264	-0.4830	1.390	0
168965	21.430	-0.546	-22.356	-0.48	-0.32	-0.41	0.034	-0.046	0.013	-0.000	-0.000	-0.000	0.1200	-0.1200	-0.1200	0.0000	0.0000	0.0000	0	1.00	0.2624	0.2264	-0.4830	1.390	0
168973	21.430	-0.548	-22.357	-0.29	-0.59	-0.34	0.055	-0.041	0.009	-0.000	-0.000	-0.000	0.1200	-0.1200	-0.1200	0.0000	0.0000	0.0000	0	1.00	0.2624	0.2264	-0.4830	1.390	0
168981	21.425	-0.551	-22.355	-0.41	-0.63	-0.39	0.056	-0.012	0.009	0.000	-0.000	-0.000	0.1200	-0.1200	-0.1200	0.0000	0.0000	0.0000	0	1.00	0.2624	0.2264	-0.4830	1.390	0
168989	21.420	-0.556	-22.355	-0.45	-0.41	-0.25	0.054	0.007	0.019	0.000	-0.000	-0.000	0.1200	-0.1200	-0.1200	0.0000	0.0000	0.0000	0	1.00	0.2624	0.2264	-0.4830	1.390	0
168997	21.412	-0.560	-22.349	-0.67	-0.19	-0.46	0.037	-0.006	-0.001	0.000	-0.000	0.000	0.1200	-0.1200	-0.1200	0.0000	0.0000	0.0000	0	1.00	0.2624	0.2264	-0.4830	1.390	0
169004	21.404	-0.568	-22.349	-0.45	-0.50	-0.16	0.011	0.034	-0.010	0.000	-0.000	-0.000	0.1200	-0.1200	-0.1200	0.0000	0.0000	0.0000	0	1.00	0.2624	0.2264	-0.4830	1.390	0
169012	21.402	-0.569	-22.349	-0.27	-0.15	-0.59	-0.019	0.012	-0.024	0.000	-0.000	-0.000	0.1200	-0.1200	-0.1200	0.0000	0.0000	0.0000	0	1.00	0.2624	0.2264	-0.4830	1.390	0
169020	21.406	-0.567	-22.350	-0.47	0.08	-0.19	-0.035	0.009	-0.025	0.000	-0.000	-0.000	0.1200	-0.1200	-0.1200	0.0000	0.0000	0.0000	0	1.00	0.2624	0.2264	-0.4830	1.390	0
169028	21.407	-0.564	-22.349	-0.53	0.21	-0.58	-0.056	0.025	-0.009	0.000	-0.000	-0.000	0.1200	-0.1200	-0.1200	0.0000	0.0000	0.0000	0	1.00	0.2624	0.2264	-0.4830	1.390	0
169036	21.412	-0.561	-22.351	-0.08	0.18	-0.26	-0.053	0.029	-0.007	-0.000	-0.000	-0.000	0.1200	-0.1200	-0.1200	0.0000	0.0000	0.0000	0	1.00	0.2624	0.2264	-0.4830	1.390	0
169044	21.411	-0.564	-22.353	-0.58	0.06	-0.38	-0.055	0.020	0.002	-0.000	-0.000	-0.000	0.1200	-0.1200	-0.1200	0.0000	0.0000	0.0000	0	1.00	0.2624	0.2264	-0.4830	1.390	0
169052	21.416	-0.563	-22.356	-0.41	0.13	-0.40	-0.053	0.006	0.008	-0.000	-0.000	-0.000	0.1200	-0.1200	-0.1200	0.0000	0.0000	0.0000	0	1.00	0.2624	0.2264	-0.4830	1.390	0
169060	21.420	-0.559	-22.358	-0.36	0.19	-0.51	-0.033	0.009	0.022	-0.000	-0.000	-0.000	0.1200	-0.1200	-0.1200	0.0000	0.0000	0.0000	0	1.00	0.2624	0.2264	-0.4830	1.390	0
169068	21.420	-0.561	-22.359	-0.29	0.17	-0.36	-0.003	-0.008	0.025	-0.000	-0.000	-0.000	0.1200	-0.1200	-0.1200	0.0000	0.0000	0.0000	0	1.00	0.2624	0.2264	-0.4830	1.390	0
169076	21.419	-0.559	-22.356	-0.26	-0.04	-0.39	0.017	-0.004	0.015	-0.000	-0.000	-0.000	0.1200	-0.1200	-0.1200	0.0000	0.0000	0.0000	0	1.00	0.2624	0.2264	-0.4830	1.390	0
169084	21.415	-0.561	-22.354	-0.52	-0.11	0.05	0.037	-0.006	0.003	-0.000	-0.000	0.000	0.1200	-0.1200	-0.1200	0.0000	0.0000	0.0000	0	1.00	0.2624	0.2264	-0.4830	1.390	0
169092	21.409	-0.561	-22.348	-0.44	-0.34	-0.44	0.040	-0.018	-0.009	-0.000	-0.000	0.000	0.1200	-0.1200	-0.1200	0.0000	0.0000	0.0000	0	1.00	0.2624	0.2264	-0.4830	1.390	0
169099	21.405	-0.559	-22.341	-0.20	-0.16	-0.43	0.046	-0.025	-0.011	-0.000	-0.000	0.000	0.1200	-0.1200	-0.1200	0.0000	0.0000	0.0000	0	1.00	0.2624	0.2264	-0.4830	1.390	0
169107	21.407	-0.552	-22.337	-0.36	0.02	-0.34	0.047	-0.007	-0.017	0.000	-0.000	-0.000	0.1200	-0.1200	-0.1200	0.0000	0.0000	0.0000	0	1.00	0.2624	0.2264	-0.4830	1.390	0
169115	21.410	-0.550	-22.339	-0.45	-0.28	-0.37	0.041	-0.021	-0.028	0.000	-0.000	-0.000	0.1200	-0.1200	-0.1200	0.0000	0.0000	0.0000	0	1.00	0.2624	0.2264	-0.4830	1.390	0
169123	21.418	-0.544	-22.342	-0.32	-0.29	-0.39	0.021	0.022	-0.035	0.000	-0.000	-0.000	0.1200	-0.1200	-0.1200	0.0000	0.0000	0.0000	0	1.00	0.2624	0.2264	-0.4830	1.390	0
169131	21.423	-0.546	-22.348	0.09	-0.40	-0.06	0.011	0.010	-0.020	0.000	-0.000	-0.000	0.1200	-0.1200	-0.1200	0.0000	0.0000	0.0000	0	1.00	0.2624	0.2264	-0.4830	1.390	0
169139	21.424	-0.554	-22.356	-0.63	-0.41	-0.60	-0.013	-0.005	-0.005	0.000	-0.000	-0.000	0.1200	-0.1200	-0.1200	0.0000	0.0000	0.0000	0	1.00	0.2624	0.2264	-0.4830	1.390	0
169147	21.424	-0.553	-22.356	-0.54	-0.33	-0.34	-0.023	0.005	0.007	0.000	-0.000	-0.000	0.1200	-0.1200	-0.1200	0.0000	0.0000	0.0000	0	1.00	0.2624	0.2264	-0.4830	1.390	0
169155	21.427	-0.555	-22.361	-0.40	-0.22	-0.49	-0.042	0.003	0.016	0.000	-0.000	-0.000	0.1200	-0.1200	-0.1200	0.0000	0.0000	0.0000	0	1.00	0.2624	0.2264	-0.4830	1.390	0
169163	21.425	-0.562	-22.364	-0.66	-0.29	-0.48	-0.033	0.022	0.026	-0.000	-0.000	-0.000	0.1200	-0.1200	-0.1200	0.0000	0.0000	0.0000	0	1.00	0.2624	0.2264	-0.4830	1.390	0
169171	21.419	-0.566	-22.362	-0.57	-0.28	-0.47	-0.044	0.027	0.018	-0.000	-0.000	-0.000	0.1200	-0.1200	-0.1200	0.0000	0.0000	0.0000	0	1.00	0.2624	0.2264	-0.4830	1.390	0
169179	21.412	-0.571	-22.360	-0.61	-0.40	-0.41	-0.026	0.002	0.026	-0.000	-0.000	-0.000	0.1200	-0.1200	-0.1200	0.0000	0.0000	0.0000	0	1.00	0.2624	0.2264	-0.4830	1.390	0
169186	21.411	-0.575	-22.363	-0.44	-0.08	-0.70	-0.003	-0.020	0.026	-0.000	-0.000	-0.000	0.1200	-0.1200	-0.1200	0.0000	0.0000	0.0000	0	1.00	0.2624	0.2264	-0.4830	1.390	0
169194	21.412	-0.580	-22.368	-0.60	-0.08	-0.43	-0.013	-0.016	0.003	-0.000	-0.000	0.000	0.1200	-0.1200	-0.1200	0.0000	0.0000	0.0000	0	1.00	0.2624	0.2264	-0.4830	1.390	0
169202	21.411	-0.582	-22.370	-0.50	-0.17	-0.44	0.008	0.003	0.020	-0.000	-0.000	0.000	0.1200	-0.1200	-0.1200	0.0000	0.0000	0.0000	0	1.00	0.2624	0.2264	-0.4830	1.390	0
169210	21.413	-0.586	-22.375	-0.24	-0.03	-0.21	0.023	-0.016	-0.008	-0.000	-0.000	0.000	0.1200	-0.1200	-0.1200	0.0000	0.0000	0.0000	0	1.00	0.2624	0.2264	-0.4830	1.390	0
169218	21.414	-0.588	-22.377	-0.07	0.17	-0.36	0.029	-0.004	-0.011	-0.000	-0.000	0.000	0.1200	-0.1200	-0.1200	0.0000	0.0000	0.0000	0	1.00	0.2624	0.2264	-0.4830	1.390	0
169226	21.418	-0.582	-22.376	-0.42	0.23	-0.39	0.029	-0.010	-0.017	-0.000	-0.000	-0.000	0.1200	-0.1200	-0.1200	0.0000	0.0000	0.0000	0	1.00	0.2624	0.2264	-0.4830	1.390	0
169234	21.412	-0.585	-22.372	-0.68	0.04	-0.57	0.019	0.010	-0.035	0.000	-0.000	-0.000	0.1200	-0.1200	-0.1200	0.0000	0.0000	0.0000	0	1.00	0.2624	0.2264	-0.4830	1.390	0
169242	21.407	-0.591	-22.373	-0.24	-0.16	-0.08	-0.000	-0.016	-0.032	0.000	-0.000	-0.000	0.1200	-0.1200	-0.1200	0.0000	0.0000	0.0000	0	1.00	0.2624	0.2264	-0.4830	1.390	0
169250	21.405	-0.595	-22.375	-0.31	0.12	-0.49	-0.010	0.008	-0.038	-0.000	-0.000	-0.000	0.1200	-0.1200	-0.1200	0.0000	0.0000	0.0000	0	1.00	0.2624	0.2264	-0.4830	1.390	0
169258	21.405	-0.590	-22.370	-0.43	-0.06	-0.41	-0.010	0.011	-0.033	-0.000	-0.000	-0.000	0.1200	-0.1200	-0.1200	0.0000	0.0000	0.0000	0	1.00	0.2624	0.2264	-0.4830	1.390	0
169266	21.408	-0.594	-22.377	-0.58	0.23	-0.55	-0.015	0.023	-0.031	-0.000	-0.000	-0.000	0.1200	-0.1200	-0.1200	0.0000	0.0000	0.0000	0	1.00	0.2624	0.2264	-0.4830	1.390	0
169273	21.407	-0.596	-22.378	-0.38	-0.17	-0.35	-0.012	0.031	-0.014	-0.000	-0.000	-0.000	0.1200	-0.1200	-0.1200	0.0000	0.0000	0.0000	0	1.00	0.2624	0.2264	-0.4830	1.390	0
169281	21.408	-0.596	-22.379	-0.24	0.10	-0.34	0.002	-0.005	-0.000	-0.000	-0.000	-0.000	0.1200	-0.1200	-0.1200	0.0000	0.0000	0.0000	0	1.00	0.2624	0.2264	-0.4830	1.390	0
169289	21.410	-0.597	-22.381	-0.41	0.04	-0.32	-0.004	-0.019	0.032	-0.000	-0.000	-0.000	0.1200	-0.1200	-0.1200	0.0000	0.0000	0.0000	0	1.00	0.2624	0.2264	-0.4830	1.390	0
169297	21.414	-0.596	-22.384	-0.41	-0.00	-0.27	-0.014	0.001	0.042	-0.000	-0.000	-0.000	0.1200	-0.1200	-0.1200	0.0000	0.0000	0.0000	0	1.00	0.2624	0.2264	-0.4830	1.390	0
169305	21.412	-0.590	-22.378	-0.36	0.14	-0.47	-0.004	0.007	0.038	-0.000	-0.000	-0.000	0.1200	-0.1200	-0.1200	0.0000	0.0000	0.0000	0	1.00	0.2624	0.2264	-0.4830	1.390	0
169313	21.409	-0.590	-22.374	-0.42	0.01	-0.17	0.011	-0.002	0.048	-0.000	-0.000	-0.000	0.1200	-0.1200	-0.1200	0.0000	0.0000	0.0000	0	1.00	0.2624	0.2264	-0.4830	1.390	0
169321	21.406	-0.591	-22.373	-0.47	-0.01	-0.53	0.008	-0.021	0.035	-0.000	-0.000	-0.000	0.1200	-0.1200	-0.1200	0.0000	0.0000	0.0000	0	1.00	0.2624	0.2264	-0.4830	1.390	0
169329	21.400	-0.592	-22.367	-0.36	-0.16	-0.17	0.018	-0.030	0.025	-0.000	-0.000	0.000	0.1200	-0.1200	-0.1200	0.0000	0.0000	0.0000	0	1.00	0.2624	0.2264	-0.4830	1.390	0
169337	21.401	-0.588	-22.364	-0.05	-0.50	-0.25	0.002	0.004	0.013	-0.000	-0.000	0.000	0.1200	-0.1200	-0.1200	0.0000	0.0000	0.0000	0	1.00	0.2624	0.2264	-0.4830	1.390	0
169345	21.400	-0.591	-22.366	-0.05	-0.65	-0.40	0.016	-0.002	-0.011	-0.000	-0.000	0.000	0.1200	-0.1200	-0.1200	0.0000	0.0000	0.0000	0	1.00	0.2624	0.2264	-0.4830	1.390	0
169353	21.404	-0.593	-22.372	-0.34	-0.63	-0.56	0.007	0.000	-0.025	-0.000	-0.000	0.000	0.1200	-0.1200	-0.1200	0.0000	0.0000	0.0000	0	1.00	0.2624	0.2264	-0.4830	1.390	0
169361	21.404	-0.597	-22.375	-0.54	-0.57	-0.41	0.019	0.000	-0.043	-0.000	-0.000	-0.000	0.1200	-0.1200	-0.1200	0.0000	0.0000	0.0000	0	1.00	0.2624	0.2264	-0.4830	1.390	0
169369	21.402	-0.608	-22.383	-0.41	-0.55	-0.47	0.002	0.018	-0.038	0.000	-0.000	-0.000	0.1200	-0.1200	-0.1200	0.0000	0.0000	0.0000	0	1.00	0.2624	0.2264	-0.4830	1.390	0
169377	21.398	-0.614	-22.385	-0.29	-0.50	-0.43	0.000	0.007	-0.049	0.000	-0.000	-0.000	0.1200	-0.1200	-0.1200	0.0000	0.0000	0.0000	0	1.00	0.2624	0.2264	-0.4830	1.390	0
169385	21.394	-0.618	-22.384	-0.34	-0.69	-0.18	-0.002	-0.004	-0.039	0.000	-0.000	-0.000	0.1200	-0.1200	-0.1200	0.0000	0.0000	0.0000	0	1.00	0.2624	0.2264	-0.4830	1.390	0
169393	21.390	-0.623	-22.385	-0.30	-0.48	-0.32	-0.002	0.020	-0.024	-0.000	-0.000	-0.000	0.1200	-0.1200	-0.1200	0.0000	0.0000	0.0000	0	1.00	0.2624	0.2264	-0.4830	1.390	0
169401	21.388	-0.625	-22.386	-0.12	-0.68	-0.52	-0.004	-0.013	0.001	-0.000	-0.000	-0.000	0.1200	-0.1200	-0.1200	0.0000	0.0000	0.0000	0	1.00	0.2624	0.2264	-0.4830	1.390	0
169409	21.389	-0.626	-22.387	-0.27	-0.32	-0.42	-0.022	-0.019	0.023	-0.000	-0.000	-0.000	0.1200	-0.1200	-0.1200	0.0000	0.0000	0.0000	0	1.00	0.2624	0.2264	-0.4830	1.390	0
169417	21.389	-0.629	-22.389	-0.19	-0.59	-0.43	-0.025	0.016	0.043	-0.000	-0.000	-0.000	0.1200	-0.1200	-0.1200	0.0000	0.0000	0.0000	0	1.00	0.2624	0.2264	-0.4830	1.390	0
169425	21.390	-0.634	-22.395	-0.39	-0.69	-0.44	-0.029	-0.010	0.043	-0.000	-0.000	-0.000	0.1200	-0.1200	-0.1200	0.0000	0.0000	0.0000	0	1.00	0.2624	0.2264	-0.4830	1.390	0
169433	21.386	-0.644	-22.400	-0.52	-0.81	-0.73	-0.020	-0.020	0.035	-0.000	-0.000	-0.000	0.1200	-0.1200	-0.1200	0.0000	0.0000	0.0000	0	1.00	0.2624	0.2264	-0.4830	1.390	0
169441	21.382	-0.652	-22.403	-0.39	-0.87	-0.27	0.005	0.019	0.038	-0.000	-0.000	-0.000	0.1200	-0.1200	-0.1200	0.0000	0.0000	0.0000	0	1.00	0.2624	0.2264	-0.4830	1.390	0
169449	21.381	-0.654	-22.404	-0.27	-0.91	-0.14	0.004	0.008	0.017	-0.000	-0.000	0.000	0.1200	-0.1200	-0.1200	0.0000	0.0000	0.0000	0	1.00	0.2624	0.2264	-0.4830	1.390	0
169458	21.376	-0.661	-22.406	-0.22	-0.91	0.12	0.016	0.005	0.009	-0.000	-0.000	0.000	0.1200	-0.1200	-0.1200	0.0000	0.0000	0.0000	0	1.00	0.2624	0.2264	-0.4830	1.390	0
169465	21.366	-0.674	-22.407	-0.19	-0.75	-0.59	0.011	-0.020	0.000	-0.000	-0.000	0.000	0.1200	-0.1200	-0.1200	0.0000	0.0000	0.0000	0	1.00	0.2624	0.2264	-0.4830	1.390	0
169473	21.368	-0.674	-22.410	-0.63	-0.50	-0.51	0.011	-0.005	-0.007	-0.000	-0.000	0.000	0.1200	-0.1200	-0.1200	0.0000	0.0000	0.0000	0	1.00	0.2624	0.2264	-0.4830	1.390	0
169481	21.368	-0.676	-22.411	-0.60	-0.40	-0.85	0.024	0.000	-0.010	-0.000	-0.000	0.000	0.1200	-0.1200	-0.1200	0.0000	0.0000	0.0000	0	1.00	0.2624	0.2264	-0.4830	1.390	0
169489	21.365	-0.681	-22.413	-0.19	-0.05	-0.23	0.023	-0.023	-0.016	-0.000	-0.000	-0.000	0.1200	-0.1200	-0.1200	0.0000	0.0000	0.0000	0	1.00	0.2624	0.2264	-0.4830	1.390	0
169497	21.365	-0.686	-22.417	-0.38	0.00	-0.52	-0.000	-0.013	-0.034	-0.000	-0.000	-0.000	0.1200	-0.1200	-0.1200	0.0000	0.0000	0.0000	0	1.00	0.2624	0.2264	-0.4830	1.390	0
169505	21.368	-0.689	-22.423	-0.12	-0.44	-0.45	0.014	0.000	-0.021	0.000	-0.000	-0.000	0.1200	-0.1200	-0.1200	0.0000	0.0000	0.0000	0	1.00	0.2624	0.2264	-0.4830	1.390	0
169513	21.365	-0.691	-22.421	-0.06	-0.09	-0.53	0.002	-0.002	-0.026	0.000	-0.000	-0.000	0.1200	-0.1200	-0.1200	0.0000	0.0000	0.0000	0	1.00	0.2624	0.2264	-0.4830	1.390	0
169521	21.365	-0.692	-22.423	-0.39	0.13	-0.22	-0.003	0.014	-0.024	0.000	-0.000	-0.000	0.1200	-0.1200	-0.1200	0.0000	0.0000	0.0000	0	1.00	0.2624	0.2264	-0.4830	1.390	0
169529	21.360	-0.696	-22.421	-0.41	0.25	-0.53	-0.009	-0.015	-0.012	-0.000	-0.000	-0.000	0.1200	-0.1200	-0.1200	0.0000	0.0000	0.0000	0	1.00	0.2624	0.2264	-0.4830	1.390	0
169537	21.352	-0.699	-22.415	-0.22	0.24	-0.28	-0.021	-0.018	-0.001	-0.000	-0.000	-0.000	0.1200	-0.1200	-0.1200	0.0000	0.0000	0.0000	0	1.00	0.2624	0.2264	-0.4830	1.390	0
169545	21.343	-0.702	-22.410	-0.41	0.19	-0.16	-0.011	0.011	0.007	-0.000	-0.000	-0.000	0.1200	-0.1200	-0.1200	0.0000	0.0000	0.0000	0	1.00	0.2624	0.2264	-0.4830	1.390	0
169553	21.338	-0.701	-22.404	-0.14	0.68	-0.27	-0.008	-0.017	0.020	-0.000	-0.000	-0.000	0.1200	-0.1200	-0.1200	0.0000	0.0000	0.0000	0	1.00	0.2624	0.2264	-0.4830	1.390	0
169561	21.337	-0.699	-22.402	-0.16	0.70	-0.17	0.000	-0.003	0.023	-0.000	-0.000	-0.000	0.1200	-0.1200	-0.1200	0.0000	0.0000	0.0000	0	1.00	0.2624	0.2264	-0.4830	1.390	0
169569	21.339	-0.697	-22.401	-0.43	0.77	-0.18	0.018	-0.007	0.026	-0.000	-0.000	-0.000	0.1200	-0.1200	-0.1200	0.0000	0.0000	0.0000	0	1.00	0.2624	0.2264	-0.4830	1.390	0
169577	21.343	-0.688	-22.397	-0.51	0.76	-0.19	0.014	0.002	0.028	-0.000	-0.000	-0.000	0.1200	-0.1200	-0.1200	0.0000	0.0000	0.0000	0	1.00	0.2624	0.2264	-0.4830	1.390	0
169585	21.350	-0.689	-22.405	-0.26	0.55	-0.23	-0.007	0.011	0.020	-0.000	-0.000	-0.000	0.1200	-0.1200	-0.1200	0.0000	0.0000	0.0000	0	1.00	0.2624	0.2264	-0.4830	1.390	0
169593	21.357	-0.681	-22.405	-0.53	0.58	-0.64	0.008	0.007	-0.006	-0.000	-0.000	-0.000	0.1200	-0.1200	-0.1200	0.0000	0.0000	0.0000	0	1.00	0.2624	0.2264	-0.4830	1.390	0
169601	21.365	-0.671	-22.403	-0.50	0.37	-0.24	0.008	-0.024	-0.007	-0.000	-0.000	-0.000	0.1200	-0.1200	-0.1200	0.0000	0.0000	0.0000	0	1.00	0.2624	0.2264	-0.4830	1.390	0
169609	21.368	-0.671	-22.407	-0.47	0.34	-0.45	-0.002	-0.002	-0.032	-0.000	-0.000	-0.000	0.1200	-0.1200	-0.1200	0.0000	0.0000	0.0000	0	1.00	0.2624	0.2264	-0.4830	1.390	0
169617	21.368	-0.665	-22.401	-0.47	0.42	-0.53	-0.014	0.009	-0.017	-0.000	-0.000	-0.000	0.1200	-0.1200	-0.1200	0.0000	0.0000	0.0000	0	1.00	0.2624	0.2264	-0.4830	1.390	0
169625	21.366	-0.659	-22.394	-0.43	-0.12	-0.04	-0.012	0.018	-0.014	-0.000	-0.000	-0.000	0.1200	-0.1200	-0.1200	0.0000	0.0000	0.0000	0	1.00	0.2624	0.2264	-0.4830	1.390	0
169633	21.364	-0.656	-22.389	-0.31	0.36	-0.42	-0.007	-0.002	-0.013	-0.000	-0.000	-0.000	0.1200	-0.1200	-0.1200	0.0000	0.0000	0.0000	0	1.00	0.2624	0.2264	-0.4830	1.390	0
169641	21.361	-0.656	-22.386	-0.51	0.17	-0.35	0.003	-0.011	-0.006	-0.000	-0.000	-0.000	0.1200	-0.1200	-0.1200	0.0000	0.0000	0.0000	0	1.00	0.2624	0.2264	-0.4830	1.390	0
169649	21.363	-0.654	-22.386	-0.46	0.22	-0.13	-0.015	-0.004	0.004	-0.000	-0.000	-0.000	0.1200	-0.1200	-0.1200	0.0000	0.0000	0.0000	0	1.00	0.2624	0.2264	-0.4830	1.390	0
169657	21.367	-0.652	-22.388	-0.15	0.40	-0.30	0.000	-0.012	0.018	-0.000	-0.000	-0.000	0.1200	-0.1200	-0.1200	0.0000	0.0000	0.0000	0	1.00	0.2624	0.2264	-0.4830	1.390	0
169664	21.372	-0.646	-22.388	-0.48	0.25	-0.36	-0.000	0.005	0.020	-0.000	-0.000	-0.000	0.1200	-0.1200	-0.1200	0.0000	0.0000	0.0000	0	1.00	0.2624	0.2264	-0.4830	1.390	0
169672	21.377	-0.645	-22.392	-0.20	0.38	-0.23	-0.002	-0.040	0.023	-0.000	-0.000	-0.000	0.1200	-0.1200	-0.1200	0.0000	0.0000	0.0000	0	1.00	0.2624	0.2264	-0.4830	1.390	0
169680	21.380	-0.637	-22.387	-0.57	0.22	-0.22	0.006	-0.018	0.010	-0.000	-0.000	-0.000	0.1200	-0.1200	-0.1200	0.0000	0.0000	0.0000	0	1.00	0.2624	0.2264	-0.4830	1.390	0
169688	21.379	-0.635	-22.386	-0.33	0.02	-0.59	0.008	-0.036	0.003	-0.000	-0.000	-0.000	0.1200	-0.1200	-0.1200	0.0000	0.0000	0.0000	0	1.00	0.2624	0.2264	-0.4830	1.390	0
169696	21.383	-0.625	-22.380	-0.28	-0.02	-0.29	0.013	-0.011	-0.002	-0.000	-0.000	-0.000	0.1200	-0.1200	-0.1200	0.0000	0.0000	0.0000	0	1.00	0.2624	0.2264	-0.4830	1.390	0
169704	21.385	-0.630	-22.386	-0.16	0.00	-0.53	0.017	-0.017	0.003	-0.000	-0.000	-0.000	0.1200	-0.1200	-0.1200	0.0000	0.0000	0.0000	0	1.00	0.2624	0.2264	-0.4830	1.390	0
169712	21.380	-0.635	-22.386	-0.62	0.03	-0.41	0.022	0.002	-0.009	0.000	-0.000	-0.000	0.1200	-0.1200	-0.1200	0.0000	0.0000	0.0000	0	1.00	0.2624	0.2264	-0.4830	1.390	0
169720	21.381	-0.631	-22.383	-0.36	0.06	-0.38	0.016	0.007	-0.015	0.000	-0.000	-0.000	0.1200	-0.1200	-0.1200	0.0000	0.0000	0.0000	0	1.00	0.2624	0.2264	-0.4830	1.390	0
169728	21.378	-0.633	-22.383	-0.48	-0.20	-0.21	-0.011	0.050	-0.021	0.000	-0.000	-0.000	0.1200	-0.1200	-0.1200	0.0000	0.0000	0.0000	0	1.00	0.2624	0.2264	-0.4830	1.390	0
169736	21.379	-0.634	-22.383	-0.64	-0.03	-0.55	-0.009	0.034	-0.007	0.000	-0.000	-0.000	0.1200	-0.1200	-0.1200	0.0000	0.0000	0.0000	0	1.00	0.2624	0.2264	-0.4830	1.390	0
169743	21.379	-0.633	-22.382	-0.52	0.11	-0.59	-0.025	0.029	-0.006	-0.000	-0.000	-0.000	0.1200	-0.1200	-0.1200	0.0000	0.0000	0.0000	0	1.00	0.2624	0.2264	-0.4830	1.390	0
169752	21.378	-0.634	-22.383	-0.45	0.13	-0.48	-0.018	0.018	0.010	-0.000	-0.000	-0.000	0.1200	-0.1200	-0.1200	0.0000	0.0000	0.0000	0	1.00	0.2624	0.2264	-0.4830	1.390	0
169760	21.375	-0.639	-22.385	-0.19	-0.31	0.03	-0.023	0.019	0.007	-0.000	-0.000	-0.000	0.1200	-0.1200	-0.1200	0.0000	0.0000	0.0000	0	1.00	0.2624	0.2264	-0.4830	1.390	0
169767	21.379	-0.638	-22.387	0.07	-0.24	0.01	-0.020	0.001	0.007	-0.000	-0.000	-0.000	0.1200	-0.1200	-0.1200	0.0000	0.0000	0.0000	0	1.00	0.2624	0.2264	-0.4830	1.390	0
169775	21.381	-0.638	-22.390	-0.45	0.22	-0.57	-0.009	-0.009	0.003	-0.000	-0.000	-0.000	0.1200	-0.1200	-0.1200	0.0000	0.0000	0.0000	0	1.00	0.2624	0.2264	-0.4830	1.390	0
169783	21.376	-0.639	-22.386	-0.85	0.05	-0.31	-0.005	0.009	0.024	-0.000	-0.000	-0.000	0.1200	-0.1200	-0.1200	0.0000	0.0000	0.0000	0	1.00	0.2624	0.2264	-0.4830	1.390	0
169791	21.374	-0.637	-22.382	-0.56	-0.26	-0.61	-0.001	-0.013	0.021	-0.000	-0.000	-0.000	0.1200	-0.1200	-0.1200	0.0000	0.0000	0.0000	0	1.00	0.2624	0.2264	-0.4830	1.390	0
169799	21.372	-0.643	-22.386	-0.19	-0.31	0.03	0.012	-0.038	0.008	-0.000	-0.000	0.000	0.1200	-0.1200	-0.1200	0.0000	0.0000	0.0000	0	1.00	0.2624	0.2264	-0.4830	1.390	0
169807	21.377	-0.644	-22.391	-0.23	-0.22	-0.14	-0.004	-0.020	0.003	-0.000	-0.000	0.000	0.1200	-0.1200	-0.1200	0.0000	0.0000	0.0000	0	1.00	0.2624	0.2264	-0.4830	1.390	0
169815	21.377	-0.647	-22.394	-0.27	-0.45	-0.29	0.011	-0.024	-0.008	-0.000	-0.000	0.000	0.1200	-0.1200	-0.1200	0.0000	0.0000	0.0000	0	1.00	0.2624	0.2264	-0.4830	1.390	0
169823	21.378	-0.650	-22.398	-0.22	-0.26	-0.53	0.018	-0.010	-0.022	-0.000	-0.000	-0.000	0.1200	-0.1200	-0.1200	0.0000	0.0000	0.0000	0	1.00	0.2624	0.2264	-0.4830	1.390	0
169831	21.380	-0.648	-22.398	-0.47	-0.25	-0.60	0.017	-0.046	-0.025	-0.000	-0.000	-0.000	0.1200	-0.1200	-0.1200	0.0000	0.0000	0.0000	0	1.00	0.2624	0.2264	-0.4830	1.390	0
169839	21.380	-0.647	-22.397	-0.41	-0.13	-0.14	0.003	-0.005	-0.025	-0.000	-0.000	-0.000	0.1200	-0.1200	-0.1200	0.0000	0.0000	0.0000	0	1.00	0.2624	0.2264	-0.4830	1.390	0
169847	21.379	-0.651	-22.399	-0.47	-0.42	-0.43	0.006	-0.010	-0.015	-0.000	-0.000	-0.000	0.1200	-0.1200	-0.1200	0.0000	0.0000	0.0000	0	1.00	0.2624	0.2264	-0.4830	1.390	0
169855	21.375	-0.659	-22.403	-0.33	0.02	-0.59	-0.008	0.029	-0.004	-0.000	-0.000	-0.000	0.1200	-0.1200	-0.1200	0.0000	0.0000	0.0000	0	1.00	0.2624	0.2264	-0.4830	1.390	0
169863	21.368	-0.658	-22.395	-0.55	-0.23	-0.33	0.001	0.045	-0.007	-0.000	-0.000	-0.000	0.1200	-0.1200	-0.1200	0.0000	0.0000	0.0000	0	1.00	0.2624	0.2264	-0.4830	1.390	0
169871	21.362	-0.660	-22.391	-0.45	-0.28	-0.37	-0.012	0.029	0.004	-0.000	-0.000	-0.000	0.1200	-0.1200	-0.1200	0.0000	0.0000	0.0000	0	1.00	0.2624	0.2264	-0.4830	1.390	0
169878	21.363	-0.664	-22.395	-0.21	0.14	-0.30	-0.006	0.046	0.018	-0.000	-0.000	-0.000	0.1200	-0.1200	-0.1200	0.0000	0.0000	0.0000	0	1.00	0.2624	0.2264	-0.4830	1.390	0
169887	21.363	-0.663	-22.394	-0.43	-0.19	-0.28	-0.003	0.000	0.011	-0.000	-0.000	-0.000	0.1200	-0.1200	-0.1200	0.0000	0.0000	0.0000	0	1.00	0.2624	0.2264	-0.4830	1.390	0
169895	21.362	-0.667	-22.397	-0.55	-0.23	-0.33	0.000	0.001	0.017	-0.000	-0.000	-0.000	0.1200	-0.1200	-0.1200	0.0000	0.0000	0.0000	0	1.00	0.2624	0.2264	-0.4830	1.390	0
169903	21.362	-0.670	-22.399	-0.55	-0.21	-0.04	-0.008	0.000	0.027	-0.000	-0.000	-0.000	0.1200	-0.1200	-0.1200	0.0000	0.0000	0.0000	0	1.00	0.2624	0.2264	-0.4830	1.390	0
169911	21.366	-0.671	-22.404	-0.41	0.25	-0.53	0.021	-0.015	0.022	-0.000	-0.000	-0.000	0.1200	-0.1200	-0.1200	0.0000	0.0000	0.0000	0	1.00	0.2624	0.2264	-0.4830	1.390	0
169918	21.367	-0.674	-22.409	-0.58	-0.16	-0.16	0.007	-0.031	0.014	-0.000	-0.000	0.000	0.1200	-0.1200	-0.1200	0.0000	0.0000	0.0000	0	1.00	0.2624	0.2264	-0.4830	1.390	0
169927	21.369	-0.674	-22.410	-0.20	0.21	-0.06	0.012	-0.018	0.001	-0.000	-0.000	0.000	0.1200	-0.1200	-0.1200	0.0000	0.0000	0.0000	0	1.00	0.2624	0.2264	-0.4830	1.390	0
169935	21.371	-0.672	-22.410	-0.17	0.30	-0.40	0.020	-0.001	-0.011	0.000	-0.000	0.000	0.1200	-0.1200	-0.1200	0.0000	0.0000	0.0000	0	1.00	0.2624	0.2264	-0.4830	1.390	0
169943	21.372	-0.668	-22.408	-0.44	0.55	-0.58	0.024	-0.027	-0.017	0.000	-0.000	-0.000	0.1200	-0.1200	-0.1200	0.0000	0.0000	0.0000	0	1.00	0.2624	0.2264	-0.4830	1.390	0
169951	21.368	-0.668	-22.404	-0.35	0.30	-0.31	0.027	0.021	-0.013	0.000	-0.000	-0.000	0.1200	-0.1200	-0.1200	0.0000	0.0000	0.0000	0	1.00	0.2624	0.2264	-0.4830	1.390	0
169958	21.362	-0.668	-22.398	-0.60	0.38	-0.15	0.006	0.001	-0.011	0.000	-0.000	-0.000	0.1200	-0.1200	-0.1200	0.0000	0.0000	0.0000	0	1.00	0.2624	0.2264	-0.4830	1.390	0
169966	21.358	-0.668	-22.394	-0.43	0.33	-0.80	0.016	0.035	-0.018	0.000	-0.000	-0.000	0.1200	-0.1200	-0.1200	0.0000	0.0000	0.0000	0	1.00	0.2624	0.2264	-0.4830	1.390	0
169974	21.360	-0.666	-22.394	-0.49	0.27	-0.25	-0.014	0.010	-0.021	0.000	-0.000	-0.000	0.1200	-0.1200	-0.1200	0.0000	0.0000	0.0000	0	1.00	0.2624	0.2264	-0.4830	1.390	0
169983	21.363	-0.664	-22.396	-0.39	0.26	-0.35	-0.016	0.022	-0.008	0.000	-0.000	-0.000	0.1200	-0.1200	-0.1200	0.0000	0.0000	0.0000	0	1.00	0.2624	0.2264	-0.4830	1.390	0
169990	21.366	-0.662	-22.397	-0.43	0.11	-0.58	-0.027	0.025	0.005	0.000	-0.000	-0.000	0.1200	-0.1200	-0.1200	0.0000	0.0000	0.0000	0	1.00	0.2624	0.2264	-0.4830	1.390	0
169998	21.369	-0.662	-22.400	-0.18	0.43	-0.09	-0.034	-0.008	-0.004	-0.000	-0.000	-0.000	0.1200	-0.1200	-0.1200	0.0000	0.0000	0.0000	0	1.00	0.2624	0.2264	-0.4830	1.390	0
170006	21.374	-0.653	-22.396	-0.37	0.40	-0.30	-0.039	-0.032	-0.015	-0.000	-0.000	-0.000	0.1200	-0.1200	-0.1200	0.0000	0.0000	0.0000	0	1.00	0.2624	0.2264	-0.4830	1.390	0
170014	21.376	-0.648	-22.394	-0.02	-0.12	-0.13	-0.033	0.000	-0.005	-0.000	-0.000	-0.000	0.1200	-0.1200	-0.1200	0.0000	0.0000	0.0000	0	1.00	0.2624	0.2264	-0.4830	1.390	0
170022	21.380	-0.644	-22.394	-0.54	0.35	-0.60	-0.019	-0.022	-0.012	-0.000	-0.000	-0.000	0.1200	-0.1200	-0.1200	0.0000	0.0000	0.0000	0	1.00	0.2624	0.2264	-0.4830	1.390	0
170031	21.379	-0.645	-22.394	-0.20	0.55	-0.41	-0.033	-0.007	-0.000	-0.000	-0.000	-0.000	0.1200	-0.1200	-0.1200	0.0000	0.0000	0.0000	0	1.00	0.2624	0.2264	-0.4830	1.390	0
170039	21.381	-0.639	-22.390	-0.50	0.46	-0.33	-0.006	0.025	0.000	-0.000	-0.000	-0.000	0.1200	-0.1200	-0.1200	0.0000	0.0000	0.0000	0	1.00	0.2624	0.2264	-0.4830	1.390	0
170047	21.383	-0.632	-22.386	-0.32	0.29	-0.24	0.017	0.019	-0.000	-0.000	-0.000	-0.000	0.1200	-0.1200	-0.1200	0.0000	0.0000	0.0000	0	1.00	0.2624	0.2264	-0.4830	1.390	0
170055	21.385	-0.625	-22.381	-0.18	0.28	-0.25	0.032	-0.002	0.009	-0.000	-0.000	-0.000	0.1200	-0.1200	-0.1200	0.0000	0.0000	0.0000	0	1.00	0.2624	0.2264	-0.4830	1.390	0
170063	21.388	-0.622	-22.382	-0.32	0.05	-0.30	0.052	-0.012	0.000	-0.000	-0.000	-0.000	0.1200	-0.1200	-0.1200	0.0000	0.0000	0.0000	0	1.00	0.2624	0.2264	-0.4830	1.390	0
170071	21.393	-0.617	-22.382	-0.30	-0.20	-0.30	0.053	0.007	-0.005	-0.000	-0.000	-0.000	0.1200	-0.1200	-0.1200	0.0000	0.0000	0.0000	0	1.00	0.2624	0.2264	-0.4830	1.390	0
170079	21.389	-0.619	-22.380	-0.55	-0.19	-0.37	0.047	0.027	-0.014	0.000	-0.000	-0.000	0.1200	-0.1200	-0.1200	0.0000	0.0000	0.0000	0	1.00	0.2624	0.2264	-0.4830	1.390	0
170087	21.395	-0.617	-22.384	-0.27	0.15	-0.46	0.029	-0.004	-0.010	0.000	-0.000	-0.000	0.1200	-0.1200	-0.1200	0.0000	0.0000	0.0000	0	1.00	0.2624	0.2264	-0.4830	1.390	0
170095	21.397	-0.615	-22.384	-0.49	-0.14	-0.58	0.019	-0.000	0.002	0.000	-0.000	-0.000	0.1200	-0.1200	-0.1200	0.0000	0.0000	0.0000	0	1.00	0.2624	0.2264	-0.4830	1.390	0
170103	21.396	-0.617	-22.387	-0.20	-0.08	-0.52	0.004	-0.020	0.027	0.000	-0.000	-0.000	0.1200	-0.1200	-0.1200	0.0000	0.0000	0.0000	0	1.00	0.2624	0.2264	-0.4830	1.390	0
170111	21.397	-0.617	-22.386	-0.45	-0.28	-0.38	-0.026	-0.007	0.022	0.000	-0.000	-0.000	0.1200	-0.1200	-0.1200	0.0000	0.0000	0.0000	0	1.00	0.2624	0.2264	-0.4830	1.390	0
170119	21.392	-0.621	-22.386	-0.26	-0.25	-0.17	-0.031	0.007	0.015	0.000	-0.000	-0.000	0.1200	-0.1200	-0.1200	0.0000	0.0000	0.0000	0	1.00	0.2624	0.2264	-0.4830	1.390	0
170127	21.393	-0.623	-22.388	-0.41	-0.16	-0.86	-0.037	0.005	0.027	0.000	-0.000	0.000	0.1200	-0.1200	-0.1200	0.0000	0.0000	0.0000	0	1.00	0.2624	0.2264	-0.4830	1.390	0
170135	21.391	-0.623	-22.386	-0.66	-0.03	-0.30	-0.044	-0.021	0.020	-0.000	-0.000	0.000	0.1200	-0.1200	-0.1200	0.0000	0.0000	0.0000	0	1.00	0.2624	0.2264	-0.4830	1.390	0
170143	21.390	-0.620	-22.382	-0.42	-0.03	-0.56	-0.047	-0.013	0.012	-0.000	-0.000	0.000	0.1200	-0.1200	-0.1200	0.0000	0.0000	0.0000	0	1.00	0.2624	0.2264	-0.4830	1.390	0
170151	21.388	-0.623	-22.383	-0.66	-0.51	-0.26	-0.028	-0.002	0.016	-0.000	-0.000	0.000	0.1200	-0.1200	-0.1200	0.0000	0.0000	0.0000	0	1.00	0.2624	0.2264	-0.4830	1.390	0
170158	21.383	-0.632	-22.386	-0.37	-0.10	-0.11	-0.011	0.008	0.005	-0.000	-0.000	0.000	0.1200	-0.1200	-0.1200	0.0000	0.0000	0.0000	0	1.00	0.2624	0.2264	-0.4830	1.390	0
170167	21.385	-0.631	-22.387	-0.34	-0.30	-0.57	-0.010	-0.005	-0.001	-0.000	-0.000	0.000	0.1200	-0.1200	-0.1200	0.0000	0.0000	0.0000	0	1.00	0.2624	0.2264	-0.4830	1.390	0
170175	21.383	-0.632	-22.386	-0.31	-0.10	-0.28	0.008	0.011	-0.007	-0.000	-0.000	0.000	0.1200	-0.1200	-0.1200	0.0000	0.0000	0.0000	0	1.00	0.2624	0.2264	-0.4830	1.390	0
170183	21.378	-0.635	-22.383	-0.40	-0.32	-0.07	0.038	0.010	-0.017	-0.000	-0.000	0.000	0.1200	-0.1200	-0.1200	0.0000	0.0000	0.0000	0	1.00	0.2624	0.2264	-0.4830	1.390	0
170190	21.378	-0.637	-22.386	-0.21	-0.45	-0.03	0.050	0.016	-0.015	-0.000	-0.000	0.000	0.1200	-0.1200	-0.1200	0.0000	0.0000	0.0000	0	1.00	0.2624	0.2264	-0.4830	1.390	0
170198	21.380	-0.639	-22.389	-0.35	-0.35	-0.10	0.057	-0.014	-0.020	0.000	-0.000	0.000	0.1200	-0.1200	-0.1200	0.0000	0.0000	0.0000	0	1.00	0.2624	0.2264	-0.4830	1.390	0
170207	21.376	-0.648	-22.394	-0.70	0.15	-0.55	0.031	-0.011	-0.019	0.000	-0.000	-0.000	0.1200	-0.1200	-0.1200	0.0000	0.0000	0.0000	0	1.00	0.2624	0.2264	-0.4830	1.390	0
170215	21.377	-0.651	-22.397	-0.34	0.02	-0.16	0.033	0.003	-0.023	0.000	-0.000	-0.000	0.1200	-0.1200	-0.1200	0.0000	0.0000	0.0000	0	1.00	0.2624	0.2264	-0.4830	1.390	0
170222	21.376	-0.653	-22.398	-0.39	0.06	-0.46	0.021	0.012	-0.018	0.000	-0.000	-0.000	0.1200	-0.1200	-0.1200	0.0000	0.0000	0.0000	0	1.00	0.2624	0.2264	-0.4830	1.390	0
170230	21.373	-0.656	-22.398	-0.43	-0.10	-0.37	-0.017	0.023	-0.009	0.000	-0.000	-0.000	0.1200	-0.1200	-0.1200	0.0000	0.0000	0.0000	0	1.00	0.2624	0.2264	-0.4830	1.390	0
170238	21.369	-0.658	-22.396	-0.25	-0.21	-0.65	-0.022	0.021	0.002	0.000	-0.000	-0.000	0.1200	-0.1200	-0.1200	0.0000	0.0000	0.0000	0	1.00	0.2624	0.2264	-0.4830	1.390	0
170246	21.370	-0.655	-22.394	-0.42	0.23	-0.38	-0.030	0.010	0.014	0.000	-0.000	-0.000	0.1200	-0.1200	-0.1200	0.0000	0.0000	0.0000	0	1.00	0.2624	0.2264	-0.4830	1.390	0
170254	21.371	-0.655	-22.395	-0.34	0.02	-0.16	-0.044	-0.023	0.015	0.000	-0.000	-0.000	0.1200	-0.1200	-0.1200	0.0000	0.0000	0.0000	0	1.00	0.2624	0.2264	-0.4830	1.390	0
170262	21.368	-0.659	-22.396	-0.52	-0.09	-0.71	-0.049	-0.000	0.020	-0.000	-0.000	-0.000	0.1200	-0.1200	-0.1200	0.0000	0.0000	0.0000	0	1.00	0.2624	0.2264	-0.4830	1.390	0
170270	21.371	-0.656	-22.396	-0.24	0.19	-0.42	-0.025	-0.038	0.014	-0.000	-0.000	0.000	0.1200	-0.1200	-0.1200	0.0000	0.0000	0.0000	0	1.00	0.2624	0.2264	-0.4830	1.390	0
170278	21.369	-0.657	-22.395	-0.56	0.03	-0.15	-0.013	-0.020	0.015	-0.000	-0.000	0.000	0.1200	-0.1200	-0.1200	0.0000	0.0000	0.0000	0	1.00	0.2624	0.2264	-0.4830	1.390	0
170286	21.365	-0.659	-22.393	-0.40	0.15	-0.12	0.003	-0.012	0.011	-0.000	-0.000	0.000	0.1200	-0.1200	-0.1200	0.0000	0.0000	0.0000	0	1.00	0.2624	0.2264	-0.4830	1.390	0
170294	21.358	-0.665	-22.391	-0.18	0.06	-0.46	0.025	0.027	0.002	-0.000	-0.000	0.000	0.1200	-0.1200	-0.1200	0.0000	0.0000	0.0000	0	1.00	0.2624	0.2264	-0.4830	1.390	0
170302	21.353	-0.672	-22.392	-0.32	0.12	-0.06	0.022	0.010	-0.003	-0.000	-0.000	0.000	0.1200	-0.1200	-0.1200	0.0000	0.0000	0.0000	0	1.00	0.2624	0.2264	-0.4830	1.390	0
170310	21.349	-0.672	-22.389	-0.60	0.38	-0.58	0.028	0.022	-0.028	-0.000	-0.000	0.000	0.1200	-0.1200	-0.1200	0.0000	0.0000	0.0000	0	1.00	0.2624	0.2264	-0.4830	1.390	0
170318	21.351	-0.669	-22.387	-0.24	0.43	-0.35	0.035	0.013	-0.013	0.000	-0.000	0.000	0.1200	-0.1200	-0.1200	0.0000	0.0000	0.0000	0	1.00	0.2624	0.2264	-0.4830	1.390	0
170326	21.357	-0.666	-22.390	-0.53	0.66	-0.29	0.022	-0.015	-0.028	0.000	-0.000	-0.000	0.1200	-0.1200	-0.1200	0.0000	0.0000	0.0000	0	1.00	0.2624	0.2264	-0.4830	1.390	0
170333	21.363	-0.664	-22.395	-0.33	0.74	-0.56	0.017	-0.021	-0.011	0.000	-0.000	-0.000	0.1200	-0.1200	-0.1200	0.0000	0.0000	0.0000	0	1.00	0.2624	0.2264	-0.4830	1.390	0
170341	21.367	-0.658	-22.394	-0.40	0.91	-0.56	-0.002	-0.004	-0.013	0.000	-0.000	-0.000	0.1200	-0.1200	-0.1200	0.0000	0.0000	0.0000	0	1.00	0.2624	0.2264	-0.4830	1.390	0
170349	21.372	-0.653	-22.394	-0.33	1.06	-0.58	-0.002	-0.015	-0.013	0.000	-0.000	-0.000	0.1200	-0.1200	-0.1200	0.0000	0.0000	0.0000	0	1.00	0.2624	0.2264	-0.4830	1.390	0
170357	21.376	-0.649	-22.394	-0.62	0.70	-0.34	-0.027	-0.025	-0.002	0.000	-0.000	-0.000	0.1200	-0.1200	-0.1200	0.0000	0.0000	0.0000	0	1.00	0.2624	0.2264	-0.4830	1.390	0
170365	21.375	-0.644	-22.390	-0.34	0.78	-0.17	-0.026	0.003	0.023	0.000	-0.000	-0.000	0.1200	-0.1200	-0.1200	0.0000	0.0000	0.0000	0	1.00	0.2624	0.2264	-0.4830	1.390	0
170373	21.381	-0.638	-22.390	-0.18	0.73	-0.40	-0.031	-0.018	0.021	-0.000	-0.000	-0.000	0.1200	-0.1200	-0.1200	0.0000	0.0000	0.0000	0	1.00	0.2624	0.2264	-0.4830	1.390	0
170381	21.380	-0.634	-22.385	-0.50	0.61	-0.17	-0.020	0.012	0.028	-0.000	-0.000	-0.000	0.1200	-0.1200	-0.1200	0.0000	0.0000	0.0000	0	1.00	0.2624	0.2264	-0.4830	1.390	0
170389	21.382	-0.625	-22.379	-0.67	0.59	-0.19	-0.015	0.012	0.024	-0.000	-0.000	0.000	0.1200	-0.1200	-0.1200	0.0000	0.0000	0.0000	0	1.00	0.2624	0.2264	-0.4830	1.390	0
170397	21.381	-0.626	-22.379	-0.42	0.55	-0.40	-0.014	0.004	0.022	-0.000	-0.000	0.000	0.1200	-0.1200	-0.1200	0.0000	0.0000	0.0000	0	1.00	0.2624	0.2264	-0.4830	1.390	0
170405	21.385	-0.618	-22.376	-0.40	0.56	-0.22	-0.012	0.021	0.003	-0.000	-0.000	0.000	0.1200	-0.1200	-0.1200	0.0000	0.0000	0.0000	0	1.00	0.2624	0.2264	-0.4830	1.390	0
170412	21.388	-0.616	-22.376	-0.39	0.89	-0.24	0.004	0.020	-0.009	-0.000	-0.000	0.000	0.1200	-0.1200	-0.1200	0.0000	0.0000	0.0000	0	1.00	0.2624	0.2264	-0.4830	1.390	0
170420	21.393	-0.610	-22.376	-0.26	0.50	-0.19	0.009	0.009	-0.026	-0.000	-0.000	0.000	0.1200	-0.1200	-0.1200	0.0000	0.0000	0.0000	0	1.00	0.2624	0.2264	-0.4830	1.390	0
170428	21.398	-0.604	-22.376	-0.25	0.44	-0.25	0.020	-0.012	-0.027	-0.000	-0.000	-0.000	0.1200	-0.1200	-0.1200	0.0000	0.0000	0.0000	0	1.00	0.2624	0.2264	-0.4830	1.390	0
170436	21.402	-0.599	-22.375	-0.45	0.35	-0.26	0.024	0.000	-0.021	-0.000	-0.000	-0.000	0.1200	-0.1200	-0.1200	0.0000	0.0000	0.0000	0	1.00	0.2624	0.2264	-0.4830	1.390	0
170444	21.405	-0.594	-22.374	-0.20	0.42	-0.28	0.018	0.030	-0.030	-0.000	-0.000	-0.000	0.1200	-0.1200	-0.1200	0.0000	0.0000	0.0000	0	1.00	0.2624	0.2264	-0.4830	1.390	0
170452	21.411	-0.590	-22.376	-0.24	0.27	-0.51	0.010	0.006	-0.020	0.000	-0.000	-0.000	0.1200	-0.1200	-0.1200	0.0000	0.0000	0.0000	0	1.00	0.2624	0.2264	-0.4830	1.390	0
170460	21.413	-0.583	-22.372	-0.46	0.28	-0.51	-0.002	-0.024	-0.002	0.000	-0.000	-0.000	0.1200	-0.1200	-0.1200	0.0000	0.0000	0.0000	0	1.00	0.2624	0.2264	-0.4830	1.390	0
170468	21.421	-0.577	-22.374	-0.14	0.10	-0.43	-0.014	0.028	-0.000	-0.000	-0.000	-0.000	0.1200	-0.1200	-0.1200	0.0000	0.0000	0.0000	0	1.00	0.2624	0.2264	-0.4830	1.390	0
170476	21.424	-0.572	-22.373	-0.09	0.07	-0.46	-0.013	0.018	0.008	-0.000	-0.000	-0.000	0.1200	-0.1200	-0.1200	0.0000	0.0000	0.0000	0	1.00	0.2624	0.2264	-0.4830	1.390	0
170484	21.425	-0.570	-22.372	-0.36	-0.03	-0.30	-0.006	0.023	0.022	-0.000	-0.000	-0.000	0.1200	-0.1200	-0.1200	0.0000	0.0000	0.0000	0	1.00	0.2624	0.2264	-0.4830	1.390	0
170492	21.422	-0.571	-22.370	-0.57	-0.37	-0.38	-0.011	0.019	0.008	-0.000	-0.000	-0.000	0.1200	-0.1200	-0.1200	0.0000	0.0000	0.0000	0	1.00	0.2624	0.2264	-0.4830	1.390	0
170500	21.418	-0.568	-22.364	-0.40	-0.39	-0.32	-0.006	0.031	0.004	-0.000	-0.000	-0.000	0.1200	-0.1200	-0.1200	0.0000	0.0000	0.0000	0	1.00	0.2624	0.2264	-0.4830	1.390	0
170508	21.416	-0.567	-22.360	-0.31	-0.68	-0.43	0.002	0.014	0.020	-0.000	-0.000	-0.000	0.1200	-0.1200	-0.1200	0.0000	0.0000	0.0000	0	1.00	0.2624	0.2264	-0.4830	1.390	0
170516	21.413	-0.570	-22.361	-0.59	-0.46	-0.47	0.005	0.007	0.019	-0.000	-0.000	0.000	0.1200	-0.1200	-0.1200	0.0000	0.0000	0.0000	0	1.00	0.2624	0.2264	-0.4830	1.390	0
170524	21.412	-0.572	-22.361	0.02	-0.51	-0.09	-0.000	0.028	0.024	-0.000	-0.000	0.000	0.1200	-0.1200	-0.1200	0.0000	0.0000	0.0000	0	1.00	0.2624	0.2264	-0.4830	1.390	0
170532	21.417	-0.573	-22.367	0.12	-0.65	-0.05	-0.006	0.004	0.017	-0.000	-0.000	0.000	0.1200	-0.1200	-0.1200	0.0000	0.0000	0.0000	0	1.00	0.2624	0.2264	-0.4830	1.390	0
170540	21.420	-0.572	-22.369	-0.18	-0.57	-0.15	-0.007	-0.008	0.012	-0.000	-0.000	0.000	0.1200	-0.1200	-0.1200	0.0000	0.0000	0.0000	0	1.00	0.2624	0.2264	-0.4830	1.390	0
170548	21.425	-0.568	-22.370	-0.29	-0.63	-0.30	0.003	-0.008	-0.011	-0.000	-0.000	0.000	0.1200	-0.1200	-0.1200	0.0000	0.0000	0.0000	0	1.00	0.2624	0.2264	-0.4830	1.390	0
170555	21.423	-0.573	-22.373	-0.56	-0.62	-0.55	0.005	-0.029	-0.013	-0.000	-0.000	0.000	0.1200	-0.1200	-0.1200	0.0000	0.0000	0.0000	0	1.00	0.2624	0.2264	-0.4830	1.390	0
170564	21.415	-0.585	-22.375	-0.58	-0.81	-0.56	0.010	-0.023	-0.017	-0.000	-0.000	0.000	0.1200	-0.1200	-0.1200	0.0000	0.0000	0.0000	0	1.00	0.2624	0.2264	-0.4830	1.390	0
170572	21.410	-0.592	-22.378	-0.35	-1.09	-0.41	0.007	-0.037	-0.016	-0.000	-0.000	-0.000	0.1200	-0.1200	-0.1200	0.0000	0.0000	0.0000	0	1.00	0.2624	0.2264	-0.4830	1.390	0
170580	21.409	-0.593	-22.377	-0.36	-0.53	-0.11	0.011	-0.022	-0.017	-0.000	-0.000	-0.000	0.1200	-0.1200	-0.1200	0.0000	0.0000	0.0000	0	1.00	0.2624	0.2264	-0.4830	1.390	0
170587	21.410	-0.600	-22.384	-0.35	-0.24	-0.51	0.016	-0.006	-0.000	-0.000	-0.000	-0.000	0.1200	-0.1200	-0.1200	0.0000	0.0000	0.0000	0	1.00	0.2624	0.2264	-0.4830	1.390	0
170595	21.406	-0.605	-22.385	-0.49	-0.38	-0.65	0.012	-0.015	-0.019	-0.000	-0.000	-0.000	0.1200	-0.1200	-0.1200	0.0000	0.0000	0.0000	0	1.00	0.2624	0.2264	-0.4830	1.390	0
170603	21.403	-0.610	-22.386	-0.24	-0.40	-0.15	0.007	0.016	0.001	0.000	-0.000	-0.000	0.1200	-0.1200	-0.1200	0.0000	0.0000	0.0000	0	1.00	0.2624	0.2264	-0.4830	1.390	0
170612	21.399	-0.615	-22.386	-0.44	-0.47	-0.31	0.000	0.013	0.007	0.000	-0.000	-0.000	0.1200	-0.1200	-0.1200	0.0000	0.0000	0.0000	0	1.00	0.2624	0.2264	-0.4830	1.390	0
170620	21.399	-0.614	-22.386	-0.29	-0.24	-0.25	-0.017	0.023	0.008	-0.000	-0.000	-0.000	0.1200	-0.1200	-0.1200	0.0000	0.0000	0.0000	0	1.00	0.2624	0.2264	-0.4830	1.390	0
170627	21.396	-0.617	-22.386	-0.14	-0.16	-0.17	-0.006	-0.006	0.015	-0.000	-0.000	-0.000	0.1200	-0.1200	-0.1200	0.0000	0.0000	0.0000	0	1.00	0.2624	0.2264	-0.4830	1.390	0
170635	21.394	-0.620	-22.387	-0.17	-0.46	-0.38	-0.011	0.008	0.015	-0.000	-0.000	-0.000	0.1200	-0.1200	-0.1200	0.0000	0.0000	0.0000	0	1.00	0.2624	0.2264	-0.4830	1.390	0
170643	21.390	-0.623	-22.385	-0.18	-0.24	-0.16	-0.007	0.027	0.010	-0.000	-0.000	0.000	0.1200	-0.1200	-0.1200	0.0000	0.0000	0.0000	0	1.00	0.2624	0.2264	-0.4830	1.390	0
170651	21.385	-0.625	-22.382	-0.47	0.04	-0.14	-0.005	0.008	0.013	-0.000	-0.000	0.000	0.1200	-0.1200	-0.1200	0.0000	0.0000	0.0000	0	1.00	0.2624	0.2264	-0.4830	1.390	0
170659	21.380	-0.628	-22.379	-0.31	-0.10	-0.28	-0.007	0.002	0.003	-0.000	-0.000	0.000	0.1200	-0.1200	-0.1200	0.0000	0.0000	0.0000	0	1.00	0.2624	0.2264	-0.4830	1.390	0
170667	21.377	-0.627	-22.376	-0.22	0.20	-0.24	-0.005	0.003	-0.000	-0.000	-0.000	0.000	0.1200	-0.1200	-0.1200	0.0000	0.0000	0.0000	0	1.00	0.2624	0.2264	-0.4830	1.390	0
170675	21.382	-0.617	-22.372	-0.23	0.17	-0.53	-0.002	0.004	0.006	-0.000	-0.000	0.000	0.1200	-0.1200	-0.1200	0.0000	0.0000	0.0000	0	1.00	0.2624	0.2264	-0.4830	1.390	0
170683	21.381	-0.618	-22.372	-0.31	0.15	-0.21	0.008	-0.017	0.008	-0.000	-0.000	0.000	0.1200	-0.1200	-0.1200	0.0000	0.0000	0.0000	0	1.00	0.2624	0.2264	-0.4830	1.390	0
170691	21.385	-0.614	-22.372	-0.46	0.15	-0.38	0.014	0.004	-0.019	-0.000	-0.000	0.000	0.1200	-0.1200	-0.1200	0.0000	0.0000	0.0000	0	1.00	0.2624	0.2264	-0.4830	1.390	0
170699	21.392	-0.610	-22.375	-0.46	0.20	-0.42	0.013	-0.005	0.000	-0.000	-0.000	0.000	0.1200	-0.1200	-0.1200	0.0000	0.0000	0.0000	0	1.00	0.2624	0.2264	-0.4830	1.390	0
170707	21.391	-0.611	-22.376	-0.39	0.27	-0.35	0.015	0.009	-0.013	-0.000	-0.000	-0.000	0.1200	-0.1200	-0.1200	0.0000	0.0000	0.0000	0	1.00	0.2624	0.2264	-0.4830	1.390	0
170715	21.390	-0.613	-22.377	-0.54	0.10	-0.34	0.014	-0.012	-0.013	0.000	-0.000	-0.000	0.1200	-0.1200	-0.1200	0.0000	0.0000	0.0000	0	1.00	0.2624	0.2264	-0.4830	1.390	0
170723	21.387	-0.615	-22.375	-0.56	0.12	-0.24	0.008	0.031	-0.008	0.000	-0.000	-0.000	0.1200	-0.1200	-0.1200	0.0000	0.0000	0.0000	0	1.00	0.2624	0.2264	-0.4830	1.390	0
170730	21.381	-0.619	-22.372	-0.47	-0.09	-0.44	0.000	0.008	0.005	0.000	-0.000	-0.000	0.1200	-0.1200	-0.1200	0.0000	0.0000	0.0000	0	1.00	0.2624	0.2264	-0.4830	1.390	0
170739	21.377	-0.619	-22.368	-0.55	-0.20	-0.04	-0.005	0.037	-0.001	0.000	-0.000	-0.000	0.1200	-0.1200	-0.1200	0.0000	0.0000	0.0000	0	1.00	0.2624	0.2264	-0.4830	1.390	0
170746	21.376	-0.618	-22.367	-0.29	0.29	-0.16	-0.005	0.010	0.001	0.000	-0.000	-0.000	0.1200	-0.1200	-0.1200	0.0000	0.0000	0.0000	0	1.00	0.2624	0.2264	-0.4830	1.390	0
170754	21.373	-0.619	-22.364	-0.18	0.11	-0.51	-0.002	-0.011	0.006	0.000	-0.000	-0.000	0.1200	-0.1200	-0.1200	0.0000	0.0000	0.0000	0	1.00	0.2624	0.2264	-0.4830	1.390	0
170762	21.367	-0.624	-22.363	-0.67	0.35	-0.69	-0.019	0.015	0.012	-0.000	-0.000	-0.000	0.1200	-0.1200	-0.1200	0.0000	0.0000	0.0000	0	1.00	0.2624	0.2264	-0.4830	1.390	0
170770	21.367	-0.623	-22.362	-0.60	0.38	-0.57	-0.017	-0.012	0.023	-0.000	-0.000	0.000	0.1200	-0.1200	-0.1200	0.0000	0.0000	0.0000	0	1.00	0.2624	0.2264	-0.4830	1.390	0
170778	21.366	-0.626	-22.364	-0.53	0.24	-0.29	-0.020	-0.002	0.019	-0.000	-0.000	0.000	0.1200	-0.1200	-0.1200	0.0000	0.0000	0.0000	0	1.00	0.2624	0.2264	-0.4830	1.390	0
170786	21.370	-0.620	-22.363	-0.29	-0.09	-0.09	-0.007	0.014	0.022	-0.000	-0.000	0.000	0.1200	-0.1200	-0.1200	0.0000	0.0000	0.0000	0	1.00	0.2624	0.2264	-0.4830	1.390	0
170794	21.372	-0.620	-22.365	-0.36	-0.16	-0.17	-0.007	-0.012	0.005	-0.000	-0.000	0.000	0.1200	-0.1200	-0.1200	0.0000	0.0000	0.0000	0	1.00	0.2624	0.2264	-0.4830	1.390	0
170802	21.375	-0.620	-22.368	-0.19	-0.05	-0.23	0.000	-0.016	0.013	-0.000	-0.000	0.000	0.1200	-0.1200	-0.1200	0.0000	0.0000	0.0000	0	1.00	0.2624	0.2264	-0.4830	1.390	0
170810	21.376	-0.620	-22.368	-0.46	0.28	-0.50	0.004	-0.016	0.016	-0.000	-0.000	0.000	0.1200	-0.1200	-0.1200	0.0000	0.0000	0.0000	0	1.00	0.2624	0.2264	-0.4830	1.390	0
170818	21.375	-0.622	-22.369	-0.29	0.13	-0.31	0.014	0.006	0.002	-0.000	-0.000	0.000	0.1200	-0.1200	-0.1200	0.0000	0.0000	0.0000	0	1.00	0.2624	0.2264	-0.4830	1.390	0
170826	21.380	-0.618	-22.371	-0.11	0.00	-0.26	0.017	-0.012	0.015	-0.000	-0.000	0.000	0.1200	-0.1200	-0.1200	0.0000	0.0000	0.0000	0	1.00	0.2624	0.2264	-0.4830	1.390	0
170834	21.380	-0.619	-22.371	-0.25	-0.05	-0.49	0.050	-0.018	0.007	0.000	-0.000	0.000	0.1200	-0.1200	-0.1200	0.0000	0.0000	0.0000	0	1.00	0.2624	0.2264	-0.4830	1.390	0
170842	21.381	-0.621	-22.374	-0.22	0.29	-0.33	0.019	-0.016	0.008	0.000	-0.000	0.000	0.1200	-0.1200	-0.1200	0.0000	0.0000	0.0000	0	1.00	0.2624	0.2264	-0.4830	1.390	0
170850	21.376	-0.623	-22.371	-0.49	0.31	-0.30	0.008	0.019	-0.006	0.000	-0.000	0.000	0.1200	-0.1200	-0.1200	0.0000	0.0000	0.0000	0	1.00	0.2624	0.2264	-0.4830	1.390	0
170857	21.382	-0.615	-22.370	-0.43	0.12	-0.58	0.008	0.028	-0.023	0.000	-0.000	0.000	0.1200	-0.1200	-0.1200	0.0000	0.0000	0.0000	0	1.00	0.2624	0.2264	-0.4830	1.390	0
170865	21.383	-0.611	-22.367	-0.32	0.03	0.02	-0.001	0.031	-0.014	0.000	-0.000	0.000	0.1200	-0.1200	-0.1200	0.0000	0.0000	0.0000	0	1.00	0.2624	0.2264	-0.4830	1.390	0
170873	21.384	-0.610	-22.367	-0.45	-0.08	-0.26	-0.025	0.001	-0.027	0.000	-0.000	0.000	0.1200	-0.1200	-0.1200	0.0000	0.0000	0.0000	0	1.00	0.2624	0.2264	-0.4830	1.390	0
170881	21.385	-0.610	-22.369	-0.35	-0.17	-0.27	-0.038	-0.002	-0.038	0.000	-0.000	0.000	0.1200	-0.1200	-0.1200	0.0000	0.0000	0.0000	0	1.00	0.2624	0.2264	-0.4830	1.390	0
170889	21.384	-0.611	-22.368	-0.25	-0.27	-0.28	-0.042	0.024	-0.015	-0.000	-0.000	-0.000	0.1200	-0.1200	-0.1200	0.0000	0.0000	0.0000	0	1.00	0.2624	0.2264	-0.4830	1.390	0
170897	21.379	-0.617	-22.368	-0.33	-0.23	-0.33	-0.034	-0.007	-0.012	-0.000	-0.000	-0.000	0.1200	-0.1200	-0.1200	0.0000	0.0000	0.0000	0	1.00	0.2624	0.2264	-0.4830	1.390	0
170905	21.377	-0.620	-22.370	-0.36	-0.11	-0.21	-0.026	0.009	-0.007	-0.000	-0.000	-0.000	0.1200	-0.1200	-0.1200	0.0000	0.0000	0.0000	0	1.00	0.2624	0.2264	-0.4830	1.390	0
170913	21.373	-0.628	-22.372	-0.49	-0.07	0.09	-0.010	0.006	0.009	-0.000	-0.000	-0.000	0.1200	-0.1200	-0.1200	0.0000	0.0000	0.0000	0	1.00	0.2624	0.2264	-0.4830	1.390	0
170921	21.372	-0.631	-22.374	-0.26	-0.08	-0.35	-0.005	-0.021	0.014	-0.000	-0.000	0.000	0.1200	-0.1200	-0.1200	0.0000	0.0000	0.0000	0	1.00	0.2624	0.2264	-0.4830	1.390	0
170929	21.372	-0.629	-22.373	-0.06	0.11	-0.42	0.017	-0.018	0.013	-0.000	-0.000	0.000	0.1200	-0.1200	-0.1200	0.0000	0.0000	0.0000	0	1.00	0.2624	0.2264	-0.4830	1.390	0
170937	21.372	-0.630	-22.374	-0.67	-0.15	-0.50	0.016	-0.045	0.036	-0.000	-0.000	0.000	0.1200	-0.1200	-0.1200	0.0000	0.0000	0.0000	0	1.00	0.2624	0.2264	-0.4830	1.390	0
170945	21.372	-0.631	-22.375	-0.35	0.08	-0.53	0.033	-0.038	0.026	-0.000	-0.000	0.000	0.1200	-0.1200	-0.1200	0.0000	0.0000	0.0000	0	1.00	0.2624	0.2264	-0.4830	1.390	0
170953	21.373	-0.633	-22.378	-0.28	0.07	-0.37	0.037	-0.007	0.033	-0.000	-0.000	0.000	0.1200	-0.1200	-0.1200	0.0000	0.0000	0.0000	0	1.00	0.2624	0.2264	-0.4830	1.390	0
170960	21.374	-0.637	-22.382	-0.45	0.05	-0.39	0.026	-0.007	0.015	-0.000	-0.000	0.000	0.1200	-0.1200	-0.1200	0.0000	0.0000	0.0000	0	1.00	0.2624	0.2264	-0.4830	1.390	0
170968	21.376	-0.640	-22.386	-0.50	-0.09	-0.52	0.025	0.021	0.017	0.000	-0.000	0.000	0.1200	-0.1200	-0.1200	0.0000	0.0000	0.0000	0	1.00	0.2624	0.2264	-0.4830	1.390	0
170976	21.378	-0.639	-22.388	-0.03	0.33	-0.45	0.008	0.013	0.010	0.000	-0.000	0.000	0.1200	-0.1200	-0.1200	0.0000	0.0000	0.0000	0	1.00	0.2624	0.2264	-0.4830	1.390	0
170984	21.376	-0.643	-22.390	-0.27	0.35	-0.35	0.004	0.004	-0.015	0.000	-0.000	0.000	0.1200	-0.1200	-0.1200	0.0000	0.0000	0.0000	0	1.00	0.2624	0.2264	-0.4830	1.390	0
170992	21.379	-0.644	-22.393	0.00	0.19	-0.25	-0.008	0.001	-0.006	0.000	-0.000	0.000	0.1200	-0.1200	-0.1200	0.0000	0.0000	0.0000	0	1.00	0.2624	0.2264	-0.4830	1.390	0
171000	21.379	-0.644	-22.393	-0.71	0.49	-0.47	-0.012	-0.001	-0.008	0.000	-0.000	0.000	0.1200	-0.1200	-0.1200	0.0000	0.0000	0.0000	0	1.00	0.2624	0.2264	-0.4830	1.390	0
171008	21.376	-0.643	-22.390	-0.59	0.42	-0.62	-0.021	-0.017	-0.016	0.000	-0.000	0.000	0.1200	-0.1200	-0.1200	0.0000	0.0000	0.0000	0	1.00	0.2624	0.2264	-0.4830	1.390	0
171016	21.375	-0.640	-22.385	-0.40	0.45	-0.42	-0.031	-0.002	-0.004	-0.000	-0.000	0.000	0.1200	-0.1200	-0.1200	0.0000	0.0000	0.0000	0	1.00	0.2624	0.2264	-0.4830	1.390	0
171024	21.371	-0.642	-22.383	-0.26	0.42	-0.10	-0.021	-0.012	-0.004	-0.000	-0.000	0.000	0.1200	-0.1200	-0.1200	0.0000	0.0000	0.0000	0	1.00	0.2624	0.2264	-0.4830	1.390	0
171032	21.374	-0.642	-22.387	-0.01	0.16	-0.10	-0.028	-0.007	-0.003	-0.000	-0.000	0.000	0.1200	-0.1200	-0.1200	0.0000	0.0000	0.0000	0	1.00	0.2624	0.2264	-0.4830	1.390	0
171039	21.378	-0.638	-22.387	-0.08	0.31	-0.39	-0.026	-0.017	-0.011	-0.000	-0.000	0.000	0.1200	-0.1200	-0.1200	0.0000	0.0000	0.0000	0	1.00	0.2624	0.2264	-0.4830	1.390	0
171048	21.378	-0.634	-22.383	-0.58	0.14	-0.46	-0.015	-0.019	-0.012	-0.000	-0.000	0.000	0.1200	-0.1200	-0.1200	0.0000	0.0000	0.0000	0	1.00	0.2624	0.2264	-0.4830	1.390	0
171056	21.382	-0.624	-22.378	-0.76	0.10	-0.34	-0.000	0.001	-0.009	-0.000	-0.000	0.000	0.1200	-0.1200	-0.1200	0.0000	0.0000	0.0000	0	1.00	0.2624	0.2264	-0.4830	1.390	0
171064	21.380	-0.622	-22.373	-0.45	-0.11	-0.55	0.017	0.005	-0.012	-0.000	-0.000	0.000	0.1200	-0.1200	-0.1200	0.0000	0.0000	0.0000	0	1.00	0.2624	0.2264	-0.4830	1.390	0
171071	21.384	-0.621	-22.377	-0.23	-0.42	-0.25	0.019	0.034	-0.013	-0.000	-0.000	0.000	0.1200	-0.1200	-0.1200	0.0000	0.0000	0.0000	0	1.00	0.2624	0.2264	-0.4830	1.390	0
171079	21.383	-0.618	-22.374	-0.35	-0.26	-0.18	0.022	0.039	-0.018	-0.000	-0.000	0.000	0.1200	-0.1200	-0.1200	0.0000	0.0000	0.0000	0	1.00	0.2624	0.2264	-0.4830	1.390	0
171088	21.381	-0.617	-22.371	-0.40	-0.18	-0.53	0.020	0.004	-0.000	-0.000	-0.000	0.000	0.1200	-0.1200	-0.1200	0.0000	0.0000	0.0000	0	1.00	0.2624	0.2264	-0.4830	1.390	0
171096	21.384	-0.614	-22.371	-0.21	-0.15	-0.33	0.018	0.003	-0.010	-0.000	-0.000	0.000	0.1200	-0.1200	-0.1200	0.0000	0.0000	0.0000	0	1.00	0.2624	0.2264	-0.4830	1.390	0
171103	21.389	-0.614	-22.376	-0.32	-0.17	-0.52	0.016	0.001	-0.001	0.000	-0.000	0.000	0.1200	-0.1200	-0.1200	0.0000	0.0000	0.0000	0	1.00	0.2624	0.2264	-0.4830	1.390	0
171111	21.393	-0.613	-22.379	-0.48	-0.12	-0.30	-0.001	0.007	0.004	0.000	-0.000	0.000	0.1200	-0.1200	-0.1200	0.0000	0.0000	0.0000	0	1.00	0.2624	0.2264	-0.4830	1.390	0
171119	21.394	-0.613	-22.380	-0.51	-0.54	-0.38	0.001	-0.024	0.001	0.000	-0.000	0.000	0.1200	-0.1200	-0.1200	0.0000	0.0000	0.0000	0	1.00	0.2624	0.2264	-0.4830	1.390	0
171127	21.393	-0.614	-22.380	-0.54	-0.53	-0.46	-0.015	0.001	-0.000	0.000	-0.000	0.000	0.1200	-0.1200	-0.1200	0.0000	0.0000	0.0000	0	1.00	0.2624	0.2264	-0.4830	1.390	0
171136	21.390	-0.618	-22.380	-0.42	-0.53	-0.37	-0.026	0.004	0.012	-0.000	-0.000	0.000	0.1200	-0.1200	-0.1200	0.0000	0.0000	0.0000	0	1.00	0.2624	0.2264	-0.4830	1.390	0
171143	21.389	-0.619	-22.381	-0.48	-0.57	-0.58	-0.022	0.018	0.016	-0.000	-0.000	0.000	0.1200	-0.1200	-0.1200	0.0000	0.0000	0.0000	0	1.00	0.2624	0.2264	-0.4830	1.390	0
171151	21.384	-0.625	-22.381	-0.81	-0.22	-0.40	-0.017	0.011	0.010	-0.000	-0.000	0.000	0.1200	-0.1200	-0.1200	0.0000	0.0000	0.0000	0	1.00	0.2624	0.2264	-0.4830	1.390	0
171159	21.381	-0.632	-22.384	-0.34	-0.89	-0.30	-0.016	0.038	0.024	-0.000	-0.000	0.000	0.1200	-0.1200	-0.1200	0.0000	0.0000	0.0000	0	1.00	0.2624	0.2264	-0.4830	1.390	0
171167	21.378	-0.637	-22.386	-0.53	-0.85	-0.26	-0.001	0.010	0.005	-0.000	-0.000	0.000	0.1200	-0.1200	-0.1200	0.0000	0.0000	0.0000	0	1.00	0.2624	0.2264	-0.4830	1.390	0
171175	21.377	-0.647	-22.394	-0.31	-0.88	-0.55	-0.003	-0.010	-0.003	-0.000	-0.000	0.000	0.1200	-0.1200	-0.1200	0.0000	0.0000	0.0000	0	1.00	0.2624	0.2264	-0.4830	1.390	0
171183	21.375	-0.657	-22.401	-0.42	-0.53	-0.37	0.005	-0.028	-0.013	-0.000	-0.000	0.000	0.1200	-0.1200	-0.1200	0.0000	0.0000	0.0000	0	1.00	0.2624	0.2264	-0.4830	1.390	0
171192	21.373	-0.663	-22.405	-0.30	-0.40	-0.41	0.011	-0.027	-0.024	-0.000	-0.000	0.000	0.1200	-0.1200	-0.1200	0.0000	0.0000	0.0000	0	1.00	0.2624	0.2264	-0.4830	1.390	0
171200	21.369	-0.673	-22.410	-0.12	-0.68	-0.52	0.023	-0.015	-0.025	-0.000	-0.000	0.000	0.1200	-0.1200	-0.1200	0.0000	0.0000	0.0000	0	1.00	0.2624	0.2264	-0.4830	1.390	0
171207	21.370	-0.677	-22.414	-0.44	-0.13	-0.22	0.020	-0.030	-0.019	-0.000	-0.000	0.000	0.1200	-0.1200	-0.1200	0.0000	0.0000	0.0000	0	1.00	0.2624	0.2264	-0.4830	1.390	0
171215	21.363	-0.686	-22.415	-0.11	-0.20	-0.38	0.022	-0.017	-0.008	-0.000	-0.000	0.000	0.1200	-0.1200	-0.1200	0.0000	0.0000	0.0000	0	1.00	0.2624	0.2264	-0.4830	1.390	0
171223	21.358	-0.689	-22.413	-0.39	-0.02	-0.38	0.003	-0.029	-0.018	0.000	-0.000	-0.000	0.1200	-0.1200	-0.1200	0.0000	0.0000	0.0000	0	1.00	0.2624	0.2264	-0.4830	1.390	0
171231	21.353	-0.691	-22.410	-0.47	0.38	-0.49	-0.004	-0.012	0.000	0.000	-0.000	-0.000	0.1200	-0.1200	-0.1200	0.0000	0.0000	0.0000	0	1.00	0.2624	0.2264	-0.4830	1.390	0
171239	21.353	-0.693	-22.411	-0.52	0.47	-0.22	-0.008	-0.010	0.012	-0.000	-0.000	-0.000	0.1200	-0.1200	-0.1200	0.0000	0.0000	0.0000	0	1.00	0.2624	0.2264	-0.4830	1.390	0
171247	21.352	-0.691	-22.409	-0.34	0.78	-0.18	-0.023	0.013	0.019	-0.000	-0.000	0.000	0.1200	-0.1200	-0.1200	0.0000	0.0000	0.0000	0	1.00	0.2624	0.2264	-0.4830	1.390	0
171255	21.353	-0.689	-22.408	-0.28	0.74	-0.30	-0.014	-0.006	0.027	-0.000	-0.000	0.000	0.1200	-0.1200	-0.1200	0.0000	0.0000	0.0000	0	1.00	0.2624	0.2264	-0.4830	1.390	0
171263	21.354	-0.687	-22.407	-0.20	0.59	-0.45	-0.025	0.016	0.029	-0.000	-0.000	0.000	0.1200	-0.1200	-0.1200	0.0000	0.0000	0.0000	0	1.00	0.2624	0.2264	-0.4830	1.390	0
171271	21.362	-0.676	-22.405	-0.17	0.91	0.04	-0.017	0.032	0.011	-0.000	-0.000	0.000	0.1200	-0.1200	-0.1200	0.0000	0.0000	0.0000	0	1.00	0.2624	0.2264	-0.4830	1.390	0
171279	21.368	-0.669	-22.405	-0.75	0.71	-0.33	-0.007	0.032	0.008	-0.000	-0.000	0.000	0.1200	-0.1200	-0.1200	0.0000	0.0000	0.0000	0	1.00	0.2624	0.2264	-0.4830	1.390	0
171287	21.376	-0.663	-22.408	-0.34	0.67	-0.81	-0.000	0.001	0.012	-0.000	-0.000	0.000	0.1200	-0.1200	-0.1200	0.0000	0.0000	0.0000	0	1.00	0.2624	0.2264	-0.4830	1.390	0
171295	21.376	-0.659	-22.404	-0.31	0.86	-0.18	0.005	0.015	-0.001	-0.000	-0.000	0.000	0.1200	-0.1200	-0.1200	0.0000	0.0000	0.0000	0	1.00	0.2624	0.2264	-0.4830	1.390	0
171303	21.379	-0.653	-22.401	-0.14	0.77	-0.36	0.022	0.025	0.001	-0.000	-0.000	0.000	0.1200	-0.1200	-0.1200	0.0000	0.0000	0.0000	0	1.00	0.2624	0.2264	-0.4830	1.390	0
171311	21.383	-0.647	-22.400	-0.50	0.59	-0.46	0.029	-0.002	-0.003	-0.000	-0.000	0.000	0.1200	-0.1200	-0.1200	0.0000	0.0000	0.0000	0	1.00	0.2624	0.2264	-0.4830	1.390	0
171319	21.383	-0.640	-22.393	-0.38	0.46	-0.24	0.027	-0.027	0.003	-0.000	-0.000	0.000	0.1200	-0.1200	-0.1200	0.0000	0.0000	0.0000	0	1.00	0.2624	0.2264	-0.4830	1.390	0
171327	21.382	-0.629	-22.383	-0.41	0.58	-0.12	0.030	-0.005	-0.017	-0.000	-0.000	0.000	0.1200	-0.1200	-0.1200	0.0000	0.0000	0.0000	0	1.00	0.2624	0.2264	-0.4830	1.390	0
171335	21.386	-0.624	-22.381	-0.27	0.39	-0.39	0.018	-0.041	-0.012	0.000	-0.000	0.000	0.1200	-0.1200	-0.1200	0.0000	0.0000	0.0000	0	1.00	0.2624	0.2264	-0.4830	1.390	0
171343	21.389	-0.619	-22.380	-0.25	0.33	-0.45	-0.005	-0.017	-0.008	0.000	-0.000	0.000	0.1200	-0.1200	-0.1200	0.0000	0.0000	0.0000	0	1.00	0.2624	0.2264	-0.4830	1.390	0
171351	21.390	-0.615	-22.378	-0.40	0.45	-0.42	-0.002	-0.005	-0.012	0.000	-0.000	0.000	0.1200	-0.1200	-0.1200	0.0000	0.0000	0.0000	0	1.00	0.2624	0.2264	-0.4830	1.390	0
171359	21.391	-0.613	-22.377	-0.46	0.23	-0.46	-0.019	0.009	-0.016	-0.000	-0.000	0.000	0.1200	-0.1200	-0.1200	0.0000	0.0000	0.0000	0	1.00	0.2624	0.2264	-0.4830	1.390	0
171367	21.391	-0.610	-22.374	-0.30	0.47	-0.23	-0.026	-0.004	-0.009	-0.000	-0.000	0.000	0.1200	-0.1200	-0.1200	0.0000	0.0000	0.0000	0	1.00	0.2624	0.2264	-0.4830	1.390	0
171375	21.392	-0.603	-22.368	-0.32	0.46	-0.41	-0.020	0.017	0.008	-0.000	-0.000	0.000	0.1200	-0.1200	-0.1200	0.0000	0.0000	0.0000	0	1.00	0.2624	0.2264	-0.4830	1.390	0
171382	21.390	-0.601	-22.365	-0.57	0.35	-0.35	-0.008	0.019	0.005	-0.000	-0.000	0.000	0.1200	-0.1200	-0.1200	0.0000	0.0000	0.0000	0	1.00	0.2624	0.2264	-0.4830	1.390	0
171390	21.392	-0.600	-22.366	-0.38	0.00	-0.52	-0.001	0.024	0.022	-0.000	-0.000	0.000	0.1200	-0.1200	-0.1200	0.0000	0.0000	0.0000	0	1.00	0.2624	0.2264	-0.4830	1.390	0
171398	21.394	-0.597	-22.365	-0.03	0.16	-0.71	0.020	0.019	0.001	-0.000	-0.000	0.000	0.1200	-0.1200	-0.1200	0.0000	0.0000	0.0000	0	1.00	0.2624	0.2264	-0.4830	1.390	0
171406	21.399	-0.596	-22.370	-0.24	-0.03	-0.21	0.019	0.009	0.016	-0.000	-0.000	0.000	0.1200	-0.1200	-0.1200	0.0000	0.0000	0.0000	0	1.00	0.2624	0.2264	-0.4830	1.390	0
171414	21.403	-0.595	-22.372	-0.45	-0.20	-0.46	0.017	0.031	0.004	-0.000	-0.000	0.000	0.1200	-0.1200	-0.1200	0.0000	0.0000	0.0000	0	1.00	0.2624	0.2264	-0.4830	1.390	0
171422	21.405	-0.595	-22.375	-0.29	-0.33	-0.17	0.028	0.008	-0.005	-0.000	-0.000	0.000	0.1200	-0.1200	-0.1200	0.0000	0.0000	0.0000	0	1.00	0.2624	0.2264	-0.4830	1.390	0
171430	21.408	-0.595	-22.378	-0.36	-0.31	-0.32	0.015	-0.015	0.007	0.000	-0.000	0.000	0.1200	-0.1200	-0.1200	0.0000	0.0000	0.0000	0	1.00	0.2624	0.2264	-0.4830	1.390	0
171438	21.410	-0.594	-22.379	-0.41	-0.29	-0.30	0.010	0.006	-0.006	0.000	-0.000	0.000	0.1200	-0.1200	-0.1200	0.0000	0.0000	0.0000	0	1.00	0.2624	0.2264	-0.4830	1.390	0
171446	21.409	-0.599	-22.382	-0.55	-0.56	-0.31	-0.006	-0.024	-0.020	0.000	-0.000	0.000	0.1200	-0.1200	-0.1200	0.0000	0.0000	0.0000	0	1.00	0.2624	0.2264	-0.4830	1.390	0
171454	21.407	-0.596	-22.378	-0.38	-0.47	-0.05	-0.007	-0.028	-0.004	0.000	-0.000	0.000	0.1200	-0.1200	-0.1200	0.0000	0.0000	0.0000	0	1.00	0.2624	0.2264	-0.4830	1.390	0
171461	21.404	-0.597	-22.376	-0.58	-0.39	-0.23	-0.024	-0.024	-0.002	0.000	-0.000	0.000	0.1200	-0.1200	-0.1200	0.0000	0.0000	0.0000	0	1.00	0.2624	0.2264	-0.4830	1.390	0
171469	21.400	-0.600	-22.374	-0.36	-0.90	-0.48	-0.033	-0.016	0.005	-0.000	-0.000	0.000	0.1200	-0.1200	-0.1200	0.0000	0.0000	0.0000	0	1.00	0.2624	0.2264	-0.4830	1.390	0
171477	21.396	-0.604	-22.374	-0.27	-0.78	-0.27	-0.032	-0.004	0.020	-0.000	-0.000	0.000	0.1200	-0.1200	-0.1200	0.0000	0.0000	0.0000	0	1.00	0.2624	0.2264	-0.4830	1.390	0
171485	21.395	-0.610	-22.378	-0.27	-0.95	-0.10	-0.025	0.019	0.022	-0.000	-0.000	0.000	0.1200	-0.1200	-0.1200	0.0000	0.0000	0.0000	0	1.00	0.2624	0.2264	-0.4830	1.390	0
171493	21.393	-0.616	-22.382	-0.12	-1.15	-0.04	-0.020	-0.004	0.019	-0.000	-0.000	0.000	0.1200	-0.1200	-0.1200	0.0000	0.0000	0.0000	0	1.00	0.2624	0.2264	-0.4830	1.390	0
171501	21.393	-0.623	-22.388	-0.17	-0.67	-0.16	-0.004	0.015	0.010	-0.000	-0.000	0.000	0.1200	-0.1200	-0.1200	0.0000	0.0000	0.0000	0	1.00	0.2624	0.2264	-0.4830	1.390	0
171509	21.394	-0.627	-22.392	-0.38	-0.75	-0.51	0.006	0.023	0.002	-0.000	-0.000	0.000	0.1200	-0.1200	-0.1200	0.0000	0.0000	0.0000	0	1.00	0.2624	0.2264	-0.4830	1.390	0
171517	21.394	-0.628	-22.394	-0.48	-0.79	-0.37	0.028	0.018	0.002	-0.000	-0.000	0.000	0.1200	-0.1200	-0.1200	0.0000	0.0000	0.0000	0	1.00	0.2624	0.2264	-0.4830	1.390	0
171525	21.393	-0.635	-22.399	-0.39	-0.73	-0.40	0.026	-0.005	-0.005	-0.000	-0.000	0.000	0.1200	-0.1200	-0.1200	0.0000	0.0000	0.0000	0	1.00	0.2624	0.2264	-0.4830	1.390	0
171533	21.388	-0.647	-22.405	-0.36	-0.92	-0.15	0.020	-0.017	-0.022	-0.000	-0.000	0.000	0.1200	-0.1200	-0.1200	0.0000	0.0000	0.0000	0	1.00	0.2624	0.2264	-0.4830	1.390	0
171541	21.383	-0.656	-22.408	-0.18	-0.90	-0.56	0.029	-0.000	-0.024	-0.000	-0.000	0.000	0.1200	-0.1200	-0.1200	0.0000	0.0000	0.0000	0	1.00	0.2624	0.2264	-0.4830	1.390	0
171549	21.384	-0.657	-22.410	-0.39	-0.65	-0.49	0.017	-0.019	-0.015	0.000	-0.000	0.000	0.1200	-0.1200	-0.1200	0.0000	0.0000	0.0000	0	1.00	0.2624	0.2264	-0.4830	1.390	0
171557	21.383	-0.666	-22.417	-0.50	-0.97	-0.38	0.004	-0.031	-0.018	0.000	-0.000	0.000	0.1200	-0.1200	-0.1200	0.0000	0.0000	0.0000	0	1.00	0.2624	0.2264	-0.4830	1.390	0
171565	21.376	-0.678	-22.421	-0.29	-0.96	-0.28	0.007	-0.008	-0.014	0.000	-0.000	0.000	0.1200	-0.1200	-0.1200	0.0000	0.0000	0.0000	0	1.00	0.2624	0.2264	-0.4830	1.390	0
171573	21.375	-0.683	-22.424	-0.47	-0.53	-0.63	-0.015	-0.009	-0.010	0.000	-0.000	0.000	0.1200	-0.1200	-0.1200	0.0000	0.0000	0.0000	0	1.00	0.2624	0.2264	-0.4830	1.390	0
171581	21.372	-0.692	-22.430	-0.17	-0.74	-0.41	-0.021	0.027	0.005	0.000	-0.000	0.000	0.1200	-0.1200	-0.1200	0.0000	0.0000	0.0000	0	1.00	0.2624	0.2264	-0.4830	1.390	0
171589	21.367	-0.705	-22.436	0.06	-0.98	-0.30	-0.023	0.024	0.001	-0.000	-0.000	0.000	0.1200	-0.1200	-0.1200	0.0000	0.0000	0.0000	0	1.00	0.2624	0.2264	-0.4830	1.390	0
171597	21.363	-0.712	-22.439	-0.21	-0.78	-0.01	-0.016	0.038	0.007	-0.000	-0.000	0.000	0.1200	-0.1200	-0.1200	0.0000	0.0000	0.0000	0	1.00	0.2624	0.2264	-0.4830	1.390	0
171605	21.359	-0.719	-22.441	-0.47	0.12	-0.23	-0.018	0.021	0.019	-0.000	-0.000	0.000	0.1200	-0.1200	-0.1200	0.0000	0.0000	0.0000	0	1.00	0.2624	0.2264	-0.4830	1.390	0
171613	21.356	-0.723	-22.441	-0.49	-0.02	-0.28	-0.018	0.027	0.013	-0.000	-0.000	0.000	0.1200	-0.1200	-0.1200	0.0000	0.0000	0.0000	0	1.00	0.2624	0.2264	-0.4830	1.390	0
171621	21.351	-0.730	-22.443	-0.64	0.23	-0.38	-0.016	0.015	0.023	-0.000	-0.000	0.000	0.1200	-0.1200	-0.1200	0.0000	0.0000	0.0000	0	1.00	0.2624	0.2264	-0.4830	1.390	0
171629	21.348	-0.730	-22.440	-0.08	0.47	-0.23	0.002	0.008	0.009	-0.000	-0.000	0.000	0.1200	-0.1200	-0.1200	0.0000	0.0000	0.0000	0	1.00	0.2624	0.2264	-0.4830	1.390	0
171636	21.349	-0.731	-22.442	-0.25	0.70	-0.08	-0.015	-0.011	-0.013	-0.000	-0.000	0.000	0.1200	-0.1200	-0.1200	0.0000	0.0000	0.0000	0	1.00	0.2624	0.2264	-0.4830	1.390	0
171645	21.349	-0.724	-22.436	-0.38	1.09	-0.13	-0.003	-0.026	0.005	-0.000	-0.000	0.000	0.1200	-0.1200	-0.1200	0.0000	0.0000	0.0000	0	1.00	0.2624	0.2264	-0.4830	1.390	0
171653	21.349	-0.722	-22.434	-0.39	0.93	-0.28	0.010	-0.003	-0.008	-0.000	-0.000	0.000	0.1200	-0.1200	-0.1200	0.0000	0.0000	0.0000	0	1.00	0.2624	0.2264	-0.4830	1.390	0
171661	21.352	-0.714	-22.429	-0.17	1.01	-0.37	0.023	-0.045	-0.009	-0.000	-0.000	0.000	0.1200	-0.1200	-0.1200	0.0000	0.0000	0.0000	0	1.00	0.2624	0.2264	-0.4830	1.390	0
171669	21.348	-0.704	-22.417	-0.43	1.20	-0.62	0.027	-0.037	-0.011	-0.000	-0.000	0.000	0.1200	-0.1200	-0.1200	0.0000	0.0000	0.0000	0	1.00	0.2624	0.2264	-0.4830	1.390	0
171676	21.349	-0.696	-22.411	-0.46	1.32	-0.50	0.025	-0.035	0.001	-0.000	-0.000	0.000	0.1200	-0.1200	-0.1200	0.0000	0.0000	0.0000	0	1.00	0.2624	0.2264	-0.4830	1.390	0
171685	21.349	-0.688	-22.403	-0.57	0.84	-0.54	0.016	-0.011	-0.007	-0.000	-0.000	0.000	0.1200	-0.1200	-0.1200	0.0000	0.0000	0.0000	0	1.00	0.2624	0.2264	-0.4830	1.390	0
171693	21.348	-0.682	-22.396	-0.04	0.87	-0.25	-0.004	0.008	0.000	0.000	-0.000	0.000	0.1200	-0.1200	-0.1200	0.0000	0.0000	0.0000	0	1.00	0.2624	0.2264	-0.4830	1.390	0
171701	21.351	-0.670	-22.389	-0.46	0.73	-0.22	-0.006	-0.006	0.002	-0.000	-0.000	0.000	0.1200	-0.1200	-0.1200	0.0000	0.0000	0.0000	0	1.00	0.2624	0.2264	-0.4830	1.390	0
171708	21.358	-0.662	-22.388	-0.84	0.70	-0.34	-0.016	0.007	0.013	-0.000	-0.000	0.000	0.1200	-0.1200	-0.1200	0.0000	0.0000	0.0000	0	1.00	0.2624	0.2264	-0.4830	1.390	0
171716	21.360	-0.653	-22.382	-0.26	0.76	-0.45	-0.018	0.009	0.014	-0.000	-0.000	0.000	0.1200	-0.1200	-0.1200	0.0000	0.0000	0.0000	0	1.00	0.2624	0.2264	-0.4830	1.390	0
171725	21.365	-0.645	-22.380	-0.19	0.71	-0.25	-0.036	0.009	0.007	-0.000	-0.000	0.000	0.1200	-0.1200	-0.1200	0.0000	0.0000	0.0000	0	1.00	0.2624	0.2264	-0.4830	1.390	0
171733	21.371	-0.642	-22.383	-0.18	0.36	-0.34	-0.029	-0.014	-0.006	-0.000	-0.000	0.000	0.1200	-0.1200	-0.1200	0.0000	0.0000	0.0000	0	1.00	0.2624	0.2264	-0.4830	1.390	0
171741	21.379	-0.631	-22.382	-0.30	0.52	-0.27	-0.003	0.007	-0.013	-0.000	-0.000	0.000	0.1200	-0.1200	-0.1200	0.0000	0.0000	0.0000	0	1.00	0.2624	0.2264	-0.4830	1.390	0
171748	21.384	-0.622	-22.378	-0.42	0.30	-0.14	-0.005	-0.003	-0.022	-0.000	-0.000	0.000	0.1200	-0.1200	-0.1200	0.0000	0.0000	0.0000	0	1.00	0.2624	0.2264	-0.4830	1.390	0
171756	21.383	-0.623	-22.378	-0.42	0.31	-0.47	0.006	-0.008	-0.018	-0.000	-0.000	0.000	0.1200	-0.1200	-0.1200	0.0000	0.0000	0.0000	0	1.00	0.2624	0.2264	-0.4830	1.390	0
171764	21.385	-0.616	-22.374	-0.18	0.36	-0.34	0.005	-0.023	-0.017	-0.000	-0.000	-0.000	0.1200	-0.1200	-0.1200	0.0000	0.0000	0.0000	0	1.00	0.2624	0.2264	-0.4830	1.390	0
171772	21.384	-0.611	-22.368	-0.37	0.40	-0.30	0.019	-0.014	-0.001	-0.000	-0.000	-0.000	0.1200	-0.1200	-0.1200	0.0000	0.0000	0.0000	0	1.00	0.2624	0.2264	-0.4830	1.390	0
171780	21.383	-0.604	-22.360	-0.63	0.17	-0.44	-0.000	-0.019	0.012	-0.000	-0.000	-0.000	0.1200	-0.1200	-0.1200	0.0000	0.0000	0.0000	0	1.00	0.2624	0.2264	-0.4830	1.390	0
171788	21.381	-0.605	-22.359	-0.60	0.04	-0.23	0.009	-0.018	0.021	-0.000	-0.000	0.000	0.1200	-0.1200	-0.1200	0.0000	0.0000	0.0000	0	1.00	0.2624	0.2264	-0.4830	1.390	0
171796	21.379	-0.609	-22.361	-0.29	-0.09	-0.10	-0.001	0.005	0.022	-0.000	-0.000	0.000	0.1200	-0.1200	-0.1200	0.0000	0.0000	0.0000	0	1.00	0.2624	0.2264	-0.4830	1.390	0
171804	21.375	-0.614	-22.361	-0.23	-0.50	-0.16	0.005	0.009	0.027	-0.000	-0.000	0.000	0.1200	-0.1200	-0.1200	0.0000	0.0000	0.0000	0	1.00	0.2624	0.2264	-0.4830	1.390	0
171812	21.375	-0.609	-22.357	-0.43	-0.31	-0.15	0.003	0.021	0.014	-0.000	-0.000	0.000	0.1200	-0.1200	-0.1200	0.0000	0.0000	0.0000	0	1.00	0.2624	0.2264	-0.4830	1.390	0
171820	21.376	-0.610	-22.360	-0.44	-0.50	-0.59	-0.001	0.022	0.021	-0.000	-0.000	0.000	0.1200	-0.1200	-0.1200	0.0000	0.0000	0.0000	0	1.00	0.2624	0.2264	-0.4830	1.390	0
171828	21.377	-0.613	-22.363	-0.56	-0.69	-0.18	0.005	0.057	0.012	-0.000	-0.000	0.000	0.1200	-0.1200	-0.1200	0.0000	0.0000	0.0000	0	1.00	0.2624	0.2264	-0.4830	1.390	0
171836	21.377	-0.614	-22.364	-0.46	-0.52	-0.44	0.013	0.033	0.010	-0.000	-0.000	0.000	0.1200	-0.1200	-0.1200	0.0000	0.0000	0.0000	0	1.00	0.2624	0.2264	-0.4830	1.390	0
171844	21.377	-0.618	-22.367	-0.32	-0.54	-0.46	0.007	-0.001	-0.009	-0.000	-0.000	0.000	0.1200	-0.1200	-0.1200	0.0000	0.0000	0.0000	0	1.00	0.2624	0.2264	-0.4830	1.390	0
171852	21.377	-0.621	-22.370	-0.31	-0.73	-0.39	0.002	-0.018	-0.017	-0.000	-0.000	0.000	0.1200	-0.1200	-0.1200	0.0000	0.0000	0.0000	0	1.00	0.2624	0.2264	-0.4830	1.390	0
171860	21.377	-0.620	-22.369	-0.61	-0.60	-0.53	0.011	0.002	-0.019	-0.000	-0.000	0.000	0.1200	-0.1200	-0.1200	0.0000	0.0000	0.0000	0	1.00	0.2624	0.2264	-0.4830	1.390	0
171868	21.374	-0.626	-22.372	-0.36	-0.94	-0.43	-0.015	-0.023	-0.021	-0.000	-0.000	0.000	0.1200	-0.1200	-0.1200	0.0000	0.0000	0.0000	0	1.00	0.2624	0.2264	-0.4830	1.390	0
171876	21.373	-0.632	-22.377	-0.63	-0.58	-0.42	0.004	-0.038	-0.015	-0.000	-0.000	0.000	0.1200	-0.1200	-0.1200	0.0000	0.0000	0.0000	0	1.00	0.2624	0.2264	-0.4830	1.390	0
171884	21.372	-0.640	-22.383	-0.43	-0.81	-0.39	0.002	-0.012	-0.006	-0.000	-0.000	0.000	0.1200	-0.1200	-0.1200	0.0000	0.0000	0.0000	0	1.00	0.2624	0.2264	-0.4830	1.390	0
171891	21.372	-0.648	-22.390	-0.73	-0.36	-0.55	0.001	-0.002	-0.002	-0.000	-0.000	0.000	0.1200	-0.1200	-0.1200	0.0000	0.0000	0.0000	0	1.00	0.2624	0.2264	-0.4830	1.390	0
171899	21.369	-0.662	-22.399	-0.41	-0.76	-0.26	0.005	-0.011	0.014	-0.000	-0.000	0.000	0.1200	-0.1200	-0.1200	0.0000	0.0000	0.0000	0	1.00	0.2624	0.2264	-0.4830	1.390	0
171907	21.366	-0.671	-22.405	-0.34	-0.52	-0.36	-0.017	-0.022	0.025	-0.000	-0.000	0.000	0.1200	-0.1200	-0.1200	0.0000	0.0000	0.0000	0	1.00	0.2624	0.2264	-0.4830	1.390	0
171915	21.363	-0.680	-22.410	-0.80	-0.57	-0.49	0.012	-0.013	0.027	-0.000	-0.000	0.000	0.1200	-0.1200	-0.1200	0.0000	0.0000	0.0000	0	1.00	0.2624	0.2264	-0.4830	1.390	0
171923	21.358	-0.686	-22.410	-0.39	-0.02	-0.38	-0.010	-0.002	0.020	-0.000	-0.000	0.000	0.1200	-0.1200	-0.1200	0.0000	0.0000	0.0000	0	1.00	0.2624	0.2264	-0.4830	1.390	0
171931	21.358	-0.685	-22.409	-0.57	0.39	-0.40	-0.005	0.020	0.032	-0.000	-0.000	0.000	0.1200	-0.1200	-0.1200	0.0000	0.0000	0.0000	0	1.00	0.2624	0.2264	-0.4830	1.390	0
171939	21.359	-0.685	-22.410	-0.22	0.11	-0.16	-0.008	0.025	0.014	-0.000	-0.000	0.000	0.1200	-0.1200	-0.1200	0.0000	0.0000	0.0000	0	1.00	0.2624	0.2264	-0.4830	1.390	0
171947	21.354	-0.684	-22.405	-0.30	0.36	-0.43	-0.014	0.033	0.006	-0.000	-0.000	0.000	0.1200	-0.1200	-0.1200	0.0000	0.0000	0.0000	0	1.00	0.2624	0.2264	-0.4830	1.390	0
171955	21.353	-0.686	-22.406	-0.26	0.59	-0.28	-0.022	0.024	-0.017	-0.000	-0.000	0.000	0.1200	-0.1200	-0.1200	0.0000	0.0000	0.0000	0	1.00	0.2624	0.2264	-0.4830	1.390	0
171963	21.354	-0.682	-22.402	-0.69	0.71	-0.50	-0.003	0.027	-0.020	-0.000	-0.000	0.000	0.1200	-0.1200	-0.1200	0.0000	0.0000	0.0000	0	1.00	0.2624	0.2264	-0.4830	1.390	0
171971	21.352	-0.680	-22.399	-0.40	0.45	-0.42	-0.001	0.004	-0.029	-0.000	-0.000	0.000	0.1200	-0.1200	-0.1200	0.0000	0.0000	0.0000	0	1.00	0.2624	0.2264	-0.4830	1.390	0
171979	21.352	-0.684	-22.403	-0.62	0.24	-0.63	-0.015	-0.007	-0.037	-0.000	-0.000	0.000	0.1200	-0.1200	-0.1200	0.0000	0.0000	0.0000	0	1.00	0.2624	0.2264	-0.4830	1.390	0
171986	21.356	-0.681	-22.404	-0.17	0.13	-0.22	-0.004	0.002	-0.010	-0.000	-0.000	0.000	0.1200	-0.1200	-0.1200	0.0000	0.0000	0.0000	0	1.00	0.2624	0.2264	-0.4830	1.390	0
171995	21.360	-0.678	-22.405	-0.40	0.28	-0.25	0.008	-0.035	-0.006	-0.000	-0.000	0.000	0.1200	-0.1200	-0.1200	0.0000	0.0000	0.0000	0	1.00	0.2624	0.2264	-0.4830	1.390	0
172003	21.364	-0.673	-22.405	-0.27	0.56	-0.56	0.021	-0.012	-0.000	-0.000	-0.000	0.000	0.1200	-0.1200	-0.1200	0.0000	0.0000	0.0000	0	1.00	0.2624	0.2264	-0.4830	1.390	0
172011	21.365	-0.677	-22.409	-0.28	0.28	-0.16	0.028	-0.040	0.009	-0.000	-0.000	0.000	0.1200	-0.1200	-0.1200	0.0000	0.0000	0.0000	0	1.00	0.2624	0.2264	-0.4830	1.390	0
172018	21.369	-0.671	-22.408	0.09	0.49	-0.21	0.027	-0.030	0.015	-0.000	-0.000	0.000	0.1200	-0.1200	-0.1200	0.0000	0.0000	0.0000	0	1.00	0.2624	0.2264	-0.4830	1.390	0
172026	21.372	-0.664	-22.404	-0.38	0.79	-0.26	0.017	-0.014	0.019	-0.000	-0.000	0.000	0.1200	-0.1200	-0.1200	0.0000	0.0000	0.0000	0	1.00	0.2624	0.2264	-0.4830	1.390	0
172035	21.375	-0.659	-22.402	-0.33	0.76	-0.28	0.012	-0.016	0.012	-0.000	-0.000	0.000	0.1200	-0.1200	-0.1200	0.0000	0.0000	0.0000	0	1.00	0.2624	0.2264	-0.4830	1.390	0
172043	21.376	-0.654	-22.399	-0.35	0.67	-0.38	-0.007	-0.002	0.004	-0.000	-0.000	0.000	0.1200	-0.1200	-0.1200	0.0000	0.0000	0.0000	0	1.00	0.2624	0.2264	-0.4830	1.390	0
172050	21.379	-0.639	-22.388	-0.63	0.59	-0.11	-0.021	0.017	-0.002	-0.000	-0.000	0.000	0.1200	-0.1200	-0.1200	0.0000	0.0000	0.0000	0	1.00	0.2624	0.2264	-0.4830	1.390	0
172058	21.377	-0.631	-22.379	-0.31	0.62	-0.25	-0.034	0.047	-0.001	-0.000	-0.000	0.000	0.1200	-0.1200	-0.1200	0.0000	0.0000	0.0000	0	1.00	0.2624	0.2264	-0.4830	1.390	0
172066	21.379	-0.619	-22.370	-0.19	0.54	-0.08	-0.037	0.070	-0.005	-0.000	-0.000	0.000	0.1200	-0.1200	-0.1200	0.0000	0.0000	0.0000	0	1.00	0.2624	0.2264	-0.4830	1.390	0
172075	21.379	-0.615	-22.366	-0.22	0.24	-0.28	-0.028	0.070	-0.022	-0.000	-0.000	0.000	0.1200	-0.1200	-0.1200	0.0000	0.0000	0.0000	0	1.00	0.2624	0.2264	-0.4830	1.390	0
172082	21.379	-0.610	-22.362	-0.20	-0.42	-0.17	-0.012	0.046	-0.020	-0.000	-0.000	0.000	0.1200	-0.1200	-0.1200	0.0000	0.0000	0.0000	0	1.00	0.2624	0.2264	-0.4830	1.390	0
172090	21.381	-0.602	-22.358	-0.26	-0.08	-0.35	-0.008	0.028	-0.010	-0.000	-0.000	0.000	0.1200	-0.1200	-0.1200	0.0000	0.0000	0.0000	0	1.00	0.2624	0.2264	-0.4830	1.390	0
172098	21.385	-0.605	-22.364	-0.70	-0.38	-1.08	0.006	0.035	-0.012	-0.000	-0.000	0.000	0.1200	-0.1200	-0.1200	0.0000	0.0000	0.0000	0	1.00	0.2624	0.2264	-0.4830	1.390	0
172106	21.387	-0.613	-22.372	-0.29	-0.79	-0.45	0.032	-0.011	-0.013	-0.000	-0.000	0.000	0.1200	-0.1200	-0.1200	0.0000	0.0000	0.0000	0	1.00	0.2624	0.2264	-0.4830	1.390	0
172114	21.392	-0.615	-22.380	-0.30	-0.57	-0.24	0.030	-0.037	-0.001	-0.000	-0.000	0.000	0.1200	-0.1200	-0.1200	0.0000	0.0000	0.0000	0	1.00	0.2624	0.2264	-0.4830	1.390	0
172122	21.391	-0.623	-22.386	-0.34	-0.69	-0.19	0.026	-0.031	0.003	-0.000	-0.000	0.000	0.1200	-0.1200	-0.1200	0.0000	0.0000	0.0000	0	1.00	0.2624	0.2264	-0.4830	1.390	0
172130	21.388	-0.628	-22.388	-0.43	-0.97	-0.55	0.025	-0.038	0.022	-0.000	-0.000	0.000	0.1200	-0.1200	-0.1200	0.0000	0.0000	0.0000	0	1.00	0.2624	0.2264	-0.4830	1.390	0
172138	21.381	-0.630	-22.383	-0.88	-0.53	-0.54	0.015	-0.058	0.016	0.000	-0.000	0.000	0.1200	-0.1200	-0.1200	0.0000	0.0000	0.0000	0	1.00	0.2624	0.2264	-0.4830	1.390	0
172146	21.375	-0.632	-22.379	-0.56	-0.76	-0.42	0.012	-0.013	0.015	0.000	-0.000	0.000	0.1200	-0.1200	-0.1200	0.0000	0.0000	0.0000	0	1.00	0.2624	0.2264	-0.4830	1.390	0
172154	21.368	-0.641	-22.379	-0.31	-0.73	-0.39	0.006	0.003	0.018	0.000	-0.000	0.000	0.1200	-0.1200	-0.1200	0.0000	0.0000	0.0000	0	1.00	0.2624	0.2264	-0.4830	1.390	0
172162	21.361	-0.649	-22.379	-0.26	-1.12	-0.35	-0.007	0.042	0.010	0.000	-0.000	0.000	0.1200	-0.1200	-0.1200	0.0000	0.0000	0.0000	0	1.00	0.2624	0.2264	-0.4830	1.390	0
172170	21.356	-0.659	-22.384	-0.24	-0.78	-0.19	-0.016	0.048	0.009	0.000	-0.000	0.000	0.1200	-0.1200	-0.1200	0.0000	0.0000	0.0000	0	1.00	0.2624	0.2264	-0.4830	1.390	0
172178	21.356	-0.666	-22.390	-0.49	-1.06	-0.72	-0.027	0.049	0.004	-0.000	-0.000	0.000	0.1200	-0.1200	-0.1200	0.0000	0.0000	0.0000	0	1.00	0.2624	0.2264	-0.4830	1.390	0
172186	21.358	-0.674	-22.400	-0.23	-1.16	-0.56	-0.025	0.062	0.013	-0.000	-0.000	0.000	0.1200	-0.1200	-0.1200	0.0000	0.0000	0.0000	0	1.00	0.2624	0.2264	-0.4830	1.390	0
172194	21.357	-0.686	-22.409	-0.41	-1.09	-0.24	-0.031	0.018	0.005	-0.000	-0.000	0.000	0.1200	-0.1200	-0.1200	0.0000	0.0000	0.0000	0	1.00	0.2624	0.2264	-0.4830	1.390	0
172201	21.358	-0.694	-22.417	-0.19	-0.72	-0.30	-0.010	0.040	-0.002	-0.000	-0.000	0.000	0.1200	-0.1200	-0.1200	0.0000	0.0000	0.0000	0	1.00	0.2624	0.2264	-0.4830	1.390	0
172210	21.355	-0.707	-22.426	-0.23	-0.55	-0.12	0.005	-0.010	-0.015	-0.000	-0.000	0.000	0.1200	-0.1200	-0.1200	0.0000	0.0000	0.0000	0	1.00	0.2624	0.2264	-0.4830	1.390	0
172218	21.355	-0.714	-22.433	-0.13	-0.42	-0.35	0.017	-0.013	-0.024	-0.000	-0.000	0.000	0.1200	-0.1200	-0.1200	0.0000	0.0000	0.0000	0	1.00	0.2624	0.2264	-0.4830	1.390	0
172226	21.353	-0.716	-22.433	-0.41	0.17	-0.45	0.040	-0.058	-0.012	-0.000	-0.000	0.000	0.1200	-0.1200	-0.1200	0.0000	0.0000	0.0000	0	1.00	0.2624	0.2264	-0.4830	1.390	0
172233	21.348	-0.717	-22.428	-0.53	-0.09	-0.28	0.033	-0.056	-0.016	-0.000	-0.000	0.000	0.1200	-0.1200	-0.1200	0.0000	0.0000	0.0000	0	1.00	0.2624	0.2264	-0.4830	1.390	0
172241	21.341	-0.714	-22.419	-0.69	-0.00	-0.53	0.025	-0.036	0.007	0.000	-0.000	0.000	0.1200	-0.1200	-0.1200	0.0000	0.0000	0.0000	0	1.00	0.2624	0.2264	-0.4830	1.390	0
172249	21.335	-0.717	-22.415	-0.51	-0.13	-0.05	0.016	-0.037	0.005	0.000	-0.000	0.000	0.1200	-0.1200	-0.1200	0.0000	0.0000	0.0000	0	1.00	0.2624	0.2264	-0.4830	1.390	0
172257	21.330	-0.719	-22.412	-0.29	-0.46	-0.47	-0.005	-0.026	0.018	0.000	-0.000	0.000	0.1200	-0.1200	-0.1200	0.0000	0.0000	0.0000	0	1.00	0.2624	0.2264	-0.4830	1.390	0
172265	21.323	-0.724	-22.410	-0.08	-0.49	-0.32	-0.007	0.011	0.018	0.000	-0.000	0.000	0.1200	-0.1200	-0.1200	0.0000	0.0000	0.0000	0	1.00	0.2624	0.2264	-0.4830	1.390	0
172273	21.324	-0.727	-22.413	-0.21	-0.65	-0.57	-0.027	0.015	0.007	-0.000	-0.000	0.000	0.1200	-0.1200	-0.1200	0.0000	0.0000	0.0000	0	1.00	0.2624	0.2264	-0.4830	1.390	0
172281	21.328	-0.726	-22.417	-0.62	-0.85	-0.59	-0.040	0.050	0.009	-0.000	-0.000	0.000	0.1200	-0.1200	-0.1200	0.0000	0.0000	0.0000	0	1.00	0.2624	0.2264	-0.4830	1.390	0
172289	21.330	-0.734	-22.425	-0.40	-0.85	-0.60	-0.050	0.015	0.003	-0.000	-0.000	0.000	0.1200	-0.1200	-0.1200	0.0000	0.0000	0.0000	0	1.00	0.2624	0.2264	-0.4830	1.390	0
172296	21.331	-0.742	-22.434	-0.53	-0.68	-0.43	-0.036	0.047	-0.001	-0.000	-0.000	0.000	0.1200	-0.1200	-0.1200	0.0000	0.0000	0.0000	0	1.00	0.2624	0.2264	-0.4830	1.390	0
172304	21.334	-0.747	-22.442	-0.49	-0.69	-0.35	-0.032	0.020	-0.024	-0.000	-0.000	0.000	0.1200	-0.1200	-0.1200	0.0000	0.0000	0.0000	0	1.00	0.2624	0.2264	-0.4830	1.390	0
172312	21.334	-0.755	-22.448	-0.26	-0.54	-0.20	-0.016	-0.002	-0.015	-0.000	-0.000	0.000	0.1200	-0.1200	-0.1200	0.0000	0.0000	0.0000	0	1.00	0.2624	0.2264	-0.4830	1.390	0
172320	21.334	-0.758	-22.451	-0.56	-0.00	-0.44	-0.013	-0.020	-0.029	-0.000	-0.000	0.000	0.1200	-0.1200	-0.1200	0.0000	0.0000	0.0000	0	1.00	0.2624	0.2264	-0.4830	1.390	0
172328	21.334	-0.760	-22.453	-0.64	0.23	-0.38	0.010	-0.028	-0.025	-0.000	-0.000	0.000	0.1200	-0.1200	-0.1200	0.0000	0.0000	0.0000	0	1.00	0.2624	0.2264	-0.4830	1.390	0
172336	21.329	-0.760	-22.449	-0.61	0.39	-0.48	0.039	-0.024	-0.009	-0.000	-0.000	0.000	0.1200	-0.1200	-0.1200	0.0000	0.0000	0.0000	0	1.00	0.2624	0.2264	-0.4830	1.390	0
172344	21.325	-0.761	-22.445	-0.49	0.40	-0.39	0.039	-0.017	-0.017	-0.000	-0.000	0.000	0.1200	-0.1200	-0.1200	0.0000	0.0000	0.0000	0	1.00	0.2624	0.2264	-0.4830	1.390	0
172352	21.323	-0.764	-22.445	-0.40	0.75	-0.72	0.030	-0.036	0.002	-0.000	-0.000	0.000	0.1200	-0.1200	-0.1200	0.0000	0.0000	0.0000	0	1.00	0.2624	0.2264	-0.4830	1.390	0
172360	21.317	-0.770	-22.446	-0.47	0.59	-0.70	0.026	-0.004	0.020	-0.000	-0.000	0.000	0.1200	-0.1200	-0.1200	0.0000	0.0000	0.0000	0	1.00	0.2624	0.2264	-0.4830	1.390	0
172368	21.314	-0.774	-22.446	-0.23	0.54	-0.16	0.027	-0.016	0.021	-0.000	-0.000	0.000	0.1200	-0.1200	-0.1200	0.0000	0.0000	0.0000	0	1.00	0.2624	0.2264	-0.4830	1.390	0
172376	21.317	-0.779	-22.454	-0.31	0.44	-0.08	0.009	-0.015	0.016	-0.000	-0.000	0.000	0.1200	-0.1200	-0.1200	0.0000	0.0000	0.0000	0	1.00	0.2624	0.2264	-0.4830	1.390	0
172384	21.326	-0.774	-22.458	-0.25	0.65	-0.47	-0.003	0.030	0.018	-0.000	-0.000	0.000	0.1200	-0.1200	-0.1200	0.0000	0.0000	0.0000	0	1.00	0.2624	0.2264	-0.4830	1.390	0
172392	21.331	-0.770	-22.460	-0.21	1.06	-0.06	0.004	0.036	0.012	-0.000	-0.000	0.000	0.1200	-0.1200	-0.1200	0.0000	0.0000	0.0000	0	1.00	0.2624	0.2264	-0.4830	1.390	0
172400	21.343	-0.758	-22.461	-0.42	0.96	-0.08	0.004	0.038	0.012	-0.000	-0.000	0.000	0.1200	-0.1200	-0.1200	0.0000	0.0000	0.0000	0	1.00	0.2624	0.2264	-0.4830	1.390	0
172408	21.346	-0.755	-22.461	-0.22	0.82	-0.13	-0.000	0.033	-0.009	-0.000	-0.000	0.000	0.1200	-0.1200	-0.1200	0.0000	0.0000	0.0000	0	1.00	0.2624	0.2264	-0.4830	1.390	0
172416	21.350	-0.740	-22.452	-0.07	1.25	0.03	-0.020	0.016	-0.017	-0.000	-0.000	0.000	0.1200	-0.1200	-0.1200	0.0000	0.0000	0.0000	0	1.00	0.2624	0.2264	-0.4830	1.390	0
172424	21.350	-0.730	-22.443	-0.17	1.21	0.17	-0.022	-0.010	-0.014	-0.000	-0.000	0.000	0.1200	-0.1200	-0.1200	0.0000	0.0000	0.0000	0	1.00	0.2624	0.2264	-0.4830	1.390	0
172432	21.350	-0.716	-22.429	-0.61	1.02	-0.36	-0.015	-0.012	-0.002	-0.000	-0.000	0.000	0.1200	-0.1200	-0.1200	0.0000	0.0000	0.0000	0	1.00	0.2624	0.2264	-0.4830	1.390	0
172440	21.349	-0.704	-22.418	-0.50	0.78	-0.34	-0.012	-0.008	-0.004	-0.000	-0.000	0.000	0.1200	-0.1200	-0.1200	0.0000	0.0000	0.0000	0	1.00	0.2624	0.2264	-0.4830	1.390	0
172448	21.346	-0.697	-22.408	-0.40	0.66	-0.63	-0.014	-0.033	-0.008	-0.000	-0.000	0.000	0.1200	-0.1200	-0.1200	0.0000	0.0000	0.0000	0	1.00	0.2624	0.2264	-0.4830	1.390	0
172456	21.342	-0.687	-22.395	-0.33	0.48	-0.30	-0.003	0.003	-0.001	-0.000	-0.000	0.000	0.1200	-0.1200	-0.1200	0.0000	0.0000	0.0000	0	1.00	0.2624	0.2264	-0.4830	1.390	0
172464	21.340	-0.678	-22.385	-0.24	0.17	-0.09	-0.006	-0.028	0.002	-0.000	-0.000	0.000	0.1200	-0.1200	-0.1200	0.0000	0.0000	0.0000	0	1.00	0.2624	0.2264	-0.4830	1.390	0
172472	21.343	-0.674	-22.385	-0.29	-0.22	0.03	-0.011	0.008	0.004	-0.000	-0.000	0.000	0.1200	-0.1200	-0.1200	0.0000	0.0000	0.0000	0	1.00	0.2624	0.2264	-0.4830	1.390	0
172480	21.344	-0.667	-22.379	-0.62	-0.65	-0.48	-0.001	-0.017	-0.001	-0.000	-0.000	0.000	0.1200	-0.1200	-0.1200	0.0000	0.0000	0.0000	0	1.00	0.2624	0.2264	-0.4830	1.390	0
172488	21.345	-0.663	-22.377	-0.31	-0.56	-0.56	0.001	0.027	0.019	-0.000	-0.000	0.000	0.1200	-0.1200	-0.1200	0.0000	0.0000	0.0000	0	1.00	0.2624	0.2264	-0.4830	1.390	0
172496	21.348	-0.667	-22.383	-0.52	-0.77	-0.77	0.016	-0.013	0.004	-0.000	-0.000	0.000	0.1200	-0.1200	-0.1200	0.0000	0.0000	0.0000	0	1.00	0.2624	0.2264	-0.4830	1.390	0
172504	21.352	-0.666	-22.386	-0.13	-1.09	-0.41	0.003	0.006	0.005	-0.000	-0.000	0.000	0.1200	-0.1200	-0.1200	0.0000	0.0000	0.0000	0	1.00	0.2624	0.2264	-0.4830	1.390	0
172512	21.358	-0.671	-22.397	-0.41	-1.35	-0.41	0.011	-0.020	-0.009	-0.000	-0.000	0.000	0.1200	-0.1200	-0.1200	0.0000	0.0000	0.0000	0	1.00	0.2624	0.2264	-0.4830	1.390	0
172520	21.365	-0.683	-22.414	-0.42	-1.70	-0.25	-0.009	-0.013	-0.020	-0.000	-0.000	0.000	0.1200	-0.1200	-0.1200	0.0000	0.0000	0.0000	0	1.00	0.2624	0.2264	-0.4830	1.390	0
172528	21.375	-0.689	-22.430	-0.35	-1.42	-0.40	-0.010	0.003	-0.016	-0.000	-0.000	0.000	0.1200	-0.1200	-0.1200	0.0000	0.0000	0.0000	0	1.00	0.2624	0.2264	-0.4830	1.390	0
172536	21.380	-0.695	-22.440	-0.29	-1.85	-0.14	-0.017	-0.013	-0.037	-0.000	-0.000	0.000	0.1200	-0.1200	-0.1200	0.0000	0.0000	0.0000	0	1.00	0.2624	0.2264	-0.4830	1.390	0
172544	21.383	-0.702	-22.449	-0.51	-1.67	-0.31	-0.021	-0.009	-0.018	-0.000	-0.000	0.000	0.1200	-0.1200	-0.1200	0.0000	0.0000	0.0000	0	1.00	0.2624	0.2264	-0.4830	1.390	0
172552	21.374	-0.713	-22.450	-0.39	-1.58	-0.30	-0.017	0.012	-0.019	-0.000	-0.000	0.000	0.1200	-0.1200	-0.1200	0.0000	0.0000	0.0000	0	1.00	0.2624	0.2264	-0.4830	1.390	0
172560	21.359	-0.725	-22.447	-0.30	-1.46	-0.09	-0.006	0.004	0.004	-0.000	-0.000	0.000	0.1200	-0.1200	-0.1200	0.0000	0.0000	0.0000	0	1.00	0.2624	0.2264	-0.4830	1.390	0
172568	21.341	-0.736	-22.438	-0.47	-1.56	-0.02	-0.007	-0.007	0.019	-0.000	-0.000	0.000	0.1200	-0.1200	-0.1200	0.0000	0.0000	0.0000	0	1.00	0.2624	0.2264	-0.4830	1.390	0
172576	21.323	-0.746	-22.430	-0.25	-1.27	-0.33	0.011	-0.021	0.032	-0.000	-0.000	0.000	0.1200	-0.1200	-0.1200	0.0000	0.0000	0.0000	0	1.00	0.2624	0.2264	-0.4830	1.390	0
172584	21.302	-0.763	-22.425	-0.29	-1.22	-0.45	0.009	-0.008	0.038	-0.000	-0.000	0.000	0.1200	-0.1200	-0.1200	0.0000	0.0000	0.0000	0	1.00	0.2624	0.2264	-0.4830	1.390	0
172592	21.293	-0.775	-22.425	-0.30	-1.20	-0.34	0.003	-0.001	0.032	-0.000	-0.000	0.000	0.1200	-0.1200	-0.1200	0.0000	0.0000	0.0000	0	1.00	0.2624	0.2264	-0.4830	1.390	0
172600	21.282	-0.795	-22.433	-0.39	-1.21	-0.35	-0.002	0.006	0.039	-0.000	-0.000	0.000	0.1200	-0.1200	-0.1200	0.0000	0.0000	0.0000	0	1.00	0.2624	0.2264	-0.4830	1.390	0
172607	21.282	-0.808	-22.445	-0.34	-1.44	-0.49	0.004	-0.004	0.026	-0.000	-0.000	0.000	0.1200	-0.1200	-0.1200	0.0000	0.0000	0.0000	0	1.00	0.2624	0.2264	-0.4830	1.390	0
172615	21.286	-0.821	-22.461	-0.23	-0.92	-0.49	-0.011	0.018	0.007	-0.000	-0.000	0.000	0.1200	-0.1200	-0.1200	0.0000	0.0000	0.0000	0	1.00	0.2624	0.2264	-0.4830	1.390	0
172623	21.290	-0.836	-22.478	-0.21	-0.91	-0.31	-0.003	0.004	-0.018	-0.000	-0.000	0.000	0.1200	-0.1200	-0.1200	0.0000	0.0000	0.0000	0	1.00	0.2624	0.2264	-0.4830	1.390	0
172631	21.295	-0.844	-22.490	-0.06	-0.86	-0.09	-0.023	-0.003	-0.029	-0.000	-0.000	0.000	0.1200	-0.1200	-0.1200	0.0000	0.0000	0.0000	0	1.00	0.2624	0.2264	-0.4830	1.390	0
172639	21.297	-0.852	-22.500	-0.43	-0.56	-0.22	-0.017	0.005	-0.039	-0.000	-0.000	0.000	0.1200	-0.1200	-0.1200	0.0000	0.0000	0.0000	0	1.00	0.2624	0.2264	-0.4830	1.390	0
172647	21.298	-0.855	-22.503	-0.52	-0.31	-0.49	-0.001	-0.043	-0.037	-0.000	-0.000	0.000	0.1200	-0.1200	-0.1200	0.0000	0.0000	0.0000	0	1.00	0.2624	0.2264	-0.4830	1.390	0
172655	21.297	-0.857	-22.505	-0.47	0.08	-0.19	0.010	-0.025	-0.030	-0.000	-0.000	0.000	0.1200	-0.1200	-0.1200	0.0000	0.0000	0.0000	0	1.00	0.2624	0.2264	-0.4830	1.390	0
172663	21.296	-0.853	-22.499	-0.16	0.37	-0.16	0.015	-0.037	-0.005	-0.000	-0.000	0.000	0.1200	-0.1200	-0.1200	0.0000	0.0000	0.0000	0	1.00	0.2624	0.2264	-0.4830	1.390	0
172671	21.295	-0.845	-22.491	-0.13	0.53	-0.25	0.015	-0.025	-0.004	-0.000	-0.000	0.000	0.1200	-0.1200	-0.1200	0.0000	0.0000	0.0000	0	1.00	0.2624	0.2264	-0.4830	1.390	0
172679	21.297	-0.840	-22.488	-0.44	1.04	-0.34	0.018	0.022	0.018	-0.000	-0.000	0.000	0.1200	-0.1200	-0.1200	0.0000	0.0000	0.0000	0	1.00	0.2624	0.2264	-0.4830	1.390	0
172687	21.302	-0.827	-22.482	-0.53	0.66	-0.29	0.011	0.004	0.036	-0.000	-0.000	0.000	0.1200	-0.1200	-0.1200	0.0000	0.0000	0.0000	0	1.00	0.2624	0.2264	-0.4830	1.390	0
172695	21.299	-0.825	-22.478	-0.43	0.70	-0.43	0.025	0.017	0.036	-0.000	-0.000	0.000	0.1200	-0.1200	-0.1200	0.0000	0.0000	0.0000	0	1.00	0.2624	0.2264	-0.4830	1.390	0
172703	21.300	-0.821	-22.475	-0.39	1.06	-0.41	0.019	0.045	0.022	-0.000	-0.000	0.000	0.1200	-0.1200	-0.1200	0.0000	0.0000	0.0000	0	1.00	0.2624	0.2264	-0.4830	1.390	0
172711	21.301	-0.815	-22.470	-0.29	0.80	-0.25	0.015	0.019	0.024	-0.000	-0.000	0.000	0.1200	-0.1200	-0.1200	0.0000	0.0000	0.0000	0	1.00	0.2624	0.2264	-0.4830	1.390	0
172718	21.300	-0.810	-22.465	-0.44	0.54	-0.58	-0.007	0.014	0.011	-0.000	-0.000	0.000	0.1200	-0.1200	-0.1200	0.0000	0.0000	0.0000	0	1.00	0.2624	0.2264	-0.4830	1.390	0
172726	21.294	-0.810	-22.459	-0.38	0.46	-0.24	-0.007	0.021	0.006	-0.000	-0.000	0.000	0.1200	-0.1200	-0.1200	0.0000	0.0000	0.0000	0	1.00	0.2624	0.2264	-0.4830	1.390	0
172734	21.294	-0.808	-22.457	-0.15	0.54	-0.76	0.004	0.015	-0.009	-0.000	-0.000	0.000	0.1200	-0.1200	-0.1200	0.0000	0.0000	0.0000	0	1.00	0.2624	0.2264	-0.4830	1.390	0
172742	21.294	-0.806	-22.455	-0.42	0.44	-0.60	0.012	0.018	-0.010	-0.000	-0.000	0.000	0.1200	-0.1200	-0.1200	0.0000	0.0000	0.0000	0	1.00	0.2624	0.2264	-0.4830	1.390	0
172750	21.301	-0.802	-22.458	-0.54	0.35	-0.60	-0.001	-0.020	-0.026	-0.000	-0.000	0.000	0.1200	-0.1200	-0.1200	0.0000	0.0000	0.0000	0	1.00	0.2624	0.2264	-0.4830	1.390	0
172758	21.312	-0.796	-22.464	-0.13	0.79	-0.51	0.004	-0.036	-0.035	-0.000	-0.000	0.000	0.1200	-0.1200	-0.1200	0.0000	0.0000	0.0000	0	1.00	0.2624	0.2264	-0.4830	1.390	0
172766	21.325	-0.788	-22.469	-0.23	0.60	-0.53	-0.012	-0.062	-0.040	-0.000	-0.000	0.000	0.1200	-0.1200	-0.1200	0.0000	0.0000	0.0000	0	1.00	0.2624	0.2264	-0.4830	1.390	0
172774	21.332	-0.781	-22.470	-0.53	0.75	-0.38	-0.004	-0.026	-0.022	-0.000	-0.000	0.000	0.1200	-0.1200	-0.1200	0.0000	0.0000	0.0000	0	1.00	0.2624	0.2264	-0.4830	1.390	0
172781	21.338	-0.775	-22.471	-0.63	0.76	-0.29	-0.001	-0.027	-0.001	-0.000	-0.000	0.000	0.1200	-0.1200	-0.1200	0.0000	0.0000	0.0000	0	1.00	0.2624	0.2264	-0.4830	1.390	0
172789	21.336	-0.770	-22.464	-0.56	0.78	-0.17	-0.016	-0.023	0.005	-0.000	-0.000	0.000	0.1200	-0.1200	-0.1200	0.0000	0.0000	0.0000	0	1.00	0.2624	0.2264	-0.4830	1.390	0
172797	21.334	-0.764	-22.457	-0.61	0.65	-0.30	-0.002	-0.008	0.014	-0.000	-0.000	0.000	0.1200	-0.1200	-0.1200	0.0000	0.0000	0.0000	0	1.00	0.2624	0.2264	-0.4830	1.390	0
172805	21.326	-0.761	-22.446	-0.52	0.65	-0.40	0.005	0.014	0.028	-0.000	-0.000	0.000	0.1200	-0.1200	-0.1200	0.0000	0.0000	0.0000	0	1.00	0.2624	0.2264	-0.4830	1.390	0
172813	21.318	-0.755	-22.432	-0.58	0.65	-0.22	-0.003	0.032	0.028	-0.000	-0.000	0.000	0.1200	-0.1200	-0.1200	0.0000	0.0000	0.0000	0	1.00	0.2624	0.2264	-0.4830	1.390	0
172821	21.315	-0.747	-22.422	-0.08	0.47	-0.23	0.013	0.044	0.032	-0.000	-0.000	0.000	0.1200	-0.1200	-0.1200	0.0000	0.0000	0.0000	0	1.00	0.2624	0.2264	-0.4830	1.390	0
172829	21.313	-0.744	-22.418	-0.15	0.27	-0.17	0.015	0.055	0.041	-0.000	-0.000	0.000	0.1200	-0.1200	-0.1200	0.0000	0.0000	0.0000	0	1.00	0.2624	0.2264	-0.4830	1.390	0
172837	21.318	-0.740	-22.419	-0.21	0.09	-0.26	0.010	0.016	0.017	-0.000	-0.000	0.000	0.1200	-0.1200	-0.1200	0.0000	0.0000	0.0000	0	1.00	0.2624	0.2264	-0.4830	1.390	0
172845	21.326	-0.734	-22.422	-0.30	0.43	-0.18	0.001	0.004	0.022	-0.000	-0.000	0.000	0.1200	-0.1200	-0.1200	0.0000	0.0000	0.0000	0	1.00	0.2624	0.2264	-0.4830	1.390	0
172853	21.331	-0.732	-22.425	-0.11	-0.15	-0.42	-0.010	-0.006	-0.009	-0.000	-0.000	0.000	0.1200	-0.1200	-0.1200	0.0000	0.0000	0.0000	0	1.00	0.2624	0.2264	-0.4830	1.390	0
172861	21.336	-0.732	-22.431	0.05	-0.22	0.12	-0.015	-0.024	-0.005	-0.000	-0.000	0.000	0.1200	-0.1200	-0.1200	0.0000	0.0000	0.0000	0	1.00	0.2624	0.2264	-0.4830	1.390	0
172869	21.341	-0.728	-22.431	-0.43	-0.34	-0.44	-0.020	-0.021	-0.001	-0.000	-0.000	0.000	0.1200	-0.1200	-0.1200	0.0000	0.0000	0.0000	0	1.00	0.2624	0.2264	-0.4830	1.390	0
172877	21.346	-0.719	-22.428	-0.60	-0.19	-0.63	-0.008	-0.030	-0.009	-0.000	-0.000	0.000	0.1200	-0.1200	-0.1200	0.0000	0.0000	0.0000	0	1.00	0.2624	0.2264	-0.4830	1.390	0
172885	21.346	-0.715	-22.424	-0.60	-0.36	-0.46	-0.012	-0.008	-0.024	-0.000	-0.000	0.000	0.1200	-0.1200	-0.1200	0.0000	0.0000	0.0000	0	1.00	0.2624	0.2264	-0.4830	1.390	0
172893	21.342	-0.716	-22.422	-0.51	-0.50	-0.42	-0.005	-0.037	-0.009	-0.000	-0.000	0.000	0.1200	-0.1200	-0.1200	0.0000	0.0000	0.0000	0	1.00	0.2624	0.2264	-0.4830	1.390	0
172901	21.341	-0.717	-22.422	-0.32	-0.75	-0.25	-0.009	-0.021	-0.001	-0.000	-0.000	0.000	0.1200	-0.1200	-0.1200	0.0000	0.0000	0.0000	0	1.00	0.2624	0.2264	-0.4830	1.390	0
172909	21.337	-0.722	-22.422	-0.07	-0.72	-0.21	-0.014	0.016	0.011	-0.000	-0.000	0.000	0.1200	-0.1200	-0.1200	0.0000	0.0000	0.0000	0	1.00	0.2624	0.2264	-0.4830	1.390	0
172917	21.334	-0.729	-22.426	-0.47	-0.76	-0.08	-0.011	0.037	0.010	-0.000	-0.000	0.000	0.1200	-0.1200	-0.1200	0.0000	0.0000	0.0000	0	1.00	0.2624	0.2264	-0.4830	1.390	0
172925	21.333	-0.734	-22.428	-0.64	-0.44	-0.45	-0.000	0.051	0.033	-0.000	-0.000	0.000	0.1200	-0.1200	-0.1200	0.0000	0.0000	0.0000	0	1.00	0.2624	0.2264	-0.4830	1.390	0
172933	21.330	-0.744	-22.435	-0.58	-0.77	-0.60	0.014	0.034	0.026	-0.000	-0.000	0.000	0.1200	-0.1200	-0.1200	0.0000	0.0000	0.0000	0	1.00	0.2624	0.2264	-0.4830	1.390	0
172941	21.325	-0.756	-22.441	-0.39	-0.45	-0.38	0.021	0.024	0.008	-0.000	-0.000	0.000	0.1200	-0.1200	-0.1200	0.0000	0.0000	0.0000	0	1.00	0.2624	0.2264	-0.4830	1.390	0
172949	21.318	-0.770	-22.447	-0.24	-0.16	-0.08	0.022	-0.014	-0.011	-0.000	-0.000	0.000	0.1200	-0.1200	-0.1200	0.0000	0.0000	0.0000	0	1.00	0.2624	0.2264	-0.4830	1.390	0
172957	21.318	-0.775	-22.450	0.03	-0.10	-0.20	0.011	-0.044	-0.016	-0.000	-0.000	0.000	0.1200	-0.1200	-0.1200	0.0000	0.0000	0.0000	0	1.00	0.2624	0.2264	-0.4830	1.390	0
172965	21.312	-0.783	-22.452	-0.50	-0.13	-0.48	-0.005	-0.010	-0.025	-0.000	-0.000	0.000	0.1200	-0.1200	-0.1200	0.0000	0.0000	0.0000	0	1.00	0.2624	0.2264	-0.4830	1.390	0
172972	21.310	-0.781	-22.448	-0.46	-0.01	-0.53	-0.005	-0.042	-0.027	-0.000	-0.000	0.000	0.1200	-0.1200	-0.1200	0.0000	0.0000	0.0000	0	1.00	0.2624	0.2264	-0.4830	1.390	0
172981	21.311	-0.782	-22.449	-0.17	0.23	-0.64	0.006	-0.047	-0.027	-0.000	-0.000	0.000	0.1200	-0.1200	-0.1200	0.0000	0.0000	0.0000	0	1.00	0.2624	0.2264	-0.4830	1.390	0
172989	21.315	-0.784	-22.456	-0.16	-0.26	-0.27	0.002	-0.020	-0.023	-0.000	-0.000	0.000	0.1200	-0.1200	-0.1200	0.0000	0.0000	0.0000	0	1.00	0.2624	0.2264	-0.4830	1.390	0
172997	21.315	-0.788	-22.459	-0.25	0.16	-0.28	-0.004	-0.028	-0.020	-0.000	-0.000	0.000	0.1200	-0.1200	-0.1200	0.0000	0.0000	0.0000	0	1.00	0.2624	0.2264	-0.4830	1.390	0
173005	21.318	-0.792	-22.466	-0.17	-0.00	-0.10	-0.018	-0.005	-0.019	-0.000	-0.000	0.000	0.1200	-0.1200	-0.1200	0.0000	0.0000	0.0000	0	1.00	0.2624	0.2264	-0.4830	1.390	0
173012	21.323	-0.786	-22.465	-0.19	-0.10	-0.19	-0.004	0.018	-0.004	-0.000	-0.000	0.000	0.1200	-0.1200	-0.1200	0.0000	0.0000	0.0000	0	1.00	0.2624	0.2264	-0.4830	1.390	0
173020	21.323	-0.781	-22.461	-0.78	0.43	-0.87	-0.015	0.028	0.006	-0.000	-0.000	0.000	0.1200	-0.1200	-0.1200	0.0000	0.0000	0.0000	0	1.00	0.2624	0.2264	-0.4830	1.390	0
173029	21.324	-0.774	-22.456	-0.66	0.31	-0.65	-0.000	0.026	0.017	-0.000	-0.000	0.000	0.1200	-0.1200	-0.1200	0.0000	0.0000	0.0000	0	1.00	0.2624	0.2264	-0.4830	1.390	0
173037	21.321	-0.775	-22.454	-0.39	0.15	-0.55	0.014	0.006	0.029	-0.000	-0.000	0.000	0.1200	-0.1200	-0.1200	0.0000	0.0000	0.0000	0	1.00	0.2624	0.2264	-0.4830	1.390	0
173044	21.315	-0.779	-22.452	-0.23	0.13	-0.05	0.020	0.035	0.026	-0.000	-0.000	0.000	0.1200	-0.1200	-0.1200	0.0000	0.0000	0.0000	0	1.00	0.2624	0.2264	-0.4830	1.390	0
173052	21.314	-0.776	-22.448	-0.41	0.34	-0.62	0.001	0.005	0.024	-0.000	-0.000	0.000	0.1200	-0.1200	-0.1200	0.0000	0.0000	0.0000	0	1.00	0.2624	0.2264	-0.4830	1.390	0
173060	21.318	-0.771	-22.447	-0.19	-0.05	-0.23	0.014	-0.008	0.027	-0.000	-0.000	0.000	0.1200	-0.1200	-0.1200	0.0000	0.0000	0.0000	0	1.00	0.2624	0.2264	-0.4830	1.390	0
173068	21.322	-0.769	-22.449	-0.30	0.27	-0.34	0.029	-0.031	0.013	-0.000	-0.000	0.000	0.1200	-0.1200	-0.1200	0.0000	0.0000	0.0000	0	1.00	0.2624	0.2264	-0.4830	1.390	0
173076	21.323	-0.770	-22.452	-0.39	-0.15	-0.25	0.026	-0.032	-0.007	-0.000	-0.000	0.000	0.1200	-0.1200	-0.1200	0.0000	0.0000	0.0000	0	1.00	0.2624	0.2264	-0.4830	1.390	0
173084	21.329	-0.768	-22.455	-0.19	0.08	-0.36	0.025	-0.038	-0.018	0.000	-0.000	0.000	0.1200	-0.1200	-0.1200	0.0000	0.0000	0.0000	0	1.00	0.2624	0.2264	-0.4830	1.390	0
173092	21.326	-0.771	-22.455	-0.39	0.22	-0.31	0.012	-0.044	-0.035	0.000	-0.000	0.000	0.1200	-0.1200	-0.1200	0.0000	0.0000	0.0000	0	1.00	0.2624	0.2264	-0.4830	1.390	0
173100	21.326	-0.769	-22.453	-0.50	-0.22	-0.40	-0.003	-0.030	-0.018	0.000	-0.000	0.000	0.1200	-0.1200	-0.1200	0.0000	0.0000	0.0000	0	1.00	0.2624	0.2264	-0.4830	1.390	0
173108	21.322	-0.771	-22.451	-0.09	0.07	-0.46	-0.023	-0.004	-0.020	0.000	-0.000	0.000	0.1200	-0.1200	-0.1200	0.0000	0.0000	0.0000	0	1.00	0.2624	0.2264	-0.4830	1.390	0
173116	21.319	-0.770	-22.447	-0.46	0.36	-0.59	-0.015	-0.003	-0.015	-0.000	-0.000	0.000	0.1200	-0.1200	-0.1200	0.0000	0.0000	0.0000	0	1.00	0.2624	0.2264	-0.4830	1.390	0
173124	21.316	-0.771	-22.445	-0.54	0.05	-0.30	-0.010	0.033	-0.013	-0.000	-0.000	0.000	0.1200	-0.1200	-0.1200	0.0000	0.0000	0.0000	0	1.00	0.2624	0.2264	-0.4830	1.390	0
173131	21.313	-0.770	-22.441	-0.54	-0.08	-0.17	-0.017	0.042	-0.007	-0.000	-0.000	0.000	0.1200	-0.1200	-0.1200	0.0000	0.0000	0.0000	0	1.00	0.2624	0.2264	-0.4830	1.390	0
173139	21.316	-0.764	-22.439	-0.60	-0.21	-0.30	-0.027	0.033	0.002	-0.000	-0.000	0.000	0.1200	-0.1200	-0.1200	0.0000	0.0000	0.0000	0	1.00	0.2624	0.2264	-0.4830	1.390	0
173147	21.316	-0.766	-22.441	-0.38	-0.08	-0.44	-0.014	0.030	-0.007	-0.000	-0.000	0.000	0.1200	-0.1200	-0.1200	0.0000	0.0000	0.0000	0	1.00	0.2624	0.2264	-0.4830	1.390	0
173155	21.317	-0.763	-22.439	-0.44	-0.08	-0.26	0.002	0.039	-0.012	-0.000	-0.000	0.000	0.1200	-0.1200	-0.1200	0.0000	0.0000	0.0000	0	1.00	0.2624	0.2264	-0.4830	1.390	0
173163	21.316	-0.762	-22.437	-0.34	-0.31	-0.14	0.015	0.040	-0.018	-0.000	-0.000	0.000	0.1200	-0.1200	-0.1200	0.0000	0.0000	0.0000	0	1.00	0.2624	0.2264	-0.4830	1.390	0
173171	21.314	-0.763	-22.436	-0.43	-0.06	-0.41	0.018	0.023	0.011	-0.000	-0.000	0.000	0.1200	-0.1200	-0.1200	0.0000	0.0000	0.0000	0	1.00	0.2624	0.2264	-0.4830	1.390	0
173179	21.313	-0.764	-22.436	-0.44	0.09	-0.44	0.020	-0.024	0.003	-0.000	-0.000	0.000	0.1200	-0.1200	-0.1200	0.0000	0.0000	0.0000	0	1.00	0.2624	0.2264	-0.4830	1.390	0
173187	21.315	-0.765	-22.439	-0.48	0.01	-0.43	0.020	-0.027	0.001	-0.000	-0.000	0.000	0.1200	-0.1200	-0.1200	0.0000	0.0000	0.0000	0	1.00	0.2624	0.2264	-0.4830	1.390	0
173195	21.309	-0.771	-22.438	-0.53	0.16	-0.53	0.024	-0.023	0.003	0.000	-0.000	0.000	0.1200	-0.1200	-0.1200	0.0000	0.0000	0.0000	0	1.00	0.2624	0.2264	-0.4830	1.390	0
173203	21.306	-0.772	-22.437	-0.54	0.55	-0.49	0.022	-0.059	0.007	0.000	-0.000	0.000	0.1200	-0.1200	-0.1200	0.0000	0.0000	0.0000	0	1.00	0.2624	0.2264	-0.4830	1.390	0
173211	21.309	-0.770	-22.438	-0.71	0.53	-0.51	0.002	-0.044	0.003	0.000	-0.000	0.000	0.1200	-0.1200	-0.1200	0.0000	0.0000	0.0000	0	1.00	0.2624	0.2264	-0.4830	1.390	0
173219	21.313	-0.765	-22.437	-0.37	0.37	-0.58	-0.010	-0.019	0.010	0.000	-0.000	0.000	0.1200	-0.1200	-0.1200	0.0000	0.0000	0.0000	0	1.00	0.2624	0.2264	-0.4830	1.390	0
173227	21.315	-0.762	-22.436	-0.62	0.52	-0.17	-0.028	0.004	0.017	-0.000	-0.000	0.000	0.1200	-0.1200	-0.1200	0.0000	0.0000	0.0000	0	1.00	0.2624	0.2264	-0.4830	1.390	0
173235	21.317	-0.763	-22.439	-0.30	0.31	-0.38	-0.014	0.021	0.022	-0.000	-0.000	0.000	0.1200	-0.1200	-0.1200	0.0000	0.0000	0.0000	0	1.00	0.2624	0.2264	-0.4830	1.390	0
173243	21.324	-0.757	-22.441	-0.19	0.58	-0.12	-0.015	0.062	0.025	-0.000	-0.000	0.000	0.1200	-0.1200	-0.1200	0.0000	0.0000	0.0000	0	1.00	0.2624	0.2264	-0.4830	1.390	0
173251	21.322	-0.756	-22.437	-0.38	0.37	-0.15	-0.007	0.057	0.020	-0.000	-0.000	0.000	0.1200	-0.1200	-0.1200	0.0000	0.0000	0.0000	0	1.00	0.2624	0.2264	-0.4830	1.390	0
173259	21.319	-0.760	-22.438	-0.42	0.09	-0.26	-0.004	0.030	0.002	-0.000	-0.000	0.000	0.1200	-0.1200	-0.1200	0.0000	0.0000	0.0000	0	1.00	0.2624	0.2264	-0.4830	1.390	0
173267	21.315	-0.766	-22.440	-0.13	0.49	-0.21	0.011	0.001	-0.004	-0.000	-0.000	0.000	0.1200	-0.1200	-0.1200	0.0000	0.0000	0.0000	0	1.00	0.2624	0.2264	-0.4830	1.390	0
173275	21.313	-0.767	-22.438	-0.28	0.23	-0.11	0.005	-0.009	-0.012	-0.000	-0.000	0.000	0.1200	-0.1200	-0.1200	0.0000	0.0000	0.0000	0	1.00	0.2624	0.2264	-0.4830	1.390	0
173283	21.310	-0.767	-22.436	-0.13	0.40	-0.12	-0.001	-0.024	-0.015	-0.000	-0.000	0.000	0.1200	-0.1200	-0.1200	0.0000	0.0000	0.0000	0	1.00	0.2624	0.2264	-0.4830	1.390	0
173291	21.309	-0.767	-22.434	-0.10	0.28	-0.24	0.006	-0.035	-0.028	-0.000	-0.000	0.000	0.1200	-0.1200	-0.1200	0.0000	0.0000	0.0000	0	1.00	0.2624	0.2264	-0.4830	1.390	0
173299	21.308	-0.767	-22.434	-0.17	0.47	-0.57	0.003	-0.044	-0.018	-0.000	-0.000	0.000	0.1200	-0.1200	-0.1200	0.0000	0.0000	0.0000	0	1.00	0.2624	0.2264	-0.4830	1.390	0
173307	21.311	-0.763	-22.433	-0.25	0.11	-0.23	0.002	-0.021	-0.023	-0.000	-0.000	0.000	0.1200	-0.1200	-0.1200	0.0000	0.0000	0.0000	0	1.00	0.2624	0.2264	-0.4830	1.390	0
173315	21.315	-0.755	-22.429	-0.28	0.15	-0.46	0.005	0.009	-0.022	-0.000	-0.000	0.000	0.1200	-0.1200	-0.1200	0.0000	0.0000	0.0000	0	1.00	0.2624	0.2264	-0.4830	1.390	0
173323	21.320	-0.749	-22.429	-0.41	0.08	-0.36	0.007	0.014	-0.006	-0.000	-0.000	0.000	0.1200	-0.1200	-0.1200	0.0000	0.0000	0.0000	0	1.00	0.2624	0.2264	-0.4830	1.390	0
173331	21.316	-0.746	-22.423	-0.29	-0.18	-0.01	-0.003	0.006	0.010	-0.000	-0.000	0.000	0.1200	-0.1200	-0.1200	0.0000	0.0000	0.0000	0	1.00	0.2624	0.2264	-0.4830	1.390	0
173339	21.319	-0.739	-22.419	-0.34	-0.02	-0.11	-0.007	0.029	0.008	-0.000	-0.000	0.000	0.1200	-0.1200	-0.1200	0.0000	0.0000	0.0000	0	1.00	0.2624	0.2264	-0.4830	1.390	0
173347	21.322	-0.735	-22.419	-0.28	-0.26	-0.35	-0.002	0.013	0.045	-0.000	-0.000	0.000	0.1200	-0.1200	-0.1200	0.0000	0.0000	0.0000	0	1.00	0.2624	0.2264	-0.4830	1.390	0
173354	21.318	-0.732	-22.412	-0.58	-0.31	-0.75	-0.002	0.021	0.045	-0.000	-0.000	0.000	0.1200	-0.1200	-0.1200	0.0000	0.0000	0.0000	0	1.00	0.2624	0.2264	-0.4830	1.390	0
173363	21.322	-0.731	-22.415	-0.27	-0.45	-0.29	-0.012	0.008	0.037	-0.000	-0.000	0.000	0.1200	-0.1200	-0.1200	0.0000	0.0000	0.0000	0	1.00	0.2624	0.2264	-0.4830	1.390	0
173371	21.322	-0.737	-22.421	-0.29	-0.55	-0.38	-0.010	0.013	0.022	-0.000	-0.000	0.000	0.1200	-0.1200	-0.1200	0.0000	0.0000	0.0000	0	1.00	0.2624	0.2264	-0.4830	1.390	0
173379	21.318	-0.743	-22.422	-0.22	-0.68	-0.42	-0.030	-0.023	0.034	-0.000	-0.000	0.000	0.1200	-0.1200	-0.1200	0.0000	0.0000	0.0000	0	1.00	0.2624	0.2264	-0.4830	1.390	0
173387	21.322	-0.743	-22.426	-0.37	-0.86	-0.09	-0.002	-0.015	0.003	-0.000	-0.000	0.000	0.1200	-0.1200	-0.1200	0.0000	0.0000	0.0000	0	1.00	0.2624	0.2264	-0.4830	1.390	0
173394	21.321	-0.748	-22.430	-0.50	-0.84	-0.51	-0.004	-0.037	-0.010	-0.000	-0.000	0.000	0.1200	-0.1200	-0.1200	0.0000	0.0000	0.0000	0	1.00	0.2624	0.2264	-0.4830	1.390	0
173402	21.323	-0.757	-22.439	-0.03	-0.90	0.04	0.016	-0.047	-0.018	-0.000	-0.000	0.000	0.1200	-0.1200	-0.1200	0.0000	0.0000	0.0000	0	1.00	0.2624	0.2264	-0.4830	1.390	0
173410	21.322	-0.757	-22.439	-0.45	-0.33	-0.33	0.020	-0.025	-0.025	-0.000	-0.000	0.000	0.1200	-0.1200	-0.1200	0.0000	0.0000	0.0000	0	1.00	0.2624	0.2264	-0.4830	1.390	0
173418	21.319	-0.760	-22.438	-0.39	-0.63	-0.20	0.009	-0.049	-0.029	-0.000	-0.000	0.000	0.1200	-0.1200	-0.1200	0.0000	0.0000	0.0000	0	1.00	0.2624	0.2264	-0.4830	1.390	0
173426	21.316	-0.764	-22.438	-0.96	-0.52	-0.27	0.021	-0.010	-0.022	-0.000	-0.000	0.000	0.1200	-0.1200	-0.1200	0.0000	0.0000	0.0000	0	1.00	0.2624	0.2264	-0.4830	1.390	0
173434	21.310	-0.767	-22.435	-0.49	-0.10	-0.63	0.018	-0.005	-0.013	-0.000	-0.000	0.000	0.1200	-0.1200	-0.1200	0.0000	0.0000	0.0000	0	1.00	0.2624	0.2264	-0.4830	1.390	0
173442	21.307	-0.773	-22.438	-0.58	-0.07	-0.25	0.016	0.017	-0.006	0.000	-0.000	0.000	0.1200	-0.1200	-0.1200	0.0000	0.0000	0.0000	0	1.00	0.2624	0.2264	-0.4830	1.390	0
173450	21.300	-0.778	-22.436	-0.56	-0.39	-0.48	0.015	0.035	0.005	0.000	-0.000	0.000	0.1200	-0.1200	-0.1200	0.0000	0.0000	0.0000	0	1.00	0.2624	0.2264	-0.4830	1.390	0
173458	21.297	-0.784	-22.438	-0.48	-0.21	-0.21	-0.003	0.028	0.005	0.000	-0.000	0.000	0.1200	-0.1200	-0.1200	0.0000	0.0000	0.0000	0	1.00	0.2624	0.2264	-0.4830	1.390	0
173466	21.300	-0.791	-22.447	-0.05	0.26	-0.26	-0.013	0.008	-0.000	0.000	-0.000	0.000	0.1200	-0.1200	-0.1200	0.0000	0.0000	0.0000	0	1.00	0.2624	0.2264	-0.4830	1.390	0
173473	21.302	-0.795	-22.453	-0.47	-0.38	-0.47	-0.021	0.025	0.002	-0.000	-0.000	0.000	0.1200	-0.1200	-0.1200	0.0000	0.0000	0.0000	0	1.00	0.2624	0.2264	-0.4830	1.390	0
173481	21.304	-0.795	-22.455	-0.53	0.12	-0.49	-0.028	0.014	0.011	-0.000	-0.000	0.000	0.1200	-0.1200	-0.1200	0.0000	0.0000	0.0000	0	1.00	0.2624	0.2264	-0.4830	1.390	0
173489	21.299	-0.801	-22.455	-0.49	0.09	-0.08	-0.030	0.022	0.005	-0.000	-0.000	0.000	0.1200	-0.1200	-0.1200	0.0000	0.0000	0.0000	0	1.00	0.2624	0.2264	-0.4830	1.390	0
173497	21.298	-0.802	-22.455	-0.59	0.37	-0.58	-0.029	0.010	-0.007	-0.000	-0.000	0.000	0.1200	-0.1200	-0.1200	0.0000	0.0000	0.0000	0	1.00	0.2624	0.2264	-0.4830	1.390	0
173505	21.293	-0.801	-22.450	-0.51	0.26	-0.44	-0.020	0.009	-0.004	-0.000	-0.000	0.000	0.1200	-0.1200	-0.1200	0.0000	0.0000	0.0000	0	1.00	0.2624	0.2264	-0.4830	1.390	0
173513	21.296	-0.799	-22.451	-0.25	0.29	-0.41	-0.003	-0.022	-0.007	-0.000	-0.000	0.000	0.1200	-0.1200	-0.1200	0.0000	0.0000	0.0000	0	1.00	0.2624	0.2264	-0.4830	1.390	0
173521	21.294	-0.799	-22.449	-0.52	0.51	-0.26	0.008	-0.001	-0.025	-0.000	-0.000	0.000	0.1200	-0.1200	-0.1200	0.0000	0.0000	0.0000	0	1.00	0.2624	0.2264	-0.4830	1.390	0
173529	21.297	-0.792	-22.446	-0.22	0.45	-0.50	0.014	0.001	-0.010	-0.000	-0.000	0.000	0.1200	-0.1200	-0.1200	0.0000	0.0000	0.0000	0	1.00	0.2624	0.2264	-0.4830	1.390	0
173537	21.298	-0.792	-22.446	-0.15	0.18	-0.08	0.016	-0.019	-0.024	-0.000	-0.000	0.000	0.1200	-0.1200	-0.1200	0.0000	0.0000	0.0000	0	1.00	0.2624	0.2264	-0.4830	1.390	0
173545	21.301	-0.789	-22.447	-0.38	0.80	-0.58	0.036	-0.017	-0.019	-0.000	-0.000	0.000	0.1200	-0.1200	-0.1200	0.0000	0.0000	0.0000	0	1.00	0.2624	0.2264	-0.4830	1.390	0
173553	21.307	-0.782	-22.446	-0.66	0.59	-0.62	0.031	-0.023	-0.017	-0.000	-0.000	0.000	0.1200	-0.1200	-0.1200	0.0000	0.0000	0.0000	0	1.00	0.2624	0.2264	-0.4830	1.390	0
173560	21.310	-0.777	-22.444	-0.31	0.29	-0.67	0.022	-0.005	-0.001	-0.000	-0.000	0.000	0.1200	-0.1200	-0.1200	0.0000	0.0000	0.0000	0	1.00	0.2624	0.2264	-0.4830	1.390	0
173568	21.314	-0.768	-22.440	-0.35	0.64	-0.66	0.015	-0.003	0.003	0.000	-0.000	0.000	0.1200	-0.1200	-0.1200	0.0000	0.0000	0.0000	0	1.00	0.2624	0.2264	-0.4830	1.390	0
173576	21.312	-0.763	-22.435	-0.72	0.42	-0.28	0.013	-0.000	0.026	0.000	-0.000	0.000	0.1200	-0.1200	-0.1200	0.0000	0.0000	0.0000	0	1.00	0.2624	0.2264	-0.4830	1.390	0
173584	21.315	-0.763	-22.437	-0.24	0.14	-0.38	-0.010	-0.009	0.040	0.000	-0.000	0.000	0.1200	-0.1200	-0.1200	0.0000	0.0000	0.0000	0	1.00	0.2624	0.2264	-0.4830	1.390	0
173592	21.319	-0.757	-22.436	-0.47	0.51	-0.62	-0.018	-0.001	0.029	0.000	-0.000	0.000	0.1200	-0.1200	-0.1200	0.0000	0.0000	0.0000	0	1.00	0.2624	0.2264	-0.4830	1.390	0
173600	21.318	-0.761	-22.438	-0.30	0.18	-0.25	-0.027	0.025	0.027	-0.000	-0.000	0.000	0.1200	-0.1200	-0.1200	0.0000	0.0000	0.0000	0	1.00	0.2624	0.2264	-0.4830	1.390	0
173608	21.324	-0.757	-22.441	-0.66	0.16	-0.19	-0.026	0.025	0.013	-0.000	-0.000	0.000	0.1200	-0.1200	-0.1200	0.0000	0.0000	0.0000	0	1.00	0.2624	0.2264	-0.4830	1.390	0
173616	21.323	-0.754	-22.437	-0.00	0.12	-0.49	-0.036	-0.006	0.004	-0.000	-0.000	0.000	0.1200	-0.1200	-0.1200	0.0000	0.0000	0.0000	0	1.00	0.2624	0.2264	-0.4830	1.390	0
173624	21.322	-0.754	-22.436	-0.52	0.32	-0.38	-0.026	-0.002	-0.018	-0.000	-0.000	0.000	0.1200	-0.1200	-0.1200	0.0000	0.0000	0.0000	0	1.00	0.2624	0.2264	-0.4830	1.390	0
173632	21.319	-0.754	-22.432	-0.45	0.04	-0.39	-0.022	-0.023	-0.028	-0.000	-0.000	0.000	0.1200	-0.1200	-0.1200	0.0000	0.0000	0.0000	0	1.00	0.2624	0.2264	-0.4830	1.390	0
173640	21.317	-0.750	-22.428	-0.55	0.18	-0.43	-0.007	-0.008	-0.024	-0.000	-0.000	0.000	0.1200	-0.1200	-0.1200	0.0000	0.0000	0.0000	0	1.00	0.2624	0.2264	-0.4830	1.390	0
173648	21.311	-0.749	-22.421	-0.38	-0.06	-0.15	0.004	0.022	-0.016	-0.000	-0.000	0.000	0.1200	-0.1200	-0.1200	0.0000	0.0000	0.0000	0	1.00	0.2624	0.2264	-0.4830	1.390	0
173656	21.310	-0.748	-22.418	-0.34	0.06	-0.20	0.017	0.003	-0.019	-0.000	-0.000	0.000	0.1200	-0.1200	-0.1200	0.0000	0.0000	0.0000	0	1.00	0.2624	0.2264	-0.4830	1.390	0
173664	21.313	-0.746	-22.420	-0.23	0.04	-0.40	0.017	-0.021	-0.007	-0.000	-0.000	0.000	0.1200	-0.1200	-0.1200	0.0000	0.0000	0.0000	0	1.00	0.2624	0.2264	-0.4830	1.390	0
173672	21.318	-0.740	-22.419	-0.31	0.07	-0.45	0.016	-0.000	-0.004	-0.000	-0.000	0.000	0.1200	-0.1200	-0.1200	0.0000	0.0000	0.0000	0	1.00	0.2624	0.2264	-0.4830	1.390	0
173680	21.320	-0.737	-22.418	-0.39	-0.33	-0.50	0.017	0.013	0.019	-0.000	-0.000	0.000	0.1200	-0.1200	-0.1200	0.0000	0.0000	0.0000	0	1.00	0.2624	0.2264	-0.4830	1.390	0
173688	21.323	-0.737	-22.421	-0.35	-0.35	-0.10	0.006	0.011	0.020	-0.000	-0.000	0.000	0.1200	-0.1200	-0.1200	0.0000	0.0000	0.0000	0	1.00	0.2624	0.2264	-0.4830	1.390	0
173696	21.332	-0.731	-22.425	-0.24	-0.20	-0.04	0.013	0.026	0.021	-0.000	-0.000	0.000	0.1200	-0.1200	-0.1200	0.0000	0.0000	0.0000	0	1.00	0.2624	0.2264	-0.4830	1.390	0
173704	21.333	-0.734	-22.428	-0.45	-0.37	-0.29	-0.004	-0.007	0.006	-0.000	-0.000	0.000	0.1200	-0.1200	-0.1200	0.0000	0.0000	0.0000	0	1.00	0.2624	0.2264	-0.4830	1.390	0
173712	21.332	-0.737	-22.430	-0.26	-0.34	-0.09	-0.020	-0.046	0.004	-0.000	-0.000	0.000	0.1200	-0.1200	-0.1200	0.0000	0.0000	0.0000	0	1.00	0.2624	0.2264	-0.4830	1.390	0
173720	21.333	-0.737	-22.431	-0.24	-0.18	-0.36	-0.020	-0.020	-0.016	-0.000	-0.000	0.000	0.1200	-0.1200	-0.1200	0.0000	0.0000	0.0000	0	1.00	0.2624	0.2264	-0.4830	1.390	0
173728	21.335	-0.735	-22.432	-0.58	0.08	-0.71	-0.010	-0.002	-0.007	-0.000	-0.000	0.000	0.1200	-0.1200	-0.1200	0.0000	0.0000	0.0000	0	1.00	0.2624	0.2264	-0.4830	1.390	0
173736	21.330	-0.739	-22.430	-0.37	-0.19	-0.45	-0.026	-0.003	-0.021	-0.000	-0.000	0.000	0.1200	-0.1200	-0.1200	0.0000	0.0000	0.0000	0	1.00	0.2624	0.2264	-0.4830	1.390	0
173744	21.331	-0.741	-22.434	-0.49	-0.23	-0.50	-0.022	-0.025	-0.019	-0.000	-0.000	0.000	0.1200	-0.1200	-0.1200	0.0000	0.0000	0.0000	0	1.00	0.2624	0.2264	-0.4830	1.390	0
173752	21.329	-0.746	-22.436	-0.12	-0.27	-0.19	-0.011	0.001	-0.025	-0.000	-0.000	0.000	0.1200	-0.1200	-0.1200	0.0000	0.0000	0.0000	0	1.00	0.2624	0.2264	-0.4830	1.390	0
173760	21.328	-0.750	-22.438	-0.27	-0.69	-0.36	-0.002	0.003	-0.004	-0.000	-0.000	0.000	0.1200	-0.1200	-0.1200	0.0000	0.0000	0.0000	0	1.00	0.2624	0.2264	-0.4830	1.390	0
173768	21.322	-0.755	-22.437	-0.51	-0.63	-0.29	0.013	0.021	0.012	-0.000	-0.000	0.000	0.1200	-0.1200	-0.1200	0.0000	0.0000	0.0000	0	1.00	0.2624	0.2264	-0.4830	1.390	0
173776	21.314	-0.764	-22.436	-0.74	-0.48	-0.31	0.022	0.033	0.013	-0.000	-0.000	0.000	0.1200	-0.1200	-0.1200	0.0000	0.0000	0.0000	0	1.00	0.2624	0.2264	-0.4830	1.390	0
173784	21.311	-0.768	-22.437	0.07	-0.57	-0.40	0.028	0.027	0.031	-0.000	-0.000	0.000	0.1200	-0.1200	-0.1200	0.0000	0.0000	0.0000	0	1.00	0.2624	0.2264	-0.4830	1.390	0
173791	21.307	-0.771	-22.436	-0.28	-0.22	-0.40	0.032	0.020	0.019	-0.000	-0.000	0.000	0.1200	-0.1200	-0.1200	0.0000	0.0000	0.0000	0	1.00	0.2624	0.2264	-0.4830	1.390	0
173799	21.304	-0.775	-22.436	-0.21	0.00	-0.17	0.024	-0.001	0.015	-0.000	-0.000	0.000	0.1200	-0.1200	-0.1200	0.0000	0.0000	0.0000	0	1.00	0.2624	0.2264	-0.4830	1.390	0
173808	21.304	-0.778	-22.439	-0.11	0.17	-0.44	0.025	-0.006	0.004	0.000	-0.000	0.000	0.1200	-0.1200	-0.1200	0.0000	0.0000	0.0000	0	1.00	0.2624	0.2264	-0.4830	1.390	0
173815	21.307	-0.776	-22.441	-0.08	-0.04	-0.47	0.010	-0.020	0.012	0.000	-0.000	0.000	0.1200	-0.1200	-0.1200	0.0000	0.0000	0.0000	0	1.00	0.2624	0.2264	-0.4830	1.390	0
173824	21.315	-0.771	-22.444	-0.56	0.24	-0.37	0.001	-0.029	0.005	0.000	-0.000	0.000	0.1200	-0.1200	-0.1200	0.0000	0.0000	0.0000	0	1.00	0.2624	0.2264	-0.4830	1.390	0
173831	21.319	-0.777	-22.454	-0.31	-0.06	-0.32	-0.001	-0.014	-0.013	0.000	-0.000	0.000	0.1200	-0.1200	-0.1200	0.0000	0.0000	0.0000	0	1.00	0.2624	0.2264	-0.4830	1.390	0
173839	21.322	-0.777	-22.457	-0.39	0.13	-0.22	-0.010	-0.021	-0.024	0.000	-0.000	0.000	0.1200	-0.1200	-0.1200	0.0000	0.0000	0.0000	0	1.00	0.2624	0.2264	-0.4830	1.390	0
173848	21.324	-0.775	-22.457	-0.38	0.59	-0.37	-0.002	-0.032	-0.020	0.000	-0.000	0.000	0.1200	-0.1200	-0.1200	0.0000	0.0000	0.0000	0	1.00	0.2624	0.2264	-0.4830	1.390	0
173855	21.322	-0.776	-22.456	-0.12	0.23	-0.38	-0.016	-0.011	-0.026	-0.000	-0.000	0.000	0.1200	-0.1200	-0.1200	0.0000	0.0000	0.0000	0	1.00	0.2624	0.2264	-0.4830	1.390	0
173863	21.318	-0.775	-22.451	-0.30	0.31	-0.38	-0.006	0.007	-0.019	-0.000	-0.000	0.000	0.1200	-0.1200	-0.1200	0.0000	0.0000	0.0000	0	1.00	0.2624	0.2264	-0.4830	1.390	0
173871	21.314	-0.774	-22.446	-0.38	0.28	-0.06	-0.012	0.018	-0.001	-0.000	-0.000	0.000	0.1200	-0.1200	-0.1200	0.0000	0.0000	0.0000	0	1.00	0.2624	0.2264	-0.4830	1.390	0
173879	21.310	-0.769	-22.437	-0.23	0.64	-0.57	-0.011	0.015	0.010	-0.000	-0.000	0.000	0.1200	-0.1200	-0.1200	0.0000	0.0000	0.0000	0	1.00	0.2624	0.2264	-0.4830	1.390	0
173887	21.310	-0.764	-22.433	-0.18	0.36	-0.34	-0.005	0.015	0.012	-0.000	-0.000	0.000	0.1200	-0.1200	-0.1200	0.0000	0.0000	0.0000	0	1.00	0.2624	0.2264	-0.4830	1.390	0
173895	21.315	-0.755	-22.430	-0.05	0.52	-0.52	-0.000	0.010	0.017	-0.000	-0.000	0.000	0.1200	-0.1200	-0.1200	0.0000	0.0000	0.0000	0	1.00	0.2624	0.2264	-0.4830	1.390	0
173903	21.319	-0.752	-22.431	-0.33	0.73	-0.56	0.005	0.002	0.021	-0.000	-0.000	0.000	0.1200	-0.1200	-0.1200	0.0000	0.0000	0.0000	0	1.00	0.2624	0.2264	-0.4830	1.390	0
173911	21.332	-0.739	-22.433	-0.37	0.74	-0.64	0.017	0.022	0.013	-0.000	-0.000	0.000	0.1200	-0.1200	-0.1200	0.0000	0.0000	0.0000	0	1.00	0.2624	0.2264	-0.4830	1.390	0
173919	21.338	-0.733	-22.432	-0.69	0.54	-0.33	0.003	0.002	0.011	-0.000	-0.000	0.000	0.1200	-0.1200	-0.1200	0.0000	0.0000	0.0000	0	1.00	0.2624	0.2264	-0.4830	1.390	0
173926	21.337	-0.732	-22.431	-0.35	0.45	-0.16	0.003	-0.001	0.006	-0.000	-0.000	0.000	0.1200	-0.1200	-0.1200	0.0000	0.0000	0.0000	0	1.00	0.2624	0.2264	-0.4830	1.390	0
173935	21.342	-0.727	-22.431	-0.54	0.38	-0.32	0.007	0.008	-0.003	-0.000	-0.000	0.000	0.1200	-0.1200	-0.1200	0.0000	0.0000	0.0000	0	1.00	0.2624	0.2264	-0.4830	1.390	0
173942	21.343	-0.721	-22.427	-0.34	0.41	-0.55	-0.004	-0.014	-0.016	-0.000	-0.000	0.000	0.1200	-0.1200	-0.1200	0.0000	0.0000	0.0000	0	1.00	0.2624	0.2264	-0.4830	1.390	0
173950	21.337	-0.718	-22.418	-0.54	0.22	-0.47	-0.005	0.004	-0.003	-0.000	-0.000	0.000	0.1200	-0.1200	-0.1200	0.0000	0.0000	0.0000	0	1.00	0.2624	0.2264	-0.4830	1.390	0
173958	21.338	-0.715	-22.417	-0.79	0.26	-0.26	-0.007	-0.003	-0.008	-0.000	-0.000	0.000	0.1200	-0.1200	-0.1200	0.0000	0.0000	0.0000	0	1.00	0.2624	0.2264	-0.4830	1.390	0
173966	21.335	-0.715	-22.413	-0.28	0.19	-0.50	-0.019	0.012	-0.001	-0.000	-0.000	0.000	0.1200	-0.1200	-0.1200	0.0000	0.0000	0.0000	0	1.00	0.2624	0.2264	-0.4830	1.390	0
173974	21.331	-0.716	-22.410	-0.31	0.07	-0.45	-0.008	-0.030	-0.009	-0.000	-0.000	0.000	0.1200	-0.1200	-0.1200	0.0000	0.0000	0.0000	0	1.00	0.2624	0.2264	-0.4830	1.390	0
173982	21.334	-0.714	-22.411	-0.33	-0.07	-0.50	-0.026	-0.006	0.004	-0.000	-0.000	0.000	0.1200	-0.1200	-0.1200	0.0000	0.0000	0.0000	0	1.00	0.2624	0.2264	-0.4830	1.390	0
173990	21.336	-0.712	-22.412	-0.37	0.27	-0.17	-0.007	-0.002	-0.002	-0.000	-0.000	0.000	0.1200	-0.1200	-0.1200	0.0000	0.0000	0.0000	0	1.00	0.2624	0.2264	-0.4830	1.390	0
173998	21.338	-0.713	-22.414	-0.45	-0.33	-0.33	0.002	-0.006	0.002	-0.000	-0.000	0.000	0.1200	-0.1200	-0.1200	0.0000	0.0000	0.0000	0	1.00	0.2624	0.2264	-0.4830	1.390	0
174006	21.335	-0.714	-22.412	-0.41	0.04	-0.31	0.012	0.003	-0.006	-0.000	-0.000	0.000	0.1200	-0.1200	-0.1200	0.0000	0.0000	0.0000	0	1.00	0.2624	0.2264	-0.4830	1.390	0
174013	21.333	-0.718	-22.414	-0.16	-0.05	-0.48	0.008	-0.007	0.002	-0.000	-0.000	0.000	0.1200	-0.1200	-0.1200	0.0000	0.0000	0.0000	0	1.00	0.2624	0.2264	-0.4830	1.390	0
174022	21.333	-0.718	-22.414	-0.33	-0.20	-0.37	0.017	0.006	-0.001	-0.000	-0.000	0.000	0.1200	-0.1200	-0.1200	0.0000	0.0000	0.0000	0	1.00	0.2624	0.2264	-0.4830	1.390	0
174030	21.329	-0.721	-22.413	-0.37	-0.40	-0.24	0.007	0.034	-0.002	-0.000	-0.000	0.000	0.1200	-0.1200	-0.1200	0.0000	0.0000	0.0000	0	1.00	0.2624	0.2264	-0.4830	1.390	0
174038	21.328	-0.726	-22.416	-0.16	-0.48	-0.05	-0.002	0.019	0.000	-0.000	-0.000	0.000	0.1200	-0.1200	-0.1200	0.0000	0.0000	0.0000	0	1.00	0.2624	0.2264	-0.4830	1.390	0
174046	21.323	-0.730	-22.415	-0.59	-0.27	-0.36	-0.008	0.043	-0.004	-0.000	-0.000	0.000	0.1200	-0.1200	-0.1200	0.0000	0.0000	0.0000	0	1.00	0.2624	0.2264	-0.4830	1.390	0
174053	21.322	-0.734	-22.418	0.12	-0.22	-0.48	-0.007	0.012	0.007	-0.000	-0.000	0.000	0.1200	-0.1200	-0.1200	0.0000	0.0000	0.0000	0	1.00	0.2624	0.2264	-0.4830	1.390	0
174061	21.325	-0.737	-22.424	-0.37	-0.36	-0.28	-0.019	-0.004	0.007	-0.000	-0.000	0.000	0.1200	-0.1200	-0.1200	0.0000	0.0000	0.0000	0	1.00	0.2624	0.2264	-0.4830	1.390	0
174069	21.326	-0.739	-22.426	-0.32	0.13	-0.39	-0.017	-0.001	-0.013	-0.000	-0.000	0.000	0.1200	-0.1200	-0.1200	0.0000	0.0000	0.0000	0	1.00	0.2624	0.2264	-0.4830	1.390	0
174077	21.325	-0.741	-22.428	-0.45	0.26	-0.18	-0.002	-0.029	-0.021	-0.000	-0.000	0.000	0.1200	-0.1200	-0.1200	0.0000	0.0000	0.0000	0	1.00	0.2624	0.2264	-0.4830	1.390	0
174085	21.326	-0.741	-22.428	-0.36	0.18	-0.51	-0.009	-0.027	-0.015	-0.000	-0.000	0.000	0.1200	-0.1200	-0.1200	0.0000	0.0000	0.0000	0	1.00	0.2624	0.2264	-0.4830	1.390	0
174093	21.328	-0.731	-22.421	-0.38	0.70	-0.17	0.003	-0.039	-0.008	-0.000	-0.000	0.000	0.1200	-0.1200	-0.1200	0.0000	0.0000	0.0000	0	1.00	0.2624	0.2264	-0.4830	1.390	0
174101	21.327	-0.725	-22.415	-0.26	0.63	-0.32	0.015	-0.038	-0.003	-0.000	-0.000	0.000	0.1200	-0.1200	-0.1200	0.0000	0.0000	0.0000	0	1.00	0.2624	0.2264	-0.4830	1.390	0
174109	21.331	-0.720	-22.415	-0.21	0.74	-0.47	0.019	-0.036	0.002	-0.000	-0.000	0.000	0.1200	-0.1200	-0.1200	0.0000	0.0000	0.0000	0	1.00	0.2624	0.2264	-0.4830	1.390	0
174117	21.336	-0.712	-22.411	-0.33	0.78	-0.61	0.012	-0.026	0.007	-0.000	-0.000	0.000	0.1200	-0.1200	-0.1200	0.0000	0.0000	0.0000	0	1.00	0.2624	0.2264	-0.4830	1.390	0
174125	21.339	-0.705	-22.408	-0.25	1.25	-0.31	0.003	-0.037	0.023	-0.000	-0.000	0.000	0.1200	-0.1200	-0.1200	0.0000	0.0000	0.0000	0	1.00	0.2624	0.2264	-0.4830	1.390	0
174133	21.346	-0.691	-22.403	-0.27	1.07	-0.32	0.015	0.022	0.007	-0.000	-0.000	0.000	0.1200	-0.1200	-0.1200	0.0000	0.0000	0.0000	0	1.00	0.2624	0.2264	-0.4830	1.390	0
174141	21.347	-0.684	-22.397	-0.34	1.17	-0.56	0.016	-0.002	0.012	-0.000	-0.000	0.000	0.1200	-0.1200	-0.1200	0.0000	0.0000	0.0000	0	1.00	0.2624	0.2264	-0.4830	1.390	0
174149	21.351	-0.676	-22.394	-0.43	0.64	-0.06	0.015	0.022	0.009	-0.000	-0.000	0.000	0.1200	-0.1200	-0.1200	0.0000	0.0000	0.0000	0	1.00	0.2624	0.2264	-0.4830	1.390	0
174157	21.355	-0.670	-22.393	-0.33	0.95	-0.78	-0.007	0.008	0.009	-0.000	-0.000	0.000	0.1200	-0.1200	-0.1200	0.0000	0.0000	0.0000	0	1.00	0.2624	0.2264	-0.4830	1.390	0
174165	21.356	-0.671	-22.395	-0.39	0.39	-0.48	-0.003	0.056	-0.004	-0.000	-0.000	0.000	0.1200	-0.1200	-0.1200	0.0000	0.0000	0.0000	0	1.00	0.2624	0.2264	-0.4830	1.390	0
174173	21.356	-0.670	-22.394	-0.35	0.43	-0.44	-0.009	0.040	0.009	-0.000	-0.000	0.000	0.1200	-0.1200	-0.1200	0.0000	0.0000	0.0000	0	1.00	0.2624	0.2264	-0.4830	1.390	0
174181	21.362	-0.666	-22.396	-0.10	0.09	-0.35	-0.026	0.015	0.004	-0.000	-0.000	0.000	0.1200	-0.1200	-0.1200	0.0000	0.0000	0.0000	0	1.00	0.2624	0.2264	-0.4830	1.390	0
174189	21.361	-0.666	-22.395	-0.32	-0.17	-0.09	-0.015	0.013	-0.004	-0.000	-0.000	0.000	0.1200	-0.1200	-0.1200	0.0000	0.0000	0.0000	0	1.00	0.2624	0.2264	-0.4830	1.390	0
174197	21.364	-0.661	-22.394	-0.36	0.06	-0.38	-0.006	-0.008	-0.005	-0.000	-0.000	0.000	0.1200	-0.1200	-0.1200	0.0000	0.0000	0.0000	0	1.00	0.2624	0.2264	-0.4830	1.390	0
174205	21.366	-0.659	-22.393	-0.52	-0.07	-0.42	0.009	-0.038	0.004	-0.000	-0.000	0.000	0.1200	-0.1200	-0.1200	0.0000	0.0000	0.0000	0	1.00	0.2624	0.2264	-0.4830	1.390	0
174213	21.370	-0.659	-22.398	-0.23	0.39	-0.31	0.007	-0.037	-0.003	-0.000	-0.000	0.000	0.1200	-0.1200	-0.1200	0.0000	0.0000	0.0000	0	1.00	0.2624	0.2264	-0.4830	1.390	0
174221	21.373	-0.655	-22.397	-0.35	0.67	-0.37	0.020	-0.036	-0.001	-0.000	-0.000	0.000	0.1200	-0.1200	-0.1200	0.0000	0.0000	0.0000	0	1.00	0.2624	0.2264	-0.4830	1.390	0
174229	21.376	-0.650	-22.396	-0.54	0.51	-0.45	0.020	-0.024	-0.008	-0.000	-0.000	0.000	0.1200	-0.1200	-0.1200	0.0000	0.0000	0.0000	0	1.00	0.2624	0.2264	-0.4830	1.390	0
174237	21.379	-0.642	-22.391	-0.53	0.92	-0.55	0.021	-0.008	-0.020	-0.000	-0.000	0.000	0.1200	-0.1200	-0.1200	0.0000	0.0000	0.0000	0	1.00	0.2624	0.2264	-0.4830	1.390	0
174245	21.380	-0.635	-22.385	-0.66	0.75	-0.04	0.011	0.006	-0.002	-0.000	-0.000	0.000	0.1200	-0.1200	-0.1200	0.0000	0.0000	0.0000	0	1.00	0.2624	0.2264	-0.4830	1.390	0
174253	21.377	-0.630	-22.379	-0.40	0.57	-0.22	0.016	0.036	-0.001	-0.000	-0.000	0.000	0.1200	-0.1200	-0.1200	0.0000	0.0000	0.0000	0	1.00	0.2624	0.2264	-0.4830	1.390	0
174261	21.377	-0.625	-22.374	-0.18	0.41	-0.38	0.010	0.046	0.011	-0.000	-0.000	0.000	0.1200	-0.1200	-0.1200	0.0000	0.0000	0.0000	0	1.00	0.2624	0.2264	-0.4830	1.390	0
174269	21.380	-0.622	-22.374	-0.21	0.48	-0.22	-0.008	0.054	0.018	-0.000	-0.000	0.000	0.1200	-0.1200	-0.1200	0.0000	0.0000	0.0000	0	1.00	0.2624	0.2264	-0.4830	1.390	0
174277	21.383	-0.621	-22.375	-0.20	0.18	-0.35	-0.003	0.042	0.021	-0.000	-0.000	0.000	0.1200	-0.1200	-0.1200	0.0000	0.0000	0.0000	0	1.00	0.2624	0.2264	-0.4830	1.390	0
174285	21.384	-0.614	-22.371	-0.57	0.50	-0.20	-0.013	0.055	0.021	-0.000	-0.000	0.000	0.1200	-0.1200	-0.1200	0.0000	0.0000	0.0000	0	1.00	0.2624	0.2264	-0.4830	1.390	0
174293	21.389	-0.610	-22.373	-0.47	0.34	-0.45	-0.006	-0.004	0.017	-0.000	-0.000	0.000	0.1200	-0.1200	-0.1200	0.0000	0.0000	0.0000	0	1.00	0.2624	0.2264	-0.4830	1.390	0
174301	21.394	-0.606	-22.373	-0.24	0.60	-0.10	-0.001	-0.002	0.012	-0.000	-0.000	0.000	0.1200	-0.1200	-0.1200	0.0000	0.0000	0.0000	0	1.00	0.2624	0.2264	-0.4830	1.390	0
174309	21.396	-0.608	-22.377	-0.21	0.35	-0.09	0.006	-0.018	-0.003	-0.000	-0.000	0.000	0.1200	-0.1200	-0.1200	0.0000	0.0000	0.0000	0	1.00	0.2624	0.2264	-0.4830	1.390	0
174316	21.397	-0.606	-22.377	-0.55	0.31	-0.13	0.012	-0.052	-0.004	-0.000	-0.000	0.000	0.1200	-0.1200	-0.1200	0.0000	0.0000	0.0000	0	1.00	0.2624	0.2264	-0.4830	1.390	0
174324	21.401	-0.600	-22.376	-0.58	0.28	-0.60	0.016	-0.062	-0.020	-0.000	-0.000	0.000	0.1200	-0.1200	-0.1200	0.0000	0.0000	0.0000	0	1.00	0.2624	0.2264	-0.4830	1.390	0
174332	21.401	-0.597	-22.373	-0.59	0.47	-0.67	0.006	-0.051	-0.025	-0.000	-0.000	0.000	0.1200	-0.1200	-0.1200	0.0000	0.0000	0.0000	0	1.00	0.2624	0.2264	-0.4830	1.390	0
174340	21.396	-0.601	-22.371	-0.61	0.24	-0.63	-0.003	-0.036	-0.030	0.000	-0.000	0.000	0.1200	-0.1200	-0.1200	0.0000	0.0000	0.0000	0	1.00	0.2624	0.2264	-0.4830	1.390	0
174348	21.389	-0.601	-22.364	-0.53	-0.01	-0.36	0.006	0.008	-0.029	-0.000	-0.000	0.000	0.1200	-0.1200	-0.1200	0.0000	0.0000	0.0000	0	1.00	0.2624	0.2264	-0.4830	1.390	0
174356	21.380	-0.606	-22.360	-0.75	-0.13	-0.23	-0.014	0.003	-0.004	-0.000	-0.000	0.000	0.1200	-0.1200	-0.1200	0.0000	0.0000	0.0000	0	1.00	0.2624	0.2264	-0.4830	1.390	0
174364	21.374	-0.608	-22.356	-0.32	-0.30	-0.39	-0.014	0.025	-0.010	-0.000	-0.000	0.000	0.1200	-0.1200	-0.1200	0.0000	0.0000	0.0000	0	1.00	0.2624	0.2264	-0.4830	1.390	0
174372	21.374	-0.607	-22.354	-0.13	0.04	-0.49	-0.017	0.070	0.011	-0.000	-0.000	0.000	0.1200	-0.1200	-0.1200	0.0000	0.0000	0.0000	0	1.00	0.2624	0.2264	-0.4830	1.390	0
174380	21.373	-0.609	-22.355	-0.23	0.13	-0.48	-0.013	0.061	0.021	-0.000	-0.000	0.000	0.1200	-0.1200	-0.1200	0.0000	0.0000	0.0000	0	1.00	0.2624	0.2264	-0.4830	1.390	0
174388	21.373	-0.613	-22.359	-0.48	0.30	-0.40	-0.001	0.049	0.043	-0.000	-0.000	0.000	0.1200	-0.1200	-0.1200	0.0000	0.0000	0.0000	0	1.00	0.2624	0.2264	-0.4830	1.390	0
174396	21.379	-0.612	-22.364	-0.14	0.59	-0.19	-0.003	0.034	0.041	-0.000	-0.000	0.000	0.1200	-0.1200	-0.1200	0.0000	0.0000	0.0000	0	1.00	0.2624	0.2264	-0.4830	1.390	0
174404	21.386	-0.609	-22.368	-0.24	0.73	-0.22	0.011	-0.008	0.048	-0.000	-0.000	0.000	0.1200	-0.1200	-0.1200	0.0000	0.0000	0.0000	0	1.00	0.2624	0.2264	-0.4830	1.390	0
174412	21.394	-0.603	-22.371	-0.14	0.81	-0.40	0.018	-0.045	0.048	-0.000	-0.000	0.000	0.1200	-0.1200	-0.1200	0.0000	0.0000	0.0000	0	1.00	0.2624	0.2264	-0.4830	1.390	0
174420	21.395	-0.595	-22.364	-0.39	1.11	-0.45	0.015	-0.030	0.035	-0.000	-0.000	0.000	0.1200	-0.1200	-0.1200	0.0000	0.0000	0.0000	0	1.00	0.2624	0.2264	-0.4830	1.390	0
174427	21.401	-0.589	-22.365	-0.58	0.93	-0.20	0.010	-0.056	0.012	-0.000	-0.000	0.000	0.1200	-0.1200	-0.1200	0.0000	0.0000	0.0000	0	1.00	0.2624	0.2264	-0.4830	1.390	0
174435	21.406	-0.584	-22.366	-0.43	0.74	-0.47	0.024	-0.026	-0.010	0.000	-0.000	0.000	0.1200	-0.1200	-0.1200	0.0000	0.0000	0.0000	0	1.00	0.2624	0.2264	-0.4830	1.390	0
174443	21.408	-0.575	-22.359	-0.38	0.68	-0.45	0.015	-0.043	-0.032	0.000	-0.000	0.000	0.1200	-0.1200	-0.1200	0.0000	0.0000	0.0000	0	1.00	0.2624	0.2264	-0.4830	1.390	0
174451	21.408	-0.569	-22.354	-0.32	0.46	-0.41	0.003	-0.009	-0.051	0.000	-0.000	0.000	0.1200	-0.1200	-0.1200	0.0000	0.0000	0.0000	0	1.00	0.2624	0.2264	-0.4830	1.390	0
174459	21.407	-0.568	-22.352	-0.13	-0.01	-0.45	-0.007	0.018	-0.062	0.000	-0.000	0.000	0.1200	-0.1200	-0.1200	0.0000	0.0000	0.0000	0	1.00	0.2624	0.2264	-0.4830	1.390	0
174467	21.411	-0.561	-22.350	-0.24	-0.03	-0.21	-0.007	0.027	-0.059	0.000	-0.000	0.000	0.1200	-0.1200	-0.1200	0.0000	0.0000	0.0000	0	1.00	0.2624	0.2264	-0.4830	1.390	0
174475	21.412	-0.559	-22.349	-0.51	0.05	-0.22	-0.027	0.024	-0.039	-0.000	-0.000	0.000	0.1200	-0.1200	-0.1200	0.0000	0.0000	0.0000	0	1.00	0.2624	0.2264	-0.4830	1.390	0
174483	21.413	-0.560	-22.350	-0.42	0.27	-0.43	-0.031	0.030	-0.023	-0.000	-0.000	-0.000	0.1200	-0.1200	-0.1200	0.0000	0.0000	0.0000	0	1.00	0.2624	0.2264	-0.4830	1.390	0
174491	21.416	-0.551	-22.346	-0.09	0.03	-0.41	-0.024	-0.003	0.003	-0.000	-0.000	-0.000	0.1200	-0.1200	-0.1200	0.0000	0.0000	0.0000	0	1.00	0.2624	0.2264	-0.4830	1.390	0
174499	21.415	-0.550	-22.344	-0.48	0.31	-0.73	-0.031	-0.010	0.013	-0.000	-0.000	-0.000	0.1200	-0.1200	-0.1200	0.0000	0.0000	0.0000	0	1.00	0.2624	0.2264	-0.4830	1.390	0
174507	21.414	-0.548	-22.341	-0.12	0.28	-0.42	-0.024	-0.019	0.035	-0.000	-0.000	0.000	0.1200	-0.1200	-0.1200	0.0000	0.0000	0.0000	0	1.00	0.2624	0.2264	-0.4830	1.390	0
174515	21.418	-0.543	-22.340	-0.53	0.50	-0.12	-0.007	-0.014	0.042	-0.000	-0.000	0.000	0.1200	-0.1200	-0.1200	0.0000	0.0000	0.0000	0	1.00	0.2624	0.2264	-0.4830	1.390	0
174523	21.421	-0.542	-22.343	-0.49	0.03	-0.33	-0.006	-0.008	0.034	-0.000	-0.000	0.000	0.1200	-0.1200	-0.1200	0.0000	0.0000	0.0000	0	1.00	0.2624	0.2264	-0.4830	1.390	0
174531	21.419	-0.543	-22.342	-0.57	-0.17	-0.27	0.009	-0.024	0.013	-0.000	-0.000	0.000	0.1200	-0.1200	-0.1200	0.0000	0.0000	0.0000	0	1.00	0.2624	0.2264	-0.4830	1.390	0
174539	21.423	-0.541	-22.343	-0.30	-0.18	-0.62	0.025	-0.018	0.022	-0.000	-0.000	0.000	0.1200	-0.1200	-0.1200	0.0000	0.0000	0.0000	0	1.00	0.2624	0.2264	-0.4830	1.390	0
174547	21.424	-0.548	-22.351	-0.28	-0.17	-0.44	0.033	-0.007	-0.004	-0.000	-0.000	0.000	0.1200	-0.1200	-0.1200	0.0000	0.0000	0.0000	0	1.00	0.2624	0.2264	-0.4830	1.390	0
174555	21.425	-0.553	-22.356	-0.51	-0.50	-0.42	0.030	0.009	-0.016	-0.000	-0.000	0.000	0.1200	-0.1200	-0.1200	0.0000	0.0000	0.0000	0	1.00	0.2624	0.2264	-0.4830	1.390	0
174563	21.421	-0.556	-22.355	-0.36	-0.27	-0.37	0.023	0.016	-0.023	-0.000	-0.000	0.000	0.1200	-0.1200	-0.1200	0.0000	0.0000	0.0000	0	1.00	0.2624	0.2264	-0.4830	1.390	0
174571	21.420	-0.558	-22.357	-0.58	-0.65	-0.41	0.007	0.037	-0.021	-0.000	-0.000	0.000	0.1200	-0.1200	-0.1200	0.0000	0.0000	0.0000	0	1.00	0.2624	0.2264	-0.4830	1.390	0
174579	21.420	-0.563	-22.361	-0.48	-0.23	-0.50	-0.002	0.041	-0.016	-0.000	-0.000	0.000	0.1200	-0.1200	-0.1200	0.0000	0.0000	0.0000	0	1.00	0.2624	0.2264	-0.4830	1.390	0
174587	21.416	-0.570	-22.364	-0.24	-0.14	-0.41	-0.017	-0.014	-0.020	-0.000	-0.000	0.000	0.1200	-0.1200	-0.1200	0.0000	0.0000	0.0000	0	1.00	0.2624	0.2264	-0.4830	1.390	0
174595	21.415	-0.568	-22.360	-0.29	0.13	-0.31	-0.031	0.008	-0.012	-0.000	-0.000	0.000	0.1200	-0.1200	-0.1200	0.0000	0.0000	0.0000	0	1.00	0.2624	0.2264	-0.4830	1.390	0
174603	21.412	-0.573	-22.362	0.01	-0.24	-0.25	-0.018	-0.009	-0.007	-0.000	-0.000	0.000	0.1200	-0.1200	-0.1200	0.0000	0.0000	0.0000	0	1.00	0.2624	0.2264	-0.4830	1.390	0
174611	21.410	-0.571	-22.358	-0.32	-0.17	-0.09	-0.024	-0.051	-0.002	-0.000	-0.000	0.000	0.1200	-0.1200	-0.1200	0.0000	0.0000	0.0000	0	1.00	0.2624	0.2264	-0.4830	1.390	0
174619	21.411	-0.569	-22.357	-0.42	0.06	-0.21	-0.015	-0.029	0.007	-0.000	-0.000	0.000	0.1200	-0.1200	-0.1200	0.0000	0.0000	0.0000	0	1.00	0.2624	0.2264	-0.4830	1.390	0
174627	21.411	-0.574	-22.362	-0.05	0.13	-0.14	-0.012	-0.035	0.028	-0.000	-0.000	0.000	0.1200	-0.1200	-0.1200	0.0000	0.0000	0.0000	0	1.00	0.2624	0.2264	-0.4830	1.390	0
174635	21.412	-0.575	-22.364	-0.35	0.34	-0.36	-0.001	-0.014	0.019	-0.000	-0.000	0.000	0.1200	-0.1200	-0.1200	0.0000	0.0000	0.0000	0	1.00	0.2624	0.2264	-0.4830	1.390	0
174643	21.415	-0.573	-22.365	-0.28	0.28	-0.16	0.005	0.017	0.031	-0.000	-0.000	0.000	0.1200	-0.1200	-0.1200	0.0000	0.0000	0.0000	0	1.00	0.2624	0.2264	-0.4830	1.390	0
174651	21.414	-0.576	-22.367	-0.22	0.20	-0.24	0.015	0.017	0.014	-0.000	-0.000	0.000	0.1200	-0.1200	-0.1200	0.0000	0.0000	0.0000	0	1.00	0.2624	0.2264	-0.4830	1.390	0
174659	21.414	-0.573	-22.364	-0.40	0.41	-0.38	0.010	0.002	0.031	-0.000	-0.000	0.000	0.1200	-0.1200	-0.1200	0.0000	0.0000	0.0000	0	1.00	0.2624	0.2264	-0.4830	1.390	0
174667	21.413	-0.572	-22.361	-0.42	0.55	-0.40	0.012	0.002	0.004	-0.000	-0.000	0.000	0.1200	-0.1200	-0.1200	0.0000	0.0000	0.0000	0	1.00	0.2624	0.2264	-0.4830	1.390	0
174675	21.410	-0.573	-22.360	-0.48	0.64	-0.32	0.010	0.024	-0.009	-0.000	-0.000	0.000	0.1200	-0.1200	-0.1200	0.0000	0.0000	0.0000	0	1.00	0.2624	0.2264	-0.4830	1.390	0
174683	21.416	-0.567	-22.360	-0.23	0.80	-0.42	0.003	0.004	-0.023	-0.000	-0.000	0.000	0.1200	-0.1200	-0.1200	0.0000	0.0000	0.0000	0	1.00	0.2624	0.2264	-0.4830	1.390	0
174690	21.422	-0.563	-22.363	-0.25	0.58	-0.38	0.007	0.014	-0.018	-0.000	-0.000	0.000	0.1200	-0.1200	-0.1200	0.0000	0.0000	0.0000	0	1.00	0.2624	0.2264	-0.4830	1.390	0
174698	21.426	-0.556	-22.361	-0.63	0.97	-0.50	-0.009	0.020	-0.015	-0.000	-0.000	0.000	0.1200	-0.1200	-0.1200	0.0000	0.0000	0.0000	0	1.00	0.2624	0.2264	-0.4830	1.390	0
174706	21.430	-0.548	-22.358	-0.36	0.82	-0.40	-0.014	-0.008	-0.010	-0.000	-0.000	0.000	0.1200	-0.1200	-0.1200	0.0000	0.0000	0.0000	0	1.00	0.2624	0.2264	-0.4830	1.390	0
174714	21.430	-0.550	-22.359	-0.52	0.49	-0.55	0.002	-0.028	-0.005	-0.000	-0.000	0.000	0.1200	-0.1200	-0.1200	0.0000	0.0000	0.0000	0	1.00	0.2624	0.2264	-0.4830	1.390	0
174722	21.429	-0.551	-22.359	-0.41	0.30	-0.58	-0.012	0.006	-0.001	-0.000	-0.000	0.000	0.1200	-0.1200	-0.1200	0.0000	0.0000	0.0000	0	1.00	0.2624	0.2264	-0.4830	1.390	0
174730	21.426	-0.550	-22.355	-0.01	0.21	-0.14	-0.001	-0.012	0.001	-0.000	-0.000	0.000	0.1200	-0.1200	-0.1200	0.0000	0.0000	0.0000	0	1.00	0.2624	0.2264	-0.4830	1.390	0
174738	21.422	-0.550	-22.351	-0.30	0.31	-0.38	0.019	-0.011	0.002	-0.000	-0.000	0.000	0.1200	-0.1200	-0.1200	0.0000	0.0000	0.0000	0	1.00	0.2624	0.2264	-0.4830	1.390	0
174746	21.421	-0.542	-22.343	-0.29	0.13	-0.31	0.014	-0.026	-0.006	-0.000	-0.000	0.000	0.1200	-0.1200	-0.1200	0.0000	0.0000	0.0000	0	1.00	0.2624	0.2264	-0.4830	1.390	0
174754	21.420	-0.538	-22.337	-0.18	0.23	-0.64	0.027	0.014	0.009	-0.000	-0.000	0.000	0.1200	-0.1200	-0.1200	0.0000	0.0000	0.0000	0	1.00	0.2624	0.2264	-0.4830	1.390	0
174762	21.420	-0.540	-22.340	-0.32	0.33	-0.28	0.024	0.008	0.023	-0.000	-0.000	0.000	0.1200	-0.1200	-0.1200	0.0000	0.0000	0.0000	0	1.00	0.2624	0.2264	-0.4830	1.390	0
174769	21.425	-0.539	-22.344	-0.13	0.21	-0.23	0.029	0.013	0.012	0.000	-0.000	0.000	0.1200	-0.1200	-0.1200	0.0000	0.0000	0.0000	0	1.00	0.2624	0.2264	-0.4830	1.390	0
174777	21.432	-0.530	-22.343	-0.35	0.34	-0.36	0.013	0.019	0.012	0.000	-0.000	0.000	0.1200	-0.1200	-0.1200	0.0000	0.0000	0.0000	0	1.00	0.2624	0.2264	-0.4830	1.390	0
174785	21.432	-0.530	-22.343	-0.30	0.40	-0.47	0.002	0.026	0.006	0.000	-0.000	0.000	0.1200	-0.1200	-0.1200	0.0000	0.0000	0.0000	0	1.00	0.2624	0.2264	-0.4830	1.390	0
174793	21.437	-0.523	-22.342	-0.57	0.22	-0.22	-0.011	0.022	-0.012	0.000	-0.000	0.000	0.1200	-0.1200	-0.1200	0.0000	0.0000	0.0000	0	1.00	0.2624	0.2264	-0.4830	1.390	0
174801	21.439	-0.520	-22.341	-0.47	0.37	-0.16	-0.016	0.008	-0.017	0.000	-0.000	0.000	0.1200	-0.1200	-0.1200	0.0000	0.0000	0.0000	0	1.00	0.2624	0.2264	-0.4830	1.390	0
174809	21.440	-0.517	-22.339	-0.34	0.33	-0.46	-0.032	0.022	-0.014	-0.000	-0.000	0.000	0.1200	-0.1200	-0.1200	0.0000	0.0000	0.0000	0	1.00	0.2624	0.2264	-0.4830	1.390	0
174817	21.440	-0.515	-22.338	-0.47	-0.29	-0.56	-0.035	0.011	-0.013	-0.000	-0.000	0.000	0.1200	-0.1200	-0.1200	0.0000	0.0000	0.0000	0	1.00	0.2624	0.2264	-0.4830	1.390	0
174825	21.439	-0.519	-22.339	-0.29	-0.20	-0.30	-0.018	-0.022	-0.011	-0.000	-0.000	0.000	0.1200	-0.1200	-0.1200	0.0000	0.0000	0.0000	0	1.00	0.2624	0.2264	-0.4830	1.390	0
174832	21.437	-0.522	-22.340	-0.50	-0.13	-0.48	-0.008	-0.025	0.001	-0.000	-0.000	0.000	0.1200	-0.1200	-0.1200	0.0000	0.0000	0.0000	0	1.00	0.2624	0.2264	-0.4830	1.390	0
174841	21.437	-0.523	-22.341	-0.33	-0.19	-0.37	-0.005	-0.042	0.008	-0.000	-0.000	0.000	0.1200	-0.1200	-0.1200	0.0000	0.0000	0.0000	0	1.00	0.2624	0.2264	-0.4830	1.390	0
174849	21.430	-0.525	-22.336	-0.45	-0.32	-0.33	0.004	-0.019	0.009	-0.000	-0.000	0.000	0.1200	-0.1200	-0.1200	0.0000	0.0000	0.0000	0	1.00	0.2624	0.2264	-0.4830	1.390	0
174856	21.431	-0.529	-22.341	-0.10	-0.34	-0.35	0.018	-0.014	0.013	-0.000	-0.000	0.000	0.1200	-0.1200	-0.1200	0.0000	0.0000	0.0000	0	1.00	0.2624	0.2264	-0.4830	1.390	0
174864	21.434	-0.529	-22.344	-0.48	-0.12	-0.30	0.023	-0.027	0.020	-0.000	-0.000	0.000	0.1200	-0.1200	-0.1200	0.0000	0.0000	0.0000	0	1.00	0.2624	0.2264	-0.4830	1.390	0
174872	21.435	-0.528	-22.344	-0.32	-0.38	-0.30	0.020	0.001	0.008	-0.000	-0.000	0.000	0.1200	-0.1200	-0.1200	0.0000	0.0000	0.0000	0	1.00	0.2624	0.2264	-0.4830	1.390	0
174880	21.437	-0.528	-22.346	-0.21	-0.10	-0.37	0.017	-0.008	-0.007	-0.000	-0.000	0.000	0.1200	-0.1200	-0.1200	0.0000	0.0000	0.0000	0	1.00	0.2624	0.2264	-0.4830	1.390	0
174888	21.438	-0.530	-22.348	-0.24	-0.16	-0.08	0.007	0.015	-0.012	0.000	-0.000	0.000	0.1200	-0.1200	-0.1200	0.0000	0.0000	0.0000	0	1.00	0.2624	0.2264	-0.4830	1.390	0
174896	21.439	-0.531	-22.351	-0.36	0.03	-0.67	0.023	0.016	-0.007	0.000	-0.000	0.000	0.1200	-0.1200	-0.1200	0.0000	0.0000	0.0000	0	1.00	0.2624	0.2264	-0.4830	1.390	0
174904	21.441	-0.527	-22.349	-0.08	0.23	-0.30	0.008	0.013	0.000	0.000	-0.000	0.000	0.1200	-0.1200	-0.1200	0.0000	0.0000	0.0000	0	1.00	0.2624	0.2264	-0.4830	1.390	0
174912	21.441	-0.527	-22.349	-0.43	0.03	-0.50	-0.013	0.015	-0.011	0.000	-0.000	0.000	0.1200	-0.1200	-0.1200	0.0000	0.0000	0.0000	0	1.00	0.2624	0.2264	-0.4830	1.390	0
174920	21.443	-0.526	-22.350	-0.40	0.15	-0.12	-0.004	0.023	-0.021	0.000	-0.000	0.000	0.1200	-0.1200	-0.1200	0.0000	0.0000	0.0000	0	1.00	0.2624	0.2264	-0.4830	1.390	0
174928	21.444	-0.525	-22.351	-0.49	0.12	-0.41	-0.014	-0.003	-0.001	0.000	-0.000	0.000	0.1200	-0.1200	-0.1200	0.0000	0.0000	0.0000	0	1.00	0.2624	0.2264	-0.4830	1.390	0
174935	21.441	-0.526	-22.348	-0.44	-0.08	-0.26	-0.018	-0.017	0.009	-0.000	-0.000	0.000	0.1200	-0.1200	-0.1200	0.0000	0.0000	0.0000	0	1.00	0.2624	0.2264	-0.4830	1.390	0
174943	21.438	-0.526	-22.346	-0.27	-0.19	-0.55	-0.008	-0.029	0.018	-0.000	-0.000	0.000	0.1200	-0.1200	-0.1200	0.0000	0.0000	0.0000	0	1.00	0.2624	0.2264	-0.4830	1.390	0
174952	21.436	-0.530	-22.347	-0.19	-0.14	-0.15	-0.013	-0.035	0.007	-0.000	-0.000	0.000	0.1200	-0.1200	-0.1200	0.0000	0.0000	0.0000	0	1.00	0.2624	0.2264	-0.4830	1.390	0
174959	21.437	-0.528	-22.345	-0.31	-0.01	-0.37	0.003	-0.030	0.021	-0.000	-0.000	0.000	0.1200	-0.1200	-0.1200	0.0000	0.0000	0.0000	0	1.00	0.2624	0.2264	-0.4830	1.390	0
174967	21.437	-0.525	-22.343	-0.32	-0.08	-0.18	0.019	-0.009	0.024	-0.000	-0.000	0.000	0.1200	-0.1200	-0.1200	0.0000	0.0000	0.0000	0	1.00	0.2624	0.2264	-0.4830	1.390	0
174975	21.435	-0.524	-22.340	-0.71	0.23	-0.21	0.017	-0.003	0.012	-0.000	-0.000	0.000	0.1200	-0.1200	-0.1200	0.0000	0.0000	0.0000	0	1.00	0.2624	0.2264	-0.4830	1.390	0
174983	21.434	-0.522	-22.338	-0.58	0.23	-0.55	0.023	0.027	0.007	-0.000	-0.000	0.000	0.1200	-0.1200	-0.1200	0.0000	0.0000	0.0000	0	1.00	0.2624	0.2264	-0.4830	1.390	0
174991	21.434	-0.523	-22.338	-0.34	0.11	-0.24	0.032	0.016	-0.008	0.000	-0.000	0.000	0.1200	-0.1200	-0.1200	0.0000	0.0000	0.0000	0	1.00	0.2624	0.2264	-0.4830	1.390	0
174999	21.433	-0.524	-22.338	-0.25	0.25	-0.36	0.020	0.015	-0.001	0.000	-0.000	0.000	0.1200	-0.1200	-0.1200	0.0000	0.0000	0.0000	0	1.00	0.2624	0.2264	-0.4830	1.390	0
175007	21.431	-0.527	-22.339	-0.29	0.04	-0.23	0.006	0.030	-0.016	0.000	-0.000	0.000	0.1200	-0.1200	-0.1200	0.0000	0.0000	0.0000	0	1.00	0.2624	0.2264	-0.4830	1.390	0
175014	21.429	-0.530	-22.341	-0.20	0.21	-0.06	-0.007	0.020	-0.023	0.000	-0.000	0.000	0.1200	-0.1200	-0.1200	0.0000	0.0000	0.0000	0	1.00	0.2624	0.2264	-0.4830	1.390	0
175022	21.424	-0.537	-22.342	-0.33	0.05	-0.30	-0.008	0.017	-0.017	0.000	-0.000	0.000	0.1200	-0.1200	-0.1200	0.0000	0.0000	0.0000	0	1.00	0.2624	0.2264	-0.4830	1.390	0
175030	21.422	-0.538	-22.340	-0.38	0.03	-0.24	-0.014	-0.008	-0.011	0.000	-0.000	0.000	0.1200	-0.1200	-0.1200	0.0000	0.0000	0.0000	0	1.00	0.2624	0.2264	-0.4830	1.390	0
175038	21.420	-0.537	-22.338	-0.39	0.22	-0.30	-0.027	-0.012	-0.020	0.000	-0.000	0.000	0.1200	-0.1200	-0.1200	0.0000	0.0000	0.0000	0	1.00	0.2624	0.2264	-0.4830	1.390	0
175046	21.415	-0.540	-22.335	-0.36	0.12	-0.14	-0.035	-0.013	0.002	-0.000	-0.000	0.000	0.1200	-0.1200	-0.1200	0.0000	0.0000	0.0000	0	1.00	0.2624	0.2264	-0.4830	1.390	0
175054	21.419	-0.539	-22.339	-0.51	0.09	-0.26	-0.033	-0.007	0.001	-0.000	-0.000	0.000	0.1200	-0.1200	-0.1200	0.0000	0.0000	0.0000	0	1.00	0.2624	0.2264	-0.4830	1.390	0
175062	21.421	-0.534	-22.335	-0.43	0.23	-0.38	-0.014	-0.035	0.025	-0.000	-0.000	0.000	0.1200	-0.1200	-0.1200	0.0000	0.0000	0.0000	0	1.00	0.2624	0.2264	-0.4830	1.390	0
175070	21.420	-0.534	-22.335	-0.28	0.11	-0.41	-0.007	-0.015	0.037	-0.000	-0.000	0.000	0.1200	-0.1200	-0.1200	0.0000	0.0000	0.0000	0	1.00	0.2624	0.2264	-0.4830	1.390	0
175078	21.424	-0.529	-22.334	-0.43	-0.06	-0.41	0.005	-0.012	0.019	-0.000	-0.000	0.000	0.1200	-0.1200	-0.1200	0.0000	0.0000	0.0000	0	1.00	0.2624	0.2264	-0.4830	1.390	0
175086	21.422	-0.528	-22.331	-0.14	0.08	-0.10	0.021	0.011	0.014	-0.000	-0.000	0.000	0.1200	-0.1200	-0.1200	0.0000	0.0000	0.0000	0	1.00	0.2624	0.2264	-0.4830	1.390	0
175094	21.422	-0.527	-22.330	-0.35	-0.00	-0.44	0.029	0.001	-0.001	-0.000	-0.000	0.000	0.1200	-0.1200	-0.1200	0.0000	0.0000	0.0000	0	1.00	0.2624	0.2264	-0.4830	1.390	0
175102	21.423	-0.521	-22.326	-0.10	0.29	-0.24	0.030	0.009	0.008	0.000	-0.000	0.000	0.1200	-0.1200	-0.1200	0.0000	0.0000	0.0000	0	1.00	0.2624	0.2264	-0.4830	1.390	0
175110	21.425	-0.516	-22.322	-0.25	-0.05	-0.49	0.028	-0.004	0.005	0.000	-0.000	0.000	0.1200	-0.1200	-0.1200	0.0000	0.0000	0.0000	0	1.00	0.2624	0.2264	-0.4830	1.390	0
175118	21.423	-0.520	-22.325	-0.40	-0.15	-0.24	0.019	0.009	-0.002	0.000	-0.000	0.000	0.1200	-0.1200	-0.1200	0.0000	0.0000	0.0000	0	1.00	0.2624	0.2264	-0.4830	1.390	0
175126	21.429	-0.516	-22.327	-0.43	-0.10	-0.37	-0.006	0.021	0.005	0.000	-0.000	0.000	0.1200	-0.1200	-0.1200	0.0000	0.0000	0.0000	0	1.00	0.2624	0.2264	-0.4830	1.390	0
175134	21.432	-0.515	-22.330	-0.24	0.15	-0.38	-0.009	0.000	0.013	0.000	-0.000	0.000	0.1200	-0.1200	-0.1200	0.0000	0.0000	0.0000	0	1.00	0.2624	0.2264	-0.4830	1.390	0
175142	21.427	-0.518	-22.328	-0.16	-0.06	-0.15	-0.023	0.008	0.006	0.000	-0.000	0.000	0.1200	-0.1200	-0.1200	0.0000	0.0000	0.0000	0	1.00	0.2624	0.2264	-0.4830	1.390	0
175150	21.424	-0.520	-22.326	-0.43	0.03	-0.50	-0.036	0.018	0.007	0.000	-0.000	0.000	0.1200	-0.1200	-0.1200	0.0000	0.0000	0.0000	0	1.00	0.2624	0.2264	-0.4830	1.390	0
175158	21.428	-0.515	-22.325	-0.35	0.21	-0.23	-0.033	-0.012	-0.008	-0.000	-0.000	0.000	0.1200	-0.1200	-0.1200	0.0000	0.0000	0.0000	0	1.00	0.2624	0.2264	-0.4830	1.390	0
175166	21.425	-0.519	-22.326	-0.36	0.23	-0.55	-0.036	-0.006	0.000	-0.000	-0.000	0.000	0.1200	-0.1200	-0.1200	0.0000	0.0000	0.0000	0	1.00	0.2624	0.2264	-0.4830	1.390	0
175174	21.422	-0.516	-22.320	-0.61	0.18	-0.26	-0.018	-0.004	-0.000	-0.000	-0.000	0.000	0.1200	-0.1200	-0.1200	0.0000	0.0000	0.0000	0	1.00	0.2624	0.2264	-0.4830	1.390	0
175182	21.423	-0.514	-22.319	-0.55	0.44	-0.26	-0.012	-0.016	0.002	-0.000	-0.000	0.000	0.1200	-0.1200	-0.1200	0.0000	0.0000	0.0000	0	1.00	0.2624	0.2264	-0.4830	1.390	0
175190	21.420	-0.518	-22.319	-0.19	0.03	-0.32	-0.002	0.013	0.002	-0.000	-0.000	0.000	0.1200	-0.1200	-0.1200	0.0000	0.0000	0.0000	0	1.00	0.2624	0.2264	-0.4830	1.390	0
175198	21.420	-0.513	-22.316	-0.56	-0.06	-0.07	0.025	-0.013	0.010	-0.000	-0.000	0.000	0.1200	-0.1200	-0.1200	0.0000	0.0000	0.0000	0	1.00	0.2624	0.2264	-0.4830	1.390	0
175206	21.426	-0.510	-22.318	-0.10	0.16	-0.11	0.028	0.003	0.007	-0.000	-0.000	0.000	0.1200	-0.1200	-0.1200	0.0000	0.0000	0.0000	0	1.00	0.2624	0.2264	-0.4830	1.390	0
175214	21.425	-0.509	-22.317	-0.28	0.15	-0.46	0.037	0.005	-0.007	-0.000	-0.000	0.000	0.1200	-0.1200	-0.1200	0.0000	0.0000	0.0000	0	1.00	0.2624	0.2264	-0.4830	1.390	0
175222	21.423	-0.511	-22.316	-0.28	-0.17	-0.44	0.042	0.017	-0.007	0.000	-0.000	0.000	0.1200	-0.1200	-0.1200	0.0000	0.0000	0.0000	0	1.00	0.2624	0.2264	-0.4830	1.390	0
175230	21.425	-0.503	-22.311	-0.50	0.12	-0.41	0.036	0.004	-0.014	0.000	-0.000	0.000	0.1200	-0.1200	-0.1200	0.0000	0.0000	0.0000	0	1.00	0.2624	0.2264	-0.4830	1.390	0
175237	21.423	-0.507	-22.313	-0.21	0.05	-0.21	0.014	0.003	-0.024	0.000	-0.000	0.000	0.1200	-0.1200	-0.1200	0.0000	0.0000	0.0000	0	1.00	0.2624	0.2264	-0.4830	1.390	0
175245	21.426	-0.506	-22.314	-0.33	-0.15	-0.41	0.013	0.023	-0.020	0.000	-0.000	0.000	0.1200	-0.1200	-0.1200	0.0000	0.0000	0.0000	0	1.00	0.2624	0.2264	-0.4830	1.390	0
175253	21.425	-0.508	-22.316	-0.08	-0.27	-0.54	-0.004	0.021	-0.012	0.000	-0.000	0.000	0.1200	-0.1200	-0.1200	0.0000	0.0000	0.0000	0	1.00	0.2624	0.2264	-0.4830	1.390	0
175261	21.428	-0.504	-22.315	-0.15	-0.06	-0.58	-0.021	0.021	-0.009	0.000	-0.000	0.000	0.1200	-0.1200	-0.1200	0.0000	0.0000	0.0000	0	1.00	0.2624	0.2264	-0.4830	1.390	0
175269	21.425	-0.508	-22.316	-0.47	-0.18	-0.36	-0.034	0.008	0.007	0.000	-0.000	0.000	0.1200	-0.1200	-0.1200	0.0000	0.0000	0.0000	0	1.00	0.2624	0.2264	-0.4830	1.390	0
175277	21.427	-0.508	-22.318	-0.24	0.06	-0.29	-0.043	0.014	0.012	-0.000	-0.000	0.000	0.1200	-0.1200	-0.1200	0.0000	0.0000	0.0000	0	1.00	0.2624	0.2264	-0.4830	1.390	0
175285	21.429	-0.509	-22.321	-0.40	0.06	-0.46	-0.045	-0.015	0.000	-0.000	-0.000	0.000	0.1200	-0.1200	-0.1200	0.0000	0.0000	0.0000	0	1.00	0.2624	0.2264	-0.4830	1.390	0
175293	21.431	-0.508	-22.322	-0.46	-0.02	-0.20	-0.027	-0.009	0.010	-0.000	-0.000	0.000	0.1200	-0.1200	-0.1200	0.0000	0.0000	0.0000	0	1.00	0.2624	0.2264	-0.4830	1.390	0
175301	21.426	-0.514	-22.322	-0.55	-0.03	-0.21	-0.018	-0.009	0.002	-0.000	-0.000	0.000	0.1200	-0.1200	-0.1200	0.0000	0.0000	0.0000	0	1.00	0.2624	0.2264	-0.4830	1.390	0
175309	21.423	-0.514	-22.320	-0.28	-0.06	-0.24	-0.004	-0.017	0.009	-0.000	-0.000	0.000	0.1200	-0.1200	-0.1200	0.0000	0.0000	0.0000	0	1.00	0.2624	0.2264	-0.4830	1.390	0
175316	21.425	-0.517	-22.324	-0.48	-0.25	-0.17	0.020	-0.003	0.012	-0.000	-0.000	0.000	0.1200	-0.1200	-0.1200	0.0000	0.0000	0.0000	0	1.00	0.2624	0.2264	-0.4830	1.390	0
175324	21.427	-0.511	-22.320	-0.43	0.06	-0.21	0.020	-0.010	0.016	-0.000	-0.000	0.000	0.1200	-0.1200	-0.1200	0.0000	0.0000	0.0000	0	1.00	0.2624	0.2264	-0.4830	1.390	0
175332	21.429	-0.511	-22.322	-0.38	-0.12	-0.39	0.024	0.005	0.027	-0.000	-0.000	0.000	0.1200	-0.1200	-0.1200	0.0000	0.0000	0.0000	0	1.00	0.2624	0.2264	-0.4830	1.390	0
175340	21.427	-0.514	-22.323	-0.20	-0.12	-0.47	0.034	0.014	0.004	-0.000	-0.000	0.000	0.1200	-0.1200	-0.1200	0.0000	0.0000	0.0000	0	1.00	0.2624	0.2264	-0.4830	1.390	0
175348	21.424	-0.517	-22.323	-0.23	-0.13	-0.22	0.039	0.011	-0.002	0.000	-0.000	0.000	0.1200	-0.1200	-0.1200	0.0000	0.0000	0.0000	0	1.00	0.2624	0.2264	-0.4830	1.390	0
175356	21.424	-0.517	-22.323	-0.18	-0.16	-0.25	0.027	-0.006	-0.006	0.000	-0.000	0.000	0.1200	-0.1200	-0.1200	0.0000	0.0000	0.0000	0	1.00	0.2624	0.2264	-0.4830	1.390	0
175364	21.421	-0.521	-22.324	-0.45	-0.13	-0.22	0.031	0.007	-0.042	0.000	-0.000	0.000	0.1200	-0.1200	-0.1200	0.0000	0.0000	0.0000	0	1.00	0.2624	0.2264	-0.4830	1.390	0
175372	21.419	-0.526	-22.327	-0.69	-0.00	-0.53	0.008	0.010	-0.016	0.000	-0.000	0.000	0.1200	-0.1200	-0.1200	0.0000	0.0000	0.0000	0	1.00	0.2624	0.2264	-0.4830	1.390	0
175380	21.422	-0.528	-22.331	-0.36	0.18	-0.51	-0.006	-0.011	-0.030	0.000	-0.000	0.000	0.1200	-0.1200	-0.1200	0.0000	0.0000	0.0000	0	1.00	0.2624	0.2264	-0.4830	1.390	0
175388	21.424	-0.526	-22.331	-0.18	0.27	-0.25	-0.026	-0.016	-0.025	0.000	-0.000	0.000	0.1200	-0.1200	-0.1200	0.0000	0.0000	0.0000	0	1.00	0.2624	0.2264	-0.4830	1.390	0
175396	21.431	-0.517	-22.330	-0.37	0.31	-0.21	-0.029	-0.006	-0.029	0.000	-0.000	0.000	0.1200	-0.1200	-0.1200	0.0000	0.0000	0.0000	0	1.00	0.2624	0.2264	-0.4830	1.390	0
175404	21.437	-0.512	-22.331	-0.52	0.06	-0.55	-0.019	0.005	-0.014	0.000	-0.000	0.000	0.1200	-0.1200	-0.1200	0.0000	0.0000	0.0000	0	1.00	0.2624	0.2264	-0.4830	1.390	0
175412	21.437	-0.503	-22.323	-0.34	0.28	-0.42	-0.018	-0.004	-0.007	-0.000	-0.000	0.000	0.1200	-0.1200	-0.1200	0.0000	0.0000	0.0000	0	1.00	0.2624	0.2264	-0.4830	1.390	0
175420	21.437	-0.500	-22.320	-0.44	0.29	-0.32	-0.009	0.036	0.004	-0.000	-0.000	0.000	0.1200	-0.1200	-0.1200	0.0000	0.0000	0.0000	0	1.00	0.2624	0.2264	-0.4830	1.390	0
175428	21.438	-0.497	-22.319	-0.22	0.20	-0.24	-0.013	0.005	0.031	-0.000	-0.000	0.000	0.1200	-0.1200	-0.1200	0.0000	0.0000	0.0000	0	1.00	0.2624	0.2264	-0.4830	1.390	0
175436	21.434	-0.502	-22.319	0.04	-0.16	-0.25	0.006	0.019	0.031	-0.000	-0.000	0.000	0.1200	-0.1200	-0.1200	0.0000	0.0000	0.0000	0	1.00	0.2624	0.2264	-0.4830	1.390	0
175444	21.435	-0.505	-22.322	-0.20	-0.08	-0.09	-0.015	0.022	0.048	-0.000	-0.000	0.000	0.1200	-0.1200	-0.1200	0.0000	0.0000	0.0000	0	1.00	0.2624	0.2264	-0.4830	1.390	0
175452	21.439	-0.501	-22.324	-0.47	-0.09	-0.45	-0.006	0.003	0.026	-0.000	-0.000	0.000	0.1200	-0.1200	-0.1200	0.0000	0.0000	0.0000	0	1.00	0.2624	0.2264	-0.4830	1.390	0
175460	21.443	-0.501	-22.327	-0.29	0.17	-0.36	0.001	0.012	0.022	-0.000	-0.000	0.000	0.1200	-0.1200	-0.1200	0.0000	0.0000	0.0000	0	1.00	0.2624	0.2264	-0.4830	1.390	0
175468	21.444	-0.499	-22.326	-0.08	-0.12	-0.39	0.003	-0.011	-0.002	-0.000	-0.000	0.000	0.1200	-0.1200	-0.1200	0.0000	0.0000	0.0000	0	1.00	0.2624	0.2264	-0.4830	1.390	0
175476	21.443	-0.502	-22.328	-0.47	-0.22	-0.32	0.028	-0.015	-0.006	-0.000	-0.000	0.000	0.1200	-0.1200	-0.1200	0.0000	0.0000	0.0000	0	1.00	0.2624	0.2264	-0.4830	1.390	0
175484	21.446	-0.504	-22.333	-0.02	0.03	-0.58	0.032	-0.020	-0.026	0.000	-0.000	0.000	0.1200	-0.1200	-0.1200	0.0000	0.0000	0.0000	0	1.00	0.2624	0.2264	-0.4830	1.390	0
175492	21.446	-0.506	-22.335	-0.19	-0.16	-0.43	0.044	-0.032	-0.037	0.000	-0.000	0.000	0.1200	-0.1200	-0.1200	0.0000	0.0000	0.0000	0	1.00	0.2624	0.2264	-0.4830	1.390	0
175500	21.448	-0.501	-22.333	-0.33	0.07	-0.63	0.028	0.004	-0.042	0.000	-0.000	0.000	0.1200	-0.1200	-0.1200	0.0000	0.0000	0.0000	0	1.00	0.2624	0.2264	-0.4830	1.390	0
175508	21.449	-0.500	-22.333	-0.31	-0.01	-0.37	0.038	-0.007	-0.037	0.000	-0.000	0.000	0.1200	-0.1200	-0.1200	0.0000	0.0000	0.0000	0	1.00	0.2624	0.2264	-0.4830	1.390	0
175516	21.446	-0.501	-22.331	-0.42	0.19	-0.34	-0.001	0.000	-0.022	0.000	-0.000	0.000	0.1200	-0.1200	-0.1200	0.0000	0.0000	0.0000	0	1.00	0.2624	0.2264	-0.4830	1.390	0
175523	21.444	-0.497	-22.326	-0.33	0.31	-0.13	-0.006	0.024	-0.013	0.000	-0.000	0.000	0.1200	-0.1200	-0.1200	0.0000	0.0000	0.0000	0	1.00	0.2624	0.2264	-0.4830	1.390	0
175531	21.444	-0.498	-22.326	-0.70	0.15	-0.55	-0.025	0.017	-0.001	0.000	-0.000	-0.000	0.1200	-0.1200	-0.1200	0.0000	0.0000	0.0000	0	1.00	0.2624	0.2264	-0.4830	1.390	0
175539	21.441	-0.494	-22.320	-0.31	0.12	-0.49	-0.048	-0.010	0.016	0.000	-0.000	0.000	0.1200	-0.1200	-0.1200	0.0000	0.0000	0.0000	0	1.00	0.2624	0.2264	-0.4830	1.390	0
175547	21.435	-0.501	-22.320	-0.45	0.09	-0.44	-0.054	0.014	0.028	0.000	-0.000	0.000	0.1200	-0.1200	-0.1200	0.0000	0.0000	0.0000	0	1.00	0.2624	0.2264	-0.4830	1.390	0
175555	21.435	-0.501	-22.319	-0.47	0.08	-0.62	-0.043	0.011	0.042	-0.000	-0.000	0.000	0.1200	-0.1200	-0.1200	0.0000	0.0000	0.0000	0	1.00	0.2624	0.2264	-0.4830	1.390	0
175563	21.434	-0.504	-22.321	-0.36	0.01	-0.34	-0.025	-0.017	0.046	-0.000	-0.000	0.000	0.1200	-0.1200	-0.1200	0.0000	0.0000	0.0000	0	1.00	0.2624	0.2264	-0.4830	1.390	0
175571	21.434	-0.502	-22.319	-0.53	0.11	-0.16	-0.001	-0.013	0.055	-0.000	-0.000	0.000	0.1200	-0.1200	-0.1200	0.0000	0.0000	0.0000	0	1.00	0.2624	0.2264	-0.4830	1.390	0
175579	21.432	-0.502	-22.318	-0.28	-0.23	-0.07	0.027	0.006	0.037	-0.000	-0.000	0.000	0.1200	-0.1200	-0.1200	0.0000	0.0000	0.0000	0	1.00	0.2624	0.2264	-0.4830	1.390	0
175587	21.434	-0.498	-22.316	-0.41	0.13	-0.40	0.039	0.003	0.020	-0.000	-0.000	0.000	0.1200	-0.1200	-0.1200	0.0000	0.0000	0.0000	0	1.00	0.2624	0.2264	-0.4830	1.390	0
175595	21.434	-0.499	-22.316	-0.47	-0.09	-0.44	0.045	-0.011	0.000	0.000	-0.000	0.000	0.1200	-0.1200	-0.1200	0.0000	0.0000	0.0000	0	1.00	0.2624	0.2264	-0.4830	1.390	0
175603	21.434	-0.497	-22.315	-0.08	-0.03	-0.47	0.065	0.001	-0.024	0.000	-0.000	0.000	0.1200	-0.1200	-0.1200	0.0000	0.0000	0.0000	0	1.00	0.2624	0.2264	-0.4830	1.390	0
175611	21.433	-0.500	-22.316	-0.49	-0.23	-0.50	0.040	0.004	-0.029	0.000	-0.000	0.000	0.1200	-0.1200	-0.1200	0.0000	0.0000	0.0000	0	1.00	0.2624	0.2264	-0.4830	1.390	0
175618	21.437	-0.495	-22.316	-0.80	-0.11	-0.20	0.012	-0.016	-0.048	0.000	-0.000	0.000	0.1200	-0.1200	-0.1200	0.0000	0.0000	0.0000	0	1.00	0.2624	0.2264	-0.4830	1.390	0
175626	21.438	-0.498	-22.320	-0.45	-0.21	-0.13	0.007	0.009	-0.049	0.000	-0.000	0.000	0.1200	-0.1200	-0.1200	0.0000	0.0000	0.0000	0	1.00	0.2624	0.2264	-0.4830	1.390	0
175634	21.436	-0.498	-22.317	-0.30	-0.07	-0.42	-0.021	-0.010	-0.067	0.000	-0.000	0.000	0.1200	-0.1200	-0.1200	0.0000	0.0000	0.0000	0	1.00	0.2624	0.2264	-0.4830	1.390	0
175643	21.435	-0.501	-22.319	-0.31	-0.05	-0.32	-0.052	0.017	-0.053	0.000	-0.000	-0.000	0.1200	-0.1200	-0.1200	0.0000	0.0000	0.0000	0	1.00	0.2624	0.2264	-0.4830	1.390	0
175650	21.436	-0.497	-22.317	-0.20	-0.34	-0.26	-0.056	0.019	-0.038	0.000	-0.000	-0.000	0.1200	-0.1200	-0.1200	0.0000	0.0000	0.0000	0	1.00	0.2624	0.2264	-0.4830	1.390	0
175658	21.440	-0.494	-22.318	-0.43	-0.01	-0.45	-0.049	0.015	-0.010	-0.000	-0.000	-0.000	0.1200	-0.1200	-0.1200	0.0000	0.0000	0.0000	0	1.00	0.2624	0.2264	-0.4830	1.390	0
175666	21.439	-0.491	-22.315	-0.37	-0.23	-0.41	-0.035	0.035	0.020	-0.000	-0.000	-0.000	0.1200	-0.1200	-0.1200	0.0000	0.0000	0.0000	0	1.00	0.2624	0.2264	-0.4830	1.390	0
175674	21.442	-0.491	-22.317	-0.34	0.20	-0.33	-0.030	0.013	0.035	-0.000	-0.000	-0.000	0.1200	-0.1200	-0.1200	0.0000	0.0000	0.0000	0	1.00	0.2624	0.2264	-0.4830	1.390	0
175682	21.447	-0.489	-22.320	-0.47	-0.18	-0.36	-0.010	0.022	0.062	-0.000	-0.000	0.000	0.1200	-0.1200	-0.1200	0.0000	0.0000	0.0000	0	1.00	0.2624	0.2264	-0.4830	1.390	0
175690	21.442	-0.491	-22.317	-0.05	-0.04	0.04	-0.009	-0.014	0.059	-0.000	-0.000	0.000	0.1200	-0.1200	-0.1200	0.0000	0.0000	0.0000	0	1.00	0.2624	0.2264	-0.4830	1.390	0
175698	21.442	-0.492	-22.318	-0.13	-0.29	-0.47	0.017	0.003	0.047	-0.000	-0.000	0.000	0.1200	-0.1200	-0.1200	0.0000	0.0000	0.0000	0	1.00	0.2624	0.2264	-0.4830	1.390	0
175706	21.440	-0.495	-22.319	-0.48	0.08	-0.19	0.030	-0.021	0.043	-0.000	-0.000	0.000	0.1200	-0.1200	-0.1200	0.0000	0.0000	0.0000	0	1.00	0.2624	0.2264	-0.4830	1.390	0
175714	21.440	-0.494	-22.318	-0.30	-0.40	-0.41	0.034	-0.040	0.032	-0.000	-0.000	0.000	0.1200	-0.1200	-0.1200	0.0000	0.0000	0.0000	0	1.00	0.2624	0.2264	-0.4830	1.390	0
175722	21.437	-0.495	-22.316	-0.35	-0.30	-0.14	0.032	-0.028	0.008	0.000	-0.000	0.000	0.1200	-0.1200	-0.1200	0.0000	0.0000	0.0000	0	1.00	0.2624	0.2264	-0.4830	1.390	0
175729	21.436	-0.498	-22.318	-0.50	-0.27	-0.02	0.031	-0.010	-0.001	0.000	-0.000	0.000	0.1200	-0.1200	-0.1200	0.0000	0.0000	0.0000	0	1.00	0.2624	0.2264	-0.4830	1.390	0
175737	21.436	-0.500	-22.320	-0.25	-0.27	-0.28	0.002	0.011	-0.022	0.000	-0.000	0.000	0.1200	-0.1200	-0.1200	0.0000	0.0000	0.0000	0	1.00	0.2624	0.2264	-0.4830	1.390	0
175745	21.433	-0.502	-22.318	-0.27	-0.36	-0.37	-0.016	0.002	-0.027	0.000	-0.000	0.000	0.1200	-0.1200	-0.1200	0.0000	0.0000	0.0000	0	1.00	0.2624	0.2264	-0.4830	1.390	0
175753	21.431	-0.503	-22.317	-0.37	-0.44	-0.19	-0.018	-0.004	-0.032	0.000	-0.000	0.000	0.1200	-0.1200	-0.1200	0.0000	0.0000	0.0000	0	1.00	0.2624	0.2264	-0.4830	1.390	0
175761	21.430	-0.504	-22.317	-0.34	-0.48	-0.40	-0.024	0.052	-0.034	-0.000	-0.000	0.000	0.1200	-0.1200	-0.1200	0.0000	0.0000	0.0000	0	1.00	0.2624	0.2264	-0.4830	1.390	0
175769	21.430	-0.510	-22.323	-0.47	-0.46	-0.38	-0.026	0.057	-0.034	-0.000	-0.000	0.000	0.1200	-0.1200	-0.1200	0.0000	0.0000	0.0000	0	1.00	0.2624	0.2264	-0.4830	1.390	0
175777	21.431	-0.507	-22.321	-0.26	-0.21	-0.22	-0.030	0.041	-0.021	-0.000	-0.000	0.000	0.1200	-0.1200	-0.1200	0.0000	0.0000	0.0000	0	1.00	0.2624	0.2264	-0.4830	1.390	0
175785	21.430	-0.512	-22.325	-0.47	-0.22	-0.31	-0.030	0.028	-0.013	-0.000	-0.000	0.000	0.1200	-0.1200	-0.1200	0.0000	0.0000	0.0000	0	1.00	0.2624	0.2264	-0.4830	1.390	0
175793	21.429	-0.515	-22.327	-0.36	0.06	-0.38	-0.009	0.023	-0.009	-0.000	-0.000	0.000	0.1200	-0.1200	-0.1200	0.0000	0.0000	0.0000	0	1.00	0.2624	0.2264	-0.4830	1.390	0
175801	21.431	-0.516	-22.329	-0.31	-0.01	-0.36	0.017	-0.001	0.025	-0.000	-0.000	0.000	0.1200	-0.1200	-0.1200	0.0000	0.0000	0.0000	0	1.00	0.2624	0.2264	-0.4830	1.390	0
175809	21.432	-0.512	-22.326	-0.26	0.08	-0.19	0.017	-0.013	0.015	-0.000	-0.000	0.000	0.1200	-0.1200	-0.1200	0.0000	0.0000	0.0000	0	1.00	0.2624	0.2264	-0.4830	1.390	0
175817	21.430	-0.516	-22.329	0.10	0.02	-0.17	0.038	-0.040	0.027	-0.000	-0.000	0.000	0.1200	-0.1200	-0.1200	0.0000	0.0000	0.0000	0	1.00	0.2624	0.2264	-0.4830	1.390	0
175825	21.430	-0.515	-22.327	-0.36	0.19	-0.51	0.029	-0.057	0.018	-0.000	-0.000	0.000	0.1200	-0.1200	-0.1200	0.0000	0.0000	0.0000	0	1.00	0.2624	0.2264	-0.4830	1.390	0
175833	21.428	-0.517	-22.327	-0.31	0.15	-0.21	0.025	-0.063	0.029	-0.000	-0.000	0.000	0.1200	-0.1200	-0.1200	0.0000	0.0000	0.0000	0	1.00	0.2624	0.2264	-0.4830	1.390	0
175841	21.429	-0.517	-22.328	-0.48	0.14	-0.56	0.018	-0.023	0.021	0.000	-0.000	0.000	0.1200	-0.1200	-0.1200	0.0000	0.0000	0.0000	0	1.00	0.2624	0.2264	-0.4830	1.390	0
175849	21.429	-0.518	-22.328	-0.28	0.07	-0.37	0.013	0.002	0.023	0.000	-0.000	0.000	0.1200	-0.1200	-0.1200	0.0000	0.0000	0.0000	0	1.00	0.2624	0.2264	-0.4830	1.390	0
175857	21.427	-0.519	-22.328	-0.28	0.11	-0.41	-0.007	-0.001	0.007	0.000	-0.000	0.000	0.1200	-0.1200	-0.1200	0.0000	0.0000	0.0000	0	1.00	0.2624	0.2264	-0.4830	1.390	0
175865	21.426	-0.523	-22.331	-0.36	-0.03	-0.30	0.003	0.004	0.005	0.000	-0.000	0.000	0.1200	-0.1200	-0.1200	0.0000	0.0000	0.0000	0	1.00	0.2624	0.2264	-0.4830	1.390	0
175873	21.424	-0.521	-22.327	-0.35	0.04	-0.05	-0.015	0.044	0.012	0.000	-0.000	0.000	0.1200	-0.1200	-0.1200	0.0000	0.0000	0.0000	0	1.00	0.2624	0.2264	-0.4830	1.390	0
175881	21.428	-0.516	-22.326	-0.32	0.29	-0.23	0.002	0.033	-0.005	0.000	-0.000	0.000	0.1200	-0.1200	-0.1200	0.0000	0.0000	0.0000	0	1.00	0.2624	0.2264	-0.4830	1.390	0
175889	21.425	-0.518	-22.324	-0.45	0.69	-0.61	-0.019	0.034	-0.010	-0.000	-0.000	0.000	0.1200	-0.1200	-0.1200	0.0000	0.0000	0.0000	0	1.00	0.2624	0.2264	-0.4830	1.390	0
175897	21.424	-0.516	-22.322	-0.28	0.33	-0.20	-0.015	0.005	-0.008	-0.000	-0.000	0.000	0.1200	-0.1200	-0.1200	0.0000	0.0000	0.0000	0	1.00	0.2624	0.2264	-0.4830	1.390	0
175905	21.428	-0.514	-22.325	-0.21	0.44	-0.17	-0.019	0.020	-0.016	-0.000	-0.000	0.000	0.1200	-0.1200	-0.1200	0.0000	0.0000	0.0000	0	1.00	0.2624	0.2264	-0.4830	1.390	0
175913	21.428	-0.512	-22.322	-0.16	0.16	-0.37	-0.008	0.002	-0.027	-0.000	-0.000	0.000	0.1200	-0.1200	-0.1200	0.0000	0.0000	0.0000	0	1.00	0.2624	0.2264	-0.4830	1.390	0
175920	21.431	-0.506	-22.320	-0.26	0.29	-0.41	-0.006	-0.024	-0.018	-0.000	-0.000	0.000	0.1200	-0.1200	-0.1200	0.0000	0.0000	0.0000	0	1.00	0.2624	0.2264	-0.4830	1.390	0
175929	21.430	-0.502	-22.315	-0.36	0.47	-0.48	-0.009	-0.013	-0.006	-0.000	-0.000	0.000	0.1200	-0.1200	-0.1200	0.0000	0.0000	0.0000	0	1.00	0.2624	0.2264	-0.4830	1.390	0
175936	21.434	-0.501	-22.318	-0.52	0.24	-0.72	0.012	0.002	-0.022	-0.000	-0.000	0.000	0.1200	-0.1200	-0.1200	0.0000	0.0000	0.0000	0	1.00	0.2624	0.2264	-0.4830	1.390	0
175945	21.433	-0.504	-22.320	-0.35	0.04	-0.48	0.014	-0.011	-0.005	-0.000	-0.000	0.000	0.1200	-0.1200	-0.1200	0.0000	0.0000	0.0000	0	1.00	0.2624	0.2264	-0.4830	1.390	0
175953	21.438	-0.499	-22.320	-0.33	0.14	-0.39	0.020	-0.008	-0.004	-0.000	-0.000	0.000	0.1200	-0.1200	-0.1200	0.0000	0.0000	0.0000	0	1.00	0.2624	0.2264	-0.4830	1.390	0
175961	21.436	-0.502	-22.321	-0.22	0.07	-0.11	0.030	-0.007	0.009	0.000	-0.000	0.000	0.1200	-0.1200	-0.1200	0.0000	0.0000	0.0000	0	1.00	0.2624	0.2264	-0.4830	1.390	0
175969	21.435	-0.501	-22.319	-0.14	0.10	-0.43	0.021	-0.001	0.000	0.000	-0.000	0.000	0.1200	-0.1200	-0.1200	0.0000	0.0000	0.0000	0	1.00	0.2624	0.2264	-0.4830	1.390	0
175977	21.437	-0.494	-22.315	-0.22	0.11	-0.15	0.022	-0.005	0.011	0.000	-0.000	0.000	0.1200	-0.1200	-0.1200	0.0000	0.0000	0.0000	0	1.00	0.2624	0.2264	-0.4830	1.390	0
175985	21.436	-0.489	-22.310	-0.15	0.44	-0.34	0.017	0.012	0.014	0.000	-0.000	0.000	0.1200	-0.1200	-0.1200	0.0000	0.0000	0.0000	0	1.00	0.2624	0.2264	-0.4830	1.390	0
175993	21.433	-0.486	-22.304	-0.16	-0.17	-0.35	-0.008	0.009	0.030	0.000	-0.000	0.000	0.1200	-0.1200	-0.1200	0.0000	0.0000	0.0000	0	1.00	0.2624	0.2264	-0.4830	1.390	0
176001	21.431	-0.484	-22.300	-0.31	0.15	-0.21	-0.013	0.005	0.028	0.000	-0.000	0.000	0.1200	-0.1200	-0.1200	0.0000	0.0000	0.0000	0	1.00	0.2624	0.2264	-0.4830	1.390	0
176008	21.429	-0.483	-22.298	-0.46	0.24	-0.46	-0.014	0.029	0.029	0.000	-0.000	0.000	0.1200	-0.1200	-0.1200	0.0000	0.0000	0.0000	0	1.00	0.2624	0.2264	-0.4830	1.390	0
176016	21.436	-0.477	-22.298	-0.16	-0.04	-0.48	-0.016	0.031	0.018	0.000	-0.000	0.000	0.1200	-0.1200	-0.1200	0.0000	0.0000	0.0000	0	1.00	0.2624	0.2264	-0.4830	1.390	0
176025	21.439	-0.472	-22.297	-0.29	0.17	-0.35	-0.023	0.005	0.002	-0.000	-0.000	0.000	0.1200	-0.1200	-0.1200	0.0000	0.0000	0.0000	0	1.00	0.2624	0.2264	-0.4830	1.390	0
176033	21.437	-0.475	-22.298	-0.43	-0.18	-0.28	-0.025	-0.007	-0.026	-0.000	-0.000	0.000	0.1200	-0.1200	-0.1200	0.0000	0.0000	0.0000	0	1.00	0.2624	0.2264	-0.4830	1.390	0
176041	21.436	-0.476	-22.298	-0.69	0.05	-0.57	-0.013	0.000	-0.026	-0.000	-0.000	0.000	0.1200	-0.1200	-0.1200	0.0000	0.0000	0.0000	0	1.00	0.2624	0.2264	-0.4830	1.390	0
176048	21.435	-0.473	-22.295	-0.70	-0.02	-0.38	-0.019	-0.038	-0.036	-0.000	-0.000	0.000	0.1200	-0.1200	-0.1200	0.0000	0.0000	0.0000	0	1.00	0.2624	0.2264	-0.4830	1.390	0
176056	21.432	-0.473	-22.291	-0.26	0.05	-0.47	0.003	-0.014	-0.033	-0.000	-0.000	0.000	0.1200	-0.1200	-0.1200	0.0000	0.0000	0.0000	0	1.00	0.2624	0.2264	-0.4830	1.390	0
176064	21.432	-0.472	-22.290	-0.43	-0.03	-0.12	0.013	-0.002	-0.038	-0.000	-0.000	0.000	0.1200	-0.1200	-0.1200	0.0000	0.0000	0.0000	0	1.00	0.2624	0.2264	-0.4830	1.390	0
176073	21.429	-0.472	-22.287	-0.43	0.19	-0.34	0.019	0.005	-0.040	-0.000	-0.000	0.000	0.1200	-0.1200	-0.1200	0.0000	0.0000	0.0000	0	1.00	0.2624	0.2264	-0.4830	1.390	0
176080	21.427	-0.475	-22.287	-0.46	0.11	-0.76	0.027	0.001	-0.001	-0.000	-0.000	0.000	0.1200	-0.1200	-0.1200	0.0000	0.0000	0.0000	0	1.00	0.2624	0.2264	-0.4830	1.390	0
176088	21.432	-0.475	-22.292	-0.33	-0.23	-0.33	0.009	-0.015	0.005	0.000	-0.000	0.000	0.1200	-0.1200	-0.1200	0.0000	0.0000	0.0000	0	1.00	0.2624	0.2264	-0.4830	1.390	0
176096	21.432	-0.477	-22.295	-0.33	-0.06	-0.50	0.004	-0.002	0.025	0.000	-0.000	0.000	0.1200	-0.1200	-0.1200	0.0000	0.0000	0.0000	0	1.00	0.2624	0.2264	-0.4830	1.390	0
176104	21.433	-0.478	-22.297	-0.30	-0.40	-0.40	-0.004	0.019	0.034	0.000	-0.000	0.000	0.1200	-0.1200	-0.1200	0.0000	0.0000	0.0000	0	1.00	0.2624	0.2264	-0.4830	1.390	0
176112	21.429	-0.484	-22.298	-0.25	-0.22	-0.32	-0.021	0.018	0.039	0.000	-0.000	0.000	0.1200	-0.1200	-0.1200	0.0000	0.0000	0.0000	0	1.00	0.2624	0.2264	-0.4830	1.390	0
176120	21.429	-0.483	-22.297	-0.65	-0.07	-0.07	-0.018	-0.011	0.039	-0.000	-0.000	0.000	0.1200	-0.1200	-0.1200	0.0000	0.0000	0.0000	0	1.00	0.2624	0.2264	-0.4830	1.390	0
176128	21.434	-0.480	-22.300	-0.33	-0.10	-0.46	-0.017	0.019	0.030	-0.000	-0.000	0.000	0.1200	-0.1200	-0.1200	0.0000	0.0000	0.0000	0	1.00	0.2624	0.2264	-0.4830	1.390	0
176136	21.434	-0.486	-22.305	-0.33	-0.15	-0.41	-0.019	-0.012	0.010	-0.000	-0.000	0.000	0.1200	-0.1200	-0.1200	0.0000	0.0000	0.0000	0	1.00	0.2624	0.2264	-0.4830	1.390	0
176144	21.434	-0.488	-22.307	-0.53	-0.05	-0.32	-0.003	-0.026	0.000	-0.000	-0.000	0.000	0.1200	-0.1200	-0.1200	0.0000	0.0000	0.0000	0	1.00	0.2624	0.2264	-0.4830	1.390	0
176152	21.435	-0.489	-22.309	0.10	-0.07	-0.08	0.007	-0.012	-0.014	-0.000	-0.000	0.000	0.1200	-0.1200	-0.1200	0.0000	0.0000	0.0000	0	1.00	0.2624	0.2264	-0.4830	1.390	0
176159	21.433	-0.492	-22.310	-0.51	-0.04	-0.13	0.003	-0.007	-0.019	-0.000	-0.000	0.000	0.1200	-0.1200	-0.1200	0.0000	0.0000	0.0000	0	1.00	0.2624	0.2264	-0.4830	1.390	0
176167	21.436	-0.493	-22.314	-0.33	-0.25	-0.00	0.019	-0.023	-0.029	-0.000	-0.000	0.000	0.1200	-0.1200	-0.1200	0.0000	0.0000	0.0000	0	1.00	0.2624	0.2264	-0.4830	1.390	0
176175	21.439	-0.487	-22.310	-0.39	0.14	-0.22	0.012	0.012	-0.049	-0.000	-0.000	0.000	0.1200	-0.1200	-0.1200	0.0000	0.0000	0.0000	0	1.00	0.2624	0.2264	-0.4830	1.390	0
176183	21.436	-0.483	-22.305	-0.62	0.25	-0.63	0.030	0.030	-0.030	-0.000	-0.000	0.000	0.1200	-0.1200	-0.1200	0.0000	0.0000	0.0000	0	1.00	0.2624	0.2264	-0.4830	1.390	0
176191	21.434	-0.485	-22.304	-0.35	-0.09	-0.35	0.005	-0.003	-0.024	0.000	-0.000	0.000	0.1200	-0.1200	-0.1200	0.0000	0.0000	0.0000	0	1.00	0.2624	0.2264	-0.4830	1.390	0
176199	21.436	-0.482	-22.303	-0.43	-0.01	-0.45	0.008	0.038	-0.014	0.000	-0.000	0.000	0.1200	-0.1200	-0.1200	0.0000	0.0000	0.0000	0	1.00	0.2624	0.2264	-0.4830	1.390	0
176207	21.434	-0.485	-22.304	-0.43	-0.01	-0.45	-0.009	0.008	-0.000	0.000	-0.000	0.000	0.1200	-0.1200	-0.1200	0.0000	0.0000	0.0000	0	1.00	0.2624	0.2264	-0.4830	1.390	0
176215	21.432	-0.486	-22.303	-0.16	-0.01	-0.20	-0.006	0.001	0.028	0.000	-0.000	0.000	0.1200	-0.1200	-0.1200	0.0000	0.0000	0.0000	0	1.00	0.2624	0.2264	-0.4830	1.390	0
176223	21.435	-0.482	-22.303	-0.29	-0.04	-0.14	0.007	0.012	0.018	0.000	-0.000	0.000	0.1200	-0.1200	-0.1200	0.0000	0.0000	0.0000	0	1.00	0.2624	0.2264	-0.4830	1.390	0
176231	21.434	-0.482	-22.301	-0.32	-0.03	-0.65	-0.018	0.009	0.023	0.000	-0.000	0.000	0.1200	-0.1200	-0.1200	0.0000	0.0000	0.0000	0	1.00	0.2624	0.2264	-0.4830	1.390	0
176239	21.436	-0.482	-22.303	-0.51	0.09	-0.26	-0.011	-0.026	0.017	-0.000	-0.000	0.000	0.1200	-0.1200	-0.1200	0.0000	0.0000	0.0000	0	1.00	0.2624	0.2264	-0.4830	1.390	0
176247	21.435	-0.483	-22.303	-0.45	0.18	-0.52	-0.024	-0.005	0.021	-0.000	-0.000	0.000	0.1200	-0.1200	-0.1200	0.0000	0.0000	0.0000	0	1.00	0.2624	0.2264	-0.4830	1.390	0
176254	21.434	-0.482	-22.301	-0.40	0.03	-0.42	-0.014	-0.021	-0.005	-0.000	-0.000	0.000	0.1200	-0.1200	-0.1200	0.0000	0.0000	0.0000	0	1.00	0.2624	0.2264	-0.4830	1.390	0
176262	21.438	-0.475	-22.299	-0.33	0.36	-0.60	-0.004	-0.043	-0.016	-0.000	-0.000	0.000	0.1200	-0.1200	-0.1200	0.0000	0.0000	0.0000	0	1.00	0.2624	0.2264	-0.4830	1.390	0
176271	21.441	-0.473	-22.301	-0.32	0.34	-0.28	0.010	0.004	-0.027	-0.000	-0.000	0.000	0.1200	-0.1200	-0.1200	0.0000	0.0000	0.0000	0	1.00	0.2624	0.2264	-0.4830	1.390	0
176279	21.446	-0.472	-22.304	-0.43	0.23	-0.38	0.027	0.019	-0.022	-0.000	-0.000	0.000	0.1200	-0.1200	-0.1200	0.0000	0.0000	0.0000	0	1.00	0.2624	0.2264	-0.4830	1.390	0
176286	21.446	-0.474	-22.306	-0.45	0.35	-0.26	0.036	0.011	-0.034	0.000	-0.000	0.000	0.1200	-0.1200	-0.1200	0.0000	0.0000	0.0000	0	1.00	0.2624	0.2264	-0.4830	1.390	0
176294	21.448	-0.471	-22.305	-0.21	0.23	-0.39	0.029	0.021	-0.026	0.000	-0.000	0.000	0.1200	-0.1200	-0.1200	0.0000	0.0000	0.0000	0	1.00	0.2624	0.2264	-0.4830	1.390	0
176302	21.451	-0.470	-22.308	-0.21	0.31	-0.47	0.032	0.042	-0.023	0.000	-0.000	0.000	0.1200	-0.1200	-0.1200	0.0000	0.0000	0.0000	0	1.00	0.2624	0.2264	-0.4830	1.390	0
176310	21.455	-0.469	-22.311	-0.65	0.12	-0.58	0.015	0.056	-0.011	0.000	-0.000	0.000	0.1200	-0.1200	-0.1200	0.0000	0.0000	0.0000	0	1.00	0.2624	0.2264	-0.4830	1.390	0
176319	21.456	-0.471	-22.313	-0.34	0.37	-0.50	0.003	0.042	0.010	0.000	-0.000	0.000	0.1200	-0.1200	-0.1200	0.0000	0.0000	0.0000	0	1.00	0.2624	0.2264	-0.4830	1.390	0
176326	21.456	-0.467	-22.310	-0.38	0.79	-0.25	-0.032	0.022	0.031	0.000	-0.000	0.000	0.1200	-0.1128	-0.1200	0.0000	0.0000	0.0000	0	1.00	0.2624	0.2264	-0.4830	1.390	0
176334	21.452	-0.469	-22.307	-0.54	0.43	-0.36	-0.034	0.002	0.032	0.000	-0.000	0.000	0.1200	-0.1200	-0.1200	0.0000	0.0000	0.0000	0	1.00	0.2624	0.2264	-0.4830	1.390	0
176342	21.451	-0.467	-22.305	-0.86	0.61	-0.43	-0.052	-0.035	0.033	-0.000	-0.000	0.000	0.1200	-0.1200	-0.1200	0.0000	0.0000	0.0000	0	1.00	0.2624	0.2264	-0.4830	1.390	0
176350	21.459	-0.456	-22.302	-0.51	0.72	-0.15	-0.054	-0.047	0.027	-0.000	-0.000	0.000	0.1200	-0.1200	-0.1200	0.0000	0.0000	0.0000	0	1.00	0.2624	0.2264	-0.4830	1.390	0
176359	21.454	-0.460	-22.302	-0.26	0.73	-0.41	-0.039	-0.068	0.026	-0.000	-0.000	0.000	0.1200	-0.1200	-0.1200	0.0000	0.0000	0.0000	0	1.00	0.2624	0.2264	-0.4830	1.390	0
176366	21.455	-0.459	-22.302	-0.47	0.54	-0.33	-0.023	-0.057	-0.005	-0.000	-0.000	0.000	0.1200	-0.1200	-0.1200	0.0000	0.0000	0.0000	0	1.00	0.2624	0.2264	-0.4830	1.390	0
176374	21.461	-0.454	-22.303	-0.19	0.71	-0.25	-0.001	-0.026	-0.020	-0.000	-0.000	0.000	0.1200	-0.1179	-0.1200	0.0000	0.0000	0.0000	0	1.00	0.2624	0.2264	-0.4830	1.390	0
176382	21.458	-0.455	-22.300	-0.53	0.71	-0.33	0.010	-0.023	-0.053	-0.000	-0.000	0.000	0.1200	-0.1200	-0.1200	0.0000	0.0000	0.0000	0	1.00	0.2624	0.2264	-0.4830	1.390	0
176390	21.457	-0.452	-22.297	-0.33	0.31	-0.13	0.039	0.017	-0.042	-0.000	-0.000	0.000	0.1200	-0.1187	-0.1200	0.0000	0.0000	0.0000	0	1.00	0.2624	0.2264	-0.4830	1.390	0
176399	21.457	-0.445	-22.292	-0.50	0.55	-0.41	0.040	0.006	-0.041	-0.000	-0.000	0.000	0.1200	-0.1176	-0.1200	0.0000	0.0000	0.0000	0	1.00	0.2624	0.2264	-0.4830	1.390	0
176406	21.458	-0.441	-22.288	-0.71	0.58	-0.55	0.053	0.013	-0.026	-0.000	-0.000	0.000	0.1200	-0.1175	-0.1200	0.0000	0.0000	0.0000	0	1.00	0.2624	0.2264	-0.4830	1.390	0
176414	21.462	-0.435	-22.286	-0.39	0.57	-0.65	0.030	0.020	-0.029	0.000	-0.000	0.000	0.1200	-0.1138	-0.1200	0.0000	0.0000	0.0000	0	1.00	0.2624	0.2264	-0.4830	1.390	0
176422	21.466	-0.434	-22.289	-0.47	0.45	-0.25	0.016	0.019	-0.017	0.000	-0.000	0.000	0.1200	-0.1135	-0.1200	0.0000	0.0000	0.0000	0	1.00	0.2624	0.2264	-0.4830	1.390	0
176430	21.466	-0.432	-22.289	-0.35	0.54	-0.24	-0.007	0.038	-0.011	0.000	-0.000	0.000	0.1200	-0.1082	-0.1200	0.0000	0.0000	0.0000	0	1.00	0.2624	0.2264	-0.4830	1.390	0
176438	21.471	-0.426	-22.288	-0.42	0.52	-0.36	-0.033	0.025	0.013	0.000	-0.000	0.000	0.1200	-0.1103	-0.1200	0.0000	0.0000	0.0000	0	1.00	0.2624	0.2264	-0.4830	1.390	0
176446	21.477	-0.420	-22.288	-0.23	0.30	-0.22	-0.041	0.044	0.012	-0.000	-0.000	0.000	0.1200	-0.1088	-0.1200	0.0000	0.0000	0.0000	0	1.00	0.2624	0.2264	-0.4830	1.390	0
176454	21.476	-0.418	-22.286	-0.40	0.37	-0.33	-0.040	-0.021	0.033	-0.000	-0.000	0.000	0.1200	-0.1185	-0.1200	0.0000	0.0000	0.0000	0	1.00	0.2624	0.2264	-0.4830	1.390	0
176462	21.475	-0.419	-22.285	-0.38	0.16	-0.37	-0.035	0.006	0.028	-0.000	-0.000	0.000	0.1200	-0.1185	-0.1200	0.0000	0.0000	0.0000	0	1.00	0.2624	0.2264	-0.4830	1.390	0
176470	21.475	-0.414	-22.280	-0.21	0.23	-0.39	-0.027	-0.022	0.043	-0.000	-0.000	0.000	0.1200	-0.1195	-0.1200	0.0000	0.0000	0.0000	0	1.00	0.2624	0.2264	-0.4830	1.390	0
176478	21.477	-0.408	-22.278	-0.21	-0.12	-0.04	-0.011	-0.048	0.032	-0.000	-0.000	0.000	0.1200	-0.1200	-0.1200	0.0000	0.0000	0.0000	0	1.00	0.2624	0.2264	-0.4830	1.390	0
176486	21.474	-0.407	-22.273	-0.56	0.20	-0.33	0.019	-0.015	0.010	-0.000	-0.000	0.000	0.1200	-0.1198	-0.1200	0.0000	0.0000	0.0000	0	1.00	0.2624	0.2264	-0.4830	1.390	0
176494	21.482	-0.397	-22.272	-0.28	0.07	-0.37	0.038	-0.040	-0.006	-0.000	-0.000	0.000	0.1200	-0.1200	-0.1200	0.0000	0.0000	0.0000	0	1.00	0.2624	0.2264	-0.4830	1.390	0
176502	21.488	-0.389	-22.271	-0.25	-0.18	-0.36	0.047	0.000	-0.018	-0.000	-0.000	0.000	0.1200	-0.1189	-0.1200	0.0000	0.0000	0.0000	0	1.00	0.2624	0.2264	-0.4830	1.390	0
176510	21.486	-0.392	-22.272	-0.21	-0.01	-0.46	0.056	0.013	-0.019	-0.000	-0.000	0.000	0.1200	-0.1147	-0.1200	0.0000	0.0000	0.0000	0	1.00	0.2624	0.2264	-0.4830	1.390	0
176518	21.489	-0.392	-22.274	-0.27	-0.44	-0.29	0.060	0.017	-0.033	0.000	-0.000	0.000	0.1200	-0.1200	-0.1200	0.0000	0.0000	0.0000	0	1.00	0.2624	0.2264	-0.4830	1.390	0
176526	21.490	-0.391	-22.275	-0.15	-0.05	-0.59	0.055	0.005	-0.038	0.000	-0.000	0.000	0.1200	-0.1170	-0.1200	0.0000	0.0000	0.0000	0	1.00	0.2624	0.2264	-0.4830	1.390	0
176533	21.487	-0.391	-22.272	-0.26	-0.03	-0.39	0.044	0.046	-0.031	0.000	-0.000	0.000	0.1200	-0.1106	-0.1200	0.0000	0.0000	0.0000	0	1.00	0.2624	0.2264	-0.4830	1.390	0
176541	21.485	-0.397	-22.275	-0.45	-0.21	-0.13	-0.002	0.026	-0.023	0.000	-0.000	0.000	0.1200	-0.1168	-0.1200	0.0000	0.0000	0.0000	0	1.00	0.2624	0.2264	-0.4830	1.390	0
176549	21.485	-0.400	-22.278	-0.30	-0.37	-0.12	-0.021	0.044	-0.023	0.000	-0.000	-0.000	0.1200	-0.1174	-0.1200	0.0000	0.0000	0.0000	0	1.00	0.2624	0.2264	-0.4830	1.390	0
176557	21.481	-0.404	-22.278	-0.56	-0.38	-0.48	-0.027	0.018	-0.007	0.000	-0.000	-0.000	0.1200	-0.1200	-0.1200	0.0000	0.0000	0.0000	0	1.00	0.2624	0.2264	-0.4830	1.390	0
176565	21.477	-0.412	-22.280	-0.63	-0.50	-0.51	-0.049	0.014	0.012	0.000	-0.000	-0.000	0.1200	-0.1200	-0.1200	0.0000	0.0000	0.0000	0	1.00	0.2624	0.2264	-0.4830	1.390	0
176573	21.472	-0.421	-22.284	-0.57	-0.45	-0.29	-0.048	0.017	0.012	0.000	0.000	-0.000	0.1200	-0.1200	-0.1200	0.0000	0.0000	0.0000	0	1.00	0.2624	0.2264	-0.4830	1.390	0
176581	21.471	-0.425	-22.287	-0.08	-0.44	-0.37	-0.040	-0.000	0.036	0.000	0.000	0.000	0.1200	-0.1200	-0.1200	0.0000	0.0000	0.0000	0	1.00	0.2624	0.2264	-0.4830	1.390	0
176589	21.467	-0.433	-22.289	-0.72	-0.42	-0.17	-0.038	-0.016	0.041	-0.000	-0.000	0.000	0.1200	-0.1200	-0.1200	0.0000	0.0000	0.0000	0	1.00	0.2624	0.2264	-0.4830	1.390	0
176597	21.460	-0.441	-22.290	-0.54	-0.57	-0.41	-0.021	-0.040	0.040	-0.000	-0.000	0.000	0.1200	-0.1200	-0.1200	0.0000	0.0000	0.0000	0	1.00	0.2624	0.2264	-0.4830	1.390	0
176605	21.457	-0.446	-22.292	-0.18	-0.35	-0.36	-0.009	-0.049	0.032	-0.000	-0.000	0.000	0.1200	-0.1200	-0.1200	0.0000	0.0000	0.0000	0	1.00	0.2624	0.2264	-0.4830	1.390	0
176613	21.451	-0.452	-22.291	-0.58	-0.48	-0.58	0.003	-0.032	0.018	-0.000	-0.000	0.000	0.1200	-0.1200	-0.1200	0.0000	0.0000	0.0000	0	1.00	0.2624	0.2264	-0.4830	1.390	0
176620	21.448	-0.457	-22.292	-0.32	-0.42	-0.26	0.022	-0.047	0.020	-0.000	-0.000	0.000	0.1200	-0.1200	-0.1200	0.0000	0.0000	0.0000	0	1.00	0.2624	0.2264	-0.4830	1.390	0
176628	21.446	-0.464	-22.296	-0.37	-0.60	-0.35	0.023	-0.011	-0.010	-0.000	-0.000	0.000	0.1200	-0.1200	-0.1200	0.0000	0.0000	0.0000	0	1.00	0.2624	0.2264	-0.4830	1.390	0
176636	21.442	-0.475	-22.303	0.17	-0.83	-0.66	0.036	0.002	-0.012	-0.000	-0.000	0.000	0.1200	-0.1200	-0.1200	0.0000	0.0000	0.0000	0	1.00	0.2624	0.2264	-0.4830	1.390	0
176644	21.439	-0.482	-22.306	-0.69	-0.24	-0.60	0.031	0.017	-0.035	0.000	-0.000	0.000	0.1200	-0.1200	-0.1200	0.0000	0.0000	0.0000	0	1.00	0.2624	0.2264	-0.4830	1.390	0
176652	21.436	-0.488	-22.309	-0.79	-0.08	-0.35	0.031	0.055	-0.039	0.000	-0.000	0.000	0.1200	-0.1200	-0.1200	0.0000	0.0000	0.0000	0	1.00	0.2624	0.2264	-0.4830	1.390	0
176660	21.438	-0.486	-22.309	-0.30	-0.07	-0.42	0.025	0.070	-0.038	0.000	-0.000	0.000	0.1200	-0.1200	-0.1200	0.0000	0.0000	0.0000	0	1.00	0.2624	0.2264	-0.4830	1.390	0
176668	21.433	-0.492	-22.309	-0.43	0.18	-0.34	0.030	0.047	-0.034	0.000	-0.000	0.000	0.1200	-0.1200	-0.1200	0.0000	0.0000	0.0000	0	1.00	0.2624	0.2264	-0.4830	1.390	0
176676	21.432	-0.490	-22.306	-0.32	0.29	-0.23	0.000	0.047	-0.033	0.000	0.000	0.000	0.1200	-0.1200	-0.1200	0.0000	0.0000	0.0000	0	1.00	0.2624	0.2264	-0.4830	1.390	0
176684	21.430	-0.489	-22.304	-0.24	0.30	-0.22	-0.008	0.013	-0.007	0.000	0.000	0.000	0.1200	-0.1200	-0.1200	0.0000	0.0000	0.0000	0	1.00	0.2624	0.2264	-0.4830	1.390	0
176692	21.433	-0.484	-22.302	-0.59	0.58	-0.46	-0.013	0.001	0.001	0.000	0.000	-0.000	0.1200	-0.1200	-0.1200	0.0000	0.0000	0.0000	0	1.00	0.2624	0.2264	-0.4830	1.390	0
176700	21.432	-0.482	-22.299	-0.36	0.51	-0.53	-0.032	-0.010	0.018	0.000	0.000	0.000	0.1200	-0.1200	-0.1200	0.0000	0.0000	0.0000	0	1.00	0.2624	0.2264	-0.4830	1.390	0
176708	21.431	-0.482	-22.298	-0.40	0.65	-0.30	-0.021	-0.020	0.035	0.000	0.000	0.000	0.1200	-0.1200	-0.1200	0.0000	0.0000	0.0000	0	1.00	0.2624	0.2264	-0.4830	1.390	0
176715	21.437	-0.475	-22.298	-0.27	0.35	-0.34	-0.044	-0.002	0.030	0.000	0.000	0.000	0.1200	-0.1200	-0.1200	0.0000	0.0000	0.0000	0	1.00	0.2624	0.2264	-0.4830	1.390	0
176724	21.445	-0.466	-22.297	-0.20	0.64	-0.49	-0.035	-0.024	0.034	-0.000	-0.000	0.000	0.1200	-0.1200	-0.1200	0.0000	0.0000	0.0000	0	1.00	0.2624	0.2264	-0.4830	1.390	0
176732	21.450	-0.461	-22.298	-0.60	0.60	-0.36	-0.032	0.002	0.029	-0.000	-0.000	0.000	0.1200	-0.1200	-0.1200	0.0000	0.0000	0.0000	0	1.00	0.2624	0.2264	-0.4830	1.390	0
176739	21.448	-0.458	-22.294	-0.55	0.44	-0.26	-0.026	-0.021	0.035	-0.000	-0.000	0.000	0.1200	-0.1200	-0.1200	0.0000	0.0000	0.0000	0	1.00	0.2624	0.2264	-0.4830	1.390	0
176747	21.451	-0.457	-22.296	-0.27	0.31	-0.30	-0.013	0.002	0.014	-0.000	-0.000	0.000	0.1200	-0.1200	-0.1200	0.0000	0.0000	0.0000	0	1.00	0.2624	0.2264	-0.4830	1.390	0
176755	21.447	-0.458	-22.292	-0.56	0.24	-0.37	-0.003	0.012	0.011	-0.000	-0.000	0.000	0.1200	-0.1200	-0.1200	0.0000	0.0000	0.0000	0	1.00	0.2624	0.2264	-0.4830	1.390	0
176763	21.446	-0.456	-22.290	-0.26	0.08	-0.19	0.016	0.022	0.002	-0.000	-0.000	0.000	0.1200	-0.1200	-0.1200	0.0000	0.0000	0.0000	0	1.00	0.2624	0.2264	-0.4830	1.390	0
176771	21.444	-0.458	-22.290	-0.61	0.27	-0.34	0.029	0.004	-0.016	-0.000	-0.000	0.000	0.1200	-0.1200	-0.1200	0.0000	0.0000	0.0000	0	1.00	0.2624	0.2264	-0.4830	1.390	0
176779	21.448	-0.453	-22.289	-0.35	0.06	-0.81	0.036	0.011	-0.023	-0.000	-0.000	0.000	0.1200	-0.1200	-0.1200	0.0000	0.0000	0.0000	0	1.00	0.2624	0.2264	-0.4830	1.390	0
176787	21.452	-0.449	-22.290	-0.05	0.30	-0.31	0.028	0.016	-0.019	0.000	-0.000	0.000	0.1200	-0.1176	-0.1200	0.0000	0.0000	0.0000	0	1.00	0.2624	0.2264	-0.4830	1.390	0
176795	21.455	-0.444	-22.288	-0.55	0.31	-0.56	0.013	-0.002	-0.041	0.000	-0.000	0.000	0.1200	-0.1200	-0.1200	0.0000	0.0000	0.0000	0	1.00	0.2624	0.2264	-0.4830	1.390	0
176803	21.456	-0.439	-22.284	-0.70	0.39	-0.48	0.014	-0.009	-0.027	0.000	-0.000	0.000	0.1200	-0.1200	-0.1200	0.0000	0.0000	0.0000	0	1.00	0.2624	0.2264	-0.4830	1.390	0
176810	21.461	-0.438	-22.288	-0.41	0.32	-0.29	-0.006	-0.027	-0.037	0.000	-0.000	0.000	0.1200	-0.1200	-0.1200	0.0000	0.0000	0.0000	0	1.00	0.2624	0.2264	-0.4830	1.390	0
176818	21.459	-0.436	-22.285	-0.23	0.09	-0.44	-0.023	-0.028	-0.011	0.000	-0.000	0.000	0.1200	-0.1200	-0.1200	0.0000	0.0000	0.0000	0	1.00	0.2624	0.2264	-0.4830	1.390	0
176826	21.462	-0.432	-22.284	-0.36	0.26	-0.27	-0.017	-0.015	-0.001	0.000	-0.000	0.000	0.1200	-0.1200	-0.1200	0.0000	0.0000	0.0000	0	1.00	0.2624	0.2264	-0.4830	1.390	0
176834	21.454	-0.438	-22.281	-0.38	0.07	-0.28	-0.012	-0.023	0.001	0.000	-0.000	0.000	0.1200	-0.1200	-0.1200	0.0000	0.0000	0.0000	0	1.00	0.2624	0.2264	-0.4830	1.390	0
176842	21.452	-0.439	-22.280	-0.31	-0.05	-0.32	-0.027	-0.042	0.026	-0.000	-0.000	0.000	0.1200	-0.1200	-0.1200	0.0000	0.0000	0.0000	0	1.00	0.2624	0.2264	-0.4830	1.390	0
176850	21.456	-0.433	-22.279	-0.40	0.02	-0.42	0.004	-0.021	0.019	-0.000	-0.000	0.000	0.1200	-0.1200	-0.1200	0.0000	0.0000	0.0000	0	1.00	0.2624	0.2264	-0.4830	1.390	0
176858	21.458	-0.430	-22.277	-0.37	-0.23	-0.41	-0.001	0.010	0.028	-0.000	-0.000	0.000	0.1200	-0.1200	-0.1200	0.0000	0.0000	0.0000	0	1.00	0.2624	0.2264	-0.4830	1.390	0
176866	21.457	-0.430	-22.278	-0.38	-0.21	-0.30	0.009	0.016	0.018	-0.000	-0.000	0.000	0.1200	-0.1200	-0.1200	0.0000	0.0000	0.0000	0	1.00	0.2624	0.2264	-0.4830	1.390	0
176874	21.459	-0.426	-22.276	-0.09	-0.14	-0.24	-0.007	0.030	0.015	-0.000	-0.000	0.000	0.1200	-0.1193	-0.1200	0.0000	0.0000	0.0000	0	1.00	0.2624	0.2264	-0.4830	1.390	0
176882	21.458	-0.431	-22.280	-0.35	-0.11	-0.64	0.006	0.033	0.010	-0.000	-0.000	0.000	0.1200	-0.1200	-0.1200	0.0000	0.0000	0.0000	0	1.00	0.2624	0.2264	-0.4830	1.390	0
176890	21.462	-0.430	-22.282	-0.36	-0.16	-0.17	-0.003	0.022	0.000	-0.000	-0.000	0.000	0.1200	-0.1200	-0.1200	0.0000	0.0000	0.0000	0	1.00	0.2624	0.2264	-0.4830	1.390	0
176898	21.465	-0.428	-22.284	-0.63	0.16	-0.11	0.014	0.030	-0.011	-0.000	-0.000	0.000	0.1200	-0.1169	-0.1200	0.0000	0.0000	0.0000	0	1.00	0.2624	0.2264	-0.4830	1.390	0
176906	21.467	-0.428	-22.286	-0.40	0.11	-0.50	-0.014	-0.018	-0.022	-0.000	-0.000	0.000	0.1200	-0.1200	-0.1200	0.0000	0.0000	0.0000	0	1.00	0.2624	0.2264	-0.4830	1.390	0
176914	21.475	-0.428	-22.294	-0.67	0.29	-0.93	-0.007	0.011	-0.031	-0.000	0.000	0.000	0.1200	-0.1200	-0.1200	0.0000	0.0000	0.0000	0	1.00	0.2624	0.2264	-0.4830	1.390	0
176922	21.474	-0.428	-22.292	-0.28	0.41	-0.29	-0.014	-0.011	-0.041	-0.000	-0.000	0.000	0.1200	-0.1169	-0.1200	0.0000	0.0000	0.0000	0	1.00	0.2624	0.2264	-0.4830	1.390	0
176929	21.470	-0.427	-22.288	-0.77	0.15	0.05	-0.002	-0.004	-0.044	-0.000	-0.000	0.000	0.1200	-0.1200	-0.1200	0.0000	0.0000	0.0000	0	1.00	0.2624	0.2264	-0.4830	1.390	0
176937	21.479	-0.430	-22.300	-0.22	0.04	-0.40	-0.011	-0.010	-0.026	-0.000	-0.000	-0.000	0.1200	-0.1200	-0.1200	0.0000	0.0000	0.0000	0	1.00	0.2624	0.2264	-0.4830	1.390	0
176945	21.483	-0.426	-22.299	-0.10	0.30	-0.57	-0.013	-0.016	-0.014	-0.000	-0.000	-0.000	0.1200	-0.1200	-0.1200	0.0000	0.0000	0.0000	0	1.00	0.2624	0.2264	-0.4830	1.390	0
176953	21.472	-0.426	-22.289	-0.86	0.31	-0.13	0.000	-0.005	-0.016	-0.000	-0.000	-0.000	0.1200	-0.1200	-0.1200	0.0000	0.0000	0.0000	0	1.00	0.2624	0.2264	-0.4830	1.390	0
176961	21.468	-0.431	-22.288	-0.54	0.21	-0.14	-0.002	0.031	-0.003	-0.000	-0.000	-0.000	0.1200	-0.1159	-0.1200	0.0000	0.0000	0.0000	0	1.00	0.2624	0.2264	-0.4830	1.390	0
176969	21.475	-0.429	-22.295	-0.08	0.27	-0.34	-0.002	0.015	0.034	-0.000	-0.000	-0.000	0.1200	-0.1148	-0.1200	0.0000	0.0000	0.0000	0	1.00	0.2624	0.2264	-0.4830	1.390	0
176977	21.464	-0.431	-22.285	-0.28	0.11	-0.41	0.007	0.041	0.037	-0.000	0.000	-0.000	0.1200	-0.1168	-0.1200	0.0000	0.0000	0.0000	0	1.00	0.2624	0.2264	-0.4830	1.390	0
176985	21.459	-0.430	-22.279	-0.95	0.12	0.03	0.020	0.043	0.035	-0.000	0.000	0.000	0.1200	-0.1178	-0.1200	0.0000	0.0000	0.0000	0	1.00	0.2624	0.2264	-0.4830	1.390	0
176993	21.463	-0.427	-22.280	-0.47	0.12	-0.66	0.031	0.008	0.042	-0.000	0.000	0.000	0.1200	-0.1200	-0.1200	0.0000	0.0000	0.0000	0	1.00	0.2624	0.2264	-0.4830	1.390	0
177001	21.460	-0.431	-22.281	-0.04	0.13	-0.56	0.022	0.016	0.031	0.000	0.000	0.000	0.1200	-0.1191	-0.1200	0.0000	0.0000	0.0000	0	1.00	0.2624	0.2264	-0.4830	1.390	0
177009	21.454	-0.440	-22.284	-0.40	-0.11	-0.29	0.007	0.001	0.025	0.000	0.000	0.000	0.1200	-0.1200	-0.1200	0.0000	0.0000	0.0000	0	1.00	0.2624	0.2264	-0.4830	1.390	0
177017	21.458	-0.441	-22.288	-0.62	-0.15	-0.24	0.011	-0.016	0.010	0.000	0.000	0.000	0.1200	-0.1200	-0.1200	0.0000	0.0000	0.0000	0	1.00	0.2624	0.2264	-0.4830	1.390	0
177025	21.466	-0.440	-22.295	-0.33	0.09	-0.35	-0.002	0.013	-0.010	0.000	0.000	0.000	0.1200	-0.1200	-0.1200	0.0000	0.0000	0.0000	0	1.00	0.2624	0.2264	-0.4830	1.390	0
177033	21.469	-0.444	-22.301	0.02	-0.04	-0.57	-0.008	-0.015	-0.023	0.000	0.000	0.000	0.1200	-0.1200	-0.1200	0.0000	0.0000	0.0000	0	1.00	0.2624	0.2264	-0.4830	1.390	0
177041	21.477	-0.440	-22.306	-0.57	0.17	-0.18	-0.019	-0.018	-0.028	0.000	0.000	0.000	0.1200	-0.1200	-0.1200	0.0000	0.0000	0.0000	0	1.00	0.2624	0.2264	-0.4830	1.390	0
177049	21.489	-0.432	-22.311	-0.54	0.77	-0.71	-0.016	-0.031	-0.033	0.000	0.000	0.000	0.1200	-0.1188	-0.1200	0.0000	0.0000	0.0000	0	1.00	0.2624	0.2264	-0.4830	1.390	0
177058	21.489	-0.427	-22.307	-0.41	0.75	-0.29	-0.007	-0.029	-0.017	-0.000	-0.000	0.000	0.1200	-0.1138	-0.1200	0.0000	0.0000	0.0000	0	1.00	0.2624	0.2264	-0.4830	1.390	0
177066	21.490	-0.423	-22.304	-0.33	0.64	-0.15	-0.002	-0.034	-0.013	-0.000	-0.000	0.000	0.1200	-0.1141	-0.1200	0.0000	0.0000	0.0000	0	1.00	0.2624	0.2264	-0.4830	1.390	0
177074	21.489	-0.417	-22.297	-0.21	0.94	-0.36	-0.003	-0.008	0.003	-0.000	-0.000	0.000	0.1200	-0.1039	-0.1200	0.0000	0.0000	0.0000	0	1.00	0.2624	0.2264	-0.4830	1.390	0
177082	21.481	-0.412	-22.285	-0.71	0.90	-0.14	0.002	-0.014	0.022	-0.000	-0.000	0.000	0.1200	-0.1067	-0.1200	0.0000	0.0000	0.0000	0	1.00	0.2624	0.2264	-0.4830	1.390	0
177089	21.479	-0.407	-22.278	-0.69	0.63	-0.41	0.015	0.008	0.023	0.000	-0.000	0.000	0.1200	-0.1094	-0.1200	0.0000	0.0000	0.0000	0	1.00	0.2624	0.2264	-0.4830	1.390	0
177098	21.481	-0.404	-22.277	-0.28	0.33	-0.63	0.024	0.006	0.030	0.000	-0.000	0.000	0.1200	-0.1135	-0.1200	0.0000	0.0000	0.0000	0	1.00	0.2624	0.2264	-0.4830	1.390	0
177106	21.475	-0.403	-22.270	-0.04	0.24	-0.37	0.020	0.045	0.019	0.000	-0.000	0.000	0.1200	-0.1061	-0.1200	0.0000	0.0000	0.0000	0	1.00	0.2624	0.2264	-0.4830	1.390	0
177114	21.466	-0.404	-22.262	-0.37	-0.12	0.22	0.017	0.038	0.001	0.000	0.000	0.000	0.1200	-0.1120	-0.1200	0.0000	0.0000	0.0000	0	1.00	0.2624	0.2264	-0.4830	1.390	0
177121	21.467	-0.407	-22.267	-0.08	-0.45	-0.37	0.012	0.026	0.001	0.000	0.000	0.000	0.1200	-0.1200	-0.1200	0.0000	0.0000	0.0000	0	1.00	0.2624	0.2264	-0.4830	1.390	0
177129	21.471	-0.404	-22.268	-0.14	-0.41	-0.67	-0.008	0.025	0.011	0.000	0.000	0.000	0.1200	-0.1200	-0.1200	0.0000	0.0000	0.0000	0	1.00	0.2624	0.2264	-0.4830	1.390	0
177137	21.468	-0.406	-22.266	-0.35	-0.20	-0.55	0.001	0.006	-0.009	0.000	0.000	0.000	0.1200	-0.1200	-0.1200	0.0000	0.0000	0.0000	0	1.00	0.2624	0.2264	-0.4830	1.390	0
177145	21.473	-0.408	-22.274	-0.45	-0.58	-0.07	-0.000	-0.004	-0.029	0.000	0.000	0.000	0.1200	-0.1200	-0.1200	0.0000	0.0000	0.0000	0	1.00	0.2624	0.2264	-0.4830	1.390	0
177153	21.487	-0.409	-22.288	-0.08	-0.14	-0.67	-0.017	-0.037	-0.020	0.000	0.000	0.000	0.1200	-0.1200	-0.1200	0.0000	0.0000	0.0000	0	1.00	0.2624	0.2264	-0.4830	1.390	0
177161	21.489	-0.410	-22.291	-0.26	-0.17	-0.26	-0.038	-0.051	-0.026	0.000	0.000	0.000	0.1200	-0.1200	-0.1200	0.0000	0.0000	0.0000	0	1.00	0.2624	0.2264	-0.4830	1.390	0
177169	21.491	-0.414	-22.297	-0.66	0.01	-0.35	-0.030	-0.023	-0.038	0.000	0.000	0.000	0.1200	-0.1200	-0.1200	0.0000	0.0000	0.0000	0	1.00	0.2624	0.2264	-0.4830	1.390	0
177177	21.498	-0.406	-22.296	-0.69	0.46	-0.24	-0.025	-0.009	-0.032	-0.000	-0.000	-0.000	0.1200	-0.1139	-0.1200	0.0000	0.0000	0.0000	0	1.00	0.2624	0.2264	-0.4830	1.390	0
177185	21.492	-0.404	-22.289	-0.20	0.35	-0.52	-0.024	-0.035	0.003	-0.000	-0.000	-0.000	0.1200	-0.1177	-0.1200	0.0000	0.0000	0.0000	0	1.00	0.2624	0.2264	-0.4830	1.390	0
177193	21.481	-0.405	-22.278	-0.30	0.10	-0.17	-0.025	-0.012	0.004	-0.000	-0.000	-0.000	0.1200	-0.1176	-0.1200	0.0000	0.0000	0.0000	0	1.00	0.2624	0.2264	-0.4830	1.390	0
177201	21.476	-0.399	-22.268	-0.44	0.62	0.09	-0.007	0.018	0.006	-0.000	-0.000	-0.000	0.1200	-0.1007	-0.1200	0.0000	0.0000	0.0000	0	1.00	0.2624	0.2264	-0.4830	1.390	0
177209	21.472	-0.388	-22.255	-0.34	0.52	-0.34	-0.003	0.010	0.016	-0.000	-0.000	-0.000	0.1200	-0.1040	-0.1200	0.0000	0.0000	0.0000	0	1.00	0.2624	0.2264	-0.4830	1.390	0
177217	21.469	-0.388	-22.251	-0.32	0.75	-0.38	0.017	0.043	0.018	-0.000	-0.000	0.000	0.1200	-0.0952	-0.1200	0.0000	0.0000	0.0000	0	1.00	0.2624	0.2264	-0.4830	1.390	0
177225	21.469	-0.381	-22.245	-0.36	0.27	-0.59	0.018	0.020	0.031	-0.000	0.000	0.000	0.1200	-0.1079	-0.1200	0.0000	0.0000	0.0000	0	1.00	0.2624	0.2264	-0.4830	1.390	0
177232	21.473	-0.378	-22.246	-0.15	0.36	-0.25	0.024	0.034	0.019	-0.000	0.000	0.000	0.1200	-0.0997	-0.1200	0.0000	0.0000	0.0000	0	1.00	0.2624	0.2264	-0.4830	1.390	0
177240	21.477	-0.382	-22.253	-0.16	0.07	-0.28	0.013	0.017	0.019	0.000	0.000	0.000	0.1200	-0.1086	-0.1200	0.0000	0.0000	0.0000	0	1.00	0.2624	0.2264	-0.4830	1.390	0
177248	21.486	-0.377	-22.258	-0.13	-0.01	-0.44	0.022	0.007	0.000	0.000	0.000	0.000	0.1200	-0.1116	-0.1200	0.0000	0.0000	0.0000	0	1.00	0.2624	0.2264	-0.4830	1.390	0
177256	21.495	-0.375	-22.266	-0.47	-0.13	-0.40	0.016	-0.013	0.010	0.000	0.000	0.000	0.1200	-0.1192	-0.1200	0.0000	0.0000	0.0000	0	1.00	0.2624	0.2264	-0.4830	1.390	0
177264	21.501	-0.378	-22.274	-0.49	-0.36	-0.37	0.013	-0.045	-0.007	0.000	0.000	0.000	0.1200	-0.1200	-0.1200	0.0000	0.0000	0.0000	0	1.00	0.2624	0.2264	-0.4830	1.390	0
177272	21.504	-0.378	-22.277	-0.39	-0.36	-0.03	-0.002	-0.038	-0.022	0.000	0.000	0.000	0.1200	-0.1200	-0.1200	0.0000	0.0000	0.0000	0	1.00	0.2624	0.2264	-0.4830	1.390	0
177280	21.508	-0.373	-22.277	-0.28	-0.21	-0.40	0.008	-0.034	-0.026	0.000	-0.000	0.000	0.1200	-0.1200	-0.1200	0.0000	0.0000	0.0000	0	1.00	0.2624	0.2264	-0.4830	1.390	0
177288	21.513	-0.371	-22.280	-0.46	0.11	-0.33	-0.026	-0.063	-0.016	0.000	-0.000	0.000	0.1200	-0.1183	-0.1200	0.0000	0.0000	0.0000	0	1.00	0.2624	0.2264	-0.4830	1.390	0
177295	21.511	-0.372	-22.279	-0.80	0.03	-0.33	-0.028	-0.041	-0.009	0.000	-0.000	0.000	0.1200	-0.1200	-0.1200	0.0000	0.0000	0.0000	0	1.00	0.2624	0.2264	-0.4830	1.390	0
177303	21.508	-0.367	-22.271	-0.66	0.25	-0.28	-0.028	-0.018	0.007	-0.000	-0.000	0.000	0.1200	-0.1111	-0.1200	0.0000	0.0000	0.0000	0	1.00	0.2624	0.2264	-0.4830	1.390	0
177311	21.506	-0.370	-22.272	-0.54	0.19	-0.43	-0.032	0.010	0.008	-0.000	-0.000	0.000	0.1200	-0.1088	-0.1200	0.0000	0.0000	0.0000	0	1.00	0.2624	0.2264	-0.4830	1.390	0
# unknown. use: a<0/1> (arm)  m<0/1> (mode edge/corner)  g<0..1> (gain)  c (corner resolve)  e (edge resolve)  o<deg> (edge trim)  h<0/1> (halt)  d<N> (decim)  l<0/1> (link)  s (state)  k (keepalive)
177321	21.494	-0.371	-22.261	-0.38	-0.21	-0.30	-0.018	0.022	0.007	-0.000	-0.000	0.000	0.1200	-0.1128	-0.1200	0.0000	0.0000	0.0000	0	1.00	0.2624	0.2264	-0.4830	1.390	0
177329	21.489	-0.364	-22.249	-0.41	0.11	-0.07	-0.013	0.033	0.009	-0.000	-0.000	0.000	0.1200	-0.1021	-0.1200	0.0000	0.0000	0.0000	0	1.00	0.2624	0.2264	-0.4830	1.390	0
177337	21.492	-0.364	-22.252	-0.33	-0.10	-0.46	-0.008	0.055	0.007	-0.000	0.000	0.000	0.1200	-0.1066	-0.1200	0.0000	0.0000	0.0000	0	1.00	0.2624	0.2264	-0.4830	1.390	0
177345	21.491	-0.358	-22.247	-0.42	0.23	-0.81	0.001	0.060	0.017	-0.000	0.000	0.000	0.1200	-0.1019	-0.1200	0.0000	0.0000	0.0000	0	1.00	0.2624	0.2264	-0.4830	1.390	0
177353	21.484	-0.355	-22.236	-0.66	0.41	-0.12	0.031	0.015	-0.001	-0.000	0.000	0.000	0.1200	-0.0992	-0.1200	0.0000	0.0000	0.0000	0	1.00	0.2624	0.2264	-0.4830	1.390	0
177361	21.492	-0.358	-22.246	-0.54	0.47	-0.40	0.047	-0.003	-0.020	-0.000	0.000	0.000	0.1200	-0.1027	-0.1200	0.0000	0.0000	0.0000	0	1.00	0.2624	0.2264	-0.4830	1.390	0
177369	21.502	-0.355	-22.254	0.15	0.30	-0.49	0.051	-0.016	-0.023	0.000	0.000	0.000	0.1200	-0.1032	-0.1200	0.0000	0.0000	0.0000	0	1.00	0.2624	0.2264	-0.4830	1.390	0
177377	21.507	-0.347	-22.252	-0.42	0.56	-0.40	0.049	-0.021	-0.018	0.000	0.000	0.000	0.1200	-0.1007	-0.1200	0.0000	0.0000	0.0000	0	1.00	0.2624	0.2264	-0.4830	1.390	0
177384	21.506	-0.353	-22.256	-0.53	0.44	0.25	0.036	-0.004	-0.024	0.000	0.000	0.000	0.1200	-0.0977	-0.1200	0.0000	0.0000	0.0000	0	1.00	0.2624	0.2264	-0.4830	1.390	0
177392	21.518	-0.349	-22.264	-0.29	-0.28	-0.64	0.028	-0.024	-0.019	0.000	0.000	-0.000	0.1200	-0.1187	-0.1200	0.0000	0.0000	0.0000	0	1.00	0.2624	0.2264	-0.4830	1.390	0
177400	21.518	-0.351	-22.267	-0.23	0.19	-0.86	0.013	-0.011	-0.012	0.000	0.000	-0.000	0.1200	-0.1090	-0.1200	0.0000	0.0000	0.0000	0	1.00	0.2624	0.2264	-0.4830	1.390	0
177408	21.510	-0.359	-22.265	-0.45	-0.41	-0.25	-0.004	-0.035	-0.007	0.000	-0.000	-0.000	0.1200	-0.1200	-0.1200	0.0000	0.0000	0.0000	0	1.00	0.2624	0.2264	-0.4830	1.390	0
177416	21.507	-0.361	-22.265	-0.71	-0.65	-0.06	-0.028	-0.021	-0.009	0.000	-0.000	-0.000	0.1200	-0.1200	-0.1200	0.0000	0.0000	0.0000	0	1.00	0.2624	0.2264	-0.4830	1.390	0
177424	21.504	-0.360	-22.260	-0.26	-0.75	-0.42	-0.051	0.014	0.003	0.000	-0.000	-0.000	0.1200	-0.1200	-0.1200	0.0000	0.0000	0.0000	0	1.00	0.2624	0.2264	-0.4830	1.390	0
177432	21.495	-0.368	-22.258	-0.58	-0.63	-0.73	-0.061	0.045	0.019	0.000	0.000	-0.000	0.1200	-0.1200	-0.1200	0.0000	0.0000	0.0000	0	1.00	0.2624	0.2264	-0.4830	1.390	0
177440	21.487	-0.376	-22.259	-0.50	-1.23	-0.12	-0.049	0.019	0.016	-0.000	0.000	-0.000	0.1200	-0.1200	-0.1200	0.0000	0.0000	0.0000	0	1.00	0.2624	0.2264	-0.4830	1.390	0
177448	21.491	-0.377	-22.264	-0.20	-0.62	-0.28	-0.044	0.034	0.023	-0.000	0.000	0.000	0.1200	-0.1191	-0.1200	0.0000	0.0000	0.0000	0	1.00	0.2624	0.2264	-0.4830	1.390	0
177456	21.488	-0.392	-22.273	-0.56	-0.38	-0.48	-0.011	0.028	0.034	-0.000	0.000	0.000	0.1200	-0.1200	-0.1200	0.0000	0.0000	0.0000	0	1.00	0.2624	0.2264	-0.4830	1.390	0
177464	21.487	-0.406	-22.285	-0.22	-0.30	-0.48	0.007	0.006	0.032	-0.000	0.000	0.000	0.1200	-0.1200	-0.1200	0.0000	0.0000	0.0000	0	1.00	0.2624	0.2264	-0.4830	1.390	0
177472	21.487	-0.408	-22.287	-0.29	-0.13	-0.05	0.039	0.022	0.023	-0.000	0.000	0.000	0.1200	-0.1166	-0.1200	0.0000	0.0000	0.0000	0	1.00	0.2624	0.2264	-0.4830	1.390	0
177479	21.489	-0.412	-22.293	-0.42	0.47	-0.32	0.060	-0.046	0.001	-0.000	0.000	0.000	0.1200	-0.1183	-0.1200	0.0000	0.0000	0.0000	0	1.00	0.2624	0.2264	-0.4830	1.390	0
177487	21.491	-0.407	-22.290	-0.30	0.40	-0.47	0.060	-0.043	-0.000	0.000	0.000	0.000	0.1200	-0.1185	-0.1200	0.0000	0.0000	0.0000	0	1.00	0.2624	0.2264	-0.4830	1.390	0
177495	21.495	-0.399	-22.287	-0.31	0.53	-0.17	0.063	-0.040	-0.017	0.000	0.000	0.000	0.1200	-0.1118	-0.1200	0.0000	0.0000	0.0000	0	1.00	0.2624	0.2264	-0.4830	1.390	0
177503	21.496	-0.396	-22.285	-0.27	0.90	-0.15	0.053	-0.060	-0.015	0.000	0.000	0.000	0.1200	-0.1053	-0.1200	0.0000	0.0000	0.0000	0	1.00	0.2624	0.2264	-0.4830	1.390	0
177511	21.496	-0.395	-22.285	-0.42	0.51	-0.36	0.035	-0.012	-0.012	0.000	-0.000	0.000	0.1200	-0.1099	-0.1200	0.0000	0.0000	0.0000	0	1.00	0.2624	0.2264	-0.4830	1.390	0
177519	21.499	-0.388	-22.281	-0.09	0.57	-0.21	0.008	-0.007	-0.014	0.000	-0.000	0.000	0.1200	-0.1030	-0.1200	0.0000	0.0000	0.0000	0	1.00	0.2624	0.2264	-0.4830	1.390	0
177527	21.500	-0.387	-22.281	0.02	0.18	-0.35	-0.023	-0.012	-0.007	0.000	-0.000	0.000	0.1200	-0.1116	-0.1200	0.0000	0.0000	0.0000	0	1.00	0.2624	0.2264	-0.4830	1.390	0
177535	21.502	-0.384	-22.280	-0.39	0.31	-0.39	-0.048	0.008	-0.012	0.000	-0.000	0.000	0.1200	-0.1082	-0.1200	0.0000	0.0000	0.0000	0	1.00	0.2624	0.2264	-0.4830	1.390	0
177543	21.499	-0.379	-22.273	-0.69	0.17	-0.27	-0.082	0.017	-0.005	0.000	-0.000	0.000	0.1200	-0.1097	-0.1200	0.0000	0.0000	0.0000	0	1.00	0.2624	0.2264	-0.4830	1.390	0
177551	21.498	-0.380	-22.272	-0.25	-0.05	-0.49	-0.085	0.020	-0.003	-0.000	-0.000	0.000	0.1200	-0.1121	-0.1200	0.0000	0.0000	0.0000	0	1.00	0.2624	0.2264	-0.4830	1.390	0
177559	21.499	-0.378	-22.272	-0.03	0.07	-0.63	-0.081	0.039	0.006	-0.000	0.000	0.000	0.1200	-0.1064	-0.1200	0.0000	0.0000	0.0000	0	1.00	0.2624	0.2264	-0.4830	1.390	0
177567	21.500	-0.374	-22.269	-0.40	-0.06	-0.33	-0.058	0.015	0.007	-0.000	0.000	0.000	0.1200	-0.1119	-0.1200	0.0000	0.0000	0.0000	0	1.00	0.2624	0.2264	-0.4830	1.390	0
177575	21.499	-0.372	-22.266	-0.58	0.02	-0.34	-0.024	0.012	0.007	-0.000	0.000	0.000	0.1200	-0.1118	-0.1200	0.0000	0.0000	0.0000	0	1.00	0.2624	0.2264	-0.4830	1.390	0
177583	21.495	-0.377	-22.267	-0.22	-0.47	-0.31	0.007	-0.026	0.009	-0.000	0.000	0.000	0.1200	-0.1200	-0.1200	0.0000	0.0000	0.0000	0	1.00	0.2624	0.2264	-0.4830	1.390	0
177591	21.500	-0.373	-22.268	-0.03	-0.01	-0.11	0.030	-0.024	0.003	-0.000	0.000	0.000	0.1200	-0.1126	-0.1200	0.0000	0.0000	0.0000	0	1.00	0.2624	0.2264	-0.4830	1.390	0
177599	21.498	-0.375	-22.268	-0.22	0.29	-0.33	0.075	-0.036	-0.007	-0.000	-0.000	0.000	0.1200	-0.1118	-0.1200	0.0000	0.0000	0.0000	0	1.00	0.2624	0.2264	-0.4830	1.390	0
177607	21.498	-0.379	-22.271	-0.14	0.05	-0.39	0.092	-0.026	-0.009	-0.000	-0.000	0.000	0.1200	-0.1158	-0.1200	0.0000	0.0000	0.0000	0	1.00	0.2624	0.2264	-0.4830	1.390	0
177614	21.505	-0.371	-22.272	-0.40	0.58	-0.55	0.084	-0.030	-0.010	0.000	-0.000	0.000	0.1200	-0.1076	-0.1200	0.0000	0.0000	0.0000	0	1.00	0.2624	0.2264	-0.4830	1.390	0
177623	21.506	-0.370	-22.272	-0.04	0.83	-0.21	0.067	-0.038	0.005	0.000	-0.000	0.000	0.1200	-0.0982	-0.1200	0.0000	0.0000	0.0000	0	1.00	0.2624	0.2264	-0.4830	1.390	0
177630	21.509	-0.369	-22.274	-0.22	0.24	-0.29	0.042	0.024	0.004	0.000	-0.000	0.000	0.1200	-0.1021	-0.1200	0.0000	0.0000	0.0000	0	1.00	0.2624	0.2264	-0.4830	1.390	0
177638	21.508	-0.363	-22.267	-0.65	0.54	-0.25	0.021	0.004	0.004	0.000	-0.000	0.000	0.1200	-0.1011	-0.1200	0.0000	0.0000	0.0000	0	1.00	0.2624	0.2264	-0.4830	1.390	0
177646	21.518	-0.352	-22.267	-0.22	0.37	-0.42	-0.015	0.036	0.008	0.000	-0.000	0.000	0.1200	-0.0953	-0.1200	0.0000	0.0000	0.0000	0	1.00	0.2624	0.2264	-0.4830	1.390	0
177654	21.514	-0.353	-22.265	-0.25	0.21	-0.32	-0.045	0.049	-0.003	0.000	-0.000	0.000	0.1200	-0.0972	-0.1200	0.0000	0.0000	0.0000	0	1.00	0.2624	0.2264	-0.4830	1.390	0
177663	21.511	-0.352	-22.261	-0.59	0.12	-0.32	-0.065	0.048	0.011	0.000	0.000	0.000	0.1200	-0.1012	-0.1200	0.0000	0.0000	0.0000	0	1.00	0.2624	0.2264	-0.4830	1.390	0
177670	21.514	-0.347	-22.259	-0.18	-0.11	-0.29	-0.081	0.048	0.004	0.000	0.000	0.000	0.1200	-0.1013	-0.1200	0.0000	0.0000	0.0000	0	1.00	0.2624	0.2264	-0.4830	1.390	0
177678	21.509	-0.349	-22.256	-0.38	0.14	-0.65	-0.076	0.049	0.007	-0.000	0.000	0.000	0.1200	-0.1009	-0.1200	0.0000	0.0000	0.0000	0	1.00	0.2624	0.2264	-0.4830	1.390	0
177686	21.508	-0.353	-22.258	-0.28	-0.22	-0.40	-0.063	0.001	0.006	-0.000	0.000	0.000	0.1200	-0.1123	-0.1200	0.0000	0.0000	0.0000	0	1.00	0.2624	0.2264	-0.4830	1.390	0
177694	21.508	-0.352	-22.258	-0.40	-0.19	-0.20	-0.030	0.032	0.005	-0.000	0.000	0.000	0.1200	-0.1066	-0.1200	0.0000	0.0000	0.0000	0	1.00	0.2624	0.2264	-0.4830	1.390	0
177702	21.503	-0.363	-22.262	0.13	-0.36	-0.03	-0.001	0.012	0.005	-0.000	0.000	0.000	0.1200	-0.1100	-0.1200	0.0000	0.0000	0.0000	0	1.00	0.2624	0.2264	-0.4830	1.390	0
177710	21.499	-0.365	-22.261	-0.26	-0.22	0.11	0.036	-0.022	-0.009	-0.000	0.000	0.000	0.1200	-0.1149	-0.1200	0.0000	0.0000	0.0000	0	1.00	0.2624	0.2264	-0.4830	1.390	0
177718	21.496	-0.370	-22.262	-0.47	-0.18	-0.36	0.058	-0.034	-0.013	-0.000	0.000	0.000	0.1200	-0.1200	-0.1200	0.0000	0.0000	0.0000	0	1.00	0.2624	0.2264	-0.4830	1.390	0
177726	21.494	-0.372	-22.261	-0.28	0.07	-0.37	0.082	-0.077	-0.017	-0.000	0.000	0.000	0.1200	-0.1189	-0.1200	0.0000	0.0000	0.0000	0	1.00	0.2624	0.2264	-0.4830	1.390	0
177734	21.490	-0.377	-22.261	-0.28	0.15	-0.46	0.076	-0.083	-0.011	0.000	-0.000	0.000	0.1200	-0.1191	-0.1200	0.0000	0.0000	0.0000	0	1.00	0.2624	0.2264	-0.4830	1.390	0
177743	21.494	-0.375	-22.265	-0.52	0.15	-0.20	0.076	-0.027	-0.003	0.000	-0.000	0.000	0.1200	-0.1148	-0.1200	0.0000	0.0000	0.0000	0	1.00	0.2624	0.2264	-0.4830	1.390	0
177751	21.494	-0.377	-22.266	-0.33	0.05	-0.30	0.036	-0.010	0.013	0.000	-0.000	0.000	0.1200	-0.1139	-0.1200	0.0000	0.0000	0.0000	0	1.00	0.2624	0.2264	-0.4830	1.390	0
177758	21.497	-0.376	-22.268	-0.25	-0.35	-0.19	0.010	0.013	0.007	0.000	-0.000	0.000	0.1200	-0.1162	-0.1200	0.0000	0.0000	0.0000	0	1.00	0.2624	0.2264	-0.4830	1.390	0
177766	21.499	-0.371	-22.266	-0.47	0.08	-0.62	0.002	0.054	0.008	0.000	-0.000	0.000	0.1200	-0.1067	-0.1200	0.0000	0.0000	0.0000	0	1.00	0.2624	0.2264	-0.4830	1.390	0
177774	21.498	-0.372	-22.266	-0.47	-0.13	-0.40	-0.041	0.033	-0.018	0.000	-0.000	0.000	0.1200	-0.1115	-0.1200	0.0000	0.0000	0.0000	0	1.00	0.2624	0.2264	-0.4830	1.390	0
177783	21.493	-0.379	-22.267	-0.72	0.03	-0.32	-0.049	0.051	-0.004	0.000	0.000	0.000	0.1200	-0.1092	-0.1200	0.0000	0.0000	0.0000	0	1.00	0.2624	0.2264	-0.4830	1.390	0
177791	21.490	-0.379	-22.264	-0.62	0.24	-0.63	-0.071	0.038	0.002	0.000	0.000	0.000	0.1200	-0.1078	-0.1200	0.0000	0.0000	0.0000	0	1.00	0.2624	0.2264	-0.4830	1.390	0
177798	21.486	-0.386	-22.266	-0.31	-0.19	-0.19	-0.061	0.029	-0.003	0.000	0.000	0.000	0.1200	-0.1131	-0.1200	0.0000	0.0000	0.0000	0	1.00	0.2624	0.2264	-0.4830	1.390	0
177806	21.486	-0.384	-22.264	-0.33	-0.24	-0.33	-0.062	0.006	0.002	-0.000	0.000	0.000	0.1200	-0.1183	-0.1200	0.0000	0.0000	0.0000	0	1.00	0.2624	0.2264	-0.4830	1.390	0
177814	21.487	-0.380	-22.262	-0.53	0.08	-0.45	-0.037	-0.011	0.006	-0.000	0.000	0.000	0.1200	-0.1166	-0.1200	0.0000	0.0000	0.0000	0	1.00	0.2624	0.2264	-0.4830	1.390	0
177823	21.488	-0.379	-22.263	-0.41	-0.00	-0.27	-0.011	-0.018	0.013	-0.000	0.000	0.000	0.1200	-0.1170	-0.1200	0.0000	0.0000	0.0000	0	1.00	0.2624	0.2264	-0.4830	1.390	0
177830	21.488	-0.380	-22.263	-0.48	0.25	-0.36	0.011	-0.032	0.014	-0.000	0.000	0.000	0.1200	-0.1153	-0.1200	0.0000	0.0000	0.0000	0	1.00	0.2624	0.2264	-0.4830	1.390	0
177838	21.490	-0.377	-22.262	-0.05	0.22	-0.22	0.024	-0.059	0.011	-0.000	0.000	0.000	0.1200	-0.1134	-0.1200	0.0000	0.0000	0.0000	0	1.00	0.2624	0.2264	-0.4830	1.390	0
177846	21.494	-0.371	-22.261	-0.59	0.36	-0.25	0.049	-0.057	0.001	-0.000	-0.000	0.000	0.1200	-0.1134	-0.1200	0.0000	0.0000	0.0000	0	1.00	0.2624	0.2264	-0.4830	1.390	0
177854	21.498	-0.364	-22.259	-0.13	0.34	-0.36	0.060	-0.032	0.015	0.000	-0.000	0.000	0.1200	-0.1078	-0.1200	0.0000	0.0000	0.0000	0	1.00	0.2624	0.2264	-0.4830	1.390	0
177862	21.504	-0.359	-22.260	-0.46	0.28	-0.51	0.061	0.000	0.005	0.000	-0.000	0.000	0.1200	-0.1064	-0.1200	0.0000	0.0000	0.0000	0	1.00	0.2624	0.2264	-0.4830	1.390	0
177870	21.507	-0.356	-22.260	-0.34	0.20	-0.33	0.042	0.003	-0.018	0.000	-0.000	0.000	0.1200	-0.1047	-0.1200	0.0000	0.0000	0.0000	0	1.00	0.2624	0.2264	-0.4830	1.390	0
177878	21.507	-0.355	-22.259	-0.50	0.03	-0.32	0.027	0.021	-0.012	0.000	-0.000	0.000	0.1200	-0.1058	-0.1200	0.0000	0.0000	0.0000	0	1.00	0.2624	0.2264	-0.4830	1.390	0
177886	21.503	-0.358	-22.258	-0.39	-0.04	-0.05	0.002	0.062	-0.018	0.000	-0.000	0.000	0.1200	-0.1012	-0.1200	0.0000	0.0000	0.0000	0	1.00	0.2624	0.2264	-0.4830	1.390	0
177894	21.501	-0.361	-22.258	-0.28	-0.13	-0.48	-0.037	0.056	-0.014	0.000	0.000	0.000	0.1200	-0.1062	-0.1200	0.0000	0.0000	0.0000	0	1.00	0.2624	0.2264	-0.4830	1.390	0
177902	21.501	-0.360	-22.258	-0.35	-0.13	-0.31	-0.047	0.052	-0.000	0.000	0.000	0.000	0.1200	-0.1055	-0.1200	0.0000	0.0000	0.0000	0	1.00	0.2624	0.2264	-0.4830	1.390	0
177909	21.499	-0.362	-22.257	-0.62	0.03	-0.41	-0.059	0.016	0.016	0.000	0.000	0.000	0.1200	-0.1096	-0.1200	0.0000	0.0000	0.0000	0	1.00	0.2624	0.2264	-0.4830	1.390	0
177917	21.498	-0.364	-22.258	-0.52	-0.02	-0.46	-0.071	0.021	0.022	-0.000	0.000	0.000	0.1200	-0.1099	-0.1200	0.0000	0.0000	0.0000	0	1.00	0.2624	0.2264	-0.4830	1.390	0
177925	21.497	-0.368	-22.261	-0.62	0.03	-0.41	-0.051	-0.001	0.029	-0.000	0.000	0.000	0.1200	-0.1138	-0.1200	0.0000	0.0000	0.0000	0	1.00	0.2624	0.2264	-0.4830	1.390	0
177933	21.501	-0.363	-22.260	-0.25	0.16	-0.28	-0.038	-0.023	0.033	-0.000	0.000	0.000	0.1200	-0.1100	-0.1200	0.0000	0.0000	0.0000	0	1.00	0.2624	0.2264	-0.4830	1.390	0
177941	21.508	-0.357	-22.262	-0.29	0.22	-0.40	-0.016	-0.062	0.037	-0.000	0.000	0.000	0.1200	-0.1125	-0.1200	0.0000	0.0000	0.0000	0	1.00	0.2624	0.2264	-0.4830	1.390	0
177949	21.516	-0.354	-22.267	-0.17	0.02	-0.42	-0.000	-0.061	0.016	-0.000	-0.000	0.000	0.1200	-0.1149	-0.1200	0.0000	0.0000	0.0000	0	1.00	0.2624	0.2264	-0.4830	1.390	0
177957	21.520	-0.351	-22.269	-0.48	0.56	-0.23	0.026	-0.049	-0.000	-0.000	-0.000	0.000	0.1200	-0.1040	-0.1200	0.0000	0.0000	0.0000	0	1.00	0.2624	0.2264	-0.4830	1.390	0
177965	21.528	-0.344	-22.270	-0.27	0.37	-0.68	0.050	-0.015	-0.009	-0.000	-0.000	0.000	0.1200	-0.1039	-0.1200	0.0000	0.0000	0.0000	0	1.00	0.2624	0.2264	-0.4830	1.390	0
177973	21.527	-0.340	-22.266	-0.44	0.31	-0.65	0.058	0.003	-0.033	-0.000	-0.000	0.000	0.1200	-0.1024	-0.1200	0.0000	0.0000	0.0000	0	1.00	0.2624	0.2264	-0.4830	1.390	0
177981	21.522	-0.334	-22.255	-0.44	-0.08	-0.26	0.065	0.029	-0.044	0.000	-0.000	0.000	0.1200	-0.1020	-0.1200	0.0000	0.0000	0.0000	0	1.00	0.2624	0.2264	-0.4830	1.390	0
177988	21.517	-0.334	-22.249	-0.34	-0.39	-0.49	0.062	0.017	-0.045	0.000	-0.000	0.000	0.1200	-0.1104	-0.1200	0.0000	0.0000	0.0000	0	1.00	0.2624	0.2264	-0.4830	1.390	0
177997	21.507	-0.336	-22.242	-0.56	-0.51	-0.35	0.035	0.042	-0.045	0.000	-0.000	-0.000	0.1200	-0.1107	-0.1200	0.0000	0.0000	0.0000	0	1.00	0.2624	0.2264	-0.4830	1.390	0
178004	21.504	-0.337	-22.240	-0.00	-0.80	-0.30	0.007	0.067	-0.037	0.000	-0.000	-0.000	0.1200	-0.1105	-0.1200	0.0000	0.0000	0.0000	0	1.00	0.2624	0.2264	-0.4830	1.390	0
178012	21.503	-0.343	-22.245	-0.43	-0.77	-0.43	-0.008	0.039	-0.022	0.000	0.000	-0.000	0.1200	-0.1172	-0.1200	0.0000	0.0000	0.0000	0	1.00	0.2624	0.2264	-0.4830	1.390	0
178020	21.501	-0.350	-22.248	-0.27	-0.65	-0.40	-0.011	0.049	0.011	0.000	0.000	-0.000	0.1200	-0.1139	-0.1200	0.0000	0.0000	0.0000	0	1.00	0.2624	0.2264	-0.4830	1.390	0
178028	21.498	-0.361	-22.255	-0.37	-0.81	-0.13	-0.044	-0.005	0.030	0.000	0.000	-0.000	0.1200	-0.1200	-0.1200	0.0000	0.0000	0.0000	0	1.00	0.2624	0.2264	-0.4830	1.390	0
178036	21.497	-0.371	-22.264	0.03	-0.71	-0.63	-0.051	-0.032	0.046	0.000	0.000	-0.000	0.1200	-0.1200	-0.1200	0.0000	0.0000	0.0000	0	1.00	0.2624	0.2264	-0.4830	1.390	0
178044	21.498	-0.377	-22.270	-0.39	-0.35	-0.79	-0.053	-0.036	0.046	-0.000	0.000	0.000	0.1200	-0.1200	-0.1200	0.0000	0.0000	0.0000	0	1.00	0.2624	0.2264	-0.4830	1.390	0
178052	21.499	-0.382	-22.276	-0.25	-0.18	-0.36	-0.042	-0.033	0.049	-0.000	-0.000	0.000	0.1200	-0.1200	-0.1200	0.0000	0.0000	0.0000	0	1.00	0.2624	0.2264	-0.4830	1.390	0
178060	21.502	-0.383	-22.280	-0.41	-0.09	-0.19	-0.030	-0.050	0.028	-0.000	-0.000	0.000	0.1200	-0.1200	-0.1200	0.0000	0.0000	0.0000	0	1.00	0.2624	0.2264	-0.4830	1.390	0
178068	21.500	-0.387	-22.281	-0.53	-0.01	-0.36	-0.016	-0.057	0.015	-0.000	-0.000	0.000	0.1200	-0.1200	-0.1200	0.0000	0.0000	0.0000	0	1.00	0.2624	0.2264	-0.4830	1.390	0
178076	21.500	-0.386	-22.280	-0.04	0.09	-0.52	0.015	-0.013	-0.006	-0.000	-0.000	0.000	0.1200	-0.1148	-0.1200	0.0000	0.0000	0.0000	0	1.00	0.2624	0.2264	-0.4830	1.390	0
178084	21.498	-0.387	-22.279	-0.47	0.30	-0.40	0.034	-0.000	-0.024	-0.000	-0.000	0.000	0.1200	-0.1113	-0.1200	0.0000	0.0000	0.0000	0	1.00	0.2624	0.2264	-0.4830	1.390	0
178092	21.496	-0.388	-22.278	-0.44	0.13	-0.48	0.053	0.014	-0.042	-0.000	-0.000	0.000	0.1200	-0.1126	-0.1200	0.0000	0.0000	0.0000	0	1.00	0.2624	0.2264	-0.4830	1.390	0
178100	21.493	-0.387	-22.274	-0.25	-0.18	-0.36	0.061	0.008	-0.052	0.000	-0.000	0.000	0.1200	-0.1172	-0.1200	0.0000	0.0000	0.0000	0	1.00	0.2624	0.2264	-0.4830	1.390	0
178107	21.492	-0.388	-22.274	-0.08	0.31	-0.39	0.050	0.036	-0.052	0.000	-0.000	-0.000	0.1200	-0.1028	-0.1200	0.0000	0.0000	0.0000	0	1.00	0.2624	0.2264	-0.4830	1.390	0
178115	21.492	-0.394	-22.279	-0.39	0.13	-0.22	0.040	0.046	-0.037	0.000	-0.000	-0.000	0.1200	-0.1076	-0.1200	0.0000	0.0000	0.0000	0	1.00	0.2624	0.2264	-0.4830	1.390	0
178123	21.491	-0.391	-22.275	-0.24	0.52	-0.01	0.032	0.026	-0.035	0.000	-0.000	-0.000	0.1200	-0.0990	-0.1200	0.0000	0.0000	0.0000	0	1.00	0.2624	0.2264	-0.4830	1.390	0
178131	21.492	-0.390	-22.276	-0.91	0.48	-0.57	-0.001	0.021	-0.015	0.000	-0.000	-0.000	0.1200	-0.1095	-0.1200	0.0000	0.0000	0.0000	0	1.00	0.2624	0.2264	-0.4830	1.390	0
178139	21.494	-0.387	-22.275	-0.30	0.73	-0.49	-0.031	0.013	-0.007	0.000	0.000	-0.000	0.1200	-0.0998	-0.1200	0.0000	0.0000	0.0000	0	1.00	0.2624	0.2264	-0.4830	1.390	0
178147	21.494	-0.384	-22.273	-0.62	0.57	-0.22	-0.037	-0.011	0.007	0.000	0.000	-0.000	0.1200	-0.1068	-0.1200	0.0000	0.0000	0.0000	0	1.00	0.2624	0.2264	-0.4830	1.390	0
178155	21.496	-0.384	-22.275	-0.43	0.61	-0.34	-0.059	-0.018	0.028	0.000	0.000	-0.000	0.1200	-0.1065	-0.1200	0.0000	0.0000	0.0000	0	1.00	0.2624	0.2264	-0.4830	1.390	0
178163	21.502	-0.379	-22.276	-0.09	0.27	0.09	-0.060	-0.035	0.044	-0.000	-0.000	-0.000	0.1200	-0.1089	-0.1200	0.0000	0.0000	0.0000	0	1.00	0.2624	0.2264	-0.4830	1.390	0
178171	21.508	-0.375	-22.279	-0.39	0.26	-0.35	-0.049	-0.010	0.043	-0.000	-0.000	-0.000	0.1200	-0.1101	-0.1200	0.0000	0.0000	0.0000	0	1.00	0.2624	0.2264	-0.4830	1.390	0
178179	21.508	-0.376	-22.279	-0.54	0.05	-0.30	-0.023	0.001	0.036	-0.000	-0.000	0.000	0.1200	-0.1134	-0.1200	0.0000	0.0000	0.0000	0	1.00	0.2624	0.2264	-0.4830	1.390	0
178187	21.508	-0.377	-22.280	-0.37	0.03	-0.24	-0.005	0.006	0.021	-0.000	-0.000	0.000	0.1200	-0.1113	-0.1200	0.0000	0.0000	0.0000	0	1.00	0.2624	0.2264	-0.4830	1.390	0
178194	21.510	-0.374	-22.279	-0.32	0.13	-0.39	0.003	0.031	0.006	-0.000	-0.000	0.000	0.1200	-0.1058	-0.1200	0.0000	0.0000	0.0000	0	1.00	0.2624	0.2264	-0.4830	1.390	0
178202	21.504	-0.375	-22.274	-0.08	-0.58	-0.24	0.026	0.036	-0.008	-0.000	-0.000	0.000	0.1200	-0.1165	-0.1200	0.0000	0.0000	0.0000	0	1.00	0.2624	0.2264	-0.4830	1.390	0
178210	21.500	-0.372	-22.268	-0.59	-0.18	-0.45	0.035	0.035	-0.009	-0.000	-0.000	0.000	0.1200	-0.1135	-0.1200	0.0000	0.0000	0.0000	0	1.00	0.2624	0.2264	-0.4830	1.390	0
178218	21.499	-0.368	-22.262	-0.47	0.19	0.01	0.036	0.022	-0.022	-0.000	-0.000	0.000	0.1200	-0.1026	-0.1200	0.0000	0.0000	0.0000	0	1.00	0.2624	0.2264	-0.4830	1.390	0
178226	21.499	-0.364	-22.259	-0.36	0.14	-0.47	0.039	-0.006	-0.025	0.000	0.000	-0.000	0.1200	-0.1099	-0.1200	0.0000	0.0000	0.0000	0	1.00	0.2624	0.2264	-0.4830	1.390	0
178234	21.498	-0.363	-22.257	-0.44	0.33	-0.37	0.052	-0.023	-0.024	0.000	-0.000	-0.000	0.1200	-0.1086	-0.1200	0.0000	0.0000	0.0000	0	1.00	0.2624	0.2264	-0.4830	1.390	0
178242	21.499	-0.359	-22.255	-0.43	0.44	-0.17	0.042	0.009	-0.025	0.000	-0.000	-0.000	0.1200	-0.0990	-0.1200	0.0000	0.0000	0.0000	0	1.00	0.2624	0.2264	-0.4830	1.390	0
178250	21.499	-0.358	-22.255	-0.57	0.22	-0.65	0.033	-0.025	-0.008	0.000	-0.000	-0.000	0.1200	-0.1133	-0.1200	0.0000	0.0000	0.0000	0	1.00	0.2624	0.2264	-0.4830	1.390	0
178258	21.501	-0.356	-22.254	-0.32	0.21	-0.15	0.016	-0.014	0.006	0.000	-0.000	-0.000	0.1200	-0.1059	-0.1200	0.0000	0.0000	0.0000	0	1.00	0.2624	0.2264	-0.4830	1.390	0
178266	21.507	-0.352	-22.256	-0.18	0.06	-0.47	-0.005	-0.018	0.017	0.000	-0.000	-0.000	0.1200	-0.1097	-0.1200	0.0000	0.0000	0.0000	0	1.00	0.2624	0.2264	-0.4830	1.390	0
178274	21.508	-0.355	-22.260	-0.71	-0.01	-0.71	-0.026	-0.009	0.034	0.000	-0.000	-0.000	0.1200	-0.1159	-0.1200	0.0000	0.0000	0.0000	0	1.00	0.2624	0.2264	-0.4830	1.390	0
178282	21.507	-0.359	-22.263	-0.60	-0.03	-0.47	-0.032	0.014	0.032	0.000	-0.000	-0.000	0.1200	-0.1111	-0.1200	0.0000	0.0000	0.0000	0	1.00	0.2624	0.2264	-0.4830	1.390	0
178290	21.502	-0.365	-22.263	-0.47	-0.59	-0.26	-0.018	0.016	0.026	0.000	-0.000	0.000	0.1200	-0.1200	-0.1200	0.0000	0.0000	0.0000	0	1.00	0.2624	0.2264	-0.4830	1.390	0
178298	21.496	-0.372	-22.264	-0.56	-0.59	-0.59	-0.029	0.008	0.020	0.000	-0.000	0.000	0.1200	-0.1200	-0.1200	0.0000	0.0000	0.0000	0	1.00	0.2624	0.2264	-0.4830	1.390	0
178306	21.492	-0.376	-22.263	-0.40	-0.57	-0.14	-0.034	-0.005	0.024	0.000	-0.000	0.000	0.1200	-0.1200	-0.1200	0.0000	0.0000	0.0000	0	1.00	0.2624	0.2264	-0.4830	1.390	0
178314	21.490	-0.380	-22.265	-0.12	-0.65	-0.23	-0.015	-0.037	0.012	0.000	-0.000	0.000	0.1200	-0.1200	-0.1200	0.0000	0.0000	0.0000	0	1.00	0.2624	0.2264	-0.4830	1.390	0
178322	21.489	-0.382	-22.265	-0.44	-0.56	-0.22	0.002	-0.035	0.005	0.000	-0.000	0.000	0.1200	-0.1200	-0.1200	0.0000	0.0000	0.0000	0	1.00	0.2624	0.2264	-0.4830	1.390	0
178330	21.485	-0.383	-22.263	-0.32	-0.30	-0.39	0.019	-0.010	-0.017	0.000	-0.000	0.000	0.1200	-0.1200	-0.1200	0.0000	0.0000	0.0000	0	1.00	0.2624	0.2264	-0.4830	1.390	0
178338	21.485	-0.387	-22.266	-0.48	0.01	-0.43	0.041	-0.029	-0.025	0.000	-0.000	0.000	0.1200	-0.1200	-0.1200	0.0000	0.0000	0.0000	0	1.00	0.2624	0.2264	-0.4830	1.390	0
178346	21.482	-0.391	-22.267	-0.70	0.01	-0.42	0.046	0.009	-0.045	0.000	-0.000	0.000	0.1200	-0.1178	-0.1200	0.0000	0.0000	0.0000	0	1.00	0.2624	0.2264	-0.4830	1.390	0
178354	21.485	-0.387	-22.267	-0.45	-0.08	-0.26	0.039	0.002	-0.044	0.000	-0.000	-0.000	0.1200	-0.1172	-0.1200	0.0000	0.0000	0.0000	0	1.00	0.2624	0.2264	-0.4830	1.390	0
178362	21.489	-0.385	-22.268	-0.19	0.12	-0.40	0.018	0.040	-0.051	0.000	-0.000	-0.000	0.1200	-0.1063	-0.1200	0.0000	0.0000	0.0000	0	1.00	0.2624	0.2264	-0.4830	1.390	0
178370	21.490	-0.381	-22.266	-0.31	-0.05	-0.32	0.007	0.062	-0.053	0.000	-0.000	-0.000	0.1200	-0.1076	-0.1200	0.0000	0.0000	0.0000	0	1.00	0.2624	0.2264	-0.4830	1.390	0
178378	21.491	-0.378	-22.263	-0.64	-0.03	-0.55	0.002	0.010	-0.018	0.000	-0.000	-0.000	0.1200	-0.1162	-0.1200	0.0000	0.0000	0.0000	0	1.00	0.2624	0.2264	-0.4830	1.390	0
178386	21.496	-0.377	-22.268	-0.46	0.19	-0.42	-0.004	0.044	0.013	0.000	0.000	-0.000	0.1200	-0.1051	-0.1200	0.0000	0.0000	0.0000	0	1.00	0.2624	0.2264	-0.4830	1.390	0
178394	21.498	-0.378	-22.271	-0.47	0.21	-0.75	-0.029	0.010	0.028	0.000	0.000	-0.000	0.1200	-0.1117	-0.1200	0.0000	0.0000	0.0000	0	1.00	0.2624	0.2264	-0.4830	1.390	0
178402	21.500	-0.376	-22.272	-0.28	0.37	-0.24	-0.034	0.006	0.045	0.000	0.000	-0.000	0.1200	-0.1039	-0.1200	0.0000	0.0000	0.0000	0	1.00	0.2624	0.2264	-0.4830	1.390	0
178410	21.502	-0.373	-22.271	-0.12	-0.02	-0.12	-0.050	-0.021	0.058	0.000	0.000	-0.000	0.1200	-0.1132	-0.1200	0.0000	0.0000	0.0000	0	1.00	0.2624	0.2264	-0.4830	1.390	0
178418	21.500	-0.382	-22.277	-0.27	0.07	-0.37	-0.055	-0.003	0.062	0.000	0.000	0.000	0.1200	-0.1136	-0.1200	0.0000	0.0000	0.0000	0	1.00	0.2624	0.2264	-0.4830	1.390	0
178426	21.503	-0.380	-22.278	-0.47	-0.18	-0.36	-0.044	0.007	0.052	-0.000	0.000	0.000	0.1200	-0.1176	-0.1200	0.0000	0.0000	0.0000	0	1.00	0.2624	0.2264	-0.4830	1.390	0
178434	21.503	-0.374	-22.272	-0.52	-0.07	-0.42	-0.025	-0.023	0.037	-0.000	-0.000	0.000	0.1200	-0.1197	-0.1200	0.0000	0.0000	0.0000	0	1.00	0.2624	0.2264	-0.4830	1.390	0
178442	21.498	-0.379	-22.272	-0.36	0.10	-0.43	0.003	-0.022	0.014	-0.000	-0.000	0.000	0.1200	-0.1163	-0.1200	0.0000	0.0000	0.0000	0	1.00	0.2624	0.2264	-0.4830	1.390	0
178450	21.496	-0.378	-22.269	-0.36	0.01	-0.34	0.025	-0.003	-0.012	-0.000	-0.000	0.000	0.1200	-0.1142	-0.1200	0.0000	0.0000	0.0000	0	1.00	0.2624	0.2264	-0.4830	1.390	0
178458	21.493	-0.382	-22.270	-0.50	-0.21	-0.39	0.041	0.005	-0.037	0.000	-0.000	0.000	0.1200	-0.1194	-0.1200	0.0000	0.0000	0.0000	0	1.00	0.2624	0.2264	-0.4830	1.390	0
178466	21.491	-0.383	-22.268	-0.11	-0.13	-0.14	0.044	-0.021	-0.044	0.000	-0.000	0.000	0.1200	-0.1173	-0.1200	0.0000	0.0000	0.0000	0	1.00	0.2624	0.2264	-0.4830	1.390	0
178474	21.494	-0.378	-22.267	-0.39	-0.04	-0.05	0.049	-0.021	-0.044	0.000	-0.000	0.000	0.1200	-0.1160	-0.1200	0.0000	0.0000	0.0000	0	1.00	0.2624	0.2264	-0.4830	1.390	0
178482	21.497	-0.371	-22.264	-0.58	0.35	0.08	0.048	-0.007	-0.050	0.000	-0.000	-0.000	0.1200	-0.1054	-0.1200	0.0000	0.0000	0.0000	0	1.00	0.2624	0.2264	-0.4830	1.390	0
178490	21.501	-0.368	-22.265	-0.14	0.14	-0.47	0.029	-0.001	-0.032	0.000	-0.000	-0.000	0.1200	-0.1086	-0.1200	0.0000	0.0000	0.0000	0	1.00	0.2624	0.2264	-0.4830	1.390	0
178498	21.501	-0.368	-22.265	-0.19	0.08	-0.36	0.015	0.015	-0.032	0.000	-0.000	-0.000	0.1200	-0.1067	-0.1200	0.0000	0.0000	0.0000	0	1.00	0.2624	0.2264	-0.4830	1.390	0
178506	21.504	-0.367	-22.267	-0.45	0.22	-0.57	-0.004	0.008	-0.007	0.000	-0.000	-0.000	0.1200	-0.1083	-0.1200	0.0000	0.0000	0.0000	0	1.00	0.2624	0.2264	-0.4830	1.390	0
178514	21.507	-0.363	-22.266	-0.31	-0.05	-0.32	-0.020	0.001	0.003	0.000	-0.000	-0.000	0.1200	-0.1110	-0.1200	0.0000	0.0000	0.0000	0	1.00	0.2624	0.2264	-0.4830	1.390	0
178522	21.507	-0.364	-22.267	-0.36	0.14	-0.47	-0.025	0.006	0.036	0.000	-0.000	-0.000	0.1200	-0.1081	-0.1200	0.0000	0.0000	0.0000	0	1.00	0.2624	0.2264	-0.4830	1.390	0
178530	21.506	-0.361	-22.264	-0.35	-0.13	-0.31	-0.035	0.012	0.028	0.000	-0.000	-0.000	0.1200	-0.1105	-0.1200	0.0000	0.0000	0.0000	0	1.00	0.2624	0.2264	-0.4830	1.390	0
178538	21.507	-0.358	-22.262	-0.40	-0.09	-0.62	-0.050	0.027	0.050	0.000	-0.000	-0.000	0.1200	-0.1097	-0.1200	0.0000	0.0000	0.0000	0	1.00	0.2624	0.2264	-0.4830	1.390	0
178546	21.499	-0.364	-22.260	-0.43	-0.14	-0.32	-0.046	0.006	0.039	0.000	-0.000	0.000	0.1200	-0.1132	-0.1200	0.0000	0.0000	0.0000	0	1.00	0.2624	0.2264	-0.4830	1.390	0
178554	21.494	-0.367	-22.256	-0.42	-0.53	-0.37	-0.023	0.029	0.040	0.000	-0.000	0.000	0.1200	-0.1181	-0.1200	0.0000	0.0000	0.0000	0	1.00	0.2624	0.2264	-0.4830	1.390	0
178562	21.494	-0.370	-22.260	-0.30	-0.11	-0.38	-0.010	-0.005	0.027	-0.000	-0.000	0.000	0.1200	-0.1151	-0.1200	0.0000	0.0000	0.0000	0	1.00	0.2624	0.2264	-0.4830	1.390	0
178569	21.487	-0.381	-22.263	-0.25	-0.38	-0.47	-0.003	-0.014	0.015	-0.000	-0.000	0.000	0.1200	-0.1200	-0.1200	0.0000	0.0000	0.0000	0	1.00	0.2624	0.2264	-0.4830	1.390	0
178577	21.483	-0.389	-22.266	0.01	-0.32	-0.16	0.022	-0.027	0.004	0.000	-0.000	0.000	0.1200	-0.1200	-0.1200	0.0000	0.0000	0.0000	0	1.00	0.2624	0.2264	-0.4830	1.390	0
178585	21.479	-0.392	-22.265	-0.13	-0.31	-0.14	0.031	-0.015	-0.012	0.000	-0.000	0.000	0.1200	-0.1200	-0.1200	0.0000	0.0000	0.0000	0	1.00	0.2624	0.2264	-0.4830	1.390	0
178593	21.475	-0.396	-22.265	-0.35	-0.46	-0.29	0.045	-0.021	-0.025	0.000	-0.000	0.000	0.1200	-0.1200	-0.1200	0.0000	0.0000	0.0000	0	1.00	0.2624	0.2264	-0.4830	1.390	0
178601	21.473	-0.398	-22.264	-0.36	-0.12	-0.21	0.036	-0.028	-0.041	0.000	-0.000	0.000	0.1200	-0.1200	-0.1200	0.0000	0.0000	0.0000	0	1.00	0.2624	0.2264	-0.4830	1.390	0
178609	21.478	-0.398	-22.269	-0.14	0.25	-0.27	0.044	-0.015	-0.036	0.000	-0.000	0.000	0.1200	-0.1134	-0.1200	0.0000	0.0000	0.0000	0	1.00	0.2624	0.2264	-0.4830	1.390	0
178617	21.481	-0.396	-22.271	-0.33	0.02	-0.59	0.020	-0.031	-0.039	0.000	-0.000	-0.000	0.1200	-0.1200	-0.1200	0.0000	0.0000	0.0000	0	1.00	0.2624	0.2264	-0.4830	1.390	0
178625	21.485	-0.398	-22.276	-0.25	0.20	-0.32	-0.011	-0.009	-0.015	0.000	-0.000	-0.000	0.1200	-0.1145	-0.1200	0.0000	0.0000	0.0000	0	1.00	0.2624	0.2264	-0.4830	1.390	0
178633	21.490	-0.396	-22.280	-0.29	0.26	-0.44	-0.019	-0.002	-0.000	0.000	-0.000	-0.000	0.1200	-0.1132	-0.1200	0.0000	0.0000	0.0000	0	1.00	0.2624	0.2264	-0.4830	1.390	0
178641	21.494	-0.396	-22.283	-0.36	0.51	-0.10	-0.039	0.026	0.002	0.000	-0.000	-0.000	0.1200	-0.1016	-0.1200	0.0000	0.0000	0.0000	0	1.00	0.2624	0.2264	-0.4830	1.390	0
178649	21.491	-0.396	-22.280	-0.52	0.28	-0.33	-0.045	0.010	0.027	0.000	-0.000	-0.000	0.1200	-0.1116	-0.1200	0.0000	0.0000	0.0000	0	1.00	0.2624	0.2264	-0.4830	1.390	0
178656	21.487	-0.400	-22.280	-0.57	0.34	-0.35	-0.038	0.016	0.020	0.000	-0.000	0.000	0.1200	-0.1107	-0.1200	0.0000	0.0000	0.0000	0	1.00	0.2624	0.2264	-0.4830	1.390	0
178664	21.486	-0.398	-22.277	-0.57	0.43	-0.44	-0.042	0.047	0.031	0.000	-0.000	0.000	0.1200	-0.1054	-0.1200	0.0000	0.0000	0.0000	0	1.00	0.2624	0.2264	-0.4830	1.390	0
178672	21.478	-0.401	-22.272	-0.24	0.19	-0.42	-0.036	0.014	0.031	-0.000	-0.000	0.000	0.1200	-0.1123	-0.1200	0.0000	0.0000	0.0000	0	1.00	0.2624	0.2264	-0.4830	1.390	0
178680	21.479	-0.397	-22.269	-0.53	0.36	-0.42	-0.002	0.008	0.023	-0.000	-0.000	0.000	0.1200	-0.1112	-0.1200	0.0000	0.0000	0.0000	0	1.00	0.2624	0.2264	-0.4830	1.390	0
178688	21.482	-0.390	-22.266	-0.28	0.32	-0.63	0.016	-0.016	0.001	-0.000	-0.000	0.000	0.1200	-0.1141	-0.1200	0.0000	0.0000	0.0000	0	1.00	0.2624	0.2264	-0.4830	1.390	0
178696	21.482	-0.390	-22.267	-0.10	0.46	-0.41	0.045	-0.002	-0.007	0.000	-0.000	0.000	0.1200	-0.1064	-0.1200	0.0000	0.0000	0.0000	0	1.00	0.2624	0.2264	-0.4830	1.390	0
178704	21.483	-0.387	-22.265	-0.50	0.11	-0.41	0.060	-0.013	-0.006	0.000	-0.000	0.000	0.1200	-0.1174	-0.1200	0.0000	0.0000	0.0000	0	1.00	0.2624	0.2264	-0.4830	1.390	0
178712	21.487	-0.383	-22.265	0.01	-0.02	-0.46	0.055	-0.013	-0.006	0.000	-0.000	0.000	0.1200	-0.1158	-0.1200	0.0000	0.0000	0.0000	0	1.00	0.2624	0.2264	-0.4830	1.390	0
178720	21.488	-0.383	-22.266	-0.19	-0.05	-0.23	0.055	-0.033	-0.013	0.000	-0.000	0.000	0.1200	-0.1189	-0.1200	0.0000	0.0000	0.0000	0	1.00	0.2624	0.2264	-0.4830	1.390	0
