204019	21.413	-0.531	-22.325	-0.43	0.02	-0.50	-0.028	-0.026	0.032	0.000	0.000	0.000	0.1200	-0.1200	-0.1200	0.0000	0.0000	0.0000	0	1.00	0.2624	0.2264	-0.4830	1.390	0
204027	21.408	-0.531	-22.320	-0.26	0.05	-0.48	-0.038	-0.014	0.025	0.000	0.000	0.000	0.1200	-0.1200	-0.1200	0.0000	0.0000	0.0000	0	1.00	0.2624	0.2264	-0.4830	1.390	0
204035	21.405	-0.533	-22.318	-0.19	-0.19	-0.11	-0.018	0.024	0.044	-0.000	0.000	0.000	0.1200	-0.1200	-0.1200	0.0000	0.0000	0.0000	0	1.00	0.2624	0.2264	-0.4830	1.390	0
204043	21.404	-0.536	-22.321	-0.24	0.11	-0.67	-0.009	0.018	0.031	-0.000	0.000	0.000	0.1200	-0.1200	-0.1200	0.0000	0.0000	0.0000	0	1.00	0.2624	0.2264	-0.4830	1.390	0
204051	21.405	-0.533	-22.319	-0.38	-0.22	-0.31	-0.012	0.031	0.036	-0.000	0.000	0.000	0.1200	-0.1200	-0.1200	0.0000	0.0000	0.0000	0	1.00	0.2624	0.2264	-0.4830	1.390	0
204059	21.404	-0.534	-22.318	-0.39	-0.03	-0.38	0.010	0.016	0.026	-0.000	0.000	0.000	0.1200	-0.1200	-0.1200	0.0000	0.0000	0.0000	0	1.00	0.2624	0.2264	-0.4830	1.390	0
204067	21.404	-0.535	-22.319	-0.46	0.19	-0.42	0.022	0.034	0.004	-0.000	0.000	0.000	0.1200	-0.1200	-0.1200	0.0000	0.0000	0.0000	0	1.00	0.2624	0.2264	-0.4830	1.390	0
204075	21.401	-0.538	-22.319	-0.46	-0.23	-0.32	0.027	0.025	-0.004	0.000	0.000	0.000	0.1200	-0.1200	-0.1200	0.0000	0.0000	0.0000	0	1.00	0.2624	0.2264	-0.4830	1.390	0
204083	21.402	-0.537	-22.319	-0.32	0.00	-0.26	0.026	-0.015	0.008	0.000	0.000	0.000	0.1200	-0.1200	-0.1200	0.0000	0.0000	0.0000	0	1.00	0.2624	0.2264	-0.4830	1.390	0
204091	21.402	-0.539	-22.321	-0.27	-0.02	-0.29	0.033	-0.025	-0.011	0.000	0.000	0.000	0.1200	-0.1200	-0.1200	0.0000	0.0000	0.0000	0	1.00	0.2624	0.2264	-0.4830	1.390	0
204099	21.399	-0.544	-22.322	-0.29	-0.21	-0.30	0.017	-0.023	-0.020	0.000	0.000	0.000	0.1200	-0.1200	-0.1200	0.0000	0.0000	0.0000	0	1.00	0.2624	0.2264	-0.4830	1.390	0
204107	21.400	-0.541	-22.321	-0.52	0.14	-0.21	0.014	-0.006	-0.018	0.000	0.000	0.000	0.1200	-0.1200	-0.1200	0.0000	0.0000	0.0000	0	1.00	0.2624	0.2264	-0.4830	1.390	0
204115	21.397	-0.542	-22.319	-0.18	0.10	-0.08	0.003	-0.034	-0.034	0.000	0.000	0.000	0.1200	-0.1200	-0.1200	0.0000	0.0000	0.0000	0	1.00	0.2624	0.2264	-0.4830	1.390	0
204123	21.398	-0.537	-22.315	-0.22	-0.01	-0.36	-0.014	-0.025	-0.028	0.000	0.000	0.000	0.1200	-0.1200	-0.1200	0.0000	0.0000	0.0000	0	1.00	0.2624	0.2264	-0.4830	1.390	0
204131	21.395	-0.534	-22.309	-0.36	0.10	-0.43	-0.025	-0.014	-0.024	0.000	0.000	0.000	0.1200	-0.1200	-0.1200	0.0000	0.0000	0.0000	0	1.00	0.2624	0.2264	-0.4830	1.390	0
204139	21.398	-0.531	-22.310	-0.29	-0.01	-0.18	-0.031	0.018	-0.021	0.000	0.000	0.000	0.1200	-0.1200	-0.1200	0.0000	0.0000	0.0000	0	1.00	0.2624	0.2264	-0.4830	1.390	0
204147	21.394	-0.533	-22.308	-0.75	0.12	-0.49	-0.049	0.037	-0.011	0.000	0.000	0.000	0.1200	-0.1200	-0.1200	0.0000	0.0000	0.0000	0	1.00	0.2624	0.2264	-0.4830	1.390	0
204155	21.391	-0.533	-22.305	-0.19	0.03	-0.32	-0.026	0.038	0.010	-0.000	0.000	0.000	0.1200	-0.1200	-0.1200	0.0000	0.0000	0.0000	0	1.00	0.2624	0.2264	-0.4830	1.390	0
204163	21.395	-0.533	-22.308	-0.05	-0.07	-0.25	-0.017	0.036	0.016	-0.000	0.000	0.000	0.1200	-0.1200	-0.1200	0.0000	0.0000	0.0000	0	1.00	0.2624	0.2264	-0.4830	1.390	0
204171	21.396	-0.534	-22.310	-0.09	-0.24	-0.15	0.004	0.034	0.024	-0.000	0.000	0.000	0.1200	-0.1200	-0.1200	0.0000	0.0000	0.0000	0	1.00	0.2624	0.2264	-0.4830	1.390	0
204179	21.400	-0.531	-22.312	-0.17	0.01	-0.42	0.008	0.025	0.015	-0.000	0.000	0.000	0.1200	-0.1200	-0.1200	0.0000	0.0000	0.0000	0	1.00	0.2624	0.2264	-0.4830	1.390	0
204187	21.405	-0.528	-22.313	-0.47	0.16	-0.27	0.026	0.033	0.030	-0.000	0.000	0.000	0.1200	-0.1200	-0.1200	0.0000	0.0000	0.0000	0	1.00	0.2624	0.2264	-0.4830	1.390	0
204195	21.405	-0.527	-22.313	-0.38	0.04	-0.57	0.032	-0.005	0.027	0.000	0.000	0.000	0.1200	-0.1200	-0.1200	0.0000	0.0000	0.0000	0	1.00	0.2624	0.2264	-0.4830	1.390	0
204203	21.407	-0.530	-22.318	-0.29	-0.08	-0.43	0.037	-0.001	0.029	0.000	0.000	0.000	0.1200	-0.1200	-0.1200	0.0000	0.0000	0.0000	0	1.00	0.2624	0.2264	-0.4830	1.390	0
204210	21.407	-0.534	-22.321	0.17	-0.03	-0.30	0.027	-0.034	0.002	0.000	0.000	0.000	0.1200	-0.1200	-0.1200	0.0000	0.0000	0.0000	0	1.00	0.2624	0.2264	-0.4830	1.390	0
204218	21.410	-0.529	-22.320	-0.18	0.23	-0.21	0.025	-0.018	0.008	0.000	0.000	0.000	0.1200	-0.1200	-0.1200	0.0000	0.0000	0.0000	0	1.00	0.2624	0.2264	-0.4830	1.390	0
204227	21.410	-0.525	-22.317	-0.51	-0.04	-0.14	0.008	-0.046	-0.012	0.000	0.000	0.000	0.1200	-0.1200	-0.1200	0.0000	0.0000	0.0000	0	1.00	0.2624	0.2264	-0.4830	1.390	0
204235	21.413	-0.524	-22.318	-0.29	-0.03	-0.47	-0.027	-0.009	-0.020	0.000	0.000	0.000	0.1200	-0.1200	-0.1200	0.0000	0.0000	0.0000	0	1.00	0.2624	0.2264	-0.4830	1.390	0
204243	21.412	-0.523	-22.316	-0.47	0.16	-0.28	-0.037	-0.026	-0.020	0.000	0.000	0.000	0.1200	-0.1200	-0.1200	0.0000	0.0000	0.0000	0	1.00	0.2624	0.2264	-0.4830	1.390	0
204250	21.412	-0.521	-22.314	-0.75	0.25	-0.62	-0.041	0.001	-0.009	0.000	0.000	0.000	0.1200	-0.1200	-0.1200	0.0000	0.0000	0.0000	0	1.00	0.2624	0.2264	-0.4830	1.390	0
204258	21.408	-0.522	-22.312	-0.52	-0.03	-0.03	-0.023	-0.004	-0.008	-0.000	0.000	0.000	0.1200	-0.1200	-0.1200	0.0000	0.0000	0.0000	0	1.00	0.2624	0.2264	-0.4830	1.390	0
204267	21.403	-0.524	-22.308	-0.37	0.18	-0.08	-0.027	0.031	-0.001	-0.000	0.000	0.000	0.1200	-0.1200	-0.1200	0.0000	0.0000	0.0000	0	1.00	0.2624	0.2264	-0.4830	1.390	0
204275	21.402	-0.522	-22.305	-0.32	0.13	-0.39	-0.013	0.028	-0.016	-0.000	0.000	0.000	0.1200	-0.1200	-0.1200	0.0000	0.0000	0.0000	0	1.00	0.2624	0.2264	-0.4830	1.390	0
204283	21.404	-0.517	-22.303	-0.22	0.19	-0.24	0.001	0.017	-0.019	-0.000	0.000	0.000	0.1200	-0.1200	-0.1200	0.0000	0.0000	0.0000	0	1.00	0.2624	0.2264	-0.4830	1.390	0
204290	21.402	-0.518	-22.301	-0.50	0.37	-0.24	0.007	0.005	-0.003	-0.000	0.000	0.000	0.1200	-0.1200	-0.1200	0.0000	0.0000	0.0000	0	1.00	0.2624	0.2264	-0.4830	1.390	0
204298	21.401	-0.518	-22.301	-0.35	0.29	-0.31	0.023	0.012	-0.001	-0.000	0.000	0.000	0.1200	-0.1200	-0.1200	0.0000	0.0000	0.0000	0	1.00	0.2624	0.2264	-0.4830	1.390	0
204306	21.406	-0.515	-22.303	-0.13	0.42	-0.45	0.031	0.011	0.007	-0.000	0.000	0.000	0.1200	-0.1200	-0.1200	0.0000	0.0000	0.0000	0	1.00	0.2624	0.2264	-0.4830	1.390	0
204315	21.411	-0.511	-22.305	-0.13	0.33	-0.36	0.034	0.004	0.002	0.000	0.000	0.000	0.1200	-0.1200	-0.1200	0.0000	0.0000	0.0000	0	1.00	0.2624	0.2264	-0.4830	1.390	0
204322	21.412	-0.510	-22.305	-0.18	0.10	-0.08	0.021	0.010	-0.005	0.000	0.000	0.000	0.1200	-0.1200	-0.1200	0.0000	0.0000	0.0000	0	1.00	0.2624	0.2264	-0.4830	1.390	0
204330	21.414	-0.509	-22.305	-0.41	0.25	-0.53	0.025	0.005	-0.002	0.000	0.000	0.000	0.1200	-0.1200	-0.1200	0.0000	0.0000	0.0000	0	1.00	0.2624	0.2264	-0.4830	1.390	0
204338	21.412	-0.509	-22.304	-0.37	0.29	-0.50	-0.001	-0.021	0.011	0.000	0.000	0.000	0.1200	-0.1200	-0.1200	0.0000	0.0000	0.0000	0	1.00	0.2624	0.2264	-0.4830	1.390	0
204346	21.415	-0.508	-22.306	-0.28	0.54	-0.42	-0.022	-0.016	-0.002	0.000	0.000	0.000	0.1200	-0.1200	-0.1200	0.0000	0.0000	0.0000	0	1.00	0.2624	0.2264	-0.4830	1.390	0
204355	21.419	-0.503	-22.305	-0.68	0.24	-0.46	-0.031	-0.029	0.019	0.000	0.000	0.000	0.1200	-0.1200	-0.1200	0.0000	0.0000	0.0000	0	1.00	0.2624	0.2264	-0.4830	1.390	0
204362	21.420	-0.498	-22.302	-0.42	0.35	-0.52	-0.033	-0.020	0.013	-0.000	0.000	0.000	0.1200	-0.1200	-0.1200	0.0000	0.0000	0.0000	0	1.00	0.2624	0.2264	-0.4830	1.390	0
204370	21.417	-0.500	-22.300	-0.34	0.23	-0.38	-0.036	0.011	0.005	-0.000	0.000	0.000	0.1200	-0.1200	-0.1200	0.0000	0.0000	0.0000	0	1.00	0.2624	0.2264	-0.4830	1.390	0
204378	21.413	-0.501	-22.297	-0.05	-0.03	-0.29	-0.036	0.010	0.005	-0.000	0.000	0.000	0.1200	-0.1200	-0.1200	0.0000	0.0000	0.0000	0	1.00	0.2624	0.2264	-0.4830	1.390	0
204386	21.412	-0.500	-22.296	-0.57	0.30	-0.31	-0.015	-0.012	0.006	-0.000	0.000	0.000	0.1200	-0.1200	-0.1200	0.0000	0.0000	0.0000	0	1.00	0.2624	0.2264	-0.4830	1.390	0
204395	21.415	-0.498	-22.297	-0.34	0.11	-0.25	-0.000	0.013	0.011	-0.000	0.000	0.000	0.1200	-0.1200	-0.1200	0.0000	0.0000	0.0000	0	1.00	0.2624	0.2264	-0.4830	1.390	0
204402	21.419	-0.499	-22.302	-0.31	0.03	-0.41	0.015	0.009	-0.008	-0.000	0.000	0.000	0.1200	-0.1200	-0.1200	0.0000	0.0000	0.0000	0	1.00	0.2624	0.2264	-0.4830	1.390	0
204410	21.426	-0.495	-22.305	-0.50	0.37	-0.24	0.035	-0.001	0.005	-0.000	0.000	0.000	0.1200	-0.1200	-0.1200	0.0000	0.0000	0.0000	0	1.00	0.2624	0.2264	-0.4830	1.390	0
204418	21.431	-0.493	-22.308	-0.02	0.35	-0.60	0.019	-0.001	-0.008	-0.000	0.000	0.000	0.1200	-0.1200	-0.1200	0.0000	0.0000	0.0000	0	1.00	0.2624	0.2264	-0.4830	1.390	0
204426	21.432	-0.494	-22.310	-0.40	0.02	0.01	0.029	0.001	-0.015	-0.000	0.000	0.000	0.1200	-0.1200	-0.1200	0.0000	0.0000	0.0000	0	1.00	0.2624	0.2264	-0.4830	1.390	0
204434	21.438	-0.484	-22.306	-0.01	0.51	-0.45	0.032	-0.004	-0.007	0.000	0.000	0.000	0.1200	-0.1200	-0.1200	0.0000	0.0000	0.0000	0	1.00	0.2624	0.2264	-0.4830	1.390	0
204442	21.439	-0.482	-22.306	-0.54	0.27	-0.52	0.025	0.017	-0.011	0.000	0.000	0.000	0.1200	-0.1200	-0.1200	0.0000	0.0000	0.0000	0	1.00	0.2624	0.2264	-0.4830	1.390	0
204450	21.439	-0.480	-22.304	-0.27	0.15	-0.46	0.009	0.009	-0.018	0.000	0.000	0.000	0.1200	-0.1200	-0.1200	0.0000	0.0000	0.0000	0	1.00	0.2624	0.2264	-0.4830	1.390	0
204458	21.441	-0.476	-22.302	-0.36	0.01	-0.34	-0.021	0.012	-0.008	0.000	0.000	0.000	0.1200	-0.1200	-0.1200	0.0000	0.0000	0.0000	0	1.00	0.2624	0.2264	-0.4830	1.390	0
204466	21.439	-0.477	-22.302	-0.66	0.05	-0.39	-0.018	0.057	-0.014	0.000	0.000	0.000	0.1200	-0.1200	-0.1200	0.0000	0.0000	0.0000	0	1.00	0.2624	0.2264	-0.4830	1.390	0
204474	21.441	-0.471	-22.298	-0.34	-0.22	-0.23	-0.027	0.060	0.005	0.000	0.000	0.000	0.1200	-0.1200	-0.1200	0.0000	0.0000	0.0000	0	1.00	0.2624	0.2264	-0.4830	1.390	0
204482	21.444	-0.473	-22.303	-0.36	-0.07	-0.26	-0.017	0.030	0.005	0.000	0.000	0.000	0.1200	-0.1200	-0.1200	0.0000	0.0000	0.0000	0	1.00	0.2624	0.2264	-0.4830	1.390	0
204490	21.442	-0.478	-22.306	-0.39	0.02	-0.42	-0.022	0.026	0.003	-0.000	0.000	0.000	0.1200	-0.1200	-0.1200	0.0000	0.0000	0.0000	0	1.00	0.2624	0.2264	-0.4830	1.390	0
204498	21.439	-0.479	-22.304	-0.65	-0.01	-0.45	-0.020	0.028	-0.003	-0.000	0.000	0.000	0.1200	-0.1200	-0.1200	0.0000	0.0000	0.0000	0	1.00	0.2624	0.2264	-0.4830	1.390	0
204506	21.445	-0.473	-22.304	-0.56	0.41	-0.55	0.006	-0.009	0.008	-0.000	0.000	0.000	0.1200	-0.1200	-0.1200	0.0000	0.0000	0.0000	0	1.00	0.2624	0.2264	-0.4830	1.390	0
204514	21.444	-0.475	-22.305	-0.18	0.27	-0.25	0.003	-0.007	0.002	-0.000	0.000	0.000	0.1200	-0.1200	-0.1200	0.0000	0.0000	0.0000	0	1.00	0.2624	0.2264	-0.4830	1.390	0
204522	21.442	-0.477	-22.304	-0.37	0.24	-0.46	0.018	-0.033	-0.007	-0.000	0.000	0.000	0.1200	-0.1200	-0.1200	0.0000	0.0000	0.0000	0	1.00	0.2624	0.2264	-0.4830	1.390	0
204529	21.444	-0.473	-22.304	-0.17	0.30	-0.40	0.020	-0.036	-0.013	-0.000	0.000	0.000	0.1200	-0.1200	-0.1200	0.0000	0.0000	0.0000	0	1.00	0.2624	0.2264	-0.4830	1.390	0
204537	21.446	-0.470	-22.302	-0.10	0.20	-0.16	0.015	-0.030	-0.013	-0.000	0.000	0.000	0.1200	-0.1200	-0.1200	0.0000	0.0000	0.0000	0	1.00	0.2624	0.2264	-0.4830	1.390	0
204545	21.448	-0.472	-22.306	-0.25	0.25	-0.37	0.015	-0.049	-0.019	0.000	0.000	0.000	0.1200	-0.1200	-0.1200	0.0000	0.0000	0.0000	0	1.00	0.2624	0.2264	-0.4830	1.390	0
204553	21.449	-0.470	-22.306	-0.44	0.00	-0.35	0.011	-0.020	-0.023	0.000	0.000	0.000	0.1200	-0.1200	-0.1200	0.0000	0.0000	0.0000	0	1.00	0.2624	0.2264	-0.4830	1.390	0
204561	21.454	-0.467	-22.308	-0.24	-0.01	-0.54	0.007	0.004	-0.014	0.000	0.000	0.000	0.1200	-0.1200	-0.1200	0.0000	0.0000	0.0000	0	1.00	0.2624	0.2264	-0.4830	1.390	0
204569	21.451	-0.471	-22.308	-0.51	0.10	-0.60	-0.013	0.035	-0.012	0.000	0.000	0.000	0.1200	-0.1200	-0.1200	0.0000	0.0000	0.0000	0	1.00	0.2624	0.2264	-0.4830	1.390	0
204577	21.455	-0.468	-22.310	-0.58	-0.16	-0.17	-0.012	0.055	-0.014	0.000	0.000	0.000	0.1200	-0.1200	-0.1200	0.0000	0.0000	0.0000	0	1.00	0.2624	0.2264	-0.4830	1.390	0
204585	21.452	-0.473	-22.311	-0.29	0.17	-0.36	-0.013	0.056	-0.003	-0.000	0.000	0.000	0.1200	-0.1200	-0.1200	0.0000	0.0000	0.0000	0	1.00	0.2624	0.2264	-0.4830	1.390	0
204593	21.453	-0.472	-22.312	-0.50	-0.04	-0.14	-0.025	0.048	0.010	-0.000	0.000	0.000	0.1200	-0.1200	-0.1200	0.0000	0.0000	0.0000	0	1.00	0.2624	0.2264	-0.4830	1.390	0
204601	21.452	-0.475	-22.312	-0.29	-0.12	-0.39	0.006	0.061	0.007	-0.000	0.000	0.000	0.1200	-0.1200	-0.1200	0.0000	0.0000	0.0000	0	1.00	0.2624	0.2264	-0.4830	1.390	0
204609	21.452	-0.472	-22.311	0.14	0.05	-0.14	-0.005	0.033	0.008	-0.000	0.000	0.000	0.1200	-0.1200	-0.1200	0.0000	0.0000	0.0000	0	1.00	0.2624	0.2264	-0.4830	1.390	0
204617	21.449	-0.479	-22.313	-0.12	-0.23	-0.24	0.012	0.006	0.016	-0.000	0.000	0.000	0.1200	-0.1200	-0.1200	0.0000	0.0000	0.0000	0	1.00	0.2624	0.2264	-0.4830	1.390	0
204625	21.452	-0.476	-22.314	-0.31	-0.01	-0.37	0.015	-0.019	0.011	-0.000	0.000	0.000	0.1200	-0.1200	-0.1200	0.0000	0.0000	0.0000	0	1.00	0.2624	0.2264	-0.4830	1.390	0
204633	21.451	-0.478	-22.314	-0.20	0.26	-0.44	0.026	-0.027	0.013	0.000	0.000	0.000	0.1200	-0.1200	-0.1200	0.0000	0.0000	0.0000	0	1.00	0.2624	0.2264	-0.4830	1.390	0
204641	21.450	-0.479	-22.314	-0.34	-0.01	-0.45	0.003	-0.039	0.009	0.000	0.000	0.000	0.1200	-0.1200	-0.1200	0.0000	0.0000	0.0000	0	1.00	0.2624	0.2264	-0.4830	1.390	0
204649	21.451	-0.476	-22.313	-0.29	-0.20	-0.30	0.008	-0.046	0.001	0.000	0.000	0.000	0.1200	-0.1200	-0.1200	0.0000	0.0000	0.0000	0	1.00	0.2624	0.2264	-0.4830	1.390	0
204656	21.453	-0.472	-22.311	-0.24	0.06	-0.30	-0.001	-0.054	-0.005	0.000	0.000	0.000	0.1200	-0.1200	-0.1200	0.0000	0.0000	0.0000	0	1.00	0.2624	0.2264	-0.4830	1.390	0
204664	21.451	-0.472	-22.310	-0.40	0.19	-0.16	-0.001	-0.040	-0.011	0.000	0.000	0.000	0.1200	-0.1200	-0.1200	0.0000	0.0000	0.0000	0	1.00	0.2624	0.2264	-0.4830	1.390	0
204672	21.453	-0.472	-22.311	-0.36	-0.23	-0.41	-0.004	-0.014	-0.011	0.000	0.000	0.000	0.1200	-0.1200	-0.1200	0.0000	0.0000	0.0000	0	1.00	0.2624	0.2264	-0.4830	1.390	0
204680	21.456	-0.467	-22.310	-0.36	0.18	-0.52	0.002	0.038	-0.019	0.000	0.000	0.000	0.1200	-0.1200	-0.1200	0.0000	0.0000	0.0000	0	1.00	0.2624	0.2264	-0.4830	1.390	0
204688	21.457	-0.464	-22.307	-0.15	0.02	-0.25	-0.015	0.025	-0.012	0.000	0.000	0.000	0.1200	-0.1200	-0.1200	0.0000	0.0000	0.0000	0	1.00	0.2624	0.2264	-0.4830	1.390	0
204696	21.457	-0.464	-22.308	-0.34	-0.18	-0.28	-0.011	0.016	-0.011	0.000	0.000	0.000	0.1200	-0.1200	-0.1200	0.0000	0.0000	0.0000	0	1.00	0.2624	0.2264	-0.4830	1.390	0
204704	21.462	-0.461	-22.310	-0.28	0.25	-0.45	-0.013	0.018	0.003	-0.000	0.000	0.000	0.1200	-0.1200	-0.1200	0.0000	0.0000	0.0000	0	1.00	0.2624	0.2264	-0.4830	1.390	0
204712	21.459	-0.466	-22.311	-0.28	-0.31	-0.32	0.005	0.022	0.006	-0.000	0.000	0.000	0.1200	-0.1200	-0.1200	0.0000	0.0000	0.0000	0	1.00	0.2624	0.2264	-0.4830	1.390	0
204720	21.453	-0.476	-22.315	-0.26	-0.26	-0.18	0.011	0.008	0.003	-0.000	0.000	0.000	0.1200	-0.1200	-0.1200	0.0000	0.0000	0.0000	0	1.00	0.2624	0.2264	-0.4830	1.390	0
204728	21.453	-0.479	-22.317	-0.11	0.14	-0.30	0.015	-0.021	0.009	0.000	0.000	0.000	0.1200	-0.1200	-0.1200	0.0000	0.0000	0.0000	0	1.00	0.2624	0.2264	-0.4830	1.390	0
204735	21.452	-0.480	-22.318	-0.33	-0.11	-0.46	0.006	-0.045	0.012	0.000	0.000	0.000	0.1200	-0.1200	-0.1200	0.0000	0.0000	0.0000	0	1.00	0.2624	0.2264	-0.4830	1.390	0
204743	21.454	-0.481	-22.320	-0.28	0.08	-0.27	0.002	-0.042	0.003	0.000	0.000	0.000	0.1200	-0.1200	-0.1200	0.0000	0.0000	0.0000	0	1.00	0.2624	0.2264	-0.4830	1.390	0
204751	21.456	-0.476	-22.318	-0.19	0.29	-0.15	0.029	-0.022	0.005	0.000	0.000	0.000	0.1200	-0.1200	-0.1200	0.0000	0.0000	0.0000	0	1.00	0.2624	0.2264	-0.4830	1.390	0
204759	21.456	-0.475	-22.317	-0.03	-0.02	-0.11	0.022	-0.026	-0.003	0.000	0.000	0.000	0.1200	-0.1200	-0.1200	0.0000	0.0000	0.0000	0	1.00	0.2624	0.2264	-0.4830	1.390	0
204767	21.455	-0.474	-22.316	-0.63	0.08	-0.36	0.013	-0.022	-0.005	0.000	0.000	0.000	0.1200	-0.1200	-0.1200	0.0000	0.0000	0.0000	0	1.00	0.2624	0.2264	-0.4830	1.390	0
204775	21.457	-0.467	-22.311	-0.46	0.19	-0.42	0.013	0.006	-0.011	0.000	0.000	0.000	0.1200	-0.1200	-0.1200	0.0000	0.0000	0.0000	0	1.00	0.2624	0.2264	-0.4830	1.390	0
204783	21.457	-0.467	-22.311	-0.25	0.24	-0.37	0.002	0.013	-0.008	0.000	0.000	0.000	0.1200	-0.1200	-0.1200	0.0000	0.0000	0.0000	0	1.00	0.2624	0.2264	-0.4830	1.390	0
204791	21.458	-0.464	-22.309	-0.53	0.03	-0.41	-0.008	0.018	-0.017	0.000	0.000	0.000	0.1200	-0.1200	-0.1200	0.0000	0.0000	0.0000	0	1.00	0.2624	0.2264	-0.4830	1.390	0
204799	21.460	-0.463	-22.310	-0.39	-0.02	-0.38	-0.018	0.018	-0.017	0.000	0.000	0.000	0.1200	-0.1200	-0.1200	0.0000	0.0000	0.0000	0	1.00	0.2624	0.2264	-0.4830	1.390	0
204807	21.455	-0.466	-22.308	-0.32	0.13	-0.40	-0.017	0.016	-0.009	0.000	0.000	0.000	0.1200	-0.1200	-0.1200	0.0000	0.0000	0.0000	0	1.00	0.2624	0.2264	-0.4830	1.390	0
204815	21.447	-0.474	-22.307	-0.46	-0.05	-0.49	-0.009	0.006	0.002	0.000	0.000	0.000	0.1200	-0.1200	-0.1200	0.0000	0.0000	0.0000	0	1.00	0.2624	0.2264	-0.4830	1.390	0
204822	21.445	-0.474	-22.305	-0.25	-0.02	-0.11	-0.007	-0.009	0.006	0.000	0.000	0.000	0.1200	-0.1200	-0.1200	0.0000	0.0000	0.0000	0	1.00	0.2624	0.2264	-0.4830	1.390	0
204831	21.444	-0.476	-22.306	-0.41	-0.14	-0.15	0.009	0.000	0.007	0.000	0.000	0.000	0.1200	-0.1200	-0.1200	0.0000	0.0000	0.0000	0	1.00	0.2624	0.2264	-0.4830	1.390	0
204838	21.439	-0.482	-22.306	-0.42	0.01	-0.17	0.011	-0.048	0.009	0.000	0.000	0.000	0.1200	-0.1200	-0.1200	0.0000	0.0000	0.0000	0	1.00	0.2624	0.2264	-0.4830	1.390	0
204846	21.442	-0.480	-22.308	-0.33	-0.16	-0.42	0.014	-0.025	0.011	0.000	0.000	0.000	0.1200	-0.1200	-0.1200	0.0000	0.0000	0.0000	0	1.00	0.2624	0.2264	-0.4830	1.390	0
204854	21.440	-0.480	-22.306	-0.26	-0.04	-0.39	0.021	-0.061	0.019	0.000	0.000	0.000	0.1200	-0.1200	-0.1200	0.0000	0.0000	0.0000	0	1.00	0.2624	0.2264	-0.4830	1.390	0
204862	21.437	-0.482	-22.305	-0.39	-0.07	-0.34	0.018	-0.048	0.023	0.000	0.000	0.000	0.1200	-0.1200	-0.1200	0.0000	0.0000	0.0000	0	1.00	0.2624	0.2264	-0.4830	1.390	0
204870	21.444	-0.476	-22.307	-0.49	0.02	-0.33	0.017	-0.026	0.019	0.000	0.000	0.000	0.1200	-0.1200	-0.1200	0.0000	0.0000	0.0000	0	1.00	0.2624	0.2264	-0.4830	1.390	0
204878	21.445	-0.477	-22.307	-0.75	-0.05	-0.32	0.003	0.006	0.006	0.000	0.000	0.000	0.1200	-0.1200	-0.1200	0.0000	0.0000	0.0000	0	1.00	0.2624	0.2264	-0.4830	1.390	0
204886	21.441	-0.483	-22.309	-0.31	-0.17	-0.52	-0.010	-0.001	-0.008	0.000	0.000	0.000	0.1200	-0.1200	-0.1200	0.0000	0.0000	0.0000	0	1.00	0.2624	0.2264	-0.4830	1.390	0
204894	21.443	-0.480	-22.309	-0.42	0.22	-0.39	-0.017	0.018	-0.002	0.000	0.000	0.000	0.1200	-0.1200	-0.1200	0.0000	0.0000	0.0000	0	1.00	0.2624	0.2264	-0.4830	1.390	0
204902	21.446	-0.478	-22.310	-0.36	-0.04	-0.30	-0.034	0.028	-0.018	0.000	0.000	0.000	0.1200	-0.1200	-0.1200	0.0000	0.0000	0.0000	0	1.00	0.2624	0.2264	-0.4830	1.390	0
204910	21.448	-0.477	-22.311	-0.38	-0.04	-0.48	-0.022	0.049	-0.021	0.000	0.000	0.000	0.1200	-0.1200	-0.1200	0.0000	0.0000	0.0000	0	1.00	0.2624	0.2264	-0.4830	1.390	0
204918	21.446	-0.476	-22.308	-0.39	0.06	-0.47	-0.023	0.053	-0.023	0.000	0.000	0.000	0.1200	-0.1200	-0.1200	0.0000	0.0000	0.0000	0	1.00	0.2624	0.2264	-0.4830	1.390	0
204926	21.446	-0.478	-22.309	-0.65	0.11	-0.58	-0.014	0.028	-0.022	-0.000	0.000	0.000	0.1200	-0.1200	-0.1200	0.0000	0.0000	0.0000	0	1.00	0.2624	0.2264	-0.4830	1.390	0
204934	21.443	-0.481	-22.309	-0.35	0.12	-0.15	-0.019	0.030	-0.020	-0.000	0.000	0.000	0.1200	-0.1200	-0.1200	0.0000	0.0000	0.0000	0	1.00	0.2624	0.2264	-0.4830	1.390	0
204942	21.447	-0.479	-22.312	-0.12	-0.01	-0.45	-0.014	-0.008	-0.009	-0.000	0.000	0.000	0.1200	-0.1200	-0.1200	0.0000	0.0000	0.0000	0	1.00	0.2624	0.2264	-0.4830	1.390	0
204950	21.447	-0.479	-22.312	-0.41	0.08	-0.36	0.013	-0.003	0.014	-0.000	0.000	0.000	0.1200	-0.1200	-0.1200	0.0000	0.0000	0.0000	0	1.00	0.2624	0.2264	-0.4830	1.390	0
204958	21.448	-0.483	-22.316	-0.33	-0.16	-0.42	0.021	-0.030	0.022	-0.000	0.000	0.000	0.1200	-0.1200	-0.1200	0.0000	0.0000	0.0000	0	1.00	0.2624	0.2264	-0.4830	1.390	0
204966	21.449	-0.479	-22.314	-0.54	0.09	-0.35	0.043	-0.040	0.037	0.000	0.000	0.000	0.1200	-0.1200	-0.1200	0.0000	0.0000	0.0000	0	1.00	0.2624	0.2264	-0.4830	1.390	0
204974	21.448	-0.478	-22.312	-0.26	-0.17	-0.26	0.040	-0.072	0.022	0.000	0.000	0.000	0.1200	-0.1200	-0.1200	0.0000	0.0000	0.0000	0	1.00	0.2624	0.2264	-0.4830	1.390	0
204982	21.449	-0.478	-22.312	-0.16	0.08	-0.19	0.033	-0.027	0.035	0.000	0.000	0.000	0.1200	-0.1200	-0.1200	0.0000	0.0000	0.0000	0	1.00	0.2624	0.2264	-0.4830	1.390	0
204990	21.446	-0.479	-22.311	-0.56	-0.13	-0.31	0.025	-0.022	0.016	0.000	0.000	0.000	0.1200	-0.1200	-0.1200	0.0000	0.0000	0.0000	0	1.00	0.2624	0.2264	-0.4830	1.390	0
204998	21.448	-0.476	-22.310	-0.36	-0.04	-0.30	0.013	0.003	-0.014	0.000	0.000	0.000	0.1200	-0.1200	-0.1200	0.0000	0.0000	0.0000	0	1.00	0.2624	0.2264	-0.4830	1.390	0
205006	21.451	-0.476	-22.312	-0.44	0.08	-0.44	0.014	0.014	-0.027	0.000	0.000	0.000	0.1200	-0.1200	-0.1200	0.0000	0.0000	0.0000	0	1.00	0.2624	0.2264	-0.4830	1.390	0
205014	21.448	-0.479	-22.313	-0.55	-0.19	-0.37	-0.018	0.021	-0.043	0.000	0.000	0.000	0.1200	-0.1200	-0.1200	0.0000	0.0000	0.0000	0	1.00	0.2624	0.2264	-0.4830	1.390	0
205022	21.447	-0.481	-22.313	-0.51	0.27	-0.77	-0.026	0.043	-0.043	0.000	0.000	0.000	0.1200	-0.1200	-0.1200	0.0000	0.0000	0.0000	0	1.00	0.2624	0.2264	-0.4830	1.390	0
205030	21.448	-0.482	-22.315	-0.43	-0.28	-0.20	-0.031	0.033	-0.018	0.000	0.000	0.000	0.1200	-0.1200	-0.1200	0.0000	0.0000	0.0000	0	1.00	0.2624	0.2264	-0.4830	1.390	0
205038	21.449	-0.480	-22.314	-0.06	0.25	-0.45	-0.032	0.042	0.000	0.000	0.000	-0.000	0.1200	-0.1200	-0.1200	0.0000	0.0000	0.0000	0	1.00	0.2624	0.2264	-0.4830	1.390	0
205046	21.450	-0.478	-22.314	-0.43	0.15	-0.20	-0.044	0.018	-0.002	0.000	0.000	-0.000	0.1200	-0.1200	-0.1200	0.0000	0.0000	0.0000	0	1.00	0.2624	0.2264	-0.4830	1.390	0
205054	21.455	-0.478	-22.318	-0.47	0.01	-0.43	-0.040	0.010	0.016	-0.000	0.000	0.000	0.1200	-0.1200	-0.1200	0.0000	0.0000	0.0000	0	1.00	0.2624	0.2264	-0.4830	1.390	0
205062	21.455	-0.477	-22.317	-0.48	0.09	-0.09	-0.024	-0.011	0.024	-0.000	0.000	0.000	0.1200	-0.1200	-0.1200	0.0000	0.0000	0.0000	0	1.00	0.2624	0.2264	-0.4830	1.390	0
205070	21.457	-0.476	-22.319	-0.30	0.20	-0.59	-0.002	0.001	0.030	-0.000	0.000	0.000	0.1200	-0.1200	-0.1200	0.0000	0.0000	0.0000	0	1.00	0.2624	0.2264	-0.4830	1.390	0
205078	21.455	-0.479	-22.319	-0.15	-0.09	-0.45	0.009	-0.026	0.011	-0.000	0.000	0.000	0.1200	-0.1200	-0.1200	0.0000	0.0000	0.0000	0	1.00	0.2624	0.2264	-0.4830	1.390	0
205085	21.450	-0.485	-22.320	-0.18	-0.10	-0.20	0.031	-0.029	0.008	-0.000	0.000	0.000	0.1200	-0.1200	-0.1200	0.0000	0.0000	0.0000	0	1.00	0.2624	0.2264	-0.4830	1.390	0
205094	21.449	-0.485	-22.318	-0.23	-0.21	-0.04	0.037	-0.036	0.005	0.000	0.000	0.000	0.1200	-0.1200	-0.1200	0.0000	0.0000	0.0000	0	1.00	0.2624	0.2264	-0.4830	1.390	0
205102	21.446	-0.487	-22.317	-0.42	0.22	-0.39	0.027	-0.025	-0.012	0.000	0.000	0.000	0.1200	-0.1200	-0.1200	0.0000	0.0000	0.0000	0	1.00	0.2624	0.2264	-0.4830	1.390	0
205110	21.448	-0.488	-22.321	-0.52	-0.06	-0.32	0.030	-0.004	-0.021	0.000	0.000	0.000	0.1200	-0.1200	-0.1200	0.0000	0.0000	0.0000	0	1.00	0.2624	0.2264	-0.4830	1.390	0
205118	21.448	-0.487	-22.320	-0.43	0.07	-0.55	0.020	-0.002	-0.010	0.000	0.000	0.000	0.1200	-0.1200	-0.1200	0.0000	0.0000	0.0000	0	1.00	0.2624	0.2264	-0.4830	1.390	0
205125	21.447	-0.490	-22.322	-0.44	0.17	-0.53	0.010	0.028	-0.005	0.000	0.000	0.000	0.1200	-0.1200	-0.1200	0.0000	0.0000	0.0000	0	1.00	0.2624	0.2264	-0.4830	1.390	0
205134	21.444	-0.492	-22.320	-0.33	0.23	-0.38	-0.013	0.011	-0.014	0.000	0.000	0.000	0.1200	-0.1200	-0.1200	0.0000	0.0000	0.0000	0	1.00	0.2624	0.2264	-0.4830	1.390	0
205142	21.449	-0.486	-22.321	-0.54	0.09	-0.35	-0.029	0.038	-0.012	0.000	0.000	0.000	0.1200	-0.1200	-0.1200	0.0000	0.0000	0.0000	0	1.00	0.2624	0.2264	-0.4830	1.390	0
205150	21.446	-0.491	-22.322	-0.34	-0.01	-0.45	-0.017	-0.001	0.004	0.000	0.000	0.000	0.1200	-0.1200	-0.1200	0.0000	0.0000	0.0000	0	1.00	0.2624	0.2264	-0.4830	1.390	0
205158	21.448	-0.487	-22.319	-0.40	0.40	-0.38	-0.025	-0.004	0.021	0.000	0.000	0.000	0.1200	-0.1200	-0.1200	0.0000	0.0000	0.0000	0	1.00	0.2624	0.2264	-0.4830	1.390	0
205165	21.447	-0.487	-22.319	-0.33	0.06	-0.21	-0.019	0.009	0.012	-0.000	0.000	0.000	0.1200	-0.1200	-0.1200	0.0000	0.0000	0.0000	0	1.00	0.2624	0.2264	-0.4830	1.390	0
205174	21.447	-0.488	-22.320	-0.43	0.02	-0.50	-0.002	-0.010	0.039	-0.000	0.000	0.000	0.1200	-0.1200	-0.1200	0.0000	0.0000	0.0000	0	1.00	0.2624	0.2264	-0.4830	1.390	0
205182	21.444	-0.491	-22.320	-0.19	-0.13	-0.48	0.012	0.016	0.043	-0.000	0.000	0.000	0.1200	-0.1200	-0.1200	0.0000	0.0000	0.0000	0	1.00	0.2624	0.2264	-0.4830	1.390	0
205190	21.442	-0.497	-22.322	-0.49	0.19	-0.50	0.014	-0.002	0.036	0.000	0.000	0.000	0.1200	-0.1200	-0.1200	0.0000	0.0000	0.0000	0	1.00	0.2624	0.2264	-0.4830	1.390	0
205197	21.446	-0.495	-22.324	-0.13	0.16	-0.19	0.037	0.004	0.014	0.000	0.000	0.000	0.1200	-0.1200	-0.1200	0.0000	0.0000	0.0000	0	1.00	0.2624	0.2264	-0.4830	1.390	0
205205	21.444	-0.495	-22.323	-0.44	-0.14	-0.23	0.030	-0.013	0.008	0.000	0.000	0.000	0.1200	-0.1200	-0.1200	0.0000	0.0000	0.0000	0	1.00	0.2624	0.2264	-0.4830	1.390	0
205214	21.449	-0.490	-22.323	-0.40	0.20	-0.49	0.027	0.008	0.002	0.000	0.000	0.000	0.1200	-0.1200	-0.1200	0.0000	0.0000	0.0000	0	1.00	0.2624	0.2264	-0.4830	1.390	0
205222	21.453	-0.489	-22.327	-0.72	-0.09	-0.09	0.026	0.023	-0.010	0.000	0.000	0.000	0.1200	-0.1200	-0.1200	0.0000	0.0000	0.0000	0	1.00	0.2624	0.2264	-0.4830	1.390	0
205229	21.453	-0.490	-22.328	-0.50	0.17	-0.36	0.012	-0.008	-0.019	0.000	0.000	0.000	0.1200	-0.1200	-0.1200	0.0000	0.0000	0.0000	0	1.00	0.2624	0.2264	-0.4830	1.390	0
205237	21.455	-0.490	-22.329	-0.50	0.34	-0.53	0.002	0.019	-0.018	0.000	0.000	0.000	0.1200	-0.1200	-0.1200	0.0000	0.0000	0.0000	0	1.00	0.2624	0.2264	-0.4830	1.390	0
205245	21.455	-0.489	-22.329	-0.36	0.05	0.04	-0.017	0.005	-0.051	0.000	0.000	0.000	0.1200	-0.1200	-0.1200	0.0000	0.0000	0.0000	0	1.00	0.2624	0.2264	-0.4830	1.390	0
205254	21.454	-0.493	-22.332	-0.45	-0.16	-0.08	-0.024	0.005	-0.043	0.000	0.000	0.000	0.1200	-0.1200	-0.1200	0.0000	0.0000	0.0000	0	1.00	0.2624	0.2264	-0.4830	1.390	0
205262	21.454	-0.488	-22.326	-0.57	0.18	-0.95	-0.011	0.018	-0.024	0.000	0.000	0.000	0.1200	-0.1200	-0.1200	0.0000	0.0000	0.0000	0	1.00	0.2624	0.2264	-0.4830	1.390	0
205269	21.451	-0.487	-22.323	-0.55	0.23	-0.38	-0.014	-0.006	-0.029	0.000	0.000	0.000	0.1200	-0.1200	-0.1200	0.0000	0.0000	0.0000	0	1.00	0.2624	0.2264	-0.4830	1.390	0
205277	21.448	-0.491	-22.323	-0.57	0.05	-0.38	-0.014	0.001	-0.022	0.000	0.000	-0.000	0.1200	-0.1200	-0.1200	0.0000	0.0000	0.0000	0	1.00	0.2624	0.2264	-0.4830	1.390	0
205285	21.447	-0.492	-22.324	-0.08	-0.07	-0.33	-0.006	-0.019	-0.009	0.000	0.000	-0.000	0.1200	-0.1200	-0.1200	0.0000	0.0000	0.0000	0	1.00	0.2624	0.2264	-0.4830	1.390	0
205294	21.452	-0.493	-22.329	-0.15	0.23	-0.46	0.014	-0.023	0.013	0.000	0.000	-0.000	0.1200	-0.1200	-0.1200	0.0000	0.0000	0.0000	0	1.00	0.2624	0.2264	-0.4830	1.390	0
205301	21.451	-0.494	-22.329	-0.47	0.11	-0.24	0.005	0.003	0.008	0.000	0.000	-0.000	0.1200	-0.1200	-0.1200	0.0000	0.0000	0.0000	0	1.00	0.2624	0.2264	-0.4830	1.390	0
205309	21.452	-0.492	-22.329	-0.27	0.10	-0.42	0.017	-0.015	0.023	0.000	0.000	0.000	0.1200	-0.1200	-0.1200	0.0000	0.0000	0.0000	0	1.00	0.2624	0.2264	-0.4830	1.390	0
205317	21.457	-0.487	-22.328	-0.54	0.17	-0.44	0.013	0.023	0.015	0.000	0.000	0.000	0.1200	-0.1200	-0.1200	0.0000	0.0000	0.0000	0	1.00	0.2624	0.2264	-0.4830	1.390	0
205325	21.457	-0.482	-22.325	-0.75	0.63	-0.58	0.012	0.008	0.029	0.000	0.000	0.000	0.1200	-0.1200	-0.1200	0.0000	0.0000	0.0000	0	1.00	0.2624	0.2264	-0.4830	1.390	0
205333	21.457	-0.483	-22.326	-0.35	0.37	-0.41	0.015	-0.012	0.027	0.000	0.000	0.000	0.1200	-0.1200	-0.1200	0.0000	0.0000	0.0000	0	1.00	0.2624	0.2264	-0.4830	1.390	0
205341	21.457	-0.482	-22.325	-0.57	0.42	-0.45	0.016	0.001	0.031	0.000	0.000	0.000	0.1200	-0.1200	-0.1200	0.0000	0.0000	0.0000	0	1.00	0.2624	0.2264	-0.4830	1.390	0
205349	21.459	-0.481	-22.326	-0.01	0.20	-0.15	-0.001	0.004	0.015	0.000	0.000	0.000	0.1200	-0.1200	-0.1200	0.0000	0.0000	0.0000	0	1.00	0.2624	0.2264	-0.4830	1.390	0
205357	21.456	-0.485	-22.325	-0.50	0.16	-0.36	-0.013	-0.022	0.002	0.000	0.000	0.000	0.1200	-0.1200	-0.1200	0.0000	0.0000	0.0000	0	1.00	0.2624	0.2264	-0.4830	1.390	0
205365	21.463	-0.476	-22.325	-0.53	-0.04	-0.65	-0.002	-0.015	-0.001	0.000	0.000	0.000	0.1200	-0.1200	-0.1200	0.0000	0.0000	0.0000	0	1.00	0.2624	0.2264	-0.4830	1.390	0
205373	21.464	-0.472	-22.323	-0.03	0.04	-0.49	-0.009	-0.013	-0.020	0.000	0.000	0.000	0.1200	-0.1200	-0.1200	0.0000	0.0000	0.0000	0	1.00	0.2624	0.2264	-0.4830	1.390	0
205381	21.467	-0.471	-22.325	-0.28	0.29	-0.49	-0.019	-0.003	-0.023	0.000	0.000	0.000	0.1200	-0.1200	-0.1200	0.0000	0.0000	0.0000	0	1.00	0.2624	0.2264	-0.4830	1.390	0
205389	21.467	-0.475	-22.328	-0.16	0.03	-0.14	-0.010	-0.022	-0.022	0.000	0.000	0.000	0.1200	-0.1200	-0.1200	0.0000	0.0000	0.0000	0	1.00	0.2624	0.2264	-0.4830	1.390	0
205397	21.467	-0.476	-22.329	-0.13	0.17	-0.52	-0.006	-0.014	-0.028	0.000	0.000	0.000	0.1200	-0.1200	-0.1200	0.0000	0.0000	0.0000	0	1.00	0.2624	0.2264	-0.4830	1.390	0
205405	21.467	-0.470	-22.324	-0.23	-0.04	-0.21	-0.006	-0.022	-0.005	0.000	0.000	0.000	0.1200	-0.1200	-0.1200	0.0000	0.0000	0.0000	0	1.00	0.2624	0.2264	-0.4830	1.390	0
205413	21.467	-0.469	-22.323	-0.42	0.18	-0.35	0.003	0.014	-0.008	0.000	0.000	0.000	0.1200	-0.1200	-0.1200	0.0000	0.0000	0.0000	0	1.00	0.2624	0.2264	-0.4830	1.390	0
205421	21.466	-0.471	-22.323	-0.28	0.03	-0.23	0.001	-0.015	0.014	0.000	0.000	0.000	0.1200	-0.1200	-0.1200	0.0000	0.0000	0.0000	0	1.00	0.2624	0.2264	-0.4830	1.390	0
205429	21.463	-0.468	-22.318	-0.49	0.15	-0.46	0.006	0.019	0.036	0.000	0.000	0.000	0.1200	-0.1200	-0.1200	0.0000	0.0000	0.0000	0	1.00	0.2624	0.2264	-0.4830	1.390	0
205437	21.458	-0.473	-22.317	-0.38	0.12	-0.23	0.012	0.011	0.019	0.000	0.000	0.000	0.1200	-0.1200	-0.1200	0.0000	0.0000	0.0000	0	1.00	0.2624	0.2264	-0.4830	1.390	0
205445	21.454	-0.474	-22.314	-0.77	0.22	-0.04	0.015	0.031	0.020	0.000	0.000	0.000	0.1200	-0.1200	-0.1200	0.0000	0.0000	0.0000	0	1.00	0.2624	0.2264	-0.4830	1.390	0
205453	21.453	-0.472	-22.311	0.07	-0.07	-0.16	0.011	-0.000	0.012	0.000	0.000	0.000	0.1200	-0.1200	-0.1200	0.0000	0.0000	0.0000	0	1.00	0.2624	0.2264	-0.4830	1.390	0
205460	21.456	-0.466	-22.309	-0.53	0.16	-0.54	0.008	0.038	0.010	0.000	0.000	0.000	0.1200	-0.1200	-0.1200	0.0000	0.0000	0.0000	0	1.00	0.2624	0.2264	-0.4830	1.390	0
205469	21.466	-0.459	-22.312	-0.47	0.09	-0.52	-0.002	0.023	0.003	0.000	0.000	0.000	0.1200	-0.1200	-0.1200	0.0000	0.0000	0.0000	0	1.00	0.2624	0.2264	-0.4830	1.390	0
205476	21.464	-0.462	-22.313	-0.40	-0.01	-0.28	0.003	0.033	-0.010	0.000	0.000	0.000	0.1200	-0.1200	-0.1200	0.0000	0.0000	0.0000	0	1.00	0.2624	0.2264	-0.4830	1.390	0
205484	21.467	-0.461	-22.315	-0.06	-0.02	-0.19	-0.007	0.002	-0.017	0.000	0.000	0.000	0.1200	-0.1200	-0.1200	0.0000	0.0000	0.0000	0	1.00	0.2624	0.2264	-0.4830	1.390	0
205492	21.465	-0.459	-22.312	-0.42	-0.08	-0.09	-0.013	-0.005	-0.037	0.000	0.000	0.000	0.1200	-0.1200	-0.1200	0.0000	0.0000	0.0000	0	1.00	0.2624	0.2264	-0.4830	1.390	0
205500	21.469	-0.459	-22.315	0.00	-0.01	-0.37	-0.014	-0.006	-0.051	0.000	0.000	0.000	0.1200	-0.1200	-0.1200	0.0000	0.0000	0.0000	0	1.00	0.2624	0.2264	-0.4830	1.390	0
205508	21.470	-0.455	-22.313	-0.28	0.12	-0.32	-0.008	0.016	-0.036	0.000	0.000	0.000	0.1200	-0.1200	-0.1200	0.0000	0.0000	0.0000	0	1.00	0.2624	0.2264	-0.4830	1.390	0
205516	21.469	-0.457	-22.314	-0.36	-0.19	-0.46	-0.007	-0.014	-0.030	0.000	0.000	-0.000	0.1200	-0.1200	-0.1200	0.0000	0.0000	0.0000	0	1.00	0.2624	0.2264	-0.4830	1.390	0
205524	21.469	-0.455	-22.312	-0.49	-0.02	-0.29	0.007	-0.009	-0.018	0.000	0.000	-0.000	0.1200	-0.1200	-0.1200	0.0000	0.0000	0.0000	0	1.00	0.2624	0.2264	-0.4830	1.390	0
205532	21.468	-0.461	-22.316	-0.24	-0.15	-0.41	0.006	-0.028	-0.008	0.000	0.000	-0.000	0.1200	-0.1200	-0.1200	0.0000	0.0000	0.0000	0	1.00	0.2624	0.2264	-0.4830	1.390	0
205540	21.468	-0.460	-22.316	-0.29	-0.17	-0.34	-0.005	-0.031	0.020	0.000	0.000	-0.000	0.1200	-0.1200	-0.1200	0.0000	0.0000	0.0000	0	1.00	0.2624	0.2264	-0.4830	1.390	0
205548	21.467	-0.457	-22.311	-0.30	-0.08	0.00	0.001	0.004	0.031	0.000	0.000	0.000	0.1200	-0.1200	-0.1200	0.0000	0.0000	0.0000	0	1.00	0.2624	0.2264	-0.4830	1.390	0
205556	21.466	-0.457	-22.311	-0.29	-0.08	-0.43	-0.007	0.015	0.032	0.000	0.000	0.000	0.1200	-0.1200	-0.1200	0.0000	0.0000	0.0000	0	1.00	0.2624	0.2264	-0.4830	1.390	0
205564	21.461	-0.460	-22.309	-0.14	-0.37	-0.29	0.012	-0.010	0.038	0.000	0.000	0.000	0.1200	-0.1200	-0.1200	0.0000	0.0000	0.0000	0	1.00	0.2624	0.2264	-0.4830	1.390	0
205572	21.457	-0.460	-22.304	-0.46	0.10	-0.34	0.009	0.013	0.043	0.000	0.000	0.000	0.1200	-0.1200	-0.1200	0.0000	0.0000	0.0000	0	1.00	0.2624	0.2264	-0.4830	1.390	0
205580	21.458	-0.458	-22.303	-0.64	0.22	-0.38	0.005	0.010	0.025	0.000	0.000	0.000	0.1200	-0.1200	-0.1200	0.0000	0.0000	0.0000	0	1.00	0.2624	0.2264	-0.4830	1.390	0
205588	21.459	-0.461	-22.307	-0.24	-0.32	-0.24	0.005	0.015	0.008	0.000	0.000	0.000	0.1200	-0.1200	-0.1200	0.0000	0.0000	0.0000	0	1.00	0.2624	0.2264	-0.4830	1.390	0
205596	21.460	-0.459	-22.306	-0.06	-0.10	-0.11	0.009	-0.004	0.001	0.000	0.000	0.000	0.1200	-0.1200	-0.1200	0.0000	0.0000	0.0000	0	1.00	0.2624	0.2264	-0.4830	1.390	0
205604	21.455	-0.460	-22.303	-0.32	-0.13	-0.14	0.000	0.033	-0.024	0.000	0.000	0.000	0.1200	-0.1200	-0.1200	0.0000	0.0000	0.0000	0	1.00	0.2624	0.2264	-0.4830	1.390	0
205612	21.458	-0.458	-22.304	-0.36	-0.15	-0.50	-0.008	0.012	-0.041	0.000	0.000	0.000	0.1200	-0.1200	-0.1200	0.0000	0.0000	0.0000	0	1.00	0.2624	0.2264	-0.4830	1.390	0
205620	21.462	-0.455	-22.304	-0.66	-0.08	-0.26	-0.012	-0.003	-0.049	0.000	0.000	0.000	0.1200	-0.1200	-0.1200	0.0000	0.0000	0.0000	0	1.00	0.2624	0.2264	-0.4830	1.390	0
205628	21.459	-0.459	-22.305	-0.55	-0.11	-0.46	-0.006	-0.013	-0.051	0.000	0.000	0.000	0.1200	-0.1200	-0.1200	0.0000	0.0000	0.0000	0	1.00	0.2624	0.2264	-0.4830	1.390	0
205636	21.458	-0.461	-22.307	-0.58	-0.10	-0.54	-0.015	-0.015	-0.035	0.000	0.000	-0.000	0.1200	-0.1200	-0.1200	0.0000	0.0000	0.0000	0	1.00	0.2624	0.2264	-0.4830	1.390	0
205644	21.457	-0.470	-22.313	-0.33	-0.31	-0.58	-0.005	-0.030	-0.032	0.000	0.000	-0.000	0.1200	-0.1200	-0.1200	0.0000	0.0000	0.0000	0	1.00	0.2624	0.2264	-0.4830	1.390	0
205652	21.448	-0.476	-22.310	-0.10	-0.18	-0.10	-0.022	-0.009	-0.025	0.000	0.000	-0.000	0.1200	-0.1200	-0.1200	0.0000	0.0000	0.0000	0	1.00	0.2624	0.2264	-0.4830	1.390	0
205660	21.448	-0.476	-22.310	-0.05	-0.08	-0.25	-0.033	0.005	0.008	0.000	0.000	-0.000	0.1200	-0.1200	-0.1200	0.0000	0.0000	0.0000	0	1.00	0.2624	0.2264	-0.4830	1.390	0
205668	21.449	-0.470	-22.305	-0.49	0.11	-0.42	-0.027	-0.003	0.038	0.000	0.000	-0.000	0.1200	-0.1200	-0.1200	0.0000	0.0000	0.0000	0	1.00	0.2624	0.2264	-0.4830	1.390	0
205676	21.448	-0.469	-22.303	-0.61	-0.02	-0.37	-0.015	-0.022	0.047	-0.000	0.000	-0.000	0.1200	-0.1200	-0.1200	0.0000	0.0000	0.0000	0	1.00	0.2624	0.2264	-0.4830	1.390	0
205684	21.450	-0.470	-22.307	-0.69	-0.16	-0.69	-0.003	0.009	0.059	-0.000	0.000	0.000	0.1200	-0.1200	-0.1200	0.0000	0.0000	0.0000	0	1.00	0.2624	0.2264	-0.4830	1.390	0
205692	21.447	-0.474	-22.306	-0.16	-0.05	-0.49	-0.017	0.006	0.044	-0.000	0.000	0.000	0.1200	-0.1200	-0.1200	0.0000	0.0000	0.0000	0	1.00	0.2624	0.2264	-0.4830	1.390	0
205700	21.444	-0.477	-22.307	-0.07	-0.23	0.02	-0.004	-0.010	0.042	-0.000	0.000	0.000	0.1200	-0.1200	-0.1200	0.0000	0.0000	0.0000	0	1.00	0.2624	0.2264	-0.4830	1.390	0
205708	21.445	-0.478	-22.309	-0.24	-0.15	-0.41	-0.008	0.010	0.023	-0.000	0.000	0.000	0.1200	-0.1200	-0.1200	0.0000	0.0000	0.0000	0	1.00	0.2624	0.2264	-0.4830	1.390	0
205716	21.447	-0.476	-22.309	-0.16	0.29	-0.40	0.003	-0.010	0.011	-0.000	0.000	0.000	0.1200	-0.1200	-0.1200	0.0000	0.0000	0.0000	0	1.00	0.2624	0.2264	-0.4830	1.390	0
205724	21.446	-0.475	-22.307	-0.51	0.18	-0.68	0.007	0.006	-0.005	-0.000	0.000	0.000	0.1200	-0.1200	-0.1200	0.0000	0.0000	0.0000	0	1.00	0.2624	0.2264	-0.4830	1.390	0
205732	21.452	-0.469	-22.308	-0.29	-0.17	-0.34	0.023	-0.009	-0.023	-0.000	0.000	0.000	0.1200	-0.1200	-0.1200	0.0000	0.0000	0.0000	0	1.00	0.2624	0.2264	-0.4830	1.390	0
205740	21.455	-0.467	-22.309	-0.36	-0.17	-0.17	0.009	-0.002	-0.025	-0.000	0.000	0.000	0.1200	-0.1200	-0.1200	0.0000	0.0000	0.0000	0	1.00	0.2624	0.2264	-0.4830	1.390	0
205748	21.453	-0.472	-22.311	-0.34	-0.23	-0.23	0.018	0.008	-0.037	0.000	0.000	0.000	0.1200	-0.1200	-0.1200	0.0000	0.0000	0.0000	0	1.00	0.2624	0.2264	-0.4830	1.390	0
205756	21.452	-0.475	-22.314	-0.11	-0.29	-0.30	0.008	0.010	-0.035	0.000	0.000	0.000	0.1200	-0.1200	-0.1200	0.0000	0.0000	0.0000	0	1.00	0.2624	0.2264	-0.4830	1.390	0
205763	21.454	-0.473	-22.313	-0.42	0.18	-0.35	-0.003	0.001	-0.024	0.000	0.000	0.000	0.1200	-0.1200	-0.1200	0.0000	0.0000	0.0000	0	1.00	0.2624	0.2264	-0.4830	1.390	0
205772	21.457	-0.473	-22.316	-0.30	0.02	-0.41	-0.004	-0.000	-0.004	0.000	0.000	0.000	0.1200	-0.1200	-0.1200	0.0000	0.0000	0.0000	0	1.00	0.2624	0.2264	-0.4830	1.390	0
205779	21.453	-0.476	-22.315	-0.43	-0.48	-0.31	0.005	0.015	0.018	0.000	0.000	0.000	0.1200	-0.1200	-0.1200	0.0000	0.0000	0.0000	0	1.00	0.2624	0.2264	-0.4830	1.390	0
205788	21.451	-0.480	-22.316	-0.28	-0.10	-0.10	0.004	-0.008	0.024	0.000	0.000	0.000	0.1200	-0.1200	-0.1200	0.0000	0.0000	0.0000	0	1.00	0.2624	0.2264	-0.4830	1.390	0
205796	21.448	-0.481	-22.314	-0.16	-0.35	0.25	-0.022	-0.013	0.012	0.000	0.000	0.000	0.1200	-0.1200	-0.1200	0.0000	0.0000	0.0000	0	1.00	0.2624	0.2264	-0.4830	1.390	0
205803	21.448	-0.479	-22.312	-0.28	-0.10	-0.10	-0.015	-0.024	0.016	-0.000	0.000	0.000	0.1200	-0.1200	-0.1200	0.0000	0.0000	0.0000	0	1.00	0.2624	0.2264	-0.4830	1.390	0
205812	21.446	-0.476	-22.307	-0.24	-0.03	-0.21	-0.009	0.000	0.006	-0.000	0.000	0.000	0.1200	-0.1200	-0.1200	0.0000	0.0000	0.0000	0	1.00	0.2624	0.2264	-0.4830	1.390	0
205819	21.444	-0.474	-22.304	-0.26	-0.00	-0.44	0.003	-0.006	-0.007	-0.000	0.000	0.000	0.1200	-0.1200	-0.1200	0.0000	0.0000	0.0000	0	1.00	0.2624	0.2264	-0.4830	1.390	0
205828	21.443	-0.474	-22.303	-0.65	-0.06	-0.41	0.014	-0.001	-0.017	0.000	0.000	0.000	0.1200	-0.1200	-0.1200	0.0000	0.0000	0.0000	0	1.00	0.2624	0.2264	-0.4830	1.390	0
205835	21.442	-0.474	-22.301	-0.41	-0.01	-0.28	0.015	0.017	-0.024	0.000	0.000	0.000	0.1200	-0.1200	-0.1200	0.0000	0.0000	0.0000	0	1.00	0.2624	0.2264	-0.4830	1.390	0
205843	21.442	-0.476	-22.304	-0.27	0.06	-0.38	0.025	0.011	-0.015	0.000	0.000	0.000	0.1200	-0.1200	-0.1200	0.0000	0.0000	0.0000	0	1.00	0.2624	0.2264	-0.4830	1.390	0
205851	21.448	-0.471	-22.306	-0.27	0.19	-0.51	0.021	0.009	-0.023	0.000	0.000	0.000	0.1200	-0.1200	-0.1200	0.0000	0.0000	0.0000	0	1.00	0.2624	0.2264	-0.4830	1.390	0
205859	21.451	-0.469	-22.306	-0.11	-0.16	-0.43	0.011	0.015	-0.017	0.000	0.000	0.000	0.1200	-0.1200	-0.1200	0.0000	0.0000	0.0000	0	1.00	0.2624	0.2264	-0.4830	1.390	0
205867	21.452	-0.467	-22.306	-0.53	-0.10	-0.28	0.001	0.029	-0.006	0.000	0.000	0.000	0.1200	-0.1200	-0.1200	0.0000	0.0000	0.0000	0	1.00	0.2624	0.2264	-0.4830	1.390	0
205875	21.453	-0.466	-22.306	-0.41	-0.12	-0.48	-0.011	0.001	-0.012	0.000	0.000	-0.000	0.1200	-0.1200	-0.1200	0.0000	0.0000	0.0000	0	1.00	0.2624	0.2264	-0.4830	1.390	0
205883	21.452	-0.466	-22.305	-0.24	0.01	-0.26	-0.010	-0.021	-0.010	0.000	0.000	-0.000	0.1200	-0.1200	-0.1200	0.0000	0.0000	0.0000	0	1.00	0.2624	0.2264	-0.4830	1.390	0
205891	21.453	-0.466	-22.306	-0.32	0.21	-0.48	-0.028	-0.014	0.009	0.000	0.000	-0.000	0.1200	-0.1200	-0.1200	0.0000	0.0000	0.0000	0	1.00	0.2624	0.2264	-0.4830	1.390	0
205899	21.449	-0.469	-22.305	-0.52	0.18	-0.25	-0.029	-0.025	0.024	0.000	0.000	0.000	0.1200	-0.1200	-0.1200	0.0000	0.0000	0.0000	0	1.00	0.2624	0.2264	-0.4830	1.390	0
205907	21.449	-0.465	-22.302	-0.12	0.27	0.01	-0.029	-0.005	0.025	-0.000	0.000	0.000	0.1200	-0.1200	-0.1200	0.0000	0.0000	0.0000	0	1.00	0.2624	0.2264	-0.4830	1.390	0
205915	21.450	-0.466	-22.303	-0.51	0.17	-0.36	-0.026	-0.033	0.032	-0.000	0.000	0.000	0.1200	-0.1200	-0.1200	0.0000	0.0000	0.0000	0	1.00	0.2624	0.2264	-0.4830	1.390	0
205923	21.455	-0.458	-22.301	-0.27	0.19	-0.51	-0.008	-0.007	0.011	-0.000	0.000	0.000	0.1200	-0.1200	-0.1200	0.0000	0.0000	0.0000	0	1.00	0.2624	0.2264	-0.4830	1.390	0
205931	21.462	-0.453	-22.303	-0.28	0.54	-0.42	-0.009	-0.009	-0.004	-0.000	0.000	0.000	0.1200	-0.1200	-0.1200	0.0000	0.0000	0.0000	0	1.00	0.2624	0.2264	-0.4830	1.390	0
205939	21.461	-0.455	-22.303	-0.36	0.18	-0.52	0.013	0.030	0.013	-0.000	0.000	0.000	0.1200	-0.1200	-0.1200	0.0000	0.0000	0.0000	0	1.00	0.2624	0.2264	-0.4830	1.390	0
205947	21.463	-0.452	-22.303	-0.31	0.16	-0.54	0.032	0.029	-0.015	-0.000	0.000	0.000	0.1200	-0.1200	-0.1200	0.0000	0.0000	0.0000	0	1.00	0.2624	0.2264	-0.4830	1.390	0
205955	21.463	-0.451	-22.303	-0.38	0.41	-0.20	0.048	0.012	-0.015	0.000	0.000	0.000	0.1200	-0.1181	-0.1200	0.0000	0.0000	0.0000	0	1.00	0.2624	0.2264	-0.4830	1.390	0
205963	21.462	-0.450	-22.301	-0.33	0.36	-0.51	0.036	0.014	-0.018	0.000	0.000	0.000	0.1200	-0.1200	-0.1200	0.0000	0.0000	0.0000	0	1.00	0.2624	0.2264	-0.4830	1.390	0
205971	21.463	-0.453	-22.304	-0.23	0.23	-0.47	0.039	0.013	-0.024	0.000	0.000	0.000	0.1200	-0.1200	-0.1200	0.0000	0.0000	0.0000	0	1.00	0.2624	0.2264	-0.4830	1.390	0
205979	21.466	-0.447	-22.301	-0.40	0.23	-0.21	0.028	-0.022	-0.019	0.000	0.000	0.000	0.1200	-0.1200	-0.1200	0.0000	0.0000	0.0000	0	1.00	0.2624	0.2264	-0.4830	1.390	0
205987	21.467	-0.442	-22.298	-0.19	0.05	-0.65	0.001	-0.045	-0.008	0.000	0.000	0.000	0.1200	-0.1200	-0.1200	0.0000	0.0000	0.0000	0	1.00	0.2624	0.2264	-0.4830	1.390	0
205995	21.466	-0.440	-22.296	-0.28	0.32	-0.20	-0.011	-0.047	-0.010	0.000	0.000	-0.000	0.1200	-0.1200	-0.1200	0.0000	0.0000	0.0000	0	1.00	0.2624	0.2264	-0.4830	1.390	0
206003	21.467	-0.438	-22.295	-0.37	0.28	-0.50	-0.031	-0.013	-0.001	0.000	0.000	-0.000	0.1200	-0.1200	-0.1200	0.0000	0.0000	0.0000	0	1.00	0.2624	0.2264	-0.4830	1.390	0
206011	21.471	-0.435	-22.296	-0.41	0.25	-0.54	-0.036	-0.004	0.015	0.000	0.000	0.000	0.1200	-0.1200	-0.1200	0.0000	0.0000	0.0000	0	1.00	0.2624	0.2264	-0.4830	1.390	0
206019	21.472	-0.432	-22.294	-0.45	0.19	-0.42	-0.050	-0.004	0.031	0.000	0.000	0.000	0.1200	-0.1200	-0.1200	0.0000	0.0000	0.0000	0	1.00	0.2624	0.2264	-0.4830	1.390	0
206027	21.475	-0.434	-22.299	-0.07	-0.25	-0.26	-0.034	0.022	0.013	-0.000	0.000	0.000	0.1200	-0.1200	-0.1200	0.0000	0.0000	0.0000	0	1.00	0.2624	0.2264	-0.4830	1.390	0
206035	21.475	-0.434	-22.299	-0.27	-0.07	-0.25	-0.027	0.049	0.018	-0.000	0.000	0.000	0.1200	-0.1190	-0.1200	0.0000	0.0000	0.0000	0	1.00	0.2624	0.2264	-0.4830	1.390	0
206043	21.475	-0.435	-22.299	-0.35	-0.16	-0.17	-0.021	0.041	0.003	-0.000	0.000	0.000	0.1200	-0.1200	-0.1200	0.0000	0.0000	0.0000	0	1.00	0.2624	0.2264	-0.4830	1.390	0
206051	21.473	-0.442	-22.304	-0.48	0.44	-0.43	-0.017	0.043	-0.007	-0.000	0.000	0.000	0.1200	-0.1141	-0.1200	0.0000	0.0000	0.0000	0	1.00	0.2624	0.2264	-0.4830	1.390	0
206059	21.473	-0.438	-22.300	-0.45	0.06	-0.73	0.003	0.032	-0.011	-0.000	0.000	0.000	0.1200	-0.1200	-0.1200	0.0000	0.0000	0.0000	0	1.00	0.2624	0.2264	-0.4830	1.390	0
206067	21.474	-0.435	-22.299	-0.73	-0.15	-0.34	0.014	-0.009	-0.021	-0.000	0.000	0.000	0.1200	-0.1200	-0.1200	0.0000	0.0000	0.0000	0	1.00	0.2624	0.2264	-0.4830	1.390	0
206075	21.474	-0.435	-22.299	-0.37	0.15	-0.37	0.037	-0.005	-0.012	-0.000	0.000	0.000	0.1200	-0.1200	-0.1200	0.0000	0.0000	0.0000	0	1.00	0.2624	0.2264	-0.4830	1.390	0
206083	21.475	-0.431	-22.296	-0.11	0.23	-0.38	0.029	0.003	-0.016	-0.000	0.000	0.000	0.1200	-0.1183	-0.1200	0.0000	0.0000	0.0000	0	1.00	0.2624	0.2264	-0.4830	1.390	0
206091	21.476	-0.430	-22.296	-0.42	0.22	-0.39	0.018	-0.020	-0.005	0.000	0.000	-0.000	0.1200	-0.1200	-0.1200	0.0000	0.0000	0.0000	0	1.00	0.2624	0.2264	-0.4830	1.390	0
206099	21.480	-0.425	-22.295	-0.27	0.19	-0.51	0.019	-0.014	-0.004	0.000	0.000	-0.000	0.1200	-0.1200	-0.1200	0.0000	0.0000	0.0000	0	1.00	0.2624	0.2264	-0.4830	1.390	0
206107	21.482	-0.421	-22.294	-0.55	0.24	-0.38	0.025	-0.039	-0.002	0.000	0.000	-0.000	0.1200	-0.1200	-0.1200	0.0000	0.0000	0.0000	0	1.00	0.2624	0.2264	-0.4830	1.390	0
206115	21.482	-0.418	-22.291	-0.68	0.50	-0.29	0.034	-0.038	0.024	0.000	0.000	-0.000	0.1200	-0.1200	-0.1200	0.0000	0.0000	0.0000	0	1.00	0.2624	0.2264	-0.4830	1.390	0
206123	21.480	-0.421	-22.292	-0.41	-0.21	-0.39	0.006	-0.001	0.017	0.000	0.000	0.000	0.1200	-0.1200	-0.1200	0.0000	0.0000	0.0000	0	1.00	0.2624	0.2264	-0.4830	1.390	0
206131	21.479	-0.426	-22.295	-0.18	0.36	-0.34	-0.004	0.001	0.017	0.000	0.000	0.000	0.1200	-0.1153	-0.1200	0.0000	0.0000	0.0000	0	1.00	0.2624	0.2264	-0.4830	1.390	0
206138	21.479	-0.428	-22.297	-0.15	0.06	-0.29	-0.023	-0.000	0.010	0.000	0.000	0.000	0.1200	-0.1200	-0.1200	0.0000	0.0000	0.0000	0	1.00	0.2624	0.2264	-0.4830	1.390	0
206147	21.477	-0.427	-22.295	-0.07	-0.21	-0.30	-0.036	0.032	0.017	0.000	0.000	0.000	0.1200	-0.1200	-0.1200	0.0000	0.0000	0.0000	0	1.00	0.2624	0.2264	-0.4830	1.390	0
206155	21.478	-0.421	-22.291	-0.33	0.32	-0.47	-0.042	0.050	0.018	0.000	0.000	0.000	0.1200	-0.1107	-0.1200	0.0000	0.0000	0.0000	0	1.00	0.2624	0.2264	-0.4830	1.390	0
206162	21.477	-0.419	-22.287	-0.80	0.19	-0.51	-0.032	0.025	0.009	-0.000	0.000	0.000	0.1200	-0.1190	-0.1200	0.0000	0.0000	0.0000	0	1.00	0.2624	0.2264	-0.4830	1.390	0
206170	21.479	-0.416	-22.287	-0.56	0.04	-0.49	-0.010	0.010	0.008	-0.000	0.000	0.000	0.1200	-0.1200	-0.1200	0.0000	0.0000	0.0000	0	1.00	0.2624	0.2264	-0.4830	1.390	0
206178	21.480	-0.417	-22.288	0.02	-0.17	-0.01	0.005	0.029	-0.014	-0.000	0.000	0.000	0.1200	-0.1155	-0.1200	0.0000	0.0000	0.0000	0	1.00	0.2624	0.2264	-0.4830	1.390	0
206187	21.478	-0.422	-22.291	-0.26	-0.13	-0.31	0.022	0.014	-0.031	-0.000	0.000	0.000	0.1200	-0.1200	-0.1200	0.0000	0.0000	0.0000	0	1.00	0.2624	0.2264	-0.4830	1.390	0
206194	21.479	-0.420	-22.290	-0.15	-0.02	-0.20	0.034	0.004	-0.032	-0.000	0.000	0.000	0.1200	-0.1196	-0.1200	0.0000	0.0000	0.0000	0	1.00	0.2624	0.2264	-0.4830	1.390	0
206202	21.480	-0.419	-22.290	-0.46	-0.10	-0.45	0.044	-0.043	-0.011	0.000	0.000	-0.000	0.1200	-0.1200	-0.1200	0.0000	0.0000	0.0000	0	1.00	0.2624	0.2264	-0.4830	1.390	0
206210	21.478	-0.420	-22.290	-0.28	0.08	-0.27	0.032	-0.031	-0.015	0.000	0.000	-0.000	0.1200	-0.1200	-0.1200	0.0000	0.0000	0.0000	0	1.00	0.2624	0.2264	-0.4830	1.390	0
206218	21.478	-0.420	-22.289	-0.41	0.03	-0.32	0.034	-0.064	-0.009	0.000	0.000	-0.000	0.1200	-0.1200	-0.1200	0.0000	0.0000	0.0000	0	1.00	0.2624	0.2264	-0.4830	1.390	0
206226	21.477	-0.418	-22.286	-0.30	0.18	-0.26	0.021	-0.050	-0.006	0.000	0.000	-0.000	0.1200	-0.1200	-0.1200	0.0000	0.0000	0.0000	0	1.00	0.2624	0.2264	-0.4830	1.390	0
206234	21.481	-0.414	-22.287	-0.21	0.11	-0.16	-0.006	-0.019	0.001	0.000	0.000	-0.000	0.1200	-0.1200	-0.1200	0.0000	0.0000	0.0000	0	1.00	0.2624	0.2264	-0.4830	1.390	0
206242	21.482	-0.417	-22.291	-0.11	0.19	-0.34	-0.025	-0.029	-0.012	0.000	0.000	-0.000	0.1200	-0.1200	-0.1200	0.0000	0.0000	0.0000	0	1.00	0.2624	0.2264	-0.4830	1.390	0
206250	21.488	-0.409	-22.289	-0.45	0.19	-0.42	-0.033	0.024	0.009	0.000	0.000	-0.000	0.1200	-0.1140	-0.1200	0.0000	0.0000	0.0000	0	1.00	0.2624	0.2264	-0.4830	1.390	0
206258	21.492	-0.406	-22.291	-0.61	0.24	-0.64	-0.039	0.051	0.010	0.000	0.000	-0.000	0.1200	-0.1124	-0.1200	0.0000	0.0000	0.0000	0	1.00	0.2624	0.2264	-0.4830	1.390	0
206266	21.485	-0.411	-22.288	-0.79	0.02	-0.34	-0.039	0.037	0.021	0.000	0.000	-0.000	0.1200	-0.1180	-0.1200	0.0000	0.0000	0.0000	0	1.00	0.2624	0.2264	-0.4830	1.390	0
206274	21.483	-0.413	-22.287	-0.48	-0.17	-0.26	-0.040	0.062	0.012	-0.000	0.000	-0.000	0.1200	-0.1172	-0.1200	0.0000	0.0000	0.0000	0	1.00	0.2624	0.2264	-0.4830	1.390	0
206282	21.479	-0.416	-22.287	-0.50	0.28	-0.16	-0.022	0.058	0.034	-0.000	0.000	0.000	0.1200	-0.1089	-0.1200	0.0000	0.0000	0.0000	0	1.00	0.2624	0.2264	-0.4830	1.390	0
206290	21.475	-0.417	-22.284	-0.26	-0.17	-0.26	-0.039	0.046	0.023	-0.000	0.000	0.000	0.1200	-0.1177	-0.1200	0.0000	0.0000	0.0000	0	1.00	0.2624	0.2264	-0.4830	1.390	0
206298	21.473	-0.415	-22.280	-0.44	-0.22	-0.14	-0.003	-0.028	0.013	-0.000	0.000	0.000	0.1200	-0.1200	-0.1200	0.0000	0.0000	0.0000	0	1.00	0.2624	0.2264	-0.4830	1.390	0
206306	21.479	-0.409	-22.280	-0.41	0.34	-0.62	0.010	-0.031	0.021	-0.000	0.000	0.000	0.1200	-0.1200	-0.1200	0.0000	0.0000	0.0000	0	1.00	0.2624	0.2264	-0.4830	1.390	0
206314	21.485	-0.407	-22.284	-0.70	0.40	-0.82	0.042	-0.039	-0.002	-0.000	0.000	0.000	0.1200	-0.1200	-0.1200	0.0000	0.0000	0.0000	0	1.00	0.2624	0.2264	-0.4830	1.390	0
206322	21.490	-0.400	-22.283	-0.29	-0.12	-0.39	0.051	-0.064	-0.004	-0.000	0.000	0.000	0.1200	-0.1200	-0.1200	0.0000	0.0000	0.0000	0	1.00	0.2624	0.2264	-0.4830	1.390	0
206330	21.499	-0.393	-22.286	-0.27	0.11	-0.42	0.040	-0.070	-0.010	0.000	0.000	0.000	0.1200	-0.1200	-0.1200	0.0000	0.0000	0.0000	0	1.00	0.2624	0.2264	-0.4830	1.390	0
206338	21.499	-0.393	-22.286	-0.03	0.03	-0.16	0.050	-0.062	-0.029	0.000	0.000	0.000	0.1200	-0.1200	-0.1200	0.0000	0.0000	0.0000	0	1.00	0.2624	0.2264	-0.4830	1.390	0
206346	21.500	-0.387	-22.282	-0.35	0.31	-0.65	0.041	-0.035	-0.033	0.000	0.000	0.000	0.1200	-0.1169	-0.1200	0.0000	0.0000	0.0000	0	1.00	0.2624	0.2264	-0.4830	1.390	0
206354	21.500	-0.384	-22.278	-0.37	0.12	-0.33	0.012	0.006	-0.032	0.000	0.000	-0.000	0.1200	-0.1117	-0.1200	0.0000	0.0000	0.0000	0	1.00	0.2624	0.2264	-0.4830	1.390	0
206362	21.496	-0.388	-22.278	-0.43	-0.17	-0.61	0.010	0.021	-0.030	0.000	0.000	-0.000	0.1200	-0.1184	-0.1200	0.0000	0.0000	0.0000	0	1.00	0.2624	0.2264	-0.4830	1.390	0
206370	21.495	-0.389	-22.277	-0.78	-0.08	-0.35	-0.002	0.045	-0.025	0.000	0.000	-0.000	0.1200	-0.1146	-0.1200	0.0000	0.0000	0.0000	0	1.00	0.2624	0.2264	-0.4830	1.390	0
206378	21.491	-0.388	-22.273	-0.47	0.38	-0.49	-0.023	0.052	0.000	0.000	0.000	-0.000	0.1200	-0.1036	-0.1200	0.0000	0.0000	0.0000	0	1.00	0.2624	0.2264	-0.4830	1.390	0
206386	21.489	-0.392	-22.275	-0.39	-0.20	-0.21	-0.023	0.046	0.007	0.000	0.000	-0.000	0.1200	-0.1136	-0.1200	0.0000	0.0000	0.0000	0	1.00	0.2624	0.2264	-0.4830	1.390	0
206394	21.488	-0.397	-22.278	-0.21	0.02	-0.07	-0.034	0.057	0.024	0.000	0.000	-0.000	0.1200	-0.1073	-0.1200	0.0000	0.0000	0.0000	0	1.00	0.2624	0.2264	-0.4830	1.390	0
206402	21.494	-0.387	-22.275	-0.53	0.12	-0.49	-0.034	0.029	0.035	0.000	0.000	-0.000	0.1200	-0.1112	-0.1200	0.0000	0.0000	0.0000	0	1.00	0.2624	0.2264	-0.4830	1.390	0
206410	21.493	-0.389	-22.276	-0.50	0.26	-0.44	-0.036	-0.007	0.046	0.000	0.000	0.000	0.1200	-0.1140	-0.1200	0.0000	0.0000	0.0000	0	1.00	0.2624	0.2264	-0.4830	1.390	0
206418	21.493	-0.391	-22.278	-0.83	0.03	-0.41	-0.020	-0.038	0.037	0.000	0.000	0.000	0.1200	-0.1200	-0.1200	0.0000	0.0000	0.0000	0	1.00	0.2624	0.2264	-0.4830	1.390	0
206426	21.498	-0.389	-22.281	-0.28	0.25	-0.45	-0.003	-0.052	0.046	-0.000	0.000	0.000	0.1200	-0.1180	-0.1200	0.0000	0.0000	0.0000	0	1.00	0.2624	0.2264	-0.4830	1.390	0
206434	21.495	-0.392	-22.281	-0.13	0.42	-0.45	0.004	-0.048	0.033	0.000	0.000	0.000	0.1200	-0.1141	-0.1200	0.0000	0.0000	0.0000	0	1.00	0.2624	0.2264	-0.4830	1.390	0
206442	21.491	-0.395	-22.279	-0.16	-0.05	-0.06	0.022	-0.036	0.012	0.000	0.000	0.000	0.1200	-0.1200	-0.1200	0.0000	0.0000	0.0000	0	1.00	0.2624	0.2264	-0.4830	1.390	0
206450	21.492	-0.392	-22.278	0.04	0.14	-0.13	0.038	-0.023	0.002	0.000	0.000	0.000	0.1200	-0.1133	-0.1200	0.0000	0.0000	0.0000	0	1.00	0.2624	0.2264	-0.4830	1.390	0
206458	21.489	-0.393	-22.275	-0.24	0.10	-0.34	0.042	-0.024	-0.013	0.000	0.000	0.000	0.1200	-0.1180	-0.1200	0.0000	0.0000	0.0000	0	1.00	0.2624	0.2264	-0.4830	1.390	0
206466	21.487	-0.394	-22.274	-0.53	-0.01	-0.36	0.027	0.034	-0.018	0.000	0.000	0.000	0.1200	-0.1137	-0.1200	0.0000	0.0000	0.0000	0	1.00	0.2624	0.2264	-0.4830	1.390	0
206474	21.491	-0.390	-22.275	-0.36	0.01	-0.34	0.033	0.059	-0.036	0.000	0.000	0.000	0.1200	-0.1090	-0.1200	0.0000	0.0000	0.0000	0	1.00	0.2624	0.2264	-0.4830	1.390	0
206482	21.494	-0.390	-22.277	-0.26	0.05	-0.48	0.013	0.054	-0.038	0.000	0.000	0.000	0.1200	-0.1087	-0.1200	0.0000	0.0000	0.0000	0	1.00	0.2624	0.2264	-0.4830	1.390	0
206489	21.498	-0.388	-22.280	-0.39	-0.07	-0.34	0.008	0.041	-0.042	0.000	0.000	0.000	0.1200	-0.1117	-0.1200	0.0000	0.0000	0.0000	0	1.00	0.2624	0.2264	-0.4830	1.390	0
206498	21.501	-0.386	-22.281	-0.19	-0.25	-0.35	-0.017	0.057	-0.033	0.000	0.000	-0.000	0.1200	-0.1121	-0.1200	0.0000	0.0000	0.0000	0	1.00	0.2624	0.2264	-0.4830	1.390	0
206506	21.501	-0.385	-22.280	-0.30	0.19	-0.26	-0.027	0.008	-0.027	0.000	0.000	-0.000	0.1200	-0.1093	-0.1200	0.0000	0.0000	0.0000	0	1.00	0.2624	0.2264	-0.4830	1.390	0
206513	21.498	-0.393	-22.284	-0.68	-0.05	-0.49	-0.046	-0.015	0.001	0.000	0.000	-0.000	0.1200	-0.1200	-0.1200	0.0000	0.0000	0.0000	0	1.00	0.2624	0.2264	-0.4830	1.390	0
206521	21.499	-0.391	-22.283	-0.70	0.31	-0.30	-0.044	-0.016	-0.004	0.000	0.000	-0.000	0.1200	-0.1150	-0.1200	0.0000	0.0000	0.0000	0	1.00	0.2624	0.2264	-0.4830	1.390	0
206529	21.496	-0.389	-22.279	-0.77	0.44	-0.26	-0.058	-0.041	0.009	0.000	0.000	-0.000	0.1200	-0.1156	-0.1200	0.0000	0.0000	0.0000	0	1.00	0.2624	0.2264	-0.4830	1.390	0
206538	21.491	-0.398	-22.283	-0.19	-0.17	-0.44	-0.027	-0.030	0.026	-0.000	0.000	-0.000	0.1200	-0.1200	-0.1200	0.0000	0.0000	0.0000	0	1.00	0.2624	0.2264	-0.4830	1.390	0
206545	21.489	-0.399	-22.281	-0.32	0.00	-0.27	-0.011	-0.014	0.028	-0.000	0.000	0.000	0.1200	-0.1198	-0.1200	0.0000	0.0000	0.0000	0	1.00	0.2624	0.2264	-0.4830	1.390	0
206553	21.487	-0.402	-22.283	-0.14	0.00	-0.35	0.020	-0.015	0.021	-0.000	0.000	0.000	0.1200	-0.1198	-0.1200	0.0000	0.0000	0.0000	0	1.00	0.2624	0.2264	-0.4830	1.390	0
206561	21.484	-0.407	-22.283	-0.16	-0.31	-0.23	0.018	-0.023	0.011	-0.000	0.000	0.000	0.1200	-0.1200	-0.1200	0.0000	0.0000	0.0000	0	1.00	0.2624	0.2264	-0.4830	1.390	0
206569	21.485	-0.407	-22.284	-0.23	-0.29	-0.38	0.033	-0.007	0.005	0.000	0.000	0.000	0.1200	-0.1200	-0.1200	0.0000	0.0000	0.0000	0	1.00	0.2624	0.2264	-0.4830	1.390	0
206577	21.489	-0.409	-22.290	-0.30	-0.28	-0.54	0.048	0.038	0.006	0.000	0.000	0.000	0.1200	-0.1200	-0.1200	0.0000	0.0000	0.0000	0	1.00	0.2624	0.2264	-0.4830	1.390	0
206585	21.487	-0.419	-22.297	-0.69	-0.71	-0.46	0.036	0.016	-0.004	0.000	0.000	0.000	0.1200	-0.1200	-0.1200	0.0000	0.0000	0.0000	0	1.00	0.2624	0.2264	-0.4830	1.390	0
206593	21.487	-0.422	-22.300	-0.06	-0.70	0.07	0.033	0.024	-0.017	0.000	0.000	0.000	0.1200	-0.1200	-0.1200	0.0000	0.0000	0.0000	0	1.00	0.2624	0.2264	-0.4830	1.390	0
206601	21.484	-0.423	-22.298	-0.48	-0.30	-0.13	0.022	0.014	-0.028	0.000	0.000	0.000	0.1200	-0.1200	-0.1200	0.0000	0.0000	0.0000	0	1.00	0.2624	0.2264	-0.4830	1.390	0
206609	21.479	-0.426	-22.295	-0.28	-0.44	0.24	0.005	0.012	-0.017	0.000	0.000	0.000	0.1200	-0.1200	-0.1200	0.0000	0.0000	0.0000	0	1.00	0.2624	0.2264	-0.4830	1.390	0
206617	21.483	-0.422	-22.295	-0.12	-0.10	-0.37	-0.019	-0.013	-0.017	0.000	0.000	-0.000	0.1200	-0.1200	-0.1200	0.0000	0.0000	0.0000	0	1.00	0.2624	0.2264	-0.4830	1.390	0
206625	21.485	-0.416	-22.292	-0.67	0.41	-0.64	-0.028	-0.044	-0.011	0.000	0.000	-0.000	0.1200	-0.1200	-0.1200	0.0000	0.0000	0.0000	0	1.00	0.2624	0.2264	-0.4830	1.390	0
206633	21.484	-0.418	-22.294	-0.49	0.07	-0.37	-0.027	-0.046	-0.006	0.000	0.000	-0.000	0.1200	-0.1200	-0.1200	0.0000	0.0000	0.0000	0	1.00	0.2624	0.2264	-0.4830	1.390	0
206641	21.484	-0.417	-22.292	-0.35	0.47	-0.49	-0.034	-0.020	-0.012	0.000	0.000	-0.000	0.1200	-0.1170	-0.1200	0.0000	0.0000	0.0000	0	1.00	0.2624	0.2264	-0.4830	1.390	0
206648	21.484	-0.418	-22.294	-0.47	0.70	-0.08	-0.037	-0.036	0.012	0.000	0.000	-0.000	0.1200	-0.1125	-0.1200	0.0000	0.0000	0.0000	0	1.00	0.2624	0.2264	-0.4830	1.390	0
206656	21.484	-0.419	-22.295	-0.23	0.05	-0.30	-0.032	-0.016	0.007	0.000	0.000	-0.000	0.1200	-0.1200	-0.1200	0.0000	0.0000	0.0000	0	1.00	0.2624	0.2264	-0.4830	1.390	0
206665	21.486	-0.416	-22.293	-0.26	0.04	-0.05	-0.024	-0.007	0.005	-0.000	0.000	-0.000	0.1200	-0.1191	-0.1200	0.0000	0.0000	0.0000	0	1.00	0.2624	0.2264	-0.4830	1.390	0
206672	21.484	-0.419	-22.295	-0.57	0.10	-0.43	0.001	-0.002	0.021	-0.000	0.000	0.000	0.1200	-0.1200	-0.1200	0.0000	0.0000	0.0000	0	1.00	0.2624	0.2264	-0.4830	1.390	0
206680	21.486	-0.419	-22.297	-0.73	-0.03	-0.47	0.021	0.011	0.011	0.000	0.000	0.000	0.1200	-0.1200	-0.1200	0.0000	0.0000	0.0000	0	1.00	0.2624	0.2264	-0.4830	1.390	0
206688	21.487	-0.415	-22.293	-0.41	-0.47	-0.13	0.030	0.016	0.007	0.000	0.000	0.000	0.1200	-0.1200	-0.1200	0.0000	0.0000	0.0000	0	1.00	0.2624	0.2264	-0.4830	1.390	0
206696	21.484	-0.414	-22.291	-0.29	-0.08	-0.43	0.048	0.035	0.012	0.000	0.000	0.000	0.1200	-0.1180	-0.1200	0.0000	0.0000	0.0000	0	1.00	0.2624	0.2264	-0.4830	1.390	0
206704	21.480	-0.424	-22.295	-0.29	-0.38	-0.13	0.044	0.023	0.011	0.000	0.000	0.000	0.1200	-0.1200	-0.1200	0.0000	0.0000	0.0000	0	1.00	0.2624	0.2264	-0.4830	1.390	0
206712	21.480	-0.420	-22.291	-0.17	-0.16	-0.26	0.055	0.025	-0.002	0.000	0.000	0.000	0.1200	-0.1198	-0.1200	0.0000	0.0000	0.0000	0	1.00	0.2624	0.2264	-0.4830	1.390	0
206720	21.486	-0.411	-22.290	-0.21	-0.02	-0.03	0.029	0.031	-0.017	0.000	0.000	0.000	0.1200	-0.1132	-0.1200	0.0000	0.0000	0.0000	0	1.00	0.2624	0.2264	-0.4830	1.390	0
206728	21.488	-0.411	-22.291	-0.30	0.03	-0.41	0.017	0.024	-0.018	0.000	0.000	0.000	0.1200	-0.1163	-0.1200	0.0000	0.0000	0.0000	0	1.00	0.2624	0.2264	-0.4830	1.390	0
206735	21.489	-0.410	-22.292	-0.43	-0.48	-0.31	-0.008	0.019	-0.014	0.000	0.000	0.000	0.1200	-0.1200	-0.1200	0.0000	0.0000	0.0000	0	1.00	0.2624	0.2264	-0.4830	1.390	0
206743	21.485	-0.413	-22.290	-0.64	-0.12	-0.04	-0.021	-0.017	-0.019	0.000	0.000	-0.000	0.1200	-0.1200	-0.1200	0.0000	0.0000	0.0000	0	1.00	0.2624	0.2264	-0.4830	1.390	0
206751	21.481	-0.422	-22.294	-0.40	-0.10	-0.62	-0.036	-0.030	-0.021	0.000	0.000	-0.000	0.1200	-0.1200	-0.1200	0.0000	0.0000	0.0000	0	1.00	0.2624	0.2264	-0.4830	1.390	0
206759	21.479	-0.424	-22.293	-0.34	-0.27	-0.19	-0.052	-0.011	-0.005	0.000	0.000	-0.000	0.1200	-0.1200	-0.1200	0.0000	0.0000	0.0000	0	1.00	0.2624	0.2264	-0.4830	1.390	0
206767	21.479	-0.421	-22.291	-0.11	0.19	-0.34	-0.043	-0.032	0.004	0.000	0.000	-0.000	0.1200	-0.1200	-0.1200	0.0000	0.0000	0.0000	0	1.00	0.2624	0.2264	-0.4830	1.390	0
206775	21.475	-0.425	-22.290	-0.31	-0.35	-0.35	-0.015	0.000	0.013	0.000	0.000	-0.000	0.1200	-0.1200	-0.1200	0.0000	0.0000	0.0000	0	1.00	0.2624	0.2264	-0.4830	1.390	0
206783	21.476	-0.423	-22.289	-0.16	-0.29	-0.56	-0.016	0.028	0.011	0.000	0.000	-0.000	0.1200	-0.1200	-0.1200	0.0000	0.0000	0.0000	0	1.00	0.2624	0.2264	-0.4830	1.390	0
206791	21.482	-0.418	-22.291	-0.51	0.01	-0.51	0.006	-0.003	0.032	0.000	0.000	0.000	0.1200	-0.1200	-0.1200	0.0000	0.0000	0.0000	0	1.00	0.2624	0.2264	-0.4830	1.390	0
206799	21.481	-0.419	-22.291	-0.30	-0.15	-0.24	0.018	0.015	0.023	0.000	0.000	0.000	0.1200	-0.1200	-0.1200	0.0000	0.0000	0.0000	0	1.00	0.2624	0.2264	-0.4830	1.390	0
206807	21.486	-0.417	-22.294	-0.18	-0.10	-0.20	0.003	0.040	0.020	0.000	0.000	0.000	0.1200	-0.1158	-0.1200	0.0000	0.0000	0.0000	0	1.00	0.2624	0.2264	-0.4830	1.390	0
206815	21.488	-0.411	-22.290	-0.34	0.45	-0.16	0.025	0.056	0.013	0.000	0.000	0.000	0.1200	-0.1035	-0.1200	0.0000	0.0000	0.0000	0	1.00	0.2624	0.2264	-0.4830	1.390	0
206823	21.488	-0.408	-22.288	-0.67	0.37	-0.59	0.012	0.035	0.007	0.000	0.000	0.000	0.1200	-0.1120	-0.1200	0.0000	0.0000	0.0000	0	1.00	0.2624	0.2264	-0.4830	1.390	0
206830	21.484	-0.413	-22.288	-0.26	0.26	-0.27	0.034	0.035	-0.015	0.000	0.000	0.000	0.1200	-0.1095	-0.1200	0.0000	0.0000	0.0000	0	1.00	0.2624	0.2264	-0.4830	1.390	0
206838	21.484	-0.412	-22.288	-0.55	0.02	-0.59	0.023	0.008	-0.035	0.000	0.000	0.000	0.1200	-0.1200	-0.1200	0.0000	0.0000	0.0000	0	1.00	0.2624	0.2264	-0.4830	1.390	0
206846	21.480	-0.417	-22.289	-0.45	-0.20	-0.47	0.013	-0.011	-0.026	0.000	0.000	0.000	0.1200	-0.1200	-0.1200	0.0000	0.0000	0.0000	0	1.00	0.2624	0.2264	-0.4830	1.390	0
206854	21.480	-0.420	-22.291	-0.09	-0.35	-0.36	0.007	-0.039	-0.023	0.000	0.000	0.000	0.1200	-0.1200	-0.1200	0.0000	0.0000	0.0000	0	1.00	0.2624	0.2264	-0.4830	1.390	0
206862	21.475	-0.423	-22.289	-0.38	-0.26	-0.27	0.001	-0.015	-0.030	0.000	0.000	-0.000	0.1200	-0.1200	-0.1200	0.0000	0.0000	0.0000	0	1.00	0.2624	0.2264	-0.4830	1.390	0
206870	21.476	-0.421	-22.287	-0.21	-0.22	-0.57	-0.023	-0.039	-0.015	0.000	0.000	-0.000	0.1200	-0.1200	-0.1200	0.0000	0.0000	0.0000	0	1.00	0.2624	0.2264	-0.4830	1.390	0
206878	21.479	-0.421	-22.291	-0.11	0.10	-0.25	-0.031	-0.051	0.001	0.000	0.000	-0.000	0.1200	-0.1200	-0.1200	0.0000	0.0000	0.0000	0	1.00	0.2624	0.2264	-0.4830	1.390	0
206886	21.483	-0.420	-22.294	-0.65	-0.01	-0.45	-0.028	-0.020	0.009	0.000	0.000	-0.000	0.1200	-0.1200	-0.1200	0.0000	0.0000	0.0000	0	1.00	0.2624	0.2264	-0.4830	1.390	0
206894	21.485	-0.419	-22.295	-0.26	-0.08	-0.35	-0.037	-0.020	0.026	0.000	0.000	-0.000	0.1200	-0.1200	-0.1200	0.0000	0.0000	0.0000	0	1.00	0.2624	0.2264	-0.4830	1.390	0
206902	21.488	-0.420	-22.300	-0.10	-0.31	0.03	-0.020	0.001	0.030	0.000	0.000	-0.000	0.1200	-0.1200	-0.1200	0.0000	0.0000	0.0000	0	1.00	0.2624	0.2264	-0.4830	1.390	0
206910	21.488	-0.419	-22.298	-0.45	0.15	-0.38	-0.026	0.011	0.024	0.000	0.000	0.000	0.1200	-0.1186	-0.1200	0.0000	0.0000	0.0000	0	1.00	0.2624	0.2264	-0.4830	1.390	0
206917	21.490	-0.413	-22.295	-0.50	0.26	-0.44	-0.016	0.028	0.024	-0.000	0.000	0.000	0.1200	-0.1136	-0.1200	0.0000	0.0000	0.0000	0	1.00	0.2624	0.2264	-0.4830	1.390	0
206925	21.486	-0.412	-22.289	-0.43	-0.06	-0.42	0.014	0.053	0.020	-0.000	0.000	0.000	0.1200	-0.1163	-0.1200	0.0000	0.0000	0.0000	0	1.00	0.2624	0.2264	-0.4830	1.390	0
206933	21.483	-0.412	-22.288	-0.58	-0.01	-0.63	0.013	0.039	0.000	0.000	0.000	0.000	0.1200	-0.1194	-0.1200	0.0000	0.0000	0.0000	0	1.00	0.2624	0.2264	-0.4830	1.390	0
206941	21.479	-0.413	-22.283	-0.69	0.05	-0.90	0.037	0.033	-0.008	0.000	0.000	0.000	0.1200	-0.1200	-0.1200	0.0000	0.0000	0.0000	0	1.00	0.2624	0.2264	-0.4830	1.390	0
206949	21.470	-0.417	-22.279	-0.21	-0.02	-0.46	0.048	0.012	-0.018	0.000	0.000	0.000	0.1200	-0.1200	-0.1200	0.0000	0.0000	0.0000	0	1.00	0.2624	0.2264	-0.4830	1.390	0
206957	21.468	-0.418	-22.277	-0.38	-0.30	-0.22	0.039	-0.004	-0.020	0.000	0.000	0.000	0.1200	-0.1200	-0.1200	0.0000	0.0000	0.0000	0	1.00	0.2624	0.2264	-0.4830	1.390	0
206965	21.473	-0.419	-22.283	-0.10	0.15	-0.11	0.015	-0.039	-0.028	0.000	0.000	-0.000	0.1200	-0.1200	-0.1200	0.0000	0.0000	0.0000	0	1.00	0.2624	0.2264	-0.4830	1.390	0
206973	21.474	-0.417	-22.283	-0.28	-0.18	-0.45	0.000	-0.027	-0.012	0.000	0.000	-0.000	0.1200	-0.1200	-0.1200	0.0000	0.0000	0.0000	0	1.00	0.2624	0.2264	-0.4830	1.390	0
206981	21.479	-0.414	-22.284	-0.52	-0.27	-0.54	-0.008	-0.058	-0.014	0.000	0.000	-0.000	0.1200	-0.1200	-0.1200	0.0000	0.0000	0.0000	0	1.00	0.2624	0.2264	-0.4830	1.390	0
206989	21.485	-0.409	-22.286	-1.10	0.36	-0.69	-0.016	-0.031	-0.005	0.000	0.000	-0.000	0.1200	-0.1200	-0.1200	0.0000	0.0000	0.0000	0	1.00	0.2624	0.2264	-0.4830	1.390	0
206997	21.484	-0.411	-22.288	-0.26	0.00	-0.44	-0.047	-0.039	0.010	0.000	-0.000	-0.000	0.1200	-0.1200	-0.1200	0.0000	0.0000	0.0000	0	1.00	0.2624	0.2264	-0.4830	1.390	0
207005	21.487	-0.411	-22.290	-0.36	-0.19	-0.46	-0.045	-0.010	0.016	0.000	-0.000	-0.000	0.1200	-0.1200	-0.1200	0.0000	0.0000	0.0000	0	1.00	0.2624	0.2264	-0.4830	1.390	0
207013	21.485	-0.414	-22.290	-0.40	0.10	-0.08	-0.031	0.006	0.025	0.000	-0.000	0.000	0.1200	-0.1166	-0.1200	0.0000	0.0000	0.0000	0	1.00	0.2624	0.2264	-0.4830	1.390	0
207021	21.480	-0.417	-22.288	-0.39	0.10	-0.51	-0.025	0.018	0.043	-0.000	0.000	0.000	0.1200	-0.1184	-0.1200	0.0000	0.0000	0.0000	0	1.00	0.2624	0.2264	-0.4830	1.390	0
207029	21.475	-0.415	-22.282	-0.42	0.09	-0.26	-0.011	0.028	0.041	-0.000	0.000	0.000	0.1200	-0.1153	-0.1200	0.0000	0.0000	0.0000	0	1.00	0.2624	0.2264	-0.4830	1.390	0
207036	21.473	-0.422	-22.286	-0.54	0.09	-0.35	0.018	0.039	0.015	-0.000	0.000	0.000	0.1200	-0.1171	-0.1200	0.0000	0.0000	0.0000	0	1.00	0.2624	0.2264	-0.4830	1.390	0
207044	21.473	-0.423	-22.287	-0.29	0.04	-0.23	0.034	0.020	0.008	0.000	0.000	0.000	0.1200	-0.1180	-0.1200	0.0000	0.0000	0.0000	0	1.00	0.2624	0.2264	-0.4830	1.390	0
207052	21.473	-0.426	-22.290	-0.31	0.07	-0.46	0.040	0.031	-0.011	0.000	0.000	0.000	0.1200	-0.1183	-0.1200	0.0000	0.0000	0.0000	0	1.00	0.2624	0.2264	-0.4830	1.390	0
207060	21.475	-0.431	-22.296	-0.28	-0.14	-0.49	0.048	0.020	-0.012	0.000	0.000	0.000	0.1200	-0.1200	-0.1200	0.0000	0.0000	0.0000	0	1.00	0.2624	0.2264	-0.4830	1.390	0
207068	21.475	-0.433	-22.298	-0.57	-0.12	-0.21	0.053	-0.019	-0.024	0.000	0.000	0.000	0.1200	-0.1200	-0.1200	0.0000	0.0000	0.0000	0	1.00	0.2624	0.2264	-0.4830	1.390	0
207076	21.476	-0.438	-22.303	-0.19	-0.34	-0.26	0.048	-0.020	-0.021	0.000	0.000	0.000	0.1200	-0.1200	-0.1200	0.0000	0.0000	0.0000	0	1.00	0.2624	0.2264	-0.4830	1.390	0
207084	21.471	-0.443	-22.303	-0.40	-0.31	-0.41	0.037	-0.017	-0.019	0.000	0.000	0.000	0.1200	-0.1200	-0.1200	0.0000	0.0000	0.0000	0	1.00	0.2624	0.2264	-0.4830	1.390	0
207092	21.470	-0.442	-22.301	-0.26	-0.13	-0.31	0.004	-0.017	-0.027	0.000	0.000	0.000	0.1200	-0.1200	-0.1200	0.0000	0.0000	0.0000	0	1.00	0.2624	0.2264	-0.4830	1.390	0
207100	21.468	-0.442	-22.299	-0.41	-0.14	-0.15	-0.015	-0.017	-0.020	0.000	0.000	0.000	0.1200	-0.1200	-0.1200	0.0000	0.0000	0.0000	0	1.00	0.2624	0.2264	-0.4830	1.390	0
207108	21.465	-0.443	-22.298	-0.36	-0.30	-0.04	-0.038	-0.020	-0.010	0.000	0.000	0.000	0.1200	-0.1200	-0.1200	0.0000	0.0000	0.0000	0	1.00	0.2624	0.2264	-0.4830	1.390	0
207115	21.468	-0.441	-22.298	-0.15	-0.02	-0.20	-0.056	-0.012	0.011	0.000	0.000	0.000	0.1200	-0.1200	-0.1200	0.0000	0.0000	0.0000	0	1.00	0.2624	0.2264	-0.4830	1.390	0
207123	21.474	-0.439	-22.302	-0.18	0.24	-0.97	-0.055	0.033	-0.000	0.000	0.000	0.000	0.1200	-0.1199	-0.1200	0.0000	0.0000	0.0000	0	1.00	0.2624	0.2264	-0.4830	1.390	0
207131	21.470	-0.440	-22.299	-0.33	-0.11	-0.03	-0.050	0.023	0.024	0.000	0.000	0.000	0.1200	-0.1200	-0.1200	0.0000	0.0000	0.0000	0	1.00	0.2624	0.2264	-0.4830	1.390	0
207139	21.471	-0.440	-22.300	-0.91	0.08	-0.18	-0.039	0.019	0.022	-0.000	0.000	0.000	0.1200	-0.1200	-0.1200	0.0000	0.0000	0.0000	0	1.00	0.2624	0.2264	-0.4830	1.390	0
207147	21.482	-0.438	-22.309	0.02	-0.07	-0.43	-0.030	0.020	0.022	-0.000	0.000	0.000	0.1200	-0.1200	-0.1200	0.0000	0.0000	0.0000	0	1.00	0.2624	0.2264	-0.4830	1.390	0
207155	21.478	-0.436	-22.304	-0.38	-0.00	-0.53	-0.016	0.036	0.026	-0.000	0.000	0.000	0.1200	-0.1200	-0.1200	0.0000	0.0000	0.0000	0	1.00	0.2624	0.2264	-0.4830	1.390	0
207163	21.472	-0.438	-22.299	-0.55	0.09	0.08	0.023	0.022	0.001	-0.000	0.000	0.000	0.1200	-0.1193	-0.1200	0.0000	0.0000	0.0000	0	1.00	0.2624	0.2264	-0.4830	1.390	0
207171	21.476	-0.433	-22.300	-0.42	0.01	-0.17	0.050	-0.013	0.009	0.000	0.000	0.000	0.1200	-0.1200	-0.1200	0.0000	0.0000	0.0000	0	1.00	0.2624	0.2264	-0.4830	1.390	0
207179	21.484	-0.429	-22.304	-0.12	0.20	-0.67	0.038	-0.013	0.003	0.000	0.000	0.000	0.1200	-0.1200	-0.1200	0.0000	0.0000	0.0000	0	1.00	0.2624	0.2264	-0.4830	1.390	0
207187	21.472	-0.432	-22.294	-0.19	-0.06	-0.24	0.033	-0.013	-0.019	0.000	0.000	0.000	0.1200	-0.1200	-0.1200	0.0000	0.0000	0.0000	0	1.00	0.2624	0.2264	-0.4830	1.390	0
207195	21.469	-0.430	-22.289	-0.85	-0.22	-0.05	0.041	-0.041	-0.037	0.000	0.000	0.000	0.1200	-0.1200	-0.1200	0.0000	0.0000	0.0000	0	1.00	0.2624	0.2264	-0.4830	1.390	0
207203	21.468	-0.426	-22.284	-0.26	0.13	-0.57	0.039	-0.027	-0.042	0.000	0.000	0.000	0.1200	-0.1200	-0.1200	0.0000	0.0000	0.0000	0	1.00	0.2624	0.2264	-0.4830	1.390	0
207211	21.470	-0.425	-22.286	-0.03	-0.22	-0.66	0.026	-0.019	-0.031	0.000	0.000	0.000	0.1200	-0.1200	-0.1200	0.0000	0.0000	0.0000	0	1.00	0.2624	0.2264	-0.4830	1.390	0
207219	21.465	-0.427	-22.283	-0.29	-0.14	-0.06	0.024	0.026	-0.027	0.000	0.000	-0.000	0.1200	-0.1200	-0.1200	0.0000	0.0000	0.0000	0	1.00	0.2624	0.2264	-0.4830	1.390	0
207227	21.462	-0.431	-22.283	-0.32	-0.06	0.11	0.011	0.007	-0.035	0.000	0.000	-0.000	0.1200	-0.1200	-0.1200	0.0000	0.0000	0.0000	0	1.00	0.2624	0.2264	-0.4830	1.390	0
207235	21.459	-0.434	-22.282	-0.55	-0.28	-0.29	-0.011	0.001	-0.004	0.000	0.000	-0.000	0.1200	-0.1200	-0.1200	0.0000	0.0000	0.0000	0	1.00	0.2624	0.2264	-0.4830	1.390	0
207243	21.460	-0.430	-22.280	-0.34	-0.05	-0.40	-0.021	0.037	0.020	0.000	0.000	-0.000	0.1200	-0.1200	-0.1200	0.0000	0.0000	0.0000	0	1.00	0.2624	0.2264	-0.4830	1.390	0
207251	21.459	-0.427	-22.276	-0.82	0.09	-0.60	-0.036	0.023	0.024	0.000	0.000	-0.000	0.1200	-0.1200	-0.1200	0.0000	0.0000	0.0000	0	1.00	0.2624	0.2264	-0.4830	1.390	0
207259	21.464	-0.425	-22.280	-0.58	0.14	-0.47	-0.040	0.017	0.035	0.000	0.000	0.000	0.1200	-0.1200	-0.1200	0.0000	0.0000	0.0000	0	1.00	0.2624	0.2264	-0.4830	1.390	0
207267	21.465	-0.428	-22.283	-0.41	-0.10	-0.19	-0.041	0.002	0.022	0.000	0.000	0.000	0.1200	-0.1200	-0.1200	0.0000	0.0000	0.0000	0	1.00	0.2624	0.2264	-0.4830	1.390	0
207275	21.469	-0.423	-22.283	-0.41	0.03	-0.32	-0.043	0.005	0.021	0.000	0.000	0.000	0.1200	-0.1200	-0.1200	0.0000	0.0000	0.0000	0	1.00	0.2624	0.2264	-0.4830	1.390	0
207283	21.469	-0.425	-22.285	-0.24	-0.10	-0.45	-0.023	-0.027	0.011	0.000	0.000	0.000	0.1200	-0.1200	-0.1200	0.0000	0.0000	0.0000	0	1.00	0.2624	0.2264	-0.4830	1.390	0
207291	21.469	-0.423	-22.283	-0.34	-0.09	-0.36	-0.010	-0.027	0.006	0.000	0.000	0.000	0.1200	-0.1200	-0.1200	0.0000	0.0000	0.0000	0	1.00	0.2624	0.2264	-0.4830	1.390	0
207299	21.466	-0.419	-22.277	-0.56	-0.05	-0.40	-0.005	-0.027	-0.017	-0.000	0.000	0.000	0.1200	-0.1200	-0.1200	0.0000	0.0000	0.0000	0	1.00	0.2624	0.2264	-0.4830	1.390	0
207307	21.468	-0.417	-22.277	-0.26	0.13	-0.57	0.031	-0.018	-0.015	0.000	0.000	0.000	0.1200	-0.1200	-0.1200	0.0000	0.0000	0.0000	0	1.00	0.2624	0.2264	-0.4830	1.390	0
207315	21.467	-0.416	-22.275	-0.50	-0.17	-0.44	0.028	-0.002	-0.030	0.000	0.000	0.000	0.1200	-0.1200	-0.1200	0.0000	0.0000	0.0000	0	1.00	0.2624	0.2264	-0.4830	1.390	0
207323	21.464	-0.418	-22.273	-0.31	0.16	-0.54	0.035	-0.002	-0.038	0.000	0.000	0.000	0.1200	-0.1200	-0.1200	0.0000	0.0000	0.0000	0	1.00	0.2624	0.2264	-0.4830	1.390	0
207331	21.462	-0.417	-22.270	-0.18	0.14	-0.12	0.025	0.007	-0.028	0.000	0.000	-0.000	0.1200	-0.1150	-0.1200	0.0000	0.0000	0.0000	0	1.00	0.2624	0.2264	-0.4830	1.390	0
207338	21.459	-0.418	-22.268	-0.56	-0.13	-0.31	0.019	0.016	-0.030	0.000	0.000	-0.000	0.1200	-0.1200	-0.1200	0.0000	0.0000	0.0000	0	1.00	0.2624	0.2264	-0.4830	1.390	0
207347	21.463	-0.413	-22.268	-0.29	-0.16	-0.34	0.023	0.015	-0.009	0.000	0.000	-0.000	0.1200	-0.1200	-0.1200	0.0000	0.0000	0.0000	0	1.00	0.2624	0.2264	-0.4830	1.390	0
207354	21.469	-0.410	-22.272	-0.06	-0.01	-0.62	0.004	0.015	-0.004	0.000	0.000	-0.000	0.1200	-0.1181	-0.1200	0.0000	0.0000	0.0000	0	1.00	0.2624	0.2264	-0.4830	1.390	0
207362	21.466	-0.417	-22.274	-0.24	-0.07	-0.17	-0.005	-0.010	0.010	0.000	0.000	-0.000	0.1200	-0.1200	-0.1200	0.0000	0.0000	0.0000	0	1.00	0.2624	0.2264	-0.4830	1.390	0
207370	21.466	-0.420	-22.277	-0.56	-0.13	-0.31	-0.022	-0.007	0.028	0.000	0.000	-0.000	0.1200	-0.1200	-0.1200	0.0000	0.0000	0.0000	0	1.00	0.2624	0.2264	-0.4830	1.390	0
207378	21.471	-0.421	-22.284	-0.04	0.00	-0.44	-0.033	-0.007	0.040	0.000	0.000	-0.000	0.1200	-0.1200	-0.1200	0.0000	0.0000	0.0000	0	1.00	0.2624	0.2264	-0.4830	1.390	0
207386	21.469	-0.422	-22.283	-0.19	-0.12	-0.48	-0.051	-0.019	0.036	0.000	0.000	0.000	0.1200	-0.1200	-0.1200	0.0000	0.0000	0.0000	0	1.00	0.2624	0.2264	-0.4830	1.390	0
207394	21.470	-0.421	-22.283	-0.71	0.07	-0.37	-0.035	-0.024	0.037	0.000	0.000	0.000	0.1200	-0.1200	-0.1200	0.0000	0.0000	0.0000	0	1.00	0.2624	0.2264	-0.4830	1.390	0
207402	21.472	-0.419	-22.282	-0.49	0.07	-0.37	-0.023	-0.033	0.039	0.000	0.000	0.000	0.1200	-0.1200	-0.1200	0.0000	0.0000	0.0000	0	1.00	0.2624	0.2264	-0.4830	1.390	0
207410	21.473	-0.418	-22.282	-0.27	0.15	-0.46	-0.007	-0.003	0.030	-0.000	0.000	0.000	0.1200	-0.1200	-0.1200	0.0000	0.0000	0.0000	0	1.00	0.2624	0.2264	-0.4830	1.390	0
207417	21.468	-0.422	-22.281	-0.48	-0.12	-0.30	0.006	-0.007	-0.005	-0.000	0.000	0.000	0.1200	-0.1200	-0.1200	0.0000	0.0000	0.0000	0	1.00	0.2624	0.2264	-0.4830	1.390	0
207425	21.471	-0.416	-22.279	-0.25	-0.05	-0.07	0.018	0.012	-0.006	0.000	0.000	0.000	0.1200	-0.1181	-0.1200	0.0000	0.0000	0.0000	0	1.00	0.2624	0.2264	-0.4830	1.390	0
207433	21.469	-0.417	-22.277	-0.27	0.11	-0.42	0.041	0.003	-0.042	0.000	0.000	0.000	0.1200	-0.1193	-0.1200	0.0000	0.0000	0.0000	0	1.00	0.2624	0.2264	-0.4830	1.390	0
207441	21.465	-0.417	-22.273	-0.42	0.23	-0.39	0.044	0.033	-0.043	0.000	0.000	0.000	0.1200	-0.1133	-0.1200	0.0000	0.0000	0.0000	0	1.00	0.2624	0.2264	-0.4830	1.390	0
207449	21.463	-0.420	-22.274	-0.21	0.20	-0.68	0.043	0.004	-0.055	0.000	0.000	0.000	0.1200	-0.1193	-0.1200	0.0000	0.0000	0.0000	0	1.00	0.2624	0.2264	-0.4830	1.390	0
207457	21.466	-0.418	-22.276	-0.44	-0.04	-0.31	0.041	0.002	-0.074	0.000	0.000	-0.000	0.1200	-0.1200	-0.1200	0.0000	0.0000	0.0000	0	1.00	0.2624	0.2264	-0.4830	1.390	0
207465	21.468	-0.419	-22.278	-0.22	0.37	-0.42	0.003	0.003	-0.057	0.000	0.000	-0.000	0.1200	-0.1141	-0.1200	0.0000	0.0000	0.0000	0	1.00	0.2624	0.2264	-0.4830	1.390	0
207473	21.470	-0.424	-22.284	-0.31	0.11	-0.07	0.001	-0.011	-0.045	0.000	0.000	-0.000	0.1200	-0.1200	-0.1200	0.0000	0.0000	0.0000	0	1.00	0.2624	0.2264	-0.4830	1.390	0
207481	21.473	-0.420	-22.284	-0.54	0.05	-0.30	-0.002	-0.034	-0.035	0.000	0.000	-0.000	0.1200	-0.1200	-0.1200	0.0000	0.0000	0.0000	0	1.00	0.2624	0.2264	-0.4830	1.390	0
207489	21.476	-0.419	-22.287	-0.51	-0.07	-0.43	-0.022	-0.016	-0.003	0.000	0.000	-0.000	0.1200	-0.1200	-0.1200	0.0000	0.0000	0.0000	0	1.00	0.2624	0.2264	-0.4830	1.390	0
207497	21.476	-0.418	-22.286	-0.18	0.08	-0.37	-0.033	-0.033	0.031	0.000	-0.000	-0.000	0.1200	-0.1200	-0.1200	0.0000	0.0000	0.0000	0	1.00	0.2624	0.2264	-0.4830	1.390	0
207505	21.474	-0.428	-22.292	-0.19	-0.08	-0.52	-0.044	-0.033	0.045	0.000	-0.000	-0.000	0.1200	-0.1200	-0.1200	0.0000	0.0000	0.0000	0	1.00	0.2624	0.2264	-0.4830	1.390	0
207513	21.472	-0.428	-22.290	-0.15	0.20	-0.42	-0.045	-0.009	0.062	0.000	-0.000	-0.000	0.1200	-0.1200	-0.1200	0.0000	0.0000	0.0000	0	1.00	0.2624	0.2264	-0.4830	1.390	0
207521	21.472	-0.429	-22.292	-0.02	-0.19	-0.37	-0.036	0.019	0.082	0.000	-0.000	-0.000	0.1200	-0.1200	-0.1200	0.0000	0.0000	0.0000	0	1.00	0.2624	0.2264	-0.4830	1.390	0
207529	21.470	-0.430	-22.290	-0.37	0.16	-0.37	-0.006	0.005	0.081	-0.000	-0.000	0.000	0.1200	-0.1200	-0.1200	0.0000	0.0000	0.0000	0	1.00	0.2624	0.2264	-0.4830	1.390	0
207537	21.468	-0.432	-22.290	-0.46	-0.31	-0.23	-0.009	0.016	0.063	-0.000	-0.000	0.000	0.1200	-0.1200	-0.1200	0.0000	0.0000	0.0000	0	1.00	0.2624	0.2264	-0.4830	1.390	0
207545	21.465	-0.434	-22.289	0.00	0.19	-0.25	0.028	0.011	0.038	0.000	0.000	0.000	0.1200	-0.1167	-0.1200	0.0000	0.0000	0.0000	0	1.00	0.2624	0.2264	-0.4830	1.390	0
207553	21.466	-0.435	-22.290	-0.48	-0.41	-0.33	0.036	0.057	0.015	0.000	0.000	0.000	0.1200	-0.1200	-0.1200	0.0000	0.0000	0.0000	0	1.00	0.2624	0.2264	-0.4830	1.390	0
207561	21.466	-0.438	-22.293	-0.11	-0.57	-0.32	0.058	0.045	-0.015	0.000	0.000	0.000	0.1200	-0.1200	-0.1200	0.0000	0.0000	0.0000	0	1.00	0.2624	0.2264	-0.4830	1.390	0
207569	21.464	-0.440	-22.293	-0.41	-0.21	-0.39	0.046	0.040	-0.042	0.000	0.000	0.000	0.1200	-0.1200	-0.1200	0.0000	0.0000	0.0000	0	1.00	0.2624	0.2264	-0.4830	1.390	0
207577	21.463	-0.441	-22.293	-0.24	0.05	-0.30	0.050	0.022	-0.060	0.000	0.000	0.000	0.1200	-0.1200	-0.1200	0.0000	0.0000	0.0000	0	1.00	0.2624	0.2264	-0.4830	1.390	0
207585	21.465	-0.437	-22.292	-0.22	0.04	-0.40	0.034	-0.005	-0.068	0.000	0.000	0.000	0.1200	-0.1200	-0.1200	0.0000	0.0000	0.0000	0	1.00	0.2624	0.2264	-0.4830	1.390	0
207593	21.471	-0.434	-22.295	-0.26	-0.04	0.04	0.013	0.001	-0.070	0.000	0.000	-0.000	0.1200	-0.1200	-0.1200	0.0000	0.0000	0.0000	0	1.00	0.2624	0.2264	-0.4830	1.390	0
207601	21.471	-0.433	-22.294	-0.33	0.19	-0.34	0.010	-0.029	-0.060	0.000	0.000	-0.000	0.1200	-0.1200	-0.1200	0.0000	0.0000	0.0000	0	1.00	0.2624	0.2264	-0.4830	1.390	0
207609	21.473	-0.430	-22.293	-0.51	-0.07	-0.43	-0.016	-0.020	-0.048	0.000	0.000	-0.000	0.1200	-0.1200	-0.1200	0.0000	0.0000	0.0000	0	1.00	0.2624	0.2264	-0.4830	1.390	0
207617	21.472	-0.430	-22.293	-0.42	0.14	-0.30	-0.024	-0.053	-0.016	0.000	0.000	-0.000	0.1200	-0.1200	-0.1200	0.0000	0.0000	0.0000	0	1.00	0.2624	0.2264	-0.4830	1.390	0
207625	21.473	-0.430	-22.293	-0.16	0.21	-0.31	-0.035	-0.069	0.000	0.000	-0.000	-0.000	0.1200	-0.1200	-0.1200	0.0000	0.0000	0.0000	0	1.00	0.2624	0.2264	-0.4830	1.390	0
207633	21.475	-0.426	-22.292	-0.49	0.07	-0.37	-0.030	-0.049	0.030	0.000	-0.000	-0.000	0.1200	-0.1200	-0.1200	0.0000	0.0000	0.0000	0	1.00	0.2624	0.2264	-0.4830	1.390	0
207641	21.478	-0.423	-22.291	-0.12	-0.05	-0.41	-0.027	-0.032	0.054	0.000	-0.000	-0.000	0.1200	-0.1200	-0.1200	0.0000	0.0000	0.0000	0	1.00	0.2624	0.2264	-0.4830	1.390	0
207649	21.475	-0.424	-22.289	-0.53	-0.25	-0.43	-0.030	0.020	0.068	0.000	-0.000	-0.000	0.1200	-0.1200	-0.1200	0.0000	0.0000	0.0000	0	1.00	0.2624	0.2264	-0.4830	1.390	0
207657	21.472	-0.422	-22.284	-0.19	-0.23	-0.06	-0.009	0.026	0.057	0.000	-0.000	0.000	0.1200	-0.1200	-0.1200	0.0000	0.0000	0.0000	0	1.00	0.2624	0.2264	-0.4830	1.390	0
207665	21.469	-0.425	-22.284	-0.18	-0.49	-0.24	0.007	0.025	0.055	0.000	-0.000	0.000	0.1200	-0.1200	-0.1200	0.0000	0.0000	0.0000	0	1.00	0.2624	0.2264	-0.4830	1.390	0
207672	21.461	-0.430	-22.281	-0.36	-0.32	-0.33	0.010	0.051	0.044	0.000	0.000	0.000	0.1200	-0.1200	-0.1200	0.0000	0.0000	0.0000	0	1.00	0.2624	0.2264	-0.4830	1.390	0
207680	21.457	-0.432	-22.280	-0.40	-0.35	-0.36	0.030	0.009	0.020	0.000	0.000	0.000	0.1200	-0.1200	-0.1200	0.0000	0.0000	0.0000	0	1.00	0.2624	0.2264	-0.4830	1.390	0
207688	21.456	-0.436	-22.282	-0.21	-0.43	-0.36	0.029	0.036	-0.010	0.000	0.000	0.000	0.1200	-0.1200	-0.1200	0.0000	0.0000	0.0000	0	1.00	0.2624	0.2264	-0.4830	1.390	0
207696	21.455	-0.437	-22.282	-0.36	-0.27	-0.37	0.023	-0.004	-0.018	0.000	0.000	0.000	0.1200	-0.1200	-0.1200	0.0000	0.0000	0.0000	0	1.00	0.2624	0.2264	-0.4830	1.390	0
207704	21.456	-0.438	-22.284	-0.33	-0.31	-0.58	0.025	-0.005	-0.032	0.000	0.000	0.000	0.1200	-0.1200	-0.1200	0.0000	0.0000	0.0000	0	1.00	0.2624	0.2264	-0.4830	1.390	0
207712	21.459	-0.437	-22.285	-0.28	-0.26	-0.36	0.028	-0.023	-0.040	0.000	0.000	0.000	0.1200	-0.1200	-0.1200	0.0000	0.0000	0.0000	0	1.00	0.2624	0.2264	-0.4830	1.390	0
207720	21.464	-0.439	-22.292	-0.51	-0.11	-0.38	0.020	-0.047	-0.060	0.000	0.000	0.000	0.1200	-0.1200	-0.1200	0.0000	0.0000	0.0000	0	1.00	0.2624	0.2264	-0.4830	1.390	0
207728	21.465	-0.441	-22.295	-0.24	-0.31	-0.24	-0.005	-0.028	-0.042	0.000	0.000	-0.000	0.1200	-0.1200	-0.1200	0.0000	0.0000	0.0000	0	1.00	0.2624	0.2264	-0.4830	1.390	0
207736	21.467	-0.437	-22.294	-0.21	-0.11	-0.38	-0.013	-0.059	-0.037	0.000	-0.000	-0.000	0.1200	-0.1200	-0.1200	0.0000	0.0000	0.0000	0	1.00	0.2624	0.2264	-0.4830	1.390	0
207744	21.470	-0.433	-22.293	-0.20	0.22	-0.39	-0.031	-0.034	-0.027	0.000	-0.000	-0.000	0.1200	-0.1200	-0.1200	0.0000	0.0000	0.0000	0	1.00	0.2624	0.2264	-0.4830	1.390	0
207751	21.474	-0.428	-22.292	-0.49	0.33	-0.63	-0.032	-0.002	-0.013	0.000	-0.000	-0.000	0.1200	-0.1200	-0.1200	0.0000	0.0000	0.0000	0	1.00	0.2624	0.2264	-0.4830	1.390	0
207759	21.469	-0.426	-22.285	-0.63	-0.04	-0.23	-0.048	0.009	0.008	0.000	-0.000	-0.000	0.1200	-0.1200	-0.1200	0.0000	0.0000	0.0000	0	1.00	0.2624	0.2264	-0.4830	1.390	0
207767	21.466	-0.424	-22.281	-0.30	0.27	-0.34	-0.046	0.014	0.023	0.000	-0.000	-0.000	0.1200	-0.1154	-0.1200	0.0000	0.0000	0.0000	0	1.00	0.2624	0.2264	-0.4830	1.390	0
207775	21.465	-0.425	-22.281	-0.51	0.09	-0.27	-0.027	0.043	0.042	0.000	-0.000	-0.000	0.1200	-0.1166	-0.1200	0.0000	0.0000	0.0000	0	1.00	0.2624	0.2264	-0.4830	1.390	0
207783	21.463	-0.425	-22.278	-0.15	0.11	-0.33	-0.018	0.031	0.038	0.000	0.000	-0.000	0.1200	-0.1150	-0.1200	0.0000	0.0000	0.0000	0	1.00	0.2624	0.2264	-0.4830	1.390	0
207791	21.461	-0.428	-22.279	0.03	0.03	-0.33	0.003	0.028	0.038	0.000	0.000	0.000	0.1200	-0.1163	-0.1200	0.0000	0.0000	0.0000	0	1.00	0.2624	0.2264	-0.4830	1.390	0
207799	21.461	-0.429	-22.281	-0.56	-0.26	-0.18	0.017	0.030	0.027	0.000	0.000	0.000	0.1200	-0.1200	-0.1200	0.0000	0.0000	0.0000	0	1.00	0.2624	0.2264	-0.4830	1.390	0
207807	21.463	-0.432	-22.284	-0.45	-0.57	-0.41	0.017	0.021	0.034	0.000	0.000	0.000	0.1200	-0.1200	-0.1200	0.0000	0.0000	0.0000	0	1.00	0.2624	0.2264	-0.4830	1.390	0
207815	21.462	-0.433	-22.285	-0.11	-0.29	-0.29	0.040	0.022	0.002	0.000	0.000	0.000	0.1200	-0.1200	-0.1200	0.0000	0.0000	0.0000	0	1.00	0.2624	0.2264	-0.4830	1.390	0
207823	21.461	-0.436	-22.286	-0.47	0.04	-0.15	0.041	0.001	-0.015	0.000	0.000	0.000	0.1200	-0.1200	-0.1200	0.0000	0.0000	0.0000	0	1.00	0.2624	0.2264	-0.4830	1.390	0
207830	21.461	-0.441	-22.291	-0.36	0.05	-0.39	0.030	0.008	-0.015	0.000	0.000	0.000	0.1200	-0.1200	-0.1200	0.0000	0.0000	0.0000	0	1.00	0.2624	0.2264	-0.4830	1.390	0
207838	21.468	-0.437	-22.295	-0.14	-0.15	-0.50	0.013	-0.037	-0.017	0.000	0.000	0.000	0.1200	-0.1200	-0.1200	0.0000	0.0000	0.0000	0	1.00	0.2624	0.2264	-0.4830	1.390	0
207846	21.475	-0.439	-22.303	-0.45	-0.07	-0.17	0.006	-0.044	-0.020	0.000	0.000	0.000	0.1200	-0.1200	-0.1200	0.0000	0.0000	0.0000	0	1.00	0.2624	0.2264	-0.4830	1.390	0
207854	21.474	-0.440	-22.303	-0.43	0.07	-0.55	-0.004	-0.030	-0.023	0.000	0.000	0.000	0.1200	-0.1200	-0.1200	0.0000	0.0000	0.0000	0	1.00	0.2624	0.2264	-0.4830	1.390	0
207862	21.473	-0.436	-22.299	-0.79	-0.15	-0.60	-0.019	-0.028	-0.027	0.000	-0.000	0.000	0.1200	-0.1200	-0.1200	0.0000	0.0000	0.0000	0	1.00	0.2624	0.2264	-0.4830	1.390	0
207870	21.467	-0.436	-22.293	-0.35	-0.20	-0.56	-0.035	-0.015	-0.004	0.000	-0.000	0.000	0.1200	-0.1200	-0.1200	0.0000	0.0000	0.0000	0	1.00	0.2624	0.2264	-0.4830	1.390	0
207878	21.462	-0.436	-22.288	-0.60	-0.12	-0.39	-0.040	0.002	0.013	0.000	-0.000	0.000	0.1200	-0.1200	-0.1200	0.0000	0.0000	0.0000	0	1.00	0.2624	0.2264	-0.4830	1.390	0
207886	21.459	-0.434	-22.283	-0.41	-0.42	-0.17	-0.026	0.039	0.015	0.000	-0.000	0.000	0.1200	-0.1200	-0.1200	0.0000	0.0000	0.0000	0	1.00	0.2624	0.2264	-0.4830	1.390	0
207893	21.456	-0.436	-22.281	-0.39	-0.02	-0.38	-0.030	0.029	0.030	0.000	-0.000	0.000	0.1200	-0.1200	-0.1200	0.0000	0.0000	0.0000	0	1.00	0.2624	0.2264	-0.4830	1.390	0
207902	21.454	-0.438	-22.281	-0.46	-0.09	-0.45	-0.002	0.059	0.024	0.000	0.000	0.000	0.1200	-0.1200	-0.1200	0.0000	0.0000	0.0000	0	1.00	0.2624	0.2264	-0.4830	1.390	0
207909	21.456	-0.441	-22.286	-0.26	-0.08	-0.35	0.010	0.037	0.012	0.000	0.000	0.000	0.1200	-0.1200	-0.1200	0.0000	0.0000	0.0000	0	1.00	0.2624	0.2264	-0.4830	1.390	0
207917	21.459	-0.446	-22.294	-0.22	-0.05	-0.32	0.015	0.027	0.003	0.000	0.000	0.000	0.1200	-0.1200	-0.1200	0.0000	0.0000	0.0000	0	1.00	0.2624	0.2264	-0.4830	1.390	0
207925	21.461	-0.449	-22.298	-0.18	-0.36	-0.37	0.028	0.009	-0.007	0.000	0.000	0.000	0.1200	-0.1200	-0.1200	0.0000	0.0000	0.0000	0	1.00	0.2624	0.2264	-0.4830	1.390	0
207933	21.461	-0.444	-22.293	-0.24	0.06	-0.30	0.022	0.009	-0.016	0.000	0.000	0.000	0.1200	-0.1200	-0.1200	0.0000	0.0000	0.0000	0	1.00	0.2624	0.2264	-0.4830	1.390	0
207941	21.462	-0.445	-22.296	-0.43	-0.30	-0.48	0.023	-0.018	-0.024	0.000	0.000	0.000	0.1200	-0.1200	-0.1200	0.0000	0.0000	0.0000	0	1.00	0.2624	0.2264	-0.4830	1.390	0
207949	21.462	-0.445	-22.296	-0.32	-0.08	-0.18	0.008	-0.037	-0.032	0.000	0.000	0.000	0.1200	-0.1200	-0.1200	0.0000	0.0000	0.0000	0	1.00	0.2624	0.2264	-0.4830	1.390	0
207957	21.462	-0.448	-22.299	-0.28	-0.18	-0.45	-0.003	-0.013	-0.031	0.000	0.000	0.000	0.1200	-0.1200	-0.1200	0.0000	0.0000	0.0000	0	1.00	0.2624	0.2264	-0.4830	1.390	0
207964	21.459	-0.449	-22.296	-0.68	-0.18	-0.36	-0.012	-0.044	-0.020	0.000	0.000	-0.000	0.1200	-0.1200	-0.1200	0.0000	0.0000	0.0000	0	1.00	0.2624	0.2264	-0.4830	1.390	0
207972	21.459	-0.450	-22.297	-0.46	-0.05	-0.49	-0.011	-0.048	-0.015	0.000	-0.000	-0.000	0.1200	-0.1200	-0.1200	0.0000	0.0000	0.0000	0	1.00	0.2624	0.2264	-0.4830	1.390	0
207981	21.458	-0.456	-22.302	-0.04	-0.28	-0.47	-0.002	-0.047	-0.011	0.000	-0.000	-0.000	0.1200	-0.1200	-0.1200	0.0000	0.0000	0.0000	0	1.00	0.2624	0.2264	-0.4830	1.390	0
207988	21.457	-0.459	-22.304	-0.16	-0.26	-0.27	-0.004	-0.047	0.016	0.000	-0.000	-0.000	0.1200	-0.1200	-0.1200	0.0000	0.0000	0.0000	0	1.00	0.2624	0.2264	-0.4830	1.390	0
207996	21.459	-0.458	-22.304	-0.16	-0.26	-0.27	-0.000	-0.020	0.028	0.000	-0.000	0.000	0.1200	-0.1200	-0.1200	0.0000	0.0000	0.0000	0	1.00	0.2624	0.2264	-0.4830	1.390	0
208004	21.461	-0.457	-22.305	-0.58	-0.20	-0.12	0.002	0.027	0.016	0.000	-0.000	0.000	0.1200	-0.1200	-0.1200	0.0000	0.0000	0.0000	0	1.00	0.2624	0.2264	-0.4830	1.390	0
208012	21.462	-0.457	-22.307	-0.12	-0.18	-0.28	0.004	0.037	0.023	0.000	-0.000	0.000	0.1200	-0.1200	-0.1200	0.0000	0.0000	0.0000	0	1.00	0.2624	0.2264	-0.4830	1.390	0
208020	21.461	-0.460	-22.309	-0.38	-0.33	-0.51	0.006	0.068	0.036	0.000	-0.000	0.000	0.1200	-0.1200	-0.1200	0.0000	0.0000	0.0000	0	1.00	0.2624	0.2264	-0.4830	1.390	0
# unknown. use: a<0/1> (arm)  m<0/1> (mode edge/corner)  g<0..1> (gain)  c (corner resolve)  e (edge resolve)  o<deg> (edge trim)  h<0/1> (halt)  d<N> (decim)  l<0/1> (link)  s (state)  k (keepalive)
208030	21.456	-0.463	-22.306	-0.36	-0.19	-0.46	0.022	0.055	0.012	0.000	0.000	0.000	0.1200	-0.1200	-0.1200	0.0000	0.0000	0.0000	0	1.00	0.2624	0.2264	-0.4830	1.390	0
208038	21.455	-0.467	-22.308	-0.50	-0.22	-0.40	0.027	0.060	0.001	0.000	0.000	0.000	0.1200	-0.1200	-0.1200	0.0000	0.0000	0.0000	0	1.00	0.2624	0.2264	-0.4830	1.390	0
208046	21.460	-0.465	-22.312	-0.35	-0.16	-0.60	0.012	0.031	-0.012	0.000	0.000	0.000	0.1200	-0.1200	-0.1200	0.0000	0.0000	0.0000	0	1.00	0.2624	0.2264	-0.4830	1.390	0
208054	21.455	-0.463	-22.305	-0.33	0.26	-0.09	0.011	0.009	-0.020	0.000	0.000	0.000	0.1200	-0.1200	-0.1200	0.0000	0.0000	0.0000	0	1.00	0.2624	0.2264	-0.4830	1.390	0
208062	21.457	-0.458	-22.303	-0.68	0.11	-0.33	0.016	-0.043	-0.032	0.000	0.000	0.000	0.1200	-0.1200	-0.1200	0.0000	0.0000	0.0000	0	1.00	0.2624	0.2264	-0.4830	1.390	0
208069	21.470	-0.450	-22.308	-0.31	0.59	-0.54	-0.006	-0.047	-0.013	0.000	0.000	0.000	0.1200	-0.1200	-0.1200	0.0000	0.0000	0.0000	0	1.00	0.2624	0.2264	-0.4830	1.390	0
208077	21.472	-0.446	-22.306	-0.39	0.95	-0.61	0.002	-0.058	-0.001	0.000	-0.000	0.000	0.1200	-0.1186	-0.1200	0.0000	0.0000	0.0000	0	1.00	0.2624	0.2264	-0.4830	1.390	0
208086	21.470	-0.444	-22.302	-0.77	0.53	-0.34	0.001	-0.026	0.006	0.000	-0.000	0.000	0.1200	-0.1200	-0.1200	0.0000	0.0000	0.0000	0	1.00	0.2624	0.2264	-0.4830	1.390	0
208094	21.473	-0.437	-22.300	-0.51	0.73	-0.49	-0.017	-0.044	0.015	0.000	-0.000	0.000	0.1200	-0.1199	-0.1200	0.0000	0.0000	0.0000	0	1.00	0.2624	0.2264	-0.4830	1.390	0
208102	21.469	-0.435	-22.294	-0.17	0.69	-0.36	-0.010	-0.031	0.021	0.000	-0.000	0.000	0.1200	-0.1158	-0.1200	0.0000	0.0000	0.0000	0	1.00	0.2624	0.2264	-0.4830	1.390	0
208109	21.461	-0.438	-22.288	-0.61	0.48	-0.56	-0.002	0.001	0.019	0.000	-0.000	0.000	0.1200	-0.1200	-0.1200	0.0000	0.0000	0.0000	0	1.00	0.2624	0.2264	-0.4830	1.390	0
208117	21.456	-0.438	-22.283	-0.39	0.30	-0.39	0.005	0.048	0.021	0.000	-0.000	0.000	0.1200	-0.1146	-0.1200	0.0000	0.0000	0.0000	0	1.00	0.2624	0.2264	-0.4830	1.390	0
208125	21.454	-0.440	-22.283	-0.34	-0.09	-0.36	-0.006	0.065	0.022	0.000	-0.000	0.000	0.1200	-0.1200	-0.1200	0.0000	0.0000	0.0000	0	1.00	0.2624	0.2264	-0.4830	1.390	0
208133	21.445	-0.450	-22.283	-0.11	-0.55	-0.03	-0.010	0.048	0.012	0.000	0.000	0.000	0.1200	-0.1200	-0.1200	0.0000	0.0000	0.0000	0	1.00	0.2624	0.2264	-0.4830	1.390	0
208141	21.443	-0.452	-22.283	-0.26	-0.41	-0.33	-0.015	0.075	0.007	0.000	0.000	0.000	0.1200	-0.1200	-0.1200	0.0000	0.0000	0.0000	0	1.00	0.2624	0.2264	-0.4830	1.390	0
208149	21.453	-0.449	-22.290	-0.19	0.03	-0.32	-0.016	0.031	-0.022	0.000	0.000	0.000	0.1200	-0.1200	-0.1200	0.0000	0.0000	0.0000	0	1.00	0.2624	0.2264	-0.4830	1.390	0
208157	21.458	-0.449	-22.296	-0.33	-0.15	-0.42	-0.008	0.028	-0.027	0.000	0.000	0.000	0.1200	-0.1200	-0.1200	0.0000	0.0000	0.0000	0	1.00	0.2624	0.2264	-0.4830	1.390	0
208165	21.462	-0.445	-22.296	-0.49	0.07	-0.37	0.008	0.000	-0.029	0.000	0.000	0.000	0.1200	-0.1200	-0.1200	0.0000	0.0000	0.0000	0	1.00	0.2624	0.2264	-0.4830	1.390	0
208172	21.468	-0.438	-22.296	-0.64	0.27	-0.43	0.011	-0.049	-0.028	0.000	0.000	0.000	0.1200	-0.1200	-0.1200	0.0000	0.0000	0.0000	0	1.00	0.2624	0.2264	-0.4830	1.390	0
208181	21.472	-0.438	-22.300	-0.47	0.34	-0.45	0.016	-0.054	-0.023	0.000	0.000	0.000	0.1200	-0.1200	-0.1200	0.0000	0.0000	0.0000	0	1.00	0.2624	0.2264	-0.4830	1.390	0
208189	21.476	-0.434	-22.299	-0.31	0.42	-0.37	0.012	-0.065	0.002	0.000	0.000	0.000	0.1200	-0.1200	-0.1200	0.0000	0.0000	0.0000	0	1.00	0.2624	0.2264	-0.4830	1.390	0
208196	21.470	-0.432	-22.292	-0.66	0.51	-0.11	0.017	-0.042	0.011	0.000	-0.000	0.000	0.1200	-0.1200	-0.1200	0.0000	0.0000	0.0000	0	1.00	0.2624	0.2264	-0.4830	1.390	0
208204	21.465	-0.433	-22.287	-0.61	0.31	-0.39	0.014	-0.022	0.016	0.000	-0.000	0.000	0.1200	-0.1200	-0.1200	0.0000	0.0000	0.0000	0	1.00	0.2624	0.2264	-0.4830	1.390	0
208212	21.461	-0.432	-22.283	-0.47	0.29	-0.41	0.009	0.001	0.028	0.000	-0.000	0.000	0.1200	-0.1200	-0.1200	0.0000	0.0000	0.0000	0	1.00	0.2624	0.2264	-0.4830	1.390	0
208220	21.460	-0.427	-22.278	-0.13	0.42	-0.45	0.013	-0.000	0.023	0.000	-0.000	0.000	0.1200	-0.1150	-0.1200	0.0000	0.0000	0.0000	0	1.00	0.2624	0.2264	-0.4830	1.390	0
208228	21.457	-0.425	-22.273	-0.38	0.24	-0.02	0.016	0.009	0.025	0.000	-0.000	0.000	0.1200	-0.1153	-0.1200	0.0000	0.0000	0.0000	0	1.00	0.2624	0.2264	-0.4830	1.390	0
208236	21.460	-0.425	-22.276	-0.22	0.24	-0.29	0.012	0.023	0.004	0.000	-0.000	0.000	0.1200	-0.1140	-0.1200	0.0000	0.0000	0.0000	0	1.00	0.2624	0.2264	-0.4830	1.390	0
208244	21.465	-0.418	-22.275	0.02	0.20	-0.07	-0.023	0.037	-0.002	0.000	0.000	0.000	0.1200	-0.1081	-0.1200	0.0000	0.0000	0.0000	0	1.00	0.2624	0.2264	-0.4830	1.390	0
208251	21.468	-0.417	-22.277	-0.44	0.24	-0.28	-0.033	0.029	-0.017	0.000	0.000	0.000	0.1200	-0.1128	-0.1200	0.0000	0.0000	0.0000	0	1.00	0.2624	0.2264	-0.4830	1.390	0
208259	21.475	-0.415	-22.282	-0.42	0.14	-0.30	-0.038	0.042	-0.039	0.000	0.000	0.000	0.1200	-0.1131	-0.1200	0.0000	0.0000	0.0000	0	1.00	0.2624	0.2264	-0.4830	1.390	0
208267	21.477	-0.411	-22.280	-0.71	0.33	-0.63	-0.033	-0.006	-0.036	0.000	0.000	0.000	0.1200	-0.1196	-0.1200	0.0000	0.0000	0.0000	0	1.00	0.2624	0.2264	-0.4830	1.390	0
208275	21.472	-0.415	-22.279	-0.63	0.06	-0.64	-0.032	-0.020	-0.041	0.000	0.000	0.000	0.1200	-0.1200	-0.1200	0.0000	0.0000	0.0000	0	1.00	0.2624	0.2264	-0.4830	1.390	0
208283	21.468	-0.415	-22.274	-0.46	-0.01	-0.54	-0.014	-0.043	-0.030	0.000	0.000	-0.000	0.1200	-0.1200	-0.1200	0.0000	0.0000	0.0000	0	1.00	0.2624	0.2264	-0.4830	1.390	0
208291	21.461	-0.420	-22.272	-0.23	-0.12	-0.56	-0.005	-0.037	-0.021	0.000	-0.000	-0.000	0.1200	-0.1200	-0.1200	0.0000	0.0000	0.0000	0	1.00	0.2624	0.2264	-0.4830	1.390	0
208299	21.457	-0.423	-22.271	0.04	-0.23	-0.50	0.010	-0.033	-0.020	0.000	-0.000	-0.000	0.1200	-0.1200	-0.1200	0.0000	0.0000	0.0000	0	1.00	0.2624	0.2264	-0.4830	1.390	0
208307	21.455	-0.422	-22.268	-0.28	-0.39	-0.23	0.034	-0.023	0.004	0.000	-0.000	-0.000	0.1200	-0.1200	-0.1200	0.0000	0.0000	0.0000	0	1.00	0.2624	0.2264	-0.4830	1.390	0
208315	21.456	-0.422	-22.269	-0.42	-0.40	-0.50	0.045	-0.025	0.024	0.000	-0.000	-0.000	0.1200	-0.1200	-0.1200	0.0000	0.0000	0.0000	0	1.00	0.2624	0.2264	-0.4830	1.390	0
208323	21.459	-0.418	-22.268	-0.50	-0.21	-0.40	0.038	-0.003	0.029	0.000	-0.000	-0.000	0.1200	-0.1200	-0.1200	0.0000	0.0000	0.0000	0	1.00	0.2624	0.2264	-0.4830	1.390	0
208330	21.462	-0.421	-22.274	-0.44	-0.08	-0.27	0.038	-0.012	0.035	0.000	-0.000	0.000	0.1200	-0.1200	-0.1200	0.0000	0.0000	0.0000	0	1.00	0.2624	0.2264	-0.4830	1.390	0
208338	21.466	-0.424	-22.281	-0.09	-0.26	-0.44	0.010	-0.004	0.034	0.000	-0.000	0.000	0.1200	-0.1200	-0.1200	0.0000	0.0000	0.0000	0	1.00	0.2624	0.2264	-0.4830	1.390	0
208346	21.475	-0.417	-22.284	0.02	-0.08	-0.10	-0.010	0.013	0.033	0.000	-0.000	0.000	0.1200	-0.1169	-0.1200	0.0000	0.0000	0.0000	0	1.00	0.2624	0.2264	-0.4830	1.390	0
208354	21.476	-0.414	-22.282	-0.24	-0.11	-0.13	-0.012	0.041	0.019	0.000	-0.000	0.000	0.1200	-0.1154	-0.1200	0.0000	0.0000	0.0000	0	1.00	0.2624	0.2264	-0.4830	1.390	0
208362	21.479	-0.409	-22.280	-0.47	0.47	-0.58	-0.022	0.035	0.008	0.000	-0.000	0.000	0.1200	-0.1083	-0.1200	0.0000	0.0000	0.0000	0	1.00	0.2624	0.2264	-0.4830	1.390	0
208370	21.478	-0.409	-22.279	-0.75	0.30	-0.66	-0.027	0.039	0.005	0.000	0.000	0.000	0.1200	-0.1141	-0.1200	0.0000	0.0000	0.0000	0	1.00	0.2624	0.2264	-0.4830	1.390	0
208378	21.468	-0.416	-22.276	-0.77	-0.05	-0.50	-0.034	0.005	-0.006	0.000	0.000	0.000	0.1200	-0.1200	-0.1200	0.0000	0.0000	0.0000	0	1.00	0.2624	0.2264	-0.4830	1.390	0
208386	21.465	-0.418	-22.274	-0.41	-0.03	-0.56	-0.022	0.001	-0.008	0.000	0.000	0.000	0.1200	-0.1200	-0.1200	0.0000	0.0000	0.0000	0	1.00	0.2624	0.2264	-0.4830	1.390	0
208394	21.462	-0.421	-22.274	-0.21	-0.02	-0.46	0.001	0.005	-0.029	0.000	0.000	0.000	0.1200	-0.1200	-0.1200	0.0000	0.0000	0.0000	0	1.00	0.2624	0.2264	-0.4830	1.390	0
208402	21.463	-0.423	-22.276	-0.38	-0.34	-0.18	-0.001	0.001	-0.020	0.000	0.000	0.000	0.1200	-0.1200	-0.1200	0.0000	0.0000	0.0000	0	1.00	0.2624	0.2264	-0.4830	1.390	0
208410	21.466	-0.420	-22.278	-0.24	-0.03	-0.21	0.022	-0.025	-0.032	0.000	0.000	0.000	0.1200	-0.1200	-0.1200	0.0000	0.0000	0.0000	0	1.00	0.2624	0.2264	-0.4830	1.390	0
208418	21.468	-0.425	-22.284	-0.61	0.20	-0.59	0.027	-0.051	-0.018	0.000	-0.000	-0.000	0.1200	-0.1200	-0.1200	0.0000	0.0000	0.0000	0	1.00	0.2624	0.2264	-0.4830	1.390	0
208426	21.465	-0.431	-22.286	-0.67	-0.15	-0.51	0.026	-0.029	-0.006	0.000	-0.000	-0.000	0.1200	-0.1200	-0.1200	0.0000	0.0000	0.0000	0	1.00	0.2624	0.2264	-0.4830	1.390	0
208434	21.465	-0.433	-22.288	-0.24	-0.18	-0.37	0.015	-0.020	-0.015	0.000	-0.000	-0.000	0.1200	-0.1200	-0.1200	0.0000	0.0000	0.0000	0	1.00	0.2624	0.2264	-0.4830	1.390	0
208441	21.468	-0.434	-22.291	-0.38	0.09	-0.18	0.019	-0.030	-0.012	0.000	-0.000	-0.000	0.1200	-0.1200	-0.1200	0.0000	0.0000	0.0000	0	1.00	0.2624	0.2264	-0.4830	1.390	0
208449	21.465	-0.439	-22.293	0.10	-0.19	-0.28	0.005	0.017	0.008	0.000	-0.000	-0.000	0.1200	-0.1200	-0.1200	0.0000	0.0000	0.0000	0	1.00	0.2624	0.2264	-0.4830	1.390	0
208457	21.464	-0.439	-22.292	-0.51	-0.16	-0.34	-0.001	0.019	0.004	0.000	-0.000	-0.000	0.1200	-0.1200	-0.1200	0.0000	0.0000	0.0000	0	1.00	0.2624	0.2264	-0.4830	1.390	0
208465	21.461	-0.435	-22.286	-0.58	0.15	-0.47	-0.022	0.042	0.010	0.000	-0.000	-0.000	0.1200	-0.1195	-0.1200	0.0000	0.0000	0.0000	0	1.00	0.2624	0.2264	-0.4830	1.390	0
208473	21.461	-0.439	-22.290	-0.41	0.08	-0.36	-0.025	0.023	0.021	0.000	-0.000	-0.000	0.1200	-0.1200	-0.1200	0.0000	0.0000	0.0000	0	1.00	0.2624	0.2264	-0.4830	1.390	0
208481	21.459	-0.443	-22.291	-0.29	0.17	-0.36	-0.037	0.043	0.014	0.000	-0.000	0.000	0.1200	-0.1176	-0.1200	0.0000	0.0000	0.0000	0	1.00	0.2624	0.2264	-0.4830	1.390	0
208489	21.461	-0.447	-22.297	-0.38	0.00	-0.09	-0.024	0.033	0.008	0.000	0.000	0.000	0.1200	-0.1200	-0.1200	0.0000	0.0000	0.0000	0	1.00	0.2624	0.2264	-0.4830	1.390	0
208497	21.462	-0.454	-22.304	0.08	-0.54	-0.12	-0.020	0.005	0.009	0.000	0.000	0.000	0.1200	-0.1200	-0.1200	0.0000	0.0000	0.0000	0	1.00	0.2624	0.2264	-0.4830	1.390	0
208505	21.465	-0.448	-22.302	-0.17	0.06	-0.47	0.005	-0.023	-0.003	0.000	-0.000	0.000	0.1200	-0.1200	-0.1200	0.0000	0.0000	0.0000	0	1.00	0.2624	0.2264	-0.4830	1.390	0
208513	21.464	-0.449	-22.301	-0.50	0.13	-0.31	0.005	0.003	-0.015	0.000	-0.000	0.000	0.1200	-0.1200	-0.1200	0.0000	0.0000	0.0000	0	1.00	0.2624	0.2264	-0.4830	1.390	0
208521	21.460	-0.451	-22.299	-0.67	-0.07	-0.16	0.007	-0.027	-0.006	0.000	-0.000	-0.000	0.1200	-0.1200	-0.1200	0.0000	0.0000	0.0000	0	1.00	0.2624	0.2264	-0.4830	1.390	0
208529	21.457	-0.452	-22.298	-0.48	-0.06	-0.67	0.022	-0.013	-0.016	0.000	-0.000	-0.000	0.1200	-0.1200	-0.1200	0.0000	0.0000	0.0000	0	1.00	0.2624	0.2264	-0.4830	1.390	0
208537	21.460	-0.451	-22.299	-0.14	0.01	-0.35	0.021	-0.031	-0.015	0.000	-0.000	-0.000	0.1200	-0.1200	-0.1200	0.0000	0.0000	0.0000	0	1.00	0.2624	0.2264	-0.4830	1.390	0
208545	21.458	-0.453	-22.299	-0.34	-0.35	-0.10	0.012	-0.009	-0.024	0.000	-0.000	-0.000	0.1200	-0.1200	-0.1200	0.0000	0.0000	0.0000	0	1.00	0.2624	0.2264	-0.4830	1.390	0
208553	21.457	-0.455	-22.300	-0.07	-0.25	-0.26	0.015	0.023	-0.011	0.000	-0.000	-0.000	0.1200	-0.1200	-0.1200	0.0000	0.0000	0.0000	0	1.00	0.2624	0.2264	-0.4830	1.390	0
208561	21.461	-0.451	-22.300	-0.29	-0.29	-0.21	0.003	0.020	0.006	0.000	-0.000	-0.000	0.1200	-0.1200	-0.1200	0.0000	0.0000	0.0000	0	1.00	0.2624	0.2264	-0.4830	1.390	0
208569	21.457	-0.461	-22.305	-0.29	-0.16	-0.34	0.004	-0.022	0.009	0.000	-0.000	-0.000	0.1200	-0.1200	-0.1200	0.0000	0.0000	0.0000	0	1.00	0.2624	0.2264	-0.4830	1.390	0
208577	21.458	-0.463	-22.307	-0.35	-0.12	-0.22	-0.005	-0.018	0.020	0.000	-0.000	-0.000	0.1200	-0.1200	-0.1200	0.0000	0.0000	0.0000	0	1.00	0.2624	0.2264	-0.4830	1.390	0
208585	21.461	-0.463	-22.311	0.04	-0.19	-0.11	-0.007	0.009	0.017	0.000	-0.000	-0.000	0.1200	-0.1200	-0.1200	0.0000	0.0000	0.0000	0	1.00	0.2624	0.2264	-0.4830	1.390	0
208593	21.460	-0.464	-22.311	-0.33	0.02	-0.16	-0.024	-0.020	0.029	0.000	-0.000	-0.000	0.1200	-0.1200	-0.1200	0.0000	0.0000	0.0000	0	1.00	0.2624	0.2264	-0.4830	1.390	0
208601	21.456	-0.467	-22.310	-0.69	-0.12	-0.30	-0.007	0.028	0.027	0.000	-0.000	0.000	0.1200	-0.1200	-0.1200	0.0000	0.0000	0.0000	0	1.00	0.2624	0.2264	-0.4830	1.390	0
208609	21.458	-0.464	-22.309	0.13	0.06	-0.03	-0.017	-0.000	0.014	0.000	-0.000	0.000	0.1200	-0.1200	-0.1200	0.0000	0.0000	0.0000	0	1.00	0.2624	0.2264	-0.4830	1.390	0
208617	21.459	-0.459	-22.305	-0.38	0.13	-0.22	-0.016	-0.002	0.010	0.000	-0.000	0.000	0.1200	-0.1200	-0.1200	0.0000	0.0000	0.0000	0	1.00	0.2624	0.2264	-0.4830	1.390	0
208625	21.457	-0.458	-22.303	-0.24	0.18	-0.43	-0.022	-0.017	0.003	0.000	-0.000	0.000	0.1200	-0.1200	-0.1200	0.0000	0.0000	0.0000	0	1.00	0.2624	0.2264	-0.4830	1.390	0
208632	21.461	-0.454	-22.303	-0.35	0.30	-0.32	0.004	-0.033	-0.013	0.000	-0.000	0.000	0.1200	-0.1200	-0.1200	0.0000	0.0000	0.0000	0	1.00	0.2624	0.2264	-0.4830	1.390	0
208640	21.460	-0.456	-22.303	-0.28	0.21	-0.40	-0.003	-0.017	-0.015	0.000	-0.000	0.000	0.1200	-0.1200	-0.1200	0.0000	0.0000	0.0000	0	1.00	0.2624	0.2264	-0.4830	1.390	0
208649	21.460	-0.456	-22.304	-0.46	0.23	-0.47	0.010	-0.020	-0.015	0.000	-0.000	0.000	0.1200	-0.1200	-0.1200	0.0000	0.0000	0.0000	0	1.00	0.2624	0.2264	-0.4830	1.390	0
208656	21.464	-0.451	-22.303	-0.40	0.08	-0.36	0.005	-0.001	-0.021	0.000	-0.000	-0.000	0.1200	-0.1200	-0.1200	0.0000	0.0000	0.0000	0	1.00	0.2624	0.2264	-0.4830	1.390	0
208664	21.459	-0.455	-22.301	-0.48	0.27	-0.69	0.032	0.011	-0.018	0.000	-0.000	-0.000	0.1200	-0.1200	-0.1200	0.0000	0.0000	0.0000	0	1.00	0.2624	0.2264	-0.4830	1.390	0
208672	21.456	-0.460	-22.303	-0.50	-0.13	-0.49	0.021	0.025	-0.014	0.000	-0.000	-0.000	0.1200	-0.1200	-0.1200	0.0000	0.0000	0.0000	0	1.00	0.2624	0.2264	-0.4830	1.390	0
208680	21.459	-0.453	-22.300	-0.32	0.13	-0.40	0.008	0.037	-0.006	0.000	0.000	-0.000	0.1200	-0.1200	-0.1200	0.0000	0.0000	0.0000	0	1.00	0.2624	0.2264	-0.4830	1.390	0
208688	21.462	-0.448	-22.299	-0.35	0.38	-0.40	0.011	0.015	0.000	0.000	0.000	-0.000	0.1200	-0.1189	-0.1200	0.0000	0.0000	0.0000	0	1.00	0.2624	0.2264	-0.4830	1.390	0
208696	21.458	-0.456	-22.302	-0.39	0.10	-0.51	0.002	-0.015	0.011	0.000	0.000	-0.000	0.1200	-0.1200	-0.1200	0.0000	0.0000	0.0000	0	1.00	0.2624	0.2264	-0.4830	1.390	0
208704	21.458	-0.453	-22.299	-0.30	0.36	-0.43	-0.009	0.011	0.018	0.000	0.000	-0.000	0.1200	-0.1200	-0.1200	0.0000	0.0000	0.0000	0	1.00	0.2624	0.2264	-0.4830	1.390	0
208711	21.455	-0.454	-22.297	-0.31	0.46	-0.41	-0.019	-0.028	0.016	0.000	0.000	-0.000	0.1200	-0.1200	-0.1200	0.0000	0.0000	0.0000	0	1.00	0.2624	0.2264	-0.4830	1.390	0
208719	21.458	-0.454	-22.300	-0.34	0.08	-0.53	0.004	-0.038	0.026	0.000	-0.000	0.000	0.1200	-0.1200	-0.1200	0.0000	0.0000	0.0000	0	1.00	0.2624	0.2264	-0.4830	1.390	0
208727	21.460	-0.449	-22.298	-0.23	0.25	-0.19	-0.008	-0.032	0.018	0.000	-0.000	0.000	0.1200	-0.1200	-0.1200	0.0000	0.0000	0.0000	0	1.00	0.2624	0.2264	-0.4830	1.390	0
208735	21.462	-0.448	-22.299	-0.41	0.51	-0.36	-0.004	-0.021	0.012	0.000	-0.000	0.000	0.1200	-0.1200	-0.1200	0.0000	0.0000	0.0000	0	1.00	0.2624	0.2264	-0.4830	1.390	0
208743	21.464	-0.446	-22.299	-0.38	0.26	-0.35	-0.004	-0.014	-0.009	0.000	-0.000	0.000	0.1200	-0.1200	-0.1200	0.0000	0.0000	0.0000	0	1.00	0.2624	0.2264	-0.4830	1.390	0
208751	21.469	-0.437	-22.296	-0.21	-0.02	-0.46	0.004	0.001	-0.031	0.000	-0.000	0.000	0.1200	-0.1200	-0.1200	0.0000	0.0000	0.0000	0	1.00	0.2624	0.2264	-0.4830	1.390	0
208759	21.469	-0.434	-22.293	-0.31	0.33	-0.28	0.008	0.030	-0.029	0.000	-0.000	-0.000	0.1200	-0.1137	-0.1200	0.0000	0.0000	0.0000	0	1.00	0.2624	0.2264	-0.4830	1.390	0
208767	21.468	-0.438	-22.295	-0.71	0.07	-0.37	0.010	0.014	-0.027	0.000	-0.000	-0.000	0.1200	-0.1200	-0.1200	0.0000	0.0000	0.0000	0	1.00	0.2624	0.2264	-0.4830	1.390	0
208775	21.464	-0.440	-22.293	-0.21	0.02	-0.07	0.014	0.032	-0.028	0.000	-0.000	-0.000	0.1200	-0.1184	-0.1200	0.0000	0.0000	0.0000	0	1.00	0.2624	0.2264	-0.4830	1.390	0
208783	21.464	-0.438	-22.292	-0.29	0.17	-0.36	0.005	0.069	-0.014	0.000	0.000	-0.000	0.1200	-0.1150	-0.1200	0.0000	0.0000	0.0000	0	1.00	0.2624	0.2264	-0.4830	1.390	0
208791	21.463	-0.439	-22.291	0.01	-0.03	-0.47	0.020	0.030	-0.013	0.000	0.000	-0.000	0.1200	-0.1200	-0.1200	0.0000	0.0000	0.0000	0	1.00	0.2624	0.2264	-0.4830	1.390	0
208799	21.468	-0.436	-22.293	-0.26	0.22	-0.22	0.008	0.036	-0.002	0.000	0.000	-0.000	0.1200	-0.1148	-0.1200	0.0000	0.0000	0.0000	0	1.00	0.2624	0.2264	-0.4830	1.390	0
208807	21.470	-0.436	-22.295	-0.52	0.19	-0.25	-0.006	0.005	0.009	0.000	0.000	-0.000	0.1200	-0.1200	-0.1200	0.0000	0.0000	0.0000	0	1.00	0.2624	0.2264	-0.4830	1.390	0
208815	21.472	-0.436	-22.298	-0.72	0.30	-0.48	-0.010	-0.019	0.020	0.000	0.000	-0.000	0.1200	-0.1200	-0.1200	0.0000	0.0000	0.0000	0	1.00	0.2624	0.2264	-0.4830	1.390	0
208823	21.472	-0.436	-22.297	-0.45	0.47	-0.40	-0.024	-0.048	0.018	0.000	0.000	-0.000	0.1200	-0.1200	-0.1200	0.0000	0.0000	0.0000	0	1.00	0.2624	0.2264	-0.4830	1.390	0
208831	21.475	-0.431	-22.295	-0.08	0.39	-0.48	-0.010	-0.067	0.020	0.000	0.000	-0.000	0.1200	-0.1200	-0.1200	0.0000	0.0000	0.0000	0	1.00	0.2624	0.2264	-0.4830	1.390	0
208839	21.470	-0.431	-22.290	-0.24	0.36	-0.17	-0.010	-0.077	0.022	0.000	-0.000	-0.000	0.1200	-0.1200	-0.1200	0.0000	0.0000	0.0000	0	1.00	0.2624	0.2264	-0.4830	1.390	0
208847	21.473	-0.424	-22.288	-0.43	0.53	-0.26	-0.001	-0.062	0.004	0.000	-0.000	-0.000	0.1200	-0.1200	-0.1200	0.0000	0.0000	0.0000	0	1.00	0.2624	0.2264	-0.4830	1.390	0
208855	21.472	-0.420	-22.283	-0.39	0.60	-0.27	0.008	-0.069	0.003	0.000	-0.000	-0.000	0.1200	-0.1182	-0.1200	0.0000	0.0000	0.0000	0	1.00	0.2624	0.2264	-0.4830	1.390	0
208863	21.470	-0.418	-22.279	-0.47	0.25	-0.36	0.019	-0.019	-0.005	0.000	-0.000	-0.000	0.1200	-0.1200	-0.1200	0.0000	0.0000	0.0000	0	1.00	0.2624	0.2264	-0.4830	1.390	0
208871	21.474	-0.412	-22.278	-0.44	0.28	-0.33	0.023	-0.006	0.003	0.000	-0.000	-0.000	0.1200	-0.1170	-0.1200	0.0000	0.0000	0.0000	0	1.00	0.2624	0.2264	-0.4830	1.390	0
208879	21.472	-0.412	-22.276	-0.49	0.15	-0.46	0.009	0.039	-0.008	0.000	-0.000	-0.000	0.1200	-0.1142	-0.1200	0.0000	0.0000	0.0000	0	1.00	0.2624	0.2264	-0.4830	1.390	0
208887	21.468	-0.414	-22.274	0.05	0.09	-0.52	0.013	0.054	-0.001	0.000	-0.000	-0.000	0.1200	-0.1110	-0.1200	0.0000	0.0000	0.0000	0	1.00	0.2624	0.2264	-0.4830	1.390	0
208895	21.468	-0.411	-22.271	-0.40	0.23	-0.20	0.014	0.070	0.004	0.000	-0.000	-0.000	0.1200	-0.1078	-0.1200	0.0000	0.0000	0.0000	0	1.00	0.2624	0.2264	-0.4830	1.390	0
208903	21.472	-0.404	-22.269	-0.30	0.14	-0.21	-0.013	0.064	-0.009	0.000	-0.000	-0.000	0.1200	-0.1076	-0.1200	0.0000	0.0000	0.0000	0	1.00	0.2624	0.2264	-0.4830	1.390	0
208911	21.473	-0.402	-22.268	-0.61	0.11	-0.50	-0.009	0.044	-0.022	0.000	0.000	-0.000	0.1200	-0.1136	-0.1200	0.0000	0.0000	0.0000	0	1.00	0.2624	0.2264	-0.4830	1.390	0
208919	21.473	-0.400	-22.266	-0.47	0.12	-0.23	-0.024	0.038	-0.019	0.000	0.000	-0.000	0.1200	-0.1105	-0.1200	0.0000	0.0000	0.0000	0	1.00	0.2624	0.2264	-0.4830	1.390	0
208927	21.480	-0.401	-22.274	-0.31	-0.01	-0.37	-0.019	0.009	-0.019	0.000	0.000	-0.000	0.1200	-0.1171	-0.1200	0.0000	0.0000	0.0000	0	1.00	0.2624	0.2264	-0.4830	1.390	0
208935	21.480	-0.401	-22.274	-0.63	0.21	-0.49	-0.015	-0.019	-0.004	0.000	0.000	-0.000	0.1200	-0.1200	-0.1200	0.0000	0.0000	0.0000	0	1.00	0.2624	0.2264	-0.4830	1.390	0
208943	21.483	-0.398	-22.275	-0.46	-0.07	-0.16	-0.008	-0.032	0.015	0.000	0.000	-0.000	0.1200	-0.1200	-0.1200	0.0000	0.0000	0.0000	0	1.00	0.2624	0.2264	-0.4830	1.390	0
208951	21.483	-0.397	-22.274	-0.33	0.13	0.04	0.003	-0.013	0.008	0.000	0.000	-0.000	0.1200	-0.1144	-0.1200	0.0000	0.0000	0.0000	0	1.00	0.2624	0.2264	-0.4830	1.390	0
208959	21.486	-0.394	-22.274	-0.42	0.18	-0.34	0.011	-0.043	0.021	0.000	-0.000	-0.000	0.1200	-0.1200	-0.1200	0.0000	0.0000	0.0000	0	1.00	0.2624	0.2264	-0.4830	1.390	0
208966	21.485	-0.393	-22.272	-0.51	0.02	-0.51	0.027	-0.027	0.027	0.000	-0.000	-0.000	0.1200	-0.1200	-0.1200	0.0000	0.0000	0.0000	0	1.00	0.2624	0.2264	-0.4830	1.390	0
208975	21.482	-0.393	-22.269	-0.51	0.09	-0.27	0.028	0.004	0.027	0.000	-0.000	-0.000	0.1200	-0.1152	-0.1200	0.0000	0.0000	0.0000	0	1.00	0.2624	0.2264	-0.4830	1.390	0
208983	21.478	-0.394	-22.265	-0.32	-0.13	-0.13	0.036	0.008	0.024	0.000	-0.000	0.000	0.1200	-0.1166	-0.1200	0.0000	0.0000	0.0000	0	1.00	0.2624	0.2264	-0.4830	1.390	0
208991	21.473	-0.394	-22.261	-0.56	0.02	-0.16	0.034	0.007	0.014	0.000	0.000	0.000	0.1200	-0.1157	-0.1200	0.0000	0.0000	0.0000	0	1.00	0.2624	0.2264	-0.4830	1.390	0
208998	21.471	-0.396	-22.260	-0.33	-0.15	-0.42	0.019	0.009	0.005	0.000	0.000	0.000	0.1200	-0.1193	-0.1200	0.0000	0.0000	0.0000	0	1.00	0.2624	0.2264	-0.4830	1.390	0
209006	21.468	-0.397	-22.259	-0.31	-0.13	-0.56	0.010	0.039	-0.001	0.000	0.000	0.000	0.1200	-0.1159	-0.1200	0.0000	0.0000	0.0000	0	1.00	0.2624	0.2264	-0.4830	1.390	0
209014	21.474	-0.396	-22.263	-0.30	-0.10	-0.71	-0.004	0.041	-0.015	0.000	0.000	0.000	0.1200	-0.1159	-0.1200	0.0000	0.0000	0.0000	0	1.00	0.2624	0.2264	-0.4830	1.390	0
209022	21.476	-0.399	-22.268	-0.57	-0.33	-0.42	-0.013	0.029	-0.020	0.000	0.000	-0.000	0.1200	-0.1200	-0.1200	0.0000	0.0000	0.0000	0	1.00	0.2624	0.2264	-0.4830	1.390	0
209030	21.480	-0.398	-22.272	-0.35	-0.12	-0.64	-0.027	0.005	-0.018	0.000	0.000	-0.000	0.1200	-0.1200	-0.1200	0.0000	0.0000	0.0000	0	1.00	0.2624	0.2264	-0.4830	1.390	0
209038	21.481	-0.402	-22.276	-0.45	-0.20	-0.47	-0.009	-0.019	-0.013	0.000	0.000	-0.000	0.1200	-0.1200	-0.1200	0.0000	0.0000	0.0000	0	1.00	0.2624	0.2264	-0.4830	1.390	0
209046	21.483	-0.406	-22.281	-0.47	-0.14	0.03	-0.011	-0.027	-0.005	0.000	0.000	-0.000	0.1200	-0.1200	-0.1200	0.0000	0.0000	0.0000	0	1.00	0.2624	0.2264	-0.4830	1.390	0
209054	21.481	-0.409	-22.282	-0.61	-0.02	-0.37	-0.011	-0.044	-0.010	0.000	0.000	-0.000	0.1200	-0.1200	-0.1200	0.0000	0.0000	0.0000	0	1.00	0.2624	0.2264	-0.4830	1.390	0
209062	21.478	-0.410	-22.281	-0.08	-0.32	-0.50	-0.017	-0.058	0.015	0.000	-0.000	-0.000	0.1200	-0.1200	-0.1200	0.0000	0.0000	0.0000	0	1.00	0.2624	0.2264	-0.4830	1.390	0
209070	21.480	-0.409	-22.281	-0.41	-0.25	-0.34	0.011	-0.046	0.020	0.000	-0.000	-0.000	0.1200	-0.1200	-0.1200	0.0000	0.0000	0.0000	0	1.00	0.2624	0.2264	-0.4830	1.390	0
209078	21.477	-0.410	-22.280	-0.39	0.17	-0.27	-0.005	-0.025	0.038	0.000	-0.000	-0.000	0.1200	-0.1200	-0.1200	0.0000	0.0000	0.0000	0	1.00	0.2624	0.2264	-0.4830	1.390	0
209085	21.479	-0.411	-22.282	-0.12	-0.27	-0.19	-0.014	-0.019	0.026	0.000	-0.000	0.000	0.1200	-0.1200	-0.1200	0.0000	0.0000	0.0000	0	1.00	0.2624	0.2264	-0.4830	1.390	0
209093	21.482	-0.414	-22.287	-0.52	-0.11	0.05	-0.021	-0.008	0.029	0.000	-0.000	0.000	0.1200	-0.1200	-0.1200	0.0000	0.0000	0.0000	0	1.00	0.2624	0.2264	-0.4830	1.390	0
209102	21.479	-0.411	-22.281	-0.41	-0.16	-0.43	-0.008	-0.007	0.014	0.000	-0.000	0.000	0.1200	-0.1200	-0.1200	0.0000	0.0000	0.0000	0	1.00	0.2624	0.2264	-0.4830	1.390	0
209109	21.480	-0.409	-22.281	-0.21	-0.02	-0.46	0.003	0.019	0.007	0.000	-0.000	0.000	0.1200	-0.1175	-0.1200	0.0000	0.0000	0.0000	0	1.00	0.2624	0.2264	-0.4830	1.390	0
209117	21.480	-0.411	-22.282	-0.41	-0.03	-0.56	-0.002	0.015	0.000	0.000	-0.000	0.000	0.1200	-0.1200	-0.1200	0.0000	0.0000	0.0000	0	1.00	0.2624	0.2264	-0.4830	1.390	0
209125	21.476	-0.415	-22.283	-0.70	-0.12	-0.30	0.003	0.007	-0.017	0.000	-0.000	0.000	0.1200	-0.1200	-0.1200	0.0000	0.0000	0.0000	0	1.00	0.2624	0.2264	-0.4830	1.390	0
209133	21.476	-0.414	-22.281	-0.51	-0.20	-0.29	0.014	0.018	-0.025	0.000	0.000	0.000	0.1200	-0.1200	-0.1200	0.0000	0.0000	0.0000	0	1.00	0.2624	0.2264	-0.4830	1.390	0
209141	21.476	-0.413	-22.280	-0.28	-0.09	-0.53	-0.007	0.004	-0.015	0.000	0.000	0.000	0.1200	-0.1200	-0.1200	0.0000	0.0000	0.0000	0	1.00	0.2624	0.2264	-0.4830	1.390	0
209149	21.474	-0.414	-22.280	-0.39	-0.07	-0.34	0.010	-0.014	-0.009	0.000	-0.000	0.000	0.1200	-0.1200	-0.1200	0.0000	0.0000	0.0000	0	1.00	0.2624	0.2264	-0.4830	1.390	0
209157	21.476	-0.411	-22.279	-0.34	0.19	-0.33	0.017	-0.038	-0.014	0.000	-0.000	-0.000	0.1200	-0.1200	-0.1200	0.0000	0.0000	0.0000	0	1.00	0.2624	0.2264	-0.4830	1.390	0
209165	21.479	-0.410	-22.281	-0.60	-0.12	-0.39	0.012	0.008	-0.009	0.000	-0.000	-0.000	0.1200	-0.1200	-0.1200	0.0000	0.0000	0.0000	0	1.00	0.2624	0.2264	-0.4830	1.390	0
209173	21.483	-0.410	-22.285	-0.35	0.04	-0.06	0.023	-0.008	-0.011	0.000	-0.000	-0.000	0.1200	-0.1190	-0.1200	0.0000	0.0000	0.0000	0	1.00	0.2624	0.2264	-0.4830	1.390	0
209181	21.485	-0.407	-22.285	-0.53	0.21	-0.15	0.027	-0.016	0.003	0.000	-0.000	-0.000	0.1200	-0.1184	-0.1200	0.0000	0.0000	0.0000	0	1.00	0.2624	0.2264	-0.4830	1.390	0
209188	21.489	-0.403	-22.284	-0.23	0.14	-0.39	0.018	0.010	0.015	0.000	-0.000	-0.000	0.1200	-0.1140	-0.1200	0.0000	0.0000	0.0000	0	1.00	0.2624	0.2264	-0.4830	1.390	0
209196	21.488	-0.402	-22.283	-0.43	0.29	-0.33	0.013	0.015	0.024	0.000	-0.000	-0.000	0.1200	-0.1113	-0.1200	0.0000	0.0000	0.0000	0	1.00	0.2624	0.2264	-0.4830	1.390	0
209204	21.482	-0.404	-22.279	-0.47	0.21	-0.32	0.007	-0.004	0.027	0.000	-0.000	0.000	0.1200	-0.1166	-0.1200	0.0000	0.0000	0.0000	0	1.00	0.2624	0.2264	-0.4830	1.390	0
209212	21.481	-0.406	-22.279	-0.35	0.08	-0.10	-0.010	-0.010	0.034	0.000	-0.000	0.000	0.1200	-0.1179	-0.1200	0.0000	0.0000	0.0000	0	1.00	0.2624	0.2264	-0.4830	1.390	0
209220	21.477	-0.409	-22.278	-0.34	0.24	-0.38	-0.013	0.032	0.026	0.000	-0.000	0.000	0.1200	-0.1111	-0.1200	0.0000	0.0000	0.0000	0	1.00	0.2624	0.2264	-0.4830	1.390	0
209228	21.475	-0.411	-22.278	-0.58	0.27	-0.60	-0.027	0.024	0.006	0.000	0.000	0.000	0.1200	-0.1150	-0.1200	0.0000	0.0000	0.0000	0	1.00	0.2624	0.2264	-0.4830	1.390	0
209236	21.473	-0.411	-22.276	-0.37	0.31	-0.21	-0.040	-0.006	0.010	0.000	0.000	0.000	0.1200	-0.1146	-0.1200	0.0000	0.0000	0.0000	0	1.00	0.2624	0.2264	-0.4830	1.390	0
209244	21.475	-0.409	-22.277	-0.19	-0.08	-0.52	-0.023	-0.027	-0.006	0.000	-0.000	0.000	0.1200	-0.1200	-0.1200	0.0000	0.0000	0.0000	0	1.00	0.2624	0.2264	-0.4830	1.390	0
209252	21.476	-0.409	-22.276	-0.57	0.26	-0.27	-0.031	-0.039	-0.041	0.000	-0.000	0.000	0.1200	-0.1200	-0.1200	0.0000	0.0000	0.0000	0	1.00	0.2624	0.2264	-0.4830	1.390	0
209260	21.479	-0.406	-22.278	-0.63	0.04	-0.31	-0.013	-0.013	-0.038	0.000	-0.000	0.000	0.1200	-0.1200	-0.1200	0.0000	0.0000	0.0000	0	1.00	0.2624	0.2264	-0.4830	1.390	0
209268	21.484	-0.403	-22.280	-0.29	-0.03	-0.47	0.003	-0.006	-0.032	0.000	-0.000	-0.000	0.1200	-0.1200	-0.1200	0.0000	0.0000	0.0000	0	1.00	0.2624	0.2264	-0.4830	1.390	0
209276	21.481	-0.405	-22.278	-0.51	0.06	-0.55	0.023	-0.013	-0.023	0.000	-0.000	-0.000	0.1200	-0.1200	-0.1200	0.0000	0.0000	0.0000	0	1.00	0.2624	0.2264	-0.4830	1.390	0
209284	21.482	-0.402	-22.277	-0.42	0.18	-0.35	0.030	-0.003	0.000	0.000	-0.000	-0.000	0.1200	-0.1164	-0.1200	0.0000	0.0000	0.0000	0	1.00	0.2624	0.2264	-0.4830	1.390	0
209292	21.481	-0.403	-22.277	-0.54	0.05	-0.30	0.025	-0.003	-0.001	0.000	-0.000	-0.000	0.1200	-0.1196	-0.1200	0.0000	0.0000	0.0000	0	1.00	0.2624	0.2264	-0.4830	1.390	0
209300	21.483	-0.399	-22.274	-0.41	0.25	-0.53	0.037	0.014	0.030	0.000	-0.000	-0.000	0.1200	-0.1127	-0.1200	0.0000	0.0000	0.0000	0	1.00	0.2624	0.2264	-0.4830	1.390	0
209308	21.481	-0.402	-22.275	-0.47	0.25	-0.36	0.032	0.021	0.041	0.000	-0.000	0.000	0.1200	-0.1116	-0.1200	0.0000	0.0000	0.0000	0	1.00	0.2624	0.2264	-0.4830	1.390	0
209315	21.484	-0.400	-22.277	-0.22	-0.00	-0.36	0.012	0.025	0.045	0.000	-0.000	0.000	0.1200	-0.1139	-0.1200	0.0000	0.0000	0.0000	0	1.00	0.2624	0.2264	-0.4830	1.390	0
209323	21.483	-0.400	-22.276	-0.36	0.05	-0.39	0.007	0.008	0.036	0.000	-0.000	0.000	0.1200	-0.1163	-0.1200	0.0000	0.0000	0.0000	0	1.00	0.2624	0.2264	-0.4830	1.390	0
209331	21.486	-0.394	-22.274	-0.24	0.06	-0.30	-0.002	0.006	0.031	0.000	-0.000	0.000	0.1200	-0.1140	-0.1200	0.0000	0.0000	0.0000	0	1.00	0.2624	0.2264	-0.4830	1.390	0
209339	21.486	-0.393	-22.272	-0.22	0.21	-0.57	-0.005	-0.016	0.015	0.000	-0.000	0.000	0.1200	-0.1162	-0.1200	0.0000	0.0000	0.0000	0	1.00	0.2624	0.2264	-0.4830	1.390	0
209347	21.488	-0.391	-22.272	-0.46	0.15	-0.38	-0.023	0.015	0.001	0.000	-0.000	0.000	0.1200	-0.1120	-0.1200	0.0000	0.0000	0.0000	0	1.00	0.2624	0.2264	-0.4830	1.390	0
209355	21.486	-0.388	-22.268	-0.32	0.18	-0.44	-0.028	-0.004	-0.018	0.000	-0.000	0.000	0.1200	-0.1136	-0.1200	0.0000	0.0000	0.0000	0	1.00	0.2624	0.2264	-0.4830	1.390	0
209363	21.487	-0.383	-22.265	-0.62	0.28	-0.25	-0.041	-0.016	-0.025	0.000	-0.000	0.000	0.1200	-0.1131	-0.1200	0.0000	0.0000	0.0000	0	1.00	0.2624	0.2264	-0.4830	1.390	0
209371	21.493	-0.380	-22.268	-0.60	-0.04	-0.48	-0.031	-0.004	-0.042	0.000	-0.000	0.000	0.1200	-0.1181	-0.1200	0.0000	0.0000	0.0000	0	1.00	0.2624	0.2264	-0.4830	1.390	0
209379	21.496	-0.374	-22.265	-0.14	0.44	-0.35	-0.029	-0.007	-0.047	0.000	-0.000	0.000	0.1200	-0.1041	-0.1200	0.0000	0.0000	0.0000	0	1.00	0.2624	0.2264	-0.4830	1.390	0
209387	21.501	-0.369	-22.265	-0.49	0.33	-0.63	-0.011	-0.004	-0.042	0.000	-0.000	-0.000	0.1200	-0.1092	-0.1200	0.0000	0.0000	0.0000	0	1.00	0.2624	0.2264	-0.4830	1.390	0
209395	21.503	-0.363	-22.262	-0.63	0.43	-0.27	0.007	0.010	-0.030	0.000	-0.000	-0.000	0.1200	-0.1022	-0.1200	0.0000	0.0000	0.0000	0	1.00	0.2624	0.2264	-0.4830	1.390	0
209402	21.502	-0.360	-22.259	-0.40	0.28	-0.25	0.017	-0.026	-0.011	0.000	-0.000	-0.000	0.1200	-0.1083	-0.1200	0.0000	0.0000	0.0000	0	1.00	0.2624	0.2264	-0.4830	1.390	0
209411	21.508	-0.361	-22.266	0.14	0.18	-0.27	0.034	0.003	0.007	0.000	-0.000	-0.000	0.1200	-0.1022	-0.1200	0.0000	0.0000	0.0000	0	1.00	0.2624	0.2264	-0.4830	1.390	0
209419	21.506	-0.358	-22.261	-0.13	0.04	-0.06	0.038	0.012	0.024	0.000	-0.000	-0.000	0.1200	-0.1034	-0.1200	0.0000	0.0000	0.0000	0	1.00	0.2624	0.2264	-0.4830	1.390	0
209426	21.502	-0.357	-22.256	-0.18	0.19	-0.17	0.031	0.009	0.037	0.000	-0.000	0.000	0.1200	-0.1018	-0.1200	0.0000	0.0000	0.0000	0	1.00	0.2624	0.2264	-0.4830	1.390	0
209434	21.498	-0.361	-22.255	-0.36	-0.23	-0.41	0.010	0.030	0.044	0.000	-0.000	0.000	0.1200	-0.1109	-0.1200	0.0000	0.0000	0.0000	0	1.00	0.2624	0.2264	-0.4830	1.390	0
209442	21.493	-0.365	-22.254	-0.23	-0.24	-0.43	-0.009	0.004	0.043	0.000	-0.000	0.000	0.1200	-0.1149	-0.1200	0.0000	0.0000	0.0000	0	1.00	0.2624	0.2264	-0.4830	1.390	0
209450	21.487	-0.367	-22.251	-0.53	-0.14	-0.23	-0.002	-0.004	0.016	0.000	-0.000	0.000	0.1200	-0.1155	-0.1200	0.0000	0.0000	0.0000	0	1.00	0.2624	0.2264	-0.4830	1.390	0
209458	21.484	-0.371	-22.251	-0.26	-0.30	-0.13	-0.003	0.010	-0.004	0.000	-0.000	0.000	0.1200	-0.1142	-0.1200	0.0000	0.0000	0.0000	0	1.00	0.2624	0.2264	-0.4830	1.390	0
209466	21.489	-0.371	-22.256	-0.18	-0.31	-0.41	-0.033	-0.009	-0.022	0.000	-0.000	0.000	0.1200	-0.1191	-0.1200	0.0000	0.0000	0.0000	0	1.00	0.2624	0.2264	-0.4830	1.390	0
209474	21.490	-0.368	-22.254	-0.95	-0.06	-0.42	-0.035	-0.010	-0.025	0.000	-0.000	0.000	0.1200	-0.1192	-0.1200	0.0000	0.0000	0.0000	0	1.00	0.2624	0.2264	-0.4830	1.390	0
209482	21.492	-0.372	-22.259	-0.35	-0.46	-0.30	-0.034	0.003	-0.042	0.000	-0.000	0.000	0.1200	-0.1200	-0.1200	0.0000	0.0000	0.0000	0	1.00	0.2624	0.2264	-0.4830	1.390	0
209490	21.493	-0.374	-22.263	-0.30	-0.31	-0.50	-0.016	-0.004	-0.021	0.000	-0.000	0.000	0.1200	-0.1200	-0.1200	0.0000	0.0000	0.0000	0	1.00	0.2624	0.2264	-0.4830	1.390	0
209498	21.498	-0.368	-22.262	-0.58	0.10	-0.43	-0.000	-0.016	-0.027	0.000	-0.000	-0.000	0.1200	-0.1145	-0.1200	0.0000	0.0000	0.0000	0	1.00	0.2624	0.2264	-0.4830	1.390	0
209506	21.493	-0.370	-22.259	-0.29	-0.20	-0.30	0.014	0.001	-0.013	0.000	-0.000	-0.000	0.1200	-0.1151	-0.1200	0.0000	0.0000	0.0000	0	1.00	0.2624	0.2264	-0.4830	1.390	0
209514	21.494	-0.369	-22.259	-0.31	-0.30	-0.39	0.017	0.015	-0.001	0.000	-0.000	-0.000	0.1200	-0.1154	-0.1200	0.0000	0.0000	0.0000	0	1.00	0.2624	0.2264	-0.4830	1.390	0
209522	21.491	-0.370	-22.257	-0.41	-0.29	-0.30	0.024	0.009	0.025	0.000	-0.000	-0.000	0.1200	-0.1164	-0.1200	0.0000	0.0000	0.0000	0	1.00	0.2624	0.2264	-0.4830	1.390	0
209530	21.488	-0.373	-22.257	-0.21	-0.32	-0.16	0.008	0.020	0.029	0.000	-0.000	-0.000	0.1200	-0.1134	-0.1200	0.0000	0.0000	0.0000	0	1.00	0.2624	0.2264	-0.4830	1.390	0
209538	21.485	-0.370	-22.251	-0.40	-0.42	-0.60	0.006	0.013	0.027	0.000	-0.000	0.000	0.1200	-0.1200	-0.1200	0.0000	0.0000	0.0000	0	1.00	0.2624	0.2264	-0.4830	1.390	0
209547	21.482	-0.371	-22.249	-0.27	-0.48	-0.57	0.004	-0.012	0.027	0.000	-0.000	0.000	0.1200	-0.1200	-0.1200	0.0000	0.0000	0.0000	0	1.00	0.2624	0.2264	-0.4830	1.390	0
209555	21.479	-0.381	-22.255	-0.48	-0.62	-0.54	0.011	-0.010	0.053	0.000	-0.000	0.000	0.1200	-0.1200	-0.1200	0.0000	0.0000	0.0000	0	1.00	0.2624	0.2264	-0.4830	1.390	0
209562	21.477	-0.387	-22.258	-0.40	-0.76	-0.69	-0.006	0.006	0.022	0.000	-0.000	0.000	0.1200	-0.1200	-0.1200	0.0000	0.0000	0.0000	0	1.00	0.2624	0.2264	-0.4830	1.390	0
209570	21.477	-0.391	-22.262	0.02	-0.84	-0.08	-0.008	0.021	0.009	0.000	-0.000	0.000	0.1200	-0.1200	-0.1200	0.0000	0.0000	0.0000	0	1.00	0.2624	0.2264	-0.4830	1.390	0
209578	21.477	-0.397	-22.267	-0.57	-0.41	-0.34	-0.013	0.002	0.006	0.000	0.000	0.000	0.1200	-0.1200	-0.1200	0.0000	0.0000	0.0000	0	1.00	0.2624	0.2264	-0.4830	1.390	0
209587	21.477	-0.401	-22.271	-0.52	-0.77	-0.35	-0.010	-0.002	-0.016	0.000	0.000	0.000	0.1200	-0.1200	-0.1200	0.0000	0.0000	0.0000	0	1.00	0.2624	0.2264	-0.4830	1.390	0
209594	21.476	-0.402	-22.271	-0.52	-0.39	-0.41	-0.004	-0.005	-0.021	0.000	0.000	0.000	0.1200	-0.1200	-0.1200	0.0000	0.0000	0.0000	0	1.00	0.2624	0.2264	-0.4830	1.390	0
209602	21.470	-0.408	-22.269	-0.62	-0.46	-0.56	-0.003	0.024	-0.031	0.000	0.000	0.000	0.1200	-0.1200	-0.1200	0.0000	0.0000	0.0000	0	1.00	0.2624	0.2264	-0.4830	1.390	0
209610	21.461	-0.412	-22.265	-0.35	-0.63	-0.13	0.006	0.025	-0.042	0.000	0.000	0.000	0.1200	-0.1200	-0.1200	0.0000	0.0000	0.0000	0	1.00	0.2624	0.2264	-0.4830	1.390	0
209618	21.452	-0.418	-22.262	-0.03	-0.60	-0.27	0.000	0.012	-0.041	0.000	0.000	-0.000	0.1200	-0.1200	-0.1200	0.0000	0.0000	0.0000	0	1.00	0.2624	0.2264	-0.4830	1.390	0
209626	21.449	-0.423	-22.262	-0.17	-0.54	-0.29	-0.004	0.019	-0.032	0.000	0.000	-0.000	0.1200	-0.1200	-0.1200	0.0000	0.0000	0.0000	0	1.00	0.2624	0.2264	-0.4830	1.390	0
209634	21.451	-0.423	-22.264	-0.25	-0.68	-0.17	0.007	0.016	-0.014	0.000	0.000	-0.000	0.1200	-0.1200	-0.1200	0.0000	0.0000	0.0000	0	1.00	0.2624	0.2264	-0.4830	1.390	0
209642	21.447	-0.429	-22.266	-0.52	-0.27	-0.53	-0.003	0.017	0.007	0.000	0.000	-0.000	0.1200	-0.1200	-0.1200	0.0000	0.0000	0.0000	0	1.00	0.2624	0.2264	-0.4830	1.390	0
209650	21.446	-0.435	-22.271	-0.31	-0.56	-0.56	0.007	0.000	0.009	0.000	0.000	-0.000	0.1200	-0.1200	-0.1200	0.0000	0.0000	0.0000	0	1.00	0.2624	0.2264	-0.4830	1.390	0
209658	21.447	-0.437	-22.273	-0.21	-0.19	-0.29	-0.001	-0.002	0.018	0.000	0.000	-0.000	0.1200	-0.1200	-0.1200	0.0000	0.0000	0.0000	0	1.00	0.2624	0.2264	-0.4830	1.390	0
209666	21.442	-0.444	-22.275	-0.38	-0.26	-0.26	0.018	-0.019	0.028	0.000	0.000	0.000	0.1200	-0.1200	-0.1200	0.0000	0.0000	0.0000	0	1.00	0.2624	0.2264	-0.4830	1.390	0
209674	21.439	-0.448	-22.275	-0.73	-0.08	-0.09	-0.004	-0.026	0.030	0.000	0.000	0.000	0.1200	-0.1200	-0.1200	0.0000	0.0000	0.0000	0	1.00	0.2624	0.2264	-0.4830	1.390	0
209682	21.440	-0.445	-22.274	-0.22	-0.05	-0.31	-0.003	0.003	0.017	0.000	0.000	0.000	0.1200	-0.1200	-0.1200	0.0000	0.0000	0.0000	0	1.00	0.2624	0.2264	-0.4830	1.390	0
209690	21.439	-0.446	-22.274	-0.41	-0.20	-0.39	-0.017	0.004	0.026	0.000	0.000	0.000	0.1200	-0.1200	-0.1200	0.0000	0.0000	0.0000	0	1.00	0.2624	0.2264	-0.4830	1.390	0
209698	21.436	-0.451	-22.275	-0.23	-0.24	-0.42	-0.013	0.005	0.012	0.000	0.000	0.000	0.1200	-0.1200	-0.1200	0.0000	0.0000	0.0000	0	1.00	0.2624	0.2264	-0.4830	1.390	0
209705	21.435	-0.458	-22.280	-0.46	0.03	-0.58	-0.017	-0.015	0.010	0.000	0.000	0.000	0.1200	-0.1200	-0.1200	0.0000	0.0000	0.0000	0	1.00	0.2624	0.2264	-0.4830	1.390	0
209713	21.438	-0.460	-22.285	-0.25	-0.21	-0.65	-0.016	0.020	-0.004	0.000	0.000	0.000	0.1200	-0.1200	-0.1200	0.0000	0.0000	0.0000	0	1.00	0.2624	0.2264	-0.4830	1.390	0
209721	21.438	-0.465	-22.289	-0.48	-0.25	-0.17	-0.024	0.029	-0.023	0.000	0.000	0.000	0.1200	-0.1200	-0.1200	0.0000	0.0000	0.0000	0	1.00	0.2624	0.2264	-0.4830	1.390	0
209729	21.439	-0.464	-22.290	-0.48	-0.12	-0.30	-0.023	-0.000	-0.020	0.000	0.000	0.000	0.1200	-0.1200	-0.1200	0.0000	0.0000	0.0000	0	1.00	0.2624	0.2264	-0.4830	1.390	0
209737	21.442	-0.463	-22.292	-0.42	0.29	-0.15	-0.001	0.002	-0.021	0.000	0.000	0.000	0.1200	-0.1200	-0.1200	0.0000	0.0000	0.0000	0	1.00	0.2624	0.2264	-0.4830	1.390	0
209745	21.443	-0.461	-22.292	-0.22	0.13	-0.49	0.010	0.006	-0.011	0.000	0.000	0.000	0.1200	-0.1200	-0.1200	0.0000	0.0000	0.0000	0	1.00	0.2624	0.2264	-0.4830	1.390	0
209753	21.444	-0.460	-22.292	-0.59	0.07	-0.28	0.031	-0.020	-0.008	0.000	0.000	0.000	0.1200	-0.1200	-0.1200	0.0000	0.0000	0.0000	0	1.00	0.2624	0.2264	-0.4830	1.390	0
209761	21.446	-0.458	-22.292	-0.37	0.36	-0.26	0.014	-0.041	0.004	0.000	0.000	0.000	0.1200	-0.1200	-0.1200	0.0000	0.0000	0.0000	0	1.00	0.2624	0.2264	-0.4830	1.390	0
209769	21.451	-0.456	-22.295	-0.12	0.27	-0.42	0.009	-0.047	0.002	0.000	0.000	0.000	0.1200	-0.1200	-0.1200	0.0000	0.0000	0.0000	0	1.00	0.2624	0.2264	-0.4830	1.390	0
209777	21.452	-0.456	-22.295	-0.27	0.78	-0.35	0.000	-0.007	-0.014	0.000	0.000	0.000	0.1200	-0.1153	-0.1200	0.0000	0.0000	0.0000	0	1.00	0.2624	0.2264	-0.4830	1.390	0
209784	21.453	-0.447	-22.288	-0.36	0.64	-0.23	0.009	-0.032	0.002	0.000	-0.000	0.000	0.1200	-0.1197	-0.1200	0.0000	0.0000	0.0000	0	1.00	0.2624	0.2264	-0.4830	1.390	0
209792	21.457	-0.445	-22.291	-0.55	0.65	-0.48	0.022	-0.018	-0.003	0.000	-0.000	0.000	0.1200	-0.1200	-0.1200	0.0000	0.0000	0.0000	0	1.00	0.2624	0.2264	-0.4830	1.390	0
