ISO-10303-21;
HEADER;
/* Generated by software containing ST-Developer
 * from STEP Tools, Inc. (www.steptools.com) 
 */

FILE_DESCRIPTION(
/* description */ (''),
/* implementation_level */ '2;1');

FILE_NAME(
/* name */ 'Cubli_Ywheel_Final.step',
/* time_stamp */ '2026-08-07T18:43:51+03:00',
/* author */ (''),
/* organization */ (''),
/* preprocessor_version */ 'ST-DEVELOPER v20.1',
/* originating_system */ 'Autodesk Translation Framework v15.8.0.0',
/* authorisation */ '');

FILE_SCHEMA (('AUTOMOTIVE_DESIGN { 1 0 10303 214 3 1 1 }'));
ENDSEC;

DATA;
#10=MECHANICAL_DESIGN_GEOMETRIC_PRESENTATION_REPRESENTATION('',(#92,#93,
#94,#95,#96,#97,#98,#99,#100,#101,#102,#103,#104,#105,#106,#107,#108,#109,
#110,#111,#112,#113,#114,#115,#116,#117,#118,#119,#120,#121,#122),#16357);
#11=ITEM_DEFINED_TRANSFORMATION($,$,#9873,#10538);
#12=ITEM_DEFINED_TRANSFORMATION($,$,#9872,#10539);
#13=ITEM_DEFINED_TRANSFORMATION($,$,#9870,#10540);
#14=ITEM_DEFINED_TRANSFORMATION($,$,#9871,#10541);
#15=ITEM_DEFINED_TRANSFORMATION($,$,#9869,#10542);
#16=ITEM_DEFINED_TRANSFORMATION($,$,#9868,#10543);
#17=ITEM_DEFINED_TRANSFORMATION($,$,#9867,#10544);
#18=(
REPRESENTATION_RELATIONSHIP($,$,#16392,#16391)
REPRESENTATION_RELATIONSHIP_WITH_TRANSFORMATION(#11)
SHAPE_REPRESENTATION_RELATIONSHIP()
);
#19=(
REPRESENTATION_RELATIONSHIP($,$,#16391,#16390)
REPRESENTATION_RELATIONSHIP_WITH_TRANSFORMATION(#12)
SHAPE_REPRESENTATION_RELATIONSHIP()
);
#20=(
REPRESENTATION_RELATIONSHIP($,$,#16389,#16388)
REPRESENTATION_RELATIONSHIP_WITH_TRANSFORMATION(#13)
SHAPE_REPRESENTATION_RELATIONSHIP()
);
#21=(
REPRESENTATION_RELATIONSHIP($,$,#16390,#16388)
REPRESENTATION_RELATIONSHIP_WITH_TRANSFORMATION(#14)
SHAPE_REPRESENTATION_RELATIONSHIP()
);
#22=(
REPRESENTATION_RELATIONSHIP($,$,#16388,#16387)
REPRESENTATION_RELATIONSHIP_WITH_TRANSFORMATION(#15)
SHAPE_REPRESENTATION_RELATIONSHIP()
);
#23=(
REPRESENTATION_RELATIONSHIP($,$,#16387,#16386)
REPRESENTATION_RELATIONSHIP_WITH_TRANSFORMATION(#16)
SHAPE_REPRESENTATION_RELATIONSHIP()
);
#24=(
REPRESENTATION_RELATIONSHIP($,$,#16386,#16385)
REPRESENTATION_RELATIONSHIP_WITH_TRANSFORMATION(#17)
SHAPE_REPRESENTATION_RELATIONSHIP()
);
#25=CONTEXT_DEPENDENT_SHAPE_REPRESENTATION(#18,#16378);
#26=CONTEXT_DEPENDENT_SHAPE_REPRESENTATION(#19,#16379);
#27=CONTEXT_DEPENDENT_SHAPE_REPRESENTATION(#20,#16380);
#28=CONTEXT_DEPENDENT_SHAPE_REPRESENTATION(#21,#16381);
#29=CONTEXT_DEPENDENT_SHAPE_REPRESENTATION(#22,#16382);
#30=CONTEXT_DEPENDENT_SHAPE_REPRESENTATION(#23,#16383);
#31=CONTEXT_DEPENDENT_SHAPE_REPRESENTATION(#24,#16384);
#32=NEXT_ASSEMBLY_USAGE_OCCURRENCE('5mm nuts x30:1','5mm nuts x30:1',
'5mm nuts x30:1',#16400,#16401,'5mm nuts x30:1');
#33=NEXT_ASSEMBLY_USAGE_OCCURRENCE('flywheel v2:2','flywheel v2:2',
'flywheel v2:2',#16399,#16400,'flywheel v2:2');
#34=NEXT_ASSEMBLY_USAGE_OCCURRENCE('Flywheel  A:3','Flywheel  A:3',
'Flywheel  A:3',#16397,#16398,'Flywheel  A:3');
#35=NEXT_ASSEMBLY_USAGE_OCCURRENCE('Flywheel  A:4','Flywheel  A:4',
'Flywheel  A:4',#16397,#16399,'Flywheel  A:4');
#36=NEXT_ASSEMBLY_USAGE_OCCURRENCE('Flywheels:1','Flywheels:1',
'Flywheels:1',#16396,#16397,'Flywheels:1');
#37=NEXT_ASSEMBLY_USAGE_OCCURRENCE('Cubli v6:1','Cubli v6:1',
'Cubli v6:1',#16395,#16396,'Cubli v6:1');
#38=NEXT_ASSEMBLY_USAGE_OCCURRENCE('Cubli v6 + test jig:2',
'Cubli v6 + test jig:2','Cubli v6 + test jig:2',#16394,#16395,
'Cubli v6 + test jig:2');
#39=B_SPLINE_SURFACE_WITH_KNOTS('',3,3,((#15475,#15476,#15477,#15478,#15479,
#15480,#15481,#15482),(#15483,#15484,#15485,#15486,#15487,#15488,#15489,
#15490),(#15491,#15492,#15493,#15494,#15495,#15496,#15497,#15498),(#15499,
#15500,#15501,#15502,#15503,#15504,#15505,#15506),(#15507,#15508,#15509,
#15510,#15511,#15512,#15513,#15514)),.UNSPECIFIED.,.F.,.F.,.F.,(4,1,4),
(4,1,1,1,1,4),(0.,0.571428571428571,1.),(-0.469937259439584,-0.211841975181515,
0.0462533090765542,0.304348593334623,0.820539161850761,1.3367297303669),
 .UNSPECIFIED.);
#40=B_SPLINE_SURFACE_WITH_KNOTS('',3,3,((#15584,#15585,#15586,#15587,#15588,
#15589,#15590,#15591,#15592,#15593),(#15594,#15595,#15596,#15597,#15598,
#15599,#15600,#15601,#15602,#15603),(#15604,#15605,#15606,#15607,#15608,
#15609,#15610,#15611,#15612,#15613),(#15614,#15615,#15616,#15617,#15618,
#15619,#15620,#15621,#15622,#15623),(#15624,#15625,#15626,#15627,#15628,
#15629,#15630,#15631,#15632,#15633)),.UNSPECIFIED.,.F.,.F.,.F.,(4,1,4),
(4,1,1,1,1,1,1,4),(0.,0.571428571428571,1.),(-0.469937259438753,-0.340889430757661,
-0.211841602076569,0.0462540552856159,0.3043497126478,0.562445370009985,
0.820541027372169,1.33673234209654),.UNSPECIFIED.);
#41=B_SPLINE_SURFACE_WITH_KNOTS('',3,3,((#15710,#15711,#15712,#15713,#15714,
#15715,#15716,#15717,#15718,#15719),(#15720,#15721,#15722,#15723,#15724,
#15725,#15726,#15727,#15728,#15729),(#15730,#15731,#15732,#15733,#15734,
#15735,#15736,#15737,#15738,#15739),(#15740,#15741,#15742,#15743,#15744,
#15745,#15746,#15747,#15748,#15749),(#15750,#15751,#15752,#15753,#15754,
#15755,#15756,#15757,#15758,#15759)),.UNSPECIFIED.,.F.,.F.,.F.,(4,1,4),
(4,1,1,1,1,1,1,4),(0.,0.571428571428571,1.),(-0.469937259439331,-0.340889587662543,
-0.211841915885756,0.0462534276678196,0.304348771221395,0.56244411477497,
0.820539458328545,1.3367301454357),.UNSPECIFIED.);
#42=B_SPLINE_SURFACE_WITH_KNOTS('',3,3,((#15816,#15817,#15818,#15819,#15820,
#15821,#15822,#15823),(#15824,#15825,#15826,#15827,#15828,#15829,#15830,
#15831),(#15832,#15833,#15834,#15835,#15836,#15837,#15838,#15839),(#15840,
#15841,#15842,#15843,#15844,#15845,#15846,#15847),(#15848,#15849,#15850,
#15851,#15852,#15853,#15854,#15855)),.UNSPECIFIED.,.F.,.F.,.F.,(4,1,4),
(4,1,1,1,1,4),(0.,0.571428571428571,1.),(-0.469937259439121,-0.21184181851519,
0.046253622408741,0.304349063332672,0.820539945180534,1.3367308270284),
 .UNSPECIFIED.);
#43=B_SPLINE_SURFACE_WITH_KNOTS('',3,3,((#15882,#15883,#15884,#15885,#15886,
#15887,#15888,#15889),(#15890,#15891,#15892,#15893,#15894,#15895,#15896,
#15897),(#15898,#15899,#15900,#15901,#15902,#15903,#15904,#15905),(#15906,
#15907,#15908,#15909,#15910,#15911,#15912,#15913),(#15914,#15915,#15916,
#15917,#15918,#15919,#15920,#15921)),.UNSPECIFIED.,.F.,.F.,.F.,(4,1,4),
(4,1,1,1,1,4),(0.,0.571428571428571,1.),(-0.469937259438615,-0.21184153888298,
0.0462541816726544,0.304349902228289,0.820541343339558,1.33673278445083),
 .UNSPECIFIED.);
#44=B_SPLINE_SURFACE_WITH_KNOTS('',3,3,((#15969,#15970,#15971,#15972,#15973,
#15974,#15975,#15976,#15977,#15978),(#15979,#15980,#15981,#15982,#15983,
#15984,#15985,#15986,#15987,#15988),(#15989,#15990,#15991,#15992,#15993,
#15994,#15995,#15996,#15997,#15998),(#15999,#16000,#16001,#16002,#16003,
#16004,#16005,#16006,#16007,#16008),(#16009,#16010,#16011,#16012,#16013,
#16014,#16015,#16016,#16017,#16018)),.UNSPECIFIED.,.F.,.F.,.F.,(4,1,4),
(4,1,1,1,1,1,1,4),(0.,0.571428571428571,1.),(-0.469937259439243,-0.34088956405348,
-0.211841868667716,0.0462535221038111,0.304348912875338,0.562444303646866,
0.820539694418393,1.33673047596145),.UNSPECIFIED.);
#45=B_SPLINE_CURVE_WITH_KNOTS('',3,(#15315,#15316,#15317,#15318,#15319,
#15320,#15321,#15322,#15323,#15324,#15325,#15326,#15327,#15328,#15329,#15330,
#15331,#15332,#15333,#15334,#15335,#15336,#15337,#15338),.UNSPECIFIED.,
 .F.,.F.,(4,2,2,2,2,2,2,2,2,2,2,4),(0.,0.0591863208283558,0.0688764068900407,
0.187240036041935,0.203302680353167,0.211132548427871,0.217292484804064,
0.224177944569903,0.235707543697762,0.259528016797328,0.327342393405093,
0.427775602841134),.UNSPECIFIED.);
#46=B_SPLINE_CURVE_WITH_KNOTS('',3,(#15342,#15343,#15344,#15345,#15346,
#15347,#15348,#15349,#15350,#15351,#15352,#15353,#15354,#15355,#15356,#15357,
#15358,#15359,#15360,#15361,#15362,#15363),.UNSPECIFIED.,.F.,.F.,(4,2,2,
2,2,2,2,2,2,2,4),(0.,0.0653886772921492,0.197092211391833,0.219072743427473,
0.229055042124977,0.236757498692695,0.245094367250001,0.258462636508335,
0.285605309262571,0.36066783089632,0.474348395102155),.UNSPECIFIED.);
#47=B_SPLINE_CURVE_WITH_KNOTS('',3,(#15367,#15368,#15369,#15370,#15371,
#15372,#15373,#15374,#15375,#15376,#15377,#15378,#15379,#15380,#15381,#15382,
#15383,#15384,#15385,#15386,#15387,#15388),.UNSPECIFIED.,.F.,.F.,(4,2,2,
2,2,2,2,2,2,2,4),(0.,0.0653887611065166,0.19709334383204,0.219073239120524,
0.229055429586506,0.236757877638204,0.245094809925139,0.258463350333127,
0.285606723004455,0.360672226751096,0.47434860322316),.UNSPECIFIED.);
#48=B_SPLINE_CURVE_WITH_KNOTS('',3,(#15392,#15393,#15394,#15395,#15396,
#15397,#15398,#15399,#15400,#15401,#15402,#15403,#15404,#15405,#15406,#15407,
#15408,#15409,#15410,#15411,#15412,#15413,#15414,#15415),.UNSPECIFIED.,
 .F.,.F.,(4,2,2,2,2,2,2,2,2,2,2,4),(0.,0.0591864593600192,0.0687939390771279,
0.18688426916317,0.20317126544273,0.211044938520882,0.21721019202993,0.224071498151814,
0.235489190919413,0.259006108874193,0.325491179026877,0.427854504428548),
 .UNSPECIFIED.);
#49=B_SPLINE_CURVE_WITH_KNOTS('',3,(#15419,#15420,#15421,#15422,#15423,
#15424,#15425,#15426,#15427,#15428,#15429,#15430,#15431,#15432,#15433,#15434,
#15435,#15436,#15437,#15438,#15439,#15440,#15441,#15442,#15443,#15444),
 .UNSPECIFIED.,.F.,.F.,(4,2,2,2,2,2,2,2,2,2,2,2,4),(0.,0.0531299127650747,
0.0632070571897986,0.103826111875075,0.201356871181062,0.215814050827442,
0.223197318078824,0.229157826239629,0.235977963920044,0.247772272668834,
0.272410799073969,0.343663520911981,0.456252471576439),.UNSPECIFIED.);
#50=B_SPLINE_CURVE_WITH_KNOTS('',3,(#15448,#15449,#15450,#15451,#15452,
#15453,#15454,#15455,#15456,#15457,#15458,#15459,#15460,#15461,#15462,#15463,
#15464,#15465,#15466,#15467,#15468,#15469,#15470,#15471,#15472,#15473),
 .UNSPECIFIED.,.F.,.F.,(4,2,2,2,2,2,2,2,2,2,2,2,4),(0.,0.0531299072390081,
0.0629083787251503,0.104114877077244,0.201504363857301,0.215973449595158,
0.223363742580043,0.22933038343639,0.236158043197805,0.24796664092741,0.272636295527168,
0.34398782442415,0.456657638227946),.UNSPECIFIED.);
#51=B_SPLINE_CURVE_WITH_KNOTS('',3,(#15516,#15517,#15518,#15519,#15520,
#15521,#15522,#15523),.UNSPECIFIED.,.F.,.F.,(4,2,2,4),(0.,0.051868621768195,
0.255095341322999,0.256282535402774),.UNSPECIFIED.);
#52=B_SPLINE_CURVE_WITH_KNOTS('',3,(#15525,#15526,#15527,#15528,#15529,
#15530,#15531,#15532),.UNSPECIFIED.,.F.,.F.,(4,1,1,1,1,4),(-0.235603283622817,
-0.211841975181515,0.0462533090765542,0.304348593334623,0.820539161850761,
1.3367297303669),.UNSPECIFIED.);
#53=B_SPLINE_CURVE_WITH_KNOTS('',3,(#15535,#15536,#15537,#15538,#15539,
#15540,#15541),.UNSPECIFIED.,.F.,.F.,(4,1,1,1,4),(-1.3367297303669,-0.820539161850761,
-0.304348593334623,-0.0462533090765542,0.000603180657651315),
 .UNSPECIFIED.);
#54=B_SPLINE_CURVE_WITH_KNOTS('',3,(#15634,#15635,#15636,#15637,#15638,
#15639,#15640,#15641),.UNSPECIFIED.,.F.,.F.,(4,1,1,1,1,4),(0.000282955639065892,
0.0462540552856159,0.3043497126478,0.562445370009985,0.820541027372169,
1.33673234209654),.UNSPECIFIED.);
#55=B_SPLINE_CURVE_WITH_KNOTS('',3,(#15643,#15644,#15645,#15646,#15647,
#15648,#15649,#15650,#15651),.UNSPECIFIED.,.F.,.F.,(4,1,1,1,1,1,4),(-1.33673234209654,
-0.820541027372169,-0.562445370009985,-0.3043497126478,-0.0462540552856159,
0.211841602076569,0.235134144245335),.UNSPECIFIED.);
#56=B_SPLINE_CURVE_WITH_KNOTS('',3,(#15652,#15653,#15654,#15655,#15656,
#15657,#15658,#15659),.UNSPECIFIED.,.F.,.F.,(4,2,2,4),(-0.000870092079453474,
0.,0.0973186763969303,0.225268151805298),.UNSPECIFIED.);
#57=B_SPLINE_CURVE_WITH_KNOTS('',3,(#15663,#15664,#15665,#15666,#15667,
#15668,#15669),.UNSPECIFIED.,.F.,.F.,(4,1,1,1,4),(-0.00060007790933654,
0.046253622408741,0.304349063332672,0.820539945180534,1.3367308270284),
 .UNSPECIFIED.);
#58=B_SPLINE_CURVE_WITH_KNOTS('',3,(#15703,#15704,#15705,#15706,#15707,
#15708,#15709),.UNSPECIFIED.,.F.,.F.,(4,1,1,1,4),(-1.33673278445083,-0.820541343339558,
-0.304349902228289,-0.0462541816726544,0.000603587718825458),
 .UNSPECIFIED.);
#59=B_SPLINE_CURVE_WITH_KNOTS('',3,(#15761,#15762,#15763,#15764,#15765,
#15766,#15767,#15768),.UNSPECIFIED.,.F.,.F.,(4,2,2,4),(0.,0.126646312261991,
0.223877060252033,0.224740671617136),.UNSPECIFIED.);
#60=B_SPLINE_CURVE_WITH_KNOTS('',3,(#15770,#15771,#15772,#15773,#15774,
#15775,#15776,#15777,#15778),.UNSPECIFIED.,.F.,.F.,(4,1,1,1,1,1,4),(-0.235136025015409,
-0.211841915885756,0.0462534276678196,0.304348771221395,0.56244411477497,
0.820539458328545,1.3367301454357),.UNSPECIFIED.);
#61=B_SPLINE_CURVE_WITH_KNOTS('',3,(#15780,#15781,#15782,#15783,#15784,
#15785,#15786,#15787),.UNSPECIFIED.,.F.,.F.,(4,1,1,1,1,4),(-1.3367301454357,
-0.820539458328545,-0.56244411477497,-0.304348771221395,-0.0462534276678196,
-0.000280711191483787),.UNSPECIFIED.);
#62=B_SPLINE_CURVE_WITH_KNOTS('',3,(#15857,#15858,#15859,#15860,#15861,
#15862,#15863,#15864),.UNSPECIFIED.,.F.,.F.,(4,1,1,1,1,4),(-1.3367308270284,
-0.820539945180534,-0.304349063332672,-0.046253622408741,0.21184181851519,
0.235601233841328),.UNSPECIFIED.);
#63=B_SPLINE_CURVE_WITH_KNOTS('',3,(#15865,#15866,#15867,#15868,#15869,
#15870,#15871,#15872),.UNSPECIFIED.,.F.,.F.,(4,2,2,4),(-0.000869021064427008,
0.,0.0978398403562673,0.225279503574851),.UNSPECIFIED.);
#64=B_SPLINE_CURVE_WITH_KNOTS('',3,(#15874,#15875,#15876,#15877,#15878,
#15879,#15880,#15881),.UNSPECIFIED.,.F.,.F.,(4,1,1,1,1,4),(0.000281094737340612,
0.0462535221038111,0.304348912875338,0.562444303646866,0.820539694418393,
1.33673047596145),.UNSPECIFIED.);
#65=B_SPLINE_CURVE_WITH_KNOTS('',3,(#15923,#15924,#15925,#15926,#15927,
#15928,#15929,#15930),.UNSPECIFIED.,.F.,.F.,(4,2,2,4),(0.,0.127152513866537,
0.223865108837555,0.224729779710962),.UNSPECIFIED.);
#66=B_SPLINE_CURVE_WITH_KNOTS('',3,(#15932,#15933,#15934,#15935,#15936,
#15937,#15938,#15939),.UNSPECIFIED.,.F.,.F.,(4,1,1,1,1,4),(-0.235603304926787,
-0.21184153888298,0.0462541816726544,0.304349902228289,0.820541343339558,
1.33673278445083),.UNSPECIFIED.);
#67=B_SPLINE_CURVE_WITH_KNOTS('',3,(#16020,#16021,#16022,#16023,#16024,
#16025,#16026,#16027,#16028),.UNSPECIFIED.,.F.,.F.,(4,1,1,1,1,1,4),(-1.33673047596145,
-0.820539694418393,-0.562444303646866,-0.304348912875338,-0.0462535221038111,
0.211841868667716,0.235135707488114),.UNSPECIFIED.);
#68=B_SPLINE_CURVE_WITH_KNOTS('',3,(#16029,#16030,#16031,#16032,#16033,
#16034,#16035,#16036),.UNSPECIFIED.,.F.,.F.,(4,2,2,4),(-0.000869586638736524,
0.,0.0975640951565926,0.22527334024807),.UNSPECIFIED.);
#69=TOROIDAL_SURFACE('',#10290,60.,1.);
#70=TOROIDAL_SURFACE('',#10301,12.,2.);
#71=TOROIDAL_SURFACE('',#10307,7.,2.);
#72=TOROIDAL_SURFACE('',#10311,10.5,2.);
#73=TOROIDAL_SURFACE('',#10315,7.,2.);
#74=TOROIDAL_SURFACE('',#10321,12.,2.);
#75=TOROIDAL_SURFACE('',#10325,42.9174243050442,5.);
#76=TOROIDAL_SURFACE('',#10340,42.9174243050442,5.);
#77=TOROIDAL_SURFACE('',#10342,12.,2.);
#78=TOROIDAL_SURFACE('',#10347,7.,2.);
#79=TOROIDAL_SURFACE('',#10350,10.5,2.);
#80=TOROIDAL_SURFACE('',#10353,7.,2.);
#81=TOROIDAL_SURFACE('',#10358,12.,2.);
#82=TOROIDAL_SURFACE('',#10361,42.9174243050442,5.);
#83=TOROIDAL_SURFACE('',#10363,12.,2.);
#84=TOROIDAL_SURFACE('',#10368,7.,2.);
#85=TOROIDAL_SURFACE('',#10371,10.5,2.);
#86=TOROIDAL_SURFACE('',#10374,7.,2.);
#87=TOROIDAL_SURFACE('',#10379,12.,2.);
#88=SHAPE_REPRESENTATION_RELATIONSHIP('SRR','None',#16392,#90);
#89=SHAPE_REPRESENTATION_RELATIONSHIP('SRR','None',#16391,#91);
#90=ADVANCED_BREP_SHAPE_REPRESENTATION('',(#123,#124,#125,#126,#127,#128,
#129,#130,#131,#132,#133,#134,#135,#136,#137,#138,#139,#140,#141,#142,#143,
#144,#145,#146,#147,#148,#149,#150,#151,#152),#16356);
#91=ADVANCED_BREP_SHAPE_REPRESENTATION('',(#153),#16355);
#92=STYLED_ITEM('',(#16429),#123);
#93=STYLED_ITEM('',(#16429),#124);
#94=STYLED_ITEM('',(#16429),#125);
#95=STYLED_ITEM('',(#16429),#126);
#96=STYLED_ITEM('',(#16429),#127);
#97=STYLED_ITEM('',(#16429),#128);
#98=STYLED_ITEM('',(#16429),#129);
#99=STYLED_ITEM('',(#16429),#130);
#100=STYLED_ITEM('',(#16429),#131);
#101=STYLED_ITEM('',(#16429),#132);
#102=STYLED_ITEM('',(#16429),#133);
#103=STYLED_ITEM('',(#16429),#134);
#104=STYLED_ITEM('',(#16429),#135);
#105=STYLED_ITEM('',(#16429),#136);
#106=STYLED_ITEM('',(#16429),#137);
#107=STYLED_ITEM('',(#16429),#138);
#108=STYLED_ITEM('',(#16429),#139);
#109=STYLED_ITEM('',(#16429),#140);
#110=STYLED_ITEM('',(#16429),#141);
#111=STYLED_ITEM('',(#16429),#142);
#112=STYLED_ITEM('',(#16429),#143);
#113=STYLED_ITEM('',(#16429),#144);
#114=STYLED_ITEM('',(#16429),#145);
#115=STYLED_ITEM('',(#16429),#146);
#116=STYLED_ITEM('',(#16429),#147);
#117=STYLED_ITEM('',(#16429),#148);
#118=STYLED_ITEM('',(#16429),#149);
#119=STYLED_ITEM('',(#16429),#150);
#120=STYLED_ITEM('',(#16429),#151);
#121=STYLED_ITEM('',(#16429),#152);
#122=STYLED_ITEM('',(#16430),#153);
#123=MANIFOLD_SOLID_BREP('Body1',#9823);
#124=MANIFOLD_SOLID_BREP('Body2',#9824);
#125=MANIFOLD_SOLID_BREP('Body3',#9825);
#126=MANIFOLD_SOLID_BREP('Body4',#9826);
#127=MANIFOLD_SOLID_BREP('Body5',#9827);
#128=MANIFOLD_SOLID_BREP('Body6',#9828);
#129=MANIFOLD_SOLID_BREP('Body7',#9829);
#130=MANIFOLD_SOLID_BREP('Body8',#9830);
#131=MANIFOLD_SOLID_BREP('Body9',#9831);
#132=MANIFOLD_SOLID_BREP('Body10',#9832);
#133=MANIFOLD_SOLID_BREP('Body11',#9833);
#134=MANIFOLD_SOLID_BREP('Body12',#9834);
#135=MANIFOLD_SOLID_BREP('Body13',#9835);
#136=MANIFOLD_SOLID_BREP('Body14',#9836);
#137=MANIFOLD_SOLID_BREP('Body15',#9837);
#138=MANIFOLD_SOLID_BREP('Body16',#9838);
#139=MANIFOLD_SOLID_BREP('Body17',#9839);
#140=MANIFOLD_SOLID_BREP('Body18',#9840);
#141=MANIFOLD_SOLID_BREP('Body19',#9841);
#142=MANIFOLD_SOLID_BREP('Body20',#9842);
#143=MANIFOLD_SOLID_BREP('Body21',#9843);
#144=MANIFOLD_SOLID_BREP('Body22',#9844);
#145=MANIFOLD_SOLID_BREP('Body23',#9845);
#146=MANIFOLD_SOLID_BREP('Body24',#9846);
#147=MANIFOLD_SOLID_BREP('Body25',#9847);
#148=MANIFOLD_SOLID_BREP('Body26',#9848);
#149=MANIFOLD_SOLID_BREP('Body27',#9849);
#150=MANIFOLD_SOLID_BREP('Body28',#9850);
#151=MANIFOLD_SOLID_BREP('Body29',#9851);
#152=MANIFOLD_SOLID_BREP('Body30',#9852);
#153=MANIFOLD_SOLID_BREP('Body1',#9853);
#154=FACE_BOUND('',#1239,.T.);
#155=FACE_BOUND('',#1241,.T.);
#156=FACE_BOUND('',#1250,.T.);
#157=FACE_BOUND('',#1252,.T.);
#158=FACE_BOUND('',#1261,.T.);
#159=FACE_BOUND('',#1263,.T.);
#160=FACE_BOUND('',#1272,.T.);
#161=FACE_BOUND('',#1274,.T.);
#162=FACE_BOUND('',#1283,.T.);
#163=FACE_BOUND('',#1285,.T.);
#164=FACE_BOUND('',#1294,.T.);
#165=FACE_BOUND('',#1296,.T.);
#166=FACE_BOUND('',#1305,.T.);
#167=FACE_BOUND('',#1307,.T.);
#168=FACE_BOUND('',#1316,.T.);
#169=FACE_BOUND('',#1318,.T.);
#170=FACE_BOUND('',#1327,.T.);
#171=FACE_BOUND('',#1329,.T.);
#172=FACE_BOUND('',#1338,.T.);
#173=FACE_BOUND('',#1340,.T.);
#174=FACE_BOUND('',#1349,.T.);
#175=FACE_BOUND('',#1351,.T.);
#176=FACE_BOUND('',#1360,.T.);
#177=FACE_BOUND('',#1362,.T.);
#178=FACE_BOUND('',#1371,.T.);
#179=FACE_BOUND('',#1373,.T.);
#180=FACE_BOUND('',#1382,.T.);
#181=FACE_BOUND('',#1384,.T.);
#182=FACE_BOUND('',#1393,.T.);
#183=FACE_BOUND('',#1395,.T.);
#184=FACE_BOUND('',#1404,.T.);
#185=FACE_BOUND('',#1406,.T.);
#186=FACE_BOUND('',#1415,.T.);
#187=FACE_BOUND('',#1417,.T.);
#188=FACE_BOUND('',#1426,.T.);
#189=FACE_BOUND('',#1428,.T.);
#190=FACE_BOUND('',#1437,.T.);
#191=FACE_BOUND('',#1439,.T.);
#192=FACE_BOUND('',#1448,.T.);
#193=FACE_BOUND('',#1450,.T.);
#194=FACE_BOUND('',#1459,.T.);
#195=FACE_BOUND('',#1461,.T.);
#196=FACE_BOUND('',#1470,.T.);
#197=FACE_BOUND('',#1472,.T.);
#198=FACE_BOUND('',#1481,.T.);
#199=FACE_BOUND('',#1483,.T.);
#200=FACE_BOUND('',#1492,.T.);
#201=FACE_BOUND('',#1494,.T.);
#202=FACE_BOUND('',#1503,.T.);
#203=FACE_BOUND('',#1505,.T.);
#204=FACE_BOUND('',#1514,.T.);
#205=FACE_BOUND('',#1516,.T.);
#206=FACE_BOUND('',#1525,.T.);
#207=FACE_BOUND('',#1527,.T.);
#208=FACE_BOUND('',#1536,.T.);
#209=FACE_BOUND('',#1538,.T.);
#210=FACE_BOUND('',#1547,.T.);
#211=FACE_BOUND('',#1549,.T.);
#212=FACE_BOUND('',#1558,.T.);
#213=FACE_BOUND('',#1560,.T.);
#214=FACE_BOUND('',#1615,.T.);
#215=FACE_BOUND('',#1616,.T.);
#216=FACE_BOUND('',#1617,.T.);
#217=FACE_BOUND('',#1618,.T.);
#218=FACE_BOUND('',#1619,.T.);
#219=FACE_BOUND('',#1620,.T.);
#220=FACE_BOUND('',#1621,.T.);
#221=FACE_BOUND('',#1622,.T.);
#222=FACE_BOUND('',#1623,.T.);
#223=FACE_BOUND('',#1624,.T.);
#224=FACE_BOUND('',#1625,.T.);
#225=FACE_BOUND('',#1626,.T.);
#226=FACE_BOUND('',#1627,.T.);
#227=FACE_BOUND('',#1628,.T.);
#228=FACE_BOUND('',#1629,.T.);
#229=FACE_BOUND('',#1630,.T.);
#230=FACE_BOUND('',#1631,.T.);
#231=FACE_BOUND('',#1632,.T.);
#232=FACE_BOUND('',#1633,.T.);
#233=FACE_BOUND('',#1634,.T.);
#234=FACE_BOUND('',#1635,.T.);
#235=FACE_BOUND('',#1636,.T.);
#236=FACE_BOUND('',#1637,.T.);
#237=FACE_BOUND('',#1638,.T.);
#238=FACE_BOUND('',#1639,.T.);
#239=FACE_BOUND('',#1640,.T.);
#240=FACE_BOUND('',#1641,.T.);
#241=FACE_BOUND('',#1642,.T.);
#242=FACE_BOUND('',#1643,.T.);
#243=FACE_BOUND('',#1644,.T.);
#244=FACE_BOUND('',#1645,.T.);
#245=FACE_BOUND('',#1646,.T.);
#246=FACE_BOUND('',#1647,.T.);
#247=FACE_BOUND('',#1648,.T.);
#248=FACE_BOUND('',#1649,.T.);
#249=FACE_BOUND('',#1650,.T.);
#250=FACE_BOUND('',#1651,.T.);
#251=FACE_BOUND('',#1652,.T.);
#252=FACE_BOUND('',#1656,.T.);
#253=FACE_BOUND('',#1657,.T.);
#254=FACE_BOUND('',#1658,.T.);
#255=FACE_BOUND('',#1659,.T.);
#256=FACE_BOUND('',#1660,.T.);
#257=FACE_BOUND('',#1661,.T.);
#258=FACE_BOUND('',#1662,.T.);
#259=FACE_BOUND('',#1663,.T.);
#260=FACE_BOUND('',#1664,.T.);
#261=FACE_BOUND('',#1665,.T.);
#262=FACE_BOUND('',#1666,.T.);
#263=FACE_BOUND('',#1667,.T.);
#264=FACE_BOUND('',#1668,.T.);
#265=FACE_BOUND('',#1669,.T.);
#266=FACE_BOUND('',#1670,.T.);
#267=FACE_BOUND('',#1671,.T.);
#268=FACE_BOUND('',#1672,.T.);
#269=FACE_BOUND('',#1673,.T.);
#270=FACE_BOUND('',#1674,.T.);
#271=FACE_BOUND('',#1675,.T.);
#272=FACE_BOUND('',#1676,.T.);
#273=FACE_BOUND('',#1677,.T.);
#274=FACE_BOUND('',#1678,.T.);
#275=FACE_BOUND('',#1679,.T.);
#276=FACE_BOUND('',#1680,.T.);
#277=FACE_BOUND('',#1681,.T.);
#278=FACE_BOUND('',#1682,.T.);
#279=FACE_BOUND('',#1683,.T.);
#280=FACE_BOUND('',#1684,.T.);
#281=FACE_BOUND('',#1685,.T.);
#282=FACE_BOUND('',#1686,.T.);
#283=FACE_BOUND('',#1698,.T.);
#284=FACE_BOUND('',#1699,.T.);
#285=FACE_BOUND('',#1700,.T.);
#286=FACE_BOUND('',#1701,.T.);
#287=FACE_BOUND('',#1702,.T.);
#288=PLANE('',#9877);
#289=PLANE('',#9878);
#290=PLANE('',#9879);
#291=PLANE('',#9880);
#292=PLANE('',#9881);
#293=PLANE('',#9882);
#294=PLANE('',#9883);
#295=PLANE('',#9884);
#296=PLANE('',#9888);
#297=PLANE('',#9889);
#298=PLANE('',#9890);
#299=PLANE('',#9891);
#300=PLANE('',#9892);
#301=PLANE('',#9893);
#302=PLANE('',#9894);
#303=PLANE('',#9895);
#304=PLANE('',#9899);
#305=PLANE('',#9900);
#306=PLANE('',#9901);
#307=PLANE('',#9902);
#308=PLANE('',#9903);
#309=PLANE('',#9904);
#310=PLANE('',#9905);
#311=PLANE('',#9906);
#312=PLANE('',#9910);
#313=PLANE('',#9911);
#314=PLANE('',#9912);
#315=PLANE('',#9913);
#316=PLANE('',#9914);
#317=PLANE('',#9915);
#318=PLANE('',#9916);
#319=PLANE('',#9917);
#320=PLANE('',#9921);
#321=PLANE('',#9922);
#322=PLANE('',#9923);
#323=PLANE('',#9924);
#324=PLANE('',#9925);
#325=PLANE('',#9926);
#326=PLANE('',#9927);
#327=PLANE('',#9928);
#328=PLANE('',#9932);
#329=PLANE('',#9933);
#330=PLANE('',#9934);
#331=PLANE('',#9935);
#332=PLANE('',#9936);
#333=PLANE('',#9937);
#334=PLANE('',#9938);
#335=PLANE('',#9939);
#336=PLANE('',#9943);
#337=PLANE('',#9944);
#338=PLANE('',#9945);
#339=PLANE('',#9946);
#340=PLANE('',#9947);
#341=PLANE('',#9948);
#342=PLANE('',#9949);
#343=PLANE('',#9950);
#344=PLANE('',#9954);
#345=PLANE('',#9955);
#346=PLANE('',#9956);
#347=PLANE('',#9957);
#348=PLANE('',#9958);
#349=PLANE('',#9959);
#350=PLANE('',#9960);
#351=PLANE('',#9961);
#352=PLANE('',#9965);
#353=PLANE('',#9966);
#354=PLANE('',#9967);
#355=PLANE('',#9968);
#356=PLANE('',#9969);
#357=PLANE('',#9970);
#358=PLANE('',#9971);
#359=PLANE('',#9972);
#360=PLANE('',#9976);
#361=PLANE('',#9977);
#362=PLANE('',#9978);
#363=PLANE('',#9979);
#364=PLANE('',#9980);
#365=PLANE('',#9981);
#366=PLANE('',#9982);
#367=PLANE('',#9983);
#368=PLANE('',#9987);
#369=PLANE('',#9988);
#370=PLANE('',#9989);
#371=PLANE('',#9990);
#372=PLANE('',#9991);
#373=PLANE('',#9992);
#374=PLANE('',#9993);
#375=PLANE('',#9994);
#376=PLANE('',#9998);
#377=PLANE('',#9999);
#378=PLANE('',#10000);
#379=PLANE('',#10001);
#380=PLANE('',#10002);
#381=PLANE('',#10003);
#382=PLANE('',#10004);
#383=PLANE('',#10005);
#384=PLANE('',#10009);
#385=PLANE('',#10010);
#386=PLANE('',#10011);
#387=PLANE('',#10012);
#388=PLANE('',#10013);
#389=PLANE('',#10014);
#390=PLANE('',#10015);
#391=PLANE('',#10016);
#392=PLANE('',#10020);
#393=PLANE('',#10021);
#394=PLANE('',#10022);
#395=PLANE('',#10023);
#396=PLANE('',#10024);
#397=PLANE('',#10025);
#398=PLANE('',#10026);
#399=PLANE('',#10027);
#400=PLANE('',#10031);
#401=PLANE('',#10032);
#402=PLANE('',#10033);
#403=PLANE('',#10034);
#404=PLANE('',#10035);
#405=PLANE('',#10036);
#406=PLANE('',#10037);
#407=PLANE('',#10038);
#408=PLANE('',#10042);
#409=PLANE('',#10043);
#410=PLANE('',#10044);
#411=PLANE('',#10045);
#412=PLANE('',#10046);
#413=PLANE('',#10047);
#414=PLANE('',#10048);
#415=PLANE('',#10049);
#416=PLANE('',#10053);
#417=PLANE('',#10054);
#418=PLANE('',#10055);
#419=PLANE('',#10056);
#420=PLANE('',#10057);
#421=PLANE('',#10058);
#422=PLANE('',#10059);
#423=PLANE('',#10060);
#424=PLANE('',#10064);
#425=PLANE('',#10065);
#426=PLANE('',#10066);
#427=PLANE('',#10067);
#428=PLANE('',#10068);
#429=PLANE('',#10069);
#430=PLANE('',#10070);
#431=PLANE('',#10071);
#432=PLANE('',#10075);
#433=PLANE('',#10076);
#434=PLANE('',#10077);
#435=PLANE('',#10078);
#436=PLANE('',#10079);
#437=PLANE('',#10080);
#438=PLANE('',#10081);
#439=PLANE('',#10082);
#440=PLANE('',#10086);
#441=PLANE('',#10087);
#442=PLANE('',#10088);
#443=PLANE('',#10089);
#444=PLANE('',#10090);
#445=PLANE('',#10091);
#446=PLANE('',#10092);
#447=PLANE('',#10093);
#448=PLANE('',#10097);
#449=PLANE('',#10098);
#450=PLANE('',#10099);
#451=PLANE('',#10100);
#452=PLANE('',#10101);
#453=PLANE('',#10102);
#454=PLANE('',#10103);
#455=PLANE('',#10104);
#456=PLANE('',#10108);
#457=PLANE('',#10109);
#458=PLANE('',#10110);
#459=PLANE('',#10111);
#460=PLANE('',#10112);
#461=PLANE('',#10113);
#462=PLANE('',#10114);
#463=PLANE('',#10115);
#464=PLANE('',#10119);
#465=PLANE('',#10120);
#466=PLANE('',#10121);
#467=PLANE('',#10122);
#468=PLANE('',#10123);
#469=PLANE('',#10124);
#470=PLANE('',#10125);
#471=PLANE('',#10126);
#472=PLANE('',#10130);
#473=PLANE('',#10131);
#474=PLANE('',#10132);
#475=PLANE('',#10133);
#476=PLANE('',#10134);
#477=PLANE('',#10135);
#478=PLANE('',#10136);
#479=PLANE('',#10137);
#480=PLANE('',#10141);
#481=PLANE('',#10142);
#482=PLANE('',#10143);
#483=PLANE('',#10144);
#484=PLANE('',#10145);
#485=PLANE('',#10146);
#486=PLANE('',#10147);
#487=PLANE('',#10148);
#488=PLANE('',#10152);
#489=PLANE('',#10153);
#490=PLANE('',#10154);
#491=PLANE('',#10155);
#492=PLANE('',#10156);
#493=PLANE('',#10157);
#494=PLANE('',#10158);
#495=PLANE('',#10159);
#496=PLANE('',#10163);
#497=PLANE('',#10164);
#498=PLANE('',#10165);
#499=PLANE('',#10166);
#500=PLANE('',#10167);
#501=PLANE('',#10168);
#502=PLANE('',#10169);
#503=PLANE('',#10170);
#504=PLANE('',#10174);
#505=PLANE('',#10175);
#506=PLANE('',#10176);
#507=PLANE('',#10177);
#508=PLANE('',#10178);
#509=PLANE('',#10179);
#510=PLANE('',#10180);
#511=PLANE('',#10181);
#512=PLANE('',#10185);
#513=PLANE('',#10186);
#514=PLANE('',#10187);
#515=PLANE('',#10188);
#516=PLANE('',#10189);
#517=PLANE('',#10190);
#518=PLANE('',#10191);
#519=PLANE('',#10192);
#520=PLANE('',#10196);
#521=PLANE('',#10197);
#522=PLANE('',#10198);
#523=PLANE('',#10199);
#524=PLANE('',#10200);
#525=PLANE('',#10201);
#526=PLANE('',#10202);
#527=PLANE('',#10203);
#528=PLANE('',#10219);
#529=PLANE('',#10220);
#530=PLANE('',#10221);
#531=PLANE('',#10222);
#532=PLANE('',#10223);
#533=PLANE('',#10224);
#534=PLANE('',#10225);
#535=PLANE('',#10226);
#536=PLANE('',#10227);
#537=PLANE('',#10228);
#538=PLANE('',#10229);
#539=PLANE('',#10230);
#540=PLANE('',#10231);
#541=PLANE('',#10232);
#542=PLANE('',#10233);
#543=PLANE('',#10234);
#544=PLANE('',#10235);
#545=PLANE('',#10236);
#546=PLANE('',#10237);
#547=PLANE('',#10238);
#548=PLANE('',#10239);
#549=PLANE('',#10240);
#550=PLANE('',#10241);
#551=PLANE('',#10242);
#552=PLANE('',#10243);
#553=PLANE('',#10244);
#554=PLANE('',#10245);
#555=PLANE('',#10246);
#556=PLANE('',#10247);
#557=PLANE('',#10248);
#558=PLANE('',#10249);
#559=PLANE('',#10250);
#560=PLANE('',#10251);
#561=PLANE('',#10252);
#562=PLANE('',#10253);
#563=PLANE('',#10254);
#564=PLANE('',#10255);
#565=PLANE('',#10256);
#566=PLANE('',#10257);
#567=PLANE('',#10258);
#568=PLANE('',#10259);
#569=PLANE('',#10260);
#570=PLANE('',#10261);
#571=PLANE('',#10262);
#572=PLANE('',#10263);
#573=PLANE('',#10264);
#574=PLANE('',#10265);
#575=PLANE('',#10266);
#576=PLANE('',#10267);
#577=PLANE('',#10293);
#578=PLANE('',#10327);
#579=PLANE('',#10386);
#580=PLANE('',#10389);
#581=PLANE('',#10392);
#582=PLANE('',#10394);
#583=PLANE('',#10395);
#584=PLANE('',#10396);
#585=PLANE('',#10397);
#586=PLANE('',#10398);
#587=PLANE('',#10399);
#588=PLANE('',#10400);
#589=PLANE('',#10401);
#590=PLANE('',#10402);
#591=PLANE('',#10403);
#592=PLANE('',#10404);
#593=PLANE('',#10405);
#594=PLANE('',#10406);
#595=PLANE('',#10407);
#596=PLANE('',#10408);
#597=PLANE('',#10409);
#598=PLANE('',#10410);
#599=PLANE('',#10411);
#600=PLANE('',#10412);
#601=PLANE('',#10413);
#602=PLANE('',#10414);
#603=PLANE('',#10415);
#604=PLANE('',#10416);
#605=PLANE('',#10417);
#606=PLANE('',#10418);
#607=PLANE('',#10419);
#608=PLANE('',#10420);
#609=PLANE('',#10421);
#610=PLANE('',#10422);
#611=PLANE('',#10423);
#612=PLANE('',#10424);
#613=PLANE('',#10425);
#614=PLANE('',#10426);
#615=PLANE('',#10427);
#616=PLANE('',#10428);
#617=PLANE('',#10429);
#618=PLANE('',#10430);
#619=PLANE('',#10431);
#620=PLANE('',#10432);
#621=PLANE('',#10433);
#622=PLANE('',#10434);
#623=PLANE('',#10435);
#624=PLANE('',#10436);
#625=PLANE('',#10437);
#626=PLANE('',#10438);
#627=PLANE('',#10439);
#628=PLANE('',#10440);
#629=PLANE('',#10441);
#630=PLANE('',#10442);
#631=PLANE('',#10443);
#632=PLANE('',#10444);
#633=PLANE('',#10445);
#634=PLANE('',#10446);
#635=PLANE('',#10447);
#636=PLANE('',#10448);
#637=PLANE('',#10449);
#638=PLANE('',#10450);
#639=PLANE('',#10451);
#640=PLANE('',#10452);
#641=PLANE('',#10453);
#642=PLANE('',#10454);
#643=PLANE('',#10455);
#644=PLANE('',#10456);
#645=PLANE('',#10457);
#646=PLANE('',#10458);
#647=PLANE('',#10459);
#648=PLANE('',#10460);
#649=PLANE('',#10461);
#650=PLANE('',#10462);
#651=PLANE('',#10463);
#652=PLANE('',#10464);
#653=PLANE('',#10465);
#654=PLANE('',#10466);
#655=PLANE('',#10467);
#656=PLANE('',#10468);
#657=PLANE('',#10469);
#658=PLANE('',#10470);
#659=PLANE('',#10471);
#660=PLANE('',#10472);
#661=PLANE('',#10473);
#662=PLANE('',#10474);
#663=PLANE('',#10475);
#664=PLANE('',#10476);
#665=PLANE('',#10477);
#666=PLANE('',#10478);
#667=PLANE('',#10479);
#668=PLANE('',#10480);
#669=PLANE('',#10481);
#670=PLANE('',#10482);
#671=PLANE('',#10483);
#672=PLANE('',#10484);
#673=PLANE('',#10485);
#674=PLANE('',#10486);
#675=PLANE('',#10487);
#676=PLANE('',#10488);
#677=PLANE('',#10489);
#678=PLANE('',#10490);
#679=PLANE('',#10491);
#680=PLANE('',#10492);
#681=PLANE('',#10493);
#682=PLANE('',#10494);
#683=PLANE('',#10495);
#684=PLANE('',#10496);
#685=PLANE('',#10497);
#686=PLANE('',#10498);
#687=PLANE('',#10499);
#688=PLANE('',#10500);
#689=PLANE('',#10501);
#690=PLANE('',#10502);
#691=PLANE('',#10503);
#692=PLANE('',#10504);
#693=PLANE('',#10505);
#694=PLANE('',#10506);
#695=PLANE('',#10507);
#696=PLANE('',#10508);
#697=PLANE('',#10509);
#698=PLANE('',#10510);
#699=PLANE('',#10511);
#700=PLANE('',#10512);
#701=PLANE('',#10513);
#702=PLANE('',#10514);
#703=PLANE('',#10515);
#704=PLANE('',#10516);
#705=PLANE('',#10517);
#706=PLANE('',#10518);
#707=PLANE('',#10519);
#708=PLANE('',#10520);
#709=PLANE('',#10521);
#710=PLANE('',#10522);
#711=PLANE('',#10523);
#712=PLANE('',#10524);
#713=PLANE('',#10525);
#714=PLANE('',#10526);
#715=PLANE('',#10527);
#716=PLANE('',#10530);
#717=FACE_OUTER_BOUND('',#1231,.T.);
#718=FACE_OUTER_BOUND('',#1232,.T.);
#719=FACE_OUTER_BOUND('',#1233,.T.);
#720=FACE_OUTER_BOUND('',#1234,.T.);
#721=FACE_OUTER_BOUND('',#1235,.T.);
#722=FACE_OUTER_BOUND('',#1236,.T.);
#723=FACE_OUTER_BOUND('',#1237,.T.);
#724=FACE_OUTER_BOUND('',#1238,.T.);
#725=FACE_OUTER_BOUND('',#1240,.T.);
#726=FACE_OUTER_BOUND('',#1242,.T.);
#727=FACE_OUTER_BOUND('',#1243,.T.);
#728=FACE_OUTER_BOUND('',#1244,.T.);
#729=FACE_OUTER_BOUND('',#1245,.T.);
#730=FACE_OUTER_BOUND('',#1246,.T.);
#731=FACE_OUTER_BOUND('',#1247,.T.);
#732=FACE_OUTER_BOUND('',#1248,.T.);
#733=FACE_OUTER_BOUND('',#1249,.T.);
#734=FACE_OUTER_BOUND('',#1251,.T.);
#735=FACE_OUTER_BOUND('',#1253,.T.);
#736=FACE_OUTER_BOUND('',#1254,.T.);
#737=FACE_OUTER_BOUND('',#1255,.T.);
#738=FACE_OUTER_BOUND('',#1256,.T.);
#739=FACE_OUTER_BOUND('',#1257,.T.);
#740=FACE_OUTER_BOUND('',#1258,.T.);
#741=FACE_OUTER_BOUND('',#1259,.T.);
#742=FACE_OUTER_BOUND('',#1260,.T.);
#743=FACE_OUTER_BOUND('',#1262,.T.);
#744=FACE_OUTER_BOUND('',#1264,.T.);
#745=FACE_OUTER_BOUND('',#1265,.T.);
#746=FACE_OUTER_BOUND('',#1266,.T.);
#747=FACE_OUTER_BOUND('',#1267,.T.);
#748=FACE_OUTER_BOUND('',#1268,.T.);
#749=FACE_OUTER_BOUND('',#1269,.T.);
#750=FACE_OUTER_BOUND('',#1270,.T.);
#751=FACE_OUTER_BOUND('',#1271,.T.);
#752=FACE_OUTER_BOUND('',#1273,.T.);
#753=FACE_OUTER_BOUND('',#1275,.T.);
#754=FACE_OUTER_BOUND('',#1276,.T.);
#755=FACE_OUTER_BOUND('',#1277,.T.);
#756=FACE_OUTER_BOUND('',#1278,.T.);
#757=FACE_OUTER_BOUND('',#1279,.T.);
#758=FACE_OUTER_BOUND('',#1280,.T.);
#759=FACE_OUTER_BOUND('',#1281,.T.);
#760=FACE_OUTER_BOUND('',#1282,.T.);
#761=FACE_OUTER_BOUND('',#1284,.T.);
#762=FACE_OUTER_BOUND('',#1286,.T.);
#763=FACE_OUTER_BOUND('',#1287,.T.);
#764=FACE_OUTER_BOUND('',#1288,.T.);
#765=FACE_OUTER_BOUND('',#1289,.T.);
#766=FACE_OUTER_BOUND('',#1290,.T.);
#767=FACE_OUTER_BOUND('',#1291,.T.);
#768=FACE_OUTER_BOUND('',#1292,.T.);
#769=FACE_OUTER_BOUND('',#1293,.T.);
#770=FACE_OUTER_BOUND('',#1295,.T.);
#771=FACE_OUTER_BOUND('',#1297,.T.);
#772=FACE_OUTER_BOUND('',#1298,.T.);
#773=FACE_OUTER_BOUND('',#1299,.T.);
#774=FACE_OUTER_BOUND('',#1300,.T.);
#775=FACE_OUTER_BOUND('',#1301,.T.);
#776=FACE_OUTER_BOUND('',#1302,.T.);
#777=FACE_OUTER_BOUND('',#1303,.T.);
#778=FACE_OUTER_BOUND('',#1304,.T.);
#779=FACE_OUTER_BOUND('',#1306,.T.);
#780=FACE_OUTER_BOUND('',#1308,.T.);
#781=FACE_OUTER_BOUND('',#1309,.T.);
#782=FACE_OUTER_BOUND('',#1310,.T.);
#783=FACE_OUTER_BOUND('',#1311,.T.);
#784=FACE_OUTER_BOUND('',#1312,.T.);
#785=FACE_OUTER_BOUND('',#1313,.T.);
#786=FACE_OUTER_BOUND('',#1314,.T.);
#787=FACE_OUTER_BOUND('',#1315,.T.);
#788=FACE_OUTER_BOUND('',#1317,.T.);
#789=FACE_OUTER_BOUND('',#1319,.T.);
#790=FACE_OUTER_BOUND('',#1320,.T.);
#791=FACE_OUTER_BOUND('',#1321,.T.);
#792=FACE_OUTER_BOUND('',#1322,.T.);
#793=FACE_OUTER_BOUND('',#1323,.T.);
#794=FACE_OUTER_BOUND('',#1324,.T.);
#795=FACE_OUTER_BOUND('',#1325,.T.);
#796=FACE_OUTER_BOUND('',#1326,.T.);
#797=FACE_OUTER_BOUND('',#1328,.T.);
#798=FACE_OUTER_BOUND('',#1330,.T.);
#799=FACE_OUTER_BOUND('',#1331,.T.);
#800=FACE_OUTER_BOUND('',#1332,.T.);
#801=FACE_OUTER_BOUND('',#1333,.T.);
#802=FACE_OUTER_BOUND('',#1334,.T.);
#803=FACE_OUTER_BOUND('',#1335,.T.);
#804=FACE_OUTER_BOUND('',#1336,.T.);
#805=FACE_OUTER_BOUND('',#1337,.T.);
#806=FACE_OUTER_BOUND('',#1339,.T.);
#807=FACE_OUTER_BOUND('',#1341,.T.);
#808=FACE_OUTER_BOUND('',#1342,.T.);
#809=FACE_OUTER_BOUND('',#1343,.T.);
#810=FACE_OUTER_BOUND('',#1344,.T.);
#811=FACE_OUTER_BOUND('',#1345,.T.);
#812=FACE_OUTER_BOUND('',#1346,.T.);
#813=FACE_OUTER_BOUND('',#1347,.T.);
#814=FACE_OUTER_BOUND('',#1348,.T.);
#815=FACE_OUTER_BOUND('',#1350,.T.);
#816=FACE_OUTER_BOUND('',#1352,.T.);
#817=FACE_OUTER_BOUND('',#1353,.T.);
#818=FACE_OUTER_BOUND('',#1354,.T.);
#819=FACE_OUTER_BOUND('',#1355,.T.);
#820=FACE_OUTER_BOUND('',#1356,.T.);
#821=FACE_OUTER_BOUND('',#1357,.T.);
#822=FACE_OUTER_BOUND('',#1358,.T.);
#823=FACE_OUTER_BOUND('',#1359,.T.);
#824=FACE_OUTER_BOUND('',#1361,.T.);
#825=FACE_OUTER_BOUND('',#1363,.T.);
#826=FACE_OUTER_BOUND('',#1364,.T.);
#827=FACE_OUTER_BOUND('',#1365,.T.);
#828=FACE_OUTER_BOUND('',#1366,.T.);
#829=FACE_OUTER_BOUND('',#1367,.T.);
#830=FACE_OUTER_BOUND('',#1368,.T.);
#831=FACE_OUTER_BOUND('',#1369,.T.);
#832=FACE_OUTER_BOUND('',#1370,.T.);
#833=FACE_OUTER_BOUND('',#1372,.T.);
#834=FACE_OUTER_BOUND('',#1374,.T.);
#835=FACE_OUTER_BOUND('',#1375,.T.);
#836=FACE_OUTER_BOUND('',#1376,.T.);
#837=FACE_OUTER_BOUND('',#1377,.T.);
#838=FACE_OUTER_BOUND('',#1378,.T.);
#839=FACE_OUTER_BOUND('',#1379,.T.);
#840=FACE_OUTER_BOUND('',#1380,.T.);
#841=FACE_OUTER_BOUND('',#1381,.T.);
#842=FACE_OUTER_BOUND('',#1383,.T.);
#843=FACE_OUTER_BOUND('',#1385,.T.);
#844=FACE_OUTER_BOUND('',#1386,.T.);
#845=FACE_OUTER_BOUND('',#1387,.T.);
#846=FACE_OUTER_BOUND('',#1388,.T.);
#847=FACE_OUTER_BOUND('',#1389,.T.);
#848=FACE_OUTER_BOUND('',#1390,.T.);
#849=FACE_OUTER_BOUND('',#1391,.T.);
#850=FACE_OUTER_BOUND('',#1392,.T.);
#851=FACE_OUTER_BOUND('',#1394,.T.);
#852=FACE_OUTER_BOUND('',#1396,.T.);
#853=FACE_OUTER_BOUND('',#1397,.T.);
#854=FACE_OUTER_BOUND('',#1398,.T.);
#855=FACE_OUTER_BOUND('',#1399,.T.);
#856=FACE_OUTER_BOUND('',#1400,.T.);
#857=FACE_OUTER_BOUND('',#1401,.T.);
#858=FACE_OUTER_BOUND('',#1402,.T.);
#859=FACE_OUTER_BOUND('',#1403,.T.);
#860=FACE_OUTER_BOUND('',#1405,.T.);
#861=FACE_OUTER_BOUND('',#1407,.T.);
#862=FACE_OUTER_BOUND('',#1408,.T.);
#863=FACE_OUTER_BOUND('',#1409,.T.);
#864=FACE_OUTER_BOUND('',#1410,.T.);
#865=FACE_OUTER_BOUND('',#1411,.T.);
#866=FACE_OUTER_BOUND('',#1412,.T.);
#867=FACE_OUTER_BOUND('',#1413,.T.);
#868=FACE_OUTER_BOUND('',#1414,.T.);
#869=FACE_OUTER_BOUND('',#1416,.T.);
#870=FACE_OUTER_BOUND('',#1418,.T.);
#871=FACE_OUTER_BOUND('',#1419,.T.);
#872=FACE_OUTER_BOUND('',#1420,.T.);
#873=FACE_OUTER_BOUND('',#1421,.T.);
#874=FACE_OUTER_BOUND('',#1422,.T.);
#875=FACE_OUTER_BOUND('',#1423,.T.);
#876=FACE_OUTER_BOUND('',#1424,.T.);
#877=FACE_OUTER_BOUND('',#1425,.T.);
#878=FACE_OUTER_BOUND('',#1427,.T.);
#879=FACE_OUTER_BOUND('',#1429,.T.);
#880=FACE_OUTER_BOUND('',#1430,.T.);
#881=FACE_OUTER_BOUND('',#1431,.T.);
#882=FACE_OUTER_BOUND('',#1432,.T.);
#883=FACE_OUTER_BOUND('',#1433,.T.);
#884=FACE_OUTER_BOUND('',#1434,.T.);
#885=FACE_OUTER_BOUND('',#1435,.T.);
#886=FACE_OUTER_BOUND('',#1436,.T.);
#887=FACE_OUTER_BOUND('',#1438,.T.);
#888=FACE_OUTER_BOUND('',#1440,.T.);
#889=FACE_OUTER_BOUND('',#1441,.T.);
#890=FACE_OUTER_BOUND('',#1442,.T.);
#891=FACE_OUTER_BOUND('',#1443,.T.);
#892=FACE_OUTER_BOUND('',#1444,.T.);
#893=FACE_OUTER_BOUND('',#1445,.T.);
#894=FACE_OUTER_BOUND('',#1446,.T.);
#895=FACE_OUTER_BOUND('',#1447,.T.);
#896=FACE_OUTER_BOUND('',#1449,.T.);
#897=FACE_OUTER_BOUND('',#1451,.T.);
#898=FACE_OUTER_BOUND('',#1452,.T.);
#899=FACE_OUTER_BOUND('',#1453,.T.);
#900=FACE_OUTER_BOUND('',#1454,.T.);
#901=FACE_OUTER_BOUND('',#1455,.T.);
#902=FACE_OUTER_BOUND('',#1456,.T.);
#903=FACE_OUTER_BOUND('',#1457,.T.);
#904=FACE_OUTER_BOUND('',#1458,.T.);
#905=FACE_OUTER_BOUND('',#1460,.T.);
#906=FACE_OUTER_BOUND('',#1462,.T.);
#907=FACE_OUTER_BOUND('',#1463,.T.);
#908=FACE_OUTER_BOUND('',#1464,.T.);
#909=FACE_OUTER_BOUND('',#1465,.T.);
#910=FACE_OUTER_BOUND('',#1466,.T.);
#911=FACE_OUTER_BOUND('',#1467,.T.);
#912=FACE_OUTER_BOUND('',#1468,.T.);
#913=FACE_OUTER_BOUND('',#1469,.T.);
#914=FACE_OUTER_BOUND('',#1471,.T.);
#915=FACE_OUTER_BOUND('',#1473,.T.);
#916=FACE_OUTER_BOUND('',#1474,.T.);
#917=FACE_OUTER_BOUND('',#1475,.T.);
#918=FACE_OUTER_BOUND('',#1476,.T.);
#919=FACE_OUTER_BOUND('',#1477,.T.);
#920=FACE_OUTER_BOUND('',#1478,.T.);
#921=FACE_OUTER_BOUND('',#1479,.T.);
#922=FACE_OUTER_BOUND('',#1480,.T.);
#923=FACE_OUTER_BOUND('',#1482,.T.);
#924=FACE_OUTER_BOUND('',#1484,.T.);
#925=FACE_OUTER_BOUND('',#1485,.T.);
#926=FACE_OUTER_BOUND('',#1486,.T.);
#927=FACE_OUTER_BOUND('',#1487,.T.);
#928=FACE_OUTER_BOUND('',#1488,.T.);
#929=FACE_OUTER_BOUND('',#1489,.T.);
#930=FACE_OUTER_BOUND('',#1490,.T.);
#931=FACE_OUTER_BOUND('',#1491,.T.);
#932=FACE_OUTER_BOUND('',#1493,.T.);
#933=FACE_OUTER_BOUND('',#1495,.T.);
#934=FACE_OUTER_BOUND('',#1496,.T.);
#935=FACE_OUTER_BOUND('',#1497,.T.);
#936=FACE_OUTER_BOUND('',#1498,.T.);
#937=FACE_OUTER_BOUND('',#1499,.T.);
#938=FACE_OUTER_BOUND('',#1500,.T.);
#939=FACE_OUTER_BOUND('',#1501,.T.);
#940=FACE_OUTER_BOUND('',#1502,.T.);
#941=FACE_OUTER_BOUND('',#1504,.T.);
#942=FACE_OUTER_BOUND('',#1506,.T.);
#943=FACE_OUTER_BOUND('',#1507,.T.);
#944=FACE_OUTER_BOUND('',#1508,.T.);
#945=FACE_OUTER_BOUND('',#1509,.T.);
#946=FACE_OUTER_BOUND('',#1510,.T.);
#947=FACE_OUTER_BOUND('',#1511,.T.);
#948=FACE_OUTER_BOUND('',#1512,.T.);
#949=FACE_OUTER_BOUND('',#1513,.T.);
#950=FACE_OUTER_BOUND('',#1515,.T.);
#951=FACE_OUTER_BOUND('',#1517,.T.);
#952=FACE_OUTER_BOUND('',#1518,.T.);
#953=FACE_OUTER_BOUND('',#1519,.T.);
#954=FACE_OUTER_BOUND('',#1520,.T.);
#955=FACE_OUTER_BOUND('',#1521,.T.);
#956=FACE_OUTER_BOUND('',#1522,.T.);
#957=FACE_OUTER_BOUND('',#1523,.T.);
#958=FACE_OUTER_BOUND('',#1524,.T.);
#959=FACE_OUTER_BOUND('',#1526,.T.);
#960=FACE_OUTER_BOUND('',#1528,.T.);
#961=FACE_OUTER_BOUND('',#1529,.T.);
#962=FACE_OUTER_BOUND('',#1530,.T.);
#963=FACE_OUTER_BOUND('',#1531,.T.);
#964=FACE_OUTER_BOUND('',#1532,.T.);
#965=FACE_OUTER_BOUND('',#1533,.T.);
#966=FACE_OUTER_BOUND('',#1534,.T.);
#967=FACE_OUTER_BOUND('',#1535,.T.);
#968=FACE_OUTER_BOUND('',#1537,.T.);
#969=FACE_OUTER_BOUND('',#1539,.T.);
#970=FACE_OUTER_BOUND('',#1540,.T.);
#971=FACE_OUTER_BOUND('',#1541,.T.);
#972=FACE_OUTER_BOUND('',#1542,.T.);
#973=FACE_OUTER_BOUND('',#1543,.T.);
#974=FACE_OUTER_BOUND('',#1544,.T.);
#975=FACE_OUTER_BOUND('',#1545,.T.);
#976=FACE_OUTER_BOUND('',#1546,.T.);
#977=FACE_OUTER_BOUND('',#1548,.T.);
#978=FACE_OUTER_BOUND('',#1550,.T.);
#979=FACE_OUTER_BOUND('',#1551,.T.);
#980=FACE_OUTER_BOUND('',#1552,.T.);
#981=FACE_OUTER_BOUND('',#1553,.T.);
#982=FACE_OUTER_BOUND('',#1554,.T.);
#983=FACE_OUTER_BOUND('',#1555,.T.);
#984=FACE_OUTER_BOUND('',#1556,.T.);
#985=FACE_OUTER_BOUND('',#1557,.T.);
#986=FACE_OUTER_BOUND('',#1559,.T.);
#987=FACE_OUTER_BOUND('',#1561,.T.);
#988=FACE_OUTER_BOUND('',#1562,.T.);
#989=FACE_OUTER_BOUND('',#1563,.T.);
#990=FACE_OUTER_BOUND('',#1564,.T.);
#991=FACE_OUTER_BOUND('',#1565,.T.);
#992=FACE_OUTER_BOUND('',#1566,.T.);
#993=FACE_OUTER_BOUND('',#1567,.T.);
#994=FACE_OUTER_BOUND('',#1568,.T.);
#995=FACE_OUTER_BOUND('',#1569,.T.);
#996=FACE_OUTER_BOUND('',#1570,.T.);
#997=FACE_OUTER_BOUND('',#1571,.T.);
#998=FACE_OUTER_BOUND('',#1572,.T.);
#999=FACE_OUTER_BOUND('',#1573,.T.);
#1000=FACE_OUTER_BOUND('',#1574,.T.);
#1001=FACE_OUTER_BOUND('',#1575,.T.);
#1002=FACE_OUTER_BOUND('',#1576,.T.);
#1003=FACE_OUTER_BOUND('',#1577,.T.);
#1004=FACE_OUTER_BOUND('',#1578,.T.);
#1005=FACE_OUTER_BOUND('',#1579,.T.);
#1006=FACE_OUTER_BOUND('',#1580,.T.);
#1007=FACE_OUTER_BOUND('',#1581,.T.);
#1008=FACE_OUTER_BOUND('',#1582,.T.);
#1009=FACE_OUTER_BOUND('',#1583,.T.);
#1010=FACE_OUTER_BOUND('',#1584,.T.);
#1011=FACE_OUTER_BOUND('',#1585,.T.);
#1012=FACE_OUTER_BOUND('',#1586,.T.);
#1013=FACE_OUTER_BOUND('',#1587,.T.);
#1014=FACE_OUTER_BOUND('',#1588,.T.);
#1015=FACE_OUTER_BOUND('',#1589,.T.);
#1016=FACE_OUTER_BOUND('',#1590,.T.);
#1017=FACE_OUTER_BOUND('',#1591,.T.);
#1018=FACE_OUTER_BOUND('',#1592,.T.);
#1019=FACE_OUTER_BOUND('',#1593,.T.);
#1020=FACE_OUTER_BOUND('',#1594,.T.);
#1021=FACE_OUTER_BOUND('',#1595,.T.);
#1022=FACE_OUTER_BOUND('',#1596,.T.);
#1023=FACE_OUTER_BOUND('',#1597,.T.);
#1024=FACE_OUTER_BOUND('',#1598,.T.);
#1025=FACE_OUTER_BOUND('',#1599,.T.);
#1026=FACE_OUTER_BOUND('',#1600,.T.);
#1027=FACE_OUTER_BOUND('',#1601,.T.);
#1028=FACE_OUTER_BOUND('',#1602,.T.);
#1029=FACE_OUTER_BOUND('',#1603,.T.);
#1030=FACE_OUTER_BOUND('',#1604,.T.);
#1031=FACE_OUTER_BOUND('',#1605,.T.);
#1032=FACE_OUTER_BOUND('',#1606,.T.);
#1033=FACE_OUTER_BOUND('',#1607,.T.);
#1034=FACE_OUTER_BOUND('',#1608,.T.);
#1035=FACE_OUTER_BOUND('',#1609,.T.);
#1036=FACE_OUTER_BOUND('',#1610,.T.);
#1037=FACE_OUTER_BOUND('',#1611,.T.);
#1038=FACE_OUTER_BOUND('',#1612,.T.);
#1039=FACE_OUTER_BOUND('',#1613,.T.);
#1040=FACE_OUTER_BOUND('',#1614,.T.);
#1041=FACE_OUTER_BOUND('',#1653,.T.);
#1042=FACE_OUTER_BOUND('',#1654,.T.);
#1043=FACE_OUTER_BOUND('',#1655,.T.);
#1044=FACE_OUTER_BOUND('',#1687,.T.);
#1045=FACE_OUTER_BOUND('',#1688,.T.);
#1046=FACE_OUTER_BOUND('',#1689,.T.);
#1047=FACE_OUTER_BOUND('',#1690,.T.);
#1048=FACE_OUTER_BOUND('',#1691,.T.);
#1049=FACE_OUTER_BOUND('',#1692,.T.);
#1050=FACE_OUTER_BOUND('',#1693,.T.);
#1051=FACE_OUTER_BOUND('',#1694,.T.);
#1052=FACE_OUTER_BOUND('',#1695,.T.);
#1053=FACE_OUTER_BOUND('',#1696,.T.);
#1054=FACE_OUTER_BOUND('',#1697,.T.);
#1055=FACE_OUTER_BOUND('',#1703,.T.);
#1056=FACE_OUTER_BOUND('',#1704,.T.);
#1057=FACE_OUTER_BOUND('',#1705,.T.);
#1058=FACE_OUTER_BOUND('',#1706,.T.);
#1059=FACE_OUTER_BOUND('',#1707,.T.);
#1060=FACE_OUTER_BOUND('',#1708,.T.);
#1061=FACE_OUTER_BOUND('',#1709,.T.);
#1062=FACE_OUTER_BOUND('',#1710,.T.);
#1063=FACE_OUTER_BOUND('',#1711,.T.);
#1064=FACE_OUTER_BOUND('',#1712,.T.);
#1065=FACE_OUTER_BOUND('',#1713,.T.);
#1066=FACE_OUTER_BOUND('',#1714,.T.);
#1067=FACE_OUTER_BOUND('',#1715,.T.);
#1068=FACE_OUTER_BOUND('',#1716,.T.);
#1069=FACE_OUTER_BOUND('',#1717,.T.);
#1070=FACE_OUTER_BOUND('',#1718,.T.);
#1071=FACE_OUTER_BOUND('',#1719,.T.);
#1072=FACE_OUTER_BOUND('',#1720,.T.);
#1073=FACE_OUTER_BOUND('',#1721,.T.);
#1074=FACE_OUTER_BOUND('',#1722,.T.);
#1075=FACE_OUTER_BOUND('',#1723,.T.);
#1076=FACE_OUTER_BOUND('',#1724,.T.);
#1077=FACE_OUTER_BOUND('',#1725,.T.);
#1078=FACE_OUTER_BOUND('',#1726,.T.);
#1079=FACE_OUTER_BOUND('',#1727,.T.);
#1080=FACE_OUTER_BOUND('',#1728,.T.);
#1081=FACE_OUTER_BOUND('',#1729,.T.);
#1082=FACE_OUTER_BOUND('',#1730,.T.);
#1083=FACE_OUTER_BOUND('',#1731,.T.);
#1084=FACE_OUTER_BOUND('',#1732,.T.);
#1085=FACE_OUTER_BOUND('',#1733,.T.);
#1086=FACE_OUTER_BOUND('',#1734,.T.);
#1087=FACE_OUTER_BOUND('',#1735,.T.);
#1088=FACE_OUTER_BOUND('',#1736,.T.);
#1089=FACE_OUTER_BOUND('',#1737,.T.);
#1090=FACE_OUTER_BOUND('',#1738,.T.);
#1091=FACE_OUTER_BOUND('',#1739,.T.);
#1092=FACE_OUTER_BOUND('',#1740,.T.);
#1093=FACE_OUTER_BOUND('',#1741,.T.);
#1094=FACE_OUTER_BOUND('',#1742,.T.);
#1095=FACE_OUTER_BOUND('',#1743,.T.);
#1096=FACE_OUTER_BOUND('',#1744,.T.);
#1097=FACE_OUTER_BOUND('',#1745,.T.);
#1098=FACE_OUTER_BOUND('',#1746,.T.);
#1099=FACE_OUTER_BOUND('',#1747,.T.);
#1100=FACE_OUTER_BOUND('',#1748,.T.);
#1101=FACE_OUTER_BOUND('',#1749,.T.);
#1102=FACE_OUTER_BOUND('',#1750,.T.);
#1103=FACE_OUTER_BOUND('',#1751,.T.);
#1104=FACE_OUTER_BOUND('',#1752,.T.);
#1105=FACE_OUTER_BOUND('',#1753,.T.);
#1106=FACE_OUTER_BOUND('',#1754,.T.);
#1107=FACE_OUTER_BOUND('',#1755,.T.);
#1108=FACE_OUTER_BOUND('',#1756,.T.);
#1109=FACE_OUTER_BOUND('',#1757,.T.);
#1110=FACE_OUTER_BOUND('',#1758,.T.);
#1111=FACE_OUTER_BOUND('',#1759,.T.);
#1112=FACE_OUTER_BOUND('',#1760,.T.);
#1113=FACE_OUTER_BOUND('',#1761,.T.);
#1114=FACE_OUTER_BOUND('',#1762,.T.);
#1115=FACE_OUTER_BOUND('',#1763,.T.);
#1116=FACE_OUTER_BOUND('',#1764,.T.);
#1117=FACE_OUTER_BOUND('',#1765,.T.);
#1118=FACE_OUTER_BOUND('',#1766,.T.);
#1119=FACE_OUTER_BOUND('',#1767,.T.);
#1120=FACE_OUTER_BOUND('',#1768,.T.);
#1121=FACE_OUTER_BOUND('',#1769,.T.);
#1122=FACE_OUTER_BOUND('',#1770,.T.);
#1123=FACE_OUTER_BOUND('',#1771,.T.);
#1124=FACE_OUTER_BOUND('',#1772,.T.);
#1125=FACE_OUTER_BOUND('',#1773,.T.);
#1126=FACE_OUTER_BOUND('',#1774,.T.);
#1127=FACE_OUTER_BOUND('',#1775,.T.);
#1128=FACE_OUTER_BOUND('',#1776,.T.);
#1129=FACE_OUTER_BOUND('',#1777,.T.);
#1130=FACE_OUTER_BOUND('',#1778,.T.);
#1131=FACE_OUTER_BOUND('',#1779,.T.);
#1132=FACE_OUTER_BOUND('',#1780,.T.);
#1133=FACE_OUTER_BOUND('',#1781,.T.);
#1134=FACE_OUTER_BOUND('',#1782,.T.);
#1135=FACE_OUTER_BOUND('',#1783,.T.);
#1136=FACE_OUTER_BOUND('',#1784,.T.);
#1137=FACE_OUTER_BOUND('',#1785,.T.);
#1138=FACE_OUTER_BOUND('',#1786,.T.);
#1139=FACE_OUTER_BOUND('',#1787,.T.);
#1140=FACE_OUTER_BOUND('',#1788,.T.);
#1141=FACE_OUTER_BOUND('',#1789,.T.);
#1142=FACE_OUTER_BOUND('',#1790,.T.);
#1143=FACE_OUTER_BOUND('',#1791,.T.);
#1144=FACE_OUTER_BOUND('',#1792,.T.);
#1145=FACE_OUTER_BOUND('',#1793,.T.);
#1146=FACE_OUTER_BOUND('',#1794,.T.);
#1147=FACE_OUTER_BOUND('',#1795,.T.);
#1148=FACE_OUTER_BOUND('',#1796,.T.);
#1149=FACE_OUTER_BOUND('',#1797,.T.);
#1150=FACE_OUTER_BOUND('',#1798,.T.);
#1151=FACE_OUTER_BOUND('',#1799,.T.);
#1152=FACE_OUTER_BOUND('',#1800,.T.);
#1153=FACE_OUTER_BOUND('',#1801,.T.);
#1154=FACE_OUTER_BOUND('',#1802,.T.);
#1155=FACE_OUTER_BOUND('',#1803,.T.);
#1156=FACE_OUTER_BOUND('',#1804,.T.);
#1157=FACE_OUTER_BOUND('',#1805,.T.);
#1158=FACE_OUTER_BOUND('',#1806,.T.);
#1159=FACE_OUTER_BOUND('',#1807,.T.);
#1160=FACE_OUTER_BOUND('',#1808,.T.);
#1161=FACE_OUTER_BOUND('',#1809,.T.);
#1162=FACE_OUTER_BOUND('',#1810,.T.);
#1163=FACE_OUTER_BOUND('',#1811,.T.);
#1164=FACE_OUTER_BOUND('',#1812,.T.);
#1165=FACE_OUTER_BOUND('',#1813,.T.);
#1166=FACE_OUTER_BOUND('',#1814,.T.);
#1167=FACE_OUTER_BOUND('',#1815,.T.);
#1168=FACE_OUTER_BOUND('',#1816,.T.);
#1169=FACE_OUTER_BOUND('',#1817,.T.);
#1170=FACE_OUTER_BOUND('',#1818,.T.);
#1171=FACE_OUTER_BOUND('',#1819,.T.);
#1172=FACE_OUTER_BOUND('',#1820,.T.);
#1173=FACE_OUTER_BOUND('',#1821,.T.);
#1174=FACE_OUTER_BOUND('',#1822,.T.);
#1175=FACE_OUTER_BOUND('',#1823,.T.);
#1176=FACE_OUTER_BOUND('',#1824,.T.);
#1177=FACE_OUTER_BOUND('',#1825,.T.);
#1178=FACE_OUTER_BOUND('',#1826,.T.);
#1179=FACE_OUTER_BOUND('',#1827,.T.);
#1180=FACE_OUTER_BOUND('',#1828,.T.);
#1181=FACE_OUTER_BOUND('',#1829,.T.);
#1182=FACE_OUTER_BOUND('',#1830,.T.);
#1183=FACE_OUTER_BOUND('',#1831,.T.);
#1184=FACE_OUTER_BOUND('',#1832,.T.);
#1185=FACE_OUTER_BOUND('',#1833,.T.);
#1186=FACE_OUTER_BOUND('',#1834,.T.);
#1187=FACE_OUTER_BOUND('',#1835,.T.);
#1188=FACE_OUTER_BOUND('',#1836,.T.);
#1189=FACE_OUTER_BOUND('',#1837,.T.);
#1190=FACE_OUTER_BOUND('',#1838,.T.);
#1191=FACE_OUTER_BOUND('',#1839,.T.);
#1192=FACE_OUTER_BOUND('',#1840,.T.);
#1193=FACE_OUTER_BOUND('',#1841,.T.);
#1194=FACE_OUTER_BOUND('',#1842,.T.);
#1195=FACE_OUTER_BOUND('',#1843,.T.);
#1196=FACE_OUTER_BOUND('',#1844,.T.);
#1197=FACE_OUTER_BOUND('',#1845,.T.);
#1198=FACE_OUTER_BOUND('',#1846,.T.);
#1199=FACE_OUTER_BOUND('',#1847,.T.);
#1200=FACE_OUTER_BOUND('',#1848,.T.);
#1201=FACE_OUTER_BOUND('',#1849,.T.);
#1202=FACE_OUTER_BOUND('',#1850,.T.);
#1203=FACE_OUTER_BOUND('',#1851,.T.);
#1204=FACE_OUTER_BOUND('',#1852,.T.);
#1205=FACE_OUTER_BOUND('',#1853,.T.);
#1206=FACE_OUTER_BOUND('',#1854,.T.);
#1207=FACE_OUTER_BOUND('',#1855,.T.);
#1208=FACE_OUTER_BOUND('',#1856,.T.);
#1209=FACE_OUTER_BOUND('',#1857,.T.);
#1210=FACE_OUTER_BOUND('',#1858,.T.);
#1211=FACE_OUTER_BOUND('',#1859,.T.);
#1212=FACE_OUTER_BOUND('',#1860,.T.);
#1213=FACE_OUTER_BOUND('',#1861,.T.);
#1214=FACE_OUTER_BOUND('',#1862,.T.);
#1215=FACE_OUTER_BOUND('',#1863,.T.);
#1216=FACE_OUTER_BOUND('',#1864,.T.);
#1217=FACE_OUTER_BOUND('',#1865,.T.);
#1218=FACE_OUTER_BOUND('',#1866,.T.);
#1219=FACE_OUTER_BOUND('',#1867,.T.);
#1220=FACE_OUTER_BOUND('',#1868,.T.);
#1221=FACE_OUTER_BOUND('',#1869,.T.);
#1222=FACE_OUTER_BOUND('',#1870,.T.);
#1223=FACE_OUTER_BOUND('',#1871,.T.);
#1224=FACE_OUTER_BOUND('',#1872,.T.);
#1225=FACE_OUTER_BOUND('',#1873,.T.);
#1226=FACE_OUTER_BOUND('',#1874,.T.);
#1227=FACE_OUTER_BOUND('',#1875,.T.);
#1228=FACE_OUTER_BOUND('',#1876,.T.);
#1229=FACE_OUTER_BOUND('',#1877,.T.);
#1230=FACE_OUTER_BOUND('',#1878,.T.);
#1231=EDGE_LOOP('',(#6573,#6574,#6575,#6576));
#1232=EDGE_LOOP('',(#6577,#6578,#6579,#6580));
#1233=EDGE_LOOP('',(#6581,#6582,#6583,#6584));
#1234=EDGE_LOOP('',(#6585,#6586,#6587,#6588));
#1235=EDGE_LOOP('',(#6589,#6590,#6591,#6592));
#1236=EDGE_LOOP('',(#6593,#6594,#6595,#6596));
#1237=EDGE_LOOP('',(#6597,#6598,#6599,#6600));
#1238=EDGE_LOOP('',(#6601,#6602,#6603,#6604,#6605,#6606));
#1239=EDGE_LOOP('',(#6607));
#1240=EDGE_LOOP('',(#6608,#6609,#6610,#6611,#6612,#6613));
#1241=EDGE_LOOP('',(#6614));
#1242=EDGE_LOOP('',(#6615,#6616,#6617,#6618));
#1243=EDGE_LOOP('',(#6619,#6620,#6621,#6622));
#1244=EDGE_LOOP('',(#6623,#6624,#6625,#6626));
#1245=EDGE_LOOP('',(#6627,#6628,#6629,#6630));
#1246=EDGE_LOOP('',(#6631,#6632,#6633,#6634));
#1247=EDGE_LOOP('',(#6635,#6636,#6637,#6638));
#1248=EDGE_LOOP('',(#6639,#6640,#6641,#6642));
#1249=EDGE_LOOP('',(#6643,#6644,#6645,#6646,#6647,#6648));
#1250=EDGE_LOOP('',(#6649));
#1251=EDGE_LOOP('',(#6650,#6651,#6652,#6653,#6654,#6655));
#1252=EDGE_LOOP('',(#6656));
#1253=EDGE_LOOP('',(#6657,#6658,#6659,#6660));
#1254=EDGE_LOOP('',(#6661,#6662,#6663,#6664));
#1255=EDGE_LOOP('',(#6665,#6666,#6667,#6668));
#1256=EDGE_LOOP('',(#6669,#6670,#6671,#6672));
#1257=EDGE_LOOP('',(#6673,#6674,#6675,#6676));
#1258=EDGE_LOOP('',(#6677,#6678,#6679,#6680));
#1259=EDGE_LOOP('',(#6681,#6682,#6683,#6684));
#1260=EDGE_LOOP('',(#6685,#6686,#6687,#6688,#6689,#6690));
#1261=EDGE_LOOP('',(#6691));
#1262=EDGE_LOOP('',(#6692,#6693,#6694,#6695,#6696,#6697));
#1263=EDGE_LOOP('',(#6698));
#1264=EDGE_LOOP('',(#6699,#6700,#6701,#6702));
#1265=EDGE_LOOP('',(#6703,#6704,#6705,#6706));
#1266=EDGE_LOOP('',(#6707,#6708,#6709,#6710));
#1267=EDGE_LOOP('',(#6711,#6712,#6713,#6714));
#1268=EDGE_LOOP('',(#6715,#6716,#6717,#6718));
#1269=EDGE_LOOP('',(#6719,#6720,#6721,#6722));
#1270=EDGE_LOOP('',(#6723,#6724,#6725,#6726));
#1271=EDGE_LOOP('',(#6727,#6728,#6729,#6730,#6731,#6732));
#1272=EDGE_LOOP('',(#6733));
#1273=EDGE_LOOP('',(#6734,#6735,#6736,#6737,#6738,#6739));
#1274=EDGE_LOOP('',(#6740));
#1275=EDGE_LOOP('',(#6741,#6742,#6743,#6744));
#1276=EDGE_LOOP('',(#6745,#6746,#6747,#6748));
#1277=EDGE_LOOP('',(#6749,#6750,#6751,#6752));
#1278=EDGE_LOOP('',(#6753,#6754,#6755,#6756));
#1279=EDGE_LOOP('',(#6757,#6758,#6759,#6760));
#1280=EDGE_LOOP('',(#6761,#6762,#6763,#6764));
#1281=EDGE_LOOP('',(#6765,#6766,#6767,#6768));
#1282=EDGE_LOOP('',(#6769,#6770,#6771,#6772,#6773,#6774));
#1283=EDGE_LOOP('',(#6775));
#1284=EDGE_LOOP('',(#6776,#6777,#6778,#6779,#6780,#6781));
#1285=EDGE_LOOP('',(#6782));
#1286=EDGE_LOOP('',(#6783,#6784,#6785,#6786));
#1287=EDGE_LOOP('',(#6787,#6788,#6789,#6790));
#1288=EDGE_LOOP('',(#6791,#6792,#6793,#6794));
#1289=EDGE_LOOP('',(#6795,#6796,#6797,#6798));
#1290=EDGE_LOOP('',(#6799,#6800,#6801,#6802));
#1291=EDGE_LOOP('',(#6803,#6804,#6805,#6806));
#1292=EDGE_LOOP('',(#6807,#6808,#6809,#6810));
#1293=EDGE_LOOP('',(#6811,#6812,#6813,#6814,#6815,#6816));
#1294=EDGE_LOOP('',(#6817));
#1295=EDGE_LOOP('',(#6818,#6819,#6820,#6821,#6822,#6823));
#1296=EDGE_LOOP('',(#6824));
#1297=EDGE_LOOP('',(#6825,#6826,#6827,#6828));
#1298=EDGE_LOOP('',(#6829,#6830,#6831,#6832));
#1299=EDGE_LOOP('',(#6833,#6834,#6835,#6836));
#1300=EDGE_LOOP('',(#6837,#6838,#6839,#6840));
#1301=EDGE_LOOP('',(#6841,#6842,#6843,#6844));
#1302=EDGE_LOOP('',(#6845,#6846,#6847,#6848));
#1303=EDGE_LOOP('',(#6849,#6850,#6851,#6852));
#1304=EDGE_LOOP('',(#6853,#6854,#6855,#6856,#6857,#6858));
#1305=EDGE_LOOP('',(#6859));
#1306=EDGE_LOOP('',(#6860,#6861,#6862,#6863,#6864,#6865));
#1307=EDGE_LOOP('',(#6866));
#1308=EDGE_LOOP('',(#6867,#6868,#6869,#6870));
#1309=EDGE_LOOP('',(#6871,#6872,#6873,#6874));
#1310=EDGE_LOOP('',(#6875,#6876,#6877,#6878));
#1311=EDGE_LOOP('',(#6879,#6880,#6881,#6882));
#1312=EDGE_LOOP('',(#6883,#6884,#6885,#6886));
#1313=EDGE_LOOP('',(#6887,#6888,#6889,#6890));
#1314=EDGE_LOOP('',(#6891,#6892,#6893,#6894));
#1315=EDGE_LOOP('',(#6895,#6896,#6897,#6898,#6899,#6900));
#1316=EDGE_LOOP('',(#6901));
#1317=EDGE_LOOP('',(#6902,#6903,#6904,#6905,#6906,#6907));
#1318=EDGE_LOOP('',(#6908));
#1319=EDGE_LOOP('',(#6909,#6910,#6911,#6912));
#1320=EDGE_LOOP('',(#6913,#6914,#6915,#6916));
#1321=EDGE_LOOP('',(#6917,#6918,#6919,#6920));
#1322=EDGE_LOOP('',(#6921,#6922,#6923,#6924));
#1323=EDGE_LOOP('',(#6925,#6926,#6927,#6928));
#1324=EDGE_LOOP('',(#6929,#6930,#6931,#6932));
#1325=EDGE_LOOP('',(#6933,#6934,#6935,#6936));
#1326=EDGE_LOOP('',(#6937,#6938,#6939,#6940,#6941,#6942));
#1327=EDGE_LOOP('',(#6943));
#1328=EDGE_LOOP('',(#6944,#6945,#6946,#6947,#6948,#6949));
#1329=EDGE_LOOP('',(#6950));
#1330=EDGE_LOOP('',(#6951,#6952,#6953,#6954));
#1331=EDGE_LOOP('',(#6955,#6956,#6957,#6958));
#1332=EDGE_LOOP('',(#6959,#6960,#6961,#6962));
#1333=EDGE_LOOP('',(#6963,#6964,#6965,#6966));
#1334=EDGE_LOOP('',(#6967,#6968,#6969,#6970));
#1335=EDGE_LOOP('',(#6971,#6972,#6973,#6974));
#1336=EDGE_LOOP('',(#6975,#6976,#6977,#6978));
#1337=EDGE_LOOP('',(#6979,#6980,#6981,#6982,#6983,#6984));
#1338=EDGE_LOOP('',(#6985));
#1339=EDGE_LOOP('',(#6986,#6987,#6988,#6989,#6990,#6991));
#1340=EDGE_LOOP('',(#6992));
#1341=EDGE_LOOP('',(#6993,#6994,#6995,#6996));
#1342=EDGE_LOOP('',(#6997,#6998,#6999,#7000));
#1343=EDGE_LOOP('',(#7001,#7002,#7003,#7004));
#1344=EDGE_LOOP('',(#7005,#7006,#7007,#7008));
#1345=EDGE_LOOP('',(#7009,#7010,#7011,#7012));
#1346=EDGE_LOOP('',(#7013,#7014,#7015,#7016));
#1347=EDGE_LOOP('',(#7017,#7018,#7019,#7020));
#1348=EDGE_LOOP('',(#7021,#7022,#7023,#7024,#7025,#7026));
#1349=EDGE_LOOP('',(#7027));
#1350=EDGE_LOOP('',(#7028,#7029,#7030,#7031,#7032,#7033));
#1351=EDGE_LOOP('',(#7034));
#1352=EDGE_LOOP('',(#7035,#7036,#7037,#7038));
#1353=EDGE_LOOP('',(#7039,#7040,#7041,#7042));
#1354=EDGE_LOOP('',(#7043,#7044,#7045,#7046));
#1355=EDGE_LOOP('',(#7047,#7048,#7049,#7050));
#1356=EDGE_LOOP('',(#7051,#7052,#7053,#7054));
#1357=EDGE_LOOP('',(#7055,#7056,#7057,#7058));
#1358=EDGE_LOOP('',(#7059,#7060,#7061,#7062));
#1359=EDGE_LOOP('',(#7063,#7064,#7065,#7066,#7067,#7068));
#1360=EDGE_LOOP('',(#7069));
#1361=EDGE_LOOP('',(#7070,#7071,#7072,#7073,#7074,#7075));
#1362=EDGE_LOOP('',(#7076));
#1363=EDGE_LOOP('',(#7077,#7078,#7079,#7080));
#1364=EDGE_LOOP('',(#7081,#7082,#7083,#7084));
#1365=EDGE_LOOP('',(#7085,#7086,#7087,#7088));
#1366=EDGE_LOOP('',(#7089,#7090,#7091,#7092));
#1367=EDGE_LOOP('',(#7093,#7094,#7095,#7096));
#1368=EDGE_LOOP('',(#7097,#7098,#7099,#7100));
#1369=EDGE_LOOP('',(#7101,#7102,#7103,#7104));
#1370=EDGE_LOOP('',(#7105,#7106,#7107,#7108,#7109,#7110));
#1371=EDGE_LOOP('',(#7111));
#1372=EDGE_LOOP('',(#7112,#7113,#7114,#7115,#7116,#7117));
#1373=EDGE_LOOP('',(#7118));
#1374=EDGE_LOOP('',(#7119,#7120,#7121,#7122));
#1375=EDGE_LOOP('',(#7123,#7124,#7125,#7126));
#1376=EDGE_LOOP('',(#7127,#7128,#7129,#7130));
#1377=EDGE_LOOP('',(#7131,#7132,#7133,#7134));
#1378=EDGE_LOOP('',(#7135,#7136,#7137,#7138));
#1379=EDGE_LOOP('',(#7139,#7140,#7141,#7142));
#1380=EDGE_LOOP('',(#7143,#7144,#7145,#7146));
#1381=EDGE_LOOP('',(#7147,#7148,#7149,#7150,#7151,#7152));
#1382=EDGE_LOOP('',(#7153));
#1383=EDGE_LOOP('',(#7154,#7155,#7156,#7157,#7158,#7159));
#1384=EDGE_LOOP('',(#7160));
#1385=EDGE_LOOP('',(#7161,#7162,#7163,#7164));
#1386=EDGE_LOOP('',(#7165,#7166,#7167,#7168));
#1387=EDGE_LOOP('',(#7169,#7170,#7171,#7172));
#1388=EDGE_LOOP('',(#7173,#7174,#7175,#7176));
#1389=EDGE_LOOP('',(#7177,#7178,#7179,#7180));
#1390=EDGE_LOOP('',(#7181,#7182,#7183,#7184));
#1391=EDGE_LOOP('',(#7185,#7186,#7187,#7188));
#1392=EDGE_LOOP('',(#7189,#7190,#7191,#7192,#7193,#7194));
#1393=EDGE_LOOP('',(#7195));
#1394=EDGE_LOOP('',(#7196,#7197,#7198,#7199,#7200,#7201));
#1395=EDGE_LOOP('',(#7202));
#1396=EDGE_LOOP('',(#7203,#7204,#7205,#7206));
#1397=EDGE_LOOP('',(#7207,#7208,#7209,#7210));
#1398=EDGE_LOOP('',(#7211,#7212,#7213,#7214));
#1399=EDGE_LOOP('',(#7215,#7216,#7217,#7218));
#1400=EDGE_LOOP('',(#7219,#7220,#7221,#7222));
#1401=EDGE_LOOP('',(#7223,#7224,#7225,#7226));
#1402=EDGE_LOOP('',(#7227,#7228,#7229,#7230));
#1403=EDGE_LOOP('',(#7231,#7232,#7233,#7234,#7235,#7236));
#1404=EDGE_LOOP('',(#7237));
#1405=EDGE_LOOP('',(#7238,#7239,#7240,#7241,#7242,#7243));
#1406=EDGE_LOOP('',(#7244));
#1407=EDGE_LOOP('',(#7245,#7246,#7247,#7248));
#1408=EDGE_LOOP('',(#7249,#7250,#7251,#7252));
#1409=EDGE_LOOP('',(#7253,#7254,#7255,#7256));
#1410=EDGE_LOOP('',(#7257,#7258,#7259,#7260));
#1411=EDGE_LOOP('',(#7261,#7262,#7263,#7264));
#1412=EDGE_LOOP('',(#7265,#7266,#7267,#7268));
#1413=EDGE_LOOP('',(#7269,#7270,#7271,#7272));
#1414=EDGE_LOOP('',(#7273,#7274,#7275,#7276,#7277,#7278));
#1415=EDGE_LOOP('',(#7279));
#1416=EDGE_LOOP('',(#7280,#7281,#7282,#7283,#7284,#7285));
#1417=EDGE_LOOP('',(#7286));
#1418=EDGE_LOOP('',(#7287,#7288,#7289,#7290));
#1419=EDGE_LOOP('',(#7291,#7292,#7293,#7294));
#1420=EDGE_LOOP('',(#7295,#7296,#7297,#7298));
#1421=EDGE_LOOP('',(#7299,#7300,#7301,#7302));
#1422=EDGE_LOOP('',(#7303,#7304,#7305,#7306));
#1423=EDGE_LOOP('',(#7307,#7308,#7309,#7310));
#1424=EDGE_LOOP('',(#7311,#7312,#7313,#7314));
#1425=EDGE_LOOP('',(#7315,#7316,#7317,#7318,#7319,#7320));
#1426=EDGE_LOOP('',(#7321));
#1427=EDGE_LOOP('',(#7322,#7323,#7324,#7325,#7326,#7327));
#1428=EDGE_LOOP('',(#7328));
#1429=EDGE_LOOP('',(#7329,#7330,#7331,#7332));
#1430=EDGE_LOOP('',(#7333,#7334,#7335,#7336));
#1431=EDGE_LOOP('',(#7337,#7338,#7339,#7340));
#1432=EDGE_LOOP('',(#7341,#7342,#7343,#7344));
#1433=EDGE_LOOP('',(#7345,#7346,#7347,#7348));
#1434=EDGE_LOOP('',(#7349,#7350,#7351,#7352));
#1435=EDGE_LOOP('',(#7353,#7354,#7355,#7356));
#1436=EDGE_LOOP('',(#7357,#7358,#7359,#7360,#7361,#7362));
#1437=EDGE_LOOP('',(#7363));
#1438=EDGE_LOOP('',(#7364,#7365,#7366,#7367,#7368,#7369));
#1439=EDGE_LOOP('',(#7370));
#1440=EDGE_LOOP('',(#7371,#7372,#7373,#7374));
#1441=EDGE_LOOP('',(#7375,#7376,#7377,#7378));
#1442=EDGE_LOOP('',(#7379,#7380,#7381,#7382));
#1443=EDGE_LOOP('',(#7383,#7384,#7385,#7386));
#1444=EDGE_LOOP('',(#7387,#7388,#7389,#7390));
#1445=EDGE_LOOP('',(#7391,#7392,#7393,#7394));
#1446=EDGE_LOOP('',(#7395,#7396,#7397,#7398));
#1447=EDGE_LOOP('',(#7399,#7400,#7401,#7402,#7403,#7404));
#1448=EDGE_LOOP('',(#7405));
#1449=EDGE_LOOP('',(#7406,#7407,#7408,#7409,#7410,#7411));
#1450=EDGE_LOOP('',(#7412));
#1451=EDGE_LOOP('',(#7413,#7414,#7415,#7416));
#1452=EDGE_LOOP('',(#7417,#7418,#7419,#7420));
#1453=EDGE_LOOP('',(#7421,#7422,#7423,#7424));
#1454=EDGE_LOOP('',(#7425,#7426,#7427,#7428));
#1455=EDGE_LOOP('',(#7429,#7430,#7431,#7432));
#1456=EDGE_LOOP('',(#7433,#7434,#7435,#7436));
#1457=EDGE_LOOP('',(#7437,#7438,#7439,#7440));
#1458=EDGE_LOOP('',(#7441,#7442,#7443,#7444,#7445,#7446));
#1459=EDGE_LOOP('',(#7447));
#1460=EDGE_LOOP('',(#7448,#7449,#7450,#7451,#7452,#7453));
#1461=EDGE_LOOP('',(#7454));
#1462=EDGE_LOOP('',(#7455,#7456,#7457,#7458));
#1463=EDGE_LOOP('',(#7459,#7460,#7461,#7462));
#1464=EDGE_LOOP('',(#7463,#7464,#7465,#7466));
#1465=EDGE_LOOP('',(#7467,#7468,#7469,#7470));
#1466=EDGE_LOOP('',(#7471,#7472,#7473,#7474));
#1467=EDGE_LOOP('',(#7475,#7476,#7477,#7478));
#1468=EDGE_LOOP('',(#7479,#7480,#7481,#7482));
#1469=EDGE_LOOP('',(#7483,#7484,#7485,#7486,#7487,#7488));
#1470=EDGE_LOOP('',(#7489));
#1471=EDGE_LOOP('',(#7490,#7491,#7492,#7493,#7494,#7495));
#1472=EDGE_LOOP('',(#7496));
#1473=EDGE_LOOP('',(#7497,#7498,#7499,#7500));
#1474=EDGE_LOOP('',(#7501,#7502,#7503,#7504));
#1475=EDGE_LOOP('',(#7505,#7506,#7507,#7508));
#1476=EDGE_LOOP('',(#7509,#7510,#7511,#7512));
#1477=EDGE_LOOP('',(#7513,#7514,#7515,#7516));
#1478=EDGE_LOOP('',(#7517,#7518,#7519,#7520));
#1479=EDGE_LOOP('',(#7521,#7522,#7523,#7524));
#1480=EDGE_LOOP('',(#7525,#7526,#7527,#7528,#7529,#7530));
#1481=EDGE_LOOP('',(#7531));
#1482=EDGE_LOOP('',(#7532,#7533,#7534,#7535,#7536,#7537));
#1483=EDGE_LOOP('',(#7538));
#1484=EDGE_LOOP('',(#7539,#7540,#7541,#7542));
#1485=EDGE_LOOP('',(#7543,#7544,#7545,#7546));
#1486=EDGE_LOOP('',(#7547,#7548,#7549,#7550));
#1487=EDGE_LOOP('',(#7551,#7552,#7553,#7554));
#1488=EDGE_LOOP('',(#7555,#7556,#7557,#7558));
#1489=EDGE_LOOP('',(#7559,#7560,#7561,#7562));
#1490=EDGE_LOOP('',(#7563,#7564,#7565,#7566));
#1491=EDGE_LOOP('',(#7567,#7568,#7569,#7570,#7571,#7572));
#1492=EDGE_LOOP('',(#7573));
#1493=EDGE_LOOP('',(#7574,#7575,#7576,#7577,#7578,#7579));
#1494=EDGE_LOOP('',(#7580));
#1495=EDGE_LOOP('',(#7581,#7582,#7583,#7584));
#1496=EDGE_LOOP('',(#7585,#7586,#7587,#7588));
#1497=EDGE_LOOP('',(#7589,#7590,#7591,#7592));
#1498=EDGE_LOOP('',(#7593,#7594,#7595,#7596));
#1499=EDGE_LOOP('',(#7597,#7598,#7599,#7600));
#1500=EDGE_LOOP('',(#7601,#7602,#7603,#7604));
#1501=EDGE_LOOP('',(#7605,#7606,#7607,#7608));
#1502=EDGE_LOOP('',(#7609,#7610,#7611,#7612,#7613,#7614));
#1503=EDGE_LOOP('',(#7615));
#1504=EDGE_LOOP('',(#7616,#7617,#7618,#7619,#7620,#7621));
#1505=EDGE_LOOP('',(#7622));
#1506=EDGE_LOOP('',(#7623,#7624,#7625,#7626));
#1507=EDGE_LOOP('',(#7627,#7628,#7629,#7630));
#1508=EDGE_LOOP('',(#7631,#7632,#7633,#7634));
#1509=EDGE_LOOP('',(#7635,#7636,#7637,#7638));
#1510=EDGE_LOOP('',(#7639,#7640,#7641,#7642));
#1511=EDGE_LOOP('',(#7643,#7644,#7645,#7646));
#1512=EDGE_LOOP('',(#7647,#7648,#7649,#7650));
#1513=EDGE_LOOP('',(#7651,#7652,#7653,#7654,#7655,#7656));
#1514=EDGE_LOOP('',(#7657));
#1515=EDGE_LOOP('',(#7658,#7659,#7660,#7661,#7662,#7663));
#1516=EDGE_LOOP('',(#7664));
#1517=EDGE_LOOP('',(#7665,#7666,#7667,#7668));
#1518=EDGE_LOOP('',(#7669,#7670,#7671,#7672));
#1519=EDGE_LOOP('',(#7673,#7674,#7675,#7676));
#1520=EDGE_LOOP('',(#7677,#7678,#7679,#7680));
#1521=EDGE_LOOP('',(#7681,#7682,#7683,#7684));
#1522=EDGE_LOOP('',(#7685,#7686,#7687,#7688));
#1523=EDGE_LOOP('',(#7689,#7690,#7691,#7692));
#1524=EDGE_LOOP('',(#7693,#7694,#7695,#7696,#7697,#7698));
#1525=EDGE_LOOP('',(#7699));
#1526=EDGE_LOOP('',(#7700,#7701,#7702,#7703,#7704,#7705));
#1527=EDGE_LOOP('',(#7706));
#1528=EDGE_LOOP('',(#7707,#7708,#7709,#7710));
#1529=EDGE_LOOP('',(#7711,#7712,#7713,#7714));
#1530=EDGE_LOOP('',(#7715,#7716,#7717,#7718));
#1531=EDGE_LOOP('',(#7719,#7720,#7721,#7722));
#1532=EDGE_LOOP('',(#7723,#7724,#7725,#7726));
#1533=EDGE_LOOP('',(#7727,#7728,#7729,#7730));
#1534=EDGE_LOOP('',(#7731,#7732,#7733,#7734));
#1535=EDGE_LOOP('',(#7735,#7736,#7737,#7738,#7739,#7740));
#1536=EDGE_LOOP('',(#7741));
#1537=EDGE_LOOP('',(#7742,#7743,#7744,#7745,#7746,#7747));
#1538=EDGE_LOOP('',(#7748));
#1539=EDGE_LOOP('',(#7749,#7750,#7751,#7752));
#1540=EDGE_LOOP('',(#7753,#7754,#7755,#7756));
#1541=EDGE_LOOP('',(#7757,#7758,#7759,#7760));
#1542=EDGE_LOOP('',(#7761,#7762,#7763,#7764));
#1543=EDGE_LOOP('',(#7765,#7766,#7767,#7768));
#1544=EDGE_LOOP('',(#7769,#7770,#7771,#7772));
#1545=EDGE_LOOP('',(#7773,#7774,#7775,#7776));
#1546=EDGE_LOOP('',(#7777,#7778,#7779,#7780,#7781,#7782));
#1547=EDGE_LOOP('',(#7783));
#1548=EDGE_LOOP('',(#7784,#7785,#7786,#7787,#7788,#7789));
#1549=EDGE_LOOP('',(#7790));
#1550=EDGE_LOOP('',(#7791,#7792,#7793,#7794));
#1551=EDGE_LOOP('',(#7795,#7796,#7797,#7798));
#1552=EDGE_LOOP('',(#7799,#7800,#7801,#7802));
#1553=EDGE_LOOP('',(#7803,#7804,#7805,#7806));
#1554=EDGE_LOOP('',(#7807,#7808,#7809,#7810));
#1555=EDGE_LOOP('',(#7811,#7812,#7813,#7814));
#1556=EDGE_LOOP('',(#7815,#7816,#7817,#7818));
#1557=EDGE_LOOP('',(#7819,#7820,#7821,#7822,#7823,#7824));
#1558=EDGE_LOOP('',(#7825));
#1559=EDGE_LOOP('',(#7826,#7827,#7828,#7829,#7830,#7831));
#1560=EDGE_LOOP('',(#7832));
#1561=EDGE_LOOP('',(#7833,#7834,#7835,#7836));
#1562=EDGE_LOOP('',(#7837,#7838,#7839,#7840));
#1563=EDGE_LOOP('',(#7841,#7842,#7843,#7844));
#1564=EDGE_LOOP('',(#7845,#7846,#7847,#7848));
#1565=EDGE_LOOP('',(#7849,#7850,#7851,#7852));
#1566=EDGE_LOOP('',(#7853,#7854,#7855,#7856));
#1567=EDGE_LOOP('',(#7857,#7858,#7859,#7860));
#1568=EDGE_LOOP('',(#7861,#7862,#7863,#7864));
#1569=EDGE_LOOP('',(#7865,#7866,#7867,#7868));
#1570=EDGE_LOOP('',(#7869,#7870,#7871,#7872));
#1571=EDGE_LOOP('',(#7873,#7874,#7875,#7876));
#1572=EDGE_LOOP('',(#7877,#7878,#7879,#7880));
#1573=EDGE_LOOP('',(#7881,#7882,#7883,#7884));
#1574=EDGE_LOOP('',(#7885,#7886,#7887,#7888));
#1575=EDGE_LOOP('',(#7889,#7890,#7891,#7892));
#1576=EDGE_LOOP('',(#7893,#7894,#7895,#7896));
#1577=EDGE_LOOP('',(#7897,#7898,#7899,#7900));
#1578=EDGE_LOOP('',(#7901,#7902,#7903,#7904));
#1579=EDGE_LOOP('',(#7905,#7906,#7907,#7908));
#1580=EDGE_LOOP('',(#7909,#7910,#7911,#7912));
#1581=EDGE_LOOP('',(#7913,#7914,#7915,#7916));
#1582=EDGE_LOOP('',(#7917,#7918,#7919,#7920));
#1583=EDGE_LOOP('',(#7921,#7922,#7923,#7924));
#1584=EDGE_LOOP('',(#7925,#7926,#7927,#7928));
#1585=EDGE_LOOP('',(#7929,#7930,#7931,#7932));
#1586=EDGE_LOOP('',(#7933,#7934,#7935,#7936));
#1587=EDGE_LOOP('',(#7937,#7938,#7939,#7940));
#1588=EDGE_LOOP('',(#7941,#7942,#7943,#7944));
#1589=EDGE_LOOP('',(#7945,#7946,#7947,#7948));
#1590=EDGE_LOOP('',(#7949,#7950,#7951,#7952));
#1591=EDGE_LOOP('',(#7953,#7954,#7955,#7956));
#1592=EDGE_LOOP('',(#7957,#7958,#7959,#7960));
#1593=EDGE_LOOP('',(#7961,#7962,#7963,#7964));
#1594=EDGE_LOOP('',(#7965,#7966,#7967,#7968));
#1595=EDGE_LOOP('',(#7969,#7970,#7971,#7972));
#1596=EDGE_LOOP('',(#7973,#7974,#7975,#7976));
#1597=EDGE_LOOP('',(#7977,#7978,#7979,#7980));
#1598=EDGE_LOOP('',(#7981,#7982,#7983,#7984));
#1599=EDGE_LOOP('',(#7985,#7986,#7987,#7988));
#1600=EDGE_LOOP('',(#7989,#7990,#7991,#7992));
#1601=EDGE_LOOP('',(#7993,#7994,#7995,#7996));
#1602=EDGE_LOOP('',(#7997,#7998,#7999,#8000));
#1603=EDGE_LOOP('',(#8001,#8002,#8003,#8004));
#1604=EDGE_LOOP('',(#8005,#8006,#8007,#8008));
#1605=EDGE_LOOP('',(#8009,#8010,#8011,#8012));
#1606=EDGE_LOOP('',(#8013,#8014,#8015,#8016));
#1607=EDGE_LOOP('',(#8017,#8018,#8019,#8020));
#1608=EDGE_LOOP('',(#8021,#8022,#8023,#8024));
#1609=EDGE_LOOP('',(#8025,#8026,#8027,#8028));
#1610=EDGE_LOOP('',(#8029,#8030,#8031,#8032));
#1611=EDGE_LOOP('',(#8033,#8034,#8035,#8036));
#1612=EDGE_LOOP('',(#8037,#8038,#8039,#8040));
#1613=EDGE_LOOP('',(#8041,#8042,#8043,#8044));
#1614=EDGE_LOOP('',(#8045));
#1615=EDGE_LOOP('',(#8046));
#1616=EDGE_LOOP('',(#8047,#8048,#8049,#8050,#8051,#8052));
#1617=EDGE_LOOP('',(#8053,#8054,#8055,#8056,#8057,#8058));
#1618=EDGE_LOOP('',(#8059,#8060,#8061,#8062,#8063,#8064));
#1619=EDGE_LOOP('',(#8065,#8066,#8067,#8068,#8069,#8070));
#1620=EDGE_LOOP('',(#8071,#8072,#8073,#8074,#8075,#8076));
#1621=EDGE_LOOP('',(#8077,#8078,#8079,#8080,#8081,#8082));
#1622=EDGE_LOOP('',(#8083,#8084,#8085,#8086,#8087,#8088));
#1623=EDGE_LOOP('',(#8089,#8090,#8091,#8092,#8093,#8094));
#1624=EDGE_LOOP('',(#8095,#8096,#8097,#8098,#8099,#8100));
#1625=EDGE_LOOP('',(#8101,#8102,#8103,#8104,#8105,#8106));
#1626=EDGE_LOOP('',(#8107,#8108,#8109,#8110,#8111,#8112));
#1627=EDGE_LOOP('',(#8113,#8114,#8115,#8116,#8117,#8118));
#1628=EDGE_LOOP('',(#8119,#8120,#8121,#8122,#8123,#8124));
#1629=EDGE_LOOP('',(#8125,#8126,#8127,#8128,#8129,#8130));
#1630=EDGE_LOOP('',(#8131,#8132,#8133,#8134,#8135,#8136));
#1631=EDGE_LOOP('',(#8137,#8138,#8139,#8140,#8141,#8142));
#1632=EDGE_LOOP('',(#8143,#8144,#8145,#8146,#8147,#8148));
#1633=EDGE_LOOP('',(#8149,#8150,#8151,#8152,#8153,#8154));
#1634=EDGE_LOOP('',(#8155,#8156,#8157,#8158,#8159,#8160));
#1635=EDGE_LOOP('',(#8161,#8162,#8163,#8164,#8165,#8166));
#1636=EDGE_LOOP('',(#8167,#8168,#8169,#8170,#8171,#8172));
#1637=EDGE_LOOP('',(#8173,#8174,#8175,#8176,#8177,#8178));
#1638=EDGE_LOOP('',(#8179,#8180,#8181,#8182,#8183,#8184));
#1639=EDGE_LOOP('',(#8185,#8186,#8187,#8188,#8189,#8190));
#1640=EDGE_LOOP('',(#8191,#8192,#8193,#8194,#8195,#8196));
#1641=EDGE_LOOP('',(#8197,#8198,#8199,#8200,#8201,#8202));
#1642=EDGE_LOOP('',(#8203,#8204,#8205,#8206,#8207,#8208));
#1643=EDGE_LOOP('',(#8209,#8210,#8211,#8212,#8213,#8214));
#1644=EDGE_LOOP('',(#8215,#8216,#8217,#8218,#8219,#8220));
#1645=EDGE_LOOP('',(#8221,#8222,#8223,#8224,#8225,#8226,#8227,#8228));
#1646=EDGE_LOOP('',(#8229,#8230,#8231,#8232,#8233,#8234));
#1647=EDGE_LOOP('',(#8235,#8236,#8237,#8238,#8239,#8240,#8241,#8242));
#1648=EDGE_LOOP('',(#8243,#8244,#8245,#8246,#8247,#8248,#8249,#8250));
#1649=EDGE_LOOP('',(#8251));
#1650=EDGE_LOOP('',(#8252));
#1651=EDGE_LOOP('',(#8253));
#1652=EDGE_LOOP('',(#8254));
#1653=EDGE_LOOP('',(#8255,#8256,#8257,#8258,#8259));
#1654=EDGE_LOOP('',(#8260,#8261,#8262,#8263,#8264));
#1655=EDGE_LOOP('',(#8265));
#1656=EDGE_LOOP('',(#8266,#8267,#8268,#8269,#8270,#8271));
#1657=EDGE_LOOP('',(#8272,#8273,#8274,#8275,#8276,#8277));
#1658=EDGE_LOOP('',(#8278,#8279,#8280,#8281,#8282,#8283));
#1659=EDGE_LOOP('',(#8284,#8285,#8286,#8287,#8288,#8289));
#1660=EDGE_LOOP('',(#8290,#8291,#8292,#8293,#8294,#8295));
#1661=EDGE_LOOP('',(#8296,#8297,#8298,#8299,#8300,#8301));
#1662=EDGE_LOOP('',(#8302,#8303,#8304,#8305,#8306,#8307));
#1663=EDGE_LOOP('',(#8308,#8309,#8310,#8311,#8312,#8313));
#1664=EDGE_LOOP('',(#8314,#8315,#8316,#8317,#8318,#8319));
#1665=EDGE_LOOP('',(#8320,#8321,#8322,#8323,#8324,#8325));
#1666=EDGE_LOOP('',(#8326,#8327,#8328,#8329,#8330,#8331));
#1667=EDGE_LOOP('',(#8332,#8333,#8334,#8335,#8336,#8337));
#1668=EDGE_LOOP('',(#8338,#8339,#8340,#8341,#8342,#8343));
#1669=EDGE_LOOP('',(#8344,#8345,#8346,#8347,#8348,#8349));
#1670=EDGE_LOOP('',(#8350,#8351,#8352,#8353,#8354,#8355));
#1671=EDGE_LOOP('',(#8356,#8357,#8358,#8359,#8360,#8361));
#1672=EDGE_LOOP('',(#8362,#8363,#8364,#8365,#8366,#8367));
#1673=EDGE_LOOP('',(#8368,#8369,#8370,#8371,#8372,#8373));
#1674=EDGE_LOOP('',(#8374,#8375,#8376,#8377,#8378,#8379));
#1675=EDGE_LOOP('',(#8380,#8381,#8382,#8383,#8384,#8385));
#1676=EDGE_LOOP('',(#8386,#8387,#8388,#8389,#8390,#8391));
#1677=EDGE_LOOP('',(#8392,#8393,#8394,#8395,#8396,#8397));
#1678=EDGE_LOOP('',(#8398,#8399,#8400,#8401,#8402,#8403));
#1679=EDGE_LOOP('',(#8404,#8405,#8406,#8407,#8408,#8409));
#1680=EDGE_LOOP('',(#8410,#8411,#8412,#8413,#8414,#8415));
#1681=EDGE_LOOP('',(#8416,#8417,#8418,#8419,#8420,#8421));
#1682=EDGE_LOOP('',(#8422,#8423,#8424,#8425,#8426,#8427));
#1683=EDGE_LOOP('',(#8428,#8429,#8430,#8431,#8432,#8433));
#1684=EDGE_LOOP('',(#8434,#8435,#8436,#8437,#8438,#8439));
#1685=EDGE_LOOP('',(#8440,#8441,#8442,#8443,#8444,#8445));
#1686=EDGE_LOOP('',(#8446,#8447,#8448,#8449,#8450,#8451,#8452,#8453,#8454,
#8455,#8456,#8457));
#1687=EDGE_LOOP('',(#8458,#8459,#8460,#8461,#8462));
#1688=EDGE_LOOP('',(#8463,#8464,#8465,#8466));
#1689=EDGE_LOOP('',(#8467,#8468,#8469,#8470));
#1690=EDGE_LOOP('',(#8471,#8472,#8473,#8474));
#1691=EDGE_LOOP('',(#8475,#8476,#8477,#8478));
#1692=EDGE_LOOP('',(#8479,#8480,#8481,#8482));
#1693=EDGE_LOOP('',(#8483,#8484,#8485,#8486));
#1694=EDGE_LOOP('',(#8487,#8488,#8489,#8490));
#1695=EDGE_LOOP('',(#8491,#8492,#8493,#8494,#8495));
#1696=EDGE_LOOP('',(#8496,#8497,#8498,#8499));
#1697=EDGE_LOOP('',(#8500,#8501,#8502,#8503,#8504,#8505,#8506,#8507,#8508,
#8509,#8510,#8511,#8512,#8513,#8514,#8515,#8516,#8517,#8518,#8519,#8520,
#8521,#8522,#8523));
#1698=EDGE_LOOP('',(#8524));
#1699=EDGE_LOOP('',(#8525));
#1700=EDGE_LOOP('',(#8526));
#1701=EDGE_LOOP('',(#8527));
#1702=EDGE_LOOP('',(#8528));
#1703=EDGE_LOOP('',(#8529,#8530,#8531,#8532));
#1704=EDGE_LOOP('',(#8533,#8534,#8535,#8536,#8537));
#1705=EDGE_LOOP('',(#8538,#8539,#8540,#8541));
#1706=EDGE_LOOP('',(#8542,#8543,#8544,#8545));
#1707=EDGE_LOOP('',(#8546,#8547,#8548,#8549));
#1708=EDGE_LOOP('',(#8550,#8551,#8552,#8553));
#1709=EDGE_LOOP('',(#8554,#8555,#8556,#8557));
#1710=EDGE_LOOP('',(#8558,#8559,#8560,#8561));
#1711=EDGE_LOOP('',(#8562,#8563,#8564,#8565));
#1712=EDGE_LOOP('',(#8566,#8567,#8568,#8569,#8570));
#1713=EDGE_LOOP('',(#8571,#8572,#8573,#8574));
#1714=EDGE_LOOP('',(#8575,#8576,#8577,#8578,#8579));
#1715=EDGE_LOOP('',(#8580,#8581,#8582,#8583));
#1716=EDGE_LOOP('',(#8584,#8585,#8586,#8587));
#1717=EDGE_LOOP('',(#8588,#8589,#8590,#8591));
#1718=EDGE_LOOP('',(#8592,#8593,#8594,#8595));
#1719=EDGE_LOOP('',(#8596,#8597,#8598,#8599));
#1720=EDGE_LOOP('',(#8600,#8601,#8602,#8603));
#1721=EDGE_LOOP('',(#8604,#8605,#8606,#8607));
#1722=EDGE_LOOP('',(#8608,#8609,#8610,#8611,#8612));
#1723=EDGE_LOOP('',(#8613,#8614,#8615,#8616,#8617,#8618));
#1724=EDGE_LOOP('',(#8619,#8620,#8621,#8622,#8623,#8624));
#1725=EDGE_LOOP('',(#8625,#8626,#8627,#8628,#8629,#8630));
#1726=EDGE_LOOP('',(#8631,#8632,#8633,#8634,#8635));
#1727=EDGE_LOOP('',(#8636,#8637,#8638,#8639));
#1728=EDGE_LOOP('',(#8640,#8641,#8642,#8643,#8644));
#1729=EDGE_LOOP('',(#8645,#8646,#8647,#8648,#8649));
#1730=EDGE_LOOP('',(#8650,#8651,#8652,#8653));
#1731=EDGE_LOOP('',(#8654,#8655,#8656,#8657,#8658));
#1732=EDGE_LOOP('',(#8659,#8660,#8661,#8662,#8663));
#1733=EDGE_LOOP('',(#8664,#8665,#8666,#8667));
#1734=EDGE_LOOP('',(#8668,#8669,#8670,#8671,#8672));
#1735=EDGE_LOOP('',(#8673,#8674,#8675,#8676));
#1736=EDGE_LOOP('',(#8677,#8678,#8679,#8680));
#1737=EDGE_LOOP('',(#8681,#8682,#8683,#8684));
#1738=EDGE_LOOP('',(#8685,#8686,#8687,#8688));
#1739=EDGE_LOOP('',(#8689,#8690,#8691,#8692));
#1740=EDGE_LOOP('',(#8693,#8694,#8695,#8696));
#1741=EDGE_LOOP('',(#8697,#8698,#8699,#8700));
#1742=EDGE_LOOP('',(#8701,#8702,#8703,#8704));
#1743=EDGE_LOOP('',(#8705,#8706,#8707,#8708));
#1744=EDGE_LOOP('',(#8709,#8710,#8711,#8712));
#1745=EDGE_LOOP('',(#8713,#8714,#8715,#8716));
#1746=EDGE_LOOP('',(#8717,#8718,#8719,#8720));
#1747=EDGE_LOOP('',(#8721,#8722,#8723,#8724));
#1748=EDGE_LOOP('',(#8725,#8726,#8727,#8728));
#1749=EDGE_LOOP('',(#8729,#8730,#8731,#8732));
#1750=EDGE_LOOP('',(#8733,#8734,#8735,#8736));
#1751=EDGE_LOOP('',(#8737,#8738,#8739,#8740));
#1752=EDGE_LOOP('',(#8741,#8742,#8743,#8744));
#1753=EDGE_LOOP('',(#8745,#8746,#8747,#8748));
#1754=EDGE_LOOP('',(#8749,#8750,#8751,#8752));
#1755=EDGE_LOOP('',(#8753,#8754,#8755,#8756));
#1756=EDGE_LOOP('',(#8757,#8758,#8759,#8760));
#1757=EDGE_LOOP('',(#8761,#8762,#8763,#8764));
#1758=EDGE_LOOP('',(#8765,#8766,#8767,#8768));
#1759=EDGE_LOOP('',(#8769,#8770,#8771,#8772));
#1760=EDGE_LOOP('',(#8773,#8774,#8775,#8776));
#1761=EDGE_LOOP('',(#8777,#8778,#8779,#8780));
#1762=EDGE_LOOP('',(#8781,#8782,#8783,#8784));
#1763=EDGE_LOOP('',(#8785,#8786,#8787,#8788));
#1764=EDGE_LOOP('',(#8789,#8790,#8791,#8792));
#1765=EDGE_LOOP('',(#8793,#8794,#8795,#8796));
#1766=EDGE_LOOP('',(#8797,#8798,#8799,#8800));
#1767=EDGE_LOOP('',(#8801,#8802,#8803,#8804));
#1768=EDGE_LOOP('',(#8805,#8806,#8807,#8808));
#1769=EDGE_LOOP('',(#8809,#8810,#8811,#8812));
#1770=EDGE_LOOP('',(#8813,#8814,#8815,#8816));
#1771=EDGE_LOOP('',(#8817,#8818,#8819,#8820));
#1772=EDGE_LOOP('',(#8821,#8822,#8823,#8824));
#1773=EDGE_LOOP('',(#8825,#8826,#8827,#8828));
#1774=EDGE_LOOP('',(#8829,#8830,#8831,#8832));
#1775=EDGE_LOOP('',(#8833,#8834,#8835,#8836));
#1776=EDGE_LOOP('',(#8837,#8838,#8839,#8840));
#1777=EDGE_LOOP('',(#8841,#8842,#8843,#8844));
#1778=EDGE_LOOP('',(#8845,#8846,#8847,#8848));
#1779=EDGE_LOOP('',(#8849,#8850,#8851,#8852));
#1780=EDGE_LOOP('',(#8853,#8854,#8855,#8856));
#1781=EDGE_LOOP('',(#8857,#8858,#8859,#8860));
#1782=EDGE_LOOP('',(#8861,#8862,#8863,#8864));
#1783=EDGE_LOOP('',(#8865,#8866,#8867,#8868));
#1784=EDGE_LOOP('',(#8869,#8870,#8871,#8872));
#1785=EDGE_LOOP('',(#8873,#8874,#8875,#8876));
#1786=EDGE_LOOP('',(#8877,#8878,#8879,#8880));
#1787=EDGE_LOOP('',(#8881,#8882,#8883,#8884));
#1788=EDGE_LOOP('',(#8885,#8886,#8887,#8888));
#1789=EDGE_LOOP('',(#8889,#8890,#8891,#8892));
#1790=EDGE_LOOP('',(#8893,#8894,#8895,#8896));
#1791=EDGE_LOOP('',(#8897,#8898,#8899,#8900));
#1792=EDGE_LOOP('',(#8901,#8902,#8903,#8904));
#1793=EDGE_LOOP('',(#8905,#8906,#8907,#8908));
#1794=EDGE_LOOP('',(#8909,#8910,#8911,#8912));
#1795=EDGE_LOOP('',(#8913,#8914,#8915,#8916));
#1796=EDGE_LOOP('',(#8917,#8918,#8919,#8920));
#1797=EDGE_LOOP('',(#8921,#8922,#8923,#8924));
#1798=EDGE_LOOP('',(#8925,#8926,#8927,#8928));
#1799=EDGE_LOOP('',(#8929,#8930,#8931,#8932));
#1800=EDGE_LOOP('',(#8933,#8934,#8935,#8936));
#1801=EDGE_LOOP('',(#8937,#8938,#8939,#8940));
#1802=EDGE_LOOP('',(#8941,#8942,#8943,#8944));
#1803=EDGE_LOOP('',(#8945,#8946,#8947,#8948));
#1804=EDGE_LOOP('',(#8949,#8950,#8951,#8952));
#1805=EDGE_LOOP('',(#8953,#8954,#8955,#8956));
#1806=EDGE_LOOP('',(#8957,#8958,#8959,#8960));
#1807=EDGE_LOOP('',(#8961,#8962,#8963,#8964));
#1808=EDGE_LOOP('',(#8965,#8966,#8967,#8968));
#1809=EDGE_LOOP('',(#8969,#8970,#8971,#8972));
#1810=EDGE_LOOP('',(#8973,#8974,#8975,#8976));
#1811=EDGE_LOOP('',(#8977,#8978,#8979,#8980));
#1812=EDGE_LOOP('',(#8981,#8982,#8983,#8984));
#1813=EDGE_LOOP('',(#8985,#8986,#8987,#8988));
#1814=EDGE_LOOP('',(#8989,#8990,#8991,#8992));
#1815=EDGE_LOOP('',(#8993,#8994,#8995,#8996));
#1816=EDGE_LOOP('',(#8997,#8998,#8999,#9000));
#1817=EDGE_LOOP('',(#9001,#9002,#9003,#9004));
#1818=EDGE_LOOP('',(#9005,#9006,#9007,#9008));
#1819=EDGE_LOOP('',(#9009,#9010,#9011,#9012));
#1820=EDGE_LOOP('',(#9013,#9014,#9015,#9016));
#1821=EDGE_LOOP('',(#9017,#9018,#9019,#9020));
#1822=EDGE_LOOP('',(#9021,#9022,#9023,#9024));
#1823=EDGE_LOOP('',(#9025,#9026,#9027,#9028));
#1824=EDGE_LOOP('',(#9029,#9030,#9031,#9032));
#1825=EDGE_LOOP('',(#9033,#9034,#9035,#9036));
#1826=EDGE_LOOP('',(#9037,#9038,#9039,#9040));
#1827=EDGE_LOOP('',(#9041,#9042,#9043,#9044));
#1828=EDGE_LOOP('',(#9045,#9046,#9047,#9048));
#1829=EDGE_LOOP('',(#9049,#9050,#9051,#9052));
#1830=EDGE_LOOP('',(#9053,#9054,#9055,#9056));
#1831=EDGE_LOOP('',(#9057,#9058,#9059,#9060));
#1832=EDGE_LOOP('',(#9061,#9062,#9063,#9064));
#1833=EDGE_LOOP('',(#9065,#9066,#9067,#9068));
#1834=EDGE_LOOP('',(#9069,#9070,#9071,#9072));
#1835=EDGE_LOOP('',(#9073,#9074,#9075,#9076));
#1836=EDGE_LOOP('',(#9077,#9078,#9079,#9080));
#1837=EDGE_LOOP('',(#9081,#9082,#9083,#9084));
#1838=EDGE_LOOP('',(#9085,#9086,#9087,#9088));
#1839=EDGE_LOOP('',(#9089,#9090,#9091,#9092));
#1840=EDGE_LOOP('',(#9093,#9094,#9095,#9096));
#1841=EDGE_LOOP('',(#9097,#9098,#9099,#9100));
#1842=EDGE_LOOP('',(#9101,#9102,#9103,#9104));
#1843=EDGE_LOOP('',(#9105,#9106,#9107,#9108));
#1844=EDGE_LOOP('',(#9109,#9110,#9111,#9112));
#1845=EDGE_LOOP('',(#9113,#9114,#9115,#9116));
#1846=EDGE_LOOP('',(#9117,#9118,#9119,#9120));
#1847=EDGE_LOOP('',(#9121,#9122,#9123,#9124));
#1848=EDGE_LOOP('',(#9125,#9126,#9127,#9128));
#1849=EDGE_LOOP('',(#9129,#9130,#9131,#9132));
#1850=EDGE_LOOP('',(#9133,#9134,#9135,#9136));
#1851=EDGE_LOOP('',(#9137,#9138,#9139,#9140));
#1852=EDGE_LOOP('',(#9141,#9142,#9143,#9144));
#1853=EDGE_LOOP('',(#9145,#9146,#9147,#9148));
#1854=EDGE_LOOP('',(#9149,#9150,#9151,#9152));
#1855=EDGE_LOOP('',(#9153,#9154,#9155,#9156));
#1856=EDGE_LOOP('',(#9157,#9158,#9159,#9160));
#1857=EDGE_LOOP('',(#9161,#9162,#9163,#9164));
#1858=EDGE_LOOP('',(#9165,#9166,#9167,#9168));
#1859=EDGE_LOOP('',(#9169,#9170,#9171,#9172));
#1860=EDGE_LOOP('',(#9173,#9174,#9175,#9176));
#1861=EDGE_LOOP('',(#9177,#9178,#9179,#9180));
#1862=EDGE_LOOP('',(#9181,#9182,#9183,#9184));
#1863=EDGE_LOOP('',(#9185,#9186,#9187,#9188));
#1864=EDGE_LOOP('',(#9189,#9190,#9191,#9192));
#1865=EDGE_LOOP('',(#9193,#9194,#9195,#9196));
#1866=EDGE_LOOP('',(#9197,#9198,#9199,#9200));
#1867=EDGE_LOOP('',(#9201,#9202,#9203,#9204));
#1868=EDGE_LOOP('',(#9205,#9206,#9207,#9208));
#1869=EDGE_LOOP('',(#9209,#9210,#9211,#9212));
#1870=EDGE_LOOP('',(#9213,#9214,#9215,#9216));
#1871=EDGE_LOOP('',(#9217,#9218,#9219,#9220));
#1872=EDGE_LOOP('',(#9221,#9222,#9223,#9224));
#1873=EDGE_LOOP('',(#9225,#9226,#9227,#9228));
#1874=EDGE_LOOP('',(#9229,#9230,#9231,#9232));
#1875=EDGE_LOOP('',(#9233,#9234,#9235,#9236));
#1876=EDGE_LOOP('',(#9237,#9238,#9239,#9240));
#1877=EDGE_LOOP('',(#9241,#9242,#9243,#9244));
#1878=EDGE_LOOP('',(#9245,#9246,#9247,#9248));
#1879=LINE('',#13073,#3037);
#1880=LINE('',#13078,#3038);
#1881=LINE('',#13080,#3039);
#1882=LINE('',#13082,#3040);
#1883=LINE('',#13083,#3041);
#1884=LINE('',#13086,#3042);
#1885=LINE('',#13088,#3043);
#1886=LINE('',#13089,#3044);
#1887=LINE('',#13092,#3045);
#1888=LINE('',#13094,#3046);
#1889=LINE('',#13095,#3047);
#1890=LINE('',#13098,#3048);
#1891=LINE('',#13100,#3049);
#1892=LINE('',#13101,#3050);
#1893=LINE('',#13104,#3051);
#1894=LINE('',#13106,#3052);
#1895=LINE('',#13107,#3053);
#1896=LINE('',#13109,#3054);
#1897=LINE('',#13110,#3055);
#1898=LINE('',#13117,#3056);
#1899=LINE('',#13122,#3057);
#1900=LINE('',#13124,#3058);
#1901=LINE('',#13126,#3059);
#1902=LINE('',#13127,#3060);
#1903=LINE('',#13130,#3061);
#1904=LINE('',#13132,#3062);
#1905=LINE('',#13133,#3063);
#1906=LINE('',#13136,#3064);
#1907=LINE('',#13138,#3065);
#1908=LINE('',#13139,#3066);
#1909=LINE('',#13142,#3067);
#1910=LINE('',#13144,#3068);
#1911=LINE('',#13145,#3069);
#1912=LINE('',#13148,#3070);
#1913=LINE('',#13150,#3071);
#1914=LINE('',#13151,#3072);
#1915=LINE('',#13153,#3073);
#1916=LINE('',#13154,#3074);
#1917=LINE('',#13161,#3075);
#1918=LINE('',#13166,#3076);
#1919=LINE('',#13168,#3077);
#1920=LINE('',#13170,#3078);
#1921=LINE('',#13171,#3079);
#1922=LINE('',#13174,#3080);
#1923=LINE('',#13176,#3081);
#1924=LINE('',#13177,#3082);
#1925=LINE('',#13180,#3083);
#1926=LINE('',#13182,#3084);
#1927=LINE('',#13183,#3085);
#1928=LINE('',#13186,#3086);
#1929=LINE('',#13188,#3087);
#1930=LINE('',#13189,#3088);
#1931=LINE('',#13192,#3089);
#1932=LINE('',#13194,#3090);
#1933=LINE('',#13195,#3091);
#1934=LINE('',#13197,#3092);
#1935=LINE('',#13198,#3093);
#1936=LINE('',#13205,#3094);
#1937=LINE('',#13210,#3095);
#1938=LINE('',#13212,#3096);
#1939=LINE('',#13214,#3097);
#1940=LINE('',#13215,#3098);
#1941=LINE('',#13218,#3099);
#1942=LINE('',#13220,#3100);
#1943=LINE('',#13221,#3101);
#1944=LINE('',#13224,#3102);
#1945=LINE('',#13226,#3103);
#1946=LINE('',#13227,#3104);
#1947=LINE('',#13230,#3105);
#1948=LINE('',#13232,#3106);
#1949=LINE('',#13233,#3107);
#1950=LINE('',#13236,#3108);
#1951=LINE('',#13238,#3109);
#1952=LINE('',#13239,#3110);
#1953=LINE('',#13241,#3111);
#1954=LINE('',#13242,#3112);
#1955=LINE('',#13249,#3113);
#1956=LINE('',#13254,#3114);
#1957=LINE('',#13256,#3115);
#1958=LINE('',#13258,#3116);
#1959=LINE('',#13259,#3117);
#1960=LINE('',#13262,#3118);
#1961=LINE('',#13264,#3119);
#1962=LINE('',#13265,#3120);
#1963=LINE('',#13268,#3121);
#1964=LINE('',#13270,#3122);
#1965=LINE('',#13271,#3123);
#1966=LINE('',#13274,#3124);
#1967=LINE('',#13276,#3125);
#1968=LINE('',#13277,#3126);
#1969=LINE('',#13280,#3127);
#1970=LINE('',#13282,#3128);
#1971=LINE('',#13283,#3129);
#1972=LINE('',#13285,#3130);
#1973=LINE('',#13286,#3131);
#1974=LINE('',#13293,#3132);
#1975=LINE('',#13298,#3133);
#1976=LINE('',#13300,#3134);
#1977=LINE('',#13302,#3135);
#1978=LINE('',#13303,#3136);
#1979=LINE('',#13306,#3137);
#1980=LINE('',#13308,#3138);
#1981=LINE('',#13309,#3139);
#1982=LINE('',#13312,#3140);
#1983=LINE('',#13314,#3141);
#1984=LINE('',#13315,#3142);
#1985=LINE('',#13318,#3143);
#1986=LINE('',#13320,#3144);
#1987=LINE('',#13321,#3145);
#1988=LINE('',#13324,#3146);
#1989=LINE('',#13326,#3147);
#1990=LINE('',#13327,#3148);
#1991=LINE('',#13329,#3149);
#1992=LINE('',#13330,#3150);
#1993=LINE('',#13337,#3151);
#1994=LINE('',#13342,#3152);
#1995=LINE('',#13344,#3153);
#1996=LINE('',#13346,#3154);
#1997=LINE('',#13347,#3155);
#1998=LINE('',#13350,#3156);
#1999=LINE('',#13352,#3157);
#2000=LINE('',#13353,#3158);
#2001=LINE('',#13356,#3159);
#2002=LINE('',#13358,#3160);
#2003=LINE('',#13359,#3161);
#2004=LINE('',#13362,#3162);
#2005=LINE('',#13364,#3163);
#2006=LINE('',#13365,#3164);
#2007=LINE('',#13368,#3165);
#2008=LINE('',#13370,#3166);
#2009=LINE('',#13371,#3167);
#2010=LINE('',#13373,#3168);
#2011=LINE('',#13374,#3169);
#2012=LINE('',#13381,#3170);
#2013=LINE('',#13386,#3171);
#2014=LINE('',#13388,#3172);
#2015=LINE('',#13390,#3173);
#2016=LINE('',#13391,#3174);
#2017=LINE('',#13394,#3175);
#2018=LINE('',#13396,#3176);
#2019=LINE('',#13397,#3177);
#2020=LINE('',#13400,#3178);
#2021=LINE('',#13402,#3179);
#2022=LINE('',#13403,#3180);
#2023=LINE('',#13406,#3181);
#2024=LINE('',#13408,#3182);
#2025=LINE('',#13409,#3183);
#2026=LINE('',#13412,#3184);
#2027=LINE('',#13414,#3185);
#2028=LINE('',#13415,#3186);
#2029=LINE('',#13417,#3187);
#2030=LINE('',#13418,#3188);
#2031=LINE('',#13425,#3189);
#2032=LINE('',#13430,#3190);
#2033=LINE('',#13432,#3191);
#2034=LINE('',#13434,#3192);
#2035=LINE('',#13435,#3193);
#2036=LINE('',#13438,#3194);
#2037=LINE('',#13440,#3195);
#2038=LINE('',#13441,#3196);
#2039=LINE('',#13444,#3197);
#2040=LINE('',#13446,#3198);
#2041=LINE('',#13447,#3199);
#2042=LINE('',#13450,#3200);
#2043=LINE('',#13452,#3201);
#2044=LINE('',#13453,#3202);
#2045=LINE('',#13456,#3203);
#2046=LINE('',#13458,#3204);
#2047=LINE('',#13459,#3205);
#2048=LINE('',#13461,#3206);
#2049=LINE('',#13462,#3207);
#2050=LINE('',#13469,#3208);
#2051=LINE('',#13474,#3209);
#2052=LINE('',#13476,#3210);
#2053=LINE('',#13478,#3211);
#2054=LINE('',#13479,#3212);
#2055=LINE('',#13482,#3213);
#2056=LINE('',#13484,#3214);
#2057=LINE('',#13485,#3215);
#2058=LINE('',#13488,#3216);
#2059=LINE('',#13490,#3217);
#2060=LINE('',#13491,#3218);
#2061=LINE('',#13494,#3219);
#2062=LINE('',#13496,#3220);
#2063=LINE('',#13497,#3221);
#2064=LINE('',#13500,#3222);
#2065=LINE('',#13502,#3223);
#2066=LINE('',#13503,#3224);
#2067=LINE('',#13505,#3225);
#2068=LINE('',#13506,#3226);
#2069=LINE('',#13513,#3227);
#2070=LINE('',#13518,#3228);
#2071=LINE('',#13520,#3229);
#2072=LINE('',#13522,#3230);
#2073=LINE('',#13523,#3231);
#2074=LINE('',#13526,#3232);
#2075=LINE('',#13528,#3233);
#2076=LINE('',#13529,#3234);
#2077=LINE('',#13532,#3235);
#2078=LINE('',#13534,#3236);
#2079=LINE('',#13535,#3237);
#2080=LINE('',#13538,#3238);
#2081=LINE('',#13540,#3239);
#2082=LINE('',#13541,#3240);
#2083=LINE('',#13544,#3241);
#2084=LINE('',#13546,#3242);
#2085=LINE('',#13547,#3243);
#2086=LINE('',#13549,#3244);
#2087=LINE('',#13550,#3245);
#2088=LINE('',#13557,#3246);
#2089=LINE('',#13562,#3247);
#2090=LINE('',#13564,#3248);
#2091=LINE('',#13566,#3249);
#2092=LINE('',#13567,#3250);
#2093=LINE('',#13570,#3251);
#2094=LINE('',#13572,#3252);
#2095=LINE('',#13573,#3253);
#2096=LINE('',#13576,#3254);
#2097=LINE('',#13578,#3255);
#2098=LINE('',#13579,#3256);
#2099=LINE('',#13582,#3257);
#2100=LINE('',#13584,#3258);
#2101=LINE('',#13585,#3259);
#2102=LINE('',#13588,#3260);
#2103=LINE('',#13590,#3261);
#2104=LINE('',#13591,#3262);
#2105=LINE('',#13593,#3263);
#2106=LINE('',#13594,#3264);
#2107=LINE('',#13601,#3265);
#2108=LINE('',#13606,#3266);
#2109=LINE('',#13608,#3267);
#2110=LINE('',#13610,#3268);
#2111=LINE('',#13611,#3269);
#2112=LINE('',#13614,#3270);
#2113=LINE('',#13616,#3271);
#2114=LINE('',#13617,#3272);
#2115=LINE('',#13620,#3273);
#2116=LINE('',#13622,#3274);
#2117=LINE('',#13623,#3275);
#2118=LINE('',#13626,#3276);
#2119=LINE('',#13628,#3277);
#2120=LINE('',#13629,#3278);
#2121=LINE('',#13632,#3279);
#2122=LINE('',#13634,#3280);
#2123=LINE('',#13635,#3281);
#2124=LINE('',#13637,#3282);
#2125=LINE('',#13638,#3283);
#2126=LINE('',#13645,#3284);
#2127=LINE('',#13650,#3285);
#2128=LINE('',#13652,#3286);
#2129=LINE('',#13654,#3287);
#2130=LINE('',#13655,#3288);
#2131=LINE('',#13658,#3289);
#2132=LINE('',#13660,#3290);
#2133=LINE('',#13661,#3291);
#2134=LINE('',#13664,#3292);
#2135=LINE('',#13666,#3293);
#2136=LINE('',#13667,#3294);
#2137=LINE('',#13670,#3295);
#2138=LINE('',#13672,#3296);
#2139=LINE('',#13673,#3297);
#2140=LINE('',#13676,#3298);
#2141=LINE('',#13678,#3299);
#2142=LINE('',#13679,#3300);
#2143=LINE('',#13681,#3301);
#2144=LINE('',#13682,#3302);
#2145=LINE('',#13689,#3303);
#2146=LINE('',#13694,#3304);
#2147=LINE('',#13696,#3305);
#2148=LINE('',#13698,#3306);
#2149=LINE('',#13699,#3307);
#2150=LINE('',#13702,#3308);
#2151=LINE('',#13704,#3309);
#2152=LINE('',#13705,#3310);
#2153=LINE('',#13708,#3311);
#2154=LINE('',#13710,#3312);
#2155=LINE('',#13711,#3313);
#2156=LINE('',#13714,#3314);
#2157=LINE('',#13716,#3315);
#2158=LINE('',#13717,#3316);
#2159=LINE('',#13720,#3317);
#2160=LINE('',#13722,#3318);
#2161=LINE('',#13723,#3319);
#2162=LINE('',#13725,#3320);
#2163=LINE('',#13726,#3321);
#2164=LINE('',#13733,#3322);
#2165=LINE('',#13738,#3323);
#2166=LINE('',#13740,#3324);
#2167=LINE('',#13742,#3325);
#2168=LINE('',#13743,#3326);
#2169=LINE('',#13746,#3327);
#2170=LINE('',#13748,#3328);
#2171=LINE('',#13749,#3329);
#2172=LINE('',#13752,#3330);
#2173=LINE('',#13754,#3331);
#2174=LINE('',#13755,#3332);
#2175=LINE('',#13758,#3333);
#2176=LINE('',#13760,#3334);
#2177=LINE('',#13761,#3335);
#2178=LINE('',#13764,#3336);
#2179=LINE('',#13766,#3337);
#2180=LINE('',#13767,#3338);
#2181=LINE('',#13769,#3339);
#2182=LINE('',#13770,#3340);
#2183=LINE('',#13777,#3341);
#2184=LINE('',#13782,#3342);
#2185=LINE('',#13784,#3343);
#2186=LINE('',#13786,#3344);
#2187=LINE('',#13787,#3345);
#2188=LINE('',#13790,#3346);
#2189=LINE('',#13792,#3347);
#2190=LINE('',#13793,#3348);
#2191=LINE('',#13796,#3349);
#2192=LINE('',#13798,#3350);
#2193=LINE('',#13799,#3351);
#2194=LINE('',#13802,#3352);
#2195=LINE('',#13804,#3353);
#2196=LINE('',#13805,#3354);
#2197=LINE('',#13808,#3355);
#2198=LINE('',#13810,#3356);
#2199=LINE('',#13811,#3357);
#2200=LINE('',#13813,#3358);
#2201=LINE('',#13814,#3359);
#2202=LINE('',#13821,#3360);
#2203=LINE('',#13826,#3361);
#2204=LINE('',#13828,#3362);
#2205=LINE('',#13830,#3363);
#2206=LINE('',#13831,#3364);
#2207=LINE('',#13834,#3365);
#2208=LINE('',#13836,#3366);
#2209=LINE('',#13837,#3367);
#2210=LINE('',#13840,#3368);
#2211=LINE('',#13842,#3369);
#2212=LINE('',#13843,#3370);
#2213=LINE('',#13846,#3371);
#2214=LINE('',#13848,#3372);
#2215=LINE('',#13849,#3373);
#2216=LINE('',#13852,#3374);
#2217=LINE('',#13854,#3375);
#2218=LINE('',#13855,#3376);
#2219=LINE('',#13857,#3377);
#2220=LINE('',#13858,#3378);
#2221=LINE('',#13865,#3379);
#2222=LINE('',#13870,#3380);
#2223=LINE('',#13872,#3381);
#2224=LINE('',#13874,#3382);
#2225=LINE('',#13875,#3383);
#2226=LINE('',#13878,#3384);
#2227=LINE('',#13880,#3385);
#2228=LINE('',#13881,#3386);
#2229=LINE('',#13884,#3387);
#2230=LINE('',#13886,#3388);
#2231=LINE('',#13887,#3389);
#2232=LINE('',#13890,#3390);
#2233=LINE('',#13892,#3391);
#2234=LINE('',#13893,#3392);
#2235=LINE('',#13896,#3393);
#2236=LINE('',#13898,#3394);
#2237=LINE('',#13899,#3395);
#2238=LINE('',#13901,#3396);
#2239=LINE('',#13902,#3397);
#2240=LINE('',#13909,#3398);
#2241=LINE('',#13914,#3399);
#2242=LINE('',#13916,#3400);
#2243=LINE('',#13918,#3401);
#2244=LINE('',#13919,#3402);
#2245=LINE('',#13922,#3403);
#2246=LINE('',#13924,#3404);
#2247=LINE('',#13925,#3405);
#2248=LINE('',#13928,#3406);
#2249=LINE('',#13930,#3407);
#2250=LINE('',#13931,#3408);
#2251=LINE('',#13934,#3409);
#2252=LINE('',#13936,#3410);
#2253=LINE('',#13937,#3411);
#2254=LINE('',#13940,#3412);
#2255=LINE('',#13942,#3413);
#2256=LINE('',#13943,#3414);
#2257=LINE('',#13945,#3415);
#2258=LINE('',#13946,#3416);
#2259=LINE('',#13953,#3417);
#2260=LINE('',#13958,#3418);
#2261=LINE('',#13960,#3419);
#2262=LINE('',#13962,#3420);
#2263=LINE('',#13963,#3421);
#2264=LINE('',#13966,#3422);
#2265=LINE('',#13968,#3423);
#2266=LINE('',#13969,#3424);
#2267=LINE('',#13972,#3425);
#2268=LINE('',#13974,#3426);
#2269=LINE('',#13975,#3427);
#2270=LINE('',#13978,#3428);
#2271=LINE('',#13980,#3429);
#2272=LINE('',#13981,#3430);
#2273=LINE('',#13984,#3431);
#2274=LINE('',#13986,#3432);
#2275=LINE('',#13987,#3433);
#2276=LINE('',#13989,#3434);
#2277=LINE('',#13990,#3435);
#2278=LINE('',#13997,#3436);
#2279=LINE('',#14002,#3437);
#2280=LINE('',#14004,#3438);
#2281=LINE('',#14006,#3439);
#2282=LINE('',#14007,#3440);
#2283=LINE('',#14010,#3441);
#2284=LINE('',#14012,#3442);
#2285=LINE('',#14013,#3443);
#2286=LINE('',#14016,#3444);
#2287=LINE('',#14018,#3445);
#2288=LINE('',#14019,#3446);
#2289=LINE('',#14022,#3447);
#2290=LINE('',#14024,#3448);
#2291=LINE('',#14025,#3449);
#2292=LINE('',#14028,#3450);
#2293=LINE('',#14030,#3451);
#2294=LINE('',#14031,#3452);
#2295=LINE('',#14033,#3453);
#2296=LINE('',#14034,#3454);
#2297=LINE('',#14041,#3455);
#2298=LINE('',#14046,#3456);
#2299=LINE('',#14048,#3457);
#2300=LINE('',#14050,#3458);
#2301=LINE('',#14051,#3459);
#2302=LINE('',#14054,#3460);
#2303=LINE('',#14056,#3461);
#2304=LINE('',#14057,#3462);
#2305=LINE('',#14060,#3463);
#2306=LINE('',#14062,#3464);
#2307=LINE('',#14063,#3465);
#2308=LINE('',#14066,#3466);
#2309=LINE('',#14068,#3467);
#2310=LINE('',#14069,#3468);
#2311=LINE('',#14072,#3469);
#2312=LINE('',#14074,#3470);
#2313=LINE('',#14075,#3471);
#2314=LINE('',#14077,#3472);
#2315=LINE('',#14078,#3473);
#2316=LINE('',#14085,#3474);
#2317=LINE('',#14090,#3475);
#2318=LINE('',#14092,#3476);
#2319=LINE('',#14094,#3477);
#2320=LINE('',#14095,#3478);
#2321=LINE('',#14098,#3479);
#2322=LINE('',#14100,#3480);
#2323=LINE('',#14101,#3481);
#2324=LINE('',#14104,#3482);
#2325=LINE('',#14106,#3483);
#2326=LINE('',#14107,#3484);
#2327=LINE('',#14110,#3485);
#2328=LINE('',#14112,#3486);
#2329=LINE('',#14113,#3487);
#2330=LINE('',#14116,#3488);
#2331=LINE('',#14118,#3489);
#2332=LINE('',#14119,#3490);
#2333=LINE('',#14121,#3491);
#2334=LINE('',#14122,#3492);
#2335=LINE('',#14129,#3493);
#2336=LINE('',#14134,#3494);
#2337=LINE('',#14136,#3495);
#2338=LINE('',#14138,#3496);
#2339=LINE('',#14139,#3497);
#2340=LINE('',#14142,#3498);
#2341=LINE('',#14144,#3499);
#2342=LINE('',#14145,#3500);
#2343=LINE('',#14148,#3501);
#2344=LINE('',#14150,#3502);
#2345=LINE('',#14151,#3503);
#2346=LINE('',#14154,#3504);
#2347=LINE('',#14156,#3505);
#2348=LINE('',#14157,#3506);
#2349=LINE('',#14160,#3507);
#2350=LINE('',#14162,#3508);
#2351=LINE('',#14163,#3509);
#2352=LINE('',#14165,#3510);
#2353=LINE('',#14166,#3511);
#2354=LINE('',#14173,#3512);
#2355=LINE('',#14178,#3513);
#2356=LINE('',#14180,#3514);
#2357=LINE('',#14182,#3515);
#2358=LINE('',#14183,#3516);
#2359=LINE('',#14186,#3517);
#2360=LINE('',#14188,#3518);
#2361=LINE('',#14189,#3519);
#2362=LINE('',#14192,#3520);
#2363=LINE('',#14194,#3521);
#2364=LINE('',#14195,#3522);
#2365=LINE('',#14198,#3523);
#2366=LINE('',#14200,#3524);
#2367=LINE('',#14201,#3525);
#2368=LINE('',#14204,#3526);
#2369=LINE('',#14206,#3527);
#2370=LINE('',#14207,#3528);
#2371=LINE('',#14209,#3529);
#2372=LINE('',#14210,#3530);
#2373=LINE('',#14217,#3531);
#2374=LINE('',#14222,#3532);
#2375=LINE('',#14224,#3533);
#2376=LINE('',#14226,#3534);
#2377=LINE('',#14227,#3535);
#2378=LINE('',#14230,#3536);
#2379=LINE('',#14232,#3537);
#2380=LINE('',#14233,#3538);
#2381=LINE('',#14236,#3539);
#2382=LINE('',#14238,#3540);
#2383=LINE('',#14239,#3541);
#2384=LINE('',#14242,#3542);
#2385=LINE('',#14244,#3543);
#2386=LINE('',#14245,#3544);
#2387=LINE('',#14248,#3545);
#2388=LINE('',#14250,#3546);
#2389=LINE('',#14251,#3547);
#2390=LINE('',#14253,#3548);
#2391=LINE('',#14254,#3549);
#2392=LINE('',#14261,#3550);
#2393=LINE('',#14266,#3551);
#2394=LINE('',#14268,#3552);
#2395=LINE('',#14270,#3553);
#2396=LINE('',#14271,#3554);
#2397=LINE('',#14274,#3555);
#2398=LINE('',#14276,#3556);
#2399=LINE('',#14277,#3557);
#2400=LINE('',#14280,#3558);
#2401=LINE('',#14282,#3559);
#2402=LINE('',#14283,#3560);
#2403=LINE('',#14286,#3561);
#2404=LINE('',#14288,#3562);
#2405=LINE('',#14289,#3563);
#2406=LINE('',#14292,#3564);
#2407=LINE('',#14294,#3565);
#2408=LINE('',#14295,#3566);
#2409=LINE('',#14297,#3567);
#2410=LINE('',#14298,#3568);
#2411=LINE('',#14305,#3569);
#2412=LINE('',#14310,#3570);
#2413=LINE('',#14312,#3571);
#2414=LINE('',#14314,#3572);
#2415=LINE('',#14315,#3573);
#2416=LINE('',#14318,#3574);
#2417=LINE('',#14320,#3575);
#2418=LINE('',#14321,#3576);
#2419=LINE('',#14324,#3577);
#2420=LINE('',#14326,#3578);
#2421=LINE('',#14327,#3579);
#2422=LINE('',#14330,#3580);
#2423=LINE('',#14332,#3581);
#2424=LINE('',#14333,#3582);
#2425=LINE('',#14336,#3583);
#2426=LINE('',#14338,#3584);
#2427=LINE('',#14339,#3585);
#2428=LINE('',#14341,#3586);
#2429=LINE('',#14342,#3587);
#2430=LINE('',#14349,#3588);
#2431=LINE('',#14354,#3589);
#2432=LINE('',#14356,#3590);
#2433=LINE('',#14358,#3591);
#2434=LINE('',#14359,#3592);
#2435=LINE('',#14362,#3593);
#2436=LINE('',#14364,#3594);
#2437=LINE('',#14365,#3595);
#2438=LINE('',#14368,#3596);
#2439=LINE('',#14370,#3597);
#2440=LINE('',#14371,#3598);
#2441=LINE('',#14374,#3599);
#2442=LINE('',#14376,#3600);
#2443=LINE('',#14377,#3601);
#2444=LINE('',#14380,#3602);
#2445=LINE('',#14382,#3603);
#2446=LINE('',#14383,#3604);
#2447=LINE('',#14385,#3605);
#2448=LINE('',#14386,#3606);
#2449=LINE('',#14393,#3607);
#2450=LINE('',#14399,#3608);
#2451=LINE('',#14405,#3609);
#2452=LINE('',#14411,#3610);
#2453=LINE('',#14417,#3611);
#2454=LINE('',#14422,#3612);
#2455=LINE('',#14424,#3613);
#2456=LINE('',#14426,#3614);
#2457=LINE('',#14427,#3615);
#2458=LINE('',#14431,#3616);
#2459=LINE('',#14433,#3617);
#2460=LINE('',#14435,#3618);
#2461=LINE('',#14436,#3619);
#2462=LINE('',#14440,#3620);
#2463=LINE('',#14441,#3621);
#2464=LINE('',#14442,#3622);
#2465=LINE('',#14445,#3623);
#2466=LINE('',#14447,#3624);
#2467=LINE('',#14448,#3625);
#2468=LINE('',#14452,#3626);
#2469=LINE('',#14454,#3627);
#2470=LINE('',#14456,#3628);
#2471=LINE('',#14457,#3629);
#2472=LINE('',#14461,#3630);
#2473=LINE('',#14462,#3631);
#2474=LINE('',#14463,#3632);
#2475=LINE('',#14466,#3633);
#2476=LINE('',#14468,#3634);
#2477=LINE('',#14469,#3635);
#2478=LINE('',#14473,#3636);
#2479=LINE('',#14475,#3637);
#2480=LINE('',#14477,#3638);
#2481=LINE('',#14478,#3639);
#2482=LINE('',#14482,#3640);
#2483=LINE('',#14483,#3641);
#2484=LINE('',#14484,#3642);
#2485=LINE('',#14487,#3643);
#2486=LINE('',#14489,#3644);
#2487=LINE('',#14490,#3645);
#2488=LINE('',#14494,#3646);
#2489=LINE('',#14496,#3647);
#2490=LINE('',#14498,#3648);
#2491=LINE('',#14499,#3649);
#2492=LINE('',#14503,#3650);
#2493=LINE('',#14504,#3651);
#2494=LINE('',#14505,#3652);
#2495=LINE('',#14508,#3653);
#2496=LINE('',#14510,#3654);
#2497=LINE('',#14511,#3655);
#2498=LINE('',#14515,#3656);
#2499=LINE('',#14517,#3657);
#2500=LINE('',#14519,#3658);
#2501=LINE('',#14520,#3659);
#2502=LINE('',#14524,#3660);
#2503=LINE('',#14525,#3661);
#2504=LINE('',#14526,#3662);
#2505=LINE('',#14529,#3663);
#2506=LINE('',#14531,#3664);
#2507=LINE('',#14532,#3665);
#2508=LINE('',#14536,#3666);
#2509=LINE('',#14538,#3667);
#2510=LINE('',#14540,#3668);
#2511=LINE('',#14541,#3669);
#2512=LINE('',#14545,#3670);
#2513=LINE('',#14546,#3671);
#2514=LINE('',#14547,#3672);
#2515=LINE('',#14550,#3673);
#2516=LINE('',#14552,#3674);
#2517=LINE('',#14553,#3675);
#2518=LINE('',#14557,#3676);
#2519=LINE('',#14559,#3677);
#2520=LINE('',#14561,#3678);
#2521=LINE('',#14562,#3679);
#2522=LINE('',#14566,#3680);
#2523=LINE('',#14567,#3681);
#2524=LINE('',#14568,#3682);
#2525=LINE('',#14571,#3683);
#2526=LINE('',#14573,#3684);
#2527=LINE('',#14574,#3685);
#2528=LINE('',#14578,#3686);
#2529=LINE('',#14580,#3687);
#2530=LINE('',#14582,#3688);
#2531=LINE('',#14583,#3689);
#2532=LINE('',#14587,#3690);
#2533=LINE('',#14588,#3691);
#2534=LINE('',#14589,#3692);
#2535=LINE('',#14592,#3693);
#2536=LINE('',#14594,#3694);
#2537=LINE('',#14595,#3695);
#2538=LINE('',#14599,#3696);
#2539=LINE('',#14601,#3697);
#2540=LINE('',#14603,#3698);
#2541=LINE('',#14604,#3699);
#2542=LINE('',#14608,#3700);
#2543=LINE('',#14609,#3701);
#2544=LINE('',#14610,#3702);
#2545=LINE('',#14613,#3703);
#2546=LINE('',#14615,#3704);
#2547=LINE('',#14616,#3705);
#2548=LINE('',#14620,#3706);
#2549=LINE('',#14622,#3707);
#2550=LINE('',#14624,#3708);
#2551=LINE('',#14625,#3709);
#2552=LINE('',#14629,#3710);
#2553=LINE('',#14630,#3711);
#2554=LINE('',#14631,#3712);
#2555=LINE('',#14634,#3713);
#2556=LINE('',#14636,#3714);
#2557=LINE('',#14637,#3715);
#2558=LINE('',#14641,#3716);
#2559=LINE('',#14643,#3717);
#2560=LINE('',#14645,#3718);
#2561=LINE('',#14646,#3719);
#2562=LINE('',#14650,#3720);
#2563=LINE('',#14651,#3721);
#2564=LINE('',#14652,#3722);
#2565=LINE('',#14655,#3723);
#2566=LINE('',#14657,#3724);
#2567=LINE('',#14658,#3725);
#2568=LINE('',#14662,#3726);
#2569=LINE('',#14664,#3727);
#2570=LINE('',#14666,#3728);
#2571=LINE('',#14667,#3729);
#2572=LINE('',#14671,#3730);
#2573=LINE('',#14672,#3731);
#2574=LINE('',#14673,#3732);
#2575=LINE('',#14676,#3733);
#2576=LINE('',#14678,#3734);
#2577=LINE('',#14679,#3735);
#2578=LINE('',#14683,#3736);
#2579=LINE('',#14685,#3737);
#2580=LINE('',#14687,#3738);
#2581=LINE('',#14688,#3739);
#2582=LINE('',#14692,#3740);
#2583=LINE('',#14693,#3741);
#2584=LINE('',#14694,#3742);
#2585=LINE('',#14697,#3743);
#2586=LINE('',#14699,#3744);
#2587=LINE('',#14700,#3745);
#2588=LINE('',#14704,#3746);
#2589=LINE('',#14706,#3747);
#2590=LINE('',#14708,#3748);
#2591=LINE('',#14709,#3749);
#2592=LINE('',#14713,#3750);
#2593=LINE('',#14714,#3751);
#2594=LINE('',#14715,#3752);
#2595=LINE('',#14718,#3753);
#2596=LINE('',#14720,#3754);
#2597=LINE('',#14721,#3755);
#2598=LINE('',#14725,#3756);
#2599=LINE('',#14727,#3757);
#2600=LINE('',#14729,#3758);
#2601=LINE('',#14730,#3759);
#2602=LINE('',#14734,#3760);
#2603=LINE('',#14735,#3761);
#2604=LINE('',#14736,#3762);
#2605=LINE('',#14739,#3763);
#2606=LINE('',#14741,#3764);
#2607=LINE('',#14742,#3765);
#2608=LINE('',#14746,#3766);
#2609=LINE('',#14748,#3767);
#2610=LINE('',#14750,#3768);
#2611=LINE('',#14751,#3769);
#2612=LINE('',#14753,#3770);
#2613=LINE('',#14754,#3771);
#2614=LINE('',#14759,#3772);
#2615=LINE('',#14761,#3773);
#2616=LINE('',#14762,#3774);
#2617=LINE('',#14764,#3775);
#2618=LINE('',#14766,#3776);
#2619=LINE('',#14767,#3777);
#2620=LINE('',#14769,#3778);
#2621=LINE('',#14771,#3779);
#2622=LINE('',#14772,#3780);
#2623=LINE('',#14775,#3781);
#2624=LINE('',#14777,#3782);
#2625=LINE('',#14779,#3783);
#2626=LINE('',#14781,#3784);
#2627=LINE('',#14783,#3785);
#2628=LINE('',#14784,#3786);
#2629=LINE('',#14786,#3787);
#2630=LINE('',#14788,#3788);
#2631=LINE('',#14789,#3789);
#2632=LINE('',#14792,#3790);
#2633=LINE('',#14794,#3791);
#2634=LINE('',#14796,#3792);
#2635=LINE('',#14798,#3793);
#2636=LINE('',#14800,#3794);
#2637=LINE('',#14801,#3795);
#2638=LINE('',#14803,#3796);
#2639=LINE('',#14805,#3797);
#2640=LINE('',#14806,#3798);
#2641=LINE('',#14809,#3799);
#2642=LINE('',#14811,#3800);
#2643=LINE('',#14813,#3801);
#2644=LINE('',#14815,#3802);
#2645=LINE('',#14817,#3803);
#2646=LINE('',#14818,#3804);
#2647=LINE('',#14820,#3805);
#2648=LINE('',#14822,#3806);
#2649=LINE('',#14823,#3807);
#2650=LINE('',#14826,#3808);
#2651=LINE('',#14828,#3809);
#2652=LINE('',#14830,#3810);
#2653=LINE('',#14832,#3811);
#2654=LINE('',#14834,#3812);
#2655=LINE('',#14835,#3813);
#2656=LINE('',#14837,#3814);
#2657=LINE('',#14839,#3815);
#2658=LINE('',#14840,#3816);
#2659=LINE('',#14843,#3817);
#2660=LINE('',#14845,#3818);
#2661=LINE('',#14847,#3819);
#2662=LINE('',#14849,#3820);
#2663=LINE('',#14851,#3821);
#2664=LINE('',#14852,#3822);
#2665=LINE('',#14854,#3823);
#2666=LINE('',#14856,#3824);
#2667=LINE('',#14857,#3825);
#2668=LINE('',#14860,#3826);
#2669=LINE('',#14862,#3827);
#2670=LINE('',#14864,#3828);
#2671=LINE('',#14866,#3829);
#2672=LINE('',#14868,#3830);
#2673=LINE('',#14869,#3831);
#2674=LINE('',#14871,#3832);
#2675=LINE('',#14873,#3833);
#2676=LINE('',#14874,#3834);
#2677=LINE('',#14877,#3835);
#2678=LINE('',#14879,#3836);
#2679=LINE('',#14881,#3837);
#2680=LINE('',#14883,#3838);
#2681=LINE('',#14885,#3839);
#2682=LINE('',#14886,#3840);
#2683=LINE('',#14888,#3841);
#2684=LINE('',#14890,#3842);
#2685=LINE('',#14891,#3843);
#2686=LINE('',#14894,#3844);
#2687=LINE('',#14896,#3845);
#2688=LINE('',#14898,#3846);
#2689=LINE('',#14900,#3847);
#2690=LINE('',#14902,#3848);
#2691=LINE('',#14903,#3849);
#2692=LINE('',#14905,#3850);
#2693=LINE('',#14907,#3851);
#2694=LINE('',#14908,#3852);
#2695=LINE('',#14911,#3853);
#2696=LINE('',#14913,#3854);
#2697=LINE('',#14915,#3855);
#2698=LINE('',#14917,#3856);
#2699=LINE('',#14919,#3857);
#2700=LINE('',#14920,#3858);
#2701=LINE('',#14922,#3859);
#2702=LINE('',#14924,#3860);
#2703=LINE('',#14925,#3861);
#2704=LINE('',#14928,#3862);
#2705=LINE('',#14930,#3863);
#2706=LINE('',#14932,#3864);
#2707=LINE('',#14934,#3865);
#2708=LINE('',#14936,#3866);
#2709=LINE('',#14937,#3867);
#2710=LINE('',#14939,#3868);
#2711=LINE('',#14941,#3869);
#2712=LINE('',#14942,#3870);
#2713=LINE('',#14945,#3871);
#2714=LINE('',#14947,#3872);
#2715=LINE('',#14949,#3873);
#2716=LINE('',#14951,#3874);
#2717=LINE('',#14953,#3875);
#2718=LINE('',#14954,#3876);
#2719=LINE('',#14956,#3877);
#2720=LINE('',#14958,#3878);
#2721=LINE('',#14959,#3879);
#2722=LINE('',#14962,#3880);
#2723=LINE('',#14964,#3881);
#2724=LINE('',#14966,#3882);
#2725=LINE('',#14968,#3883);
#2726=LINE('',#14970,#3884);
#2727=LINE('',#14971,#3885);
#2728=LINE('',#14973,#3886);
#2729=LINE('',#14975,#3887);
#2730=LINE('',#14976,#3888);
#2731=LINE('',#14979,#3889);
#2732=LINE('',#14981,#3890);
#2733=LINE('',#14983,#3891);
#2734=LINE('',#14985,#3892);
#2735=LINE('',#14987,#3893);
#2736=LINE('',#14988,#3894);
#2737=LINE('',#14990,#3895);
#2738=LINE('',#14992,#3896);
#2739=LINE('',#14993,#3897);
#2740=LINE('',#15002,#3898);
#2741=LINE('',#15009,#3899);
#2742=LINE('',#15012,#3900);
#2743=LINE('',#15014,#3901);
#2744=LINE('',#15016,#3902);
#2745=LINE('',#15018,#3903);
#2746=LINE('',#15020,#3904);
#2747=LINE('',#15021,#3905);
#2748=LINE('',#15024,#3906);
#2749=LINE('',#15032,#3907);
#2750=LINE('',#15040,#3908);
#2751=LINE('',#15048,#3909);
#2752=LINE('',#15056,#3910);
#2753=LINE('',#15066,#3911);
#2754=LINE('',#15068,#3912);
#2755=LINE('',#15069,#3913);
#2756=LINE('',#15072,#3914);
#2757=LINE('',#15074,#3915);
#2758=LINE('',#15076,#3916);
#2759=LINE('',#15078,#3917);
#2760=LINE('',#15080,#3918);
#2761=LINE('',#15081,#3919);
#2762=LINE('',#15083,#3920);
#2763=LINE('',#15085,#3921);
#2764=LINE('',#15086,#3922);
#2765=LINE('',#15089,#3923);
#2766=LINE('',#15091,#3924);
#2767=LINE('',#15093,#3925);
#2768=LINE('',#15095,#3926);
#2769=LINE('',#15097,#3927);
#2770=LINE('',#15098,#3928);
#2771=LINE('',#15100,#3929);
#2772=LINE('',#15102,#3930);
#2773=LINE('',#15103,#3931);
#2774=LINE('',#15105,#3932);
#2775=LINE('',#15107,#3933);
#2776=LINE('',#15108,#3934);
#2777=LINE('',#15110,#3935);
#2778=LINE('',#15112,#3936);
#2779=LINE('',#15113,#3937);
#2780=LINE('',#15115,#3938);
#2781=LINE('',#15117,#3939);
#2782=LINE('',#15118,#3940);
#2783=LINE('',#15121,#3941);
#2784=LINE('',#15123,#3942);
#2785=LINE('',#15125,#3943);
#2786=LINE('',#15127,#3944);
#2787=LINE('',#15129,#3945);
#2788=LINE('',#15130,#3946);
#2789=LINE('',#15133,#3947);
#2790=LINE('',#15135,#3948);
#2791=LINE('',#15137,#3949);
#2792=LINE('',#15139,#3950);
#2793=LINE('',#15141,#3951);
#2794=LINE('',#15142,#3952);
#2795=LINE('',#15144,#3953);
#2796=LINE('',#15146,#3954);
#2797=LINE('',#15147,#3955);
#2798=LINE('',#15149,#3956);
#2799=LINE('',#15151,#3957);
#2800=LINE('',#15152,#3958);
#2801=LINE('',#15154,#3959);
#2802=LINE('',#15156,#3960);
#2803=LINE('',#15157,#3961);
#2804=LINE('',#15159,#3962);
#2805=LINE('',#15161,#3963);
#2806=LINE('',#15162,#3964);
#2807=LINE('',#15165,#3965);
#2808=LINE('',#15167,#3966);
#2809=LINE('',#15169,#3967);
#2810=LINE('',#15171,#3968);
#2811=LINE('',#15173,#3969);
#2812=LINE('',#15174,#3970);
#2813=LINE('',#15177,#3971);
#2814=LINE('',#15179,#3972);
#2815=LINE('',#15181,#3973);
#2816=LINE('',#15183,#3974);
#2817=LINE('',#15185,#3975);
#2818=LINE('',#15186,#3976);
#2819=LINE('',#15188,#3977);
#2820=LINE('',#15190,#3978);
#2821=LINE('',#15191,#3979);
#2822=LINE('',#15194,#3980);
#2823=LINE('',#15196,#3981);
#2824=LINE('',#15198,#3982);
#2825=LINE('',#15200,#3983);
#2826=LINE('',#15202,#3984);
#2827=LINE('',#15203,#3985);
#2828=LINE('',#15206,#3986);
#2829=LINE('',#15208,#3987);
#2830=LINE('',#15210,#3988);
#2831=LINE('',#15212,#3989);
#2832=LINE('',#15214,#3990);
#2833=LINE('',#15215,#3991);
#2834=LINE('',#15217,#3992);
#2835=LINE('',#15219,#3993);
#2836=LINE('',#15220,#3994);
#2837=LINE('',#15222,#3995);
#2838=LINE('',#15224,#3996);
#2839=LINE('',#15225,#3997);
#2840=LINE('',#15228,#3998);
#2841=LINE('',#15230,#3999);
#2842=LINE('',#15232,#4000);
#2843=LINE('',#15234,#4001);
#2844=LINE('',#15236,#4002);
#2845=LINE('',#15237,#4003);
#2846=LINE('',#15240,#4004);
#2847=LINE('',#15242,#4005);
#2848=LINE('',#15244,#4006);
#2849=LINE('',#15246,#4007);
#2850=LINE('',#15248,#4008);
#2851=LINE('',#15249,#4009);
#2852=LINE('',#15252,#4010);
#2853=LINE('',#15254,#4011);
#2854=LINE('',#15256,#4012);
#2855=LINE('',#15258,#4013);
#2856=LINE('',#15260,#4014);
#2857=LINE('',#15261,#4015);
#2858=LINE('',#15263,#4016);
#2859=LINE('',#15265,#4017);
#2860=LINE('',#15266,#4018);
#2861=LINE('',#15269,#4019);
#2862=LINE('',#15271,#4020);
#2863=LINE('',#15273,#4021);
#2864=LINE('',#15275,#4022);
#2865=LINE('',#15277,#4023);
#2866=LINE('',#15278,#4024);
#2867=LINE('',#15280,#4025);
#2868=LINE('',#15282,#4026);
#2869=LINE('',#15283,#4027);
#2870=LINE('',#15286,#4028);
#2871=LINE('',#15288,#4029);
#2872=LINE('',#15290,#4030);
#2873=LINE('',#15292,#4031);
#2874=LINE('',#15294,#4032);
#2875=LINE('',#15295,#4033);
#2876=LINE('',#15297,#4034);
#2877=LINE('',#15299,#4035);
#2878=LINE('',#15300,#4036);
#2879=LINE('',#15303,#4037);
#2880=LINE('',#15305,#4038);
#2881=LINE('',#15307,#4039);
#2882=LINE('',#15309,#4040);
#2883=LINE('',#15311,#4041);
#2884=LINE('',#15312,#4042);
#2885=LINE('',#15552,#4043);
#2886=LINE('',#15553,#4044);
#2887=LINE('',#15576,#4045);
#2888=LINE('',#15577,#4046);
#2889=LINE('',#15676,#4047);
#2890=LINE('',#15684,#4048);
#2891=LINE('',#15692,#4049);
#2892=LINE('',#15700,#4050);
#2893=LINE('',#15795,#4051);
#2894=LINE('',#15811,#4052);
#2895=LINE('',#15948,#4053);
#2896=LINE('',#15964,#4054);
#2897=LINE('',#16038,#4055);
#2898=LINE('',#16039,#4056);
#2899=LINE('',#16041,#4057);
#2900=LINE('',#16042,#4058);
#2901=LINE('',#16044,#4059);
#2902=LINE('',#16045,#4060);
#2903=LINE('',#16047,#4061);
#2904=LINE('',#16049,#4062);
#2905=LINE('',#16051,#4063);
#2906=LINE('',#16053,#4064);
#2907=LINE('',#16055,#4065);
#2908=LINE('',#16057,#4066);
#2909=LINE('',#16059,#4067);
#2910=LINE('',#16061,#4068);
#2911=LINE('',#16063,#4069);
#2912=LINE('',#16065,#4070);
#2913=LINE('',#16067,#4071);
#2914=LINE('',#16069,#4072);
#2915=LINE('',#16072,#4073);
#2916=LINE('',#16074,#4074);
#2917=LINE('',#16077,#4075);
#2918=LINE('',#16078,#4076);
#2919=LINE('',#16080,#4077);
#2920=LINE('',#16082,#4078);
#2921=LINE('',#16084,#4079);
#2922=LINE('',#16086,#4080);
#2923=LINE('',#16089,#4081);
#2924=LINE('',#16090,#4082);
#2925=LINE('',#16092,#4083);
#2926=LINE('',#16094,#4084);
#2927=LINE('',#16096,#4085);
#2928=LINE('',#16098,#4086);
#2929=LINE('',#16101,#4087);
#2930=LINE('',#16102,#4088);
#2931=LINE('',#16104,#4089);
#2932=LINE('',#16106,#4090);
#2933=LINE('',#16108,#4091);
#2934=LINE('',#16110,#4092);
#2935=LINE('',#16113,#4093);
#2936=LINE('',#16115,#4094);
#2937=LINE('',#16118,#4095);
#2938=LINE('',#16120,#4096);
#2939=LINE('',#16123,#4097);
#2940=LINE('',#16125,#4098);
#2941=LINE('',#16128,#4099);
#2942=LINE('',#16130,#4100);
#2943=LINE('',#16133,#4101);
#2944=LINE('',#16135,#4102);
#2945=LINE('',#16138,#4103);
#2946=LINE('',#16139,#4104);
#2947=LINE('',#16141,#4105);
#2948=LINE('',#16143,#4106);
#2949=LINE('',#16145,#4107);
#2950=LINE('',#16147,#4108);
#2951=LINE('',#16150,#4109);
#2952=LINE('',#16151,#4110);
#2953=LINE('',#16153,#4111);
#2954=LINE('',#16155,#4112);
#2955=LINE('',#16157,#4113);
#2956=LINE('',#16159,#4114);
#2957=LINE('',#16162,#4115);
#2958=LINE('',#16163,#4116);
#2959=LINE('',#16165,#4117);
#2960=LINE('',#16167,#4118);
#2961=LINE('',#16169,#4119);
#2962=LINE('',#16171,#4120);
#2963=LINE('',#16174,#4121);
#2964=LINE('',#16176,#4122);
#2965=LINE('',#16179,#4123);
#2966=LINE('',#16181,#4124);
#2967=LINE('',#16184,#4125);
#2968=LINE('',#16186,#4126);
#2969=LINE('',#16189,#4127);
#2970=LINE('',#16190,#4128);
#2971=LINE('',#16192,#4129);
#2972=LINE('',#16194,#4130);
#2973=LINE('',#16196,#4131);
#2974=LINE('',#16198,#4132);
#2975=LINE('',#16201,#4133);
#2976=LINE('',#16202,#4134);
#2977=LINE('',#16204,#4135);
#2978=LINE('',#16206,#4136);
#2979=LINE('',#16208,#4137);
#2980=LINE('',#16210,#4138);
#2981=LINE('',#16213,#4139);
#2982=LINE('',#16214,#4140);
#2983=LINE('',#16216,#4141);
#2984=LINE('',#16218,#4142);
#2985=LINE('',#16220,#4143);
#2986=LINE('',#16222,#4144);
#2987=LINE('',#16225,#4145);
#2988=LINE('',#16226,#4146);
#2989=LINE('',#16228,#4147);
#2990=LINE('',#16230,#4148);
#2991=LINE('',#16232,#4149);
#2992=LINE('',#16234,#4150);
#2993=LINE('',#16237,#4151);
#2994=LINE('',#16239,#4152);
#2995=LINE('',#16242,#4153);
#2996=LINE('',#16244,#4154);
#2997=LINE('',#16247,#4155);
#2998=LINE('',#16249,#4156);
#2999=LINE('',#16252,#4157);
#3000=LINE('',#16254,#4158);
#3001=LINE('',#16257,#4159);
#3002=LINE('',#16258,#4160);
#3003=LINE('',#16260,#4161);
#3004=LINE('',#16262,#4162);
#3005=LINE('',#16264,#4163);
#3006=LINE('',#16266,#4164);
#3007=LINE('',#16269,#4165);
#3008=LINE('',#16270,#4166);
#3009=LINE('',#16272,#4167);
#3010=LINE('',#16274,#4168);
#3011=LINE('',#16276,#4169);
#3012=LINE('',#16278,#4170);
#3013=LINE('',#16281,#4171);
#3014=LINE('',#16282,#4172);
#3015=LINE('',#16284,#4173);
#3016=LINE('',#16286,#4174);
#3017=LINE('',#16288,#4175);
#3018=LINE('',#16290,#4176);
#3019=LINE('',#16293,#4177);
#3020=LINE('',#16294,#4178);
#3021=LINE('',#16296,#4179);
#3022=LINE('',#16298,#4180);
#3023=LINE('',#16300,#4181);
#3024=LINE('',#16302,#4182);
#3025=LINE('',#16305,#4183);
#3026=LINE('',#16307,#4184);
#3027=LINE('',#16310,#4185);
#3028=LINE('',#16312,#4186);
#3029=LINE('',#16315,#4187);
#3030=LINE('',#16317,#4188);
#3031=LINE('',#16318,#4189);
#3032=LINE('',#16320,#4190);
#3033=LINE('',#16324,#4191);
#3034=LINE('',#16326,#4192);
#3035=LINE('',#16329,#4193);
#3036=LINE('',#16331,#4194);
#3037=VECTOR('',#10565,2.69999999999996);
#3038=VECTOR('',#10570,10.);
#3039=VECTOR('',#10571,10.);
#3040=VECTOR('',#10572,10.);
#3041=VECTOR('',#10573,10.);
#3042=VECTOR('',#10576,10.);
#3043=VECTOR('',#10577,10.);
#3044=VECTOR('',#10578,10.);
#3045=VECTOR('',#10581,10.);
#3046=VECTOR('',#10582,10.);
#3047=VECTOR('',#10583,10.);
#3048=VECTOR('',#10586,10.);
#3049=VECTOR('',#10587,10.);
#3050=VECTOR('',#10588,10.);
#3051=VECTOR('',#10591,10.);
#3052=VECTOR('',#10592,10.);
#3053=VECTOR('',#10593,10.);
#3054=VECTOR('',#10596,10.);
#3055=VECTOR('',#10597,10.);
#3056=VECTOR('',#10606,2.70000000000003);
#3057=VECTOR('',#10611,10.);
#3058=VECTOR('',#10612,10.);
#3059=VECTOR('',#10613,10.);
#3060=VECTOR('',#10614,10.);
#3061=VECTOR('',#10617,10.);
#3062=VECTOR('',#10618,10.);
#3063=VECTOR('',#10619,10.);
#3064=VECTOR('',#10622,10.);
#3065=VECTOR('',#10623,10.);
#3066=VECTOR('',#10624,10.);
#3067=VECTOR('',#10627,10.);
#3068=VECTOR('',#10628,10.);
#3069=VECTOR('',#10629,10.);
#3070=VECTOR('',#10632,10.);
#3071=VECTOR('',#10633,10.);
#3072=VECTOR('',#10634,10.);
#3073=VECTOR('',#10637,10.);
#3074=VECTOR('',#10638,10.);
#3075=VECTOR('',#10647,2.7);
#3076=VECTOR('',#10652,10.);
#3077=VECTOR('',#10653,10.);
#3078=VECTOR('',#10654,10.);
#3079=VECTOR('',#10655,10.);
#3080=VECTOR('',#10658,10.);
#3081=VECTOR('',#10659,10.);
#3082=VECTOR('',#10660,10.);
#3083=VECTOR('',#10663,10.);
#3084=VECTOR('',#10664,10.);
#3085=VECTOR('',#10665,10.);
#3086=VECTOR('',#10668,10.);
#3087=VECTOR('',#10669,10.);
#3088=VECTOR('',#10670,10.);
#3089=VECTOR('',#10673,10.);
#3090=VECTOR('',#10674,10.);
#3091=VECTOR('',#10675,10.);
#3092=VECTOR('',#10678,10.);
#3093=VECTOR('',#10679,10.);
#3094=VECTOR('',#10688,2.7);
#3095=VECTOR('',#10693,10.);
#3096=VECTOR('',#10694,10.);
#3097=VECTOR('',#10695,10.);
#3098=VECTOR('',#10696,10.);
#3099=VECTOR('',#10699,10.);
#3100=VECTOR('',#10700,10.);
#3101=VECTOR('',#10701,10.);
#3102=VECTOR('',#10704,10.);
#3103=VECTOR('',#10705,10.);
#3104=VECTOR('',#10706,10.);
#3105=VECTOR('',#10709,10.);
#3106=VECTOR('',#10710,10.);
#3107=VECTOR('',#10711,10.);
#3108=VECTOR('',#10714,10.);
#3109=VECTOR('',#10715,10.);
#3110=VECTOR('',#10716,10.);
#3111=VECTOR('',#10719,10.);
#3112=VECTOR('',#10720,10.);
#3113=VECTOR('',#10729,2.7);
#3114=VECTOR('',#10734,10.);
#3115=VECTOR('',#10735,10.);
#3116=VECTOR('',#10736,10.);
#3117=VECTOR('',#10737,10.);
#3118=VECTOR('',#10740,10.);
#3119=VECTOR('',#10741,10.);
#3120=VECTOR('',#10742,10.);
#3121=VECTOR('',#10745,10.);
#3122=VECTOR('',#10746,10.);
#3123=VECTOR('',#10747,10.);
#3124=VECTOR('',#10750,10.);
#3125=VECTOR('',#10751,10.);
#3126=VECTOR('',#10752,10.);
#3127=VECTOR('',#10755,10.);
#3128=VECTOR('',#10756,10.);
#3129=VECTOR('',#10757,10.);
#3130=VECTOR('',#10760,10.);
#3131=VECTOR('',#10761,10.);
#3132=VECTOR('',#10770,2.7);
#3133=VECTOR('',#10775,10.);
#3134=VECTOR('',#10776,10.);
#3135=VECTOR('',#10777,10.);
#3136=VECTOR('',#10778,10.);
#3137=VECTOR('',#10781,10.);
#3138=VECTOR('',#10782,10.);
#3139=VECTOR('',#10783,10.);
#3140=VECTOR('',#10786,10.);
#3141=VECTOR('',#10787,10.);
#3142=VECTOR('',#10788,10.);
#3143=VECTOR('',#10791,10.);
#3144=VECTOR('',#10792,10.);
#3145=VECTOR('',#10793,10.);
#3146=VECTOR('',#10796,10.);
#3147=VECTOR('',#10797,10.);
#3148=VECTOR('',#10798,10.);
#3149=VECTOR('',#10801,10.);
#3150=VECTOR('',#10802,10.);
#3151=VECTOR('',#10811,2.7);
#3152=VECTOR('',#10816,10.);
#3153=VECTOR('',#10817,10.);
#3154=VECTOR('',#10818,10.);
#3155=VECTOR('',#10819,10.);
#3156=VECTOR('',#10822,10.);
#3157=VECTOR('',#10823,10.);
#3158=VECTOR('',#10824,10.);
#3159=VECTOR('',#10827,10.);
#3160=VECTOR('',#10828,10.);
#3161=VECTOR('',#10829,10.);
#3162=VECTOR('',#10832,10.);
#3163=VECTOR('',#10833,10.);
#3164=VECTOR('',#10834,10.);
#3165=VECTOR('',#10837,10.);
#3166=VECTOR('',#10838,10.);
#3167=VECTOR('',#10839,10.);
#3168=VECTOR('',#10842,10.);
#3169=VECTOR('',#10843,10.);
#3170=VECTOR('',#10852,2.7);
#3171=VECTOR('',#10857,10.);
#3172=VECTOR('',#10858,10.);
#3173=VECTOR('',#10859,10.);
#3174=VECTOR('',#10860,10.);
#3175=VECTOR('',#10863,10.);
#3176=VECTOR('',#10864,10.);
#3177=VECTOR('',#10865,10.);
#3178=VECTOR('',#10868,10.);
#3179=VECTOR('',#10869,10.);
#3180=VECTOR('',#10870,10.);
#3181=VECTOR('',#10873,10.);
#3182=VECTOR('',#10874,10.);
#3183=VECTOR('',#10875,10.);
#3184=VECTOR('',#10878,10.);
#3185=VECTOR('',#10879,10.);
#3186=VECTOR('',#10880,10.);
#3187=VECTOR('',#10883,10.);
#3188=VECTOR('',#10884,10.);
#3189=VECTOR('',#10893,2.7);
#3190=VECTOR('',#10898,10.);
#3191=VECTOR('',#10899,10.);
#3192=VECTOR('',#10900,10.);
#3193=VECTOR('',#10901,10.);
#3194=VECTOR('',#10904,10.);
#3195=VECTOR('',#10905,10.);
#3196=VECTOR('',#10906,10.);
#3197=VECTOR('',#10909,10.);
#3198=VECTOR('',#10910,10.);
#3199=VECTOR('',#10911,10.);
#3200=VECTOR('',#10914,10.);
#3201=VECTOR('',#10915,10.);
#3202=VECTOR('',#10916,10.);
#3203=VECTOR('',#10919,10.);
#3204=VECTOR('',#10920,10.);
#3205=VECTOR('',#10921,10.);
#3206=VECTOR('',#10924,10.);
#3207=VECTOR('',#10925,10.);
#3208=VECTOR('',#10934,2.7);
#3209=VECTOR('',#10939,10.);
#3210=VECTOR('',#10940,10.);
#3211=VECTOR('',#10941,10.);
#3212=VECTOR('',#10942,10.);
#3213=VECTOR('',#10945,10.);
#3214=VECTOR('',#10946,10.);
#3215=VECTOR('',#10947,10.);
#3216=VECTOR('',#10950,10.);
#3217=VECTOR('',#10951,10.);
#3218=VECTOR('',#10952,10.);
#3219=VECTOR('',#10955,10.);
#3220=VECTOR('',#10956,10.);
#3221=VECTOR('',#10957,10.);
#3222=VECTOR('',#10960,10.);
#3223=VECTOR('',#10961,10.);
#3224=VECTOR('',#10962,10.);
#3225=VECTOR('',#10965,10.);
#3226=VECTOR('',#10966,10.);
#3227=VECTOR('',#10975,2.7);
#3228=VECTOR('',#10980,10.);
#3229=VECTOR('',#10981,10.);
#3230=VECTOR('',#10982,10.);
#3231=VECTOR('',#10983,10.);
#3232=VECTOR('',#10986,10.);
#3233=VECTOR('',#10987,10.);
#3234=VECTOR('',#10988,10.);
#3235=VECTOR('',#10991,10.);
#3236=VECTOR('',#10992,10.);
#3237=VECTOR('',#10993,10.);
#3238=VECTOR('',#10996,10.);
#3239=VECTOR('',#10997,10.);
#3240=VECTOR('',#10998,10.);
#3241=VECTOR('',#11001,10.);
#3242=VECTOR('',#11002,10.);
#3243=VECTOR('',#11003,10.);
#3244=VECTOR('',#11006,10.);
#3245=VECTOR('',#11007,10.);
#3246=VECTOR('',#11016,2.7);
#3247=VECTOR('',#11021,10.);
#3248=VECTOR('',#11022,10.);
#3249=VECTOR('',#11023,10.);
#3250=VECTOR('',#11024,10.);
#3251=VECTOR('',#11027,10.);
#3252=VECTOR('',#11028,10.);
#3253=VECTOR('',#11029,10.);
#3254=VECTOR('',#11032,10.);
#3255=VECTOR('',#11033,10.);
#3256=VECTOR('',#11034,10.);
#3257=VECTOR('',#11037,10.);
#3258=VECTOR('',#11038,10.);
#3259=VECTOR('',#11039,10.);
#3260=VECTOR('',#11042,10.);
#3261=VECTOR('',#11043,10.);
#3262=VECTOR('',#11044,10.);
#3263=VECTOR('',#11047,10.);
#3264=VECTOR('',#11048,10.);
#3265=VECTOR('',#11057,2.7);
#3266=VECTOR('',#11062,10.);
#3267=VECTOR('',#11063,10.);
#3268=VECTOR('',#11064,10.);
#3269=VECTOR('',#11065,10.);
#3270=VECTOR('',#11068,10.);
#3271=VECTOR('',#11069,10.);
#3272=VECTOR('',#11070,10.);
#3273=VECTOR('',#11073,10.);
#3274=VECTOR('',#11074,10.);
#3275=VECTOR('',#11075,10.);
#3276=VECTOR('',#11078,10.);
#3277=VECTOR('',#11079,10.);
#3278=VECTOR('',#11080,10.);
#3279=VECTOR('',#11083,10.);
#3280=VECTOR('',#11084,10.);
#3281=VECTOR('',#11085,10.);
#3282=VECTOR('',#11088,10.);
#3283=VECTOR('',#11089,10.);
#3284=VECTOR('',#11098,2.69999999999996);
#3285=VECTOR('',#11103,10.);
#3286=VECTOR('',#11104,10.);
#3287=VECTOR('',#11105,10.);
#3288=VECTOR('',#11106,10.);
#3289=VECTOR('',#11109,10.);
#3290=VECTOR('',#11110,10.);
#3291=VECTOR('',#11111,10.);
#3292=VECTOR('',#11114,10.);
#3293=VECTOR('',#11115,10.);
#3294=VECTOR('',#11116,10.);
#3295=VECTOR('',#11119,10.);
#3296=VECTOR('',#11120,10.);
#3297=VECTOR('',#11121,10.);
#3298=VECTOR('',#11124,10.);
#3299=VECTOR('',#11125,10.);
#3300=VECTOR('',#11126,10.);
#3301=VECTOR('',#11129,10.);
#3302=VECTOR('',#11130,10.);
#3303=VECTOR('',#11139,2.69999999999996);
#3304=VECTOR('',#11144,10.);
#3305=VECTOR('',#11145,10.);
#3306=VECTOR('',#11146,10.);
#3307=VECTOR('',#11147,10.);
#3308=VECTOR('',#11150,10.);
#3309=VECTOR('',#11151,10.);
#3310=VECTOR('',#11152,10.);
#3311=VECTOR('',#11155,10.);
#3312=VECTOR('',#11156,10.);
#3313=VECTOR('',#11157,10.);
#3314=VECTOR('',#11160,10.);
#3315=VECTOR('',#11161,10.);
#3316=VECTOR('',#11162,10.);
#3317=VECTOR('',#11165,10.);
#3318=VECTOR('',#11166,10.);
#3319=VECTOR('',#11167,10.);
#3320=VECTOR('',#11170,10.);
#3321=VECTOR('',#11171,10.);
#3322=VECTOR('',#11180,2.70000000000003);
#3323=VECTOR('',#11185,10.);
#3324=VECTOR('',#11186,10.);
#3325=VECTOR('',#11187,10.);
#3326=VECTOR('',#11188,10.);
#3327=VECTOR('',#11191,10.);
#3328=VECTOR('',#11192,10.);
#3329=VECTOR('',#11193,10.);
#3330=VECTOR('',#11196,10.);
#3331=VECTOR('',#11197,10.);
#3332=VECTOR('',#11198,10.);
#3333=VECTOR('',#11201,10.);
#3334=VECTOR('',#11202,10.);
#3335=VECTOR('',#11203,10.);
#3336=VECTOR('',#11206,10.);
#3337=VECTOR('',#11207,10.);
#3338=VECTOR('',#11208,10.);
#3339=VECTOR('',#11211,10.);
#3340=VECTOR('',#11212,10.);
#3341=VECTOR('',#11221,2.7);
#3342=VECTOR('',#11226,10.);
#3343=VECTOR('',#11227,10.);
#3344=VECTOR('',#11228,10.);
#3345=VECTOR('',#11229,10.);
#3346=VECTOR('',#11232,10.);
#3347=VECTOR('',#11233,10.);
#3348=VECTOR('',#11234,10.);
#3349=VECTOR('',#11237,10.);
#3350=VECTOR('',#11238,10.);
#3351=VECTOR('',#11239,10.);
#3352=VECTOR('',#11242,10.);
#3353=VECTOR('',#11243,10.);
#3354=VECTOR('',#11244,10.);
#3355=VECTOR('',#11247,10.);
#3356=VECTOR('',#11248,10.);
#3357=VECTOR('',#11249,10.);
#3358=VECTOR('',#11252,10.);
#3359=VECTOR('',#11253,10.);
#3360=VECTOR('',#11262,2.7);
#3361=VECTOR('',#11267,10.);
#3362=VECTOR('',#11268,10.);
#3363=VECTOR('',#11269,10.);
#3364=VECTOR('',#11270,10.);
#3365=VECTOR('',#11273,10.);
#3366=VECTOR('',#11274,10.);
#3367=VECTOR('',#11275,10.);
#3368=VECTOR('',#11278,10.);
#3369=VECTOR('',#11279,10.);
#3370=VECTOR('',#11280,10.);
#3371=VECTOR('',#11283,10.);
#3372=VECTOR('',#11284,10.);
#3373=VECTOR('',#11285,10.);
#3374=VECTOR('',#11288,10.);
#3375=VECTOR('',#11289,10.);
#3376=VECTOR('',#11290,10.);
#3377=VECTOR('',#11293,10.);
#3378=VECTOR('',#11294,10.);
#3379=VECTOR('',#11303,2.7);
#3380=VECTOR('',#11308,10.);
#3381=VECTOR('',#11309,10.);
#3382=VECTOR('',#11310,10.);
#3383=VECTOR('',#11311,10.);
#3384=VECTOR('',#11314,10.);
#3385=VECTOR('',#11315,10.);
#3386=VECTOR('',#11316,10.);
#3387=VECTOR('',#11319,10.);
#3388=VECTOR('',#11320,10.);
#3389=VECTOR('',#11321,10.);
#3390=VECTOR('',#11324,10.);
#3391=VECTOR('',#11325,10.);
#3392=VECTOR('',#11326,10.);
#3393=VECTOR('',#11329,10.);
#3394=VECTOR('',#11330,10.);
#3395=VECTOR('',#11331,10.);
#3396=VECTOR('',#11334,10.);
#3397=VECTOR('',#11335,10.);
#3398=VECTOR('',#11344,2.7);
#3399=VECTOR('',#11349,10.);
#3400=VECTOR('',#11350,10.);
#3401=VECTOR('',#11351,10.);
#3402=VECTOR('',#11352,10.);
#3403=VECTOR('',#11355,10.);
#3404=VECTOR('',#11356,10.);
#3405=VECTOR('',#11357,10.);
#3406=VECTOR('',#11360,10.);
#3407=VECTOR('',#11361,10.);
#3408=VECTOR('',#11362,10.);
#3409=VECTOR('',#11365,10.);
#3410=VECTOR('',#11366,10.);
#3411=VECTOR('',#11367,10.);
#3412=VECTOR('',#11370,10.);
#3413=VECTOR('',#11371,10.);
#3414=VECTOR('',#11372,10.);
#3415=VECTOR('',#11375,10.);
#3416=VECTOR('',#11376,10.);
#3417=VECTOR('',#11385,2.7);
#3418=VECTOR('',#11390,10.);
#3419=VECTOR('',#11391,10.);
#3420=VECTOR('',#11392,10.);
#3421=VECTOR('',#11393,10.);
#3422=VECTOR('',#11396,10.);
#3423=VECTOR('',#11397,10.);
#3424=VECTOR('',#11398,10.);
#3425=VECTOR('',#11401,10.);
#3426=VECTOR('',#11402,10.);
#3427=VECTOR('',#11403,10.);
#3428=VECTOR('',#11406,10.);
#3429=VECTOR('',#11407,10.);
#3430=VECTOR('',#11408,10.);
#3431=VECTOR('',#11411,10.);
#3432=VECTOR('',#11412,10.);
#3433=VECTOR('',#11413,10.);
#3434=VECTOR('',#11416,10.);
#3435=VECTOR('',#11417,10.);
#3436=VECTOR('',#11426,2.7);
#3437=VECTOR('',#11431,10.);
#3438=VECTOR('',#11432,10.);
#3439=VECTOR('',#11433,10.);
#3440=VECTOR('',#11434,10.);
#3441=VECTOR('',#11437,10.);
#3442=VECTOR('',#11438,10.);
#3443=VECTOR('',#11439,10.);
#3444=VECTOR('',#11442,10.);
#3445=VECTOR('',#11443,10.);
#3446=VECTOR('',#11444,10.);
#3447=VECTOR('',#11447,10.);
#3448=VECTOR('',#11448,10.);
#3449=VECTOR('',#11449,10.);
#3450=VECTOR('',#11452,10.);
#3451=VECTOR('',#11453,10.);
#3452=VECTOR('',#11454,10.);
#3453=VECTOR('',#11457,10.);
#3454=VECTOR('',#11458,10.);
#3455=VECTOR('',#11467,2.7);
#3456=VECTOR('',#11472,10.);
#3457=VECTOR('',#11473,10.);
#3458=VECTOR('',#11474,10.);
#3459=VECTOR('',#11475,10.);
#3460=VECTOR('',#11478,10.);
#3461=VECTOR('',#11479,10.);
#3462=VECTOR('',#11480,10.);
#3463=VECTOR('',#11483,10.);
#3464=VECTOR('',#11484,10.);
#3465=VECTOR('',#11485,10.);
#3466=VECTOR('',#11488,10.);
#3467=VECTOR('',#11489,10.);
#3468=VECTOR('',#11490,10.);
#3469=VECTOR('',#11493,10.);
#3470=VECTOR('',#11494,10.);
#3471=VECTOR('',#11495,10.);
#3472=VECTOR('',#11498,10.);
#3473=VECTOR('',#11499,10.);
#3474=VECTOR('',#11508,2.7);
#3475=VECTOR('',#11513,10.);
#3476=VECTOR('',#11514,10.);
#3477=VECTOR('',#11515,10.);
#3478=VECTOR('',#11516,10.);
#3479=VECTOR('',#11519,10.);
#3480=VECTOR('',#11520,10.);
#3481=VECTOR('',#11521,10.);
#3482=VECTOR('',#11524,10.);
#3483=VECTOR('',#11525,10.);
#3484=VECTOR('',#11526,10.);
#3485=VECTOR('',#11529,10.);
#3486=VECTOR('',#11530,10.);
#3487=VECTOR('',#11531,10.);
#3488=VECTOR('',#11534,10.);
#3489=VECTOR('',#11535,10.);
#3490=VECTOR('',#11536,10.);
#3491=VECTOR('',#11539,10.);
#3492=VECTOR('',#11540,10.);
#3493=VECTOR('',#11549,2.7);
#3494=VECTOR('',#11554,10.);
#3495=VECTOR('',#11555,10.);
#3496=VECTOR('',#11556,10.);
#3497=VECTOR('',#11557,10.);
#3498=VECTOR('',#11560,10.);
#3499=VECTOR('',#11561,10.);
#3500=VECTOR('',#11562,10.);
#3501=VECTOR('',#11565,10.);
#3502=VECTOR('',#11566,10.);
#3503=VECTOR('',#11567,10.);
#3504=VECTOR('',#11570,10.);
#3505=VECTOR('',#11571,10.);
#3506=VECTOR('',#11572,10.);
#3507=VECTOR('',#11575,10.);
#3508=VECTOR('',#11576,10.);
#3509=VECTOR('',#11577,10.);
#3510=VECTOR('',#11580,10.);
#3511=VECTOR('',#11581,10.);
#3512=VECTOR('',#11590,2.7);
#3513=VECTOR('',#11595,10.);
#3514=VECTOR('',#11596,10.);
#3515=VECTOR('',#11597,10.);
#3516=VECTOR('',#11598,10.);
#3517=VECTOR('',#11601,10.);
#3518=VECTOR('',#11602,10.);
#3519=VECTOR('',#11603,10.);
#3520=VECTOR('',#11606,10.);
#3521=VECTOR('',#11607,10.);
#3522=VECTOR('',#11608,10.);
#3523=VECTOR('',#11611,10.);
#3524=VECTOR('',#11612,10.);
#3525=VECTOR('',#11613,10.);
#3526=VECTOR('',#11616,10.);
#3527=VECTOR('',#11617,10.);
#3528=VECTOR('',#11618,10.);
#3529=VECTOR('',#11621,10.);
#3530=VECTOR('',#11622,10.);
#3531=VECTOR('',#11631,2.7);
#3532=VECTOR('',#11636,10.);
#3533=VECTOR('',#11637,10.);
#3534=VECTOR('',#11638,10.);
#3535=VECTOR('',#11639,10.);
#3536=VECTOR('',#11642,10.);
#3537=VECTOR('',#11643,10.);
#3538=VECTOR('',#11644,10.);
#3539=VECTOR('',#11647,10.);
#3540=VECTOR('',#11648,10.);
#3541=VECTOR('',#11649,10.);
#3542=VECTOR('',#11652,10.);
#3543=VECTOR('',#11653,10.);
#3544=VECTOR('',#11654,10.);
#3545=VECTOR('',#11657,10.);
#3546=VECTOR('',#11658,10.);
#3547=VECTOR('',#11659,10.);
#3548=VECTOR('',#11662,10.);
#3549=VECTOR('',#11663,10.);
#3550=VECTOR('',#11672,2.7);
#3551=VECTOR('',#11677,10.);
#3552=VECTOR('',#11678,10.);
#3553=VECTOR('',#11679,10.);
#3554=VECTOR('',#11680,10.);
#3555=VECTOR('',#11683,10.);
#3556=VECTOR('',#11684,10.);
#3557=VECTOR('',#11685,10.);
#3558=VECTOR('',#11688,10.);
#3559=VECTOR('',#11689,10.);
#3560=VECTOR('',#11690,10.);
#3561=VECTOR('',#11693,10.);
#3562=VECTOR('',#11694,10.);
#3563=VECTOR('',#11695,10.);
#3564=VECTOR('',#11698,10.);
#3565=VECTOR('',#11699,10.);
#3566=VECTOR('',#11700,10.);
#3567=VECTOR('',#11703,10.);
#3568=VECTOR('',#11704,10.);
#3569=VECTOR('',#11713,2.69999999999996);
#3570=VECTOR('',#11718,10.);
#3571=VECTOR('',#11719,10.);
#3572=VECTOR('',#11720,10.);
#3573=VECTOR('',#11721,10.);
#3574=VECTOR('',#11724,10.);
#3575=VECTOR('',#11725,10.);
#3576=VECTOR('',#11726,10.);
#3577=VECTOR('',#11729,10.);
#3578=VECTOR('',#11730,10.);
#3579=VECTOR('',#11731,10.);
#3580=VECTOR('',#11734,10.);
#3581=VECTOR('',#11735,10.);
#3582=VECTOR('',#11736,10.);
#3583=VECTOR('',#11739,10.);
#3584=VECTOR('',#11740,10.);
#3585=VECTOR('',#11741,10.);
#3586=VECTOR('',#11744,10.);
#3587=VECTOR('',#11745,10.);
#3588=VECTOR('',#11754,2.69999999999996);
#3589=VECTOR('',#11759,10.);
#3590=VECTOR('',#11760,10.);
#3591=VECTOR('',#11761,10.);
#3592=VECTOR('',#11762,10.);
#3593=VECTOR('',#11765,10.);
#3594=VECTOR('',#11766,10.);
#3595=VECTOR('',#11767,10.);
#3596=VECTOR('',#11770,10.);
#3597=VECTOR('',#11771,10.);
#3598=VECTOR('',#11772,10.);
#3599=VECTOR('',#11775,10.);
#3600=VECTOR('',#11776,10.);
#3601=VECTOR('',#11777,10.);
#3602=VECTOR('',#11780,10.);
#3603=VECTOR('',#11781,10.);
#3604=VECTOR('',#11782,10.);
#3605=VECTOR('',#11785,10.);
#3606=VECTOR('',#11786,10.);
#3607=VECTOR('',#11795,1.75000000000011);
#3608=VECTOR('',#11802,1.75000000000011);
#3609=VECTOR('',#11809,1.75000000000011);
#3610=VECTOR('',#11816,1.75000000000011);
#3611=VECTOR('',#11823,2.5);
#3612=VECTOR('',#11828,10.);
#3613=VECTOR('',#11829,10.);
#3614=VECTOR('',#11830,10.);
#3615=VECTOR('',#11831,10.);
#3616=VECTOR('',#11834,10.);
#3617=VECTOR('',#11835,10.);
#3618=VECTOR('',#11836,10.);
#3619=VECTOR('',#11837,10.);
#3620=VECTOR('',#11840,10.);
#3621=VECTOR('',#11841,10.);
#3622=VECTOR('',#11842,10.);
#3623=VECTOR('',#11845,10.);
#3624=VECTOR('',#11846,10.);
#3625=VECTOR('',#11847,10.);
#3626=VECTOR('',#11850,10.);
#3627=VECTOR('',#11851,10.);
#3628=VECTOR('',#11852,10.);
#3629=VECTOR('',#11853,10.);
#3630=VECTOR('',#11856,10.);
#3631=VECTOR('',#11857,10.);
#3632=VECTOR('',#11858,10.);
#3633=VECTOR('',#11861,10.);
#3634=VECTOR('',#11862,10.);
#3635=VECTOR('',#11863,10.);
#3636=VECTOR('',#11866,10.);
#3637=VECTOR('',#11867,10.);
#3638=VECTOR('',#11868,10.);
#3639=VECTOR('',#11869,10.);
#3640=VECTOR('',#11872,10.);
#3641=VECTOR('',#11873,10.);
#3642=VECTOR('',#11874,10.);
#3643=VECTOR('',#11877,10.);
#3644=VECTOR('',#11878,10.);
#3645=VECTOR('',#11879,10.);
#3646=VECTOR('',#11882,10.);
#3647=VECTOR('',#11883,10.);
#3648=VECTOR('',#11884,10.);
#3649=VECTOR('',#11885,10.);
#3650=VECTOR('',#11888,10.);
#3651=VECTOR('',#11889,10.);
#3652=VECTOR('',#11890,10.);
#3653=VECTOR('',#11893,10.);
#3654=VECTOR('',#11894,10.);
#3655=VECTOR('',#11895,10.);
#3656=VECTOR('',#11898,10.);
#3657=VECTOR('',#11899,10.);
#3658=VECTOR('',#11900,10.);
#3659=VECTOR('',#11901,10.);
#3660=VECTOR('',#11904,10.);
#3661=VECTOR('',#11905,10.);
#3662=VECTOR('',#11906,10.);
#3663=VECTOR('',#11909,10.);
#3664=VECTOR('',#11910,10.);
#3665=VECTOR('',#11911,10.);
#3666=VECTOR('',#11914,10.);
#3667=VECTOR('',#11915,10.);
#3668=VECTOR('',#11916,10.);
#3669=VECTOR('',#11917,10.);
#3670=VECTOR('',#11920,10.);
#3671=VECTOR('',#11921,10.);
#3672=VECTOR('',#11922,10.);
#3673=VECTOR('',#11925,10.);
#3674=VECTOR('',#11926,10.);
#3675=VECTOR('',#11927,10.);
#3676=VECTOR('',#11930,10.);
#3677=VECTOR('',#11931,10.);
#3678=VECTOR('',#11932,10.);
#3679=VECTOR('',#11933,10.);
#3680=VECTOR('',#11936,10.);
#3681=VECTOR('',#11937,10.);
#3682=VECTOR('',#11938,10.);
#3683=VECTOR('',#11941,10.);
#3684=VECTOR('',#11942,10.);
#3685=VECTOR('',#11943,10.);
#3686=VECTOR('',#11946,10.);
#3687=VECTOR('',#11947,10.);
#3688=VECTOR('',#11948,10.);
#3689=VECTOR('',#11949,10.);
#3690=VECTOR('',#11952,10.);
#3691=VECTOR('',#11953,10.);
#3692=VECTOR('',#11954,10.);
#3693=VECTOR('',#11957,10.);
#3694=VECTOR('',#11958,10.);
#3695=VECTOR('',#11959,10.);
#3696=VECTOR('',#11962,10.);
#3697=VECTOR('',#11963,10.);
#3698=VECTOR('',#11964,10.);
#3699=VECTOR('',#11965,10.);
#3700=VECTOR('',#11968,10.);
#3701=VECTOR('',#11969,10.);
#3702=VECTOR('',#11970,10.);
#3703=VECTOR('',#11973,10.);
#3704=VECTOR('',#11974,10.);
#3705=VECTOR('',#11975,10.);
#3706=VECTOR('',#11978,10.);
#3707=VECTOR('',#11979,10.);
#3708=VECTOR('',#11980,10.);
#3709=VECTOR('',#11981,10.);
#3710=VECTOR('',#11984,10.);
#3711=VECTOR('',#11985,10.);
#3712=VECTOR('',#11986,10.);
#3713=VECTOR('',#11989,10.);
#3714=VECTOR('',#11990,10.);
#3715=VECTOR('',#11991,10.);
#3716=VECTOR('',#11994,10.);
#3717=VECTOR('',#11995,10.);
#3718=VECTOR('',#11996,10.);
#3719=VECTOR('',#11997,10.);
#3720=VECTOR('',#12000,10.);
#3721=VECTOR('',#12001,10.);
#3722=VECTOR('',#12002,10.);
#3723=VECTOR('',#12005,10.);
#3724=VECTOR('',#12006,10.);
#3725=VECTOR('',#12007,10.);
#3726=VECTOR('',#12010,10.);
#3727=VECTOR('',#12011,10.);
#3728=VECTOR('',#12012,10.);
#3729=VECTOR('',#12013,10.);
#3730=VECTOR('',#12016,10.);
#3731=VECTOR('',#12017,10.);
#3732=VECTOR('',#12018,10.);
#3733=VECTOR('',#12021,10.);
#3734=VECTOR('',#12022,10.);
#3735=VECTOR('',#12023,10.);
#3736=VECTOR('',#12026,10.);
#3737=VECTOR('',#12027,10.);
#3738=VECTOR('',#12028,10.);
#3739=VECTOR('',#12029,10.);
#3740=VECTOR('',#12032,10.);
#3741=VECTOR('',#12033,10.);
#3742=VECTOR('',#12034,10.);
#3743=VECTOR('',#12037,10.);
#3744=VECTOR('',#12038,10.);
#3745=VECTOR('',#12039,10.);
#3746=VECTOR('',#12042,10.);
#3747=VECTOR('',#12043,10.);
#3748=VECTOR('',#12044,10.);
#3749=VECTOR('',#12045,10.);
#3750=VECTOR('',#12048,10.);
#3751=VECTOR('',#12049,10.);
#3752=VECTOR('',#12050,10.);
#3753=VECTOR('',#12053,10.);
#3754=VECTOR('',#12054,10.);
#3755=VECTOR('',#12055,10.);
#3756=VECTOR('',#12058,10.);
#3757=VECTOR('',#12059,10.);
#3758=VECTOR('',#12060,10.);
#3759=VECTOR('',#12061,10.);
#3760=VECTOR('',#12064,10.);
#3761=VECTOR('',#12065,10.);
#3762=VECTOR('',#12066,10.);
#3763=VECTOR('',#12069,10.);
#3764=VECTOR('',#12070,10.);
#3765=VECTOR('',#12071,10.);
#3766=VECTOR('',#12074,10.);
#3767=VECTOR('',#12075,10.);
#3768=VECTOR('',#12076,10.);
#3769=VECTOR('',#12077,10.);
#3770=VECTOR('',#12080,10.);
#3771=VECTOR('',#12081,10.);
#3772=VECTOR('',#12086,10.);
#3773=VECTOR('',#12087,10.);
#3774=VECTOR('',#12088,10.);
#3775=VECTOR('',#12089,10.);
#3776=VECTOR('',#12090,10.);
#3777=VECTOR('',#12091,10.);
#3778=VECTOR('',#12092,10.);
#3779=VECTOR('',#12093,10.);
#3780=VECTOR('',#12094,10.);
#3781=VECTOR('',#12095,10.);
#3782=VECTOR('',#12096,10.);
#3783=VECTOR('',#12097,10.);
#3784=VECTOR('',#12098,10.);
#3785=VECTOR('',#12099,10.);
#3786=VECTOR('',#12100,10.);
#3787=VECTOR('',#12101,10.);
#3788=VECTOR('',#12102,10.);
#3789=VECTOR('',#12103,10.);
#3790=VECTOR('',#12104,10.);
#3791=VECTOR('',#12105,10.);
#3792=VECTOR('',#12106,10.);
#3793=VECTOR('',#12107,10.);
#3794=VECTOR('',#12108,10.);
#3795=VECTOR('',#12109,10.);
#3796=VECTOR('',#12110,10.);
#3797=VECTOR('',#12111,10.);
#3798=VECTOR('',#12112,10.);
#3799=VECTOR('',#12113,10.);
#3800=VECTOR('',#12114,10.);
#3801=VECTOR('',#12115,10.);
#3802=VECTOR('',#12116,10.);
#3803=VECTOR('',#12117,10.);
#3804=VECTOR('',#12118,10.);
#3805=VECTOR('',#12119,10.);
#3806=VECTOR('',#12120,10.);
#3807=VECTOR('',#12121,10.);
#3808=VECTOR('',#12122,10.);
#3809=VECTOR('',#12123,10.);
#3810=VECTOR('',#12124,10.);
#3811=VECTOR('',#12125,10.);
#3812=VECTOR('',#12126,10.);
#3813=VECTOR('',#12127,10.);
#3814=VECTOR('',#12128,10.);
#3815=VECTOR('',#12129,10.);
#3816=VECTOR('',#12130,10.);
#3817=VECTOR('',#12131,10.);
#3818=VECTOR('',#12132,10.);
#3819=VECTOR('',#12133,10.);
#3820=VECTOR('',#12134,10.);
#3821=VECTOR('',#12135,10.);
#3822=VECTOR('',#12136,10.);
#3823=VECTOR('',#12137,10.);
#3824=VECTOR('',#12138,10.);
#3825=VECTOR('',#12139,10.);
#3826=VECTOR('',#12140,10.);
#3827=VECTOR('',#12141,10.);
#3828=VECTOR('',#12142,10.);
#3829=VECTOR('',#12143,10.);
#3830=VECTOR('',#12144,10.);
#3831=VECTOR('',#12145,10.);
#3832=VECTOR('',#12146,10.);
#3833=VECTOR('',#12147,10.);
#3834=VECTOR('',#12148,10.);
#3835=VECTOR('',#12149,10.);
#3836=VECTOR('',#12150,10.);
#3837=VECTOR('',#12151,10.);
#3838=VECTOR('',#12152,10.);
#3839=VECTOR('',#12153,10.);
#3840=VECTOR('',#12154,10.);
#3841=VECTOR('',#12155,10.);
#3842=VECTOR('',#12156,10.);
#3843=VECTOR('',#12157,10.);
#3844=VECTOR('',#12158,10.);
#3845=VECTOR('',#12159,10.);
#3846=VECTOR('',#12160,10.);
#3847=VECTOR('',#12161,10.);
#3848=VECTOR('',#12162,10.);
#3849=VECTOR('',#12163,10.);
#3850=VECTOR('',#12164,10.);
#3851=VECTOR('',#12165,10.);
#3852=VECTOR('',#12166,10.);
#3853=VECTOR('',#12167,10.);
#3854=VECTOR('',#12168,10.);
#3855=VECTOR('',#12169,10.);
#3856=VECTOR('',#12170,10.);
#3857=VECTOR('',#12171,10.);
#3858=VECTOR('',#12172,10.);
#3859=VECTOR('',#12173,10.);
#3860=VECTOR('',#12174,10.);
#3861=VECTOR('',#12175,10.);
#3862=VECTOR('',#12176,10.);
#3863=VECTOR('',#12177,10.);
#3864=VECTOR('',#12178,10.);
#3865=VECTOR('',#12179,10.);
#3866=VECTOR('',#12180,10.);
#3867=VECTOR('',#12181,10.);
#3868=VECTOR('',#12182,10.);
#3869=VECTOR('',#12183,10.);
#3870=VECTOR('',#12184,10.);
#3871=VECTOR('',#12185,10.);
#3872=VECTOR('',#12186,10.);
#3873=VECTOR('',#12187,10.);
#3874=VECTOR('',#12188,10.);
#3875=VECTOR('',#12189,10.);
#3876=VECTOR('',#12190,10.);
#3877=VECTOR('',#12191,10.);
#3878=VECTOR('',#12192,10.);
#3879=VECTOR('',#12193,10.);
#3880=VECTOR('',#12194,10.);
#3881=VECTOR('',#12195,10.);
#3882=VECTOR('',#12196,10.);
#3883=VECTOR('',#12197,10.);
#3884=VECTOR('',#12198,10.);
#3885=VECTOR('',#12199,10.);
#3886=VECTOR('',#12200,10.);
#3887=VECTOR('',#12201,10.);
#3888=VECTOR('',#12202,10.);
#3889=VECTOR('',#12203,10.);
#3890=VECTOR('',#12204,10.);
#3891=VECTOR('',#12205,10.);
#3892=VECTOR('',#12206,10.);
#3893=VECTOR('',#12207,10.);
#3894=VECTOR('',#12208,10.);
#3895=VECTOR('',#12209,10.);
#3896=VECTOR('',#12210,10.);
#3897=VECTOR('',#12211,10.);
#3898=VECTOR('',#12218,10.);
#3899=VECTOR('',#12225,10.);
#3900=VECTOR('',#12226,10.);
#3901=VECTOR('',#12227,10.);
#3902=VECTOR('',#12228,10.);
#3903=VECTOR('',#12229,10.);
#3904=VECTOR('',#12230,10.);
#3905=VECTOR('',#12231,10.);
#3906=VECTOR('',#12232,10.);
#3907=VECTOR('',#12239,10.);
#3908=VECTOR('',#12246,10.);
#3909=VECTOR('',#12253,10.);
#3910=VECTOR('',#12262,61.);
#3911=VECTOR('',#12275,10.);
#3912=VECTOR('',#12276,10.);
#3913=VECTOR('',#12277,10.);
#3914=VECTOR('',#12278,10.);
#3915=VECTOR('',#12279,10.);
#3916=VECTOR('',#12280,10.);
#3917=VECTOR('',#12281,10.);
#3918=VECTOR('',#12282,10.);
#3919=VECTOR('',#12283,10.);
#3920=VECTOR('',#12284,10.);
#3921=VECTOR('',#12285,10.);
#3922=VECTOR('',#12286,10.);
#3923=VECTOR('',#12287,10.);
#3924=VECTOR('',#12288,10.);
#3925=VECTOR('',#12289,10.);
#3926=VECTOR('',#12290,10.);
#3927=VECTOR('',#12291,10.);
#3928=VECTOR('',#12292,10.);
#3929=VECTOR('',#12293,10.);
#3930=VECTOR('',#12294,10.);
#3931=VECTOR('',#12295,10.);
#3932=VECTOR('',#12296,10.);
#3933=VECTOR('',#12297,10.);
#3934=VECTOR('',#12298,10.);
#3935=VECTOR('',#12299,10.);
#3936=VECTOR('',#12300,10.);
#3937=VECTOR('',#12301,10.);
#3938=VECTOR('',#12302,10.);
#3939=VECTOR('',#12303,10.);
#3940=VECTOR('',#12304,10.);
#3941=VECTOR('',#12305,10.);
#3942=VECTOR('',#12306,10.);
#3943=VECTOR('',#12307,10.);
#3944=VECTOR('',#12308,10.);
#3945=VECTOR('',#12309,10.);
#3946=VECTOR('',#12310,10.);
#3947=VECTOR('',#12311,10.);
#3948=VECTOR('',#12312,10.);
#3949=VECTOR('',#12313,10.);
#3950=VECTOR('',#12314,10.);
#3951=VECTOR('',#12315,10.);
#3952=VECTOR('',#12316,10.);
#3953=VECTOR('',#12317,10.);
#3954=VECTOR('',#12318,10.);
#3955=VECTOR('',#12319,10.);
#3956=VECTOR('',#12320,10.);
#3957=VECTOR('',#12321,10.);
#3958=VECTOR('',#12322,10.);
#3959=VECTOR('',#12323,10.);
#3960=VECTOR('',#12324,10.);
#3961=VECTOR('',#12325,10.);
#3962=VECTOR('',#12326,10.);
#3963=VECTOR('',#12327,10.);
#3964=VECTOR('',#12328,10.);
#3965=VECTOR('',#12329,10.);
#3966=VECTOR('',#12330,10.);
#3967=VECTOR('',#12331,10.);
#3968=VECTOR('',#12332,10.);
#3969=VECTOR('',#12333,10.);
#3970=VECTOR('',#12334,10.);
#3971=VECTOR('',#12335,10.);
#3972=VECTOR('',#12336,10.);
#3973=VECTOR('',#12337,10.);
#3974=VECTOR('',#12338,10.);
#3975=VECTOR('',#12339,10.);
#3976=VECTOR('',#12340,10.);
#3977=VECTOR('',#12341,10.);
#3978=VECTOR('',#12342,10.);
#3979=VECTOR('',#12343,10.);
#3980=VECTOR('',#12344,10.);
#3981=VECTOR('',#12345,10.);
#3982=VECTOR('',#12346,10.);
#3983=VECTOR('',#12347,10.);
#3984=VECTOR('',#12348,10.);
#3985=VECTOR('',#12349,10.);
#3986=VECTOR('',#12350,10.);
#3987=VECTOR('',#12351,10.);
#3988=VECTOR('',#12352,10.);
#3989=VECTOR('',#12353,10.);
#3990=VECTOR('',#12354,10.);
#3991=VECTOR('',#12355,10.);
#3992=VECTOR('',#12356,10.);
#3993=VECTOR('',#12357,10.);
#3994=VECTOR('',#12358,10.);
#3995=VECTOR('',#12359,10.);
#3996=VECTOR('',#12360,10.);
#3997=VECTOR('',#12361,10.);
#3998=VECTOR('',#12362,10.);
#3999=VECTOR('',#12363,10.);
#4000=VECTOR('',#12364,10.);
#4001=VECTOR('',#12365,10.);
#4002=VECTOR('',#12366,10.);
#4003=VECTOR('',#12367,10.);
#4004=VECTOR('',#12368,10.);
#4005=VECTOR('',#12369,10.);
#4006=VECTOR('',#12370,10.);
#4007=VECTOR('',#12371,10.);
#4008=VECTOR('',#12372,10.);
#4009=VECTOR('',#12373,10.);
#4010=VECTOR('',#12374,10.);
#4011=VECTOR('',#12375,10.);
#4012=VECTOR('',#12376,10.);
#4013=VECTOR('',#12377,10.);
#4014=VECTOR('',#12378,10.);
#4015=VECTOR('',#12379,10.);
#4016=VECTOR('',#12380,10.);
#4017=VECTOR('',#12381,10.);
#4018=VECTOR('',#12382,10.);
#4019=VECTOR('',#12383,10.);
#4020=VECTOR('',#12384,10.);
#4021=VECTOR('',#12385,10.);
#4022=VECTOR('',#12386,10.);
#4023=VECTOR('',#12387,10.);
#4024=VECTOR('',#12388,10.);
#4025=VECTOR('',#12389,10.);
#4026=VECTOR('',#12390,10.);
#4027=VECTOR('',#12391,10.);
#4028=VECTOR('',#12392,10.);
#4029=VECTOR('',#12393,10.);
#4030=VECTOR('',#12394,10.);
#4031=VECTOR('',#12395,10.);
#4032=VECTOR('',#12396,10.);
#4033=VECTOR('',#12397,10.);
#4034=VECTOR('',#12398,10.);
#4035=VECTOR('',#12399,10.);
#4036=VECTOR('',#12400,10.);
#4037=VECTOR('',#12401,10.);
#4038=VECTOR('',#12402,10.);
#4039=VECTOR('',#12403,10.);
#4040=VECTOR('',#12404,10.);
#4041=VECTOR('',#12405,10.);
#4042=VECTOR('',#12406,10.);
#4043=VECTOR('',#12433,10.);
#4044=VECTOR('',#12434,10.);
#4045=VECTOR('',#12463,10.);
#4046=VECTOR('',#12464,10.);
#4047=VECTOR('',#12483,10.);
#4048=VECTOR('',#12490,10.);
#4049=VECTOR('',#12497,10.);
#4050=VECTOR('',#12504,10.);
#4051=VECTOR('',#12521,10.);
#4052=VECTOR('',#12544,10.);
#4053=VECTOR('',#12565,10.);
#4054=VECTOR('',#12588,10.);
#4055=VECTOR('',#12597,10.);
#4056=VECTOR('',#12598,10.);
#4057=VECTOR('',#12601,10.);
#4058=VECTOR('',#12602,10.);
#4059=VECTOR('',#12605,10.);
#4060=VECTOR('',#12606,10.);
#4061=VECTOR('',#12609,10.);
#4062=VECTOR('',#12612,10.);
#4063=VECTOR('',#12615,10.);
#4064=VECTOR('',#12618,10.);
#4065=VECTOR('',#12621,10.);
#4066=VECTOR('',#12624,10.);
#4067=VECTOR('',#12627,10.);
#4068=VECTOR('',#12630,10.);
#4069=VECTOR('',#12633,10.);
#4070=VECTOR('',#12636,10.);
#4071=VECTOR('',#12639,10.);
#4072=VECTOR('',#12642,10.);
#4073=VECTOR('',#12647,10.);
#4074=VECTOR('',#12650,10.);
#4075=VECTOR('',#12655,10.);
#4076=VECTOR('',#12656,10.);
#4077=VECTOR('',#12659,10.);
#4078=VECTOR('',#12662,10.);
#4079=VECTOR('',#12665,10.);
#4080=VECTOR('',#12668,10.);
#4081=VECTOR('',#12673,10.);
#4082=VECTOR('',#12674,10.);
#4083=VECTOR('',#12677,10.);
#4084=VECTOR('',#12680,10.);
#4085=VECTOR('',#12683,10.);
#4086=VECTOR('',#12686,10.);
#4087=VECTOR('',#12691,10.);
#4088=VECTOR('',#12692,10.);
#4089=VECTOR('',#12695,10.);
#4090=VECTOR('',#12698,10.);
#4091=VECTOR('',#12701,10.);
#4092=VECTOR('',#12704,10.);
#4093=VECTOR('',#12709,10.);
#4094=VECTOR('',#12712,10.);
#4095=VECTOR('',#12717,10.);
#4096=VECTOR('',#12720,10.);
#4097=VECTOR('',#12725,10.);
#4098=VECTOR('',#12728,10.);
#4099=VECTOR('',#12733,10.);
#4100=VECTOR('',#12736,10.);
#4101=VECTOR('',#12741,10.);
#4102=VECTOR('',#12744,10.);
#4103=VECTOR('',#12749,10.);
#4104=VECTOR('',#12750,10.);
#4105=VECTOR('',#12753,10.);
#4106=VECTOR('',#12756,10.);
#4107=VECTOR('',#12759,10.);
#4108=VECTOR('',#12762,10.);
#4109=VECTOR('',#12767,10.);
#4110=VECTOR('',#12768,10.);
#4111=VECTOR('',#12771,10.);
#4112=VECTOR('',#12774,10.);
#4113=VECTOR('',#12777,10.);
#4114=VECTOR('',#12780,10.);
#4115=VECTOR('',#12785,10.);
#4116=VECTOR('',#12786,10.);
#4117=VECTOR('',#12789,10.);
#4118=VECTOR('',#12792,10.);
#4119=VECTOR('',#12795,10.);
#4120=VECTOR('',#12798,10.);
#4121=VECTOR('',#12803,10.);
#4122=VECTOR('',#12806,10.);
#4123=VECTOR('',#12811,10.);
#4124=VECTOR('',#12814,10.);
#4125=VECTOR('',#12819,10.);
#4126=VECTOR('',#12822,10.);
#4127=VECTOR('',#12827,10.);
#4128=VECTOR('',#12828,10.);
#4129=VECTOR('',#12831,10.);
#4130=VECTOR('',#12834,10.);
#4131=VECTOR('',#12837,10.);
#4132=VECTOR('',#12840,10.);
#4133=VECTOR('',#12845,10.);
#4134=VECTOR('',#12846,10.);
#4135=VECTOR('',#12849,10.);
#4136=VECTOR('',#12852,10.);
#4137=VECTOR('',#12855,10.);
#4138=VECTOR('',#12858,10.);
#4139=VECTOR('',#12863,10.);
#4140=VECTOR('',#12864,10.);
#4141=VECTOR('',#12867,10.);
#4142=VECTOR('',#12870,10.);
#4143=VECTOR('',#12873,10.);
#4144=VECTOR('',#12876,10.);
#4145=VECTOR('',#12881,10.);
#4146=VECTOR('',#12882,10.);
#4147=VECTOR('',#12885,10.);
#4148=VECTOR('',#12888,10.);
#4149=VECTOR('',#12891,10.);
#4150=VECTOR('',#12894,10.);
#4151=VECTOR('',#12899,10.);
#4152=VECTOR('',#12902,10.);
#4153=VECTOR('',#12907,10.);
#4154=VECTOR('',#12910,10.);
#4155=VECTOR('',#12915,10.);
#4156=VECTOR('',#12918,10.);
#4157=VECTOR('',#12923,10.);
#4158=VECTOR('',#12926,10.);
#4159=VECTOR('',#12931,10.);
#4160=VECTOR('',#12932,10.);
#4161=VECTOR('',#12935,10.);
#4162=VECTOR('',#12938,10.);
#4163=VECTOR('',#12941,10.);
#4164=VECTOR('',#12944,10.);
#4165=VECTOR('',#12949,10.);
#4166=VECTOR('',#12950,10.);
#4167=VECTOR('',#12953,10.);
#4168=VECTOR('',#12956,10.);
#4169=VECTOR('',#12959,10.);
#4170=VECTOR('',#12962,10.);
#4171=VECTOR('',#12967,10.);
#4172=VECTOR('',#12968,10.);
#4173=VECTOR('',#12971,10.);
#4174=VECTOR('',#12974,10.);
#4175=VECTOR('',#12977,10.);
#4176=VECTOR('',#12980,10.);
#4177=VECTOR('',#12985,10.);
#4178=VECTOR('',#12986,10.);
#4179=VECTOR('',#12989,10.);
#4180=VECTOR('',#12992,10.);
#4181=VECTOR('',#12995,10.);
#4182=VECTOR('',#12998,10.);
#4183=VECTOR('',#13003,10.);
#4184=VECTOR('',#13006,10.);
#4185=VECTOR('',#13011,10.);
#4186=VECTOR('',#13014,10.);
#4187=VECTOR('',#13019,10.);
#4188=VECTOR('',#13022,10.);
#4189=VECTOR('',#13023,10.);
#4190=VECTOR('',#13026,10.);
#4191=VECTOR('',#13033,10.);
#4192=VECTOR('',#13036,10.);
#4193=VECTOR('',#13041,10.);
#4194=VECTOR('',#13044,10.);
#4195=CIRCLE('',#9875,2.69999999999996);
#4196=CIRCLE('',#9876,2.69999999999996);
#4197=CIRCLE('',#9886,2.70000000000003);
#4198=CIRCLE('',#9887,2.70000000000003);
#4199=CIRCLE('',#9897,2.7);
#4200=CIRCLE('',#9898,2.7);
#4201=CIRCLE('',#9908,2.7);
#4202=CIRCLE('',#9909,2.7);
#4203=CIRCLE('',#9919,2.7);
#4204=CIRCLE('',#9920,2.7);
#4205=CIRCLE('',#9930,2.7);
#4206=CIRCLE('',#9931,2.7);
#4207=CIRCLE('',#9941,2.7);
#4208=CIRCLE('',#9942,2.7);
#4209=CIRCLE('',#9952,2.7);
#4210=CIRCLE('',#9953,2.7);
#4211=CIRCLE('',#9963,2.7);
#4212=CIRCLE('',#9964,2.7);
#4213=CIRCLE('',#9974,2.7);
#4214=CIRCLE('',#9975,2.7);
#4215=CIRCLE('',#9985,2.7);
#4216=CIRCLE('',#9986,2.7);
#4217=CIRCLE('',#9996,2.7);
#4218=CIRCLE('',#9997,2.7);
#4219=CIRCLE('',#10007,2.7);
#4220=CIRCLE('',#10008,2.7);
#4221=CIRCLE('',#10018,2.69999999999996);
#4222=CIRCLE('',#10019,2.69999999999996);
#4223=CIRCLE('',#10029,2.69999999999996);
#4224=CIRCLE('',#10030,2.69999999999996);
#4225=CIRCLE('',#10040,2.70000000000003);
#4226=CIRCLE('',#10041,2.70000000000003);
#4227=CIRCLE('',#10051,2.7);
#4228=CIRCLE('',#10052,2.7);
#4229=CIRCLE('',#10062,2.7);
#4230=CIRCLE('',#10063,2.7);
#4231=CIRCLE('',#10073,2.7);
#4232=CIRCLE('',#10074,2.7);
#4233=CIRCLE('',#10084,2.7);
#4234=CIRCLE('',#10085,2.7);
#4235=CIRCLE('',#10095,2.7);
#4236=CIRCLE('',#10096,2.7);
#4237=CIRCLE('',#10106,2.7);
#4238=CIRCLE('',#10107,2.7);
#4239=CIRCLE('',#10117,2.7);
#4240=CIRCLE('',#10118,2.7);
#4241=CIRCLE('',#10128,2.7);
#4242=CIRCLE('',#10129,2.7);
#4243=CIRCLE('',#10139,2.7);
#4244=CIRCLE('',#10140,2.7);
#4245=CIRCLE('',#10150,2.7);
#4246=CIRCLE('',#10151,2.7);
#4247=CIRCLE('',#10161,2.7);
#4248=CIRCLE('',#10162,2.7);
#4249=CIRCLE('',#10172,2.7);
#4250=CIRCLE('',#10173,2.7);
#4251=CIRCLE('',#10183,2.69999999999996);
#4252=CIRCLE('',#10184,2.69999999999996);
#4253=CIRCLE('',#10194,2.69999999999996);
#4254=CIRCLE('',#10195,2.69999999999996);
#4255=CIRCLE('',#10205,1.75000000000011);
#4256=CIRCLE('',#10206,1.75000000000011);
#4257=CIRCLE('',#10208,1.75000000000011);
#4258=CIRCLE('',#10209,1.75000000000011);
#4259=CIRCLE('',#10211,1.75000000000011);
#4260=CIRCLE('',#10212,1.75000000000011);
#4261=CIRCLE('',#10214,1.75000000000011);
#4262=CIRCLE('',#10215,1.75000000000011);
#4263=CIRCLE('',#10217,2.5);
#4264=CIRCLE('',#10218,2.5);
#4265=CIRCLE('',#10268,61.0000000000001);
#4266=CIRCLE('',#10269,10.);
#4267=CIRCLE('',#10270,47.5);
#4268=CIRCLE('',#10271,10.);
#4269=CIRCLE('',#10272,5.);
#4270=CIRCLE('',#10273,12.5);
#4271=CIRCLE('',#10274,5.);
#4272=CIRCLE('',#10275,5.);
#4273=CIRCLE('',#10276,12.5);
#4274=CIRCLE('',#10277,5.);
#4275=CIRCLE('',#10278,10.);
#4276=CIRCLE('',#10279,47.5);
#4277=CIRCLE('',#10280,10.);
#4278=CIRCLE('',#10281,5.);
#4279=CIRCLE('',#10282,12.5);
#4280=CIRCLE('',#10283,5.);
#4281=CIRCLE('',#10284,10.);
#4282=CIRCLE('',#10285,47.5);
#4283=CIRCLE('',#10286,10.);
#4284=CIRCLE('',#10288,61.);
#4285=CIRCLE('',#10289,61.);
#4286=CIRCLE('',#10291,60.);
#4287=CIRCLE('',#10292,1.);
#4288=CIRCLE('',#10294,47.5);
#4289=CIRCLE('',#10295,47.5);
#4290=CIRCLE('',#10296,47.5);
#4291=CIRCLE('',#10297,47.5);
#4292=CIRCLE('',#10298,47.5);
#4293=CIRCLE('',#10299,47.5);
#4294=CIRCLE('',#10300,2.);
#4295=CIRCLE('',#10302,2.00000000000001);
#4296=CIRCLE('',#10303,12.);
#4297=CIRCLE('',#10304,10.);
#4298=CIRCLE('',#10306,2.00000000000002);
#4299=CIRCLE('',#10308,1.99999999999998);
#4300=CIRCLE('',#10309,7.);
#4301=CIRCLE('',#10310,5.);
#4302=CIRCLE('',#10312,1.99999999999998);
#4303=CIRCLE('',#10313,10.5);
#4304=CIRCLE('',#10314,12.5);
#4305=CIRCLE('',#10316,1.99999999999999);
#4306=CIRCLE('',#10317,7.);
#4307=CIRCLE('',#10318,5.);
#4308=CIRCLE('',#10320,1.99999999999999);
#4309=CIRCLE('',#10322,1.99999999999999);
#4310=CIRCLE('',#10323,12.);
#4311=CIRCLE('',#10324,10.);
#4312=CIRCLE('',#10326,42.9174243050442);
#4313=CIRCLE('',#10328,42.9174243050442);
#4314=CIRCLE('',#10329,12.);
#4315=CIRCLE('',#10330,7.);
#4316=CIRCLE('',#10331,10.5);
#4317=CIRCLE('',#10332,7.);
#4318=CIRCLE('',#10333,12.);
#4319=CIRCLE('',#10334,42.9174243050442);
#4320=CIRCLE('',#10335,12.);
#4321=CIRCLE('',#10336,7.);
#4322=CIRCLE('',#10337,10.5);
#4323=CIRCLE('',#10338,7.);
#4324=CIRCLE('',#10339,12.);
#4325=CIRCLE('',#10341,2.);
#4326=CIRCLE('',#10343,1.99999999999999);
#4327=CIRCLE('',#10344,10.);
#4328=CIRCLE('',#10346,1.99999999999999);
#4329=CIRCLE('',#10348,1.99999999999999);
#4330=CIRCLE('',#10349,5.);
#4331=CIRCLE('',#10351,2.);
#4332=CIRCLE('',#10352,12.5);
#4333=CIRCLE('',#10354,2.00000000000001);
#4334=CIRCLE('',#10355,5.);
#4335=CIRCLE('',#10357,2.00000000000001);
#4336=CIRCLE('',#10359,2.);
#4337=CIRCLE('',#10360,10.);
#4338=CIRCLE('',#10362,2.);
#4339=CIRCLE('',#10364,2.00000000000003);
#4340=CIRCLE('',#10365,10.);
#4341=CIRCLE('',#10367,1.99999999999999);
#4342=CIRCLE('',#10369,1.99999999999998);
#4343=CIRCLE('',#10370,5.);
#4344=CIRCLE('',#10372,2.00000000000002);
#4345=CIRCLE('',#10373,12.5);
#4346=CIRCLE('',#10375,2.00000000000001);
#4347=CIRCLE('',#10376,5.);
#4348=CIRCLE('',#10378,2.00000000000001);
#4349=CIRCLE('',#10380,2.00000000000001);
#4350=CIRCLE('',#10381,10.);
#4351=VERTEX_POINT('',#13070);
#4352=VERTEX_POINT('',#13072);
#4353=VERTEX_POINT('',#13076);
#4354=VERTEX_POINT('',#13077);
#4355=VERTEX_POINT('',#13079);
#4356=VERTEX_POINT('',#13081);
#4357=VERTEX_POINT('',#13085);
#4358=VERTEX_POINT('',#13087);
#4359=VERTEX_POINT('',#13091);
#4360=VERTEX_POINT('',#13093);
#4361=VERTEX_POINT('',#13097);
#4362=VERTEX_POINT('',#13099);
#4363=VERTEX_POINT('',#13103);
#4364=VERTEX_POINT('',#13105);
#4365=VERTEX_POINT('',#13114);
#4366=VERTEX_POINT('',#13116);
#4367=VERTEX_POINT('',#13120);
#4368=VERTEX_POINT('',#13121);
#4369=VERTEX_POINT('',#13123);
#4370=VERTEX_POINT('',#13125);
#4371=VERTEX_POINT('',#13129);
#4372=VERTEX_POINT('',#13131);
#4373=VERTEX_POINT('',#13135);
#4374=VERTEX_POINT('',#13137);
#4375=VERTEX_POINT('',#13141);
#4376=VERTEX_POINT('',#13143);
#4377=VERTEX_POINT('',#13147);
#4378=VERTEX_POINT('',#13149);
#4379=VERTEX_POINT('',#13158);
#4380=VERTEX_POINT('',#13160);
#4381=VERTEX_POINT('',#13164);
#4382=VERTEX_POINT('',#13165);
#4383=VERTEX_POINT('',#13167);
#4384=VERTEX_POINT('',#13169);
#4385=VERTEX_POINT('',#13173);
#4386=VERTEX_POINT('',#13175);
#4387=VERTEX_POINT('',#13179);
#4388=VERTEX_POINT('',#13181);
#4389=VERTEX_POINT('',#13185);
#4390=VERTEX_POINT('',#13187);
#4391=VERTEX_POINT('',#13191);
#4392=VERTEX_POINT('',#13193);
#4393=VERTEX_POINT('',#13202);
#4394=VERTEX_POINT('',#13204);
#4395=VERTEX_POINT('',#13208);
#4396=VERTEX_POINT('',#13209);
#4397=VERTEX_POINT('',#13211);
#4398=VERTEX_POINT('',#13213);
#4399=VERTEX_POINT('',#13217);
#4400=VERTEX_POINT('',#13219);
#4401=VERTEX_POINT('',#13223);
#4402=VERTEX_POINT('',#13225);
#4403=VERTEX_POINT('',#13229);
#4404=VERTEX_POINT('',#13231);
#4405=VERTEX_POINT('',#13235);
#4406=VERTEX_POINT('',#13237);
#4407=VERTEX_POINT('',#13246);
#4408=VERTEX_POINT('',#13248);
#4409=VERTEX_POINT('',#13252);
#4410=VERTEX_POINT('',#13253);
#4411=VERTEX_POINT('',#13255);
#4412=VERTEX_POINT('',#13257);
#4413=VERTEX_POINT('',#13261);
#4414=VERTEX_POINT('',#13263);
#4415=VERTEX_POINT('',#13267);
#4416=VERTEX_POINT('',#13269);
#4417=VERTEX_POINT('',#13273);
#4418=VERTEX_POINT('',#13275);
#4419=VERTEX_POINT('',#13279);
#4420=VERTEX_POINT('',#13281);
#4421=VERTEX_POINT('',#13290);
#4422=VERTEX_POINT('',#13292);
#4423=VERTEX_POINT('',#13296);
#4424=VERTEX_POINT('',#13297);
#4425=VERTEX_POINT('',#13299);
#4426=VERTEX_POINT('',#13301);
#4427=VERTEX_POINT('',#13305);
#4428=VERTEX_POINT('',#13307);
#4429=VERTEX_POINT('',#13311);
#4430=VERTEX_POINT('',#13313);
#4431=VERTEX_POINT('',#13317);
#4432=VERTEX_POINT('',#13319);
#4433=VERTEX_POINT('',#13323);
#4434=VERTEX_POINT('',#13325);
#4435=VERTEX_POINT('',#13334);
#4436=VERTEX_POINT('',#13336);
#4437=VERTEX_POINT('',#13340);
#4438=VERTEX_POINT('',#13341);
#4439=VERTEX_POINT('',#13343);
#4440=VERTEX_POINT('',#13345);
#4441=VERTEX_POINT('',#13349);
#4442=VERTEX_POINT('',#13351);
#4443=VERTEX_POINT('',#13355);
#4444=VERTEX_POINT('',#13357);
#4445=VERTEX_POINT('',#13361);
#4446=VERTEX_POINT('',#13363);
#4447=VERTEX_POINT('',#13367);
#4448=VERTEX_POINT('',#13369);
#4449=VERTEX_POINT('',#13378);
#4450=VERTEX_POINT('',#13380);
#4451=VERTEX_POINT('',#13384);
#4452=VERTEX_POINT('',#13385);
#4453=VERTEX_POINT('',#13387);
#4454=VERTEX_POINT('',#13389);
#4455=VERTEX_POINT('',#13393);
#4456=VERTEX_POINT('',#13395);
#4457=VERTEX_POINT('',#13399);
#4458=VERTEX_POINT('',#13401);
#4459=VERTEX_POINT('',#13405);
#4460=VERTEX_POINT('',#13407);
#4461=VERTEX_POINT('',#13411);
#4462=VERTEX_POINT('',#13413);
#4463=VERTEX_POINT('',#13422);
#4464=VERTEX_POINT('',#13424);
#4465=VERTEX_POINT('',#13428);
#4466=VERTEX_POINT('',#13429);
#4467=VERTEX_POINT('',#13431);
#4468=VERTEX_POINT('',#13433);
#4469=VERTEX_POINT('',#13437);
#4470=VERTEX_POINT('',#13439);
#4471=VERTEX_POINT('',#13443);
#4472=VERTEX_POINT('',#13445);
#4473=VERTEX_POINT('',#13449);
#4474=VERTEX_POINT('',#13451);
#4475=VERTEX_POINT('',#13455);
#4476=VERTEX_POINT('',#13457);
#4477=VERTEX_POINT('',#13466);
#4478=VERTEX_POINT('',#13468);
#4479=VERTEX_POINT('',#13472);
#4480=VERTEX_POINT('',#13473);
#4481=VERTEX_POINT('',#13475);
#4482=VERTEX_POINT('',#13477);
#4483=VERTEX_POINT('',#13481);
#4484=VERTEX_POINT('',#13483);
#4485=VERTEX_POINT('',#13487);
#4486=VERTEX_POINT('',#13489);
#4487=VERTEX_POINT('',#13493);
#4488=VERTEX_POINT('',#13495);
#4489=VERTEX_POINT('',#13499);
#4490=VERTEX_POINT('',#13501);
#4491=VERTEX_POINT('',#13510);
#4492=VERTEX_POINT('',#13512);
#4493=VERTEX_POINT('',#13516);
#4494=VERTEX_POINT('',#13517);
#4495=VERTEX_POINT('',#13519);
#4496=VERTEX_POINT('',#13521);
#4497=VERTEX_POINT('',#13525);
#4498=VERTEX_POINT('',#13527);
#4499=VERTEX_POINT('',#13531);
#4500=VERTEX_POINT('',#13533);
#4501=VERTEX_POINT('',#13537);
#4502=VERTEX_POINT('',#13539);
#4503=VERTEX_POINT('',#13543);
#4504=VERTEX_POINT('',#13545);
#4505=VERTEX_POINT('',#13554);
#4506=VERTEX_POINT('',#13556);
#4507=VERTEX_POINT('',#13560);
#4508=VERTEX_POINT('',#13561);
#4509=VERTEX_POINT('',#13563);
#4510=VERTEX_POINT('',#13565);
#4511=VERTEX_POINT('',#13569);
#4512=VERTEX_POINT('',#13571);
#4513=VERTEX_POINT('',#13575);
#4514=VERTEX_POINT('',#13577);
#4515=VERTEX_POINT('',#13581);
#4516=VERTEX_POINT('',#13583);
#4517=VERTEX_POINT('',#13587);
#4518=VERTEX_POINT('',#13589);
#4519=VERTEX_POINT('',#13598);
#4520=VERTEX_POINT('',#13600);
#4521=VERTEX_POINT('',#13604);
#4522=VERTEX_POINT('',#13605);
#4523=VERTEX_POINT('',#13607);
#4524=VERTEX_POINT('',#13609);
#4525=VERTEX_POINT('',#13613);
#4526=VERTEX_POINT('',#13615);
#4527=VERTEX_POINT('',#13619);
#4528=VERTEX_POINT('',#13621);
#4529=VERTEX_POINT('',#13625);
#4530=VERTEX_POINT('',#13627);
#4531=VERTEX_POINT('',#13631);
#4532=VERTEX_POINT('',#13633);
#4533=VERTEX_POINT('',#13642);
#4534=VERTEX_POINT('',#13644);
#4535=VERTEX_POINT('',#13648);
#4536=VERTEX_POINT('',#13649);
#4537=VERTEX_POINT('',#13651);
#4538=VERTEX_POINT('',#13653);
#4539=VERTEX_POINT('',#13657);
#4540=VERTEX_POINT('',#13659);
#4541=VERTEX_POINT('',#13663);
#4542=VERTEX_POINT('',#13665);
#4543=VERTEX_POINT('',#13669);
#4544=VERTEX_POINT('',#13671);
#4545=VERTEX_POINT('',#13675);
#4546=VERTEX_POINT('',#13677);
#4547=VERTEX_POINT('',#13686);
#4548=VERTEX_POINT('',#13688);
#4549=VERTEX_POINT('',#13692);
#4550=VERTEX_POINT('',#13693);
#4551=VERTEX_POINT('',#13695);
#4552=VERTEX_POINT('',#13697);
#4553=VERTEX_POINT('',#13701);
#4554=VERTEX_POINT('',#13703);
#4555=VERTEX_POINT('',#13707);
#4556=VERTEX_POINT('',#13709);
#4557=VERTEX_POINT('',#13713);
#4558=VERTEX_POINT('',#13715);
#4559=VERTEX_POINT('',#13719);
#4560=VERTEX_POINT('',#13721);
#4561=VERTEX_POINT('',#13730);
#4562=VERTEX_POINT('',#13732);
#4563=VERTEX_POINT('',#13736);
#4564=VERTEX_POINT('',#13737);
#4565=VERTEX_POINT('',#13739);
#4566=VERTEX_POINT('',#13741);
#4567=VERTEX_POINT('',#13745);
#4568=VERTEX_POINT('',#13747);
#4569=VERTEX_POINT('',#13751);
#4570=VERTEX_POINT('',#13753);
#4571=VERTEX_POINT('',#13757);
#4572=VERTEX_POINT('',#13759);
#4573=VERTEX_POINT('',#13763);
#4574=VERTEX_POINT('',#13765);
#4575=VERTEX_POINT('',#13774);
#4576=VERTEX_POINT('',#13776);
#4577=VERTEX_POINT('',#13780);
#4578=VERTEX_POINT('',#13781);
#4579=VERTEX_POINT('',#13783);
#4580=VERTEX_POINT('',#13785);
#4581=VERTEX_POINT('',#13789);
#4582=VERTEX_POINT('',#13791);
#4583=VERTEX_POINT('',#13795);
#4584=VERTEX_POINT('',#13797);
#4585=VERTEX_POINT('',#13801);
#4586=VERTEX_POINT('',#13803);
#4587=VERTEX_POINT('',#13807);
#4588=VERTEX_POINT('',#13809);
#4589=VERTEX_POINT('',#13818);
#4590=VERTEX_POINT('',#13820);
#4591=VERTEX_POINT('',#13824);
#4592=VERTEX_POINT('',#13825);
#4593=VERTEX_POINT('',#13827);
#4594=VERTEX_POINT('',#13829);
#4595=VERTEX_POINT('',#13833);
#4596=VERTEX_POINT('',#13835);
#4597=VERTEX_POINT('',#13839);
#4598=VERTEX_POINT('',#13841);
#4599=VERTEX_POINT('',#13845);
#4600=VERTEX_POINT('',#13847);
#4601=VERTEX_POINT('',#13851);
#4602=VERTEX_POINT('',#13853);
#4603=VERTEX_POINT('',#13862);
#4604=VERTEX_POINT('',#13864);
#4605=VERTEX_POINT('',#13868);
#4606=VERTEX_POINT('',#13869);
#4607=VERTEX_POINT('',#13871);
#4608=VERTEX_POINT('',#13873);
#4609=VERTEX_POINT('',#13877);
#4610=VERTEX_POINT('',#13879);
#4611=VERTEX_POINT('',#13883);
#4612=VERTEX_POINT('',#13885);
#4613=VERTEX_POINT('',#13889);
#4614=VERTEX_POINT('',#13891);
#4615=VERTEX_POINT('',#13895);
#4616=VERTEX_POINT('',#13897);
#4617=VERTEX_POINT('',#13906);
#4618=VERTEX_POINT('',#13908);
#4619=VERTEX_POINT('',#13912);
#4620=VERTEX_POINT('',#13913);
#4621=VERTEX_POINT('',#13915);
#4622=VERTEX_POINT('',#13917);
#4623=VERTEX_POINT('',#13921);
#4624=VERTEX_POINT('',#13923);
#4625=VERTEX_POINT('',#13927);
#4626=VERTEX_POINT('',#13929);
#4627=VERTEX_POINT('',#13933);
#4628=VERTEX_POINT('',#13935);
#4629=VERTEX_POINT('',#13939);
#4630=VERTEX_POINT('',#13941);
#4631=VERTEX_POINT('',#13950);
#4632=VERTEX_POINT('',#13952);
#4633=VERTEX_POINT('',#13956);
#4634=VERTEX_POINT('',#13957);
#4635=VERTEX_POINT('',#13959);
#4636=VERTEX_POINT('',#13961);
#4637=VERTEX_POINT('',#13965);
#4638=VERTEX_POINT('',#13967);
#4639=VERTEX_POINT('',#13971);
#4640=VERTEX_POINT('',#13973);
#4641=VERTEX_POINT('',#13977);
#4642=VERTEX_POINT('',#13979);
#4643=VERTEX_POINT('',#13983);
#4644=VERTEX_POINT('',#13985);
#4645=VERTEX_POINT('',#13994);
#4646=VERTEX_POINT('',#13996);
#4647=VERTEX_POINT('',#14000);
#4648=VERTEX_POINT('',#14001);
#4649=VERTEX_POINT('',#14003);
#4650=VERTEX_POINT('',#14005);
#4651=VERTEX_POINT('',#14009);
#4652=VERTEX_POINT('',#14011);
#4653=VERTEX_POINT('',#14015);
#4654=VERTEX_POINT('',#14017);
#4655=VERTEX_POINT('',#14021);
#4656=VERTEX_POINT('',#14023);
#4657=VERTEX_POINT('',#14027);
#4658=VERTEX_POINT('',#14029);
#4659=VERTEX_POINT('',#14038);
#4660=VERTEX_POINT('',#14040);
#4661=VERTEX_POINT('',#14044);
#4662=VERTEX_POINT('',#14045);
#4663=VERTEX_POINT('',#14047);
#4664=VERTEX_POINT('',#14049);
#4665=VERTEX_POINT('',#14053);
#4666=VERTEX_POINT('',#14055);
#4667=VERTEX_POINT('',#14059);
#4668=VERTEX_POINT('',#14061);
#4669=VERTEX_POINT('',#14065);
#4670=VERTEX_POINT('',#14067);
#4671=VERTEX_POINT('',#14071);
#4672=VERTEX_POINT('',#14073);
#4673=VERTEX_POINT('',#14082);
#4674=VERTEX_POINT('',#14084);
#4675=VERTEX_POINT('',#14088);
#4676=VERTEX_POINT('',#14089);
#4677=VERTEX_POINT('',#14091);
#4678=VERTEX_POINT('',#14093);
#4679=VERTEX_POINT('',#14097);
#4680=VERTEX_POINT('',#14099);
#4681=VERTEX_POINT('',#14103);
#4682=VERTEX_POINT('',#14105);
#4683=VERTEX_POINT('',#14109);
#4684=VERTEX_POINT('',#14111);
#4685=VERTEX_POINT('',#14115);
#4686=VERTEX_POINT('',#14117);
#4687=VERTEX_POINT('',#14126);
#4688=VERTEX_POINT('',#14128);
#4689=VERTEX_POINT('',#14132);
#4690=VERTEX_POINT('',#14133);
#4691=VERTEX_POINT('',#14135);
#4692=VERTEX_POINT('',#14137);
#4693=VERTEX_POINT('',#14141);
#4694=VERTEX_POINT('',#14143);
#4695=VERTEX_POINT('',#14147);
#4696=VERTEX_POINT('',#14149);
#4697=VERTEX_POINT('',#14153);
#4698=VERTEX_POINT('',#14155);
#4699=VERTEX_POINT('',#14159);
#4700=VERTEX_POINT('',#14161);
#4701=VERTEX_POINT('',#14170);
#4702=VERTEX_POINT('',#14172);
#4703=VERTEX_POINT('',#14176);
#4704=VERTEX_POINT('',#14177);
#4705=VERTEX_POINT('',#14179);
#4706=VERTEX_POINT('',#14181);
#4707=VERTEX_POINT('',#14185);
#4708=VERTEX_POINT('',#14187);
#4709=VERTEX_POINT('',#14191);
#4710=VERTEX_POINT('',#14193);
#4711=VERTEX_POINT('',#14197);
#4712=VERTEX_POINT('',#14199);
#4713=VERTEX_POINT('',#14203);
#4714=VERTEX_POINT('',#14205);
#4715=VERTEX_POINT('',#14214);
#4716=VERTEX_POINT('',#14216);
#4717=VERTEX_POINT('',#14220);
#4718=VERTEX_POINT('',#14221);
#4719=VERTEX_POINT('',#14223);
#4720=VERTEX_POINT('',#14225);
#4721=VERTEX_POINT('',#14229);
#4722=VERTEX_POINT('',#14231);
#4723=VERTEX_POINT('',#14235);
#4724=VERTEX_POINT('',#14237);
#4725=VERTEX_POINT('',#14241);
#4726=VERTEX_POINT('',#14243);
#4727=VERTEX_POINT('',#14247);
#4728=VERTEX_POINT('',#14249);
#4729=VERTEX_POINT('',#14258);
#4730=VERTEX_POINT('',#14260);
#4731=VERTEX_POINT('',#14264);
#4732=VERTEX_POINT('',#14265);
#4733=VERTEX_POINT('',#14267);
#4734=VERTEX_POINT('',#14269);
#4735=VERTEX_POINT('',#14273);
#4736=VERTEX_POINT('',#14275);
#4737=VERTEX_POINT('',#14279);
#4738=VERTEX_POINT('',#14281);
#4739=VERTEX_POINT('',#14285);
#4740=VERTEX_POINT('',#14287);
#4741=VERTEX_POINT('',#14291);
#4742=VERTEX_POINT('',#14293);
#4743=VERTEX_POINT('',#14302);
#4744=VERTEX_POINT('',#14304);
#4745=VERTEX_POINT('',#14308);
#4746=VERTEX_POINT('',#14309);
#4747=VERTEX_POINT('',#14311);
#4748=VERTEX_POINT('',#14313);
#4749=VERTEX_POINT('',#14317);
#4750=VERTEX_POINT('',#14319);
#4751=VERTEX_POINT('',#14323);
#4752=VERTEX_POINT('',#14325);
#4753=VERTEX_POINT('',#14329);
#4754=VERTEX_POINT('',#14331);
#4755=VERTEX_POINT('',#14335);
#4756=VERTEX_POINT('',#14337);
#4757=VERTEX_POINT('',#14346);
#4758=VERTEX_POINT('',#14348);
#4759=VERTEX_POINT('',#14352);
#4760=VERTEX_POINT('',#14353);
#4761=VERTEX_POINT('',#14355);
#4762=VERTEX_POINT('',#14357);
#4763=VERTEX_POINT('',#14361);
#4764=VERTEX_POINT('',#14363);
#4765=VERTEX_POINT('',#14367);
#4766=VERTEX_POINT('',#14369);
#4767=VERTEX_POINT('',#14373);
#4768=VERTEX_POINT('',#14375);
#4769=VERTEX_POINT('',#14379);
#4770=VERTEX_POINT('',#14381);
#4771=VERTEX_POINT('',#14390);
#4772=VERTEX_POINT('',#14392);
#4773=VERTEX_POINT('',#14396);
#4774=VERTEX_POINT('',#14398);
#4775=VERTEX_POINT('',#14402);
#4776=VERTEX_POINT('',#14404);
#4777=VERTEX_POINT('',#14408);
#4778=VERTEX_POINT('',#14410);
#4779=VERTEX_POINT('',#14414);
#4780=VERTEX_POINT('',#14416);
#4781=VERTEX_POINT('',#14420);
#4782=VERTEX_POINT('',#14421);
#4783=VERTEX_POINT('',#14423);
#4784=VERTEX_POINT('',#14425);
#4785=VERTEX_POINT('',#14429);
#4786=VERTEX_POINT('',#14430);
#4787=VERTEX_POINT('',#14432);
#4788=VERTEX_POINT('',#14434);
#4789=VERTEX_POINT('',#14438);
#4790=VERTEX_POINT('',#14439);
#4791=VERTEX_POINT('',#14444);
#4792=VERTEX_POINT('',#14446);
#4793=VERTEX_POINT('',#14450);
#4794=VERTEX_POINT('',#14451);
#4795=VERTEX_POINT('',#14453);
#4796=VERTEX_POINT('',#14455);
#4797=VERTEX_POINT('',#14459);
#4798=VERTEX_POINT('',#14460);
#4799=VERTEX_POINT('',#14465);
#4800=VERTEX_POINT('',#14467);
#4801=VERTEX_POINT('',#14471);
#4802=VERTEX_POINT('',#14472);
#4803=VERTEX_POINT('',#14474);
#4804=VERTEX_POINT('',#14476);
#4805=VERTEX_POINT('',#14480);
#4806=VERTEX_POINT('',#14481);
#4807=VERTEX_POINT('',#14486);
#4808=VERTEX_POINT('',#14488);
#4809=VERTEX_POINT('',#14492);
#4810=VERTEX_POINT('',#14493);
#4811=VERTEX_POINT('',#14495);
#4812=VERTEX_POINT('',#14497);
#4813=VERTEX_POINT('',#14501);
#4814=VERTEX_POINT('',#14502);
#4815=VERTEX_POINT('',#14507);
#4816=VERTEX_POINT('',#14509);
#4817=VERTEX_POINT('',#14513);
#4818=VERTEX_POINT('',#14514);
#4819=VERTEX_POINT('',#14516);
#4820=VERTEX_POINT('',#14518);
#4821=VERTEX_POINT('',#14522);
#4822=VERTEX_POINT('',#14523);
#4823=VERTEX_POINT('',#14528);
#4824=VERTEX_POINT('',#14530);
#4825=VERTEX_POINT('',#14534);
#4826=VERTEX_POINT('',#14535);
#4827=VERTEX_POINT('',#14537);
#4828=VERTEX_POINT('',#14539);
#4829=VERTEX_POINT('',#14543);
#4830=VERTEX_POINT('',#14544);
#4831=VERTEX_POINT('',#14549);
#4832=VERTEX_POINT('',#14551);
#4833=VERTEX_POINT('',#14555);
#4834=VERTEX_POINT('',#14556);
#4835=VERTEX_POINT('',#14558);
#4836=VERTEX_POINT('',#14560);
#4837=VERTEX_POINT('',#14564);
#4838=VERTEX_POINT('',#14565);
#4839=VERTEX_POINT('',#14570);
#4840=VERTEX_POINT('',#14572);
#4841=VERTEX_POINT('',#14576);
#4842=VERTEX_POINT('',#14577);
#4843=VERTEX_POINT('',#14579);
#4844=VERTEX_POINT('',#14581);
#4845=VERTEX_POINT('',#14585);
#4846=VERTEX_POINT('',#14586);
#4847=VERTEX_POINT('',#14591);
#4848=VERTEX_POINT('',#14593);
#4849=VERTEX_POINT('',#14597);
#4850=VERTEX_POINT('',#14598);
#4851=VERTEX_POINT('',#14600);
#4852=VERTEX_POINT('',#14602);
#4853=VERTEX_POINT('',#14606);
#4854=VERTEX_POINT('',#14607);
#4855=VERTEX_POINT('',#14612);
#4856=VERTEX_POINT('',#14614);
#4857=VERTEX_POINT('',#14618);
#4858=VERTEX_POINT('',#14619);
#4859=VERTEX_POINT('',#14621);
#4860=VERTEX_POINT('',#14623);
#4861=VERTEX_POINT('',#14627);
#4862=VERTEX_POINT('',#14628);
#4863=VERTEX_POINT('',#14633);
#4864=VERTEX_POINT('',#14635);
#4865=VERTEX_POINT('',#14639);
#4866=VERTEX_POINT('',#14640);
#4867=VERTEX_POINT('',#14642);
#4868=VERTEX_POINT('',#14644);
#4869=VERTEX_POINT('',#14648);
#4870=VERTEX_POINT('',#14649);
#4871=VERTEX_POINT('',#14654);
#4872=VERTEX_POINT('',#14656);
#4873=VERTEX_POINT('',#14660);
#4874=VERTEX_POINT('',#14661);
#4875=VERTEX_POINT('',#14663);
#4876=VERTEX_POINT('',#14665);
#4877=VERTEX_POINT('',#14669);
#4878=VERTEX_POINT('',#14670);
#4879=VERTEX_POINT('',#14675);
#4880=VERTEX_POINT('',#14677);
#4881=VERTEX_POINT('',#14681);
#4882=VERTEX_POINT('',#14682);
#4883=VERTEX_POINT('',#14684);
#4884=VERTEX_POINT('',#14686);
#4885=VERTEX_POINT('',#14690);
#4886=VERTEX_POINT('',#14691);
#4887=VERTEX_POINT('',#14696);
#4888=VERTEX_POINT('',#14698);
#4889=VERTEX_POINT('',#14702);
#4890=VERTEX_POINT('',#14703);
#4891=VERTEX_POINT('',#14705);
#4892=VERTEX_POINT('',#14707);
#4893=VERTEX_POINT('',#14711);
#4894=VERTEX_POINT('',#14712);
#4895=VERTEX_POINT('',#14717);
#4896=VERTEX_POINT('',#14719);
#4897=VERTEX_POINT('',#14723);
#4898=VERTEX_POINT('',#14724);
#4899=VERTEX_POINT('',#14726);
#4900=VERTEX_POINT('',#14728);
#4901=VERTEX_POINT('',#14732);
#4902=VERTEX_POINT('',#14733);
#4903=VERTEX_POINT('',#14738);
#4904=VERTEX_POINT('',#14740);
#4905=VERTEX_POINT('',#14744);
#4906=VERTEX_POINT('',#14745);
#4907=VERTEX_POINT('',#14747);
#4908=VERTEX_POINT('',#14749);
#4909=VERTEX_POINT('',#14756);
#4910=VERTEX_POINT('',#14758);
#4911=VERTEX_POINT('',#14760);
#4912=VERTEX_POINT('',#14763);
#4913=VERTEX_POINT('',#14765);
#4914=VERTEX_POINT('',#14768);
#4915=VERTEX_POINT('',#14770);
#4916=VERTEX_POINT('',#14773);
#4917=VERTEX_POINT('',#14774);
#4918=VERTEX_POINT('',#14776);
#4919=VERTEX_POINT('',#14778);
#4920=VERTEX_POINT('',#14780);
#4921=VERTEX_POINT('',#14782);
#4922=VERTEX_POINT('',#14785);
#4923=VERTEX_POINT('',#14787);
#4924=VERTEX_POINT('',#14790);
#4925=VERTEX_POINT('',#14791);
#4926=VERTEX_POINT('',#14793);
#4927=VERTEX_POINT('',#14795);
#4928=VERTEX_POINT('',#14797);
#4929=VERTEX_POINT('',#14799);
#4930=VERTEX_POINT('',#14802);
#4931=VERTEX_POINT('',#14804);
#4932=VERTEX_POINT('',#14807);
#4933=VERTEX_POINT('',#14808);
#4934=VERTEX_POINT('',#14810);
#4935=VERTEX_POINT('',#14812);
#4936=VERTEX_POINT('',#14814);
#4937=VERTEX_POINT('',#14816);
#4938=VERTEX_POINT('',#14819);
#4939=VERTEX_POINT('',#14821);
#4940=VERTEX_POINT('',#14824);
#4941=VERTEX_POINT('',#14825);
#4942=VERTEX_POINT('',#14827);
#4943=VERTEX_POINT('',#14829);
#4944=VERTEX_POINT('',#14831);
#4945=VERTEX_POINT('',#14833);
#4946=VERTEX_POINT('',#14836);
#4947=VERTEX_POINT('',#14838);
#4948=VERTEX_POINT('',#14841);
#4949=VERTEX_POINT('',#14842);
#4950=VERTEX_POINT('',#14844);
#4951=VERTEX_POINT('',#14846);
#4952=VERTEX_POINT('',#14848);
#4953=VERTEX_POINT('',#14850);
#4954=VERTEX_POINT('',#14853);
#4955=VERTEX_POINT('',#14855);
#4956=VERTEX_POINT('',#14858);
#4957=VERTEX_POINT('',#14859);
#4958=VERTEX_POINT('',#14861);
#4959=VERTEX_POINT('',#14863);
#4960=VERTEX_POINT('',#14865);
#4961=VERTEX_POINT('',#14867);
#4962=VERTEX_POINT('',#14870);
#4963=VERTEX_POINT('',#14872);
#4964=VERTEX_POINT('',#14875);
#4965=VERTEX_POINT('',#14876);
#4966=VERTEX_POINT('',#14878);
#4967=VERTEX_POINT('',#14880);
#4968=VERTEX_POINT('',#14882);
#4969=VERTEX_POINT('',#14884);
#4970=VERTEX_POINT('',#14887);
#4971=VERTEX_POINT('',#14889);
#4972=VERTEX_POINT('',#14892);
#4973=VERTEX_POINT('',#14893);
#4974=VERTEX_POINT('',#14895);
#4975=VERTEX_POINT('',#14897);
#4976=VERTEX_POINT('',#14899);
#4977=VERTEX_POINT('',#14901);
#4978=VERTEX_POINT('',#14904);
#4979=VERTEX_POINT('',#14906);
#4980=VERTEX_POINT('',#14909);
#4981=VERTEX_POINT('',#14910);
#4982=VERTEX_POINT('',#14912);
#4983=VERTEX_POINT('',#14914);
#4984=VERTEX_POINT('',#14916);
#4985=VERTEX_POINT('',#14918);
#4986=VERTEX_POINT('',#14921);
#4987=VERTEX_POINT('',#14923);
#4988=VERTEX_POINT('',#14926);
#4989=VERTEX_POINT('',#14927);
#4990=VERTEX_POINT('',#14929);
#4991=VERTEX_POINT('',#14931);
#4992=VERTEX_POINT('',#14933);
#4993=VERTEX_POINT('',#14935);
#4994=VERTEX_POINT('',#14938);
#4995=VERTEX_POINT('',#14940);
#4996=VERTEX_POINT('',#14943);
#4997=VERTEX_POINT('',#14944);
#4998=VERTEX_POINT('',#14946);
#4999=VERTEX_POINT('',#14948);
#5000=VERTEX_POINT('',#14950);
#5001=VERTEX_POINT('',#14952);
#5002=VERTEX_POINT('',#14955);
#5003=VERTEX_POINT('',#14957);
#5004=VERTEX_POINT('',#14960);
#5005=VERTEX_POINT('',#14961);
#5006=VERTEX_POINT('',#14963);
#5007=VERTEX_POINT('',#14965);
#5008=VERTEX_POINT('',#14967);
#5009=VERTEX_POINT('',#14969);
#5010=VERTEX_POINT('',#14972);
#5011=VERTEX_POINT('',#14974);
#5012=VERTEX_POINT('',#14977);
#5013=VERTEX_POINT('',#14978);
#5014=VERTEX_POINT('',#14980);
#5015=VERTEX_POINT('',#14982);
#5016=VERTEX_POINT('',#14984);
#5017=VERTEX_POINT('',#14986);
#5018=VERTEX_POINT('',#14989);
#5019=VERTEX_POINT('',#14991);
#5020=VERTEX_POINT('',#14994);
#5021=VERTEX_POINT('',#14995);
#5022=VERTEX_POINT('',#14997);
#5023=VERTEX_POINT('',#14999);
#5024=VERTEX_POINT('',#15001);
#5025=VERTEX_POINT('',#15003);
#5026=VERTEX_POINT('',#15005);
#5027=VERTEX_POINT('',#15007);
#5028=VERTEX_POINT('',#15010);
#5029=VERTEX_POINT('',#15011);
#5030=VERTEX_POINT('',#15013);
#5031=VERTEX_POINT('',#15015);
#5032=VERTEX_POINT('',#15017);
#5033=VERTEX_POINT('',#15019);
#5034=VERTEX_POINT('',#15022);
#5035=VERTEX_POINT('',#15023);
#5036=VERTEX_POINT('',#15025);
#5037=VERTEX_POINT('',#15027);
#5038=VERTEX_POINT('',#15029);
#5039=VERTEX_POINT('',#15031);
#5040=VERTEX_POINT('',#15033);
#5041=VERTEX_POINT('',#15035);
#5042=VERTEX_POINT('',#15038);
#5043=VERTEX_POINT('',#15039);
#5044=VERTEX_POINT('',#15041);
#5045=VERTEX_POINT('',#15043);
#5046=VERTEX_POINT('',#15045);
#5047=VERTEX_POINT('',#15047);
#5048=VERTEX_POINT('',#15049);
#5049=VERTEX_POINT('',#15051);
#5050=VERTEX_POINT('',#15055);
#5051=VERTEX_POINT('',#15057);
#5052=VERTEX_POINT('',#15061);
#5053=VERTEX_POINT('',#15065);
#5054=VERTEX_POINT('',#15067);
#5055=VERTEX_POINT('',#15070);
#5056=VERTEX_POINT('',#15071);
#5057=VERTEX_POINT('',#15073);
#5058=VERTEX_POINT('',#15075);
#5059=VERTEX_POINT('',#15077);
#5060=VERTEX_POINT('',#15079);
#5061=VERTEX_POINT('',#15082);
#5062=VERTEX_POINT('',#15084);
#5063=VERTEX_POINT('',#15087);
#5064=VERTEX_POINT('',#15088);
#5065=VERTEX_POINT('',#15090);
#5066=VERTEX_POINT('',#15092);
#5067=VERTEX_POINT('',#15094);
#5068=VERTEX_POINT('',#15096);
#5069=VERTEX_POINT('',#15099);
#5070=VERTEX_POINT('',#15101);
#5071=VERTEX_POINT('',#15104);
#5072=VERTEX_POINT('',#15106);
#5073=VERTEX_POINT('',#15109);
#5074=VERTEX_POINT('',#15111);
#5075=VERTEX_POINT('',#15114);
#5076=VERTEX_POINT('',#15116);
#5077=VERTEX_POINT('',#15119);
#5078=VERTEX_POINT('',#15120);
#5079=VERTEX_POINT('',#15122);
#5080=VERTEX_POINT('',#15124);
#5081=VERTEX_POINT('',#15126);
#5082=VERTEX_POINT('',#15128);
#5083=VERTEX_POINT('',#15131);
#5084=VERTEX_POINT('',#15132);
#5085=VERTEX_POINT('',#15134);
#5086=VERTEX_POINT('',#15136);
#5087=VERTEX_POINT('',#15138);
#5088=VERTEX_POINT('',#15140);
#5089=VERTEX_POINT('',#15143);
#5090=VERTEX_POINT('',#15145);
#5091=VERTEX_POINT('',#15148);
#5092=VERTEX_POINT('',#15150);
#5093=VERTEX_POINT('',#15153);
#5094=VERTEX_POINT('',#15155);
#5095=VERTEX_POINT('',#15158);
#5096=VERTEX_POINT('',#15160);
#5097=VERTEX_POINT('',#15163);
#5098=VERTEX_POINT('',#15164);
#5099=VERTEX_POINT('',#15166);
#5100=VERTEX_POINT('',#15168);
#5101=VERTEX_POINT('',#15170);
#5102=VERTEX_POINT('',#15172);
#5103=VERTEX_POINT('',#15175);
#5104=VERTEX_POINT('',#15176);
#5105=VERTEX_POINT('',#15178);
#5106=VERTEX_POINT('',#15180);
#5107=VERTEX_POINT('',#15182);
#5108=VERTEX_POINT('',#15184);
#5109=VERTEX_POINT('',#15187);
#5110=VERTEX_POINT('',#15189);
#5111=VERTEX_POINT('',#15192);
#5112=VERTEX_POINT('',#15193);
#5113=VERTEX_POINT('',#15195);
#5114=VERTEX_POINT('',#15197);
#5115=VERTEX_POINT('',#15199);
#5116=VERTEX_POINT('',#15201);
#5117=VERTEX_POINT('',#15204);
#5118=VERTEX_POINT('',#15205);
#5119=VERTEX_POINT('',#15207);
#5120=VERTEX_POINT('',#15209);
#5121=VERTEX_POINT('',#15211);
#5122=VERTEX_POINT('',#15213);
#5123=VERTEX_POINT('',#15216);
#5124=VERTEX_POINT('',#15218);
#5125=VERTEX_POINT('',#15221);
#5126=VERTEX_POINT('',#15223);
#5127=VERTEX_POINT('',#15226);
#5128=VERTEX_POINT('',#15227);
#5129=VERTEX_POINT('',#15229);
#5130=VERTEX_POINT('',#15231);
#5131=VERTEX_POINT('',#15233);
#5132=VERTEX_POINT('',#15235);
#5133=VERTEX_POINT('',#15238);
#5134=VERTEX_POINT('',#15239);
#5135=VERTEX_POINT('',#15241);
#5136=VERTEX_POINT('',#15243);
#5137=VERTEX_POINT('',#15245);
#5138=VERTEX_POINT('',#15247);
#5139=VERTEX_POINT('',#15250);
#5140=VERTEX_POINT('',#15251);
#5141=VERTEX_POINT('',#15253);
#5142=VERTEX_POINT('',#15255);
#5143=VERTEX_POINT('',#15257);
#5144=VERTEX_POINT('',#15259);
#5145=VERTEX_POINT('',#15262);
#5146=VERTEX_POINT('',#15264);
#5147=VERTEX_POINT('',#15267);
#5148=VERTEX_POINT('',#15268);
#5149=VERTEX_POINT('',#15270);
#5150=VERTEX_POINT('',#15272);
#5151=VERTEX_POINT('',#15274);
#5152=VERTEX_POINT('',#15276);
#5153=VERTEX_POINT('',#15279);
#5154=VERTEX_POINT('',#15281);
#5155=VERTEX_POINT('',#15284);
#5156=VERTEX_POINT('',#15285);
#5157=VERTEX_POINT('',#15287);
#5158=VERTEX_POINT('',#15289);
#5159=VERTEX_POINT('',#15291);
#5160=VERTEX_POINT('',#15293);
#5161=VERTEX_POINT('',#15296);
#5162=VERTEX_POINT('',#15298);
#5163=VERTEX_POINT('',#15301);
#5164=VERTEX_POINT('',#15302);
#5165=VERTEX_POINT('',#15304);
#5166=VERTEX_POINT('',#15306);
#5167=VERTEX_POINT('',#15308);
#5168=VERTEX_POINT('',#15310);
#5169=VERTEX_POINT('',#15313);
#5170=VERTEX_POINT('',#15314);
#5171=VERTEX_POINT('',#15339);
#5172=VERTEX_POINT('',#15341);
#5173=VERTEX_POINT('',#15364);
#5174=VERTEX_POINT('',#15366);
#5175=VERTEX_POINT('',#15389);
#5176=VERTEX_POINT('',#15391);
#5177=VERTEX_POINT('',#15416);
#5178=VERTEX_POINT('',#15418);
#5179=VERTEX_POINT('',#15445);
#5180=VERTEX_POINT('',#15447);
#5181=VERTEX_POINT('',#15515);
#5182=VERTEX_POINT('',#15524);
#5183=VERTEX_POINT('',#15533);
#5184=VERTEX_POINT('',#15543);
#5185=VERTEX_POINT('',#15544);
#5186=VERTEX_POINT('',#15549);
#5187=VERTEX_POINT('',#15550);
#5188=VERTEX_POINT('',#15555);
#5189=VERTEX_POINT('',#15556);
#5190=VERTEX_POINT('',#15561);
#5191=VERTEX_POINT('',#15562);
#5192=VERTEX_POINT('',#15567);
#5193=VERTEX_POINT('',#15568);
#5194=VERTEX_POINT('',#15573);
#5195=VERTEX_POINT('',#15574);
#5196=VERTEX_POINT('',#15579);
#5197=VERTEX_POINT('',#15580);
#5198=VERTEX_POINT('',#15642);
#5199=VERTEX_POINT('',#15661);
#5200=VERTEX_POINT('',#15671);
#5201=VERTEX_POINT('',#15673);
#5202=VERTEX_POINT('',#15675);
#5203=VERTEX_POINT('',#15677);
#5204=VERTEX_POINT('',#15679);
#5205=VERTEX_POINT('',#15681);
#5206=VERTEX_POINT('',#15683);
#5207=VERTEX_POINT('',#15685);
#5208=VERTEX_POINT('',#15687);
#5209=VERTEX_POINT('',#15689);
#5210=VERTEX_POINT('',#15691);
#5211=VERTEX_POINT('',#15693);
#5212=VERTEX_POINT('',#15695);
#5213=VERTEX_POINT('',#15697);
#5214=VERTEX_POINT('',#15699);
#5215=VERTEX_POINT('',#15760);
#5216=VERTEX_POINT('',#15769);
#5217=VERTEX_POINT('',#15789);
#5218=VERTEX_POINT('',#15793);
#5219=VERTEX_POINT('',#15797);
#5220=VERTEX_POINT('',#15801);
#5221=VERTEX_POINT('',#15805);
#5222=VERTEX_POINT('',#15809);
#5223=VERTEX_POINT('',#15813);
#5224=VERTEX_POINT('',#15856);
#5225=VERTEX_POINT('',#15922);
#5226=VERTEX_POINT('',#15931);
#5227=VERTEX_POINT('',#15942);
#5228=VERTEX_POINT('',#15946);
#5229=VERTEX_POINT('',#15950);
#5230=VERTEX_POINT('',#15954);
#5231=VERTEX_POINT('',#15958);
#5232=VERTEX_POINT('',#15962);
#5233=VERTEX_POINT('',#15966);
#5234=VERTEX_POINT('',#16019);
#5235=EDGE_CURVE('',#4351,#4351,#4195,.T.);
#5236=EDGE_CURVE('',#4351,#4352,#1879,.T.);
#5237=EDGE_CURVE('',#4352,#4352,#4196,.T.);
#5238=EDGE_CURVE('',#4353,#4354,#1880,.T.);
#5239=EDGE_CURVE('',#4353,#4355,#1881,.T.);
#5240=EDGE_CURVE('',#4356,#4355,#1882,.T.);
#5241=EDGE_CURVE('',#4354,#4356,#1883,.T.);
#5242=EDGE_CURVE('',#4354,#4357,#1884,.T.);
#5243=EDGE_CURVE('',#4358,#4356,#1885,.T.);
#5244=EDGE_CURVE('',#4357,#4358,#1886,.T.);
#5245=EDGE_CURVE('',#4357,#4359,#1887,.T.);
#5246=EDGE_CURVE('',#4360,#4358,#1888,.T.);
#5247=EDGE_CURVE('',#4359,#4360,#1889,.T.);
#5248=EDGE_CURVE('',#4359,#4361,#1890,.T.);
#5249=EDGE_CURVE('',#4362,#4360,#1891,.T.);
#5250=EDGE_CURVE('',#4361,#4362,#1892,.T.);
#5251=EDGE_CURVE('',#4361,#4363,#1893,.T.);
#5252=EDGE_CURVE('',#4364,#4362,#1894,.T.);
#5253=EDGE_CURVE('',#4363,#4364,#1895,.T.);
#5254=EDGE_CURVE('',#4363,#4353,#1896,.T.);
#5255=EDGE_CURVE('',#4355,#4364,#1897,.T.);
#5256=EDGE_CURVE('',#4365,#4365,#4197,.T.);
#5257=EDGE_CURVE('',#4365,#4366,#1898,.T.);
#5258=EDGE_CURVE('',#4366,#4366,#4198,.T.);
#5259=EDGE_CURVE('',#4367,#4368,#1899,.T.);
#5260=EDGE_CURVE('',#4367,#4369,#1900,.T.);
#5261=EDGE_CURVE('',#4370,#4369,#1901,.T.);
#5262=EDGE_CURVE('',#4368,#4370,#1902,.T.);
#5263=EDGE_CURVE('',#4368,#4371,#1903,.T.);
#5264=EDGE_CURVE('',#4372,#4370,#1904,.T.);
#5265=EDGE_CURVE('',#4371,#4372,#1905,.T.);
#5266=EDGE_CURVE('',#4371,#4373,#1906,.T.);
#5267=EDGE_CURVE('',#4374,#4372,#1907,.T.);
#5268=EDGE_CURVE('',#4373,#4374,#1908,.T.);
#5269=EDGE_CURVE('',#4373,#4375,#1909,.T.);
#5270=EDGE_CURVE('',#4376,#4374,#1910,.T.);
#5271=EDGE_CURVE('',#4375,#4376,#1911,.T.);
#5272=EDGE_CURVE('',#4375,#4377,#1912,.T.);
#5273=EDGE_CURVE('',#4378,#4376,#1913,.T.);
#5274=EDGE_CURVE('',#4377,#4378,#1914,.T.);
#5275=EDGE_CURVE('',#4377,#4367,#1915,.T.);
#5276=EDGE_CURVE('',#4369,#4378,#1916,.T.);
#5277=EDGE_CURVE('',#4379,#4379,#4199,.T.);
#5278=EDGE_CURVE('',#4379,#4380,#1917,.T.);
#5279=EDGE_CURVE('',#4380,#4380,#4200,.T.);
#5280=EDGE_CURVE('',#4381,#4382,#1918,.T.);
#5281=EDGE_CURVE('',#4381,#4383,#1919,.T.);
#5282=EDGE_CURVE('',#4384,#4383,#1920,.T.);
#5283=EDGE_CURVE('',#4382,#4384,#1921,.T.);
#5284=EDGE_CURVE('',#4382,#4385,#1922,.T.);
#5285=EDGE_CURVE('',#4386,#4384,#1923,.T.);
#5286=EDGE_CURVE('',#4385,#4386,#1924,.T.);
#5287=EDGE_CURVE('',#4385,#4387,#1925,.T.);
#5288=EDGE_CURVE('',#4388,#4386,#1926,.T.);
#5289=EDGE_CURVE('',#4387,#4388,#1927,.T.);
#5290=EDGE_CURVE('',#4387,#4389,#1928,.T.);
#5291=EDGE_CURVE('',#4390,#4388,#1929,.T.);
#5292=EDGE_CURVE('',#4389,#4390,#1930,.T.);
#5293=EDGE_CURVE('',#4389,#4391,#1931,.T.);
#5294=EDGE_CURVE('',#4392,#4390,#1932,.T.);
#5295=EDGE_CURVE('',#4391,#4392,#1933,.T.);
#5296=EDGE_CURVE('',#4391,#4381,#1934,.T.);
#5297=EDGE_CURVE('',#4383,#4392,#1935,.T.);
#5298=EDGE_CURVE('',#4393,#4393,#4201,.T.);
#5299=EDGE_CURVE('',#4393,#4394,#1936,.T.);
#5300=EDGE_CURVE('',#4394,#4394,#4202,.T.);
#5301=EDGE_CURVE('',#4395,#4396,#1937,.T.);
#5302=EDGE_CURVE('',#4395,#4397,#1938,.T.);
#5303=EDGE_CURVE('',#4398,#4397,#1939,.T.);
#5304=EDGE_CURVE('',#4396,#4398,#1940,.T.);
#5305=EDGE_CURVE('',#4396,#4399,#1941,.T.);
#5306=EDGE_CURVE('',#4400,#4398,#1942,.T.);
#5307=EDGE_CURVE('',#4399,#4400,#1943,.T.);
#5308=EDGE_CURVE('',#4399,#4401,#1944,.T.);
#5309=EDGE_CURVE('',#4402,#4400,#1945,.T.);
#5310=EDGE_CURVE('',#4401,#4402,#1946,.T.);
#5311=EDGE_CURVE('',#4401,#4403,#1947,.T.);
#5312=EDGE_CURVE('',#4404,#4402,#1948,.T.);
#5313=EDGE_CURVE('',#4403,#4404,#1949,.T.);
#5314=EDGE_CURVE('',#4403,#4405,#1950,.T.);
#5315=EDGE_CURVE('',#4406,#4404,#1951,.T.);
#5316=EDGE_CURVE('',#4405,#4406,#1952,.T.);
#5317=EDGE_CURVE('',#4405,#4395,#1953,.T.);
#5318=EDGE_CURVE('',#4397,#4406,#1954,.T.);
#5319=EDGE_CURVE('',#4407,#4407,#4203,.T.);
#5320=EDGE_CURVE('',#4407,#4408,#1955,.T.);
#5321=EDGE_CURVE('',#4408,#4408,#4204,.T.);
#5322=EDGE_CURVE('',#4409,#4410,#1956,.T.);
#5323=EDGE_CURVE('',#4409,#4411,#1957,.T.);
#5324=EDGE_CURVE('',#4412,#4411,#1958,.T.);
#5325=EDGE_CURVE('',#4410,#4412,#1959,.T.);
#5326=EDGE_CURVE('',#4410,#4413,#1960,.T.);
#5327=EDGE_CURVE('',#4414,#4412,#1961,.T.);
#5328=EDGE_CURVE('',#4413,#4414,#1962,.T.);
#5329=EDGE_CURVE('',#4413,#4415,#1963,.T.);
#5330=EDGE_CURVE('',#4416,#4414,#1964,.T.);
#5331=EDGE_CURVE('',#4415,#4416,#1965,.T.);
#5332=EDGE_CURVE('',#4415,#4417,#1966,.T.);
#5333=EDGE_CURVE('',#4418,#4416,#1967,.T.);
#5334=EDGE_CURVE('',#4417,#4418,#1968,.T.);
#5335=EDGE_CURVE('',#4417,#4419,#1969,.T.);
#5336=EDGE_CURVE('',#4420,#4418,#1970,.T.);
#5337=EDGE_CURVE('',#4419,#4420,#1971,.T.);
#5338=EDGE_CURVE('',#4419,#4409,#1972,.T.);
#5339=EDGE_CURVE('',#4411,#4420,#1973,.T.);
#5340=EDGE_CURVE('',#4421,#4421,#4205,.T.);
#5341=EDGE_CURVE('',#4421,#4422,#1974,.T.);
#5342=EDGE_CURVE('',#4422,#4422,#4206,.T.);
#5343=EDGE_CURVE('',#4423,#4424,#1975,.T.);
#5344=EDGE_CURVE('',#4423,#4425,#1976,.T.);
#5345=EDGE_CURVE('',#4426,#4425,#1977,.T.);
#5346=EDGE_CURVE('',#4424,#4426,#1978,.T.);
#5347=EDGE_CURVE('',#4424,#4427,#1979,.T.);
#5348=EDGE_CURVE('',#4428,#4426,#1980,.T.);
#5349=EDGE_CURVE('',#4427,#4428,#1981,.T.);
#5350=EDGE_CURVE('',#4427,#4429,#1982,.T.);
#5351=EDGE_CURVE('',#4430,#4428,#1983,.T.);
#5352=EDGE_CURVE('',#4429,#4430,#1984,.T.);
#5353=EDGE_CURVE('',#4429,#4431,#1985,.T.);
#5354=EDGE_CURVE('',#4432,#4430,#1986,.T.);
#5355=EDGE_CURVE('',#4431,#4432,#1987,.T.);
#5356=EDGE_CURVE('',#4431,#4433,#1988,.T.);
#5357=EDGE_CURVE('',#4434,#4432,#1989,.T.);
#5358=EDGE_CURVE('',#4433,#4434,#1990,.T.);
#5359=EDGE_CURVE('',#4433,#4423,#1991,.T.);
#5360=EDGE_CURVE('',#4425,#4434,#1992,.T.);
#5361=EDGE_CURVE('',#4435,#4435,#4207,.T.);
#5362=EDGE_CURVE('',#4435,#4436,#1993,.T.);
#5363=EDGE_CURVE('',#4436,#4436,#4208,.T.);
#5364=EDGE_CURVE('',#4437,#4438,#1994,.T.);
#5365=EDGE_CURVE('',#4437,#4439,#1995,.T.);
#5366=EDGE_CURVE('',#4440,#4439,#1996,.T.);
#5367=EDGE_CURVE('',#4438,#4440,#1997,.T.);
#5368=EDGE_CURVE('',#4438,#4441,#1998,.T.);
#5369=EDGE_CURVE('',#4442,#4440,#1999,.T.);
#5370=EDGE_CURVE('',#4441,#4442,#2000,.T.);
#5371=EDGE_CURVE('',#4441,#4443,#2001,.T.);
#5372=EDGE_CURVE('',#4444,#4442,#2002,.T.);
#5373=EDGE_CURVE('',#4443,#4444,#2003,.T.);
#5374=EDGE_CURVE('',#4443,#4445,#2004,.T.);
#5375=EDGE_CURVE('',#4446,#4444,#2005,.T.);
#5376=EDGE_CURVE('',#4445,#4446,#2006,.T.);
#5377=EDGE_CURVE('',#4445,#4447,#2007,.T.);
#5378=EDGE_CURVE('',#4448,#4446,#2008,.T.);
#5379=EDGE_CURVE('',#4447,#4448,#2009,.T.);
#5380=EDGE_CURVE('',#4447,#4437,#2010,.T.);
#5381=EDGE_CURVE('',#4439,#4448,#2011,.T.);
#5382=EDGE_CURVE('',#4449,#4449,#4209,.T.);
#5383=EDGE_CURVE('',#4449,#4450,#2012,.T.);
#5384=EDGE_CURVE('',#4450,#4450,#4210,.T.);
#5385=EDGE_CURVE('',#4451,#4452,#2013,.T.);
#5386=EDGE_CURVE('',#4451,#4453,#2014,.T.);
#5387=EDGE_CURVE('',#4454,#4453,#2015,.T.);
#5388=EDGE_CURVE('',#4452,#4454,#2016,.T.);
#5389=EDGE_CURVE('',#4452,#4455,#2017,.T.);
#5390=EDGE_CURVE('',#4456,#4454,#2018,.T.);
#5391=EDGE_CURVE('',#4455,#4456,#2019,.T.);
#5392=EDGE_CURVE('',#4455,#4457,#2020,.T.);
#5393=EDGE_CURVE('',#4458,#4456,#2021,.T.);
#5394=EDGE_CURVE('',#4457,#4458,#2022,.T.);
#5395=EDGE_CURVE('',#4457,#4459,#2023,.T.);
#5396=EDGE_CURVE('',#4460,#4458,#2024,.T.);
#5397=EDGE_CURVE('',#4459,#4460,#2025,.T.);
#5398=EDGE_CURVE('',#4459,#4461,#2026,.T.);
#5399=EDGE_CURVE('',#4462,#4460,#2027,.T.);
#5400=EDGE_CURVE('',#4461,#4462,#2028,.T.);
#5401=EDGE_CURVE('',#4461,#4451,#2029,.T.);
#5402=EDGE_CURVE('',#4453,#4462,#2030,.T.);
#5403=EDGE_CURVE('',#4463,#4463,#4211,.T.);
#5404=EDGE_CURVE('',#4463,#4464,#2031,.T.);
#5405=EDGE_CURVE('',#4464,#4464,#4212,.T.);
#5406=EDGE_CURVE('',#4465,#4466,#2032,.T.);
#5407=EDGE_CURVE('',#4465,#4467,#2033,.T.);
#5408=EDGE_CURVE('',#4468,#4467,#2034,.T.);
#5409=EDGE_CURVE('',#4466,#4468,#2035,.T.);
#5410=EDGE_CURVE('',#4466,#4469,#2036,.T.);
#5411=EDGE_CURVE('',#4470,#4468,#2037,.T.);
#5412=EDGE_CURVE('',#4469,#4470,#2038,.T.);
#5413=EDGE_CURVE('',#4469,#4471,#2039,.T.);
#5414=EDGE_CURVE('',#4472,#4470,#2040,.T.);
#5415=EDGE_CURVE('',#4471,#4472,#2041,.T.);
#5416=EDGE_CURVE('',#4471,#4473,#2042,.T.);
#5417=EDGE_CURVE('',#4474,#4472,#2043,.T.);
#5418=EDGE_CURVE('',#4473,#4474,#2044,.T.);
#5419=EDGE_CURVE('',#4473,#4475,#2045,.T.);
#5420=EDGE_CURVE('',#4476,#4474,#2046,.T.);
#5421=EDGE_CURVE('',#4475,#4476,#2047,.T.);
#5422=EDGE_CURVE('',#4475,#4465,#2048,.T.);
#5423=EDGE_CURVE('',#4467,#4476,#2049,.T.);
#5424=EDGE_CURVE('',#4477,#4477,#4213,.T.);
#5425=EDGE_CURVE('',#4477,#4478,#2050,.T.);
#5426=EDGE_CURVE('',#4478,#4478,#4214,.T.);
#5427=EDGE_CURVE('',#4479,#4480,#2051,.T.);
#5428=EDGE_CURVE('',#4479,#4481,#2052,.T.);
#5429=EDGE_CURVE('',#4482,#4481,#2053,.T.);
#5430=EDGE_CURVE('',#4480,#4482,#2054,.T.);
#5431=EDGE_CURVE('',#4480,#4483,#2055,.T.);
#5432=EDGE_CURVE('',#4484,#4482,#2056,.T.);
#5433=EDGE_CURVE('',#4483,#4484,#2057,.T.);
#5434=EDGE_CURVE('',#4483,#4485,#2058,.T.);
#5435=EDGE_CURVE('',#4486,#4484,#2059,.T.);
#5436=EDGE_CURVE('',#4485,#4486,#2060,.T.);
#5437=EDGE_CURVE('',#4485,#4487,#2061,.T.);
#5438=EDGE_CURVE('',#4488,#4486,#2062,.T.);
#5439=EDGE_CURVE('',#4487,#4488,#2063,.T.);
#5440=EDGE_CURVE('',#4487,#4489,#2064,.T.);
#5441=EDGE_CURVE('',#4490,#4488,#2065,.T.);
#5442=EDGE_CURVE('',#4489,#4490,#2066,.T.);
#5443=EDGE_CURVE('',#4489,#4479,#2067,.T.);
#5444=EDGE_CURVE('',#4481,#4490,#2068,.T.);
#5445=EDGE_CURVE('',#4491,#4491,#4215,.T.);
#5446=EDGE_CURVE('',#4491,#4492,#2069,.T.);
#5447=EDGE_CURVE('',#4492,#4492,#4216,.T.);
#5448=EDGE_CURVE('',#4493,#4494,#2070,.T.);
#5449=EDGE_CURVE('',#4493,#4495,#2071,.T.);
#5450=EDGE_CURVE('',#4496,#4495,#2072,.T.);
#5451=EDGE_CURVE('',#4494,#4496,#2073,.T.);
#5452=EDGE_CURVE('',#4494,#4497,#2074,.T.);
#5453=EDGE_CURVE('',#4498,#4496,#2075,.T.);
#5454=EDGE_CURVE('',#4497,#4498,#2076,.T.);
#5455=EDGE_CURVE('',#4497,#4499,#2077,.T.);
#5456=EDGE_CURVE('',#4500,#4498,#2078,.T.);
#5457=EDGE_CURVE('',#4499,#4500,#2079,.T.);
#5458=EDGE_CURVE('',#4499,#4501,#2080,.T.);
#5459=EDGE_CURVE('',#4502,#4500,#2081,.T.);
#5460=EDGE_CURVE('',#4501,#4502,#2082,.T.);
#5461=EDGE_CURVE('',#4501,#4503,#2083,.T.);
#5462=EDGE_CURVE('',#4504,#4502,#2084,.T.);
#5463=EDGE_CURVE('',#4503,#4504,#2085,.T.);
#5464=EDGE_CURVE('',#4503,#4493,#2086,.T.);
#5465=EDGE_CURVE('',#4495,#4504,#2087,.T.);
#5466=EDGE_CURVE('',#4505,#4505,#4217,.T.);
#5467=EDGE_CURVE('',#4505,#4506,#2088,.T.);
#5468=EDGE_CURVE('',#4506,#4506,#4218,.T.);
#5469=EDGE_CURVE('',#4507,#4508,#2089,.T.);
#5470=EDGE_CURVE('',#4507,#4509,#2090,.T.);
#5471=EDGE_CURVE('',#4510,#4509,#2091,.T.);
#5472=EDGE_CURVE('',#4508,#4510,#2092,.T.);
#5473=EDGE_CURVE('',#4508,#4511,#2093,.T.);
#5474=EDGE_CURVE('',#4512,#4510,#2094,.T.);
#5475=EDGE_CURVE('',#4511,#4512,#2095,.T.);
#5476=EDGE_CURVE('',#4511,#4513,#2096,.T.);
#5477=EDGE_CURVE('',#4514,#4512,#2097,.T.);
#5478=EDGE_CURVE('',#4513,#4514,#2098,.T.);
#5479=EDGE_CURVE('',#4513,#4515,#2099,.T.);
#5480=EDGE_CURVE('',#4516,#4514,#2100,.T.);
#5481=EDGE_CURVE('',#4515,#4516,#2101,.T.);
#5482=EDGE_CURVE('',#4515,#4517,#2102,.T.);
#5483=EDGE_CURVE('',#4518,#4516,#2103,.T.);
#5484=EDGE_CURVE('',#4517,#4518,#2104,.T.);
#5485=EDGE_CURVE('',#4517,#4507,#2105,.T.);
#5486=EDGE_CURVE('',#4509,#4518,#2106,.T.);
#5487=EDGE_CURVE('',#4519,#4519,#4219,.T.);
#5488=EDGE_CURVE('',#4519,#4520,#2107,.T.);
#5489=EDGE_CURVE('',#4520,#4520,#4220,.T.);
#5490=EDGE_CURVE('',#4521,#4522,#2108,.T.);
#5491=EDGE_CURVE('',#4521,#4523,#2109,.T.);
#5492=EDGE_CURVE('',#4524,#4523,#2110,.T.);
#5493=EDGE_CURVE('',#4522,#4524,#2111,.T.);
#5494=EDGE_CURVE('',#4522,#4525,#2112,.T.);
#5495=EDGE_CURVE('',#4526,#4524,#2113,.T.);
#5496=EDGE_CURVE('',#4525,#4526,#2114,.T.);
#5497=EDGE_CURVE('',#4525,#4527,#2115,.T.);
#5498=EDGE_CURVE('',#4528,#4526,#2116,.T.);
#5499=EDGE_CURVE('',#4527,#4528,#2117,.T.);
#5500=EDGE_CURVE('',#4527,#4529,#2118,.T.);
#5501=EDGE_CURVE('',#4530,#4528,#2119,.T.);
#5502=EDGE_CURVE('',#4529,#4530,#2120,.T.);
#5503=EDGE_CURVE('',#4529,#4531,#2121,.T.);
#5504=EDGE_CURVE('',#4532,#4530,#2122,.T.);
#5505=EDGE_CURVE('',#4531,#4532,#2123,.T.);
#5506=EDGE_CURVE('',#4531,#4521,#2124,.T.);
#5507=EDGE_CURVE('',#4523,#4532,#2125,.T.);
#5508=EDGE_CURVE('',#4533,#4533,#4221,.T.);
#5509=EDGE_CURVE('',#4533,#4534,#2126,.T.);
#5510=EDGE_CURVE('',#4534,#4534,#4222,.T.);
#5511=EDGE_CURVE('',#4535,#4536,#2127,.T.);
#5512=EDGE_CURVE('',#4535,#4537,#2128,.T.);
#5513=EDGE_CURVE('',#4538,#4537,#2129,.T.);
#5514=EDGE_CURVE('',#4536,#4538,#2130,.T.);
#5515=EDGE_CURVE('',#4536,#4539,#2131,.T.);
#5516=EDGE_CURVE('',#4540,#4538,#2132,.T.);
#5517=EDGE_CURVE('',#4539,#4540,#2133,.T.);
#5518=EDGE_CURVE('',#4539,#4541,#2134,.T.);
#5519=EDGE_CURVE('',#4542,#4540,#2135,.T.);
#5520=EDGE_CURVE('',#4541,#4542,#2136,.T.);
#5521=EDGE_CURVE('',#4541,#4543,#2137,.T.);
#5522=EDGE_CURVE('',#4544,#4542,#2138,.T.);
#5523=EDGE_CURVE('',#4543,#4544,#2139,.T.);
#5524=EDGE_CURVE('',#4543,#4545,#2140,.T.);
#5525=EDGE_CURVE('',#4546,#4544,#2141,.T.);
#5526=EDGE_CURVE('',#4545,#4546,#2142,.T.);
#5527=EDGE_CURVE('',#4545,#4535,#2143,.T.);
#5528=EDGE_CURVE('',#4537,#4546,#2144,.T.);
#5529=EDGE_CURVE('',#4547,#4547,#4223,.T.);
#5530=EDGE_CURVE('',#4547,#4548,#2145,.T.);
#5531=EDGE_CURVE('',#4548,#4548,#4224,.T.);
#5532=EDGE_CURVE('',#4549,#4550,#2146,.T.);
#5533=EDGE_CURVE('',#4549,#4551,#2147,.T.);
#5534=EDGE_CURVE('',#4552,#4551,#2148,.T.);
#5535=EDGE_CURVE('',#4550,#4552,#2149,.T.);
#5536=EDGE_CURVE('',#4550,#4553,#2150,.T.);
#5537=EDGE_CURVE('',#4554,#4552,#2151,.T.);
#5538=EDGE_CURVE('',#4553,#4554,#2152,.T.);
#5539=EDGE_CURVE('',#4553,#4555,#2153,.T.);
#5540=EDGE_CURVE('',#4556,#4554,#2154,.T.);
#5541=EDGE_CURVE('',#4555,#4556,#2155,.T.);
#5542=EDGE_CURVE('',#4555,#4557,#2156,.T.);
#5543=EDGE_CURVE('',#4558,#4556,#2157,.T.);
#5544=EDGE_CURVE('',#4557,#4558,#2158,.T.);
#5545=EDGE_CURVE('',#4557,#4559,#2159,.T.);
#5546=EDGE_CURVE('',#4560,#4558,#2160,.T.);
#5547=EDGE_CURVE('',#4559,#4560,#2161,.T.);
#5548=EDGE_CURVE('',#4559,#4549,#2162,.T.);
#5549=EDGE_CURVE('',#4551,#4560,#2163,.T.);
#5550=EDGE_CURVE('',#4561,#4561,#4225,.T.);
#5551=EDGE_CURVE('',#4561,#4562,#2164,.T.);
#5552=EDGE_CURVE('',#4562,#4562,#4226,.T.);
#5553=EDGE_CURVE('',#4563,#4564,#2165,.T.);
#5554=EDGE_CURVE('',#4563,#4565,#2166,.T.);
#5555=EDGE_CURVE('',#4566,#4565,#2167,.T.);
#5556=EDGE_CURVE('',#4564,#4566,#2168,.T.);
#5557=EDGE_CURVE('',#4564,#4567,#2169,.T.);
#5558=EDGE_CURVE('',#4568,#4566,#2170,.T.);
#5559=EDGE_CURVE('',#4567,#4568,#2171,.T.);
#5560=EDGE_CURVE('',#4567,#4569,#2172,.T.);
#5561=EDGE_CURVE('',#4570,#4568,#2173,.T.);
#5562=EDGE_CURVE('',#4569,#4570,#2174,.T.);
#5563=EDGE_CURVE('',#4569,#4571,#2175,.T.);
#5564=EDGE_CURVE('',#4572,#4570,#2176,.T.);
#5565=EDGE_CURVE('',#4571,#4572,#2177,.T.);
#5566=EDGE_CURVE('',#4571,#4573,#2178,.T.);
#5567=EDGE_CURVE('',#4574,#4572,#2179,.T.);
#5568=EDGE_CURVE('',#4573,#4574,#2180,.T.);
#5569=EDGE_CURVE('',#4573,#4563,#2181,.T.);
#5570=EDGE_CURVE('',#4565,#4574,#2182,.T.);
#5571=EDGE_CURVE('',#4575,#4575,#4227,.T.);
#5572=EDGE_CURVE('',#4575,#4576,#2183,.T.);
#5573=EDGE_CURVE('',#4576,#4576,#4228,.T.);
#5574=EDGE_CURVE('',#4577,#4578,#2184,.T.);
#5575=EDGE_CURVE('',#4577,#4579,#2185,.T.);
#5576=EDGE_CURVE('',#4580,#4579,#2186,.T.);
#5577=EDGE_CURVE('',#4578,#4580,#2187,.T.);
#5578=EDGE_CURVE('',#4578,#4581,#2188,.T.);
#5579=EDGE_CURVE('',#4582,#4580,#2189,.T.);
#5580=EDGE_CURVE('',#4581,#4582,#2190,.T.);
#5581=EDGE_CURVE('',#4581,#4583,#2191,.T.);
#5582=EDGE_CURVE('',#4584,#4582,#2192,.T.);
#5583=EDGE_CURVE('',#4583,#4584,#2193,.T.);
#5584=EDGE_CURVE('',#4583,#4585,#2194,.T.);
#5585=EDGE_CURVE('',#4586,#4584,#2195,.T.);
#5586=EDGE_CURVE('',#4585,#4586,#2196,.T.);
#5587=EDGE_CURVE('',#4585,#4587,#2197,.T.);
#5588=EDGE_CURVE('',#4588,#4586,#2198,.T.);
#5589=EDGE_CURVE('',#4587,#4588,#2199,.T.);
#5590=EDGE_CURVE('',#4587,#4577,#2200,.T.);
#5591=EDGE_CURVE('',#4579,#4588,#2201,.T.);
#5592=EDGE_CURVE('',#4589,#4589,#4229,.T.);
#5593=EDGE_CURVE('',#4589,#4590,#2202,.T.);
#5594=EDGE_CURVE('',#4590,#4590,#4230,.T.);
#5595=EDGE_CURVE('',#4591,#4592,#2203,.T.);
#5596=EDGE_CURVE('',#4591,#4593,#2204,.T.);
#5597=EDGE_CURVE('',#4594,#4593,#2205,.T.);
#5598=EDGE_CURVE('',#4592,#4594,#2206,.T.);
#5599=EDGE_CURVE('',#4592,#4595,#2207,.T.);
#5600=EDGE_CURVE('',#4596,#4594,#2208,.T.);
#5601=EDGE_CURVE('',#4595,#4596,#2209,.T.);
#5602=EDGE_CURVE('',#4595,#4597,#2210,.T.);
#5603=EDGE_CURVE('',#4598,#4596,#2211,.T.);
#5604=EDGE_CURVE('',#4597,#4598,#2212,.T.);
#5605=EDGE_CURVE('',#4597,#4599,#2213,.T.);
#5606=EDGE_CURVE('',#4600,#4598,#2214,.T.);
#5607=EDGE_CURVE('',#4599,#4600,#2215,.T.);
#5608=EDGE_CURVE('',#4599,#4601,#2216,.T.);
#5609=EDGE_CURVE('',#4602,#4600,#2217,.T.);
#5610=EDGE_CURVE('',#4601,#4602,#2218,.T.);
#5611=EDGE_CURVE('',#4601,#4591,#2219,.T.);
#5612=EDGE_CURVE('',#4593,#4602,#2220,.T.);
#5613=EDGE_CURVE('',#4603,#4603,#4231,.T.);
#5614=EDGE_CURVE('',#4603,#4604,#2221,.T.);
#5615=EDGE_CURVE('',#4604,#4604,#4232,.T.);
#5616=EDGE_CURVE('',#4605,#4606,#2222,.T.);
#5617=EDGE_CURVE('',#4605,#4607,#2223,.T.);
#5618=EDGE_CURVE('',#4608,#4607,#2224,.T.);
#5619=EDGE_CURVE('',#4606,#4608,#2225,.T.);
#5620=EDGE_CURVE('',#4606,#4609,#2226,.T.);
#5621=EDGE_CURVE('',#4610,#4608,#2227,.T.);
#5622=EDGE_CURVE('',#4609,#4610,#2228,.T.);
#5623=EDGE_CURVE('',#4609,#4611,#2229,.T.);
#5624=EDGE_CURVE('',#4612,#4610,#2230,.T.);
#5625=EDGE_CURVE('',#4611,#4612,#2231,.T.);
#5626=EDGE_CURVE('',#4611,#4613,#2232,.T.);
#5627=EDGE_CURVE('',#4614,#4612,#2233,.T.);
#5628=EDGE_CURVE('',#4613,#4614,#2234,.T.);
#5629=EDGE_CURVE('',#4613,#4615,#2235,.T.);
#5630=EDGE_CURVE('',#4616,#4614,#2236,.T.);
#5631=EDGE_CURVE('',#4615,#4616,#2237,.T.);
#5632=EDGE_CURVE('',#4615,#4605,#2238,.T.);
#5633=EDGE_CURVE('',#4607,#4616,#2239,.T.);
#5634=EDGE_CURVE('',#4617,#4617,#4233,.T.);
#5635=EDGE_CURVE('',#4617,#4618,#2240,.T.);
#5636=EDGE_CURVE('',#4618,#4618,#4234,.T.);
#5637=EDGE_CURVE('',#4619,#4620,#2241,.T.);
#5638=EDGE_CURVE('',#4619,#4621,#2242,.T.);
#5639=EDGE_CURVE('',#4622,#4621,#2243,.T.);
#5640=EDGE_CURVE('',#4620,#4622,#2244,.T.);
#5641=EDGE_CURVE('',#4620,#4623,#2245,.T.);
#5642=EDGE_CURVE('',#4624,#4622,#2246,.T.);
#5643=EDGE_CURVE('',#4623,#4624,#2247,.T.);
#5644=EDGE_CURVE('',#4623,#4625,#2248,.T.);
#5645=EDGE_CURVE('',#4626,#4624,#2249,.T.);
#5646=EDGE_CURVE('',#4625,#4626,#2250,.T.);
#5647=EDGE_CURVE('',#4625,#4627,#2251,.T.);
#5648=EDGE_CURVE('',#4628,#4626,#2252,.T.);
#5649=EDGE_CURVE('',#4627,#4628,#2253,.T.);
#5650=EDGE_CURVE('',#4627,#4629,#2254,.T.);
#5651=EDGE_CURVE('',#4630,#4628,#2255,.T.);
#5652=EDGE_CURVE('',#4629,#4630,#2256,.T.);
#5653=EDGE_CURVE('',#4629,#4619,#2257,.T.);
#5654=EDGE_CURVE('',#4621,#4630,#2258,.T.);
#5655=EDGE_CURVE('',#4631,#4631,#4235,.T.);
#5656=EDGE_CURVE('',#4631,#4632,#2259,.T.);
#5657=EDGE_CURVE('',#4632,#4632,#4236,.T.);
#5658=EDGE_CURVE('',#4633,#4634,#2260,.T.);
#5659=EDGE_CURVE('',#4633,#4635,#2261,.T.);
#5660=EDGE_CURVE('',#4636,#4635,#2262,.T.);
#5661=EDGE_CURVE('',#4634,#4636,#2263,.T.);
#5662=EDGE_CURVE('',#4634,#4637,#2264,.T.);
#5663=EDGE_CURVE('',#4638,#4636,#2265,.T.);
#5664=EDGE_CURVE('',#4637,#4638,#2266,.T.);
#5665=EDGE_CURVE('',#4637,#4639,#2267,.T.);
#5666=EDGE_CURVE('',#4640,#4638,#2268,.T.);
#5667=EDGE_CURVE('',#4639,#4640,#2269,.T.);
#5668=EDGE_CURVE('',#4639,#4641,#2270,.T.);
#5669=EDGE_CURVE('',#4642,#4640,#2271,.T.);
#5670=EDGE_CURVE('',#4641,#4642,#2272,.T.);
#5671=EDGE_CURVE('',#4641,#4643,#2273,.T.);
#5672=EDGE_CURVE('',#4644,#4642,#2274,.T.);
#5673=EDGE_CURVE('',#4643,#4644,#2275,.T.);
#5674=EDGE_CURVE('',#4643,#4633,#2276,.T.);
#5675=EDGE_CURVE('',#4635,#4644,#2277,.T.);
#5676=EDGE_CURVE('',#4645,#4645,#4237,.T.);
#5677=EDGE_CURVE('',#4645,#4646,#2278,.T.);
#5678=EDGE_CURVE('',#4646,#4646,#4238,.T.);
#5679=EDGE_CURVE('',#4647,#4648,#2279,.T.);
#5680=EDGE_CURVE('',#4647,#4649,#2280,.T.);
#5681=EDGE_CURVE('',#4650,#4649,#2281,.T.);
#5682=EDGE_CURVE('',#4648,#4650,#2282,.T.);
#5683=EDGE_CURVE('',#4648,#4651,#2283,.T.);
#5684=EDGE_CURVE('',#4652,#4650,#2284,.T.);
#5685=EDGE_CURVE('',#4651,#4652,#2285,.T.);
#5686=EDGE_CURVE('',#4651,#4653,#2286,.T.);
#5687=EDGE_CURVE('',#4654,#4652,#2287,.T.);
#5688=EDGE_CURVE('',#4653,#4654,#2288,.T.);
#5689=EDGE_CURVE('',#4653,#4655,#2289,.T.);
#5690=EDGE_CURVE('',#4656,#4654,#2290,.T.);
#5691=EDGE_CURVE('',#4655,#4656,#2291,.T.);
#5692=EDGE_CURVE('',#4655,#4657,#2292,.T.);
#5693=EDGE_CURVE('',#4658,#4656,#2293,.T.);
#5694=EDGE_CURVE('',#4657,#4658,#2294,.T.);
#5695=EDGE_CURVE('',#4657,#4647,#2295,.T.);
#5696=EDGE_CURVE('',#4649,#4658,#2296,.T.);
#5697=EDGE_CURVE('',#4659,#4659,#4239,.T.);
#5698=EDGE_CURVE('',#4659,#4660,#2297,.T.);
#5699=EDGE_CURVE('',#4660,#4660,#4240,.T.);
#5700=EDGE_CURVE('',#4661,#4662,#2298,.T.);
#5701=EDGE_CURVE('',#4661,#4663,#2299,.T.);
#5702=EDGE_CURVE('',#4664,#4663,#2300,.T.);
#5703=EDGE_CURVE('',#4662,#4664,#2301,.T.);
#5704=EDGE_CURVE('',#4662,#4665,#2302,.T.);
#5705=EDGE_CURVE('',#4666,#4664,#2303,.T.);
#5706=EDGE_CURVE('',#4665,#4666,#2304,.T.);
#5707=EDGE_CURVE('',#4665,#4667,#2305,.T.);
#5708=EDGE_CURVE('',#4668,#4666,#2306,.T.);
#5709=EDGE_CURVE('',#4667,#4668,#2307,.T.);
#5710=EDGE_CURVE('',#4667,#4669,#2308,.T.);
#5711=EDGE_CURVE('',#4670,#4668,#2309,.T.);
#5712=EDGE_CURVE('',#4669,#4670,#2310,.T.);
#5713=EDGE_CURVE('',#4669,#4671,#2311,.T.);
#5714=EDGE_CURVE('',#4672,#4670,#2312,.T.);
#5715=EDGE_CURVE('',#4671,#4672,#2313,.T.);
#5716=EDGE_CURVE('',#4671,#4661,#2314,.T.);
#5717=EDGE_CURVE('',#4663,#4672,#2315,.T.);
#5718=EDGE_CURVE('',#4673,#4673,#4241,.T.);
#5719=EDGE_CURVE('',#4673,#4674,#2316,.T.);
#5720=EDGE_CURVE('',#4674,#4674,#4242,.T.);
#5721=EDGE_CURVE('',#4675,#4676,#2317,.T.);
#5722=EDGE_CURVE('',#4675,#4677,#2318,.T.);
#5723=EDGE_CURVE('',#4678,#4677,#2319,.T.);
#5724=EDGE_CURVE('',#4676,#4678,#2320,.T.);
#5725=EDGE_CURVE('',#4676,#4679,#2321,.T.);
#5726=EDGE_CURVE('',#4680,#4678,#2322,.T.);
#5727=EDGE_CURVE('',#4679,#4680,#2323,.T.);
#5728=EDGE_CURVE('',#4679,#4681,#2324,.T.);
#5729=EDGE_CURVE('',#4682,#4680,#2325,.T.);
#5730=EDGE_CURVE('',#4681,#4682,#2326,.T.);
#5731=EDGE_CURVE('',#4681,#4683,#2327,.T.);
#5732=EDGE_CURVE('',#4684,#4682,#2328,.T.);
#5733=EDGE_CURVE('',#4683,#4684,#2329,.T.);
#5734=EDGE_CURVE('',#4683,#4685,#2330,.T.);
#5735=EDGE_CURVE('',#4686,#4684,#2331,.T.);
#5736=EDGE_CURVE('',#4685,#4686,#2332,.T.);
#5737=EDGE_CURVE('',#4685,#4675,#2333,.T.);
#5738=EDGE_CURVE('',#4677,#4686,#2334,.T.);
#5739=EDGE_CURVE('',#4687,#4687,#4243,.T.);
#5740=EDGE_CURVE('',#4687,#4688,#2335,.T.);
#5741=EDGE_CURVE('',#4688,#4688,#4244,.T.);
#5742=EDGE_CURVE('',#4689,#4690,#2336,.T.);
#5743=EDGE_CURVE('',#4689,#4691,#2337,.T.);
#5744=EDGE_CURVE('',#4692,#4691,#2338,.T.);
#5745=EDGE_CURVE('',#4690,#4692,#2339,.T.);
#5746=EDGE_CURVE('',#4690,#4693,#2340,.T.);
#5747=EDGE_CURVE('',#4694,#4692,#2341,.T.);
#5748=EDGE_CURVE('',#4693,#4694,#2342,.T.);
#5749=EDGE_CURVE('',#4693,#4695,#2343,.T.);
#5750=EDGE_CURVE('',#4696,#4694,#2344,.T.);
#5751=EDGE_CURVE('',#4695,#4696,#2345,.T.);
#5752=EDGE_CURVE('',#4695,#4697,#2346,.T.);
#5753=EDGE_CURVE('',#4698,#4696,#2347,.T.);
#5754=EDGE_CURVE('',#4697,#4698,#2348,.T.);
#5755=EDGE_CURVE('',#4697,#4699,#2349,.T.);
#5756=EDGE_CURVE('',#4700,#4698,#2350,.T.);
#5757=EDGE_CURVE('',#4699,#4700,#2351,.T.);
#5758=EDGE_CURVE('',#4699,#4689,#2352,.T.);
#5759=EDGE_CURVE('',#4691,#4700,#2353,.T.);
#5760=EDGE_CURVE('',#4701,#4701,#4245,.T.);
#5761=EDGE_CURVE('',#4701,#4702,#2354,.T.);
#5762=EDGE_CURVE('',#4702,#4702,#4246,.T.);
#5763=EDGE_CURVE('',#4703,#4704,#2355,.T.);
#5764=EDGE_CURVE('',#4703,#4705,#2356,.T.);
#5765=EDGE_CURVE('',#4706,#4705,#2357,.T.);
#5766=EDGE_CURVE('',#4704,#4706,#2358,.T.);
#5767=EDGE_CURVE('',#4704,#4707,#2359,.T.);
#5768=EDGE_CURVE('',#4708,#4706,#2360,.T.);
#5769=EDGE_CURVE('',#4707,#4708,#2361,.T.);
#5770=EDGE_CURVE('',#4707,#4709,#2362,.T.);
#5771=EDGE_CURVE('',#4710,#4708,#2363,.T.);
#5772=EDGE_CURVE('',#4709,#4710,#2364,.T.);
#5773=EDGE_CURVE('',#4709,#4711,#2365,.T.);
#5774=EDGE_CURVE('',#4712,#4710,#2366,.T.);
#5775=EDGE_CURVE('',#4711,#4712,#2367,.T.);
#5776=EDGE_CURVE('',#4711,#4713,#2368,.T.);
#5777=EDGE_CURVE('',#4714,#4712,#2369,.T.);
#5778=EDGE_CURVE('',#4713,#4714,#2370,.T.);
#5779=EDGE_CURVE('',#4713,#4703,#2371,.T.);
#5780=EDGE_CURVE('',#4705,#4714,#2372,.T.);
#5781=EDGE_CURVE('',#4715,#4715,#4247,.T.);
#5782=EDGE_CURVE('',#4715,#4716,#2373,.T.);
#5783=EDGE_CURVE('',#4716,#4716,#4248,.T.);
#5784=EDGE_CURVE('',#4717,#4718,#2374,.T.);
#5785=EDGE_CURVE('',#4717,#4719,#2375,.T.);
#5786=EDGE_CURVE('',#4720,#4719,#2376,.T.);
#5787=EDGE_CURVE('',#4718,#4720,#2377,.T.);
#5788=EDGE_CURVE('',#4718,#4721,#2378,.T.);
#5789=EDGE_CURVE('',#4722,#4720,#2379,.T.);
#5790=EDGE_CURVE('',#4721,#4722,#2380,.T.);
#5791=EDGE_CURVE('',#4721,#4723,#2381,.T.);
#5792=EDGE_CURVE('',#4724,#4722,#2382,.T.);
#5793=EDGE_CURVE('',#4723,#4724,#2383,.T.);
#5794=EDGE_CURVE('',#4723,#4725,#2384,.T.);
#5795=EDGE_CURVE('',#4726,#4724,#2385,.T.);
#5796=EDGE_CURVE('',#4725,#4726,#2386,.T.);
#5797=EDGE_CURVE('',#4725,#4727,#2387,.T.);
#5798=EDGE_CURVE('',#4728,#4726,#2388,.T.);
#5799=EDGE_CURVE('',#4727,#4728,#2389,.T.);
#5800=EDGE_CURVE('',#4727,#4717,#2390,.T.);
#5801=EDGE_CURVE('',#4719,#4728,#2391,.T.);
#5802=EDGE_CURVE('',#4729,#4729,#4249,.T.);
#5803=EDGE_CURVE('',#4729,#4730,#2392,.T.);
#5804=EDGE_CURVE('',#4730,#4730,#4250,.T.);
#5805=EDGE_CURVE('',#4731,#4732,#2393,.T.);
#5806=EDGE_CURVE('',#4731,#4733,#2394,.T.);
#5807=EDGE_CURVE('',#4734,#4733,#2395,.T.);
#5808=EDGE_CURVE('',#4732,#4734,#2396,.T.);
#5809=EDGE_CURVE('',#4732,#4735,#2397,.T.);
#5810=EDGE_CURVE('',#4736,#4734,#2398,.T.);
#5811=EDGE_CURVE('',#4735,#4736,#2399,.T.);
#5812=EDGE_CURVE('',#4735,#4737,#2400,.T.);
#5813=EDGE_CURVE('',#4738,#4736,#2401,.T.);
#5814=EDGE_CURVE('',#4737,#4738,#2402,.T.);
#5815=EDGE_CURVE('',#4737,#4739,#2403,.T.);
#5816=EDGE_CURVE('',#4740,#4738,#2404,.T.);
#5817=EDGE_CURVE('',#4739,#4740,#2405,.T.);
#5818=EDGE_CURVE('',#4739,#4741,#2406,.T.);
#5819=EDGE_CURVE('',#4742,#4740,#2407,.T.);
#5820=EDGE_CURVE('',#4741,#4742,#2408,.T.);
#5821=EDGE_CURVE('',#4741,#4731,#2409,.T.);
#5822=EDGE_CURVE('',#4733,#4742,#2410,.T.);
#5823=EDGE_CURVE('',#4743,#4743,#4251,.T.);
#5824=EDGE_CURVE('',#4743,#4744,#2411,.T.);
#5825=EDGE_CURVE('',#4744,#4744,#4252,.T.);
#5826=EDGE_CURVE('',#4745,#4746,#2412,.T.);
#5827=EDGE_CURVE('',#4745,#4747,#2413,.T.);
#5828=EDGE_CURVE('',#4748,#4747,#2414,.T.);
#5829=EDGE_CURVE('',#4746,#4748,#2415,.T.);
#5830=EDGE_CURVE('',#4746,#4749,#2416,.T.);
#5831=EDGE_CURVE('',#4750,#4748,#2417,.T.);
#5832=EDGE_CURVE('',#4749,#4750,#2418,.T.);
#5833=EDGE_CURVE('',#4749,#4751,#2419,.T.);
#5834=EDGE_CURVE('',#4752,#4750,#2420,.T.);
#5835=EDGE_CURVE('',#4751,#4752,#2421,.T.);
#5836=EDGE_CURVE('',#4751,#4753,#2422,.T.);
#5837=EDGE_CURVE('',#4754,#4752,#2423,.T.);
#5838=EDGE_CURVE('',#4753,#4754,#2424,.T.);
#5839=EDGE_CURVE('',#4753,#4755,#2425,.T.);
#5840=EDGE_CURVE('',#4756,#4754,#2426,.T.);
#5841=EDGE_CURVE('',#4755,#4756,#2427,.T.);
#5842=EDGE_CURVE('',#4755,#4745,#2428,.T.);
#5843=EDGE_CURVE('',#4747,#4756,#2429,.T.);
#5844=EDGE_CURVE('',#4757,#4757,#4253,.T.);
#5845=EDGE_CURVE('',#4757,#4758,#2430,.T.);
#5846=EDGE_CURVE('',#4758,#4758,#4254,.T.);
#5847=EDGE_CURVE('',#4759,#4760,#2431,.T.);
#5848=EDGE_CURVE('',#4759,#4761,#2432,.T.);
#5849=EDGE_CURVE('',#4762,#4761,#2433,.T.);
#5850=EDGE_CURVE('',#4760,#4762,#2434,.T.);
#5851=EDGE_CURVE('',#4760,#4763,#2435,.T.);
#5852=EDGE_CURVE('',#4764,#4762,#2436,.T.);
#5853=EDGE_CURVE('',#4763,#4764,#2437,.T.);
#5854=EDGE_CURVE('',#4763,#4765,#2438,.T.);
#5855=EDGE_CURVE('',#4766,#4764,#2439,.T.);
#5856=EDGE_CURVE('',#4765,#4766,#2440,.T.);
#5857=EDGE_CURVE('',#4765,#4767,#2441,.T.);
#5858=EDGE_CURVE('',#4768,#4766,#2442,.T.);
#5859=EDGE_CURVE('',#4767,#4768,#2443,.T.);
#5860=EDGE_CURVE('',#4767,#4769,#2444,.T.);
#5861=EDGE_CURVE('',#4770,#4768,#2445,.T.);
#5862=EDGE_CURVE('',#4769,#4770,#2446,.T.);
#5863=EDGE_CURVE('',#4769,#4759,#2447,.T.);
#5864=EDGE_CURVE('',#4761,#4770,#2448,.T.);
#5865=EDGE_CURVE('',#4771,#4771,#4255,.T.);
#5866=EDGE_CURVE('',#4771,#4772,#2449,.T.);
#5867=EDGE_CURVE('',#4772,#4772,#4256,.T.);
#5868=EDGE_CURVE('',#4773,#4773,#4257,.T.);
#5869=EDGE_CURVE('',#4773,#4774,#2450,.T.);
#5870=EDGE_CURVE('',#4774,#4774,#4258,.T.);
#5871=EDGE_CURVE('',#4775,#4775,#4259,.T.);
#5872=EDGE_CURVE('',#4775,#4776,#2451,.T.);
#5873=EDGE_CURVE('',#4776,#4776,#4260,.T.);
#5874=EDGE_CURVE('',#4777,#4777,#4261,.T.);
#5875=EDGE_CURVE('',#4777,#4778,#2452,.T.);
#5876=EDGE_CURVE('',#4778,#4778,#4262,.T.);
#5877=EDGE_CURVE('',#4779,#4779,#4263,.T.);
#5878=EDGE_CURVE('',#4779,#4780,#2453,.T.);
#5879=EDGE_CURVE('',#4780,#4780,#4264,.T.);
#5880=EDGE_CURVE('',#4781,#4782,#2454,.T.);
#5881=EDGE_CURVE('',#4783,#4781,#2455,.T.);
#5882=EDGE_CURVE('',#4784,#4783,#2456,.T.);
#5883=EDGE_CURVE('',#4782,#4784,#2457,.T.);
#5884=EDGE_CURVE('',#4785,#4786,#2458,.T.);
#5885=EDGE_CURVE('',#4787,#4786,#2459,.T.);
#5886=EDGE_CURVE('',#4788,#4787,#2460,.T.);
#5887=EDGE_CURVE('',#4785,#4788,#2461,.T.);
#5888=EDGE_CURVE('',#4789,#4790,#2462,.T.);
#5889=EDGE_CURVE('',#4786,#4790,#2463,.T.);
#5890=EDGE_CURVE('',#4789,#4785,#2464,.T.);
#5891=EDGE_CURVE('',#4791,#4789,#2465,.T.);
#5892=EDGE_CURVE('',#4792,#4791,#2466,.T.);
#5893=EDGE_CURVE('',#4790,#4792,#2467,.T.);
#5894=EDGE_CURVE('',#4793,#4794,#2468,.T.);
#5895=EDGE_CURVE('',#4795,#4794,#2469,.T.);
#5896=EDGE_CURVE('',#4796,#4795,#2470,.T.);
#5897=EDGE_CURVE('',#4793,#4796,#2471,.T.);
#5898=EDGE_CURVE('',#4797,#4798,#2472,.T.);
#5899=EDGE_CURVE('',#4794,#4798,#2473,.T.);
#5900=EDGE_CURVE('',#4797,#4793,#2474,.T.);
#5901=EDGE_CURVE('',#4799,#4797,#2475,.T.);
#5902=EDGE_CURVE('',#4800,#4799,#2476,.T.);
#5903=EDGE_CURVE('',#4798,#4800,#2477,.T.);
#5904=EDGE_CURVE('',#4801,#4802,#2478,.T.);
#5905=EDGE_CURVE('',#4803,#4802,#2479,.T.);
#5906=EDGE_CURVE('',#4804,#4803,#2480,.T.);
#5907=EDGE_CURVE('',#4801,#4804,#2481,.T.);
#5908=EDGE_CURVE('',#4805,#4806,#2482,.T.);
#5909=EDGE_CURVE('',#4802,#4806,#2483,.T.);
#5910=EDGE_CURVE('',#4805,#4801,#2484,.T.);
#5911=EDGE_CURVE('',#4807,#4805,#2485,.T.);
#5912=EDGE_CURVE('',#4808,#4807,#2486,.T.);
#5913=EDGE_CURVE('',#4806,#4808,#2487,.T.);
#5914=EDGE_CURVE('',#4809,#4810,#2488,.T.);
#5915=EDGE_CURVE('',#4811,#4810,#2489,.T.);
#5916=EDGE_CURVE('',#4812,#4811,#2490,.T.);
#5917=EDGE_CURVE('',#4809,#4812,#2491,.T.);
#5918=EDGE_CURVE('',#4813,#4814,#2492,.T.);
#5919=EDGE_CURVE('',#4810,#4814,#2493,.T.);
#5920=EDGE_CURVE('',#4813,#4809,#2494,.T.);
#5921=EDGE_CURVE('',#4815,#4813,#2495,.T.);
#5922=EDGE_CURVE('',#4816,#4815,#2496,.T.);
#5923=EDGE_CURVE('',#4814,#4816,#2497,.T.);
#5924=EDGE_CURVE('',#4817,#4818,#2498,.T.);
#5925=EDGE_CURVE('',#4819,#4818,#2499,.T.);
#5926=EDGE_CURVE('',#4820,#4819,#2500,.T.);
#5927=EDGE_CURVE('',#4817,#4820,#2501,.T.);
#5928=EDGE_CURVE('',#4821,#4822,#2502,.T.);
#5929=EDGE_CURVE('',#4818,#4822,#2503,.T.);
#5930=EDGE_CURVE('',#4821,#4817,#2504,.T.);
#5931=EDGE_CURVE('',#4823,#4821,#2505,.T.);
#5932=EDGE_CURVE('',#4824,#4823,#2506,.T.);
#5933=EDGE_CURVE('',#4822,#4824,#2507,.T.);
#5934=EDGE_CURVE('',#4825,#4826,#2508,.T.);
#5935=EDGE_CURVE('',#4827,#4826,#2509,.T.);
#5936=EDGE_CURVE('',#4828,#4827,#2510,.T.);
#5937=EDGE_CURVE('',#4825,#4828,#2511,.T.);
#5938=EDGE_CURVE('',#4829,#4830,#2512,.T.);
#5939=EDGE_CURVE('',#4826,#4830,#2513,.T.);
#5940=EDGE_CURVE('',#4829,#4825,#2514,.T.);
#5941=EDGE_CURVE('',#4831,#4829,#2515,.T.);
#5942=EDGE_CURVE('',#4832,#4831,#2516,.T.);
#5943=EDGE_CURVE('',#4830,#4832,#2517,.T.);
#5944=EDGE_CURVE('',#4833,#4834,#2518,.T.);
#5945=EDGE_CURVE('',#4835,#4834,#2519,.T.);
#5946=EDGE_CURVE('',#4835,#4836,#2520,.T.);
#5947=EDGE_CURVE('',#4833,#4836,#2521,.T.);
#5948=EDGE_CURVE('',#4837,#4838,#2522,.T.);
#5949=EDGE_CURVE('',#4834,#4838,#2523,.T.);
#5950=EDGE_CURVE('',#4837,#4833,#2524,.T.);
#5951=EDGE_CURVE('',#4839,#4837,#2525,.T.);
#5952=EDGE_CURVE('',#4840,#4839,#2526,.T.);
#5953=EDGE_CURVE('',#4838,#4840,#2527,.T.);
#5954=EDGE_CURVE('',#4841,#4842,#2528,.T.);
#5955=EDGE_CURVE('',#4843,#4842,#2529,.T.);
#5956=EDGE_CURVE('',#4844,#4843,#2530,.T.);
#5957=EDGE_CURVE('',#4841,#4844,#2531,.T.);
#5958=EDGE_CURVE('',#4845,#4846,#2532,.T.);
#5959=EDGE_CURVE('',#4842,#4846,#2533,.T.);
#5960=EDGE_CURVE('',#4845,#4841,#2534,.T.);
#5961=EDGE_CURVE('',#4847,#4845,#2535,.T.);
#5962=EDGE_CURVE('',#4848,#4847,#2536,.T.);
#5963=EDGE_CURVE('',#4846,#4848,#2537,.T.);
#5964=EDGE_CURVE('',#4849,#4850,#2538,.T.);
#5965=EDGE_CURVE('',#4851,#4850,#2539,.T.);
#5966=EDGE_CURVE('',#4852,#4851,#2540,.T.);
#5967=EDGE_CURVE('',#4849,#4852,#2541,.T.);
#5968=EDGE_CURVE('',#4853,#4854,#2542,.T.);
#5969=EDGE_CURVE('',#4850,#4854,#2543,.T.);
#5970=EDGE_CURVE('',#4853,#4849,#2544,.T.);
#5971=EDGE_CURVE('',#4855,#4853,#2545,.T.);
#5972=EDGE_CURVE('',#4856,#4855,#2546,.T.);
#5973=EDGE_CURVE('',#4854,#4856,#2547,.T.);
#5974=EDGE_CURVE('',#4857,#4858,#2548,.T.);
#5975=EDGE_CURVE('',#4859,#4858,#2549,.T.);
#5976=EDGE_CURVE('',#4860,#4859,#2550,.T.);
#5977=EDGE_CURVE('',#4857,#4860,#2551,.T.);
#5978=EDGE_CURVE('',#4861,#4862,#2552,.T.);
#5979=EDGE_CURVE('',#4858,#4862,#2553,.T.);
#5980=EDGE_CURVE('',#4861,#4857,#2554,.T.);
#5981=EDGE_CURVE('',#4863,#4861,#2555,.T.);
#5982=EDGE_CURVE('',#4864,#4863,#2556,.T.);
#5983=EDGE_CURVE('',#4862,#4864,#2557,.T.);
#5984=EDGE_CURVE('',#4865,#4866,#2558,.T.);
#5985=EDGE_CURVE('',#4867,#4866,#2559,.T.);
#5986=EDGE_CURVE('',#4868,#4867,#2560,.T.);
#5987=EDGE_CURVE('',#4865,#4868,#2561,.T.);
#5988=EDGE_CURVE('',#4869,#4870,#2562,.T.);
#5989=EDGE_CURVE('',#4866,#4870,#2563,.T.);
#5990=EDGE_CURVE('',#4869,#4865,#2564,.T.);
#5991=EDGE_CURVE('',#4871,#4869,#2565,.T.);
#5992=EDGE_CURVE('',#4872,#4871,#2566,.T.);
#5993=EDGE_CURVE('',#4870,#4872,#2567,.T.);
#5994=EDGE_CURVE('',#4873,#4874,#2568,.T.);
#5995=EDGE_CURVE('',#4875,#4874,#2569,.T.);
#5996=EDGE_CURVE('',#4876,#4875,#2570,.T.);
#5997=EDGE_CURVE('',#4873,#4876,#2571,.T.);
#5998=EDGE_CURVE('',#4877,#4878,#2572,.T.);
#5999=EDGE_CURVE('',#4874,#4878,#2573,.T.);
#6000=EDGE_CURVE('',#4877,#4873,#2574,.T.);
#6001=EDGE_CURVE('',#4879,#4877,#2575,.T.);
#6002=EDGE_CURVE('',#4880,#4879,#2576,.T.);
#6003=EDGE_CURVE('',#4878,#4880,#2577,.T.);
#6004=EDGE_CURVE('',#4881,#4882,#2578,.T.);
#6005=EDGE_CURVE('',#4883,#4882,#2579,.T.);
#6006=EDGE_CURVE('',#4884,#4883,#2580,.T.);
#6007=EDGE_CURVE('',#4881,#4884,#2581,.T.);
#6008=EDGE_CURVE('',#4885,#4886,#2582,.T.);
#6009=EDGE_CURVE('',#4882,#4886,#2583,.T.);
#6010=EDGE_CURVE('',#4885,#4881,#2584,.T.);
#6011=EDGE_CURVE('',#4887,#4885,#2585,.T.);
#6012=EDGE_CURVE('',#4888,#4887,#2586,.T.);
#6013=EDGE_CURVE('',#4886,#4888,#2587,.T.);
#6014=EDGE_CURVE('',#4889,#4890,#2588,.T.);
#6015=EDGE_CURVE('',#4891,#4890,#2589,.T.);
#6016=EDGE_CURVE('',#4892,#4891,#2590,.T.);
#6017=EDGE_CURVE('',#4889,#4892,#2591,.T.);
#6018=EDGE_CURVE('',#4893,#4894,#2592,.T.);
#6019=EDGE_CURVE('',#4890,#4894,#2593,.T.);
#6020=EDGE_CURVE('',#4893,#4889,#2594,.T.);
#6021=EDGE_CURVE('',#4895,#4893,#2595,.T.);
#6022=EDGE_CURVE('',#4896,#4895,#2596,.T.);
#6023=EDGE_CURVE('',#4894,#4896,#2597,.T.);
#6024=EDGE_CURVE('',#4897,#4898,#2598,.T.);
#6025=EDGE_CURVE('',#4899,#4897,#2599,.T.);
#6026=EDGE_CURVE('',#4900,#4899,#2600,.T.);
#6027=EDGE_CURVE('',#4898,#4900,#2601,.T.);
#6028=EDGE_CURVE('',#4901,#4902,#2602,.T.);
#6029=EDGE_CURVE('',#4897,#4901,#2603,.T.);
#6030=EDGE_CURVE('',#4902,#4898,#2604,.T.);
#6031=EDGE_CURVE('',#4903,#4902,#2605,.T.);
#6032=EDGE_CURVE('',#4904,#4903,#2606,.T.);
#6033=EDGE_CURVE('',#4901,#4904,#2607,.T.);
#6034=EDGE_CURVE('',#4905,#4906,#2608,.T.);
#6035=EDGE_CURVE('',#4907,#4906,#2609,.T.);
#6036=EDGE_CURVE('',#4908,#4907,#2610,.T.);
#6037=EDGE_CURVE('',#4905,#4908,#2611,.T.);
#6038=EDGE_CURVE('',#4906,#4782,#2612,.T.);
#6039=EDGE_CURVE('',#4781,#4905,#2613,.T.);
#6040=EDGE_CURVE('',#4909,#4909,#4265,.T.);
#6041=EDGE_CURVE('',#4788,#4910,#2614,.T.);
#6042=EDGE_CURVE('',#4910,#4911,#2615,.T.);
#6043=EDGE_CURVE('',#4911,#4791,#2616,.T.);
#6044=EDGE_CURVE('',#4908,#4912,#2617,.T.);
#6045=EDGE_CURVE('',#4912,#4913,#2618,.T.);
#6046=EDGE_CURVE('',#4913,#4783,#2619,.T.);
#6047=EDGE_CURVE('',#4796,#4914,#2620,.T.);
#6048=EDGE_CURVE('',#4914,#4915,#2621,.T.);
#6049=EDGE_CURVE('',#4915,#4799,#2622,.T.);
#6050=EDGE_CURVE('',#4916,#4917,#2623,.T.);
#6051=EDGE_CURVE('',#4917,#4918,#2624,.T.);
#6052=EDGE_CURVE('',#4918,#4919,#2625,.T.);
#6053=EDGE_CURVE('',#4919,#4920,#2626,.T.);
#6054=EDGE_CURVE('',#4920,#4921,#2627,.T.);
#6055=EDGE_CURVE('',#4921,#4916,#2628,.T.);
#6056=EDGE_CURVE('',#4804,#4922,#2629,.T.);
#6057=EDGE_CURVE('',#4922,#4923,#2630,.T.);
#6058=EDGE_CURVE('',#4923,#4807,#2631,.T.);
#6059=EDGE_CURVE('',#4924,#4925,#2632,.T.);
#6060=EDGE_CURVE('',#4925,#4926,#2633,.T.);
#6061=EDGE_CURVE('',#4926,#4927,#2634,.T.);
#6062=EDGE_CURVE('',#4927,#4928,#2635,.T.);
#6063=EDGE_CURVE('',#4928,#4929,#2636,.T.);
#6064=EDGE_CURVE('',#4929,#4924,#2637,.T.);
#6065=EDGE_CURVE('',#4812,#4930,#2638,.T.);
#6066=EDGE_CURVE('',#4930,#4931,#2639,.T.);
#6067=EDGE_CURVE('',#4931,#4815,#2640,.T.);
#6068=EDGE_CURVE('',#4932,#4933,#2641,.T.);
#6069=EDGE_CURVE('',#4933,#4934,#2642,.T.);
#6070=EDGE_CURVE('',#4934,#4935,#2643,.T.);
#6071=EDGE_CURVE('',#4935,#4936,#2644,.T.);
#6072=EDGE_CURVE('',#4936,#4937,#2645,.T.);
#6073=EDGE_CURVE('',#4937,#4932,#2646,.T.);
#6074=EDGE_CURVE('',#4820,#4938,#2647,.T.);
#6075=EDGE_CURVE('',#4938,#4939,#2648,.T.);
#6076=EDGE_CURVE('',#4939,#4823,#2649,.T.);
#6077=EDGE_CURVE('',#4940,#4941,#2650,.T.);
#6078=EDGE_CURVE('',#4941,#4942,#2651,.T.);
#6079=EDGE_CURVE('',#4942,#4943,#2652,.T.);
#6080=EDGE_CURVE('',#4943,#4944,#2653,.T.);
#6081=EDGE_CURVE('',#4944,#4945,#2654,.T.);
#6082=EDGE_CURVE('',#4945,#4940,#2655,.T.);
#6083=EDGE_CURVE('',#4828,#4946,#2656,.T.);
#6084=EDGE_CURVE('',#4946,#4947,#2657,.T.);
#6085=EDGE_CURVE('',#4947,#4831,#2658,.T.);
#6086=EDGE_CURVE('',#4948,#4949,#2659,.T.);
#6087=EDGE_CURVE('',#4949,#4950,#2660,.T.);
#6088=EDGE_CURVE('',#4950,#4951,#2661,.T.);
#6089=EDGE_CURVE('',#4951,#4952,#2662,.T.);
#6090=EDGE_CURVE('',#4952,#4953,#2663,.T.);
#6091=EDGE_CURVE('',#4953,#4948,#2664,.T.);
#6092=EDGE_CURVE('',#4836,#4954,#2665,.T.);
#6093=EDGE_CURVE('',#4954,#4955,#2666,.T.);
#6094=EDGE_CURVE('',#4955,#4839,#2667,.T.);
#6095=EDGE_CURVE('',#4956,#4957,#2668,.T.);
#6096=EDGE_CURVE('',#4957,#4958,#2669,.T.);
#6097=EDGE_CURVE('',#4958,#4959,#2670,.T.);
#6098=EDGE_CURVE('',#4959,#4960,#2671,.T.);
#6099=EDGE_CURVE('',#4960,#4961,#2672,.T.);
#6100=EDGE_CURVE('',#4961,#4956,#2673,.T.);
#6101=EDGE_CURVE('',#4844,#4962,#2674,.T.);
#6102=EDGE_CURVE('',#4962,#4963,#2675,.T.);
#6103=EDGE_CURVE('',#4963,#4847,#2676,.T.);
#6104=EDGE_CURVE('',#4964,#4965,#2677,.T.);
#6105=EDGE_CURVE('',#4965,#4966,#2678,.T.);
#6106=EDGE_CURVE('',#4966,#4967,#2679,.T.);
#6107=EDGE_CURVE('',#4967,#4968,#2680,.T.);
#6108=EDGE_CURVE('',#4968,#4969,#2681,.T.);
#6109=EDGE_CURVE('',#4969,#4964,#2682,.T.);
#6110=EDGE_CURVE('',#4852,#4970,#2683,.T.);
#6111=EDGE_CURVE('',#4970,#4971,#2684,.T.);
#6112=EDGE_CURVE('',#4971,#4855,#2685,.T.);
#6113=EDGE_CURVE('',#4972,#4973,#2686,.T.);
#6114=EDGE_CURVE('',#4973,#4974,#2687,.T.);
#6115=EDGE_CURVE('',#4974,#4975,#2688,.T.);
#6116=EDGE_CURVE('',#4975,#4976,#2689,.T.);
#6117=EDGE_CURVE('',#4976,#4977,#2690,.T.);
#6118=EDGE_CURVE('',#4977,#4972,#2691,.T.);
#6119=EDGE_CURVE('',#4860,#4978,#2692,.T.);
#6120=EDGE_CURVE('',#4978,#4979,#2693,.T.);
#6121=EDGE_CURVE('',#4979,#4863,#2694,.T.);
#6122=EDGE_CURVE('',#4980,#4981,#2695,.T.);
#6123=EDGE_CURVE('',#4981,#4982,#2696,.T.);
#6124=EDGE_CURVE('',#4982,#4983,#2697,.T.);
#6125=EDGE_CURVE('',#4983,#4984,#2698,.T.);
#6126=EDGE_CURVE('',#4984,#4985,#2699,.T.);
#6127=EDGE_CURVE('',#4985,#4980,#2700,.T.);
#6128=EDGE_CURVE('',#4868,#4986,#2701,.T.);
#6129=EDGE_CURVE('',#4986,#4987,#2702,.T.);
#6130=EDGE_CURVE('',#4987,#4871,#2703,.T.);
#6131=EDGE_CURVE('',#4988,#4989,#2704,.T.);
#6132=EDGE_CURVE('',#4989,#4990,#2705,.T.);
#6133=EDGE_CURVE('',#4990,#4991,#2706,.T.);
#6134=EDGE_CURVE('',#4991,#4992,#2707,.T.);
#6135=EDGE_CURVE('',#4992,#4993,#2708,.T.);
#6136=EDGE_CURVE('',#4993,#4988,#2709,.T.);
#6137=EDGE_CURVE('',#4876,#4994,#2710,.T.);
#6138=EDGE_CURVE('',#4994,#4995,#2711,.T.);
#6139=EDGE_CURVE('',#4995,#4879,#2712,.T.);
#6140=EDGE_CURVE('',#4996,#4997,#2713,.T.);
#6141=EDGE_CURVE('',#4997,#4998,#2714,.T.);
#6142=EDGE_CURVE('',#4998,#4999,#2715,.T.);
#6143=EDGE_CURVE('',#4999,#5000,#2716,.T.);
#6144=EDGE_CURVE('',#5000,#5001,#2717,.T.);
#6145=EDGE_CURVE('',#5001,#4996,#2718,.T.);
#6146=EDGE_CURVE('',#4884,#5002,#2719,.T.);
#6147=EDGE_CURVE('',#5002,#5003,#2720,.T.);
#6148=EDGE_CURVE('',#5003,#4887,#2721,.T.);
#6149=EDGE_CURVE('',#5004,#5005,#2722,.T.);
#6150=EDGE_CURVE('',#5005,#5006,#2723,.T.);
#6151=EDGE_CURVE('',#5006,#5007,#2724,.T.);
#6152=EDGE_CURVE('',#5007,#5008,#2725,.T.);
#6153=EDGE_CURVE('',#5008,#5009,#2726,.T.);
#6154=EDGE_CURVE('',#5009,#5004,#2727,.T.);
#6155=EDGE_CURVE('',#4892,#5010,#2728,.T.);
#6156=EDGE_CURVE('',#5010,#5011,#2729,.T.);
#6157=EDGE_CURVE('',#5011,#4895,#2730,.T.);
#6158=EDGE_CURVE('',#5012,#5013,#2731,.T.);
#6159=EDGE_CURVE('',#5013,#5014,#2732,.T.);
#6160=EDGE_CURVE('',#5014,#5015,#2733,.T.);
#6161=EDGE_CURVE('',#5015,#5016,#2734,.T.);
#6162=EDGE_CURVE('',#5016,#5017,#2735,.T.);
#6163=EDGE_CURVE('',#5017,#5012,#2736,.T.);
#6164=EDGE_CURVE('',#4900,#5018,#2737,.T.);
#6165=EDGE_CURVE('',#5018,#5019,#2738,.T.);
#6166=EDGE_CURVE('',#5019,#4903,#2739,.T.);
#6167=EDGE_CURVE('',#5020,#5021,#4266,.T.);
#6168=EDGE_CURVE('',#5022,#5020,#4267,.T.);
#6169=EDGE_CURVE('',#5023,#5022,#4268,.T.);
#6170=EDGE_CURVE('',#5023,#5024,#2740,.T.);
#6171=EDGE_CURVE('',#5025,#5024,#4269,.T.);
#6172=EDGE_CURVE('',#5025,#5026,#4270,.T.);
#6173=EDGE_CURVE('',#5027,#5026,#4271,.T.);
#6174=EDGE_CURVE('',#5021,#5027,#2741,.T.);
#6175=EDGE_CURVE('',#5028,#5029,#2742,.T.);
#6176=EDGE_CURVE('',#5029,#5030,#2743,.T.);
#6177=EDGE_CURVE('',#5030,#5031,#2744,.T.);
#6178=EDGE_CURVE('',#5031,#5032,#2745,.T.);
#6179=EDGE_CURVE('',#5032,#5033,#2746,.T.);
#6180=EDGE_CURVE('',#5033,#5028,#2747,.T.);
#6181=EDGE_CURVE('',#5034,#5035,#2748,.T.);
#6182=EDGE_CURVE('',#5036,#5035,#4272,.T.);
#6183=EDGE_CURVE('',#5036,#5037,#4273,.T.);
#6184=EDGE_CURVE('',#5038,#5037,#4274,.T.);
#6185=EDGE_CURVE('',#5039,#5038,#2749,.T.);
#6186=EDGE_CURVE('',#5040,#5039,#4275,.T.);
#6187=EDGE_CURVE('',#5041,#5040,#4276,.T.);
#6188=EDGE_CURVE('',#5034,#5041,#4277,.T.);
#6189=EDGE_CURVE('',#5042,#5043,#2750,.T.);
#6190=EDGE_CURVE('',#5044,#5043,#4278,.T.);
#6191=EDGE_CURVE('',#5044,#5045,#4279,.T.);
#6192=EDGE_CURVE('',#5046,#5045,#4280,.T.);
#6193=EDGE_CURVE('',#5047,#5046,#2751,.T.);
#6194=EDGE_CURVE('',#5048,#5047,#4281,.T.);
#6195=EDGE_CURVE('',#5049,#5048,#4282,.T.);
#6196=EDGE_CURVE('',#5042,#5049,#4283,.T.);
#6197=EDGE_CURVE('',#4909,#5050,#2752,.T.);
#6198=EDGE_CURVE('',#5051,#5050,#4284,.T.);
#6199=EDGE_CURVE('',#5050,#5051,#4285,.T.);
#6200=EDGE_CURVE('',#5052,#5052,#4286,.T.);
#6201=EDGE_CURVE('',#5052,#5051,#4287,.T.);
#6202=EDGE_CURVE('',#4800,#5053,#2753,.T.);
#6203=EDGE_CURVE('',#5053,#5054,#2754,.T.);
#6204=EDGE_CURVE('',#5054,#4795,#2755,.T.);
#6205=EDGE_CURVE('',#5055,#5056,#2756,.T.);
#6206=EDGE_CURVE('',#5056,#5057,#2757,.T.);
#6207=EDGE_CURVE('',#5057,#5058,#2758,.T.);
#6208=EDGE_CURVE('',#5058,#5059,#2759,.T.);
#6209=EDGE_CURVE('',#5059,#5060,#2760,.T.);
#6210=EDGE_CURVE('',#5060,#5055,#2761,.T.);
#6211=EDGE_CURVE('',#4904,#5061,#2762,.T.);
#6212=EDGE_CURVE('',#5061,#5062,#2763,.T.);
#6213=EDGE_CURVE('',#5062,#4899,#2764,.T.);
#6214=EDGE_CURVE('',#5063,#5064,#2765,.T.);
#6215=EDGE_CURVE('',#5064,#5065,#2766,.T.);
#6216=EDGE_CURVE('',#5065,#5066,#2767,.T.);
#6217=EDGE_CURVE('',#5066,#5067,#2768,.T.);
#6218=EDGE_CURVE('',#5067,#5068,#2769,.T.);
#6219=EDGE_CURVE('',#5068,#5063,#2770,.T.);
#6220=EDGE_CURVE('',#4848,#5069,#2771,.T.);
#6221=EDGE_CURVE('',#5069,#5070,#2772,.T.);
#6222=EDGE_CURVE('',#5070,#4843,#2773,.T.);
#6223=EDGE_CURVE('',#4784,#5071,#2774,.T.);
#6224=EDGE_CURVE('',#5071,#5072,#2775,.T.);
#6225=EDGE_CURVE('',#5072,#4907,#2776,.T.);
#6226=EDGE_CURVE('',#4856,#5073,#2777,.T.);
#6227=EDGE_CURVE('',#5073,#5074,#2778,.T.);
#6228=EDGE_CURVE('',#5074,#4851,#2779,.T.);
#6229=EDGE_CURVE('',#4880,#5075,#2780,.T.);
#6230=EDGE_CURVE('',#5075,#5076,#2781,.T.);
#6231=EDGE_CURVE('',#5076,#4875,#2782,.T.);
#6232=EDGE_CURVE('',#5077,#5078,#2783,.T.);
#6233=EDGE_CURVE('',#5078,#5079,#2784,.T.);
#6234=EDGE_CURVE('',#5079,#5080,#2785,.T.);
#6235=EDGE_CURVE('',#5080,#5081,#2786,.T.);
#6236=EDGE_CURVE('',#5081,#5082,#2787,.T.);
#6237=EDGE_CURVE('',#5082,#5077,#2788,.T.);
#6238=EDGE_CURVE('',#5083,#5084,#2789,.T.);
#6239=EDGE_CURVE('',#5084,#5085,#2790,.T.);
#6240=EDGE_CURVE('',#5085,#5086,#2791,.T.);
#6241=EDGE_CURVE('',#5086,#5087,#2792,.T.);
#6242=EDGE_CURVE('',#5087,#5088,#2793,.T.);
#6243=EDGE_CURVE('',#5088,#5083,#2794,.T.);
#6244=EDGE_CURVE('',#4808,#5089,#2795,.T.);
#6245=EDGE_CURVE('',#5089,#5090,#2796,.T.);
#6246=EDGE_CURVE('',#5090,#4803,#2797,.T.);
#6247=EDGE_CURVE('',#4864,#5091,#2798,.T.);
#6248=EDGE_CURVE('',#5091,#5092,#2799,.T.);
#6249=EDGE_CURVE('',#5092,#4859,#2800,.T.);
#6250=EDGE_CURVE('',#4840,#5093,#2801,.T.);
#6251=EDGE_CURVE('',#5093,#5094,#2802,.T.);
#6252=EDGE_CURVE('',#5094,#4835,#2803,.T.);
#6253=EDGE_CURVE('',#4824,#5095,#2804,.T.);
#6254=EDGE_CURVE('',#5095,#5096,#2805,.T.);
#6255=EDGE_CURVE('',#5096,#4819,#2806,.T.);
#6256=EDGE_CURVE('',#5097,#5098,#2807,.T.);
#6257=EDGE_CURVE('',#5098,#5099,#2808,.T.);
#6258=EDGE_CURVE('',#5099,#5100,#2809,.T.);
#6259=EDGE_CURVE('',#5100,#5101,#2810,.T.);
#6260=EDGE_CURVE('',#5101,#5102,#2811,.T.);
#6261=EDGE_CURVE('',#5102,#5097,#2812,.T.);
#6262=EDGE_CURVE('',#5103,#5104,#2813,.T.);
#6263=EDGE_CURVE('',#5104,#5105,#2814,.T.);
#6264=EDGE_CURVE('',#5105,#5106,#2815,.T.);
#6265=EDGE_CURVE('',#5106,#5107,#2816,.T.);
#6266=EDGE_CURVE('',#5107,#5108,#2817,.T.);
#6267=EDGE_CURVE('',#5108,#5103,#2818,.T.);
#6268=EDGE_CURVE('',#4792,#5109,#2819,.T.);
#6269=EDGE_CURVE('',#5109,#5110,#2820,.T.);
#6270=EDGE_CURVE('',#5110,#4787,#2821,.T.);
#6271=EDGE_CURVE('',#5111,#5112,#2822,.T.);
#6272=EDGE_CURVE('',#5112,#5113,#2823,.T.);
#6273=EDGE_CURVE('',#5113,#5114,#2824,.T.);
#6274=EDGE_CURVE('',#5114,#5115,#2825,.T.);
#6275=EDGE_CURVE('',#5115,#5116,#2826,.T.);
#6276=EDGE_CURVE('',#5116,#5111,#2827,.T.);
#6277=EDGE_CURVE('',#5117,#5118,#2828,.T.);
#6278=EDGE_CURVE('',#5118,#5119,#2829,.T.);
#6279=EDGE_CURVE('',#5119,#5120,#2830,.T.);
#6280=EDGE_CURVE('',#5120,#5121,#2831,.T.);
#6281=EDGE_CURVE('',#5121,#5122,#2832,.T.);
#6282=EDGE_CURVE('',#5122,#5117,#2833,.T.);
#6283=EDGE_CURVE('',#4872,#5123,#2834,.T.);
#6284=EDGE_CURVE('',#5123,#5124,#2835,.T.);
#6285=EDGE_CURVE('',#5124,#4867,#2836,.T.);
#6286=EDGE_CURVE('',#4896,#5125,#2837,.T.);
#6287=EDGE_CURVE('',#5125,#5126,#2838,.T.);
#6288=EDGE_CURVE('',#5126,#4891,#2839,.T.);
#6289=EDGE_CURVE('',#5127,#5128,#2840,.T.);
#6290=EDGE_CURVE('',#5128,#5129,#2841,.T.);
#6291=EDGE_CURVE('',#5129,#5130,#2842,.T.);
#6292=EDGE_CURVE('',#5130,#5131,#2843,.T.);
#6293=EDGE_CURVE('',#5131,#5132,#2844,.T.);
#6294=EDGE_CURVE('',#5132,#5127,#2845,.T.);
#6295=EDGE_CURVE('',#5133,#5134,#2846,.T.);
#6296=EDGE_CURVE('',#5134,#5135,#2847,.T.);
#6297=EDGE_CURVE('',#5135,#5136,#2848,.T.);
#6298=EDGE_CURVE('',#5136,#5137,#2849,.T.);
#6299=EDGE_CURVE('',#5137,#5138,#2850,.T.);
#6300=EDGE_CURVE('',#5138,#5133,#2851,.T.);
#6301=EDGE_CURVE('',#5139,#5140,#2852,.T.);
#6302=EDGE_CURVE('',#5140,#5141,#2853,.T.);
#6303=EDGE_CURVE('',#5141,#5142,#2854,.T.);
#6304=EDGE_CURVE('',#5142,#5143,#2855,.T.);
#6305=EDGE_CURVE('',#5143,#5144,#2856,.T.);
#6306=EDGE_CURVE('',#5144,#5139,#2857,.T.);
#6307=EDGE_CURVE('',#4816,#5145,#2858,.T.);
#6308=EDGE_CURVE('',#5145,#5146,#2859,.T.);
#6309=EDGE_CURVE('',#5146,#4811,#2860,.T.);
#6310=EDGE_CURVE('',#5147,#5148,#2861,.T.);
#6311=EDGE_CURVE('',#5148,#5149,#2862,.T.);
#6312=EDGE_CURVE('',#5149,#5150,#2863,.T.);
#6313=EDGE_CURVE('',#5150,#5151,#2864,.T.);
#6314=EDGE_CURVE('',#5151,#5152,#2865,.T.);
#6315=EDGE_CURVE('',#5152,#5147,#2866,.T.);
#6316=EDGE_CURVE('',#4888,#5153,#2867,.T.);
#6317=EDGE_CURVE('',#5153,#5154,#2868,.T.);
#6318=EDGE_CURVE('',#5154,#4883,#2869,.T.);
#6319=EDGE_CURVE('',#5155,#5156,#2870,.T.);
#6320=EDGE_CURVE('',#5156,#5157,#2871,.T.);
#6321=EDGE_CURVE('',#5157,#5158,#2872,.T.);
#6322=EDGE_CURVE('',#5158,#5159,#2873,.T.);
#6323=EDGE_CURVE('',#5159,#5160,#2874,.T.);
#6324=EDGE_CURVE('',#5160,#5155,#2875,.T.);
#6325=EDGE_CURVE('',#4832,#5161,#2876,.T.);
#6326=EDGE_CURVE('',#5161,#5162,#2877,.T.);
#6327=EDGE_CURVE('',#5162,#4827,#2878,.T.);
#6328=EDGE_CURVE('',#5163,#5164,#2879,.T.);
#6329=EDGE_CURVE('',#5164,#5165,#2880,.T.);
#6330=EDGE_CURVE('',#5165,#5166,#2881,.T.);
#6331=EDGE_CURVE('',#5166,#5167,#2882,.T.);
#6332=EDGE_CURVE('',#5167,#5168,#2883,.T.);
#6333=EDGE_CURVE('',#5168,#5163,#2884,.T.);
#6334=EDGE_CURVE('',#5169,#5170,#45,.T.);
#6335=EDGE_CURVE('',#5169,#5171,#4288,.T.);
#6336=EDGE_CURVE('',#5172,#5171,#46,.T.);
#6337=EDGE_CURVE('',#5172,#5173,#4289,.T.);
#6338=EDGE_CURVE('',#5174,#5173,#47,.T.);
#6339=EDGE_CURVE('',#5174,#5175,#4290,.T.);
#6340=EDGE_CURVE('',#5176,#5175,#48,.T.);
#6341=EDGE_CURVE('',#5176,#5177,#4291,.T.);
#6342=EDGE_CURVE('',#5178,#5177,#49,.T.);
#6343=EDGE_CURVE('',#5178,#5179,#4292,.T.);
#6344=EDGE_CURVE('',#5180,#5179,#50,.T.);
#6345=EDGE_CURVE('',#5180,#5170,#4293,.T.);
#6346=EDGE_CURVE('',#5170,#5181,#51,.T.);
#6347=EDGE_CURVE('',#5181,#5182,#52,.T.);
#6348=EDGE_CURVE('',#5182,#5183,#4294,.T.);
#6349=EDGE_CURVE('',#5183,#5169,#53,.T.);
#6350=EDGE_CURVE('',#5184,#5185,#4295,.T.);
#6351=EDGE_CURVE('',#5185,#5183,#4296,.T.);
#6352=EDGE_CURVE('',#5182,#5184,#4297,.T.);
#6353=EDGE_CURVE('',#5186,#5187,#4298,.T.);
#6354=EDGE_CURVE('',#5187,#5185,#2885,.T.);
#6355=EDGE_CURVE('',#5184,#5186,#2886,.T.);
#6356=EDGE_CURVE('',#5188,#5189,#4299,.T.);
#6357=EDGE_CURVE('',#5189,#5187,#4300,.T.);
#6358=EDGE_CURVE('',#5186,#5188,#4301,.T.);
#6359=EDGE_CURVE('',#5190,#5191,#4302,.T.);
#6360=EDGE_CURVE('',#5191,#5189,#4303,.T.);
#6361=EDGE_CURVE('',#5188,#5190,#4304,.T.);
#6362=EDGE_CURVE('',#5192,#5193,#4305,.T.);
#6363=EDGE_CURVE('',#5193,#5191,#4306,.T.);
#6364=EDGE_CURVE('',#5190,#5192,#4307,.T.);
#6365=EDGE_CURVE('',#5194,#5195,#4308,.T.);
#6366=EDGE_CURVE('',#5195,#5193,#2887,.T.);
#6367=EDGE_CURVE('',#5192,#5194,#2888,.T.);
#6368=EDGE_CURVE('',#5196,#5197,#4309,.T.);
#6369=EDGE_CURVE('',#5197,#5195,#4310,.T.);
#6370=EDGE_CURVE('',#5194,#5196,#4311,.T.);
#6371=EDGE_CURVE('',#5179,#5197,#54,.T.);
#6372=EDGE_CURVE('',#5196,#5198,#55,.T.);
#6373=EDGE_CURVE('',#5198,#5180,#56,.T.);
#6374=EDGE_CURVE('',#5183,#5199,#4312,.T.);
#6375=EDGE_CURVE('',#5171,#5199,#57,.T.);
#6376=EDGE_CURVE('',#5200,#5197,#4313,.T.);
#6377=EDGE_CURVE('',#5201,#5200,#4314,.T.);
#6378=EDGE_CURVE('',#5202,#5201,#2889,.T.);
#6379=EDGE_CURVE('',#5203,#5202,#4315,.T.);
#6380=EDGE_CURVE('',#5204,#5203,#4316,.T.);
#6381=EDGE_CURVE('',#5205,#5204,#4317,.T.);
#6382=EDGE_CURVE('',#5206,#5205,#2890,.T.);
#6383=EDGE_CURVE('',#5207,#5206,#4318,.T.);
#6384=EDGE_CURVE('',#5208,#5207,#4319,.T.);
#6385=EDGE_CURVE('',#5209,#5208,#4320,.T.);
#6386=EDGE_CURVE('',#5210,#5209,#2891,.T.);
#6387=EDGE_CURVE('',#5211,#5210,#4321,.T.);
#6388=EDGE_CURVE('',#5212,#5211,#4322,.T.);
#6389=EDGE_CURVE('',#5213,#5212,#4323,.T.);
#6390=EDGE_CURVE('',#5214,#5213,#2892,.T.);
#6391=EDGE_CURVE('',#5199,#5214,#4324,.T.);
#6392=EDGE_CURVE('',#5200,#5178,#58,.T.);
#6393=EDGE_CURVE('',#5173,#5215,#59,.T.);
#6394=EDGE_CURVE('',#5215,#5216,#60,.T.);
#6395=EDGE_CURVE('',#5216,#5208,#4325,.T.);
#6396=EDGE_CURVE('',#5208,#5174,#61,.T.);
#6397=EDGE_CURVE('',#5217,#5209,#4326,.T.);
#6398=EDGE_CURVE('',#5216,#5217,#4327,.T.);
#6399=EDGE_CURVE('',#5218,#5210,#4328,.T.);
#6400=EDGE_CURVE('',#5217,#5218,#2893,.T.);
#6401=EDGE_CURVE('',#5219,#5211,#4329,.T.);
#6402=EDGE_CURVE('',#5218,#5219,#4330,.T.);
#6403=EDGE_CURVE('',#5220,#5212,#4331,.T.);
#6404=EDGE_CURVE('',#5219,#5220,#4332,.T.);
#6405=EDGE_CURVE('',#5221,#5213,#4333,.T.);
#6406=EDGE_CURVE('',#5220,#5221,#4334,.T.);
#6407=EDGE_CURVE('',#5222,#5214,#4335,.T.);
#6408=EDGE_CURVE('',#5221,#5222,#2894,.T.);
#6409=EDGE_CURVE('',#5223,#5199,#4336,.T.);
#6410=EDGE_CURVE('',#5222,#5223,#4337,.T.);
#6411=EDGE_CURVE('',#5223,#5224,#62,.T.);
#6412=EDGE_CURVE('',#5224,#5172,#63,.T.);
#6413=EDGE_CURVE('',#5175,#5207,#64,.T.);
#6414=EDGE_CURVE('',#5177,#5225,#65,.T.);
#6415=EDGE_CURVE('',#5225,#5226,#66,.T.);
#6416=EDGE_CURVE('',#5226,#5200,#4338,.T.);
#6417=EDGE_CURVE('',#5227,#5201,#4339,.T.);
#6418=EDGE_CURVE('',#5226,#5227,#4340,.T.);
#6419=EDGE_CURVE('',#5228,#5202,#4341,.T.);
#6420=EDGE_CURVE('',#5227,#5228,#2895,.T.);
#6421=EDGE_CURVE('',#5229,#5203,#4342,.T.);
#6422=EDGE_CURVE('',#5228,#5229,#4343,.T.);
#6423=EDGE_CURVE('',#5230,#5204,#4344,.T.);
#6424=EDGE_CURVE('',#5229,#5230,#4345,.T.);
#6425=EDGE_CURVE('',#5231,#5205,#4346,.T.);
#6426=EDGE_CURVE('',#5230,#5231,#4347,.T.);
#6427=EDGE_CURVE('',#5232,#5206,#4348,.T.);
#6428=EDGE_CURVE('',#5231,#5232,#2896,.T.);
#6429=EDGE_CURVE('',#5233,#5207,#4349,.T.);
#6430=EDGE_CURVE('',#5232,#5233,#4350,.T.);
#6431=EDGE_CURVE('',#5233,#5234,#67,.T.);
#6432=EDGE_CURVE('',#5234,#5176,#68,.T.);
#6433=EDGE_CURVE('',#5224,#5049,#2897,.T.);
#6434=EDGE_CURVE('',#5215,#5048,#2898,.T.);
#6435=EDGE_CURVE('',#5198,#5022,#2899,.T.);
#6436=EDGE_CURVE('',#5181,#5020,#2900,.T.);
#6437=EDGE_CURVE('',#5234,#5041,#2901,.T.);
#6438=EDGE_CURVE('',#5225,#5040,#2902,.T.);
#6439=EDGE_CURVE('',#5232,#5034,#2903,.T.);
#6440=EDGE_CURVE('',#5035,#5231,#2904,.T.);
#6441=EDGE_CURVE('',#5047,#5217,#2905,.T.);
#6442=EDGE_CURVE('',#5222,#5042,#2906,.T.);
#6443=EDGE_CURVE('',#5043,#5221,#2907,.T.);
#6444=EDGE_CURVE('',#5021,#5184,#2908,.T.);
#6445=EDGE_CURVE('',#5194,#5023,#2909,.T.);
#6446=EDGE_CURVE('',#5024,#5192,#2910,.T.);
#6447=EDGE_CURVE('',#5039,#5227,#2911,.T.);
#6448=EDGE_CURVE('',#5228,#5038,#2912,.T.);
#6449=EDGE_CURVE('',#5146,#4930,#2913,.T.);
#6450=EDGE_CURVE('',#5145,#4931,#2914,.T.);
#6451=EDGE_CURVE('',#5072,#4912,#2915,.T.);
#6452=EDGE_CURVE('',#5071,#4913,#2916,.T.);
#6453=EDGE_CURVE('',#5141,#4944,#2917,.T.);
#6454=EDGE_CURVE('',#4943,#5142,#2918,.T.);
#6455=EDGE_CURVE('',#5140,#4945,#2919,.T.);
#6456=EDGE_CURVE('',#5139,#4940,#2920,.T.);
#6457=EDGE_CURVE('',#5144,#4941,#2921,.T.);
#6458=EDGE_CURVE('',#5143,#4942,#2922,.T.);
#6459=EDGE_CURVE('',#5057,#4976,#2923,.T.);
#6460=EDGE_CURVE('',#4975,#5058,#2924,.T.);
#6461=EDGE_CURVE('',#5056,#4977,#2925,.T.);
#6462=EDGE_CURVE('',#5055,#4972,#2926,.T.);
#6463=EDGE_CURVE('',#5060,#4973,#2927,.T.);
#6464=EDGE_CURVE('',#5059,#4974,#2928,.T.);
#6465=EDGE_CURVE('',#5165,#5008,#2929,.T.);
#6466=EDGE_CURVE('',#5007,#5166,#2930,.T.);
#6467=EDGE_CURVE('',#5164,#5009,#2931,.T.);
#6468=EDGE_CURVE('',#5163,#5004,#2932,.T.);
#6469=EDGE_CURVE('',#5168,#5005,#2933,.T.);
#6470=EDGE_CURVE('',#5167,#5006,#2934,.T.);
#6471=EDGE_CURVE('',#5126,#5010,#2935,.T.);
#6472=EDGE_CURVE('',#5125,#5011,#2936,.T.);
#6473=EDGE_CURVE('',#5092,#4978,#2937,.T.);
#6474=EDGE_CURVE('',#5091,#4979,#2938,.T.);
#6475=EDGE_CURVE('',#4955,#5093,#2939,.T.);
#6476=EDGE_CURVE('',#5094,#4954,#2940,.T.);
#6477=EDGE_CURVE('',#5124,#4986,#2941,.T.);
#6478=EDGE_CURVE('',#5123,#4987,#2942,.T.);
#6479=EDGE_CURVE('',#5062,#5018,#2943,.T.);
#6480=EDGE_CURVE('',#5061,#5019,#2944,.T.);
#6481=EDGE_CURVE('',#5085,#5000,#2945,.T.);
#6482=EDGE_CURVE('',#4999,#5086,#2946,.T.);
#6483=EDGE_CURVE('',#5084,#5001,#2947,.T.);
#6484=EDGE_CURVE('',#5083,#4996,#2948,.T.);
#6485=EDGE_CURVE('',#5088,#4997,#2949,.T.);
#6486=EDGE_CURVE('',#5087,#4998,#2950,.T.);
#6487=EDGE_CURVE('',#5113,#4968,#2951,.T.);
#6488=EDGE_CURVE('',#4967,#5114,#2952,.T.);
#6489=EDGE_CURVE('',#5112,#4969,#2953,.T.);
#6490=EDGE_CURVE('',#5111,#4964,#2954,.T.);
#6491=EDGE_CURVE('',#5116,#4965,#2955,.T.);
#6492=EDGE_CURVE('',#5115,#4966,#2956,.T.);
#6493=EDGE_CURVE('',#5065,#4936,#2957,.T.);
#6494=EDGE_CURVE('',#4935,#5066,#2958,.T.);
#6495=EDGE_CURVE('',#5064,#4937,#2959,.T.);
#6496=EDGE_CURVE('',#5063,#4932,#2960,.T.);
#6497=EDGE_CURVE('',#5068,#4933,#2961,.T.);
#6498=EDGE_CURVE('',#5067,#4934,#2962,.T.);
#6499=EDGE_CURVE('',#5110,#4910,#2963,.T.);
#6500=EDGE_CURVE('',#5109,#4911,#2964,.T.);
#6501=EDGE_CURVE('',#5096,#4938,#2965,.T.);
#6502=EDGE_CURVE('',#5095,#4939,#2966,.T.);
#6503=EDGE_CURVE('',#5090,#4922,#2967,.T.);
#6504=EDGE_CURVE('',#5089,#4923,#2968,.T.);
#6505=EDGE_CURVE('',#5099,#4920,#2969,.T.);
#6506=EDGE_CURVE('',#4919,#5100,#2970,.T.);
#6507=EDGE_CURVE('',#5098,#4921,#2971,.T.);
#6508=EDGE_CURVE('',#5097,#4916,#2972,.T.);
#6509=EDGE_CURVE('',#5102,#4917,#2973,.T.);
#6510=EDGE_CURVE('',#5101,#4918,#2974,.T.);
#6511=EDGE_CURVE('',#5135,#4952,#2975,.T.);
#6512=EDGE_CURVE('',#4951,#5136,#2976,.T.);
#6513=EDGE_CURVE('',#5134,#4953,#2977,.T.);
#6514=EDGE_CURVE('',#5133,#4948,#2978,.T.);
#6515=EDGE_CURVE('',#5138,#4949,#2979,.T.);
#6516=EDGE_CURVE('',#5137,#4950,#2980,.T.);
#6517=EDGE_CURVE('',#5119,#4984,#2981,.T.);
#6518=EDGE_CURVE('',#4983,#5120,#2982,.T.);
#6519=EDGE_CURVE('',#5118,#4985,#2983,.T.);
#6520=EDGE_CURVE('',#5117,#4980,#2984,.T.);
#6521=EDGE_CURVE('',#5122,#4981,#2985,.T.);
#6522=EDGE_CURVE('',#5121,#4982,#2986,.T.);
#6523=EDGE_CURVE('',#5149,#5016,#2987,.T.);
#6524=EDGE_CURVE('',#5015,#5150,#2988,.T.);
#6525=EDGE_CURVE('',#5148,#5017,#2989,.T.);
#6526=EDGE_CURVE('',#5147,#5012,#2990,.T.);
#6527=EDGE_CURVE('',#5152,#5013,#2991,.T.);
#6528=EDGE_CURVE('',#5151,#5014,#2992,.T.);
#6529=EDGE_CURVE('',#5154,#5002,#2993,.T.);
#6530=EDGE_CURVE('',#5153,#5003,#2994,.T.);
#6531=EDGE_CURVE('',#5074,#4970,#2995,.T.);
#6532=EDGE_CURVE('',#5073,#4971,#2996,.T.);
#6533=EDGE_CURVE('',#5070,#4962,#2997,.T.);
#6534=EDGE_CURVE('',#5069,#4963,#2998,.T.);
#6535=EDGE_CURVE('',#5076,#4994,#2999,.T.);
#6536=EDGE_CURVE('',#5075,#4995,#3000,.T.);
#6537=EDGE_CURVE('',#5157,#5032,#3001,.T.);
#6538=EDGE_CURVE('',#5031,#5158,#3002,.T.);
#6539=EDGE_CURVE('',#5156,#5033,#3003,.T.);
#6540=EDGE_CURVE('',#5155,#5028,#3004,.T.);
#6541=EDGE_CURVE('',#5160,#5029,#3005,.T.);
#6542=EDGE_CURVE('',#5159,#5030,#3006,.T.);
#6543=EDGE_CURVE('',#5105,#4992,#3007,.T.);
#6544=EDGE_CURVE('',#4991,#5106,#3008,.T.);
#6545=EDGE_CURVE('',#5104,#4993,#3009,.T.);
#6546=EDGE_CURVE('',#5103,#4988,#3010,.T.);
#6547=EDGE_CURVE('',#5108,#4989,#3011,.T.);
#6548=EDGE_CURVE('',#5107,#4990,#3012,.T.);
#6549=EDGE_CURVE('',#5079,#4960,#3013,.T.);
#6550=EDGE_CURVE('',#4959,#5080,#3014,.T.);
#6551=EDGE_CURVE('',#5078,#4961,#3015,.T.);
#6552=EDGE_CURVE('',#5077,#4956,#3016,.T.);
#6553=EDGE_CURVE('',#5082,#4957,#3017,.T.);
#6554=EDGE_CURVE('',#5081,#4958,#3018,.T.);
#6555=EDGE_CURVE('',#5129,#4928,#3019,.T.);
#6556=EDGE_CURVE('',#4927,#5130,#3020,.T.);
#6557=EDGE_CURVE('',#5128,#4929,#3021,.T.);
#6558=EDGE_CURVE('',#5127,#4924,#3022,.T.);
#6559=EDGE_CURVE('',#5132,#4925,#3023,.T.);
#6560=EDGE_CURVE('',#5131,#4926,#3024,.T.);
#6561=EDGE_CURVE('',#5054,#4914,#3025,.T.);
#6562=EDGE_CURVE('',#5053,#4915,#3026,.T.);
#6563=EDGE_CURVE('',#5162,#4946,#3027,.T.);
#6564=EDGE_CURVE('',#5161,#4947,#3028,.T.);
#6565=EDGE_CURVE('',#5186,#5027,#3029,.T.);
#6566=EDGE_CURVE('',#5045,#5219,#3030,.T.);
#6567=EDGE_CURVE('',#5220,#5044,#3031,.T.);
#6568=EDGE_CURVE('',#5218,#5046,#3032,.T.);
#6569=EDGE_CURVE('',#5230,#5036,#3033,.T.);
#6570=EDGE_CURVE('',#5037,#5229,#3034,.T.);
#6571=EDGE_CURVE('',#5026,#5188,#3035,.T.);
#6572=EDGE_CURVE('',#5190,#5025,#3036,.T.);
#6573=ORIENTED_EDGE('',*,*,#5235,.F.);
#6574=ORIENTED_EDGE('',*,*,#5236,.T.);
#6575=ORIENTED_EDGE('',*,*,#5237,.F.);
#6576=ORIENTED_EDGE('',*,*,#5236,.F.);
#6577=ORIENTED_EDGE('',*,*,#5238,.F.);
#6578=ORIENTED_EDGE('',*,*,#5239,.T.);
#6579=ORIENTED_EDGE('',*,*,#5240,.F.);
#6580=ORIENTED_EDGE('',*,*,#5241,.F.);
#6581=ORIENTED_EDGE('',*,*,#5242,.F.);
#6582=ORIENTED_EDGE('',*,*,#5241,.T.);
#6583=ORIENTED_EDGE('',*,*,#5243,.F.);
#6584=ORIENTED_EDGE('',*,*,#5244,.F.);
#6585=ORIENTED_EDGE('',*,*,#5245,.F.);
#6586=ORIENTED_EDGE('',*,*,#5244,.T.);
#6587=ORIENTED_EDGE('',*,*,#5246,.F.);
#6588=ORIENTED_EDGE('',*,*,#5247,.F.);
#6589=ORIENTED_EDGE('',*,*,#5248,.F.);
#6590=ORIENTED_EDGE('',*,*,#5247,.T.);
#6591=ORIENTED_EDGE('',*,*,#5249,.F.);
#6592=ORIENTED_EDGE('',*,*,#5250,.F.);
#6593=ORIENTED_EDGE('',*,*,#5251,.F.);
#6594=ORIENTED_EDGE('',*,*,#5250,.T.);
#6595=ORIENTED_EDGE('',*,*,#5252,.F.);
#6596=ORIENTED_EDGE('',*,*,#5253,.F.);
#6597=ORIENTED_EDGE('',*,*,#5254,.F.);
#6598=ORIENTED_EDGE('',*,*,#5253,.T.);
#6599=ORIENTED_EDGE('',*,*,#5255,.F.);
#6600=ORIENTED_EDGE('',*,*,#5239,.F.);
#6601=ORIENTED_EDGE('',*,*,#5254,.T.);
#6602=ORIENTED_EDGE('',*,*,#5238,.T.);
#6603=ORIENTED_EDGE('',*,*,#5242,.T.);
#6604=ORIENTED_EDGE('',*,*,#5245,.T.);
#6605=ORIENTED_EDGE('',*,*,#5248,.T.);
#6606=ORIENTED_EDGE('',*,*,#5251,.T.);
#6607=ORIENTED_EDGE('',*,*,#5237,.T.);
#6608=ORIENTED_EDGE('',*,*,#5255,.T.);
#6609=ORIENTED_EDGE('',*,*,#5252,.T.);
#6610=ORIENTED_EDGE('',*,*,#5249,.T.);
#6611=ORIENTED_EDGE('',*,*,#5246,.T.);
#6612=ORIENTED_EDGE('',*,*,#5243,.T.);
#6613=ORIENTED_EDGE('',*,*,#5240,.T.);
#6614=ORIENTED_EDGE('',*,*,#5235,.T.);
#6615=ORIENTED_EDGE('',*,*,#5256,.F.);
#6616=ORIENTED_EDGE('',*,*,#5257,.T.);
#6617=ORIENTED_EDGE('',*,*,#5258,.F.);
#6618=ORIENTED_EDGE('',*,*,#5257,.F.);
#6619=ORIENTED_EDGE('',*,*,#5259,.F.);
#6620=ORIENTED_EDGE('',*,*,#5260,.T.);
#6621=ORIENTED_EDGE('',*,*,#5261,.F.);
#6622=ORIENTED_EDGE('',*,*,#5262,.F.);
#6623=ORIENTED_EDGE('',*,*,#5263,.F.);
#6624=ORIENTED_EDGE('',*,*,#5262,.T.);
#6625=ORIENTED_EDGE('',*,*,#5264,.F.);
#6626=ORIENTED_EDGE('',*,*,#5265,.F.);
#6627=ORIENTED_EDGE('',*,*,#5266,.F.);
#6628=ORIENTED_EDGE('',*,*,#5265,.T.);
#6629=ORIENTED_EDGE('',*,*,#5267,.F.);
#6630=ORIENTED_EDGE('',*,*,#5268,.F.);
#6631=ORIENTED_EDGE('',*,*,#5269,.F.);
#6632=ORIENTED_EDGE('',*,*,#5268,.T.);
#6633=ORIENTED_EDGE('',*,*,#5270,.F.);
#6634=ORIENTED_EDGE('',*,*,#5271,.F.);
#6635=ORIENTED_EDGE('',*,*,#5272,.F.);
#6636=ORIENTED_EDGE('',*,*,#5271,.T.);
#6637=ORIENTED_EDGE('',*,*,#5273,.F.);
#6638=ORIENTED_EDGE('',*,*,#5274,.F.);
#6639=ORIENTED_EDGE('',*,*,#5275,.F.);
#6640=ORIENTED_EDGE('',*,*,#5274,.T.);
#6641=ORIENTED_EDGE('',*,*,#5276,.F.);
#6642=ORIENTED_EDGE('',*,*,#5260,.F.);
#6643=ORIENTED_EDGE('',*,*,#5275,.T.);
#6644=ORIENTED_EDGE('',*,*,#5259,.T.);
#6645=ORIENTED_EDGE('',*,*,#5263,.T.);
#6646=ORIENTED_EDGE('',*,*,#5266,.T.);
#6647=ORIENTED_EDGE('',*,*,#5269,.T.);
#6648=ORIENTED_EDGE('',*,*,#5272,.T.);
#6649=ORIENTED_EDGE('',*,*,#5258,.T.);
#6650=ORIENTED_EDGE('',*,*,#5276,.T.);
#6651=ORIENTED_EDGE('',*,*,#5273,.T.);
#6652=ORIENTED_EDGE('',*,*,#5270,.T.);
#6653=ORIENTED_EDGE('',*,*,#5267,.T.);
#6654=ORIENTED_EDGE('',*,*,#5264,.T.);
#6655=ORIENTED_EDGE('',*,*,#5261,.T.);
#6656=ORIENTED_EDGE('',*,*,#5256,.T.);
#6657=ORIENTED_EDGE('',*,*,#5277,.F.);
#6658=ORIENTED_EDGE('',*,*,#5278,.T.);
#6659=ORIENTED_EDGE('',*,*,#5279,.F.);
#6660=ORIENTED_EDGE('',*,*,#5278,.F.);
#6661=ORIENTED_EDGE('',*,*,#5280,.F.);
#6662=ORIENTED_EDGE('',*,*,#5281,.T.);
#6663=ORIENTED_EDGE('',*,*,#5282,.F.);
#6664=ORIENTED_EDGE('',*,*,#5283,.F.);
#6665=ORIENTED_EDGE('',*,*,#5284,.F.);
#6666=ORIENTED_EDGE('',*,*,#5283,.T.);
#6667=ORIENTED_EDGE('',*,*,#5285,.F.);
#6668=ORIENTED_EDGE('',*,*,#5286,.F.);
#6669=ORIENTED_EDGE('',*,*,#5287,.F.);
#6670=ORIENTED_EDGE('',*,*,#5286,.T.);
#6671=ORIENTED_EDGE('',*,*,#5288,.F.);
#6672=ORIENTED_EDGE('',*,*,#5289,.F.);
#6673=ORIENTED_EDGE('',*,*,#5290,.F.);
#6674=ORIENTED_EDGE('',*,*,#5289,.T.);
#6675=ORIENTED_EDGE('',*,*,#5291,.F.);
#6676=ORIENTED_EDGE('',*,*,#5292,.F.);
#6677=ORIENTED_EDGE('',*,*,#5293,.F.);
#6678=ORIENTED_EDGE('',*,*,#5292,.T.);
#6679=ORIENTED_EDGE('',*,*,#5294,.F.);
#6680=ORIENTED_EDGE('',*,*,#5295,.F.);
#6681=ORIENTED_EDGE('',*,*,#5296,.F.);
#6682=ORIENTED_EDGE('',*,*,#5295,.T.);
#6683=ORIENTED_EDGE('',*,*,#5297,.F.);
#6684=ORIENTED_EDGE('',*,*,#5281,.F.);
#6685=ORIENTED_EDGE('',*,*,#5296,.T.);
#6686=ORIENTED_EDGE('',*,*,#5280,.T.);
#6687=ORIENTED_EDGE('',*,*,#5284,.T.);
#6688=ORIENTED_EDGE('',*,*,#5287,.T.);
#6689=ORIENTED_EDGE('',*,*,#5290,.T.);
#6690=ORIENTED_EDGE('',*,*,#5293,.T.);
#6691=ORIENTED_EDGE('',*,*,#5279,.T.);
#6692=ORIENTED_EDGE('',*,*,#5297,.T.);
#6693=ORIENTED_EDGE('',*,*,#5294,.T.);
#6694=ORIENTED_EDGE('',*,*,#5291,.T.);
#6695=ORIENTED_EDGE('',*,*,#5288,.T.);
#6696=ORIENTED_EDGE('',*,*,#5285,.T.);
#6697=ORIENTED_EDGE('',*,*,#5282,.T.);
#6698=ORIENTED_EDGE('',*,*,#5277,.T.);
#6699=ORIENTED_EDGE('',*,*,#5298,.F.);
#6700=ORIENTED_EDGE('',*,*,#5299,.T.);
#6701=ORIENTED_EDGE('',*,*,#5300,.F.);
#6702=ORIENTED_EDGE('',*,*,#5299,.F.);
#6703=ORIENTED_EDGE('',*,*,#5301,.F.);
#6704=ORIENTED_EDGE('',*,*,#5302,.T.);
#6705=ORIENTED_EDGE('',*,*,#5303,.F.);
#6706=ORIENTED_EDGE('',*,*,#5304,.F.);
#6707=ORIENTED_EDGE('',*,*,#5305,.F.);
#6708=ORIENTED_EDGE('',*,*,#5304,.T.);
#6709=ORIENTED_EDGE('',*,*,#5306,.F.);
#6710=ORIENTED_EDGE('',*,*,#5307,.F.);
#6711=ORIENTED_EDGE('',*,*,#5308,.F.);
#6712=ORIENTED_EDGE('',*,*,#5307,.T.);
#6713=ORIENTED_EDGE('',*,*,#5309,.F.);
#6714=ORIENTED_EDGE('',*,*,#5310,.F.);
#6715=ORIENTED_EDGE('',*,*,#5311,.F.);
#6716=ORIENTED_EDGE('',*,*,#5310,.T.);
#6717=ORIENTED_EDGE('',*,*,#5312,.F.);
#6718=ORIENTED_EDGE('',*,*,#5313,.F.);
#6719=ORIENTED_EDGE('',*,*,#5314,.F.);
#6720=ORIENTED_EDGE('',*,*,#5313,.T.);
#6721=ORIENTED_EDGE('',*,*,#5315,.F.);
#6722=ORIENTED_EDGE('',*,*,#5316,.F.);
#6723=ORIENTED_EDGE('',*,*,#5317,.F.);
#6724=ORIENTED_EDGE('',*,*,#5316,.T.);
#6725=ORIENTED_EDGE('',*,*,#5318,.F.);
#6726=ORIENTED_EDGE('',*,*,#5302,.F.);
#6727=ORIENTED_EDGE('',*,*,#5317,.T.);
#6728=ORIENTED_EDGE('',*,*,#5301,.T.);
#6729=ORIENTED_EDGE('',*,*,#5305,.T.);
#6730=ORIENTED_EDGE('',*,*,#5308,.T.);
#6731=ORIENTED_EDGE('',*,*,#5311,.T.);
#6732=ORIENTED_EDGE('',*,*,#5314,.T.);
#6733=ORIENTED_EDGE('',*,*,#5300,.T.);
#6734=ORIENTED_EDGE('',*,*,#5318,.T.);
#6735=ORIENTED_EDGE('',*,*,#5315,.T.);
#6736=ORIENTED_EDGE('',*,*,#5312,.T.);
#6737=ORIENTED_EDGE('',*,*,#5309,.T.);
#6738=ORIENTED_EDGE('',*,*,#5306,.T.);
#6739=ORIENTED_EDGE('',*,*,#5303,.T.);
#6740=ORIENTED_EDGE('',*,*,#5298,.T.);
#6741=ORIENTED_EDGE('',*,*,#5319,.F.);
#6742=ORIENTED_EDGE('',*,*,#5320,.T.);
#6743=ORIENTED_EDGE('',*,*,#5321,.F.);
#6744=ORIENTED_EDGE('',*,*,#5320,.F.);
#6745=ORIENTED_EDGE('',*,*,#5322,.F.);
#6746=ORIENTED_EDGE('',*,*,#5323,.T.);
#6747=ORIENTED_EDGE('',*,*,#5324,.F.);
#6748=ORIENTED_EDGE('',*,*,#5325,.F.);
#6749=ORIENTED_EDGE('',*,*,#5326,.F.);
#6750=ORIENTED_EDGE('',*,*,#5325,.T.);
#6751=ORIENTED_EDGE('',*,*,#5327,.F.);
#6752=ORIENTED_EDGE('',*,*,#5328,.F.);
#6753=ORIENTED_EDGE('',*,*,#5329,.F.);
#6754=ORIENTED_EDGE('',*,*,#5328,.T.);
#6755=ORIENTED_EDGE('',*,*,#5330,.F.);
#6756=ORIENTED_EDGE('',*,*,#5331,.F.);
#6757=ORIENTED_EDGE('',*,*,#5332,.F.);
#6758=ORIENTED_EDGE('',*,*,#5331,.T.);
#6759=ORIENTED_EDGE('',*,*,#5333,.F.);
#6760=ORIENTED_EDGE('',*,*,#5334,.F.);
#6761=ORIENTED_EDGE('',*,*,#5335,.F.);
#6762=ORIENTED_EDGE('',*,*,#5334,.T.);
#6763=ORIENTED_EDGE('',*,*,#5336,.F.);
#6764=ORIENTED_EDGE('',*,*,#5337,.F.);
#6765=ORIENTED_EDGE('',*,*,#5338,.F.);
#6766=ORIENTED_EDGE('',*,*,#5337,.T.);
#6767=ORIENTED_EDGE('',*,*,#5339,.F.);
#6768=ORIENTED_EDGE('',*,*,#5323,.F.);
#6769=ORIENTED_EDGE('',*,*,#5338,.T.);
#6770=ORIENTED_EDGE('',*,*,#5322,.T.);
#6771=ORIENTED_EDGE('',*,*,#5326,.T.);
#6772=ORIENTED_EDGE('',*,*,#5329,.T.);
#6773=ORIENTED_EDGE('',*,*,#5332,.T.);
#6774=ORIENTED_EDGE('',*,*,#5335,.T.);
#6775=ORIENTED_EDGE('',*,*,#5321,.T.);
#6776=ORIENTED_EDGE('',*,*,#5339,.T.);
#6777=ORIENTED_EDGE('',*,*,#5336,.T.);
#6778=ORIENTED_EDGE('',*,*,#5333,.T.);
#6779=ORIENTED_EDGE('',*,*,#5330,.T.);
#6780=ORIENTED_EDGE('',*,*,#5327,.T.);
#6781=ORIENTED_EDGE('',*,*,#5324,.T.);
#6782=ORIENTED_EDGE('',*,*,#5319,.T.);
#6783=ORIENTED_EDGE('',*,*,#5340,.F.);
#6784=ORIENTED_EDGE('',*,*,#5341,.T.);
#6785=ORIENTED_EDGE('',*,*,#5342,.F.);
#6786=ORIENTED_EDGE('',*,*,#5341,.F.);
#6787=ORIENTED_EDGE('',*,*,#5343,.F.);
#6788=ORIENTED_EDGE('',*,*,#5344,.T.);
#6789=ORIENTED_EDGE('',*,*,#5345,.F.);
#6790=ORIENTED_EDGE('',*,*,#5346,.F.);
#6791=ORIENTED_EDGE('',*,*,#5347,.F.);
#6792=ORIENTED_EDGE('',*,*,#5346,.T.);
#6793=ORIENTED_EDGE('',*,*,#5348,.F.);
#6794=ORIENTED_EDGE('',*,*,#5349,.F.);
#6795=ORIENTED_EDGE('',*,*,#5350,.F.);
#6796=ORIENTED_EDGE('',*,*,#5349,.T.);
#6797=ORIENTED_EDGE('',*,*,#5351,.F.);
#6798=ORIENTED_EDGE('',*,*,#5352,.F.);
#6799=ORIENTED_EDGE('',*,*,#5353,.F.);
#6800=ORIENTED_EDGE('',*,*,#5352,.T.);
#6801=ORIENTED_EDGE('',*,*,#5354,.F.);
#6802=ORIENTED_EDGE('',*,*,#5355,.F.);
#6803=ORIENTED_EDGE('',*,*,#5356,.F.);
#6804=ORIENTED_EDGE('',*,*,#5355,.T.);
#6805=ORIENTED_EDGE('',*,*,#5357,.F.);
#6806=ORIENTED_EDGE('',*,*,#5358,.F.);
#6807=ORIENTED_EDGE('',*,*,#5359,.F.);
#6808=ORIENTED_EDGE('',*,*,#5358,.T.);
#6809=ORIENTED_EDGE('',*,*,#5360,.F.);
#6810=ORIENTED_EDGE('',*,*,#5344,.F.);
#6811=ORIENTED_EDGE('',*,*,#5359,.T.);
#6812=ORIENTED_EDGE('',*,*,#5343,.T.);
#6813=ORIENTED_EDGE('',*,*,#5347,.T.);
#6814=ORIENTED_EDGE('',*,*,#5350,.T.);
#6815=ORIENTED_EDGE('',*,*,#5353,.T.);
#6816=ORIENTED_EDGE('',*,*,#5356,.T.);
#6817=ORIENTED_EDGE('',*,*,#5342,.T.);
#6818=ORIENTED_EDGE('',*,*,#5360,.T.);
#6819=ORIENTED_EDGE('',*,*,#5357,.T.);
#6820=ORIENTED_EDGE('',*,*,#5354,.T.);
#6821=ORIENTED_EDGE('',*,*,#5351,.T.);
#6822=ORIENTED_EDGE('',*,*,#5348,.T.);
#6823=ORIENTED_EDGE('',*,*,#5345,.T.);
#6824=ORIENTED_EDGE('',*,*,#5340,.T.);
#6825=ORIENTED_EDGE('',*,*,#5361,.F.);
#6826=ORIENTED_EDGE('',*,*,#5362,.T.);
#6827=ORIENTED_EDGE('',*,*,#5363,.F.);
#6828=ORIENTED_EDGE('',*,*,#5362,.F.);
#6829=ORIENTED_EDGE('',*,*,#5364,.F.);
#6830=ORIENTED_EDGE('',*,*,#5365,.T.);
#6831=ORIENTED_EDGE('',*,*,#5366,.F.);
#6832=ORIENTED_EDGE('',*,*,#5367,.F.);
#6833=ORIENTED_EDGE('',*,*,#5368,.F.);
#6834=ORIENTED_EDGE('',*,*,#5367,.T.);
#6835=ORIENTED_EDGE('',*,*,#5369,.F.);
#6836=ORIENTED_EDGE('',*,*,#5370,.F.);
#6837=ORIENTED_EDGE('',*,*,#5371,.F.);
#6838=ORIENTED_EDGE('',*,*,#5370,.T.);
#6839=ORIENTED_EDGE('',*,*,#5372,.F.);
#6840=ORIENTED_EDGE('',*,*,#5373,.F.);
#6841=ORIENTED_EDGE('',*,*,#5374,.F.);
#6842=ORIENTED_EDGE('',*,*,#5373,.T.);
#6843=ORIENTED_EDGE('',*,*,#5375,.F.);
#6844=ORIENTED_EDGE('',*,*,#5376,.F.);
#6845=ORIENTED_EDGE('',*,*,#5377,.F.);
#6846=ORIENTED_EDGE('',*,*,#5376,.T.);
#6847=ORIENTED_EDGE('',*,*,#5378,.F.);
#6848=ORIENTED_EDGE('',*,*,#5379,.F.);
#6849=ORIENTED_EDGE('',*,*,#5380,.F.);
#6850=ORIENTED_EDGE('',*,*,#5379,.T.);
#6851=ORIENTED_EDGE('',*,*,#5381,.F.);
#6852=ORIENTED_EDGE('',*,*,#5365,.F.);
#6853=ORIENTED_EDGE('',*,*,#5380,.T.);
#6854=ORIENTED_EDGE('',*,*,#5364,.T.);
#6855=ORIENTED_EDGE('',*,*,#5368,.T.);
#6856=ORIENTED_EDGE('',*,*,#5371,.T.);
#6857=ORIENTED_EDGE('',*,*,#5374,.T.);
#6858=ORIENTED_EDGE('',*,*,#5377,.T.);
#6859=ORIENTED_EDGE('',*,*,#5363,.T.);
#6860=ORIENTED_EDGE('',*,*,#5381,.T.);
#6861=ORIENTED_EDGE('',*,*,#5378,.T.);
#6862=ORIENTED_EDGE('',*,*,#5375,.T.);
#6863=ORIENTED_EDGE('',*,*,#5372,.T.);
#6864=ORIENTED_EDGE('',*,*,#5369,.T.);
#6865=ORIENTED_EDGE('',*,*,#5366,.T.);
#6866=ORIENTED_EDGE('',*,*,#5361,.T.);
#6867=ORIENTED_EDGE('',*,*,#5382,.F.);
#6868=ORIENTED_EDGE('',*,*,#5383,.T.);
#6869=ORIENTED_EDGE('',*,*,#5384,.F.);
#6870=ORIENTED_EDGE('',*,*,#5383,.F.);
#6871=ORIENTED_EDGE('',*,*,#5385,.F.);
#6872=ORIENTED_EDGE('',*,*,#5386,.T.);
#6873=ORIENTED_EDGE('',*,*,#5387,.F.);
#6874=ORIENTED_EDGE('',*,*,#5388,.F.);
#6875=ORIENTED_EDGE('',*,*,#5389,.F.);
#6876=ORIENTED_EDGE('',*,*,#5388,.T.);
#6877=ORIENTED_EDGE('',*,*,#5390,.F.);
#6878=ORIENTED_EDGE('',*,*,#5391,.F.);
#6879=ORIENTED_EDGE('',*,*,#5392,.F.);
#6880=ORIENTED_EDGE('',*,*,#5391,.T.);
#6881=ORIENTED_EDGE('',*,*,#5393,.F.);
#6882=ORIENTED_EDGE('',*,*,#5394,.F.);
#6883=ORIENTED_EDGE('',*,*,#5395,.F.);
#6884=ORIENTED_EDGE('',*,*,#5394,.T.);
#6885=ORIENTED_EDGE('',*,*,#5396,.F.);
#6886=ORIENTED_EDGE('',*,*,#5397,.F.);
#6887=ORIENTED_EDGE('',*,*,#5398,.F.);
#6888=ORIENTED_EDGE('',*,*,#5397,.T.);
#6889=ORIENTED_EDGE('',*,*,#5399,.F.);
#6890=ORIENTED_EDGE('',*,*,#5400,.F.);
#6891=ORIENTED_EDGE('',*,*,#5401,.F.);
#6892=ORIENTED_EDGE('',*,*,#5400,.T.);
#6893=ORIENTED_EDGE('',*,*,#5402,.F.);
#6894=ORIENTED_EDGE('',*,*,#5386,.F.);
#6895=ORIENTED_EDGE('',*,*,#5401,.T.);
#6896=ORIENTED_EDGE('',*,*,#5385,.T.);
#6897=ORIENTED_EDGE('',*,*,#5389,.T.);
#6898=ORIENTED_EDGE('',*,*,#5392,.T.);
#6899=ORIENTED_EDGE('',*,*,#5395,.T.);
#6900=ORIENTED_EDGE('',*,*,#5398,.T.);
#6901=ORIENTED_EDGE('',*,*,#5384,.T.);
#6902=ORIENTED_EDGE('',*,*,#5402,.T.);
#6903=ORIENTED_EDGE('',*,*,#5399,.T.);
#6904=ORIENTED_EDGE('',*,*,#5396,.T.);
#6905=ORIENTED_EDGE('',*,*,#5393,.T.);
#6906=ORIENTED_EDGE('',*,*,#5390,.T.);
#6907=ORIENTED_EDGE('',*,*,#5387,.T.);
#6908=ORIENTED_EDGE('',*,*,#5382,.T.);
#6909=ORIENTED_EDGE('',*,*,#5403,.F.);
#6910=ORIENTED_EDGE('',*,*,#5404,.T.);
#6911=ORIENTED_EDGE('',*,*,#5405,.F.);
#6912=ORIENTED_EDGE('',*,*,#5404,.F.);
#6913=ORIENTED_EDGE('',*,*,#5406,.F.);
#6914=ORIENTED_EDGE('',*,*,#5407,.T.);
#6915=ORIENTED_EDGE('',*,*,#5408,.F.);
#6916=ORIENTED_EDGE('',*,*,#5409,.F.);
#6917=ORIENTED_EDGE('',*,*,#5410,.F.);
#6918=ORIENTED_EDGE('',*,*,#5409,.T.);
#6919=ORIENTED_EDGE('',*,*,#5411,.F.);
#6920=ORIENTED_EDGE('',*,*,#5412,.F.);
#6921=ORIENTED_EDGE('',*,*,#5413,.F.);
#6922=ORIENTED_EDGE('',*,*,#5412,.T.);
#6923=ORIENTED_EDGE('',*,*,#5414,.F.);
#6924=ORIENTED_EDGE('',*,*,#5415,.F.);
#6925=ORIENTED_EDGE('',*,*,#5416,.F.);
#6926=ORIENTED_EDGE('',*,*,#5415,.T.);
#6927=ORIENTED_EDGE('',*,*,#5417,.F.);
#6928=ORIENTED_EDGE('',*,*,#5418,.F.);
#6929=ORIENTED_EDGE('',*,*,#5419,.F.);
#6930=ORIENTED_EDGE('',*,*,#5418,.T.);
#6931=ORIENTED_EDGE('',*,*,#5420,.F.);
#6932=ORIENTED_EDGE('',*,*,#5421,.F.);
#6933=ORIENTED_EDGE('',*,*,#5422,.F.);
#6934=ORIENTED_EDGE('',*,*,#5421,.T.);
#6935=ORIENTED_EDGE('',*,*,#5423,.F.);
#6936=ORIENTED_EDGE('',*,*,#5407,.F.);
#6937=ORIENTED_EDGE('',*,*,#5422,.T.);
#6938=ORIENTED_EDGE('',*,*,#5406,.T.);
#6939=ORIENTED_EDGE('',*,*,#5410,.T.);
#6940=ORIENTED_EDGE('',*,*,#5413,.T.);
#6941=ORIENTED_EDGE('',*,*,#5416,.T.);
#6942=ORIENTED_EDGE('',*,*,#5419,.T.);
#6943=ORIENTED_EDGE('',*,*,#5405,.T.);
#6944=ORIENTED_EDGE('',*,*,#5423,.T.);
#6945=ORIENTED_EDGE('',*,*,#5420,.T.);
#6946=ORIENTED_EDGE('',*,*,#5417,.T.);
#6947=ORIENTED_EDGE('',*,*,#5414,.T.);
#6948=ORIENTED_EDGE('',*,*,#5411,.T.);
#6949=ORIENTED_EDGE('',*,*,#5408,.T.);
#6950=ORIENTED_EDGE('',*,*,#5403,.T.);
#6951=ORIENTED_EDGE('',*,*,#5424,.F.);
#6952=ORIENTED_EDGE('',*,*,#5425,.T.);
#6953=ORIENTED_EDGE('',*,*,#5426,.F.);
#6954=ORIENTED_EDGE('',*,*,#5425,.F.);
#6955=ORIENTED_EDGE('',*,*,#5427,.F.);
#6956=ORIENTED_EDGE('',*,*,#5428,.T.);
#6957=ORIENTED_EDGE('',*,*,#5429,.F.);
#6958=ORIENTED_EDGE('',*,*,#5430,.F.);
#6959=ORIENTED_EDGE('',*,*,#5431,.F.);
#6960=ORIENTED_EDGE('',*,*,#5430,.T.);
#6961=ORIENTED_EDGE('',*,*,#5432,.F.);
#6962=ORIENTED_EDGE('',*,*,#5433,.F.);
#6963=ORIENTED_EDGE('',*,*,#5434,.F.);
#6964=ORIENTED_EDGE('',*,*,#5433,.T.);
#6965=ORIENTED_EDGE('',*,*,#5435,.F.);
#6966=ORIENTED_EDGE('',*,*,#5436,.F.);
#6967=ORIENTED_EDGE('',*,*,#5437,.F.);
#6968=ORIENTED_EDGE('',*,*,#5436,.T.);
#6969=ORIENTED_EDGE('',*,*,#5438,.F.);
#6970=ORIENTED_EDGE('',*,*,#5439,.F.);
#6971=ORIENTED_EDGE('',*,*,#5440,.F.);
#6972=ORIENTED_EDGE('',*,*,#5439,.T.);
#6973=ORIENTED_EDGE('',*,*,#5441,.F.);
#6974=ORIENTED_EDGE('',*,*,#5442,.F.);
#6975=ORIENTED_EDGE('',*,*,#5443,.F.);
#6976=ORIENTED_EDGE('',*,*,#5442,.T.);
#6977=ORIENTED_EDGE('',*,*,#5444,.F.);
#6978=ORIENTED_EDGE('',*,*,#5428,.F.);
#6979=ORIENTED_EDGE('',*,*,#5443,.T.);
#6980=ORIENTED_EDGE('',*,*,#5427,.T.);
#6981=ORIENTED_EDGE('',*,*,#5431,.T.);
#6982=ORIENTED_EDGE('',*,*,#5434,.T.);
#6983=ORIENTED_EDGE('',*,*,#5437,.T.);
#6984=ORIENTED_EDGE('',*,*,#5440,.T.);
#6985=ORIENTED_EDGE('',*,*,#5426,.T.);
#6986=ORIENTED_EDGE('',*,*,#5444,.T.);
#6987=ORIENTED_EDGE('',*,*,#5441,.T.);
#6988=ORIENTED_EDGE('',*,*,#5438,.T.);
#6989=ORIENTED_EDGE('',*,*,#5435,.T.);
#6990=ORIENTED_EDGE('',*,*,#5432,.T.);
#6991=ORIENTED_EDGE('',*,*,#5429,.T.);
#6992=ORIENTED_EDGE('',*,*,#5424,.T.);
#6993=ORIENTED_EDGE('',*,*,#5445,.F.);
#6994=ORIENTED_EDGE('',*,*,#5446,.T.);
#6995=ORIENTED_EDGE('',*,*,#5447,.F.);
#6996=ORIENTED_EDGE('',*,*,#5446,.F.);
#6997=ORIENTED_EDGE('',*,*,#5448,.F.);
#6998=ORIENTED_EDGE('',*,*,#5449,.T.);
#6999=ORIENTED_EDGE('',*,*,#5450,.F.);
#7000=ORIENTED_EDGE('',*,*,#5451,.F.);
#7001=ORIENTED_EDGE('',*,*,#5452,.F.);
#7002=ORIENTED_EDGE('',*,*,#5451,.T.);
#7003=ORIENTED_EDGE('',*,*,#5453,.F.);
#7004=ORIENTED_EDGE('',*,*,#5454,.F.);
#7005=ORIENTED_EDGE('',*,*,#5455,.F.);
#7006=ORIENTED_EDGE('',*,*,#5454,.T.);
#7007=ORIENTED_EDGE('',*,*,#5456,.F.);
#7008=ORIENTED_EDGE('',*,*,#5457,.F.);
#7009=ORIENTED_EDGE('',*,*,#5458,.F.);
#7010=ORIENTED_EDGE('',*,*,#5457,.T.);
#7011=ORIENTED_EDGE('',*,*,#5459,.F.);
#7012=ORIENTED_EDGE('',*,*,#5460,.F.);
#7013=ORIENTED_EDGE('',*,*,#5461,.F.);
#7014=ORIENTED_EDGE('',*,*,#5460,.T.);
#7015=ORIENTED_EDGE('',*,*,#5462,.F.);
#7016=ORIENTED_EDGE('',*,*,#5463,.F.);
#7017=ORIENTED_EDGE('',*,*,#5464,.F.);
#7018=ORIENTED_EDGE('',*,*,#5463,.T.);
#7019=ORIENTED_EDGE('',*,*,#5465,.F.);
#7020=ORIENTED_EDGE('',*,*,#5449,.F.);
#7021=ORIENTED_EDGE('',*,*,#5464,.T.);
#7022=ORIENTED_EDGE('',*,*,#5448,.T.);
#7023=ORIENTED_EDGE('',*,*,#5452,.T.);
#7024=ORIENTED_EDGE('',*,*,#5455,.T.);
#7025=ORIENTED_EDGE('',*,*,#5458,.T.);
#7026=ORIENTED_EDGE('',*,*,#5461,.T.);
#7027=ORIENTED_EDGE('',*,*,#5447,.T.);
#7028=ORIENTED_EDGE('',*,*,#5465,.T.);
#7029=ORIENTED_EDGE('',*,*,#5462,.T.);
#7030=ORIENTED_EDGE('',*,*,#5459,.T.);
#7031=ORIENTED_EDGE('',*,*,#5456,.T.);
#7032=ORIENTED_EDGE('',*,*,#5453,.T.);
#7033=ORIENTED_EDGE('',*,*,#5450,.T.);
#7034=ORIENTED_EDGE('',*,*,#5445,.T.);
#7035=ORIENTED_EDGE('',*,*,#5466,.F.);
#7036=ORIENTED_EDGE('',*,*,#5467,.T.);
#7037=ORIENTED_EDGE('',*,*,#5468,.F.);
#7038=ORIENTED_EDGE('',*,*,#5467,.F.);
#7039=ORIENTED_EDGE('',*,*,#5469,.F.);
#7040=ORIENTED_EDGE('',*,*,#5470,.T.);
#7041=ORIENTED_EDGE('',*,*,#5471,.F.);
#7042=ORIENTED_EDGE('',*,*,#5472,.F.);
#7043=ORIENTED_EDGE('',*,*,#5473,.F.);
#7044=ORIENTED_EDGE('',*,*,#5472,.T.);
#7045=ORIENTED_EDGE('',*,*,#5474,.F.);
#7046=ORIENTED_EDGE('',*,*,#5475,.F.);
#7047=ORIENTED_EDGE('',*,*,#5476,.F.);
#7048=ORIENTED_EDGE('',*,*,#5475,.T.);
#7049=ORIENTED_EDGE('',*,*,#5477,.F.);
#7050=ORIENTED_EDGE('',*,*,#5478,.F.);
#7051=ORIENTED_EDGE('',*,*,#5479,.F.);
#7052=ORIENTED_EDGE('',*,*,#5478,.T.);
#7053=ORIENTED_EDGE('',*,*,#5480,.F.);
#7054=ORIENTED_EDGE('',*,*,#5481,.F.);
#7055=ORIENTED_EDGE('',*,*,#5482,.F.);
#7056=ORIENTED_EDGE('',*,*,#5481,.T.);
#7057=ORIENTED_EDGE('',*,*,#5483,.F.);
#7058=ORIENTED_EDGE('',*,*,#5484,.F.);
#7059=ORIENTED_EDGE('',*,*,#5485,.F.);
#7060=ORIENTED_EDGE('',*,*,#5484,.T.);
#7061=ORIENTED_EDGE('',*,*,#5486,.F.);
#7062=ORIENTED_EDGE('',*,*,#5470,.F.);
#7063=ORIENTED_EDGE('',*,*,#5485,.T.);
#7064=ORIENTED_EDGE('',*,*,#5469,.T.);
#7065=ORIENTED_EDGE('',*,*,#5473,.T.);
#7066=ORIENTED_EDGE('',*,*,#5476,.T.);
#7067=ORIENTED_EDGE('',*,*,#5479,.T.);
#7068=ORIENTED_EDGE('',*,*,#5482,.T.);
#7069=ORIENTED_EDGE('',*,*,#5468,.T.);
#7070=ORIENTED_EDGE('',*,*,#5486,.T.);
#7071=ORIENTED_EDGE('',*,*,#5483,.T.);
#7072=ORIENTED_EDGE('',*,*,#5480,.T.);
#7073=ORIENTED_EDGE('',*,*,#5477,.T.);
#7074=ORIENTED_EDGE('',*,*,#5474,.T.);
#7075=ORIENTED_EDGE('',*,*,#5471,.T.);
#7076=ORIENTED_EDGE('',*,*,#5466,.T.);
#7077=ORIENTED_EDGE('',*,*,#5487,.F.);
#7078=ORIENTED_EDGE('',*,*,#5488,.T.);
#7079=ORIENTED_EDGE('',*,*,#5489,.F.);
#7080=ORIENTED_EDGE('',*,*,#5488,.F.);
#7081=ORIENTED_EDGE('',*,*,#5490,.F.);
#7082=ORIENTED_EDGE('',*,*,#5491,.T.);
#7083=ORIENTED_EDGE('',*,*,#5492,.F.);
#7084=ORIENTED_EDGE('',*,*,#5493,.F.);
#7085=ORIENTED_EDGE('',*,*,#5494,.F.);
#7086=ORIENTED_EDGE('',*,*,#5493,.T.);
#7087=ORIENTED_EDGE('',*,*,#5495,.F.);
#7088=ORIENTED_EDGE('',*,*,#5496,.F.);
#7089=ORIENTED_EDGE('',*,*,#5497,.F.);
#7090=ORIENTED_EDGE('',*,*,#5496,.T.);
#7091=ORIENTED_EDGE('',*,*,#5498,.F.);
#7092=ORIENTED_EDGE('',*,*,#5499,.F.);
#7093=ORIENTED_EDGE('',*,*,#5500,.F.);
#7094=ORIENTED_EDGE('',*,*,#5499,.T.);
#7095=ORIENTED_EDGE('',*,*,#5501,.F.);
#7096=ORIENTED_EDGE('',*,*,#5502,.F.);
#7097=ORIENTED_EDGE('',*,*,#5503,.F.);
#7098=ORIENTED_EDGE('',*,*,#5502,.T.);
#7099=ORIENTED_EDGE('',*,*,#5504,.F.);
#7100=ORIENTED_EDGE('',*,*,#5505,.F.);
#7101=ORIENTED_EDGE('',*,*,#5506,.F.);
#7102=ORIENTED_EDGE('',*,*,#5505,.T.);
#7103=ORIENTED_EDGE('',*,*,#5507,.F.);
#7104=ORIENTED_EDGE('',*,*,#5491,.F.);
#7105=ORIENTED_EDGE('',*,*,#5506,.T.);
#7106=ORIENTED_EDGE('',*,*,#5490,.T.);
#7107=ORIENTED_EDGE('',*,*,#5494,.T.);
#7108=ORIENTED_EDGE('',*,*,#5497,.T.);
#7109=ORIENTED_EDGE('',*,*,#5500,.T.);
#7110=ORIENTED_EDGE('',*,*,#5503,.T.);
#7111=ORIENTED_EDGE('',*,*,#5489,.T.);
#7112=ORIENTED_EDGE('',*,*,#5507,.T.);
#7113=ORIENTED_EDGE('',*,*,#5504,.T.);
#7114=ORIENTED_EDGE('',*,*,#5501,.T.);
#7115=ORIENTED_EDGE('',*,*,#5498,.T.);
#7116=ORIENTED_EDGE('',*,*,#5495,.T.);
#7117=ORIENTED_EDGE('',*,*,#5492,.T.);
#7118=ORIENTED_EDGE('',*,*,#5487,.T.);
#7119=ORIENTED_EDGE('',*,*,#5508,.F.);
#7120=ORIENTED_EDGE('',*,*,#5509,.T.);
#7121=ORIENTED_EDGE('',*,*,#5510,.F.);
#7122=ORIENTED_EDGE('',*,*,#5509,.F.);
#7123=ORIENTED_EDGE('',*,*,#5511,.F.);
#7124=ORIENTED_EDGE('',*,*,#5512,.T.);
#7125=ORIENTED_EDGE('',*,*,#5513,.F.);
#7126=ORIENTED_EDGE('',*,*,#5514,.F.);
#7127=ORIENTED_EDGE('',*,*,#5515,.F.);
#7128=ORIENTED_EDGE('',*,*,#5514,.T.);
#7129=ORIENTED_EDGE('',*,*,#5516,.F.);
#7130=ORIENTED_EDGE('',*,*,#5517,.F.);
#7131=ORIENTED_EDGE('',*,*,#5518,.F.);
#7132=ORIENTED_EDGE('',*,*,#5517,.T.);
#7133=ORIENTED_EDGE('',*,*,#5519,.F.);
#7134=ORIENTED_EDGE('',*,*,#5520,.F.);
#7135=ORIENTED_EDGE('',*,*,#5521,.F.);
#7136=ORIENTED_EDGE('',*,*,#5520,.T.);
#7137=ORIENTED_EDGE('',*,*,#5522,.F.);
#7138=ORIENTED_EDGE('',*,*,#5523,.F.);
#7139=ORIENTED_EDGE('',*,*,#5524,.F.);
#7140=ORIENTED_EDGE('',*,*,#5523,.T.);
#7141=ORIENTED_EDGE('',*,*,#5525,.F.);
#7142=ORIENTED_EDGE('',*,*,#5526,.F.);
#7143=ORIENTED_EDGE('',*,*,#5527,.F.);
#7144=ORIENTED_EDGE('',*,*,#5526,.T.);
#7145=ORIENTED_EDGE('',*,*,#5528,.F.);
#7146=ORIENTED_EDGE('',*,*,#5512,.F.);
#7147=ORIENTED_EDGE('',*,*,#5527,.T.);
#7148=ORIENTED_EDGE('',*,*,#5511,.T.);
#7149=ORIENTED_EDGE('',*,*,#5515,.T.);
#7150=ORIENTED_EDGE('',*,*,#5518,.T.);
#7151=ORIENTED_EDGE('',*,*,#5521,.T.);
#7152=ORIENTED_EDGE('',*,*,#5524,.T.);
#7153=ORIENTED_EDGE('',*,*,#5510,.T.);
#7154=ORIENTED_EDGE('',*,*,#5528,.T.);
#7155=ORIENTED_EDGE('',*,*,#5525,.T.);
#7156=ORIENTED_EDGE('',*,*,#5522,.T.);
#7157=ORIENTED_EDGE('',*,*,#5519,.T.);
#7158=ORIENTED_EDGE('',*,*,#5516,.T.);
#7159=ORIENTED_EDGE('',*,*,#5513,.T.);
#7160=ORIENTED_EDGE('',*,*,#5508,.T.);
#7161=ORIENTED_EDGE('',*,*,#5529,.F.);
#7162=ORIENTED_EDGE('',*,*,#5530,.T.);
#7163=ORIENTED_EDGE('',*,*,#5531,.F.);
#7164=ORIENTED_EDGE('',*,*,#5530,.F.);
#7165=ORIENTED_EDGE('',*,*,#5532,.F.);
#7166=ORIENTED_EDGE('',*,*,#5533,.T.);
#7167=ORIENTED_EDGE('',*,*,#5534,.F.);
#7168=ORIENTED_EDGE('',*,*,#5535,.F.);
#7169=ORIENTED_EDGE('',*,*,#5536,.F.);
#7170=ORIENTED_EDGE('',*,*,#5535,.T.);
#7171=ORIENTED_EDGE('',*,*,#5537,.F.);
#7172=ORIENTED_EDGE('',*,*,#5538,.F.);
#7173=ORIENTED_EDGE('',*,*,#5539,.F.);
#7174=ORIENTED_EDGE('',*,*,#5538,.T.);
#7175=ORIENTED_EDGE('',*,*,#5540,.F.);
#7176=ORIENTED_EDGE('',*,*,#5541,.F.);
#7177=ORIENTED_EDGE('',*,*,#5542,.F.);
#7178=ORIENTED_EDGE('',*,*,#5541,.T.);
#7179=ORIENTED_EDGE('',*,*,#5543,.F.);
#7180=ORIENTED_EDGE('',*,*,#5544,.F.);
#7181=ORIENTED_EDGE('',*,*,#5545,.F.);
#7182=ORIENTED_EDGE('',*,*,#5544,.T.);
#7183=ORIENTED_EDGE('',*,*,#5546,.F.);
#7184=ORIENTED_EDGE('',*,*,#5547,.F.);
#7185=ORIENTED_EDGE('',*,*,#5548,.F.);
#7186=ORIENTED_EDGE('',*,*,#5547,.T.);
#7187=ORIENTED_EDGE('',*,*,#5549,.F.);
#7188=ORIENTED_EDGE('',*,*,#5533,.F.);
#7189=ORIENTED_EDGE('',*,*,#5548,.T.);
#7190=ORIENTED_EDGE('',*,*,#5532,.T.);
#7191=ORIENTED_EDGE('',*,*,#5536,.T.);
#7192=ORIENTED_EDGE('',*,*,#5539,.T.);
#7193=ORIENTED_EDGE('',*,*,#5542,.T.);
#7194=ORIENTED_EDGE('',*,*,#5545,.T.);
#7195=ORIENTED_EDGE('',*,*,#5531,.T.);
#7196=ORIENTED_EDGE('',*,*,#5549,.T.);
#7197=ORIENTED_EDGE('',*,*,#5546,.T.);
#7198=ORIENTED_EDGE('',*,*,#5543,.T.);
#7199=ORIENTED_EDGE('',*,*,#5540,.T.);
#7200=ORIENTED_EDGE('',*,*,#5537,.T.);
#7201=ORIENTED_EDGE('',*,*,#5534,.T.);
#7202=ORIENTED_EDGE('',*,*,#5529,.T.);
#7203=ORIENTED_EDGE('',*,*,#5550,.F.);
#7204=ORIENTED_EDGE('',*,*,#5551,.T.);
#7205=ORIENTED_EDGE('',*,*,#5552,.F.);
#7206=ORIENTED_EDGE('',*,*,#5551,.F.);
#7207=ORIENTED_EDGE('',*,*,#5553,.F.);
#7208=ORIENTED_EDGE('',*,*,#5554,.T.);
#7209=ORIENTED_EDGE('',*,*,#5555,.F.);
#7210=ORIENTED_EDGE('',*,*,#5556,.F.);
#7211=ORIENTED_EDGE('',*,*,#5557,.F.);
#7212=ORIENTED_EDGE('',*,*,#5556,.T.);
#7213=ORIENTED_EDGE('',*,*,#5558,.F.);
#7214=ORIENTED_EDGE('',*,*,#5559,.F.);
#7215=ORIENTED_EDGE('',*,*,#5560,.F.);
#7216=ORIENTED_EDGE('',*,*,#5559,.T.);
#7217=ORIENTED_EDGE('',*,*,#5561,.F.);
#7218=ORIENTED_EDGE('',*,*,#5562,.F.);
#7219=ORIENTED_EDGE('',*,*,#5563,.F.);
#7220=ORIENTED_EDGE('',*,*,#5562,.T.);
#7221=ORIENTED_EDGE('',*,*,#5564,.F.);
#7222=ORIENTED_EDGE('',*,*,#5565,.F.);
#7223=ORIENTED_EDGE('',*,*,#5566,.F.);
#7224=ORIENTED_EDGE('',*,*,#5565,.T.);
#7225=ORIENTED_EDGE('',*,*,#5567,.F.);
#7226=ORIENTED_EDGE('',*,*,#5568,.F.);
#7227=ORIENTED_EDGE('',*,*,#5569,.F.);
#7228=ORIENTED_EDGE('',*,*,#5568,.T.);
#7229=ORIENTED_EDGE('',*,*,#5570,.F.);
#7230=ORIENTED_EDGE('',*,*,#5554,.F.);
#7231=ORIENTED_EDGE('',*,*,#5569,.T.);
#7232=ORIENTED_EDGE('',*,*,#5553,.T.);
#7233=ORIENTED_EDGE('',*,*,#5557,.T.);
#7234=ORIENTED_EDGE('',*,*,#5560,.T.);
#7235=ORIENTED_EDGE('',*,*,#5563,.T.);
#7236=ORIENTED_EDGE('',*,*,#5566,.T.);
#7237=ORIENTED_EDGE('',*,*,#5552,.T.);
#7238=ORIENTED_EDGE('',*,*,#5570,.T.);
#7239=ORIENTED_EDGE('',*,*,#5567,.T.);
#7240=ORIENTED_EDGE('',*,*,#5564,.T.);
#7241=ORIENTED_EDGE('',*,*,#5561,.T.);
#7242=ORIENTED_EDGE('',*,*,#5558,.T.);
#7243=ORIENTED_EDGE('',*,*,#5555,.T.);
#7244=ORIENTED_EDGE('',*,*,#5550,.T.);
#7245=ORIENTED_EDGE('',*,*,#5571,.F.);
#7246=ORIENTED_EDGE('',*,*,#5572,.T.);
#7247=ORIENTED_EDGE('',*,*,#5573,.F.);
#7248=ORIENTED_EDGE('',*,*,#5572,.F.);
#7249=ORIENTED_EDGE('',*,*,#5574,.F.);
#7250=ORIENTED_EDGE('',*,*,#5575,.T.);
#7251=ORIENTED_EDGE('',*,*,#5576,.F.);
#7252=ORIENTED_EDGE('',*,*,#5577,.F.);
#7253=ORIENTED_EDGE('',*,*,#5578,.F.);
#7254=ORIENTED_EDGE('',*,*,#5577,.T.);
#7255=ORIENTED_EDGE('',*,*,#5579,.F.);
#7256=ORIENTED_EDGE('',*,*,#5580,.F.);
#7257=ORIENTED_EDGE('',*,*,#5581,.F.);
#7258=ORIENTED_EDGE('',*,*,#5580,.T.);
#7259=ORIENTED_EDGE('',*,*,#5582,.F.);
#7260=ORIENTED_EDGE('',*,*,#5583,.F.);
#7261=ORIENTED_EDGE('',*,*,#5584,.F.);
#7262=ORIENTED_EDGE('',*,*,#5583,.T.);
#7263=ORIENTED_EDGE('',*,*,#5585,.F.);
#7264=ORIENTED_EDGE('',*,*,#5586,.F.);
#7265=ORIENTED_EDGE('',*,*,#5587,.F.);
#7266=ORIENTED_EDGE('',*,*,#5586,.T.);
#7267=ORIENTED_EDGE('',*,*,#5588,.F.);
#7268=ORIENTED_EDGE('',*,*,#5589,.F.);
#7269=ORIENTED_EDGE('',*,*,#5590,.F.);
#7270=ORIENTED_EDGE('',*,*,#5589,.T.);
#7271=ORIENTED_EDGE('',*,*,#5591,.F.);
#7272=ORIENTED_EDGE('',*,*,#5575,.F.);
#7273=ORIENTED_EDGE('',*,*,#5590,.T.);
#7274=ORIENTED_EDGE('',*,*,#5574,.T.);
#7275=ORIENTED_EDGE('',*,*,#5578,.T.);
#7276=ORIENTED_EDGE('',*,*,#5581,.T.);
#7277=ORIENTED_EDGE('',*,*,#5584,.T.);
#7278=ORIENTED_EDGE('',*,*,#5587,.T.);
#7279=ORIENTED_EDGE('',*,*,#5573,.T.);
#7280=ORIENTED_EDGE('',*,*,#5591,.T.);
#7281=ORIENTED_EDGE('',*,*,#5588,.T.);
#7282=ORIENTED_EDGE('',*,*,#5585,.T.);
#7283=ORIENTED_EDGE('',*,*,#5582,.T.);
#7284=ORIENTED_EDGE('',*,*,#5579,.T.);
#7285=ORIENTED_EDGE('',*,*,#5576,.T.);
#7286=ORIENTED_EDGE('',*,*,#5571,.T.);
#7287=ORIENTED_EDGE('',*,*,#5592,.F.);
#7288=ORIENTED_EDGE('',*,*,#5593,.T.);
#7289=ORIENTED_EDGE('',*,*,#5594,.F.);
#7290=ORIENTED_EDGE('',*,*,#5593,.F.);
#7291=ORIENTED_EDGE('',*,*,#5595,.F.);
#7292=ORIENTED_EDGE('',*,*,#5596,.T.);
#7293=ORIENTED_EDGE('',*,*,#5597,.F.);
#7294=ORIENTED_EDGE('',*,*,#5598,.F.);
#7295=ORIENTED_EDGE('',*,*,#5599,.F.);
#7296=ORIENTED_EDGE('',*,*,#5598,.T.);
#7297=ORIENTED_EDGE('',*,*,#5600,.F.);
#7298=ORIENTED_EDGE('',*,*,#5601,.F.);
#7299=ORIENTED_EDGE('',*,*,#5602,.F.);
#7300=ORIENTED_EDGE('',*,*,#5601,.T.);
#7301=ORIENTED_EDGE('',*,*,#5603,.F.);
#7302=ORIENTED_EDGE('',*,*,#5604,.F.);
#7303=ORIENTED_EDGE('',*,*,#5605,.F.);
#7304=ORIENTED_EDGE('',*,*,#5604,.T.);
#7305=ORIENTED_EDGE('',*,*,#5606,.F.);
#7306=ORIENTED_EDGE('',*,*,#5607,.F.);
#7307=ORIENTED_EDGE('',*,*,#5608,.F.);
#7308=ORIENTED_EDGE('',*,*,#5607,.T.);
#7309=ORIENTED_EDGE('',*,*,#5609,.F.);
#7310=ORIENTED_EDGE('',*,*,#5610,.F.);
#7311=ORIENTED_EDGE('',*,*,#5611,.F.);
#7312=ORIENTED_EDGE('',*,*,#5610,.T.);
#7313=ORIENTED_EDGE('',*,*,#5612,.F.);
#7314=ORIENTED_EDGE('',*,*,#5596,.F.);
#7315=ORIENTED_EDGE('',*,*,#5611,.T.);
#7316=ORIENTED_EDGE('',*,*,#5595,.T.);
#7317=ORIENTED_EDGE('',*,*,#5599,.T.);
#7318=ORIENTED_EDGE('',*,*,#5602,.T.);
#7319=ORIENTED_EDGE('',*,*,#5605,.T.);
#7320=ORIENTED_EDGE('',*,*,#5608,.T.);
#7321=ORIENTED_EDGE('',*,*,#5594,.T.);
#7322=ORIENTED_EDGE('',*,*,#5612,.T.);
#7323=ORIENTED_EDGE('',*,*,#5609,.T.);
#7324=ORIENTED_EDGE('',*,*,#5606,.T.);
#7325=ORIENTED_EDGE('',*,*,#5603,.T.);
#7326=ORIENTED_EDGE('',*,*,#5600,.T.);
#7327=ORIENTED_EDGE('',*,*,#5597,.T.);
#7328=ORIENTED_EDGE('',*,*,#5592,.T.);
#7329=ORIENTED_EDGE('',*,*,#5613,.F.);
#7330=ORIENTED_EDGE('',*,*,#5614,.T.);
#7331=ORIENTED_EDGE('',*,*,#5615,.F.);
#7332=ORIENTED_EDGE('',*,*,#5614,.F.);
#7333=ORIENTED_EDGE('',*,*,#5616,.F.);
#7334=ORIENTED_EDGE('',*,*,#5617,.T.);
#7335=ORIENTED_EDGE('',*,*,#5618,.F.);
#7336=ORIENTED_EDGE('',*,*,#5619,.F.);
#7337=ORIENTED_EDGE('',*,*,#5620,.F.);
#7338=ORIENTED_EDGE('',*,*,#5619,.T.);
#7339=ORIENTED_EDGE('',*,*,#5621,.F.);
#7340=ORIENTED_EDGE('',*,*,#5622,.F.);
#7341=ORIENTED_EDGE('',*,*,#5623,.F.);
#7342=ORIENTED_EDGE('',*,*,#5622,.T.);
#7343=ORIENTED_EDGE('',*,*,#5624,.F.);
#7344=ORIENTED_EDGE('',*,*,#5625,.F.);
#7345=ORIENTED_EDGE('',*,*,#5626,.F.);
#7346=ORIENTED_EDGE('',*,*,#5625,.T.);
#7347=ORIENTED_EDGE('',*,*,#5627,.F.);
#7348=ORIENTED_EDGE('',*,*,#5628,.F.);
#7349=ORIENTED_EDGE('',*,*,#5629,.F.);
#7350=ORIENTED_EDGE('',*,*,#5628,.T.);
#7351=ORIENTED_EDGE('',*,*,#5630,.F.);
#7352=ORIENTED_EDGE('',*,*,#5631,.F.);
#7353=ORIENTED_EDGE('',*,*,#5632,.F.);
#7354=ORIENTED_EDGE('',*,*,#5631,.T.);
#7355=ORIENTED_EDGE('',*,*,#5633,.F.);
#7356=ORIENTED_EDGE('',*,*,#5617,.F.);
#7357=ORIENTED_EDGE('',*,*,#5632,.T.);
#7358=ORIENTED_EDGE('',*,*,#5616,.T.);
#7359=ORIENTED_EDGE('',*,*,#5620,.T.);
#7360=ORIENTED_EDGE('',*,*,#5623,.T.);
#7361=ORIENTED_EDGE('',*,*,#5626,.T.);
#7362=ORIENTED_EDGE('',*,*,#5629,.T.);
#7363=ORIENTED_EDGE('',*,*,#5615,.T.);
#7364=ORIENTED_EDGE('',*,*,#5633,.T.);
#7365=ORIENTED_EDGE('',*,*,#5630,.T.);
#7366=ORIENTED_EDGE('',*,*,#5627,.T.);
#7367=ORIENTED_EDGE('',*,*,#5624,.T.);
#7368=ORIENTED_EDGE('',*,*,#5621,.T.);
#7369=ORIENTED_EDGE('',*,*,#5618,.T.);
#7370=ORIENTED_EDGE('',*,*,#5613,.T.);
#7371=ORIENTED_EDGE('',*,*,#5634,.F.);
#7372=ORIENTED_EDGE('',*,*,#5635,.T.);
#7373=ORIENTED_EDGE('',*,*,#5636,.F.);
#7374=ORIENTED_EDGE('',*,*,#5635,.F.);
#7375=ORIENTED_EDGE('',*,*,#5637,.F.);
#7376=ORIENTED_EDGE('',*,*,#5638,.T.);
#7377=ORIENTED_EDGE('',*,*,#5639,.F.);
#7378=ORIENTED_EDGE('',*,*,#5640,.F.);
#7379=ORIENTED_EDGE('',*,*,#5641,.F.);
#7380=ORIENTED_EDGE('',*,*,#5640,.T.);
#7381=ORIENTED_EDGE('',*,*,#5642,.F.);
#7382=ORIENTED_EDGE('',*,*,#5643,.F.);
#7383=ORIENTED_EDGE('',*,*,#5644,.F.);
#7384=ORIENTED_EDGE('',*,*,#5643,.T.);
#7385=ORIENTED_EDGE('',*,*,#5645,.F.);
#7386=ORIENTED_EDGE('',*,*,#5646,.F.);
#7387=ORIENTED_EDGE('',*,*,#5647,.F.);
#7388=ORIENTED_EDGE('',*,*,#5646,.T.);
#7389=ORIENTED_EDGE('',*,*,#5648,.F.);
#7390=ORIENTED_EDGE('',*,*,#5649,.F.);
#7391=ORIENTED_EDGE('',*,*,#5650,.F.);
#7392=ORIENTED_EDGE('',*,*,#5649,.T.);
#7393=ORIENTED_EDGE('',*,*,#5651,.F.);
#7394=ORIENTED_EDGE('',*,*,#5652,.F.);
#7395=ORIENTED_EDGE('',*,*,#5653,.F.);
#7396=ORIENTED_EDGE('',*,*,#5652,.T.);
#7397=ORIENTED_EDGE('',*,*,#5654,.F.);
#7398=ORIENTED_EDGE('',*,*,#5638,.F.);
#7399=ORIENTED_EDGE('',*,*,#5653,.T.);
#7400=ORIENTED_EDGE('',*,*,#5637,.T.);
#7401=ORIENTED_EDGE('',*,*,#5641,.T.);
#7402=ORIENTED_EDGE('',*,*,#5644,.T.);
#7403=ORIENTED_EDGE('',*,*,#5647,.T.);
#7404=ORIENTED_EDGE('',*,*,#5650,.T.);
#7405=ORIENTED_EDGE('',*,*,#5636,.T.);
#7406=ORIENTED_EDGE('',*,*,#5654,.T.);
#7407=ORIENTED_EDGE('',*,*,#5651,.T.);
#7408=ORIENTED_EDGE('',*,*,#5648,.T.);
#7409=ORIENTED_EDGE('',*,*,#5645,.T.);
#7410=ORIENTED_EDGE('',*,*,#5642,.T.);
#7411=ORIENTED_EDGE('',*,*,#5639,.T.);
#7412=ORIENTED_EDGE('',*,*,#5634,.T.);
#7413=ORIENTED_EDGE('',*,*,#5655,.F.);
#7414=ORIENTED_EDGE('',*,*,#5656,.T.);
#7415=ORIENTED_EDGE('',*,*,#5657,.F.);
#7416=ORIENTED_EDGE('',*,*,#5656,.F.);
#7417=ORIENTED_EDGE('',*,*,#5658,.F.);
#7418=ORIENTED_EDGE('',*,*,#5659,.T.);
#7419=ORIENTED_EDGE('',*,*,#5660,.F.);
#7420=ORIENTED_EDGE('',*,*,#5661,.F.);
#7421=ORIENTED_EDGE('',*,*,#5662,.F.);
#7422=ORIENTED_EDGE('',*,*,#5661,.T.);
#7423=ORIENTED_EDGE('',*,*,#5663,.F.);
#7424=ORIENTED_EDGE('',*,*,#5664,.F.);
#7425=ORIENTED_EDGE('',*,*,#5665,.F.);
#7426=ORIENTED_EDGE('',*,*,#5664,.T.);
#7427=ORIENTED_EDGE('',*,*,#5666,.F.);
#7428=ORIENTED_EDGE('',*,*,#5667,.F.);
#7429=ORIENTED_EDGE('',*,*,#5668,.F.);
#7430=ORIENTED_EDGE('',*,*,#5667,.T.);
#7431=ORIENTED_EDGE('',*,*,#5669,.F.);
#7432=ORIENTED_EDGE('',*,*,#5670,.F.);
#7433=ORIENTED_EDGE('',*,*,#5671,.F.);
#7434=ORIENTED_EDGE('',*,*,#5670,.T.);
#7435=ORIENTED_EDGE('',*,*,#5672,.F.);
#7436=ORIENTED_EDGE('',*,*,#5673,.F.);
#7437=ORIENTED_EDGE('',*,*,#5674,.F.);
#7438=ORIENTED_EDGE('',*,*,#5673,.T.);
#7439=ORIENTED_EDGE('',*,*,#5675,.F.);
#7440=ORIENTED_EDGE('',*,*,#5659,.F.);
#7441=ORIENTED_EDGE('',*,*,#5674,.T.);
#7442=ORIENTED_EDGE('',*,*,#5658,.T.);
#7443=ORIENTED_EDGE('',*,*,#5662,.T.);
#7444=ORIENTED_EDGE('',*,*,#5665,.T.);
#7445=ORIENTED_EDGE('',*,*,#5668,.T.);
#7446=ORIENTED_EDGE('',*,*,#5671,.T.);
#7447=ORIENTED_EDGE('',*,*,#5657,.T.);
#7448=ORIENTED_EDGE('',*,*,#5675,.T.);
#7449=ORIENTED_EDGE('',*,*,#5672,.T.);
#7450=ORIENTED_EDGE('',*,*,#5669,.T.);
#7451=ORIENTED_EDGE('',*,*,#5666,.T.);
#7452=ORIENTED_EDGE('',*,*,#5663,.T.);
#7453=ORIENTED_EDGE('',*,*,#5660,.T.);
#7454=ORIENTED_EDGE('',*,*,#5655,.T.);
#7455=ORIENTED_EDGE('',*,*,#5676,.F.);
#7456=ORIENTED_EDGE('',*,*,#5677,.T.);
#7457=ORIENTED_EDGE('',*,*,#5678,.F.);
#7458=ORIENTED_EDGE('',*,*,#5677,.F.);
#7459=ORIENTED_EDGE('',*,*,#5679,.F.);
#7460=ORIENTED_EDGE('',*,*,#5680,.T.);
#7461=ORIENTED_EDGE('',*,*,#5681,.F.);
#7462=ORIENTED_EDGE('',*,*,#5682,.F.);
#7463=ORIENTED_EDGE('',*,*,#5683,.F.);
#7464=ORIENTED_EDGE('',*,*,#5682,.T.);
#7465=ORIENTED_EDGE('',*,*,#5684,.F.);
#7466=ORIENTED_EDGE('',*,*,#5685,.F.);
#7467=ORIENTED_EDGE('',*,*,#5686,.F.);
#7468=ORIENTED_EDGE('',*,*,#5685,.T.);
#7469=ORIENTED_EDGE('',*,*,#5687,.F.);
#7470=ORIENTED_EDGE('',*,*,#5688,.F.);
#7471=ORIENTED_EDGE('',*,*,#5689,.F.);
#7472=ORIENTED_EDGE('',*,*,#5688,.T.);
#7473=ORIENTED_EDGE('',*,*,#5690,.F.);
#7474=ORIENTED_EDGE('',*,*,#5691,.F.);
#7475=ORIENTED_EDGE('',*,*,#5692,.F.);
#7476=ORIENTED_EDGE('',*,*,#5691,.T.);
#7477=ORIENTED_EDGE('',*,*,#5693,.F.);
#7478=ORIENTED_EDGE('',*,*,#5694,.F.);
#7479=ORIENTED_EDGE('',*,*,#5695,.F.);
#7480=ORIENTED_EDGE('',*,*,#5694,.T.);
#7481=ORIENTED_EDGE('',*,*,#5696,.F.);
#7482=ORIENTED_EDGE('',*,*,#5680,.F.);
#7483=ORIENTED_EDGE('',*,*,#5695,.T.);
#7484=ORIENTED_EDGE('',*,*,#5679,.T.);
#7485=ORIENTED_EDGE('',*,*,#5683,.T.);
#7486=ORIENTED_EDGE('',*,*,#5686,.T.);
#7487=ORIENTED_EDGE('',*,*,#5689,.T.);
#7488=ORIENTED_EDGE('',*,*,#5692,.T.);
#7489=ORIENTED_EDGE('',*,*,#5678,.T.);
#7490=ORIENTED_EDGE('',*,*,#5696,.T.);
#7491=ORIENTED_EDGE('',*,*,#5693,.T.);
#7492=ORIENTED_EDGE('',*,*,#5690,.T.);
#7493=ORIENTED_EDGE('',*,*,#5687,.T.);
#7494=ORIENTED_EDGE('',*,*,#5684,.T.);
#7495=ORIENTED_EDGE('',*,*,#5681,.T.);
#7496=ORIENTED_EDGE('',*,*,#5676,.T.);
#7497=ORIENTED_EDGE('',*,*,#5697,.F.);
#7498=ORIENTED_EDGE('',*,*,#5698,.T.);
#7499=ORIENTED_EDGE('',*,*,#5699,.F.);
#7500=ORIENTED_EDGE('',*,*,#5698,.F.);
#7501=ORIENTED_EDGE('',*,*,#5700,.F.);
#7502=ORIENTED_EDGE('',*,*,#5701,.T.);
#7503=ORIENTED_EDGE('',*,*,#5702,.F.);
#7504=ORIENTED_EDGE('',*,*,#5703,.F.);
#7505=ORIENTED_EDGE('',*,*,#5704,.F.);
#7506=ORIENTED_EDGE('',*,*,#5703,.T.);
#7507=ORIENTED_EDGE('',*,*,#5705,.F.);
#7508=ORIENTED_EDGE('',*,*,#5706,.F.);
#7509=ORIENTED_EDGE('',*,*,#5707,.F.);
#7510=ORIENTED_EDGE('',*,*,#5706,.T.);
#7511=ORIENTED_EDGE('',*,*,#5708,.F.);
#7512=ORIENTED_EDGE('',*,*,#5709,.F.);
#7513=ORIENTED_EDGE('',*,*,#5710,.F.);
#7514=ORIENTED_EDGE('',*,*,#5709,.T.);
#7515=ORIENTED_EDGE('',*,*,#5711,.F.);
#7516=ORIENTED_EDGE('',*,*,#5712,.F.);
#7517=ORIENTED_EDGE('',*,*,#5713,.F.);
#7518=ORIENTED_EDGE('',*,*,#5712,.T.);
#7519=ORIENTED_EDGE('',*,*,#5714,.F.);
#7520=ORIENTED_EDGE('',*,*,#5715,.F.);
#7521=ORIENTED_EDGE('',*,*,#5716,.F.);
#7522=ORIENTED_EDGE('',*,*,#5715,.T.);
#7523=ORIENTED_EDGE('',*,*,#5717,.F.);
#7524=ORIENTED_EDGE('',*,*,#5701,.F.);
#7525=ORIENTED_EDGE('',*,*,#5716,.T.);
#7526=ORIENTED_EDGE('',*,*,#5700,.T.);
#7527=ORIENTED_EDGE('',*,*,#5704,.T.);
#7528=ORIENTED_EDGE('',*,*,#5707,.T.);
#7529=ORIENTED_EDGE('',*,*,#5710,.T.);
#7530=ORIENTED_EDGE('',*,*,#5713,.T.);
#7531=ORIENTED_EDGE('',*,*,#5699,.T.);
#7532=ORIENTED_EDGE('',*,*,#5717,.T.);
#7533=ORIENTED_EDGE('',*,*,#5714,.T.);
#7534=ORIENTED_EDGE('',*,*,#5711,.T.);
#7535=ORIENTED_EDGE('',*,*,#5708,.T.);
#7536=ORIENTED_EDGE('',*,*,#5705,.T.);
#7537=ORIENTED_EDGE('',*,*,#5702,.T.);
#7538=ORIENTED_EDGE('',*,*,#5697,.T.);
#7539=ORIENTED_EDGE('',*,*,#5718,.F.);
#7540=ORIENTED_EDGE('',*,*,#5719,.T.);
#7541=ORIENTED_EDGE('',*,*,#5720,.F.);
#7542=ORIENTED_EDGE('',*,*,#5719,.F.);
#7543=ORIENTED_EDGE('',*,*,#5721,.F.);
#7544=ORIENTED_EDGE('',*,*,#5722,.T.);
#7545=ORIENTED_EDGE('',*,*,#5723,.F.);
#7546=ORIENTED_EDGE('',*,*,#5724,.F.);
#7547=ORIENTED_EDGE('',*,*,#5725,.F.);
#7548=ORIENTED_EDGE('',*,*,#5724,.T.);
#7549=ORIENTED_EDGE('',*,*,#5726,.F.);
#7550=ORIENTED_EDGE('',*,*,#5727,.F.);
#7551=ORIENTED_EDGE('',*,*,#5728,.F.);
#7552=ORIENTED_EDGE('',*,*,#5727,.T.);
#7553=ORIENTED_EDGE('',*,*,#5729,.F.);
#7554=ORIENTED_EDGE('',*,*,#5730,.F.);
#7555=ORIENTED_EDGE('',*,*,#5731,.F.);
#7556=ORIENTED_EDGE('',*,*,#5730,.T.);
#7557=ORIENTED_EDGE('',*,*,#5732,.F.);
#7558=ORIENTED_EDGE('',*,*,#5733,.F.);
#7559=ORIENTED_EDGE('',*,*,#5734,.F.);
#7560=ORIENTED_EDGE('',*,*,#5733,.T.);
#7561=ORIENTED_EDGE('',*,*,#5735,.F.);
#7562=ORIENTED_EDGE('',*,*,#5736,.F.);
#7563=ORIENTED_EDGE('',*,*,#5737,.F.);
#7564=ORIENTED_EDGE('',*,*,#5736,.T.);
#7565=ORIENTED_EDGE('',*,*,#5738,.F.);
#7566=ORIENTED_EDGE('',*,*,#5722,.F.);
#7567=ORIENTED_EDGE('',*,*,#5737,.T.);
#7568=ORIENTED_EDGE('',*,*,#5721,.T.);
#7569=ORIENTED_EDGE('',*,*,#5725,.T.);
#7570=ORIENTED_EDGE('',*,*,#5728,.T.);
#7571=ORIENTED_EDGE('',*,*,#5731,.T.);
#7572=ORIENTED_EDGE('',*,*,#5734,.T.);
#7573=ORIENTED_EDGE('',*,*,#5720,.T.);
#7574=ORIENTED_EDGE('',*,*,#5738,.T.);
#7575=ORIENTED_EDGE('',*,*,#5735,.T.);
#7576=ORIENTED_EDGE('',*,*,#5732,.T.);
#7577=ORIENTED_EDGE('',*,*,#5729,.T.);
#7578=ORIENTED_EDGE('',*,*,#5726,.T.);
#7579=ORIENTED_EDGE('',*,*,#5723,.T.);
#7580=ORIENTED_EDGE('',*,*,#5718,.T.);
#7581=ORIENTED_EDGE('',*,*,#5739,.F.);
#7582=ORIENTED_EDGE('',*,*,#5740,.T.);
#7583=ORIENTED_EDGE('',*,*,#5741,.F.);
#7584=ORIENTED_EDGE('',*,*,#5740,.F.);
#7585=ORIENTED_EDGE('',*,*,#5742,.F.);
#7586=ORIENTED_EDGE('',*,*,#5743,.T.);
#7587=ORIENTED_EDGE('',*,*,#5744,.F.);
#7588=ORIENTED_EDGE('',*,*,#5745,.F.);
#7589=ORIENTED_EDGE('',*,*,#5746,.F.);
#7590=ORIENTED_EDGE('',*,*,#5745,.T.);
#7591=ORIENTED_EDGE('',*,*,#5747,.F.);
#7592=ORIENTED_EDGE('',*,*,#5748,.F.);
#7593=ORIENTED_EDGE('',*,*,#5749,.F.);
#7594=ORIENTED_EDGE('',*,*,#5748,.T.);
#7595=ORIENTED_EDGE('',*,*,#5750,.F.);
#7596=ORIENTED_EDGE('',*,*,#5751,.F.);
#7597=ORIENTED_EDGE('',*,*,#5752,.F.);
#7598=ORIENTED_EDGE('',*,*,#5751,.T.);
#7599=ORIENTED_EDGE('',*,*,#5753,.F.);
#7600=ORIENTED_EDGE('',*,*,#5754,.F.);
#7601=ORIENTED_EDGE('',*,*,#5755,.F.);
#7602=ORIENTED_EDGE('',*,*,#5754,.T.);
#7603=ORIENTED_EDGE('',*,*,#5756,.F.);
#7604=ORIENTED_EDGE('',*,*,#5757,.F.);
#7605=ORIENTED_EDGE('',*,*,#5758,.F.);
#7606=ORIENTED_EDGE('',*,*,#5757,.T.);
#7607=ORIENTED_EDGE('',*,*,#5759,.F.);
#7608=ORIENTED_EDGE('',*,*,#5743,.F.);
#7609=ORIENTED_EDGE('',*,*,#5758,.T.);
#7610=ORIENTED_EDGE('',*,*,#5742,.T.);
#7611=ORIENTED_EDGE('',*,*,#5746,.T.);
#7612=ORIENTED_EDGE('',*,*,#5749,.T.);
#7613=ORIENTED_EDGE('',*,*,#5752,.T.);
#7614=ORIENTED_EDGE('',*,*,#5755,.T.);
#7615=ORIENTED_EDGE('',*,*,#5741,.T.);
#7616=ORIENTED_EDGE('',*,*,#5759,.T.);
#7617=ORIENTED_EDGE('',*,*,#5756,.T.);
#7618=ORIENTED_EDGE('',*,*,#5753,.T.);
#7619=ORIENTED_EDGE('',*,*,#5750,.T.);
#7620=ORIENTED_EDGE('',*,*,#5747,.T.);
#7621=ORIENTED_EDGE('',*,*,#5744,.T.);
#7622=ORIENTED_EDGE('',*,*,#5739,.T.);
#7623=ORIENTED_EDGE('',*,*,#5760,.F.);
#7624=ORIENTED_EDGE('',*,*,#5761,.T.);
#7625=ORIENTED_EDGE('',*,*,#5762,.F.);
#7626=ORIENTED_EDGE('',*,*,#5761,.F.);
#7627=ORIENTED_EDGE('',*,*,#5763,.F.);
#7628=ORIENTED_EDGE('',*,*,#5764,.T.);
#7629=ORIENTED_EDGE('',*,*,#5765,.F.);
#7630=ORIENTED_EDGE('',*,*,#5766,.F.);
#7631=ORIENTED_EDGE('',*,*,#5767,.F.);
#7632=ORIENTED_EDGE('',*,*,#5766,.T.);
#7633=ORIENTED_EDGE('',*,*,#5768,.F.);
#7634=ORIENTED_EDGE('',*,*,#5769,.F.);
#7635=ORIENTED_EDGE('',*,*,#5770,.F.);
#7636=ORIENTED_EDGE('',*,*,#5769,.T.);
#7637=ORIENTED_EDGE('',*,*,#5771,.F.);
#7638=ORIENTED_EDGE('',*,*,#5772,.F.);
#7639=ORIENTED_EDGE('',*,*,#5773,.F.);
#7640=ORIENTED_EDGE('',*,*,#5772,.T.);
#7641=ORIENTED_EDGE('',*,*,#5774,.F.);
#7642=ORIENTED_EDGE('',*,*,#5775,.F.);
#7643=ORIENTED_EDGE('',*,*,#5776,.F.);
#7644=ORIENTED_EDGE('',*,*,#5775,.T.);
#7645=ORIENTED_EDGE('',*,*,#5777,.F.);
#7646=ORIENTED_EDGE('',*,*,#5778,.F.);
#7647=ORIENTED_EDGE('',*,*,#5779,.F.);
#7648=ORIENTED_EDGE('',*,*,#5778,.T.);
#7649=ORIENTED_EDGE('',*,*,#5780,.F.);
#7650=ORIENTED_EDGE('',*,*,#5764,.F.);
#7651=ORIENTED_EDGE('',*,*,#5779,.T.);
#7652=ORIENTED_EDGE('',*,*,#5763,.T.);
#7653=ORIENTED_EDGE('',*,*,#5767,.T.);
#7654=ORIENTED_EDGE('',*,*,#5770,.T.);
#7655=ORIENTED_EDGE('',*,*,#5773,.T.);
#7656=ORIENTED_EDGE('',*,*,#5776,.T.);
#7657=ORIENTED_EDGE('',*,*,#5762,.T.);
#7658=ORIENTED_EDGE('',*,*,#5780,.T.);
#7659=ORIENTED_EDGE('',*,*,#5777,.T.);
#7660=ORIENTED_EDGE('',*,*,#5774,.T.);
#7661=ORIENTED_EDGE('',*,*,#5771,.T.);
#7662=ORIENTED_EDGE('',*,*,#5768,.T.);
#7663=ORIENTED_EDGE('',*,*,#5765,.T.);
#7664=ORIENTED_EDGE('',*,*,#5760,.T.);
#7665=ORIENTED_EDGE('',*,*,#5781,.F.);
#7666=ORIENTED_EDGE('',*,*,#5782,.T.);
#7667=ORIENTED_EDGE('',*,*,#5783,.F.);
#7668=ORIENTED_EDGE('',*,*,#5782,.F.);
#7669=ORIENTED_EDGE('',*,*,#5784,.F.);
#7670=ORIENTED_EDGE('',*,*,#5785,.T.);
#7671=ORIENTED_EDGE('',*,*,#5786,.F.);
#7672=ORIENTED_EDGE('',*,*,#5787,.F.);
#7673=ORIENTED_EDGE('',*,*,#5788,.F.);
#7674=ORIENTED_EDGE('',*,*,#5787,.T.);
#7675=ORIENTED_EDGE('',*,*,#5789,.F.);
#7676=ORIENTED_EDGE('',*,*,#5790,.F.);
#7677=ORIENTED_EDGE('',*,*,#5791,.F.);
#7678=ORIENTED_EDGE('',*,*,#5790,.T.);
#7679=ORIENTED_EDGE('',*,*,#5792,.F.);
#7680=ORIENTED_EDGE('',*,*,#5793,.F.);
#7681=ORIENTED_EDGE('',*,*,#5794,.F.);
#7682=ORIENTED_EDGE('',*,*,#5793,.T.);
#7683=ORIENTED_EDGE('',*,*,#5795,.F.);
#7684=ORIENTED_EDGE('',*,*,#5796,.F.);
#7685=ORIENTED_EDGE('',*,*,#5797,.F.);
#7686=ORIENTED_EDGE('',*,*,#5796,.T.);
#7687=ORIENTED_EDGE('',*,*,#5798,.F.);
#7688=ORIENTED_EDGE('',*,*,#5799,.F.);
#7689=ORIENTED_EDGE('',*,*,#5800,.F.);
#7690=ORIENTED_EDGE('',*,*,#5799,.T.);
#7691=ORIENTED_EDGE('',*,*,#5801,.F.);
#7692=ORIENTED_EDGE('',*,*,#5785,.F.);
#7693=ORIENTED_EDGE('',*,*,#5800,.T.);
#7694=ORIENTED_EDGE('',*,*,#5784,.T.);
#7695=ORIENTED_EDGE('',*,*,#5788,.T.);
#7696=ORIENTED_EDGE('',*,*,#5791,.T.);
#7697=ORIENTED_EDGE('',*,*,#5794,.T.);
#7698=ORIENTED_EDGE('',*,*,#5797,.T.);
#7699=ORIENTED_EDGE('',*,*,#5783,.T.);
#7700=ORIENTED_EDGE('',*,*,#5801,.T.);
#7701=ORIENTED_EDGE('',*,*,#5798,.T.);
#7702=ORIENTED_EDGE('',*,*,#5795,.T.);
#7703=ORIENTED_EDGE('',*,*,#5792,.T.);
#7704=ORIENTED_EDGE('',*,*,#5789,.T.);
#7705=ORIENTED_EDGE('',*,*,#5786,.T.);
#7706=ORIENTED_EDGE('',*,*,#5781,.T.);
#7707=ORIENTED_EDGE('',*,*,#5802,.F.);
#7708=ORIENTED_EDGE('',*,*,#5803,.T.);
#7709=ORIENTED_EDGE('',*,*,#5804,.F.);
#7710=ORIENTED_EDGE('',*,*,#5803,.F.);
#7711=ORIENTED_EDGE('',*,*,#5805,.F.);
#7712=ORIENTED_EDGE('',*,*,#5806,.T.);
#7713=ORIENTED_EDGE('',*,*,#5807,.F.);
#7714=ORIENTED_EDGE('',*,*,#5808,.F.);
#7715=ORIENTED_EDGE('',*,*,#5809,.F.);
#7716=ORIENTED_EDGE('',*,*,#5808,.T.);
#7717=ORIENTED_EDGE('',*,*,#5810,.F.);
#7718=ORIENTED_EDGE('',*,*,#5811,.F.);
#7719=ORIENTED_EDGE('',*,*,#5812,.F.);
#7720=ORIENTED_EDGE('',*,*,#5811,.T.);
#7721=ORIENTED_EDGE('',*,*,#5813,.F.);
#7722=ORIENTED_EDGE('',*,*,#5814,.F.);
#7723=ORIENTED_EDGE('',*,*,#5815,.F.);
#7724=ORIENTED_EDGE('',*,*,#5814,.T.);
#7725=ORIENTED_EDGE('',*,*,#5816,.F.);
#7726=ORIENTED_EDGE('',*,*,#5817,.F.);
#7727=ORIENTED_EDGE('',*,*,#5818,.F.);
#7728=ORIENTED_EDGE('',*,*,#5817,.T.);
#7729=ORIENTED_EDGE('',*,*,#5819,.F.);
#7730=ORIENTED_EDGE('',*,*,#5820,.F.);
#7731=ORIENTED_EDGE('',*,*,#5821,.F.);
#7732=ORIENTED_EDGE('',*,*,#5820,.T.);
#7733=ORIENTED_EDGE('',*,*,#5822,.F.);
#7734=ORIENTED_EDGE('',*,*,#5806,.F.);
#7735=ORIENTED_EDGE('',*,*,#5821,.T.);
#7736=ORIENTED_EDGE('',*,*,#5805,.T.);
#7737=ORIENTED_EDGE('',*,*,#5809,.T.);
#7738=ORIENTED_EDGE('',*,*,#5812,.T.);
#7739=ORIENTED_EDGE('',*,*,#5815,.T.);
#7740=ORIENTED_EDGE('',*,*,#5818,.T.);
#7741=ORIENTED_EDGE('',*,*,#5804,.T.);
#7742=ORIENTED_EDGE('',*,*,#5822,.T.);
#7743=ORIENTED_EDGE('',*,*,#5819,.T.);
#7744=ORIENTED_EDGE('',*,*,#5816,.T.);
#7745=ORIENTED_EDGE('',*,*,#5813,.T.);
#7746=ORIENTED_EDGE('',*,*,#5810,.T.);
#7747=ORIENTED_EDGE('',*,*,#5807,.T.);
#7748=ORIENTED_EDGE('',*,*,#5802,.T.);
#7749=ORIENTED_EDGE('',*,*,#5823,.F.);
#7750=ORIENTED_EDGE('',*,*,#5824,.T.);
#7751=ORIENTED_EDGE('',*,*,#5825,.F.);
#7752=ORIENTED_EDGE('',*,*,#5824,.F.);
#7753=ORIENTED_EDGE('',*,*,#5826,.F.);
#7754=ORIENTED_EDGE('',*,*,#5827,.T.);
#7755=ORIENTED_EDGE('',*,*,#5828,.F.);
#7756=ORIENTED_EDGE('',*,*,#5829,.F.);
#7757=ORIENTED_EDGE('',*,*,#5830,.F.);
#7758=ORIENTED_EDGE('',*,*,#5829,.T.);
#7759=ORIENTED_EDGE('',*,*,#5831,.F.);
#7760=ORIENTED_EDGE('',*,*,#5832,.F.);
#7761=ORIENTED_EDGE('',*,*,#5833,.F.);
#7762=ORIENTED_EDGE('',*,*,#5832,.T.);
#7763=ORIENTED_EDGE('',*,*,#5834,.F.);
#7764=ORIENTED_EDGE('',*,*,#5835,.F.);
#7765=ORIENTED_EDGE('',*,*,#5836,.F.);
#7766=ORIENTED_EDGE('',*,*,#5835,.T.);
#7767=ORIENTED_EDGE('',*,*,#5837,.F.);
#7768=ORIENTED_EDGE('',*,*,#5838,.F.);
#7769=ORIENTED_EDGE('',*,*,#5839,.F.);
#7770=ORIENTED_EDGE('',*,*,#5838,.T.);
#7771=ORIENTED_EDGE('',*,*,#5840,.F.);
#7772=ORIENTED_EDGE('',*,*,#5841,.F.);
#7773=ORIENTED_EDGE('',*,*,#5842,.F.);
#7774=ORIENTED_EDGE('',*,*,#5841,.T.);
#7775=ORIENTED_EDGE('',*,*,#5843,.F.);
#7776=ORIENTED_EDGE('',*,*,#5827,.F.);
#7777=ORIENTED_EDGE('',*,*,#5842,.T.);
#7778=ORIENTED_EDGE('',*,*,#5826,.T.);
#7779=ORIENTED_EDGE('',*,*,#5830,.T.);
#7780=ORIENTED_EDGE('',*,*,#5833,.T.);
#7781=ORIENTED_EDGE('',*,*,#5836,.T.);
#7782=ORIENTED_EDGE('',*,*,#5839,.T.);
#7783=ORIENTED_EDGE('',*,*,#5825,.T.);
#7784=ORIENTED_EDGE('',*,*,#5843,.T.);
#7785=ORIENTED_EDGE('',*,*,#5840,.T.);
#7786=ORIENTED_EDGE('',*,*,#5837,.T.);
#7787=ORIENTED_EDGE('',*,*,#5834,.T.);
#7788=ORIENTED_EDGE('',*,*,#5831,.T.);
#7789=ORIENTED_EDGE('',*,*,#5828,.T.);
#7790=ORIENTED_EDGE('',*,*,#5823,.T.);
#7791=ORIENTED_EDGE('',*,*,#5844,.F.);
#7792=ORIENTED_EDGE('',*,*,#5845,.T.);
#7793=ORIENTED_EDGE('',*,*,#5846,.F.);
#7794=ORIENTED_EDGE('',*,*,#5845,.F.);
#7795=ORIENTED_EDGE('',*,*,#5847,.F.);
#7796=ORIENTED_EDGE('',*,*,#5848,.T.);
#7797=ORIENTED_EDGE('',*,*,#5849,.F.);
#7798=ORIENTED_EDGE('',*,*,#5850,.F.);
#7799=ORIENTED_EDGE('',*,*,#5851,.F.);
#7800=ORIENTED_EDGE('',*,*,#5850,.T.);
#7801=ORIENTED_EDGE('',*,*,#5852,.F.);
#7802=ORIENTED_EDGE('',*,*,#5853,.F.);
#7803=ORIENTED_EDGE('',*,*,#5854,.F.);
#7804=ORIENTED_EDGE('',*,*,#5853,.T.);
#7805=ORIENTED_EDGE('',*,*,#5855,.F.);
#7806=ORIENTED_EDGE('',*,*,#5856,.F.);
#7807=ORIENTED_EDGE('',*,*,#5857,.F.);
#7808=ORIENTED_EDGE('',*,*,#5856,.T.);
#7809=ORIENTED_EDGE('',*,*,#5858,.F.);
#7810=ORIENTED_EDGE('',*,*,#5859,.F.);
#7811=ORIENTED_EDGE('',*,*,#5860,.F.);
#7812=ORIENTED_EDGE('',*,*,#5859,.T.);
#7813=ORIENTED_EDGE('',*,*,#5861,.F.);
#7814=ORIENTED_EDGE('',*,*,#5862,.F.);
#7815=ORIENTED_EDGE('',*,*,#5863,.F.);
#7816=ORIENTED_EDGE('',*,*,#5862,.T.);
#7817=ORIENTED_EDGE('',*,*,#5864,.F.);
#7818=ORIENTED_EDGE('',*,*,#5848,.F.);
#7819=ORIENTED_EDGE('',*,*,#5863,.T.);
#7820=ORIENTED_EDGE('',*,*,#5847,.T.);
#7821=ORIENTED_EDGE('',*,*,#5851,.T.);
#7822=ORIENTED_EDGE('',*,*,#5854,.T.);
#7823=ORIENTED_EDGE('',*,*,#5857,.T.);
#7824=ORIENTED_EDGE('',*,*,#5860,.T.);
#7825=ORIENTED_EDGE('',*,*,#5846,.T.);
#7826=ORIENTED_EDGE('',*,*,#5864,.T.);
#7827=ORIENTED_EDGE('',*,*,#5861,.T.);
#7828=ORIENTED_EDGE('',*,*,#5858,.T.);
#7829=ORIENTED_EDGE('',*,*,#5855,.T.);
#7830=ORIENTED_EDGE('',*,*,#5852,.T.);
#7831=ORIENTED_EDGE('',*,*,#5849,.T.);
#7832=ORIENTED_EDGE('',*,*,#5844,.T.);
#7833=ORIENTED_EDGE('',*,*,#5865,.F.);
#7834=ORIENTED_EDGE('',*,*,#5866,.T.);
#7835=ORIENTED_EDGE('',*,*,#5867,.F.);
#7836=ORIENTED_EDGE('',*,*,#5866,.F.);
#7837=ORIENTED_EDGE('',*,*,#5868,.F.);
#7838=ORIENTED_EDGE('',*,*,#5869,.T.);
#7839=ORIENTED_EDGE('',*,*,#5870,.F.);
#7840=ORIENTED_EDGE('',*,*,#5869,.F.);
#7841=ORIENTED_EDGE('',*,*,#5871,.F.);
#7842=ORIENTED_EDGE('',*,*,#5872,.T.);
#7843=ORIENTED_EDGE('',*,*,#5873,.F.);
#7844=ORIENTED_EDGE('',*,*,#5872,.F.);
#7845=ORIENTED_EDGE('',*,*,#5874,.F.);
#7846=ORIENTED_EDGE('',*,*,#5875,.T.);
#7847=ORIENTED_EDGE('',*,*,#5876,.F.);
#7848=ORIENTED_EDGE('',*,*,#5875,.F.);
#7849=ORIENTED_EDGE('',*,*,#5877,.F.);
#7850=ORIENTED_EDGE('',*,*,#5878,.T.);
#7851=ORIENTED_EDGE('',*,*,#5879,.F.);
#7852=ORIENTED_EDGE('',*,*,#5878,.F.);
#7853=ORIENTED_EDGE('',*,*,#5880,.F.);
#7854=ORIENTED_EDGE('',*,*,#5881,.F.);
#7855=ORIENTED_EDGE('',*,*,#5882,.F.);
#7856=ORIENTED_EDGE('',*,*,#5883,.F.);
#7857=ORIENTED_EDGE('',*,*,#5884,.T.);
#7858=ORIENTED_EDGE('',*,*,#5885,.F.);
#7859=ORIENTED_EDGE('',*,*,#5886,.F.);
#7860=ORIENTED_EDGE('',*,*,#5887,.F.);
#7861=ORIENTED_EDGE('',*,*,#5888,.T.);
#7862=ORIENTED_EDGE('',*,*,#5889,.F.);
#7863=ORIENTED_EDGE('',*,*,#5884,.F.);
#7864=ORIENTED_EDGE('',*,*,#5890,.F.);
#7865=ORIENTED_EDGE('',*,*,#5888,.F.);
#7866=ORIENTED_EDGE('',*,*,#5891,.F.);
#7867=ORIENTED_EDGE('',*,*,#5892,.F.);
#7868=ORIENTED_EDGE('',*,*,#5893,.F.);
#7869=ORIENTED_EDGE('',*,*,#5894,.T.);
#7870=ORIENTED_EDGE('',*,*,#5895,.F.);
#7871=ORIENTED_EDGE('',*,*,#5896,.F.);
#7872=ORIENTED_EDGE('',*,*,#5897,.F.);
#7873=ORIENTED_EDGE('',*,*,#5898,.T.);
#7874=ORIENTED_EDGE('',*,*,#5899,.F.);
#7875=ORIENTED_EDGE('',*,*,#5894,.F.);
#7876=ORIENTED_EDGE('',*,*,#5900,.F.);
#7877=ORIENTED_EDGE('',*,*,#5898,.F.);
#7878=ORIENTED_EDGE('',*,*,#5901,.F.);
#7879=ORIENTED_EDGE('',*,*,#5902,.F.);
#7880=ORIENTED_EDGE('',*,*,#5903,.F.);
#7881=ORIENTED_EDGE('',*,*,#5904,.T.);
#7882=ORIENTED_EDGE('',*,*,#5905,.F.);
#7883=ORIENTED_EDGE('',*,*,#5906,.F.);
#7884=ORIENTED_EDGE('',*,*,#5907,.F.);
#7885=ORIENTED_EDGE('',*,*,#5908,.T.);
#7886=ORIENTED_EDGE('',*,*,#5909,.F.);
#7887=ORIENTED_EDGE('',*,*,#5904,.F.);
#7888=ORIENTED_EDGE('',*,*,#5910,.F.);
#7889=ORIENTED_EDGE('',*,*,#5908,.F.);
#7890=ORIENTED_EDGE('',*,*,#5911,.F.);
#7891=ORIENTED_EDGE('',*,*,#5912,.F.);
#7892=ORIENTED_EDGE('',*,*,#5913,.F.);
#7893=ORIENTED_EDGE('',*,*,#5914,.T.);
#7894=ORIENTED_EDGE('',*,*,#5915,.F.);
#7895=ORIENTED_EDGE('',*,*,#5916,.F.);
#7896=ORIENTED_EDGE('',*,*,#5917,.F.);
#7897=ORIENTED_EDGE('',*,*,#5918,.T.);
#7898=ORIENTED_EDGE('',*,*,#5919,.F.);
#7899=ORIENTED_EDGE('',*,*,#5914,.F.);
#7900=ORIENTED_EDGE('',*,*,#5920,.F.);
#7901=ORIENTED_EDGE('',*,*,#5918,.F.);
#7902=ORIENTED_EDGE('',*,*,#5921,.F.);
#7903=ORIENTED_EDGE('',*,*,#5922,.F.);
#7904=ORIENTED_EDGE('',*,*,#5923,.F.);
#7905=ORIENTED_EDGE('',*,*,#5924,.T.);
#7906=ORIENTED_EDGE('',*,*,#5925,.F.);
#7907=ORIENTED_EDGE('',*,*,#5926,.F.);
#7908=ORIENTED_EDGE('',*,*,#5927,.F.);
#7909=ORIENTED_EDGE('',*,*,#5928,.T.);
#7910=ORIENTED_EDGE('',*,*,#5929,.F.);
#7911=ORIENTED_EDGE('',*,*,#5924,.F.);
#7912=ORIENTED_EDGE('',*,*,#5930,.F.);
#7913=ORIENTED_EDGE('',*,*,#5928,.F.);
#7914=ORIENTED_EDGE('',*,*,#5931,.F.);
#7915=ORIENTED_EDGE('',*,*,#5932,.F.);
#7916=ORIENTED_EDGE('',*,*,#5933,.F.);
#7917=ORIENTED_EDGE('',*,*,#5934,.T.);
#7918=ORIENTED_EDGE('',*,*,#5935,.F.);
#7919=ORIENTED_EDGE('',*,*,#5936,.F.);
#7920=ORIENTED_EDGE('',*,*,#5937,.F.);
#7921=ORIENTED_EDGE('',*,*,#5938,.T.);
#7922=ORIENTED_EDGE('',*,*,#5939,.F.);
#7923=ORIENTED_EDGE('',*,*,#5934,.F.);
#7924=ORIENTED_EDGE('',*,*,#5940,.F.);
#7925=ORIENTED_EDGE('',*,*,#5938,.F.);
#7926=ORIENTED_EDGE('',*,*,#5941,.F.);
#7927=ORIENTED_EDGE('',*,*,#5942,.F.);
#7928=ORIENTED_EDGE('',*,*,#5943,.F.);
#7929=ORIENTED_EDGE('',*,*,#5944,.T.);
#7930=ORIENTED_EDGE('',*,*,#5945,.F.);
#7931=ORIENTED_EDGE('',*,*,#5946,.T.);
#7932=ORIENTED_EDGE('',*,*,#5947,.F.);
#7933=ORIENTED_EDGE('',*,*,#5948,.T.);
#7934=ORIENTED_EDGE('',*,*,#5949,.F.);
#7935=ORIENTED_EDGE('',*,*,#5944,.F.);
#7936=ORIENTED_EDGE('',*,*,#5950,.F.);
#7937=ORIENTED_EDGE('',*,*,#5948,.F.);
#7938=ORIENTED_EDGE('',*,*,#5951,.F.);
#7939=ORIENTED_EDGE('',*,*,#5952,.F.);
#7940=ORIENTED_EDGE('',*,*,#5953,.F.);
#7941=ORIENTED_EDGE('',*,*,#5954,.T.);
#7942=ORIENTED_EDGE('',*,*,#5955,.F.);
#7943=ORIENTED_EDGE('',*,*,#5956,.F.);
#7944=ORIENTED_EDGE('',*,*,#5957,.F.);
#7945=ORIENTED_EDGE('',*,*,#5958,.T.);
#7946=ORIENTED_EDGE('',*,*,#5959,.F.);
#7947=ORIENTED_EDGE('',*,*,#5954,.F.);
#7948=ORIENTED_EDGE('',*,*,#5960,.F.);
#7949=ORIENTED_EDGE('',*,*,#5958,.F.);
#7950=ORIENTED_EDGE('',*,*,#5961,.F.);
#7951=ORIENTED_EDGE('',*,*,#5962,.F.);
#7952=ORIENTED_EDGE('',*,*,#5963,.F.);
#7953=ORIENTED_EDGE('',*,*,#5964,.T.);
#7954=ORIENTED_EDGE('',*,*,#5965,.F.);
#7955=ORIENTED_EDGE('',*,*,#5966,.F.);
#7956=ORIENTED_EDGE('',*,*,#5967,.F.);
#7957=ORIENTED_EDGE('',*,*,#5968,.T.);
#7958=ORIENTED_EDGE('',*,*,#5969,.F.);
#7959=ORIENTED_EDGE('',*,*,#5964,.F.);
#7960=ORIENTED_EDGE('',*,*,#5970,.F.);
#7961=ORIENTED_EDGE('',*,*,#5968,.F.);
#7962=ORIENTED_EDGE('',*,*,#5971,.F.);
#7963=ORIENTED_EDGE('',*,*,#5972,.F.);
#7964=ORIENTED_EDGE('',*,*,#5973,.F.);
#7965=ORIENTED_EDGE('',*,*,#5974,.T.);
#7966=ORIENTED_EDGE('',*,*,#5975,.F.);
#7967=ORIENTED_EDGE('',*,*,#5976,.F.);
#7968=ORIENTED_EDGE('',*,*,#5977,.F.);
#7969=ORIENTED_EDGE('',*,*,#5978,.T.);
#7970=ORIENTED_EDGE('',*,*,#5979,.F.);
#7971=ORIENTED_EDGE('',*,*,#5974,.F.);
#7972=ORIENTED_EDGE('',*,*,#5980,.F.);
#7973=ORIENTED_EDGE('',*,*,#5978,.F.);
#7974=ORIENTED_EDGE('',*,*,#5981,.F.);
#7975=ORIENTED_EDGE('',*,*,#5982,.F.);
#7976=ORIENTED_EDGE('',*,*,#5983,.F.);
#7977=ORIENTED_EDGE('',*,*,#5984,.T.);
#7978=ORIENTED_EDGE('',*,*,#5985,.F.);
#7979=ORIENTED_EDGE('',*,*,#5986,.F.);
#7980=ORIENTED_EDGE('',*,*,#5987,.F.);
#7981=ORIENTED_EDGE('',*,*,#5988,.T.);
#7982=ORIENTED_EDGE('',*,*,#5989,.F.);
#7983=ORIENTED_EDGE('',*,*,#5984,.F.);
#7984=ORIENTED_EDGE('',*,*,#5990,.F.);
#7985=ORIENTED_EDGE('',*,*,#5988,.F.);
#7986=ORIENTED_EDGE('',*,*,#5991,.F.);
#7987=ORIENTED_EDGE('',*,*,#5992,.F.);
#7988=ORIENTED_EDGE('',*,*,#5993,.F.);
#7989=ORIENTED_EDGE('',*,*,#5994,.T.);
#7990=ORIENTED_EDGE('',*,*,#5995,.F.);
#7991=ORIENTED_EDGE('',*,*,#5996,.F.);
#7992=ORIENTED_EDGE('',*,*,#5997,.F.);
#7993=ORIENTED_EDGE('',*,*,#5998,.T.);
#7994=ORIENTED_EDGE('',*,*,#5999,.F.);
#7995=ORIENTED_EDGE('',*,*,#5994,.F.);
#7996=ORIENTED_EDGE('',*,*,#6000,.F.);
#7997=ORIENTED_EDGE('',*,*,#5998,.F.);
#7998=ORIENTED_EDGE('',*,*,#6001,.F.);
#7999=ORIENTED_EDGE('',*,*,#6002,.F.);
#8000=ORIENTED_EDGE('',*,*,#6003,.F.);
#8001=ORIENTED_EDGE('',*,*,#6004,.T.);
#8002=ORIENTED_EDGE('',*,*,#6005,.F.);
#8003=ORIENTED_EDGE('',*,*,#6006,.F.);
#8004=ORIENTED_EDGE('',*,*,#6007,.F.);
#8005=ORIENTED_EDGE('',*,*,#6008,.T.);
#8006=ORIENTED_EDGE('',*,*,#6009,.F.);
#8007=ORIENTED_EDGE('',*,*,#6004,.F.);
#8008=ORIENTED_EDGE('',*,*,#6010,.F.);
#8009=ORIENTED_EDGE('',*,*,#6008,.F.);
#8010=ORIENTED_EDGE('',*,*,#6011,.F.);
#8011=ORIENTED_EDGE('',*,*,#6012,.F.);
#8012=ORIENTED_EDGE('',*,*,#6013,.F.);
#8013=ORIENTED_EDGE('',*,*,#6014,.T.);
#8014=ORIENTED_EDGE('',*,*,#6015,.F.);
#8015=ORIENTED_EDGE('',*,*,#6016,.F.);
#8016=ORIENTED_EDGE('',*,*,#6017,.F.);
#8017=ORIENTED_EDGE('',*,*,#6018,.T.);
#8018=ORIENTED_EDGE('',*,*,#6019,.F.);
#8019=ORIENTED_EDGE('',*,*,#6014,.F.);
#8020=ORIENTED_EDGE('',*,*,#6020,.F.);
#8021=ORIENTED_EDGE('',*,*,#6018,.F.);
#8022=ORIENTED_EDGE('',*,*,#6021,.F.);
#8023=ORIENTED_EDGE('',*,*,#6022,.F.);
#8024=ORIENTED_EDGE('',*,*,#6023,.F.);
#8025=ORIENTED_EDGE('',*,*,#6024,.F.);
#8026=ORIENTED_EDGE('',*,*,#6025,.F.);
#8027=ORIENTED_EDGE('',*,*,#6026,.F.);
#8028=ORIENTED_EDGE('',*,*,#6027,.F.);
#8029=ORIENTED_EDGE('',*,*,#6028,.F.);
#8030=ORIENTED_EDGE('',*,*,#6029,.F.);
#8031=ORIENTED_EDGE('',*,*,#6024,.T.);
#8032=ORIENTED_EDGE('',*,*,#6030,.F.);
#8033=ORIENTED_EDGE('',*,*,#6028,.T.);
#8034=ORIENTED_EDGE('',*,*,#6031,.F.);
#8035=ORIENTED_EDGE('',*,*,#6032,.F.);
#8036=ORIENTED_EDGE('',*,*,#6033,.F.);
#8037=ORIENTED_EDGE('',*,*,#6034,.T.);
#8038=ORIENTED_EDGE('',*,*,#6035,.F.);
#8039=ORIENTED_EDGE('',*,*,#6036,.F.);
#8040=ORIENTED_EDGE('',*,*,#6037,.F.);
#8041=ORIENTED_EDGE('',*,*,#5880,.T.);
#8042=ORIENTED_EDGE('',*,*,#6038,.F.);
#8043=ORIENTED_EDGE('',*,*,#6034,.F.);
#8044=ORIENTED_EDGE('',*,*,#6039,.F.);
#8045=ORIENTED_EDGE('',*,*,#6040,.T.);
#8046=ORIENTED_EDGE('',*,*,#5879,.T.);
#8047=ORIENTED_EDGE('',*,*,#5887,.T.);
#8048=ORIENTED_EDGE('',*,*,#6041,.T.);
#8049=ORIENTED_EDGE('',*,*,#6042,.T.);
#8050=ORIENTED_EDGE('',*,*,#6043,.T.);
#8051=ORIENTED_EDGE('',*,*,#5891,.T.);
#8052=ORIENTED_EDGE('',*,*,#5890,.T.);
#8053=ORIENTED_EDGE('',*,*,#5881,.T.);
#8054=ORIENTED_EDGE('',*,*,#6039,.T.);
#8055=ORIENTED_EDGE('',*,*,#6037,.T.);
#8056=ORIENTED_EDGE('',*,*,#6044,.T.);
#8057=ORIENTED_EDGE('',*,*,#6045,.T.);
#8058=ORIENTED_EDGE('',*,*,#6046,.T.);
#8059=ORIENTED_EDGE('',*,*,#5897,.T.);
#8060=ORIENTED_EDGE('',*,*,#6047,.T.);
#8061=ORIENTED_EDGE('',*,*,#6048,.T.);
#8062=ORIENTED_EDGE('',*,*,#6049,.T.);
#8063=ORIENTED_EDGE('',*,*,#5901,.T.);
#8064=ORIENTED_EDGE('',*,*,#5900,.T.);
#8065=ORIENTED_EDGE('',*,*,#6050,.T.);
#8066=ORIENTED_EDGE('',*,*,#6051,.T.);
#8067=ORIENTED_EDGE('',*,*,#6052,.T.);
#8068=ORIENTED_EDGE('',*,*,#6053,.T.);
#8069=ORIENTED_EDGE('',*,*,#6054,.T.);
#8070=ORIENTED_EDGE('',*,*,#6055,.T.);
#8071=ORIENTED_EDGE('',*,*,#5907,.T.);
#8072=ORIENTED_EDGE('',*,*,#6056,.T.);
#8073=ORIENTED_EDGE('',*,*,#6057,.T.);
#8074=ORIENTED_EDGE('',*,*,#6058,.T.);
#8075=ORIENTED_EDGE('',*,*,#5911,.T.);
#8076=ORIENTED_EDGE('',*,*,#5910,.T.);
#8077=ORIENTED_EDGE('',*,*,#6059,.T.);
#8078=ORIENTED_EDGE('',*,*,#6060,.T.);
#8079=ORIENTED_EDGE('',*,*,#6061,.T.);
#8080=ORIENTED_EDGE('',*,*,#6062,.T.);
#8081=ORIENTED_EDGE('',*,*,#6063,.T.);
#8082=ORIENTED_EDGE('',*,*,#6064,.T.);
#8083=ORIENTED_EDGE('',*,*,#5917,.T.);
#8084=ORIENTED_EDGE('',*,*,#6065,.T.);
#8085=ORIENTED_EDGE('',*,*,#6066,.T.);
#8086=ORIENTED_EDGE('',*,*,#6067,.T.);
#8087=ORIENTED_EDGE('',*,*,#5921,.T.);
#8088=ORIENTED_EDGE('',*,*,#5920,.T.);
#8089=ORIENTED_EDGE('',*,*,#6068,.T.);
#8090=ORIENTED_EDGE('',*,*,#6069,.T.);
#8091=ORIENTED_EDGE('',*,*,#6070,.T.);
#8092=ORIENTED_EDGE('',*,*,#6071,.T.);
#8093=ORIENTED_EDGE('',*,*,#6072,.T.);
#8094=ORIENTED_EDGE('',*,*,#6073,.T.);
#8095=ORIENTED_EDGE('',*,*,#5927,.T.);
#8096=ORIENTED_EDGE('',*,*,#6074,.T.);
#8097=ORIENTED_EDGE('',*,*,#6075,.T.);
#8098=ORIENTED_EDGE('',*,*,#6076,.T.);
#8099=ORIENTED_EDGE('',*,*,#5931,.T.);
#8100=ORIENTED_EDGE('',*,*,#5930,.T.);
#8101=ORIENTED_EDGE('',*,*,#6077,.T.);
#8102=ORIENTED_EDGE('',*,*,#6078,.T.);
#8103=ORIENTED_EDGE('',*,*,#6079,.T.);
#8104=ORIENTED_EDGE('',*,*,#6080,.T.);
#8105=ORIENTED_EDGE('',*,*,#6081,.T.);
#8106=ORIENTED_EDGE('',*,*,#6082,.T.);
#8107=ORIENTED_EDGE('',*,*,#5937,.T.);
#8108=ORIENTED_EDGE('',*,*,#6083,.T.);
#8109=ORIENTED_EDGE('',*,*,#6084,.T.);
#8110=ORIENTED_EDGE('',*,*,#6085,.T.);
#8111=ORIENTED_EDGE('',*,*,#5941,.T.);
#8112=ORIENTED_EDGE('',*,*,#5940,.T.);
#8113=ORIENTED_EDGE('',*,*,#6086,.T.);
#8114=ORIENTED_EDGE('',*,*,#6087,.T.);
#8115=ORIENTED_EDGE('',*,*,#6088,.T.);
#8116=ORIENTED_EDGE('',*,*,#6089,.T.);
#8117=ORIENTED_EDGE('',*,*,#6090,.T.);
#8118=ORIENTED_EDGE('',*,*,#6091,.T.);
#8119=ORIENTED_EDGE('',*,*,#5947,.T.);
#8120=ORIENTED_EDGE('',*,*,#6092,.T.);
#8121=ORIENTED_EDGE('',*,*,#6093,.T.);
#8122=ORIENTED_EDGE('',*,*,#6094,.T.);
#8123=ORIENTED_EDGE('',*,*,#5951,.T.);
#8124=ORIENTED_EDGE('',*,*,#5950,.T.);
#8125=ORIENTED_EDGE('',*,*,#6095,.T.);
#8126=ORIENTED_EDGE('',*,*,#6096,.T.);
#8127=ORIENTED_EDGE('',*,*,#6097,.T.);
#8128=ORIENTED_EDGE('',*,*,#6098,.T.);
#8129=ORIENTED_EDGE('',*,*,#6099,.T.);
#8130=ORIENTED_EDGE('',*,*,#6100,.T.);
#8131=ORIENTED_EDGE('',*,*,#5957,.T.);
#8132=ORIENTED_EDGE('',*,*,#6101,.T.);
#8133=ORIENTED_EDGE('',*,*,#6102,.T.);
#8134=ORIENTED_EDGE('',*,*,#6103,.T.);
#8135=ORIENTED_EDGE('',*,*,#5961,.T.);
#8136=ORIENTED_EDGE('',*,*,#5960,.T.);
#8137=ORIENTED_EDGE('',*,*,#6104,.T.);
#8138=ORIENTED_EDGE('',*,*,#6105,.T.);
#8139=ORIENTED_EDGE('',*,*,#6106,.T.);
#8140=ORIENTED_EDGE('',*,*,#6107,.T.);
#8141=ORIENTED_EDGE('',*,*,#6108,.T.);
#8142=ORIENTED_EDGE('',*,*,#6109,.T.);
#8143=ORIENTED_EDGE('',*,*,#5967,.T.);
#8144=ORIENTED_EDGE('',*,*,#6110,.T.);
#8145=ORIENTED_EDGE('',*,*,#6111,.T.);
#8146=ORIENTED_EDGE('',*,*,#6112,.T.);
#8147=ORIENTED_EDGE('',*,*,#5971,.T.);
#8148=ORIENTED_EDGE('',*,*,#5970,.T.);
#8149=ORIENTED_EDGE('',*,*,#6113,.T.);
#8150=ORIENTED_EDGE('',*,*,#6114,.T.);
#8151=ORIENTED_EDGE('',*,*,#6115,.T.);
#8152=ORIENTED_EDGE('',*,*,#6116,.T.);
#8153=ORIENTED_EDGE('',*,*,#6117,.T.);
#8154=ORIENTED_EDGE('',*,*,#6118,.T.);
#8155=ORIENTED_EDGE('',*,*,#5977,.T.);
#8156=ORIENTED_EDGE('',*,*,#6119,.T.);
#8157=ORIENTED_EDGE('',*,*,#6120,.T.);
#8158=ORIENTED_EDGE('',*,*,#6121,.T.);
#8159=ORIENTED_EDGE('',*,*,#5981,.T.);
#8160=ORIENTED_EDGE('',*,*,#5980,.T.);
#8161=ORIENTED_EDGE('',*,*,#6122,.T.);
#8162=ORIENTED_EDGE('',*,*,#6123,.T.);
#8163=ORIENTED_EDGE('',*,*,#6124,.T.);
#8164=ORIENTED_EDGE('',*,*,#6125,.T.);
#8165=ORIENTED_EDGE('',*,*,#6126,.T.);
#8166=ORIENTED_EDGE('',*,*,#6127,.T.);
#8167=ORIENTED_EDGE('',*,*,#5987,.T.);
#8168=ORIENTED_EDGE('',*,*,#6128,.T.);
#8169=ORIENTED_EDGE('',*,*,#6129,.T.);
#8170=ORIENTED_EDGE('',*,*,#6130,.T.);
#8171=ORIENTED_EDGE('',*,*,#5991,.T.);
#8172=ORIENTED_EDGE('',*,*,#5990,.T.);
#8173=ORIENTED_EDGE('',*,*,#6131,.T.);
#8174=ORIENTED_EDGE('',*,*,#6132,.T.);
#8175=ORIENTED_EDGE('',*,*,#6133,.T.);
#8176=ORIENTED_EDGE('',*,*,#6134,.T.);
#8177=ORIENTED_EDGE('',*,*,#6135,.T.);
#8178=ORIENTED_EDGE('',*,*,#6136,.T.);
#8179=ORIENTED_EDGE('',*,*,#5997,.T.);
#8180=ORIENTED_EDGE('',*,*,#6137,.T.);
#8181=ORIENTED_EDGE('',*,*,#6138,.T.);
#8182=ORIENTED_EDGE('',*,*,#6139,.T.);
#8183=ORIENTED_EDGE('',*,*,#6001,.T.);
#8184=ORIENTED_EDGE('',*,*,#6000,.T.);
#8185=ORIENTED_EDGE('',*,*,#6140,.T.);
#8186=ORIENTED_EDGE('',*,*,#6141,.T.);
#8187=ORIENTED_EDGE('',*,*,#6142,.T.);
#8188=ORIENTED_EDGE('',*,*,#6143,.T.);
#8189=ORIENTED_EDGE('',*,*,#6144,.T.);
#8190=ORIENTED_EDGE('',*,*,#6145,.T.);
#8191=ORIENTED_EDGE('',*,*,#6007,.T.);
#8192=ORIENTED_EDGE('',*,*,#6146,.T.);
#8193=ORIENTED_EDGE('',*,*,#6147,.T.);
#8194=ORIENTED_EDGE('',*,*,#6148,.T.);
#8195=ORIENTED_EDGE('',*,*,#6011,.T.);
#8196=ORIENTED_EDGE('',*,*,#6010,.T.);
#8197=ORIENTED_EDGE('',*,*,#6149,.T.);
#8198=ORIENTED_EDGE('',*,*,#6150,.T.);
#8199=ORIENTED_EDGE('',*,*,#6151,.T.);
#8200=ORIENTED_EDGE('',*,*,#6152,.T.);
#8201=ORIENTED_EDGE('',*,*,#6153,.T.);
#8202=ORIENTED_EDGE('',*,*,#6154,.T.);
#8203=ORIENTED_EDGE('',*,*,#6017,.T.);
#8204=ORIENTED_EDGE('',*,*,#6155,.T.);
#8205=ORIENTED_EDGE('',*,*,#6156,.T.);
#8206=ORIENTED_EDGE('',*,*,#6157,.T.);
#8207=ORIENTED_EDGE('',*,*,#6021,.T.);
#8208=ORIENTED_EDGE('',*,*,#6020,.T.);
#8209=ORIENTED_EDGE('',*,*,#6158,.T.);
#8210=ORIENTED_EDGE('',*,*,#6159,.T.);
#8211=ORIENTED_EDGE('',*,*,#6160,.T.);
#8212=ORIENTED_EDGE('',*,*,#6161,.T.);
#8213=ORIENTED_EDGE('',*,*,#6162,.T.);
#8214=ORIENTED_EDGE('',*,*,#6163,.T.);
#8215=ORIENTED_EDGE('',*,*,#6027,.T.);
#8216=ORIENTED_EDGE('',*,*,#6164,.T.);
#8217=ORIENTED_EDGE('',*,*,#6165,.T.);
#8218=ORIENTED_EDGE('',*,*,#6166,.T.);
#8219=ORIENTED_EDGE('',*,*,#6031,.T.);
#8220=ORIENTED_EDGE('',*,*,#6030,.T.);
#8221=ORIENTED_EDGE('',*,*,#6167,.F.);
#8222=ORIENTED_EDGE('',*,*,#6168,.F.);
#8223=ORIENTED_EDGE('',*,*,#6169,.F.);
#8224=ORIENTED_EDGE('',*,*,#6170,.T.);
#8225=ORIENTED_EDGE('',*,*,#6171,.F.);
#8226=ORIENTED_EDGE('',*,*,#6172,.T.);
#8227=ORIENTED_EDGE('',*,*,#6173,.F.);
#8228=ORIENTED_EDGE('',*,*,#6174,.F.);
#8229=ORIENTED_EDGE('',*,*,#6175,.T.);
#8230=ORIENTED_EDGE('',*,*,#6176,.T.);
#8231=ORIENTED_EDGE('',*,*,#6177,.T.);
#8232=ORIENTED_EDGE('',*,*,#6178,.T.);
#8233=ORIENTED_EDGE('',*,*,#6179,.T.);
#8234=ORIENTED_EDGE('',*,*,#6180,.T.);
#8235=ORIENTED_EDGE('',*,*,#6181,.T.);
#8236=ORIENTED_EDGE('',*,*,#6182,.F.);
#8237=ORIENTED_EDGE('',*,*,#6183,.T.);
#8238=ORIENTED_EDGE('',*,*,#6184,.F.);
#8239=ORIENTED_EDGE('',*,*,#6185,.F.);
#8240=ORIENTED_EDGE('',*,*,#6186,.F.);
#8241=ORIENTED_EDGE('',*,*,#6187,.F.);
#8242=ORIENTED_EDGE('',*,*,#6188,.F.);
#8243=ORIENTED_EDGE('',*,*,#6189,.T.);
#8244=ORIENTED_EDGE('',*,*,#6190,.F.);
#8245=ORIENTED_EDGE('',*,*,#6191,.T.);
#8246=ORIENTED_EDGE('',*,*,#6192,.F.);
#8247=ORIENTED_EDGE('',*,*,#6193,.F.);
#8248=ORIENTED_EDGE('',*,*,#6194,.F.);
#8249=ORIENTED_EDGE('',*,*,#6195,.F.);
#8250=ORIENTED_EDGE('',*,*,#6196,.F.);
#8251=ORIENTED_EDGE('',*,*,#5876,.T.);
#8252=ORIENTED_EDGE('',*,*,#5873,.T.);
#8253=ORIENTED_EDGE('',*,*,#5870,.T.);
#8254=ORIENTED_EDGE('',*,*,#5867,.T.);
#8255=ORIENTED_EDGE('',*,*,#6040,.F.);
#8256=ORIENTED_EDGE('',*,*,#6197,.T.);
#8257=ORIENTED_EDGE('',*,*,#6198,.F.);
#8258=ORIENTED_EDGE('',*,*,#6199,.F.);
#8259=ORIENTED_EDGE('',*,*,#6197,.F.);
#8260=ORIENTED_EDGE('',*,*,#6200,.T.);
#8261=ORIENTED_EDGE('',*,*,#6201,.T.);
#8262=ORIENTED_EDGE('',*,*,#6198,.T.);
#8263=ORIENTED_EDGE('',*,*,#6199,.T.);
#8264=ORIENTED_EDGE('',*,*,#6201,.F.);
#8265=ORIENTED_EDGE('',*,*,#6200,.F.);
#8266=ORIENTED_EDGE('',*,*,#6202,.T.);
#8267=ORIENTED_EDGE('',*,*,#6203,.T.);
#8268=ORIENTED_EDGE('',*,*,#6204,.T.);
#8269=ORIENTED_EDGE('',*,*,#5895,.T.);
#8270=ORIENTED_EDGE('',*,*,#5899,.T.);
#8271=ORIENTED_EDGE('',*,*,#5903,.T.);
#8272=ORIENTED_EDGE('',*,*,#6205,.T.);
#8273=ORIENTED_EDGE('',*,*,#6206,.T.);
#8274=ORIENTED_EDGE('',*,*,#6207,.T.);
#8275=ORIENTED_EDGE('',*,*,#6208,.T.);
#8276=ORIENTED_EDGE('',*,*,#6209,.T.);
#8277=ORIENTED_EDGE('',*,*,#6210,.T.);
#8278=ORIENTED_EDGE('',*,*,#6211,.T.);
#8279=ORIENTED_EDGE('',*,*,#6212,.T.);
#8280=ORIENTED_EDGE('',*,*,#6213,.T.);
#8281=ORIENTED_EDGE('',*,*,#6025,.T.);
#8282=ORIENTED_EDGE('',*,*,#6029,.T.);
#8283=ORIENTED_EDGE('',*,*,#6033,.T.);
#8284=ORIENTED_EDGE('',*,*,#6214,.T.);
#8285=ORIENTED_EDGE('',*,*,#6215,.T.);
#8286=ORIENTED_EDGE('',*,*,#6216,.T.);
#8287=ORIENTED_EDGE('',*,*,#6217,.T.);
#8288=ORIENTED_EDGE('',*,*,#6218,.T.);
#8289=ORIENTED_EDGE('',*,*,#6219,.T.);
#8290=ORIENTED_EDGE('',*,*,#6220,.T.);
#8291=ORIENTED_EDGE('',*,*,#6221,.T.);
#8292=ORIENTED_EDGE('',*,*,#6222,.T.);
#8293=ORIENTED_EDGE('',*,*,#5955,.T.);
#8294=ORIENTED_EDGE('',*,*,#5959,.T.);
#8295=ORIENTED_EDGE('',*,*,#5963,.T.);
#8296=ORIENTED_EDGE('',*,*,#6223,.T.);
#8297=ORIENTED_EDGE('',*,*,#6224,.T.);
#8298=ORIENTED_EDGE('',*,*,#6225,.T.);
#8299=ORIENTED_EDGE('',*,*,#6035,.T.);
#8300=ORIENTED_EDGE('',*,*,#6038,.T.);
#8301=ORIENTED_EDGE('',*,*,#5883,.T.);
#8302=ORIENTED_EDGE('',*,*,#6226,.T.);
#8303=ORIENTED_EDGE('',*,*,#6227,.T.);
#8304=ORIENTED_EDGE('',*,*,#6228,.T.);
#8305=ORIENTED_EDGE('',*,*,#5965,.T.);
#8306=ORIENTED_EDGE('',*,*,#5969,.T.);
#8307=ORIENTED_EDGE('',*,*,#5973,.T.);
#8308=ORIENTED_EDGE('',*,*,#6229,.T.);
#8309=ORIENTED_EDGE('',*,*,#6230,.T.);
#8310=ORIENTED_EDGE('',*,*,#6231,.T.);
#8311=ORIENTED_EDGE('',*,*,#5995,.T.);
#8312=ORIENTED_EDGE('',*,*,#5999,.T.);
#8313=ORIENTED_EDGE('',*,*,#6003,.T.);
#8314=ORIENTED_EDGE('',*,*,#6232,.T.);
#8315=ORIENTED_EDGE('',*,*,#6233,.T.);
#8316=ORIENTED_EDGE('',*,*,#6234,.T.);
#8317=ORIENTED_EDGE('',*,*,#6235,.T.);
#8318=ORIENTED_EDGE('',*,*,#6236,.T.);
#8319=ORIENTED_EDGE('',*,*,#6237,.T.);
#8320=ORIENTED_EDGE('',*,*,#6238,.T.);
#8321=ORIENTED_EDGE('',*,*,#6239,.T.);
#8322=ORIENTED_EDGE('',*,*,#6240,.T.);
#8323=ORIENTED_EDGE('',*,*,#6241,.T.);
#8324=ORIENTED_EDGE('',*,*,#6242,.T.);
#8325=ORIENTED_EDGE('',*,*,#6243,.T.);
#8326=ORIENTED_EDGE('',*,*,#6244,.T.);
#8327=ORIENTED_EDGE('',*,*,#6245,.T.);
#8328=ORIENTED_EDGE('',*,*,#6246,.T.);
#8329=ORIENTED_EDGE('',*,*,#5905,.T.);
#8330=ORIENTED_EDGE('',*,*,#5909,.T.);
#8331=ORIENTED_EDGE('',*,*,#5913,.T.);
#8332=ORIENTED_EDGE('',*,*,#6247,.T.);
#8333=ORIENTED_EDGE('',*,*,#6248,.T.);
#8334=ORIENTED_EDGE('',*,*,#6249,.T.);
#8335=ORIENTED_EDGE('',*,*,#5975,.T.);
#8336=ORIENTED_EDGE('',*,*,#5979,.T.);
#8337=ORIENTED_EDGE('',*,*,#5983,.T.);
#8338=ORIENTED_EDGE('',*,*,#5949,.T.);
#8339=ORIENTED_EDGE('',*,*,#5953,.T.);
#8340=ORIENTED_EDGE('',*,*,#6250,.T.);
#8341=ORIENTED_EDGE('',*,*,#6251,.T.);
#8342=ORIENTED_EDGE('',*,*,#6252,.T.);
#8343=ORIENTED_EDGE('',*,*,#5945,.T.);
#8344=ORIENTED_EDGE('',*,*,#6253,.T.);
#8345=ORIENTED_EDGE('',*,*,#6254,.T.);
#8346=ORIENTED_EDGE('',*,*,#6255,.T.);
#8347=ORIENTED_EDGE('',*,*,#5925,.T.);
#8348=ORIENTED_EDGE('',*,*,#5929,.T.);
#8349=ORIENTED_EDGE('',*,*,#5933,.T.);
#8350=ORIENTED_EDGE('',*,*,#6256,.T.);
#8351=ORIENTED_EDGE('',*,*,#6257,.T.);
#8352=ORIENTED_EDGE('',*,*,#6258,.T.);
#8353=ORIENTED_EDGE('',*,*,#6259,.T.);
#8354=ORIENTED_EDGE('',*,*,#6260,.T.);
#8355=ORIENTED_EDGE('',*,*,#6261,.T.);
#8356=ORIENTED_EDGE('',*,*,#6262,.T.);
#8357=ORIENTED_EDGE('',*,*,#6263,.T.);
#8358=ORIENTED_EDGE('',*,*,#6264,.T.);
#8359=ORIENTED_EDGE('',*,*,#6265,.T.);
#8360=ORIENTED_EDGE('',*,*,#6266,.T.);
#8361=ORIENTED_EDGE('',*,*,#6267,.T.);
#8362=ORIENTED_EDGE('',*,*,#6268,.T.);
#8363=ORIENTED_EDGE('',*,*,#6269,.T.);
#8364=ORIENTED_EDGE('',*,*,#6270,.T.);
#8365=ORIENTED_EDGE('',*,*,#5885,.T.);
#8366=ORIENTED_EDGE('',*,*,#5889,.T.);
#8367=ORIENTED_EDGE('',*,*,#5893,.T.);
#8368=ORIENTED_EDGE('',*,*,#6271,.T.);
#8369=ORIENTED_EDGE('',*,*,#6272,.T.);
#8370=ORIENTED_EDGE('',*,*,#6273,.T.);
#8371=ORIENTED_EDGE('',*,*,#6274,.T.);
#8372=ORIENTED_EDGE('',*,*,#6275,.T.);
#8373=ORIENTED_EDGE('',*,*,#6276,.T.);
#8374=ORIENTED_EDGE('',*,*,#6277,.T.);
#8375=ORIENTED_EDGE('',*,*,#6278,.T.);
#8376=ORIENTED_EDGE('',*,*,#6279,.T.);
#8377=ORIENTED_EDGE('',*,*,#6280,.T.);
#8378=ORIENTED_EDGE('',*,*,#6281,.T.);
#8379=ORIENTED_EDGE('',*,*,#6282,.T.);
#8380=ORIENTED_EDGE('',*,*,#6283,.T.);
#8381=ORIENTED_EDGE('',*,*,#6284,.T.);
#8382=ORIENTED_EDGE('',*,*,#6285,.T.);
#8383=ORIENTED_EDGE('',*,*,#5985,.T.);
#8384=ORIENTED_EDGE('',*,*,#5989,.T.);
#8385=ORIENTED_EDGE('',*,*,#5993,.T.);
#8386=ORIENTED_EDGE('',*,*,#6286,.T.);
#8387=ORIENTED_EDGE('',*,*,#6287,.T.);
#8388=ORIENTED_EDGE('',*,*,#6288,.T.);
#8389=ORIENTED_EDGE('',*,*,#6015,.T.);
#8390=ORIENTED_EDGE('',*,*,#6019,.T.);
#8391=ORIENTED_EDGE('',*,*,#6023,.T.);
#8392=ORIENTED_EDGE('',*,*,#6289,.T.);
#8393=ORIENTED_EDGE('',*,*,#6290,.T.);
#8394=ORIENTED_EDGE('',*,*,#6291,.T.);
#8395=ORIENTED_EDGE('',*,*,#6292,.T.);
#8396=ORIENTED_EDGE('',*,*,#6293,.T.);
#8397=ORIENTED_EDGE('',*,*,#6294,.T.);
#8398=ORIENTED_EDGE('',*,*,#6295,.T.);
#8399=ORIENTED_EDGE('',*,*,#6296,.T.);
#8400=ORIENTED_EDGE('',*,*,#6297,.T.);
#8401=ORIENTED_EDGE('',*,*,#6298,.T.);
#8402=ORIENTED_EDGE('',*,*,#6299,.T.);
#8403=ORIENTED_EDGE('',*,*,#6300,.T.);
#8404=ORIENTED_EDGE('',*,*,#6301,.T.);
#8405=ORIENTED_EDGE('',*,*,#6302,.T.);
#8406=ORIENTED_EDGE('',*,*,#6303,.T.);
#8407=ORIENTED_EDGE('',*,*,#6304,.T.);
#8408=ORIENTED_EDGE('',*,*,#6305,.T.);
#8409=ORIENTED_EDGE('',*,*,#6306,.T.);
#8410=ORIENTED_EDGE('',*,*,#6307,.T.);
#8411=ORIENTED_EDGE('',*,*,#6308,.T.);
#8412=ORIENTED_EDGE('',*,*,#6309,.T.);
#8413=ORIENTED_EDGE('',*,*,#5915,.T.);
#8414=ORIENTED_EDGE('',*,*,#5919,.T.);
#8415=ORIENTED_EDGE('',*,*,#5923,.T.);
#8416=ORIENTED_EDGE('',*,*,#6310,.T.);
#8417=ORIENTED_EDGE('',*,*,#6311,.T.);
#8418=ORIENTED_EDGE('',*,*,#6312,.T.);
#8419=ORIENTED_EDGE('',*,*,#6313,.T.);
#8420=ORIENTED_EDGE('',*,*,#6314,.T.);
#8421=ORIENTED_EDGE('',*,*,#6315,.T.);
#8422=ORIENTED_EDGE('',*,*,#6316,.T.);
#8423=ORIENTED_EDGE('',*,*,#6317,.T.);
#8424=ORIENTED_EDGE('',*,*,#6318,.T.);
#8425=ORIENTED_EDGE('',*,*,#6005,.T.);
#8426=ORIENTED_EDGE('',*,*,#6009,.T.);
#8427=ORIENTED_EDGE('',*,*,#6013,.T.);
#8428=ORIENTED_EDGE('',*,*,#6319,.T.);
#8429=ORIENTED_EDGE('',*,*,#6320,.T.);
#8430=ORIENTED_EDGE('',*,*,#6321,.T.);
#8431=ORIENTED_EDGE('',*,*,#6322,.T.);
#8432=ORIENTED_EDGE('',*,*,#6323,.T.);
#8433=ORIENTED_EDGE('',*,*,#6324,.T.);
#8434=ORIENTED_EDGE('',*,*,#6325,.T.);
#8435=ORIENTED_EDGE('',*,*,#6326,.T.);
#8436=ORIENTED_EDGE('',*,*,#6327,.T.);
#8437=ORIENTED_EDGE('',*,*,#5935,.T.);
#8438=ORIENTED_EDGE('',*,*,#5939,.T.);
#8439=ORIENTED_EDGE('',*,*,#5943,.T.);
#8440=ORIENTED_EDGE('',*,*,#6328,.T.);
#8441=ORIENTED_EDGE('',*,*,#6329,.T.);
#8442=ORIENTED_EDGE('',*,*,#6330,.T.);
#8443=ORIENTED_EDGE('',*,*,#6331,.T.);
#8444=ORIENTED_EDGE('',*,*,#6332,.T.);
#8445=ORIENTED_EDGE('',*,*,#6333,.T.);
#8446=ORIENTED_EDGE('',*,*,#6334,.F.);
#8447=ORIENTED_EDGE('',*,*,#6335,.T.);
#8448=ORIENTED_EDGE('',*,*,#6336,.F.);
#8449=ORIENTED_EDGE('',*,*,#6337,.T.);
#8450=ORIENTED_EDGE('',*,*,#6338,.F.);
#8451=ORIENTED_EDGE('',*,*,#6339,.T.);
#8452=ORIENTED_EDGE('',*,*,#6340,.F.);
#8453=ORIENTED_EDGE('',*,*,#6341,.T.);
#8454=ORIENTED_EDGE('',*,*,#6342,.F.);
#8455=ORIENTED_EDGE('',*,*,#6343,.T.);
#8456=ORIENTED_EDGE('',*,*,#6344,.F.);
#8457=ORIENTED_EDGE('',*,*,#6345,.T.);
#8458=ORIENTED_EDGE('',*,*,#6346,.T.);
#8459=ORIENTED_EDGE('',*,*,#6347,.T.);
#8460=ORIENTED_EDGE('',*,*,#6348,.T.);
#8461=ORIENTED_EDGE('',*,*,#6349,.T.);
#8462=ORIENTED_EDGE('',*,*,#6334,.T.);
#8463=ORIENTED_EDGE('',*,*,#6350,.T.);
#8464=ORIENTED_EDGE('',*,*,#6351,.T.);
#8465=ORIENTED_EDGE('',*,*,#6348,.F.);
#8466=ORIENTED_EDGE('',*,*,#6352,.T.);
#8467=ORIENTED_EDGE('',*,*,#6353,.T.);
#8468=ORIENTED_EDGE('',*,*,#6354,.T.);
#8469=ORIENTED_EDGE('',*,*,#6350,.F.);
#8470=ORIENTED_EDGE('',*,*,#6355,.T.);
#8471=ORIENTED_EDGE('',*,*,#6356,.T.);
#8472=ORIENTED_EDGE('',*,*,#6357,.T.);
#8473=ORIENTED_EDGE('',*,*,#6353,.F.);
#8474=ORIENTED_EDGE('',*,*,#6358,.T.);
#8475=ORIENTED_EDGE('',*,*,#6359,.T.);
#8476=ORIENTED_EDGE('',*,*,#6360,.T.);
#8477=ORIENTED_EDGE('',*,*,#6356,.F.);
#8478=ORIENTED_EDGE('',*,*,#6361,.T.);
#8479=ORIENTED_EDGE('',*,*,#6362,.T.);
#8480=ORIENTED_EDGE('',*,*,#6363,.T.);
#8481=ORIENTED_EDGE('',*,*,#6359,.F.);
#8482=ORIENTED_EDGE('',*,*,#6364,.T.);
#8483=ORIENTED_EDGE('',*,*,#6365,.T.);
#8484=ORIENTED_EDGE('',*,*,#6366,.T.);
#8485=ORIENTED_EDGE('',*,*,#6362,.F.);
#8486=ORIENTED_EDGE('',*,*,#6367,.T.);
#8487=ORIENTED_EDGE('',*,*,#6368,.T.);
#8488=ORIENTED_EDGE('',*,*,#6369,.T.);
#8489=ORIENTED_EDGE('',*,*,#6365,.F.);
#8490=ORIENTED_EDGE('',*,*,#6370,.T.);
#8491=ORIENTED_EDGE('',*,*,#6344,.T.);
#8492=ORIENTED_EDGE('',*,*,#6371,.T.);
#8493=ORIENTED_EDGE('',*,*,#6368,.F.);
#8494=ORIENTED_EDGE('',*,*,#6372,.T.);
#8495=ORIENTED_EDGE('',*,*,#6373,.T.);
#8496=ORIENTED_EDGE('',*,*,#6349,.F.);
#8497=ORIENTED_EDGE('',*,*,#6374,.T.);
#8498=ORIENTED_EDGE('',*,*,#6375,.F.);
#8499=ORIENTED_EDGE('',*,*,#6335,.F.);
#8500=ORIENTED_EDGE('',*,*,#6351,.F.);
#8501=ORIENTED_EDGE('',*,*,#6354,.F.);
#8502=ORIENTED_EDGE('',*,*,#6357,.F.);
#8503=ORIENTED_EDGE('',*,*,#6360,.F.);
#8504=ORIENTED_EDGE('',*,*,#6363,.F.);
#8505=ORIENTED_EDGE('',*,*,#6366,.F.);
#8506=ORIENTED_EDGE('',*,*,#6369,.F.);
#8507=ORIENTED_EDGE('',*,*,#6376,.F.);
#8508=ORIENTED_EDGE('',*,*,#6377,.F.);
#8509=ORIENTED_EDGE('',*,*,#6378,.F.);
#8510=ORIENTED_EDGE('',*,*,#6379,.F.);
#8511=ORIENTED_EDGE('',*,*,#6380,.F.);
#8512=ORIENTED_EDGE('',*,*,#6381,.F.);
#8513=ORIENTED_EDGE('',*,*,#6382,.F.);
#8514=ORIENTED_EDGE('',*,*,#6383,.F.);
#8515=ORIENTED_EDGE('',*,*,#6384,.F.);
#8516=ORIENTED_EDGE('',*,*,#6385,.F.);
#8517=ORIENTED_EDGE('',*,*,#6386,.F.);
#8518=ORIENTED_EDGE('',*,*,#6387,.F.);
#8519=ORIENTED_EDGE('',*,*,#6388,.F.);
#8520=ORIENTED_EDGE('',*,*,#6389,.F.);
#8521=ORIENTED_EDGE('',*,*,#6390,.F.);
#8522=ORIENTED_EDGE('',*,*,#6391,.F.);
#8523=ORIENTED_EDGE('',*,*,#6374,.F.);
#8524=ORIENTED_EDGE('',*,*,#5877,.T.);
#8525=ORIENTED_EDGE('',*,*,#5874,.T.);
#8526=ORIENTED_EDGE('',*,*,#5871,.T.);
#8527=ORIENTED_EDGE('',*,*,#5868,.T.);
#8528=ORIENTED_EDGE('',*,*,#5865,.T.);
#8529=ORIENTED_EDGE('',*,*,#6371,.F.);
#8530=ORIENTED_EDGE('',*,*,#6343,.F.);
#8531=ORIENTED_EDGE('',*,*,#6392,.F.);
#8532=ORIENTED_EDGE('',*,*,#6376,.T.);
#8533=ORIENTED_EDGE('',*,*,#6393,.T.);
#8534=ORIENTED_EDGE('',*,*,#6394,.T.);
#8535=ORIENTED_EDGE('',*,*,#6395,.T.);
#8536=ORIENTED_EDGE('',*,*,#6396,.T.);
#8537=ORIENTED_EDGE('',*,*,#6338,.T.);
#8538=ORIENTED_EDGE('',*,*,#6397,.T.);
#8539=ORIENTED_EDGE('',*,*,#6385,.T.);
#8540=ORIENTED_EDGE('',*,*,#6395,.F.);
#8541=ORIENTED_EDGE('',*,*,#6398,.T.);
#8542=ORIENTED_EDGE('',*,*,#6399,.T.);
#8543=ORIENTED_EDGE('',*,*,#6386,.T.);
#8544=ORIENTED_EDGE('',*,*,#6397,.F.);
#8545=ORIENTED_EDGE('',*,*,#6400,.T.);
#8546=ORIENTED_EDGE('',*,*,#6401,.T.);
#8547=ORIENTED_EDGE('',*,*,#6387,.T.);
#8548=ORIENTED_EDGE('',*,*,#6399,.F.);
#8549=ORIENTED_EDGE('',*,*,#6402,.T.);
#8550=ORIENTED_EDGE('',*,*,#6403,.T.);
#8551=ORIENTED_EDGE('',*,*,#6388,.T.);
#8552=ORIENTED_EDGE('',*,*,#6401,.F.);
#8553=ORIENTED_EDGE('',*,*,#6404,.T.);
#8554=ORIENTED_EDGE('',*,*,#6405,.T.);
#8555=ORIENTED_EDGE('',*,*,#6389,.T.);
#8556=ORIENTED_EDGE('',*,*,#6403,.F.);
#8557=ORIENTED_EDGE('',*,*,#6406,.T.);
#8558=ORIENTED_EDGE('',*,*,#6407,.T.);
#8559=ORIENTED_EDGE('',*,*,#6390,.T.);
#8560=ORIENTED_EDGE('',*,*,#6405,.F.);
#8561=ORIENTED_EDGE('',*,*,#6408,.T.);
#8562=ORIENTED_EDGE('',*,*,#6409,.T.);
#8563=ORIENTED_EDGE('',*,*,#6391,.T.);
#8564=ORIENTED_EDGE('',*,*,#6407,.F.);
#8565=ORIENTED_EDGE('',*,*,#6410,.T.);
#8566=ORIENTED_EDGE('',*,*,#6336,.T.);
#8567=ORIENTED_EDGE('',*,*,#6375,.T.);
#8568=ORIENTED_EDGE('',*,*,#6409,.F.);
#8569=ORIENTED_EDGE('',*,*,#6411,.T.);
#8570=ORIENTED_EDGE('',*,*,#6412,.T.);
#8571=ORIENTED_EDGE('',*,*,#6396,.F.);
#8572=ORIENTED_EDGE('',*,*,#6384,.T.);
#8573=ORIENTED_EDGE('',*,*,#6413,.F.);
#8574=ORIENTED_EDGE('',*,*,#6339,.F.);
#8575=ORIENTED_EDGE('',*,*,#6414,.T.);
#8576=ORIENTED_EDGE('',*,*,#6415,.T.);
#8577=ORIENTED_EDGE('',*,*,#6416,.T.);
#8578=ORIENTED_EDGE('',*,*,#6392,.T.);
#8579=ORIENTED_EDGE('',*,*,#6342,.T.);
#8580=ORIENTED_EDGE('',*,*,#6417,.T.);
#8581=ORIENTED_EDGE('',*,*,#6377,.T.);
#8582=ORIENTED_EDGE('',*,*,#6416,.F.);
#8583=ORIENTED_EDGE('',*,*,#6418,.T.);
#8584=ORIENTED_EDGE('',*,*,#6419,.T.);
#8585=ORIENTED_EDGE('',*,*,#6378,.T.);
#8586=ORIENTED_EDGE('',*,*,#6417,.F.);
#8587=ORIENTED_EDGE('',*,*,#6420,.T.);
#8588=ORIENTED_EDGE('',*,*,#6421,.T.);
#8589=ORIENTED_EDGE('',*,*,#6379,.T.);
#8590=ORIENTED_EDGE('',*,*,#6419,.F.);
#8591=ORIENTED_EDGE('',*,*,#6422,.T.);
#8592=ORIENTED_EDGE('',*,*,#6423,.T.);
#8593=ORIENTED_EDGE('',*,*,#6380,.T.);
#8594=ORIENTED_EDGE('',*,*,#6421,.F.);
#8595=ORIENTED_EDGE('',*,*,#6424,.T.);
#8596=ORIENTED_EDGE('',*,*,#6425,.T.);
#8597=ORIENTED_EDGE('',*,*,#6381,.T.);
#8598=ORIENTED_EDGE('',*,*,#6423,.F.);
#8599=ORIENTED_EDGE('',*,*,#6426,.T.);
#8600=ORIENTED_EDGE('',*,*,#6427,.T.);
#8601=ORIENTED_EDGE('',*,*,#6382,.T.);
#8602=ORIENTED_EDGE('',*,*,#6425,.F.);
#8603=ORIENTED_EDGE('',*,*,#6428,.T.);
#8604=ORIENTED_EDGE('',*,*,#6429,.T.);
#8605=ORIENTED_EDGE('',*,*,#6383,.T.);
#8606=ORIENTED_EDGE('',*,*,#6427,.F.);
#8607=ORIENTED_EDGE('',*,*,#6430,.T.);
#8608=ORIENTED_EDGE('',*,*,#6340,.T.);
#8609=ORIENTED_EDGE('',*,*,#6413,.T.);
#8610=ORIENTED_EDGE('',*,*,#6429,.F.);
#8611=ORIENTED_EDGE('',*,*,#6431,.T.);
#8612=ORIENTED_EDGE('',*,*,#6432,.T.);
#8613=ORIENTED_EDGE('',*,*,#6393,.F.);
#8614=ORIENTED_EDGE('',*,*,#6337,.F.);
#8615=ORIENTED_EDGE('',*,*,#6412,.F.);
#8616=ORIENTED_EDGE('',*,*,#6433,.T.);
#8617=ORIENTED_EDGE('',*,*,#6195,.T.);
#8618=ORIENTED_EDGE('',*,*,#6434,.F.);
#8619=ORIENTED_EDGE('',*,*,#6346,.F.);
#8620=ORIENTED_EDGE('',*,*,#6345,.F.);
#8621=ORIENTED_EDGE('',*,*,#6373,.F.);
#8622=ORIENTED_EDGE('',*,*,#6435,.T.);
#8623=ORIENTED_EDGE('',*,*,#6168,.T.);
#8624=ORIENTED_EDGE('',*,*,#6436,.F.);
#8625=ORIENTED_EDGE('',*,*,#6414,.F.);
#8626=ORIENTED_EDGE('',*,*,#6341,.F.);
#8627=ORIENTED_EDGE('',*,*,#6432,.F.);
#8628=ORIENTED_EDGE('',*,*,#6437,.T.);
#8629=ORIENTED_EDGE('',*,*,#6187,.T.);
#8630=ORIENTED_EDGE('',*,*,#6438,.F.);
#8631=ORIENTED_EDGE('',*,*,#6430,.F.);
#8632=ORIENTED_EDGE('',*,*,#6439,.T.);
#8633=ORIENTED_EDGE('',*,*,#6188,.T.);
#8634=ORIENTED_EDGE('',*,*,#6437,.F.);
#8635=ORIENTED_EDGE('',*,*,#6431,.F.);
#8636=ORIENTED_EDGE('',*,*,#6428,.F.);
#8637=ORIENTED_EDGE('',*,*,#6440,.F.);
#8638=ORIENTED_EDGE('',*,*,#6181,.F.);
#8639=ORIENTED_EDGE('',*,*,#6439,.F.);
#8640=ORIENTED_EDGE('',*,*,#6394,.F.);
#8641=ORIENTED_EDGE('',*,*,#6434,.T.);
#8642=ORIENTED_EDGE('',*,*,#6194,.T.);
#8643=ORIENTED_EDGE('',*,*,#6441,.T.);
#8644=ORIENTED_EDGE('',*,*,#6398,.F.);
#8645=ORIENTED_EDGE('',*,*,#6410,.F.);
#8646=ORIENTED_EDGE('',*,*,#6442,.T.);
#8647=ORIENTED_EDGE('',*,*,#6196,.T.);
#8648=ORIENTED_EDGE('',*,*,#6433,.F.);
#8649=ORIENTED_EDGE('',*,*,#6411,.F.);
#8650=ORIENTED_EDGE('',*,*,#6408,.F.);
#8651=ORIENTED_EDGE('',*,*,#6443,.F.);
#8652=ORIENTED_EDGE('',*,*,#6189,.F.);
#8653=ORIENTED_EDGE('',*,*,#6442,.F.);
#8654=ORIENTED_EDGE('',*,*,#6347,.F.);
#8655=ORIENTED_EDGE('',*,*,#6436,.T.);
#8656=ORIENTED_EDGE('',*,*,#6167,.T.);
#8657=ORIENTED_EDGE('',*,*,#6444,.T.);
#8658=ORIENTED_EDGE('',*,*,#6352,.F.);
#8659=ORIENTED_EDGE('',*,*,#6370,.F.);
#8660=ORIENTED_EDGE('',*,*,#6445,.T.);
#8661=ORIENTED_EDGE('',*,*,#6169,.T.);
#8662=ORIENTED_EDGE('',*,*,#6435,.F.);
#8663=ORIENTED_EDGE('',*,*,#6372,.F.);
#8664=ORIENTED_EDGE('',*,*,#6367,.F.);
#8665=ORIENTED_EDGE('',*,*,#6446,.F.);
#8666=ORIENTED_EDGE('',*,*,#6170,.F.);
#8667=ORIENTED_EDGE('',*,*,#6445,.F.);
#8668=ORIENTED_EDGE('',*,*,#6415,.F.);
#8669=ORIENTED_EDGE('',*,*,#6438,.T.);
#8670=ORIENTED_EDGE('',*,*,#6186,.T.);
#8671=ORIENTED_EDGE('',*,*,#6447,.T.);
#8672=ORIENTED_EDGE('',*,*,#6418,.F.);
#8673=ORIENTED_EDGE('',*,*,#6420,.F.);
#8674=ORIENTED_EDGE('',*,*,#6447,.F.);
#8675=ORIENTED_EDGE('',*,*,#6185,.T.);
#8676=ORIENTED_EDGE('',*,*,#6448,.F.);
#8677=ORIENTED_EDGE('',*,*,#6449,.T.);
#8678=ORIENTED_EDGE('',*,*,#6065,.F.);
#8679=ORIENTED_EDGE('',*,*,#5916,.T.);
#8680=ORIENTED_EDGE('',*,*,#6309,.F.);
#8681=ORIENTED_EDGE('',*,*,#6450,.T.);
#8682=ORIENTED_EDGE('',*,*,#6066,.F.);
#8683=ORIENTED_EDGE('',*,*,#6449,.F.);
#8684=ORIENTED_EDGE('',*,*,#6308,.F.);
#8685=ORIENTED_EDGE('',*,*,#5922,.T.);
#8686=ORIENTED_EDGE('',*,*,#6067,.F.);
#8687=ORIENTED_EDGE('',*,*,#6450,.F.);
#8688=ORIENTED_EDGE('',*,*,#6307,.F.);
#8689=ORIENTED_EDGE('',*,*,#6451,.T.);
#8690=ORIENTED_EDGE('',*,*,#6044,.F.);
#8691=ORIENTED_EDGE('',*,*,#6036,.T.);
#8692=ORIENTED_EDGE('',*,*,#6225,.F.);
#8693=ORIENTED_EDGE('',*,*,#6452,.T.);
#8694=ORIENTED_EDGE('',*,*,#6045,.F.);
#8695=ORIENTED_EDGE('',*,*,#6451,.F.);
#8696=ORIENTED_EDGE('',*,*,#6224,.F.);
#8697=ORIENTED_EDGE('',*,*,#5882,.T.);
#8698=ORIENTED_EDGE('',*,*,#6046,.F.);
#8699=ORIENTED_EDGE('',*,*,#6452,.F.);
#8700=ORIENTED_EDGE('',*,*,#6223,.F.);
#8701=ORIENTED_EDGE('',*,*,#6453,.T.);
#8702=ORIENTED_EDGE('',*,*,#6080,.F.);
#8703=ORIENTED_EDGE('',*,*,#6454,.T.);
#8704=ORIENTED_EDGE('',*,*,#6303,.F.);
#8705=ORIENTED_EDGE('',*,*,#6455,.T.);
#8706=ORIENTED_EDGE('',*,*,#6081,.F.);
#8707=ORIENTED_EDGE('',*,*,#6453,.F.);
#8708=ORIENTED_EDGE('',*,*,#6302,.F.);
#8709=ORIENTED_EDGE('',*,*,#6456,.T.);
#8710=ORIENTED_EDGE('',*,*,#6082,.F.);
#8711=ORIENTED_EDGE('',*,*,#6455,.F.);
#8712=ORIENTED_EDGE('',*,*,#6301,.F.);
#8713=ORIENTED_EDGE('',*,*,#6077,.F.);
#8714=ORIENTED_EDGE('',*,*,#6456,.F.);
#8715=ORIENTED_EDGE('',*,*,#6306,.F.);
#8716=ORIENTED_EDGE('',*,*,#6457,.T.);
#8717=ORIENTED_EDGE('',*,*,#6457,.F.);
#8718=ORIENTED_EDGE('',*,*,#6305,.F.);
#8719=ORIENTED_EDGE('',*,*,#6458,.T.);
#8720=ORIENTED_EDGE('',*,*,#6078,.F.);
#8721=ORIENTED_EDGE('',*,*,#6458,.F.);
#8722=ORIENTED_EDGE('',*,*,#6304,.F.);
#8723=ORIENTED_EDGE('',*,*,#6454,.F.);
#8724=ORIENTED_EDGE('',*,*,#6079,.F.);
#8725=ORIENTED_EDGE('',*,*,#6459,.T.);
#8726=ORIENTED_EDGE('',*,*,#6116,.F.);
#8727=ORIENTED_EDGE('',*,*,#6460,.T.);
#8728=ORIENTED_EDGE('',*,*,#6207,.F.);
#8729=ORIENTED_EDGE('',*,*,#6461,.T.);
#8730=ORIENTED_EDGE('',*,*,#6117,.F.);
#8731=ORIENTED_EDGE('',*,*,#6459,.F.);
#8732=ORIENTED_EDGE('',*,*,#6206,.F.);
#8733=ORIENTED_EDGE('',*,*,#6462,.T.);
#8734=ORIENTED_EDGE('',*,*,#6118,.F.);
#8735=ORIENTED_EDGE('',*,*,#6461,.F.);
#8736=ORIENTED_EDGE('',*,*,#6205,.F.);
#8737=ORIENTED_EDGE('',*,*,#6113,.F.);
#8738=ORIENTED_EDGE('',*,*,#6462,.F.);
#8739=ORIENTED_EDGE('',*,*,#6210,.F.);
#8740=ORIENTED_EDGE('',*,*,#6463,.T.);
#8741=ORIENTED_EDGE('',*,*,#6463,.F.);
#8742=ORIENTED_EDGE('',*,*,#6209,.F.);
#8743=ORIENTED_EDGE('',*,*,#6464,.T.);
#8744=ORIENTED_EDGE('',*,*,#6114,.F.);
#8745=ORIENTED_EDGE('',*,*,#6464,.F.);
#8746=ORIENTED_EDGE('',*,*,#6208,.F.);
#8747=ORIENTED_EDGE('',*,*,#6460,.F.);
#8748=ORIENTED_EDGE('',*,*,#6115,.F.);
#8749=ORIENTED_EDGE('',*,*,#6465,.T.);
#8750=ORIENTED_EDGE('',*,*,#6152,.F.);
#8751=ORIENTED_EDGE('',*,*,#6466,.T.);
#8752=ORIENTED_EDGE('',*,*,#6330,.F.);
#8753=ORIENTED_EDGE('',*,*,#6467,.T.);
#8754=ORIENTED_EDGE('',*,*,#6153,.F.);
#8755=ORIENTED_EDGE('',*,*,#6465,.F.);
#8756=ORIENTED_EDGE('',*,*,#6329,.F.);
#8757=ORIENTED_EDGE('',*,*,#6468,.T.);
#8758=ORIENTED_EDGE('',*,*,#6154,.F.);
#8759=ORIENTED_EDGE('',*,*,#6467,.F.);
#8760=ORIENTED_EDGE('',*,*,#6328,.F.);
#8761=ORIENTED_EDGE('',*,*,#6149,.F.);
#8762=ORIENTED_EDGE('',*,*,#6468,.F.);
#8763=ORIENTED_EDGE('',*,*,#6333,.F.);
#8764=ORIENTED_EDGE('',*,*,#6469,.T.);
#8765=ORIENTED_EDGE('',*,*,#6469,.F.);
#8766=ORIENTED_EDGE('',*,*,#6332,.F.);
#8767=ORIENTED_EDGE('',*,*,#6470,.T.);
#8768=ORIENTED_EDGE('',*,*,#6150,.F.);
#8769=ORIENTED_EDGE('',*,*,#6470,.F.);
#8770=ORIENTED_EDGE('',*,*,#6331,.F.);
#8771=ORIENTED_EDGE('',*,*,#6466,.F.);
#8772=ORIENTED_EDGE('',*,*,#6151,.F.);
#8773=ORIENTED_EDGE('',*,*,#6471,.T.);
#8774=ORIENTED_EDGE('',*,*,#6155,.F.);
#8775=ORIENTED_EDGE('',*,*,#6016,.T.);
#8776=ORIENTED_EDGE('',*,*,#6288,.F.);
#8777=ORIENTED_EDGE('',*,*,#6472,.T.);
#8778=ORIENTED_EDGE('',*,*,#6156,.F.);
#8779=ORIENTED_EDGE('',*,*,#6471,.F.);
#8780=ORIENTED_EDGE('',*,*,#6287,.F.);
#8781=ORIENTED_EDGE('',*,*,#6022,.T.);
#8782=ORIENTED_EDGE('',*,*,#6157,.F.);
#8783=ORIENTED_EDGE('',*,*,#6472,.F.);
#8784=ORIENTED_EDGE('',*,*,#6286,.F.);
#8785=ORIENTED_EDGE('',*,*,#6473,.T.);
#8786=ORIENTED_EDGE('',*,*,#6119,.F.);
#8787=ORIENTED_EDGE('',*,*,#5976,.T.);
#8788=ORIENTED_EDGE('',*,*,#6249,.F.);
#8789=ORIENTED_EDGE('',*,*,#6474,.T.);
#8790=ORIENTED_EDGE('',*,*,#6120,.F.);
#8791=ORIENTED_EDGE('',*,*,#6473,.F.);
#8792=ORIENTED_EDGE('',*,*,#6248,.F.);
#8793=ORIENTED_EDGE('',*,*,#5982,.T.);
#8794=ORIENTED_EDGE('',*,*,#6121,.F.);
#8795=ORIENTED_EDGE('',*,*,#6474,.F.);
#8796=ORIENTED_EDGE('',*,*,#6247,.F.);
#8797=ORIENTED_EDGE('',*,*,#5952,.T.);
#8798=ORIENTED_EDGE('',*,*,#6094,.F.);
#8799=ORIENTED_EDGE('',*,*,#6475,.T.);
#8800=ORIENTED_EDGE('',*,*,#6250,.F.);
#8801=ORIENTED_EDGE('',*,*,#6476,.T.);
#8802=ORIENTED_EDGE('',*,*,#6092,.F.);
#8803=ORIENTED_EDGE('',*,*,#5946,.F.);
#8804=ORIENTED_EDGE('',*,*,#6252,.F.);
#8805=ORIENTED_EDGE('',*,*,#6475,.F.);
#8806=ORIENTED_EDGE('',*,*,#6093,.F.);
#8807=ORIENTED_EDGE('',*,*,#6476,.F.);
#8808=ORIENTED_EDGE('',*,*,#6251,.F.);
#8809=ORIENTED_EDGE('',*,*,#6477,.T.);
#8810=ORIENTED_EDGE('',*,*,#6128,.F.);
#8811=ORIENTED_EDGE('',*,*,#5986,.T.);
#8812=ORIENTED_EDGE('',*,*,#6285,.F.);
#8813=ORIENTED_EDGE('',*,*,#6478,.T.);
#8814=ORIENTED_EDGE('',*,*,#6129,.F.);
#8815=ORIENTED_EDGE('',*,*,#6477,.F.);
#8816=ORIENTED_EDGE('',*,*,#6284,.F.);
#8817=ORIENTED_EDGE('',*,*,#5992,.T.);
#8818=ORIENTED_EDGE('',*,*,#6130,.F.);
#8819=ORIENTED_EDGE('',*,*,#6478,.F.);
#8820=ORIENTED_EDGE('',*,*,#6283,.F.);
#8821=ORIENTED_EDGE('',*,*,#6479,.T.);
#8822=ORIENTED_EDGE('',*,*,#6164,.F.);
#8823=ORIENTED_EDGE('',*,*,#6026,.T.);
#8824=ORIENTED_EDGE('',*,*,#6213,.F.);
#8825=ORIENTED_EDGE('',*,*,#6480,.T.);
#8826=ORIENTED_EDGE('',*,*,#6165,.F.);
#8827=ORIENTED_EDGE('',*,*,#6479,.F.);
#8828=ORIENTED_EDGE('',*,*,#6212,.F.);
#8829=ORIENTED_EDGE('',*,*,#6032,.T.);
#8830=ORIENTED_EDGE('',*,*,#6166,.F.);
#8831=ORIENTED_EDGE('',*,*,#6480,.F.);
#8832=ORIENTED_EDGE('',*,*,#6211,.F.);
#8833=ORIENTED_EDGE('',*,*,#6481,.T.);
#8834=ORIENTED_EDGE('',*,*,#6143,.F.);
#8835=ORIENTED_EDGE('',*,*,#6482,.T.);
#8836=ORIENTED_EDGE('',*,*,#6240,.F.);
#8837=ORIENTED_EDGE('',*,*,#6483,.T.);
#8838=ORIENTED_EDGE('',*,*,#6144,.F.);
#8839=ORIENTED_EDGE('',*,*,#6481,.F.);
#8840=ORIENTED_EDGE('',*,*,#6239,.F.);
#8841=ORIENTED_EDGE('',*,*,#6484,.T.);
#8842=ORIENTED_EDGE('',*,*,#6145,.F.);
#8843=ORIENTED_EDGE('',*,*,#6483,.F.);
#8844=ORIENTED_EDGE('',*,*,#6238,.F.);
#8845=ORIENTED_EDGE('',*,*,#6140,.F.);
#8846=ORIENTED_EDGE('',*,*,#6484,.F.);
#8847=ORIENTED_EDGE('',*,*,#6243,.F.);
#8848=ORIENTED_EDGE('',*,*,#6485,.T.);
#8849=ORIENTED_EDGE('',*,*,#6485,.F.);
#8850=ORIENTED_EDGE('',*,*,#6242,.F.);
#8851=ORIENTED_EDGE('',*,*,#6486,.T.);
#8852=ORIENTED_EDGE('',*,*,#6141,.F.);
#8853=ORIENTED_EDGE('',*,*,#6486,.F.);
#8854=ORIENTED_EDGE('',*,*,#6241,.F.);
#8855=ORIENTED_EDGE('',*,*,#6482,.F.);
#8856=ORIENTED_EDGE('',*,*,#6142,.F.);
#8857=ORIENTED_EDGE('',*,*,#6487,.T.);
#8858=ORIENTED_EDGE('',*,*,#6107,.F.);
#8859=ORIENTED_EDGE('',*,*,#6488,.T.);
#8860=ORIENTED_EDGE('',*,*,#6273,.F.);
#8861=ORIENTED_EDGE('',*,*,#6489,.T.);
#8862=ORIENTED_EDGE('',*,*,#6108,.F.);
#8863=ORIENTED_EDGE('',*,*,#6487,.F.);
#8864=ORIENTED_EDGE('',*,*,#6272,.F.);
#8865=ORIENTED_EDGE('',*,*,#6490,.T.);
#8866=ORIENTED_EDGE('',*,*,#6109,.F.);
#8867=ORIENTED_EDGE('',*,*,#6489,.F.);
#8868=ORIENTED_EDGE('',*,*,#6271,.F.);
#8869=ORIENTED_EDGE('',*,*,#6104,.F.);
#8870=ORIENTED_EDGE('',*,*,#6490,.F.);
#8871=ORIENTED_EDGE('',*,*,#6276,.F.);
#8872=ORIENTED_EDGE('',*,*,#6491,.T.);
#8873=ORIENTED_EDGE('',*,*,#6491,.F.);
#8874=ORIENTED_EDGE('',*,*,#6275,.F.);
#8875=ORIENTED_EDGE('',*,*,#6492,.T.);
#8876=ORIENTED_EDGE('',*,*,#6105,.F.);
#8877=ORIENTED_EDGE('',*,*,#6492,.F.);
#8878=ORIENTED_EDGE('',*,*,#6274,.F.);
#8879=ORIENTED_EDGE('',*,*,#6488,.F.);
#8880=ORIENTED_EDGE('',*,*,#6106,.F.);
#8881=ORIENTED_EDGE('',*,*,#6493,.T.);
#8882=ORIENTED_EDGE('',*,*,#6071,.F.);
#8883=ORIENTED_EDGE('',*,*,#6494,.T.);
#8884=ORIENTED_EDGE('',*,*,#6216,.F.);
#8885=ORIENTED_EDGE('',*,*,#6495,.T.);
#8886=ORIENTED_EDGE('',*,*,#6072,.F.);
#8887=ORIENTED_EDGE('',*,*,#6493,.F.);
#8888=ORIENTED_EDGE('',*,*,#6215,.F.);
#8889=ORIENTED_EDGE('',*,*,#6496,.T.);
#8890=ORIENTED_EDGE('',*,*,#6073,.F.);
#8891=ORIENTED_EDGE('',*,*,#6495,.F.);
#8892=ORIENTED_EDGE('',*,*,#6214,.F.);
#8893=ORIENTED_EDGE('',*,*,#6068,.F.);
#8894=ORIENTED_EDGE('',*,*,#6496,.F.);
#8895=ORIENTED_EDGE('',*,*,#6219,.F.);
#8896=ORIENTED_EDGE('',*,*,#6497,.T.);
#8897=ORIENTED_EDGE('',*,*,#6497,.F.);
#8898=ORIENTED_EDGE('',*,*,#6218,.F.);
#8899=ORIENTED_EDGE('',*,*,#6498,.T.);
#8900=ORIENTED_EDGE('',*,*,#6069,.F.);
#8901=ORIENTED_EDGE('',*,*,#6498,.F.);
#8902=ORIENTED_EDGE('',*,*,#6217,.F.);
#8903=ORIENTED_EDGE('',*,*,#6494,.F.);
#8904=ORIENTED_EDGE('',*,*,#6070,.F.);
#8905=ORIENTED_EDGE('',*,*,#6499,.T.);
#8906=ORIENTED_EDGE('',*,*,#6041,.F.);
#8907=ORIENTED_EDGE('',*,*,#5886,.T.);
#8908=ORIENTED_EDGE('',*,*,#6270,.F.);
#8909=ORIENTED_EDGE('',*,*,#6500,.T.);
#8910=ORIENTED_EDGE('',*,*,#6042,.F.);
#8911=ORIENTED_EDGE('',*,*,#6499,.F.);
#8912=ORIENTED_EDGE('',*,*,#6269,.F.);
#8913=ORIENTED_EDGE('',*,*,#5892,.T.);
#8914=ORIENTED_EDGE('',*,*,#6043,.F.);
#8915=ORIENTED_EDGE('',*,*,#6500,.F.);
#8916=ORIENTED_EDGE('',*,*,#6268,.F.);
#8917=ORIENTED_EDGE('',*,*,#6501,.T.);
#8918=ORIENTED_EDGE('',*,*,#6074,.F.);
#8919=ORIENTED_EDGE('',*,*,#5926,.T.);
#8920=ORIENTED_EDGE('',*,*,#6255,.F.);
#8921=ORIENTED_EDGE('',*,*,#6502,.T.);
#8922=ORIENTED_EDGE('',*,*,#6075,.F.);
#8923=ORIENTED_EDGE('',*,*,#6501,.F.);
#8924=ORIENTED_EDGE('',*,*,#6254,.F.);
#8925=ORIENTED_EDGE('',*,*,#5932,.T.);
#8926=ORIENTED_EDGE('',*,*,#6076,.F.);
#8927=ORIENTED_EDGE('',*,*,#6502,.F.);
#8928=ORIENTED_EDGE('',*,*,#6253,.F.);
#8929=ORIENTED_EDGE('',*,*,#6503,.T.);
#8930=ORIENTED_EDGE('',*,*,#6056,.F.);
#8931=ORIENTED_EDGE('',*,*,#5906,.T.);
#8932=ORIENTED_EDGE('',*,*,#6246,.F.);
#8933=ORIENTED_EDGE('',*,*,#6504,.T.);
#8934=ORIENTED_EDGE('',*,*,#6057,.F.);
#8935=ORIENTED_EDGE('',*,*,#6503,.F.);
#8936=ORIENTED_EDGE('',*,*,#6245,.F.);
#8937=ORIENTED_EDGE('',*,*,#5912,.T.);
#8938=ORIENTED_EDGE('',*,*,#6058,.F.);
#8939=ORIENTED_EDGE('',*,*,#6504,.F.);
#8940=ORIENTED_EDGE('',*,*,#6244,.F.);
#8941=ORIENTED_EDGE('',*,*,#6505,.T.);
#8942=ORIENTED_EDGE('',*,*,#6053,.F.);
#8943=ORIENTED_EDGE('',*,*,#6506,.T.);
#8944=ORIENTED_EDGE('',*,*,#6258,.F.);
#8945=ORIENTED_EDGE('',*,*,#6507,.T.);
#8946=ORIENTED_EDGE('',*,*,#6054,.F.);
#8947=ORIENTED_EDGE('',*,*,#6505,.F.);
#8948=ORIENTED_EDGE('',*,*,#6257,.F.);
#8949=ORIENTED_EDGE('',*,*,#6508,.T.);
#8950=ORIENTED_EDGE('',*,*,#6055,.F.);
#8951=ORIENTED_EDGE('',*,*,#6507,.F.);
#8952=ORIENTED_EDGE('',*,*,#6256,.F.);
#8953=ORIENTED_EDGE('',*,*,#6050,.F.);
#8954=ORIENTED_EDGE('',*,*,#6508,.F.);
#8955=ORIENTED_EDGE('',*,*,#6261,.F.);
#8956=ORIENTED_EDGE('',*,*,#6509,.T.);
#8957=ORIENTED_EDGE('',*,*,#6509,.F.);
#8958=ORIENTED_EDGE('',*,*,#6260,.F.);
#8959=ORIENTED_EDGE('',*,*,#6510,.T.);
#8960=ORIENTED_EDGE('',*,*,#6051,.F.);
#8961=ORIENTED_EDGE('',*,*,#6510,.F.);
#8962=ORIENTED_EDGE('',*,*,#6259,.F.);
#8963=ORIENTED_EDGE('',*,*,#6506,.F.);
#8964=ORIENTED_EDGE('',*,*,#6052,.F.);
#8965=ORIENTED_EDGE('',*,*,#6511,.T.);
#8966=ORIENTED_EDGE('',*,*,#6089,.F.);
#8967=ORIENTED_EDGE('',*,*,#6512,.T.);
#8968=ORIENTED_EDGE('',*,*,#6297,.F.);
#8969=ORIENTED_EDGE('',*,*,#6513,.T.);
#8970=ORIENTED_EDGE('',*,*,#6090,.F.);
#8971=ORIENTED_EDGE('',*,*,#6511,.F.);
#8972=ORIENTED_EDGE('',*,*,#6296,.F.);
#8973=ORIENTED_EDGE('',*,*,#6514,.T.);
#8974=ORIENTED_EDGE('',*,*,#6091,.F.);
#8975=ORIENTED_EDGE('',*,*,#6513,.F.);
#8976=ORIENTED_EDGE('',*,*,#6295,.F.);
#8977=ORIENTED_EDGE('',*,*,#6086,.F.);
#8978=ORIENTED_EDGE('',*,*,#6514,.F.);
#8979=ORIENTED_EDGE('',*,*,#6300,.F.);
#8980=ORIENTED_EDGE('',*,*,#6515,.T.);
#8981=ORIENTED_EDGE('',*,*,#6515,.F.);
#8982=ORIENTED_EDGE('',*,*,#6299,.F.);
#8983=ORIENTED_EDGE('',*,*,#6516,.T.);
#8984=ORIENTED_EDGE('',*,*,#6087,.F.);
#8985=ORIENTED_EDGE('',*,*,#6516,.F.);
#8986=ORIENTED_EDGE('',*,*,#6298,.F.);
#8987=ORIENTED_EDGE('',*,*,#6512,.F.);
#8988=ORIENTED_EDGE('',*,*,#6088,.F.);
#8989=ORIENTED_EDGE('',*,*,#6517,.T.);
#8990=ORIENTED_EDGE('',*,*,#6125,.F.);
#8991=ORIENTED_EDGE('',*,*,#6518,.T.);
#8992=ORIENTED_EDGE('',*,*,#6279,.F.);
#8993=ORIENTED_EDGE('',*,*,#6519,.T.);
#8994=ORIENTED_EDGE('',*,*,#6126,.F.);
#8995=ORIENTED_EDGE('',*,*,#6517,.F.);
#8996=ORIENTED_EDGE('',*,*,#6278,.F.);
#8997=ORIENTED_EDGE('',*,*,#6520,.T.);
#8998=ORIENTED_EDGE('',*,*,#6127,.F.);
#8999=ORIENTED_EDGE('',*,*,#6519,.F.);
#9000=ORIENTED_EDGE('',*,*,#6277,.F.);
#9001=ORIENTED_EDGE('',*,*,#6122,.F.);
#9002=ORIENTED_EDGE('',*,*,#6520,.F.);
#9003=ORIENTED_EDGE('',*,*,#6282,.F.);
#9004=ORIENTED_EDGE('',*,*,#6521,.T.);
#9005=ORIENTED_EDGE('',*,*,#6521,.F.);
#9006=ORIENTED_EDGE('',*,*,#6281,.F.);
#9007=ORIENTED_EDGE('',*,*,#6522,.T.);
#9008=ORIENTED_EDGE('',*,*,#6123,.F.);
#9009=ORIENTED_EDGE('',*,*,#6522,.F.);
#9010=ORIENTED_EDGE('',*,*,#6280,.F.);
#9011=ORIENTED_EDGE('',*,*,#6518,.F.);
#9012=ORIENTED_EDGE('',*,*,#6124,.F.);
#9013=ORIENTED_EDGE('',*,*,#6523,.T.);
#9014=ORIENTED_EDGE('',*,*,#6161,.F.);
#9015=ORIENTED_EDGE('',*,*,#6524,.T.);
#9016=ORIENTED_EDGE('',*,*,#6312,.F.);
#9017=ORIENTED_EDGE('',*,*,#6525,.T.);
#9018=ORIENTED_EDGE('',*,*,#6162,.F.);
#9019=ORIENTED_EDGE('',*,*,#6523,.F.);
#9020=ORIENTED_EDGE('',*,*,#6311,.F.);
#9021=ORIENTED_EDGE('',*,*,#6526,.T.);
#9022=ORIENTED_EDGE('',*,*,#6163,.F.);
#9023=ORIENTED_EDGE('',*,*,#6525,.F.);
#9024=ORIENTED_EDGE('',*,*,#6310,.F.);
#9025=ORIENTED_EDGE('',*,*,#6158,.F.);
#9026=ORIENTED_EDGE('',*,*,#6526,.F.);
#9027=ORIENTED_EDGE('',*,*,#6315,.F.);
#9028=ORIENTED_EDGE('',*,*,#6527,.T.);
#9029=ORIENTED_EDGE('',*,*,#6527,.F.);
#9030=ORIENTED_EDGE('',*,*,#6314,.F.);
#9031=ORIENTED_EDGE('',*,*,#6528,.T.);
#9032=ORIENTED_EDGE('',*,*,#6159,.F.);
#9033=ORIENTED_EDGE('',*,*,#6528,.F.);
#9034=ORIENTED_EDGE('',*,*,#6313,.F.);
#9035=ORIENTED_EDGE('',*,*,#6524,.F.);
#9036=ORIENTED_EDGE('',*,*,#6160,.F.);
#9037=ORIENTED_EDGE('',*,*,#6529,.T.);
#9038=ORIENTED_EDGE('',*,*,#6146,.F.);
#9039=ORIENTED_EDGE('',*,*,#6006,.T.);
#9040=ORIENTED_EDGE('',*,*,#6318,.F.);
#9041=ORIENTED_EDGE('',*,*,#6530,.T.);
#9042=ORIENTED_EDGE('',*,*,#6147,.F.);
#9043=ORIENTED_EDGE('',*,*,#6529,.F.);
#9044=ORIENTED_EDGE('',*,*,#6317,.F.);
#9045=ORIENTED_EDGE('',*,*,#6012,.T.);
#9046=ORIENTED_EDGE('',*,*,#6148,.F.);
#9047=ORIENTED_EDGE('',*,*,#6530,.F.);
#9048=ORIENTED_EDGE('',*,*,#6316,.F.);
#9049=ORIENTED_EDGE('',*,*,#6531,.T.);
#9050=ORIENTED_EDGE('',*,*,#6110,.F.);
#9051=ORIENTED_EDGE('',*,*,#5966,.T.);
#9052=ORIENTED_EDGE('',*,*,#6228,.F.);
#9053=ORIENTED_EDGE('',*,*,#6532,.T.);
#9054=ORIENTED_EDGE('',*,*,#6111,.F.);
#9055=ORIENTED_EDGE('',*,*,#6531,.F.);
#9056=ORIENTED_EDGE('',*,*,#6227,.F.);
#9057=ORIENTED_EDGE('',*,*,#5972,.T.);
#9058=ORIENTED_EDGE('',*,*,#6112,.F.);
#9059=ORIENTED_EDGE('',*,*,#6532,.F.);
#9060=ORIENTED_EDGE('',*,*,#6226,.F.);
#9061=ORIENTED_EDGE('',*,*,#6533,.T.);
#9062=ORIENTED_EDGE('',*,*,#6101,.F.);
#9063=ORIENTED_EDGE('',*,*,#5956,.T.);
#9064=ORIENTED_EDGE('',*,*,#6222,.F.);
#9065=ORIENTED_EDGE('',*,*,#6534,.T.);
#9066=ORIENTED_EDGE('',*,*,#6102,.F.);
#9067=ORIENTED_EDGE('',*,*,#6533,.F.);
#9068=ORIENTED_EDGE('',*,*,#6221,.F.);
#9069=ORIENTED_EDGE('',*,*,#5962,.T.);
#9070=ORIENTED_EDGE('',*,*,#6103,.F.);
#9071=ORIENTED_EDGE('',*,*,#6534,.F.);
#9072=ORIENTED_EDGE('',*,*,#6220,.F.);
#9073=ORIENTED_EDGE('',*,*,#6535,.T.);
#9074=ORIENTED_EDGE('',*,*,#6137,.F.);
#9075=ORIENTED_EDGE('',*,*,#5996,.T.);
#9076=ORIENTED_EDGE('',*,*,#6231,.F.);
#9077=ORIENTED_EDGE('',*,*,#6536,.T.);
#9078=ORIENTED_EDGE('',*,*,#6138,.F.);
#9079=ORIENTED_EDGE('',*,*,#6535,.F.);
#9080=ORIENTED_EDGE('',*,*,#6230,.F.);
#9081=ORIENTED_EDGE('',*,*,#6002,.T.);
#9082=ORIENTED_EDGE('',*,*,#6139,.F.);
#9083=ORIENTED_EDGE('',*,*,#6536,.F.);
#9084=ORIENTED_EDGE('',*,*,#6229,.F.);
#9085=ORIENTED_EDGE('',*,*,#6537,.T.);
#9086=ORIENTED_EDGE('',*,*,#6178,.F.);
#9087=ORIENTED_EDGE('',*,*,#6538,.T.);
#9088=ORIENTED_EDGE('',*,*,#6321,.F.);
#9089=ORIENTED_EDGE('',*,*,#6539,.T.);
#9090=ORIENTED_EDGE('',*,*,#6179,.F.);
#9091=ORIENTED_EDGE('',*,*,#6537,.F.);
#9092=ORIENTED_EDGE('',*,*,#6320,.F.);
#9093=ORIENTED_EDGE('',*,*,#6540,.T.);
#9094=ORIENTED_EDGE('',*,*,#6180,.F.);
#9095=ORIENTED_EDGE('',*,*,#6539,.F.);
#9096=ORIENTED_EDGE('',*,*,#6319,.F.);
#9097=ORIENTED_EDGE('',*,*,#6175,.F.);
#9098=ORIENTED_EDGE('',*,*,#6540,.F.);
#9099=ORIENTED_EDGE('',*,*,#6324,.F.);
#9100=ORIENTED_EDGE('',*,*,#6541,.T.);
#9101=ORIENTED_EDGE('',*,*,#6541,.F.);
#9102=ORIENTED_EDGE('',*,*,#6323,.F.);
#9103=ORIENTED_EDGE('',*,*,#6542,.T.);
#9104=ORIENTED_EDGE('',*,*,#6176,.F.);
#9105=ORIENTED_EDGE('',*,*,#6542,.F.);
#9106=ORIENTED_EDGE('',*,*,#6322,.F.);
#9107=ORIENTED_EDGE('',*,*,#6538,.F.);
#9108=ORIENTED_EDGE('',*,*,#6177,.F.);
#9109=ORIENTED_EDGE('',*,*,#6543,.T.);
#9110=ORIENTED_EDGE('',*,*,#6134,.F.);
#9111=ORIENTED_EDGE('',*,*,#6544,.T.);
#9112=ORIENTED_EDGE('',*,*,#6264,.F.);
#9113=ORIENTED_EDGE('',*,*,#6545,.T.);
#9114=ORIENTED_EDGE('',*,*,#6135,.F.);
#9115=ORIENTED_EDGE('',*,*,#6543,.F.);
#9116=ORIENTED_EDGE('',*,*,#6263,.F.);
#9117=ORIENTED_EDGE('',*,*,#6546,.T.);
#9118=ORIENTED_EDGE('',*,*,#6136,.F.);
#9119=ORIENTED_EDGE('',*,*,#6545,.F.);
#9120=ORIENTED_EDGE('',*,*,#6262,.F.);
#9121=ORIENTED_EDGE('',*,*,#6131,.F.);
#9122=ORIENTED_EDGE('',*,*,#6546,.F.);
#9123=ORIENTED_EDGE('',*,*,#6267,.F.);
#9124=ORIENTED_EDGE('',*,*,#6547,.T.);
#9125=ORIENTED_EDGE('',*,*,#6547,.F.);
#9126=ORIENTED_EDGE('',*,*,#6266,.F.);
#9127=ORIENTED_EDGE('',*,*,#6548,.T.);
#9128=ORIENTED_EDGE('',*,*,#6132,.F.);
#9129=ORIENTED_EDGE('',*,*,#6548,.F.);
#9130=ORIENTED_EDGE('',*,*,#6265,.F.);
#9131=ORIENTED_EDGE('',*,*,#6544,.F.);
#9132=ORIENTED_EDGE('',*,*,#6133,.F.);
#9133=ORIENTED_EDGE('',*,*,#6549,.T.);
#9134=ORIENTED_EDGE('',*,*,#6098,.F.);
#9135=ORIENTED_EDGE('',*,*,#6550,.T.);
#9136=ORIENTED_EDGE('',*,*,#6234,.F.);
#9137=ORIENTED_EDGE('',*,*,#6551,.T.);
#9138=ORIENTED_EDGE('',*,*,#6099,.F.);
#9139=ORIENTED_EDGE('',*,*,#6549,.F.);
#9140=ORIENTED_EDGE('',*,*,#6233,.F.);
#9141=ORIENTED_EDGE('',*,*,#6552,.T.);
#9142=ORIENTED_EDGE('',*,*,#6100,.F.);
#9143=ORIENTED_EDGE('',*,*,#6551,.F.);
#9144=ORIENTED_EDGE('',*,*,#6232,.F.);
#9145=ORIENTED_EDGE('',*,*,#6095,.F.);
#9146=ORIENTED_EDGE('',*,*,#6552,.F.);
#9147=ORIENTED_EDGE('',*,*,#6237,.F.);
#9148=ORIENTED_EDGE('',*,*,#6553,.T.);
#9149=ORIENTED_EDGE('',*,*,#6553,.F.);
#9150=ORIENTED_EDGE('',*,*,#6236,.F.);
#9151=ORIENTED_EDGE('',*,*,#6554,.T.);
#9152=ORIENTED_EDGE('',*,*,#6096,.F.);
#9153=ORIENTED_EDGE('',*,*,#6554,.F.);
#9154=ORIENTED_EDGE('',*,*,#6235,.F.);
#9155=ORIENTED_EDGE('',*,*,#6550,.F.);
#9156=ORIENTED_EDGE('',*,*,#6097,.F.);
#9157=ORIENTED_EDGE('',*,*,#6555,.T.);
#9158=ORIENTED_EDGE('',*,*,#6062,.F.);
#9159=ORIENTED_EDGE('',*,*,#6556,.T.);
#9160=ORIENTED_EDGE('',*,*,#6291,.F.);
#9161=ORIENTED_EDGE('',*,*,#6557,.T.);
#9162=ORIENTED_EDGE('',*,*,#6063,.F.);
#9163=ORIENTED_EDGE('',*,*,#6555,.F.);
#9164=ORIENTED_EDGE('',*,*,#6290,.F.);
#9165=ORIENTED_EDGE('',*,*,#6558,.T.);
#9166=ORIENTED_EDGE('',*,*,#6064,.F.);
#9167=ORIENTED_EDGE('',*,*,#6557,.F.);
#9168=ORIENTED_EDGE('',*,*,#6289,.F.);
#9169=ORIENTED_EDGE('',*,*,#6059,.F.);
#9170=ORIENTED_EDGE('',*,*,#6558,.F.);
#9171=ORIENTED_EDGE('',*,*,#6294,.F.);
#9172=ORIENTED_EDGE('',*,*,#6559,.T.);
#9173=ORIENTED_EDGE('',*,*,#6559,.F.);
#9174=ORIENTED_EDGE('',*,*,#6293,.F.);
#9175=ORIENTED_EDGE('',*,*,#6560,.T.);
#9176=ORIENTED_EDGE('',*,*,#6060,.F.);
#9177=ORIENTED_EDGE('',*,*,#6560,.F.);
#9178=ORIENTED_EDGE('',*,*,#6292,.F.);
#9179=ORIENTED_EDGE('',*,*,#6556,.F.);
#9180=ORIENTED_EDGE('',*,*,#6061,.F.);
#9181=ORIENTED_EDGE('',*,*,#6561,.T.);
#9182=ORIENTED_EDGE('',*,*,#6047,.F.);
#9183=ORIENTED_EDGE('',*,*,#5896,.T.);
#9184=ORIENTED_EDGE('',*,*,#6204,.F.);
#9185=ORIENTED_EDGE('',*,*,#6562,.T.);
#9186=ORIENTED_EDGE('',*,*,#6048,.F.);
#9187=ORIENTED_EDGE('',*,*,#6561,.F.);
#9188=ORIENTED_EDGE('',*,*,#6203,.F.);
#9189=ORIENTED_EDGE('',*,*,#5902,.T.);
#9190=ORIENTED_EDGE('',*,*,#6049,.F.);
#9191=ORIENTED_EDGE('',*,*,#6562,.F.);
#9192=ORIENTED_EDGE('',*,*,#6202,.F.);
#9193=ORIENTED_EDGE('',*,*,#6563,.T.);
#9194=ORIENTED_EDGE('',*,*,#6083,.F.);
#9195=ORIENTED_EDGE('',*,*,#5936,.T.);
#9196=ORIENTED_EDGE('',*,*,#6327,.F.);
#9197=ORIENTED_EDGE('',*,*,#6564,.T.);
#9198=ORIENTED_EDGE('',*,*,#6084,.F.);
#9199=ORIENTED_EDGE('',*,*,#6563,.F.);
#9200=ORIENTED_EDGE('',*,*,#6326,.F.);
#9201=ORIENTED_EDGE('',*,*,#5942,.T.);
#9202=ORIENTED_EDGE('',*,*,#6085,.F.);
#9203=ORIENTED_EDGE('',*,*,#6564,.F.);
#9204=ORIENTED_EDGE('',*,*,#6325,.F.);
#9205=ORIENTED_EDGE('',*,*,#6355,.F.);
#9206=ORIENTED_EDGE('',*,*,#6444,.F.);
#9207=ORIENTED_EDGE('',*,*,#6174,.T.);
#9208=ORIENTED_EDGE('',*,*,#6565,.F.);
#9209=ORIENTED_EDGE('',*,*,#6404,.F.);
#9210=ORIENTED_EDGE('',*,*,#6566,.F.);
#9211=ORIENTED_EDGE('',*,*,#6191,.F.);
#9212=ORIENTED_EDGE('',*,*,#6567,.F.);
#9213=ORIENTED_EDGE('',*,*,#6402,.F.);
#9214=ORIENTED_EDGE('',*,*,#6568,.T.);
#9215=ORIENTED_EDGE('',*,*,#6192,.T.);
#9216=ORIENTED_EDGE('',*,*,#6566,.T.);
#9217=ORIENTED_EDGE('',*,*,#6400,.F.);
#9218=ORIENTED_EDGE('',*,*,#6441,.F.);
#9219=ORIENTED_EDGE('',*,*,#6193,.T.);
#9220=ORIENTED_EDGE('',*,*,#6568,.F.);
#9221=ORIENTED_EDGE('',*,*,#6406,.F.);
#9222=ORIENTED_EDGE('',*,*,#6567,.T.);
#9223=ORIENTED_EDGE('',*,*,#6190,.T.);
#9224=ORIENTED_EDGE('',*,*,#6443,.T.);
#9225=ORIENTED_EDGE('',*,*,#6426,.F.);
#9226=ORIENTED_EDGE('',*,*,#6569,.T.);
#9227=ORIENTED_EDGE('',*,*,#6182,.T.);
#9228=ORIENTED_EDGE('',*,*,#6440,.T.);
#9229=ORIENTED_EDGE('',*,*,#6424,.F.);
#9230=ORIENTED_EDGE('',*,*,#6570,.F.);
#9231=ORIENTED_EDGE('',*,*,#6183,.F.);
#9232=ORIENTED_EDGE('',*,*,#6569,.F.);
#9233=ORIENTED_EDGE('',*,*,#6422,.F.);
#9234=ORIENTED_EDGE('',*,*,#6448,.T.);
#9235=ORIENTED_EDGE('',*,*,#6184,.T.);
#9236=ORIENTED_EDGE('',*,*,#6570,.T.);
#9237=ORIENTED_EDGE('',*,*,#6358,.F.);
#9238=ORIENTED_EDGE('',*,*,#6565,.T.);
#9239=ORIENTED_EDGE('',*,*,#6173,.T.);
#9240=ORIENTED_EDGE('',*,*,#6571,.T.);
#9241=ORIENTED_EDGE('',*,*,#6364,.F.);
#9242=ORIENTED_EDGE('',*,*,#6572,.T.);
#9243=ORIENTED_EDGE('',*,*,#6171,.T.);
#9244=ORIENTED_EDGE('',*,*,#6446,.T.);
#9245=ORIENTED_EDGE('',*,*,#6361,.F.);
#9246=ORIENTED_EDGE('',*,*,#6571,.F.);
#9247=ORIENTED_EDGE('',*,*,#6172,.F.);
#9248=ORIENTED_EDGE('',*,*,#6572,.F.);
#9249=CYLINDRICAL_SURFACE('',#9874,2.69999999999996);
#9250=CYLINDRICAL_SURFACE('',#9885,2.70000000000003);
#9251=CYLINDRICAL_SURFACE('',#9896,2.7);
#9252=CYLINDRICAL_SURFACE('',#9907,2.7);
#9253=CYLINDRICAL_SURFACE('',#9918,2.7);
#9254=CYLINDRICAL_SURFACE('',#9929,2.7);
#9255=CYLINDRICAL_SURFACE('',#9940,2.7);
#9256=CYLINDRICAL_SURFACE('',#9951,2.7);
#9257=CYLINDRICAL_SURFACE('',#9962,2.7);
#9258=CYLINDRICAL_SURFACE('',#9973,2.7);
#9259=CYLINDRICAL_SURFACE('',#9984,2.7);
#9260=CYLINDRICAL_SURFACE('',#9995,2.7);
#9261=CYLINDRICAL_SURFACE('',#10006,2.7);
#9262=CYLINDRICAL_SURFACE('',#10017,2.69999999999996);
#9263=CYLINDRICAL_SURFACE('',#10028,2.69999999999996);
#9264=CYLINDRICAL_SURFACE('',#10039,2.70000000000003);
#9265=CYLINDRICAL_SURFACE('',#10050,2.7);
#9266=CYLINDRICAL_SURFACE('',#10061,2.7);
#9267=CYLINDRICAL_SURFACE('',#10072,2.7);
#9268=CYLINDRICAL_SURFACE('',#10083,2.7);
#9269=CYLINDRICAL_SURFACE('',#10094,2.7);
#9270=CYLINDRICAL_SURFACE('',#10105,2.7);
#9271=CYLINDRICAL_SURFACE('',#10116,2.7);
#9272=CYLINDRICAL_SURFACE('',#10127,2.7);
#9273=CYLINDRICAL_SURFACE('',#10138,2.7);
#9274=CYLINDRICAL_SURFACE('',#10149,2.7);
#9275=CYLINDRICAL_SURFACE('',#10160,2.7);
#9276=CYLINDRICAL_SURFACE('',#10171,2.7);
#9277=CYLINDRICAL_SURFACE('',#10182,2.69999999999996);
#9278=CYLINDRICAL_SURFACE('',#10193,2.69999999999996);
#9279=CYLINDRICAL_SURFACE('',#10204,1.75000000000011);
#9280=CYLINDRICAL_SURFACE('',#10207,1.75000000000011);
#9281=CYLINDRICAL_SURFACE('',#10210,1.75000000000011);
#9282=CYLINDRICAL_SURFACE('',#10213,1.75000000000011);
#9283=CYLINDRICAL_SURFACE('',#10216,2.5);
#9284=CYLINDRICAL_SURFACE('',#10287,61.);
#9285=CYLINDRICAL_SURFACE('',#10305,2.);
#9286=CYLINDRICAL_SURFACE('',#10319,2.);
#9287=CYLINDRICAL_SURFACE('',#10345,2.);
#9288=CYLINDRICAL_SURFACE('',#10356,2.);
#9289=CYLINDRICAL_SURFACE('',#10366,2.);
#9290=CYLINDRICAL_SURFACE('',#10377,2.);
#9291=CYLINDRICAL_SURFACE('',#10382,47.5);
#9292=CYLINDRICAL_SURFACE('',#10383,47.5);
#9293=CYLINDRICAL_SURFACE('',#10384,47.5);
#9294=CYLINDRICAL_SURFACE('',#10385,10.);
#9295=CYLINDRICAL_SURFACE('',#10387,10.);
#9296=CYLINDRICAL_SURFACE('',#10388,10.);
#9297=CYLINDRICAL_SURFACE('',#10390,10.);
#9298=CYLINDRICAL_SURFACE('',#10391,10.);
#9299=CYLINDRICAL_SURFACE('',#10393,10.);
#9300=CYLINDRICAL_SURFACE('',#10528,12.5);
#9301=CYLINDRICAL_SURFACE('',#10529,5.);
#9302=CYLINDRICAL_SURFACE('',#10531,5.);
#9303=CYLINDRICAL_SURFACE('',#10532,5.);
#9304=CYLINDRICAL_SURFACE('',#10533,12.5);
#9305=CYLINDRICAL_SURFACE('',#10534,5.);
#9306=CYLINDRICAL_SURFACE('',#10535,5.);
#9307=CYLINDRICAL_SURFACE('',#10536,5.);
#9308=CYLINDRICAL_SURFACE('',#10537,12.5);
#9309=ADVANCED_FACE('',(#717),#9249,.F.);
#9310=ADVANCED_FACE('',(#718),#288,.T.);
#9311=ADVANCED_FACE('',(#719),#289,.T.);
#9312=ADVANCED_FACE('',(#720),#290,.T.);
#9313=ADVANCED_FACE('',(#721),#291,.T.);
#9314=ADVANCED_FACE('',(#722),#292,.T.);
#9315=ADVANCED_FACE('',(#723),#293,.T.);
#9316=ADVANCED_FACE('',(#724,#154),#294,.T.);
#9317=ADVANCED_FACE('',(#725,#155),#295,.F.);
#9318=ADVANCED_FACE('',(#726),#9250,.F.);
#9319=ADVANCED_FACE('',(#727),#296,.T.);
#9320=ADVANCED_FACE('',(#728),#297,.T.);
#9321=ADVANCED_FACE('',(#729),#298,.T.);
#9322=ADVANCED_FACE('',(#730),#299,.T.);
#9323=ADVANCED_FACE('',(#731),#300,.T.);
#9324=ADVANCED_FACE('',(#732),#301,.T.);
#9325=ADVANCED_FACE('',(#733,#156),#302,.T.);
#9326=ADVANCED_FACE('',(#734,#157),#303,.F.);
#9327=ADVANCED_FACE('',(#735),#9251,.F.);
#9328=ADVANCED_FACE('',(#736),#304,.T.);
#9329=ADVANCED_FACE('',(#737),#305,.T.);
#9330=ADVANCED_FACE('',(#738),#306,.T.);
#9331=ADVANCED_FACE('',(#739),#307,.T.);
#9332=ADVANCED_FACE('',(#740),#308,.T.);
#9333=ADVANCED_FACE('',(#741),#309,.T.);
#9334=ADVANCED_FACE('',(#742,#158),#310,.T.);
#9335=ADVANCED_FACE('',(#743,#159),#311,.F.);
#9336=ADVANCED_FACE('',(#744),#9252,.F.);
#9337=ADVANCED_FACE('',(#745),#312,.T.);
#9338=ADVANCED_FACE('',(#746),#313,.T.);
#9339=ADVANCED_FACE('',(#747),#314,.T.);
#9340=ADVANCED_FACE('',(#748),#315,.T.);
#9341=ADVANCED_FACE('',(#749),#316,.T.);
#9342=ADVANCED_FACE('',(#750),#317,.T.);
#9343=ADVANCED_FACE('',(#751,#160),#318,.T.);
#9344=ADVANCED_FACE('',(#752,#161),#319,.F.);
#9345=ADVANCED_FACE('',(#753),#9253,.F.);
#9346=ADVANCED_FACE('',(#754),#320,.T.);
#9347=ADVANCED_FACE('',(#755),#321,.T.);
#9348=ADVANCED_FACE('',(#756),#322,.T.);
#9349=ADVANCED_FACE('',(#757),#323,.T.);
#9350=ADVANCED_FACE('',(#758),#324,.T.);
#9351=ADVANCED_FACE('',(#759),#325,.T.);
#9352=ADVANCED_FACE('',(#760,#162),#326,.T.);
#9353=ADVANCED_FACE('',(#761,#163),#327,.F.);
#9354=ADVANCED_FACE('',(#762),#9254,.F.);
#9355=ADVANCED_FACE('',(#763),#328,.T.);
#9356=ADVANCED_FACE('',(#764),#329,.T.);
#9357=ADVANCED_FACE('',(#765),#330,.T.);
#9358=ADVANCED_FACE('',(#766),#331,.T.);
#9359=ADVANCED_FACE('',(#767),#332,.T.);
#9360=ADVANCED_FACE('',(#768),#333,.T.);
#9361=ADVANCED_FACE('',(#769,#164),#334,.T.);
#9362=ADVANCED_FACE('',(#770,#165),#335,.F.);
#9363=ADVANCED_FACE('',(#771),#9255,.F.);
#9364=ADVANCED_FACE('',(#772),#336,.T.);
#9365=ADVANCED_FACE('',(#773),#337,.T.);
#9366=ADVANCED_FACE('',(#774),#338,.T.);
#9367=ADVANCED_FACE('',(#775),#339,.T.);
#9368=ADVANCED_FACE('',(#776),#340,.T.);
#9369=ADVANCED_FACE('',(#777),#341,.T.);
#9370=ADVANCED_FACE('',(#778,#166),#342,.T.);
#9371=ADVANCED_FACE('',(#779,#167),#343,.F.);
#9372=ADVANCED_FACE('',(#780),#9256,.F.);
#9373=ADVANCED_FACE('',(#781),#344,.T.);
#9374=ADVANCED_FACE('',(#782),#345,.T.);
#9375=ADVANCED_FACE('',(#783),#346,.T.);
#9376=ADVANCED_FACE('',(#784),#347,.T.);
#9377=ADVANCED_FACE('',(#785),#348,.T.);
#9378=ADVANCED_FACE('',(#786),#349,.T.);
#9379=ADVANCED_FACE('',(#787,#168),#350,.T.);
#9380=ADVANCED_FACE('',(#788,#169),#351,.F.);
#9381=ADVANCED_FACE('',(#789),#9257,.F.);
#9382=ADVANCED_FACE('',(#790),#352,.T.);
#9383=ADVANCED_FACE('',(#791),#353,.T.);
#9384=ADVANCED_FACE('',(#792),#354,.T.);
#9385=ADVANCED_FACE('',(#793),#355,.T.);
#9386=ADVANCED_FACE('',(#794),#356,.T.);
#9387=ADVANCED_FACE('',(#795),#357,.T.);
#9388=ADVANCED_FACE('',(#796,#170),#358,.T.);
#9389=ADVANCED_FACE('',(#797,#171),#359,.F.);
#9390=ADVANCED_FACE('',(#798),#9258,.F.);
#9391=ADVANCED_FACE('',(#799),#360,.T.);
#9392=ADVANCED_FACE('',(#800),#361,.T.);
#9393=ADVANCED_FACE('',(#801),#362,.T.);
#9394=ADVANCED_FACE('',(#802),#363,.T.);
#9395=ADVANCED_FACE('',(#803),#364,.T.);
#9396=ADVANCED_FACE('',(#804),#365,.T.);
#9397=ADVANCED_FACE('',(#805,#172),#366,.T.);
#9398=ADVANCED_FACE('',(#806,#173),#367,.F.);
#9399=ADVANCED_FACE('',(#807),#9259,.F.);
#9400=ADVANCED_FACE('',(#808),#368,.T.);
#9401=ADVANCED_FACE('',(#809),#369,.T.);
#9402=ADVANCED_FACE('',(#810),#370,.T.);
#9403=ADVANCED_FACE('',(#811),#371,.T.);
#9404=ADVANCED_FACE('',(#812),#372,.T.);
#9405=ADVANCED_FACE('',(#813),#373,.T.);
#9406=ADVANCED_FACE('',(#814,#174),#374,.T.);
#9407=ADVANCED_FACE('',(#815,#175),#375,.F.);
#9408=ADVANCED_FACE('',(#816),#9260,.F.);
#9409=ADVANCED_FACE('',(#817),#376,.T.);
#9410=ADVANCED_FACE('',(#818),#377,.T.);
#9411=ADVANCED_FACE('',(#819),#378,.T.);
#9412=ADVANCED_FACE('',(#820),#379,.T.);
#9413=ADVANCED_FACE('',(#821),#380,.T.);
#9414=ADVANCED_FACE('',(#822),#381,.T.);
#9415=ADVANCED_FACE('',(#823,#176),#382,.T.);
#9416=ADVANCED_FACE('',(#824,#177),#383,.F.);
#9417=ADVANCED_FACE('',(#825),#9261,.F.);
#9418=ADVANCED_FACE('',(#826),#384,.T.);
#9419=ADVANCED_FACE('',(#827),#385,.T.);
#9420=ADVANCED_FACE('',(#828),#386,.T.);
#9421=ADVANCED_FACE('',(#829),#387,.T.);
#9422=ADVANCED_FACE('',(#830),#388,.T.);
#9423=ADVANCED_FACE('',(#831),#389,.T.);
#9424=ADVANCED_FACE('',(#832,#178),#390,.T.);
#9425=ADVANCED_FACE('',(#833,#179),#391,.F.);
#9426=ADVANCED_FACE('',(#834),#9262,.F.);
#9427=ADVANCED_FACE('',(#835),#392,.T.);
#9428=ADVANCED_FACE('',(#836),#393,.T.);
#9429=ADVANCED_FACE('',(#837),#394,.T.);
#9430=ADVANCED_FACE('',(#838),#395,.T.);
#9431=ADVANCED_FACE('',(#839),#396,.T.);
#9432=ADVANCED_FACE('',(#840),#397,.T.);
#9433=ADVANCED_FACE('',(#841,#180),#398,.T.);
#9434=ADVANCED_FACE('',(#842,#181),#399,.F.);
#9435=ADVANCED_FACE('',(#843),#9263,.F.);
#9436=ADVANCED_FACE('',(#844),#400,.T.);
#9437=ADVANCED_FACE('',(#845),#401,.T.);
#9438=ADVANCED_FACE('',(#846),#402,.T.);
#9439=ADVANCED_FACE('',(#847),#403,.T.);
#9440=ADVANCED_FACE('',(#848),#404,.T.);
#9441=ADVANCED_FACE('',(#849),#405,.T.);
#9442=ADVANCED_FACE('',(#850,#182),#406,.T.);
#9443=ADVANCED_FACE('',(#851,#183),#407,.F.);
#9444=ADVANCED_FACE('',(#852),#9264,.F.);
#9445=ADVANCED_FACE('',(#853),#408,.T.);
#9446=ADVANCED_FACE('',(#854),#409,.T.);
#9447=ADVANCED_FACE('',(#855),#410,.T.);
#9448=ADVANCED_FACE('',(#856),#411,.T.);
#9449=ADVANCED_FACE('',(#857),#412,.T.);
#9450=ADVANCED_FACE('',(#858),#413,.T.);
#9451=ADVANCED_FACE('',(#859,#184),#414,.T.);
#9452=ADVANCED_FACE('',(#860,#185),#415,.F.);
#9453=ADVANCED_FACE('',(#861),#9265,.F.);
#9454=ADVANCED_FACE('',(#862),#416,.T.);
#9455=ADVANCED_FACE('',(#863),#417,.T.);
#9456=ADVANCED_FACE('',(#864),#418,.T.);
#9457=ADVANCED_FACE('',(#865),#419,.T.);
#9458=ADVANCED_FACE('',(#866),#420,.T.);
#9459=ADVANCED_FACE('',(#867),#421,.T.);
#9460=ADVANCED_FACE('',(#868,#186),#422,.T.);
#9461=ADVANCED_FACE('',(#869,#187),#423,.F.);
#9462=ADVANCED_FACE('',(#870),#9266,.F.);
#9463=ADVANCED_FACE('',(#871),#424,.T.);
#9464=ADVANCED_FACE('',(#872),#425,.T.);
#9465=ADVANCED_FACE('',(#873),#426,.T.);
#9466=ADVANCED_FACE('',(#874),#427,.T.);
#9467=ADVANCED_FACE('',(#875),#428,.T.);
#9468=ADVANCED_FACE('',(#876),#429,.T.);
#9469=ADVANCED_FACE('',(#877,#188),#430,.T.);
#9470=ADVANCED_FACE('',(#878,#189),#431,.F.);
#9471=ADVANCED_FACE('',(#879),#9267,.F.);
#9472=ADVANCED_FACE('',(#880),#432,.T.);
#9473=ADVANCED_FACE('',(#881),#433,.T.);
#9474=ADVANCED_FACE('',(#882),#434,.T.);
#9475=ADVANCED_FACE('',(#883),#435,.T.);
#9476=ADVANCED_FACE('',(#884),#436,.T.);
#9477=ADVANCED_FACE('',(#885),#437,.T.);
#9478=ADVANCED_FACE('',(#886,#190),#438,.T.);
#9479=ADVANCED_FACE('',(#887,#191),#439,.F.);
#9480=ADVANCED_FACE('',(#888),#9268,.F.);
#9481=ADVANCED_FACE('',(#889),#440,.T.);
#9482=ADVANCED_FACE('',(#890),#441,.T.);
#9483=ADVANCED_FACE('',(#891),#442,.T.);
#9484=ADVANCED_FACE('',(#892),#443,.T.);
#9485=ADVANCED_FACE('',(#893),#444,.T.);
#9486=ADVANCED_FACE('',(#894),#445,.T.);
#9487=ADVANCED_FACE('',(#895,#192),#446,.T.);
#9488=ADVANCED_FACE('',(#896,#193),#447,.F.);
#9489=ADVANCED_FACE('',(#897),#9269,.F.);
#9490=ADVANCED_FACE('',(#898),#448,.T.);
#9491=ADVANCED_FACE('',(#899),#449,.T.);
#9492=ADVANCED_FACE('',(#900),#450,.T.);
#9493=ADVANCED_FACE('',(#901),#451,.T.);
#9494=ADVANCED_FACE('',(#902),#452,.T.);
#9495=ADVANCED_FACE('',(#903),#453,.T.);
#9496=ADVANCED_FACE('',(#904,#194),#454,.T.);
#9497=ADVANCED_FACE('',(#905,#195),#455,.F.);
#9498=ADVANCED_FACE('',(#906),#9270,.F.);
#9499=ADVANCED_FACE('',(#907),#456,.T.);
#9500=ADVANCED_FACE('',(#908),#457,.T.);
#9501=ADVANCED_FACE('',(#909),#458,.T.);
#9502=ADVANCED_FACE('',(#910),#459,.T.);
#9503=ADVANCED_FACE('',(#911),#460,.T.);
#9504=ADVANCED_FACE('',(#912),#461,.T.);
#9505=ADVANCED_FACE('',(#913,#196),#462,.T.);
#9506=ADVANCED_FACE('',(#914,#197),#463,.F.);
#9507=ADVANCED_FACE('',(#915),#9271,.F.);
#9508=ADVANCED_FACE('',(#916),#464,.T.);
#9509=ADVANCED_FACE('',(#917),#465,.T.);
#9510=ADVANCED_FACE('',(#918),#466,.T.);
#9511=ADVANCED_FACE('',(#919),#467,.T.);
#9512=ADVANCED_FACE('',(#920),#468,.T.);
#9513=ADVANCED_FACE('',(#921),#469,.T.);
#9514=ADVANCED_FACE('',(#922,#198),#470,.T.);
#9515=ADVANCED_FACE('',(#923,#199),#471,.F.);
#9516=ADVANCED_FACE('',(#924),#9272,.F.);
#9517=ADVANCED_FACE('',(#925),#472,.T.);
#9518=ADVANCED_FACE('',(#926),#473,.T.);
#9519=ADVANCED_FACE('',(#927),#474,.T.);
#9520=ADVANCED_FACE('',(#928),#475,.T.);
#9521=ADVANCED_FACE('',(#929),#476,.T.);
#9522=ADVANCED_FACE('',(#930),#477,.T.);
#9523=ADVANCED_FACE('',(#931,#200),#478,.T.);
#9524=ADVANCED_FACE('',(#932,#201),#479,.F.);
#9525=ADVANCED_FACE('',(#933),#9273,.F.);
#9526=ADVANCED_FACE('',(#934),#480,.T.);
#9527=ADVANCED_FACE('',(#935),#481,.T.);
#9528=ADVANCED_FACE('',(#936),#482,.T.);
#9529=ADVANCED_FACE('',(#937),#483,.T.);
#9530=ADVANCED_FACE('',(#938),#484,.T.);
#9531=ADVANCED_FACE('',(#939),#485,.T.);
#9532=ADVANCED_FACE('',(#940,#202),#486,.T.);
#9533=ADVANCED_FACE('',(#941,#203),#487,.F.);
#9534=ADVANCED_FACE('',(#942),#9274,.F.);
#9535=ADVANCED_FACE('',(#943),#488,.T.);
#9536=ADVANCED_FACE('',(#944),#489,.T.);
#9537=ADVANCED_FACE('',(#945),#490,.T.);
#9538=ADVANCED_FACE('',(#946),#491,.T.);
#9539=ADVANCED_FACE('',(#947),#492,.T.);
#9540=ADVANCED_FACE('',(#948),#493,.T.);
#9541=ADVANCED_FACE('',(#949,#204),#494,.T.);
#9542=ADVANCED_FACE('',(#950,#205),#495,.F.);
#9543=ADVANCED_FACE('',(#951),#9275,.F.);
#9544=ADVANCED_FACE('',(#952),#496,.T.);
#9545=ADVANCED_FACE('',(#953),#497,.T.);
#9546=ADVANCED_FACE('',(#954),#498,.T.);
#9547=ADVANCED_FACE('',(#955),#499,.T.);
#9548=ADVANCED_FACE('',(#956),#500,.T.);
#9549=ADVANCED_FACE('',(#957),#501,.T.);
#9550=ADVANCED_FACE('',(#958,#206),#502,.T.);
#9551=ADVANCED_FACE('',(#959,#207),#503,.F.);
#9552=ADVANCED_FACE('',(#960),#9276,.F.);
#9553=ADVANCED_FACE('',(#961),#504,.T.);
#9554=ADVANCED_FACE('',(#962),#505,.T.);
#9555=ADVANCED_FACE('',(#963),#506,.T.);
#9556=ADVANCED_FACE('',(#964),#507,.T.);
#9557=ADVANCED_FACE('',(#965),#508,.T.);
#9558=ADVANCED_FACE('',(#966),#509,.T.);
#9559=ADVANCED_FACE('',(#967,#208),#510,.T.);
#9560=ADVANCED_FACE('',(#968,#209),#511,.F.);
#9561=ADVANCED_FACE('',(#969),#9277,.F.);
#9562=ADVANCED_FACE('',(#970),#512,.T.);
#9563=ADVANCED_FACE('',(#971),#513,.T.);
#9564=ADVANCED_FACE('',(#972),#514,.T.);
#9565=ADVANCED_FACE('',(#973),#515,.T.);
#9566=ADVANCED_FACE('',(#974),#516,.T.);
#9567=ADVANCED_FACE('',(#975),#517,.T.);
#9568=ADVANCED_FACE('',(#976,#210),#518,.T.);
#9569=ADVANCED_FACE('',(#977,#211),#519,.F.);
#9570=ADVANCED_FACE('',(#978),#9278,.F.);
#9571=ADVANCED_FACE('',(#979),#520,.T.);
#9572=ADVANCED_FACE('',(#980),#521,.T.);
#9573=ADVANCED_FACE('',(#981),#522,.T.);
#9574=ADVANCED_FACE('',(#982),#523,.T.);
#9575=ADVANCED_FACE('',(#983),#524,.T.);
#9576=ADVANCED_FACE('',(#984),#525,.T.);
#9577=ADVANCED_FACE('',(#985,#212),#526,.T.);
#9578=ADVANCED_FACE('',(#986,#213),#527,.F.);
#9579=ADVANCED_FACE('',(#987),#9279,.F.);
#9580=ADVANCED_FACE('',(#988),#9280,.F.);
#9581=ADVANCED_FACE('',(#989),#9281,.F.);
#9582=ADVANCED_FACE('',(#990),#9282,.F.);
#9583=ADVANCED_FACE('',(#991),#9283,.F.);
#9584=ADVANCED_FACE('',(#992),#528,.F.);
#9585=ADVANCED_FACE('',(#993),#529,.F.);
#9586=ADVANCED_FACE('',(#994),#530,.F.);
#9587=ADVANCED_FACE('',(#995),#531,.F.);
#9588=ADVANCED_FACE('',(#996),#532,.F.);
#9589=ADVANCED_FACE('',(#997),#533,.F.);
#9590=ADVANCED_FACE('',(#998),#534,.F.);
#9591=ADVANCED_FACE('',(#999),#535,.F.);
#9592=ADVANCED_FACE('',(#1000),#536,.F.);
#9593=ADVANCED_FACE('',(#1001),#537,.F.);
#9594=ADVANCED_FACE('',(#1002),#538,.F.);
#9595=ADVANCED_FACE('',(#1003),#539,.F.);
#9596=ADVANCED_FACE('',(#1004),#540,.F.);
#9597=ADVANCED_FACE('',(#1005),#541,.F.);
#9598=ADVANCED_FACE('',(#1006),#542,.F.);
#9599=ADVANCED_FACE('',(#1007),#543,.F.);
#9600=ADVANCED_FACE('',(#1008),#544,.F.);
#9601=ADVANCED_FACE('',(#1009),#545,.F.);
#9602=ADVANCED_FACE('',(#1010),#546,.F.);
#9603=ADVANCED_FACE('',(#1011),#547,.F.);
#9604=ADVANCED_FACE('',(#1012),#548,.F.);
#9605=ADVANCED_FACE('',(#1013),#549,.F.);
#9606=ADVANCED_FACE('',(#1014),#550,.F.);
#9607=ADVANCED_FACE('',(#1015),#551,.F.);
#9608=ADVANCED_FACE('',(#1016),#552,.F.);
#9609=ADVANCED_FACE('',(#1017),#553,.F.);
#9610=ADVANCED_FACE('',(#1018),#554,.F.);
#9611=ADVANCED_FACE('',(#1019),#555,.F.);
#9612=ADVANCED_FACE('',(#1020),#556,.F.);
#9613=ADVANCED_FACE('',(#1021),#557,.F.);
#9614=ADVANCED_FACE('',(#1022),#558,.F.);
#9615=ADVANCED_FACE('',(#1023),#559,.F.);
#9616=ADVANCED_FACE('',(#1024),#560,.F.);
#9617=ADVANCED_FACE('',(#1025),#561,.F.);
#9618=ADVANCED_FACE('',(#1026),#562,.F.);
#9619=ADVANCED_FACE('',(#1027),#563,.F.);
#9620=ADVANCED_FACE('',(#1028),#564,.F.);
#9621=ADVANCED_FACE('',(#1029),#565,.F.);
#9622=ADVANCED_FACE('',(#1030),#566,.F.);
#9623=ADVANCED_FACE('',(#1031),#567,.F.);
#9624=ADVANCED_FACE('',(#1032),#568,.F.);
#9625=ADVANCED_FACE('',(#1033),#569,.F.);
#9626=ADVANCED_FACE('',(#1034),#570,.F.);
#9627=ADVANCED_FACE('',(#1035),#571,.F.);
#9628=ADVANCED_FACE('',(#1036),#572,.F.);
#9629=ADVANCED_FACE('',(#1037),#573,.F.);
#9630=ADVANCED_FACE('',(#1038),#574,.F.);
#9631=ADVANCED_FACE('',(#1039),#575,.F.);
#9632=ADVANCED_FACE('',(#1040,#214,#215,#216,#217,#218,#219,#220,#221,#222,
#223,#224,#225,#226,#227,#228,#229,#230,#231,#232,#233,#234,#235,#236,#237,
#238,#239,#240,#241,#242,#243,#244,#245,#246,#247,#248,#249,#250,#251),
#576,.F.);
#9633=ADVANCED_FACE('',(#1041),#9284,.T.);
#9634=ADVANCED_FACE('',(#1042),#69,.T.);
#9635=ADVANCED_FACE('',(#1043,#252,#253,#254,#255,#256,#257,#258,#259,#260,
#261,#262,#263,#264,#265,#266,#267,#268,#269,#270,#271,#272,#273,#274,#275,
#276,#277,#278,#279,#280,#281,#282),#577,.T.);
#9636=ADVANCED_FACE('',(#1044),#39,.F.);
#9637=ADVANCED_FACE('',(#1045),#70,.T.);
#9638=ADVANCED_FACE('',(#1046),#9285,.T.);
#9639=ADVANCED_FACE('',(#1047),#71,.T.);
#9640=ADVANCED_FACE('',(#1048),#72,.T.);
#9641=ADVANCED_FACE('',(#1049),#73,.T.);
#9642=ADVANCED_FACE('',(#1050),#9286,.T.);
#9643=ADVANCED_FACE('',(#1051),#74,.T.);
#9644=ADVANCED_FACE('',(#1052),#40,.F.);
#9645=ADVANCED_FACE('',(#1053),#75,.F.);
#9646=ADVANCED_FACE('',(#1054,#283,#284,#285,#286,#287),#578,.T.);
#9647=ADVANCED_FACE('',(#1055),#76,.F.);
#9648=ADVANCED_FACE('',(#1056),#41,.F.);
#9649=ADVANCED_FACE('',(#1057),#77,.T.);
#9650=ADVANCED_FACE('',(#1058),#9287,.T.);
#9651=ADVANCED_FACE('',(#1059),#78,.T.);
#9652=ADVANCED_FACE('',(#1060),#79,.T.);
#9653=ADVANCED_FACE('',(#1061),#80,.T.);
#9654=ADVANCED_FACE('',(#1062),#9288,.T.);
#9655=ADVANCED_FACE('',(#1063),#81,.T.);
#9656=ADVANCED_FACE('',(#1064),#42,.F.);
#9657=ADVANCED_FACE('',(#1065),#82,.F.);
#9658=ADVANCED_FACE('',(#1066),#43,.F.);
#9659=ADVANCED_FACE('',(#1067),#83,.T.);
#9660=ADVANCED_FACE('',(#1068),#9289,.T.);
#9661=ADVANCED_FACE('',(#1069),#84,.T.);
#9662=ADVANCED_FACE('',(#1070),#85,.T.);
#9663=ADVANCED_FACE('',(#1071),#86,.T.);
#9664=ADVANCED_FACE('',(#1072),#9290,.T.);
#9665=ADVANCED_FACE('',(#1073),#87,.T.);
#9666=ADVANCED_FACE('',(#1074),#44,.F.);
#9667=ADVANCED_FACE('',(#1075),#9291,.F.);
#9668=ADVANCED_FACE('',(#1076),#9292,.F.);
#9669=ADVANCED_FACE('',(#1077),#9293,.F.);
#9670=ADVANCED_FACE('',(#1078),#9294,.F.);
#9671=ADVANCED_FACE('',(#1079),#579,.F.);
#9672=ADVANCED_FACE('',(#1080),#9295,.F.);
#9673=ADVANCED_FACE('',(#1081),#9296,.F.);
#9674=ADVANCED_FACE('',(#1082),#580,.F.);
#9675=ADVANCED_FACE('',(#1083),#9297,.F.);
#9676=ADVANCED_FACE('',(#1084),#9298,.F.);
#9677=ADVANCED_FACE('',(#1085),#581,.F.);
#9678=ADVANCED_FACE('',(#1086),#9299,.F.);
#9679=ADVANCED_FACE('',(#1087),#582,.F.);
#9680=ADVANCED_FACE('',(#1088),#583,.F.);
#9681=ADVANCED_FACE('',(#1089),#584,.F.);
#9682=ADVANCED_FACE('',(#1090),#585,.F.);
#9683=ADVANCED_FACE('',(#1091),#586,.F.);
#9684=ADVANCED_FACE('',(#1092),#587,.F.);
#9685=ADVANCED_FACE('',(#1093),#588,.F.);
#9686=ADVANCED_FACE('',(#1094),#589,.F.);
#9687=ADVANCED_FACE('',(#1095),#590,.F.);
#9688=ADVANCED_FACE('',(#1096),#591,.F.);
#9689=ADVANCED_FACE('',(#1097),#592,.F.);
#9690=ADVANCED_FACE('',(#1098),#593,.F.);
#9691=ADVANCED_FACE('',(#1099),#594,.F.);
#9692=ADVANCED_FACE('',(#1100),#595,.F.);
#9693=ADVANCED_FACE('',(#1101),#596,.F.);
#9694=ADVANCED_FACE('',(#1102),#597,.F.);
#9695=ADVANCED_FACE('',(#1103),#598,.F.);
#9696=ADVANCED_FACE('',(#1104),#599,.F.);
#9697=ADVANCED_FACE('',(#1105),#600,.F.);
#9698=ADVANCED_FACE('',(#1106),#601,.F.);
#9699=ADVANCED_FACE('',(#1107),#602,.F.);
#9700=ADVANCED_FACE('',(#1108),#603,.F.);
#9701=ADVANCED_FACE('',(#1109),#604,.F.);
#9702=ADVANCED_FACE('',(#1110),#605,.F.);
#9703=ADVANCED_FACE('',(#1111),#606,.F.);
#9704=ADVANCED_FACE('',(#1112),#607,.F.);
#9705=ADVANCED_FACE('',(#1113),#608,.F.);
#9706=ADVANCED_FACE('',(#1114),#609,.F.);
#9707=ADVANCED_FACE('',(#1115),#610,.F.);
#9708=ADVANCED_FACE('',(#1116),#611,.F.);
#9709=ADVANCED_FACE('',(#1117),#612,.F.);
#9710=ADVANCED_FACE('',(#1118),#613,.F.);
#9711=ADVANCED_FACE('',(#1119),#614,.F.);
#9712=ADVANCED_FACE('',(#1120),#615,.F.);
#9713=ADVANCED_FACE('',(#1121),#616,.F.);
#9714=ADVANCED_FACE('',(#1122),#617,.F.);
#9715=ADVANCED_FACE('',(#1123),#618,.F.);
#9716=ADVANCED_FACE('',(#1124),#619,.F.);
#9717=ADVANCED_FACE('',(#1125),#620,.F.);
#9718=ADVANCED_FACE('',(#1126),#621,.F.);
#9719=ADVANCED_FACE('',(#1127),#622,.F.);
#9720=ADVANCED_FACE('',(#1128),#623,.F.);
#9721=ADVANCED_FACE('',(#1129),#624,.F.);
#9722=ADVANCED_FACE('',(#1130),#625,.F.);
#9723=ADVANCED_FACE('',(#1131),#626,.F.);
#9724=ADVANCED_FACE('',(#1132),#627,.F.);
#9725=ADVANCED_FACE('',(#1133),#628,.F.);
#9726=ADVANCED_FACE('',(#1134),#629,.F.);
#9727=ADVANCED_FACE('',(#1135),#630,.F.);
#9728=ADVANCED_FACE('',(#1136),#631,.F.);
#9729=ADVANCED_FACE('',(#1137),#632,.F.);
#9730=ADVANCED_FACE('',(#1138),#633,.F.);
#9731=ADVANCED_FACE('',(#1139),#634,.F.);
#9732=ADVANCED_FACE('',(#1140),#635,.F.);
#9733=ADVANCED_FACE('',(#1141),#636,.F.);
#9734=ADVANCED_FACE('',(#1142),#637,.F.);
#9735=ADVANCED_FACE('',(#1143),#638,.F.);
#9736=ADVANCED_FACE('',(#1144),#639,.F.);
#9737=ADVANCED_FACE('',(#1145),#640,.F.);
#9738=ADVANCED_FACE('',(#1146),#641,.F.);
#9739=ADVANCED_FACE('',(#1147),#642,.F.);
#9740=ADVANCED_FACE('',(#1148),#643,.F.);
#9741=ADVANCED_FACE('',(#1149),#644,.F.);
#9742=ADVANCED_FACE('',(#1150),#645,.F.);
#9743=ADVANCED_FACE('',(#1151),#646,.F.);
#9744=ADVANCED_FACE('',(#1152),#647,.F.);
#9745=ADVANCED_FACE('',(#1153),#648,.F.);
#9746=ADVANCED_FACE('',(#1154),#649,.F.);
#9747=ADVANCED_FACE('',(#1155),#650,.F.);
#9748=ADVANCED_FACE('',(#1156),#651,.F.);
#9749=ADVANCED_FACE('',(#1157),#652,.F.);
#9750=ADVANCED_FACE('',(#1158),#653,.F.);
#9751=ADVANCED_FACE('',(#1159),#654,.F.);
#9752=ADVANCED_FACE('',(#1160),#655,.F.);
#9753=ADVANCED_FACE('',(#1161),#656,.F.);
#9754=ADVANCED_FACE('',(#1162),#657,.F.);
#9755=ADVANCED_FACE('',(#1163),#658,.F.);
#9756=ADVANCED_FACE('',(#1164),#659,.F.);
#9757=ADVANCED_FACE('',(#1165),#660,.F.);
#9758=ADVANCED_FACE('',(#1166),#661,.F.);
#9759=ADVANCED_FACE('',(#1167),#662,.F.);
#9760=ADVANCED_FACE('',(#1168),#663,.F.);
#9761=ADVANCED_FACE('',(#1169),#664,.F.);
#9762=ADVANCED_FACE('',(#1170),#665,.F.);
#9763=ADVANCED_FACE('',(#1171),#666,.F.);
#9764=ADVANCED_FACE('',(#1172),#667,.F.);
#9765=ADVANCED_FACE('',(#1173),#668,.F.);
#9766=ADVANCED_FACE('',(#1174),#669,.F.);
#9767=ADVANCED_FACE('',(#1175),#670,.F.);
#9768=ADVANCED_FACE('',(#1176),#671,.F.);
#9769=ADVANCED_FACE('',(#1177),#672,.F.);
#9770=ADVANCED_FACE('',(#1178),#673,.F.);
#9771=ADVANCED_FACE('',(#1179),#674,.F.);
#9772=ADVANCED_FACE('',(#1180),#675,.F.);
#9773=ADVANCED_FACE('',(#1181),#676,.F.);
#9774=ADVANCED_FACE('',(#1182),#677,.F.);
#9775=ADVANCED_FACE('',(#1183),#678,.F.);
#9776=ADVANCED_FACE('',(#1184),#679,.F.);
#9777=ADVANCED_FACE('',(#1185),#680,.F.);
#9778=ADVANCED_FACE('',(#1186),#681,.F.);
#9779=ADVANCED_FACE('',(#1187),#682,.F.);
#9780=ADVANCED_FACE('',(#1188),#683,.F.);
#9781=ADVANCED_FACE('',(#1189),#684,.F.);
#9782=ADVANCED_FACE('',(#1190),#685,.F.);
#9783=ADVANCED_FACE('',(#1191),#686,.F.);
#9784=ADVANCED_FACE('',(#1192),#687,.F.);
#9785=ADVANCED_FACE('',(#1193),#688,.F.);
#9786=ADVANCED_FACE('',(#1194),#689,.F.);
#9787=ADVANCED_FACE('',(#1195),#690,.F.);
#9788=ADVANCED_FACE('',(#1196),#691,.F.);
#9789=ADVANCED_FACE('',(#1197),#692,.F.);
#9790=ADVANCED_FACE('',(#1198),#693,.F.);
#9791=ADVANCED_FACE('',(#1199),#694,.F.);
#9792=ADVANCED_FACE('',(#1200),#695,.F.);
#9793=ADVANCED_FACE('',(#1201),#696,.F.);
#9794=ADVANCED_FACE('',(#1202),#697,.F.);
#9795=ADVANCED_FACE('',(#1203),#698,.F.);
#9796=ADVANCED_FACE('',(#1204),#699,.F.);
#9797=ADVANCED_FACE('',(#1205),#700,.F.);
#9798=ADVANCED_FACE('',(#1206),#701,.F.);
#9799=ADVANCED_FACE('',(#1207),#702,.F.);
#9800=ADVANCED_FACE('',(#1208),#703,.F.);
#9801=ADVANCED_FACE('',(#1209),#704,.F.);
#9802=ADVANCED_FACE('',(#1210),#705,.F.);
#9803=ADVANCED_FACE('',(#1211),#706,.F.);
#9804=ADVANCED_FACE('',(#1212),#707,.F.);
#9805=ADVANCED_FACE('',(#1213),#708,.F.);
#9806=ADVANCED_FACE('',(#1214),#709,.F.);
#9807=ADVANCED_FACE('',(#1215),#710,.F.);
#9808=ADVANCED_FACE('',(#1216),#711,.F.);
#9809=ADVANCED_FACE('',(#1217),#712,.F.);
#9810=ADVANCED_FACE('',(#1218),#713,.F.);
#9811=ADVANCED_FACE('',(#1219),#714,.F.);
#9812=ADVANCED_FACE('',(#1220),#715,.F.);
#9813=ADVANCED_FACE('',(#1221),#9300,.T.);
#9814=ADVANCED_FACE('',(#1222),#9301,.F.);
#9815=ADVANCED_FACE('',(#1223),#716,.F.);
#9816=ADVANCED_FACE('',(#1224),#9302,.F.);
#9817=ADVANCED_FACE('',(#1225),#9303,.F.);
#9818=ADVANCED_FACE('',(#1226),#9304,.T.);
#9819=ADVANCED_FACE('',(#1227),#9305,.F.);
#9820=ADVANCED_FACE('',(#1228),#9306,.F.);
#9821=ADVANCED_FACE('',(#1229),#9307,.F.);
#9822=ADVANCED_FACE('',(#1230),#9308,.T.);
#9823=CLOSED_SHELL('',(#9309,#9310,#9311,#9312,#9313,#9314,#9315,#9316,
#9317));
#9824=CLOSED_SHELL('',(#9318,#9319,#9320,#9321,#9322,#9323,#9324,#9325,
#9326));
#9825=CLOSED_SHELL('',(#9327,#9328,#9329,#9330,#9331,#9332,#9333,#9334,
#9335));
#9826=CLOSED_SHELL('',(#9336,#9337,#9338,#9339,#9340,#9341,#9342,#9343,
#9344));
#9827=CLOSED_SHELL('',(#9345,#9346,#9347,#9348,#9349,#9350,#9351,#9352,
#9353));
#9828=CLOSED_SHELL('',(#9354,#9355,#9356,#9357,#9358,#9359,#9360,#9361,
#9362));
#9829=CLOSED_SHELL('',(#9363,#9364,#9365,#9366,#9367,#9368,#9369,#9370,
#9371));
#9830=CLOSED_SHELL('',(#9372,#9373,#9374,#9375,#9376,#9377,#9378,#9379,
#9380));
#9831=CLOSED_SHELL('',(#9381,#9382,#9383,#9384,#9385,#9386,#9387,#9388,
#9389));
#9832=CLOSED_SHELL('',(#9390,#9391,#9392,#9393,#9394,#9395,#9396,#9397,
#9398));
#9833=CLOSED_SHELL('',(#9399,#9400,#9401,#9402,#9403,#9404,#9405,#9406,
#9407));
#9834=CLOSED_SHELL('',(#9408,#9409,#9410,#9411,#9412,#9413,#9414,#9415,
#9416));
#9835=CLOSED_SHELL('',(#9417,#9418,#9419,#9420,#9421,#9422,#9423,#9424,
#9425));
#9836=CLOSED_SHELL('',(#9426,#9427,#9428,#9429,#9430,#9431,#9432,#9433,
#9434));
#9837=CLOSED_SHELL('',(#9435,#9436,#9437,#9438,#9439,#9440,#9441,#9442,
#9443));
#9838=CLOSED_SHELL('',(#9444,#9445,#9446,#9447,#9448,#9449,#9450,#9451,
#9452));
#9839=CLOSED_SHELL('',(#9453,#9454,#9455,#9456,#9457,#9458,#9459,#9460,
#9461));
#9840=CLOSED_SHELL('',(#9462,#9463,#9464,#9465,#9466,#9467,#9468,#9469,
#9470));
#9841=CLOSED_SHELL('',(#9471,#9472,#9473,#9474,#9475,#9476,#9477,#9478,
#9479));
#9842=CLOSED_SHELL('',(#9480,#9481,#9482,#9483,#9484,#9485,#9486,#9487,
#9488));
#9843=CLOSED_SHELL('',(#9489,#9490,#9491,#9492,#9493,#9494,#9495,#9496,
#9497));
#9844=CLOSED_SHELL('',(#9498,#9499,#9500,#9501,#9502,#9503,#9504,#9505,
#9506));
#9845=CLOSED_SHELL('',(#9507,#9508,#9509,#9510,#9511,#9512,#9513,#9514,
#9515));
#9846=CLOSED_SHELL('',(#9516,#9517,#9518,#9519,#9520,#9521,#9522,#9523,
#9524));
#9847=CLOSED_SHELL('',(#9525,#9526,#9527,#9528,#9529,#9530,#9531,#9532,
#9533));
#9848=CLOSED_SHELL('',(#9534,#9535,#9536,#9537,#9538,#9539,#9540,#9541,
#9542));
#9849=CLOSED_SHELL('',(#9543,#9544,#9545,#9546,#9547,#9548,#9549,#9550,
#9551));
#9850=CLOSED_SHELL('',(#9552,#9553,#9554,#9555,#9556,#9557,#9558,#9559,
#9560));
#9851=CLOSED_SHELL('',(#9561,#9562,#9563,#9564,#9565,#9566,#9567,#9568,
#9569));
#9852=CLOSED_SHELL('',(#9570,#9571,#9572,#9573,#9574,#9575,#9576,#9577,
#9578));
#9853=CLOSED_SHELL('',(#9579,#9580,#9581,#9582,#9583,#9584,#9585,#9586,
#9587,#9588,#9589,#9590,#9591,#9592,#9593,#9594,#9595,#9596,#9597,#9598,
#9599,#9600,#9601,#9602,#9603,#9604,#9605,#9606,#9607,#9608,#9609,#9610,
#9611,#9612,#9613,#9614,#9615,#9616,#9617,#9618,#9619,#9620,#9621,#9622,
#9623,#9624,#9625,#9626,#9627,#9628,#9629,#9630,#9631,#9632,#9633,#9634,
#9635,#9636,#9637,#9638,#9639,#9640,#9641,#9642,#9643,#9644,#9645,#9646,
#9647,#9648,#9649,#9650,#9651,#9652,#9653,#9654,#9655,#9656,#9657,#9658,
#9659,#9660,#9661,#9662,#9663,#9664,#9665,#9666,#9667,#9668,#9669,#9670,
#9671,#9672,#9673,#9674,#9675,#9676,#9677,#9678,#9679,#9680,#9681,#9682,
#9683,#9684,#9685,#9686,#9687,#9688,#9689,#9690,#9691,#9692,#9693,#9694,
#9695,#9696,#9697,#9698,#9699,#9700,#9701,#9702,#9703,#9704,#9705,#9706,
#9707,#9708,#9709,#9710,#9711,#9712,#9713,#9714,#9715,#9716,#9717,#9718,
#9719,#9720,#9721,#9722,#9723,#9724,#9725,#9726,#9727,#9728,#9729,#9730,
#9731,#9732,#9733,#9734,#9735,#9736,#9737,#9738,#9739,#9740,#9741,#9742,
#9743,#9744,#9745,#9746,#9747,#9748,#9749,#9750,#9751,#9752,#9753,#9754,
#9755,#9756,#9757,#9758,#9759,#9760,#9761,#9762,#9763,#9764,#9765,#9766,
#9767,#9768,#9769,#9770,#9771,#9772,#9773,#9774,#9775,#9776,#9777,#9778,
#9779,#9780,#9781,#9782,#9783,#9784,#9785,#9786,#9787,#9788,#9789,#9790,
#9791,#9792,#9793,#9794,#9795,#9796,#9797,#9798,#9799,#9800,#9801,#9802,
#9803,#9804,#9805,#9806,#9807,#9808,#9809,#9810,#9811,#9812,#9813,#9814,
#9815,#9816,#9817,#9818,#9819,#9820,#9821,#9822));
#9854=DERIVED_UNIT_ELEMENT(#9856,1.);
#9855=DERIVED_UNIT_ELEMENT(#16359,-3.);
#9856=(
MASS_UNIT()
NAMED_UNIT(*)
SI_UNIT(.KILO.,.GRAM.)
);
#9857=DERIVED_UNIT((#9854,#9855));
#9858=MEASURE_REPRESENTATION_ITEM('density measure',
POSITIVE_RATIO_MEASURE(7850.),#9857);
#9859=PROPERTY_DEFINITION_REPRESENTATION(#9864,#9861);
#9860=PROPERTY_DEFINITION_REPRESENTATION(#9865,#9862);
#9861=REPRESENTATION('material name',(#9863),#16356);
#9862=REPRESENTATION('density',(#9858),#16356);
#9863=DESCRIPTIVE_REPRESENTATION_ITEM('Steel','Steel');
#9864=PROPERTY_DEFINITION('material property','material name',#16401);
#9865=PROPERTY_DEFINITION('material property','density of part',#16401);
#9866=AXIS2_PLACEMENT_3D('',#13061,#10545,#10546);
#9867=AXIS2_PLACEMENT_3D('',#13062,#10547,#10548);
#9868=AXIS2_PLACEMENT_3D('',#13063,#10549,#10550);
#9869=AXIS2_PLACEMENT_3D('',#13064,#10551,#10552);
#9870=AXIS2_PLACEMENT_3D('',#13065,#10553,#10554);
#9871=AXIS2_PLACEMENT_3D('',#13066,#10555,#10556);
#9872=AXIS2_PLACEMENT_3D('',#13067,#10557,#10558);
#9873=AXIS2_PLACEMENT_3D('',#13068,#10559,#10560);
#9874=AXIS2_PLACEMENT_3D('',#13069,#10561,#10562);
#9875=AXIS2_PLACEMENT_3D('',#13071,#10563,#10564);
#9876=AXIS2_PLACEMENT_3D('',#13074,#10566,#10567);
#9877=AXIS2_PLACEMENT_3D('',#13075,#10568,#10569);
#9878=AXIS2_PLACEMENT_3D('',#13084,#10574,#10575);
#9879=AXIS2_PLACEMENT_3D('',#13090,#10579,#10580);
#9880=AXIS2_PLACEMENT_3D('',#13096,#10584,#10585);
#9881=AXIS2_PLACEMENT_3D('',#13102,#10589,#10590);
#9882=AXIS2_PLACEMENT_3D('',#13108,#10594,#10595);
#9883=AXIS2_PLACEMENT_3D('',#13111,#10598,#10599);
#9884=AXIS2_PLACEMENT_3D('',#13112,#10600,#10601);
#9885=AXIS2_PLACEMENT_3D('',#13113,#10602,#10603);
#9886=AXIS2_PLACEMENT_3D('',#13115,#10604,#10605);
#9887=AXIS2_PLACEMENT_3D('',#13118,#10607,#10608);
#9888=AXIS2_PLACEMENT_3D('',#13119,#10609,#10610);
#9889=AXIS2_PLACEMENT_3D('',#13128,#10615,#10616);
#9890=AXIS2_PLACEMENT_3D('',#13134,#10620,#10621);
#9891=AXIS2_PLACEMENT_3D('',#13140,#10625,#10626);
#9892=AXIS2_PLACEMENT_3D('',#13146,#10630,#10631);
#9893=AXIS2_PLACEMENT_3D('',#13152,#10635,#10636);
#9894=AXIS2_PLACEMENT_3D('',#13155,#10639,#10640);
#9895=AXIS2_PLACEMENT_3D('',#13156,#10641,#10642);
#9896=AXIS2_PLACEMENT_3D('',#13157,#10643,#10644);
#9897=AXIS2_PLACEMENT_3D('',#13159,#10645,#10646);
#9898=AXIS2_PLACEMENT_3D('',#13162,#10648,#10649);
#9899=AXIS2_PLACEMENT_3D('',#13163,#10650,#10651);
#9900=AXIS2_PLACEMENT_3D('',#13172,#10656,#10657);
#9901=AXIS2_PLACEMENT_3D('',#13178,#10661,#10662);
#9902=AXIS2_PLACEMENT_3D('',#13184,#10666,#10667);
#9903=AXIS2_PLACEMENT_3D('',#13190,#10671,#10672);
#9904=AXIS2_PLACEMENT_3D('',#13196,#10676,#10677);
#9905=AXIS2_PLACEMENT_3D('',#13199,#10680,#10681);
#9906=AXIS2_PLACEMENT_3D('',#13200,#10682,#10683);
#9907=AXIS2_PLACEMENT_3D('',#13201,#10684,#10685);
#9908=AXIS2_PLACEMENT_3D('',#13203,#10686,#10687);
#9909=AXIS2_PLACEMENT_3D('',#13206,#10689,#10690);
#9910=AXIS2_PLACEMENT_3D('',#13207,#10691,#10692);
#9911=AXIS2_PLACEMENT_3D('',#13216,#10697,#10698);
#9912=AXIS2_PLACEMENT_3D('',#13222,#10702,#10703);
#9913=AXIS2_PLACEMENT_3D('',#13228,#10707,#10708);
#9914=AXIS2_PLACEMENT_3D('',#13234,#10712,#10713);
#9915=AXIS2_PLACEMENT_3D('',#13240,#10717,#10718);
#9916=AXIS2_PLACEMENT_3D('',#13243,#10721,#10722);
#9917=AXIS2_PLACEMENT_3D('',#13244,#10723,#10724);
#9918=AXIS2_PLACEMENT_3D('',#13245,#10725,#10726);
#9919=AXIS2_PLACEMENT_3D('',#13247,#10727,#10728);
#9920=AXIS2_PLACEMENT_3D('',#13250,#10730,#10731);
#9921=AXIS2_PLACEMENT_3D('',#13251,#10732,#10733);
#9922=AXIS2_PLACEMENT_3D('',#13260,#10738,#10739);
#9923=AXIS2_PLACEMENT_3D('',#13266,#10743,#10744);
#9924=AXIS2_PLACEMENT_3D('',#13272,#10748,#10749);
#9925=AXIS2_PLACEMENT_3D('',#13278,#10753,#10754);
#9926=AXIS2_PLACEMENT_3D('',#13284,#10758,#10759);
#9927=AXIS2_PLACEMENT_3D('',#13287,#10762,#10763);
#9928=AXIS2_PLACEMENT_3D('',#13288,#10764,#10765);
#9929=AXIS2_PLACEMENT_3D('',#13289,#10766,#10767);
#9930=AXIS2_PLACEMENT_3D('',#13291,#10768,#10769);
#9931=AXIS2_PLACEMENT_3D('',#13294,#10771,#10772);
#9932=AXIS2_PLACEMENT_3D('',#13295,#10773,#10774);
#9933=AXIS2_PLACEMENT_3D('',#13304,#10779,#10780);
#9934=AXIS2_PLACEMENT_3D('',#13310,#10784,#10785);
#9935=AXIS2_PLACEMENT_3D('',#13316,#10789,#10790);
#9936=AXIS2_PLACEMENT_3D('',#13322,#10794,#10795);
#9937=AXIS2_PLACEMENT_3D('',#13328,#10799,#10800);
#9938=AXIS2_PLACEMENT_3D('',#13331,#10803,#10804);
#9939=AXIS2_PLACEMENT_3D('',#13332,#10805,#10806);
#9940=AXIS2_PLACEMENT_3D('',#13333,#10807,#10808);
#9941=AXIS2_PLACEMENT_3D('',#13335,#10809,#10810);
#9942=AXIS2_PLACEMENT_3D('',#13338,#10812,#10813);
#9943=AXIS2_PLACEMENT_3D('',#13339,#10814,#10815);
#9944=AXIS2_PLACEMENT_3D('',#13348,#10820,#10821);
#9945=AXIS2_PLACEMENT_3D('',#13354,#10825,#10826);
#9946=AXIS2_PLACEMENT_3D('',#13360,#10830,#10831);
#9947=AXIS2_PLACEMENT_3D('',#13366,#10835,#10836);
#9948=AXIS2_PLACEMENT_3D('',#13372,#10840,#10841);
#9949=AXIS2_PLACEMENT_3D('',#13375,#10844,#10845);
#9950=AXIS2_PLACEMENT_3D('',#13376,#10846,#10847);
#9951=AXIS2_PLACEMENT_3D('',#13377,#10848,#10849);
#9952=AXIS2_PLACEMENT_3D('',#13379,#10850,#10851);
#9953=AXIS2_PLACEMENT_3D('',#13382,#10853,#10854);
#9954=AXIS2_PLACEMENT_3D('',#13383,#10855,#10856);
#9955=AXIS2_PLACEMENT_3D('',#13392,#10861,#10862);
#9956=AXIS2_PLACEMENT_3D('',#13398,#10866,#10867);
#9957=AXIS2_PLACEMENT_3D('',#13404,#10871,#10872);
#9958=AXIS2_PLACEMENT_3D('',#13410,#10876,#10877);
#9959=AXIS2_PLACEMENT_3D('',#13416,#10881,#10882);
#9960=AXIS2_PLACEMENT_3D('',#13419,#10885,#10886);
#9961=AXIS2_PLACEMENT_3D('',#13420,#10887,#10888);
#9962=AXIS2_PLACEMENT_3D('',#13421,#10889,#10890);
#9963=AXIS2_PLACEMENT_3D('',#13423,#10891,#10892);
#9964=AXIS2_PLACEMENT_3D('',#13426,#10894,#10895);
#9965=AXIS2_PLACEMENT_3D('',#13427,#10896,#10897);
#9966=AXIS2_PLACEMENT_3D('',#13436,#10902,#10903);
#9967=AXIS2_PLACEMENT_3D('',#13442,#10907,#10908);
#9968=AXIS2_PLACEMENT_3D('',#13448,#10912,#10913);
#9969=AXIS2_PLACEMENT_3D('',#13454,#10917,#10918);
#9970=AXIS2_PLACEMENT_3D('',#13460,#10922,#10923);
#9971=AXIS2_PLACEMENT_3D('',#13463,#10926,#10927);
#9972=AXIS2_PLACEMENT_3D('',#13464,#10928,#10929);
#9973=AXIS2_PLACEMENT_3D('',#13465,#10930,#10931);
#9974=AXIS2_PLACEMENT_3D('',#13467,#10932,#10933);
#9975=AXIS2_PLACEMENT_3D('',#13470,#10935,#10936);
#9976=AXIS2_PLACEMENT_3D('',#13471,#10937,#10938);
#9977=AXIS2_PLACEMENT_3D('',#13480,#10943,#10944);
#9978=AXIS2_PLACEMENT_3D('',#13486,#10948,#10949);
#9979=AXIS2_PLACEMENT_3D('',#13492,#10953,#10954);
#9980=AXIS2_PLACEMENT_3D('',#13498,#10958,#10959);
#9981=AXIS2_PLACEMENT_3D('',#13504,#10963,#10964);
#9982=AXIS2_PLACEMENT_3D('',#13507,#10967,#10968);
#9983=AXIS2_PLACEMENT_3D('',#13508,#10969,#10970);
#9984=AXIS2_PLACEMENT_3D('',#13509,#10971,#10972);
#9985=AXIS2_PLACEMENT_3D('',#13511,#10973,#10974);
#9986=AXIS2_PLACEMENT_3D('',#13514,#10976,#10977);
#9987=AXIS2_PLACEMENT_3D('',#13515,#10978,#10979);
#9988=AXIS2_PLACEMENT_3D('',#13524,#10984,#10985);
#9989=AXIS2_PLACEMENT_3D('',#13530,#10989,#10990);
#9990=AXIS2_PLACEMENT_3D('',#13536,#10994,#10995);
#9991=AXIS2_PLACEMENT_3D('',#13542,#10999,#11000);
#9992=AXIS2_PLACEMENT_3D('',#13548,#11004,#11005);
#9993=AXIS2_PLACEMENT_3D('',#13551,#11008,#11009);
#9994=AXIS2_PLACEMENT_3D('',#13552,#11010,#11011);
#9995=AXIS2_PLACEMENT_3D('',#13553,#11012,#11013);
#9996=AXIS2_PLACEMENT_3D('',#13555,#11014,#11015);
#9997=AXIS2_PLACEMENT_3D('',#13558,#11017,#11018);
#9998=AXIS2_PLACEMENT_3D('',#13559,#11019,#11020);
#9999=AXIS2_PLACEMENT_3D('',#13568,#11025,#11026);
#10000=AXIS2_PLACEMENT_3D('',#13574,#11030,#11031);
#10001=AXIS2_PLACEMENT_3D('',#13580,#11035,#11036);
#10002=AXIS2_PLACEMENT_3D('',#13586,#11040,#11041);
#10003=AXIS2_PLACEMENT_3D('',#13592,#11045,#11046);
#10004=AXIS2_PLACEMENT_3D('',#13595,#11049,#11050);
#10005=AXIS2_PLACEMENT_3D('',#13596,#11051,#11052);
#10006=AXIS2_PLACEMENT_3D('',#13597,#11053,#11054);
#10007=AXIS2_PLACEMENT_3D('',#13599,#11055,#11056);
#10008=AXIS2_PLACEMENT_3D('',#13602,#11058,#11059);
#10009=AXIS2_PLACEMENT_3D('',#13603,#11060,#11061);
#10010=AXIS2_PLACEMENT_3D('',#13612,#11066,#11067);
#10011=AXIS2_PLACEMENT_3D('',#13618,#11071,#11072);
#10012=AXIS2_PLACEMENT_3D('',#13624,#11076,#11077);
#10013=AXIS2_PLACEMENT_3D('',#13630,#11081,#11082);
#10014=AXIS2_PLACEMENT_3D('',#13636,#11086,#11087);
#10015=AXIS2_PLACEMENT_3D('',#13639,#11090,#11091);
#10016=AXIS2_PLACEMENT_3D('',#13640,#11092,#11093);
#10017=AXIS2_PLACEMENT_3D('',#13641,#11094,#11095);
#10018=AXIS2_PLACEMENT_3D('',#13643,#11096,#11097);
#10019=AXIS2_PLACEMENT_3D('',#13646,#11099,#11100);
#10020=AXIS2_PLACEMENT_3D('',#13647,#11101,#11102);
#10021=AXIS2_PLACEMENT_3D('',#13656,#11107,#11108);
#10022=AXIS2_PLACEMENT_3D('',#13662,#11112,#11113);
#10023=AXIS2_PLACEMENT_3D('',#13668,#11117,#11118);
#10024=AXIS2_PLACEMENT_3D('',#13674,#11122,#11123);
#10025=AXIS2_PLACEMENT_3D('',#13680,#11127,#11128);
#10026=AXIS2_PLACEMENT_3D('',#13683,#11131,#11132);
#10027=AXIS2_PLACEMENT_3D('',#13684,#11133,#11134);
#10028=AXIS2_PLACEMENT_3D('',#13685,#11135,#11136);
#10029=AXIS2_PLACEMENT_3D('',#13687,#11137,#11138);
#10030=AXIS2_PLACEMENT_3D('',#13690,#11140,#11141);
#10031=AXIS2_PLACEMENT_3D('',#13691,#11142,#11143);
#10032=AXIS2_PLACEMENT_3D('',#13700,#11148,#11149);
#10033=AXIS2_PLACEMENT_3D('',#13706,#11153,#11154);
#10034=AXIS2_PLACEMENT_3D('',#13712,#11158,#11159);
#10035=AXIS2_PLACEMENT_3D('',#13718,#11163,#11164);
#10036=AXIS2_PLACEMENT_3D('',#13724,#11168,#11169);
#10037=AXIS2_PLACEMENT_3D('',#13727,#11172,#11173);
#10038=AXIS2_PLACEMENT_3D('',#13728,#11174,#11175);
#10039=AXIS2_PLACEMENT_3D('',#13729,#11176,#11177);
#10040=AXIS2_PLACEMENT_3D('',#13731,#11178,#11179);
#10041=AXIS2_PLACEMENT_3D('',#13734,#11181,#11182);
#10042=AXIS2_PLACEMENT_3D('',#13735,#11183,#11184);
#10043=AXIS2_PLACEMENT_3D('',#13744,#11189,#11190);
#10044=AXIS2_PLACEMENT_3D('',#13750,#11194,#11195);
#10045=AXIS2_PLACEMENT_3D('',#13756,#11199,#11200);
#10046=AXIS2_PLACEMENT_3D('',#13762,#11204,#11205);
#10047=AXIS2_PLACEMENT_3D('',#13768,#11209,#11210);
#10048=AXIS2_PLACEMENT_3D('',#13771,#11213,#11214);
#10049=AXIS2_PLACEMENT_3D('',#13772,#11215,#11216);
#10050=AXIS2_PLACEMENT_3D('',#13773,#11217,#11218);
#10051=AXIS2_PLACEMENT_3D('',#13775,#11219,#11220);
#10052=AXIS2_PLACEMENT_3D('',#13778,#11222,#11223);
#10053=AXIS2_PLACEMENT_3D('',#13779,#11224,#11225);
#10054=AXIS2_PLACEMENT_3D('',#13788,#11230,#11231);
#10055=AXIS2_PLACEMENT_3D('',#13794,#11235,#11236);
#10056=AXIS2_PLACEMENT_3D('',#13800,#11240,#11241);
#10057=AXIS2_PLACEMENT_3D('',#13806,#11245,#11246);
#10058=AXIS2_PLACEMENT_3D('',#13812,#11250,#11251);
#10059=AXIS2_PLACEMENT_3D('',#13815,#11254,#11255);
#10060=AXIS2_PLACEMENT_3D('',#13816,#11256,#11257);
#10061=AXIS2_PLACEMENT_3D('',#13817,#11258,#11259);
#10062=AXIS2_PLACEMENT_3D('',#13819,#11260,#11261);
#10063=AXIS2_PLACEMENT_3D('',#13822,#11263,#11264);
#10064=AXIS2_PLACEMENT_3D('',#13823,#11265,#11266);
#10065=AXIS2_PLACEMENT_3D('',#13832,#11271,#11272);
#10066=AXIS2_PLACEMENT_3D('',#13838,#11276,#11277);
#10067=AXIS2_PLACEMENT_3D('',#13844,#11281,#11282);
#10068=AXIS2_PLACEMENT_3D('',#13850,#11286,#11287);
#10069=AXIS2_PLACEMENT_3D('',#13856,#11291,#11292);
#10070=AXIS2_PLACEMENT_3D('',#13859,#11295,#11296);
#10071=AXIS2_PLACEMENT_3D('',#13860,#11297,#11298);
#10072=AXIS2_PLACEMENT_3D('',#13861,#11299,#11300);
#10073=AXIS2_PLACEMENT_3D('',#13863,#11301,#11302);
#10074=AXIS2_PLACEMENT_3D('',#13866,#11304,#11305);
#10075=AXIS2_PLACEMENT_3D('',#13867,#11306,#11307);
#10076=AXIS2_PLACEMENT_3D('',#13876,#11312,#11313);
#10077=AXIS2_PLACEMENT_3D('',#13882,#11317,#11318);
#10078=AXIS2_PLACEMENT_3D('',#13888,#11322,#11323);
#10079=AXIS2_PLACEMENT_3D('',#13894,#11327,#11328);
#10080=AXIS2_PLACEMENT_3D('',#13900,#11332,#11333);
#10081=AXIS2_PLACEMENT_3D('',#13903,#11336,#11337);
#10082=AXIS2_PLACEMENT_3D('',#13904,#11338,#11339);
#10083=AXIS2_PLACEMENT_3D('',#13905,#11340,#11341);
#10084=AXIS2_PLACEMENT_3D('',#13907,#11342,#11343);
#10085=AXIS2_PLACEMENT_3D('',#13910,#11345,#11346);
#10086=AXIS2_PLACEMENT_3D('',#13911,#11347,#11348);
#10087=AXIS2_PLACEMENT_3D('',#13920,#11353,#11354);
#10088=AXIS2_PLACEMENT_3D('',#13926,#11358,#11359);
#10089=AXIS2_PLACEMENT_3D('',#13932,#11363,#11364);
#10090=AXIS2_PLACEMENT_3D('',#13938,#11368,#11369);
#10091=AXIS2_PLACEMENT_3D('',#13944,#11373,#11374);
#10092=AXIS2_PLACEMENT_3D('',#13947,#11377,#11378);
#10093=AXIS2_PLACEMENT_3D('',#13948,#11379,#11380);
#10094=AXIS2_PLACEMENT_3D('',#13949,#11381,#11382);
#10095=AXIS2_PLACEMENT_3D('',#13951,#11383,#11384);
#10096=AXIS2_PLACEMENT_3D('',#13954,#11386,#11387);
#10097=AXIS2_PLACEMENT_3D('',#13955,#11388,#11389);
#10098=AXIS2_PLACEMENT_3D('',#13964,#11394,#11395);
#10099=AXIS2_PLACEMENT_3D('',#13970,#11399,#11400);
#10100=AXIS2_PLACEMENT_3D('',#13976,#11404,#11405);
#10101=AXIS2_PLACEMENT_3D('',#13982,#11409,#11410);
#10102=AXIS2_PLACEMENT_3D('',#13988,#11414,#11415);
#10103=AXIS2_PLACEMENT_3D('',#13991,#11418,#11419);
#10104=AXIS2_PLACEMENT_3D('',#13992,#11420,#11421);
#10105=AXIS2_PLACEMENT_3D('',#13993,#11422,#11423);
#10106=AXIS2_PLACEMENT_3D('',#13995,#11424,#11425);
#10107=AXIS2_PLACEMENT_3D('',#13998,#11427,#11428);
#10108=AXIS2_PLACEMENT_3D('',#13999,#11429,#11430);
#10109=AXIS2_PLACEMENT_3D('',#14008,#11435,#11436);
#10110=AXIS2_PLACEMENT_3D('',#14014,#11440,#11441);
#10111=AXIS2_PLACEMENT_3D('',#14020,#11445,#11446);
#10112=AXIS2_PLACEMENT_3D('',#14026,#11450,#11451);
#10113=AXIS2_PLACEMENT_3D('',#14032,#11455,#11456);
#10114=AXIS2_PLACEMENT_3D('',#14035,#11459,#11460);
#10115=AXIS2_PLACEMENT_3D('',#14036,#11461,#11462);
#10116=AXIS2_PLACEMENT_3D('',#14037,#11463,#11464);
#10117=AXIS2_PLACEMENT_3D('',#14039,#11465,#11466);
#10118=AXIS2_PLACEMENT_3D('',#14042,#11468,#11469);
#10119=AXIS2_PLACEMENT_3D('',#14043,#11470,#11471);
#10120=AXIS2_PLACEMENT_3D('',#14052,#11476,#11477);
#10121=AXIS2_PLACEMENT_3D('',#14058,#11481,#11482);
#10122=AXIS2_PLACEMENT_3D('',#14064,#11486,#11487);
#10123=AXIS2_PLACEMENT_3D('',#14070,#11491,#11492);
#10124=AXIS2_PLACEMENT_3D('',#14076,#11496,#11497);
#10125=AXIS2_PLACEMENT_3D('',#14079,#11500,#11501);
#10126=AXIS2_PLACEMENT_3D('',#14080,#11502,#11503);
#10127=AXIS2_PLACEMENT_3D('',#14081,#11504,#11505);
#10128=AXIS2_PLACEMENT_3D('',#14083,#11506,#11507);
#10129=AXIS2_PLACEMENT_3D('',#14086,#11509,#11510);
#10130=AXIS2_PLACEMENT_3D('',#14087,#11511,#11512);
#10131=AXIS2_PLACEMENT_3D('',#14096,#11517,#11518);
#10132=AXIS2_PLACEMENT_3D('',#14102,#11522,#11523);
#10133=AXIS2_PLACEMENT_3D('',#14108,#11527,#11528);
#10134=AXIS2_PLACEMENT_3D('',#14114,#11532,#11533);
#10135=AXIS2_PLACEMENT_3D('',#14120,#11537,#11538);
#10136=AXIS2_PLACEMENT_3D('',#14123,#11541,#11542);
#10137=AXIS2_PLACEMENT_3D('',#14124,#11543,#11544);
#10138=AXIS2_PLACEMENT_3D('',#14125,#11545,#11546);
#10139=AXIS2_PLACEMENT_3D('',#14127,#11547,#11548);
#10140=AXIS2_PLACEMENT_3D('',#14130,#11550,#11551);
#10141=AXIS2_PLACEMENT_3D('',#14131,#11552,#11553);
#10142=AXIS2_PLACEMENT_3D('',#14140,#11558,#11559);
#10143=AXIS2_PLACEMENT_3D('',#14146,#11563,#11564);
#10144=AXIS2_PLACEMENT_3D('',#14152,#11568,#11569);
#10145=AXIS2_PLACEMENT_3D('',#14158,#11573,#11574);
#10146=AXIS2_PLACEMENT_3D('',#14164,#11578,#11579);
#10147=AXIS2_PLACEMENT_3D('',#14167,#11582,#11583);
#10148=AXIS2_PLACEMENT_3D('',#14168,#11584,#11585);
#10149=AXIS2_PLACEMENT_3D('',#14169,#11586,#11587);
#10150=AXIS2_PLACEMENT_3D('',#14171,#11588,#11589);
#10151=AXIS2_PLACEMENT_3D('',#14174,#11591,#11592);
#10152=AXIS2_PLACEMENT_3D('',#14175,#11593,#11594);
#10153=AXIS2_PLACEMENT_3D('',#14184,#11599,#11600);
#10154=AXIS2_PLACEMENT_3D('',#14190,#11604,#11605);
#10155=AXIS2_PLACEMENT_3D('',#14196,#11609,#11610);
#10156=AXIS2_PLACEMENT_3D('',#14202,#11614,#11615);
#10157=AXIS2_PLACEMENT_3D('',#14208,#11619,#11620);
#10158=AXIS2_PLACEMENT_3D('',#14211,#11623,#11624);
#10159=AXIS2_PLACEMENT_3D('',#14212,#11625,#11626);
#10160=AXIS2_PLACEMENT_3D('',#14213,#11627,#11628);
#10161=AXIS2_PLACEMENT_3D('',#14215,#11629,#11630);
#10162=AXIS2_PLACEMENT_3D('',#14218,#11632,#11633);
#10163=AXIS2_PLACEMENT_3D('',#14219,#11634,#11635);
#10164=AXIS2_PLACEMENT_3D('',#14228,#11640,#11641);
#10165=AXIS2_PLACEMENT_3D('',#14234,#11645,#11646);
#10166=AXIS2_PLACEMENT_3D('',#14240,#11650,#11651);
#10167=AXIS2_PLACEMENT_3D('',#14246,#11655,#11656);
#10168=AXIS2_PLACEMENT_3D('',#14252,#11660,#11661);
#10169=AXIS2_PLACEMENT_3D('',#14255,#11664,#11665);
#10170=AXIS2_PLACEMENT_3D('',#14256,#11666,#11667);
#10171=AXIS2_PLACEMENT_3D('',#14257,#11668,#11669);
#10172=AXIS2_PLACEMENT_3D('',#14259,#11670,#11671);
#10173=AXIS2_PLACEMENT_3D('',#14262,#11673,#11674);
#10174=AXIS2_PLACEMENT_3D('',#14263,#11675,#11676);
#10175=AXIS2_PLACEMENT_3D('',#14272,#11681,#11682);
#10176=AXIS2_PLACEMENT_3D('',#14278,#11686,#11687);
#10177=AXIS2_PLACEMENT_3D('',#14284,#11691,#11692);
#10178=AXIS2_PLACEMENT_3D('',#14290,#11696,#11697);
#10179=AXIS2_PLACEMENT_3D('',#14296,#11701,#11702);
#10180=AXIS2_PLACEMENT_3D('',#14299,#11705,#11706);
#10181=AXIS2_PLACEMENT_3D('',#14300,#11707,#11708);
#10182=AXIS2_PLACEMENT_3D('',#14301,#11709,#11710);
#10183=AXIS2_PLACEMENT_3D('',#14303,#11711,#11712);
#10184=AXIS2_PLACEMENT_3D('',#14306,#11714,#11715);
#10185=AXIS2_PLACEMENT_3D('',#14307,#11716,#11717);
#10186=AXIS2_PLACEMENT_3D('',#14316,#11722,#11723);
#10187=AXIS2_PLACEMENT_3D('',#14322,#11727,#11728);
#10188=AXIS2_PLACEMENT_3D('',#14328,#11732,#11733);
#10189=AXIS2_PLACEMENT_3D('',#14334,#11737,#11738);
#10190=AXIS2_PLACEMENT_3D('',#14340,#11742,#11743);
#10191=AXIS2_PLACEMENT_3D('',#14343,#11746,#11747);
#10192=AXIS2_PLACEMENT_3D('',#14344,#11748,#11749);
#10193=AXIS2_PLACEMENT_3D('',#14345,#11750,#11751);
#10194=AXIS2_PLACEMENT_3D('',#14347,#11752,#11753);
#10195=AXIS2_PLACEMENT_3D('',#14350,#11755,#11756);
#10196=AXIS2_PLACEMENT_3D('',#14351,#11757,#11758);
#10197=AXIS2_PLACEMENT_3D('',#14360,#11763,#11764);
#10198=AXIS2_PLACEMENT_3D('',#14366,#11768,#11769);
#10199=AXIS2_PLACEMENT_3D('',#14372,#11773,#11774);
#10200=AXIS2_PLACEMENT_3D('',#14378,#11778,#11779);
#10201=AXIS2_PLACEMENT_3D('',#14384,#11783,#11784);
#10202=AXIS2_PLACEMENT_3D('',#14387,#11787,#11788);
#10203=AXIS2_PLACEMENT_3D('',#14388,#11789,#11790);
#10204=AXIS2_PLACEMENT_3D('',#14389,#11791,#11792);
#10205=AXIS2_PLACEMENT_3D('',#14391,#11793,#11794);
#10206=AXIS2_PLACEMENT_3D('',#14394,#11796,#11797);
#10207=AXIS2_PLACEMENT_3D('',#14395,#11798,#11799);
#10208=AXIS2_PLACEMENT_3D('',#14397,#11800,#11801);
#10209=AXIS2_PLACEMENT_3D('',#14400,#11803,#11804);
#10210=AXIS2_PLACEMENT_3D('',#14401,#11805,#11806);
#10211=AXIS2_PLACEMENT_3D('',#14403,#11807,#11808);
#10212=AXIS2_PLACEMENT_3D('',#14406,#11810,#11811);
#10213=AXIS2_PLACEMENT_3D('',#14407,#11812,#11813);
#10214=AXIS2_PLACEMENT_3D('',#14409,#11814,#11815);
#10215=AXIS2_PLACEMENT_3D('',#14412,#11817,#11818);
#10216=AXIS2_PLACEMENT_3D('',#14413,#11819,#11820);
#10217=AXIS2_PLACEMENT_3D('',#14415,#11821,#11822);
#10218=AXIS2_PLACEMENT_3D('',#14418,#11824,#11825);
#10219=AXIS2_PLACEMENT_3D('',#14419,#11826,#11827);
#10220=AXIS2_PLACEMENT_3D('',#14428,#11832,#11833);
#10221=AXIS2_PLACEMENT_3D('',#14437,#11838,#11839);
#10222=AXIS2_PLACEMENT_3D('',#14443,#11843,#11844);
#10223=AXIS2_PLACEMENT_3D('',#14449,#11848,#11849);
#10224=AXIS2_PLACEMENT_3D('',#14458,#11854,#11855);
#10225=AXIS2_PLACEMENT_3D('',#14464,#11859,#11860);
#10226=AXIS2_PLACEMENT_3D('',#14470,#11864,#11865);
#10227=AXIS2_PLACEMENT_3D('',#14479,#11870,#11871);
#10228=AXIS2_PLACEMENT_3D('',#14485,#11875,#11876);
#10229=AXIS2_PLACEMENT_3D('',#14491,#11880,#11881);
#10230=AXIS2_PLACEMENT_3D('',#14500,#11886,#11887);
#10231=AXIS2_PLACEMENT_3D('',#14506,#11891,#11892);
#10232=AXIS2_PLACEMENT_3D('',#14512,#11896,#11897);
#10233=AXIS2_PLACEMENT_3D('',#14521,#11902,#11903);
#10234=AXIS2_PLACEMENT_3D('',#14527,#11907,#11908);
#10235=AXIS2_PLACEMENT_3D('',#14533,#11912,#11913);
#10236=AXIS2_PLACEMENT_3D('',#14542,#11918,#11919);
#10237=AXIS2_PLACEMENT_3D('',#14548,#11923,#11924);
#10238=AXIS2_PLACEMENT_3D('',#14554,#11928,#11929);
#10239=AXIS2_PLACEMENT_3D('',#14563,#11934,#11935);
#10240=AXIS2_PLACEMENT_3D('',#14569,#11939,#11940);
#10241=AXIS2_PLACEMENT_3D('',#14575,#11944,#11945);
#10242=AXIS2_PLACEMENT_3D('',#14584,#11950,#11951);
#10243=AXIS2_PLACEMENT_3D('',#14590,#11955,#11956);
#10244=AXIS2_PLACEMENT_3D('',#14596,#11960,#11961);
#10245=AXIS2_PLACEMENT_3D('',#14605,#11966,#11967);
#10246=AXIS2_PLACEMENT_3D('',#14611,#11971,#11972);
#10247=AXIS2_PLACEMENT_3D('',#14617,#11976,#11977);
#10248=AXIS2_PLACEMENT_3D('',#14626,#11982,#11983);
#10249=AXIS2_PLACEMENT_3D('',#14632,#11987,#11988);
#10250=AXIS2_PLACEMENT_3D('',#14638,#11992,#11993);
#10251=AXIS2_PLACEMENT_3D('',#14647,#11998,#11999);
#10252=AXIS2_PLACEMENT_3D('',#14653,#12003,#12004);
#10253=AXIS2_PLACEMENT_3D('',#14659,#12008,#12009);
#10254=AXIS2_PLACEMENT_3D('',#14668,#12014,#12015);
#10255=AXIS2_PLACEMENT_3D('',#14674,#12019,#12020);
#10256=AXIS2_PLACEMENT_3D('',#14680,#12024,#12025);
#10257=AXIS2_PLACEMENT_3D('',#14689,#12030,#12031);
#10258=AXIS2_PLACEMENT_3D('',#14695,#12035,#12036);
#10259=AXIS2_PLACEMENT_3D('',#14701,#12040,#12041);
#10260=AXIS2_PLACEMENT_3D('',#14710,#12046,#12047);
#10261=AXIS2_PLACEMENT_3D('',#14716,#12051,#12052);
#10262=AXIS2_PLACEMENT_3D('',#14722,#12056,#12057);
#10263=AXIS2_PLACEMENT_3D('',#14731,#12062,#12063);
#10264=AXIS2_PLACEMENT_3D('',#14737,#12067,#12068);
#10265=AXIS2_PLACEMENT_3D('',#14743,#12072,#12073);
#10266=AXIS2_PLACEMENT_3D('',#14752,#12078,#12079);
#10267=AXIS2_PLACEMENT_3D('',#14755,#12082,#12083);
#10268=AXIS2_PLACEMENT_3D('',#14757,#12084,#12085);
#10269=AXIS2_PLACEMENT_3D('',#14996,#12212,#12213);
#10270=AXIS2_PLACEMENT_3D('',#14998,#12214,#12215);
#10271=AXIS2_PLACEMENT_3D('',#15000,#12216,#12217);
#10272=AXIS2_PLACEMENT_3D('',#15004,#12219,#12220);
#10273=AXIS2_PLACEMENT_3D('',#15006,#12221,#12222);
#10274=AXIS2_PLACEMENT_3D('',#15008,#12223,#12224);
#10275=AXIS2_PLACEMENT_3D('',#15026,#12233,#12234);
#10276=AXIS2_PLACEMENT_3D('',#15028,#12235,#12236);
#10277=AXIS2_PLACEMENT_3D('',#15030,#12237,#12238);
#10278=AXIS2_PLACEMENT_3D('',#15034,#12240,#12241);
#10279=AXIS2_PLACEMENT_3D('',#15036,#12242,#12243);
#10280=AXIS2_PLACEMENT_3D('',#15037,#12244,#12245);
#10281=AXIS2_PLACEMENT_3D('',#15042,#12247,#12248);
#10282=AXIS2_PLACEMENT_3D('',#15044,#12249,#12250);
#10283=AXIS2_PLACEMENT_3D('',#15046,#12251,#12252);
#10284=AXIS2_PLACEMENT_3D('',#15050,#12254,#12255);
#10285=AXIS2_PLACEMENT_3D('',#15052,#12256,#12257);
#10286=AXIS2_PLACEMENT_3D('',#15053,#12258,#12259);
#10287=AXIS2_PLACEMENT_3D('',#15054,#12260,#12261);
#10288=AXIS2_PLACEMENT_3D('',#15058,#12263,#12264);
#10289=AXIS2_PLACEMENT_3D('',#15059,#12265,#12266);
#10290=AXIS2_PLACEMENT_3D('',#15060,#12267,#12268);
#10291=AXIS2_PLACEMENT_3D('',#15062,#12269,#12270);
#10292=AXIS2_PLACEMENT_3D('',#15063,#12271,#12272);
#10293=AXIS2_PLACEMENT_3D('',#15064,#12273,#12274);
#10294=AXIS2_PLACEMENT_3D('',#15340,#12407,#12408);
#10295=AXIS2_PLACEMENT_3D('',#15365,#12409,#12410);
#10296=AXIS2_PLACEMENT_3D('',#15390,#12411,#12412);
#10297=AXIS2_PLACEMENT_3D('',#15417,#12413,#12414);
#10298=AXIS2_PLACEMENT_3D('',#15446,#12415,#12416);
#10299=AXIS2_PLACEMENT_3D('',#15474,#12417,#12418);
#10300=AXIS2_PLACEMENT_3D('',#15534,#12419,#12420);
#10301=AXIS2_PLACEMENT_3D('',#15542,#12421,#12422);
#10302=AXIS2_PLACEMENT_3D('',#15545,#12423,#12424);
#10303=AXIS2_PLACEMENT_3D('',#15546,#12425,#12426);
#10304=AXIS2_PLACEMENT_3D('',#15547,#12427,#12428);
#10305=AXIS2_PLACEMENT_3D('',#15548,#12429,#12430);
#10306=AXIS2_PLACEMENT_3D('',#15551,#12431,#12432);
#10307=AXIS2_PLACEMENT_3D('',#15554,#12435,#12436);
#10308=AXIS2_PLACEMENT_3D('',#15557,#12437,#12438);
#10309=AXIS2_PLACEMENT_3D('',#15558,#12439,#12440);
#10310=AXIS2_PLACEMENT_3D('',#15559,#12441,#12442);
#10311=AXIS2_PLACEMENT_3D('',#15560,#12443,#12444);
#10312=AXIS2_PLACEMENT_3D('',#15563,#12445,#12446);
#10313=AXIS2_PLACEMENT_3D('',#15564,#12447,#12448);
#10314=AXIS2_PLACEMENT_3D('',#15565,#12449,#12450);
#10315=AXIS2_PLACEMENT_3D('',#15566,#12451,#12452);
#10316=AXIS2_PLACEMENT_3D('',#15569,#12453,#12454);
#10317=AXIS2_PLACEMENT_3D('',#15570,#12455,#12456);
#10318=AXIS2_PLACEMENT_3D('',#15571,#12457,#12458);
#10319=AXIS2_PLACEMENT_3D('',#15572,#12459,#12460);
#10320=AXIS2_PLACEMENT_3D('',#15575,#12461,#12462);
#10321=AXIS2_PLACEMENT_3D('',#15578,#12465,#12466);
#10322=AXIS2_PLACEMENT_3D('',#15581,#12467,#12468);
#10323=AXIS2_PLACEMENT_3D('',#15582,#12469,#12470);
#10324=AXIS2_PLACEMENT_3D('',#15583,#12471,#12472);
#10325=AXIS2_PLACEMENT_3D('',#15660,#12473,#12474);
#10326=AXIS2_PLACEMENT_3D('',#15662,#12475,#12476);
#10327=AXIS2_PLACEMENT_3D('',#15670,#12477,#12478);
#10328=AXIS2_PLACEMENT_3D('',#15672,#12479,#12480);
#10329=AXIS2_PLACEMENT_3D('',#15674,#12481,#12482);
#10330=AXIS2_PLACEMENT_3D('',#15678,#12484,#12485);
#10331=AXIS2_PLACEMENT_3D('',#15680,#12486,#12487);
#10332=AXIS2_PLACEMENT_3D('',#15682,#12488,#12489);
#10333=AXIS2_PLACEMENT_3D('',#15686,#12491,#12492);
#10334=AXIS2_PLACEMENT_3D('',#15688,#12493,#12494);
#10335=AXIS2_PLACEMENT_3D('',#15690,#12495,#12496);
#10336=AXIS2_PLACEMENT_3D('',#15694,#12498,#12499);
#10337=AXIS2_PLACEMENT_3D('',#15696,#12500,#12501);
#10338=AXIS2_PLACEMENT_3D('',#15698,#12502,#12503);
#10339=AXIS2_PLACEMENT_3D('',#15701,#12505,#12506);
#10340=AXIS2_PLACEMENT_3D('',#15702,#12507,#12508);
#10341=AXIS2_PLACEMENT_3D('',#15779,#12509,#12510);
#10342=AXIS2_PLACEMENT_3D('',#15788,#12511,#12512);
#10343=AXIS2_PLACEMENT_3D('',#15790,#12513,#12514);
#10344=AXIS2_PLACEMENT_3D('',#15791,#12515,#12516);
#10345=AXIS2_PLACEMENT_3D('',#15792,#12517,#12518);
#10346=AXIS2_PLACEMENT_3D('',#15794,#12519,#12520);
#10347=AXIS2_PLACEMENT_3D('',#15796,#12522,#12523);
#10348=AXIS2_PLACEMENT_3D('',#15798,#12524,#12525);
#10349=AXIS2_PLACEMENT_3D('',#15799,#12526,#12527);
#10350=AXIS2_PLACEMENT_3D('',#15800,#12528,#12529);
#10351=AXIS2_PLACEMENT_3D('',#15802,#12530,#12531);
#10352=AXIS2_PLACEMENT_3D('',#15803,#12532,#12533);
#10353=AXIS2_PLACEMENT_3D('',#15804,#12534,#12535);
#10354=AXIS2_PLACEMENT_3D('',#15806,#12536,#12537);
#10355=AXIS2_PLACEMENT_3D('',#15807,#12538,#12539);
#10356=AXIS2_PLACEMENT_3D('',#15808,#12540,#12541);
#10357=AXIS2_PLACEMENT_3D('',#15810,#12542,#12543);
#10358=AXIS2_PLACEMENT_3D('',#15812,#12545,#12546);
#10359=AXIS2_PLACEMENT_3D('',#15814,#12547,#12548);
#10360=AXIS2_PLACEMENT_3D('',#15815,#12549,#12550);
#10361=AXIS2_PLACEMENT_3D('',#15873,#12551,#12552);
#10362=AXIS2_PLACEMENT_3D('',#15940,#12553,#12554);
#10363=AXIS2_PLACEMENT_3D('',#15941,#12555,#12556);
#10364=AXIS2_PLACEMENT_3D('',#15943,#12557,#12558);
#10365=AXIS2_PLACEMENT_3D('',#15944,#12559,#12560);
#10366=AXIS2_PLACEMENT_3D('',#15945,#12561,#12562);
#10367=AXIS2_PLACEMENT_3D('',#15947,#12563,#12564);
#10368=AXIS2_PLACEMENT_3D('',#15949,#12566,#12567);
#10369=AXIS2_PLACEMENT_3D('',#15951,#12568,#12569);
#10370=AXIS2_PLACEMENT_3D('',#15952,#12570,#12571);
#10371=AXIS2_PLACEMENT_3D('',#15953,#12572,#12573);
#10372=AXIS2_PLACEMENT_3D('',#15955,#12574,#12575);
#10373=AXIS2_PLACEMENT_3D('',#15956,#12576,#12577);
#10374=AXIS2_PLACEMENT_3D('',#15957,#12578,#12579);
#10375=AXIS2_PLACEMENT_3D('',#15959,#12580,#12581);
#10376=AXIS2_PLACEMENT_3D('',#15960,#12582,#12583);
#10377=AXIS2_PLACEMENT_3D('',#15961,#12584,#12585);
#10378=AXIS2_PLACEMENT_3D('',#15963,#12586,#12587);
#10379=AXIS2_PLACEMENT_3D('',#15965,#12589,#12590);
#10380=AXIS2_PLACEMENT_3D('',#15967,#12591,#12592);
#10381=AXIS2_PLACEMENT_3D('',#15968,#12593,#12594);
#10382=AXIS2_PLACEMENT_3D('',#16037,#12595,#12596);
#10383=AXIS2_PLACEMENT_3D('',#16040,#12599,#12600);
#10384=AXIS2_PLACEMENT_3D('',#16043,#12603,#12604);
#10385=AXIS2_PLACEMENT_3D('',#16046,#12607,#12608);
#10386=AXIS2_PLACEMENT_3D('',#16048,#12610,#12611);
#10387=AXIS2_PLACEMENT_3D('',#16050,#12613,#12614);
#10388=AXIS2_PLACEMENT_3D('',#16052,#12616,#12617);
#10389=AXIS2_PLACEMENT_3D('',#16054,#12619,#12620);
#10390=AXIS2_PLACEMENT_3D('',#16056,#12622,#12623);
#10391=AXIS2_PLACEMENT_3D('',#16058,#12625,#12626);
#10392=AXIS2_PLACEMENT_3D('',#16060,#12628,#12629);
#10393=AXIS2_PLACEMENT_3D('',#16062,#12631,#12632);
#10394=AXIS2_PLACEMENT_3D('',#16064,#12634,#12635);
#10395=AXIS2_PLACEMENT_3D('',#16066,#12637,#12638);
#10396=AXIS2_PLACEMENT_3D('',#16068,#12640,#12641);
#10397=AXIS2_PLACEMENT_3D('',#16070,#12643,#12644);
#10398=AXIS2_PLACEMENT_3D('',#16071,#12645,#12646);
#10399=AXIS2_PLACEMENT_3D('',#16073,#12648,#12649);
#10400=AXIS2_PLACEMENT_3D('',#16075,#12651,#12652);
#10401=AXIS2_PLACEMENT_3D('',#16076,#12653,#12654);
#10402=AXIS2_PLACEMENT_3D('',#16079,#12657,#12658);
#10403=AXIS2_PLACEMENT_3D('',#16081,#12660,#12661);
#10404=AXIS2_PLACEMENT_3D('',#16083,#12663,#12664);
#10405=AXIS2_PLACEMENT_3D('',#16085,#12666,#12667);
#10406=AXIS2_PLACEMENT_3D('',#16087,#12669,#12670);
#10407=AXIS2_PLACEMENT_3D('',#16088,#12671,#12672);
#10408=AXIS2_PLACEMENT_3D('',#16091,#12675,#12676);
#10409=AXIS2_PLACEMENT_3D('',#16093,#12678,#12679);
#10410=AXIS2_PLACEMENT_3D('',#16095,#12681,#12682);
#10411=AXIS2_PLACEMENT_3D('',#16097,#12684,#12685);
#10412=AXIS2_PLACEMENT_3D('',#16099,#12687,#12688);
#10413=AXIS2_PLACEMENT_3D('',#16100,#12689,#12690);
#10414=AXIS2_PLACEMENT_3D('',#16103,#12693,#12694);
#10415=AXIS2_PLACEMENT_3D('',#16105,#12696,#12697);
#10416=AXIS2_PLACEMENT_3D('',#16107,#12699,#12700);
#10417=AXIS2_PLACEMENT_3D('',#16109,#12702,#12703);
#10418=AXIS2_PLACEMENT_3D('',#16111,#12705,#12706);
#10419=AXIS2_PLACEMENT_3D('',#16112,#12707,#12708);
#10420=AXIS2_PLACEMENT_3D('',#16114,#12710,#12711);
#10421=AXIS2_PLACEMENT_3D('',#16116,#12713,#12714);
#10422=AXIS2_PLACEMENT_3D('',#16117,#12715,#12716);
#10423=AXIS2_PLACEMENT_3D('',#16119,#12718,#12719);
#10424=AXIS2_PLACEMENT_3D('',#16121,#12721,#12722);
#10425=AXIS2_PLACEMENT_3D('',#16122,#12723,#12724);
#10426=AXIS2_PLACEMENT_3D('',#16124,#12726,#12727);
#10427=AXIS2_PLACEMENT_3D('',#16126,#12729,#12730);
#10428=AXIS2_PLACEMENT_3D('',#16127,#12731,#12732);
#10429=AXIS2_PLACEMENT_3D('',#16129,#12734,#12735);
#10430=AXIS2_PLACEMENT_3D('',#16131,#12737,#12738);
#10431=AXIS2_PLACEMENT_3D('',#16132,#12739,#12740);
#10432=AXIS2_PLACEMENT_3D('',#16134,#12742,#12743);
#10433=AXIS2_PLACEMENT_3D('',#16136,#12745,#12746);
#10434=AXIS2_PLACEMENT_3D('',#16137,#12747,#12748);
#10435=AXIS2_PLACEMENT_3D('',#16140,#12751,#12752);
#10436=AXIS2_PLACEMENT_3D('',#16142,#12754,#12755);
#10437=AXIS2_PLACEMENT_3D('',#16144,#12757,#12758);
#10438=AXIS2_PLACEMENT_3D('',#16146,#12760,#12761);
#10439=AXIS2_PLACEMENT_3D('',#16148,#12763,#12764);
#10440=AXIS2_PLACEMENT_3D('',#16149,#12765,#12766);
#10441=AXIS2_PLACEMENT_3D('',#16152,#12769,#12770);
#10442=AXIS2_PLACEMENT_3D('',#16154,#12772,#12773);
#10443=AXIS2_PLACEMENT_3D('',#16156,#12775,#12776);
#10444=AXIS2_PLACEMENT_3D('',#16158,#12778,#12779);
#10445=AXIS2_PLACEMENT_3D('',#16160,#12781,#12782);
#10446=AXIS2_PLACEMENT_3D('',#16161,#12783,#12784);
#10447=AXIS2_PLACEMENT_3D('',#16164,#12787,#12788);
#10448=AXIS2_PLACEMENT_3D('',#16166,#12790,#12791);
#10449=AXIS2_PLACEMENT_3D('',#16168,#12793,#12794);
#10450=AXIS2_PLACEMENT_3D('',#16170,#12796,#12797);
#10451=AXIS2_PLACEMENT_3D('',#16172,#12799,#12800);
#10452=AXIS2_PLACEMENT_3D('',#16173,#12801,#12802);
#10453=AXIS2_PLACEMENT_3D('',#16175,#12804,#12805);
#10454=AXIS2_PLACEMENT_3D('',#16177,#12807,#12808);
#10455=AXIS2_PLACEMENT_3D('',#16178,#12809,#12810);
#10456=AXIS2_PLACEMENT_3D('',#16180,#12812,#12813);
#10457=AXIS2_PLACEMENT_3D('',#16182,#12815,#12816);
#10458=AXIS2_PLACEMENT_3D('',#16183,#12817,#12818);
#10459=AXIS2_PLACEMENT_3D('',#16185,#12820,#12821);
#10460=AXIS2_PLACEMENT_3D('',#16187,#12823,#12824);
#10461=AXIS2_PLACEMENT_3D('',#16188,#12825,#12826);
#10462=AXIS2_PLACEMENT_3D('',#16191,#12829,#12830);
#10463=AXIS2_PLACEMENT_3D('',#16193,#12832,#12833);
#10464=AXIS2_PLACEMENT_3D('',#16195,#12835,#12836);
#10465=AXIS2_PLACEMENT_3D('',#16197,#12838,#12839);
#10466=AXIS2_PLACEMENT_3D('',#16199,#12841,#12842);
#10467=AXIS2_PLACEMENT_3D('',#16200,#12843,#12844);
#10468=AXIS2_PLACEMENT_3D('',#16203,#12847,#12848);
#10469=AXIS2_PLACEMENT_3D('',#16205,#12850,#12851);
#10470=AXIS2_PLACEMENT_3D('',#16207,#12853,#12854);
#10471=AXIS2_PLACEMENT_3D('',#16209,#12856,#12857);
#10472=AXIS2_PLACEMENT_3D('',#16211,#12859,#12860);
#10473=AXIS2_PLACEMENT_3D('',#16212,#12861,#12862);
#10474=AXIS2_PLACEMENT_3D('',#16215,#12865,#12866);
#10475=AXIS2_PLACEMENT_3D('',#16217,#12868,#12869);
#10476=AXIS2_PLACEMENT_3D('',#16219,#12871,#12872);
#10477=AXIS2_PLACEMENT_3D('',#16221,#12874,#12875);
#10478=AXIS2_PLACEMENT_3D('',#16223,#12877,#12878);
#10479=AXIS2_PLACEMENT_3D('',#16224,#12879,#12880);
#10480=AXIS2_PLACEMENT_3D('',#16227,#12883,#12884);
#10481=AXIS2_PLACEMENT_3D('',#16229,#12886,#12887);
#10482=AXIS2_PLACEMENT_3D('',#16231,#12889,#12890);
#10483=AXIS2_PLACEMENT_3D('',#16233,#12892,#12893);
#10484=AXIS2_PLACEMENT_3D('',#16235,#12895,#12896);
#10485=AXIS2_PLACEMENT_3D('',#16236,#12897,#12898);
#10486=AXIS2_PLACEMENT_3D('',#16238,#12900,#12901);
#10487=AXIS2_PLACEMENT_3D('',#16240,#12903,#12904);
#10488=AXIS2_PLACEMENT_3D('',#16241,#12905,#12906);
#10489=AXIS2_PLACEMENT_3D('',#16243,#12908,#12909);
#10490=AXIS2_PLACEMENT_3D('',#16245,#12911,#12912);
#10491=AXIS2_PLACEMENT_3D('',#16246,#12913,#12914);
#10492=AXIS2_PLACEMENT_3D('',#16248,#12916,#12917);
#10493=AXIS2_PLACEMENT_3D('',#16250,#12919,#12920);
#10494=AXIS2_PLACEMENT_3D('',#16251,#12921,#12922);
#10495=AXIS2_PLACEMENT_3D('',#16253,#12924,#12925);
#10496=AXIS2_PLACEMENT_3D('',#16255,#12927,#12928);
#10497=AXIS2_PLACEMENT_3D('',#16256,#12929,#12930);
#10498=AXIS2_PLACEMENT_3D('',#16259,#12933,#12934);
#10499=AXIS2_PLACEMENT_3D('',#16261,#12936,#12937);
#10500=AXIS2_PLACEMENT_3D('',#16263,#12939,#12940);
#10501=AXIS2_PLACEMENT_3D('',#16265,#12942,#12943);
#10502=AXIS2_PLACEMENT_3D('',#16267,#12945,#12946);
#10503=AXIS2_PLACEMENT_3D('',#16268,#12947,#12948);
#10504=AXIS2_PLACEMENT_3D('',#16271,#12951,#12952);
#10505=AXIS2_PLACEMENT_3D('',#16273,#12954,#12955);
#10506=AXIS2_PLACEMENT_3D('',#16275,#12957,#12958);
#10507=AXIS2_PLACEMENT_3D('',#16277,#12960,#12961);
#10508=AXIS2_PLACEMENT_3D('',#16279,#12963,#12964);
#10509=AXIS2_PLACEMENT_3D('',#16280,#12965,#12966);
#10510=AXIS2_PLACEMENT_3D('',#16283,#12969,#12970);
#10511=AXIS2_PLACEMENT_3D('',#16285,#12972,#12973);
#10512=AXIS2_PLACEMENT_3D('',#16287,#12975,#12976);
#10513=AXIS2_PLACEMENT_3D('',#16289,#12978,#12979);
#10514=AXIS2_PLACEMENT_3D('',#16291,#12981,#12982);
#10515=AXIS2_PLACEMENT_3D('',#16292,#12983,#12984);
#10516=AXIS2_PLACEMENT_3D('',#16295,#12987,#12988);
#10517=AXIS2_PLACEMENT_3D('',#16297,#12990,#12991);
#10518=AXIS2_PLACEMENT_3D('',#16299,#12993,#12994);
#10519=AXIS2_PLACEMENT_3D('',#16301,#12996,#12997);
#10520=AXIS2_PLACEMENT_3D('',#16303,#12999,#13000);
#10521=AXIS2_PLACEMENT_3D('',#16304,#13001,#13002);
#10522=AXIS2_PLACEMENT_3D('',#16306,#13004,#13005);
#10523=AXIS2_PLACEMENT_3D('',#16308,#13007,#13008);
#10524=AXIS2_PLACEMENT_3D('',#16309,#13009,#13010);
#10525=AXIS2_PLACEMENT_3D('',#16311,#13012,#13013);
#10526=AXIS2_PLACEMENT_3D('',#16313,#13015,#13016);
#10527=AXIS2_PLACEMENT_3D('',#16314,#13017,#13018);
#10528=AXIS2_PLACEMENT_3D('',#16316,#13020,#13021);
#10529=AXIS2_PLACEMENT_3D('',#16319,#13024,#13025);
#10530=AXIS2_PLACEMENT_3D('',#16321,#13027,#13028);
#10531=AXIS2_PLACEMENT_3D('',#16322,#13029,#13030);
#10532=AXIS2_PLACEMENT_3D('',#16323,#13031,#13032);
#10533=AXIS2_PLACEMENT_3D('',#16325,#13034,#13035);
#10534=AXIS2_PLACEMENT_3D('',#16327,#13037,#13038);
#10535=AXIS2_PLACEMENT_3D('',#16328,#13039,#13040);
#10536=AXIS2_PLACEMENT_3D('',#16330,#13042,#13043);
#10537=AXIS2_PLACEMENT_3D('',#16332,#13045,#13046);
#10538=AXIS2_PLACEMENT_3D('',#16333,#13047,#13048);
#10539=AXIS2_PLACEMENT_3D('',#16334,#13049,#13050);
#10540=AXIS2_PLACEMENT_3D('',#16335,#13051,#13052);
#10541=AXIS2_PLACEMENT_3D('',#16336,#13053,#13054);
#10542=AXIS2_PLACEMENT_3D('',#16337,#13055,#13056);
#10543=AXIS2_PLACEMENT_3D('',#16338,#13057,#13058);
#10544=AXIS2_PLACEMENT_3D('',#16339,#13059,#13060);
#10545=DIRECTION('axis',(0.,0.,1.));
#10546=DIRECTION('refdir',(1.,0.,0.));
#10547=DIRECTION('axis',(0.,0.,1.));
#10548=DIRECTION('refdir',(1.,0.,0.));
#10549=DIRECTION('axis',(0.,0.,1.));
#10550=DIRECTION('refdir',(1.,0.,0.));
#10551=DIRECTION('axis',(0.,0.,1.));
#10552=DIRECTION('refdir',(1.,0.,0.));
#10553=DIRECTION('axis',(0.,0.,1.));
#10554=DIRECTION('refdir',(1.,0.,0.));
#10555=DIRECTION('axis',(0.,0.,1.));
#10556=DIRECTION('refdir',(1.,0.,0.));
#10557=DIRECTION('axis',(0.,0.,1.));
#10558=DIRECTION('refdir',(1.,0.,0.));
#10559=DIRECTION('axis',(0.,0.,1.));
#10560=DIRECTION('refdir',(1.,0.,0.));
#10561=DIRECTION('center_axis',(-1.,0.,0.));
#10562=DIRECTION('ref_axis',(0.,1.,0.));
#10563=DIRECTION('center_axis',(1.,0.,0.));
#10564=DIRECTION('ref_axis',(0.,1.,0.));
#10565=DIRECTION('',(1.,0.,0.));
#10566=DIRECTION('center_axis',(-1.,0.,0.));
#10567=DIRECTION('ref_axis',(0.,1.,0.));
#10568=DIRECTION('center_axis',(0.,0.406736643075811,0.913545457642596));
#10569=DIRECTION('ref_axis',(0.,0.913545457642596,-0.406736643075811));
#10570=DIRECTION('',(0.,-0.913545457642596,0.406736643075811));
#10571=DIRECTION('',(-1.,0.,0.));
#10572=DIRECTION('',(0.,0.913545457642596,-0.406736643075811));
#10573=DIRECTION('',(-1.,0.,0.));
#10574=DIRECTION('center_axis',(0.,-0.587785252292472,0.809016994374949));
#10575=DIRECTION('ref_axis',(0.,0.809016994374949,0.587785252292471));
#10576=DIRECTION('',(0.,-0.809016994374949,-0.587785252292471));
#10577=DIRECTION('',(0.,0.809016994374949,0.587785252292471));
#10578=DIRECTION('',(-1.,0.,0.));
#10579=DIRECTION('center_axis',(0.,-0.994521895368274,-0.104528463267649));
#10580=DIRECTION('ref_axis',(0.,-0.104528463267649,0.994521895368274));
#10581=DIRECTION('',(0.,0.104528463267649,-0.994521895368274));
#10582=DIRECTION('',(0.,-0.104528463267649,0.994521895368274));
#10583=DIRECTION('',(-1.,0.,0.));
#10584=DIRECTION('center_axis',(0.,-0.406736643075805,-0.913545457642599));
#10585=DIRECTION('ref_axis',(0.,-0.913545457642599,0.406736643075805));
#10586=DIRECTION('',(0.,0.913545457642599,-0.406736643075805));
#10587=DIRECTION('',(0.,-0.913545457642599,0.406736643075805));
#10588=DIRECTION('',(-1.,0.,0.));
#10589=DIRECTION('center_axis',(0.,0.587785252292472,-0.809016994374949));
#10590=DIRECTION('ref_axis',(0.,-0.809016994374949,-0.587785252292471));
#10591=DIRECTION('',(0.,0.809016994374949,0.587785252292471));
#10592=DIRECTION('',(0.,-0.809016994374949,-0.587785252292471));
#10593=DIRECTION('',(-1.,0.,0.));
#10594=DIRECTION('center_axis',(0.,0.994521895368272,0.104528463267664));
#10595=DIRECTION('ref_axis',(0.,0.104528463267664,-0.994521895368272));
#10596=DIRECTION('',(0.,-0.104528463267664,0.994521895368272));
#10597=DIRECTION('',(0.,0.104528463267664,-0.994521895368272));
#10598=DIRECTION('center_axis',(1.,0.,0.));
#10599=DIRECTION('ref_axis',(0.,1.,0.));
#10600=DIRECTION('center_axis',(1.,0.,0.));
#10601=DIRECTION('ref_axis',(0.,1.,0.));
#10602=DIRECTION('center_axis',(-1.,0.,0.));
#10603=DIRECTION('ref_axis',(0.,1.,0.));
#10604=DIRECTION('center_axis',(1.,0.,0.));
#10605=DIRECTION('ref_axis',(0.,1.,0.));
#10606=DIRECTION('',(1.,0.,0.));
#10607=DIRECTION('center_axis',(-1.,0.,0.));
#10608=DIRECTION('ref_axis',(0.,1.,0.));
#10609=DIRECTION('center_axis',(0.,0.951056516295161,0.309016994374924));
#10610=DIRECTION('ref_axis',(0.,0.309016994374924,-0.951056516295161));
#10611=DIRECTION('',(0.,-0.309016994374924,0.951056516295161));
#10612=DIRECTION('',(-1.,0.,0.));
#10613=DIRECTION('',(0.,0.309016994374924,-0.951056516295161));
#10614=DIRECTION('',(-1.,0.,0.));
#10615=DIRECTION('center_axis',(0.,0.20791169081776,0.978147600733806));
#10616=DIRECTION('ref_axis',(0.,0.978147600733805,-0.20791169081776));
#10617=DIRECTION('',(0.,-0.978147600733805,0.20791169081776));
#10618=DIRECTION('',(0.,0.978147600733805,-0.20791169081776));
#10619=DIRECTION('',(-1.,0.,0.));
#10620=DIRECTION('center_axis',(0.,-0.743144825477394,0.669130606358859));
#10621=DIRECTION('ref_axis',(0.,0.669130606358859,0.743144825477394));
#10622=DIRECTION('',(0.,-0.669130606358859,-0.743144825477394));
#10623=DIRECTION('',(0.,0.669130606358859,0.743144825477394));
#10624=DIRECTION('',(-1.,0.,0.));
#10625=DIRECTION('center_axis',(0.,-0.951056516295157,-0.309016994374938));
#10626=DIRECTION('ref_axis',(0.,-0.309016994374938,0.951056516295157));
#10627=DIRECTION('',(0.,0.309016994374938,-0.951056516295157));
#10628=DIRECTION('',(0.,-0.309016994374938,0.951056516295157));
#10629=DIRECTION('',(-1.,0.,0.));
#10630=DIRECTION('center_axis',(0.,-0.207911690817761,-0.978147600733805));
#10631=DIRECTION('ref_axis',(0.,-0.978147600733805,0.207911690817761));
#10632=DIRECTION('',(0.,0.978147600733805,-0.207911690817761));
#10633=DIRECTION('',(0.,-0.978147600733805,0.207911690817761));
#10634=DIRECTION('',(-1.,0.,0.));
#10635=DIRECTION('center_axis',(0.,0.743144825477397,-0.669130606358855));
#10636=DIRECTION('ref_axis',(0.,-0.669130606358855,-0.743144825477397));
#10637=DIRECTION('',(0.,0.669130606358855,0.743144825477397));
#10638=DIRECTION('',(0.,-0.669130606358855,-0.743144825477397));
#10639=DIRECTION('center_axis',(1.,0.,0.));
#10640=DIRECTION('ref_axis',(0.,1.,0.));
#10641=DIRECTION('center_axis',(1.,0.,0.));
#10642=DIRECTION('ref_axis',(0.,1.,0.));
#10643=DIRECTION('center_axis',(-1.,0.,0.));
#10644=DIRECTION('ref_axis',(0.,1.,0.));
#10645=DIRECTION('center_axis',(1.,0.,0.));
#10646=DIRECTION('ref_axis',(0.,1.,0.));
#10647=DIRECTION('',(1.,0.,0.));
#10648=DIRECTION('center_axis',(-1.,0.,0.));
#10649=DIRECTION('ref_axis',(0.,1.,0.));
#10650=DIRECTION('center_axis',(0.,0.866025403784434,-0.500000000000008));
#10651=DIRECTION('ref_axis',(0.,-0.500000000000008,-0.866025403784434));
#10652=DIRECTION('',(0.,0.500000000000008,0.866025403784434));
#10653=DIRECTION('',(-1.,0.,0.));
#10654=DIRECTION('',(0.,-0.500000000000008,-0.866025403784434));
#10655=DIRECTION('',(-1.,0.,0.));
#10656=DIRECTION('center_axis',(0.,0.866025403784441,0.499999999999996));
#10657=DIRECTION('ref_axis',(0.,0.499999999999996,-0.866025403784441));
#10658=DIRECTION('',(0.,-0.499999999999996,0.866025403784441));
#10659=DIRECTION('',(0.,0.499999999999996,-0.866025403784441));
#10660=DIRECTION('',(-1.,0.,0.));
#10661=DIRECTION('center_axis',(0.,0.,1.));
#10662=DIRECTION('ref_axis',(0.,1.,0.));
#10663=DIRECTION('',(0.,-1.,0.));
#10664=DIRECTION('',(0.,1.,0.));
#10665=DIRECTION('',(-1.,0.,0.));
#10666=DIRECTION('center_axis',(0.,-0.866025403784434,0.500000000000008));
#10667=DIRECTION('ref_axis',(0.,0.500000000000008,0.866025403784434));
#10668=DIRECTION('',(0.,-0.500000000000008,-0.866025403784434));
#10669=DIRECTION('',(0.,0.500000000000008,0.866025403784434));
#10670=DIRECTION('',(-1.,0.,0.));
#10671=DIRECTION('center_axis',(0.,-0.866025403784441,-0.499999999999996));
#10672=DIRECTION('ref_axis',(0.,-0.499999999999996,0.866025403784441));
#10673=DIRECTION('',(0.,0.499999999999996,-0.866025403784441));
#10674=DIRECTION('',(0.,-0.499999999999996,0.866025403784441));
#10675=DIRECTION('',(-1.,0.,0.));
#10676=DIRECTION('center_axis',(0.,0.,-1.));
#10677=DIRECTION('ref_axis',(0.,-1.,0.));
#10678=DIRECTION('',(0.,1.,0.));
#10679=DIRECTION('',(0.,-1.,0.));
#10680=DIRECTION('center_axis',(1.,0.,0.));
#10681=DIRECTION('ref_axis',(0.,1.,0.));
#10682=DIRECTION('center_axis',(1.,0.,0.));
#10683=DIRECTION('ref_axis',(0.,1.,0.));
#10684=DIRECTION('center_axis',(-1.,0.,0.));
#10685=DIRECTION('ref_axis',(0.,1.,0.));
#10686=DIRECTION('center_axis',(1.,0.,0.));
#10687=DIRECTION('ref_axis',(0.,1.,0.));
#10688=DIRECTION('',(1.,0.,0.));
#10689=DIRECTION('center_axis',(-1.,0.,0.));
#10690=DIRECTION('ref_axis',(0.,1.,0.));
#10691=DIRECTION('center_axis',(0.,0.207911690817752,-0.978147600733807));
#10692=DIRECTION('ref_axis',(0.,-0.978147600733807,-0.207911690817752));
#10693=DIRECTION('',(0.,0.978147600733807,0.207911690817752));
#10694=DIRECTION('',(-1.,0.,0.));
#10695=DIRECTION('',(0.,-0.978147600733807,-0.207911690817752));
#10696=DIRECTION('',(-1.,0.,0.));
#10697=DIRECTION('center_axis',(0.,0.951056516295152,-0.309016994374952));
#10698=DIRECTION('ref_axis',(0.,-0.309016994374952,-0.951056516295152));
#10699=DIRECTION('',(0.,0.309016994374952,0.951056516295152));
#10700=DIRECTION('',(0.,-0.309016994374952,-0.951056516295152));
#10701=DIRECTION('',(-1.,0.,0.));
#10702=DIRECTION('center_axis',(0.,0.743144825477394,0.669130606358859));
#10703=DIRECTION('ref_axis',(0.,0.669130606358859,-0.743144825477394));
#10704=DIRECTION('',(0.,-0.669130606358859,0.743144825477394));
#10705=DIRECTION('',(0.,0.669130606358859,-0.743144825477394));
#10706=DIRECTION('',(-1.,0.,0.));
#10707=DIRECTION('center_axis',(0.,-0.207911690817753,0.978147600733807));
#10708=DIRECTION('ref_axis',(0.,0.978147600733807,0.207911690817753));
#10709=DIRECTION('',(0.,-0.978147600733807,-0.207911690817753));
#10710=DIRECTION('',(0.,0.978147600733807,0.207911690817753));
#10711=DIRECTION('',(-1.,0.,0.));
#10712=DIRECTION('center_axis',(0.,-0.951056516295149,0.309016994374961));
#10713=DIRECTION('ref_axis',(0.,0.309016994374961,0.951056516295149));
#10714=DIRECTION('',(0.,-0.309016994374961,-0.951056516295149));
#10715=DIRECTION('',(0.,0.309016994374961,0.951056516295149));
#10716=DIRECTION('',(-1.,0.,0.));
#10717=DIRECTION('center_axis',(0.,-0.743144825477397,-0.669130606358855));
#10718=DIRECTION('ref_axis',(0.,-0.669130606358855,0.743144825477397));
#10719=DIRECTION('',(0.,0.669130606358855,-0.743144825477397));
#10720=DIRECTION('',(0.,-0.669130606358855,0.743144825477397));
#10721=DIRECTION('center_axis',(1.,0.,0.));
#10722=DIRECTION('ref_axis',(0.,1.,0.));
#10723=DIRECTION('center_axis',(1.,0.,0.));
#10724=DIRECTION('ref_axis',(0.,1.,0.));
#10725=DIRECTION('center_axis',(-1.,0.,0.));
#10726=DIRECTION('ref_axis',(0.,1.,0.));
#10727=DIRECTION('center_axis',(1.,0.,0.));
#10728=DIRECTION('ref_axis',(0.,1.,0.));
#10729=DIRECTION('',(1.,0.,0.));
#10730=DIRECTION('center_axis',(-1.,0.,0.));
#10731=DIRECTION('ref_axis',(0.,1.,0.));
#10732=DIRECTION('center_axis',(0.,-0.587785252292479,-0.809016994374943));
#10733=DIRECTION('ref_axis',(0.,-0.809016994374943,0.587785252292479));
#10734=DIRECTION('',(0.,0.809016994374943,-0.587785252292479));
#10735=DIRECTION('',(-1.,0.,0.));
#10736=DIRECTION('',(0.,-0.809016994374943,0.587785252292479));
#10737=DIRECTION('',(-1.,0.,0.));
#10738=DIRECTION('center_axis',(0.,0.406736643075796,-0.913545457642603));
#10739=DIRECTION('ref_axis',(0.,-0.913545457642603,-0.406736643075796));
#10740=DIRECTION('',(0.,0.913545457642603,0.406736643075796));
#10741=DIRECTION('',(0.,-0.913545457642603,-0.406736643075796));
#10742=DIRECTION('',(-1.,0.,0.));
#10743=DIRECTION('center_axis',(0.,0.994521895368274,-0.104528463267649));
#10744=DIRECTION('ref_axis',(0.,-0.104528463267649,-0.994521895368274));
#10745=DIRECTION('',(0.,0.104528463267649,0.994521895368274));
#10746=DIRECTION('',(0.,-0.104528463267649,-0.994521895368274));
#10747=DIRECTION('',(-1.,0.,0.));
#10748=DIRECTION('center_axis',(0.,0.587785252292479,0.809016994374943));
#10749=DIRECTION('ref_axis',(0.,0.809016994374943,-0.587785252292479));
#10750=DIRECTION('',(0.,-0.809016994374943,0.587785252292479));
#10751=DIRECTION('',(0.,0.809016994374943,-0.587785252292479));
#10752=DIRECTION('',(-1.,0.,0.));
#10753=DIRECTION('center_axis',(0.,-0.406736643075799,0.913545457642602));
#10754=DIRECTION('ref_axis',(0.,0.913545457642602,0.406736643075799));
#10755=DIRECTION('',(0.,-0.913545457642601,-0.406736643075799));
#10756=DIRECTION('',(0.,0.913545457642601,0.406736643075799));
#10757=DIRECTION('',(-1.,0.,0.));
#10758=DIRECTION('center_axis',(0.,-0.994521895368273,0.104528463267656));
#10759=DIRECTION('ref_axis',(0.,0.104528463267656,0.994521895368273));
#10760=DIRECTION('',(0.,-0.104528463267656,-0.994521895368273));
#10761=DIRECTION('',(0.,0.104528463267656,0.994521895368273));
#10762=DIRECTION('center_axis',(1.,0.,0.));
#10763=DIRECTION('ref_axis',(0.,1.,0.));
#10764=DIRECTION('center_axis',(1.,0.,0.));
#10765=DIRECTION('ref_axis',(0.,1.,0.));
#10766=DIRECTION('center_axis',(-1.,0.,0.));
#10767=DIRECTION('ref_axis',(0.,1.,0.));
#10768=DIRECTION('center_axis',(1.,0.,0.));
#10769=DIRECTION('ref_axis',(0.,1.,0.));
#10770=DIRECTION('',(1.,0.,0.));
#10771=DIRECTION('center_axis',(-1.,0.,0.));
#10772=DIRECTION('ref_axis',(0.,1.,0.));
#10773=DIRECTION('center_axis',(0.,-0.207911690817756,0.978147600733806));
#10774=DIRECTION('ref_axis',(0.,0.978147600733806,0.207911690817756));
#10775=DIRECTION('',(0.,-0.978147600733807,-0.207911690817756));
#10776=DIRECTION('',(-1.,0.,0.));
#10777=DIRECTION('',(0.,0.978147600733807,0.207911690817756));
#10778=DIRECTION('',(-1.,0.,0.));
#10779=DIRECTION('center_axis',(0.,-0.95105651629515,0.309016994374959));
#10780=DIRECTION('ref_axis',(0.,0.309016994374959,0.95105651629515));
#10781=DIRECTION('',(0.,-0.309016994374959,-0.95105651629515));
#10782=DIRECTION('',(0.,0.309016994374959,0.95105651629515));
#10783=DIRECTION('',(-1.,0.,0.));
#10784=DIRECTION('center_axis',(0.,-0.743144825477394,-0.669130606358859));
#10785=DIRECTION('ref_axis',(0.,-0.669130606358859,0.743144825477394));
#10786=DIRECTION('',(0.,0.669130606358859,-0.743144825477394));
#10787=DIRECTION('',(0.,-0.669130606358859,0.743144825477394));
#10788=DIRECTION('',(-1.,0.,0.));
#10789=DIRECTION('center_axis',(0.,0.207911690817756,-0.978147600733806));
#10790=DIRECTION('ref_axis',(0.,-0.978147600733806,-0.207911690817756));
#10791=DIRECTION('',(0.,0.978147600733807,0.207911690817756));
#10792=DIRECTION('',(0.,-0.978147600733807,-0.207911690817756));
#10793=DIRECTION('',(-1.,0.,0.));
#10794=DIRECTION('center_axis',(0.,0.951056516295152,-0.309016994374952));
#10795=DIRECTION('ref_axis',(0.,-0.309016994374952,-0.951056516295152));
#10796=DIRECTION('',(0.,0.309016994374952,0.951056516295152));
#10797=DIRECTION('',(0.,-0.309016994374952,-0.951056516295152));
#10798=DIRECTION('',(-1.,0.,0.));
#10799=DIRECTION('center_axis',(0.,0.743144825477397,0.669130606358855));
#10800=DIRECTION('ref_axis',(0.,0.669130606358855,-0.743144825477397));
#10801=DIRECTION('',(0.,-0.669130606358855,0.743144825477397));
#10802=DIRECTION('',(0.,0.669130606358855,-0.743144825477397));
#10803=DIRECTION('center_axis',(1.,0.,0.));
#10804=DIRECTION('ref_axis',(0.,1.,0.));
#10805=DIRECTION('center_axis',(1.,0.,0.));
#10806=DIRECTION('ref_axis',(0.,1.,0.));
#10807=DIRECTION('center_axis',(-1.,0.,0.));
#10808=DIRECTION('ref_axis',(0.,1.,0.));
#10809=DIRECTION('center_axis',(1.,0.,0.));
#10810=DIRECTION('ref_axis',(0.,1.,0.));
#10811=DIRECTION('',(1.,0.,0.));
#10812=DIRECTION('center_axis',(-1.,0.,0.));
#10813=DIRECTION('ref_axis',(0.,1.,0.));
#10814=DIRECTION('center_axis',(0.,-0.994521895368275,-0.104528463267643));
#10815=DIRECTION('ref_axis',(0.,-0.104528463267643,0.994521895368275));
#10816=DIRECTION('',(0.,0.104528463267643,-0.994521895368275));
#10817=DIRECTION('',(-1.,0.,0.));
#10818=DIRECTION('',(0.,-0.104528463267643,0.994521895368275));
#10819=DIRECTION('',(-1.,0.,0.));
#10820=DIRECTION('center_axis',(0.,-0.406736643075805,-0.913545457642599));
#10821=DIRECTION('ref_axis',(0.,-0.913545457642599,0.406736643075805));
#10822=DIRECTION('',(0.,0.913545457642599,-0.406736643075805));
#10823=DIRECTION('',(0.,-0.913545457642599,0.406736643075805));
#10824=DIRECTION('',(-1.,0.,0.));
#10825=DIRECTION('center_axis',(0.,0.587785252292477,-0.809016994374945));
#10826=DIRECTION('ref_axis',(0.,-0.809016994374945,-0.587785252292477));
#10827=DIRECTION('',(0.,0.809016994374945,0.587785252292477));
#10828=DIRECTION('',(0.,-0.809016994374945,-0.587785252292477));
#10829=DIRECTION('',(-1.,0.,0.));
#10830=DIRECTION('center_axis',(0.,0.994521895368274,0.10452846326765));
#10831=DIRECTION('ref_axis',(0.,0.10452846326765,-0.994521895368274));
#10832=DIRECTION('',(0.,-0.10452846326765,0.994521895368274));
#10833=DIRECTION('',(0.,0.10452846326765,-0.994521895368274));
#10834=DIRECTION('',(-1.,0.,0.));
#10835=DIRECTION('center_axis',(0.,0.406736643075799,0.913545457642602));
#10836=DIRECTION('ref_axis',(0.,0.913545457642602,-0.406736643075799));
#10837=DIRECTION('',(0.,-0.913545457642601,0.406736643075799));
#10838=DIRECTION('',(0.,0.913545457642601,-0.406736643075799));
#10839=DIRECTION('',(-1.,0.,0.));
#10840=DIRECTION('center_axis',(0.,-0.587785252292475,0.809016994374946));
#10841=DIRECTION('ref_axis',(0.,0.809016994374946,0.587785252292475));
#10842=DIRECTION('',(0.,-0.809016994374946,-0.587785252292475));
#10843=DIRECTION('',(0.,0.809016994374946,0.587785252292475));
#10844=DIRECTION('center_axis',(1.,0.,0.));
#10845=DIRECTION('ref_axis',(0.,1.,0.));
#10846=DIRECTION('center_axis',(1.,0.,0.));
#10847=DIRECTION('ref_axis',(0.,1.,0.));
#10848=DIRECTION('center_axis',(-1.,0.,0.));
#10849=DIRECTION('ref_axis',(0.,1.,0.));
#10850=DIRECTION('center_axis',(1.,0.,0.));
#10851=DIRECTION('ref_axis',(0.,1.,0.));
#10852=DIRECTION('',(1.,0.,0.));
#10853=DIRECTION('center_axis',(-1.,0.,0.));
#10854=DIRECTION('ref_axis',(0.,1.,0.));
#10855=DIRECTION('center_axis',(0.,-0.951056516295149,0.309016994374961));
#10856=DIRECTION('ref_axis',(0.,0.309016994374961,0.951056516295149));
#10857=DIRECTION('',(0.,-0.309016994374961,-0.951056516295149));
#10858=DIRECTION('',(-1.,0.,0.));
#10859=DIRECTION('',(0.,0.309016994374961,0.951056516295149));
#10860=DIRECTION('',(-1.,0.,0.));
#10861=DIRECTION('center_axis',(0.,-0.743144825477395,-0.669130606358857));
#10862=DIRECTION('ref_axis',(0.,-0.669130606358857,0.743144825477395));
#10863=DIRECTION('',(0.,0.669130606358857,-0.743144825477395));
#10864=DIRECTION('',(0.,-0.669130606358857,0.743144825477395));
#10865=DIRECTION('',(-1.,0.,0.));
#10866=DIRECTION('center_axis',(0.,0.207911690817758,-0.978147600733806));
#10867=DIRECTION('ref_axis',(0.,-0.978147600733806,-0.207911690817758));
#10868=DIRECTION('',(0.,0.978147600733806,0.207911690817758));
#10869=DIRECTION('',(0.,-0.978147600733806,-0.207911690817758));
#10870=DIRECTION('',(-1.,0.,0.));
#10871=DIRECTION('center_axis',(0.,0.951056516295149,-0.309016994374961));
#10872=DIRECTION('ref_axis',(0.,-0.309016994374961,-0.951056516295149));
#10873=DIRECTION('',(0.,0.309016994374961,0.951056516295149));
#10874=DIRECTION('',(0.,-0.309016994374961,-0.951056516295149));
#10875=DIRECTION('',(-1.,0.,0.));
#10876=DIRECTION('center_axis',(0.,0.743144825477395,0.669130606358857));
#10877=DIRECTION('ref_axis',(0.,0.669130606358857,-0.743144825477395));
#10878=DIRECTION('',(0.,-0.669130606358857,0.743144825477395));
#10879=DIRECTION('',(0.,0.669130606358857,-0.743144825477395));
#10880=DIRECTION('',(-1.,0.,0.));
#10881=DIRECTION('center_axis',(0.,-0.207911690817758,0.978147600733806));
#10882=DIRECTION('ref_axis',(0.,0.978147600733806,0.207911690817758));
#10883=DIRECTION('',(0.,-0.978147600733806,-0.207911690817758));
#10884=DIRECTION('',(0.,0.978147600733806,0.207911690817758));
#10885=DIRECTION('center_axis',(1.,0.,0.));
#10886=DIRECTION('ref_axis',(0.,1.,0.));
#10887=DIRECTION('center_axis',(1.,0.,0.));
#10888=DIRECTION('ref_axis',(0.,1.,0.));
#10889=DIRECTION('center_axis',(-1.,0.,0.));
#10890=DIRECTION('ref_axis',(0.,1.,0.));
#10891=DIRECTION('center_axis',(1.,0.,0.));
#10892=DIRECTION('ref_axis',(0.,1.,0.));
#10893=DIRECTION('',(1.,0.,0.));
#10894=DIRECTION('center_axis',(-1.,0.,0.));
#10895=DIRECTION('ref_axis',(0.,1.,0.));
#10896=DIRECTION('center_axis',(0.,-0.743144825477386,0.669130606358867));
#10897=DIRECTION('ref_axis',(0.,0.669130606358867,0.743144825477386));
#10898=DIRECTION('',(0.,-0.669130606358867,-0.743144825477386));
#10899=DIRECTION('',(-1.,0.,0.));
#10900=DIRECTION('',(0.,0.669130606358867,0.743144825477386));
#10901=DIRECTION('',(-1.,0.,0.));
#10902=DIRECTION('center_axis',(0.,-0.951056516295154,-0.309016994374945));
#10903=DIRECTION('ref_axis',(0.,-0.309016994374945,0.951056516295154));
#10904=DIRECTION('',(0.,0.309016994374945,-0.951056516295154));
#10905=DIRECTION('',(0.,-0.309016994374945,0.951056516295154));
#10906=DIRECTION('',(-1.,0.,0.));
#10907=DIRECTION('center_axis',(0.,-0.207911690817761,-0.978147600733805));
#10908=DIRECTION('ref_axis',(0.,-0.978147600733805,0.207911690817761));
#10909=DIRECTION('',(0.,0.978147600733805,-0.207911690817761));
#10910=DIRECTION('',(0.,-0.978147600733805,0.207911690817761));
#10911=DIRECTION('',(-1.,0.,0.));
#10912=DIRECTION('center_axis',(0.,0.743144825477385,-0.669130606358869));
#10913=DIRECTION('ref_axis',(0.,-0.669130606358869,-0.743144825477385));
#10914=DIRECTION('',(0.,0.669130606358869,0.743144825477385));
#10915=DIRECTION('',(0.,-0.669130606358869,-0.743144825477385));
#10916=DIRECTION('',(-1.,0.,0.));
#10917=DIRECTION('center_axis',(0.,0.951056516295155,0.309016994374944));
#10918=DIRECTION('ref_axis',(0.,0.309016994374944,-0.951056516295155));
#10919=DIRECTION('',(0.,-0.309016994374944,0.951056516295155));
#10920=DIRECTION('',(0.,0.309016994374944,-0.951056516295155));
#10921=DIRECTION('',(-1.,0.,0.));
#10922=DIRECTION('center_axis',(0.,0.207911690817761,0.978147600733805));
#10923=DIRECTION('ref_axis',(0.,0.978147600733805,-0.207911690817761));
#10924=DIRECTION('',(0.,-0.978147600733805,0.207911690817761));
#10925=DIRECTION('',(0.,0.978147600733805,-0.207911690817761));
#10926=DIRECTION('center_axis',(1.,0.,0.));
#10927=DIRECTION('ref_axis',(0.,1.,0.));
#10928=DIRECTION('center_axis',(1.,0.,0.));
#10929=DIRECTION('ref_axis',(0.,1.,0.));
#10930=DIRECTION('center_axis',(-1.,0.,0.));
#10931=DIRECTION('ref_axis',(0.,1.,0.));
#10932=DIRECTION('center_axis',(1.,0.,0.));
#10933=DIRECTION('ref_axis',(0.,1.,0.));
#10934=DIRECTION('',(1.,0.,0.));
#10935=DIRECTION('center_axis',(-1.,0.,0.));
#10936=DIRECTION('ref_axis',(0.,1.,0.));
#10937=DIRECTION('center_axis',(0.,-0.951056516295157,-0.309016994374938));
#10938=DIRECTION('ref_axis',(0.,-0.309016994374938,0.951056516295157));
#10939=DIRECTION('',(0.,0.309016994374938,-0.951056516295157));
#10940=DIRECTION('',(-1.,0.,0.));
#10941=DIRECTION('',(0.,-0.309016994374938,0.951056516295157));
#10942=DIRECTION('',(-1.,0.,0.));
#10943=DIRECTION('center_axis',(0.,-0.207911690817761,-0.978147600733805));
#10944=DIRECTION('ref_axis',(0.,-0.978147600733805,0.207911690817761));
#10945=DIRECTION('',(0.,0.978147600733805,-0.207911690817761));
#10946=DIRECTION('',(0.,-0.978147600733805,0.207911690817761));
#10947=DIRECTION('',(-1.,0.,0.));
#10948=DIRECTION('center_axis',(0.,0.743144825477394,-0.669130606358859));
#10949=DIRECTION('ref_axis',(0.,-0.669130606358859,-0.743144825477394));
#10950=DIRECTION('',(0.,0.669130606358859,0.743144825477394));
#10951=DIRECTION('',(0.,-0.669130606358859,-0.743144825477394));
#10952=DIRECTION('',(-1.,0.,0.));
#10953=DIRECTION('center_axis',(0.,0.951056516295157,0.309016994374938));
#10954=DIRECTION('ref_axis',(0.,0.309016994374938,-0.951056516295157));
#10955=DIRECTION('',(0.,-0.309016994374938,0.951056516295157));
#10956=DIRECTION('',(0.,0.309016994374938,-0.951056516295157));
#10957=DIRECTION('',(-1.,0.,0.));
#10958=DIRECTION('center_axis',(0.,0.207911690817761,0.978147600733805));
#10959=DIRECTION('ref_axis',(0.,0.978147600733805,-0.207911690817761));
#10960=DIRECTION('',(0.,-0.978147600733805,0.207911690817761));
#10961=DIRECTION('',(0.,0.978147600733805,-0.207911690817761));
#10962=DIRECTION('',(-1.,0.,0.));
#10963=DIRECTION('center_axis',(0.,-0.743144825477394,0.669130606358859));
#10964=DIRECTION('ref_axis',(0.,0.669130606358859,0.743144825477394));
#10965=DIRECTION('',(0.,-0.669130606358859,-0.743144825477394));
#10966=DIRECTION('',(0.,0.669130606358859,0.743144825477394));
#10967=DIRECTION('center_axis',(1.,0.,0.));
#10968=DIRECTION('ref_axis',(0.,1.,0.));
#10969=DIRECTION('center_axis',(1.,0.,0.));
#10970=DIRECTION('ref_axis',(0.,1.,0.));
#10971=DIRECTION('center_axis',(-1.,0.,0.));
#10972=DIRECTION('ref_axis',(0.,1.,0.));
#10973=DIRECTION('center_axis',(1.,0.,0.));
#10974=DIRECTION('ref_axis',(0.,1.,0.));
#10975=DIRECTION('',(1.,0.,0.));
#10976=DIRECTION('center_axis',(-1.,0.,0.));
#10977=DIRECTION('ref_axis',(0.,1.,0.));
#10978=DIRECTION('center_axis',(0.,-0.406736643075811,-0.913545457642596));
#10979=DIRECTION('ref_axis',(0.,-0.913545457642596,0.406736643075811));
#10980=DIRECTION('',(0.,0.913545457642596,-0.406736643075811));
#10981=DIRECTION('',(-1.,0.,0.));
#10982=DIRECTION('',(0.,-0.913545457642596,0.406736643075811));
#10983=DIRECTION('',(-1.,0.,0.));
#10984=DIRECTION('center_axis',(0.,0.587785252292463,-0.809016994374955));
#10985=DIRECTION('ref_axis',(0.,-0.809016994374955,-0.587785252292463));
#10986=DIRECTION('',(0.,0.809016994374955,0.587785252292463));
#10987=DIRECTION('',(0.,-0.809016994374955,-0.587785252292463));
#10988=DIRECTION('',(-1.,0.,0.));
#10989=DIRECTION('center_axis',(0.,0.994521895368273,0.104528463267656));
#10990=DIRECTION('ref_axis',(0.,0.104528463267656,-0.994521895368273));
#10991=DIRECTION('',(0.,-0.104528463267656,0.994521895368273));
#10992=DIRECTION('',(0.,0.104528463267656,-0.994521895368273));
#10993=DIRECTION('',(-1.,0.,0.));
#10994=DIRECTION('center_axis',(0.,0.406736643075811,0.913545457642596));
#10995=DIRECTION('ref_axis',(0.,0.913545457642596,-0.406736643075811));
#10996=DIRECTION('',(0.,-0.913545457642596,0.406736643075811));
#10997=DIRECTION('',(0.,0.913545457642596,-0.406736643075811));
#10998=DIRECTION('',(-1.,0.,0.));
#10999=DIRECTION('center_axis',(0.,-0.587785252292463,0.809016994374955));
#11000=DIRECTION('ref_axis',(0.,0.809016994374955,0.587785252292463));
#11001=DIRECTION('',(0.,-0.809016994374955,-0.587785252292463));
#11002=DIRECTION('',(0.,0.809016994374955,0.587785252292463));
#11003=DIRECTION('',(-1.,0.,0.));
#11004=DIRECTION('center_axis',(0.,-0.994521895368273,-0.104528463267656));
#11005=DIRECTION('ref_axis',(0.,-0.104528463267656,0.994521895368273));
#11006=DIRECTION('',(0.,0.104528463267656,-0.994521895368273));
#11007=DIRECTION('',(0.,-0.104528463267656,0.994521895368273));
#11008=DIRECTION('center_axis',(1.,0.,0.));
#11009=DIRECTION('ref_axis',(0.,1.,0.));
#11010=DIRECTION('center_axis',(1.,0.,0.));
#11011=DIRECTION('ref_axis',(0.,1.,0.));
#11012=DIRECTION('center_axis',(-1.,0.,0.));
#11013=DIRECTION('ref_axis',(0.,1.,0.));
#11014=DIRECTION('center_axis',(1.,0.,0.));
#11015=DIRECTION('ref_axis',(0.,1.,0.));
#11016=DIRECTION('',(1.,0.,0.));
#11017=DIRECTION('center_axis',(-1.,0.,0.));
#11018=DIRECTION('ref_axis',(0.,1.,0.));
#11019=DIRECTION('center_axis',(0.,0.406736643075792,-0.913545457642604));
#11020=DIRECTION('ref_axis',(0.,-0.913545457642604,-0.406736643075792));
#11021=DIRECTION('',(0.,0.913545457642604,0.406736643075792));
#11022=DIRECTION('',(-1.,0.,0.));
#11023=DIRECTION('',(0.,-0.913545457642604,-0.406736643075792));
#11024=DIRECTION('',(-1.,0.,0.));
#11025=DIRECTION('center_axis',(0.,0.994521895368272,-0.104528463267665));
#11026=DIRECTION('ref_axis',(0.,-0.104528463267665,-0.994521895368272));
#11027=DIRECTION('',(0.,0.104528463267665,0.994521895368272));
#11028=DIRECTION('',(0.,-0.104528463267665,-0.994521895368272));
#11029=DIRECTION('',(-1.,0.,0.));
#11030=DIRECTION('center_axis',(0.,0.587785252292477,0.809016994374945));
#11031=DIRECTION('ref_axis',(0.,0.809016994374945,-0.587785252292477));
#11032=DIRECTION('',(0.,-0.809016994374945,0.587785252292477));
#11033=DIRECTION('',(0.,0.809016994374945,-0.587785252292477));
#11034=DIRECTION('',(-1.,0.,0.));
#11035=DIRECTION('center_axis',(0.,-0.406736643075792,0.913545457642604));
#11036=DIRECTION('ref_axis',(0.,0.913545457642604,0.406736643075792));
#11037=DIRECTION('',(0.,-0.913545457642604,-0.406736643075792));
#11038=DIRECTION('',(0.,0.913545457642604,0.406736643075792));
#11039=DIRECTION('',(-1.,0.,0.));
#11040=DIRECTION('center_axis',(0.,-0.994521895368272,0.104528463267664));
#11041=DIRECTION('ref_axis',(0.,0.104528463267664,0.994521895368272));
#11042=DIRECTION('',(0.,-0.104528463267664,-0.994521895368272));
#11043=DIRECTION('',(0.,0.104528463267664,0.994521895368272));
#11044=DIRECTION('',(-1.,0.,0.));
#11045=DIRECTION('center_axis',(0.,-0.587785252292472,-0.809016994374949));
#11046=DIRECTION('ref_axis',(0.,-0.809016994374949,0.587785252292471));
#11047=DIRECTION('',(0.,0.809016994374949,-0.587785252292471));
#11048=DIRECTION('',(0.,-0.809016994374949,0.587785252292471));
#11049=DIRECTION('center_axis',(1.,0.,0.));
#11050=DIRECTION('ref_axis',(0.,1.,0.));
#11051=DIRECTION('center_axis',(1.,0.,0.));
#11052=DIRECTION('ref_axis',(0.,1.,0.));
#11053=DIRECTION('center_axis',(-1.,0.,0.));
#11054=DIRECTION('ref_axis',(0.,1.,0.));
#11055=DIRECTION('center_axis',(1.,0.,0.));
#11056=DIRECTION('ref_axis',(0.,1.,0.));
#11057=DIRECTION('',(1.,0.,0.));
#11058=DIRECTION('center_axis',(-1.,0.,0.));
#11059=DIRECTION('ref_axis',(0.,1.,0.));
#11060=DIRECTION('center_axis',(0.,0.951056516295153,-0.309016994374948));
#11061=DIRECTION('ref_axis',(0.,-0.309016994374948,-0.951056516295153));
#11062=DIRECTION('',(0.,0.309016994374948,0.951056516295153));
#11063=DIRECTION('',(-1.,0.,0.));
#11064=DIRECTION('',(0.,-0.309016994374948,-0.951056516295153));
#11065=DIRECTION('',(-1.,0.,0.));
#11066=DIRECTION('center_axis',(0.,0.743144825477401,0.669130606358851));
#11067=DIRECTION('ref_axis',(0.,0.669130606358851,-0.743144825477401));
#11068=DIRECTION('',(0.,-0.669130606358851,0.743144825477401));
#11069=DIRECTION('',(0.,0.669130606358851,-0.743144825477401));
#11070=DIRECTION('',(-1.,0.,0.));
#11071=DIRECTION('center_axis',(0.,-0.20791169081776,0.978147600733806));
#11072=DIRECTION('ref_axis',(0.,0.978147600733805,0.20791169081776));
#11073=DIRECTION('',(0.,-0.978147600733805,-0.20791169081776));
#11074=DIRECTION('',(0.,0.978147600733805,0.20791169081776));
#11075=DIRECTION('',(-1.,0.,0.));
#11076=DIRECTION('center_axis',(0.,-0.951056516295153,0.309016994374948));
#11077=DIRECTION('ref_axis',(0.,0.309016994374948,0.951056516295153));
#11078=DIRECTION('',(0.,-0.309016994374948,-0.951056516295153));
#11079=DIRECTION('',(0.,0.309016994374948,0.951056516295153));
#11080=DIRECTION('',(-1.,0.,0.));
#11081=DIRECTION('center_axis',(0.,-0.743144825477403,-0.669130606358849));
#11082=DIRECTION('ref_axis',(0.,-0.669130606358849,0.743144825477403));
#11083=DIRECTION('',(0.,0.669130606358848,-0.743144825477403));
#11084=DIRECTION('',(0.,-0.669130606358848,0.743144825477403));
#11085=DIRECTION('',(-1.,0.,0.));
#11086=DIRECTION('center_axis',(0.,0.207911690817755,-0.978147600733807));
#11087=DIRECTION('ref_axis',(0.,-0.978147600733807,-0.207911690817754));
#11088=DIRECTION('',(0.,0.978147600733807,0.207911690817754));
#11089=DIRECTION('',(0.,-0.978147600733807,-0.207911690817754));
#11090=DIRECTION('center_axis',(1.,0.,0.));
#11091=DIRECTION('ref_axis',(0.,1.,0.));
#11092=DIRECTION('center_axis',(1.,0.,0.));
#11093=DIRECTION('ref_axis',(0.,1.,0.));
#11094=DIRECTION('center_axis',(-1.,0.,0.));
#11095=DIRECTION('ref_axis',(0.,1.,0.));
#11096=DIRECTION('center_axis',(1.,0.,0.));
#11097=DIRECTION('ref_axis',(0.,1.,0.));
#11098=DIRECTION('',(1.,0.,0.));
#11099=DIRECTION('center_axis',(-1.,0.,0.));
#11100=DIRECTION('ref_axis',(0.,1.,0.));
#11101=DIRECTION('center_axis',(0.,0.866025403784441,0.499999999999996));
#11102=DIRECTION('ref_axis',(0.,0.499999999999996,-0.866025403784441));
#11103=DIRECTION('',(0.,-0.499999999999996,0.866025403784441));
#11104=DIRECTION('',(-1.,0.,0.));
#11105=DIRECTION('',(0.,0.499999999999996,-0.866025403784441));
#11106=DIRECTION('',(-1.,0.,0.));
#11107=DIRECTION('center_axis',(0.,7.6918507455343E-15,1.));
#11108=DIRECTION('ref_axis',(0.,1.,-7.6918507455343E-15));
#11109=DIRECTION('',(0.,-1.,7.6918507455343E-15));
#11110=DIRECTION('',(0.,1.,-7.6918507455343E-15));
#11111=DIRECTION('',(-1.,0.,0.));
#11112=DIRECTION('center_axis',(0.,-0.866025403784432,0.500000000000011));
#11113=DIRECTION('ref_axis',(0.,0.500000000000011,0.866025403784432));
#11114=DIRECTION('',(0.,-0.500000000000011,-0.866025403784432));
#11115=DIRECTION('',(0.,0.500000000000011,0.866025403784432));
#11116=DIRECTION('',(-1.,0.,0.));
#11117=DIRECTION('center_axis',(0.,-0.866025403784448,-0.499999999999984));
#11118=DIRECTION('ref_axis',(0.,-0.499999999999984,0.866025403784448));
#11119=DIRECTION('',(0.,0.499999999999984,-0.866025403784448));
#11120=DIRECTION('',(0.,-0.499999999999984,0.866025403784448));
#11121=DIRECTION('',(-1.,0.,0.));
#11122=DIRECTION('center_axis',(0.,-7.69185074553418E-15,-1.));
#11123=DIRECTION('ref_axis',(0.,-1.,7.69185074553418E-15));
#11124=DIRECTION('',(0.,1.,-7.69185074553418E-15));
#11125=DIRECTION('',(0.,-1.,7.69185074553418E-15));
#11126=DIRECTION('',(-1.,0.,0.));
#11127=DIRECTION('center_axis',(0.,0.866025403784432,-0.500000000000011));
#11128=DIRECTION('ref_axis',(0.,-0.500000000000011,-0.866025403784432));
#11129=DIRECTION('',(0.,0.500000000000011,0.866025403784432));
#11130=DIRECTION('',(0.,-0.500000000000011,-0.866025403784432));
#11131=DIRECTION('center_axis',(1.,0.,0.));
#11132=DIRECTION('ref_axis',(0.,1.,0.));
#11133=DIRECTION('center_axis',(1.,0.,0.));
#11134=DIRECTION('ref_axis',(0.,1.,0.));
#11135=DIRECTION('center_axis',(-1.,0.,0.));
#11136=DIRECTION('ref_axis',(0.,1.,0.));
#11137=DIRECTION('center_axis',(1.,0.,0.));
#11138=DIRECTION('ref_axis',(0.,1.,0.));
#11139=DIRECTION('',(1.,0.,0.));
#11140=DIRECTION('center_axis',(-1.,0.,0.));
#11141=DIRECTION('ref_axis',(0.,1.,0.));
#11142=DIRECTION('center_axis',(0.,0.207911690817761,0.978147600733805));
#11143=DIRECTION('ref_axis',(0.,0.978147600733805,-0.207911690817761));
#11144=DIRECTION('',(0.,-0.978147600733805,0.207911690817761));
#11145=DIRECTION('',(-1.,0.,0.));
#11146=DIRECTION('',(0.,0.978147600733805,-0.207911690817761));
#11147=DIRECTION('',(-1.,0.,0.));
#11148=DIRECTION('center_axis',(0.,-0.743144825477394,0.669130606358858));
#11149=DIRECTION('ref_axis',(0.,0.669130606358858,0.743144825477394));
#11150=DIRECTION('',(0.,-0.669130606358858,-0.743144825477394));
#11151=DIRECTION('',(0.,0.669130606358858,0.743144825477394));
#11152=DIRECTION('',(-1.,0.,0.));
#11153=DIRECTION('center_axis',(0.,-0.951056516295152,-0.309016994374952));
#11154=DIRECTION('ref_axis',(0.,-0.309016994374952,0.951056516295152));
#11155=DIRECTION('',(0.,0.309016994374952,-0.951056516295152));
#11156=DIRECTION('',(0.,-0.309016994374952,0.951056516295152));
#11157=DIRECTION('',(-1.,0.,0.));
#11158=DIRECTION('center_axis',(0.,-0.207911690817779,-0.978147600733801));
#11159=DIRECTION('ref_axis',(0.,-0.978147600733801,0.207911690817779));
#11160=DIRECTION('',(0.,0.978147600733801,-0.207911690817779));
#11161=DIRECTION('',(0.,-0.978147600733801,0.207911690817779));
#11162=DIRECTION('',(-1.,0.,0.));
#11163=DIRECTION('center_axis',(0.,0.743144825477393,-0.669130606358859));
#11164=DIRECTION('ref_axis',(0.,-0.669130606358859,-0.743144825477393));
#11165=DIRECTION('',(0.,0.669130606358859,0.743144825477393));
#11166=DIRECTION('',(0.,-0.669130606358859,-0.743144825477393));
#11167=DIRECTION('',(-1.,0.,0.));
#11168=DIRECTION('center_axis',(0.,0.951056516295152,0.309016994374952));
#11169=DIRECTION('ref_axis',(0.,0.309016994374952,-0.951056516295152));
#11170=DIRECTION('',(0.,-0.309016994374952,0.951056516295152));
#11171=DIRECTION('',(0.,0.309016994374952,-0.951056516295152));
#11172=DIRECTION('center_axis',(1.,0.,0.));
#11173=DIRECTION('ref_axis',(0.,1.,0.));
#11174=DIRECTION('center_axis',(1.,0.,0.));
#11175=DIRECTION('ref_axis',(0.,1.,0.));
#11176=DIRECTION('center_axis',(-1.,0.,0.));
#11177=DIRECTION('ref_axis',(0.,1.,0.));
#11178=DIRECTION('center_axis',(1.,0.,0.));
#11179=DIRECTION('ref_axis',(0.,1.,0.));
#11180=DIRECTION('',(1.,0.,0.));
#11181=DIRECTION('center_axis',(-1.,0.,0.));
#11182=DIRECTION('ref_axis',(0.,1.,0.));
#11183=DIRECTION('center_axis',(0.,0.587785252292484,0.80901699437494));
#11184=DIRECTION('ref_axis',(0.,0.80901699437494,-0.587785252292484));
#11185=DIRECTION('',(0.,-0.80901699437494,0.587785252292484));
#11186=DIRECTION('',(-1.,0.,0.));
#11187=DIRECTION('',(0.,0.80901699437494,-0.587785252292484));
#11188=DIRECTION('',(-1.,0.,0.));
#11189=DIRECTION('center_axis',(0.,-0.406736643075799,0.913545457642602));
#11190=DIRECTION('ref_axis',(0.,0.913545457642602,0.406736643075799));
#11191=DIRECTION('',(0.,-0.913545457642601,-0.406736643075799));
#11192=DIRECTION('',(0.,0.913545457642601,0.406736643075799));
#11193=DIRECTION('',(-1.,0.,0.));
#11194=DIRECTION('center_axis',(0.,-0.994521895368272,0.104528463267664));
#11195=DIRECTION('ref_axis',(0.,0.104528463267664,0.994521895368272));
#11196=DIRECTION('',(0.,-0.104528463267664,-0.994521895368272));
#11197=DIRECTION('',(0.,0.104528463267664,0.994521895368272));
#11198=DIRECTION('',(-1.,0.,0.));
#11199=DIRECTION('center_axis',(0.,-0.587785252292479,-0.809016994374943));
#11200=DIRECTION('ref_axis',(0.,-0.809016994374943,0.587785252292479));
#11201=DIRECTION('',(0.,0.809016994374943,-0.587785252292479));
#11202=DIRECTION('',(0.,-0.809016994374943,0.587785252292479));
#11203=DIRECTION('',(-1.,0.,0.));
#11204=DIRECTION('center_axis',(0.,0.406736643075787,-0.913545457642607));
#11205=DIRECTION('ref_axis',(0.,-0.913545457642607,-0.406736643075787));
#11206=DIRECTION('',(0.,0.913545457642607,0.406736643075787));
#11207=DIRECTION('',(0.,-0.913545457642607,-0.406736643075787));
#11208=DIRECTION('',(-1.,0.,0.));
#11209=DIRECTION('center_axis',(0.,0.994521895368274,-0.104528463267649));
#11210=DIRECTION('ref_axis',(0.,-0.104528463267649,-0.994521895368274));
#11211=DIRECTION('',(0.,0.104528463267649,0.994521895368274));
#11212=DIRECTION('',(0.,-0.104528463267649,-0.994521895368274));
#11213=DIRECTION('center_axis',(1.,0.,0.));
#11214=DIRECTION('ref_axis',(0.,1.,0.));
#11215=DIRECTION('center_axis',(1.,0.,0.));
#11216=DIRECTION('ref_axis',(0.,1.,0.));
#11217=DIRECTION('center_axis',(-1.,0.,0.));
#11218=DIRECTION('ref_axis',(0.,1.,0.));
#11219=DIRECTION('center_axis',(1.,0.,0.));
#11220=DIRECTION('ref_axis',(0.,1.,0.));
#11221=DIRECTION('',(1.,0.,0.));
#11222=DIRECTION('center_axis',(-1.,0.,0.));
#11223=DIRECTION('ref_axis',(0.,1.,0.));
#11224=DIRECTION('center_axis',(0.,0.994521895368274,0.104528463267649));
#11225=DIRECTION('ref_axis',(0.,0.104528463267649,-0.994521895368274));
#11226=DIRECTION('',(0.,-0.104528463267649,0.994521895368274));
#11227=DIRECTION('',(-1.,0.,0.));
#11228=DIRECTION('',(0.,0.104528463267649,-0.994521895368274));
#11229=DIRECTION('',(-1.,0.,0.));
#11230=DIRECTION('center_axis',(0.,0.406736643075815,0.913545457642595));
#11231=DIRECTION('ref_axis',(0.,0.913545457642594,-0.406736643075814));
#11232=DIRECTION('',(0.,-0.913545457642594,0.406736643075815));
#11233=DIRECTION('',(0.,0.913545457642594,-0.406736643075815));
#11234=DIRECTION('',(-1.,0.,0.));
#11235=DIRECTION('center_axis',(0.,-0.587785252292477,0.809016994374945));
#11236=DIRECTION('ref_axis',(0.,0.809016994374945,0.587785252292477));
#11237=DIRECTION('',(0.,-0.809016994374945,-0.587785252292477));
#11238=DIRECTION('',(0.,0.809016994374945,0.587785252292477));
#11239=DIRECTION('',(-1.,0.,0.));
#11240=DIRECTION('center_axis',(0.,-0.994521895368275,-0.104528463267642));
#11241=DIRECTION('ref_axis',(0.,-0.104528463267642,0.994521895368275));
#11242=DIRECTION('',(0.,0.104528463267642,-0.994521895368275));
#11243=DIRECTION('',(0.,-0.104528463267642,0.994521895368275));
#11244=DIRECTION('',(-1.,0.,0.));
#11245=DIRECTION('center_axis',(0.,-0.406736643075805,-0.913545457642599));
#11246=DIRECTION('ref_axis',(0.,-0.913545457642599,0.406736643075805));
#11247=DIRECTION('',(0.,0.913545457642599,-0.406736643075805));
#11248=DIRECTION('',(0.,-0.913545457642599,0.406736643075805));
#11249=DIRECTION('',(-1.,0.,0.));
#11250=DIRECTION('center_axis',(0.,0.587785252292472,-0.809016994374949));
#11251=DIRECTION('ref_axis',(0.,-0.809016994374949,-0.587785252292471));
#11252=DIRECTION('',(0.,0.809016994374949,0.587785252292471));
#11253=DIRECTION('',(0.,-0.809016994374949,-0.587785252292471));
#11254=DIRECTION('center_axis',(1.,0.,0.));
#11255=DIRECTION('ref_axis',(0.,1.,0.));
#11256=DIRECTION('center_axis',(1.,0.,0.));
#11257=DIRECTION('ref_axis',(0.,1.,0.));
#11258=DIRECTION('center_axis',(-1.,0.,0.));
#11259=DIRECTION('ref_axis',(0.,1.,0.));
#11260=DIRECTION('center_axis',(1.,0.,0.));
#11261=DIRECTION('ref_axis',(0.,1.,0.));
#11262=DIRECTION('',(1.,0.,0.));
#11263=DIRECTION('center_axis',(-1.,0.,0.));
#11264=DIRECTION('ref_axis',(0.,1.,0.));
#11265=DIRECTION('center_axis',(0.,0.743144825477388,-0.669130606358865));
#11266=DIRECTION('ref_axis',(0.,-0.669130606358865,-0.743144825477388));
#11267=DIRECTION('',(0.,0.669130606358865,0.743144825477388));
#11268=DIRECTION('',(-1.,0.,0.));
#11269=DIRECTION('',(0.,-0.669130606358865,-0.743144825477388));
#11270=DIRECTION('',(-1.,0.,0.));
#11271=DIRECTION('center_axis',(0.,0.951056516295154,0.309016994374945));
#11272=DIRECTION('ref_axis',(0.,0.309016994374945,-0.951056516295154));
#11273=DIRECTION('',(0.,-0.309016994374945,0.951056516295154));
#11274=DIRECTION('',(0.,0.309016994374945,-0.951056516295154));
#11275=DIRECTION('',(-1.,0.,0.));
#11276=DIRECTION('center_axis',(0.,0.207911690817759,0.978147600733806));
#11277=DIRECTION('ref_axis',(0.,0.978147600733805,-0.207911690817759));
#11278=DIRECTION('',(0.,-0.978147600733805,0.207911690817759));
#11279=DIRECTION('',(0.,0.978147600733805,-0.207911690817759));
#11280=DIRECTION('',(-1.,0.,0.));
#11281=DIRECTION('center_axis',(0.,-0.743144825477385,0.669130606358869));
#11282=DIRECTION('ref_axis',(0.,0.669130606358869,0.743144825477385));
#11283=DIRECTION('',(0.,-0.669130606358869,-0.743144825477385));
#11284=DIRECTION('',(0.,0.669130606358869,0.743144825477385));
#11285=DIRECTION('',(-1.,0.,0.));
#11286=DIRECTION('center_axis',(0.,-0.951056516295152,-0.309016994374953));
#11287=DIRECTION('ref_axis',(0.,-0.309016994374953,0.951056516295152));
#11288=DIRECTION('',(0.,0.309016994374953,-0.951056516295152));
#11289=DIRECTION('',(0.,-0.309016994374953,0.951056516295152));
#11290=DIRECTION('',(-1.,0.,0.));
#11291=DIRECTION('center_axis',(0.,-0.207911690817761,-0.978147600733805));
#11292=DIRECTION('ref_axis',(0.,-0.978147600733805,0.207911690817761));
#11293=DIRECTION('',(0.,0.978147600733805,-0.207911690817761));
#11294=DIRECTION('',(0.,-0.978147600733805,0.207911690817761));
#11295=DIRECTION('center_axis',(1.,0.,0.));
#11296=DIRECTION('ref_axis',(0.,1.,0.));
#11297=DIRECTION('center_axis',(1.,0.,0.));
#11298=DIRECTION('ref_axis',(0.,1.,0.));
#11299=DIRECTION('center_axis',(-1.,0.,0.));
#11300=DIRECTION('ref_axis',(0.,1.,0.));
#11301=DIRECTION('center_axis',(1.,0.,0.));
#11302=DIRECTION('ref_axis',(0.,1.,0.));
#11303=DIRECTION('',(1.,0.,0.));
#11304=DIRECTION('center_axis',(-1.,0.,0.));
#11305=DIRECTION('ref_axis',(0.,1.,0.));
#11306=DIRECTION('center_axis',(0.,-1.53837014910686E-14,-1.));
#11307=DIRECTION('ref_axis',(0.,-1.,1.53837014910686E-14));
#11308=DIRECTION('',(0.,1.,-1.53837014910686E-14));
#11309=DIRECTION('',(-1.,0.,0.));
#11310=DIRECTION('',(0.,-1.,1.53837014910686E-14));
#11311=DIRECTION('',(-1.,0.,0.));
#11312=DIRECTION('center_axis',(0.,0.866025403784441,-0.499999999999996));
#11313=DIRECTION('ref_axis',(0.,-0.499999999999996,-0.866025403784441));
#11314=DIRECTION('',(0.,0.499999999999996,0.866025403784441));
#11315=DIRECTION('',(0.,-0.499999999999996,-0.866025403784441));
#11316=DIRECTION('',(-1.,0.,0.));
#11317=DIRECTION('center_axis',(0.,0.866025403784439,0.499999999999999));
#11318=DIRECTION('ref_axis',(0.,0.499999999999999,-0.866025403784439));
#11319=DIRECTION('',(0.,-0.499999999999999,0.866025403784439));
#11320=DIRECTION('',(0.,0.499999999999999,-0.866025403784439));
#11321=DIRECTION('',(-1.,0.,0.));
#11322=DIRECTION('center_axis',(0.,1.53837014910686E-14,1.));
#11323=DIRECTION('ref_axis',(0.,1.,-1.53837014910686E-14));
#11324=DIRECTION('',(0.,-1.,1.53837014910686E-14));
#11325=DIRECTION('',(0.,1.,-1.53837014910686E-14));
#11326=DIRECTION('',(-1.,0.,0.));
#11327=DIRECTION('center_axis',(0.,-0.866025403784439,0.499999999999999));
#11328=DIRECTION('ref_axis',(0.,0.499999999999999,0.866025403784439));
#11329=DIRECTION('',(0.,-0.499999999999999,-0.866025403784439));
#11330=DIRECTION('',(0.,0.499999999999999,0.866025403784439));
#11331=DIRECTION('',(-1.,0.,0.));
#11332=DIRECTION('center_axis',(0.,-0.866025403784441,-0.499999999999996));
#11333=DIRECTION('ref_axis',(0.,-0.499999999999996,0.866025403784441));
#11334=DIRECTION('',(0.,0.499999999999996,-0.866025403784441));
#11335=DIRECTION('',(0.,-0.499999999999996,0.866025403784441));
#11336=DIRECTION('center_axis',(1.,0.,0.));
#11337=DIRECTION('ref_axis',(0.,1.,0.));
#11338=DIRECTION('center_axis',(1.,0.,0.));
#11339=DIRECTION('ref_axis',(0.,1.,0.));
#11340=DIRECTION('center_axis',(-1.,0.,0.));
#11341=DIRECTION('ref_axis',(0.,1.,0.));
#11342=DIRECTION('center_axis',(1.,0.,0.));
#11343=DIRECTION('ref_axis',(0.,1.,0.));
#11344=DIRECTION('',(1.,0.,0.));
#11345=DIRECTION('center_axis',(-1.,0.,0.));
#11346=DIRECTION('ref_axis',(0.,1.,0.));
#11347=DIRECTION('center_axis',(0.,-0.743144825477401,-0.66913060635885));
#11348=DIRECTION('ref_axis',(0.,-0.66913060635885,0.743144825477401));
#11349=DIRECTION('',(0.,0.66913060635885,-0.743144825477401));
#11350=DIRECTION('',(-1.,0.,0.));
#11351=DIRECTION('',(0.,-0.66913060635885,0.743144825477401));
#11352=DIRECTION('',(-1.,0.,0.));
#11353=DIRECTION('center_axis',(0.,0.207911690817754,-0.978147600733807));
#11354=DIRECTION('ref_axis',(0.,-0.978147600733807,-0.207911690817754));
#11355=DIRECTION('',(0.,0.978147600733807,0.207911690817754));
#11356=DIRECTION('',(0.,-0.978147600733807,-0.207911690817754));
#11357=DIRECTION('',(-1.,0.,0.));
#11358=DIRECTION('center_axis',(0.,0.951056516295152,-0.309016994374952));
#11359=DIRECTION('ref_axis',(0.,-0.309016994374952,-0.951056516295152));
#11360=DIRECTION('',(0.,0.309016994374952,0.951056516295152));
#11361=DIRECTION('',(0.,-0.309016994374952,-0.951056516295152));
#11362=DIRECTION('',(-1.,0.,0.));
#11363=DIRECTION('center_axis',(0.,0.743144825477401,0.66913060635885));
#11364=DIRECTION('ref_axis',(0.,0.66913060635885,-0.743144825477401));
#11365=DIRECTION('',(0.,-0.66913060635885,0.743144825477401));
#11366=DIRECTION('',(0.,0.66913060635885,-0.743144825477401));
#11367=DIRECTION('',(-1.,0.,0.));
#11368=DIRECTION('center_axis',(0.,-0.207911690817752,0.978147600733807));
#11369=DIRECTION('ref_axis',(0.,0.978147600733807,0.207911690817752));
#11370=DIRECTION('',(0.,-0.978147600733807,-0.207911690817752));
#11371=DIRECTION('',(0.,0.978147600733807,0.207911690817752));
#11372=DIRECTION('',(-1.,0.,0.));
#11373=DIRECTION('center_axis',(0.,-0.951056516295154,0.309016994374945));
#11374=DIRECTION('ref_axis',(0.,0.309016994374945,0.951056516295154));
#11375=DIRECTION('',(0.,-0.309016994374945,-0.951056516295154));
#11376=DIRECTION('',(0.,0.309016994374945,0.951056516295154));
#11377=DIRECTION('center_axis',(1.,0.,0.));
#11378=DIRECTION('ref_axis',(0.,1.,0.));
#11379=DIRECTION('center_axis',(1.,0.,0.));
#11380=DIRECTION('ref_axis',(0.,1.,0.));
#11381=DIRECTION('center_axis',(-1.,0.,0.));
#11382=DIRECTION('ref_axis',(0.,1.,0.));
#11383=DIRECTION('center_axis',(1.,0.,0.));
#11384=DIRECTION('ref_axis',(0.,1.,0.));
#11385=DIRECTION('',(1.,0.,0.));
#11386=DIRECTION('center_axis',(-1.,0.,0.));
#11387=DIRECTION('ref_axis',(0.,1.,0.));
#11388=DIRECTION('center_axis',(0.,-0.406736643075786,0.913545457642607));
#11389=DIRECTION('ref_axis',(0.,0.913545457642607,0.406736643075786));
#11390=DIRECTION('',(0.,-0.913545457642607,-0.406736643075786));
#11391=DIRECTION('',(-1.,0.,0.));
#11392=DIRECTION('',(0.,0.913545457642607,0.406736643075786));
#11393=DIRECTION('',(-1.,0.,0.));
#11394=DIRECTION('center_axis',(0.,-0.994521895368274,0.104528463267649));
#11395=DIRECTION('ref_axis',(0.,0.104528463267649,0.994521895368274));
#11396=DIRECTION('',(0.,-0.104528463267649,-0.994521895368274));
#11397=DIRECTION('',(0.,0.104528463267649,0.994521895368274));
#11398=DIRECTION('',(-1.,0.,0.));
#11399=DIRECTION('center_axis',(0.,-0.587785252292472,-0.809016994374949));
#11400=DIRECTION('ref_axis',(0.,-0.809016994374949,0.587785252292471));
#11401=DIRECTION('',(0.,0.809016994374949,-0.587785252292471));
#11402=DIRECTION('',(0.,-0.809016994374949,0.587785252292471));
#11403=DIRECTION('',(-1.,0.,0.));
#11404=DIRECTION('center_axis',(0.,0.406736643075789,-0.913545457642606));
#11405=DIRECTION('ref_axis',(0.,-0.913545457642606,-0.406736643075789));
#11406=DIRECTION('',(0.,0.913545457642606,0.406736643075789));
#11407=DIRECTION('',(0.,-0.913545457642606,-0.406736643075789));
#11408=DIRECTION('',(-1.,0.,0.));
#11409=DIRECTION('center_axis',(0.,0.994521895368272,-0.104528463267664));
#11410=DIRECTION('ref_axis',(0.,-0.104528463267664,-0.994521895368272));
#11411=DIRECTION('',(0.,0.104528463267664,0.994521895368272));
#11412=DIRECTION('',(0.,-0.104528463267664,-0.994521895368272));
#11413=DIRECTION('',(-1.,0.,0.));
#11414=DIRECTION('center_axis',(0.,0.587785252292472,0.809016994374949));
#11415=DIRECTION('ref_axis',(0.,0.809016994374949,-0.587785252292471));
#11416=DIRECTION('',(0.,-0.809016994374949,0.587785252292471));
#11417=DIRECTION('',(0.,0.809016994374949,-0.587785252292471));
#11418=DIRECTION('center_axis',(1.,0.,0.));
#11419=DIRECTION('ref_axis',(0.,1.,0.));
#11420=DIRECTION('center_axis',(1.,0.,0.));
#11421=DIRECTION('ref_axis',(0.,1.,0.));
#11422=DIRECTION('center_axis',(-1.,0.,0.));
#11423=DIRECTION('ref_axis',(0.,1.,0.));
#11424=DIRECTION('center_axis',(1.,0.,0.));
#11425=DIRECTION('ref_axis',(0.,1.,0.));
#11426=DIRECTION('',(1.,0.,0.));
#11427=DIRECTION('center_axis',(-1.,0.,0.));
#11428=DIRECTION('ref_axis',(0.,1.,0.));
#11429=DIRECTION('center_axis',(0.,-0.994521895368273,0.104528463267658));
#11430=DIRECTION('ref_axis',(0.,0.104528463267658,0.994521895368273));
#11431=DIRECTION('',(0.,-0.104528463267658,-0.994521895368273));
#11432=DIRECTION('',(-1.,0.,0.));
#11433=DIRECTION('',(0.,0.104528463267658,0.994521895368273));
#11434=DIRECTION('',(-1.,0.,0.));
#11435=DIRECTION('center_axis',(0.,-0.58778525229248,-0.809016994374942));
#11436=DIRECTION('ref_axis',(0.,-0.809016994374942,0.58778525229248));
#11437=DIRECTION('',(0.,0.809016994374942,-0.58778525229248));
#11438=DIRECTION('',(0.,-0.809016994374942,0.58778525229248));
#11439=DIRECTION('',(-1.,0.,0.));
#11440=DIRECTION('center_axis',(0.,0.406736643075796,-0.913545457642603));
#11441=DIRECTION('ref_axis',(0.,-0.913545457642603,-0.406736643075796));
#11442=DIRECTION('',(0.,0.913545457642603,0.406736643075796));
#11443=DIRECTION('',(0.,-0.913545457642603,-0.406736643075796));
#11444=DIRECTION('',(-1.,0.,0.));
#11445=DIRECTION('center_axis',(0.,0.994521895368272,-0.104528463267665));
#11446=DIRECTION('ref_axis',(0.,-0.104528463267665,-0.994521895368272));
#11447=DIRECTION('',(0.,0.104528463267665,0.994521895368272));
#11448=DIRECTION('',(0.,-0.104528463267665,-0.994521895368272));
#11449=DIRECTION('',(-1.,0.,0.));
#11450=DIRECTION('center_axis',(0.,0.587785252292477,0.809016994374945));
#11451=DIRECTION('ref_axis',(0.,0.809016994374945,-0.587785252292477));
#11452=DIRECTION('',(0.,-0.809016994374945,0.587785252292477));
#11453=DIRECTION('',(0.,0.809016994374945,-0.587785252292477));
#11454=DIRECTION('',(-1.,0.,0.));
#11455=DIRECTION('center_axis',(0.,-0.406736643075796,0.913545457642603));
#11456=DIRECTION('ref_axis',(0.,0.913545457642603,0.406736643075796));
#11457=DIRECTION('',(0.,-0.913545457642603,-0.406736643075796));
#11458=DIRECTION('',(0.,0.913545457642603,0.406736643075796));
#11459=DIRECTION('center_axis',(1.,0.,0.));
#11460=DIRECTION('ref_axis',(0.,1.,0.));
#11461=DIRECTION('center_axis',(1.,0.,0.));
#11462=DIRECTION('ref_axis',(0.,1.,0.));
#11463=DIRECTION('center_axis',(-1.,0.,0.));
#11464=DIRECTION('ref_axis',(0.,1.,0.));
#11465=DIRECTION('center_axis',(1.,0.,0.));
#11466=DIRECTION('ref_axis',(0.,1.,0.));
#11467=DIRECTION('',(1.,0.,0.));
#11468=DIRECTION('center_axis',(-1.,0.,0.));
#11469=DIRECTION('ref_axis',(0.,1.,0.));
#11470=DIRECTION('center_axis',(0.,0.866025403784441,0.499999999999996));
#11471=DIRECTION('ref_axis',(0.,0.499999999999996,-0.866025403784441));
#11472=DIRECTION('',(0.,-0.499999999999996,0.866025403784441));
#11473=DIRECTION('',(-1.,0.,0.));
#11474=DIRECTION('',(0.,0.499999999999996,-0.866025403784441));
#11475=DIRECTION('',(-1.,0.,0.));
#11476=DIRECTION('center_axis',(0.,0.,1.));
#11477=DIRECTION('ref_axis',(0.,1.,0.));
#11478=DIRECTION('',(0.,-1.,0.));
#11479=DIRECTION('',(0.,1.,0.));
#11480=DIRECTION('',(-1.,0.,0.));
#11481=DIRECTION('center_axis',(0.,-0.866025403784434,0.500000000000008));
#11482=DIRECTION('ref_axis',(0.,0.500000000000008,0.866025403784434));
#11483=DIRECTION('',(0.,-0.500000000000008,-0.866025403784434));
#11484=DIRECTION('',(0.,0.500000000000008,0.866025403784434));
#11485=DIRECTION('',(-1.,0.,0.));
#11486=DIRECTION('center_axis',(0.,-0.866025403784441,-0.499999999999996));
#11487=DIRECTION('ref_axis',(0.,-0.499999999999996,0.866025403784441));
#11488=DIRECTION('',(0.,0.499999999999996,-0.866025403784441));
#11489=DIRECTION('',(0.,-0.499999999999996,0.866025403784441));
#11490=DIRECTION('',(-1.,0.,0.));
#11491=DIRECTION('center_axis',(0.,0.,-1.));
#11492=DIRECTION('ref_axis',(0.,-1.,0.));
#11493=DIRECTION('',(0.,1.,0.));
#11494=DIRECTION('',(0.,-1.,0.));
#11495=DIRECTION('',(-1.,0.,0.));
#11496=DIRECTION('center_axis',(0.,0.866025403784434,-0.500000000000008));
#11497=DIRECTION('ref_axis',(0.,-0.500000000000008,-0.866025403784434));
#11498=DIRECTION('',(0.,0.500000000000008,0.866025403784434));
#11499=DIRECTION('',(0.,-0.500000000000008,-0.866025403784434));
#11500=DIRECTION('center_axis',(1.,0.,0.));
#11501=DIRECTION('ref_axis',(0.,1.,0.));
#11502=DIRECTION('center_axis',(1.,0.,0.));
#11503=DIRECTION('ref_axis',(0.,1.,0.));
#11504=DIRECTION('center_axis',(-1.,0.,0.));
#11505=DIRECTION('ref_axis',(0.,1.,0.));
#11506=DIRECTION('center_axis',(1.,0.,0.));
#11507=DIRECTION('ref_axis',(0.,1.,0.));
#11508=DIRECTION('',(1.,0.,0.));
#11509=DIRECTION('center_axis',(-1.,0.,0.));
#11510=DIRECTION('ref_axis',(0.,1.,0.));
#11511=DIRECTION('center_axis',(0.,-0.587785252292464,0.809016994374954));
#11512=DIRECTION('ref_axis',(0.,0.809016994374954,0.587785252292464));
#11513=DIRECTION('',(0.,-0.809016994374954,-0.587785252292464));
#11514=DIRECTION('',(-1.,0.,0.));
#11515=DIRECTION('',(0.,0.809016994374954,0.587785252292464));
#11516=DIRECTION('',(-1.,0.,0.));
#11517=DIRECTION('center_axis',(0.,-0.994521895368274,-0.104528463267649));
#11518=DIRECTION('ref_axis',(0.,-0.104528463267649,0.994521895368274));
#11519=DIRECTION('',(0.,0.104528463267649,-0.994521895368274));
#11520=DIRECTION('',(0.,-0.104528463267649,0.994521895368274));
#11521=DIRECTION('',(-1.,0.,0.));
#11522=DIRECTION('center_axis',(0.,-0.406736643075802,-0.9135454576426));
#11523=DIRECTION('ref_axis',(0.,-0.9135454576426,0.406736643075802));
#11524=DIRECTION('',(0.,0.9135454576426,-0.406736643075802));
#11525=DIRECTION('',(0.,-0.9135454576426,0.406736643075802));
#11526=DIRECTION('',(-1.,0.,0.));
#11527=DIRECTION('center_axis',(0.,0.587785252292464,-0.809016994374954));
#11528=DIRECTION('ref_axis',(0.,-0.809016994374954,-0.587785252292464));
#11529=DIRECTION('',(0.,0.809016994374954,0.587785252292464));
#11530=DIRECTION('',(0.,-0.809016994374954,-0.587785252292464));
#11531=DIRECTION('',(-1.,0.,0.));
#11532=DIRECTION('center_axis',(0.,0.994521895368274,0.104528463267649));
#11533=DIRECTION('ref_axis',(0.,0.104528463267649,-0.994521895368274));
#11534=DIRECTION('',(0.,-0.104528463267649,0.994521895368274));
#11535=DIRECTION('',(0.,0.104528463267649,-0.994521895368274));
#11536=DIRECTION('',(-1.,0.,0.));
#11537=DIRECTION('center_axis',(0.,0.406736643075802,0.9135454576426));
#11538=DIRECTION('ref_axis',(0.,0.9135454576426,-0.406736643075802));
#11539=DIRECTION('',(0.,-0.9135454576426,0.406736643075802));
#11540=DIRECTION('',(0.,0.9135454576426,-0.406736643075802));
#11541=DIRECTION('center_axis',(1.,0.,0.));
#11542=DIRECTION('ref_axis',(0.,1.,0.));
#11543=DIRECTION('center_axis',(1.,0.,0.));
#11544=DIRECTION('ref_axis',(0.,1.,0.));
#11545=DIRECTION('center_axis',(-1.,0.,0.));
#11546=DIRECTION('ref_axis',(0.,1.,0.));
#11547=DIRECTION('center_axis',(1.,0.,0.));
#11548=DIRECTION('ref_axis',(0.,1.,0.));
#11549=DIRECTION('',(1.,0.,0.));
#11550=DIRECTION('center_axis',(-1.,0.,0.));
#11551=DIRECTION('ref_axis',(0.,1.,0.));
#11552=DIRECTION('center_axis',(0.,-0.866025403784444,-0.499999999999991));
#11553=DIRECTION('ref_axis',(0.,-0.499999999999991,0.866025403784444));
#11554=DIRECTION('',(0.,0.499999999999991,-0.866025403784444));
#11555=DIRECTION('',(-1.,0.,0.));
#11556=DIRECTION('',(0.,-0.499999999999991,0.866025403784444));
#11557=DIRECTION('',(-1.,0.,0.));
#11558=DIRECTION('center_axis',(0.,-7.69185074553418E-15,-1.));
#11559=DIRECTION('ref_axis',(0.,-1.,7.69185074553418E-15));
#11560=DIRECTION('',(0.,1.,-7.69185074553418E-15));
#11561=DIRECTION('',(0.,-1.,7.69185074553418E-15));
#11562=DIRECTION('',(-1.,0.,0.));
#11563=DIRECTION('center_axis',(0.,0.866025403784439,-0.499999999999999));
#11564=DIRECTION('ref_axis',(0.,-0.499999999999999,-0.866025403784439));
#11565=DIRECTION('',(0.,0.499999999999999,0.866025403784439));
#11566=DIRECTION('',(0.,-0.499999999999999,-0.866025403784439));
#11567=DIRECTION('',(-1.,0.,0.));
#11568=DIRECTION('center_axis',(0.,0.866025403784444,0.49999999999999));
#11569=DIRECTION('ref_axis',(0.,0.49999999999999,-0.866025403784444));
#11570=DIRECTION('',(0.,-0.49999999999999,0.866025403784444));
#11571=DIRECTION('',(0.,0.49999999999999,-0.866025403784444));
#11572=DIRECTION('',(-1.,0.,0.));
#11573=DIRECTION('center_axis',(0.,0.,1.));
#11574=DIRECTION('ref_axis',(0.,1.,0.));
#11575=DIRECTION('',(0.,-1.,0.));
#11576=DIRECTION('',(0.,1.,0.));
#11577=DIRECTION('',(-1.,0.,0.));
#11578=DIRECTION('center_axis',(0.,-0.866025403784441,0.499999999999996));
#11579=DIRECTION('ref_axis',(0.,0.499999999999996,0.866025403784441));
#11580=DIRECTION('',(0.,-0.499999999999996,-0.866025403784441));
#11581=DIRECTION('',(0.,0.499999999999996,0.866025403784441));
#11582=DIRECTION('center_axis',(1.,0.,0.));
#11583=DIRECTION('ref_axis',(0.,1.,0.));
#11584=DIRECTION('center_axis',(1.,0.,0.));
#11585=DIRECTION('ref_axis',(0.,1.,0.));
#11586=DIRECTION('center_axis',(-1.,0.,0.));
#11587=DIRECTION('ref_axis',(0.,1.,0.));
#11588=DIRECTION('center_axis',(1.,0.,0.));
#11589=DIRECTION('ref_axis',(0.,1.,0.));
#11590=DIRECTION('',(1.,0.,0.));
#11591=DIRECTION('center_axis',(-1.,0.,0.));
#11592=DIRECTION('ref_axis',(0.,1.,0.));
#11593=DIRECTION('center_axis',(0.,-0.207911690817763,-0.978147600733805));
#11594=DIRECTION('ref_axis',(0.,-0.978147600733805,0.207911690817763));
#11595=DIRECTION('',(0.,0.978147600733805,-0.207911690817763));
#11596=DIRECTION('',(-1.,0.,0.));
#11597=DIRECTION('',(0.,-0.978147600733805,0.207911690817763));
#11598=DIRECTION('',(-1.,0.,0.));
#11599=DIRECTION('center_axis',(0.,0.74314482547739,-0.669130606358863));
#11600=DIRECTION('ref_axis',(0.,-0.669130606358863,-0.74314482547739));
#11601=DIRECTION('',(0.,0.669130606358863,0.74314482547739));
#11602=DIRECTION('',(0.,-0.669130606358863,-0.74314482547739));
#11603=DIRECTION('',(-1.,0.,0.));
#11604=DIRECTION('center_axis',(0.,0.951056516295154,0.309016994374945));
#11605=DIRECTION('ref_axis',(0.,0.309016994374945,-0.951056516295154));
#11606=DIRECTION('',(0.,-0.309016994374945,0.951056516295154));
#11607=DIRECTION('',(0.,0.309016994374945,-0.951056516295154));
#11608=DIRECTION('',(-1.,0.,0.));
#11609=DIRECTION('center_axis',(0.,0.207911690817778,0.978147600733802));
#11610=DIRECTION('ref_axis',(0.,0.978147600733802,-0.207911690817778));
#11611=DIRECTION('',(0.,-0.978147600733802,0.207911690817778));
#11612=DIRECTION('',(0.,0.978147600733802,-0.207911690817778));
#11613=DIRECTION('',(-1.,0.,0.));
#11614=DIRECTION('center_axis',(0.,-0.743144825477393,0.669130606358859));
#11615=DIRECTION('ref_axis',(0.,0.669130606358859,0.743144825477393));
#11616=DIRECTION('',(0.,-0.669130606358859,-0.743144825477393));
#11617=DIRECTION('',(0.,0.669130606358859,0.743144825477393));
#11618=DIRECTION('',(-1.,0.,0.));
#11619=DIRECTION('center_axis',(0.,-0.951056516295152,-0.309016994374952));
#11620=DIRECTION('ref_axis',(0.,-0.309016994374952,0.951056516295152));
#11621=DIRECTION('',(0.,0.309016994374952,-0.951056516295152));
#11622=DIRECTION('',(0.,-0.309016994374952,0.951056516295152));
#11623=DIRECTION('center_axis',(1.,0.,0.));
#11624=DIRECTION('ref_axis',(0.,1.,0.));
#11625=DIRECTION('center_axis',(1.,0.,0.));
#11626=DIRECTION('ref_axis',(0.,1.,0.));
#11627=DIRECTION('center_axis',(-1.,0.,0.));
#11628=DIRECTION('ref_axis',(0.,1.,0.));
#11629=DIRECTION('center_axis',(1.,0.,0.));
#11630=DIRECTION('ref_axis',(0.,1.,0.));
#11631=DIRECTION('',(1.,0.,0.));
#11632=DIRECTION('center_axis',(-1.,0.,0.));
#11633=DIRECTION('ref_axis',(0.,1.,0.));
#11634=DIRECTION('center_axis',(0.,0.587785252292461,-0.809016994374956));
#11635=DIRECTION('ref_axis',(0.,-0.809016994374956,-0.587785252292461));
#11636=DIRECTION('',(0.,0.809016994374956,0.587785252292461));
#11637=DIRECTION('',(-1.,0.,0.));
#11638=DIRECTION('',(0.,-0.809016994374956,-0.587785252292461));
#11639=DIRECTION('',(-1.,0.,0.));
#11640=DIRECTION('center_axis',(0.,0.994521895368274,0.104528463267649));
#11641=DIRECTION('ref_axis',(0.,0.104528463267649,-0.994521895368274));
#11642=DIRECTION('',(0.,-0.104528463267649,0.994521895368274));
#11643=DIRECTION('',(0.,0.104528463267649,-0.994521895368274));
#11644=DIRECTION('',(-1.,0.,0.));
#11645=DIRECTION('center_axis',(0.,0.406736643075802,0.9135454576426));
#11646=DIRECTION('ref_axis',(0.,0.9135454576426,-0.406736643075802));
#11647=DIRECTION('',(0.,-0.9135454576426,0.406736643075802));
#11648=DIRECTION('',(0.,0.9135454576426,-0.406736643075802));
#11649=DIRECTION('',(-1.,0.,0.));
#11650=DIRECTION('center_axis',(0.,-0.587785252292464,0.809016994374954));
#11651=DIRECTION('ref_axis',(0.,0.809016994374954,0.587785252292464));
#11652=DIRECTION('',(0.,-0.809016994374954,-0.587785252292464));
#11653=DIRECTION('',(0.,0.809016994374954,0.587785252292464));
#11654=DIRECTION('',(-1.,0.,0.));
#11655=DIRECTION('center_axis',(0.,-0.994521895368274,-0.104528463267649));
#11656=DIRECTION('ref_axis',(0.,-0.104528463267649,0.994521895368274));
#11657=DIRECTION('',(0.,0.104528463267649,-0.994521895368274));
#11658=DIRECTION('',(0.,-0.104528463267649,0.994521895368274));
#11659=DIRECTION('',(-1.,0.,0.));
#11660=DIRECTION('center_axis',(0.,-0.406736643075802,-0.9135454576426));
#11661=DIRECTION('ref_axis',(0.,-0.9135454576426,0.406736643075802));
#11662=DIRECTION('',(0.,0.9135454576426,-0.406736643075802));
#11663=DIRECTION('',(0.,-0.9135454576426,0.406736643075802));
#11664=DIRECTION('center_axis',(1.,0.,0.));
#11665=DIRECTION('ref_axis',(0.,1.,0.));
#11666=DIRECTION('center_axis',(1.,0.,0.));
#11667=DIRECTION('ref_axis',(0.,1.,0.));
#11668=DIRECTION('center_axis',(-1.,0.,0.));
#11669=DIRECTION('ref_axis',(0.,1.,0.));
#11670=DIRECTION('center_axis',(1.,0.,0.));
#11671=DIRECTION('ref_axis',(0.,1.,0.));
#11672=DIRECTION('',(1.,0.,0.));
#11673=DIRECTION('center_axis',(-1.,0.,0.));
#11674=DIRECTION('ref_axis',(0.,1.,0.));
#11675=DIRECTION('center_axis',(0.,0.994521895368272,-0.104528463267665));
#11676=DIRECTION('ref_axis',(0.,-0.104528463267665,-0.994521895368272));
#11677=DIRECTION('',(0.,0.104528463267665,0.994521895368272));
#11678=DIRECTION('',(-1.,0.,0.));
#11679=DIRECTION('',(0.,-0.104528463267665,-0.994521895368272));
#11680=DIRECTION('',(-1.,0.,0.));
#11681=DIRECTION('center_axis',(0.,0.587785252292477,0.809016994374945));
#11682=DIRECTION('ref_axis',(0.,0.809016994374945,-0.587785252292477));
#11683=DIRECTION('',(0.,-0.809016994374945,0.587785252292477));
#11684=DIRECTION('',(0.,0.809016994374945,-0.587785252292477));
#11685=DIRECTION('',(-1.,0.,0.));
#11686=DIRECTION('center_axis',(0.,-0.406736643075796,0.913545457642603));
#11687=DIRECTION('ref_axis',(0.,0.913545457642603,0.406736643075796));
#11688=DIRECTION('',(0.,-0.913545457642603,-0.406736643075796));
#11689=DIRECTION('',(0.,0.913545457642603,0.406736643075796));
#11690=DIRECTION('',(-1.,0.,0.));
#11691=DIRECTION('center_axis',(0.,-0.994521895368273,0.104528463267658));
#11692=DIRECTION('ref_axis',(0.,0.104528463267658,0.994521895368273));
#11693=DIRECTION('',(0.,-0.104528463267658,-0.994521895368273));
#11694=DIRECTION('',(0.,0.104528463267658,0.994521895368273));
#11695=DIRECTION('',(-1.,0.,0.));
#11696=DIRECTION('center_axis',(0.,-0.587785252292477,-0.809016994374945));
#11697=DIRECTION('ref_axis',(0.,-0.809016994374945,0.587785252292477));
#11698=DIRECTION('',(0.,0.809016994374945,-0.587785252292477));
#11699=DIRECTION('',(0.,-0.809016994374945,0.587785252292477));
#11700=DIRECTION('',(-1.,0.,0.));
#11701=DIRECTION('center_axis',(0.,0.406736643075799,-0.913545457642602));
#11702=DIRECTION('ref_axis',(0.,-0.913545457642602,-0.406736643075799));
#11703=DIRECTION('',(0.,0.913545457642601,0.406736643075799));
#11704=DIRECTION('',(0.,-0.913545457642601,-0.406736643075799));
#11705=DIRECTION('center_axis',(1.,0.,0.));
#11706=DIRECTION('ref_axis',(0.,1.,0.));
#11707=DIRECTION('center_axis',(1.,0.,0.));
#11708=DIRECTION('ref_axis',(0.,1.,0.));
#11709=DIRECTION('center_axis',(-1.,0.,0.));
#11710=DIRECTION('ref_axis',(0.,1.,0.));
#11711=DIRECTION('center_axis',(1.,0.,0.));
#11712=DIRECTION('ref_axis',(0.,1.,0.));
#11713=DIRECTION('',(1.,0.,0.));
#11714=DIRECTION('center_axis',(-1.,0.,0.));
#11715=DIRECTION('ref_axis',(0.,1.,0.));
#11716=DIRECTION('center_axis',(0.,0.743144825477409,0.669130606358842));
#11717=DIRECTION('ref_axis',(0.,0.669130606358842,-0.743144825477409));
#11718=DIRECTION('',(0.,-0.669130606358842,0.743144825477409));
#11719=DIRECTION('',(-1.,0.,0.));
#11720=DIRECTION('',(0.,0.669130606358842,-0.743144825477409));
#11721=DIRECTION('',(-1.,0.,0.));
#11722=DIRECTION('center_axis',(0.,-0.207911690817758,0.978147600733806));
#11723=DIRECTION('ref_axis',(0.,0.978147600733806,0.207911690817758));
#11724=DIRECTION('',(0.,-0.978147600733806,-0.207911690817758));
#11725=DIRECTION('',(0.,0.978147600733806,0.207911690817758));
#11726=DIRECTION('',(-1.,0.,0.));
#11727=DIRECTION('center_axis',(0.,-0.951056516295156,0.30901699437494));
#11728=DIRECTION('ref_axis',(0.,0.30901699437494,0.951056516295156));
#11729=DIRECTION('',(0.,-0.30901699437494,-0.951056516295156));
#11730=DIRECTION('',(0.,0.30901699437494,0.951056516295156));
#11731=DIRECTION('',(-1.,0.,0.));
#11732=DIRECTION('center_axis',(0.,-0.743144825477405,-0.669130606358846));
#11733=DIRECTION('ref_axis',(0.,-0.669130606358846,0.743144825477405));
#11734=DIRECTION('',(0.,0.669130606358846,-0.743144825477405));
#11735=DIRECTION('',(0.,-0.669130606358846,0.743144825477405));
#11736=DIRECTION('',(-1.,0.,0.));
#11737=DIRECTION('center_axis',(0.,0.207911690817754,-0.978147600733807));
#11738=DIRECTION('ref_axis',(0.,-0.978147600733807,-0.207911690817754));
#11739=DIRECTION('',(0.,0.978147600733807,0.207911690817754));
#11740=DIRECTION('',(0.,-0.978147600733807,-0.207911690817754));
#11741=DIRECTION('',(-1.,0.,0.));
#11742=DIRECTION('center_axis',(0.,0.951056516295151,-0.309016994374954));
#11743=DIRECTION('ref_axis',(0.,-0.309016994374954,-0.951056516295151));
#11744=DIRECTION('',(0.,0.309016994374954,0.951056516295151));
#11745=DIRECTION('',(0.,-0.309016994374954,-0.951056516295151));
#11746=DIRECTION('center_axis',(1.,0.,0.));
#11747=DIRECTION('ref_axis',(0.,1.,0.));
#11748=DIRECTION('center_axis',(1.,0.,0.));
#11749=DIRECTION('ref_axis',(0.,1.,0.));
#11750=DIRECTION('center_axis',(-1.,0.,0.));
#11751=DIRECTION('ref_axis',(0.,1.,0.));
#11752=DIRECTION('center_axis',(1.,0.,0.));
#11753=DIRECTION('ref_axis',(0.,1.,0.));
#11754=DIRECTION('',(1.,0.,0.));
#11755=DIRECTION('center_axis',(-1.,0.,0.));
#11756=DIRECTION('ref_axis',(0.,1.,0.));
#11757=DIRECTION('center_axis',(0.,1.53837014910686E-14,1.));
#11758=DIRECTION('ref_axis',(0.,1.,-1.53837014910686E-14));
#11759=DIRECTION('',(0.,-1.,1.53837014910686E-14));
#11760=DIRECTION('',(-1.,0.,0.));
#11761=DIRECTION('',(0.,1.,-1.53837014910686E-14));
#11762=DIRECTION('',(-1.,0.,0.));
#11763=DIRECTION('center_axis',(0.,-0.866025403784434,0.500000000000008));
#11764=DIRECTION('ref_axis',(0.,0.500000000000008,0.866025403784434));
#11765=DIRECTION('',(0.,-0.500000000000008,-0.866025403784434));
#11766=DIRECTION('',(0.,0.500000000000008,0.866025403784434));
#11767=DIRECTION('',(-1.,0.,0.));
#11768=DIRECTION('center_axis',(0.,-0.866025403784441,-0.499999999999996));
#11769=DIRECTION('ref_axis',(0.,-0.499999999999996,0.866025403784441));
#11770=DIRECTION('',(0.,0.499999999999996,-0.866025403784441));
#11771=DIRECTION('',(0.,-0.499999999999996,0.866025403784441));
#11772=DIRECTION('',(-1.,0.,0.));
#11773=DIRECTION('center_axis',(0.,-7.6918507455343E-15,-1.));
#11774=DIRECTION('ref_axis',(0.,-1.,7.6918507455343E-15));
#11775=DIRECTION('',(0.,1.,-7.6918507455343E-15));
#11776=DIRECTION('',(0.,-1.,7.6918507455343E-15));
#11777=DIRECTION('',(-1.,0.,0.));
#11778=DIRECTION('center_axis',(0.,0.866025403784432,-0.500000000000011));
#11779=DIRECTION('ref_axis',(0.,-0.500000000000011,-0.866025403784432));
#11780=DIRECTION('',(0.,0.500000000000011,0.866025403784432));
#11781=DIRECTION('',(0.,-0.500000000000011,-0.866025403784432));
#11782=DIRECTION('',(-1.,0.,0.));
#11783=DIRECTION('center_axis',(0.,0.866025403784441,0.499999999999996));
#11784=DIRECTION('ref_axis',(0.,0.499999999999996,-0.866025403784441));
#11785=DIRECTION('',(0.,-0.499999999999996,0.866025403784441));
#11786=DIRECTION('',(0.,0.499999999999996,-0.866025403784441));
#11787=DIRECTION('center_axis',(1.,0.,0.));
#11788=DIRECTION('ref_axis',(0.,1.,0.));
#11789=DIRECTION('center_axis',(1.,0.,0.));
#11790=DIRECTION('ref_axis',(0.,1.,0.));
#11791=DIRECTION('center_axis',(-1.,0.,0.));
#11792=DIRECTION('ref_axis',(0.,1.,0.));
#11793=DIRECTION('center_axis',(-1.,2.22044604925031E-16,0.));
#11794=DIRECTION('ref_axis',(0.,1.,0.));
#11795=DIRECTION('',(-1.,0.,0.));
#11796=DIRECTION('center_axis',(1.,-2.22044604925031E-16,0.));
#11797=DIRECTION('ref_axis',(0.,1.,0.));
#11798=DIRECTION('center_axis',(-1.,0.,0.));
#11799=DIRECTION('ref_axis',(0.,1.,0.));
#11800=DIRECTION('center_axis',(-1.,2.22044604925031E-16,0.));
#11801=DIRECTION('ref_axis',(0.,1.,0.));
#11802=DIRECTION('',(-1.,0.,0.));
#11803=DIRECTION('center_axis',(1.,-2.22044604925031E-16,0.));
#11804=DIRECTION('ref_axis',(0.,1.,0.));
#11805=DIRECTION('center_axis',(-1.,0.,0.));
#11806=DIRECTION('ref_axis',(0.,1.,0.));
#11807=DIRECTION('center_axis',(-1.,2.22044604925031E-16,0.));
#11808=DIRECTION('ref_axis',(0.,1.,0.));
#11809=DIRECTION('',(-1.,0.,0.));
#11810=DIRECTION('center_axis',(1.,-2.22044604925031E-16,0.));
#11811=DIRECTION('ref_axis',(0.,1.,0.));
#11812=DIRECTION('center_axis',(-1.,0.,0.));
#11813=DIRECTION('ref_axis',(0.,1.,0.));
#11814=DIRECTION('center_axis',(-1.,2.22044604925031E-16,0.));
#11815=DIRECTION('ref_axis',(0.,1.,0.));
#11816=DIRECTION('',(-1.,0.,0.));
#11817=DIRECTION('center_axis',(1.,-2.22044604925031E-16,0.));
#11818=DIRECTION('ref_axis',(0.,1.,0.));
#11819=DIRECTION('center_axis',(-1.,0.,0.));
#11820=DIRECTION('ref_axis',(0.,1.,0.));
#11821=DIRECTION('center_axis',(-1.,2.22044604925031E-16,0.));
#11822=DIRECTION('ref_axis',(0.,1.,0.));
#11823=DIRECTION('',(-1.,0.,0.));
#11824=DIRECTION('center_axis',(1.,-2.22044604925031E-16,0.));
#11825=DIRECTION('ref_axis',(0.,1.,0.));
#11826=DIRECTION('center_axis',(0.,-0.406736643075796,0.913545457642603));
#11827=DIRECTION('ref_axis',(0.,0.913545457642603,0.406736643075796));
#11828=DIRECTION('',(1.,0.,0.));
#11829=DIRECTION('',(2.0284784022332E-16,-0.913545457642593,-0.406736643075819));
#11830=DIRECTION('',(-1.,0.,0.));
#11831=DIRECTION('',(0.,0.913545457642603,0.406736643075796));
#11832=DIRECTION('center_axis',(0.,-0.743144825477394,-0.669130606358859));
#11833=DIRECTION('ref_axis',(0.,-0.669130606358859,0.743144825477394));
#11834=DIRECTION('',(1.,0.,0.));
#11835=DIRECTION('',(0.,-0.669130606358859,0.743144825477394));
#11836=DIRECTION('',(1.,0.,0.));
#11837=DIRECTION('',(1.48576841132199E-16,0.669130606358859,-0.743144825477394));
#11838=DIRECTION('center_axis',(0.,-0.951056516295151,0.309016994374956));
#11839=DIRECTION('ref_axis',(0.,0.309016994374956,0.951056516295151));
#11840=DIRECTION('',(1.,0.,0.));
#11841=DIRECTION('',(0.,0.309016994374956,0.951056516295151));
#11842=DIRECTION('',(-4.73802410412736E-17,-0.309016994374928,-0.95105651629516));
#11843=DIRECTION('center_axis',(0.,-0.207911690817755,0.978147600733806));
#11844=DIRECTION('ref_axis',(0.,0.978147600733806,0.207911690817755));
#11845=DIRECTION('',(2.17192397563306E-16,-0.978147600733808,-0.207911690817747));
#11846=DIRECTION('',(-1.,0.,0.));
#11847=DIRECTION('',(0.,0.978147600733807,0.207911690817755));
#11848=DIRECTION('center_axis',(0.,-0.866025403784436,-0.500000000000005));
#11849=DIRECTION('ref_axis',(0.,-0.500000000000005,0.866025403784436));
#11850=DIRECTION('',(1.,0.,0.));
#11851=DIRECTION('',(0.,-0.500000000000005,0.866025403784436));
#11852=DIRECTION('',(1.,0.,0.));
#11853=DIRECTION('',(1.11022302462517E-16,0.500000000000005,-0.866025403784436));
#11854=DIRECTION('center_axis',(0.,-0.866025403784435,0.500000000000007));
#11855=DIRECTION('ref_axis',(0.,0.500000000000007,0.866025403784434));
#11856=DIRECTION('',(1.,0.,0.));
#11857=DIRECTION('',(0.,0.500000000000007,0.866025403784434));
#11858=DIRECTION('',(4.67240691448947E-16,-0.500000000000006,-0.866025403784435));
#11859=DIRECTION('center_axis',(0.,7.59688962521903E-15,1.));
#11860=DIRECTION('ref_axis',(0.,1.,-7.59688962521903E-15));
#11861=DIRECTION('',(-6.66989043103258E-16,-1.,-2.1336807552679E-14));
#11862=DIRECTION('',(-1.,0.,0.));
#11863=DIRECTION('',(0.,1.,-7.59688962521903E-15));
#11864=DIRECTION('center_axis',(0.,-0.951056516295154,-0.309016994374947));
#11865=DIRECTION('ref_axis',(0.,-0.309016994374947,0.951056516295154));
#11866=DIRECTION('',(1.,0.,0.));
#11867=DIRECTION('',(0.,-0.309016994374947,0.951056516295154));
#11868=DIRECTION('',(1.,0.,0.));
#11869=DIRECTION('',(6.86155564311056E-17,0.309016994374947,-0.951056516295154));
#11870=DIRECTION('center_axis',(0.,-0.743144825477383,0.669130606358871));
#11871=DIRECTION('ref_axis',(0.,0.669130606358871,0.743144825477383));
#11872=DIRECTION('',(1.,0.,0.));
#11873=DIRECTION('',(0.,0.669130606358871,0.743144825477383));
#11874=DIRECTION('',(3.25810436598371E-17,-0.66913060635887,-0.743144825477384));
#11875=DIRECTION('center_axis',(0.,0.207911690817763,0.978147600733805));
#11876=DIRECTION('ref_axis',(0.,0.978147600733805,-0.207911690817763));
#11877=DIRECTION('',(2.17192397563304E-16,-0.978147600733799,0.207911690817789));
#11878=DIRECTION('',(-1.,0.,0.));
#11879=DIRECTION('',(0.,0.978147600733805,-0.207911690817763));
#11880=DIRECTION('center_axis',(0.,-0.994521895368273,-0.104528463267653));
#11881=DIRECTION('ref_axis',(0.,-0.104528463267653,0.994521895368273));
#11882=DIRECTION('',(1.,0.,0.));
#11883=DIRECTION('',(0.,-0.104528463267653,0.994521895368273));
#11884=DIRECTION('',(1.,0.,0.));
#11885=DIRECTION('',(2.32099813296866E-17,0.104528463267653,-0.994521895368273));
#11886=DIRECTION('center_axis',(0.,-0.587785252292476,0.809016994374946));
#11887=DIRECTION('ref_axis',(0.,0.809016994374946,0.587785252292476));
#11888=DIRECTION('',(1.,0.,0.));
#11889=DIRECTION('',(0.,0.809016994374946,0.587785252292476));
#11890=DIRECTION('',(7.13030494977634E-17,-0.809016994374953,-0.587785252292465));
#11891=DIRECTION('center_axis',(0.,0.406736643075805,0.913545457642599));
#11892=DIRECTION('ref_axis',(0.,0.913545457642599,-0.406736643075805));
#11893=DIRECTION('',(2.02847840223309E-16,-0.913545457642604,0.406736643075795));
#11894=DIRECTION('',(-1.,0.,0.));
#11895=DIRECTION('',(0.,0.913545457642599,-0.406736643075805));
#11896=DIRECTION('center_axis',(0.,-0.994521895368273,0.104528463267653));
#11897=DIRECTION('ref_axis',(0.,0.104528463267653,0.994521895368273));
#11898=DIRECTION('',(1.,0.,0.));
#11899=DIRECTION('',(0.,0.104528463267653,0.994521895368273));
#11900=DIRECTION('',(1.,0.,0.));
#11901=DIRECTION('',(-2.32099813296866E-17,-0.104528463267653,-0.994521895368273));
#11902=DIRECTION('center_axis',(0.,-0.406736643075796,0.913545457642603));
#11903=DIRECTION('ref_axis',(0.,0.913545457642603,0.406736643075796));
#11904=DIRECTION('',(1.,0.,0.));
#11905=DIRECTION('',(0.,0.913545457642603,0.406736643075796));
#11906=DIRECTION('',(1.0690876992265E-16,-0.913545457642603,-0.406736643075795));
#11907=DIRECTION('center_axis',(0.,0.587785252292472,0.809016994374948));
#11908=DIRECTION('ref_axis',(0.,0.809016994374948,-0.587785252292472));
#11909=DIRECTION('',(1.7963785889363E-16,-0.80901699437493,0.587785252292497));
#11910=DIRECTION('',(-1.,0.,0.));
#11911=DIRECTION('',(0.,0.809016994374948,-0.587785252292472));
#11912=DIRECTION('center_axis',(0.,-0.951056516295151,0.309016994374956));
#11913=DIRECTION('ref_axis',(0.,0.309016994374956,0.951056516295151));
#11914=DIRECTION('',(1.,0.,0.));
#11915=DIRECTION('',(0.,0.309016994374956,0.951056516295151));
#11916=DIRECTION('',(1.,0.,0.));
#11917=DIRECTION('',(-6.86155564311077E-17,-0.309016994374956,-0.951056516295151));
#11918=DIRECTION('center_axis',(0.,-0.207911690817755,0.978147600733806));
#11919=DIRECTION('ref_axis',(0.,0.978147600733806,0.207911690817755));
#11920=DIRECTION('',(1.,0.,0.));
#11921=DIRECTION('',(0.,0.978147600733807,0.207911690817755));
#11922=DIRECTION('',(6.12647665672906E-16,-0.978147600733804,-0.207911690817765));
#11923=DIRECTION('center_axis',(0.,0.743144825477397,0.669130606358855));
#11924=DIRECTION('ref_axis',(0.,0.669130606358855,-0.743144825477397));
#11925=DIRECTION('',(-7.40456806896158E-16,-0.66913060635886,0.743144825477392));
#11926=DIRECTION('',(-1.,0.,0.));
#11927=DIRECTION('',(0.,0.669130606358855,-0.743144825477397));
#11928=DIRECTION('center_axis',(0.,-0.866025403784437,0.500000000000003));
#11929=DIRECTION('ref_axis',(0.,0.500000000000003,0.866025403784437));
#11930=DIRECTION('',(1.,0.,0.));
#11931=DIRECTION('',(0.,0.500000000000003,0.866025403784437));
#11932=DIRECTION('',(-1.,0.,0.));
#11933=DIRECTION('',(-1.11022302462516E-16,-0.500000000000003,-0.866025403784437));
#11934=DIRECTION('center_axis',(0.,3.79844481260951E-15,1.));
#11935=DIRECTION('ref_axis',(0.,1.,-3.79844481260951E-15));
#11936=DIRECTION('',(1.,0.,0.));
#11937=DIRECTION('',(0.,1.,-3.79844481260951E-15));
#11938=DIRECTION('',(-3.12054602946059E-16,-1.,-7.59688962521931E-15));
#11939=DIRECTION('center_axis',(0.,0.866025403784441,0.499999999999996));
#11940=DIRECTION('ref_axis',(0.,0.499999999999996,-0.866025403784441));
#11941=DIRECTION('',(1.11022302462527E-16,-0.499999999999994,0.866025403784442));
#11942=DIRECTION('',(-1.,0.,0.));
#11943=DIRECTION('',(0.,0.499999999999996,-0.866025403784441));
#11944=DIRECTION('center_axis',(0.,-0.743144825477392,0.669130606358861));
#11945=DIRECTION('ref_axis',(0.,0.669130606358861,0.743144825477392));
#11946=DIRECTION('',(1.,0.,0.));
#11947=DIRECTION('',(0.,0.669130606358861,0.743144825477392));
#11948=DIRECTION('',(1.,0.,0.));
#11949=DIRECTION('',(-1.485768411322E-16,-0.669130606358861,-0.743144825477392));
#11950=DIRECTION('center_axis',(0.,0.207911690817766,0.978147600733804));
#11951=DIRECTION('ref_axis',(0.,0.978147600733804,-0.207911690817766));
#11952=DIRECTION('',(1.,0.,0.));
#11953=DIRECTION('',(0.,0.978147600733804,-0.207911690817766));
#11954=DIRECTION('',(-2.94258668018656E-16,-0.978147600733806,0.207911690817757));
#11955=DIRECTION('center_axis',(0.,0.951056516295154,0.309016994374948));
#11956=DIRECTION('ref_axis',(0.,0.309016994374948,-0.951056516295153));
#11957=DIRECTION('',(6.86155564311087E-17,-0.309016994374959,0.95105651629515));
#11958=DIRECTION('',(-1.,0.,0.));
#11959=DIRECTION('',(0.,0.309016994374948,-0.951056516295153));
#11960=DIRECTION('center_axis',(0.,-0.587785252292467,0.809016994374952));
#11961=DIRECTION('ref_axis',(0.,0.809016994374952,0.587785252292467));
#11962=DIRECTION('',(1.,0.,0.));
#11963=DIRECTION('',(0.,0.809016994374952,0.587785252292467));
#11964=DIRECTION('',(1.,0.,0.));
#11965=DIRECTION('',(-1.79637858893622E-16,-0.809016994374952,-0.587785252292467));
#11966=DIRECTION('center_axis',(0.,0.406736643075805,0.913545457642599));
#11967=DIRECTION('ref_axis',(0.,0.913545457642599,-0.406736643075805));
#11968=DIRECTION('',(1.,0.,0.));
#11969=DIRECTION('',(0.,0.913545457642599,-0.406736643075805));
#11970=DIRECTION('',(1.90452101128104E-16,-0.913545457642603,0.406736643075796));
#11971=DIRECTION('center_axis',(0.,0.994521895368274,0.104528463267645));
#11972=DIRECTION('ref_axis',(0.,0.104528463267645,-0.994521895368274));
#11973=DIRECTION('',(2.32099813296947E-17,-0.104528463267632,0.994521895368276));
#11974=DIRECTION('',(-1.,0.,0.));
#11975=DIRECTION('',(0.,0.104528463267645,-0.994521895368274));
#11976=DIRECTION('center_axis',(0.,-0.406736643075796,0.913545457642603));
#11977=DIRECTION('ref_axis',(0.,0.913545457642603,0.406736643075796));
#11978=DIRECTION('',(1.,0.,0.));
#11979=DIRECTION('',(0.,0.913545457642603,0.406736643075796));
#11980=DIRECTION('',(1.,0.,0.));
#11981=DIRECTION('',(-2.02847840223309E-16,-0.913545457642603,-0.406736643075796));
#11982=DIRECTION('center_axis',(0.,0.587785252292482,0.809016994374941));
#11983=DIRECTION('ref_axis',(0.,0.809016994374941,-0.587785252292482));
#11984=DIRECTION('',(1.,0.,0.));
#11985=DIRECTION('',(0.,0.809016994374941,-0.587785252292482));
#11986=DIRECTION('',(1.92033597988825E-16,-0.809016994374943,0.587785252292479));
#11987=DIRECTION('center_axis',(0.,0.994521895368273,-0.104528463267653));
#11988=DIRECTION('ref_axis',(0.,-0.104528463267653,-0.994521895368273));
#11989=DIRECTION('',(-2.3209981329694E-17,0.104528463267686,0.99452189536827));
#11990=DIRECTION('',(-1.,0.,0.));
#11991=DIRECTION('',(0.,-0.104528463267653,-0.994521895368273));
#11992=DIRECTION('center_axis',(0.,-0.20791169081775,0.978147600733808));
#11993=DIRECTION('ref_axis',(0.,0.978147600733808,0.20791169081775));
#11994=DIRECTION('',(1.,0.,0.));
#11995=DIRECTION('',(0.,0.978147600733808,0.20791169081775));
#11996=DIRECTION('',(1.,0.,0.));
#11997=DIRECTION('',(-2.17192397563305E-16,-0.978147600733808,-0.20791169081775));
#11998=DIRECTION('center_axis',(0.,0.743144825477399,0.669130606358853));
#11999=DIRECTION('ref_axis',(0.,0.669130606358853,-0.743144825477399));
#12000=DIRECTION('',(1.,0.,0.));
#12001=DIRECTION('',(0.,0.669130606358853,-0.743144825477399));
#12002=DIRECTION('',(1.85222305137977E-16,-0.669130606358836,0.743144825477414));
#12003=DIRECTION('center_axis',(0.,0.951056516295151,-0.309016994374956));
#12004=DIRECTION('ref_axis',(0.,-0.309016994374956,-0.951056516295151));
#12005=DIRECTION('',(-6.86155564311016E-17,0.309016994374928,0.95105651629516));
#12006=DIRECTION('',(-1.,0.,0.));
#12007=DIRECTION('',(0.,-0.309016994374956,-0.951056516295151));
#12008=DIRECTION('center_axis',(0.,0.,1.));
#12009=DIRECTION('ref_axis',(0.,1.,0.));
#12010=DIRECTION('',(1.,0.,0.));
#12011=DIRECTION('',(0.,1.,0.));
#12012=DIRECTION('',(1.,0.,0.));
#12013=DIRECTION('',(-2.22044604925031E-16,-1.,0.));
#12014=DIRECTION('center_axis',(0.,0.866025403784435,0.500000000000007));
#12015=DIRECTION('ref_axis',(0.,0.500000000000007,-0.866025403784434));
#12016=DIRECTION('',(1.,0.,0.));
#12017=DIRECTION('',(0.,0.500000000000007,-0.866025403784434));
#12018=DIRECTION('',(-3.04489692818791E-16,-0.500000000000002,0.866025403784437));
#12019=DIRECTION('center_axis',(0.,0.866025403784433,-0.50000000000001));
#12020=DIRECTION('ref_axis',(0.,-0.50000000000001,-0.866025403784432));
#12021=DIRECTION('',(-1.11022302462518E-16,0.500000000000009,0.866025403784434));
#12022=DIRECTION('',(-1.,0.,0.));
#12023=DIRECTION('',(0.,-0.50000000000001,-0.866025403784432));
#12024=DIRECTION('center_axis',(0.,0.207911690817761,0.978147600733805));
#12025=DIRECTION('ref_axis',(0.,0.978147600733805,-0.207911690817761));
#12026=DIRECTION('',(1.,0.,0.));
#12027=DIRECTION('',(0.,0.978147600733805,-0.207911690817761));
#12028=DIRECTION('',(1.,0.,0.));
#12029=DIRECTION('',(-2.17192397563305E-16,-0.978147600733805,0.207911690817761));
#12030=DIRECTION('center_axis',(0.,0.951056516295155,0.309016994374942));
#12031=DIRECTION('ref_axis',(0.,0.309016994374942,-0.951056516295155));
#12032=DIRECTION('',(1.,0.,0.));
#12033=DIRECTION('',(0.,0.309016994374942,-0.951056516295155));
#12034=DIRECTION('',(1.47965889897695E-16,-0.30901699437493,0.951056516295159));
#12035=DIRECTION('center_axis',(0.,0.743144825477394,-0.669130606358859));
#12036=DIRECTION('ref_axis',(0.,-0.669130606358859,-0.743144825477394));
#12037=DIRECTION('',(-1.485768411322E-16,0.669130606358859,0.743144825477394));
#12038=DIRECTION('',(-1.,0.,0.));
#12039=DIRECTION('',(0.,-0.669130606358859,-0.743144825477394));
#12040=DIRECTION('center_axis',(0.,0.406736643075817,0.913545457642593));
#12041=DIRECTION('ref_axis',(0.,0.913545457642593,-0.406736643075817));
#12042=DIRECTION('',(1.,0.,0.));
#12043=DIRECTION('',(0.,0.913545457642593,-0.406736643075817));
#12044=DIRECTION('',(1.,0.,0.));
#12045=DIRECTION('',(-2.02847840223306E-16,-0.913545457642593,0.406736643075817));
#12046=DIRECTION('center_axis',(0.,0.994521895368274,0.104528463267645));
#12047=DIRECTION('ref_axis',(0.,0.104528463267645,-0.994521895368274));
#12048=DIRECTION('',(1.,0.,0.));
#12049=DIRECTION('',(0.,0.104528463267645,-0.994521895368274));
#12050=DIRECTION('',(1.19149051630355E-16,-0.104528463267676,0.994521895368271));
#12051=DIRECTION('center_axis',(0.,0.587785252292474,-0.809016994374947));
#12052=DIRECTION('ref_axis',(0.,-0.809016994374947,-0.587785252292474));
#12053=DIRECTION('',(-1.7963785889363E-16,0.809016994374985,0.587785252292422));
#12054=DIRECTION('',(-1.,0.,0.));
#12055=DIRECTION('',(0.,-0.809016994374947,-0.587785252292474));
#12056=DIRECTION('center_axis',(0.,0.587785252292479,0.809016994374943));
#12057=DIRECTION('ref_axis',(0.,0.809016994374943,-0.587785252292479));
#12058=DIRECTION('',(-1.,0.,0.));
#12059=DIRECTION('',(0.,0.809016994374943,-0.587785252292479));
#12060=DIRECTION('',(1.,0.,0.));
#12061=DIRECTION('',(-1.7963785889362E-16,-0.809016994374943,0.587785252292479));
#12062=DIRECTION('center_axis',(0.,0.994521895368274,-0.104528463267645));
#12063=DIRECTION('ref_axis',(0.,-0.104528463267645,-0.994521895368274));
#12064=DIRECTION('',(-1.,0.,0.));
#12065=DIRECTION('',(0.,-0.104528463267645,-0.994521895368274));
#12066=DIRECTION('',(1.0833480939586E-16,0.104528463267614,0.994521895368278));
#12067=DIRECTION('center_axis',(0.,0.406736643075793,-0.913545457642604));
#12068=DIRECTION('ref_axis',(0.,-0.913545457642604,-0.406736643075793));
#12069=DIRECTION('',(2.02847840223309E-16,0.913545457642604,0.406736643075793));
#12070=DIRECTION('',(-1.,0.,0.));
#12071=DIRECTION('',(0.,-0.913545457642604,-0.406736643075793));
#12072=DIRECTION('center_axis',(0.,-0.587785252292477,-0.809016994374945));
#12073=DIRECTION('ref_axis',(0.,-0.809016994374945,0.587785252292477));
#12074=DIRECTION('',(1.,0.,0.));
#12075=DIRECTION('',(0.,-0.809016994374945,0.587785252292477));
#12076=DIRECTION('',(1.,0.,0.));
#12077=DIRECTION('',(1.79637858893621E-16,0.809016994374945,-0.587785252292477));
#12078=DIRECTION('center_axis',(0.,-0.994521895368273,0.10452846326766));
#12079=DIRECTION('ref_axis',(0.,0.10452846326766,0.994521895368273));
#12080=DIRECTION('',(0.,0.10452846326766,0.994521895368273));
#12081=DIRECTION('',(-8.51248280661753E-17,-0.104528463267674,-0.994521895368271));
#12082=DIRECTION('center_axis',(1.,-2.22044604925031E-16,0.));
#12083=DIRECTION('ref_axis',(2.22044604925031E-16,1.,0.));
#12084=DIRECTION('center_axis',(-1.,-2.46519032881566E-32,0.));
#12085=DIRECTION('ref_axis',(2.42477737260557E-32,-1.,0.));
#12086=DIRECTION('',(2.17192397563306E-16,0.978147600733808,0.207911690817747));
#12087=DIRECTION('',(6.86155564311046E-17,0.309016994374942,0.951056516295155));
#12088=DIRECTION('',(-1.48576841132198E-16,-0.669130606358851,0.743144825477401));
#12089=DIRECTION('',(2.02847840223309E-16,0.913545457642603,0.406736643075796));
#12090=DIRECTION('',(2.32099813296866E-17,0.104528463267653,0.994521895368273));
#12091=DIRECTION('',(-1.7963785889362E-16,-0.809016994374942,0.587785252292481));
#12092=DIRECTION('',(2.22044604925031E-16,1.,-1.51937792504381E-14));
#12093=DIRECTION('',(1.11022302462515E-16,0.499999999999996,0.866025403784441));
#12094=DIRECTION('',(-1.11022302462513E-16,-0.49999999999999,0.866025403784444));
#12095=DIRECTION('',(-1.79637858893622E-16,-0.809016994374948,-0.587785252292472));
#12096=DIRECTION('',(-1.19149051630355E-16,0.104528463267645,-0.994521895368274));
#12097=DIRECTION('',(2.02847840223308E-16,0.9135454576426,-0.406736643075802));
#12098=DIRECTION('',(1.79637858893622E-16,0.809016994374949,0.587785252292471));
#12099=DIRECTION('',(-2.32099813296866E-17,-0.104528463267653,0.994521895368273));
#12100=DIRECTION('',(-2.02847840223307E-16,-0.913545457642596,0.406736643075812));
#12101=DIRECTION('',(2.17192397563305E-16,0.978147600733805,-0.207911690817761));
#12102=DIRECTION('',(1.48576841132199E-16,0.669130606358859,0.743144825477394));
#12103=DIRECTION('',(-6.86155564311046E-17,-0.309016994374942,0.951056516295155));
#12104=DIRECTION('',(-1.48576841132199E-16,-0.669130606358855,-0.743144825477397));
#12105=DIRECTION('',(-1.4796588989769E-16,0.309016994374964,-0.951056516295148));
#12106=DIRECTION('',(2.17192397563305E-16,0.978147600733805,-0.207911690817763));
#12107=DIRECTION('',(1.485768411322E-16,0.669130606358863,0.74314482547739));
#12108=DIRECTION('',(-6.86155564311077E-17,-0.309016994374956,0.951056516295151));
#12109=DIRECTION('',(-2.17192397563305E-16,-0.978147600733803,0.207911690817772));
#12110=DIRECTION('',(2.02847840223308E-16,0.913545457642602,-0.406736643075799));
#12111=DIRECTION('',(1.79637858893623E-16,0.809016994374953,0.587785252292466));
#12112=DIRECTION('',(-2.32099813296864E-17,-0.104528463267652,0.994521895368274));
#12113=DIRECTION('',(-1.11022302462516E-16,-0.500000000000002,-0.866025403784438));
#12114=DIRECTION('',(-1.70315908757393E-16,0.500000000000012,-0.866025403784432));
#12115=DIRECTION('',(2.22044604925031E-16,1.,-1.51937792504379E-14));
#12116=DIRECTION('',(1.11022302462516E-16,0.500000000000002,0.866025403784438));
#12117=DIRECTION('',(-1.11022302462515E-16,-0.499999999999999,0.866025403784439));
#12118=DIRECTION('',(-2.22044604925031E-16,-1.,1.51937792504381E-14));
#12119=DIRECTION('',(1.7963785889362E-16,0.809016994374943,-0.587785252292479));
#12120=DIRECTION('',(2.02847840223309E-16,0.913545457642604,0.406736643075793));
#12121=DIRECTION('',(2.32099813296883E-17,0.10452846326766,0.994521895368273));
#12122=DIRECTION('',(-6.86155564311061E-17,-0.309016994374949,-0.951056516295153));
#12123=DIRECTION('',(-1.85222305137976E-16,0.669130606358832,-0.743144825477417));
#12124=DIRECTION('',(2.17192397563305E-16,0.978147600733806,0.207911690817757));
#12125=DIRECTION('',(6.86155564311079E-17,0.309016994374957,0.95105651629515));
#12126=DIRECTION('',(-1.48576841132199E-16,-0.669130606358855,0.743144825477397));
#12127=DIRECTION('',(-2.17192397563305E-16,-0.978147600733807,-0.207911690817754));
#12128=DIRECTION('',(1.48576841132198E-16,0.669130606358853,-0.743144825477399));
#12129=DIRECTION('',(2.17192397563305E-16,0.978147600733806,0.207911690817759));
#12130=DIRECTION('',(6.86155564311077E-17,0.309016994374956,0.951056516295151));
#12131=DIRECTION('',(-2.32099813296866E-17,-0.104528463267653,-0.994521895368273));
#12132=DIRECTION('',(-1.92033597988825E-16,0.809016994374942,-0.58778525229248));
#12133=DIRECTION('',(2.02847840223308E-16,0.913545457642602,0.406736643075799));
#12134=DIRECTION('',(2.32099813296882E-17,0.10452846326766,0.994521895368273));
#12135=DIRECTION('',(-1.79637858893622E-16,-0.809016994374952,0.587785252292467));
#12136=DIRECTION('',(-2.02847840223309E-16,-0.913545457642604,-0.406736643075792));
#12137=DIRECTION('',(1.11022302462515E-16,0.499999999999996,-0.866025403784441));
#12138=DIRECTION('',(2.22044604925031E-16,1.,0.));
#12139=DIRECTION('',(1.11022302462517E-16,0.500000000000005,0.866025403784436));
#12140=DIRECTION('',(2.32099813296865E-17,0.104528463267652,-0.994521895368274));
#12141=DIRECTION('',(-1.90452101128103E-16,0.913545457642596,-0.40673664307581));
#12142=DIRECTION('',(1.79637858893622E-16,0.80901699437495,0.58778525229247));
#12143=DIRECTION('',(-2.32099813296849E-17,-0.104528463267645,0.994521895368274));
#12144=DIRECTION('',(-2.02847840223308E-16,-0.9135454576426,0.406736643075802));
#12145=DIRECTION('',(-1.79637858893622E-16,-0.809016994374952,-0.587785252292467));
#12146=DIRECTION('',(6.86155564311046E-17,0.309016994374942,-0.951056516295155));
#12147=DIRECTION('',(2.17192397563305E-16,0.978147600733805,-0.207911690817761));
#12148=DIRECTION('',(1.48576841132201E-16,0.669130606358865,0.743144825477388));
#12149=DIRECTION('',(6.8615556431106E-17,0.309016994374948,-0.951056516295153));
#12150=DIRECTION('',(-1.80546933557516E-16,0.978147600733805,-0.207911690817762));
#12151=DIRECTION('',(1.485768411322E-16,0.669130606358863,0.74314482547739));
#12152=DIRECTION('',(-6.86155564311042E-17,-0.30901699437494,0.951056516295156));
#12153=DIRECTION('',(-2.17192397563305E-16,-0.978147600733806,0.207911690817759));
#12154=DIRECTION('',(-1.485768411322E-16,-0.669130606358862,-0.743144825477391));
#12155=DIRECTION('',(2.32099813296849E-17,0.104528463267645,-0.994521895368274));
#12156=DIRECTION('',(2.02847840223308E-16,0.9135454576426,-0.406736643075802));
#12157=DIRECTION('',(1.79637858893622E-16,0.809016994374952,0.587785252292467));
#12158=DIRECTION('',(1.11022302462515E-16,0.499999999999996,-0.866025403784441));
#12159=DIRECTION('',(3.12054602946033E-16,1.,-4.74805601576178E-15));
#12160=DIRECTION('',(1.11022302462516E-16,0.500000000000003,0.866025403784437));
#12161=DIRECTION('',(-1.11022302462515E-16,-0.499999999999996,0.866025403784441));
#12162=DIRECTION('',(-2.22044604925031E-16,-1.,0.));
#12163=DIRECTION('',(-1.11022302462517E-16,-0.500000000000005,-0.866025403784436));
#12164=DIRECTION('',(-2.32099813296883E-17,-0.10452846326766,-0.994521895368273));
#12165=DIRECTION('',(1.79637858893621E-16,0.809016994374946,-0.587785252292476));
#12166=DIRECTION('',(2.02847840223309E-16,0.913545457642603,0.406736643075796));
#12167=DIRECTION('',(1.48576841132199E-16,0.669130606358855,-0.743144825477397));
#12168=DIRECTION('',(3.36963537479489E-16,0.978147600733802,0.207911690817776));
#12169=DIRECTION('',(6.86155564311061E-17,0.309016994374949,0.951056516295153));
#12170=DIRECTION('',(-1.48576841132198E-16,-0.669130606358851,0.7431448254774));
#12171=DIRECTION('',(-2.17192397563305E-16,-0.978147600733805,-0.207911690817763));
#12172=DIRECTION('',(-6.86155564311061E-17,-0.309016994374949,-0.951056516295153));
#12173=DIRECTION('',(-6.86155564311061E-17,-0.309016994374949,-0.951056516295153));
#12174=DIRECTION('',(1.485768411322E-16,0.669130606358859,-0.743144825477393));
#12175=DIRECTION('',(2.17192397563306E-16,0.978147600733808,0.20791169081775));
#12176=DIRECTION('',(1.79637858893621E-16,0.809016994374946,-0.587785252292476));
#12177=DIRECTION('',(-5.8171437149883E-16,0.913545457642602,0.406736643075797));
#12178=DIRECTION('',(2.32099813296883E-17,0.10452846326766,0.994521895368273));
#12179=DIRECTION('',(-1.79637858893622E-16,-0.809016994374948,0.587785252292472));
#12180=DIRECTION('',(-2.02847840223309E-16,-0.913545457642603,-0.406736643075796));
#12181=DIRECTION('',(-2.32099813296866E-17,-0.104528463267653,-0.994521895368273));
#12182=DIRECTION('',(-1.11022302462517E-16,-0.500000000000007,-0.866025403784434));
#12183=DIRECTION('',(1.11022302462519E-16,0.500000000000014,-0.866025403784431));
#12184=DIRECTION('',(2.22044604925031E-16,1.,-7.59688962521908E-15));
#12185=DIRECTION('',(2.02847840223308E-16,0.913545457642602,-0.406736643075799));
#12186=DIRECTION('',(-5.46108651073933E-16,0.809016994374968,0.587785252292445));
#12187=DIRECTION('',(-2.3209981329685E-17,-0.104528463267645,0.994521895368274));
#12188=DIRECTION('',(-2.02847840223308E-16,-0.9135454576426,0.406736643075802));
#12189=DIRECTION('',(-1.79637858893622E-16,-0.809016994374949,-0.587785252292471));
#12190=DIRECTION('',(2.32099813296864E-17,0.104528463267652,-0.994521895368274));
#12191=DIRECTION('',(-1.48576841132199E-16,-0.669130606358859,-0.743144825477394));
#12192=DIRECTION('',(6.86155564311046E-17,0.309016994374942,-0.951056516295155));
#12193=DIRECTION('',(2.17192397563305E-16,0.978147600733805,-0.207911690817761));
#12194=DIRECTION('',(2.17192397563305E-16,0.978147600733805,-0.207911690817763));
#12195=DIRECTION('',(-5.07386645236026E-16,0.669130606358863,0.74314482547739));
#12196=DIRECTION('',(-6.86155564311041E-17,-0.30901699437494,0.951056516295156));
#12197=DIRECTION('',(-2.17192397563305E-16,-0.978147600733803,0.207911690817772));
#12198=DIRECTION('',(-1.48576841132201E-16,-0.669130606358867,-0.743144825477386));
#12199=DIRECTION('',(6.86155564311056E-17,0.309016994374947,-0.951056516295154));
#12200=DIRECTION('',(-1.79637858893623E-16,-0.809016994374953,-0.587785252292465));
#12201=DIRECTION('',(2.32099813296883E-17,0.10452846326766,-0.994521895368273));
#12202=DIRECTION('',(2.02847840223308E-16,0.913545457642599,-0.406736643075805));
#12203=DIRECTION('',(2.22044604925031E-16,1.,-1.51937792504382E-14));
#12204=DIRECTION('',(4.82370511703418E-16,0.500000000000009,0.866025403784433));
#12205=DIRECTION('',(-1.11022302462515E-16,-0.499999999999996,0.866025403784441));
#12206=DIRECTION('',(-2.22044604925031E-16,-1.,7.59688962521908E-15));
#12207=DIRECTION('',(-1.11022302462517E-16,-0.500000000000007,-0.866025403784434));
#12208=DIRECTION('',(1.11022302462515E-16,0.499999999999999,-0.866025403784439));
#12209=DIRECTION('',(-2.02847840223309E-16,-0.913545457642604,-0.406736643075793));
#12210=DIRECTION('',(-2.3209981329685E-17,-0.104528463267645,-0.994521895368274));
#12211=DIRECTION('',(1.7963785889362E-16,0.809016994374943,-0.587785252292479));
#12212=DIRECTION('center_axis',(-1.,2.22044604925031E-16,0.));
#12213=DIRECTION('ref_axis',(0.,0.42485971685289,-0.905259201000289));
#12214=DIRECTION('center_axis',(-1.,2.22044604925031E-16,0.));
#12215=DIRECTION('ref_axis',(-2.22044604925031E-16,-1.,0.));
#12216=DIRECTION('center_axis',(-1.,2.22044604925031E-16,0.));
#12217=DIRECTION('ref_axis',(0.,-0.571547606649411,0.82056890833941));
#12218=DIRECTION('',(0.,0.,-1.));
#12219=DIRECTION('center_axis',(-1.,2.22044604925031E-16,0.));
#12220=DIRECTION('ref_axis',(-1.89529271594954E-16,-0.853563956930837,-0.520988072251729));
#12221=DIRECTION('center_axis',(-1.,2.22044604925031E-16,0.));
#12222=DIRECTION('ref_axis',(2.22044604925031E-16,1.,0.));
#12223=DIRECTION('center_axis',(-1.,2.22044604925031E-16,0.));
#12224=DIRECTION('ref_axis',(-1.94948698096575E-16,-0.877970884104097,-0.478714034331008));
#12225=DIRECTION('',(0.,-0.866025403784439,0.5));
#12226=DIRECTION('',(2.17192397563306E-16,0.978147600733808,0.20791169081775));
#12227=DIRECTION('',(4.73802410412659E-17,0.309016994374952,0.951056516295152));
#12228=DIRECTION('',(-1.48576841132199E-16,-0.669130606358859,0.743144825477394));
#12229=DIRECTION('',(-2.17192397563306E-16,-0.978147600733808,-0.207911690817747));
#12230=DIRECTION('',(-6.86155564311041E-17,-0.30901699437494,-0.951056516295156));
#12231=DIRECTION('',(1.48576841132199E-16,0.669130606358859,-0.743144825477394));
#12232=DIRECTION('',(1.92296268638356E-16,0.866025403784439,0.5));
#12233=DIRECTION('center_axis',(-1.,2.22044604925031E-16,0.));
#12234=DIRECTION('ref_axis',(1.94948698096575E-16,0.877970884104097,-0.478714034331008));
#12235=DIRECTION('center_axis',(-1.,2.22044604925031E-16,0.));
#12236=DIRECTION('ref_axis',(2.22044604925031E-16,1.,0.));
#12237=DIRECTION('center_axis',(-1.,2.22044604925031E-16,0.));
#12238=DIRECTION('ref_axis',(1.89529271594954E-16,0.853563956930837,-0.520988072251729));
#12239=DIRECTION('',(0.,0.,-1.));
#12240=DIRECTION('center_axis',(-1.,2.22044604925031E-16,0.));
#12241=DIRECTION('ref_axis',(0.,0.571547606649409,0.820568908339411));
#12242=DIRECTION('center_axis',(-1.,2.22044604925031E-16,0.));
#12243=DIRECTION('ref_axis',(-2.22044604925031E-16,-1.,0.));
#12244=DIRECTION('center_axis',(-1.,2.22044604925031E-16,0.));
#12245=DIRECTION('ref_axis',(0.,-0.424859716852891,-0.905259201000289));
#12246=DIRECTION('',(-1.92296268638356E-16,-0.866025403784438,0.5));
#12247=DIRECTION('center_axis',(-1.,2.22044604925031E-16,0.));
#12248=DIRECTION('ref_axis',(-5.41942650162049E-18,-0.0244069271732599,
0.999702106582736));
#12249=DIRECTION('center_axis',(-1.,2.22044604925031E-16,0.));
#12250=DIRECTION('ref_axis',(2.22044604925031E-16,1.,0.));
#12251=DIRECTION('center_axis',(-1.,2.22044604925031E-16,0.));
#12252=DIRECTION('ref_axis',(5.41942650162049E-18,0.0244069271732598,0.999702106582736));
#12253=DIRECTION('',(-2.91696231179095E-16,0.866025403784439,0.5));
#12254=DIRECTION('center_axis',(-1.,2.22044604925031E-16,0.));
#12255=DIRECTION('ref_axis',(0.,-0.996407323502299,0.0846902926608773));
#12256=DIRECTION('center_axis',(-1.,2.22044604925031E-16,0.));
#12257=DIRECTION('ref_axis',(-2.22044604925031E-16,-1.,0.));
#12258=DIRECTION('center_axis',(-1.,2.22044604925031E-16,0.));
#12259=DIRECTION('ref_axis',(0.,0.996407323502299,0.0846902926608779));
#12260=DIRECTION('center_axis',(-1.,0.,0.));
#12261=DIRECTION('ref_axis',(0.,1.,0.));
#12262=DIRECTION('',(1.,0.,0.));
#12263=DIRECTION('center_axis',(1.,2.46519032881566E-32,0.));
#12264=DIRECTION('ref_axis',(0.,1.,-8.73618117737829E-16));
#12265=DIRECTION('center_axis',(1.,2.46519032881566E-32,0.));
#12266=DIRECTION('ref_axis',(0.,1.,-8.73618117737829E-16));
#12267=DIRECTION('center_axis',(1.,2.46519032881566E-32,0.));
#12268=DIRECTION('ref_axis',(0.,0.,-1.));
#12269=DIRECTION('center_axis',(-1.,-2.46519032881566E-32,0.));
#12270=DIRECTION('ref_axis',(-2.46519032881566E-32,1.,-8.73618117737829E-16));
#12271=DIRECTION('center_axis',(2.46519032881566E-32,-1.,0.));
#12272=DIRECTION('ref_axis',(0.,0.,1.));
#12273=DIRECTION('center_axis',(1.,2.46519032881566E-32,0.));
#12274=DIRECTION('ref_axis',(-2.46519032881566E-32,1.,0.));
#12275=DIRECTION('',(0.,0.49999999999999,-0.866025403784444));
#12276=DIRECTION('',(0.,-0.499999999999996,-0.866025403784441));
#12277=DIRECTION('',(0.,-1.,1.51937792504381E-14));
#12278=DIRECTION('',(0.,0.500000000000005,0.866025403784436));
#12279=DIRECTION('',(0.,1.,0.));
#12280=DIRECTION('',(0.,0.499999999999996,-0.866025403784441));
#12281=DIRECTION('',(0.,-0.500000000000003,-0.866025403784437));
#12282=DIRECTION('',(0.,-1.,3.79844481260951E-15));
#12283=DIRECTION('',(0.,-0.499999999999996,0.866025403784441));
#12284=DIRECTION('',(0.,-0.809016994374943,0.587785252292479));
#12285=DIRECTION('',(0.,0.104528463267645,0.994521895368274));
#12286=DIRECTION('',(0.,0.913545457642604,0.406736643075793));
#12287=DIRECTION('',(0.,1.,-1.51937792504381E-14));
#12288=DIRECTION('',(0.,0.499999999999999,-0.866025403784439));
#12289=DIRECTION('',(0.,-0.500000000000002,-0.866025403784438));
#12290=DIRECTION('',(0.,-1.,1.51937792504379E-14));
#12291=DIRECTION('',(0.,-0.499999999999993,0.866025403784442));
#12292=DIRECTION('',(0.,0.500000000000002,0.866025403784438));
#12293=DIRECTION('',(0.,-0.669130606358865,-0.743144825477388));
#12294=DIRECTION('',(0.,-0.978147600733805,0.207911690817761));
#12295=DIRECTION('',(0.,-0.309016994374942,0.951056516295155));
#12296=DIRECTION('',(0.,0.809016994374942,-0.587785252292481));
#12297=DIRECTION('',(0.,-0.104528463267653,-0.994521895368273));
#12298=DIRECTION('',(0.,-0.913545457642603,-0.406736643075796));
#12299=DIRECTION('',(0.,-0.809016994374952,-0.587785252292467));
#12300=DIRECTION('',(0.,-0.9135454576426,0.406736643075802));
#12301=DIRECTION('',(0.,-0.104528463267645,0.994521895368274));
#12302=DIRECTION('',(0.,-1.,7.59688962521908E-15));
#12303=DIRECTION('',(0.,-0.500000000000014,0.866025403784431));
#12304=DIRECTION('',(0.,0.500000000000007,0.866025403784434));
#12305=DIRECTION('',(0.,0.809016994374952,0.587785252292467));
#12306=DIRECTION('',(0.,0.9135454576426,-0.406736643075802));
#12307=DIRECTION('',(0.,0.104528463267645,-0.994521895368274));
#12308=DIRECTION('',(0.,-0.80901699437495,-0.58778525229247));
#12309=DIRECTION('',(0.,-0.913545457642597,0.406736643075808));
#12310=DIRECTION('',(0.,-0.104528463267652,0.994521895368273));
#12311=DIRECTION('',(0.,-0.104528463267652,0.994521895368274));
#12312=DIRECTION('',(0.,0.809016994374949,0.587785252292471));
#12313=DIRECTION('',(0.,0.9135454576426,-0.406736643075802));
#12314=DIRECTION('',(0.,0.104528463267645,-0.994521895368274));
#12315=DIRECTION('',(0.,-0.809016994374949,-0.587785252292471));
#12316=DIRECTION('',(0.,-0.913545457642602,0.406736643075799));
#12317=DIRECTION('',(0.,0.309016994374942,-0.951056516295155));
#12318=DIRECTION('',(0.,-0.669130606358859,-0.743144825477394));
#12319=DIRECTION('',(0.,-0.978147600733805,0.207911690817761));
#12320=DIRECTION('',(0.,-0.913545457642603,-0.406736643075796));
#12321=DIRECTION('',(0.,-0.809016994374946,0.587785252292476));
#12322=DIRECTION('',(0.,0.10452846326766,0.994521895368273));
#12323=DIRECTION('',(0.,-0.500000000000005,-0.866025403784436));
#12324=DIRECTION('',(0.,-1.,0.));
#12325=DIRECTION('',(0.,-0.499999999999996,0.866025403784441));
#12326=DIRECTION('',(0.,-0.10452846326766,-0.994521895368273));
#12327=DIRECTION('',(0.,-0.913545457642604,-0.406736643075793));
#12328=DIRECTION('',(0.,-0.809016994374943,0.587785252292479));
#12329=DIRECTION('',(0.,0.913545457642596,-0.406736643075812));
#12330=DIRECTION('',(0.,0.104528463267653,-0.994521895368273));
#12331=DIRECTION('',(0.,-0.809016994374949,-0.587785252292471));
#12332=DIRECTION('',(0.,-0.9135454576426,0.406736643075802));
#12333=DIRECTION('',(0.,-0.104528463267653,0.994521895368273));
#12334=DIRECTION('',(0.,0.809016994374948,0.587785252292472));
#12335=DIRECTION('',(0.,0.104528463267653,0.994521895368273));
#12336=DIRECTION('',(0.,0.913545457642603,0.406736643075796));
#12337=DIRECTION('',(0.,0.809016994374948,-0.587785252292472));
#12338=DIRECTION('',(0.,-0.10452846326766,-0.994521895368273));
#12339=DIRECTION('',(0.,-0.913545457642603,-0.406736643075796));
#12340=DIRECTION('',(0.,-0.809016994374946,0.587785252292476));
#12341=DIRECTION('',(0.,0.669130606358851,-0.743144825477401));
#12342=DIRECTION('',(0.,-0.309016994374942,-0.951056516295155));
#12343=DIRECTION('',(0.,-0.978147600733808,-0.207911690817747));
#12344=DIRECTION('',(0.,0.669130606358862,0.743144825477391));
#12345=DIRECTION('',(0.,0.978147600733805,-0.207911690817759));
#12346=DIRECTION('',(0.,0.30901699437494,-0.951056516295156));
#12347=DIRECTION('',(0.,-0.669130606358863,-0.74314482547739));
#12348=DIRECTION('',(0.,-0.978147600733805,0.207911690817763));
#12349=DIRECTION('',(0.,-0.309016994374948,0.951056516295153));
#12350=DIRECTION('',(0.,0.309016994374949,0.951056516295153));
#12351=DIRECTION('',(0.,0.978147600733805,0.207911690817763));
#12352=DIRECTION('',(0.,0.669130606358851,-0.7431448254774));
#12353=DIRECTION('',(0.,-0.309016994374949,-0.951056516295153));
#12354=DIRECTION('',(0.,-0.978147600733807,-0.207911690817755));
#12355=DIRECTION('',(0.,-0.669130606358855,0.743144825477397));
#12356=DIRECTION('',(0.,-0.978147600733808,-0.20791169081775));
#12357=DIRECTION('',(0.,-0.669130606358859,0.743144825477393));
#12358=DIRECTION('',(0.,0.309016994374949,0.951056516295153));
#12359=DIRECTION('',(0.,-0.913545457642599,0.406736643075805));
#12360=DIRECTION('',(0.,-0.10452846326766,0.994521895368273));
#12361=DIRECTION('',(0.,0.809016994374953,0.587785252292465));
#12362=DIRECTION('',(0.,0.978147600733803,-0.207911690817772));
#12363=DIRECTION('',(0.,0.309016994374956,-0.951056516295151));
#12364=DIRECTION('',(0.,-0.669130606358863,-0.74314482547739));
#12365=DIRECTION('',(0.,-0.978147600733805,0.207911690817763));
#12366=DIRECTION('',(0.,-0.309016994374942,0.951056516295155));
#12367=DIRECTION('',(0.,0.669130606358855,0.743144825477397));
#12368=DIRECTION('',(0.,0.913545457642604,0.406736643075792));
#12369=DIRECTION('',(0.,0.809016994374952,-0.587785252292467));
#12370=DIRECTION('',(0.,-0.10452846326766,-0.994521895368273));
#12371=DIRECTION('',(0.,-0.913545457642602,-0.406736643075799));
#12372=DIRECTION('',(0.,-0.809016994374944,0.587785252292478));
#12373=DIRECTION('',(0.,0.104528463267653,0.994521895368273));
#12374=DIRECTION('',(0.,0.978147600733807,0.207911690817754));
#12375=DIRECTION('',(0.,0.669130606358855,-0.743144825477397));
#12376=DIRECTION('',(0.,-0.309016994374957,-0.95105651629515));
#12377=DIRECTION('',(0.,-0.978147600733806,-0.207911690817757));
#12378=DIRECTION('',(0.,-0.669130606358851,0.743144825477401));
#12379=DIRECTION('',(0.,0.309016994374949,0.951056516295153));
#12380=DIRECTION('',(0.,0.104528463267652,-0.994521895368274));
#12381=DIRECTION('',(0.,-0.809016994374953,-0.587785252292466));
#12382=DIRECTION('',(0.,-0.913545457642602,0.406736643075799));
#12383=DIRECTION('',(0.,-0.499999999999999,0.866025403784439));
#12384=DIRECTION('',(0.,0.500000000000007,0.866025403784434));
#12385=DIRECTION('',(0.,1.,-7.59688962521908E-15));
#12386=DIRECTION('',(0.,0.499999999999996,-0.866025403784441));
#12387=DIRECTION('',(0.,-0.500000000000007,-0.866025403784434));
#12388=DIRECTION('',(0.,-1.,1.51937792504382E-14));
#12389=DIRECTION('',(0.,-0.978147600733805,0.207911690817761));
#12390=DIRECTION('',(0.,-0.309016994374942,0.951056516295155));
#12391=DIRECTION('',(0.,0.669130606358859,0.743144825477394));
#12392=DIRECTION('',(0.,-0.669130606358859,0.743144825477394));
#12393=DIRECTION('',(0.,0.30901699437494,0.951056516295156));
#12394=DIRECTION('',(0.,0.978147600733808,0.207911690817747));
#12395=DIRECTION('',(0.,0.669130606358859,-0.743144825477394));
#12396=DIRECTION('',(0.,-0.309016994374953,-0.951056516295152));
#12397=DIRECTION('',(0.,-0.978147600733808,-0.20791169081775));
#12398=DIRECTION('',(0.,-0.309016994374956,-0.951056516295151));
#12399=DIRECTION('',(0.,-0.978147600733806,-0.207911690817759));
#12400=DIRECTION('',(0.,-0.669130606358853,0.743144825477399));
#12401=DIRECTION('',(0.,-0.309016994374947,0.951056516295154));
#12402=DIRECTION('',(0.,0.669130606358867,0.743144825477386));
#12403=DIRECTION('',(0.,0.978147600733803,-0.207911690817772));
#12404=DIRECTION('',(0.,0.30901699437494,-0.951056516295156));
#12405=DIRECTION('',(0.,-0.669130606358863,-0.74314482547739));
#12406=DIRECTION('',(0.,-0.978147600733805,0.207911690817763));
#12407=DIRECTION('center_axis',(-1.,0.,0.));
#12408=DIRECTION('ref_axis',(0.,1.,0.));
#12409=DIRECTION('center_axis',(-1.,0.,0.));
#12410=DIRECTION('ref_axis',(0.,1.,0.));
#12411=DIRECTION('center_axis',(-1.,0.,0.));
#12412=DIRECTION('ref_axis',(0.,1.,0.));
#12413=DIRECTION('center_axis',(-1.,0.,0.));
#12414=DIRECTION('ref_axis',(0.,1.,0.));
#12415=DIRECTION('center_axis',(-1.,0.,0.));
#12416=DIRECTION('ref_axis',(0.,1.,0.));
#12417=DIRECTION('center_axis',(-1.,0.,0.));
#12418=DIRECTION('ref_axis',(0.,1.,0.));
#12419=DIRECTION('center_axis',(-3.54712664163409E-16,0.987157765698925,
0.159748382214992));
#12420=DIRECTION('ref_axis',(0.,-0.159748382214992,0.987157765698925));
#12421=DIRECTION('center_axis',(1.,-2.22044604925031E-16,0.));
#12422=DIRECTION('ref_axis',(0.,0.,-1.));
#12423=DIRECTION('center_axis',(0.,0.866025403784435,-0.500000000000005));
#12424=DIRECTION('ref_axis',(0.,0.500000000000005,0.866025403784435));
#12425=DIRECTION('center_axis',(1.,-2.22044604925031E-16,0.));
#12426=DIRECTION('ref_axis',(-2.53872816853271E-17,-0.114334152337989,-0.993442349413973));
#12427=DIRECTION('center_axis',(-1.,2.22044604925031E-16,0.));
#12428=DIRECTION('ref_axis',(-2.77555756156289E-17,-0.114334152337989,-0.993442349413973));
#12429=DIRECTION('center_axis',(-1.92296268638356E-16,-0.866025403784439,
0.5));
#12430=DIRECTION('ref_axis',(0.707106781186544,0.353553390593277,0.612372435695797));
#12431=DIRECTION('center_axis',(0.,0.866025403784437,-0.500000000000003));
#12432=DIRECTION('ref_axis',(0.,0.500000000000003,0.866025403784437));
#12433=DIRECTION('',(1.92296268638356E-16,0.866025403784439,-0.5));
#12434=DIRECTION('',(-1.92296268638356E-16,-0.866025403784439,0.5));
#12435=DIRECTION('center_axis',(-1.,2.22044604925031E-16,0.));
#12436=DIRECTION('ref_axis',(0.,0.,1.));
#12437=DIRECTION('center_axis',(0.,-0.0487993130206425,-0.998808603811918));
#12438=DIRECTION('ref_axis',(0.,0.998808603811918,-0.0487993130206425));
#12439=DIRECTION('center_axis',(1.,-2.22044604925031E-16,0.));
#12440=DIRECTION('ref_axis',(-1.94948698096574E-16,-0.877970884104096,-0.47871403433101));
#12441=DIRECTION('center_axis',(-1.,2.22044604925031E-16,0.));
#12442=DIRECTION('ref_axis',(-2.22044604925032E-16,-0.877970884104096,-0.47871403433101));
#12443=DIRECTION('center_axis',(1.,-2.22044604925031E-16,0.));
#12444=DIRECTION('ref_axis',(0.,0.,-1.));
#12445=DIRECTION('center_axis',(0.,0.889393280929911,-0.457142857142851));
#12446=DIRECTION('ref_axis',(0.,0.457142857142851,0.889393280929911));
#12447=DIRECTION('center_axis',(-1.,2.22044604925031E-16,0.));
#12448=DIRECTION('ref_axis',(1.92296268638356E-16,0.866025403784439,0.5));
#12449=DIRECTION('center_axis',(1.,-2.22044604925031E-16,0.));
#12450=DIRECTION('ref_axis',(1.99840144432528E-16,0.866025403784439,0.5));
#12451=DIRECTION('center_axis',(-1.,2.22044604925031E-16,0.));
#12452=DIRECTION('ref_axis',(0.,0.,1.));
#12453=DIRECTION('center_axis',(0.,0.,-1.));
#12454=DIRECTION('ref_axis',(0.,1.,0.));
#12455=DIRECTION('center_axis',(1.,-2.22044604925031E-16,0.));
#12456=DIRECTION('ref_axis',(-1.89529271594954E-16,-0.853563956930837,-0.520988072251729));
#12457=DIRECTION('center_axis',(-1.,2.22044604925031E-16,0.));
#12458=DIRECTION('ref_axis',(-1.66533453693774E-16,-0.853563956930837,-0.520988072251729));
#12459=DIRECTION('center_axis',(0.,0.,1.));
#12460=DIRECTION('ref_axis',(0.707106781186555,0.70710678118654,0.));
#12461=DIRECTION('center_axis',(0.,0.,-1.));
#12462=DIRECTION('ref_axis',(0.,1.,0.));
#12463=DIRECTION('',(0.,0.,-1.));
#12464=DIRECTION('',(0.,0.,1.));
#12465=DIRECTION('center_axis',(1.,-2.22044604925031E-16,0.));
#12466=DIRECTION('ref_axis',(0.,0.,-1.));
#12467=DIRECTION('center_axis',(6.88364486772438E-15,-0.631925040061108,
-0.775029511530863));
#12468=DIRECTION('ref_axis',(2.22044604925032E-15,0.775029511530863,-0.631925040061107));
#12469=DIRECTION('center_axis',(1.,-2.22044604925031E-16,0.));
#12470=DIRECTION('ref_axis',(-2.03728897742293E-16,-0.917513387956792,0.397704894262127));
#12471=DIRECTION('center_axis',(-1.,2.22044604925031E-16,0.));
#12472=DIRECTION('ref_axis',(-1.94289029309402E-16,-0.917513387956792,0.397704894262127));
#12473=DIRECTION('center_axis',(1.,0.,0.));
#12474=DIRECTION('ref_axis',(0.,0.866025403784435,-0.500000000000006));
#12475=DIRECTION('center_axis',(-1.,0.,0.));
#12476=DIRECTION('ref_axis',(0.,-0.866025403784438,0.500000000000002));
#12477=DIRECTION('center_axis',(1.,-2.22044604925031E-16,0.));
#12478=DIRECTION('ref_axis',(2.22044604925031E-16,1.,0.));
#12479=DIRECTION('center_axis',(-1.,0.,0.));
#12480=DIRECTION('ref_axis',(0.,1.40241478099894E-5,-0.999999999901662));
#12481=DIRECTION('center_axis',(1.,-2.22044604925031E-16,0.));
#12482=DIRECTION('ref_axis',(2.03728897742293E-16,0.917513387956791,0.397704894262128));
#12483=DIRECTION('',(0.,0.,1.));
#12484=DIRECTION('center_axis',(1.,-2.22044604925031E-16,0.));
#12485=DIRECTION('ref_axis',(1.89529271594954E-16,0.853563956930837,-0.520988072251729));
#12486=DIRECTION('center_axis',(-1.,2.22044604925031E-16,0.));
#12487=DIRECTION('ref_axis',(-1.92296268638356E-16,-0.866025403784439,0.5));
#12488=DIRECTION('center_axis',(1.,-2.22044604925031E-16,0.));
#12489=DIRECTION('ref_axis',(1.94948698096575E-16,0.877970884104097,-0.478714034331009));
#12490=DIRECTION('',(1.92296268638356E-16,0.866025403784439,0.5));
#12491=DIRECTION('center_axis',(1.,-2.22044604925031E-16,0.));
#12492=DIRECTION('ref_axis',(2.53872816853263E-17,0.114334152337985,-0.993442349413973));
#12493=DIRECTION('center_axis',(-1.,0.,0.));
#12494=DIRECTION('ref_axis',(0.,0.866029964955477,0.499992099736801));
#12495=DIRECTION('center_axis',(1.,-2.22044604925031E-16,0.));
#12496=DIRECTION('ref_axis',(-1.78341616056967E-16,-0.803179235618809,0.595737455151837));
#12497=DIRECTION('',(-1.92296268638356E-16,-0.866025403784439,-0.5));
#12498=DIRECTION('center_axis',(1.,-2.22044604925031E-16,0.));
#12499=DIRECTION('ref_axis',(5.41942650162052E-18,0.02440692717326,0.999702106582736));
#12500=DIRECTION('center_axis',(-1.,2.22044604925031E-16,0.));
#12501=DIRECTION('ref_axis',(7.88860905221012E-33,3.5527136788005E-17,-1.));
#12502=DIRECTION('center_axis',(1.,-2.22044604925031E-16,0.));
#12503=DIRECTION('ref_axis',(-5.41942650162048E-18,-0.0244069271732598,
0.999702106582736));
#12504=DIRECTION('',(-1.92296268638356E-16,-0.866025403784438,0.5));
#12505=DIRECTION('center_axis',(1.,-2.22044604925031E-16,0.));
#12506=DIRECTION('ref_axis',(1.78341616056966E-16,0.803179235618806,0.59573745515184));
#12507=DIRECTION('center_axis',(1.,0.,0.));
#12508=DIRECTION('ref_axis',(0.,-2.37255736030136E-15,1.));
#12509=DIRECTION('center_axis',(-7.26468358383076E-15,-0.355232725637807,
-0.934777893745854));
#12510=DIRECTION('ref_axis',(0.,0.934777893745854,-0.355232725637807));
#12511=DIRECTION('center_axis',(1.,-2.22044604925031E-16,0.));
#12512=DIRECTION('ref_axis',(0.,0.,-1.));
#12513=DIRECTION('center_axis',(0.,-0.866025403784444,-0.499999999999991));
#12514=DIRECTION('ref_axis',(0.,0.499999999999991,-0.866025403784444));
#12515=DIRECTION('center_axis',(-1.,2.22044604925031E-16,0.));
#12516=DIRECTION('ref_axis',(-1.66533453693773E-16,-0.803179235618809,0.595737455151837));
#12517=DIRECTION('center_axis',(1.92296268638356E-16,0.866025403784439,
0.5));
#12518=DIRECTION('ref_axis',(0.707106781186547,0.353553390593278,-0.612372435695793));
#12519=DIRECTION('center_axis',(0.,-0.866025403784433,-0.50000000000001));
#12520=DIRECTION('ref_axis',(0.,0.50000000000001,-0.866025403784433));
#12521=DIRECTION('',(1.92296268638356E-16,0.866025403784439,0.5));
#12522=DIRECTION('center_axis',(-1.,2.22044604925031E-16,0.));
#12523=DIRECTION('ref_axis',(0.,0.,1.));
#12524=DIRECTION('center_axis',(0.,-0.840593967909264,0.541665746669068));
#12525=DIRECTION('ref_axis',(0.,-0.541665746669068,-0.840593967909264));
#12526=DIRECTION('center_axis',(-1.,2.22044604925031E-16,0.));
#12527=DIRECTION('ref_axis',(0.,0.02440692717326,0.999702106582736));
#12528=DIRECTION('center_axis',(1.,-2.22044604925031E-16,0.));
#12529=DIRECTION('ref_axis',(0.,0.,-1.));
#12530=DIRECTION('center_axis',(0.,-0.840593967909267,-0.541665746669064));
#12531=DIRECTION('ref_axis',(0.,0.541665746669064,-0.840593967909266));
#12532=DIRECTION('center_axis',(1.,-2.22044604925031E-16,0.));
#12533=DIRECTION('ref_axis',(0.,3.5527136788005E-17,-1.));
#12534=DIRECTION('center_axis',(-1.,2.22044604925031E-16,0.));
#12535=DIRECTION('ref_axis',(0.,0.,1.));
#12536=DIRECTION('center_axis',(0.,-0.866025403784437,0.500000000000004));
#12537=DIRECTION('ref_axis',(0.,-0.500000000000004,-0.866025403784437));
#12538=DIRECTION('center_axis',(-1.,2.22044604925031E-16,0.));
#12539=DIRECTION('ref_axis',(0.,-0.0244069271732598,0.999702106582736));
#12540=DIRECTION('center_axis',(1.92296268638356E-16,0.866025403784439,
-0.5));
#12541=DIRECTION('ref_axis',(0.707106781186544,-0.353553390593277,-0.612372435695797));
#12542=DIRECTION('center_axis',(0.,-0.866025403784437,0.500000000000004));
#12543=DIRECTION('ref_axis',(0.,-0.500000000000004,-0.866025403784437));
#12544=DIRECTION('',(1.92296268638356E-16,0.866025403784438,-0.5));
#12545=DIRECTION('center_axis',(1.,-2.22044604925031E-16,0.));
#12546=DIRECTION('ref_axis',(0.,0.,-1.));
#12547=DIRECTION('center_axis',(-9.54482766175617E-16,-0.35523272563781,
0.934777893745853));
#12548=DIRECTION('ref_axis',(0.,-0.934777893745853,-0.35523272563781));
#12549=DIRECTION('center_axis',(-1.,2.22044604925031E-16,0.));
#12550=DIRECTION('ref_axis',(1.66533453693773E-16,0.803179235618806,0.59573745515184));
#12551=DIRECTION('center_axis',(1.,0.,0.));
#12552=DIRECTION('ref_axis',(0.,-0.866025403784438,-0.500000000000001));
#12553=DIRECTION('center_axis',(0.,-0.631925040061113,0.775029511530859));
#12554=DIRECTION('ref_axis',(-2.22044604925031E-15,-0.775029511530858,-0.631925040061113));
#12555=DIRECTION('center_axis',(1.,-2.22044604925031E-16,0.));
#12556=DIRECTION('ref_axis',(0.,0.,-1.));
#12557=DIRECTION('center_axis',(0.,-4.44089209850056E-15,1.));
#12558=DIRECTION('ref_axis',(0.,-1.,-4.44089209850056E-15));
#12559=DIRECTION('center_axis',(-1.,2.22044604925031E-16,0.));
#12560=DIRECTION('ref_axis',(1.94289029309402E-16,0.917513387956791,0.397704894262128));
#12561=DIRECTION('center_axis',(0.,0.,-1.));
#12562=DIRECTION('ref_axis',(0.707106781186555,-0.70710678118654,0.));
#12563=DIRECTION('center_axis',(0.,0.,1.));
#12564=DIRECTION('ref_axis',(0.,-1.,0.));
#12565=DIRECTION('',(0.,0.,-1.));
#12566=DIRECTION('center_axis',(-1.,2.22044604925031E-16,0.));
#12567=DIRECTION('ref_axis',(0.,0.,1.));
#12568=DIRECTION('center_axis',(0.,0.889393280929902,0.457142857142868));
#12569=DIRECTION('ref_axis',(0.,-0.457142857142868,0.889393280929902));
#12570=DIRECTION('center_axis',(-1.,2.22044604925031E-16,0.));
#12571=DIRECTION('ref_axis',(1.66533453693774E-16,0.853563956930837,-0.520988072251729));
#12572=DIRECTION('center_axis',(1.,-2.22044604925031E-16,0.));
#12573=DIRECTION('ref_axis',(0.,0.,-1.));
#12574=DIRECTION('center_axis',(0.,-0.0487993130206373,0.998808603811918));
#12575=DIRECTION('ref_axis',(-2.22044604925029E-15,-0.998808603811918,-0.0487993130206372));
#12576=DIRECTION('center_axis',(1.,-2.22044604925031E-16,0.));
#12577=DIRECTION('ref_axis',(-1.99840144432528E-16,-0.866025403784439,0.5));
#12578=DIRECTION('center_axis',(-1.,2.22044604925031E-16,0.));
#12579=DIRECTION('ref_axis',(0.,0.,1.));
#12580=DIRECTION('center_axis',(0.,0.866025403784436,0.500000000000005));
#12581=DIRECTION('ref_axis',(0.,-0.500000000000005,0.866025403784435));
#12582=DIRECTION('center_axis',(-1.,2.22044604925031E-16,0.));
#12583=DIRECTION('ref_axis',(2.22044604925032E-16,0.877970884104097,-0.478714034331009));
#12584=DIRECTION('center_axis',(-1.92296268638356E-16,-0.866025403784439,
-0.5));
#12585=DIRECTION('ref_axis',(0.707106781186545,-0.353553390593277,0.612372435695795));
#12586=DIRECTION('center_axis',(0.,0.866025403784437,0.500000000000004));
#12587=DIRECTION('ref_axis',(0.,-0.500000000000004,0.866025403784437));
#12588=DIRECTION('',(-1.92296268638356E-16,-0.866025403784439,-0.5));
#12589=DIRECTION('center_axis',(1.,-2.22044604925031E-16,0.));
#12590=DIRECTION('ref_axis',(0.,0.,-1.));
#12591=DIRECTION('center_axis',(0.,0.987157765698922,-0.15974838221501));
#12592=DIRECTION('ref_axis',(0.,0.15974838221501,0.987157765698922));
#12593=DIRECTION('center_axis',(-1.,2.22044604925031E-16,0.));
#12594=DIRECTION('ref_axis',(2.77555756156289E-17,0.114334152337985,-0.993442349413973));
#12595=DIRECTION('center_axis',(-1.,0.,0.));
#12596=DIRECTION('ref_axis',(0.,1.,0.));
#12597=DIRECTION('',(-1.,9.1046082728959E-17,7.56320320533455E-17));
#12598=DIRECTION('',(-1.,9.1046082728959E-17,-7.56320320533455E-17));
#12599=DIRECTION('center_axis',(-1.,0.,0.));
#12600=DIRECTION('ref_axis',(0.,1.,0.));
#12601=DIRECTION('',(-1.,2.22044604925031E-16,-8.20644090633304E-17));
#12602=DIRECTION('',(-1.,1.99762197335567E-17,1.16664236585011E-16));
#12603=DIRECTION('center_axis',(-1.,0.,0.));
#12604=DIRECTION('ref_axis',(0.,-0.866025403784439,0.5));
#12605=DIRECTION('',(-1.,1.99762197335567E-17,-1.16664236585011E-16));
#12606=DIRECTION('',(-1.,2.22044604925031E-16,8.20644090633309E-17));
#12607=DIRECTION('center_axis',(-1.,1.99762197335567E-17,-1.16664236585011E-16));
#12608=DIRECTION('ref_axis',(0.,-0.424859716852891,-0.905259201000289));
#12609=DIRECTION('',(-1.,1.99762197335567E-17,-1.16664236585011E-16));
#12610=DIRECTION('center_axis',(1.11022302462516E-16,0.5,-0.866025403784439));
#12611=DIRECTION('ref_axis',(-1.92296268638356E-16,-0.866025403784439,-0.5));
#12612=DIRECTION('',(1.,-2.22044604925031E-16,0.));
#12613=DIRECTION('center_axis',(-1.,9.1046082728959E-17,-7.56320320533455E-17));
#12614=DIRECTION('ref_axis',(0.,-0.996407323502299,0.0846902926608773));
#12615=DIRECTION('',(1.,-9.1046082728959E-17,7.56320320533455E-17));
#12616=DIRECTION('center_axis',(-1.,9.10460827289591E-17,7.56320320533455E-17));
#12617=DIRECTION('ref_axis',(0.,0.996407323502299,0.0846902926608779));
#12618=DIRECTION('',(-1.,9.1046082728959E-17,7.56320320533455E-17));
#12619=DIRECTION('center_axis',(1.11022302462516E-16,0.5,0.866025403784439));
#12620=DIRECTION('ref_axis',(1.92296268638356E-16,0.866025403784438,-0.5));
#12621=DIRECTION('',(1.,-2.22044604925031E-16,0.));
#12622=DIRECTION('center_axis',(-1.,1.99762197335567E-17,1.16664236585011E-16));
#12623=DIRECTION('ref_axis',(0.,0.42485971685289,-0.905259201000289));
#12624=DIRECTION('',(1.,-1.99762197335567E-17,-1.16664236585011E-16));
#12625=DIRECTION('center_axis',(-1.,2.22044604925031E-16,-8.20644090633304E-17));
#12626=DIRECTION('ref_axis',(0.,-0.571547606649411,0.82056890833941));
#12627=DIRECTION('',(-1.,2.22044604925031E-16,-8.20644090633304E-17));
#12628=DIRECTION('center_axis',(-2.22044604925031E-16,-1.,0.));
#12629=DIRECTION('ref_axis',(0.,0.,1.));
#12630=DIRECTION('',(1.,-2.22044604925031E-16,0.));
#12631=DIRECTION('center_axis',(-1.,2.22044604925031E-16,8.20644090633309E-17));
#12632=DIRECTION('ref_axis',(0.,0.571547606649409,0.820568908339411));
#12633=DIRECTION('',(1.,-2.22044604925031E-16,-8.20644090633309E-17));
#12634=DIRECTION('center_axis',(2.22044604925031E-16,1.,0.));
#12635=DIRECTION('ref_axis',(0.,0.,-1.));
#12636=DIRECTION('',(-1.,2.22044604925031E-16,0.));
#12637=DIRECTION('center_axis',(0.,-0.406736643075799,-0.913545457642602));
#12638=DIRECTION('ref_axis',(0.,-0.913545457642602,0.406736643075799));
#12639=DIRECTION('',(-1.,0.,0.));
#12640=DIRECTION('center_axis',(0.,0.587785252292466,-0.809016994374953));
#12641=DIRECTION('ref_axis',(0.,-0.809016994374953,-0.587785252292466));
#12642=DIRECTION('',(-1.,0.,0.));
#12643=DIRECTION('center_axis',(0.,0.994521895368274,0.104528463267652));
#12644=DIRECTION('ref_axis',(0.,0.104528463267652,-0.994521895368274));
#12645=DIRECTION('center_axis',(0.,0.406736643075796,-0.913545457642603));
#12646=DIRECTION('ref_axis',(0.,-0.913545457642603,-0.406736643075796));
#12647=DIRECTION('',(-1.,0.,0.));
#12648=DIRECTION('center_axis',(0.,0.994521895368273,-0.104528463267653));
#12649=DIRECTION('ref_axis',(0.,-0.104528463267653,-0.994521895368273));
#12650=DIRECTION('',(-1.,0.,0.));
#12651=DIRECTION('center_axis',(0.,0.587785252292481,0.809016994374942));
#12652=DIRECTION('ref_axis',(0.,0.809016994374942,-0.587785252292481));
#12653=DIRECTION('center_axis',(0.,0.951056516295151,-0.309016994374957));
#12654=DIRECTION('ref_axis',(0.,-0.309016994374957,-0.95105651629515));
#12655=DIRECTION('',(-1.,0.,0.));
#12656=DIRECTION('',(1.,0.,0.));
#12657=DIRECTION('center_axis',(0.,0.743144825477397,0.669130606358855));
#12658=DIRECTION('ref_axis',(0.,0.669130606358855,-0.743144825477397));
#12659=DIRECTION('',(-1.,0.,0.));
#12660=DIRECTION('center_axis',(0.,-0.207911690817754,0.978147600733807));
#12661=DIRECTION('ref_axis',(0.,0.978147600733807,0.207911690817754));
#12662=DIRECTION('',(-1.,0.,0.));
#12663=DIRECTION('center_axis',(0.,-0.951056516295153,0.309016994374949));
#12664=DIRECTION('ref_axis',(0.,0.309016994374949,0.951056516295153));
#12665=DIRECTION('',(-1.,0.,0.));
#12666=DIRECTION('center_axis',(0.,-0.743144825477401,-0.669130606358851));
#12667=DIRECTION('ref_axis',(0.,-0.669130606358851,0.743144825477401));
#12668=DIRECTION('',(-1.,0.,0.));
#12669=DIRECTION('center_axis',(0.,0.207911690817758,-0.978147600733806));
#12670=DIRECTION('ref_axis',(0.,-0.978147600733806,-0.207911690817757));
#12671=DIRECTION('center_axis',(0.,0.866025403784441,0.499999999999996));
#12672=DIRECTION('ref_axis',(0.,0.499999999999996,-0.866025403784441));
#12673=DIRECTION('',(-1.,0.,0.));
#12674=DIRECTION('',(1.,0.,0.));
#12675=DIRECTION('center_axis',(0.,0.,1.));
#12676=DIRECTION('ref_axis',(0.,1.,0.));
#12677=DIRECTION('',(-1.,0.,0.));
#12678=DIRECTION('center_axis',(0.,-0.866025403784436,0.500000000000005));
#12679=DIRECTION('ref_axis',(0.,0.500000000000005,0.866025403784436));
#12680=DIRECTION('',(-1.,0.,0.));
#12681=DIRECTION('center_axis',(0.,-0.866025403784441,-0.499999999999996));
#12682=DIRECTION('ref_axis',(0.,-0.499999999999996,0.866025403784441));
#12683=DIRECTION('',(-1.,0.,0.));
#12684=DIRECTION('center_axis',(0.,-3.79844481260951E-15,-1.));
#12685=DIRECTION('ref_axis',(0.,-1.,3.79844481260951E-15));
#12686=DIRECTION('',(-1.,0.,0.));
#12687=DIRECTION('center_axis',(0.,0.866025403784437,-0.500000000000003));
#12688=DIRECTION('ref_axis',(0.,-0.500000000000003,-0.866025403784437));
#12689=DIRECTION('center_axis',(0.,0.207911690817771,0.978147600733803));
#12690=DIRECTION('ref_axis',(0.,0.978147600733803,-0.207911690817772));
#12691=DIRECTION('',(-1.,0.,0.));
#12692=DIRECTION('',(1.,0.,0.));
#12693=DIRECTION('center_axis',(0.,-0.743144825477386,0.669130606358867));
#12694=DIRECTION('ref_axis',(0.,0.669130606358867,0.743144825477386));
#12695=DIRECTION('',(-1.,0.,0.));
#12696=DIRECTION('center_axis',(0.,-0.951056516295154,-0.309016994374947));
#12697=DIRECTION('ref_axis',(0.,-0.309016994374947,0.951056516295154));
#12698=DIRECTION('',(-1.,0.,0.));
#12699=DIRECTION('center_axis',(0.,-0.207911690817763,-0.978147600733805));
#12700=DIRECTION('ref_axis',(0.,-0.978147600733805,0.207911690817763));
#12701=DIRECTION('',(-1.,0.,0.));
#12702=DIRECTION('center_axis',(0.,0.74314482547739,-0.669130606358863));
#12703=DIRECTION('ref_axis',(0.,-0.669130606358863,-0.74314482547739));
#12704=DIRECTION('',(-1.,0.,0.));
#12705=DIRECTION('center_axis',(0.,0.951056516295156,0.30901699437494));
#12706=DIRECTION('ref_axis',(0.,0.30901699437494,-0.951056516295156));
#12707=DIRECTION('center_axis',(0.,-0.587785252292465,0.809016994374954));
#12708=DIRECTION('ref_axis',(0.,0.809016994374953,0.587785252292465));
#12709=DIRECTION('',(-1.,0.,0.));
#12710=DIRECTION('center_axis',(0.,-0.994521895368273,-0.10452846326766));
#12711=DIRECTION('ref_axis',(0.,-0.10452846326766,0.994521895368273));
#12712=DIRECTION('',(-1.,0.,0.));
#12713=DIRECTION('center_axis',(0.,-0.406736643075805,-0.913545457642599));
#12714=DIRECTION('ref_axis',(0.,-0.913545457642599,0.406736643075805));
#12715=DIRECTION('center_axis',(0.,-0.994521895368273,0.10452846326766));
#12716=DIRECTION('ref_axis',(0.,0.10452846326766,0.994521895368273));
#12717=DIRECTION('',(-1.,0.,0.));
#12718=DIRECTION('center_axis',(0.,-0.587785252292476,-0.809016994374946));
#12719=DIRECTION('ref_axis',(0.,-0.809016994374946,0.587785252292476));
#12720=DIRECTION('',(-1.,0.,0.));
#12721=DIRECTION('center_axis',(0.,0.406736643075796,-0.913545457642603));
#12722=DIRECTION('ref_axis',(0.,-0.913545457642603,-0.406736643075796));
#12723=DIRECTION('center_axis',(0.,0.866025403784436,-0.500000000000005));
#12724=DIRECTION('ref_axis',(0.,-0.500000000000005,-0.866025403784436));
#12725=DIRECTION('',(1.,0.,0.));
#12726=DIRECTION('center_axis',(0.,-0.866025403784441,-0.499999999999996));
#12727=DIRECTION('ref_axis',(0.,-0.499999999999996,0.866025403784441));
#12728=DIRECTION('',(-1.,0.,0.));
#12729=DIRECTION('center_axis',(0.,0.,-1.));
#12730=DIRECTION('ref_axis',(0.,-1.,0.));
#12731=DIRECTION('center_axis',(0.,-0.951056516295153,0.309016994374949));
#12732=DIRECTION('ref_axis',(0.,0.309016994374949,0.951056516295153));
#12733=DIRECTION('',(-1.,0.,0.));
#12734=DIRECTION('center_axis',(0.,-0.743144825477393,-0.669130606358859));
#12735=DIRECTION('ref_axis',(0.,-0.669130606358859,0.743144825477393));
#12736=DIRECTION('',(-1.,0.,0.));
#12737=DIRECTION('center_axis',(0.,0.20791169081775,-0.978147600733808));
#12738=DIRECTION('ref_axis',(0.,-0.978147600733808,-0.20791169081775));
#12739=DIRECTION('center_axis',(0.,-0.406736643075793,0.913545457642604));
#12740=DIRECTION('ref_axis',(0.,0.913545457642604,0.406736643075793));
#12741=DIRECTION('',(-1.,0.,0.));
#12742=DIRECTION('center_axis',(0.,-0.994521895368274,0.104528463267645));
#12743=DIRECTION('ref_axis',(0.,0.104528463267645,0.994521895368274));
#12744=DIRECTION('',(-1.,0.,0.));
#12745=DIRECTION('center_axis',(0.,-0.587785252292479,-0.809016994374943));
#12746=DIRECTION('ref_axis',(0.,-0.809016994374943,0.587785252292479));
#12747=DIRECTION('center_axis',(0.,0.406736643075802,0.9135454576426));
#12748=DIRECTION('ref_axis',(0.,0.9135454576426,-0.406736643075802));
#12749=DIRECTION('',(-1.,0.,0.));
#12750=DIRECTION('',(1.,0.,0.));
#12751=DIRECTION('center_axis',(0.,-0.587785252292471,0.809016994374949));
#12752=DIRECTION('ref_axis',(0.,0.809016994374949,0.587785252292471));
#12753=DIRECTION('',(-1.,0.,0.));
#12754=DIRECTION('center_axis',(0.,-0.994521895368274,-0.104528463267652));
#12755=DIRECTION('ref_axis',(0.,-0.104528463267652,0.994521895368274));
#12756=DIRECTION('',(-1.,0.,0.));
#12757=DIRECTION('center_axis',(0.,-0.406736643075799,-0.913545457642602));
#12758=DIRECTION('ref_axis',(0.,-0.913545457642602,0.406736643075799));
#12759=DIRECTION('',(-1.,0.,0.));
#12760=DIRECTION('center_axis',(0.,0.587785252292471,-0.809016994374949));
#12761=DIRECTION('ref_axis',(0.,-0.809016994374949,-0.587785252292471));
#12762=DIRECTION('',(-1.,0.,0.));
#12763=DIRECTION('center_axis',(0.,0.994521895368274,0.104528463267645));
#12764=DIRECTION('ref_axis',(0.,0.104528463267645,-0.994521895368274));
#12765=DIRECTION('center_axis',(0.,0.951056516295156,0.30901699437494));
#12766=DIRECTION('ref_axis',(0.,0.30901699437494,-0.951056516295156));
#12767=DIRECTION('',(-1.,0.,0.));
#12768=DIRECTION('',(1.,0.,0.));
#12769=DIRECTION('center_axis',(0.,0.207911690817759,0.978147600733806));
#12770=DIRECTION('ref_axis',(0.,0.978147600733806,-0.207911690817759));
#12771=DIRECTION('',(-1.,0.,0.));
#12772=DIRECTION('center_axis',(0.,-0.743144825477391,0.669130606358862));
#12773=DIRECTION('ref_axis',(0.,0.669130606358862,0.743144825477391));
#12774=DIRECTION('',(-1.,0.,0.));
#12775=DIRECTION('center_axis',(0.,-0.951056516295153,-0.309016994374948));
#12776=DIRECTION('ref_axis',(0.,-0.309016994374948,0.951056516295153));
#12777=DIRECTION('',(-1.,0.,0.));
#12778=DIRECTION('center_axis',(0.,-0.207911690817763,-0.978147600733805));
#12779=DIRECTION('ref_axis',(0.,-0.978147600733805,0.207911690817763));
#12780=DIRECTION('',(-1.,0.,0.));
#12781=DIRECTION('center_axis',(0.,0.74314482547739,-0.669130606358863));
#12782=DIRECTION('ref_axis',(0.,-0.669130606358863,-0.74314482547739));
#12783=DIRECTION('center_axis',(0.,0.866025403784438,-0.500000000000002));
#12784=DIRECTION('ref_axis',(0.,-0.500000000000002,-0.866025403784438));
#12785=DIRECTION('',(-1.,0.,0.));
#12786=DIRECTION('',(1.,0.,0.));
#12787=DIRECTION('center_axis',(0.,0.866025403784439,0.499999999999999));
#12788=DIRECTION('ref_axis',(0.,0.499999999999999,-0.866025403784439));
#12789=DIRECTION('',(-1.,0.,0.));
#12790=DIRECTION('center_axis',(0.,1.51937792504381E-14,1.));
#12791=DIRECTION('ref_axis',(0.,1.,-1.51937792504381E-14));
#12792=DIRECTION('',(-1.,0.,0.));
#12793=DIRECTION('center_axis',(0.,-0.866025403784438,0.500000000000002));
#12794=DIRECTION('ref_axis',(0.,0.500000000000002,0.866025403784438));
#12795=DIRECTION('',(-1.,0.,0.));
#12796=DIRECTION('center_axis',(0.,-0.866025403784442,-0.499999999999993));
#12797=DIRECTION('ref_axis',(0.,-0.499999999999993,0.866025403784442));
#12798=DIRECTION('',(-1.,0.,0.));
#12799=DIRECTION('center_axis',(0.,-1.51937792504379E-14,-1.));
#12800=DIRECTION('ref_axis',(0.,-1.,1.51937792504379E-14));
#12801=DIRECTION('center_axis',(0.,0.207911690817747,-0.978147600733808));
#12802=DIRECTION('ref_axis',(0.,-0.978147600733808,-0.207911690817747));
#12803=DIRECTION('',(-1.,0.,0.));
#12804=DIRECTION('center_axis',(0.,0.951056516295155,-0.309016994374942));
#12805=DIRECTION('ref_axis',(0.,-0.309016994374942,-0.951056516295155));
#12806=DIRECTION('',(-1.,0.,0.));
#12807=DIRECTION('center_axis',(0.,0.743144825477401,0.669130606358851));
#12808=DIRECTION('ref_axis',(0.,0.669130606358851,-0.743144825477401));
#12809=DIRECTION('center_axis',(0.,-0.587785252292479,-0.809016994374943));
#12810=DIRECTION('ref_axis',(0.,-0.809016994374943,0.587785252292479));
#12811=DIRECTION('',(-1.,0.,0.));
#12812=DIRECTION('center_axis',(0.,0.406736643075793,-0.913545457642604));
#12813=DIRECTION('ref_axis',(0.,-0.913545457642604,-0.406736643075793));
#12814=DIRECTION('',(-1.,0.,0.));
#12815=DIRECTION('center_axis',(0.,0.994521895368273,-0.10452846326766));
#12816=DIRECTION('ref_axis',(0.,-0.10452846326766,-0.994521895368273));
#12817=DIRECTION('center_axis',(0.,-0.207911690817761,-0.978147600733805));
#12818=DIRECTION('ref_axis',(0.,-0.978147600733805,0.207911690817761));
#12819=DIRECTION('',(-1.,0.,0.));
#12820=DIRECTION('center_axis',(0.,0.743144825477394,-0.669130606358859));
#12821=DIRECTION('ref_axis',(0.,-0.669130606358859,-0.743144825477394));
#12822=DIRECTION('',(-1.,0.,0.));
#12823=DIRECTION('center_axis',(0.,0.951056516295155,0.309016994374942));
#12824=DIRECTION('ref_axis',(0.,0.309016994374942,-0.951056516295155));
#12825=DIRECTION('center_axis',(0.,0.587785252292471,-0.809016994374949));
#12826=DIRECTION('ref_axis',(0.,-0.809016994374949,-0.587785252292471));
#12827=DIRECTION('',(-1.,0.,0.));
#12828=DIRECTION('',(1.,0.,0.));
#12829=DIRECTION('center_axis',(0.,0.994521895368273,0.104528463267653));
#12830=DIRECTION('ref_axis',(0.,0.104528463267653,-0.994521895368273));
#12831=DIRECTION('',(-1.,0.,0.));
#12832=DIRECTION('center_axis',(0.,0.406736643075812,0.913545457642596));
#12833=DIRECTION('ref_axis',(0.,0.913545457642596,-0.406736643075812));
#12834=DIRECTION('',(-1.,0.,0.));
#12835=DIRECTION('center_axis',(0.,-0.587785252292472,0.809016994374948));
#12836=DIRECTION('ref_axis',(0.,0.809016994374948,0.587785252292472));
#12837=DIRECTION('',(-1.,0.,0.));
#12838=DIRECTION('center_axis',(0.,-0.994521895368273,-0.104528463267653));
#12839=DIRECTION('ref_axis',(0.,-0.104528463267653,0.994521895368273));
#12840=DIRECTION('',(-1.,0.,0.));
#12841=DIRECTION('center_axis',(0.,-0.406736643075802,-0.9135454576426));
#12842=DIRECTION('ref_axis',(0.,-0.9135454576426,0.406736643075802));
#12843=DIRECTION('center_axis',(0.,0.994521895368273,-0.10452846326766));
#12844=DIRECTION('ref_axis',(0.,-0.10452846326766,-0.994521895368273));
#12845=DIRECTION('',(-1.,0.,0.));
#12846=DIRECTION('',(1.,0.,0.));
#12847=DIRECTION('center_axis',(0.,0.587785252292467,0.809016994374952));
#12848=DIRECTION('ref_axis',(0.,0.809016994374952,-0.587785252292467));
#12849=DIRECTION('',(-1.,0.,0.));
#12850=DIRECTION('center_axis',(0.,-0.406736643075793,0.913545457642604));
#12851=DIRECTION('ref_axis',(0.,0.913545457642604,0.406736643075792));
#12852=DIRECTION('',(-1.,0.,0.));
#12853=DIRECTION('center_axis',(0.,-0.994521895368273,0.104528463267653));
#12854=DIRECTION('ref_axis',(0.,0.104528463267653,0.994521895368273));
#12855=DIRECTION('',(-1.,0.,0.));
#12856=DIRECTION('center_axis',(0.,-0.587785252292478,-0.809016994374944));
#12857=DIRECTION('ref_axis',(0.,-0.809016994374944,0.587785252292478));
#12858=DIRECTION('',(-1.,0.,0.));
#12859=DIRECTION('center_axis',(0.,0.406736643075799,-0.913545457642602));
#12860=DIRECTION('ref_axis',(0.,-0.913545457642602,-0.406736643075799));
#12861=DIRECTION('center_axis',(0.,0.7431448254774,0.669130606358851));
#12862=DIRECTION('ref_axis',(0.,0.669130606358851,-0.7431448254774));
#12863=DIRECTION('',(-1.,0.,0.));
#12864=DIRECTION('',(1.,0.,0.));
#12865=DIRECTION('center_axis',(0.,-0.207911690817763,0.978147600733805));
#12866=DIRECTION('ref_axis',(0.,0.978147600733805,0.207911690817763));
#12867=DIRECTION('',(-1.,0.,0.));
#12868=DIRECTION('center_axis',(0.,-0.951056516295153,0.309016994374949));
#12869=DIRECTION('ref_axis',(0.,0.309016994374949,0.951056516295153));
#12870=DIRECTION('',(-1.,0.,0.));
#12871=DIRECTION('center_axis',(0.,-0.743144825477397,-0.669130606358855));
#12872=DIRECTION('ref_axis',(0.,-0.669130606358855,0.743144825477397));
#12873=DIRECTION('',(-1.,0.,0.));
#12874=DIRECTION('center_axis',(0.,0.207911690817755,-0.978147600733806));
#12875=DIRECTION('ref_axis',(0.,-0.978147600733806,-0.207911690817755));
#12876=DIRECTION('',(-1.,0.,0.));
#12877=DIRECTION('center_axis',(0.,0.951056516295153,-0.309016994374949));
#12878=DIRECTION('ref_axis',(0.,-0.309016994374949,-0.951056516295153));
#12879=DIRECTION('center_axis',(0.,7.59688962521908E-15,1.));
#12880=DIRECTION('ref_axis',(0.,1.,-7.59688962521908E-15));
#12881=DIRECTION('',(-1.,0.,0.));
#12882=DIRECTION('',(1.,0.,0.));
#12883=DIRECTION('center_axis',(0.,-0.866025403784435,0.500000000000007));
#12884=DIRECTION('ref_axis',(0.,0.500000000000007,0.866025403784434));
#12885=DIRECTION('',(-1.,0.,0.));
#12886=DIRECTION('center_axis',(0.,-0.866025403784439,-0.499999999999999));
#12887=DIRECTION('ref_axis',(0.,-0.499999999999999,0.866025403784439));
#12888=DIRECTION('',(-1.,0.,0.));
#12889=DIRECTION('center_axis',(0.,-1.51937792504382E-14,-1.));
#12890=DIRECTION('ref_axis',(0.,-1.,1.51937792504382E-14));
#12891=DIRECTION('',(-1.,0.,0.));
#12892=DIRECTION('center_axis',(0.,0.866025403784435,-0.500000000000007));
#12893=DIRECTION('ref_axis',(0.,-0.500000000000007,-0.866025403784434));
#12894=DIRECTION('',(-1.,0.,0.));
#12895=DIRECTION('center_axis',(0.,0.866025403784441,0.499999999999996));
#12896=DIRECTION('ref_axis',(0.,0.499999999999996,-0.866025403784441));
#12897=DIRECTION('center_axis',(0.,-0.743144825477394,0.669130606358859));
#12898=DIRECTION('ref_axis',(0.,0.669130606358859,0.743144825477394));
#12899=DIRECTION('',(-1.,0.,0.));
#12900=DIRECTION('center_axis',(0.,-0.951056516295155,-0.309016994374942));
#12901=DIRECTION('ref_axis',(0.,-0.309016994374942,0.951056516295155));
#12902=DIRECTION('',(-1.,0.,0.));
#12903=DIRECTION('center_axis',(0.,-0.207911690817761,-0.978147600733805));
#12904=DIRECTION('ref_axis',(0.,-0.978147600733805,0.207911690817761));
#12905=DIRECTION('center_axis',(0.,-0.994521895368274,-0.104528463267645));
#12906=DIRECTION('ref_axis',(0.,-0.104528463267645,0.994521895368274));
#12907=DIRECTION('',(-1.,0.,0.));
#12908=DIRECTION('center_axis',(0.,-0.406736643075802,-0.9135454576426));
#12909=DIRECTION('ref_axis',(0.,-0.9135454576426,0.406736643075802));
#12910=DIRECTION('',(-1.,0.,0.));
#12911=DIRECTION('center_axis',(0.,0.587785252292467,-0.809016994374952));
#12912=DIRECTION('ref_axis',(0.,-0.809016994374952,-0.587785252292467));
#12913=DIRECTION('center_axis',(0.,-0.951056516295155,-0.309016994374942));
#12914=DIRECTION('ref_axis',(0.,-0.309016994374942,0.951056516295155));
#12915=DIRECTION('',(-1.,0.,0.));
#12916=DIRECTION('center_axis',(0.,-0.207911690817761,-0.978147600733805));
#12917=DIRECTION('ref_axis',(0.,-0.978147600733805,0.207911690817761));
#12918=DIRECTION('',(-1.,0.,0.));
#12919=DIRECTION('center_axis',(0.,0.743144825477388,-0.669130606358865));
#12920=DIRECTION('ref_axis',(0.,-0.669130606358865,-0.743144825477388));
#12921=DIRECTION('center_axis',(0.,-0.866025403784435,0.500000000000007));
#12922=DIRECTION('ref_axis',(0.,0.500000000000007,0.866025403784434));
#12923=DIRECTION('',(-1.,0.,0.));
#12924=DIRECTION('center_axis',(0.,-0.866025403784431,-0.500000000000014));
#12925=DIRECTION('ref_axis',(0.,-0.500000000000014,0.866025403784431));
#12926=DIRECTION('',(-1.,0.,0.));
#12927=DIRECTION('center_axis',(0.,-7.59688962521908E-15,-1.));
#12928=DIRECTION('ref_axis',(0.,-1.,7.59688962521908E-15));
#12929=DIRECTION('center_axis',(0.,-0.207911690817747,0.978147600733808));
#12930=DIRECTION('ref_axis',(0.,0.978147600733808,0.207911690817747));
#12931=DIRECTION('',(-1.,0.,0.));
#12932=DIRECTION('',(1.,0.,0.));
#12933=DIRECTION('center_axis',(0.,-0.951056516295156,0.30901699437494));
#12934=DIRECTION('ref_axis',(0.,0.30901699437494,0.951056516295156));
#12935=DIRECTION('',(-1.,0.,0.));
#12936=DIRECTION('center_axis',(0.,-0.743144825477394,-0.669130606358859));
#12937=DIRECTION('ref_axis',(0.,-0.669130606358859,0.743144825477394));
#12938=DIRECTION('',(-1.,0.,0.));
#12939=DIRECTION('center_axis',(0.,0.20791169081775,-0.978147600733808));
#12940=DIRECTION('ref_axis',(0.,-0.978147600733808,-0.20791169081775));
#12941=DIRECTION('',(-1.,0.,0.));
#12942=DIRECTION('center_axis',(0.,0.951056516295152,-0.309016994374953));
#12943=DIRECTION('ref_axis',(0.,-0.309016994374953,-0.951056516295152));
#12944=DIRECTION('',(-1.,0.,0.));
#12945=DIRECTION('center_axis',(0.,0.743144825477394,0.669130606358859));
#12946=DIRECTION('ref_axis',(0.,0.669130606358859,-0.743144825477394));
#12947=DIRECTION('center_axis',(0.,0.587785252292472,0.809016994374948));
#12948=DIRECTION('ref_axis',(0.,0.809016994374948,-0.587785252292472));
#12949=DIRECTION('',(-1.,0.,0.));
#12950=DIRECTION('',(1.,0.,0.));
#12951=DIRECTION('center_axis',(0.,-0.406736643075796,0.913545457642603));
#12952=DIRECTION('ref_axis',(0.,0.913545457642603,0.406736643075796));
#12953=DIRECTION('',(-1.,0.,0.));
#12954=DIRECTION('center_axis',(0.,-0.994521895368273,0.104528463267653));
#12955=DIRECTION('ref_axis',(0.,0.104528463267653,0.994521895368273));
#12956=DIRECTION('',(-1.,0.,0.));
#12957=DIRECTION('center_axis',(0.,-0.587785252292476,-0.809016994374946));
#12958=DIRECTION('ref_axis',(0.,-0.809016994374946,0.587785252292476));
#12959=DIRECTION('',(-1.,0.,0.));
#12960=DIRECTION('center_axis',(0.,0.406736643075796,-0.913545457642603));
#12961=DIRECTION('ref_axis',(0.,-0.913545457642603,-0.406736643075796));
#12962=DIRECTION('',(-1.,0.,0.));
#12963=DIRECTION('center_axis',(0.,0.994521895368273,-0.10452846326766));
#12964=DIRECTION('ref_axis',(0.,-0.10452846326766,-0.994521895368273));
#12965=DIRECTION('center_axis',(0.,0.994521895368274,0.104528463267645));
#12966=DIRECTION('ref_axis',(0.,0.104528463267645,-0.994521895368274));
#12967=DIRECTION('',(-1.,0.,0.));
#12968=DIRECTION('',(1.,0.,0.));
#12969=DIRECTION('center_axis',(0.,0.406736643075802,0.9135454576426));
#12970=DIRECTION('ref_axis',(0.,0.9135454576426,-0.406736643075802));
#12971=DIRECTION('',(-1.,0.,0.));
#12972=DIRECTION('center_axis',(0.,-0.587785252292467,0.809016994374952));
#12973=DIRECTION('ref_axis',(0.,0.809016994374952,0.587785252292467));
#12974=DIRECTION('',(-1.,0.,0.));
#12975=DIRECTION('center_axis',(0.,-0.994521895368274,-0.104528463267652));
#12976=DIRECTION('ref_axis',(0.,-0.104528463267652,0.994521895368274));
#12977=DIRECTION('',(-1.,0.,0.));
#12978=DIRECTION('center_axis',(0.,-0.406736643075808,-0.913545457642597));
#12979=DIRECTION('ref_axis',(0.,-0.913545457642597,0.406736643075808));
#12980=DIRECTION('',(-1.,0.,0.));
#12981=DIRECTION('center_axis',(0.,0.58778525229247,-0.80901699437495));
#12982=DIRECTION('ref_axis',(0.,-0.80901699437495,-0.587785252292469));
#12983=DIRECTION('center_axis',(0.,0.74314482547739,-0.669130606358863));
#12984=DIRECTION('ref_axis',(0.,-0.669130606358863,-0.74314482547739));
#12985=DIRECTION('',(-1.,0.,0.));
#12986=DIRECTION('',(1.,0.,0.));
#12987=DIRECTION('center_axis',(0.,0.951056516295151,0.309016994374956));
#12988=DIRECTION('ref_axis',(0.,0.309016994374956,-0.951056516295151));
#12989=DIRECTION('',(-1.,0.,0.));
#12990=DIRECTION('center_axis',(0.,0.207911690817771,0.978147600733803));
#12991=DIRECTION('ref_axis',(0.,0.978147600733803,-0.207911690817772));
#12992=DIRECTION('',(-1.,0.,0.));
#12993=DIRECTION('center_axis',(0.,-0.743144825477397,0.669130606358855));
#12994=DIRECTION('ref_axis',(0.,0.669130606358855,0.743144825477397));
#12995=DIRECTION('',(-1.,0.,0.));
#12996=DIRECTION('center_axis',(0.,-0.951056516295155,-0.309016994374942));
#12997=DIRECTION('ref_axis',(0.,-0.309016994374942,0.951056516295155));
#12998=DIRECTION('',(-1.,0.,0.));
#12999=DIRECTION('center_axis',(0.,-0.207911690817763,-0.978147600733805));
#13000=DIRECTION('ref_axis',(0.,-0.978147600733805,0.207911690817763));
#13001=DIRECTION('center_axis',(0.,-1.51937792504381E-14,-1.));
#13002=DIRECTION('ref_axis',(0.,-1.,1.51937792504381E-14));
#13003=DIRECTION('',(-1.,0.,0.));
#13004=DIRECTION('center_axis',(0.,0.866025403784441,-0.499999999999996));
#13005=DIRECTION('ref_axis',(0.,-0.499999999999996,-0.866025403784441));
#13006=DIRECTION('',(-1.,0.,0.));
#13007=DIRECTION('center_axis',(0.,0.866025403784444,0.49999999999999));
#13008=DIRECTION('ref_axis',(0.,0.49999999999999,-0.866025403784444));
#13009=DIRECTION('center_axis',(0.,-0.743144825477399,-0.669130606358853));
#13010=DIRECTION('ref_axis',(0.,-0.669130606358853,0.743144825477399));
#13011=DIRECTION('',(-1.,0.,0.));
#13012=DIRECTION('center_axis',(0.,0.207911690817759,-0.978147600733806));
#13013=DIRECTION('ref_axis',(0.,-0.978147600733806,-0.207911690817759));
#13014=DIRECTION('',(-1.,0.,0.));
#13015=DIRECTION('center_axis',(0.,0.951056516295151,-0.309016994374956));
#13016=DIRECTION('ref_axis',(0.,-0.309016994374956,-0.951056516295151));
#13017=DIRECTION('center_axis',(-1.11022302462516E-16,-0.5,-0.866025403784439));
#13018=DIRECTION('ref_axis',(-1.92296268638356E-16,-0.866025403784439,0.5));
#13019=DIRECTION('',(-1.,2.22044604925031E-16,0.));
#13020=DIRECTION('center_axis',(-1.,2.22044604925031E-16,0.));
#13021=DIRECTION('ref_axis',(2.22044604925031E-16,1.,0.));
#13022=DIRECTION('',(1.,0.,0.));
#13023=DIRECTION('',(-1.,2.22044604925031E-16,0.));
#13024=DIRECTION('center_axis',(-1.,2.22044604925031E-16,0.));
#13025=DIRECTION('ref_axis',(5.41942650162049E-18,0.0244069271732598,0.999702106582736));
#13026=DIRECTION('',(-1.,2.22044604925031E-16,0.));
#13027=DIRECTION('center_axis',(-1.11022302462516E-16,-0.5,0.866025403784439));
#13028=DIRECTION('ref_axis',(1.92296268638356E-16,0.866025403784439,0.5));
#13029=DIRECTION('center_axis',(-1.,2.22044604925031E-16,0.));
#13030=DIRECTION('ref_axis',(-5.41942650162049E-18,-0.0244069271732599,
0.999702106582736));
#13031=DIRECTION('center_axis',(-1.,2.22044604925031E-16,0.));
#13032=DIRECTION('ref_axis',(1.94948698096575E-16,0.877970884104097,-0.478714034331008));
#13033=DIRECTION('',(-1.,2.22044604925031E-16,0.));
#13034=DIRECTION('center_axis',(-1.,2.22044604925031E-16,0.));
#13035=DIRECTION('ref_axis',(-1.92296268638356E-16,-0.866025403784439,0.5));
#13036=DIRECTION('',(1.,-2.22044604925031E-16,0.));
#13037=DIRECTION('center_axis',(-1.,2.22044604925031E-16,0.));
#13038=DIRECTION('ref_axis',(1.89529271594954E-16,0.853563956930837,-0.520988072251729));
#13039=DIRECTION('center_axis',(-1.,2.22044604925031E-16,0.));
#13040=DIRECTION('ref_axis',(-1.94948698096575E-16,-0.877970884104097,-0.478714034331008));
#13041=DIRECTION('',(1.,-2.22044604925031E-16,0.));
#13042=DIRECTION('center_axis',(-1.,2.22044604925031E-16,0.));
#13043=DIRECTION('ref_axis',(-1.89529271594954E-16,-0.853563956930837,-0.520988072251729));
#13044=DIRECTION('',(-1.,2.22044604925031E-16,0.));
#13045=DIRECTION('center_axis',(-1.,2.22044604925031E-16,0.));
#13046=DIRECTION('ref_axis',(2.22044604925031E-16,1.,0.));
#13047=DIRECTION('',(0.,-8.67361737988373E-19,1.));
#13048=DIRECTION('',(1.,6.93889390390725E-17,1.35525271552799E-20));
#13049=DIRECTION('',(0.,0.,1.));
#13050=DIRECTION('',(1.,1.57311138649954E-31,0.));
#13051=DIRECTION('',(-5.55111512353441E-17,-1.11955122880328E-16,1.));
#13052=DIRECTION('',(1.,-1.68497291639012E-16,1.11022302462518E-16));
#13053=DIRECTION('',(-6.6014418998659E-17,-1.12720856102558E-16,1.));
#13054=DIRECTION('',(2.1094237467878E-14,0.999999999999999,1.58702992357539E-16));
#13055=DIRECTION('',(-6.16297582203915E-33,0.,1.));
#13056=DIRECTION('',(1.,-4.1412800339788E-33,0.));
#13057=DIRECTION('',(-6.16297582203915E-33,0.,1.));
#13058=DIRECTION('',(1.,-4.1412800339788E-33,0.));
#13059=DIRECTION('',(-4.35852254283416E-17,-7.2129155225381E-15,1.));
#13060=DIRECTION('',(-1.,-1.11022302462512E-16,-1.22464658788743E-16));
#13061=CARTESIAN_POINT('',(0.,0.,0.));
#13062=CARTESIAN_POINT('',(0.,0.,0.));
#13063=CARTESIAN_POINT('',(0.,0.,0.));
#13064=CARTESIAN_POINT('',(0.,0.,0.));
#13065=CARTESIAN_POINT('',(0.,0.,0.));
#13066=CARTESIAN_POINT('',(0.,0.,0.));
#13067=CARTESIAN_POINT('',(0.,0.,0.));
#13068=CARTESIAN_POINT('',(0.,0.,0.));
#13069=CARTESIAN_POINT('Origin',(34.,332.597952165355,49.5102925060488));
#13070=CARTESIAN_POINT('',(29.,329.897952165355,49.5102925060488));
#13071=CARTESIAN_POINT('Origin',(29.,332.597952165355,49.5102925060488));
#13072=CARTESIAN_POINT('',(34.,329.897952165355,49.5102925060488));
#13073=CARTESIAN_POINT('',(34.,329.897952165355,49.5102925060488));
#13074=CARTESIAN_POINT('Origin',(34.,332.597952165355,49.5102925060488));
#13075=CARTESIAN_POINT('Origin',(34.,332.11515587411,54.1037923780956));
#13076=CARTESIAN_POINT('',(34.,336.334641601205,52.2251562951428));
#13077=CARTESIAN_POINT('',(34.,332.11515587411,54.1037923780956));
#13078=CARTESIAN_POINT('',(34.,336.334641601205,52.2251562951428));
#13079=CARTESIAN_POINT('',(29.,336.334641601205,52.2251562951428));
#13080=CARTESIAN_POINT('',(34.,336.334641601205,52.2251562951428));
#13081=CARTESIAN_POINT('',(29.,332.11515587411,54.1037923780956));
#13082=CARTESIAN_POINT('',(29.,336.334641601205,52.2251562951428));
#13083=CARTESIAN_POINT('',(34.,332.11515587411,54.1037923780956));
#13084=CARTESIAN_POINT('Origin',(34.,328.378466438259,51.3889285890016));
#13085=CARTESIAN_POINT('',(34.,328.378466438259,51.3889285890016));
#13086=CARTESIAN_POINT('',(34.,332.11515587411,54.1037923780956));
#13087=CARTESIAN_POINT('',(29.,328.378466438259,51.3889285890016));
#13088=CARTESIAN_POINT('',(29.,332.11515587411,54.1037923780956));
#13089=CARTESIAN_POINT('',(34.,328.378466438259,51.3889285890016));
#13090=CARTESIAN_POINT('Origin',(34.,328.861262729504,46.7954287169547));
#13091=CARTESIAN_POINT('',(34.,328.861262729504,46.7954287169547));
#13092=CARTESIAN_POINT('',(34.,328.378466438259,51.3889285890016));
#13093=CARTESIAN_POINT('',(29.,328.861262729504,46.7954287169547));
#13094=CARTESIAN_POINT('',(29.,328.378466438259,51.3889285890016));
#13095=CARTESIAN_POINT('',(34.,328.861262729504,46.7954287169547));
#13096=CARTESIAN_POINT('Origin',(34.,333.080748456599,44.9167926340019));
#13097=CARTESIAN_POINT('',(34.,333.080748456599,44.9167926340019));
#13098=CARTESIAN_POINT('',(34.,328.861262729504,46.7954287169547));
#13099=CARTESIAN_POINT('',(29.,333.080748456599,44.9167926340019));
#13100=CARTESIAN_POINT('',(29.,328.861262729504,46.7954287169547));
#13101=CARTESIAN_POINT('',(34.,333.080748456599,44.9167926340019));
#13102=CARTESIAN_POINT('Origin',(34.,336.81743789245,47.6316564230959));
#13103=CARTESIAN_POINT('',(34.,336.81743789245,47.6316564230959));
#13104=CARTESIAN_POINT('',(34.,333.080748456599,44.9167926340019));
#13105=CARTESIAN_POINT('',(29.,336.81743789245,47.6316564230959));
#13106=CARTESIAN_POINT('',(29.,333.080748456599,44.9167926340019));
#13107=CARTESIAN_POINT('',(34.,336.81743789245,47.6316564230959));
#13108=CARTESIAN_POINT('Origin',(34.,336.334641601205,52.2251562951428));
#13109=CARTESIAN_POINT('',(34.,336.81743789245,47.6316564230959));
#13110=CARTESIAN_POINT('',(29.,336.81743789245,47.6316564230959));
#13111=CARTESIAN_POINT('Origin',(34.,332.597952165355,49.5102925060488));
#13112=CARTESIAN_POINT('Origin',(29.,332.597952165355,49.5102925060488));
#13113=CARTESIAN_POINT('Origin',(34.,318.772213321356,6.95904367659029));
#13114=CARTESIAN_POINT('',(29.,316.072213321356,6.95904367659029));
#13115=CARTESIAN_POINT('Origin',(29.,318.772213321356,6.95904367659029));
#13116=CARTESIAN_POINT('',(34.,316.072213321356,6.95904367659029));
#13117=CARTESIAN_POINT('',(34.,316.072213321356,6.95904367659029));
#13118=CARTESIAN_POINT('Origin',(34.,318.772213321356,6.95904367659029));
#13119=CARTESIAN_POINT('Origin',(34.,321.862795206991,10.3914825968803));
#13120=CARTESIAN_POINT('',(34.,323.290083566083,5.99874071129985));
#13121=CARTESIAN_POINT('',(34.,321.862795206991,10.3914825968803));
#13122=CARTESIAN_POINT('',(34.,323.290083566083,5.99874071129985));
#13123=CARTESIAN_POINT('',(29.,323.290083566083,5.99874071129985));
#13124=CARTESIAN_POINT('',(34.,323.290083566083,5.99874071129985));
#13125=CARTESIAN_POINT('',(29.,321.862795206991,10.3914825968803));
#13126=CARTESIAN_POINT('',(29.,323.290083566083,5.99874071129985));
#13127=CARTESIAN_POINT('',(34.,321.862795206991,10.3914825968803));
#13128=CARTESIAN_POINT('Origin',(34.,317.344924962264,11.3517855621707));
#13129=CARTESIAN_POINT('',(34.,317.344924962264,11.3517855621707));
#13130=CARTESIAN_POINT('',(34.,321.862795206991,10.3914825968803));
#13131=CARTESIAN_POINT('',(29.,317.344924962264,11.3517855621707));
#13132=CARTESIAN_POINT('',(29.,321.862795206991,10.3914825968803));
#13133=CARTESIAN_POINT('',(34.,317.344924962264,11.3517855621707));
#13134=CARTESIAN_POINT('Origin',(34.,314.25434307663,7.91934664188073));
#13135=CARTESIAN_POINT('',(34.,314.25434307663,7.91934664188073));
#13136=CARTESIAN_POINT('',(34.,317.344924962264,11.3517855621707));
#13137=CARTESIAN_POINT('',(29.,314.25434307663,7.91934664188073));
#13138=CARTESIAN_POINT('',(29.,317.344924962264,11.3517855621707));
#13139=CARTESIAN_POINT('',(34.,314.25434307663,7.91934664188073));
#13140=CARTESIAN_POINT('Origin',(34.,315.681631435722,3.52660475630028));
#13141=CARTESIAN_POINT('',(34.,315.681631435722,3.52660475630028));
#13142=CARTESIAN_POINT('',(34.,314.25434307663,7.91934664188073));
#13143=CARTESIAN_POINT('',(29.,315.681631435722,3.52660475630028));
#13144=CARTESIAN_POINT('',(29.,314.25434307663,7.91934664188073));
#13145=CARTESIAN_POINT('',(34.,315.681631435722,3.52660475630028));
#13146=CARTESIAN_POINT('Origin',(34.,320.199501680449,2.56630179100984));
#13147=CARTESIAN_POINT('',(34.,320.199501680449,2.56630179100984));
#13148=CARTESIAN_POINT('',(34.,315.681631435722,3.52660475630028));
#13149=CARTESIAN_POINT('',(29.,320.199501680449,2.56630179100984));
#13150=CARTESIAN_POINT('',(29.,315.681631435722,3.52660475630028));
#13151=CARTESIAN_POINT('',(34.,320.199501680449,2.56630179100984));
#13152=CARTESIAN_POINT('Origin',(34.,323.290083566083,5.99874071129985));
#13153=CARTESIAN_POINT('',(34.,320.199501680449,2.56630179100984));
#13154=CARTESIAN_POINT('',(29.,320.199501680449,2.56630179100984));
#13155=CARTESIAN_POINT('Origin',(34.,318.772213321356,6.95904367659029));
#13156=CARTESIAN_POINT('Origin',(29.,318.772213321356,6.95904367659029));
#13157=CARTESIAN_POINT('Origin',(34.,277.8992479201,-11.2387729736728));
#13158=CARTESIAN_POINT('',(29.,275.1992479201,-11.2387729736728));
#13159=CARTESIAN_POINT('Origin',(29.,277.8992479201,-11.2387729736728));
#13160=CARTESIAN_POINT('',(34.,275.1992479201,-11.2387729736728));
#13161=CARTESIAN_POINT('',(34.,275.1992479201,-11.2387729736728));
#13162=CARTESIAN_POINT('Origin',(34.,277.8992479201,-11.2387729736728));
#13163=CARTESIAN_POINT('Origin',(34.,282.518050073617,-11.2387729736729));
#13164=CARTESIAN_POINT('',(34.,280.208648996858,-15.2387729736728));
#13165=CARTESIAN_POINT('',(34.,282.518050073617,-11.2387729736729));
#13166=CARTESIAN_POINT('',(34.,280.208648996858,-15.2387729736728));
#13167=CARTESIAN_POINT('',(29.,280.208648996858,-15.2387729736728));
#13168=CARTESIAN_POINT('',(34.,280.208648996858,-15.2387729736728));
#13169=CARTESIAN_POINT('',(29.,282.518050073617,-11.2387729736729));
#13170=CARTESIAN_POINT('',(29.,280.208648996858,-15.2387729736728));
#13171=CARTESIAN_POINT('',(34.,282.518050073617,-11.2387729736729));
#13172=CARTESIAN_POINT('Origin',(34.,280.208648996858,-7.23877297367284));
#13173=CARTESIAN_POINT('',(34.,280.208648996858,-7.23877297367284));
#13174=CARTESIAN_POINT('',(34.,282.518050073617,-11.2387729736729));
#13175=CARTESIAN_POINT('',(29.,280.208648996858,-7.23877297367284));
#13176=CARTESIAN_POINT('',(29.,282.518050073617,-11.2387729736729));
#13177=CARTESIAN_POINT('',(34.,280.208648996858,-7.23877297367284));
#13178=CARTESIAN_POINT('Origin',(34.,275.589846843341,-7.23877297367284));
#13179=CARTESIAN_POINT('',(34.,275.589846843341,-7.23877297367284));
#13180=CARTESIAN_POINT('',(34.,280.208648996858,-7.23877297367284));
#13181=CARTESIAN_POINT('',(29.,275.589846843341,-7.23877297367284));
#13182=CARTESIAN_POINT('',(29.,280.208648996858,-7.23877297367284));
#13183=CARTESIAN_POINT('',(34.,275.589846843341,-7.23877297367284));
#13184=CARTESIAN_POINT('Origin',(34.,273.280445766583,-11.2387729736728));
#13185=CARTESIAN_POINT('',(34.,273.280445766583,-11.2387729736728));
#13186=CARTESIAN_POINT('',(34.,275.589846843341,-7.23877297367284));
#13187=CARTESIAN_POINT('',(29.,273.280445766583,-11.2387729736728));
#13188=CARTESIAN_POINT('',(29.,275.589846843341,-7.23877297367284));
#13189=CARTESIAN_POINT('',(34.,273.280445766583,-11.2387729736728));
#13190=CARTESIAN_POINT('Origin',(34.,275.589846843341,-15.2387729736728));
#13191=CARTESIAN_POINT('',(34.,275.589846843341,-15.2387729736728));
#13192=CARTESIAN_POINT('',(34.,273.280445766583,-11.2387729736728));
#13193=CARTESIAN_POINT('',(29.,275.589846843341,-15.2387729736728));
#13194=CARTESIAN_POINT('',(29.,273.280445766583,-11.2387729736728));
#13195=CARTESIAN_POINT('',(34.,275.589846843341,-15.2387729736728));
#13196=CARTESIAN_POINT('Origin',(34.,280.208648996858,-15.2387729736728));
#13197=CARTESIAN_POINT('',(34.,275.589846843341,-15.2387729736728));
#13198=CARTESIAN_POINT('',(29.,275.589846843341,-15.2387729736728));
#13199=CARTESIAN_POINT('Origin',(34.,277.8992479201,-11.2387729736728));
#13200=CARTESIAN_POINT('Origin',(29.,277.8992479201,-11.2387729736728));
#13201=CARTESIAN_POINT('Origin',(34.,237.026282518842,6.95904367658981));
#13202=CARTESIAN_POINT('',(29.,234.326282518843,6.95904367658981));
#13203=CARTESIAN_POINT('Origin',(29.,237.026282518842,6.95904367658981));
#13204=CARTESIAN_POINT('',(34.,234.326282518843,6.95904367658981));
#13205=CARTESIAN_POINT('',(34.,234.326282518843,6.95904367658981));
#13206=CARTESIAN_POINT('Origin',(34.,237.026282518842,6.95904367658981));
#13207=CARTESIAN_POINT('Origin',(34.,240.116864404477,3.52660475629976));
#13208=CARTESIAN_POINT('',(34.,235.59899415975,2.56630179100938));
#13209=CARTESIAN_POINT('',(34.,240.116864404477,3.52660475629976));
#13210=CARTESIAN_POINT('',(34.,235.59899415975,2.56630179100938));
#13211=CARTESIAN_POINT('',(29.,235.59899415975,2.56630179100938));
#13212=CARTESIAN_POINT('',(34.,235.59899415975,2.56630179100938));
#13213=CARTESIAN_POINT('',(29.,240.116864404477,3.52660475629976));
#13214=CARTESIAN_POINT('',(29.,235.59899415975,2.56630179100938));
#13215=CARTESIAN_POINT('',(34.,240.116864404477,3.52660475629976));
#13216=CARTESIAN_POINT('Origin',(34.,241.544152763569,7.91934664188021));
#13217=CARTESIAN_POINT('',(34.,241.544152763569,7.91934664188021));
#13218=CARTESIAN_POINT('',(34.,240.116864404477,3.52660475629976));
#13219=CARTESIAN_POINT('',(29.,241.544152763569,7.91934664188021));
#13220=CARTESIAN_POINT('',(29.,240.116864404477,3.52660475629976));
#13221=CARTESIAN_POINT('',(34.,241.544152763569,7.91934664188021));
#13222=CARTESIAN_POINT('Origin',(34.,238.453570877935,11.3517855621702));
#13223=CARTESIAN_POINT('',(34.,238.453570877935,11.3517855621702));
#13224=CARTESIAN_POINT('',(34.,241.544152763569,7.91934664188021));
#13225=CARTESIAN_POINT('',(29.,238.453570877935,11.3517855621702));
#13226=CARTESIAN_POINT('',(29.,241.544152763569,7.91934664188021));
#13227=CARTESIAN_POINT('',(34.,238.453570877935,11.3517855621702));
#13228=CARTESIAN_POINT('Origin',(34.,233.935700633208,10.3914825968798));
#13229=CARTESIAN_POINT('',(34.,233.935700633208,10.3914825968798));
#13230=CARTESIAN_POINT('',(34.,238.453570877935,11.3517855621702));
#13231=CARTESIAN_POINT('',(29.,233.935700633208,10.3914825968798));
#13232=CARTESIAN_POINT('',(29.,238.453570877935,11.3517855621702));
#13233=CARTESIAN_POINT('',(34.,233.935700633208,10.3914825968798));
#13234=CARTESIAN_POINT('Origin',(34.,232.508412274116,5.99874071129943));
#13235=CARTESIAN_POINT('',(34.,232.508412274116,5.99874071129943));
#13236=CARTESIAN_POINT('',(34.,233.935700633208,10.3914825968798));
#13237=CARTESIAN_POINT('',(29.,232.508412274116,5.99874071129943));
#13238=CARTESIAN_POINT('',(29.,233.935700633208,10.3914825968798));
#13239=CARTESIAN_POINT('',(34.,232.508412274116,5.99874071129943));
#13240=CARTESIAN_POINT('Origin',(34.,235.59899415975,2.56630179100938));
#13241=CARTESIAN_POINT('',(34.,232.508412274116,5.99874071129943));
#13242=CARTESIAN_POINT('',(29.,232.508412274116,5.99874071129943));
#13243=CARTESIAN_POINT('Origin',(34.,237.026282518842,6.9590436765898));
#13244=CARTESIAN_POINT('Origin',(29.,237.026282518842,6.9590436765898));
#13245=CARTESIAN_POINT('Origin',(34.,223.200543674844,49.5102925060481));
#13246=CARTESIAN_POINT('',(29.,220.500543674844,49.5102925060481));
#13247=CARTESIAN_POINT('Origin',(29.,223.200543674844,49.5102925060481));
#13248=CARTESIAN_POINT('',(34.,220.500543674844,49.5102925060481));
#13249=CARTESIAN_POINT('',(34.,220.500543674844,49.5102925060481));
#13250=CARTESIAN_POINT('Origin',(34.,223.200543674844,49.5102925060481));
#13251=CARTESIAN_POINT('Origin',(34.,222.717747383599,44.9167926340013));
#13252=CARTESIAN_POINT('',(34.,218.981057947748,47.6316564230953));
#13253=CARTESIAN_POINT('',(34.,222.717747383599,44.9167926340013));
#13254=CARTESIAN_POINT('',(34.,218.981057947748,47.6316564230953));
#13255=CARTESIAN_POINT('',(29.,218.981057947748,47.6316564230953));
#13256=CARTESIAN_POINT('',(34.,218.981057947748,47.6316564230953));
#13257=CARTESIAN_POINT('',(29.,222.717747383599,44.9167926340013));
#13258=CARTESIAN_POINT('',(29.,218.981057947748,47.6316564230953));
#13259=CARTESIAN_POINT('',(34.,222.717747383599,44.9167926340013));
#13260=CARTESIAN_POINT('Origin',(34.,226.937233110695,46.7954287169541));
#13261=CARTESIAN_POINT('',(34.,226.937233110695,46.7954287169541));
#13262=CARTESIAN_POINT('',(34.,222.717747383599,44.9167926340013));
#13263=CARTESIAN_POINT('',(29.,226.937233110695,46.7954287169541));
#13264=CARTESIAN_POINT('',(29.,222.717747383599,44.9167926340013));
#13265=CARTESIAN_POINT('',(34.,226.937233110695,46.7954287169541));
#13266=CARTESIAN_POINT('Origin',(34.,227.420029401939,51.3889285890009));
#13267=CARTESIAN_POINT('',(34.,227.420029401939,51.3889285890009));
#13268=CARTESIAN_POINT('',(34.,226.937233110695,46.7954287169541));
#13269=CARTESIAN_POINT('',(29.,227.420029401939,51.3889285890009));
#13270=CARTESIAN_POINT('',(29.,226.937233110695,46.7954287169541));
#13271=CARTESIAN_POINT('',(34.,227.420029401939,51.3889285890009));
#13272=CARTESIAN_POINT('Origin',(34.,223.683339966088,54.1037923780949));
#13273=CARTESIAN_POINT('',(34.,223.683339966088,54.1037923780949));
#13274=CARTESIAN_POINT('',(34.,227.420029401939,51.3889285890009));
#13275=CARTESIAN_POINT('',(29.,223.683339966088,54.1037923780949));
#13276=CARTESIAN_POINT('',(29.,227.420029401939,51.3889285890009));
#13277=CARTESIAN_POINT('',(34.,223.683339966088,54.1037923780949));
#13278=CARTESIAN_POINT('Origin',(34.,219.463854238993,52.2251562951422));
#13279=CARTESIAN_POINT('',(34.,219.463854238993,52.2251562951422));
#13280=CARTESIAN_POINT('',(34.,223.683339966088,54.1037923780949));
#13281=CARTESIAN_POINT('',(29.,219.463854238993,52.2251562951422));
#13282=CARTESIAN_POINT('',(29.,223.683339966088,54.1037923780949));
#13283=CARTESIAN_POINT('',(34.,219.463854238993,52.2251562951422));
#13284=CARTESIAN_POINT('Origin',(34.,218.981057947748,47.6316564230953));
#13285=CARTESIAN_POINT('',(34.,219.463854238993,52.2251562951422));
#13286=CARTESIAN_POINT('',(29.,219.463854238993,52.2251562951422));
#13287=CARTESIAN_POINT('Origin',(34.,223.200543674844,49.5102925060481));
#13288=CARTESIAN_POINT('Origin',(29.,223.200543674844,49.5102925060481));
#13289=CARTESIAN_POINT('Origin',(34.,318.772213321356,80.5634103760652));
#13290=CARTESIAN_POINT('',(29.,316.072213321356,80.5634103760652));
#13291=CARTESIAN_POINT('Origin',(29.,318.772213321356,80.5634103760652));
#13292=CARTESIAN_POINT('',(34.,316.072213321356,80.5634103760652));
#13293=CARTESIAN_POINT('',(34.,316.072213321356,80.5634103760652));
#13294=CARTESIAN_POINT('Origin',(34.,318.772213321356,80.5634103760652));
#13295=CARTESIAN_POINT('Origin',(34.,315.681631435722,83.9958492963552));
#13296=CARTESIAN_POINT('',(34.,320.199501680448,84.9561522616456));
#13297=CARTESIAN_POINT('',(34.,315.681631435722,83.9958492963552));
#13298=CARTESIAN_POINT('',(34.,320.199501680448,84.9561522616456));
#13299=CARTESIAN_POINT('',(29.,320.199501680448,84.9561522616456));
#13300=CARTESIAN_POINT('',(34.,320.199501680448,84.9561522616456));
#13301=CARTESIAN_POINT('',(29.,315.681631435722,83.9958492963552));
#13302=CARTESIAN_POINT('',(29.,320.199501680448,84.9561522616456));
#13303=CARTESIAN_POINT('',(34.,315.681631435722,83.9958492963552));
#13304=CARTESIAN_POINT('Origin',(34.,314.254343076629,79.6031074107748));
#13305=CARTESIAN_POINT('',(34.,314.254343076629,79.6031074107748));
#13306=CARTESIAN_POINT('',(34.,315.681631435722,83.9958492963552));
#13307=CARTESIAN_POINT('',(29.,314.254343076629,79.6031074107748));
#13308=CARTESIAN_POINT('',(29.,315.681631435722,83.9958492963552));
#13309=CARTESIAN_POINT('',(34.,314.254343076629,79.6031074107748));
#13310=CARTESIAN_POINT('Origin',(34.,317.344924962264,76.1706684904847));
#13311=CARTESIAN_POINT('',(34.,317.344924962264,76.1706684904847));
#13312=CARTESIAN_POINT('',(34.,314.254343076629,79.6031074107748));
#13313=CARTESIAN_POINT('',(29.,317.344924962264,76.1706684904847));
#13314=CARTESIAN_POINT('',(29.,314.254343076629,79.6031074107748));
#13315=CARTESIAN_POINT('',(34.,317.344924962264,76.1706684904847));
#13316=CARTESIAN_POINT('Origin',(34.,321.86279520699,77.1309714557751));
#13317=CARTESIAN_POINT('',(34.,321.86279520699,77.1309714557751));
#13318=CARTESIAN_POINT('',(34.,317.344924962264,76.1706684904847));
#13319=CARTESIAN_POINT('',(29.,321.86279520699,77.1309714557751));
#13320=CARTESIAN_POINT('',(29.,317.344924962264,76.1706684904847));
#13321=CARTESIAN_POINT('',(34.,321.86279520699,77.1309714557751));
#13322=CARTESIAN_POINT('Origin',(34.,323.290083566083,81.5237133413556));
#13323=CARTESIAN_POINT('',(34.,323.290083566083,81.5237133413556));
#13324=CARTESIAN_POINT('',(34.,321.86279520699,77.1309714557751));
#13325=CARTESIAN_POINT('',(29.,323.290083566083,81.5237133413556));
#13326=CARTESIAN_POINT('',(29.,321.86279520699,77.1309714557751));
#13327=CARTESIAN_POINT('',(34.,323.290083566083,81.5237133413556));
#13328=CARTESIAN_POINT('Origin',(34.,320.199501680448,84.9561522616456));
#13329=CARTESIAN_POINT('',(34.,323.290083566083,81.5237133413556));
#13330=CARTESIAN_POINT('',(29.,323.290083566083,81.5237133413556));
#13331=CARTESIAN_POINT('Origin',(34.,318.772213321356,80.5634103760652));
#13332=CARTESIAN_POINT('Origin',(29.,318.772213321356,80.5634103760652));
#13333=CARTESIAN_POINT('Origin',(34.,245.571059044013,88.2571617169497));
#13334=CARTESIAN_POINT('',(29.,242.871059044013,88.2571617169497));
#13335=CARTESIAN_POINT('Origin',(29.,245.571059044013,88.2571617169497));
#13336=CARTESIAN_POINT('',(34.,242.871059044013,88.2571617169497));
#13337=CARTESIAN_POINT('',(34.,242.871059044013,88.2571617169497));
#13338=CARTESIAN_POINT('Origin',(34.,245.571059044013,88.2571617169497));
#13339=CARTESIAN_POINT('Origin',(34.,241.834369608162,85.5422979278557));
#13340=CARTESIAN_POINT('',(34.,241.351573316917,90.1357977999024));
#13341=CARTESIAN_POINT('',(34.,241.834369608162,85.5422979278557));
#13342=CARTESIAN_POINT('',(34.,241.351573316917,90.1357977999024));
#13343=CARTESIAN_POINT('',(29.,241.351573316917,90.1357977999024));
#13344=CARTESIAN_POINT('',(34.,241.351573316917,90.1357977999024));
#13345=CARTESIAN_POINT('',(29.,241.834369608162,85.5422979278557));
#13346=CARTESIAN_POINT('',(29.,241.351573316917,90.1357977999024));
#13347=CARTESIAN_POINT('',(34.,241.834369608162,85.5422979278557));
#13348=CARTESIAN_POINT('Origin',(34.,246.053855335257,83.6636618449029));
#13349=CARTESIAN_POINT('',(34.,246.053855335257,83.6636618449029));
#13350=CARTESIAN_POINT('',(34.,241.834369608162,85.5422979278557));
#13351=CARTESIAN_POINT('',(29.,246.053855335257,83.6636618449029));
#13352=CARTESIAN_POINT('',(29.,241.834369608162,85.5422979278557));
#13353=CARTESIAN_POINT('',(34.,246.053855335257,83.6636618449029));
#13354=CARTESIAN_POINT('Origin',(34.,249.790544771108,86.3785256339969));
#13355=CARTESIAN_POINT('',(34.,249.790544771108,86.3785256339969));
#13356=CARTESIAN_POINT('',(34.,246.053855335257,83.6636618449029));
#13357=CARTESIAN_POINT('',(29.,249.790544771108,86.3785256339969));
#13358=CARTESIAN_POINT('',(29.,246.053855335257,83.6636618449029));
#13359=CARTESIAN_POINT('',(34.,249.790544771108,86.3785256339969));
#13360=CARTESIAN_POINT('Origin',(34.,249.307748479864,90.9720255060437));
#13361=CARTESIAN_POINT('',(34.,249.307748479864,90.9720255060437));
#13362=CARTESIAN_POINT('',(34.,249.790544771108,86.3785256339969));
#13363=CARTESIAN_POINT('',(29.,249.307748479864,90.9720255060437));
#13364=CARTESIAN_POINT('',(29.,249.790544771108,86.3785256339969));
#13365=CARTESIAN_POINT('',(34.,249.307748479864,90.9720255060437));
#13366=CARTESIAN_POINT('Origin',(34.,245.088262752768,92.8506615889964));
#13367=CARTESIAN_POINT('',(34.,245.088262752768,92.8506615889964));
#13368=CARTESIAN_POINT('',(34.,249.307748479864,90.9720255060437));
#13369=CARTESIAN_POINT('',(29.,245.088262752768,92.8506615889964));
#13370=CARTESIAN_POINT('',(29.,249.307748479864,90.9720255060437));
#13371=CARTESIAN_POINT('',(34.,245.088262752768,92.8506615889964));
#13372=CARTESIAN_POINT('Origin',(34.,241.351573316917,90.1357977999024));
#13373=CARTESIAN_POINT('',(34.,245.088262752768,92.8506615889964));
#13374=CARTESIAN_POINT('',(29.,245.088262752768,92.8506615889964));
#13375=CARTESIAN_POINT('Origin',(34.,245.571059044013,88.2571617169497));
#13376=CARTESIAN_POINT('Origin',(29.,245.571059044013,88.2571617169497));
#13377=CARTESIAN_POINT('Origin',(34.,266.464104925122,97.5593450666871));
#13378=CARTESIAN_POINT('',(29.,263.764104925122,97.5593450666871));
#13379=CARTESIAN_POINT('Origin',(29.,266.464104925122,97.5593450666871));
#13380=CARTESIAN_POINT('',(34.,263.764104925122,97.5593450666871));
#13381=CARTESIAN_POINT('',(34.,263.764104925122,97.5593450666871));
#13382=CARTESIAN_POINT('Origin',(34.,266.464104925122,97.5593450666871));
#13383=CARTESIAN_POINT('Origin',(34.,261.946234680395,96.5990421013967));
#13384=CARTESIAN_POINT('',(34.,263.373523039488,100.991783986977));
#13385=CARTESIAN_POINT('',(34.,261.946234680395,96.5990421013967));
#13386=CARTESIAN_POINT('',(34.,263.373523039488,100.991783986977));
#13387=CARTESIAN_POINT('',(29.,263.373523039488,100.991783986977));
#13388=CARTESIAN_POINT('',(34.,263.373523039488,100.991783986977));
#13389=CARTESIAN_POINT('',(29.,261.946234680395,96.5990421013967));
#13390=CARTESIAN_POINT('',(29.,263.373523039488,100.991783986977));
#13391=CARTESIAN_POINT('',(34.,261.946234680395,96.5990421013967));
#13392=CARTESIAN_POINT('Origin',(34.,265.03681656603,93.1666031811067));
#13393=CARTESIAN_POINT('',(34.,265.03681656603,93.1666031811067));
#13394=CARTESIAN_POINT('',(34.,261.946234680395,96.5990421013967));
#13395=CARTESIAN_POINT('',(29.,265.03681656603,93.1666031811067));
#13396=CARTESIAN_POINT('',(29.,261.946234680395,96.5990421013967));
#13397=CARTESIAN_POINT('',(34.,265.03681656603,93.1666031811067));
#13398=CARTESIAN_POINT('Origin',(34.,269.554686810756,94.1269061463971));
#13399=CARTESIAN_POINT('',(34.,269.554686810756,94.1269061463971));
#13400=CARTESIAN_POINT('',(34.,265.03681656603,93.1666031811067));
#13401=CARTESIAN_POINT('',(29.,269.554686810756,94.1269061463971));
#13402=CARTESIAN_POINT('',(29.,265.03681656603,93.1666031811067));
#13403=CARTESIAN_POINT('',(34.,269.554686810756,94.1269061463971));
#13404=CARTESIAN_POINT('Origin',(34.,270.981975169849,98.5196480319775));
#13405=CARTESIAN_POINT('',(34.,270.981975169849,98.5196480319775));
#13406=CARTESIAN_POINT('',(34.,269.554686810756,94.1269061463971));
#13407=CARTESIAN_POINT('',(29.,270.981975169849,98.5196480319775));
#13408=CARTESIAN_POINT('',(29.,269.554686810756,94.1269061463971));
#13409=CARTESIAN_POINT('',(34.,270.981975169849,98.5196480319775));
#13410=CARTESIAN_POINT('Origin',(34.,267.891393284214,101.952086952268));
#13411=CARTESIAN_POINT('',(34.,267.891393284214,101.952086952268));
#13412=CARTESIAN_POINT('',(34.,270.981975169849,98.5196480319775));
#13413=CARTESIAN_POINT('',(29.,267.891393284214,101.952086952268));
#13414=CARTESIAN_POINT('',(29.,270.981975169849,98.5196480319775));
#13415=CARTESIAN_POINT('',(34.,267.891393284214,101.952086952268));
#13416=CARTESIAN_POINT('Origin',(34.,263.373523039488,100.991783986977));
#13417=CARTESIAN_POINT('',(34.,267.891393284214,101.952086952268));
#13418=CARTESIAN_POINT('',(29.,267.891393284214,101.952086952268));
#13419=CARTESIAN_POINT('Origin',(34.,266.464104925122,97.5593450666871));
#13420=CARTESIAN_POINT('Origin',(29.,266.464104925122,97.5593450666871));
#13421=CARTESIAN_POINT('Origin',(34.,289.334390915076,97.5593450666872));
#13422=CARTESIAN_POINT('',(29.,286.634390915076,97.5593450666872));
#13423=CARTESIAN_POINT('Origin',(29.,289.334390915076,97.5593450666872));
#13424=CARTESIAN_POINT('',(34.,286.634390915076,97.5593450666872));
#13425=CARTESIAN_POINT('',(34.,286.634390915076,97.5593450666872));
#13426=CARTESIAN_POINT('Origin',(34.,289.334390915076,97.5593450666872));
#13427=CARTESIAN_POINT('Origin',(34.,284.816520670349,98.5196480319777));
#13428=CARTESIAN_POINT('',(34.,287.907102555983,101.952086952268));
#13429=CARTESIAN_POINT('',(34.,284.816520670349,98.5196480319777));
#13430=CARTESIAN_POINT('',(34.,287.907102555983,101.952086952268));
#13431=CARTESIAN_POINT('',(29.,287.907102555983,101.952086952268));
#13432=CARTESIAN_POINT('',(34.,287.907102555983,101.952086952268));
#13433=CARTESIAN_POINT('',(29.,284.816520670349,98.5196480319777));
#13434=CARTESIAN_POINT('',(29.,287.907102555983,101.952086952268));
#13435=CARTESIAN_POINT('',(34.,284.816520670349,98.5196480319777));
#13436=CARTESIAN_POINT('Origin',(34.,286.243809029441,94.1269061463972));
#13437=CARTESIAN_POINT('',(34.,286.243809029441,94.1269061463972));
#13438=CARTESIAN_POINT('',(34.,284.816520670349,98.5196480319777));
#13439=CARTESIAN_POINT('',(29.,286.243809029441,94.1269061463972));
#13440=CARTESIAN_POINT('',(29.,284.816520670349,98.5196480319777));
#13441=CARTESIAN_POINT('',(34.,286.243809029441,94.1269061463972));
#13442=CARTESIAN_POINT('Origin',(34.,290.761679274168,93.1666031811068));
#13443=CARTESIAN_POINT('',(34.,290.761679274168,93.1666031811068));
#13444=CARTESIAN_POINT('',(34.,286.243809029441,94.1269061463972));
#13445=CARTESIAN_POINT('',(29.,290.761679274168,93.1666031811068));
#13446=CARTESIAN_POINT('',(29.,286.243809029441,94.1269061463972));
#13447=CARTESIAN_POINT('',(34.,290.761679274168,93.1666031811068));
#13448=CARTESIAN_POINT('Origin',(34.,293.852261159803,96.5990421013967));
#13449=CARTESIAN_POINT('',(34.,293.852261159803,96.5990421013967));
#13450=CARTESIAN_POINT('',(34.,290.761679274168,93.1666031811068));
#13451=CARTESIAN_POINT('',(29.,293.852261159803,96.5990421013967));
#13452=CARTESIAN_POINT('',(29.,290.761679274168,93.1666031811068));
#13453=CARTESIAN_POINT('',(34.,293.852261159803,96.5990421013967));
#13454=CARTESIAN_POINT('Origin',(34.,292.42497280071,100.991783986977));
#13455=CARTESIAN_POINT('',(34.,292.42497280071,100.991783986977));
#13456=CARTESIAN_POINT('',(34.,293.852261159803,96.5990421013967));
#13457=CARTESIAN_POINT('',(29.,292.42497280071,100.991783986977));
#13458=CARTESIAN_POINT('',(29.,293.852261159803,96.5990421013967));
#13459=CARTESIAN_POINT('',(34.,292.42497280071,100.991783986977));
#13460=CARTESIAN_POINT('Origin',(34.,287.907102555983,101.952086952268));
#13461=CARTESIAN_POINT('',(34.,292.42497280071,100.991783986977));
#13462=CARTESIAN_POINT('',(29.,292.42497280071,100.991783986977));
#13463=CARTESIAN_POINT('Origin',(34.,289.334390915076,97.5593450666872));
#13464=CARTESIAN_POINT('Origin',(29.,289.334390915076,97.5593450666872));
#13465=CARTESIAN_POINT('Origin',(34.,237.026282518842,80.5634103760647));
#13466=CARTESIAN_POINT('',(29.,234.326282518842,80.5634103760647));
#13467=CARTESIAN_POINT('Origin',(29.,237.026282518842,80.5634103760647));
#13468=CARTESIAN_POINT('',(34.,234.326282518842,80.5634103760647));
#13469=CARTESIAN_POINT('',(34.,234.326282518842,80.5634103760647));
#13470=CARTESIAN_POINT('Origin',(34.,237.026282518842,80.5634103760647));
#13471=CARTESIAN_POINT('Origin',(34.,233.935700633208,77.1309714557746));
#13472=CARTESIAN_POINT('',(34.,232.508412274115,81.5237133413551));
#13473=CARTESIAN_POINT('',(34.,233.935700633208,77.1309714557746));
#13474=CARTESIAN_POINT('',(34.,232.508412274115,81.5237133413551));
#13475=CARTESIAN_POINT('',(29.,232.508412274115,81.5237133413551));
#13476=CARTESIAN_POINT('',(34.,232.508412274115,81.5237133413551));
#13477=CARTESIAN_POINT('',(29.,233.935700633208,77.1309714557746));
#13478=CARTESIAN_POINT('',(29.,232.508412274115,81.5237133413551));
#13479=CARTESIAN_POINT('',(34.,233.935700633208,77.1309714557746));
#13480=CARTESIAN_POINT('Origin',(34.,238.453570877934,76.1706684904842));
#13481=CARTESIAN_POINT('',(34.,238.453570877934,76.1706684904842));
#13482=CARTESIAN_POINT('',(34.,233.935700633208,77.1309714557746));
#13483=CARTESIAN_POINT('',(29.,238.453570877934,76.1706684904842));
#13484=CARTESIAN_POINT('',(29.,233.935700633208,77.1309714557746));
#13485=CARTESIAN_POINT('',(34.,238.453570877934,76.1706684904842));
#13486=CARTESIAN_POINT('Origin',(34.,241.544152763569,79.6031074107742));
#13487=CARTESIAN_POINT('',(34.,241.544152763569,79.6031074107742));
#13488=CARTESIAN_POINT('',(34.,238.453570877934,76.1706684904842));
#13489=CARTESIAN_POINT('',(29.,241.544152763569,79.6031074107742));
#13490=CARTESIAN_POINT('',(29.,238.453570877934,76.1706684904842));
#13491=CARTESIAN_POINT('',(34.,241.544152763569,79.6031074107742));
#13492=CARTESIAN_POINT('Origin',(34.,240.116864404476,83.9958492963547));
#13493=CARTESIAN_POINT('',(34.,240.116864404476,83.9958492963547));
#13494=CARTESIAN_POINT('',(34.,241.544152763569,79.6031074107742));
#13495=CARTESIAN_POINT('',(29.,240.116864404476,83.9958492963547));
#13496=CARTESIAN_POINT('',(29.,241.544152763569,79.6031074107742));
#13497=CARTESIAN_POINT('',(34.,240.116864404476,83.9958492963547));
#13498=CARTESIAN_POINT('Origin',(34.,235.59899415975,84.9561522616451));
#13499=CARTESIAN_POINT('',(34.,235.59899415975,84.9561522616451));
#13500=CARTESIAN_POINT('',(34.,240.116864404476,83.9958492963547));
#13501=CARTESIAN_POINT('',(29.,235.59899415975,84.9561522616451));
#13502=CARTESIAN_POINT('',(29.,240.116864404476,83.9958492963547));
#13503=CARTESIAN_POINT('',(34.,235.59899415975,84.9561522616451));
#13504=CARTESIAN_POINT('Origin',(34.,232.508412274115,81.5237133413551));
#13505=CARTESIAN_POINT('',(34.,235.59899415975,84.9561522616451));
#13506=CARTESIAN_POINT('',(29.,235.59899415975,84.9561522616451));
#13507=CARTESIAN_POINT('Origin',(34.,237.026282518842,80.5634103760647));
#13508=CARTESIAN_POINT('Origin',(29.,237.026282518842,80.5634103760647));
#13509=CARTESIAN_POINT('Origin',(34.,223.200543674844,38.0121615466062));
#13510=CARTESIAN_POINT('',(29.,220.500543674844,38.0121615466062));
#13511=CARTESIAN_POINT('Origin',(29.,223.200543674844,38.0121615466062));
#13512=CARTESIAN_POINT('',(34.,220.500543674844,38.0121615466062));
#13513=CARTESIAN_POINT('',(34.,220.500543674844,38.0121615466062));
#13514=CARTESIAN_POINT('Origin',(34.,223.200543674844,38.0121615466062));
#13515=CARTESIAN_POINT('Origin',(34.,223.683339966088,33.4186616745594));
#13516=CARTESIAN_POINT('',(34.,219.463854238993,35.2972977575122));
#13517=CARTESIAN_POINT('',(34.,223.683339966088,33.4186616745594));
#13518=CARTESIAN_POINT('',(34.,219.463854238993,35.2972977575122));
#13519=CARTESIAN_POINT('',(29.,219.463854238993,35.2972977575122));
#13520=CARTESIAN_POINT('',(34.,219.463854238993,35.2972977575122));
#13521=CARTESIAN_POINT('',(29.,223.683339966088,33.4186616745594));
#13522=CARTESIAN_POINT('',(29.,219.463854238993,35.2972977575122));
#13523=CARTESIAN_POINT('',(34.,223.683339966088,33.4186616745594));
#13524=CARTESIAN_POINT('Origin',(34.,227.420029401939,36.1335254636534));
#13525=CARTESIAN_POINT('',(34.,227.420029401939,36.1335254636534));
#13526=CARTESIAN_POINT('',(34.,223.683339966088,33.4186616745594));
#13527=CARTESIAN_POINT('',(29.,227.420029401939,36.1335254636534));
#13528=CARTESIAN_POINT('',(29.,223.683339966088,33.4186616745594));
#13529=CARTESIAN_POINT('',(34.,227.420029401939,36.1335254636534));
#13530=CARTESIAN_POINT('Origin',(34.,226.937233110695,40.7270253357002));
#13531=CARTESIAN_POINT('',(34.,226.937233110695,40.7270253357002));
#13532=CARTESIAN_POINT('',(34.,227.420029401939,36.1335254636534));
#13533=CARTESIAN_POINT('',(29.,226.937233110695,40.7270253357002));
#13534=CARTESIAN_POINT('',(29.,227.420029401939,36.1335254636534));
#13535=CARTESIAN_POINT('',(34.,226.937233110695,40.7270253357002));
#13536=CARTESIAN_POINT('Origin',(34.,222.717747383599,42.605661418653));
#13537=CARTESIAN_POINT('',(34.,222.717747383599,42.605661418653));
#13538=CARTESIAN_POINT('',(34.,226.937233110695,40.7270253357002));
#13539=CARTESIAN_POINT('',(29.,222.717747383599,42.605661418653));
#13540=CARTESIAN_POINT('',(29.,226.937233110695,40.7270253357002));
#13541=CARTESIAN_POINT('',(34.,222.717747383599,42.605661418653));
#13542=CARTESIAN_POINT('Origin',(34.,218.981057947749,39.890797629559));
#13543=CARTESIAN_POINT('',(34.,218.981057947749,39.890797629559));
#13544=CARTESIAN_POINT('',(34.,222.717747383599,42.605661418653));
#13545=CARTESIAN_POINT('',(29.,218.981057947749,39.890797629559));
#13546=CARTESIAN_POINT('',(29.,222.717747383599,42.605661418653));
#13547=CARTESIAN_POINT('',(34.,218.981057947749,39.890797629559));
#13548=CARTESIAN_POINT('Origin',(34.,219.463854238993,35.2972977575122));
#13549=CARTESIAN_POINT('',(34.,218.981057947749,39.890797629559));
#13550=CARTESIAN_POINT('',(29.,218.981057947749,39.890797629559));
#13551=CARTESIAN_POINT('Origin',(34.,223.200543674844,38.0121615466062));
#13552=CARTESIAN_POINT('Origin',(29.,223.200543674844,38.0121615466062));
#13553=CARTESIAN_POINT('Origin',(34.,245.571059044013,-0.734707664295069));
#13554=CARTESIAN_POINT('',(29.,242.871059044013,-0.734707664295069));
#13555=CARTESIAN_POINT('Origin',(29.,245.571059044013,-0.734707664295069));
#13556=CARTESIAN_POINT('',(34.,242.871059044013,-0.734707664295069));
#13557=CARTESIAN_POINT('',(34.,242.871059044013,-0.734707664295069));
#13558=CARTESIAN_POINT('Origin',(34.,245.571059044013,-0.734707664295069));
#13559=CARTESIAN_POINT('Origin',(34.,249.307748479864,-3.44957145338912));
#13560=CARTESIAN_POINT('',(34.,245.088262752769,-5.32820753634185));
#13561=CARTESIAN_POINT('',(34.,249.307748479864,-3.44957145338912));
#13562=CARTESIAN_POINT('',(34.,245.088262752769,-5.32820753634185));
#13563=CARTESIAN_POINT('',(29.,245.088262752769,-5.32820753634185));
#13564=CARTESIAN_POINT('',(34.,245.088262752769,-5.32820753634185));
#13565=CARTESIAN_POINT('',(29.,249.307748479864,-3.44957145338912));
#13566=CARTESIAN_POINT('',(29.,245.088262752769,-5.32820753634185));
#13567=CARTESIAN_POINT('',(34.,249.307748479864,-3.44957145338912));
#13568=CARTESIAN_POINT('Origin',(34.,249.790544771109,1.14392841865767));
#13569=CARTESIAN_POINT('',(34.,249.790544771109,1.14392841865767));
#13570=CARTESIAN_POINT('',(34.,249.307748479864,-3.44957145338912));
#13571=CARTESIAN_POINT('',(29.,249.790544771109,1.14392841865767));
#13572=CARTESIAN_POINT('',(29.,249.307748479864,-3.44957145338912));
#13573=CARTESIAN_POINT('',(34.,249.790544771109,1.14392841865767));
#13574=CARTESIAN_POINT('Origin',(34.,246.053855335258,3.85879220775172));
#13575=CARTESIAN_POINT('',(34.,246.053855335258,3.85879220775172));
#13576=CARTESIAN_POINT('',(34.,249.790544771109,1.14392841865767));
#13577=CARTESIAN_POINT('',(29.,246.053855335258,3.85879220775172));
#13578=CARTESIAN_POINT('',(29.,249.790544771109,1.14392841865767));
#13579=CARTESIAN_POINT('',(34.,246.053855335258,3.85879220775172));
#13580=CARTESIAN_POINT('Origin',(34.,241.834369608162,1.98015612479898));
#13581=CARTESIAN_POINT('',(34.,241.834369608162,1.98015612479898));
#13582=CARTESIAN_POINT('',(34.,246.053855335258,3.85879220775172));
#13583=CARTESIAN_POINT('',(29.,241.834369608162,1.98015612479898));
#13584=CARTESIAN_POINT('',(29.,246.053855335258,3.85879220775172));
#13585=CARTESIAN_POINT('',(34.,241.834369608162,1.98015612479898));
#13586=CARTESIAN_POINT('Origin',(34.,241.351573316918,-2.61334374724784));
#13587=CARTESIAN_POINT('',(34.,241.351573316918,-2.61334374724784));
#13588=CARTESIAN_POINT('',(34.,241.834369608162,1.98015612479898));
#13589=CARTESIAN_POINT('',(29.,241.351573316918,-2.61334374724784));
#13590=CARTESIAN_POINT('',(29.,241.834369608162,1.98015612479898));
#13591=CARTESIAN_POINT('',(34.,241.351573316918,-2.61334374724784));
#13592=CARTESIAN_POINT('Origin',(34.,245.088262752769,-5.32820753634185));
#13593=CARTESIAN_POINT('',(34.,241.351573316918,-2.61334374724784));
#13594=CARTESIAN_POINT('',(29.,241.351573316918,-2.61334374724784));
#13595=CARTESIAN_POINT('Origin',(34.,245.571059044013,-0.734707664295069));
#13596=CARTESIAN_POINT('Origin',(29.,245.571059044013,-0.734707664295069));
#13597=CARTESIAN_POINT('Origin',(34.,289.334390915076,-10.0368910140321));
#13598=CARTESIAN_POINT('',(29.,286.634390915076,-10.0368910140321));
#13599=CARTESIAN_POINT('Origin',(29.,289.334390915076,-10.0368910140321));
#13600=CARTESIAN_POINT('',(34.,286.634390915076,-10.0368910140321));
#13601=CARTESIAN_POINT('',(34.,286.634390915076,-10.0368910140321));
#13602=CARTESIAN_POINT('Origin',(34.,289.334390915076,-10.0368910140321));
#13603=CARTESIAN_POINT('Origin',(34.,293.852261159803,-9.07658804874169));
#13604=CARTESIAN_POINT('',(34.,292.424972800711,-13.4693299343221));
#13605=CARTESIAN_POINT('',(34.,293.852261159803,-9.07658804874169));
#13606=CARTESIAN_POINT('',(34.,292.424972800711,-13.4693299343221));
#13607=CARTESIAN_POINT('',(29.,292.424972800711,-13.4693299343221));
#13608=CARTESIAN_POINT('',(34.,292.424972800711,-13.4693299343221));
#13609=CARTESIAN_POINT('',(29.,293.852261159803,-9.07658804874169));
#13610=CARTESIAN_POINT('',(29.,292.424972800711,-13.4693299343221));
#13611=CARTESIAN_POINT('',(34.,293.852261159803,-9.07658804874169));
#13612=CARTESIAN_POINT('Origin',(34.,290.761679274169,-5.64414912845164));
#13613=CARTESIAN_POINT('',(34.,290.761679274169,-5.64414912845164));
#13614=CARTESIAN_POINT('',(34.,293.852261159803,-9.07658804874169));
#13615=CARTESIAN_POINT('',(29.,290.761679274169,-5.64414912845164));
#13616=CARTESIAN_POINT('',(29.,293.852261159803,-9.07658804874169));
#13617=CARTESIAN_POINT('',(34.,290.761679274169,-5.64414912845164));
#13618=CARTESIAN_POINT('Origin',(34.,286.243809029442,-6.60445209374208));
#13619=CARTESIAN_POINT('',(34.,286.243809029442,-6.60445209374208));
#13620=CARTESIAN_POINT('',(34.,290.761679274169,-5.64414912845164));
#13621=CARTESIAN_POINT('',(29.,286.243809029442,-6.60445209374208));
#13622=CARTESIAN_POINT('',(29.,290.761679274169,-5.64414912845164));
#13623=CARTESIAN_POINT('',(34.,286.243809029442,-6.60445209374208));
#13624=CARTESIAN_POINT('Origin',(34.,284.81652067035,-10.9971939793225));
#13625=CARTESIAN_POINT('',(34.,284.81652067035,-10.9971939793225));
#13626=CARTESIAN_POINT('',(34.,286.243809029442,-6.60445209374208));
#13627=CARTESIAN_POINT('',(29.,284.81652067035,-10.9971939793225));
#13628=CARTESIAN_POINT('',(29.,286.243809029442,-6.60445209374208));
#13629=CARTESIAN_POINT('',(34.,284.81652067035,-10.9971939793225));
#13630=CARTESIAN_POINT('Origin',(34.,287.907102555984,-14.4296328996125));
#13631=CARTESIAN_POINT('',(34.,287.907102555984,-14.4296328996125));
#13632=CARTESIAN_POINT('',(34.,284.81652067035,-10.9971939793225));
#13633=CARTESIAN_POINT('',(29.,287.907102555984,-14.4296328996125));
#13634=CARTESIAN_POINT('',(29.,284.81652067035,-10.9971939793225));
#13635=CARTESIAN_POINT('',(34.,287.907102555984,-14.4296328996125));
#13636=CARTESIAN_POINT('Origin',(34.,292.424972800711,-13.4693299343221));
#13637=CARTESIAN_POINT('',(34.,287.907102555984,-14.4296328996125));
#13638=CARTESIAN_POINT('',(29.,287.907102555984,-14.4296328996125));
#13639=CARTESIAN_POINT('Origin',(34.,289.334390915076,-10.0368910140321));
#13640=CARTESIAN_POINT('Origin',(29.,289.334390915076,-10.0368910140321));
#13641=CARTESIAN_POINT('Origin',(34.,325.530645128244,16.2612270263276));
#13642=CARTESIAN_POINT('',(29.,322.830645128244,16.2612270263276));
#13643=CARTESIAN_POINT('Origin',(29.,325.530645128244,16.2612270263276));
#13644=CARTESIAN_POINT('',(34.,322.830645128244,16.2612270263276));
#13645=CARTESIAN_POINT('',(34.,322.830645128244,16.2612270263276));
#13646=CARTESIAN_POINT('Origin',(34.,325.530645128244,16.2612270263276));
#13647=CARTESIAN_POINT('Origin',(34.,327.840046205002,20.2612270263276));
#13648=CARTESIAN_POINT('',(34.,330.149447281761,16.2612270263276));
#13649=CARTESIAN_POINT('',(34.,327.840046205002,20.2612270263276));
#13650=CARTESIAN_POINT('',(34.,330.149447281761,16.2612270263276));
#13651=CARTESIAN_POINT('',(29.,330.149447281761,16.2612270263276));
#13652=CARTESIAN_POINT('',(34.,330.149447281761,16.2612270263276));
#13653=CARTESIAN_POINT('',(29.,327.840046205002,20.2612270263276));
#13654=CARTESIAN_POINT('',(29.,330.149447281761,16.2612270263276));
#13655=CARTESIAN_POINT('',(34.,327.840046205002,20.2612270263276));
#13656=CARTESIAN_POINT('Origin',(34.,323.221244051485,20.2612270263276));
#13657=CARTESIAN_POINT('',(34.,323.221244051485,20.2612270263276));
#13658=CARTESIAN_POINT('',(34.,327.840046205002,20.2612270263276));
#13659=CARTESIAN_POINT('',(29.,323.221244051485,20.2612270263276));
#13660=CARTESIAN_POINT('',(29.,327.840046205002,20.2612270263276));
#13661=CARTESIAN_POINT('',(34.,323.221244051485,20.2612270263276));
#13662=CARTESIAN_POINT('Origin',(34.,320.911842974727,16.2612270263276));
#13663=CARTESIAN_POINT('',(34.,320.911842974727,16.2612270263276));
#13664=CARTESIAN_POINT('',(34.,323.221244051485,20.2612270263276));
#13665=CARTESIAN_POINT('',(29.,320.911842974727,16.2612270263276));
#13666=CARTESIAN_POINT('',(29.,323.221244051485,20.2612270263276));
#13667=CARTESIAN_POINT('',(34.,320.911842974727,16.2612270263276));
#13668=CARTESIAN_POINT('Origin',(34.,323.221244051485,12.2612270263276));
#13669=CARTESIAN_POINT('',(34.,323.221244051485,12.2612270263276));
#13670=CARTESIAN_POINT('',(34.,320.911842974727,16.2612270263276));
#13671=CARTESIAN_POINT('',(29.,323.221244051485,12.2612270263276));
#13672=CARTESIAN_POINT('',(29.,320.911842974727,16.2612270263276));
#13673=CARTESIAN_POINT('',(34.,323.221244051485,12.2612270263276));
#13674=CARTESIAN_POINT('Origin',(34.,327.840046205002,12.2612270263276));
#13675=CARTESIAN_POINT('',(34.,327.840046205002,12.2612270263276));
#13676=CARTESIAN_POINT('',(34.,323.221244051485,12.2612270263276));
#13677=CARTESIAN_POINT('',(29.,327.840046205002,12.2612270263276));
#13678=CARTESIAN_POINT('',(29.,323.221244051485,12.2612270263276));
#13679=CARTESIAN_POINT('',(34.,327.840046205002,12.2612270263276));
#13680=CARTESIAN_POINT('Origin',(34.,330.149447281761,16.2612270263276));
#13681=CARTESIAN_POINT('',(34.,327.840046205002,12.2612270263276));
#13682=CARTESIAN_POINT('',(29.,327.840046205002,12.2612270263276));
#13683=CARTESIAN_POINT('Origin',(34.,325.530645128244,16.2612270263276));
#13684=CARTESIAN_POINT('Origin',(29.,325.530645128244,16.2612270263276));
#13685=CARTESIAN_POINT('Origin',(34.,330.207356316333,60.7571617169501));
#13686=CARTESIAN_POINT('',(29.,327.507356316333,60.7571617169501));
#13687=CARTESIAN_POINT('Origin',(29.,330.207356316333,60.7571617169501));
#13688=CARTESIAN_POINT('',(34.,327.507356316333,60.7571617169501));
#13689=CARTESIAN_POINT('',(34.,327.507356316333,60.7571617169501));
#13690=CARTESIAN_POINT('Origin',(34.,330.207356316333,60.7571617169501));
#13691=CARTESIAN_POINT('Origin',(34.,328.78006795724,65.1499036025305));
#13692=CARTESIAN_POINT('',(34.,333.297938201967,64.1896006372401));
#13693=CARTESIAN_POINT('',(34.,328.78006795724,65.1499036025305));
#13694=CARTESIAN_POINT('',(34.,333.297938201967,64.1896006372401));
#13695=CARTESIAN_POINT('',(29.,333.297938201967,64.1896006372401));
#13696=CARTESIAN_POINT('',(34.,333.297938201967,64.1896006372401));
#13697=CARTESIAN_POINT('',(29.,328.78006795724,65.1499036025305));
#13698=CARTESIAN_POINT('',(29.,333.297938201967,64.1896006372401));
#13699=CARTESIAN_POINT('',(34.,328.78006795724,65.1499036025305));
#13700=CARTESIAN_POINT('Origin',(34.,325.689486071606,61.7174646822405));
#13701=CARTESIAN_POINT('',(34.,325.689486071606,61.7174646822405));
#13702=CARTESIAN_POINT('',(34.,328.78006795724,65.1499036025305));
#13703=CARTESIAN_POINT('',(29.,325.689486071606,61.7174646822405));
#13704=CARTESIAN_POINT('',(29.,328.78006795724,65.1499036025305));
#13705=CARTESIAN_POINT('',(34.,325.689486071606,61.7174646822405));
#13706=CARTESIAN_POINT('Origin',(34.,327.116774430698,57.3247227966601));
#13707=CARTESIAN_POINT('',(34.,327.116774430698,57.3247227966601));
#13708=CARTESIAN_POINT('',(34.,325.689486071606,61.7174646822405));
#13709=CARTESIAN_POINT('',(29.,327.116774430698,57.3247227966601));
#13710=CARTESIAN_POINT('',(29.,325.689486071606,61.7174646822405));
#13711=CARTESIAN_POINT('',(34.,327.116774430698,57.3247227966601));
#13712=CARTESIAN_POINT('Origin',(34.,331.634644675425,56.3644198313696));
#13713=CARTESIAN_POINT('',(34.,331.634644675425,56.3644198313696));
#13714=CARTESIAN_POINT('',(34.,327.116774430698,57.3247227966601));
#13715=CARTESIAN_POINT('',(29.,331.634644675425,56.3644198313696));
#13716=CARTESIAN_POINT('',(29.,327.116774430698,57.3247227966601));
#13717=CARTESIAN_POINT('',(34.,331.634644675425,56.3644198313696));
#13718=CARTESIAN_POINT('Origin',(34.,334.72522656106,59.7968587516596));
#13719=CARTESIAN_POINT('',(34.,334.72522656106,59.7968587516596));
#13720=CARTESIAN_POINT('',(34.,331.634644675425,56.3644198313696));
#13721=CARTESIAN_POINT('',(29.,334.72522656106,59.7968587516596));
#13722=CARTESIAN_POINT('',(29.,331.634644675425,56.3644198313696));
#13723=CARTESIAN_POINT('',(34.,334.72522656106,59.7968587516596));
#13724=CARTESIAN_POINT('Origin',(34.,333.297938201967,64.1896006372401));
#13725=CARTESIAN_POINT('',(34.,334.72522656106,59.7968587516596));
#13726=CARTESIAN_POINT('',(29.,334.72522656106,59.7968587516596));
#13727=CARTESIAN_POINT('Origin',(34.,330.207356316333,60.7571617169501));
#13728=CARTESIAN_POINT('Origin',(29.,330.207356316333,60.7571617169501));
#13729=CARTESIAN_POINT('Origin',(34.,332.597952165355,38.0121615466069));
#13730=CARTESIAN_POINT('',(29.,329.897952165355,38.0121615466069));
#13731=CARTESIAN_POINT('Origin',(29.,332.597952165355,38.0121615466069));
#13732=CARTESIAN_POINT('',(34.,329.897952165355,38.0121615466069));
#13733=CARTESIAN_POINT('',(34.,329.897952165355,38.0121615466069));
#13734=CARTESIAN_POINT('Origin',(34.,332.597952165355,38.0121615466069));
#13735=CARTESIAN_POINT('Origin',(34.,333.080748456599,42.6056614186537));
#13736=CARTESIAN_POINT('',(34.,336.81743789245,39.8907976295596));
#13737=CARTESIAN_POINT('',(34.,333.080748456599,42.6056614186537));
#13738=CARTESIAN_POINT('',(34.,336.81743789245,39.8907976295596));
#13739=CARTESIAN_POINT('',(29.,336.81743789245,39.8907976295596));
#13740=CARTESIAN_POINT('',(34.,336.81743789245,39.8907976295596));
#13741=CARTESIAN_POINT('',(29.,333.080748456599,42.6056614186537));
#13742=CARTESIAN_POINT('',(29.,336.81743789245,39.8907976295596));
#13743=CARTESIAN_POINT('',(34.,333.080748456599,42.6056614186537));
#13744=CARTESIAN_POINT('Origin',(34.,328.861262729504,40.7270253357009));
#13745=CARTESIAN_POINT('',(34.,328.861262729504,40.7270253357009));
#13746=CARTESIAN_POINT('',(34.,333.080748456599,42.6056614186537));
#13747=CARTESIAN_POINT('',(29.,328.861262729504,40.7270253357009));
#13748=CARTESIAN_POINT('',(29.,333.080748456599,42.6056614186537));
#13749=CARTESIAN_POINT('',(34.,328.861262729504,40.7270253357009));
#13750=CARTESIAN_POINT('Origin',(34.,328.378466438259,36.1335254636541));
#13751=CARTESIAN_POINT('',(34.,328.378466438259,36.1335254636541));
#13752=CARTESIAN_POINT('',(34.,328.861262729504,40.7270253357009));
#13753=CARTESIAN_POINT('',(29.,328.378466438259,36.1335254636541));
#13754=CARTESIAN_POINT('',(29.,328.861262729504,40.7270253357009));
#13755=CARTESIAN_POINT('',(34.,328.378466438259,36.1335254636541));
#13756=CARTESIAN_POINT('Origin',(34.,332.11515587411,33.4186616745601));
#13757=CARTESIAN_POINT('',(34.,332.11515587411,33.4186616745601));
#13758=CARTESIAN_POINT('',(34.,328.378466438259,36.1335254636541));
#13759=CARTESIAN_POINT('',(29.,332.11515587411,33.4186616745601));
#13760=CARTESIAN_POINT('',(29.,328.378466438259,36.1335254636541));
#13761=CARTESIAN_POINT('',(34.,332.11515587411,33.4186616745601));
#13762=CARTESIAN_POINT('Origin',(34.,336.334641601205,35.2972977575128));
#13763=CARTESIAN_POINT('',(34.,336.334641601205,35.2972977575128));
#13764=CARTESIAN_POINT('',(34.,332.11515587411,33.4186616745601));
#13765=CARTESIAN_POINT('',(29.,336.334641601205,35.2972977575128));
#13766=CARTESIAN_POINT('',(29.,332.11515587411,33.4186616745601));
#13767=CARTESIAN_POINT('',(34.,336.334641601205,35.2972977575128));
#13768=CARTESIAN_POINT('Origin',(34.,336.81743789245,39.8907976295596));
#13769=CARTESIAN_POINT('',(34.,336.334641601205,35.2972977575128));
#13770=CARTESIAN_POINT('',(29.,336.334641601205,35.2972977575128));
#13771=CARTESIAN_POINT('Origin',(34.,332.597952165355,38.0121615466069));
#13772=CARTESIAN_POINT('Origin',(29.,332.597952165355,38.0121615466069));
#13773=CARTESIAN_POINT('Origin',(34.,310.227436796186,-0.73470766429466));
#13774=CARTESIAN_POINT('',(29.,307.527436796186,-0.734707664294661));
#13775=CARTESIAN_POINT('Origin',(29.,310.227436796186,-0.73470766429466));
#13776=CARTESIAN_POINT('',(34.,307.527436796186,-0.734707664294661));
#13777=CARTESIAN_POINT('',(34.,307.527436796186,-0.73470766429466));
#13778=CARTESIAN_POINT('Origin',(34.,310.227436796186,-0.73470766429466));
#13779=CARTESIAN_POINT('Origin',(34.,313.964126232037,1.98015612479931));
#13780=CARTESIAN_POINT('',(34.,314.446922523281,-2.61334374724747));
#13781=CARTESIAN_POINT('',(34.,313.964126232037,1.98015612479931));
#13782=CARTESIAN_POINT('',(34.,314.446922523281,-2.61334374724747));
#13783=CARTESIAN_POINT('',(29.,314.446922523281,-2.61334374724747));
#13784=CARTESIAN_POINT('',(34.,314.446922523281,-2.61334374724747));
#13785=CARTESIAN_POINT('',(29.,313.964126232037,1.98015612479931));
#13786=CARTESIAN_POINT('',(29.,314.446922523281,-2.61334374724747));
#13787=CARTESIAN_POINT('',(34.,313.964126232037,1.98015612479931));
#13788=CARTESIAN_POINT('Origin',(34.,309.744640504941,3.85879220775216));
#13789=CARTESIAN_POINT('',(34.,309.744640504941,3.85879220775216));
#13790=CARTESIAN_POINT('',(34.,313.964126232037,1.98015612479931));
#13791=CARTESIAN_POINT('',(29.,309.744640504941,3.85879220775216));
#13792=CARTESIAN_POINT('',(29.,313.964126232037,1.98015612479931));
#13793=CARTESIAN_POINT('',(34.,309.744640504941,3.85879220775216));
#13794=CARTESIAN_POINT('Origin',(34.,306.00795106909,1.14392841865811));
#13795=CARTESIAN_POINT('',(34.,306.00795106909,1.14392841865811));
#13796=CARTESIAN_POINT('',(34.,309.744640504941,3.85879220775216));
#13797=CARTESIAN_POINT('',(29.,306.00795106909,1.14392841865811));
#13798=CARTESIAN_POINT('',(29.,309.744640504941,3.85879220775216));
#13799=CARTESIAN_POINT('',(34.,306.00795106909,1.14392841865811));
#13800=CARTESIAN_POINT('Origin',(34.,306.490747360335,-3.44957145338867));
#13801=CARTESIAN_POINT('',(34.,306.490747360335,-3.44957145338867));
#13802=CARTESIAN_POINT('',(34.,306.00795106909,1.14392841865811));
#13803=CARTESIAN_POINT('',(29.,306.490747360335,-3.44957145338867));
#13804=CARTESIAN_POINT('',(29.,306.00795106909,1.14392841865811));
#13805=CARTESIAN_POINT('',(34.,306.490747360335,-3.44957145338867));
#13806=CARTESIAN_POINT('Origin',(34.,310.71023308743,-5.32820753634148));
#13807=CARTESIAN_POINT('',(34.,310.71023308743,-5.32820753634148));
#13808=CARTESIAN_POINT('',(34.,306.490747360335,-3.44957145338867));
#13809=CARTESIAN_POINT('',(29.,310.71023308743,-5.32820753634148));
#13810=CARTESIAN_POINT('',(29.,306.490747360335,-3.44957145338867));
#13811=CARTESIAN_POINT('',(34.,310.71023308743,-5.32820753634148));
#13812=CARTESIAN_POINT('Origin',(34.,314.446922523281,-2.61334374724747));
#13813=CARTESIAN_POINT('',(34.,310.71023308743,-5.32820753634148));
#13814=CARTESIAN_POINT('',(29.,310.71023308743,-5.32820753634148));
#13815=CARTESIAN_POINT('Origin',(34.,310.227436796186,-0.73470766429466));
#13816=CARTESIAN_POINT('Origin',(29.,310.227436796186,-0.73470766429466));
#13817=CARTESIAN_POINT('Origin',(34.,266.464104925123,-10.0368910140322));
#13818=CARTESIAN_POINT('',(29.,263.764104925123,-10.0368910140322));
#13819=CARTESIAN_POINT('Origin',(29.,266.464104925123,-10.0368910140322));
#13820=CARTESIAN_POINT('',(34.,263.764104925123,-10.0368910140322));
#13821=CARTESIAN_POINT('',(34.,263.764104925123,-10.0368910140322));
#13822=CARTESIAN_POINT('Origin',(34.,266.464104925123,-10.0368910140322));
#13823=CARTESIAN_POINT('Origin',(34.,270.981975169849,-10.9971939793227));
#13824=CARTESIAN_POINT('',(34.,267.891393284215,-14.4296328996126));
#13825=CARTESIAN_POINT('',(34.,270.981975169849,-10.9971939793227));
#13826=CARTESIAN_POINT('',(34.,267.891393284215,-14.4296328996126));
#13827=CARTESIAN_POINT('',(29.,267.891393284215,-14.4296328996126));
#13828=CARTESIAN_POINT('',(34.,267.891393284215,-14.4296328996126));
#13829=CARTESIAN_POINT('',(29.,270.981975169849,-10.9971939793227));
#13830=CARTESIAN_POINT('',(29.,267.891393284215,-14.4296328996126));
#13831=CARTESIAN_POINT('',(34.,270.981975169849,-10.9971939793227));
#13832=CARTESIAN_POINT('Origin',(34.,269.554686810757,-6.60445209374221));
#13833=CARTESIAN_POINT('',(34.,269.554686810757,-6.60445209374221));
#13834=CARTESIAN_POINT('',(34.,270.981975169849,-10.9971939793227));
#13835=CARTESIAN_POINT('',(29.,269.554686810757,-6.60445209374221));
#13836=CARTESIAN_POINT('',(29.,270.981975169849,-10.9971939793227));
#13837=CARTESIAN_POINT('',(34.,269.554686810757,-6.60445209374221));
#13838=CARTESIAN_POINT('Origin',(34.,265.03681656603,-5.64414912845178));
#13839=CARTESIAN_POINT('',(34.,265.03681656603,-5.64414912845178));
#13840=CARTESIAN_POINT('',(34.,269.554686810757,-6.60445209374221));
#13841=CARTESIAN_POINT('',(29.,265.03681656603,-5.64414912845178));
#13842=CARTESIAN_POINT('',(29.,269.554686810757,-6.60445209374221));
#13843=CARTESIAN_POINT('',(34.,265.03681656603,-5.64414912845178));
#13844=CARTESIAN_POINT('Origin',(34.,261.946234680396,-9.07658804874174));
#13845=CARTESIAN_POINT('',(34.,261.946234680396,-9.07658804874174));
#13846=CARTESIAN_POINT('',(34.,265.03681656603,-5.64414912845178));
#13847=CARTESIAN_POINT('',(29.,261.946234680396,-9.07658804874174));
#13848=CARTESIAN_POINT('',(29.,265.03681656603,-5.64414912845178));
#13849=CARTESIAN_POINT('',(34.,261.946234680396,-9.07658804874174));
#13850=CARTESIAN_POINT('Origin',(34.,263.373523039488,-13.4693299343222));
#13851=CARTESIAN_POINT('',(34.,263.373523039488,-13.4693299343222));
#13852=CARTESIAN_POINT('',(34.,261.946234680396,-9.07658804874174));
#13853=CARTESIAN_POINT('',(29.,263.373523039488,-13.4693299343222));
#13854=CARTESIAN_POINT('',(29.,261.946234680396,-9.07658804874174));
#13855=CARTESIAN_POINT('',(34.,263.373523039488,-13.4693299343222));
#13856=CARTESIAN_POINT('Origin',(34.,267.891393284215,-14.4296328996126));
#13857=CARTESIAN_POINT('',(34.,263.373523039488,-13.4693299343222));
#13858=CARTESIAN_POINT('',(29.,263.373523039488,-13.4693299343222));
#13859=CARTESIAN_POINT('Origin',(34.,266.464104925123,-10.0368910140322));
#13860=CARTESIAN_POINT('Origin',(29.,266.464104925123,-10.0368910140322));
#13861=CARTESIAN_POINT('Origin',(34.,230.267850711955,16.261227026327));
#13862=CARTESIAN_POINT('',(29.,227.567850711955,16.261227026327));
#13863=CARTESIAN_POINT('Origin',(29.,230.267850711955,16.261227026327));
#13864=CARTESIAN_POINT('',(34.,227.567850711955,16.261227026327));
#13865=CARTESIAN_POINT('',(34.,227.567850711955,16.261227026327));
#13866=CARTESIAN_POINT('Origin',(34.,230.267850711955,16.261227026327));
#13867=CARTESIAN_POINT('Origin',(34.,232.577251788713,12.261227026327));
#13868=CARTESIAN_POINT('',(34.,227.958449635196,12.261227026327));
#13869=CARTESIAN_POINT('',(34.,232.577251788713,12.261227026327));
#13870=CARTESIAN_POINT('',(34.,227.958449635196,12.261227026327));
#13871=CARTESIAN_POINT('',(29.,227.958449635196,12.261227026327));
#13872=CARTESIAN_POINT('',(34.,227.958449635196,12.261227026327));
#13873=CARTESIAN_POINT('',(29.,232.577251788713,12.261227026327));
#13874=CARTESIAN_POINT('',(29.,227.958449635196,12.261227026327));
#13875=CARTESIAN_POINT('',(34.,232.577251788713,12.261227026327));
#13876=CARTESIAN_POINT('Origin',(34.,234.886652865472,16.261227026327));
#13877=CARTESIAN_POINT('',(34.,234.886652865472,16.261227026327));
#13878=CARTESIAN_POINT('',(34.,232.577251788713,12.261227026327));
#13879=CARTESIAN_POINT('',(29.,234.886652865472,16.261227026327));
#13880=CARTESIAN_POINT('',(29.,232.577251788713,12.261227026327));
#13881=CARTESIAN_POINT('',(34.,234.886652865472,16.261227026327));
#13882=CARTESIAN_POINT('Origin',(34.,232.577251788713,20.261227026327));
#13883=CARTESIAN_POINT('',(34.,232.577251788713,20.261227026327));
#13884=CARTESIAN_POINT('',(34.,234.886652865472,16.261227026327));
#13885=CARTESIAN_POINT('',(29.,232.577251788713,20.261227026327));
#13886=CARTESIAN_POINT('',(29.,234.886652865472,16.261227026327));
#13887=CARTESIAN_POINT('',(34.,232.577251788713,20.261227026327));
#13888=CARTESIAN_POINT('Origin',(34.,227.958449635196,20.261227026327));
#13889=CARTESIAN_POINT('',(34.,227.958449635196,20.261227026327));
#13890=CARTESIAN_POINT('',(34.,232.577251788713,20.261227026327));
#13891=CARTESIAN_POINT('',(29.,227.958449635196,20.261227026327));
#13892=CARTESIAN_POINT('',(29.,232.577251788713,20.261227026327));
#13893=CARTESIAN_POINT('',(34.,227.958449635196,20.261227026327));
#13894=CARTESIAN_POINT('Origin',(34.,225.649048558438,16.2612270263271));
#13895=CARTESIAN_POINT('',(34.,225.649048558438,16.2612270263271));
#13896=CARTESIAN_POINT('',(34.,227.958449635196,20.261227026327));
#13897=CARTESIAN_POINT('',(29.,225.649048558438,16.2612270263271));
#13898=CARTESIAN_POINT('',(29.,227.958449635196,20.261227026327));
#13899=CARTESIAN_POINT('',(34.,225.649048558438,16.2612270263271));
#13900=CARTESIAN_POINT('Origin',(34.,227.958449635196,12.261227026327));
#13901=CARTESIAN_POINT('',(34.,225.649048558438,16.2612270263271));
#13902=CARTESIAN_POINT('',(29.,225.649048558438,16.2612270263271));
#13903=CARTESIAN_POINT('Origin',(34.,230.267850711955,16.261227026327));
#13904=CARTESIAN_POINT('Origin',(29.,230.267850711955,16.261227026327));
#13905=CARTESIAN_POINT('Origin',(34.,225.591139523865,60.7571617169494));
#13906=CARTESIAN_POINT('',(29.,222.891139523865,60.7571617169494));
#13907=CARTESIAN_POINT('Origin',(29.,225.591139523865,60.7571617169494));
#13908=CARTESIAN_POINT('',(34.,222.891139523865,60.7571617169494));
#13909=CARTESIAN_POINT('',(34.,222.891139523865,60.7571617169494));
#13910=CARTESIAN_POINT('Origin',(34.,225.591139523865,60.7571617169494));
#13911=CARTESIAN_POINT('Origin',(34.,224.163851164773,56.3644198313689));
#13912=CARTESIAN_POINT('',(34.,221.073269279139,59.796858751659));
#13913=CARTESIAN_POINT('',(34.,224.163851164773,56.3644198313689));
#13914=CARTESIAN_POINT('',(34.,221.073269279139,59.796858751659));
#13915=CARTESIAN_POINT('',(29.,221.073269279139,59.796858751659));
#13916=CARTESIAN_POINT('',(34.,221.073269279139,59.796858751659));
#13917=CARTESIAN_POINT('',(29.,224.163851164773,56.3644198313689));
#13918=CARTESIAN_POINT('',(29.,221.073269279139,59.796858751659));
#13919=CARTESIAN_POINT('',(34.,224.163851164773,56.3644198313689));
#13920=CARTESIAN_POINT('Origin',(34.,228.6817214095,57.3247227966593));
#13921=CARTESIAN_POINT('',(34.,228.6817214095,57.3247227966593));
#13922=CARTESIAN_POINT('',(34.,224.163851164773,56.3644198313689));
#13923=CARTESIAN_POINT('',(29.,228.6817214095,57.3247227966593));
#13924=CARTESIAN_POINT('',(29.,224.163851164773,56.3644198313689));
#13925=CARTESIAN_POINT('',(34.,228.6817214095,57.3247227966593));
#13926=CARTESIAN_POINT('Origin',(34.,230.109009768592,61.7174646822398));
#13927=CARTESIAN_POINT('',(34.,230.109009768592,61.7174646822398));
#13928=CARTESIAN_POINT('',(34.,228.6817214095,57.3247227966593));
#13929=CARTESIAN_POINT('',(29.,230.109009768592,61.7174646822398));
#13930=CARTESIAN_POINT('',(29.,228.6817214095,57.3247227966593));
#13931=CARTESIAN_POINT('',(34.,230.109009768592,61.7174646822398));
#13932=CARTESIAN_POINT('Origin',(34.,227.018427882958,65.1499036025298));
#13933=CARTESIAN_POINT('',(34.,227.018427882958,65.1499036025298));
#13934=CARTESIAN_POINT('',(34.,230.109009768592,61.7174646822398));
#13935=CARTESIAN_POINT('',(29.,227.018427882958,65.1499036025298));
#13936=CARTESIAN_POINT('',(29.,230.109009768592,61.7174646822398));
#13937=CARTESIAN_POINT('',(34.,227.018427882958,65.1499036025298));
#13938=CARTESIAN_POINT('Origin',(34.,222.500557638231,64.1896006372394));
#13939=CARTESIAN_POINT('',(34.,222.500557638231,64.1896006372394));
#13940=CARTESIAN_POINT('',(34.,227.018427882958,65.1499036025298));
#13941=CARTESIAN_POINT('',(29.,222.500557638231,64.1896006372394));
#13942=CARTESIAN_POINT('',(29.,227.018427882958,65.1499036025298));
#13943=CARTESIAN_POINT('',(34.,222.500557638231,64.1896006372394));
#13944=CARTESIAN_POINT('Origin',(34.,221.073269279139,59.796858751659));
#13945=CARTESIAN_POINT('',(34.,222.500557638231,64.1896006372394));
#13946=CARTESIAN_POINT('',(29.,222.500557638231,64.1896006372394));
#13947=CARTESIAN_POINT('Origin',(34.,225.591139523865,60.7571617169494));
#13948=CARTESIAN_POINT('Origin',(29.,225.591139523865,60.7571617169494));
#13949=CARTESIAN_POINT('Origin',(34.,310.227436796185,88.25716171695));
#13950=CARTESIAN_POINT('',(29.,307.527436796185,88.25716171695));
#13951=CARTESIAN_POINT('Origin',(29.,310.227436796185,88.25716171695));
#13952=CARTESIAN_POINT('',(34.,307.527436796185,88.25716171695));
#13953=CARTESIAN_POINT('',(34.,307.527436796185,88.25716171695));
#13954=CARTESIAN_POINT('Origin',(34.,310.227436796185,88.25716171695));
#13955=CARTESIAN_POINT('Origin',(34.,306.490747360334,90.9720255060441));
#13956=CARTESIAN_POINT('',(34.,310.71023308743,92.8506615889968));
#13957=CARTESIAN_POINT('',(34.,306.490747360334,90.9720255060441));
#13958=CARTESIAN_POINT('',(34.,310.71023308743,92.8506615889968));
#13959=CARTESIAN_POINT('',(29.,310.71023308743,92.8506615889968));
#13960=CARTESIAN_POINT('',(34.,310.71023308743,92.8506615889968));
#13961=CARTESIAN_POINT('',(29.,306.490747360334,90.9720255060441));
#13962=CARTESIAN_POINT('',(29.,310.71023308743,92.8506615889968));
#13963=CARTESIAN_POINT('',(34.,306.490747360334,90.9720255060441));
#13964=CARTESIAN_POINT('Origin',(34.,306.00795106909,86.3785256339973));
#13965=CARTESIAN_POINT('',(34.,306.00795106909,86.3785256339973));
#13966=CARTESIAN_POINT('',(34.,306.490747360334,90.9720255060441));
#13967=CARTESIAN_POINT('',(29.,306.00795106909,86.3785256339973));
#13968=CARTESIAN_POINT('',(29.,306.490747360334,90.9720255060441));
#13969=CARTESIAN_POINT('',(34.,306.00795106909,86.3785256339973));
#13970=CARTESIAN_POINT('Origin',(34.,309.744640504941,83.6636618449033));
#13971=CARTESIAN_POINT('',(34.,309.744640504941,83.6636618449033));
#13972=CARTESIAN_POINT('',(34.,306.00795106909,86.3785256339973));
#13973=CARTESIAN_POINT('',(29.,309.744640504941,83.6636618449033));
#13974=CARTESIAN_POINT('',(29.,306.00795106909,86.3785256339973));
#13975=CARTESIAN_POINT('',(34.,309.744640504941,83.6636618449033));
#13976=CARTESIAN_POINT('Origin',(34.,313.964126232036,85.542297927856));
#13977=CARTESIAN_POINT('',(34.,313.964126232036,85.542297927856));
#13978=CARTESIAN_POINT('',(34.,309.744640504941,83.6636618449033));
#13979=CARTESIAN_POINT('',(29.,313.964126232036,85.542297927856));
#13980=CARTESIAN_POINT('',(29.,309.744640504941,83.6636618449033));
#13981=CARTESIAN_POINT('',(34.,313.964126232036,85.542297927856));
#13982=CARTESIAN_POINT('Origin',(34.,314.44692252328,90.1357977999028));
#13983=CARTESIAN_POINT('',(34.,314.44692252328,90.1357977999028));
#13984=CARTESIAN_POINT('',(34.,313.964126232036,85.542297927856));
#13985=CARTESIAN_POINT('',(29.,314.44692252328,90.1357977999028));
#13986=CARTESIAN_POINT('',(29.,313.964126232036,85.542297927856));
#13987=CARTESIAN_POINT('',(34.,314.44692252328,90.1357977999028));
#13988=CARTESIAN_POINT('Origin',(34.,310.71023308743,92.8506615889968));
#13989=CARTESIAN_POINT('',(34.,314.44692252328,90.1357977999028));
#13990=CARTESIAN_POINT('',(29.,314.44692252328,90.1357977999028));
#13991=CARTESIAN_POINT('Origin',(34.,310.227436796185,88.2571617169501));
#13992=CARTESIAN_POINT('Origin',(29.,310.227436796185,88.2571617169501));
#13993=CARTESIAN_POINT('Origin',(34.,255.52873255093,94.0062271966707));
#13994=CARTESIAN_POINT('',(29.,252.82873255093,94.0062271966707));
#13995=CARTESIAN_POINT('Origin',(29.,255.52873255093,94.0062271966707));
#13996=CARTESIAN_POINT('',(34.,252.82873255093,94.0062271966707));
#13997=CARTESIAN_POINT('',(34.,252.82873255093,94.0062271966707));
#13998=CARTESIAN_POINT('Origin',(34.,255.52873255093,94.0062271966707));
#13999=CARTESIAN_POINT('Origin',(34.,251.309246823834,92.127591113718));
#14000=CARTESIAN_POINT('',(34.,251.792043115079,96.7210909857647));
#14001=CARTESIAN_POINT('',(34.,251.309246823834,92.127591113718));
#14002=CARTESIAN_POINT('',(34.,251.792043115079,96.7210909857647));
#14003=CARTESIAN_POINT('',(29.,251.792043115079,96.7210909857647));
#14004=CARTESIAN_POINT('',(34.,251.792043115079,96.7210909857647));
#14005=CARTESIAN_POINT('',(29.,251.309246823834,92.127591113718));
#14006=CARTESIAN_POINT('',(29.,251.792043115079,96.7210909857647));
#14007=CARTESIAN_POINT('',(34.,251.309246823834,92.127591113718));
#14008=CARTESIAN_POINT('Origin',(34.,255.045936259685,89.4127273246239));
#14009=CARTESIAN_POINT('',(34.,255.045936259685,89.4127273246239));
#14010=CARTESIAN_POINT('',(34.,251.309246823834,92.127591113718));
#14011=CARTESIAN_POINT('',(29.,255.045936259685,89.4127273246239));
#14012=CARTESIAN_POINT('',(29.,251.309246823834,92.127591113718));
#14013=CARTESIAN_POINT('',(34.,255.045936259685,89.4127273246239));
#14014=CARTESIAN_POINT('Origin',(34.,259.265421986781,91.2913634075767));
#14015=CARTESIAN_POINT('',(34.,259.265421986781,91.2913634075767));
#14016=CARTESIAN_POINT('',(34.,255.045936259685,89.4127273246239));
#14017=CARTESIAN_POINT('',(29.,259.265421986781,91.2913634075767));
#14018=CARTESIAN_POINT('',(29.,255.045936259685,89.4127273246239));
#14019=CARTESIAN_POINT('',(34.,259.265421986781,91.2913634075767));
#14020=CARTESIAN_POINT('Origin',(34.,259.748218278025,95.8848632796234));
#14021=CARTESIAN_POINT('',(34.,259.748218278025,95.8848632796234));
#14022=CARTESIAN_POINT('',(34.,259.265421986781,91.2913634075767));
#14023=CARTESIAN_POINT('',(29.,259.748218278025,95.8848632796234));
#14024=CARTESIAN_POINT('',(29.,259.265421986781,91.2913634075767));
#14025=CARTESIAN_POINT('',(34.,259.748218278025,95.8848632796234));
#14026=CARTESIAN_POINT('Origin',(34.,256.011528842174,98.5997270687175));
#14027=CARTESIAN_POINT('',(34.,256.011528842174,98.5997270687175));
#14028=CARTESIAN_POINT('',(34.,259.748218278025,95.8848632796234));
#14029=CARTESIAN_POINT('',(29.,256.011528842174,98.5997270687175));
#14030=CARTESIAN_POINT('',(29.,259.748218278025,95.8848632796234));
#14031=CARTESIAN_POINT('',(34.,256.011528842174,98.5997270687175));
#14032=CARTESIAN_POINT('Origin',(34.,251.792043115079,96.7210909857647));
#14033=CARTESIAN_POINT('',(34.,256.011528842174,98.5997270687175));
#14034=CARTESIAN_POINT('',(29.,256.011528842174,98.5997270687175));
#14035=CARTESIAN_POINT('Origin',(34.,255.52873255093,94.0062271966707));
#14036=CARTESIAN_POINT('Origin',(29.,255.52873255093,94.0062271966707));
#14037=CARTESIAN_POINT('Origin',(34.,277.899247920099,98.7612270263278));
#14038=CARTESIAN_POINT('',(29.,275.199247920099,98.7612270263278));
#14039=CARTESIAN_POINT('Origin',(29.,277.899247920099,98.7612270263278));
#14040=CARTESIAN_POINT('',(34.,275.199247920099,98.7612270263278));
#14041=CARTESIAN_POINT('',(34.,275.199247920099,98.7612270263278));
#14042=CARTESIAN_POINT('Origin',(34.,277.899247920099,98.7612270263278));
#14043=CARTESIAN_POINT('Origin',(34.,280.208648996857,102.761227026328));
#14044=CARTESIAN_POINT('',(34.,282.518050073616,98.7612270263278));
#14045=CARTESIAN_POINT('',(34.,280.208648996857,102.761227026328));
#14046=CARTESIAN_POINT('',(34.,282.518050073616,98.7612270263278));
#14047=CARTESIAN_POINT('',(29.,282.518050073616,98.7612270263278));
#14048=CARTESIAN_POINT('',(34.,282.518050073616,98.7612270263278));
#14049=CARTESIAN_POINT('',(29.,280.208648996857,102.761227026328));
#14050=CARTESIAN_POINT('',(29.,282.518050073616,98.7612270263278));
#14051=CARTESIAN_POINT('',(34.,280.208648996857,102.761227026328));
#14052=CARTESIAN_POINT('Origin',(34.,275.58984684334,102.761227026328));
#14053=CARTESIAN_POINT('',(34.,275.58984684334,102.761227026328));
#14054=CARTESIAN_POINT('',(34.,280.208648996857,102.761227026328));
#14055=CARTESIAN_POINT('',(29.,275.58984684334,102.761227026328));
#14056=CARTESIAN_POINT('',(29.,280.208648996857,102.761227026328));
#14057=CARTESIAN_POINT('',(34.,275.58984684334,102.761227026328));
#14058=CARTESIAN_POINT('Origin',(34.,273.280445766582,98.7612270263279));
#14059=CARTESIAN_POINT('',(34.,273.280445766582,98.7612270263279));
#14060=CARTESIAN_POINT('',(34.,275.58984684334,102.761227026328));
#14061=CARTESIAN_POINT('',(29.,273.280445766582,98.7612270263279));
#14062=CARTESIAN_POINT('',(29.,275.58984684334,102.761227026328));
#14063=CARTESIAN_POINT('',(34.,273.280445766582,98.7612270263279));
#14064=CARTESIAN_POINT('Origin',(34.,275.58984684334,94.7612270263279));
#14065=CARTESIAN_POINT('',(34.,275.58984684334,94.7612270263279));
#14066=CARTESIAN_POINT('',(34.,273.280445766582,98.7612270263279));
#14067=CARTESIAN_POINT('',(29.,275.58984684334,94.7612270263279));
#14068=CARTESIAN_POINT('',(29.,273.280445766582,98.7612270263279));
#14069=CARTESIAN_POINT('',(34.,275.58984684334,94.7612270263279));
#14070=CARTESIAN_POINT('Origin',(34.,280.208648996857,94.7612270263279));
#14071=CARTESIAN_POINT('',(34.,280.208648996857,94.7612270263279));
#14072=CARTESIAN_POINT('',(34.,275.58984684334,94.7612270263279));
#14073=CARTESIAN_POINT('',(29.,280.208648996857,94.7612270263279));
#14074=CARTESIAN_POINT('',(29.,275.58984684334,94.7612270263279));
#14075=CARTESIAN_POINT('',(34.,280.208648996857,94.7612270263279));
#14076=CARTESIAN_POINT('Origin',(34.,282.518050073616,98.7612270263278));
#14077=CARTESIAN_POINT('',(34.,280.208648996857,94.7612270263279));
#14078=CARTESIAN_POINT('',(29.,280.208648996857,94.7612270263279));
#14079=CARTESIAN_POINT('Origin',(34.,277.899247920099,98.7612270263278));
#14080=CARTESIAN_POINT('Origin',(29.,277.899247920099,98.7612270263278));
#14081=CARTESIAN_POINT('Origin',(34.,300.269763289268,94.006227196671));
#14082=CARTESIAN_POINT('',(29.,297.569763289268,94.006227196671));
#14083=CARTESIAN_POINT('Origin',(29.,300.269763289268,94.006227196671));
#14084=CARTESIAN_POINT('',(34.,297.569763289268,94.006227196671));
#14085=CARTESIAN_POINT('',(34.,297.569763289268,94.006227196671));
#14086=CARTESIAN_POINT('Origin',(34.,300.269763289268,94.006227196671));
#14087=CARTESIAN_POINT('Origin',(34.,296.050277562173,95.8848632796238));
#14088=CARTESIAN_POINT('',(34.,299.786966998024,98.5997270687178));
#14089=CARTESIAN_POINT('',(34.,296.050277562173,95.8848632796238));
#14090=CARTESIAN_POINT('',(34.,299.786966998024,98.5997270687178));
#14091=CARTESIAN_POINT('',(29.,299.786966998024,98.5997270687178));
#14092=CARTESIAN_POINT('',(34.,299.786966998024,98.5997270687178));
#14093=CARTESIAN_POINT('',(29.,296.050277562173,95.8848632796238));
#14094=CARTESIAN_POINT('',(29.,299.786966998024,98.5997270687178));
#14095=CARTESIAN_POINT('',(34.,296.050277562173,95.8848632796238));
#14096=CARTESIAN_POINT('Origin',(34.,296.533073853417,91.291363407577));
#14097=CARTESIAN_POINT('',(34.,296.533073853417,91.291363407577));
#14098=CARTESIAN_POINT('',(34.,296.050277562173,95.8848632796238));
#14099=CARTESIAN_POINT('',(29.,296.533073853417,91.291363407577));
#14100=CARTESIAN_POINT('',(29.,296.050277562173,95.8848632796238));
#14101=CARTESIAN_POINT('',(34.,296.533073853417,91.291363407577));
#14102=CARTESIAN_POINT('Origin',(34.,300.752559580512,89.4127273246242));
#14103=CARTESIAN_POINT('',(34.,300.752559580512,89.4127273246242));
#14104=CARTESIAN_POINT('',(34.,296.533073853417,91.291363407577));
#14105=CARTESIAN_POINT('',(29.,300.752559580512,89.4127273246242));
#14106=CARTESIAN_POINT('',(29.,296.533073853417,91.291363407577));
#14107=CARTESIAN_POINT('',(34.,300.752559580512,89.4127273246242));
#14108=CARTESIAN_POINT('Origin',(34.,304.489249016363,92.1275911137182));
#14109=CARTESIAN_POINT('',(34.,304.489249016363,92.1275911137182));
#14110=CARTESIAN_POINT('',(34.,300.752559580512,89.4127273246242));
#14111=CARTESIAN_POINT('',(29.,304.489249016363,92.1275911137182));
#14112=CARTESIAN_POINT('',(29.,300.752559580512,89.4127273246242));
#14113=CARTESIAN_POINT('',(34.,304.489249016363,92.1275911137182));
#14114=CARTESIAN_POINT('Origin',(34.,304.006452725119,96.721090985765));
#14115=CARTESIAN_POINT('',(34.,304.006452725119,96.721090985765));
#14116=CARTESIAN_POINT('',(34.,304.489249016363,92.1275911137182));
#14117=CARTESIAN_POINT('',(29.,304.006452725119,96.721090985765));
#14118=CARTESIAN_POINT('',(29.,304.489249016363,92.1275911137182));
#14119=CARTESIAN_POINT('',(34.,304.006452725119,96.721090985765));
#14120=CARTESIAN_POINT('Origin',(34.,299.786966998024,98.5997270687178));
#14121=CARTESIAN_POINT('',(34.,304.006452725119,96.721090985765));
#14122=CARTESIAN_POINT('',(29.,304.006452725119,96.721090985765));
#14123=CARTESIAN_POINT('Origin',(34.,300.269763289268,94.006227196671));
#14124=CARTESIAN_POINT('Origin',(29.,300.269763289268,94.006227196671));
#14125=CARTESIAN_POINT('Origin',(34.,230.267850711955,71.2612270263273));
#14126=CARTESIAN_POINT('',(29.,227.567850711955,71.2612270263273));
#14127=CARTESIAN_POINT('Origin',(29.,230.267850711955,71.2612270263273));
#14128=CARTESIAN_POINT('',(34.,227.567850711955,71.2612270263273));
#14129=CARTESIAN_POINT('',(34.,227.567850711955,71.2612270263273));
#14130=CARTESIAN_POINT('Origin',(34.,230.267850711955,71.2612270263273));
#14131=CARTESIAN_POINT('Origin',(34.,227.958449635196,67.2612270263274));
#14132=CARTESIAN_POINT('',(34.,225.649048558438,71.2612270263273));
#14133=CARTESIAN_POINT('',(34.,227.958449635196,67.2612270263274));
#14134=CARTESIAN_POINT('',(34.,225.649048558438,71.2612270263273));
#14135=CARTESIAN_POINT('',(29.,225.649048558438,71.2612270263273));
#14136=CARTESIAN_POINT('',(34.,225.649048558438,71.2612270263273));
#14137=CARTESIAN_POINT('',(29.,227.958449635196,67.2612270263274));
#14138=CARTESIAN_POINT('',(29.,225.649048558438,71.2612270263273));
#14139=CARTESIAN_POINT('',(34.,227.958449635196,67.2612270263274));
#14140=CARTESIAN_POINT('Origin',(34.,232.577251788713,67.2612270263274));
#14141=CARTESIAN_POINT('',(34.,232.577251788713,67.2612270263274));
#14142=CARTESIAN_POINT('',(34.,227.958449635196,67.2612270263274));
#14143=CARTESIAN_POINT('',(29.,232.577251788713,67.2612270263274));
#14144=CARTESIAN_POINT('',(29.,227.958449635196,67.2612270263274));
#14145=CARTESIAN_POINT('',(34.,232.577251788713,67.2612270263274));
#14146=CARTESIAN_POINT('Origin',(34.,234.886652865472,71.2612270263273));
#14147=CARTESIAN_POINT('',(34.,234.886652865472,71.2612270263273));
#14148=CARTESIAN_POINT('',(34.,232.577251788713,67.2612270263274));
#14149=CARTESIAN_POINT('',(29.,234.886652865472,71.2612270263273));
#14150=CARTESIAN_POINT('',(29.,232.577251788713,67.2612270263274));
#14151=CARTESIAN_POINT('',(34.,234.886652865472,71.2612270263273));
#14152=CARTESIAN_POINT('Origin',(34.,232.577251788713,75.2612270263274));
#14153=CARTESIAN_POINT('',(34.,232.577251788713,75.2612270263274));
#14154=CARTESIAN_POINT('',(34.,234.886652865472,71.2612270263273));
#14155=CARTESIAN_POINT('',(29.,232.577251788713,75.2612270263274));
#14156=CARTESIAN_POINT('',(29.,234.886652865472,71.2612270263273));
#14157=CARTESIAN_POINT('',(34.,232.577251788713,75.2612270263274));
#14158=CARTESIAN_POINT('Origin',(34.,227.958449635196,75.2612270263274));
#14159=CARTESIAN_POINT('',(34.,227.958449635196,75.2612270263274));
#14160=CARTESIAN_POINT('',(34.,232.577251788713,75.2612270263274));
#14161=CARTESIAN_POINT('',(29.,227.958449635196,75.2612270263274));
#14162=CARTESIAN_POINT('',(29.,232.577251788713,75.2612270263274));
#14163=CARTESIAN_POINT('',(34.,227.958449635196,75.2612270263274));
#14164=CARTESIAN_POINT('Origin',(34.,225.649048558438,71.2612270263273));
#14165=CARTESIAN_POINT('',(34.,227.958449635196,75.2612270263274));
#14166=CARTESIAN_POINT('',(29.,227.958449635196,75.2612270263274));
#14167=CARTESIAN_POINT('Origin',(34.,230.267850711955,71.2612270263274));
#14168=CARTESIAN_POINT('Origin',(29.,230.267850711955,71.2612270263274));
#14169=CARTESIAN_POINT('Origin',(34.,225.591139523866,26.7652923357049));
#14170=CARTESIAN_POINT('',(29.,222.891139523866,26.7652923357049));
#14171=CARTESIAN_POINT('Origin',(29.,225.591139523866,26.7652923357049));
#14172=CARTESIAN_POINT('',(34.,222.891139523866,26.7652923357049));
#14173=CARTESIAN_POINT('',(34.,222.891139523866,26.7652923357049));
#14174=CARTESIAN_POINT('Origin',(34.,225.591139523866,26.7652923357049));
#14175=CARTESIAN_POINT('Origin',(34.,227.018427882958,22.3725504501245));
#14176=CARTESIAN_POINT('',(34.,222.500557638231,23.3328534154149));
#14177=CARTESIAN_POINT('',(34.,227.018427882958,22.3725504501245));
#14178=CARTESIAN_POINT('',(34.,222.500557638231,23.3328534154149));
#14179=CARTESIAN_POINT('',(29.,222.500557638231,23.3328534154149));
#14180=CARTESIAN_POINT('',(34.,222.500557638231,23.3328534154149));
#14181=CARTESIAN_POINT('',(29.,227.018427882958,22.3725504501245));
#14182=CARTESIAN_POINT('',(29.,222.500557638231,23.3328534154149));
#14183=CARTESIAN_POINT('',(34.,227.018427882958,22.3725504501245));
#14184=CARTESIAN_POINT('Origin',(34.,230.109009768592,25.8049893704145));
#14185=CARTESIAN_POINT('',(34.,230.109009768592,25.8049893704145));
#14186=CARTESIAN_POINT('',(34.,227.018427882958,22.3725504501245));
#14187=CARTESIAN_POINT('',(29.,230.109009768592,25.8049893704145));
#14188=CARTESIAN_POINT('',(29.,227.018427882958,22.3725504501245));
#14189=CARTESIAN_POINT('',(34.,230.109009768592,25.8049893704145));
#14190=CARTESIAN_POINT('Origin',(34.,228.6817214095,30.1977312559949));
#14191=CARTESIAN_POINT('',(34.,228.6817214095,30.1977312559949));
#14192=CARTESIAN_POINT('',(34.,230.109009768592,25.8049893704145));
#14193=CARTESIAN_POINT('',(29.,228.6817214095,30.1977312559949));
#14194=CARTESIAN_POINT('',(29.,230.109009768592,25.8049893704145));
#14195=CARTESIAN_POINT('',(34.,228.6817214095,30.1977312559949));
#14196=CARTESIAN_POINT('Origin',(34.,224.163851164773,31.1580342212854));
#14197=CARTESIAN_POINT('',(34.,224.163851164773,31.1580342212854));
#14198=CARTESIAN_POINT('',(34.,228.6817214095,30.1977312559949));
#14199=CARTESIAN_POINT('',(29.,224.163851164773,31.1580342212854));
#14200=CARTESIAN_POINT('',(29.,228.6817214095,30.1977312559949));
#14201=CARTESIAN_POINT('',(34.,224.163851164773,31.1580342212854));
#14202=CARTESIAN_POINT('Origin',(34.,221.073269279139,27.7255953009954));
#14203=CARTESIAN_POINT('',(34.,221.073269279139,27.7255953009954));
#14204=CARTESIAN_POINT('',(34.,224.163851164773,31.1580342212854));
#14205=CARTESIAN_POINT('',(29.,221.073269279139,27.7255953009954));
#14206=CARTESIAN_POINT('',(29.,224.163851164773,31.1580342212854));
#14207=CARTESIAN_POINT('',(34.,221.073269279139,27.7255953009954));
#14208=CARTESIAN_POINT('Origin',(34.,222.500557638231,23.3328534154149));
#14209=CARTESIAN_POINT('',(34.,221.073269279139,27.7255953009954));
#14210=CARTESIAN_POINT('',(29.,221.073269279139,27.7255953009954));
#14211=CARTESIAN_POINT('Origin',(34.,225.591139523866,26.765292335705));
#14212=CARTESIAN_POINT('Origin',(29.,225.591139523866,26.765292335705));
#14213=CARTESIAN_POINT('Origin',(34.,255.52873255093,-6.48377314401598));
#14214=CARTESIAN_POINT('',(29.,252.82873255093,-6.48377314401598));
#14215=CARTESIAN_POINT('Origin',(29.,255.52873255093,-6.48377314401598));
#14216=CARTESIAN_POINT('',(34.,252.82873255093,-6.48377314401598));
#14217=CARTESIAN_POINT('',(34.,252.82873255093,-6.48377314401598));
#14218=CARTESIAN_POINT('Origin',(34.,255.52873255093,-6.48377314401598));
#14219=CARTESIAN_POINT('Origin',(34.,259.748218278026,-8.36240922696881));
#14220=CARTESIAN_POINT('',(34.,256.011528842175,-11.0772730160627));
#14221=CARTESIAN_POINT('',(34.,259.748218278026,-8.36240922696881));
#14222=CARTESIAN_POINT('',(34.,256.011528842175,-11.0772730160627));
#14223=CARTESIAN_POINT('',(29.,256.011528842175,-11.0772730160627));
#14224=CARTESIAN_POINT('',(34.,256.011528842175,-11.0772730160627));
#14225=CARTESIAN_POINT('',(29.,259.748218278026,-8.36240922696881));
#14226=CARTESIAN_POINT('',(29.,256.011528842175,-11.0772730160627));
#14227=CARTESIAN_POINT('',(34.,259.748218278026,-8.36240922696881));
#14228=CARTESIAN_POINT('Origin',(34.,259.265421986781,-3.76890935492199));
#14229=CARTESIAN_POINT('',(34.,259.265421986781,-3.76890935492199));
#14230=CARTESIAN_POINT('',(34.,259.748218278026,-8.36240922696881));
#14231=CARTESIAN_POINT('',(29.,259.265421986781,-3.76890935492199));
#14232=CARTESIAN_POINT('',(29.,259.748218278026,-8.36240922696881));
#14233=CARTESIAN_POINT('',(34.,259.265421986781,-3.76890935492199));
#14234=CARTESIAN_POINT('Origin',(34.,255.045936259686,-1.8902732719692));
#14235=CARTESIAN_POINT('',(34.,255.045936259686,-1.8902732719692));
#14236=CARTESIAN_POINT('',(34.,259.265421986781,-3.76890935492199));
#14237=CARTESIAN_POINT('',(29.,255.045936259686,-1.8902732719692));
#14238=CARTESIAN_POINT('',(29.,259.265421986781,-3.76890935492199));
#14239=CARTESIAN_POINT('',(34.,255.045936259686,-1.8902732719692));
#14240=CARTESIAN_POINT('Origin',(34.,251.309246823835,-4.60513706106315));
#14241=CARTESIAN_POINT('',(34.,251.309246823835,-4.60513706106315));
#14242=CARTESIAN_POINT('',(34.,255.045936259686,-1.8902732719692));
#14243=CARTESIAN_POINT('',(29.,251.309246823835,-4.60513706106315));
#14244=CARTESIAN_POINT('',(29.,255.045936259686,-1.8902732719692));
#14245=CARTESIAN_POINT('',(34.,251.309246823835,-4.60513706106315));
#14246=CARTESIAN_POINT('Origin',(34.,251.792043115079,-9.19863693310996));
#14247=CARTESIAN_POINT('',(34.,251.792043115079,-9.19863693310996));
#14248=CARTESIAN_POINT('',(34.,251.309246823835,-4.60513706106315));
#14249=CARTESIAN_POINT('',(29.,251.792043115079,-9.19863693310996));
#14250=CARTESIAN_POINT('',(29.,251.309246823835,-4.60513706106315));
#14251=CARTESIAN_POINT('',(34.,251.792043115079,-9.19863693310996));
#14252=CARTESIAN_POINT('Origin',(34.,256.011528842175,-11.0772730160627));
#14253=CARTESIAN_POINT('',(34.,251.792043115079,-9.19863693310996));
#14254=CARTESIAN_POINT('',(29.,251.792043115079,-9.19863693310996));
#14255=CARTESIAN_POINT('Origin',(34.,255.52873255093,-6.48377314401597));
#14256=CARTESIAN_POINT('Origin',(29.,255.52873255093,-6.48377314401597));
#14257=CARTESIAN_POINT('Origin',(34.,300.269763289269,-6.48377314401571));
#14258=CARTESIAN_POINT('',(29.,297.569763289269,-6.48377314401571));
#14259=CARTESIAN_POINT('Origin',(29.,300.269763289269,-6.48377314401571));
#14260=CARTESIAN_POINT('',(34.,297.569763289269,-6.48377314401571));
#14261=CARTESIAN_POINT('',(34.,297.569763289269,-6.48377314401571));
#14262=CARTESIAN_POINT('Origin',(34.,300.269763289269,-6.48377314401571));
#14263=CARTESIAN_POINT('Origin',(34.,304.489249016364,-4.60513706106298));
#14264=CARTESIAN_POINT('',(34.,304.006452725119,-9.19863693310973));
#14265=CARTESIAN_POINT('',(34.,304.489249016364,-4.60513706106298));
#14266=CARTESIAN_POINT('',(34.,304.006452725119,-9.19863693310973));
#14267=CARTESIAN_POINT('',(29.,304.006452725119,-9.19863693310973));
#14268=CARTESIAN_POINT('',(34.,304.006452725119,-9.19863693310973));
#14269=CARTESIAN_POINT('',(29.,304.489249016364,-4.60513706106298));
#14270=CARTESIAN_POINT('',(29.,304.006452725119,-9.19863693310973));
#14271=CARTESIAN_POINT('',(34.,304.489249016364,-4.60513706106298));
#14272=CARTESIAN_POINT('Origin',(34.,300.752559580513,-1.89027327196893));
#14273=CARTESIAN_POINT('',(34.,300.752559580513,-1.89027327196893));
#14274=CARTESIAN_POINT('',(34.,304.489249016364,-4.60513706106298));
#14275=CARTESIAN_POINT('',(29.,300.752559580513,-1.89027327196893));
#14276=CARTESIAN_POINT('',(29.,304.489249016364,-4.60513706106298));
#14277=CARTESIAN_POINT('',(34.,300.752559580513,-1.89027327196893));
#14278=CARTESIAN_POINT('Origin',(34.,296.533073853418,-3.7689093549217));
#14279=CARTESIAN_POINT('',(34.,296.533073853418,-3.7689093549217));
#14280=CARTESIAN_POINT('',(34.,300.752559580513,-1.89027327196893));
#14281=CARTESIAN_POINT('',(29.,296.533073853418,-3.7689093549217));
#14282=CARTESIAN_POINT('',(29.,300.752559580513,-1.89027327196893));
#14283=CARTESIAN_POINT('',(34.,296.533073853418,-3.7689093549217));
#14284=CARTESIAN_POINT('Origin',(34.,296.050277562173,-8.36240922696845));
#14285=CARTESIAN_POINT('',(34.,296.050277562173,-8.36240922696845));
#14286=CARTESIAN_POINT('',(34.,296.533073853418,-3.7689093549217));
#14287=CARTESIAN_POINT('',(29.,296.050277562173,-8.36240922696845));
#14288=CARTESIAN_POINT('',(29.,296.533073853418,-3.7689093549217));
#14289=CARTESIAN_POINT('',(34.,296.050277562173,-8.36240922696845));
#14290=CARTESIAN_POINT('Origin',(34.,299.786966998024,-11.0772730160625));
#14291=CARTESIAN_POINT('',(34.,299.786966998024,-11.0772730160625));
#14292=CARTESIAN_POINT('',(34.,296.050277562173,-8.36240922696845));
#14293=CARTESIAN_POINT('',(29.,299.786966998024,-11.0772730160625));
#14294=CARTESIAN_POINT('',(29.,296.050277562173,-8.36240922696845));
#14295=CARTESIAN_POINT('',(34.,299.786966998024,-11.0772730160625));
#14296=CARTESIAN_POINT('Origin',(34.,304.006452725119,-9.19863693310973));
#14297=CARTESIAN_POINT('',(34.,299.786966998024,-11.0772730160625));
#14298=CARTESIAN_POINT('',(29.,299.786966998024,-11.0772730160625));
#14299=CARTESIAN_POINT('Origin',(34.,300.269763289269,-6.48377314401571));
#14300=CARTESIAN_POINT('Origin',(29.,300.269763289269,-6.48377314401571));
#14301=CARTESIAN_POINT('Origin',(34.,330.207356316333,26.7652923357057));
#14302=CARTESIAN_POINT('',(29.,327.507356316333,26.7652923357057));
#14303=CARTESIAN_POINT('Origin',(29.,330.207356316333,26.7652923357057));
#14304=CARTESIAN_POINT('',(34.,327.507356316333,26.7652923357057));
#14305=CARTESIAN_POINT('',(34.,327.507356316333,26.7652923357057));
#14306=CARTESIAN_POINT('Origin',(34.,330.207356316333,26.7652923357057));
#14307=CARTESIAN_POINT('Origin',(34.,331.634644675425,31.1580342212861));
#14308=CARTESIAN_POINT('',(34.,334.72522656106,27.7255953009961));
#14309=CARTESIAN_POINT('',(34.,331.634644675425,31.1580342212861));
#14310=CARTESIAN_POINT('',(34.,334.72522656106,27.7255953009961));
#14311=CARTESIAN_POINT('',(29.,334.72522656106,27.7255953009961));
#14312=CARTESIAN_POINT('',(34.,334.72522656106,27.7255953009961));
#14313=CARTESIAN_POINT('',(29.,331.634644675425,31.1580342212861));
#14314=CARTESIAN_POINT('',(29.,334.72522656106,27.7255953009961));
#14315=CARTESIAN_POINT('',(34.,331.634644675425,31.1580342212861));
#14316=CARTESIAN_POINT('Origin',(34.,327.116774430699,30.1977312559957));
#14317=CARTESIAN_POINT('',(34.,327.116774430699,30.1977312559957));
#14318=CARTESIAN_POINT('',(34.,331.634644675425,31.1580342212861));
#14319=CARTESIAN_POINT('',(29.,327.116774430699,30.1977312559957));
#14320=CARTESIAN_POINT('',(29.,331.634644675425,31.1580342212861));
#14321=CARTESIAN_POINT('',(34.,327.116774430699,30.1977312559957));
#14322=CARTESIAN_POINT('Origin',(34.,325.689486071606,25.8049893704153));
#14323=CARTESIAN_POINT('',(34.,325.689486071606,25.8049893704153));
#14324=CARTESIAN_POINT('',(34.,327.116774430699,30.1977312559957));
#14325=CARTESIAN_POINT('',(29.,325.689486071606,25.8049893704153));
#14326=CARTESIAN_POINT('',(29.,327.116774430699,30.1977312559957));
#14327=CARTESIAN_POINT('',(34.,325.689486071606,25.8049893704153));
#14328=CARTESIAN_POINT('Origin',(34.,328.780067957241,22.3725504501252));
#14329=CARTESIAN_POINT('',(34.,328.780067957241,22.3725504501252));
#14330=CARTESIAN_POINT('',(34.,325.689486071606,25.8049893704153));
#14331=CARTESIAN_POINT('',(29.,328.780067957241,22.3725504501252));
#14332=CARTESIAN_POINT('',(29.,325.689486071606,25.8049893704153));
#14333=CARTESIAN_POINT('',(34.,328.780067957241,22.3725504501252));
#14334=CARTESIAN_POINT('Origin',(34.,333.297938201967,23.3328534154156));
#14335=CARTESIAN_POINT('',(34.,333.297938201967,23.3328534154156));
#14336=CARTESIAN_POINT('',(34.,328.780067957241,22.3725504501252));
#14337=CARTESIAN_POINT('',(29.,333.297938201967,23.3328534154156));
#14338=CARTESIAN_POINT('',(29.,328.780067957241,22.3725504501252));
#14339=CARTESIAN_POINT('',(34.,333.297938201967,23.3328534154156));
#14340=CARTESIAN_POINT('Origin',(34.,334.72522656106,27.7255953009961));
#14341=CARTESIAN_POINT('',(34.,333.297938201967,23.3328534154156));
#14342=CARTESIAN_POINT('',(29.,333.297938201967,23.3328534154156));
#14343=CARTESIAN_POINT('Origin',(34.,330.207356316333,26.7652923357057));
#14344=CARTESIAN_POINT('Origin',(29.,330.207356316333,26.7652923357057));
#14345=CARTESIAN_POINT('Origin',(34.,325.530645128243,71.2612270263279));
#14346=CARTESIAN_POINT('',(29.,322.830645128244,71.2612270263279));
#14347=CARTESIAN_POINT('Origin',(29.,325.530645128243,71.2612270263279));
#14348=CARTESIAN_POINT('',(34.,322.830645128244,71.2612270263279));
#14349=CARTESIAN_POINT('',(34.,322.830645128244,71.2612270263279));
#14350=CARTESIAN_POINT('Origin',(34.,325.530645128243,71.2612270263279));
#14351=CARTESIAN_POINT('Origin',(34.,323.221244051485,75.261227026328));
#14352=CARTESIAN_POINT('',(34.,327.840046205002,75.2612270263279));
#14353=CARTESIAN_POINT('',(34.,323.221244051485,75.261227026328));
#14354=CARTESIAN_POINT('',(34.,327.840046205002,75.2612270263279));
#14355=CARTESIAN_POINT('',(29.,327.840046205002,75.2612270263279));
#14356=CARTESIAN_POINT('',(34.,327.840046205002,75.2612270263279));
#14357=CARTESIAN_POINT('',(29.,323.221244051485,75.261227026328));
#14358=CARTESIAN_POINT('',(29.,327.840046205002,75.2612270263279));
#14359=CARTESIAN_POINT('',(34.,323.221244051485,75.261227026328));
#14360=CARTESIAN_POINT('Origin',(34.,320.911842974726,71.261227026328));
#14361=CARTESIAN_POINT('',(34.,320.911842974726,71.261227026328));
#14362=CARTESIAN_POINT('',(34.,323.221244051485,75.261227026328));
#14363=CARTESIAN_POINT('',(29.,320.911842974726,71.261227026328));
#14364=CARTESIAN_POINT('',(29.,323.221244051485,75.261227026328));
#14365=CARTESIAN_POINT('',(34.,320.911842974726,71.261227026328));
#14366=CARTESIAN_POINT('Origin',(34.,323.221244051485,67.2612270263279));
#14367=CARTESIAN_POINT('',(34.,323.221244051485,67.2612270263279));
#14368=CARTESIAN_POINT('',(34.,320.911842974726,71.261227026328));
#14369=CARTESIAN_POINT('',(29.,323.221244051485,67.2612270263279));
#14370=CARTESIAN_POINT('',(29.,320.911842974726,71.261227026328));
#14371=CARTESIAN_POINT('',(34.,323.221244051485,67.2612270263279));
#14372=CARTESIAN_POINT('Origin',(34.,327.840046205002,67.2612270263279));
#14373=CARTESIAN_POINT('',(34.,327.840046205002,67.2612270263279));
#14374=CARTESIAN_POINT('',(34.,323.221244051485,67.2612270263279));
#14375=CARTESIAN_POINT('',(29.,327.840046205002,67.2612270263279));
#14376=CARTESIAN_POINT('',(29.,323.221244051485,67.2612270263279));
#14377=CARTESIAN_POINT('',(34.,327.840046205002,67.2612270263279));
#14378=CARTESIAN_POINT('Origin',(34.,330.14944728176,71.2612270263279));
#14379=CARTESIAN_POINT('',(34.,330.14944728176,71.2612270263279));
#14380=CARTESIAN_POINT('',(34.,327.840046205002,67.2612270263279));
#14381=CARTESIAN_POINT('',(29.,330.14944728176,71.2612270263279));
#14382=CARTESIAN_POINT('',(29.,327.840046205002,67.2612270263279));
#14383=CARTESIAN_POINT('',(34.,330.14944728176,71.2612270263279));
#14384=CARTESIAN_POINT('Origin',(34.,327.840046205002,75.2612270263279));
#14385=CARTESIAN_POINT('',(34.,330.14944728176,71.2612270263279));
#14386=CARTESIAN_POINT('',(29.,330.14944728176,71.2612270263279));
#14387=CARTESIAN_POINT('Origin',(34.,325.530645128243,71.2612270263279));
#14388=CARTESIAN_POINT('Origin',(29.,325.530645128243,71.2612270263279));
#14389=CARTESIAN_POINT('Origin',(26.,678.579922411616,41.7147846501796));
#14390=CARTESIAN_POINT('',(26.,676.829922411616,41.7147846501796));
#14391=CARTESIAN_POINT('Origin',(26.,678.579922411616,41.7147846501796));
#14392=CARTESIAN_POINT('',(21.,676.829922411616,41.7147846501796));
#14393=CARTESIAN_POINT('',(26.,676.829922411616,41.7147846501796));
#14394=CARTESIAN_POINT('Origin',(21.,678.579922411616,41.7147846501796));
#14395=CARTESIAN_POINT('Origin',(26.,678.579922411616,50.2000660244182));
#14396=CARTESIAN_POINT('',(26.,676.829922411616,50.2000660244182));
#14397=CARTESIAN_POINT('Origin',(26.,678.579922411616,50.2000660244182));
#14398=CARTESIAN_POINT('',(21.,676.829922411616,50.2000660244182));
#14399=CARTESIAN_POINT('',(26.,676.829922411616,50.2000660244182));
#14400=CARTESIAN_POINT('Origin',(21.,678.579922411616,50.2000660244182));
#14401=CARTESIAN_POINT('Origin',(26.,670.094641037377,41.7147846501796));
#14402=CARTESIAN_POINT('',(26.,668.344641037377,41.7147846501796));
#14403=CARTESIAN_POINT('Origin',(26.,670.094641037377,41.7147846501796));
#14404=CARTESIAN_POINT('',(21.,668.344641037377,41.7147846501796));
#14405=CARTESIAN_POINT('',(26.,668.344641037377,41.7147846501796));
#14406=CARTESIAN_POINT('Origin',(21.,670.094641037377,41.7147846501796));
#14407=CARTESIAN_POINT('Origin',(26.,670.094641037377,50.2000660244182));
#14408=CARTESIAN_POINT('',(26.,668.344641037377,50.2000660244182));
#14409=CARTESIAN_POINT('Origin',(26.,670.094641037377,50.2000660244182));
#14410=CARTESIAN_POINT('',(21.,668.344641037377,50.2000660244182));
#14411=CARTESIAN_POINT('',(26.,668.344641037377,50.2000660244182));
#14412=CARTESIAN_POINT('Origin',(21.,670.094641037377,50.2000660244182));
#14413=CARTESIAN_POINT('Origin',(26.,674.337281724497,45.9574253372989));
#14414=CARTESIAN_POINT('',(26.,671.837281724497,45.9574253372989));
#14415=CARTESIAN_POINT('Origin',(26.,674.337281724497,45.9574253372989));
#14416=CARTESIAN_POINT('',(21.,671.837281724497,45.9574253372989));
#14417=CARTESIAN_POINT('',(26.,671.837281724497,45.9574253372989));
#14418=CARTESIAN_POINT('Origin',(21.,674.337281724497,45.9574253372989));
#14419=CARTESIAN_POINT('Origin',(26.,615.855179425443,54.4552904034776));
#14420=CARTESIAN_POINT('',(21.,615.855179425443,54.4552904034776));
#14421=CARTESIAN_POINT('',(29.,615.855179425443,54.4552904034776));
#14422=CARTESIAN_POINT('',(21.,615.855179425443,54.4552904034776));
#14423=CARTESIAN_POINT('',(21.,620.127408724127,56.3574094374672));
#14424=CARTESIAN_POINT('',(21.,618.136846049346,55.4711538347503));
#14425=CARTESIAN_POINT('',(29.,620.127408724127,56.3574094374672));
#14426=CARTESIAN_POINT('',(26.,620.127408724127,56.3574094374672));
#14427=CARTESIAN_POINT('',(29.,615.855179425443,54.4552904034776));
#14428=CARTESIAN_POINT('Origin',(26.,620.584043864682,58.5057088687709));
#14429=CARTESIAN_POINT('',(21.,617.454829705478,61.9810532755645));
#14430=CARTESIAN_POINT('',(29.,617.454829705477,61.9810532755645));
#14431=CARTESIAN_POINT('',(21.,617.454829705478,61.9810532755645));
#14432=CARTESIAN_POINT('',(29.,620.584043864682,58.5057088687709));
#14433=CARTESIAN_POINT('',(29.,620.584043864682,58.5057088687709));
#14434=CARTESIAN_POINT('',(21.,620.584043864682,58.5057088687709));
#14435=CARTESIAN_POINT('',(26.,620.584043864682,58.5057088687709));
#14436=CARTESIAN_POINT('',(21.,635.737553172684,41.6760317877239));
#14437=CARTESIAN_POINT('Origin',(26.,617.454829705477,61.9810532755645));
#14438=CARTESIAN_POINT('',(21.,618.899959169058,66.4287044347146));
#14439=CARTESIAN_POINT('',(29.,618.899959169058,66.4287044347146));
#14440=CARTESIAN_POINT('',(21.,618.899959169058,66.4287044347146));
#14441=CARTESIAN_POINT('',(29.,617.454829705477,61.9810532755645));
#14442=CARTESIAN_POINT('',(21.,618.899959169058,66.4287044347146));
#14443=CARTESIAN_POINT('Origin',(26.,618.899959169058,66.4287044347146));
#14444=CARTESIAN_POINT('',(21.,623.474302791844,67.4010111870712));
#14445=CARTESIAN_POINT('',(21.,621.342975786539,66.9479836470291));
#14446=CARTESIAN_POINT('',(29.,623.474302791844,67.4010111870712));
#14447=CARTESIAN_POINT('',(26.,623.474302791844,67.4010111870712));
#14448=CARTESIAN_POINT('',(29.,618.899959169058,66.4287044347146));
#14449=CARTESIAN_POINT('Origin',(26.,624.367615926135,69.407425337299));
#14450=CARTESIAN_POINT('',(21.,622.029347335917,73.4574253372989));
#14451=CARTESIAN_POINT('',(29.,622.029347335917,73.457425337299));
#14452=CARTESIAN_POINT('',(21.,622.029347335917,73.4574253372989));
#14453=CARTESIAN_POINT('',(29.,624.367615926135,69.407425337299));
#14454=CARTESIAN_POINT('',(29.,624.367615926135,69.407425337299));
#14455=CARTESIAN_POINT('',(21.,624.367615926135,69.407425337299));
#14456=CARTESIAN_POINT('',(26.,624.367615926135,69.407425337299));
#14457=CARTESIAN_POINT('',(21.,635.690898080616,49.7949253372989));
#14458=CARTESIAN_POINT('Origin',(26.,622.029347335917,73.457425337299));
#14459=CARTESIAN_POINT('',(21.,624.367615926135,77.507425337299));
#14460=CARTESIAN_POINT('',(29.,624.367615926135,77.507425337299));
#14461=CARTESIAN_POINT('',(21.,624.367615926135,77.507425337299));
#14462=CARTESIAN_POINT('',(29.,622.029347335917,73.457425337299));
#14463=CARTESIAN_POINT('',(21.,624.367615926135,77.507425337299));
#14464=CARTESIAN_POINT('Origin',(26.,624.367615926135,77.507425337299));
#14465=CARTESIAN_POINT('',(21.,629.044153106571,77.5074253372989));
#14466=CARTESIAN_POINT('',(21.,626.865210988116,77.507425337299));
#14467=CARTESIAN_POINT('',(29.,629.044153106571,77.5074253372989));
#14468=CARTESIAN_POINT('',(26.,629.044153106571,77.5074253372989));
#14469=CARTESIAN_POINT('',(29.,624.367615926135,77.507425337299));
#14470=CARTESIAN_POINT('Origin',(26.,630.335102164035,79.2842642802425));
#14471=CARTESIAN_POINT('',(21.,628.889972700454,83.7319154393926));
#14472=CARTESIAN_POINT('',(29.,628.889972700454,83.7319154393927));
#14473=CARTESIAN_POINT('',(21.,628.889972700454,83.7319154393926));
#14474=CARTESIAN_POINT('',(29.,630.335102164035,79.2842642802425));
#14475=CARTESIAN_POINT('',(29.,630.335102164035,79.2842642802425));
#14476=CARTESIAN_POINT('',(21.,630.335102164035,79.2842642802425));
#14477=CARTESIAN_POINT('',(26.,630.335102164035,79.2842642802425));
#14478=CARTESIAN_POINT('',(21.,637.33327539971,57.7461017225059));
#14479=CARTESIAN_POINT('Origin',(26.,628.889972700454,83.7319154393927));
#14480=CARTESIAN_POINT('',(21.,632.019186859659,87.2072598461863));
#14481=CARTESIAN_POINT('',(29.,632.019186859659,87.2072598461863));
#14482=CARTESIAN_POINT('',(21.,632.019186859659,87.2072598461863));
#14483=CARTESIAN_POINT('',(29.,628.889972700454,83.7319154393927));
#14484=CARTESIAN_POINT('',(21.,632.019186859659,87.2072598461863));
#14485=CARTESIAN_POINT('Origin',(26.,632.019186859659,87.2072598461863));
#14486=CARTESIAN_POINT('',(21.,636.593530482445,86.2349530938297));
#14487=CARTESIAN_POINT('',(21.,634.46220347714,86.6879806338717));
#14488=CARTESIAN_POINT('',(29.,636.593530482445,86.2349530938297));
#14489=CARTESIAN_POINT('',(26.,636.593530482445,86.2349530938297));
#14490=CARTESIAN_POINT('',(29.,632.019186859659,87.2072598461863));
#14491=CARTESIAN_POINT('Origin',(26.,638.225694794612,87.7045604414634));
#14492=CARTESIAN_POINT('',(21.,637.736863549727,92.3554790619107));
#14493=CARTESIAN_POINT('',(29.,637.736863549727,92.3554790619107));
#14494=CARTESIAN_POINT('',(21.,637.736863549727,92.3554790619107));
#14495=CARTESIAN_POINT('',(29.,638.225694794612,87.7045604414634));
#14496=CARTESIAN_POINT('',(29.,638.225694794612,87.7045604414634));
#14497=CARTESIAN_POINT('',(21.,638.225694794612,87.7045604414634));
#14498=CARTESIAN_POINT('',(26.,638.225694794612,87.7045604414634));
#14499=CARTESIAN_POINT('',(21.,640.59290536012,65.1820563813339));
#14500=CARTESIAN_POINT('Origin',(26.,637.736863549727,92.3554790619107));
#14501=CARTESIAN_POINT('',(21.,641.520261603526,95.1042786483684));
#14502=CARTESIAN_POINT('',(29.,641.520261603526,95.1042786483684));
#14503=CARTESIAN_POINT('',(21.,641.520261603526,95.1042786483684));
#14504=CARTESIAN_POINT('',(29.,637.736863549727,92.3554790619107));
#14505=CARTESIAN_POINT('',(21.,641.520261603526,95.1042786483684));
#14506=CARTESIAN_POINT('Origin',(26.,641.520261603526,95.1042786483684));
#14507=CARTESIAN_POINT('',(21.,645.79249090221,93.2021596143787));
#14508=CARTESIAN_POINT('',(21.,643.801928227429,94.0884152170957));
#14509=CARTESIAN_POINT('',(29.,645.79249090221,93.2021596143787));
#14510=CARTESIAN_POINT('',(26.,645.79249090221,93.2021596143787));
#14511=CARTESIAN_POINT('',(29.,641.520261603526,95.1042786483684));
#14512=CARTESIAN_POINT('Origin',(26.,647.694537056644,94.3003064736523));
#14513=CARTESIAN_POINT('',(21.,648.183368301529,98.9512250940996));
#14514=CARTESIAN_POINT('',(29.,648.183368301529,98.9512250940997));
#14515=CARTESIAN_POINT('',(21.,648.183368301529,98.9512250940996));
#14516=CARTESIAN_POINT('',(29.,647.694537056644,94.3003064736523));
#14517=CARTESIAN_POINT('',(29.,647.694537056644,94.3003064736523));
#14518=CARTESIAN_POINT('',(21.,647.694537056644,94.3003064736523));
#14519=CARTESIAN_POINT('',(26.,647.694537056644,94.3003064736523));
#14520=CARTESIAN_POINT('',(21.,645.327326491136,71.7778024135228));
#14521=CARTESIAN_POINT('Origin',(26.,648.183368301529,98.9512250940997));
#14522=CARTESIAN_POINT('',(21.,652.455597600213,100.853344128089));
#14523=CARTESIAN_POINT('',(29.,652.455597600213,100.853344128089));
#14524=CARTESIAN_POINT('',(21.,652.455597600213,100.853344128089));
#14525=CARTESIAN_POINT('',(29.,648.183368301529,98.9512250940997));
#14526=CARTESIAN_POINT('',(21.,652.455597600213,100.853344128089));
#14527=CARTESIAN_POINT('Origin',(26.,652.455597600213,100.853344128089));
#14528=CARTESIAN_POINT('',(21.,656.238995654012,98.1045445416316));
#14529=CARTESIAN_POINT('',(21.,654.476194450422,99.3852945844585));
#14530=CARTESIAN_POINT('',(29.,656.238995654012,98.1045445416316));
#14531=CARTESIAN_POINT('',(26.,656.238995654012,98.1045445416316));
#14532=CARTESIAN_POINT('',(29.,652.455597600213,100.853344128089));
#14533=CARTESIAN_POINT('Origin',(26.,658.327795106734,98.7832366253017));
#14534=CARTESIAN_POINT('',(21.,659.772924570315,103.230887784452));
#14535=CARTESIAN_POINT('',(29.,659.772924570315,103.230887784452));
#14536=CARTESIAN_POINT('',(21.,659.772924570315,103.230887784452));
#14537=CARTESIAN_POINT('',(29.,658.327795106734,98.7832366253017));
#14538=CARTESIAN_POINT('',(29.,658.327795106734,98.7832366253017));
#14539=CARTESIAN_POINT('',(21.,658.327795106734,98.7832366253017));
#14540=CARTESIAN_POINT('',(26.,658.327795106734,98.7832366253017));
#14541=CARTESIAN_POINT('',(21.,651.329621871059,77.2450740675653));
#14542=CARTESIAN_POINT('Origin',(26.,659.772924570315,103.230887784452));
#14543=CARTESIAN_POINT('',(21.,664.347268193101,104.203194536808));
#14544=CARTESIAN_POINT('',(29.,664.347268193101,104.203194536808));
#14545=CARTESIAN_POINT('',(21.,664.347268193101,104.203194536808));
#14546=CARTESIAN_POINT('',(29.,659.772924570315,103.230887784452));
#14547=CARTESIAN_POINT('',(21.,664.347268193101,104.203194536808));
#14548=CARTESIAN_POINT('Origin',(26.,664.347268193101,104.203194536808));
#14549=CARTESIAN_POINT('',(21.,667.476482352306,100.727850130015));
#14550=CARTESIAN_POINT('',(21.,666.018485491363,102.34711969036));
#14551=CARTESIAN_POINT('',(29.,667.476482352306,100.727850130015));
#14552=CARTESIAN_POINT('',(26.,667.476482352306,100.727850130015));
#14553=CARTESIAN_POINT('',(29.,664.347268193101,104.203194536808));
#14554=CARTESIAN_POINT('Origin',(26.,669.660744544061,100.957425337299));
#14555=CARTESIAN_POINT('',(21.,671.999013134279,105.007425337299));
#14556=CARTESIAN_POINT('',(29.,671.999013134279,105.007425337299));
#14557=CARTESIAN_POINT('',(21.,671.999013134279,105.007425337299));
#14558=CARTESIAN_POINT('',(29.,669.660744544061,100.957425337299));
#14559=CARTESIAN_POINT('',(29.,669.660744544061,100.957425337299));
#14560=CARTESIAN_POINT('',(21.,669.660744544061,100.957425337299));
#14561=CARTESIAN_POINT('',(26.,669.660744544061,100.957425337299));
#14562=CARTESIAN_POINT('',(21.,658.337462389579,81.344925337299));
#14563=CARTESIAN_POINT('Origin',(26.,671.999013134279,105.007425337299));
#14564=CARTESIAN_POINT('',(21.,676.675550314715,105.007425337299));
#14565=CARTESIAN_POINT('',(29.,676.675550314715,105.007425337299));
#14566=CARTESIAN_POINT('',(21.,676.675550314715,105.007425337299));
#14567=CARTESIAN_POINT('',(29.,671.999013134279,105.007425337299));
#14568=CARTESIAN_POINT('',(21.,676.675550314715,105.007425337299));
#14569=CARTESIAN_POINT('Origin',(26.,676.675550314715,105.007425337299));
#14570=CARTESIAN_POINT('',(21.,679.013818904933,100.957425337299));
#14571=CARTESIAN_POINT('',(21.,677.924347845705,102.844444565257));
#14572=CARTESIAN_POINT('',(29.,679.013818904933,100.957425337299));
#14573=CARTESIAN_POINT('',(26.,679.013818904933,100.957425337299));
#14574=CARTESIAN_POINT('',(29.,676.675550314715,105.007425337299));
#14575=CARTESIAN_POINT('Origin',(26.,681.198081096688,100.727850130015));
#14576=CARTESIAN_POINT('',(21.,684.327295255893,104.203194536808));
#14577=CARTESIAN_POINT('',(29.,684.327295255893,104.203194536808));
#14578=CARTESIAN_POINT('',(21.,684.327295255893,104.203194536808));
#14579=CARTESIAN_POINT('',(29.,681.198081096688,100.727850130015));
#14580=CARTESIAN_POINT('',(29.,681.198081096688,100.727850130015));
#14581=CARTESIAN_POINT('',(21.,681.198081096688,100.727850130015));
#14582=CARTESIAN_POINT('',(26.,681.198081096688,100.727850130015));
#14583=CARTESIAN_POINT('',(21.,666.044571788686,83.8981730489679));
#14584=CARTESIAN_POINT('Origin',(26.,684.327295255893,104.203194536808));
#14585=CARTESIAN_POINT('',(21.,688.901638878678,103.230887784452));
#14586=CARTESIAN_POINT('',(29.,688.901638878678,103.230887784452));
#14587=CARTESIAN_POINT('',(21.,688.901638878678,103.230887784452));
#14588=CARTESIAN_POINT('',(29.,684.327295255893,104.203194536808));
#14589=CARTESIAN_POINT('',(21.,688.901638878678,103.230887784452));
#14590=CARTESIAN_POINT('Origin',(26.,688.901638878678,103.230887784452));
#14591=CARTESIAN_POINT('',(21.,690.346768342259,98.7832366253016));
#14592=CARTESIAN_POINT('',(21.,689.673438197897,100.855533725688));
#14593=CARTESIAN_POINT('',(29.,690.346768342259,98.7832366253016));
#14594=CARTESIAN_POINT('',(26.,690.346768342259,98.7832366253016));
#14595=CARTESIAN_POINT('',(29.,688.901638878678,103.230887784452));
#14596=CARTESIAN_POINT('Origin',(26.,692.435567794982,98.1045445416317));
#14597=CARTESIAN_POINT('',(21.,696.218965848781,100.853344128089));
#14598=CARTESIAN_POINT('',(29.,696.218965848781,100.853344128089));
#14599=CARTESIAN_POINT('',(21.,696.218965848781,100.853344128089));
#14600=CARTESIAN_POINT('',(29.,692.435567794982,98.1045445416317));
#14601=CARTESIAN_POINT('',(29.,692.435567794982,98.1045445416317));
#14602=CARTESIAN_POINT('',(21.,692.435567794982,98.1045445416317));
#14603=CARTESIAN_POINT('',(26.,692.435567794982,98.1045445416317));
#14604=CARTESIAN_POINT('',(21.,674.114112404826,84.7932280257303));
#14605=CARTESIAN_POINT('Origin',(26.,696.218965848781,100.853344128089));
#14606=CARTESIAN_POINT('',(21.,700.491195147465,98.9512250940996));
#14607=CARTESIAN_POINT('',(29.,700.491195147465,98.9512250940996));
#14608=CARTESIAN_POINT('',(21.,700.491195147465,98.9512250940996));
#14609=CARTESIAN_POINT('',(29.,696.218965848781,100.853344128089));
#14610=CARTESIAN_POINT('',(21.,700.491195147465,98.9512250940996));
#14611=CARTESIAN_POINT('Origin',(26.,700.491195147465,98.9512250940996));
#14612=CARTESIAN_POINT('',(21.,700.98002639235,94.3003064736522));
#14613=CARTESIAN_POINT('',(21.,700.752264921158,96.4673121191962));
#14614=CARTESIAN_POINT('',(29.,700.98002639235,94.3003064736522));
#14615=CARTESIAN_POINT('',(26.,700.98002639235,94.3003064736522));
#14616=CARTESIAN_POINT('',(29.,700.491195147465,98.9512250940996));
#14617=CARTESIAN_POINT('Origin',(26.,702.882072546784,93.2021596143788));
#14618=CARTESIAN_POINT('',(21.,707.154301845468,95.1042786483684));
#14619=CARTESIAN_POINT('',(29.,707.154301845468,95.1042786483684));
#14620=CARTESIAN_POINT('',(21.,707.154301845468,95.1042786483684));
#14621=CARTESIAN_POINT('',(29.,702.882072546784,93.2021596143788));
#14622=CARTESIAN_POINT('',(29.,702.882072546784,93.2021596143788));
#14623=CARTESIAN_POINT('',(21.,702.882072546784,93.2021596143788));
#14624=CARTESIAN_POINT('',(26.,702.882072546784,93.2021596143788));
#14625=CARTESIAN_POINT('',(21.,682.19340659112,83.990972070151));
#14626=CARTESIAN_POINT('Origin',(26.,707.154301845468,95.1042786483684));
#14627=CARTESIAN_POINT('',(21.,710.937699899267,92.3554790619107));
#14628=CARTESIAN_POINT('',(29.,710.937699899267,92.3554790619107));
#14629=CARTESIAN_POINT('',(21.,710.937699899267,92.3554790619107));
#14630=CARTESIAN_POINT('',(29.,707.154301845468,95.1042786483684));
#14631=CARTESIAN_POINT('',(21.,710.937699899267,92.3554790619107));
#14632=CARTESIAN_POINT('Origin',(26.,710.937699899267,92.3554790619107));
#14633=CARTESIAN_POINT('',(21.,710.448868654382,87.7045604414634));
#14634=CARTESIAN_POINT('',(21.,710.676630125573,89.8715660870072));
#14635=CARTESIAN_POINT('',(29.,710.448868654382,87.7045604414634));
#14636=CARTESIAN_POINT('',(26.,710.448868654382,87.7045604414634));
#14637=CARTESIAN_POINT('',(29.,710.937699899267,92.3554790619107));
#14638=CARTESIAN_POINT('Origin',(26.,712.081032966548,86.2349530938298));
#14639=CARTESIAN_POINT('',(21.,716.655376589335,87.2072598461862));
#14640=CARTESIAN_POINT('',(29.,716.655376589335,87.2072598461863));
#14641=CARTESIAN_POINT('',(21.,716.655376589335,87.2072598461862));
#14642=CARTESIAN_POINT('',(29.,712.081032966548,86.2349530938298));
#14643=CARTESIAN_POINT('',(29.,712.081032966548,86.2349530938298));
#14644=CARTESIAN_POINT('',(21.,712.081032966548,86.2349530938298));
#14645=CARTESIAN_POINT('',(26.,712.081032966548,86.2349530938298));
#14646=CARTESIAN_POINT('',(21.,689.929350422873,81.5264676171404));
#14647=CARTESIAN_POINT('Origin',(26.,716.655376589335,87.2072598461863));
#14648=CARTESIAN_POINT('',(21.,719.784590748539,83.7319154393926));
#14649=CARTESIAN_POINT('',(29.,719.784590748539,83.7319154393926));
#14650=CARTESIAN_POINT('',(21.,719.784590748539,83.7319154393926));
#14651=CARTESIAN_POINT('',(29.,716.655376589335,87.2072598461863));
#14652=CARTESIAN_POINT('',(21.,719.784590748539,83.7319154393926));
#14653=CARTESIAN_POINT('Origin',(26.,719.784590748539,83.7319154393926));
#14654=CARTESIAN_POINT('',(21.,718.339461284958,79.2842642802424));
#14655=CARTESIAN_POINT('',(21.,719.01279142932,81.3565613806293));
#14656=CARTESIAN_POINT('',(29.,718.339461284958,79.2842642802424));
#14657=CARTESIAN_POINT('',(26.,718.339461284958,79.2842642802424));
#14658=CARTESIAN_POINT('',(29.,719.784590748539,83.7319154393926));
#14659=CARTESIAN_POINT('Origin',(26.,719.630410342423,77.5074253372989));
#14660=CARTESIAN_POINT('',(21.,724.306947522859,77.5074253372988));
#14661=CARTESIAN_POINT('',(29.,724.306947522859,77.5074253372989));
#14662=CARTESIAN_POINT('',(21.,724.306947522859,77.5074253372988));
#14663=CARTESIAN_POINT('',(29.,719.630410342423,77.5074253372989));
#14664=CARTESIAN_POINT('',(29.,719.630410342423,77.5074253372989));
#14665=CARTESIAN_POINT('',(21.,719.630410342423,77.5074253372989));
#14666=CARTESIAN_POINT('',(26.,719.630410342423,77.5074253372989));
#14667=CARTESIAN_POINT('',(21.,696.98384603346,77.5074253372989));
#14668=CARTESIAN_POINT('Origin',(26.,724.306947522859,77.5074253372989));
#14669=CARTESIAN_POINT('',(21.,726.645216113077,73.4574253372988));
#14670=CARTESIAN_POINT('',(29.,726.645216113077,73.4574253372988));
#14671=CARTESIAN_POINT('',(21.,726.645216113077,73.4574253372988));
#14672=CARTESIAN_POINT('',(29.,724.306947522859,77.5074253372989));
#14673=CARTESIAN_POINT('',(21.,726.645216113077,73.4574253372988));
#14674=CARTESIAN_POINT('Origin',(26.,726.645216113077,73.4574253372988));
#14675=CARTESIAN_POINT('',(21.,724.306947522859,69.4074253372989));
#14676=CARTESIAN_POINT('',(21.,725.396418582087,71.2944445652569));
#14677=CARTESIAN_POINT('',(29.,724.306947522859,69.4074253372989));
#14678=CARTESIAN_POINT('',(26.,724.306947522859,69.4074253372989));
#14679=CARTESIAN_POINT('',(29.,726.645216113077,73.4574253372988));
#14680=CARTESIAN_POINT('Origin',(26.,725.200260657149,67.4010111870712));
#14681=CARTESIAN_POINT('',(21.,729.774604279935,66.4287044347146));
#14682=CARTESIAN_POINT('',(29.,729.774604279935,66.4287044347146));
#14683=CARTESIAN_POINT('',(21.,729.774604279935,66.4287044347146));
#14684=CARTESIAN_POINT('',(29.,725.200260657149,67.4010111870712));
#14685=CARTESIAN_POINT('',(29.,725.200260657149,67.4010111870712));
#14686=CARTESIAN_POINT('',(21.,725.200260657149,67.4010111870712));
#14687=CARTESIAN_POINT('',(26.,725.200260657149,67.4010111870712));
#14688=CARTESIAN_POINT('',(21.,703.048578113473,72.1094966637609));
#14689=CARTESIAN_POINT('Origin',(26.,729.774604279935,66.4287044347146));
#14690=CARTESIAN_POINT('',(21.,731.219733743516,61.9810532755644));
#14691=CARTESIAN_POINT('',(29.,731.219733743516,61.9810532755644));
#14692=CARTESIAN_POINT('',(21.,731.219733743516,61.9810532755644));
#14693=CARTESIAN_POINT('',(29.,729.774604279935,66.4287044347146));
#14694=CARTESIAN_POINT('',(21.,731.219733743516,61.9810532755644));
#14695=CARTESIAN_POINT('Origin',(26.,731.219733743516,61.9810532755644));
#14696=CARTESIAN_POINT('',(21.,728.090519584311,58.5057088687708));
#14697=CARTESIAN_POINT('',(21.,729.548516445254,60.1249784291156));
#14698=CARTESIAN_POINT('',(29.,728.090519584311,58.5057088687708));
#14699=CARTESIAN_POINT('',(26.,728.090519584311,58.5057088687708));
#14700=CARTESIAN_POINT('',(29.,731.219733743516,61.9810532755644));
#14701=CARTESIAN_POINT('Origin',(26.,728.547154724867,56.3574094374672));
#14702=CARTESIAN_POINT('',(21.,732.819384023551,54.4552904034774));
#14703=CARTESIAN_POINT('',(29.,732.819384023551,54.4552904034774));
#14704=CARTESIAN_POINT('',(21.,732.819384023551,54.4552904034774));
#14705=CARTESIAN_POINT('',(29.,728.547154724867,56.3574094374672));
#14706=CARTESIAN_POINT('',(29.,728.547154724867,56.3574094374672));
#14707=CARTESIAN_POINT('',(21.,728.547154724867,56.3574094374672));
#14708=CARTESIAN_POINT('',(26.,728.547154724867,56.3574094374672));
#14709=CARTESIAN_POINT('',(21.,707.858488769203,65.5685969816953));
#14710=CARTESIAN_POINT('Origin',(26.,732.819384023551,54.4552904034774));
#14711=CARTESIAN_POINT('',(21.,733.308215268436,49.80437178303));
#14712=CARTESIAN_POINT('',(29.,733.308215268436,49.80437178303));
#14713=CARTESIAN_POINT('',(21.,733.308215268436,49.80437178303));
#14714=CARTESIAN_POINT('',(29.,732.819384023551,54.4552904034774));
#14715=CARTESIAN_POINT('',(21.,733.308215268436,49.80437178303));
#14716=CARTESIAN_POINT('Origin',(26.,733.308215268436,49.80437178303));
#14717=CARTESIAN_POINT('',(21.,729.524817214637,47.0555721965724));
#14718=CARTESIAN_POINT('',(21.,731.287618418226,48.3363222393993));
#14719=CARTESIAN_POINT('',(29.,729.524817214637,47.0555721965724));
#14720=CARTESIAN_POINT('',(26.,729.524817214637,47.0555721965724));
#14721=CARTESIAN_POINT('',(29.,733.308215268436,49.80437178303));
#14722=CARTESIAN_POINT('Origin',(26.,729.524817214637,44.8592784780253));
#14723=CARTESIAN_POINT('',(29.,733.308215268436,42.1104788915676));
#14724=CARTESIAN_POINT('',(21.,733.308215268436,42.1104788915677));
#14725=CARTESIAN_POINT('',(26.,733.308215268436,42.1104788915676));
#14726=CARTESIAN_POINT('',(29.,729.524817214637,44.8592784780253));
#14727=CARTESIAN_POINT('',(29.,729.524817214637,44.8592784780253));
#14728=CARTESIAN_POINT('',(21.,729.524817214637,44.8592784780253));
#14729=CARTESIAN_POINT('',(26.,729.524817214637,44.8592784780253));
#14730=CARTESIAN_POINT('',(21.,711.203361824481,58.170594993927));
#14731=CARTESIAN_POINT('Origin',(26.,733.308215268436,42.1104788915676));
#14732=CARTESIAN_POINT('',(29.,732.819384023551,37.4595602711202));
#14733=CARTESIAN_POINT('',(21.,732.819384023551,37.4595602711202));
#14734=CARTESIAN_POINT('',(26.,732.819384023551,37.4595602711202));
#14735=CARTESIAN_POINT('',(29.,733.308215268436,42.1104788915676));
#14736=CARTESIAN_POINT('',(21.,732.819384023551,37.4595602711202));
#14737=CARTESIAN_POINT('Origin',(26.,732.819384023551,37.4595602711202));
#14738=CARTESIAN_POINT('',(21.,728.547154724867,35.5574412371306));
#14739=CARTESIAN_POINT('',(21.,709.994603418544,27.2973132098976));
#14740=CARTESIAN_POINT('',(29.,728.547154724867,35.5574412371306));
#14741=CARTESIAN_POINT('',(26.,728.547154724867,35.5574412371306));
#14742=CARTESIAN_POINT('',(29.,732.819384023551,37.4595602711202));
#14743=CARTESIAN_POINT('Origin',(26.,619.149746234357,47.0555721965725));
#14744=CARTESIAN_POINT('',(21.,615.366348180558,49.8043717830302));
#14745=CARTESIAN_POINT('',(29.,615.366348180558,49.8043717830302));
#14746=CARTESIAN_POINT('',(21.,615.366348180558,49.8043717830302));
#14747=CARTESIAN_POINT('',(29.,619.149746234357,47.0555721965725));
#14748=CARTESIAN_POINT('',(29.,619.149746234357,47.0555721965725));
#14749=CARTESIAN_POINT('',(21.,619.149746234357,47.0555721965725));
#14750=CARTESIAN_POINT('',(26.,619.149746234357,47.0555721965725));
#14751=CARTESIAN_POINT('',(21.,637.471201624513,33.7442556806708));
#14752=CARTESIAN_POINT('Origin',(26.,615.366348180558,49.8043717830302));
#14753=CARTESIAN_POINT('',(29.,615.366348180558,49.8043717830302));
#14754=CARTESIAN_POINT('',(21.,615.855179425443,54.4552904034776));
#14755=CARTESIAN_POINT('Origin',(21.,674.337281724497,45.9574253372989));
#14756=CARTESIAN_POINT('',(21.,613.337281724497,45.9574253372989));
#14757=CARTESIAN_POINT('Origin',(21.,674.337281724497,45.9574253372989));
#14758=CARTESIAN_POINT('',(21.,625.158387487468,59.4780156211274));
#14759=CARTESIAN_POINT('',(21.,647.310070031144,64.1865010978167));
#14760=CARTESIAN_POINT('',(21.,626.603516951049,63.9256667802775));
#14761=CARTESIAN_POINT('',(21.,626.242234585154,62.8137539904899));
#14762=CARTESIAN_POINT('',(21.,640.192419179448,48.8336619026273));
#14763=CARTESIAN_POINT('',(21.,623.421975533041,48.9576912305621));
#14764=CARTESIAN_POINT('',(21.,644.110641488705,58.1688787747899));
#14765=CARTESIAN_POINT('',(21.,623.910806777926,53.6086098510095));
#14766=CARTESIAN_POINT('',(21.,623.788598966705,52.4458801958977));
#14767=CARTESIAN_POINT('',(21.,640.340563141182,41.6716931283367));
#14768=CARTESIAN_POINT('',(21.,629.044153106571,69.4074253372989));
#14769=CARTESIAN_POINT('',(21.,651.690717415534,69.4074253372986));
#14770=CARTESIAN_POINT('',(21.,631.382421696789,73.4574253372989));
#14771=CARTESIAN_POINT('',(21.,630.797854549234,72.4449253372988));
#14772=CARTESIAN_POINT('',(21.,641.536569556161,55.8699253372989));
#14773=CARTESIAN_POINT('',(21.,619.149746234357,44.8592784780254));
#14774=CARTESIAN_POINT('',(21.,615.366348180558,42.1104788915677));
#14775=CARTESIAN_POINT('',(21.,635.579502597613,56.7961952006981));
#14776=CARTESIAN_POINT('',(21.,615.855179425443,37.4595602711203));
#14777=CARTESIAN_POINT('',(21.,615.366348180558,42.1104788915677));
#14778=CARTESIAN_POINT('',(21.,620.127408724127,35.5574412371306));
#14779=CARTESIAN_POINT('',(21.,640.816074679791,26.3462536929027));
#14780=CARTESIAN_POINT('',(21.,623.910806777926,38.3062408235883));
#14781=CARTESIAN_POINT('',(21.,642.232262168082,51.6175573394898));
#14782=CARTESIAN_POINT('',(21.,623.421975533041,42.9571594440356));
#14783=CARTESIAN_POINT('',(21.,623.544183344262,41.7944297889238));
#14784=CARTESIAN_POINT('',(21.,641.974526839363,34.6970314168024));
#14785=CARTESIAN_POINT('',(21.,634.909445786821,78.3119575278859));
#14786=CARTESIAN_POINT('',(21.,657.061128330497,73.6034720511962));
#14787=CARTESIAN_POINT('',(21.,638.038659946026,81.7873019346795));
#14788=CARTESIAN_POINT('',(21.,637.256356406225,80.9184658329811));
#14789=CARTESIAN_POINT('',(21.,644.31426844991,62.4729649565181));
#14790=CARTESIAN_POINT('',(21.,620.584043864682,33.409141805827));
#14791=CARTESIAN_POINT('',(21.,617.454829705477,29.9337973990333));
#14792=CARTESIAN_POINT('',(21.,634.172946093081,48.5011466834771));
#14793=CARTESIAN_POINT('',(21.,618.899959169058,25.4861462398832));
#14794=CARTESIAN_POINT('',(21.,617.454829705477,29.9337973990333));
#14795=CARTESIAN_POINT('',(21.,623.474302791844,24.5138394875266));
#14796=CARTESIAN_POINT('',(21.,645.62598533552,19.8053540108369));
#14797=CARTESIAN_POINT('',(21.,626.603516951049,27.9891838943202));
#14798=CARTESIAN_POINT('',(21.,641.757026259051,44.8188609753671));
#14799=CARTESIAN_POINT('',(21.,625.158387487468,32.4368350534704));
#14800=CARTESIAN_POINT('',(21.,625.519669853363,31.3249222636827));
#14801=CARTESIAN_POINT('',(21.,645.022898219751,28.2145029529588));
#14802=CARTESIAN_POINT('',(21.,642.497924093296,85.8024414074737));
#14803=CARTESIAN_POINT('',(21.,663.18659004896,76.5912538632459));
#14804=CARTESIAN_POINT('',(21.,646.281322147095,88.5512409939313));
#14805=CARTESIAN_POINT('',(21.,645.335472633645,87.864041097317));
#14806=CARTESIAN_POINT('',(21.,648.40411709016,68.3541962440256));
#14807=CARTESIAN_POINT('',(21.,624.367615926135,22.507425337299));
#14808=CARTESIAN_POINT('',(21.,622.029347335917,18.4574253372989));
#14809=CARTESIAN_POINT('',(21.,634.521763785507,40.0949253372989));
#14810=CARTESIAN_POINT('',(21.,624.367615926135,14.407425337299));
#14811=CARTESIAN_POINT('',(21.,622.029347335917,18.4574253372989));
#14812=CARTESIAN_POINT('',(21.,629.044153106571,14.4074253372989));
#14813=CARTESIAN_POINT('',(21.,651.690717415533,14.4074253372986));
#14814=CARTESIAN_POINT('',(21.,631.382421696789,18.4574253372989));
#14815=CARTESIAN_POINT('',(21.,642.70570385127,38.0699253372989));
#14816=CARTESIAN_POINT('',(21.,629.044153106571,22.5074253372989));
#14817=CARTESIAN_POINT('',(21.,629.628720254125,21.4949253372989));
#14818=CARTESIAN_POINT('',(21.,649.352448825315,22.5074253372986));
#14819=CARTESIAN_POINT('',(21.,651.477935110443,91.5515068871946));
#14820=CARTESIAN_POINT('',(21.,669.799390500599,78.2401903712928));
#14821=CARTESIAN_POINT('',(21.,655.750164409127,93.4536259211843));
#14822=CARTESIAN_POINT('',(21.,654.682107084456,92.9780961626869));
#14823=CARTESIAN_POINT('',(21.,653.627369466061,73.2565811712786));
#14824=CARTESIAN_POINT('',(21.,630.335102164035,12.6305863943553));
#14825=CARTESIAN_POINT('',(21.,628.889972700454,8.18293523520516));
#14826=CARTESIAN_POINT('',(21.,636.610710667919,31.9449233725168));
#14827=CARTESIAN_POINT('',(21.,632.019186859659,4.70759082841146));
#14828=CARTESIAN_POINT('',(21.,628.889972700454,8.18293523520516));
#14829=CARTESIAN_POINT('',(21.,636.593530482445,5.67989758076807));
#14830=CARTESIAN_POINT('',(21.,658.745213026121,10.3883830574577));
#14831=CARTESIAN_POINT('',(21.,638.038659946026,10.1275487399182));
#14832=CARTESIAN_POINT('',(21.,645.036833181701,31.6657112976549));
#14833=CARTESIAN_POINT('',(21.,634.909445786821,13.6028931467119));
#14834=CARTESIAN_POINT('',(21.,635.691749326622,12.7340570450135));
#14835=CARTESIAN_POINT('',(21.,654.773956519104,17.8252252472231));
#14836=CARTESIAN_POINT('',(21.,661.457009265939,95.307892218508));
#14837=CARTESIAN_POINT('',(21.,676.61051857394,78.4782151374609));
#14838=CARTESIAN_POINT('',(21.,666.031352888725,96.2801989708646));
#14839=CARTESIAN_POINT('',(21.,664.887766983028,96.0371222827754));
#14840=CARTESIAN_POINT('',(21.,659.75574438484,76.9658619927033));
#14841=CARTESIAN_POINT('',(21.,638.225694794612,4.21029023313448));
#14842=CARTESIAN_POINT('',(21.,637.736863549727,-0.440628387312884));
#14843=CARTESIAN_POINT('',(21.,640.348489737677,24.4073349830402));
#14844=CARTESIAN_POINT('',(21.,641.520261603526,-3.18942797377058));
#14845=CARTESIAN_POINT('',(21.,637.736863549727,-0.440628387312884));
#14846=CARTESIAN_POINT('',(21.,645.79249090221,-1.28730893978092));
#14847=CARTESIAN_POINT('',(21.,666.481156857874,7.92387860444691));
#14848=CARTESIAN_POINT('',(21.,646.281322147095,3.36360968066646));
#14849=CARTESIAN_POINT('',(21.,648.648532712603,25.886113740796));
#14850=CARTESIAN_POINT('',(21.,642.497924093296,6.11240926712412));
#14851=CARTESIAN_POINT('',(21.,643.443773606746,5.42520937050959));
#14852=CARTESIAN_POINT('',(21.,661.050475399618,14.372537294357));
#14853=CARTESIAN_POINT('',(21.,671.999013134279,96.9074253372989));
#14854=CARTESIAN_POINT('',(21.,683.32229528876,77.2949253372988));
#14855=CARTESIAN_POINT('',(21.,676.675550314715,96.9074253372989));
#14856=CARTESIAN_POINT('',(21.,675.506416019606,96.9074253372989));
#14857=CARTESIAN_POINT('',(21.,666.521402455342,79.319925337299));
#14858=CARTESIAN_POINT('',(21.,647.694537056644,-2.38545579905445));
#14859=CARTESIAN_POINT('',(21.,648.183368301529,-7.03637441950183));
#14860=CARTESIAN_POINT('',(21.,645.571742113578,17.8115889508513));
#14861=CARTESIAN_POINT('',(21.,652.455597600213,-8.9384934534916));
#14862=CARTESIAN_POINT('',(21.,648.183368301529,-7.03637441950183));
#14863=CARTESIAN_POINT('',(21.,656.238995654012,-6.18969386703387));
#14864=CARTESIAN_POINT('',(21.,674.560451044168,7.1216226488676));
#14865=CARTESIAN_POINT('',(21.,655.750164409127,-1.53877524658649));
#14866=CARTESIAN_POINT('',(21.,653.382953843619,20.9837288135431));
#14867=CARTESIAN_POINT('',(21.,651.477935110443,0.36334378740321));
#14868=CARTESIAN_POINT('',(21.,652.545992435114,-0.112185971094201));
#14869=CARTESIAN_POINT('',(21.,667.9076914737,12.3002605100758));
#14870=CARTESIAN_POINT('',(21.,682.643210560269,96.2801989708646));
#14871=CARTESIAN_POINT('',(21.,689.641383795943,74.7420364131279));
#14872=CARTESIAN_POINT('',(21.,687.217554183055,95.307892218508));
#14873=CARTESIAN_POINT('',(21.,686.073968277358,95.5509689065972));
#14874=CARTESIAN_POINT('',(21.,673.628651954656,80.2158873408581));
#14875=CARTESIAN_POINT('',(21.,658.327795106734,-6.86838595070386));
#14876=CARTESIAN_POINT('',(21.,659.772924570315,-11.316037109854));
#14877=CARTESIAN_POINT('',(21.,652.05218660285,12.4459510274576));
#14878=CARTESIAN_POINT('',(21.,664.347268193101,-12.2883438622106));
#14879=CARTESIAN_POINT('',(21.,659.772924570315,-11.316037109854));
#14880=CARTESIAN_POINT('',(21.,667.476482352306,-8.81299945541701));
#14881=CARTESIAN_POINT('',(21.,682.629991660307,8.01667762562977));
#14882=CARTESIAN_POINT('',(21.,666.031352888725,-4.3653482962668));
#14883=CARTESIAN_POINT('',(21.,659.03317965305,17.1728142614699));
#14884=CARTESIAN_POINT('',(21.,661.457009265939,-3.39304154391024));
#14885=CARTESIAN_POINT('',(21.,662.600595171635,-3.63611823199938));
#14886=CARTESIAN_POINT('',(21.,675.045911494338,11.6989633337398));
#14887=CARTESIAN_POINT('',(21.,692.924399039867,93.4536259211843));
#14888=CARTESIAN_POINT('',(21.,695.291609605375,70.9311218610547));
#14889=CARTESIAN_POINT('',(21.,697.196628338551,91.5515068871946));
#14890=CARTESIAN_POINT('',(21.,696.12857101388,92.027036645692));
#14891=CARTESIAN_POINT('',(21.,680.766871975294,79.614590164522));
#14892=CARTESIAN_POINT('',(21.,669.660744544061,-9.0425746627011));
#14893=CARTESIAN_POINT('',(21.,671.999013134279,-13.0925746627011));
#14894=CARTESIAN_POINT('',(21.,659.506596684688,8.54492533729901));
#14895=CARTESIAN_POINT('',(21.,676.675550314715,-13.0925746627011));
#14896=CARTESIAN_POINT('',(21.,671.999013134279,-13.0925746627011));
#14897=CARTESIAN_POINT('',(21.,679.013818904933,-9.04257466270113));
#14898=CARTESIAN_POINT('',(21.,690.337101059414,10.5699253372988));
#14899=CARTESIAN_POINT('',(21.,676.675550314715,-4.99257466270112));
#14900=CARTESIAN_POINT('',(21.,665.352268160233,14.619925337299));
#14901=CARTESIAN_POINT('',(21.,671.999013134279,-4.99257466270112));
#14902=CARTESIAN_POINT('',(21.,673.168147429388,-4.99257466270112));
#14903=CARTESIAN_POINT('',(21.,682.153160993651,12.5949253372988));
#14904=CARTESIAN_POINT('',(21.,702.393241301899,88.5512409939314));
#14905=CARTESIAN_POINT('',(21.,700.026030736391,66.0287369338018));
#14906=CARTESIAN_POINT('',(21.,706.176639355698,85.8024414074737));
#14907=CARTESIAN_POINT('',(21.,705.230789842248,86.4896413040881));
#14908=CARTESIAN_POINT('',(21.,687.624088049375,77.5423133802408));
#14909=CARTESIAN_POINT('',(21.,681.198081096687,-8.81299945541699));
#14910=CARTESIAN_POINT('',(21.,684.327295255893,-12.2883438622107));
#14911=CARTESIAN_POINT('',(21.,667.609178868289,6.27900542223324));
#14912=CARTESIAN_POINT('',(21.,688.901638878678,-11.3160371098541));
#14913=CARTESIAN_POINT('',(21.,684.327295255893,-12.2883438622107));
#14914=CARTESIAN_POINT('',(21.,690.346768342259,-6.86838595070391));
#14915=CARTESIAN_POINT('',(21.,697.344941577934,14.6697766070327));
#14916=CARTESIAN_POINT('',(21.,687.217554183055,-3.39304154391023));
#14917=CARTESIAN_POINT('',(21.,672.064044875053,13.4366355371369));
#14918=CARTESIAN_POINT('',(21.,682.643210560269,-4.3653482962668));
#14919=CARTESIAN_POINT('',(21.,683.786796465965,-4.12227160817763));
#14920=CARTESIAN_POINT('',(21.,688.918819064153,14.9489886818947));
#14921=CARTESIAN_POINT('',(21.,710.635903502968,81.7873019346796));
#14922=CARTESIAN_POINT('',(21.,703.637730267293,60.249139376943));
#14923=CARTESIAN_POINT('',(21.,713.765117662173,78.3119575278859));
#14924=CARTESIAN_POINT('',(21.,712.982814122371,79.1807936295844));
#14925=CARTESIAN_POINT('',(21.,693.900606929889,74.0896254273748));
#14926=CARTESIAN_POINT('',(21.,692.435567794982,-6.18969386703386));
#14927=CARTESIAN_POINT('',(21.,696.218965848781,-8.93849345349156));
#14928=CARTESIAN_POINT('',(21.,676.005811431725,5.74722285563895));
#14929=CARTESIAN_POINT('',(21.,700.491195147465,-7.03637441950186));
#14930=CARTESIAN_POINT('',(21.,696.218965848781,-8.93849345349156));
#14931=CARTESIAN_POINT('',(21.,700.98002639235,-2.3854557990545));
#14932=CARTESIAN_POINT('',(21.,703.347236957858,20.1370482610748));
#14933=CARTESIAN_POINT('',(21.,697.196628338551,0.363343787403192));
#14934=CARTESIAN_POINT('',(21.,678.875172948394,13.6746603033047));
#14935=CARTESIAN_POINT('',(21.,692.924399039867,-1.53877524658649));
#14936=CARTESIAN_POINT('',(21.,693.992456364538,-1.06324548808911));
#14937=CARTESIAN_POINT('',(21.,695.047193982932,18.6582695033193));
#14938=CARTESIAN_POINT('',(21.,717.292141752205,73.4574253372988));
#14939=CARTESIAN_POINT('',(21.,705.968859597723,53.8449253372989));
#14940=CARTESIAN_POINT('',(21.,719.630410342423,69.4074253372989));
#14941=CARTESIAN_POINT('',(21.,719.045843194868,70.4199253372992));
#14942=CARTESIAN_POINT('',(21.,699.322114623678,69.4074253372991));
#14943=CARTESIAN_POINT('',(21.,702.882072546784,-1.28730893978092));
#14944=CARTESIAN_POINT('',(21.,707.154301845468,-3.18942797377055));
#14945=CARTESIAN_POINT('',(21.,684.329521240462,6.97281908745207));
#14946=CARTESIAN_POINT('',(21.,710.937699899267,-0.44062838731289));
#14947=CARTESIAN_POINT('',(21.,707.154301845468,-3.18942797377055));
#14948=CARTESIAN_POINT('',(21.,710.448868654382,4.21029023313443));
#14949=CARTESIAN_POINT('',(21.,708.081658088874,26.7327942932638));
#14950=CARTESIAN_POINT('',(21.,706.176639355698,6.11240926712414));
#14951=CARTESIAN_POINT('',(21.,685.487973400034,15.3235968113521));
#14952=CARTESIAN_POINT('',(21.,702.393241301899,3.36360968066648));
#14953=CARTESIAN_POINT('',(21.,703.339090815348,4.05080957728084));
#14954=CARTESIAN_POINT('',(21.,700.270446358833,23.5606544305722));
#14955=CARTESIAN_POINT('',(21.,722.071046497945,63.9256667802776));
#14956=CARTESIAN_POINT('',(21.,706.917537189943,47.0959896992306));
#14957=CARTESIAN_POINT('',(21.,723.516175961525,59.4780156211274));
#14958=CARTESIAN_POINT('',(21.,723.15489359563,60.5899284109148));
#14959=CARTESIAN_POINT('',(21.,703.651665229242,63.7003477216388));
#14960=CARTESIAN_POINT('',(21.,712.081032966548,5.67989758076811));
#14961=CARTESIAN_POINT('',(21.,716.655376589334,4.70759082841153));
#14962=CARTESIAN_POINT('',(21.,692.216522234265,9.90222968127954));
#14963=CARTESIAN_POINT('',(21.,719.784590748539,8.1829352352051));
#14964=CARTESIAN_POINT('',(21.,716.655376589334,4.70759082841153));
#14965=CARTESIAN_POINT('',(21.,718.339461284958,12.6305863943553));
#14966=CARTESIAN_POINT('',(21.,711.341288049284,34.1687489520918));
#14967=CARTESIAN_POINT('',(21.,713.765117662173,13.6028931467119));
#14968=CARTESIAN_POINT('',(21.,691.613435118496,18.3113786234019));
#14969=CARTESIAN_POINT('',(21.,710.635903502967,10.1275487399183));
#14970=CARTESIAN_POINT('',(21.,711.418207042768,10.9963848416165));
#14971=CARTESIAN_POINT('',(21.,704.360294999083,29.4418857180798));
#14972=CARTESIAN_POINT('',(21.,724.763756671068,53.6086098510095));
#14973=CARTESIAN_POINT('',(21.,706.442301280911,40.297293335108));
#14974=CARTESIAN_POINT('',(21.,725.252587915953,48.9576912305621));
#14975=CARTESIAN_POINT('',(21.,725.130380104732,50.1204208856741));
#14976=CARTESIAN_POINT('',(21.,706.700036609631,57.2178192577952));
#14977=CARTESIAN_POINT('',(21.,719.630410342423,14.4074253372989));
#14978=CARTESIAN_POINT('',(21.,724.306947522859,14.4074253372988));
#14979=CARTESIAN_POINT('',(21.,699.322114623677,14.4074253372992));
#14980=CARTESIAN_POINT('',(21.,726.645216113077,18.4574253372988));
#14981=CARTESIAN_POINT('',(21.,724.306947522859,14.4074253372988));
#14982=CARTESIAN_POINT('',(21.,724.306947522859,22.5074253372989));
#14983=CARTESIAN_POINT('',(21.,712.983665368378,42.1199253372989));
#14984=CARTESIAN_POINT('',(21.,719.630410342423,22.5074253372989));
#14985=CARTESIAN_POINT('',(21.,696.98384603346,22.5074253372991));
#14986=CARTESIAN_POINT('',(21.,717.292141752205,18.4574253372989));
#14987=CARTESIAN_POINT('',(21.,717.876708899759,19.4699253372987));
#14988=CARTESIAN_POINT('',(21.,707.137993892832,36.0449253372989));
#14989=CARTESIAN_POINT('',(21.,725.252587915953,42.9571594440356));
#14990=CARTESIAN_POINT('',(21.,704.563921960288,33.7459718998079));
#14991=CARTESIAN_POINT('',(21.,724.763756671068,38.3062408235883));
#14992=CARTESIAN_POINT('',(21.,724.885964482289,39.4689704787003));
#14993=CARTESIAN_POINT('',(21.,708.334000307811,50.2431575462611));
#14994=CARTESIAN_POINT('',(21.,721.155899385753,37.940752692798));
#14995=CARTESIAN_POINT('',(21.,706.299348299173,30.9682192116906));
#14996=CARTESIAN_POINT('Origin',(21.,711.299348299173,39.628473249535));
#14997=CARTESIAN_POINT('',(21.,690.803948391163,90.5118739242682));
#14998=CARTESIAN_POINT('Origin',(21.,674.337281724497,45.9574253372989));
#14999=CARTESIAN_POINT('',(21.,677.337281724497,81.131990011222));
#15000=CARTESIAN_POINT('Origin',(21.,687.337281724497,81.131990011222));
#15001=CARTESIAN_POINT('',(21.,677.337281724497,61.5218077535723));
#15002=CARTESIAN_POINT('',(21.,677.337281724497,52.0247558870547));
#15003=CARTESIAN_POINT('',(21.,680.051567438783,57.0748413489227));
#15004=CARTESIAN_POINT('Origin',(21.,682.337281724497,61.5218077535723));
#15005=CARTESIAN_POINT('',(21.,686.822389272146,45.3474339245409));
#15006=CARTESIAN_POINT('Origin',(21.,674.337281724497,45.9574253372989));
#15007=CARTESIAN_POINT('',(21.,689.316432291205,40.7733103405155));
#15008=CARTESIAN_POINT('Origin',(21.,691.816432291205,45.1034373594377));
#15009=CARTESIAN_POINT('',(21.,721.257723979162,22.3319969862093));
#15010=CARTESIAN_POINT('',(21.,725.200260657149,24.5138394875267));
#15011=CARTESIAN_POINT('',(21.,729.774604279935,25.4861462398831));
#15012=CARTESIAN_POINT('',(21.,705.335749924866,20.2915073870155));
#15013=CARTESIAN_POINT('',(21.,731.219733743516,29.9337973990334));
#15014=CARTESIAN_POINT('',(21.,729.774604279935,25.4861462398831));
#15015=CARTESIAN_POINT('',(21.,728.090519584311,33.409141805827));
#15016=CARTESIAN_POINT('',(21.,712.93701027631,50.2388188868739));
#15017=CARTESIAN_POINT('',(21.,723.516175961525,32.4368350534705));
#15018=CARTESIAN_POINT('',(21.,701.364493417849,27.7283495767811));
#15019=CARTESIAN_POINT('',(21.,722.071046497945,27.9891838943203));
#15020=CARTESIAN_POINT('',(21.,722.43232886384,29.101096684108));
#15021=CARTESIAN_POINT('',(21.,708.482144269545,43.0811887719704));
#15022=CARTESIAN_POINT('',(21.,642.375215149821,30.9682192116907));
#15023=CARTESIAN_POINT('',(21.,659.358131157788,40.7733103405155));
#15024=CARTESIAN_POINT('',(21.,667.582819335251,45.5218362737743));
#15025=CARTESIAN_POINT('',(21.,661.852174176848,45.3474339245409));
#15026=CARTESIAN_POINT('Origin',(21.,656.858131157788,45.1034373594377));
#15027=CARTESIAN_POINT('',(21.,668.622996010211,57.0748413489227));
#15028=CARTESIAN_POINT('Origin',(21.,674.337281724497,45.9574253372989));
#15029=CARTESIAN_POINT('',(21.,671.337281724497,61.5218077535723));
#15030=CARTESIAN_POINT('Origin',(21.,666.337281724497,61.5218077535723));
#15031=CARTESIAN_POINT('',(21.,671.337281724497,81.131990011222));
#15032=CARTESIAN_POINT('',(21.,671.337281724497,36.6544180485304));
#15033=CARTESIAN_POINT('',(21.,657.87061505783,90.5118739242682));
#15034=CARTESIAN_POINT('Origin',(21.,661.337281724497,81.131990011222));
#15035=CARTESIAN_POINT('',(21.,627.51866406324,37.940752692798));
#15036=CARTESIAN_POINT('Origin',(21.,674.337281724497,45.9574253372989));
#15037=CARTESIAN_POINT('Origin',(21.,637.375215149821,39.628473249535));
#15038=CARTESIAN_POINT('',(21.,703.299348299173,25.772066788984));
#15039=CARTESIAN_POINT('',(21.,686.316432291205,35.5771579178089));
#15040=CARTESIAN_POINT('',(21.,678.091744113743,40.3256838510677));
#15041=CARTESIAN_POINT('',(21.,681.10810355786,35.450000738433));
#15042=CARTESIAN_POINT('Origin',(21.,683.816432291205,31.2470308988867));
#15043=CARTESIAN_POINT('',(21.,667.566459891133,35.450000738433));
#15044=CARTESIAN_POINT('Origin',(21.,674.337281724497,45.9574253372989));
#15045=CARTESIAN_POINT('',(21.,662.358131157788,35.5771579178089));
#15046=CARTESIAN_POINT('Origin',(21.,664.858131157788,31.2470308988867));
#15047=CARTESIAN_POINT('',(21.,645.375215149821,25.772066788984));
#15048=CARTESIAN_POINT('',(21.,628.315480074902,15.922624151176));
#15049=CARTESIAN_POINT('',(21.,643.985330729907,9.41964939483049));
#15050=CARTESIAN_POINT('Origin',(21.,650.375215149821,17.1118127511396));
#15051=CARTESIAN_POINT('',(21.,704.689232719086,9.41964939483048));
#15052=CARTESIAN_POINT('Origin',(21.,674.337281724497,45.9574253372989));
#15053=CARTESIAN_POINT('Origin',(21.,698.299348299173,17.1118127511396));
#15054=CARTESIAN_POINT('Origin',(26.,674.337281724497,45.9574253372989));
#15055=CARTESIAN_POINT('',(28.,613.337281724497,45.9574253372989));
#15056=CARTESIAN_POINT('',(26.,613.337281724497,45.9574253372989));
#15057=CARTESIAN_POINT('',(28.,674.337281724497,106.957425337299));
#15058=CARTESIAN_POINT('Origin',(28.,674.337281724497,45.9574253372989));
#15059=CARTESIAN_POINT('Origin',(28.,674.337281724497,45.9574253372989));
#15060=CARTESIAN_POINT('Origin',(28.,674.337281724497,45.9574253372989));
#15061=CARTESIAN_POINT('',(29.,674.337281724497,105.957425337299));
#15062=CARTESIAN_POINT('Origin',(29.,674.337281724497,45.9574253372989));
#15063=CARTESIAN_POINT('Origin',(28.,674.337281724497,105.957425337299));
#15064=CARTESIAN_POINT('Origin',(29.,674.337281724497,45.9574253372988));
#15065=CARTESIAN_POINT('',(29.,631.382421696789,73.4574253372989));
#15066=CARTESIAN_POINT('',(29.,629.044153106571,77.5074253372989));
#15067=CARTESIAN_POINT('',(29.,629.044153106571,69.4074253372989));
#15068=CARTESIAN_POINT('',(29.,631.382421696789,73.4574253372989));
#15069=CARTESIAN_POINT('',(29.,629.044153106571,69.4074253372989));
#15070=CARTESIAN_POINT('',(29.,669.660744544061,-9.0425746627011));
#15071=CARTESIAN_POINT('',(29.,671.999013134279,-4.99257466270112));
#15072=CARTESIAN_POINT('',(29.,669.660744544061,-9.0425746627011));
#15073=CARTESIAN_POINT('',(29.,676.675550314715,-4.99257466270112));
#15074=CARTESIAN_POINT('',(29.,671.999013134279,-4.99257466270112));
#15075=CARTESIAN_POINT('',(29.,679.013818904933,-9.04257466270113));
#15076=CARTESIAN_POINT('',(29.,676.675550314715,-4.99257466270112));
#15077=CARTESIAN_POINT('',(29.,676.675550314715,-13.0925746627011));
#15078=CARTESIAN_POINT('',(29.,679.013818904933,-9.04257466270113));
#15079=CARTESIAN_POINT('',(29.,671.999013134279,-13.0925746627011));
#15080=CARTESIAN_POINT('',(29.,676.675550314715,-13.0925746627011));
#15081=CARTESIAN_POINT('',(29.,671.999013134279,-13.0925746627011));
#15082=CARTESIAN_POINT('',(29.,724.763756671068,38.3062408235883));
#15083=CARTESIAN_POINT('',(29.,728.547154724867,35.5574412371306));
#15084=CARTESIAN_POINT('',(29.,725.252587915953,42.9571594440356));
#15085=CARTESIAN_POINT('',(29.,724.763756671068,38.3062408235883));
#15086=CARTESIAN_POINT('',(29.,725.252587915953,42.9571594440356));
#15087=CARTESIAN_POINT('',(29.,624.367615926135,22.507425337299));
#15088=CARTESIAN_POINT('',(29.,629.044153106571,22.5074253372989));
#15089=CARTESIAN_POINT('',(29.,624.367615926135,22.507425337299));
#15090=CARTESIAN_POINT('',(29.,631.382421696789,18.4574253372989));
#15091=CARTESIAN_POINT('',(29.,629.044153106571,22.5074253372989));
#15092=CARTESIAN_POINT('',(29.,629.044153106571,14.4074253372989));
#15093=CARTESIAN_POINT('',(29.,631.382421696789,18.4574253372989));
#15094=CARTESIAN_POINT('',(29.,624.367615926135,14.407425337299));
#15095=CARTESIAN_POINT('',(29.,629.044153106571,14.4074253372989));
#15096=CARTESIAN_POINT('',(29.,622.029347335917,18.457425337299));
#15097=CARTESIAN_POINT('',(29.,624.367615926135,14.407425337299));
#15098=CARTESIAN_POINT('',(29.,622.029347335917,18.457425337299));
#15099=CARTESIAN_POINT('',(29.,687.217554183055,95.307892218508));
#15100=CARTESIAN_POINT('',(29.,690.346768342259,98.7832366253016));
#15101=CARTESIAN_POINT('',(29.,682.643210560269,96.2801989708646));
#15102=CARTESIAN_POINT('',(29.,687.217554183055,95.307892218508));
#15103=CARTESIAN_POINT('',(29.,682.643210560269,96.2801989708646));
#15104=CARTESIAN_POINT('',(29.,623.910806777926,53.6086098510095));
#15105=CARTESIAN_POINT('',(29.,620.127408724127,56.3574094374672));
#15106=CARTESIAN_POINT('',(29.,623.421975533041,48.9576912305621));
#15107=CARTESIAN_POINT('',(29.,623.910806777926,53.6086098510095));
#15108=CARTESIAN_POINT('',(29.,623.421975533041,48.9576912305621));
#15109=CARTESIAN_POINT('',(29.,697.196628338551,91.5515068871946));
#15110=CARTESIAN_POINT('',(29.,700.98002639235,94.3003064736522));
#15111=CARTESIAN_POINT('',(29.,692.924399039867,93.4536259211843));
#15112=CARTESIAN_POINT('',(29.,697.196628338551,91.5515068871946));
#15113=CARTESIAN_POINT('',(29.,692.924399039867,93.4536259211843));
#15114=CARTESIAN_POINT('',(29.,719.630410342423,69.4074253372989));
#15115=CARTESIAN_POINT('',(29.,724.306947522859,69.4074253372989));
#15116=CARTESIAN_POINT('',(29.,717.292141752205,73.4574253372988));
#15117=CARTESIAN_POINT('',(29.,719.630410342423,69.4074253372989));
#15118=CARTESIAN_POINT('',(29.,717.292141752205,73.4574253372988));
#15119=CARTESIAN_POINT('',(29.,647.694537056644,-2.38545579905445));
#15120=CARTESIAN_POINT('',(29.,651.477935110443,0.36334378740321));
#15121=CARTESIAN_POINT('',(29.,647.694537056644,-2.38545579905445));
#15122=CARTESIAN_POINT('',(29.,655.750164409127,-1.53877524658649));
#15123=CARTESIAN_POINT('',(29.,651.477935110443,0.36334378740321));
#15124=CARTESIAN_POINT('',(29.,656.238995654012,-6.18969386703387));
#15125=CARTESIAN_POINT('',(29.,655.750164409127,-1.53877524658649));
#15126=CARTESIAN_POINT('',(29.,652.455597600213,-8.93849345349155));
#15127=CARTESIAN_POINT('',(29.,656.238995654012,-6.18969386703387));
#15128=CARTESIAN_POINT('',(29.,648.183368301529,-7.03637441950184));
#15129=CARTESIAN_POINT('',(29.,652.455597600213,-8.93849345349155));
#15130=CARTESIAN_POINT('',(29.,648.183368301529,-7.03637441950184));
#15131=CARTESIAN_POINT('',(29.,702.882072546784,-1.28730893978092));
#15132=CARTESIAN_POINT('',(29.,702.393241301899,3.36360968066648));
#15133=CARTESIAN_POINT('',(29.,702.882072546784,-1.28730893978092));
#15134=CARTESIAN_POINT('',(29.,706.176639355698,6.11240926712414));
#15135=CARTESIAN_POINT('',(29.,702.393241301899,3.36360968066648));
#15136=CARTESIAN_POINT('',(29.,710.448868654382,4.21029023313443));
#15137=CARTESIAN_POINT('',(29.,706.176639355698,6.11240926712414));
#15138=CARTESIAN_POINT('',(29.,710.937699899267,-0.440628387312945));
#15139=CARTESIAN_POINT('',(29.,710.448868654382,4.21029023313443));
#15140=CARTESIAN_POINT('',(29.,707.154301845468,-3.1894279737706));
#15141=CARTESIAN_POINT('',(29.,710.937699899267,-0.440628387312945));
#15142=CARTESIAN_POINT('',(29.,707.154301845468,-3.1894279737706));
#15143=CARTESIAN_POINT('',(29.,638.038659946026,81.7873019346795));
#15144=CARTESIAN_POINT('',(29.,636.593530482445,86.2349530938297));
#15145=CARTESIAN_POINT('',(29.,634.909445786821,78.3119575278859));
#15146=CARTESIAN_POINT('',(29.,638.038659946026,81.7873019346795));
#15147=CARTESIAN_POINT('',(29.,634.909445786821,78.3119575278859));
#15148=CARTESIAN_POINT('',(29.,706.176639355698,85.8024414074737));
#15149=CARTESIAN_POINT('',(29.,710.448868654382,87.7045604414634));
#15150=CARTESIAN_POINT('',(29.,702.393241301899,88.5512409939314));
#15151=CARTESIAN_POINT('',(29.,706.176639355698,85.8024414074737));
#15152=CARTESIAN_POINT('',(29.,702.393241301899,88.5512409939314));
#15153=CARTESIAN_POINT('',(29.,676.675550314715,96.9074253372989));
#15154=CARTESIAN_POINT('',(29.,679.013818904933,100.957425337299));
#15155=CARTESIAN_POINT('',(29.,671.999013134279,96.9074253372989));
#15156=CARTESIAN_POINT('',(29.,676.675550314715,96.9074253372989));
#15157=CARTESIAN_POINT('',(29.,671.999013134279,96.9074253372989));
#15158=CARTESIAN_POINT('',(29.,655.750164409127,93.4536259211843));
#15159=CARTESIAN_POINT('',(29.,656.238995654012,98.1045445416316));
#15160=CARTESIAN_POINT('',(29.,651.477935110443,91.5515068871946));
#15161=CARTESIAN_POINT('',(29.,655.750164409127,93.4536259211843));
#15162=CARTESIAN_POINT('',(29.,651.477935110443,91.5515068871946));
#15163=CARTESIAN_POINT('',(29.,619.149746234357,44.8592784780254));
#15164=CARTESIAN_POINT('',(29.,623.421975533041,42.9571594440356));
#15165=CARTESIAN_POINT('',(29.,619.149746234357,44.8592784780254));
#15166=CARTESIAN_POINT('',(29.,623.910806777926,38.3062408235883));
#15167=CARTESIAN_POINT('',(29.,623.421975533041,42.9571594440356));
#15168=CARTESIAN_POINT('',(29.,620.127408724127,35.5574412371306));
#15169=CARTESIAN_POINT('',(29.,623.910806777926,38.3062408235883));
#15170=CARTESIAN_POINT('',(29.,615.855179425443,37.4595602711203));
#15171=CARTESIAN_POINT('',(29.,620.127408724127,35.5574412371306));
#15172=CARTESIAN_POINT('',(29.,615.366348180558,42.1104788915677));
#15173=CARTESIAN_POINT('',(29.,615.855179425443,37.4595602711203));
#15174=CARTESIAN_POINT('',(29.,615.366348180558,42.1104788915677));
#15175=CARTESIAN_POINT('',(29.,692.435567794982,-6.18969386703386));
#15176=CARTESIAN_POINT('',(29.,692.924399039867,-1.53877524658649));
#15177=CARTESIAN_POINT('',(29.,692.435567794982,-6.18969386703386));
#15178=CARTESIAN_POINT('',(29.,697.196628338551,0.363343787403192));
#15179=CARTESIAN_POINT('',(29.,692.924399039867,-1.53877524658649));
#15180=CARTESIAN_POINT('',(29.,700.98002639235,-2.3854557990545));
#15181=CARTESIAN_POINT('',(29.,697.196628338551,0.363343787403192));
#15182=CARTESIAN_POINT('',(29.,700.491195147465,-7.03637441950187));
#15183=CARTESIAN_POINT('',(29.,700.98002639235,-2.3854557990545));
#15184=CARTESIAN_POINT('',(29.,696.218965848781,-8.93849345349155));
#15185=CARTESIAN_POINT('',(29.,700.491195147465,-7.03637441950187));
#15186=CARTESIAN_POINT('',(29.,696.218965848781,-8.93849345349155));
#15187=CARTESIAN_POINT('',(29.,626.603516951049,63.9256667802775));
#15188=CARTESIAN_POINT('',(29.,623.474302791844,67.4010111870712));
#15189=CARTESIAN_POINT('',(29.,625.158387487468,59.4780156211274));
#15190=CARTESIAN_POINT('',(29.,626.603516951049,63.9256667802775));
#15191=CARTESIAN_POINT('',(29.,625.158387487468,59.4780156211274));
#15192=CARTESIAN_POINT('',(29.,658.327795106734,-6.86838595070386));
#15193=CARTESIAN_POINT('',(29.,661.457009265939,-3.39304154391024));
#15194=CARTESIAN_POINT('',(29.,658.327795106734,-6.86838595070386));
#15195=CARTESIAN_POINT('',(29.,666.031352888725,-4.3653482962668));
#15196=CARTESIAN_POINT('',(29.,661.457009265939,-3.39304154391024));
#15197=CARTESIAN_POINT('',(29.,667.476482352306,-8.81299945541701));
#15198=CARTESIAN_POINT('',(29.,666.031352888725,-4.3653482962668));
#15199=CARTESIAN_POINT('',(29.,664.347268193101,-12.2883438622106));
#15200=CARTESIAN_POINT('',(29.,667.476482352306,-8.81299945541701));
#15201=CARTESIAN_POINT('',(29.,659.772924570315,-11.316037109854));
#15202=CARTESIAN_POINT('',(29.,664.347268193101,-12.2883438622106));
#15203=CARTESIAN_POINT('',(29.,659.772924570315,-11.316037109854));
#15204=CARTESIAN_POINT('',(29.,681.198081096687,-8.81299945541699));
#15205=CARTESIAN_POINT('',(29.,682.643210560269,-4.3653482962668));
#15206=CARTESIAN_POINT('',(29.,681.198081096687,-8.81299945541699));
#15207=CARTESIAN_POINT('',(29.,687.217554183055,-3.39304154391023));
#15208=CARTESIAN_POINT('',(29.,682.643210560269,-4.3653482962668));
#15209=CARTESIAN_POINT('',(29.,690.346768342259,-6.86838595070391));
#15210=CARTESIAN_POINT('',(29.,687.217554183055,-3.39304154391023));
#15211=CARTESIAN_POINT('',(29.,688.901638878678,-11.3160371098541));
#15212=CARTESIAN_POINT('',(29.,690.346768342259,-6.86838595070391));
#15213=CARTESIAN_POINT('',(29.,684.327295255893,-12.2883438622106));
#15214=CARTESIAN_POINT('',(29.,688.901638878678,-11.3160371098541));
#15215=CARTESIAN_POINT('',(29.,684.327295255893,-12.2883438622106));
#15216=CARTESIAN_POINT('',(29.,713.765117662173,78.3119575278859));
#15217=CARTESIAN_POINT('',(29.,718.339461284958,79.2842642802424));
#15218=CARTESIAN_POINT('',(29.,710.635903502968,81.7873019346796));
#15219=CARTESIAN_POINT('',(29.,713.765117662173,78.3119575278859));
#15220=CARTESIAN_POINT('',(29.,710.635903502968,81.7873019346796));
#15221=CARTESIAN_POINT('',(29.,725.252587915953,48.9576912305621));
#15222=CARTESIAN_POINT('',(29.,729.524817214637,47.0555721965724));
#15223=CARTESIAN_POINT('',(29.,724.763756671068,53.6086098510095));
#15224=CARTESIAN_POINT('',(29.,725.252587915953,48.9576912305621));
#15225=CARTESIAN_POINT('',(29.,724.763756671068,53.6086098510095));
#15226=CARTESIAN_POINT('',(29.,620.584043864682,33.409141805827));
#15227=CARTESIAN_POINT('',(29.,625.158387487468,32.4368350534704));
#15228=CARTESIAN_POINT('',(29.,620.584043864682,33.409141805827));
#15229=CARTESIAN_POINT('',(29.,626.603516951049,27.9891838943202));
#15230=CARTESIAN_POINT('',(29.,625.158387487468,32.4368350534704));
#15231=CARTESIAN_POINT('',(29.,623.474302791844,24.5138394875266));
#15232=CARTESIAN_POINT('',(29.,626.603516951049,27.9891838943202));
#15233=CARTESIAN_POINT('',(29.,618.899959169058,25.4861462398832));
#15234=CARTESIAN_POINT('',(29.,623.474302791844,24.5138394875266));
#15235=CARTESIAN_POINT('',(29.,617.454829705477,29.9337973990334));
#15236=CARTESIAN_POINT('',(29.,618.899959169058,25.4861462398832));
#15237=CARTESIAN_POINT('',(29.,617.454829705477,29.9337973990334));
#15238=CARTESIAN_POINT('',(29.,638.225694794612,4.21029023313448));
#15239=CARTESIAN_POINT('',(29.,642.497924093296,6.11240926712412));
#15240=CARTESIAN_POINT('',(29.,638.225694794612,4.21029023313448));
#15241=CARTESIAN_POINT('',(29.,646.281322147095,3.36360968066646));
#15242=CARTESIAN_POINT('',(29.,642.497924093296,6.11240926712412));
#15243=CARTESIAN_POINT('',(29.,645.79249090221,-1.28730893978092));
#15244=CARTESIAN_POINT('',(29.,646.281322147095,3.36360968066646));
#15245=CARTESIAN_POINT('',(29.,641.520261603526,-3.1894279737706));
#15246=CARTESIAN_POINT('',(29.,645.79249090221,-1.28730893978092));
#15247=CARTESIAN_POINT('',(29.,637.736863549727,-0.440628387312891));
#15248=CARTESIAN_POINT('',(29.,641.520261603526,-3.1894279737706));
#15249=CARTESIAN_POINT('',(29.,637.736863549727,-0.440628387312891));
#15250=CARTESIAN_POINT('',(29.,630.335102164035,12.6305863943553));
#15251=CARTESIAN_POINT('',(29.,634.909445786821,13.6028931467119));
#15252=CARTESIAN_POINT('',(29.,630.335102164035,12.6305863943553));
#15253=CARTESIAN_POINT('',(29.,638.038659946026,10.1275487399182));
#15254=CARTESIAN_POINT('',(29.,634.909445786821,13.6028931467119));
#15255=CARTESIAN_POINT('',(29.,636.593530482445,5.67989758076807));
#15256=CARTESIAN_POINT('',(29.,638.038659946026,10.1275487399182));
#15257=CARTESIAN_POINT('',(29.,632.019186859659,4.70759082841152));
#15258=CARTESIAN_POINT('',(29.,636.593530482445,5.67989758076807));
#15259=CARTESIAN_POINT('',(29.,628.889972700454,8.18293523520516));
#15260=CARTESIAN_POINT('',(29.,632.019186859659,4.70759082841152));
#15261=CARTESIAN_POINT('',(29.,628.889972700454,8.18293523520516));
#15262=CARTESIAN_POINT('',(29.,646.281322147095,88.5512409939313));
#15263=CARTESIAN_POINT('',(29.,645.79249090221,93.2021596143787));
#15264=CARTESIAN_POINT('',(29.,642.497924093296,85.8024414074737));
#15265=CARTESIAN_POINT('',(29.,646.281322147095,88.5512409939313));
#15266=CARTESIAN_POINT('',(29.,642.497924093296,85.8024414074737));
#15267=CARTESIAN_POINT('',(29.,719.630410342423,14.4074253372989));
#15268=CARTESIAN_POINT('',(29.,717.292141752205,18.4574253372989));
#15269=CARTESIAN_POINT('',(29.,719.630410342423,14.4074253372989));
#15270=CARTESIAN_POINT('',(29.,719.630410342423,22.5074253372989));
#15271=CARTESIAN_POINT('',(29.,717.292141752205,18.4574253372989));
#15272=CARTESIAN_POINT('',(29.,724.306947522859,22.5074253372989));
#15273=CARTESIAN_POINT('',(29.,719.630410342423,22.5074253372989));
#15274=CARTESIAN_POINT('',(29.,726.645216113077,18.4574253372988));
#15275=CARTESIAN_POINT('',(29.,724.306947522859,22.5074253372989));
#15276=CARTESIAN_POINT('',(29.,724.306947522859,14.4074253372988));
#15277=CARTESIAN_POINT('',(29.,726.645216113077,18.4574253372988));
#15278=CARTESIAN_POINT('',(29.,724.306947522859,14.4074253372988));
#15279=CARTESIAN_POINT('',(29.,723.516175961525,59.4780156211274));
#15280=CARTESIAN_POINT('',(29.,728.090519584311,58.5057088687708));
#15281=CARTESIAN_POINT('',(29.,722.071046497945,63.9256667802776));
#15282=CARTESIAN_POINT('',(29.,723.516175961525,59.4780156211274));
#15283=CARTESIAN_POINT('',(29.,722.071046497945,63.9256667802776));
#15284=CARTESIAN_POINT('',(29.,725.200260657149,24.5138394875267));
#15285=CARTESIAN_POINT('',(29.,722.071046497945,27.9891838943203));
#15286=CARTESIAN_POINT('',(29.,725.200260657149,24.5138394875267));
#15287=CARTESIAN_POINT('',(29.,723.516175961525,32.4368350534705));
#15288=CARTESIAN_POINT('',(29.,722.071046497945,27.9891838943203));
#15289=CARTESIAN_POINT('',(29.,728.090519584311,33.409141805827));
#15290=CARTESIAN_POINT('',(29.,723.516175961525,32.4368350534705));
#15291=CARTESIAN_POINT('',(29.,731.219733743516,29.9337973990334));
#15292=CARTESIAN_POINT('',(29.,728.090519584311,33.409141805827));
#15293=CARTESIAN_POINT('',(29.,729.774604279935,25.4861462398832));
#15294=CARTESIAN_POINT('',(29.,731.219733743516,29.9337973990334));
#15295=CARTESIAN_POINT('',(29.,729.774604279935,25.4861462398832));
#15296=CARTESIAN_POINT('',(29.,666.031352888725,96.2801989708646));
#15297=CARTESIAN_POINT('',(29.,667.476482352306,100.727850130015));
#15298=CARTESIAN_POINT('',(29.,661.457009265939,95.307892218508));
#15299=CARTESIAN_POINT('',(29.,666.031352888725,96.2801989708646));
#15300=CARTESIAN_POINT('',(29.,661.457009265939,95.307892218508));
#15301=CARTESIAN_POINT('',(29.,712.081032966548,5.67989758076811));
#15302=CARTESIAN_POINT('',(29.,710.635903502967,10.1275487399183));
#15303=CARTESIAN_POINT('',(29.,712.081032966548,5.67989758076811));
#15304=CARTESIAN_POINT('',(29.,713.765117662173,13.6028931467119));
#15305=CARTESIAN_POINT('',(29.,710.635903502967,10.1275487399183));
#15306=CARTESIAN_POINT('',(29.,718.339461284958,12.6305863943553));
#15307=CARTESIAN_POINT('',(29.,713.765117662173,13.6028931467119));
#15308=CARTESIAN_POINT('',(29.,719.784590748539,8.18293523520511));
#15309=CARTESIAN_POINT('',(29.,718.339461284958,12.6305863943553));
#15310=CARTESIAN_POINT('',(29.,716.655376589334,4.70759082841154));
#15311=CARTESIAN_POINT('',(29.,719.784590748539,8.18293523520511));
#15312=CARTESIAN_POINT('',(29.,716.655376589334,4.70759082841154));
#15313=CARTESIAN_POINT('',(29.,720.733837603097,35.7785451138201));
#15314=CARTESIAN_POINT('',(29.,721.477252578478,40.1202044329777));
#15315=CARTESIAN_POINT('Ctrl Pts',(29.,720.733837603097,35.7785451138203));
#15316=CARTESIAN_POINT('Ctrl Pts',(29.,720.776114829103,35.9712497763861));
#15317=CARTESIAN_POINT('Ctrl Pts',(29.,720.815335365702,36.1427263118225));
#15318=CARTESIAN_POINT('Ctrl Pts',(29.,720.872427427641,36.3925662337737));
#15319=CARTESIAN_POINT('Ctrl Pts',(29.,720.880396617481,36.427444296421));
#15320=CARTESIAN_POINT('Ctrl Pts',(29.,720.986022505942,36.8903961907448));
#15321=CARTESIAN_POINT('Ctrl Pts',(29.0000000000257,721.064220234283,37.2406820939335));
#15322=CARTESIAN_POINT('Ctrl Pts',(29.0000000000257,721.150515894567,37.7007850554371));
#15323=CARTESIAN_POINT('Ctrl Pts',(29.,721.160566978833,37.755704385878));
#15324=CARTESIAN_POINT('Ctrl Pts',(29.,721.175171816979,37.8376151823424));
#15325=CARTESIAN_POINT('Ctrl Pts',(29.,721.179896195953,37.8644567110535));
#15326=CARTESIAN_POINT('Ctrl Pts',(29.,721.188233744523,37.9124556687506));
#15327=CARTESIAN_POINT('Ctrl Pts',(29.,721.191866649525,37.9335908459891));
#15328=CARTESIAN_POINT('Ctrl Pts',(29.,721.199483594586,37.9783766594391));
#15329=CARTESIAN_POINT('Ctrl Pts',(28.9999999999999,721.203455895285,38.0020145020774));
#15330=CARTESIAN_POINT('Ctrl Pts',(28.9999999999999,721.213959427134,38.0652765621443));
#15331=CARTESIAN_POINT('Ctrl Pts',(29.,721.220399148367,38.1048674382962));
#15332=CARTESIAN_POINT('Ctrl Pts',(29.,721.239771369092,38.2264359557924));
#15333=CARTESIAN_POINT('Ctrl Pts',(29.,721.252228816086,38.3081156181032));
#15334=CARTESIAN_POINT('Ctrl Pts',(29.,721.298425276151,38.6238734988318));
#15335=CARTESIAN_POINT('Ctrl Pts',(29.000000000001,721.327707318716,38.8520044810341));
#15336=CARTESIAN_POINT('Ctrl Pts',(29.000000000001,721.397854685271,39.4357516712309));
#15337=CARTESIAN_POINT('Ctrl Pts',(29.,721.435080009123,39.7796290593825));
#15338=CARTESIAN_POINT('Ctrl Pts',(29.,721.477252578498,40.1202044331404));
#15339=CARTESIAN_POINT('',(29.,706.350728519408,10.8662694100656));
#15340=CARTESIAN_POINT('Origin',(29.,674.337281724497,45.9574253372988));
#15341=CARTESIAN_POINT('',(29.,702.962448742084,8.05162349621871));
#15342=CARTESIAN_POINT('Ctrl Pts',(29.,702.962448742001,8.0516234961556));
#15343=CARTESIAN_POINT('Ctrl Pts',(29.,703.136386302989,8.18297520201817));
#15344=CARTESIAN_POINT('Ctrl Pts',(29.,703.309368718208,8.31096190341462));
#15345=CARTESIAN_POINT('Ctrl Pts',(29.,703.848970279396,8.71124170671487));
#15346=CARTESIAN_POINT('Ctrl Pts',(29.,704.121979941926,8.91511182741691));
#15347=CARTESIAN_POINT('Ctrl Pts',(29.,704.493097409554,9.21176718152379));
#15348=CARTESIAN_POINT('Ctrl Pts',(29.,704.545808530101,9.25435576751163));
#15349=CARTESIAN_POINT('Ctrl Pts',(29.,704.622323173189,9.31687936064463));
#15350=CARTESIAN_POINT('Ctrl Pts',(29.,704.646156544589,9.33645453049941));
#15351=CARTESIAN_POINT('Ctrl Pts',(29.,704.688316538705,9.37126116944819));
#15352=CARTESIAN_POINT('Ctrl Pts',(29.,704.70664296156,9.38645148889645));
#15353=CARTESIAN_POINT('Ctrl Pts',(29.,704.744756549286,9.41816892558962));
#15354=CARTESIAN_POINT('Ctrl Pts',(29.,704.764524096751,9.43469011086004));
#15355=CARTESIAN_POINT('Ctrl Pts',(29.,704.815919266334,9.47782918573332));
#15356=CARTESIAN_POINT('Ctrl Pts',(28.9999999999998,704.847451058955,9.50447806163875));
#15357=CARTESIAN_POINT('Ctrl Pts',(28.9999999999998,704.94283513023,9.5856343339517));
#15358=CARTESIAN_POINT('Ctrl Pts',(29.,705.006118773956,9.64021845358206));
#15359=CARTESIAN_POINT('Ctrl Pts',(29.,705.244118428241,9.84805586292955));
#15360=CARTESIAN_POINT('Ctrl Pts',(29.0000000000002,705.41193598065,9.99977992980988));
#15361=CARTESIAN_POINT('Ctrl Pts',(29.0000000000002,705.843032934022,10.3958419472663));
#15362=CARTESIAN_POINT('Ctrl Pts',(29.,706.096078780514,10.6339540117261));
#15363=CARTESIAN_POINT('Ctrl Pts',(29.,706.350728519408,10.8662694100658));
#15364=CARTESIAN_POINT('',(29.,645.71211470694,8.05162349619586));
#15365=CARTESIAN_POINT('Origin',(29.,674.337281724497,45.9574253372988));
#15366=CARTESIAN_POINT('',(29.,642.323834929585,10.8662694100657));
#15367=CARTESIAN_POINT('Ctrl Pts',(29.,642.323834929586,10.8662694100656));
#15368=CARTESIAN_POINT('Ctrl Pts',(29.,642.484857190068,10.7193697872819));
#15369=CARTESIAN_POINT('Ctrl Pts',(29.,642.642396376704,10.57279198174));
#15370=CARTESIAN_POINT('Ctrl Pts',(29.,643.134846669862,10.1157454646846));
#15371=CARTESIAN_POINT('Ctrl Pts',(29.,643.385327171998,9.88475192619364));
#15372=CARTESIAN_POINT('Ctrl Pts',(29.,643.745010623662,9.57433080930813));
#15373=CARTESIAN_POINT('Ctrl Pts',(29.,643.796541991876,9.53032516539646));
#15374=CARTESIAN_POINT('Ctrl Pts',(29.,643.872035256642,9.4665757499571));
#15375=CARTESIAN_POINT('Ctrl Pts',(29.,643.895648918459,9.44673665066737));
#15376=CARTESIAN_POINT('Ctrl Pts',(29.,643.93759657507,9.41167502604022));
#15377=CARTESIAN_POINT('Ctrl Pts',(29.,643.95589008297,9.39644515168341));
#15378=CARTESIAN_POINT('Ctrl Pts',(29.,643.994059277949,9.36479444448172));
#15379=CARTESIAN_POINT('Ctrl Pts',(29.,644.013925536524,9.34839180931486));
#15380=CARTESIAN_POINT('Ctrl Pts',(29.,644.065759004031,9.30577881507027));
#15381=CARTESIAN_POINT('Ctrl Pts',(28.9999999999998,644.097739100678,9.27966834815044));
#15382=CARTESIAN_POINT('Ctrl Pts',(28.9999999999998,644.195013550544,9.20078316480628));
#15383=CARTESIAN_POINT('Ctrl Pts',(29.,644.26027903822,9.14858154417465));
#15384=CARTESIAN_POINT('Ctrl Pts',(29.,644.508246700052,8.95272620863306));
#15385=CARTESIAN_POINT('Ctrl Pts',(29.0000000000002,644.688180103022,8.81557414857379));
#15386=CARTESIAN_POINT('Ctrl Pts',(29.0000000000002,645.156580269634,8.46442379615487));
#15387=CARTESIAN_POINT('Ctrl Pts',(29.,645.437049317232,8.2593434846586));
#15388=CARTESIAN_POINT('Ctrl Pts',(29.,645.712114706993,8.05162349615581));
#15389=CARTESIAN_POINT('',(29.,627.940725845896,35.7785451138206));
#15390=CARTESIAN_POINT('Origin',(29.,674.337281724497,45.9574253372988));
#15391=CARTESIAN_POINT('',(29.,627.197310870516,40.1202044329769));
#15392=CARTESIAN_POINT('Ctrl Pts',(29.,627.197310870496,40.1202044331397));
#15393=CARTESIAN_POINT('Ctrl Pts',(29.,627.221555392448,39.924411593197));
#15394=CARTESIAN_POINT('Ctrl Pts',(29.,627.241620158206,39.7496515829598));
#15395=CARTESIAN_POINT('Ctrl Pts',(29.,627.270867319482,39.4953582044217));
#15396=CARTESIAN_POINT('Ctrl Pts',(29.,627.274921740042,39.4601145150667));
#15397=CARTESIAN_POINT('Ctrl Pts',(29.,627.329187061728,38.9896825266883));
#15398=CARTESIAN_POINT('Ctrl Pts',(29.0000000000249,627.371877793639,38.6340687941576));
#15399=CARTESIAN_POINT('Ctrl Pts',(29.0000000000249,627.443455958818,38.1716582826429));
#15400=CARTESIAN_POINT('Ctrl Pts',(29.,627.452363416334,38.1157596841319));
#15401=CARTESIAN_POINT('Ctrl Pts',(29.,627.465986783994,38.0327403768127));
#15402=CARTESIAN_POINT('Ctrl Pts',(29.,627.470484833022,38.0057077924048));
#15403=CARTESIAN_POINT('Ctrl Pts',(29.,627.478617169907,37.9575041579313));
#15404=CARTESIAN_POINT('Ctrl Pts',(29.,627.482224801473,37.9363476419391));
#15405=CARTESIAN_POINT('Ctrl Pts',(29.,627.489928381888,37.8916469286219));
#15406=CARTESIAN_POINT('Ctrl Pts',(28.9999999999999,627.494030766984,37.8681185587677));
#15407=CARTESIAN_POINT('Ctrl Pts',(28.9999999999999,627.505086177011,37.8054368948596));
#15408=CARTESIAN_POINT('Ctrl Pts',(29.,627.512112434085,37.7663438924306));
#15409=CARTESIAN_POINT('Ctrl Pts',(29.,627.534013177761,37.6466858907831));
#15410=CARTESIAN_POINT('Ctrl Pts',(29.,627.549227808923,37.5665448895211));
#15411=CARTESIAN_POINT('Ctrl Pts',(29.,627.609534541849,37.2589948782729));
#15412=CARTESIAN_POINT('Ctrl Pts',(29.0000000000007,627.656791577449,37.0382941372185));
#15413=CARTESIAN_POINT('Ctrl Pts',(29.0000000000007,627.785010503903,36.4626016973859));
#15414=CARTESIAN_POINT('Ctrl Pts',(29.,627.865868055656,36.1197558925686));
#15415=CARTESIAN_POINT('Ctrl Pts',(29.,627.940725845896,35.7785451138208));
#15416=CARTESIAN_POINT('',(29.,655.822477887993,89.7004480825983));
#15417=CARTESIAN_POINT('Origin',(29.,674.337281724497,45.9574253372988));
#15418=CARTESIAN_POINT('',(29.,659.954172640808,91.2274614880103));
#15419=CARTESIAN_POINT('Ctrl Pts',(29.,659.954172640808,91.2274614880102));
#15420=CARTESIAN_POINT('Ctrl Pts',(29.,659.785387162102,91.1738352893501));
#15421=CARTESIAN_POINT('Ctrl Pts',(29.,659.612355450507,91.1203763572507));
#15422=CARTESIAN_POINT('Ctrl Pts',(29.,659.414311011834,91.0593297898487));
#15423=CARTESIAN_POINT('Ctrl Pts',(29.,659.382709691814,91.0495931887007));
#15424=CARTESIAN_POINT('Ctrl Pts',(29.,659.223583158599,91.0005445525447));
#15425=CARTESIAN_POINT('Ctrl Pts',(29.,659.099342548645,90.9621826641677));
#15426=CARTESIAN_POINT('Ctrl Pts',(29.,658.67075159785,90.8278432299412));
#15427=CARTESIAN_POINT('Ctrl Pts',(29.,658.386603842911,90.7353927261173));
#15428=CARTESIAN_POINT('Ctrl Pts',(29.,658.045960533489,90.6146461683655));
#15429=CARTESIAN_POINT('Ctrl Pts',(29.,658.002100782383,90.5989158612667));
#15430=CARTESIAN_POINT('Ctrl Pts',(29.,657.935846163896,90.5748680070009));
#15431=CARTESIAN_POINT('Ctrl Pts',(29.,657.913472116589,90.5666977817003));
#15432=CARTESIAN_POINT('Ctrl Pts',(29.,657.873050445003,90.5518474717973));
#15433=CARTESIAN_POINT('Ctrl Pts',(29.,657.855009157115,90.5451870103214));
#15434=CARTESIAN_POINT('Ctrl Pts',(29.,657.816338488689,90.5308411346614));
#15435=CARTESIAN_POINT('Ctrl Pts',(28.9999999999999,657.795722652513,90.523150720528));
#15436=CARTESIAN_POINT('Ctrl Pts',(28.9999999999999,657.739476311392,90.5020534197202));
#15437=CARTESIAN_POINT('Ctrl Pts',(29.,657.703911123865,90.4885867732152));
#15438=CARTESIAN_POINT('Ctrl Pts',(29.,657.594080847657,90.4466151269727));
#15439=CARTESIAN_POINT('Ctrl Pts',(29.0000000000003,657.52025965322,90.4178606574447));
#15440=CARTESIAN_POINT('Ctrl Pts',(29.0000000000003,657.232557297,90.3038417598738));
#15441=CARTESIAN_POINT('Ctrl Pts',(29.0000000000028,657.025568060227,90.2176318118831));
#15442=CARTESIAN_POINT('Ctrl Pts',(29.0000000000028,656.478225537349,89.9842078228454));
#15443=CARTESIAN_POINT('Ctrl Pts',(29.,656.15003613056,89.8390913730145));
#15444=CARTESIAN_POINT('Ctrl Pts',(29.,655.822477887999,89.700448082601));
#15445=CARTESIAN_POINT('',(29.,688.720390808185,91.2274614880103));
#15446=CARTESIAN_POINT('Origin',(29.,674.337281724497,45.9574253372988));
#15447=CARTESIAN_POINT('',(29.,692.852085561001,89.7004480825982));
#15448=CARTESIAN_POINT('Ctrl Pts',(29.,692.852085560994,89.700448082601));
#15449=CARTESIAN_POINT('Ctrl Pts',(29.,692.688993438832,89.7694789464874));
#15450=CARTESIAN_POINT('Ctrl Pts',(29.,692.522784473621,89.8413983605454));
#15451=CARTESIAN_POINT('Ctrl Pts',(29.,692.333538678644,89.9234311452831));
#15452=CARTESIAN_POINT('Ctrl Pts',(29.,692.30410237783,89.9361952823137));
#15453=CARTESIAN_POINT('Ctrl Pts',(29.,692.150466808997,90.0027949502472));
#15454=CARTESIAN_POINT('Ctrl Pts',(29.,692.029699593327,90.055079715529));
#15455=CARTESIAN_POINT('Ctrl Pts',(29.,691.615882103544,90.2321087581494));
#15456=CARTESIAN_POINT('Ctrl Pts',(29.,691.340505582172,90.3463999406517));
#15457=CARTESIAN_POINT('Ctrl Pts',(29.,691.003949527774,90.4759240192357));
#15458=CARTESIAN_POINT('Ctrl Pts',(29.,690.960410862982,90.4924946852603));
#15459=CARTESIAN_POINT('Ctrl Pts',(29.,690.89445276892,90.5173105481894));
#15460=CARTESIAN_POINT('Ctrl Pts',(29.,690.872144902646,90.5256540687513));
#15461=CARTESIAN_POINT('Ctrl Pts',(29.,690.831783065488,90.5406601153992));
#15462=CARTESIAN_POINT('Ctrl Pts',(29.,690.813746665076,90.5473334210976));
#15463=CARTESIAN_POINT('Ctrl Pts',(29.,690.775039757864,90.5615851243083));
#15464=CARTESIAN_POINT('Ctrl Pts',(28.9999999999999,690.754376287475,90.5691509093955));
#15465=CARTESIAN_POINT('Ctrl Pts',(28.9999999999999,690.697920990973,90.5897063704434));
#15466=CARTESIAN_POINT('Ctrl Pts',(29.,690.6621399242,90.6026081312923));
#15467=CARTESIAN_POINT('Ctrl Pts',(29.,690.551388781694,90.6421595851931));
#15468=CARTESIAN_POINT('Ctrl Pts',(29.0000000000003,690.476593803753,90.6683308420203));
#15469=CARTESIAN_POINT('Ctrl Pts',(29.0000000000003,690.183797600494,90.7688517211158));
#15470=CARTESIAN_POINT('Ctrl Pts',(29.0000000000028,689.970421860911,90.8379968526891));
#15471=CARTESIAN_POINT('Ctrl Pts',(29.0000000000028,689.402860336894,91.0166216552721));
#15472=CARTESIAN_POINT('Ctrl Pts',(29.,689.059283238423,91.1197892348777));
#15473=CARTESIAN_POINT('Ctrl Pts',(29.,688.720390808185,91.2274614880103));
#15474=CARTESIAN_POINT('Origin',(29.,674.337281724497,45.9574253372988));
#15475=CARTESIAN_POINT('Ctrl Pts',(28.1999999999997,721.296882459638,39.8505333997926));
#15476=CARTESIAN_POINT('Ctrl Pts',(28.4710747622129,721.3119916654,39.1702906792315));
#15477=CARTESIAN_POINT('Ctrl Pts',(28.8211685378258,721.195122349617,37.7232225635121));
#15478=CARTESIAN_POINT('Ctrl Pts',(28.1037528056628,720.568167739497,35.6961920908433));
#15479=CARTESIAN_POINT('Ctrl Pts',(26.669448065409,719.312989250076,33.414764743743));
#15480=CARTESIAN_POINT('Ctrl Pts',(24.8340604183116,716.977664020383,31.0645336620345));
#15481=CARTESIAN_POINT('Ctrl Pts',(24.,714.312280811021,29.9859528376433));
#15482=CARTESIAN_POINT('Ctrl Pts',(24.,712.896832121323,29.7568955925458));
#15483=CARTESIAN_POINT('Ctrl Pts',(28.3572963987858,721.29572281148,39.9027427766501));
#15484=CARTESIAN_POINT('Ctrl Pts',(28.6118475187962,721.314802674318,39.2046950462901));
#15485=CARTESIAN_POINT('Ctrl Pts',(28.9416677126419,721.199141971998,37.7159070426009));
#15486=CARTESIAN_POINT('Ctrl Pts',(28.265957618027,720.546750425696,35.6347388684651));
#15487=CARTESIAN_POINT('Ctrl Pts',(26.9241426446363,719.24237971833,33.3090269785798));
#15488=CARTESIAN_POINT('Ctrl Pts',(25.2365654497892,716.829885353661,30.9635927077066));
#15489=CARTESIAN_POINT('Ctrl Pts',(24.5538676394453,714.211993257707,29.9678772809375));
#15490=CARTESIAN_POINT('Ctrl Pts',(24.5983986006838,712.896832121323,29.7568955925458));
#15491=CARTESIAN_POINT('Ctrl Pts',(28.632547438128,721.3299389069,39.9949083882716));
#15492=CARTESIAN_POINT('Ctrl Pts',(28.8582010300201,721.346583640924,39.2630263722484));
#15493=CARTESIAN_POINT('Ctrl Pts',(29.1536893494253,721.222456574269,37.7025939924732));
#15494=CARTESIAN_POINT('Ctrl Pts',(28.5512669459342,720.54399258373,35.517848417752));
#15495=CARTESIAN_POINT('Ctrl Pts',(27.3724618296703,719.200504884083,33.0755905053448));
#15496=CARTESIAN_POINT('Ctrl Pts',(25.9440536287693,716.735049049085,30.6071902682335));
#15497=CARTESIAN_POINT('Ctrl Pts',(25.5188781637843,714.180553173928,29.534791589547));
#15498=CARTESIAN_POINT('Ctrl Pts',(25.6342725439178,712.977069081528,29.2610749947783));
#15499=CARTESIAN_POINT('Ctrl Pts',(28.8930176441055,721.425663970058,40.0835317729514));
#15500=CARTESIAN_POINT('Ctrl Pts',(29.0950946138563,721.424236789057,39.3162248892133));
#15501=CARTESIAN_POINT('Ctrl Pts',(29.35776491354,721.274622606526,37.6821386967084));
#15502=CARTESIAN_POINT('Ctrl Pts',(28.8202044758595,720.603095081706,35.3818175064289));
#15503=CARTESIAN_POINT('Ctrl Pts',(27.7582137178737,719.305964838792,32.7711279735928));
#15504=CARTESIAN_POINT('Ctrl Pts',(26.4421765155277,716.95150381633,30.0282125573079));
#15505=CARTESIAN_POINT('Ctrl Pts',(25.9482299845886,714.416549954132,28.6305489054012));
#15506=CARTESIAN_POINT('Ctrl Pts',(26.,713.144633979469,28.2256154303842));
#15507=CARTESIAN_POINT('Ctrl Pts',(28.9999999999997,721.477252578498,40.1202044331407));
#15508=CARTESIAN_POINT('Ctrl Pts',(29.193624830152,721.465526741393,39.3378571692624));
#15509=CARTESIAN_POINT('Ctrl Pts',(29.4436918127327,721.30204307531,37.6724446397381));
#15510=CARTESIAN_POINT('Ctrl Pts',(28.9312520040447,720.6392810994,35.3210333623032));
#15511=CARTESIAN_POINT('Ctrl Pts',(27.9067486181493,719.376421848685,32.6335392325074));
#15512=CARTESIAN_POINT('Ctrl Pts',(26.5957574416511,717.092565835649,29.7619126798917));
#15513=CARTESIAN_POINT('Ctrl Pts',(26.,714.546731537519,28.2295417270735));
#15514=CARTESIAN_POINT('Ctrl Pts',(26.,713.216328885753,27.782580061148));
#15515=CARTESIAN_POINT('',(28.6188873986775,721.155899385753,37.940752692798));
#15516=CARTESIAN_POINT('Ctrl Pts',(29.,721.477252578498,40.1202044331408));
#15517=CARTESIAN_POINT('Ctrl Pts',(29.,721.456005658971,39.948619498517));
#15518=CARTESIAN_POINT('Ctrl Pts',(28.9947359896011,721.433780043498,39.7768415555279));
#15519=CARTESIAN_POINT('Ctrl Pts',(28.9378552045939,721.320312026619,38.9358958676292));
#15520=CARTESIAN_POINT('Ctrl Pts',(28.8045128946909,721.235064061342,38.4035561324766));
#15521=CARTESIAN_POINT('Ctrl Pts',(28.6210258159613,721.156808579629,37.9460638844703));
#15522=CARTESIAN_POINT('Ctrl Pts',(28.6199577817017,721.156354013488,37.943407789621));
#15523=CARTESIAN_POINT('Ctrl Pts',(28.6188873986775,721.155899385753,37.940752692798));
#15524=CARTESIAN_POINT('',(24.,712.896832121323,29.7568955925458));
#15525=CARTESIAN_POINT('Ctrl Pts',(28.6188921557209,721.154868364694,37.9409284071503));
#15526=CARTESIAN_POINT('Ctrl Pts',(28.6193655455916,721.143830699687,37.8761510181486));
#15527=CARTESIAN_POINT('Ctrl Pts',(28.6051978477003,721.005345964664,37.1095462104267));
#15528=CARTESIAN_POINT('Ctrl Pts',(28.1051562572638,720.567982927397,35.695660250987));
#15529=CARTESIAN_POINT('Ctrl Pts',(26.6716517745034,719.312379486057,33.4138491877948));
#15530=CARTESIAN_POINT('Ctrl Pts',(24.8375430213375,716.976387742965,31.0636577366479));
#15531=CARTESIAN_POINT('Ctrl Pts',(24.0047921175583,714.311415155801,29.9857907214279));
#15532=CARTESIAN_POINT('Ctrl Pts',(24.0051773073414,712.896833265023,29.7568885251066));
#15533=CARTESIAN_POINT('',(26.,713.216328885753,27.7825800611479));
#15534=CARTESIAN_POINT('Origin',(24.,713.216328885753,27.7825800611479));
#15535=CARTESIAN_POINT('Ctrl Pts',(26.,713.216328885753,27.782580061148));
#15536=CARTESIAN_POINT('Ctrl Pts',(26.,714.546731537519,28.2295417270735));
#15537=CARTESIAN_POINT('Ctrl Pts',(26.5957574416511,717.092565835649,29.7619126798917));
#15538=CARTESIAN_POINT('Ctrl Pts',(27.9067486181493,719.376421848685,32.6335392325074));
#15539=CARTESIAN_POINT('Ctrl Pts',(28.7216251012864,720.380883443529,34.7711366236821));
#15540=CARTESIAN_POINT('Ctrl Pts',(28.9646994131983,720.687746538326,35.6431172652627));
#15541=CARTESIAN_POINT('Ctrl Pts',(29.0000124875977,720.733201735078,35.7787549561603));
#15542=CARTESIAN_POINT('Origin',(24.,711.299348299173,39.628473249535));
#15543=CARTESIAN_POINT('',(24.,706.299348299173,30.9682192116906));
#15544=CARTESIAN_POINT('',(26.,705.299348299173,29.2361684041218));
#15545=CARTESIAN_POINT('Origin',(24.,705.299348299173,29.2361684041218));
#15546=CARTESIAN_POINT('Origin',(26.,711.299348299173,39.628473249535));
#15547=CARTESIAN_POINT('Origin',(24.,711.299348299173,39.628473249535));
#15548=CARTESIAN_POINT('Origin',(24.,693.194415896257,36.2249543854676));
#15549=CARTESIAN_POINT('',(24.,689.316432291205,40.7733103405155));
#15550=CARTESIAN_POINT('',(26.,688.316432291205,39.0412595329466));
#15551=CARTESIAN_POINT('Origin',(24.,688.316432291205,39.0412595329466));
#15552=CARTESIAN_POINT('',(26.,693.194415896257,36.2249543854676));
#15553=CARTESIAN_POINT('',(24.,694.194415896257,37.9570051930365));
#15554=CARTESIAN_POINT('Origin',(24.,691.816432291205,45.1034373594377));
#15555=CARTESIAN_POINT('',(24.,686.822389272146,45.3474339245409));
#15556=CARTESIAN_POINT('',(26.,684.824772064522,45.4450325505822));
#15557=CARTESIAN_POINT('Origin',(24.,684.824772064522,45.4450325505822));
#15558=CARTESIAN_POINT('Origin',(26.,691.816432291205,45.1034373594377));
#15559=CARTESIAN_POINT('Origin',(24.,691.816432291205,45.1034373594377));
#15560=CARTESIAN_POINT('Origin',(24.,674.337281724497,45.9574253372989));
#15561=CARTESIAN_POINT('',(24.,680.051567438783,57.0748413489227));
#15562=CARTESIAN_POINT('',(26.,679.137281724497,55.2960547870629));
#15563=CARTESIAN_POINT('Origin',(24.,679.137281724497,55.2960547870629));
#15564=CARTESIAN_POINT('Origin',(26.,674.337281724497,45.9574253372989));
#15565=CARTESIAN_POINT('Origin',(24.,674.337281724497,45.9574253372989));
#15566=CARTESIAN_POINT('Origin',(24.,682.337281724497,61.5218077535723));
#15567=CARTESIAN_POINT('',(24.,677.337281724497,61.5218077535723));
#15568=CARTESIAN_POINT('',(26.,675.337281724497,61.5218077535723));
#15569=CARTESIAN_POINT('Origin',(24.,675.337281724497,61.5218077535723));
#15570=CARTESIAN_POINT('Origin',(26.,682.337281724497,61.5218077535723));
#15571=CARTESIAN_POINT('Origin',(24.,682.337281724497,61.5218077535723));
#15572=CARTESIAN_POINT('Origin',(24.,675.337281724497,52.0247558870547));
#15573=CARTESIAN_POINT('',(24.,677.337281724497,81.131990011222));
#15574=CARTESIAN_POINT('',(26.,675.337281724497,81.131990011222));
#15575=CARTESIAN_POINT('Origin',(24.,675.337281724497,81.131990011222));
#15576=CARTESIAN_POINT('',(26.,675.337281724497,52.0247558870547));
#15577=CARTESIAN_POINT('',(24.,677.337281724497,52.0247558870547));
#15578=CARTESIAN_POINT('Origin',(24.,687.337281724497,81.131990011222));
#15579=CARTESIAN_POINT('',(24.,679.586986609188,87.4512404118331));
#15580=CARTESIAN_POINT('',(26.,678.036927586126,88.7150904919553));
#15581=CARTESIAN_POINT('Origin',(24.,678.036927586126,88.7150904919553));
#15582=CARTESIAN_POINT('Origin',(26.,687.337281724497,81.131990011222));
#15583=CARTESIAN_POINT('Origin',(24.,687.337281724497,81.131990011222));
#15584=CARTESIAN_POINT('Ctrl Pts',(29.,692.852085560994,89.700448082601));
#15585=CARTESIAN_POINT('Ctrl Pts',(29.096812555036,692.510387305182,89.8909577375796));
#15586=CARTESIAN_POINT('Ctrl Pts',(29.2608804575258,691.799199088863,90.2509821659334));
#15587=CARTESIAN_POINT('Ctrl Pts',(29.3562989790469,690.248150821366,90.8739432597179));
#15588=CARTESIAN_POINT('Ctrl Pts',(28.9329901230716,688.291062586462,91.36956288103));
#15589=CARTESIAN_POINT('Ctrl Pts',(28.1637309747312,686.062836917812,91.5617731524415));
#15590=CARTESIAN_POINT('Ctrl Pts',(27.3820277865254,683.87207587897,91.4047248538174));
#15591=CARTESIAN_POINT('Ctrl Pts',(26.4475891157229,681.043399842408,90.7233909852417));
#15592=CARTESIAN_POINT('Ctrl Pts',(26.,679.089210590403,89.6437734951922));
#15593=CARTESIAN_POINT('Ctrl Pts',(26.,678.036927586126,88.7150904919553));
#15594=CARTESIAN_POINT('Ctrl Pts',(28.8573568588077,692.775347214903,89.6653271287873));
#15595=CARTESIAN_POINT('Ctrl Pts',(28.9598017517465,692.445770297418,89.8567770688327));
#15596=CARTESIAN_POINT('Ctrl Pts',(29.1339062949222,691.757715918528,90.2167059316375));
#15597=CARTESIAN_POINT('Ctrl Pts',(29.2353237087842,690.249314222821,90.8284448244635));
#15598=CARTESIAN_POINT('Ctrl Pts',(28.7843135899037,688.336364216331,91.2880129592459));
#15599=CARTESIAN_POINT('Ctrl Pts',(27.9763078357445,686.156589057157,91.411158268559));
#15600=CARTESIAN_POINT('Ctrl Pts',(27.1799916747044,684.02354157818,91.166454816976));
#15601=CARTESIAN_POINT('Ctrl Pts',(26.2748478755672,681.295142054075,90.3620310763849));
#15602=CARTESIAN_POINT('Ctrl Pts',(25.9294473311332,679.46389776291,89.2256580027706));
#15603=CARTESIAN_POINT('Ctrl Pts',(26.,678.500704161315,88.3369474322457));
#15604=CARTESIAN_POINT('Ctrl Pts',(28.5932456576605,692.654015361177,89.63446890179));
#15605=CARTESIAN_POINT('Ctrl Pts',(28.7081313492276,692.343826819913,89.8239680319413));
#15606=CARTESIAN_POINT('Ctrl Pts',(28.9038327186675,691.693660185987,90.1778349167825));
#15607=CARTESIAN_POINT('Ctrl Pts',(29.0182967670368,690.258450271411,90.7666041089591));
#15608=CARTESIAN_POINT('Ctrl Pts',(28.5129542518388,688.427278204755,91.1770845280255));
#15609=CARTESIAN_POINT('Ctrl Pts',(27.6089272757465,686.34081166688,91.215225016595));
#15610=CARTESIAN_POINT('Ctrl Pts',(26.7239845885708,684.314842271961,90.8591773713848));
#15611=CARTESIAN_POINT('Ctrl Pts',(25.7291251102183,681.760002184858,89.8808920234575));
#15612=CARTESIAN_POINT('Ctrl Pts',(25.3888974000496,680.127204744514,88.6044245743579));
#15613=CARTESIAN_POINT('Ctrl Pts',(25.4977281328466,679.303536398993,87.682353269818));
#15614=CARTESIAN_POINT('Ctrl Pts',(28.3179722990896,692.561834652967,89.6587467643646));
#15615=CARTESIAN_POINT('Ctrl Pts',(28.4473151748314,692.266016207366,89.8399722787504));
#15616=CARTESIAN_POINT('Ctrl Pts',(28.6668345064828,691.646070806685,90.1780320699133));
#15617=CARTESIAN_POINT('Ctrl Pts',(28.7947234858111,690.278088571434,90.7394731698954));
#15618=CARTESIAN_POINT('Ctrl Pts',(28.2283280993418,688.531573641203,91.1297824608633));
#15619=CARTESIAN_POINT('Ctrl Pts',(27.2033048541545,686.535109107293,91.1621239733022));
#15620=CARTESIAN_POINT('Ctrl Pts',(26.1717881040778,684.582863843249,90.8102121799245));
#15621=CARTESIAN_POINT('Ctrl Pts',(24.9573928760837,682.0944570441,89.8308865921611));
#15622=CARTESIAN_POINT('Ctrl Pts',(24.4164779472409,680.44497772658,88.5044472359472));
#15623=CARTESIAN_POINT('Ctrl Pts',(24.4487989505128,679.586986609188,87.4512404118331));
#15624=CARTESIAN_POINT('Ctrl Pts',(28.2,692.52835853602,89.6790784942591));
#15625=CARTESIAN_POINT('Ctrl Pts',(28.3355375770504,692.237581678718,89.8556819077214));
#15626=CARTESIAN_POINT('Ctrl Pts',(28.5652326405363,691.62900238748,90.1852017502159));
#15627=CARTESIAN_POINT('Ctrl Pts',(28.6988185706656,690.288625623548,90.7340837169837));
#15628=CARTESIAN_POINT('Ctrl Pts',(28.1061861723006,688.578657718754,91.1210668710366));
#15629=CARTESIAN_POINT('Ctrl Pts',(27.0292233646238,686.618054073172,91.1658144881296));
#15630=CARTESIAN_POINT('Ctrl Pts',(25.9348389011353,684.686619369146,90.8371389359095));
#15631=CARTESIAN_POINT('Ctrl Pts',(24.6266247620121,682.196668112488,89.8905334877223));
#15632=CARTESIAN_POINT('Ctrl Pts',(24.,680.493081657065,88.5625279187958));
#15633=CARTESIAN_POINT('Ctrl Pts',(24.,679.586986609188,87.4512404118332));
#15634=CARTESIAN_POINT('Ctrl Pts',(28.9984736143715,688.720472182317,91.2259565172685));
#15635=CARTESIAN_POINT('Ctrl Pts',(28.9638923581645,688.583475775152,91.2536224164425));
#15636=CARTESIAN_POINT('Ctrl Pts',(28.7222429937861,687.680615295609,91.4222210301161));
#15637=CARTESIAN_POINT('Ctrl Pts',(28.1637309747312,686.062836917812,91.5617731524415));
#15638=CARTESIAN_POINT('Ctrl Pts',(27.3820277865254,683.87207587897,91.4047248538174));
#15639=CARTESIAN_POINT('Ctrl Pts',(26.4475891157229,681.043399842408,90.7233909852417));
#15640=CARTESIAN_POINT('Ctrl Pts',(26.,679.089210590403,89.6437734951922));
#15641=CARTESIAN_POINT('Ctrl Pts',(26.,678.036927586126,88.7150904919553));
#15642=CARTESIAN_POINT('',(28.6188873986776,690.803948391163,90.5118739242682));
#15643=CARTESIAN_POINT('Ctrl Pts',(24.,679.586986609188,87.4512404118332));
#15644=CARTESIAN_POINT('Ctrl Pts',(24.,680.493081657065,88.5625279187958));
#15645=CARTESIAN_POINT('Ctrl Pts',(24.6266247620121,682.196668112488,89.8905334877223));
#15646=CARTESIAN_POINT('Ctrl Pts',(25.9348389011353,684.686619369146,90.8371389359095));
#15647=CARTESIAN_POINT('Ctrl Pts',(27.0292233646238,686.618054073172,91.1658144881296));
#15648=CARTESIAN_POINT('Ctrl Pts',(28.1061861723006,688.578657718754,91.1210668710366));
#15649=CARTESIAN_POINT('Ctrl Pts',(28.6016855778425,690.008360317969,90.7975106103311));
#15650=CARTESIAN_POINT('Ctrl Pts',(28.6193563967441,690.743141233418,90.5339355603112));
#15651=CARTESIAN_POINT('Ctrl Pts',(28.6192276320422,690.803812408641,90.5115041731928));
#15652=CARTESIAN_POINT('Ctrl Pts',(28.6188873986776,690.803948391163,90.5118739242682));
#15653=CARTESIAN_POINT('Ctrl Pts',(28.6199584079911,690.806476564718,90.5109395486332));
#15654=CARTESIAN_POINT('Ctrl Pts',(28.621027044996,690.809005523401,90.510004638249));
#15655=CARTESIAN_POINT('Ctrl Pts',(28.7413549258521,691.094487248732,90.4044395473184));
#15656=CARTESIAN_POINT('Ctrl Pts',(28.8284086023909,691.381634229304,90.2952310542581));
#15657=CARTESIAN_POINT('Ctrl Pts',(28.9683813837478,692.066394537659,90.0267240423129));
#15658=CARTESIAN_POINT('Ctrl Pts',(29.,692.46176729974,89.8656553679548));
#15659=CARTESIAN_POINT('Ctrl Pts',(29.,692.852085560994,89.7004480826011));
#15660=CARTESIAN_POINT('Origin',(31.,674.337281724497,45.9574253372988));
#15661=CARTESIAN_POINT('',(26.,709.516683024123,21.3746054587934));
#15662=CARTESIAN_POINT('Origin',(26.,674.337281724497,45.9574253372988));
#15663=CARTESIAN_POINT('Ctrl Pts',(29.0000134845775,706.350234925568,10.8667101301757));
#15664=CARTESIAN_POINT('Ctrl Pts',(28.9647023899266,706.444966934758,10.9738876569662));
#15665=CARTESIAN_POINT('Ctrl Pts',(28.7216304716274,707.046685605366,11.6756209366431));
#15666=CARTESIAN_POINT('Ctrl Pts',(27.9067608853121,708.395660180059,13.6142932225037));
#15667=CARTESIAN_POINT('Ctrl Pts',(26.5957746980954,709.7406435449,17.0279772004372));
#15668=CARTESIAN_POINT('Ctrl Pts',(26.,709.794804361619,19.9989612971122));
#15669=CARTESIAN_POINT('Ctrl Pts',(26.,709.516683024123,21.3746054587933));
#15670=CARTESIAN_POINT('Origin',(26.,674.337281724497,45.9574253372989));
#15671=CARTESIAN_POINT('',(26.,670.637635862867,88.7150904919553));
#15672=CARTESIAN_POINT('Origin',(26.,674.337281724497,45.9574253372988));
#15673=CARTESIAN_POINT('',(26.,673.337281724497,81.131990011222));
#15674=CARTESIAN_POINT('Origin',(26.,661.337281724497,81.131990011222));
#15675=CARTESIAN_POINT('',(26.,673.337281724497,61.5218077535723));
#15676=CARTESIAN_POINT('',(26.,673.337281724497,67.1544180485304));
#15677=CARTESIAN_POINT('',(26.,669.537281724497,55.296054787063));
#15678=CARTESIAN_POINT('Origin',(26.,666.337281724497,61.5218077535723));
#15679=CARTESIAN_POINT('',(26.,663.849791384472,45.4450325505822));
#15680=CARTESIAN_POINT('Origin',(26.,674.337281724497,45.9574253372989));
#15681=CARTESIAN_POINT('',(26.,660.358131157788,39.0412595329466));
#15682=CARTESIAN_POINT('Origin',(26.,656.858131157788,45.1034373594377));
#15683=CARTESIAN_POINT('',(26.,643.375215149821,29.2361684041218));
#15684=CARTESIAN_POINT('',(26.,668.582819335251,43.7897854662054));
#15685=CARTESIAN_POINT('',(26.,635.458234563241,27.782580061148));
#15686=CARTESIAN_POINT('Origin',(26.,637.375215149821,39.628473249535));
#15687=CARTESIAN_POINT('',(26.,639.15788042487,21.3746054587933));
#15688=CARTESIAN_POINT('Origin',(26.,674.337281724497,45.9574253372988));
#15689=CARTESIAN_POINT('',(26.,644.375215149821,27.5041175965529));
#15690=CARTESIAN_POINT('Origin',(26.,650.375215149821,17.1118127511396));
#15691=CARTESIAN_POINT('',(26.,661.358131157788,37.3092087253777));
#15692=CARTESIAN_POINT('',(26.,656.480147552737,34.4929035778987));
#15693=CARTESIAN_POINT('',(26.,668.649791384472,37.1311886742515));
#15694=CARTESIAN_POINT('Origin',(26.,664.858131157788,31.2470308988867));
#15695=CARTESIAN_POINT('',(26.,680.024772064522,37.1311886742516));
#15696=CARTESIAN_POINT('Origin',(26.,674.337281724497,45.9574253372989));
#15697=CARTESIAN_POINT('',(26.,687.316432291205,37.3092087253778));
#15698=CARTESIAN_POINT('Origin',(26.,683.816432291205,31.2470308988867));
#15699=CARTESIAN_POINT('',(26.,704.299348299173,27.5041175965529));
#15700=CARTESIAN_POINT('',(26.,679.091744113743,42.0577346586366));
#15701=CARTESIAN_POINT('Origin',(26.,698.299348299173,17.1118127511396));
#15702=CARTESIAN_POINT('Origin',(31.,674.337281724497,45.9574253372988));
#15703=CARTESIAN_POINT('Ctrl Pts',(25.9999999999999,670.637635862867,88.7150904919554));
#15704=CARTESIAN_POINT('Ctrl Pts',(25.9999999999999,669.585352600943,89.643773722576));
#15705=CARTESIAN_POINT('Ctrl Pts',(26.5957578348136,666.985365933957,91.0823410485755));
#15706=CARTESIAN_POINT('Ctrl Pts',(27.9067494961113,663.356533788732,91.6244064372193));
#15707=CARTESIAN_POINT('Ctrl Pts',(28.7216227200574,661.003099835667,91.4254981108991));
#15708=CARTESIAN_POINT('Ctrl Pts',(28.9646984517398,660.094506330911,91.2552584579924));
#15709=CARTESIAN_POINT('Ctrl Pts',(29.0000124719184,659.954309186455,91.2268041919751));
#15710=CARTESIAN_POINT('Ctrl Pts',(28.1999999999998,645.568757800879,8.34266411784547));
#15711=CARTESIAN_POINT('Ctrl Pts',(28.3355374122467,645.270426692523,8.50618235754446));
#15712=CARTESIAN_POINT('Ctrl Pts',(28.565238561268,644.68075380893,8.86846466190517));
#15713=CARTESIAN_POINT('Ctrl Pts',(28.6988371266669,643.535200816961,9.75481959120155));
#15714=CARTESIAN_POINT('Ctrl Pts',(28.1062247346849,642.345051555682,11.0421974795803));
#15715=CARTESIAN_POINT('Ctrl Pts',(27.0292771516255,641.325976812836,12.7177460352265));
#15716=CARTESIAN_POINT('Ctrl Pts',(25.9348982445052,640.644888748526,14.5547568860887));
#15717=CARTESIAN_POINT('Ctrl Pts',(24.6266996509947,640.219698426506,17.1843907787508));
#15718=CARTESIAN_POINT('Ctrl Pts',(24.,640.518081143668,19.3237965540031));
#15719=CARTESIAN_POINT('Ctrl Pts',(24.,641.027436212362,20.6641400075177));
#15720=CARTESIAN_POINT('Ctrl Pts',(28.3572963987859,645.614552271632,8.31756371418067));
#15721=CARTESIAN_POINT('Ctrl Pts',(28.4845719880332,645.307518701607,8.48381386200828));
#15722=CARTESIAN_POINT('Ctrl Pts',(28.7005649670981,644.700265182234,8.85356819517839));
#15723=CARTESIAN_POINT('Ctrl Pts',(28.8263140366331,643.521553480905,9.76351368203597));
#15724=CARTESIAN_POINT('Ctrl Pts',(28.2683561276335,642.30288388852,11.0910078102543));
#15725=CARTESIAN_POINT('Ctrl Pts',(27.2602346315409,641.273865419295,12.81647358701));
#15726=CARTESIAN_POINT('Ctrl Pts',(26.2492132698589,640.605467733408,14.693418149259));
#15727=CARTESIAN_POINT('Ctrl Pts',(25.0665150119785,640.2199342502,17.3434059031567));
#15728=CARTESIAN_POINT('Ctrl Pts',(24.5538676292146,640.552571036954,19.4196859232392));
#15729=CARTESIAN_POINT('Ctrl Pts',(24.5983986006838,641.027436212362,20.6641400075177));
#15730=CARTESIAN_POINT('Ctrl Pts',(28.6325474469869,645.677262010386,8.24184894082022));
#15731=CARTESIAN_POINT('Ctrl Pts',(28.7453742688554,645.356186543887,8.41761210395623));
#15732=CARTESIAN_POINT('Ctrl Pts',(28.9376417214508,644.720829264667,8.80739638200292));
#15733=CARTESIAN_POINT('Ctrl Pts',(29.0501272855177,643.485135816234,9.7629951955224));
#15734=CARTESIAN_POINT('Ctrl Pts',(28.5534038119108,642.203372121443,11.1513452203648));
#15735=CARTESIAN_POINT('Ctrl Pts',(27.6664642586674,641.113193134294,12.9474612381618));
#15736=CARTESIAN_POINT('Ctrl Pts',(26.8017424467596,640.391761708421,14.8883532317988));
#15737=CARTESIAN_POINT('Ctrl Pts',(25.8362757227065,639.933779832358,17.601591572857));
#15738=CARTESIAN_POINT('Ctrl Pts',(25.5188829452499,640.193233288825,19.6634546448349));
#15739=CARTESIAN_POINT('Ctrl Pts',(25.6342773518943,640.557929894304,20.8425610101791));
#15740=CARTESIAN_POINT('Ctrl Pts',(28.8930176441056,645.706149555865,8.11463687170496));
#15741=CARTESIAN_POINT('Ctrl Pts',(28.9940561521951,645.374252647953,8.30708162435591));
#15742=CARTESIAN_POINT('Ctrl Pts',(29.1657677077943,644.715697079181,8.72795765915244));
#15743=CARTESIAN_POINT('Ctrl Pts',(29.2658957735861,643.424116146676,9.7361715298807));
#15744=CARTESIAN_POINT('Ctrl Pts',(28.8220867334789,642.056517965048,11.1680061137668));
#15745=CARTESIAN_POINT('Ctrl Pts',(28.0241152885968,640.83920624884,12.9958546196341));
#15746=CARTESIAN_POINT('Ctrl Pts',(27.231827802936,639.958573962293,14.9667208867718));
#15747=CARTESIAN_POINT('Ctrl Pts',(26.3190282237143,639.251224215372,17.7378409208361));
#15748=CARTESIAN_POINT('Ctrl Pts',(25.9482299726947,639.292132385882,19.9111988017137));
#15749=CARTESIAN_POINT('Ctrl Pts',(25.9999999999999,639.577407762546,21.2151773843393));
#15750=CARTESIAN_POINT('Ctrl Pts',(28.9999999999998,645.712114706993,8.05162349615534));
#15751=CARTESIAN_POINT('Ctrl Pts',(29.0968124373191,645.37627978656,8.25228779463534));
#15752=CARTESIAN_POINT('Ctrl Pts',(29.26088468662,644.708885420362,8.68817983390639));
#15753=CARTESIAN_POINT('Ctrl Pts',(29.3563122333336,643.393843384727,9.71994233437767));
#15754=CARTESIAN_POINT('Ctrl Pts',(28.9330176676322,641.986053430596,11.1670150738516));
#15755=CARTESIAN_POINT('Ctrl Pts',(28.1637693940181,640.705463490734,13.0005995402026));
#15756=CARTESIAN_POINT('Ctrl Pts',(27.3820701746463,639.746078799682,14.9763802901888));
#15757=CARTESIAN_POINT('Ctrl Pts',(26.4476426078533,638.921799376778,17.7667201910557));
#15758=CARTESIAN_POINT('Ctrl Pts',(26.,638.879759192301,19.9989618160956));
#15759=CARTESIAN_POINT('Ctrl Pts',(25.9999999999999,639.15788042487,21.3746054587933));
#15760=CARTESIAN_POINT('',(28.6188873986773,643.985330729907,9.41964939483049));
#15761=CARTESIAN_POINT('Ctrl Pts',(28.9999999999998,645.712114706993,8.05162349615541));
#15762=CARTESIAN_POINT('Ctrl Pts',(28.9999999999998,645.375228390045,8.30602853760451));
#15763=CARTESIAN_POINT('Ctrl Pts',(28.9686325161184,645.039388778467,8.56682951899779));
#15764=CARTESIAN_POINT('Ctrl Pts',(28.8293290834414,644.46432224366,9.02561830138221));
#15765=CARTESIAN_POINT('Ctrl Pts',(28.7419903391176,644.224876084601,9.22072688775586));
#15766=CARTESIAN_POINT('Ctrl Pts',(28.6210244207419,643.989473051789,9.41620866322397));
#15767=CARTESIAN_POINT('Ctrl Pts',(28.6199570901813,643.98740145868,9.41792923927545));
#15768=CARTESIAN_POINT('Ctrl Pts',(28.6188873986773,643.985330729907,9.41964939483049));
#15769=CARTESIAN_POINT('',(24.,641.027436212362,20.6641400075177));
#15770=CARTESIAN_POINT('Ctrl Pts',(28.6192414470623,643.985571088472,9.41993770661329));
#15771=CARTESIAN_POINT('Ctrl Pts',(28.6193710424909,643.935804989256,9.46126735686972));
#15772=CARTESIAN_POINT('Ctrl Pts',(28.6017088780777,643.340137205616,9.96581882318257));
#15773=CARTESIAN_POINT('Ctrl Pts',(28.1062247346849,642.345051555682,11.0421974795803));
#15774=CARTESIAN_POINT('Ctrl Pts',(27.0292771516255,641.325976812836,12.7177460352265));
#15775=CARTESIAN_POINT('Ctrl Pts',(25.9348982445052,640.644888748526,14.5547568860887));
#15776=CARTESIAN_POINT('Ctrl Pts',(24.6266996509947,640.219698426506,17.1843907787508));
#15777=CARTESIAN_POINT('Ctrl Pts',(24.,640.518081143668,19.3237965540031));
#15778=CARTESIAN_POINT('Ctrl Pts',(24.,641.027436212362,20.6641400075177));
#15779=CARTESIAN_POINT('Origin',(24.,639.15788042487,21.3746054587933));
#15780=CARTESIAN_POINT('Ctrl Pts',(25.9999999999999,639.15788042487,21.3746054587933));
#15781=CARTESIAN_POINT('Ctrl Pts',(26.,638.879759192301,19.9989618160956));
#15782=CARTESIAN_POINT('Ctrl Pts',(26.4476426078533,638.921799376778,17.7667201910557));
#15783=CARTESIAN_POINT('Ctrl Pts',(27.3820701746463,639.746078799682,14.9763802901888));
#15784=CARTESIAN_POINT('Ctrl Pts',(28.1637693940181,640.705463490734,13.0005995402026));
#15785=CARTESIAN_POINT('Ctrl Pts',(28.7222751794403,641.635224290594,11.6693420416241));
#15786=CARTESIAN_POINT('Ctrl Pts',(28.9639198188119,642.232679344065,10.9717407552338));
#15787=CARTESIAN_POINT('Ctrl Pts',(28.9985013033385,642.325142053012,10.8669280421677));
#15788=CARTESIAN_POINT('Origin',(24.,650.375215149821,17.1118127511396));
#15789=CARTESIAN_POINT('',(24.,645.375215149821,25.772066788984));
#15790=CARTESIAN_POINT('Origin',(24.,644.375215149821,27.5041175965529));
#15791=CARTESIAN_POINT('Origin',(24.,650.375215149821,17.1118127511396));
#15792=CARTESIAN_POINT('Origin',(24.,656.480147552737,34.4929035778987));
#15793=CARTESIAN_POINT('',(24.,662.358131157788,35.5771579178089));
#15794=CARTESIAN_POINT('Origin',(24.,661.358131157788,37.3092087253777));
#15795=CARTESIAN_POINT('',(24.,657.480147552737,32.7608527703298));
#15796=CARTESIAN_POINT('Origin',(24.,664.858131157788,31.2470308988867));
#15797=CARTESIAN_POINT('',(24.,667.566459891133,35.450000738433));
#15798=CARTESIAN_POINT('Origin',(24.,668.649791384472,37.1311886742515));
#15799=CARTESIAN_POINT('Origin',(24.,664.858131157788,31.2470308988867));
#15800=CARTESIAN_POINT('Origin',(24.,674.337281724497,45.9574253372989));
#15801=CARTESIAN_POINT('',(24.,681.10810355786,35.450000738433));
#15802=CARTESIAN_POINT('Origin',(24.,680.024772064522,37.1311886742516));
#15803=CARTESIAN_POINT('Origin',(24.,674.337281724497,45.9574253372989));
#15804=CARTESIAN_POINT('Origin',(24.,683.816432291205,31.2470308988867));
#15805=CARTESIAN_POINT('',(24.,686.316432291205,35.5771579178089));
#15806=CARTESIAN_POINT('Origin',(24.,687.316432291205,37.3092087253778));
#15807=CARTESIAN_POINT('Origin',(24.,683.816432291205,31.2470308988867));
#15808=CARTESIAN_POINT('Origin',(24.,679.091744113743,42.0577346586366));
#15809=CARTESIAN_POINT('',(24.,703.299348299173,25.772066788984));
#15810=CARTESIAN_POINT('Origin',(24.,704.299348299173,27.5041175965529));
#15811=CARTESIAN_POINT('',(24.,678.091744113743,40.3256838510677));
#15812=CARTESIAN_POINT('Origin',(24.,698.299348299173,17.1118127511396));
#15813=CARTESIAN_POINT('',(24.,707.647127236631,20.6641400075177));
#15814=CARTESIAN_POINT('Origin',(24.,709.516683024123,21.3746054587933));
#15815=CARTESIAN_POINT('Origin',(24.,698.299348299173,17.1118127511396));
#15816=CARTESIAN_POINT('Ctrl Pts',(28.9999999999998,702.962448742,8.05162349615541));
#15817=CARTESIAN_POINT('Ctrl Pts',(29.1936249476899,703.634118836277,8.45295224453044));
#15818=CARTESIAN_POINT('Ctrl Pts',(29.4436986039133,704.994655818305,9.4272174920641));
#15819=CARTESIAN_POINT('Ctrl Pts',(28.9312591158777,706.699656196035,11.1768892993902));
#15820=CARTESIAN_POINT('Ctrl Pts',(27.9067608853121,708.395660180059,13.6142932225037));
#15821=CARTESIAN_POINT('Ctrl Pts',(26.5957746980954,709.7406435449,17.0279772004372));
#15822=CARTESIAN_POINT('Ctrl Pts',(26.,709.794804361619,19.9989612971122));
#15823=CARTESIAN_POINT('Ctrl Pts',(26.,709.516683024123,21.3746054587933));
#15824=CARTESIAN_POINT('Ctrl Pts',(28.8573568588075,702.970402276838,8.13564133022157));
#15825=CARTESIAN_POINT('Ctrl Pts',(29.062246472856,703.631579663097,8.51503503808764));
#15826=CARTESIAN_POINT('Ctrl Pts',(29.3284650771244,704.965783660035,9.45260691803618));
#15827=CARTESIAN_POINT('Ctrl Pts',(28.7823829042501,706.606060739467,11.1784096903562));
#15828=CARTESIAN_POINT('Ctrl Pts',(27.7071191177614,708.191149699292,13.6045398586861));
#15829=CARTESIAN_POINT('Ctrl Pts',(26.3888751087942,709.340388630836,17.0147080004695));
#15830=CARTESIAN_POINT('Ctrl Pts',(25.9294473902985,709.245362128888,19.8835303519984));
#15831=CARTESIAN_POINT('Ctrl Pts',(26.,708.957313240555,21.1620346928545));
#15832=CARTESIAN_POINT('Ctrl Pts',(28.5932456627906,703.004344183154,8.25614692977842));
#15833=CARTESIAN_POINT('Ctrl Pts',(28.8230168532289,703.642754310433,8.60390982137277));
#15834=CARTESIAN_POINT('Ctrl Pts',(29.1236525962714,704.924107029463,9.48435960762193));
#15835=CARTESIAN_POINT('Ctrl Pts',(28.5107752561674,706.464062280852,11.1549387912257));
#15836=CARTESIAN_POINT('Ctrl Pts',(27.3091915349947,707.888804225656,13.5285846953364));
#15837=CARTESIAN_POINT('Ctrl Pts',(25.8445722981393,708.763808946938,16.8840267448096));
#15838=CARTESIAN_POINT('Ctrl Pts',(25.3889001845284,708.375702527546,19.6197054853394));
#15839=CARTESIAN_POINT('Ctrl Pts',(25.4977308260603,707.988999850762,20.7940578643166));
#15840=CARTESIAN_POINT('Ctrl Pts',(28.3179722990893,703.07145979505,8.32383881509693));
#15841=CARTESIAN_POINT('Ctrl Pts',(28.5766578336284,703.681169527866,8.65498560059343));
#15842=CARTESIAN_POINT('Ctrl Pts',(28.9120157183226,704.902998211704,9.49440816548704));
#15843=CARTESIAN_POINT('Ctrl Pts',(28.2259830621142,706.370512221218,11.0876495919265));
#15844=CARTESIAN_POINT('Ctrl Pts',(26.8616002644225,707.728508429976,13.3636462126713));
#15845=CARTESIAN_POINT('Ctrl Pts',(25.1374491966818,708.564174484565,16.6089518308786));
#15846=CARTESIAN_POINT('Ctrl Pts',(24.4164779743451,708.130235137925,19.394495556296));
#15847=CARTESIAN_POINT('Ctrl Pts',(24.4487989505128,707.647127236631,20.6641400075177));
#15848=CARTESIAN_POINT('Ctrl Pts',(28.1999999999997,703.105805648115,8.34266411784553));
#15849=CARTESIAN_POINT('Ctrl Pts',(28.4710749267657,703.702468089937,8.66970072062911));
#15850=CARTESIAN_POINT('Ctrl Pts',(28.8211780454786,704.89722410665,9.49442665751309));
#15851=CARTESIAN_POINT('Ctrl Pts',(28.1037627622288,706.339206702919,11.0508982966754));
#15852=CARTESIAN_POINT('Ctrl Pts',(26.6694652394369,707.687388693001,13.2786180635491));
#15853=CARTESIAN_POINT('Ctrl Pts',(24.8340845773334,708.555097166266,16.4761781600263));
#15854=CARTESIAN_POINT('Ctrl Pts',(24.,708.156482497487,19.3237960483382));
#15855=CARTESIAN_POINT('Ctrl Pts',(24.,707.647127236631,20.6641400075177));
#15856=CARTESIAN_POINT('',(28.6188873986774,704.689232719086,9.41964939483047));
#15857=CARTESIAN_POINT('Ctrl Pts',(24.005123999217,707.647133601037,20.6641424261086));
#15858=CARTESIAN_POINT('Ctrl Pts',(24.0047549689354,708.156188539804,19.3246043509169));
#15859=CARTESIAN_POINT('Ctrl Pts',(24.8375480995872,708.555204125376,16.4776933999772));
#15860=CARTESIAN_POINT('Ctrl Pts',(26.6716588459855,707.687859358433,13.2795882133439));
#15861=CARTESIAN_POINT('Ctrl Pts',(28.1051581535322,706.339564502271,11.0513175452401));
#15862=CARTESIAN_POINT('Ctrl Pts',(28.6051994453564,705.333791275772,9.96561592897634));
#15863=CARTESIAN_POINT('Ctrl Pts',(28.6193641807978,704.739144288562,9.46239341522095));
#15864=CARTESIAN_POINT('Ctrl Pts',(28.6188906850754,704.688568863281,9.42044983274328));
#15865=CARTESIAN_POINT('Ctrl Pts',(28.6188873986774,704.689232719086,9.41964939483045));
#15866=CARTESIAN_POINT('Ctrl Pts',(28.6199570896625,704.687161991317,9.4179292401098));
#15867=CARTESIAN_POINT('Ctrl Pts',(28.6210244212689,704.685090396172,9.41620866236655));
#15868=CARTESIAN_POINT('Ctrl Pts',(28.7419903235948,704.449687394789,9.22072691299756));
#15869=CARTESIAN_POINT('Ctrl Pts',(28.8293290733997,704.210241243202,9.02561833171536));
#15870=CARTESIAN_POINT('Ctrl Pts',(28.9686325154082,703.635174678133,8.56682952490689));
#15871=CARTESIAN_POINT('Ctrl Pts',(28.9999999999997,703.299335062765,8.30602854048654));
#15872=CARTESIAN_POINT('Ctrl Pts',(28.9999999999997,702.962448742,8.05162349615533));
#15873=CARTESIAN_POINT('Origin',(31.,674.337281724497,45.9574253372988));
#15874=CARTESIAN_POINT('Ctrl Pts',(28.998496622571,627.941956323945,35.7793512204464));
#15875=CARTESIAN_POINT('Ctrl Pts',(28.9639151881363,627.986495377739,35.6468708852797));
#15876=CARTESIAN_POINT('Ctrl Pts',(28.7222697663323,628.2919093876,34.7806611535403));
#15877=CARTESIAN_POINT('Ctrl Pts',(28.1637628939864,628.979933712361,33.3098378876725));
#15878=CARTESIAN_POINT('Ctrl Pts',(27.3820629585644,630.211318506622,31.4910978147657));
#15879=CARTESIAN_POINT('Ctrl Pts',(26.4476335813305,632.215688158506,29.3820775272819));
#15880=CARTESIAN_POINT('Ctrl Pts',(26.,634.12783136243,28.2295419115305));
#15881=CARTESIAN_POINT('Ctrl Pts',(26.,635.458234563241,27.782580061148));
#15882=CARTESIAN_POINT('Ctrl Pts',(28.1999999999999,656.146204912973,89.679078494259));
#15883=CARTESIAN_POINT('Ctrl Pts',(28.4710752204757,656.727758769976,90.0322854076692));
#15884=CARTESIAN_POINT('Ctrl Pts',(28.8211701988678,658.03939267144,90.6546083531504));
#15885=CARTESIAN_POINT('Ctrl Pts',(28.1037462013137,660.108341132511,91.1251627955652));
#15886=CARTESIAN_POINT('Ctrl Pts',(26.6694492945558,662.711688988817,91.1788593921206));
#15887=CARTESIAN_POINT('Ctrl Pts',(24.834060968739,665.914713551639,90.3315222316616));
#15888=CARTESIAN_POINT('Ctrl Pts',(24.,668.181481570074,88.5625281908912));
#15889=CARTESIAN_POINT('Ctrl Pts',(24.,669.087576839805,87.4512404118331));
#15890=CARTESIAN_POINT('Ctrl Pts',(28.3572963987861,656.101570090378,89.6519695210663));
#15891=CARTESIAN_POINT('Ctrl Pts',(28.6118479491251,656.696558232354,90.0175176501369));
#15892=CARTESIAN_POINT('Ctrl Pts',(28.941669272892,658.04371863786,90.6617479326197));
#15893=CARTESIAN_POINT('Ctrl Pts',(28.2659515022082,660.172270453984,91.1373421848407));
#15894=CARTESIAN_POINT('Ctrl Pts',(26.9241438205961,662.838565773416,91.1705796739779));
#15895=CARTESIAN_POINT('Ctrl Pts',(25.2365662147951,666.076020740962,90.2540140889981));
#15896=CARTESIAN_POINT('Ctrl Pts',(24.5538675641678,668.247279349253,88.4847142688507));
#15897=CARTESIAN_POINT('Ctrl Pts',(24.5983986006838,669.087576839805,87.4512404118331));
#15898=CARTESIAN_POINT('Ctrl Pts',(28.6325474385207,656.004644282631,89.6355187212385));
#15899=CARTESIAN_POINT('Ctrl Pts',(28.8582014118891,656.630151391511,90.0158751347609));
#15900=CARTESIAN_POINT('Ctrl Pts',(29.1536917932927,658.043589734913,90.6885951595404));
#15901=CARTESIAN_POINT('Ctrl Pts',(28.5512630356122,660.274878562988,91.1933987376039));
#15902=CARTESIAN_POINT('Ctrl Pts',(27.3724648017795,663.06166290864,91.2510325195098));
#15903=CARTESIAN_POINT('Ctrl Pts',(25.9440573717786,666.43208920831,90.3500843092982));
#15904=CARTESIAN_POINT('Ctrl Pts',(25.5188781817078,668.638062406282,88.6740288252002));
#15905=CARTESIAN_POINT('Ctrl Pts',(25.6342727569099,669.47685139492,87.7686377949978));
#15906=CARTESIAN_POINT('Ctrl Pts',(28.8930176441057,655.880031647568,89.6741073672407));
#15907=CARTESIAN_POINT('Ctrl Pts',(29.0950949554756,656.545253616466,90.0565254805989));
#15908=CARTESIAN_POINT('Ctrl Pts',(29.3577663231774,658.035222315699,90.7439998236613));
#15909=CARTESIAN_POINT('Ctrl Pts',(28.8201998846097,660.363135105822,91.3125990244361));
#15910=CARTESIAN_POINT('Ctrl Pts',(27.7582149739779,663.272606322117,91.4945946681342));
#15911=CARTESIAN_POINT('Ctrl Pts',(26.4421776364624,666.825273361767,90.8270281736329));
#15912=CARTESIAN_POINT('Ctrl Pts',(25.9482298970738,669.303161100068,89.3305295249951));
#15913=CARTESIAN_POINT('Ctrl Pts',(25.9999999999999,670.289803431476,88.4314831971732));
#15914=CARTESIAN_POINT('Ctrl Pts',(28.9999999999999,655.822477887999,89.7004480826009));
#15915=CARTESIAN_POINT('Ctrl Pts',(29.1936251574827,656.505874566959,90.0814674858538));
#15916=CARTESIAN_POINT('Ctrl Pts',(29.4436929991913,658.029907814936,90.7725935514706));
#15917=CARTESIAN_POINT('Ctrl Pts',(28.9312472866525,660.397683486321,91.3743293272506));
#15918=CARTESIAN_POINT('Ctrl Pts',(27.9067494961113,663.356533788732,91.6244064372193));
#15919=CARTESIAN_POINT('Ctrl Pts',(26.5957578348136,666.985365933957,91.0823410485755));
#15920=CARTESIAN_POINT('Ctrl Pts',(25.9999999999999,669.585352600943,89.643773722576));
#15921=CARTESIAN_POINT('Ctrl Pts',(25.9999999999999,670.637635862867,88.7150904919554));
#15922=CARTESIAN_POINT('',(28.6188873986775,657.87061505783,90.5118739242682));
#15923=CARTESIAN_POINT('Ctrl Pts',(29.0000000000001,655.822477887999,89.700448082601));
#15924=CARTESIAN_POINT('Ctrl Pts',(29.,656.2127961551,89.8656553704295));
#15925=CARTESIAN_POINT('Ctrl Pts',(28.9683813828008,656.608168923174,90.0267240471334));
#15926=CARTESIAN_POINT('Ctrl Pts',(28.8284085408851,657.292929515099,90.2952311699581));
#15927=CARTESIAN_POINT('Ctrl Pts',(28.7413548167837,657.580076460804,90.404439643661));
#15928=CARTESIAN_POINT('Ctrl Pts',(28.6210270490009,657.865557916025,90.5100046347111));
#15929=CARTESIAN_POINT('Ctrl Pts',(28.619958403977,657.868086893751,90.5109395521351));
#15930=CARTESIAN_POINT('Ctrl Pts',(28.6188873986775,657.87061505783,90.5118739242682));
#15931=CARTESIAN_POINT('',(24.,669.087576839805,87.4512404118331));
#15932=CARTESIAN_POINT('Ctrl Pts',(28.6188921605014,657.870978547365,90.5108927638136));
#15933=CARTESIAN_POINT('Ctrl Pts',(28.6193655452626,657.932597500812,90.533722973439));
#15934=CARTESIAN_POINT('Ctrl Pts',(28.6051971840264,658.66574243962,90.7970944398737));
#15935=CARTESIAN_POINT('Ctrl Pts',(28.1051494006642,660.108894029621,91.1252686502518));
#15936=CARTESIAN_POINT('Ctrl Pts',(26.6716526004648,662.712786568566,91.178789120588));
#15937=CARTESIAN_POINT('Ctrl Pts',(24.8375429371769,665.916110012154,90.3308550396293));
#15938=CARTESIAN_POINT('Ctrl Pts',(24.0047912411248,668.182054689922,88.561859689796));
#15939=CARTESIAN_POINT('Ctrl Pts',(24.0051763611811,669.087582386507,87.4512449343701));
#15940=CARTESIAN_POINT('Origin',(24.,670.637635862867,88.7150904919553));
#15941=CARTESIAN_POINT('Origin',(24.,661.337281724497,81.131990011222));
#15942=CARTESIAN_POINT('',(24.,671.337281724497,81.131990011222));
#15943=CARTESIAN_POINT('Origin',(24.,673.337281724497,81.131990011222));
#15944=CARTESIAN_POINT('Origin',(24.,661.337281724497,81.131990011222));
#15945=CARTESIAN_POINT('Origin',(24.,673.337281724497,67.1544180485304));
#15946=CARTESIAN_POINT('',(24.,671.337281724497,61.5218077535723));
#15947=CARTESIAN_POINT('Origin',(24.,673.337281724497,61.5218077535723));
#15948=CARTESIAN_POINT('',(24.,671.337281724497,67.1544180485304));
#15949=CARTESIAN_POINT('Origin',(24.,666.337281724497,61.5218077535723));
#15950=CARTESIAN_POINT('',(24.,668.622996010211,57.0748413489227));
#15951=CARTESIAN_POINT('Origin',(24.,669.537281724497,55.296054787063));
#15952=CARTESIAN_POINT('Origin',(24.,666.337281724497,61.5218077535723));
#15953=CARTESIAN_POINT('Origin',(24.,674.337281724497,45.9574253372989));
#15954=CARTESIAN_POINT('',(24.,661.852174176848,45.3474339245409));
#15955=CARTESIAN_POINT('Origin',(24.,663.849791384472,45.4450325505822));
#15956=CARTESIAN_POINT('Origin',(24.,674.337281724497,45.9574253372989));
#15957=CARTESIAN_POINT('Origin',(24.,656.858131157788,45.1034373594377));
#15958=CARTESIAN_POINT('',(24.,659.358131157788,40.7733103405155));
#15959=CARTESIAN_POINT('Origin',(24.,660.358131157788,39.0412595329466));
#15960=CARTESIAN_POINT('Origin',(24.,656.858131157788,45.1034373594377));
#15961=CARTESIAN_POINT('Origin',(24.,668.582819335251,43.7897854662054));
#15962=CARTESIAN_POINT('',(24.,642.375215149821,30.9682192116907));
#15963=CARTESIAN_POINT('Origin',(24.,643.375215149821,29.2361684041218));
#15964=CARTESIAN_POINT('',(24.,667.582819335251,45.5218362737743));
#15965=CARTESIAN_POINT('Origin',(24.,637.375215149821,39.628473249535));
#15966=CARTESIAN_POINT('',(24.,635.777731327671,29.7568955925458));
#15967=CARTESIAN_POINT('Origin',(24.,635.458234563241,27.782580061148));
#15968=CARTESIAN_POINT('Origin',(24.,637.375215149821,39.628473249535));
#15969=CARTESIAN_POINT('Ctrl Pts',(28.9999999999999,627.197310870496,40.1202044331402));
#15970=CARTESIAN_POINT('Ctrl Pts',(29.0968124550317,627.203173791468,39.729030639759));
#15971=CARTESIAN_POINT('Ctrl Pts',(29.2608839716952,627.24697143062,38.9331053862664));
#15972=CARTESIAN_POINT('Ctrl Pts',(29.3563099878023,627.482985058506,37.278366596815));
#15973=CARTESIAN_POINT('Ctrl Pts',(28.9330130717755,628.032294819536,35.3356519193112));
#15974=CARTESIAN_POINT('Ctrl Pts',(28.1637628939864,628.979933712361,33.3098378876725));
#15975=CARTESIAN_POINT('Ctrl Pts',(27.3820629585644,630.211318506622,31.4910978147657));
#15976=CARTESIAN_POINT('Ctrl Pts',(26.4476335813305,632.215688158506,29.3820775272819));
#15977=CARTESIAN_POINT('Ctrl Pts',(26.,634.12783136243,28.2295419115305));
#15978=CARTESIAN_POINT('Ctrl Pts',(26.,635.458234563241,27.782580061148));
#15979=CARTESIAN_POINT('Ctrl Pts',(28.8573568588076,627.266095681749,40.0713075528877));
#15980=CARTESIAN_POINT('Ctrl Pts',(28.9598016459241,627.265083629905,39.6901609935342));
#15981=CARTESIAN_POINT('Ctrl Pts',(29.1339127437716,627.29739829328,38.9143187762714));
#15982=CARTESIAN_POINT('Ctrl Pts',(29.2353420144801,627.521808966761,37.3021250726495));
#15983=CARTESIAN_POINT('Ctrl Pts',(28.784351219468,628.080273609719,35.4156628923774));
#15984=CARTESIAN_POINT('Ctrl Pts',(27.976356894855,629.063499937037,33.4663403592217));
#15985=CARTESIAN_POINT('Ctrl Pts',(27.1800471435412,630.341939802225,31.7414100718859));
#15986=CARTESIAN_POINT('Ctrl Pts',(26.2749063632662,632.402768799219,29.7807720616529));
#15987=CARTESIAN_POINT('Ctrl Pts',(25.929447404008,634.302586332562,28.7630883266529));
#15988=CARTESIAN_POINT('Ctrl Pts',(26.,635.55382777162,28.3732938867963));
#15989=CARTESIAN_POINT('Ctrl Pts',(28.5932456694017,627.353485667451,39.9816602015518));
#15990=CARTESIAN_POINT('Ctrl Pts',(28.7081312422955,627.344468886691,39.6182798551397));
#15991=CARTESIAN_POINT('Ctrl Pts',(28.9038300070017,627.363090800784,38.878274473123));
#15992=CARTESIAN_POINT('Ctrl Pts',(29.0182914980669,627.57080054413,37.3409420709695));
#15993=CARTESIAN_POINT('Ctrl Pts',(28.5129476552639,628.130890165487,35.5498320200815));
#15994=CARTESIAN_POINT('Ctrl Pts',(27.6089165901242,629.141084090024,33.7238087063388));
#15995=CARTESIAN_POINT('Ctrl Pts',(26.7239707065307,630.462415139473,32.1472774569317));
#15996=CARTESIAN_POINT('Ctrl Pts',(25.7291131782202,632.587038632708,30.4238724867682));
#15997=CARTESIAN_POINT('Ctrl Pts',(25.3889036761331,634.508937550429,29.6481509478727));
#15998=CARTESIAN_POINT('Ctrl Pts',(25.4977342965173,635.719307646813,29.395869149214));
#15999=CARTESIAN_POINT('Ctrl Pts',(28.3179722990895,627.378550725474,39.8896904324352));
#16000=CARTESIAN_POINT('Ctrl Pts',(28.4473150412243,627.369514058336,39.5428917446765));
#16001=CARTESIAN_POINT('Ctrl Pts',(28.6668364845016,627.38671320214,38.8369665715441));
#16002=CARTESIAN_POINT('Ctrl Pts',(28.7947310096292,627.584473269251,37.3715261579678));
#16003=CARTESIAN_POINT('Ctrl Pts',(28.2283454072451,628.119699742599,35.6638269151723));
#16004=CARTESIAN_POINT('Ctrl Pts',(27.2033286166355,629.089910555862,33.9186550541928));
#16005=CARTESIAN_POINT('Ctrl Pts',(26.1718131606248,630.370795473498,32.4039071544823));
#16006=CARTESIAN_POINT('Ctrl Pts',(24.9574276862092,632.463099974497,30.7385571457555));
#16007=CARTESIAN_POINT('Ctrl Pts',(24.4164779806257,634.436633289092,29.9733340608093));
#16008=CARTESIAN_POINT('Ctrl Pts',(24.4487989505128,635.777731327671,29.7568955925458));
#16009=CARTESIAN_POINT('Ctrl Pts',(28.1999999999999,627.377680989355,39.850533399792));
#16010=CARTESIAN_POINT('Ctrl Pts',(28.3355374370443,627.370126383357,39.5104118991395));
#16011=CARTESIAN_POINT('Ctrl Pts',(28.5652375603732,627.389036938447,38.8186003862106));
#16012=CARTESIAN_POINT('Ctrl Pts',(28.6988339829232,627.583868570553,37.3833473382611));
#16013=CARTESIAN_POINT('Ctrl Pts',(28.1062183004856,628.103699086413,35.708962589365));
#16014=CARTESIAN_POINT('Ctrl Pts',(27.0292680515809,629.045232616885,33.9886456865478));
#16015=CARTESIAN_POINT('Ctrl Pts',(25.93488814199,630.295587525837,32.4803025169501));
#16016=CARTESIAN_POINT('Ctrl Pts',(24.6266870138627,632.360326321518,30.7972574782686));
#16017=CARTESIAN_POINT('Ctrl Pts',(24.,634.362282053832,29.9859529321729));
#16018=CARTESIAN_POINT('Ctrl Pts',(24.,635.777731327671,29.7568955925458));
#16019=CARTESIAN_POINT('',(28.6188873986773,627.51866406324,37.940752692798));
#16020=CARTESIAN_POINT('Ctrl Pts',(24.,635.777731327671,29.7568955925458));
#16021=CARTESIAN_POINT('Ctrl Pts',(24.,634.362282053832,29.9859529321729));
#16022=CARTESIAN_POINT('Ctrl Pts',(24.6266870138627,632.360326321518,30.7972574782686));
#16023=CARTESIAN_POINT('Ctrl Pts',(25.93488814199,630.295587525837,32.4803025169501));
#16024=CARTESIAN_POINT('Ctrl Pts',(27.0292680515809,629.045232616885,33.9886456865478));
#16025=CARTESIAN_POINT('Ctrl Pts',(28.1062183004856,628.103699086413,35.708962589365));
#16026=CARTESIAN_POINT('Ctrl Pts',(28.6017049428554,627.669068204143,37.1089175717462));
#16027=CARTESIAN_POINT('Ctrl Pts',(28.6193685659936,627.529946490254,37.8770545571087));
#16028=CARTESIAN_POINT('Ctrl Pts',(28.6192391111925,627.519037022466,37.940817218297));
#16029=CARTESIAN_POINT('Ctrl Pts',(28.6188873986773,627.51866406324,37.940752692798));
#16030=CARTESIAN_POINT('Ctrl Pts',(28.6199577858363,627.51820943375,37.9434077998775));
#16031=CARTESIAN_POINT('Ctrl Pts',(28.621025811787,627.517754871157,37.9460638739922));
#16032=CARTESIAN_POINT('Ctrl Pts',(28.741654138109,627.466308044971,38.2468290555349));
#16033=CARTESIAN_POINT('Ctrl Pts',(28.8288423420805,627.417194240404,38.5508822052035));
#16034=CARTESIAN_POINT('Ctrl Pts',(28.9684997893643,627.307374690623,39.2782232239282));
#16035=CARTESIAN_POINT('Ctrl Pts',(28.9999999999999,627.249298633179,39.7003639546142));
#16036=CARTESIAN_POINT('Ctrl Pts',(28.9999999999999,627.197310870496,40.1202044331401));
#16037=CARTESIAN_POINT('Origin',(26.,674.337281724497,45.9574253372989));
#16038=CARTESIAN_POINT('',(26.,704.689232719086,9.41964939483048));
#16039=CARTESIAN_POINT('',(26.,643.985330729907,9.41964939483049));
#16040=CARTESIAN_POINT('Origin',(26.,674.337281724497,45.9574253372989));
#16041=CARTESIAN_POINT('',(26.,690.803948391163,90.5118739242682));
#16042=CARTESIAN_POINT('',(26.,721.155899385753,37.940752692798));
#16043=CARTESIAN_POINT('Origin',(26.,674.337281724497,45.9574253372989));
#16044=CARTESIAN_POINT('',(26.,627.51866406324,37.940752692798));
#16045=CARTESIAN_POINT('',(26.,657.87061505783,90.5118739242682));
#16046=CARTESIAN_POINT('Origin',(26.,637.375215149821,39.628473249535));
#16047=CARTESIAN_POINT('',(26.,642.375215149821,30.9682192116907));
#16048=CARTESIAN_POINT('Origin',(26.,662.328356946005,42.4881709988964));
#16049=CARTESIAN_POINT('',(26.,659.358131157788,40.7733103405155));
#16050=CARTESIAN_POINT('Origin',(26.,650.375215149821,17.1118127511396));
#16051=CARTESIAN_POINT('',(26.,645.375215149821,25.772066788984));
#16052=CARTESIAN_POINT('Origin',(26.,698.299348299173,17.1118127511396));
#16053=CARTESIAN_POINT('',(26.,703.299348299173,25.772066788984));
#16054=CARTESIAN_POINT('Origin',(26.,683.346206502989,37.2920185761898));
#16055=CARTESIAN_POINT('',(26.,686.316432291205,35.5771579178089));
#16056=CARTESIAN_POINT('Origin',(26.,711.299348299173,39.628473249535));
#16057=CARTESIAN_POINT('',(26.,706.299348299173,30.9682192116906));
#16058=CARTESIAN_POINT('Origin',(26.,687.337281724497,81.131990011222));
#16059=CARTESIAN_POINT('',(26.,677.337281724497,81.131990011222));
#16060=CARTESIAN_POINT('Origin',(26.,677.337281724497,58.0920864368105));
#16061=CARTESIAN_POINT('',(26.,677.337281724497,61.5218077535723));
#16062=CARTESIAN_POINT('Origin',(26.,661.337281724497,81.131990011222));
#16063=CARTESIAN_POINT('',(26.,671.337281724497,81.131990011222));
#16064=CARTESIAN_POINT('Origin',(26.,671.337281724497,88.3514107597618));
#16065=CARTESIAN_POINT('',(26.,671.337281724497,61.5218077535723));
#16066=CARTESIAN_POINT('Origin',(26.,642.497924093296,85.8024414074737));
#16067=CARTESIAN_POINT('',(26.,642.497924093296,85.8024414074737));
#16068=CARTESIAN_POINT('Origin',(26.,646.281322147095,88.5512409939313));
#16069=CARTESIAN_POINT('',(26.,646.281322147095,88.5512409939313));
#16070=CARTESIAN_POINT('Origin',(26.,645.79249090221,93.2021596143787));
#16071=CARTESIAN_POINT('Origin',(26.,623.421975533041,48.9576912305621));
#16072=CARTESIAN_POINT('',(26.,623.421975533041,48.9576912305621));
#16073=CARTESIAN_POINT('Origin',(26.,623.910806777926,53.6086098510095));
#16074=CARTESIAN_POINT('',(26.,623.910806777926,53.6086098510095));
#16075=CARTESIAN_POINT('Origin',(26.,620.127408724127,56.3574094374672));
#16076=CARTESIAN_POINT('Origin',(26.,638.038659946026,10.1275487399182));
#16077=CARTESIAN_POINT('',(26.,638.038659946026,10.1275487399182));
#16078=CARTESIAN_POINT('',(26.,636.593530482445,5.67989758076807));
#16079=CARTESIAN_POINT('Origin',(26.,634.909445786821,13.6028931467119));
#16080=CARTESIAN_POINT('',(26.,634.909445786821,13.6028931467119));
#16081=CARTESIAN_POINT('Origin',(26.,630.335102164035,12.6305863943553));
#16082=CARTESIAN_POINT('',(26.,630.335102164035,12.6305863943553));
#16083=CARTESIAN_POINT('Origin',(26.,628.889972700454,8.18293523520516));
#16084=CARTESIAN_POINT('',(26.,628.889972700454,8.18293523520516));
#16085=CARTESIAN_POINT('Origin',(26.,632.019186859659,4.70759082841152));
#16086=CARTESIAN_POINT('',(26.,632.019186859659,4.70759082841152));
#16087=CARTESIAN_POINT('Origin',(26.,636.593530482445,5.67989758076807));
#16088=CARTESIAN_POINT('Origin',(26.,676.675550314715,-4.99257466270112));
#16089=CARTESIAN_POINT('',(26.,676.675550314715,-4.99257466270112));
#16090=CARTESIAN_POINT('',(26.,679.013818904933,-9.04257466270113));
#16091=CARTESIAN_POINT('Origin',(26.,671.999013134279,-4.99257466270112));
#16092=CARTESIAN_POINT('',(26.,671.999013134279,-4.99257466270112));
#16093=CARTESIAN_POINT('Origin',(26.,669.660744544061,-9.0425746627011));
#16094=CARTESIAN_POINT('',(26.,669.660744544061,-9.0425746627011));
#16095=CARTESIAN_POINT('Origin',(26.,671.999013134279,-13.0925746627011));
#16096=CARTESIAN_POINT('',(26.,671.999013134279,-13.0925746627011));
#16097=CARTESIAN_POINT('Origin',(26.,676.675550314715,-13.0925746627011));
#16098=CARTESIAN_POINT('',(26.,676.675550314715,-13.0925746627011));
#16099=CARTESIAN_POINT('Origin',(26.,679.013818904933,-9.04257466270113));
#16100=CARTESIAN_POINT('Origin',(26.,713.765117662173,13.6028931467119));
#16101=CARTESIAN_POINT('',(26.,713.765117662173,13.6028931467119));
#16102=CARTESIAN_POINT('',(26.,718.339461284958,12.6305863943553));
#16103=CARTESIAN_POINT('Origin',(26.,710.635903502967,10.1275487399183));
#16104=CARTESIAN_POINT('',(26.,710.635903502967,10.1275487399183));
#16105=CARTESIAN_POINT('Origin',(26.,712.081032966548,5.67989758076811));
#16106=CARTESIAN_POINT('',(26.,712.081032966548,5.67989758076811));
#16107=CARTESIAN_POINT('Origin',(26.,716.655376589334,4.70759082841154));
#16108=CARTESIAN_POINT('',(26.,716.655376589334,4.70759082841154));
#16109=CARTESIAN_POINT('Origin',(26.,719.784590748539,8.18293523520511));
#16110=CARTESIAN_POINT('',(26.,719.784590748539,8.18293523520511));
#16111=CARTESIAN_POINT('Origin',(26.,718.339461284958,12.6305863943553));
#16112=CARTESIAN_POINT('Origin',(26.,724.763756671068,53.6086098510095));
#16113=CARTESIAN_POINT('',(26.,724.763756671068,53.6086098510095));
#16114=CARTESIAN_POINT('Origin',(26.,725.252587915953,48.9576912305621));
#16115=CARTESIAN_POINT('',(26.,725.252587915953,48.9576912305621));
#16116=CARTESIAN_POINT('Origin',(26.,729.524817214637,47.0555721965724));
#16117=CARTESIAN_POINT('Origin',(26.,702.393241301899,88.5512409939314));
#16118=CARTESIAN_POINT('',(26.,702.393241301899,88.5512409939314));
#16119=CARTESIAN_POINT('Origin',(26.,706.176639355698,85.8024414074737));
#16120=CARTESIAN_POINT('',(26.,706.176639355698,85.8024414074737));
#16121=CARTESIAN_POINT('Origin',(26.,710.448868654382,87.7045604414634));
#16122=CARTESIAN_POINT('Origin',(26.,679.013818904933,100.957425337299));
#16123=CARTESIAN_POINT('',(26.,676.675550314715,96.9074253372989));
#16124=CARTESIAN_POINT('Origin',(26.,671.999013134279,96.9074253372989));
#16125=CARTESIAN_POINT('',(26.,671.999013134279,96.9074253372989));
#16126=CARTESIAN_POINT('Origin',(26.,676.675550314715,96.9074253372989));
#16127=CARTESIAN_POINT('Origin',(26.,710.635903502968,81.7873019346796));
#16128=CARTESIAN_POINT('',(26.,710.635903502968,81.7873019346796));
#16129=CARTESIAN_POINT('Origin',(26.,713.765117662173,78.3119575278859));
#16130=CARTESIAN_POINT('',(26.,713.765117662173,78.3119575278859));
#16131=CARTESIAN_POINT('Origin',(26.,718.339461284958,79.2842642802424));
#16132=CARTESIAN_POINT('Origin',(26.,725.252587915953,42.9571594440356));
#16133=CARTESIAN_POINT('',(26.,725.252587915953,42.9571594440356));
#16134=CARTESIAN_POINT('Origin',(26.,724.763756671068,38.3062408235883));
#16135=CARTESIAN_POINT('',(26.,724.763756671068,38.3062408235883));
#16136=CARTESIAN_POINT('Origin',(26.,728.547154724867,35.5574412371306));
#16137=CARTESIAN_POINT('Origin',(26.,706.176639355698,6.11240926712414));
#16138=CARTESIAN_POINT('',(26.,706.176639355698,6.11240926712414));
#16139=CARTESIAN_POINT('',(26.,710.448868654382,4.21029023313443));
#16140=CARTESIAN_POINT('Origin',(26.,702.393241301899,3.36360968066648));
#16141=CARTESIAN_POINT('',(26.,702.393241301899,3.36360968066648));
#16142=CARTESIAN_POINT('Origin',(26.,702.882072546784,-1.28730893978092));
#16143=CARTESIAN_POINT('',(26.,702.882072546784,-1.28730893978092));
#16144=CARTESIAN_POINT('Origin',(26.,707.154301845468,-3.1894279737706));
#16145=CARTESIAN_POINT('',(26.,707.154301845468,-3.1894279737706));
#16146=CARTESIAN_POINT('Origin',(26.,710.937699899267,-0.440628387312945));
#16147=CARTESIAN_POINT('',(26.,710.937699899267,-0.440628387312945));
#16148=CARTESIAN_POINT('Origin',(26.,710.448868654382,4.21029023313443));
#16149=CARTESIAN_POINT('Origin',(26.,666.031352888725,-4.3653482962668));
#16150=CARTESIAN_POINT('',(26.,666.031352888725,-4.3653482962668));
#16151=CARTESIAN_POINT('',(26.,667.476482352306,-8.81299945541701));
#16152=CARTESIAN_POINT('Origin',(26.,661.457009265939,-3.39304154391024));
#16153=CARTESIAN_POINT('',(26.,661.457009265939,-3.39304154391024));
#16154=CARTESIAN_POINT('Origin',(26.,658.327795106734,-6.86838595070386));
#16155=CARTESIAN_POINT('',(26.,658.327795106734,-6.86838595070386));
#16156=CARTESIAN_POINT('Origin',(26.,659.772924570315,-11.316037109854));
#16157=CARTESIAN_POINT('',(26.,659.772924570315,-11.316037109854));
#16158=CARTESIAN_POINT('Origin',(26.,664.347268193101,-12.2883438622106));
#16159=CARTESIAN_POINT('',(26.,664.347268193101,-12.2883438622106));
#16160=CARTESIAN_POINT('Origin',(26.,667.476482352306,-8.81299945541701));
#16161=CARTESIAN_POINT('Origin',(26.,631.382421696789,18.4574253372989));
#16162=CARTESIAN_POINT('',(26.,631.382421696789,18.4574253372989));
#16163=CARTESIAN_POINT('',(26.,629.044153106571,14.4074253372989));
#16164=CARTESIAN_POINT('Origin',(26.,629.044153106571,22.5074253372989));
#16165=CARTESIAN_POINT('',(26.,629.044153106571,22.5074253372989));
#16166=CARTESIAN_POINT('Origin',(26.,624.367615926135,22.507425337299));
#16167=CARTESIAN_POINT('',(26.,624.367615926135,22.507425337299));
#16168=CARTESIAN_POINT('Origin',(26.,622.029347335917,18.457425337299));
#16169=CARTESIAN_POINT('',(26.,622.029347335917,18.457425337299));
#16170=CARTESIAN_POINT('Origin',(26.,624.367615926135,14.407425337299));
#16171=CARTESIAN_POINT('',(26.,624.367615926135,14.407425337299));
#16172=CARTESIAN_POINT('Origin',(26.,629.044153106571,14.4074253372989));
#16173=CARTESIAN_POINT('Origin',(26.,625.158387487468,59.4780156211274));
#16174=CARTESIAN_POINT('',(26.,625.158387487468,59.4780156211274));
#16175=CARTESIAN_POINT('Origin',(26.,626.603516951049,63.9256667802775));
#16176=CARTESIAN_POINT('',(26.,626.603516951049,63.9256667802775));
#16177=CARTESIAN_POINT('Origin',(26.,623.474302791844,67.4010111870712));
#16178=CARTESIAN_POINT('Origin',(26.,651.477935110443,91.5515068871946));
#16179=CARTESIAN_POINT('',(26.,651.477935110443,91.5515068871946));
#16180=CARTESIAN_POINT('Origin',(26.,655.750164409127,93.4536259211843));
#16181=CARTESIAN_POINT('',(26.,655.750164409127,93.4536259211843));
#16182=CARTESIAN_POINT('Origin',(26.,656.238995654012,98.1045445416316));
#16183=CARTESIAN_POINT('Origin',(26.,634.909445786821,78.3119575278859));
#16184=CARTESIAN_POINT('',(26.,634.909445786821,78.3119575278859));
#16185=CARTESIAN_POINT('Origin',(26.,638.038659946026,81.7873019346795));
#16186=CARTESIAN_POINT('',(26.,638.038659946026,81.7873019346795));
#16187=CARTESIAN_POINT('Origin',(26.,636.593530482445,86.2349530938297));
#16188=CARTESIAN_POINT('Origin',(26.,623.910806777926,38.3062408235883));
#16189=CARTESIAN_POINT('',(26.,623.910806777926,38.3062408235883));
#16190=CARTESIAN_POINT('',(26.,620.127408724127,35.5574412371306));
#16191=CARTESIAN_POINT('Origin',(26.,623.421975533041,42.9571594440356));
#16192=CARTESIAN_POINT('',(26.,623.421975533041,42.9571594440356));
#16193=CARTESIAN_POINT('Origin',(26.,619.149746234357,44.8592784780254));
#16194=CARTESIAN_POINT('',(26.,619.149746234357,44.8592784780254));
#16195=CARTESIAN_POINT('Origin',(26.,615.366348180558,42.1104788915677));
#16196=CARTESIAN_POINT('',(26.,615.366348180558,42.1104788915677));
#16197=CARTESIAN_POINT('Origin',(26.,615.855179425443,37.4595602711203));
#16198=CARTESIAN_POINT('',(26.,615.855179425443,37.4595602711203));
#16199=CARTESIAN_POINT('Origin',(26.,620.127408724127,35.5574412371306));
#16200=CARTESIAN_POINT('Origin',(26.,646.281322147095,3.36360968066646));
#16201=CARTESIAN_POINT('',(26.,646.281322147095,3.36360968066646));
#16202=CARTESIAN_POINT('',(26.,645.79249090221,-1.28730893978092));
#16203=CARTESIAN_POINT('Origin',(26.,642.497924093296,6.11240926712412));
#16204=CARTESIAN_POINT('',(26.,642.497924093296,6.11240926712412));
#16205=CARTESIAN_POINT('Origin',(26.,638.225694794612,4.21029023313448));
#16206=CARTESIAN_POINT('',(26.,638.225694794612,4.21029023313448));
#16207=CARTESIAN_POINT('Origin',(26.,637.736863549727,-0.440628387312891));
#16208=CARTESIAN_POINT('',(26.,637.736863549727,-0.440628387312891));
#16209=CARTESIAN_POINT('Origin',(26.,641.520261603526,-3.1894279737706));
#16210=CARTESIAN_POINT('',(26.,641.520261603526,-3.1894279737706));
#16211=CARTESIAN_POINT('Origin',(26.,645.79249090221,-1.28730893978092));
#16212=CARTESIAN_POINT('Origin',(26.,687.217554183055,-3.39304154391023));
#16213=CARTESIAN_POINT('',(26.,687.217554183055,-3.39304154391023));
#16214=CARTESIAN_POINT('',(26.,690.346768342259,-6.86838595070391));
#16215=CARTESIAN_POINT('Origin',(26.,682.643210560269,-4.3653482962668));
#16216=CARTESIAN_POINT('',(26.,682.643210560269,-4.3653482962668));
#16217=CARTESIAN_POINT('Origin',(26.,681.198081096687,-8.81299945541699));
#16218=CARTESIAN_POINT('',(26.,681.198081096687,-8.81299945541699));
#16219=CARTESIAN_POINT('Origin',(26.,684.327295255893,-12.2883438622106));
#16220=CARTESIAN_POINT('',(26.,684.327295255893,-12.2883438622106));
#16221=CARTESIAN_POINT('Origin',(26.,688.901638878678,-11.3160371098541));
#16222=CARTESIAN_POINT('',(26.,688.901638878678,-11.3160371098541));
#16223=CARTESIAN_POINT('Origin',(26.,690.346768342259,-6.86838595070391));
#16224=CARTESIAN_POINT('Origin',(26.,719.630410342423,22.5074253372989));
#16225=CARTESIAN_POINT('',(26.,719.630410342423,22.5074253372989));
#16226=CARTESIAN_POINT('',(26.,724.306947522859,22.5074253372989));
#16227=CARTESIAN_POINT('Origin',(26.,717.292141752205,18.4574253372989));
#16228=CARTESIAN_POINT('',(26.,717.292141752205,18.4574253372989));
#16229=CARTESIAN_POINT('Origin',(26.,719.630410342423,14.4074253372989));
#16230=CARTESIAN_POINT('',(26.,719.630410342423,14.4074253372989));
#16231=CARTESIAN_POINT('Origin',(26.,724.306947522859,14.4074253372988));
#16232=CARTESIAN_POINT('',(26.,724.306947522859,14.4074253372988));
#16233=CARTESIAN_POINT('Origin',(26.,726.645216113077,18.4574253372988));
#16234=CARTESIAN_POINT('',(26.,726.645216113077,18.4574253372988));
#16235=CARTESIAN_POINT('Origin',(26.,724.306947522859,22.5074253372989));
#16236=CARTESIAN_POINT('Origin',(26.,722.071046497945,63.9256667802776));
#16237=CARTESIAN_POINT('',(26.,722.071046497945,63.9256667802776));
#16238=CARTESIAN_POINT('Origin',(26.,723.516175961525,59.4780156211274));
#16239=CARTESIAN_POINT('',(26.,723.516175961525,59.4780156211274));
#16240=CARTESIAN_POINT('Origin',(26.,728.090519584311,58.5057088687708));
#16241=CARTESIAN_POINT('Origin',(26.,692.924399039867,93.4536259211843));
#16242=CARTESIAN_POINT('',(26.,692.924399039867,93.4536259211843));
#16243=CARTESIAN_POINT('Origin',(26.,697.196628338551,91.5515068871946));
#16244=CARTESIAN_POINT('',(26.,697.196628338551,91.5515068871946));
#16245=CARTESIAN_POINT('Origin',(26.,700.98002639235,94.3003064736522));
#16246=CARTESIAN_POINT('Origin',(26.,682.643210560269,96.2801989708646));
#16247=CARTESIAN_POINT('',(26.,682.643210560269,96.2801989708646));
#16248=CARTESIAN_POINT('Origin',(26.,687.217554183055,95.307892218508));
#16249=CARTESIAN_POINT('',(26.,687.217554183055,95.307892218508));
#16250=CARTESIAN_POINT('Origin',(26.,690.346768342259,98.7832366253016));
#16251=CARTESIAN_POINT('Origin',(26.,717.292141752205,73.4574253372988));
#16252=CARTESIAN_POINT('',(26.,717.292141752205,73.4574253372988));
#16253=CARTESIAN_POINT('Origin',(26.,719.630410342423,69.4074253372989));
#16254=CARTESIAN_POINT('',(26.,719.630410342423,69.4074253372989));
#16255=CARTESIAN_POINT('Origin',(26.,724.306947522859,69.4074253372989));
#16256=CARTESIAN_POINT('Origin',(26.,723.516175961525,32.4368350534705));
#16257=CARTESIAN_POINT('',(26.,723.516175961525,32.4368350534705));
#16258=CARTESIAN_POINT('',(26.,728.090519584311,33.409141805827));
#16259=CARTESIAN_POINT('Origin',(26.,722.071046497945,27.9891838943203));
#16260=CARTESIAN_POINT('',(26.,722.071046497945,27.9891838943203));
#16261=CARTESIAN_POINT('Origin',(26.,725.200260657149,24.5138394875267));
#16262=CARTESIAN_POINT('',(26.,725.200260657149,24.5138394875267));
#16263=CARTESIAN_POINT('Origin',(26.,729.774604279935,25.4861462398832));
#16264=CARTESIAN_POINT('',(26.,729.774604279935,25.4861462398832));
#16265=CARTESIAN_POINT('Origin',(26.,731.219733743516,29.9337973990334));
#16266=CARTESIAN_POINT('',(26.,731.219733743516,29.9337973990334));
#16267=CARTESIAN_POINT('Origin',(26.,728.090519584311,33.409141805827));
#16268=CARTESIAN_POINT('Origin',(26.,697.196628338551,0.363343787403192));
#16269=CARTESIAN_POINT('',(26.,697.196628338551,0.363343787403192));
#16270=CARTESIAN_POINT('',(26.,700.98002639235,-2.3854557990545));
#16271=CARTESIAN_POINT('Origin',(26.,692.924399039867,-1.53877524658649));
#16272=CARTESIAN_POINT('',(26.,692.924399039867,-1.53877524658649));
#16273=CARTESIAN_POINT('Origin',(26.,692.435567794982,-6.18969386703386));
#16274=CARTESIAN_POINT('',(26.,692.435567794982,-6.18969386703386));
#16275=CARTESIAN_POINT('Origin',(26.,696.218965848781,-8.93849345349155));
#16276=CARTESIAN_POINT('',(26.,696.218965848781,-8.93849345349155));
#16277=CARTESIAN_POINT('Origin',(26.,700.491195147465,-7.03637441950187));
#16278=CARTESIAN_POINT('',(26.,700.491195147465,-7.03637441950187));
#16279=CARTESIAN_POINT('Origin',(26.,700.98002639235,-2.3854557990545));
#16280=CARTESIAN_POINT('Origin',(26.,655.750164409127,-1.53877524658649));
#16281=CARTESIAN_POINT('',(26.,655.750164409127,-1.53877524658649));
#16282=CARTESIAN_POINT('',(26.,656.238995654012,-6.18969386703387));
#16283=CARTESIAN_POINT('Origin',(26.,651.477935110443,0.363343787403209));
#16284=CARTESIAN_POINT('',(26.,651.477935110443,0.36334378740321));
#16285=CARTESIAN_POINT('Origin',(26.,647.694537056644,-2.38545579905445));
#16286=CARTESIAN_POINT('',(26.,647.694537056644,-2.38545579905445));
#16287=CARTESIAN_POINT('Origin',(26.,648.183368301529,-7.03637441950184));
#16288=CARTESIAN_POINT('',(26.,648.183368301529,-7.03637441950184));
#16289=CARTESIAN_POINT('Origin',(26.,652.455597600213,-8.93849345349155));
#16290=CARTESIAN_POINT('',(26.,652.455597600213,-8.93849345349155));
#16291=CARTESIAN_POINT('Origin',(26.,656.238995654012,-6.18969386703387));
#16292=CARTESIAN_POINT('Origin',(26.,626.603516951049,27.9891838943202));
#16293=CARTESIAN_POINT('',(26.,626.603516951049,27.9891838943202));
#16294=CARTESIAN_POINT('',(26.,623.474302791844,24.5138394875266));
#16295=CARTESIAN_POINT('Origin',(26.,625.158387487468,32.4368350534704));
#16296=CARTESIAN_POINT('',(26.,625.158387487468,32.4368350534704));
#16297=CARTESIAN_POINT('Origin',(26.,620.584043864682,33.409141805827));
#16298=CARTESIAN_POINT('',(26.,620.584043864682,33.409141805827));
#16299=CARTESIAN_POINT('Origin',(26.,617.454829705477,29.9337973990334));
#16300=CARTESIAN_POINT('',(26.,617.454829705477,29.9337973990334));
#16301=CARTESIAN_POINT('Origin',(26.,618.899959169058,25.4861462398832));
#16302=CARTESIAN_POINT('',(26.,618.899959169058,25.4861462398832));
#16303=CARTESIAN_POINT('Origin',(26.,623.474302791844,24.5138394875266));
#16304=CARTESIAN_POINT('Origin',(26.,629.044153106571,69.4074253372989));
#16305=CARTESIAN_POINT('',(26.,629.044153106571,69.4074253372989));
#16306=CARTESIAN_POINT('Origin',(26.,631.382421696789,73.4574253372989));
#16307=CARTESIAN_POINT('',(26.,631.382421696789,73.4574253372989));
#16308=CARTESIAN_POINT('Origin',(26.,629.044153106571,77.5074253372989));
#16309=CARTESIAN_POINT('Origin',(26.,661.457009265939,95.307892218508));
#16310=CARTESIAN_POINT('',(26.,661.457009265939,95.307892218508));
#16311=CARTESIAN_POINT('Origin',(26.,666.031352888725,96.2801989708646));
#16312=CARTESIAN_POINT('',(26.,666.031352888725,96.2801989708646));
#16313=CARTESIAN_POINT('Origin',(26.,667.476482352306,100.727850130015));
#16314=CARTESIAN_POINT('Origin',(26.,712.551550068017,27.3585088374208));
#16315=CARTESIAN_POINT('',(26.,689.316432291205,40.7733103405155));
#16316=CARTESIAN_POINT('Origin',(26.,674.337281724497,45.9574253372989));
#16317=CARTESIAN_POINT('',(21.,667.566459891133,35.450000738433));
#16318=CARTESIAN_POINT('',(26.,681.10810355786,35.450000738433));
#16319=CARTESIAN_POINT('Origin',(26.,664.858131157788,31.2470308988867));
#16320=CARTESIAN_POINT('',(26.,662.358131157788,35.5771579178089));
#16321=CARTESIAN_POINT('Origin',(26.,639.123013380977,22.1623564147141));
#16322=CARTESIAN_POINT('Origin',(26.,683.816432291205,31.2470308988867));
#16323=CARTESIAN_POINT('Origin',(26.,656.858131157788,45.1034373594377));
#16324=CARTESIAN_POINT('',(26.,661.852174176848,45.3474339245409));
#16325=CARTESIAN_POINT('Origin',(26.,674.337281724497,45.9574253372989));
#16326=CARTESIAN_POINT('',(26.,668.622996010211,57.0748413489227));
#16327=CARTESIAN_POINT('Origin',(26.,666.337281724497,61.5218077535723));
#16328=CARTESIAN_POINT('Origin',(26.,691.816432291205,45.1034373594377));
#16329=CARTESIAN_POINT('',(26.,686.822389272146,45.3474339245409));
#16330=CARTESIAN_POINT('Origin',(26.,682.337281724497,61.5218077535723));
#16331=CARTESIAN_POINT('',(26.,680.051567438783,57.0748413489227));
#16332=CARTESIAN_POINT('Origin',(26.,674.337281724497,45.9574253372989));
#16333=CARTESIAN_POINT('',(-5.00000000000127,396.409166290937,2.19619831097108));
#16334=CARTESIAN_POINT('',(-4.30000000000002,300.,-5.77315972805081E-14));
#16335=CARTESIAN_POINT('',(-27.7000000000004,-1364.3372817245,44.0425746627013));
#16336=CARTESIAN_POINT('',(896.337281724496,-339.700000000019,44.042574662701));
#16337=CARTESIAN_POINT('',(0.,0.,0.));
#16338=CARTESIAN_POINT('',(0.,0.,0.));
#16339=CARTESIAN_POINT('',(-3.67124468270088E-13,-311.999999999999,-12.0000000000026));
#16340=UNCERTAINTY_MEASURE_WITH_UNIT(LENGTH_MEASURE(0.01),#16358,
'DISTANCE_ACCURACY_VALUE',
'Maximum model space distance between geometric entities at asserted c
onnectivities');
#16341=UNCERTAINTY_MEASURE_WITH_UNIT(LENGTH_MEASURE(0.01),#16358,
'DISTANCE_ACCURACY_VALUE',
'Maximum model space distance between geometric entities at asserted c
onnectivities');
#16342=UNCERTAINTY_MEASURE_WITH_UNIT(LENGTH_MEASURE(0.01),#16358,
'DISTANCE_ACCURACY_VALUE',
'Maximum model space distance between geometric entities at asserted c
onnectivities');
#16343=UNCERTAINTY_MEASURE_WITH_UNIT(LENGTH_MEASURE(0.01),#16358,
'DISTANCE_ACCURACY_VALUE',
'Maximum model space distance between geometric entities at asserted c
onnectivities');
#16344=UNCERTAINTY_MEASURE_WITH_UNIT(LENGTH_MEASURE(0.01),#16358,
'DISTANCE_ACCURACY_VALUE',
'Maximum model space distance between geometric entities at asserted c
onnectivities');
#16345=UNCERTAINTY_MEASURE_WITH_UNIT(LENGTH_MEASURE(0.01),#16358,
'DISTANCE_ACCURACY_VALUE',
'Maximum model space distance between geometric entities at asserted c
onnectivities');
#16346=UNCERTAINTY_MEASURE_WITH_UNIT(LENGTH_MEASURE(0.01),#16358,
'DISTANCE_ACCURACY_VALUE',
'Maximum model space distance between geometric entities at asserted c
onnectivities');
#16347=UNCERTAINTY_MEASURE_WITH_UNIT(LENGTH_MEASURE(0.01),#16358,
'DISTANCE_ACCURACY_VALUE',
'Maximum model space distance between geometric entities at asserted c
onnectivities');
#16348=UNCERTAINTY_MEASURE_WITH_UNIT(LENGTH_MEASURE(0.01),#16358,
'DISTANCE_ACCURACY_VALUE',
'Maximum model space distance between geometric entities at asserted c
onnectivities');
#16349=(
GEOMETRIC_REPRESENTATION_CONTEXT(3)
GLOBAL_UNCERTAINTY_ASSIGNED_CONTEXT((#16340))
GLOBAL_UNIT_ASSIGNED_CONTEXT((#16358,#16360,#16361))
REPRESENTATION_CONTEXT('','3D')
);
#16350=(
GEOMETRIC_REPRESENTATION_CONTEXT(3)
GLOBAL_UNCERTAINTY_ASSIGNED_CONTEXT((#16341))
GLOBAL_UNIT_ASSIGNED_CONTEXT((#16358,#16360,#16361))
REPRESENTATION_CONTEXT('','3D')
);
#16351=(
GEOMETRIC_REPRESENTATION_CONTEXT(3)
GLOBAL_UNCERTAINTY_ASSIGNED_CONTEXT((#16342))
GLOBAL_UNIT_ASSIGNED_CONTEXT((#16358,#16360,#16361))
REPRESENTATION_CONTEXT('','3D')
);
#16352=(
GEOMETRIC_REPRESENTATION_CONTEXT(3)
GLOBAL_UNCERTAINTY_ASSIGNED_CONTEXT((#16343))
GLOBAL_UNIT_ASSIGNED_CONTEXT((#16358,#16360,#16361))
REPRESENTATION_CONTEXT('','3D')
);
#16353=(
GEOMETRIC_REPRESENTATION_CONTEXT(3)
GLOBAL_UNCERTAINTY_ASSIGNED_CONTEXT((#16344))
GLOBAL_UNIT_ASSIGNED_CONTEXT((#16358,#16360,#16361))
REPRESENTATION_CONTEXT('','3D')
);
#16354=(
GEOMETRIC_REPRESENTATION_CONTEXT(3)
GLOBAL_UNCERTAINTY_ASSIGNED_CONTEXT((#16345))
GLOBAL_UNIT_ASSIGNED_CONTEXT((#16358,#16360,#16361))
REPRESENTATION_CONTEXT('','3D')
);
#16355=(
GEOMETRIC_REPRESENTATION_CONTEXT(3)
GLOBAL_UNCERTAINTY_ASSIGNED_CONTEXT((#16346))
GLOBAL_UNIT_ASSIGNED_CONTEXT((#16358,#16360,#16361))
REPRESENTATION_CONTEXT('','3D')
);
#16356=(
GEOMETRIC_REPRESENTATION_CONTEXT(3)
GLOBAL_UNCERTAINTY_ASSIGNED_CONTEXT((#16347))
GLOBAL_UNIT_ASSIGNED_CONTEXT((#16358,#16360,#16361))
REPRESENTATION_CONTEXT('','3D')
);
#16357=(
GEOMETRIC_REPRESENTATION_CONTEXT(3)
GLOBAL_UNCERTAINTY_ASSIGNED_CONTEXT((#16348))
GLOBAL_UNIT_ASSIGNED_CONTEXT((#16358,#16360,#16361))
REPRESENTATION_CONTEXT('','3D')
);
#16358=(
LENGTH_UNIT()
NAMED_UNIT(*)
SI_UNIT(.MILLI.,.METRE.)
);
#16359=(
LENGTH_UNIT()
NAMED_UNIT(*)
SI_UNIT($,.METRE.)
);
#16360=(
NAMED_UNIT(*)
PLANE_ANGLE_UNIT()
SI_UNIT($,.RADIAN.)
);
#16361=(
NAMED_UNIT(*)
SI_UNIT($,.STERADIAN.)
SOLID_ANGLE_UNIT()
);
#16362=SHAPE_DEFINITION_REPRESENTATION(#16370,#16385);
#16363=SHAPE_DEFINITION_REPRESENTATION(#16371,#16386);
#16364=SHAPE_DEFINITION_REPRESENTATION(#16372,#16387);
#16365=SHAPE_DEFINITION_REPRESENTATION(#16373,#16388);
#16366=SHAPE_DEFINITION_REPRESENTATION(#16374,#16389);
#16367=SHAPE_DEFINITION_REPRESENTATION(#16375,#16390);
#16368=SHAPE_DEFINITION_REPRESENTATION(#16376,#16391);
#16369=SHAPE_DEFINITION_REPRESENTATION(#16377,#16392);
#16370=PRODUCT_DEFINITION_SHAPE('',$,#16394);
#16371=PRODUCT_DEFINITION_SHAPE('',$,#16395);
#16372=PRODUCT_DEFINITION_SHAPE('',$,#16396);
#16373=PRODUCT_DEFINITION_SHAPE('',$,#16397);
#16374=PRODUCT_DEFINITION_SHAPE('',$,#16398);
#16375=PRODUCT_DEFINITION_SHAPE('',$,#16399);
#16376=PRODUCT_DEFINITION_SHAPE('',$,#16400);
#16377=PRODUCT_DEFINITION_SHAPE('',$,#16401);
#16378=PRODUCT_DEFINITION_SHAPE($,$,#32);
#16379=PRODUCT_DEFINITION_SHAPE($,$,#33);
#16380=PRODUCT_DEFINITION_SHAPE($,$,#34);
#16381=PRODUCT_DEFINITION_SHAPE($,$,#35);
#16382=PRODUCT_DEFINITION_SHAPE($,$,#36);
#16383=PRODUCT_DEFINITION_SHAPE($,$,#37);
#16384=PRODUCT_DEFINITION_SHAPE($,$,#38);
#16385=SHAPE_REPRESENTATION('',(#9866,#10544),#16349);
#16386=SHAPE_REPRESENTATION('',(#9867,#10543),#16350);
#16387=SHAPE_REPRESENTATION('',(#9868,#10542),#16351);
#16388=SHAPE_REPRESENTATION('',(#9869,#10540,#10541),#16352);
#16389=SHAPE_REPRESENTATION('',(#9870),#16353);
#16390=SHAPE_REPRESENTATION('',(#9871,#10539),#16354);
#16391=SHAPE_REPRESENTATION('',(#9872,#10538),#16355);
#16392=SHAPE_REPRESENTATION('',(#9873),#16356);
#16393=PRODUCT_DEFINITION_CONTEXT('part definition',#16419,'design');
#16394=PRODUCT_DEFINITION('2026-08-07-15-09-27-319','Cubli',#16402,#16393);
#16395=PRODUCT_DEFINITION('2026-08-07-15-09-27-581',
'Cubli v6 + test jig',#16403,#16393);
#16396=PRODUCT_DEFINITION('2026-08-07-15-09-27-585','Cubli v6',#16404,#16393);
#16397=PRODUCT_DEFINITION('2026-08-07-15-09-27-649','Flywheels',#16405,
#16393);
#16398=PRODUCT_DEFINITION('2026-08-07-15-09-27-495','Flywheel  A',#16406,
#16393);
#16399=PRODUCT_DEFINITION('2026-08-07-15-09-27-495_1','Flywheel  A',#16407,
#16393);
#16400=PRODUCT_DEFINITION('2026-08-07-15-09-27-411','flywheel v2',#16408,
#16393);
#16401=PRODUCT_DEFINITION('2026-08-07-15-09-27-414','5mm nuts x30',#16409,
#16393);
#16402=PRODUCT_DEFINITION_FORMATION('',$,#16421);
#16403=PRODUCT_DEFINITION_FORMATION('',$,#16422);
#16404=PRODUCT_DEFINITION_FORMATION('',$,#16423);
#16405=PRODUCT_DEFINITION_FORMATION('',$,#16424);
#16406=PRODUCT_DEFINITION_FORMATION('',$,#16425);
#16407=PRODUCT_DEFINITION_FORMATION('',$,#16426);
#16408=PRODUCT_DEFINITION_FORMATION('',$,#16427);
#16409=PRODUCT_DEFINITION_FORMATION('',$,#16428);
#16410=PRODUCT_RELATED_PRODUCT_CATEGORY('Cubli','Cubli',(#16421));
#16411=PRODUCT_RELATED_PRODUCT_CATEGORY('Cubli v6 + test jig',
'Cubli v6 + test jig',(#16422));
#16412=PRODUCT_RELATED_PRODUCT_CATEGORY('Cubli v6','Cubli v6',(#16423));
#16413=PRODUCT_RELATED_PRODUCT_CATEGORY('Flywheels','Flywheels',(#16424));
#16414=PRODUCT_RELATED_PRODUCT_CATEGORY('Flywheel  A','Flywheel  A',(#16425));
#16415=PRODUCT_RELATED_PRODUCT_CATEGORY('Flywheel  A','Flywheel  A',(#16426));
#16416=PRODUCT_RELATED_PRODUCT_CATEGORY('flywheel v2','flywheel v2',(#16427));
#16417=PRODUCT_RELATED_PRODUCT_CATEGORY('5mm nuts x30','5mm nuts x30',(#16428));
#16418=APPLICATION_PROTOCOL_DEFINITION('international standard',
'automotive_design',2009,#16419);
#16419=APPLICATION_CONTEXT(
'Core Data for Automotive Mechanical Design Process');
#16420=PRODUCT_CONTEXT('part definition',#16419,'mechanical');
#16421=PRODUCT('2026-08-07-15-09-27-319','Cubli',$,(#16420));
#16422=PRODUCT('2026-08-07-15-09-27-581','Cubli v6 + test jig',$,(#16420));
#16423=PRODUCT('2026-08-07-15-09-27-585','Cubli v6',$,(#16420));
#16424=PRODUCT('2026-08-07-15-09-27-649','Flywheels',$,(#16420));
#16425=PRODUCT('2026-08-07-15-09-27-495','Flywheel  A',$,(#16420));
#16426=PRODUCT('2026-08-07-15-09-27-495_1','Flywheel  A',$,(#16420));
#16427=PRODUCT('2026-08-07-15-09-27-411','flywheel v2',$,(#16420));
#16428=PRODUCT('2026-08-07-15-09-27-414','5mm nuts x30',$,(#16420));
#16429=PRESENTATION_STYLE_ASSIGNMENT((#16431));
#16430=PRESENTATION_STYLE_ASSIGNMENT((#16432));
#16431=SURFACE_STYLE_USAGE(.BOTH.,#16433);
#16432=SURFACE_STYLE_USAGE(.BOTH.,#16434);
#16433=SURFACE_SIDE_STYLE('',(#16435));
#16434=SURFACE_SIDE_STYLE('',(#16436));
#16435=SURFACE_STYLE_FILL_AREA(#16437);
#16436=SURFACE_STYLE_FILL_AREA(#16438);
#16437=FILL_AREA_STYLE('Steel - Satin',(#16439));
#16438=FILL_AREA_STYLE('Plastic - Matte (Black)',(#16440));
#16439=FILL_AREA_STYLE_COLOUR('Steel - Satin',#16441);
#16440=FILL_AREA_STYLE_COLOUR('Plastic - Matte (Black)',#16442);
#16441=COLOUR_RGB('Steel - Satin',0.627450980392157,0.627450980392157,0.627450980392157);
#16442=COLOUR_RGB('Plastic - Matte (Black)',0.0980392156862745,0.0980392156862745,
0.0980392156862745);
ENDSEC;
END-ISO-10303-21;
