ISO-10303-21;
HEADER;
/* Generated by software containing ST-Developer
 * from STEP Tools, Inc. (www.steptools.com) 
 */

FILE_DESCRIPTION(
/* description */ (''),
/* implementation_level */ '2;1');

FILE_NAME(
/* name */ 'Cubli_Zwheel_Final.step',
/* time_stamp */ '2026-08-07T18:44:22+03:00',
/* author */ (''),
/* organization */ (''),
/* preprocessor_version */ 'ST-DEVELOPER v20.1',
/* originating_system */ 'Autodesk Translation Framework v15.8.0.0',
/* authorisation */ '');

FILE_SCHEMA (('AUTOMOTIVE_DESIGN { 1 0 10303 214 3 1 1 }'));
ENDSEC;

DATA;
#10=MECHANICAL_DESIGN_GEOMETRIC_PRESENTATION_REPRESENTATION('',(#88,#89,
#90,#91,#92,#93,#94,#95,#96,#97,#98,#99,#100,#101,#102,#103,#104,#105,#106,
#107,#108,#109,#110,#111,#112,#113,#114,#115,#116,#117,#118),#16343);
#11=ITEM_DEFINED_TRANSFORMATION($,$,#9868,#10533);
#12=ITEM_DEFINED_TRANSFORMATION($,$,#9867,#10534);
#13=ITEM_DEFINED_TRANSFORMATION($,$,#9866,#10535);
#14=ITEM_DEFINED_TRANSFORMATION($,$,#9865,#10536);
#15=ITEM_DEFINED_TRANSFORMATION($,$,#9864,#10537);
#16=ITEM_DEFINED_TRANSFORMATION($,$,#9863,#10538);
#17=(
REPRESENTATION_RELATIONSHIP($,$,#16374,#16373)
REPRESENTATION_RELATIONSHIP_WITH_TRANSFORMATION(#11)
SHAPE_REPRESENTATION_RELATIONSHIP()
);
#18=(
REPRESENTATION_RELATIONSHIP($,$,#16373,#16372)
REPRESENTATION_RELATIONSHIP_WITH_TRANSFORMATION(#12)
SHAPE_REPRESENTATION_RELATIONSHIP()
);
#19=(
REPRESENTATION_RELATIONSHIP($,$,#16372,#16371)
REPRESENTATION_RELATIONSHIP_WITH_TRANSFORMATION(#13)
SHAPE_REPRESENTATION_RELATIONSHIP()
);
#20=(
REPRESENTATION_RELATIONSHIP($,$,#16371,#16370)
REPRESENTATION_RELATIONSHIP_WITH_TRANSFORMATION(#14)
SHAPE_REPRESENTATION_RELATIONSHIP()
);
#21=(
REPRESENTATION_RELATIONSHIP($,$,#16370,#16369)
REPRESENTATION_RELATIONSHIP_WITH_TRANSFORMATION(#15)
SHAPE_REPRESENTATION_RELATIONSHIP()
);
#22=(
REPRESENTATION_RELATIONSHIP($,$,#16369,#16368)
REPRESENTATION_RELATIONSHIP_WITH_TRANSFORMATION(#16)
SHAPE_REPRESENTATION_RELATIONSHIP()
);
#23=CONTEXT_DEPENDENT_SHAPE_REPRESENTATION(#17,#16362);
#24=CONTEXT_DEPENDENT_SHAPE_REPRESENTATION(#18,#16363);
#25=CONTEXT_DEPENDENT_SHAPE_REPRESENTATION(#19,#16364);
#26=CONTEXT_DEPENDENT_SHAPE_REPRESENTATION(#20,#16365);
#27=CONTEXT_DEPENDENT_SHAPE_REPRESENTATION(#21,#16366);
#28=CONTEXT_DEPENDENT_SHAPE_REPRESENTATION(#22,#16367);
#29=NEXT_ASSEMBLY_USAGE_OCCURRENCE('5mm nuts x30:1','5mm nuts x30:1',
'5mm nuts x30:1',#16381,#16382,'5mm nuts x30:1');
#30=NEXT_ASSEMBLY_USAGE_OCCURRENCE('flywheel v2:2','flywheel v2:2',
'flywheel v2:2',#16380,#16381,'flywheel v2:2');
#31=NEXT_ASSEMBLY_USAGE_OCCURRENCE('Flywheel  A:6','Flywheel  A:6',
'Flywheel  A:6',#16379,#16380,'Flywheel  A:6');
#32=NEXT_ASSEMBLY_USAGE_OCCURRENCE('Flywheels:1','Flywheels:1',
'Flywheels:1',#16378,#16379,'Flywheels:1');
#33=NEXT_ASSEMBLY_USAGE_OCCURRENCE('Cubli v6:1','Cubli v6:1',
'Cubli v6:1',#16377,#16378,'Cubli v6:1');
#34=NEXT_ASSEMBLY_USAGE_OCCURRENCE('Cubli v6 + test jig:2',
'Cubli v6 + test jig:2','Cubli v6 + test jig:2',#16376,#16377,
'Cubli v6 + test jig:2');
#35=B_SPLINE_SURFACE_WITH_KNOTS('',3,3,((#15464,#15465,#15466,#15467,#15468,
#15469,#15470,#15471),(#15472,#15473,#15474,#15475,#15476,#15477,#15478,
#15479),(#15480,#15481,#15482,#15483,#15484,#15485,#15486,#15487),(#15488,
#15489,#15490,#15491,#15492,#15493,#15494,#15495),(#15496,#15497,#15498,
#15499,#15500,#15501,#15502,#15503)),.UNSPECIFIED.,.F.,.F.,.F.,(4,1,4),
(4,1,1,1,1,4),(0.,0.571428571428571,1.),(-0.469937259439584,-0.211841975181515,
0.0462533090765542,0.304348593334623,0.820539161850761,1.3367297303669),
 .UNSPECIFIED.);
#36=B_SPLINE_SURFACE_WITH_KNOTS('',3,3,((#15573,#15574,#15575,#15576,#15577,
#15578,#15579,#15580,#15581,#15582),(#15583,#15584,#15585,#15586,#15587,
#15588,#15589,#15590,#15591,#15592),(#15593,#15594,#15595,#15596,#15597,
#15598,#15599,#15600,#15601,#15602),(#15603,#15604,#15605,#15606,#15607,
#15608,#15609,#15610,#15611,#15612),(#15613,#15614,#15615,#15616,#15617,
#15618,#15619,#15620,#15621,#15622)),.UNSPECIFIED.,.F.,.F.,.F.,(4,1,4),
(4,1,1,1,1,1,1,4),(0.,0.571428571428571,1.),(-0.469937259438753,-0.340889430757661,
-0.211841602076569,0.0462540552856159,0.3043497126478,0.562445370009985,
0.820541027372169,1.33673234209654),.UNSPECIFIED.);
#37=B_SPLINE_SURFACE_WITH_KNOTS('',3,3,((#15699,#15700,#15701,#15702,#15703,
#15704,#15705,#15706,#15707,#15708),(#15709,#15710,#15711,#15712,#15713,
#15714,#15715,#15716,#15717,#15718),(#15719,#15720,#15721,#15722,#15723,
#15724,#15725,#15726,#15727,#15728),(#15729,#15730,#15731,#15732,#15733,
#15734,#15735,#15736,#15737,#15738),(#15739,#15740,#15741,#15742,#15743,
#15744,#15745,#15746,#15747,#15748)),.UNSPECIFIED.,.F.,.F.,.F.,(4,1,4),
(4,1,1,1,1,1,1,4),(0.,0.571428571428571,1.),(-0.469937259439331,-0.340889587662543,
-0.211841915885756,0.0462534276678196,0.304348771221395,0.56244411477497,
0.820539458328545,1.3367301454357),.UNSPECIFIED.);
#38=B_SPLINE_SURFACE_WITH_KNOTS('',3,3,((#15805,#15806,#15807,#15808,#15809,
#15810,#15811,#15812),(#15813,#15814,#15815,#15816,#15817,#15818,#15819,
#15820),(#15821,#15822,#15823,#15824,#15825,#15826,#15827,#15828),(#15829,
#15830,#15831,#15832,#15833,#15834,#15835,#15836),(#15837,#15838,#15839,
#15840,#15841,#15842,#15843,#15844)),.UNSPECIFIED.,.F.,.F.,.F.,(4,1,4),
(4,1,1,1,1,4),(0.,0.571428571428571,1.),(-0.469937259439121,-0.21184181851519,
0.046253622408741,0.304349063332672,0.820539945180534,1.3367308270284),
 .UNSPECIFIED.);
#39=B_SPLINE_SURFACE_WITH_KNOTS('',3,3,((#15871,#15872,#15873,#15874,#15875,
#15876,#15877,#15878),(#15879,#15880,#15881,#15882,#15883,#15884,#15885,
#15886),(#15887,#15888,#15889,#15890,#15891,#15892,#15893,#15894),(#15895,
#15896,#15897,#15898,#15899,#15900,#15901,#15902),(#15903,#15904,#15905,
#15906,#15907,#15908,#15909,#15910)),.UNSPECIFIED.,.F.,.F.,.F.,(4,1,4),
(4,1,1,1,1,4),(0.,0.571428571428571,1.),(-0.469937259438615,-0.21184153888298,
0.0462541816726544,0.304349902228289,0.820541343339558,1.33673278445083),
 .UNSPECIFIED.);
#40=B_SPLINE_SURFACE_WITH_KNOTS('',3,3,((#15958,#15959,#15960,#15961,#15962,
#15963,#15964,#15965,#15966,#15967),(#15968,#15969,#15970,#15971,#15972,
#15973,#15974,#15975,#15976,#15977),(#15978,#15979,#15980,#15981,#15982,
#15983,#15984,#15985,#15986,#15987),(#15988,#15989,#15990,#15991,#15992,
#15993,#15994,#15995,#15996,#15997),(#15998,#15999,#16000,#16001,#16002,
#16003,#16004,#16005,#16006,#16007)),.UNSPECIFIED.,.F.,.F.,.F.,(4,1,4),
(4,1,1,1,1,1,1,4),(0.,0.571428571428571,1.),(-0.469937259439243,-0.34088956405348,
-0.211841868667716,0.0462535221038111,0.304348912875338,0.562444303646866,
0.820539694418393,1.33673047596145),.UNSPECIFIED.);
#41=B_SPLINE_CURVE_WITH_KNOTS('',3,(#15304,#15305,#15306,#15307,#15308,
#15309,#15310,#15311,#15312,#15313,#15314,#15315,#15316,#15317,#15318,#15319,
#15320,#15321,#15322,#15323,#15324,#15325,#15326,#15327),.UNSPECIFIED.,
 .F.,.F.,(4,2,2,2,2,2,2,2,2,2,2,4),(0.,0.0591863208283558,0.0688764068900407,
0.187240036041935,0.203302680353167,0.211132548427871,0.217292484804064,
0.224177944569903,0.235707543697762,0.259528016797328,0.327342393405093,
0.427775602841134),.UNSPECIFIED.);
#42=B_SPLINE_CURVE_WITH_KNOTS('',3,(#15331,#15332,#15333,#15334,#15335,
#15336,#15337,#15338,#15339,#15340,#15341,#15342,#15343,#15344,#15345,#15346,
#15347,#15348,#15349,#15350,#15351,#15352),.UNSPECIFIED.,.F.,.F.,(4,2,2,
2,2,2,2,2,2,2,4),(0.,0.0653886772921492,0.197092211391833,0.219072743427473,
0.229055042124977,0.236757498692695,0.245094367250001,0.258462636508335,
0.285605309262571,0.36066783089632,0.474348395102155),.UNSPECIFIED.);
#43=B_SPLINE_CURVE_WITH_KNOTS('',3,(#15356,#15357,#15358,#15359,#15360,
#15361,#15362,#15363,#15364,#15365,#15366,#15367,#15368,#15369,#15370,#15371,
#15372,#15373,#15374,#15375,#15376,#15377),.UNSPECIFIED.,.F.,.F.,(4,2,2,
2,2,2,2,2,2,2,4),(0.,0.0653887611065166,0.19709334383204,0.219073239120524,
0.229055429586506,0.236757877638204,0.245094809925139,0.258463350333127,
0.285606723004455,0.360672226751096,0.47434860322316),.UNSPECIFIED.);
#44=B_SPLINE_CURVE_WITH_KNOTS('',3,(#15381,#15382,#15383,#15384,#15385,
#15386,#15387,#15388,#15389,#15390,#15391,#15392,#15393,#15394,#15395,#15396,
#15397,#15398,#15399,#15400,#15401,#15402,#15403,#15404),.UNSPECIFIED.,
 .F.,.F.,(4,2,2,2,2,2,2,2,2,2,2,4),(0.,0.0591864593600192,0.0687939390771279,
0.18688426916317,0.20317126544273,0.211044938520882,0.21721019202993,0.224071498151814,
0.235489190919413,0.259006108874193,0.325491179026877,0.427854504428548),
 .UNSPECIFIED.);
#45=B_SPLINE_CURVE_WITH_KNOTS('',3,(#15408,#15409,#15410,#15411,#15412,
#15413,#15414,#15415,#15416,#15417,#15418,#15419,#15420,#15421,#15422,#15423,
#15424,#15425,#15426,#15427,#15428,#15429,#15430,#15431,#15432,#15433),
 .UNSPECIFIED.,.F.,.F.,(4,2,2,2,2,2,2,2,2,2,2,2,4),(0.,0.0531299127650747,
0.0632070571897986,0.103826111875075,0.201356871181062,0.215814050827442,
0.223197318078824,0.229157826239629,0.235977963920044,0.247772272668834,
0.272410799073969,0.343663520911981,0.456252471576439),.UNSPECIFIED.);
#46=B_SPLINE_CURVE_WITH_KNOTS('',3,(#15437,#15438,#15439,#15440,#15441,
#15442,#15443,#15444,#15445,#15446,#15447,#15448,#15449,#15450,#15451,#15452,
#15453,#15454,#15455,#15456,#15457,#15458,#15459,#15460,#15461,#15462),
 .UNSPECIFIED.,.F.,.F.,(4,2,2,2,2,2,2,2,2,2,2,2,4),(0.,0.0531299072390081,
0.0629083787251503,0.104114877077244,0.201504363857301,0.215973449595158,
0.223363742580043,0.22933038343639,0.236158043197805,0.24796664092741,0.272636295527168,
0.34398782442415,0.456657638227946),.UNSPECIFIED.);
#47=B_SPLINE_CURVE_WITH_KNOTS('',3,(#15505,#15506,#15507,#15508,#15509,
#15510,#15511,#15512),.UNSPECIFIED.,.F.,.F.,(4,2,2,4),(0.,0.051868621768195,
0.255095341322999,0.256282535402774),.UNSPECIFIED.);
#48=B_SPLINE_CURVE_WITH_KNOTS('',3,(#15514,#15515,#15516,#15517,#15518,
#15519,#15520,#15521),.UNSPECIFIED.,.F.,.F.,(4,1,1,1,1,4),(-0.235603283622817,
-0.211841975181515,0.0462533090765542,0.304348593334623,0.820539161850761,
1.3367297303669),.UNSPECIFIED.);
#49=B_SPLINE_CURVE_WITH_KNOTS('',3,(#15524,#15525,#15526,#15527,#15528,
#15529,#15530),.UNSPECIFIED.,.F.,.F.,(4,1,1,1,4),(-1.3367297303669,-0.820539161850761,
-0.304348593334623,-0.0462533090765542,0.000603180657651315),
 .UNSPECIFIED.);
#50=B_SPLINE_CURVE_WITH_KNOTS('',3,(#15623,#15624,#15625,#15626,#15627,
#15628,#15629,#15630),.UNSPECIFIED.,.F.,.F.,(4,1,1,1,1,4),(0.000282955639065892,
0.0462540552856159,0.3043497126478,0.562445370009985,0.820541027372169,
1.33673234209654),.UNSPECIFIED.);
#51=B_SPLINE_CURVE_WITH_KNOTS('',3,(#15632,#15633,#15634,#15635,#15636,
#15637,#15638,#15639,#15640),.UNSPECIFIED.,.F.,.F.,(4,1,1,1,1,1,4),(-1.33673234209654,
-0.820541027372169,-0.562445370009985,-0.3043497126478,-0.0462540552856159,
0.211841602076569,0.235134144245335),.UNSPECIFIED.);
#52=B_SPLINE_CURVE_WITH_KNOTS('',3,(#15641,#15642,#15643,#15644,#15645,
#15646,#15647,#15648),.UNSPECIFIED.,.F.,.F.,(4,2,2,4),(-0.000870092079453474,
0.,0.0973186763969303,0.225268151805298),.UNSPECIFIED.);
#53=B_SPLINE_CURVE_WITH_KNOTS('',3,(#15652,#15653,#15654,#15655,#15656,
#15657,#15658),.UNSPECIFIED.,.F.,.F.,(4,1,1,1,4),(-0.00060007790933654,
0.046253622408741,0.304349063332672,0.820539945180534,1.3367308270284),
 .UNSPECIFIED.);
#54=B_SPLINE_CURVE_WITH_KNOTS('',3,(#15692,#15693,#15694,#15695,#15696,
#15697,#15698),.UNSPECIFIED.,.F.,.F.,(4,1,1,1,4),(-1.33673278445083,-0.820541343339558,
-0.304349902228289,-0.0462541816726544,0.000603587718825458),
 .UNSPECIFIED.);
#55=B_SPLINE_CURVE_WITH_KNOTS('',3,(#15750,#15751,#15752,#15753,#15754,
#15755,#15756,#15757),.UNSPECIFIED.,.F.,.F.,(4,2,2,4),(0.,0.126646312261991,
0.223877060252033,0.224740671617136),.UNSPECIFIED.);
#56=B_SPLINE_CURVE_WITH_KNOTS('',3,(#15759,#15760,#15761,#15762,#15763,
#15764,#15765,#15766,#15767),.UNSPECIFIED.,.F.,.F.,(4,1,1,1,1,1,4),(-0.235136025015409,
-0.211841915885756,0.0462534276678196,0.304348771221395,0.56244411477497,
0.820539458328545,1.3367301454357),.UNSPECIFIED.);
#57=B_SPLINE_CURVE_WITH_KNOTS('',3,(#15769,#15770,#15771,#15772,#15773,
#15774,#15775,#15776),.UNSPECIFIED.,.F.,.F.,(4,1,1,1,1,4),(-1.3367301454357,
-0.820539458328545,-0.56244411477497,-0.304348771221395,-0.0462534276678196,
-0.000280711191483787),.UNSPECIFIED.);
#58=B_SPLINE_CURVE_WITH_KNOTS('',3,(#15846,#15847,#15848,#15849,#15850,
#15851,#15852,#15853),.UNSPECIFIED.,.F.,.F.,(4,1,1,1,1,4),(-1.3367308270284,
-0.820539945180534,-0.304349063332672,-0.046253622408741,0.21184181851519,
0.235601233841328),.UNSPECIFIED.);
#59=B_SPLINE_CURVE_WITH_KNOTS('',3,(#15854,#15855,#15856,#15857,#15858,
#15859,#15860,#15861),.UNSPECIFIED.,.F.,.F.,(4,2,2,4),(-0.000869021064427008,
0.,0.0978398403562673,0.225279503574851),.UNSPECIFIED.);
#60=B_SPLINE_CURVE_WITH_KNOTS('',3,(#15863,#15864,#15865,#15866,#15867,
#15868,#15869,#15870),.UNSPECIFIED.,.F.,.F.,(4,1,1,1,1,4),(0.000281094737340612,
0.0462535221038111,0.304348912875338,0.562444303646866,0.820539694418393,
1.33673047596145),.UNSPECIFIED.);
#61=B_SPLINE_CURVE_WITH_KNOTS('',3,(#15912,#15913,#15914,#15915,#15916,
#15917,#15918,#15919),.UNSPECIFIED.,.F.,.F.,(4,2,2,4),(0.,0.127152513866537,
0.223865108837555,0.224729779710962),.UNSPECIFIED.);
#62=B_SPLINE_CURVE_WITH_KNOTS('',3,(#15921,#15922,#15923,#15924,#15925,
#15926,#15927,#15928),.UNSPECIFIED.,.F.,.F.,(4,1,1,1,1,4),(-0.235603304926787,
-0.21184153888298,0.0462541816726544,0.304349902228289,0.820541343339558,
1.33673278445083),.UNSPECIFIED.);
#63=B_SPLINE_CURVE_WITH_KNOTS('',3,(#16009,#16010,#16011,#16012,#16013,
#16014,#16015,#16016,#16017),.UNSPECIFIED.,.F.,.F.,(4,1,1,1,1,1,4),(-1.33673047596145,
-0.820539694418393,-0.562444303646866,-0.304348912875338,-0.0462535221038111,
0.211841868667716,0.235135707488114),.UNSPECIFIED.);
#64=B_SPLINE_CURVE_WITH_KNOTS('',3,(#16018,#16019,#16020,#16021,#16022,
#16023,#16024,#16025),.UNSPECIFIED.,.F.,.F.,(4,2,2,4),(-0.000869586638736524,
0.,0.0975640951565926,0.22527334024807),.UNSPECIFIED.);
#65=TOROIDAL_SURFACE('',#10285,60.,1.);
#66=TOROIDAL_SURFACE('',#10296,12.,2.);
#67=TOROIDAL_SURFACE('',#10302,7.,2.);
#68=TOROIDAL_SURFACE('',#10306,10.5,2.);
#69=TOROIDAL_SURFACE('',#10310,7.,2.);
#70=TOROIDAL_SURFACE('',#10316,12.,2.);
#71=TOROIDAL_SURFACE('',#10320,42.9174243050442,5.);
#72=TOROIDAL_SURFACE('',#10335,42.9174243050442,5.);
#73=TOROIDAL_SURFACE('',#10337,12.,2.);
#74=TOROIDAL_SURFACE('',#10342,7.,2.);
#75=TOROIDAL_SURFACE('',#10345,10.5,2.);
#76=TOROIDAL_SURFACE('',#10348,7.,2.);
#77=TOROIDAL_SURFACE('',#10353,12.,2.);
#78=TOROIDAL_SURFACE('',#10356,42.9174243050442,5.);
#79=TOROIDAL_SURFACE('',#10358,12.,2.);
#80=TOROIDAL_SURFACE('',#10363,7.,2.);
#81=TOROIDAL_SURFACE('',#10366,10.5,2.);
#82=TOROIDAL_SURFACE('',#10369,7.,2.);
#83=TOROIDAL_SURFACE('',#10374,12.,2.);
#84=SHAPE_REPRESENTATION_RELATIONSHIP('SRR','None',#16374,#86);
#85=SHAPE_REPRESENTATION_RELATIONSHIP('SRR','None',#16373,#87);
#86=ADVANCED_BREP_SHAPE_REPRESENTATION('',(#119,#120,#121,#122,#123,#124,
#125,#126,#127,#128,#129,#130,#131,#132,#133,#134,#135,#136,#137,#138,#139,
#140,#141,#142,#143,#144,#145,#146,#147,#148),#16342);
#87=ADVANCED_BREP_SHAPE_REPRESENTATION('',(#149),#16341);
#88=STYLED_ITEM('',(#16407),#119);
#89=STYLED_ITEM('',(#16407),#120);
#90=STYLED_ITEM('',(#16407),#121);
#91=STYLED_ITEM('',(#16407),#122);
#92=STYLED_ITEM('',(#16407),#123);
#93=STYLED_ITEM('',(#16407),#124);
#94=STYLED_ITEM('',(#16407),#125);
#95=STYLED_ITEM('',(#16407),#126);
#96=STYLED_ITEM('',(#16407),#127);
#97=STYLED_ITEM('',(#16407),#128);
#98=STYLED_ITEM('',(#16407),#129);
#99=STYLED_ITEM('',(#16407),#130);
#100=STYLED_ITEM('',(#16407),#131);
#101=STYLED_ITEM('',(#16407),#132);
#102=STYLED_ITEM('',(#16407),#133);
#103=STYLED_ITEM('',(#16407),#134);
#104=STYLED_ITEM('',(#16407),#135);
#105=STYLED_ITEM('',(#16407),#136);
#106=STYLED_ITEM('',(#16407),#137);
#107=STYLED_ITEM('',(#16407),#138);
#108=STYLED_ITEM('',(#16407),#139);
#109=STYLED_ITEM('',(#16407),#140);
#110=STYLED_ITEM('',(#16407),#141);
#111=STYLED_ITEM('',(#16407),#142);
#112=STYLED_ITEM('',(#16407),#143);
#113=STYLED_ITEM('',(#16407),#144);
#114=STYLED_ITEM('',(#16407),#145);
#115=STYLED_ITEM('',(#16407),#146);
#116=STYLED_ITEM('',(#16407),#147);
#117=STYLED_ITEM('',(#16407),#148);
#118=STYLED_ITEM('',(#16408),#149);
#119=MANIFOLD_SOLID_BREP('Body1',#9819);
#120=MANIFOLD_SOLID_BREP('Body2',#9820);
#121=MANIFOLD_SOLID_BREP('Body3',#9821);
#122=MANIFOLD_SOLID_BREP('Body4',#9822);
#123=MANIFOLD_SOLID_BREP('Body5',#9823);
#124=MANIFOLD_SOLID_BREP('Body6',#9824);
#125=MANIFOLD_SOLID_BREP('Body7',#9825);
#126=MANIFOLD_SOLID_BREP('Body8',#9826);
#127=MANIFOLD_SOLID_BREP('Body9',#9827);
#128=MANIFOLD_SOLID_BREP('Body10',#9828);
#129=MANIFOLD_SOLID_BREP('Body11',#9829);
#130=MANIFOLD_SOLID_BREP('Body12',#9830);
#131=MANIFOLD_SOLID_BREP('Body13',#9831);
#132=MANIFOLD_SOLID_BREP('Body14',#9832);
#133=MANIFOLD_SOLID_BREP('Body15',#9833);
#134=MANIFOLD_SOLID_BREP('Body16',#9834);
#135=MANIFOLD_SOLID_BREP('Body17',#9835);
#136=MANIFOLD_SOLID_BREP('Body18',#9836);
#137=MANIFOLD_SOLID_BREP('Body19',#9837);
#138=MANIFOLD_SOLID_BREP('Body20',#9838);
#139=MANIFOLD_SOLID_BREP('Body21',#9839);
#140=MANIFOLD_SOLID_BREP('Body22',#9840);
#141=MANIFOLD_SOLID_BREP('Body23',#9841);
#142=MANIFOLD_SOLID_BREP('Body24',#9842);
#143=MANIFOLD_SOLID_BREP('Body25',#9843);
#144=MANIFOLD_SOLID_BREP('Body26',#9844);
#145=MANIFOLD_SOLID_BREP('Body27',#9845);
#146=MANIFOLD_SOLID_BREP('Body28',#9846);
#147=MANIFOLD_SOLID_BREP('Body29',#9847);
#148=MANIFOLD_SOLID_BREP('Body30',#9848);
#149=MANIFOLD_SOLID_BREP('Body1',#9849);
#150=FACE_BOUND('',#1235,.T.);
#151=FACE_BOUND('',#1237,.T.);
#152=FACE_BOUND('',#1246,.T.);
#153=FACE_BOUND('',#1248,.T.);
#154=FACE_BOUND('',#1257,.T.);
#155=FACE_BOUND('',#1259,.T.);
#156=FACE_BOUND('',#1268,.T.);
#157=FACE_BOUND('',#1270,.T.);
#158=FACE_BOUND('',#1279,.T.);
#159=FACE_BOUND('',#1281,.T.);
#160=FACE_BOUND('',#1290,.T.);
#161=FACE_BOUND('',#1292,.T.);
#162=FACE_BOUND('',#1301,.T.);
#163=FACE_BOUND('',#1303,.T.);
#164=FACE_BOUND('',#1312,.T.);
#165=FACE_BOUND('',#1314,.T.);
#166=FACE_BOUND('',#1323,.T.);
#167=FACE_BOUND('',#1325,.T.);
#168=FACE_BOUND('',#1334,.T.);
#169=FACE_BOUND('',#1336,.T.);
#170=FACE_BOUND('',#1345,.T.);
#171=FACE_BOUND('',#1347,.T.);
#172=FACE_BOUND('',#1356,.T.);
#173=FACE_BOUND('',#1358,.T.);
#174=FACE_BOUND('',#1367,.T.);
#175=FACE_BOUND('',#1369,.T.);
#176=FACE_BOUND('',#1378,.T.);
#177=FACE_BOUND('',#1380,.T.);
#178=FACE_BOUND('',#1389,.T.);
#179=FACE_BOUND('',#1391,.T.);
#180=FACE_BOUND('',#1400,.T.);
#181=FACE_BOUND('',#1402,.T.);
#182=FACE_BOUND('',#1411,.T.);
#183=FACE_BOUND('',#1413,.T.);
#184=FACE_BOUND('',#1422,.T.);
#185=FACE_BOUND('',#1424,.T.);
#186=FACE_BOUND('',#1433,.T.);
#187=FACE_BOUND('',#1435,.T.);
#188=FACE_BOUND('',#1444,.T.);
#189=FACE_BOUND('',#1446,.T.);
#190=FACE_BOUND('',#1455,.T.);
#191=FACE_BOUND('',#1457,.T.);
#192=FACE_BOUND('',#1466,.T.);
#193=FACE_BOUND('',#1468,.T.);
#194=FACE_BOUND('',#1477,.T.);
#195=FACE_BOUND('',#1479,.T.);
#196=FACE_BOUND('',#1488,.T.);
#197=FACE_BOUND('',#1490,.T.);
#198=FACE_BOUND('',#1499,.T.);
#199=FACE_BOUND('',#1501,.T.);
#200=FACE_BOUND('',#1510,.T.);
#201=FACE_BOUND('',#1512,.T.);
#202=FACE_BOUND('',#1521,.T.);
#203=FACE_BOUND('',#1523,.T.);
#204=FACE_BOUND('',#1532,.T.);
#205=FACE_BOUND('',#1534,.T.);
#206=FACE_BOUND('',#1543,.T.);
#207=FACE_BOUND('',#1545,.T.);
#208=FACE_BOUND('',#1554,.T.);
#209=FACE_BOUND('',#1556,.T.);
#210=FACE_BOUND('',#1611,.T.);
#211=FACE_BOUND('',#1612,.T.);
#212=FACE_BOUND('',#1613,.T.);
#213=FACE_BOUND('',#1614,.T.);
#214=FACE_BOUND('',#1615,.T.);
#215=FACE_BOUND('',#1616,.T.);
#216=FACE_BOUND('',#1617,.T.);
#217=FACE_BOUND('',#1618,.T.);
#218=FACE_BOUND('',#1619,.T.);
#219=FACE_BOUND('',#1620,.T.);
#220=FACE_BOUND('',#1621,.T.);
#221=FACE_BOUND('',#1622,.T.);
#222=FACE_BOUND('',#1623,.T.);
#223=FACE_BOUND('',#1624,.T.);
#224=FACE_BOUND('',#1625,.T.);
#225=FACE_BOUND('',#1626,.T.);
#226=FACE_BOUND('',#1627,.T.);
#227=FACE_BOUND('',#1628,.T.);
#228=FACE_BOUND('',#1629,.T.);
#229=FACE_BOUND('',#1630,.T.);
#230=FACE_BOUND('',#1631,.T.);
#231=FACE_BOUND('',#1632,.T.);
#232=FACE_BOUND('',#1633,.T.);
#233=FACE_BOUND('',#1634,.T.);
#234=FACE_BOUND('',#1635,.T.);
#235=FACE_BOUND('',#1636,.T.);
#236=FACE_BOUND('',#1637,.T.);
#237=FACE_BOUND('',#1638,.T.);
#238=FACE_BOUND('',#1639,.T.);
#239=FACE_BOUND('',#1640,.T.);
#240=FACE_BOUND('',#1641,.T.);
#241=FACE_BOUND('',#1642,.T.);
#242=FACE_BOUND('',#1643,.T.);
#243=FACE_BOUND('',#1644,.T.);
#244=FACE_BOUND('',#1645,.T.);
#245=FACE_BOUND('',#1646,.T.);
#246=FACE_BOUND('',#1647,.T.);
#247=FACE_BOUND('',#1648,.T.);
#248=FACE_BOUND('',#1652,.T.);
#249=FACE_BOUND('',#1653,.T.);
#250=FACE_BOUND('',#1654,.T.);
#251=FACE_BOUND('',#1655,.T.);
#252=FACE_BOUND('',#1656,.T.);
#253=FACE_BOUND('',#1657,.T.);
#254=FACE_BOUND('',#1658,.T.);
#255=FACE_BOUND('',#1659,.T.);
#256=FACE_BOUND('',#1660,.T.);
#257=FACE_BOUND('',#1661,.T.);
#258=FACE_BOUND('',#1662,.T.);
#259=FACE_BOUND('',#1663,.T.);
#260=FACE_BOUND('',#1664,.T.);
#261=FACE_BOUND('',#1665,.T.);
#262=FACE_BOUND('',#1666,.T.);
#263=FACE_BOUND('',#1667,.T.);
#264=FACE_BOUND('',#1668,.T.);
#265=FACE_BOUND('',#1669,.T.);
#266=FACE_BOUND('',#1670,.T.);
#267=FACE_BOUND('',#1671,.T.);
#268=FACE_BOUND('',#1672,.T.);
#269=FACE_BOUND('',#1673,.T.);
#270=FACE_BOUND('',#1674,.T.);
#271=FACE_BOUND('',#1675,.T.);
#272=FACE_BOUND('',#1676,.T.);
#273=FACE_BOUND('',#1677,.T.);
#274=FACE_BOUND('',#1678,.T.);
#275=FACE_BOUND('',#1679,.T.);
#276=FACE_BOUND('',#1680,.T.);
#277=FACE_BOUND('',#1681,.T.);
#278=FACE_BOUND('',#1682,.T.);
#279=FACE_BOUND('',#1694,.T.);
#280=FACE_BOUND('',#1695,.T.);
#281=FACE_BOUND('',#1696,.T.);
#282=FACE_BOUND('',#1697,.T.);
#283=FACE_BOUND('',#1698,.T.);
#284=PLANE('',#9872);
#285=PLANE('',#9873);
#286=PLANE('',#9874);
#287=PLANE('',#9875);
#288=PLANE('',#9876);
#289=PLANE('',#9877);
#290=PLANE('',#9878);
#291=PLANE('',#9879);
#292=PLANE('',#9883);
#293=PLANE('',#9884);
#294=PLANE('',#9885);
#295=PLANE('',#9886);
#296=PLANE('',#9887);
#297=PLANE('',#9888);
#298=PLANE('',#9889);
#299=PLANE('',#9890);
#300=PLANE('',#9894);
#301=PLANE('',#9895);
#302=PLANE('',#9896);
#303=PLANE('',#9897);
#304=PLANE('',#9898);
#305=PLANE('',#9899);
#306=PLANE('',#9900);
#307=PLANE('',#9901);
#308=PLANE('',#9905);
#309=PLANE('',#9906);
#310=PLANE('',#9907);
#311=PLANE('',#9908);
#312=PLANE('',#9909);
#313=PLANE('',#9910);
#314=PLANE('',#9911);
#315=PLANE('',#9912);
#316=PLANE('',#9916);
#317=PLANE('',#9917);
#318=PLANE('',#9918);
#319=PLANE('',#9919);
#320=PLANE('',#9920);
#321=PLANE('',#9921);
#322=PLANE('',#9922);
#323=PLANE('',#9923);
#324=PLANE('',#9927);
#325=PLANE('',#9928);
#326=PLANE('',#9929);
#327=PLANE('',#9930);
#328=PLANE('',#9931);
#329=PLANE('',#9932);
#330=PLANE('',#9933);
#331=PLANE('',#9934);
#332=PLANE('',#9938);
#333=PLANE('',#9939);
#334=PLANE('',#9940);
#335=PLANE('',#9941);
#336=PLANE('',#9942);
#337=PLANE('',#9943);
#338=PLANE('',#9944);
#339=PLANE('',#9945);
#340=PLANE('',#9949);
#341=PLANE('',#9950);
#342=PLANE('',#9951);
#343=PLANE('',#9952);
#344=PLANE('',#9953);
#345=PLANE('',#9954);
#346=PLANE('',#9955);
#347=PLANE('',#9956);
#348=PLANE('',#9960);
#349=PLANE('',#9961);
#350=PLANE('',#9962);
#351=PLANE('',#9963);
#352=PLANE('',#9964);
#353=PLANE('',#9965);
#354=PLANE('',#9966);
#355=PLANE('',#9967);
#356=PLANE('',#9971);
#357=PLANE('',#9972);
#358=PLANE('',#9973);
#359=PLANE('',#9974);
#360=PLANE('',#9975);
#361=PLANE('',#9976);
#362=PLANE('',#9977);
#363=PLANE('',#9978);
#364=PLANE('',#9982);
#365=PLANE('',#9983);
#366=PLANE('',#9984);
#367=PLANE('',#9985);
#368=PLANE('',#9986);
#369=PLANE('',#9987);
#370=PLANE('',#9988);
#371=PLANE('',#9989);
#372=PLANE('',#9993);
#373=PLANE('',#9994);
#374=PLANE('',#9995);
#375=PLANE('',#9996);
#376=PLANE('',#9997);
#377=PLANE('',#9998);
#378=PLANE('',#9999);
#379=PLANE('',#10000);
#380=PLANE('',#10004);
#381=PLANE('',#10005);
#382=PLANE('',#10006);
#383=PLANE('',#10007);
#384=PLANE('',#10008);
#385=PLANE('',#10009);
#386=PLANE('',#10010);
#387=PLANE('',#10011);
#388=PLANE('',#10015);
#389=PLANE('',#10016);
#390=PLANE('',#10017);
#391=PLANE('',#10018);
#392=PLANE('',#10019);
#393=PLANE('',#10020);
#394=PLANE('',#10021);
#395=PLANE('',#10022);
#396=PLANE('',#10026);
#397=PLANE('',#10027);
#398=PLANE('',#10028);
#399=PLANE('',#10029);
#400=PLANE('',#10030);
#401=PLANE('',#10031);
#402=PLANE('',#10032);
#403=PLANE('',#10033);
#404=PLANE('',#10037);
#405=PLANE('',#10038);
#406=PLANE('',#10039);
#407=PLANE('',#10040);
#408=PLANE('',#10041);
#409=PLANE('',#10042);
#410=PLANE('',#10043);
#411=PLANE('',#10044);
#412=PLANE('',#10048);
#413=PLANE('',#10049);
#414=PLANE('',#10050);
#415=PLANE('',#10051);
#416=PLANE('',#10052);
#417=PLANE('',#10053);
#418=PLANE('',#10054);
#419=PLANE('',#10055);
#420=PLANE('',#10059);
#421=PLANE('',#10060);
#422=PLANE('',#10061);
#423=PLANE('',#10062);
#424=PLANE('',#10063);
#425=PLANE('',#10064);
#426=PLANE('',#10065);
#427=PLANE('',#10066);
#428=PLANE('',#10070);
#429=PLANE('',#10071);
#430=PLANE('',#10072);
#431=PLANE('',#10073);
#432=PLANE('',#10074);
#433=PLANE('',#10075);
#434=PLANE('',#10076);
#435=PLANE('',#10077);
#436=PLANE('',#10081);
#437=PLANE('',#10082);
#438=PLANE('',#10083);
#439=PLANE('',#10084);
#440=PLANE('',#10085);
#441=PLANE('',#10086);
#442=PLANE('',#10087);
#443=PLANE('',#10088);
#444=PLANE('',#10092);
#445=PLANE('',#10093);
#446=PLANE('',#10094);
#447=PLANE('',#10095);
#448=PLANE('',#10096);
#449=PLANE('',#10097);
#450=PLANE('',#10098);
#451=PLANE('',#10099);
#452=PLANE('',#10103);
#453=PLANE('',#10104);
#454=PLANE('',#10105);
#455=PLANE('',#10106);
#456=PLANE('',#10107);
#457=PLANE('',#10108);
#458=PLANE('',#10109);
#459=PLANE('',#10110);
#460=PLANE('',#10114);
#461=PLANE('',#10115);
#462=PLANE('',#10116);
#463=PLANE('',#10117);
#464=PLANE('',#10118);
#465=PLANE('',#10119);
#466=PLANE('',#10120);
#467=PLANE('',#10121);
#468=PLANE('',#10125);
#469=PLANE('',#10126);
#470=PLANE('',#10127);
#471=PLANE('',#10128);
#472=PLANE('',#10129);
#473=PLANE('',#10130);
#474=PLANE('',#10131);
#475=PLANE('',#10132);
#476=PLANE('',#10136);
#477=PLANE('',#10137);
#478=PLANE('',#10138);
#479=PLANE('',#10139);
#480=PLANE('',#10140);
#481=PLANE('',#10141);
#482=PLANE('',#10142);
#483=PLANE('',#10143);
#484=PLANE('',#10147);
#485=PLANE('',#10148);
#486=PLANE('',#10149);
#487=PLANE('',#10150);
#488=PLANE('',#10151);
#489=PLANE('',#10152);
#490=PLANE('',#10153);
#491=PLANE('',#10154);
#492=PLANE('',#10158);
#493=PLANE('',#10159);
#494=PLANE('',#10160);
#495=PLANE('',#10161);
#496=PLANE('',#10162);
#497=PLANE('',#10163);
#498=PLANE('',#10164);
#499=PLANE('',#10165);
#500=PLANE('',#10169);
#501=PLANE('',#10170);
#502=PLANE('',#10171);
#503=PLANE('',#10172);
#504=PLANE('',#10173);
#505=PLANE('',#10174);
#506=PLANE('',#10175);
#507=PLANE('',#10176);
#508=PLANE('',#10180);
#509=PLANE('',#10181);
#510=PLANE('',#10182);
#511=PLANE('',#10183);
#512=PLANE('',#10184);
#513=PLANE('',#10185);
#514=PLANE('',#10186);
#515=PLANE('',#10187);
#516=PLANE('',#10191);
#517=PLANE('',#10192);
#518=PLANE('',#10193);
#519=PLANE('',#10194);
#520=PLANE('',#10195);
#521=PLANE('',#10196);
#522=PLANE('',#10197);
#523=PLANE('',#10198);
#524=PLANE('',#10214);
#525=PLANE('',#10215);
#526=PLANE('',#10216);
#527=PLANE('',#10217);
#528=PLANE('',#10218);
#529=PLANE('',#10219);
#530=PLANE('',#10220);
#531=PLANE('',#10221);
#532=PLANE('',#10222);
#533=PLANE('',#10223);
#534=PLANE('',#10224);
#535=PLANE('',#10225);
#536=PLANE('',#10226);
#537=PLANE('',#10227);
#538=PLANE('',#10228);
#539=PLANE('',#10229);
#540=PLANE('',#10230);
#541=PLANE('',#10231);
#542=PLANE('',#10232);
#543=PLANE('',#10233);
#544=PLANE('',#10234);
#545=PLANE('',#10235);
#546=PLANE('',#10236);
#547=PLANE('',#10237);
#548=PLANE('',#10238);
#549=PLANE('',#10239);
#550=PLANE('',#10240);
#551=PLANE('',#10241);
#552=PLANE('',#10242);
#553=PLANE('',#10243);
#554=PLANE('',#10244);
#555=PLANE('',#10245);
#556=PLANE('',#10246);
#557=PLANE('',#10247);
#558=PLANE('',#10248);
#559=PLANE('',#10249);
#560=PLANE('',#10250);
#561=PLANE('',#10251);
#562=PLANE('',#10252);
#563=PLANE('',#10253);
#564=PLANE('',#10254);
#565=PLANE('',#10255);
#566=PLANE('',#10256);
#567=PLANE('',#10257);
#568=PLANE('',#10258);
#569=PLANE('',#10259);
#570=PLANE('',#10260);
#571=PLANE('',#10261);
#572=PLANE('',#10262);
#573=PLANE('',#10288);
#574=PLANE('',#10322);
#575=PLANE('',#10381);
#576=PLANE('',#10384);
#577=PLANE('',#10387);
#578=PLANE('',#10389);
#579=PLANE('',#10390);
#580=PLANE('',#10391);
#581=PLANE('',#10392);
#582=PLANE('',#10393);
#583=PLANE('',#10394);
#584=PLANE('',#10395);
#585=PLANE('',#10396);
#586=PLANE('',#10397);
#587=PLANE('',#10398);
#588=PLANE('',#10399);
#589=PLANE('',#10400);
#590=PLANE('',#10401);
#591=PLANE('',#10402);
#592=PLANE('',#10403);
#593=PLANE('',#10404);
#594=PLANE('',#10405);
#595=PLANE('',#10406);
#596=PLANE('',#10407);
#597=PLANE('',#10408);
#598=PLANE('',#10409);
#599=PLANE('',#10410);
#600=PLANE('',#10411);
#601=PLANE('',#10412);
#602=PLANE('',#10413);
#603=PLANE('',#10414);
#604=PLANE('',#10415);
#605=PLANE('',#10416);
#606=PLANE('',#10417);
#607=PLANE('',#10418);
#608=PLANE('',#10419);
#609=PLANE('',#10420);
#610=PLANE('',#10421);
#611=PLANE('',#10422);
#612=PLANE('',#10423);
#613=PLANE('',#10424);
#614=PLANE('',#10425);
#615=PLANE('',#10426);
#616=PLANE('',#10427);
#617=PLANE('',#10428);
#618=PLANE('',#10429);
#619=PLANE('',#10430);
#620=PLANE('',#10431);
#621=PLANE('',#10432);
#622=PLANE('',#10433);
#623=PLANE('',#10434);
#624=PLANE('',#10435);
#625=PLANE('',#10436);
#626=PLANE('',#10437);
#627=PLANE('',#10438);
#628=PLANE('',#10439);
#629=PLANE('',#10440);
#630=PLANE('',#10441);
#631=PLANE('',#10442);
#632=PLANE('',#10443);
#633=PLANE('',#10444);
#634=PLANE('',#10445);
#635=PLANE('',#10446);
#636=PLANE('',#10447);
#637=PLANE('',#10448);
#638=PLANE('',#10449);
#639=PLANE('',#10450);
#640=PLANE('',#10451);
#641=PLANE('',#10452);
#642=PLANE('',#10453);
#643=PLANE('',#10454);
#644=PLANE('',#10455);
#645=PLANE('',#10456);
#646=PLANE('',#10457);
#647=PLANE('',#10458);
#648=PLANE('',#10459);
#649=PLANE('',#10460);
#650=PLANE('',#10461);
#651=PLANE('',#10462);
#652=PLANE('',#10463);
#653=PLANE('',#10464);
#654=PLANE('',#10465);
#655=PLANE('',#10466);
#656=PLANE('',#10467);
#657=PLANE('',#10468);
#658=PLANE('',#10469);
#659=PLANE('',#10470);
#660=PLANE('',#10471);
#661=PLANE('',#10472);
#662=PLANE('',#10473);
#663=PLANE('',#10474);
#664=PLANE('',#10475);
#665=PLANE('',#10476);
#666=PLANE('',#10477);
#667=PLANE('',#10478);
#668=PLANE('',#10479);
#669=PLANE('',#10480);
#670=PLANE('',#10481);
#671=PLANE('',#10482);
#672=PLANE('',#10483);
#673=PLANE('',#10484);
#674=PLANE('',#10485);
#675=PLANE('',#10486);
#676=PLANE('',#10487);
#677=PLANE('',#10488);
#678=PLANE('',#10489);
#679=PLANE('',#10490);
#680=PLANE('',#10491);
#681=PLANE('',#10492);
#682=PLANE('',#10493);
#683=PLANE('',#10494);
#684=PLANE('',#10495);
#685=PLANE('',#10496);
#686=PLANE('',#10497);
#687=PLANE('',#10498);
#688=PLANE('',#10499);
#689=PLANE('',#10500);
#690=PLANE('',#10501);
#691=PLANE('',#10502);
#692=PLANE('',#10503);
#693=PLANE('',#10504);
#694=PLANE('',#10505);
#695=PLANE('',#10506);
#696=PLANE('',#10507);
#697=PLANE('',#10508);
#698=PLANE('',#10509);
#699=PLANE('',#10510);
#700=PLANE('',#10511);
#701=PLANE('',#10512);
#702=PLANE('',#10513);
#703=PLANE('',#10514);
#704=PLANE('',#10515);
#705=PLANE('',#10516);
#706=PLANE('',#10517);
#707=PLANE('',#10518);
#708=PLANE('',#10519);
#709=PLANE('',#10520);
#710=PLANE('',#10521);
#711=PLANE('',#10522);
#712=PLANE('',#10525);
#713=FACE_OUTER_BOUND('',#1227,.T.);
#714=FACE_OUTER_BOUND('',#1228,.T.);
#715=FACE_OUTER_BOUND('',#1229,.T.);
#716=FACE_OUTER_BOUND('',#1230,.T.);
#717=FACE_OUTER_BOUND('',#1231,.T.);
#718=FACE_OUTER_BOUND('',#1232,.T.);
#719=FACE_OUTER_BOUND('',#1233,.T.);
#720=FACE_OUTER_BOUND('',#1234,.T.);
#721=FACE_OUTER_BOUND('',#1236,.T.);
#722=FACE_OUTER_BOUND('',#1238,.T.);
#723=FACE_OUTER_BOUND('',#1239,.T.);
#724=FACE_OUTER_BOUND('',#1240,.T.);
#725=FACE_OUTER_BOUND('',#1241,.T.);
#726=FACE_OUTER_BOUND('',#1242,.T.);
#727=FACE_OUTER_BOUND('',#1243,.T.);
#728=FACE_OUTER_BOUND('',#1244,.T.);
#729=FACE_OUTER_BOUND('',#1245,.T.);
#730=FACE_OUTER_BOUND('',#1247,.T.);
#731=FACE_OUTER_BOUND('',#1249,.T.);
#732=FACE_OUTER_BOUND('',#1250,.T.);
#733=FACE_OUTER_BOUND('',#1251,.T.);
#734=FACE_OUTER_BOUND('',#1252,.T.);
#735=FACE_OUTER_BOUND('',#1253,.T.);
#736=FACE_OUTER_BOUND('',#1254,.T.);
#737=FACE_OUTER_BOUND('',#1255,.T.);
#738=FACE_OUTER_BOUND('',#1256,.T.);
#739=FACE_OUTER_BOUND('',#1258,.T.);
#740=FACE_OUTER_BOUND('',#1260,.T.);
#741=FACE_OUTER_BOUND('',#1261,.T.);
#742=FACE_OUTER_BOUND('',#1262,.T.);
#743=FACE_OUTER_BOUND('',#1263,.T.);
#744=FACE_OUTER_BOUND('',#1264,.T.);
#745=FACE_OUTER_BOUND('',#1265,.T.);
#746=FACE_OUTER_BOUND('',#1266,.T.);
#747=FACE_OUTER_BOUND('',#1267,.T.);
#748=FACE_OUTER_BOUND('',#1269,.T.);
#749=FACE_OUTER_BOUND('',#1271,.T.);
#750=FACE_OUTER_BOUND('',#1272,.T.);
#751=FACE_OUTER_BOUND('',#1273,.T.);
#752=FACE_OUTER_BOUND('',#1274,.T.);
#753=FACE_OUTER_BOUND('',#1275,.T.);
#754=FACE_OUTER_BOUND('',#1276,.T.);
#755=FACE_OUTER_BOUND('',#1277,.T.);
#756=FACE_OUTER_BOUND('',#1278,.T.);
#757=FACE_OUTER_BOUND('',#1280,.T.);
#758=FACE_OUTER_BOUND('',#1282,.T.);
#759=FACE_OUTER_BOUND('',#1283,.T.);
#760=FACE_OUTER_BOUND('',#1284,.T.);
#761=FACE_OUTER_BOUND('',#1285,.T.);
#762=FACE_OUTER_BOUND('',#1286,.T.);
#763=FACE_OUTER_BOUND('',#1287,.T.);
#764=FACE_OUTER_BOUND('',#1288,.T.);
#765=FACE_OUTER_BOUND('',#1289,.T.);
#766=FACE_OUTER_BOUND('',#1291,.T.);
#767=FACE_OUTER_BOUND('',#1293,.T.);
#768=FACE_OUTER_BOUND('',#1294,.T.);
#769=FACE_OUTER_BOUND('',#1295,.T.);
#770=FACE_OUTER_BOUND('',#1296,.T.);
#771=FACE_OUTER_BOUND('',#1297,.T.);
#772=FACE_OUTER_BOUND('',#1298,.T.);
#773=FACE_OUTER_BOUND('',#1299,.T.);
#774=FACE_OUTER_BOUND('',#1300,.T.);
#775=FACE_OUTER_BOUND('',#1302,.T.);
#776=FACE_OUTER_BOUND('',#1304,.T.);
#777=FACE_OUTER_BOUND('',#1305,.T.);
#778=FACE_OUTER_BOUND('',#1306,.T.);
#779=FACE_OUTER_BOUND('',#1307,.T.);
#780=FACE_OUTER_BOUND('',#1308,.T.);
#781=FACE_OUTER_BOUND('',#1309,.T.);
#782=FACE_OUTER_BOUND('',#1310,.T.);
#783=FACE_OUTER_BOUND('',#1311,.T.);
#784=FACE_OUTER_BOUND('',#1313,.T.);
#785=FACE_OUTER_BOUND('',#1315,.T.);
#786=FACE_OUTER_BOUND('',#1316,.T.);
#787=FACE_OUTER_BOUND('',#1317,.T.);
#788=FACE_OUTER_BOUND('',#1318,.T.);
#789=FACE_OUTER_BOUND('',#1319,.T.);
#790=FACE_OUTER_BOUND('',#1320,.T.);
#791=FACE_OUTER_BOUND('',#1321,.T.);
#792=FACE_OUTER_BOUND('',#1322,.T.);
#793=FACE_OUTER_BOUND('',#1324,.T.);
#794=FACE_OUTER_BOUND('',#1326,.T.);
#795=FACE_OUTER_BOUND('',#1327,.T.);
#796=FACE_OUTER_BOUND('',#1328,.T.);
#797=FACE_OUTER_BOUND('',#1329,.T.);
#798=FACE_OUTER_BOUND('',#1330,.T.);
#799=FACE_OUTER_BOUND('',#1331,.T.);
#800=FACE_OUTER_BOUND('',#1332,.T.);
#801=FACE_OUTER_BOUND('',#1333,.T.);
#802=FACE_OUTER_BOUND('',#1335,.T.);
#803=FACE_OUTER_BOUND('',#1337,.T.);
#804=FACE_OUTER_BOUND('',#1338,.T.);
#805=FACE_OUTER_BOUND('',#1339,.T.);
#806=FACE_OUTER_BOUND('',#1340,.T.);
#807=FACE_OUTER_BOUND('',#1341,.T.);
#808=FACE_OUTER_BOUND('',#1342,.T.);
#809=FACE_OUTER_BOUND('',#1343,.T.);
#810=FACE_OUTER_BOUND('',#1344,.T.);
#811=FACE_OUTER_BOUND('',#1346,.T.);
#812=FACE_OUTER_BOUND('',#1348,.T.);
#813=FACE_OUTER_BOUND('',#1349,.T.);
#814=FACE_OUTER_BOUND('',#1350,.T.);
#815=FACE_OUTER_BOUND('',#1351,.T.);
#816=FACE_OUTER_BOUND('',#1352,.T.);
#817=FACE_OUTER_BOUND('',#1353,.T.);
#818=FACE_OUTER_BOUND('',#1354,.T.);
#819=FACE_OUTER_BOUND('',#1355,.T.);
#820=FACE_OUTER_BOUND('',#1357,.T.);
#821=FACE_OUTER_BOUND('',#1359,.T.);
#822=FACE_OUTER_BOUND('',#1360,.T.);
#823=FACE_OUTER_BOUND('',#1361,.T.);
#824=FACE_OUTER_BOUND('',#1362,.T.);
#825=FACE_OUTER_BOUND('',#1363,.T.);
#826=FACE_OUTER_BOUND('',#1364,.T.);
#827=FACE_OUTER_BOUND('',#1365,.T.);
#828=FACE_OUTER_BOUND('',#1366,.T.);
#829=FACE_OUTER_BOUND('',#1368,.T.);
#830=FACE_OUTER_BOUND('',#1370,.T.);
#831=FACE_OUTER_BOUND('',#1371,.T.);
#832=FACE_OUTER_BOUND('',#1372,.T.);
#833=FACE_OUTER_BOUND('',#1373,.T.);
#834=FACE_OUTER_BOUND('',#1374,.T.);
#835=FACE_OUTER_BOUND('',#1375,.T.);
#836=FACE_OUTER_BOUND('',#1376,.T.);
#837=FACE_OUTER_BOUND('',#1377,.T.);
#838=FACE_OUTER_BOUND('',#1379,.T.);
#839=FACE_OUTER_BOUND('',#1381,.T.);
#840=FACE_OUTER_BOUND('',#1382,.T.);
#841=FACE_OUTER_BOUND('',#1383,.T.);
#842=FACE_OUTER_BOUND('',#1384,.T.);
#843=FACE_OUTER_BOUND('',#1385,.T.);
#844=FACE_OUTER_BOUND('',#1386,.T.);
#845=FACE_OUTER_BOUND('',#1387,.T.);
#846=FACE_OUTER_BOUND('',#1388,.T.);
#847=FACE_OUTER_BOUND('',#1390,.T.);
#848=FACE_OUTER_BOUND('',#1392,.T.);
#849=FACE_OUTER_BOUND('',#1393,.T.);
#850=FACE_OUTER_BOUND('',#1394,.T.);
#851=FACE_OUTER_BOUND('',#1395,.T.);
#852=FACE_OUTER_BOUND('',#1396,.T.);
#853=FACE_OUTER_BOUND('',#1397,.T.);
#854=FACE_OUTER_BOUND('',#1398,.T.);
#855=FACE_OUTER_BOUND('',#1399,.T.);
#856=FACE_OUTER_BOUND('',#1401,.T.);
#857=FACE_OUTER_BOUND('',#1403,.T.);
#858=FACE_OUTER_BOUND('',#1404,.T.);
#859=FACE_OUTER_BOUND('',#1405,.T.);
#860=FACE_OUTER_BOUND('',#1406,.T.);
#861=FACE_OUTER_BOUND('',#1407,.T.);
#862=FACE_OUTER_BOUND('',#1408,.T.);
#863=FACE_OUTER_BOUND('',#1409,.T.);
#864=FACE_OUTER_BOUND('',#1410,.T.);
#865=FACE_OUTER_BOUND('',#1412,.T.);
#866=FACE_OUTER_BOUND('',#1414,.T.);
#867=FACE_OUTER_BOUND('',#1415,.T.);
#868=FACE_OUTER_BOUND('',#1416,.T.);
#869=FACE_OUTER_BOUND('',#1417,.T.);
#870=FACE_OUTER_BOUND('',#1418,.T.);
#871=FACE_OUTER_BOUND('',#1419,.T.);
#872=FACE_OUTER_BOUND('',#1420,.T.);
#873=FACE_OUTER_BOUND('',#1421,.T.);
#874=FACE_OUTER_BOUND('',#1423,.T.);
#875=FACE_OUTER_BOUND('',#1425,.T.);
#876=FACE_OUTER_BOUND('',#1426,.T.);
#877=FACE_OUTER_BOUND('',#1427,.T.);
#878=FACE_OUTER_BOUND('',#1428,.T.);
#879=FACE_OUTER_BOUND('',#1429,.T.);
#880=FACE_OUTER_BOUND('',#1430,.T.);
#881=FACE_OUTER_BOUND('',#1431,.T.);
#882=FACE_OUTER_BOUND('',#1432,.T.);
#883=FACE_OUTER_BOUND('',#1434,.T.);
#884=FACE_OUTER_BOUND('',#1436,.T.);
#885=FACE_OUTER_BOUND('',#1437,.T.);
#886=FACE_OUTER_BOUND('',#1438,.T.);
#887=FACE_OUTER_BOUND('',#1439,.T.);
#888=FACE_OUTER_BOUND('',#1440,.T.);
#889=FACE_OUTER_BOUND('',#1441,.T.);
#890=FACE_OUTER_BOUND('',#1442,.T.);
#891=FACE_OUTER_BOUND('',#1443,.T.);
#892=FACE_OUTER_BOUND('',#1445,.T.);
#893=FACE_OUTER_BOUND('',#1447,.T.);
#894=FACE_OUTER_BOUND('',#1448,.T.);
#895=FACE_OUTER_BOUND('',#1449,.T.);
#896=FACE_OUTER_BOUND('',#1450,.T.);
#897=FACE_OUTER_BOUND('',#1451,.T.);
#898=FACE_OUTER_BOUND('',#1452,.T.);
#899=FACE_OUTER_BOUND('',#1453,.T.);
#900=FACE_OUTER_BOUND('',#1454,.T.);
#901=FACE_OUTER_BOUND('',#1456,.T.);
#902=FACE_OUTER_BOUND('',#1458,.T.);
#903=FACE_OUTER_BOUND('',#1459,.T.);
#904=FACE_OUTER_BOUND('',#1460,.T.);
#905=FACE_OUTER_BOUND('',#1461,.T.);
#906=FACE_OUTER_BOUND('',#1462,.T.);
#907=FACE_OUTER_BOUND('',#1463,.T.);
#908=FACE_OUTER_BOUND('',#1464,.T.);
#909=FACE_OUTER_BOUND('',#1465,.T.);
#910=FACE_OUTER_BOUND('',#1467,.T.);
#911=FACE_OUTER_BOUND('',#1469,.T.);
#912=FACE_OUTER_BOUND('',#1470,.T.);
#913=FACE_OUTER_BOUND('',#1471,.T.);
#914=FACE_OUTER_BOUND('',#1472,.T.);
#915=FACE_OUTER_BOUND('',#1473,.T.);
#916=FACE_OUTER_BOUND('',#1474,.T.);
#917=FACE_OUTER_BOUND('',#1475,.T.);
#918=FACE_OUTER_BOUND('',#1476,.T.);
#919=FACE_OUTER_BOUND('',#1478,.T.);
#920=FACE_OUTER_BOUND('',#1480,.T.);
#921=FACE_OUTER_BOUND('',#1481,.T.);
#922=FACE_OUTER_BOUND('',#1482,.T.);
#923=FACE_OUTER_BOUND('',#1483,.T.);
#924=FACE_OUTER_BOUND('',#1484,.T.);
#925=FACE_OUTER_BOUND('',#1485,.T.);
#926=FACE_OUTER_BOUND('',#1486,.T.);
#927=FACE_OUTER_BOUND('',#1487,.T.);
#928=FACE_OUTER_BOUND('',#1489,.T.);
#929=FACE_OUTER_BOUND('',#1491,.T.);
#930=FACE_OUTER_BOUND('',#1492,.T.);
#931=FACE_OUTER_BOUND('',#1493,.T.);
#932=FACE_OUTER_BOUND('',#1494,.T.);
#933=FACE_OUTER_BOUND('',#1495,.T.);
#934=FACE_OUTER_BOUND('',#1496,.T.);
#935=FACE_OUTER_BOUND('',#1497,.T.);
#936=FACE_OUTER_BOUND('',#1498,.T.);
#937=FACE_OUTER_BOUND('',#1500,.T.);
#938=FACE_OUTER_BOUND('',#1502,.T.);
#939=FACE_OUTER_BOUND('',#1503,.T.);
#940=FACE_OUTER_BOUND('',#1504,.T.);
#941=FACE_OUTER_BOUND('',#1505,.T.);
#942=FACE_OUTER_BOUND('',#1506,.T.);
#943=FACE_OUTER_BOUND('',#1507,.T.);
#944=FACE_OUTER_BOUND('',#1508,.T.);
#945=FACE_OUTER_BOUND('',#1509,.T.);
#946=FACE_OUTER_BOUND('',#1511,.T.);
#947=FACE_OUTER_BOUND('',#1513,.T.);
#948=FACE_OUTER_BOUND('',#1514,.T.);
#949=FACE_OUTER_BOUND('',#1515,.T.);
#950=FACE_OUTER_BOUND('',#1516,.T.);
#951=FACE_OUTER_BOUND('',#1517,.T.);
#952=FACE_OUTER_BOUND('',#1518,.T.);
#953=FACE_OUTER_BOUND('',#1519,.T.);
#954=FACE_OUTER_BOUND('',#1520,.T.);
#955=FACE_OUTER_BOUND('',#1522,.T.);
#956=FACE_OUTER_BOUND('',#1524,.T.);
#957=FACE_OUTER_BOUND('',#1525,.T.);
#958=FACE_OUTER_BOUND('',#1526,.T.);
#959=FACE_OUTER_BOUND('',#1527,.T.);
#960=FACE_OUTER_BOUND('',#1528,.T.);
#961=FACE_OUTER_BOUND('',#1529,.T.);
#962=FACE_OUTER_BOUND('',#1530,.T.);
#963=FACE_OUTER_BOUND('',#1531,.T.);
#964=FACE_OUTER_BOUND('',#1533,.T.);
#965=FACE_OUTER_BOUND('',#1535,.T.);
#966=FACE_OUTER_BOUND('',#1536,.T.);
#967=FACE_OUTER_BOUND('',#1537,.T.);
#968=FACE_OUTER_BOUND('',#1538,.T.);
#969=FACE_OUTER_BOUND('',#1539,.T.);
#970=FACE_OUTER_BOUND('',#1540,.T.);
#971=FACE_OUTER_BOUND('',#1541,.T.);
#972=FACE_OUTER_BOUND('',#1542,.T.);
#973=FACE_OUTER_BOUND('',#1544,.T.);
#974=FACE_OUTER_BOUND('',#1546,.T.);
#975=FACE_OUTER_BOUND('',#1547,.T.);
#976=FACE_OUTER_BOUND('',#1548,.T.);
#977=FACE_OUTER_BOUND('',#1549,.T.);
#978=FACE_OUTER_BOUND('',#1550,.T.);
#979=FACE_OUTER_BOUND('',#1551,.T.);
#980=FACE_OUTER_BOUND('',#1552,.T.);
#981=FACE_OUTER_BOUND('',#1553,.T.);
#982=FACE_OUTER_BOUND('',#1555,.T.);
#983=FACE_OUTER_BOUND('',#1557,.T.);
#984=FACE_OUTER_BOUND('',#1558,.T.);
#985=FACE_OUTER_BOUND('',#1559,.T.);
#986=FACE_OUTER_BOUND('',#1560,.T.);
#987=FACE_OUTER_BOUND('',#1561,.T.);
#988=FACE_OUTER_BOUND('',#1562,.T.);
#989=FACE_OUTER_BOUND('',#1563,.T.);
#990=FACE_OUTER_BOUND('',#1564,.T.);
#991=FACE_OUTER_BOUND('',#1565,.T.);
#992=FACE_OUTER_BOUND('',#1566,.T.);
#993=FACE_OUTER_BOUND('',#1567,.T.);
#994=FACE_OUTER_BOUND('',#1568,.T.);
#995=FACE_OUTER_BOUND('',#1569,.T.);
#996=FACE_OUTER_BOUND('',#1570,.T.);
#997=FACE_OUTER_BOUND('',#1571,.T.);
#998=FACE_OUTER_BOUND('',#1572,.T.);
#999=FACE_OUTER_BOUND('',#1573,.T.);
#1000=FACE_OUTER_BOUND('',#1574,.T.);
#1001=FACE_OUTER_BOUND('',#1575,.T.);
#1002=FACE_OUTER_BOUND('',#1576,.T.);
#1003=FACE_OUTER_BOUND('',#1577,.T.);
#1004=FACE_OUTER_BOUND('',#1578,.T.);
#1005=FACE_OUTER_BOUND('',#1579,.T.);
#1006=FACE_OUTER_BOUND('',#1580,.T.);
#1007=FACE_OUTER_BOUND('',#1581,.T.);
#1008=FACE_OUTER_BOUND('',#1582,.T.);
#1009=FACE_OUTER_BOUND('',#1583,.T.);
#1010=FACE_OUTER_BOUND('',#1584,.T.);
#1011=FACE_OUTER_BOUND('',#1585,.T.);
#1012=FACE_OUTER_BOUND('',#1586,.T.);
#1013=FACE_OUTER_BOUND('',#1587,.T.);
#1014=FACE_OUTER_BOUND('',#1588,.T.);
#1015=FACE_OUTER_BOUND('',#1589,.T.);
#1016=FACE_OUTER_BOUND('',#1590,.T.);
#1017=FACE_OUTER_BOUND('',#1591,.T.);
#1018=FACE_OUTER_BOUND('',#1592,.T.);
#1019=FACE_OUTER_BOUND('',#1593,.T.);
#1020=FACE_OUTER_BOUND('',#1594,.T.);
#1021=FACE_OUTER_BOUND('',#1595,.T.);
#1022=FACE_OUTER_BOUND('',#1596,.T.);
#1023=FACE_OUTER_BOUND('',#1597,.T.);
#1024=FACE_OUTER_BOUND('',#1598,.T.);
#1025=FACE_OUTER_BOUND('',#1599,.T.);
#1026=FACE_OUTER_BOUND('',#1600,.T.);
#1027=FACE_OUTER_BOUND('',#1601,.T.);
#1028=FACE_OUTER_BOUND('',#1602,.T.);
#1029=FACE_OUTER_BOUND('',#1603,.T.);
#1030=FACE_OUTER_BOUND('',#1604,.T.);
#1031=FACE_OUTER_BOUND('',#1605,.T.);
#1032=FACE_OUTER_BOUND('',#1606,.T.);
#1033=FACE_OUTER_BOUND('',#1607,.T.);
#1034=FACE_OUTER_BOUND('',#1608,.T.);
#1035=FACE_OUTER_BOUND('',#1609,.T.);
#1036=FACE_OUTER_BOUND('',#1610,.T.);
#1037=FACE_OUTER_BOUND('',#1649,.T.);
#1038=FACE_OUTER_BOUND('',#1650,.T.);
#1039=FACE_OUTER_BOUND('',#1651,.T.);
#1040=FACE_OUTER_BOUND('',#1683,.T.);
#1041=FACE_OUTER_BOUND('',#1684,.T.);
#1042=FACE_OUTER_BOUND('',#1685,.T.);
#1043=FACE_OUTER_BOUND('',#1686,.T.);
#1044=FACE_OUTER_BOUND('',#1687,.T.);
#1045=FACE_OUTER_BOUND('',#1688,.T.);
#1046=FACE_OUTER_BOUND('',#1689,.T.);
#1047=FACE_OUTER_BOUND('',#1690,.T.);
#1048=FACE_OUTER_BOUND('',#1691,.T.);
#1049=FACE_OUTER_BOUND('',#1692,.T.);
#1050=FACE_OUTER_BOUND('',#1693,.T.);
#1051=FACE_OUTER_BOUND('',#1699,.T.);
#1052=FACE_OUTER_BOUND('',#1700,.T.);
#1053=FACE_OUTER_BOUND('',#1701,.T.);
#1054=FACE_OUTER_BOUND('',#1702,.T.);
#1055=FACE_OUTER_BOUND('',#1703,.T.);
#1056=FACE_OUTER_BOUND('',#1704,.T.);
#1057=FACE_OUTER_BOUND('',#1705,.T.);
#1058=FACE_OUTER_BOUND('',#1706,.T.);
#1059=FACE_OUTER_BOUND('',#1707,.T.);
#1060=FACE_OUTER_BOUND('',#1708,.T.);
#1061=FACE_OUTER_BOUND('',#1709,.T.);
#1062=FACE_OUTER_BOUND('',#1710,.T.);
#1063=FACE_OUTER_BOUND('',#1711,.T.);
#1064=FACE_OUTER_BOUND('',#1712,.T.);
#1065=FACE_OUTER_BOUND('',#1713,.T.);
#1066=FACE_OUTER_BOUND('',#1714,.T.);
#1067=FACE_OUTER_BOUND('',#1715,.T.);
#1068=FACE_OUTER_BOUND('',#1716,.T.);
#1069=FACE_OUTER_BOUND('',#1717,.T.);
#1070=FACE_OUTER_BOUND('',#1718,.T.);
#1071=FACE_OUTER_BOUND('',#1719,.T.);
#1072=FACE_OUTER_BOUND('',#1720,.T.);
#1073=FACE_OUTER_BOUND('',#1721,.T.);
#1074=FACE_OUTER_BOUND('',#1722,.T.);
#1075=FACE_OUTER_BOUND('',#1723,.T.);
#1076=FACE_OUTER_BOUND('',#1724,.T.);
#1077=FACE_OUTER_BOUND('',#1725,.T.);
#1078=FACE_OUTER_BOUND('',#1726,.T.);
#1079=FACE_OUTER_BOUND('',#1727,.T.);
#1080=FACE_OUTER_BOUND('',#1728,.T.);
#1081=FACE_OUTER_BOUND('',#1729,.T.);
#1082=FACE_OUTER_BOUND('',#1730,.T.);
#1083=FACE_OUTER_BOUND('',#1731,.T.);
#1084=FACE_OUTER_BOUND('',#1732,.T.);
#1085=FACE_OUTER_BOUND('',#1733,.T.);
#1086=FACE_OUTER_BOUND('',#1734,.T.);
#1087=FACE_OUTER_BOUND('',#1735,.T.);
#1088=FACE_OUTER_BOUND('',#1736,.T.);
#1089=FACE_OUTER_BOUND('',#1737,.T.);
#1090=FACE_OUTER_BOUND('',#1738,.T.);
#1091=FACE_OUTER_BOUND('',#1739,.T.);
#1092=FACE_OUTER_BOUND('',#1740,.T.);
#1093=FACE_OUTER_BOUND('',#1741,.T.);
#1094=FACE_OUTER_BOUND('',#1742,.T.);
#1095=FACE_OUTER_BOUND('',#1743,.T.);
#1096=FACE_OUTER_BOUND('',#1744,.T.);
#1097=FACE_OUTER_BOUND('',#1745,.T.);
#1098=FACE_OUTER_BOUND('',#1746,.T.);
#1099=FACE_OUTER_BOUND('',#1747,.T.);
#1100=FACE_OUTER_BOUND('',#1748,.T.);
#1101=FACE_OUTER_BOUND('',#1749,.T.);
#1102=FACE_OUTER_BOUND('',#1750,.T.);
#1103=FACE_OUTER_BOUND('',#1751,.T.);
#1104=FACE_OUTER_BOUND('',#1752,.T.);
#1105=FACE_OUTER_BOUND('',#1753,.T.);
#1106=FACE_OUTER_BOUND('',#1754,.T.);
#1107=FACE_OUTER_BOUND('',#1755,.T.);
#1108=FACE_OUTER_BOUND('',#1756,.T.);
#1109=FACE_OUTER_BOUND('',#1757,.T.);
#1110=FACE_OUTER_BOUND('',#1758,.T.);
#1111=FACE_OUTER_BOUND('',#1759,.T.);
#1112=FACE_OUTER_BOUND('',#1760,.T.);
#1113=FACE_OUTER_BOUND('',#1761,.T.);
#1114=FACE_OUTER_BOUND('',#1762,.T.);
#1115=FACE_OUTER_BOUND('',#1763,.T.);
#1116=FACE_OUTER_BOUND('',#1764,.T.);
#1117=FACE_OUTER_BOUND('',#1765,.T.);
#1118=FACE_OUTER_BOUND('',#1766,.T.);
#1119=FACE_OUTER_BOUND('',#1767,.T.);
#1120=FACE_OUTER_BOUND('',#1768,.T.);
#1121=FACE_OUTER_BOUND('',#1769,.T.);
#1122=FACE_OUTER_BOUND('',#1770,.T.);
#1123=FACE_OUTER_BOUND('',#1771,.T.);
#1124=FACE_OUTER_BOUND('',#1772,.T.);
#1125=FACE_OUTER_BOUND('',#1773,.T.);
#1126=FACE_OUTER_BOUND('',#1774,.T.);
#1127=FACE_OUTER_BOUND('',#1775,.T.);
#1128=FACE_OUTER_BOUND('',#1776,.T.);
#1129=FACE_OUTER_BOUND('',#1777,.T.);
#1130=FACE_OUTER_BOUND('',#1778,.T.);
#1131=FACE_OUTER_BOUND('',#1779,.T.);
#1132=FACE_OUTER_BOUND('',#1780,.T.);
#1133=FACE_OUTER_BOUND('',#1781,.T.);
#1134=FACE_OUTER_BOUND('',#1782,.T.);
#1135=FACE_OUTER_BOUND('',#1783,.T.);
#1136=FACE_OUTER_BOUND('',#1784,.T.);
#1137=FACE_OUTER_BOUND('',#1785,.T.);
#1138=FACE_OUTER_BOUND('',#1786,.T.);
#1139=FACE_OUTER_BOUND('',#1787,.T.);
#1140=FACE_OUTER_BOUND('',#1788,.T.);
#1141=FACE_OUTER_BOUND('',#1789,.T.);
#1142=FACE_OUTER_BOUND('',#1790,.T.);
#1143=FACE_OUTER_BOUND('',#1791,.T.);
#1144=FACE_OUTER_BOUND('',#1792,.T.);
#1145=FACE_OUTER_BOUND('',#1793,.T.);
#1146=FACE_OUTER_BOUND('',#1794,.T.);
#1147=FACE_OUTER_BOUND('',#1795,.T.);
#1148=FACE_OUTER_BOUND('',#1796,.T.);
#1149=FACE_OUTER_BOUND('',#1797,.T.);
#1150=FACE_OUTER_BOUND('',#1798,.T.);
#1151=FACE_OUTER_BOUND('',#1799,.T.);
#1152=FACE_OUTER_BOUND('',#1800,.T.);
#1153=FACE_OUTER_BOUND('',#1801,.T.);
#1154=FACE_OUTER_BOUND('',#1802,.T.);
#1155=FACE_OUTER_BOUND('',#1803,.T.);
#1156=FACE_OUTER_BOUND('',#1804,.T.);
#1157=FACE_OUTER_BOUND('',#1805,.T.);
#1158=FACE_OUTER_BOUND('',#1806,.T.);
#1159=FACE_OUTER_BOUND('',#1807,.T.);
#1160=FACE_OUTER_BOUND('',#1808,.T.);
#1161=FACE_OUTER_BOUND('',#1809,.T.);
#1162=FACE_OUTER_BOUND('',#1810,.T.);
#1163=FACE_OUTER_BOUND('',#1811,.T.);
#1164=FACE_OUTER_BOUND('',#1812,.T.);
#1165=FACE_OUTER_BOUND('',#1813,.T.);
#1166=FACE_OUTER_BOUND('',#1814,.T.);
#1167=FACE_OUTER_BOUND('',#1815,.T.);
#1168=FACE_OUTER_BOUND('',#1816,.T.);
#1169=FACE_OUTER_BOUND('',#1817,.T.);
#1170=FACE_OUTER_BOUND('',#1818,.T.);
#1171=FACE_OUTER_BOUND('',#1819,.T.);
#1172=FACE_OUTER_BOUND('',#1820,.T.);
#1173=FACE_OUTER_BOUND('',#1821,.T.);
#1174=FACE_OUTER_BOUND('',#1822,.T.);
#1175=FACE_OUTER_BOUND('',#1823,.T.);
#1176=FACE_OUTER_BOUND('',#1824,.T.);
#1177=FACE_OUTER_BOUND('',#1825,.T.);
#1178=FACE_OUTER_BOUND('',#1826,.T.);
#1179=FACE_OUTER_BOUND('',#1827,.T.);
#1180=FACE_OUTER_BOUND('',#1828,.T.);
#1181=FACE_OUTER_BOUND('',#1829,.T.);
#1182=FACE_OUTER_BOUND('',#1830,.T.);
#1183=FACE_OUTER_BOUND('',#1831,.T.);
#1184=FACE_OUTER_BOUND('',#1832,.T.);
#1185=FACE_OUTER_BOUND('',#1833,.T.);
#1186=FACE_OUTER_BOUND('',#1834,.T.);
#1187=FACE_OUTER_BOUND('',#1835,.T.);
#1188=FACE_OUTER_BOUND('',#1836,.T.);
#1189=FACE_OUTER_BOUND('',#1837,.T.);
#1190=FACE_OUTER_BOUND('',#1838,.T.);
#1191=FACE_OUTER_BOUND('',#1839,.T.);
#1192=FACE_OUTER_BOUND('',#1840,.T.);
#1193=FACE_OUTER_BOUND('',#1841,.T.);
#1194=FACE_OUTER_BOUND('',#1842,.T.);
#1195=FACE_OUTER_BOUND('',#1843,.T.);
#1196=FACE_OUTER_BOUND('',#1844,.T.);
#1197=FACE_OUTER_BOUND('',#1845,.T.);
#1198=FACE_OUTER_BOUND('',#1846,.T.);
#1199=FACE_OUTER_BOUND('',#1847,.T.);
#1200=FACE_OUTER_BOUND('',#1848,.T.);
#1201=FACE_OUTER_BOUND('',#1849,.T.);
#1202=FACE_OUTER_BOUND('',#1850,.T.);
#1203=FACE_OUTER_BOUND('',#1851,.T.);
#1204=FACE_OUTER_BOUND('',#1852,.T.);
#1205=FACE_OUTER_BOUND('',#1853,.T.);
#1206=FACE_OUTER_BOUND('',#1854,.T.);
#1207=FACE_OUTER_BOUND('',#1855,.T.);
#1208=FACE_OUTER_BOUND('',#1856,.T.);
#1209=FACE_OUTER_BOUND('',#1857,.T.);
#1210=FACE_OUTER_BOUND('',#1858,.T.);
#1211=FACE_OUTER_BOUND('',#1859,.T.);
#1212=FACE_OUTER_BOUND('',#1860,.T.);
#1213=FACE_OUTER_BOUND('',#1861,.T.);
#1214=FACE_OUTER_BOUND('',#1862,.T.);
#1215=FACE_OUTER_BOUND('',#1863,.T.);
#1216=FACE_OUTER_BOUND('',#1864,.T.);
#1217=FACE_OUTER_BOUND('',#1865,.T.);
#1218=FACE_OUTER_BOUND('',#1866,.T.);
#1219=FACE_OUTER_BOUND('',#1867,.T.);
#1220=FACE_OUTER_BOUND('',#1868,.T.);
#1221=FACE_OUTER_BOUND('',#1869,.T.);
#1222=FACE_OUTER_BOUND('',#1870,.T.);
#1223=FACE_OUTER_BOUND('',#1871,.T.);
#1224=FACE_OUTER_BOUND('',#1872,.T.);
#1225=FACE_OUTER_BOUND('',#1873,.T.);
#1226=FACE_OUTER_BOUND('',#1874,.T.);
#1227=EDGE_LOOP('',(#6569,#6570,#6571,#6572));
#1228=EDGE_LOOP('',(#6573,#6574,#6575,#6576));
#1229=EDGE_LOOP('',(#6577,#6578,#6579,#6580));
#1230=EDGE_LOOP('',(#6581,#6582,#6583,#6584));
#1231=EDGE_LOOP('',(#6585,#6586,#6587,#6588));
#1232=EDGE_LOOP('',(#6589,#6590,#6591,#6592));
#1233=EDGE_LOOP('',(#6593,#6594,#6595,#6596));
#1234=EDGE_LOOP('',(#6597,#6598,#6599,#6600,#6601,#6602));
#1235=EDGE_LOOP('',(#6603));
#1236=EDGE_LOOP('',(#6604,#6605,#6606,#6607,#6608,#6609));
#1237=EDGE_LOOP('',(#6610));
#1238=EDGE_LOOP('',(#6611,#6612,#6613,#6614));
#1239=EDGE_LOOP('',(#6615,#6616,#6617,#6618));
#1240=EDGE_LOOP('',(#6619,#6620,#6621,#6622));
#1241=EDGE_LOOP('',(#6623,#6624,#6625,#6626));
#1242=EDGE_LOOP('',(#6627,#6628,#6629,#6630));
#1243=EDGE_LOOP('',(#6631,#6632,#6633,#6634));
#1244=EDGE_LOOP('',(#6635,#6636,#6637,#6638));
#1245=EDGE_LOOP('',(#6639,#6640,#6641,#6642,#6643,#6644));
#1246=EDGE_LOOP('',(#6645));
#1247=EDGE_LOOP('',(#6646,#6647,#6648,#6649,#6650,#6651));
#1248=EDGE_LOOP('',(#6652));
#1249=EDGE_LOOP('',(#6653,#6654,#6655,#6656));
#1250=EDGE_LOOP('',(#6657,#6658,#6659,#6660));
#1251=EDGE_LOOP('',(#6661,#6662,#6663,#6664));
#1252=EDGE_LOOP('',(#6665,#6666,#6667,#6668));
#1253=EDGE_LOOP('',(#6669,#6670,#6671,#6672));
#1254=EDGE_LOOP('',(#6673,#6674,#6675,#6676));
#1255=EDGE_LOOP('',(#6677,#6678,#6679,#6680));
#1256=EDGE_LOOP('',(#6681,#6682,#6683,#6684,#6685,#6686));
#1257=EDGE_LOOP('',(#6687));
#1258=EDGE_LOOP('',(#6688,#6689,#6690,#6691,#6692,#6693));
#1259=EDGE_LOOP('',(#6694));
#1260=EDGE_LOOP('',(#6695,#6696,#6697,#6698));
#1261=EDGE_LOOP('',(#6699,#6700,#6701,#6702));
#1262=EDGE_LOOP('',(#6703,#6704,#6705,#6706));
#1263=EDGE_LOOP('',(#6707,#6708,#6709,#6710));
#1264=EDGE_LOOP('',(#6711,#6712,#6713,#6714));
#1265=EDGE_LOOP('',(#6715,#6716,#6717,#6718));
#1266=EDGE_LOOP('',(#6719,#6720,#6721,#6722));
#1267=EDGE_LOOP('',(#6723,#6724,#6725,#6726,#6727,#6728));
#1268=EDGE_LOOP('',(#6729));
#1269=EDGE_LOOP('',(#6730,#6731,#6732,#6733,#6734,#6735));
#1270=EDGE_LOOP('',(#6736));
#1271=EDGE_LOOP('',(#6737,#6738,#6739,#6740));
#1272=EDGE_LOOP('',(#6741,#6742,#6743,#6744));
#1273=EDGE_LOOP('',(#6745,#6746,#6747,#6748));
#1274=EDGE_LOOP('',(#6749,#6750,#6751,#6752));
#1275=EDGE_LOOP('',(#6753,#6754,#6755,#6756));
#1276=EDGE_LOOP('',(#6757,#6758,#6759,#6760));
#1277=EDGE_LOOP('',(#6761,#6762,#6763,#6764));
#1278=EDGE_LOOP('',(#6765,#6766,#6767,#6768,#6769,#6770));
#1279=EDGE_LOOP('',(#6771));
#1280=EDGE_LOOP('',(#6772,#6773,#6774,#6775,#6776,#6777));
#1281=EDGE_LOOP('',(#6778));
#1282=EDGE_LOOP('',(#6779,#6780,#6781,#6782));
#1283=EDGE_LOOP('',(#6783,#6784,#6785,#6786));
#1284=EDGE_LOOP('',(#6787,#6788,#6789,#6790));
#1285=EDGE_LOOP('',(#6791,#6792,#6793,#6794));
#1286=EDGE_LOOP('',(#6795,#6796,#6797,#6798));
#1287=EDGE_LOOP('',(#6799,#6800,#6801,#6802));
#1288=EDGE_LOOP('',(#6803,#6804,#6805,#6806));
#1289=EDGE_LOOP('',(#6807,#6808,#6809,#6810,#6811,#6812));
#1290=EDGE_LOOP('',(#6813));
#1291=EDGE_LOOP('',(#6814,#6815,#6816,#6817,#6818,#6819));
#1292=EDGE_LOOP('',(#6820));
#1293=EDGE_LOOP('',(#6821,#6822,#6823,#6824));
#1294=EDGE_LOOP('',(#6825,#6826,#6827,#6828));
#1295=EDGE_LOOP('',(#6829,#6830,#6831,#6832));
#1296=EDGE_LOOP('',(#6833,#6834,#6835,#6836));
#1297=EDGE_LOOP('',(#6837,#6838,#6839,#6840));
#1298=EDGE_LOOP('',(#6841,#6842,#6843,#6844));
#1299=EDGE_LOOP('',(#6845,#6846,#6847,#6848));
#1300=EDGE_LOOP('',(#6849,#6850,#6851,#6852,#6853,#6854));
#1301=EDGE_LOOP('',(#6855));
#1302=EDGE_LOOP('',(#6856,#6857,#6858,#6859,#6860,#6861));
#1303=EDGE_LOOP('',(#6862));
#1304=EDGE_LOOP('',(#6863,#6864,#6865,#6866));
#1305=EDGE_LOOP('',(#6867,#6868,#6869,#6870));
#1306=EDGE_LOOP('',(#6871,#6872,#6873,#6874));
#1307=EDGE_LOOP('',(#6875,#6876,#6877,#6878));
#1308=EDGE_LOOP('',(#6879,#6880,#6881,#6882));
#1309=EDGE_LOOP('',(#6883,#6884,#6885,#6886));
#1310=EDGE_LOOP('',(#6887,#6888,#6889,#6890));
#1311=EDGE_LOOP('',(#6891,#6892,#6893,#6894,#6895,#6896));
#1312=EDGE_LOOP('',(#6897));
#1313=EDGE_LOOP('',(#6898,#6899,#6900,#6901,#6902,#6903));
#1314=EDGE_LOOP('',(#6904));
#1315=EDGE_LOOP('',(#6905,#6906,#6907,#6908));
#1316=EDGE_LOOP('',(#6909,#6910,#6911,#6912));
#1317=EDGE_LOOP('',(#6913,#6914,#6915,#6916));
#1318=EDGE_LOOP('',(#6917,#6918,#6919,#6920));
#1319=EDGE_LOOP('',(#6921,#6922,#6923,#6924));
#1320=EDGE_LOOP('',(#6925,#6926,#6927,#6928));
#1321=EDGE_LOOP('',(#6929,#6930,#6931,#6932));
#1322=EDGE_LOOP('',(#6933,#6934,#6935,#6936,#6937,#6938));
#1323=EDGE_LOOP('',(#6939));
#1324=EDGE_LOOP('',(#6940,#6941,#6942,#6943,#6944,#6945));
#1325=EDGE_LOOP('',(#6946));
#1326=EDGE_LOOP('',(#6947,#6948,#6949,#6950));
#1327=EDGE_LOOP('',(#6951,#6952,#6953,#6954));
#1328=EDGE_LOOP('',(#6955,#6956,#6957,#6958));
#1329=EDGE_LOOP('',(#6959,#6960,#6961,#6962));
#1330=EDGE_LOOP('',(#6963,#6964,#6965,#6966));
#1331=EDGE_LOOP('',(#6967,#6968,#6969,#6970));
#1332=EDGE_LOOP('',(#6971,#6972,#6973,#6974));
#1333=EDGE_LOOP('',(#6975,#6976,#6977,#6978,#6979,#6980));
#1334=EDGE_LOOP('',(#6981));
#1335=EDGE_LOOP('',(#6982,#6983,#6984,#6985,#6986,#6987));
#1336=EDGE_LOOP('',(#6988));
#1337=EDGE_LOOP('',(#6989,#6990,#6991,#6992));
#1338=EDGE_LOOP('',(#6993,#6994,#6995,#6996));
#1339=EDGE_LOOP('',(#6997,#6998,#6999,#7000));
#1340=EDGE_LOOP('',(#7001,#7002,#7003,#7004));
#1341=EDGE_LOOP('',(#7005,#7006,#7007,#7008));
#1342=EDGE_LOOP('',(#7009,#7010,#7011,#7012));
#1343=EDGE_LOOP('',(#7013,#7014,#7015,#7016));
#1344=EDGE_LOOP('',(#7017,#7018,#7019,#7020,#7021,#7022));
#1345=EDGE_LOOP('',(#7023));
#1346=EDGE_LOOP('',(#7024,#7025,#7026,#7027,#7028,#7029));
#1347=EDGE_LOOP('',(#7030));
#1348=EDGE_LOOP('',(#7031,#7032,#7033,#7034));
#1349=EDGE_LOOP('',(#7035,#7036,#7037,#7038));
#1350=EDGE_LOOP('',(#7039,#7040,#7041,#7042));
#1351=EDGE_LOOP('',(#7043,#7044,#7045,#7046));
#1352=EDGE_LOOP('',(#7047,#7048,#7049,#7050));
#1353=EDGE_LOOP('',(#7051,#7052,#7053,#7054));
#1354=EDGE_LOOP('',(#7055,#7056,#7057,#7058));
#1355=EDGE_LOOP('',(#7059,#7060,#7061,#7062,#7063,#7064));
#1356=EDGE_LOOP('',(#7065));
#1357=EDGE_LOOP('',(#7066,#7067,#7068,#7069,#7070,#7071));
#1358=EDGE_LOOP('',(#7072));
#1359=EDGE_LOOP('',(#7073,#7074,#7075,#7076));
#1360=EDGE_LOOP('',(#7077,#7078,#7079,#7080));
#1361=EDGE_LOOP('',(#7081,#7082,#7083,#7084));
#1362=EDGE_LOOP('',(#7085,#7086,#7087,#7088));
#1363=EDGE_LOOP('',(#7089,#7090,#7091,#7092));
#1364=EDGE_LOOP('',(#7093,#7094,#7095,#7096));
#1365=EDGE_LOOP('',(#7097,#7098,#7099,#7100));
#1366=EDGE_LOOP('',(#7101,#7102,#7103,#7104,#7105,#7106));
#1367=EDGE_LOOP('',(#7107));
#1368=EDGE_LOOP('',(#7108,#7109,#7110,#7111,#7112,#7113));
#1369=EDGE_LOOP('',(#7114));
#1370=EDGE_LOOP('',(#7115,#7116,#7117,#7118));
#1371=EDGE_LOOP('',(#7119,#7120,#7121,#7122));
#1372=EDGE_LOOP('',(#7123,#7124,#7125,#7126));
#1373=EDGE_LOOP('',(#7127,#7128,#7129,#7130));
#1374=EDGE_LOOP('',(#7131,#7132,#7133,#7134));
#1375=EDGE_LOOP('',(#7135,#7136,#7137,#7138));
#1376=EDGE_LOOP('',(#7139,#7140,#7141,#7142));
#1377=EDGE_LOOP('',(#7143,#7144,#7145,#7146,#7147,#7148));
#1378=EDGE_LOOP('',(#7149));
#1379=EDGE_LOOP('',(#7150,#7151,#7152,#7153,#7154,#7155));
#1380=EDGE_LOOP('',(#7156));
#1381=EDGE_LOOP('',(#7157,#7158,#7159,#7160));
#1382=EDGE_LOOP('',(#7161,#7162,#7163,#7164));
#1383=EDGE_LOOP('',(#7165,#7166,#7167,#7168));
#1384=EDGE_LOOP('',(#7169,#7170,#7171,#7172));
#1385=EDGE_LOOP('',(#7173,#7174,#7175,#7176));
#1386=EDGE_LOOP('',(#7177,#7178,#7179,#7180));
#1387=EDGE_LOOP('',(#7181,#7182,#7183,#7184));
#1388=EDGE_LOOP('',(#7185,#7186,#7187,#7188,#7189,#7190));
#1389=EDGE_LOOP('',(#7191));
#1390=EDGE_LOOP('',(#7192,#7193,#7194,#7195,#7196,#7197));
#1391=EDGE_LOOP('',(#7198));
#1392=EDGE_LOOP('',(#7199,#7200,#7201,#7202));
#1393=EDGE_LOOP('',(#7203,#7204,#7205,#7206));
#1394=EDGE_LOOP('',(#7207,#7208,#7209,#7210));
#1395=EDGE_LOOP('',(#7211,#7212,#7213,#7214));
#1396=EDGE_LOOP('',(#7215,#7216,#7217,#7218));
#1397=EDGE_LOOP('',(#7219,#7220,#7221,#7222));
#1398=EDGE_LOOP('',(#7223,#7224,#7225,#7226));
#1399=EDGE_LOOP('',(#7227,#7228,#7229,#7230,#7231,#7232));
#1400=EDGE_LOOP('',(#7233));
#1401=EDGE_LOOP('',(#7234,#7235,#7236,#7237,#7238,#7239));
#1402=EDGE_LOOP('',(#7240));
#1403=EDGE_LOOP('',(#7241,#7242,#7243,#7244));
#1404=EDGE_LOOP('',(#7245,#7246,#7247,#7248));
#1405=EDGE_LOOP('',(#7249,#7250,#7251,#7252));
#1406=EDGE_LOOP('',(#7253,#7254,#7255,#7256));
#1407=EDGE_LOOP('',(#7257,#7258,#7259,#7260));
#1408=EDGE_LOOP('',(#7261,#7262,#7263,#7264));
#1409=EDGE_LOOP('',(#7265,#7266,#7267,#7268));
#1410=EDGE_LOOP('',(#7269,#7270,#7271,#7272,#7273,#7274));
#1411=EDGE_LOOP('',(#7275));
#1412=EDGE_LOOP('',(#7276,#7277,#7278,#7279,#7280,#7281));
#1413=EDGE_LOOP('',(#7282));
#1414=EDGE_LOOP('',(#7283,#7284,#7285,#7286));
#1415=EDGE_LOOP('',(#7287,#7288,#7289,#7290));
#1416=EDGE_LOOP('',(#7291,#7292,#7293,#7294));
#1417=EDGE_LOOP('',(#7295,#7296,#7297,#7298));
#1418=EDGE_LOOP('',(#7299,#7300,#7301,#7302));
#1419=EDGE_LOOP('',(#7303,#7304,#7305,#7306));
#1420=EDGE_LOOP('',(#7307,#7308,#7309,#7310));
#1421=EDGE_LOOP('',(#7311,#7312,#7313,#7314,#7315,#7316));
#1422=EDGE_LOOP('',(#7317));
#1423=EDGE_LOOP('',(#7318,#7319,#7320,#7321,#7322,#7323));
#1424=EDGE_LOOP('',(#7324));
#1425=EDGE_LOOP('',(#7325,#7326,#7327,#7328));
#1426=EDGE_LOOP('',(#7329,#7330,#7331,#7332));
#1427=EDGE_LOOP('',(#7333,#7334,#7335,#7336));
#1428=EDGE_LOOP('',(#7337,#7338,#7339,#7340));
#1429=EDGE_LOOP('',(#7341,#7342,#7343,#7344));
#1430=EDGE_LOOP('',(#7345,#7346,#7347,#7348));
#1431=EDGE_LOOP('',(#7349,#7350,#7351,#7352));
#1432=EDGE_LOOP('',(#7353,#7354,#7355,#7356,#7357,#7358));
#1433=EDGE_LOOP('',(#7359));
#1434=EDGE_LOOP('',(#7360,#7361,#7362,#7363,#7364,#7365));
#1435=EDGE_LOOP('',(#7366));
#1436=EDGE_LOOP('',(#7367,#7368,#7369,#7370));
#1437=EDGE_LOOP('',(#7371,#7372,#7373,#7374));
#1438=EDGE_LOOP('',(#7375,#7376,#7377,#7378));
#1439=EDGE_LOOP('',(#7379,#7380,#7381,#7382));
#1440=EDGE_LOOP('',(#7383,#7384,#7385,#7386));
#1441=EDGE_LOOP('',(#7387,#7388,#7389,#7390));
#1442=EDGE_LOOP('',(#7391,#7392,#7393,#7394));
#1443=EDGE_LOOP('',(#7395,#7396,#7397,#7398,#7399,#7400));
#1444=EDGE_LOOP('',(#7401));
#1445=EDGE_LOOP('',(#7402,#7403,#7404,#7405,#7406,#7407));
#1446=EDGE_LOOP('',(#7408));
#1447=EDGE_LOOP('',(#7409,#7410,#7411,#7412));
#1448=EDGE_LOOP('',(#7413,#7414,#7415,#7416));
#1449=EDGE_LOOP('',(#7417,#7418,#7419,#7420));
#1450=EDGE_LOOP('',(#7421,#7422,#7423,#7424));
#1451=EDGE_LOOP('',(#7425,#7426,#7427,#7428));
#1452=EDGE_LOOP('',(#7429,#7430,#7431,#7432));
#1453=EDGE_LOOP('',(#7433,#7434,#7435,#7436));
#1454=EDGE_LOOP('',(#7437,#7438,#7439,#7440,#7441,#7442));
#1455=EDGE_LOOP('',(#7443));
#1456=EDGE_LOOP('',(#7444,#7445,#7446,#7447,#7448,#7449));
#1457=EDGE_LOOP('',(#7450));
#1458=EDGE_LOOP('',(#7451,#7452,#7453,#7454));
#1459=EDGE_LOOP('',(#7455,#7456,#7457,#7458));
#1460=EDGE_LOOP('',(#7459,#7460,#7461,#7462));
#1461=EDGE_LOOP('',(#7463,#7464,#7465,#7466));
#1462=EDGE_LOOP('',(#7467,#7468,#7469,#7470));
#1463=EDGE_LOOP('',(#7471,#7472,#7473,#7474));
#1464=EDGE_LOOP('',(#7475,#7476,#7477,#7478));
#1465=EDGE_LOOP('',(#7479,#7480,#7481,#7482,#7483,#7484));
#1466=EDGE_LOOP('',(#7485));
#1467=EDGE_LOOP('',(#7486,#7487,#7488,#7489,#7490,#7491));
#1468=EDGE_LOOP('',(#7492));
#1469=EDGE_LOOP('',(#7493,#7494,#7495,#7496));
#1470=EDGE_LOOP('',(#7497,#7498,#7499,#7500));
#1471=EDGE_LOOP('',(#7501,#7502,#7503,#7504));
#1472=EDGE_LOOP('',(#7505,#7506,#7507,#7508));
#1473=EDGE_LOOP('',(#7509,#7510,#7511,#7512));
#1474=EDGE_LOOP('',(#7513,#7514,#7515,#7516));
#1475=EDGE_LOOP('',(#7517,#7518,#7519,#7520));
#1476=EDGE_LOOP('',(#7521,#7522,#7523,#7524,#7525,#7526));
#1477=EDGE_LOOP('',(#7527));
#1478=EDGE_LOOP('',(#7528,#7529,#7530,#7531,#7532,#7533));
#1479=EDGE_LOOP('',(#7534));
#1480=EDGE_LOOP('',(#7535,#7536,#7537,#7538));
#1481=EDGE_LOOP('',(#7539,#7540,#7541,#7542));
#1482=EDGE_LOOP('',(#7543,#7544,#7545,#7546));
#1483=EDGE_LOOP('',(#7547,#7548,#7549,#7550));
#1484=EDGE_LOOP('',(#7551,#7552,#7553,#7554));
#1485=EDGE_LOOP('',(#7555,#7556,#7557,#7558));
#1486=EDGE_LOOP('',(#7559,#7560,#7561,#7562));
#1487=EDGE_LOOP('',(#7563,#7564,#7565,#7566,#7567,#7568));
#1488=EDGE_LOOP('',(#7569));
#1489=EDGE_LOOP('',(#7570,#7571,#7572,#7573,#7574,#7575));
#1490=EDGE_LOOP('',(#7576));
#1491=EDGE_LOOP('',(#7577,#7578,#7579,#7580));
#1492=EDGE_LOOP('',(#7581,#7582,#7583,#7584));
#1493=EDGE_LOOP('',(#7585,#7586,#7587,#7588));
#1494=EDGE_LOOP('',(#7589,#7590,#7591,#7592));
#1495=EDGE_LOOP('',(#7593,#7594,#7595,#7596));
#1496=EDGE_LOOP('',(#7597,#7598,#7599,#7600));
#1497=EDGE_LOOP('',(#7601,#7602,#7603,#7604));
#1498=EDGE_LOOP('',(#7605,#7606,#7607,#7608,#7609,#7610));
#1499=EDGE_LOOP('',(#7611));
#1500=EDGE_LOOP('',(#7612,#7613,#7614,#7615,#7616,#7617));
#1501=EDGE_LOOP('',(#7618));
#1502=EDGE_LOOP('',(#7619,#7620,#7621,#7622));
#1503=EDGE_LOOP('',(#7623,#7624,#7625,#7626));
#1504=EDGE_LOOP('',(#7627,#7628,#7629,#7630));
#1505=EDGE_LOOP('',(#7631,#7632,#7633,#7634));
#1506=EDGE_LOOP('',(#7635,#7636,#7637,#7638));
#1507=EDGE_LOOP('',(#7639,#7640,#7641,#7642));
#1508=EDGE_LOOP('',(#7643,#7644,#7645,#7646));
#1509=EDGE_LOOP('',(#7647,#7648,#7649,#7650,#7651,#7652));
#1510=EDGE_LOOP('',(#7653));
#1511=EDGE_LOOP('',(#7654,#7655,#7656,#7657,#7658,#7659));
#1512=EDGE_LOOP('',(#7660));
#1513=EDGE_LOOP('',(#7661,#7662,#7663,#7664));
#1514=EDGE_LOOP('',(#7665,#7666,#7667,#7668));
#1515=EDGE_LOOP('',(#7669,#7670,#7671,#7672));
#1516=EDGE_LOOP('',(#7673,#7674,#7675,#7676));
#1517=EDGE_LOOP('',(#7677,#7678,#7679,#7680));
#1518=EDGE_LOOP('',(#7681,#7682,#7683,#7684));
#1519=EDGE_LOOP('',(#7685,#7686,#7687,#7688));
#1520=EDGE_LOOP('',(#7689,#7690,#7691,#7692,#7693,#7694));
#1521=EDGE_LOOP('',(#7695));
#1522=EDGE_LOOP('',(#7696,#7697,#7698,#7699,#7700,#7701));
#1523=EDGE_LOOP('',(#7702));
#1524=EDGE_LOOP('',(#7703,#7704,#7705,#7706));
#1525=EDGE_LOOP('',(#7707,#7708,#7709,#7710));
#1526=EDGE_LOOP('',(#7711,#7712,#7713,#7714));
#1527=EDGE_LOOP('',(#7715,#7716,#7717,#7718));
#1528=EDGE_LOOP('',(#7719,#7720,#7721,#7722));
#1529=EDGE_LOOP('',(#7723,#7724,#7725,#7726));
#1530=EDGE_LOOP('',(#7727,#7728,#7729,#7730));
#1531=EDGE_LOOP('',(#7731,#7732,#7733,#7734,#7735,#7736));
#1532=EDGE_LOOP('',(#7737));
#1533=EDGE_LOOP('',(#7738,#7739,#7740,#7741,#7742,#7743));
#1534=EDGE_LOOP('',(#7744));
#1535=EDGE_LOOP('',(#7745,#7746,#7747,#7748));
#1536=EDGE_LOOP('',(#7749,#7750,#7751,#7752));
#1537=EDGE_LOOP('',(#7753,#7754,#7755,#7756));
#1538=EDGE_LOOP('',(#7757,#7758,#7759,#7760));
#1539=EDGE_LOOP('',(#7761,#7762,#7763,#7764));
#1540=EDGE_LOOP('',(#7765,#7766,#7767,#7768));
#1541=EDGE_LOOP('',(#7769,#7770,#7771,#7772));
#1542=EDGE_LOOP('',(#7773,#7774,#7775,#7776,#7777,#7778));
#1543=EDGE_LOOP('',(#7779));
#1544=EDGE_LOOP('',(#7780,#7781,#7782,#7783,#7784,#7785));
#1545=EDGE_LOOP('',(#7786));
#1546=EDGE_LOOP('',(#7787,#7788,#7789,#7790));
#1547=EDGE_LOOP('',(#7791,#7792,#7793,#7794));
#1548=EDGE_LOOP('',(#7795,#7796,#7797,#7798));
#1549=EDGE_LOOP('',(#7799,#7800,#7801,#7802));
#1550=EDGE_LOOP('',(#7803,#7804,#7805,#7806));
#1551=EDGE_LOOP('',(#7807,#7808,#7809,#7810));
#1552=EDGE_LOOP('',(#7811,#7812,#7813,#7814));
#1553=EDGE_LOOP('',(#7815,#7816,#7817,#7818,#7819,#7820));
#1554=EDGE_LOOP('',(#7821));
#1555=EDGE_LOOP('',(#7822,#7823,#7824,#7825,#7826,#7827));
#1556=EDGE_LOOP('',(#7828));
#1557=EDGE_LOOP('',(#7829,#7830,#7831,#7832));
#1558=EDGE_LOOP('',(#7833,#7834,#7835,#7836));
#1559=EDGE_LOOP('',(#7837,#7838,#7839,#7840));
#1560=EDGE_LOOP('',(#7841,#7842,#7843,#7844));
#1561=EDGE_LOOP('',(#7845,#7846,#7847,#7848));
#1562=EDGE_LOOP('',(#7849,#7850,#7851,#7852));
#1563=EDGE_LOOP('',(#7853,#7854,#7855,#7856));
#1564=EDGE_LOOP('',(#7857,#7858,#7859,#7860));
#1565=EDGE_LOOP('',(#7861,#7862,#7863,#7864));
#1566=EDGE_LOOP('',(#7865,#7866,#7867,#7868));
#1567=EDGE_LOOP('',(#7869,#7870,#7871,#7872));
#1568=EDGE_LOOP('',(#7873,#7874,#7875,#7876));
#1569=EDGE_LOOP('',(#7877,#7878,#7879,#7880));
#1570=EDGE_LOOP('',(#7881,#7882,#7883,#7884));
#1571=EDGE_LOOP('',(#7885,#7886,#7887,#7888));
#1572=EDGE_LOOP('',(#7889,#7890,#7891,#7892));
#1573=EDGE_LOOP('',(#7893,#7894,#7895,#7896));
#1574=EDGE_LOOP('',(#7897,#7898,#7899,#7900));
#1575=EDGE_LOOP('',(#7901,#7902,#7903,#7904));
#1576=EDGE_LOOP('',(#7905,#7906,#7907,#7908));
#1577=EDGE_LOOP('',(#7909,#7910,#7911,#7912));
#1578=EDGE_LOOP('',(#7913,#7914,#7915,#7916));
#1579=EDGE_LOOP('',(#7917,#7918,#7919,#7920));
#1580=EDGE_LOOP('',(#7921,#7922,#7923,#7924));
#1581=EDGE_LOOP('',(#7925,#7926,#7927,#7928));
#1582=EDGE_LOOP('',(#7929,#7930,#7931,#7932));
#1583=EDGE_LOOP('',(#7933,#7934,#7935,#7936));
#1584=EDGE_LOOP('',(#7937,#7938,#7939,#7940));
#1585=EDGE_LOOP('',(#7941,#7942,#7943,#7944));
#1586=EDGE_LOOP('',(#7945,#7946,#7947,#7948));
#1587=EDGE_LOOP('',(#7949,#7950,#7951,#7952));
#1588=EDGE_LOOP('',(#7953,#7954,#7955,#7956));
#1589=EDGE_LOOP('',(#7957,#7958,#7959,#7960));
#1590=EDGE_LOOP('',(#7961,#7962,#7963,#7964));
#1591=EDGE_LOOP('',(#7965,#7966,#7967,#7968));
#1592=EDGE_LOOP('',(#7969,#7970,#7971,#7972));
#1593=EDGE_LOOP('',(#7973,#7974,#7975,#7976));
#1594=EDGE_LOOP('',(#7977,#7978,#7979,#7980));
#1595=EDGE_LOOP('',(#7981,#7982,#7983,#7984));
#1596=EDGE_LOOP('',(#7985,#7986,#7987,#7988));
#1597=EDGE_LOOP('',(#7989,#7990,#7991,#7992));
#1598=EDGE_LOOP('',(#7993,#7994,#7995,#7996));
#1599=EDGE_LOOP('',(#7997,#7998,#7999,#8000));
#1600=EDGE_LOOP('',(#8001,#8002,#8003,#8004));
#1601=EDGE_LOOP('',(#8005,#8006,#8007,#8008));
#1602=EDGE_LOOP('',(#8009,#8010,#8011,#8012));
#1603=EDGE_LOOP('',(#8013,#8014,#8015,#8016));
#1604=EDGE_LOOP('',(#8017,#8018,#8019,#8020));
#1605=EDGE_LOOP('',(#8021,#8022,#8023,#8024));
#1606=EDGE_LOOP('',(#8025,#8026,#8027,#8028));
#1607=EDGE_LOOP('',(#8029,#8030,#8031,#8032));
#1608=EDGE_LOOP('',(#8033,#8034,#8035,#8036));
#1609=EDGE_LOOP('',(#8037,#8038,#8039,#8040));
#1610=EDGE_LOOP('',(#8041));
#1611=EDGE_LOOP('',(#8042));
#1612=EDGE_LOOP('',(#8043,#8044,#8045,#8046,#8047,#8048));
#1613=EDGE_LOOP('',(#8049,#8050,#8051,#8052,#8053,#8054));
#1614=EDGE_LOOP('',(#8055,#8056,#8057,#8058,#8059,#8060));
#1615=EDGE_LOOP('',(#8061,#8062,#8063,#8064,#8065,#8066));
#1616=EDGE_LOOP('',(#8067,#8068,#8069,#8070,#8071,#8072));
#1617=EDGE_LOOP('',(#8073,#8074,#8075,#8076,#8077,#8078));
#1618=EDGE_LOOP('',(#8079,#8080,#8081,#8082,#8083,#8084));
#1619=EDGE_LOOP('',(#8085,#8086,#8087,#8088,#8089,#8090));
#1620=EDGE_LOOP('',(#8091,#8092,#8093,#8094,#8095,#8096));
#1621=EDGE_LOOP('',(#8097,#8098,#8099,#8100,#8101,#8102));
#1622=EDGE_LOOP('',(#8103,#8104,#8105,#8106,#8107,#8108));
#1623=EDGE_LOOP('',(#8109,#8110,#8111,#8112,#8113,#8114));
#1624=EDGE_LOOP('',(#8115,#8116,#8117,#8118,#8119,#8120));
#1625=EDGE_LOOP('',(#8121,#8122,#8123,#8124,#8125,#8126));
#1626=EDGE_LOOP('',(#8127,#8128,#8129,#8130,#8131,#8132));
#1627=EDGE_LOOP('',(#8133,#8134,#8135,#8136,#8137,#8138));
#1628=EDGE_LOOP('',(#8139,#8140,#8141,#8142,#8143,#8144));
#1629=EDGE_LOOP('',(#8145,#8146,#8147,#8148,#8149,#8150));
#1630=EDGE_LOOP('',(#8151,#8152,#8153,#8154,#8155,#8156));
#1631=EDGE_LOOP('',(#8157,#8158,#8159,#8160,#8161,#8162));
#1632=EDGE_LOOP('',(#8163,#8164,#8165,#8166,#8167,#8168));
#1633=EDGE_LOOP('',(#8169,#8170,#8171,#8172,#8173,#8174));
#1634=EDGE_LOOP('',(#8175,#8176,#8177,#8178,#8179,#8180));
#1635=EDGE_LOOP('',(#8181,#8182,#8183,#8184,#8185,#8186));
#1636=EDGE_LOOP('',(#8187,#8188,#8189,#8190,#8191,#8192));
#1637=EDGE_LOOP('',(#8193,#8194,#8195,#8196,#8197,#8198));
#1638=EDGE_LOOP('',(#8199,#8200,#8201,#8202,#8203,#8204));
#1639=EDGE_LOOP('',(#8205,#8206,#8207,#8208,#8209,#8210));
#1640=EDGE_LOOP('',(#8211,#8212,#8213,#8214,#8215,#8216));
#1641=EDGE_LOOP('',(#8217,#8218,#8219,#8220,#8221,#8222,#8223,#8224));
#1642=EDGE_LOOP('',(#8225,#8226,#8227,#8228,#8229,#8230));
#1643=EDGE_LOOP('',(#8231,#8232,#8233,#8234,#8235,#8236,#8237,#8238));
#1644=EDGE_LOOP('',(#8239,#8240,#8241,#8242,#8243,#8244,#8245,#8246));
#1645=EDGE_LOOP('',(#8247));
#1646=EDGE_LOOP('',(#8248));
#1647=EDGE_LOOP('',(#8249));
#1648=EDGE_LOOP('',(#8250));
#1649=EDGE_LOOP('',(#8251,#8252,#8253,#8254,#8255));
#1650=EDGE_LOOP('',(#8256,#8257,#8258,#8259,#8260));
#1651=EDGE_LOOP('',(#8261));
#1652=EDGE_LOOP('',(#8262,#8263,#8264,#8265,#8266,#8267));
#1653=EDGE_LOOP('',(#8268,#8269,#8270,#8271,#8272,#8273));
#1654=EDGE_LOOP('',(#8274,#8275,#8276,#8277,#8278,#8279));
#1655=EDGE_LOOP('',(#8280,#8281,#8282,#8283,#8284,#8285));
#1656=EDGE_LOOP('',(#8286,#8287,#8288,#8289,#8290,#8291));
#1657=EDGE_LOOP('',(#8292,#8293,#8294,#8295,#8296,#8297));
#1658=EDGE_LOOP('',(#8298,#8299,#8300,#8301,#8302,#8303));
#1659=EDGE_LOOP('',(#8304,#8305,#8306,#8307,#8308,#8309));
#1660=EDGE_LOOP('',(#8310,#8311,#8312,#8313,#8314,#8315));
#1661=EDGE_LOOP('',(#8316,#8317,#8318,#8319,#8320,#8321));
#1662=EDGE_LOOP('',(#8322,#8323,#8324,#8325,#8326,#8327));
#1663=EDGE_LOOP('',(#8328,#8329,#8330,#8331,#8332,#8333));
#1664=EDGE_LOOP('',(#8334,#8335,#8336,#8337,#8338,#8339));
#1665=EDGE_LOOP('',(#8340,#8341,#8342,#8343,#8344,#8345));
#1666=EDGE_LOOP('',(#8346,#8347,#8348,#8349,#8350,#8351));
#1667=EDGE_LOOP('',(#8352,#8353,#8354,#8355,#8356,#8357));
#1668=EDGE_LOOP('',(#8358,#8359,#8360,#8361,#8362,#8363));
#1669=EDGE_LOOP('',(#8364,#8365,#8366,#8367,#8368,#8369));
#1670=EDGE_LOOP('',(#8370,#8371,#8372,#8373,#8374,#8375));
#1671=EDGE_LOOP('',(#8376,#8377,#8378,#8379,#8380,#8381));
#1672=EDGE_LOOP('',(#8382,#8383,#8384,#8385,#8386,#8387));
#1673=EDGE_LOOP('',(#8388,#8389,#8390,#8391,#8392,#8393));
#1674=EDGE_LOOP('',(#8394,#8395,#8396,#8397,#8398,#8399));
#1675=EDGE_LOOP('',(#8400,#8401,#8402,#8403,#8404,#8405));
#1676=EDGE_LOOP('',(#8406,#8407,#8408,#8409,#8410,#8411));
#1677=EDGE_LOOP('',(#8412,#8413,#8414,#8415,#8416,#8417));
#1678=EDGE_LOOP('',(#8418,#8419,#8420,#8421,#8422,#8423));
#1679=EDGE_LOOP('',(#8424,#8425,#8426,#8427,#8428,#8429));
#1680=EDGE_LOOP('',(#8430,#8431,#8432,#8433,#8434,#8435));
#1681=EDGE_LOOP('',(#8436,#8437,#8438,#8439,#8440,#8441));
#1682=EDGE_LOOP('',(#8442,#8443,#8444,#8445,#8446,#8447,#8448,#8449,#8450,
#8451,#8452,#8453));
#1683=EDGE_LOOP('',(#8454,#8455,#8456,#8457,#8458));
#1684=EDGE_LOOP('',(#8459,#8460,#8461,#8462));
#1685=EDGE_LOOP('',(#8463,#8464,#8465,#8466));
#1686=EDGE_LOOP('',(#8467,#8468,#8469,#8470));
#1687=EDGE_LOOP('',(#8471,#8472,#8473,#8474));
#1688=EDGE_LOOP('',(#8475,#8476,#8477,#8478));
#1689=EDGE_LOOP('',(#8479,#8480,#8481,#8482));
#1690=EDGE_LOOP('',(#8483,#8484,#8485,#8486));
#1691=EDGE_LOOP('',(#8487,#8488,#8489,#8490,#8491));
#1692=EDGE_LOOP('',(#8492,#8493,#8494,#8495));
#1693=EDGE_LOOP('',(#8496,#8497,#8498,#8499,#8500,#8501,#8502,#8503,#8504,
#8505,#8506,#8507,#8508,#8509,#8510,#8511,#8512,#8513,#8514,#8515,#8516,
#8517,#8518,#8519));
#1694=EDGE_LOOP('',(#8520));
#1695=EDGE_LOOP('',(#8521));
#1696=EDGE_LOOP('',(#8522));
#1697=EDGE_LOOP('',(#8523));
#1698=EDGE_LOOP('',(#8524));
#1699=EDGE_LOOP('',(#8525,#8526,#8527,#8528));
#1700=EDGE_LOOP('',(#8529,#8530,#8531,#8532,#8533));
#1701=EDGE_LOOP('',(#8534,#8535,#8536,#8537));
#1702=EDGE_LOOP('',(#8538,#8539,#8540,#8541));
#1703=EDGE_LOOP('',(#8542,#8543,#8544,#8545));
#1704=EDGE_LOOP('',(#8546,#8547,#8548,#8549));
#1705=EDGE_LOOP('',(#8550,#8551,#8552,#8553));
#1706=EDGE_LOOP('',(#8554,#8555,#8556,#8557));
#1707=EDGE_LOOP('',(#8558,#8559,#8560,#8561));
#1708=EDGE_LOOP('',(#8562,#8563,#8564,#8565,#8566));
#1709=EDGE_LOOP('',(#8567,#8568,#8569,#8570));
#1710=EDGE_LOOP('',(#8571,#8572,#8573,#8574,#8575));
#1711=EDGE_LOOP('',(#8576,#8577,#8578,#8579));
#1712=EDGE_LOOP('',(#8580,#8581,#8582,#8583));
#1713=EDGE_LOOP('',(#8584,#8585,#8586,#8587));
#1714=EDGE_LOOP('',(#8588,#8589,#8590,#8591));
#1715=EDGE_LOOP('',(#8592,#8593,#8594,#8595));
#1716=EDGE_LOOP('',(#8596,#8597,#8598,#8599));
#1717=EDGE_LOOP('',(#8600,#8601,#8602,#8603));
#1718=EDGE_LOOP('',(#8604,#8605,#8606,#8607,#8608));
#1719=EDGE_LOOP('',(#8609,#8610,#8611,#8612,#8613,#8614));
#1720=EDGE_LOOP('',(#8615,#8616,#8617,#8618,#8619,#8620));
#1721=EDGE_LOOP('',(#8621,#8622,#8623,#8624,#8625,#8626));
#1722=EDGE_LOOP('',(#8627,#8628,#8629,#8630,#8631));
#1723=EDGE_LOOP('',(#8632,#8633,#8634,#8635));
#1724=EDGE_LOOP('',(#8636,#8637,#8638,#8639,#8640));
#1725=EDGE_LOOP('',(#8641,#8642,#8643,#8644,#8645));
#1726=EDGE_LOOP('',(#8646,#8647,#8648,#8649));
#1727=EDGE_LOOP('',(#8650,#8651,#8652,#8653,#8654));
#1728=EDGE_LOOP('',(#8655,#8656,#8657,#8658,#8659));
#1729=EDGE_LOOP('',(#8660,#8661,#8662,#8663));
#1730=EDGE_LOOP('',(#8664,#8665,#8666,#8667,#8668));
#1731=EDGE_LOOP('',(#8669,#8670,#8671,#8672));
#1732=EDGE_LOOP('',(#8673,#8674,#8675,#8676));
#1733=EDGE_LOOP('',(#8677,#8678,#8679,#8680));
#1734=EDGE_LOOP('',(#8681,#8682,#8683,#8684));
#1735=EDGE_LOOP('',(#8685,#8686,#8687,#8688));
#1736=EDGE_LOOP('',(#8689,#8690,#8691,#8692));
#1737=EDGE_LOOP('',(#8693,#8694,#8695,#8696));
#1738=EDGE_LOOP('',(#8697,#8698,#8699,#8700));
#1739=EDGE_LOOP('',(#8701,#8702,#8703,#8704));
#1740=EDGE_LOOP('',(#8705,#8706,#8707,#8708));
#1741=EDGE_LOOP('',(#8709,#8710,#8711,#8712));
#1742=EDGE_LOOP('',(#8713,#8714,#8715,#8716));
#1743=EDGE_LOOP('',(#8717,#8718,#8719,#8720));
#1744=EDGE_LOOP('',(#8721,#8722,#8723,#8724));
#1745=EDGE_LOOP('',(#8725,#8726,#8727,#8728));
#1746=EDGE_LOOP('',(#8729,#8730,#8731,#8732));
#1747=EDGE_LOOP('',(#8733,#8734,#8735,#8736));
#1748=EDGE_LOOP('',(#8737,#8738,#8739,#8740));
#1749=EDGE_LOOP('',(#8741,#8742,#8743,#8744));
#1750=EDGE_LOOP('',(#8745,#8746,#8747,#8748));
#1751=EDGE_LOOP('',(#8749,#8750,#8751,#8752));
#1752=EDGE_LOOP('',(#8753,#8754,#8755,#8756));
#1753=EDGE_LOOP('',(#8757,#8758,#8759,#8760));
#1754=EDGE_LOOP('',(#8761,#8762,#8763,#8764));
#1755=EDGE_LOOP('',(#8765,#8766,#8767,#8768));
#1756=EDGE_LOOP('',(#8769,#8770,#8771,#8772));
#1757=EDGE_LOOP('',(#8773,#8774,#8775,#8776));
#1758=EDGE_LOOP('',(#8777,#8778,#8779,#8780));
#1759=EDGE_LOOP('',(#8781,#8782,#8783,#8784));
#1760=EDGE_LOOP('',(#8785,#8786,#8787,#8788));
#1761=EDGE_LOOP('',(#8789,#8790,#8791,#8792));
#1762=EDGE_LOOP('',(#8793,#8794,#8795,#8796));
#1763=EDGE_LOOP('',(#8797,#8798,#8799,#8800));
#1764=EDGE_LOOP('',(#8801,#8802,#8803,#8804));
#1765=EDGE_LOOP('',(#8805,#8806,#8807,#8808));
#1766=EDGE_LOOP('',(#8809,#8810,#8811,#8812));
#1767=EDGE_LOOP('',(#8813,#8814,#8815,#8816));
#1768=EDGE_LOOP('',(#8817,#8818,#8819,#8820));
#1769=EDGE_LOOP('',(#8821,#8822,#8823,#8824));
#1770=EDGE_LOOP('',(#8825,#8826,#8827,#8828));
#1771=EDGE_LOOP('',(#8829,#8830,#8831,#8832));
#1772=EDGE_LOOP('',(#8833,#8834,#8835,#8836));
#1773=EDGE_LOOP('',(#8837,#8838,#8839,#8840));
#1774=EDGE_LOOP('',(#8841,#8842,#8843,#8844));
#1775=EDGE_LOOP('',(#8845,#8846,#8847,#8848));
#1776=EDGE_LOOP('',(#8849,#8850,#8851,#8852));
#1777=EDGE_LOOP('',(#8853,#8854,#8855,#8856));
#1778=EDGE_LOOP('',(#8857,#8858,#8859,#8860));
#1779=EDGE_LOOP('',(#8861,#8862,#8863,#8864));
#1780=EDGE_LOOP('',(#8865,#8866,#8867,#8868));
#1781=EDGE_LOOP('',(#8869,#8870,#8871,#8872));
#1782=EDGE_LOOP('',(#8873,#8874,#8875,#8876));
#1783=EDGE_LOOP('',(#8877,#8878,#8879,#8880));
#1784=EDGE_LOOP('',(#8881,#8882,#8883,#8884));
#1785=EDGE_LOOP('',(#8885,#8886,#8887,#8888));
#1786=EDGE_LOOP('',(#8889,#8890,#8891,#8892));
#1787=EDGE_LOOP('',(#8893,#8894,#8895,#8896));
#1788=EDGE_LOOP('',(#8897,#8898,#8899,#8900));
#1789=EDGE_LOOP('',(#8901,#8902,#8903,#8904));
#1790=EDGE_LOOP('',(#8905,#8906,#8907,#8908));
#1791=EDGE_LOOP('',(#8909,#8910,#8911,#8912));
#1792=EDGE_LOOP('',(#8913,#8914,#8915,#8916));
#1793=EDGE_LOOP('',(#8917,#8918,#8919,#8920));
#1794=EDGE_LOOP('',(#8921,#8922,#8923,#8924));
#1795=EDGE_LOOP('',(#8925,#8926,#8927,#8928));
#1796=EDGE_LOOP('',(#8929,#8930,#8931,#8932));
#1797=EDGE_LOOP('',(#8933,#8934,#8935,#8936));
#1798=EDGE_LOOP('',(#8937,#8938,#8939,#8940));
#1799=EDGE_LOOP('',(#8941,#8942,#8943,#8944));
#1800=EDGE_LOOP('',(#8945,#8946,#8947,#8948));
#1801=EDGE_LOOP('',(#8949,#8950,#8951,#8952));
#1802=EDGE_LOOP('',(#8953,#8954,#8955,#8956));
#1803=EDGE_LOOP('',(#8957,#8958,#8959,#8960));
#1804=EDGE_LOOP('',(#8961,#8962,#8963,#8964));
#1805=EDGE_LOOP('',(#8965,#8966,#8967,#8968));
#1806=EDGE_LOOP('',(#8969,#8970,#8971,#8972));
#1807=EDGE_LOOP('',(#8973,#8974,#8975,#8976));
#1808=EDGE_LOOP('',(#8977,#8978,#8979,#8980));
#1809=EDGE_LOOP('',(#8981,#8982,#8983,#8984));
#1810=EDGE_LOOP('',(#8985,#8986,#8987,#8988));
#1811=EDGE_LOOP('',(#8989,#8990,#8991,#8992));
#1812=EDGE_LOOP('',(#8993,#8994,#8995,#8996));
#1813=EDGE_LOOP('',(#8997,#8998,#8999,#9000));
#1814=EDGE_LOOP('',(#9001,#9002,#9003,#9004));
#1815=EDGE_LOOP('',(#9005,#9006,#9007,#9008));
#1816=EDGE_LOOP('',(#9009,#9010,#9011,#9012));
#1817=EDGE_LOOP('',(#9013,#9014,#9015,#9016));
#1818=EDGE_LOOP('',(#9017,#9018,#9019,#9020));
#1819=EDGE_LOOP('',(#9021,#9022,#9023,#9024));
#1820=EDGE_LOOP('',(#9025,#9026,#9027,#9028));
#1821=EDGE_LOOP('',(#9029,#9030,#9031,#9032));
#1822=EDGE_LOOP('',(#9033,#9034,#9035,#9036));
#1823=EDGE_LOOP('',(#9037,#9038,#9039,#9040));
#1824=EDGE_LOOP('',(#9041,#9042,#9043,#9044));
#1825=EDGE_LOOP('',(#9045,#9046,#9047,#9048));
#1826=EDGE_LOOP('',(#9049,#9050,#9051,#9052));
#1827=EDGE_LOOP('',(#9053,#9054,#9055,#9056));
#1828=EDGE_LOOP('',(#9057,#9058,#9059,#9060));
#1829=EDGE_LOOP('',(#9061,#9062,#9063,#9064));
#1830=EDGE_LOOP('',(#9065,#9066,#9067,#9068));
#1831=EDGE_LOOP('',(#9069,#9070,#9071,#9072));
#1832=EDGE_LOOP('',(#9073,#9074,#9075,#9076));
#1833=EDGE_LOOP('',(#9077,#9078,#9079,#9080));
#1834=EDGE_LOOP('',(#9081,#9082,#9083,#9084));
#1835=EDGE_LOOP('',(#9085,#9086,#9087,#9088));
#1836=EDGE_LOOP('',(#9089,#9090,#9091,#9092));
#1837=EDGE_LOOP('',(#9093,#9094,#9095,#9096));
#1838=EDGE_LOOP('',(#9097,#9098,#9099,#9100));
#1839=EDGE_LOOP('',(#9101,#9102,#9103,#9104));
#1840=EDGE_LOOP('',(#9105,#9106,#9107,#9108));
#1841=EDGE_LOOP('',(#9109,#9110,#9111,#9112));
#1842=EDGE_LOOP('',(#9113,#9114,#9115,#9116));
#1843=EDGE_LOOP('',(#9117,#9118,#9119,#9120));
#1844=EDGE_LOOP('',(#9121,#9122,#9123,#9124));
#1845=EDGE_LOOP('',(#9125,#9126,#9127,#9128));
#1846=EDGE_LOOP('',(#9129,#9130,#9131,#9132));
#1847=EDGE_LOOP('',(#9133,#9134,#9135,#9136));
#1848=EDGE_LOOP('',(#9137,#9138,#9139,#9140));
#1849=EDGE_LOOP('',(#9141,#9142,#9143,#9144));
#1850=EDGE_LOOP('',(#9145,#9146,#9147,#9148));
#1851=EDGE_LOOP('',(#9149,#9150,#9151,#9152));
#1852=EDGE_LOOP('',(#9153,#9154,#9155,#9156));
#1853=EDGE_LOOP('',(#9157,#9158,#9159,#9160));
#1854=EDGE_LOOP('',(#9161,#9162,#9163,#9164));
#1855=EDGE_LOOP('',(#9165,#9166,#9167,#9168));
#1856=EDGE_LOOP('',(#9169,#9170,#9171,#9172));
#1857=EDGE_LOOP('',(#9173,#9174,#9175,#9176));
#1858=EDGE_LOOP('',(#9177,#9178,#9179,#9180));
#1859=EDGE_LOOP('',(#9181,#9182,#9183,#9184));
#1860=EDGE_LOOP('',(#9185,#9186,#9187,#9188));
#1861=EDGE_LOOP('',(#9189,#9190,#9191,#9192));
#1862=EDGE_LOOP('',(#9193,#9194,#9195,#9196));
#1863=EDGE_LOOP('',(#9197,#9198,#9199,#9200));
#1864=EDGE_LOOP('',(#9201,#9202,#9203,#9204));
#1865=EDGE_LOOP('',(#9205,#9206,#9207,#9208));
#1866=EDGE_LOOP('',(#9209,#9210,#9211,#9212));
#1867=EDGE_LOOP('',(#9213,#9214,#9215,#9216));
#1868=EDGE_LOOP('',(#9217,#9218,#9219,#9220));
#1869=EDGE_LOOP('',(#9221,#9222,#9223,#9224));
#1870=EDGE_LOOP('',(#9225,#9226,#9227,#9228));
#1871=EDGE_LOOP('',(#9229,#9230,#9231,#9232));
#1872=EDGE_LOOP('',(#9233,#9234,#9235,#9236));
#1873=EDGE_LOOP('',(#9237,#9238,#9239,#9240));
#1874=EDGE_LOOP('',(#9241,#9242,#9243,#9244));
#1875=LINE('',#13062,#3033);
#1876=LINE('',#13067,#3034);
#1877=LINE('',#13069,#3035);
#1878=LINE('',#13071,#3036);
#1879=LINE('',#13072,#3037);
#1880=LINE('',#13075,#3038);
#1881=LINE('',#13077,#3039);
#1882=LINE('',#13078,#3040);
#1883=LINE('',#13081,#3041);
#1884=LINE('',#13083,#3042);
#1885=LINE('',#13084,#3043);
#1886=LINE('',#13087,#3044);
#1887=LINE('',#13089,#3045);
#1888=LINE('',#13090,#3046);
#1889=LINE('',#13093,#3047);
#1890=LINE('',#13095,#3048);
#1891=LINE('',#13096,#3049);
#1892=LINE('',#13098,#3050);
#1893=LINE('',#13099,#3051);
#1894=LINE('',#13106,#3052);
#1895=LINE('',#13111,#3053);
#1896=LINE('',#13113,#3054);
#1897=LINE('',#13115,#3055);
#1898=LINE('',#13116,#3056);
#1899=LINE('',#13119,#3057);
#1900=LINE('',#13121,#3058);
#1901=LINE('',#13122,#3059);
#1902=LINE('',#13125,#3060);
#1903=LINE('',#13127,#3061);
#1904=LINE('',#13128,#3062);
#1905=LINE('',#13131,#3063);
#1906=LINE('',#13133,#3064);
#1907=LINE('',#13134,#3065);
#1908=LINE('',#13137,#3066);
#1909=LINE('',#13139,#3067);
#1910=LINE('',#13140,#3068);
#1911=LINE('',#13142,#3069);
#1912=LINE('',#13143,#3070);
#1913=LINE('',#13150,#3071);
#1914=LINE('',#13155,#3072);
#1915=LINE('',#13157,#3073);
#1916=LINE('',#13159,#3074);
#1917=LINE('',#13160,#3075);
#1918=LINE('',#13163,#3076);
#1919=LINE('',#13165,#3077);
#1920=LINE('',#13166,#3078);
#1921=LINE('',#13169,#3079);
#1922=LINE('',#13171,#3080);
#1923=LINE('',#13172,#3081);
#1924=LINE('',#13175,#3082);
#1925=LINE('',#13177,#3083);
#1926=LINE('',#13178,#3084);
#1927=LINE('',#13181,#3085);
#1928=LINE('',#13183,#3086);
#1929=LINE('',#13184,#3087);
#1930=LINE('',#13186,#3088);
#1931=LINE('',#13187,#3089);
#1932=LINE('',#13194,#3090);
#1933=LINE('',#13199,#3091);
#1934=LINE('',#13201,#3092);
#1935=LINE('',#13203,#3093);
#1936=LINE('',#13204,#3094);
#1937=LINE('',#13207,#3095);
#1938=LINE('',#13209,#3096);
#1939=LINE('',#13210,#3097);
#1940=LINE('',#13213,#3098);
#1941=LINE('',#13215,#3099);
#1942=LINE('',#13216,#3100);
#1943=LINE('',#13219,#3101);
#1944=LINE('',#13221,#3102);
#1945=LINE('',#13222,#3103);
#1946=LINE('',#13225,#3104);
#1947=LINE('',#13227,#3105);
#1948=LINE('',#13228,#3106);
#1949=LINE('',#13230,#3107);
#1950=LINE('',#13231,#3108);
#1951=LINE('',#13238,#3109);
#1952=LINE('',#13243,#3110);
#1953=LINE('',#13245,#3111);
#1954=LINE('',#13247,#3112);
#1955=LINE('',#13248,#3113);
#1956=LINE('',#13251,#3114);
#1957=LINE('',#13253,#3115);
#1958=LINE('',#13254,#3116);
#1959=LINE('',#13257,#3117);
#1960=LINE('',#13259,#3118);
#1961=LINE('',#13260,#3119);
#1962=LINE('',#13263,#3120);
#1963=LINE('',#13265,#3121);
#1964=LINE('',#13266,#3122);
#1965=LINE('',#13269,#3123);
#1966=LINE('',#13271,#3124);
#1967=LINE('',#13272,#3125);
#1968=LINE('',#13274,#3126);
#1969=LINE('',#13275,#3127);
#1970=LINE('',#13282,#3128);
#1971=LINE('',#13287,#3129);
#1972=LINE('',#13289,#3130);
#1973=LINE('',#13291,#3131);
#1974=LINE('',#13292,#3132);
#1975=LINE('',#13295,#3133);
#1976=LINE('',#13297,#3134);
#1977=LINE('',#13298,#3135);
#1978=LINE('',#13301,#3136);
#1979=LINE('',#13303,#3137);
#1980=LINE('',#13304,#3138);
#1981=LINE('',#13307,#3139);
#1982=LINE('',#13309,#3140);
#1983=LINE('',#13310,#3141);
#1984=LINE('',#13313,#3142);
#1985=LINE('',#13315,#3143);
#1986=LINE('',#13316,#3144);
#1987=LINE('',#13318,#3145);
#1988=LINE('',#13319,#3146);
#1989=LINE('',#13326,#3147);
#1990=LINE('',#13331,#3148);
#1991=LINE('',#13333,#3149);
#1992=LINE('',#13335,#3150);
#1993=LINE('',#13336,#3151);
#1994=LINE('',#13339,#3152);
#1995=LINE('',#13341,#3153);
#1996=LINE('',#13342,#3154);
#1997=LINE('',#13345,#3155);
#1998=LINE('',#13347,#3156);
#1999=LINE('',#13348,#3157);
#2000=LINE('',#13351,#3158);
#2001=LINE('',#13353,#3159);
#2002=LINE('',#13354,#3160);
#2003=LINE('',#13357,#3161);
#2004=LINE('',#13359,#3162);
#2005=LINE('',#13360,#3163);
#2006=LINE('',#13362,#3164);
#2007=LINE('',#13363,#3165);
#2008=LINE('',#13370,#3166);
#2009=LINE('',#13375,#3167);
#2010=LINE('',#13377,#3168);
#2011=LINE('',#13379,#3169);
#2012=LINE('',#13380,#3170);
#2013=LINE('',#13383,#3171);
#2014=LINE('',#13385,#3172);
#2015=LINE('',#13386,#3173);
#2016=LINE('',#13389,#3174);
#2017=LINE('',#13391,#3175);
#2018=LINE('',#13392,#3176);
#2019=LINE('',#13395,#3177);
#2020=LINE('',#13397,#3178);
#2021=LINE('',#13398,#3179);
#2022=LINE('',#13401,#3180);
#2023=LINE('',#13403,#3181);
#2024=LINE('',#13404,#3182);
#2025=LINE('',#13406,#3183);
#2026=LINE('',#13407,#3184);
#2027=LINE('',#13414,#3185);
#2028=LINE('',#13419,#3186);
#2029=LINE('',#13421,#3187);
#2030=LINE('',#13423,#3188);
#2031=LINE('',#13424,#3189);
#2032=LINE('',#13427,#3190);
#2033=LINE('',#13429,#3191);
#2034=LINE('',#13430,#3192);
#2035=LINE('',#13433,#3193);
#2036=LINE('',#13435,#3194);
#2037=LINE('',#13436,#3195);
#2038=LINE('',#13439,#3196);
#2039=LINE('',#13441,#3197);
#2040=LINE('',#13442,#3198);
#2041=LINE('',#13445,#3199);
#2042=LINE('',#13447,#3200);
#2043=LINE('',#13448,#3201);
#2044=LINE('',#13450,#3202);
#2045=LINE('',#13451,#3203);
#2046=LINE('',#13458,#3204);
#2047=LINE('',#13463,#3205);
#2048=LINE('',#13465,#3206);
#2049=LINE('',#13467,#3207);
#2050=LINE('',#13468,#3208);
#2051=LINE('',#13471,#3209);
#2052=LINE('',#13473,#3210);
#2053=LINE('',#13474,#3211);
#2054=LINE('',#13477,#3212);
#2055=LINE('',#13479,#3213);
#2056=LINE('',#13480,#3214);
#2057=LINE('',#13483,#3215);
#2058=LINE('',#13485,#3216);
#2059=LINE('',#13486,#3217);
#2060=LINE('',#13489,#3218);
#2061=LINE('',#13491,#3219);
#2062=LINE('',#13492,#3220);
#2063=LINE('',#13494,#3221);
#2064=LINE('',#13495,#3222);
#2065=LINE('',#13502,#3223);
#2066=LINE('',#13507,#3224);
#2067=LINE('',#13509,#3225);
#2068=LINE('',#13511,#3226);
#2069=LINE('',#13512,#3227);
#2070=LINE('',#13515,#3228);
#2071=LINE('',#13517,#3229);
#2072=LINE('',#13518,#3230);
#2073=LINE('',#13521,#3231);
#2074=LINE('',#13523,#3232);
#2075=LINE('',#13524,#3233);
#2076=LINE('',#13527,#3234);
#2077=LINE('',#13529,#3235);
#2078=LINE('',#13530,#3236);
#2079=LINE('',#13533,#3237);
#2080=LINE('',#13535,#3238);
#2081=LINE('',#13536,#3239);
#2082=LINE('',#13538,#3240);
#2083=LINE('',#13539,#3241);
#2084=LINE('',#13546,#3242);
#2085=LINE('',#13551,#3243);
#2086=LINE('',#13553,#3244);
#2087=LINE('',#13555,#3245);
#2088=LINE('',#13556,#3246);
#2089=LINE('',#13559,#3247);
#2090=LINE('',#13561,#3248);
#2091=LINE('',#13562,#3249);
#2092=LINE('',#13565,#3250);
#2093=LINE('',#13567,#3251);
#2094=LINE('',#13568,#3252);
#2095=LINE('',#13571,#3253);
#2096=LINE('',#13573,#3254);
#2097=LINE('',#13574,#3255);
#2098=LINE('',#13577,#3256);
#2099=LINE('',#13579,#3257);
#2100=LINE('',#13580,#3258);
#2101=LINE('',#13582,#3259);
#2102=LINE('',#13583,#3260);
#2103=LINE('',#13590,#3261);
#2104=LINE('',#13595,#3262);
#2105=LINE('',#13597,#3263);
#2106=LINE('',#13599,#3264);
#2107=LINE('',#13600,#3265);
#2108=LINE('',#13603,#3266);
#2109=LINE('',#13605,#3267);
#2110=LINE('',#13606,#3268);
#2111=LINE('',#13609,#3269);
#2112=LINE('',#13611,#3270);
#2113=LINE('',#13612,#3271);
#2114=LINE('',#13615,#3272);
#2115=LINE('',#13617,#3273);
#2116=LINE('',#13618,#3274);
#2117=LINE('',#13621,#3275);
#2118=LINE('',#13623,#3276);
#2119=LINE('',#13624,#3277);
#2120=LINE('',#13626,#3278);
#2121=LINE('',#13627,#3279);
#2122=LINE('',#13634,#3280);
#2123=LINE('',#13639,#3281);
#2124=LINE('',#13641,#3282);
#2125=LINE('',#13643,#3283);
#2126=LINE('',#13644,#3284);
#2127=LINE('',#13647,#3285);
#2128=LINE('',#13649,#3286);
#2129=LINE('',#13650,#3287);
#2130=LINE('',#13653,#3288);
#2131=LINE('',#13655,#3289);
#2132=LINE('',#13656,#3290);
#2133=LINE('',#13659,#3291);
#2134=LINE('',#13661,#3292);
#2135=LINE('',#13662,#3293);
#2136=LINE('',#13665,#3294);
#2137=LINE('',#13667,#3295);
#2138=LINE('',#13668,#3296);
#2139=LINE('',#13670,#3297);
#2140=LINE('',#13671,#3298);
#2141=LINE('',#13678,#3299);
#2142=LINE('',#13683,#3300);
#2143=LINE('',#13685,#3301);
#2144=LINE('',#13687,#3302);
#2145=LINE('',#13688,#3303);
#2146=LINE('',#13691,#3304);
#2147=LINE('',#13693,#3305);
#2148=LINE('',#13694,#3306);
#2149=LINE('',#13697,#3307);
#2150=LINE('',#13699,#3308);
#2151=LINE('',#13700,#3309);
#2152=LINE('',#13703,#3310);
#2153=LINE('',#13705,#3311);
#2154=LINE('',#13706,#3312);
#2155=LINE('',#13709,#3313);
#2156=LINE('',#13711,#3314);
#2157=LINE('',#13712,#3315);
#2158=LINE('',#13714,#3316);
#2159=LINE('',#13715,#3317);
#2160=LINE('',#13722,#3318);
#2161=LINE('',#13727,#3319);
#2162=LINE('',#13729,#3320);
#2163=LINE('',#13731,#3321);
#2164=LINE('',#13732,#3322);
#2165=LINE('',#13735,#3323);
#2166=LINE('',#13737,#3324);
#2167=LINE('',#13738,#3325);
#2168=LINE('',#13741,#3326);
#2169=LINE('',#13743,#3327);
#2170=LINE('',#13744,#3328);
#2171=LINE('',#13747,#3329);
#2172=LINE('',#13749,#3330);
#2173=LINE('',#13750,#3331);
#2174=LINE('',#13753,#3332);
#2175=LINE('',#13755,#3333);
#2176=LINE('',#13756,#3334);
#2177=LINE('',#13758,#3335);
#2178=LINE('',#13759,#3336);
#2179=LINE('',#13766,#3337);
#2180=LINE('',#13771,#3338);
#2181=LINE('',#13773,#3339);
#2182=LINE('',#13775,#3340);
#2183=LINE('',#13776,#3341);
#2184=LINE('',#13779,#3342);
#2185=LINE('',#13781,#3343);
#2186=LINE('',#13782,#3344);
#2187=LINE('',#13785,#3345);
#2188=LINE('',#13787,#3346);
#2189=LINE('',#13788,#3347);
#2190=LINE('',#13791,#3348);
#2191=LINE('',#13793,#3349);
#2192=LINE('',#13794,#3350);
#2193=LINE('',#13797,#3351);
#2194=LINE('',#13799,#3352);
#2195=LINE('',#13800,#3353);
#2196=LINE('',#13802,#3354);
#2197=LINE('',#13803,#3355);
#2198=LINE('',#13810,#3356);
#2199=LINE('',#13815,#3357);
#2200=LINE('',#13817,#3358);
#2201=LINE('',#13819,#3359);
#2202=LINE('',#13820,#3360);
#2203=LINE('',#13823,#3361);
#2204=LINE('',#13825,#3362);
#2205=LINE('',#13826,#3363);
#2206=LINE('',#13829,#3364);
#2207=LINE('',#13831,#3365);
#2208=LINE('',#13832,#3366);
#2209=LINE('',#13835,#3367);
#2210=LINE('',#13837,#3368);
#2211=LINE('',#13838,#3369);
#2212=LINE('',#13841,#3370);
#2213=LINE('',#13843,#3371);
#2214=LINE('',#13844,#3372);
#2215=LINE('',#13846,#3373);
#2216=LINE('',#13847,#3374);
#2217=LINE('',#13854,#3375);
#2218=LINE('',#13859,#3376);
#2219=LINE('',#13861,#3377);
#2220=LINE('',#13863,#3378);
#2221=LINE('',#13864,#3379);
#2222=LINE('',#13867,#3380);
#2223=LINE('',#13869,#3381);
#2224=LINE('',#13870,#3382);
#2225=LINE('',#13873,#3383);
#2226=LINE('',#13875,#3384);
#2227=LINE('',#13876,#3385);
#2228=LINE('',#13879,#3386);
#2229=LINE('',#13881,#3387);
#2230=LINE('',#13882,#3388);
#2231=LINE('',#13885,#3389);
#2232=LINE('',#13887,#3390);
#2233=LINE('',#13888,#3391);
#2234=LINE('',#13890,#3392);
#2235=LINE('',#13891,#3393);
#2236=LINE('',#13898,#3394);
#2237=LINE('',#13903,#3395);
#2238=LINE('',#13905,#3396);
#2239=LINE('',#13907,#3397);
#2240=LINE('',#13908,#3398);
#2241=LINE('',#13911,#3399);
#2242=LINE('',#13913,#3400);
#2243=LINE('',#13914,#3401);
#2244=LINE('',#13917,#3402);
#2245=LINE('',#13919,#3403);
#2246=LINE('',#13920,#3404);
#2247=LINE('',#13923,#3405);
#2248=LINE('',#13925,#3406);
#2249=LINE('',#13926,#3407);
#2250=LINE('',#13929,#3408);
#2251=LINE('',#13931,#3409);
#2252=LINE('',#13932,#3410);
#2253=LINE('',#13934,#3411);
#2254=LINE('',#13935,#3412);
#2255=LINE('',#13942,#3413);
#2256=LINE('',#13947,#3414);
#2257=LINE('',#13949,#3415);
#2258=LINE('',#13951,#3416);
#2259=LINE('',#13952,#3417);
#2260=LINE('',#13955,#3418);
#2261=LINE('',#13957,#3419);
#2262=LINE('',#13958,#3420);
#2263=LINE('',#13961,#3421);
#2264=LINE('',#13963,#3422);
#2265=LINE('',#13964,#3423);
#2266=LINE('',#13967,#3424);
#2267=LINE('',#13969,#3425);
#2268=LINE('',#13970,#3426);
#2269=LINE('',#13973,#3427);
#2270=LINE('',#13975,#3428);
#2271=LINE('',#13976,#3429);
#2272=LINE('',#13978,#3430);
#2273=LINE('',#13979,#3431);
#2274=LINE('',#13986,#3432);
#2275=LINE('',#13991,#3433);
#2276=LINE('',#13993,#3434);
#2277=LINE('',#13995,#3435);
#2278=LINE('',#13996,#3436);
#2279=LINE('',#13999,#3437);
#2280=LINE('',#14001,#3438);
#2281=LINE('',#14002,#3439);
#2282=LINE('',#14005,#3440);
#2283=LINE('',#14007,#3441);
#2284=LINE('',#14008,#3442);
#2285=LINE('',#14011,#3443);
#2286=LINE('',#14013,#3444);
#2287=LINE('',#14014,#3445);
#2288=LINE('',#14017,#3446);
#2289=LINE('',#14019,#3447);
#2290=LINE('',#14020,#3448);
#2291=LINE('',#14022,#3449);
#2292=LINE('',#14023,#3450);
#2293=LINE('',#14030,#3451);
#2294=LINE('',#14035,#3452);
#2295=LINE('',#14037,#3453);
#2296=LINE('',#14039,#3454);
#2297=LINE('',#14040,#3455);
#2298=LINE('',#14043,#3456);
#2299=LINE('',#14045,#3457);
#2300=LINE('',#14046,#3458);
#2301=LINE('',#14049,#3459);
#2302=LINE('',#14051,#3460);
#2303=LINE('',#14052,#3461);
#2304=LINE('',#14055,#3462);
#2305=LINE('',#14057,#3463);
#2306=LINE('',#14058,#3464);
#2307=LINE('',#14061,#3465);
#2308=LINE('',#14063,#3466);
#2309=LINE('',#14064,#3467);
#2310=LINE('',#14066,#3468);
#2311=LINE('',#14067,#3469);
#2312=LINE('',#14074,#3470);
#2313=LINE('',#14079,#3471);
#2314=LINE('',#14081,#3472);
#2315=LINE('',#14083,#3473);
#2316=LINE('',#14084,#3474);
#2317=LINE('',#14087,#3475);
#2318=LINE('',#14089,#3476);
#2319=LINE('',#14090,#3477);
#2320=LINE('',#14093,#3478);
#2321=LINE('',#14095,#3479);
#2322=LINE('',#14096,#3480);
#2323=LINE('',#14099,#3481);
#2324=LINE('',#14101,#3482);
#2325=LINE('',#14102,#3483);
#2326=LINE('',#14105,#3484);
#2327=LINE('',#14107,#3485);
#2328=LINE('',#14108,#3486);
#2329=LINE('',#14110,#3487);
#2330=LINE('',#14111,#3488);
#2331=LINE('',#14118,#3489);
#2332=LINE('',#14123,#3490);
#2333=LINE('',#14125,#3491);
#2334=LINE('',#14127,#3492);
#2335=LINE('',#14128,#3493);
#2336=LINE('',#14131,#3494);
#2337=LINE('',#14133,#3495);
#2338=LINE('',#14134,#3496);
#2339=LINE('',#14137,#3497);
#2340=LINE('',#14139,#3498);
#2341=LINE('',#14140,#3499);
#2342=LINE('',#14143,#3500);
#2343=LINE('',#14145,#3501);
#2344=LINE('',#14146,#3502);
#2345=LINE('',#14149,#3503);
#2346=LINE('',#14151,#3504);
#2347=LINE('',#14152,#3505);
#2348=LINE('',#14154,#3506);
#2349=LINE('',#14155,#3507);
#2350=LINE('',#14162,#3508);
#2351=LINE('',#14167,#3509);
#2352=LINE('',#14169,#3510);
#2353=LINE('',#14171,#3511);
#2354=LINE('',#14172,#3512);
#2355=LINE('',#14175,#3513);
#2356=LINE('',#14177,#3514);
#2357=LINE('',#14178,#3515);
#2358=LINE('',#14181,#3516);
#2359=LINE('',#14183,#3517);
#2360=LINE('',#14184,#3518);
#2361=LINE('',#14187,#3519);
#2362=LINE('',#14189,#3520);
#2363=LINE('',#14190,#3521);
#2364=LINE('',#14193,#3522);
#2365=LINE('',#14195,#3523);
#2366=LINE('',#14196,#3524);
#2367=LINE('',#14198,#3525);
#2368=LINE('',#14199,#3526);
#2369=LINE('',#14206,#3527);
#2370=LINE('',#14211,#3528);
#2371=LINE('',#14213,#3529);
#2372=LINE('',#14215,#3530);
#2373=LINE('',#14216,#3531);
#2374=LINE('',#14219,#3532);
#2375=LINE('',#14221,#3533);
#2376=LINE('',#14222,#3534);
#2377=LINE('',#14225,#3535);
#2378=LINE('',#14227,#3536);
#2379=LINE('',#14228,#3537);
#2380=LINE('',#14231,#3538);
#2381=LINE('',#14233,#3539);
#2382=LINE('',#14234,#3540);
#2383=LINE('',#14237,#3541);
#2384=LINE('',#14239,#3542);
#2385=LINE('',#14240,#3543);
#2386=LINE('',#14242,#3544);
#2387=LINE('',#14243,#3545);
#2388=LINE('',#14250,#3546);
#2389=LINE('',#14255,#3547);
#2390=LINE('',#14257,#3548);
#2391=LINE('',#14259,#3549);
#2392=LINE('',#14260,#3550);
#2393=LINE('',#14263,#3551);
#2394=LINE('',#14265,#3552);
#2395=LINE('',#14266,#3553);
#2396=LINE('',#14269,#3554);
#2397=LINE('',#14271,#3555);
#2398=LINE('',#14272,#3556);
#2399=LINE('',#14275,#3557);
#2400=LINE('',#14277,#3558);
#2401=LINE('',#14278,#3559);
#2402=LINE('',#14281,#3560);
#2403=LINE('',#14283,#3561);
#2404=LINE('',#14284,#3562);
#2405=LINE('',#14286,#3563);
#2406=LINE('',#14287,#3564);
#2407=LINE('',#14294,#3565);
#2408=LINE('',#14299,#3566);
#2409=LINE('',#14301,#3567);
#2410=LINE('',#14303,#3568);
#2411=LINE('',#14304,#3569);
#2412=LINE('',#14307,#3570);
#2413=LINE('',#14309,#3571);
#2414=LINE('',#14310,#3572);
#2415=LINE('',#14313,#3573);
#2416=LINE('',#14315,#3574);
#2417=LINE('',#14316,#3575);
#2418=LINE('',#14319,#3576);
#2419=LINE('',#14321,#3577);
#2420=LINE('',#14322,#3578);
#2421=LINE('',#14325,#3579);
#2422=LINE('',#14327,#3580);
#2423=LINE('',#14328,#3581);
#2424=LINE('',#14330,#3582);
#2425=LINE('',#14331,#3583);
#2426=LINE('',#14338,#3584);
#2427=LINE('',#14343,#3585);
#2428=LINE('',#14345,#3586);
#2429=LINE('',#14347,#3587);
#2430=LINE('',#14348,#3588);
#2431=LINE('',#14351,#3589);
#2432=LINE('',#14353,#3590);
#2433=LINE('',#14354,#3591);
#2434=LINE('',#14357,#3592);
#2435=LINE('',#14359,#3593);
#2436=LINE('',#14360,#3594);
#2437=LINE('',#14363,#3595);
#2438=LINE('',#14365,#3596);
#2439=LINE('',#14366,#3597);
#2440=LINE('',#14369,#3598);
#2441=LINE('',#14371,#3599);
#2442=LINE('',#14372,#3600);
#2443=LINE('',#14374,#3601);
#2444=LINE('',#14375,#3602);
#2445=LINE('',#14382,#3603);
#2446=LINE('',#14388,#3604);
#2447=LINE('',#14394,#3605);
#2448=LINE('',#14400,#3606);
#2449=LINE('',#14406,#3607);
#2450=LINE('',#14411,#3608);
#2451=LINE('',#14413,#3609);
#2452=LINE('',#14415,#3610);
#2453=LINE('',#14416,#3611);
#2454=LINE('',#14420,#3612);
#2455=LINE('',#14422,#3613);
#2456=LINE('',#14424,#3614);
#2457=LINE('',#14425,#3615);
#2458=LINE('',#14429,#3616);
#2459=LINE('',#14430,#3617);
#2460=LINE('',#14431,#3618);
#2461=LINE('',#14434,#3619);
#2462=LINE('',#14436,#3620);
#2463=LINE('',#14437,#3621);
#2464=LINE('',#14441,#3622);
#2465=LINE('',#14443,#3623);
#2466=LINE('',#14445,#3624);
#2467=LINE('',#14446,#3625);
#2468=LINE('',#14450,#3626);
#2469=LINE('',#14451,#3627);
#2470=LINE('',#14452,#3628);
#2471=LINE('',#14455,#3629);
#2472=LINE('',#14457,#3630);
#2473=LINE('',#14458,#3631);
#2474=LINE('',#14462,#3632);
#2475=LINE('',#14464,#3633);
#2476=LINE('',#14466,#3634);
#2477=LINE('',#14467,#3635);
#2478=LINE('',#14471,#3636);
#2479=LINE('',#14472,#3637);
#2480=LINE('',#14473,#3638);
#2481=LINE('',#14476,#3639);
#2482=LINE('',#14478,#3640);
#2483=LINE('',#14479,#3641);
#2484=LINE('',#14483,#3642);
#2485=LINE('',#14485,#3643);
#2486=LINE('',#14487,#3644);
#2487=LINE('',#14488,#3645);
#2488=LINE('',#14492,#3646);
#2489=LINE('',#14493,#3647);
#2490=LINE('',#14494,#3648);
#2491=LINE('',#14497,#3649);
#2492=LINE('',#14499,#3650);
#2493=LINE('',#14500,#3651);
#2494=LINE('',#14504,#3652);
#2495=LINE('',#14506,#3653);
#2496=LINE('',#14508,#3654);
#2497=LINE('',#14509,#3655);
#2498=LINE('',#14513,#3656);
#2499=LINE('',#14514,#3657);
#2500=LINE('',#14515,#3658);
#2501=LINE('',#14518,#3659);
#2502=LINE('',#14520,#3660);
#2503=LINE('',#14521,#3661);
#2504=LINE('',#14525,#3662);
#2505=LINE('',#14527,#3663);
#2506=LINE('',#14529,#3664);
#2507=LINE('',#14530,#3665);
#2508=LINE('',#14534,#3666);
#2509=LINE('',#14535,#3667);
#2510=LINE('',#14536,#3668);
#2511=LINE('',#14539,#3669);
#2512=LINE('',#14541,#3670);
#2513=LINE('',#14542,#3671);
#2514=LINE('',#14546,#3672);
#2515=LINE('',#14548,#3673);
#2516=LINE('',#14550,#3674);
#2517=LINE('',#14551,#3675);
#2518=LINE('',#14555,#3676);
#2519=LINE('',#14556,#3677);
#2520=LINE('',#14557,#3678);
#2521=LINE('',#14560,#3679);
#2522=LINE('',#14562,#3680);
#2523=LINE('',#14563,#3681);
#2524=LINE('',#14567,#3682);
#2525=LINE('',#14569,#3683);
#2526=LINE('',#14571,#3684);
#2527=LINE('',#14572,#3685);
#2528=LINE('',#14576,#3686);
#2529=LINE('',#14577,#3687);
#2530=LINE('',#14578,#3688);
#2531=LINE('',#14581,#3689);
#2532=LINE('',#14583,#3690);
#2533=LINE('',#14584,#3691);
#2534=LINE('',#14588,#3692);
#2535=LINE('',#14590,#3693);
#2536=LINE('',#14592,#3694);
#2537=LINE('',#14593,#3695);
#2538=LINE('',#14597,#3696);
#2539=LINE('',#14598,#3697);
#2540=LINE('',#14599,#3698);
#2541=LINE('',#14602,#3699);
#2542=LINE('',#14604,#3700);
#2543=LINE('',#14605,#3701);
#2544=LINE('',#14609,#3702);
#2545=LINE('',#14611,#3703);
#2546=LINE('',#14613,#3704);
#2547=LINE('',#14614,#3705);
#2548=LINE('',#14618,#3706);
#2549=LINE('',#14619,#3707);
#2550=LINE('',#14620,#3708);
#2551=LINE('',#14623,#3709);
#2552=LINE('',#14625,#3710);
#2553=LINE('',#14626,#3711);
#2554=LINE('',#14630,#3712);
#2555=LINE('',#14632,#3713);
#2556=LINE('',#14634,#3714);
#2557=LINE('',#14635,#3715);
#2558=LINE('',#14639,#3716);
#2559=LINE('',#14640,#3717);
#2560=LINE('',#14641,#3718);
#2561=LINE('',#14644,#3719);
#2562=LINE('',#14646,#3720);
#2563=LINE('',#14647,#3721);
#2564=LINE('',#14651,#3722);
#2565=LINE('',#14653,#3723);
#2566=LINE('',#14655,#3724);
#2567=LINE('',#14656,#3725);
#2568=LINE('',#14660,#3726);
#2569=LINE('',#14661,#3727);
#2570=LINE('',#14662,#3728);
#2571=LINE('',#14665,#3729);
#2572=LINE('',#14667,#3730);
#2573=LINE('',#14668,#3731);
#2574=LINE('',#14672,#3732);
#2575=LINE('',#14674,#3733);
#2576=LINE('',#14676,#3734);
#2577=LINE('',#14677,#3735);
#2578=LINE('',#14681,#3736);
#2579=LINE('',#14682,#3737);
#2580=LINE('',#14683,#3738);
#2581=LINE('',#14686,#3739);
#2582=LINE('',#14688,#3740);
#2583=LINE('',#14689,#3741);
#2584=LINE('',#14693,#3742);
#2585=LINE('',#14695,#3743);
#2586=LINE('',#14697,#3744);
#2587=LINE('',#14698,#3745);
#2588=LINE('',#14702,#3746);
#2589=LINE('',#14703,#3747);
#2590=LINE('',#14704,#3748);
#2591=LINE('',#14707,#3749);
#2592=LINE('',#14709,#3750);
#2593=LINE('',#14710,#3751);
#2594=LINE('',#14714,#3752);
#2595=LINE('',#14716,#3753);
#2596=LINE('',#14718,#3754);
#2597=LINE('',#14719,#3755);
#2598=LINE('',#14723,#3756);
#2599=LINE('',#14724,#3757);
#2600=LINE('',#14725,#3758);
#2601=LINE('',#14728,#3759);
#2602=LINE('',#14730,#3760);
#2603=LINE('',#14731,#3761);
#2604=LINE('',#14735,#3762);
#2605=LINE('',#14737,#3763);
#2606=LINE('',#14739,#3764);
#2607=LINE('',#14740,#3765);
#2608=LINE('',#14742,#3766);
#2609=LINE('',#14743,#3767);
#2610=LINE('',#14748,#3768);
#2611=LINE('',#14750,#3769);
#2612=LINE('',#14751,#3770);
#2613=LINE('',#14753,#3771);
#2614=LINE('',#14755,#3772);
#2615=LINE('',#14756,#3773);
#2616=LINE('',#14758,#3774);
#2617=LINE('',#14760,#3775);
#2618=LINE('',#14761,#3776);
#2619=LINE('',#14764,#3777);
#2620=LINE('',#14766,#3778);
#2621=LINE('',#14768,#3779);
#2622=LINE('',#14770,#3780);
#2623=LINE('',#14772,#3781);
#2624=LINE('',#14773,#3782);
#2625=LINE('',#14775,#3783);
#2626=LINE('',#14777,#3784);
#2627=LINE('',#14778,#3785);
#2628=LINE('',#14781,#3786);
#2629=LINE('',#14783,#3787);
#2630=LINE('',#14785,#3788);
#2631=LINE('',#14787,#3789);
#2632=LINE('',#14789,#3790);
#2633=LINE('',#14790,#3791);
#2634=LINE('',#14792,#3792);
#2635=LINE('',#14794,#3793);
#2636=LINE('',#14795,#3794);
#2637=LINE('',#14798,#3795);
#2638=LINE('',#14800,#3796);
#2639=LINE('',#14802,#3797);
#2640=LINE('',#14804,#3798);
#2641=LINE('',#14806,#3799);
#2642=LINE('',#14807,#3800);
#2643=LINE('',#14809,#3801);
#2644=LINE('',#14811,#3802);
#2645=LINE('',#14812,#3803);
#2646=LINE('',#14815,#3804);
#2647=LINE('',#14817,#3805);
#2648=LINE('',#14819,#3806);
#2649=LINE('',#14821,#3807);
#2650=LINE('',#14823,#3808);
#2651=LINE('',#14824,#3809);
#2652=LINE('',#14826,#3810);
#2653=LINE('',#14828,#3811);
#2654=LINE('',#14829,#3812);
#2655=LINE('',#14832,#3813);
#2656=LINE('',#14834,#3814);
#2657=LINE('',#14836,#3815);
#2658=LINE('',#14838,#3816);
#2659=LINE('',#14840,#3817);
#2660=LINE('',#14841,#3818);
#2661=LINE('',#14843,#3819);
#2662=LINE('',#14845,#3820);
#2663=LINE('',#14846,#3821);
#2664=LINE('',#14849,#3822);
#2665=LINE('',#14851,#3823);
#2666=LINE('',#14853,#3824);
#2667=LINE('',#14855,#3825);
#2668=LINE('',#14857,#3826);
#2669=LINE('',#14858,#3827);
#2670=LINE('',#14860,#3828);
#2671=LINE('',#14862,#3829);
#2672=LINE('',#14863,#3830);
#2673=LINE('',#14866,#3831);
#2674=LINE('',#14868,#3832);
#2675=LINE('',#14870,#3833);
#2676=LINE('',#14872,#3834);
#2677=LINE('',#14874,#3835);
#2678=LINE('',#14875,#3836);
#2679=LINE('',#14877,#3837);
#2680=LINE('',#14879,#3838);
#2681=LINE('',#14880,#3839);
#2682=LINE('',#14883,#3840);
#2683=LINE('',#14885,#3841);
#2684=LINE('',#14887,#3842);
#2685=LINE('',#14889,#3843);
#2686=LINE('',#14891,#3844);
#2687=LINE('',#14892,#3845);
#2688=LINE('',#14894,#3846);
#2689=LINE('',#14896,#3847);
#2690=LINE('',#14897,#3848);
#2691=LINE('',#14900,#3849);
#2692=LINE('',#14902,#3850);
#2693=LINE('',#14904,#3851);
#2694=LINE('',#14906,#3852);
#2695=LINE('',#14908,#3853);
#2696=LINE('',#14909,#3854);
#2697=LINE('',#14911,#3855);
#2698=LINE('',#14913,#3856);
#2699=LINE('',#14914,#3857);
#2700=LINE('',#14917,#3858);
#2701=LINE('',#14919,#3859);
#2702=LINE('',#14921,#3860);
#2703=LINE('',#14923,#3861);
#2704=LINE('',#14925,#3862);
#2705=LINE('',#14926,#3863);
#2706=LINE('',#14928,#3864);
#2707=LINE('',#14930,#3865);
#2708=LINE('',#14931,#3866);
#2709=LINE('',#14934,#3867);
#2710=LINE('',#14936,#3868);
#2711=LINE('',#14938,#3869);
#2712=LINE('',#14940,#3870);
#2713=LINE('',#14942,#3871);
#2714=LINE('',#14943,#3872);
#2715=LINE('',#14945,#3873);
#2716=LINE('',#14947,#3874);
#2717=LINE('',#14948,#3875);
#2718=LINE('',#14951,#3876);
#2719=LINE('',#14953,#3877);
#2720=LINE('',#14955,#3878);
#2721=LINE('',#14957,#3879);
#2722=LINE('',#14959,#3880);
#2723=LINE('',#14960,#3881);
#2724=LINE('',#14962,#3882);
#2725=LINE('',#14964,#3883);
#2726=LINE('',#14965,#3884);
#2727=LINE('',#14968,#3885);
#2728=LINE('',#14970,#3886);
#2729=LINE('',#14972,#3887);
#2730=LINE('',#14974,#3888);
#2731=LINE('',#14976,#3889);
#2732=LINE('',#14977,#3890);
#2733=LINE('',#14979,#3891);
#2734=LINE('',#14981,#3892);
#2735=LINE('',#14982,#3893);
#2736=LINE('',#14991,#3894);
#2737=LINE('',#14998,#3895);
#2738=LINE('',#15001,#3896);
#2739=LINE('',#15003,#3897);
#2740=LINE('',#15005,#3898);
#2741=LINE('',#15007,#3899);
#2742=LINE('',#15009,#3900);
#2743=LINE('',#15010,#3901);
#2744=LINE('',#15013,#3902);
#2745=LINE('',#15021,#3903);
#2746=LINE('',#15029,#3904);
#2747=LINE('',#15037,#3905);
#2748=LINE('',#15045,#3906);
#2749=LINE('',#15055,#3907);
#2750=LINE('',#15057,#3908);
#2751=LINE('',#15058,#3909);
#2752=LINE('',#15061,#3910);
#2753=LINE('',#15063,#3911);
#2754=LINE('',#15065,#3912);
#2755=LINE('',#15067,#3913);
#2756=LINE('',#15069,#3914);
#2757=LINE('',#15070,#3915);
#2758=LINE('',#15072,#3916);
#2759=LINE('',#15074,#3917);
#2760=LINE('',#15075,#3918);
#2761=LINE('',#15078,#3919);
#2762=LINE('',#15080,#3920);
#2763=LINE('',#15082,#3921);
#2764=LINE('',#15084,#3922);
#2765=LINE('',#15086,#3923);
#2766=LINE('',#15087,#3924);
#2767=LINE('',#15089,#3925);
#2768=LINE('',#15091,#3926);
#2769=LINE('',#15092,#3927);
#2770=LINE('',#15094,#3928);
#2771=LINE('',#15096,#3929);
#2772=LINE('',#15097,#3930);
#2773=LINE('',#15099,#3931);
#2774=LINE('',#15101,#3932);
#2775=LINE('',#15102,#3933);
#2776=LINE('',#15104,#3934);
#2777=LINE('',#15106,#3935);
#2778=LINE('',#15107,#3936);
#2779=LINE('',#15110,#3937);
#2780=LINE('',#15112,#3938);
#2781=LINE('',#15114,#3939);
#2782=LINE('',#15116,#3940);
#2783=LINE('',#15118,#3941);
#2784=LINE('',#15119,#3942);
#2785=LINE('',#15122,#3943);
#2786=LINE('',#15124,#3944);
#2787=LINE('',#15126,#3945);
#2788=LINE('',#15128,#3946);
#2789=LINE('',#15130,#3947);
#2790=LINE('',#15131,#3948);
#2791=LINE('',#15133,#3949);
#2792=LINE('',#15135,#3950);
#2793=LINE('',#15136,#3951);
#2794=LINE('',#15138,#3952);
#2795=LINE('',#15140,#3953);
#2796=LINE('',#15141,#3954);
#2797=LINE('',#15143,#3955);
#2798=LINE('',#15145,#3956);
#2799=LINE('',#15146,#3957);
#2800=LINE('',#15148,#3958);
#2801=LINE('',#15150,#3959);
#2802=LINE('',#15151,#3960);
#2803=LINE('',#15154,#3961);
#2804=LINE('',#15156,#3962);
#2805=LINE('',#15158,#3963);
#2806=LINE('',#15160,#3964);
#2807=LINE('',#15162,#3965);
#2808=LINE('',#15163,#3966);
#2809=LINE('',#15166,#3967);
#2810=LINE('',#15168,#3968);
#2811=LINE('',#15170,#3969);
#2812=LINE('',#15172,#3970);
#2813=LINE('',#15174,#3971);
#2814=LINE('',#15175,#3972);
#2815=LINE('',#15177,#3973);
#2816=LINE('',#15179,#3974);
#2817=LINE('',#15180,#3975);
#2818=LINE('',#15183,#3976);
#2819=LINE('',#15185,#3977);
#2820=LINE('',#15187,#3978);
#2821=LINE('',#15189,#3979);
#2822=LINE('',#15191,#3980);
#2823=LINE('',#15192,#3981);
#2824=LINE('',#15195,#3982);
#2825=LINE('',#15197,#3983);
#2826=LINE('',#15199,#3984);
#2827=LINE('',#15201,#3985);
#2828=LINE('',#15203,#3986);
#2829=LINE('',#15204,#3987);
#2830=LINE('',#15206,#3988);
#2831=LINE('',#15208,#3989);
#2832=LINE('',#15209,#3990);
#2833=LINE('',#15211,#3991);
#2834=LINE('',#15213,#3992);
#2835=LINE('',#15214,#3993);
#2836=LINE('',#15217,#3994);
#2837=LINE('',#15219,#3995);
#2838=LINE('',#15221,#3996);
#2839=LINE('',#15223,#3997);
#2840=LINE('',#15225,#3998);
#2841=LINE('',#15226,#3999);
#2842=LINE('',#15229,#4000);
#2843=LINE('',#15231,#4001);
#2844=LINE('',#15233,#4002);
#2845=LINE('',#15235,#4003);
#2846=LINE('',#15237,#4004);
#2847=LINE('',#15238,#4005);
#2848=LINE('',#15241,#4006);
#2849=LINE('',#15243,#4007);
#2850=LINE('',#15245,#4008);
#2851=LINE('',#15247,#4009);
#2852=LINE('',#15249,#4010);
#2853=LINE('',#15250,#4011);
#2854=LINE('',#15252,#4012);
#2855=LINE('',#15254,#4013);
#2856=LINE('',#15255,#4014);
#2857=LINE('',#15258,#4015);
#2858=LINE('',#15260,#4016);
#2859=LINE('',#15262,#4017);
#2860=LINE('',#15264,#4018);
#2861=LINE('',#15266,#4019);
#2862=LINE('',#15267,#4020);
#2863=LINE('',#15269,#4021);
#2864=LINE('',#15271,#4022);
#2865=LINE('',#15272,#4023);
#2866=LINE('',#15275,#4024);
#2867=LINE('',#15277,#4025);
#2868=LINE('',#15279,#4026);
#2869=LINE('',#15281,#4027);
#2870=LINE('',#15283,#4028);
#2871=LINE('',#15284,#4029);
#2872=LINE('',#15286,#4030);
#2873=LINE('',#15288,#4031);
#2874=LINE('',#15289,#4032);
#2875=LINE('',#15292,#4033);
#2876=LINE('',#15294,#4034);
#2877=LINE('',#15296,#4035);
#2878=LINE('',#15298,#4036);
#2879=LINE('',#15300,#4037);
#2880=LINE('',#15301,#4038);
#2881=LINE('',#15541,#4039);
#2882=LINE('',#15542,#4040);
#2883=LINE('',#15565,#4041);
#2884=LINE('',#15566,#4042);
#2885=LINE('',#15665,#4043);
#2886=LINE('',#15673,#4044);
#2887=LINE('',#15681,#4045);
#2888=LINE('',#15689,#4046);
#2889=LINE('',#15784,#4047);
#2890=LINE('',#15800,#4048);
#2891=LINE('',#15937,#4049);
#2892=LINE('',#15953,#4050);
#2893=LINE('',#16027,#4051);
#2894=LINE('',#16028,#4052);
#2895=LINE('',#16030,#4053);
#2896=LINE('',#16031,#4054);
#2897=LINE('',#16033,#4055);
#2898=LINE('',#16034,#4056);
#2899=LINE('',#16036,#4057);
#2900=LINE('',#16038,#4058);
#2901=LINE('',#16040,#4059);
#2902=LINE('',#16042,#4060);
#2903=LINE('',#16044,#4061);
#2904=LINE('',#16046,#4062);
#2905=LINE('',#16048,#4063);
#2906=LINE('',#16050,#4064);
#2907=LINE('',#16052,#4065);
#2908=LINE('',#16054,#4066);
#2909=LINE('',#16056,#4067);
#2910=LINE('',#16058,#4068);
#2911=LINE('',#16061,#4069);
#2912=LINE('',#16063,#4070);
#2913=LINE('',#16066,#4071);
#2914=LINE('',#16067,#4072);
#2915=LINE('',#16069,#4073);
#2916=LINE('',#16071,#4074);
#2917=LINE('',#16073,#4075);
#2918=LINE('',#16075,#4076);
#2919=LINE('',#16078,#4077);
#2920=LINE('',#16079,#4078);
#2921=LINE('',#16081,#4079);
#2922=LINE('',#16083,#4080);
#2923=LINE('',#16085,#4081);
#2924=LINE('',#16087,#4082);
#2925=LINE('',#16090,#4083);
#2926=LINE('',#16091,#4084);
#2927=LINE('',#16093,#4085);
#2928=LINE('',#16095,#4086);
#2929=LINE('',#16097,#4087);
#2930=LINE('',#16099,#4088);
#2931=LINE('',#16102,#4089);
#2932=LINE('',#16104,#4090);
#2933=LINE('',#16107,#4091);
#2934=LINE('',#16109,#4092);
#2935=LINE('',#16112,#4093);
#2936=LINE('',#16114,#4094);
#2937=LINE('',#16117,#4095);
#2938=LINE('',#16119,#4096);
#2939=LINE('',#16122,#4097);
#2940=LINE('',#16124,#4098);
#2941=LINE('',#16127,#4099);
#2942=LINE('',#16128,#4100);
#2943=LINE('',#16130,#4101);
#2944=LINE('',#16132,#4102);
#2945=LINE('',#16134,#4103);
#2946=LINE('',#16136,#4104);
#2947=LINE('',#16139,#4105);
#2948=LINE('',#16140,#4106);
#2949=LINE('',#16142,#4107);
#2950=LINE('',#16144,#4108);
#2951=LINE('',#16146,#4109);
#2952=LINE('',#16148,#4110);
#2953=LINE('',#16151,#4111);
#2954=LINE('',#16152,#4112);
#2955=LINE('',#16154,#4113);
#2956=LINE('',#16156,#4114);
#2957=LINE('',#16158,#4115);
#2958=LINE('',#16160,#4116);
#2959=LINE('',#16163,#4117);
#2960=LINE('',#16165,#4118);
#2961=LINE('',#16168,#4119);
#2962=LINE('',#16170,#4120);
#2963=LINE('',#16173,#4121);
#2964=LINE('',#16175,#4122);
#2965=LINE('',#16178,#4123);
#2966=LINE('',#16179,#4124);
#2967=LINE('',#16181,#4125);
#2968=LINE('',#16183,#4126);
#2969=LINE('',#16185,#4127);
#2970=LINE('',#16187,#4128);
#2971=LINE('',#16190,#4129);
#2972=LINE('',#16191,#4130);
#2973=LINE('',#16193,#4131);
#2974=LINE('',#16195,#4132);
#2975=LINE('',#16197,#4133);
#2976=LINE('',#16199,#4134);
#2977=LINE('',#16202,#4135);
#2978=LINE('',#16203,#4136);
#2979=LINE('',#16205,#4137);
#2980=LINE('',#16207,#4138);
#2981=LINE('',#16209,#4139);
#2982=LINE('',#16211,#4140);
#2983=LINE('',#16214,#4141);
#2984=LINE('',#16215,#4142);
#2985=LINE('',#16217,#4143);
#2986=LINE('',#16219,#4144);
#2987=LINE('',#16221,#4145);
#2988=LINE('',#16223,#4146);
#2989=LINE('',#16226,#4147);
#2990=LINE('',#16228,#4148);
#2991=LINE('',#16231,#4149);
#2992=LINE('',#16233,#4150);
#2993=LINE('',#16236,#4151);
#2994=LINE('',#16238,#4152);
#2995=LINE('',#16241,#4153);
#2996=LINE('',#16243,#4154);
#2997=LINE('',#16246,#4155);
#2998=LINE('',#16247,#4156);
#2999=LINE('',#16249,#4157);
#3000=LINE('',#16251,#4158);
#3001=LINE('',#16253,#4159);
#3002=LINE('',#16255,#4160);
#3003=LINE('',#16258,#4161);
#3004=LINE('',#16259,#4162);
#3005=LINE('',#16261,#4163);
#3006=LINE('',#16263,#4164);
#3007=LINE('',#16265,#4165);
#3008=LINE('',#16267,#4166);
#3009=LINE('',#16270,#4167);
#3010=LINE('',#16271,#4168);
#3011=LINE('',#16273,#4169);
#3012=LINE('',#16275,#4170);
#3013=LINE('',#16277,#4171);
#3014=LINE('',#16279,#4172);
#3015=LINE('',#16282,#4173);
#3016=LINE('',#16283,#4174);
#3017=LINE('',#16285,#4175);
#3018=LINE('',#16287,#4176);
#3019=LINE('',#16289,#4177);
#3020=LINE('',#16291,#4178);
#3021=LINE('',#16294,#4179);
#3022=LINE('',#16296,#4180);
#3023=LINE('',#16299,#4181);
#3024=LINE('',#16301,#4182);
#3025=LINE('',#16304,#4183);
#3026=LINE('',#16306,#4184);
#3027=LINE('',#16307,#4185);
#3028=LINE('',#16309,#4186);
#3029=LINE('',#16313,#4187);
#3030=LINE('',#16315,#4188);
#3031=LINE('',#16318,#4189);
#3032=LINE('',#16320,#4190);
#3033=VECTOR('',#10557,2.69999999999996);
#3034=VECTOR('',#10562,10.);
#3035=VECTOR('',#10563,10.);
#3036=VECTOR('',#10564,10.);
#3037=VECTOR('',#10565,10.);
#3038=VECTOR('',#10568,10.);
#3039=VECTOR('',#10569,10.);
#3040=VECTOR('',#10570,10.);
#3041=VECTOR('',#10573,10.);
#3042=VECTOR('',#10574,10.);
#3043=VECTOR('',#10575,10.);
#3044=VECTOR('',#10578,10.);
#3045=VECTOR('',#10579,10.);
#3046=VECTOR('',#10580,10.);
#3047=VECTOR('',#10583,10.);
#3048=VECTOR('',#10584,10.);
#3049=VECTOR('',#10585,10.);
#3050=VECTOR('',#10588,10.);
#3051=VECTOR('',#10589,10.);
#3052=VECTOR('',#10598,2.70000000000003);
#3053=VECTOR('',#10603,10.);
#3054=VECTOR('',#10604,10.);
#3055=VECTOR('',#10605,10.);
#3056=VECTOR('',#10606,10.);
#3057=VECTOR('',#10609,10.);
#3058=VECTOR('',#10610,10.);
#3059=VECTOR('',#10611,10.);
#3060=VECTOR('',#10614,10.);
#3061=VECTOR('',#10615,10.);
#3062=VECTOR('',#10616,10.);
#3063=VECTOR('',#10619,10.);
#3064=VECTOR('',#10620,10.);
#3065=VECTOR('',#10621,10.);
#3066=VECTOR('',#10624,10.);
#3067=VECTOR('',#10625,10.);
#3068=VECTOR('',#10626,10.);
#3069=VECTOR('',#10629,10.);
#3070=VECTOR('',#10630,10.);
#3071=VECTOR('',#10639,2.7);
#3072=VECTOR('',#10644,10.);
#3073=VECTOR('',#10645,10.);
#3074=VECTOR('',#10646,10.);
#3075=VECTOR('',#10647,10.);
#3076=VECTOR('',#10650,10.);
#3077=VECTOR('',#10651,10.);
#3078=VECTOR('',#10652,10.);
#3079=VECTOR('',#10655,10.);
#3080=VECTOR('',#10656,10.);
#3081=VECTOR('',#10657,10.);
#3082=VECTOR('',#10660,10.);
#3083=VECTOR('',#10661,10.);
#3084=VECTOR('',#10662,10.);
#3085=VECTOR('',#10665,10.);
#3086=VECTOR('',#10666,10.);
#3087=VECTOR('',#10667,10.);
#3088=VECTOR('',#10670,10.);
#3089=VECTOR('',#10671,10.);
#3090=VECTOR('',#10680,2.7);
#3091=VECTOR('',#10685,10.);
#3092=VECTOR('',#10686,10.);
#3093=VECTOR('',#10687,10.);
#3094=VECTOR('',#10688,10.);
#3095=VECTOR('',#10691,10.);
#3096=VECTOR('',#10692,10.);
#3097=VECTOR('',#10693,10.);
#3098=VECTOR('',#10696,10.);
#3099=VECTOR('',#10697,10.);
#3100=VECTOR('',#10698,10.);
#3101=VECTOR('',#10701,10.);
#3102=VECTOR('',#10702,10.);
#3103=VECTOR('',#10703,10.);
#3104=VECTOR('',#10706,10.);
#3105=VECTOR('',#10707,10.);
#3106=VECTOR('',#10708,10.);
#3107=VECTOR('',#10711,10.);
#3108=VECTOR('',#10712,10.);
#3109=VECTOR('',#10721,2.7);
#3110=VECTOR('',#10726,10.);
#3111=VECTOR('',#10727,10.);
#3112=VECTOR('',#10728,10.);
#3113=VECTOR('',#10729,10.);
#3114=VECTOR('',#10732,10.);
#3115=VECTOR('',#10733,10.);
#3116=VECTOR('',#10734,10.);
#3117=VECTOR('',#10737,10.);
#3118=VECTOR('',#10738,10.);
#3119=VECTOR('',#10739,10.);
#3120=VECTOR('',#10742,10.);
#3121=VECTOR('',#10743,10.);
#3122=VECTOR('',#10744,10.);
#3123=VECTOR('',#10747,10.);
#3124=VECTOR('',#10748,10.);
#3125=VECTOR('',#10749,10.);
#3126=VECTOR('',#10752,10.);
#3127=VECTOR('',#10753,10.);
#3128=VECTOR('',#10762,2.7);
#3129=VECTOR('',#10767,10.);
#3130=VECTOR('',#10768,10.);
#3131=VECTOR('',#10769,10.);
#3132=VECTOR('',#10770,10.);
#3133=VECTOR('',#10773,10.);
#3134=VECTOR('',#10774,10.);
#3135=VECTOR('',#10775,10.);
#3136=VECTOR('',#10778,10.);
#3137=VECTOR('',#10779,10.);
#3138=VECTOR('',#10780,10.);
#3139=VECTOR('',#10783,10.);
#3140=VECTOR('',#10784,10.);
#3141=VECTOR('',#10785,10.);
#3142=VECTOR('',#10788,10.);
#3143=VECTOR('',#10789,10.);
#3144=VECTOR('',#10790,10.);
#3145=VECTOR('',#10793,10.);
#3146=VECTOR('',#10794,10.);
#3147=VECTOR('',#10803,2.7);
#3148=VECTOR('',#10808,10.);
#3149=VECTOR('',#10809,10.);
#3150=VECTOR('',#10810,10.);
#3151=VECTOR('',#10811,10.);
#3152=VECTOR('',#10814,10.);
#3153=VECTOR('',#10815,10.);
#3154=VECTOR('',#10816,10.);
#3155=VECTOR('',#10819,10.);
#3156=VECTOR('',#10820,10.);
#3157=VECTOR('',#10821,10.);
#3158=VECTOR('',#10824,10.);
#3159=VECTOR('',#10825,10.);
#3160=VECTOR('',#10826,10.);
#3161=VECTOR('',#10829,10.);
#3162=VECTOR('',#10830,10.);
#3163=VECTOR('',#10831,10.);
#3164=VECTOR('',#10834,10.);
#3165=VECTOR('',#10835,10.);
#3166=VECTOR('',#10844,2.7);
#3167=VECTOR('',#10849,10.);
#3168=VECTOR('',#10850,10.);
#3169=VECTOR('',#10851,10.);
#3170=VECTOR('',#10852,10.);
#3171=VECTOR('',#10855,10.);
#3172=VECTOR('',#10856,10.);
#3173=VECTOR('',#10857,10.);
#3174=VECTOR('',#10860,10.);
#3175=VECTOR('',#10861,10.);
#3176=VECTOR('',#10862,10.);
#3177=VECTOR('',#10865,10.);
#3178=VECTOR('',#10866,10.);
#3179=VECTOR('',#10867,10.);
#3180=VECTOR('',#10870,10.);
#3181=VECTOR('',#10871,10.);
#3182=VECTOR('',#10872,10.);
#3183=VECTOR('',#10875,10.);
#3184=VECTOR('',#10876,10.);
#3185=VECTOR('',#10885,2.7);
#3186=VECTOR('',#10890,10.);
#3187=VECTOR('',#10891,10.);
#3188=VECTOR('',#10892,10.);
#3189=VECTOR('',#10893,10.);
#3190=VECTOR('',#10896,10.);
#3191=VECTOR('',#10897,10.);
#3192=VECTOR('',#10898,10.);
#3193=VECTOR('',#10901,10.);
#3194=VECTOR('',#10902,10.);
#3195=VECTOR('',#10903,10.);
#3196=VECTOR('',#10906,10.);
#3197=VECTOR('',#10907,10.);
#3198=VECTOR('',#10908,10.);
#3199=VECTOR('',#10911,10.);
#3200=VECTOR('',#10912,10.);
#3201=VECTOR('',#10913,10.);
#3202=VECTOR('',#10916,10.);
#3203=VECTOR('',#10917,10.);
#3204=VECTOR('',#10926,2.7);
#3205=VECTOR('',#10931,10.);
#3206=VECTOR('',#10932,10.);
#3207=VECTOR('',#10933,10.);
#3208=VECTOR('',#10934,10.);
#3209=VECTOR('',#10937,10.);
#3210=VECTOR('',#10938,10.);
#3211=VECTOR('',#10939,10.);
#3212=VECTOR('',#10942,10.);
#3213=VECTOR('',#10943,10.);
#3214=VECTOR('',#10944,10.);
#3215=VECTOR('',#10947,10.);
#3216=VECTOR('',#10948,10.);
#3217=VECTOR('',#10949,10.);
#3218=VECTOR('',#10952,10.);
#3219=VECTOR('',#10953,10.);
#3220=VECTOR('',#10954,10.);
#3221=VECTOR('',#10957,10.);
#3222=VECTOR('',#10958,10.);
#3223=VECTOR('',#10967,2.7);
#3224=VECTOR('',#10972,10.);
#3225=VECTOR('',#10973,10.);
#3226=VECTOR('',#10974,10.);
#3227=VECTOR('',#10975,10.);
#3228=VECTOR('',#10978,10.);
#3229=VECTOR('',#10979,10.);
#3230=VECTOR('',#10980,10.);
#3231=VECTOR('',#10983,10.);
#3232=VECTOR('',#10984,10.);
#3233=VECTOR('',#10985,10.);
#3234=VECTOR('',#10988,10.);
#3235=VECTOR('',#10989,10.);
#3236=VECTOR('',#10990,10.);
#3237=VECTOR('',#10993,10.);
#3238=VECTOR('',#10994,10.);
#3239=VECTOR('',#10995,10.);
#3240=VECTOR('',#10998,10.);
#3241=VECTOR('',#10999,10.);
#3242=VECTOR('',#11008,2.7);
#3243=VECTOR('',#11013,10.);
#3244=VECTOR('',#11014,10.);
#3245=VECTOR('',#11015,10.);
#3246=VECTOR('',#11016,10.);
#3247=VECTOR('',#11019,10.);
#3248=VECTOR('',#11020,10.);
#3249=VECTOR('',#11021,10.);
#3250=VECTOR('',#11024,10.);
#3251=VECTOR('',#11025,10.);
#3252=VECTOR('',#11026,10.);
#3253=VECTOR('',#11029,10.);
#3254=VECTOR('',#11030,10.);
#3255=VECTOR('',#11031,10.);
#3256=VECTOR('',#11034,10.);
#3257=VECTOR('',#11035,10.);
#3258=VECTOR('',#11036,10.);
#3259=VECTOR('',#11039,10.);
#3260=VECTOR('',#11040,10.);
#3261=VECTOR('',#11049,2.7);
#3262=VECTOR('',#11054,10.);
#3263=VECTOR('',#11055,10.);
#3264=VECTOR('',#11056,10.);
#3265=VECTOR('',#11057,10.);
#3266=VECTOR('',#11060,10.);
#3267=VECTOR('',#11061,10.);
#3268=VECTOR('',#11062,10.);
#3269=VECTOR('',#11065,10.);
#3270=VECTOR('',#11066,10.);
#3271=VECTOR('',#11067,10.);
#3272=VECTOR('',#11070,10.);
#3273=VECTOR('',#11071,10.);
#3274=VECTOR('',#11072,10.);
#3275=VECTOR('',#11075,10.);
#3276=VECTOR('',#11076,10.);
#3277=VECTOR('',#11077,10.);
#3278=VECTOR('',#11080,10.);
#3279=VECTOR('',#11081,10.);
#3280=VECTOR('',#11090,2.69999999999996);
#3281=VECTOR('',#11095,10.);
#3282=VECTOR('',#11096,10.);
#3283=VECTOR('',#11097,10.);
#3284=VECTOR('',#11098,10.);
#3285=VECTOR('',#11101,10.);
#3286=VECTOR('',#11102,10.);
#3287=VECTOR('',#11103,10.);
#3288=VECTOR('',#11106,10.);
#3289=VECTOR('',#11107,10.);
#3290=VECTOR('',#11108,10.);
#3291=VECTOR('',#11111,10.);
#3292=VECTOR('',#11112,10.);
#3293=VECTOR('',#11113,10.);
#3294=VECTOR('',#11116,10.);
#3295=VECTOR('',#11117,10.);
#3296=VECTOR('',#11118,10.);
#3297=VECTOR('',#11121,10.);
#3298=VECTOR('',#11122,10.);
#3299=VECTOR('',#11131,2.69999999999996);
#3300=VECTOR('',#11136,10.);
#3301=VECTOR('',#11137,10.);
#3302=VECTOR('',#11138,10.);
#3303=VECTOR('',#11139,10.);
#3304=VECTOR('',#11142,10.);
#3305=VECTOR('',#11143,10.);
#3306=VECTOR('',#11144,10.);
#3307=VECTOR('',#11147,10.);
#3308=VECTOR('',#11148,10.);
#3309=VECTOR('',#11149,10.);
#3310=VECTOR('',#11152,10.);
#3311=VECTOR('',#11153,10.);
#3312=VECTOR('',#11154,10.);
#3313=VECTOR('',#11157,10.);
#3314=VECTOR('',#11158,10.);
#3315=VECTOR('',#11159,10.);
#3316=VECTOR('',#11162,10.);
#3317=VECTOR('',#11163,10.);
#3318=VECTOR('',#11172,2.70000000000003);
#3319=VECTOR('',#11177,10.);
#3320=VECTOR('',#11178,10.);
#3321=VECTOR('',#11179,10.);
#3322=VECTOR('',#11180,10.);
#3323=VECTOR('',#11183,10.);
#3324=VECTOR('',#11184,10.);
#3325=VECTOR('',#11185,10.);
#3326=VECTOR('',#11188,10.);
#3327=VECTOR('',#11189,10.);
#3328=VECTOR('',#11190,10.);
#3329=VECTOR('',#11193,10.);
#3330=VECTOR('',#11194,10.);
#3331=VECTOR('',#11195,10.);
#3332=VECTOR('',#11198,10.);
#3333=VECTOR('',#11199,10.);
#3334=VECTOR('',#11200,10.);
#3335=VECTOR('',#11203,10.);
#3336=VECTOR('',#11204,10.);
#3337=VECTOR('',#11213,2.7);
#3338=VECTOR('',#11218,10.);
#3339=VECTOR('',#11219,10.);
#3340=VECTOR('',#11220,10.);
#3341=VECTOR('',#11221,10.);
#3342=VECTOR('',#11224,10.);
#3343=VECTOR('',#11225,10.);
#3344=VECTOR('',#11226,10.);
#3345=VECTOR('',#11229,10.);
#3346=VECTOR('',#11230,10.);
#3347=VECTOR('',#11231,10.);
#3348=VECTOR('',#11234,10.);
#3349=VECTOR('',#11235,10.);
#3350=VECTOR('',#11236,10.);
#3351=VECTOR('',#11239,10.);
#3352=VECTOR('',#11240,10.);
#3353=VECTOR('',#11241,10.);
#3354=VECTOR('',#11244,10.);
#3355=VECTOR('',#11245,10.);
#3356=VECTOR('',#11254,2.7);
#3357=VECTOR('',#11259,10.);
#3358=VECTOR('',#11260,10.);
#3359=VECTOR('',#11261,10.);
#3360=VECTOR('',#11262,10.);
#3361=VECTOR('',#11265,10.);
#3362=VECTOR('',#11266,10.);
#3363=VECTOR('',#11267,10.);
#3364=VECTOR('',#11270,10.);
#3365=VECTOR('',#11271,10.);
#3366=VECTOR('',#11272,10.);
#3367=VECTOR('',#11275,10.);
#3368=VECTOR('',#11276,10.);
#3369=VECTOR('',#11277,10.);
#3370=VECTOR('',#11280,10.);
#3371=VECTOR('',#11281,10.);
#3372=VECTOR('',#11282,10.);
#3373=VECTOR('',#11285,10.);
#3374=VECTOR('',#11286,10.);
#3375=VECTOR('',#11295,2.7);
#3376=VECTOR('',#11300,10.);
#3377=VECTOR('',#11301,10.);
#3378=VECTOR('',#11302,10.);
#3379=VECTOR('',#11303,10.);
#3380=VECTOR('',#11306,10.);
#3381=VECTOR('',#11307,10.);
#3382=VECTOR('',#11308,10.);
#3383=VECTOR('',#11311,10.);
#3384=VECTOR('',#11312,10.);
#3385=VECTOR('',#11313,10.);
#3386=VECTOR('',#11316,10.);
#3387=VECTOR('',#11317,10.);
#3388=VECTOR('',#11318,10.);
#3389=VECTOR('',#11321,10.);
#3390=VECTOR('',#11322,10.);
#3391=VECTOR('',#11323,10.);
#3392=VECTOR('',#11326,10.);
#3393=VECTOR('',#11327,10.);
#3394=VECTOR('',#11336,2.7);
#3395=VECTOR('',#11341,10.);
#3396=VECTOR('',#11342,10.);
#3397=VECTOR('',#11343,10.);
#3398=VECTOR('',#11344,10.);
#3399=VECTOR('',#11347,10.);
#3400=VECTOR('',#11348,10.);
#3401=VECTOR('',#11349,10.);
#3402=VECTOR('',#11352,10.);
#3403=VECTOR('',#11353,10.);
#3404=VECTOR('',#11354,10.);
#3405=VECTOR('',#11357,10.);
#3406=VECTOR('',#11358,10.);
#3407=VECTOR('',#11359,10.);
#3408=VECTOR('',#11362,10.);
#3409=VECTOR('',#11363,10.);
#3410=VECTOR('',#11364,10.);
#3411=VECTOR('',#11367,10.);
#3412=VECTOR('',#11368,10.);
#3413=VECTOR('',#11377,2.7);
#3414=VECTOR('',#11382,10.);
#3415=VECTOR('',#11383,10.);
#3416=VECTOR('',#11384,10.);
#3417=VECTOR('',#11385,10.);
#3418=VECTOR('',#11388,10.);
#3419=VECTOR('',#11389,10.);
#3420=VECTOR('',#11390,10.);
#3421=VECTOR('',#11393,10.);
#3422=VECTOR('',#11394,10.);
#3423=VECTOR('',#11395,10.);
#3424=VECTOR('',#11398,10.);
#3425=VECTOR('',#11399,10.);
#3426=VECTOR('',#11400,10.);
#3427=VECTOR('',#11403,10.);
#3428=VECTOR('',#11404,10.);
#3429=VECTOR('',#11405,10.);
#3430=VECTOR('',#11408,10.);
#3431=VECTOR('',#11409,10.);
#3432=VECTOR('',#11418,2.7);
#3433=VECTOR('',#11423,10.);
#3434=VECTOR('',#11424,10.);
#3435=VECTOR('',#11425,10.);
#3436=VECTOR('',#11426,10.);
#3437=VECTOR('',#11429,10.);
#3438=VECTOR('',#11430,10.);
#3439=VECTOR('',#11431,10.);
#3440=VECTOR('',#11434,10.);
#3441=VECTOR('',#11435,10.);
#3442=VECTOR('',#11436,10.);
#3443=VECTOR('',#11439,10.);
#3444=VECTOR('',#11440,10.);
#3445=VECTOR('',#11441,10.);
#3446=VECTOR('',#11444,10.);
#3447=VECTOR('',#11445,10.);
#3448=VECTOR('',#11446,10.);
#3449=VECTOR('',#11449,10.);
#3450=VECTOR('',#11450,10.);
#3451=VECTOR('',#11459,2.7);
#3452=VECTOR('',#11464,10.);
#3453=VECTOR('',#11465,10.);
#3454=VECTOR('',#11466,10.);
#3455=VECTOR('',#11467,10.);
#3456=VECTOR('',#11470,10.);
#3457=VECTOR('',#11471,10.);
#3458=VECTOR('',#11472,10.);
#3459=VECTOR('',#11475,10.);
#3460=VECTOR('',#11476,10.);
#3461=VECTOR('',#11477,10.);
#3462=VECTOR('',#11480,10.);
#3463=VECTOR('',#11481,10.);
#3464=VECTOR('',#11482,10.);
#3465=VECTOR('',#11485,10.);
#3466=VECTOR('',#11486,10.);
#3467=VECTOR('',#11487,10.);
#3468=VECTOR('',#11490,10.);
#3469=VECTOR('',#11491,10.);
#3470=VECTOR('',#11500,2.7);
#3471=VECTOR('',#11505,10.);
#3472=VECTOR('',#11506,10.);
#3473=VECTOR('',#11507,10.);
#3474=VECTOR('',#11508,10.);
#3475=VECTOR('',#11511,10.);
#3476=VECTOR('',#11512,10.);
#3477=VECTOR('',#11513,10.);
#3478=VECTOR('',#11516,10.);
#3479=VECTOR('',#11517,10.);
#3480=VECTOR('',#11518,10.);
#3481=VECTOR('',#11521,10.);
#3482=VECTOR('',#11522,10.);
#3483=VECTOR('',#11523,10.);
#3484=VECTOR('',#11526,10.);
#3485=VECTOR('',#11527,10.);
#3486=VECTOR('',#11528,10.);
#3487=VECTOR('',#11531,10.);
#3488=VECTOR('',#11532,10.);
#3489=VECTOR('',#11541,2.7);
#3490=VECTOR('',#11546,10.);
#3491=VECTOR('',#11547,10.);
#3492=VECTOR('',#11548,10.);
#3493=VECTOR('',#11549,10.);
#3494=VECTOR('',#11552,10.);
#3495=VECTOR('',#11553,10.);
#3496=VECTOR('',#11554,10.);
#3497=VECTOR('',#11557,10.);
#3498=VECTOR('',#11558,10.);
#3499=VECTOR('',#11559,10.);
#3500=VECTOR('',#11562,10.);
#3501=VECTOR('',#11563,10.);
#3502=VECTOR('',#11564,10.);
#3503=VECTOR('',#11567,10.);
#3504=VECTOR('',#11568,10.);
#3505=VECTOR('',#11569,10.);
#3506=VECTOR('',#11572,10.);
#3507=VECTOR('',#11573,10.);
#3508=VECTOR('',#11582,2.7);
#3509=VECTOR('',#11587,10.);
#3510=VECTOR('',#11588,10.);
#3511=VECTOR('',#11589,10.);
#3512=VECTOR('',#11590,10.);
#3513=VECTOR('',#11593,10.);
#3514=VECTOR('',#11594,10.);
#3515=VECTOR('',#11595,10.);
#3516=VECTOR('',#11598,10.);
#3517=VECTOR('',#11599,10.);
#3518=VECTOR('',#11600,10.);
#3519=VECTOR('',#11603,10.);
#3520=VECTOR('',#11604,10.);
#3521=VECTOR('',#11605,10.);
#3522=VECTOR('',#11608,10.);
#3523=VECTOR('',#11609,10.);
#3524=VECTOR('',#11610,10.);
#3525=VECTOR('',#11613,10.);
#3526=VECTOR('',#11614,10.);
#3527=VECTOR('',#11623,2.7);
#3528=VECTOR('',#11628,10.);
#3529=VECTOR('',#11629,10.);
#3530=VECTOR('',#11630,10.);
#3531=VECTOR('',#11631,10.);
#3532=VECTOR('',#11634,10.);
#3533=VECTOR('',#11635,10.);
#3534=VECTOR('',#11636,10.);
#3535=VECTOR('',#11639,10.);
#3536=VECTOR('',#11640,10.);
#3537=VECTOR('',#11641,10.);
#3538=VECTOR('',#11644,10.);
#3539=VECTOR('',#11645,10.);
#3540=VECTOR('',#11646,10.);
#3541=VECTOR('',#11649,10.);
#3542=VECTOR('',#11650,10.);
#3543=VECTOR('',#11651,10.);
#3544=VECTOR('',#11654,10.);
#3545=VECTOR('',#11655,10.);
#3546=VECTOR('',#11664,2.7);
#3547=VECTOR('',#11669,10.);
#3548=VECTOR('',#11670,10.);
#3549=VECTOR('',#11671,10.);
#3550=VECTOR('',#11672,10.);
#3551=VECTOR('',#11675,10.);
#3552=VECTOR('',#11676,10.);
#3553=VECTOR('',#11677,10.);
#3554=VECTOR('',#11680,10.);
#3555=VECTOR('',#11681,10.);
#3556=VECTOR('',#11682,10.);
#3557=VECTOR('',#11685,10.);
#3558=VECTOR('',#11686,10.);
#3559=VECTOR('',#11687,10.);
#3560=VECTOR('',#11690,10.);
#3561=VECTOR('',#11691,10.);
#3562=VECTOR('',#11692,10.);
#3563=VECTOR('',#11695,10.);
#3564=VECTOR('',#11696,10.);
#3565=VECTOR('',#11705,2.69999999999996);
#3566=VECTOR('',#11710,10.);
#3567=VECTOR('',#11711,10.);
#3568=VECTOR('',#11712,10.);
#3569=VECTOR('',#11713,10.);
#3570=VECTOR('',#11716,10.);
#3571=VECTOR('',#11717,10.);
#3572=VECTOR('',#11718,10.);
#3573=VECTOR('',#11721,10.);
#3574=VECTOR('',#11722,10.);
#3575=VECTOR('',#11723,10.);
#3576=VECTOR('',#11726,10.);
#3577=VECTOR('',#11727,10.);
#3578=VECTOR('',#11728,10.);
#3579=VECTOR('',#11731,10.);
#3580=VECTOR('',#11732,10.);
#3581=VECTOR('',#11733,10.);
#3582=VECTOR('',#11736,10.);
#3583=VECTOR('',#11737,10.);
#3584=VECTOR('',#11746,2.69999999999996);
#3585=VECTOR('',#11751,10.);
#3586=VECTOR('',#11752,10.);
#3587=VECTOR('',#11753,10.);
#3588=VECTOR('',#11754,10.);
#3589=VECTOR('',#11757,10.);
#3590=VECTOR('',#11758,10.);
#3591=VECTOR('',#11759,10.);
#3592=VECTOR('',#11762,10.);
#3593=VECTOR('',#11763,10.);
#3594=VECTOR('',#11764,10.);
#3595=VECTOR('',#11767,10.);
#3596=VECTOR('',#11768,10.);
#3597=VECTOR('',#11769,10.);
#3598=VECTOR('',#11772,10.);
#3599=VECTOR('',#11773,10.);
#3600=VECTOR('',#11774,10.);
#3601=VECTOR('',#11777,10.);
#3602=VECTOR('',#11778,10.);
#3603=VECTOR('',#11787,1.75000000000011);
#3604=VECTOR('',#11794,1.75000000000011);
#3605=VECTOR('',#11801,1.75000000000011);
#3606=VECTOR('',#11808,1.75000000000011);
#3607=VECTOR('',#11815,2.5);
#3608=VECTOR('',#11820,10.);
#3609=VECTOR('',#11821,10.);
#3610=VECTOR('',#11822,10.);
#3611=VECTOR('',#11823,10.);
#3612=VECTOR('',#11826,10.);
#3613=VECTOR('',#11827,10.);
#3614=VECTOR('',#11828,10.);
#3615=VECTOR('',#11829,10.);
#3616=VECTOR('',#11832,10.);
#3617=VECTOR('',#11833,10.);
#3618=VECTOR('',#11834,10.);
#3619=VECTOR('',#11837,10.);
#3620=VECTOR('',#11838,10.);
#3621=VECTOR('',#11839,10.);
#3622=VECTOR('',#11842,10.);
#3623=VECTOR('',#11843,10.);
#3624=VECTOR('',#11844,10.);
#3625=VECTOR('',#11845,10.);
#3626=VECTOR('',#11848,10.);
#3627=VECTOR('',#11849,10.);
#3628=VECTOR('',#11850,10.);
#3629=VECTOR('',#11853,10.);
#3630=VECTOR('',#11854,10.);
#3631=VECTOR('',#11855,10.);
#3632=VECTOR('',#11858,10.);
#3633=VECTOR('',#11859,10.);
#3634=VECTOR('',#11860,10.);
#3635=VECTOR('',#11861,10.);
#3636=VECTOR('',#11864,10.);
#3637=VECTOR('',#11865,10.);
#3638=VECTOR('',#11866,10.);
#3639=VECTOR('',#11869,10.);
#3640=VECTOR('',#11870,10.);
#3641=VECTOR('',#11871,10.);
#3642=VECTOR('',#11874,10.);
#3643=VECTOR('',#11875,10.);
#3644=VECTOR('',#11876,10.);
#3645=VECTOR('',#11877,10.);
#3646=VECTOR('',#11880,10.);
#3647=VECTOR('',#11881,10.);
#3648=VECTOR('',#11882,10.);
#3649=VECTOR('',#11885,10.);
#3650=VECTOR('',#11886,10.);
#3651=VECTOR('',#11887,10.);
#3652=VECTOR('',#11890,10.);
#3653=VECTOR('',#11891,10.);
#3654=VECTOR('',#11892,10.);
#3655=VECTOR('',#11893,10.);
#3656=VECTOR('',#11896,10.);
#3657=VECTOR('',#11897,10.);
#3658=VECTOR('',#11898,10.);
#3659=VECTOR('',#11901,10.);
#3660=VECTOR('',#11902,10.);
#3661=VECTOR('',#11903,10.);
#3662=VECTOR('',#11906,10.);
#3663=VECTOR('',#11907,10.);
#3664=VECTOR('',#11908,10.);
#3665=VECTOR('',#11909,10.);
#3666=VECTOR('',#11912,10.);
#3667=VECTOR('',#11913,10.);
#3668=VECTOR('',#11914,10.);
#3669=VECTOR('',#11917,10.);
#3670=VECTOR('',#11918,10.);
#3671=VECTOR('',#11919,10.);
#3672=VECTOR('',#11922,10.);
#3673=VECTOR('',#11923,10.);
#3674=VECTOR('',#11924,10.);
#3675=VECTOR('',#11925,10.);
#3676=VECTOR('',#11928,10.);
#3677=VECTOR('',#11929,10.);
#3678=VECTOR('',#11930,10.);
#3679=VECTOR('',#11933,10.);
#3680=VECTOR('',#11934,10.);
#3681=VECTOR('',#11935,10.);
#3682=VECTOR('',#11938,10.);
#3683=VECTOR('',#11939,10.);
#3684=VECTOR('',#11940,10.);
#3685=VECTOR('',#11941,10.);
#3686=VECTOR('',#11944,10.);
#3687=VECTOR('',#11945,10.);
#3688=VECTOR('',#11946,10.);
#3689=VECTOR('',#11949,10.);
#3690=VECTOR('',#11950,10.);
#3691=VECTOR('',#11951,10.);
#3692=VECTOR('',#11954,10.);
#3693=VECTOR('',#11955,10.);
#3694=VECTOR('',#11956,10.);
#3695=VECTOR('',#11957,10.);
#3696=VECTOR('',#11960,10.);
#3697=VECTOR('',#11961,10.);
#3698=VECTOR('',#11962,10.);
#3699=VECTOR('',#11965,10.);
#3700=VECTOR('',#11966,10.);
#3701=VECTOR('',#11967,10.);
#3702=VECTOR('',#11970,10.);
#3703=VECTOR('',#11971,10.);
#3704=VECTOR('',#11972,10.);
#3705=VECTOR('',#11973,10.);
#3706=VECTOR('',#11976,10.);
#3707=VECTOR('',#11977,10.);
#3708=VECTOR('',#11978,10.);
#3709=VECTOR('',#11981,10.);
#3710=VECTOR('',#11982,10.);
#3711=VECTOR('',#11983,10.);
#3712=VECTOR('',#11986,10.);
#3713=VECTOR('',#11987,10.);
#3714=VECTOR('',#11988,10.);
#3715=VECTOR('',#11989,10.);
#3716=VECTOR('',#11992,10.);
#3717=VECTOR('',#11993,10.);
#3718=VECTOR('',#11994,10.);
#3719=VECTOR('',#11997,10.);
#3720=VECTOR('',#11998,10.);
#3721=VECTOR('',#11999,10.);
#3722=VECTOR('',#12002,10.);
#3723=VECTOR('',#12003,10.);
#3724=VECTOR('',#12004,10.);
#3725=VECTOR('',#12005,10.);
#3726=VECTOR('',#12008,10.);
#3727=VECTOR('',#12009,10.);
#3728=VECTOR('',#12010,10.);
#3729=VECTOR('',#12013,10.);
#3730=VECTOR('',#12014,10.);
#3731=VECTOR('',#12015,10.);
#3732=VECTOR('',#12018,10.);
#3733=VECTOR('',#12019,10.);
#3734=VECTOR('',#12020,10.);
#3735=VECTOR('',#12021,10.);
#3736=VECTOR('',#12024,10.);
#3737=VECTOR('',#12025,10.);
#3738=VECTOR('',#12026,10.);
#3739=VECTOR('',#12029,10.);
#3740=VECTOR('',#12030,10.);
#3741=VECTOR('',#12031,10.);
#3742=VECTOR('',#12034,10.);
#3743=VECTOR('',#12035,10.);
#3744=VECTOR('',#12036,10.);
#3745=VECTOR('',#12037,10.);
#3746=VECTOR('',#12040,10.);
#3747=VECTOR('',#12041,10.);
#3748=VECTOR('',#12042,10.);
#3749=VECTOR('',#12045,10.);
#3750=VECTOR('',#12046,10.);
#3751=VECTOR('',#12047,10.);
#3752=VECTOR('',#12050,10.);
#3753=VECTOR('',#12051,10.);
#3754=VECTOR('',#12052,10.);
#3755=VECTOR('',#12053,10.);
#3756=VECTOR('',#12056,10.);
#3757=VECTOR('',#12057,10.);
#3758=VECTOR('',#12058,10.);
#3759=VECTOR('',#12061,10.);
#3760=VECTOR('',#12062,10.);
#3761=VECTOR('',#12063,10.);
#3762=VECTOR('',#12066,10.);
#3763=VECTOR('',#12067,10.);
#3764=VECTOR('',#12068,10.);
#3765=VECTOR('',#12069,10.);
#3766=VECTOR('',#12072,10.);
#3767=VECTOR('',#12073,10.);
#3768=VECTOR('',#12078,10.);
#3769=VECTOR('',#12079,10.);
#3770=VECTOR('',#12080,10.);
#3771=VECTOR('',#12081,10.);
#3772=VECTOR('',#12082,10.);
#3773=VECTOR('',#12083,10.);
#3774=VECTOR('',#12084,10.);
#3775=VECTOR('',#12085,10.);
#3776=VECTOR('',#12086,10.);
#3777=VECTOR('',#12087,10.);
#3778=VECTOR('',#12088,10.);
#3779=VECTOR('',#12089,10.);
#3780=VECTOR('',#12090,10.);
#3781=VECTOR('',#12091,10.);
#3782=VECTOR('',#12092,10.);
#3783=VECTOR('',#12093,10.);
#3784=VECTOR('',#12094,10.);
#3785=VECTOR('',#12095,10.);
#3786=VECTOR('',#12096,10.);
#3787=VECTOR('',#12097,10.);
#3788=VECTOR('',#12098,10.);
#3789=VECTOR('',#12099,10.);
#3790=VECTOR('',#12100,10.);
#3791=VECTOR('',#12101,10.);
#3792=VECTOR('',#12102,10.);
#3793=VECTOR('',#12103,10.);
#3794=VECTOR('',#12104,10.);
#3795=VECTOR('',#12105,10.);
#3796=VECTOR('',#12106,10.);
#3797=VECTOR('',#12107,10.);
#3798=VECTOR('',#12108,10.);
#3799=VECTOR('',#12109,10.);
#3800=VECTOR('',#12110,10.);
#3801=VECTOR('',#12111,10.);
#3802=VECTOR('',#12112,10.);
#3803=VECTOR('',#12113,10.);
#3804=VECTOR('',#12114,10.);
#3805=VECTOR('',#12115,10.);
#3806=VECTOR('',#12116,10.);
#3807=VECTOR('',#12117,10.);
#3808=VECTOR('',#12118,10.);
#3809=VECTOR('',#12119,10.);
#3810=VECTOR('',#12120,10.);
#3811=VECTOR('',#12121,10.);
#3812=VECTOR('',#12122,10.);
#3813=VECTOR('',#12123,10.);
#3814=VECTOR('',#12124,10.);
#3815=VECTOR('',#12125,10.);
#3816=VECTOR('',#12126,10.);
#3817=VECTOR('',#12127,10.);
#3818=VECTOR('',#12128,10.);
#3819=VECTOR('',#12129,10.);
#3820=VECTOR('',#12130,10.);
#3821=VECTOR('',#12131,10.);
#3822=VECTOR('',#12132,10.);
#3823=VECTOR('',#12133,10.);
#3824=VECTOR('',#12134,10.);
#3825=VECTOR('',#12135,10.);
#3826=VECTOR('',#12136,10.);
#3827=VECTOR('',#12137,10.);
#3828=VECTOR('',#12138,10.);
#3829=VECTOR('',#12139,10.);
#3830=VECTOR('',#12140,10.);
#3831=VECTOR('',#12141,10.);
#3832=VECTOR('',#12142,10.);
#3833=VECTOR('',#12143,10.);
#3834=VECTOR('',#12144,10.);
#3835=VECTOR('',#12145,10.);
#3836=VECTOR('',#12146,10.);
#3837=VECTOR('',#12147,10.);
#3838=VECTOR('',#12148,10.);
#3839=VECTOR('',#12149,10.);
#3840=VECTOR('',#12150,10.);
#3841=VECTOR('',#12151,10.);
#3842=VECTOR('',#12152,10.);
#3843=VECTOR('',#12153,10.);
#3844=VECTOR('',#12154,10.);
#3845=VECTOR('',#12155,10.);
#3846=VECTOR('',#12156,10.);
#3847=VECTOR('',#12157,10.);
#3848=VECTOR('',#12158,10.);
#3849=VECTOR('',#12159,10.);
#3850=VECTOR('',#12160,10.);
#3851=VECTOR('',#12161,10.);
#3852=VECTOR('',#12162,10.);
#3853=VECTOR('',#12163,10.);
#3854=VECTOR('',#12164,10.);
#3855=VECTOR('',#12165,10.);
#3856=VECTOR('',#12166,10.);
#3857=VECTOR('',#12167,10.);
#3858=VECTOR('',#12168,10.);
#3859=VECTOR('',#12169,10.);
#3860=VECTOR('',#12170,10.);
#3861=VECTOR('',#12171,10.);
#3862=VECTOR('',#12172,10.);
#3863=VECTOR('',#12173,10.);
#3864=VECTOR('',#12174,10.);
#3865=VECTOR('',#12175,10.);
#3866=VECTOR('',#12176,10.);
#3867=VECTOR('',#12177,10.);
#3868=VECTOR('',#12178,10.);
#3869=VECTOR('',#12179,10.);
#3870=VECTOR('',#12180,10.);
#3871=VECTOR('',#12181,10.);
#3872=VECTOR('',#12182,10.);
#3873=VECTOR('',#12183,10.);
#3874=VECTOR('',#12184,10.);
#3875=VECTOR('',#12185,10.);
#3876=VECTOR('',#12186,10.);
#3877=VECTOR('',#12187,10.);
#3878=VECTOR('',#12188,10.);
#3879=VECTOR('',#12189,10.);
#3880=VECTOR('',#12190,10.);
#3881=VECTOR('',#12191,10.);
#3882=VECTOR('',#12192,10.);
#3883=VECTOR('',#12193,10.);
#3884=VECTOR('',#12194,10.);
#3885=VECTOR('',#12195,10.);
#3886=VECTOR('',#12196,10.);
#3887=VECTOR('',#12197,10.);
#3888=VECTOR('',#12198,10.);
#3889=VECTOR('',#12199,10.);
#3890=VECTOR('',#12200,10.);
#3891=VECTOR('',#12201,10.);
#3892=VECTOR('',#12202,10.);
#3893=VECTOR('',#12203,10.);
#3894=VECTOR('',#12210,10.);
#3895=VECTOR('',#12217,10.);
#3896=VECTOR('',#12218,10.);
#3897=VECTOR('',#12219,10.);
#3898=VECTOR('',#12220,10.);
#3899=VECTOR('',#12221,10.);
#3900=VECTOR('',#12222,10.);
#3901=VECTOR('',#12223,10.);
#3902=VECTOR('',#12224,10.);
#3903=VECTOR('',#12231,10.);
#3904=VECTOR('',#12238,10.);
#3905=VECTOR('',#12245,10.);
#3906=VECTOR('',#12254,61.);
#3907=VECTOR('',#12267,10.);
#3908=VECTOR('',#12268,10.);
#3909=VECTOR('',#12269,10.);
#3910=VECTOR('',#12270,10.);
#3911=VECTOR('',#12271,10.);
#3912=VECTOR('',#12272,10.);
#3913=VECTOR('',#12273,10.);
#3914=VECTOR('',#12274,10.);
#3915=VECTOR('',#12275,10.);
#3916=VECTOR('',#12276,10.);
#3917=VECTOR('',#12277,10.);
#3918=VECTOR('',#12278,10.);
#3919=VECTOR('',#12279,10.);
#3920=VECTOR('',#12280,10.);
#3921=VECTOR('',#12281,10.);
#3922=VECTOR('',#12282,10.);
#3923=VECTOR('',#12283,10.);
#3924=VECTOR('',#12284,10.);
#3925=VECTOR('',#12285,10.);
#3926=VECTOR('',#12286,10.);
#3927=VECTOR('',#12287,10.);
#3928=VECTOR('',#12288,10.);
#3929=VECTOR('',#12289,10.);
#3930=VECTOR('',#12290,10.);
#3931=VECTOR('',#12291,10.);
#3932=VECTOR('',#12292,10.);
#3933=VECTOR('',#12293,10.);
#3934=VECTOR('',#12294,10.);
#3935=VECTOR('',#12295,10.);
#3936=VECTOR('',#12296,10.);
#3937=VECTOR('',#12297,10.);
#3938=VECTOR('',#12298,10.);
#3939=VECTOR('',#12299,10.);
#3940=VECTOR('',#12300,10.);
#3941=VECTOR('',#12301,10.);
#3942=VECTOR('',#12302,10.);
#3943=VECTOR('',#12303,10.);
#3944=VECTOR('',#12304,10.);
#3945=VECTOR('',#12305,10.);
#3946=VECTOR('',#12306,10.);
#3947=VECTOR('',#12307,10.);
#3948=VECTOR('',#12308,10.);
#3949=VECTOR('',#12309,10.);
#3950=VECTOR('',#12310,10.);
#3951=VECTOR('',#12311,10.);
#3952=VECTOR('',#12312,10.);
#3953=VECTOR('',#12313,10.);
#3954=VECTOR('',#12314,10.);
#3955=VECTOR('',#12315,10.);
#3956=VECTOR('',#12316,10.);
#3957=VECTOR('',#12317,10.);
#3958=VECTOR('',#12318,10.);
#3959=VECTOR('',#12319,10.);
#3960=VECTOR('',#12320,10.);
#3961=VECTOR('',#12321,10.);
#3962=VECTOR('',#12322,10.);
#3963=VECTOR('',#12323,10.);
#3964=VECTOR('',#12324,10.);
#3965=VECTOR('',#12325,10.);
#3966=VECTOR('',#12326,10.);
#3967=VECTOR('',#12327,10.);
#3968=VECTOR('',#12328,10.);
#3969=VECTOR('',#12329,10.);
#3970=VECTOR('',#12330,10.);
#3971=VECTOR('',#12331,10.);
#3972=VECTOR('',#12332,10.);
#3973=VECTOR('',#12333,10.);
#3974=VECTOR('',#12334,10.);
#3975=VECTOR('',#12335,10.);
#3976=VECTOR('',#12336,10.);
#3977=VECTOR('',#12337,10.);
#3978=VECTOR('',#12338,10.);
#3979=VECTOR('',#12339,10.);
#3980=VECTOR('',#12340,10.);
#3981=VECTOR('',#12341,10.);
#3982=VECTOR('',#12342,10.);
#3983=VECTOR('',#12343,10.);
#3984=VECTOR('',#12344,10.);
#3985=VECTOR('',#12345,10.);
#3986=VECTOR('',#12346,10.);
#3987=VECTOR('',#12347,10.);
#3988=VECTOR('',#12348,10.);
#3989=VECTOR('',#12349,10.);
#3990=VECTOR('',#12350,10.);
#3991=VECTOR('',#12351,10.);
#3992=VECTOR('',#12352,10.);
#3993=VECTOR('',#12353,10.);
#3994=VECTOR('',#12354,10.);
#3995=VECTOR('',#12355,10.);
#3996=VECTOR('',#12356,10.);
#3997=VECTOR('',#12357,10.);
#3998=VECTOR('',#12358,10.);
#3999=VECTOR('',#12359,10.);
#4000=VECTOR('',#12360,10.);
#4001=VECTOR('',#12361,10.);
#4002=VECTOR('',#12362,10.);
#4003=VECTOR('',#12363,10.);
#4004=VECTOR('',#12364,10.);
#4005=VECTOR('',#12365,10.);
#4006=VECTOR('',#12366,10.);
#4007=VECTOR('',#12367,10.);
#4008=VECTOR('',#12368,10.);
#4009=VECTOR('',#12369,10.);
#4010=VECTOR('',#12370,10.);
#4011=VECTOR('',#12371,10.);
#4012=VECTOR('',#12372,10.);
#4013=VECTOR('',#12373,10.);
#4014=VECTOR('',#12374,10.);
#4015=VECTOR('',#12375,10.);
#4016=VECTOR('',#12376,10.);
#4017=VECTOR('',#12377,10.);
#4018=VECTOR('',#12378,10.);
#4019=VECTOR('',#12379,10.);
#4020=VECTOR('',#12380,10.);
#4021=VECTOR('',#12381,10.);
#4022=VECTOR('',#12382,10.);
#4023=VECTOR('',#12383,10.);
#4024=VECTOR('',#12384,10.);
#4025=VECTOR('',#12385,10.);
#4026=VECTOR('',#12386,10.);
#4027=VECTOR('',#12387,10.);
#4028=VECTOR('',#12388,10.);
#4029=VECTOR('',#12389,10.);
#4030=VECTOR('',#12390,10.);
#4031=VECTOR('',#12391,10.);
#4032=VECTOR('',#12392,10.);
#4033=VECTOR('',#12393,10.);
#4034=VECTOR('',#12394,10.);
#4035=VECTOR('',#12395,10.);
#4036=VECTOR('',#12396,10.);
#4037=VECTOR('',#12397,10.);
#4038=VECTOR('',#12398,10.);
#4039=VECTOR('',#12425,10.);
#4040=VECTOR('',#12426,10.);
#4041=VECTOR('',#12455,10.);
#4042=VECTOR('',#12456,10.);
#4043=VECTOR('',#12475,10.);
#4044=VECTOR('',#12482,10.);
#4045=VECTOR('',#12489,10.);
#4046=VECTOR('',#12496,10.);
#4047=VECTOR('',#12513,10.);
#4048=VECTOR('',#12536,10.);
#4049=VECTOR('',#12557,10.);
#4050=VECTOR('',#12580,10.);
#4051=VECTOR('',#12589,10.);
#4052=VECTOR('',#12590,10.);
#4053=VECTOR('',#12593,10.);
#4054=VECTOR('',#12594,10.);
#4055=VECTOR('',#12597,10.);
#4056=VECTOR('',#12598,10.);
#4057=VECTOR('',#12601,10.);
#4058=VECTOR('',#12604,10.);
#4059=VECTOR('',#12607,10.);
#4060=VECTOR('',#12610,10.);
#4061=VECTOR('',#12613,10.);
#4062=VECTOR('',#12616,10.);
#4063=VECTOR('',#12619,10.);
#4064=VECTOR('',#12622,10.);
#4065=VECTOR('',#12625,10.);
#4066=VECTOR('',#12628,10.);
#4067=VECTOR('',#12631,10.);
#4068=VECTOR('',#12634,10.);
#4069=VECTOR('',#12639,10.);
#4070=VECTOR('',#12642,10.);
#4071=VECTOR('',#12647,10.);
#4072=VECTOR('',#12648,10.);
#4073=VECTOR('',#12651,10.);
#4074=VECTOR('',#12654,10.);
#4075=VECTOR('',#12657,10.);
#4076=VECTOR('',#12660,10.);
#4077=VECTOR('',#12665,10.);
#4078=VECTOR('',#12666,10.);
#4079=VECTOR('',#12669,10.);
#4080=VECTOR('',#12672,10.);
#4081=VECTOR('',#12675,10.);
#4082=VECTOR('',#12678,10.);
#4083=VECTOR('',#12683,10.);
#4084=VECTOR('',#12684,10.);
#4085=VECTOR('',#12687,10.);
#4086=VECTOR('',#12690,10.);
#4087=VECTOR('',#12693,10.);
#4088=VECTOR('',#12696,10.);
#4089=VECTOR('',#12701,10.);
#4090=VECTOR('',#12704,10.);
#4091=VECTOR('',#12709,10.);
#4092=VECTOR('',#12712,10.);
#4093=VECTOR('',#12717,10.);
#4094=VECTOR('',#12720,10.);
#4095=VECTOR('',#12725,10.);
#4096=VECTOR('',#12728,10.);
#4097=VECTOR('',#12733,10.);
#4098=VECTOR('',#12736,10.);
#4099=VECTOR('',#12741,10.);
#4100=VECTOR('',#12742,10.);
#4101=VECTOR('',#12745,10.);
#4102=VECTOR('',#12748,10.);
#4103=VECTOR('',#12751,10.);
#4104=VECTOR('',#12754,10.);
#4105=VECTOR('',#12759,10.);
#4106=VECTOR('',#12760,10.);
#4107=VECTOR('',#12763,10.);
#4108=VECTOR('',#12766,10.);
#4109=VECTOR('',#12769,10.);
#4110=VECTOR('',#12772,10.);
#4111=VECTOR('',#12777,10.);
#4112=VECTOR('',#12778,10.);
#4113=VECTOR('',#12781,10.);
#4114=VECTOR('',#12784,10.);
#4115=VECTOR('',#12787,10.);
#4116=VECTOR('',#12790,10.);
#4117=VECTOR('',#12795,10.);
#4118=VECTOR('',#12798,10.);
#4119=VECTOR('',#12803,10.);
#4120=VECTOR('',#12806,10.);
#4121=VECTOR('',#12811,10.);
#4122=VECTOR('',#12814,10.);
#4123=VECTOR('',#12819,10.);
#4124=VECTOR('',#12820,10.);
#4125=VECTOR('',#12823,10.);
#4126=VECTOR('',#12826,10.);
#4127=VECTOR('',#12829,10.);
#4128=VECTOR('',#12832,10.);
#4129=VECTOR('',#12837,10.);
#4130=VECTOR('',#12838,10.);
#4131=VECTOR('',#12841,10.);
#4132=VECTOR('',#12844,10.);
#4133=VECTOR('',#12847,10.);
#4134=VECTOR('',#12850,10.);
#4135=VECTOR('',#12855,10.);
#4136=VECTOR('',#12856,10.);
#4137=VECTOR('',#12859,10.);
#4138=VECTOR('',#12862,10.);
#4139=VECTOR('',#12865,10.);
#4140=VECTOR('',#12868,10.);
#4141=VECTOR('',#12873,10.);
#4142=VECTOR('',#12874,10.);
#4143=VECTOR('',#12877,10.);
#4144=VECTOR('',#12880,10.);
#4145=VECTOR('',#12883,10.);
#4146=VECTOR('',#12886,10.);
#4147=VECTOR('',#12891,10.);
#4148=VECTOR('',#12894,10.);
#4149=VECTOR('',#12899,10.);
#4150=VECTOR('',#12902,10.);
#4151=VECTOR('',#12907,10.);
#4152=VECTOR('',#12910,10.);
#4153=VECTOR('',#12915,10.);
#4154=VECTOR('',#12918,10.);
#4155=VECTOR('',#12923,10.);
#4156=VECTOR('',#12924,10.);
#4157=VECTOR('',#12927,10.);
#4158=VECTOR('',#12930,10.);
#4159=VECTOR('',#12933,10.);
#4160=VECTOR('',#12936,10.);
#4161=VECTOR('',#12941,10.);
#4162=VECTOR('',#12942,10.);
#4163=VECTOR('',#12945,10.);
#4164=VECTOR('',#12948,10.);
#4165=VECTOR('',#12951,10.);
#4166=VECTOR('',#12954,10.);
#4167=VECTOR('',#12959,10.);
#4168=VECTOR('',#12960,10.);
#4169=VECTOR('',#12963,10.);
#4170=VECTOR('',#12966,10.);
#4171=VECTOR('',#12969,10.);
#4172=VECTOR('',#12972,10.);
#4173=VECTOR('',#12977,10.);
#4174=VECTOR('',#12978,10.);
#4175=VECTOR('',#12981,10.);
#4176=VECTOR('',#12984,10.);
#4177=VECTOR('',#12987,10.);
#4178=VECTOR('',#12990,10.);
#4179=VECTOR('',#12995,10.);
#4180=VECTOR('',#12998,10.);
#4181=VECTOR('',#13003,10.);
#4182=VECTOR('',#13006,10.);
#4183=VECTOR('',#13011,10.);
#4184=VECTOR('',#13014,10.);
#4185=VECTOR('',#13015,10.);
#4186=VECTOR('',#13018,10.);
#4187=VECTOR('',#13025,10.);
#4188=VECTOR('',#13028,10.);
#4189=VECTOR('',#13033,10.);
#4190=VECTOR('',#13036,10.);
#4191=CIRCLE('',#9870,2.69999999999996);
#4192=CIRCLE('',#9871,2.69999999999996);
#4193=CIRCLE('',#9881,2.70000000000003);
#4194=CIRCLE('',#9882,2.70000000000003);
#4195=CIRCLE('',#9892,2.7);
#4196=CIRCLE('',#9893,2.7);
#4197=CIRCLE('',#9903,2.7);
#4198=CIRCLE('',#9904,2.7);
#4199=CIRCLE('',#9914,2.7);
#4200=CIRCLE('',#9915,2.7);
#4201=CIRCLE('',#9925,2.7);
#4202=CIRCLE('',#9926,2.7);
#4203=CIRCLE('',#9936,2.7);
#4204=CIRCLE('',#9937,2.7);
#4205=CIRCLE('',#9947,2.7);
#4206=CIRCLE('',#9948,2.7);
#4207=CIRCLE('',#9958,2.7);
#4208=CIRCLE('',#9959,2.7);
#4209=CIRCLE('',#9969,2.7);
#4210=CIRCLE('',#9970,2.7);
#4211=CIRCLE('',#9980,2.7);
#4212=CIRCLE('',#9981,2.7);
#4213=CIRCLE('',#9991,2.7);
#4214=CIRCLE('',#9992,2.7);
#4215=CIRCLE('',#10002,2.7);
#4216=CIRCLE('',#10003,2.7);
#4217=CIRCLE('',#10013,2.69999999999996);
#4218=CIRCLE('',#10014,2.69999999999996);
#4219=CIRCLE('',#10024,2.69999999999996);
#4220=CIRCLE('',#10025,2.69999999999996);
#4221=CIRCLE('',#10035,2.70000000000003);
#4222=CIRCLE('',#10036,2.70000000000003);
#4223=CIRCLE('',#10046,2.7);
#4224=CIRCLE('',#10047,2.7);
#4225=CIRCLE('',#10057,2.7);
#4226=CIRCLE('',#10058,2.7);
#4227=CIRCLE('',#10068,2.7);
#4228=CIRCLE('',#10069,2.7);
#4229=CIRCLE('',#10079,2.7);
#4230=CIRCLE('',#10080,2.7);
#4231=CIRCLE('',#10090,2.7);
#4232=CIRCLE('',#10091,2.7);
#4233=CIRCLE('',#10101,2.7);
#4234=CIRCLE('',#10102,2.7);
#4235=CIRCLE('',#10112,2.7);
#4236=CIRCLE('',#10113,2.7);
#4237=CIRCLE('',#10123,2.7);
#4238=CIRCLE('',#10124,2.7);
#4239=CIRCLE('',#10134,2.7);
#4240=CIRCLE('',#10135,2.7);
#4241=CIRCLE('',#10145,2.7);
#4242=CIRCLE('',#10146,2.7);
#4243=CIRCLE('',#10156,2.7);
#4244=CIRCLE('',#10157,2.7);
#4245=CIRCLE('',#10167,2.7);
#4246=CIRCLE('',#10168,2.7);
#4247=CIRCLE('',#10178,2.69999999999996);
#4248=CIRCLE('',#10179,2.69999999999996);
#4249=CIRCLE('',#10189,2.69999999999996);
#4250=CIRCLE('',#10190,2.69999999999996);
#4251=CIRCLE('',#10200,1.75000000000011);
#4252=CIRCLE('',#10201,1.75000000000011);
#4253=CIRCLE('',#10203,1.75000000000011);
#4254=CIRCLE('',#10204,1.75000000000011);
#4255=CIRCLE('',#10206,1.75000000000011);
#4256=CIRCLE('',#10207,1.75000000000011);
#4257=CIRCLE('',#10209,1.75000000000011);
#4258=CIRCLE('',#10210,1.75000000000011);
#4259=CIRCLE('',#10212,2.5);
#4260=CIRCLE('',#10213,2.5);
#4261=CIRCLE('',#10263,61.0000000000001);
#4262=CIRCLE('',#10264,10.);
#4263=CIRCLE('',#10265,47.5);
#4264=CIRCLE('',#10266,10.);
#4265=CIRCLE('',#10267,5.);
#4266=CIRCLE('',#10268,12.5);
#4267=CIRCLE('',#10269,5.);
#4268=CIRCLE('',#10270,5.);
#4269=CIRCLE('',#10271,12.5);
#4270=CIRCLE('',#10272,5.);
#4271=CIRCLE('',#10273,10.);
#4272=CIRCLE('',#10274,47.5);
#4273=CIRCLE('',#10275,10.);
#4274=CIRCLE('',#10276,5.);
#4275=CIRCLE('',#10277,12.5);
#4276=CIRCLE('',#10278,5.);
#4277=CIRCLE('',#10279,10.);
#4278=CIRCLE('',#10280,47.5);
#4279=CIRCLE('',#10281,10.);
#4280=CIRCLE('',#10283,61.);
#4281=CIRCLE('',#10284,61.);
#4282=CIRCLE('',#10286,60.);
#4283=CIRCLE('',#10287,1.);
#4284=CIRCLE('',#10289,47.5);
#4285=CIRCLE('',#10290,47.5);
#4286=CIRCLE('',#10291,47.5);
#4287=CIRCLE('',#10292,47.5);
#4288=CIRCLE('',#10293,47.5);
#4289=CIRCLE('',#10294,47.5);
#4290=CIRCLE('',#10295,2.);
#4291=CIRCLE('',#10297,2.00000000000001);
#4292=CIRCLE('',#10298,12.);
#4293=CIRCLE('',#10299,10.);
#4294=CIRCLE('',#10301,2.00000000000002);
#4295=CIRCLE('',#10303,1.99999999999998);
#4296=CIRCLE('',#10304,7.);
#4297=CIRCLE('',#10305,5.);
#4298=CIRCLE('',#10307,1.99999999999998);
#4299=CIRCLE('',#10308,10.5);
#4300=CIRCLE('',#10309,12.5);
#4301=CIRCLE('',#10311,1.99999999999999);
#4302=CIRCLE('',#10312,7.);
#4303=CIRCLE('',#10313,5.);
#4304=CIRCLE('',#10315,1.99999999999999);
#4305=CIRCLE('',#10317,1.99999999999999);
#4306=CIRCLE('',#10318,12.);
#4307=CIRCLE('',#10319,10.);
#4308=CIRCLE('',#10321,42.9174243050442);
#4309=CIRCLE('',#10323,42.9174243050442);
#4310=CIRCLE('',#10324,12.);
#4311=CIRCLE('',#10325,7.);
#4312=CIRCLE('',#10326,10.5);
#4313=CIRCLE('',#10327,7.);
#4314=CIRCLE('',#10328,12.);
#4315=CIRCLE('',#10329,42.9174243050442);
#4316=CIRCLE('',#10330,12.);
#4317=CIRCLE('',#10331,7.);
#4318=CIRCLE('',#10332,10.5);
#4319=CIRCLE('',#10333,7.);
#4320=CIRCLE('',#10334,12.);
#4321=CIRCLE('',#10336,2.);
#4322=CIRCLE('',#10338,1.99999999999999);
#4323=CIRCLE('',#10339,10.);
#4324=CIRCLE('',#10341,1.99999999999999);
#4325=CIRCLE('',#10343,1.99999999999999);
#4326=CIRCLE('',#10344,5.);
#4327=CIRCLE('',#10346,2.);
#4328=CIRCLE('',#10347,12.5);
#4329=CIRCLE('',#10349,2.00000000000001);
#4330=CIRCLE('',#10350,5.);
#4331=CIRCLE('',#10352,2.00000000000001);
#4332=CIRCLE('',#10354,2.);
#4333=CIRCLE('',#10355,10.);
#4334=CIRCLE('',#10357,2.);
#4335=CIRCLE('',#10359,2.00000000000003);
#4336=CIRCLE('',#10360,10.);
#4337=CIRCLE('',#10362,1.99999999999999);
#4338=CIRCLE('',#10364,1.99999999999998);
#4339=CIRCLE('',#10365,5.);
#4340=CIRCLE('',#10367,2.00000000000002);
#4341=CIRCLE('',#10368,12.5);
#4342=CIRCLE('',#10370,2.00000000000001);
#4343=CIRCLE('',#10371,5.);
#4344=CIRCLE('',#10373,2.00000000000001);
#4345=CIRCLE('',#10375,2.00000000000001);
#4346=CIRCLE('',#10376,10.);
#4347=VERTEX_POINT('',#13059);
#4348=VERTEX_POINT('',#13061);
#4349=VERTEX_POINT('',#13065);
#4350=VERTEX_POINT('',#13066);
#4351=VERTEX_POINT('',#13068);
#4352=VERTEX_POINT('',#13070);
#4353=VERTEX_POINT('',#13074);
#4354=VERTEX_POINT('',#13076);
#4355=VERTEX_POINT('',#13080);
#4356=VERTEX_POINT('',#13082);
#4357=VERTEX_POINT('',#13086);
#4358=VERTEX_POINT('',#13088);
#4359=VERTEX_POINT('',#13092);
#4360=VERTEX_POINT('',#13094);
#4361=VERTEX_POINT('',#13103);
#4362=VERTEX_POINT('',#13105);
#4363=VERTEX_POINT('',#13109);
#4364=VERTEX_POINT('',#13110);
#4365=VERTEX_POINT('',#13112);
#4366=VERTEX_POINT('',#13114);
#4367=VERTEX_POINT('',#13118);
#4368=VERTEX_POINT('',#13120);
#4369=VERTEX_POINT('',#13124);
#4370=VERTEX_POINT('',#13126);
#4371=VERTEX_POINT('',#13130);
#4372=VERTEX_POINT('',#13132);
#4373=VERTEX_POINT('',#13136);
#4374=VERTEX_POINT('',#13138);
#4375=VERTEX_POINT('',#13147);
#4376=VERTEX_POINT('',#13149);
#4377=VERTEX_POINT('',#13153);
#4378=VERTEX_POINT('',#13154);
#4379=VERTEX_POINT('',#13156);
#4380=VERTEX_POINT('',#13158);
#4381=VERTEX_POINT('',#13162);
#4382=VERTEX_POINT('',#13164);
#4383=VERTEX_POINT('',#13168);
#4384=VERTEX_POINT('',#13170);
#4385=VERTEX_POINT('',#13174);
#4386=VERTEX_POINT('',#13176);
#4387=VERTEX_POINT('',#13180);
#4388=VERTEX_POINT('',#13182);
#4389=VERTEX_POINT('',#13191);
#4390=VERTEX_POINT('',#13193);
#4391=VERTEX_POINT('',#13197);
#4392=VERTEX_POINT('',#13198);
#4393=VERTEX_POINT('',#13200);
#4394=VERTEX_POINT('',#13202);
#4395=VERTEX_POINT('',#13206);
#4396=VERTEX_POINT('',#13208);
#4397=VERTEX_POINT('',#13212);
#4398=VERTEX_POINT('',#13214);
#4399=VERTEX_POINT('',#13218);
#4400=VERTEX_POINT('',#13220);
#4401=VERTEX_POINT('',#13224);
#4402=VERTEX_POINT('',#13226);
#4403=VERTEX_POINT('',#13235);
#4404=VERTEX_POINT('',#13237);
#4405=VERTEX_POINT('',#13241);
#4406=VERTEX_POINT('',#13242);
#4407=VERTEX_POINT('',#13244);
#4408=VERTEX_POINT('',#13246);
#4409=VERTEX_POINT('',#13250);
#4410=VERTEX_POINT('',#13252);
#4411=VERTEX_POINT('',#13256);
#4412=VERTEX_POINT('',#13258);
#4413=VERTEX_POINT('',#13262);
#4414=VERTEX_POINT('',#13264);
#4415=VERTEX_POINT('',#13268);
#4416=VERTEX_POINT('',#13270);
#4417=VERTEX_POINT('',#13279);
#4418=VERTEX_POINT('',#13281);
#4419=VERTEX_POINT('',#13285);
#4420=VERTEX_POINT('',#13286);
#4421=VERTEX_POINT('',#13288);
#4422=VERTEX_POINT('',#13290);
#4423=VERTEX_POINT('',#13294);
#4424=VERTEX_POINT('',#13296);
#4425=VERTEX_POINT('',#13300);
#4426=VERTEX_POINT('',#13302);
#4427=VERTEX_POINT('',#13306);
#4428=VERTEX_POINT('',#13308);
#4429=VERTEX_POINT('',#13312);
#4430=VERTEX_POINT('',#13314);
#4431=VERTEX_POINT('',#13323);
#4432=VERTEX_POINT('',#13325);
#4433=VERTEX_POINT('',#13329);
#4434=VERTEX_POINT('',#13330);
#4435=VERTEX_POINT('',#13332);
#4436=VERTEX_POINT('',#13334);
#4437=VERTEX_POINT('',#13338);
#4438=VERTEX_POINT('',#13340);
#4439=VERTEX_POINT('',#13344);
#4440=VERTEX_POINT('',#13346);
#4441=VERTEX_POINT('',#13350);
#4442=VERTEX_POINT('',#13352);
#4443=VERTEX_POINT('',#13356);
#4444=VERTEX_POINT('',#13358);
#4445=VERTEX_POINT('',#13367);
#4446=VERTEX_POINT('',#13369);
#4447=VERTEX_POINT('',#13373);
#4448=VERTEX_POINT('',#13374);
#4449=VERTEX_POINT('',#13376);
#4450=VERTEX_POINT('',#13378);
#4451=VERTEX_POINT('',#13382);
#4452=VERTEX_POINT('',#13384);
#4453=VERTEX_POINT('',#13388);
#4454=VERTEX_POINT('',#13390);
#4455=VERTEX_POINT('',#13394);
#4456=VERTEX_POINT('',#13396);
#4457=VERTEX_POINT('',#13400);
#4458=VERTEX_POINT('',#13402);
#4459=VERTEX_POINT('',#13411);
#4460=VERTEX_POINT('',#13413);
#4461=VERTEX_POINT('',#13417);
#4462=VERTEX_POINT('',#13418);
#4463=VERTEX_POINT('',#13420);
#4464=VERTEX_POINT('',#13422);
#4465=VERTEX_POINT('',#13426);
#4466=VERTEX_POINT('',#13428);
#4467=VERTEX_POINT('',#13432);
#4468=VERTEX_POINT('',#13434);
#4469=VERTEX_POINT('',#13438);
#4470=VERTEX_POINT('',#13440);
#4471=VERTEX_POINT('',#13444);
#4472=VERTEX_POINT('',#13446);
#4473=VERTEX_POINT('',#13455);
#4474=VERTEX_POINT('',#13457);
#4475=VERTEX_POINT('',#13461);
#4476=VERTEX_POINT('',#13462);
#4477=VERTEX_POINT('',#13464);
#4478=VERTEX_POINT('',#13466);
#4479=VERTEX_POINT('',#13470);
#4480=VERTEX_POINT('',#13472);
#4481=VERTEX_POINT('',#13476);
#4482=VERTEX_POINT('',#13478);
#4483=VERTEX_POINT('',#13482);
#4484=VERTEX_POINT('',#13484);
#4485=VERTEX_POINT('',#13488);
#4486=VERTEX_POINT('',#13490);
#4487=VERTEX_POINT('',#13499);
#4488=VERTEX_POINT('',#13501);
#4489=VERTEX_POINT('',#13505);
#4490=VERTEX_POINT('',#13506);
#4491=VERTEX_POINT('',#13508);
#4492=VERTEX_POINT('',#13510);
#4493=VERTEX_POINT('',#13514);
#4494=VERTEX_POINT('',#13516);
#4495=VERTEX_POINT('',#13520);
#4496=VERTEX_POINT('',#13522);
#4497=VERTEX_POINT('',#13526);
#4498=VERTEX_POINT('',#13528);
#4499=VERTEX_POINT('',#13532);
#4500=VERTEX_POINT('',#13534);
#4501=VERTEX_POINT('',#13543);
#4502=VERTEX_POINT('',#13545);
#4503=VERTEX_POINT('',#13549);
#4504=VERTEX_POINT('',#13550);
#4505=VERTEX_POINT('',#13552);
#4506=VERTEX_POINT('',#13554);
#4507=VERTEX_POINT('',#13558);
#4508=VERTEX_POINT('',#13560);
#4509=VERTEX_POINT('',#13564);
#4510=VERTEX_POINT('',#13566);
#4511=VERTEX_POINT('',#13570);
#4512=VERTEX_POINT('',#13572);
#4513=VERTEX_POINT('',#13576);
#4514=VERTEX_POINT('',#13578);
#4515=VERTEX_POINT('',#13587);
#4516=VERTEX_POINT('',#13589);
#4517=VERTEX_POINT('',#13593);
#4518=VERTEX_POINT('',#13594);
#4519=VERTEX_POINT('',#13596);
#4520=VERTEX_POINT('',#13598);
#4521=VERTEX_POINT('',#13602);
#4522=VERTEX_POINT('',#13604);
#4523=VERTEX_POINT('',#13608);
#4524=VERTEX_POINT('',#13610);
#4525=VERTEX_POINT('',#13614);
#4526=VERTEX_POINT('',#13616);
#4527=VERTEX_POINT('',#13620);
#4528=VERTEX_POINT('',#13622);
#4529=VERTEX_POINT('',#13631);
#4530=VERTEX_POINT('',#13633);
#4531=VERTEX_POINT('',#13637);
#4532=VERTEX_POINT('',#13638);
#4533=VERTEX_POINT('',#13640);
#4534=VERTEX_POINT('',#13642);
#4535=VERTEX_POINT('',#13646);
#4536=VERTEX_POINT('',#13648);
#4537=VERTEX_POINT('',#13652);
#4538=VERTEX_POINT('',#13654);
#4539=VERTEX_POINT('',#13658);
#4540=VERTEX_POINT('',#13660);
#4541=VERTEX_POINT('',#13664);
#4542=VERTEX_POINT('',#13666);
#4543=VERTEX_POINT('',#13675);
#4544=VERTEX_POINT('',#13677);
#4545=VERTEX_POINT('',#13681);
#4546=VERTEX_POINT('',#13682);
#4547=VERTEX_POINT('',#13684);
#4548=VERTEX_POINT('',#13686);
#4549=VERTEX_POINT('',#13690);
#4550=VERTEX_POINT('',#13692);
#4551=VERTEX_POINT('',#13696);
#4552=VERTEX_POINT('',#13698);
#4553=VERTEX_POINT('',#13702);
#4554=VERTEX_POINT('',#13704);
#4555=VERTEX_POINT('',#13708);
#4556=VERTEX_POINT('',#13710);
#4557=VERTEX_POINT('',#13719);
#4558=VERTEX_POINT('',#13721);
#4559=VERTEX_POINT('',#13725);
#4560=VERTEX_POINT('',#13726);
#4561=VERTEX_POINT('',#13728);
#4562=VERTEX_POINT('',#13730);
#4563=VERTEX_POINT('',#13734);
#4564=VERTEX_POINT('',#13736);
#4565=VERTEX_POINT('',#13740);
#4566=VERTEX_POINT('',#13742);
#4567=VERTEX_POINT('',#13746);
#4568=VERTEX_POINT('',#13748);
#4569=VERTEX_POINT('',#13752);
#4570=VERTEX_POINT('',#13754);
#4571=VERTEX_POINT('',#13763);
#4572=VERTEX_POINT('',#13765);
#4573=VERTEX_POINT('',#13769);
#4574=VERTEX_POINT('',#13770);
#4575=VERTEX_POINT('',#13772);
#4576=VERTEX_POINT('',#13774);
#4577=VERTEX_POINT('',#13778);
#4578=VERTEX_POINT('',#13780);
#4579=VERTEX_POINT('',#13784);
#4580=VERTEX_POINT('',#13786);
#4581=VERTEX_POINT('',#13790);
#4582=VERTEX_POINT('',#13792);
#4583=VERTEX_POINT('',#13796);
#4584=VERTEX_POINT('',#13798);
#4585=VERTEX_POINT('',#13807);
#4586=VERTEX_POINT('',#13809);
#4587=VERTEX_POINT('',#13813);
#4588=VERTEX_POINT('',#13814);
#4589=VERTEX_POINT('',#13816);
#4590=VERTEX_POINT('',#13818);
#4591=VERTEX_POINT('',#13822);
#4592=VERTEX_POINT('',#13824);
#4593=VERTEX_POINT('',#13828);
#4594=VERTEX_POINT('',#13830);
#4595=VERTEX_POINT('',#13834);
#4596=VERTEX_POINT('',#13836);
#4597=VERTEX_POINT('',#13840);
#4598=VERTEX_POINT('',#13842);
#4599=VERTEX_POINT('',#13851);
#4600=VERTEX_POINT('',#13853);
#4601=VERTEX_POINT('',#13857);
#4602=VERTEX_POINT('',#13858);
#4603=VERTEX_POINT('',#13860);
#4604=VERTEX_POINT('',#13862);
#4605=VERTEX_POINT('',#13866);
#4606=VERTEX_POINT('',#13868);
#4607=VERTEX_POINT('',#13872);
#4608=VERTEX_POINT('',#13874);
#4609=VERTEX_POINT('',#13878);
#4610=VERTEX_POINT('',#13880);
#4611=VERTEX_POINT('',#13884);
#4612=VERTEX_POINT('',#13886);
#4613=VERTEX_POINT('',#13895);
#4614=VERTEX_POINT('',#13897);
#4615=VERTEX_POINT('',#13901);
#4616=VERTEX_POINT('',#13902);
#4617=VERTEX_POINT('',#13904);
#4618=VERTEX_POINT('',#13906);
#4619=VERTEX_POINT('',#13910);
#4620=VERTEX_POINT('',#13912);
#4621=VERTEX_POINT('',#13916);
#4622=VERTEX_POINT('',#13918);
#4623=VERTEX_POINT('',#13922);
#4624=VERTEX_POINT('',#13924);
#4625=VERTEX_POINT('',#13928);
#4626=VERTEX_POINT('',#13930);
#4627=VERTEX_POINT('',#13939);
#4628=VERTEX_POINT('',#13941);
#4629=VERTEX_POINT('',#13945);
#4630=VERTEX_POINT('',#13946);
#4631=VERTEX_POINT('',#13948);
#4632=VERTEX_POINT('',#13950);
#4633=VERTEX_POINT('',#13954);
#4634=VERTEX_POINT('',#13956);
#4635=VERTEX_POINT('',#13960);
#4636=VERTEX_POINT('',#13962);
#4637=VERTEX_POINT('',#13966);
#4638=VERTEX_POINT('',#13968);
#4639=VERTEX_POINT('',#13972);
#4640=VERTEX_POINT('',#13974);
#4641=VERTEX_POINT('',#13983);
#4642=VERTEX_POINT('',#13985);
#4643=VERTEX_POINT('',#13989);
#4644=VERTEX_POINT('',#13990);
#4645=VERTEX_POINT('',#13992);
#4646=VERTEX_POINT('',#13994);
#4647=VERTEX_POINT('',#13998);
#4648=VERTEX_POINT('',#14000);
#4649=VERTEX_POINT('',#14004);
#4650=VERTEX_POINT('',#14006);
#4651=VERTEX_POINT('',#14010);
#4652=VERTEX_POINT('',#14012);
#4653=VERTEX_POINT('',#14016);
#4654=VERTEX_POINT('',#14018);
#4655=VERTEX_POINT('',#14027);
#4656=VERTEX_POINT('',#14029);
#4657=VERTEX_POINT('',#14033);
#4658=VERTEX_POINT('',#14034);
#4659=VERTEX_POINT('',#14036);
#4660=VERTEX_POINT('',#14038);
#4661=VERTEX_POINT('',#14042);
#4662=VERTEX_POINT('',#14044);
#4663=VERTEX_POINT('',#14048);
#4664=VERTEX_POINT('',#14050);
#4665=VERTEX_POINT('',#14054);
#4666=VERTEX_POINT('',#14056);
#4667=VERTEX_POINT('',#14060);
#4668=VERTEX_POINT('',#14062);
#4669=VERTEX_POINT('',#14071);
#4670=VERTEX_POINT('',#14073);
#4671=VERTEX_POINT('',#14077);
#4672=VERTEX_POINT('',#14078);
#4673=VERTEX_POINT('',#14080);
#4674=VERTEX_POINT('',#14082);
#4675=VERTEX_POINT('',#14086);
#4676=VERTEX_POINT('',#14088);
#4677=VERTEX_POINT('',#14092);
#4678=VERTEX_POINT('',#14094);
#4679=VERTEX_POINT('',#14098);
#4680=VERTEX_POINT('',#14100);
#4681=VERTEX_POINT('',#14104);
#4682=VERTEX_POINT('',#14106);
#4683=VERTEX_POINT('',#14115);
#4684=VERTEX_POINT('',#14117);
#4685=VERTEX_POINT('',#14121);
#4686=VERTEX_POINT('',#14122);
#4687=VERTEX_POINT('',#14124);
#4688=VERTEX_POINT('',#14126);
#4689=VERTEX_POINT('',#14130);
#4690=VERTEX_POINT('',#14132);
#4691=VERTEX_POINT('',#14136);
#4692=VERTEX_POINT('',#14138);
#4693=VERTEX_POINT('',#14142);
#4694=VERTEX_POINT('',#14144);
#4695=VERTEX_POINT('',#14148);
#4696=VERTEX_POINT('',#14150);
#4697=VERTEX_POINT('',#14159);
#4698=VERTEX_POINT('',#14161);
#4699=VERTEX_POINT('',#14165);
#4700=VERTEX_POINT('',#14166);
#4701=VERTEX_POINT('',#14168);
#4702=VERTEX_POINT('',#14170);
#4703=VERTEX_POINT('',#14174);
#4704=VERTEX_POINT('',#14176);
#4705=VERTEX_POINT('',#14180);
#4706=VERTEX_POINT('',#14182);
#4707=VERTEX_POINT('',#14186);
#4708=VERTEX_POINT('',#14188);
#4709=VERTEX_POINT('',#14192);
#4710=VERTEX_POINT('',#14194);
#4711=VERTEX_POINT('',#14203);
#4712=VERTEX_POINT('',#14205);
#4713=VERTEX_POINT('',#14209);
#4714=VERTEX_POINT('',#14210);
#4715=VERTEX_POINT('',#14212);
#4716=VERTEX_POINT('',#14214);
#4717=VERTEX_POINT('',#14218);
#4718=VERTEX_POINT('',#14220);
#4719=VERTEX_POINT('',#14224);
#4720=VERTEX_POINT('',#14226);
#4721=VERTEX_POINT('',#14230);
#4722=VERTEX_POINT('',#14232);
#4723=VERTEX_POINT('',#14236);
#4724=VERTEX_POINT('',#14238);
#4725=VERTEX_POINT('',#14247);
#4726=VERTEX_POINT('',#14249);
#4727=VERTEX_POINT('',#14253);
#4728=VERTEX_POINT('',#14254);
#4729=VERTEX_POINT('',#14256);
#4730=VERTEX_POINT('',#14258);
#4731=VERTEX_POINT('',#14262);
#4732=VERTEX_POINT('',#14264);
#4733=VERTEX_POINT('',#14268);
#4734=VERTEX_POINT('',#14270);
#4735=VERTEX_POINT('',#14274);
#4736=VERTEX_POINT('',#14276);
#4737=VERTEX_POINT('',#14280);
#4738=VERTEX_POINT('',#14282);
#4739=VERTEX_POINT('',#14291);
#4740=VERTEX_POINT('',#14293);
#4741=VERTEX_POINT('',#14297);
#4742=VERTEX_POINT('',#14298);
#4743=VERTEX_POINT('',#14300);
#4744=VERTEX_POINT('',#14302);
#4745=VERTEX_POINT('',#14306);
#4746=VERTEX_POINT('',#14308);
#4747=VERTEX_POINT('',#14312);
#4748=VERTEX_POINT('',#14314);
#4749=VERTEX_POINT('',#14318);
#4750=VERTEX_POINT('',#14320);
#4751=VERTEX_POINT('',#14324);
#4752=VERTEX_POINT('',#14326);
#4753=VERTEX_POINT('',#14335);
#4754=VERTEX_POINT('',#14337);
#4755=VERTEX_POINT('',#14341);
#4756=VERTEX_POINT('',#14342);
#4757=VERTEX_POINT('',#14344);
#4758=VERTEX_POINT('',#14346);
#4759=VERTEX_POINT('',#14350);
#4760=VERTEX_POINT('',#14352);
#4761=VERTEX_POINT('',#14356);
#4762=VERTEX_POINT('',#14358);
#4763=VERTEX_POINT('',#14362);
#4764=VERTEX_POINT('',#14364);
#4765=VERTEX_POINT('',#14368);
#4766=VERTEX_POINT('',#14370);
#4767=VERTEX_POINT('',#14379);
#4768=VERTEX_POINT('',#14381);
#4769=VERTEX_POINT('',#14385);
#4770=VERTEX_POINT('',#14387);
#4771=VERTEX_POINT('',#14391);
#4772=VERTEX_POINT('',#14393);
#4773=VERTEX_POINT('',#14397);
#4774=VERTEX_POINT('',#14399);
#4775=VERTEX_POINT('',#14403);
#4776=VERTEX_POINT('',#14405);
#4777=VERTEX_POINT('',#14409);
#4778=VERTEX_POINT('',#14410);
#4779=VERTEX_POINT('',#14412);
#4780=VERTEX_POINT('',#14414);
#4781=VERTEX_POINT('',#14418);
#4782=VERTEX_POINT('',#14419);
#4783=VERTEX_POINT('',#14421);
#4784=VERTEX_POINT('',#14423);
#4785=VERTEX_POINT('',#14427);
#4786=VERTEX_POINT('',#14428);
#4787=VERTEX_POINT('',#14433);
#4788=VERTEX_POINT('',#14435);
#4789=VERTEX_POINT('',#14439);
#4790=VERTEX_POINT('',#14440);
#4791=VERTEX_POINT('',#14442);
#4792=VERTEX_POINT('',#14444);
#4793=VERTEX_POINT('',#14448);
#4794=VERTEX_POINT('',#14449);
#4795=VERTEX_POINT('',#14454);
#4796=VERTEX_POINT('',#14456);
#4797=VERTEX_POINT('',#14460);
#4798=VERTEX_POINT('',#14461);
#4799=VERTEX_POINT('',#14463);
#4800=VERTEX_POINT('',#14465);
#4801=VERTEX_POINT('',#14469);
#4802=VERTEX_POINT('',#14470);
#4803=VERTEX_POINT('',#14475);
#4804=VERTEX_POINT('',#14477);
#4805=VERTEX_POINT('',#14481);
#4806=VERTEX_POINT('',#14482);
#4807=VERTEX_POINT('',#14484);
#4808=VERTEX_POINT('',#14486);
#4809=VERTEX_POINT('',#14490);
#4810=VERTEX_POINT('',#14491);
#4811=VERTEX_POINT('',#14496);
#4812=VERTEX_POINT('',#14498);
#4813=VERTEX_POINT('',#14502);
#4814=VERTEX_POINT('',#14503);
#4815=VERTEX_POINT('',#14505);
#4816=VERTEX_POINT('',#14507);
#4817=VERTEX_POINT('',#14511);
#4818=VERTEX_POINT('',#14512);
#4819=VERTEX_POINT('',#14517);
#4820=VERTEX_POINT('',#14519);
#4821=VERTEX_POINT('',#14523);
#4822=VERTEX_POINT('',#14524);
#4823=VERTEX_POINT('',#14526);
#4824=VERTEX_POINT('',#14528);
#4825=VERTEX_POINT('',#14532);
#4826=VERTEX_POINT('',#14533);
#4827=VERTEX_POINT('',#14538);
#4828=VERTEX_POINT('',#14540);
#4829=VERTEX_POINT('',#14544);
#4830=VERTEX_POINT('',#14545);
#4831=VERTEX_POINT('',#14547);
#4832=VERTEX_POINT('',#14549);
#4833=VERTEX_POINT('',#14553);
#4834=VERTEX_POINT('',#14554);
#4835=VERTEX_POINT('',#14559);
#4836=VERTEX_POINT('',#14561);
#4837=VERTEX_POINT('',#14565);
#4838=VERTEX_POINT('',#14566);
#4839=VERTEX_POINT('',#14568);
#4840=VERTEX_POINT('',#14570);
#4841=VERTEX_POINT('',#14574);
#4842=VERTEX_POINT('',#14575);
#4843=VERTEX_POINT('',#14580);
#4844=VERTEX_POINT('',#14582);
#4845=VERTEX_POINT('',#14586);
#4846=VERTEX_POINT('',#14587);
#4847=VERTEX_POINT('',#14589);
#4848=VERTEX_POINT('',#14591);
#4849=VERTEX_POINT('',#14595);
#4850=VERTEX_POINT('',#14596);
#4851=VERTEX_POINT('',#14601);
#4852=VERTEX_POINT('',#14603);
#4853=VERTEX_POINT('',#14607);
#4854=VERTEX_POINT('',#14608);
#4855=VERTEX_POINT('',#14610);
#4856=VERTEX_POINT('',#14612);
#4857=VERTEX_POINT('',#14616);
#4858=VERTEX_POINT('',#14617);
#4859=VERTEX_POINT('',#14622);
#4860=VERTEX_POINT('',#14624);
#4861=VERTEX_POINT('',#14628);
#4862=VERTEX_POINT('',#14629);
#4863=VERTEX_POINT('',#14631);
#4864=VERTEX_POINT('',#14633);
#4865=VERTEX_POINT('',#14637);
#4866=VERTEX_POINT('',#14638);
#4867=VERTEX_POINT('',#14643);
#4868=VERTEX_POINT('',#14645);
#4869=VERTEX_POINT('',#14649);
#4870=VERTEX_POINT('',#14650);
#4871=VERTEX_POINT('',#14652);
#4872=VERTEX_POINT('',#14654);
#4873=VERTEX_POINT('',#14658);
#4874=VERTEX_POINT('',#14659);
#4875=VERTEX_POINT('',#14664);
#4876=VERTEX_POINT('',#14666);
#4877=VERTEX_POINT('',#14670);
#4878=VERTEX_POINT('',#14671);
#4879=VERTEX_POINT('',#14673);
#4880=VERTEX_POINT('',#14675);
#4881=VERTEX_POINT('',#14679);
#4882=VERTEX_POINT('',#14680);
#4883=VERTEX_POINT('',#14685);
#4884=VERTEX_POINT('',#14687);
#4885=VERTEX_POINT('',#14691);
#4886=VERTEX_POINT('',#14692);
#4887=VERTEX_POINT('',#14694);
#4888=VERTEX_POINT('',#14696);
#4889=VERTEX_POINT('',#14700);
#4890=VERTEX_POINT('',#14701);
#4891=VERTEX_POINT('',#14706);
#4892=VERTEX_POINT('',#14708);
#4893=VERTEX_POINT('',#14712);
#4894=VERTEX_POINT('',#14713);
#4895=VERTEX_POINT('',#14715);
#4896=VERTEX_POINT('',#14717);
#4897=VERTEX_POINT('',#14721);
#4898=VERTEX_POINT('',#14722);
#4899=VERTEX_POINT('',#14727);
#4900=VERTEX_POINT('',#14729);
#4901=VERTEX_POINT('',#14733);
#4902=VERTEX_POINT('',#14734);
#4903=VERTEX_POINT('',#14736);
#4904=VERTEX_POINT('',#14738);
#4905=VERTEX_POINT('',#14745);
#4906=VERTEX_POINT('',#14747);
#4907=VERTEX_POINT('',#14749);
#4908=VERTEX_POINT('',#14752);
#4909=VERTEX_POINT('',#14754);
#4910=VERTEX_POINT('',#14757);
#4911=VERTEX_POINT('',#14759);
#4912=VERTEX_POINT('',#14762);
#4913=VERTEX_POINT('',#14763);
#4914=VERTEX_POINT('',#14765);
#4915=VERTEX_POINT('',#14767);
#4916=VERTEX_POINT('',#14769);
#4917=VERTEX_POINT('',#14771);
#4918=VERTEX_POINT('',#14774);
#4919=VERTEX_POINT('',#14776);
#4920=VERTEX_POINT('',#14779);
#4921=VERTEX_POINT('',#14780);
#4922=VERTEX_POINT('',#14782);
#4923=VERTEX_POINT('',#14784);
#4924=VERTEX_POINT('',#14786);
#4925=VERTEX_POINT('',#14788);
#4926=VERTEX_POINT('',#14791);
#4927=VERTEX_POINT('',#14793);
#4928=VERTEX_POINT('',#14796);
#4929=VERTEX_POINT('',#14797);
#4930=VERTEX_POINT('',#14799);
#4931=VERTEX_POINT('',#14801);
#4932=VERTEX_POINT('',#14803);
#4933=VERTEX_POINT('',#14805);
#4934=VERTEX_POINT('',#14808);
#4935=VERTEX_POINT('',#14810);
#4936=VERTEX_POINT('',#14813);
#4937=VERTEX_POINT('',#14814);
#4938=VERTEX_POINT('',#14816);
#4939=VERTEX_POINT('',#14818);
#4940=VERTEX_POINT('',#14820);
#4941=VERTEX_POINT('',#14822);
#4942=VERTEX_POINT('',#14825);
#4943=VERTEX_POINT('',#14827);
#4944=VERTEX_POINT('',#14830);
#4945=VERTEX_POINT('',#14831);
#4946=VERTEX_POINT('',#14833);
#4947=VERTEX_POINT('',#14835);
#4948=VERTEX_POINT('',#14837);
#4949=VERTEX_POINT('',#14839);
#4950=VERTEX_POINT('',#14842);
#4951=VERTEX_POINT('',#14844);
#4952=VERTEX_POINT('',#14847);
#4953=VERTEX_POINT('',#14848);
#4954=VERTEX_POINT('',#14850);
#4955=VERTEX_POINT('',#14852);
#4956=VERTEX_POINT('',#14854);
#4957=VERTEX_POINT('',#14856);
#4958=VERTEX_POINT('',#14859);
#4959=VERTEX_POINT('',#14861);
#4960=VERTEX_POINT('',#14864);
#4961=VERTEX_POINT('',#14865);
#4962=VERTEX_POINT('',#14867);
#4963=VERTEX_POINT('',#14869);
#4964=VERTEX_POINT('',#14871);
#4965=VERTEX_POINT('',#14873);
#4966=VERTEX_POINT('',#14876);
#4967=VERTEX_POINT('',#14878);
#4968=VERTEX_POINT('',#14881);
#4969=VERTEX_POINT('',#14882);
#4970=VERTEX_POINT('',#14884);
#4971=VERTEX_POINT('',#14886);
#4972=VERTEX_POINT('',#14888);
#4973=VERTEX_POINT('',#14890);
#4974=VERTEX_POINT('',#14893);
#4975=VERTEX_POINT('',#14895);
#4976=VERTEX_POINT('',#14898);
#4977=VERTEX_POINT('',#14899);
#4978=VERTEX_POINT('',#14901);
#4979=VERTEX_POINT('',#14903);
#4980=VERTEX_POINT('',#14905);
#4981=VERTEX_POINT('',#14907);
#4982=VERTEX_POINT('',#14910);
#4983=VERTEX_POINT('',#14912);
#4984=VERTEX_POINT('',#14915);
#4985=VERTEX_POINT('',#14916);
#4986=VERTEX_POINT('',#14918);
#4987=VERTEX_POINT('',#14920);
#4988=VERTEX_POINT('',#14922);
#4989=VERTEX_POINT('',#14924);
#4990=VERTEX_POINT('',#14927);
#4991=VERTEX_POINT('',#14929);
#4992=VERTEX_POINT('',#14932);
#4993=VERTEX_POINT('',#14933);
#4994=VERTEX_POINT('',#14935);
#4995=VERTEX_POINT('',#14937);
#4996=VERTEX_POINT('',#14939);
#4997=VERTEX_POINT('',#14941);
#4998=VERTEX_POINT('',#14944);
#4999=VERTEX_POINT('',#14946);
#5000=VERTEX_POINT('',#14949);
#5001=VERTEX_POINT('',#14950);
#5002=VERTEX_POINT('',#14952);
#5003=VERTEX_POINT('',#14954);
#5004=VERTEX_POINT('',#14956);
#5005=VERTEX_POINT('',#14958);
#5006=VERTEX_POINT('',#14961);
#5007=VERTEX_POINT('',#14963);
#5008=VERTEX_POINT('',#14966);
#5009=VERTEX_POINT('',#14967);
#5010=VERTEX_POINT('',#14969);
#5011=VERTEX_POINT('',#14971);
#5012=VERTEX_POINT('',#14973);
#5013=VERTEX_POINT('',#14975);
#5014=VERTEX_POINT('',#14978);
#5015=VERTEX_POINT('',#14980);
#5016=VERTEX_POINT('',#14983);
#5017=VERTEX_POINT('',#14984);
#5018=VERTEX_POINT('',#14986);
#5019=VERTEX_POINT('',#14988);
#5020=VERTEX_POINT('',#14990);
#5021=VERTEX_POINT('',#14992);
#5022=VERTEX_POINT('',#14994);
#5023=VERTEX_POINT('',#14996);
#5024=VERTEX_POINT('',#14999);
#5025=VERTEX_POINT('',#15000);
#5026=VERTEX_POINT('',#15002);
#5027=VERTEX_POINT('',#15004);
#5028=VERTEX_POINT('',#15006);
#5029=VERTEX_POINT('',#15008);
#5030=VERTEX_POINT('',#15011);
#5031=VERTEX_POINT('',#15012);
#5032=VERTEX_POINT('',#15014);
#5033=VERTEX_POINT('',#15016);
#5034=VERTEX_POINT('',#15018);
#5035=VERTEX_POINT('',#15020);
#5036=VERTEX_POINT('',#15022);
#5037=VERTEX_POINT('',#15024);
#5038=VERTEX_POINT('',#15027);
#5039=VERTEX_POINT('',#15028);
#5040=VERTEX_POINT('',#15030);
#5041=VERTEX_POINT('',#15032);
#5042=VERTEX_POINT('',#15034);
#5043=VERTEX_POINT('',#15036);
#5044=VERTEX_POINT('',#15038);
#5045=VERTEX_POINT('',#15040);
#5046=VERTEX_POINT('',#15044);
#5047=VERTEX_POINT('',#15046);
#5048=VERTEX_POINT('',#15050);
#5049=VERTEX_POINT('',#15054);
#5050=VERTEX_POINT('',#15056);
#5051=VERTEX_POINT('',#15059);
#5052=VERTEX_POINT('',#15060);
#5053=VERTEX_POINT('',#15062);
#5054=VERTEX_POINT('',#15064);
#5055=VERTEX_POINT('',#15066);
#5056=VERTEX_POINT('',#15068);
#5057=VERTEX_POINT('',#15071);
#5058=VERTEX_POINT('',#15073);
#5059=VERTEX_POINT('',#15076);
#5060=VERTEX_POINT('',#15077);
#5061=VERTEX_POINT('',#15079);
#5062=VERTEX_POINT('',#15081);
#5063=VERTEX_POINT('',#15083);
#5064=VERTEX_POINT('',#15085);
#5065=VERTEX_POINT('',#15088);
#5066=VERTEX_POINT('',#15090);
#5067=VERTEX_POINT('',#15093);
#5068=VERTEX_POINT('',#15095);
#5069=VERTEX_POINT('',#15098);
#5070=VERTEX_POINT('',#15100);
#5071=VERTEX_POINT('',#15103);
#5072=VERTEX_POINT('',#15105);
#5073=VERTEX_POINT('',#15108);
#5074=VERTEX_POINT('',#15109);
#5075=VERTEX_POINT('',#15111);
#5076=VERTEX_POINT('',#15113);
#5077=VERTEX_POINT('',#15115);
#5078=VERTEX_POINT('',#15117);
#5079=VERTEX_POINT('',#15120);
#5080=VERTEX_POINT('',#15121);
#5081=VERTEX_POINT('',#15123);
#5082=VERTEX_POINT('',#15125);
#5083=VERTEX_POINT('',#15127);
#5084=VERTEX_POINT('',#15129);
#5085=VERTEX_POINT('',#15132);
#5086=VERTEX_POINT('',#15134);
#5087=VERTEX_POINT('',#15137);
#5088=VERTEX_POINT('',#15139);
#5089=VERTEX_POINT('',#15142);
#5090=VERTEX_POINT('',#15144);
#5091=VERTEX_POINT('',#15147);
#5092=VERTEX_POINT('',#15149);
#5093=VERTEX_POINT('',#15152);
#5094=VERTEX_POINT('',#15153);
#5095=VERTEX_POINT('',#15155);
#5096=VERTEX_POINT('',#15157);
#5097=VERTEX_POINT('',#15159);
#5098=VERTEX_POINT('',#15161);
#5099=VERTEX_POINT('',#15164);
#5100=VERTEX_POINT('',#15165);
#5101=VERTEX_POINT('',#15167);
#5102=VERTEX_POINT('',#15169);
#5103=VERTEX_POINT('',#15171);
#5104=VERTEX_POINT('',#15173);
#5105=VERTEX_POINT('',#15176);
#5106=VERTEX_POINT('',#15178);
#5107=VERTEX_POINT('',#15181);
#5108=VERTEX_POINT('',#15182);
#5109=VERTEX_POINT('',#15184);
#5110=VERTEX_POINT('',#15186);
#5111=VERTEX_POINT('',#15188);
#5112=VERTEX_POINT('',#15190);
#5113=VERTEX_POINT('',#15193);
#5114=VERTEX_POINT('',#15194);
#5115=VERTEX_POINT('',#15196);
#5116=VERTEX_POINT('',#15198);
#5117=VERTEX_POINT('',#15200);
#5118=VERTEX_POINT('',#15202);
#5119=VERTEX_POINT('',#15205);
#5120=VERTEX_POINT('',#15207);
#5121=VERTEX_POINT('',#15210);
#5122=VERTEX_POINT('',#15212);
#5123=VERTEX_POINT('',#15215);
#5124=VERTEX_POINT('',#15216);
#5125=VERTEX_POINT('',#15218);
#5126=VERTEX_POINT('',#15220);
#5127=VERTEX_POINT('',#15222);
#5128=VERTEX_POINT('',#15224);
#5129=VERTEX_POINT('',#15227);
#5130=VERTEX_POINT('',#15228);
#5131=VERTEX_POINT('',#15230);
#5132=VERTEX_POINT('',#15232);
#5133=VERTEX_POINT('',#15234);
#5134=VERTEX_POINT('',#15236);
#5135=VERTEX_POINT('',#15239);
#5136=VERTEX_POINT('',#15240);
#5137=VERTEX_POINT('',#15242);
#5138=VERTEX_POINT('',#15244);
#5139=VERTEX_POINT('',#15246);
#5140=VERTEX_POINT('',#15248);
#5141=VERTEX_POINT('',#15251);
#5142=VERTEX_POINT('',#15253);
#5143=VERTEX_POINT('',#15256);
#5144=VERTEX_POINT('',#15257);
#5145=VERTEX_POINT('',#15259);
#5146=VERTEX_POINT('',#15261);
#5147=VERTEX_POINT('',#15263);
#5148=VERTEX_POINT('',#15265);
#5149=VERTEX_POINT('',#15268);
#5150=VERTEX_POINT('',#15270);
#5151=VERTEX_POINT('',#15273);
#5152=VERTEX_POINT('',#15274);
#5153=VERTEX_POINT('',#15276);
#5154=VERTEX_POINT('',#15278);
#5155=VERTEX_POINT('',#15280);
#5156=VERTEX_POINT('',#15282);
#5157=VERTEX_POINT('',#15285);
#5158=VERTEX_POINT('',#15287);
#5159=VERTEX_POINT('',#15290);
#5160=VERTEX_POINT('',#15291);
#5161=VERTEX_POINT('',#15293);
#5162=VERTEX_POINT('',#15295);
#5163=VERTEX_POINT('',#15297);
#5164=VERTEX_POINT('',#15299);
#5165=VERTEX_POINT('',#15302);
#5166=VERTEX_POINT('',#15303);
#5167=VERTEX_POINT('',#15328);
#5168=VERTEX_POINT('',#15330);
#5169=VERTEX_POINT('',#15353);
#5170=VERTEX_POINT('',#15355);
#5171=VERTEX_POINT('',#15378);
#5172=VERTEX_POINT('',#15380);
#5173=VERTEX_POINT('',#15405);
#5174=VERTEX_POINT('',#15407);
#5175=VERTEX_POINT('',#15434);
#5176=VERTEX_POINT('',#15436);
#5177=VERTEX_POINT('',#15504);
#5178=VERTEX_POINT('',#15513);
#5179=VERTEX_POINT('',#15522);
#5180=VERTEX_POINT('',#15532);
#5181=VERTEX_POINT('',#15533);
#5182=VERTEX_POINT('',#15538);
#5183=VERTEX_POINT('',#15539);
#5184=VERTEX_POINT('',#15544);
#5185=VERTEX_POINT('',#15545);
#5186=VERTEX_POINT('',#15550);
#5187=VERTEX_POINT('',#15551);
#5188=VERTEX_POINT('',#15556);
#5189=VERTEX_POINT('',#15557);
#5190=VERTEX_POINT('',#15562);
#5191=VERTEX_POINT('',#15563);
#5192=VERTEX_POINT('',#15568);
#5193=VERTEX_POINT('',#15569);
#5194=VERTEX_POINT('',#15631);
#5195=VERTEX_POINT('',#15650);
#5196=VERTEX_POINT('',#15660);
#5197=VERTEX_POINT('',#15662);
#5198=VERTEX_POINT('',#15664);
#5199=VERTEX_POINT('',#15666);
#5200=VERTEX_POINT('',#15668);
#5201=VERTEX_POINT('',#15670);
#5202=VERTEX_POINT('',#15672);
#5203=VERTEX_POINT('',#15674);
#5204=VERTEX_POINT('',#15676);
#5205=VERTEX_POINT('',#15678);
#5206=VERTEX_POINT('',#15680);
#5207=VERTEX_POINT('',#15682);
#5208=VERTEX_POINT('',#15684);
#5209=VERTEX_POINT('',#15686);
#5210=VERTEX_POINT('',#15688);
#5211=VERTEX_POINT('',#15749);
#5212=VERTEX_POINT('',#15758);
#5213=VERTEX_POINT('',#15778);
#5214=VERTEX_POINT('',#15782);
#5215=VERTEX_POINT('',#15786);
#5216=VERTEX_POINT('',#15790);
#5217=VERTEX_POINT('',#15794);
#5218=VERTEX_POINT('',#15798);
#5219=VERTEX_POINT('',#15802);
#5220=VERTEX_POINT('',#15845);
#5221=VERTEX_POINT('',#15911);
#5222=VERTEX_POINT('',#15920);
#5223=VERTEX_POINT('',#15931);
#5224=VERTEX_POINT('',#15935);
#5225=VERTEX_POINT('',#15939);
#5226=VERTEX_POINT('',#15943);
#5227=VERTEX_POINT('',#15947);
#5228=VERTEX_POINT('',#15951);
#5229=VERTEX_POINT('',#15955);
#5230=VERTEX_POINT('',#16008);
#5231=EDGE_CURVE('',#4347,#4347,#4191,.T.);
#5232=EDGE_CURVE('',#4347,#4348,#1875,.T.);
#5233=EDGE_CURVE('',#4348,#4348,#4192,.T.);
#5234=EDGE_CURVE('',#4349,#4350,#1876,.T.);
#5235=EDGE_CURVE('',#4349,#4351,#1877,.T.);
#5236=EDGE_CURVE('',#4352,#4351,#1878,.T.);
#5237=EDGE_CURVE('',#4350,#4352,#1879,.T.);
#5238=EDGE_CURVE('',#4350,#4353,#1880,.T.);
#5239=EDGE_CURVE('',#4354,#4352,#1881,.T.);
#5240=EDGE_CURVE('',#4353,#4354,#1882,.T.);
#5241=EDGE_CURVE('',#4353,#4355,#1883,.T.);
#5242=EDGE_CURVE('',#4356,#4354,#1884,.T.);
#5243=EDGE_CURVE('',#4355,#4356,#1885,.T.);
#5244=EDGE_CURVE('',#4355,#4357,#1886,.T.);
#5245=EDGE_CURVE('',#4358,#4356,#1887,.T.);
#5246=EDGE_CURVE('',#4357,#4358,#1888,.T.);
#5247=EDGE_CURVE('',#4357,#4359,#1889,.T.);
#5248=EDGE_CURVE('',#4360,#4358,#1890,.T.);
#5249=EDGE_CURVE('',#4359,#4360,#1891,.T.);
#5250=EDGE_CURVE('',#4359,#4349,#1892,.T.);
#5251=EDGE_CURVE('',#4351,#4360,#1893,.T.);
#5252=EDGE_CURVE('',#4361,#4361,#4193,.T.);
#5253=EDGE_CURVE('',#4361,#4362,#1894,.T.);
#5254=EDGE_CURVE('',#4362,#4362,#4194,.T.);
#5255=EDGE_CURVE('',#4363,#4364,#1895,.T.);
#5256=EDGE_CURVE('',#4363,#4365,#1896,.T.);
#5257=EDGE_CURVE('',#4366,#4365,#1897,.T.);
#5258=EDGE_CURVE('',#4364,#4366,#1898,.T.);
#5259=EDGE_CURVE('',#4364,#4367,#1899,.T.);
#5260=EDGE_CURVE('',#4368,#4366,#1900,.T.);
#5261=EDGE_CURVE('',#4367,#4368,#1901,.T.);
#5262=EDGE_CURVE('',#4367,#4369,#1902,.T.);
#5263=EDGE_CURVE('',#4370,#4368,#1903,.T.);
#5264=EDGE_CURVE('',#4369,#4370,#1904,.T.);
#5265=EDGE_CURVE('',#4369,#4371,#1905,.T.);
#5266=EDGE_CURVE('',#4372,#4370,#1906,.T.);
#5267=EDGE_CURVE('',#4371,#4372,#1907,.T.);
#5268=EDGE_CURVE('',#4371,#4373,#1908,.T.);
#5269=EDGE_CURVE('',#4374,#4372,#1909,.T.);
#5270=EDGE_CURVE('',#4373,#4374,#1910,.T.);
#5271=EDGE_CURVE('',#4373,#4363,#1911,.T.);
#5272=EDGE_CURVE('',#4365,#4374,#1912,.T.);
#5273=EDGE_CURVE('',#4375,#4375,#4195,.T.);
#5274=EDGE_CURVE('',#4375,#4376,#1913,.T.);
#5275=EDGE_CURVE('',#4376,#4376,#4196,.T.);
#5276=EDGE_CURVE('',#4377,#4378,#1914,.T.);
#5277=EDGE_CURVE('',#4377,#4379,#1915,.T.);
#5278=EDGE_CURVE('',#4380,#4379,#1916,.T.);
#5279=EDGE_CURVE('',#4378,#4380,#1917,.T.);
#5280=EDGE_CURVE('',#4378,#4381,#1918,.T.);
#5281=EDGE_CURVE('',#4382,#4380,#1919,.T.);
#5282=EDGE_CURVE('',#4381,#4382,#1920,.T.);
#5283=EDGE_CURVE('',#4381,#4383,#1921,.T.);
#5284=EDGE_CURVE('',#4384,#4382,#1922,.T.);
#5285=EDGE_CURVE('',#4383,#4384,#1923,.T.);
#5286=EDGE_CURVE('',#4383,#4385,#1924,.T.);
#5287=EDGE_CURVE('',#4386,#4384,#1925,.T.);
#5288=EDGE_CURVE('',#4385,#4386,#1926,.T.);
#5289=EDGE_CURVE('',#4385,#4387,#1927,.T.);
#5290=EDGE_CURVE('',#4388,#4386,#1928,.T.);
#5291=EDGE_CURVE('',#4387,#4388,#1929,.T.);
#5292=EDGE_CURVE('',#4387,#4377,#1930,.T.);
#5293=EDGE_CURVE('',#4379,#4388,#1931,.T.);
#5294=EDGE_CURVE('',#4389,#4389,#4197,.T.);
#5295=EDGE_CURVE('',#4389,#4390,#1932,.T.);
#5296=EDGE_CURVE('',#4390,#4390,#4198,.T.);
#5297=EDGE_CURVE('',#4391,#4392,#1933,.T.);
#5298=EDGE_CURVE('',#4391,#4393,#1934,.T.);
#5299=EDGE_CURVE('',#4394,#4393,#1935,.T.);
#5300=EDGE_CURVE('',#4392,#4394,#1936,.T.);
#5301=EDGE_CURVE('',#4392,#4395,#1937,.T.);
#5302=EDGE_CURVE('',#4396,#4394,#1938,.T.);
#5303=EDGE_CURVE('',#4395,#4396,#1939,.T.);
#5304=EDGE_CURVE('',#4395,#4397,#1940,.T.);
#5305=EDGE_CURVE('',#4398,#4396,#1941,.T.);
#5306=EDGE_CURVE('',#4397,#4398,#1942,.T.);
#5307=EDGE_CURVE('',#4397,#4399,#1943,.T.);
#5308=EDGE_CURVE('',#4400,#4398,#1944,.T.);
#5309=EDGE_CURVE('',#4399,#4400,#1945,.T.);
#5310=EDGE_CURVE('',#4399,#4401,#1946,.T.);
#5311=EDGE_CURVE('',#4402,#4400,#1947,.T.);
#5312=EDGE_CURVE('',#4401,#4402,#1948,.T.);
#5313=EDGE_CURVE('',#4401,#4391,#1949,.T.);
#5314=EDGE_CURVE('',#4393,#4402,#1950,.T.);
#5315=EDGE_CURVE('',#4403,#4403,#4199,.T.);
#5316=EDGE_CURVE('',#4403,#4404,#1951,.T.);
#5317=EDGE_CURVE('',#4404,#4404,#4200,.T.);
#5318=EDGE_CURVE('',#4405,#4406,#1952,.T.);
#5319=EDGE_CURVE('',#4405,#4407,#1953,.T.);
#5320=EDGE_CURVE('',#4408,#4407,#1954,.T.);
#5321=EDGE_CURVE('',#4406,#4408,#1955,.T.);
#5322=EDGE_CURVE('',#4406,#4409,#1956,.T.);
#5323=EDGE_CURVE('',#4410,#4408,#1957,.T.);
#5324=EDGE_CURVE('',#4409,#4410,#1958,.T.);
#5325=EDGE_CURVE('',#4409,#4411,#1959,.T.);
#5326=EDGE_CURVE('',#4412,#4410,#1960,.T.);
#5327=EDGE_CURVE('',#4411,#4412,#1961,.T.);
#5328=EDGE_CURVE('',#4411,#4413,#1962,.T.);
#5329=EDGE_CURVE('',#4414,#4412,#1963,.T.);
#5330=EDGE_CURVE('',#4413,#4414,#1964,.T.);
#5331=EDGE_CURVE('',#4413,#4415,#1965,.T.);
#5332=EDGE_CURVE('',#4416,#4414,#1966,.T.);
#5333=EDGE_CURVE('',#4415,#4416,#1967,.T.);
#5334=EDGE_CURVE('',#4415,#4405,#1968,.T.);
#5335=EDGE_CURVE('',#4407,#4416,#1969,.T.);
#5336=EDGE_CURVE('',#4417,#4417,#4201,.T.);
#5337=EDGE_CURVE('',#4417,#4418,#1970,.T.);
#5338=EDGE_CURVE('',#4418,#4418,#4202,.T.);
#5339=EDGE_CURVE('',#4419,#4420,#1971,.T.);
#5340=EDGE_CURVE('',#4419,#4421,#1972,.T.);
#5341=EDGE_CURVE('',#4422,#4421,#1973,.T.);
#5342=EDGE_CURVE('',#4420,#4422,#1974,.T.);
#5343=EDGE_CURVE('',#4420,#4423,#1975,.T.);
#5344=EDGE_CURVE('',#4424,#4422,#1976,.T.);
#5345=EDGE_CURVE('',#4423,#4424,#1977,.T.);
#5346=EDGE_CURVE('',#4423,#4425,#1978,.T.);
#5347=EDGE_CURVE('',#4426,#4424,#1979,.T.);
#5348=EDGE_CURVE('',#4425,#4426,#1980,.T.);
#5349=EDGE_CURVE('',#4425,#4427,#1981,.T.);
#5350=EDGE_CURVE('',#4428,#4426,#1982,.T.);
#5351=EDGE_CURVE('',#4427,#4428,#1983,.T.);
#5352=EDGE_CURVE('',#4427,#4429,#1984,.T.);
#5353=EDGE_CURVE('',#4430,#4428,#1985,.T.);
#5354=EDGE_CURVE('',#4429,#4430,#1986,.T.);
#5355=EDGE_CURVE('',#4429,#4419,#1987,.T.);
#5356=EDGE_CURVE('',#4421,#4430,#1988,.T.);
#5357=EDGE_CURVE('',#4431,#4431,#4203,.T.);
#5358=EDGE_CURVE('',#4431,#4432,#1989,.T.);
#5359=EDGE_CURVE('',#4432,#4432,#4204,.T.);
#5360=EDGE_CURVE('',#4433,#4434,#1990,.T.);
#5361=EDGE_CURVE('',#4433,#4435,#1991,.T.);
#5362=EDGE_CURVE('',#4436,#4435,#1992,.T.);
#5363=EDGE_CURVE('',#4434,#4436,#1993,.T.);
#5364=EDGE_CURVE('',#4434,#4437,#1994,.T.);
#5365=EDGE_CURVE('',#4438,#4436,#1995,.T.);
#5366=EDGE_CURVE('',#4437,#4438,#1996,.T.);
#5367=EDGE_CURVE('',#4437,#4439,#1997,.T.);
#5368=EDGE_CURVE('',#4440,#4438,#1998,.T.);
#5369=EDGE_CURVE('',#4439,#4440,#1999,.T.);
#5370=EDGE_CURVE('',#4439,#4441,#2000,.T.);
#5371=EDGE_CURVE('',#4442,#4440,#2001,.T.);
#5372=EDGE_CURVE('',#4441,#4442,#2002,.T.);
#5373=EDGE_CURVE('',#4441,#4443,#2003,.T.);
#5374=EDGE_CURVE('',#4444,#4442,#2004,.T.);
#5375=EDGE_CURVE('',#4443,#4444,#2005,.T.);
#5376=EDGE_CURVE('',#4443,#4433,#2006,.T.);
#5377=EDGE_CURVE('',#4435,#4444,#2007,.T.);
#5378=EDGE_CURVE('',#4445,#4445,#4205,.T.);
#5379=EDGE_CURVE('',#4445,#4446,#2008,.T.);
#5380=EDGE_CURVE('',#4446,#4446,#4206,.T.);
#5381=EDGE_CURVE('',#4447,#4448,#2009,.T.);
#5382=EDGE_CURVE('',#4447,#4449,#2010,.T.);
#5383=EDGE_CURVE('',#4450,#4449,#2011,.T.);
#5384=EDGE_CURVE('',#4448,#4450,#2012,.T.);
#5385=EDGE_CURVE('',#4448,#4451,#2013,.T.);
#5386=EDGE_CURVE('',#4452,#4450,#2014,.T.);
#5387=EDGE_CURVE('',#4451,#4452,#2015,.T.);
#5388=EDGE_CURVE('',#4451,#4453,#2016,.T.);
#5389=EDGE_CURVE('',#4454,#4452,#2017,.T.);
#5390=EDGE_CURVE('',#4453,#4454,#2018,.T.);
#5391=EDGE_CURVE('',#4453,#4455,#2019,.T.);
#5392=EDGE_CURVE('',#4456,#4454,#2020,.T.);
#5393=EDGE_CURVE('',#4455,#4456,#2021,.T.);
#5394=EDGE_CURVE('',#4455,#4457,#2022,.T.);
#5395=EDGE_CURVE('',#4458,#4456,#2023,.T.);
#5396=EDGE_CURVE('',#4457,#4458,#2024,.T.);
#5397=EDGE_CURVE('',#4457,#4447,#2025,.T.);
#5398=EDGE_CURVE('',#4449,#4458,#2026,.T.);
#5399=EDGE_CURVE('',#4459,#4459,#4207,.T.);
#5400=EDGE_CURVE('',#4459,#4460,#2027,.T.);
#5401=EDGE_CURVE('',#4460,#4460,#4208,.T.);
#5402=EDGE_CURVE('',#4461,#4462,#2028,.T.);
#5403=EDGE_CURVE('',#4461,#4463,#2029,.T.);
#5404=EDGE_CURVE('',#4464,#4463,#2030,.T.);
#5405=EDGE_CURVE('',#4462,#4464,#2031,.T.);
#5406=EDGE_CURVE('',#4462,#4465,#2032,.T.);
#5407=EDGE_CURVE('',#4466,#4464,#2033,.T.);
#5408=EDGE_CURVE('',#4465,#4466,#2034,.T.);
#5409=EDGE_CURVE('',#4465,#4467,#2035,.T.);
#5410=EDGE_CURVE('',#4468,#4466,#2036,.T.);
#5411=EDGE_CURVE('',#4467,#4468,#2037,.T.);
#5412=EDGE_CURVE('',#4467,#4469,#2038,.T.);
#5413=EDGE_CURVE('',#4470,#4468,#2039,.T.);
#5414=EDGE_CURVE('',#4469,#4470,#2040,.T.);
#5415=EDGE_CURVE('',#4469,#4471,#2041,.T.);
#5416=EDGE_CURVE('',#4472,#4470,#2042,.T.);
#5417=EDGE_CURVE('',#4471,#4472,#2043,.T.);
#5418=EDGE_CURVE('',#4471,#4461,#2044,.T.);
#5419=EDGE_CURVE('',#4463,#4472,#2045,.T.);
#5420=EDGE_CURVE('',#4473,#4473,#4209,.T.);
#5421=EDGE_CURVE('',#4473,#4474,#2046,.T.);
#5422=EDGE_CURVE('',#4474,#4474,#4210,.T.);
#5423=EDGE_CURVE('',#4475,#4476,#2047,.T.);
#5424=EDGE_CURVE('',#4475,#4477,#2048,.T.);
#5425=EDGE_CURVE('',#4478,#4477,#2049,.T.);
#5426=EDGE_CURVE('',#4476,#4478,#2050,.T.);
#5427=EDGE_CURVE('',#4476,#4479,#2051,.T.);
#5428=EDGE_CURVE('',#4480,#4478,#2052,.T.);
#5429=EDGE_CURVE('',#4479,#4480,#2053,.T.);
#5430=EDGE_CURVE('',#4479,#4481,#2054,.T.);
#5431=EDGE_CURVE('',#4482,#4480,#2055,.T.);
#5432=EDGE_CURVE('',#4481,#4482,#2056,.T.);
#5433=EDGE_CURVE('',#4481,#4483,#2057,.T.);
#5434=EDGE_CURVE('',#4484,#4482,#2058,.T.);
#5435=EDGE_CURVE('',#4483,#4484,#2059,.T.);
#5436=EDGE_CURVE('',#4483,#4485,#2060,.T.);
#5437=EDGE_CURVE('',#4486,#4484,#2061,.T.);
#5438=EDGE_CURVE('',#4485,#4486,#2062,.T.);
#5439=EDGE_CURVE('',#4485,#4475,#2063,.T.);
#5440=EDGE_CURVE('',#4477,#4486,#2064,.T.);
#5441=EDGE_CURVE('',#4487,#4487,#4211,.T.);
#5442=EDGE_CURVE('',#4487,#4488,#2065,.T.);
#5443=EDGE_CURVE('',#4488,#4488,#4212,.T.);
#5444=EDGE_CURVE('',#4489,#4490,#2066,.T.);
#5445=EDGE_CURVE('',#4489,#4491,#2067,.T.);
#5446=EDGE_CURVE('',#4492,#4491,#2068,.T.);
#5447=EDGE_CURVE('',#4490,#4492,#2069,.T.);
#5448=EDGE_CURVE('',#4490,#4493,#2070,.T.);
#5449=EDGE_CURVE('',#4494,#4492,#2071,.T.);
#5450=EDGE_CURVE('',#4493,#4494,#2072,.T.);
#5451=EDGE_CURVE('',#4493,#4495,#2073,.T.);
#5452=EDGE_CURVE('',#4496,#4494,#2074,.T.);
#5453=EDGE_CURVE('',#4495,#4496,#2075,.T.);
#5454=EDGE_CURVE('',#4495,#4497,#2076,.T.);
#5455=EDGE_CURVE('',#4498,#4496,#2077,.T.);
#5456=EDGE_CURVE('',#4497,#4498,#2078,.T.);
#5457=EDGE_CURVE('',#4497,#4499,#2079,.T.);
#5458=EDGE_CURVE('',#4500,#4498,#2080,.T.);
#5459=EDGE_CURVE('',#4499,#4500,#2081,.T.);
#5460=EDGE_CURVE('',#4499,#4489,#2082,.T.);
#5461=EDGE_CURVE('',#4491,#4500,#2083,.T.);
#5462=EDGE_CURVE('',#4501,#4501,#4213,.T.);
#5463=EDGE_CURVE('',#4501,#4502,#2084,.T.);
#5464=EDGE_CURVE('',#4502,#4502,#4214,.T.);
#5465=EDGE_CURVE('',#4503,#4504,#2085,.T.);
#5466=EDGE_CURVE('',#4503,#4505,#2086,.T.);
#5467=EDGE_CURVE('',#4506,#4505,#2087,.T.);
#5468=EDGE_CURVE('',#4504,#4506,#2088,.T.);
#5469=EDGE_CURVE('',#4504,#4507,#2089,.T.);
#5470=EDGE_CURVE('',#4508,#4506,#2090,.T.);
#5471=EDGE_CURVE('',#4507,#4508,#2091,.T.);
#5472=EDGE_CURVE('',#4507,#4509,#2092,.T.);
#5473=EDGE_CURVE('',#4510,#4508,#2093,.T.);
#5474=EDGE_CURVE('',#4509,#4510,#2094,.T.);
#5475=EDGE_CURVE('',#4509,#4511,#2095,.T.);
#5476=EDGE_CURVE('',#4512,#4510,#2096,.T.);
#5477=EDGE_CURVE('',#4511,#4512,#2097,.T.);
#5478=EDGE_CURVE('',#4511,#4513,#2098,.T.);
#5479=EDGE_CURVE('',#4514,#4512,#2099,.T.);
#5480=EDGE_CURVE('',#4513,#4514,#2100,.T.);
#5481=EDGE_CURVE('',#4513,#4503,#2101,.T.);
#5482=EDGE_CURVE('',#4505,#4514,#2102,.T.);
#5483=EDGE_CURVE('',#4515,#4515,#4215,.T.);
#5484=EDGE_CURVE('',#4515,#4516,#2103,.T.);
#5485=EDGE_CURVE('',#4516,#4516,#4216,.T.);
#5486=EDGE_CURVE('',#4517,#4518,#2104,.T.);
#5487=EDGE_CURVE('',#4517,#4519,#2105,.T.);
#5488=EDGE_CURVE('',#4520,#4519,#2106,.T.);
#5489=EDGE_CURVE('',#4518,#4520,#2107,.T.);
#5490=EDGE_CURVE('',#4518,#4521,#2108,.T.);
#5491=EDGE_CURVE('',#4522,#4520,#2109,.T.);
#5492=EDGE_CURVE('',#4521,#4522,#2110,.T.);
#5493=EDGE_CURVE('',#4521,#4523,#2111,.T.);
#5494=EDGE_CURVE('',#4524,#4522,#2112,.T.);
#5495=EDGE_CURVE('',#4523,#4524,#2113,.T.);
#5496=EDGE_CURVE('',#4523,#4525,#2114,.T.);
#5497=EDGE_CURVE('',#4526,#4524,#2115,.T.);
#5498=EDGE_CURVE('',#4525,#4526,#2116,.T.);
#5499=EDGE_CURVE('',#4525,#4527,#2117,.T.);
#5500=EDGE_CURVE('',#4528,#4526,#2118,.T.);
#5501=EDGE_CURVE('',#4527,#4528,#2119,.T.);
#5502=EDGE_CURVE('',#4527,#4517,#2120,.T.);
#5503=EDGE_CURVE('',#4519,#4528,#2121,.T.);
#5504=EDGE_CURVE('',#4529,#4529,#4217,.T.);
#5505=EDGE_CURVE('',#4529,#4530,#2122,.T.);
#5506=EDGE_CURVE('',#4530,#4530,#4218,.T.);
#5507=EDGE_CURVE('',#4531,#4532,#2123,.T.);
#5508=EDGE_CURVE('',#4531,#4533,#2124,.T.);
#5509=EDGE_CURVE('',#4534,#4533,#2125,.T.);
#5510=EDGE_CURVE('',#4532,#4534,#2126,.T.);
#5511=EDGE_CURVE('',#4532,#4535,#2127,.T.);
#5512=EDGE_CURVE('',#4536,#4534,#2128,.T.);
#5513=EDGE_CURVE('',#4535,#4536,#2129,.T.);
#5514=EDGE_CURVE('',#4535,#4537,#2130,.T.);
#5515=EDGE_CURVE('',#4538,#4536,#2131,.T.);
#5516=EDGE_CURVE('',#4537,#4538,#2132,.T.);
#5517=EDGE_CURVE('',#4537,#4539,#2133,.T.);
#5518=EDGE_CURVE('',#4540,#4538,#2134,.T.);
#5519=EDGE_CURVE('',#4539,#4540,#2135,.T.);
#5520=EDGE_CURVE('',#4539,#4541,#2136,.T.);
#5521=EDGE_CURVE('',#4542,#4540,#2137,.T.);
#5522=EDGE_CURVE('',#4541,#4542,#2138,.T.);
#5523=EDGE_CURVE('',#4541,#4531,#2139,.T.);
#5524=EDGE_CURVE('',#4533,#4542,#2140,.T.);
#5525=EDGE_CURVE('',#4543,#4543,#4219,.T.);
#5526=EDGE_CURVE('',#4543,#4544,#2141,.T.);
#5527=EDGE_CURVE('',#4544,#4544,#4220,.T.);
#5528=EDGE_CURVE('',#4545,#4546,#2142,.T.);
#5529=EDGE_CURVE('',#4545,#4547,#2143,.T.);
#5530=EDGE_CURVE('',#4548,#4547,#2144,.T.);
#5531=EDGE_CURVE('',#4546,#4548,#2145,.T.);
#5532=EDGE_CURVE('',#4546,#4549,#2146,.T.);
#5533=EDGE_CURVE('',#4550,#4548,#2147,.T.);
#5534=EDGE_CURVE('',#4549,#4550,#2148,.T.);
#5535=EDGE_CURVE('',#4549,#4551,#2149,.T.);
#5536=EDGE_CURVE('',#4552,#4550,#2150,.T.);
#5537=EDGE_CURVE('',#4551,#4552,#2151,.T.);
#5538=EDGE_CURVE('',#4551,#4553,#2152,.T.);
#5539=EDGE_CURVE('',#4554,#4552,#2153,.T.);
#5540=EDGE_CURVE('',#4553,#4554,#2154,.T.);
#5541=EDGE_CURVE('',#4553,#4555,#2155,.T.);
#5542=EDGE_CURVE('',#4556,#4554,#2156,.T.);
#5543=EDGE_CURVE('',#4555,#4556,#2157,.T.);
#5544=EDGE_CURVE('',#4555,#4545,#2158,.T.);
#5545=EDGE_CURVE('',#4547,#4556,#2159,.T.);
#5546=EDGE_CURVE('',#4557,#4557,#4221,.T.);
#5547=EDGE_CURVE('',#4557,#4558,#2160,.T.);
#5548=EDGE_CURVE('',#4558,#4558,#4222,.T.);
#5549=EDGE_CURVE('',#4559,#4560,#2161,.T.);
#5550=EDGE_CURVE('',#4559,#4561,#2162,.T.);
#5551=EDGE_CURVE('',#4562,#4561,#2163,.T.);
#5552=EDGE_CURVE('',#4560,#4562,#2164,.T.);
#5553=EDGE_CURVE('',#4560,#4563,#2165,.T.);
#5554=EDGE_CURVE('',#4564,#4562,#2166,.T.);
#5555=EDGE_CURVE('',#4563,#4564,#2167,.T.);
#5556=EDGE_CURVE('',#4563,#4565,#2168,.T.);
#5557=EDGE_CURVE('',#4566,#4564,#2169,.T.);
#5558=EDGE_CURVE('',#4565,#4566,#2170,.T.);
#5559=EDGE_CURVE('',#4565,#4567,#2171,.T.);
#5560=EDGE_CURVE('',#4568,#4566,#2172,.T.);
#5561=EDGE_CURVE('',#4567,#4568,#2173,.T.);
#5562=EDGE_CURVE('',#4567,#4569,#2174,.T.);
#5563=EDGE_CURVE('',#4570,#4568,#2175,.T.);
#5564=EDGE_CURVE('',#4569,#4570,#2176,.T.);
#5565=EDGE_CURVE('',#4569,#4559,#2177,.T.);
#5566=EDGE_CURVE('',#4561,#4570,#2178,.T.);
#5567=EDGE_CURVE('',#4571,#4571,#4223,.T.);
#5568=EDGE_CURVE('',#4571,#4572,#2179,.T.);
#5569=EDGE_CURVE('',#4572,#4572,#4224,.T.);
#5570=EDGE_CURVE('',#4573,#4574,#2180,.T.);
#5571=EDGE_CURVE('',#4573,#4575,#2181,.T.);
#5572=EDGE_CURVE('',#4576,#4575,#2182,.T.);
#5573=EDGE_CURVE('',#4574,#4576,#2183,.T.);
#5574=EDGE_CURVE('',#4574,#4577,#2184,.T.);
#5575=EDGE_CURVE('',#4578,#4576,#2185,.T.);
#5576=EDGE_CURVE('',#4577,#4578,#2186,.T.);
#5577=EDGE_CURVE('',#4577,#4579,#2187,.T.);
#5578=EDGE_CURVE('',#4580,#4578,#2188,.T.);
#5579=EDGE_CURVE('',#4579,#4580,#2189,.T.);
#5580=EDGE_CURVE('',#4579,#4581,#2190,.T.);
#5581=EDGE_CURVE('',#4582,#4580,#2191,.T.);
#5582=EDGE_CURVE('',#4581,#4582,#2192,.T.);
#5583=EDGE_CURVE('',#4581,#4583,#2193,.T.);
#5584=EDGE_CURVE('',#4584,#4582,#2194,.T.);
#5585=EDGE_CURVE('',#4583,#4584,#2195,.T.);
#5586=EDGE_CURVE('',#4583,#4573,#2196,.T.);
#5587=EDGE_CURVE('',#4575,#4584,#2197,.T.);
#5588=EDGE_CURVE('',#4585,#4585,#4225,.T.);
#5589=EDGE_CURVE('',#4585,#4586,#2198,.T.);
#5590=EDGE_CURVE('',#4586,#4586,#4226,.T.);
#5591=EDGE_CURVE('',#4587,#4588,#2199,.T.);
#5592=EDGE_CURVE('',#4587,#4589,#2200,.T.);
#5593=EDGE_CURVE('',#4590,#4589,#2201,.T.);
#5594=EDGE_CURVE('',#4588,#4590,#2202,.T.);
#5595=EDGE_CURVE('',#4588,#4591,#2203,.T.);
#5596=EDGE_CURVE('',#4592,#4590,#2204,.T.);
#5597=EDGE_CURVE('',#4591,#4592,#2205,.T.);
#5598=EDGE_CURVE('',#4591,#4593,#2206,.T.);
#5599=EDGE_CURVE('',#4594,#4592,#2207,.T.);
#5600=EDGE_CURVE('',#4593,#4594,#2208,.T.);
#5601=EDGE_CURVE('',#4593,#4595,#2209,.T.);
#5602=EDGE_CURVE('',#4596,#4594,#2210,.T.);
#5603=EDGE_CURVE('',#4595,#4596,#2211,.T.);
#5604=EDGE_CURVE('',#4595,#4597,#2212,.T.);
#5605=EDGE_CURVE('',#4598,#4596,#2213,.T.);
#5606=EDGE_CURVE('',#4597,#4598,#2214,.T.);
#5607=EDGE_CURVE('',#4597,#4587,#2215,.T.);
#5608=EDGE_CURVE('',#4589,#4598,#2216,.T.);
#5609=EDGE_CURVE('',#4599,#4599,#4227,.T.);
#5610=EDGE_CURVE('',#4599,#4600,#2217,.T.);
#5611=EDGE_CURVE('',#4600,#4600,#4228,.T.);
#5612=EDGE_CURVE('',#4601,#4602,#2218,.T.);
#5613=EDGE_CURVE('',#4601,#4603,#2219,.T.);
#5614=EDGE_CURVE('',#4604,#4603,#2220,.T.);
#5615=EDGE_CURVE('',#4602,#4604,#2221,.T.);
#5616=EDGE_CURVE('',#4602,#4605,#2222,.T.);
#5617=EDGE_CURVE('',#4606,#4604,#2223,.T.);
#5618=EDGE_CURVE('',#4605,#4606,#2224,.T.);
#5619=EDGE_CURVE('',#4605,#4607,#2225,.T.);
#5620=EDGE_CURVE('',#4608,#4606,#2226,.T.);
#5621=EDGE_CURVE('',#4607,#4608,#2227,.T.);
#5622=EDGE_CURVE('',#4607,#4609,#2228,.T.);
#5623=EDGE_CURVE('',#4610,#4608,#2229,.T.);
#5624=EDGE_CURVE('',#4609,#4610,#2230,.T.);
#5625=EDGE_CURVE('',#4609,#4611,#2231,.T.);
#5626=EDGE_CURVE('',#4612,#4610,#2232,.T.);
#5627=EDGE_CURVE('',#4611,#4612,#2233,.T.);
#5628=EDGE_CURVE('',#4611,#4601,#2234,.T.);
#5629=EDGE_CURVE('',#4603,#4612,#2235,.T.);
#5630=EDGE_CURVE('',#4613,#4613,#4229,.T.);
#5631=EDGE_CURVE('',#4613,#4614,#2236,.T.);
#5632=EDGE_CURVE('',#4614,#4614,#4230,.T.);
#5633=EDGE_CURVE('',#4615,#4616,#2237,.T.);
#5634=EDGE_CURVE('',#4615,#4617,#2238,.T.);
#5635=EDGE_CURVE('',#4618,#4617,#2239,.T.);
#5636=EDGE_CURVE('',#4616,#4618,#2240,.T.);
#5637=EDGE_CURVE('',#4616,#4619,#2241,.T.);
#5638=EDGE_CURVE('',#4620,#4618,#2242,.T.);
#5639=EDGE_CURVE('',#4619,#4620,#2243,.T.);
#5640=EDGE_CURVE('',#4619,#4621,#2244,.T.);
#5641=EDGE_CURVE('',#4622,#4620,#2245,.T.);
#5642=EDGE_CURVE('',#4621,#4622,#2246,.T.);
#5643=EDGE_CURVE('',#4621,#4623,#2247,.T.);
#5644=EDGE_CURVE('',#4624,#4622,#2248,.T.);
#5645=EDGE_CURVE('',#4623,#4624,#2249,.T.);
#5646=EDGE_CURVE('',#4623,#4625,#2250,.T.);
#5647=EDGE_CURVE('',#4626,#4624,#2251,.T.);
#5648=EDGE_CURVE('',#4625,#4626,#2252,.T.);
#5649=EDGE_CURVE('',#4625,#4615,#2253,.T.);
#5650=EDGE_CURVE('',#4617,#4626,#2254,.T.);
#5651=EDGE_CURVE('',#4627,#4627,#4231,.T.);
#5652=EDGE_CURVE('',#4627,#4628,#2255,.T.);
#5653=EDGE_CURVE('',#4628,#4628,#4232,.T.);
#5654=EDGE_CURVE('',#4629,#4630,#2256,.T.);
#5655=EDGE_CURVE('',#4629,#4631,#2257,.T.);
#5656=EDGE_CURVE('',#4632,#4631,#2258,.T.);
#5657=EDGE_CURVE('',#4630,#4632,#2259,.T.);
#5658=EDGE_CURVE('',#4630,#4633,#2260,.T.);
#5659=EDGE_CURVE('',#4634,#4632,#2261,.T.);
#5660=EDGE_CURVE('',#4633,#4634,#2262,.T.);
#5661=EDGE_CURVE('',#4633,#4635,#2263,.T.);
#5662=EDGE_CURVE('',#4636,#4634,#2264,.T.);
#5663=EDGE_CURVE('',#4635,#4636,#2265,.T.);
#5664=EDGE_CURVE('',#4635,#4637,#2266,.T.);
#5665=EDGE_CURVE('',#4638,#4636,#2267,.T.);
#5666=EDGE_CURVE('',#4637,#4638,#2268,.T.);
#5667=EDGE_CURVE('',#4637,#4639,#2269,.T.);
#5668=EDGE_CURVE('',#4640,#4638,#2270,.T.);
#5669=EDGE_CURVE('',#4639,#4640,#2271,.T.);
#5670=EDGE_CURVE('',#4639,#4629,#2272,.T.);
#5671=EDGE_CURVE('',#4631,#4640,#2273,.T.);
#5672=EDGE_CURVE('',#4641,#4641,#4233,.T.);
#5673=EDGE_CURVE('',#4641,#4642,#2274,.T.);
#5674=EDGE_CURVE('',#4642,#4642,#4234,.T.);
#5675=EDGE_CURVE('',#4643,#4644,#2275,.T.);
#5676=EDGE_CURVE('',#4643,#4645,#2276,.T.);
#5677=EDGE_CURVE('',#4646,#4645,#2277,.T.);
#5678=EDGE_CURVE('',#4644,#4646,#2278,.T.);
#5679=EDGE_CURVE('',#4644,#4647,#2279,.T.);
#5680=EDGE_CURVE('',#4648,#4646,#2280,.T.);
#5681=EDGE_CURVE('',#4647,#4648,#2281,.T.);
#5682=EDGE_CURVE('',#4647,#4649,#2282,.T.);
#5683=EDGE_CURVE('',#4650,#4648,#2283,.T.);
#5684=EDGE_CURVE('',#4649,#4650,#2284,.T.);
#5685=EDGE_CURVE('',#4649,#4651,#2285,.T.);
#5686=EDGE_CURVE('',#4652,#4650,#2286,.T.);
#5687=EDGE_CURVE('',#4651,#4652,#2287,.T.);
#5688=EDGE_CURVE('',#4651,#4653,#2288,.T.);
#5689=EDGE_CURVE('',#4654,#4652,#2289,.T.);
#5690=EDGE_CURVE('',#4653,#4654,#2290,.T.);
#5691=EDGE_CURVE('',#4653,#4643,#2291,.T.);
#5692=EDGE_CURVE('',#4645,#4654,#2292,.T.);
#5693=EDGE_CURVE('',#4655,#4655,#4235,.T.);
#5694=EDGE_CURVE('',#4655,#4656,#2293,.T.);
#5695=EDGE_CURVE('',#4656,#4656,#4236,.T.);
#5696=EDGE_CURVE('',#4657,#4658,#2294,.T.);
#5697=EDGE_CURVE('',#4657,#4659,#2295,.T.);
#5698=EDGE_CURVE('',#4660,#4659,#2296,.T.);
#5699=EDGE_CURVE('',#4658,#4660,#2297,.T.);
#5700=EDGE_CURVE('',#4658,#4661,#2298,.T.);
#5701=EDGE_CURVE('',#4662,#4660,#2299,.T.);
#5702=EDGE_CURVE('',#4661,#4662,#2300,.T.);
#5703=EDGE_CURVE('',#4661,#4663,#2301,.T.);
#5704=EDGE_CURVE('',#4664,#4662,#2302,.T.);
#5705=EDGE_CURVE('',#4663,#4664,#2303,.T.);
#5706=EDGE_CURVE('',#4663,#4665,#2304,.T.);
#5707=EDGE_CURVE('',#4666,#4664,#2305,.T.);
#5708=EDGE_CURVE('',#4665,#4666,#2306,.T.);
#5709=EDGE_CURVE('',#4665,#4667,#2307,.T.);
#5710=EDGE_CURVE('',#4668,#4666,#2308,.T.);
#5711=EDGE_CURVE('',#4667,#4668,#2309,.T.);
#5712=EDGE_CURVE('',#4667,#4657,#2310,.T.);
#5713=EDGE_CURVE('',#4659,#4668,#2311,.T.);
#5714=EDGE_CURVE('',#4669,#4669,#4237,.T.);
#5715=EDGE_CURVE('',#4669,#4670,#2312,.T.);
#5716=EDGE_CURVE('',#4670,#4670,#4238,.T.);
#5717=EDGE_CURVE('',#4671,#4672,#2313,.T.);
#5718=EDGE_CURVE('',#4671,#4673,#2314,.T.);
#5719=EDGE_CURVE('',#4674,#4673,#2315,.T.);
#5720=EDGE_CURVE('',#4672,#4674,#2316,.T.);
#5721=EDGE_CURVE('',#4672,#4675,#2317,.T.);
#5722=EDGE_CURVE('',#4676,#4674,#2318,.T.);
#5723=EDGE_CURVE('',#4675,#4676,#2319,.T.);
#5724=EDGE_CURVE('',#4675,#4677,#2320,.T.);
#5725=EDGE_CURVE('',#4678,#4676,#2321,.T.);
#5726=EDGE_CURVE('',#4677,#4678,#2322,.T.);
#5727=EDGE_CURVE('',#4677,#4679,#2323,.T.);
#5728=EDGE_CURVE('',#4680,#4678,#2324,.T.);
#5729=EDGE_CURVE('',#4679,#4680,#2325,.T.);
#5730=EDGE_CURVE('',#4679,#4681,#2326,.T.);
#5731=EDGE_CURVE('',#4682,#4680,#2327,.T.);
#5732=EDGE_CURVE('',#4681,#4682,#2328,.T.);
#5733=EDGE_CURVE('',#4681,#4671,#2329,.T.);
#5734=EDGE_CURVE('',#4673,#4682,#2330,.T.);
#5735=EDGE_CURVE('',#4683,#4683,#4239,.T.);
#5736=EDGE_CURVE('',#4683,#4684,#2331,.T.);
#5737=EDGE_CURVE('',#4684,#4684,#4240,.T.);
#5738=EDGE_CURVE('',#4685,#4686,#2332,.T.);
#5739=EDGE_CURVE('',#4685,#4687,#2333,.T.);
#5740=EDGE_CURVE('',#4688,#4687,#2334,.T.);
#5741=EDGE_CURVE('',#4686,#4688,#2335,.T.);
#5742=EDGE_CURVE('',#4686,#4689,#2336,.T.);
#5743=EDGE_CURVE('',#4690,#4688,#2337,.T.);
#5744=EDGE_CURVE('',#4689,#4690,#2338,.T.);
#5745=EDGE_CURVE('',#4689,#4691,#2339,.T.);
#5746=EDGE_CURVE('',#4692,#4690,#2340,.T.);
#5747=EDGE_CURVE('',#4691,#4692,#2341,.T.);
#5748=EDGE_CURVE('',#4691,#4693,#2342,.T.);
#5749=EDGE_CURVE('',#4694,#4692,#2343,.T.);
#5750=EDGE_CURVE('',#4693,#4694,#2344,.T.);
#5751=EDGE_CURVE('',#4693,#4695,#2345,.T.);
#5752=EDGE_CURVE('',#4696,#4694,#2346,.T.);
#5753=EDGE_CURVE('',#4695,#4696,#2347,.T.);
#5754=EDGE_CURVE('',#4695,#4685,#2348,.T.);
#5755=EDGE_CURVE('',#4687,#4696,#2349,.T.);
#5756=EDGE_CURVE('',#4697,#4697,#4241,.T.);
#5757=EDGE_CURVE('',#4697,#4698,#2350,.T.);
#5758=EDGE_CURVE('',#4698,#4698,#4242,.T.);
#5759=EDGE_CURVE('',#4699,#4700,#2351,.T.);
#5760=EDGE_CURVE('',#4699,#4701,#2352,.T.);
#5761=EDGE_CURVE('',#4702,#4701,#2353,.T.);
#5762=EDGE_CURVE('',#4700,#4702,#2354,.T.);
#5763=EDGE_CURVE('',#4700,#4703,#2355,.T.);
#5764=EDGE_CURVE('',#4704,#4702,#2356,.T.);
#5765=EDGE_CURVE('',#4703,#4704,#2357,.T.);
#5766=EDGE_CURVE('',#4703,#4705,#2358,.T.);
#5767=EDGE_CURVE('',#4706,#4704,#2359,.T.);
#5768=EDGE_CURVE('',#4705,#4706,#2360,.T.);
#5769=EDGE_CURVE('',#4705,#4707,#2361,.T.);
#5770=EDGE_CURVE('',#4708,#4706,#2362,.T.);
#5771=EDGE_CURVE('',#4707,#4708,#2363,.T.);
#5772=EDGE_CURVE('',#4707,#4709,#2364,.T.);
#5773=EDGE_CURVE('',#4710,#4708,#2365,.T.);
#5774=EDGE_CURVE('',#4709,#4710,#2366,.T.);
#5775=EDGE_CURVE('',#4709,#4699,#2367,.T.);
#5776=EDGE_CURVE('',#4701,#4710,#2368,.T.);
#5777=EDGE_CURVE('',#4711,#4711,#4243,.T.);
#5778=EDGE_CURVE('',#4711,#4712,#2369,.T.);
#5779=EDGE_CURVE('',#4712,#4712,#4244,.T.);
#5780=EDGE_CURVE('',#4713,#4714,#2370,.T.);
#5781=EDGE_CURVE('',#4713,#4715,#2371,.T.);
#5782=EDGE_CURVE('',#4716,#4715,#2372,.T.);
#5783=EDGE_CURVE('',#4714,#4716,#2373,.T.);
#5784=EDGE_CURVE('',#4714,#4717,#2374,.T.);
#5785=EDGE_CURVE('',#4718,#4716,#2375,.T.);
#5786=EDGE_CURVE('',#4717,#4718,#2376,.T.);
#5787=EDGE_CURVE('',#4717,#4719,#2377,.T.);
#5788=EDGE_CURVE('',#4720,#4718,#2378,.T.);
#5789=EDGE_CURVE('',#4719,#4720,#2379,.T.);
#5790=EDGE_CURVE('',#4719,#4721,#2380,.T.);
#5791=EDGE_CURVE('',#4722,#4720,#2381,.T.);
#5792=EDGE_CURVE('',#4721,#4722,#2382,.T.);
#5793=EDGE_CURVE('',#4721,#4723,#2383,.T.);
#5794=EDGE_CURVE('',#4724,#4722,#2384,.T.);
#5795=EDGE_CURVE('',#4723,#4724,#2385,.T.);
#5796=EDGE_CURVE('',#4723,#4713,#2386,.T.);
#5797=EDGE_CURVE('',#4715,#4724,#2387,.T.);
#5798=EDGE_CURVE('',#4725,#4725,#4245,.T.);
#5799=EDGE_CURVE('',#4725,#4726,#2388,.T.);
#5800=EDGE_CURVE('',#4726,#4726,#4246,.T.);
#5801=EDGE_CURVE('',#4727,#4728,#2389,.T.);
#5802=EDGE_CURVE('',#4727,#4729,#2390,.T.);
#5803=EDGE_CURVE('',#4730,#4729,#2391,.T.);
#5804=EDGE_CURVE('',#4728,#4730,#2392,.T.);
#5805=EDGE_CURVE('',#4728,#4731,#2393,.T.);
#5806=EDGE_CURVE('',#4732,#4730,#2394,.T.);
#5807=EDGE_CURVE('',#4731,#4732,#2395,.T.);
#5808=EDGE_CURVE('',#4731,#4733,#2396,.T.);
#5809=EDGE_CURVE('',#4734,#4732,#2397,.T.);
#5810=EDGE_CURVE('',#4733,#4734,#2398,.T.);
#5811=EDGE_CURVE('',#4733,#4735,#2399,.T.);
#5812=EDGE_CURVE('',#4736,#4734,#2400,.T.);
#5813=EDGE_CURVE('',#4735,#4736,#2401,.T.);
#5814=EDGE_CURVE('',#4735,#4737,#2402,.T.);
#5815=EDGE_CURVE('',#4738,#4736,#2403,.T.);
#5816=EDGE_CURVE('',#4737,#4738,#2404,.T.);
#5817=EDGE_CURVE('',#4737,#4727,#2405,.T.);
#5818=EDGE_CURVE('',#4729,#4738,#2406,.T.);
#5819=EDGE_CURVE('',#4739,#4739,#4247,.T.);
#5820=EDGE_CURVE('',#4739,#4740,#2407,.T.);
#5821=EDGE_CURVE('',#4740,#4740,#4248,.T.);
#5822=EDGE_CURVE('',#4741,#4742,#2408,.T.);
#5823=EDGE_CURVE('',#4741,#4743,#2409,.T.);
#5824=EDGE_CURVE('',#4744,#4743,#2410,.T.);
#5825=EDGE_CURVE('',#4742,#4744,#2411,.T.);
#5826=EDGE_CURVE('',#4742,#4745,#2412,.T.);
#5827=EDGE_CURVE('',#4746,#4744,#2413,.T.);
#5828=EDGE_CURVE('',#4745,#4746,#2414,.T.);
#5829=EDGE_CURVE('',#4745,#4747,#2415,.T.);
#5830=EDGE_CURVE('',#4748,#4746,#2416,.T.);
#5831=EDGE_CURVE('',#4747,#4748,#2417,.T.);
#5832=EDGE_CURVE('',#4747,#4749,#2418,.T.);
#5833=EDGE_CURVE('',#4750,#4748,#2419,.T.);
#5834=EDGE_CURVE('',#4749,#4750,#2420,.T.);
#5835=EDGE_CURVE('',#4749,#4751,#2421,.T.);
#5836=EDGE_CURVE('',#4752,#4750,#2422,.T.);
#5837=EDGE_CURVE('',#4751,#4752,#2423,.T.);
#5838=EDGE_CURVE('',#4751,#4741,#2424,.T.);
#5839=EDGE_CURVE('',#4743,#4752,#2425,.T.);
#5840=EDGE_CURVE('',#4753,#4753,#4249,.T.);
#5841=EDGE_CURVE('',#4753,#4754,#2426,.T.);
#5842=EDGE_CURVE('',#4754,#4754,#4250,.T.);
#5843=EDGE_CURVE('',#4755,#4756,#2427,.T.);
#5844=EDGE_CURVE('',#4755,#4757,#2428,.T.);
#5845=EDGE_CURVE('',#4758,#4757,#2429,.T.);
#5846=EDGE_CURVE('',#4756,#4758,#2430,.T.);
#5847=EDGE_CURVE('',#4756,#4759,#2431,.T.);
#5848=EDGE_CURVE('',#4760,#4758,#2432,.T.);
#5849=EDGE_CURVE('',#4759,#4760,#2433,.T.);
#5850=EDGE_CURVE('',#4759,#4761,#2434,.T.);
#5851=EDGE_CURVE('',#4762,#4760,#2435,.T.);
#5852=EDGE_CURVE('',#4761,#4762,#2436,.T.);
#5853=EDGE_CURVE('',#4761,#4763,#2437,.T.);
#5854=EDGE_CURVE('',#4764,#4762,#2438,.T.);
#5855=EDGE_CURVE('',#4763,#4764,#2439,.T.);
#5856=EDGE_CURVE('',#4763,#4765,#2440,.T.);
#5857=EDGE_CURVE('',#4766,#4764,#2441,.T.);
#5858=EDGE_CURVE('',#4765,#4766,#2442,.T.);
#5859=EDGE_CURVE('',#4765,#4755,#2443,.T.);
#5860=EDGE_CURVE('',#4757,#4766,#2444,.T.);
#5861=EDGE_CURVE('',#4767,#4767,#4251,.T.);
#5862=EDGE_CURVE('',#4767,#4768,#2445,.T.);
#5863=EDGE_CURVE('',#4768,#4768,#4252,.T.);
#5864=EDGE_CURVE('',#4769,#4769,#4253,.T.);
#5865=EDGE_CURVE('',#4769,#4770,#2446,.T.);
#5866=EDGE_CURVE('',#4770,#4770,#4254,.T.);
#5867=EDGE_CURVE('',#4771,#4771,#4255,.T.);
#5868=EDGE_CURVE('',#4771,#4772,#2447,.T.);
#5869=EDGE_CURVE('',#4772,#4772,#4256,.T.);
#5870=EDGE_CURVE('',#4773,#4773,#4257,.T.);
#5871=EDGE_CURVE('',#4773,#4774,#2448,.T.);
#5872=EDGE_CURVE('',#4774,#4774,#4258,.T.);
#5873=EDGE_CURVE('',#4775,#4775,#4259,.T.);
#5874=EDGE_CURVE('',#4775,#4776,#2449,.T.);
#5875=EDGE_CURVE('',#4776,#4776,#4260,.T.);
#5876=EDGE_CURVE('',#4777,#4778,#2450,.T.);
#5877=EDGE_CURVE('',#4779,#4777,#2451,.T.);
#5878=EDGE_CURVE('',#4780,#4779,#2452,.T.);
#5879=EDGE_CURVE('',#4778,#4780,#2453,.T.);
#5880=EDGE_CURVE('',#4781,#4782,#2454,.T.);
#5881=EDGE_CURVE('',#4783,#4782,#2455,.T.);
#5882=EDGE_CURVE('',#4784,#4783,#2456,.T.);
#5883=EDGE_CURVE('',#4781,#4784,#2457,.T.);
#5884=EDGE_CURVE('',#4785,#4786,#2458,.T.);
#5885=EDGE_CURVE('',#4782,#4786,#2459,.T.);
#5886=EDGE_CURVE('',#4785,#4781,#2460,.T.);
#5887=EDGE_CURVE('',#4787,#4785,#2461,.T.);
#5888=EDGE_CURVE('',#4788,#4787,#2462,.T.);
#5889=EDGE_CURVE('',#4786,#4788,#2463,.T.);
#5890=EDGE_CURVE('',#4789,#4790,#2464,.T.);
#5891=EDGE_CURVE('',#4791,#4790,#2465,.T.);
#5892=EDGE_CURVE('',#4792,#4791,#2466,.T.);
#5893=EDGE_CURVE('',#4789,#4792,#2467,.T.);
#5894=EDGE_CURVE('',#4793,#4794,#2468,.T.);
#5895=EDGE_CURVE('',#4790,#4794,#2469,.T.);
#5896=EDGE_CURVE('',#4793,#4789,#2470,.T.);
#5897=EDGE_CURVE('',#4795,#4793,#2471,.T.);
#5898=EDGE_CURVE('',#4796,#4795,#2472,.T.);
#5899=EDGE_CURVE('',#4794,#4796,#2473,.T.);
#5900=EDGE_CURVE('',#4797,#4798,#2474,.T.);
#5901=EDGE_CURVE('',#4799,#4798,#2475,.T.);
#5902=EDGE_CURVE('',#4800,#4799,#2476,.T.);
#5903=EDGE_CURVE('',#4797,#4800,#2477,.T.);
#5904=EDGE_CURVE('',#4801,#4802,#2478,.T.);
#5905=EDGE_CURVE('',#4798,#4802,#2479,.T.);
#5906=EDGE_CURVE('',#4801,#4797,#2480,.T.);
#5907=EDGE_CURVE('',#4803,#4801,#2481,.T.);
#5908=EDGE_CURVE('',#4804,#4803,#2482,.T.);
#5909=EDGE_CURVE('',#4802,#4804,#2483,.T.);
#5910=EDGE_CURVE('',#4805,#4806,#2484,.T.);
#5911=EDGE_CURVE('',#4807,#4806,#2485,.T.);
#5912=EDGE_CURVE('',#4808,#4807,#2486,.T.);
#5913=EDGE_CURVE('',#4805,#4808,#2487,.T.);
#5914=EDGE_CURVE('',#4809,#4810,#2488,.T.);
#5915=EDGE_CURVE('',#4806,#4810,#2489,.T.);
#5916=EDGE_CURVE('',#4809,#4805,#2490,.T.);
#5917=EDGE_CURVE('',#4811,#4809,#2491,.T.);
#5918=EDGE_CURVE('',#4812,#4811,#2492,.T.);
#5919=EDGE_CURVE('',#4810,#4812,#2493,.T.);
#5920=EDGE_CURVE('',#4813,#4814,#2494,.T.);
#5921=EDGE_CURVE('',#4815,#4814,#2495,.T.);
#5922=EDGE_CURVE('',#4816,#4815,#2496,.T.);
#5923=EDGE_CURVE('',#4813,#4816,#2497,.T.);
#5924=EDGE_CURVE('',#4817,#4818,#2498,.T.);
#5925=EDGE_CURVE('',#4814,#4818,#2499,.T.);
#5926=EDGE_CURVE('',#4817,#4813,#2500,.T.);
#5927=EDGE_CURVE('',#4819,#4817,#2501,.T.);
#5928=EDGE_CURVE('',#4820,#4819,#2502,.T.);
#5929=EDGE_CURVE('',#4818,#4820,#2503,.T.);
#5930=EDGE_CURVE('',#4821,#4822,#2504,.T.);
#5931=EDGE_CURVE('',#4823,#4822,#2505,.T.);
#5932=EDGE_CURVE('',#4824,#4823,#2506,.T.);
#5933=EDGE_CURVE('',#4821,#4824,#2507,.T.);
#5934=EDGE_CURVE('',#4825,#4826,#2508,.T.);
#5935=EDGE_CURVE('',#4822,#4826,#2509,.T.);
#5936=EDGE_CURVE('',#4825,#4821,#2510,.T.);
#5937=EDGE_CURVE('',#4827,#4825,#2511,.T.);
#5938=EDGE_CURVE('',#4828,#4827,#2512,.T.);
#5939=EDGE_CURVE('',#4826,#4828,#2513,.T.);
#5940=EDGE_CURVE('',#4829,#4830,#2514,.T.);
#5941=EDGE_CURVE('',#4831,#4830,#2515,.T.);
#5942=EDGE_CURVE('',#4831,#4832,#2516,.T.);
#5943=EDGE_CURVE('',#4829,#4832,#2517,.T.);
#5944=EDGE_CURVE('',#4833,#4834,#2518,.T.);
#5945=EDGE_CURVE('',#4830,#4834,#2519,.T.);
#5946=EDGE_CURVE('',#4833,#4829,#2520,.T.);
#5947=EDGE_CURVE('',#4835,#4833,#2521,.T.);
#5948=EDGE_CURVE('',#4836,#4835,#2522,.T.);
#5949=EDGE_CURVE('',#4834,#4836,#2523,.T.);
#5950=EDGE_CURVE('',#4837,#4838,#2524,.T.);
#5951=EDGE_CURVE('',#4839,#4838,#2525,.T.);
#5952=EDGE_CURVE('',#4840,#4839,#2526,.T.);
#5953=EDGE_CURVE('',#4837,#4840,#2527,.T.);
#5954=EDGE_CURVE('',#4841,#4842,#2528,.T.);
#5955=EDGE_CURVE('',#4838,#4842,#2529,.T.);
#5956=EDGE_CURVE('',#4841,#4837,#2530,.T.);
#5957=EDGE_CURVE('',#4843,#4841,#2531,.T.);
#5958=EDGE_CURVE('',#4844,#4843,#2532,.T.);
#5959=EDGE_CURVE('',#4842,#4844,#2533,.T.);
#5960=EDGE_CURVE('',#4845,#4846,#2534,.T.);
#5961=EDGE_CURVE('',#4847,#4846,#2535,.T.);
#5962=EDGE_CURVE('',#4848,#4847,#2536,.T.);
#5963=EDGE_CURVE('',#4845,#4848,#2537,.T.);
#5964=EDGE_CURVE('',#4849,#4850,#2538,.T.);
#5965=EDGE_CURVE('',#4846,#4850,#2539,.T.);
#5966=EDGE_CURVE('',#4849,#4845,#2540,.T.);
#5967=EDGE_CURVE('',#4851,#4849,#2541,.T.);
#5968=EDGE_CURVE('',#4852,#4851,#2542,.T.);
#5969=EDGE_CURVE('',#4850,#4852,#2543,.T.);
#5970=EDGE_CURVE('',#4853,#4854,#2544,.T.);
#5971=EDGE_CURVE('',#4855,#4854,#2545,.T.);
#5972=EDGE_CURVE('',#4856,#4855,#2546,.T.);
#5973=EDGE_CURVE('',#4853,#4856,#2547,.T.);
#5974=EDGE_CURVE('',#4857,#4858,#2548,.T.);
#5975=EDGE_CURVE('',#4854,#4858,#2549,.T.);
#5976=EDGE_CURVE('',#4857,#4853,#2550,.T.);
#5977=EDGE_CURVE('',#4859,#4857,#2551,.T.);
#5978=EDGE_CURVE('',#4860,#4859,#2552,.T.);
#5979=EDGE_CURVE('',#4858,#4860,#2553,.T.);
#5980=EDGE_CURVE('',#4861,#4862,#2554,.T.);
#5981=EDGE_CURVE('',#4863,#4862,#2555,.T.);
#5982=EDGE_CURVE('',#4864,#4863,#2556,.T.);
#5983=EDGE_CURVE('',#4861,#4864,#2557,.T.);
#5984=EDGE_CURVE('',#4865,#4866,#2558,.T.);
#5985=EDGE_CURVE('',#4862,#4866,#2559,.T.);
#5986=EDGE_CURVE('',#4865,#4861,#2560,.T.);
#5987=EDGE_CURVE('',#4867,#4865,#2561,.T.);
#5988=EDGE_CURVE('',#4868,#4867,#2562,.T.);
#5989=EDGE_CURVE('',#4866,#4868,#2563,.T.);
#5990=EDGE_CURVE('',#4869,#4870,#2564,.T.);
#5991=EDGE_CURVE('',#4871,#4870,#2565,.T.);
#5992=EDGE_CURVE('',#4872,#4871,#2566,.T.);
#5993=EDGE_CURVE('',#4869,#4872,#2567,.T.);
#5994=EDGE_CURVE('',#4873,#4874,#2568,.T.);
#5995=EDGE_CURVE('',#4870,#4874,#2569,.T.);
#5996=EDGE_CURVE('',#4873,#4869,#2570,.T.);
#5997=EDGE_CURVE('',#4875,#4873,#2571,.T.);
#5998=EDGE_CURVE('',#4876,#4875,#2572,.T.);
#5999=EDGE_CURVE('',#4874,#4876,#2573,.T.);
#6000=EDGE_CURVE('',#4877,#4878,#2574,.T.);
#6001=EDGE_CURVE('',#4879,#4878,#2575,.T.);
#6002=EDGE_CURVE('',#4880,#4879,#2576,.T.);
#6003=EDGE_CURVE('',#4877,#4880,#2577,.T.);
#6004=EDGE_CURVE('',#4881,#4882,#2578,.T.);
#6005=EDGE_CURVE('',#4878,#4882,#2579,.T.);
#6006=EDGE_CURVE('',#4881,#4877,#2580,.T.);
#6007=EDGE_CURVE('',#4883,#4881,#2581,.T.);
#6008=EDGE_CURVE('',#4884,#4883,#2582,.T.);
#6009=EDGE_CURVE('',#4882,#4884,#2583,.T.);
#6010=EDGE_CURVE('',#4885,#4886,#2584,.T.);
#6011=EDGE_CURVE('',#4887,#4886,#2585,.T.);
#6012=EDGE_CURVE('',#4888,#4887,#2586,.T.);
#6013=EDGE_CURVE('',#4885,#4888,#2587,.T.);
#6014=EDGE_CURVE('',#4889,#4890,#2588,.T.);
#6015=EDGE_CURVE('',#4886,#4890,#2589,.T.);
#6016=EDGE_CURVE('',#4889,#4885,#2590,.T.);
#6017=EDGE_CURVE('',#4891,#4889,#2591,.T.);
#6018=EDGE_CURVE('',#4892,#4891,#2592,.T.);
#6019=EDGE_CURVE('',#4890,#4892,#2593,.T.);
#6020=EDGE_CURVE('',#4893,#4894,#2594,.T.);
#6021=EDGE_CURVE('',#4895,#4893,#2595,.T.);
#6022=EDGE_CURVE('',#4896,#4895,#2596,.T.);
#6023=EDGE_CURVE('',#4894,#4896,#2597,.T.);
#6024=EDGE_CURVE('',#4897,#4898,#2598,.T.);
#6025=EDGE_CURVE('',#4893,#4897,#2599,.T.);
#6026=EDGE_CURVE('',#4898,#4894,#2600,.T.);
#6027=EDGE_CURVE('',#4899,#4898,#2601,.T.);
#6028=EDGE_CURVE('',#4900,#4899,#2602,.T.);
#6029=EDGE_CURVE('',#4897,#4900,#2603,.T.);
#6030=EDGE_CURVE('',#4901,#4902,#2604,.T.);
#6031=EDGE_CURVE('',#4903,#4902,#2605,.T.);
#6032=EDGE_CURVE('',#4904,#4903,#2606,.T.);
#6033=EDGE_CURVE('',#4901,#4904,#2607,.T.);
#6034=EDGE_CURVE('',#4902,#4778,#2608,.T.);
#6035=EDGE_CURVE('',#4777,#4901,#2609,.T.);
#6036=EDGE_CURVE('',#4905,#4905,#4261,.T.);
#6037=EDGE_CURVE('',#4784,#4906,#2610,.T.);
#6038=EDGE_CURVE('',#4906,#4907,#2611,.T.);
#6039=EDGE_CURVE('',#4907,#4787,#2612,.T.);
#6040=EDGE_CURVE('',#4904,#4908,#2613,.T.);
#6041=EDGE_CURVE('',#4908,#4909,#2614,.T.);
#6042=EDGE_CURVE('',#4909,#4779,#2615,.T.);
#6043=EDGE_CURVE('',#4792,#4910,#2616,.T.);
#6044=EDGE_CURVE('',#4910,#4911,#2617,.T.);
#6045=EDGE_CURVE('',#4911,#4795,#2618,.T.);
#6046=EDGE_CURVE('',#4912,#4913,#2619,.T.);
#6047=EDGE_CURVE('',#4913,#4914,#2620,.T.);
#6048=EDGE_CURVE('',#4914,#4915,#2621,.T.);
#6049=EDGE_CURVE('',#4915,#4916,#2622,.T.);
#6050=EDGE_CURVE('',#4916,#4917,#2623,.T.);
#6051=EDGE_CURVE('',#4917,#4912,#2624,.T.);
#6052=EDGE_CURVE('',#4800,#4918,#2625,.T.);
#6053=EDGE_CURVE('',#4918,#4919,#2626,.T.);
#6054=EDGE_CURVE('',#4919,#4803,#2627,.T.);
#6055=EDGE_CURVE('',#4920,#4921,#2628,.T.);
#6056=EDGE_CURVE('',#4921,#4922,#2629,.T.);
#6057=EDGE_CURVE('',#4922,#4923,#2630,.T.);
#6058=EDGE_CURVE('',#4923,#4924,#2631,.T.);
#6059=EDGE_CURVE('',#4924,#4925,#2632,.T.);
#6060=EDGE_CURVE('',#4925,#4920,#2633,.T.);
#6061=EDGE_CURVE('',#4808,#4926,#2634,.T.);
#6062=EDGE_CURVE('',#4926,#4927,#2635,.T.);
#6063=EDGE_CURVE('',#4927,#4811,#2636,.T.);
#6064=EDGE_CURVE('',#4928,#4929,#2637,.T.);
#6065=EDGE_CURVE('',#4929,#4930,#2638,.T.);
#6066=EDGE_CURVE('',#4930,#4931,#2639,.T.);
#6067=EDGE_CURVE('',#4931,#4932,#2640,.T.);
#6068=EDGE_CURVE('',#4932,#4933,#2641,.T.);
#6069=EDGE_CURVE('',#4933,#4928,#2642,.T.);
#6070=EDGE_CURVE('',#4816,#4934,#2643,.T.);
#6071=EDGE_CURVE('',#4934,#4935,#2644,.T.);
#6072=EDGE_CURVE('',#4935,#4819,#2645,.T.);
#6073=EDGE_CURVE('',#4936,#4937,#2646,.T.);
#6074=EDGE_CURVE('',#4937,#4938,#2647,.T.);
#6075=EDGE_CURVE('',#4938,#4939,#2648,.T.);
#6076=EDGE_CURVE('',#4939,#4940,#2649,.T.);
#6077=EDGE_CURVE('',#4940,#4941,#2650,.T.);
#6078=EDGE_CURVE('',#4941,#4936,#2651,.T.);
#6079=EDGE_CURVE('',#4824,#4942,#2652,.T.);
#6080=EDGE_CURVE('',#4942,#4943,#2653,.T.);
#6081=EDGE_CURVE('',#4943,#4827,#2654,.T.);
#6082=EDGE_CURVE('',#4944,#4945,#2655,.T.);
#6083=EDGE_CURVE('',#4945,#4946,#2656,.T.);
#6084=EDGE_CURVE('',#4946,#4947,#2657,.T.);
#6085=EDGE_CURVE('',#4947,#4948,#2658,.T.);
#6086=EDGE_CURVE('',#4948,#4949,#2659,.T.);
#6087=EDGE_CURVE('',#4949,#4944,#2660,.T.);
#6088=EDGE_CURVE('',#4832,#4950,#2661,.T.);
#6089=EDGE_CURVE('',#4950,#4951,#2662,.T.);
#6090=EDGE_CURVE('',#4951,#4835,#2663,.T.);
#6091=EDGE_CURVE('',#4952,#4953,#2664,.T.);
#6092=EDGE_CURVE('',#4953,#4954,#2665,.T.);
#6093=EDGE_CURVE('',#4954,#4955,#2666,.T.);
#6094=EDGE_CURVE('',#4955,#4956,#2667,.T.);
#6095=EDGE_CURVE('',#4956,#4957,#2668,.T.);
#6096=EDGE_CURVE('',#4957,#4952,#2669,.T.);
#6097=EDGE_CURVE('',#4840,#4958,#2670,.T.);
#6098=EDGE_CURVE('',#4958,#4959,#2671,.T.);
#6099=EDGE_CURVE('',#4959,#4843,#2672,.T.);
#6100=EDGE_CURVE('',#4960,#4961,#2673,.T.);
#6101=EDGE_CURVE('',#4961,#4962,#2674,.T.);
#6102=EDGE_CURVE('',#4962,#4963,#2675,.T.);
#6103=EDGE_CURVE('',#4963,#4964,#2676,.T.);
#6104=EDGE_CURVE('',#4964,#4965,#2677,.T.);
#6105=EDGE_CURVE('',#4965,#4960,#2678,.T.);
#6106=EDGE_CURVE('',#4848,#4966,#2679,.T.);
#6107=EDGE_CURVE('',#4966,#4967,#2680,.T.);
#6108=EDGE_CURVE('',#4967,#4851,#2681,.T.);
#6109=EDGE_CURVE('',#4968,#4969,#2682,.T.);
#6110=EDGE_CURVE('',#4969,#4970,#2683,.T.);
#6111=EDGE_CURVE('',#4970,#4971,#2684,.T.);
#6112=EDGE_CURVE('',#4971,#4972,#2685,.T.);
#6113=EDGE_CURVE('',#4972,#4973,#2686,.T.);
#6114=EDGE_CURVE('',#4973,#4968,#2687,.T.);
#6115=EDGE_CURVE('',#4856,#4974,#2688,.T.);
#6116=EDGE_CURVE('',#4974,#4975,#2689,.T.);
#6117=EDGE_CURVE('',#4975,#4859,#2690,.T.);
#6118=EDGE_CURVE('',#4976,#4977,#2691,.T.);
#6119=EDGE_CURVE('',#4977,#4978,#2692,.T.);
#6120=EDGE_CURVE('',#4978,#4979,#2693,.T.);
#6121=EDGE_CURVE('',#4979,#4980,#2694,.T.);
#6122=EDGE_CURVE('',#4980,#4981,#2695,.T.);
#6123=EDGE_CURVE('',#4981,#4976,#2696,.T.);
#6124=EDGE_CURVE('',#4864,#4982,#2697,.T.);
#6125=EDGE_CURVE('',#4982,#4983,#2698,.T.);
#6126=EDGE_CURVE('',#4983,#4867,#2699,.T.);
#6127=EDGE_CURVE('',#4984,#4985,#2700,.T.);
#6128=EDGE_CURVE('',#4985,#4986,#2701,.T.);
#6129=EDGE_CURVE('',#4986,#4987,#2702,.T.);
#6130=EDGE_CURVE('',#4987,#4988,#2703,.T.);
#6131=EDGE_CURVE('',#4988,#4989,#2704,.T.);
#6132=EDGE_CURVE('',#4989,#4984,#2705,.T.);
#6133=EDGE_CURVE('',#4872,#4990,#2706,.T.);
#6134=EDGE_CURVE('',#4990,#4991,#2707,.T.);
#6135=EDGE_CURVE('',#4991,#4875,#2708,.T.);
#6136=EDGE_CURVE('',#4992,#4993,#2709,.T.);
#6137=EDGE_CURVE('',#4993,#4994,#2710,.T.);
#6138=EDGE_CURVE('',#4994,#4995,#2711,.T.);
#6139=EDGE_CURVE('',#4995,#4996,#2712,.T.);
#6140=EDGE_CURVE('',#4996,#4997,#2713,.T.);
#6141=EDGE_CURVE('',#4997,#4992,#2714,.T.);
#6142=EDGE_CURVE('',#4880,#4998,#2715,.T.);
#6143=EDGE_CURVE('',#4998,#4999,#2716,.T.);
#6144=EDGE_CURVE('',#4999,#4883,#2717,.T.);
#6145=EDGE_CURVE('',#5000,#5001,#2718,.T.);
#6146=EDGE_CURVE('',#5001,#5002,#2719,.T.);
#6147=EDGE_CURVE('',#5002,#5003,#2720,.T.);
#6148=EDGE_CURVE('',#5003,#5004,#2721,.T.);
#6149=EDGE_CURVE('',#5004,#5005,#2722,.T.);
#6150=EDGE_CURVE('',#5005,#5000,#2723,.T.);
#6151=EDGE_CURVE('',#4888,#5006,#2724,.T.);
#6152=EDGE_CURVE('',#5006,#5007,#2725,.T.);
#6153=EDGE_CURVE('',#5007,#4891,#2726,.T.);
#6154=EDGE_CURVE('',#5008,#5009,#2727,.T.);
#6155=EDGE_CURVE('',#5009,#5010,#2728,.T.);
#6156=EDGE_CURVE('',#5010,#5011,#2729,.T.);
#6157=EDGE_CURVE('',#5011,#5012,#2730,.T.);
#6158=EDGE_CURVE('',#5012,#5013,#2731,.T.);
#6159=EDGE_CURVE('',#5013,#5008,#2732,.T.);
#6160=EDGE_CURVE('',#4896,#5014,#2733,.T.);
#6161=EDGE_CURVE('',#5014,#5015,#2734,.T.);
#6162=EDGE_CURVE('',#5015,#4899,#2735,.T.);
#6163=EDGE_CURVE('',#5016,#5017,#4262,.T.);
#6164=EDGE_CURVE('',#5018,#5016,#4263,.T.);
#6165=EDGE_CURVE('',#5019,#5018,#4264,.T.);
#6166=EDGE_CURVE('',#5019,#5020,#2736,.T.);
#6167=EDGE_CURVE('',#5021,#5020,#4265,.T.);
#6168=EDGE_CURVE('',#5021,#5022,#4266,.T.);
#6169=EDGE_CURVE('',#5023,#5022,#4267,.T.);
#6170=EDGE_CURVE('',#5017,#5023,#2737,.T.);
#6171=EDGE_CURVE('',#5024,#5025,#2738,.T.);
#6172=EDGE_CURVE('',#5025,#5026,#2739,.T.);
#6173=EDGE_CURVE('',#5026,#5027,#2740,.T.);
#6174=EDGE_CURVE('',#5027,#5028,#2741,.T.);
#6175=EDGE_CURVE('',#5028,#5029,#2742,.T.);
#6176=EDGE_CURVE('',#5029,#5024,#2743,.T.);
#6177=EDGE_CURVE('',#5030,#5031,#2744,.T.);
#6178=EDGE_CURVE('',#5032,#5031,#4268,.T.);
#6179=EDGE_CURVE('',#5032,#5033,#4269,.T.);
#6180=EDGE_CURVE('',#5034,#5033,#4270,.T.);
#6181=EDGE_CURVE('',#5035,#5034,#2745,.T.);
#6182=EDGE_CURVE('',#5036,#5035,#4271,.T.);
#6183=EDGE_CURVE('',#5037,#5036,#4272,.T.);
#6184=EDGE_CURVE('',#5030,#5037,#4273,.T.);
#6185=EDGE_CURVE('',#5038,#5039,#2746,.T.);
#6186=EDGE_CURVE('',#5040,#5039,#4274,.T.);
#6187=EDGE_CURVE('',#5040,#5041,#4275,.T.);
#6188=EDGE_CURVE('',#5042,#5041,#4276,.T.);
#6189=EDGE_CURVE('',#5043,#5042,#2747,.T.);
#6190=EDGE_CURVE('',#5044,#5043,#4277,.T.);
#6191=EDGE_CURVE('',#5045,#5044,#4278,.T.);
#6192=EDGE_CURVE('',#5038,#5045,#4279,.T.);
#6193=EDGE_CURVE('',#4905,#5046,#2748,.T.);
#6194=EDGE_CURVE('',#5047,#5046,#4280,.T.);
#6195=EDGE_CURVE('',#5046,#5047,#4281,.T.);
#6196=EDGE_CURVE('',#5048,#5048,#4282,.T.);
#6197=EDGE_CURVE('',#5048,#5047,#4283,.T.);
#6198=EDGE_CURVE('',#4796,#5049,#2749,.T.);
#6199=EDGE_CURVE('',#5049,#5050,#2750,.T.);
#6200=EDGE_CURVE('',#5050,#4791,#2751,.T.);
#6201=EDGE_CURVE('',#5051,#5052,#2752,.T.);
#6202=EDGE_CURVE('',#5052,#5053,#2753,.T.);
#6203=EDGE_CURVE('',#5053,#5054,#2754,.T.);
#6204=EDGE_CURVE('',#5054,#5055,#2755,.T.);
#6205=EDGE_CURVE('',#5055,#5056,#2756,.T.);
#6206=EDGE_CURVE('',#5056,#5051,#2757,.T.);
#6207=EDGE_CURVE('',#4900,#5057,#2758,.T.);
#6208=EDGE_CURVE('',#5057,#5058,#2759,.T.);
#6209=EDGE_CURVE('',#5058,#4895,#2760,.T.);
#6210=EDGE_CURVE('',#5059,#5060,#2761,.T.);
#6211=EDGE_CURVE('',#5060,#5061,#2762,.T.);
#6212=EDGE_CURVE('',#5061,#5062,#2763,.T.);
#6213=EDGE_CURVE('',#5062,#5063,#2764,.T.);
#6214=EDGE_CURVE('',#5063,#5064,#2765,.T.);
#6215=EDGE_CURVE('',#5064,#5059,#2766,.T.);
#6216=EDGE_CURVE('',#4844,#5065,#2767,.T.);
#6217=EDGE_CURVE('',#5065,#5066,#2768,.T.);
#6218=EDGE_CURVE('',#5066,#4839,#2769,.T.);
#6219=EDGE_CURVE('',#4780,#5067,#2770,.T.);
#6220=EDGE_CURVE('',#5067,#5068,#2771,.T.);
#6221=EDGE_CURVE('',#5068,#4903,#2772,.T.);
#6222=EDGE_CURVE('',#4852,#5069,#2773,.T.);
#6223=EDGE_CURVE('',#5069,#5070,#2774,.T.);
#6224=EDGE_CURVE('',#5070,#4847,#2775,.T.);
#6225=EDGE_CURVE('',#4876,#5071,#2776,.T.);
#6226=EDGE_CURVE('',#5071,#5072,#2777,.T.);
#6227=EDGE_CURVE('',#5072,#4871,#2778,.T.);
#6228=EDGE_CURVE('',#5073,#5074,#2779,.T.);
#6229=EDGE_CURVE('',#5074,#5075,#2780,.T.);
#6230=EDGE_CURVE('',#5075,#5076,#2781,.T.);
#6231=EDGE_CURVE('',#5076,#5077,#2782,.T.);
#6232=EDGE_CURVE('',#5077,#5078,#2783,.T.);
#6233=EDGE_CURVE('',#5078,#5073,#2784,.T.);
#6234=EDGE_CURVE('',#5079,#5080,#2785,.T.);
#6235=EDGE_CURVE('',#5080,#5081,#2786,.T.);
#6236=EDGE_CURVE('',#5081,#5082,#2787,.T.);
#6237=EDGE_CURVE('',#5082,#5083,#2788,.T.);
#6238=EDGE_CURVE('',#5083,#5084,#2789,.T.);
#6239=EDGE_CURVE('',#5084,#5079,#2790,.T.);
#6240=EDGE_CURVE('',#4804,#5085,#2791,.T.);
#6241=EDGE_CURVE('',#5085,#5086,#2792,.T.);
#6242=EDGE_CURVE('',#5086,#4799,#2793,.T.);
#6243=EDGE_CURVE('',#4860,#5087,#2794,.T.);
#6244=EDGE_CURVE('',#5087,#5088,#2795,.T.);
#6245=EDGE_CURVE('',#5088,#4855,#2796,.T.);
#6246=EDGE_CURVE('',#4836,#5089,#2797,.T.);
#6247=EDGE_CURVE('',#5089,#5090,#2798,.T.);
#6248=EDGE_CURVE('',#5090,#4831,#2799,.T.);
#6249=EDGE_CURVE('',#4820,#5091,#2800,.T.);
#6250=EDGE_CURVE('',#5091,#5092,#2801,.T.);
#6251=EDGE_CURVE('',#5092,#4815,#2802,.T.);
#6252=EDGE_CURVE('',#5093,#5094,#2803,.T.);
#6253=EDGE_CURVE('',#5094,#5095,#2804,.T.);
#6254=EDGE_CURVE('',#5095,#5096,#2805,.T.);
#6255=EDGE_CURVE('',#5096,#5097,#2806,.T.);
#6256=EDGE_CURVE('',#5097,#5098,#2807,.T.);
#6257=EDGE_CURVE('',#5098,#5093,#2808,.T.);
#6258=EDGE_CURVE('',#5099,#5100,#2809,.T.);
#6259=EDGE_CURVE('',#5100,#5101,#2810,.T.);
#6260=EDGE_CURVE('',#5101,#5102,#2811,.T.);
#6261=EDGE_CURVE('',#5102,#5103,#2812,.T.);
#6262=EDGE_CURVE('',#5103,#5104,#2813,.T.);
#6263=EDGE_CURVE('',#5104,#5099,#2814,.T.);
#6264=EDGE_CURVE('',#4788,#5105,#2815,.T.);
#6265=EDGE_CURVE('',#5105,#5106,#2816,.T.);
#6266=EDGE_CURVE('',#5106,#4783,#2817,.T.);
#6267=EDGE_CURVE('',#5107,#5108,#2818,.T.);
#6268=EDGE_CURVE('',#5108,#5109,#2819,.T.);
#6269=EDGE_CURVE('',#5109,#5110,#2820,.T.);
#6270=EDGE_CURVE('',#5110,#5111,#2821,.T.);
#6271=EDGE_CURVE('',#5111,#5112,#2822,.T.);
#6272=EDGE_CURVE('',#5112,#5107,#2823,.T.);
#6273=EDGE_CURVE('',#5113,#5114,#2824,.T.);
#6274=EDGE_CURVE('',#5114,#5115,#2825,.T.);
#6275=EDGE_CURVE('',#5115,#5116,#2826,.T.);
#6276=EDGE_CURVE('',#5116,#5117,#2827,.T.);
#6277=EDGE_CURVE('',#5117,#5118,#2828,.T.);
#6278=EDGE_CURVE('',#5118,#5113,#2829,.T.);
#6279=EDGE_CURVE('',#4868,#5119,#2830,.T.);
#6280=EDGE_CURVE('',#5119,#5120,#2831,.T.);
#6281=EDGE_CURVE('',#5120,#4863,#2832,.T.);
#6282=EDGE_CURVE('',#4892,#5121,#2833,.T.);
#6283=EDGE_CURVE('',#5121,#5122,#2834,.T.);
#6284=EDGE_CURVE('',#5122,#4887,#2835,.T.);
#6285=EDGE_CURVE('',#5123,#5124,#2836,.T.);
#6286=EDGE_CURVE('',#5124,#5125,#2837,.T.);
#6287=EDGE_CURVE('',#5125,#5126,#2838,.T.);
#6288=EDGE_CURVE('',#5126,#5127,#2839,.T.);
#6289=EDGE_CURVE('',#5127,#5128,#2840,.T.);
#6290=EDGE_CURVE('',#5128,#5123,#2841,.T.);
#6291=EDGE_CURVE('',#5129,#5130,#2842,.T.);
#6292=EDGE_CURVE('',#5130,#5131,#2843,.T.);
#6293=EDGE_CURVE('',#5131,#5132,#2844,.T.);
#6294=EDGE_CURVE('',#5132,#5133,#2845,.T.);
#6295=EDGE_CURVE('',#5133,#5134,#2846,.T.);
#6296=EDGE_CURVE('',#5134,#5129,#2847,.T.);
#6297=EDGE_CURVE('',#5135,#5136,#2848,.T.);
#6298=EDGE_CURVE('',#5136,#5137,#2849,.T.);
#6299=EDGE_CURVE('',#5137,#5138,#2850,.T.);
#6300=EDGE_CURVE('',#5138,#5139,#2851,.T.);
#6301=EDGE_CURVE('',#5139,#5140,#2852,.T.);
#6302=EDGE_CURVE('',#5140,#5135,#2853,.T.);
#6303=EDGE_CURVE('',#4812,#5141,#2854,.T.);
#6304=EDGE_CURVE('',#5141,#5142,#2855,.T.);
#6305=EDGE_CURVE('',#5142,#4807,#2856,.T.);
#6306=EDGE_CURVE('',#5143,#5144,#2857,.T.);
#6307=EDGE_CURVE('',#5144,#5145,#2858,.T.);
#6308=EDGE_CURVE('',#5145,#5146,#2859,.T.);
#6309=EDGE_CURVE('',#5146,#5147,#2860,.T.);
#6310=EDGE_CURVE('',#5147,#5148,#2861,.T.);
#6311=EDGE_CURVE('',#5148,#5143,#2862,.T.);
#6312=EDGE_CURVE('',#4884,#5149,#2863,.T.);
#6313=EDGE_CURVE('',#5149,#5150,#2864,.T.);
#6314=EDGE_CURVE('',#5150,#4879,#2865,.T.);
#6315=EDGE_CURVE('',#5151,#5152,#2866,.T.);
#6316=EDGE_CURVE('',#5152,#5153,#2867,.T.);
#6317=EDGE_CURVE('',#5153,#5154,#2868,.T.);
#6318=EDGE_CURVE('',#5154,#5155,#2869,.T.);
#6319=EDGE_CURVE('',#5155,#5156,#2870,.T.);
#6320=EDGE_CURVE('',#5156,#5151,#2871,.T.);
#6321=EDGE_CURVE('',#4828,#5157,#2872,.T.);
#6322=EDGE_CURVE('',#5157,#5158,#2873,.T.);
#6323=EDGE_CURVE('',#5158,#4823,#2874,.T.);
#6324=EDGE_CURVE('',#5159,#5160,#2875,.T.);
#6325=EDGE_CURVE('',#5160,#5161,#2876,.T.);
#6326=EDGE_CURVE('',#5161,#5162,#2877,.T.);
#6327=EDGE_CURVE('',#5162,#5163,#2878,.T.);
#6328=EDGE_CURVE('',#5163,#5164,#2879,.T.);
#6329=EDGE_CURVE('',#5164,#5159,#2880,.T.);
#6330=EDGE_CURVE('',#5165,#5166,#41,.T.);
#6331=EDGE_CURVE('',#5165,#5167,#4284,.T.);
#6332=EDGE_CURVE('',#5168,#5167,#42,.T.);
#6333=EDGE_CURVE('',#5168,#5169,#4285,.T.);
#6334=EDGE_CURVE('',#5170,#5169,#43,.T.);
#6335=EDGE_CURVE('',#5170,#5171,#4286,.T.);
#6336=EDGE_CURVE('',#5172,#5171,#44,.T.);
#6337=EDGE_CURVE('',#5172,#5173,#4287,.T.);
#6338=EDGE_CURVE('',#5174,#5173,#45,.T.);
#6339=EDGE_CURVE('',#5174,#5175,#4288,.T.);
#6340=EDGE_CURVE('',#5176,#5175,#46,.T.);
#6341=EDGE_CURVE('',#5176,#5166,#4289,.T.);
#6342=EDGE_CURVE('',#5166,#5177,#47,.T.);
#6343=EDGE_CURVE('',#5177,#5178,#48,.T.);
#6344=EDGE_CURVE('',#5178,#5179,#4290,.T.);
#6345=EDGE_CURVE('',#5179,#5165,#49,.T.);
#6346=EDGE_CURVE('',#5180,#5181,#4291,.T.);
#6347=EDGE_CURVE('',#5181,#5179,#4292,.T.);
#6348=EDGE_CURVE('',#5178,#5180,#4293,.T.);
#6349=EDGE_CURVE('',#5182,#5183,#4294,.T.);
#6350=EDGE_CURVE('',#5183,#5181,#2881,.T.);
#6351=EDGE_CURVE('',#5180,#5182,#2882,.T.);
#6352=EDGE_CURVE('',#5184,#5185,#4295,.T.);
#6353=EDGE_CURVE('',#5185,#5183,#4296,.T.);
#6354=EDGE_CURVE('',#5182,#5184,#4297,.T.);
#6355=EDGE_CURVE('',#5186,#5187,#4298,.T.);
#6356=EDGE_CURVE('',#5187,#5185,#4299,.T.);
#6357=EDGE_CURVE('',#5184,#5186,#4300,.T.);
#6358=EDGE_CURVE('',#5188,#5189,#4301,.T.);
#6359=EDGE_CURVE('',#5189,#5187,#4302,.T.);
#6360=EDGE_CURVE('',#5186,#5188,#4303,.T.);
#6361=EDGE_CURVE('',#5190,#5191,#4304,.T.);
#6362=EDGE_CURVE('',#5191,#5189,#2883,.T.);
#6363=EDGE_CURVE('',#5188,#5190,#2884,.T.);
#6364=EDGE_CURVE('',#5192,#5193,#4305,.T.);
#6365=EDGE_CURVE('',#5193,#5191,#4306,.T.);
#6366=EDGE_CURVE('',#5190,#5192,#4307,.T.);
#6367=EDGE_CURVE('',#5175,#5193,#50,.T.);
#6368=EDGE_CURVE('',#5192,#5194,#51,.T.);
#6369=EDGE_CURVE('',#5194,#5176,#52,.T.);
#6370=EDGE_CURVE('',#5179,#5195,#4308,.T.);
#6371=EDGE_CURVE('',#5167,#5195,#53,.T.);
#6372=EDGE_CURVE('',#5196,#5193,#4309,.T.);
#6373=EDGE_CURVE('',#5197,#5196,#4310,.T.);
#6374=EDGE_CURVE('',#5198,#5197,#2885,.T.);
#6375=EDGE_CURVE('',#5199,#5198,#4311,.T.);
#6376=EDGE_CURVE('',#5200,#5199,#4312,.T.);
#6377=EDGE_CURVE('',#5201,#5200,#4313,.T.);
#6378=EDGE_CURVE('',#5202,#5201,#2886,.T.);
#6379=EDGE_CURVE('',#5203,#5202,#4314,.T.);
#6380=EDGE_CURVE('',#5204,#5203,#4315,.T.);
#6381=EDGE_CURVE('',#5205,#5204,#4316,.T.);
#6382=EDGE_CURVE('',#5206,#5205,#2887,.T.);
#6383=EDGE_CURVE('',#5207,#5206,#4317,.T.);
#6384=EDGE_CURVE('',#5208,#5207,#4318,.T.);
#6385=EDGE_CURVE('',#5209,#5208,#4319,.T.);
#6386=EDGE_CURVE('',#5210,#5209,#2888,.T.);
#6387=EDGE_CURVE('',#5195,#5210,#4320,.T.);
#6388=EDGE_CURVE('',#5196,#5174,#54,.T.);
#6389=EDGE_CURVE('',#5169,#5211,#55,.T.);
#6390=EDGE_CURVE('',#5211,#5212,#56,.T.);
#6391=EDGE_CURVE('',#5212,#5204,#4321,.T.);
#6392=EDGE_CURVE('',#5204,#5170,#57,.T.);
#6393=EDGE_CURVE('',#5213,#5205,#4322,.T.);
#6394=EDGE_CURVE('',#5212,#5213,#4323,.T.);
#6395=EDGE_CURVE('',#5214,#5206,#4324,.T.);
#6396=EDGE_CURVE('',#5213,#5214,#2889,.T.);
#6397=EDGE_CURVE('',#5215,#5207,#4325,.T.);
#6398=EDGE_CURVE('',#5214,#5215,#4326,.T.);
#6399=EDGE_CURVE('',#5216,#5208,#4327,.T.);
#6400=EDGE_CURVE('',#5215,#5216,#4328,.T.);
#6401=EDGE_CURVE('',#5217,#5209,#4329,.T.);
#6402=EDGE_CURVE('',#5216,#5217,#4330,.T.);
#6403=EDGE_CURVE('',#5218,#5210,#4331,.T.);
#6404=EDGE_CURVE('',#5217,#5218,#2890,.T.);
#6405=EDGE_CURVE('',#5219,#5195,#4332,.T.);
#6406=EDGE_CURVE('',#5218,#5219,#4333,.T.);
#6407=EDGE_CURVE('',#5219,#5220,#58,.T.);
#6408=EDGE_CURVE('',#5220,#5168,#59,.T.);
#6409=EDGE_CURVE('',#5171,#5203,#60,.T.);
#6410=EDGE_CURVE('',#5173,#5221,#61,.T.);
#6411=EDGE_CURVE('',#5221,#5222,#62,.T.);
#6412=EDGE_CURVE('',#5222,#5196,#4334,.T.);
#6413=EDGE_CURVE('',#5223,#5197,#4335,.T.);
#6414=EDGE_CURVE('',#5222,#5223,#4336,.T.);
#6415=EDGE_CURVE('',#5224,#5198,#4337,.T.);
#6416=EDGE_CURVE('',#5223,#5224,#2891,.T.);
#6417=EDGE_CURVE('',#5225,#5199,#4338,.T.);
#6418=EDGE_CURVE('',#5224,#5225,#4339,.T.);
#6419=EDGE_CURVE('',#5226,#5200,#4340,.T.);
#6420=EDGE_CURVE('',#5225,#5226,#4341,.T.);
#6421=EDGE_CURVE('',#5227,#5201,#4342,.T.);
#6422=EDGE_CURVE('',#5226,#5227,#4343,.T.);
#6423=EDGE_CURVE('',#5228,#5202,#4344,.T.);
#6424=EDGE_CURVE('',#5227,#5228,#2892,.T.);
#6425=EDGE_CURVE('',#5229,#5203,#4345,.T.);
#6426=EDGE_CURVE('',#5228,#5229,#4346,.T.);
#6427=EDGE_CURVE('',#5229,#5230,#63,.T.);
#6428=EDGE_CURVE('',#5230,#5172,#64,.T.);
#6429=EDGE_CURVE('',#5220,#5045,#2893,.T.);
#6430=EDGE_CURVE('',#5211,#5044,#2894,.T.);
#6431=EDGE_CURVE('',#5194,#5018,#2895,.T.);
#6432=EDGE_CURVE('',#5177,#5016,#2896,.T.);
#6433=EDGE_CURVE('',#5230,#5037,#2897,.T.);
#6434=EDGE_CURVE('',#5221,#5036,#2898,.T.);
#6435=EDGE_CURVE('',#5228,#5030,#2899,.T.);
#6436=EDGE_CURVE('',#5031,#5227,#2900,.T.);
#6437=EDGE_CURVE('',#5043,#5213,#2901,.T.);
#6438=EDGE_CURVE('',#5218,#5038,#2902,.T.);
#6439=EDGE_CURVE('',#5039,#5217,#2903,.T.);
#6440=EDGE_CURVE('',#5017,#5180,#2904,.T.);
#6441=EDGE_CURVE('',#5190,#5019,#2905,.T.);
#6442=EDGE_CURVE('',#5020,#5188,#2906,.T.);
#6443=EDGE_CURVE('',#5035,#5223,#2907,.T.);
#6444=EDGE_CURVE('',#5224,#5034,#2908,.T.);
#6445=EDGE_CURVE('',#5142,#4926,#2909,.T.);
#6446=EDGE_CURVE('',#5141,#4927,#2910,.T.);
#6447=EDGE_CURVE('',#5068,#4908,#2911,.T.);
#6448=EDGE_CURVE('',#5067,#4909,#2912,.T.);
#6449=EDGE_CURVE('',#5137,#4940,#2913,.T.);
#6450=EDGE_CURVE('',#4939,#5138,#2914,.T.);
#6451=EDGE_CURVE('',#5136,#4941,#2915,.T.);
#6452=EDGE_CURVE('',#5135,#4936,#2916,.T.);
#6453=EDGE_CURVE('',#5140,#4937,#2917,.T.);
#6454=EDGE_CURVE('',#5139,#4938,#2918,.T.);
#6455=EDGE_CURVE('',#5053,#4972,#2919,.T.);
#6456=EDGE_CURVE('',#4971,#5054,#2920,.T.);
#6457=EDGE_CURVE('',#5052,#4973,#2921,.T.);
#6458=EDGE_CURVE('',#5051,#4968,#2922,.T.);
#6459=EDGE_CURVE('',#5056,#4969,#2923,.T.);
#6460=EDGE_CURVE('',#5055,#4970,#2924,.T.);
#6461=EDGE_CURVE('',#5161,#5004,#2925,.T.);
#6462=EDGE_CURVE('',#5003,#5162,#2926,.T.);
#6463=EDGE_CURVE('',#5160,#5005,#2927,.T.);
#6464=EDGE_CURVE('',#5159,#5000,#2928,.T.);
#6465=EDGE_CURVE('',#5164,#5001,#2929,.T.);
#6466=EDGE_CURVE('',#5163,#5002,#2930,.T.);
#6467=EDGE_CURVE('',#5122,#5006,#2931,.T.);
#6468=EDGE_CURVE('',#5121,#5007,#2932,.T.);
#6469=EDGE_CURVE('',#5088,#4974,#2933,.T.);
#6470=EDGE_CURVE('',#5087,#4975,#2934,.T.);
#6471=EDGE_CURVE('',#4951,#5089,#2935,.T.);
#6472=EDGE_CURVE('',#5090,#4950,#2936,.T.);
#6473=EDGE_CURVE('',#5120,#4982,#2937,.T.);
#6474=EDGE_CURVE('',#5119,#4983,#2938,.T.);
#6475=EDGE_CURVE('',#5058,#5014,#2939,.T.);
#6476=EDGE_CURVE('',#5057,#5015,#2940,.T.);
#6477=EDGE_CURVE('',#5081,#4996,#2941,.T.);
#6478=EDGE_CURVE('',#4995,#5082,#2942,.T.);
#6479=EDGE_CURVE('',#5080,#4997,#2943,.T.);
#6480=EDGE_CURVE('',#5079,#4992,#2944,.T.);
#6481=EDGE_CURVE('',#5084,#4993,#2945,.T.);
#6482=EDGE_CURVE('',#5083,#4994,#2946,.T.);
#6483=EDGE_CURVE('',#5109,#4964,#2947,.T.);
#6484=EDGE_CURVE('',#4963,#5110,#2948,.T.);
#6485=EDGE_CURVE('',#5108,#4965,#2949,.T.);
#6486=EDGE_CURVE('',#5107,#4960,#2950,.T.);
#6487=EDGE_CURVE('',#5112,#4961,#2951,.T.);
#6488=EDGE_CURVE('',#5111,#4962,#2952,.T.);
#6489=EDGE_CURVE('',#5061,#4932,#2953,.T.);
#6490=EDGE_CURVE('',#4931,#5062,#2954,.T.);
#6491=EDGE_CURVE('',#5060,#4933,#2955,.T.);
#6492=EDGE_CURVE('',#5059,#4928,#2956,.T.);
#6493=EDGE_CURVE('',#5064,#4929,#2957,.T.);
#6494=EDGE_CURVE('',#5063,#4930,#2958,.T.);
#6495=EDGE_CURVE('',#5106,#4906,#2959,.T.);
#6496=EDGE_CURVE('',#5105,#4907,#2960,.T.);
#6497=EDGE_CURVE('',#5092,#4934,#2961,.T.);
#6498=EDGE_CURVE('',#5091,#4935,#2962,.T.);
#6499=EDGE_CURVE('',#5086,#4918,#2963,.T.);
#6500=EDGE_CURVE('',#5085,#4919,#2964,.T.);
#6501=EDGE_CURVE('',#5095,#4916,#2965,.T.);
#6502=EDGE_CURVE('',#4915,#5096,#2966,.T.);
#6503=EDGE_CURVE('',#5094,#4917,#2967,.T.);
#6504=EDGE_CURVE('',#5093,#4912,#2968,.T.);
#6505=EDGE_CURVE('',#5098,#4913,#2969,.T.);
#6506=EDGE_CURVE('',#5097,#4914,#2970,.T.);
#6507=EDGE_CURVE('',#5131,#4948,#2971,.T.);
#6508=EDGE_CURVE('',#4947,#5132,#2972,.T.);
#6509=EDGE_CURVE('',#5130,#4949,#2973,.T.);
#6510=EDGE_CURVE('',#5129,#4944,#2974,.T.);
#6511=EDGE_CURVE('',#5134,#4945,#2975,.T.);
#6512=EDGE_CURVE('',#5133,#4946,#2976,.T.);
#6513=EDGE_CURVE('',#5115,#4980,#2977,.T.);
#6514=EDGE_CURVE('',#4979,#5116,#2978,.T.);
#6515=EDGE_CURVE('',#5114,#4981,#2979,.T.);
#6516=EDGE_CURVE('',#5113,#4976,#2980,.T.);
#6517=EDGE_CURVE('',#5118,#4977,#2981,.T.);
#6518=EDGE_CURVE('',#5117,#4978,#2982,.T.);
#6519=EDGE_CURVE('',#5145,#5012,#2983,.T.);
#6520=EDGE_CURVE('',#5011,#5146,#2984,.T.);
#6521=EDGE_CURVE('',#5144,#5013,#2985,.T.);
#6522=EDGE_CURVE('',#5143,#5008,#2986,.T.);
#6523=EDGE_CURVE('',#5148,#5009,#2987,.T.);
#6524=EDGE_CURVE('',#5147,#5010,#2988,.T.);
#6525=EDGE_CURVE('',#5150,#4998,#2989,.T.);
#6526=EDGE_CURVE('',#5149,#4999,#2990,.T.);
#6527=EDGE_CURVE('',#5070,#4966,#2991,.T.);
#6528=EDGE_CURVE('',#5069,#4967,#2992,.T.);
#6529=EDGE_CURVE('',#5066,#4958,#2993,.T.);
#6530=EDGE_CURVE('',#5065,#4959,#2994,.T.);
#6531=EDGE_CURVE('',#5072,#4990,#2995,.T.);
#6532=EDGE_CURVE('',#5071,#4991,#2996,.T.);
#6533=EDGE_CURVE('',#5153,#5028,#2997,.T.);
#6534=EDGE_CURVE('',#5027,#5154,#2998,.T.);
#6535=EDGE_CURVE('',#5152,#5029,#2999,.T.);
#6536=EDGE_CURVE('',#5151,#5024,#3000,.T.);
#6537=EDGE_CURVE('',#5156,#5025,#3001,.T.);
#6538=EDGE_CURVE('',#5155,#5026,#3002,.T.);
#6539=EDGE_CURVE('',#5101,#4988,#3003,.T.);
#6540=EDGE_CURVE('',#4987,#5102,#3004,.T.);
#6541=EDGE_CURVE('',#5100,#4989,#3005,.T.);
#6542=EDGE_CURVE('',#5099,#4984,#3006,.T.);
#6543=EDGE_CURVE('',#5104,#4985,#3007,.T.);
#6544=EDGE_CURVE('',#5103,#4986,#3008,.T.);
#6545=EDGE_CURVE('',#5075,#4956,#3009,.T.);
#6546=EDGE_CURVE('',#4955,#5076,#3010,.T.);
#6547=EDGE_CURVE('',#5074,#4957,#3011,.T.);
#6548=EDGE_CURVE('',#5073,#4952,#3012,.T.);
#6549=EDGE_CURVE('',#5078,#4953,#3013,.T.);
#6550=EDGE_CURVE('',#5077,#4954,#3014,.T.);
#6551=EDGE_CURVE('',#5125,#4924,#3015,.T.);
#6552=EDGE_CURVE('',#4923,#5126,#3016,.T.);
#6553=EDGE_CURVE('',#5124,#4925,#3017,.T.);
#6554=EDGE_CURVE('',#5123,#4920,#3018,.T.);
#6555=EDGE_CURVE('',#5128,#4921,#3019,.T.);
#6556=EDGE_CURVE('',#5127,#4922,#3020,.T.);
#6557=EDGE_CURVE('',#5050,#4910,#3021,.T.);
#6558=EDGE_CURVE('',#5049,#4911,#3022,.T.);
#6559=EDGE_CURVE('',#5158,#4942,#3023,.T.);
#6560=EDGE_CURVE('',#5157,#4943,#3024,.T.);
#6561=EDGE_CURVE('',#5182,#5023,#3025,.T.);
#6562=EDGE_CURVE('',#5041,#5215,#3026,.T.);
#6563=EDGE_CURVE('',#5216,#5040,#3027,.T.);
#6564=EDGE_CURVE('',#5214,#5042,#3028,.T.);
#6565=EDGE_CURVE('',#5226,#5032,#3029,.T.);
#6566=EDGE_CURVE('',#5033,#5225,#3030,.T.);
#6567=EDGE_CURVE('',#5022,#5184,#3031,.T.);
#6568=EDGE_CURVE('',#5186,#5021,#3032,.T.);
#6569=ORIENTED_EDGE('',*,*,#5231,.F.);
#6570=ORIENTED_EDGE('',*,*,#5232,.T.);
#6571=ORIENTED_EDGE('',*,*,#5233,.F.);
#6572=ORIENTED_EDGE('',*,*,#5232,.F.);
#6573=ORIENTED_EDGE('',*,*,#5234,.F.);
#6574=ORIENTED_EDGE('',*,*,#5235,.T.);
#6575=ORIENTED_EDGE('',*,*,#5236,.F.);
#6576=ORIENTED_EDGE('',*,*,#5237,.F.);
#6577=ORIENTED_EDGE('',*,*,#5238,.F.);
#6578=ORIENTED_EDGE('',*,*,#5237,.T.);
#6579=ORIENTED_EDGE('',*,*,#5239,.F.);
#6580=ORIENTED_EDGE('',*,*,#5240,.F.);
#6581=ORIENTED_EDGE('',*,*,#5241,.F.);
#6582=ORIENTED_EDGE('',*,*,#5240,.T.);
#6583=ORIENTED_EDGE('',*,*,#5242,.F.);
#6584=ORIENTED_EDGE('',*,*,#5243,.F.);
#6585=ORIENTED_EDGE('',*,*,#5244,.F.);
#6586=ORIENTED_EDGE('',*,*,#5243,.T.);
#6587=ORIENTED_EDGE('',*,*,#5245,.F.);
#6588=ORIENTED_EDGE('',*,*,#5246,.F.);
#6589=ORIENTED_EDGE('',*,*,#5247,.F.);
#6590=ORIENTED_EDGE('',*,*,#5246,.T.);
#6591=ORIENTED_EDGE('',*,*,#5248,.F.);
#6592=ORIENTED_EDGE('',*,*,#5249,.F.);
#6593=ORIENTED_EDGE('',*,*,#5250,.F.);
#6594=ORIENTED_EDGE('',*,*,#5249,.T.);
#6595=ORIENTED_EDGE('',*,*,#5251,.F.);
#6596=ORIENTED_EDGE('',*,*,#5235,.F.);
#6597=ORIENTED_EDGE('',*,*,#5250,.T.);
#6598=ORIENTED_EDGE('',*,*,#5234,.T.);
#6599=ORIENTED_EDGE('',*,*,#5238,.T.);
#6600=ORIENTED_EDGE('',*,*,#5241,.T.);
#6601=ORIENTED_EDGE('',*,*,#5244,.T.);
#6602=ORIENTED_EDGE('',*,*,#5247,.T.);
#6603=ORIENTED_EDGE('',*,*,#5233,.T.);
#6604=ORIENTED_EDGE('',*,*,#5251,.T.);
#6605=ORIENTED_EDGE('',*,*,#5248,.T.);
#6606=ORIENTED_EDGE('',*,*,#5245,.T.);
#6607=ORIENTED_EDGE('',*,*,#5242,.T.);
#6608=ORIENTED_EDGE('',*,*,#5239,.T.);
#6609=ORIENTED_EDGE('',*,*,#5236,.T.);
#6610=ORIENTED_EDGE('',*,*,#5231,.T.);
#6611=ORIENTED_EDGE('',*,*,#5252,.F.);
#6612=ORIENTED_EDGE('',*,*,#5253,.T.);
#6613=ORIENTED_EDGE('',*,*,#5254,.F.);
#6614=ORIENTED_EDGE('',*,*,#5253,.F.);
#6615=ORIENTED_EDGE('',*,*,#5255,.F.);
#6616=ORIENTED_EDGE('',*,*,#5256,.T.);
#6617=ORIENTED_EDGE('',*,*,#5257,.F.);
#6618=ORIENTED_EDGE('',*,*,#5258,.F.);
#6619=ORIENTED_EDGE('',*,*,#5259,.F.);
#6620=ORIENTED_EDGE('',*,*,#5258,.T.);
#6621=ORIENTED_EDGE('',*,*,#5260,.F.);
#6622=ORIENTED_EDGE('',*,*,#5261,.F.);
#6623=ORIENTED_EDGE('',*,*,#5262,.F.);
#6624=ORIENTED_EDGE('',*,*,#5261,.T.);
#6625=ORIENTED_EDGE('',*,*,#5263,.F.);
#6626=ORIENTED_EDGE('',*,*,#5264,.F.);
#6627=ORIENTED_EDGE('',*,*,#5265,.F.);
#6628=ORIENTED_EDGE('',*,*,#5264,.T.);
#6629=ORIENTED_EDGE('',*,*,#5266,.F.);
#6630=ORIENTED_EDGE('',*,*,#5267,.F.);
#6631=ORIENTED_EDGE('',*,*,#5268,.F.);
#6632=ORIENTED_EDGE('',*,*,#5267,.T.);
#6633=ORIENTED_EDGE('',*,*,#5269,.F.);
#6634=ORIENTED_EDGE('',*,*,#5270,.F.);
#6635=ORIENTED_EDGE('',*,*,#5271,.F.);
#6636=ORIENTED_EDGE('',*,*,#5270,.T.);
#6637=ORIENTED_EDGE('',*,*,#5272,.F.);
#6638=ORIENTED_EDGE('',*,*,#5256,.F.);
#6639=ORIENTED_EDGE('',*,*,#5271,.T.);
#6640=ORIENTED_EDGE('',*,*,#5255,.T.);
#6641=ORIENTED_EDGE('',*,*,#5259,.T.);
#6642=ORIENTED_EDGE('',*,*,#5262,.T.);
#6643=ORIENTED_EDGE('',*,*,#5265,.T.);
#6644=ORIENTED_EDGE('',*,*,#5268,.T.);
#6645=ORIENTED_EDGE('',*,*,#5254,.T.);
#6646=ORIENTED_EDGE('',*,*,#5272,.T.);
#6647=ORIENTED_EDGE('',*,*,#5269,.T.);
#6648=ORIENTED_EDGE('',*,*,#5266,.T.);
#6649=ORIENTED_EDGE('',*,*,#5263,.T.);
#6650=ORIENTED_EDGE('',*,*,#5260,.T.);
#6651=ORIENTED_EDGE('',*,*,#5257,.T.);
#6652=ORIENTED_EDGE('',*,*,#5252,.T.);
#6653=ORIENTED_EDGE('',*,*,#5273,.F.);
#6654=ORIENTED_EDGE('',*,*,#5274,.T.);
#6655=ORIENTED_EDGE('',*,*,#5275,.F.);
#6656=ORIENTED_EDGE('',*,*,#5274,.F.);
#6657=ORIENTED_EDGE('',*,*,#5276,.F.);
#6658=ORIENTED_EDGE('',*,*,#5277,.T.);
#6659=ORIENTED_EDGE('',*,*,#5278,.F.);
#6660=ORIENTED_EDGE('',*,*,#5279,.F.);
#6661=ORIENTED_EDGE('',*,*,#5280,.F.);
#6662=ORIENTED_EDGE('',*,*,#5279,.T.);
#6663=ORIENTED_EDGE('',*,*,#5281,.F.);
#6664=ORIENTED_EDGE('',*,*,#5282,.F.);
#6665=ORIENTED_EDGE('',*,*,#5283,.F.);
#6666=ORIENTED_EDGE('',*,*,#5282,.T.);
#6667=ORIENTED_EDGE('',*,*,#5284,.F.);
#6668=ORIENTED_EDGE('',*,*,#5285,.F.);
#6669=ORIENTED_EDGE('',*,*,#5286,.F.);
#6670=ORIENTED_EDGE('',*,*,#5285,.T.);
#6671=ORIENTED_EDGE('',*,*,#5287,.F.);
#6672=ORIENTED_EDGE('',*,*,#5288,.F.);
#6673=ORIENTED_EDGE('',*,*,#5289,.F.);
#6674=ORIENTED_EDGE('',*,*,#5288,.T.);
#6675=ORIENTED_EDGE('',*,*,#5290,.F.);
#6676=ORIENTED_EDGE('',*,*,#5291,.F.);
#6677=ORIENTED_EDGE('',*,*,#5292,.F.);
#6678=ORIENTED_EDGE('',*,*,#5291,.T.);
#6679=ORIENTED_EDGE('',*,*,#5293,.F.);
#6680=ORIENTED_EDGE('',*,*,#5277,.F.);
#6681=ORIENTED_EDGE('',*,*,#5292,.T.);
#6682=ORIENTED_EDGE('',*,*,#5276,.T.);
#6683=ORIENTED_EDGE('',*,*,#5280,.T.);
#6684=ORIENTED_EDGE('',*,*,#5283,.T.);
#6685=ORIENTED_EDGE('',*,*,#5286,.T.);
#6686=ORIENTED_EDGE('',*,*,#5289,.T.);
#6687=ORIENTED_EDGE('',*,*,#5275,.T.);
#6688=ORIENTED_EDGE('',*,*,#5293,.T.);
#6689=ORIENTED_EDGE('',*,*,#5290,.T.);
#6690=ORIENTED_EDGE('',*,*,#5287,.T.);
#6691=ORIENTED_EDGE('',*,*,#5284,.T.);
#6692=ORIENTED_EDGE('',*,*,#5281,.T.);
#6693=ORIENTED_EDGE('',*,*,#5278,.T.);
#6694=ORIENTED_EDGE('',*,*,#5273,.T.);
#6695=ORIENTED_EDGE('',*,*,#5294,.F.);
#6696=ORIENTED_EDGE('',*,*,#5295,.T.);
#6697=ORIENTED_EDGE('',*,*,#5296,.F.);
#6698=ORIENTED_EDGE('',*,*,#5295,.F.);
#6699=ORIENTED_EDGE('',*,*,#5297,.F.);
#6700=ORIENTED_EDGE('',*,*,#5298,.T.);
#6701=ORIENTED_EDGE('',*,*,#5299,.F.);
#6702=ORIENTED_EDGE('',*,*,#5300,.F.);
#6703=ORIENTED_EDGE('',*,*,#5301,.F.);
#6704=ORIENTED_EDGE('',*,*,#5300,.T.);
#6705=ORIENTED_EDGE('',*,*,#5302,.F.);
#6706=ORIENTED_EDGE('',*,*,#5303,.F.);
#6707=ORIENTED_EDGE('',*,*,#5304,.F.);
#6708=ORIENTED_EDGE('',*,*,#5303,.T.);
#6709=ORIENTED_EDGE('',*,*,#5305,.F.);
#6710=ORIENTED_EDGE('',*,*,#5306,.F.);
#6711=ORIENTED_EDGE('',*,*,#5307,.F.);
#6712=ORIENTED_EDGE('',*,*,#5306,.T.);
#6713=ORIENTED_EDGE('',*,*,#5308,.F.);
#6714=ORIENTED_EDGE('',*,*,#5309,.F.);
#6715=ORIENTED_EDGE('',*,*,#5310,.F.);
#6716=ORIENTED_EDGE('',*,*,#5309,.T.);
#6717=ORIENTED_EDGE('',*,*,#5311,.F.);
#6718=ORIENTED_EDGE('',*,*,#5312,.F.);
#6719=ORIENTED_EDGE('',*,*,#5313,.F.);
#6720=ORIENTED_EDGE('',*,*,#5312,.T.);
#6721=ORIENTED_EDGE('',*,*,#5314,.F.);
#6722=ORIENTED_EDGE('',*,*,#5298,.F.);
#6723=ORIENTED_EDGE('',*,*,#5313,.T.);
#6724=ORIENTED_EDGE('',*,*,#5297,.T.);
#6725=ORIENTED_EDGE('',*,*,#5301,.T.);
#6726=ORIENTED_EDGE('',*,*,#5304,.T.);
#6727=ORIENTED_EDGE('',*,*,#5307,.T.);
#6728=ORIENTED_EDGE('',*,*,#5310,.T.);
#6729=ORIENTED_EDGE('',*,*,#5296,.T.);
#6730=ORIENTED_EDGE('',*,*,#5314,.T.);
#6731=ORIENTED_EDGE('',*,*,#5311,.T.);
#6732=ORIENTED_EDGE('',*,*,#5308,.T.);
#6733=ORIENTED_EDGE('',*,*,#5305,.T.);
#6734=ORIENTED_EDGE('',*,*,#5302,.T.);
#6735=ORIENTED_EDGE('',*,*,#5299,.T.);
#6736=ORIENTED_EDGE('',*,*,#5294,.T.);
#6737=ORIENTED_EDGE('',*,*,#5315,.F.);
#6738=ORIENTED_EDGE('',*,*,#5316,.T.);
#6739=ORIENTED_EDGE('',*,*,#5317,.F.);
#6740=ORIENTED_EDGE('',*,*,#5316,.F.);
#6741=ORIENTED_EDGE('',*,*,#5318,.F.);
#6742=ORIENTED_EDGE('',*,*,#5319,.T.);
#6743=ORIENTED_EDGE('',*,*,#5320,.F.);
#6744=ORIENTED_EDGE('',*,*,#5321,.F.);
#6745=ORIENTED_EDGE('',*,*,#5322,.F.);
#6746=ORIENTED_EDGE('',*,*,#5321,.T.);
#6747=ORIENTED_EDGE('',*,*,#5323,.F.);
#6748=ORIENTED_EDGE('',*,*,#5324,.F.);
#6749=ORIENTED_EDGE('',*,*,#5325,.F.);
#6750=ORIENTED_EDGE('',*,*,#5324,.T.);
#6751=ORIENTED_EDGE('',*,*,#5326,.F.);
#6752=ORIENTED_EDGE('',*,*,#5327,.F.);
#6753=ORIENTED_EDGE('',*,*,#5328,.F.);
#6754=ORIENTED_EDGE('',*,*,#5327,.T.);
#6755=ORIENTED_EDGE('',*,*,#5329,.F.);
#6756=ORIENTED_EDGE('',*,*,#5330,.F.);
#6757=ORIENTED_EDGE('',*,*,#5331,.F.);
#6758=ORIENTED_EDGE('',*,*,#5330,.T.);
#6759=ORIENTED_EDGE('',*,*,#5332,.F.);
#6760=ORIENTED_EDGE('',*,*,#5333,.F.);
#6761=ORIENTED_EDGE('',*,*,#5334,.F.);
#6762=ORIENTED_EDGE('',*,*,#5333,.T.);
#6763=ORIENTED_EDGE('',*,*,#5335,.F.);
#6764=ORIENTED_EDGE('',*,*,#5319,.F.);
#6765=ORIENTED_EDGE('',*,*,#5334,.T.);
#6766=ORIENTED_EDGE('',*,*,#5318,.T.);
#6767=ORIENTED_EDGE('',*,*,#5322,.T.);
#6768=ORIENTED_EDGE('',*,*,#5325,.T.);
#6769=ORIENTED_EDGE('',*,*,#5328,.T.);
#6770=ORIENTED_EDGE('',*,*,#5331,.T.);
#6771=ORIENTED_EDGE('',*,*,#5317,.T.);
#6772=ORIENTED_EDGE('',*,*,#5335,.T.);
#6773=ORIENTED_EDGE('',*,*,#5332,.T.);
#6774=ORIENTED_EDGE('',*,*,#5329,.T.);
#6775=ORIENTED_EDGE('',*,*,#5326,.T.);
#6776=ORIENTED_EDGE('',*,*,#5323,.T.);
#6777=ORIENTED_EDGE('',*,*,#5320,.T.);
#6778=ORIENTED_EDGE('',*,*,#5315,.T.);
#6779=ORIENTED_EDGE('',*,*,#5336,.F.);
#6780=ORIENTED_EDGE('',*,*,#5337,.T.);
#6781=ORIENTED_EDGE('',*,*,#5338,.F.);
#6782=ORIENTED_EDGE('',*,*,#5337,.F.);
#6783=ORIENTED_EDGE('',*,*,#5339,.F.);
#6784=ORIENTED_EDGE('',*,*,#5340,.T.);
#6785=ORIENTED_EDGE('',*,*,#5341,.F.);
#6786=ORIENTED_EDGE('',*,*,#5342,.F.);
#6787=ORIENTED_EDGE('',*,*,#5343,.F.);
#6788=ORIENTED_EDGE('',*,*,#5342,.T.);
#6789=ORIENTED_EDGE('',*,*,#5344,.F.);
#6790=ORIENTED_EDGE('',*,*,#5345,.F.);
#6791=ORIENTED_EDGE('',*,*,#5346,.F.);
#6792=ORIENTED_EDGE('',*,*,#5345,.T.);
#6793=ORIENTED_EDGE('',*,*,#5347,.F.);
#6794=ORIENTED_EDGE('',*,*,#5348,.F.);
#6795=ORIENTED_EDGE('',*,*,#5349,.F.);
#6796=ORIENTED_EDGE('',*,*,#5348,.T.);
#6797=ORIENTED_EDGE('',*,*,#5350,.F.);
#6798=ORIENTED_EDGE('',*,*,#5351,.F.);
#6799=ORIENTED_EDGE('',*,*,#5352,.F.);
#6800=ORIENTED_EDGE('',*,*,#5351,.T.);
#6801=ORIENTED_EDGE('',*,*,#5353,.F.);
#6802=ORIENTED_EDGE('',*,*,#5354,.F.);
#6803=ORIENTED_EDGE('',*,*,#5355,.F.);
#6804=ORIENTED_EDGE('',*,*,#5354,.T.);
#6805=ORIENTED_EDGE('',*,*,#5356,.F.);
#6806=ORIENTED_EDGE('',*,*,#5340,.F.);
#6807=ORIENTED_EDGE('',*,*,#5355,.T.);
#6808=ORIENTED_EDGE('',*,*,#5339,.T.);
#6809=ORIENTED_EDGE('',*,*,#5343,.T.);
#6810=ORIENTED_EDGE('',*,*,#5346,.T.);
#6811=ORIENTED_EDGE('',*,*,#5349,.T.);
#6812=ORIENTED_EDGE('',*,*,#5352,.T.);
#6813=ORIENTED_EDGE('',*,*,#5338,.T.);
#6814=ORIENTED_EDGE('',*,*,#5356,.T.);
#6815=ORIENTED_EDGE('',*,*,#5353,.T.);
#6816=ORIENTED_EDGE('',*,*,#5350,.T.);
#6817=ORIENTED_EDGE('',*,*,#5347,.T.);
#6818=ORIENTED_EDGE('',*,*,#5344,.T.);
#6819=ORIENTED_EDGE('',*,*,#5341,.T.);
#6820=ORIENTED_EDGE('',*,*,#5336,.T.);
#6821=ORIENTED_EDGE('',*,*,#5357,.F.);
#6822=ORIENTED_EDGE('',*,*,#5358,.T.);
#6823=ORIENTED_EDGE('',*,*,#5359,.F.);
#6824=ORIENTED_EDGE('',*,*,#5358,.F.);
#6825=ORIENTED_EDGE('',*,*,#5360,.F.);
#6826=ORIENTED_EDGE('',*,*,#5361,.T.);
#6827=ORIENTED_EDGE('',*,*,#5362,.F.);
#6828=ORIENTED_EDGE('',*,*,#5363,.F.);
#6829=ORIENTED_EDGE('',*,*,#5364,.F.);
#6830=ORIENTED_EDGE('',*,*,#5363,.T.);
#6831=ORIENTED_EDGE('',*,*,#5365,.F.);
#6832=ORIENTED_EDGE('',*,*,#5366,.F.);
#6833=ORIENTED_EDGE('',*,*,#5367,.F.);
#6834=ORIENTED_EDGE('',*,*,#5366,.T.);
#6835=ORIENTED_EDGE('',*,*,#5368,.F.);
#6836=ORIENTED_EDGE('',*,*,#5369,.F.);
#6837=ORIENTED_EDGE('',*,*,#5370,.F.);
#6838=ORIENTED_EDGE('',*,*,#5369,.T.);
#6839=ORIENTED_EDGE('',*,*,#5371,.F.);
#6840=ORIENTED_EDGE('',*,*,#5372,.F.);
#6841=ORIENTED_EDGE('',*,*,#5373,.F.);
#6842=ORIENTED_EDGE('',*,*,#5372,.T.);
#6843=ORIENTED_EDGE('',*,*,#5374,.F.);
#6844=ORIENTED_EDGE('',*,*,#5375,.F.);
#6845=ORIENTED_EDGE('',*,*,#5376,.F.);
#6846=ORIENTED_EDGE('',*,*,#5375,.T.);
#6847=ORIENTED_EDGE('',*,*,#5377,.F.);
#6848=ORIENTED_EDGE('',*,*,#5361,.F.);
#6849=ORIENTED_EDGE('',*,*,#5376,.T.);
#6850=ORIENTED_EDGE('',*,*,#5360,.T.);
#6851=ORIENTED_EDGE('',*,*,#5364,.T.);
#6852=ORIENTED_EDGE('',*,*,#5367,.T.);
#6853=ORIENTED_EDGE('',*,*,#5370,.T.);
#6854=ORIENTED_EDGE('',*,*,#5373,.T.);
#6855=ORIENTED_EDGE('',*,*,#5359,.T.);
#6856=ORIENTED_EDGE('',*,*,#5377,.T.);
#6857=ORIENTED_EDGE('',*,*,#5374,.T.);
#6858=ORIENTED_EDGE('',*,*,#5371,.T.);
#6859=ORIENTED_EDGE('',*,*,#5368,.T.);
#6860=ORIENTED_EDGE('',*,*,#5365,.T.);
#6861=ORIENTED_EDGE('',*,*,#5362,.T.);
#6862=ORIENTED_EDGE('',*,*,#5357,.T.);
#6863=ORIENTED_EDGE('',*,*,#5378,.F.);
#6864=ORIENTED_EDGE('',*,*,#5379,.T.);
#6865=ORIENTED_EDGE('',*,*,#5380,.F.);
#6866=ORIENTED_EDGE('',*,*,#5379,.F.);
#6867=ORIENTED_EDGE('',*,*,#5381,.F.);
#6868=ORIENTED_EDGE('',*,*,#5382,.T.);
#6869=ORIENTED_EDGE('',*,*,#5383,.F.);
#6870=ORIENTED_EDGE('',*,*,#5384,.F.);
#6871=ORIENTED_EDGE('',*,*,#5385,.F.);
#6872=ORIENTED_EDGE('',*,*,#5384,.T.);
#6873=ORIENTED_EDGE('',*,*,#5386,.F.);
#6874=ORIENTED_EDGE('',*,*,#5387,.F.);
#6875=ORIENTED_EDGE('',*,*,#5388,.F.);
#6876=ORIENTED_EDGE('',*,*,#5387,.T.);
#6877=ORIENTED_EDGE('',*,*,#5389,.F.);
#6878=ORIENTED_EDGE('',*,*,#5390,.F.);
#6879=ORIENTED_EDGE('',*,*,#5391,.F.);
#6880=ORIENTED_EDGE('',*,*,#5390,.T.);
#6881=ORIENTED_EDGE('',*,*,#5392,.F.);
#6882=ORIENTED_EDGE('',*,*,#5393,.F.);
#6883=ORIENTED_EDGE('',*,*,#5394,.F.);
#6884=ORIENTED_EDGE('',*,*,#5393,.T.);
#6885=ORIENTED_EDGE('',*,*,#5395,.F.);
#6886=ORIENTED_EDGE('',*,*,#5396,.F.);
#6887=ORIENTED_EDGE('',*,*,#5397,.F.);
#6888=ORIENTED_EDGE('',*,*,#5396,.T.);
#6889=ORIENTED_EDGE('',*,*,#5398,.F.);
#6890=ORIENTED_EDGE('',*,*,#5382,.F.);
#6891=ORIENTED_EDGE('',*,*,#5397,.T.);
#6892=ORIENTED_EDGE('',*,*,#5381,.T.);
#6893=ORIENTED_EDGE('',*,*,#5385,.T.);
#6894=ORIENTED_EDGE('',*,*,#5388,.T.);
#6895=ORIENTED_EDGE('',*,*,#5391,.T.);
#6896=ORIENTED_EDGE('',*,*,#5394,.T.);
#6897=ORIENTED_EDGE('',*,*,#5380,.T.);
#6898=ORIENTED_EDGE('',*,*,#5398,.T.);
#6899=ORIENTED_EDGE('',*,*,#5395,.T.);
#6900=ORIENTED_EDGE('',*,*,#5392,.T.);
#6901=ORIENTED_EDGE('',*,*,#5389,.T.);
#6902=ORIENTED_EDGE('',*,*,#5386,.T.);
#6903=ORIENTED_EDGE('',*,*,#5383,.T.);
#6904=ORIENTED_EDGE('',*,*,#5378,.T.);
#6905=ORIENTED_EDGE('',*,*,#5399,.F.);
#6906=ORIENTED_EDGE('',*,*,#5400,.T.);
#6907=ORIENTED_EDGE('',*,*,#5401,.F.);
#6908=ORIENTED_EDGE('',*,*,#5400,.F.);
#6909=ORIENTED_EDGE('',*,*,#5402,.F.);
#6910=ORIENTED_EDGE('',*,*,#5403,.T.);
#6911=ORIENTED_EDGE('',*,*,#5404,.F.);
#6912=ORIENTED_EDGE('',*,*,#5405,.F.);
#6913=ORIENTED_EDGE('',*,*,#5406,.F.);
#6914=ORIENTED_EDGE('',*,*,#5405,.T.);
#6915=ORIENTED_EDGE('',*,*,#5407,.F.);
#6916=ORIENTED_EDGE('',*,*,#5408,.F.);
#6917=ORIENTED_EDGE('',*,*,#5409,.F.);
#6918=ORIENTED_EDGE('',*,*,#5408,.T.);
#6919=ORIENTED_EDGE('',*,*,#5410,.F.);
#6920=ORIENTED_EDGE('',*,*,#5411,.F.);
#6921=ORIENTED_EDGE('',*,*,#5412,.F.);
#6922=ORIENTED_EDGE('',*,*,#5411,.T.);
#6923=ORIENTED_EDGE('',*,*,#5413,.F.);
#6924=ORIENTED_EDGE('',*,*,#5414,.F.);
#6925=ORIENTED_EDGE('',*,*,#5415,.F.);
#6926=ORIENTED_EDGE('',*,*,#5414,.T.);
#6927=ORIENTED_EDGE('',*,*,#5416,.F.);
#6928=ORIENTED_EDGE('',*,*,#5417,.F.);
#6929=ORIENTED_EDGE('',*,*,#5418,.F.);
#6930=ORIENTED_EDGE('',*,*,#5417,.T.);
#6931=ORIENTED_EDGE('',*,*,#5419,.F.);
#6932=ORIENTED_EDGE('',*,*,#5403,.F.);
#6933=ORIENTED_EDGE('',*,*,#5418,.T.);
#6934=ORIENTED_EDGE('',*,*,#5402,.T.);
#6935=ORIENTED_EDGE('',*,*,#5406,.T.);
#6936=ORIENTED_EDGE('',*,*,#5409,.T.);
#6937=ORIENTED_EDGE('',*,*,#5412,.T.);
#6938=ORIENTED_EDGE('',*,*,#5415,.T.);
#6939=ORIENTED_EDGE('',*,*,#5401,.T.);
#6940=ORIENTED_EDGE('',*,*,#5419,.T.);
#6941=ORIENTED_EDGE('',*,*,#5416,.T.);
#6942=ORIENTED_EDGE('',*,*,#5413,.T.);
#6943=ORIENTED_EDGE('',*,*,#5410,.T.);
#6944=ORIENTED_EDGE('',*,*,#5407,.T.);
#6945=ORIENTED_EDGE('',*,*,#5404,.T.);
#6946=ORIENTED_EDGE('',*,*,#5399,.T.);
#6947=ORIENTED_EDGE('',*,*,#5420,.F.);
#6948=ORIENTED_EDGE('',*,*,#5421,.T.);
#6949=ORIENTED_EDGE('',*,*,#5422,.F.);
#6950=ORIENTED_EDGE('',*,*,#5421,.F.);
#6951=ORIENTED_EDGE('',*,*,#5423,.F.);
#6952=ORIENTED_EDGE('',*,*,#5424,.T.);
#6953=ORIENTED_EDGE('',*,*,#5425,.F.);
#6954=ORIENTED_EDGE('',*,*,#5426,.F.);
#6955=ORIENTED_EDGE('',*,*,#5427,.F.);
#6956=ORIENTED_EDGE('',*,*,#5426,.T.);
#6957=ORIENTED_EDGE('',*,*,#5428,.F.);
#6958=ORIENTED_EDGE('',*,*,#5429,.F.);
#6959=ORIENTED_EDGE('',*,*,#5430,.F.);
#6960=ORIENTED_EDGE('',*,*,#5429,.T.);
#6961=ORIENTED_EDGE('',*,*,#5431,.F.);
#6962=ORIENTED_EDGE('',*,*,#5432,.F.);
#6963=ORIENTED_EDGE('',*,*,#5433,.F.);
#6964=ORIENTED_EDGE('',*,*,#5432,.T.);
#6965=ORIENTED_EDGE('',*,*,#5434,.F.);
#6966=ORIENTED_EDGE('',*,*,#5435,.F.);
#6967=ORIENTED_EDGE('',*,*,#5436,.F.);
#6968=ORIENTED_EDGE('',*,*,#5435,.T.);
#6969=ORIENTED_EDGE('',*,*,#5437,.F.);
#6970=ORIENTED_EDGE('',*,*,#5438,.F.);
#6971=ORIENTED_EDGE('',*,*,#5439,.F.);
#6972=ORIENTED_EDGE('',*,*,#5438,.T.);
#6973=ORIENTED_EDGE('',*,*,#5440,.F.);
#6974=ORIENTED_EDGE('',*,*,#5424,.F.);
#6975=ORIENTED_EDGE('',*,*,#5439,.T.);
#6976=ORIENTED_EDGE('',*,*,#5423,.T.);
#6977=ORIENTED_EDGE('',*,*,#5427,.T.);
#6978=ORIENTED_EDGE('',*,*,#5430,.T.);
#6979=ORIENTED_EDGE('',*,*,#5433,.T.);
#6980=ORIENTED_EDGE('',*,*,#5436,.T.);
#6981=ORIENTED_EDGE('',*,*,#5422,.T.);
#6982=ORIENTED_EDGE('',*,*,#5440,.T.);
#6983=ORIENTED_EDGE('',*,*,#5437,.T.);
#6984=ORIENTED_EDGE('',*,*,#5434,.T.);
#6985=ORIENTED_EDGE('',*,*,#5431,.T.);
#6986=ORIENTED_EDGE('',*,*,#5428,.T.);
#6987=ORIENTED_EDGE('',*,*,#5425,.T.);
#6988=ORIENTED_EDGE('',*,*,#5420,.T.);
#6989=ORIENTED_EDGE('',*,*,#5441,.F.);
#6990=ORIENTED_EDGE('',*,*,#5442,.T.);
#6991=ORIENTED_EDGE('',*,*,#5443,.F.);
#6992=ORIENTED_EDGE('',*,*,#5442,.F.);
#6993=ORIENTED_EDGE('',*,*,#5444,.F.);
#6994=ORIENTED_EDGE('',*,*,#5445,.T.);
#6995=ORIENTED_EDGE('',*,*,#5446,.F.);
#6996=ORIENTED_EDGE('',*,*,#5447,.F.);
#6997=ORIENTED_EDGE('',*,*,#5448,.F.);
#6998=ORIENTED_EDGE('',*,*,#5447,.T.);
#6999=ORIENTED_EDGE('',*,*,#5449,.F.);
#7000=ORIENTED_EDGE('',*,*,#5450,.F.);
#7001=ORIENTED_EDGE('',*,*,#5451,.F.);
#7002=ORIENTED_EDGE('',*,*,#5450,.T.);
#7003=ORIENTED_EDGE('',*,*,#5452,.F.);
#7004=ORIENTED_EDGE('',*,*,#5453,.F.);
#7005=ORIENTED_EDGE('',*,*,#5454,.F.);
#7006=ORIENTED_EDGE('',*,*,#5453,.T.);
#7007=ORIENTED_EDGE('',*,*,#5455,.F.);
#7008=ORIENTED_EDGE('',*,*,#5456,.F.);
#7009=ORIENTED_EDGE('',*,*,#5457,.F.);
#7010=ORIENTED_EDGE('',*,*,#5456,.T.);
#7011=ORIENTED_EDGE('',*,*,#5458,.F.);
#7012=ORIENTED_EDGE('',*,*,#5459,.F.);
#7013=ORIENTED_EDGE('',*,*,#5460,.F.);
#7014=ORIENTED_EDGE('',*,*,#5459,.T.);
#7015=ORIENTED_EDGE('',*,*,#5461,.F.);
#7016=ORIENTED_EDGE('',*,*,#5445,.F.);
#7017=ORIENTED_EDGE('',*,*,#5460,.T.);
#7018=ORIENTED_EDGE('',*,*,#5444,.T.);
#7019=ORIENTED_EDGE('',*,*,#5448,.T.);
#7020=ORIENTED_EDGE('',*,*,#5451,.T.);
#7021=ORIENTED_EDGE('',*,*,#5454,.T.);
#7022=ORIENTED_EDGE('',*,*,#5457,.T.);
#7023=ORIENTED_EDGE('',*,*,#5443,.T.);
#7024=ORIENTED_EDGE('',*,*,#5461,.T.);
#7025=ORIENTED_EDGE('',*,*,#5458,.T.);
#7026=ORIENTED_EDGE('',*,*,#5455,.T.);
#7027=ORIENTED_EDGE('',*,*,#5452,.T.);
#7028=ORIENTED_EDGE('',*,*,#5449,.T.);
#7029=ORIENTED_EDGE('',*,*,#5446,.T.);
#7030=ORIENTED_EDGE('',*,*,#5441,.T.);
#7031=ORIENTED_EDGE('',*,*,#5462,.F.);
#7032=ORIENTED_EDGE('',*,*,#5463,.T.);
#7033=ORIENTED_EDGE('',*,*,#5464,.F.);
#7034=ORIENTED_EDGE('',*,*,#5463,.F.);
#7035=ORIENTED_EDGE('',*,*,#5465,.F.);
#7036=ORIENTED_EDGE('',*,*,#5466,.T.);
#7037=ORIENTED_EDGE('',*,*,#5467,.F.);
#7038=ORIENTED_EDGE('',*,*,#5468,.F.);
#7039=ORIENTED_EDGE('',*,*,#5469,.F.);
#7040=ORIENTED_EDGE('',*,*,#5468,.T.);
#7041=ORIENTED_EDGE('',*,*,#5470,.F.);
#7042=ORIENTED_EDGE('',*,*,#5471,.F.);
#7043=ORIENTED_EDGE('',*,*,#5472,.F.);
#7044=ORIENTED_EDGE('',*,*,#5471,.T.);
#7045=ORIENTED_EDGE('',*,*,#5473,.F.);
#7046=ORIENTED_EDGE('',*,*,#5474,.F.);
#7047=ORIENTED_EDGE('',*,*,#5475,.F.);
#7048=ORIENTED_EDGE('',*,*,#5474,.T.);
#7049=ORIENTED_EDGE('',*,*,#5476,.F.);
#7050=ORIENTED_EDGE('',*,*,#5477,.F.);
#7051=ORIENTED_EDGE('',*,*,#5478,.F.);
#7052=ORIENTED_EDGE('',*,*,#5477,.T.);
#7053=ORIENTED_EDGE('',*,*,#5479,.F.);
#7054=ORIENTED_EDGE('',*,*,#5480,.F.);
#7055=ORIENTED_EDGE('',*,*,#5481,.F.);
#7056=ORIENTED_EDGE('',*,*,#5480,.T.);
#7057=ORIENTED_EDGE('',*,*,#5482,.F.);
#7058=ORIENTED_EDGE('',*,*,#5466,.F.);
#7059=ORIENTED_EDGE('',*,*,#5481,.T.);
#7060=ORIENTED_EDGE('',*,*,#5465,.T.);
#7061=ORIENTED_EDGE('',*,*,#5469,.T.);
#7062=ORIENTED_EDGE('',*,*,#5472,.T.);
#7063=ORIENTED_EDGE('',*,*,#5475,.T.);
#7064=ORIENTED_EDGE('',*,*,#5478,.T.);
#7065=ORIENTED_EDGE('',*,*,#5464,.T.);
#7066=ORIENTED_EDGE('',*,*,#5482,.T.);
#7067=ORIENTED_EDGE('',*,*,#5479,.T.);
#7068=ORIENTED_EDGE('',*,*,#5476,.T.);
#7069=ORIENTED_EDGE('',*,*,#5473,.T.);
#7070=ORIENTED_EDGE('',*,*,#5470,.T.);
#7071=ORIENTED_EDGE('',*,*,#5467,.T.);
#7072=ORIENTED_EDGE('',*,*,#5462,.T.);
#7073=ORIENTED_EDGE('',*,*,#5483,.F.);
#7074=ORIENTED_EDGE('',*,*,#5484,.T.);
#7075=ORIENTED_EDGE('',*,*,#5485,.F.);
#7076=ORIENTED_EDGE('',*,*,#5484,.F.);
#7077=ORIENTED_EDGE('',*,*,#5486,.F.);
#7078=ORIENTED_EDGE('',*,*,#5487,.T.);
#7079=ORIENTED_EDGE('',*,*,#5488,.F.);
#7080=ORIENTED_EDGE('',*,*,#5489,.F.);
#7081=ORIENTED_EDGE('',*,*,#5490,.F.);
#7082=ORIENTED_EDGE('',*,*,#5489,.T.);
#7083=ORIENTED_EDGE('',*,*,#5491,.F.);
#7084=ORIENTED_EDGE('',*,*,#5492,.F.);
#7085=ORIENTED_EDGE('',*,*,#5493,.F.);
#7086=ORIENTED_EDGE('',*,*,#5492,.T.);
#7087=ORIENTED_EDGE('',*,*,#5494,.F.);
#7088=ORIENTED_EDGE('',*,*,#5495,.F.);
#7089=ORIENTED_EDGE('',*,*,#5496,.F.);
#7090=ORIENTED_EDGE('',*,*,#5495,.T.);
#7091=ORIENTED_EDGE('',*,*,#5497,.F.);
#7092=ORIENTED_EDGE('',*,*,#5498,.F.);
#7093=ORIENTED_EDGE('',*,*,#5499,.F.);
#7094=ORIENTED_EDGE('',*,*,#5498,.T.);
#7095=ORIENTED_EDGE('',*,*,#5500,.F.);
#7096=ORIENTED_EDGE('',*,*,#5501,.F.);
#7097=ORIENTED_EDGE('',*,*,#5502,.F.);
#7098=ORIENTED_EDGE('',*,*,#5501,.T.);
#7099=ORIENTED_EDGE('',*,*,#5503,.F.);
#7100=ORIENTED_EDGE('',*,*,#5487,.F.);
#7101=ORIENTED_EDGE('',*,*,#5502,.T.);
#7102=ORIENTED_EDGE('',*,*,#5486,.T.);
#7103=ORIENTED_EDGE('',*,*,#5490,.T.);
#7104=ORIENTED_EDGE('',*,*,#5493,.T.);
#7105=ORIENTED_EDGE('',*,*,#5496,.T.);
#7106=ORIENTED_EDGE('',*,*,#5499,.T.);
#7107=ORIENTED_EDGE('',*,*,#5485,.T.);
#7108=ORIENTED_EDGE('',*,*,#5503,.T.);
#7109=ORIENTED_EDGE('',*,*,#5500,.T.);
#7110=ORIENTED_EDGE('',*,*,#5497,.T.);
#7111=ORIENTED_EDGE('',*,*,#5494,.T.);
#7112=ORIENTED_EDGE('',*,*,#5491,.T.);
#7113=ORIENTED_EDGE('',*,*,#5488,.T.);
#7114=ORIENTED_EDGE('',*,*,#5483,.T.);
#7115=ORIENTED_EDGE('',*,*,#5504,.F.);
#7116=ORIENTED_EDGE('',*,*,#5505,.T.);
#7117=ORIENTED_EDGE('',*,*,#5506,.F.);
#7118=ORIENTED_EDGE('',*,*,#5505,.F.);
#7119=ORIENTED_EDGE('',*,*,#5507,.F.);
#7120=ORIENTED_EDGE('',*,*,#5508,.T.);
#7121=ORIENTED_EDGE('',*,*,#5509,.F.);
#7122=ORIENTED_EDGE('',*,*,#5510,.F.);
#7123=ORIENTED_EDGE('',*,*,#5511,.F.);
#7124=ORIENTED_EDGE('',*,*,#5510,.T.);
#7125=ORIENTED_EDGE('',*,*,#5512,.F.);
#7126=ORIENTED_EDGE('',*,*,#5513,.F.);
#7127=ORIENTED_EDGE('',*,*,#5514,.F.);
#7128=ORIENTED_EDGE('',*,*,#5513,.T.);
#7129=ORIENTED_EDGE('',*,*,#5515,.F.);
#7130=ORIENTED_EDGE('',*,*,#5516,.F.);
#7131=ORIENTED_EDGE('',*,*,#5517,.F.);
#7132=ORIENTED_EDGE('',*,*,#5516,.T.);
#7133=ORIENTED_EDGE('',*,*,#5518,.F.);
#7134=ORIENTED_EDGE('',*,*,#5519,.F.);
#7135=ORIENTED_EDGE('',*,*,#5520,.F.);
#7136=ORIENTED_EDGE('',*,*,#5519,.T.);
#7137=ORIENTED_EDGE('',*,*,#5521,.F.);
#7138=ORIENTED_EDGE('',*,*,#5522,.F.);
#7139=ORIENTED_EDGE('',*,*,#5523,.F.);
#7140=ORIENTED_EDGE('',*,*,#5522,.T.);
#7141=ORIENTED_EDGE('',*,*,#5524,.F.);
#7142=ORIENTED_EDGE('',*,*,#5508,.F.);
#7143=ORIENTED_EDGE('',*,*,#5523,.T.);
#7144=ORIENTED_EDGE('',*,*,#5507,.T.);
#7145=ORIENTED_EDGE('',*,*,#5511,.T.);
#7146=ORIENTED_EDGE('',*,*,#5514,.T.);
#7147=ORIENTED_EDGE('',*,*,#5517,.T.);
#7148=ORIENTED_EDGE('',*,*,#5520,.T.);
#7149=ORIENTED_EDGE('',*,*,#5506,.T.);
#7150=ORIENTED_EDGE('',*,*,#5524,.T.);
#7151=ORIENTED_EDGE('',*,*,#5521,.T.);
#7152=ORIENTED_EDGE('',*,*,#5518,.T.);
#7153=ORIENTED_EDGE('',*,*,#5515,.T.);
#7154=ORIENTED_EDGE('',*,*,#5512,.T.);
#7155=ORIENTED_EDGE('',*,*,#5509,.T.);
#7156=ORIENTED_EDGE('',*,*,#5504,.T.);
#7157=ORIENTED_EDGE('',*,*,#5525,.F.);
#7158=ORIENTED_EDGE('',*,*,#5526,.T.);
#7159=ORIENTED_EDGE('',*,*,#5527,.F.);
#7160=ORIENTED_EDGE('',*,*,#5526,.F.);
#7161=ORIENTED_EDGE('',*,*,#5528,.F.);
#7162=ORIENTED_EDGE('',*,*,#5529,.T.);
#7163=ORIENTED_EDGE('',*,*,#5530,.F.);
#7164=ORIENTED_EDGE('',*,*,#5531,.F.);
#7165=ORIENTED_EDGE('',*,*,#5532,.F.);
#7166=ORIENTED_EDGE('',*,*,#5531,.T.);
#7167=ORIENTED_EDGE('',*,*,#5533,.F.);
#7168=ORIENTED_EDGE('',*,*,#5534,.F.);
#7169=ORIENTED_EDGE('',*,*,#5535,.F.);
#7170=ORIENTED_EDGE('',*,*,#5534,.T.);
#7171=ORIENTED_EDGE('',*,*,#5536,.F.);
#7172=ORIENTED_EDGE('',*,*,#5537,.F.);
#7173=ORIENTED_EDGE('',*,*,#5538,.F.);
#7174=ORIENTED_EDGE('',*,*,#5537,.T.);
#7175=ORIENTED_EDGE('',*,*,#5539,.F.);
#7176=ORIENTED_EDGE('',*,*,#5540,.F.);
#7177=ORIENTED_EDGE('',*,*,#5541,.F.);
#7178=ORIENTED_EDGE('',*,*,#5540,.T.);
#7179=ORIENTED_EDGE('',*,*,#5542,.F.);
#7180=ORIENTED_EDGE('',*,*,#5543,.F.);
#7181=ORIENTED_EDGE('',*,*,#5544,.F.);
#7182=ORIENTED_EDGE('',*,*,#5543,.T.);
#7183=ORIENTED_EDGE('',*,*,#5545,.F.);
#7184=ORIENTED_EDGE('',*,*,#5529,.F.);
#7185=ORIENTED_EDGE('',*,*,#5544,.T.);
#7186=ORIENTED_EDGE('',*,*,#5528,.T.);
#7187=ORIENTED_EDGE('',*,*,#5532,.T.);
#7188=ORIENTED_EDGE('',*,*,#5535,.T.);
#7189=ORIENTED_EDGE('',*,*,#5538,.T.);
#7190=ORIENTED_EDGE('',*,*,#5541,.T.);
#7191=ORIENTED_EDGE('',*,*,#5527,.T.);
#7192=ORIENTED_EDGE('',*,*,#5545,.T.);
#7193=ORIENTED_EDGE('',*,*,#5542,.T.);
#7194=ORIENTED_EDGE('',*,*,#5539,.T.);
#7195=ORIENTED_EDGE('',*,*,#5536,.T.);
#7196=ORIENTED_EDGE('',*,*,#5533,.T.);
#7197=ORIENTED_EDGE('',*,*,#5530,.T.);
#7198=ORIENTED_EDGE('',*,*,#5525,.T.);
#7199=ORIENTED_EDGE('',*,*,#5546,.F.);
#7200=ORIENTED_EDGE('',*,*,#5547,.T.);
#7201=ORIENTED_EDGE('',*,*,#5548,.F.);
#7202=ORIENTED_EDGE('',*,*,#5547,.F.);
#7203=ORIENTED_EDGE('',*,*,#5549,.F.);
#7204=ORIENTED_EDGE('',*,*,#5550,.T.);
#7205=ORIENTED_EDGE('',*,*,#5551,.F.);
#7206=ORIENTED_EDGE('',*,*,#5552,.F.);
#7207=ORIENTED_EDGE('',*,*,#5553,.F.);
#7208=ORIENTED_EDGE('',*,*,#5552,.T.);
#7209=ORIENTED_EDGE('',*,*,#5554,.F.);
#7210=ORIENTED_EDGE('',*,*,#5555,.F.);
#7211=ORIENTED_EDGE('',*,*,#5556,.F.);
#7212=ORIENTED_EDGE('',*,*,#5555,.T.);
#7213=ORIENTED_EDGE('',*,*,#5557,.F.);
#7214=ORIENTED_EDGE('',*,*,#5558,.F.);
#7215=ORIENTED_EDGE('',*,*,#5559,.F.);
#7216=ORIENTED_EDGE('',*,*,#5558,.T.);
#7217=ORIENTED_EDGE('',*,*,#5560,.F.);
#7218=ORIENTED_EDGE('',*,*,#5561,.F.);
#7219=ORIENTED_EDGE('',*,*,#5562,.F.);
#7220=ORIENTED_EDGE('',*,*,#5561,.T.);
#7221=ORIENTED_EDGE('',*,*,#5563,.F.);
#7222=ORIENTED_EDGE('',*,*,#5564,.F.);
#7223=ORIENTED_EDGE('',*,*,#5565,.F.);
#7224=ORIENTED_EDGE('',*,*,#5564,.T.);
#7225=ORIENTED_EDGE('',*,*,#5566,.F.);
#7226=ORIENTED_EDGE('',*,*,#5550,.F.);
#7227=ORIENTED_EDGE('',*,*,#5565,.T.);
#7228=ORIENTED_EDGE('',*,*,#5549,.T.);
#7229=ORIENTED_EDGE('',*,*,#5553,.T.);
#7230=ORIENTED_EDGE('',*,*,#5556,.T.);
#7231=ORIENTED_EDGE('',*,*,#5559,.T.);
#7232=ORIENTED_EDGE('',*,*,#5562,.T.);
#7233=ORIENTED_EDGE('',*,*,#5548,.T.);
#7234=ORIENTED_EDGE('',*,*,#5566,.T.);
#7235=ORIENTED_EDGE('',*,*,#5563,.T.);
#7236=ORIENTED_EDGE('',*,*,#5560,.T.);
#7237=ORIENTED_EDGE('',*,*,#5557,.T.);
#7238=ORIENTED_EDGE('',*,*,#5554,.T.);
#7239=ORIENTED_EDGE('',*,*,#5551,.T.);
#7240=ORIENTED_EDGE('',*,*,#5546,.T.);
#7241=ORIENTED_EDGE('',*,*,#5567,.F.);
#7242=ORIENTED_EDGE('',*,*,#5568,.T.);
#7243=ORIENTED_EDGE('',*,*,#5569,.F.);
#7244=ORIENTED_EDGE('',*,*,#5568,.F.);
#7245=ORIENTED_EDGE('',*,*,#5570,.F.);
#7246=ORIENTED_EDGE('',*,*,#5571,.T.);
#7247=ORIENTED_EDGE('',*,*,#5572,.F.);
#7248=ORIENTED_EDGE('',*,*,#5573,.F.);
#7249=ORIENTED_EDGE('',*,*,#5574,.F.);
#7250=ORIENTED_EDGE('',*,*,#5573,.T.);
#7251=ORIENTED_EDGE('',*,*,#5575,.F.);
#7252=ORIENTED_EDGE('',*,*,#5576,.F.);
#7253=ORIENTED_EDGE('',*,*,#5577,.F.);
#7254=ORIENTED_EDGE('',*,*,#5576,.T.);
#7255=ORIENTED_EDGE('',*,*,#5578,.F.);
#7256=ORIENTED_EDGE('',*,*,#5579,.F.);
#7257=ORIENTED_EDGE('',*,*,#5580,.F.);
#7258=ORIENTED_EDGE('',*,*,#5579,.T.);
#7259=ORIENTED_EDGE('',*,*,#5581,.F.);
#7260=ORIENTED_EDGE('',*,*,#5582,.F.);
#7261=ORIENTED_EDGE('',*,*,#5583,.F.);
#7262=ORIENTED_EDGE('',*,*,#5582,.T.);
#7263=ORIENTED_EDGE('',*,*,#5584,.F.);
#7264=ORIENTED_EDGE('',*,*,#5585,.F.);
#7265=ORIENTED_EDGE('',*,*,#5586,.F.);
#7266=ORIENTED_EDGE('',*,*,#5585,.T.);
#7267=ORIENTED_EDGE('',*,*,#5587,.F.);
#7268=ORIENTED_EDGE('',*,*,#5571,.F.);
#7269=ORIENTED_EDGE('',*,*,#5586,.T.);
#7270=ORIENTED_EDGE('',*,*,#5570,.T.);
#7271=ORIENTED_EDGE('',*,*,#5574,.T.);
#7272=ORIENTED_EDGE('',*,*,#5577,.T.);
#7273=ORIENTED_EDGE('',*,*,#5580,.T.);
#7274=ORIENTED_EDGE('',*,*,#5583,.T.);
#7275=ORIENTED_EDGE('',*,*,#5569,.T.);
#7276=ORIENTED_EDGE('',*,*,#5587,.T.);
#7277=ORIENTED_EDGE('',*,*,#5584,.T.);
#7278=ORIENTED_EDGE('',*,*,#5581,.T.);
#7279=ORIENTED_EDGE('',*,*,#5578,.T.);
#7280=ORIENTED_EDGE('',*,*,#5575,.T.);
#7281=ORIENTED_EDGE('',*,*,#5572,.T.);
#7282=ORIENTED_EDGE('',*,*,#5567,.T.);
#7283=ORIENTED_EDGE('',*,*,#5588,.F.);
#7284=ORIENTED_EDGE('',*,*,#5589,.T.);
#7285=ORIENTED_EDGE('',*,*,#5590,.F.);
#7286=ORIENTED_EDGE('',*,*,#5589,.F.);
#7287=ORIENTED_EDGE('',*,*,#5591,.F.);
#7288=ORIENTED_EDGE('',*,*,#5592,.T.);
#7289=ORIENTED_EDGE('',*,*,#5593,.F.);
#7290=ORIENTED_EDGE('',*,*,#5594,.F.);
#7291=ORIENTED_EDGE('',*,*,#5595,.F.);
#7292=ORIENTED_EDGE('',*,*,#5594,.T.);
#7293=ORIENTED_EDGE('',*,*,#5596,.F.);
#7294=ORIENTED_EDGE('',*,*,#5597,.F.);
#7295=ORIENTED_EDGE('',*,*,#5598,.F.);
#7296=ORIENTED_EDGE('',*,*,#5597,.T.);
#7297=ORIENTED_EDGE('',*,*,#5599,.F.);
#7298=ORIENTED_EDGE('',*,*,#5600,.F.);
#7299=ORIENTED_EDGE('',*,*,#5601,.F.);
#7300=ORIENTED_EDGE('',*,*,#5600,.T.);
#7301=ORIENTED_EDGE('',*,*,#5602,.F.);
#7302=ORIENTED_EDGE('',*,*,#5603,.F.);
#7303=ORIENTED_EDGE('',*,*,#5604,.F.);
#7304=ORIENTED_EDGE('',*,*,#5603,.T.);
#7305=ORIENTED_EDGE('',*,*,#5605,.F.);
#7306=ORIENTED_EDGE('',*,*,#5606,.F.);
#7307=ORIENTED_EDGE('',*,*,#5607,.F.);
#7308=ORIENTED_EDGE('',*,*,#5606,.T.);
#7309=ORIENTED_EDGE('',*,*,#5608,.F.);
#7310=ORIENTED_EDGE('',*,*,#5592,.F.);
#7311=ORIENTED_EDGE('',*,*,#5607,.T.);
#7312=ORIENTED_EDGE('',*,*,#5591,.T.);
#7313=ORIENTED_EDGE('',*,*,#5595,.T.);
#7314=ORIENTED_EDGE('',*,*,#5598,.T.);
#7315=ORIENTED_EDGE('',*,*,#5601,.T.);
#7316=ORIENTED_EDGE('',*,*,#5604,.T.);
#7317=ORIENTED_EDGE('',*,*,#5590,.T.);
#7318=ORIENTED_EDGE('',*,*,#5608,.T.);
#7319=ORIENTED_EDGE('',*,*,#5605,.T.);
#7320=ORIENTED_EDGE('',*,*,#5602,.T.);
#7321=ORIENTED_EDGE('',*,*,#5599,.T.);
#7322=ORIENTED_EDGE('',*,*,#5596,.T.);
#7323=ORIENTED_EDGE('',*,*,#5593,.T.);
#7324=ORIENTED_EDGE('',*,*,#5588,.T.);
#7325=ORIENTED_EDGE('',*,*,#5609,.F.);
#7326=ORIENTED_EDGE('',*,*,#5610,.T.);
#7327=ORIENTED_EDGE('',*,*,#5611,.F.);
#7328=ORIENTED_EDGE('',*,*,#5610,.F.);
#7329=ORIENTED_EDGE('',*,*,#5612,.F.);
#7330=ORIENTED_EDGE('',*,*,#5613,.T.);
#7331=ORIENTED_EDGE('',*,*,#5614,.F.);
#7332=ORIENTED_EDGE('',*,*,#5615,.F.);
#7333=ORIENTED_EDGE('',*,*,#5616,.F.);
#7334=ORIENTED_EDGE('',*,*,#5615,.T.);
#7335=ORIENTED_EDGE('',*,*,#5617,.F.);
#7336=ORIENTED_EDGE('',*,*,#5618,.F.);
#7337=ORIENTED_EDGE('',*,*,#5619,.F.);
#7338=ORIENTED_EDGE('',*,*,#5618,.T.);
#7339=ORIENTED_EDGE('',*,*,#5620,.F.);
#7340=ORIENTED_EDGE('',*,*,#5621,.F.);
#7341=ORIENTED_EDGE('',*,*,#5622,.F.);
#7342=ORIENTED_EDGE('',*,*,#5621,.T.);
#7343=ORIENTED_EDGE('',*,*,#5623,.F.);
#7344=ORIENTED_EDGE('',*,*,#5624,.F.);
#7345=ORIENTED_EDGE('',*,*,#5625,.F.);
#7346=ORIENTED_EDGE('',*,*,#5624,.T.);
#7347=ORIENTED_EDGE('',*,*,#5626,.F.);
#7348=ORIENTED_EDGE('',*,*,#5627,.F.);
#7349=ORIENTED_EDGE('',*,*,#5628,.F.);
#7350=ORIENTED_EDGE('',*,*,#5627,.T.);
#7351=ORIENTED_EDGE('',*,*,#5629,.F.);
#7352=ORIENTED_EDGE('',*,*,#5613,.F.);
#7353=ORIENTED_EDGE('',*,*,#5628,.T.);
#7354=ORIENTED_EDGE('',*,*,#5612,.T.);
#7355=ORIENTED_EDGE('',*,*,#5616,.T.);
#7356=ORIENTED_EDGE('',*,*,#5619,.T.);
#7357=ORIENTED_EDGE('',*,*,#5622,.T.);
#7358=ORIENTED_EDGE('',*,*,#5625,.T.);
#7359=ORIENTED_EDGE('',*,*,#5611,.T.);
#7360=ORIENTED_EDGE('',*,*,#5629,.T.);
#7361=ORIENTED_EDGE('',*,*,#5626,.T.);
#7362=ORIENTED_EDGE('',*,*,#5623,.T.);
#7363=ORIENTED_EDGE('',*,*,#5620,.T.);
#7364=ORIENTED_EDGE('',*,*,#5617,.T.);
#7365=ORIENTED_EDGE('',*,*,#5614,.T.);
#7366=ORIENTED_EDGE('',*,*,#5609,.T.);
#7367=ORIENTED_EDGE('',*,*,#5630,.F.);
#7368=ORIENTED_EDGE('',*,*,#5631,.T.);
#7369=ORIENTED_EDGE('',*,*,#5632,.F.);
#7370=ORIENTED_EDGE('',*,*,#5631,.F.);
#7371=ORIENTED_EDGE('',*,*,#5633,.F.);
#7372=ORIENTED_EDGE('',*,*,#5634,.T.);
#7373=ORIENTED_EDGE('',*,*,#5635,.F.);
#7374=ORIENTED_EDGE('',*,*,#5636,.F.);
#7375=ORIENTED_EDGE('',*,*,#5637,.F.);
#7376=ORIENTED_EDGE('',*,*,#5636,.T.);
#7377=ORIENTED_EDGE('',*,*,#5638,.F.);
#7378=ORIENTED_EDGE('',*,*,#5639,.F.);
#7379=ORIENTED_EDGE('',*,*,#5640,.F.);
#7380=ORIENTED_EDGE('',*,*,#5639,.T.);
#7381=ORIENTED_EDGE('',*,*,#5641,.F.);
#7382=ORIENTED_EDGE('',*,*,#5642,.F.);
#7383=ORIENTED_EDGE('',*,*,#5643,.F.);
#7384=ORIENTED_EDGE('',*,*,#5642,.T.);
#7385=ORIENTED_EDGE('',*,*,#5644,.F.);
#7386=ORIENTED_EDGE('',*,*,#5645,.F.);
#7387=ORIENTED_EDGE('',*,*,#5646,.F.);
#7388=ORIENTED_EDGE('',*,*,#5645,.T.);
#7389=ORIENTED_EDGE('',*,*,#5647,.F.);
#7390=ORIENTED_EDGE('',*,*,#5648,.F.);
#7391=ORIENTED_EDGE('',*,*,#5649,.F.);
#7392=ORIENTED_EDGE('',*,*,#5648,.T.);
#7393=ORIENTED_EDGE('',*,*,#5650,.F.);
#7394=ORIENTED_EDGE('',*,*,#5634,.F.);
#7395=ORIENTED_EDGE('',*,*,#5649,.T.);
#7396=ORIENTED_EDGE('',*,*,#5633,.T.);
#7397=ORIENTED_EDGE('',*,*,#5637,.T.);
#7398=ORIENTED_EDGE('',*,*,#5640,.T.);
#7399=ORIENTED_EDGE('',*,*,#5643,.T.);
#7400=ORIENTED_EDGE('',*,*,#5646,.T.);
#7401=ORIENTED_EDGE('',*,*,#5632,.T.);
#7402=ORIENTED_EDGE('',*,*,#5650,.T.);
#7403=ORIENTED_EDGE('',*,*,#5647,.T.);
#7404=ORIENTED_EDGE('',*,*,#5644,.T.);
#7405=ORIENTED_EDGE('',*,*,#5641,.T.);
#7406=ORIENTED_EDGE('',*,*,#5638,.T.);
#7407=ORIENTED_EDGE('',*,*,#5635,.T.);
#7408=ORIENTED_EDGE('',*,*,#5630,.T.);
#7409=ORIENTED_EDGE('',*,*,#5651,.F.);
#7410=ORIENTED_EDGE('',*,*,#5652,.T.);
#7411=ORIENTED_EDGE('',*,*,#5653,.F.);
#7412=ORIENTED_EDGE('',*,*,#5652,.F.);
#7413=ORIENTED_EDGE('',*,*,#5654,.F.);
#7414=ORIENTED_EDGE('',*,*,#5655,.T.);
#7415=ORIENTED_EDGE('',*,*,#5656,.F.);
#7416=ORIENTED_EDGE('',*,*,#5657,.F.);
#7417=ORIENTED_EDGE('',*,*,#5658,.F.);
#7418=ORIENTED_EDGE('',*,*,#5657,.T.);
#7419=ORIENTED_EDGE('',*,*,#5659,.F.);
#7420=ORIENTED_EDGE('',*,*,#5660,.F.);
#7421=ORIENTED_EDGE('',*,*,#5661,.F.);
#7422=ORIENTED_EDGE('',*,*,#5660,.T.);
#7423=ORIENTED_EDGE('',*,*,#5662,.F.);
#7424=ORIENTED_EDGE('',*,*,#5663,.F.);
#7425=ORIENTED_EDGE('',*,*,#5664,.F.);
#7426=ORIENTED_EDGE('',*,*,#5663,.T.);
#7427=ORIENTED_EDGE('',*,*,#5665,.F.);
#7428=ORIENTED_EDGE('',*,*,#5666,.F.);
#7429=ORIENTED_EDGE('',*,*,#5667,.F.);
#7430=ORIENTED_EDGE('',*,*,#5666,.T.);
#7431=ORIENTED_EDGE('',*,*,#5668,.F.);
#7432=ORIENTED_EDGE('',*,*,#5669,.F.);
#7433=ORIENTED_EDGE('',*,*,#5670,.F.);
#7434=ORIENTED_EDGE('',*,*,#5669,.T.);
#7435=ORIENTED_EDGE('',*,*,#5671,.F.);
#7436=ORIENTED_EDGE('',*,*,#5655,.F.);
#7437=ORIENTED_EDGE('',*,*,#5670,.T.);
#7438=ORIENTED_EDGE('',*,*,#5654,.T.);
#7439=ORIENTED_EDGE('',*,*,#5658,.T.);
#7440=ORIENTED_EDGE('',*,*,#5661,.T.);
#7441=ORIENTED_EDGE('',*,*,#5664,.T.);
#7442=ORIENTED_EDGE('',*,*,#5667,.T.);
#7443=ORIENTED_EDGE('',*,*,#5653,.T.);
#7444=ORIENTED_EDGE('',*,*,#5671,.T.);
#7445=ORIENTED_EDGE('',*,*,#5668,.T.);
#7446=ORIENTED_EDGE('',*,*,#5665,.T.);
#7447=ORIENTED_EDGE('',*,*,#5662,.T.);
#7448=ORIENTED_EDGE('',*,*,#5659,.T.);
#7449=ORIENTED_EDGE('',*,*,#5656,.T.);
#7450=ORIENTED_EDGE('',*,*,#5651,.T.);
#7451=ORIENTED_EDGE('',*,*,#5672,.F.);
#7452=ORIENTED_EDGE('',*,*,#5673,.T.);
#7453=ORIENTED_EDGE('',*,*,#5674,.F.);
#7454=ORIENTED_EDGE('',*,*,#5673,.F.);
#7455=ORIENTED_EDGE('',*,*,#5675,.F.);
#7456=ORIENTED_EDGE('',*,*,#5676,.T.);
#7457=ORIENTED_EDGE('',*,*,#5677,.F.);
#7458=ORIENTED_EDGE('',*,*,#5678,.F.);
#7459=ORIENTED_EDGE('',*,*,#5679,.F.);
#7460=ORIENTED_EDGE('',*,*,#5678,.T.);
#7461=ORIENTED_EDGE('',*,*,#5680,.F.);
#7462=ORIENTED_EDGE('',*,*,#5681,.F.);
#7463=ORIENTED_EDGE('',*,*,#5682,.F.);
#7464=ORIENTED_EDGE('',*,*,#5681,.T.);
#7465=ORIENTED_EDGE('',*,*,#5683,.F.);
#7466=ORIENTED_EDGE('',*,*,#5684,.F.);
#7467=ORIENTED_EDGE('',*,*,#5685,.F.);
#7468=ORIENTED_EDGE('',*,*,#5684,.T.);
#7469=ORIENTED_EDGE('',*,*,#5686,.F.);
#7470=ORIENTED_EDGE('',*,*,#5687,.F.);
#7471=ORIENTED_EDGE('',*,*,#5688,.F.);
#7472=ORIENTED_EDGE('',*,*,#5687,.T.);
#7473=ORIENTED_EDGE('',*,*,#5689,.F.);
#7474=ORIENTED_EDGE('',*,*,#5690,.F.);
#7475=ORIENTED_EDGE('',*,*,#5691,.F.);
#7476=ORIENTED_EDGE('',*,*,#5690,.T.);
#7477=ORIENTED_EDGE('',*,*,#5692,.F.);
#7478=ORIENTED_EDGE('',*,*,#5676,.F.);
#7479=ORIENTED_EDGE('',*,*,#5691,.T.);
#7480=ORIENTED_EDGE('',*,*,#5675,.T.);
#7481=ORIENTED_EDGE('',*,*,#5679,.T.);
#7482=ORIENTED_EDGE('',*,*,#5682,.T.);
#7483=ORIENTED_EDGE('',*,*,#5685,.T.);
#7484=ORIENTED_EDGE('',*,*,#5688,.T.);
#7485=ORIENTED_EDGE('',*,*,#5674,.T.);
#7486=ORIENTED_EDGE('',*,*,#5692,.T.);
#7487=ORIENTED_EDGE('',*,*,#5689,.T.);
#7488=ORIENTED_EDGE('',*,*,#5686,.T.);
#7489=ORIENTED_EDGE('',*,*,#5683,.T.);
#7490=ORIENTED_EDGE('',*,*,#5680,.T.);
#7491=ORIENTED_EDGE('',*,*,#5677,.T.);
#7492=ORIENTED_EDGE('',*,*,#5672,.T.);
#7493=ORIENTED_EDGE('',*,*,#5693,.F.);
#7494=ORIENTED_EDGE('',*,*,#5694,.T.);
#7495=ORIENTED_EDGE('',*,*,#5695,.F.);
#7496=ORIENTED_EDGE('',*,*,#5694,.F.);
#7497=ORIENTED_EDGE('',*,*,#5696,.F.);
#7498=ORIENTED_EDGE('',*,*,#5697,.T.);
#7499=ORIENTED_EDGE('',*,*,#5698,.F.);
#7500=ORIENTED_EDGE('',*,*,#5699,.F.);
#7501=ORIENTED_EDGE('',*,*,#5700,.F.);
#7502=ORIENTED_EDGE('',*,*,#5699,.T.);
#7503=ORIENTED_EDGE('',*,*,#5701,.F.);
#7504=ORIENTED_EDGE('',*,*,#5702,.F.);
#7505=ORIENTED_EDGE('',*,*,#5703,.F.);
#7506=ORIENTED_EDGE('',*,*,#5702,.T.);
#7507=ORIENTED_EDGE('',*,*,#5704,.F.);
#7508=ORIENTED_EDGE('',*,*,#5705,.F.);
#7509=ORIENTED_EDGE('',*,*,#5706,.F.);
#7510=ORIENTED_EDGE('',*,*,#5705,.T.);
#7511=ORIENTED_EDGE('',*,*,#5707,.F.);
#7512=ORIENTED_EDGE('',*,*,#5708,.F.);
#7513=ORIENTED_EDGE('',*,*,#5709,.F.);
#7514=ORIENTED_EDGE('',*,*,#5708,.T.);
#7515=ORIENTED_EDGE('',*,*,#5710,.F.);
#7516=ORIENTED_EDGE('',*,*,#5711,.F.);
#7517=ORIENTED_EDGE('',*,*,#5712,.F.);
#7518=ORIENTED_EDGE('',*,*,#5711,.T.);
#7519=ORIENTED_EDGE('',*,*,#5713,.F.);
#7520=ORIENTED_EDGE('',*,*,#5697,.F.);
#7521=ORIENTED_EDGE('',*,*,#5712,.T.);
#7522=ORIENTED_EDGE('',*,*,#5696,.T.);
#7523=ORIENTED_EDGE('',*,*,#5700,.T.);
#7524=ORIENTED_EDGE('',*,*,#5703,.T.);
#7525=ORIENTED_EDGE('',*,*,#5706,.T.);
#7526=ORIENTED_EDGE('',*,*,#5709,.T.);
#7527=ORIENTED_EDGE('',*,*,#5695,.T.);
#7528=ORIENTED_EDGE('',*,*,#5713,.T.);
#7529=ORIENTED_EDGE('',*,*,#5710,.T.);
#7530=ORIENTED_EDGE('',*,*,#5707,.T.);
#7531=ORIENTED_EDGE('',*,*,#5704,.T.);
#7532=ORIENTED_EDGE('',*,*,#5701,.T.);
#7533=ORIENTED_EDGE('',*,*,#5698,.T.);
#7534=ORIENTED_EDGE('',*,*,#5693,.T.);
#7535=ORIENTED_EDGE('',*,*,#5714,.F.);
#7536=ORIENTED_EDGE('',*,*,#5715,.T.);
#7537=ORIENTED_EDGE('',*,*,#5716,.F.);
#7538=ORIENTED_EDGE('',*,*,#5715,.F.);
#7539=ORIENTED_EDGE('',*,*,#5717,.F.);
#7540=ORIENTED_EDGE('',*,*,#5718,.T.);
#7541=ORIENTED_EDGE('',*,*,#5719,.F.);
#7542=ORIENTED_EDGE('',*,*,#5720,.F.);
#7543=ORIENTED_EDGE('',*,*,#5721,.F.);
#7544=ORIENTED_EDGE('',*,*,#5720,.T.);
#7545=ORIENTED_EDGE('',*,*,#5722,.F.);
#7546=ORIENTED_EDGE('',*,*,#5723,.F.);
#7547=ORIENTED_EDGE('',*,*,#5724,.F.);
#7548=ORIENTED_EDGE('',*,*,#5723,.T.);
#7549=ORIENTED_EDGE('',*,*,#5725,.F.);
#7550=ORIENTED_EDGE('',*,*,#5726,.F.);
#7551=ORIENTED_EDGE('',*,*,#5727,.F.);
#7552=ORIENTED_EDGE('',*,*,#5726,.T.);
#7553=ORIENTED_EDGE('',*,*,#5728,.F.);
#7554=ORIENTED_EDGE('',*,*,#5729,.F.);
#7555=ORIENTED_EDGE('',*,*,#5730,.F.);
#7556=ORIENTED_EDGE('',*,*,#5729,.T.);
#7557=ORIENTED_EDGE('',*,*,#5731,.F.);
#7558=ORIENTED_EDGE('',*,*,#5732,.F.);
#7559=ORIENTED_EDGE('',*,*,#5733,.F.);
#7560=ORIENTED_EDGE('',*,*,#5732,.T.);
#7561=ORIENTED_EDGE('',*,*,#5734,.F.);
#7562=ORIENTED_EDGE('',*,*,#5718,.F.);
#7563=ORIENTED_EDGE('',*,*,#5733,.T.);
#7564=ORIENTED_EDGE('',*,*,#5717,.T.);
#7565=ORIENTED_EDGE('',*,*,#5721,.T.);
#7566=ORIENTED_EDGE('',*,*,#5724,.T.);
#7567=ORIENTED_EDGE('',*,*,#5727,.T.);
#7568=ORIENTED_EDGE('',*,*,#5730,.T.);
#7569=ORIENTED_EDGE('',*,*,#5716,.T.);
#7570=ORIENTED_EDGE('',*,*,#5734,.T.);
#7571=ORIENTED_EDGE('',*,*,#5731,.T.);
#7572=ORIENTED_EDGE('',*,*,#5728,.T.);
#7573=ORIENTED_EDGE('',*,*,#5725,.T.);
#7574=ORIENTED_EDGE('',*,*,#5722,.T.);
#7575=ORIENTED_EDGE('',*,*,#5719,.T.);
#7576=ORIENTED_EDGE('',*,*,#5714,.T.);
#7577=ORIENTED_EDGE('',*,*,#5735,.F.);
#7578=ORIENTED_EDGE('',*,*,#5736,.T.);
#7579=ORIENTED_EDGE('',*,*,#5737,.F.);
#7580=ORIENTED_EDGE('',*,*,#5736,.F.);
#7581=ORIENTED_EDGE('',*,*,#5738,.F.);
#7582=ORIENTED_EDGE('',*,*,#5739,.T.);
#7583=ORIENTED_EDGE('',*,*,#5740,.F.);
#7584=ORIENTED_EDGE('',*,*,#5741,.F.);
#7585=ORIENTED_EDGE('',*,*,#5742,.F.);
#7586=ORIENTED_EDGE('',*,*,#5741,.T.);
#7587=ORIENTED_EDGE('',*,*,#5743,.F.);
#7588=ORIENTED_EDGE('',*,*,#5744,.F.);
#7589=ORIENTED_EDGE('',*,*,#5745,.F.);
#7590=ORIENTED_EDGE('',*,*,#5744,.T.);
#7591=ORIENTED_EDGE('',*,*,#5746,.F.);
#7592=ORIENTED_EDGE('',*,*,#5747,.F.);
#7593=ORIENTED_EDGE('',*,*,#5748,.F.);
#7594=ORIENTED_EDGE('',*,*,#5747,.T.);
#7595=ORIENTED_EDGE('',*,*,#5749,.F.);
#7596=ORIENTED_EDGE('',*,*,#5750,.F.);
#7597=ORIENTED_EDGE('',*,*,#5751,.F.);
#7598=ORIENTED_EDGE('',*,*,#5750,.T.);
#7599=ORIENTED_EDGE('',*,*,#5752,.F.);
#7600=ORIENTED_EDGE('',*,*,#5753,.F.);
#7601=ORIENTED_EDGE('',*,*,#5754,.F.);
#7602=ORIENTED_EDGE('',*,*,#5753,.T.);
#7603=ORIENTED_EDGE('',*,*,#5755,.F.);
#7604=ORIENTED_EDGE('',*,*,#5739,.F.);
#7605=ORIENTED_EDGE('',*,*,#5754,.T.);
#7606=ORIENTED_EDGE('',*,*,#5738,.T.);
#7607=ORIENTED_EDGE('',*,*,#5742,.T.);
#7608=ORIENTED_EDGE('',*,*,#5745,.T.);
#7609=ORIENTED_EDGE('',*,*,#5748,.T.);
#7610=ORIENTED_EDGE('',*,*,#5751,.T.);
#7611=ORIENTED_EDGE('',*,*,#5737,.T.);
#7612=ORIENTED_EDGE('',*,*,#5755,.T.);
#7613=ORIENTED_EDGE('',*,*,#5752,.T.);
#7614=ORIENTED_EDGE('',*,*,#5749,.T.);
#7615=ORIENTED_EDGE('',*,*,#5746,.T.);
#7616=ORIENTED_EDGE('',*,*,#5743,.T.);
#7617=ORIENTED_EDGE('',*,*,#5740,.T.);
#7618=ORIENTED_EDGE('',*,*,#5735,.T.);
#7619=ORIENTED_EDGE('',*,*,#5756,.F.);
#7620=ORIENTED_EDGE('',*,*,#5757,.T.);
#7621=ORIENTED_EDGE('',*,*,#5758,.F.);
#7622=ORIENTED_EDGE('',*,*,#5757,.F.);
#7623=ORIENTED_EDGE('',*,*,#5759,.F.);
#7624=ORIENTED_EDGE('',*,*,#5760,.T.);
#7625=ORIENTED_EDGE('',*,*,#5761,.F.);
#7626=ORIENTED_EDGE('',*,*,#5762,.F.);
#7627=ORIENTED_EDGE('',*,*,#5763,.F.);
#7628=ORIENTED_EDGE('',*,*,#5762,.T.);
#7629=ORIENTED_EDGE('',*,*,#5764,.F.);
#7630=ORIENTED_EDGE('',*,*,#5765,.F.);
#7631=ORIENTED_EDGE('',*,*,#5766,.F.);
#7632=ORIENTED_EDGE('',*,*,#5765,.T.);
#7633=ORIENTED_EDGE('',*,*,#5767,.F.);
#7634=ORIENTED_EDGE('',*,*,#5768,.F.);
#7635=ORIENTED_EDGE('',*,*,#5769,.F.);
#7636=ORIENTED_EDGE('',*,*,#5768,.T.);
#7637=ORIENTED_EDGE('',*,*,#5770,.F.);
#7638=ORIENTED_EDGE('',*,*,#5771,.F.);
#7639=ORIENTED_EDGE('',*,*,#5772,.F.);
#7640=ORIENTED_EDGE('',*,*,#5771,.T.);
#7641=ORIENTED_EDGE('',*,*,#5773,.F.);
#7642=ORIENTED_EDGE('',*,*,#5774,.F.);
#7643=ORIENTED_EDGE('',*,*,#5775,.F.);
#7644=ORIENTED_EDGE('',*,*,#5774,.T.);
#7645=ORIENTED_EDGE('',*,*,#5776,.F.);
#7646=ORIENTED_EDGE('',*,*,#5760,.F.);
#7647=ORIENTED_EDGE('',*,*,#5775,.T.);
#7648=ORIENTED_EDGE('',*,*,#5759,.T.);
#7649=ORIENTED_EDGE('',*,*,#5763,.T.);
#7650=ORIENTED_EDGE('',*,*,#5766,.T.);
#7651=ORIENTED_EDGE('',*,*,#5769,.T.);
#7652=ORIENTED_EDGE('',*,*,#5772,.T.);
#7653=ORIENTED_EDGE('',*,*,#5758,.T.);
#7654=ORIENTED_EDGE('',*,*,#5776,.T.);
#7655=ORIENTED_EDGE('',*,*,#5773,.T.);
#7656=ORIENTED_EDGE('',*,*,#5770,.T.);
#7657=ORIENTED_EDGE('',*,*,#5767,.T.);
#7658=ORIENTED_EDGE('',*,*,#5764,.T.);
#7659=ORIENTED_EDGE('',*,*,#5761,.T.);
#7660=ORIENTED_EDGE('',*,*,#5756,.T.);
#7661=ORIENTED_EDGE('',*,*,#5777,.F.);
#7662=ORIENTED_EDGE('',*,*,#5778,.T.);
#7663=ORIENTED_EDGE('',*,*,#5779,.F.);
#7664=ORIENTED_EDGE('',*,*,#5778,.F.);
#7665=ORIENTED_EDGE('',*,*,#5780,.F.);
#7666=ORIENTED_EDGE('',*,*,#5781,.T.);
#7667=ORIENTED_EDGE('',*,*,#5782,.F.);
#7668=ORIENTED_EDGE('',*,*,#5783,.F.);
#7669=ORIENTED_EDGE('',*,*,#5784,.F.);
#7670=ORIENTED_EDGE('',*,*,#5783,.T.);
#7671=ORIENTED_EDGE('',*,*,#5785,.F.);
#7672=ORIENTED_EDGE('',*,*,#5786,.F.);
#7673=ORIENTED_EDGE('',*,*,#5787,.F.);
#7674=ORIENTED_EDGE('',*,*,#5786,.T.);
#7675=ORIENTED_EDGE('',*,*,#5788,.F.);
#7676=ORIENTED_EDGE('',*,*,#5789,.F.);
#7677=ORIENTED_EDGE('',*,*,#5790,.F.);
#7678=ORIENTED_EDGE('',*,*,#5789,.T.);
#7679=ORIENTED_EDGE('',*,*,#5791,.F.);
#7680=ORIENTED_EDGE('',*,*,#5792,.F.);
#7681=ORIENTED_EDGE('',*,*,#5793,.F.);
#7682=ORIENTED_EDGE('',*,*,#5792,.T.);
#7683=ORIENTED_EDGE('',*,*,#5794,.F.);
#7684=ORIENTED_EDGE('',*,*,#5795,.F.);
#7685=ORIENTED_EDGE('',*,*,#5796,.F.);
#7686=ORIENTED_EDGE('',*,*,#5795,.T.);
#7687=ORIENTED_EDGE('',*,*,#5797,.F.);
#7688=ORIENTED_EDGE('',*,*,#5781,.F.);
#7689=ORIENTED_EDGE('',*,*,#5796,.T.);
#7690=ORIENTED_EDGE('',*,*,#5780,.T.);
#7691=ORIENTED_EDGE('',*,*,#5784,.T.);
#7692=ORIENTED_EDGE('',*,*,#5787,.T.);
#7693=ORIENTED_EDGE('',*,*,#5790,.T.);
#7694=ORIENTED_EDGE('',*,*,#5793,.T.);
#7695=ORIENTED_EDGE('',*,*,#5779,.T.);
#7696=ORIENTED_EDGE('',*,*,#5797,.T.);
#7697=ORIENTED_EDGE('',*,*,#5794,.T.);
#7698=ORIENTED_EDGE('',*,*,#5791,.T.);
#7699=ORIENTED_EDGE('',*,*,#5788,.T.);
#7700=ORIENTED_EDGE('',*,*,#5785,.T.);
#7701=ORIENTED_EDGE('',*,*,#5782,.T.);
#7702=ORIENTED_EDGE('',*,*,#5777,.T.);
#7703=ORIENTED_EDGE('',*,*,#5798,.F.);
#7704=ORIENTED_EDGE('',*,*,#5799,.T.);
#7705=ORIENTED_EDGE('',*,*,#5800,.F.);
#7706=ORIENTED_EDGE('',*,*,#5799,.F.);
#7707=ORIENTED_EDGE('',*,*,#5801,.F.);
#7708=ORIENTED_EDGE('',*,*,#5802,.T.);
#7709=ORIENTED_EDGE('',*,*,#5803,.F.);
#7710=ORIENTED_EDGE('',*,*,#5804,.F.);
#7711=ORIENTED_EDGE('',*,*,#5805,.F.);
#7712=ORIENTED_EDGE('',*,*,#5804,.T.);
#7713=ORIENTED_EDGE('',*,*,#5806,.F.);
#7714=ORIENTED_EDGE('',*,*,#5807,.F.);
#7715=ORIENTED_EDGE('',*,*,#5808,.F.);
#7716=ORIENTED_EDGE('',*,*,#5807,.T.);
#7717=ORIENTED_EDGE('',*,*,#5809,.F.);
#7718=ORIENTED_EDGE('',*,*,#5810,.F.);
#7719=ORIENTED_EDGE('',*,*,#5811,.F.);
#7720=ORIENTED_EDGE('',*,*,#5810,.T.);
#7721=ORIENTED_EDGE('',*,*,#5812,.F.);
#7722=ORIENTED_EDGE('',*,*,#5813,.F.);
#7723=ORIENTED_EDGE('',*,*,#5814,.F.);
#7724=ORIENTED_EDGE('',*,*,#5813,.T.);
#7725=ORIENTED_EDGE('',*,*,#5815,.F.);
#7726=ORIENTED_EDGE('',*,*,#5816,.F.);
#7727=ORIENTED_EDGE('',*,*,#5817,.F.);
#7728=ORIENTED_EDGE('',*,*,#5816,.T.);
#7729=ORIENTED_EDGE('',*,*,#5818,.F.);
#7730=ORIENTED_EDGE('',*,*,#5802,.F.);
#7731=ORIENTED_EDGE('',*,*,#5817,.T.);
#7732=ORIENTED_EDGE('',*,*,#5801,.T.);
#7733=ORIENTED_EDGE('',*,*,#5805,.T.);
#7734=ORIENTED_EDGE('',*,*,#5808,.T.);
#7735=ORIENTED_EDGE('',*,*,#5811,.T.);
#7736=ORIENTED_EDGE('',*,*,#5814,.T.);
#7737=ORIENTED_EDGE('',*,*,#5800,.T.);
#7738=ORIENTED_EDGE('',*,*,#5818,.T.);
#7739=ORIENTED_EDGE('',*,*,#5815,.T.);
#7740=ORIENTED_EDGE('',*,*,#5812,.T.);
#7741=ORIENTED_EDGE('',*,*,#5809,.T.);
#7742=ORIENTED_EDGE('',*,*,#5806,.T.);
#7743=ORIENTED_EDGE('',*,*,#5803,.T.);
#7744=ORIENTED_EDGE('',*,*,#5798,.T.);
#7745=ORIENTED_EDGE('',*,*,#5819,.F.);
#7746=ORIENTED_EDGE('',*,*,#5820,.T.);
#7747=ORIENTED_EDGE('',*,*,#5821,.F.);
#7748=ORIENTED_EDGE('',*,*,#5820,.F.);
#7749=ORIENTED_EDGE('',*,*,#5822,.F.);
#7750=ORIENTED_EDGE('',*,*,#5823,.T.);
#7751=ORIENTED_EDGE('',*,*,#5824,.F.);
#7752=ORIENTED_EDGE('',*,*,#5825,.F.);
#7753=ORIENTED_EDGE('',*,*,#5826,.F.);
#7754=ORIENTED_EDGE('',*,*,#5825,.T.);
#7755=ORIENTED_EDGE('',*,*,#5827,.F.);
#7756=ORIENTED_EDGE('',*,*,#5828,.F.);
#7757=ORIENTED_EDGE('',*,*,#5829,.F.);
#7758=ORIENTED_EDGE('',*,*,#5828,.T.);
#7759=ORIENTED_EDGE('',*,*,#5830,.F.);
#7760=ORIENTED_EDGE('',*,*,#5831,.F.);
#7761=ORIENTED_EDGE('',*,*,#5832,.F.);
#7762=ORIENTED_EDGE('',*,*,#5831,.T.);
#7763=ORIENTED_EDGE('',*,*,#5833,.F.);
#7764=ORIENTED_EDGE('',*,*,#5834,.F.);
#7765=ORIENTED_EDGE('',*,*,#5835,.F.);
#7766=ORIENTED_EDGE('',*,*,#5834,.T.);
#7767=ORIENTED_EDGE('',*,*,#5836,.F.);
#7768=ORIENTED_EDGE('',*,*,#5837,.F.);
#7769=ORIENTED_EDGE('',*,*,#5838,.F.);
#7770=ORIENTED_EDGE('',*,*,#5837,.T.);
#7771=ORIENTED_EDGE('',*,*,#5839,.F.);
#7772=ORIENTED_EDGE('',*,*,#5823,.F.);
#7773=ORIENTED_EDGE('',*,*,#5838,.T.);
#7774=ORIENTED_EDGE('',*,*,#5822,.T.);
#7775=ORIENTED_EDGE('',*,*,#5826,.T.);
#7776=ORIENTED_EDGE('',*,*,#5829,.T.);
#7777=ORIENTED_EDGE('',*,*,#5832,.T.);
#7778=ORIENTED_EDGE('',*,*,#5835,.T.);
#7779=ORIENTED_EDGE('',*,*,#5821,.T.);
#7780=ORIENTED_EDGE('',*,*,#5839,.T.);
#7781=ORIENTED_EDGE('',*,*,#5836,.T.);
#7782=ORIENTED_EDGE('',*,*,#5833,.T.);
#7783=ORIENTED_EDGE('',*,*,#5830,.T.);
#7784=ORIENTED_EDGE('',*,*,#5827,.T.);
#7785=ORIENTED_EDGE('',*,*,#5824,.T.);
#7786=ORIENTED_EDGE('',*,*,#5819,.T.);
#7787=ORIENTED_EDGE('',*,*,#5840,.F.);
#7788=ORIENTED_EDGE('',*,*,#5841,.T.);
#7789=ORIENTED_EDGE('',*,*,#5842,.F.);
#7790=ORIENTED_EDGE('',*,*,#5841,.F.);
#7791=ORIENTED_EDGE('',*,*,#5843,.F.);
#7792=ORIENTED_EDGE('',*,*,#5844,.T.);
#7793=ORIENTED_EDGE('',*,*,#5845,.F.);
#7794=ORIENTED_EDGE('',*,*,#5846,.F.);
#7795=ORIENTED_EDGE('',*,*,#5847,.F.);
#7796=ORIENTED_EDGE('',*,*,#5846,.T.);
#7797=ORIENTED_EDGE('',*,*,#5848,.F.);
#7798=ORIENTED_EDGE('',*,*,#5849,.F.);
#7799=ORIENTED_EDGE('',*,*,#5850,.F.);
#7800=ORIENTED_EDGE('',*,*,#5849,.T.);
#7801=ORIENTED_EDGE('',*,*,#5851,.F.);
#7802=ORIENTED_EDGE('',*,*,#5852,.F.);
#7803=ORIENTED_EDGE('',*,*,#5853,.F.);
#7804=ORIENTED_EDGE('',*,*,#5852,.T.);
#7805=ORIENTED_EDGE('',*,*,#5854,.F.);
#7806=ORIENTED_EDGE('',*,*,#5855,.F.);
#7807=ORIENTED_EDGE('',*,*,#5856,.F.);
#7808=ORIENTED_EDGE('',*,*,#5855,.T.);
#7809=ORIENTED_EDGE('',*,*,#5857,.F.);
#7810=ORIENTED_EDGE('',*,*,#5858,.F.);
#7811=ORIENTED_EDGE('',*,*,#5859,.F.);
#7812=ORIENTED_EDGE('',*,*,#5858,.T.);
#7813=ORIENTED_EDGE('',*,*,#5860,.F.);
#7814=ORIENTED_EDGE('',*,*,#5844,.F.);
#7815=ORIENTED_EDGE('',*,*,#5859,.T.);
#7816=ORIENTED_EDGE('',*,*,#5843,.T.);
#7817=ORIENTED_EDGE('',*,*,#5847,.T.);
#7818=ORIENTED_EDGE('',*,*,#5850,.T.);
#7819=ORIENTED_EDGE('',*,*,#5853,.T.);
#7820=ORIENTED_EDGE('',*,*,#5856,.T.);
#7821=ORIENTED_EDGE('',*,*,#5842,.T.);
#7822=ORIENTED_EDGE('',*,*,#5860,.T.);
#7823=ORIENTED_EDGE('',*,*,#5857,.T.);
#7824=ORIENTED_EDGE('',*,*,#5854,.T.);
#7825=ORIENTED_EDGE('',*,*,#5851,.T.);
#7826=ORIENTED_EDGE('',*,*,#5848,.T.);
#7827=ORIENTED_EDGE('',*,*,#5845,.T.);
#7828=ORIENTED_EDGE('',*,*,#5840,.T.);
#7829=ORIENTED_EDGE('',*,*,#5861,.F.);
#7830=ORIENTED_EDGE('',*,*,#5862,.T.);
#7831=ORIENTED_EDGE('',*,*,#5863,.F.);
#7832=ORIENTED_EDGE('',*,*,#5862,.F.);
#7833=ORIENTED_EDGE('',*,*,#5864,.F.);
#7834=ORIENTED_EDGE('',*,*,#5865,.T.);
#7835=ORIENTED_EDGE('',*,*,#5866,.F.);
#7836=ORIENTED_EDGE('',*,*,#5865,.F.);
#7837=ORIENTED_EDGE('',*,*,#5867,.F.);
#7838=ORIENTED_EDGE('',*,*,#5868,.T.);
#7839=ORIENTED_EDGE('',*,*,#5869,.F.);
#7840=ORIENTED_EDGE('',*,*,#5868,.F.);
#7841=ORIENTED_EDGE('',*,*,#5870,.F.);
#7842=ORIENTED_EDGE('',*,*,#5871,.T.);
#7843=ORIENTED_EDGE('',*,*,#5872,.F.);
#7844=ORIENTED_EDGE('',*,*,#5871,.F.);
#7845=ORIENTED_EDGE('',*,*,#5873,.F.);
#7846=ORIENTED_EDGE('',*,*,#5874,.T.);
#7847=ORIENTED_EDGE('',*,*,#5875,.F.);
#7848=ORIENTED_EDGE('',*,*,#5874,.F.);
#7849=ORIENTED_EDGE('',*,*,#5876,.F.);
#7850=ORIENTED_EDGE('',*,*,#5877,.F.);
#7851=ORIENTED_EDGE('',*,*,#5878,.F.);
#7852=ORIENTED_EDGE('',*,*,#5879,.F.);
#7853=ORIENTED_EDGE('',*,*,#5880,.T.);
#7854=ORIENTED_EDGE('',*,*,#5881,.F.);
#7855=ORIENTED_EDGE('',*,*,#5882,.F.);
#7856=ORIENTED_EDGE('',*,*,#5883,.F.);
#7857=ORIENTED_EDGE('',*,*,#5884,.T.);
#7858=ORIENTED_EDGE('',*,*,#5885,.F.);
#7859=ORIENTED_EDGE('',*,*,#5880,.F.);
#7860=ORIENTED_EDGE('',*,*,#5886,.F.);
#7861=ORIENTED_EDGE('',*,*,#5884,.F.);
#7862=ORIENTED_EDGE('',*,*,#5887,.F.);
#7863=ORIENTED_EDGE('',*,*,#5888,.F.);
#7864=ORIENTED_EDGE('',*,*,#5889,.F.);
#7865=ORIENTED_EDGE('',*,*,#5890,.T.);
#7866=ORIENTED_EDGE('',*,*,#5891,.F.);
#7867=ORIENTED_EDGE('',*,*,#5892,.F.);
#7868=ORIENTED_EDGE('',*,*,#5893,.F.);
#7869=ORIENTED_EDGE('',*,*,#5894,.T.);
#7870=ORIENTED_EDGE('',*,*,#5895,.F.);
#7871=ORIENTED_EDGE('',*,*,#5890,.F.);
#7872=ORIENTED_EDGE('',*,*,#5896,.F.);
#7873=ORIENTED_EDGE('',*,*,#5894,.F.);
#7874=ORIENTED_EDGE('',*,*,#5897,.F.);
#7875=ORIENTED_EDGE('',*,*,#5898,.F.);
#7876=ORIENTED_EDGE('',*,*,#5899,.F.);
#7877=ORIENTED_EDGE('',*,*,#5900,.T.);
#7878=ORIENTED_EDGE('',*,*,#5901,.F.);
#7879=ORIENTED_EDGE('',*,*,#5902,.F.);
#7880=ORIENTED_EDGE('',*,*,#5903,.F.);
#7881=ORIENTED_EDGE('',*,*,#5904,.T.);
#7882=ORIENTED_EDGE('',*,*,#5905,.F.);
#7883=ORIENTED_EDGE('',*,*,#5900,.F.);
#7884=ORIENTED_EDGE('',*,*,#5906,.F.);
#7885=ORIENTED_EDGE('',*,*,#5904,.F.);
#7886=ORIENTED_EDGE('',*,*,#5907,.F.);
#7887=ORIENTED_EDGE('',*,*,#5908,.F.);
#7888=ORIENTED_EDGE('',*,*,#5909,.F.);
#7889=ORIENTED_EDGE('',*,*,#5910,.T.);
#7890=ORIENTED_EDGE('',*,*,#5911,.F.);
#7891=ORIENTED_EDGE('',*,*,#5912,.F.);
#7892=ORIENTED_EDGE('',*,*,#5913,.F.);
#7893=ORIENTED_EDGE('',*,*,#5914,.T.);
#7894=ORIENTED_EDGE('',*,*,#5915,.F.);
#7895=ORIENTED_EDGE('',*,*,#5910,.F.);
#7896=ORIENTED_EDGE('',*,*,#5916,.F.);
#7897=ORIENTED_EDGE('',*,*,#5914,.F.);
#7898=ORIENTED_EDGE('',*,*,#5917,.F.);
#7899=ORIENTED_EDGE('',*,*,#5918,.F.);
#7900=ORIENTED_EDGE('',*,*,#5919,.F.);
#7901=ORIENTED_EDGE('',*,*,#5920,.T.);
#7902=ORIENTED_EDGE('',*,*,#5921,.F.);
#7903=ORIENTED_EDGE('',*,*,#5922,.F.);
#7904=ORIENTED_EDGE('',*,*,#5923,.F.);
#7905=ORIENTED_EDGE('',*,*,#5924,.T.);
#7906=ORIENTED_EDGE('',*,*,#5925,.F.);
#7907=ORIENTED_EDGE('',*,*,#5920,.F.);
#7908=ORIENTED_EDGE('',*,*,#5926,.F.);
#7909=ORIENTED_EDGE('',*,*,#5924,.F.);
#7910=ORIENTED_EDGE('',*,*,#5927,.F.);
#7911=ORIENTED_EDGE('',*,*,#5928,.F.);
#7912=ORIENTED_EDGE('',*,*,#5929,.F.);
#7913=ORIENTED_EDGE('',*,*,#5930,.T.);
#7914=ORIENTED_EDGE('',*,*,#5931,.F.);
#7915=ORIENTED_EDGE('',*,*,#5932,.F.);
#7916=ORIENTED_EDGE('',*,*,#5933,.F.);
#7917=ORIENTED_EDGE('',*,*,#5934,.T.);
#7918=ORIENTED_EDGE('',*,*,#5935,.F.);
#7919=ORIENTED_EDGE('',*,*,#5930,.F.);
#7920=ORIENTED_EDGE('',*,*,#5936,.F.);
#7921=ORIENTED_EDGE('',*,*,#5934,.F.);
#7922=ORIENTED_EDGE('',*,*,#5937,.F.);
#7923=ORIENTED_EDGE('',*,*,#5938,.F.);
#7924=ORIENTED_EDGE('',*,*,#5939,.F.);
#7925=ORIENTED_EDGE('',*,*,#5940,.T.);
#7926=ORIENTED_EDGE('',*,*,#5941,.F.);
#7927=ORIENTED_EDGE('',*,*,#5942,.T.);
#7928=ORIENTED_EDGE('',*,*,#5943,.F.);
#7929=ORIENTED_EDGE('',*,*,#5944,.T.);
#7930=ORIENTED_EDGE('',*,*,#5945,.F.);
#7931=ORIENTED_EDGE('',*,*,#5940,.F.);
#7932=ORIENTED_EDGE('',*,*,#5946,.F.);
#7933=ORIENTED_EDGE('',*,*,#5944,.F.);
#7934=ORIENTED_EDGE('',*,*,#5947,.F.);
#7935=ORIENTED_EDGE('',*,*,#5948,.F.);
#7936=ORIENTED_EDGE('',*,*,#5949,.F.);
#7937=ORIENTED_EDGE('',*,*,#5950,.T.);
#7938=ORIENTED_EDGE('',*,*,#5951,.F.);
#7939=ORIENTED_EDGE('',*,*,#5952,.F.);
#7940=ORIENTED_EDGE('',*,*,#5953,.F.);
#7941=ORIENTED_EDGE('',*,*,#5954,.T.);
#7942=ORIENTED_EDGE('',*,*,#5955,.F.);
#7943=ORIENTED_EDGE('',*,*,#5950,.F.);
#7944=ORIENTED_EDGE('',*,*,#5956,.F.);
#7945=ORIENTED_EDGE('',*,*,#5954,.F.);
#7946=ORIENTED_EDGE('',*,*,#5957,.F.);
#7947=ORIENTED_EDGE('',*,*,#5958,.F.);
#7948=ORIENTED_EDGE('',*,*,#5959,.F.);
#7949=ORIENTED_EDGE('',*,*,#5960,.T.);
#7950=ORIENTED_EDGE('',*,*,#5961,.F.);
#7951=ORIENTED_EDGE('',*,*,#5962,.F.);
#7952=ORIENTED_EDGE('',*,*,#5963,.F.);
#7953=ORIENTED_EDGE('',*,*,#5964,.T.);
#7954=ORIENTED_EDGE('',*,*,#5965,.F.);
#7955=ORIENTED_EDGE('',*,*,#5960,.F.);
#7956=ORIENTED_EDGE('',*,*,#5966,.F.);
#7957=ORIENTED_EDGE('',*,*,#5964,.F.);
#7958=ORIENTED_EDGE('',*,*,#5967,.F.);
#7959=ORIENTED_EDGE('',*,*,#5968,.F.);
#7960=ORIENTED_EDGE('',*,*,#5969,.F.);
#7961=ORIENTED_EDGE('',*,*,#5970,.T.);
#7962=ORIENTED_EDGE('',*,*,#5971,.F.);
#7963=ORIENTED_EDGE('',*,*,#5972,.F.);
#7964=ORIENTED_EDGE('',*,*,#5973,.F.);
#7965=ORIENTED_EDGE('',*,*,#5974,.T.);
#7966=ORIENTED_EDGE('',*,*,#5975,.F.);
#7967=ORIENTED_EDGE('',*,*,#5970,.F.);
#7968=ORIENTED_EDGE('',*,*,#5976,.F.);
#7969=ORIENTED_EDGE('',*,*,#5974,.F.);
#7970=ORIENTED_EDGE('',*,*,#5977,.F.);
#7971=ORIENTED_EDGE('',*,*,#5978,.F.);
#7972=ORIENTED_EDGE('',*,*,#5979,.F.);
#7973=ORIENTED_EDGE('',*,*,#5980,.T.);
#7974=ORIENTED_EDGE('',*,*,#5981,.F.);
#7975=ORIENTED_EDGE('',*,*,#5982,.F.);
#7976=ORIENTED_EDGE('',*,*,#5983,.F.);
#7977=ORIENTED_EDGE('',*,*,#5984,.T.);
#7978=ORIENTED_EDGE('',*,*,#5985,.F.);
#7979=ORIENTED_EDGE('',*,*,#5980,.F.);
#7980=ORIENTED_EDGE('',*,*,#5986,.F.);
#7981=ORIENTED_EDGE('',*,*,#5984,.F.);
#7982=ORIENTED_EDGE('',*,*,#5987,.F.);
#7983=ORIENTED_EDGE('',*,*,#5988,.F.);
#7984=ORIENTED_EDGE('',*,*,#5989,.F.);
#7985=ORIENTED_EDGE('',*,*,#5990,.T.);
#7986=ORIENTED_EDGE('',*,*,#5991,.F.);
#7987=ORIENTED_EDGE('',*,*,#5992,.F.);
#7988=ORIENTED_EDGE('',*,*,#5993,.F.);
#7989=ORIENTED_EDGE('',*,*,#5994,.T.);
#7990=ORIENTED_EDGE('',*,*,#5995,.F.);
#7991=ORIENTED_EDGE('',*,*,#5990,.F.);
#7992=ORIENTED_EDGE('',*,*,#5996,.F.);
#7993=ORIENTED_EDGE('',*,*,#5994,.F.);
#7994=ORIENTED_EDGE('',*,*,#5997,.F.);
#7995=ORIENTED_EDGE('',*,*,#5998,.F.);
#7996=ORIENTED_EDGE('',*,*,#5999,.F.);
#7997=ORIENTED_EDGE('',*,*,#6000,.T.);
#7998=ORIENTED_EDGE('',*,*,#6001,.F.);
#7999=ORIENTED_EDGE('',*,*,#6002,.F.);
#8000=ORIENTED_EDGE('',*,*,#6003,.F.);
#8001=ORIENTED_EDGE('',*,*,#6004,.T.);
#8002=ORIENTED_EDGE('',*,*,#6005,.F.);
#8003=ORIENTED_EDGE('',*,*,#6000,.F.);
#8004=ORIENTED_EDGE('',*,*,#6006,.F.);
#8005=ORIENTED_EDGE('',*,*,#6004,.F.);
#8006=ORIENTED_EDGE('',*,*,#6007,.F.);
#8007=ORIENTED_EDGE('',*,*,#6008,.F.);
#8008=ORIENTED_EDGE('',*,*,#6009,.F.);
#8009=ORIENTED_EDGE('',*,*,#6010,.T.);
#8010=ORIENTED_EDGE('',*,*,#6011,.F.);
#8011=ORIENTED_EDGE('',*,*,#6012,.F.);
#8012=ORIENTED_EDGE('',*,*,#6013,.F.);
#8013=ORIENTED_EDGE('',*,*,#6014,.T.);
#8014=ORIENTED_EDGE('',*,*,#6015,.F.);
#8015=ORIENTED_EDGE('',*,*,#6010,.F.);
#8016=ORIENTED_EDGE('',*,*,#6016,.F.);
#8017=ORIENTED_EDGE('',*,*,#6014,.F.);
#8018=ORIENTED_EDGE('',*,*,#6017,.F.);
#8019=ORIENTED_EDGE('',*,*,#6018,.F.);
#8020=ORIENTED_EDGE('',*,*,#6019,.F.);
#8021=ORIENTED_EDGE('',*,*,#6020,.F.);
#8022=ORIENTED_EDGE('',*,*,#6021,.F.);
#8023=ORIENTED_EDGE('',*,*,#6022,.F.);
#8024=ORIENTED_EDGE('',*,*,#6023,.F.);
#8025=ORIENTED_EDGE('',*,*,#6024,.F.);
#8026=ORIENTED_EDGE('',*,*,#6025,.F.);
#8027=ORIENTED_EDGE('',*,*,#6020,.T.);
#8028=ORIENTED_EDGE('',*,*,#6026,.F.);
#8029=ORIENTED_EDGE('',*,*,#6024,.T.);
#8030=ORIENTED_EDGE('',*,*,#6027,.F.);
#8031=ORIENTED_EDGE('',*,*,#6028,.F.);
#8032=ORIENTED_EDGE('',*,*,#6029,.F.);
#8033=ORIENTED_EDGE('',*,*,#6030,.T.);
#8034=ORIENTED_EDGE('',*,*,#6031,.F.);
#8035=ORIENTED_EDGE('',*,*,#6032,.F.);
#8036=ORIENTED_EDGE('',*,*,#6033,.F.);
#8037=ORIENTED_EDGE('',*,*,#5876,.T.);
#8038=ORIENTED_EDGE('',*,*,#6034,.F.);
#8039=ORIENTED_EDGE('',*,*,#6030,.F.);
#8040=ORIENTED_EDGE('',*,*,#6035,.F.);
#8041=ORIENTED_EDGE('',*,*,#6036,.T.);
#8042=ORIENTED_EDGE('',*,*,#5875,.T.);
#8043=ORIENTED_EDGE('',*,*,#5883,.T.);
#8044=ORIENTED_EDGE('',*,*,#6037,.T.);
#8045=ORIENTED_EDGE('',*,*,#6038,.T.);
#8046=ORIENTED_EDGE('',*,*,#6039,.T.);
#8047=ORIENTED_EDGE('',*,*,#5887,.T.);
#8048=ORIENTED_EDGE('',*,*,#5886,.T.);
#8049=ORIENTED_EDGE('',*,*,#5877,.T.);
#8050=ORIENTED_EDGE('',*,*,#6035,.T.);
#8051=ORIENTED_EDGE('',*,*,#6033,.T.);
#8052=ORIENTED_EDGE('',*,*,#6040,.T.);
#8053=ORIENTED_EDGE('',*,*,#6041,.T.);
#8054=ORIENTED_EDGE('',*,*,#6042,.T.);
#8055=ORIENTED_EDGE('',*,*,#5893,.T.);
#8056=ORIENTED_EDGE('',*,*,#6043,.T.);
#8057=ORIENTED_EDGE('',*,*,#6044,.T.);
#8058=ORIENTED_EDGE('',*,*,#6045,.T.);
#8059=ORIENTED_EDGE('',*,*,#5897,.T.);
#8060=ORIENTED_EDGE('',*,*,#5896,.T.);
#8061=ORIENTED_EDGE('',*,*,#6046,.T.);
#8062=ORIENTED_EDGE('',*,*,#6047,.T.);
#8063=ORIENTED_EDGE('',*,*,#6048,.T.);
#8064=ORIENTED_EDGE('',*,*,#6049,.T.);
#8065=ORIENTED_EDGE('',*,*,#6050,.T.);
#8066=ORIENTED_EDGE('',*,*,#6051,.T.);
#8067=ORIENTED_EDGE('',*,*,#5903,.T.);
#8068=ORIENTED_EDGE('',*,*,#6052,.T.);
#8069=ORIENTED_EDGE('',*,*,#6053,.T.);
#8070=ORIENTED_EDGE('',*,*,#6054,.T.);
#8071=ORIENTED_EDGE('',*,*,#5907,.T.);
#8072=ORIENTED_EDGE('',*,*,#5906,.T.);
#8073=ORIENTED_EDGE('',*,*,#6055,.T.);
#8074=ORIENTED_EDGE('',*,*,#6056,.T.);
#8075=ORIENTED_EDGE('',*,*,#6057,.T.);
#8076=ORIENTED_EDGE('',*,*,#6058,.T.);
#8077=ORIENTED_EDGE('',*,*,#6059,.T.);
#8078=ORIENTED_EDGE('',*,*,#6060,.T.);
#8079=ORIENTED_EDGE('',*,*,#5913,.T.);
#8080=ORIENTED_EDGE('',*,*,#6061,.T.);
#8081=ORIENTED_EDGE('',*,*,#6062,.T.);
#8082=ORIENTED_EDGE('',*,*,#6063,.T.);
#8083=ORIENTED_EDGE('',*,*,#5917,.T.);
#8084=ORIENTED_EDGE('',*,*,#5916,.T.);
#8085=ORIENTED_EDGE('',*,*,#6064,.T.);
#8086=ORIENTED_EDGE('',*,*,#6065,.T.);
#8087=ORIENTED_EDGE('',*,*,#6066,.T.);
#8088=ORIENTED_EDGE('',*,*,#6067,.T.);
#8089=ORIENTED_EDGE('',*,*,#6068,.T.);
#8090=ORIENTED_EDGE('',*,*,#6069,.T.);
#8091=ORIENTED_EDGE('',*,*,#5923,.T.);
#8092=ORIENTED_EDGE('',*,*,#6070,.T.);
#8093=ORIENTED_EDGE('',*,*,#6071,.T.);
#8094=ORIENTED_EDGE('',*,*,#6072,.T.);
#8095=ORIENTED_EDGE('',*,*,#5927,.T.);
#8096=ORIENTED_EDGE('',*,*,#5926,.T.);
#8097=ORIENTED_EDGE('',*,*,#6073,.T.);
#8098=ORIENTED_EDGE('',*,*,#6074,.T.);
#8099=ORIENTED_EDGE('',*,*,#6075,.T.);
#8100=ORIENTED_EDGE('',*,*,#6076,.T.);
#8101=ORIENTED_EDGE('',*,*,#6077,.T.);
#8102=ORIENTED_EDGE('',*,*,#6078,.T.);
#8103=ORIENTED_EDGE('',*,*,#5933,.T.);
#8104=ORIENTED_EDGE('',*,*,#6079,.T.);
#8105=ORIENTED_EDGE('',*,*,#6080,.T.);
#8106=ORIENTED_EDGE('',*,*,#6081,.T.);
#8107=ORIENTED_EDGE('',*,*,#5937,.T.);
#8108=ORIENTED_EDGE('',*,*,#5936,.T.);
#8109=ORIENTED_EDGE('',*,*,#6082,.T.);
#8110=ORIENTED_EDGE('',*,*,#6083,.T.);
#8111=ORIENTED_EDGE('',*,*,#6084,.T.);
#8112=ORIENTED_EDGE('',*,*,#6085,.T.);
#8113=ORIENTED_EDGE('',*,*,#6086,.T.);
#8114=ORIENTED_EDGE('',*,*,#6087,.T.);
#8115=ORIENTED_EDGE('',*,*,#5943,.T.);
#8116=ORIENTED_EDGE('',*,*,#6088,.T.);
#8117=ORIENTED_EDGE('',*,*,#6089,.T.);
#8118=ORIENTED_EDGE('',*,*,#6090,.T.);
#8119=ORIENTED_EDGE('',*,*,#5947,.T.);
#8120=ORIENTED_EDGE('',*,*,#5946,.T.);
#8121=ORIENTED_EDGE('',*,*,#6091,.T.);
#8122=ORIENTED_EDGE('',*,*,#6092,.T.);
#8123=ORIENTED_EDGE('',*,*,#6093,.T.);
#8124=ORIENTED_EDGE('',*,*,#6094,.T.);
#8125=ORIENTED_EDGE('',*,*,#6095,.T.);
#8126=ORIENTED_EDGE('',*,*,#6096,.T.);
#8127=ORIENTED_EDGE('',*,*,#5953,.T.);
#8128=ORIENTED_EDGE('',*,*,#6097,.T.);
#8129=ORIENTED_EDGE('',*,*,#6098,.T.);
#8130=ORIENTED_EDGE('',*,*,#6099,.T.);
#8131=ORIENTED_EDGE('',*,*,#5957,.T.);
#8132=ORIENTED_EDGE('',*,*,#5956,.T.);
#8133=ORIENTED_EDGE('',*,*,#6100,.T.);
#8134=ORIENTED_EDGE('',*,*,#6101,.T.);
#8135=ORIENTED_EDGE('',*,*,#6102,.T.);
#8136=ORIENTED_EDGE('',*,*,#6103,.T.);
#8137=ORIENTED_EDGE('',*,*,#6104,.T.);
#8138=ORIENTED_EDGE('',*,*,#6105,.T.);
#8139=ORIENTED_EDGE('',*,*,#5963,.T.);
#8140=ORIENTED_EDGE('',*,*,#6106,.T.);
#8141=ORIENTED_EDGE('',*,*,#6107,.T.);
#8142=ORIENTED_EDGE('',*,*,#6108,.T.);
#8143=ORIENTED_EDGE('',*,*,#5967,.T.);
#8144=ORIENTED_EDGE('',*,*,#5966,.T.);
#8145=ORIENTED_EDGE('',*,*,#6109,.T.);
#8146=ORIENTED_EDGE('',*,*,#6110,.T.);
#8147=ORIENTED_EDGE('',*,*,#6111,.T.);
#8148=ORIENTED_EDGE('',*,*,#6112,.T.);
#8149=ORIENTED_EDGE('',*,*,#6113,.T.);
#8150=ORIENTED_EDGE('',*,*,#6114,.T.);
#8151=ORIENTED_EDGE('',*,*,#5973,.T.);
#8152=ORIENTED_EDGE('',*,*,#6115,.T.);
#8153=ORIENTED_EDGE('',*,*,#6116,.T.);
#8154=ORIENTED_EDGE('',*,*,#6117,.T.);
#8155=ORIENTED_EDGE('',*,*,#5977,.T.);
#8156=ORIENTED_EDGE('',*,*,#5976,.T.);
#8157=ORIENTED_EDGE('',*,*,#6118,.T.);
#8158=ORIENTED_EDGE('',*,*,#6119,.T.);
#8159=ORIENTED_EDGE('',*,*,#6120,.T.);
#8160=ORIENTED_EDGE('',*,*,#6121,.T.);
#8161=ORIENTED_EDGE('',*,*,#6122,.T.);
#8162=ORIENTED_EDGE('',*,*,#6123,.T.);
#8163=ORIENTED_EDGE('',*,*,#5983,.T.);
#8164=ORIENTED_EDGE('',*,*,#6124,.T.);
#8165=ORIENTED_EDGE('',*,*,#6125,.T.);
#8166=ORIENTED_EDGE('',*,*,#6126,.T.);
#8167=ORIENTED_EDGE('',*,*,#5987,.T.);
#8168=ORIENTED_EDGE('',*,*,#5986,.T.);
#8169=ORIENTED_EDGE('',*,*,#6127,.T.);
#8170=ORIENTED_EDGE('',*,*,#6128,.T.);
#8171=ORIENTED_EDGE('',*,*,#6129,.T.);
#8172=ORIENTED_EDGE('',*,*,#6130,.T.);
#8173=ORIENTED_EDGE('',*,*,#6131,.T.);
#8174=ORIENTED_EDGE('',*,*,#6132,.T.);
#8175=ORIENTED_EDGE('',*,*,#5993,.T.);
#8176=ORIENTED_EDGE('',*,*,#6133,.T.);
#8177=ORIENTED_EDGE('',*,*,#6134,.T.);
#8178=ORIENTED_EDGE('',*,*,#6135,.T.);
#8179=ORIENTED_EDGE('',*,*,#5997,.T.);
#8180=ORIENTED_EDGE('',*,*,#5996,.T.);
#8181=ORIENTED_EDGE('',*,*,#6136,.T.);
#8182=ORIENTED_EDGE('',*,*,#6137,.T.);
#8183=ORIENTED_EDGE('',*,*,#6138,.T.);
#8184=ORIENTED_EDGE('',*,*,#6139,.T.);
#8185=ORIENTED_EDGE('',*,*,#6140,.T.);
#8186=ORIENTED_EDGE('',*,*,#6141,.T.);
#8187=ORIENTED_EDGE('',*,*,#6003,.T.);
#8188=ORIENTED_EDGE('',*,*,#6142,.T.);
#8189=ORIENTED_EDGE('',*,*,#6143,.T.);
#8190=ORIENTED_EDGE('',*,*,#6144,.T.);
#8191=ORIENTED_EDGE('',*,*,#6007,.T.);
#8192=ORIENTED_EDGE('',*,*,#6006,.T.);
#8193=ORIENTED_EDGE('',*,*,#6145,.T.);
#8194=ORIENTED_EDGE('',*,*,#6146,.T.);
#8195=ORIENTED_EDGE('',*,*,#6147,.T.);
#8196=ORIENTED_EDGE('',*,*,#6148,.T.);
#8197=ORIENTED_EDGE('',*,*,#6149,.T.);
#8198=ORIENTED_EDGE('',*,*,#6150,.T.);
#8199=ORIENTED_EDGE('',*,*,#6013,.T.);
#8200=ORIENTED_EDGE('',*,*,#6151,.T.);
#8201=ORIENTED_EDGE('',*,*,#6152,.T.);
#8202=ORIENTED_EDGE('',*,*,#6153,.T.);
#8203=ORIENTED_EDGE('',*,*,#6017,.T.);
#8204=ORIENTED_EDGE('',*,*,#6016,.T.);
#8205=ORIENTED_EDGE('',*,*,#6154,.T.);
#8206=ORIENTED_EDGE('',*,*,#6155,.T.);
#8207=ORIENTED_EDGE('',*,*,#6156,.T.);
#8208=ORIENTED_EDGE('',*,*,#6157,.T.);
#8209=ORIENTED_EDGE('',*,*,#6158,.T.);
#8210=ORIENTED_EDGE('',*,*,#6159,.T.);
#8211=ORIENTED_EDGE('',*,*,#6023,.T.);
#8212=ORIENTED_EDGE('',*,*,#6160,.T.);
#8213=ORIENTED_EDGE('',*,*,#6161,.T.);
#8214=ORIENTED_EDGE('',*,*,#6162,.T.);
#8215=ORIENTED_EDGE('',*,*,#6027,.T.);
#8216=ORIENTED_EDGE('',*,*,#6026,.T.);
#8217=ORIENTED_EDGE('',*,*,#6163,.F.);
#8218=ORIENTED_EDGE('',*,*,#6164,.F.);
#8219=ORIENTED_EDGE('',*,*,#6165,.F.);
#8220=ORIENTED_EDGE('',*,*,#6166,.T.);
#8221=ORIENTED_EDGE('',*,*,#6167,.F.);
#8222=ORIENTED_EDGE('',*,*,#6168,.T.);
#8223=ORIENTED_EDGE('',*,*,#6169,.F.);
#8224=ORIENTED_EDGE('',*,*,#6170,.F.);
#8225=ORIENTED_EDGE('',*,*,#6171,.T.);
#8226=ORIENTED_EDGE('',*,*,#6172,.T.);
#8227=ORIENTED_EDGE('',*,*,#6173,.T.);
#8228=ORIENTED_EDGE('',*,*,#6174,.T.);
#8229=ORIENTED_EDGE('',*,*,#6175,.T.);
#8230=ORIENTED_EDGE('',*,*,#6176,.T.);
#8231=ORIENTED_EDGE('',*,*,#6177,.T.);
#8232=ORIENTED_EDGE('',*,*,#6178,.F.);
#8233=ORIENTED_EDGE('',*,*,#6179,.T.);
#8234=ORIENTED_EDGE('',*,*,#6180,.F.);
#8235=ORIENTED_EDGE('',*,*,#6181,.F.);
#8236=ORIENTED_EDGE('',*,*,#6182,.F.);
#8237=ORIENTED_EDGE('',*,*,#6183,.F.);
#8238=ORIENTED_EDGE('',*,*,#6184,.F.);
#8239=ORIENTED_EDGE('',*,*,#6185,.T.);
#8240=ORIENTED_EDGE('',*,*,#6186,.F.);
#8241=ORIENTED_EDGE('',*,*,#6187,.T.);
#8242=ORIENTED_EDGE('',*,*,#6188,.F.);
#8243=ORIENTED_EDGE('',*,*,#6189,.F.);
#8244=ORIENTED_EDGE('',*,*,#6190,.F.);
#8245=ORIENTED_EDGE('',*,*,#6191,.F.);
#8246=ORIENTED_EDGE('',*,*,#6192,.F.);
#8247=ORIENTED_EDGE('',*,*,#5872,.T.);
#8248=ORIENTED_EDGE('',*,*,#5869,.T.);
#8249=ORIENTED_EDGE('',*,*,#5866,.T.);
#8250=ORIENTED_EDGE('',*,*,#5863,.T.);
#8251=ORIENTED_EDGE('',*,*,#6036,.F.);
#8252=ORIENTED_EDGE('',*,*,#6193,.T.);
#8253=ORIENTED_EDGE('',*,*,#6194,.F.);
#8254=ORIENTED_EDGE('',*,*,#6195,.F.);
#8255=ORIENTED_EDGE('',*,*,#6193,.F.);
#8256=ORIENTED_EDGE('',*,*,#6196,.T.);
#8257=ORIENTED_EDGE('',*,*,#6197,.T.);
#8258=ORIENTED_EDGE('',*,*,#6194,.T.);
#8259=ORIENTED_EDGE('',*,*,#6195,.T.);
#8260=ORIENTED_EDGE('',*,*,#6197,.F.);
#8261=ORIENTED_EDGE('',*,*,#6196,.F.);
#8262=ORIENTED_EDGE('',*,*,#6198,.T.);
#8263=ORIENTED_EDGE('',*,*,#6199,.T.);
#8264=ORIENTED_EDGE('',*,*,#6200,.T.);
#8265=ORIENTED_EDGE('',*,*,#5891,.T.);
#8266=ORIENTED_EDGE('',*,*,#5895,.T.);
#8267=ORIENTED_EDGE('',*,*,#5899,.T.);
#8268=ORIENTED_EDGE('',*,*,#6201,.T.);
#8269=ORIENTED_EDGE('',*,*,#6202,.T.);
#8270=ORIENTED_EDGE('',*,*,#6203,.T.);
#8271=ORIENTED_EDGE('',*,*,#6204,.T.);
#8272=ORIENTED_EDGE('',*,*,#6205,.T.);
#8273=ORIENTED_EDGE('',*,*,#6206,.T.);
#8274=ORIENTED_EDGE('',*,*,#6207,.T.);
#8275=ORIENTED_EDGE('',*,*,#6208,.T.);
#8276=ORIENTED_EDGE('',*,*,#6209,.T.);
#8277=ORIENTED_EDGE('',*,*,#6021,.T.);
#8278=ORIENTED_EDGE('',*,*,#6025,.T.);
#8279=ORIENTED_EDGE('',*,*,#6029,.T.);
#8280=ORIENTED_EDGE('',*,*,#6210,.T.);
#8281=ORIENTED_EDGE('',*,*,#6211,.T.);
#8282=ORIENTED_EDGE('',*,*,#6212,.T.);
#8283=ORIENTED_EDGE('',*,*,#6213,.T.);
#8284=ORIENTED_EDGE('',*,*,#6214,.T.);
#8285=ORIENTED_EDGE('',*,*,#6215,.T.);
#8286=ORIENTED_EDGE('',*,*,#6216,.T.);
#8287=ORIENTED_EDGE('',*,*,#6217,.T.);
#8288=ORIENTED_EDGE('',*,*,#6218,.T.);
#8289=ORIENTED_EDGE('',*,*,#5951,.T.);
#8290=ORIENTED_EDGE('',*,*,#5955,.T.);
#8291=ORIENTED_EDGE('',*,*,#5959,.T.);
#8292=ORIENTED_EDGE('',*,*,#6219,.T.);
#8293=ORIENTED_EDGE('',*,*,#6220,.T.);
#8294=ORIENTED_EDGE('',*,*,#6221,.T.);
#8295=ORIENTED_EDGE('',*,*,#6031,.T.);
#8296=ORIENTED_EDGE('',*,*,#6034,.T.);
#8297=ORIENTED_EDGE('',*,*,#5879,.T.);
#8298=ORIENTED_EDGE('',*,*,#6222,.T.);
#8299=ORIENTED_EDGE('',*,*,#6223,.T.);
#8300=ORIENTED_EDGE('',*,*,#6224,.T.);
#8301=ORIENTED_EDGE('',*,*,#5961,.T.);
#8302=ORIENTED_EDGE('',*,*,#5965,.T.);
#8303=ORIENTED_EDGE('',*,*,#5969,.T.);
#8304=ORIENTED_EDGE('',*,*,#6225,.T.);
#8305=ORIENTED_EDGE('',*,*,#6226,.T.);
#8306=ORIENTED_EDGE('',*,*,#6227,.T.);
#8307=ORIENTED_EDGE('',*,*,#5991,.T.);
#8308=ORIENTED_EDGE('',*,*,#5995,.T.);
#8309=ORIENTED_EDGE('',*,*,#5999,.T.);
#8310=ORIENTED_EDGE('',*,*,#6228,.T.);
#8311=ORIENTED_EDGE('',*,*,#6229,.T.);
#8312=ORIENTED_EDGE('',*,*,#6230,.T.);
#8313=ORIENTED_EDGE('',*,*,#6231,.T.);
#8314=ORIENTED_EDGE('',*,*,#6232,.T.);
#8315=ORIENTED_EDGE('',*,*,#6233,.T.);
#8316=ORIENTED_EDGE('',*,*,#6234,.T.);
#8317=ORIENTED_EDGE('',*,*,#6235,.T.);
#8318=ORIENTED_EDGE('',*,*,#6236,.T.);
#8319=ORIENTED_EDGE('',*,*,#6237,.T.);
#8320=ORIENTED_EDGE('',*,*,#6238,.T.);
#8321=ORIENTED_EDGE('',*,*,#6239,.T.);
#8322=ORIENTED_EDGE('',*,*,#6240,.T.);
#8323=ORIENTED_EDGE('',*,*,#6241,.T.);
#8324=ORIENTED_EDGE('',*,*,#6242,.T.);
#8325=ORIENTED_EDGE('',*,*,#5901,.T.);
#8326=ORIENTED_EDGE('',*,*,#5905,.T.);
#8327=ORIENTED_EDGE('',*,*,#5909,.T.);
#8328=ORIENTED_EDGE('',*,*,#6243,.T.);
#8329=ORIENTED_EDGE('',*,*,#6244,.T.);
#8330=ORIENTED_EDGE('',*,*,#6245,.T.);
#8331=ORIENTED_EDGE('',*,*,#5971,.T.);
#8332=ORIENTED_EDGE('',*,*,#5975,.T.);
#8333=ORIENTED_EDGE('',*,*,#5979,.T.);
#8334=ORIENTED_EDGE('',*,*,#5945,.T.);
#8335=ORIENTED_EDGE('',*,*,#5949,.T.);
#8336=ORIENTED_EDGE('',*,*,#6246,.T.);
#8337=ORIENTED_EDGE('',*,*,#6247,.T.);
#8338=ORIENTED_EDGE('',*,*,#6248,.T.);
#8339=ORIENTED_EDGE('',*,*,#5941,.T.);
#8340=ORIENTED_EDGE('',*,*,#6249,.T.);
#8341=ORIENTED_EDGE('',*,*,#6250,.T.);
#8342=ORIENTED_EDGE('',*,*,#6251,.T.);
#8343=ORIENTED_EDGE('',*,*,#5921,.T.);
#8344=ORIENTED_EDGE('',*,*,#5925,.T.);
#8345=ORIENTED_EDGE('',*,*,#5929,.T.);
#8346=ORIENTED_EDGE('',*,*,#6252,.T.);
#8347=ORIENTED_EDGE('',*,*,#6253,.T.);
#8348=ORIENTED_EDGE('',*,*,#6254,.T.);
#8349=ORIENTED_EDGE('',*,*,#6255,.T.);
#8350=ORIENTED_EDGE('',*,*,#6256,.T.);
#8351=ORIENTED_EDGE('',*,*,#6257,.T.);
#8352=ORIENTED_EDGE('',*,*,#6258,.T.);
#8353=ORIENTED_EDGE('',*,*,#6259,.T.);
#8354=ORIENTED_EDGE('',*,*,#6260,.T.);
#8355=ORIENTED_EDGE('',*,*,#6261,.T.);
#8356=ORIENTED_EDGE('',*,*,#6262,.T.);
#8357=ORIENTED_EDGE('',*,*,#6263,.T.);
#8358=ORIENTED_EDGE('',*,*,#6264,.T.);
#8359=ORIENTED_EDGE('',*,*,#6265,.T.);
#8360=ORIENTED_EDGE('',*,*,#6266,.T.);
#8361=ORIENTED_EDGE('',*,*,#5881,.T.);
#8362=ORIENTED_EDGE('',*,*,#5885,.T.);
#8363=ORIENTED_EDGE('',*,*,#5889,.T.);
#8364=ORIENTED_EDGE('',*,*,#6267,.T.);
#8365=ORIENTED_EDGE('',*,*,#6268,.T.);
#8366=ORIENTED_EDGE('',*,*,#6269,.T.);
#8367=ORIENTED_EDGE('',*,*,#6270,.T.);
#8368=ORIENTED_EDGE('',*,*,#6271,.T.);
#8369=ORIENTED_EDGE('',*,*,#6272,.T.);
#8370=ORIENTED_EDGE('',*,*,#6273,.T.);
#8371=ORIENTED_EDGE('',*,*,#6274,.T.);
#8372=ORIENTED_EDGE('',*,*,#6275,.T.);
#8373=ORIENTED_EDGE('',*,*,#6276,.T.);
#8374=ORIENTED_EDGE('',*,*,#6277,.T.);
#8375=ORIENTED_EDGE('',*,*,#6278,.T.);
#8376=ORIENTED_EDGE('',*,*,#6279,.T.);
#8377=ORIENTED_EDGE('',*,*,#6280,.T.);
#8378=ORIENTED_EDGE('',*,*,#6281,.T.);
#8379=ORIENTED_EDGE('',*,*,#5981,.T.);
#8380=ORIENTED_EDGE('',*,*,#5985,.T.);
#8381=ORIENTED_EDGE('',*,*,#5989,.T.);
#8382=ORIENTED_EDGE('',*,*,#6282,.T.);
#8383=ORIENTED_EDGE('',*,*,#6283,.T.);
#8384=ORIENTED_EDGE('',*,*,#6284,.T.);
#8385=ORIENTED_EDGE('',*,*,#6011,.T.);
#8386=ORIENTED_EDGE('',*,*,#6015,.T.);
#8387=ORIENTED_EDGE('',*,*,#6019,.T.);
#8388=ORIENTED_EDGE('',*,*,#6285,.T.);
#8389=ORIENTED_EDGE('',*,*,#6286,.T.);
#8390=ORIENTED_EDGE('',*,*,#6287,.T.);
#8391=ORIENTED_EDGE('',*,*,#6288,.T.);
#8392=ORIENTED_EDGE('',*,*,#6289,.T.);
#8393=ORIENTED_EDGE('',*,*,#6290,.T.);
#8394=ORIENTED_EDGE('',*,*,#6291,.T.);
#8395=ORIENTED_EDGE('',*,*,#6292,.T.);
#8396=ORIENTED_EDGE('',*,*,#6293,.T.);
#8397=ORIENTED_EDGE('',*,*,#6294,.T.);
#8398=ORIENTED_EDGE('',*,*,#6295,.T.);
#8399=ORIENTED_EDGE('',*,*,#6296,.T.);
#8400=ORIENTED_EDGE('',*,*,#6297,.T.);
#8401=ORIENTED_EDGE('',*,*,#6298,.T.);
#8402=ORIENTED_EDGE('',*,*,#6299,.T.);
#8403=ORIENTED_EDGE('',*,*,#6300,.T.);
#8404=ORIENTED_EDGE('',*,*,#6301,.T.);
#8405=ORIENTED_EDGE('',*,*,#6302,.T.);
#8406=ORIENTED_EDGE('',*,*,#6303,.T.);
#8407=ORIENTED_EDGE('',*,*,#6304,.T.);
#8408=ORIENTED_EDGE('',*,*,#6305,.T.);
#8409=ORIENTED_EDGE('',*,*,#5911,.T.);
#8410=ORIENTED_EDGE('',*,*,#5915,.T.);
#8411=ORIENTED_EDGE('',*,*,#5919,.T.);
#8412=ORIENTED_EDGE('',*,*,#6306,.T.);
#8413=ORIENTED_EDGE('',*,*,#6307,.T.);
#8414=ORIENTED_EDGE('',*,*,#6308,.T.);
#8415=ORIENTED_EDGE('',*,*,#6309,.T.);
#8416=ORIENTED_EDGE('',*,*,#6310,.T.);
#8417=ORIENTED_EDGE('',*,*,#6311,.T.);
#8418=ORIENTED_EDGE('',*,*,#6312,.T.);
#8419=ORIENTED_EDGE('',*,*,#6313,.T.);
#8420=ORIENTED_EDGE('',*,*,#6314,.T.);
#8421=ORIENTED_EDGE('',*,*,#6001,.T.);
#8422=ORIENTED_EDGE('',*,*,#6005,.T.);
#8423=ORIENTED_EDGE('',*,*,#6009,.T.);
#8424=ORIENTED_EDGE('',*,*,#6315,.T.);
#8425=ORIENTED_EDGE('',*,*,#6316,.T.);
#8426=ORIENTED_EDGE('',*,*,#6317,.T.);
#8427=ORIENTED_EDGE('',*,*,#6318,.T.);
#8428=ORIENTED_EDGE('',*,*,#6319,.T.);
#8429=ORIENTED_EDGE('',*,*,#6320,.T.);
#8430=ORIENTED_EDGE('',*,*,#6321,.T.);
#8431=ORIENTED_EDGE('',*,*,#6322,.T.);
#8432=ORIENTED_EDGE('',*,*,#6323,.T.);
#8433=ORIENTED_EDGE('',*,*,#5931,.T.);
#8434=ORIENTED_EDGE('',*,*,#5935,.T.);
#8435=ORIENTED_EDGE('',*,*,#5939,.T.);
#8436=ORIENTED_EDGE('',*,*,#6324,.T.);
#8437=ORIENTED_EDGE('',*,*,#6325,.T.);
#8438=ORIENTED_EDGE('',*,*,#6326,.T.);
#8439=ORIENTED_EDGE('',*,*,#6327,.T.);
#8440=ORIENTED_EDGE('',*,*,#6328,.T.);
#8441=ORIENTED_EDGE('',*,*,#6329,.T.);
#8442=ORIENTED_EDGE('',*,*,#6330,.F.);
#8443=ORIENTED_EDGE('',*,*,#6331,.T.);
#8444=ORIENTED_EDGE('',*,*,#6332,.F.);
#8445=ORIENTED_EDGE('',*,*,#6333,.T.);
#8446=ORIENTED_EDGE('',*,*,#6334,.F.);
#8447=ORIENTED_EDGE('',*,*,#6335,.T.);
#8448=ORIENTED_EDGE('',*,*,#6336,.F.);
#8449=ORIENTED_EDGE('',*,*,#6337,.T.);
#8450=ORIENTED_EDGE('',*,*,#6338,.F.);
#8451=ORIENTED_EDGE('',*,*,#6339,.T.);
#8452=ORIENTED_EDGE('',*,*,#6340,.F.);
#8453=ORIENTED_EDGE('',*,*,#6341,.T.);
#8454=ORIENTED_EDGE('',*,*,#6342,.T.);
#8455=ORIENTED_EDGE('',*,*,#6343,.T.);
#8456=ORIENTED_EDGE('',*,*,#6344,.T.);
#8457=ORIENTED_EDGE('',*,*,#6345,.T.);
#8458=ORIENTED_EDGE('',*,*,#6330,.T.);
#8459=ORIENTED_EDGE('',*,*,#6346,.T.);
#8460=ORIENTED_EDGE('',*,*,#6347,.T.);
#8461=ORIENTED_EDGE('',*,*,#6344,.F.);
#8462=ORIENTED_EDGE('',*,*,#6348,.T.);
#8463=ORIENTED_EDGE('',*,*,#6349,.T.);
#8464=ORIENTED_EDGE('',*,*,#6350,.T.);
#8465=ORIENTED_EDGE('',*,*,#6346,.F.);
#8466=ORIENTED_EDGE('',*,*,#6351,.T.);
#8467=ORIENTED_EDGE('',*,*,#6352,.T.);
#8468=ORIENTED_EDGE('',*,*,#6353,.T.);
#8469=ORIENTED_EDGE('',*,*,#6349,.F.);
#8470=ORIENTED_EDGE('',*,*,#6354,.T.);
#8471=ORIENTED_EDGE('',*,*,#6355,.T.);
#8472=ORIENTED_EDGE('',*,*,#6356,.T.);
#8473=ORIENTED_EDGE('',*,*,#6352,.F.);
#8474=ORIENTED_EDGE('',*,*,#6357,.T.);
#8475=ORIENTED_EDGE('',*,*,#6358,.T.);
#8476=ORIENTED_EDGE('',*,*,#6359,.T.);
#8477=ORIENTED_EDGE('',*,*,#6355,.F.);
#8478=ORIENTED_EDGE('',*,*,#6360,.T.);
#8479=ORIENTED_EDGE('',*,*,#6361,.T.);
#8480=ORIENTED_EDGE('',*,*,#6362,.T.);
#8481=ORIENTED_EDGE('',*,*,#6358,.F.);
#8482=ORIENTED_EDGE('',*,*,#6363,.T.);
#8483=ORIENTED_EDGE('',*,*,#6364,.T.);
#8484=ORIENTED_EDGE('',*,*,#6365,.T.);
#8485=ORIENTED_EDGE('',*,*,#6361,.F.);
#8486=ORIENTED_EDGE('',*,*,#6366,.T.);
#8487=ORIENTED_EDGE('',*,*,#6340,.T.);
#8488=ORIENTED_EDGE('',*,*,#6367,.T.);
#8489=ORIENTED_EDGE('',*,*,#6364,.F.);
#8490=ORIENTED_EDGE('',*,*,#6368,.T.);
#8491=ORIENTED_EDGE('',*,*,#6369,.T.);
#8492=ORIENTED_EDGE('',*,*,#6345,.F.);
#8493=ORIENTED_EDGE('',*,*,#6370,.T.);
#8494=ORIENTED_EDGE('',*,*,#6371,.F.);
#8495=ORIENTED_EDGE('',*,*,#6331,.F.);
#8496=ORIENTED_EDGE('',*,*,#6347,.F.);
#8497=ORIENTED_EDGE('',*,*,#6350,.F.);
#8498=ORIENTED_EDGE('',*,*,#6353,.F.);
#8499=ORIENTED_EDGE('',*,*,#6356,.F.);
#8500=ORIENTED_EDGE('',*,*,#6359,.F.);
#8501=ORIENTED_EDGE('',*,*,#6362,.F.);
#8502=ORIENTED_EDGE('',*,*,#6365,.F.);
#8503=ORIENTED_EDGE('',*,*,#6372,.F.);
#8504=ORIENTED_EDGE('',*,*,#6373,.F.);
#8505=ORIENTED_EDGE('',*,*,#6374,.F.);
#8506=ORIENTED_EDGE('',*,*,#6375,.F.);
#8507=ORIENTED_EDGE('',*,*,#6376,.F.);
#8508=ORIENTED_EDGE('',*,*,#6377,.F.);
#8509=ORIENTED_EDGE('',*,*,#6378,.F.);
#8510=ORIENTED_EDGE('',*,*,#6379,.F.);
#8511=ORIENTED_EDGE('',*,*,#6380,.F.);
#8512=ORIENTED_EDGE('',*,*,#6381,.F.);
#8513=ORIENTED_EDGE('',*,*,#6382,.F.);
#8514=ORIENTED_EDGE('',*,*,#6383,.F.);
#8515=ORIENTED_EDGE('',*,*,#6384,.F.);
#8516=ORIENTED_EDGE('',*,*,#6385,.F.);
#8517=ORIENTED_EDGE('',*,*,#6386,.F.);
#8518=ORIENTED_EDGE('',*,*,#6387,.F.);
#8519=ORIENTED_EDGE('',*,*,#6370,.F.);
#8520=ORIENTED_EDGE('',*,*,#5873,.T.);
#8521=ORIENTED_EDGE('',*,*,#5870,.T.);
#8522=ORIENTED_EDGE('',*,*,#5867,.T.);
#8523=ORIENTED_EDGE('',*,*,#5864,.T.);
#8524=ORIENTED_EDGE('',*,*,#5861,.T.);
#8525=ORIENTED_EDGE('',*,*,#6367,.F.);
#8526=ORIENTED_EDGE('',*,*,#6339,.F.);
#8527=ORIENTED_EDGE('',*,*,#6388,.F.);
#8528=ORIENTED_EDGE('',*,*,#6372,.T.);
#8529=ORIENTED_EDGE('',*,*,#6389,.T.);
#8530=ORIENTED_EDGE('',*,*,#6390,.T.);
#8531=ORIENTED_EDGE('',*,*,#6391,.T.);
#8532=ORIENTED_EDGE('',*,*,#6392,.T.);
#8533=ORIENTED_EDGE('',*,*,#6334,.T.);
#8534=ORIENTED_EDGE('',*,*,#6393,.T.);
#8535=ORIENTED_EDGE('',*,*,#6381,.T.);
#8536=ORIENTED_EDGE('',*,*,#6391,.F.);
#8537=ORIENTED_EDGE('',*,*,#6394,.T.);
#8538=ORIENTED_EDGE('',*,*,#6395,.T.);
#8539=ORIENTED_EDGE('',*,*,#6382,.T.);
#8540=ORIENTED_EDGE('',*,*,#6393,.F.);
#8541=ORIENTED_EDGE('',*,*,#6396,.T.);
#8542=ORIENTED_EDGE('',*,*,#6397,.T.);
#8543=ORIENTED_EDGE('',*,*,#6383,.T.);
#8544=ORIENTED_EDGE('',*,*,#6395,.F.);
#8545=ORIENTED_EDGE('',*,*,#6398,.T.);
#8546=ORIENTED_EDGE('',*,*,#6399,.T.);
#8547=ORIENTED_EDGE('',*,*,#6384,.T.);
#8548=ORIENTED_EDGE('',*,*,#6397,.F.);
#8549=ORIENTED_EDGE('',*,*,#6400,.T.);
#8550=ORIENTED_EDGE('',*,*,#6401,.T.);
#8551=ORIENTED_EDGE('',*,*,#6385,.T.);
#8552=ORIENTED_EDGE('',*,*,#6399,.F.);
#8553=ORIENTED_EDGE('',*,*,#6402,.T.);
#8554=ORIENTED_EDGE('',*,*,#6403,.T.);
#8555=ORIENTED_EDGE('',*,*,#6386,.T.);
#8556=ORIENTED_EDGE('',*,*,#6401,.F.);
#8557=ORIENTED_EDGE('',*,*,#6404,.T.);
#8558=ORIENTED_EDGE('',*,*,#6405,.T.);
#8559=ORIENTED_EDGE('',*,*,#6387,.T.);
#8560=ORIENTED_EDGE('',*,*,#6403,.F.);
#8561=ORIENTED_EDGE('',*,*,#6406,.T.);
#8562=ORIENTED_EDGE('',*,*,#6332,.T.);
#8563=ORIENTED_EDGE('',*,*,#6371,.T.);
#8564=ORIENTED_EDGE('',*,*,#6405,.F.);
#8565=ORIENTED_EDGE('',*,*,#6407,.T.);
#8566=ORIENTED_EDGE('',*,*,#6408,.T.);
#8567=ORIENTED_EDGE('',*,*,#6392,.F.);
#8568=ORIENTED_EDGE('',*,*,#6380,.T.);
#8569=ORIENTED_EDGE('',*,*,#6409,.F.);
#8570=ORIENTED_EDGE('',*,*,#6335,.F.);
#8571=ORIENTED_EDGE('',*,*,#6410,.T.);
#8572=ORIENTED_EDGE('',*,*,#6411,.T.);
#8573=ORIENTED_EDGE('',*,*,#6412,.T.);
#8574=ORIENTED_EDGE('',*,*,#6388,.T.);
#8575=ORIENTED_EDGE('',*,*,#6338,.T.);
#8576=ORIENTED_EDGE('',*,*,#6413,.T.);
#8577=ORIENTED_EDGE('',*,*,#6373,.T.);
#8578=ORIENTED_EDGE('',*,*,#6412,.F.);
#8579=ORIENTED_EDGE('',*,*,#6414,.T.);
#8580=ORIENTED_EDGE('',*,*,#6415,.T.);
#8581=ORIENTED_EDGE('',*,*,#6374,.T.);
#8582=ORIENTED_EDGE('',*,*,#6413,.F.);
#8583=ORIENTED_EDGE('',*,*,#6416,.T.);
#8584=ORIENTED_EDGE('',*,*,#6417,.T.);
#8585=ORIENTED_EDGE('',*,*,#6375,.T.);
#8586=ORIENTED_EDGE('',*,*,#6415,.F.);
#8587=ORIENTED_EDGE('',*,*,#6418,.T.);
#8588=ORIENTED_EDGE('',*,*,#6419,.T.);
#8589=ORIENTED_EDGE('',*,*,#6376,.T.);
#8590=ORIENTED_EDGE('',*,*,#6417,.F.);
#8591=ORIENTED_EDGE('',*,*,#6420,.T.);
#8592=ORIENTED_EDGE('',*,*,#6421,.T.);
#8593=ORIENTED_EDGE('',*,*,#6377,.T.);
#8594=ORIENTED_EDGE('',*,*,#6419,.F.);
#8595=ORIENTED_EDGE('',*,*,#6422,.T.);
#8596=ORIENTED_EDGE('',*,*,#6423,.T.);
#8597=ORIENTED_EDGE('',*,*,#6378,.T.);
#8598=ORIENTED_EDGE('',*,*,#6421,.F.);
#8599=ORIENTED_EDGE('',*,*,#6424,.T.);
#8600=ORIENTED_EDGE('',*,*,#6425,.T.);
#8601=ORIENTED_EDGE('',*,*,#6379,.T.);
#8602=ORIENTED_EDGE('',*,*,#6423,.F.);
#8603=ORIENTED_EDGE('',*,*,#6426,.T.);
#8604=ORIENTED_EDGE('',*,*,#6336,.T.);
#8605=ORIENTED_EDGE('',*,*,#6409,.T.);
#8606=ORIENTED_EDGE('',*,*,#6425,.F.);
#8607=ORIENTED_EDGE('',*,*,#6427,.T.);
#8608=ORIENTED_EDGE('',*,*,#6428,.T.);
#8609=ORIENTED_EDGE('',*,*,#6389,.F.);
#8610=ORIENTED_EDGE('',*,*,#6333,.F.);
#8611=ORIENTED_EDGE('',*,*,#6408,.F.);
#8612=ORIENTED_EDGE('',*,*,#6429,.T.);
#8613=ORIENTED_EDGE('',*,*,#6191,.T.);
#8614=ORIENTED_EDGE('',*,*,#6430,.F.);
#8615=ORIENTED_EDGE('',*,*,#6342,.F.);
#8616=ORIENTED_EDGE('',*,*,#6341,.F.);
#8617=ORIENTED_EDGE('',*,*,#6369,.F.);
#8618=ORIENTED_EDGE('',*,*,#6431,.T.);
#8619=ORIENTED_EDGE('',*,*,#6164,.T.);
#8620=ORIENTED_EDGE('',*,*,#6432,.F.);
#8621=ORIENTED_EDGE('',*,*,#6410,.F.);
#8622=ORIENTED_EDGE('',*,*,#6337,.F.);
#8623=ORIENTED_EDGE('',*,*,#6428,.F.);
#8624=ORIENTED_EDGE('',*,*,#6433,.T.);
#8625=ORIENTED_EDGE('',*,*,#6183,.T.);
#8626=ORIENTED_EDGE('',*,*,#6434,.F.);
#8627=ORIENTED_EDGE('',*,*,#6426,.F.);
#8628=ORIENTED_EDGE('',*,*,#6435,.T.);
#8629=ORIENTED_EDGE('',*,*,#6184,.T.);
#8630=ORIENTED_EDGE('',*,*,#6433,.F.);
#8631=ORIENTED_EDGE('',*,*,#6427,.F.);
#8632=ORIENTED_EDGE('',*,*,#6424,.F.);
#8633=ORIENTED_EDGE('',*,*,#6436,.F.);
#8634=ORIENTED_EDGE('',*,*,#6177,.F.);
#8635=ORIENTED_EDGE('',*,*,#6435,.F.);
#8636=ORIENTED_EDGE('',*,*,#6390,.F.);
#8637=ORIENTED_EDGE('',*,*,#6430,.T.);
#8638=ORIENTED_EDGE('',*,*,#6190,.T.);
#8639=ORIENTED_EDGE('',*,*,#6437,.T.);
#8640=ORIENTED_EDGE('',*,*,#6394,.F.);
#8641=ORIENTED_EDGE('',*,*,#6406,.F.);
#8642=ORIENTED_EDGE('',*,*,#6438,.T.);
#8643=ORIENTED_EDGE('',*,*,#6192,.T.);
#8644=ORIENTED_EDGE('',*,*,#6429,.F.);
#8645=ORIENTED_EDGE('',*,*,#6407,.F.);
#8646=ORIENTED_EDGE('',*,*,#6404,.F.);
#8647=ORIENTED_EDGE('',*,*,#6439,.F.);
#8648=ORIENTED_EDGE('',*,*,#6185,.F.);
#8649=ORIENTED_EDGE('',*,*,#6438,.F.);
#8650=ORIENTED_EDGE('',*,*,#6343,.F.);
#8651=ORIENTED_EDGE('',*,*,#6432,.T.);
#8652=ORIENTED_EDGE('',*,*,#6163,.T.);
#8653=ORIENTED_EDGE('',*,*,#6440,.T.);
#8654=ORIENTED_EDGE('',*,*,#6348,.F.);
#8655=ORIENTED_EDGE('',*,*,#6366,.F.);
#8656=ORIENTED_EDGE('',*,*,#6441,.T.);
#8657=ORIENTED_EDGE('',*,*,#6165,.T.);
#8658=ORIENTED_EDGE('',*,*,#6431,.F.);
#8659=ORIENTED_EDGE('',*,*,#6368,.F.);
#8660=ORIENTED_EDGE('',*,*,#6363,.F.);
#8661=ORIENTED_EDGE('',*,*,#6442,.F.);
#8662=ORIENTED_EDGE('',*,*,#6166,.F.);
#8663=ORIENTED_EDGE('',*,*,#6441,.F.);
#8664=ORIENTED_EDGE('',*,*,#6411,.F.);
#8665=ORIENTED_EDGE('',*,*,#6434,.T.);
#8666=ORIENTED_EDGE('',*,*,#6182,.T.);
#8667=ORIENTED_EDGE('',*,*,#6443,.T.);
#8668=ORIENTED_EDGE('',*,*,#6414,.F.);
#8669=ORIENTED_EDGE('',*,*,#6416,.F.);
#8670=ORIENTED_EDGE('',*,*,#6443,.F.);
#8671=ORIENTED_EDGE('',*,*,#6181,.T.);
#8672=ORIENTED_EDGE('',*,*,#6444,.F.);
#8673=ORIENTED_EDGE('',*,*,#6445,.T.);
#8674=ORIENTED_EDGE('',*,*,#6061,.F.);
#8675=ORIENTED_EDGE('',*,*,#5912,.T.);
#8676=ORIENTED_EDGE('',*,*,#6305,.F.);
#8677=ORIENTED_EDGE('',*,*,#6446,.T.);
#8678=ORIENTED_EDGE('',*,*,#6062,.F.);
#8679=ORIENTED_EDGE('',*,*,#6445,.F.);
#8680=ORIENTED_EDGE('',*,*,#6304,.F.);
#8681=ORIENTED_EDGE('',*,*,#5918,.T.);
#8682=ORIENTED_EDGE('',*,*,#6063,.F.);
#8683=ORIENTED_EDGE('',*,*,#6446,.F.);
#8684=ORIENTED_EDGE('',*,*,#6303,.F.);
#8685=ORIENTED_EDGE('',*,*,#6447,.T.);
#8686=ORIENTED_EDGE('',*,*,#6040,.F.);
#8687=ORIENTED_EDGE('',*,*,#6032,.T.);
#8688=ORIENTED_EDGE('',*,*,#6221,.F.);
#8689=ORIENTED_EDGE('',*,*,#6448,.T.);
#8690=ORIENTED_EDGE('',*,*,#6041,.F.);
#8691=ORIENTED_EDGE('',*,*,#6447,.F.);
#8692=ORIENTED_EDGE('',*,*,#6220,.F.);
#8693=ORIENTED_EDGE('',*,*,#5878,.T.);
#8694=ORIENTED_EDGE('',*,*,#6042,.F.);
#8695=ORIENTED_EDGE('',*,*,#6448,.F.);
#8696=ORIENTED_EDGE('',*,*,#6219,.F.);
#8697=ORIENTED_EDGE('',*,*,#6449,.T.);
#8698=ORIENTED_EDGE('',*,*,#6076,.F.);
#8699=ORIENTED_EDGE('',*,*,#6450,.T.);
#8700=ORIENTED_EDGE('',*,*,#6299,.F.);
#8701=ORIENTED_EDGE('',*,*,#6451,.T.);
#8702=ORIENTED_EDGE('',*,*,#6077,.F.);
#8703=ORIENTED_EDGE('',*,*,#6449,.F.);
#8704=ORIENTED_EDGE('',*,*,#6298,.F.);
#8705=ORIENTED_EDGE('',*,*,#6452,.T.);
#8706=ORIENTED_EDGE('',*,*,#6078,.F.);
#8707=ORIENTED_EDGE('',*,*,#6451,.F.);
#8708=ORIENTED_EDGE('',*,*,#6297,.F.);
#8709=ORIENTED_EDGE('',*,*,#6073,.F.);
#8710=ORIENTED_EDGE('',*,*,#6452,.F.);
#8711=ORIENTED_EDGE('',*,*,#6302,.F.);
#8712=ORIENTED_EDGE('',*,*,#6453,.T.);
#8713=ORIENTED_EDGE('',*,*,#6453,.F.);
#8714=ORIENTED_EDGE('',*,*,#6301,.F.);
#8715=ORIENTED_EDGE('',*,*,#6454,.T.);
#8716=ORIENTED_EDGE('',*,*,#6074,.F.);
#8717=ORIENTED_EDGE('',*,*,#6454,.F.);
#8718=ORIENTED_EDGE('',*,*,#6300,.F.);
#8719=ORIENTED_EDGE('',*,*,#6450,.F.);
#8720=ORIENTED_EDGE('',*,*,#6075,.F.);
#8721=ORIENTED_EDGE('',*,*,#6455,.T.);
#8722=ORIENTED_EDGE('',*,*,#6112,.F.);
#8723=ORIENTED_EDGE('',*,*,#6456,.T.);
#8724=ORIENTED_EDGE('',*,*,#6203,.F.);
#8725=ORIENTED_EDGE('',*,*,#6457,.T.);
#8726=ORIENTED_EDGE('',*,*,#6113,.F.);
#8727=ORIENTED_EDGE('',*,*,#6455,.F.);
#8728=ORIENTED_EDGE('',*,*,#6202,.F.);
#8729=ORIENTED_EDGE('',*,*,#6458,.T.);
#8730=ORIENTED_EDGE('',*,*,#6114,.F.);
#8731=ORIENTED_EDGE('',*,*,#6457,.F.);
#8732=ORIENTED_EDGE('',*,*,#6201,.F.);
#8733=ORIENTED_EDGE('',*,*,#6109,.F.);
#8734=ORIENTED_EDGE('',*,*,#6458,.F.);
#8735=ORIENTED_EDGE('',*,*,#6206,.F.);
#8736=ORIENTED_EDGE('',*,*,#6459,.T.);
#8737=ORIENTED_EDGE('',*,*,#6459,.F.);
#8738=ORIENTED_EDGE('',*,*,#6205,.F.);
#8739=ORIENTED_EDGE('',*,*,#6460,.T.);
#8740=ORIENTED_EDGE('',*,*,#6110,.F.);
#8741=ORIENTED_EDGE('',*,*,#6460,.F.);
#8742=ORIENTED_EDGE('',*,*,#6204,.F.);
#8743=ORIENTED_EDGE('',*,*,#6456,.F.);
#8744=ORIENTED_EDGE('',*,*,#6111,.F.);
#8745=ORIENTED_EDGE('',*,*,#6461,.T.);
#8746=ORIENTED_EDGE('',*,*,#6148,.F.);
#8747=ORIENTED_EDGE('',*,*,#6462,.T.);
#8748=ORIENTED_EDGE('',*,*,#6326,.F.);
#8749=ORIENTED_EDGE('',*,*,#6463,.T.);
#8750=ORIENTED_EDGE('',*,*,#6149,.F.);
#8751=ORIENTED_EDGE('',*,*,#6461,.F.);
#8752=ORIENTED_EDGE('',*,*,#6325,.F.);
#8753=ORIENTED_EDGE('',*,*,#6464,.T.);
#8754=ORIENTED_EDGE('',*,*,#6150,.F.);
#8755=ORIENTED_EDGE('',*,*,#6463,.F.);
#8756=ORIENTED_EDGE('',*,*,#6324,.F.);
#8757=ORIENTED_EDGE('',*,*,#6145,.F.);
#8758=ORIENTED_EDGE('',*,*,#6464,.F.);
#8759=ORIENTED_EDGE('',*,*,#6329,.F.);
#8760=ORIENTED_EDGE('',*,*,#6465,.T.);
#8761=ORIENTED_EDGE('',*,*,#6465,.F.);
#8762=ORIENTED_EDGE('',*,*,#6328,.F.);
#8763=ORIENTED_EDGE('',*,*,#6466,.T.);
#8764=ORIENTED_EDGE('',*,*,#6146,.F.);
#8765=ORIENTED_EDGE('',*,*,#6466,.F.);
#8766=ORIENTED_EDGE('',*,*,#6327,.F.);
#8767=ORIENTED_EDGE('',*,*,#6462,.F.);
#8768=ORIENTED_EDGE('',*,*,#6147,.F.);
#8769=ORIENTED_EDGE('',*,*,#6467,.T.);
#8770=ORIENTED_EDGE('',*,*,#6151,.F.);
#8771=ORIENTED_EDGE('',*,*,#6012,.T.);
#8772=ORIENTED_EDGE('',*,*,#6284,.F.);
#8773=ORIENTED_EDGE('',*,*,#6468,.T.);
#8774=ORIENTED_EDGE('',*,*,#6152,.F.);
#8775=ORIENTED_EDGE('',*,*,#6467,.F.);
#8776=ORIENTED_EDGE('',*,*,#6283,.F.);
#8777=ORIENTED_EDGE('',*,*,#6018,.T.);
#8778=ORIENTED_EDGE('',*,*,#6153,.F.);
#8779=ORIENTED_EDGE('',*,*,#6468,.F.);
#8780=ORIENTED_EDGE('',*,*,#6282,.F.);
#8781=ORIENTED_EDGE('',*,*,#6469,.T.);
#8782=ORIENTED_EDGE('',*,*,#6115,.F.);
#8783=ORIENTED_EDGE('',*,*,#5972,.T.);
#8784=ORIENTED_EDGE('',*,*,#6245,.F.);
#8785=ORIENTED_EDGE('',*,*,#6470,.T.);
#8786=ORIENTED_EDGE('',*,*,#6116,.F.);
#8787=ORIENTED_EDGE('',*,*,#6469,.F.);
#8788=ORIENTED_EDGE('',*,*,#6244,.F.);
#8789=ORIENTED_EDGE('',*,*,#5978,.T.);
#8790=ORIENTED_EDGE('',*,*,#6117,.F.);
#8791=ORIENTED_EDGE('',*,*,#6470,.F.);
#8792=ORIENTED_EDGE('',*,*,#6243,.F.);
#8793=ORIENTED_EDGE('',*,*,#5948,.T.);
#8794=ORIENTED_EDGE('',*,*,#6090,.F.);
#8795=ORIENTED_EDGE('',*,*,#6471,.T.);
#8796=ORIENTED_EDGE('',*,*,#6246,.F.);
#8797=ORIENTED_EDGE('',*,*,#6472,.T.);
#8798=ORIENTED_EDGE('',*,*,#6088,.F.);
#8799=ORIENTED_EDGE('',*,*,#5942,.F.);
#8800=ORIENTED_EDGE('',*,*,#6248,.F.);
#8801=ORIENTED_EDGE('',*,*,#6471,.F.);
#8802=ORIENTED_EDGE('',*,*,#6089,.F.);
#8803=ORIENTED_EDGE('',*,*,#6472,.F.);
#8804=ORIENTED_EDGE('',*,*,#6247,.F.);
#8805=ORIENTED_EDGE('',*,*,#6473,.T.);
#8806=ORIENTED_EDGE('',*,*,#6124,.F.);
#8807=ORIENTED_EDGE('',*,*,#5982,.T.);
#8808=ORIENTED_EDGE('',*,*,#6281,.F.);
#8809=ORIENTED_EDGE('',*,*,#6474,.T.);
#8810=ORIENTED_EDGE('',*,*,#6125,.F.);
#8811=ORIENTED_EDGE('',*,*,#6473,.F.);
#8812=ORIENTED_EDGE('',*,*,#6280,.F.);
#8813=ORIENTED_EDGE('',*,*,#5988,.T.);
#8814=ORIENTED_EDGE('',*,*,#6126,.F.);
#8815=ORIENTED_EDGE('',*,*,#6474,.F.);
#8816=ORIENTED_EDGE('',*,*,#6279,.F.);
#8817=ORIENTED_EDGE('',*,*,#6475,.T.);
#8818=ORIENTED_EDGE('',*,*,#6160,.F.);
#8819=ORIENTED_EDGE('',*,*,#6022,.T.);
#8820=ORIENTED_EDGE('',*,*,#6209,.F.);
#8821=ORIENTED_EDGE('',*,*,#6476,.T.);
#8822=ORIENTED_EDGE('',*,*,#6161,.F.);
#8823=ORIENTED_EDGE('',*,*,#6475,.F.);
#8824=ORIENTED_EDGE('',*,*,#6208,.F.);
#8825=ORIENTED_EDGE('',*,*,#6028,.T.);
#8826=ORIENTED_EDGE('',*,*,#6162,.F.);
#8827=ORIENTED_EDGE('',*,*,#6476,.F.);
#8828=ORIENTED_EDGE('',*,*,#6207,.F.);
#8829=ORIENTED_EDGE('',*,*,#6477,.T.);
#8830=ORIENTED_EDGE('',*,*,#6139,.F.);
#8831=ORIENTED_EDGE('',*,*,#6478,.T.);
#8832=ORIENTED_EDGE('',*,*,#6236,.F.);
#8833=ORIENTED_EDGE('',*,*,#6479,.T.);
#8834=ORIENTED_EDGE('',*,*,#6140,.F.);
#8835=ORIENTED_EDGE('',*,*,#6477,.F.);
#8836=ORIENTED_EDGE('',*,*,#6235,.F.);
#8837=ORIENTED_EDGE('',*,*,#6480,.T.);
#8838=ORIENTED_EDGE('',*,*,#6141,.F.);
#8839=ORIENTED_EDGE('',*,*,#6479,.F.);
#8840=ORIENTED_EDGE('',*,*,#6234,.F.);
#8841=ORIENTED_EDGE('',*,*,#6136,.F.);
#8842=ORIENTED_EDGE('',*,*,#6480,.F.);
#8843=ORIENTED_EDGE('',*,*,#6239,.F.);
#8844=ORIENTED_EDGE('',*,*,#6481,.T.);
#8845=ORIENTED_EDGE('',*,*,#6481,.F.);
#8846=ORIENTED_EDGE('',*,*,#6238,.F.);
#8847=ORIENTED_EDGE('',*,*,#6482,.T.);
#8848=ORIENTED_EDGE('',*,*,#6137,.F.);
#8849=ORIENTED_EDGE('',*,*,#6482,.F.);
#8850=ORIENTED_EDGE('',*,*,#6237,.F.);
#8851=ORIENTED_EDGE('',*,*,#6478,.F.);
#8852=ORIENTED_EDGE('',*,*,#6138,.F.);
#8853=ORIENTED_EDGE('',*,*,#6483,.T.);
#8854=ORIENTED_EDGE('',*,*,#6103,.F.);
#8855=ORIENTED_EDGE('',*,*,#6484,.T.);
#8856=ORIENTED_EDGE('',*,*,#6269,.F.);
#8857=ORIENTED_EDGE('',*,*,#6485,.T.);
#8858=ORIENTED_EDGE('',*,*,#6104,.F.);
#8859=ORIENTED_EDGE('',*,*,#6483,.F.);
#8860=ORIENTED_EDGE('',*,*,#6268,.F.);
#8861=ORIENTED_EDGE('',*,*,#6486,.T.);
#8862=ORIENTED_EDGE('',*,*,#6105,.F.);
#8863=ORIENTED_EDGE('',*,*,#6485,.F.);
#8864=ORIENTED_EDGE('',*,*,#6267,.F.);
#8865=ORIENTED_EDGE('',*,*,#6100,.F.);
#8866=ORIENTED_EDGE('',*,*,#6486,.F.);
#8867=ORIENTED_EDGE('',*,*,#6272,.F.);
#8868=ORIENTED_EDGE('',*,*,#6487,.T.);
#8869=ORIENTED_EDGE('',*,*,#6487,.F.);
#8870=ORIENTED_EDGE('',*,*,#6271,.F.);
#8871=ORIENTED_EDGE('',*,*,#6488,.T.);
#8872=ORIENTED_EDGE('',*,*,#6101,.F.);
#8873=ORIENTED_EDGE('',*,*,#6488,.F.);
#8874=ORIENTED_EDGE('',*,*,#6270,.F.);
#8875=ORIENTED_EDGE('',*,*,#6484,.F.);
#8876=ORIENTED_EDGE('',*,*,#6102,.F.);
#8877=ORIENTED_EDGE('',*,*,#6489,.T.);
#8878=ORIENTED_EDGE('',*,*,#6067,.F.);
#8879=ORIENTED_EDGE('',*,*,#6490,.T.);
#8880=ORIENTED_EDGE('',*,*,#6212,.F.);
#8881=ORIENTED_EDGE('',*,*,#6491,.T.);
#8882=ORIENTED_EDGE('',*,*,#6068,.F.);
#8883=ORIENTED_EDGE('',*,*,#6489,.F.);
#8884=ORIENTED_EDGE('',*,*,#6211,.F.);
#8885=ORIENTED_EDGE('',*,*,#6492,.T.);
#8886=ORIENTED_EDGE('',*,*,#6069,.F.);
#8887=ORIENTED_EDGE('',*,*,#6491,.F.);
#8888=ORIENTED_EDGE('',*,*,#6210,.F.);
#8889=ORIENTED_EDGE('',*,*,#6064,.F.);
#8890=ORIENTED_EDGE('',*,*,#6492,.F.);
#8891=ORIENTED_EDGE('',*,*,#6215,.F.);
#8892=ORIENTED_EDGE('',*,*,#6493,.T.);
#8893=ORIENTED_EDGE('',*,*,#6493,.F.);
#8894=ORIENTED_EDGE('',*,*,#6214,.F.);
#8895=ORIENTED_EDGE('',*,*,#6494,.T.);
#8896=ORIENTED_EDGE('',*,*,#6065,.F.);
#8897=ORIENTED_EDGE('',*,*,#6494,.F.);
#8898=ORIENTED_EDGE('',*,*,#6213,.F.);
#8899=ORIENTED_EDGE('',*,*,#6490,.F.);
#8900=ORIENTED_EDGE('',*,*,#6066,.F.);
#8901=ORIENTED_EDGE('',*,*,#6495,.T.);
#8902=ORIENTED_EDGE('',*,*,#6037,.F.);
#8903=ORIENTED_EDGE('',*,*,#5882,.T.);
#8904=ORIENTED_EDGE('',*,*,#6266,.F.);
#8905=ORIENTED_EDGE('',*,*,#6496,.T.);
#8906=ORIENTED_EDGE('',*,*,#6038,.F.);
#8907=ORIENTED_EDGE('',*,*,#6495,.F.);
#8908=ORIENTED_EDGE('',*,*,#6265,.F.);
#8909=ORIENTED_EDGE('',*,*,#5888,.T.);
#8910=ORIENTED_EDGE('',*,*,#6039,.F.);
#8911=ORIENTED_EDGE('',*,*,#6496,.F.);
#8912=ORIENTED_EDGE('',*,*,#6264,.F.);
#8913=ORIENTED_EDGE('',*,*,#6497,.T.);
#8914=ORIENTED_EDGE('',*,*,#6070,.F.);
#8915=ORIENTED_EDGE('',*,*,#5922,.T.);
#8916=ORIENTED_EDGE('',*,*,#6251,.F.);
#8917=ORIENTED_EDGE('',*,*,#6498,.T.);
#8918=ORIENTED_EDGE('',*,*,#6071,.F.);
#8919=ORIENTED_EDGE('',*,*,#6497,.F.);
#8920=ORIENTED_EDGE('',*,*,#6250,.F.);
#8921=ORIENTED_EDGE('',*,*,#5928,.T.);
#8922=ORIENTED_EDGE('',*,*,#6072,.F.);
#8923=ORIENTED_EDGE('',*,*,#6498,.F.);
#8924=ORIENTED_EDGE('',*,*,#6249,.F.);
#8925=ORIENTED_EDGE('',*,*,#6499,.T.);
#8926=ORIENTED_EDGE('',*,*,#6052,.F.);
#8927=ORIENTED_EDGE('',*,*,#5902,.T.);
#8928=ORIENTED_EDGE('',*,*,#6242,.F.);
#8929=ORIENTED_EDGE('',*,*,#6500,.T.);
#8930=ORIENTED_EDGE('',*,*,#6053,.F.);
#8931=ORIENTED_EDGE('',*,*,#6499,.F.);
#8932=ORIENTED_EDGE('',*,*,#6241,.F.);
#8933=ORIENTED_EDGE('',*,*,#5908,.T.);
#8934=ORIENTED_EDGE('',*,*,#6054,.F.);
#8935=ORIENTED_EDGE('',*,*,#6500,.F.);
#8936=ORIENTED_EDGE('',*,*,#6240,.F.);
#8937=ORIENTED_EDGE('',*,*,#6501,.T.);
#8938=ORIENTED_EDGE('',*,*,#6049,.F.);
#8939=ORIENTED_EDGE('',*,*,#6502,.T.);
#8940=ORIENTED_EDGE('',*,*,#6254,.F.);
#8941=ORIENTED_EDGE('',*,*,#6503,.T.);
#8942=ORIENTED_EDGE('',*,*,#6050,.F.);
#8943=ORIENTED_EDGE('',*,*,#6501,.F.);
#8944=ORIENTED_EDGE('',*,*,#6253,.F.);
#8945=ORIENTED_EDGE('',*,*,#6504,.T.);
#8946=ORIENTED_EDGE('',*,*,#6051,.F.);
#8947=ORIENTED_EDGE('',*,*,#6503,.F.);
#8948=ORIENTED_EDGE('',*,*,#6252,.F.);
#8949=ORIENTED_EDGE('',*,*,#6046,.F.);
#8950=ORIENTED_EDGE('',*,*,#6504,.F.);
#8951=ORIENTED_EDGE('',*,*,#6257,.F.);
#8952=ORIENTED_EDGE('',*,*,#6505,.T.);
#8953=ORIENTED_EDGE('',*,*,#6505,.F.);
#8954=ORIENTED_EDGE('',*,*,#6256,.F.);
#8955=ORIENTED_EDGE('',*,*,#6506,.T.);
#8956=ORIENTED_EDGE('',*,*,#6047,.F.);
#8957=ORIENTED_EDGE('',*,*,#6506,.F.);
#8958=ORIENTED_EDGE('',*,*,#6255,.F.);
#8959=ORIENTED_EDGE('',*,*,#6502,.F.);
#8960=ORIENTED_EDGE('',*,*,#6048,.F.);
#8961=ORIENTED_EDGE('',*,*,#6507,.T.);
#8962=ORIENTED_EDGE('',*,*,#6085,.F.);
#8963=ORIENTED_EDGE('',*,*,#6508,.T.);
#8964=ORIENTED_EDGE('',*,*,#6293,.F.);
#8965=ORIENTED_EDGE('',*,*,#6509,.T.);
#8966=ORIENTED_EDGE('',*,*,#6086,.F.);
#8967=ORIENTED_EDGE('',*,*,#6507,.F.);
#8968=ORIENTED_EDGE('',*,*,#6292,.F.);
#8969=ORIENTED_EDGE('',*,*,#6510,.T.);
#8970=ORIENTED_EDGE('',*,*,#6087,.F.);
#8971=ORIENTED_EDGE('',*,*,#6509,.F.);
#8972=ORIENTED_EDGE('',*,*,#6291,.F.);
#8973=ORIENTED_EDGE('',*,*,#6082,.F.);
#8974=ORIENTED_EDGE('',*,*,#6510,.F.);
#8975=ORIENTED_EDGE('',*,*,#6296,.F.);
#8976=ORIENTED_EDGE('',*,*,#6511,.T.);
#8977=ORIENTED_EDGE('',*,*,#6511,.F.);
#8978=ORIENTED_EDGE('',*,*,#6295,.F.);
#8979=ORIENTED_EDGE('',*,*,#6512,.T.);
#8980=ORIENTED_EDGE('',*,*,#6083,.F.);
#8981=ORIENTED_EDGE('',*,*,#6512,.F.);
#8982=ORIENTED_EDGE('',*,*,#6294,.F.);
#8983=ORIENTED_EDGE('',*,*,#6508,.F.);
#8984=ORIENTED_EDGE('',*,*,#6084,.F.);
#8985=ORIENTED_EDGE('',*,*,#6513,.T.);
#8986=ORIENTED_EDGE('',*,*,#6121,.F.);
#8987=ORIENTED_EDGE('',*,*,#6514,.T.);
#8988=ORIENTED_EDGE('',*,*,#6275,.F.);
#8989=ORIENTED_EDGE('',*,*,#6515,.T.);
#8990=ORIENTED_EDGE('',*,*,#6122,.F.);
#8991=ORIENTED_EDGE('',*,*,#6513,.F.);
#8992=ORIENTED_EDGE('',*,*,#6274,.F.);
#8993=ORIENTED_EDGE('',*,*,#6516,.T.);
#8994=ORIENTED_EDGE('',*,*,#6123,.F.);
#8995=ORIENTED_EDGE('',*,*,#6515,.F.);
#8996=ORIENTED_EDGE('',*,*,#6273,.F.);
#8997=ORIENTED_EDGE('',*,*,#6118,.F.);
#8998=ORIENTED_EDGE('',*,*,#6516,.F.);
#8999=ORIENTED_EDGE('',*,*,#6278,.F.);
#9000=ORIENTED_EDGE('',*,*,#6517,.T.);
#9001=ORIENTED_EDGE('',*,*,#6517,.F.);
#9002=ORIENTED_EDGE('',*,*,#6277,.F.);
#9003=ORIENTED_EDGE('',*,*,#6518,.T.);
#9004=ORIENTED_EDGE('',*,*,#6119,.F.);
#9005=ORIENTED_EDGE('',*,*,#6518,.F.);
#9006=ORIENTED_EDGE('',*,*,#6276,.F.);
#9007=ORIENTED_EDGE('',*,*,#6514,.F.);
#9008=ORIENTED_EDGE('',*,*,#6120,.F.);
#9009=ORIENTED_EDGE('',*,*,#6519,.T.);
#9010=ORIENTED_EDGE('',*,*,#6157,.F.);
#9011=ORIENTED_EDGE('',*,*,#6520,.T.);
#9012=ORIENTED_EDGE('',*,*,#6308,.F.);
#9013=ORIENTED_EDGE('',*,*,#6521,.T.);
#9014=ORIENTED_EDGE('',*,*,#6158,.F.);
#9015=ORIENTED_EDGE('',*,*,#6519,.F.);
#9016=ORIENTED_EDGE('',*,*,#6307,.F.);
#9017=ORIENTED_EDGE('',*,*,#6522,.T.);
#9018=ORIENTED_EDGE('',*,*,#6159,.F.);
#9019=ORIENTED_EDGE('',*,*,#6521,.F.);
#9020=ORIENTED_EDGE('',*,*,#6306,.F.);
#9021=ORIENTED_EDGE('',*,*,#6154,.F.);
#9022=ORIENTED_EDGE('',*,*,#6522,.F.);
#9023=ORIENTED_EDGE('',*,*,#6311,.F.);
#9024=ORIENTED_EDGE('',*,*,#6523,.T.);
#9025=ORIENTED_EDGE('',*,*,#6523,.F.);
#9026=ORIENTED_EDGE('',*,*,#6310,.F.);
#9027=ORIENTED_EDGE('',*,*,#6524,.T.);
#9028=ORIENTED_EDGE('',*,*,#6155,.F.);
#9029=ORIENTED_EDGE('',*,*,#6524,.F.);
#9030=ORIENTED_EDGE('',*,*,#6309,.F.);
#9031=ORIENTED_EDGE('',*,*,#6520,.F.);
#9032=ORIENTED_EDGE('',*,*,#6156,.F.);
#9033=ORIENTED_EDGE('',*,*,#6525,.T.);
#9034=ORIENTED_EDGE('',*,*,#6142,.F.);
#9035=ORIENTED_EDGE('',*,*,#6002,.T.);
#9036=ORIENTED_EDGE('',*,*,#6314,.F.);
#9037=ORIENTED_EDGE('',*,*,#6526,.T.);
#9038=ORIENTED_EDGE('',*,*,#6143,.F.);
#9039=ORIENTED_EDGE('',*,*,#6525,.F.);
#9040=ORIENTED_EDGE('',*,*,#6313,.F.);
#9041=ORIENTED_EDGE('',*,*,#6008,.T.);
#9042=ORIENTED_EDGE('',*,*,#6144,.F.);
#9043=ORIENTED_EDGE('',*,*,#6526,.F.);
#9044=ORIENTED_EDGE('',*,*,#6312,.F.);
#9045=ORIENTED_EDGE('',*,*,#6527,.T.);
#9046=ORIENTED_EDGE('',*,*,#6106,.F.);
#9047=ORIENTED_EDGE('',*,*,#5962,.T.);
#9048=ORIENTED_EDGE('',*,*,#6224,.F.);
#9049=ORIENTED_EDGE('',*,*,#6528,.T.);
#9050=ORIENTED_EDGE('',*,*,#6107,.F.);
#9051=ORIENTED_EDGE('',*,*,#6527,.F.);
#9052=ORIENTED_EDGE('',*,*,#6223,.F.);
#9053=ORIENTED_EDGE('',*,*,#5968,.T.);
#9054=ORIENTED_EDGE('',*,*,#6108,.F.);
#9055=ORIENTED_EDGE('',*,*,#6528,.F.);
#9056=ORIENTED_EDGE('',*,*,#6222,.F.);
#9057=ORIENTED_EDGE('',*,*,#6529,.T.);
#9058=ORIENTED_EDGE('',*,*,#6097,.F.);
#9059=ORIENTED_EDGE('',*,*,#5952,.T.);
#9060=ORIENTED_EDGE('',*,*,#6218,.F.);
#9061=ORIENTED_EDGE('',*,*,#6530,.T.);
#9062=ORIENTED_EDGE('',*,*,#6098,.F.);
#9063=ORIENTED_EDGE('',*,*,#6529,.F.);
#9064=ORIENTED_EDGE('',*,*,#6217,.F.);
#9065=ORIENTED_EDGE('',*,*,#5958,.T.);
#9066=ORIENTED_EDGE('',*,*,#6099,.F.);
#9067=ORIENTED_EDGE('',*,*,#6530,.F.);
#9068=ORIENTED_EDGE('',*,*,#6216,.F.);
#9069=ORIENTED_EDGE('',*,*,#6531,.T.);
#9070=ORIENTED_EDGE('',*,*,#6133,.F.);
#9071=ORIENTED_EDGE('',*,*,#5992,.T.);
#9072=ORIENTED_EDGE('',*,*,#6227,.F.);
#9073=ORIENTED_EDGE('',*,*,#6532,.T.);
#9074=ORIENTED_EDGE('',*,*,#6134,.F.);
#9075=ORIENTED_EDGE('',*,*,#6531,.F.);
#9076=ORIENTED_EDGE('',*,*,#6226,.F.);
#9077=ORIENTED_EDGE('',*,*,#5998,.T.);
#9078=ORIENTED_EDGE('',*,*,#6135,.F.);
#9079=ORIENTED_EDGE('',*,*,#6532,.F.);
#9080=ORIENTED_EDGE('',*,*,#6225,.F.);
#9081=ORIENTED_EDGE('',*,*,#6533,.T.);
#9082=ORIENTED_EDGE('',*,*,#6174,.F.);
#9083=ORIENTED_EDGE('',*,*,#6534,.T.);
#9084=ORIENTED_EDGE('',*,*,#6317,.F.);
#9085=ORIENTED_EDGE('',*,*,#6535,.T.);
#9086=ORIENTED_EDGE('',*,*,#6175,.F.);
#9087=ORIENTED_EDGE('',*,*,#6533,.F.);
#9088=ORIENTED_EDGE('',*,*,#6316,.F.);
#9089=ORIENTED_EDGE('',*,*,#6536,.T.);
#9090=ORIENTED_EDGE('',*,*,#6176,.F.);
#9091=ORIENTED_EDGE('',*,*,#6535,.F.);
#9092=ORIENTED_EDGE('',*,*,#6315,.F.);
#9093=ORIENTED_EDGE('',*,*,#6171,.F.);
#9094=ORIENTED_EDGE('',*,*,#6536,.F.);
#9095=ORIENTED_EDGE('',*,*,#6320,.F.);
#9096=ORIENTED_EDGE('',*,*,#6537,.T.);
#9097=ORIENTED_EDGE('',*,*,#6537,.F.);
#9098=ORIENTED_EDGE('',*,*,#6319,.F.);
#9099=ORIENTED_EDGE('',*,*,#6538,.T.);
#9100=ORIENTED_EDGE('',*,*,#6172,.F.);
#9101=ORIENTED_EDGE('',*,*,#6538,.F.);
#9102=ORIENTED_EDGE('',*,*,#6318,.F.);
#9103=ORIENTED_EDGE('',*,*,#6534,.F.);
#9104=ORIENTED_EDGE('',*,*,#6173,.F.);
#9105=ORIENTED_EDGE('',*,*,#6539,.T.);
#9106=ORIENTED_EDGE('',*,*,#6130,.F.);
#9107=ORIENTED_EDGE('',*,*,#6540,.T.);
#9108=ORIENTED_EDGE('',*,*,#6260,.F.);
#9109=ORIENTED_EDGE('',*,*,#6541,.T.);
#9110=ORIENTED_EDGE('',*,*,#6131,.F.);
#9111=ORIENTED_EDGE('',*,*,#6539,.F.);
#9112=ORIENTED_EDGE('',*,*,#6259,.F.);
#9113=ORIENTED_EDGE('',*,*,#6542,.T.);
#9114=ORIENTED_EDGE('',*,*,#6132,.F.);
#9115=ORIENTED_EDGE('',*,*,#6541,.F.);
#9116=ORIENTED_EDGE('',*,*,#6258,.F.);
#9117=ORIENTED_EDGE('',*,*,#6127,.F.);
#9118=ORIENTED_EDGE('',*,*,#6542,.F.);
#9119=ORIENTED_EDGE('',*,*,#6263,.F.);
#9120=ORIENTED_EDGE('',*,*,#6543,.T.);
#9121=ORIENTED_EDGE('',*,*,#6543,.F.);
#9122=ORIENTED_EDGE('',*,*,#6262,.F.);
#9123=ORIENTED_EDGE('',*,*,#6544,.T.);
#9124=ORIENTED_EDGE('',*,*,#6128,.F.);
#9125=ORIENTED_EDGE('',*,*,#6544,.F.);
#9126=ORIENTED_EDGE('',*,*,#6261,.F.);
#9127=ORIENTED_EDGE('',*,*,#6540,.F.);
#9128=ORIENTED_EDGE('',*,*,#6129,.F.);
#9129=ORIENTED_EDGE('',*,*,#6545,.T.);
#9130=ORIENTED_EDGE('',*,*,#6094,.F.);
#9131=ORIENTED_EDGE('',*,*,#6546,.T.);
#9132=ORIENTED_EDGE('',*,*,#6230,.F.);
#9133=ORIENTED_EDGE('',*,*,#6547,.T.);
#9134=ORIENTED_EDGE('',*,*,#6095,.F.);
#9135=ORIENTED_EDGE('',*,*,#6545,.F.);
#9136=ORIENTED_EDGE('',*,*,#6229,.F.);
#9137=ORIENTED_EDGE('',*,*,#6548,.T.);
#9138=ORIENTED_EDGE('',*,*,#6096,.F.);
#9139=ORIENTED_EDGE('',*,*,#6547,.F.);
#9140=ORIENTED_EDGE('',*,*,#6228,.F.);
#9141=ORIENTED_EDGE('',*,*,#6091,.F.);
#9142=ORIENTED_EDGE('',*,*,#6548,.F.);
#9143=ORIENTED_EDGE('',*,*,#6233,.F.);
#9144=ORIENTED_EDGE('',*,*,#6549,.T.);
#9145=ORIENTED_EDGE('',*,*,#6549,.F.);
#9146=ORIENTED_EDGE('',*,*,#6232,.F.);
#9147=ORIENTED_EDGE('',*,*,#6550,.T.);
#9148=ORIENTED_EDGE('',*,*,#6092,.F.);
#9149=ORIENTED_EDGE('',*,*,#6550,.F.);
#9150=ORIENTED_EDGE('',*,*,#6231,.F.);
#9151=ORIENTED_EDGE('',*,*,#6546,.F.);
#9152=ORIENTED_EDGE('',*,*,#6093,.F.);
#9153=ORIENTED_EDGE('',*,*,#6551,.T.);
#9154=ORIENTED_EDGE('',*,*,#6058,.F.);
#9155=ORIENTED_EDGE('',*,*,#6552,.T.);
#9156=ORIENTED_EDGE('',*,*,#6287,.F.);
#9157=ORIENTED_EDGE('',*,*,#6553,.T.);
#9158=ORIENTED_EDGE('',*,*,#6059,.F.);
#9159=ORIENTED_EDGE('',*,*,#6551,.F.);
#9160=ORIENTED_EDGE('',*,*,#6286,.F.);
#9161=ORIENTED_EDGE('',*,*,#6554,.T.);
#9162=ORIENTED_EDGE('',*,*,#6060,.F.);
#9163=ORIENTED_EDGE('',*,*,#6553,.F.);
#9164=ORIENTED_EDGE('',*,*,#6285,.F.);
#9165=ORIENTED_EDGE('',*,*,#6055,.F.);
#9166=ORIENTED_EDGE('',*,*,#6554,.F.);
#9167=ORIENTED_EDGE('',*,*,#6290,.F.);
#9168=ORIENTED_EDGE('',*,*,#6555,.T.);
#9169=ORIENTED_EDGE('',*,*,#6555,.F.);
#9170=ORIENTED_EDGE('',*,*,#6289,.F.);
#9171=ORIENTED_EDGE('',*,*,#6556,.T.);
#9172=ORIENTED_EDGE('',*,*,#6056,.F.);
#9173=ORIENTED_EDGE('',*,*,#6556,.F.);
#9174=ORIENTED_EDGE('',*,*,#6288,.F.);
#9175=ORIENTED_EDGE('',*,*,#6552,.F.);
#9176=ORIENTED_EDGE('',*,*,#6057,.F.);
#9177=ORIENTED_EDGE('',*,*,#6557,.T.);
#9178=ORIENTED_EDGE('',*,*,#6043,.F.);
#9179=ORIENTED_EDGE('',*,*,#5892,.T.);
#9180=ORIENTED_EDGE('',*,*,#6200,.F.);
#9181=ORIENTED_EDGE('',*,*,#6558,.T.);
#9182=ORIENTED_EDGE('',*,*,#6044,.F.);
#9183=ORIENTED_EDGE('',*,*,#6557,.F.);
#9184=ORIENTED_EDGE('',*,*,#6199,.F.);
#9185=ORIENTED_EDGE('',*,*,#5898,.T.);
#9186=ORIENTED_EDGE('',*,*,#6045,.F.);
#9187=ORIENTED_EDGE('',*,*,#6558,.F.);
#9188=ORIENTED_EDGE('',*,*,#6198,.F.);
#9189=ORIENTED_EDGE('',*,*,#6559,.T.);
#9190=ORIENTED_EDGE('',*,*,#6079,.F.);
#9191=ORIENTED_EDGE('',*,*,#5932,.T.);
#9192=ORIENTED_EDGE('',*,*,#6323,.F.);
#9193=ORIENTED_EDGE('',*,*,#6560,.T.);
#9194=ORIENTED_EDGE('',*,*,#6080,.F.);
#9195=ORIENTED_EDGE('',*,*,#6559,.F.);
#9196=ORIENTED_EDGE('',*,*,#6322,.F.);
#9197=ORIENTED_EDGE('',*,*,#5938,.T.);
#9198=ORIENTED_EDGE('',*,*,#6081,.F.);
#9199=ORIENTED_EDGE('',*,*,#6560,.F.);
#9200=ORIENTED_EDGE('',*,*,#6321,.F.);
#9201=ORIENTED_EDGE('',*,*,#6351,.F.);
#9202=ORIENTED_EDGE('',*,*,#6440,.F.);
#9203=ORIENTED_EDGE('',*,*,#6170,.T.);
#9204=ORIENTED_EDGE('',*,*,#6561,.F.);
#9205=ORIENTED_EDGE('',*,*,#6400,.F.);
#9206=ORIENTED_EDGE('',*,*,#6562,.F.);
#9207=ORIENTED_EDGE('',*,*,#6187,.F.);
#9208=ORIENTED_EDGE('',*,*,#6563,.F.);
#9209=ORIENTED_EDGE('',*,*,#6398,.F.);
#9210=ORIENTED_EDGE('',*,*,#6564,.T.);
#9211=ORIENTED_EDGE('',*,*,#6188,.T.);
#9212=ORIENTED_EDGE('',*,*,#6562,.T.);
#9213=ORIENTED_EDGE('',*,*,#6396,.F.);
#9214=ORIENTED_EDGE('',*,*,#6437,.F.);
#9215=ORIENTED_EDGE('',*,*,#6189,.T.);
#9216=ORIENTED_EDGE('',*,*,#6564,.F.);
#9217=ORIENTED_EDGE('',*,*,#6402,.F.);
#9218=ORIENTED_EDGE('',*,*,#6563,.T.);
#9219=ORIENTED_EDGE('',*,*,#6186,.T.);
#9220=ORIENTED_EDGE('',*,*,#6439,.T.);
#9221=ORIENTED_EDGE('',*,*,#6422,.F.);
#9222=ORIENTED_EDGE('',*,*,#6565,.T.);
#9223=ORIENTED_EDGE('',*,*,#6178,.T.);
#9224=ORIENTED_EDGE('',*,*,#6436,.T.);
#9225=ORIENTED_EDGE('',*,*,#6420,.F.);
#9226=ORIENTED_EDGE('',*,*,#6566,.F.);
#9227=ORIENTED_EDGE('',*,*,#6179,.F.);
#9228=ORIENTED_EDGE('',*,*,#6565,.F.);
#9229=ORIENTED_EDGE('',*,*,#6418,.F.);
#9230=ORIENTED_EDGE('',*,*,#6444,.T.);
#9231=ORIENTED_EDGE('',*,*,#6180,.T.);
#9232=ORIENTED_EDGE('',*,*,#6566,.T.);
#9233=ORIENTED_EDGE('',*,*,#6354,.F.);
#9234=ORIENTED_EDGE('',*,*,#6561,.T.);
#9235=ORIENTED_EDGE('',*,*,#6169,.T.);
#9236=ORIENTED_EDGE('',*,*,#6567,.T.);
#9237=ORIENTED_EDGE('',*,*,#6360,.F.);
#9238=ORIENTED_EDGE('',*,*,#6568,.T.);
#9239=ORIENTED_EDGE('',*,*,#6167,.T.);
#9240=ORIENTED_EDGE('',*,*,#6442,.T.);
#9241=ORIENTED_EDGE('',*,*,#6357,.F.);
#9242=ORIENTED_EDGE('',*,*,#6567,.F.);
#9243=ORIENTED_EDGE('',*,*,#6168,.F.);
#9244=ORIENTED_EDGE('',*,*,#6568,.F.);
#9245=CYLINDRICAL_SURFACE('',#9869,2.69999999999996);
#9246=CYLINDRICAL_SURFACE('',#9880,2.70000000000003);
#9247=CYLINDRICAL_SURFACE('',#9891,2.7);
#9248=CYLINDRICAL_SURFACE('',#9902,2.7);
#9249=CYLINDRICAL_SURFACE('',#9913,2.7);
#9250=CYLINDRICAL_SURFACE('',#9924,2.7);
#9251=CYLINDRICAL_SURFACE('',#9935,2.7);
#9252=CYLINDRICAL_SURFACE('',#9946,2.7);
#9253=CYLINDRICAL_SURFACE('',#9957,2.7);
#9254=CYLINDRICAL_SURFACE('',#9968,2.7);
#9255=CYLINDRICAL_SURFACE('',#9979,2.7);
#9256=CYLINDRICAL_SURFACE('',#9990,2.7);
#9257=CYLINDRICAL_SURFACE('',#10001,2.7);
#9258=CYLINDRICAL_SURFACE('',#10012,2.69999999999996);
#9259=CYLINDRICAL_SURFACE('',#10023,2.69999999999996);
#9260=CYLINDRICAL_SURFACE('',#10034,2.70000000000003);
#9261=CYLINDRICAL_SURFACE('',#10045,2.7);
#9262=CYLINDRICAL_SURFACE('',#10056,2.7);
#9263=CYLINDRICAL_SURFACE('',#10067,2.7);
#9264=CYLINDRICAL_SURFACE('',#10078,2.7);
#9265=CYLINDRICAL_SURFACE('',#10089,2.7);
#9266=CYLINDRICAL_SURFACE('',#10100,2.7);
#9267=CYLINDRICAL_SURFACE('',#10111,2.7);
#9268=CYLINDRICAL_SURFACE('',#10122,2.7);
#9269=CYLINDRICAL_SURFACE('',#10133,2.7);
#9270=CYLINDRICAL_SURFACE('',#10144,2.7);
#9271=CYLINDRICAL_SURFACE('',#10155,2.7);
#9272=CYLINDRICAL_SURFACE('',#10166,2.7);
#9273=CYLINDRICAL_SURFACE('',#10177,2.69999999999996);
#9274=CYLINDRICAL_SURFACE('',#10188,2.69999999999996);
#9275=CYLINDRICAL_SURFACE('',#10199,1.75000000000011);
#9276=CYLINDRICAL_SURFACE('',#10202,1.75000000000011);
#9277=CYLINDRICAL_SURFACE('',#10205,1.75000000000011);
#9278=CYLINDRICAL_SURFACE('',#10208,1.75000000000011);
#9279=CYLINDRICAL_SURFACE('',#10211,2.5);
#9280=CYLINDRICAL_SURFACE('',#10282,61.);
#9281=CYLINDRICAL_SURFACE('',#10300,2.);
#9282=CYLINDRICAL_SURFACE('',#10314,2.);
#9283=CYLINDRICAL_SURFACE('',#10340,2.);
#9284=CYLINDRICAL_SURFACE('',#10351,2.);
#9285=CYLINDRICAL_SURFACE('',#10361,2.);
#9286=CYLINDRICAL_SURFACE('',#10372,2.);
#9287=CYLINDRICAL_SURFACE('',#10377,47.5);
#9288=CYLINDRICAL_SURFACE('',#10378,47.5);
#9289=CYLINDRICAL_SURFACE('',#10379,47.5);
#9290=CYLINDRICAL_SURFACE('',#10380,10.);
#9291=CYLINDRICAL_SURFACE('',#10382,10.);
#9292=CYLINDRICAL_SURFACE('',#10383,10.);
#9293=CYLINDRICAL_SURFACE('',#10385,10.);
#9294=CYLINDRICAL_SURFACE('',#10386,10.);
#9295=CYLINDRICAL_SURFACE('',#10388,10.);
#9296=CYLINDRICAL_SURFACE('',#10523,12.5);
#9297=CYLINDRICAL_SURFACE('',#10524,5.);
#9298=CYLINDRICAL_SURFACE('',#10526,5.);
#9299=CYLINDRICAL_SURFACE('',#10527,5.);
#9300=CYLINDRICAL_SURFACE('',#10528,12.5);
#9301=CYLINDRICAL_SURFACE('',#10529,5.);
#9302=CYLINDRICAL_SURFACE('',#10530,5.);
#9303=CYLINDRICAL_SURFACE('',#10531,5.);
#9304=CYLINDRICAL_SURFACE('',#10532,12.5);
#9305=ADVANCED_FACE('',(#713),#9245,.F.);
#9306=ADVANCED_FACE('',(#714),#284,.T.);
#9307=ADVANCED_FACE('',(#715),#285,.T.);
#9308=ADVANCED_FACE('',(#716),#286,.T.);
#9309=ADVANCED_FACE('',(#717),#287,.T.);
#9310=ADVANCED_FACE('',(#718),#288,.T.);
#9311=ADVANCED_FACE('',(#719),#289,.T.);
#9312=ADVANCED_FACE('',(#720,#150),#290,.T.);
#9313=ADVANCED_FACE('',(#721,#151),#291,.F.);
#9314=ADVANCED_FACE('',(#722),#9246,.F.);
#9315=ADVANCED_FACE('',(#723),#292,.T.);
#9316=ADVANCED_FACE('',(#724),#293,.T.);
#9317=ADVANCED_FACE('',(#725),#294,.T.);
#9318=ADVANCED_FACE('',(#726),#295,.T.);
#9319=ADVANCED_FACE('',(#727),#296,.T.);
#9320=ADVANCED_FACE('',(#728),#297,.T.);
#9321=ADVANCED_FACE('',(#729,#152),#298,.T.);
#9322=ADVANCED_FACE('',(#730,#153),#299,.F.);
#9323=ADVANCED_FACE('',(#731),#9247,.F.);
#9324=ADVANCED_FACE('',(#732),#300,.T.);
#9325=ADVANCED_FACE('',(#733),#301,.T.);
#9326=ADVANCED_FACE('',(#734),#302,.T.);
#9327=ADVANCED_FACE('',(#735),#303,.T.);
#9328=ADVANCED_FACE('',(#736),#304,.T.);
#9329=ADVANCED_FACE('',(#737),#305,.T.);
#9330=ADVANCED_FACE('',(#738,#154),#306,.T.);
#9331=ADVANCED_FACE('',(#739,#155),#307,.F.);
#9332=ADVANCED_FACE('',(#740),#9248,.F.);
#9333=ADVANCED_FACE('',(#741),#308,.T.);
#9334=ADVANCED_FACE('',(#742),#309,.T.);
#9335=ADVANCED_FACE('',(#743),#310,.T.);
#9336=ADVANCED_FACE('',(#744),#311,.T.);
#9337=ADVANCED_FACE('',(#745),#312,.T.);
#9338=ADVANCED_FACE('',(#746),#313,.T.);
#9339=ADVANCED_FACE('',(#747,#156),#314,.T.);
#9340=ADVANCED_FACE('',(#748,#157),#315,.F.);
#9341=ADVANCED_FACE('',(#749),#9249,.F.);
#9342=ADVANCED_FACE('',(#750),#316,.T.);
#9343=ADVANCED_FACE('',(#751),#317,.T.);
#9344=ADVANCED_FACE('',(#752),#318,.T.);
#9345=ADVANCED_FACE('',(#753),#319,.T.);
#9346=ADVANCED_FACE('',(#754),#320,.T.);
#9347=ADVANCED_FACE('',(#755),#321,.T.);
#9348=ADVANCED_FACE('',(#756,#158),#322,.T.);
#9349=ADVANCED_FACE('',(#757,#159),#323,.F.);
#9350=ADVANCED_FACE('',(#758),#9250,.F.);
#9351=ADVANCED_FACE('',(#759),#324,.T.);
#9352=ADVANCED_FACE('',(#760),#325,.T.);
#9353=ADVANCED_FACE('',(#761),#326,.T.);
#9354=ADVANCED_FACE('',(#762),#327,.T.);
#9355=ADVANCED_FACE('',(#763),#328,.T.);
#9356=ADVANCED_FACE('',(#764),#329,.T.);
#9357=ADVANCED_FACE('',(#765,#160),#330,.T.);
#9358=ADVANCED_FACE('',(#766,#161),#331,.F.);
#9359=ADVANCED_FACE('',(#767),#9251,.F.);
#9360=ADVANCED_FACE('',(#768),#332,.T.);
#9361=ADVANCED_FACE('',(#769),#333,.T.);
#9362=ADVANCED_FACE('',(#770),#334,.T.);
#9363=ADVANCED_FACE('',(#771),#335,.T.);
#9364=ADVANCED_FACE('',(#772),#336,.T.);
#9365=ADVANCED_FACE('',(#773),#337,.T.);
#9366=ADVANCED_FACE('',(#774,#162),#338,.T.);
#9367=ADVANCED_FACE('',(#775,#163),#339,.F.);
#9368=ADVANCED_FACE('',(#776),#9252,.F.);
#9369=ADVANCED_FACE('',(#777),#340,.T.);
#9370=ADVANCED_FACE('',(#778),#341,.T.);
#9371=ADVANCED_FACE('',(#779),#342,.T.);
#9372=ADVANCED_FACE('',(#780),#343,.T.);
#9373=ADVANCED_FACE('',(#781),#344,.T.);
#9374=ADVANCED_FACE('',(#782),#345,.T.);
#9375=ADVANCED_FACE('',(#783,#164),#346,.T.);
#9376=ADVANCED_FACE('',(#784,#165),#347,.F.);
#9377=ADVANCED_FACE('',(#785),#9253,.F.);
#9378=ADVANCED_FACE('',(#786),#348,.T.);
#9379=ADVANCED_FACE('',(#787),#349,.T.);
#9380=ADVANCED_FACE('',(#788),#350,.T.);
#9381=ADVANCED_FACE('',(#789),#351,.T.);
#9382=ADVANCED_FACE('',(#790),#352,.T.);
#9383=ADVANCED_FACE('',(#791),#353,.T.);
#9384=ADVANCED_FACE('',(#792,#166),#354,.T.);
#9385=ADVANCED_FACE('',(#793,#167),#355,.F.);
#9386=ADVANCED_FACE('',(#794),#9254,.F.);
#9387=ADVANCED_FACE('',(#795),#356,.T.);
#9388=ADVANCED_FACE('',(#796),#357,.T.);
#9389=ADVANCED_FACE('',(#797),#358,.T.);
#9390=ADVANCED_FACE('',(#798),#359,.T.);
#9391=ADVANCED_FACE('',(#799),#360,.T.);
#9392=ADVANCED_FACE('',(#800),#361,.T.);
#9393=ADVANCED_FACE('',(#801,#168),#362,.T.);
#9394=ADVANCED_FACE('',(#802,#169),#363,.F.);
#9395=ADVANCED_FACE('',(#803),#9255,.F.);
#9396=ADVANCED_FACE('',(#804),#364,.T.);
#9397=ADVANCED_FACE('',(#805),#365,.T.);
#9398=ADVANCED_FACE('',(#806),#366,.T.);
#9399=ADVANCED_FACE('',(#807),#367,.T.);
#9400=ADVANCED_FACE('',(#808),#368,.T.);
#9401=ADVANCED_FACE('',(#809),#369,.T.);
#9402=ADVANCED_FACE('',(#810,#170),#370,.T.);
#9403=ADVANCED_FACE('',(#811,#171),#371,.F.);
#9404=ADVANCED_FACE('',(#812),#9256,.F.);
#9405=ADVANCED_FACE('',(#813),#372,.T.);
#9406=ADVANCED_FACE('',(#814),#373,.T.);
#9407=ADVANCED_FACE('',(#815),#374,.T.);
#9408=ADVANCED_FACE('',(#816),#375,.T.);
#9409=ADVANCED_FACE('',(#817),#376,.T.);
#9410=ADVANCED_FACE('',(#818),#377,.T.);
#9411=ADVANCED_FACE('',(#819,#172),#378,.T.);
#9412=ADVANCED_FACE('',(#820,#173),#379,.F.);
#9413=ADVANCED_FACE('',(#821),#9257,.F.);
#9414=ADVANCED_FACE('',(#822),#380,.T.);
#9415=ADVANCED_FACE('',(#823),#381,.T.);
#9416=ADVANCED_FACE('',(#824),#382,.T.);
#9417=ADVANCED_FACE('',(#825),#383,.T.);
#9418=ADVANCED_FACE('',(#826),#384,.T.);
#9419=ADVANCED_FACE('',(#827),#385,.T.);
#9420=ADVANCED_FACE('',(#828,#174),#386,.T.);
#9421=ADVANCED_FACE('',(#829,#175),#387,.F.);
#9422=ADVANCED_FACE('',(#830),#9258,.F.);
#9423=ADVANCED_FACE('',(#831),#388,.T.);
#9424=ADVANCED_FACE('',(#832),#389,.T.);
#9425=ADVANCED_FACE('',(#833),#390,.T.);
#9426=ADVANCED_FACE('',(#834),#391,.T.);
#9427=ADVANCED_FACE('',(#835),#392,.T.);
#9428=ADVANCED_FACE('',(#836),#393,.T.);
#9429=ADVANCED_FACE('',(#837,#176),#394,.T.);
#9430=ADVANCED_FACE('',(#838,#177),#395,.F.);
#9431=ADVANCED_FACE('',(#839),#9259,.F.);
#9432=ADVANCED_FACE('',(#840),#396,.T.);
#9433=ADVANCED_FACE('',(#841),#397,.T.);
#9434=ADVANCED_FACE('',(#842),#398,.T.);
#9435=ADVANCED_FACE('',(#843),#399,.T.);
#9436=ADVANCED_FACE('',(#844),#400,.T.);
#9437=ADVANCED_FACE('',(#845),#401,.T.);
#9438=ADVANCED_FACE('',(#846,#178),#402,.T.);
#9439=ADVANCED_FACE('',(#847,#179),#403,.F.);
#9440=ADVANCED_FACE('',(#848),#9260,.F.);
#9441=ADVANCED_FACE('',(#849),#404,.T.);
#9442=ADVANCED_FACE('',(#850),#405,.T.);
#9443=ADVANCED_FACE('',(#851),#406,.T.);
#9444=ADVANCED_FACE('',(#852),#407,.T.);
#9445=ADVANCED_FACE('',(#853),#408,.T.);
#9446=ADVANCED_FACE('',(#854),#409,.T.);
#9447=ADVANCED_FACE('',(#855,#180),#410,.T.);
#9448=ADVANCED_FACE('',(#856,#181),#411,.F.);
#9449=ADVANCED_FACE('',(#857),#9261,.F.);
#9450=ADVANCED_FACE('',(#858),#412,.T.);
#9451=ADVANCED_FACE('',(#859),#413,.T.);
#9452=ADVANCED_FACE('',(#860),#414,.T.);
#9453=ADVANCED_FACE('',(#861),#415,.T.);
#9454=ADVANCED_FACE('',(#862),#416,.T.);
#9455=ADVANCED_FACE('',(#863),#417,.T.);
#9456=ADVANCED_FACE('',(#864,#182),#418,.T.);
#9457=ADVANCED_FACE('',(#865,#183),#419,.F.);
#9458=ADVANCED_FACE('',(#866),#9262,.F.);
#9459=ADVANCED_FACE('',(#867),#420,.T.);
#9460=ADVANCED_FACE('',(#868),#421,.T.);
#9461=ADVANCED_FACE('',(#869),#422,.T.);
#9462=ADVANCED_FACE('',(#870),#423,.T.);
#9463=ADVANCED_FACE('',(#871),#424,.T.);
#9464=ADVANCED_FACE('',(#872),#425,.T.);
#9465=ADVANCED_FACE('',(#873,#184),#426,.T.);
#9466=ADVANCED_FACE('',(#874,#185),#427,.F.);
#9467=ADVANCED_FACE('',(#875),#9263,.F.);
#9468=ADVANCED_FACE('',(#876),#428,.T.);
#9469=ADVANCED_FACE('',(#877),#429,.T.);
#9470=ADVANCED_FACE('',(#878),#430,.T.);
#9471=ADVANCED_FACE('',(#879),#431,.T.);
#9472=ADVANCED_FACE('',(#880),#432,.T.);
#9473=ADVANCED_FACE('',(#881),#433,.T.);
#9474=ADVANCED_FACE('',(#882,#186),#434,.T.);
#9475=ADVANCED_FACE('',(#883,#187),#435,.F.);
#9476=ADVANCED_FACE('',(#884),#9264,.F.);
#9477=ADVANCED_FACE('',(#885),#436,.T.);
#9478=ADVANCED_FACE('',(#886),#437,.T.);
#9479=ADVANCED_FACE('',(#887),#438,.T.);
#9480=ADVANCED_FACE('',(#888),#439,.T.);
#9481=ADVANCED_FACE('',(#889),#440,.T.);
#9482=ADVANCED_FACE('',(#890),#441,.T.);
#9483=ADVANCED_FACE('',(#891,#188),#442,.T.);
#9484=ADVANCED_FACE('',(#892,#189),#443,.F.);
#9485=ADVANCED_FACE('',(#893),#9265,.F.);
#9486=ADVANCED_FACE('',(#894),#444,.T.);
#9487=ADVANCED_FACE('',(#895),#445,.T.);
#9488=ADVANCED_FACE('',(#896),#446,.T.);
#9489=ADVANCED_FACE('',(#897),#447,.T.);
#9490=ADVANCED_FACE('',(#898),#448,.T.);
#9491=ADVANCED_FACE('',(#899),#449,.T.);
#9492=ADVANCED_FACE('',(#900,#190),#450,.T.);
#9493=ADVANCED_FACE('',(#901,#191),#451,.F.);
#9494=ADVANCED_FACE('',(#902),#9266,.F.);
#9495=ADVANCED_FACE('',(#903),#452,.T.);
#9496=ADVANCED_FACE('',(#904),#453,.T.);
#9497=ADVANCED_FACE('',(#905),#454,.T.);
#9498=ADVANCED_FACE('',(#906),#455,.T.);
#9499=ADVANCED_FACE('',(#907),#456,.T.);
#9500=ADVANCED_FACE('',(#908),#457,.T.);
#9501=ADVANCED_FACE('',(#909,#192),#458,.T.);
#9502=ADVANCED_FACE('',(#910,#193),#459,.F.);
#9503=ADVANCED_FACE('',(#911),#9267,.F.);
#9504=ADVANCED_FACE('',(#912),#460,.T.);
#9505=ADVANCED_FACE('',(#913),#461,.T.);
#9506=ADVANCED_FACE('',(#914),#462,.T.);
#9507=ADVANCED_FACE('',(#915),#463,.T.);
#9508=ADVANCED_FACE('',(#916),#464,.T.);
#9509=ADVANCED_FACE('',(#917),#465,.T.);
#9510=ADVANCED_FACE('',(#918,#194),#466,.T.);
#9511=ADVANCED_FACE('',(#919,#195),#467,.F.);
#9512=ADVANCED_FACE('',(#920),#9268,.F.);
#9513=ADVANCED_FACE('',(#921),#468,.T.);
#9514=ADVANCED_FACE('',(#922),#469,.T.);
#9515=ADVANCED_FACE('',(#923),#470,.T.);
#9516=ADVANCED_FACE('',(#924),#471,.T.);
#9517=ADVANCED_FACE('',(#925),#472,.T.);
#9518=ADVANCED_FACE('',(#926),#473,.T.);
#9519=ADVANCED_FACE('',(#927,#196),#474,.T.);
#9520=ADVANCED_FACE('',(#928,#197),#475,.F.);
#9521=ADVANCED_FACE('',(#929),#9269,.F.);
#9522=ADVANCED_FACE('',(#930),#476,.T.);
#9523=ADVANCED_FACE('',(#931),#477,.T.);
#9524=ADVANCED_FACE('',(#932),#478,.T.);
#9525=ADVANCED_FACE('',(#933),#479,.T.);
#9526=ADVANCED_FACE('',(#934),#480,.T.);
#9527=ADVANCED_FACE('',(#935),#481,.T.);
#9528=ADVANCED_FACE('',(#936,#198),#482,.T.);
#9529=ADVANCED_FACE('',(#937,#199),#483,.F.);
#9530=ADVANCED_FACE('',(#938),#9270,.F.);
#9531=ADVANCED_FACE('',(#939),#484,.T.);
#9532=ADVANCED_FACE('',(#940),#485,.T.);
#9533=ADVANCED_FACE('',(#941),#486,.T.);
#9534=ADVANCED_FACE('',(#942),#487,.T.);
#9535=ADVANCED_FACE('',(#943),#488,.T.);
#9536=ADVANCED_FACE('',(#944),#489,.T.);
#9537=ADVANCED_FACE('',(#945,#200),#490,.T.);
#9538=ADVANCED_FACE('',(#946,#201),#491,.F.);
#9539=ADVANCED_FACE('',(#947),#9271,.F.);
#9540=ADVANCED_FACE('',(#948),#492,.T.);
#9541=ADVANCED_FACE('',(#949),#493,.T.);
#9542=ADVANCED_FACE('',(#950),#494,.T.);
#9543=ADVANCED_FACE('',(#951),#495,.T.);
#9544=ADVANCED_FACE('',(#952),#496,.T.);
#9545=ADVANCED_FACE('',(#953),#497,.T.);
#9546=ADVANCED_FACE('',(#954,#202),#498,.T.);
#9547=ADVANCED_FACE('',(#955,#203),#499,.F.);
#9548=ADVANCED_FACE('',(#956),#9272,.F.);
#9549=ADVANCED_FACE('',(#957),#500,.T.);
#9550=ADVANCED_FACE('',(#958),#501,.T.);
#9551=ADVANCED_FACE('',(#959),#502,.T.);
#9552=ADVANCED_FACE('',(#960),#503,.T.);
#9553=ADVANCED_FACE('',(#961),#504,.T.);
#9554=ADVANCED_FACE('',(#962),#505,.T.);
#9555=ADVANCED_FACE('',(#963,#204),#506,.T.);
#9556=ADVANCED_FACE('',(#964,#205),#507,.F.);
#9557=ADVANCED_FACE('',(#965),#9273,.F.);
#9558=ADVANCED_FACE('',(#966),#508,.T.);
#9559=ADVANCED_FACE('',(#967),#509,.T.);
#9560=ADVANCED_FACE('',(#968),#510,.T.);
#9561=ADVANCED_FACE('',(#969),#511,.T.);
#9562=ADVANCED_FACE('',(#970),#512,.T.);
#9563=ADVANCED_FACE('',(#971),#513,.T.);
#9564=ADVANCED_FACE('',(#972,#206),#514,.T.);
#9565=ADVANCED_FACE('',(#973,#207),#515,.F.);
#9566=ADVANCED_FACE('',(#974),#9274,.F.);
#9567=ADVANCED_FACE('',(#975),#516,.T.);
#9568=ADVANCED_FACE('',(#976),#517,.T.);
#9569=ADVANCED_FACE('',(#977),#518,.T.);
#9570=ADVANCED_FACE('',(#978),#519,.T.);
#9571=ADVANCED_FACE('',(#979),#520,.T.);
#9572=ADVANCED_FACE('',(#980),#521,.T.);
#9573=ADVANCED_FACE('',(#981,#208),#522,.T.);
#9574=ADVANCED_FACE('',(#982,#209),#523,.F.);
#9575=ADVANCED_FACE('',(#983),#9275,.F.);
#9576=ADVANCED_FACE('',(#984),#9276,.F.);
#9577=ADVANCED_FACE('',(#985),#9277,.F.);
#9578=ADVANCED_FACE('',(#986),#9278,.F.);
#9579=ADVANCED_FACE('',(#987),#9279,.F.);
#9580=ADVANCED_FACE('',(#988),#524,.F.);
#9581=ADVANCED_FACE('',(#989),#525,.F.);
#9582=ADVANCED_FACE('',(#990),#526,.F.);
#9583=ADVANCED_FACE('',(#991),#527,.F.);
#9584=ADVANCED_FACE('',(#992),#528,.F.);
#9585=ADVANCED_FACE('',(#993),#529,.F.);
#9586=ADVANCED_FACE('',(#994),#530,.F.);
#9587=ADVANCED_FACE('',(#995),#531,.F.);
#9588=ADVANCED_FACE('',(#996),#532,.F.);
#9589=ADVANCED_FACE('',(#997),#533,.F.);
#9590=ADVANCED_FACE('',(#998),#534,.F.);
#9591=ADVANCED_FACE('',(#999),#535,.F.);
#9592=ADVANCED_FACE('',(#1000),#536,.F.);
#9593=ADVANCED_FACE('',(#1001),#537,.F.);
#9594=ADVANCED_FACE('',(#1002),#538,.F.);
#9595=ADVANCED_FACE('',(#1003),#539,.F.);
#9596=ADVANCED_FACE('',(#1004),#540,.F.);
#9597=ADVANCED_FACE('',(#1005),#541,.F.);
#9598=ADVANCED_FACE('',(#1006),#542,.F.);
#9599=ADVANCED_FACE('',(#1007),#543,.F.);
#9600=ADVANCED_FACE('',(#1008),#544,.F.);
#9601=ADVANCED_FACE('',(#1009),#545,.F.);
#9602=ADVANCED_FACE('',(#1010),#546,.F.);
#9603=ADVANCED_FACE('',(#1011),#547,.F.);
#9604=ADVANCED_FACE('',(#1012),#548,.F.);
#9605=ADVANCED_FACE('',(#1013),#549,.F.);
#9606=ADVANCED_FACE('',(#1014),#550,.F.);
#9607=ADVANCED_FACE('',(#1015),#551,.F.);
#9608=ADVANCED_FACE('',(#1016),#552,.F.);
#9609=ADVANCED_FACE('',(#1017),#553,.F.);
#9610=ADVANCED_FACE('',(#1018),#554,.F.);
#9611=ADVANCED_FACE('',(#1019),#555,.F.);
#9612=ADVANCED_FACE('',(#1020),#556,.F.);
#9613=ADVANCED_FACE('',(#1021),#557,.F.);
#9614=ADVANCED_FACE('',(#1022),#558,.F.);
#9615=ADVANCED_FACE('',(#1023),#559,.F.);
#9616=ADVANCED_FACE('',(#1024),#560,.F.);
#9617=ADVANCED_FACE('',(#1025),#561,.F.);
#9618=ADVANCED_FACE('',(#1026),#562,.F.);
#9619=ADVANCED_FACE('',(#1027),#563,.F.);
#9620=ADVANCED_FACE('',(#1028),#564,.F.);
#9621=ADVANCED_FACE('',(#1029),#565,.F.);
#9622=ADVANCED_FACE('',(#1030),#566,.F.);
#9623=ADVANCED_FACE('',(#1031),#567,.F.);
#9624=ADVANCED_FACE('',(#1032),#568,.F.);
#9625=ADVANCED_FACE('',(#1033),#569,.F.);
#9626=ADVANCED_FACE('',(#1034),#570,.F.);
#9627=ADVANCED_FACE('',(#1035),#571,.F.);
#9628=ADVANCED_FACE('',(#1036,#210,#211,#212,#213,#214,#215,#216,#217,#218,
#219,#220,#221,#222,#223,#224,#225,#226,#227,#228,#229,#230,#231,#232,#233,
#234,#235,#236,#237,#238,#239,#240,#241,#242,#243,#244,#245,#246,#247),
#572,.F.);
#9629=ADVANCED_FACE('',(#1037),#9280,.T.);
#9630=ADVANCED_FACE('',(#1038),#65,.T.);
#9631=ADVANCED_FACE('',(#1039,#248,#249,#250,#251,#252,#253,#254,#255,#256,
#257,#258,#259,#260,#261,#262,#263,#264,#265,#266,#267,#268,#269,#270,#271,
#272,#273,#274,#275,#276,#277,#278),#573,.T.);
#9632=ADVANCED_FACE('',(#1040),#35,.F.);
#9633=ADVANCED_FACE('',(#1041),#66,.T.);
#9634=ADVANCED_FACE('',(#1042),#9281,.T.);
#9635=ADVANCED_FACE('',(#1043),#67,.T.);
#9636=ADVANCED_FACE('',(#1044),#68,.T.);
#9637=ADVANCED_FACE('',(#1045),#69,.T.);
#9638=ADVANCED_FACE('',(#1046),#9282,.T.);
#9639=ADVANCED_FACE('',(#1047),#70,.T.);
#9640=ADVANCED_FACE('',(#1048),#36,.F.);
#9641=ADVANCED_FACE('',(#1049),#71,.F.);
#9642=ADVANCED_FACE('',(#1050,#279,#280,#281,#282,#283),#574,.T.);
#9643=ADVANCED_FACE('',(#1051),#72,.F.);
#9644=ADVANCED_FACE('',(#1052),#37,.F.);
#9645=ADVANCED_FACE('',(#1053),#73,.T.);
#9646=ADVANCED_FACE('',(#1054),#9283,.T.);
#9647=ADVANCED_FACE('',(#1055),#74,.T.);
#9648=ADVANCED_FACE('',(#1056),#75,.T.);
#9649=ADVANCED_FACE('',(#1057),#76,.T.);
#9650=ADVANCED_FACE('',(#1058),#9284,.T.);
#9651=ADVANCED_FACE('',(#1059),#77,.T.);
#9652=ADVANCED_FACE('',(#1060),#38,.F.);
#9653=ADVANCED_FACE('',(#1061),#78,.F.);
#9654=ADVANCED_FACE('',(#1062),#39,.F.);
#9655=ADVANCED_FACE('',(#1063),#79,.T.);
#9656=ADVANCED_FACE('',(#1064),#9285,.T.);
#9657=ADVANCED_FACE('',(#1065),#80,.T.);
#9658=ADVANCED_FACE('',(#1066),#81,.T.);
#9659=ADVANCED_FACE('',(#1067),#82,.T.);
#9660=ADVANCED_FACE('',(#1068),#9286,.T.);
#9661=ADVANCED_FACE('',(#1069),#83,.T.);
#9662=ADVANCED_FACE('',(#1070),#40,.F.);
#9663=ADVANCED_FACE('',(#1071),#9287,.F.);
#9664=ADVANCED_FACE('',(#1072),#9288,.F.);
#9665=ADVANCED_FACE('',(#1073),#9289,.F.);
#9666=ADVANCED_FACE('',(#1074),#9290,.F.);
#9667=ADVANCED_FACE('',(#1075),#575,.F.);
#9668=ADVANCED_FACE('',(#1076),#9291,.F.);
#9669=ADVANCED_FACE('',(#1077),#9292,.F.);
#9670=ADVANCED_FACE('',(#1078),#576,.F.);
#9671=ADVANCED_FACE('',(#1079),#9293,.F.);
#9672=ADVANCED_FACE('',(#1080),#9294,.F.);
#9673=ADVANCED_FACE('',(#1081),#577,.F.);
#9674=ADVANCED_FACE('',(#1082),#9295,.F.);
#9675=ADVANCED_FACE('',(#1083),#578,.F.);
#9676=ADVANCED_FACE('',(#1084),#579,.F.);
#9677=ADVANCED_FACE('',(#1085),#580,.F.);
#9678=ADVANCED_FACE('',(#1086),#581,.F.);
#9679=ADVANCED_FACE('',(#1087),#582,.F.);
#9680=ADVANCED_FACE('',(#1088),#583,.F.);
#9681=ADVANCED_FACE('',(#1089),#584,.F.);
#9682=ADVANCED_FACE('',(#1090),#585,.F.);
#9683=ADVANCED_FACE('',(#1091),#586,.F.);
#9684=ADVANCED_FACE('',(#1092),#587,.F.);
#9685=ADVANCED_FACE('',(#1093),#588,.F.);
#9686=ADVANCED_FACE('',(#1094),#589,.F.);
#9687=ADVANCED_FACE('',(#1095),#590,.F.);
#9688=ADVANCED_FACE('',(#1096),#591,.F.);
#9689=ADVANCED_FACE('',(#1097),#592,.F.);
#9690=ADVANCED_FACE('',(#1098),#593,.F.);
#9691=ADVANCED_FACE('',(#1099),#594,.F.);
#9692=ADVANCED_FACE('',(#1100),#595,.F.);
#9693=ADVANCED_FACE('',(#1101),#596,.F.);
#9694=ADVANCED_FACE('',(#1102),#597,.F.);
#9695=ADVANCED_FACE('',(#1103),#598,.F.);
#9696=ADVANCED_FACE('',(#1104),#599,.F.);
#9697=ADVANCED_FACE('',(#1105),#600,.F.);
#9698=ADVANCED_FACE('',(#1106),#601,.F.);
#9699=ADVANCED_FACE('',(#1107),#602,.F.);
#9700=ADVANCED_FACE('',(#1108),#603,.F.);
#9701=ADVANCED_FACE('',(#1109),#604,.F.);
#9702=ADVANCED_FACE('',(#1110),#605,.F.);
#9703=ADVANCED_FACE('',(#1111),#606,.F.);
#9704=ADVANCED_FACE('',(#1112),#607,.F.);
#9705=ADVANCED_FACE('',(#1113),#608,.F.);
#9706=ADVANCED_FACE('',(#1114),#609,.F.);
#9707=ADVANCED_FACE('',(#1115),#610,.F.);
#9708=ADVANCED_FACE('',(#1116),#611,.F.);
#9709=ADVANCED_FACE('',(#1117),#612,.F.);
#9710=ADVANCED_FACE('',(#1118),#613,.F.);
#9711=ADVANCED_FACE('',(#1119),#614,.F.);
#9712=ADVANCED_FACE('',(#1120),#615,.F.);
#9713=ADVANCED_FACE('',(#1121),#616,.F.);
#9714=ADVANCED_FACE('',(#1122),#617,.F.);
#9715=ADVANCED_FACE('',(#1123),#618,.F.);
#9716=ADVANCED_FACE('',(#1124),#619,.F.);
#9717=ADVANCED_FACE('',(#1125),#620,.F.);
#9718=ADVANCED_FACE('',(#1126),#621,.F.);
#9719=ADVANCED_FACE('',(#1127),#622,.F.);
#9720=ADVANCED_FACE('',(#1128),#623,.F.);
#9721=ADVANCED_FACE('',(#1129),#624,.F.);
#9722=ADVANCED_FACE('',(#1130),#625,.F.);
#9723=ADVANCED_FACE('',(#1131),#626,.F.);
#9724=ADVANCED_FACE('',(#1132),#627,.F.);
#9725=ADVANCED_FACE('',(#1133),#628,.F.);
#9726=ADVANCED_FACE('',(#1134),#629,.F.);
#9727=ADVANCED_FACE('',(#1135),#630,.F.);
#9728=ADVANCED_FACE('',(#1136),#631,.F.);
#9729=ADVANCED_FACE('',(#1137),#632,.F.);
#9730=ADVANCED_FACE('',(#1138),#633,.F.);
#9731=ADVANCED_FACE('',(#1139),#634,.F.);
#9732=ADVANCED_FACE('',(#1140),#635,.F.);
#9733=ADVANCED_FACE('',(#1141),#636,.F.);
#9734=ADVANCED_FACE('',(#1142),#637,.F.);
#9735=ADVANCED_FACE('',(#1143),#638,.F.);
#9736=ADVANCED_FACE('',(#1144),#639,.F.);
#9737=ADVANCED_FACE('',(#1145),#640,.F.);
#9738=ADVANCED_FACE('',(#1146),#641,.F.);
#9739=ADVANCED_FACE('',(#1147),#642,.F.);
#9740=ADVANCED_FACE('',(#1148),#643,.F.);
#9741=ADVANCED_FACE('',(#1149),#644,.F.);
#9742=ADVANCED_FACE('',(#1150),#645,.F.);
#9743=ADVANCED_FACE('',(#1151),#646,.F.);
#9744=ADVANCED_FACE('',(#1152),#647,.F.);
#9745=ADVANCED_FACE('',(#1153),#648,.F.);
#9746=ADVANCED_FACE('',(#1154),#649,.F.);
#9747=ADVANCED_FACE('',(#1155),#650,.F.);
#9748=ADVANCED_FACE('',(#1156),#651,.F.);
#9749=ADVANCED_FACE('',(#1157),#652,.F.);
#9750=ADVANCED_FACE('',(#1158),#653,.F.);
#9751=ADVANCED_FACE('',(#1159),#654,.F.);
#9752=ADVANCED_FACE('',(#1160),#655,.F.);
#9753=ADVANCED_FACE('',(#1161),#656,.F.);
#9754=ADVANCED_FACE('',(#1162),#657,.F.);
#9755=ADVANCED_FACE('',(#1163),#658,.F.);
#9756=ADVANCED_FACE('',(#1164),#659,.F.);
#9757=ADVANCED_FACE('',(#1165),#660,.F.);
#9758=ADVANCED_FACE('',(#1166),#661,.F.);
#9759=ADVANCED_FACE('',(#1167),#662,.F.);
#9760=ADVANCED_FACE('',(#1168),#663,.F.);
#9761=ADVANCED_FACE('',(#1169),#664,.F.);
#9762=ADVANCED_FACE('',(#1170),#665,.F.);
#9763=ADVANCED_FACE('',(#1171),#666,.F.);
#9764=ADVANCED_FACE('',(#1172),#667,.F.);
#9765=ADVANCED_FACE('',(#1173),#668,.F.);
#9766=ADVANCED_FACE('',(#1174),#669,.F.);
#9767=ADVANCED_FACE('',(#1175),#670,.F.);
#9768=ADVANCED_FACE('',(#1176),#671,.F.);
#9769=ADVANCED_FACE('',(#1177),#672,.F.);
#9770=ADVANCED_FACE('',(#1178),#673,.F.);
#9771=ADVANCED_FACE('',(#1179),#674,.F.);
#9772=ADVANCED_FACE('',(#1180),#675,.F.);
#9773=ADVANCED_FACE('',(#1181),#676,.F.);
#9774=ADVANCED_FACE('',(#1182),#677,.F.);
#9775=ADVANCED_FACE('',(#1183),#678,.F.);
#9776=ADVANCED_FACE('',(#1184),#679,.F.);
#9777=ADVANCED_FACE('',(#1185),#680,.F.);
#9778=ADVANCED_FACE('',(#1186),#681,.F.);
#9779=ADVANCED_FACE('',(#1187),#682,.F.);
#9780=ADVANCED_FACE('',(#1188),#683,.F.);
#9781=ADVANCED_FACE('',(#1189),#684,.F.);
#9782=ADVANCED_FACE('',(#1190),#685,.F.);
#9783=ADVANCED_FACE('',(#1191),#686,.F.);
#9784=ADVANCED_FACE('',(#1192),#687,.F.);
#9785=ADVANCED_FACE('',(#1193),#688,.F.);
#9786=ADVANCED_FACE('',(#1194),#689,.F.);
#9787=ADVANCED_FACE('',(#1195),#690,.F.);
#9788=ADVANCED_FACE('',(#1196),#691,.F.);
#9789=ADVANCED_FACE('',(#1197),#692,.F.);
#9790=ADVANCED_FACE('',(#1198),#693,.F.);
#9791=ADVANCED_FACE('',(#1199),#694,.F.);
#9792=ADVANCED_FACE('',(#1200),#695,.F.);
#9793=ADVANCED_FACE('',(#1201),#696,.F.);
#9794=ADVANCED_FACE('',(#1202),#697,.F.);
#9795=ADVANCED_FACE('',(#1203),#698,.F.);
#9796=ADVANCED_FACE('',(#1204),#699,.F.);
#9797=ADVANCED_FACE('',(#1205),#700,.F.);
#9798=ADVANCED_FACE('',(#1206),#701,.F.);
#9799=ADVANCED_FACE('',(#1207),#702,.F.);
#9800=ADVANCED_FACE('',(#1208),#703,.F.);
#9801=ADVANCED_FACE('',(#1209),#704,.F.);
#9802=ADVANCED_FACE('',(#1210),#705,.F.);
#9803=ADVANCED_FACE('',(#1211),#706,.F.);
#9804=ADVANCED_FACE('',(#1212),#707,.F.);
#9805=ADVANCED_FACE('',(#1213),#708,.F.);
#9806=ADVANCED_FACE('',(#1214),#709,.F.);
#9807=ADVANCED_FACE('',(#1215),#710,.F.);
#9808=ADVANCED_FACE('',(#1216),#711,.F.);
#9809=ADVANCED_FACE('',(#1217),#9296,.T.);
#9810=ADVANCED_FACE('',(#1218),#9297,.F.);
#9811=ADVANCED_FACE('',(#1219),#712,.F.);
#9812=ADVANCED_FACE('',(#1220),#9298,.F.);
#9813=ADVANCED_FACE('',(#1221),#9299,.F.);
#9814=ADVANCED_FACE('',(#1222),#9300,.T.);
#9815=ADVANCED_FACE('',(#1223),#9301,.F.);
#9816=ADVANCED_FACE('',(#1224),#9302,.F.);
#9817=ADVANCED_FACE('',(#1225),#9303,.F.);
#9818=ADVANCED_FACE('',(#1226),#9304,.T.);
#9819=CLOSED_SHELL('',(#9305,#9306,#9307,#9308,#9309,#9310,#9311,#9312,
#9313));
#9820=CLOSED_SHELL('',(#9314,#9315,#9316,#9317,#9318,#9319,#9320,#9321,
#9322));
#9821=CLOSED_SHELL('',(#9323,#9324,#9325,#9326,#9327,#9328,#9329,#9330,
#9331));
#9822=CLOSED_SHELL('',(#9332,#9333,#9334,#9335,#9336,#9337,#9338,#9339,
#9340));
#9823=CLOSED_SHELL('',(#9341,#9342,#9343,#9344,#9345,#9346,#9347,#9348,
#9349));
#9824=CLOSED_SHELL('',(#9350,#9351,#9352,#9353,#9354,#9355,#9356,#9357,
#9358));
#9825=CLOSED_SHELL('',(#9359,#9360,#9361,#9362,#9363,#9364,#9365,#9366,
#9367));
#9826=CLOSED_SHELL('',(#9368,#9369,#9370,#9371,#9372,#9373,#9374,#9375,
#9376));
#9827=CLOSED_SHELL('',(#9377,#9378,#9379,#9380,#9381,#9382,#9383,#9384,
#9385));
#9828=CLOSED_SHELL('',(#9386,#9387,#9388,#9389,#9390,#9391,#9392,#9393,
#9394));
#9829=CLOSED_SHELL('',(#9395,#9396,#9397,#9398,#9399,#9400,#9401,#9402,
#9403));
#9830=CLOSED_SHELL('',(#9404,#9405,#9406,#9407,#9408,#9409,#9410,#9411,
#9412));
#9831=CLOSED_SHELL('',(#9413,#9414,#9415,#9416,#9417,#9418,#9419,#9420,
#9421));
#9832=CLOSED_SHELL('',(#9422,#9423,#9424,#9425,#9426,#9427,#9428,#9429,
#9430));
#9833=CLOSED_SHELL('',(#9431,#9432,#9433,#9434,#9435,#9436,#9437,#9438,
#9439));
#9834=CLOSED_SHELL('',(#9440,#9441,#9442,#9443,#9444,#9445,#9446,#9447,
#9448));
#9835=CLOSED_SHELL('',(#9449,#9450,#9451,#9452,#9453,#9454,#9455,#9456,
#9457));
#9836=CLOSED_SHELL('',(#9458,#9459,#9460,#9461,#9462,#9463,#9464,#9465,
#9466));
#9837=CLOSED_SHELL('',(#9467,#9468,#9469,#9470,#9471,#9472,#9473,#9474,
#9475));
#9838=CLOSED_SHELL('',(#9476,#9477,#9478,#9479,#9480,#9481,#9482,#9483,
#9484));
#9839=CLOSED_SHELL('',(#9485,#9486,#9487,#9488,#9489,#9490,#9491,#9492,
#9493));
#9840=CLOSED_SHELL('',(#9494,#9495,#9496,#9497,#9498,#9499,#9500,#9501,
#9502));
#9841=CLOSED_SHELL('',(#9503,#9504,#9505,#9506,#9507,#9508,#9509,#9510,
#9511));
#9842=CLOSED_SHELL('',(#9512,#9513,#9514,#9515,#9516,#9517,#9518,#9519,
#9520));
#9843=CLOSED_SHELL('',(#9521,#9522,#9523,#9524,#9525,#9526,#9527,#9528,
#9529));
#9844=CLOSED_SHELL('',(#9530,#9531,#9532,#9533,#9534,#9535,#9536,#9537,
#9538));
#9845=CLOSED_SHELL('',(#9539,#9540,#9541,#9542,#9543,#9544,#9545,#9546,
#9547));
#9846=CLOSED_SHELL('',(#9548,#9549,#9550,#9551,#9552,#9553,#9554,#9555,
#9556));
#9847=CLOSED_SHELL('',(#9557,#9558,#9559,#9560,#9561,#9562,#9563,#9564,
#9565));
#9848=CLOSED_SHELL('',(#9566,#9567,#9568,#9569,#9570,#9571,#9572,#9573,
#9574));
#9849=CLOSED_SHELL('',(#9575,#9576,#9577,#9578,#9579,#9580,#9581,#9582,
#9583,#9584,#9585,#9586,#9587,#9588,#9589,#9590,#9591,#9592,#9593,#9594,
#9595,#9596,#9597,#9598,#9599,#9600,#9601,#9602,#9603,#9604,#9605,#9606,
#9607,#9608,#9609,#9610,#9611,#9612,#9613,#9614,#9615,#9616,#9617,#9618,
#9619,#9620,#9621,#9622,#9623,#9624,#9625,#9626,#9627,#9628,#9629,#9630,
#9631,#9632,#9633,#9634,#9635,#9636,#9637,#9638,#9639,#9640,#9641,#9642,
#9643,#9644,#9645,#9646,#9647,#9648,#9649,#9650,#9651,#9652,#9653,#9654,
#9655,#9656,#9657,#9658,#9659,#9660,#9661,#9662,#9663,#9664,#9665,#9666,
#9667,#9668,#9669,#9670,#9671,#9672,#9673,#9674,#9675,#9676,#9677,#9678,
#9679,#9680,#9681,#9682,#9683,#9684,#9685,#9686,#9687,#9688,#9689,#9690,
#9691,#9692,#9693,#9694,#9695,#9696,#9697,#9698,#9699,#9700,#9701,#9702,
#9703,#9704,#9705,#9706,#9707,#9708,#9709,#9710,#9711,#9712,#9713,#9714,
#9715,#9716,#9717,#9718,#9719,#9720,#9721,#9722,#9723,#9724,#9725,#9726,
#9727,#9728,#9729,#9730,#9731,#9732,#9733,#9734,#9735,#9736,#9737,#9738,
#9739,#9740,#9741,#9742,#9743,#9744,#9745,#9746,#9747,#9748,#9749,#9750,
#9751,#9752,#9753,#9754,#9755,#9756,#9757,#9758,#9759,#9760,#9761,#9762,
#9763,#9764,#9765,#9766,#9767,#9768,#9769,#9770,#9771,#9772,#9773,#9774,
#9775,#9776,#9777,#9778,#9779,#9780,#9781,#9782,#9783,#9784,#9785,#9786,
#9787,#9788,#9789,#9790,#9791,#9792,#9793,#9794,#9795,#9796,#9797,#9798,
#9799,#9800,#9801,#9802,#9803,#9804,#9805,#9806,#9807,#9808,#9809,#9810,
#9811,#9812,#9813,#9814,#9815,#9816,#9817,#9818));
#9850=DERIVED_UNIT_ELEMENT(#9852,1.);
#9851=DERIVED_UNIT_ELEMENT(#16345,-3.);
#9852=(
MASS_UNIT()
NAMED_UNIT(*)
SI_UNIT(.KILO.,.GRAM.)
);
#9853=DERIVED_UNIT((#9850,#9851));
#9854=MEASURE_REPRESENTATION_ITEM('density measure',
POSITIVE_RATIO_MEASURE(7850.),#9853);
#9855=PROPERTY_DEFINITION_REPRESENTATION(#9860,#9857);
#9856=PROPERTY_DEFINITION_REPRESENTATION(#9861,#9858);
#9857=REPRESENTATION('material name',(#9859),#16342);
#9858=REPRESENTATION('density',(#9854),#16342);
#9859=DESCRIPTIVE_REPRESENTATION_ITEM('Steel','Steel');
#9860=PROPERTY_DEFINITION('material property','material name',#16382);
#9861=PROPERTY_DEFINITION('material property','density of part',#16382);
#9862=AXIS2_PLACEMENT_3D('',#13051,#10539,#10540);
#9863=AXIS2_PLACEMENT_3D('',#13052,#10541,#10542);
#9864=AXIS2_PLACEMENT_3D('',#13053,#10543,#10544);
#9865=AXIS2_PLACEMENT_3D('',#13054,#10545,#10546);
#9866=AXIS2_PLACEMENT_3D('',#13055,#10547,#10548);
#9867=AXIS2_PLACEMENT_3D('',#13056,#10549,#10550);
#9868=AXIS2_PLACEMENT_3D('',#13057,#10551,#10552);
#9869=AXIS2_PLACEMENT_3D('',#13058,#10553,#10554);
#9870=AXIS2_PLACEMENT_3D('',#13060,#10555,#10556);
#9871=AXIS2_PLACEMENT_3D('',#13063,#10558,#10559);
#9872=AXIS2_PLACEMENT_3D('',#13064,#10560,#10561);
#9873=AXIS2_PLACEMENT_3D('',#13073,#10566,#10567);
#9874=AXIS2_PLACEMENT_3D('',#13079,#10571,#10572);
#9875=AXIS2_PLACEMENT_3D('',#13085,#10576,#10577);
#9876=AXIS2_PLACEMENT_3D('',#13091,#10581,#10582);
#9877=AXIS2_PLACEMENT_3D('',#13097,#10586,#10587);
#9878=AXIS2_PLACEMENT_3D('',#13100,#10590,#10591);
#9879=AXIS2_PLACEMENT_3D('',#13101,#10592,#10593);
#9880=AXIS2_PLACEMENT_3D('',#13102,#10594,#10595);
#9881=AXIS2_PLACEMENT_3D('',#13104,#10596,#10597);
#9882=AXIS2_PLACEMENT_3D('',#13107,#10599,#10600);
#9883=AXIS2_PLACEMENT_3D('',#13108,#10601,#10602);
#9884=AXIS2_PLACEMENT_3D('',#13117,#10607,#10608);
#9885=AXIS2_PLACEMENT_3D('',#13123,#10612,#10613);
#9886=AXIS2_PLACEMENT_3D('',#13129,#10617,#10618);
#9887=AXIS2_PLACEMENT_3D('',#13135,#10622,#10623);
#9888=AXIS2_PLACEMENT_3D('',#13141,#10627,#10628);
#9889=AXIS2_PLACEMENT_3D('',#13144,#10631,#10632);
#9890=AXIS2_PLACEMENT_3D('',#13145,#10633,#10634);
#9891=AXIS2_PLACEMENT_3D('',#13146,#10635,#10636);
#9892=AXIS2_PLACEMENT_3D('',#13148,#10637,#10638);
#9893=AXIS2_PLACEMENT_3D('',#13151,#10640,#10641);
#9894=AXIS2_PLACEMENT_3D('',#13152,#10642,#10643);
#9895=AXIS2_PLACEMENT_3D('',#13161,#10648,#10649);
#9896=AXIS2_PLACEMENT_3D('',#13167,#10653,#10654);
#9897=AXIS2_PLACEMENT_3D('',#13173,#10658,#10659);
#9898=AXIS2_PLACEMENT_3D('',#13179,#10663,#10664);
#9899=AXIS2_PLACEMENT_3D('',#13185,#10668,#10669);
#9900=AXIS2_PLACEMENT_3D('',#13188,#10672,#10673);
#9901=AXIS2_PLACEMENT_3D('',#13189,#10674,#10675);
#9902=AXIS2_PLACEMENT_3D('',#13190,#10676,#10677);
#9903=AXIS2_PLACEMENT_3D('',#13192,#10678,#10679);
#9904=AXIS2_PLACEMENT_3D('',#13195,#10681,#10682);
#9905=AXIS2_PLACEMENT_3D('',#13196,#10683,#10684);
#9906=AXIS2_PLACEMENT_3D('',#13205,#10689,#10690);
#9907=AXIS2_PLACEMENT_3D('',#13211,#10694,#10695);
#9908=AXIS2_PLACEMENT_3D('',#13217,#10699,#10700);
#9909=AXIS2_PLACEMENT_3D('',#13223,#10704,#10705);
#9910=AXIS2_PLACEMENT_3D('',#13229,#10709,#10710);
#9911=AXIS2_PLACEMENT_3D('',#13232,#10713,#10714);
#9912=AXIS2_PLACEMENT_3D('',#13233,#10715,#10716);
#9913=AXIS2_PLACEMENT_3D('',#13234,#10717,#10718);
#9914=AXIS2_PLACEMENT_3D('',#13236,#10719,#10720);
#9915=AXIS2_PLACEMENT_3D('',#13239,#10722,#10723);
#9916=AXIS2_PLACEMENT_3D('',#13240,#10724,#10725);
#9917=AXIS2_PLACEMENT_3D('',#13249,#10730,#10731);
#9918=AXIS2_PLACEMENT_3D('',#13255,#10735,#10736);
#9919=AXIS2_PLACEMENT_3D('',#13261,#10740,#10741);
#9920=AXIS2_PLACEMENT_3D('',#13267,#10745,#10746);
#9921=AXIS2_PLACEMENT_3D('',#13273,#10750,#10751);
#9922=AXIS2_PLACEMENT_3D('',#13276,#10754,#10755);
#9923=AXIS2_PLACEMENT_3D('',#13277,#10756,#10757);
#9924=AXIS2_PLACEMENT_3D('',#13278,#10758,#10759);
#9925=AXIS2_PLACEMENT_3D('',#13280,#10760,#10761);
#9926=AXIS2_PLACEMENT_3D('',#13283,#10763,#10764);
#9927=AXIS2_PLACEMENT_3D('',#13284,#10765,#10766);
#9928=AXIS2_PLACEMENT_3D('',#13293,#10771,#10772);
#9929=AXIS2_PLACEMENT_3D('',#13299,#10776,#10777);
#9930=AXIS2_PLACEMENT_3D('',#13305,#10781,#10782);
#9931=AXIS2_PLACEMENT_3D('',#13311,#10786,#10787);
#9932=AXIS2_PLACEMENT_3D('',#13317,#10791,#10792);
#9933=AXIS2_PLACEMENT_3D('',#13320,#10795,#10796);
#9934=AXIS2_PLACEMENT_3D('',#13321,#10797,#10798);
#9935=AXIS2_PLACEMENT_3D('',#13322,#10799,#10800);
#9936=AXIS2_PLACEMENT_3D('',#13324,#10801,#10802);
#9937=AXIS2_PLACEMENT_3D('',#13327,#10804,#10805);
#9938=AXIS2_PLACEMENT_3D('',#13328,#10806,#10807);
#9939=AXIS2_PLACEMENT_3D('',#13337,#10812,#10813);
#9940=AXIS2_PLACEMENT_3D('',#13343,#10817,#10818);
#9941=AXIS2_PLACEMENT_3D('',#13349,#10822,#10823);
#9942=AXIS2_PLACEMENT_3D('',#13355,#10827,#10828);
#9943=AXIS2_PLACEMENT_3D('',#13361,#10832,#10833);
#9944=AXIS2_PLACEMENT_3D('',#13364,#10836,#10837);
#9945=AXIS2_PLACEMENT_3D('',#13365,#10838,#10839);
#9946=AXIS2_PLACEMENT_3D('',#13366,#10840,#10841);
#9947=AXIS2_PLACEMENT_3D('',#13368,#10842,#10843);
#9948=AXIS2_PLACEMENT_3D('',#13371,#10845,#10846);
#9949=AXIS2_PLACEMENT_3D('',#13372,#10847,#10848);
#9950=AXIS2_PLACEMENT_3D('',#13381,#10853,#10854);
#9951=AXIS2_PLACEMENT_3D('',#13387,#10858,#10859);
#9952=AXIS2_PLACEMENT_3D('',#13393,#10863,#10864);
#9953=AXIS2_PLACEMENT_3D('',#13399,#10868,#10869);
#9954=AXIS2_PLACEMENT_3D('',#13405,#10873,#10874);
#9955=AXIS2_PLACEMENT_3D('',#13408,#10877,#10878);
#9956=AXIS2_PLACEMENT_3D('',#13409,#10879,#10880);
#9957=AXIS2_PLACEMENT_3D('',#13410,#10881,#10882);
#9958=AXIS2_PLACEMENT_3D('',#13412,#10883,#10884);
#9959=AXIS2_PLACEMENT_3D('',#13415,#10886,#10887);
#9960=AXIS2_PLACEMENT_3D('',#13416,#10888,#10889);
#9961=AXIS2_PLACEMENT_3D('',#13425,#10894,#10895);
#9962=AXIS2_PLACEMENT_3D('',#13431,#10899,#10900);
#9963=AXIS2_PLACEMENT_3D('',#13437,#10904,#10905);
#9964=AXIS2_PLACEMENT_3D('',#13443,#10909,#10910);
#9965=AXIS2_PLACEMENT_3D('',#13449,#10914,#10915);
#9966=AXIS2_PLACEMENT_3D('',#13452,#10918,#10919);
#9967=AXIS2_PLACEMENT_3D('',#13453,#10920,#10921);
#9968=AXIS2_PLACEMENT_3D('',#13454,#10922,#10923);
#9969=AXIS2_PLACEMENT_3D('',#13456,#10924,#10925);
#9970=AXIS2_PLACEMENT_3D('',#13459,#10927,#10928);
#9971=AXIS2_PLACEMENT_3D('',#13460,#10929,#10930);
#9972=AXIS2_PLACEMENT_3D('',#13469,#10935,#10936);
#9973=AXIS2_PLACEMENT_3D('',#13475,#10940,#10941);
#9974=AXIS2_PLACEMENT_3D('',#13481,#10945,#10946);
#9975=AXIS2_PLACEMENT_3D('',#13487,#10950,#10951);
#9976=AXIS2_PLACEMENT_3D('',#13493,#10955,#10956);
#9977=AXIS2_PLACEMENT_3D('',#13496,#10959,#10960);
#9978=AXIS2_PLACEMENT_3D('',#13497,#10961,#10962);
#9979=AXIS2_PLACEMENT_3D('',#13498,#10963,#10964);
#9980=AXIS2_PLACEMENT_3D('',#13500,#10965,#10966);
#9981=AXIS2_PLACEMENT_3D('',#13503,#10968,#10969);
#9982=AXIS2_PLACEMENT_3D('',#13504,#10970,#10971);
#9983=AXIS2_PLACEMENT_3D('',#13513,#10976,#10977);
#9984=AXIS2_PLACEMENT_3D('',#13519,#10981,#10982);
#9985=AXIS2_PLACEMENT_3D('',#13525,#10986,#10987);
#9986=AXIS2_PLACEMENT_3D('',#13531,#10991,#10992);
#9987=AXIS2_PLACEMENT_3D('',#13537,#10996,#10997);
#9988=AXIS2_PLACEMENT_3D('',#13540,#11000,#11001);
#9989=AXIS2_PLACEMENT_3D('',#13541,#11002,#11003);
#9990=AXIS2_PLACEMENT_3D('',#13542,#11004,#11005);
#9991=AXIS2_PLACEMENT_3D('',#13544,#11006,#11007);
#9992=AXIS2_PLACEMENT_3D('',#13547,#11009,#11010);
#9993=AXIS2_PLACEMENT_3D('',#13548,#11011,#11012);
#9994=AXIS2_PLACEMENT_3D('',#13557,#11017,#11018);
#9995=AXIS2_PLACEMENT_3D('',#13563,#11022,#11023);
#9996=AXIS2_PLACEMENT_3D('',#13569,#11027,#11028);
#9997=AXIS2_PLACEMENT_3D('',#13575,#11032,#11033);
#9998=AXIS2_PLACEMENT_3D('',#13581,#11037,#11038);
#9999=AXIS2_PLACEMENT_3D('',#13584,#11041,#11042);
#10000=AXIS2_PLACEMENT_3D('',#13585,#11043,#11044);
#10001=AXIS2_PLACEMENT_3D('',#13586,#11045,#11046);
#10002=AXIS2_PLACEMENT_3D('',#13588,#11047,#11048);
#10003=AXIS2_PLACEMENT_3D('',#13591,#11050,#11051);
#10004=AXIS2_PLACEMENT_3D('',#13592,#11052,#11053);
#10005=AXIS2_PLACEMENT_3D('',#13601,#11058,#11059);
#10006=AXIS2_PLACEMENT_3D('',#13607,#11063,#11064);
#10007=AXIS2_PLACEMENT_3D('',#13613,#11068,#11069);
#10008=AXIS2_PLACEMENT_3D('',#13619,#11073,#11074);
#10009=AXIS2_PLACEMENT_3D('',#13625,#11078,#11079);
#10010=AXIS2_PLACEMENT_3D('',#13628,#11082,#11083);
#10011=AXIS2_PLACEMENT_3D('',#13629,#11084,#11085);
#10012=AXIS2_PLACEMENT_3D('',#13630,#11086,#11087);
#10013=AXIS2_PLACEMENT_3D('',#13632,#11088,#11089);
#10014=AXIS2_PLACEMENT_3D('',#13635,#11091,#11092);
#10015=AXIS2_PLACEMENT_3D('',#13636,#11093,#11094);
#10016=AXIS2_PLACEMENT_3D('',#13645,#11099,#11100);
#10017=AXIS2_PLACEMENT_3D('',#13651,#11104,#11105);
#10018=AXIS2_PLACEMENT_3D('',#13657,#11109,#11110);
#10019=AXIS2_PLACEMENT_3D('',#13663,#11114,#11115);
#10020=AXIS2_PLACEMENT_3D('',#13669,#11119,#11120);
#10021=AXIS2_PLACEMENT_3D('',#13672,#11123,#11124);
#10022=AXIS2_PLACEMENT_3D('',#13673,#11125,#11126);
#10023=AXIS2_PLACEMENT_3D('',#13674,#11127,#11128);
#10024=AXIS2_PLACEMENT_3D('',#13676,#11129,#11130);
#10025=AXIS2_PLACEMENT_3D('',#13679,#11132,#11133);
#10026=AXIS2_PLACEMENT_3D('',#13680,#11134,#11135);
#10027=AXIS2_PLACEMENT_3D('',#13689,#11140,#11141);
#10028=AXIS2_PLACEMENT_3D('',#13695,#11145,#11146);
#10029=AXIS2_PLACEMENT_3D('',#13701,#11150,#11151);
#10030=AXIS2_PLACEMENT_3D('',#13707,#11155,#11156);
#10031=AXIS2_PLACEMENT_3D('',#13713,#11160,#11161);
#10032=AXIS2_PLACEMENT_3D('',#13716,#11164,#11165);
#10033=AXIS2_PLACEMENT_3D('',#13717,#11166,#11167);
#10034=AXIS2_PLACEMENT_3D('',#13718,#11168,#11169);
#10035=AXIS2_PLACEMENT_3D('',#13720,#11170,#11171);
#10036=AXIS2_PLACEMENT_3D('',#13723,#11173,#11174);
#10037=AXIS2_PLACEMENT_3D('',#13724,#11175,#11176);
#10038=AXIS2_PLACEMENT_3D('',#13733,#11181,#11182);
#10039=AXIS2_PLACEMENT_3D('',#13739,#11186,#11187);
#10040=AXIS2_PLACEMENT_3D('',#13745,#11191,#11192);
#10041=AXIS2_PLACEMENT_3D('',#13751,#11196,#11197);
#10042=AXIS2_PLACEMENT_3D('',#13757,#11201,#11202);
#10043=AXIS2_PLACEMENT_3D('',#13760,#11205,#11206);
#10044=AXIS2_PLACEMENT_3D('',#13761,#11207,#11208);
#10045=AXIS2_PLACEMENT_3D('',#13762,#11209,#11210);
#10046=AXIS2_PLACEMENT_3D('',#13764,#11211,#11212);
#10047=AXIS2_PLACEMENT_3D('',#13767,#11214,#11215);
#10048=AXIS2_PLACEMENT_3D('',#13768,#11216,#11217);
#10049=AXIS2_PLACEMENT_3D('',#13777,#11222,#11223);
#10050=AXIS2_PLACEMENT_3D('',#13783,#11227,#11228);
#10051=AXIS2_PLACEMENT_3D('',#13789,#11232,#11233);
#10052=AXIS2_PLACEMENT_3D('',#13795,#11237,#11238);
#10053=AXIS2_PLACEMENT_3D('',#13801,#11242,#11243);
#10054=AXIS2_PLACEMENT_3D('',#13804,#11246,#11247);
#10055=AXIS2_PLACEMENT_3D('',#13805,#11248,#11249);
#10056=AXIS2_PLACEMENT_3D('',#13806,#11250,#11251);
#10057=AXIS2_PLACEMENT_3D('',#13808,#11252,#11253);
#10058=AXIS2_PLACEMENT_3D('',#13811,#11255,#11256);
#10059=AXIS2_PLACEMENT_3D('',#13812,#11257,#11258);
#10060=AXIS2_PLACEMENT_3D('',#13821,#11263,#11264);
#10061=AXIS2_PLACEMENT_3D('',#13827,#11268,#11269);
#10062=AXIS2_PLACEMENT_3D('',#13833,#11273,#11274);
#10063=AXIS2_PLACEMENT_3D('',#13839,#11278,#11279);
#10064=AXIS2_PLACEMENT_3D('',#13845,#11283,#11284);
#10065=AXIS2_PLACEMENT_3D('',#13848,#11287,#11288);
#10066=AXIS2_PLACEMENT_3D('',#13849,#11289,#11290);
#10067=AXIS2_PLACEMENT_3D('',#13850,#11291,#11292);
#10068=AXIS2_PLACEMENT_3D('',#13852,#11293,#11294);
#10069=AXIS2_PLACEMENT_3D('',#13855,#11296,#11297);
#10070=AXIS2_PLACEMENT_3D('',#13856,#11298,#11299);
#10071=AXIS2_PLACEMENT_3D('',#13865,#11304,#11305);
#10072=AXIS2_PLACEMENT_3D('',#13871,#11309,#11310);
#10073=AXIS2_PLACEMENT_3D('',#13877,#11314,#11315);
#10074=AXIS2_PLACEMENT_3D('',#13883,#11319,#11320);
#10075=AXIS2_PLACEMENT_3D('',#13889,#11324,#11325);
#10076=AXIS2_PLACEMENT_3D('',#13892,#11328,#11329);
#10077=AXIS2_PLACEMENT_3D('',#13893,#11330,#11331);
#10078=AXIS2_PLACEMENT_3D('',#13894,#11332,#11333);
#10079=AXIS2_PLACEMENT_3D('',#13896,#11334,#11335);
#10080=AXIS2_PLACEMENT_3D('',#13899,#11337,#11338);
#10081=AXIS2_PLACEMENT_3D('',#13900,#11339,#11340);
#10082=AXIS2_PLACEMENT_3D('',#13909,#11345,#11346);
#10083=AXIS2_PLACEMENT_3D('',#13915,#11350,#11351);
#10084=AXIS2_PLACEMENT_3D('',#13921,#11355,#11356);
#10085=AXIS2_PLACEMENT_3D('',#13927,#11360,#11361);
#10086=AXIS2_PLACEMENT_3D('',#13933,#11365,#11366);
#10087=AXIS2_PLACEMENT_3D('',#13936,#11369,#11370);
#10088=AXIS2_PLACEMENT_3D('',#13937,#11371,#11372);
#10089=AXIS2_PLACEMENT_3D('',#13938,#11373,#11374);
#10090=AXIS2_PLACEMENT_3D('',#13940,#11375,#11376);
#10091=AXIS2_PLACEMENT_3D('',#13943,#11378,#11379);
#10092=AXIS2_PLACEMENT_3D('',#13944,#11380,#11381);
#10093=AXIS2_PLACEMENT_3D('',#13953,#11386,#11387);
#10094=AXIS2_PLACEMENT_3D('',#13959,#11391,#11392);
#10095=AXIS2_PLACEMENT_3D('',#13965,#11396,#11397);
#10096=AXIS2_PLACEMENT_3D('',#13971,#11401,#11402);
#10097=AXIS2_PLACEMENT_3D('',#13977,#11406,#11407);
#10098=AXIS2_PLACEMENT_3D('',#13980,#11410,#11411);
#10099=AXIS2_PLACEMENT_3D('',#13981,#11412,#11413);
#10100=AXIS2_PLACEMENT_3D('',#13982,#11414,#11415);
#10101=AXIS2_PLACEMENT_3D('',#13984,#11416,#11417);
#10102=AXIS2_PLACEMENT_3D('',#13987,#11419,#11420);
#10103=AXIS2_PLACEMENT_3D('',#13988,#11421,#11422);
#10104=AXIS2_PLACEMENT_3D('',#13997,#11427,#11428);
#10105=AXIS2_PLACEMENT_3D('',#14003,#11432,#11433);
#10106=AXIS2_PLACEMENT_3D('',#14009,#11437,#11438);
#10107=AXIS2_PLACEMENT_3D('',#14015,#11442,#11443);
#10108=AXIS2_PLACEMENT_3D('',#14021,#11447,#11448);
#10109=AXIS2_PLACEMENT_3D('',#14024,#11451,#11452);
#10110=AXIS2_PLACEMENT_3D('',#14025,#11453,#11454);
#10111=AXIS2_PLACEMENT_3D('',#14026,#11455,#11456);
#10112=AXIS2_PLACEMENT_3D('',#14028,#11457,#11458);
#10113=AXIS2_PLACEMENT_3D('',#14031,#11460,#11461);
#10114=AXIS2_PLACEMENT_3D('',#14032,#11462,#11463);
#10115=AXIS2_PLACEMENT_3D('',#14041,#11468,#11469);
#10116=AXIS2_PLACEMENT_3D('',#14047,#11473,#11474);
#10117=AXIS2_PLACEMENT_3D('',#14053,#11478,#11479);
#10118=AXIS2_PLACEMENT_3D('',#14059,#11483,#11484);
#10119=AXIS2_PLACEMENT_3D('',#14065,#11488,#11489);
#10120=AXIS2_PLACEMENT_3D('',#14068,#11492,#11493);
#10121=AXIS2_PLACEMENT_3D('',#14069,#11494,#11495);
#10122=AXIS2_PLACEMENT_3D('',#14070,#11496,#11497);
#10123=AXIS2_PLACEMENT_3D('',#14072,#11498,#11499);
#10124=AXIS2_PLACEMENT_3D('',#14075,#11501,#11502);
#10125=AXIS2_PLACEMENT_3D('',#14076,#11503,#11504);
#10126=AXIS2_PLACEMENT_3D('',#14085,#11509,#11510);
#10127=AXIS2_PLACEMENT_3D('',#14091,#11514,#11515);
#10128=AXIS2_PLACEMENT_3D('',#14097,#11519,#11520);
#10129=AXIS2_PLACEMENT_3D('',#14103,#11524,#11525);
#10130=AXIS2_PLACEMENT_3D('',#14109,#11529,#11530);
#10131=AXIS2_PLACEMENT_3D('',#14112,#11533,#11534);
#10132=AXIS2_PLACEMENT_3D('',#14113,#11535,#11536);
#10133=AXIS2_PLACEMENT_3D('',#14114,#11537,#11538);
#10134=AXIS2_PLACEMENT_3D('',#14116,#11539,#11540);
#10135=AXIS2_PLACEMENT_3D('',#14119,#11542,#11543);
#10136=AXIS2_PLACEMENT_3D('',#14120,#11544,#11545);
#10137=AXIS2_PLACEMENT_3D('',#14129,#11550,#11551);
#10138=AXIS2_PLACEMENT_3D('',#14135,#11555,#11556);
#10139=AXIS2_PLACEMENT_3D('',#14141,#11560,#11561);
#10140=AXIS2_PLACEMENT_3D('',#14147,#11565,#11566);
#10141=AXIS2_PLACEMENT_3D('',#14153,#11570,#11571);
#10142=AXIS2_PLACEMENT_3D('',#14156,#11574,#11575);
#10143=AXIS2_PLACEMENT_3D('',#14157,#11576,#11577);
#10144=AXIS2_PLACEMENT_3D('',#14158,#11578,#11579);
#10145=AXIS2_PLACEMENT_3D('',#14160,#11580,#11581);
#10146=AXIS2_PLACEMENT_3D('',#14163,#11583,#11584);
#10147=AXIS2_PLACEMENT_3D('',#14164,#11585,#11586);
#10148=AXIS2_PLACEMENT_3D('',#14173,#11591,#11592);
#10149=AXIS2_PLACEMENT_3D('',#14179,#11596,#11597);
#10150=AXIS2_PLACEMENT_3D('',#14185,#11601,#11602);
#10151=AXIS2_PLACEMENT_3D('',#14191,#11606,#11607);
#10152=AXIS2_PLACEMENT_3D('',#14197,#11611,#11612);
#10153=AXIS2_PLACEMENT_3D('',#14200,#11615,#11616);
#10154=AXIS2_PLACEMENT_3D('',#14201,#11617,#11618);
#10155=AXIS2_PLACEMENT_3D('',#14202,#11619,#11620);
#10156=AXIS2_PLACEMENT_3D('',#14204,#11621,#11622);
#10157=AXIS2_PLACEMENT_3D('',#14207,#11624,#11625);
#10158=AXIS2_PLACEMENT_3D('',#14208,#11626,#11627);
#10159=AXIS2_PLACEMENT_3D('',#14217,#11632,#11633);
#10160=AXIS2_PLACEMENT_3D('',#14223,#11637,#11638);
#10161=AXIS2_PLACEMENT_3D('',#14229,#11642,#11643);
#10162=AXIS2_PLACEMENT_3D('',#14235,#11647,#11648);
#10163=AXIS2_PLACEMENT_3D('',#14241,#11652,#11653);
#10164=AXIS2_PLACEMENT_3D('',#14244,#11656,#11657);
#10165=AXIS2_PLACEMENT_3D('',#14245,#11658,#11659);
#10166=AXIS2_PLACEMENT_3D('',#14246,#11660,#11661);
#10167=AXIS2_PLACEMENT_3D('',#14248,#11662,#11663);
#10168=AXIS2_PLACEMENT_3D('',#14251,#11665,#11666);
#10169=AXIS2_PLACEMENT_3D('',#14252,#11667,#11668);
#10170=AXIS2_PLACEMENT_3D('',#14261,#11673,#11674);
#10171=AXIS2_PLACEMENT_3D('',#14267,#11678,#11679);
#10172=AXIS2_PLACEMENT_3D('',#14273,#11683,#11684);
#10173=AXIS2_PLACEMENT_3D('',#14279,#11688,#11689);
#10174=AXIS2_PLACEMENT_3D('',#14285,#11693,#11694);
#10175=AXIS2_PLACEMENT_3D('',#14288,#11697,#11698);
#10176=AXIS2_PLACEMENT_3D('',#14289,#11699,#11700);
#10177=AXIS2_PLACEMENT_3D('',#14290,#11701,#11702);
#10178=AXIS2_PLACEMENT_3D('',#14292,#11703,#11704);
#10179=AXIS2_PLACEMENT_3D('',#14295,#11706,#11707);
#10180=AXIS2_PLACEMENT_3D('',#14296,#11708,#11709);
#10181=AXIS2_PLACEMENT_3D('',#14305,#11714,#11715);
#10182=AXIS2_PLACEMENT_3D('',#14311,#11719,#11720);
#10183=AXIS2_PLACEMENT_3D('',#14317,#11724,#11725);
#10184=AXIS2_PLACEMENT_3D('',#14323,#11729,#11730);
#10185=AXIS2_PLACEMENT_3D('',#14329,#11734,#11735);
#10186=AXIS2_PLACEMENT_3D('',#14332,#11738,#11739);
#10187=AXIS2_PLACEMENT_3D('',#14333,#11740,#11741);
#10188=AXIS2_PLACEMENT_3D('',#14334,#11742,#11743);
#10189=AXIS2_PLACEMENT_3D('',#14336,#11744,#11745);
#10190=AXIS2_PLACEMENT_3D('',#14339,#11747,#11748);
#10191=AXIS2_PLACEMENT_3D('',#14340,#11749,#11750);
#10192=AXIS2_PLACEMENT_3D('',#14349,#11755,#11756);
#10193=AXIS2_PLACEMENT_3D('',#14355,#11760,#11761);
#10194=AXIS2_PLACEMENT_3D('',#14361,#11765,#11766);
#10195=AXIS2_PLACEMENT_3D('',#14367,#11770,#11771);
#10196=AXIS2_PLACEMENT_3D('',#14373,#11775,#11776);
#10197=AXIS2_PLACEMENT_3D('',#14376,#11779,#11780);
#10198=AXIS2_PLACEMENT_3D('',#14377,#11781,#11782);
#10199=AXIS2_PLACEMENT_3D('',#14378,#11783,#11784);
#10200=AXIS2_PLACEMENT_3D('',#14380,#11785,#11786);
#10201=AXIS2_PLACEMENT_3D('',#14383,#11788,#11789);
#10202=AXIS2_PLACEMENT_3D('',#14384,#11790,#11791);
#10203=AXIS2_PLACEMENT_3D('',#14386,#11792,#11793);
#10204=AXIS2_PLACEMENT_3D('',#14389,#11795,#11796);
#10205=AXIS2_PLACEMENT_3D('',#14390,#11797,#11798);
#10206=AXIS2_PLACEMENT_3D('',#14392,#11799,#11800);
#10207=AXIS2_PLACEMENT_3D('',#14395,#11802,#11803);
#10208=AXIS2_PLACEMENT_3D('',#14396,#11804,#11805);
#10209=AXIS2_PLACEMENT_3D('',#14398,#11806,#11807);
#10210=AXIS2_PLACEMENT_3D('',#14401,#11809,#11810);
#10211=AXIS2_PLACEMENT_3D('',#14402,#11811,#11812);
#10212=AXIS2_PLACEMENT_3D('',#14404,#11813,#11814);
#10213=AXIS2_PLACEMENT_3D('',#14407,#11816,#11817);
#10214=AXIS2_PLACEMENT_3D('',#14408,#11818,#11819);
#10215=AXIS2_PLACEMENT_3D('',#14417,#11824,#11825);
#10216=AXIS2_PLACEMENT_3D('',#14426,#11830,#11831);
#10217=AXIS2_PLACEMENT_3D('',#14432,#11835,#11836);
#10218=AXIS2_PLACEMENT_3D('',#14438,#11840,#11841);
#10219=AXIS2_PLACEMENT_3D('',#14447,#11846,#11847);
#10220=AXIS2_PLACEMENT_3D('',#14453,#11851,#11852);
#10221=AXIS2_PLACEMENT_3D('',#14459,#11856,#11857);
#10222=AXIS2_PLACEMENT_3D('',#14468,#11862,#11863);
#10223=AXIS2_PLACEMENT_3D('',#14474,#11867,#11868);
#10224=AXIS2_PLACEMENT_3D('',#14480,#11872,#11873);
#10225=AXIS2_PLACEMENT_3D('',#14489,#11878,#11879);
#10226=AXIS2_PLACEMENT_3D('',#14495,#11883,#11884);
#10227=AXIS2_PLACEMENT_3D('',#14501,#11888,#11889);
#10228=AXIS2_PLACEMENT_3D('',#14510,#11894,#11895);
#10229=AXIS2_PLACEMENT_3D('',#14516,#11899,#11900);
#10230=AXIS2_PLACEMENT_3D('',#14522,#11904,#11905);
#10231=AXIS2_PLACEMENT_3D('',#14531,#11910,#11911);
#10232=AXIS2_PLACEMENT_3D('',#14537,#11915,#11916);
#10233=AXIS2_PLACEMENT_3D('',#14543,#11920,#11921);
#10234=AXIS2_PLACEMENT_3D('',#14552,#11926,#11927);
#10235=AXIS2_PLACEMENT_3D('',#14558,#11931,#11932);
#10236=AXIS2_PLACEMENT_3D('',#14564,#11936,#11937);
#10237=AXIS2_PLACEMENT_3D('',#14573,#11942,#11943);
#10238=AXIS2_PLACEMENT_3D('',#14579,#11947,#11948);
#10239=AXIS2_PLACEMENT_3D('',#14585,#11952,#11953);
#10240=AXIS2_PLACEMENT_3D('',#14594,#11958,#11959);
#10241=AXIS2_PLACEMENT_3D('',#14600,#11963,#11964);
#10242=AXIS2_PLACEMENT_3D('',#14606,#11968,#11969);
#10243=AXIS2_PLACEMENT_3D('',#14615,#11974,#11975);
#10244=AXIS2_PLACEMENT_3D('',#14621,#11979,#11980);
#10245=AXIS2_PLACEMENT_3D('',#14627,#11984,#11985);
#10246=AXIS2_PLACEMENT_3D('',#14636,#11990,#11991);
#10247=AXIS2_PLACEMENT_3D('',#14642,#11995,#11996);
#10248=AXIS2_PLACEMENT_3D('',#14648,#12000,#12001);
#10249=AXIS2_PLACEMENT_3D('',#14657,#12006,#12007);
#10250=AXIS2_PLACEMENT_3D('',#14663,#12011,#12012);
#10251=AXIS2_PLACEMENT_3D('',#14669,#12016,#12017);
#10252=AXIS2_PLACEMENT_3D('',#14678,#12022,#12023);
#10253=AXIS2_PLACEMENT_3D('',#14684,#12027,#12028);
#10254=AXIS2_PLACEMENT_3D('',#14690,#12032,#12033);
#10255=AXIS2_PLACEMENT_3D('',#14699,#12038,#12039);
#10256=AXIS2_PLACEMENT_3D('',#14705,#12043,#12044);
#10257=AXIS2_PLACEMENT_3D('',#14711,#12048,#12049);
#10258=AXIS2_PLACEMENT_3D('',#14720,#12054,#12055);
#10259=AXIS2_PLACEMENT_3D('',#14726,#12059,#12060);
#10260=AXIS2_PLACEMENT_3D('',#14732,#12064,#12065);
#10261=AXIS2_PLACEMENT_3D('',#14741,#12070,#12071);
#10262=AXIS2_PLACEMENT_3D('',#14744,#12074,#12075);
#10263=AXIS2_PLACEMENT_3D('',#14746,#12076,#12077);
#10264=AXIS2_PLACEMENT_3D('',#14985,#12204,#12205);
#10265=AXIS2_PLACEMENT_3D('',#14987,#12206,#12207);
#10266=AXIS2_PLACEMENT_3D('',#14989,#12208,#12209);
#10267=AXIS2_PLACEMENT_3D('',#14993,#12211,#12212);
#10268=AXIS2_PLACEMENT_3D('',#14995,#12213,#12214);
#10269=AXIS2_PLACEMENT_3D('',#14997,#12215,#12216);
#10270=AXIS2_PLACEMENT_3D('',#15015,#12225,#12226);
#10271=AXIS2_PLACEMENT_3D('',#15017,#12227,#12228);
#10272=AXIS2_PLACEMENT_3D('',#15019,#12229,#12230);
#10273=AXIS2_PLACEMENT_3D('',#15023,#12232,#12233);
#10274=AXIS2_PLACEMENT_3D('',#15025,#12234,#12235);
#10275=AXIS2_PLACEMENT_3D('',#15026,#12236,#12237);
#10276=AXIS2_PLACEMENT_3D('',#15031,#12239,#12240);
#10277=AXIS2_PLACEMENT_3D('',#15033,#12241,#12242);
#10278=AXIS2_PLACEMENT_3D('',#15035,#12243,#12244);
#10279=AXIS2_PLACEMENT_3D('',#15039,#12246,#12247);
#10280=AXIS2_PLACEMENT_3D('',#15041,#12248,#12249);
#10281=AXIS2_PLACEMENT_3D('',#15042,#12250,#12251);
#10282=AXIS2_PLACEMENT_3D('',#15043,#12252,#12253);
#10283=AXIS2_PLACEMENT_3D('',#15047,#12255,#12256);
#10284=AXIS2_PLACEMENT_3D('',#15048,#12257,#12258);
#10285=AXIS2_PLACEMENT_3D('',#15049,#12259,#12260);
#10286=AXIS2_PLACEMENT_3D('',#15051,#12261,#12262);
#10287=AXIS2_PLACEMENT_3D('',#15052,#12263,#12264);
#10288=AXIS2_PLACEMENT_3D('',#15053,#12265,#12266);
#10289=AXIS2_PLACEMENT_3D('',#15329,#12399,#12400);
#10290=AXIS2_PLACEMENT_3D('',#15354,#12401,#12402);
#10291=AXIS2_PLACEMENT_3D('',#15379,#12403,#12404);
#10292=AXIS2_PLACEMENT_3D('',#15406,#12405,#12406);
#10293=AXIS2_PLACEMENT_3D('',#15435,#12407,#12408);
#10294=AXIS2_PLACEMENT_3D('',#15463,#12409,#12410);
#10295=AXIS2_PLACEMENT_3D('',#15523,#12411,#12412);
#10296=AXIS2_PLACEMENT_3D('',#15531,#12413,#12414);
#10297=AXIS2_PLACEMENT_3D('',#15534,#12415,#12416);
#10298=AXIS2_PLACEMENT_3D('',#15535,#12417,#12418);
#10299=AXIS2_PLACEMENT_3D('',#15536,#12419,#12420);
#10300=AXIS2_PLACEMENT_3D('',#15537,#12421,#12422);
#10301=AXIS2_PLACEMENT_3D('',#15540,#12423,#12424);
#10302=AXIS2_PLACEMENT_3D('',#15543,#12427,#12428);
#10303=AXIS2_PLACEMENT_3D('',#15546,#12429,#12430);
#10304=AXIS2_PLACEMENT_3D('',#15547,#12431,#12432);
#10305=AXIS2_PLACEMENT_3D('',#15548,#12433,#12434);
#10306=AXIS2_PLACEMENT_3D('',#15549,#12435,#12436);
#10307=AXIS2_PLACEMENT_3D('',#15552,#12437,#12438);
#10308=AXIS2_PLACEMENT_3D('',#15553,#12439,#12440);
#10309=AXIS2_PLACEMENT_3D('',#15554,#12441,#12442);
#10310=AXIS2_PLACEMENT_3D('',#15555,#12443,#12444);
#10311=AXIS2_PLACEMENT_3D('',#15558,#12445,#12446);
#10312=AXIS2_PLACEMENT_3D('',#15559,#12447,#12448);
#10313=AXIS2_PLACEMENT_3D('',#15560,#12449,#12450);
#10314=AXIS2_PLACEMENT_3D('',#15561,#12451,#12452);
#10315=AXIS2_PLACEMENT_3D('',#15564,#12453,#12454);
#10316=AXIS2_PLACEMENT_3D('',#15567,#12457,#12458);
#10317=AXIS2_PLACEMENT_3D('',#15570,#12459,#12460);
#10318=AXIS2_PLACEMENT_3D('',#15571,#12461,#12462);
#10319=AXIS2_PLACEMENT_3D('',#15572,#12463,#12464);
#10320=AXIS2_PLACEMENT_3D('',#15649,#12465,#12466);
#10321=AXIS2_PLACEMENT_3D('',#15651,#12467,#12468);
#10322=AXIS2_PLACEMENT_3D('',#15659,#12469,#12470);
#10323=AXIS2_PLACEMENT_3D('',#15661,#12471,#12472);
#10324=AXIS2_PLACEMENT_3D('',#15663,#12473,#12474);
#10325=AXIS2_PLACEMENT_3D('',#15667,#12476,#12477);
#10326=AXIS2_PLACEMENT_3D('',#15669,#12478,#12479);
#10327=AXIS2_PLACEMENT_3D('',#15671,#12480,#12481);
#10328=AXIS2_PLACEMENT_3D('',#15675,#12483,#12484);
#10329=AXIS2_PLACEMENT_3D('',#15677,#12485,#12486);
#10330=AXIS2_PLACEMENT_3D('',#15679,#12487,#12488);
#10331=AXIS2_PLACEMENT_3D('',#15683,#12490,#12491);
#10332=AXIS2_PLACEMENT_3D('',#15685,#12492,#12493);
#10333=AXIS2_PLACEMENT_3D('',#15687,#12494,#12495);
#10334=AXIS2_PLACEMENT_3D('',#15690,#12497,#12498);
#10335=AXIS2_PLACEMENT_3D('',#15691,#12499,#12500);
#10336=AXIS2_PLACEMENT_3D('',#15768,#12501,#12502);
#10337=AXIS2_PLACEMENT_3D('',#15777,#12503,#12504);
#10338=AXIS2_PLACEMENT_3D('',#15779,#12505,#12506);
#10339=AXIS2_PLACEMENT_3D('',#15780,#12507,#12508);
#10340=AXIS2_PLACEMENT_3D('',#15781,#12509,#12510);
#10341=AXIS2_PLACEMENT_3D('',#15783,#12511,#12512);
#10342=AXIS2_PLACEMENT_3D('',#15785,#12514,#12515);
#10343=AXIS2_PLACEMENT_3D('',#15787,#12516,#12517);
#10344=AXIS2_PLACEMENT_3D('',#15788,#12518,#12519);
#10345=AXIS2_PLACEMENT_3D('',#15789,#12520,#12521);
#10346=AXIS2_PLACEMENT_3D('',#15791,#12522,#12523);
#10347=AXIS2_PLACEMENT_3D('',#15792,#12524,#12525);
#10348=AXIS2_PLACEMENT_3D('',#15793,#12526,#12527);
#10349=AXIS2_PLACEMENT_3D('',#15795,#12528,#12529);
#10350=AXIS2_PLACEMENT_3D('',#15796,#12530,#12531);
#10351=AXIS2_PLACEMENT_3D('',#15797,#12532,#12533);
#10352=AXIS2_PLACEMENT_3D('',#15799,#12534,#12535);
#10353=AXIS2_PLACEMENT_3D('',#15801,#12537,#12538);
#10354=AXIS2_PLACEMENT_3D('',#15803,#12539,#12540);
#10355=AXIS2_PLACEMENT_3D('',#15804,#12541,#12542);
#10356=AXIS2_PLACEMENT_3D('',#15862,#12543,#12544);
#10357=AXIS2_PLACEMENT_3D('',#15929,#12545,#12546);
#10358=AXIS2_PLACEMENT_3D('',#15930,#12547,#12548);
#10359=AXIS2_PLACEMENT_3D('',#15932,#12549,#12550);
#10360=AXIS2_PLACEMENT_3D('',#15933,#12551,#12552);
#10361=AXIS2_PLACEMENT_3D('',#15934,#12553,#12554);
#10362=AXIS2_PLACEMENT_3D('',#15936,#12555,#12556);
#10363=AXIS2_PLACEMENT_3D('',#15938,#12558,#12559);
#10364=AXIS2_PLACEMENT_3D('',#15940,#12560,#12561);
#10365=AXIS2_PLACEMENT_3D('',#15941,#12562,#12563);
#10366=AXIS2_PLACEMENT_3D('',#15942,#12564,#12565);
#10367=AXIS2_PLACEMENT_3D('',#15944,#12566,#12567);
#10368=AXIS2_PLACEMENT_3D('',#15945,#12568,#12569);
#10369=AXIS2_PLACEMENT_3D('',#15946,#12570,#12571);
#10370=AXIS2_PLACEMENT_3D('',#15948,#12572,#12573);
#10371=AXIS2_PLACEMENT_3D('',#15949,#12574,#12575);
#10372=AXIS2_PLACEMENT_3D('',#15950,#12576,#12577);
#10373=AXIS2_PLACEMENT_3D('',#15952,#12578,#12579);
#10374=AXIS2_PLACEMENT_3D('',#15954,#12581,#12582);
#10375=AXIS2_PLACEMENT_3D('',#15956,#12583,#12584);
#10376=AXIS2_PLACEMENT_3D('',#15957,#12585,#12586);
#10377=AXIS2_PLACEMENT_3D('',#16026,#12587,#12588);
#10378=AXIS2_PLACEMENT_3D('',#16029,#12591,#12592);
#10379=AXIS2_PLACEMENT_3D('',#16032,#12595,#12596);
#10380=AXIS2_PLACEMENT_3D('',#16035,#12599,#12600);
#10381=AXIS2_PLACEMENT_3D('',#16037,#12602,#12603);
#10382=AXIS2_PLACEMENT_3D('',#16039,#12605,#12606);
#10383=AXIS2_PLACEMENT_3D('',#16041,#12608,#12609);
#10384=AXIS2_PLACEMENT_3D('',#16043,#12611,#12612);
#10385=AXIS2_PLACEMENT_3D('',#16045,#12614,#12615);
#10386=AXIS2_PLACEMENT_3D('',#16047,#12617,#12618);
#10387=AXIS2_PLACEMENT_3D('',#16049,#12620,#12621);
#10388=AXIS2_PLACEMENT_3D('',#16051,#12623,#12624);
#10389=AXIS2_PLACEMENT_3D('',#16053,#12626,#12627);
#10390=AXIS2_PLACEMENT_3D('',#16055,#12629,#12630);
#10391=AXIS2_PLACEMENT_3D('',#16057,#12632,#12633);
#10392=AXIS2_PLACEMENT_3D('',#16059,#12635,#12636);
#10393=AXIS2_PLACEMENT_3D('',#16060,#12637,#12638);
#10394=AXIS2_PLACEMENT_3D('',#16062,#12640,#12641);
#10395=AXIS2_PLACEMENT_3D('',#16064,#12643,#12644);
#10396=AXIS2_PLACEMENT_3D('',#16065,#12645,#12646);
#10397=AXIS2_PLACEMENT_3D('',#16068,#12649,#12650);
#10398=AXIS2_PLACEMENT_3D('',#16070,#12652,#12653);
#10399=AXIS2_PLACEMENT_3D('',#16072,#12655,#12656);
#10400=AXIS2_PLACEMENT_3D('',#16074,#12658,#12659);
#10401=AXIS2_PLACEMENT_3D('',#16076,#12661,#12662);
#10402=AXIS2_PLACEMENT_3D('',#16077,#12663,#12664);
#10403=AXIS2_PLACEMENT_3D('',#16080,#12667,#12668);
#10404=AXIS2_PLACEMENT_3D('',#16082,#12670,#12671);
#10405=AXIS2_PLACEMENT_3D('',#16084,#12673,#12674);
#10406=AXIS2_PLACEMENT_3D('',#16086,#12676,#12677);
#10407=AXIS2_PLACEMENT_3D('',#16088,#12679,#12680);
#10408=AXIS2_PLACEMENT_3D('',#16089,#12681,#12682);
#10409=AXIS2_PLACEMENT_3D('',#16092,#12685,#12686);
#10410=AXIS2_PLACEMENT_3D('',#16094,#12688,#12689);
#10411=AXIS2_PLACEMENT_3D('',#16096,#12691,#12692);
#10412=AXIS2_PLACEMENT_3D('',#16098,#12694,#12695);
#10413=AXIS2_PLACEMENT_3D('',#16100,#12697,#12698);
#10414=AXIS2_PLACEMENT_3D('',#16101,#12699,#12700);
#10415=AXIS2_PLACEMENT_3D('',#16103,#12702,#12703);
#10416=AXIS2_PLACEMENT_3D('',#16105,#12705,#12706);
#10417=AXIS2_PLACEMENT_3D('',#16106,#12707,#12708);
#10418=AXIS2_PLACEMENT_3D('',#16108,#12710,#12711);
#10419=AXIS2_PLACEMENT_3D('',#16110,#12713,#12714);
#10420=AXIS2_PLACEMENT_3D('',#16111,#12715,#12716);
#10421=AXIS2_PLACEMENT_3D('',#16113,#12718,#12719);
#10422=AXIS2_PLACEMENT_3D('',#16115,#12721,#12722);
#10423=AXIS2_PLACEMENT_3D('',#16116,#12723,#12724);
#10424=AXIS2_PLACEMENT_3D('',#16118,#12726,#12727);
#10425=AXIS2_PLACEMENT_3D('',#16120,#12729,#12730);
#10426=AXIS2_PLACEMENT_3D('',#16121,#12731,#12732);
#10427=AXIS2_PLACEMENT_3D('',#16123,#12734,#12735);
#10428=AXIS2_PLACEMENT_3D('',#16125,#12737,#12738);
#10429=AXIS2_PLACEMENT_3D('',#16126,#12739,#12740);
#10430=AXIS2_PLACEMENT_3D('',#16129,#12743,#12744);
#10431=AXIS2_PLACEMENT_3D('',#16131,#12746,#12747);
#10432=AXIS2_PLACEMENT_3D('',#16133,#12749,#12750);
#10433=AXIS2_PLACEMENT_3D('',#16135,#12752,#12753);
#10434=AXIS2_PLACEMENT_3D('',#16137,#12755,#12756);
#10435=AXIS2_PLACEMENT_3D('',#16138,#12757,#12758);
#10436=AXIS2_PLACEMENT_3D('',#16141,#12761,#12762);
#10437=AXIS2_PLACEMENT_3D('',#16143,#12764,#12765);
#10438=AXIS2_PLACEMENT_3D('',#16145,#12767,#12768);
#10439=AXIS2_PLACEMENT_3D('',#16147,#12770,#12771);
#10440=AXIS2_PLACEMENT_3D('',#16149,#12773,#12774);
#10441=AXIS2_PLACEMENT_3D('',#16150,#12775,#12776);
#10442=AXIS2_PLACEMENT_3D('',#16153,#12779,#12780);
#10443=AXIS2_PLACEMENT_3D('',#16155,#12782,#12783);
#10444=AXIS2_PLACEMENT_3D('',#16157,#12785,#12786);
#10445=AXIS2_PLACEMENT_3D('',#16159,#12788,#12789);
#10446=AXIS2_PLACEMENT_3D('',#16161,#12791,#12792);
#10447=AXIS2_PLACEMENT_3D('',#16162,#12793,#12794);
#10448=AXIS2_PLACEMENT_3D('',#16164,#12796,#12797);
#10449=AXIS2_PLACEMENT_3D('',#16166,#12799,#12800);
#10450=AXIS2_PLACEMENT_3D('',#16167,#12801,#12802);
#10451=AXIS2_PLACEMENT_3D('',#16169,#12804,#12805);
#10452=AXIS2_PLACEMENT_3D('',#16171,#12807,#12808);
#10453=AXIS2_PLACEMENT_3D('',#16172,#12809,#12810);
#10454=AXIS2_PLACEMENT_3D('',#16174,#12812,#12813);
#10455=AXIS2_PLACEMENT_3D('',#16176,#12815,#12816);
#10456=AXIS2_PLACEMENT_3D('',#16177,#12817,#12818);
#10457=AXIS2_PLACEMENT_3D('',#16180,#12821,#12822);
#10458=AXIS2_PLACEMENT_3D('',#16182,#12824,#12825);
#10459=AXIS2_PLACEMENT_3D('',#16184,#12827,#12828);
#10460=AXIS2_PLACEMENT_3D('',#16186,#12830,#12831);
#10461=AXIS2_PLACEMENT_3D('',#16188,#12833,#12834);
#10462=AXIS2_PLACEMENT_3D('',#16189,#12835,#12836);
#10463=AXIS2_PLACEMENT_3D('',#16192,#12839,#12840);
#10464=AXIS2_PLACEMENT_3D('',#16194,#12842,#12843);
#10465=AXIS2_PLACEMENT_3D('',#16196,#12845,#12846);
#10466=AXIS2_PLACEMENT_3D('',#16198,#12848,#12849);
#10467=AXIS2_PLACEMENT_3D('',#16200,#12851,#12852);
#10468=AXIS2_PLACEMENT_3D('',#16201,#12853,#12854);
#10469=AXIS2_PLACEMENT_3D('',#16204,#12857,#12858);
#10470=AXIS2_PLACEMENT_3D('',#16206,#12860,#12861);
#10471=AXIS2_PLACEMENT_3D('',#16208,#12863,#12864);
#10472=AXIS2_PLACEMENT_3D('',#16210,#12866,#12867);
#10473=AXIS2_PLACEMENT_3D('',#16212,#12869,#12870);
#10474=AXIS2_PLACEMENT_3D('',#16213,#12871,#12872);
#10475=AXIS2_PLACEMENT_3D('',#16216,#12875,#12876);
#10476=AXIS2_PLACEMENT_3D('',#16218,#12878,#12879);
#10477=AXIS2_PLACEMENT_3D('',#16220,#12881,#12882);
#10478=AXIS2_PLACEMENT_3D('',#16222,#12884,#12885);
#10479=AXIS2_PLACEMENT_3D('',#16224,#12887,#12888);
#10480=AXIS2_PLACEMENT_3D('',#16225,#12889,#12890);
#10481=AXIS2_PLACEMENT_3D('',#16227,#12892,#12893);
#10482=AXIS2_PLACEMENT_3D('',#16229,#12895,#12896);
#10483=AXIS2_PLACEMENT_3D('',#16230,#12897,#12898);
#10484=AXIS2_PLACEMENT_3D('',#16232,#12900,#12901);
#10485=AXIS2_PLACEMENT_3D('',#16234,#12903,#12904);
#10486=AXIS2_PLACEMENT_3D('',#16235,#12905,#12906);
#10487=AXIS2_PLACEMENT_3D('',#16237,#12908,#12909);
#10488=AXIS2_PLACEMENT_3D('',#16239,#12911,#12912);
#10489=AXIS2_PLACEMENT_3D('',#16240,#12913,#12914);
#10490=AXIS2_PLACEMENT_3D('',#16242,#12916,#12917);
#10491=AXIS2_PLACEMENT_3D('',#16244,#12919,#12920);
#10492=AXIS2_PLACEMENT_3D('',#16245,#12921,#12922);
#10493=AXIS2_PLACEMENT_3D('',#16248,#12925,#12926);
#10494=AXIS2_PLACEMENT_3D('',#16250,#12928,#12929);
#10495=AXIS2_PLACEMENT_3D('',#16252,#12931,#12932);
#10496=AXIS2_PLACEMENT_3D('',#16254,#12934,#12935);
#10497=AXIS2_PLACEMENT_3D('',#16256,#12937,#12938);
#10498=AXIS2_PLACEMENT_3D('',#16257,#12939,#12940);
#10499=AXIS2_PLACEMENT_3D('',#16260,#12943,#12944);
#10500=AXIS2_PLACEMENT_3D('',#16262,#12946,#12947);
#10501=AXIS2_PLACEMENT_3D('',#16264,#12949,#12950);
#10502=AXIS2_PLACEMENT_3D('',#16266,#12952,#12953);
#10503=AXIS2_PLACEMENT_3D('',#16268,#12955,#12956);
#10504=AXIS2_PLACEMENT_3D('',#16269,#12957,#12958);
#10505=AXIS2_PLACEMENT_3D('',#16272,#12961,#12962);
#10506=AXIS2_PLACEMENT_3D('',#16274,#12964,#12965);
#10507=AXIS2_PLACEMENT_3D('',#16276,#12967,#12968);
#10508=AXIS2_PLACEMENT_3D('',#16278,#12970,#12971);
#10509=AXIS2_PLACEMENT_3D('',#16280,#12973,#12974);
#10510=AXIS2_PLACEMENT_3D('',#16281,#12975,#12976);
#10511=AXIS2_PLACEMENT_3D('',#16284,#12979,#12980);
#10512=AXIS2_PLACEMENT_3D('',#16286,#12982,#12983);
#10513=AXIS2_PLACEMENT_3D('',#16288,#12985,#12986);
#10514=AXIS2_PLACEMENT_3D('',#16290,#12988,#12989);
#10515=AXIS2_PLACEMENT_3D('',#16292,#12991,#12992);
#10516=AXIS2_PLACEMENT_3D('',#16293,#12993,#12994);
#10517=AXIS2_PLACEMENT_3D('',#16295,#12996,#12997);
#10518=AXIS2_PLACEMENT_3D('',#16297,#12999,#13000);
#10519=AXIS2_PLACEMENT_3D('',#16298,#13001,#13002);
#10520=AXIS2_PLACEMENT_3D('',#16300,#13004,#13005);
#10521=AXIS2_PLACEMENT_3D('',#16302,#13007,#13008);
#10522=AXIS2_PLACEMENT_3D('',#16303,#13009,#13010);
#10523=AXIS2_PLACEMENT_3D('',#16305,#13012,#13013);
#10524=AXIS2_PLACEMENT_3D('',#16308,#13016,#13017);
#10525=AXIS2_PLACEMENT_3D('',#16310,#13019,#13020);
#10526=AXIS2_PLACEMENT_3D('',#16311,#13021,#13022);
#10527=AXIS2_PLACEMENT_3D('',#16312,#13023,#13024);
#10528=AXIS2_PLACEMENT_3D('',#16314,#13026,#13027);
#10529=AXIS2_PLACEMENT_3D('',#16316,#13029,#13030);
#10530=AXIS2_PLACEMENT_3D('',#16317,#13031,#13032);
#10531=AXIS2_PLACEMENT_3D('',#16319,#13034,#13035);
#10532=AXIS2_PLACEMENT_3D('',#16321,#13037,#13038);
#10533=AXIS2_PLACEMENT_3D('',#16322,#13039,#13040);
#10534=AXIS2_PLACEMENT_3D('',#16323,#13041,#13042);
#10535=AXIS2_PLACEMENT_3D('',#16324,#13043,#13044);
#10536=AXIS2_PLACEMENT_3D('',#16325,#13045,#13046);
#10537=AXIS2_PLACEMENT_3D('',#16326,#13047,#13048);
#10538=AXIS2_PLACEMENT_3D('',#16327,#13049,#13050);
#10539=DIRECTION('axis',(0.,0.,1.));
#10540=DIRECTION('refdir',(1.,0.,0.));
#10541=DIRECTION('axis',(0.,0.,1.));
#10542=DIRECTION('refdir',(1.,0.,0.));
#10543=DIRECTION('axis',(0.,0.,1.));
#10544=DIRECTION('refdir',(1.,0.,0.));
#10545=DIRECTION('axis',(0.,0.,1.));
#10546=DIRECTION('refdir',(1.,0.,0.));
#10547=DIRECTION('axis',(0.,0.,1.));
#10548=DIRECTION('refdir',(1.,0.,0.));
#10549=DIRECTION('axis',(0.,0.,1.));
#10550=DIRECTION('refdir',(1.,0.,0.));
#10551=DIRECTION('axis',(0.,0.,1.));
#10552=DIRECTION('refdir',(1.,0.,0.));
#10553=DIRECTION('center_axis',(-1.,0.,0.));
#10554=DIRECTION('ref_axis',(0.,1.,0.));
#10555=DIRECTION('center_axis',(1.,0.,0.));
#10556=DIRECTION('ref_axis',(0.,1.,0.));
#10557=DIRECTION('',(1.,0.,0.));
#10558=DIRECTION('center_axis',(-1.,0.,0.));
#10559=DIRECTION('ref_axis',(0.,1.,0.));
#10560=DIRECTION('center_axis',(0.,0.406736643075811,0.913545457642596));
#10561=DIRECTION('ref_axis',(0.,0.913545457642596,-0.406736643075811));
#10562=DIRECTION('',(0.,-0.913545457642596,0.406736643075811));
#10563=DIRECTION('',(-1.,0.,0.));
#10564=DIRECTION('',(0.,0.913545457642596,-0.406736643075811));
#10565=DIRECTION('',(-1.,0.,0.));
#10566=DIRECTION('center_axis',(0.,-0.587785252292472,0.809016994374949));
#10567=DIRECTION('ref_axis',(0.,0.809016994374949,0.587785252292471));
#10568=DIRECTION('',(0.,-0.809016994374949,-0.587785252292471));
#10569=DIRECTION('',(0.,0.809016994374949,0.587785252292471));
#10570=DIRECTION('',(-1.,0.,0.));
#10571=DIRECTION('center_axis',(0.,-0.994521895368274,-0.104528463267649));
#10572=DIRECTION('ref_axis',(0.,-0.104528463267649,0.994521895368274));
#10573=DIRECTION('',(0.,0.104528463267649,-0.994521895368274));
#10574=DIRECTION('',(0.,-0.104528463267649,0.994521895368274));
#10575=DIRECTION('',(-1.,0.,0.));
#10576=DIRECTION('center_axis',(0.,-0.406736643075805,-0.913545457642599));
#10577=DIRECTION('ref_axis',(0.,-0.913545457642599,0.406736643075805));
#10578=DIRECTION('',(0.,0.913545457642599,-0.406736643075805));
#10579=DIRECTION('',(0.,-0.913545457642599,0.406736643075805));
#10580=DIRECTION('',(-1.,0.,0.));
#10581=DIRECTION('center_axis',(0.,0.587785252292472,-0.809016994374949));
#10582=DIRECTION('ref_axis',(0.,-0.809016994374949,-0.587785252292471));
#10583=DIRECTION('',(0.,0.809016994374949,0.587785252292471));
#10584=DIRECTION('',(0.,-0.809016994374949,-0.587785252292471));
#10585=DIRECTION('',(-1.,0.,0.));
#10586=DIRECTION('center_axis',(0.,0.994521895368272,0.104528463267664));
#10587=DIRECTION('ref_axis',(0.,0.104528463267664,-0.994521895368272));
#10588=DIRECTION('',(0.,-0.104528463267664,0.994521895368272));
#10589=DIRECTION('',(0.,0.104528463267664,-0.994521895368272));
#10590=DIRECTION('center_axis',(1.,0.,0.));
#10591=DIRECTION('ref_axis',(0.,1.,0.));
#10592=DIRECTION('center_axis',(1.,0.,0.));
#10593=DIRECTION('ref_axis',(0.,1.,0.));
#10594=DIRECTION('center_axis',(-1.,0.,0.));
#10595=DIRECTION('ref_axis',(0.,1.,0.));
#10596=DIRECTION('center_axis',(1.,0.,0.));
#10597=DIRECTION('ref_axis',(0.,1.,0.));
#10598=DIRECTION('',(1.,0.,0.));
#10599=DIRECTION('center_axis',(-1.,0.,0.));
#10600=DIRECTION('ref_axis',(0.,1.,0.));
#10601=DIRECTION('center_axis',(0.,0.951056516295161,0.309016994374924));
#10602=DIRECTION('ref_axis',(0.,0.309016994374924,-0.951056516295161));
#10603=DIRECTION('',(0.,-0.309016994374924,0.951056516295161));
#10604=DIRECTION('',(-1.,0.,0.));
#10605=DIRECTION('',(0.,0.309016994374924,-0.951056516295161));
#10606=DIRECTION('',(-1.,0.,0.));
#10607=DIRECTION('center_axis',(0.,0.20791169081776,0.978147600733806));
#10608=DIRECTION('ref_axis',(0.,0.978147600733805,-0.20791169081776));
#10609=DIRECTION('',(0.,-0.978147600733805,0.20791169081776));
#10610=DIRECTION('',(0.,0.978147600733805,-0.20791169081776));
#10611=DIRECTION('',(-1.,0.,0.));
#10612=DIRECTION('center_axis',(0.,-0.743144825477394,0.669130606358859));
#10613=DIRECTION('ref_axis',(0.,0.669130606358859,0.743144825477394));
#10614=DIRECTION('',(0.,-0.669130606358859,-0.743144825477394));
#10615=DIRECTION('',(0.,0.669130606358859,0.743144825477394));
#10616=DIRECTION('',(-1.,0.,0.));
#10617=DIRECTION('center_axis',(0.,-0.951056516295157,-0.309016994374938));
#10618=DIRECTION('ref_axis',(0.,-0.309016994374938,0.951056516295157));
#10619=DIRECTION('',(0.,0.309016994374938,-0.951056516295157));
#10620=DIRECTION('',(0.,-0.309016994374938,0.951056516295157));
#10621=DIRECTION('',(-1.,0.,0.));
#10622=DIRECTION('center_axis',(0.,-0.207911690817761,-0.978147600733805));
#10623=DIRECTION('ref_axis',(0.,-0.978147600733805,0.207911690817761));
#10624=DIRECTION('',(0.,0.978147600733805,-0.207911690817761));
#10625=DIRECTION('',(0.,-0.978147600733805,0.207911690817761));
#10626=DIRECTION('',(-1.,0.,0.));
#10627=DIRECTION('center_axis',(0.,0.743144825477397,-0.669130606358855));
#10628=DIRECTION('ref_axis',(0.,-0.669130606358855,-0.743144825477397));
#10629=DIRECTION('',(0.,0.669130606358855,0.743144825477397));
#10630=DIRECTION('',(0.,-0.669130606358855,-0.743144825477397));
#10631=DIRECTION('center_axis',(1.,0.,0.));
#10632=DIRECTION('ref_axis',(0.,1.,0.));
#10633=DIRECTION('center_axis',(1.,0.,0.));
#10634=DIRECTION('ref_axis',(0.,1.,0.));
#10635=DIRECTION('center_axis',(-1.,0.,0.));
#10636=DIRECTION('ref_axis',(0.,1.,0.));
#10637=DIRECTION('center_axis',(1.,0.,0.));
#10638=DIRECTION('ref_axis',(0.,1.,0.));
#10639=DIRECTION('',(1.,0.,0.));
#10640=DIRECTION('center_axis',(-1.,0.,0.));
#10641=DIRECTION('ref_axis',(0.,1.,0.));
#10642=DIRECTION('center_axis',(0.,0.866025403784434,-0.500000000000008));
#10643=DIRECTION('ref_axis',(0.,-0.500000000000008,-0.866025403784434));
#10644=DIRECTION('',(0.,0.500000000000008,0.866025403784434));
#10645=DIRECTION('',(-1.,0.,0.));
#10646=DIRECTION('',(0.,-0.500000000000008,-0.866025403784434));
#10647=DIRECTION('',(-1.,0.,0.));
#10648=DIRECTION('center_axis',(0.,0.866025403784441,0.499999999999996));
#10649=DIRECTION('ref_axis',(0.,0.499999999999996,-0.866025403784441));
#10650=DIRECTION('',(0.,-0.499999999999996,0.866025403784441));
#10651=DIRECTION('',(0.,0.499999999999996,-0.866025403784441));
#10652=DIRECTION('',(-1.,0.,0.));
#10653=DIRECTION('center_axis',(0.,0.,1.));
#10654=DIRECTION('ref_axis',(0.,1.,0.));
#10655=DIRECTION('',(0.,-1.,0.));
#10656=DIRECTION('',(0.,1.,0.));
#10657=DIRECTION('',(-1.,0.,0.));
#10658=DIRECTION('center_axis',(0.,-0.866025403784434,0.500000000000008));
#10659=DIRECTION('ref_axis',(0.,0.500000000000008,0.866025403784434));
#10660=DIRECTION('',(0.,-0.500000000000008,-0.866025403784434));
#10661=DIRECTION('',(0.,0.500000000000008,0.866025403784434));
#10662=DIRECTION('',(-1.,0.,0.));
#10663=DIRECTION('center_axis',(0.,-0.866025403784441,-0.499999999999996));
#10664=DIRECTION('ref_axis',(0.,-0.499999999999996,0.866025403784441));
#10665=DIRECTION('',(0.,0.499999999999996,-0.866025403784441));
#10666=DIRECTION('',(0.,-0.499999999999996,0.866025403784441));
#10667=DIRECTION('',(-1.,0.,0.));
#10668=DIRECTION('center_axis',(0.,0.,-1.));
#10669=DIRECTION('ref_axis',(0.,-1.,0.));
#10670=DIRECTION('',(0.,1.,0.));
#10671=DIRECTION('',(0.,-1.,0.));
#10672=DIRECTION('center_axis',(1.,0.,0.));
#10673=DIRECTION('ref_axis',(0.,1.,0.));
#10674=DIRECTION('center_axis',(1.,0.,0.));
#10675=DIRECTION('ref_axis',(0.,1.,0.));
#10676=DIRECTION('center_axis',(-1.,0.,0.));
#10677=DIRECTION('ref_axis',(0.,1.,0.));
#10678=DIRECTION('center_axis',(1.,0.,0.));
#10679=DIRECTION('ref_axis',(0.,1.,0.));
#10680=DIRECTION('',(1.,0.,0.));
#10681=DIRECTION('center_axis',(-1.,0.,0.));
#10682=DIRECTION('ref_axis',(0.,1.,0.));
#10683=DIRECTION('center_axis',(0.,0.207911690817752,-0.978147600733807));
#10684=DIRECTION('ref_axis',(0.,-0.978147600733807,-0.207911690817752));
#10685=DIRECTION('',(0.,0.978147600733807,0.207911690817752));
#10686=DIRECTION('',(-1.,0.,0.));
#10687=DIRECTION('',(0.,-0.978147600733807,-0.207911690817752));
#10688=DIRECTION('',(-1.,0.,0.));
#10689=DIRECTION('center_axis',(0.,0.951056516295152,-0.309016994374952));
#10690=DIRECTION('ref_axis',(0.,-0.309016994374952,-0.951056516295152));
#10691=DIRECTION('',(0.,0.309016994374952,0.951056516295152));
#10692=DIRECTION('',(0.,-0.309016994374952,-0.951056516295152));
#10693=DIRECTION('',(-1.,0.,0.));
#10694=DIRECTION('center_axis',(0.,0.743144825477394,0.669130606358859));
#10695=DIRECTION('ref_axis',(0.,0.669130606358859,-0.743144825477394));
#10696=DIRECTION('',(0.,-0.669130606358859,0.743144825477394));
#10697=DIRECTION('',(0.,0.669130606358859,-0.743144825477394));
#10698=DIRECTION('',(-1.,0.,0.));
#10699=DIRECTION('center_axis',(0.,-0.207911690817753,0.978147600733807));
#10700=DIRECTION('ref_axis',(0.,0.978147600733807,0.207911690817753));
#10701=DIRECTION('',(0.,-0.978147600733807,-0.207911690817753));
#10702=DIRECTION('',(0.,0.978147600733807,0.207911690817753));
#10703=DIRECTION('',(-1.,0.,0.));
#10704=DIRECTION('center_axis',(0.,-0.951056516295149,0.309016994374961));
#10705=DIRECTION('ref_axis',(0.,0.309016994374961,0.951056516295149));
#10706=DIRECTION('',(0.,-0.309016994374961,-0.951056516295149));
#10707=DIRECTION('',(0.,0.309016994374961,0.951056516295149));
#10708=DIRECTION('',(-1.,0.,0.));
#10709=DIRECTION('center_axis',(0.,-0.743144825477397,-0.669130606358855));
#10710=DIRECTION('ref_axis',(0.,-0.669130606358855,0.743144825477397));
#10711=DIRECTION('',(0.,0.669130606358855,-0.743144825477397));
#10712=DIRECTION('',(0.,-0.669130606358855,0.743144825477397));
#10713=DIRECTION('center_axis',(1.,0.,0.));
#10714=DIRECTION('ref_axis',(0.,1.,0.));
#10715=DIRECTION('center_axis',(1.,0.,0.));
#10716=DIRECTION('ref_axis',(0.,1.,0.));
#10717=DIRECTION('center_axis',(-1.,0.,0.));
#10718=DIRECTION('ref_axis',(0.,1.,0.));
#10719=DIRECTION('center_axis',(1.,0.,0.));
#10720=DIRECTION('ref_axis',(0.,1.,0.));
#10721=DIRECTION('',(1.,0.,0.));
#10722=DIRECTION('center_axis',(-1.,0.,0.));
#10723=DIRECTION('ref_axis',(0.,1.,0.));
#10724=DIRECTION('center_axis',(0.,-0.587785252292479,-0.809016994374943));
#10725=DIRECTION('ref_axis',(0.,-0.809016994374943,0.587785252292479));
#10726=DIRECTION('',(0.,0.809016994374943,-0.587785252292479));
#10727=DIRECTION('',(-1.,0.,0.));
#10728=DIRECTION('',(0.,-0.809016994374943,0.587785252292479));
#10729=DIRECTION('',(-1.,0.,0.));
#10730=DIRECTION('center_axis',(0.,0.406736643075796,-0.913545457642603));
#10731=DIRECTION('ref_axis',(0.,-0.913545457642603,-0.406736643075796));
#10732=DIRECTION('',(0.,0.913545457642603,0.406736643075796));
#10733=DIRECTION('',(0.,-0.913545457642603,-0.406736643075796));
#10734=DIRECTION('',(-1.,0.,0.));
#10735=DIRECTION('center_axis',(0.,0.994521895368274,-0.104528463267649));
#10736=DIRECTION('ref_axis',(0.,-0.104528463267649,-0.994521895368274));
#10737=DIRECTION('',(0.,0.104528463267649,0.994521895368274));
#10738=DIRECTION('',(0.,-0.104528463267649,-0.994521895368274));
#10739=DIRECTION('',(-1.,0.,0.));
#10740=DIRECTION('center_axis',(0.,0.587785252292479,0.809016994374943));
#10741=DIRECTION('ref_axis',(0.,0.809016994374943,-0.587785252292479));
#10742=DIRECTION('',(0.,-0.809016994374943,0.587785252292479));
#10743=DIRECTION('',(0.,0.809016994374943,-0.587785252292479));
#10744=DIRECTION('',(-1.,0.,0.));
#10745=DIRECTION('center_axis',(0.,-0.406736643075799,0.913545457642602));
#10746=DIRECTION('ref_axis',(0.,0.913545457642602,0.406736643075799));
#10747=DIRECTION('',(0.,-0.913545457642601,-0.406736643075799));
#10748=DIRECTION('',(0.,0.913545457642601,0.406736643075799));
#10749=DIRECTION('',(-1.,0.,0.));
#10750=DIRECTION('center_axis',(0.,-0.994521895368273,0.104528463267656));
#10751=DIRECTION('ref_axis',(0.,0.104528463267656,0.994521895368273));
#10752=DIRECTION('',(0.,-0.104528463267656,-0.994521895368273));
#10753=DIRECTION('',(0.,0.104528463267656,0.994521895368273));
#10754=DIRECTION('center_axis',(1.,0.,0.));
#10755=DIRECTION('ref_axis',(0.,1.,0.));
#10756=DIRECTION('center_axis',(1.,0.,0.));
#10757=DIRECTION('ref_axis',(0.,1.,0.));
#10758=DIRECTION('center_axis',(-1.,0.,0.));
#10759=DIRECTION('ref_axis',(0.,1.,0.));
#10760=DIRECTION('center_axis',(1.,0.,0.));
#10761=DIRECTION('ref_axis',(0.,1.,0.));
#10762=DIRECTION('',(1.,0.,0.));
#10763=DIRECTION('center_axis',(-1.,0.,0.));
#10764=DIRECTION('ref_axis',(0.,1.,0.));
#10765=DIRECTION('center_axis',(0.,-0.207911690817756,0.978147600733806));
#10766=DIRECTION('ref_axis',(0.,0.978147600733806,0.207911690817756));
#10767=DIRECTION('',(0.,-0.978147600733807,-0.207911690817756));
#10768=DIRECTION('',(-1.,0.,0.));
#10769=DIRECTION('',(0.,0.978147600733807,0.207911690817756));
#10770=DIRECTION('',(-1.,0.,0.));
#10771=DIRECTION('center_axis',(0.,-0.95105651629515,0.309016994374959));
#10772=DIRECTION('ref_axis',(0.,0.309016994374959,0.95105651629515));
#10773=DIRECTION('',(0.,-0.309016994374959,-0.95105651629515));
#10774=DIRECTION('',(0.,0.309016994374959,0.95105651629515));
#10775=DIRECTION('',(-1.,0.,0.));
#10776=DIRECTION('center_axis',(0.,-0.743144825477394,-0.669130606358859));
#10777=DIRECTION('ref_axis',(0.,-0.669130606358859,0.743144825477394));
#10778=DIRECTION('',(0.,0.669130606358859,-0.743144825477394));
#10779=DIRECTION('',(0.,-0.669130606358859,0.743144825477394));
#10780=DIRECTION('',(-1.,0.,0.));
#10781=DIRECTION('center_axis',(0.,0.207911690817756,-0.978147600733806));
#10782=DIRECTION('ref_axis',(0.,-0.978147600733806,-0.207911690817756));
#10783=DIRECTION('',(0.,0.978147600733807,0.207911690817756));
#10784=DIRECTION('',(0.,-0.978147600733807,-0.207911690817756));
#10785=DIRECTION('',(-1.,0.,0.));
#10786=DIRECTION('center_axis',(0.,0.951056516295152,-0.309016994374952));
#10787=DIRECTION('ref_axis',(0.,-0.309016994374952,-0.951056516295152));
#10788=DIRECTION('',(0.,0.309016994374952,0.951056516295152));
#10789=DIRECTION('',(0.,-0.309016994374952,-0.951056516295152));
#10790=DIRECTION('',(-1.,0.,0.));
#10791=DIRECTION('center_axis',(0.,0.743144825477397,0.669130606358855));
#10792=DIRECTION('ref_axis',(0.,0.669130606358855,-0.743144825477397));
#10793=DIRECTION('',(0.,-0.669130606358855,0.743144825477397));
#10794=DIRECTION('',(0.,0.669130606358855,-0.743144825477397));
#10795=DIRECTION('center_axis',(1.,0.,0.));
#10796=DIRECTION('ref_axis',(0.,1.,0.));
#10797=DIRECTION('center_axis',(1.,0.,0.));
#10798=DIRECTION('ref_axis',(0.,1.,0.));
#10799=DIRECTION('center_axis',(-1.,0.,0.));
#10800=DIRECTION('ref_axis',(0.,1.,0.));
#10801=DIRECTION('center_axis',(1.,0.,0.));
#10802=DIRECTION('ref_axis',(0.,1.,0.));
#10803=DIRECTION('',(1.,0.,0.));
#10804=DIRECTION('center_axis',(-1.,0.,0.));
#10805=DIRECTION('ref_axis',(0.,1.,0.));
#10806=DIRECTION('center_axis',(0.,-0.994521895368275,-0.104528463267643));
#10807=DIRECTION('ref_axis',(0.,-0.104528463267643,0.994521895368275));
#10808=DIRECTION('',(0.,0.104528463267643,-0.994521895368275));
#10809=DIRECTION('',(-1.,0.,0.));
#10810=DIRECTION('',(0.,-0.104528463267643,0.994521895368275));
#10811=DIRECTION('',(-1.,0.,0.));
#10812=DIRECTION('center_axis',(0.,-0.406736643075805,-0.913545457642599));
#10813=DIRECTION('ref_axis',(0.,-0.913545457642599,0.406736643075805));
#10814=DIRECTION('',(0.,0.913545457642599,-0.406736643075805));
#10815=DIRECTION('',(0.,-0.913545457642599,0.406736643075805));
#10816=DIRECTION('',(-1.,0.,0.));
#10817=DIRECTION('center_axis',(0.,0.587785252292477,-0.809016994374945));
#10818=DIRECTION('ref_axis',(0.,-0.809016994374945,-0.587785252292477));
#10819=DIRECTION('',(0.,0.809016994374945,0.587785252292477));
#10820=DIRECTION('',(0.,-0.809016994374945,-0.587785252292477));
#10821=DIRECTION('',(-1.,0.,0.));
#10822=DIRECTION('center_axis',(0.,0.994521895368274,0.10452846326765));
#10823=DIRECTION('ref_axis',(0.,0.10452846326765,-0.994521895368274));
#10824=DIRECTION('',(0.,-0.10452846326765,0.994521895368274));
#10825=DIRECTION('',(0.,0.10452846326765,-0.994521895368274));
#10826=DIRECTION('',(-1.,0.,0.));
#10827=DIRECTION('center_axis',(0.,0.406736643075799,0.913545457642602));
#10828=DIRECTION('ref_axis',(0.,0.913545457642602,-0.406736643075799));
#10829=DIRECTION('',(0.,-0.913545457642601,0.406736643075799));
#10830=DIRECTION('',(0.,0.913545457642601,-0.406736643075799));
#10831=DIRECTION('',(-1.,0.,0.));
#10832=DIRECTION('center_axis',(0.,-0.587785252292475,0.809016994374946));
#10833=DIRECTION('ref_axis',(0.,0.809016994374946,0.587785252292475));
#10834=DIRECTION('',(0.,-0.809016994374946,-0.587785252292475));
#10835=DIRECTION('',(0.,0.809016994374946,0.587785252292475));
#10836=DIRECTION('center_axis',(1.,0.,0.));
#10837=DIRECTION('ref_axis',(0.,1.,0.));
#10838=DIRECTION('center_axis',(1.,0.,0.));
#10839=DIRECTION('ref_axis',(0.,1.,0.));
#10840=DIRECTION('center_axis',(-1.,0.,0.));
#10841=DIRECTION('ref_axis',(0.,1.,0.));
#10842=DIRECTION('center_axis',(1.,0.,0.));
#10843=DIRECTION('ref_axis',(0.,1.,0.));
#10844=DIRECTION('',(1.,0.,0.));
#10845=DIRECTION('center_axis',(-1.,0.,0.));
#10846=DIRECTION('ref_axis',(0.,1.,0.));
#10847=DIRECTION('center_axis',(0.,-0.951056516295149,0.309016994374961));
#10848=DIRECTION('ref_axis',(0.,0.309016994374961,0.951056516295149));
#10849=DIRECTION('',(0.,-0.309016994374961,-0.951056516295149));
#10850=DIRECTION('',(-1.,0.,0.));
#10851=DIRECTION('',(0.,0.309016994374961,0.951056516295149));
#10852=DIRECTION('',(-1.,0.,0.));
#10853=DIRECTION('center_axis',(0.,-0.743144825477395,-0.669130606358857));
#10854=DIRECTION('ref_axis',(0.,-0.669130606358857,0.743144825477395));
#10855=DIRECTION('',(0.,0.669130606358857,-0.743144825477395));
#10856=DIRECTION('',(0.,-0.669130606358857,0.743144825477395));
#10857=DIRECTION('',(-1.,0.,0.));
#10858=DIRECTION('center_axis',(0.,0.207911690817758,-0.978147600733806));
#10859=DIRECTION('ref_axis',(0.,-0.978147600733806,-0.207911690817758));
#10860=DIRECTION('',(0.,0.978147600733806,0.207911690817758));
#10861=DIRECTION('',(0.,-0.978147600733806,-0.207911690817758));
#10862=DIRECTION('',(-1.,0.,0.));
#10863=DIRECTION('center_axis',(0.,0.951056516295149,-0.309016994374961));
#10864=DIRECTION('ref_axis',(0.,-0.309016994374961,-0.951056516295149));
#10865=DIRECTION('',(0.,0.309016994374961,0.951056516295149));
#10866=DIRECTION('',(0.,-0.309016994374961,-0.951056516295149));
#10867=DIRECTION('',(-1.,0.,0.));
#10868=DIRECTION('center_axis',(0.,0.743144825477395,0.669130606358857));
#10869=DIRECTION('ref_axis',(0.,0.669130606358857,-0.743144825477395));
#10870=DIRECTION('',(0.,-0.669130606358857,0.743144825477395));
#10871=DIRECTION('',(0.,0.669130606358857,-0.743144825477395));
#10872=DIRECTION('',(-1.,0.,0.));
#10873=DIRECTION('center_axis',(0.,-0.207911690817758,0.978147600733806));
#10874=DIRECTION('ref_axis',(0.,0.978147600733806,0.207911690817758));
#10875=DIRECTION('',(0.,-0.978147600733806,-0.207911690817758));
#10876=DIRECTION('',(0.,0.978147600733806,0.207911690817758));
#10877=DIRECTION('center_axis',(1.,0.,0.));
#10878=DIRECTION('ref_axis',(0.,1.,0.));
#10879=DIRECTION('center_axis',(1.,0.,0.));
#10880=DIRECTION('ref_axis',(0.,1.,0.));
#10881=DIRECTION('center_axis',(-1.,0.,0.));
#10882=DIRECTION('ref_axis',(0.,1.,0.));
#10883=DIRECTION('center_axis',(1.,0.,0.));
#10884=DIRECTION('ref_axis',(0.,1.,0.));
#10885=DIRECTION('',(1.,0.,0.));
#10886=DIRECTION('center_axis',(-1.,0.,0.));
#10887=DIRECTION('ref_axis',(0.,1.,0.));
#10888=DIRECTION('center_axis',(0.,-0.743144825477386,0.669130606358867));
#10889=DIRECTION('ref_axis',(0.,0.669130606358867,0.743144825477386));
#10890=DIRECTION('',(0.,-0.669130606358867,-0.743144825477386));
#10891=DIRECTION('',(-1.,0.,0.));
#10892=DIRECTION('',(0.,0.669130606358867,0.743144825477386));
#10893=DIRECTION('',(-1.,0.,0.));
#10894=DIRECTION('center_axis',(0.,-0.951056516295154,-0.309016994374945));
#10895=DIRECTION('ref_axis',(0.,-0.309016994374945,0.951056516295154));
#10896=DIRECTION('',(0.,0.309016994374945,-0.951056516295154));
#10897=DIRECTION('',(0.,-0.309016994374945,0.951056516295154));
#10898=DIRECTION('',(-1.,0.,0.));
#10899=DIRECTION('center_axis',(0.,-0.207911690817761,-0.978147600733805));
#10900=DIRECTION('ref_axis',(0.,-0.978147600733805,0.207911690817761));
#10901=DIRECTION('',(0.,0.978147600733805,-0.207911690817761));
#10902=DIRECTION('',(0.,-0.978147600733805,0.207911690817761));
#10903=DIRECTION('',(-1.,0.,0.));
#10904=DIRECTION('center_axis',(0.,0.743144825477385,-0.669130606358869));
#10905=DIRECTION('ref_axis',(0.,-0.669130606358869,-0.743144825477385));
#10906=DIRECTION('',(0.,0.669130606358869,0.743144825477385));
#10907=DIRECTION('',(0.,-0.669130606358869,-0.743144825477385));
#10908=DIRECTION('',(-1.,0.,0.));
#10909=DIRECTION('center_axis',(0.,0.951056516295155,0.309016994374944));
#10910=DIRECTION('ref_axis',(0.,0.309016994374944,-0.951056516295155));
#10911=DIRECTION('',(0.,-0.309016994374944,0.951056516295155));
#10912=DIRECTION('',(0.,0.309016994374944,-0.951056516295155));
#10913=DIRECTION('',(-1.,0.,0.));
#10914=DIRECTION('center_axis',(0.,0.207911690817761,0.978147600733805));
#10915=DIRECTION('ref_axis',(0.,0.978147600733805,-0.207911690817761));
#10916=DIRECTION('',(0.,-0.978147600733805,0.207911690817761));
#10917=DIRECTION('',(0.,0.978147600733805,-0.207911690817761));
#10918=DIRECTION('center_axis',(1.,0.,0.));
#10919=DIRECTION('ref_axis',(0.,1.,0.));
#10920=DIRECTION('center_axis',(1.,0.,0.));
#10921=DIRECTION('ref_axis',(0.,1.,0.));
#10922=DIRECTION('center_axis',(-1.,0.,0.));
#10923=DIRECTION('ref_axis',(0.,1.,0.));
#10924=DIRECTION('center_axis',(1.,0.,0.));
#10925=DIRECTION('ref_axis',(0.,1.,0.));
#10926=DIRECTION('',(1.,0.,0.));
#10927=DIRECTION('center_axis',(-1.,0.,0.));
#10928=DIRECTION('ref_axis',(0.,1.,0.));
#10929=DIRECTION('center_axis',(0.,-0.951056516295157,-0.309016994374938));
#10930=DIRECTION('ref_axis',(0.,-0.309016994374938,0.951056516295157));
#10931=DIRECTION('',(0.,0.309016994374938,-0.951056516295157));
#10932=DIRECTION('',(-1.,0.,0.));
#10933=DIRECTION('',(0.,-0.309016994374938,0.951056516295157));
#10934=DIRECTION('',(-1.,0.,0.));
#10935=DIRECTION('center_axis',(0.,-0.207911690817761,-0.978147600733805));
#10936=DIRECTION('ref_axis',(0.,-0.978147600733805,0.207911690817761));
#10937=DIRECTION('',(0.,0.978147600733805,-0.207911690817761));
#10938=DIRECTION('',(0.,-0.978147600733805,0.207911690817761));
#10939=DIRECTION('',(-1.,0.,0.));
#10940=DIRECTION('center_axis',(0.,0.743144825477394,-0.669130606358859));
#10941=DIRECTION('ref_axis',(0.,-0.669130606358859,-0.743144825477394));
#10942=DIRECTION('',(0.,0.669130606358859,0.743144825477394));
#10943=DIRECTION('',(0.,-0.669130606358859,-0.743144825477394));
#10944=DIRECTION('',(-1.,0.,0.));
#10945=DIRECTION('center_axis',(0.,0.951056516295157,0.309016994374938));
#10946=DIRECTION('ref_axis',(0.,0.309016994374938,-0.951056516295157));
#10947=DIRECTION('',(0.,-0.309016994374938,0.951056516295157));
#10948=DIRECTION('',(0.,0.309016994374938,-0.951056516295157));
#10949=DIRECTION('',(-1.,0.,0.));
#10950=DIRECTION('center_axis',(0.,0.207911690817761,0.978147600733805));
#10951=DIRECTION('ref_axis',(0.,0.978147600733805,-0.207911690817761));
#10952=DIRECTION('',(0.,-0.978147600733805,0.207911690817761));
#10953=DIRECTION('',(0.,0.978147600733805,-0.207911690817761));
#10954=DIRECTION('',(-1.,0.,0.));
#10955=DIRECTION('center_axis',(0.,-0.743144825477394,0.669130606358859));
#10956=DIRECTION('ref_axis',(0.,0.669130606358859,0.743144825477394));
#10957=DIRECTION('',(0.,-0.669130606358859,-0.743144825477394));
#10958=DIRECTION('',(0.,0.669130606358859,0.743144825477394));
#10959=DIRECTION('center_axis',(1.,0.,0.));
#10960=DIRECTION('ref_axis',(0.,1.,0.));
#10961=DIRECTION('center_axis',(1.,0.,0.));
#10962=DIRECTION('ref_axis',(0.,1.,0.));
#10963=DIRECTION('center_axis',(-1.,0.,0.));
#10964=DIRECTION('ref_axis',(0.,1.,0.));
#10965=DIRECTION('center_axis',(1.,0.,0.));
#10966=DIRECTION('ref_axis',(0.,1.,0.));
#10967=DIRECTION('',(1.,0.,0.));
#10968=DIRECTION('center_axis',(-1.,0.,0.));
#10969=DIRECTION('ref_axis',(0.,1.,0.));
#10970=DIRECTION('center_axis',(0.,-0.406736643075811,-0.913545457642596));
#10971=DIRECTION('ref_axis',(0.,-0.913545457642596,0.406736643075811));
#10972=DIRECTION('',(0.,0.913545457642596,-0.406736643075811));
#10973=DIRECTION('',(-1.,0.,0.));
#10974=DIRECTION('',(0.,-0.913545457642596,0.406736643075811));
#10975=DIRECTION('',(-1.,0.,0.));
#10976=DIRECTION('center_axis',(0.,0.587785252292463,-0.809016994374955));
#10977=DIRECTION('ref_axis',(0.,-0.809016994374955,-0.587785252292463));
#10978=DIRECTION('',(0.,0.809016994374955,0.587785252292463));
#10979=DIRECTION('',(0.,-0.809016994374955,-0.587785252292463));
#10980=DIRECTION('',(-1.,0.,0.));
#10981=DIRECTION('center_axis',(0.,0.994521895368273,0.104528463267656));
#10982=DIRECTION('ref_axis',(0.,0.104528463267656,-0.994521895368273));
#10983=DIRECTION('',(0.,-0.104528463267656,0.994521895368273));
#10984=DIRECTION('',(0.,0.104528463267656,-0.994521895368273));
#10985=DIRECTION('',(-1.,0.,0.));
#10986=DIRECTION('center_axis',(0.,0.406736643075811,0.913545457642596));
#10987=DIRECTION('ref_axis',(0.,0.913545457642596,-0.406736643075811));
#10988=DIRECTION('',(0.,-0.913545457642596,0.406736643075811));
#10989=DIRECTION('',(0.,0.913545457642596,-0.406736643075811));
#10990=DIRECTION('',(-1.,0.,0.));
#10991=DIRECTION('center_axis',(0.,-0.587785252292463,0.809016994374955));
#10992=DIRECTION('ref_axis',(0.,0.809016994374955,0.587785252292463));
#10993=DIRECTION('',(0.,-0.809016994374955,-0.587785252292463));
#10994=DIRECTION('',(0.,0.809016994374955,0.587785252292463));
#10995=DIRECTION('',(-1.,0.,0.));
#10996=DIRECTION('center_axis',(0.,-0.994521895368273,-0.104528463267656));
#10997=DIRECTION('ref_axis',(0.,-0.104528463267656,0.994521895368273));
#10998=DIRECTION('',(0.,0.104528463267656,-0.994521895368273));
#10999=DIRECTION('',(0.,-0.104528463267656,0.994521895368273));
#11000=DIRECTION('center_axis',(1.,0.,0.));
#11001=DIRECTION('ref_axis',(0.,1.,0.));
#11002=DIRECTION('center_axis',(1.,0.,0.));
#11003=DIRECTION('ref_axis',(0.,1.,0.));
#11004=DIRECTION('center_axis',(-1.,0.,0.));
#11005=DIRECTION('ref_axis',(0.,1.,0.));
#11006=DIRECTION('center_axis',(1.,0.,0.));
#11007=DIRECTION('ref_axis',(0.,1.,0.));
#11008=DIRECTION('',(1.,0.,0.));
#11009=DIRECTION('center_axis',(-1.,0.,0.));
#11010=DIRECTION('ref_axis',(0.,1.,0.));
#11011=DIRECTION('center_axis',(0.,0.406736643075792,-0.913545457642604));
#11012=DIRECTION('ref_axis',(0.,-0.913545457642604,-0.406736643075792));
#11013=DIRECTION('',(0.,0.913545457642604,0.406736643075792));
#11014=DIRECTION('',(-1.,0.,0.));
#11015=DIRECTION('',(0.,-0.913545457642604,-0.406736643075792));
#11016=DIRECTION('',(-1.,0.,0.));
#11017=DIRECTION('center_axis',(0.,0.994521895368272,-0.104528463267665));
#11018=DIRECTION('ref_axis',(0.,-0.104528463267665,-0.994521895368272));
#11019=DIRECTION('',(0.,0.104528463267665,0.994521895368272));
#11020=DIRECTION('',(0.,-0.104528463267665,-0.994521895368272));
#11021=DIRECTION('',(-1.,0.,0.));
#11022=DIRECTION('center_axis',(0.,0.587785252292477,0.809016994374945));
#11023=DIRECTION('ref_axis',(0.,0.809016994374945,-0.587785252292477));
#11024=DIRECTION('',(0.,-0.809016994374945,0.587785252292477));
#11025=DIRECTION('',(0.,0.809016994374945,-0.587785252292477));
#11026=DIRECTION('',(-1.,0.,0.));
#11027=DIRECTION('center_axis',(0.,-0.406736643075792,0.913545457642604));
#11028=DIRECTION('ref_axis',(0.,0.913545457642604,0.406736643075792));
#11029=DIRECTION('',(0.,-0.913545457642604,-0.406736643075792));
#11030=DIRECTION('',(0.,0.913545457642604,0.406736643075792));
#11031=DIRECTION('',(-1.,0.,0.));
#11032=DIRECTION('center_axis',(0.,-0.994521895368272,0.104528463267664));
#11033=DIRECTION('ref_axis',(0.,0.104528463267664,0.994521895368272));
#11034=DIRECTION('',(0.,-0.104528463267664,-0.994521895368272));
#11035=DIRECTION('',(0.,0.104528463267664,0.994521895368272));
#11036=DIRECTION('',(-1.,0.,0.));
#11037=DIRECTION('center_axis',(0.,-0.587785252292472,-0.809016994374949));
#11038=DIRECTION('ref_axis',(0.,-0.809016994374949,0.587785252292471));
#11039=DIRECTION('',(0.,0.809016994374949,-0.587785252292471));
#11040=DIRECTION('',(0.,-0.809016994374949,0.587785252292471));
#11041=DIRECTION('center_axis',(1.,0.,0.));
#11042=DIRECTION('ref_axis',(0.,1.,0.));
#11043=DIRECTION('center_axis',(1.,0.,0.));
#11044=DIRECTION('ref_axis',(0.,1.,0.));
#11045=DIRECTION('center_axis',(-1.,0.,0.));
#11046=DIRECTION('ref_axis',(0.,1.,0.));
#11047=DIRECTION('center_axis',(1.,0.,0.));
#11048=DIRECTION('ref_axis',(0.,1.,0.));
#11049=DIRECTION('',(1.,0.,0.));
#11050=DIRECTION('center_axis',(-1.,0.,0.));
#11051=DIRECTION('ref_axis',(0.,1.,0.));
#11052=DIRECTION('center_axis',(0.,0.951056516295153,-0.309016994374948));
#11053=DIRECTION('ref_axis',(0.,-0.309016994374948,-0.951056516295153));
#11054=DIRECTION('',(0.,0.309016994374948,0.951056516295153));
#11055=DIRECTION('',(-1.,0.,0.));
#11056=DIRECTION('',(0.,-0.309016994374948,-0.951056516295153));
#11057=DIRECTION('',(-1.,0.,0.));
#11058=DIRECTION('center_axis',(0.,0.743144825477401,0.669130606358851));
#11059=DIRECTION('ref_axis',(0.,0.669130606358851,-0.743144825477401));
#11060=DIRECTION('',(0.,-0.669130606358851,0.743144825477401));
#11061=DIRECTION('',(0.,0.669130606358851,-0.743144825477401));
#11062=DIRECTION('',(-1.,0.,0.));
#11063=DIRECTION('center_axis',(0.,-0.20791169081776,0.978147600733806));
#11064=DIRECTION('ref_axis',(0.,0.978147600733805,0.20791169081776));
#11065=DIRECTION('',(0.,-0.978147600733805,-0.20791169081776));
#11066=DIRECTION('',(0.,0.978147600733805,0.20791169081776));
#11067=DIRECTION('',(-1.,0.,0.));
#11068=DIRECTION('center_axis',(0.,-0.951056516295153,0.309016994374948));
#11069=DIRECTION('ref_axis',(0.,0.309016994374948,0.951056516295153));
#11070=DIRECTION('',(0.,-0.309016994374948,-0.951056516295153));
#11071=DIRECTION('',(0.,0.309016994374948,0.951056516295153));
#11072=DIRECTION('',(-1.,0.,0.));
#11073=DIRECTION('center_axis',(0.,-0.743144825477403,-0.669130606358849));
#11074=DIRECTION('ref_axis',(0.,-0.669130606358849,0.743144825477403));
#11075=DIRECTION('',(0.,0.669130606358848,-0.743144825477403));
#11076=DIRECTION('',(0.,-0.669130606358848,0.743144825477403));
#11077=DIRECTION('',(-1.,0.,0.));
#11078=DIRECTION('center_axis',(0.,0.207911690817755,-0.978147600733807));
#11079=DIRECTION('ref_axis',(0.,-0.978147600733807,-0.207911690817754));
#11080=DIRECTION('',(0.,0.978147600733807,0.207911690817754));
#11081=DIRECTION('',(0.,-0.978147600733807,-0.207911690817754));
#11082=DIRECTION('center_axis',(1.,0.,0.));
#11083=DIRECTION('ref_axis',(0.,1.,0.));
#11084=DIRECTION('center_axis',(1.,0.,0.));
#11085=DIRECTION('ref_axis',(0.,1.,0.));
#11086=DIRECTION('center_axis',(-1.,0.,0.));
#11087=DIRECTION('ref_axis',(0.,1.,0.));
#11088=DIRECTION('center_axis',(1.,0.,0.));
#11089=DIRECTION('ref_axis',(0.,1.,0.));
#11090=DIRECTION('',(1.,0.,0.));
#11091=DIRECTION('center_axis',(-1.,0.,0.));
#11092=DIRECTION('ref_axis',(0.,1.,0.));
#11093=DIRECTION('center_axis',(0.,0.866025403784441,0.499999999999996));
#11094=DIRECTION('ref_axis',(0.,0.499999999999996,-0.866025403784441));
#11095=DIRECTION('',(0.,-0.499999999999996,0.866025403784441));
#11096=DIRECTION('',(-1.,0.,0.));
#11097=DIRECTION('',(0.,0.499999999999996,-0.866025403784441));
#11098=DIRECTION('',(-1.,0.,0.));
#11099=DIRECTION('center_axis',(0.,7.6918507455343E-15,1.));
#11100=DIRECTION('ref_axis',(0.,1.,-7.6918507455343E-15));
#11101=DIRECTION('',(0.,-1.,7.6918507455343E-15));
#11102=DIRECTION('',(0.,1.,-7.6918507455343E-15));
#11103=DIRECTION('',(-1.,0.,0.));
#11104=DIRECTION('center_axis',(0.,-0.866025403784432,0.500000000000011));
#11105=DIRECTION('ref_axis',(0.,0.500000000000011,0.866025403784432));
#11106=DIRECTION('',(0.,-0.500000000000011,-0.866025403784432));
#11107=DIRECTION('',(0.,0.500000000000011,0.866025403784432));
#11108=DIRECTION('',(-1.,0.,0.));
#11109=DIRECTION('center_axis',(0.,-0.866025403784448,-0.499999999999984));
#11110=DIRECTION('ref_axis',(0.,-0.499999999999984,0.866025403784448));
#11111=DIRECTION('',(0.,0.499999999999984,-0.866025403784448));
#11112=DIRECTION('',(0.,-0.499999999999984,0.866025403784448));
#11113=DIRECTION('',(-1.,0.,0.));
#11114=DIRECTION('center_axis',(0.,-7.69185074553418E-15,-1.));
#11115=DIRECTION('ref_axis',(0.,-1.,7.69185074553418E-15));
#11116=DIRECTION('',(0.,1.,-7.69185074553418E-15));
#11117=DIRECTION('',(0.,-1.,7.69185074553418E-15));
#11118=DIRECTION('',(-1.,0.,0.));
#11119=DIRECTION('center_axis',(0.,0.866025403784432,-0.500000000000011));
#11120=DIRECTION('ref_axis',(0.,-0.500000000000011,-0.866025403784432));
#11121=DIRECTION('',(0.,0.500000000000011,0.866025403784432));
#11122=DIRECTION('',(0.,-0.500000000000011,-0.866025403784432));
#11123=DIRECTION('center_axis',(1.,0.,0.));
#11124=DIRECTION('ref_axis',(0.,1.,0.));
#11125=DIRECTION('center_axis',(1.,0.,0.));
#11126=DIRECTION('ref_axis',(0.,1.,0.));
#11127=DIRECTION('center_axis',(-1.,0.,0.));
#11128=DIRECTION('ref_axis',(0.,1.,0.));
#11129=DIRECTION('center_axis',(1.,0.,0.));
#11130=DIRECTION('ref_axis',(0.,1.,0.));
#11131=DIRECTION('',(1.,0.,0.));
#11132=DIRECTION('center_axis',(-1.,0.,0.));
#11133=DIRECTION('ref_axis',(0.,1.,0.));
#11134=DIRECTION('center_axis',(0.,0.207911690817761,0.978147600733805));
#11135=DIRECTION('ref_axis',(0.,0.978147600733805,-0.207911690817761));
#11136=DIRECTION('',(0.,-0.978147600733805,0.207911690817761));
#11137=DIRECTION('',(-1.,0.,0.));
#11138=DIRECTION('',(0.,0.978147600733805,-0.207911690817761));
#11139=DIRECTION('',(-1.,0.,0.));
#11140=DIRECTION('center_axis',(0.,-0.743144825477394,0.669130606358858));
#11141=DIRECTION('ref_axis',(0.,0.669130606358858,0.743144825477394));
#11142=DIRECTION('',(0.,-0.669130606358858,-0.743144825477394));
#11143=DIRECTION('',(0.,0.669130606358858,0.743144825477394));
#11144=DIRECTION('',(-1.,0.,0.));
#11145=DIRECTION('center_axis',(0.,-0.951056516295152,-0.309016994374952));
#11146=DIRECTION('ref_axis',(0.,-0.309016994374952,0.951056516295152));
#11147=DIRECTION('',(0.,0.309016994374952,-0.951056516295152));
#11148=DIRECTION('',(0.,-0.309016994374952,0.951056516295152));
#11149=DIRECTION('',(-1.,0.,0.));
#11150=DIRECTION('center_axis',(0.,-0.207911690817779,-0.978147600733801));
#11151=DIRECTION('ref_axis',(0.,-0.978147600733801,0.207911690817779));
#11152=DIRECTION('',(0.,0.978147600733801,-0.207911690817779));
#11153=DIRECTION('',(0.,-0.978147600733801,0.207911690817779));
#11154=DIRECTION('',(-1.,0.,0.));
#11155=DIRECTION('center_axis',(0.,0.743144825477393,-0.669130606358859));
#11156=DIRECTION('ref_axis',(0.,-0.669130606358859,-0.743144825477393));
#11157=DIRECTION('',(0.,0.669130606358859,0.743144825477393));
#11158=DIRECTION('',(0.,-0.669130606358859,-0.743144825477393));
#11159=DIRECTION('',(-1.,0.,0.));
#11160=DIRECTION('center_axis',(0.,0.951056516295152,0.309016994374952));
#11161=DIRECTION('ref_axis',(0.,0.309016994374952,-0.951056516295152));
#11162=DIRECTION('',(0.,-0.309016994374952,0.951056516295152));
#11163=DIRECTION('',(0.,0.309016994374952,-0.951056516295152));
#11164=DIRECTION('center_axis',(1.,0.,0.));
#11165=DIRECTION('ref_axis',(0.,1.,0.));
#11166=DIRECTION('center_axis',(1.,0.,0.));
#11167=DIRECTION('ref_axis',(0.,1.,0.));
#11168=DIRECTION('center_axis',(-1.,0.,0.));
#11169=DIRECTION('ref_axis',(0.,1.,0.));
#11170=DIRECTION('center_axis',(1.,0.,0.));
#11171=DIRECTION('ref_axis',(0.,1.,0.));
#11172=DIRECTION('',(1.,0.,0.));
#11173=DIRECTION('center_axis',(-1.,0.,0.));
#11174=DIRECTION('ref_axis',(0.,1.,0.));
#11175=DIRECTION('center_axis',(0.,0.587785252292484,0.80901699437494));
#11176=DIRECTION('ref_axis',(0.,0.80901699437494,-0.587785252292484));
#11177=DIRECTION('',(0.,-0.80901699437494,0.587785252292484));
#11178=DIRECTION('',(-1.,0.,0.));
#11179=DIRECTION('',(0.,0.80901699437494,-0.587785252292484));
#11180=DIRECTION('',(-1.,0.,0.));
#11181=DIRECTION('center_axis',(0.,-0.406736643075799,0.913545457642602));
#11182=DIRECTION('ref_axis',(0.,0.913545457642602,0.406736643075799));
#11183=DIRECTION('',(0.,-0.913545457642601,-0.406736643075799));
#11184=DIRECTION('',(0.,0.913545457642601,0.406736643075799));
#11185=DIRECTION('',(-1.,0.,0.));
#11186=DIRECTION('center_axis',(0.,-0.994521895368272,0.104528463267664));
#11187=DIRECTION('ref_axis',(0.,0.104528463267664,0.994521895368272));
#11188=DIRECTION('',(0.,-0.104528463267664,-0.994521895368272));
#11189=DIRECTION('',(0.,0.104528463267664,0.994521895368272));
#11190=DIRECTION('',(-1.,0.,0.));
#11191=DIRECTION('center_axis',(0.,-0.587785252292479,-0.809016994374943));
#11192=DIRECTION('ref_axis',(0.,-0.809016994374943,0.587785252292479));
#11193=DIRECTION('',(0.,0.809016994374943,-0.587785252292479));
#11194=DIRECTION('',(0.,-0.809016994374943,0.587785252292479));
#11195=DIRECTION('',(-1.,0.,0.));
#11196=DIRECTION('center_axis',(0.,0.406736643075787,-0.913545457642607));
#11197=DIRECTION('ref_axis',(0.,-0.913545457642607,-0.406736643075787));
#11198=DIRECTION('',(0.,0.913545457642607,0.406736643075787));
#11199=DIRECTION('',(0.,-0.913545457642607,-0.406736643075787));
#11200=DIRECTION('',(-1.,0.,0.));
#11201=DIRECTION('center_axis',(0.,0.994521895368274,-0.104528463267649));
#11202=DIRECTION('ref_axis',(0.,-0.104528463267649,-0.994521895368274));
#11203=DIRECTION('',(0.,0.104528463267649,0.994521895368274));
#11204=DIRECTION('',(0.,-0.104528463267649,-0.994521895368274));
#11205=DIRECTION('center_axis',(1.,0.,0.));
#11206=DIRECTION('ref_axis',(0.,1.,0.));
#11207=DIRECTION('center_axis',(1.,0.,0.));
#11208=DIRECTION('ref_axis',(0.,1.,0.));
#11209=DIRECTION('center_axis',(-1.,0.,0.));
#11210=DIRECTION('ref_axis',(0.,1.,0.));
#11211=DIRECTION('center_axis',(1.,0.,0.));
#11212=DIRECTION('ref_axis',(0.,1.,0.));
#11213=DIRECTION('',(1.,0.,0.));
#11214=DIRECTION('center_axis',(-1.,0.,0.));
#11215=DIRECTION('ref_axis',(0.,1.,0.));
#11216=DIRECTION('center_axis',(0.,0.994521895368274,0.104528463267649));
#11217=DIRECTION('ref_axis',(0.,0.104528463267649,-0.994521895368274));
#11218=DIRECTION('',(0.,-0.104528463267649,0.994521895368274));
#11219=DIRECTION('',(-1.,0.,0.));
#11220=DIRECTION('',(0.,0.104528463267649,-0.994521895368274));
#11221=DIRECTION('',(-1.,0.,0.));
#11222=DIRECTION('center_axis',(0.,0.406736643075815,0.913545457642595));
#11223=DIRECTION('ref_axis',(0.,0.913545457642594,-0.406736643075814));
#11224=DIRECTION('',(0.,-0.913545457642594,0.406736643075815));
#11225=DIRECTION('',(0.,0.913545457642594,-0.406736643075815));
#11226=DIRECTION('',(-1.,0.,0.));
#11227=DIRECTION('center_axis',(0.,-0.587785252292477,0.809016994374945));
#11228=DIRECTION('ref_axis',(0.,0.809016994374945,0.587785252292477));
#11229=DIRECTION('',(0.,-0.809016994374945,-0.587785252292477));
#11230=DIRECTION('',(0.,0.809016994374945,0.587785252292477));
#11231=DIRECTION('',(-1.,0.,0.));
#11232=DIRECTION('center_axis',(0.,-0.994521895368275,-0.104528463267642));
#11233=DIRECTION('ref_axis',(0.,-0.104528463267642,0.994521895368275));
#11234=DIRECTION('',(0.,0.104528463267642,-0.994521895368275));
#11235=DIRECTION('',(0.,-0.104528463267642,0.994521895368275));
#11236=DIRECTION('',(-1.,0.,0.));
#11237=DIRECTION('center_axis',(0.,-0.406736643075805,-0.913545457642599));
#11238=DIRECTION('ref_axis',(0.,-0.913545457642599,0.406736643075805));
#11239=DIRECTION('',(0.,0.913545457642599,-0.406736643075805));
#11240=DIRECTION('',(0.,-0.913545457642599,0.406736643075805));
#11241=DIRECTION('',(-1.,0.,0.));
#11242=DIRECTION('center_axis',(0.,0.587785252292472,-0.809016994374949));
#11243=DIRECTION('ref_axis',(0.,-0.809016994374949,-0.587785252292471));
#11244=DIRECTION('',(0.,0.809016994374949,0.587785252292471));
#11245=DIRECTION('',(0.,-0.809016994374949,-0.587785252292471));
#11246=DIRECTION('center_axis',(1.,0.,0.));
#11247=DIRECTION('ref_axis',(0.,1.,0.));
#11248=DIRECTION('center_axis',(1.,0.,0.));
#11249=DIRECTION('ref_axis',(0.,1.,0.));
#11250=DIRECTION('center_axis',(-1.,0.,0.));
#11251=DIRECTION('ref_axis',(0.,1.,0.));
#11252=DIRECTION('center_axis',(1.,0.,0.));
#11253=DIRECTION('ref_axis',(0.,1.,0.));
#11254=DIRECTION('',(1.,0.,0.));
#11255=DIRECTION('center_axis',(-1.,0.,0.));
#11256=DIRECTION('ref_axis',(0.,1.,0.));
#11257=DIRECTION('center_axis',(0.,0.743144825477388,-0.669130606358865));
#11258=DIRECTION('ref_axis',(0.,-0.669130606358865,-0.743144825477388));
#11259=DIRECTION('',(0.,0.669130606358865,0.743144825477388));
#11260=DIRECTION('',(-1.,0.,0.));
#11261=DIRECTION('',(0.,-0.669130606358865,-0.743144825477388));
#11262=DIRECTION('',(-1.,0.,0.));
#11263=DIRECTION('center_axis',(0.,0.951056516295154,0.309016994374945));
#11264=DIRECTION('ref_axis',(0.,0.309016994374945,-0.951056516295154));
#11265=DIRECTION('',(0.,-0.309016994374945,0.951056516295154));
#11266=DIRECTION('',(0.,0.309016994374945,-0.951056516295154));
#11267=DIRECTION('',(-1.,0.,0.));
#11268=DIRECTION('center_axis',(0.,0.207911690817759,0.978147600733806));
#11269=DIRECTION('ref_axis',(0.,0.978147600733805,-0.207911690817759));
#11270=DIRECTION('',(0.,-0.978147600733805,0.207911690817759));
#11271=DIRECTION('',(0.,0.978147600733805,-0.207911690817759));
#11272=DIRECTION('',(-1.,0.,0.));
#11273=DIRECTION('center_axis',(0.,-0.743144825477385,0.669130606358869));
#11274=DIRECTION('ref_axis',(0.,0.669130606358869,0.743144825477385));
#11275=DIRECTION('',(0.,-0.669130606358869,-0.743144825477385));
#11276=DIRECTION('',(0.,0.669130606358869,0.743144825477385));
#11277=DIRECTION('',(-1.,0.,0.));
#11278=DIRECTION('center_axis',(0.,-0.951056516295152,-0.309016994374953));
#11279=DIRECTION('ref_axis',(0.,-0.309016994374953,0.951056516295152));
#11280=DIRECTION('',(0.,0.309016994374953,-0.951056516295152));
#11281=DIRECTION('',(0.,-0.309016994374953,0.951056516295152));
#11282=DIRECTION('',(-1.,0.,0.));
#11283=DIRECTION('center_axis',(0.,-0.207911690817761,-0.978147600733805));
#11284=DIRECTION('ref_axis',(0.,-0.978147600733805,0.207911690817761));
#11285=DIRECTION('',(0.,0.978147600733805,-0.207911690817761));
#11286=DIRECTION('',(0.,-0.978147600733805,0.207911690817761));
#11287=DIRECTION('center_axis',(1.,0.,0.));
#11288=DIRECTION('ref_axis',(0.,1.,0.));
#11289=DIRECTION('center_axis',(1.,0.,0.));
#11290=DIRECTION('ref_axis',(0.,1.,0.));
#11291=DIRECTION('center_axis',(-1.,0.,0.));
#11292=DIRECTION('ref_axis',(0.,1.,0.));
#11293=DIRECTION('center_axis',(1.,0.,0.));
#11294=DIRECTION('ref_axis',(0.,1.,0.));
#11295=DIRECTION('',(1.,0.,0.));
#11296=DIRECTION('center_axis',(-1.,0.,0.));
#11297=DIRECTION('ref_axis',(0.,1.,0.));
#11298=DIRECTION('center_axis',(0.,-1.53837014910686E-14,-1.));
#11299=DIRECTION('ref_axis',(0.,-1.,1.53837014910686E-14));
#11300=DIRECTION('',(0.,1.,-1.53837014910686E-14));
#11301=DIRECTION('',(-1.,0.,0.));
#11302=DIRECTION('',(0.,-1.,1.53837014910686E-14));
#11303=DIRECTION('',(-1.,0.,0.));
#11304=DIRECTION('center_axis',(0.,0.866025403784441,-0.499999999999996));
#11305=DIRECTION('ref_axis',(0.,-0.499999999999996,-0.866025403784441));
#11306=DIRECTION('',(0.,0.499999999999996,0.866025403784441));
#11307=DIRECTION('',(0.,-0.499999999999996,-0.866025403784441));
#11308=DIRECTION('',(-1.,0.,0.));
#11309=DIRECTION('center_axis',(0.,0.866025403784439,0.499999999999999));
#11310=DIRECTION('ref_axis',(0.,0.499999999999999,-0.866025403784439));
#11311=DIRECTION('',(0.,-0.499999999999999,0.866025403784439));
#11312=DIRECTION('',(0.,0.499999999999999,-0.866025403784439));
#11313=DIRECTION('',(-1.,0.,0.));
#11314=DIRECTION('center_axis',(0.,1.53837014910686E-14,1.));
#11315=DIRECTION('ref_axis',(0.,1.,-1.53837014910686E-14));
#11316=DIRECTION('',(0.,-1.,1.53837014910686E-14));
#11317=DIRECTION('',(0.,1.,-1.53837014910686E-14));
#11318=DIRECTION('',(-1.,0.,0.));
#11319=DIRECTION('center_axis',(0.,-0.866025403784439,0.499999999999999));
#11320=DIRECTION('ref_axis',(0.,0.499999999999999,0.866025403784439));
#11321=DIRECTION('',(0.,-0.499999999999999,-0.866025403784439));
#11322=DIRECTION('',(0.,0.499999999999999,0.866025403784439));
#11323=DIRECTION('',(-1.,0.,0.));
#11324=DIRECTION('center_axis',(0.,-0.866025403784441,-0.499999999999996));
#11325=DIRECTION('ref_axis',(0.,-0.499999999999996,0.866025403784441));
#11326=DIRECTION('',(0.,0.499999999999996,-0.866025403784441));
#11327=DIRECTION('',(0.,-0.499999999999996,0.866025403784441));
#11328=DIRECTION('center_axis',(1.,0.,0.));
#11329=DIRECTION('ref_axis',(0.,1.,0.));
#11330=DIRECTION('center_axis',(1.,0.,0.));
#11331=DIRECTION('ref_axis',(0.,1.,0.));
#11332=DIRECTION('center_axis',(-1.,0.,0.));
#11333=DIRECTION('ref_axis',(0.,1.,0.));
#11334=DIRECTION('center_axis',(1.,0.,0.));
#11335=DIRECTION('ref_axis',(0.,1.,0.));
#11336=DIRECTION('',(1.,0.,0.));
#11337=DIRECTION('center_axis',(-1.,0.,0.));
#11338=DIRECTION('ref_axis',(0.,1.,0.));
#11339=DIRECTION('center_axis',(0.,-0.743144825477401,-0.66913060635885));
#11340=DIRECTION('ref_axis',(0.,-0.66913060635885,0.743144825477401));
#11341=DIRECTION('',(0.,0.66913060635885,-0.743144825477401));
#11342=DIRECTION('',(-1.,0.,0.));
#11343=DIRECTION('',(0.,-0.66913060635885,0.743144825477401));
#11344=DIRECTION('',(-1.,0.,0.));
#11345=DIRECTION('center_axis',(0.,0.207911690817754,-0.978147600733807));
#11346=DIRECTION('ref_axis',(0.,-0.978147600733807,-0.207911690817754));
#11347=DIRECTION('',(0.,0.978147600733807,0.207911690817754));
#11348=DIRECTION('',(0.,-0.978147600733807,-0.207911690817754));
#11349=DIRECTION('',(-1.,0.,0.));
#11350=DIRECTION('center_axis',(0.,0.951056516295152,-0.309016994374952));
#11351=DIRECTION('ref_axis',(0.,-0.309016994374952,-0.951056516295152));
#11352=DIRECTION('',(0.,0.309016994374952,0.951056516295152));
#11353=DIRECTION('',(0.,-0.309016994374952,-0.951056516295152));
#11354=DIRECTION('',(-1.,0.,0.));
#11355=DIRECTION('center_axis',(0.,0.743144825477401,0.66913060635885));
#11356=DIRECTION('ref_axis',(0.,0.66913060635885,-0.743144825477401));
#11357=DIRECTION('',(0.,-0.66913060635885,0.743144825477401));
#11358=DIRECTION('',(0.,0.66913060635885,-0.743144825477401));
#11359=DIRECTION('',(-1.,0.,0.));
#11360=DIRECTION('center_axis',(0.,-0.207911690817752,0.978147600733807));
#11361=DIRECTION('ref_axis',(0.,0.978147600733807,0.207911690817752));
#11362=DIRECTION('',(0.,-0.978147600733807,-0.207911690817752));
#11363=DIRECTION('',(0.,0.978147600733807,0.207911690817752));
#11364=DIRECTION('',(-1.,0.,0.));
#11365=DIRECTION('center_axis',(0.,-0.951056516295154,0.309016994374945));
#11366=DIRECTION('ref_axis',(0.,0.309016994374945,0.951056516295154));
#11367=DIRECTION('',(0.,-0.309016994374945,-0.951056516295154));
#11368=DIRECTION('',(0.,0.309016994374945,0.951056516295154));
#11369=DIRECTION('center_axis',(1.,0.,0.));
#11370=DIRECTION('ref_axis',(0.,1.,0.));
#11371=DIRECTION('center_axis',(1.,0.,0.));
#11372=DIRECTION('ref_axis',(0.,1.,0.));
#11373=DIRECTION('center_axis',(-1.,0.,0.));
#11374=DIRECTION('ref_axis',(0.,1.,0.));
#11375=DIRECTION('center_axis',(1.,0.,0.));
#11376=DIRECTION('ref_axis',(0.,1.,0.));
#11377=DIRECTION('',(1.,0.,0.));
#11378=DIRECTION('center_axis',(-1.,0.,0.));
#11379=DIRECTION('ref_axis',(0.,1.,0.));
#11380=DIRECTION('center_axis',(0.,-0.406736643075786,0.913545457642607));
#11381=DIRECTION('ref_axis',(0.,0.913545457642607,0.406736643075786));
#11382=DIRECTION('',(0.,-0.913545457642607,-0.406736643075786));
#11383=DIRECTION('',(-1.,0.,0.));
#11384=DIRECTION('',(0.,0.913545457642607,0.406736643075786));
#11385=DIRECTION('',(-1.,0.,0.));
#11386=DIRECTION('center_axis',(0.,-0.994521895368274,0.104528463267649));
#11387=DIRECTION('ref_axis',(0.,0.104528463267649,0.994521895368274));
#11388=DIRECTION('',(0.,-0.104528463267649,-0.994521895368274));
#11389=DIRECTION('',(0.,0.104528463267649,0.994521895368274));
#11390=DIRECTION('',(-1.,0.,0.));
#11391=DIRECTION('center_axis',(0.,-0.587785252292472,-0.809016994374949));
#11392=DIRECTION('ref_axis',(0.,-0.809016994374949,0.587785252292471));
#11393=DIRECTION('',(0.,0.809016994374949,-0.587785252292471));
#11394=DIRECTION('',(0.,-0.809016994374949,0.587785252292471));
#11395=DIRECTION('',(-1.,0.,0.));
#11396=DIRECTION('center_axis',(0.,0.406736643075789,-0.913545457642606));
#11397=DIRECTION('ref_axis',(0.,-0.913545457642606,-0.406736643075789));
#11398=DIRECTION('',(0.,0.913545457642606,0.406736643075789));
#11399=DIRECTION('',(0.,-0.913545457642606,-0.406736643075789));
#11400=DIRECTION('',(-1.,0.,0.));
#11401=DIRECTION('center_axis',(0.,0.994521895368272,-0.104528463267664));
#11402=DIRECTION('ref_axis',(0.,-0.104528463267664,-0.994521895368272));
#11403=DIRECTION('',(0.,0.104528463267664,0.994521895368272));
#11404=DIRECTION('',(0.,-0.104528463267664,-0.994521895368272));
#11405=DIRECTION('',(-1.,0.,0.));
#11406=DIRECTION('center_axis',(0.,0.587785252292472,0.809016994374949));
#11407=DIRECTION('ref_axis',(0.,0.809016994374949,-0.587785252292471));
#11408=DIRECTION('',(0.,-0.809016994374949,0.587785252292471));
#11409=DIRECTION('',(0.,0.809016994374949,-0.587785252292471));
#11410=DIRECTION('center_axis',(1.,0.,0.));
#11411=DIRECTION('ref_axis',(0.,1.,0.));
#11412=DIRECTION('center_axis',(1.,0.,0.));
#11413=DIRECTION('ref_axis',(0.,1.,0.));
#11414=DIRECTION('center_axis',(-1.,0.,0.));
#11415=DIRECTION('ref_axis',(0.,1.,0.));
#11416=DIRECTION('center_axis',(1.,0.,0.));
#11417=DIRECTION('ref_axis',(0.,1.,0.));
#11418=DIRECTION('',(1.,0.,0.));
#11419=DIRECTION('center_axis',(-1.,0.,0.));
#11420=DIRECTION('ref_axis',(0.,1.,0.));
#11421=DIRECTION('center_axis',(0.,-0.994521895368273,0.104528463267658));
#11422=DIRECTION('ref_axis',(0.,0.104528463267658,0.994521895368273));
#11423=DIRECTION('',(0.,-0.104528463267658,-0.994521895368273));
#11424=DIRECTION('',(-1.,0.,0.));
#11425=DIRECTION('',(0.,0.104528463267658,0.994521895368273));
#11426=DIRECTION('',(-1.,0.,0.));
#11427=DIRECTION('center_axis',(0.,-0.58778525229248,-0.809016994374942));
#11428=DIRECTION('ref_axis',(0.,-0.809016994374942,0.58778525229248));
#11429=DIRECTION('',(0.,0.809016994374942,-0.58778525229248));
#11430=DIRECTION('',(0.,-0.809016994374942,0.58778525229248));
#11431=DIRECTION('',(-1.,0.,0.));
#11432=DIRECTION('center_axis',(0.,0.406736643075796,-0.913545457642603));
#11433=DIRECTION('ref_axis',(0.,-0.913545457642603,-0.406736643075796));
#11434=DIRECTION('',(0.,0.913545457642603,0.406736643075796));
#11435=DIRECTION('',(0.,-0.913545457642603,-0.406736643075796));
#11436=DIRECTION('',(-1.,0.,0.));
#11437=DIRECTION('center_axis',(0.,0.994521895368272,-0.104528463267665));
#11438=DIRECTION('ref_axis',(0.,-0.104528463267665,-0.994521895368272));
#11439=DIRECTION('',(0.,0.104528463267665,0.994521895368272));
#11440=DIRECTION('',(0.,-0.104528463267665,-0.994521895368272));
#11441=DIRECTION('',(-1.,0.,0.));
#11442=DIRECTION('center_axis',(0.,0.587785252292477,0.809016994374945));
#11443=DIRECTION('ref_axis',(0.,0.809016994374945,-0.587785252292477));
#11444=DIRECTION('',(0.,-0.809016994374945,0.587785252292477));
#11445=DIRECTION('',(0.,0.809016994374945,-0.587785252292477));
#11446=DIRECTION('',(-1.,0.,0.));
#11447=DIRECTION('center_axis',(0.,-0.406736643075796,0.913545457642603));
#11448=DIRECTION('ref_axis',(0.,0.913545457642603,0.406736643075796));
#11449=DIRECTION('',(0.,-0.913545457642603,-0.406736643075796));
#11450=DIRECTION('',(0.,0.913545457642603,0.406736643075796));
#11451=DIRECTION('center_axis',(1.,0.,0.));
#11452=DIRECTION('ref_axis',(0.,1.,0.));
#11453=DIRECTION('center_axis',(1.,0.,0.));
#11454=DIRECTION('ref_axis',(0.,1.,0.));
#11455=DIRECTION('center_axis',(-1.,0.,0.));
#11456=DIRECTION('ref_axis',(0.,1.,0.));
#11457=DIRECTION('center_axis',(1.,0.,0.));
#11458=DIRECTION('ref_axis',(0.,1.,0.));
#11459=DIRECTION('',(1.,0.,0.));
#11460=DIRECTION('center_axis',(-1.,0.,0.));
#11461=DIRECTION('ref_axis',(0.,1.,0.));
#11462=DIRECTION('center_axis',(0.,0.866025403784441,0.499999999999996));
#11463=DIRECTION('ref_axis',(0.,0.499999999999996,-0.866025403784441));
#11464=DIRECTION('',(0.,-0.499999999999996,0.866025403784441));
#11465=DIRECTION('',(-1.,0.,0.));
#11466=DIRECTION('',(0.,0.499999999999996,-0.866025403784441));
#11467=DIRECTION('',(-1.,0.,0.));
#11468=DIRECTION('center_axis',(0.,0.,1.));
#11469=DIRECTION('ref_axis',(0.,1.,0.));
#11470=DIRECTION('',(0.,-1.,0.));
#11471=DIRECTION('',(0.,1.,0.));
#11472=DIRECTION('',(-1.,0.,0.));
#11473=DIRECTION('center_axis',(0.,-0.866025403784434,0.500000000000008));
#11474=DIRECTION('ref_axis',(0.,0.500000000000008,0.866025403784434));
#11475=DIRECTION('',(0.,-0.500000000000008,-0.866025403784434));
#11476=DIRECTION('',(0.,0.500000000000008,0.866025403784434));
#11477=DIRECTION('',(-1.,0.,0.));
#11478=DIRECTION('center_axis',(0.,-0.866025403784441,-0.499999999999996));
#11479=DIRECTION('ref_axis',(0.,-0.499999999999996,0.866025403784441));
#11480=DIRECTION('',(0.,0.499999999999996,-0.866025403784441));
#11481=DIRECTION('',(0.,-0.499999999999996,0.866025403784441));
#11482=DIRECTION('',(-1.,0.,0.));
#11483=DIRECTION('center_axis',(0.,0.,-1.));
#11484=DIRECTION('ref_axis',(0.,-1.,0.));
#11485=DIRECTION('',(0.,1.,0.));
#11486=DIRECTION('',(0.,-1.,0.));
#11487=DIRECTION('',(-1.,0.,0.));
#11488=DIRECTION('center_axis',(0.,0.866025403784434,-0.500000000000008));
#11489=DIRECTION('ref_axis',(0.,-0.500000000000008,-0.866025403784434));
#11490=DIRECTION('',(0.,0.500000000000008,0.866025403784434));
#11491=DIRECTION('',(0.,-0.500000000000008,-0.866025403784434));
#11492=DIRECTION('center_axis',(1.,0.,0.));
#11493=DIRECTION('ref_axis',(0.,1.,0.));
#11494=DIRECTION('center_axis',(1.,0.,0.));
#11495=DIRECTION('ref_axis',(0.,1.,0.));
#11496=DIRECTION('center_axis',(-1.,0.,0.));
#11497=DIRECTION('ref_axis',(0.,1.,0.));
#11498=DIRECTION('center_axis',(1.,0.,0.));
#11499=DIRECTION('ref_axis',(0.,1.,0.));
#11500=DIRECTION('',(1.,0.,0.));
#11501=DIRECTION('center_axis',(-1.,0.,0.));
#11502=DIRECTION('ref_axis',(0.,1.,0.));
#11503=DIRECTION('center_axis',(0.,-0.587785252292464,0.809016994374954));
#11504=DIRECTION('ref_axis',(0.,0.809016994374954,0.587785252292464));
#11505=DIRECTION('',(0.,-0.809016994374954,-0.587785252292464));
#11506=DIRECTION('',(-1.,0.,0.));
#11507=DIRECTION('',(0.,0.809016994374954,0.587785252292464));
#11508=DIRECTION('',(-1.,0.,0.));
#11509=DIRECTION('center_axis',(0.,-0.994521895368274,-0.104528463267649));
#11510=DIRECTION('ref_axis',(0.,-0.104528463267649,0.994521895368274));
#11511=DIRECTION('',(0.,0.104528463267649,-0.994521895368274));
#11512=DIRECTION('',(0.,-0.104528463267649,0.994521895368274));
#11513=DIRECTION('',(-1.,0.,0.));
#11514=DIRECTION('center_axis',(0.,-0.406736643075802,-0.9135454576426));
#11515=DIRECTION('ref_axis',(0.,-0.9135454576426,0.406736643075802));
#11516=DIRECTION('',(0.,0.9135454576426,-0.406736643075802));
#11517=DIRECTION('',(0.,-0.9135454576426,0.406736643075802));
#11518=DIRECTION('',(-1.,0.,0.));
#11519=DIRECTION('center_axis',(0.,0.587785252292464,-0.809016994374954));
#11520=DIRECTION('ref_axis',(0.,-0.809016994374954,-0.587785252292464));
#11521=DIRECTION('',(0.,0.809016994374954,0.587785252292464));
#11522=DIRECTION('',(0.,-0.809016994374954,-0.587785252292464));
#11523=DIRECTION('',(-1.,0.,0.));
#11524=DIRECTION('center_axis',(0.,0.994521895368274,0.104528463267649));
#11525=DIRECTION('ref_axis',(0.,0.104528463267649,-0.994521895368274));
#11526=DIRECTION('',(0.,-0.104528463267649,0.994521895368274));
#11527=DIRECTION('',(0.,0.104528463267649,-0.994521895368274));
#11528=DIRECTION('',(-1.,0.,0.));
#11529=DIRECTION('center_axis',(0.,0.406736643075802,0.9135454576426));
#11530=DIRECTION('ref_axis',(0.,0.9135454576426,-0.406736643075802));
#11531=DIRECTION('',(0.,-0.9135454576426,0.406736643075802));
#11532=DIRECTION('',(0.,0.9135454576426,-0.406736643075802));
#11533=DIRECTION('center_axis',(1.,0.,0.));
#11534=DIRECTION('ref_axis',(0.,1.,0.));
#11535=DIRECTION('center_axis',(1.,0.,0.));
#11536=DIRECTION('ref_axis',(0.,1.,0.));
#11537=DIRECTION('center_axis',(-1.,0.,0.));
#11538=DIRECTION('ref_axis',(0.,1.,0.));
#11539=DIRECTION('center_axis',(1.,0.,0.));
#11540=DIRECTION('ref_axis',(0.,1.,0.));
#11541=DIRECTION('',(1.,0.,0.));
#11542=DIRECTION('center_axis',(-1.,0.,0.));
#11543=DIRECTION('ref_axis',(0.,1.,0.));
#11544=DIRECTION('center_axis',(0.,-0.866025403784444,-0.499999999999991));
#11545=DIRECTION('ref_axis',(0.,-0.499999999999991,0.866025403784444));
#11546=DIRECTION('',(0.,0.499999999999991,-0.866025403784444));
#11547=DIRECTION('',(-1.,0.,0.));
#11548=DIRECTION('',(0.,-0.499999999999991,0.866025403784444));
#11549=DIRECTION('',(-1.,0.,0.));
#11550=DIRECTION('center_axis',(0.,-7.69185074553418E-15,-1.));
#11551=DIRECTION('ref_axis',(0.,-1.,7.69185074553418E-15));
#11552=DIRECTION('',(0.,1.,-7.69185074553418E-15));
#11553=DIRECTION('',(0.,-1.,7.69185074553418E-15));
#11554=DIRECTION('',(-1.,0.,0.));
#11555=DIRECTION('center_axis',(0.,0.866025403784439,-0.499999999999999));
#11556=DIRECTION('ref_axis',(0.,-0.499999999999999,-0.866025403784439));
#11557=DIRECTION('',(0.,0.499999999999999,0.866025403784439));
#11558=DIRECTION('',(0.,-0.499999999999999,-0.866025403784439));
#11559=DIRECTION('',(-1.,0.,0.));
#11560=DIRECTION('center_axis',(0.,0.866025403784444,0.49999999999999));
#11561=DIRECTION('ref_axis',(0.,0.49999999999999,-0.866025403784444));
#11562=DIRECTION('',(0.,-0.49999999999999,0.866025403784444));
#11563=DIRECTION('',(0.,0.49999999999999,-0.866025403784444));
#11564=DIRECTION('',(-1.,0.,0.));
#11565=DIRECTION('center_axis',(0.,0.,1.));
#11566=DIRECTION('ref_axis',(0.,1.,0.));
#11567=DIRECTION('',(0.,-1.,0.));
#11568=DIRECTION('',(0.,1.,0.));
#11569=DIRECTION('',(-1.,0.,0.));
#11570=DIRECTION('center_axis',(0.,-0.866025403784441,0.499999999999996));
#11571=DIRECTION('ref_axis',(0.,0.499999999999996,0.866025403784441));
#11572=DIRECTION('',(0.,-0.499999999999996,-0.866025403784441));
#11573=DIRECTION('',(0.,0.499999999999996,0.866025403784441));
#11574=DIRECTION('center_axis',(1.,0.,0.));
#11575=DIRECTION('ref_axis',(0.,1.,0.));
#11576=DIRECTION('center_axis',(1.,0.,0.));
#11577=DIRECTION('ref_axis',(0.,1.,0.));
#11578=DIRECTION('center_axis',(-1.,0.,0.));
#11579=DIRECTION('ref_axis',(0.,1.,0.));
#11580=DIRECTION('center_axis',(1.,0.,0.));
#11581=DIRECTION('ref_axis',(0.,1.,0.));
#11582=DIRECTION('',(1.,0.,0.));
#11583=DIRECTION('center_axis',(-1.,0.,0.));
#11584=DIRECTION('ref_axis',(0.,1.,0.));
#11585=DIRECTION('center_axis',(0.,-0.207911690817763,-0.978147600733805));
#11586=DIRECTION('ref_axis',(0.,-0.978147600733805,0.207911690817763));
#11587=DIRECTION('',(0.,0.978147600733805,-0.207911690817763));
#11588=DIRECTION('',(-1.,0.,0.));
#11589=DIRECTION('',(0.,-0.978147600733805,0.207911690817763));
#11590=DIRECTION('',(-1.,0.,0.));
#11591=DIRECTION('center_axis',(0.,0.74314482547739,-0.669130606358863));
#11592=DIRECTION('ref_axis',(0.,-0.669130606358863,-0.74314482547739));
#11593=DIRECTION('',(0.,0.669130606358863,0.74314482547739));
#11594=DIRECTION('',(0.,-0.669130606358863,-0.74314482547739));
#11595=DIRECTION('',(-1.,0.,0.));
#11596=DIRECTION('center_axis',(0.,0.951056516295154,0.309016994374945));
#11597=DIRECTION('ref_axis',(0.,0.309016994374945,-0.951056516295154));
#11598=DIRECTION('',(0.,-0.309016994374945,0.951056516295154));
#11599=DIRECTION('',(0.,0.309016994374945,-0.951056516295154));
#11600=DIRECTION('',(-1.,0.,0.));
#11601=DIRECTION('center_axis',(0.,0.207911690817778,0.978147600733802));
#11602=DIRECTION('ref_axis',(0.,0.978147600733802,-0.207911690817778));
#11603=DIRECTION('',(0.,-0.978147600733802,0.207911690817778));
#11604=DIRECTION('',(0.,0.978147600733802,-0.207911690817778));
#11605=DIRECTION('',(-1.,0.,0.));
#11606=DIRECTION('center_axis',(0.,-0.743144825477393,0.669130606358859));
#11607=DIRECTION('ref_axis',(0.,0.669130606358859,0.743144825477393));
#11608=DIRECTION('',(0.,-0.669130606358859,-0.743144825477393));
#11609=DIRECTION('',(0.,0.669130606358859,0.743144825477393));
#11610=DIRECTION('',(-1.,0.,0.));
#11611=DIRECTION('center_axis',(0.,-0.951056516295152,-0.309016994374952));
#11612=DIRECTION('ref_axis',(0.,-0.309016994374952,0.951056516295152));
#11613=DIRECTION('',(0.,0.309016994374952,-0.951056516295152));
#11614=DIRECTION('',(0.,-0.309016994374952,0.951056516295152));
#11615=DIRECTION('center_axis',(1.,0.,0.));
#11616=DIRECTION('ref_axis',(0.,1.,0.));
#11617=DIRECTION('center_axis',(1.,0.,0.));
#11618=DIRECTION('ref_axis',(0.,1.,0.));
#11619=DIRECTION('center_axis',(-1.,0.,0.));
#11620=DIRECTION('ref_axis',(0.,1.,0.));
#11621=DIRECTION('center_axis',(1.,0.,0.));
#11622=DIRECTION('ref_axis',(0.,1.,0.));
#11623=DIRECTION('',(1.,0.,0.));
#11624=DIRECTION('center_axis',(-1.,0.,0.));
#11625=DIRECTION('ref_axis',(0.,1.,0.));
#11626=DIRECTION('center_axis',(0.,0.587785252292461,-0.809016994374956));
#11627=DIRECTION('ref_axis',(0.,-0.809016994374956,-0.587785252292461));
#11628=DIRECTION('',(0.,0.809016994374956,0.587785252292461));
#11629=DIRECTION('',(-1.,0.,0.));
#11630=DIRECTION('',(0.,-0.809016994374956,-0.587785252292461));
#11631=DIRECTION('',(-1.,0.,0.));
#11632=DIRECTION('center_axis',(0.,0.994521895368274,0.104528463267649));
#11633=DIRECTION('ref_axis',(0.,0.104528463267649,-0.994521895368274));
#11634=DIRECTION('',(0.,-0.104528463267649,0.994521895368274));
#11635=DIRECTION('',(0.,0.104528463267649,-0.994521895368274));
#11636=DIRECTION('',(-1.,0.,0.));
#11637=DIRECTION('center_axis',(0.,0.406736643075802,0.9135454576426));
#11638=DIRECTION('ref_axis',(0.,0.9135454576426,-0.406736643075802));
#11639=DIRECTION('',(0.,-0.9135454576426,0.406736643075802));
#11640=DIRECTION('',(0.,0.9135454576426,-0.406736643075802));
#11641=DIRECTION('',(-1.,0.,0.));
#11642=DIRECTION('center_axis',(0.,-0.587785252292464,0.809016994374954));
#11643=DIRECTION('ref_axis',(0.,0.809016994374954,0.587785252292464));
#11644=DIRECTION('',(0.,-0.809016994374954,-0.587785252292464));
#11645=DIRECTION('',(0.,0.809016994374954,0.587785252292464));
#11646=DIRECTION('',(-1.,0.,0.));
#11647=DIRECTION('center_axis',(0.,-0.994521895368274,-0.104528463267649));
#11648=DIRECTION('ref_axis',(0.,-0.104528463267649,0.994521895368274));
#11649=DIRECTION('',(0.,0.104528463267649,-0.994521895368274));
#11650=DIRECTION('',(0.,-0.104528463267649,0.994521895368274));
#11651=DIRECTION('',(-1.,0.,0.));
#11652=DIRECTION('center_axis',(0.,-0.406736643075802,-0.9135454576426));
#11653=DIRECTION('ref_axis',(0.,-0.9135454576426,0.406736643075802));
#11654=DIRECTION('',(0.,0.9135454576426,-0.406736643075802));
#11655=DIRECTION('',(0.,-0.9135454576426,0.406736643075802));
#11656=DIRECTION('center_axis',(1.,0.,0.));
#11657=DIRECTION('ref_axis',(0.,1.,0.));
#11658=DIRECTION('center_axis',(1.,0.,0.));
#11659=DIRECTION('ref_axis',(0.,1.,0.));
#11660=DIRECTION('center_axis',(-1.,0.,0.));
#11661=DIRECTION('ref_axis',(0.,1.,0.));
#11662=DIRECTION('center_axis',(1.,0.,0.));
#11663=DIRECTION('ref_axis',(0.,1.,0.));
#11664=DIRECTION('',(1.,0.,0.));
#11665=DIRECTION('center_axis',(-1.,0.,0.));
#11666=DIRECTION('ref_axis',(0.,1.,0.));
#11667=DIRECTION('center_axis',(0.,0.994521895368272,-0.104528463267665));
#11668=DIRECTION('ref_axis',(0.,-0.104528463267665,-0.994521895368272));
#11669=DIRECTION('',(0.,0.104528463267665,0.994521895368272));
#11670=DIRECTION('',(-1.,0.,0.));
#11671=DIRECTION('',(0.,-0.104528463267665,-0.994521895368272));
#11672=DIRECTION('',(-1.,0.,0.));
#11673=DIRECTION('center_axis',(0.,0.587785252292477,0.809016994374945));
#11674=DIRECTION('ref_axis',(0.,0.809016994374945,-0.587785252292477));
#11675=DIRECTION('',(0.,-0.809016994374945,0.587785252292477));
#11676=DIRECTION('',(0.,0.809016994374945,-0.587785252292477));
#11677=DIRECTION('',(-1.,0.,0.));
#11678=DIRECTION('center_axis',(0.,-0.406736643075796,0.913545457642603));
#11679=DIRECTION('ref_axis',(0.,0.913545457642603,0.406736643075796));
#11680=DIRECTION('',(0.,-0.913545457642603,-0.406736643075796));
#11681=DIRECTION('',(0.,0.913545457642603,0.406736643075796));
#11682=DIRECTION('',(-1.,0.,0.));
#11683=DIRECTION('center_axis',(0.,-0.994521895368273,0.104528463267658));
#11684=DIRECTION('ref_axis',(0.,0.104528463267658,0.994521895368273));
#11685=DIRECTION('',(0.,-0.104528463267658,-0.994521895368273));
#11686=DIRECTION('',(0.,0.104528463267658,0.994521895368273));
#11687=DIRECTION('',(-1.,0.,0.));
#11688=DIRECTION('center_axis',(0.,-0.587785252292477,-0.809016994374945));
#11689=DIRECTION('ref_axis',(0.,-0.809016994374945,0.587785252292477));
#11690=DIRECTION('',(0.,0.809016994374945,-0.587785252292477));
#11691=DIRECTION('',(0.,-0.809016994374945,0.587785252292477));
#11692=DIRECTION('',(-1.,0.,0.));
#11693=DIRECTION('center_axis',(0.,0.406736643075799,-0.913545457642602));
#11694=DIRECTION('ref_axis',(0.,-0.913545457642602,-0.406736643075799));
#11695=DIRECTION('',(0.,0.913545457642601,0.406736643075799));
#11696=DIRECTION('',(0.,-0.913545457642601,-0.406736643075799));
#11697=DIRECTION('center_axis',(1.,0.,0.));
#11698=DIRECTION('ref_axis',(0.,1.,0.));
#11699=DIRECTION('center_axis',(1.,0.,0.));
#11700=DIRECTION('ref_axis',(0.,1.,0.));
#11701=DIRECTION('center_axis',(-1.,0.,0.));
#11702=DIRECTION('ref_axis',(0.,1.,0.));
#11703=DIRECTION('center_axis',(1.,0.,0.));
#11704=DIRECTION('ref_axis',(0.,1.,0.));
#11705=DIRECTION('',(1.,0.,0.));
#11706=DIRECTION('center_axis',(-1.,0.,0.));
#11707=DIRECTION('ref_axis',(0.,1.,0.));
#11708=DIRECTION('center_axis',(0.,0.743144825477409,0.669130606358842));
#11709=DIRECTION('ref_axis',(0.,0.669130606358842,-0.743144825477409));
#11710=DIRECTION('',(0.,-0.669130606358842,0.743144825477409));
#11711=DIRECTION('',(-1.,0.,0.));
#11712=DIRECTION('',(0.,0.669130606358842,-0.743144825477409));
#11713=DIRECTION('',(-1.,0.,0.));
#11714=DIRECTION('center_axis',(0.,-0.207911690817758,0.978147600733806));
#11715=DIRECTION('ref_axis',(0.,0.978147600733806,0.207911690817758));
#11716=DIRECTION('',(0.,-0.978147600733806,-0.207911690817758));
#11717=DIRECTION('',(0.,0.978147600733806,0.207911690817758));
#11718=DIRECTION('',(-1.,0.,0.));
#11719=DIRECTION('center_axis',(0.,-0.951056516295156,0.30901699437494));
#11720=DIRECTION('ref_axis',(0.,0.30901699437494,0.951056516295156));
#11721=DIRECTION('',(0.,-0.30901699437494,-0.951056516295156));
#11722=DIRECTION('',(0.,0.30901699437494,0.951056516295156));
#11723=DIRECTION('',(-1.,0.,0.));
#11724=DIRECTION('center_axis',(0.,-0.743144825477405,-0.669130606358846));
#11725=DIRECTION('ref_axis',(0.,-0.669130606358846,0.743144825477405));
#11726=DIRECTION('',(0.,0.669130606358846,-0.743144825477405));
#11727=DIRECTION('',(0.,-0.669130606358846,0.743144825477405));
#11728=DIRECTION('',(-1.,0.,0.));
#11729=DIRECTION('center_axis',(0.,0.207911690817754,-0.978147600733807));
#11730=DIRECTION('ref_axis',(0.,-0.978147600733807,-0.207911690817754));
#11731=DIRECTION('',(0.,0.978147600733807,0.207911690817754));
#11732=DIRECTION('',(0.,-0.978147600733807,-0.207911690817754));
#11733=DIRECTION('',(-1.,0.,0.));
#11734=DIRECTION('center_axis',(0.,0.951056516295151,-0.309016994374954));
#11735=DIRECTION('ref_axis',(0.,-0.309016994374954,-0.951056516295151));
#11736=DIRECTION('',(0.,0.309016994374954,0.951056516295151));
#11737=DIRECTION('',(0.,-0.309016994374954,-0.951056516295151));
#11738=DIRECTION('center_axis',(1.,0.,0.));
#11739=DIRECTION('ref_axis',(0.,1.,0.));
#11740=DIRECTION('center_axis',(1.,0.,0.));
#11741=DIRECTION('ref_axis',(0.,1.,0.));
#11742=DIRECTION('center_axis',(-1.,0.,0.));
#11743=DIRECTION('ref_axis',(0.,1.,0.));
#11744=DIRECTION('center_axis',(1.,0.,0.));
#11745=DIRECTION('ref_axis',(0.,1.,0.));
#11746=DIRECTION('',(1.,0.,0.));
#11747=DIRECTION('center_axis',(-1.,0.,0.));
#11748=DIRECTION('ref_axis',(0.,1.,0.));
#11749=DIRECTION('center_axis',(0.,1.53837014910686E-14,1.));
#11750=DIRECTION('ref_axis',(0.,1.,-1.53837014910686E-14));
#11751=DIRECTION('',(0.,-1.,1.53837014910686E-14));
#11752=DIRECTION('',(-1.,0.,0.));
#11753=DIRECTION('',(0.,1.,-1.53837014910686E-14));
#11754=DIRECTION('',(-1.,0.,0.));
#11755=DIRECTION('center_axis',(0.,-0.866025403784434,0.500000000000008));
#11756=DIRECTION('ref_axis',(0.,0.500000000000008,0.866025403784434));
#11757=DIRECTION('',(0.,-0.500000000000008,-0.866025403784434));
#11758=DIRECTION('',(0.,0.500000000000008,0.866025403784434));
#11759=DIRECTION('',(-1.,0.,0.));
#11760=DIRECTION('center_axis',(0.,-0.866025403784441,-0.499999999999996));
#11761=DIRECTION('ref_axis',(0.,-0.499999999999996,0.866025403784441));
#11762=DIRECTION('',(0.,0.499999999999996,-0.866025403784441));
#11763=DIRECTION('',(0.,-0.499999999999996,0.866025403784441));
#11764=DIRECTION('',(-1.,0.,0.));
#11765=DIRECTION('center_axis',(0.,-7.6918507455343E-15,-1.));
#11766=DIRECTION('ref_axis',(0.,-1.,7.6918507455343E-15));
#11767=DIRECTION('',(0.,1.,-7.6918507455343E-15));
#11768=DIRECTION('',(0.,-1.,7.6918507455343E-15));
#11769=DIRECTION('',(-1.,0.,0.));
#11770=DIRECTION('center_axis',(0.,0.866025403784432,-0.500000000000011));
#11771=DIRECTION('ref_axis',(0.,-0.500000000000011,-0.866025403784432));
#11772=DIRECTION('',(0.,0.500000000000011,0.866025403784432));
#11773=DIRECTION('',(0.,-0.500000000000011,-0.866025403784432));
#11774=DIRECTION('',(-1.,0.,0.));
#11775=DIRECTION('center_axis',(0.,0.866025403784441,0.499999999999996));
#11776=DIRECTION('ref_axis',(0.,0.499999999999996,-0.866025403784441));
#11777=DIRECTION('',(0.,-0.499999999999996,0.866025403784441));
#11778=DIRECTION('',(0.,0.499999999999996,-0.866025403784441));
#11779=DIRECTION('center_axis',(1.,0.,0.));
#11780=DIRECTION('ref_axis',(0.,1.,0.));
#11781=DIRECTION('center_axis',(1.,0.,0.));
#11782=DIRECTION('ref_axis',(0.,1.,0.));
#11783=DIRECTION('center_axis',(-1.,0.,0.));
#11784=DIRECTION('ref_axis',(0.,1.,0.));
#11785=DIRECTION('center_axis',(-1.,2.22044604925031E-16,0.));
#11786=DIRECTION('ref_axis',(0.,1.,0.));
#11787=DIRECTION('',(-1.,0.,0.));
#11788=DIRECTION('center_axis',(1.,-2.22044604925031E-16,0.));
#11789=DIRECTION('ref_axis',(0.,1.,0.));
#11790=DIRECTION('center_axis',(-1.,0.,0.));
#11791=DIRECTION('ref_axis',(0.,1.,0.));
#11792=DIRECTION('center_axis',(-1.,2.22044604925031E-16,0.));
#11793=DIRECTION('ref_axis',(0.,1.,0.));
#11794=DIRECTION('',(-1.,0.,0.));
#11795=DIRECTION('center_axis',(1.,-2.22044604925031E-16,0.));
#11796=DIRECTION('ref_axis',(0.,1.,0.));
#11797=DIRECTION('center_axis',(-1.,0.,0.));
#11798=DIRECTION('ref_axis',(0.,1.,0.));
#11799=DIRECTION('center_axis',(-1.,2.22044604925031E-16,0.));
#11800=DIRECTION('ref_axis',(0.,1.,0.));
#11801=DIRECTION('',(-1.,0.,0.));
#11802=DIRECTION('center_axis',(1.,-2.22044604925031E-16,0.));
#11803=DIRECTION('ref_axis',(0.,1.,0.));
#11804=DIRECTION('center_axis',(-1.,0.,0.));
#11805=DIRECTION('ref_axis',(0.,1.,0.));
#11806=DIRECTION('center_axis',(-1.,2.22044604925031E-16,0.));
#11807=DIRECTION('ref_axis',(0.,1.,0.));
#11808=DIRECTION('',(-1.,0.,0.));
#11809=DIRECTION('center_axis',(1.,-2.22044604925031E-16,0.));
#11810=DIRECTION('ref_axis',(0.,1.,0.));
#11811=DIRECTION('center_axis',(-1.,0.,0.));
#11812=DIRECTION('ref_axis',(0.,1.,0.));
#11813=DIRECTION('center_axis',(-1.,2.22044604925031E-16,0.));
#11814=DIRECTION('ref_axis',(0.,1.,0.));
#11815=DIRECTION('',(-1.,0.,0.));
#11816=DIRECTION('center_axis',(1.,-2.22044604925031E-16,0.));
#11817=DIRECTION('ref_axis',(0.,1.,0.));
#11818=DIRECTION('center_axis',(0.,-0.406736643075796,0.913545457642603));
#11819=DIRECTION('ref_axis',(0.,0.913545457642603,0.406736643075796));
#11820=DIRECTION('',(1.,0.,0.));
#11821=DIRECTION('',(2.0284784022332E-16,-0.913545457642593,-0.406736643075819));
#11822=DIRECTION('',(-1.,0.,0.));
#11823=DIRECTION('',(0.,0.913545457642603,0.406736643075796));
#11824=DIRECTION('center_axis',(0.,-0.743144825477394,-0.669130606358859));
#11825=DIRECTION('ref_axis',(0.,-0.669130606358859,0.743144825477394));
#11826=DIRECTION('',(1.,0.,0.));
#11827=DIRECTION('',(0.,-0.669130606358859,0.743144825477394));
#11828=DIRECTION('',(1.,0.,0.));
#11829=DIRECTION('',(1.48576841132199E-16,0.669130606358859,-0.743144825477394));
#11830=DIRECTION('center_axis',(0.,-0.951056516295151,0.309016994374956));
#11831=DIRECTION('ref_axis',(0.,0.309016994374956,0.951056516295151));
#11832=DIRECTION('',(1.,0.,0.));
#11833=DIRECTION('',(0.,0.309016994374956,0.951056516295151));
#11834=DIRECTION('',(-4.73802410412736E-17,-0.309016994374928,-0.95105651629516));
#11835=DIRECTION('center_axis',(0.,-0.207911690817755,0.978147600733806));
#11836=DIRECTION('ref_axis',(0.,0.978147600733806,0.207911690817755));
#11837=DIRECTION('',(2.17192397563306E-16,-0.978147600733808,-0.207911690817747));
#11838=DIRECTION('',(-1.,0.,0.));
#11839=DIRECTION('',(0.,0.978147600733807,0.207911690817755));
#11840=DIRECTION('center_axis',(0.,-0.866025403784436,-0.500000000000005));
#11841=DIRECTION('ref_axis',(0.,-0.500000000000005,0.866025403784436));
#11842=DIRECTION('',(1.,0.,0.));
#11843=DIRECTION('',(0.,-0.500000000000005,0.866025403784436));
#11844=DIRECTION('',(1.,0.,0.));
#11845=DIRECTION('',(1.11022302462517E-16,0.500000000000005,-0.866025403784436));
#11846=DIRECTION('center_axis',(0.,-0.866025403784435,0.500000000000007));
#11847=DIRECTION('ref_axis',(0.,0.500000000000007,0.866025403784434));
#11848=DIRECTION('',(1.,0.,0.));
#11849=DIRECTION('',(0.,0.500000000000007,0.866025403784434));
#11850=DIRECTION('',(4.67240691448947E-16,-0.500000000000006,-0.866025403784435));
#11851=DIRECTION('center_axis',(0.,7.59688962521903E-15,1.));
#11852=DIRECTION('ref_axis',(0.,1.,-7.59688962521903E-15));
#11853=DIRECTION('',(-6.66989043103258E-16,-1.,-2.1336807552679E-14));
#11854=DIRECTION('',(-1.,0.,0.));
#11855=DIRECTION('',(0.,1.,-7.59688962521903E-15));
#11856=DIRECTION('center_axis',(0.,-0.951056516295154,-0.309016994374947));
#11857=DIRECTION('ref_axis',(0.,-0.309016994374947,0.951056516295154));
#11858=DIRECTION('',(1.,0.,0.));
#11859=DIRECTION('',(0.,-0.309016994374947,0.951056516295154));
#11860=DIRECTION('',(1.,0.,0.));
#11861=DIRECTION('',(6.86155564311056E-17,0.309016994374947,-0.951056516295154));
#11862=DIRECTION('center_axis',(0.,-0.743144825477383,0.669130606358871));
#11863=DIRECTION('ref_axis',(0.,0.669130606358871,0.743144825477383));
#11864=DIRECTION('',(1.,0.,0.));
#11865=DIRECTION('',(0.,0.669130606358871,0.743144825477383));
#11866=DIRECTION('',(3.25810436598371E-17,-0.66913060635887,-0.743144825477384));
#11867=DIRECTION('center_axis',(0.,0.207911690817763,0.978147600733805));
#11868=DIRECTION('ref_axis',(0.,0.978147600733805,-0.207911690817763));
#11869=DIRECTION('',(2.17192397563304E-16,-0.978147600733799,0.207911690817789));
#11870=DIRECTION('',(-1.,0.,0.));
#11871=DIRECTION('',(0.,0.978147600733805,-0.207911690817763));
#11872=DIRECTION('center_axis',(0.,-0.994521895368273,-0.104528463267653));
#11873=DIRECTION('ref_axis',(0.,-0.104528463267653,0.994521895368273));
#11874=DIRECTION('',(1.,0.,0.));
#11875=DIRECTION('',(0.,-0.104528463267653,0.994521895368273));
#11876=DIRECTION('',(1.,0.,0.));
#11877=DIRECTION('',(2.32099813296866E-17,0.104528463267653,-0.994521895368273));
#11878=DIRECTION('center_axis',(0.,-0.587785252292476,0.809016994374946));
#11879=DIRECTION('ref_axis',(0.,0.809016994374946,0.587785252292476));
#11880=DIRECTION('',(1.,0.,0.));
#11881=DIRECTION('',(0.,0.809016994374946,0.587785252292476));
#11882=DIRECTION('',(7.13030494977634E-17,-0.809016994374953,-0.587785252292465));
#11883=DIRECTION('center_axis',(0.,0.406736643075805,0.913545457642599));
#11884=DIRECTION('ref_axis',(0.,0.913545457642599,-0.406736643075805));
#11885=DIRECTION('',(2.02847840223309E-16,-0.913545457642604,0.406736643075795));
#11886=DIRECTION('',(-1.,0.,0.));
#11887=DIRECTION('',(0.,0.913545457642599,-0.406736643075805));
#11888=DIRECTION('center_axis',(0.,-0.994521895368273,0.104528463267653));
#11889=DIRECTION('ref_axis',(0.,0.104528463267653,0.994521895368273));
#11890=DIRECTION('',(1.,0.,0.));
#11891=DIRECTION('',(0.,0.104528463267653,0.994521895368273));
#11892=DIRECTION('',(1.,0.,0.));
#11893=DIRECTION('',(-2.32099813296866E-17,-0.104528463267653,-0.994521895368273));
#11894=DIRECTION('center_axis',(0.,-0.406736643075796,0.913545457642603));
#11895=DIRECTION('ref_axis',(0.,0.913545457642603,0.406736643075796));
#11896=DIRECTION('',(1.,0.,0.));
#11897=DIRECTION('',(0.,0.913545457642603,0.406736643075796));
#11898=DIRECTION('',(1.0690876992265E-16,-0.913545457642603,-0.406736643075795));
#11899=DIRECTION('center_axis',(0.,0.587785252292472,0.809016994374948));
#11900=DIRECTION('ref_axis',(0.,0.809016994374948,-0.587785252292472));
#11901=DIRECTION('',(1.7963785889363E-16,-0.80901699437493,0.587785252292497));
#11902=DIRECTION('',(-1.,0.,0.));
#11903=DIRECTION('',(0.,0.809016994374948,-0.587785252292472));
#11904=DIRECTION('center_axis',(0.,-0.951056516295151,0.309016994374956));
#11905=DIRECTION('ref_axis',(0.,0.309016994374956,0.951056516295151));
#11906=DIRECTION('',(1.,0.,0.));
#11907=DIRECTION('',(0.,0.309016994374956,0.951056516295151));
#11908=DIRECTION('',(1.,0.,0.));
#11909=DIRECTION('',(-6.86155564311077E-17,-0.309016994374956,-0.951056516295151));
#11910=DIRECTION('center_axis',(0.,-0.207911690817755,0.978147600733806));
#11911=DIRECTION('ref_axis',(0.,0.978147600733806,0.207911690817755));
#11912=DIRECTION('',(1.,0.,0.));
#11913=DIRECTION('',(0.,0.978147600733807,0.207911690817755));
#11914=DIRECTION('',(6.12647665672906E-16,-0.978147600733804,-0.207911690817765));
#11915=DIRECTION('center_axis',(0.,0.743144825477397,0.669130606358855));
#11916=DIRECTION('ref_axis',(0.,0.669130606358855,-0.743144825477397));
#11917=DIRECTION('',(-7.40456806896158E-16,-0.66913060635886,0.743144825477392));
#11918=DIRECTION('',(-1.,0.,0.));
#11919=DIRECTION('',(0.,0.669130606358855,-0.743144825477397));
#11920=DIRECTION('center_axis',(0.,-0.866025403784437,0.500000000000003));
#11921=DIRECTION('ref_axis',(0.,0.500000000000003,0.866025403784437));
#11922=DIRECTION('',(1.,0.,0.));
#11923=DIRECTION('',(0.,0.500000000000003,0.866025403784437));
#11924=DIRECTION('',(-1.,0.,0.));
#11925=DIRECTION('',(-1.11022302462516E-16,-0.500000000000003,-0.866025403784437));
#11926=DIRECTION('center_axis',(0.,3.79844481260951E-15,1.));
#11927=DIRECTION('ref_axis',(0.,1.,-3.79844481260951E-15));
#11928=DIRECTION('',(1.,0.,0.));
#11929=DIRECTION('',(0.,1.,-3.79844481260951E-15));
#11930=DIRECTION('',(-3.12054602946059E-16,-1.,-7.59688962521931E-15));
#11931=DIRECTION('center_axis',(0.,0.866025403784441,0.499999999999996));
#11932=DIRECTION('ref_axis',(0.,0.499999999999996,-0.866025403784441));
#11933=DIRECTION('',(1.11022302462527E-16,-0.499999999999994,0.866025403784442));
#11934=DIRECTION('',(-1.,0.,0.));
#11935=DIRECTION('',(0.,0.499999999999996,-0.866025403784441));
#11936=DIRECTION('center_axis',(0.,-0.743144825477392,0.669130606358861));
#11937=DIRECTION('ref_axis',(0.,0.669130606358861,0.743144825477392));
#11938=DIRECTION('',(1.,0.,0.));
#11939=DIRECTION('',(0.,0.669130606358861,0.743144825477392));
#11940=DIRECTION('',(1.,0.,0.));
#11941=DIRECTION('',(-1.485768411322E-16,-0.669130606358861,-0.743144825477392));
#11942=DIRECTION('center_axis',(0.,0.207911690817766,0.978147600733804));
#11943=DIRECTION('ref_axis',(0.,0.978147600733804,-0.207911690817766));
#11944=DIRECTION('',(1.,0.,0.));
#11945=DIRECTION('',(0.,0.978147600733804,-0.207911690817766));
#11946=DIRECTION('',(-2.94258668018656E-16,-0.978147600733806,0.207911690817757));
#11947=DIRECTION('center_axis',(0.,0.951056516295154,0.309016994374948));
#11948=DIRECTION('ref_axis',(0.,0.309016994374948,-0.951056516295153));
#11949=DIRECTION('',(6.86155564311087E-17,-0.309016994374959,0.95105651629515));
#11950=DIRECTION('',(-1.,0.,0.));
#11951=DIRECTION('',(0.,0.309016994374948,-0.951056516295153));
#11952=DIRECTION('center_axis',(0.,-0.587785252292467,0.809016994374952));
#11953=DIRECTION('ref_axis',(0.,0.809016994374952,0.587785252292467));
#11954=DIRECTION('',(1.,0.,0.));
#11955=DIRECTION('',(0.,0.809016994374952,0.587785252292467));
#11956=DIRECTION('',(1.,0.,0.));
#11957=DIRECTION('',(-1.79637858893622E-16,-0.809016994374952,-0.587785252292467));
#11958=DIRECTION('center_axis',(0.,0.406736643075805,0.913545457642599));
#11959=DIRECTION('ref_axis',(0.,0.913545457642599,-0.406736643075805));
#11960=DIRECTION('',(1.,0.,0.));
#11961=DIRECTION('',(0.,0.913545457642599,-0.406736643075805));
#11962=DIRECTION('',(1.90452101128104E-16,-0.913545457642603,0.406736643075796));
#11963=DIRECTION('center_axis',(0.,0.994521895368274,0.104528463267645));
#11964=DIRECTION('ref_axis',(0.,0.104528463267645,-0.994521895368274));
#11965=DIRECTION('',(2.32099813296947E-17,-0.104528463267632,0.994521895368276));
#11966=DIRECTION('',(-1.,0.,0.));
#11967=DIRECTION('',(0.,0.104528463267645,-0.994521895368274));
#11968=DIRECTION('center_axis',(0.,-0.406736643075796,0.913545457642603));
#11969=DIRECTION('ref_axis',(0.,0.913545457642603,0.406736643075796));
#11970=DIRECTION('',(1.,0.,0.));
#11971=DIRECTION('',(0.,0.913545457642603,0.406736643075796));
#11972=DIRECTION('',(1.,0.,0.));
#11973=DIRECTION('',(-2.02847840223309E-16,-0.913545457642603,-0.406736643075796));
#11974=DIRECTION('center_axis',(0.,0.587785252292482,0.809016994374941));
#11975=DIRECTION('ref_axis',(0.,0.809016994374941,-0.587785252292482));
#11976=DIRECTION('',(1.,0.,0.));
#11977=DIRECTION('',(0.,0.809016994374941,-0.587785252292482));
#11978=DIRECTION('',(1.92033597988825E-16,-0.809016994374943,0.587785252292479));
#11979=DIRECTION('center_axis',(0.,0.994521895368273,-0.104528463267653));
#11980=DIRECTION('ref_axis',(0.,-0.104528463267653,-0.994521895368273));
#11981=DIRECTION('',(-2.3209981329694E-17,0.104528463267686,0.99452189536827));
#11982=DIRECTION('',(-1.,0.,0.));
#11983=DIRECTION('',(0.,-0.104528463267653,-0.994521895368273));
#11984=DIRECTION('center_axis',(0.,-0.20791169081775,0.978147600733808));
#11985=DIRECTION('ref_axis',(0.,0.978147600733808,0.20791169081775));
#11986=DIRECTION('',(1.,0.,0.));
#11987=DIRECTION('',(0.,0.978147600733808,0.20791169081775));
#11988=DIRECTION('',(1.,0.,0.));
#11989=DIRECTION('',(-2.17192397563305E-16,-0.978147600733808,-0.20791169081775));
#11990=DIRECTION('center_axis',(0.,0.743144825477399,0.669130606358853));
#11991=DIRECTION('ref_axis',(0.,0.669130606358853,-0.743144825477399));
#11992=DIRECTION('',(1.,0.,0.));
#11993=DIRECTION('',(0.,0.669130606358853,-0.743144825477399));
#11994=DIRECTION('',(1.85222305137977E-16,-0.669130606358836,0.743144825477414));
#11995=DIRECTION('center_axis',(0.,0.951056516295151,-0.309016994374956));
#11996=DIRECTION('ref_axis',(0.,-0.309016994374956,-0.951056516295151));
#11997=DIRECTION('',(-6.86155564311016E-17,0.309016994374928,0.95105651629516));
#11998=DIRECTION('',(-1.,0.,0.));
#11999=DIRECTION('',(0.,-0.309016994374956,-0.951056516295151));
#12000=DIRECTION('center_axis',(0.,0.,1.));
#12001=DIRECTION('ref_axis',(0.,1.,0.));
#12002=DIRECTION('',(1.,0.,0.));
#12003=DIRECTION('',(0.,1.,0.));
#12004=DIRECTION('',(1.,0.,0.));
#12005=DIRECTION('',(-2.22044604925031E-16,-1.,0.));
#12006=DIRECTION('center_axis',(0.,0.866025403784435,0.500000000000007));
#12007=DIRECTION('ref_axis',(0.,0.500000000000007,-0.866025403784434));
#12008=DIRECTION('',(1.,0.,0.));
#12009=DIRECTION('',(0.,0.500000000000007,-0.866025403784434));
#12010=DIRECTION('',(-3.04489692818791E-16,-0.500000000000002,0.866025403784437));
#12011=DIRECTION('center_axis',(0.,0.866025403784433,-0.50000000000001));
#12012=DIRECTION('ref_axis',(0.,-0.50000000000001,-0.866025403784432));
#12013=DIRECTION('',(-1.11022302462518E-16,0.500000000000009,0.866025403784434));
#12014=DIRECTION('',(-1.,0.,0.));
#12015=DIRECTION('',(0.,-0.50000000000001,-0.866025403784432));
#12016=DIRECTION('center_axis',(0.,0.207911690817761,0.978147600733805));
#12017=DIRECTION('ref_axis',(0.,0.978147600733805,-0.207911690817761));
#12018=DIRECTION('',(1.,0.,0.));
#12019=DIRECTION('',(0.,0.978147600733805,-0.207911690817761));
#12020=DIRECTION('',(1.,0.,0.));
#12021=DIRECTION('',(-2.17192397563305E-16,-0.978147600733805,0.207911690817761));
#12022=DIRECTION('center_axis',(0.,0.951056516295155,0.309016994374942));
#12023=DIRECTION('ref_axis',(0.,0.309016994374942,-0.951056516295155));
#12024=DIRECTION('',(1.,0.,0.));
#12025=DIRECTION('',(0.,0.309016994374942,-0.951056516295155));
#12026=DIRECTION('',(1.47965889897695E-16,-0.30901699437493,0.951056516295159));
#12027=DIRECTION('center_axis',(0.,0.743144825477394,-0.669130606358859));
#12028=DIRECTION('ref_axis',(0.,-0.669130606358859,-0.743144825477394));
#12029=DIRECTION('',(-1.485768411322E-16,0.669130606358859,0.743144825477394));
#12030=DIRECTION('',(-1.,0.,0.));
#12031=DIRECTION('',(0.,-0.669130606358859,-0.743144825477394));
#12032=DIRECTION('center_axis',(0.,0.406736643075817,0.913545457642593));
#12033=DIRECTION('ref_axis',(0.,0.913545457642593,-0.406736643075817));
#12034=DIRECTION('',(1.,0.,0.));
#12035=DIRECTION('',(0.,0.913545457642593,-0.406736643075817));
#12036=DIRECTION('',(1.,0.,0.));
#12037=DIRECTION('',(-2.02847840223306E-16,-0.913545457642593,0.406736643075817));
#12038=DIRECTION('center_axis',(0.,0.994521895368274,0.104528463267645));
#12039=DIRECTION('ref_axis',(0.,0.104528463267645,-0.994521895368274));
#12040=DIRECTION('',(1.,0.,0.));
#12041=DIRECTION('',(0.,0.104528463267645,-0.994521895368274));
#12042=DIRECTION('',(1.19149051630355E-16,-0.104528463267676,0.994521895368271));
#12043=DIRECTION('center_axis',(0.,0.587785252292474,-0.809016994374947));
#12044=DIRECTION('ref_axis',(0.,-0.809016994374947,-0.587785252292474));
#12045=DIRECTION('',(-1.7963785889363E-16,0.809016994374985,0.587785252292422));
#12046=DIRECTION('',(-1.,0.,0.));
#12047=DIRECTION('',(0.,-0.809016994374947,-0.587785252292474));
#12048=DIRECTION('center_axis',(0.,0.587785252292479,0.809016994374943));
#12049=DIRECTION('ref_axis',(0.,0.809016994374943,-0.587785252292479));
#12050=DIRECTION('',(-1.,0.,0.));
#12051=DIRECTION('',(0.,0.809016994374943,-0.587785252292479));
#12052=DIRECTION('',(1.,0.,0.));
#12053=DIRECTION('',(-1.7963785889362E-16,-0.809016994374943,0.587785252292479));
#12054=DIRECTION('center_axis',(0.,0.994521895368274,-0.104528463267645));
#12055=DIRECTION('ref_axis',(0.,-0.104528463267645,-0.994521895368274));
#12056=DIRECTION('',(-1.,0.,0.));
#12057=DIRECTION('',(0.,-0.104528463267645,-0.994521895368274));
#12058=DIRECTION('',(1.0833480939586E-16,0.104528463267614,0.994521895368278));
#12059=DIRECTION('center_axis',(0.,0.406736643075793,-0.913545457642604));
#12060=DIRECTION('ref_axis',(0.,-0.913545457642604,-0.406736643075793));
#12061=DIRECTION('',(2.02847840223309E-16,0.913545457642604,0.406736643075793));
#12062=DIRECTION('',(-1.,0.,0.));
#12063=DIRECTION('',(0.,-0.913545457642604,-0.406736643075793));
#12064=DIRECTION('center_axis',(0.,-0.587785252292477,-0.809016994374945));
#12065=DIRECTION('ref_axis',(0.,-0.809016994374945,0.587785252292477));
#12066=DIRECTION('',(1.,0.,0.));
#12067=DIRECTION('',(0.,-0.809016994374945,0.587785252292477));
#12068=DIRECTION('',(1.,0.,0.));
#12069=DIRECTION('',(1.79637858893621E-16,0.809016994374945,-0.587785252292477));
#12070=DIRECTION('center_axis',(0.,-0.994521895368273,0.10452846326766));
#12071=DIRECTION('ref_axis',(0.,0.10452846326766,0.994521895368273));
#12072=DIRECTION('',(0.,0.10452846326766,0.994521895368273));
#12073=DIRECTION('',(-8.51248280661753E-17,-0.104528463267674,-0.994521895368271));
#12074=DIRECTION('center_axis',(1.,-2.22044604925031E-16,0.));
#12075=DIRECTION('ref_axis',(2.22044604925031E-16,1.,0.));
#12076=DIRECTION('center_axis',(-1.,-2.46519032881566E-32,0.));
#12077=DIRECTION('ref_axis',(2.42477737260557E-32,-1.,0.));
#12078=DIRECTION('',(2.17192397563306E-16,0.978147600733808,0.207911690817747));
#12079=DIRECTION('',(6.86155564311046E-17,0.309016994374942,0.951056516295155));
#12080=DIRECTION('',(-1.48576841132198E-16,-0.669130606358851,0.743144825477401));
#12081=DIRECTION('',(2.02847840223309E-16,0.913545457642603,0.406736643075796));
#12082=DIRECTION('',(2.32099813296866E-17,0.104528463267653,0.994521895368273));
#12083=DIRECTION('',(-1.7963785889362E-16,-0.809016994374942,0.587785252292481));
#12084=DIRECTION('',(2.22044604925031E-16,1.,-1.51937792504381E-14));
#12085=DIRECTION('',(1.11022302462515E-16,0.499999999999996,0.866025403784441));
#12086=DIRECTION('',(-1.11022302462513E-16,-0.49999999999999,0.866025403784444));
#12087=DIRECTION('',(-1.79637858893622E-16,-0.809016994374948,-0.587785252292472));
#12088=DIRECTION('',(-1.19149051630355E-16,0.104528463267645,-0.994521895368274));
#12089=DIRECTION('',(2.02847840223308E-16,0.9135454576426,-0.406736643075802));
#12090=DIRECTION('',(1.79637858893622E-16,0.809016994374949,0.587785252292471));
#12091=DIRECTION('',(-2.32099813296866E-17,-0.104528463267653,0.994521895368273));
#12092=DIRECTION('',(-2.02847840223307E-16,-0.913545457642596,0.406736643075812));
#12093=DIRECTION('',(2.17192397563305E-16,0.978147600733805,-0.207911690817761));
#12094=DIRECTION('',(1.48576841132199E-16,0.669130606358859,0.743144825477394));
#12095=DIRECTION('',(-6.86155564311046E-17,-0.309016994374942,0.951056516295155));
#12096=DIRECTION('',(-1.48576841132199E-16,-0.669130606358855,-0.743144825477397));
#12097=DIRECTION('',(-1.4796588989769E-16,0.309016994374964,-0.951056516295148));
#12098=DIRECTION('',(2.17192397563305E-16,0.978147600733805,-0.207911690817763));
#12099=DIRECTION('',(1.485768411322E-16,0.669130606358863,0.74314482547739));
#12100=DIRECTION('',(-6.86155564311077E-17,-0.309016994374956,0.951056516295151));
#12101=DIRECTION('',(-2.17192397563305E-16,-0.978147600733803,0.207911690817772));
#12102=DIRECTION('',(2.02847840223308E-16,0.913545457642602,-0.406736643075799));
#12103=DIRECTION('',(1.79637858893623E-16,0.809016994374953,0.587785252292466));
#12104=DIRECTION('',(-2.32099813296864E-17,-0.104528463267652,0.994521895368274));
#12105=DIRECTION('',(-1.11022302462516E-16,-0.500000000000002,-0.866025403784438));
#12106=DIRECTION('',(-1.70315908757393E-16,0.500000000000012,-0.866025403784432));
#12107=DIRECTION('',(2.22044604925031E-16,1.,-1.51937792504379E-14));
#12108=DIRECTION('',(1.11022302462516E-16,0.500000000000002,0.866025403784438));
#12109=DIRECTION('',(-1.11022302462515E-16,-0.499999999999999,0.866025403784439));
#12110=DIRECTION('',(-2.22044604925031E-16,-1.,1.51937792504381E-14));
#12111=DIRECTION('',(1.7963785889362E-16,0.809016994374943,-0.587785252292479));
#12112=DIRECTION('',(2.02847840223309E-16,0.913545457642604,0.406736643075793));
#12113=DIRECTION('',(2.32099813296883E-17,0.10452846326766,0.994521895368273));
#12114=DIRECTION('',(-6.86155564311061E-17,-0.309016994374949,-0.951056516295153));
#12115=DIRECTION('',(-1.85222305137976E-16,0.669130606358832,-0.743144825477417));
#12116=DIRECTION('',(2.17192397563305E-16,0.978147600733806,0.207911690817757));
#12117=DIRECTION('',(6.86155564311079E-17,0.309016994374957,0.95105651629515));
#12118=DIRECTION('',(-1.48576841132199E-16,-0.669130606358855,0.743144825477397));
#12119=DIRECTION('',(-2.17192397563305E-16,-0.978147600733807,-0.207911690817754));
#12120=DIRECTION('',(1.48576841132198E-16,0.669130606358853,-0.743144825477399));
#12121=DIRECTION('',(2.17192397563305E-16,0.978147600733806,0.207911690817759));
#12122=DIRECTION('',(6.86155564311077E-17,0.309016994374956,0.951056516295151));
#12123=DIRECTION('',(-2.32099813296866E-17,-0.104528463267653,-0.994521895368273));
#12124=DIRECTION('',(-1.92033597988825E-16,0.809016994374942,-0.58778525229248));
#12125=DIRECTION('',(2.02847840223308E-16,0.913545457642602,0.406736643075799));
#12126=DIRECTION('',(2.32099813296882E-17,0.10452846326766,0.994521895368273));
#12127=DIRECTION('',(-1.79637858893622E-16,-0.809016994374952,0.587785252292467));
#12128=DIRECTION('',(-2.02847840223309E-16,-0.913545457642604,-0.406736643075792));
#12129=DIRECTION('',(1.11022302462515E-16,0.499999999999996,-0.866025403784441));
#12130=DIRECTION('',(2.22044604925031E-16,1.,0.));
#12131=DIRECTION('',(1.11022302462517E-16,0.500000000000005,0.866025403784436));
#12132=DIRECTION('',(2.32099813296865E-17,0.104528463267652,-0.994521895368274));
#12133=DIRECTION('',(-1.90452101128103E-16,0.913545457642596,-0.40673664307581));
#12134=DIRECTION('',(1.79637858893622E-16,0.80901699437495,0.58778525229247));
#12135=DIRECTION('',(-2.32099813296849E-17,-0.104528463267645,0.994521895368274));
#12136=DIRECTION('',(-2.02847840223308E-16,-0.9135454576426,0.406736643075802));
#12137=DIRECTION('',(-1.79637858893622E-16,-0.809016994374952,-0.587785252292467));
#12138=DIRECTION('',(6.86155564311046E-17,0.309016994374942,-0.951056516295155));
#12139=DIRECTION('',(2.17192397563305E-16,0.978147600733805,-0.207911690817761));
#12140=DIRECTION('',(1.48576841132201E-16,0.669130606358865,0.743144825477388));
#12141=DIRECTION('',(6.8615556431106E-17,0.309016994374948,-0.951056516295153));
#12142=DIRECTION('',(-1.80546933557516E-16,0.978147600733805,-0.207911690817762));
#12143=DIRECTION('',(1.485768411322E-16,0.669130606358863,0.74314482547739));
#12144=DIRECTION('',(-6.86155564311042E-17,-0.30901699437494,0.951056516295156));
#12145=DIRECTION('',(-2.17192397563305E-16,-0.978147600733806,0.207911690817759));
#12146=DIRECTION('',(-1.485768411322E-16,-0.669130606358862,-0.743144825477391));
#12147=DIRECTION('',(2.32099813296849E-17,0.104528463267645,-0.994521895368274));
#12148=DIRECTION('',(2.02847840223308E-16,0.9135454576426,-0.406736643075802));
#12149=DIRECTION('',(1.79637858893622E-16,0.809016994374952,0.587785252292467));
#12150=DIRECTION('',(1.11022302462515E-16,0.499999999999996,-0.866025403784441));
#12151=DIRECTION('',(3.12054602946033E-16,1.,-4.74805601576178E-15));
#12152=DIRECTION('',(1.11022302462516E-16,0.500000000000003,0.866025403784437));
#12153=DIRECTION('',(-1.11022302462515E-16,-0.499999999999996,0.866025403784441));
#12154=DIRECTION('',(-2.22044604925031E-16,-1.,0.));
#12155=DIRECTION('',(-1.11022302462517E-16,-0.500000000000005,-0.866025403784436));
#12156=DIRECTION('',(-2.32099813296883E-17,-0.10452846326766,-0.994521895368273));
#12157=DIRECTION('',(1.79637858893621E-16,0.809016994374946,-0.587785252292476));
#12158=DIRECTION('',(2.02847840223309E-16,0.913545457642603,0.406736643075796));
#12159=DIRECTION('',(1.48576841132199E-16,0.669130606358855,-0.743144825477397));
#12160=DIRECTION('',(3.36963537479489E-16,0.978147600733802,0.207911690817776));
#12161=DIRECTION('',(6.86155564311061E-17,0.309016994374949,0.951056516295153));
#12162=DIRECTION('',(-1.48576841132198E-16,-0.669130606358851,0.7431448254774));
#12163=DIRECTION('',(-2.17192397563305E-16,-0.978147600733805,-0.207911690817763));
#12164=DIRECTION('',(-6.86155564311061E-17,-0.309016994374949,-0.951056516295153));
#12165=DIRECTION('',(-6.86155564311061E-17,-0.309016994374949,-0.951056516295153));
#12166=DIRECTION('',(1.485768411322E-16,0.669130606358859,-0.743144825477393));
#12167=DIRECTION('',(2.17192397563306E-16,0.978147600733808,0.20791169081775));
#12168=DIRECTION('',(1.79637858893621E-16,0.809016994374946,-0.587785252292476));
#12169=DIRECTION('',(-5.8171437149883E-16,0.913545457642602,0.406736643075797));
#12170=DIRECTION('',(2.32099813296883E-17,0.10452846326766,0.994521895368273));
#12171=DIRECTION('',(-1.79637858893622E-16,-0.809016994374948,0.587785252292472));
#12172=DIRECTION('',(-2.02847840223309E-16,-0.913545457642603,-0.406736643075796));
#12173=DIRECTION('',(-2.32099813296866E-17,-0.104528463267653,-0.994521895368273));
#12174=DIRECTION('',(-1.11022302462517E-16,-0.500000000000007,-0.866025403784434));
#12175=DIRECTION('',(1.11022302462519E-16,0.500000000000014,-0.866025403784431));
#12176=DIRECTION('',(2.22044604925031E-16,1.,-7.59688962521908E-15));
#12177=DIRECTION('',(2.02847840223308E-16,0.913545457642602,-0.406736643075799));
#12178=DIRECTION('',(-5.46108651073933E-16,0.809016994374968,0.587785252292445));
#12179=DIRECTION('',(-2.3209981329685E-17,-0.104528463267645,0.994521895368274));
#12180=DIRECTION('',(-2.02847840223308E-16,-0.9135454576426,0.406736643075802));
#12181=DIRECTION('',(-1.79637858893622E-16,-0.809016994374949,-0.587785252292471));
#12182=DIRECTION('',(2.32099813296864E-17,0.104528463267652,-0.994521895368274));
#12183=DIRECTION('',(-1.48576841132199E-16,-0.669130606358859,-0.743144825477394));
#12184=DIRECTION('',(6.86155564311046E-17,0.309016994374942,-0.951056516295155));
#12185=DIRECTION('',(2.17192397563305E-16,0.978147600733805,-0.207911690817761));
#12186=DIRECTION('',(2.17192397563305E-16,0.978147600733805,-0.207911690817763));
#12187=DIRECTION('',(-5.07386645236026E-16,0.669130606358863,0.74314482547739));
#12188=DIRECTION('',(-6.86155564311041E-17,-0.30901699437494,0.951056516295156));
#12189=DIRECTION('',(-2.17192397563305E-16,-0.978147600733803,0.207911690817772));
#12190=DIRECTION('',(-1.48576841132201E-16,-0.669130606358867,-0.743144825477386));
#12191=DIRECTION('',(6.86155564311056E-17,0.309016994374947,-0.951056516295154));
#12192=DIRECTION('',(-1.79637858893623E-16,-0.809016994374953,-0.587785252292465));
#12193=DIRECTION('',(2.32099813296883E-17,0.10452846326766,-0.994521895368273));
#12194=DIRECTION('',(2.02847840223308E-16,0.913545457642599,-0.406736643075805));
#12195=DIRECTION('',(2.22044604925031E-16,1.,-1.51937792504382E-14));
#12196=DIRECTION('',(4.82370511703418E-16,0.500000000000009,0.866025403784433));
#12197=DIRECTION('',(-1.11022302462515E-16,-0.499999999999996,0.866025403784441));
#12198=DIRECTION('',(-2.22044604925031E-16,-1.,7.59688962521908E-15));
#12199=DIRECTION('',(-1.11022302462517E-16,-0.500000000000007,-0.866025403784434));
#12200=DIRECTION('',(1.11022302462515E-16,0.499999999999999,-0.866025403784439));
#12201=DIRECTION('',(-2.02847840223309E-16,-0.913545457642604,-0.406736643075793));
#12202=DIRECTION('',(-2.3209981329685E-17,-0.104528463267645,-0.994521895368274));
#12203=DIRECTION('',(1.7963785889362E-16,0.809016994374943,-0.587785252292479));
#12204=DIRECTION('center_axis',(-1.,2.22044604925031E-16,0.));
#12205=DIRECTION('ref_axis',(0.,0.42485971685289,-0.905259201000289));
#12206=DIRECTION('center_axis',(-1.,2.22044604925031E-16,0.));
#12207=DIRECTION('ref_axis',(-2.22044604925031E-16,-1.,0.));
#12208=DIRECTION('center_axis',(-1.,2.22044604925031E-16,0.));
#12209=DIRECTION('ref_axis',(0.,-0.571547606649411,0.82056890833941));
#12210=DIRECTION('',(0.,0.,-1.));
#12211=DIRECTION('center_axis',(-1.,2.22044604925031E-16,0.));
#12212=DIRECTION('ref_axis',(-1.89529271594954E-16,-0.853563956930837,-0.520988072251729));
#12213=DIRECTION('center_axis',(-1.,2.22044604925031E-16,0.));
#12214=DIRECTION('ref_axis',(2.22044604925031E-16,1.,0.));
#12215=DIRECTION('center_axis',(-1.,2.22044604925031E-16,0.));
#12216=DIRECTION('ref_axis',(-1.94948698096575E-16,-0.877970884104097,-0.478714034331008));
#12217=DIRECTION('',(0.,-0.866025403784439,0.5));
#12218=DIRECTION('',(2.17192397563306E-16,0.978147600733808,0.20791169081775));
#12219=DIRECTION('',(4.73802410412659E-17,0.309016994374952,0.951056516295152));
#12220=DIRECTION('',(-1.48576841132199E-16,-0.669130606358859,0.743144825477394));
#12221=DIRECTION('',(-2.17192397563306E-16,-0.978147600733808,-0.207911690817747));
#12222=DIRECTION('',(-6.86155564311041E-17,-0.30901699437494,-0.951056516295156));
#12223=DIRECTION('',(1.48576841132199E-16,0.669130606358859,-0.743144825477394));
#12224=DIRECTION('',(1.92296268638356E-16,0.866025403784439,0.5));
#12225=DIRECTION('center_axis',(-1.,2.22044604925031E-16,0.));
#12226=DIRECTION('ref_axis',(1.94948698096575E-16,0.877970884104097,-0.478714034331008));
#12227=DIRECTION('center_axis',(-1.,2.22044604925031E-16,0.));
#12228=DIRECTION('ref_axis',(2.22044604925031E-16,1.,0.));
#12229=DIRECTION('center_axis',(-1.,2.22044604925031E-16,0.));
#12230=DIRECTION('ref_axis',(1.89529271594954E-16,0.853563956930837,-0.520988072251729));
#12231=DIRECTION('',(0.,0.,-1.));
#12232=DIRECTION('center_axis',(-1.,2.22044604925031E-16,0.));
#12233=DIRECTION('ref_axis',(0.,0.571547606649409,0.820568908339411));
#12234=DIRECTION('center_axis',(-1.,2.22044604925031E-16,0.));
#12235=DIRECTION('ref_axis',(-2.22044604925031E-16,-1.,0.));
#12236=DIRECTION('center_axis',(-1.,2.22044604925031E-16,0.));
#12237=DIRECTION('ref_axis',(0.,-0.424859716852891,-0.905259201000289));
#12238=DIRECTION('',(-1.92296268638356E-16,-0.866025403784438,0.5));
#12239=DIRECTION('center_axis',(-1.,2.22044604925031E-16,0.));
#12240=DIRECTION('ref_axis',(-5.41942650162049E-18,-0.0244069271732599,
0.999702106582736));
#12241=DIRECTION('center_axis',(-1.,2.22044604925031E-16,0.));
#12242=DIRECTION('ref_axis',(2.22044604925031E-16,1.,0.));
#12243=DIRECTION('center_axis',(-1.,2.22044604925031E-16,0.));
#12244=DIRECTION('ref_axis',(5.41942650162049E-18,0.0244069271732598,0.999702106582736));
#12245=DIRECTION('',(-2.91696231179095E-16,0.866025403784439,0.5));
#12246=DIRECTION('center_axis',(-1.,2.22044604925031E-16,0.));
#12247=DIRECTION('ref_axis',(0.,-0.996407323502299,0.0846902926608773));
#12248=DIRECTION('center_axis',(-1.,2.22044604925031E-16,0.));
#12249=DIRECTION('ref_axis',(-2.22044604925031E-16,-1.,0.));
#12250=DIRECTION('center_axis',(-1.,2.22044604925031E-16,0.));
#12251=DIRECTION('ref_axis',(0.,0.996407323502299,0.0846902926608779));
#12252=DIRECTION('center_axis',(-1.,0.,0.));
#12253=DIRECTION('ref_axis',(0.,1.,0.));
#12254=DIRECTION('',(1.,0.,0.));
#12255=DIRECTION('center_axis',(1.,2.46519032881566E-32,0.));
#12256=DIRECTION('ref_axis',(0.,1.,-8.73618117737829E-16));
#12257=DIRECTION('center_axis',(1.,2.46519032881566E-32,0.));
#12258=DIRECTION('ref_axis',(0.,1.,-8.73618117737829E-16));
#12259=DIRECTION('center_axis',(1.,2.46519032881566E-32,0.));
#12260=DIRECTION('ref_axis',(0.,0.,-1.));
#12261=DIRECTION('center_axis',(-1.,-2.46519032881566E-32,0.));
#12262=DIRECTION('ref_axis',(-2.46519032881566E-32,1.,-8.73618117737829E-16));
#12263=DIRECTION('center_axis',(2.46519032881566E-32,-1.,0.));
#12264=DIRECTION('ref_axis',(0.,0.,1.));
#12265=DIRECTION('center_axis',(1.,2.46519032881566E-32,0.));
#12266=DIRECTION('ref_axis',(-2.46519032881566E-32,1.,0.));
#12267=DIRECTION('',(0.,0.49999999999999,-0.866025403784444));
#12268=DIRECTION('',(0.,-0.499999999999996,-0.866025403784441));
#12269=DIRECTION('',(0.,-1.,1.51937792504381E-14));
#12270=DIRECTION('',(0.,0.500000000000005,0.866025403784436));
#12271=DIRECTION('',(0.,1.,0.));
#12272=DIRECTION('',(0.,0.499999999999996,-0.866025403784441));
#12273=DIRECTION('',(0.,-0.500000000000003,-0.866025403784437));
#12274=DIRECTION('',(0.,-1.,3.79844481260951E-15));
#12275=DIRECTION('',(0.,-0.499999999999996,0.866025403784441));
#12276=DIRECTION('',(0.,-0.809016994374943,0.587785252292479));
#12277=DIRECTION('',(0.,0.104528463267645,0.994521895368274));
#12278=DIRECTION('',(0.,0.913545457642604,0.406736643075793));
#12279=DIRECTION('',(0.,1.,-1.51937792504381E-14));
#12280=DIRECTION('',(0.,0.499999999999999,-0.866025403784439));
#12281=DIRECTION('',(0.,-0.500000000000002,-0.866025403784438));
#12282=DIRECTION('',(0.,-1.,1.51937792504379E-14));
#12283=DIRECTION('',(0.,-0.499999999999993,0.866025403784442));
#12284=DIRECTION('',(0.,0.500000000000002,0.866025403784438));
#12285=DIRECTION('',(0.,-0.669130606358865,-0.743144825477388));
#12286=DIRECTION('',(0.,-0.978147600733805,0.207911690817761));
#12287=DIRECTION('',(0.,-0.309016994374942,0.951056516295155));
#12288=DIRECTION('',(0.,0.809016994374942,-0.587785252292481));
#12289=DIRECTION('',(0.,-0.104528463267653,-0.994521895368273));
#12290=DIRECTION('',(0.,-0.913545457642603,-0.406736643075796));
#12291=DIRECTION('',(0.,-0.809016994374952,-0.587785252292467));
#12292=DIRECTION('',(0.,-0.9135454576426,0.406736643075802));
#12293=DIRECTION('',(0.,-0.104528463267645,0.994521895368274));
#12294=DIRECTION('',(0.,-1.,7.59688962521908E-15));
#12295=DIRECTION('',(0.,-0.500000000000014,0.866025403784431));
#12296=DIRECTION('',(0.,0.500000000000007,0.866025403784434));
#12297=DIRECTION('',(0.,0.809016994374952,0.587785252292467));
#12298=DIRECTION('',(0.,0.9135454576426,-0.406736643075802));
#12299=DIRECTION('',(0.,0.104528463267645,-0.994521895368274));
#12300=DIRECTION('',(0.,-0.80901699437495,-0.58778525229247));
#12301=DIRECTION('',(0.,-0.913545457642597,0.406736643075808));
#12302=DIRECTION('',(0.,-0.104528463267652,0.994521895368273));
#12303=DIRECTION('',(0.,-0.104528463267652,0.994521895368274));
#12304=DIRECTION('',(0.,0.809016994374949,0.587785252292471));
#12305=DIRECTION('',(0.,0.9135454576426,-0.406736643075802));
#12306=DIRECTION('',(0.,0.104528463267645,-0.994521895368274));
#12307=DIRECTION('',(0.,-0.809016994374949,-0.587785252292471));
#12308=DIRECTION('',(0.,-0.913545457642602,0.406736643075799));
#12309=DIRECTION('',(0.,0.309016994374942,-0.951056516295155));
#12310=DIRECTION('',(0.,-0.669130606358859,-0.743144825477394));
#12311=DIRECTION('',(0.,-0.978147600733805,0.207911690817761));
#12312=DIRECTION('',(0.,-0.913545457642603,-0.406736643075796));
#12313=DIRECTION('',(0.,-0.809016994374946,0.587785252292476));
#12314=DIRECTION('',(0.,0.10452846326766,0.994521895368273));
#12315=DIRECTION('',(0.,-0.500000000000005,-0.866025403784436));
#12316=DIRECTION('',(0.,-1.,0.));
#12317=DIRECTION('',(0.,-0.499999999999996,0.866025403784441));
#12318=DIRECTION('',(0.,-0.10452846326766,-0.994521895368273));
#12319=DIRECTION('',(0.,-0.913545457642604,-0.406736643075793));
#12320=DIRECTION('',(0.,-0.809016994374943,0.587785252292479));
#12321=DIRECTION('',(0.,0.913545457642596,-0.406736643075812));
#12322=DIRECTION('',(0.,0.104528463267653,-0.994521895368273));
#12323=DIRECTION('',(0.,-0.809016994374949,-0.587785252292471));
#12324=DIRECTION('',(0.,-0.9135454576426,0.406736643075802));
#12325=DIRECTION('',(0.,-0.104528463267653,0.994521895368273));
#12326=DIRECTION('',(0.,0.809016994374948,0.587785252292472));
#12327=DIRECTION('',(0.,0.104528463267653,0.994521895368273));
#12328=DIRECTION('',(0.,0.913545457642603,0.406736643075796));
#12329=DIRECTION('',(0.,0.809016994374948,-0.587785252292472));
#12330=DIRECTION('',(0.,-0.10452846326766,-0.994521895368273));
#12331=DIRECTION('',(0.,-0.913545457642603,-0.406736643075796));
#12332=DIRECTION('',(0.,-0.809016994374946,0.587785252292476));
#12333=DIRECTION('',(0.,0.669130606358851,-0.743144825477401));
#12334=DIRECTION('',(0.,-0.309016994374942,-0.951056516295155));
#12335=DIRECTION('',(0.,-0.978147600733808,-0.207911690817747));
#12336=DIRECTION('',(0.,0.669130606358862,0.743144825477391));
#12337=DIRECTION('',(0.,0.978147600733805,-0.207911690817759));
#12338=DIRECTION('',(0.,0.30901699437494,-0.951056516295156));
#12339=DIRECTION('',(0.,-0.669130606358863,-0.74314482547739));
#12340=DIRECTION('',(0.,-0.978147600733805,0.207911690817763));
#12341=DIRECTION('',(0.,-0.309016994374948,0.951056516295153));
#12342=DIRECTION('',(0.,0.309016994374949,0.951056516295153));
#12343=DIRECTION('',(0.,0.978147600733805,0.207911690817763));
#12344=DIRECTION('',(0.,0.669130606358851,-0.7431448254774));
#12345=DIRECTION('',(0.,-0.309016994374949,-0.951056516295153));
#12346=DIRECTION('',(0.,-0.978147600733807,-0.207911690817755));
#12347=DIRECTION('',(0.,-0.669130606358855,0.743144825477397));
#12348=DIRECTION('',(0.,-0.978147600733808,-0.20791169081775));
#12349=DIRECTION('',(0.,-0.669130606358859,0.743144825477393));
#12350=DIRECTION('',(0.,0.309016994374949,0.951056516295153));
#12351=DIRECTION('',(0.,-0.913545457642599,0.406736643075805));
#12352=DIRECTION('',(0.,-0.10452846326766,0.994521895368273));
#12353=DIRECTION('',(0.,0.809016994374953,0.587785252292465));
#12354=DIRECTION('',(0.,0.978147600733803,-0.207911690817772));
#12355=DIRECTION('',(0.,0.309016994374956,-0.951056516295151));
#12356=DIRECTION('',(0.,-0.669130606358863,-0.74314482547739));
#12357=DIRECTION('',(0.,-0.978147600733805,0.207911690817763));
#12358=DIRECTION('',(0.,-0.309016994374942,0.951056516295155));
#12359=DIRECTION('',(0.,0.669130606358855,0.743144825477397));
#12360=DIRECTION('',(0.,0.913545457642604,0.406736643075792));
#12361=DIRECTION('',(0.,0.809016994374952,-0.587785252292467));
#12362=DIRECTION('',(0.,-0.10452846326766,-0.994521895368273));
#12363=DIRECTION('',(0.,-0.913545457642602,-0.406736643075799));
#12364=DIRECTION('',(0.,-0.809016994374944,0.587785252292478));
#12365=DIRECTION('',(0.,0.104528463267653,0.994521895368273));
#12366=DIRECTION('',(0.,0.978147600733807,0.207911690817754));
#12367=DIRECTION('',(0.,0.669130606358855,-0.743144825477397));
#12368=DIRECTION('',(0.,-0.309016994374957,-0.95105651629515));
#12369=DIRECTION('',(0.,-0.978147600733806,-0.207911690817757));
#12370=DIRECTION('',(0.,-0.669130606358851,0.743144825477401));
#12371=DIRECTION('',(0.,0.309016994374949,0.951056516295153));
#12372=DIRECTION('',(0.,0.104528463267652,-0.994521895368274));
#12373=DIRECTION('',(0.,-0.809016994374953,-0.587785252292466));
#12374=DIRECTION('',(0.,-0.913545457642602,0.406736643075799));
#12375=DIRECTION('',(0.,-0.499999999999999,0.866025403784439));
#12376=DIRECTION('',(0.,0.500000000000007,0.866025403784434));
#12377=DIRECTION('',(0.,1.,-7.59688962521908E-15));
#12378=DIRECTION('',(0.,0.499999999999996,-0.866025403784441));
#12379=DIRECTION('',(0.,-0.500000000000007,-0.866025403784434));
#12380=DIRECTION('',(0.,-1.,1.51937792504382E-14));
#12381=DIRECTION('',(0.,-0.978147600733805,0.207911690817761));
#12382=DIRECTION('',(0.,-0.309016994374942,0.951056516295155));
#12383=DIRECTION('',(0.,0.669130606358859,0.743144825477394));
#12384=DIRECTION('',(0.,-0.669130606358859,0.743144825477394));
#12385=DIRECTION('',(0.,0.30901699437494,0.951056516295156));
#12386=DIRECTION('',(0.,0.978147600733808,0.207911690817747));
#12387=DIRECTION('',(0.,0.669130606358859,-0.743144825477394));
#12388=DIRECTION('',(0.,-0.309016994374953,-0.951056516295152));
#12389=DIRECTION('',(0.,-0.978147600733808,-0.20791169081775));
#12390=DIRECTION('',(0.,-0.309016994374956,-0.951056516295151));
#12391=DIRECTION('',(0.,-0.978147600733806,-0.207911690817759));
#12392=DIRECTION('',(0.,-0.669130606358853,0.743144825477399));
#12393=DIRECTION('',(0.,-0.309016994374947,0.951056516295154));
#12394=DIRECTION('',(0.,0.669130606358867,0.743144825477386));
#12395=DIRECTION('',(0.,0.978147600733803,-0.207911690817772));
#12396=DIRECTION('',(0.,0.30901699437494,-0.951056516295156));
#12397=DIRECTION('',(0.,-0.669130606358863,-0.74314482547739));
#12398=DIRECTION('',(0.,-0.978147600733805,0.207911690817763));
#12399=DIRECTION('center_axis',(-1.,0.,0.));
#12400=DIRECTION('ref_axis',(0.,1.,0.));
#12401=DIRECTION('center_axis',(-1.,0.,0.));
#12402=DIRECTION('ref_axis',(0.,1.,0.));
#12403=DIRECTION('center_axis',(-1.,0.,0.));
#12404=DIRECTION('ref_axis',(0.,1.,0.));
#12405=DIRECTION('center_axis',(-1.,0.,0.));
#12406=DIRECTION('ref_axis',(0.,1.,0.));
#12407=DIRECTION('center_axis',(-1.,0.,0.));
#12408=DIRECTION('ref_axis',(0.,1.,0.));
#12409=DIRECTION('center_axis',(-1.,0.,0.));
#12410=DIRECTION('ref_axis',(0.,1.,0.));
#12411=DIRECTION('center_axis',(-3.54712664163409E-16,0.987157765698925,
0.159748382214992));
#12412=DIRECTION('ref_axis',(0.,-0.159748382214992,0.987157765698925));
#12413=DIRECTION('center_axis',(1.,-2.22044604925031E-16,0.));
#12414=DIRECTION('ref_axis',(0.,0.,-1.));
#12415=DIRECTION('center_axis',(0.,0.866025403784435,-0.500000000000005));
#12416=DIRECTION('ref_axis',(0.,0.500000000000005,0.866025403784435));
#12417=DIRECTION('center_axis',(1.,-2.22044604925031E-16,0.));
#12418=DIRECTION('ref_axis',(-2.53872816853271E-17,-0.114334152337989,-0.993442349413973));
#12419=DIRECTION('center_axis',(-1.,2.22044604925031E-16,0.));
#12420=DIRECTION('ref_axis',(-2.77555756156289E-17,-0.114334152337989,-0.993442349413973));
#12421=DIRECTION('center_axis',(-1.92296268638356E-16,-0.866025403784439,
0.5));
#12422=DIRECTION('ref_axis',(0.707106781186544,0.353553390593277,0.612372435695797));
#12423=DIRECTION('center_axis',(0.,0.866025403784437,-0.500000000000003));
#12424=DIRECTION('ref_axis',(0.,0.500000000000003,0.866025403784437));
#12425=DIRECTION('',(1.92296268638356E-16,0.866025403784439,-0.5));
#12426=DIRECTION('',(-1.92296268638356E-16,-0.866025403784439,0.5));
#12427=DIRECTION('center_axis',(-1.,2.22044604925031E-16,0.));
#12428=DIRECTION('ref_axis',(0.,0.,1.));
#12429=DIRECTION('center_axis',(0.,-0.0487993130206425,-0.998808603811918));
#12430=DIRECTION('ref_axis',(0.,0.998808603811918,-0.0487993130206425));
#12431=DIRECTION('center_axis',(1.,-2.22044604925031E-16,0.));
#12432=DIRECTION('ref_axis',(-1.94948698096574E-16,-0.877970884104096,-0.47871403433101));
#12433=DIRECTION('center_axis',(-1.,2.22044604925031E-16,0.));
#12434=DIRECTION('ref_axis',(-2.22044604925032E-16,-0.877970884104096,-0.47871403433101));
#12435=DIRECTION('center_axis',(1.,-2.22044604925031E-16,0.));
#12436=DIRECTION('ref_axis',(0.,0.,-1.));
#12437=DIRECTION('center_axis',(0.,0.889393280929911,-0.457142857142851));
#12438=DIRECTION('ref_axis',(0.,0.457142857142851,0.889393280929911));
#12439=DIRECTION('center_axis',(-1.,2.22044604925031E-16,0.));
#12440=DIRECTION('ref_axis',(1.92296268638356E-16,0.866025403784439,0.5));
#12441=DIRECTION('center_axis',(1.,-2.22044604925031E-16,0.));
#12442=DIRECTION('ref_axis',(1.99840144432528E-16,0.866025403784439,0.5));
#12443=DIRECTION('center_axis',(-1.,2.22044604925031E-16,0.));
#12444=DIRECTION('ref_axis',(0.,0.,1.));
#12445=DIRECTION('center_axis',(0.,0.,-1.));
#12446=DIRECTION('ref_axis',(0.,1.,0.));
#12447=DIRECTION('center_axis',(1.,-2.22044604925031E-16,0.));
#12448=DIRECTION('ref_axis',(-1.89529271594954E-16,-0.853563956930837,-0.520988072251729));
#12449=DIRECTION('center_axis',(-1.,2.22044604925031E-16,0.));
#12450=DIRECTION('ref_axis',(-1.66533453693774E-16,-0.853563956930837,-0.520988072251729));
#12451=DIRECTION('center_axis',(0.,0.,1.));
#12452=DIRECTION('ref_axis',(0.707106781186555,0.70710678118654,0.));
#12453=DIRECTION('center_axis',(0.,0.,-1.));
#12454=DIRECTION('ref_axis',(0.,1.,0.));
#12455=DIRECTION('',(0.,0.,-1.));
#12456=DIRECTION('',(0.,0.,1.));
#12457=DIRECTION('center_axis',(1.,-2.22044604925031E-16,0.));
#12458=DIRECTION('ref_axis',(0.,0.,-1.));
#12459=DIRECTION('center_axis',(6.88364486772438E-15,-0.631925040061108,
-0.775029511530863));
#12460=DIRECTION('ref_axis',(2.22044604925032E-15,0.775029511530863,-0.631925040061107));
#12461=DIRECTION('center_axis',(1.,-2.22044604925031E-16,0.));
#12462=DIRECTION('ref_axis',(-2.03728897742293E-16,-0.917513387956792,0.397704894262127));
#12463=DIRECTION('center_axis',(-1.,2.22044604925031E-16,0.));
#12464=DIRECTION('ref_axis',(-1.94289029309402E-16,-0.917513387956792,0.397704894262127));
#12465=DIRECTION('center_axis',(1.,0.,0.));
#12466=DIRECTION('ref_axis',(0.,0.866025403784435,-0.500000000000006));
#12467=DIRECTION('center_axis',(-1.,0.,0.));
#12468=DIRECTION('ref_axis',(0.,-0.866025403784438,0.500000000000002));
#12469=DIRECTION('center_axis',(1.,-2.22044604925031E-16,0.));
#12470=DIRECTION('ref_axis',(2.22044604925031E-16,1.,0.));
#12471=DIRECTION('center_axis',(-1.,0.,0.));
#12472=DIRECTION('ref_axis',(0.,1.40241478099894E-5,-0.999999999901662));
#12473=DIRECTION('center_axis',(1.,-2.22044604925031E-16,0.));
#12474=DIRECTION('ref_axis',(2.03728897742293E-16,0.917513387956791,0.397704894262128));
#12475=DIRECTION('',(0.,0.,1.));
#12476=DIRECTION('center_axis',(1.,-2.22044604925031E-16,0.));
#12477=DIRECTION('ref_axis',(1.89529271594954E-16,0.853563956930837,-0.520988072251729));
#12478=DIRECTION('center_axis',(-1.,2.22044604925031E-16,0.));
#12479=DIRECTION('ref_axis',(-1.92296268638356E-16,-0.866025403784439,0.5));
#12480=DIRECTION('center_axis',(1.,-2.22044604925031E-16,0.));
#12481=DIRECTION('ref_axis',(1.94948698096575E-16,0.877970884104097,-0.478714034331009));
#12482=DIRECTION('',(1.92296268638356E-16,0.866025403784439,0.5));
#12483=DIRECTION('center_axis',(1.,-2.22044604925031E-16,0.));
#12484=DIRECTION('ref_axis',(2.53872816853263E-17,0.114334152337985,-0.993442349413973));
#12485=DIRECTION('center_axis',(-1.,0.,0.));
#12486=DIRECTION('ref_axis',(0.,0.866029964955477,0.499992099736801));
#12487=DIRECTION('center_axis',(1.,-2.22044604925031E-16,0.));
#12488=DIRECTION('ref_axis',(-1.78341616056967E-16,-0.803179235618809,0.595737455151837));
#12489=DIRECTION('',(-1.92296268638356E-16,-0.866025403784439,-0.5));
#12490=DIRECTION('center_axis',(1.,-2.22044604925031E-16,0.));
#12491=DIRECTION('ref_axis',(5.41942650162052E-18,0.02440692717326,0.999702106582736));
#12492=DIRECTION('center_axis',(-1.,2.22044604925031E-16,0.));
#12493=DIRECTION('ref_axis',(7.88860905221012E-33,3.5527136788005E-17,-1.));
#12494=DIRECTION('center_axis',(1.,-2.22044604925031E-16,0.));
#12495=DIRECTION('ref_axis',(-5.41942650162048E-18,-0.0244069271732598,
0.999702106582736));
#12496=DIRECTION('',(-1.92296268638356E-16,-0.866025403784438,0.5));
#12497=DIRECTION('center_axis',(1.,-2.22044604925031E-16,0.));
#12498=DIRECTION('ref_axis',(1.78341616056966E-16,0.803179235618806,0.59573745515184));
#12499=DIRECTION('center_axis',(1.,0.,0.));
#12500=DIRECTION('ref_axis',(0.,-2.37255736030136E-15,1.));
#12501=DIRECTION('center_axis',(-7.26468358383076E-15,-0.355232725637807,
-0.934777893745854));
#12502=DIRECTION('ref_axis',(0.,0.934777893745854,-0.355232725637807));
#12503=DIRECTION('center_axis',(1.,-2.22044604925031E-16,0.));
#12504=DIRECTION('ref_axis',(0.,0.,-1.));
#12505=DIRECTION('center_axis',(0.,-0.866025403784444,-0.499999999999991));
#12506=DIRECTION('ref_axis',(0.,0.499999999999991,-0.866025403784444));
#12507=DIRECTION('center_axis',(-1.,2.22044604925031E-16,0.));
#12508=DIRECTION('ref_axis',(-1.66533453693773E-16,-0.803179235618809,0.595737455151837));
#12509=DIRECTION('center_axis',(1.92296268638356E-16,0.866025403784439,
0.5));
#12510=DIRECTION('ref_axis',(0.707106781186547,0.353553390593278,-0.612372435695793));
#12511=DIRECTION('center_axis',(0.,-0.866025403784433,-0.50000000000001));
#12512=DIRECTION('ref_axis',(0.,0.50000000000001,-0.866025403784433));
#12513=DIRECTION('',(1.92296268638356E-16,0.866025403784439,0.5));
#12514=DIRECTION('center_axis',(-1.,2.22044604925031E-16,0.));
#12515=DIRECTION('ref_axis',(0.,0.,1.));
#12516=DIRECTION('center_axis',(0.,-0.840593967909264,0.541665746669068));
#12517=DIRECTION('ref_axis',(0.,-0.541665746669068,-0.840593967909264));
#12518=DIRECTION('center_axis',(-1.,2.22044604925031E-16,0.));
#12519=DIRECTION('ref_axis',(0.,0.02440692717326,0.999702106582736));
#12520=DIRECTION('center_axis',(1.,-2.22044604925031E-16,0.));
#12521=DIRECTION('ref_axis',(0.,0.,-1.));
#12522=DIRECTION('center_axis',(0.,-0.840593967909267,-0.541665746669064));
#12523=DIRECTION('ref_axis',(0.,0.541665746669064,-0.840593967909266));
#12524=DIRECTION('center_axis',(1.,-2.22044604925031E-16,0.));
#12525=DIRECTION('ref_axis',(0.,3.5527136788005E-17,-1.));
#12526=DIRECTION('center_axis',(-1.,2.22044604925031E-16,0.));
#12527=DIRECTION('ref_axis',(0.,0.,1.));
#12528=DIRECTION('center_axis',(0.,-0.866025403784437,0.500000000000004));
#12529=DIRECTION('ref_axis',(0.,-0.500000000000004,-0.866025403784437));
#12530=DIRECTION('center_axis',(-1.,2.22044604925031E-16,0.));
#12531=DIRECTION('ref_axis',(0.,-0.0244069271732598,0.999702106582736));
#12532=DIRECTION('center_axis',(1.92296268638356E-16,0.866025403784439,
-0.5));
#12533=DIRECTION('ref_axis',(0.707106781186544,-0.353553390593277,-0.612372435695797));
#12534=DIRECTION('center_axis',(0.,-0.866025403784437,0.500000000000004));
#12535=DIRECTION('ref_axis',(0.,-0.500000000000004,-0.866025403784437));
#12536=DIRECTION('',(1.92296268638356E-16,0.866025403784438,-0.5));
#12537=DIRECTION('center_axis',(1.,-2.22044604925031E-16,0.));
#12538=DIRECTION('ref_axis',(0.,0.,-1.));
#12539=DIRECTION('center_axis',(-9.54482766175617E-16,-0.35523272563781,
0.934777893745853));
#12540=DIRECTION('ref_axis',(0.,-0.934777893745853,-0.35523272563781));
#12541=DIRECTION('center_axis',(-1.,2.22044604925031E-16,0.));
#12542=DIRECTION('ref_axis',(1.66533453693773E-16,0.803179235618806,0.59573745515184));
#12543=DIRECTION('center_axis',(1.,0.,0.));
#12544=DIRECTION('ref_axis',(0.,-0.866025403784438,-0.500000000000001));
#12545=DIRECTION('center_axis',(0.,-0.631925040061113,0.775029511530859));
#12546=DIRECTION('ref_axis',(-2.22044604925031E-15,-0.775029511530858,-0.631925040061113));
#12547=DIRECTION('center_axis',(1.,-2.22044604925031E-16,0.));
#12548=DIRECTION('ref_axis',(0.,0.,-1.));
#12549=DIRECTION('center_axis',(0.,-4.44089209850056E-15,1.));
#12550=DIRECTION('ref_axis',(0.,-1.,-4.44089209850056E-15));
#12551=DIRECTION('center_axis',(-1.,2.22044604925031E-16,0.));
#12552=DIRECTION('ref_axis',(1.94289029309402E-16,0.917513387956791,0.397704894262128));
#12553=DIRECTION('center_axis',(0.,0.,-1.));
#12554=DIRECTION('ref_axis',(0.707106781186555,-0.70710678118654,0.));
#12555=DIRECTION('center_axis',(0.,0.,1.));
#12556=DIRECTION('ref_axis',(0.,-1.,0.));
#12557=DIRECTION('',(0.,0.,-1.));
#12558=DIRECTION('center_axis',(-1.,2.22044604925031E-16,0.));
#12559=DIRECTION('ref_axis',(0.,0.,1.));
#12560=DIRECTION('center_axis',(0.,0.889393280929902,0.457142857142868));
#12561=DIRECTION('ref_axis',(0.,-0.457142857142868,0.889393280929902));
#12562=DIRECTION('center_axis',(-1.,2.22044604925031E-16,0.));
#12563=DIRECTION('ref_axis',(1.66533453693774E-16,0.853563956930837,-0.520988072251729));
#12564=DIRECTION('center_axis',(1.,-2.22044604925031E-16,0.));
#12565=DIRECTION('ref_axis',(0.,0.,-1.));
#12566=DIRECTION('center_axis',(0.,-0.0487993130206373,0.998808603811918));
#12567=DIRECTION('ref_axis',(-2.22044604925029E-15,-0.998808603811918,-0.0487993130206372));
#12568=DIRECTION('center_axis',(1.,-2.22044604925031E-16,0.));
#12569=DIRECTION('ref_axis',(-1.99840144432528E-16,-0.866025403784439,0.5));
#12570=DIRECTION('center_axis',(-1.,2.22044604925031E-16,0.));
#12571=DIRECTION('ref_axis',(0.,0.,1.));
#12572=DIRECTION('center_axis',(0.,0.866025403784436,0.500000000000005));
#12573=DIRECTION('ref_axis',(0.,-0.500000000000005,0.866025403784435));
#12574=DIRECTION('center_axis',(-1.,2.22044604925031E-16,0.));
#12575=DIRECTION('ref_axis',(2.22044604925032E-16,0.877970884104097,-0.478714034331009));
#12576=DIRECTION('center_axis',(-1.92296268638356E-16,-0.866025403784439,
-0.5));
#12577=DIRECTION('ref_axis',(0.707106781186545,-0.353553390593277,0.612372435695795));
#12578=DIRECTION('center_axis',(0.,0.866025403784437,0.500000000000004));
#12579=DIRECTION('ref_axis',(0.,-0.500000000000004,0.866025403784437));
#12580=DIRECTION('',(-1.92296268638356E-16,-0.866025403784439,-0.5));
#12581=DIRECTION('center_axis',(1.,-2.22044604925031E-16,0.));
#12582=DIRECTION('ref_axis',(0.,0.,-1.));
#12583=DIRECTION('center_axis',(0.,0.987157765698922,-0.15974838221501));
#12584=DIRECTION('ref_axis',(0.,0.15974838221501,0.987157765698922));
#12585=DIRECTION('center_axis',(-1.,2.22044604925031E-16,0.));
#12586=DIRECTION('ref_axis',(2.77555756156289E-17,0.114334152337985,-0.993442349413973));
#12587=DIRECTION('center_axis',(-1.,0.,0.));
#12588=DIRECTION('ref_axis',(0.,1.,0.));
#12589=DIRECTION('',(-1.,9.1046082728959E-17,7.56320320533455E-17));
#12590=DIRECTION('',(-1.,9.1046082728959E-17,-7.56320320533455E-17));
#12591=DIRECTION('center_axis',(-1.,0.,0.));
#12592=DIRECTION('ref_axis',(0.,1.,0.));
#12593=DIRECTION('',(-1.,2.22044604925031E-16,-8.20644090633304E-17));
#12594=DIRECTION('',(-1.,1.99762197335567E-17,1.16664236585011E-16));
#12595=DIRECTION('center_axis',(-1.,0.,0.));
#12596=DIRECTION('ref_axis',(0.,-0.866025403784439,0.5));
#12597=DIRECTION('',(-1.,1.99762197335567E-17,-1.16664236585011E-16));
#12598=DIRECTION('',(-1.,2.22044604925031E-16,8.20644090633309E-17));
#12599=DIRECTION('center_axis',(-1.,1.99762197335567E-17,-1.16664236585011E-16));
#12600=DIRECTION('ref_axis',(0.,-0.424859716852891,-0.905259201000289));
#12601=DIRECTION('',(-1.,1.99762197335567E-17,-1.16664236585011E-16));
#12602=DIRECTION('center_axis',(1.11022302462516E-16,0.5,-0.866025403784439));
#12603=DIRECTION('ref_axis',(-1.92296268638356E-16,-0.866025403784439,-0.5));
#12604=DIRECTION('',(1.,-2.22044604925031E-16,0.));
#12605=DIRECTION('center_axis',(-1.,9.1046082728959E-17,-7.56320320533455E-17));
#12606=DIRECTION('ref_axis',(0.,-0.996407323502299,0.0846902926608773));
#12607=DIRECTION('',(1.,-9.1046082728959E-17,7.56320320533455E-17));
#12608=DIRECTION('center_axis',(-1.,9.10460827289591E-17,7.56320320533455E-17));
#12609=DIRECTION('ref_axis',(0.,0.996407323502299,0.0846902926608779));
#12610=DIRECTION('',(-1.,9.1046082728959E-17,7.56320320533455E-17));
#12611=DIRECTION('center_axis',(1.11022302462516E-16,0.5,0.866025403784439));
#12612=DIRECTION('ref_axis',(1.92296268638356E-16,0.866025403784438,-0.5));
#12613=DIRECTION('',(1.,-2.22044604925031E-16,0.));
#12614=DIRECTION('center_axis',(-1.,1.99762197335567E-17,1.16664236585011E-16));
#12615=DIRECTION('ref_axis',(0.,0.42485971685289,-0.905259201000289));
#12616=DIRECTION('',(1.,-1.99762197335567E-17,-1.16664236585011E-16));
#12617=DIRECTION('center_axis',(-1.,2.22044604925031E-16,-8.20644090633304E-17));
#12618=DIRECTION('ref_axis',(0.,-0.571547606649411,0.82056890833941));
#12619=DIRECTION('',(-1.,2.22044604925031E-16,-8.20644090633304E-17));
#12620=DIRECTION('center_axis',(-2.22044604925031E-16,-1.,0.));
#12621=DIRECTION('ref_axis',(0.,0.,1.));
#12622=DIRECTION('',(1.,-2.22044604925031E-16,0.));
#12623=DIRECTION('center_axis',(-1.,2.22044604925031E-16,8.20644090633309E-17));
#12624=DIRECTION('ref_axis',(0.,0.571547606649409,0.820568908339411));
#12625=DIRECTION('',(1.,-2.22044604925031E-16,-8.20644090633309E-17));
#12626=DIRECTION('center_axis',(2.22044604925031E-16,1.,0.));
#12627=DIRECTION('ref_axis',(0.,0.,-1.));
#12628=DIRECTION('',(-1.,2.22044604925031E-16,0.));
#12629=DIRECTION('center_axis',(0.,-0.406736643075799,-0.913545457642602));
#12630=DIRECTION('ref_axis',(0.,-0.913545457642602,0.406736643075799));
#12631=DIRECTION('',(-1.,0.,0.));
#12632=DIRECTION('center_axis',(0.,0.587785252292466,-0.809016994374953));
#12633=DIRECTION('ref_axis',(0.,-0.809016994374953,-0.587785252292466));
#12634=DIRECTION('',(-1.,0.,0.));
#12635=DIRECTION('center_axis',(0.,0.994521895368274,0.104528463267652));
#12636=DIRECTION('ref_axis',(0.,0.104528463267652,-0.994521895368274));
#12637=DIRECTION('center_axis',(0.,0.406736643075796,-0.913545457642603));
#12638=DIRECTION('ref_axis',(0.,-0.913545457642603,-0.406736643075796));
#12639=DIRECTION('',(-1.,0.,0.));
#12640=DIRECTION('center_axis',(0.,0.994521895368273,-0.104528463267653));
#12641=DIRECTION('ref_axis',(0.,-0.104528463267653,-0.994521895368273));
#12642=DIRECTION('',(-1.,0.,0.));
#12643=DIRECTION('center_axis',(0.,0.587785252292481,0.809016994374942));
#12644=DIRECTION('ref_axis',(0.,0.809016994374942,-0.587785252292481));
#12645=DIRECTION('center_axis',(0.,0.951056516295151,-0.309016994374957));
#12646=DIRECTION('ref_axis',(0.,-0.309016994374957,-0.95105651629515));
#12647=DIRECTION('',(-1.,0.,0.));
#12648=DIRECTION('',(1.,0.,0.));
#12649=DIRECTION('center_axis',(0.,0.743144825477397,0.669130606358855));
#12650=DIRECTION('ref_axis',(0.,0.669130606358855,-0.743144825477397));
#12651=DIRECTION('',(-1.,0.,0.));
#12652=DIRECTION('center_axis',(0.,-0.207911690817754,0.978147600733807));
#12653=DIRECTION('ref_axis',(0.,0.978147600733807,0.207911690817754));
#12654=DIRECTION('',(-1.,0.,0.));
#12655=DIRECTION('center_axis',(0.,-0.951056516295153,0.309016994374949));
#12656=DIRECTION('ref_axis',(0.,0.309016994374949,0.951056516295153));
#12657=DIRECTION('',(-1.,0.,0.));
#12658=DIRECTION('center_axis',(0.,-0.743144825477401,-0.669130606358851));
#12659=DIRECTION('ref_axis',(0.,-0.669130606358851,0.743144825477401));
#12660=DIRECTION('',(-1.,0.,0.));
#12661=DIRECTION('center_axis',(0.,0.207911690817758,-0.978147600733806));
#12662=DIRECTION('ref_axis',(0.,-0.978147600733806,-0.207911690817757));
#12663=DIRECTION('center_axis',(0.,0.866025403784441,0.499999999999996));
#12664=DIRECTION('ref_axis',(0.,0.499999999999996,-0.866025403784441));
#12665=DIRECTION('',(-1.,0.,0.));
#12666=DIRECTION('',(1.,0.,0.));
#12667=DIRECTION('center_axis',(0.,0.,1.));
#12668=DIRECTION('ref_axis',(0.,1.,0.));
#12669=DIRECTION('',(-1.,0.,0.));
#12670=DIRECTION('center_axis',(0.,-0.866025403784436,0.500000000000005));
#12671=DIRECTION('ref_axis',(0.,0.500000000000005,0.866025403784436));
#12672=DIRECTION('',(-1.,0.,0.));
#12673=DIRECTION('center_axis',(0.,-0.866025403784441,-0.499999999999996));
#12674=DIRECTION('ref_axis',(0.,-0.499999999999996,0.866025403784441));
#12675=DIRECTION('',(-1.,0.,0.));
#12676=DIRECTION('center_axis',(0.,-3.79844481260951E-15,-1.));
#12677=DIRECTION('ref_axis',(0.,-1.,3.79844481260951E-15));
#12678=DIRECTION('',(-1.,0.,0.));
#12679=DIRECTION('center_axis',(0.,0.866025403784437,-0.500000000000003));
#12680=DIRECTION('ref_axis',(0.,-0.500000000000003,-0.866025403784437));
#12681=DIRECTION('center_axis',(0.,0.207911690817771,0.978147600733803));
#12682=DIRECTION('ref_axis',(0.,0.978147600733803,-0.207911690817772));
#12683=DIRECTION('',(-1.,0.,0.));
#12684=DIRECTION('',(1.,0.,0.));
#12685=DIRECTION('center_axis',(0.,-0.743144825477386,0.669130606358867));
#12686=DIRECTION('ref_axis',(0.,0.669130606358867,0.743144825477386));
#12687=DIRECTION('',(-1.,0.,0.));
#12688=DIRECTION('center_axis',(0.,-0.951056516295154,-0.309016994374947));
#12689=DIRECTION('ref_axis',(0.,-0.309016994374947,0.951056516295154));
#12690=DIRECTION('',(-1.,0.,0.));
#12691=DIRECTION('center_axis',(0.,-0.207911690817763,-0.978147600733805));
#12692=DIRECTION('ref_axis',(0.,-0.978147600733805,0.207911690817763));
#12693=DIRECTION('',(-1.,0.,0.));
#12694=DIRECTION('center_axis',(0.,0.74314482547739,-0.669130606358863));
#12695=DIRECTION('ref_axis',(0.,-0.669130606358863,-0.74314482547739));
#12696=DIRECTION('',(-1.,0.,0.));
#12697=DIRECTION('center_axis',(0.,0.951056516295156,0.30901699437494));
#12698=DIRECTION('ref_axis',(0.,0.30901699437494,-0.951056516295156));
#12699=DIRECTION('center_axis',(0.,-0.587785252292465,0.809016994374954));
#12700=DIRECTION('ref_axis',(0.,0.809016994374953,0.587785252292465));
#12701=DIRECTION('',(-1.,0.,0.));
#12702=DIRECTION('center_axis',(0.,-0.994521895368273,-0.10452846326766));
#12703=DIRECTION('ref_axis',(0.,-0.10452846326766,0.994521895368273));
#12704=DIRECTION('',(-1.,0.,0.));
#12705=DIRECTION('center_axis',(0.,-0.406736643075805,-0.913545457642599));
#12706=DIRECTION('ref_axis',(0.,-0.913545457642599,0.406736643075805));
#12707=DIRECTION('center_axis',(0.,-0.994521895368273,0.10452846326766));
#12708=DIRECTION('ref_axis',(0.,0.10452846326766,0.994521895368273));
#12709=DIRECTION('',(-1.,0.,0.));
#12710=DIRECTION('center_axis',(0.,-0.587785252292476,-0.809016994374946));
#12711=DIRECTION('ref_axis',(0.,-0.809016994374946,0.587785252292476));
#12712=DIRECTION('',(-1.,0.,0.));
#12713=DIRECTION('center_axis',(0.,0.406736643075796,-0.913545457642603));
#12714=DIRECTION('ref_axis',(0.,-0.913545457642603,-0.406736643075796));
#12715=DIRECTION('center_axis',(0.,0.866025403784436,-0.500000000000005));
#12716=DIRECTION('ref_axis',(0.,-0.500000000000005,-0.866025403784436));
#12717=DIRECTION('',(1.,0.,0.));
#12718=DIRECTION('center_axis',(0.,-0.866025403784441,-0.499999999999996));
#12719=DIRECTION('ref_axis',(0.,-0.499999999999996,0.866025403784441));
#12720=DIRECTION('',(-1.,0.,0.));
#12721=DIRECTION('center_axis',(0.,0.,-1.));
#12722=DIRECTION('ref_axis',(0.,-1.,0.));
#12723=DIRECTION('center_axis',(0.,-0.951056516295153,0.309016994374949));
#12724=DIRECTION('ref_axis',(0.,0.309016994374949,0.951056516295153));
#12725=DIRECTION('',(-1.,0.,0.));
#12726=DIRECTION('center_axis',(0.,-0.743144825477393,-0.669130606358859));
#12727=DIRECTION('ref_axis',(0.,-0.669130606358859,0.743144825477393));
#12728=DIRECTION('',(-1.,0.,0.));
#12729=DIRECTION('center_axis',(0.,0.20791169081775,-0.978147600733808));
#12730=DIRECTION('ref_axis',(0.,-0.978147600733808,-0.20791169081775));
#12731=DIRECTION('center_axis',(0.,-0.406736643075793,0.913545457642604));
#12732=DIRECTION('ref_axis',(0.,0.913545457642604,0.406736643075793));
#12733=DIRECTION('',(-1.,0.,0.));
#12734=DIRECTION('center_axis',(0.,-0.994521895368274,0.104528463267645));
#12735=DIRECTION('ref_axis',(0.,0.104528463267645,0.994521895368274));
#12736=DIRECTION('',(-1.,0.,0.));
#12737=DIRECTION('center_axis',(0.,-0.587785252292479,-0.809016994374943));
#12738=DIRECTION('ref_axis',(0.,-0.809016994374943,0.587785252292479));
#12739=DIRECTION('center_axis',(0.,0.406736643075802,0.9135454576426));
#12740=DIRECTION('ref_axis',(0.,0.9135454576426,-0.406736643075802));
#12741=DIRECTION('',(-1.,0.,0.));
#12742=DIRECTION('',(1.,0.,0.));
#12743=DIRECTION('center_axis',(0.,-0.587785252292471,0.809016994374949));
#12744=DIRECTION('ref_axis',(0.,0.809016994374949,0.587785252292471));
#12745=DIRECTION('',(-1.,0.,0.));
#12746=DIRECTION('center_axis',(0.,-0.994521895368274,-0.104528463267652));
#12747=DIRECTION('ref_axis',(0.,-0.104528463267652,0.994521895368274));
#12748=DIRECTION('',(-1.,0.,0.));
#12749=DIRECTION('center_axis',(0.,-0.406736643075799,-0.913545457642602));
#12750=DIRECTION('ref_axis',(0.,-0.913545457642602,0.406736643075799));
#12751=DIRECTION('',(-1.,0.,0.));
#12752=DIRECTION('center_axis',(0.,0.587785252292471,-0.809016994374949));
#12753=DIRECTION('ref_axis',(0.,-0.809016994374949,-0.587785252292471));
#12754=DIRECTION('',(-1.,0.,0.));
#12755=DIRECTION('center_axis',(0.,0.994521895368274,0.104528463267645));
#12756=DIRECTION('ref_axis',(0.,0.104528463267645,-0.994521895368274));
#12757=DIRECTION('center_axis',(0.,0.951056516295156,0.30901699437494));
#12758=DIRECTION('ref_axis',(0.,0.30901699437494,-0.951056516295156));
#12759=DIRECTION('',(-1.,0.,0.));
#12760=DIRECTION('',(1.,0.,0.));
#12761=DIRECTION('center_axis',(0.,0.207911690817759,0.978147600733806));
#12762=DIRECTION('ref_axis',(0.,0.978147600733806,-0.207911690817759));
#12763=DIRECTION('',(-1.,0.,0.));
#12764=DIRECTION('center_axis',(0.,-0.743144825477391,0.669130606358862));
#12765=DIRECTION('ref_axis',(0.,0.669130606358862,0.743144825477391));
#12766=DIRECTION('',(-1.,0.,0.));
#12767=DIRECTION('center_axis',(0.,-0.951056516295153,-0.309016994374948));
#12768=DIRECTION('ref_axis',(0.,-0.309016994374948,0.951056516295153));
#12769=DIRECTION('',(-1.,0.,0.));
#12770=DIRECTION('center_axis',(0.,-0.207911690817763,-0.978147600733805));
#12771=DIRECTION('ref_axis',(0.,-0.978147600733805,0.207911690817763));
#12772=DIRECTION('',(-1.,0.,0.));
#12773=DIRECTION('center_axis',(0.,0.74314482547739,-0.669130606358863));
#12774=DIRECTION('ref_axis',(0.,-0.669130606358863,-0.74314482547739));
#12775=DIRECTION('center_axis',(0.,0.866025403784438,-0.500000000000002));
#12776=DIRECTION('ref_axis',(0.,-0.500000000000002,-0.866025403784438));
#12777=DIRECTION('',(-1.,0.,0.));
#12778=DIRECTION('',(1.,0.,0.));
#12779=DIRECTION('center_axis',(0.,0.866025403784439,0.499999999999999));
#12780=DIRECTION('ref_axis',(0.,0.499999999999999,-0.866025403784439));
#12781=DIRECTION('',(-1.,0.,0.));
#12782=DIRECTION('center_axis',(0.,1.51937792504381E-14,1.));
#12783=DIRECTION('ref_axis',(0.,1.,-1.51937792504381E-14));
#12784=DIRECTION('',(-1.,0.,0.));
#12785=DIRECTION('center_axis',(0.,-0.866025403784438,0.500000000000002));
#12786=DIRECTION('ref_axis',(0.,0.500000000000002,0.866025403784438));
#12787=DIRECTION('',(-1.,0.,0.));
#12788=DIRECTION('center_axis',(0.,-0.866025403784442,-0.499999999999993));
#12789=DIRECTION('ref_axis',(0.,-0.499999999999993,0.866025403784442));
#12790=DIRECTION('',(-1.,0.,0.));
#12791=DIRECTION('center_axis',(0.,-1.51937792504379E-14,-1.));
#12792=DIRECTION('ref_axis',(0.,-1.,1.51937792504379E-14));
#12793=DIRECTION('center_axis',(0.,0.207911690817747,-0.978147600733808));
#12794=DIRECTION('ref_axis',(0.,-0.978147600733808,-0.207911690817747));
#12795=DIRECTION('',(-1.,0.,0.));
#12796=DIRECTION('center_axis',(0.,0.951056516295155,-0.309016994374942));
#12797=DIRECTION('ref_axis',(0.,-0.309016994374942,-0.951056516295155));
#12798=DIRECTION('',(-1.,0.,0.));
#12799=DIRECTION('center_axis',(0.,0.743144825477401,0.669130606358851));
#12800=DIRECTION('ref_axis',(0.,0.669130606358851,-0.743144825477401));
#12801=DIRECTION('center_axis',(0.,-0.587785252292479,-0.809016994374943));
#12802=DIRECTION('ref_axis',(0.,-0.809016994374943,0.587785252292479));
#12803=DIRECTION('',(-1.,0.,0.));
#12804=DIRECTION('center_axis',(0.,0.406736643075793,-0.913545457642604));
#12805=DIRECTION('ref_axis',(0.,-0.913545457642604,-0.406736643075793));
#12806=DIRECTION('',(-1.,0.,0.));
#12807=DIRECTION('center_axis',(0.,0.994521895368273,-0.10452846326766));
#12808=DIRECTION('ref_axis',(0.,-0.10452846326766,-0.994521895368273));
#12809=DIRECTION('center_axis',(0.,-0.207911690817761,-0.978147600733805));
#12810=DIRECTION('ref_axis',(0.,-0.978147600733805,0.207911690817761));
#12811=DIRECTION('',(-1.,0.,0.));
#12812=DIRECTION('center_axis',(0.,0.743144825477394,-0.669130606358859));
#12813=DIRECTION('ref_axis',(0.,-0.669130606358859,-0.743144825477394));
#12814=DIRECTION('',(-1.,0.,0.));
#12815=DIRECTION('center_axis',(0.,0.951056516295155,0.309016994374942));
#12816=DIRECTION('ref_axis',(0.,0.309016994374942,-0.951056516295155));
#12817=DIRECTION('center_axis',(0.,0.587785252292471,-0.809016994374949));
#12818=DIRECTION('ref_axis',(0.,-0.809016994374949,-0.587785252292471));
#12819=DIRECTION('',(-1.,0.,0.));
#12820=DIRECTION('',(1.,0.,0.));
#12821=DIRECTION('center_axis',(0.,0.994521895368273,0.104528463267653));
#12822=DIRECTION('ref_axis',(0.,0.104528463267653,-0.994521895368273));
#12823=DIRECTION('',(-1.,0.,0.));
#12824=DIRECTION('center_axis',(0.,0.406736643075812,0.913545457642596));
#12825=DIRECTION('ref_axis',(0.,0.913545457642596,-0.406736643075812));
#12826=DIRECTION('',(-1.,0.,0.));
#12827=DIRECTION('center_axis',(0.,-0.587785252292472,0.809016994374948));
#12828=DIRECTION('ref_axis',(0.,0.809016994374948,0.587785252292472));
#12829=DIRECTION('',(-1.,0.,0.));
#12830=DIRECTION('center_axis',(0.,-0.994521895368273,-0.104528463267653));
#12831=DIRECTION('ref_axis',(0.,-0.104528463267653,0.994521895368273));
#12832=DIRECTION('',(-1.,0.,0.));
#12833=DIRECTION('center_axis',(0.,-0.406736643075802,-0.9135454576426));
#12834=DIRECTION('ref_axis',(0.,-0.9135454576426,0.406736643075802));
#12835=DIRECTION('center_axis',(0.,0.994521895368273,-0.10452846326766));
#12836=DIRECTION('ref_axis',(0.,-0.10452846326766,-0.994521895368273));
#12837=DIRECTION('',(-1.,0.,0.));
#12838=DIRECTION('',(1.,0.,0.));
#12839=DIRECTION('center_axis',(0.,0.587785252292467,0.809016994374952));
#12840=DIRECTION('ref_axis',(0.,0.809016994374952,-0.587785252292467));
#12841=DIRECTION('',(-1.,0.,0.));
#12842=DIRECTION('center_axis',(0.,-0.406736643075793,0.913545457642604));
#12843=DIRECTION('ref_axis',(0.,0.913545457642604,0.406736643075792));
#12844=DIRECTION('',(-1.,0.,0.));
#12845=DIRECTION('center_axis',(0.,-0.994521895368273,0.104528463267653));
#12846=DIRECTION('ref_axis',(0.,0.104528463267653,0.994521895368273));
#12847=DIRECTION('',(-1.,0.,0.));
#12848=DIRECTION('center_axis',(0.,-0.587785252292478,-0.809016994374944));
#12849=DIRECTION('ref_axis',(0.,-0.809016994374944,0.587785252292478));
#12850=DIRECTION('',(-1.,0.,0.));
#12851=DIRECTION('center_axis',(0.,0.406736643075799,-0.913545457642602));
#12852=DIRECTION('ref_axis',(0.,-0.913545457642602,-0.406736643075799));
#12853=DIRECTION('center_axis',(0.,0.7431448254774,0.669130606358851));
#12854=DIRECTION('ref_axis',(0.,0.669130606358851,-0.7431448254774));
#12855=DIRECTION('',(-1.,0.,0.));
#12856=DIRECTION('',(1.,0.,0.));
#12857=DIRECTION('center_axis',(0.,-0.207911690817763,0.978147600733805));
#12858=DIRECTION('ref_axis',(0.,0.978147600733805,0.207911690817763));
#12859=DIRECTION('',(-1.,0.,0.));
#12860=DIRECTION('center_axis',(0.,-0.951056516295153,0.309016994374949));
#12861=DIRECTION('ref_axis',(0.,0.309016994374949,0.951056516295153));
#12862=DIRECTION('',(-1.,0.,0.));
#12863=DIRECTION('center_axis',(0.,-0.743144825477397,-0.669130606358855));
#12864=DIRECTION('ref_axis',(0.,-0.669130606358855,0.743144825477397));
#12865=DIRECTION('',(-1.,0.,0.));
#12866=DIRECTION('center_axis',(0.,0.207911690817755,-0.978147600733806));
#12867=DIRECTION('ref_axis',(0.,-0.978147600733806,-0.207911690817755));
#12868=DIRECTION('',(-1.,0.,0.));
#12869=DIRECTION('center_axis',(0.,0.951056516295153,-0.309016994374949));
#12870=DIRECTION('ref_axis',(0.,-0.309016994374949,-0.951056516295153));
#12871=DIRECTION('center_axis',(0.,7.59688962521908E-15,1.));
#12872=DIRECTION('ref_axis',(0.,1.,-7.59688962521908E-15));
#12873=DIRECTION('',(-1.,0.,0.));
#12874=DIRECTION('',(1.,0.,0.));
#12875=DIRECTION('center_axis',(0.,-0.866025403784435,0.500000000000007));
#12876=DIRECTION('ref_axis',(0.,0.500000000000007,0.866025403784434));
#12877=DIRECTION('',(-1.,0.,0.));
#12878=DIRECTION('center_axis',(0.,-0.866025403784439,-0.499999999999999));
#12879=DIRECTION('ref_axis',(0.,-0.499999999999999,0.866025403784439));
#12880=DIRECTION('',(-1.,0.,0.));
#12881=DIRECTION('center_axis',(0.,-1.51937792504382E-14,-1.));
#12882=DIRECTION('ref_axis',(0.,-1.,1.51937792504382E-14));
#12883=DIRECTION('',(-1.,0.,0.));
#12884=DIRECTION('center_axis',(0.,0.866025403784435,-0.500000000000007));
#12885=DIRECTION('ref_axis',(0.,-0.500000000000007,-0.866025403784434));
#12886=DIRECTION('',(-1.,0.,0.));
#12887=DIRECTION('center_axis',(0.,0.866025403784441,0.499999999999996));
#12888=DIRECTION('ref_axis',(0.,0.499999999999996,-0.866025403784441));
#12889=DIRECTION('center_axis',(0.,-0.743144825477394,0.669130606358859));
#12890=DIRECTION('ref_axis',(0.,0.669130606358859,0.743144825477394));
#12891=DIRECTION('',(-1.,0.,0.));
#12892=DIRECTION('center_axis',(0.,-0.951056516295155,-0.309016994374942));
#12893=DIRECTION('ref_axis',(0.,-0.309016994374942,0.951056516295155));
#12894=DIRECTION('',(-1.,0.,0.));
#12895=DIRECTION('center_axis',(0.,-0.207911690817761,-0.978147600733805));
#12896=DIRECTION('ref_axis',(0.,-0.978147600733805,0.207911690817761));
#12897=DIRECTION('center_axis',(0.,-0.994521895368274,-0.104528463267645));
#12898=DIRECTION('ref_axis',(0.,-0.104528463267645,0.994521895368274));
#12899=DIRECTION('',(-1.,0.,0.));
#12900=DIRECTION('center_axis',(0.,-0.406736643075802,-0.9135454576426));
#12901=DIRECTION('ref_axis',(0.,-0.9135454576426,0.406736643075802));
#12902=DIRECTION('',(-1.,0.,0.));
#12903=DIRECTION('center_axis',(0.,0.587785252292467,-0.809016994374952));
#12904=DIRECTION('ref_axis',(0.,-0.809016994374952,-0.587785252292467));
#12905=DIRECTION('center_axis',(0.,-0.951056516295155,-0.309016994374942));
#12906=DIRECTION('ref_axis',(0.,-0.309016994374942,0.951056516295155));
#12907=DIRECTION('',(-1.,0.,0.));
#12908=DIRECTION('center_axis',(0.,-0.207911690817761,-0.978147600733805));
#12909=DIRECTION('ref_axis',(0.,-0.978147600733805,0.207911690817761));
#12910=DIRECTION('',(-1.,0.,0.));
#12911=DIRECTION('center_axis',(0.,0.743144825477388,-0.669130606358865));
#12912=DIRECTION('ref_axis',(0.,-0.669130606358865,-0.743144825477388));
#12913=DIRECTION('center_axis',(0.,-0.866025403784435,0.500000000000007));
#12914=DIRECTION('ref_axis',(0.,0.500000000000007,0.866025403784434));
#12915=DIRECTION('',(-1.,0.,0.));
#12916=DIRECTION('center_axis',(0.,-0.866025403784431,-0.500000000000014));
#12917=DIRECTION('ref_axis',(0.,-0.500000000000014,0.866025403784431));
#12918=DIRECTION('',(-1.,0.,0.));
#12919=DIRECTION('center_axis',(0.,-7.59688962521908E-15,-1.));
#12920=DIRECTION('ref_axis',(0.,-1.,7.59688962521908E-15));
#12921=DIRECTION('center_axis',(0.,-0.207911690817747,0.978147600733808));
#12922=DIRECTION('ref_axis',(0.,0.978147600733808,0.207911690817747));
#12923=DIRECTION('',(-1.,0.,0.));
#12924=DIRECTION('',(1.,0.,0.));
#12925=DIRECTION('center_axis',(0.,-0.951056516295156,0.30901699437494));
#12926=DIRECTION('ref_axis',(0.,0.30901699437494,0.951056516295156));
#12927=DIRECTION('',(-1.,0.,0.));
#12928=DIRECTION('center_axis',(0.,-0.743144825477394,-0.669130606358859));
#12929=DIRECTION('ref_axis',(0.,-0.669130606358859,0.743144825477394));
#12930=DIRECTION('',(-1.,0.,0.));
#12931=DIRECTION('center_axis',(0.,0.20791169081775,-0.978147600733808));
#12932=DIRECTION('ref_axis',(0.,-0.978147600733808,-0.20791169081775));
#12933=DIRECTION('',(-1.,0.,0.));
#12934=DIRECTION('center_axis',(0.,0.951056516295152,-0.309016994374953));
#12935=DIRECTION('ref_axis',(0.,-0.309016994374953,-0.951056516295152));
#12936=DIRECTION('',(-1.,0.,0.));
#12937=DIRECTION('center_axis',(0.,0.743144825477394,0.669130606358859));
#12938=DIRECTION('ref_axis',(0.,0.669130606358859,-0.743144825477394));
#12939=DIRECTION('center_axis',(0.,0.587785252292472,0.809016994374948));
#12940=DIRECTION('ref_axis',(0.,0.809016994374948,-0.587785252292472));
#12941=DIRECTION('',(-1.,0.,0.));
#12942=DIRECTION('',(1.,0.,0.));
#12943=DIRECTION('center_axis',(0.,-0.406736643075796,0.913545457642603));
#12944=DIRECTION('ref_axis',(0.,0.913545457642603,0.406736643075796));
#12945=DIRECTION('',(-1.,0.,0.));
#12946=DIRECTION('center_axis',(0.,-0.994521895368273,0.104528463267653));
#12947=DIRECTION('ref_axis',(0.,0.104528463267653,0.994521895368273));
#12948=DIRECTION('',(-1.,0.,0.));
#12949=DIRECTION('center_axis',(0.,-0.587785252292476,-0.809016994374946));
#12950=DIRECTION('ref_axis',(0.,-0.809016994374946,0.587785252292476));
#12951=DIRECTION('',(-1.,0.,0.));
#12952=DIRECTION('center_axis',(0.,0.406736643075796,-0.913545457642603));
#12953=DIRECTION('ref_axis',(0.,-0.913545457642603,-0.406736643075796));
#12954=DIRECTION('',(-1.,0.,0.));
#12955=DIRECTION('center_axis',(0.,0.994521895368273,-0.10452846326766));
#12956=DIRECTION('ref_axis',(0.,-0.10452846326766,-0.994521895368273));
#12957=DIRECTION('center_axis',(0.,0.994521895368274,0.104528463267645));
#12958=DIRECTION('ref_axis',(0.,0.104528463267645,-0.994521895368274));
#12959=DIRECTION('',(-1.,0.,0.));
#12960=DIRECTION('',(1.,0.,0.));
#12961=DIRECTION('center_axis',(0.,0.406736643075802,0.9135454576426));
#12962=DIRECTION('ref_axis',(0.,0.9135454576426,-0.406736643075802));
#12963=DIRECTION('',(-1.,0.,0.));
#12964=DIRECTION('center_axis',(0.,-0.587785252292467,0.809016994374952));
#12965=DIRECTION('ref_axis',(0.,0.809016994374952,0.587785252292467));
#12966=DIRECTION('',(-1.,0.,0.));
#12967=DIRECTION('center_axis',(0.,-0.994521895368274,-0.104528463267652));
#12968=DIRECTION('ref_axis',(0.,-0.104528463267652,0.994521895368274));
#12969=DIRECTION('',(-1.,0.,0.));
#12970=DIRECTION('center_axis',(0.,-0.406736643075808,-0.913545457642597));
#12971=DIRECTION('ref_axis',(0.,-0.913545457642597,0.406736643075808));
#12972=DIRECTION('',(-1.,0.,0.));
#12973=DIRECTION('center_axis',(0.,0.58778525229247,-0.80901699437495));
#12974=DIRECTION('ref_axis',(0.,-0.80901699437495,-0.587785252292469));
#12975=DIRECTION('center_axis',(0.,0.74314482547739,-0.669130606358863));
#12976=DIRECTION('ref_axis',(0.,-0.669130606358863,-0.74314482547739));
#12977=DIRECTION('',(-1.,0.,0.));
#12978=DIRECTION('',(1.,0.,0.));
#12979=DIRECTION('center_axis',(0.,0.951056516295151,0.309016994374956));
#12980=DIRECTION('ref_axis',(0.,0.309016994374956,-0.951056516295151));
#12981=DIRECTION('',(-1.,0.,0.));
#12982=DIRECTION('center_axis',(0.,0.207911690817771,0.978147600733803));
#12983=DIRECTION('ref_axis',(0.,0.978147600733803,-0.207911690817772));
#12984=DIRECTION('',(-1.,0.,0.));
#12985=DIRECTION('center_axis',(0.,-0.743144825477397,0.669130606358855));
#12986=DIRECTION('ref_axis',(0.,0.669130606358855,0.743144825477397));
#12987=DIRECTION('',(-1.,0.,0.));
#12988=DIRECTION('center_axis',(0.,-0.951056516295155,-0.309016994374942));
#12989=DIRECTION('ref_axis',(0.,-0.309016994374942,0.951056516295155));
#12990=DIRECTION('',(-1.,0.,0.));
#12991=DIRECTION('center_axis',(0.,-0.207911690817763,-0.978147600733805));
#12992=DIRECTION('ref_axis',(0.,-0.978147600733805,0.207911690817763));
#12993=DIRECTION('center_axis',(0.,-1.51937792504381E-14,-1.));
#12994=DIRECTION('ref_axis',(0.,-1.,1.51937792504381E-14));
#12995=DIRECTION('',(-1.,0.,0.));
#12996=DIRECTION('center_axis',(0.,0.866025403784441,-0.499999999999996));
#12997=DIRECTION('ref_axis',(0.,-0.499999999999996,-0.866025403784441));
#12998=DIRECTION('',(-1.,0.,0.));
#12999=DIRECTION('center_axis',(0.,0.866025403784444,0.49999999999999));
#13000=DIRECTION('ref_axis',(0.,0.49999999999999,-0.866025403784444));
#13001=DIRECTION('center_axis',(0.,-0.743144825477399,-0.669130606358853));
#13002=DIRECTION('ref_axis',(0.,-0.669130606358853,0.743144825477399));
#13003=DIRECTION('',(-1.,0.,0.));
#13004=DIRECTION('center_axis',(0.,0.207911690817759,-0.978147600733806));
#13005=DIRECTION('ref_axis',(0.,-0.978147600733806,-0.207911690817759));
#13006=DIRECTION('',(-1.,0.,0.));
#13007=DIRECTION('center_axis',(0.,0.951056516295151,-0.309016994374956));
#13008=DIRECTION('ref_axis',(0.,-0.309016994374956,-0.951056516295151));
#13009=DIRECTION('center_axis',(-1.11022302462516E-16,-0.5,-0.866025403784439));
#13010=DIRECTION('ref_axis',(-1.92296268638356E-16,-0.866025403784439,0.5));
#13011=DIRECTION('',(-1.,2.22044604925031E-16,0.));
#13012=DIRECTION('center_axis',(-1.,2.22044604925031E-16,0.));
#13013=DIRECTION('ref_axis',(2.22044604925031E-16,1.,0.));
#13014=DIRECTION('',(1.,0.,0.));
#13015=DIRECTION('',(-1.,2.22044604925031E-16,0.));
#13016=DIRECTION('center_axis',(-1.,2.22044604925031E-16,0.));
#13017=DIRECTION('ref_axis',(5.41942650162049E-18,0.0244069271732598,0.999702106582736));
#13018=DIRECTION('',(-1.,2.22044604925031E-16,0.));
#13019=DIRECTION('center_axis',(-1.11022302462516E-16,-0.5,0.866025403784439));
#13020=DIRECTION('ref_axis',(1.92296268638356E-16,0.866025403784439,0.5));
#13021=DIRECTION('center_axis',(-1.,2.22044604925031E-16,0.));
#13022=DIRECTION('ref_axis',(-5.41942650162049E-18,-0.0244069271732599,
0.999702106582736));
#13023=DIRECTION('center_axis',(-1.,2.22044604925031E-16,0.));
#13024=DIRECTION('ref_axis',(1.94948698096575E-16,0.877970884104097,-0.478714034331008));
#13025=DIRECTION('',(-1.,2.22044604925031E-16,0.));
#13026=DIRECTION('center_axis',(-1.,2.22044604925031E-16,0.));
#13027=DIRECTION('ref_axis',(-1.92296268638356E-16,-0.866025403784439,0.5));
#13028=DIRECTION('',(1.,-2.22044604925031E-16,0.));
#13029=DIRECTION('center_axis',(-1.,2.22044604925031E-16,0.));
#13030=DIRECTION('ref_axis',(1.89529271594954E-16,0.853563956930837,-0.520988072251729));
#13031=DIRECTION('center_axis',(-1.,2.22044604925031E-16,0.));
#13032=DIRECTION('ref_axis',(-1.94948698096575E-16,-0.877970884104097,-0.478714034331008));
#13033=DIRECTION('',(1.,-2.22044604925031E-16,0.));
#13034=DIRECTION('center_axis',(-1.,2.22044604925031E-16,0.));
#13035=DIRECTION('ref_axis',(-1.89529271594954E-16,-0.853563956930837,-0.520988072251729));
#13036=DIRECTION('',(-1.,2.22044604925031E-16,0.));
#13037=DIRECTION('center_axis',(-1.,2.22044604925031E-16,0.));
#13038=DIRECTION('ref_axis',(2.22044604925031E-16,1.,0.));
#13039=DIRECTION('',(-1.5265566588606E-16,-8.67361738010186E-19,1.));
#13040=DIRECTION('',(1.,6.93889390390655E-17,-1.38777878078145E-17));
#13041=DIRECTION('',(0.,3.65251311694404E-31,1.));
#13042=DIRECTION('',(1.,0.,0.));
#13043=DIRECTION('',(2.11300677204102E-14,1.,-2.51791643091082E-13));
#13044=DIRECTION('',(4.34911578913212E-16,-2.52266957323499E-13,-1.));
#13045=DIRECTION('',(-6.16297582203915E-33,0.,1.));
#13046=DIRECTION('',(1.,-4.1412800339788E-33,0.));
#13047=DIRECTION('',(-6.16297582203915E-33,0.,1.));
#13048=DIRECTION('',(1.,-4.1412800339788E-33,0.));
#13049=DIRECTION('',(-4.35852254283416E-17,-7.2129155225381E-15,1.));
#13050=DIRECTION('',(-1.,-1.11022302462512E-16,-1.22464658788743E-16));
#13051=CARTESIAN_POINT('',(0.,0.,0.));
#13052=CARTESIAN_POINT('',(0.,0.,0.));
#13053=CARTESIAN_POINT('',(0.,0.,0.));
#13054=CARTESIAN_POINT('',(0.,0.,0.));
#13055=CARTESIAN_POINT('',(0.,0.,0.));
#13056=CARTESIAN_POINT('',(0.,0.,0.));
#13057=CARTESIAN_POINT('',(0.,0.,0.));
#13058=CARTESIAN_POINT('Origin',(34.,332.597952165355,49.5102925060488));
#13059=CARTESIAN_POINT('',(29.,329.897952165355,49.5102925060488));
#13060=CARTESIAN_POINT('Origin',(29.,332.597952165355,49.5102925060488));
#13061=CARTESIAN_POINT('',(34.,329.897952165355,49.5102925060488));
#13062=CARTESIAN_POINT('',(34.,329.897952165355,49.5102925060488));
#13063=CARTESIAN_POINT('Origin',(34.,332.597952165355,49.5102925060488));
#13064=CARTESIAN_POINT('Origin',(34.,332.11515587411,54.1037923780956));
#13065=CARTESIAN_POINT('',(34.,336.334641601205,52.2251562951428));
#13066=CARTESIAN_POINT('',(34.,332.11515587411,54.1037923780956));
#13067=CARTESIAN_POINT('',(34.,336.334641601205,52.2251562951428));
#13068=CARTESIAN_POINT('',(29.,336.334641601205,52.2251562951428));
#13069=CARTESIAN_POINT('',(34.,336.334641601205,52.2251562951428));
#13070=CARTESIAN_POINT('',(29.,332.11515587411,54.1037923780956));
#13071=CARTESIAN_POINT('',(29.,336.334641601205,52.2251562951428));
#13072=CARTESIAN_POINT('',(34.,332.11515587411,54.1037923780956));
#13073=CARTESIAN_POINT('Origin',(34.,328.378466438259,51.3889285890016));
#13074=CARTESIAN_POINT('',(34.,328.378466438259,51.3889285890016));
#13075=CARTESIAN_POINT('',(34.,332.11515587411,54.1037923780956));
#13076=CARTESIAN_POINT('',(29.,328.378466438259,51.3889285890016));
#13077=CARTESIAN_POINT('',(29.,332.11515587411,54.1037923780956));
#13078=CARTESIAN_POINT('',(34.,328.378466438259,51.3889285890016));
#13079=CARTESIAN_POINT('Origin',(34.,328.861262729504,46.7954287169547));
#13080=CARTESIAN_POINT('',(34.,328.861262729504,46.7954287169547));
#13081=CARTESIAN_POINT('',(34.,328.378466438259,51.3889285890016));
#13082=CARTESIAN_POINT('',(29.,328.861262729504,46.7954287169547));
#13083=CARTESIAN_POINT('',(29.,328.378466438259,51.3889285890016));
#13084=CARTESIAN_POINT('',(34.,328.861262729504,46.7954287169547));
#13085=CARTESIAN_POINT('Origin',(34.,333.080748456599,44.9167926340019));
#13086=CARTESIAN_POINT('',(34.,333.080748456599,44.9167926340019));
#13087=CARTESIAN_POINT('',(34.,328.861262729504,46.7954287169547));
#13088=CARTESIAN_POINT('',(29.,333.080748456599,44.9167926340019));
#13089=CARTESIAN_POINT('',(29.,328.861262729504,46.7954287169547));
#13090=CARTESIAN_POINT('',(34.,333.080748456599,44.9167926340019));
#13091=CARTESIAN_POINT('Origin',(34.,336.81743789245,47.6316564230959));
#13092=CARTESIAN_POINT('',(34.,336.81743789245,47.6316564230959));
#13093=CARTESIAN_POINT('',(34.,333.080748456599,44.9167926340019));
#13094=CARTESIAN_POINT('',(29.,336.81743789245,47.6316564230959));
#13095=CARTESIAN_POINT('',(29.,333.080748456599,44.9167926340019));
#13096=CARTESIAN_POINT('',(34.,336.81743789245,47.6316564230959));
#13097=CARTESIAN_POINT('Origin',(34.,336.334641601205,52.2251562951428));
#13098=CARTESIAN_POINT('',(34.,336.81743789245,47.6316564230959));
#13099=CARTESIAN_POINT('',(29.,336.81743789245,47.6316564230959));
#13100=CARTESIAN_POINT('Origin',(34.,332.597952165355,49.5102925060488));
#13101=CARTESIAN_POINT('Origin',(29.,332.597952165355,49.5102925060488));
#13102=CARTESIAN_POINT('Origin',(34.,318.772213321356,6.95904367659029));
#13103=CARTESIAN_POINT('',(29.,316.072213321356,6.95904367659029));
#13104=CARTESIAN_POINT('Origin',(29.,318.772213321356,6.95904367659029));
#13105=CARTESIAN_POINT('',(34.,316.072213321356,6.95904367659029));
#13106=CARTESIAN_POINT('',(34.,316.072213321356,6.95904367659029));
#13107=CARTESIAN_POINT('Origin',(34.,318.772213321356,6.95904367659029));
#13108=CARTESIAN_POINT('Origin',(34.,321.862795206991,10.3914825968803));
#13109=CARTESIAN_POINT('',(34.,323.290083566083,5.99874071129985));
#13110=CARTESIAN_POINT('',(34.,321.862795206991,10.3914825968803));
#13111=CARTESIAN_POINT('',(34.,323.290083566083,5.99874071129985));
#13112=CARTESIAN_POINT('',(29.,323.290083566083,5.99874071129985));
#13113=CARTESIAN_POINT('',(34.,323.290083566083,5.99874071129985));
#13114=CARTESIAN_POINT('',(29.,321.862795206991,10.3914825968803));
#13115=CARTESIAN_POINT('',(29.,323.290083566083,5.99874071129985));
#13116=CARTESIAN_POINT('',(34.,321.862795206991,10.3914825968803));
#13117=CARTESIAN_POINT('Origin',(34.,317.344924962264,11.3517855621707));
#13118=CARTESIAN_POINT('',(34.,317.344924962264,11.3517855621707));
#13119=CARTESIAN_POINT('',(34.,321.862795206991,10.3914825968803));
#13120=CARTESIAN_POINT('',(29.,317.344924962264,11.3517855621707));
#13121=CARTESIAN_POINT('',(29.,321.862795206991,10.3914825968803));
#13122=CARTESIAN_POINT('',(34.,317.344924962264,11.3517855621707));
#13123=CARTESIAN_POINT('Origin',(34.,314.25434307663,7.91934664188073));
#13124=CARTESIAN_POINT('',(34.,314.25434307663,7.91934664188073));
#13125=CARTESIAN_POINT('',(34.,317.344924962264,11.3517855621707));
#13126=CARTESIAN_POINT('',(29.,314.25434307663,7.91934664188073));
#13127=CARTESIAN_POINT('',(29.,317.344924962264,11.3517855621707));
#13128=CARTESIAN_POINT('',(34.,314.25434307663,7.91934664188073));
#13129=CARTESIAN_POINT('Origin',(34.,315.681631435722,3.52660475630028));
#13130=CARTESIAN_POINT('',(34.,315.681631435722,3.52660475630028));
#13131=CARTESIAN_POINT('',(34.,314.25434307663,7.91934664188073));
#13132=CARTESIAN_POINT('',(29.,315.681631435722,3.52660475630028));
#13133=CARTESIAN_POINT('',(29.,314.25434307663,7.91934664188073));
#13134=CARTESIAN_POINT('',(34.,315.681631435722,3.52660475630028));
#13135=CARTESIAN_POINT('Origin',(34.,320.199501680449,2.56630179100984));
#13136=CARTESIAN_POINT('',(34.,320.199501680449,2.56630179100984));
#13137=CARTESIAN_POINT('',(34.,315.681631435722,3.52660475630028));
#13138=CARTESIAN_POINT('',(29.,320.199501680449,2.56630179100984));
#13139=CARTESIAN_POINT('',(29.,315.681631435722,3.52660475630028));
#13140=CARTESIAN_POINT('',(34.,320.199501680449,2.56630179100984));
#13141=CARTESIAN_POINT('Origin',(34.,323.290083566083,5.99874071129985));
#13142=CARTESIAN_POINT('',(34.,320.199501680449,2.56630179100984));
#13143=CARTESIAN_POINT('',(29.,320.199501680449,2.56630179100984));
#13144=CARTESIAN_POINT('Origin',(34.,318.772213321356,6.95904367659029));
#13145=CARTESIAN_POINT('Origin',(29.,318.772213321356,6.95904367659029));
#13146=CARTESIAN_POINT('Origin',(34.,277.8992479201,-11.2387729736728));
#13147=CARTESIAN_POINT('',(29.,275.1992479201,-11.2387729736728));
#13148=CARTESIAN_POINT('Origin',(29.,277.8992479201,-11.2387729736728));
#13149=CARTESIAN_POINT('',(34.,275.1992479201,-11.2387729736728));
#13150=CARTESIAN_POINT('',(34.,275.1992479201,-11.2387729736728));
#13151=CARTESIAN_POINT('Origin',(34.,277.8992479201,-11.2387729736728));
#13152=CARTESIAN_POINT('Origin',(34.,282.518050073617,-11.2387729736729));
#13153=CARTESIAN_POINT('',(34.,280.208648996858,-15.2387729736728));
#13154=CARTESIAN_POINT('',(34.,282.518050073617,-11.2387729736729));
#13155=CARTESIAN_POINT('',(34.,280.208648996858,-15.2387729736728));
#13156=CARTESIAN_POINT('',(29.,280.208648996858,-15.2387729736728));
#13157=CARTESIAN_POINT('',(34.,280.208648996858,-15.2387729736728));
#13158=CARTESIAN_POINT('',(29.,282.518050073617,-11.2387729736729));
#13159=CARTESIAN_POINT('',(29.,280.208648996858,-15.2387729736728));
#13160=CARTESIAN_POINT('',(34.,282.518050073617,-11.2387729736729));
#13161=CARTESIAN_POINT('Origin',(34.,280.208648996858,-7.23877297367284));
#13162=CARTESIAN_POINT('',(34.,280.208648996858,-7.23877297367284));
#13163=CARTESIAN_POINT('',(34.,282.518050073617,-11.2387729736729));
#13164=CARTESIAN_POINT('',(29.,280.208648996858,-7.23877297367284));
#13165=CARTESIAN_POINT('',(29.,282.518050073617,-11.2387729736729));
#13166=CARTESIAN_POINT('',(34.,280.208648996858,-7.23877297367284));
#13167=CARTESIAN_POINT('Origin',(34.,275.589846843341,-7.23877297367284));
#13168=CARTESIAN_POINT('',(34.,275.589846843341,-7.23877297367284));
#13169=CARTESIAN_POINT('',(34.,280.208648996858,-7.23877297367284));
#13170=CARTESIAN_POINT('',(29.,275.589846843341,-7.23877297367284));
#13171=CARTESIAN_POINT('',(29.,280.208648996858,-7.23877297367284));
#13172=CARTESIAN_POINT('',(34.,275.589846843341,-7.23877297367284));
#13173=CARTESIAN_POINT('Origin',(34.,273.280445766583,-11.2387729736728));
#13174=CARTESIAN_POINT('',(34.,273.280445766583,-11.2387729736728));
#13175=CARTESIAN_POINT('',(34.,275.589846843341,-7.23877297367284));
#13176=CARTESIAN_POINT('',(29.,273.280445766583,-11.2387729736728));
#13177=CARTESIAN_POINT('',(29.,275.589846843341,-7.23877297367284));
#13178=CARTESIAN_POINT('',(34.,273.280445766583,-11.2387729736728));
#13179=CARTESIAN_POINT('Origin',(34.,275.589846843341,-15.2387729736728));
#13180=CARTESIAN_POINT('',(34.,275.589846843341,-15.2387729736728));
#13181=CARTESIAN_POINT('',(34.,273.280445766583,-11.2387729736728));
#13182=CARTESIAN_POINT('',(29.,275.589846843341,-15.2387729736728));
#13183=CARTESIAN_POINT('',(29.,273.280445766583,-11.2387729736728));
#13184=CARTESIAN_POINT('',(34.,275.589846843341,-15.2387729736728));
#13185=CARTESIAN_POINT('Origin',(34.,280.208648996858,-15.2387729736728));
#13186=CARTESIAN_POINT('',(34.,275.589846843341,-15.2387729736728));
#13187=CARTESIAN_POINT('',(29.,275.589846843341,-15.2387729736728));
#13188=CARTESIAN_POINT('Origin',(34.,277.8992479201,-11.2387729736728));
#13189=CARTESIAN_POINT('Origin',(29.,277.8992479201,-11.2387729736728));
#13190=CARTESIAN_POINT('Origin',(34.,237.026282518842,6.95904367658981));
#13191=CARTESIAN_POINT('',(29.,234.326282518843,6.95904367658981));
#13192=CARTESIAN_POINT('Origin',(29.,237.026282518842,6.95904367658981));
#13193=CARTESIAN_POINT('',(34.,234.326282518843,6.95904367658981));
#13194=CARTESIAN_POINT('',(34.,234.326282518843,6.95904367658981));
#13195=CARTESIAN_POINT('Origin',(34.,237.026282518842,6.95904367658981));
#13196=CARTESIAN_POINT('Origin',(34.,240.116864404477,3.52660475629976));
#13197=CARTESIAN_POINT('',(34.,235.59899415975,2.56630179100938));
#13198=CARTESIAN_POINT('',(34.,240.116864404477,3.52660475629976));
#13199=CARTESIAN_POINT('',(34.,235.59899415975,2.56630179100938));
#13200=CARTESIAN_POINT('',(29.,235.59899415975,2.56630179100938));
#13201=CARTESIAN_POINT('',(34.,235.59899415975,2.56630179100938));
#13202=CARTESIAN_POINT('',(29.,240.116864404477,3.52660475629976));
#13203=CARTESIAN_POINT('',(29.,235.59899415975,2.56630179100938));
#13204=CARTESIAN_POINT('',(34.,240.116864404477,3.52660475629976));
#13205=CARTESIAN_POINT('Origin',(34.,241.544152763569,7.91934664188021));
#13206=CARTESIAN_POINT('',(34.,241.544152763569,7.91934664188021));
#13207=CARTESIAN_POINT('',(34.,240.116864404477,3.52660475629976));
#13208=CARTESIAN_POINT('',(29.,241.544152763569,7.91934664188021));
#13209=CARTESIAN_POINT('',(29.,240.116864404477,3.52660475629976));
#13210=CARTESIAN_POINT('',(34.,241.544152763569,7.91934664188021));
#13211=CARTESIAN_POINT('Origin',(34.,238.453570877935,11.3517855621702));
#13212=CARTESIAN_POINT('',(34.,238.453570877935,11.3517855621702));
#13213=CARTESIAN_POINT('',(34.,241.544152763569,7.91934664188021));
#13214=CARTESIAN_POINT('',(29.,238.453570877935,11.3517855621702));
#13215=CARTESIAN_POINT('',(29.,241.544152763569,7.91934664188021));
#13216=CARTESIAN_POINT('',(34.,238.453570877935,11.3517855621702));
#13217=CARTESIAN_POINT('Origin',(34.,233.935700633208,10.3914825968798));
#13218=CARTESIAN_POINT('',(34.,233.935700633208,10.3914825968798));
#13219=CARTESIAN_POINT('',(34.,238.453570877935,11.3517855621702));
#13220=CARTESIAN_POINT('',(29.,233.935700633208,10.3914825968798));
#13221=CARTESIAN_POINT('',(29.,238.453570877935,11.3517855621702));
#13222=CARTESIAN_POINT('',(34.,233.935700633208,10.3914825968798));
#13223=CARTESIAN_POINT('Origin',(34.,232.508412274116,5.99874071129943));
#13224=CARTESIAN_POINT('',(34.,232.508412274116,5.99874071129943));
#13225=CARTESIAN_POINT('',(34.,233.935700633208,10.3914825968798));
#13226=CARTESIAN_POINT('',(29.,232.508412274116,5.99874071129943));
#13227=CARTESIAN_POINT('',(29.,233.935700633208,10.3914825968798));
#13228=CARTESIAN_POINT('',(34.,232.508412274116,5.99874071129943));
#13229=CARTESIAN_POINT('Origin',(34.,235.59899415975,2.56630179100938));
#13230=CARTESIAN_POINT('',(34.,232.508412274116,5.99874071129943));
#13231=CARTESIAN_POINT('',(29.,232.508412274116,5.99874071129943));
#13232=CARTESIAN_POINT('Origin',(34.,237.026282518842,6.9590436765898));
#13233=CARTESIAN_POINT('Origin',(29.,237.026282518842,6.9590436765898));
#13234=CARTESIAN_POINT('Origin',(34.,223.200543674844,49.5102925060481));
#13235=CARTESIAN_POINT('',(29.,220.500543674844,49.5102925060481));
#13236=CARTESIAN_POINT('Origin',(29.,223.200543674844,49.5102925060481));
#13237=CARTESIAN_POINT('',(34.,220.500543674844,49.5102925060481));
#13238=CARTESIAN_POINT('',(34.,220.500543674844,49.5102925060481));
#13239=CARTESIAN_POINT('Origin',(34.,223.200543674844,49.5102925060481));
#13240=CARTESIAN_POINT('Origin',(34.,222.717747383599,44.9167926340013));
#13241=CARTESIAN_POINT('',(34.,218.981057947748,47.6316564230953));
#13242=CARTESIAN_POINT('',(34.,222.717747383599,44.9167926340013));
#13243=CARTESIAN_POINT('',(34.,218.981057947748,47.6316564230953));
#13244=CARTESIAN_POINT('',(29.,218.981057947748,47.6316564230953));
#13245=CARTESIAN_POINT('',(34.,218.981057947748,47.6316564230953));
#13246=CARTESIAN_POINT('',(29.,222.717747383599,44.9167926340013));
#13247=CARTESIAN_POINT('',(29.,218.981057947748,47.6316564230953));
#13248=CARTESIAN_POINT('',(34.,222.717747383599,44.9167926340013));
#13249=CARTESIAN_POINT('Origin',(34.,226.937233110695,46.7954287169541));
#13250=CARTESIAN_POINT('',(34.,226.937233110695,46.7954287169541));
#13251=CARTESIAN_POINT('',(34.,222.717747383599,44.9167926340013));
#13252=CARTESIAN_POINT('',(29.,226.937233110695,46.7954287169541));
#13253=CARTESIAN_POINT('',(29.,222.717747383599,44.9167926340013));
#13254=CARTESIAN_POINT('',(34.,226.937233110695,46.7954287169541));
#13255=CARTESIAN_POINT('Origin',(34.,227.420029401939,51.3889285890009));
#13256=CARTESIAN_POINT('',(34.,227.420029401939,51.3889285890009));
#13257=CARTESIAN_POINT('',(34.,226.937233110695,46.7954287169541));
#13258=CARTESIAN_POINT('',(29.,227.420029401939,51.3889285890009));
#13259=CARTESIAN_POINT('',(29.,226.937233110695,46.7954287169541));
#13260=CARTESIAN_POINT('',(34.,227.420029401939,51.3889285890009));
#13261=CARTESIAN_POINT('Origin',(34.,223.683339966088,54.1037923780949));
#13262=CARTESIAN_POINT('',(34.,223.683339966088,54.1037923780949));
#13263=CARTESIAN_POINT('',(34.,227.420029401939,51.3889285890009));
#13264=CARTESIAN_POINT('',(29.,223.683339966088,54.1037923780949));
#13265=CARTESIAN_POINT('',(29.,227.420029401939,51.3889285890009));
#13266=CARTESIAN_POINT('',(34.,223.683339966088,54.1037923780949));
#13267=CARTESIAN_POINT('Origin',(34.,219.463854238993,52.2251562951422));
#13268=CARTESIAN_POINT('',(34.,219.463854238993,52.2251562951422));
#13269=CARTESIAN_POINT('',(34.,223.683339966088,54.1037923780949));
#13270=CARTESIAN_POINT('',(29.,219.463854238993,52.2251562951422));
#13271=CARTESIAN_POINT('',(29.,223.683339966088,54.1037923780949));
#13272=CARTESIAN_POINT('',(34.,219.463854238993,52.2251562951422));
#13273=CARTESIAN_POINT('Origin',(34.,218.981057947748,47.6316564230953));
#13274=CARTESIAN_POINT('',(34.,219.463854238993,52.2251562951422));
#13275=CARTESIAN_POINT('',(29.,219.463854238993,52.2251562951422));
#13276=CARTESIAN_POINT('Origin',(34.,223.200543674844,49.5102925060481));
#13277=CARTESIAN_POINT('Origin',(29.,223.200543674844,49.5102925060481));
#13278=CARTESIAN_POINT('Origin',(34.,318.772213321356,80.5634103760652));
#13279=CARTESIAN_POINT('',(29.,316.072213321356,80.5634103760652));
#13280=CARTESIAN_POINT('Origin',(29.,318.772213321356,80.5634103760652));
#13281=CARTESIAN_POINT('',(34.,316.072213321356,80.5634103760652));
#13282=CARTESIAN_POINT('',(34.,316.072213321356,80.5634103760652));
#13283=CARTESIAN_POINT('Origin',(34.,318.772213321356,80.5634103760652));
#13284=CARTESIAN_POINT('Origin',(34.,315.681631435722,83.9958492963552));
#13285=CARTESIAN_POINT('',(34.,320.199501680448,84.9561522616456));
#13286=CARTESIAN_POINT('',(34.,315.681631435722,83.9958492963552));
#13287=CARTESIAN_POINT('',(34.,320.199501680448,84.9561522616456));
#13288=CARTESIAN_POINT('',(29.,320.199501680448,84.9561522616456));
#13289=CARTESIAN_POINT('',(34.,320.199501680448,84.9561522616456));
#13290=CARTESIAN_POINT('',(29.,315.681631435722,83.9958492963552));
#13291=CARTESIAN_POINT('',(29.,320.199501680448,84.9561522616456));
#13292=CARTESIAN_POINT('',(34.,315.681631435722,83.9958492963552));
#13293=CARTESIAN_POINT('Origin',(34.,314.254343076629,79.6031074107748));
#13294=CARTESIAN_POINT('',(34.,314.254343076629,79.6031074107748));
#13295=CARTESIAN_POINT('',(34.,315.681631435722,83.9958492963552));
#13296=CARTESIAN_POINT('',(29.,314.254343076629,79.6031074107748));
#13297=CARTESIAN_POINT('',(29.,315.681631435722,83.9958492963552));
#13298=CARTESIAN_POINT('',(34.,314.254343076629,79.6031074107748));
#13299=CARTESIAN_POINT('Origin',(34.,317.344924962264,76.1706684904847));
#13300=CARTESIAN_POINT('',(34.,317.344924962264,76.1706684904847));
#13301=CARTESIAN_POINT('',(34.,314.254343076629,79.6031074107748));
#13302=CARTESIAN_POINT('',(29.,317.344924962264,76.1706684904847));
#13303=CARTESIAN_POINT('',(29.,314.254343076629,79.6031074107748));
#13304=CARTESIAN_POINT('',(34.,317.344924962264,76.1706684904847));
#13305=CARTESIAN_POINT('Origin',(34.,321.86279520699,77.1309714557751));
#13306=CARTESIAN_POINT('',(34.,321.86279520699,77.1309714557751));
#13307=CARTESIAN_POINT('',(34.,317.344924962264,76.1706684904847));
#13308=CARTESIAN_POINT('',(29.,321.86279520699,77.1309714557751));
#13309=CARTESIAN_POINT('',(29.,317.344924962264,76.1706684904847));
#13310=CARTESIAN_POINT('',(34.,321.86279520699,77.1309714557751));
#13311=CARTESIAN_POINT('Origin',(34.,323.290083566083,81.5237133413556));
#13312=CARTESIAN_POINT('',(34.,323.290083566083,81.5237133413556));
#13313=CARTESIAN_POINT('',(34.,321.86279520699,77.1309714557751));
#13314=CARTESIAN_POINT('',(29.,323.290083566083,81.5237133413556));
#13315=CARTESIAN_POINT('',(29.,321.86279520699,77.1309714557751));
#13316=CARTESIAN_POINT('',(34.,323.290083566083,81.5237133413556));
#13317=CARTESIAN_POINT('Origin',(34.,320.199501680448,84.9561522616456));
#13318=CARTESIAN_POINT('',(34.,323.290083566083,81.5237133413556));
#13319=CARTESIAN_POINT('',(29.,323.290083566083,81.5237133413556));
#13320=CARTESIAN_POINT('Origin',(34.,318.772213321356,80.5634103760652));
#13321=CARTESIAN_POINT('Origin',(29.,318.772213321356,80.5634103760652));
#13322=CARTESIAN_POINT('Origin',(34.,245.571059044013,88.2571617169497));
#13323=CARTESIAN_POINT('',(29.,242.871059044013,88.2571617169497));
#13324=CARTESIAN_POINT('Origin',(29.,245.571059044013,88.2571617169497));
#13325=CARTESIAN_POINT('',(34.,242.871059044013,88.2571617169497));
#13326=CARTESIAN_POINT('',(34.,242.871059044013,88.2571617169497));
#13327=CARTESIAN_POINT('Origin',(34.,245.571059044013,88.2571617169497));
#13328=CARTESIAN_POINT('Origin',(34.,241.834369608162,85.5422979278557));
#13329=CARTESIAN_POINT('',(34.,241.351573316917,90.1357977999024));
#13330=CARTESIAN_POINT('',(34.,241.834369608162,85.5422979278557));
#13331=CARTESIAN_POINT('',(34.,241.351573316917,90.1357977999024));
#13332=CARTESIAN_POINT('',(29.,241.351573316917,90.1357977999024));
#13333=CARTESIAN_POINT('',(34.,241.351573316917,90.1357977999024));
#13334=CARTESIAN_POINT('',(29.,241.834369608162,85.5422979278557));
#13335=CARTESIAN_POINT('',(29.,241.351573316917,90.1357977999024));
#13336=CARTESIAN_POINT('',(34.,241.834369608162,85.5422979278557));
#13337=CARTESIAN_POINT('Origin',(34.,246.053855335257,83.6636618449029));
#13338=CARTESIAN_POINT('',(34.,246.053855335257,83.6636618449029));
#13339=CARTESIAN_POINT('',(34.,241.834369608162,85.5422979278557));
#13340=CARTESIAN_POINT('',(29.,246.053855335257,83.6636618449029));
#13341=CARTESIAN_POINT('',(29.,241.834369608162,85.5422979278557));
#13342=CARTESIAN_POINT('',(34.,246.053855335257,83.6636618449029));
#13343=CARTESIAN_POINT('Origin',(34.,249.790544771108,86.3785256339969));
#13344=CARTESIAN_POINT('',(34.,249.790544771108,86.3785256339969));
#13345=CARTESIAN_POINT('',(34.,246.053855335257,83.6636618449029));
#13346=CARTESIAN_POINT('',(29.,249.790544771108,86.3785256339969));
#13347=CARTESIAN_POINT('',(29.,246.053855335257,83.6636618449029));
#13348=CARTESIAN_POINT('',(34.,249.790544771108,86.3785256339969));
#13349=CARTESIAN_POINT('Origin',(34.,249.307748479864,90.9720255060437));
#13350=CARTESIAN_POINT('',(34.,249.307748479864,90.9720255060437));
#13351=CARTESIAN_POINT('',(34.,249.790544771108,86.3785256339969));
#13352=CARTESIAN_POINT('',(29.,249.307748479864,90.9720255060437));
#13353=CARTESIAN_POINT('',(29.,249.790544771108,86.3785256339969));
#13354=CARTESIAN_POINT('',(34.,249.307748479864,90.9720255060437));
#13355=CARTESIAN_POINT('Origin',(34.,245.088262752768,92.8506615889964));
#13356=CARTESIAN_POINT('',(34.,245.088262752768,92.8506615889964));
#13357=CARTESIAN_POINT('',(34.,249.307748479864,90.9720255060437));
#13358=CARTESIAN_POINT('',(29.,245.088262752768,92.8506615889964));
#13359=CARTESIAN_POINT('',(29.,249.307748479864,90.9720255060437));
#13360=CARTESIAN_POINT('',(34.,245.088262752768,92.8506615889964));
#13361=CARTESIAN_POINT('Origin',(34.,241.351573316917,90.1357977999024));
#13362=CARTESIAN_POINT('',(34.,245.088262752768,92.8506615889964));
#13363=CARTESIAN_POINT('',(29.,245.088262752768,92.8506615889964));
#13364=CARTESIAN_POINT('Origin',(34.,245.571059044013,88.2571617169497));
#13365=CARTESIAN_POINT('Origin',(29.,245.571059044013,88.2571617169497));
#13366=CARTESIAN_POINT('Origin',(34.,266.464104925122,97.5593450666871));
#13367=CARTESIAN_POINT('',(29.,263.764104925122,97.5593450666871));
#13368=CARTESIAN_POINT('Origin',(29.,266.464104925122,97.5593450666871));
#13369=CARTESIAN_POINT('',(34.,263.764104925122,97.5593450666871));
#13370=CARTESIAN_POINT('',(34.,263.764104925122,97.5593450666871));
#13371=CARTESIAN_POINT('Origin',(34.,266.464104925122,97.5593450666871));
#13372=CARTESIAN_POINT('Origin',(34.,261.946234680395,96.5990421013967));
#13373=CARTESIAN_POINT('',(34.,263.373523039488,100.991783986977));
#13374=CARTESIAN_POINT('',(34.,261.946234680395,96.5990421013967));
#13375=CARTESIAN_POINT('',(34.,263.373523039488,100.991783986977));
#13376=CARTESIAN_POINT('',(29.,263.373523039488,100.991783986977));
#13377=CARTESIAN_POINT('',(34.,263.373523039488,100.991783986977));
#13378=CARTESIAN_POINT('',(29.,261.946234680395,96.5990421013967));
#13379=CARTESIAN_POINT('',(29.,263.373523039488,100.991783986977));
#13380=CARTESIAN_POINT('',(34.,261.946234680395,96.5990421013967));
#13381=CARTESIAN_POINT('Origin',(34.,265.03681656603,93.1666031811067));
#13382=CARTESIAN_POINT('',(34.,265.03681656603,93.1666031811067));
#13383=CARTESIAN_POINT('',(34.,261.946234680395,96.5990421013967));
#13384=CARTESIAN_POINT('',(29.,265.03681656603,93.1666031811067));
#13385=CARTESIAN_POINT('',(29.,261.946234680395,96.5990421013967));
#13386=CARTESIAN_POINT('',(34.,265.03681656603,93.1666031811067));
#13387=CARTESIAN_POINT('Origin',(34.,269.554686810756,94.1269061463971));
#13388=CARTESIAN_POINT('',(34.,269.554686810756,94.1269061463971));
#13389=CARTESIAN_POINT('',(34.,265.03681656603,93.1666031811067));
#13390=CARTESIAN_POINT('',(29.,269.554686810756,94.1269061463971));
#13391=CARTESIAN_POINT('',(29.,265.03681656603,93.1666031811067));
#13392=CARTESIAN_POINT('',(34.,269.554686810756,94.1269061463971));
#13393=CARTESIAN_POINT('Origin',(34.,270.981975169849,98.5196480319775));
#13394=CARTESIAN_POINT('',(34.,270.981975169849,98.5196480319775));
#13395=CARTESIAN_POINT('',(34.,269.554686810756,94.1269061463971));
#13396=CARTESIAN_POINT('',(29.,270.981975169849,98.5196480319775));
#13397=CARTESIAN_POINT('',(29.,269.554686810756,94.1269061463971));
#13398=CARTESIAN_POINT('',(34.,270.981975169849,98.5196480319775));
#13399=CARTESIAN_POINT('Origin',(34.,267.891393284214,101.952086952268));
#13400=CARTESIAN_POINT('',(34.,267.891393284214,101.952086952268));
#13401=CARTESIAN_POINT('',(34.,270.981975169849,98.5196480319775));
#13402=CARTESIAN_POINT('',(29.,267.891393284214,101.952086952268));
#13403=CARTESIAN_POINT('',(29.,270.981975169849,98.5196480319775));
#13404=CARTESIAN_POINT('',(34.,267.891393284214,101.952086952268));
#13405=CARTESIAN_POINT('Origin',(34.,263.373523039488,100.991783986977));
#13406=CARTESIAN_POINT('',(34.,267.891393284214,101.952086952268));
#13407=CARTESIAN_POINT('',(29.,267.891393284214,101.952086952268));
#13408=CARTESIAN_POINT('Origin',(34.,266.464104925122,97.5593450666871));
#13409=CARTESIAN_POINT('Origin',(29.,266.464104925122,97.5593450666871));
#13410=CARTESIAN_POINT('Origin',(34.,289.334390915076,97.5593450666872));
#13411=CARTESIAN_POINT('',(29.,286.634390915076,97.5593450666872));
#13412=CARTESIAN_POINT('Origin',(29.,289.334390915076,97.5593450666872));
#13413=CARTESIAN_POINT('',(34.,286.634390915076,97.5593450666872));
#13414=CARTESIAN_POINT('',(34.,286.634390915076,97.5593450666872));
#13415=CARTESIAN_POINT('Origin',(34.,289.334390915076,97.5593450666872));
#13416=CARTESIAN_POINT('Origin',(34.,284.816520670349,98.5196480319777));
#13417=CARTESIAN_POINT('',(34.,287.907102555983,101.952086952268));
#13418=CARTESIAN_POINT('',(34.,284.816520670349,98.5196480319777));
#13419=CARTESIAN_POINT('',(34.,287.907102555983,101.952086952268));
#13420=CARTESIAN_POINT('',(29.,287.907102555983,101.952086952268));
#13421=CARTESIAN_POINT('',(34.,287.907102555983,101.952086952268));
#13422=CARTESIAN_POINT('',(29.,284.816520670349,98.5196480319777));
#13423=CARTESIAN_POINT('',(29.,287.907102555983,101.952086952268));
#13424=CARTESIAN_POINT('',(34.,284.816520670349,98.5196480319777));
#13425=CARTESIAN_POINT('Origin',(34.,286.243809029441,94.1269061463972));
#13426=CARTESIAN_POINT('',(34.,286.243809029441,94.1269061463972));
#13427=CARTESIAN_POINT('',(34.,284.816520670349,98.5196480319777));
#13428=CARTESIAN_POINT('',(29.,286.243809029441,94.1269061463972));
#13429=CARTESIAN_POINT('',(29.,284.816520670349,98.5196480319777));
#13430=CARTESIAN_POINT('',(34.,286.243809029441,94.1269061463972));
#13431=CARTESIAN_POINT('Origin',(34.,290.761679274168,93.1666031811068));
#13432=CARTESIAN_POINT('',(34.,290.761679274168,93.1666031811068));
#13433=CARTESIAN_POINT('',(34.,286.243809029441,94.1269061463972));
#13434=CARTESIAN_POINT('',(29.,290.761679274168,93.1666031811068));
#13435=CARTESIAN_POINT('',(29.,286.243809029441,94.1269061463972));
#13436=CARTESIAN_POINT('',(34.,290.761679274168,93.1666031811068));
#13437=CARTESIAN_POINT('Origin',(34.,293.852261159803,96.5990421013967));
#13438=CARTESIAN_POINT('',(34.,293.852261159803,96.5990421013967));
#13439=CARTESIAN_POINT('',(34.,290.761679274168,93.1666031811068));
#13440=CARTESIAN_POINT('',(29.,293.852261159803,96.5990421013967));
#13441=CARTESIAN_POINT('',(29.,290.761679274168,93.1666031811068));
#13442=CARTESIAN_POINT('',(34.,293.852261159803,96.5990421013967));
#13443=CARTESIAN_POINT('Origin',(34.,292.42497280071,100.991783986977));
#13444=CARTESIAN_POINT('',(34.,292.42497280071,100.991783986977));
#13445=CARTESIAN_POINT('',(34.,293.852261159803,96.5990421013967));
#13446=CARTESIAN_POINT('',(29.,292.42497280071,100.991783986977));
#13447=CARTESIAN_POINT('',(29.,293.852261159803,96.5990421013967));
#13448=CARTESIAN_POINT('',(34.,292.42497280071,100.991783986977));
#13449=CARTESIAN_POINT('Origin',(34.,287.907102555983,101.952086952268));
#13450=CARTESIAN_POINT('',(34.,292.42497280071,100.991783986977));
#13451=CARTESIAN_POINT('',(29.,292.42497280071,100.991783986977));
#13452=CARTESIAN_POINT('Origin',(34.,289.334390915076,97.5593450666872));
#13453=CARTESIAN_POINT('Origin',(29.,289.334390915076,97.5593450666872));
#13454=CARTESIAN_POINT('Origin',(34.,237.026282518842,80.5634103760647));
#13455=CARTESIAN_POINT('',(29.,234.326282518842,80.5634103760647));
#13456=CARTESIAN_POINT('Origin',(29.,237.026282518842,80.5634103760647));
#13457=CARTESIAN_POINT('',(34.,234.326282518842,80.5634103760647));
#13458=CARTESIAN_POINT('',(34.,234.326282518842,80.5634103760647));
#13459=CARTESIAN_POINT('Origin',(34.,237.026282518842,80.5634103760647));
#13460=CARTESIAN_POINT('Origin',(34.,233.935700633208,77.1309714557746));
#13461=CARTESIAN_POINT('',(34.,232.508412274115,81.5237133413551));
#13462=CARTESIAN_POINT('',(34.,233.935700633208,77.1309714557746));
#13463=CARTESIAN_POINT('',(34.,232.508412274115,81.5237133413551));
#13464=CARTESIAN_POINT('',(29.,232.508412274115,81.5237133413551));
#13465=CARTESIAN_POINT('',(34.,232.508412274115,81.5237133413551));
#13466=CARTESIAN_POINT('',(29.,233.935700633208,77.1309714557746));
#13467=CARTESIAN_POINT('',(29.,232.508412274115,81.5237133413551));
#13468=CARTESIAN_POINT('',(34.,233.935700633208,77.1309714557746));
#13469=CARTESIAN_POINT('Origin',(34.,238.453570877934,76.1706684904842));
#13470=CARTESIAN_POINT('',(34.,238.453570877934,76.1706684904842));
#13471=CARTESIAN_POINT('',(34.,233.935700633208,77.1309714557746));
#13472=CARTESIAN_POINT('',(29.,238.453570877934,76.1706684904842));
#13473=CARTESIAN_POINT('',(29.,233.935700633208,77.1309714557746));
#13474=CARTESIAN_POINT('',(34.,238.453570877934,76.1706684904842));
#13475=CARTESIAN_POINT('Origin',(34.,241.544152763569,79.6031074107742));
#13476=CARTESIAN_POINT('',(34.,241.544152763569,79.6031074107742));
#13477=CARTESIAN_POINT('',(34.,238.453570877934,76.1706684904842));
#13478=CARTESIAN_POINT('',(29.,241.544152763569,79.6031074107742));
#13479=CARTESIAN_POINT('',(29.,238.453570877934,76.1706684904842));
#13480=CARTESIAN_POINT('',(34.,241.544152763569,79.6031074107742));
#13481=CARTESIAN_POINT('Origin',(34.,240.116864404476,83.9958492963547));
#13482=CARTESIAN_POINT('',(34.,240.116864404476,83.9958492963547));
#13483=CARTESIAN_POINT('',(34.,241.544152763569,79.6031074107742));
#13484=CARTESIAN_POINT('',(29.,240.116864404476,83.9958492963547));
#13485=CARTESIAN_POINT('',(29.,241.544152763569,79.6031074107742));
#13486=CARTESIAN_POINT('',(34.,240.116864404476,83.9958492963547));
#13487=CARTESIAN_POINT('Origin',(34.,235.59899415975,84.9561522616451));
#13488=CARTESIAN_POINT('',(34.,235.59899415975,84.9561522616451));
#13489=CARTESIAN_POINT('',(34.,240.116864404476,83.9958492963547));
#13490=CARTESIAN_POINT('',(29.,235.59899415975,84.9561522616451));
#13491=CARTESIAN_POINT('',(29.,240.116864404476,83.9958492963547));
#13492=CARTESIAN_POINT('',(34.,235.59899415975,84.9561522616451));
#13493=CARTESIAN_POINT('Origin',(34.,232.508412274115,81.5237133413551));
#13494=CARTESIAN_POINT('',(34.,235.59899415975,84.9561522616451));
#13495=CARTESIAN_POINT('',(29.,235.59899415975,84.9561522616451));
#13496=CARTESIAN_POINT('Origin',(34.,237.026282518842,80.5634103760647));
#13497=CARTESIAN_POINT('Origin',(29.,237.026282518842,80.5634103760647));
#13498=CARTESIAN_POINT('Origin',(34.,223.200543674844,38.0121615466062));
#13499=CARTESIAN_POINT('',(29.,220.500543674844,38.0121615466062));
#13500=CARTESIAN_POINT('Origin',(29.,223.200543674844,38.0121615466062));
#13501=CARTESIAN_POINT('',(34.,220.500543674844,38.0121615466062));
#13502=CARTESIAN_POINT('',(34.,220.500543674844,38.0121615466062));
#13503=CARTESIAN_POINT('Origin',(34.,223.200543674844,38.0121615466062));
#13504=CARTESIAN_POINT('Origin',(34.,223.683339966088,33.4186616745594));
#13505=CARTESIAN_POINT('',(34.,219.463854238993,35.2972977575122));
#13506=CARTESIAN_POINT('',(34.,223.683339966088,33.4186616745594));
#13507=CARTESIAN_POINT('',(34.,219.463854238993,35.2972977575122));
#13508=CARTESIAN_POINT('',(29.,219.463854238993,35.2972977575122));
#13509=CARTESIAN_POINT('',(34.,219.463854238993,35.2972977575122));
#13510=CARTESIAN_POINT('',(29.,223.683339966088,33.4186616745594));
#13511=CARTESIAN_POINT('',(29.,219.463854238993,35.2972977575122));
#13512=CARTESIAN_POINT('',(34.,223.683339966088,33.4186616745594));
#13513=CARTESIAN_POINT('Origin',(34.,227.420029401939,36.1335254636534));
#13514=CARTESIAN_POINT('',(34.,227.420029401939,36.1335254636534));
#13515=CARTESIAN_POINT('',(34.,223.683339966088,33.4186616745594));
#13516=CARTESIAN_POINT('',(29.,227.420029401939,36.1335254636534));
#13517=CARTESIAN_POINT('',(29.,223.683339966088,33.4186616745594));
#13518=CARTESIAN_POINT('',(34.,227.420029401939,36.1335254636534));
#13519=CARTESIAN_POINT('Origin',(34.,226.937233110695,40.7270253357002));
#13520=CARTESIAN_POINT('',(34.,226.937233110695,40.7270253357002));
#13521=CARTESIAN_POINT('',(34.,227.420029401939,36.1335254636534));
#13522=CARTESIAN_POINT('',(29.,226.937233110695,40.7270253357002));
#13523=CARTESIAN_POINT('',(29.,227.420029401939,36.1335254636534));
#13524=CARTESIAN_POINT('',(34.,226.937233110695,40.7270253357002));
#13525=CARTESIAN_POINT('Origin',(34.,222.717747383599,42.605661418653));
#13526=CARTESIAN_POINT('',(34.,222.717747383599,42.605661418653));
#13527=CARTESIAN_POINT('',(34.,226.937233110695,40.7270253357002));
#13528=CARTESIAN_POINT('',(29.,222.717747383599,42.605661418653));
#13529=CARTESIAN_POINT('',(29.,226.937233110695,40.7270253357002));
#13530=CARTESIAN_POINT('',(34.,222.717747383599,42.605661418653));
#13531=CARTESIAN_POINT('Origin',(34.,218.981057947749,39.890797629559));
#13532=CARTESIAN_POINT('',(34.,218.981057947749,39.890797629559));
#13533=CARTESIAN_POINT('',(34.,222.717747383599,42.605661418653));
#13534=CARTESIAN_POINT('',(29.,218.981057947749,39.890797629559));
#13535=CARTESIAN_POINT('',(29.,222.717747383599,42.605661418653));
#13536=CARTESIAN_POINT('',(34.,218.981057947749,39.890797629559));
#13537=CARTESIAN_POINT('Origin',(34.,219.463854238993,35.2972977575122));
#13538=CARTESIAN_POINT('',(34.,218.981057947749,39.890797629559));
#13539=CARTESIAN_POINT('',(29.,218.981057947749,39.890797629559));
#13540=CARTESIAN_POINT('Origin',(34.,223.200543674844,38.0121615466062));
#13541=CARTESIAN_POINT('Origin',(29.,223.200543674844,38.0121615466062));
#13542=CARTESIAN_POINT('Origin',(34.,245.571059044013,-0.734707664295069));
#13543=CARTESIAN_POINT('',(29.,242.871059044013,-0.734707664295069));
#13544=CARTESIAN_POINT('Origin',(29.,245.571059044013,-0.734707664295069));
#13545=CARTESIAN_POINT('',(34.,242.871059044013,-0.734707664295069));
#13546=CARTESIAN_POINT('',(34.,242.871059044013,-0.734707664295069));
#13547=CARTESIAN_POINT('Origin',(34.,245.571059044013,-0.734707664295069));
#13548=CARTESIAN_POINT('Origin',(34.,249.307748479864,-3.44957145338912));
#13549=CARTESIAN_POINT('',(34.,245.088262752769,-5.32820753634185));
#13550=CARTESIAN_POINT('',(34.,249.307748479864,-3.44957145338912));
#13551=CARTESIAN_POINT('',(34.,245.088262752769,-5.32820753634185));
#13552=CARTESIAN_POINT('',(29.,245.088262752769,-5.32820753634185));
#13553=CARTESIAN_POINT('',(34.,245.088262752769,-5.32820753634185));
#13554=CARTESIAN_POINT('',(29.,249.307748479864,-3.44957145338912));
#13555=CARTESIAN_POINT('',(29.,245.088262752769,-5.32820753634185));
#13556=CARTESIAN_POINT('',(34.,249.307748479864,-3.44957145338912));
#13557=CARTESIAN_POINT('Origin',(34.,249.790544771109,1.14392841865767));
#13558=CARTESIAN_POINT('',(34.,249.790544771109,1.14392841865767));
#13559=CARTESIAN_POINT('',(34.,249.307748479864,-3.44957145338912));
#13560=CARTESIAN_POINT('',(29.,249.790544771109,1.14392841865767));
#13561=CARTESIAN_POINT('',(29.,249.307748479864,-3.44957145338912));
#13562=CARTESIAN_POINT('',(34.,249.790544771109,1.14392841865767));
#13563=CARTESIAN_POINT('Origin',(34.,246.053855335258,3.85879220775172));
#13564=CARTESIAN_POINT('',(34.,246.053855335258,3.85879220775172));
#13565=CARTESIAN_POINT('',(34.,249.790544771109,1.14392841865767));
#13566=CARTESIAN_POINT('',(29.,246.053855335258,3.85879220775172));
#13567=CARTESIAN_POINT('',(29.,249.790544771109,1.14392841865767));
#13568=CARTESIAN_POINT('',(34.,246.053855335258,3.85879220775172));
#13569=CARTESIAN_POINT('Origin',(34.,241.834369608162,1.98015612479898));
#13570=CARTESIAN_POINT('',(34.,241.834369608162,1.98015612479898));
#13571=CARTESIAN_POINT('',(34.,246.053855335258,3.85879220775172));
#13572=CARTESIAN_POINT('',(29.,241.834369608162,1.98015612479898));
#13573=CARTESIAN_POINT('',(29.,246.053855335258,3.85879220775172));
#13574=CARTESIAN_POINT('',(34.,241.834369608162,1.98015612479898));
#13575=CARTESIAN_POINT('Origin',(34.,241.351573316918,-2.61334374724784));
#13576=CARTESIAN_POINT('',(34.,241.351573316918,-2.61334374724784));
#13577=CARTESIAN_POINT('',(34.,241.834369608162,1.98015612479898));
#13578=CARTESIAN_POINT('',(29.,241.351573316918,-2.61334374724784));
#13579=CARTESIAN_POINT('',(29.,241.834369608162,1.98015612479898));
#13580=CARTESIAN_POINT('',(34.,241.351573316918,-2.61334374724784));
#13581=CARTESIAN_POINT('Origin',(34.,245.088262752769,-5.32820753634185));
#13582=CARTESIAN_POINT('',(34.,241.351573316918,-2.61334374724784));
#13583=CARTESIAN_POINT('',(29.,241.351573316918,-2.61334374724784));
#13584=CARTESIAN_POINT('Origin',(34.,245.571059044013,-0.734707664295069));
#13585=CARTESIAN_POINT('Origin',(29.,245.571059044013,-0.734707664295069));
#13586=CARTESIAN_POINT('Origin',(34.,289.334390915076,-10.0368910140321));
#13587=CARTESIAN_POINT('',(29.,286.634390915076,-10.0368910140321));
#13588=CARTESIAN_POINT('Origin',(29.,289.334390915076,-10.0368910140321));
#13589=CARTESIAN_POINT('',(34.,286.634390915076,-10.0368910140321));
#13590=CARTESIAN_POINT('',(34.,286.634390915076,-10.0368910140321));
#13591=CARTESIAN_POINT('Origin',(34.,289.334390915076,-10.0368910140321));
#13592=CARTESIAN_POINT('Origin',(34.,293.852261159803,-9.07658804874169));
#13593=CARTESIAN_POINT('',(34.,292.424972800711,-13.4693299343221));
#13594=CARTESIAN_POINT('',(34.,293.852261159803,-9.07658804874169));
#13595=CARTESIAN_POINT('',(34.,292.424972800711,-13.4693299343221));
#13596=CARTESIAN_POINT('',(29.,292.424972800711,-13.4693299343221));
#13597=CARTESIAN_POINT('',(34.,292.424972800711,-13.4693299343221));
#13598=CARTESIAN_POINT('',(29.,293.852261159803,-9.07658804874169));
#13599=CARTESIAN_POINT('',(29.,292.424972800711,-13.4693299343221));
#13600=CARTESIAN_POINT('',(34.,293.852261159803,-9.07658804874169));
#13601=CARTESIAN_POINT('Origin',(34.,290.761679274169,-5.64414912845164));
#13602=CARTESIAN_POINT('',(34.,290.761679274169,-5.64414912845164));
#13603=CARTESIAN_POINT('',(34.,293.852261159803,-9.07658804874169));
#13604=CARTESIAN_POINT('',(29.,290.761679274169,-5.64414912845164));
#13605=CARTESIAN_POINT('',(29.,293.852261159803,-9.07658804874169));
#13606=CARTESIAN_POINT('',(34.,290.761679274169,-5.64414912845164));
#13607=CARTESIAN_POINT('Origin',(34.,286.243809029442,-6.60445209374208));
#13608=CARTESIAN_POINT('',(34.,286.243809029442,-6.60445209374208));
#13609=CARTESIAN_POINT('',(34.,290.761679274169,-5.64414912845164));
#13610=CARTESIAN_POINT('',(29.,286.243809029442,-6.60445209374208));
#13611=CARTESIAN_POINT('',(29.,290.761679274169,-5.64414912845164));
#13612=CARTESIAN_POINT('',(34.,286.243809029442,-6.60445209374208));
#13613=CARTESIAN_POINT('Origin',(34.,284.81652067035,-10.9971939793225));
#13614=CARTESIAN_POINT('',(34.,284.81652067035,-10.9971939793225));
#13615=CARTESIAN_POINT('',(34.,286.243809029442,-6.60445209374208));
#13616=CARTESIAN_POINT('',(29.,284.81652067035,-10.9971939793225));
#13617=CARTESIAN_POINT('',(29.,286.243809029442,-6.60445209374208));
#13618=CARTESIAN_POINT('',(34.,284.81652067035,-10.9971939793225));
#13619=CARTESIAN_POINT('Origin',(34.,287.907102555984,-14.4296328996125));
#13620=CARTESIAN_POINT('',(34.,287.907102555984,-14.4296328996125));
#13621=CARTESIAN_POINT('',(34.,284.81652067035,-10.9971939793225));
#13622=CARTESIAN_POINT('',(29.,287.907102555984,-14.4296328996125));
#13623=CARTESIAN_POINT('',(29.,284.81652067035,-10.9971939793225));
#13624=CARTESIAN_POINT('',(34.,287.907102555984,-14.4296328996125));
#13625=CARTESIAN_POINT('Origin',(34.,292.424972800711,-13.4693299343221));
#13626=CARTESIAN_POINT('',(34.,287.907102555984,-14.4296328996125));
#13627=CARTESIAN_POINT('',(29.,287.907102555984,-14.4296328996125));
#13628=CARTESIAN_POINT('Origin',(34.,289.334390915076,-10.0368910140321));
#13629=CARTESIAN_POINT('Origin',(29.,289.334390915076,-10.0368910140321));
#13630=CARTESIAN_POINT('Origin',(34.,325.530645128244,16.2612270263276));
#13631=CARTESIAN_POINT('',(29.,322.830645128244,16.2612270263276));
#13632=CARTESIAN_POINT('Origin',(29.,325.530645128244,16.2612270263276));
#13633=CARTESIAN_POINT('',(34.,322.830645128244,16.2612270263276));
#13634=CARTESIAN_POINT('',(34.,322.830645128244,16.2612270263276));
#13635=CARTESIAN_POINT('Origin',(34.,325.530645128244,16.2612270263276));
#13636=CARTESIAN_POINT('Origin',(34.,327.840046205002,20.2612270263276));
#13637=CARTESIAN_POINT('',(34.,330.149447281761,16.2612270263276));
#13638=CARTESIAN_POINT('',(34.,327.840046205002,20.2612270263276));
#13639=CARTESIAN_POINT('',(34.,330.149447281761,16.2612270263276));
#13640=CARTESIAN_POINT('',(29.,330.149447281761,16.2612270263276));
#13641=CARTESIAN_POINT('',(34.,330.149447281761,16.2612270263276));
#13642=CARTESIAN_POINT('',(29.,327.840046205002,20.2612270263276));
#13643=CARTESIAN_POINT('',(29.,330.149447281761,16.2612270263276));
#13644=CARTESIAN_POINT('',(34.,327.840046205002,20.2612270263276));
#13645=CARTESIAN_POINT('Origin',(34.,323.221244051485,20.2612270263276));
#13646=CARTESIAN_POINT('',(34.,323.221244051485,20.2612270263276));
#13647=CARTESIAN_POINT('',(34.,327.840046205002,20.2612270263276));
#13648=CARTESIAN_POINT('',(29.,323.221244051485,20.2612270263276));
#13649=CARTESIAN_POINT('',(29.,327.840046205002,20.2612270263276));
#13650=CARTESIAN_POINT('',(34.,323.221244051485,20.2612270263276));
#13651=CARTESIAN_POINT('Origin',(34.,320.911842974727,16.2612270263276));
#13652=CARTESIAN_POINT('',(34.,320.911842974727,16.2612270263276));
#13653=CARTESIAN_POINT('',(34.,323.221244051485,20.2612270263276));
#13654=CARTESIAN_POINT('',(29.,320.911842974727,16.2612270263276));
#13655=CARTESIAN_POINT('',(29.,323.221244051485,20.2612270263276));
#13656=CARTESIAN_POINT('',(34.,320.911842974727,16.2612270263276));
#13657=CARTESIAN_POINT('Origin',(34.,323.221244051485,12.2612270263276));
#13658=CARTESIAN_POINT('',(34.,323.221244051485,12.2612270263276));
#13659=CARTESIAN_POINT('',(34.,320.911842974727,16.2612270263276));
#13660=CARTESIAN_POINT('',(29.,323.221244051485,12.2612270263276));
#13661=CARTESIAN_POINT('',(29.,320.911842974727,16.2612270263276));
#13662=CARTESIAN_POINT('',(34.,323.221244051485,12.2612270263276));
#13663=CARTESIAN_POINT('Origin',(34.,327.840046205002,12.2612270263276));
#13664=CARTESIAN_POINT('',(34.,327.840046205002,12.2612270263276));
#13665=CARTESIAN_POINT('',(34.,323.221244051485,12.2612270263276));
#13666=CARTESIAN_POINT('',(29.,327.840046205002,12.2612270263276));
#13667=CARTESIAN_POINT('',(29.,323.221244051485,12.2612270263276));
#13668=CARTESIAN_POINT('',(34.,327.840046205002,12.2612270263276));
#13669=CARTESIAN_POINT('Origin',(34.,330.149447281761,16.2612270263276));
#13670=CARTESIAN_POINT('',(34.,327.840046205002,12.2612270263276));
#13671=CARTESIAN_POINT('',(29.,327.840046205002,12.2612270263276));
#13672=CARTESIAN_POINT('Origin',(34.,325.530645128244,16.2612270263276));
#13673=CARTESIAN_POINT('Origin',(29.,325.530645128244,16.2612270263276));
#13674=CARTESIAN_POINT('Origin',(34.,330.207356316333,60.7571617169501));
#13675=CARTESIAN_POINT('',(29.,327.507356316333,60.7571617169501));
#13676=CARTESIAN_POINT('Origin',(29.,330.207356316333,60.7571617169501));
#13677=CARTESIAN_POINT('',(34.,327.507356316333,60.7571617169501));
#13678=CARTESIAN_POINT('',(34.,327.507356316333,60.7571617169501));
#13679=CARTESIAN_POINT('Origin',(34.,330.207356316333,60.7571617169501));
#13680=CARTESIAN_POINT('Origin',(34.,328.78006795724,65.1499036025305));
#13681=CARTESIAN_POINT('',(34.,333.297938201967,64.1896006372401));
#13682=CARTESIAN_POINT('',(34.,328.78006795724,65.1499036025305));
#13683=CARTESIAN_POINT('',(34.,333.297938201967,64.1896006372401));
#13684=CARTESIAN_POINT('',(29.,333.297938201967,64.1896006372401));
#13685=CARTESIAN_POINT('',(34.,333.297938201967,64.1896006372401));
#13686=CARTESIAN_POINT('',(29.,328.78006795724,65.1499036025305));
#13687=CARTESIAN_POINT('',(29.,333.297938201967,64.1896006372401));
#13688=CARTESIAN_POINT('',(34.,328.78006795724,65.1499036025305));
#13689=CARTESIAN_POINT('Origin',(34.,325.689486071606,61.7174646822405));
#13690=CARTESIAN_POINT('',(34.,325.689486071606,61.7174646822405));
#13691=CARTESIAN_POINT('',(34.,328.78006795724,65.1499036025305));
#13692=CARTESIAN_POINT('',(29.,325.689486071606,61.7174646822405));
#13693=CARTESIAN_POINT('',(29.,328.78006795724,65.1499036025305));
#13694=CARTESIAN_POINT('',(34.,325.689486071606,61.7174646822405));
#13695=CARTESIAN_POINT('Origin',(34.,327.116774430698,57.3247227966601));
#13696=CARTESIAN_POINT('',(34.,327.116774430698,57.3247227966601));
#13697=CARTESIAN_POINT('',(34.,325.689486071606,61.7174646822405));
#13698=CARTESIAN_POINT('',(29.,327.116774430698,57.3247227966601));
#13699=CARTESIAN_POINT('',(29.,325.689486071606,61.7174646822405));
#13700=CARTESIAN_POINT('',(34.,327.116774430698,57.3247227966601));
#13701=CARTESIAN_POINT('Origin',(34.,331.634644675425,56.3644198313696));
#13702=CARTESIAN_POINT('',(34.,331.634644675425,56.3644198313696));
#13703=CARTESIAN_POINT('',(34.,327.116774430698,57.3247227966601));
#13704=CARTESIAN_POINT('',(29.,331.634644675425,56.3644198313696));
#13705=CARTESIAN_POINT('',(29.,327.116774430698,57.3247227966601));
#13706=CARTESIAN_POINT('',(34.,331.634644675425,56.3644198313696));
#13707=CARTESIAN_POINT('Origin',(34.,334.72522656106,59.7968587516596));
#13708=CARTESIAN_POINT('',(34.,334.72522656106,59.7968587516596));
#13709=CARTESIAN_POINT('',(34.,331.634644675425,56.3644198313696));
#13710=CARTESIAN_POINT('',(29.,334.72522656106,59.7968587516596));
#13711=CARTESIAN_POINT('',(29.,331.634644675425,56.3644198313696));
#13712=CARTESIAN_POINT('',(34.,334.72522656106,59.7968587516596));
#13713=CARTESIAN_POINT('Origin',(34.,333.297938201967,64.1896006372401));
#13714=CARTESIAN_POINT('',(34.,334.72522656106,59.7968587516596));
#13715=CARTESIAN_POINT('',(29.,334.72522656106,59.7968587516596));
#13716=CARTESIAN_POINT('Origin',(34.,330.207356316333,60.7571617169501));
#13717=CARTESIAN_POINT('Origin',(29.,330.207356316333,60.7571617169501));
#13718=CARTESIAN_POINT('Origin',(34.,332.597952165355,38.0121615466069));
#13719=CARTESIAN_POINT('',(29.,329.897952165355,38.0121615466069));
#13720=CARTESIAN_POINT('Origin',(29.,332.597952165355,38.0121615466069));
#13721=CARTESIAN_POINT('',(34.,329.897952165355,38.0121615466069));
#13722=CARTESIAN_POINT('',(34.,329.897952165355,38.0121615466069));
#13723=CARTESIAN_POINT('Origin',(34.,332.597952165355,38.0121615466069));
#13724=CARTESIAN_POINT('Origin',(34.,333.080748456599,42.6056614186537));
#13725=CARTESIAN_POINT('',(34.,336.81743789245,39.8907976295596));
#13726=CARTESIAN_POINT('',(34.,333.080748456599,42.6056614186537));
#13727=CARTESIAN_POINT('',(34.,336.81743789245,39.8907976295596));
#13728=CARTESIAN_POINT('',(29.,336.81743789245,39.8907976295596));
#13729=CARTESIAN_POINT('',(34.,336.81743789245,39.8907976295596));
#13730=CARTESIAN_POINT('',(29.,333.080748456599,42.6056614186537));
#13731=CARTESIAN_POINT('',(29.,336.81743789245,39.8907976295596));
#13732=CARTESIAN_POINT('',(34.,333.080748456599,42.6056614186537));
#13733=CARTESIAN_POINT('Origin',(34.,328.861262729504,40.7270253357009));
#13734=CARTESIAN_POINT('',(34.,328.861262729504,40.7270253357009));
#13735=CARTESIAN_POINT('',(34.,333.080748456599,42.6056614186537));
#13736=CARTESIAN_POINT('',(29.,328.861262729504,40.7270253357009));
#13737=CARTESIAN_POINT('',(29.,333.080748456599,42.6056614186537));
#13738=CARTESIAN_POINT('',(34.,328.861262729504,40.7270253357009));
#13739=CARTESIAN_POINT('Origin',(34.,328.378466438259,36.1335254636541));
#13740=CARTESIAN_POINT('',(34.,328.378466438259,36.1335254636541));
#13741=CARTESIAN_POINT('',(34.,328.861262729504,40.7270253357009));
#13742=CARTESIAN_POINT('',(29.,328.378466438259,36.1335254636541));
#13743=CARTESIAN_POINT('',(29.,328.861262729504,40.7270253357009));
#13744=CARTESIAN_POINT('',(34.,328.378466438259,36.1335254636541));
#13745=CARTESIAN_POINT('Origin',(34.,332.11515587411,33.4186616745601));
#13746=CARTESIAN_POINT('',(34.,332.11515587411,33.4186616745601));
#13747=CARTESIAN_POINT('',(34.,328.378466438259,36.1335254636541));
#13748=CARTESIAN_POINT('',(29.,332.11515587411,33.4186616745601));
#13749=CARTESIAN_POINT('',(29.,328.378466438259,36.1335254636541));
#13750=CARTESIAN_POINT('',(34.,332.11515587411,33.4186616745601));
#13751=CARTESIAN_POINT('Origin',(34.,336.334641601205,35.2972977575128));
#13752=CARTESIAN_POINT('',(34.,336.334641601205,35.2972977575128));
#13753=CARTESIAN_POINT('',(34.,332.11515587411,33.4186616745601));
#13754=CARTESIAN_POINT('',(29.,336.334641601205,35.2972977575128));
#13755=CARTESIAN_POINT('',(29.,332.11515587411,33.4186616745601));
#13756=CARTESIAN_POINT('',(34.,336.334641601205,35.2972977575128));
#13757=CARTESIAN_POINT('Origin',(34.,336.81743789245,39.8907976295596));
#13758=CARTESIAN_POINT('',(34.,336.334641601205,35.2972977575128));
#13759=CARTESIAN_POINT('',(29.,336.334641601205,35.2972977575128));
#13760=CARTESIAN_POINT('Origin',(34.,332.597952165355,38.0121615466069));
#13761=CARTESIAN_POINT('Origin',(29.,332.597952165355,38.0121615466069));
#13762=CARTESIAN_POINT('Origin',(34.,310.227436796186,-0.73470766429466));
#13763=CARTESIAN_POINT('',(29.,307.527436796186,-0.734707664294661));
#13764=CARTESIAN_POINT('Origin',(29.,310.227436796186,-0.73470766429466));
#13765=CARTESIAN_POINT('',(34.,307.527436796186,-0.734707664294661));
#13766=CARTESIAN_POINT('',(34.,307.527436796186,-0.73470766429466));
#13767=CARTESIAN_POINT('Origin',(34.,310.227436796186,-0.73470766429466));
#13768=CARTESIAN_POINT('Origin',(34.,313.964126232037,1.98015612479931));
#13769=CARTESIAN_POINT('',(34.,314.446922523281,-2.61334374724747));
#13770=CARTESIAN_POINT('',(34.,313.964126232037,1.98015612479931));
#13771=CARTESIAN_POINT('',(34.,314.446922523281,-2.61334374724747));
#13772=CARTESIAN_POINT('',(29.,314.446922523281,-2.61334374724747));
#13773=CARTESIAN_POINT('',(34.,314.446922523281,-2.61334374724747));
#13774=CARTESIAN_POINT('',(29.,313.964126232037,1.98015612479931));
#13775=CARTESIAN_POINT('',(29.,314.446922523281,-2.61334374724747));
#13776=CARTESIAN_POINT('',(34.,313.964126232037,1.98015612479931));
#13777=CARTESIAN_POINT('Origin',(34.,309.744640504941,3.85879220775216));
#13778=CARTESIAN_POINT('',(34.,309.744640504941,3.85879220775216));
#13779=CARTESIAN_POINT('',(34.,313.964126232037,1.98015612479931));
#13780=CARTESIAN_POINT('',(29.,309.744640504941,3.85879220775216));
#13781=CARTESIAN_POINT('',(29.,313.964126232037,1.98015612479931));
#13782=CARTESIAN_POINT('',(34.,309.744640504941,3.85879220775216));
#13783=CARTESIAN_POINT('Origin',(34.,306.00795106909,1.14392841865811));
#13784=CARTESIAN_POINT('',(34.,306.00795106909,1.14392841865811));
#13785=CARTESIAN_POINT('',(34.,309.744640504941,3.85879220775216));
#13786=CARTESIAN_POINT('',(29.,306.00795106909,1.14392841865811));
#13787=CARTESIAN_POINT('',(29.,309.744640504941,3.85879220775216));
#13788=CARTESIAN_POINT('',(34.,306.00795106909,1.14392841865811));
#13789=CARTESIAN_POINT('Origin',(34.,306.490747360335,-3.44957145338867));
#13790=CARTESIAN_POINT('',(34.,306.490747360335,-3.44957145338867));
#13791=CARTESIAN_POINT('',(34.,306.00795106909,1.14392841865811));
#13792=CARTESIAN_POINT('',(29.,306.490747360335,-3.44957145338867));
#13793=CARTESIAN_POINT('',(29.,306.00795106909,1.14392841865811));
#13794=CARTESIAN_POINT('',(34.,306.490747360335,-3.44957145338867));
#13795=CARTESIAN_POINT('Origin',(34.,310.71023308743,-5.32820753634148));
#13796=CARTESIAN_POINT('',(34.,310.71023308743,-5.32820753634148));
#13797=CARTESIAN_POINT('',(34.,306.490747360335,-3.44957145338867));
#13798=CARTESIAN_POINT('',(29.,310.71023308743,-5.32820753634148));
#13799=CARTESIAN_POINT('',(29.,306.490747360335,-3.44957145338867));
#13800=CARTESIAN_POINT('',(34.,310.71023308743,-5.32820753634148));
#13801=CARTESIAN_POINT('Origin',(34.,314.446922523281,-2.61334374724747));
#13802=CARTESIAN_POINT('',(34.,310.71023308743,-5.32820753634148));
#13803=CARTESIAN_POINT('',(29.,310.71023308743,-5.32820753634148));
#13804=CARTESIAN_POINT('Origin',(34.,310.227436796186,-0.73470766429466));
#13805=CARTESIAN_POINT('Origin',(29.,310.227436796186,-0.73470766429466));
#13806=CARTESIAN_POINT('Origin',(34.,266.464104925123,-10.0368910140322));
#13807=CARTESIAN_POINT('',(29.,263.764104925123,-10.0368910140322));
#13808=CARTESIAN_POINT('Origin',(29.,266.464104925123,-10.0368910140322));
#13809=CARTESIAN_POINT('',(34.,263.764104925123,-10.0368910140322));
#13810=CARTESIAN_POINT('',(34.,263.764104925123,-10.0368910140322));
#13811=CARTESIAN_POINT('Origin',(34.,266.464104925123,-10.0368910140322));
#13812=CARTESIAN_POINT('Origin',(34.,270.981975169849,-10.9971939793227));
#13813=CARTESIAN_POINT('',(34.,267.891393284215,-14.4296328996126));
#13814=CARTESIAN_POINT('',(34.,270.981975169849,-10.9971939793227));
#13815=CARTESIAN_POINT('',(34.,267.891393284215,-14.4296328996126));
#13816=CARTESIAN_POINT('',(29.,267.891393284215,-14.4296328996126));
#13817=CARTESIAN_POINT('',(34.,267.891393284215,-14.4296328996126));
#13818=CARTESIAN_POINT('',(29.,270.981975169849,-10.9971939793227));
#13819=CARTESIAN_POINT('',(29.,267.891393284215,-14.4296328996126));
#13820=CARTESIAN_POINT('',(34.,270.981975169849,-10.9971939793227));
#13821=CARTESIAN_POINT('Origin',(34.,269.554686810757,-6.60445209374221));
#13822=CARTESIAN_POINT('',(34.,269.554686810757,-6.60445209374221));
#13823=CARTESIAN_POINT('',(34.,270.981975169849,-10.9971939793227));
#13824=CARTESIAN_POINT('',(29.,269.554686810757,-6.60445209374221));
#13825=CARTESIAN_POINT('',(29.,270.981975169849,-10.9971939793227));
#13826=CARTESIAN_POINT('',(34.,269.554686810757,-6.60445209374221));
#13827=CARTESIAN_POINT('Origin',(34.,265.03681656603,-5.64414912845178));
#13828=CARTESIAN_POINT('',(34.,265.03681656603,-5.64414912845178));
#13829=CARTESIAN_POINT('',(34.,269.554686810757,-6.60445209374221));
#13830=CARTESIAN_POINT('',(29.,265.03681656603,-5.64414912845178));
#13831=CARTESIAN_POINT('',(29.,269.554686810757,-6.60445209374221));
#13832=CARTESIAN_POINT('',(34.,265.03681656603,-5.64414912845178));
#13833=CARTESIAN_POINT('Origin',(34.,261.946234680396,-9.07658804874174));
#13834=CARTESIAN_POINT('',(34.,261.946234680396,-9.07658804874174));
#13835=CARTESIAN_POINT('',(34.,265.03681656603,-5.64414912845178));
#13836=CARTESIAN_POINT('',(29.,261.946234680396,-9.07658804874174));
#13837=CARTESIAN_POINT('',(29.,265.03681656603,-5.64414912845178));
#13838=CARTESIAN_POINT('',(34.,261.946234680396,-9.07658804874174));
#13839=CARTESIAN_POINT('Origin',(34.,263.373523039488,-13.4693299343222));
#13840=CARTESIAN_POINT('',(34.,263.373523039488,-13.4693299343222));
#13841=CARTESIAN_POINT('',(34.,261.946234680396,-9.07658804874174));
#13842=CARTESIAN_POINT('',(29.,263.373523039488,-13.4693299343222));
#13843=CARTESIAN_POINT('',(29.,261.946234680396,-9.07658804874174));
#13844=CARTESIAN_POINT('',(34.,263.373523039488,-13.4693299343222));
#13845=CARTESIAN_POINT('Origin',(34.,267.891393284215,-14.4296328996126));
#13846=CARTESIAN_POINT('',(34.,263.373523039488,-13.4693299343222));
#13847=CARTESIAN_POINT('',(29.,263.373523039488,-13.4693299343222));
#13848=CARTESIAN_POINT('Origin',(34.,266.464104925123,-10.0368910140322));
#13849=CARTESIAN_POINT('Origin',(29.,266.464104925123,-10.0368910140322));
#13850=CARTESIAN_POINT('Origin',(34.,230.267850711955,16.261227026327));
#13851=CARTESIAN_POINT('',(29.,227.567850711955,16.261227026327));
#13852=CARTESIAN_POINT('Origin',(29.,230.267850711955,16.261227026327));
#13853=CARTESIAN_POINT('',(34.,227.567850711955,16.261227026327));
#13854=CARTESIAN_POINT('',(34.,227.567850711955,16.261227026327));
#13855=CARTESIAN_POINT('Origin',(34.,230.267850711955,16.261227026327));
#13856=CARTESIAN_POINT('Origin',(34.,232.577251788713,12.261227026327));
#13857=CARTESIAN_POINT('',(34.,227.958449635196,12.261227026327));
#13858=CARTESIAN_POINT('',(34.,232.577251788713,12.261227026327));
#13859=CARTESIAN_POINT('',(34.,227.958449635196,12.261227026327));
#13860=CARTESIAN_POINT('',(29.,227.958449635196,12.261227026327));
#13861=CARTESIAN_POINT('',(34.,227.958449635196,12.261227026327));
#13862=CARTESIAN_POINT('',(29.,232.577251788713,12.261227026327));
#13863=CARTESIAN_POINT('',(29.,227.958449635196,12.261227026327));
#13864=CARTESIAN_POINT('',(34.,232.577251788713,12.261227026327));
#13865=CARTESIAN_POINT('Origin',(34.,234.886652865472,16.261227026327));
#13866=CARTESIAN_POINT('',(34.,234.886652865472,16.261227026327));
#13867=CARTESIAN_POINT('',(34.,232.577251788713,12.261227026327));
#13868=CARTESIAN_POINT('',(29.,234.886652865472,16.261227026327));
#13869=CARTESIAN_POINT('',(29.,232.577251788713,12.261227026327));
#13870=CARTESIAN_POINT('',(34.,234.886652865472,16.261227026327));
#13871=CARTESIAN_POINT('Origin',(34.,232.577251788713,20.261227026327));
#13872=CARTESIAN_POINT('',(34.,232.577251788713,20.261227026327));
#13873=CARTESIAN_POINT('',(34.,234.886652865472,16.261227026327));
#13874=CARTESIAN_POINT('',(29.,232.577251788713,20.261227026327));
#13875=CARTESIAN_POINT('',(29.,234.886652865472,16.261227026327));
#13876=CARTESIAN_POINT('',(34.,232.577251788713,20.261227026327));
#13877=CARTESIAN_POINT('Origin',(34.,227.958449635196,20.261227026327));
#13878=CARTESIAN_POINT('',(34.,227.958449635196,20.261227026327));
#13879=CARTESIAN_POINT('',(34.,232.577251788713,20.261227026327));
#13880=CARTESIAN_POINT('',(29.,227.958449635196,20.261227026327));
#13881=CARTESIAN_POINT('',(29.,232.577251788713,20.261227026327));
#13882=CARTESIAN_POINT('',(34.,227.958449635196,20.261227026327));
#13883=CARTESIAN_POINT('Origin',(34.,225.649048558438,16.2612270263271));
#13884=CARTESIAN_POINT('',(34.,225.649048558438,16.2612270263271));
#13885=CARTESIAN_POINT('',(34.,227.958449635196,20.261227026327));
#13886=CARTESIAN_POINT('',(29.,225.649048558438,16.2612270263271));
#13887=CARTESIAN_POINT('',(29.,227.958449635196,20.261227026327));
#13888=CARTESIAN_POINT('',(34.,225.649048558438,16.2612270263271));
#13889=CARTESIAN_POINT('Origin',(34.,227.958449635196,12.261227026327));
#13890=CARTESIAN_POINT('',(34.,225.649048558438,16.2612270263271));
#13891=CARTESIAN_POINT('',(29.,225.649048558438,16.2612270263271));
#13892=CARTESIAN_POINT('Origin',(34.,230.267850711955,16.261227026327));
#13893=CARTESIAN_POINT('Origin',(29.,230.267850711955,16.261227026327));
#13894=CARTESIAN_POINT('Origin',(34.,225.591139523865,60.7571617169494));
#13895=CARTESIAN_POINT('',(29.,222.891139523865,60.7571617169494));
#13896=CARTESIAN_POINT('Origin',(29.,225.591139523865,60.7571617169494));
#13897=CARTESIAN_POINT('',(34.,222.891139523865,60.7571617169494));
#13898=CARTESIAN_POINT('',(34.,222.891139523865,60.7571617169494));
#13899=CARTESIAN_POINT('Origin',(34.,225.591139523865,60.7571617169494));
#13900=CARTESIAN_POINT('Origin',(34.,224.163851164773,56.3644198313689));
#13901=CARTESIAN_POINT('',(34.,221.073269279139,59.796858751659));
#13902=CARTESIAN_POINT('',(34.,224.163851164773,56.3644198313689));
#13903=CARTESIAN_POINT('',(34.,221.073269279139,59.796858751659));
#13904=CARTESIAN_POINT('',(29.,221.073269279139,59.796858751659));
#13905=CARTESIAN_POINT('',(34.,221.073269279139,59.796858751659));
#13906=CARTESIAN_POINT('',(29.,224.163851164773,56.3644198313689));
#13907=CARTESIAN_POINT('',(29.,221.073269279139,59.796858751659));
#13908=CARTESIAN_POINT('',(34.,224.163851164773,56.3644198313689));
#13909=CARTESIAN_POINT('Origin',(34.,228.6817214095,57.3247227966593));
#13910=CARTESIAN_POINT('',(34.,228.6817214095,57.3247227966593));
#13911=CARTESIAN_POINT('',(34.,224.163851164773,56.3644198313689));
#13912=CARTESIAN_POINT('',(29.,228.6817214095,57.3247227966593));
#13913=CARTESIAN_POINT('',(29.,224.163851164773,56.3644198313689));
#13914=CARTESIAN_POINT('',(34.,228.6817214095,57.3247227966593));
#13915=CARTESIAN_POINT('Origin',(34.,230.109009768592,61.7174646822398));
#13916=CARTESIAN_POINT('',(34.,230.109009768592,61.7174646822398));
#13917=CARTESIAN_POINT('',(34.,228.6817214095,57.3247227966593));
#13918=CARTESIAN_POINT('',(29.,230.109009768592,61.7174646822398));
#13919=CARTESIAN_POINT('',(29.,228.6817214095,57.3247227966593));
#13920=CARTESIAN_POINT('',(34.,230.109009768592,61.7174646822398));
#13921=CARTESIAN_POINT('Origin',(34.,227.018427882958,65.1499036025298));
#13922=CARTESIAN_POINT('',(34.,227.018427882958,65.1499036025298));
#13923=CARTESIAN_POINT('',(34.,230.109009768592,61.7174646822398));
#13924=CARTESIAN_POINT('',(29.,227.018427882958,65.1499036025298));
#13925=CARTESIAN_POINT('',(29.,230.109009768592,61.7174646822398));
#13926=CARTESIAN_POINT('',(34.,227.018427882958,65.1499036025298));
#13927=CARTESIAN_POINT('Origin',(34.,222.500557638231,64.1896006372394));
#13928=CARTESIAN_POINT('',(34.,222.500557638231,64.1896006372394));
#13929=CARTESIAN_POINT('',(34.,227.018427882958,65.1499036025298));
#13930=CARTESIAN_POINT('',(29.,222.500557638231,64.1896006372394));
#13931=CARTESIAN_POINT('',(29.,227.018427882958,65.1499036025298));
#13932=CARTESIAN_POINT('',(34.,222.500557638231,64.1896006372394));
#13933=CARTESIAN_POINT('Origin',(34.,221.073269279139,59.796858751659));
#13934=CARTESIAN_POINT('',(34.,222.500557638231,64.1896006372394));
#13935=CARTESIAN_POINT('',(29.,222.500557638231,64.1896006372394));
#13936=CARTESIAN_POINT('Origin',(34.,225.591139523865,60.7571617169494));
#13937=CARTESIAN_POINT('Origin',(29.,225.591139523865,60.7571617169494));
#13938=CARTESIAN_POINT('Origin',(34.,310.227436796185,88.25716171695));
#13939=CARTESIAN_POINT('',(29.,307.527436796185,88.25716171695));
#13940=CARTESIAN_POINT('Origin',(29.,310.227436796185,88.25716171695));
#13941=CARTESIAN_POINT('',(34.,307.527436796185,88.25716171695));
#13942=CARTESIAN_POINT('',(34.,307.527436796185,88.25716171695));
#13943=CARTESIAN_POINT('Origin',(34.,310.227436796185,88.25716171695));
#13944=CARTESIAN_POINT('Origin',(34.,306.490747360334,90.9720255060441));
#13945=CARTESIAN_POINT('',(34.,310.71023308743,92.8506615889968));
#13946=CARTESIAN_POINT('',(34.,306.490747360334,90.9720255060441));
#13947=CARTESIAN_POINT('',(34.,310.71023308743,92.8506615889968));
#13948=CARTESIAN_POINT('',(29.,310.71023308743,92.8506615889968));
#13949=CARTESIAN_POINT('',(34.,310.71023308743,92.8506615889968));
#13950=CARTESIAN_POINT('',(29.,306.490747360334,90.9720255060441));
#13951=CARTESIAN_POINT('',(29.,310.71023308743,92.8506615889968));
#13952=CARTESIAN_POINT('',(34.,306.490747360334,90.9720255060441));
#13953=CARTESIAN_POINT('Origin',(34.,306.00795106909,86.3785256339973));
#13954=CARTESIAN_POINT('',(34.,306.00795106909,86.3785256339973));
#13955=CARTESIAN_POINT('',(34.,306.490747360334,90.9720255060441));
#13956=CARTESIAN_POINT('',(29.,306.00795106909,86.3785256339973));
#13957=CARTESIAN_POINT('',(29.,306.490747360334,90.9720255060441));
#13958=CARTESIAN_POINT('',(34.,306.00795106909,86.3785256339973));
#13959=CARTESIAN_POINT('Origin',(34.,309.744640504941,83.6636618449033));
#13960=CARTESIAN_POINT('',(34.,309.744640504941,83.6636618449033));
#13961=CARTESIAN_POINT('',(34.,306.00795106909,86.3785256339973));
#13962=CARTESIAN_POINT('',(29.,309.744640504941,83.6636618449033));
#13963=CARTESIAN_POINT('',(29.,306.00795106909,86.3785256339973));
#13964=CARTESIAN_POINT('',(34.,309.744640504941,83.6636618449033));
#13965=CARTESIAN_POINT('Origin',(34.,313.964126232036,85.542297927856));
#13966=CARTESIAN_POINT('',(34.,313.964126232036,85.542297927856));
#13967=CARTESIAN_POINT('',(34.,309.744640504941,83.6636618449033));
#13968=CARTESIAN_POINT('',(29.,313.964126232036,85.542297927856));
#13969=CARTESIAN_POINT('',(29.,309.744640504941,83.6636618449033));
#13970=CARTESIAN_POINT('',(34.,313.964126232036,85.542297927856));
#13971=CARTESIAN_POINT('Origin',(34.,314.44692252328,90.1357977999028));
#13972=CARTESIAN_POINT('',(34.,314.44692252328,90.1357977999028));
#13973=CARTESIAN_POINT('',(34.,313.964126232036,85.542297927856));
#13974=CARTESIAN_POINT('',(29.,314.44692252328,90.1357977999028));
#13975=CARTESIAN_POINT('',(29.,313.964126232036,85.542297927856));
#13976=CARTESIAN_POINT('',(34.,314.44692252328,90.1357977999028));
#13977=CARTESIAN_POINT('Origin',(34.,310.71023308743,92.8506615889968));
#13978=CARTESIAN_POINT('',(34.,314.44692252328,90.1357977999028));
#13979=CARTESIAN_POINT('',(29.,314.44692252328,90.1357977999028));
#13980=CARTESIAN_POINT('Origin',(34.,310.227436796185,88.2571617169501));
#13981=CARTESIAN_POINT('Origin',(29.,310.227436796185,88.2571617169501));
#13982=CARTESIAN_POINT('Origin',(34.,255.52873255093,94.0062271966707));
#13983=CARTESIAN_POINT('',(29.,252.82873255093,94.0062271966707));
#13984=CARTESIAN_POINT('Origin',(29.,255.52873255093,94.0062271966707));
#13985=CARTESIAN_POINT('',(34.,252.82873255093,94.0062271966707));
#13986=CARTESIAN_POINT('',(34.,252.82873255093,94.0062271966707));
#13987=CARTESIAN_POINT('Origin',(34.,255.52873255093,94.0062271966707));
#13988=CARTESIAN_POINT('Origin',(34.,251.309246823834,92.127591113718));
#13989=CARTESIAN_POINT('',(34.,251.792043115079,96.7210909857647));
#13990=CARTESIAN_POINT('',(34.,251.309246823834,92.127591113718));
#13991=CARTESIAN_POINT('',(34.,251.792043115079,96.7210909857647));
#13992=CARTESIAN_POINT('',(29.,251.792043115079,96.7210909857647));
#13993=CARTESIAN_POINT('',(34.,251.792043115079,96.7210909857647));
#13994=CARTESIAN_POINT('',(29.,251.309246823834,92.127591113718));
#13995=CARTESIAN_POINT('',(29.,251.792043115079,96.7210909857647));
#13996=CARTESIAN_POINT('',(34.,251.309246823834,92.127591113718));
#13997=CARTESIAN_POINT('Origin',(34.,255.045936259685,89.4127273246239));
#13998=CARTESIAN_POINT('',(34.,255.045936259685,89.4127273246239));
#13999=CARTESIAN_POINT('',(34.,251.309246823834,92.127591113718));
#14000=CARTESIAN_POINT('',(29.,255.045936259685,89.4127273246239));
#14001=CARTESIAN_POINT('',(29.,251.309246823834,92.127591113718));
#14002=CARTESIAN_POINT('',(34.,255.045936259685,89.4127273246239));
#14003=CARTESIAN_POINT('Origin',(34.,259.265421986781,91.2913634075767));
#14004=CARTESIAN_POINT('',(34.,259.265421986781,91.2913634075767));
#14005=CARTESIAN_POINT('',(34.,255.045936259685,89.4127273246239));
#14006=CARTESIAN_POINT('',(29.,259.265421986781,91.2913634075767));
#14007=CARTESIAN_POINT('',(29.,255.045936259685,89.4127273246239));
#14008=CARTESIAN_POINT('',(34.,259.265421986781,91.2913634075767));
#14009=CARTESIAN_POINT('Origin',(34.,259.748218278025,95.8848632796234));
#14010=CARTESIAN_POINT('',(34.,259.748218278025,95.8848632796234));
#14011=CARTESIAN_POINT('',(34.,259.265421986781,91.2913634075767));
#14012=CARTESIAN_POINT('',(29.,259.748218278025,95.8848632796234));
#14013=CARTESIAN_POINT('',(29.,259.265421986781,91.2913634075767));
#14014=CARTESIAN_POINT('',(34.,259.748218278025,95.8848632796234));
#14015=CARTESIAN_POINT('Origin',(34.,256.011528842174,98.5997270687175));
#14016=CARTESIAN_POINT('',(34.,256.011528842174,98.5997270687175));
#14017=CARTESIAN_POINT('',(34.,259.748218278025,95.8848632796234));
#14018=CARTESIAN_POINT('',(29.,256.011528842174,98.5997270687175));
#14019=CARTESIAN_POINT('',(29.,259.748218278025,95.8848632796234));
#14020=CARTESIAN_POINT('',(34.,256.011528842174,98.5997270687175));
#14021=CARTESIAN_POINT('Origin',(34.,251.792043115079,96.7210909857647));
#14022=CARTESIAN_POINT('',(34.,256.011528842174,98.5997270687175));
#14023=CARTESIAN_POINT('',(29.,256.011528842174,98.5997270687175));
#14024=CARTESIAN_POINT('Origin',(34.,255.52873255093,94.0062271966707));
#14025=CARTESIAN_POINT('Origin',(29.,255.52873255093,94.0062271966707));
#14026=CARTESIAN_POINT('Origin',(34.,277.899247920099,98.7612270263278));
#14027=CARTESIAN_POINT('',(29.,275.199247920099,98.7612270263278));
#14028=CARTESIAN_POINT('Origin',(29.,277.899247920099,98.7612270263278));
#14029=CARTESIAN_POINT('',(34.,275.199247920099,98.7612270263278));
#14030=CARTESIAN_POINT('',(34.,275.199247920099,98.7612270263278));
#14031=CARTESIAN_POINT('Origin',(34.,277.899247920099,98.7612270263278));
#14032=CARTESIAN_POINT('Origin',(34.,280.208648996857,102.761227026328));
#14033=CARTESIAN_POINT('',(34.,282.518050073616,98.7612270263278));
#14034=CARTESIAN_POINT('',(34.,280.208648996857,102.761227026328));
#14035=CARTESIAN_POINT('',(34.,282.518050073616,98.7612270263278));
#14036=CARTESIAN_POINT('',(29.,282.518050073616,98.7612270263278));
#14037=CARTESIAN_POINT('',(34.,282.518050073616,98.7612270263278));
#14038=CARTESIAN_POINT('',(29.,280.208648996857,102.761227026328));
#14039=CARTESIAN_POINT('',(29.,282.518050073616,98.7612270263278));
#14040=CARTESIAN_POINT('',(34.,280.208648996857,102.761227026328));
#14041=CARTESIAN_POINT('Origin',(34.,275.58984684334,102.761227026328));
#14042=CARTESIAN_POINT('',(34.,275.58984684334,102.761227026328));
#14043=CARTESIAN_POINT('',(34.,280.208648996857,102.761227026328));
#14044=CARTESIAN_POINT('',(29.,275.58984684334,102.761227026328));
#14045=CARTESIAN_POINT('',(29.,280.208648996857,102.761227026328));
#14046=CARTESIAN_POINT('',(34.,275.58984684334,102.761227026328));
#14047=CARTESIAN_POINT('Origin',(34.,273.280445766582,98.7612270263279));
#14048=CARTESIAN_POINT('',(34.,273.280445766582,98.7612270263279));
#14049=CARTESIAN_POINT('',(34.,275.58984684334,102.761227026328));
#14050=CARTESIAN_POINT('',(29.,273.280445766582,98.7612270263279));
#14051=CARTESIAN_POINT('',(29.,275.58984684334,102.761227026328));
#14052=CARTESIAN_POINT('',(34.,273.280445766582,98.7612270263279));
#14053=CARTESIAN_POINT('Origin',(34.,275.58984684334,94.7612270263279));
#14054=CARTESIAN_POINT('',(34.,275.58984684334,94.7612270263279));
#14055=CARTESIAN_POINT('',(34.,273.280445766582,98.7612270263279));
#14056=CARTESIAN_POINT('',(29.,275.58984684334,94.7612270263279));
#14057=CARTESIAN_POINT('',(29.,273.280445766582,98.7612270263279));
#14058=CARTESIAN_POINT('',(34.,275.58984684334,94.7612270263279));
#14059=CARTESIAN_POINT('Origin',(34.,280.208648996857,94.7612270263279));
#14060=CARTESIAN_POINT('',(34.,280.208648996857,94.7612270263279));
#14061=CARTESIAN_POINT('',(34.,275.58984684334,94.7612270263279));
#14062=CARTESIAN_POINT('',(29.,280.208648996857,94.7612270263279));
#14063=CARTESIAN_POINT('',(29.,275.58984684334,94.7612270263279));
#14064=CARTESIAN_POINT('',(34.,280.208648996857,94.7612270263279));
#14065=CARTESIAN_POINT('Origin',(34.,282.518050073616,98.7612270263278));
#14066=CARTESIAN_POINT('',(34.,280.208648996857,94.7612270263279));
#14067=CARTESIAN_POINT('',(29.,280.208648996857,94.7612270263279));
#14068=CARTESIAN_POINT('Origin',(34.,277.899247920099,98.7612270263278));
#14069=CARTESIAN_POINT('Origin',(29.,277.899247920099,98.7612270263278));
#14070=CARTESIAN_POINT('Origin',(34.,300.269763289268,94.006227196671));
#14071=CARTESIAN_POINT('',(29.,297.569763289268,94.006227196671));
#14072=CARTESIAN_POINT('Origin',(29.,300.269763289268,94.006227196671));
#14073=CARTESIAN_POINT('',(34.,297.569763289268,94.006227196671));
#14074=CARTESIAN_POINT('',(34.,297.569763289268,94.006227196671));
#14075=CARTESIAN_POINT('Origin',(34.,300.269763289268,94.006227196671));
#14076=CARTESIAN_POINT('Origin',(34.,296.050277562173,95.8848632796238));
#14077=CARTESIAN_POINT('',(34.,299.786966998024,98.5997270687178));
#14078=CARTESIAN_POINT('',(34.,296.050277562173,95.8848632796238));
#14079=CARTESIAN_POINT('',(34.,299.786966998024,98.5997270687178));
#14080=CARTESIAN_POINT('',(29.,299.786966998024,98.5997270687178));
#14081=CARTESIAN_POINT('',(34.,299.786966998024,98.5997270687178));
#14082=CARTESIAN_POINT('',(29.,296.050277562173,95.8848632796238));
#14083=CARTESIAN_POINT('',(29.,299.786966998024,98.5997270687178));
#14084=CARTESIAN_POINT('',(34.,296.050277562173,95.8848632796238));
#14085=CARTESIAN_POINT('Origin',(34.,296.533073853417,91.291363407577));
#14086=CARTESIAN_POINT('',(34.,296.533073853417,91.291363407577));
#14087=CARTESIAN_POINT('',(34.,296.050277562173,95.8848632796238));
#14088=CARTESIAN_POINT('',(29.,296.533073853417,91.291363407577));
#14089=CARTESIAN_POINT('',(29.,296.050277562173,95.8848632796238));
#14090=CARTESIAN_POINT('',(34.,296.533073853417,91.291363407577));
#14091=CARTESIAN_POINT('Origin',(34.,300.752559580512,89.4127273246242));
#14092=CARTESIAN_POINT('',(34.,300.752559580512,89.4127273246242));
#14093=CARTESIAN_POINT('',(34.,296.533073853417,91.291363407577));
#14094=CARTESIAN_POINT('',(29.,300.752559580512,89.4127273246242));
#14095=CARTESIAN_POINT('',(29.,296.533073853417,91.291363407577));
#14096=CARTESIAN_POINT('',(34.,300.752559580512,89.4127273246242));
#14097=CARTESIAN_POINT('Origin',(34.,304.489249016363,92.1275911137182));
#14098=CARTESIAN_POINT('',(34.,304.489249016363,92.1275911137182));
#14099=CARTESIAN_POINT('',(34.,300.752559580512,89.4127273246242));
#14100=CARTESIAN_POINT('',(29.,304.489249016363,92.1275911137182));
#14101=CARTESIAN_POINT('',(29.,300.752559580512,89.4127273246242));
#14102=CARTESIAN_POINT('',(34.,304.489249016363,92.1275911137182));
#14103=CARTESIAN_POINT('Origin',(34.,304.006452725119,96.721090985765));
#14104=CARTESIAN_POINT('',(34.,304.006452725119,96.721090985765));
#14105=CARTESIAN_POINT('',(34.,304.489249016363,92.1275911137182));
#14106=CARTESIAN_POINT('',(29.,304.006452725119,96.721090985765));
#14107=CARTESIAN_POINT('',(29.,304.489249016363,92.1275911137182));
#14108=CARTESIAN_POINT('',(34.,304.006452725119,96.721090985765));
#14109=CARTESIAN_POINT('Origin',(34.,299.786966998024,98.5997270687178));
#14110=CARTESIAN_POINT('',(34.,304.006452725119,96.721090985765));
#14111=CARTESIAN_POINT('',(29.,304.006452725119,96.721090985765));
#14112=CARTESIAN_POINT('Origin',(34.,300.269763289268,94.006227196671));
#14113=CARTESIAN_POINT('Origin',(29.,300.269763289268,94.006227196671));
#14114=CARTESIAN_POINT('Origin',(34.,230.267850711955,71.2612270263273));
#14115=CARTESIAN_POINT('',(29.,227.567850711955,71.2612270263273));
#14116=CARTESIAN_POINT('Origin',(29.,230.267850711955,71.2612270263273));
#14117=CARTESIAN_POINT('',(34.,227.567850711955,71.2612270263273));
#14118=CARTESIAN_POINT('',(34.,227.567850711955,71.2612270263273));
#14119=CARTESIAN_POINT('Origin',(34.,230.267850711955,71.2612270263273));
#14120=CARTESIAN_POINT('Origin',(34.,227.958449635196,67.2612270263274));
#14121=CARTESIAN_POINT('',(34.,225.649048558438,71.2612270263273));
#14122=CARTESIAN_POINT('',(34.,227.958449635196,67.2612270263274));
#14123=CARTESIAN_POINT('',(34.,225.649048558438,71.2612270263273));
#14124=CARTESIAN_POINT('',(29.,225.649048558438,71.2612270263273));
#14125=CARTESIAN_POINT('',(34.,225.649048558438,71.2612270263273));
#14126=CARTESIAN_POINT('',(29.,227.958449635196,67.2612270263274));
#14127=CARTESIAN_POINT('',(29.,225.649048558438,71.2612270263273));
#14128=CARTESIAN_POINT('',(34.,227.958449635196,67.2612270263274));
#14129=CARTESIAN_POINT('Origin',(34.,232.577251788713,67.2612270263274));
#14130=CARTESIAN_POINT('',(34.,232.577251788713,67.2612270263274));
#14131=CARTESIAN_POINT('',(34.,227.958449635196,67.2612270263274));
#14132=CARTESIAN_POINT('',(29.,232.577251788713,67.2612270263274));
#14133=CARTESIAN_POINT('',(29.,227.958449635196,67.2612270263274));
#14134=CARTESIAN_POINT('',(34.,232.577251788713,67.2612270263274));
#14135=CARTESIAN_POINT('Origin',(34.,234.886652865472,71.2612270263273));
#14136=CARTESIAN_POINT('',(34.,234.886652865472,71.2612270263273));
#14137=CARTESIAN_POINT('',(34.,232.577251788713,67.2612270263274));
#14138=CARTESIAN_POINT('',(29.,234.886652865472,71.2612270263273));
#14139=CARTESIAN_POINT('',(29.,232.577251788713,67.2612270263274));
#14140=CARTESIAN_POINT('',(34.,234.886652865472,71.2612270263273));
#14141=CARTESIAN_POINT('Origin',(34.,232.577251788713,75.2612270263274));
#14142=CARTESIAN_POINT('',(34.,232.577251788713,75.2612270263274));
#14143=CARTESIAN_POINT('',(34.,234.886652865472,71.2612270263273));
#14144=CARTESIAN_POINT('',(29.,232.577251788713,75.2612270263274));
#14145=CARTESIAN_POINT('',(29.,234.886652865472,71.2612270263273));
#14146=CARTESIAN_POINT('',(34.,232.577251788713,75.2612270263274));
#14147=CARTESIAN_POINT('Origin',(34.,227.958449635196,75.2612270263274));
#14148=CARTESIAN_POINT('',(34.,227.958449635196,75.2612270263274));
#14149=CARTESIAN_POINT('',(34.,232.577251788713,75.2612270263274));
#14150=CARTESIAN_POINT('',(29.,227.958449635196,75.2612270263274));
#14151=CARTESIAN_POINT('',(29.,232.577251788713,75.2612270263274));
#14152=CARTESIAN_POINT('',(34.,227.958449635196,75.2612270263274));
#14153=CARTESIAN_POINT('Origin',(34.,225.649048558438,71.2612270263273));
#14154=CARTESIAN_POINT('',(34.,227.958449635196,75.2612270263274));
#14155=CARTESIAN_POINT('',(29.,227.958449635196,75.2612270263274));
#14156=CARTESIAN_POINT('Origin',(34.,230.267850711955,71.2612270263274));
#14157=CARTESIAN_POINT('Origin',(29.,230.267850711955,71.2612270263274));
#14158=CARTESIAN_POINT('Origin',(34.,225.591139523866,26.7652923357049));
#14159=CARTESIAN_POINT('',(29.,222.891139523866,26.7652923357049));
#14160=CARTESIAN_POINT('Origin',(29.,225.591139523866,26.7652923357049));
#14161=CARTESIAN_POINT('',(34.,222.891139523866,26.7652923357049));
#14162=CARTESIAN_POINT('',(34.,222.891139523866,26.7652923357049));
#14163=CARTESIAN_POINT('Origin',(34.,225.591139523866,26.7652923357049));
#14164=CARTESIAN_POINT('Origin',(34.,227.018427882958,22.3725504501245));
#14165=CARTESIAN_POINT('',(34.,222.500557638231,23.3328534154149));
#14166=CARTESIAN_POINT('',(34.,227.018427882958,22.3725504501245));
#14167=CARTESIAN_POINT('',(34.,222.500557638231,23.3328534154149));
#14168=CARTESIAN_POINT('',(29.,222.500557638231,23.3328534154149));
#14169=CARTESIAN_POINT('',(34.,222.500557638231,23.3328534154149));
#14170=CARTESIAN_POINT('',(29.,227.018427882958,22.3725504501245));
#14171=CARTESIAN_POINT('',(29.,222.500557638231,23.3328534154149));
#14172=CARTESIAN_POINT('',(34.,227.018427882958,22.3725504501245));
#14173=CARTESIAN_POINT('Origin',(34.,230.109009768592,25.8049893704145));
#14174=CARTESIAN_POINT('',(34.,230.109009768592,25.8049893704145));
#14175=CARTESIAN_POINT('',(34.,227.018427882958,22.3725504501245));
#14176=CARTESIAN_POINT('',(29.,230.109009768592,25.8049893704145));
#14177=CARTESIAN_POINT('',(29.,227.018427882958,22.3725504501245));
#14178=CARTESIAN_POINT('',(34.,230.109009768592,25.8049893704145));
#14179=CARTESIAN_POINT('Origin',(34.,228.6817214095,30.1977312559949));
#14180=CARTESIAN_POINT('',(34.,228.6817214095,30.1977312559949));
#14181=CARTESIAN_POINT('',(34.,230.109009768592,25.8049893704145));
#14182=CARTESIAN_POINT('',(29.,228.6817214095,30.1977312559949));
#14183=CARTESIAN_POINT('',(29.,230.109009768592,25.8049893704145));
#14184=CARTESIAN_POINT('',(34.,228.6817214095,30.1977312559949));
#14185=CARTESIAN_POINT('Origin',(34.,224.163851164773,31.1580342212854));
#14186=CARTESIAN_POINT('',(34.,224.163851164773,31.1580342212854));
#14187=CARTESIAN_POINT('',(34.,228.6817214095,30.1977312559949));
#14188=CARTESIAN_POINT('',(29.,224.163851164773,31.1580342212854));
#14189=CARTESIAN_POINT('',(29.,228.6817214095,30.1977312559949));
#14190=CARTESIAN_POINT('',(34.,224.163851164773,31.1580342212854));
#14191=CARTESIAN_POINT('Origin',(34.,221.073269279139,27.7255953009954));
#14192=CARTESIAN_POINT('',(34.,221.073269279139,27.7255953009954));
#14193=CARTESIAN_POINT('',(34.,224.163851164773,31.1580342212854));
#14194=CARTESIAN_POINT('',(29.,221.073269279139,27.7255953009954));
#14195=CARTESIAN_POINT('',(29.,224.163851164773,31.1580342212854));
#14196=CARTESIAN_POINT('',(34.,221.073269279139,27.7255953009954));
#14197=CARTESIAN_POINT('Origin',(34.,222.500557638231,23.3328534154149));
#14198=CARTESIAN_POINT('',(34.,221.073269279139,27.7255953009954));
#14199=CARTESIAN_POINT('',(29.,221.073269279139,27.7255953009954));
#14200=CARTESIAN_POINT('Origin',(34.,225.591139523866,26.765292335705));
#14201=CARTESIAN_POINT('Origin',(29.,225.591139523866,26.765292335705));
#14202=CARTESIAN_POINT('Origin',(34.,255.52873255093,-6.48377314401598));
#14203=CARTESIAN_POINT('',(29.,252.82873255093,-6.48377314401598));
#14204=CARTESIAN_POINT('Origin',(29.,255.52873255093,-6.48377314401598));
#14205=CARTESIAN_POINT('',(34.,252.82873255093,-6.48377314401598));
#14206=CARTESIAN_POINT('',(34.,252.82873255093,-6.48377314401598));
#14207=CARTESIAN_POINT('Origin',(34.,255.52873255093,-6.48377314401598));
#14208=CARTESIAN_POINT('Origin',(34.,259.748218278026,-8.36240922696881));
#14209=CARTESIAN_POINT('',(34.,256.011528842175,-11.0772730160627));
#14210=CARTESIAN_POINT('',(34.,259.748218278026,-8.36240922696881));
#14211=CARTESIAN_POINT('',(34.,256.011528842175,-11.0772730160627));
#14212=CARTESIAN_POINT('',(29.,256.011528842175,-11.0772730160627));
#14213=CARTESIAN_POINT('',(34.,256.011528842175,-11.0772730160627));
#14214=CARTESIAN_POINT('',(29.,259.748218278026,-8.36240922696881));
#14215=CARTESIAN_POINT('',(29.,256.011528842175,-11.0772730160627));
#14216=CARTESIAN_POINT('',(34.,259.748218278026,-8.36240922696881));
#14217=CARTESIAN_POINT('Origin',(34.,259.265421986781,-3.76890935492199));
#14218=CARTESIAN_POINT('',(34.,259.265421986781,-3.76890935492199));
#14219=CARTESIAN_POINT('',(34.,259.748218278026,-8.36240922696881));
#14220=CARTESIAN_POINT('',(29.,259.265421986781,-3.76890935492199));
#14221=CARTESIAN_POINT('',(29.,259.748218278026,-8.36240922696881));
#14222=CARTESIAN_POINT('',(34.,259.265421986781,-3.76890935492199));
#14223=CARTESIAN_POINT('Origin',(34.,255.045936259686,-1.8902732719692));
#14224=CARTESIAN_POINT('',(34.,255.045936259686,-1.8902732719692));
#14225=CARTESIAN_POINT('',(34.,259.265421986781,-3.76890935492199));
#14226=CARTESIAN_POINT('',(29.,255.045936259686,-1.8902732719692));
#14227=CARTESIAN_POINT('',(29.,259.265421986781,-3.76890935492199));
#14228=CARTESIAN_POINT('',(34.,255.045936259686,-1.8902732719692));
#14229=CARTESIAN_POINT('Origin',(34.,251.309246823835,-4.60513706106315));
#14230=CARTESIAN_POINT('',(34.,251.309246823835,-4.60513706106315));
#14231=CARTESIAN_POINT('',(34.,255.045936259686,-1.8902732719692));
#14232=CARTESIAN_POINT('',(29.,251.309246823835,-4.60513706106315));
#14233=CARTESIAN_POINT('',(29.,255.045936259686,-1.8902732719692));
#14234=CARTESIAN_POINT('',(34.,251.309246823835,-4.60513706106315));
#14235=CARTESIAN_POINT('Origin',(34.,251.792043115079,-9.19863693310996));
#14236=CARTESIAN_POINT('',(34.,251.792043115079,-9.19863693310996));
#14237=CARTESIAN_POINT('',(34.,251.309246823835,-4.60513706106315));
#14238=CARTESIAN_POINT('',(29.,251.792043115079,-9.19863693310996));
#14239=CARTESIAN_POINT('',(29.,251.309246823835,-4.60513706106315));
#14240=CARTESIAN_POINT('',(34.,251.792043115079,-9.19863693310996));
#14241=CARTESIAN_POINT('Origin',(34.,256.011528842175,-11.0772730160627));
#14242=CARTESIAN_POINT('',(34.,251.792043115079,-9.19863693310996));
#14243=CARTESIAN_POINT('',(29.,251.792043115079,-9.19863693310996));
#14244=CARTESIAN_POINT('Origin',(34.,255.52873255093,-6.48377314401597));
#14245=CARTESIAN_POINT('Origin',(29.,255.52873255093,-6.48377314401597));
#14246=CARTESIAN_POINT('Origin',(34.,300.269763289269,-6.48377314401571));
#14247=CARTESIAN_POINT('',(29.,297.569763289269,-6.48377314401571));
#14248=CARTESIAN_POINT('Origin',(29.,300.269763289269,-6.48377314401571));
#14249=CARTESIAN_POINT('',(34.,297.569763289269,-6.48377314401571));
#14250=CARTESIAN_POINT('',(34.,297.569763289269,-6.48377314401571));
#14251=CARTESIAN_POINT('Origin',(34.,300.269763289269,-6.48377314401571));
#14252=CARTESIAN_POINT('Origin',(34.,304.489249016364,-4.60513706106298));
#14253=CARTESIAN_POINT('',(34.,304.006452725119,-9.19863693310973));
#14254=CARTESIAN_POINT('',(34.,304.489249016364,-4.60513706106298));
#14255=CARTESIAN_POINT('',(34.,304.006452725119,-9.19863693310973));
#14256=CARTESIAN_POINT('',(29.,304.006452725119,-9.19863693310973));
#14257=CARTESIAN_POINT('',(34.,304.006452725119,-9.19863693310973));
#14258=CARTESIAN_POINT('',(29.,304.489249016364,-4.60513706106298));
#14259=CARTESIAN_POINT('',(29.,304.006452725119,-9.19863693310973));
#14260=CARTESIAN_POINT('',(34.,304.489249016364,-4.60513706106298));
#14261=CARTESIAN_POINT('Origin',(34.,300.752559580513,-1.89027327196893));
#14262=CARTESIAN_POINT('',(34.,300.752559580513,-1.89027327196893));
#14263=CARTESIAN_POINT('',(34.,304.489249016364,-4.60513706106298));
#14264=CARTESIAN_POINT('',(29.,300.752559580513,-1.89027327196893));
#14265=CARTESIAN_POINT('',(29.,304.489249016364,-4.60513706106298));
#14266=CARTESIAN_POINT('',(34.,300.752559580513,-1.89027327196893));
#14267=CARTESIAN_POINT('Origin',(34.,296.533073853418,-3.7689093549217));
#14268=CARTESIAN_POINT('',(34.,296.533073853418,-3.7689093549217));
#14269=CARTESIAN_POINT('',(34.,300.752559580513,-1.89027327196893));
#14270=CARTESIAN_POINT('',(29.,296.533073853418,-3.7689093549217));
#14271=CARTESIAN_POINT('',(29.,300.752559580513,-1.89027327196893));
#14272=CARTESIAN_POINT('',(34.,296.533073853418,-3.7689093549217));
#14273=CARTESIAN_POINT('Origin',(34.,296.050277562173,-8.36240922696845));
#14274=CARTESIAN_POINT('',(34.,296.050277562173,-8.36240922696845));
#14275=CARTESIAN_POINT('',(34.,296.533073853418,-3.7689093549217));
#14276=CARTESIAN_POINT('',(29.,296.050277562173,-8.36240922696845));
#14277=CARTESIAN_POINT('',(29.,296.533073853418,-3.7689093549217));
#14278=CARTESIAN_POINT('',(34.,296.050277562173,-8.36240922696845));
#14279=CARTESIAN_POINT('Origin',(34.,299.786966998024,-11.0772730160625));
#14280=CARTESIAN_POINT('',(34.,299.786966998024,-11.0772730160625));
#14281=CARTESIAN_POINT('',(34.,296.050277562173,-8.36240922696845));
#14282=CARTESIAN_POINT('',(29.,299.786966998024,-11.0772730160625));
#14283=CARTESIAN_POINT('',(29.,296.050277562173,-8.36240922696845));
#14284=CARTESIAN_POINT('',(34.,299.786966998024,-11.0772730160625));
#14285=CARTESIAN_POINT('Origin',(34.,304.006452725119,-9.19863693310973));
#14286=CARTESIAN_POINT('',(34.,299.786966998024,-11.0772730160625));
#14287=CARTESIAN_POINT('',(29.,299.786966998024,-11.0772730160625));
#14288=CARTESIAN_POINT('Origin',(34.,300.269763289269,-6.48377314401571));
#14289=CARTESIAN_POINT('Origin',(29.,300.269763289269,-6.48377314401571));
#14290=CARTESIAN_POINT('Origin',(34.,330.207356316333,26.7652923357057));
#14291=CARTESIAN_POINT('',(29.,327.507356316333,26.7652923357057));
#14292=CARTESIAN_POINT('Origin',(29.,330.207356316333,26.7652923357057));
#14293=CARTESIAN_POINT('',(34.,327.507356316333,26.7652923357057));
#14294=CARTESIAN_POINT('',(34.,327.507356316333,26.7652923357057));
#14295=CARTESIAN_POINT('Origin',(34.,330.207356316333,26.7652923357057));
#14296=CARTESIAN_POINT('Origin',(34.,331.634644675425,31.1580342212861));
#14297=CARTESIAN_POINT('',(34.,334.72522656106,27.7255953009961));
#14298=CARTESIAN_POINT('',(34.,331.634644675425,31.1580342212861));
#14299=CARTESIAN_POINT('',(34.,334.72522656106,27.7255953009961));
#14300=CARTESIAN_POINT('',(29.,334.72522656106,27.7255953009961));
#14301=CARTESIAN_POINT('',(34.,334.72522656106,27.7255953009961));
#14302=CARTESIAN_POINT('',(29.,331.634644675425,31.1580342212861));
#14303=CARTESIAN_POINT('',(29.,334.72522656106,27.7255953009961));
#14304=CARTESIAN_POINT('',(34.,331.634644675425,31.1580342212861));
#14305=CARTESIAN_POINT('Origin',(34.,327.116774430699,30.1977312559957));
#14306=CARTESIAN_POINT('',(34.,327.116774430699,30.1977312559957));
#14307=CARTESIAN_POINT('',(34.,331.634644675425,31.1580342212861));
#14308=CARTESIAN_POINT('',(29.,327.116774430699,30.1977312559957));
#14309=CARTESIAN_POINT('',(29.,331.634644675425,31.1580342212861));
#14310=CARTESIAN_POINT('',(34.,327.116774430699,30.1977312559957));
#14311=CARTESIAN_POINT('Origin',(34.,325.689486071606,25.8049893704153));
#14312=CARTESIAN_POINT('',(34.,325.689486071606,25.8049893704153));
#14313=CARTESIAN_POINT('',(34.,327.116774430699,30.1977312559957));
#14314=CARTESIAN_POINT('',(29.,325.689486071606,25.8049893704153));
#14315=CARTESIAN_POINT('',(29.,327.116774430699,30.1977312559957));
#14316=CARTESIAN_POINT('',(34.,325.689486071606,25.8049893704153));
#14317=CARTESIAN_POINT('Origin',(34.,328.780067957241,22.3725504501252));
#14318=CARTESIAN_POINT('',(34.,328.780067957241,22.3725504501252));
#14319=CARTESIAN_POINT('',(34.,325.689486071606,25.8049893704153));
#14320=CARTESIAN_POINT('',(29.,328.780067957241,22.3725504501252));
#14321=CARTESIAN_POINT('',(29.,325.689486071606,25.8049893704153));
#14322=CARTESIAN_POINT('',(34.,328.780067957241,22.3725504501252));
#14323=CARTESIAN_POINT('Origin',(34.,333.297938201967,23.3328534154156));
#14324=CARTESIAN_POINT('',(34.,333.297938201967,23.3328534154156));
#14325=CARTESIAN_POINT('',(34.,328.780067957241,22.3725504501252));
#14326=CARTESIAN_POINT('',(29.,333.297938201967,23.3328534154156));
#14327=CARTESIAN_POINT('',(29.,328.780067957241,22.3725504501252));
#14328=CARTESIAN_POINT('',(34.,333.297938201967,23.3328534154156));
#14329=CARTESIAN_POINT('Origin',(34.,334.72522656106,27.7255953009961));
#14330=CARTESIAN_POINT('',(34.,333.297938201967,23.3328534154156));
#14331=CARTESIAN_POINT('',(29.,333.297938201967,23.3328534154156));
#14332=CARTESIAN_POINT('Origin',(34.,330.207356316333,26.7652923357057));
#14333=CARTESIAN_POINT('Origin',(29.,330.207356316333,26.7652923357057));
#14334=CARTESIAN_POINT('Origin',(34.,325.530645128243,71.2612270263279));
#14335=CARTESIAN_POINT('',(29.,322.830645128244,71.2612270263279));
#14336=CARTESIAN_POINT('Origin',(29.,325.530645128243,71.2612270263279));
#14337=CARTESIAN_POINT('',(34.,322.830645128244,71.2612270263279));
#14338=CARTESIAN_POINT('',(34.,322.830645128244,71.2612270263279));
#14339=CARTESIAN_POINT('Origin',(34.,325.530645128243,71.2612270263279));
#14340=CARTESIAN_POINT('Origin',(34.,323.221244051485,75.261227026328));
#14341=CARTESIAN_POINT('',(34.,327.840046205002,75.2612270263279));
#14342=CARTESIAN_POINT('',(34.,323.221244051485,75.261227026328));
#14343=CARTESIAN_POINT('',(34.,327.840046205002,75.2612270263279));
#14344=CARTESIAN_POINT('',(29.,327.840046205002,75.2612270263279));
#14345=CARTESIAN_POINT('',(34.,327.840046205002,75.2612270263279));
#14346=CARTESIAN_POINT('',(29.,323.221244051485,75.261227026328));
#14347=CARTESIAN_POINT('',(29.,327.840046205002,75.2612270263279));
#14348=CARTESIAN_POINT('',(34.,323.221244051485,75.261227026328));
#14349=CARTESIAN_POINT('Origin',(34.,320.911842974726,71.261227026328));
#14350=CARTESIAN_POINT('',(34.,320.911842974726,71.261227026328));
#14351=CARTESIAN_POINT('',(34.,323.221244051485,75.261227026328));
#14352=CARTESIAN_POINT('',(29.,320.911842974726,71.261227026328));
#14353=CARTESIAN_POINT('',(29.,323.221244051485,75.261227026328));
#14354=CARTESIAN_POINT('',(34.,320.911842974726,71.261227026328));
#14355=CARTESIAN_POINT('Origin',(34.,323.221244051485,67.2612270263279));
#14356=CARTESIAN_POINT('',(34.,323.221244051485,67.2612270263279));
#14357=CARTESIAN_POINT('',(34.,320.911842974726,71.261227026328));
#14358=CARTESIAN_POINT('',(29.,323.221244051485,67.2612270263279));
#14359=CARTESIAN_POINT('',(29.,320.911842974726,71.261227026328));
#14360=CARTESIAN_POINT('',(34.,323.221244051485,67.2612270263279));
#14361=CARTESIAN_POINT('Origin',(34.,327.840046205002,67.2612270263279));
#14362=CARTESIAN_POINT('',(34.,327.840046205002,67.2612270263279));
#14363=CARTESIAN_POINT('',(34.,323.221244051485,67.2612270263279));
#14364=CARTESIAN_POINT('',(29.,327.840046205002,67.2612270263279));
#14365=CARTESIAN_POINT('',(29.,323.221244051485,67.2612270263279));
#14366=CARTESIAN_POINT('',(34.,327.840046205002,67.2612270263279));
#14367=CARTESIAN_POINT('Origin',(34.,330.14944728176,71.2612270263279));
#14368=CARTESIAN_POINT('',(34.,330.14944728176,71.2612270263279));
#14369=CARTESIAN_POINT('',(34.,327.840046205002,67.2612270263279));
#14370=CARTESIAN_POINT('',(29.,330.14944728176,71.2612270263279));
#14371=CARTESIAN_POINT('',(29.,327.840046205002,67.2612270263279));
#14372=CARTESIAN_POINT('',(34.,330.14944728176,71.2612270263279));
#14373=CARTESIAN_POINT('Origin',(34.,327.840046205002,75.2612270263279));
#14374=CARTESIAN_POINT('',(34.,330.14944728176,71.2612270263279));
#14375=CARTESIAN_POINT('',(29.,330.14944728176,71.2612270263279));
#14376=CARTESIAN_POINT('Origin',(34.,325.530645128243,71.2612270263279));
#14377=CARTESIAN_POINT('Origin',(29.,325.530645128243,71.2612270263279));
#14378=CARTESIAN_POINT('Origin',(26.,678.579922411616,41.7147846501796));
#14379=CARTESIAN_POINT('',(26.,676.829922411616,41.7147846501796));
#14380=CARTESIAN_POINT('Origin',(26.,678.579922411616,41.7147846501796));
#14381=CARTESIAN_POINT('',(21.,676.829922411616,41.7147846501796));
#14382=CARTESIAN_POINT('',(26.,676.829922411616,41.7147846501796));
#14383=CARTESIAN_POINT('Origin',(21.,678.579922411616,41.7147846501796));
#14384=CARTESIAN_POINT('Origin',(26.,678.579922411616,50.2000660244182));
#14385=CARTESIAN_POINT('',(26.,676.829922411616,50.2000660244182));
#14386=CARTESIAN_POINT('Origin',(26.,678.579922411616,50.2000660244182));
#14387=CARTESIAN_POINT('',(21.,676.829922411616,50.2000660244182));
#14388=CARTESIAN_POINT('',(26.,676.829922411616,50.2000660244182));
#14389=CARTESIAN_POINT('Origin',(21.,678.579922411616,50.2000660244182));
#14390=CARTESIAN_POINT('Origin',(26.,670.094641037377,41.7147846501796));
#14391=CARTESIAN_POINT('',(26.,668.344641037377,41.7147846501796));
#14392=CARTESIAN_POINT('Origin',(26.,670.094641037377,41.7147846501796));
#14393=CARTESIAN_POINT('',(21.,668.344641037377,41.7147846501796));
#14394=CARTESIAN_POINT('',(26.,668.344641037377,41.7147846501796));
#14395=CARTESIAN_POINT('Origin',(21.,670.094641037377,41.7147846501796));
#14396=CARTESIAN_POINT('Origin',(26.,670.094641037377,50.2000660244182));
#14397=CARTESIAN_POINT('',(26.,668.344641037377,50.2000660244182));
#14398=CARTESIAN_POINT('Origin',(26.,670.094641037377,50.2000660244182));
#14399=CARTESIAN_POINT('',(21.,668.344641037377,50.2000660244182));
#14400=CARTESIAN_POINT('',(26.,668.344641037377,50.2000660244182));
#14401=CARTESIAN_POINT('Origin',(21.,670.094641037377,50.2000660244182));
#14402=CARTESIAN_POINT('Origin',(26.,674.337281724497,45.9574253372989));
#14403=CARTESIAN_POINT('',(26.,671.837281724497,45.9574253372989));
#14404=CARTESIAN_POINT('Origin',(26.,674.337281724497,45.9574253372989));
#14405=CARTESIAN_POINT('',(21.,671.837281724497,45.9574253372989));
#14406=CARTESIAN_POINT('',(26.,671.837281724497,45.9574253372989));
#14407=CARTESIAN_POINT('Origin',(21.,674.337281724497,45.9574253372989));
#14408=CARTESIAN_POINT('Origin',(26.,615.855179425443,54.4552904034776));
#14409=CARTESIAN_POINT('',(21.,615.855179425443,54.4552904034776));
#14410=CARTESIAN_POINT('',(29.,615.855179425443,54.4552904034776));
#14411=CARTESIAN_POINT('',(21.,615.855179425443,54.4552904034776));
#14412=CARTESIAN_POINT('',(21.,620.127408724127,56.3574094374672));
#14413=CARTESIAN_POINT('',(21.,618.136846049346,55.4711538347503));
#14414=CARTESIAN_POINT('',(29.,620.127408724127,56.3574094374672));
#14415=CARTESIAN_POINT('',(26.,620.127408724127,56.3574094374672));
#14416=CARTESIAN_POINT('',(29.,615.855179425443,54.4552904034776));
#14417=CARTESIAN_POINT('Origin',(26.,620.584043864682,58.5057088687709));
#14418=CARTESIAN_POINT('',(21.,617.454829705478,61.9810532755645));
#14419=CARTESIAN_POINT('',(29.,617.454829705477,61.9810532755645));
#14420=CARTESIAN_POINT('',(21.,617.454829705478,61.9810532755645));
#14421=CARTESIAN_POINT('',(29.,620.584043864682,58.5057088687709));
#14422=CARTESIAN_POINT('',(29.,620.584043864682,58.5057088687709));
#14423=CARTESIAN_POINT('',(21.,620.584043864682,58.5057088687709));
#14424=CARTESIAN_POINT('',(26.,620.584043864682,58.5057088687709));
#14425=CARTESIAN_POINT('',(21.,635.737553172684,41.6760317877239));
#14426=CARTESIAN_POINT('Origin',(26.,617.454829705477,61.9810532755645));
#14427=CARTESIAN_POINT('',(21.,618.899959169058,66.4287044347146));
#14428=CARTESIAN_POINT('',(29.,618.899959169058,66.4287044347146));
#14429=CARTESIAN_POINT('',(21.,618.899959169058,66.4287044347146));
#14430=CARTESIAN_POINT('',(29.,617.454829705477,61.9810532755645));
#14431=CARTESIAN_POINT('',(21.,618.899959169058,66.4287044347146));
#14432=CARTESIAN_POINT('Origin',(26.,618.899959169058,66.4287044347146));
#14433=CARTESIAN_POINT('',(21.,623.474302791844,67.4010111870712));
#14434=CARTESIAN_POINT('',(21.,621.342975786539,66.9479836470291));
#14435=CARTESIAN_POINT('',(29.,623.474302791844,67.4010111870712));
#14436=CARTESIAN_POINT('',(26.,623.474302791844,67.4010111870712));
#14437=CARTESIAN_POINT('',(29.,618.899959169058,66.4287044347146));
#14438=CARTESIAN_POINT('Origin',(26.,624.367615926135,69.407425337299));
#14439=CARTESIAN_POINT('',(21.,622.029347335917,73.4574253372989));
#14440=CARTESIAN_POINT('',(29.,622.029347335917,73.457425337299));
#14441=CARTESIAN_POINT('',(21.,622.029347335917,73.4574253372989));
#14442=CARTESIAN_POINT('',(29.,624.367615926135,69.407425337299));
#14443=CARTESIAN_POINT('',(29.,624.367615926135,69.407425337299));
#14444=CARTESIAN_POINT('',(21.,624.367615926135,69.407425337299));
#14445=CARTESIAN_POINT('',(26.,624.367615926135,69.407425337299));
#14446=CARTESIAN_POINT('',(21.,635.690898080616,49.7949253372989));
#14447=CARTESIAN_POINT('Origin',(26.,622.029347335917,73.457425337299));
#14448=CARTESIAN_POINT('',(21.,624.367615926135,77.507425337299));
#14449=CARTESIAN_POINT('',(29.,624.367615926135,77.507425337299));
#14450=CARTESIAN_POINT('',(21.,624.367615926135,77.507425337299));
#14451=CARTESIAN_POINT('',(29.,622.029347335917,73.457425337299));
#14452=CARTESIAN_POINT('',(21.,624.367615926135,77.507425337299));
#14453=CARTESIAN_POINT('Origin',(26.,624.367615926135,77.507425337299));
#14454=CARTESIAN_POINT('',(21.,629.044153106571,77.5074253372989));
#14455=CARTESIAN_POINT('',(21.,626.865210988116,77.507425337299));
#14456=CARTESIAN_POINT('',(29.,629.044153106571,77.5074253372989));
#14457=CARTESIAN_POINT('',(26.,629.044153106571,77.5074253372989));
#14458=CARTESIAN_POINT('',(29.,624.367615926135,77.507425337299));
#14459=CARTESIAN_POINT('Origin',(26.,630.335102164035,79.2842642802425));
#14460=CARTESIAN_POINT('',(21.,628.889972700454,83.7319154393926));
#14461=CARTESIAN_POINT('',(29.,628.889972700454,83.7319154393927));
#14462=CARTESIAN_POINT('',(21.,628.889972700454,83.7319154393926));
#14463=CARTESIAN_POINT('',(29.,630.335102164035,79.2842642802425));
#14464=CARTESIAN_POINT('',(29.,630.335102164035,79.2842642802425));
#14465=CARTESIAN_POINT('',(21.,630.335102164035,79.2842642802425));
#14466=CARTESIAN_POINT('',(26.,630.335102164035,79.2842642802425));
#14467=CARTESIAN_POINT('',(21.,637.33327539971,57.7461017225059));
#14468=CARTESIAN_POINT('Origin',(26.,628.889972700454,83.7319154393927));
#14469=CARTESIAN_POINT('',(21.,632.019186859659,87.2072598461863));
#14470=CARTESIAN_POINT('',(29.,632.019186859659,87.2072598461863));
#14471=CARTESIAN_POINT('',(21.,632.019186859659,87.2072598461863));
#14472=CARTESIAN_POINT('',(29.,628.889972700454,83.7319154393927));
#14473=CARTESIAN_POINT('',(21.,632.019186859659,87.2072598461863));
#14474=CARTESIAN_POINT('Origin',(26.,632.019186859659,87.2072598461863));
#14475=CARTESIAN_POINT('',(21.,636.593530482445,86.2349530938297));
#14476=CARTESIAN_POINT('',(21.,634.46220347714,86.6879806338717));
#14477=CARTESIAN_POINT('',(29.,636.593530482445,86.2349530938297));
#14478=CARTESIAN_POINT('',(26.,636.593530482445,86.2349530938297));
#14479=CARTESIAN_POINT('',(29.,632.019186859659,87.2072598461863));
#14480=CARTESIAN_POINT('Origin',(26.,638.225694794612,87.7045604414634));
#14481=CARTESIAN_POINT('',(21.,637.736863549727,92.3554790619107));
#14482=CARTESIAN_POINT('',(29.,637.736863549727,92.3554790619107));
#14483=CARTESIAN_POINT('',(21.,637.736863549727,92.3554790619107));
#14484=CARTESIAN_POINT('',(29.,638.225694794612,87.7045604414634));
#14485=CARTESIAN_POINT('',(29.,638.225694794612,87.7045604414634));
#14486=CARTESIAN_POINT('',(21.,638.225694794612,87.7045604414634));
#14487=CARTESIAN_POINT('',(26.,638.225694794612,87.7045604414634));
#14488=CARTESIAN_POINT('',(21.,640.59290536012,65.1820563813339));
#14489=CARTESIAN_POINT('Origin',(26.,637.736863549727,92.3554790619107));
#14490=CARTESIAN_POINT('',(21.,641.520261603526,95.1042786483684));
#14491=CARTESIAN_POINT('',(29.,641.520261603526,95.1042786483684));
#14492=CARTESIAN_POINT('',(21.,641.520261603526,95.1042786483684));
#14493=CARTESIAN_POINT('',(29.,637.736863549727,92.3554790619107));
#14494=CARTESIAN_POINT('',(21.,641.520261603526,95.1042786483684));
#14495=CARTESIAN_POINT('Origin',(26.,641.520261603526,95.1042786483684));
#14496=CARTESIAN_POINT('',(21.,645.79249090221,93.2021596143787));
#14497=CARTESIAN_POINT('',(21.,643.801928227429,94.0884152170957));
#14498=CARTESIAN_POINT('',(29.,645.79249090221,93.2021596143787));
#14499=CARTESIAN_POINT('',(26.,645.79249090221,93.2021596143787));
#14500=CARTESIAN_POINT('',(29.,641.520261603526,95.1042786483684));
#14501=CARTESIAN_POINT('Origin',(26.,647.694537056644,94.3003064736523));
#14502=CARTESIAN_POINT('',(21.,648.183368301529,98.9512250940996));
#14503=CARTESIAN_POINT('',(29.,648.183368301529,98.9512250940997));
#14504=CARTESIAN_POINT('',(21.,648.183368301529,98.9512250940996));
#14505=CARTESIAN_POINT('',(29.,647.694537056644,94.3003064736523));
#14506=CARTESIAN_POINT('',(29.,647.694537056644,94.3003064736523));
#14507=CARTESIAN_POINT('',(21.,647.694537056644,94.3003064736523));
#14508=CARTESIAN_POINT('',(26.,647.694537056644,94.3003064736523));
#14509=CARTESIAN_POINT('',(21.,645.327326491136,71.7778024135228));
#14510=CARTESIAN_POINT('Origin',(26.,648.183368301529,98.9512250940997));
#14511=CARTESIAN_POINT('',(21.,652.455597600213,100.853344128089));
#14512=CARTESIAN_POINT('',(29.,652.455597600213,100.853344128089));
#14513=CARTESIAN_POINT('',(21.,652.455597600213,100.853344128089));
#14514=CARTESIAN_POINT('',(29.,648.183368301529,98.9512250940997));
#14515=CARTESIAN_POINT('',(21.,652.455597600213,100.853344128089));
#14516=CARTESIAN_POINT('Origin',(26.,652.455597600213,100.853344128089));
#14517=CARTESIAN_POINT('',(21.,656.238995654012,98.1045445416316));
#14518=CARTESIAN_POINT('',(21.,654.476194450422,99.3852945844585));
#14519=CARTESIAN_POINT('',(29.,656.238995654012,98.1045445416316));
#14520=CARTESIAN_POINT('',(26.,656.238995654012,98.1045445416316));
#14521=CARTESIAN_POINT('',(29.,652.455597600213,100.853344128089));
#14522=CARTESIAN_POINT('Origin',(26.,658.327795106734,98.7832366253017));
#14523=CARTESIAN_POINT('',(21.,659.772924570315,103.230887784452));
#14524=CARTESIAN_POINT('',(29.,659.772924570315,103.230887784452));
#14525=CARTESIAN_POINT('',(21.,659.772924570315,103.230887784452));
#14526=CARTESIAN_POINT('',(29.,658.327795106734,98.7832366253017));
#14527=CARTESIAN_POINT('',(29.,658.327795106734,98.7832366253017));
#14528=CARTESIAN_POINT('',(21.,658.327795106734,98.7832366253017));
#14529=CARTESIAN_POINT('',(26.,658.327795106734,98.7832366253017));
#14530=CARTESIAN_POINT('',(21.,651.329621871059,77.2450740675653));
#14531=CARTESIAN_POINT('Origin',(26.,659.772924570315,103.230887784452));
#14532=CARTESIAN_POINT('',(21.,664.347268193101,104.203194536808));
#14533=CARTESIAN_POINT('',(29.,664.347268193101,104.203194536808));
#14534=CARTESIAN_POINT('',(21.,664.347268193101,104.203194536808));
#14535=CARTESIAN_POINT('',(29.,659.772924570315,103.230887784452));
#14536=CARTESIAN_POINT('',(21.,664.347268193101,104.203194536808));
#14537=CARTESIAN_POINT('Origin',(26.,664.347268193101,104.203194536808));
#14538=CARTESIAN_POINT('',(21.,667.476482352306,100.727850130015));
#14539=CARTESIAN_POINT('',(21.,666.018485491363,102.34711969036));
#14540=CARTESIAN_POINT('',(29.,667.476482352306,100.727850130015));
#14541=CARTESIAN_POINT('',(26.,667.476482352306,100.727850130015));
#14542=CARTESIAN_POINT('',(29.,664.347268193101,104.203194536808));
#14543=CARTESIAN_POINT('Origin',(26.,669.660744544061,100.957425337299));
#14544=CARTESIAN_POINT('',(21.,671.999013134279,105.007425337299));
#14545=CARTESIAN_POINT('',(29.,671.999013134279,105.007425337299));
#14546=CARTESIAN_POINT('',(21.,671.999013134279,105.007425337299));
#14547=CARTESIAN_POINT('',(29.,669.660744544061,100.957425337299));
#14548=CARTESIAN_POINT('',(29.,669.660744544061,100.957425337299));
#14549=CARTESIAN_POINT('',(21.,669.660744544061,100.957425337299));
#14550=CARTESIAN_POINT('',(26.,669.660744544061,100.957425337299));
#14551=CARTESIAN_POINT('',(21.,658.337462389579,81.344925337299));
#14552=CARTESIAN_POINT('Origin',(26.,671.999013134279,105.007425337299));
#14553=CARTESIAN_POINT('',(21.,676.675550314715,105.007425337299));
#14554=CARTESIAN_POINT('',(29.,676.675550314715,105.007425337299));
#14555=CARTESIAN_POINT('',(21.,676.675550314715,105.007425337299));
#14556=CARTESIAN_POINT('',(29.,671.999013134279,105.007425337299));
#14557=CARTESIAN_POINT('',(21.,676.675550314715,105.007425337299));
#14558=CARTESIAN_POINT('Origin',(26.,676.675550314715,105.007425337299));
#14559=CARTESIAN_POINT('',(21.,679.013818904933,100.957425337299));
#14560=CARTESIAN_POINT('',(21.,677.924347845705,102.844444565257));
#14561=CARTESIAN_POINT('',(29.,679.013818904933,100.957425337299));
#14562=CARTESIAN_POINT('',(26.,679.013818904933,100.957425337299));
#14563=CARTESIAN_POINT('',(29.,676.675550314715,105.007425337299));
#14564=CARTESIAN_POINT('Origin',(26.,681.198081096688,100.727850130015));
#14565=CARTESIAN_POINT('',(21.,684.327295255893,104.203194536808));
#14566=CARTESIAN_POINT('',(29.,684.327295255893,104.203194536808));
#14567=CARTESIAN_POINT('',(21.,684.327295255893,104.203194536808));
#14568=CARTESIAN_POINT('',(29.,681.198081096688,100.727850130015));
#14569=CARTESIAN_POINT('',(29.,681.198081096688,100.727850130015));
#14570=CARTESIAN_POINT('',(21.,681.198081096688,100.727850130015));
#14571=CARTESIAN_POINT('',(26.,681.198081096688,100.727850130015));
#14572=CARTESIAN_POINT('',(21.,666.044571788686,83.8981730489679));
#14573=CARTESIAN_POINT('Origin',(26.,684.327295255893,104.203194536808));
#14574=CARTESIAN_POINT('',(21.,688.901638878678,103.230887784452));
#14575=CARTESIAN_POINT('',(29.,688.901638878678,103.230887784452));
#14576=CARTESIAN_POINT('',(21.,688.901638878678,103.230887784452));
#14577=CARTESIAN_POINT('',(29.,684.327295255893,104.203194536808));
#14578=CARTESIAN_POINT('',(21.,688.901638878678,103.230887784452));
#14579=CARTESIAN_POINT('Origin',(26.,688.901638878678,103.230887784452));
#14580=CARTESIAN_POINT('',(21.,690.346768342259,98.7832366253016));
#14581=CARTESIAN_POINT('',(21.,689.673438197897,100.855533725688));
#14582=CARTESIAN_POINT('',(29.,690.346768342259,98.7832366253016));
#14583=CARTESIAN_POINT('',(26.,690.346768342259,98.7832366253016));
#14584=CARTESIAN_POINT('',(29.,688.901638878678,103.230887784452));
#14585=CARTESIAN_POINT('Origin',(26.,692.435567794982,98.1045445416317));
#14586=CARTESIAN_POINT('',(21.,696.218965848781,100.853344128089));
#14587=CARTESIAN_POINT('',(29.,696.218965848781,100.853344128089));
#14588=CARTESIAN_POINT('',(21.,696.218965848781,100.853344128089));
#14589=CARTESIAN_POINT('',(29.,692.435567794982,98.1045445416317));
#14590=CARTESIAN_POINT('',(29.,692.435567794982,98.1045445416317));
#14591=CARTESIAN_POINT('',(21.,692.435567794982,98.1045445416317));
#14592=CARTESIAN_POINT('',(26.,692.435567794982,98.1045445416317));
#14593=CARTESIAN_POINT('',(21.,674.114112404826,84.7932280257303));
#14594=CARTESIAN_POINT('Origin',(26.,696.218965848781,100.853344128089));
#14595=CARTESIAN_POINT('',(21.,700.491195147465,98.9512250940996));
#14596=CARTESIAN_POINT('',(29.,700.491195147465,98.9512250940996));
#14597=CARTESIAN_POINT('',(21.,700.491195147465,98.9512250940996));
#14598=CARTESIAN_POINT('',(29.,696.218965848781,100.853344128089));
#14599=CARTESIAN_POINT('',(21.,700.491195147465,98.9512250940996));
#14600=CARTESIAN_POINT('Origin',(26.,700.491195147465,98.9512250940996));
#14601=CARTESIAN_POINT('',(21.,700.98002639235,94.3003064736522));
#14602=CARTESIAN_POINT('',(21.,700.752264921158,96.4673121191962));
#14603=CARTESIAN_POINT('',(29.,700.98002639235,94.3003064736522));
#14604=CARTESIAN_POINT('',(26.,700.98002639235,94.3003064736522));
#14605=CARTESIAN_POINT('',(29.,700.491195147465,98.9512250940996));
#14606=CARTESIAN_POINT('Origin',(26.,702.882072546784,93.2021596143788));
#14607=CARTESIAN_POINT('',(21.,707.154301845468,95.1042786483684));
#14608=CARTESIAN_POINT('',(29.,707.154301845468,95.1042786483684));
#14609=CARTESIAN_POINT('',(21.,707.154301845468,95.1042786483684));
#14610=CARTESIAN_POINT('',(29.,702.882072546784,93.2021596143788));
#14611=CARTESIAN_POINT('',(29.,702.882072546784,93.2021596143788));
#14612=CARTESIAN_POINT('',(21.,702.882072546784,93.2021596143788));
#14613=CARTESIAN_POINT('',(26.,702.882072546784,93.2021596143788));
#14614=CARTESIAN_POINT('',(21.,682.19340659112,83.990972070151));
#14615=CARTESIAN_POINT('Origin',(26.,707.154301845468,95.1042786483684));
#14616=CARTESIAN_POINT('',(21.,710.937699899267,92.3554790619107));
#14617=CARTESIAN_POINT('',(29.,710.937699899267,92.3554790619107));
#14618=CARTESIAN_POINT('',(21.,710.937699899267,92.3554790619107));
#14619=CARTESIAN_POINT('',(29.,707.154301845468,95.1042786483684));
#14620=CARTESIAN_POINT('',(21.,710.937699899267,92.3554790619107));
#14621=CARTESIAN_POINT('Origin',(26.,710.937699899267,92.3554790619107));
#14622=CARTESIAN_POINT('',(21.,710.448868654382,87.7045604414634));
#14623=CARTESIAN_POINT('',(21.,710.676630125573,89.8715660870072));
#14624=CARTESIAN_POINT('',(29.,710.448868654382,87.7045604414634));
#14625=CARTESIAN_POINT('',(26.,710.448868654382,87.7045604414634));
#14626=CARTESIAN_POINT('',(29.,710.937699899267,92.3554790619107));
#14627=CARTESIAN_POINT('Origin',(26.,712.081032966548,86.2349530938298));
#14628=CARTESIAN_POINT('',(21.,716.655376589335,87.2072598461862));
#14629=CARTESIAN_POINT('',(29.,716.655376589335,87.2072598461863));
#14630=CARTESIAN_POINT('',(21.,716.655376589335,87.2072598461862));
#14631=CARTESIAN_POINT('',(29.,712.081032966548,86.2349530938298));
#14632=CARTESIAN_POINT('',(29.,712.081032966548,86.2349530938298));
#14633=CARTESIAN_POINT('',(21.,712.081032966548,86.2349530938298));
#14634=CARTESIAN_POINT('',(26.,712.081032966548,86.2349530938298));
#14635=CARTESIAN_POINT('',(21.,689.929350422873,81.5264676171404));
#14636=CARTESIAN_POINT('Origin',(26.,716.655376589335,87.2072598461863));
#14637=CARTESIAN_POINT('',(21.,719.784590748539,83.7319154393926));
#14638=CARTESIAN_POINT('',(29.,719.784590748539,83.7319154393926));
#14639=CARTESIAN_POINT('',(21.,719.784590748539,83.7319154393926));
#14640=CARTESIAN_POINT('',(29.,716.655376589335,87.2072598461863));
#14641=CARTESIAN_POINT('',(21.,719.784590748539,83.7319154393926));
#14642=CARTESIAN_POINT('Origin',(26.,719.784590748539,83.7319154393926));
#14643=CARTESIAN_POINT('',(21.,718.339461284958,79.2842642802424));
#14644=CARTESIAN_POINT('',(21.,719.01279142932,81.3565613806293));
#14645=CARTESIAN_POINT('',(29.,718.339461284958,79.2842642802424));
#14646=CARTESIAN_POINT('',(26.,718.339461284958,79.2842642802424));
#14647=CARTESIAN_POINT('',(29.,719.784590748539,83.7319154393926));
#14648=CARTESIAN_POINT('Origin',(26.,719.630410342423,77.5074253372989));
#14649=CARTESIAN_POINT('',(21.,724.306947522859,77.5074253372988));
#14650=CARTESIAN_POINT('',(29.,724.306947522859,77.5074253372989));
#14651=CARTESIAN_POINT('',(21.,724.306947522859,77.5074253372988));
#14652=CARTESIAN_POINT('',(29.,719.630410342423,77.5074253372989));
#14653=CARTESIAN_POINT('',(29.,719.630410342423,77.5074253372989));
#14654=CARTESIAN_POINT('',(21.,719.630410342423,77.5074253372989));
#14655=CARTESIAN_POINT('',(26.,719.630410342423,77.5074253372989));
#14656=CARTESIAN_POINT('',(21.,696.98384603346,77.5074253372989));
#14657=CARTESIAN_POINT('Origin',(26.,724.306947522859,77.5074253372989));
#14658=CARTESIAN_POINT('',(21.,726.645216113077,73.4574253372988));
#14659=CARTESIAN_POINT('',(29.,726.645216113077,73.4574253372988));
#14660=CARTESIAN_POINT('',(21.,726.645216113077,73.4574253372988));
#14661=CARTESIAN_POINT('',(29.,724.306947522859,77.5074253372989));
#14662=CARTESIAN_POINT('',(21.,726.645216113077,73.4574253372988));
#14663=CARTESIAN_POINT('Origin',(26.,726.645216113077,73.4574253372988));
#14664=CARTESIAN_POINT('',(21.,724.306947522859,69.4074253372989));
#14665=CARTESIAN_POINT('',(21.,725.396418582087,71.2944445652569));
#14666=CARTESIAN_POINT('',(29.,724.306947522859,69.4074253372989));
#14667=CARTESIAN_POINT('',(26.,724.306947522859,69.4074253372989));
#14668=CARTESIAN_POINT('',(29.,726.645216113077,73.4574253372988));
#14669=CARTESIAN_POINT('Origin',(26.,725.200260657149,67.4010111870712));
#14670=CARTESIAN_POINT('',(21.,729.774604279935,66.4287044347146));
#14671=CARTESIAN_POINT('',(29.,729.774604279935,66.4287044347146));
#14672=CARTESIAN_POINT('',(21.,729.774604279935,66.4287044347146));
#14673=CARTESIAN_POINT('',(29.,725.200260657149,67.4010111870712));
#14674=CARTESIAN_POINT('',(29.,725.200260657149,67.4010111870712));
#14675=CARTESIAN_POINT('',(21.,725.200260657149,67.4010111870712));
#14676=CARTESIAN_POINT('',(26.,725.200260657149,67.4010111870712));
#14677=CARTESIAN_POINT('',(21.,703.048578113473,72.1094966637609));
#14678=CARTESIAN_POINT('Origin',(26.,729.774604279935,66.4287044347146));
#14679=CARTESIAN_POINT('',(21.,731.219733743516,61.9810532755644));
#14680=CARTESIAN_POINT('',(29.,731.219733743516,61.9810532755644));
#14681=CARTESIAN_POINT('',(21.,731.219733743516,61.9810532755644));
#14682=CARTESIAN_POINT('',(29.,729.774604279935,66.4287044347146));
#14683=CARTESIAN_POINT('',(21.,731.219733743516,61.9810532755644));
#14684=CARTESIAN_POINT('Origin',(26.,731.219733743516,61.9810532755644));
#14685=CARTESIAN_POINT('',(21.,728.090519584311,58.5057088687708));
#14686=CARTESIAN_POINT('',(21.,729.548516445254,60.1249784291156));
#14687=CARTESIAN_POINT('',(29.,728.090519584311,58.5057088687708));
#14688=CARTESIAN_POINT('',(26.,728.090519584311,58.5057088687708));
#14689=CARTESIAN_POINT('',(29.,731.219733743516,61.9810532755644));
#14690=CARTESIAN_POINT('Origin',(26.,728.547154724867,56.3574094374672));
#14691=CARTESIAN_POINT('',(21.,732.819384023551,54.4552904034774));
#14692=CARTESIAN_POINT('',(29.,732.819384023551,54.4552904034774));
#14693=CARTESIAN_POINT('',(21.,732.819384023551,54.4552904034774));
#14694=CARTESIAN_POINT('',(29.,728.547154724867,56.3574094374672));
#14695=CARTESIAN_POINT('',(29.,728.547154724867,56.3574094374672));
#14696=CARTESIAN_POINT('',(21.,728.547154724867,56.3574094374672));
#14697=CARTESIAN_POINT('',(26.,728.547154724867,56.3574094374672));
#14698=CARTESIAN_POINT('',(21.,707.858488769203,65.5685969816953));
#14699=CARTESIAN_POINT('Origin',(26.,732.819384023551,54.4552904034774));
#14700=CARTESIAN_POINT('',(21.,733.308215268436,49.80437178303));
#14701=CARTESIAN_POINT('',(29.,733.308215268436,49.80437178303));
#14702=CARTESIAN_POINT('',(21.,733.308215268436,49.80437178303));
#14703=CARTESIAN_POINT('',(29.,732.819384023551,54.4552904034774));
#14704=CARTESIAN_POINT('',(21.,733.308215268436,49.80437178303));
#14705=CARTESIAN_POINT('Origin',(26.,733.308215268436,49.80437178303));
#14706=CARTESIAN_POINT('',(21.,729.524817214637,47.0555721965724));
#14707=CARTESIAN_POINT('',(21.,731.287618418226,48.3363222393993));
#14708=CARTESIAN_POINT('',(29.,729.524817214637,47.0555721965724));
#14709=CARTESIAN_POINT('',(26.,729.524817214637,47.0555721965724));
#14710=CARTESIAN_POINT('',(29.,733.308215268436,49.80437178303));
#14711=CARTESIAN_POINT('Origin',(26.,729.524817214637,44.8592784780253));
#14712=CARTESIAN_POINT('',(29.,733.308215268436,42.1104788915676));
#14713=CARTESIAN_POINT('',(21.,733.308215268436,42.1104788915677));
#14714=CARTESIAN_POINT('',(26.,733.308215268436,42.1104788915676));
#14715=CARTESIAN_POINT('',(29.,729.524817214637,44.8592784780253));
#14716=CARTESIAN_POINT('',(29.,729.524817214637,44.8592784780253));
#14717=CARTESIAN_POINT('',(21.,729.524817214637,44.8592784780253));
#14718=CARTESIAN_POINT('',(26.,729.524817214637,44.8592784780253));
#14719=CARTESIAN_POINT('',(21.,711.203361824481,58.170594993927));
#14720=CARTESIAN_POINT('Origin',(26.,733.308215268436,42.1104788915676));
#14721=CARTESIAN_POINT('',(29.,732.819384023551,37.4595602711202));
#14722=CARTESIAN_POINT('',(21.,732.819384023551,37.4595602711202));
#14723=CARTESIAN_POINT('',(26.,732.819384023551,37.4595602711202));
#14724=CARTESIAN_POINT('',(29.,733.308215268436,42.1104788915676));
#14725=CARTESIAN_POINT('',(21.,732.819384023551,37.4595602711202));
#14726=CARTESIAN_POINT('Origin',(26.,732.819384023551,37.4595602711202));
#14727=CARTESIAN_POINT('',(21.,728.547154724867,35.5574412371306));
#14728=CARTESIAN_POINT('',(21.,709.994603418544,27.2973132098976));
#14729=CARTESIAN_POINT('',(29.,728.547154724867,35.5574412371306));
#14730=CARTESIAN_POINT('',(26.,728.547154724867,35.5574412371306));
#14731=CARTESIAN_POINT('',(29.,732.819384023551,37.4595602711202));
#14732=CARTESIAN_POINT('Origin',(26.,619.149746234357,47.0555721965725));
#14733=CARTESIAN_POINT('',(21.,615.366348180558,49.8043717830302));
#14734=CARTESIAN_POINT('',(29.,615.366348180558,49.8043717830302));
#14735=CARTESIAN_POINT('',(21.,615.366348180558,49.8043717830302));
#14736=CARTESIAN_POINT('',(29.,619.149746234357,47.0555721965725));
#14737=CARTESIAN_POINT('',(29.,619.149746234357,47.0555721965725));
#14738=CARTESIAN_POINT('',(21.,619.149746234357,47.0555721965725));
#14739=CARTESIAN_POINT('',(26.,619.149746234357,47.0555721965725));
#14740=CARTESIAN_POINT('',(21.,637.471201624513,33.7442556806708));
#14741=CARTESIAN_POINT('Origin',(26.,615.366348180558,49.8043717830302));
#14742=CARTESIAN_POINT('',(29.,615.366348180558,49.8043717830302));
#14743=CARTESIAN_POINT('',(21.,615.855179425443,54.4552904034776));
#14744=CARTESIAN_POINT('Origin',(21.,674.337281724497,45.9574253372989));
#14745=CARTESIAN_POINT('',(21.,613.337281724497,45.9574253372989));
#14746=CARTESIAN_POINT('Origin',(21.,674.337281724497,45.9574253372989));
#14747=CARTESIAN_POINT('',(21.,625.158387487468,59.4780156211274));
#14748=CARTESIAN_POINT('',(21.,647.310070031144,64.1865010978167));
#14749=CARTESIAN_POINT('',(21.,626.603516951049,63.9256667802775));
#14750=CARTESIAN_POINT('',(21.,626.242234585154,62.8137539904899));
#14751=CARTESIAN_POINT('',(21.,640.192419179448,48.8336619026273));
#14752=CARTESIAN_POINT('',(21.,623.421975533041,48.9576912305621));
#14753=CARTESIAN_POINT('',(21.,644.110641488705,58.1688787747899));
#14754=CARTESIAN_POINT('',(21.,623.910806777926,53.6086098510095));
#14755=CARTESIAN_POINT('',(21.,623.788598966705,52.4458801958977));
#14756=CARTESIAN_POINT('',(21.,640.340563141182,41.6716931283367));
#14757=CARTESIAN_POINT('',(21.,629.044153106571,69.4074253372989));
#14758=CARTESIAN_POINT('',(21.,651.690717415534,69.4074253372986));
#14759=CARTESIAN_POINT('',(21.,631.382421696789,73.4574253372989));
#14760=CARTESIAN_POINT('',(21.,630.797854549234,72.4449253372988));
#14761=CARTESIAN_POINT('',(21.,641.536569556161,55.8699253372989));
#14762=CARTESIAN_POINT('',(21.,619.149746234357,44.8592784780254));
#14763=CARTESIAN_POINT('',(21.,615.366348180558,42.1104788915677));
#14764=CARTESIAN_POINT('',(21.,635.579502597613,56.7961952006981));
#14765=CARTESIAN_POINT('',(21.,615.855179425443,37.4595602711203));
#14766=CARTESIAN_POINT('',(21.,615.366348180558,42.1104788915677));
#14767=CARTESIAN_POINT('',(21.,620.127408724127,35.5574412371306));
#14768=CARTESIAN_POINT('',(21.,640.816074679791,26.3462536929027));
#14769=CARTESIAN_POINT('',(21.,623.910806777926,38.3062408235883));
#14770=CARTESIAN_POINT('',(21.,642.232262168082,51.6175573394898));
#14771=CARTESIAN_POINT('',(21.,623.421975533041,42.9571594440356));
#14772=CARTESIAN_POINT('',(21.,623.544183344262,41.7944297889238));
#14773=CARTESIAN_POINT('',(21.,641.974526839363,34.6970314168024));
#14774=CARTESIAN_POINT('',(21.,634.909445786821,78.3119575278859));
#14775=CARTESIAN_POINT('',(21.,657.061128330497,73.6034720511962));
#14776=CARTESIAN_POINT('',(21.,638.038659946026,81.7873019346795));
#14777=CARTESIAN_POINT('',(21.,637.256356406225,80.9184658329811));
#14778=CARTESIAN_POINT('',(21.,644.31426844991,62.4729649565181));
#14779=CARTESIAN_POINT('',(21.,620.584043864682,33.409141805827));
#14780=CARTESIAN_POINT('',(21.,617.454829705477,29.9337973990333));
#14781=CARTESIAN_POINT('',(21.,634.172946093081,48.5011466834771));
#14782=CARTESIAN_POINT('',(21.,618.899959169058,25.4861462398832));
#14783=CARTESIAN_POINT('',(21.,617.454829705477,29.9337973990333));
#14784=CARTESIAN_POINT('',(21.,623.474302791844,24.5138394875266));
#14785=CARTESIAN_POINT('',(21.,645.62598533552,19.8053540108369));
#14786=CARTESIAN_POINT('',(21.,626.603516951049,27.9891838943202));
#14787=CARTESIAN_POINT('',(21.,641.757026259051,44.8188609753671));
#14788=CARTESIAN_POINT('',(21.,625.158387487468,32.4368350534704));
#14789=CARTESIAN_POINT('',(21.,625.519669853363,31.3249222636827));
#14790=CARTESIAN_POINT('',(21.,645.022898219751,28.2145029529588));
#14791=CARTESIAN_POINT('',(21.,642.497924093296,85.8024414074737));
#14792=CARTESIAN_POINT('',(21.,663.18659004896,76.5912538632459));
#14793=CARTESIAN_POINT('',(21.,646.281322147095,88.5512409939313));
#14794=CARTESIAN_POINT('',(21.,645.335472633645,87.864041097317));
#14795=CARTESIAN_POINT('',(21.,648.40411709016,68.3541962440256));
#14796=CARTESIAN_POINT('',(21.,624.367615926135,22.507425337299));
#14797=CARTESIAN_POINT('',(21.,622.029347335917,18.4574253372989));
#14798=CARTESIAN_POINT('',(21.,634.521763785507,40.0949253372989));
#14799=CARTESIAN_POINT('',(21.,624.367615926135,14.407425337299));
#14800=CARTESIAN_POINT('',(21.,622.029347335917,18.4574253372989));
#14801=CARTESIAN_POINT('',(21.,629.044153106571,14.4074253372989));
#14802=CARTESIAN_POINT('',(21.,651.690717415533,14.4074253372986));
#14803=CARTESIAN_POINT('',(21.,631.382421696789,18.4574253372989));
#14804=CARTESIAN_POINT('',(21.,642.70570385127,38.0699253372989));
#14805=CARTESIAN_POINT('',(21.,629.044153106571,22.5074253372989));
#14806=CARTESIAN_POINT('',(21.,629.628720254125,21.4949253372989));
#14807=CARTESIAN_POINT('',(21.,649.352448825315,22.5074253372986));
#14808=CARTESIAN_POINT('',(21.,651.477935110443,91.5515068871946));
#14809=CARTESIAN_POINT('',(21.,669.799390500599,78.2401903712928));
#14810=CARTESIAN_POINT('',(21.,655.750164409127,93.4536259211843));
#14811=CARTESIAN_POINT('',(21.,654.682107084456,92.9780961626869));
#14812=CARTESIAN_POINT('',(21.,653.627369466061,73.2565811712786));
#14813=CARTESIAN_POINT('',(21.,630.335102164035,12.6305863943553));
#14814=CARTESIAN_POINT('',(21.,628.889972700454,8.18293523520516));
#14815=CARTESIAN_POINT('',(21.,636.610710667919,31.9449233725168));
#14816=CARTESIAN_POINT('',(21.,632.019186859659,4.70759082841146));
#14817=CARTESIAN_POINT('',(21.,628.889972700454,8.18293523520516));
#14818=CARTESIAN_POINT('',(21.,636.593530482445,5.67989758076807));
#14819=CARTESIAN_POINT('',(21.,658.745213026121,10.3883830574577));
#14820=CARTESIAN_POINT('',(21.,638.038659946026,10.1275487399182));
#14821=CARTESIAN_POINT('',(21.,645.036833181701,31.6657112976549));
#14822=CARTESIAN_POINT('',(21.,634.909445786821,13.6028931467119));
#14823=CARTESIAN_POINT('',(21.,635.691749326622,12.7340570450135));
#14824=CARTESIAN_POINT('',(21.,654.773956519104,17.8252252472231));
#14825=CARTESIAN_POINT('',(21.,661.457009265939,95.307892218508));
#14826=CARTESIAN_POINT('',(21.,676.61051857394,78.4782151374609));
#14827=CARTESIAN_POINT('',(21.,666.031352888725,96.2801989708646));
#14828=CARTESIAN_POINT('',(21.,664.887766983028,96.0371222827754));
#14829=CARTESIAN_POINT('',(21.,659.75574438484,76.9658619927033));
#14830=CARTESIAN_POINT('',(21.,638.225694794612,4.21029023313448));
#14831=CARTESIAN_POINT('',(21.,637.736863549727,-0.440628387312884));
#14832=CARTESIAN_POINT('',(21.,640.348489737677,24.4073349830402));
#14833=CARTESIAN_POINT('',(21.,641.520261603526,-3.18942797377058));
#14834=CARTESIAN_POINT('',(21.,637.736863549727,-0.440628387312884));
#14835=CARTESIAN_POINT('',(21.,645.79249090221,-1.28730893978092));
#14836=CARTESIAN_POINT('',(21.,666.481156857874,7.92387860444691));
#14837=CARTESIAN_POINT('',(21.,646.281322147095,3.36360968066646));
#14838=CARTESIAN_POINT('',(21.,648.648532712603,25.886113740796));
#14839=CARTESIAN_POINT('',(21.,642.497924093296,6.11240926712412));
#14840=CARTESIAN_POINT('',(21.,643.443773606746,5.42520937050959));
#14841=CARTESIAN_POINT('',(21.,661.050475399618,14.372537294357));
#14842=CARTESIAN_POINT('',(21.,671.999013134279,96.9074253372989));
#14843=CARTESIAN_POINT('',(21.,683.32229528876,77.2949253372988));
#14844=CARTESIAN_POINT('',(21.,676.675550314715,96.9074253372989));
#14845=CARTESIAN_POINT('',(21.,675.506416019606,96.9074253372989));
#14846=CARTESIAN_POINT('',(21.,666.521402455342,79.319925337299));
#14847=CARTESIAN_POINT('',(21.,647.694537056644,-2.38545579905445));
#14848=CARTESIAN_POINT('',(21.,648.183368301529,-7.03637441950183));
#14849=CARTESIAN_POINT('',(21.,645.571742113578,17.8115889508513));
#14850=CARTESIAN_POINT('',(21.,652.455597600213,-8.9384934534916));
#14851=CARTESIAN_POINT('',(21.,648.183368301529,-7.03637441950183));
#14852=CARTESIAN_POINT('',(21.,656.238995654012,-6.18969386703387));
#14853=CARTESIAN_POINT('',(21.,674.560451044168,7.1216226488676));
#14854=CARTESIAN_POINT('',(21.,655.750164409127,-1.53877524658649));
#14855=CARTESIAN_POINT('',(21.,653.382953843619,20.9837288135431));
#14856=CARTESIAN_POINT('',(21.,651.477935110443,0.36334378740321));
#14857=CARTESIAN_POINT('',(21.,652.545992435114,-0.112185971094201));
#14858=CARTESIAN_POINT('',(21.,667.9076914737,12.3002605100758));
#14859=CARTESIAN_POINT('',(21.,682.643210560269,96.2801989708646));
#14860=CARTESIAN_POINT('',(21.,689.641383795943,74.7420364131279));
#14861=CARTESIAN_POINT('',(21.,687.217554183055,95.307892218508));
#14862=CARTESIAN_POINT('',(21.,686.073968277358,95.5509689065972));
#14863=CARTESIAN_POINT('',(21.,673.628651954656,80.2158873408581));
#14864=CARTESIAN_POINT('',(21.,658.327795106734,-6.86838595070386));
#14865=CARTESIAN_POINT('',(21.,659.772924570315,-11.316037109854));
#14866=CARTESIAN_POINT('',(21.,652.05218660285,12.4459510274576));
#14867=CARTESIAN_POINT('',(21.,664.347268193101,-12.2883438622106));
#14868=CARTESIAN_POINT('',(21.,659.772924570315,-11.316037109854));
#14869=CARTESIAN_POINT('',(21.,667.476482352306,-8.81299945541701));
#14870=CARTESIAN_POINT('',(21.,682.629991660307,8.01667762562977));
#14871=CARTESIAN_POINT('',(21.,666.031352888725,-4.3653482962668));
#14872=CARTESIAN_POINT('',(21.,659.03317965305,17.1728142614699));
#14873=CARTESIAN_POINT('',(21.,661.457009265939,-3.39304154391024));
#14874=CARTESIAN_POINT('',(21.,662.600595171635,-3.63611823199938));
#14875=CARTESIAN_POINT('',(21.,675.045911494338,11.6989633337398));
#14876=CARTESIAN_POINT('',(21.,692.924399039867,93.4536259211843));
#14877=CARTESIAN_POINT('',(21.,695.291609605375,70.9311218610547));
#14878=CARTESIAN_POINT('',(21.,697.196628338551,91.5515068871946));
#14879=CARTESIAN_POINT('',(21.,696.12857101388,92.027036645692));
#14880=CARTESIAN_POINT('',(21.,680.766871975294,79.614590164522));
#14881=CARTESIAN_POINT('',(21.,669.660744544061,-9.0425746627011));
#14882=CARTESIAN_POINT('',(21.,671.999013134279,-13.0925746627011));
#14883=CARTESIAN_POINT('',(21.,659.506596684688,8.54492533729901));
#14884=CARTESIAN_POINT('',(21.,676.675550314715,-13.0925746627011));
#14885=CARTESIAN_POINT('',(21.,671.999013134279,-13.0925746627011));
#14886=CARTESIAN_POINT('',(21.,679.013818904933,-9.04257466270113));
#14887=CARTESIAN_POINT('',(21.,690.337101059414,10.5699253372988));
#14888=CARTESIAN_POINT('',(21.,676.675550314715,-4.99257466270112));
#14889=CARTESIAN_POINT('',(21.,665.352268160233,14.619925337299));
#14890=CARTESIAN_POINT('',(21.,671.999013134279,-4.99257466270112));
#14891=CARTESIAN_POINT('',(21.,673.168147429388,-4.99257466270112));
#14892=CARTESIAN_POINT('',(21.,682.153160993651,12.5949253372988));
#14893=CARTESIAN_POINT('',(21.,702.393241301899,88.5512409939314));
#14894=CARTESIAN_POINT('',(21.,700.026030736391,66.0287369338018));
#14895=CARTESIAN_POINT('',(21.,706.176639355698,85.8024414074737));
#14896=CARTESIAN_POINT('',(21.,705.230789842248,86.4896413040881));
#14897=CARTESIAN_POINT('',(21.,687.624088049375,77.5423133802408));
#14898=CARTESIAN_POINT('',(21.,681.198081096687,-8.81299945541699));
#14899=CARTESIAN_POINT('',(21.,684.327295255893,-12.2883438622107));
#14900=CARTESIAN_POINT('',(21.,667.609178868289,6.27900542223324));
#14901=CARTESIAN_POINT('',(21.,688.901638878678,-11.3160371098541));
#14902=CARTESIAN_POINT('',(21.,684.327295255893,-12.2883438622107));
#14903=CARTESIAN_POINT('',(21.,690.346768342259,-6.86838595070391));
#14904=CARTESIAN_POINT('',(21.,697.344941577934,14.6697766070327));
#14905=CARTESIAN_POINT('',(21.,687.217554183055,-3.39304154391023));
#14906=CARTESIAN_POINT('',(21.,672.064044875053,13.4366355371369));
#14907=CARTESIAN_POINT('',(21.,682.643210560269,-4.3653482962668));
#14908=CARTESIAN_POINT('',(21.,683.786796465965,-4.12227160817763));
#14909=CARTESIAN_POINT('',(21.,688.918819064153,14.9489886818947));
#14910=CARTESIAN_POINT('',(21.,710.635903502968,81.7873019346796));
#14911=CARTESIAN_POINT('',(21.,703.637730267293,60.249139376943));
#14912=CARTESIAN_POINT('',(21.,713.765117662173,78.3119575278859));
#14913=CARTESIAN_POINT('',(21.,712.982814122371,79.1807936295844));
#14914=CARTESIAN_POINT('',(21.,693.900606929889,74.0896254273748));
#14915=CARTESIAN_POINT('',(21.,692.435567794982,-6.18969386703386));
#14916=CARTESIAN_POINT('',(21.,696.218965848781,-8.93849345349156));
#14917=CARTESIAN_POINT('',(21.,676.005811431725,5.74722285563895));
#14918=CARTESIAN_POINT('',(21.,700.491195147465,-7.03637441950186));
#14919=CARTESIAN_POINT('',(21.,696.218965848781,-8.93849345349156));
#14920=CARTESIAN_POINT('',(21.,700.98002639235,-2.3854557990545));
#14921=CARTESIAN_POINT('',(21.,703.347236957858,20.1370482610748));
#14922=CARTESIAN_POINT('',(21.,697.196628338551,0.363343787403192));
#14923=CARTESIAN_POINT('',(21.,678.875172948394,13.6746603033047));
#14924=CARTESIAN_POINT('',(21.,692.924399039867,-1.53877524658649));
#14925=CARTESIAN_POINT('',(21.,693.992456364538,-1.06324548808911));
#14926=CARTESIAN_POINT('',(21.,695.047193982932,18.6582695033193));
#14927=CARTESIAN_POINT('',(21.,717.292141752205,73.4574253372988));
#14928=CARTESIAN_POINT('',(21.,705.968859597723,53.8449253372989));
#14929=CARTESIAN_POINT('',(21.,719.630410342423,69.4074253372989));
#14930=CARTESIAN_POINT('',(21.,719.045843194868,70.4199253372992));
#14931=CARTESIAN_POINT('',(21.,699.322114623678,69.4074253372991));
#14932=CARTESIAN_POINT('',(21.,702.882072546784,-1.28730893978092));
#14933=CARTESIAN_POINT('',(21.,707.154301845468,-3.18942797377055));
#14934=CARTESIAN_POINT('',(21.,684.329521240462,6.97281908745207));
#14935=CARTESIAN_POINT('',(21.,710.937699899267,-0.44062838731289));
#14936=CARTESIAN_POINT('',(21.,707.154301845468,-3.18942797377055));
#14937=CARTESIAN_POINT('',(21.,710.448868654382,4.21029023313443));
#14938=CARTESIAN_POINT('',(21.,708.081658088874,26.7327942932638));
#14939=CARTESIAN_POINT('',(21.,706.176639355698,6.11240926712414));
#14940=CARTESIAN_POINT('',(21.,685.487973400034,15.3235968113521));
#14941=CARTESIAN_POINT('',(21.,702.393241301899,3.36360968066648));
#14942=CARTESIAN_POINT('',(21.,703.339090815348,4.05080957728084));
#14943=CARTESIAN_POINT('',(21.,700.270446358833,23.5606544305722));
#14944=CARTESIAN_POINT('',(21.,722.071046497945,63.9256667802776));
#14945=CARTESIAN_POINT('',(21.,706.917537189943,47.0959896992306));
#14946=CARTESIAN_POINT('',(21.,723.516175961525,59.4780156211274));
#14947=CARTESIAN_POINT('',(21.,723.15489359563,60.5899284109148));
#14948=CARTESIAN_POINT('',(21.,703.651665229242,63.7003477216388));
#14949=CARTESIAN_POINT('',(21.,712.081032966548,5.67989758076811));
#14950=CARTESIAN_POINT('',(21.,716.655376589334,4.70759082841153));
#14951=CARTESIAN_POINT('',(21.,692.216522234265,9.90222968127954));
#14952=CARTESIAN_POINT('',(21.,719.784590748539,8.1829352352051));
#14953=CARTESIAN_POINT('',(21.,716.655376589334,4.70759082841153));
#14954=CARTESIAN_POINT('',(21.,718.339461284958,12.6305863943553));
#14955=CARTESIAN_POINT('',(21.,711.341288049284,34.1687489520918));
#14956=CARTESIAN_POINT('',(21.,713.765117662173,13.6028931467119));
#14957=CARTESIAN_POINT('',(21.,691.613435118496,18.3113786234019));
#14958=CARTESIAN_POINT('',(21.,710.635903502967,10.1275487399183));
#14959=CARTESIAN_POINT('',(21.,711.418207042768,10.9963848416165));
#14960=CARTESIAN_POINT('',(21.,704.360294999083,29.4418857180798));
#14961=CARTESIAN_POINT('',(21.,724.763756671068,53.6086098510095));
#14962=CARTESIAN_POINT('',(21.,706.442301280911,40.297293335108));
#14963=CARTESIAN_POINT('',(21.,725.252587915953,48.9576912305621));
#14964=CARTESIAN_POINT('',(21.,725.130380104732,50.1204208856741));
#14965=CARTESIAN_POINT('',(21.,706.700036609631,57.2178192577952));
#14966=CARTESIAN_POINT('',(21.,719.630410342423,14.4074253372989));
#14967=CARTESIAN_POINT('',(21.,724.306947522859,14.4074253372988));
#14968=CARTESIAN_POINT('',(21.,699.322114623677,14.4074253372992));
#14969=CARTESIAN_POINT('',(21.,726.645216113077,18.4574253372988));
#14970=CARTESIAN_POINT('',(21.,724.306947522859,14.4074253372988));
#14971=CARTESIAN_POINT('',(21.,724.306947522859,22.5074253372989));
#14972=CARTESIAN_POINT('',(21.,712.983665368378,42.1199253372989));
#14973=CARTESIAN_POINT('',(21.,719.630410342423,22.5074253372989));
#14974=CARTESIAN_POINT('',(21.,696.98384603346,22.5074253372991));
#14975=CARTESIAN_POINT('',(21.,717.292141752205,18.4574253372989));
#14976=CARTESIAN_POINT('',(21.,717.876708899759,19.4699253372987));
#14977=CARTESIAN_POINT('',(21.,707.137993892832,36.0449253372989));
#14978=CARTESIAN_POINT('',(21.,725.252587915953,42.9571594440356));
#14979=CARTESIAN_POINT('',(21.,704.563921960288,33.7459718998079));
#14980=CARTESIAN_POINT('',(21.,724.763756671068,38.3062408235883));
#14981=CARTESIAN_POINT('',(21.,724.885964482289,39.4689704787003));
#14982=CARTESIAN_POINT('',(21.,708.334000307811,50.2431575462611));
#14983=CARTESIAN_POINT('',(21.,721.155899385753,37.940752692798));
#14984=CARTESIAN_POINT('',(21.,706.299348299173,30.9682192116906));
#14985=CARTESIAN_POINT('Origin',(21.,711.299348299173,39.628473249535));
#14986=CARTESIAN_POINT('',(21.,690.803948391163,90.5118739242682));
#14987=CARTESIAN_POINT('Origin',(21.,674.337281724497,45.9574253372989));
#14988=CARTESIAN_POINT('',(21.,677.337281724497,81.131990011222));
#14989=CARTESIAN_POINT('Origin',(21.,687.337281724497,81.131990011222));
#14990=CARTESIAN_POINT('',(21.,677.337281724497,61.5218077535723));
#14991=CARTESIAN_POINT('',(21.,677.337281724497,52.0247558870547));
#14992=CARTESIAN_POINT('',(21.,680.051567438783,57.0748413489227));
#14993=CARTESIAN_POINT('Origin',(21.,682.337281724497,61.5218077535723));
#14994=CARTESIAN_POINT('',(21.,686.822389272146,45.3474339245409));
#14995=CARTESIAN_POINT('Origin',(21.,674.337281724497,45.9574253372989));
#14996=CARTESIAN_POINT('',(21.,689.316432291205,40.7733103405155));
#14997=CARTESIAN_POINT('Origin',(21.,691.816432291205,45.1034373594377));
#14998=CARTESIAN_POINT('',(21.,721.257723979162,22.3319969862093));
#14999=CARTESIAN_POINT('',(21.,725.200260657149,24.5138394875267));
#15000=CARTESIAN_POINT('',(21.,729.774604279935,25.4861462398831));
#15001=CARTESIAN_POINT('',(21.,705.335749924866,20.2915073870155));
#15002=CARTESIAN_POINT('',(21.,731.219733743516,29.9337973990334));
#15003=CARTESIAN_POINT('',(21.,729.774604279935,25.4861462398831));
#15004=CARTESIAN_POINT('',(21.,728.090519584311,33.409141805827));
#15005=CARTESIAN_POINT('',(21.,712.93701027631,50.2388188868739));
#15006=CARTESIAN_POINT('',(21.,723.516175961525,32.4368350534705));
#15007=CARTESIAN_POINT('',(21.,701.364493417849,27.7283495767811));
#15008=CARTESIAN_POINT('',(21.,722.071046497945,27.9891838943203));
#15009=CARTESIAN_POINT('',(21.,722.43232886384,29.101096684108));
#15010=CARTESIAN_POINT('',(21.,708.482144269545,43.0811887719704));
#15011=CARTESIAN_POINT('',(21.,642.375215149821,30.9682192116907));
#15012=CARTESIAN_POINT('',(21.,659.358131157788,40.7733103405155));
#15013=CARTESIAN_POINT('',(21.,667.582819335251,45.5218362737743));
#15014=CARTESIAN_POINT('',(21.,661.852174176848,45.3474339245409));
#15015=CARTESIAN_POINT('Origin',(21.,656.858131157788,45.1034373594377));
#15016=CARTESIAN_POINT('',(21.,668.622996010211,57.0748413489227));
#15017=CARTESIAN_POINT('Origin',(21.,674.337281724497,45.9574253372989));
#15018=CARTESIAN_POINT('',(21.,671.337281724497,61.5218077535723));
#15019=CARTESIAN_POINT('Origin',(21.,666.337281724497,61.5218077535723));
#15020=CARTESIAN_POINT('',(21.,671.337281724497,81.131990011222));
#15021=CARTESIAN_POINT('',(21.,671.337281724497,36.6544180485304));
#15022=CARTESIAN_POINT('',(21.,657.87061505783,90.5118739242682));
#15023=CARTESIAN_POINT('Origin',(21.,661.337281724497,81.131990011222));
#15024=CARTESIAN_POINT('',(21.,627.51866406324,37.940752692798));
#15025=CARTESIAN_POINT('Origin',(21.,674.337281724497,45.9574253372989));
#15026=CARTESIAN_POINT('Origin',(21.,637.375215149821,39.628473249535));
#15027=CARTESIAN_POINT('',(21.,703.299348299173,25.772066788984));
#15028=CARTESIAN_POINT('',(21.,686.316432291205,35.5771579178089));
#15029=CARTESIAN_POINT('',(21.,678.091744113743,40.3256838510677));
#15030=CARTESIAN_POINT('',(21.,681.10810355786,35.450000738433));
#15031=CARTESIAN_POINT('Origin',(21.,683.816432291205,31.2470308988867));
#15032=CARTESIAN_POINT('',(21.,667.566459891133,35.450000738433));
#15033=CARTESIAN_POINT('Origin',(21.,674.337281724497,45.9574253372989));
#15034=CARTESIAN_POINT('',(21.,662.358131157788,35.5771579178089));
#15035=CARTESIAN_POINT('Origin',(21.,664.858131157788,31.2470308988867));
#15036=CARTESIAN_POINT('',(21.,645.375215149821,25.772066788984));
#15037=CARTESIAN_POINT('',(21.,628.315480074902,15.922624151176));
#15038=CARTESIAN_POINT('',(21.,643.985330729907,9.41964939483049));
#15039=CARTESIAN_POINT('Origin',(21.,650.375215149821,17.1118127511396));
#15040=CARTESIAN_POINT('',(21.,704.689232719086,9.41964939483048));
#15041=CARTESIAN_POINT('Origin',(21.,674.337281724497,45.9574253372989));
#15042=CARTESIAN_POINT('Origin',(21.,698.299348299173,17.1118127511396));
#15043=CARTESIAN_POINT('Origin',(26.,674.337281724497,45.9574253372989));
#15044=CARTESIAN_POINT('',(28.,613.337281724497,45.9574253372989));
#15045=CARTESIAN_POINT('',(26.,613.337281724497,45.9574253372989));
#15046=CARTESIAN_POINT('',(28.,674.337281724497,106.957425337299));
#15047=CARTESIAN_POINT('Origin',(28.,674.337281724497,45.9574253372989));
#15048=CARTESIAN_POINT('Origin',(28.,674.337281724497,45.9574253372989));
#15049=CARTESIAN_POINT('Origin',(28.,674.337281724497,45.9574253372989));
#15050=CARTESIAN_POINT('',(29.,674.337281724497,105.957425337299));
#15051=CARTESIAN_POINT('Origin',(29.,674.337281724497,45.9574253372989));
#15052=CARTESIAN_POINT('Origin',(28.,674.337281724497,105.957425337299));
#15053=CARTESIAN_POINT('Origin',(29.,674.337281724497,45.9574253372988));
#15054=CARTESIAN_POINT('',(29.,631.382421696789,73.4574253372989));
#15055=CARTESIAN_POINT('',(29.,629.044153106571,77.5074253372989));
#15056=CARTESIAN_POINT('',(29.,629.044153106571,69.4074253372989));
#15057=CARTESIAN_POINT('',(29.,631.382421696789,73.4574253372989));
#15058=CARTESIAN_POINT('',(29.,629.044153106571,69.4074253372989));
#15059=CARTESIAN_POINT('',(29.,669.660744544061,-9.0425746627011));
#15060=CARTESIAN_POINT('',(29.,671.999013134279,-4.99257466270112));
#15061=CARTESIAN_POINT('',(29.,669.660744544061,-9.0425746627011));
#15062=CARTESIAN_POINT('',(29.,676.675550314715,-4.99257466270112));
#15063=CARTESIAN_POINT('',(29.,671.999013134279,-4.99257466270112));
#15064=CARTESIAN_POINT('',(29.,679.013818904933,-9.04257466270113));
#15065=CARTESIAN_POINT('',(29.,676.675550314715,-4.99257466270112));
#15066=CARTESIAN_POINT('',(29.,676.675550314715,-13.0925746627011));
#15067=CARTESIAN_POINT('',(29.,679.013818904933,-9.04257466270113));
#15068=CARTESIAN_POINT('',(29.,671.999013134279,-13.0925746627011));
#15069=CARTESIAN_POINT('',(29.,676.675550314715,-13.0925746627011));
#15070=CARTESIAN_POINT('',(29.,671.999013134279,-13.0925746627011));
#15071=CARTESIAN_POINT('',(29.,724.763756671068,38.3062408235883));
#15072=CARTESIAN_POINT('',(29.,728.547154724867,35.5574412371306));
#15073=CARTESIAN_POINT('',(29.,725.252587915953,42.9571594440356));
#15074=CARTESIAN_POINT('',(29.,724.763756671068,38.3062408235883));
#15075=CARTESIAN_POINT('',(29.,725.252587915953,42.9571594440356));
#15076=CARTESIAN_POINT('',(29.,624.367615926135,22.507425337299));
#15077=CARTESIAN_POINT('',(29.,629.044153106571,22.5074253372989));
#15078=CARTESIAN_POINT('',(29.,624.367615926135,22.507425337299));
#15079=CARTESIAN_POINT('',(29.,631.382421696789,18.4574253372989));
#15080=CARTESIAN_POINT('',(29.,629.044153106571,22.5074253372989));
#15081=CARTESIAN_POINT('',(29.,629.044153106571,14.4074253372989));
#15082=CARTESIAN_POINT('',(29.,631.382421696789,18.4574253372989));
#15083=CARTESIAN_POINT('',(29.,624.367615926135,14.407425337299));
#15084=CARTESIAN_POINT('',(29.,629.044153106571,14.4074253372989));
#15085=CARTESIAN_POINT('',(29.,622.029347335917,18.457425337299));
#15086=CARTESIAN_POINT('',(29.,624.367615926135,14.407425337299));
#15087=CARTESIAN_POINT('',(29.,622.029347335917,18.457425337299));
#15088=CARTESIAN_POINT('',(29.,687.217554183055,95.307892218508));
#15089=CARTESIAN_POINT('',(29.,690.346768342259,98.7832366253016));
#15090=CARTESIAN_POINT('',(29.,682.643210560269,96.2801989708646));
#15091=CARTESIAN_POINT('',(29.,687.217554183055,95.307892218508));
#15092=CARTESIAN_POINT('',(29.,682.643210560269,96.2801989708646));
#15093=CARTESIAN_POINT('',(29.,623.910806777926,53.6086098510095));
#15094=CARTESIAN_POINT('',(29.,620.127408724127,56.3574094374672));
#15095=CARTESIAN_POINT('',(29.,623.421975533041,48.9576912305621));
#15096=CARTESIAN_POINT('',(29.,623.910806777926,53.6086098510095));
#15097=CARTESIAN_POINT('',(29.,623.421975533041,48.9576912305621));
#15098=CARTESIAN_POINT('',(29.,697.196628338551,91.5515068871946));
#15099=CARTESIAN_POINT('',(29.,700.98002639235,94.3003064736522));
#15100=CARTESIAN_POINT('',(29.,692.924399039867,93.4536259211843));
#15101=CARTESIAN_POINT('',(29.,697.196628338551,91.5515068871946));
#15102=CARTESIAN_POINT('',(29.,692.924399039867,93.4536259211843));
#15103=CARTESIAN_POINT('',(29.,719.630410342423,69.4074253372989));
#15104=CARTESIAN_POINT('',(29.,724.306947522859,69.4074253372989));
#15105=CARTESIAN_POINT('',(29.,717.292141752205,73.4574253372988));
#15106=CARTESIAN_POINT('',(29.,719.630410342423,69.4074253372989));
#15107=CARTESIAN_POINT('',(29.,717.292141752205,73.4574253372988));
#15108=CARTESIAN_POINT('',(29.,647.694537056644,-2.38545579905445));
#15109=CARTESIAN_POINT('',(29.,651.477935110443,0.36334378740321));
#15110=CARTESIAN_POINT('',(29.,647.694537056644,-2.38545579905445));
#15111=CARTESIAN_POINT('',(29.,655.750164409127,-1.53877524658649));
#15112=CARTESIAN_POINT('',(29.,651.477935110443,0.36334378740321));
#15113=CARTESIAN_POINT('',(29.,656.238995654012,-6.18969386703387));
#15114=CARTESIAN_POINT('',(29.,655.750164409127,-1.53877524658649));
#15115=CARTESIAN_POINT('',(29.,652.455597600213,-8.93849345349155));
#15116=CARTESIAN_POINT('',(29.,656.238995654012,-6.18969386703387));
#15117=CARTESIAN_POINT('',(29.,648.183368301529,-7.03637441950184));
#15118=CARTESIAN_POINT('',(29.,652.455597600213,-8.93849345349155));
#15119=CARTESIAN_POINT('',(29.,648.183368301529,-7.03637441950184));
#15120=CARTESIAN_POINT('',(29.,702.882072546784,-1.28730893978092));
#15121=CARTESIAN_POINT('',(29.,702.393241301899,3.36360968066648));
#15122=CARTESIAN_POINT('',(29.,702.882072546784,-1.28730893978092));
#15123=CARTESIAN_POINT('',(29.,706.176639355698,6.11240926712414));
#15124=CARTESIAN_POINT('',(29.,702.393241301899,3.36360968066648));
#15125=CARTESIAN_POINT('',(29.,710.448868654382,4.21029023313443));
#15126=CARTESIAN_POINT('',(29.,706.176639355698,6.11240926712414));
#15127=CARTESIAN_POINT('',(29.,710.937699899267,-0.440628387312945));
#15128=CARTESIAN_POINT('',(29.,710.448868654382,4.21029023313443));
#15129=CARTESIAN_POINT('',(29.,707.154301845468,-3.1894279737706));
#15130=CARTESIAN_POINT('',(29.,710.937699899267,-0.440628387312945));
#15131=CARTESIAN_POINT('',(29.,707.154301845468,-3.1894279737706));
#15132=CARTESIAN_POINT('',(29.,638.038659946026,81.7873019346795));
#15133=CARTESIAN_POINT('',(29.,636.593530482445,86.2349530938297));
#15134=CARTESIAN_POINT('',(29.,634.909445786821,78.3119575278859));
#15135=CARTESIAN_POINT('',(29.,638.038659946026,81.7873019346795));
#15136=CARTESIAN_POINT('',(29.,634.909445786821,78.3119575278859));
#15137=CARTESIAN_POINT('',(29.,706.176639355698,85.8024414074737));
#15138=CARTESIAN_POINT('',(29.,710.448868654382,87.7045604414634));
#15139=CARTESIAN_POINT('',(29.,702.393241301899,88.5512409939314));
#15140=CARTESIAN_POINT('',(29.,706.176639355698,85.8024414074737));
#15141=CARTESIAN_POINT('',(29.,702.393241301899,88.5512409939314));
#15142=CARTESIAN_POINT('',(29.,676.675550314715,96.9074253372989));
#15143=CARTESIAN_POINT('',(29.,679.013818904933,100.957425337299));
#15144=CARTESIAN_POINT('',(29.,671.999013134279,96.9074253372989));
#15145=CARTESIAN_POINT('',(29.,676.675550314715,96.9074253372989));
#15146=CARTESIAN_POINT('',(29.,671.999013134279,96.9074253372989));
#15147=CARTESIAN_POINT('',(29.,655.750164409127,93.4536259211843));
#15148=CARTESIAN_POINT('',(29.,656.238995654012,98.1045445416316));
#15149=CARTESIAN_POINT('',(29.,651.477935110443,91.5515068871946));
#15150=CARTESIAN_POINT('',(29.,655.750164409127,93.4536259211843));
#15151=CARTESIAN_POINT('',(29.,651.477935110443,91.5515068871946));
#15152=CARTESIAN_POINT('',(29.,619.149746234357,44.8592784780254));
#15153=CARTESIAN_POINT('',(29.,623.421975533041,42.9571594440356));
#15154=CARTESIAN_POINT('',(29.,619.149746234357,44.8592784780254));
#15155=CARTESIAN_POINT('',(29.,623.910806777926,38.3062408235883));
#15156=CARTESIAN_POINT('',(29.,623.421975533041,42.9571594440356));
#15157=CARTESIAN_POINT('',(29.,620.127408724127,35.5574412371306));
#15158=CARTESIAN_POINT('',(29.,623.910806777926,38.3062408235883));
#15159=CARTESIAN_POINT('',(29.,615.855179425443,37.4595602711203));
#15160=CARTESIAN_POINT('',(29.,620.127408724127,35.5574412371306));
#15161=CARTESIAN_POINT('',(29.,615.366348180558,42.1104788915677));
#15162=CARTESIAN_POINT('',(29.,615.855179425443,37.4595602711203));
#15163=CARTESIAN_POINT('',(29.,615.366348180558,42.1104788915677));
#15164=CARTESIAN_POINT('',(29.,692.435567794982,-6.18969386703386));
#15165=CARTESIAN_POINT('',(29.,692.924399039867,-1.53877524658649));
#15166=CARTESIAN_POINT('',(29.,692.435567794982,-6.18969386703386));
#15167=CARTESIAN_POINT('',(29.,697.196628338551,0.363343787403192));
#15168=CARTESIAN_POINT('',(29.,692.924399039867,-1.53877524658649));
#15169=CARTESIAN_POINT('',(29.,700.98002639235,-2.3854557990545));
#15170=CARTESIAN_POINT('',(29.,697.196628338551,0.363343787403192));
#15171=CARTESIAN_POINT('',(29.,700.491195147465,-7.03637441950187));
#15172=CARTESIAN_POINT('',(29.,700.98002639235,-2.3854557990545));
#15173=CARTESIAN_POINT('',(29.,696.218965848781,-8.93849345349155));
#15174=CARTESIAN_POINT('',(29.,700.491195147465,-7.03637441950187));
#15175=CARTESIAN_POINT('',(29.,696.218965848781,-8.93849345349155));
#15176=CARTESIAN_POINT('',(29.,626.603516951049,63.9256667802775));
#15177=CARTESIAN_POINT('',(29.,623.474302791844,67.4010111870712));
#15178=CARTESIAN_POINT('',(29.,625.158387487468,59.4780156211274));
#15179=CARTESIAN_POINT('',(29.,626.603516951049,63.9256667802775));
#15180=CARTESIAN_POINT('',(29.,625.158387487468,59.4780156211274));
#15181=CARTESIAN_POINT('',(29.,658.327795106734,-6.86838595070386));
#15182=CARTESIAN_POINT('',(29.,661.457009265939,-3.39304154391024));
#15183=CARTESIAN_POINT('',(29.,658.327795106734,-6.86838595070386));
#15184=CARTESIAN_POINT('',(29.,666.031352888725,-4.3653482962668));
#15185=CARTESIAN_POINT('',(29.,661.457009265939,-3.39304154391024));
#15186=CARTESIAN_POINT('',(29.,667.476482352306,-8.81299945541701));
#15187=CARTESIAN_POINT('',(29.,666.031352888725,-4.3653482962668));
#15188=CARTESIAN_POINT('',(29.,664.347268193101,-12.2883438622106));
#15189=CARTESIAN_POINT('',(29.,667.476482352306,-8.81299945541701));
#15190=CARTESIAN_POINT('',(29.,659.772924570315,-11.316037109854));
#15191=CARTESIAN_POINT('',(29.,664.347268193101,-12.2883438622106));
#15192=CARTESIAN_POINT('',(29.,659.772924570315,-11.316037109854));
#15193=CARTESIAN_POINT('',(29.,681.198081096687,-8.81299945541699));
#15194=CARTESIAN_POINT('',(29.,682.643210560269,-4.3653482962668));
#15195=CARTESIAN_POINT('',(29.,681.198081096687,-8.81299945541699));
#15196=CARTESIAN_POINT('',(29.,687.217554183055,-3.39304154391023));
#15197=CARTESIAN_POINT('',(29.,682.643210560269,-4.3653482962668));
#15198=CARTESIAN_POINT('',(29.,690.346768342259,-6.86838595070391));
#15199=CARTESIAN_POINT('',(29.,687.217554183055,-3.39304154391023));
#15200=CARTESIAN_POINT('',(29.,688.901638878678,-11.3160371098541));
#15201=CARTESIAN_POINT('',(29.,690.346768342259,-6.86838595070391));
#15202=CARTESIAN_POINT('',(29.,684.327295255893,-12.2883438622106));
#15203=CARTESIAN_POINT('',(29.,688.901638878678,-11.3160371098541));
#15204=CARTESIAN_POINT('',(29.,684.327295255893,-12.2883438622106));
#15205=CARTESIAN_POINT('',(29.,713.765117662173,78.3119575278859));
#15206=CARTESIAN_POINT('',(29.,718.339461284958,79.2842642802424));
#15207=CARTESIAN_POINT('',(29.,710.635903502968,81.7873019346796));
#15208=CARTESIAN_POINT('',(29.,713.765117662173,78.3119575278859));
#15209=CARTESIAN_POINT('',(29.,710.635903502968,81.7873019346796));
#15210=CARTESIAN_POINT('',(29.,725.252587915953,48.9576912305621));
#15211=CARTESIAN_POINT('',(29.,729.524817214637,47.0555721965724));
#15212=CARTESIAN_POINT('',(29.,724.763756671068,53.6086098510095));
#15213=CARTESIAN_POINT('',(29.,725.252587915953,48.9576912305621));
#15214=CARTESIAN_POINT('',(29.,724.763756671068,53.6086098510095));
#15215=CARTESIAN_POINT('',(29.,620.584043864682,33.409141805827));
#15216=CARTESIAN_POINT('',(29.,625.158387487468,32.4368350534704));
#15217=CARTESIAN_POINT('',(29.,620.584043864682,33.409141805827));
#15218=CARTESIAN_POINT('',(29.,626.603516951049,27.9891838943202));
#15219=CARTESIAN_POINT('',(29.,625.158387487468,32.4368350534704));
#15220=CARTESIAN_POINT('',(29.,623.474302791844,24.5138394875266));
#15221=CARTESIAN_POINT('',(29.,626.603516951049,27.9891838943202));
#15222=CARTESIAN_POINT('',(29.,618.899959169058,25.4861462398832));
#15223=CARTESIAN_POINT('',(29.,623.474302791844,24.5138394875266));
#15224=CARTESIAN_POINT('',(29.,617.454829705477,29.9337973990334));
#15225=CARTESIAN_POINT('',(29.,618.899959169058,25.4861462398832));
#15226=CARTESIAN_POINT('',(29.,617.454829705477,29.9337973990334));
#15227=CARTESIAN_POINT('',(29.,638.225694794612,4.21029023313448));
#15228=CARTESIAN_POINT('',(29.,642.497924093296,6.11240926712412));
#15229=CARTESIAN_POINT('',(29.,638.225694794612,4.21029023313448));
#15230=CARTESIAN_POINT('',(29.,646.281322147095,3.36360968066646));
#15231=CARTESIAN_POINT('',(29.,642.497924093296,6.11240926712412));
#15232=CARTESIAN_POINT('',(29.,645.79249090221,-1.28730893978092));
#15233=CARTESIAN_POINT('',(29.,646.281322147095,3.36360968066646));
#15234=CARTESIAN_POINT('',(29.,641.520261603526,-3.1894279737706));
#15235=CARTESIAN_POINT('',(29.,645.79249090221,-1.28730893978092));
#15236=CARTESIAN_POINT('',(29.,637.736863549727,-0.440628387312891));
#15237=CARTESIAN_POINT('',(29.,641.520261603526,-3.1894279737706));
#15238=CARTESIAN_POINT('',(29.,637.736863549727,-0.440628387312891));
#15239=CARTESIAN_POINT('',(29.,630.335102164035,12.6305863943553));
#15240=CARTESIAN_POINT('',(29.,634.909445786821,13.6028931467119));
#15241=CARTESIAN_POINT('',(29.,630.335102164035,12.6305863943553));
#15242=CARTESIAN_POINT('',(29.,638.038659946026,10.1275487399182));
#15243=CARTESIAN_POINT('',(29.,634.909445786821,13.6028931467119));
#15244=CARTESIAN_POINT('',(29.,636.593530482445,5.67989758076807));
#15245=CARTESIAN_POINT('',(29.,638.038659946026,10.1275487399182));
#15246=CARTESIAN_POINT('',(29.,632.019186859659,4.70759082841152));
#15247=CARTESIAN_POINT('',(29.,636.593530482445,5.67989758076807));
#15248=CARTESIAN_POINT('',(29.,628.889972700454,8.18293523520516));
#15249=CARTESIAN_POINT('',(29.,632.019186859659,4.70759082841152));
#15250=CARTESIAN_POINT('',(29.,628.889972700454,8.18293523520516));
#15251=CARTESIAN_POINT('',(29.,646.281322147095,88.5512409939313));
#15252=CARTESIAN_POINT('',(29.,645.79249090221,93.2021596143787));
#15253=CARTESIAN_POINT('',(29.,642.497924093296,85.8024414074737));
#15254=CARTESIAN_POINT('',(29.,646.281322147095,88.5512409939313));
#15255=CARTESIAN_POINT('',(29.,642.497924093296,85.8024414074737));
#15256=CARTESIAN_POINT('',(29.,719.630410342423,14.4074253372989));
#15257=CARTESIAN_POINT('',(29.,717.292141752205,18.4574253372989));
#15258=CARTESIAN_POINT('',(29.,719.630410342423,14.4074253372989));
#15259=CARTESIAN_POINT('',(29.,719.630410342423,22.5074253372989));
#15260=CARTESIAN_POINT('',(29.,717.292141752205,18.4574253372989));
#15261=CARTESIAN_POINT('',(29.,724.306947522859,22.5074253372989));
#15262=CARTESIAN_POINT('',(29.,719.630410342423,22.5074253372989));
#15263=CARTESIAN_POINT('',(29.,726.645216113077,18.4574253372988));
#15264=CARTESIAN_POINT('',(29.,724.306947522859,22.5074253372989));
#15265=CARTESIAN_POINT('',(29.,724.306947522859,14.4074253372988));
#15266=CARTESIAN_POINT('',(29.,726.645216113077,18.4574253372988));
#15267=CARTESIAN_POINT('',(29.,724.306947522859,14.4074253372988));
#15268=CARTESIAN_POINT('',(29.,723.516175961525,59.4780156211274));
#15269=CARTESIAN_POINT('',(29.,728.090519584311,58.5057088687708));
#15270=CARTESIAN_POINT('',(29.,722.071046497945,63.9256667802776));
#15271=CARTESIAN_POINT('',(29.,723.516175961525,59.4780156211274));
#15272=CARTESIAN_POINT('',(29.,722.071046497945,63.9256667802776));
#15273=CARTESIAN_POINT('',(29.,725.200260657149,24.5138394875267));
#15274=CARTESIAN_POINT('',(29.,722.071046497945,27.9891838943203));
#15275=CARTESIAN_POINT('',(29.,725.200260657149,24.5138394875267));
#15276=CARTESIAN_POINT('',(29.,723.516175961525,32.4368350534705));
#15277=CARTESIAN_POINT('',(29.,722.071046497945,27.9891838943203));
#15278=CARTESIAN_POINT('',(29.,728.090519584311,33.409141805827));
#15279=CARTESIAN_POINT('',(29.,723.516175961525,32.4368350534705));
#15280=CARTESIAN_POINT('',(29.,731.219733743516,29.9337973990334));
#15281=CARTESIAN_POINT('',(29.,728.090519584311,33.409141805827));
#15282=CARTESIAN_POINT('',(29.,729.774604279935,25.4861462398832));
#15283=CARTESIAN_POINT('',(29.,731.219733743516,29.9337973990334));
#15284=CARTESIAN_POINT('',(29.,729.774604279935,25.4861462398832));
#15285=CARTESIAN_POINT('',(29.,666.031352888725,96.2801989708646));
#15286=CARTESIAN_POINT('',(29.,667.476482352306,100.727850130015));
#15287=CARTESIAN_POINT('',(29.,661.457009265939,95.307892218508));
#15288=CARTESIAN_POINT('',(29.,666.031352888725,96.2801989708646));
#15289=CARTESIAN_POINT('',(29.,661.457009265939,95.307892218508));
#15290=CARTESIAN_POINT('',(29.,712.081032966548,5.67989758076811));
#15291=CARTESIAN_POINT('',(29.,710.635903502967,10.1275487399183));
#15292=CARTESIAN_POINT('',(29.,712.081032966548,5.67989758076811));
#15293=CARTESIAN_POINT('',(29.,713.765117662173,13.6028931467119));
#15294=CARTESIAN_POINT('',(29.,710.635903502967,10.1275487399183));
#15295=CARTESIAN_POINT('',(29.,718.339461284958,12.6305863943553));
#15296=CARTESIAN_POINT('',(29.,713.765117662173,13.6028931467119));
#15297=CARTESIAN_POINT('',(29.,719.784590748539,8.18293523520511));
#15298=CARTESIAN_POINT('',(29.,718.339461284958,12.6305863943553));
#15299=CARTESIAN_POINT('',(29.,716.655376589334,4.70759082841154));
#15300=CARTESIAN_POINT('',(29.,719.784590748539,8.18293523520511));
#15301=CARTESIAN_POINT('',(29.,716.655376589334,4.70759082841154));
#15302=CARTESIAN_POINT('',(29.,720.733837603097,35.7785451138201));
#15303=CARTESIAN_POINT('',(29.,721.477252578478,40.1202044329777));
#15304=CARTESIAN_POINT('Ctrl Pts',(29.,720.733837603097,35.7785451138203));
#15305=CARTESIAN_POINT('Ctrl Pts',(29.,720.776114829103,35.9712497763861));
#15306=CARTESIAN_POINT('Ctrl Pts',(29.,720.815335365702,36.1427263118225));
#15307=CARTESIAN_POINT('Ctrl Pts',(29.,720.872427427641,36.3925662337737));
#15308=CARTESIAN_POINT('Ctrl Pts',(29.,720.880396617481,36.427444296421));
#15309=CARTESIAN_POINT('Ctrl Pts',(29.,720.986022505942,36.8903961907448));
#15310=CARTESIAN_POINT('Ctrl Pts',(29.0000000000257,721.064220234283,37.2406820939335));
#15311=CARTESIAN_POINT('Ctrl Pts',(29.0000000000257,721.150515894567,37.7007850554371));
#15312=CARTESIAN_POINT('Ctrl Pts',(29.,721.160566978833,37.755704385878));
#15313=CARTESIAN_POINT('Ctrl Pts',(29.,721.175171816979,37.8376151823424));
#15314=CARTESIAN_POINT('Ctrl Pts',(29.,721.179896195953,37.8644567110535));
#15315=CARTESIAN_POINT('Ctrl Pts',(29.,721.188233744523,37.9124556687506));
#15316=CARTESIAN_POINT('Ctrl Pts',(29.,721.191866649525,37.9335908459891));
#15317=CARTESIAN_POINT('Ctrl Pts',(29.,721.199483594586,37.9783766594391));
#15318=CARTESIAN_POINT('Ctrl Pts',(28.9999999999999,721.203455895285,38.0020145020774));
#15319=CARTESIAN_POINT('Ctrl Pts',(28.9999999999999,721.213959427134,38.0652765621443));
#15320=CARTESIAN_POINT('Ctrl Pts',(29.,721.220399148367,38.1048674382962));
#15321=CARTESIAN_POINT('Ctrl Pts',(29.,721.239771369092,38.2264359557924));
#15322=CARTESIAN_POINT('Ctrl Pts',(29.,721.252228816086,38.3081156181032));
#15323=CARTESIAN_POINT('Ctrl Pts',(29.,721.298425276151,38.6238734988318));
#15324=CARTESIAN_POINT('Ctrl Pts',(29.000000000001,721.327707318716,38.8520044810341));
#15325=CARTESIAN_POINT('Ctrl Pts',(29.000000000001,721.397854685271,39.4357516712309));
#15326=CARTESIAN_POINT('Ctrl Pts',(29.,721.435080009123,39.7796290593825));
#15327=CARTESIAN_POINT('Ctrl Pts',(29.,721.477252578498,40.1202044331404));
#15328=CARTESIAN_POINT('',(29.,706.350728519408,10.8662694100656));
#15329=CARTESIAN_POINT('Origin',(29.,674.337281724497,45.9574253372988));
#15330=CARTESIAN_POINT('',(29.,702.962448742084,8.05162349621871));
#15331=CARTESIAN_POINT('Ctrl Pts',(29.,702.962448742001,8.0516234961556));
#15332=CARTESIAN_POINT('Ctrl Pts',(29.,703.136386302989,8.18297520201817));
#15333=CARTESIAN_POINT('Ctrl Pts',(29.,703.309368718208,8.31096190341462));
#15334=CARTESIAN_POINT('Ctrl Pts',(29.,703.848970279396,8.71124170671487));
#15335=CARTESIAN_POINT('Ctrl Pts',(29.,704.121979941926,8.91511182741691));
#15336=CARTESIAN_POINT('Ctrl Pts',(29.,704.493097409554,9.21176718152379));
#15337=CARTESIAN_POINT('Ctrl Pts',(29.,704.545808530101,9.25435576751163));
#15338=CARTESIAN_POINT('Ctrl Pts',(29.,704.622323173189,9.31687936064463));
#15339=CARTESIAN_POINT('Ctrl Pts',(29.,704.646156544589,9.33645453049941));
#15340=CARTESIAN_POINT('Ctrl Pts',(29.,704.688316538705,9.37126116944819));
#15341=CARTESIAN_POINT('Ctrl Pts',(29.,704.70664296156,9.38645148889645));
#15342=CARTESIAN_POINT('Ctrl Pts',(29.,704.744756549286,9.41816892558962));
#15343=CARTESIAN_POINT('Ctrl Pts',(29.,704.764524096751,9.43469011086004));
#15344=CARTESIAN_POINT('Ctrl Pts',(29.,704.815919266334,9.47782918573332));
#15345=CARTESIAN_POINT('Ctrl Pts',(28.9999999999998,704.847451058955,9.50447806163875));
#15346=CARTESIAN_POINT('Ctrl Pts',(28.9999999999998,704.94283513023,9.5856343339517));
#15347=CARTESIAN_POINT('Ctrl Pts',(29.,705.006118773956,9.64021845358206));
#15348=CARTESIAN_POINT('Ctrl Pts',(29.,705.244118428241,9.84805586292955));
#15349=CARTESIAN_POINT('Ctrl Pts',(29.0000000000002,705.41193598065,9.99977992980988));
#15350=CARTESIAN_POINT('Ctrl Pts',(29.0000000000002,705.843032934022,10.3958419472663));
#15351=CARTESIAN_POINT('Ctrl Pts',(29.,706.096078780514,10.6339540117261));
#15352=CARTESIAN_POINT('Ctrl Pts',(29.,706.350728519408,10.8662694100658));
#15353=CARTESIAN_POINT('',(29.,645.71211470694,8.05162349619586));
#15354=CARTESIAN_POINT('Origin',(29.,674.337281724497,45.9574253372988));
#15355=CARTESIAN_POINT('',(29.,642.323834929585,10.8662694100657));
#15356=CARTESIAN_POINT('Ctrl Pts',(29.,642.323834929586,10.8662694100656));
#15357=CARTESIAN_POINT('Ctrl Pts',(29.,642.484857190068,10.7193697872819));
#15358=CARTESIAN_POINT('Ctrl Pts',(29.,642.642396376704,10.57279198174));
#15359=CARTESIAN_POINT('Ctrl Pts',(29.,643.134846669862,10.1157454646846));
#15360=CARTESIAN_POINT('Ctrl Pts',(29.,643.385327171998,9.88475192619364));
#15361=CARTESIAN_POINT('Ctrl Pts',(29.,643.745010623662,9.57433080930813));
#15362=CARTESIAN_POINT('Ctrl Pts',(29.,643.796541991876,9.53032516539646));
#15363=CARTESIAN_POINT('Ctrl Pts',(29.,643.872035256642,9.4665757499571));
#15364=CARTESIAN_POINT('Ctrl Pts',(29.,643.895648918459,9.44673665066737));
#15365=CARTESIAN_POINT('Ctrl Pts',(29.,643.93759657507,9.41167502604022));
#15366=CARTESIAN_POINT('Ctrl Pts',(29.,643.95589008297,9.39644515168341));
#15367=CARTESIAN_POINT('Ctrl Pts',(29.,643.994059277949,9.36479444448172));
#15368=CARTESIAN_POINT('Ctrl Pts',(29.,644.013925536524,9.34839180931486));
#15369=CARTESIAN_POINT('Ctrl Pts',(29.,644.065759004031,9.30577881507027));
#15370=CARTESIAN_POINT('Ctrl Pts',(28.9999999999998,644.097739100678,9.27966834815044));
#15371=CARTESIAN_POINT('Ctrl Pts',(28.9999999999998,644.195013550544,9.20078316480628));
#15372=CARTESIAN_POINT('Ctrl Pts',(29.,644.26027903822,9.14858154417465));
#15373=CARTESIAN_POINT('Ctrl Pts',(29.,644.508246700052,8.95272620863306));
#15374=CARTESIAN_POINT('Ctrl Pts',(29.0000000000002,644.688180103022,8.81557414857379));
#15375=CARTESIAN_POINT('Ctrl Pts',(29.0000000000002,645.156580269634,8.46442379615487));
#15376=CARTESIAN_POINT('Ctrl Pts',(29.,645.437049317232,8.2593434846586));
#15377=CARTESIAN_POINT('Ctrl Pts',(29.,645.712114706993,8.05162349615581));
#15378=CARTESIAN_POINT('',(29.,627.940725845896,35.7785451138206));
#15379=CARTESIAN_POINT('Origin',(29.,674.337281724497,45.9574253372988));
#15380=CARTESIAN_POINT('',(29.,627.197310870516,40.1202044329769));
#15381=CARTESIAN_POINT('Ctrl Pts',(29.,627.197310870496,40.1202044331397));
#15382=CARTESIAN_POINT('Ctrl Pts',(29.,627.221555392448,39.924411593197));
#15383=CARTESIAN_POINT('Ctrl Pts',(29.,627.241620158206,39.7496515829598));
#15384=CARTESIAN_POINT('Ctrl Pts',(29.,627.270867319482,39.4953582044217));
#15385=CARTESIAN_POINT('Ctrl Pts',(29.,627.274921740042,39.4601145150667));
#15386=CARTESIAN_POINT('Ctrl Pts',(29.,627.329187061728,38.9896825266883));
#15387=CARTESIAN_POINT('Ctrl Pts',(29.0000000000249,627.371877793639,38.6340687941576));
#15388=CARTESIAN_POINT('Ctrl Pts',(29.0000000000249,627.443455958818,38.1716582826429));
#15389=CARTESIAN_POINT('Ctrl Pts',(29.,627.452363416334,38.1157596841319));
#15390=CARTESIAN_POINT('Ctrl Pts',(29.,627.465986783994,38.0327403768127));
#15391=CARTESIAN_POINT('Ctrl Pts',(29.,627.470484833022,38.0057077924048));
#15392=CARTESIAN_POINT('Ctrl Pts',(29.,627.478617169907,37.9575041579313));
#15393=CARTESIAN_POINT('Ctrl Pts',(29.,627.482224801473,37.9363476419391));
#15394=CARTESIAN_POINT('Ctrl Pts',(29.,627.489928381888,37.8916469286219));
#15395=CARTESIAN_POINT('Ctrl Pts',(28.9999999999999,627.494030766984,37.8681185587677));
#15396=CARTESIAN_POINT('Ctrl Pts',(28.9999999999999,627.505086177011,37.8054368948596));
#15397=CARTESIAN_POINT('Ctrl Pts',(29.,627.512112434085,37.7663438924306));
#15398=CARTESIAN_POINT('Ctrl Pts',(29.,627.534013177761,37.6466858907831));
#15399=CARTESIAN_POINT('Ctrl Pts',(29.,627.549227808923,37.5665448895211));
#15400=CARTESIAN_POINT('Ctrl Pts',(29.,627.609534541849,37.2589948782729));
#15401=CARTESIAN_POINT('Ctrl Pts',(29.0000000000007,627.656791577449,37.0382941372185));
#15402=CARTESIAN_POINT('Ctrl Pts',(29.0000000000007,627.785010503903,36.4626016973859));
#15403=CARTESIAN_POINT('Ctrl Pts',(29.,627.865868055656,36.1197558925686));
#15404=CARTESIAN_POINT('Ctrl Pts',(29.,627.940725845896,35.7785451138208));
#15405=CARTESIAN_POINT('',(29.,655.822477887993,89.7004480825983));
#15406=CARTESIAN_POINT('Origin',(29.,674.337281724497,45.9574253372988));
#15407=CARTESIAN_POINT('',(29.,659.954172640808,91.2274614880103));
#15408=CARTESIAN_POINT('Ctrl Pts',(29.,659.954172640808,91.2274614880102));
#15409=CARTESIAN_POINT('Ctrl Pts',(29.,659.785387162102,91.1738352893501));
#15410=CARTESIAN_POINT('Ctrl Pts',(29.,659.612355450507,91.1203763572507));
#15411=CARTESIAN_POINT('Ctrl Pts',(29.,659.414311011834,91.0593297898487));
#15412=CARTESIAN_POINT('Ctrl Pts',(29.,659.382709691814,91.0495931887007));
#15413=CARTESIAN_POINT('Ctrl Pts',(29.,659.223583158599,91.0005445525447));
#15414=CARTESIAN_POINT('Ctrl Pts',(29.,659.099342548645,90.9621826641677));
#15415=CARTESIAN_POINT('Ctrl Pts',(29.,658.67075159785,90.8278432299412));
#15416=CARTESIAN_POINT('Ctrl Pts',(29.,658.386603842911,90.7353927261173));
#15417=CARTESIAN_POINT('Ctrl Pts',(29.,658.045960533489,90.6146461683655));
#15418=CARTESIAN_POINT('Ctrl Pts',(29.,658.002100782383,90.5989158612667));
#15419=CARTESIAN_POINT('Ctrl Pts',(29.,657.935846163896,90.5748680070009));
#15420=CARTESIAN_POINT('Ctrl Pts',(29.,657.913472116589,90.5666977817003));
#15421=CARTESIAN_POINT('Ctrl Pts',(29.,657.873050445003,90.5518474717973));
#15422=CARTESIAN_POINT('Ctrl Pts',(29.,657.855009157115,90.5451870103214));
#15423=CARTESIAN_POINT('Ctrl Pts',(29.,657.816338488689,90.5308411346614));
#15424=CARTESIAN_POINT('Ctrl Pts',(28.9999999999999,657.795722652513,90.523150720528));
#15425=CARTESIAN_POINT('Ctrl Pts',(28.9999999999999,657.739476311392,90.5020534197202));
#15426=CARTESIAN_POINT('Ctrl Pts',(29.,657.703911123865,90.4885867732152));
#15427=CARTESIAN_POINT('Ctrl Pts',(29.,657.594080847657,90.4466151269727));
#15428=CARTESIAN_POINT('Ctrl Pts',(29.0000000000003,657.52025965322,90.4178606574447));
#15429=CARTESIAN_POINT('Ctrl Pts',(29.0000000000003,657.232557297,90.3038417598738));
#15430=CARTESIAN_POINT('Ctrl Pts',(29.0000000000028,657.025568060227,90.2176318118831));
#15431=CARTESIAN_POINT('Ctrl Pts',(29.0000000000028,656.478225537349,89.9842078228454));
#15432=CARTESIAN_POINT('Ctrl Pts',(29.,656.15003613056,89.8390913730145));
#15433=CARTESIAN_POINT('Ctrl Pts',(29.,655.822477887999,89.700448082601));
#15434=CARTESIAN_POINT('',(29.,688.720390808185,91.2274614880103));
#15435=CARTESIAN_POINT('Origin',(29.,674.337281724497,45.9574253372988));
#15436=CARTESIAN_POINT('',(29.,692.852085561001,89.7004480825982));
#15437=CARTESIAN_POINT('Ctrl Pts',(29.,692.852085560994,89.700448082601));
#15438=CARTESIAN_POINT('Ctrl Pts',(29.,692.688993438832,89.7694789464874));
#15439=CARTESIAN_POINT('Ctrl Pts',(29.,692.522784473621,89.8413983605454));
#15440=CARTESIAN_POINT('Ctrl Pts',(29.,692.333538678644,89.9234311452831));
#15441=CARTESIAN_POINT('Ctrl Pts',(29.,692.30410237783,89.9361952823137));
#15442=CARTESIAN_POINT('Ctrl Pts',(29.,692.150466808997,90.0027949502472));
#15443=CARTESIAN_POINT('Ctrl Pts',(29.,692.029699593327,90.055079715529));
#15444=CARTESIAN_POINT('Ctrl Pts',(29.,691.615882103544,90.2321087581494));
#15445=CARTESIAN_POINT('Ctrl Pts',(29.,691.340505582172,90.3463999406517));
#15446=CARTESIAN_POINT('Ctrl Pts',(29.,691.003949527774,90.4759240192357));
#15447=CARTESIAN_POINT('Ctrl Pts',(29.,690.960410862982,90.4924946852603));
#15448=CARTESIAN_POINT('Ctrl Pts',(29.,690.89445276892,90.5173105481894));
#15449=CARTESIAN_POINT('Ctrl Pts',(29.,690.872144902646,90.5256540687513));
#15450=CARTESIAN_POINT('Ctrl Pts',(29.,690.831783065488,90.5406601153992));
#15451=CARTESIAN_POINT('Ctrl Pts',(29.,690.813746665076,90.5473334210976));
#15452=CARTESIAN_POINT('Ctrl Pts',(29.,690.775039757864,90.5615851243083));
#15453=CARTESIAN_POINT('Ctrl Pts',(28.9999999999999,690.754376287475,90.5691509093955));
#15454=CARTESIAN_POINT('Ctrl Pts',(28.9999999999999,690.697920990973,90.5897063704434));
#15455=CARTESIAN_POINT('Ctrl Pts',(29.,690.6621399242,90.6026081312923));
#15456=CARTESIAN_POINT('Ctrl Pts',(29.,690.551388781694,90.6421595851931));
#15457=CARTESIAN_POINT('Ctrl Pts',(29.0000000000003,690.476593803753,90.6683308420203));
#15458=CARTESIAN_POINT('Ctrl Pts',(29.0000000000003,690.183797600494,90.7688517211158));
#15459=CARTESIAN_POINT('Ctrl Pts',(29.0000000000028,689.970421860911,90.8379968526891));
#15460=CARTESIAN_POINT('Ctrl Pts',(29.0000000000028,689.402860336894,91.0166216552721));
#15461=CARTESIAN_POINT('Ctrl Pts',(29.,689.059283238423,91.1197892348777));
#15462=CARTESIAN_POINT('Ctrl Pts',(29.,688.720390808185,91.2274614880103));
#15463=CARTESIAN_POINT('Origin',(29.,674.337281724497,45.9574253372988));
#15464=CARTESIAN_POINT('Ctrl Pts',(28.1999999999997,721.296882459638,39.8505333997926));
#15465=CARTESIAN_POINT('Ctrl Pts',(28.4710747622129,721.3119916654,39.1702906792315));
#15466=CARTESIAN_POINT('Ctrl Pts',(28.8211685378258,721.195122349617,37.7232225635121));
#15467=CARTESIAN_POINT('Ctrl Pts',(28.1037528056628,720.568167739497,35.6961920908433));
#15468=CARTESIAN_POINT('Ctrl Pts',(26.669448065409,719.312989250076,33.414764743743));
#15469=CARTESIAN_POINT('Ctrl Pts',(24.8340604183116,716.977664020383,31.0645336620345));
#15470=CARTESIAN_POINT('Ctrl Pts',(24.,714.312280811021,29.9859528376433));
#15471=CARTESIAN_POINT('Ctrl Pts',(24.,712.896832121323,29.7568955925458));
#15472=CARTESIAN_POINT('Ctrl Pts',(28.3572963987858,721.29572281148,39.9027427766501));
#15473=CARTESIAN_POINT('Ctrl Pts',(28.6118475187962,721.314802674318,39.2046950462901));
#15474=CARTESIAN_POINT('Ctrl Pts',(28.9416677126419,721.199141971998,37.7159070426009));
#15475=CARTESIAN_POINT('Ctrl Pts',(28.265957618027,720.546750425696,35.6347388684651));
#15476=CARTESIAN_POINT('Ctrl Pts',(26.9241426446363,719.24237971833,33.3090269785798));
#15477=CARTESIAN_POINT('Ctrl Pts',(25.2365654497892,716.829885353661,30.9635927077066));
#15478=CARTESIAN_POINT('Ctrl Pts',(24.5538676394453,714.211993257707,29.9678772809375));
#15479=CARTESIAN_POINT('Ctrl Pts',(24.5983986006838,712.896832121323,29.7568955925458));
#15480=CARTESIAN_POINT('Ctrl Pts',(28.632547438128,721.3299389069,39.9949083882716));
#15481=CARTESIAN_POINT('Ctrl Pts',(28.8582010300201,721.346583640924,39.2630263722484));
#15482=CARTESIAN_POINT('Ctrl Pts',(29.1536893494253,721.222456574269,37.7025939924732));
#15483=CARTESIAN_POINT('Ctrl Pts',(28.5512669459342,720.54399258373,35.517848417752));
#15484=CARTESIAN_POINT('Ctrl Pts',(27.3724618296703,719.200504884083,33.0755905053448));
#15485=CARTESIAN_POINT('Ctrl Pts',(25.9440536287693,716.735049049085,30.6071902682335));
#15486=CARTESIAN_POINT('Ctrl Pts',(25.5188781637843,714.180553173928,29.534791589547));
#15487=CARTESIAN_POINT('Ctrl Pts',(25.6342725439178,712.977069081528,29.2610749947783));
#15488=CARTESIAN_POINT('Ctrl Pts',(28.8930176441055,721.425663970058,40.0835317729514));
#15489=CARTESIAN_POINT('Ctrl Pts',(29.0950946138563,721.424236789057,39.3162248892133));
#15490=CARTESIAN_POINT('Ctrl Pts',(29.35776491354,721.274622606526,37.6821386967084));
#15491=CARTESIAN_POINT('Ctrl Pts',(28.8202044758595,720.603095081706,35.3818175064289));
#15492=CARTESIAN_POINT('Ctrl Pts',(27.7582137178737,719.305964838792,32.7711279735928));
#15493=CARTESIAN_POINT('Ctrl Pts',(26.4421765155277,716.95150381633,30.0282125573079));
#15494=CARTESIAN_POINT('Ctrl Pts',(25.9482299845886,714.416549954132,28.6305489054012));
#15495=CARTESIAN_POINT('Ctrl Pts',(26.,713.144633979469,28.2256154303842));
#15496=CARTESIAN_POINT('Ctrl Pts',(28.9999999999997,721.477252578498,40.1202044331407));
#15497=CARTESIAN_POINT('Ctrl Pts',(29.193624830152,721.465526741393,39.3378571692624));
#15498=CARTESIAN_POINT('Ctrl Pts',(29.4436918127327,721.30204307531,37.6724446397381));
#15499=CARTESIAN_POINT('Ctrl Pts',(28.9312520040447,720.6392810994,35.3210333623032));
#15500=CARTESIAN_POINT('Ctrl Pts',(27.9067486181493,719.376421848685,32.6335392325074));
#15501=CARTESIAN_POINT('Ctrl Pts',(26.5957574416511,717.092565835649,29.7619126798917));
#15502=CARTESIAN_POINT('Ctrl Pts',(26.,714.546731537519,28.2295417270735));
#15503=CARTESIAN_POINT('Ctrl Pts',(26.,713.216328885753,27.782580061148));
#15504=CARTESIAN_POINT('',(28.6188873986775,721.155899385753,37.940752692798));
#15505=CARTESIAN_POINT('Ctrl Pts',(29.,721.477252578498,40.1202044331408));
#15506=CARTESIAN_POINT('Ctrl Pts',(29.,721.456005658971,39.948619498517));
#15507=CARTESIAN_POINT('Ctrl Pts',(28.9947359896011,721.433780043498,39.7768415555279));
#15508=CARTESIAN_POINT('Ctrl Pts',(28.9378552045939,721.320312026619,38.9358958676292));
#15509=CARTESIAN_POINT('Ctrl Pts',(28.8045128946909,721.235064061342,38.4035561324766));
#15510=CARTESIAN_POINT('Ctrl Pts',(28.6210258159613,721.156808579629,37.9460638844703));
#15511=CARTESIAN_POINT('Ctrl Pts',(28.6199577817017,721.156354013488,37.943407789621));
#15512=CARTESIAN_POINT('Ctrl Pts',(28.6188873986775,721.155899385753,37.940752692798));
#15513=CARTESIAN_POINT('',(24.,712.896832121323,29.7568955925458));
#15514=CARTESIAN_POINT('Ctrl Pts',(28.6188921557209,721.154868364694,37.9409284071503));
#15515=CARTESIAN_POINT('Ctrl Pts',(28.6193655455916,721.143830699687,37.8761510181486));
#15516=CARTESIAN_POINT('Ctrl Pts',(28.6051978477003,721.005345964664,37.1095462104267));
#15517=CARTESIAN_POINT('Ctrl Pts',(28.1051562572638,720.567982927397,35.695660250987));
#15518=CARTESIAN_POINT('Ctrl Pts',(26.6716517745034,719.312379486057,33.4138491877948));
#15519=CARTESIAN_POINT('Ctrl Pts',(24.8375430213375,716.976387742965,31.0636577366479));
#15520=CARTESIAN_POINT('Ctrl Pts',(24.0047921175583,714.311415155801,29.9857907214279));
#15521=CARTESIAN_POINT('Ctrl Pts',(24.0051773073414,712.896833265023,29.7568885251066));
#15522=CARTESIAN_POINT('',(26.,713.216328885753,27.7825800611479));
#15523=CARTESIAN_POINT('Origin',(24.,713.216328885753,27.7825800611479));
#15524=CARTESIAN_POINT('Ctrl Pts',(26.,713.216328885753,27.782580061148));
#15525=CARTESIAN_POINT('Ctrl Pts',(26.,714.546731537519,28.2295417270735));
#15526=CARTESIAN_POINT('Ctrl Pts',(26.5957574416511,717.092565835649,29.7619126798917));
#15527=CARTESIAN_POINT('Ctrl Pts',(27.9067486181493,719.376421848685,32.6335392325074));
#15528=CARTESIAN_POINT('Ctrl Pts',(28.7216251012864,720.380883443529,34.7711366236821));
#15529=CARTESIAN_POINT('Ctrl Pts',(28.9646994131983,720.687746538326,35.6431172652627));
#15530=CARTESIAN_POINT('Ctrl Pts',(29.0000124875977,720.733201735078,35.7787549561603));
#15531=CARTESIAN_POINT('Origin',(24.,711.299348299173,39.628473249535));
#15532=CARTESIAN_POINT('',(24.,706.299348299173,30.9682192116906));
#15533=CARTESIAN_POINT('',(26.,705.299348299173,29.2361684041218));
#15534=CARTESIAN_POINT('Origin',(24.,705.299348299173,29.2361684041218));
#15535=CARTESIAN_POINT('Origin',(26.,711.299348299173,39.628473249535));
#15536=CARTESIAN_POINT('Origin',(24.,711.299348299173,39.628473249535));
#15537=CARTESIAN_POINT('Origin',(24.,693.194415896257,36.2249543854676));
#15538=CARTESIAN_POINT('',(24.,689.316432291205,40.7733103405155));
#15539=CARTESIAN_POINT('',(26.,688.316432291205,39.0412595329466));
#15540=CARTESIAN_POINT('Origin',(24.,688.316432291205,39.0412595329466));
#15541=CARTESIAN_POINT('',(26.,693.194415896257,36.2249543854676));
#15542=CARTESIAN_POINT('',(24.,694.194415896257,37.9570051930365));
#15543=CARTESIAN_POINT('Origin',(24.,691.816432291205,45.1034373594377));
#15544=CARTESIAN_POINT('',(24.,686.822389272146,45.3474339245409));
#15545=CARTESIAN_POINT('',(26.,684.824772064522,45.4450325505822));
#15546=CARTESIAN_POINT('Origin',(24.,684.824772064522,45.4450325505822));
#15547=CARTESIAN_POINT('Origin',(26.,691.816432291205,45.1034373594377));
#15548=CARTESIAN_POINT('Origin',(24.,691.816432291205,45.1034373594377));
#15549=CARTESIAN_POINT('Origin',(24.,674.337281724497,45.9574253372989));
#15550=CARTESIAN_POINT('',(24.,680.051567438783,57.0748413489227));
#15551=CARTESIAN_POINT('',(26.,679.137281724497,55.2960547870629));
#15552=CARTESIAN_POINT('Origin',(24.,679.137281724497,55.2960547870629));
#15553=CARTESIAN_POINT('Origin',(26.,674.337281724497,45.9574253372989));
#15554=CARTESIAN_POINT('Origin',(24.,674.337281724497,45.9574253372989));
#15555=CARTESIAN_POINT('Origin',(24.,682.337281724497,61.5218077535723));
#15556=CARTESIAN_POINT('',(24.,677.337281724497,61.5218077535723));
#15557=CARTESIAN_POINT('',(26.,675.337281724497,61.5218077535723));
#15558=CARTESIAN_POINT('Origin',(24.,675.337281724497,61.5218077535723));
#15559=CARTESIAN_POINT('Origin',(26.,682.337281724497,61.5218077535723));
#15560=CARTESIAN_POINT('Origin',(24.,682.337281724497,61.5218077535723));
#15561=CARTESIAN_POINT('Origin',(24.,675.337281724497,52.0247558870547));
#15562=CARTESIAN_POINT('',(24.,677.337281724497,81.131990011222));
#15563=CARTESIAN_POINT('',(26.,675.337281724497,81.131990011222));
#15564=CARTESIAN_POINT('Origin',(24.,675.337281724497,81.131990011222));
#15565=CARTESIAN_POINT('',(26.,675.337281724497,52.0247558870547));
#15566=CARTESIAN_POINT('',(24.,677.337281724497,52.0247558870547));
#15567=CARTESIAN_POINT('Origin',(24.,687.337281724497,81.131990011222));
#15568=CARTESIAN_POINT('',(24.,679.586986609188,87.4512404118331));
#15569=CARTESIAN_POINT('',(26.,678.036927586126,88.7150904919553));
#15570=CARTESIAN_POINT('Origin',(24.,678.036927586126,88.7150904919553));
#15571=CARTESIAN_POINT('Origin',(26.,687.337281724497,81.131990011222));
#15572=CARTESIAN_POINT('Origin',(24.,687.337281724497,81.131990011222));
#15573=CARTESIAN_POINT('Ctrl Pts',(29.,692.852085560994,89.700448082601));
#15574=CARTESIAN_POINT('Ctrl Pts',(29.096812555036,692.510387305182,89.8909577375796));
#15575=CARTESIAN_POINT('Ctrl Pts',(29.2608804575258,691.799199088863,90.2509821659334));
#15576=CARTESIAN_POINT('Ctrl Pts',(29.3562989790469,690.248150821366,90.8739432597179));
#15577=CARTESIAN_POINT('Ctrl Pts',(28.9329901230716,688.291062586462,91.36956288103));
#15578=CARTESIAN_POINT('Ctrl Pts',(28.1637309747312,686.062836917812,91.5617731524415));
#15579=CARTESIAN_POINT('Ctrl Pts',(27.3820277865254,683.87207587897,91.4047248538174));
#15580=CARTESIAN_POINT('Ctrl Pts',(26.4475891157229,681.043399842408,90.7233909852417));
#15581=CARTESIAN_POINT('Ctrl Pts',(26.,679.089210590403,89.6437734951922));
#15582=CARTESIAN_POINT('Ctrl Pts',(26.,678.036927586126,88.7150904919553));
#15583=CARTESIAN_POINT('Ctrl Pts',(28.8573568588077,692.775347214903,89.6653271287873));
#15584=CARTESIAN_POINT('Ctrl Pts',(28.9598017517465,692.445770297418,89.8567770688327));
#15585=CARTESIAN_POINT('Ctrl Pts',(29.1339062949222,691.757715918528,90.2167059316375));
#15586=CARTESIAN_POINT('Ctrl Pts',(29.2353237087842,690.249314222821,90.8284448244635));
#15587=CARTESIAN_POINT('Ctrl Pts',(28.7843135899037,688.336364216331,91.2880129592459));
#15588=CARTESIAN_POINT('Ctrl Pts',(27.9763078357445,686.156589057157,91.411158268559));
#15589=CARTESIAN_POINT('Ctrl Pts',(27.1799916747044,684.02354157818,91.166454816976));
#15590=CARTESIAN_POINT('Ctrl Pts',(26.2748478755672,681.295142054075,90.3620310763849));
#15591=CARTESIAN_POINT('Ctrl Pts',(25.9294473311332,679.46389776291,89.2256580027706));
#15592=CARTESIAN_POINT('Ctrl Pts',(26.,678.500704161315,88.3369474322457));
#15593=CARTESIAN_POINT('Ctrl Pts',(28.5932456576605,692.654015361177,89.63446890179));
#15594=CARTESIAN_POINT('Ctrl Pts',(28.7081313492276,692.343826819913,89.8239680319413));
#15595=CARTESIAN_POINT('Ctrl Pts',(28.9038327186675,691.693660185987,90.1778349167825));
#15596=CARTESIAN_POINT('Ctrl Pts',(29.0182967670368,690.258450271411,90.7666041089591));
#15597=CARTESIAN_POINT('Ctrl Pts',(28.5129542518388,688.427278204755,91.1770845280255));
#15598=CARTESIAN_POINT('Ctrl Pts',(27.6089272757465,686.34081166688,91.215225016595));
#15599=CARTESIAN_POINT('Ctrl Pts',(26.7239845885708,684.314842271961,90.8591773713848));
#15600=CARTESIAN_POINT('Ctrl Pts',(25.7291251102183,681.760002184858,89.8808920234575));
#15601=CARTESIAN_POINT('Ctrl Pts',(25.3888974000496,680.127204744514,88.6044245743579));
#15602=CARTESIAN_POINT('Ctrl Pts',(25.4977281328466,679.303536398993,87.682353269818));
#15603=CARTESIAN_POINT('Ctrl Pts',(28.3179722990896,692.561834652967,89.6587467643646));
#15604=CARTESIAN_POINT('Ctrl Pts',(28.4473151748314,692.266016207366,89.8399722787504));
#15605=CARTESIAN_POINT('Ctrl Pts',(28.6668345064828,691.646070806685,90.1780320699133));
#15606=CARTESIAN_POINT('Ctrl Pts',(28.7947234858111,690.278088571434,90.7394731698954));
#15607=CARTESIAN_POINT('Ctrl Pts',(28.2283280993418,688.531573641203,91.1297824608633));
#15608=CARTESIAN_POINT('Ctrl Pts',(27.2033048541545,686.535109107293,91.1621239733022));
#15609=CARTESIAN_POINT('Ctrl Pts',(26.1717881040778,684.582863843249,90.8102121799245));
#15610=CARTESIAN_POINT('Ctrl Pts',(24.9573928760837,682.0944570441,89.8308865921611));
#15611=CARTESIAN_POINT('Ctrl Pts',(24.4164779472409,680.44497772658,88.5044472359472));
#15612=CARTESIAN_POINT('Ctrl Pts',(24.4487989505128,679.586986609188,87.4512404118331));
#15613=CARTESIAN_POINT('Ctrl Pts',(28.2,692.52835853602,89.6790784942591));
#15614=CARTESIAN_POINT('Ctrl Pts',(28.3355375770504,692.237581678718,89.8556819077214));
#15615=CARTESIAN_POINT('Ctrl Pts',(28.5652326405363,691.62900238748,90.1852017502159));
#15616=CARTESIAN_POINT('Ctrl Pts',(28.6988185706656,690.288625623548,90.7340837169837));
#15617=CARTESIAN_POINT('Ctrl Pts',(28.1061861723006,688.578657718754,91.1210668710366));
#15618=CARTESIAN_POINT('Ctrl Pts',(27.0292233646238,686.618054073172,91.1658144881296));
#15619=CARTESIAN_POINT('Ctrl Pts',(25.9348389011353,684.686619369146,90.8371389359095));
#15620=CARTESIAN_POINT('Ctrl Pts',(24.6266247620121,682.196668112488,89.8905334877223));
#15621=CARTESIAN_POINT('Ctrl Pts',(24.,680.493081657065,88.5625279187958));
#15622=CARTESIAN_POINT('Ctrl Pts',(24.,679.586986609188,87.4512404118332));
#15623=CARTESIAN_POINT('Ctrl Pts',(28.9984736143715,688.720472182317,91.2259565172685));
#15624=CARTESIAN_POINT('Ctrl Pts',(28.9638923581645,688.583475775152,91.2536224164425));
#15625=CARTESIAN_POINT('Ctrl Pts',(28.7222429937861,687.680615295609,91.4222210301161));
#15626=CARTESIAN_POINT('Ctrl Pts',(28.1637309747312,686.062836917812,91.5617731524415));
#15627=CARTESIAN_POINT('Ctrl Pts',(27.3820277865254,683.87207587897,91.4047248538174));
#15628=CARTESIAN_POINT('Ctrl Pts',(26.4475891157229,681.043399842408,90.7233909852417));
#15629=CARTESIAN_POINT('Ctrl Pts',(26.,679.089210590403,89.6437734951922));
#15630=CARTESIAN_POINT('Ctrl Pts',(26.,678.036927586126,88.7150904919553));
#15631=CARTESIAN_POINT('',(28.6188873986776,690.803948391163,90.5118739242682));
#15632=CARTESIAN_POINT('Ctrl Pts',(24.,679.586986609188,87.4512404118332));
#15633=CARTESIAN_POINT('Ctrl Pts',(24.,680.493081657065,88.5625279187958));
#15634=CARTESIAN_POINT('Ctrl Pts',(24.6266247620121,682.196668112488,89.8905334877223));
#15635=CARTESIAN_POINT('Ctrl Pts',(25.9348389011353,684.686619369146,90.8371389359095));
#15636=CARTESIAN_POINT('Ctrl Pts',(27.0292233646238,686.618054073172,91.1658144881296));
#15637=CARTESIAN_POINT('Ctrl Pts',(28.1061861723006,688.578657718754,91.1210668710366));
#15638=CARTESIAN_POINT('Ctrl Pts',(28.6016855778425,690.008360317969,90.7975106103311));
#15639=CARTESIAN_POINT('Ctrl Pts',(28.6193563967441,690.743141233418,90.5339355603112));
#15640=CARTESIAN_POINT('Ctrl Pts',(28.6192276320422,690.803812408641,90.5115041731928));
#15641=CARTESIAN_POINT('Ctrl Pts',(28.6188873986776,690.803948391163,90.5118739242682));
#15642=CARTESIAN_POINT('Ctrl Pts',(28.6199584079911,690.806476564718,90.5109395486332));
#15643=CARTESIAN_POINT('Ctrl Pts',(28.621027044996,690.809005523401,90.510004638249));
#15644=CARTESIAN_POINT('Ctrl Pts',(28.7413549258521,691.094487248732,90.4044395473184));
#15645=CARTESIAN_POINT('Ctrl Pts',(28.8284086023909,691.381634229304,90.2952310542581));
#15646=CARTESIAN_POINT('Ctrl Pts',(28.9683813837478,692.066394537659,90.0267240423129));
#15647=CARTESIAN_POINT('Ctrl Pts',(29.,692.46176729974,89.8656553679548));
#15648=CARTESIAN_POINT('Ctrl Pts',(29.,692.852085560994,89.7004480826011));
#15649=CARTESIAN_POINT('Origin',(31.,674.337281724497,45.9574253372988));
#15650=CARTESIAN_POINT('',(26.,709.516683024123,21.3746054587934));
#15651=CARTESIAN_POINT('Origin',(26.,674.337281724497,45.9574253372988));
#15652=CARTESIAN_POINT('Ctrl Pts',(29.0000134845775,706.350234925568,10.8667101301757));
#15653=CARTESIAN_POINT('Ctrl Pts',(28.9647023899266,706.444966934758,10.9738876569662));
#15654=CARTESIAN_POINT('Ctrl Pts',(28.7216304716274,707.046685605366,11.6756209366431));
#15655=CARTESIAN_POINT('Ctrl Pts',(27.9067608853121,708.395660180059,13.6142932225037));
#15656=CARTESIAN_POINT('Ctrl Pts',(26.5957746980954,709.7406435449,17.0279772004372));
#15657=CARTESIAN_POINT('Ctrl Pts',(26.,709.794804361619,19.9989612971122));
#15658=CARTESIAN_POINT('Ctrl Pts',(26.,709.516683024123,21.3746054587933));
#15659=CARTESIAN_POINT('Origin',(26.,674.337281724497,45.9574253372989));
#15660=CARTESIAN_POINT('',(26.,670.637635862867,88.7150904919553));
#15661=CARTESIAN_POINT('Origin',(26.,674.337281724497,45.9574253372988));
#15662=CARTESIAN_POINT('',(26.,673.337281724497,81.131990011222));
#15663=CARTESIAN_POINT('Origin',(26.,661.337281724497,81.131990011222));
#15664=CARTESIAN_POINT('',(26.,673.337281724497,61.5218077535723));
#15665=CARTESIAN_POINT('',(26.,673.337281724497,67.1544180485304));
#15666=CARTESIAN_POINT('',(26.,669.537281724497,55.296054787063));
#15667=CARTESIAN_POINT('Origin',(26.,666.337281724497,61.5218077535723));
#15668=CARTESIAN_POINT('',(26.,663.849791384472,45.4450325505822));
#15669=CARTESIAN_POINT('Origin',(26.,674.337281724497,45.9574253372989));
#15670=CARTESIAN_POINT('',(26.,660.358131157788,39.0412595329466));
#15671=CARTESIAN_POINT('Origin',(26.,656.858131157788,45.1034373594377));
#15672=CARTESIAN_POINT('',(26.,643.375215149821,29.2361684041218));
#15673=CARTESIAN_POINT('',(26.,668.582819335251,43.7897854662054));
#15674=CARTESIAN_POINT('',(26.,635.458234563241,27.782580061148));
#15675=CARTESIAN_POINT('Origin',(26.,637.375215149821,39.628473249535));
#15676=CARTESIAN_POINT('',(26.,639.15788042487,21.3746054587933));
#15677=CARTESIAN_POINT('Origin',(26.,674.337281724497,45.9574253372988));
#15678=CARTESIAN_POINT('',(26.,644.375215149821,27.5041175965529));
#15679=CARTESIAN_POINT('Origin',(26.,650.375215149821,17.1118127511396));
#15680=CARTESIAN_POINT('',(26.,661.358131157788,37.3092087253777));
#15681=CARTESIAN_POINT('',(26.,656.480147552737,34.4929035778987));
#15682=CARTESIAN_POINT('',(26.,668.649791384472,37.1311886742515));
#15683=CARTESIAN_POINT('Origin',(26.,664.858131157788,31.2470308988867));
#15684=CARTESIAN_POINT('',(26.,680.024772064522,37.1311886742516));
#15685=CARTESIAN_POINT('Origin',(26.,674.337281724497,45.9574253372989));
#15686=CARTESIAN_POINT('',(26.,687.316432291205,37.3092087253778));
#15687=CARTESIAN_POINT('Origin',(26.,683.816432291205,31.2470308988867));
#15688=CARTESIAN_POINT('',(26.,704.299348299173,27.5041175965529));
#15689=CARTESIAN_POINT('',(26.,679.091744113743,42.0577346586366));
#15690=CARTESIAN_POINT('Origin',(26.,698.299348299173,17.1118127511396));
#15691=CARTESIAN_POINT('Origin',(31.,674.337281724497,45.9574253372988));
#15692=CARTESIAN_POINT('Ctrl Pts',(25.9999999999999,670.637635862867,88.7150904919554));
#15693=CARTESIAN_POINT('Ctrl Pts',(25.9999999999999,669.585352600943,89.643773722576));
#15694=CARTESIAN_POINT('Ctrl Pts',(26.5957578348136,666.985365933957,91.0823410485755));
#15695=CARTESIAN_POINT('Ctrl Pts',(27.9067494961113,663.356533788732,91.6244064372193));
#15696=CARTESIAN_POINT('Ctrl Pts',(28.7216227200574,661.003099835667,91.4254981108991));
#15697=CARTESIAN_POINT('Ctrl Pts',(28.9646984517398,660.094506330911,91.2552584579924));
#15698=CARTESIAN_POINT('Ctrl Pts',(29.0000124719184,659.954309186455,91.2268041919751));
#15699=CARTESIAN_POINT('Ctrl Pts',(28.1999999999998,645.568757800879,8.34266411784547));
#15700=CARTESIAN_POINT('Ctrl Pts',(28.3355374122467,645.270426692523,8.50618235754446));
#15701=CARTESIAN_POINT('Ctrl Pts',(28.565238561268,644.68075380893,8.86846466190517));
#15702=CARTESIAN_POINT('Ctrl Pts',(28.6988371266669,643.535200816961,9.75481959120155));
#15703=CARTESIAN_POINT('Ctrl Pts',(28.1062247346849,642.345051555682,11.0421974795803));
#15704=CARTESIAN_POINT('Ctrl Pts',(27.0292771516255,641.325976812836,12.7177460352265));
#15705=CARTESIAN_POINT('Ctrl Pts',(25.9348982445052,640.644888748526,14.5547568860887));
#15706=CARTESIAN_POINT('Ctrl Pts',(24.6266996509947,640.219698426506,17.1843907787508));
#15707=CARTESIAN_POINT('Ctrl Pts',(24.,640.518081143668,19.3237965540031));
#15708=CARTESIAN_POINT('Ctrl Pts',(24.,641.027436212362,20.6641400075177));
#15709=CARTESIAN_POINT('Ctrl Pts',(28.3572963987859,645.614552271632,8.31756371418067));
#15710=CARTESIAN_POINT('Ctrl Pts',(28.4845719880332,645.307518701607,8.48381386200828));
#15711=CARTESIAN_POINT('Ctrl Pts',(28.7005649670981,644.700265182234,8.85356819517839));
#15712=CARTESIAN_POINT('Ctrl Pts',(28.8263140366331,643.521553480905,9.76351368203597));
#15713=CARTESIAN_POINT('Ctrl Pts',(28.2683561276335,642.30288388852,11.0910078102543));
#15714=CARTESIAN_POINT('Ctrl Pts',(27.2602346315409,641.273865419295,12.81647358701));
#15715=CARTESIAN_POINT('Ctrl Pts',(26.2492132698589,640.605467733408,14.693418149259));
#15716=CARTESIAN_POINT('Ctrl Pts',(25.0665150119785,640.2199342502,17.3434059031567));
#15717=CARTESIAN_POINT('Ctrl Pts',(24.5538676292146,640.552571036954,19.4196859232392));
#15718=CARTESIAN_POINT('Ctrl Pts',(24.5983986006838,641.027436212362,20.6641400075177));
#15719=CARTESIAN_POINT('Ctrl Pts',(28.6325474469869,645.677262010386,8.24184894082022));
#15720=CARTESIAN_POINT('Ctrl Pts',(28.7453742688554,645.356186543887,8.41761210395623));
#15721=CARTESIAN_POINT('Ctrl Pts',(28.9376417214508,644.720829264667,8.80739638200292));
#15722=CARTESIAN_POINT('Ctrl Pts',(29.0501272855177,643.485135816234,9.7629951955224));
#15723=CARTESIAN_POINT('Ctrl Pts',(28.5534038119108,642.203372121443,11.1513452203648));
#15724=CARTESIAN_POINT('Ctrl Pts',(27.6664642586674,641.113193134294,12.9474612381618));
#15725=CARTESIAN_POINT('Ctrl Pts',(26.8017424467596,640.391761708421,14.8883532317988));
#15726=CARTESIAN_POINT('Ctrl Pts',(25.8362757227065,639.933779832358,17.601591572857));
#15727=CARTESIAN_POINT('Ctrl Pts',(25.5188829452499,640.193233288825,19.6634546448349));
#15728=CARTESIAN_POINT('Ctrl Pts',(25.6342773518943,640.557929894304,20.8425610101791));
#15729=CARTESIAN_POINT('Ctrl Pts',(28.8930176441056,645.706149555865,8.11463687170496));
#15730=CARTESIAN_POINT('Ctrl Pts',(28.9940561521951,645.374252647953,8.30708162435591));
#15731=CARTESIAN_POINT('Ctrl Pts',(29.1657677077943,644.715697079181,8.72795765915244));
#15732=CARTESIAN_POINT('Ctrl Pts',(29.2658957735861,643.424116146676,9.7361715298807));
#15733=CARTESIAN_POINT('Ctrl Pts',(28.8220867334789,642.056517965048,11.1680061137668));
#15734=CARTESIAN_POINT('Ctrl Pts',(28.0241152885968,640.83920624884,12.9958546196341));
#15735=CARTESIAN_POINT('Ctrl Pts',(27.231827802936,639.958573962293,14.9667208867718));
#15736=CARTESIAN_POINT('Ctrl Pts',(26.3190282237143,639.251224215372,17.7378409208361));
#15737=CARTESIAN_POINT('Ctrl Pts',(25.9482299726947,639.292132385882,19.9111988017137));
#15738=CARTESIAN_POINT('Ctrl Pts',(25.9999999999999,639.577407762546,21.2151773843393));
#15739=CARTESIAN_POINT('Ctrl Pts',(28.9999999999998,645.712114706993,8.05162349615534));
#15740=CARTESIAN_POINT('Ctrl Pts',(29.0968124373191,645.37627978656,8.25228779463534));
#15741=CARTESIAN_POINT('Ctrl Pts',(29.26088468662,644.708885420362,8.68817983390639));
#15742=CARTESIAN_POINT('Ctrl Pts',(29.3563122333336,643.393843384727,9.71994233437767));
#15743=CARTESIAN_POINT('Ctrl Pts',(28.9330176676322,641.986053430596,11.1670150738516));
#15744=CARTESIAN_POINT('Ctrl Pts',(28.1637693940181,640.705463490734,13.0005995402026));
#15745=CARTESIAN_POINT('Ctrl Pts',(27.3820701746463,639.746078799682,14.9763802901888));
#15746=CARTESIAN_POINT('Ctrl Pts',(26.4476426078533,638.921799376778,17.7667201910557));
#15747=CARTESIAN_POINT('Ctrl Pts',(26.,638.879759192301,19.9989618160956));
#15748=CARTESIAN_POINT('Ctrl Pts',(25.9999999999999,639.15788042487,21.3746054587933));
#15749=CARTESIAN_POINT('',(28.6188873986773,643.985330729907,9.41964939483049));
#15750=CARTESIAN_POINT('Ctrl Pts',(28.9999999999998,645.712114706993,8.05162349615541));
#15751=CARTESIAN_POINT('Ctrl Pts',(28.9999999999998,645.375228390045,8.30602853760451));
#15752=CARTESIAN_POINT('Ctrl Pts',(28.9686325161184,645.039388778467,8.56682951899779));
#15753=CARTESIAN_POINT('Ctrl Pts',(28.8293290834414,644.46432224366,9.02561830138221));
#15754=CARTESIAN_POINT('Ctrl Pts',(28.7419903391176,644.224876084601,9.22072688775586));
#15755=CARTESIAN_POINT('Ctrl Pts',(28.6210244207419,643.989473051789,9.41620866322397));
#15756=CARTESIAN_POINT('Ctrl Pts',(28.6199570901813,643.98740145868,9.41792923927545));
#15757=CARTESIAN_POINT('Ctrl Pts',(28.6188873986773,643.985330729907,9.41964939483049));
#15758=CARTESIAN_POINT('',(24.,641.027436212362,20.6641400075177));
#15759=CARTESIAN_POINT('Ctrl Pts',(28.6192414470623,643.985571088472,9.41993770661329));
#15760=CARTESIAN_POINT('Ctrl Pts',(28.6193710424909,643.935804989256,9.46126735686972));
#15761=CARTESIAN_POINT('Ctrl Pts',(28.6017088780777,643.340137205616,9.96581882318257));
#15762=CARTESIAN_POINT('Ctrl Pts',(28.1062247346849,642.345051555682,11.0421974795803));
#15763=CARTESIAN_POINT('Ctrl Pts',(27.0292771516255,641.325976812836,12.7177460352265));
#15764=CARTESIAN_POINT('Ctrl Pts',(25.9348982445052,640.644888748526,14.5547568860887));
#15765=CARTESIAN_POINT('Ctrl Pts',(24.6266996509947,640.219698426506,17.1843907787508));
#15766=CARTESIAN_POINT('Ctrl Pts',(24.,640.518081143668,19.3237965540031));
#15767=CARTESIAN_POINT('Ctrl Pts',(24.,641.027436212362,20.6641400075177));
#15768=CARTESIAN_POINT('Origin',(24.,639.15788042487,21.3746054587933));
#15769=CARTESIAN_POINT('Ctrl Pts',(25.9999999999999,639.15788042487,21.3746054587933));
#15770=CARTESIAN_POINT('Ctrl Pts',(26.,638.879759192301,19.9989618160956));
#15771=CARTESIAN_POINT('Ctrl Pts',(26.4476426078533,638.921799376778,17.7667201910557));
#15772=CARTESIAN_POINT('Ctrl Pts',(27.3820701746463,639.746078799682,14.9763802901888));
#15773=CARTESIAN_POINT('Ctrl Pts',(28.1637693940181,640.705463490734,13.0005995402026));
#15774=CARTESIAN_POINT('Ctrl Pts',(28.7222751794403,641.635224290594,11.6693420416241));
#15775=CARTESIAN_POINT('Ctrl Pts',(28.9639198188119,642.232679344065,10.9717407552338));
#15776=CARTESIAN_POINT('Ctrl Pts',(28.9985013033385,642.325142053012,10.8669280421677));
#15777=CARTESIAN_POINT('Origin',(24.,650.375215149821,17.1118127511396));
#15778=CARTESIAN_POINT('',(24.,645.375215149821,25.772066788984));
#15779=CARTESIAN_POINT('Origin',(24.,644.375215149821,27.5041175965529));
#15780=CARTESIAN_POINT('Origin',(24.,650.375215149821,17.1118127511396));
#15781=CARTESIAN_POINT('Origin',(24.,656.480147552737,34.4929035778987));
#15782=CARTESIAN_POINT('',(24.,662.358131157788,35.5771579178089));
#15783=CARTESIAN_POINT('Origin',(24.,661.358131157788,37.3092087253777));
#15784=CARTESIAN_POINT('',(24.,657.480147552737,32.7608527703298));
#15785=CARTESIAN_POINT('Origin',(24.,664.858131157788,31.2470308988867));
#15786=CARTESIAN_POINT('',(24.,667.566459891133,35.450000738433));
#15787=CARTESIAN_POINT('Origin',(24.,668.649791384472,37.1311886742515));
#15788=CARTESIAN_POINT('Origin',(24.,664.858131157788,31.2470308988867));
#15789=CARTESIAN_POINT('Origin',(24.,674.337281724497,45.9574253372989));
#15790=CARTESIAN_POINT('',(24.,681.10810355786,35.450000738433));
#15791=CARTESIAN_POINT('Origin',(24.,680.024772064522,37.1311886742516));
#15792=CARTESIAN_POINT('Origin',(24.,674.337281724497,45.9574253372989));
#15793=CARTESIAN_POINT('Origin',(24.,683.816432291205,31.2470308988867));
#15794=CARTESIAN_POINT('',(24.,686.316432291205,35.5771579178089));
#15795=CARTESIAN_POINT('Origin',(24.,687.316432291205,37.3092087253778));
#15796=CARTESIAN_POINT('Origin',(24.,683.816432291205,31.2470308988867));
#15797=CARTESIAN_POINT('Origin',(24.,679.091744113743,42.0577346586366));
#15798=CARTESIAN_POINT('',(24.,703.299348299173,25.772066788984));
#15799=CARTESIAN_POINT('Origin',(24.,704.299348299173,27.5041175965529));
#15800=CARTESIAN_POINT('',(24.,678.091744113743,40.3256838510677));
#15801=CARTESIAN_POINT('Origin',(24.,698.299348299173,17.1118127511396));
#15802=CARTESIAN_POINT('',(24.,707.647127236631,20.6641400075177));
#15803=CARTESIAN_POINT('Origin',(24.,709.516683024123,21.3746054587933));
#15804=CARTESIAN_POINT('Origin',(24.,698.299348299173,17.1118127511396));
#15805=CARTESIAN_POINT('Ctrl Pts',(28.9999999999998,702.962448742,8.05162349615541));
#15806=CARTESIAN_POINT('Ctrl Pts',(29.1936249476899,703.634118836277,8.45295224453044));
#15807=CARTESIAN_POINT('Ctrl Pts',(29.4436986039133,704.994655818305,9.4272174920641));
#15808=CARTESIAN_POINT('Ctrl Pts',(28.9312591158777,706.699656196035,11.1768892993902));
#15809=CARTESIAN_POINT('Ctrl Pts',(27.9067608853121,708.395660180059,13.6142932225037));
#15810=CARTESIAN_POINT('Ctrl Pts',(26.5957746980954,709.7406435449,17.0279772004372));
#15811=CARTESIAN_POINT('Ctrl Pts',(26.,709.794804361619,19.9989612971122));
#15812=CARTESIAN_POINT('Ctrl Pts',(26.,709.516683024123,21.3746054587933));
#15813=CARTESIAN_POINT('Ctrl Pts',(28.8573568588075,702.970402276838,8.13564133022157));
#15814=CARTESIAN_POINT('Ctrl Pts',(29.062246472856,703.631579663097,8.51503503808764));
#15815=CARTESIAN_POINT('Ctrl Pts',(29.3284650771244,704.965783660035,9.45260691803618));
#15816=CARTESIAN_POINT('Ctrl Pts',(28.7823829042501,706.606060739467,11.1784096903562));
#15817=CARTESIAN_POINT('Ctrl Pts',(27.7071191177614,708.191149699292,13.6045398586861));
#15818=CARTESIAN_POINT('Ctrl Pts',(26.3888751087942,709.340388630836,17.0147080004695));
#15819=CARTESIAN_POINT('Ctrl Pts',(25.9294473902985,709.245362128888,19.8835303519984));
#15820=CARTESIAN_POINT('Ctrl Pts',(26.,708.957313240555,21.1620346928545));
#15821=CARTESIAN_POINT('Ctrl Pts',(28.5932456627906,703.004344183154,8.25614692977842));
#15822=CARTESIAN_POINT('Ctrl Pts',(28.8230168532289,703.642754310433,8.60390982137277));
#15823=CARTESIAN_POINT('Ctrl Pts',(29.1236525962714,704.924107029463,9.48435960762193));
#15824=CARTESIAN_POINT('Ctrl Pts',(28.5107752561674,706.464062280852,11.1549387912257));
#15825=CARTESIAN_POINT('Ctrl Pts',(27.3091915349947,707.888804225656,13.5285846953364));
#15826=CARTESIAN_POINT('Ctrl Pts',(25.8445722981393,708.763808946938,16.8840267448096));
#15827=CARTESIAN_POINT('Ctrl Pts',(25.3889001845284,708.375702527546,19.6197054853394));
#15828=CARTESIAN_POINT('Ctrl Pts',(25.4977308260603,707.988999850762,20.7940578643166));
#15829=CARTESIAN_POINT('Ctrl Pts',(28.3179722990893,703.07145979505,8.32383881509693));
#15830=CARTESIAN_POINT('Ctrl Pts',(28.5766578336284,703.681169527866,8.65498560059343));
#15831=CARTESIAN_POINT('Ctrl Pts',(28.9120157183226,704.902998211704,9.49440816548704));
#15832=CARTESIAN_POINT('Ctrl Pts',(28.2259830621142,706.370512221218,11.0876495919265));
#15833=CARTESIAN_POINT('Ctrl Pts',(26.8616002644225,707.728508429976,13.3636462126713));
#15834=CARTESIAN_POINT('Ctrl Pts',(25.1374491966818,708.564174484565,16.6089518308786));
#15835=CARTESIAN_POINT('Ctrl Pts',(24.4164779743451,708.130235137925,19.394495556296));
#15836=CARTESIAN_POINT('Ctrl Pts',(24.4487989505128,707.647127236631,20.6641400075177));
#15837=CARTESIAN_POINT('Ctrl Pts',(28.1999999999997,703.105805648115,8.34266411784553));
#15838=CARTESIAN_POINT('Ctrl Pts',(28.4710749267657,703.702468089937,8.66970072062911));
#15839=CARTESIAN_POINT('Ctrl Pts',(28.8211780454786,704.89722410665,9.49442665751309));
#15840=CARTESIAN_POINT('Ctrl Pts',(28.1037627622288,706.339206702919,11.0508982966754));
#15841=CARTESIAN_POINT('Ctrl Pts',(26.6694652394369,707.687388693001,13.2786180635491));
#15842=CARTESIAN_POINT('Ctrl Pts',(24.8340845773334,708.555097166266,16.4761781600263));
#15843=CARTESIAN_POINT('Ctrl Pts',(24.,708.156482497487,19.3237960483382));
#15844=CARTESIAN_POINT('Ctrl Pts',(24.,707.647127236631,20.6641400075177));
#15845=CARTESIAN_POINT('',(28.6188873986774,704.689232719086,9.41964939483047));
#15846=CARTESIAN_POINT('Ctrl Pts',(24.005123999217,707.647133601037,20.6641424261086));
#15847=CARTESIAN_POINT('Ctrl Pts',(24.0047549689354,708.156188539804,19.3246043509169));
#15848=CARTESIAN_POINT('Ctrl Pts',(24.8375480995872,708.555204125376,16.4776933999772));
#15849=CARTESIAN_POINT('Ctrl Pts',(26.6716588459855,707.687859358433,13.2795882133439));
#15850=CARTESIAN_POINT('Ctrl Pts',(28.1051581535322,706.339564502271,11.0513175452401));
#15851=CARTESIAN_POINT('Ctrl Pts',(28.6051994453564,705.333791275772,9.96561592897634));
#15852=CARTESIAN_POINT('Ctrl Pts',(28.6193641807978,704.739144288562,9.46239341522095));
#15853=CARTESIAN_POINT('Ctrl Pts',(28.6188906850754,704.688568863281,9.42044983274328));
#15854=CARTESIAN_POINT('Ctrl Pts',(28.6188873986774,704.689232719086,9.41964939483045));
#15855=CARTESIAN_POINT('Ctrl Pts',(28.6199570896625,704.687161991317,9.4179292401098));
#15856=CARTESIAN_POINT('Ctrl Pts',(28.6210244212689,704.685090396172,9.41620866236655));
#15857=CARTESIAN_POINT('Ctrl Pts',(28.7419903235948,704.449687394789,9.22072691299756));
#15858=CARTESIAN_POINT('Ctrl Pts',(28.8293290733997,704.210241243202,9.02561833171536));
#15859=CARTESIAN_POINT('Ctrl Pts',(28.9686325154082,703.635174678133,8.56682952490689));
#15860=CARTESIAN_POINT('Ctrl Pts',(28.9999999999997,703.299335062765,8.30602854048654));
#15861=CARTESIAN_POINT('Ctrl Pts',(28.9999999999997,702.962448742,8.05162349615533));
#15862=CARTESIAN_POINT('Origin',(31.,674.337281724497,45.9574253372988));
#15863=CARTESIAN_POINT('Ctrl Pts',(28.998496622571,627.941956323945,35.7793512204464));
#15864=CARTESIAN_POINT('Ctrl Pts',(28.9639151881363,627.986495377739,35.6468708852797));
#15865=CARTESIAN_POINT('Ctrl Pts',(28.7222697663323,628.2919093876,34.7806611535403));
#15866=CARTESIAN_POINT('Ctrl Pts',(28.1637628939864,628.979933712361,33.3098378876725));
#15867=CARTESIAN_POINT('Ctrl Pts',(27.3820629585644,630.211318506622,31.4910978147657));
#15868=CARTESIAN_POINT('Ctrl Pts',(26.4476335813305,632.215688158506,29.3820775272819));
#15869=CARTESIAN_POINT('Ctrl Pts',(26.,634.12783136243,28.2295419115305));
#15870=CARTESIAN_POINT('Ctrl Pts',(26.,635.458234563241,27.782580061148));
#15871=CARTESIAN_POINT('Ctrl Pts',(28.1999999999999,656.146204912973,89.679078494259));
#15872=CARTESIAN_POINT('Ctrl Pts',(28.4710752204757,656.727758769976,90.0322854076692));
#15873=CARTESIAN_POINT('Ctrl Pts',(28.8211701988678,658.03939267144,90.6546083531504));
#15874=CARTESIAN_POINT('Ctrl Pts',(28.1037462013137,660.108341132511,91.1251627955652));
#15875=CARTESIAN_POINT('Ctrl Pts',(26.6694492945558,662.711688988817,91.1788593921206));
#15876=CARTESIAN_POINT('Ctrl Pts',(24.834060968739,665.914713551639,90.3315222316616));
#15877=CARTESIAN_POINT('Ctrl Pts',(24.,668.181481570074,88.5625281908912));
#15878=CARTESIAN_POINT('Ctrl Pts',(24.,669.087576839805,87.4512404118331));
#15879=CARTESIAN_POINT('Ctrl Pts',(28.3572963987861,656.101570090378,89.6519695210663));
#15880=CARTESIAN_POINT('Ctrl Pts',(28.6118479491251,656.696558232354,90.0175176501369));
#15881=CARTESIAN_POINT('Ctrl Pts',(28.941669272892,658.04371863786,90.6617479326197));
#15882=CARTESIAN_POINT('Ctrl Pts',(28.2659515022082,660.172270453984,91.1373421848407));
#15883=CARTESIAN_POINT('Ctrl Pts',(26.9241438205961,662.838565773416,91.1705796739779));
#15884=CARTESIAN_POINT('Ctrl Pts',(25.2365662147951,666.076020740962,90.2540140889981));
#15885=CARTESIAN_POINT('Ctrl Pts',(24.5538675641678,668.247279349253,88.4847142688507));
#15886=CARTESIAN_POINT('Ctrl Pts',(24.5983986006838,669.087576839805,87.4512404118331));
#15887=CARTESIAN_POINT('Ctrl Pts',(28.6325474385207,656.004644282631,89.6355187212385));
#15888=CARTESIAN_POINT('Ctrl Pts',(28.8582014118891,656.630151391511,90.0158751347609));
#15889=CARTESIAN_POINT('Ctrl Pts',(29.1536917932927,658.043589734913,90.6885951595404));
#15890=CARTESIAN_POINT('Ctrl Pts',(28.5512630356122,660.274878562988,91.1933987376039));
#15891=CARTESIAN_POINT('Ctrl Pts',(27.3724648017795,663.06166290864,91.2510325195098));
#15892=CARTESIAN_POINT('Ctrl Pts',(25.9440573717786,666.43208920831,90.3500843092982));
#15893=CARTESIAN_POINT('Ctrl Pts',(25.5188781817078,668.638062406282,88.6740288252002));
#15894=CARTESIAN_POINT('Ctrl Pts',(25.6342727569099,669.47685139492,87.7686377949978));
#15895=CARTESIAN_POINT('Ctrl Pts',(28.8930176441057,655.880031647568,89.6741073672407));
#15896=CARTESIAN_POINT('Ctrl Pts',(29.0950949554756,656.545253616466,90.0565254805989));
#15897=CARTESIAN_POINT('Ctrl Pts',(29.3577663231774,658.035222315699,90.7439998236613));
#15898=CARTESIAN_POINT('Ctrl Pts',(28.8201998846097,660.363135105822,91.3125990244361));
#15899=CARTESIAN_POINT('Ctrl Pts',(27.7582149739779,663.272606322117,91.4945946681342));
#15900=CARTESIAN_POINT('Ctrl Pts',(26.4421776364624,666.825273361767,90.8270281736329));
#15901=CARTESIAN_POINT('Ctrl Pts',(25.9482298970738,669.303161100068,89.3305295249951));
#15902=CARTESIAN_POINT('Ctrl Pts',(25.9999999999999,670.289803431476,88.4314831971732));
#15903=CARTESIAN_POINT('Ctrl Pts',(28.9999999999999,655.822477887999,89.7004480826009));
#15904=CARTESIAN_POINT('Ctrl Pts',(29.1936251574827,656.505874566959,90.0814674858538));
#15905=CARTESIAN_POINT('Ctrl Pts',(29.4436929991913,658.029907814936,90.7725935514706));
#15906=CARTESIAN_POINT('Ctrl Pts',(28.9312472866525,660.397683486321,91.3743293272506));
#15907=CARTESIAN_POINT('Ctrl Pts',(27.9067494961113,663.356533788732,91.6244064372193));
#15908=CARTESIAN_POINT('Ctrl Pts',(26.5957578348136,666.985365933957,91.0823410485755));
#15909=CARTESIAN_POINT('Ctrl Pts',(25.9999999999999,669.585352600943,89.643773722576));
#15910=CARTESIAN_POINT('Ctrl Pts',(25.9999999999999,670.637635862867,88.7150904919554));
#15911=CARTESIAN_POINT('',(28.6188873986775,657.87061505783,90.5118739242682));
#15912=CARTESIAN_POINT('Ctrl Pts',(29.0000000000001,655.822477887999,89.700448082601));
#15913=CARTESIAN_POINT('Ctrl Pts',(29.,656.2127961551,89.8656553704295));
#15914=CARTESIAN_POINT('Ctrl Pts',(28.9683813828008,656.608168923174,90.0267240471334));
#15915=CARTESIAN_POINT('Ctrl Pts',(28.8284085408851,657.292929515099,90.2952311699581));
#15916=CARTESIAN_POINT('Ctrl Pts',(28.7413548167837,657.580076460804,90.404439643661));
#15917=CARTESIAN_POINT('Ctrl Pts',(28.6210270490009,657.865557916025,90.5100046347111));
#15918=CARTESIAN_POINT('Ctrl Pts',(28.619958403977,657.868086893751,90.5109395521351));
#15919=CARTESIAN_POINT('Ctrl Pts',(28.6188873986775,657.87061505783,90.5118739242682));
#15920=CARTESIAN_POINT('',(24.,669.087576839805,87.4512404118331));
#15921=CARTESIAN_POINT('Ctrl Pts',(28.6188921605014,657.870978547365,90.5108927638136));
#15922=CARTESIAN_POINT('Ctrl Pts',(28.6193655452626,657.932597500812,90.533722973439));
#15923=CARTESIAN_POINT('Ctrl Pts',(28.6051971840264,658.66574243962,90.7970944398737));
#15924=CARTESIAN_POINT('Ctrl Pts',(28.1051494006642,660.108894029621,91.1252686502518));
#15925=CARTESIAN_POINT('Ctrl Pts',(26.6716526004648,662.712786568566,91.178789120588));
#15926=CARTESIAN_POINT('Ctrl Pts',(24.8375429371769,665.916110012154,90.3308550396293));
#15927=CARTESIAN_POINT('Ctrl Pts',(24.0047912411248,668.182054689922,88.561859689796));
#15928=CARTESIAN_POINT('Ctrl Pts',(24.0051763611811,669.087582386507,87.4512449343701));
#15929=CARTESIAN_POINT('Origin',(24.,670.637635862867,88.7150904919553));
#15930=CARTESIAN_POINT('Origin',(24.,661.337281724497,81.131990011222));
#15931=CARTESIAN_POINT('',(24.,671.337281724497,81.131990011222));
#15932=CARTESIAN_POINT('Origin',(24.,673.337281724497,81.131990011222));
#15933=CARTESIAN_POINT('Origin',(24.,661.337281724497,81.131990011222));
#15934=CARTESIAN_POINT('Origin',(24.,673.337281724497,67.1544180485304));
#15935=CARTESIAN_POINT('',(24.,671.337281724497,61.5218077535723));
#15936=CARTESIAN_POINT('Origin',(24.,673.337281724497,61.5218077535723));
#15937=CARTESIAN_POINT('',(24.,671.337281724497,67.1544180485304));
#15938=CARTESIAN_POINT('Origin',(24.,666.337281724497,61.5218077535723));
#15939=CARTESIAN_POINT('',(24.,668.622996010211,57.0748413489227));
#15940=CARTESIAN_POINT('Origin',(24.,669.537281724497,55.296054787063));
#15941=CARTESIAN_POINT('Origin',(24.,666.337281724497,61.5218077535723));
#15942=CARTESIAN_POINT('Origin',(24.,674.337281724497,45.9574253372989));
#15943=CARTESIAN_POINT('',(24.,661.852174176848,45.3474339245409));
#15944=CARTESIAN_POINT('Origin',(24.,663.849791384472,45.4450325505822));
#15945=CARTESIAN_POINT('Origin',(24.,674.337281724497,45.9574253372989));
#15946=CARTESIAN_POINT('Origin',(24.,656.858131157788,45.1034373594377));
#15947=CARTESIAN_POINT('',(24.,659.358131157788,40.7733103405155));
#15948=CARTESIAN_POINT('Origin',(24.,660.358131157788,39.0412595329466));
#15949=CARTESIAN_POINT('Origin',(24.,656.858131157788,45.1034373594377));
#15950=CARTESIAN_POINT('Origin',(24.,668.582819335251,43.7897854662054));
#15951=CARTESIAN_POINT('',(24.,642.375215149821,30.9682192116907));
#15952=CARTESIAN_POINT('Origin',(24.,643.375215149821,29.2361684041218));
#15953=CARTESIAN_POINT('',(24.,667.582819335251,45.5218362737743));
#15954=CARTESIAN_POINT('Origin',(24.,637.375215149821,39.628473249535));
#15955=CARTESIAN_POINT('',(24.,635.777731327671,29.7568955925458));
#15956=CARTESIAN_POINT('Origin',(24.,635.458234563241,27.782580061148));
#15957=CARTESIAN_POINT('Origin',(24.,637.375215149821,39.628473249535));
#15958=CARTESIAN_POINT('Ctrl Pts',(28.9999999999999,627.197310870496,40.1202044331402));
#15959=CARTESIAN_POINT('Ctrl Pts',(29.0968124550317,627.203173791468,39.729030639759));
#15960=CARTESIAN_POINT('Ctrl Pts',(29.2608839716952,627.24697143062,38.9331053862664));
#15961=CARTESIAN_POINT('Ctrl Pts',(29.3563099878023,627.482985058506,37.278366596815));
#15962=CARTESIAN_POINT('Ctrl Pts',(28.9330130717755,628.032294819536,35.3356519193112));
#15963=CARTESIAN_POINT('Ctrl Pts',(28.1637628939864,628.979933712361,33.3098378876725));
#15964=CARTESIAN_POINT('Ctrl Pts',(27.3820629585644,630.211318506622,31.4910978147657));
#15965=CARTESIAN_POINT('Ctrl Pts',(26.4476335813305,632.215688158506,29.3820775272819));
#15966=CARTESIAN_POINT('Ctrl Pts',(26.,634.12783136243,28.2295419115305));
#15967=CARTESIAN_POINT('Ctrl Pts',(26.,635.458234563241,27.782580061148));
#15968=CARTESIAN_POINT('Ctrl Pts',(28.8573568588076,627.266095681749,40.0713075528877));
#15969=CARTESIAN_POINT('Ctrl Pts',(28.9598016459241,627.265083629905,39.6901609935342));
#15970=CARTESIAN_POINT('Ctrl Pts',(29.1339127437716,627.29739829328,38.9143187762714));
#15971=CARTESIAN_POINT('Ctrl Pts',(29.2353420144801,627.521808966761,37.3021250726495));
#15972=CARTESIAN_POINT('Ctrl Pts',(28.784351219468,628.080273609719,35.4156628923774));
#15973=CARTESIAN_POINT('Ctrl Pts',(27.976356894855,629.063499937037,33.4663403592217));
#15974=CARTESIAN_POINT('Ctrl Pts',(27.1800471435412,630.341939802225,31.7414100718859));
#15975=CARTESIAN_POINT('Ctrl Pts',(26.2749063632662,632.402768799219,29.7807720616529));
#15976=CARTESIAN_POINT('Ctrl Pts',(25.929447404008,634.302586332562,28.7630883266529));
#15977=CARTESIAN_POINT('Ctrl Pts',(26.,635.55382777162,28.3732938867963));
#15978=CARTESIAN_POINT('Ctrl Pts',(28.5932456694017,627.353485667451,39.9816602015518));
#15979=CARTESIAN_POINT('Ctrl Pts',(28.7081312422955,627.344468886691,39.6182798551397));
#15980=CARTESIAN_POINT('Ctrl Pts',(28.9038300070017,627.363090800784,38.878274473123));
#15981=CARTESIAN_POINT('Ctrl Pts',(29.0182914980669,627.57080054413,37.3409420709695));
#15982=CARTESIAN_POINT('Ctrl Pts',(28.5129476552639,628.130890165487,35.5498320200815));
#15983=CARTESIAN_POINT('Ctrl Pts',(27.6089165901242,629.141084090024,33.7238087063388));
#15984=CARTESIAN_POINT('Ctrl Pts',(26.7239707065307,630.462415139473,32.1472774569317));
#15985=CARTESIAN_POINT('Ctrl Pts',(25.7291131782202,632.587038632708,30.4238724867682));
#15986=CARTESIAN_POINT('Ctrl Pts',(25.3889036761331,634.508937550429,29.6481509478727));
#15987=CARTESIAN_POINT('Ctrl Pts',(25.4977342965173,635.719307646813,29.395869149214));
#15988=CARTESIAN_POINT('Ctrl Pts',(28.3179722990895,627.378550725474,39.8896904324352));
#15989=CARTESIAN_POINT('Ctrl Pts',(28.4473150412243,627.369514058336,39.5428917446765));
#15990=CARTESIAN_POINT('Ctrl Pts',(28.6668364845016,627.38671320214,38.8369665715441));
#15991=CARTESIAN_POINT('Ctrl Pts',(28.7947310096292,627.584473269251,37.3715261579678));
#15992=CARTESIAN_POINT('Ctrl Pts',(28.2283454072451,628.119699742599,35.6638269151723));
#15993=CARTESIAN_POINT('Ctrl Pts',(27.2033286166355,629.089910555862,33.9186550541928));
#15994=CARTESIAN_POINT('Ctrl Pts',(26.1718131606248,630.370795473498,32.4039071544823));
#15995=CARTESIAN_POINT('Ctrl Pts',(24.9574276862092,632.463099974497,30.7385571457555));
#15996=CARTESIAN_POINT('Ctrl Pts',(24.4164779806257,634.436633289092,29.9733340608093));
#15997=CARTESIAN_POINT('Ctrl Pts',(24.4487989505128,635.777731327671,29.7568955925458));
#15998=CARTESIAN_POINT('Ctrl Pts',(28.1999999999999,627.377680989355,39.850533399792));
#15999=CARTESIAN_POINT('Ctrl Pts',(28.3355374370443,627.370126383357,39.5104118991395));
#16000=CARTESIAN_POINT('Ctrl Pts',(28.5652375603732,627.389036938447,38.8186003862106));
#16001=CARTESIAN_POINT('Ctrl Pts',(28.6988339829232,627.583868570553,37.3833473382611));
#16002=CARTESIAN_POINT('Ctrl Pts',(28.1062183004856,628.103699086413,35.708962589365));
#16003=CARTESIAN_POINT('Ctrl Pts',(27.0292680515809,629.045232616885,33.9886456865478));
#16004=CARTESIAN_POINT('Ctrl Pts',(25.93488814199,630.295587525837,32.4803025169501));
#16005=CARTESIAN_POINT('Ctrl Pts',(24.6266870138627,632.360326321518,30.7972574782686));
#16006=CARTESIAN_POINT('Ctrl Pts',(24.,634.362282053832,29.9859529321729));
#16007=CARTESIAN_POINT('Ctrl Pts',(24.,635.777731327671,29.7568955925458));
#16008=CARTESIAN_POINT('',(28.6188873986773,627.51866406324,37.940752692798));
#16009=CARTESIAN_POINT('Ctrl Pts',(24.,635.777731327671,29.7568955925458));
#16010=CARTESIAN_POINT('Ctrl Pts',(24.,634.362282053832,29.9859529321729));
#16011=CARTESIAN_POINT('Ctrl Pts',(24.6266870138627,632.360326321518,30.7972574782686));
#16012=CARTESIAN_POINT('Ctrl Pts',(25.93488814199,630.295587525837,32.4803025169501));
#16013=CARTESIAN_POINT('Ctrl Pts',(27.0292680515809,629.045232616885,33.9886456865478));
#16014=CARTESIAN_POINT('Ctrl Pts',(28.1062183004856,628.103699086413,35.708962589365));
#16015=CARTESIAN_POINT('Ctrl Pts',(28.6017049428554,627.669068204143,37.1089175717462));
#16016=CARTESIAN_POINT('Ctrl Pts',(28.6193685659936,627.529946490254,37.8770545571087));
#16017=CARTESIAN_POINT('Ctrl Pts',(28.6192391111925,627.519037022466,37.940817218297));
#16018=CARTESIAN_POINT('Ctrl Pts',(28.6188873986773,627.51866406324,37.940752692798));
#16019=CARTESIAN_POINT('Ctrl Pts',(28.6199577858363,627.51820943375,37.9434077998775));
#16020=CARTESIAN_POINT('Ctrl Pts',(28.621025811787,627.517754871157,37.9460638739922));
#16021=CARTESIAN_POINT('Ctrl Pts',(28.741654138109,627.466308044971,38.2468290555349));
#16022=CARTESIAN_POINT('Ctrl Pts',(28.8288423420805,627.417194240404,38.5508822052035));
#16023=CARTESIAN_POINT('Ctrl Pts',(28.9684997893643,627.307374690623,39.2782232239282));
#16024=CARTESIAN_POINT('Ctrl Pts',(28.9999999999999,627.249298633179,39.7003639546142));
#16025=CARTESIAN_POINT('Ctrl Pts',(28.9999999999999,627.197310870496,40.1202044331401));
#16026=CARTESIAN_POINT('Origin',(26.,674.337281724497,45.9574253372989));
#16027=CARTESIAN_POINT('',(26.,704.689232719086,9.41964939483048));
#16028=CARTESIAN_POINT('',(26.,643.985330729907,9.41964939483049));
#16029=CARTESIAN_POINT('Origin',(26.,674.337281724497,45.9574253372989));
#16030=CARTESIAN_POINT('',(26.,690.803948391163,90.5118739242682));
#16031=CARTESIAN_POINT('',(26.,721.155899385753,37.940752692798));
#16032=CARTESIAN_POINT('Origin',(26.,674.337281724497,45.9574253372989));
#16033=CARTESIAN_POINT('',(26.,627.51866406324,37.940752692798));
#16034=CARTESIAN_POINT('',(26.,657.87061505783,90.5118739242682));
#16035=CARTESIAN_POINT('Origin',(26.,637.375215149821,39.628473249535));
#16036=CARTESIAN_POINT('',(26.,642.375215149821,30.9682192116907));
#16037=CARTESIAN_POINT('Origin',(26.,662.328356946005,42.4881709988964));
#16038=CARTESIAN_POINT('',(26.,659.358131157788,40.7733103405155));
#16039=CARTESIAN_POINT('Origin',(26.,650.375215149821,17.1118127511396));
#16040=CARTESIAN_POINT('',(26.,645.375215149821,25.772066788984));
#16041=CARTESIAN_POINT('Origin',(26.,698.299348299173,17.1118127511396));
#16042=CARTESIAN_POINT('',(26.,703.299348299173,25.772066788984));
#16043=CARTESIAN_POINT('Origin',(26.,683.346206502989,37.2920185761898));
#16044=CARTESIAN_POINT('',(26.,686.316432291205,35.5771579178089));
#16045=CARTESIAN_POINT('Origin',(26.,711.299348299173,39.628473249535));
#16046=CARTESIAN_POINT('',(26.,706.299348299173,30.9682192116906));
#16047=CARTESIAN_POINT('Origin',(26.,687.337281724497,81.131990011222));
#16048=CARTESIAN_POINT('',(26.,677.337281724497,81.131990011222));
#16049=CARTESIAN_POINT('Origin',(26.,677.337281724497,58.0920864368105));
#16050=CARTESIAN_POINT('',(26.,677.337281724497,61.5218077535723));
#16051=CARTESIAN_POINT('Origin',(26.,661.337281724497,81.131990011222));
#16052=CARTESIAN_POINT('',(26.,671.337281724497,81.131990011222));
#16053=CARTESIAN_POINT('Origin',(26.,671.337281724497,88.3514107597618));
#16054=CARTESIAN_POINT('',(26.,671.337281724497,61.5218077535723));
#16055=CARTESIAN_POINT('Origin',(26.,642.497924093296,85.8024414074737));
#16056=CARTESIAN_POINT('',(26.,642.497924093296,85.8024414074737));
#16057=CARTESIAN_POINT('Origin',(26.,646.281322147095,88.5512409939313));
#16058=CARTESIAN_POINT('',(26.,646.281322147095,88.5512409939313));
#16059=CARTESIAN_POINT('Origin',(26.,645.79249090221,93.2021596143787));
#16060=CARTESIAN_POINT('Origin',(26.,623.421975533041,48.9576912305621));
#16061=CARTESIAN_POINT('',(26.,623.421975533041,48.9576912305621));
#16062=CARTESIAN_POINT('Origin',(26.,623.910806777926,53.6086098510095));
#16063=CARTESIAN_POINT('',(26.,623.910806777926,53.6086098510095));
#16064=CARTESIAN_POINT('Origin',(26.,620.127408724127,56.3574094374672));
#16065=CARTESIAN_POINT('Origin',(26.,638.038659946026,10.1275487399182));
#16066=CARTESIAN_POINT('',(26.,638.038659946026,10.1275487399182));
#16067=CARTESIAN_POINT('',(26.,636.593530482445,5.67989758076807));
#16068=CARTESIAN_POINT('Origin',(26.,634.909445786821,13.6028931467119));
#16069=CARTESIAN_POINT('',(26.,634.909445786821,13.6028931467119));
#16070=CARTESIAN_POINT('Origin',(26.,630.335102164035,12.6305863943553));
#16071=CARTESIAN_POINT('',(26.,630.335102164035,12.6305863943553));
#16072=CARTESIAN_POINT('Origin',(26.,628.889972700454,8.18293523520516));
#16073=CARTESIAN_POINT('',(26.,628.889972700454,8.18293523520516));
#16074=CARTESIAN_POINT('Origin',(26.,632.019186859659,4.70759082841152));
#16075=CARTESIAN_POINT('',(26.,632.019186859659,4.70759082841152));
#16076=CARTESIAN_POINT('Origin',(26.,636.593530482445,5.67989758076807));
#16077=CARTESIAN_POINT('Origin',(26.,676.675550314715,-4.99257466270112));
#16078=CARTESIAN_POINT('',(26.,676.675550314715,-4.99257466270112));
#16079=CARTESIAN_POINT('',(26.,679.013818904933,-9.04257466270113));
#16080=CARTESIAN_POINT('Origin',(26.,671.999013134279,-4.99257466270112));
#16081=CARTESIAN_POINT('',(26.,671.999013134279,-4.99257466270112));
#16082=CARTESIAN_POINT('Origin',(26.,669.660744544061,-9.0425746627011));
#16083=CARTESIAN_POINT('',(26.,669.660744544061,-9.0425746627011));
#16084=CARTESIAN_POINT('Origin',(26.,671.999013134279,-13.0925746627011));
#16085=CARTESIAN_POINT('',(26.,671.999013134279,-13.0925746627011));
#16086=CARTESIAN_POINT('Origin',(26.,676.675550314715,-13.0925746627011));
#16087=CARTESIAN_POINT('',(26.,676.675550314715,-13.0925746627011));
#16088=CARTESIAN_POINT('Origin',(26.,679.013818904933,-9.04257466270113));
#16089=CARTESIAN_POINT('Origin',(26.,713.765117662173,13.6028931467119));
#16090=CARTESIAN_POINT('',(26.,713.765117662173,13.6028931467119));
#16091=CARTESIAN_POINT('',(26.,718.339461284958,12.6305863943553));
#16092=CARTESIAN_POINT('Origin',(26.,710.635903502967,10.1275487399183));
#16093=CARTESIAN_POINT('',(26.,710.635903502967,10.1275487399183));
#16094=CARTESIAN_POINT('Origin',(26.,712.081032966548,5.67989758076811));
#16095=CARTESIAN_POINT('',(26.,712.081032966548,5.67989758076811));
#16096=CARTESIAN_POINT('Origin',(26.,716.655376589334,4.70759082841154));
#16097=CARTESIAN_POINT('',(26.,716.655376589334,4.70759082841154));
#16098=CARTESIAN_POINT('Origin',(26.,719.784590748539,8.18293523520511));
#16099=CARTESIAN_POINT('',(26.,719.784590748539,8.18293523520511));
#16100=CARTESIAN_POINT('Origin',(26.,718.339461284958,12.6305863943553));
#16101=CARTESIAN_POINT('Origin',(26.,724.763756671068,53.6086098510095));
#16102=CARTESIAN_POINT('',(26.,724.763756671068,53.6086098510095));
#16103=CARTESIAN_POINT('Origin',(26.,725.252587915953,48.9576912305621));
#16104=CARTESIAN_POINT('',(26.,725.252587915953,48.9576912305621));
#16105=CARTESIAN_POINT('Origin',(26.,729.524817214637,47.0555721965724));
#16106=CARTESIAN_POINT('Origin',(26.,702.393241301899,88.5512409939314));
#16107=CARTESIAN_POINT('',(26.,702.393241301899,88.5512409939314));
#16108=CARTESIAN_POINT('Origin',(26.,706.176639355698,85.8024414074737));
#16109=CARTESIAN_POINT('',(26.,706.176639355698,85.8024414074737));
#16110=CARTESIAN_POINT('Origin',(26.,710.448868654382,87.7045604414634));
#16111=CARTESIAN_POINT('Origin',(26.,679.013818904933,100.957425337299));
#16112=CARTESIAN_POINT('',(26.,676.675550314715,96.9074253372989));
#16113=CARTESIAN_POINT('Origin',(26.,671.999013134279,96.9074253372989));
#16114=CARTESIAN_POINT('',(26.,671.999013134279,96.9074253372989));
#16115=CARTESIAN_POINT('Origin',(26.,676.675550314715,96.9074253372989));
#16116=CARTESIAN_POINT('Origin',(26.,710.635903502968,81.7873019346796));
#16117=CARTESIAN_POINT('',(26.,710.635903502968,81.7873019346796));
#16118=CARTESIAN_POINT('Origin',(26.,713.765117662173,78.3119575278859));
#16119=CARTESIAN_POINT('',(26.,713.765117662173,78.3119575278859));
#16120=CARTESIAN_POINT('Origin',(26.,718.339461284958,79.2842642802424));
#16121=CARTESIAN_POINT('Origin',(26.,725.252587915953,42.9571594440356));
#16122=CARTESIAN_POINT('',(26.,725.252587915953,42.9571594440356));
#16123=CARTESIAN_POINT('Origin',(26.,724.763756671068,38.3062408235883));
#16124=CARTESIAN_POINT('',(26.,724.763756671068,38.3062408235883));
#16125=CARTESIAN_POINT('Origin',(26.,728.547154724867,35.5574412371306));
#16126=CARTESIAN_POINT('Origin',(26.,706.176639355698,6.11240926712414));
#16127=CARTESIAN_POINT('',(26.,706.176639355698,6.11240926712414));
#16128=CARTESIAN_POINT('',(26.,710.448868654382,4.21029023313443));
#16129=CARTESIAN_POINT('Origin',(26.,702.393241301899,3.36360968066648));
#16130=CARTESIAN_POINT('',(26.,702.393241301899,3.36360968066648));
#16131=CARTESIAN_POINT('Origin',(26.,702.882072546784,-1.28730893978092));
#16132=CARTESIAN_POINT('',(26.,702.882072546784,-1.28730893978092));
#16133=CARTESIAN_POINT('Origin',(26.,707.154301845468,-3.1894279737706));
#16134=CARTESIAN_POINT('',(26.,707.154301845468,-3.1894279737706));
#16135=CARTESIAN_POINT('Origin',(26.,710.937699899267,-0.440628387312945));
#16136=CARTESIAN_POINT('',(26.,710.937699899267,-0.440628387312945));
#16137=CARTESIAN_POINT('Origin',(26.,710.448868654382,4.21029023313443));
#16138=CARTESIAN_POINT('Origin',(26.,666.031352888725,-4.3653482962668));
#16139=CARTESIAN_POINT('',(26.,666.031352888725,-4.3653482962668));
#16140=CARTESIAN_POINT('',(26.,667.476482352306,-8.81299945541701));
#16141=CARTESIAN_POINT('Origin',(26.,661.457009265939,-3.39304154391024));
#16142=CARTESIAN_POINT('',(26.,661.457009265939,-3.39304154391024));
#16143=CARTESIAN_POINT('Origin',(26.,658.327795106734,-6.86838595070386));
#16144=CARTESIAN_POINT('',(26.,658.327795106734,-6.86838595070386));
#16145=CARTESIAN_POINT('Origin',(26.,659.772924570315,-11.316037109854));
#16146=CARTESIAN_POINT('',(26.,659.772924570315,-11.316037109854));
#16147=CARTESIAN_POINT('Origin',(26.,664.347268193101,-12.2883438622106));
#16148=CARTESIAN_POINT('',(26.,664.347268193101,-12.2883438622106));
#16149=CARTESIAN_POINT('Origin',(26.,667.476482352306,-8.81299945541701));
#16150=CARTESIAN_POINT('Origin',(26.,631.382421696789,18.4574253372989));
#16151=CARTESIAN_POINT('',(26.,631.382421696789,18.4574253372989));
#16152=CARTESIAN_POINT('',(26.,629.044153106571,14.4074253372989));
#16153=CARTESIAN_POINT('Origin',(26.,629.044153106571,22.5074253372989));
#16154=CARTESIAN_POINT('',(26.,629.044153106571,22.5074253372989));
#16155=CARTESIAN_POINT('Origin',(26.,624.367615926135,22.507425337299));
#16156=CARTESIAN_POINT('',(26.,624.367615926135,22.507425337299));
#16157=CARTESIAN_POINT('Origin',(26.,622.029347335917,18.457425337299));
#16158=CARTESIAN_POINT('',(26.,622.029347335917,18.457425337299));
#16159=CARTESIAN_POINT('Origin',(26.,624.367615926135,14.407425337299));
#16160=CARTESIAN_POINT('',(26.,624.367615926135,14.407425337299));
#16161=CARTESIAN_POINT('Origin',(26.,629.044153106571,14.4074253372989));
#16162=CARTESIAN_POINT('Origin',(26.,625.158387487468,59.4780156211274));
#16163=CARTESIAN_POINT('',(26.,625.158387487468,59.4780156211274));
#16164=CARTESIAN_POINT('Origin',(26.,626.603516951049,63.9256667802775));
#16165=CARTESIAN_POINT('',(26.,626.603516951049,63.9256667802775));
#16166=CARTESIAN_POINT('Origin',(26.,623.474302791844,67.4010111870712));
#16167=CARTESIAN_POINT('Origin',(26.,651.477935110443,91.5515068871946));
#16168=CARTESIAN_POINT('',(26.,651.477935110443,91.5515068871946));
#16169=CARTESIAN_POINT('Origin',(26.,655.750164409127,93.4536259211843));
#16170=CARTESIAN_POINT('',(26.,655.750164409127,93.4536259211843));
#16171=CARTESIAN_POINT('Origin',(26.,656.238995654012,98.1045445416316));
#16172=CARTESIAN_POINT('Origin',(26.,634.909445786821,78.3119575278859));
#16173=CARTESIAN_POINT('',(26.,634.909445786821,78.3119575278859));
#16174=CARTESIAN_POINT('Origin',(26.,638.038659946026,81.7873019346795));
#16175=CARTESIAN_POINT('',(26.,638.038659946026,81.7873019346795));
#16176=CARTESIAN_POINT('Origin',(26.,636.593530482445,86.2349530938297));
#16177=CARTESIAN_POINT('Origin',(26.,623.910806777926,38.3062408235883));
#16178=CARTESIAN_POINT('',(26.,623.910806777926,38.3062408235883));
#16179=CARTESIAN_POINT('',(26.,620.127408724127,35.5574412371306));
#16180=CARTESIAN_POINT('Origin',(26.,623.421975533041,42.9571594440356));
#16181=CARTESIAN_POINT('',(26.,623.421975533041,42.9571594440356));
#16182=CARTESIAN_POINT('Origin',(26.,619.149746234357,44.8592784780254));
#16183=CARTESIAN_POINT('',(26.,619.149746234357,44.8592784780254));
#16184=CARTESIAN_POINT('Origin',(26.,615.366348180558,42.1104788915677));
#16185=CARTESIAN_POINT('',(26.,615.366348180558,42.1104788915677));
#16186=CARTESIAN_POINT('Origin',(26.,615.855179425443,37.4595602711203));
#16187=CARTESIAN_POINT('',(26.,615.855179425443,37.4595602711203));
#16188=CARTESIAN_POINT('Origin',(26.,620.127408724127,35.5574412371306));
#16189=CARTESIAN_POINT('Origin',(26.,646.281322147095,3.36360968066646));
#16190=CARTESIAN_POINT('',(26.,646.281322147095,3.36360968066646));
#16191=CARTESIAN_POINT('',(26.,645.79249090221,-1.28730893978092));
#16192=CARTESIAN_POINT('Origin',(26.,642.497924093296,6.11240926712412));
#16193=CARTESIAN_POINT('',(26.,642.497924093296,6.11240926712412));
#16194=CARTESIAN_POINT('Origin',(26.,638.225694794612,4.21029023313448));
#16195=CARTESIAN_POINT('',(26.,638.225694794612,4.21029023313448));
#16196=CARTESIAN_POINT('Origin',(26.,637.736863549727,-0.440628387312891));
#16197=CARTESIAN_POINT('',(26.,637.736863549727,-0.440628387312891));
#16198=CARTESIAN_POINT('Origin',(26.,641.520261603526,-3.1894279737706));
#16199=CARTESIAN_POINT('',(26.,641.520261603526,-3.1894279737706));
#16200=CARTESIAN_POINT('Origin',(26.,645.79249090221,-1.28730893978092));
#16201=CARTESIAN_POINT('Origin',(26.,687.217554183055,-3.39304154391023));
#16202=CARTESIAN_POINT('',(26.,687.217554183055,-3.39304154391023));
#16203=CARTESIAN_POINT('',(26.,690.346768342259,-6.86838595070391));
#16204=CARTESIAN_POINT('Origin',(26.,682.643210560269,-4.3653482962668));
#16205=CARTESIAN_POINT('',(26.,682.643210560269,-4.3653482962668));
#16206=CARTESIAN_POINT('Origin',(26.,681.198081096687,-8.81299945541699));
#16207=CARTESIAN_POINT('',(26.,681.198081096687,-8.81299945541699));
#16208=CARTESIAN_POINT('Origin',(26.,684.327295255893,-12.2883438622106));
#16209=CARTESIAN_POINT('',(26.,684.327295255893,-12.2883438622106));
#16210=CARTESIAN_POINT('Origin',(26.,688.901638878678,-11.3160371098541));
#16211=CARTESIAN_POINT('',(26.,688.901638878678,-11.3160371098541));
#16212=CARTESIAN_POINT('Origin',(26.,690.346768342259,-6.86838595070391));
#16213=CARTESIAN_POINT('Origin',(26.,719.630410342423,22.5074253372989));
#16214=CARTESIAN_POINT('',(26.,719.630410342423,22.5074253372989));
#16215=CARTESIAN_POINT('',(26.,724.306947522859,22.5074253372989));
#16216=CARTESIAN_POINT('Origin',(26.,717.292141752205,18.4574253372989));
#16217=CARTESIAN_POINT('',(26.,717.292141752205,18.4574253372989));
#16218=CARTESIAN_POINT('Origin',(26.,719.630410342423,14.4074253372989));
#16219=CARTESIAN_POINT('',(26.,719.630410342423,14.4074253372989));
#16220=CARTESIAN_POINT('Origin',(26.,724.306947522859,14.4074253372988));
#16221=CARTESIAN_POINT('',(26.,724.306947522859,14.4074253372988));
#16222=CARTESIAN_POINT('Origin',(26.,726.645216113077,18.4574253372988));
#16223=CARTESIAN_POINT('',(26.,726.645216113077,18.4574253372988));
#16224=CARTESIAN_POINT('Origin',(26.,724.306947522859,22.5074253372989));
#16225=CARTESIAN_POINT('Origin',(26.,722.071046497945,63.9256667802776));
#16226=CARTESIAN_POINT('',(26.,722.071046497945,63.9256667802776));
#16227=CARTESIAN_POINT('Origin',(26.,723.516175961525,59.4780156211274));
#16228=CARTESIAN_POINT('',(26.,723.516175961525,59.4780156211274));
#16229=CARTESIAN_POINT('Origin',(26.,728.090519584311,58.5057088687708));
#16230=CARTESIAN_POINT('Origin',(26.,692.924399039867,93.4536259211843));
#16231=CARTESIAN_POINT('',(26.,692.924399039867,93.4536259211843));
#16232=CARTESIAN_POINT('Origin',(26.,697.196628338551,91.5515068871946));
#16233=CARTESIAN_POINT('',(26.,697.196628338551,91.5515068871946));
#16234=CARTESIAN_POINT('Origin',(26.,700.98002639235,94.3003064736522));
#16235=CARTESIAN_POINT('Origin',(26.,682.643210560269,96.2801989708646));
#16236=CARTESIAN_POINT('',(26.,682.643210560269,96.2801989708646));
#16237=CARTESIAN_POINT('Origin',(26.,687.217554183055,95.307892218508));
#16238=CARTESIAN_POINT('',(26.,687.217554183055,95.307892218508));
#16239=CARTESIAN_POINT('Origin',(26.,690.346768342259,98.7832366253016));
#16240=CARTESIAN_POINT('Origin',(26.,717.292141752205,73.4574253372988));
#16241=CARTESIAN_POINT('',(26.,717.292141752205,73.4574253372988));
#16242=CARTESIAN_POINT('Origin',(26.,719.630410342423,69.4074253372989));
#16243=CARTESIAN_POINT('',(26.,719.630410342423,69.4074253372989));
#16244=CARTESIAN_POINT('Origin',(26.,724.306947522859,69.4074253372989));
#16245=CARTESIAN_POINT('Origin',(26.,723.516175961525,32.4368350534705));
#16246=CARTESIAN_POINT('',(26.,723.516175961525,32.4368350534705));
#16247=CARTESIAN_POINT('',(26.,728.090519584311,33.409141805827));
#16248=CARTESIAN_POINT('Origin',(26.,722.071046497945,27.9891838943203));
#16249=CARTESIAN_POINT('',(26.,722.071046497945,27.9891838943203));
#16250=CARTESIAN_POINT('Origin',(26.,725.200260657149,24.5138394875267));
#16251=CARTESIAN_POINT('',(26.,725.200260657149,24.5138394875267));
#16252=CARTESIAN_POINT('Origin',(26.,729.774604279935,25.4861462398832));
#16253=CARTESIAN_POINT('',(26.,729.774604279935,25.4861462398832));
#16254=CARTESIAN_POINT('Origin',(26.,731.219733743516,29.9337973990334));
#16255=CARTESIAN_POINT('',(26.,731.219733743516,29.9337973990334));
#16256=CARTESIAN_POINT('Origin',(26.,728.090519584311,33.409141805827));
#16257=CARTESIAN_POINT('Origin',(26.,697.196628338551,0.363343787403192));
#16258=CARTESIAN_POINT('',(26.,697.196628338551,0.363343787403192));
#16259=CARTESIAN_POINT('',(26.,700.98002639235,-2.3854557990545));
#16260=CARTESIAN_POINT('Origin',(26.,692.924399039867,-1.53877524658649));
#16261=CARTESIAN_POINT('',(26.,692.924399039867,-1.53877524658649));
#16262=CARTESIAN_POINT('Origin',(26.,692.435567794982,-6.18969386703386));
#16263=CARTESIAN_POINT('',(26.,692.435567794982,-6.18969386703386));
#16264=CARTESIAN_POINT('Origin',(26.,696.218965848781,-8.93849345349155));
#16265=CARTESIAN_POINT('',(26.,696.218965848781,-8.93849345349155));
#16266=CARTESIAN_POINT('Origin',(26.,700.491195147465,-7.03637441950187));
#16267=CARTESIAN_POINT('',(26.,700.491195147465,-7.03637441950187));
#16268=CARTESIAN_POINT('Origin',(26.,700.98002639235,-2.3854557990545));
#16269=CARTESIAN_POINT('Origin',(26.,655.750164409127,-1.53877524658649));
#16270=CARTESIAN_POINT('',(26.,655.750164409127,-1.53877524658649));
#16271=CARTESIAN_POINT('',(26.,656.238995654012,-6.18969386703387));
#16272=CARTESIAN_POINT('Origin',(26.,651.477935110443,0.363343787403209));
#16273=CARTESIAN_POINT('',(26.,651.477935110443,0.36334378740321));
#16274=CARTESIAN_POINT('Origin',(26.,647.694537056644,-2.38545579905445));
#16275=CARTESIAN_POINT('',(26.,647.694537056644,-2.38545579905445));
#16276=CARTESIAN_POINT('Origin',(26.,648.183368301529,-7.03637441950184));
#16277=CARTESIAN_POINT('',(26.,648.183368301529,-7.03637441950184));
#16278=CARTESIAN_POINT('Origin',(26.,652.455597600213,-8.93849345349155));
#16279=CARTESIAN_POINT('',(26.,652.455597600213,-8.93849345349155));
#16280=CARTESIAN_POINT('Origin',(26.,656.238995654012,-6.18969386703387));
#16281=CARTESIAN_POINT('Origin',(26.,626.603516951049,27.9891838943202));
#16282=CARTESIAN_POINT('',(26.,626.603516951049,27.9891838943202));
#16283=CARTESIAN_POINT('',(26.,623.474302791844,24.5138394875266));
#16284=CARTESIAN_POINT('Origin',(26.,625.158387487468,32.4368350534704));
#16285=CARTESIAN_POINT('',(26.,625.158387487468,32.4368350534704));
#16286=CARTESIAN_POINT('Origin',(26.,620.584043864682,33.409141805827));
#16287=CARTESIAN_POINT('',(26.,620.584043864682,33.409141805827));
#16288=CARTESIAN_POINT('Origin',(26.,617.454829705477,29.9337973990334));
#16289=CARTESIAN_POINT('',(26.,617.454829705477,29.9337973990334));
#16290=CARTESIAN_POINT('Origin',(26.,618.899959169058,25.4861462398832));
#16291=CARTESIAN_POINT('',(26.,618.899959169058,25.4861462398832));
#16292=CARTESIAN_POINT('Origin',(26.,623.474302791844,24.5138394875266));
#16293=CARTESIAN_POINT('Origin',(26.,629.044153106571,69.4074253372989));
#16294=CARTESIAN_POINT('',(26.,629.044153106571,69.4074253372989));
#16295=CARTESIAN_POINT('Origin',(26.,631.382421696789,73.4574253372989));
#16296=CARTESIAN_POINT('',(26.,631.382421696789,73.4574253372989));
#16297=CARTESIAN_POINT('Origin',(26.,629.044153106571,77.5074253372989));
#16298=CARTESIAN_POINT('Origin',(26.,661.457009265939,95.307892218508));
#16299=CARTESIAN_POINT('',(26.,661.457009265939,95.307892218508));
#16300=CARTESIAN_POINT('Origin',(26.,666.031352888725,96.2801989708646));
#16301=CARTESIAN_POINT('',(26.,666.031352888725,96.2801989708646));
#16302=CARTESIAN_POINT('Origin',(26.,667.476482352306,100.727850130015));
#16303=CARTESIAN_POINT('Origin',(26.,712.551550068017,27.3585088374208));
#16304=CARTESIAN_POINT('',(26.,689.316432291205,40.7733103405155));
#16305=CARTESIAN_POINT('Origin',(26.,674.337281724497,45.9574253372989));
#16306=CARTESIAN_POINT('',(21.,667.566459891133,35.450000738433));
#16307=CARTESIAN_POINT('',(26.,681.10810355786,35.450000738433));
#16308=CARTESIAN_POINT('Origin',(26.,664.858131157788,31.2470308988867));
#16309=CARTESIAN_POINT('',(26.,662.358131157788,35.5771579178089));
#16310=CARTESIAN_POINT('Origin',(26.,639.123013380977,22.1623564147141));
#16311=CARTESIAN_POINT('Origin',(26.,683.816432291205,31.2470308988867));
#16312=CARTESIAN_POINT('Origin',(26.,656.858131157788,45.1034373594377));
#16313=CARTESIAN_POINT('',(26.,661.852174176848,45.3474339245409));
#16314=CARTESIAN_POINT('Origin',(26.,674.337281724497,45.9574253372989));
#16315=CARTESIAN_POINT('',(26.,668.622996010211,57.0748413489227));
#16316=CARTESIAN_POINT('Origin',(26.,666.337281724497,61.5218077535723));
#16317=CARTESIAN_POINT('Origin',(26.,691.816432291205,45.1034373594377));
#16318=CARTESIAN_POINT('',(26.,686.822389272146,45.3474339245409));
#16319=CARTESIAN_POINT('Origin',(26.,682.337281724497,61.5218077535723));
#16320=CARTESIAN_POINT('',(26.,680.051567438783,57.0748413489227));
#16321=CARTESIAN_POINT('Origin',(26.,674.337281724497,45.9574253372989));
#16322=CARTESIAN_POINT('',(-5.00000000000113,396.409166290937,2.19619831097104));
#16323=CARTESIAN_POINT('',(-4.30000000000005,300.,5.32907051820075E-14));
#16324=CARTESIAN_POINT('',(896.337281724495,-435.957425337314,39.7000000000108));
#16325=CARTESIAN_POINT('',(0.,0.,0.));
#16326=CARTESIAN_POINT('',(0.,0.,0.));
#16327=CARTESIAN_POINT('',(-3.67124468270088E-13,-311.999999999999,-12.0000000000026));
#16328=UNCERTAINTY_MEASURE_WITH_UNIT(LENGTH_MEASURE(0.01),#16344,
'DISTANCE_ACCURACY_VALUE',
'Maximum model space distance between geometric entities at asserted c
onnectivities');
#16329=UNCERTAINTY_MEASURE_WITH_UNIT(LENGTH_MEASURE(0.01),#16344,
'DISTANCE_ACCURACY_VALUE',
'Maximum model space distance between geometric entities at asserted c
onnectivities');
#16330=UNCERTAINTY_MEASURE_WITH_UNIT(LENGTH_MEASURE(0.01),#16344,
'DISTANCE_ACCURACY_VALUE',
'Maximum model space distance between geometric entities at asserted c
onnectivities');
#16331=UNCERTAINTY_MEASURE_WITH_UNIT(LENGTH_MEASURE(0.01),#16344,
'DISTANCE_ACCURACY_VALUE',
'Maximum model space distance between geometric entities at asserted c
onnectivities');
#16332=UNCERTAINTY_MEASURE_WITH_UNIT(LENGTH_MEASURE(0.01),#16344,
'DISTANCE_ACCURACY_VALUE',
'Maximum model space distance between geometric entities at asserted c
onnectivities');
#16333=UNCERTAINTY_MEASURE_WITH_UNIT(LENGTH_MEASURE(0.01),#16344,
'DISTANCE_ACCURACY_VALUE',
'Maximum model space distance between geometric entities at asserted c
onnectivities');
#16334=UNCERTAINTY_MEASURE_WITH_UNIT(LENGTH_MEASURE(0.01),#16344,
'DISTANCE_ACCURACY_VALUE',
'Maximum model space distance between geometric entities at asserted c
onnectivities');
#16335=UNCERTAINTY_MEASURE_WITH_UNIT(LENGTH_MEASURE(0.01),#16344,
'DISTANCE_ACCURACY_VALUE',
'Maximum model space distance between geometric entities at asserted c
onnectivities');
#16336=(
GEOMETRIC_REPRESENTATION_CONTEXT(3)
GLOBAL_UNCERTAINTY_ASSIGNED_CONTEXT((#16328))
GLOBAL_UNIT_ASSIGNED_CONTEXT((#16344,#16346,#16347))
REPRESENTATION_CONTEXT('','3D')
);
#16337=(
GEOMETRIC_REPRESENTATION_CONTEXT(3)
GLOBAL_UNCERTAINTY_ASSIGNED_CONTEXT((#16329))
GLOBAL_UNIT_ASSIGNED_CONTEXT((#16344,#16346,#16347))
REPRESENTATION_CONTEXT('','3D')
);
#16338=(
GEOMETRIC_REPRESENTATION_CONTEXT(3)
GLOBAL_UNCERTAINTY_ASSIGNED_CONTEXT((#16330))
GLOBAL_UNIT_ASSIGNED_CONTEXT((#16344,#16346,#16347))
REPRESENTATION_CONTEXT('','3D')
);
#16339=(
GEOMETRIC_REPRESENTATION_CONTEXT(3)
GLOBAL_UNCERTAINTY_ASSIGNED_CONTEXT((#16331))
GLOBAL_UNIT_ASSIGNED_CONTEXT((#16344,#16346,#16347))
REPRESENTATION_CONTEXT('','3D')
);
#16340=(
GEOMETRIC_REPRESENTATION_CONTEXT(3)
GLOBAL_UNCERTAINTY_ASSIGNED_CONTEXT((#16332))
GLOBAL_UNIT_ASSIGNED_CONTEXT((#16344,#16346,#16347))
REPRESENTATION_CONTEXT('','3D')
);
#16341=(
GEOMETRIC_REPRESENTATION_CONTEXT(3)
GLOBAL_UNCERTAINTY_ASSIGNED_CONTEXT((#16333))
GLOBAL_UNIT_ASSIGNED_CONTEXT((#16344,#16346,#16347))
REPRESENTATION_CONTEXT('','3D')
);
#16342=(
GEOMETRIC_REPRESENTATION_CONTEXT(3)
GLOBAL_UNCERTAINTY_ASSIGNED_CONTEXT((#16334))
GLOBAL_UNIT_ASSIGNED_CONTEXT((#16344,#16346,#16347))
REPRESENTATION_CONTEXT('','3D')
);
#16343=(
GEOMETRIC_REPRESENTATION_CONTEXT(3)
GLOBAL_UNCERTAINTY_ASSIGNED_CONTEXT((#16335))
GLOBAL_UNIT_ASSIGNED_CONTEXT((#16344,#16346,#16347))
REPRESENTATION_CONTEXT('','3D')
);
#16344=(
LENGTH_UNIT()
NAMED_UNIT(*)
SI_UNIT(.MILLI.,.METRE.)
);
#16345=(
LENGTH_UNIT()
NAMED_UNIT(*)
SI_UNIT($,.METRE.)
);
#16346=(
NAMED_UNIT(*)
PLANE_ANGLE_UNIT()
SI_UNIT($,.RADIAN.)
);
#16347=(
NAMED_UNIT(*)
SI_UNIT($,.STERADIAN.)
SOLID_ANGLE_UNIT()
);
#16348=SHAPE_DEFINITION_REPRESENTATION(#16355,#16368);
#16349=SHAPE_DEFINITION_REPRESENTATION(#16356,#16369);
#16350=SHAPE_DEFINITION_REPRESENTATION(#16357,#16370);
#16351=SHAPE_DEFINITION_REPRESENTATION(#16358,#16371);
#16352=SHAPE_DEFINITION_REPRESENTATION(#16359,#16372);
#16353=SHAPE_DEFINITION_REPRESENTATION(#16360,#16373);
#16354=SHAPE_DEFINITION_REPRESENTATION(#16361,#16374);
#16355=PRODUCT_DEFINITION_SHAPE('',$,#16376);
#16356=PRODUCT_DEFINITION_SHAPE('',$,#16377);
#16357=PRODUCT_DEFINITION_SHAPE('',$,#16378);
#16358=PRODUCT_DEFINITION_SHAPE('',$,#16379);
#16359=PRODUCT_DEFINITION_SHAPE('',$,#16380);
#16360=PRODUCT_DEFINITION_SHAPE('',$,#16381);
#16361=PRODUCT_DEFINITION_SHAPE('',$,#16382);
#16362=PRODUCT_DEFINITION_SHAPE($,$,#29);
#16363=PRODUCT_DEFINITION_SHAPE($,$,#30);
#16364=PRODUCT_DEFINITION_SHAPE($,$,#31);
#16365=PRODUCT_DEFINITION_SHAPE($,$,#32);
#16366=PRODUCT_DEFINITION_SHAPE($,$,#33);
#16367=PRODUCT_DEFINITION_SHAPE($,$,#34);
#16368=SHAPE_REPRESENTATION('',(#9862,#10538),#16336);
#16369=SHAPE_REPRESENTATION('',(#9863,#10537),#16337);
#16370=SHAPE_REPRESENTATION('',(#9864,#10536),#16338);
#16371=SHAPE_REPRESENTATION('',(#9865,#10535),#16339);
#16372=SHAPE_REPRESENTATION('',(#9866,#10534),#16340);
#16373=SHAPE_REPRESENTATION('',(#9867,#10533),#16341);
#16374=SHAPE_REPRESENTATION('',(#9868),#16342);
#16375=PRODUCT_DEFINITION_CONTEXT('part definition',#16398,'design');
#16376=PRODUCT_DEFINITION('2026-08-07-15-09-27-319','Cubli',#16383,#16375);
#16377=PRODUCT_DEFINITION('2026-08-07-15-09-27-581',
'Cubli v6 + test jig',#16384,#16375);
#16378=PRODUCT_DEFINITION('2026-08-07-15-09-27-585','Cubli v6',#16385,#16375);
#16379=PRODUCT_DEFINITION('2026-08-07-15-09-27-649','Flywheels',#16386,
#16375);
#16380=PRODUCT_DEFINITION('2026-08-07-15-09-27-495','Flywheel  A',#16387,
#16375);
#16381=PRODUCT_DEFINITION('2026-08-07-15-09-27-411','flywheel v2',#16388,
#16375);
#16382=PRODUCT_DEFINITION('2026-08-07-15-09-27-414','5mm nuts x30',#16389,
#16375);
#16383=PRODUCT_DEFINITION_FORMATION('',$,#16400);
#16384=PRODUCT_DEFINITION_FORMATION('',$,#16401);
#16385=PRODUCT_DEFINITION_FORMATION('',$,#16402);
#16386=PRODUCT_DEFINITION_FORMATION('',$,#16403);
#16387=PRODUCT_DEFINITION_FORMATION('',$,#16404);
#16388=PRODUCT_DEFINITION_FORMATION('',$,#16405);
#16389=PRODUCT_DEFINITION_FORMATION('',$,#16406);
#16390=PRODUCT_RELATED_PRODUCT_CATEGORY('Cubli','Cubli',(#16400));
#16391=PRODUCT_RELATED_PRODUCT_CATEGORY('Cubli v6 + test jig',
'Cubli v6 + test jig',(#16401));
#16392=PRODUCT_RELATED_PRODUCT_CATEGORY('Cubli v6','Cubli v6',(#16402));
#16393=PRODUCT_RELATED_PRODUCT_CATEGORY('Flywheels','Flywheels',(#16403));
#16394=PRODUCT_RELATED_PRODUCT_CATEGORY('Flywheel  A','Flywheel  A',(#16404));
#16395=PRODUCT_RELATED_PRODUCT_CATEGORY('flywheel v2','flywheel v2',(#16405));
#16396=PRODUCT_RELATED_PRODUCT_CATEGORY('5mm nuts x30','5mm nuts x30',(#16406));
#16397=APPLICATION_PROTOCOL_DEFINITION('international standard',
'automotive_design',2009,#16398);
#16398=APPLICATION_CONTEXT(
'Core Data for Automotive Mechanical Design Process');
#16399=PRODUCT_CONTEXT('part definition',#16398,'mechanical');
#16400=PRODUCT('2026-08-07-15-09-27-319','Cubli',$,(#16399));
#16401=PRODUCT('2026-08-07-15-09-27-581','Cubli v6 + test jig',$,(#16399));
#16402=PRODUCT('2026-08-07-15-09-27-585','Cubli v6',$,(#16399));
#16403=PRODUCT('2026-08-07-15-09-27-649','Flywheels',$,(#16399));
#16404=PRODUCT('2026-08-07-15-09-27-495','Flywheel  A',$,(#16399));
#16405=PRODUCT('2026-08-07-15-09-27-411','flywheel v2',$,(#16399));
#16406=PRODUCT('2026-08-07-15-09-27-414','5mm nuts x30',$,(#16399));
#16407=PRESENTATION_STYLE_ASSIGNMENT((#16409));
#16408=PRESENTATION_STYLE_ASSIGNMENT((#16410));
#16409=SURFACE_STYLE_USAGE(.BOTH.,#16411);
#16410=SURFACE_STYLE_USAGE(.BOTH.,#16412);
#16411=SURFACE_SIDE_STYLE('',(#16413));
#16412=SURFACE_SIDE_STYLE('',(#16414));
#16413=SURFACE_STYLE_FILL_AREA(#16415);
#16414=SURFACE_STYLE_FILL_AREA(#16416);
#16415=FILL_AREA_STYLE('Steel - Satin',(#16417));
#16416=FILL_AREA_STYLE('Plastic - Matte (Black)',(#16418));
#16417=FILL_AREA_STYLE_COLOUR('Steel - Satin',#16419);
#16418=FILL_AREA_STYLE_COLOUR('Plastic - Matte (Black)',#16420);
#16419=COLOUR_RGB('Steel - Satin',0.627450980392157,0.627450980392157,0.627450980392157);
#16420=COLOUR_RGB('Plastic - Matte (Black)',0.0980392156862745,0.0980392156862745,
0.0980392156862745);
ENDSEC;
END-ISO-10303-21;
