0.0,-12.2971,-0.4446,-0.12,0.0,0.0,1.0,0.000183,-976.441162,-0.00023
2.0,-12.2987,-0.3226,-0.12,0.0,0.0,1.0,0.000183,-976.441162,0.000578
4.0,-12.2986,-0.4446,-0.12,0.0,0.0,1.0,0.000182,-976.441162,0.000966
6.0,-12.2988,-0.3226,-0.12,0.0,0.0,1.0,0.000179,-976.441162,0.003427
8.0,-12.2986,-0.4446,-0.12,-0.12,1.0,1.0,0.000171,-976.441162,-0.005996
10.0,-12.2984,-0.4446,-0.12,-0.12,1.0,1.0,0.000186,-976.440979,0.058067
12.0,-12.3167,-0.2005,-0.12,-0.12,1.0,1.0,4e-05,-976.440674,0.14285
14.0,-12.316,0.3488,-0.12,-0.12,1.0,1.0,-0.000319,-976.439941,0.287243
16.0,-12.306,4.9875,-0.12,-0.12,1.0,1.0,-0.001041,-976.438904,0.441631
18.0,-12.296,4.9875,-0.12,-0.12,1.0,1.0,-0.00215,-976.437561,0.593684
20.0,-12.2784,8.8327,-0.12,-0.12,1.0,1.0,-0.003641,-976.435669,0.763833
22.0,-12.2732,11.8845,-0.12,-0.12,1.0,1.0,-0.005558,-976.43396,0.893131
24.0,-12.2664,13.5324,-0.12,-0.12,1.0,1.0,-0.0078,-976.431702,1.056738
26.0,-12.2593,16.218,-0.12,-0.12,1.0,1.0,-0.010451,-976.429077,1.238391
28.0,-12.2522,16.218,-0.12,-0.12,1.0,1.0,-0.013558,-976.426025,1.420925
30.0,-12.214,19.0866,-0.12,-0.12,1.0,1.0,-0.017123,-976.422119,1.616086
32.0,-12.1912,21.8332,-0.12,-0.12,1.0,1.0,-0.021176,-976.418945,1.768024
34.0,-12.1624,23.3591,-0.12,-0.12,1.0,1.0,-0.025609,-976.414856,1.9478
36.0,-12.1307,25.2512,-0.12,-0.12,1.0,1.0,-0.030492,-976.410461,2.117842
38.0,-12.099,25.2512,-0.12,-0.12,1.0,1.0,-0.035801,-976.405762,2.276209
40.0,-12.0524,27.0212,-0.12,-0.12,1.0,1.0,-0.041505,-976.400024,2.461535
42.0,-12.0038,27.3264,-0.12,-0.12,1.0,1.0,-0.047672,-976.395203,2.613107
44.0,-11.9465,28.364,-0.12,-0.12,1.0,1.0,-0.054218,-976.389465,2.788556
46.0,-11.8858,28.6081,-0.12,-0.12,1.0,1.0,-0.061202,-976.383362,2.947659
48.0,-11.8253,28.6081,-0.12,-0.12,1.0,1.0,-0.068583,-976.377136,3.070516
50.0,-11.7648,28.0588,-0.12,-0.12,1.0,1.0,-0.076269,-976.369629,3.264992
52.0,-11.7043,28.1198,-0.12,-0.12,1.0,1.0,-0.084441,-976.363403,3.404435
54.0,-11.6444,27.0822,-0.12,-0.12,1.0,1.0,-0.09296,-976.356079,3.561941
56.0,-11.5839,27.3874,-0.12,-0.12,1.0,1.0,-0.101872,-976.348633,3.681644
58.0,-11.5235,27.3874,-0.12,-0.12,1.0,1.0,-0.11108,-976.340881,3.798551
60.0,-11.4658,26.4719,-0.12,-0.12,1.0,1.0,-0.120579,-976.332092,3.952425
62.0,-11.4012,26.2277,-0.12,-0.12,1.0,1.0,-0.13046,-976.324524,4.062547
64.0,-11.3489,25.0681,-0.12,-0.12,1.0,1.0,-0.140614,-976.316101,4.150847
66.0,-11.2909,24.946,-0.12,-0.12,1.0,1.0,-0.150986,-976.307495,4.262918
68.0,-11.2331,24.946,-0.12,-0.12,1.0,1.0,-0.161635,-976.298584,4.395924
70.0,-11.17,23.7863,-0.12,-0.12,1.0,1.0,-0.172615,-976.288818,4.472736
72.0,-11.1073,22.9318,-0.12,-0.12,1.0,1.0,-0.183782,-976.280396,4.550854
74.0,-11.0528,21.8332,-0.12,-0.12,1.0,1.0,-0.195142,-976.270691,4.68853
76.0,-11.0029,20.9177,-0.12,-0.12,1.0,1.0,-0.206843,-976.261108,4.762801
78.0,-10.953,20.9177,-0.12,-0.12,1.0,1.0,-0.218725,-976.251221,4.897929
80.0,-10.9077,20.0632,-0.12,-0.12,1.0,1.0,-0.230943,-976.240295,5.033454
82.0,-10.8659,19.3918,-0.12,-0.12,1.0,1.0,-0.243496,-976.230652,5.128979
84.0,-10.8249,19.0866,-0.12,-0.12,1.0,1.0,-0.256284,-976.219849,5.31411
86.0,-10.7839,19.0866,-0.12,-0.12,1.0,1.0,-0.269532,-976.208618,5.462532
88.0,-10.7435,18.6594,-0.12,-0.12,1.0,1.0,-0.283147,-976.197083,5.671678
90.0,-10.7,18.3542,-0.12,-0.12,1.0,1.0,-0.297283,-976.184448,5.904865
92.0,-10.6576,17.988,-0.12,-0.12,1.0,1.0,-0.311999,-976.172607,6.106025
94.0,-10.6184,17.3166,-0.12,-0.12,1.0,1.0,-0.327214,-976.159668,6.354088
96.0,-10.5793,17.3166,-0.12,-0.12,1.0,1.0,-0.343046,-976.146362,6.555882
98.0,-10.5428,17.0114,-0.12,-0.12,1.0,1.0,-0.359379,-976.132263,6.801908
100.0,-10.5059,17.0114,-0.12,-0.12,1.0,1.0,-0.376324,-976.117554,6.999502
102.0,-10.468,16.5842,-0.12,-0.12,1.0,1.0,-0.393758,-976.103394,7.228848
104.0,-10.4358,16.279,-0.12,-0.12,1.0,1.0,-0.411761,-976.08844,7.394661
106.0,-10.4036,16.279,-0.12,-0.12,1.0,1.0,-0.430174,-976.073181,7.543344
108.0,-10.3799,16.4621,-0.12,-0.12,1.0,1.0,-0.448953,-976.057495,7.647614
110.0,-10.366,17.3166,-0.12,-0.12,1.0,1.0,-0.467986,-976.041626,7.748732
112.0,-10.3499,19.2697,-0.12,-0.12,1.0,1.0,-0.487266,-976.026123,7.855935
114.0,-10.3286,20.7346,-0.12,-0.12,1.0,1.0,-0.506808,-976.010071,7.961571
116.0,-10.3073,20.7346,-0.12,-0.12,1.0,1.0,-0.526607,-975.993835,8.06155
118.0,-10.2833,22.6267,-0.12,-0.12,1.0,1.0,-0.546649,-975.977295,8.197638
120.0,-10.2548,24.8239,-0.12,-0.12,1.0,1.0,-0.567025,-975.960083,8.391372
122.0,-10.2224,27.3264,-0.12,-0.12,1.0,1.0,-0.587879,-975.942627,8.621799
124.0,-10.1811,29.0964,-0.12,-0.12,1.0,1.0,-0.609305,-975.924622,8.864321
126.0,-10.1399,29.0964,-0.12,-0.12,1.0,1.0,-0.631331,-975.906189,9.101886
128.0,-10.1018,30.9885,-0.12,-0.12,1.0,1.0,-0.653945,-975.887329,9.324985
130.0,-10.0626,32.9416,-0.12,-0.12,1.0,1.0,-0.67711,-975.868103,9.524731
132.0,-10.0122,35.0778,-0.12,-0.12,1.0,1.0,-0.700768,-975.848328,9.651401
134.0,-9.959,36.8479,-0.12,-0.12,1.0,1.0,-0.724735,-975.828857,9.712992
136.0,-9.9059,36.8479,-0.12,-0.12,1.0,1.0,-0.748847,-975.809204,9.765319
138.0,-9.8506,39.1672,-0.12,-0.12,1.0,1.0,-0.77308,-975.789673,9.782217
140.0,-9.7929,41.6086,-0.12,-0.12,1.0,1.0,-0.797347,-975.770142,9.762542
142.0,-9.7273,43.3786,-0.12,-0.12,1.0,1.0,-0.821554,-975.750488,9.815445
144.0,-9.6592,45.3928,-0.12,-0.12,1.0,1.0,-0.845885,-975.730103,9.972693
146.0,-9.5914,45.3928,-0.12,-0.12,1.0,1.0,-0.870601,-975.709473,10.198997
148.0,-9.5177,47.6511,-0.12,-0.12,1.0,1.0,-0.895875,-975.688293,10.474894
150.0,-9.4382,49.4211,-0.12,-0.12,1.0,1.0,-0.921833,-975.666321,10.81551
152.0,-9.3574,51.2522,-0.12,-0.12,1.0,1.0,-0.948635,-975.643372,11.248908
154.0,-9.2767,51.2522,-0.12,-0.12,1.0,1.0,-0.976516,-975.619629,11.651258
156.0,-9.1919,53.6936,-0.12,-0.12,1.0,1.0,-1.005397,-975.595154,11.931517
158.0,-9.1055,55.8298,-0.12,-0.12,1.0,1.0,-1.03497,-975.570679,12.118739
160.0,-9.0186,58.4543,-0.12,-0.12,1.0,1.0,-1.065002,-975.546082,12.245261
162.0,-8.9232,61.1399,-0.12,-0.12,1.0,1.0,-1.09534,-975.521423,12.297804
164.0,-8.8281,61.1399,-0.12,-0.12,1.0,1.0,-1.125797,-975.496643,12.366881
166.0,-8.726,63.4592,-0.12,-0.12,1.0,1.0,-1.156416,-975.471313,12.580717
168.0,-8.6266,66.5109,-0.12,-0.12,1.0,1.0,-1.18756,-975.444946,12.841472
170.0,-8.5157,69.2575,-0.12,-0.12,1.0,1.0,-1.219346,-975.418274,13.174145
172.0,-8.4,71.6989,-0.12,-0.12,1.0,1.0,-1.251956,-975.390808,13.52187
174.0,-8.2846,71.6989,-0.12,-0.12,1.0,1.0,-1.285426,-975.363037,13.752788
176.0,-8.1579,74.6286,-0.12,-0.12,1.0,1.0,-1.319462,-975.335327,13.822049
178.0,-8.0343,77.1311,-0.12,-0.12,1.0,1.0,-1.353659,-975.308105,13.668442
180.0,-7.9064,79.4504,-0.118204,-0.118204,1.0,1.0,-1.387457,-975.281128,13.400364
182.0,-7.7711,82.7463,-0.107067,-0.107067,1.0,1.0,-1.420568,-975.254944,13.186264
184.0,-7.6361,82.7463,-0.102834,-0.102834,1.0,1.0,-1.453127,-975.228882,13.103173
186.0,-7.4951,85.4318,-0.094324,-0.094324,1.0,1.0,-1.485465,-975.202454,13.203669
188.0,-7.3479,88.2395,-0.087087,-0.087087,1.0,1.0,-1.518042,-975.175049,13.558829
190.0,-7.1849,90.5588,-0.08283,-0.08283,1.0,1.0,-1.551498,-975.146606,13.995728
192.0,-7.017,92.695,-0.079609,-0.079609,1.0,1.0,-1.586039,-975.116943,14.409781
194.0,-6.8494,92.695,-0.080369,-0.080369,1.0,1.0,-1.621606,-975.087219,14.699636
196.0,-6.6736,94.2209,-0.07693,-0.07693,1.0,1.0,-1.657887,-975.057617,14.759784
198.0,-6.495,95.1975,-0.072489,-0.072489,1.0,1.0,-1.694305,-975.028381,14.668018
200.0,-6.3098,96.7844,-0.065399,-0.065399,1.0,1.0,-1.730477,-974.99939,14.567487
202.0,-6.1222,97.4558,-0.059945,-0.059945,1.0,1.0,-1.766383,-974.970398,14.520768
204.0,-5.9349,97.4558,-0.056279,-0.056279,1.0,1.0,-1.802156,-974.940918,14.669386
206.0,-5.737,98.3103,-0.052556,-0.052556,1.0,1.0,-1.838289,-974.910278,14.942716
208.0,-5.5349,98.1882,-0.051802,-0.051802,1.0,1.0,-1.875095,-974.879639,15.182825
210.0,-5.336,98.0661,-0.050805,-0.050805,1.0,1.0,-1.912488,-974.848999,15.265574
212.0,-5.1375,98.0661,-0.048152,-0.048152,1.0,1.0,-1.950075,-974.818726,15.161499
214.0,-4.929,97.5778,-0.044559,-0.044559,1.0,1.0,-1.987385,-974.789124,14.916077
216.0,-4.7258,96.9675,-0.039974,-0.039974,1.0,1.0,-2.024063,-974.760132,14.634019
218.0,-4.5188,96.5402,-0.034597,-0.034597,1.0,1.0,-2.060019,-974.730713,14.534853
220.0,-4.3224,95.1975,-0.03287,-0.03287,1.0,1.0,-2.09571,-974.701416,14.64325
222.0,-4.1263,95.1975,-0.0305,-0.0305,1.0,1.0,-2.13166,-974.671204,14.963857
224.0,-3.9152,94.7702,-0.030698,-0.030698,1.0,1.0,-2.168401,-974.639893,15.425544
226.0,-3.7193,92.9392,-0.03516,-0.03516,1.0,1.0,-2.206287,-974.607788,15.833352
228.0,-3.5134,92.1457,-0.036927,-0.036927,1.0,1.0,-2.245183,-974.575439,16.038998
230.0,-3.3273,90.925,-0.037973,-0.037973,1.0,1.0,-2.284579,-974.542847,16.025328
232.0,-3.1416,90.925,-0.034692,-0.034692,1.0,1.0,-2.323926,-974.511108,15.906919
234.0,-2.9594,90.864,-0.030618,-0.030618,1.0,1.0,-2.362959,-974.479492,15.873394
236.0,-2.7839,90.2536,-0.028482,-0.028482,1.0,1.0,-2.401892,-974.447388,15.999377
238.0,-2.6021,90.2536,-0.026561,-0.026561,1.0,1.0,-2.441127,-974.414551,16.27389
240.0,-2.4075,89.8264,-0.02662,-0.02662,1.0,1.0,-2.481035,-974.380615,16.548681
242.0,-2.2132,89.8264,-0.025879,-0.025879,1.0,1.0,-2.521618,-974.34729,16.611069
244.0,-2.0246,89.6433,-0.023618,-0.023618,1.0,1.0,-2.562341,-974.31488,16.322269
246.0,-1.8331,89.216,-0.018501,-0.018501,1.0,1.0,-2.602323,-974.283813,15.807817
248.0,-1.6541,88.5446,-0.011883,-0.011883,1.0,1.0,-2.640996,-974.253662,15.296625
250.0,-1.4804,88.2395,-0.004597,-0.004597,1.0,1.0,-2.678369,-974.223999,15.006895
252.0,-1.3071,88.2395,0.001334,0.001334,1.0,1.0,-2.714999,-974.19397,15.028419
254.0,-1.1223,87.7512,0.003598,0.003598,1.0,1.0,-2.751669,-974.162537,15.335009
256.0,-0.938,86.8967,0.001961,0.001961,1.0,1.0,-2.789095,-974.130676,15.730648
258.0,-0.7446,85.676,-0.001117,-0.001117,1.0,1.0,-2.827499,-974.098389,16.011511
260.0,-0.5544,84.5163,-0.002794,-0.002794,1.0,1.0,-2.866594,-974.066162,16.044275
262.0,-0.3645,84.5163,0.000133,0.000133,1.0,1.0,-2.905755,-974.034668,15.857516
264.0,-0.1841,82.9294,0.002216,0.002216,1.0,1.0,-2.944432,-974.003662,15.600641
266.0,0.0049,81.5256,0.005621,0.005621,1.0,1.0,-2.982447,-973.972534,15.426566
268.0,0.1859,79.6335,0.006921,0.006921,1.0,1.0,-3.02001,-973.941589,15.465584
270.0,0.3659,77.6193,0.005621,0.005621,1.0,1.0,-3.057657,-973.910095,15.662276
272.0,0.5455,77.6193,0.006928,0.006928,1.0,1.0,-3.095782,-973.878235,15.819722
274.0,0.7287,75.239,0.003613,0.003613,1.0,1.0,-3.134288,-973.846558,15.835044
276.0,0.8989,73.1638,0.002249,0.002249,1.0,1.0,-3.172816,-973.81543,15.628164
278.0,1.0699,70.6003,0.002272,0.002272,1.0,1.0,-3.21081,-973.784668,15.280382
280.0,1.2406,70.6003,0.009333,0.009333,1.0,1.0,-3.247914,-973.755188,14.931252
282.0,1.4058,68.403,0.011579,0.011579,1.0,1.0,-3.284127,-973.72583,14.77383
284.0,1.5633,66.2058,0.011591,0.011591,1.0,1.0,-3.31993,-973.696106,14.861115
286.0,1.7199,63.8254,0.008529,0.008529,1.0,1.0,-3.355937,-973.665466,15.176517
288.0,1.8612,61.5671,0.002953,0.002953,1.0,1.0,-3.392723,-973.633911,15.574717
290.0,2.0022,61.5671,0.001326,0.001326,1.0,1.0,-3.430494,-973.601196,15.90512
292.0,2.1484,59.4919,-0.003481,-0.003481,1.0,1.0,-3.46908,-973.56897,16.018042
294.0,2.2823,57.5998,-0.00589,-0.00589,1.0,1.0,-3.507935,-973.537231,15.912116
296.0,2.4118,56.0129,-0.005698,-0.005698,1.0,1.0,-3.546508,-973.50592,15.746615
298.0,2.5294,54.426,-0.005136,-0.005136,1.0,1.0,-3.58465,-973.47467,15.686038
300.0,2.6467,54.426,-0.002551,-0.002551,1.0,1.0,-3.622624,-973.442993,15.786325
302.0,2.7606,53.8767,-0.002625,-0.002625,1.0,1.0,-3.660835,-973.410706,16.048458
304.0,2.8787,52.9611,-0.004877,-0.004877,1.0,1.0,-3.69969,-973.377441,16.23988
306.0,2.9907,51.9846,-0.00666,-0.00666,1.0,1.0,-3.739009,-973.34491,16.248343
308.0,3.1029,51.2522,-0.00623,-0.00623,1.0,1.0,-3.778335,-973.313354,15.918397
310.0,3.2149,51.2522,-0.001167,-0.001167,1.0,1.0,-3.816815,-973.28302,15.408906
312.0,3.3131,51.008,0.005588,0.005588,1.0,1.0,-3.854,-973.253784,14.903099
314.0,3.4215,50.2756,0.011598,0.011598,1.0,1.0,-3.8899,-973.224426,14.59299
316.0,3.5293,49.6652,0.01573,0.01573,1.0,1.0,-3.925006,-973.195313,14.589579
318.0,3.648,49.0549,0.016733,0.016733,1.0,1.0,-3.96009,-973.165344,14.847425
320.0,3.7665,49.0549,0.016201,0.016201,1.0,1.0,-3.995807,-973.134583,15.201607
322.0,3.881,47.6511,0.011526,0.011526,1.0,1.0,-4.0324,-973.103333,15.471883
324.0,3.9935,46.0642,0.007333,0.007333,1.0,1.0,-4.069657,-973.072205,15.523546
326.0,4.097,44.1721,0.004688,0.004688,1.0,1.0,-4.107029,-973.041077,15.365008
328.0,4.1995,42.5241,0.004838,0.004838,1.0,1.0,-4.143988,-973.011108,15.107296
330.0,4.3018,42.5241,0.009607,0.009607,1.0,1.0,-4.180285,-972.981628,14.887882
332.0,4.404,40.9982,0.010674,0.010674,1.0,1.0,-4.216015,-972.951904,14.87735
334.0,4.4999,39.4113,0.009218,0.009218,1.0,1.0,-4.251706,-972.921753,15.002399
336.0,4.5937,37.7634,0.006114,0.006114,1.0,1.0,-4.287696,-972.891235,15.19862
338.0,4.6911,35.8713,0.00178,0.00178,1.0,1.0,-4.324164,-972.860107,15.264988
340.0,4.7883,35.8713,0.002924,0.002924,1.0,1.0,-4.360785,-972.829834,15.149567
342.0,4.8796,33.674,0.001208,0.001208,1.0,1.0,-4.397101,-972.799866,14.869143
344.0,4.9647,31.7819,0.001823,0.001823,1.0,1.0,-4.432699,-972.771179,14.514109
346.0,5.0431,29.8899,0.003124,0.003124,1.0,1.0,-4.46739,-972.74292,14.263965
348.0,5.1213,29.8899,0.007348,0.007348,1.0,1.0,-4.501438,-972.7146,14.217393
350.0,5.2012,28.3029,0.005975,0.005975,1.0,1.0,-4.535356,-972.685669,14.389959
352.0,5.2707,26.594,0.001758,0.001758,1.0,1.0,-4.569694,-972.655884,14.73707
354.0,5.3388,24.6408,-0.004421,-0.004421,1.0,1.0,-4.60489,-972.625122,15.14348
356.0,5.3971,23.1149,-0.010292,-0.010292,1.0,1.0,-4.641094,-972.594116,15.389181
358.0,5.4554,23.1149,-0.011649,-0.011649,1.0,1.0,-4.6779,-972.56311,15.449022
360.0,5.5109,21.6501,-0.014079,-0.014079,1.0,1.0,-4.714841,-972.532593,15.328396
362.0,5.5574,20.7346,-0.013888,-0.013888,1.0,1.0,-4.751465,-972.501953,15.166799
364.0,5.5956,19.8801,-0.013332,-0.013332,1.0,1.0,-4.787669,-972.47168,15.153369
366.0,5.6425,19.3308,-0.013454,-0.013454,1.0,1.0,-4.823824,-972.440979,15.279891
368.0,5.6893,19.3308,-0.01386,-0.01386,1.0,1.0,-4.860282,-972.409668,15.540619
370.0,5.7309,18.9646,-0.016332,-0.016332,1.0,1.0,-4.897381,-972.37793,15.736274
372.0,5.7695,18.7815,-0.017875,-0.017875,1.0,1.0,-4.934957,-972.346375,15.766948
374.0,5.8088,18.2932,-0.018428,-0.018428,1.0,1.0,-4.972595,-972.315186,15.47354
376.0,5.8439,18.2932,-0.015049,-0.015049,1.0,1.0,-5.00948,-972.285645,14.998549
378.0,5.8789,18.2932,-0.0099,-0.0099,1.0,1.0,-5.045157,-972.25708,14.522264
380.0,5.91,18.5373,-0.004271,-0.004271,1.0,1.0,-5.079624,-972.228882,14.228266
382.0,5.9423,18.5373,-0.00083,-0.00083,1.0,1.0,-5.113338,-972.200562,14.206388
384.0,5.981,18.6594,0.000327,0.000327,1.0,1.0,-5.146984,-972.171509,14.437851
386.0,6.025,18.5983,-0.001334,-0.001334,1.0,1.0,-5.181198,-972.141113,14.784612
388.0,6.069,18.5983,-0.003962,-0.003962,1.0,1.0,-5.216269,-972.110596,15.094616
390.0,6.1109,18.049,-0.007307,-0.007307,1.0,1.0,-5.252106,-972.079956,15.23187
392.0,6.149,17.0725,-0.009852,-0.009852,1.0,1.0,-5.288272,-972.049744,15.130203
394.0,6.1964,16.4621,-0.009235,-0.009235,1.0,1.0,-5.324169,-972.020081,14.927793
396.0,6.233,15.5466,-0.008418,-0.008418,1.0,1.0,-5.359543,-971.990906,14.705156
398.0,6.2695,15.5466,-0.00563,-0.00563,1.0,1.0,-5.394343,-971.961243,14.645358
400.0,6.307,14.509,-0.006409,-0.006409,1.0,1.0,-5.428979,-971.931641,14.75458
402.0,6.3489,13.8986,-0.007928,-0.007928,1.0,1.0,-5.463876,-971.90155,14.942742
404.0,6.3871,12.6169,-0.011561,-0.011561,1.0,1.0,-5.499232,-971.871216,15.080552
406.0,6.4253,12.6169,-0.012228,-0.012228,1.0,1.0,-5.534919,-971.841064,15.076044
408.0,6.4639,11.2131,-0.014226,-0.014226,1.0,1.0,-5.570581,-971.811462,14.874383
410.0,6.4939,10.0534,-0.014012,-0.014012,1.0,1.0,-5.605722,-971.782166,14.557596
412.0,6.5263,8.8327,-0.012765,-0.012765,1.0,1.0,-5.640054,-971.754028,14.256626
414.0,6.5522,7.612,-0.011774,-0.011774,1.0,1.0,-5.673615,-971.72583,14.163517
416.0,6.578,7.612,-0.010421,-0.010421,1.0,1.0,-5.706929,-971.697205,14.273253
418.0,6.5989,6.6355,-0.013023,-0.013023,1.0,1.0,-5.740506,-971.667725,14.578375
420.0,6.6228,5.842,-0.017093,-0.017093,1.0,1.0,-5.774835,-971.63739,14.996816
422.0,6.6412,4.9875,-0.022419,-0.022419,1.0,1.0,-5.810202,-971.605835,15.336954
424.0,6.6495,4.194,-0.027011,-0.027011,1.0,1.0,-5.846409,-971.574585,15.50364
426.0,6.6578,4.194,-0.028429,-0.028429,1.0,1.0,-5.883021,-971.543701,15.463562
428.0,6.6609,3.5227,-0.029287,-0.029287,1.0,1.0,-5.919517,-971.513062,15.340854
430.0,6.6659,3.6447,-0.027821,-0.027821,1.0,1.0,-5.95569,-971.482605,15.285926
432.0,6.6624,4.0109,-0.026663,-0.026663,1.0,1.0,-5.991712,-971.451721,15.395667
434.0,6.6654,4.4382,-0.02682,-0.02682,1.0,1.0,-6.027994,-971.419739,15.63689
436.0,6.6684,4.4382,-0.029023,-0.029023,1.0,1.0,-6.064868,-971.387573,15.914362
438.0,6.669,4.7434,-0.031007,-0.031007,1.0,1.0,-6.102424,-971.355469,16.00894
440.0,6.676,5.4758,-0.030369,-0.030369,1.0,1.0,-6.140203,-971.323914,15.838309
442.0,6.6789,6.1472,-0.027455,-0.027455,1.0,1.0,-6.177538,-971.293457,15.407825
444.0,6.681,6.8796,-0.021983,-0.021983,1.0,1.0,-6.213777,-971.263672,14.917712
446.0,6.6831,6.8796,-0.017293,-0.017293,1.0,1.0,-6.248769,-971.234863,14.572117
448.0,6.6828,7.551,-0.012682,-0.012682,1.0,1.0,-6.28288,-971.206055,14.483359
450.0,6.697,8.2224,-0.010275,-0.010275,1.0,1.0,-6.316754,-971.176514,14.695461
452.0,6.7146,8.4055,-0.011667,-0.011667,1.0,1.0,-6.351147,-971.145996,15.059774
454.0,6.7322,8.2834,-0.015099,-0.015099,1.0,1.0,-6.386442,-971.114807,15.409543
456.0,6.7498,8.2834,-0.018129,-0.018129,1.0,1.0,-6.422601,-971.082886,15.608927
458.0,6.764,7.9782,-0.020355,-0.020355,1.0,1.0,-6.459247,-971.051819,15.536098
460.0,6.7844,7.8562,-0.019553,-0.019553,1.0,1.0,-6.495695,-971.021301,15.34273
462.0,6.7998,7.551,-0.018044,-0.018044,1.0,1.0,-6.531643,-970.991211,15.140371
464.0,6.8203,7.0017,-0.016822,-0.016822,1.0,1.0,-6.567068,-970.961182,15.079253
466.0,6.8408,7.0017,-0.015887,-0.015887,1.0,1.0,-6.602325,-970.930664,15.206977
468.0,6.8544,6.6965,-0.017459,-0.017459,1.0,1.0,-6.637889,-970.899048,15.433897
470.0,6.8751,6.0251,-0.020545,-0.020545,1.0,1.0,-6.674009,-970.867676,15.590848
472.0,6.8891,5.1706,-0.023422,-0.023422,1.0,1.0,-6.710509,-970.836548,15.564754
474.0,6.903,5.1706,-0.022938,-0.022938,1.0,1.0,-6.746929,-970.806091,15.338047
476.0,6.926,4.3161,-0.022046,-0.022046,1.0,1.0,-6.782765,-970.776428,15.006726
478.0,6.9407,3.7058,-0.019828,-0.019828,1.0,1.0,-6.817754,-970.747192,14.739712
480.0,6.9536,3.0954,-0.018239,-0.018239,1.0,1.0,-6.852058,-970.717407,14.696023
482.0,6.9572,2.4851,-0.01894,-0.01894,1.0,1.0,-6.886239,-970.6875,14.887387
484.0,6.9608,2.4851,-0.020702,-0.020702,1.0,1.0,-6.920887,-970.656494,15.290444
486.0,6.9657,1.8747,-0.025606,-0.025606,1.0,1.0,-6.956533,-970.624512,15.756817
488.0,6.973,1.5695,-0.030424,-0.030424,1.0,1.0,-6.993337,-970.592102,16.053335
490.0,6.9729,1.3864,-0.033517,-0.033517,1.0,1.0,-7.030871,-970.559692,16.143059
492.0,6.9725,1.2033,-0.034698,-0.034698,1.0,1.0,-7.068615,-970.527161,16.042774
494.0,6.972,1.2033,-0.033783,-0.033783,1.0,1.0,-7.106093,-970.495483,15.922424
496.0,6.9593,1.6306,-0.032075,-0.032075,1.0,1.0,-7.143253,-970.46344,15.985876
498.0,6.9521,2.4851,-0.031156,-0.031156,1.0,1.0,-7.180558,-970.430908,16.192011
500.0,6.9438,3.3396,-0.031575,-0.031575,1.0,1.0,-7.218365,-970.397583,16.501802
502.0,6.9377,4.072,-0.033135,-0.033135,1.0,1.0,-7.256936,-970.363464,16.679394
504.0,6.9317,4.072,-0.03486,-0.03486,1.0,1.0,-7.295938,-970.330322,16.586462
506.0,6.9362,4.9265,-0.03232,-0.03232,1.0,1.0,-7.33469,-970.29834,16.162657
508.0,6.9343,5.842,-0.026711,-0.026711,1.0,1.0,-7.372362,-970.267578,15.647868
510.0,6.9398,7.2458,-0.019122,-0.019122,1.0,1.0,-7.408726,-970.237488,15.250332
512.0,6.9447,7.7951,-0.01421,-0.01421,1.0,1.0,-7.444077,-970.207458,15.119652
514.0,6.9495,7.7951,-0.012877,-0.012877,1.0,1.0,-7.479085,-970.176086,15.34378
516.0,6.9538,8.8327,-0.012953,-0.012953,1.0,1.0,-7.514643,-970.144226,15.735851
518.0,6.9729,9.1989,-0.015655,-0.015655,1.0,1.0,-7.551171,-970.111572,16.115068
520.0,6.9941,9.26,-0.018754,-0.018754,1.0,1.0,-7.588637,-970.078735,16.295309
522.0,7.0054,8.8938,-0.020945,-0.020945,1.0,1.0,-7.626541,-970.046387,16.2034
524.0,7.0168,8.8938,-0.019894,-0.019894,1.0,1.0,-7.664198,-970.014648,15.980368
526.0,7.0344,8.7107,-0.017849,-0.017849,1.0,1.0,-7.701281,-969.982849,15.766644
528.0,7.0551,8.1003,-0.016644,-0.016644,1.0,1.0,-7.737812,-969.951294,15.775955
530.0,7.0757,7.6731,-0.017196,-0.017196,1.0,1.0,-7.774352,-969.91925,15.955699
532.0,7.1009,7.0017,-0.019741,-0.019741,1.0,1.0,-7.811328,-969.886597,16.192715
534.0,7.1261,7.0017,-0.021535,-0.021535,1.0,1.0,-7.848885,-969.853943,16.287169
536.0,7.1491,6.4524,-0.023068,-0.023068,1.0,1.0,-7.886664,-969.821228,16.139742
538.0,7.1687,5.3537,-0.023449,-0.023449,1.0,1.0,-7.924058,-969.789795,15.833538
540.0,7.1878,4.8044,-0.021304,-0.021304,1.0,1.0,-7.960668,-969.759155,15.493053
542.0,7.207,4.8044,-0.017765,-0.017765,1.0,1.0,-7.996408,-969.728699,15.341747
544.0,7.2269,4.194,-0.017158,-0.017158,1.0,1.0,-8.031754,-969.697754,15.442214
546.0,7.2365,3.7668,-0.018768,-0.018768,1.0,1.0,-8.067337,-969.665894,15.799894
548.0,7.242,3.2175,-0.023094,-0.023094,1.0,1.0,-8.103805,-969.632263,16.285385
550.0,7.2555,2.6071,-0.028545,-0.028545,1.0,1.0,-8.141478,-969.59845,16.681656
552.0,7.269,2.6071,-0.031961,-0.031961,1.0,1.0,-8.180131,-969.564636,16.824448
554.0,7.2718,1.9357,-0.034483,-0.034483,1.0,1.0,-8.219128,-969.53125,16.743835
556.0,7.2608,2.0578,-0.033704,-0.033704,1.0,1.0,-8.257906,-969.498169,16.599386
558.0,7.2481,2.7902,-0.031214,-0.031214,1.0,1.0,-8.296307,-969.464905,16.644009
560.0,7.2445,3.6447,-0.03007,-0.03007,1.0,1.0,-8.334804,-969.43042,16.855595
562.0,7.2409,3.6447,-0.032067,-0.032067,1.0,1.0,-8.373816,-969.395691,17.190659
564.0,7.2383,4.6823,-0.033207,-0.033207,1.0,1.0,-8.413656,-969.360779,17.367092
566.0,7.2323,5.781,-0.032848,-0.032848,1.0,1.0,-8.453923,-969.326355,17.234751
568.0,7.2324,6.6355,-0.030046,-0.030046,1.0,1.0,-8.493841,-969.293274,16.76128
570.0,7.2398,7.6731,-0.023626,-0.023626,1.0,1.0,-8.532554,-969.260925,16.185301
572.0,7.2473,7.6731,-0.018134,-0.018134,1.0,1.0,-8.569804,-969.229736,15.802573
574.0,7.2505,8.6496,-0.012605,-0.012605,1.0,1.0,-8.606078,-969.198364,15.753121
576.0,7.2598,9.4431,-0.010461,-0.010461,1.0,1.0,-8.642213,-969.165955,16.056808
578.0,7.2815,9.8703,-0.012163,-0.012163,1.0,1.0,-8.679096,-969.132568,16.496099
580.0,7.3036,9.9924,-0.015699,-0.015699,1.0,1.0,-8.717069,-969.098511,16.838634
582.0,7.3256,9.9924,-0.018527,-0.018527,1.0,1.0,-8.755886,-969.064514,16.915894
584.0,7.3413,9.7482,-0.019441,-0.019441,1.0,1.0,-8.794883,-969.03064,16.722025
586.0,7.366,9.5651,-0.017566,-0.017566,1.0,1.0,-8.833377,-968.997925,16.475119
588.0,7.3917,9.321,-0.015284,-0.015284,1.0,1.0,-8.871235,-968.965454,16.354219
590.0,7.4132,8.9548,-0.014478,-0.014478,1.0,1.0,-8.908774,-968.932434,16.456944
592.0,7.4346,8.9548,-0.015082,-0.015082,1.0,1.0,-8.946556,-968.898743,16.716906
594.0,7.4641,8.1003,-0.018631,-0.018631,1.0,1.0,-8.984976,-968.864258,16.882902
596.0,7.4964,7.4899,-0.02078,-0.02078,1.0,1.0,-9.023798,-968.830627,16.819101
598.0,7.5145,6.2692,-0.022185,-0.022185,1.0,1.0,-9.062444,-968.797791,16.534298
600.0,7.5356,5.2927,-0.021029,-0.021029,1.0,1.0,-9.100359,-968.76593,16.132092
602.0,7.5567,5.2927,-0.016908,-0.016908,1.0,1.0,-9.137248,-968.734375,15.912368
604.0,7.5765,4.2551,-0.016477,-0.016477,1.0,1.0,-9.173571,-968.702454,15.967167
606.0,7.5807,3.9499,-0.017503,-0.017503,1.0,1.0,-9.210016,-968.668945,16.313372
608.0,7.5849,3.5227,-0.021489,-0.021489,1.0,1.0,-9.247317,-968.634827,16.816298
610.0,7.5891,3.5227,-0.026079,-0.026079,1.0,1.0,-9.285867,-968.599854,17.238207
612.0,7.5971,3.0344,-0.030723,-0.030723,1.0,1.0,-9.32546,-968.564819,17.421591
614.0,7.5909,2.6682,-0.033176,-0.033176,1.0,1.0,-9.365499,-968.530212,17.326357
616.0,7.5805,3.0954,-0.031688,-0.031688,1.0,1.0,-9.405283,-968.496033,17.179367
618.0,7.5715,3.3396,-0.030045,-0.030045,1.0,1.0,-9.444681,-968.460999,17.226994
620.0,7.5625,3.3396,-0.030628,-0.030628,1.0,1.0,-9.484183,-968.425842,17.466145
622.0,7.5514,4.4992,-0.030815,-0.030815,1.0,1.0,-9.524271,-968.389893,17.812582
624.0,7.5522,5.4758,-0.03211,-0.03211,1.0,1.0,-9.565213,-968.35376,17.958523
626.0,7.56,6.5744,-0.031253,-0.031253,1.0,1.0,-9.606505,-968.318359,17.745026
628.0,7.5588,7.4899,-0.027641,-0.027641,1.0,1.0,-9.647244,-968.284607,17.170252
630.0,7.5576,7.4899,-0.022407,-0.022407,1.0,1.0,-9.686523,-968.251465,16.586124
632.0,7.5747,8.5275,-0.014737,-0.014737,1.0,1.0,-9.724319,-968.219299,16.267929
634.0,7.597,9.5651,-0.009393,-0.009393,1.0,1.0,-9.761301,-968.186523,16.377033
636.0,7.6063,10.3586,-0.008766,-0.008766,1.0,1.0,-9.798542,-968.152649,16.749651
638.0,7.6165,10.7248,-0.011419,-0.011419,1.0,1.0,-9.836704,-968.117798,17.211802
640.0,7.6267,10.7248,-0.015567,-0.015567,1.0,1.0,-9.876012,-968.082031,17.455835
642.0,7.6394,10.7858,-0.017502,-0.017502,1.0,1.0,-9.915916,-968.047241,17.394043
644.0,7.6508,10.2976,-0.017653,-0.017653,1.0,1.0,-9.95565,-968.013184,17.134129
646.0,7.6727,9.9924,-0.015449,-0.015449,1.0,1.0,-9.994715,-967.979614,16.904215
648.0,7.702,9.4431,-0.013845,-0.013845,1.0,1.0,-10.033186,-967.945862,16.914143
650.0,7.7313,9.4431,-0.013445,-0.013445,1.0,1.0,-10.071667,-967.911377,17.139814
652.0,7.7736,8.9548,-0.015758,-0.015758,1.0,1.0,-10.1107,-967.876404,17.351299
654.0,7.8139,8.1613,-0.018531,-0.018531,1.0,1.0,-10.150249,-967.840942,17.406538
656.0,7.8373,7.0627,-0.020705,-0.020705,1.0,1.0,-10.18992,-967.806824,17.153957
658.0,7.8528,5.5979,-0.020863,-0.020863,1.0,1.0,-10.228942,-967.773682,16.752131
660.0,7.8682,5.5979,-0.016875,-0.016875,1.0,1.0,-10.266938,-967.741211,16.428783
662.0,7.8671,4.8044,-0.015366,-0.015366,1.0,1.0,-10.304107,-967.708435,16.420702
664.0,7.8723,4.194,-0.016358,-0.016358,1.0,1.0,-10.34124,-967.674683,16.740059
666.0,7.8896,3.6447,-0.020086,-0.020086,1.0,1.0,-10.379161,-967.63916,17.25231
668.0,7.9068,3.6447,-0.024527,-0.024527,1.0,1.0,-10.418353,-967.60321,17.710747
670.0,7.9272,2.9733,-0.029617,-0.029617,1.0,1.0,-10.458681,-967.567078,17.925564
672.0,7.9474,2.6071,-0.031902,-0.031902,1.0,1.0,-10.499533,-967.531372,17.85313
674.0,7.9447,2.4851,-0.031521,-0.031521,1.0,1.0,-10.540187,-967.496216,17.688725
676.0,7.925,3.0954,-0.029228,-0.029228,1.0,1.0,-10.580411,-967.460693,17.737452
678.0,7.9053,3.0954,-0.029996,-0.029996,1.0,1.0,-10.620742,-967.42395,17.991074
680.0,7.8803,4.194,-0.030656,-0.030656,1.0,1.0,-10.661694,-967.386902,18.333586
682.0,7.8737,5.3537,-0.03169,-0.03169,1.0,1.0,-10.703489,-967.349792,18.476151
684.0,7.8943,6.4524,-0.030596,-0.030596,1.0,1.0,-10.745626,-967.313599,18.190804
686.0,7.9076,7.3068,-0.026233,-0.026233,1.0,1.0,-10.78703,-967.279053,17.572704
688.0,7.9209,7.3068,-0.020382,-0.020382,1.0,1.0,-10.826864,-967.245117,16.981215
690.0,7.9237,8.2834,-0.013023,-0.013023,1.0,1.0,-10.865196,-967.211975,16.734324
692.0,7.9083,9.1989,-0.009238,-0.009238,1.0,1.0,-10.902893,-967.178101,16.902514
694.0,7.9208,10.0534,-0.009003,-0.009003,1.0,1.0,-10.940997,-967.142944,17.349661
696.0,7.9543,10.4196,-0.011944,-0.011944,1.0,1.0,-10.980209,-967.106934,17.783722
698.0,7.9876,10.4196,-0.015412,-0.015412,1.0,1.0,-11.020496,-967.07019,17.965151
700.0,8.0238,10.1755,-0.016935,-0.016935,1.0,1.0,-11.061223,-967.034729,17.780682
702.0,8.0361,9.6262,-0.016055,-0.016055,1.0,1.0,-11.10147,-967.0,17.512077
704.0,8.0379,9.382,-0.013998,-0.013998,1.0,1.0,-11.141026,-966.965454,17.350328
706.0,8.0678,9.0769,-0.012566,-0.012566,1.0,1.0,-11.180161,-966.930481,17.456406
708.0,8.0976,9.0769,-0.013055,-0.013055,1.0,1.0,-11.219545,-966.894775,17.731476
710.0,8.1409,8.0393,-0.016816,-0.016816,1.0,1.0,-11.259605,-966.858826,17.891401
712.0,8.1837,6.8796,-0.01973,-0.01973,1.0,1.0,-11.300052,-966.822754,17.764465
714.0,8.1886,5.3537,-0.021326,-0.021326,1.0,1.0,-11.340162,-966.788269,17.39654
716.0,8.1944,4.072,-0.020244,-0.020244,1.0,1.0,-11.379333,-966.75415,16.994085
718.0,8.2002,4.072,-0.016421,-0.016421,1.0,1.0,-11.417477,-966.713928,16.833721
720.0,8.2219,3.3396,-0.015941,-0.015941,1.0,1.0,-11.455202,-966.685364,17.032784
722.0,8.2497,2.4851,-0.018934,-0.018934,1.0,1.0,-11.493413,-966.651001,17.51981
724.0,8.2492,1.7526,-0.024796,-0.024796,1.0,1.0,-11.532832,-966.614319,18.064281
726.0,8.2299,1.4475,-0.03062,-0.03062,1.0,1.0,-11.573604,-966.577209,18.383501
728.0,8.2107,1.4475,-0.033795,-0.033795,1.0,1.0,-11.61516,-966.533081,18.355949
730.0,8.2092,1.2644,-0.033912,-0.033912,1.0,1.0,-11.656631,-966.50293,18.201023
732.0,8.2272,1.9357,-0.030988,-0.030988,1.0,1.0,-11.697696,-966.467834,18.195272
734.0,8.2143,2.7292,-0.02968,-0.02968,1.0,1.0,-11.738729,-966.430176,18.411358
736.0,8.2014,2.7292,-0.031829,-0.031829,1.0,1.0,-11.780291,-966.392212,18.797407
738.0,8.1673,3.8889,-0.033689,-0.033689,1.0,1.0,-11.822804,-966.347107,18.980795
740.0,8.1722,4.9875,-0.033216,-0.033216,1.0,1.0,-11.865762,-966.316101,18.732635
742.0,8.1932,6.0251,-0.028761,-0.028761,1.0,1.0,-11.908079,-966.281128,18.109421
744.0,8.1724,7.4289,-0.020889,-0.020889,1.0,1.0,-11.948813,-966.246704,17.486061
746.0,8.1517,7.4289,-0.015508,-0.015508,1.0,1.0,-11.987966,-966.212158,17.197931
748.0,8.1355,8.5886,-0.010926,-0.010926,1.0,1.0,-12.026378,-966.171387,17.420767
750.0,8.1687,9.5651,-0.010623,-0.010623,1.0,1.0,-12.065334,-966.141235,17.833828
752.0,8.1915,10.1755,-0.012943,-0.012943,1.0,1.0,-12.105313,-966.104126,18.301802
754.0,8.189,10.2976,-0.017058,-0.017058,1.0,1.0,-12.146452,-966.067017,18.457565
756.0,8.1866,10.2976,-0.018518,-0.018518,1.0,1.0,-12.187965,-966.03064,18.262659
758.0,8.2227,9.9924,-0.01671,-0.01671,1.0,1.0,-12.228972,-965.989075,17.920351
760.0,8.2663,9.6872,-0.013408,-0.013408,1.0,1.0,-12.269104,-965.958862,17.838501
762.0,8.2635,9.0769,-0.013834,-0.013834,1.0,1.0,-12.309013,-965.922729,18.002485
764.0,8.2849,8.1613,-0.01669,-0.01669,1.0,1.0,-12.349319,-965.885925,18.28495
766.0,8.3063,8.1613,-0.01892,-0.01892,1.0,1.0,-12.390318,-965.848999,18.398649
768.0,8.3205,7.1237,-0.021636,-0.021636,1.0,1.0,-12.431586,-965.807983,18.145332
770.0,8.328,6.0861,-0.02113,-0.02113,1.0,1.0,-12.472201,-965.777039,17.762026
772.0,8.3317,4.7434,-0.020061,-0.020061,1.0,1.0,-12.511837,-965.742676,17.38872
774.0,8.3399,4.072,-0.017743,-0.017743,1.0,1.0,-12.550519,-965.708069,17.341925
776.0,8.348,4.072,-0.017174,-0.017174,1.0,1.0,-12.589068,-965.672485,17.678207
778.0,8.3561,3.2785,-0.021618,-0.021618,1.0,1.0,-12.628448,-965.630371,18.331869
780.0,8.343,2.5461,-0.02912,-0.02912,1.0,1.0,-12.669453,-965.596741,18.757746
782.0,8.3717,2.1189,-0.033236,-0.033236,1.0,1.0,-12.711512,-965.558594,18.933426
784.0,8.3644,1.9968,-0.035133,-0.035133,1.0,1.0,-12.753995,-965.521057,18.819023
786.0,8.3572,1.9968,-0.034241,-0.034241,1.0,1.0,-12.796174,-965.483887,18.679239
788.0,8.3141,2.7902,-0.03225,-0.03225,1.0,1.0,-12.837985,-965.441711,18.837599
790.0,8.34,4.0109,-0.030989,-0.030989,1.0,1.0,-12.880177,-965.407471,19.184237
792.0,8.3249,5.5368,-0.031513,-0.031513,1.0,1.0,-12.923223,-965.367554,19.464237
794.0,8.3018,6.6965,-0.032242,-0.032242,1.0,1.0,-12.966956,-965.328735,19.401672
796.0,8.2787,6.6965,-0.032066,-0.032066,1.0,1.0,-13.010513,-965.291565,18.844326
798.0,8.3168,7.9172,-0.024256,-0.024256,1.0,1.0,-13.052653,-965.252441,18.08449
800.0,8.2841,9.1989,-0.01553,-0.01553,1.0,1.0,-13.092868,-965.221008,17.715155
802.0,8.3025,10.4196,-0.009542,-0.009542,1.0,1.0,-13.132138,-965.185486,17.783922
804.0,8.3208,10.4196,-0.009878,-0.009878,1.0,1.0,-13.171565,-965.148071,18.222216
806.0,8.3555,11.4572,-0.011434,-0.011434,1.0,1.0,-13.212078,-965.110046,18.729437
808.0,8.3409,11.7624,-0.015758,-0.015758,1.0,1.0,-13.253849,-965.068665,18.958881
810.0,8.396,11.8845,-0.016714,-0.016714,1.0,1.0,-13.29618,-965.034363,18.797327
812.0,8.4018,11.3352,-0.016161,-0.016161,1.0,1.0,-13.338087,-964.99762,18.498386
814.0,8.4076,11.3352,-0.013338,-0.013338,1.0,1.0,-13.379227,-964.961182,18.340107
816.0,8.4306,11.3352,-0.011505,-0.011505,1.0,1.0,-13.419952,-964.923462,18.486986
818.0,8.4908,10.7248,-0.01299,-0.01299,1.0,1.0,-13.461031,-964.883057,18.797752
820.0,8.484,9.1989,-0.018741,-0.018741,1.0,1.0,-13.502873,-964.847717,18.891174
822.0,8.4998,7.8562,-0.021792,-0.021792,1.0,1.0,-13.544934,-964.810547,18.672701
824.0,8.5155,7.8562,-0.019561,-0.019561,1.0,1.0,-13.58643,-964.774536,18.218916
826.0,8.5234,6.1472,-0.018458,-0.018458,1.0,1.0,-13.626768,-964.73877,17.812094
828.0,8.5317,5.0485,-0.016631,-0.016631,1.0,1.0,-13.666068,-964.701294,17.840221
830.0,8.576,4.4992,-0.017174,-0.017174,1.0,1.0,-13.705423,-964.666382,18.224215
832.0,8.5485,3.5227,-0.02295,-0.02295,1.0,1.0,-13.745728,-964.628052,18.840414
834.0,8.5209,3.5227,-0.028945,-0.028945,1.0,1.0,-13.787563,-964.588989,19.304642
836.0,8.5273,3.1565,-0.033623,-0.033623,1.0,1.0,-13.830549,-964.549927,19.418123
838.0,8.4992,3.0954,-0.035186,-0.035186,1.0,1.0,-13.873803,-964.509644,19.246727
840.0,8.5012,3.6447,-0.032646,-0.032646,1.0,1.0,-13.916609,-964.472717,19.186356
842.0,8.5117,4.7434,-0.029934,-0.029934,1.0,1.0,-13.959246,-964.433777,19.392092
844.0,8.5221,4.7434,-0.031582,-0.031582,1.0,1.0,-14.002382,-964.393799,19.786764
846.0,8.4824,6.0861,-0.033248,-0.033248,1.0,1.0,-14.046494,-964.353516,20.005432
848.0,8.4968,7.1848,-0.032934,-0.032934,1.0,1.0,-14.091136,-964.312988,19.718763
850.0,8.4446,8.2834,-0.029277,-0.029277,1.0,1.0,-14.13504,-964.276794,19.039137
852.0,8.4644,9.8703,-0.020011,-0.020011,1.0,1.0,-14.17722,-964.240112,18.383671
854.0,8.4841,9.8703,-0.01373,-0.01373,1.0,1.0,-14.217736,-964.204224,18.127222
856.0,8.4412,11.1521,-0.009705,-0.009705,1.0,1.0,-14.257592,-964.167175,18.411854
858.0,8.466,12.4338,-0.009553,-0.009553,1.0,1.0,-14.298147,-964.128052,18.976416
860.0,8.4579,13.1662,-0.013511,-0.013511,1.0,1.0,-14.340104,-964.089539,19.363976
862.0,8.4497,13.1662,-0.017152,-0.017152,1.0,1.0,-14.383018,-964.05072,19.368635
864.0,8.503,13.1662,-0.016327,-0.016327,1.0,1.0,-14.425926,-964.012207,19.078142
866.0,8.5085,12.6169,-0.014614,-0.014614,1.0,1.0,-14.468087,-963.974854,18.81275
868.0,8.5545,12.2507,-0.012116,-0.012116,1.0,1.0,-14.509565,-963.937134,18.856058
870.0,8.5768,11.7624,-0.013042,-0.013042,1.0,1.0,-14.551135,-963.898621,19.136906
872.0,8.5991,11.7624,-0.015229,-0.015229,1.0,1.0,-14.593394,-963.85968,19.349781
874.0,8.6406,10.5417,-0.018704,-0.018704,1.0,1.0,-14.636171,-963.821289,19.229147
876.0,8.6776,9.1379,-0.019578,-0.019578,1.0,1.0,-14.678628,-963.783447,18.79933
878.0,8.6984,7.551,-0.018266,-0.018266,1.0,1.0,-14.719988,-963.747253,18.336723
880.0,8.7392,6.4524,-0.015407,-0.015407,1.0,1.0,-14.760169,-963.710999,18.214958
882.0,8.7798,6.4524,-0.013619,-0.013619,1.0,1.0,-14.800028,-963.673584,18.55484
884.0,8.7853,5.5368,-0.018326,-0.018326,1.0,1.0,-14.840725,-963.634705,19.157825
886.0,8.8215,4.6213,-0.024847,-0.024847,1.0,1.0,-14.88292,-963.594727,19.703018
888.0,8.8049,4.0109,-0.031056,-0.031056,1.0,1.0,-14.926469,-963.554077,19.859856
890.0,8.8332,3.8889,-0.032193,-0.032193,1.0,1.0,-14.970394,-963.514771,19.716326
892.0,8.8615,3.8889,-0.030477,-0.030477,1.0,1.0,-15.013941,-963.475708,19.616272
894.0,8.8274,4.5603,-0.028931,-0.028931,1.0,1.0,-15.057219,-963.435974,19.796329
896.0,8.8512,5.781,-0.027915,-0.027915,1.0,1.0,-15.100932,-963.395203,20.198021
898.0,8.8293,7.0017,-0.029585,-0.029585,1.0,1.0,-15.145638,-963.354065,20.428932
900.0,8.8463,8.1003,-0.029347,-0.029347,1.0,1.0,-15.190905,-963.313232,20.148605
902.0,8.8633,8.1003,-0.026623,-0.026623,1.0,1.0,-15.23545,-963.275146,19.41555
904.0,8.8642,9.382,-0.017769,-0.017769,1.0,1.0,-15.278135,-963.238342,18.744532
906.0,8.8605,10.8469,-0.009051,-0.009051,1.0,1.0,-15.319118,-963.20166,18.49733
908.0,8.885,12.2507,-0.00378,-0.00378,1.0,1.0,-15.359463,-963.163818,18.818428
910.0,8.8795,12.9831,-0.005493,-0.005493,1.0,1.0,-15.400599,-963.124451,19.40851
912.0,8.8741,12.9831,-0.010982,-0.010982,1.0,1.0,-15.4432,-963.083801,19.771782
914.0,8.9007,13.2883,-0.013281,-0.013281,1.0,1.0,-15.486697,-963.044312,19.723415
916.0,8.8889,13.3493,-0.012925,-0.012925,1.0,1.0,-15.530056,-963.005859,19.404709
918.0,8.9144,12.8,-0.010625,-0.010625,1.0,1.0,-15.572597,-962.967834,19.152203
920.0,8.904,11.8845,-0.010168,-0.010168,1.0,1.0,-15.614486,-962.929321,19.250147
922.0,8.8936,11.8845,-0.011229,-0.011229,1.0,1.0,-15.656604,-962.889221,19.556292
924.0,8.9154,10.9079,-0.015425,-0.015425,1.0,1.0,-15.699474,-962.849609,19.703829
926.0,8.9181,9.26,-0.0197,-0.0197,1.0,1.0,-15.742699,-962.810852,19.483025
928.0,8.9757,7.612,-0.019787,-0.019787,1.0,1.0,-15.785351,-962.773315,18.986525
930.0,9.0331,7.612,-0.014371,-0.014371,1.0,1.0,-15.826738,-962.736633,18.577534
932.0,9.0415,6.0251,-0.01342,-0.01342,1.0,1.0,-15.867082,-962.699463,18.60504
934.0,9.0696,4.6823,-0.015683,-0.015683,1.0,1.0,-15.907478,-962.660339,19.053253
936.0,9.0775,3.9499,-0.020957,-0.020957,1.0,1.0,-15.948985,-962.620239,19.724951
938.0,9.0667,3.2175,-0.028447,-0.028447,1.0,1.0,-15.992163,-962.579468,20.146481
940.0,9.0559,3.2175,-0.032313,-0.032313,1.0,1.0,-16.036383,-962.539063,20.174721
942.0,9.0616,2.8513,-0.033128,-0.033128,1.0,1.0,-16.080654,-962.499268,19.977026
944.0,8.9997,3.1565,-0.031853,-0.031853,1.0,1.0,-16.124413,-962.459351,19.992073
946.0,9.0087,4.4992,-0.02941,-0.02941,1.0,1.0,-16.16819,-962.417725,20.312096
948.0,8.9543,5.4758,-0.031317,-0.031317,1.0,1.0,-16.212755,-962.375977,20.692247
950.0,8.9001,5.4758,-0.035474,-0.035474,1.0,1.0,-16.258257,-962.334351,20.736902
952.0,8.9304,7.1237,-0.032423,-0.032423,1.0,1.0,-16.303852,-962.294434,20.180981
954.0,8.9472,8.4055,-0.025005,-0.025005,1.0,1.0,-16.348034,-962.25647,19.395256
956.0,8.9165,9.9924,-0.015623,-0.015623,1.0,1.0,-16.390223,-962.219238,18.885916
958.0,8.9398,11.6403,-0.007591,-0.007591,1.0,1.0,-16.431116,-962.180664,18.979536
960.0,8.9631,11.6403,-0.008069,-0.008069,1.0,1.0,-16.472227,-962.141235,19.483257
962.0,8.9523,12.6169,-0.011056,-0.011056,1.0,1.0,-16.514587,-962.100586,20.027576
964.0,8.9926,13.3493,-0.013982,-0.013982,1.0,1.0,-16.558298,-962.060059,20.165754
966.0,9.0275,13.2273,-0.014876,-0.014876,1.0,1.0,-16.602339,-962.020447,19.906153
968.0,9.0345,12.861,-0.013098,-0.013098,1.0,1.0,-16.64571,-961.981628,19.572956
970.0,9.0415,12.861,-0.009976,-0.009976,1.0,1.0,-16.688227,-961.941956,19.553669
972.0,9.0659,12.1897,-0.010626,-0.010626,1.0,1.0,-16.730679,-961.902039,19.83053
974.0,9.0876,11.3352,-0.014325,-0.014325,1.0,1.0,-16.773809,-961.861633,20.070866
976.0,9.1319,10.4807,-0.017306,-0.017306,1.0,1.0,-16.817526,-961.821777,19.958498
978.0,9.1487,8.4055,-0.019786,-0.019786,1.0,1.0,-16.860943,-961.783081,19.519524
980.0,9.1655,8.4055,-0.015585,-0.015585,1.0,1.0,-16.90324,-961.744995,19.015455
982.0,9.1675,6.8186,-0.01389,-0.01389,1.0,1.0,-16.944254,-961.707336,18.918274
984.0,9.1793,5.903,-0.014491,-0.014491,1.0,1.0,-16.985006,-961.668396,19.306538
986.0,9.1843,4.8044,-0.019928,-0.019928,1.0,1.0,-17.026718,-961.627808,19.979208
988.0,9.1908,4.0109,-0.027241,-0.027241,1.0,1.0,-17.070103,-961.586243,20.494461
990.0,9.1972,4.0109,-0.031636,-0.031636,1.0,1.0,-17.114765,-961.544922,20.578548
992.0,9.2049,3.8278,-0.03257,-0.03257,1.0,1.0,-17.15962,-961.504272,20.393707
994.0,9.1701,4.194,-0.030867,-0.030867,1.0,1.0,-17.203993,-961.463013,20.366022
996.0,9.1733,5.5368,-0.028159,-0.028159,1.0,1.0,-17.24828,-961.421448,20.65642
998.0,9.1765,5.5368,-0.030634,-0.030634,1.0,1.0,-17.293278,-961.378906,21.065557
1000.0,9.1909,7.2458,-0.030881,-0.030881,1.0,1.0,-17.339285,-961.336426,21.142225
1002.0,9.1595,8.7717,-0.029322,-0.029322,1.0,1.0,-17.385468,-961.295654,20.594761
1004.0,9.1713,9.9924,-0.022189,-0.022189,1.0,1.0,-17.430256,-961.256348,19.759806
1006.0,9.1947,11.7014,-0.011291,-0.011291,1.0,1.0,-17.472929,-961.218445,19.236181
1008.0,9.2181,11.7014,-0.006146,-0.006146,1.0,1.0,-17.514269,-961.17981,19.313875
1010.0,9.2122,13.2273,-0.004169,-0.004169,1.0,1.0,-17.555788,-961.139648,19.8445
1012.0,9.2269,14.448,-0.006556,-0.006556,1.0,1.0,-17.598623,-961.098267,20.386143
1014.0,9.2571,15.1193,-0.009748,-0.009748,1.0,1.0,-17.642801,-961.057068,20.504869
1016.0,9.2824,15.2414,-0.010187,-0.010187,1.0,1.0,-17.687262,-961.016235,20.214935
1018.0,9.3076,15.2414,-0.007175,-0.007175,1.0,1.0,-17.730974,-960.976807,19.888292
1020.0,9.3302,14.57,-0.005063,-0.005063,1.0,1.0,-17.773849,-960.937073,19.898129
1022.0,9.3585,14.1428,-0.005468,-0.005468,1.0,1.0,-17.816732,-960.896423,20.194426
1024.0,9.3944,13.1662,-0.009335,-0.009335,1.0,1.0,-17.860342,-960.855347,20.398754
1026.0,9.4319,11.7624,-0.013092,-0.013092,1.0,1.0,-17.904448,-960.815063,20.208012
1028.0,9.4694,11.7624,-0.010782,-0.010782,1.0,1.0,-17.948057,-960.775452,19.702969
1030.0,9.4889,9.7482,-0.009554,-0.009554,1.0,1.0,-17.990379,-960.737488,19.234449
1032.0,9.5136,8.2834,-0.007555,-0.007555,1.0,1.0,-18.031507,-960.699097,19.232006
1034.0,9.5362,7.0017,-0.009504,-0.009504,1.0,1.0,-18.072615,-960.659302,19.695976
1036.0,9.5479,5.842,-0.015626,-0.015626,1.0,1.0,-18.11487,-960.61792,20.381546
1038.0,9.5596,5.842,-0.02154,-0.02154,1.0,1.0,-18.158831,-960.575806,20.806862
1040.0,9.5614,5.1706,-0.026442,-0.026442,1.0,1.0,-18.203842,-960.533447,20.794258
1042.0,9.5604,4.9265,-0.026786,-0.026786,1.0,1.0,-18.248804,-960.492493,20.580362
1044.0,9.5714,5.5368,-0.023647,-0.023647,1.0,1.0,-18.293211,-960.451233,20.641624
1046.0,9.5508,7.1237,-0.021669,-0.021669,1.0,1.0,-18.337753,-960.408875,21.013556
1048.0,9.5302,7.1237,-0.025247,-0.025247,1.0,1.0,-18.383213,-960.365784,21.346739
1050.0,9.52,8.5886,-0.02569,-0.02569,1.0,1.0,-18.429491,-960.323303,21.231455
1052.0,9.5393,9.6872,-0.02243,-0.02243,1.0,1.0,-18.475462,-960.282227,20.522652
1054.0,9.5486,11.03,-0.013642,-0.013642,1.0,1.0,-18.519632,-960.243591,19.718229
1056.0,9.5578,11.03,-0.00625,-0.00625,1.0,1.0,-18.561766,-960.205322,19.363724
1058.0,9.5431,12.4948,-0.000574,-0.000574,1.0,1.0,-18.602991,-960.165894,19.637281
1060.0,9.5704,13.6545,-0.000538,-0.000538,1.0,1.0,-18.644888,-960.124817,20.24744
1062.0,9.6171,14.7531,-0.003368,-0.003368,1.0,1.0,-18.688299,-960.083069,20.649389
1064.0,9.6474,15.1193,-0.005856,-0.005856,1.0,1.0,-18.732704,-960.041199,20.576618
1066.0,9.6776,15.1193,-0.004717,-0.004717,1.0,1.0,-18.776909,-960.001099,20.221071
1068.0,9.6979,14.6311,-0.002048,-0.002048,1.0,1.0,-18.820202,-959.961426,19.983931
1070.0,9.7261,14.0817,-0.000423,-0.000423,1.0,1.0,-18.862883,-959.921143,20.117491
1072.0,9.7671,13.5935,-0.001862,-0.001862,1.0,1.0,-18.905882,-959.879944,20.43434
1074.0,9.7984,12.0676,-0.00698,-0.00698,1.0,1.0,-18.949659,-959.838806,20.500113
1076.0,9.8295,12.0676,-0.007071,-0.007071,1.0,1.0,-18.993584,-959.798096,20.146122
1078.0,9.8495,9.9924,-0.007295,-0.007295,1.0,1.0,-19.036602,-959.759521,19.578663
1080.0,9.8905,7.9172,-0.005236,-0.005236,1.0,1.0,-19.078176,-959.721375,19.272419
1082.0,9.9068,6.5134,-0.004725,-0.004725,1.0,1.0,-19.118965,-959.682312,19.467319
1084.0,9.9171,5.1706,-0.008786,-0.008786,1.0,1.0,-19.160227,-959.640869,20.096226
1086.0,9.9275,5.1706,-0.014295,-0.014295,1.0,1.0,-19.203053,-959.598816,20.707594
1088.0,9.9489,4.072,-0.021349,-0.021349,1.0,1.0,-19.247398,-959.556641,20.935852
1090.0,9.9332,3.5227,-0.024577,-0.024577,1.0,1.0,-19.292299,-959.515198,20.777916
1092.0,9.9412,4.0109,-0.022197,-0.022197,1.0,1.0,-19.336784,-959.474121,20.64802
1094.0,9.9488,4.8044,-0.019513,-0.019513,1.0,1.0,-19.380926,-959.432251,20.842548
1096.0,9.9563,4.8044,-0.021103,-0.021103,1.0,1.0,-19.425539,-959.389343,21.270771
1098.0,9.9232,6.5744,-0.022213,-0.022213,1.0,1.0,-19.47121,-959.345459,21.458464
1100.0,9.9265,7.9172,-0.021409,-0.021409,1.0,1.0,-19.517334,-959.303772,21.003218
1102.0,9.944,8.7717,-0.015625,-0.015625,1.0,1.0,-19.562296,-959.264221,20.178612
1104.0,9.9653,10.6638,-0.004512,-0.004512,1.0,1.0,-19.605167,-959.225891,19.520184
1106.0,9.9867,10.6638,0.002197,0.002197,1.0,1.0,-19.646368,-959.187134,19.472717
1108.0,9.9715,12.3728,0.006098,0.006098,1.0,1.0,-19.687433,-959.146851,19.932884
1110.0,9.9986,13.5324,0.004103,0.004103,1.0,1.0,-19.729639,-959.104553,20.515415
1112.0,10.049,14.2038,0.000176,0.000176,1.0,1.0,-19.773291,-959.062866,20.703381
1114.0,10.0773,14.1428,-0.001215,-0.001215,1.0,1.0,-19.817396,-959.022217,20.443029
1116.0,10.1056,14.1428,0.001918,0.001918,1.0,1.0,-19.86083,-958.982422,20.074467
1118.0,10.1343,13.5324,0.005168,0.005168,1.0,1.0,-19.903322,-958.942505,20.012447
1120.0,10.1596,12.6169,0.004359,0.004359,1.0,1.0,-19.945641,-958.901733,20.274765
1122.0,10.198,11.4572,-0.000211,-0.000211,1.0,1.0,-19.988602,-958.859741,20.517313
1124.0,10.2363,11.4572,-0.001801,-0.001801,1.0,1.0,-20.032154,-958.819092,20.354942
1126.0,10.2662,9.8093,-0.002811,-0.002811,1.0,1.0,-20.075281,-958.779846,19.860342
1128.0,10.2821,7.9172,-0.001466,-0.001466,1.0,1.0,-20.117149,-958.741638,19.358789
1130.0,10.3166,6.1472,0.000574,0.000574,1.0,1.0,-20.15774,-958.703308,19.268991
1132.0,10.331,4.4382,-0.001568,-0.001568,1.0,1.0,-20.19809,-958.663574,19.682636
1134.0,10.3454,4.4382,-0.005128,-0.005128,1.0,1.0,-20.239462,-958.62146,20.375603
1136.0,10.3508,2.7292,-0.014379,-0.014379,1.0,1.0,-20.282558,-958.579346,20.823074
1138.0,10.3575,1.9968,-0.019548,-0.019548,1.0,1.0,-20.326761,-958.537598,20.822243
1140.0,10.3412,1.4475,-0.020784,-0.020784,1.0,1.0,-20.370945,-958.496582,20.602667
1142.0,10.3449,1.8747,-0.018025,-0.018025,1.0,1.0,-20.414558,-958.455444,20.609177
1144.0,10.3487,1.8747,-0.018023,-0.018023,1.0,1.0,-20.458172,-958.41333,20.943708
1146.0,10.3354,3.0344,-0.019106,-0.019106,1.0,1.0,-20.502607,-958.369568,21.300297
1148.0,10.3067,4.3772,-0.020292,-0.020292,1.0,1.0,-20.547922,-958.327026,21.236538
1150.0,10.3172,5.2927,-0.017939,-0.017939,1.0,1.0,-20.593058,-958.286499,20.567057
1152.0,10.3272,6.6965,-0.00934,-0.00934,1.0,1.0,-20.636494,-958.247864,19.739349
1154.0,10.3371,6.6965,-0.001681,-0.001681,1.0,1.0,-20.677834,-958.209778,19.32016
1156.0,10.3532,8.0393,0.005766,0.005766,1.0,1.0,-20.718103,-958.170654,19.523657
1158.0,10.3713,9.0769,0.006131,0.006131,1.0,1.0,-20.758867,-958.129211,20.108904
1160.0,10.3912,9.9314,0.001981,0.001981,1.0,1.0,-20.801086,-958.087646,20.542641
1162.0,10.4117,10.2365,-0.001411,-0.001411,1.0,1.0,-20.844378,-958.046509,20.526426
1164.0,10.4321,10.2365,-0.000936,-0.000936,1.0,1.0,-20.887611,-958.00647,20.182997
1166.0,10.4443,9.8703,0.002062,0.002062,1.0,1.0,-20.929964,-957.96698,19.899729
1168.0,10.4628,9.26,0.004187,0.004187,1.0,1.0,-20.971588,-957.92627,19.988472
1170.0,10.492,8.4665,0.002076,0.002076,1.0,1.0,-21.01342,-957.885376,20.294888
1172.0,10.5193,6.9406,-0.003364,-0.003364,1.0,1.0,-21.056004,-957.844421,20.408195
1174.0,10.5465,6.9406,-0.003953,-0.003953,1.0,1.0,-21.098856,-957.804443,20.113438
1176.0,10.5562,4.8044,-0.004977,-0.004977,1.0,1.0,-21.140949,-957.765869,19.54603
1178.0,10.5774,2.7902,-0.003109,-0.003109,1.0,1.0,-21.181601,-957.727905,19.181999
1180.0,10.5916,1.3254,-0.002203,-0.002203,1.0,1.0,-21.221321,-957.688721,19.283951
1182.0,10.5913,-0.1394,-0.005821,-0.005821,1.0,1.0,-21.261282,-957.648499,19.851784
1184.0,10.591,-0.1394,-0.010989,-0.010989,1.0,1.0,-21.302654,-957.606934,20.479635
1186.0,10.5826,-1.2991,-0.018827,-0.018827,1.0,1.0,-21.345587,-957.564941,20.791277
1188.0,10.5753,-1.5433,-0.022123,-0.022123,1.0,1.0,-21.389286,-957.523621,20.677595
1190.0,10.5726,-1.3601,-0.020841,-0.020841,1.0,1.0,-21.432682,-957.482849,20.501356
1192.0,10.5699,-1.3601,-0.019332,-0.019332,1.0,1.0,-21.475616,-957.440857,20.621981
1194.0,10.5281,-0.8108,-0.020079,-0.020079,1.0,1.0,-21.518837,-957.398438,21.027363
1196.0,10.5147,0.8982,-0.020796,-0.020796,1.0,1.0,-21.563059,-957.35553,21.289177
1198.0,10.5192,2.2409,-0.02062,-0.02062,1.0,1.0,-21.607922,-957.31366,21.009287
1200.0,10.4925,3.4616,-0.016417,-0.016417,1.0,1.0,-21.652063,-957.273926,20.218397
1202.0,10.4659,3.4616,-0.009803,-0.009803,1.0,1.0,-21.694201,-957.235107,19.491173
1204.0,10.443,4.8654,-0.001012,-0.001012,1.0,1.0,-21.734493,-957.196899,19.260704
1206.0,10.4561,6.5134,0.005107,0.005107,1.0,1.0,-21.774191,-957.157288,19.649027
1208.0,10.4702,7.9172,0.00417,0.00417,1.0,1.0,-21.814848,-957.116272,20.229303
1210.0,10.4646,8.6496,-0.000567,-0.000567,1.0,1.0,-21.856947,-957.074707,20.555435
1212.0,10.459,8.6496,-0.003617,-0.003617,1.0,1.0,-21.899849,-957.034058,20.392925
1214.0,10.4765,8.7107,-0.001756,-0.001756,1.0,1.0,-21.942326,-956.993713,20.019938
1216.0,10.5115,8.0393,0.001189,0.001189,1.0,1.0,-21.983849,-956.954224,19.85111
1218.0,10.5149,7.2458,0.001386,0.001386,1.0,1.0,-22.024929,-956.914001,20.039642
1220.0,10.5277,6.3913,-0.001898,-0.001898,1.0,1.0,-22.066467,-956.873047,20.312805
1222.0,10.5405,6.3913,-0.004175,-0.004175,1.0,1.0,-22.108675,-956.832275,20.332571
1224.0,10.5788,4.5603,-0.007034,-0.007034,1.0,1.0,-22.150915,-956.792847,19.908747
1226.0,10.5898,2.7292,-0.006328,-0.006328,1.0,1.0,-22.192074,-956.753967,19.368948
1228.0,10.5925,1.3254,-0.003908,-0.003908,1.0,1.0,-22.231861,-956.716064,19.127996
1230.0,10.6089,-0.0784,-0.00399,-0.00399,1.0,1.0,-22.271027,-956.677063,19.401236
1232.0,10.6253,-0.0784,-0.00623,-0.00623,1.0,1.0,-22.310863,-956.636414,20.014967
1234.0,10.6186,-1.5433,-0.014551,-0.014551,1.0,1.0,-22.352226,-956.594604,20.609196
1236.0,10.6149,-1.8484,-0.020438,-0.020438,1.0,1.0,-22.395065,-956.552124,20.769609
1238.0,10.5981,-2.3367,-0.02299,-0.02299,1.0,1.0,-22.43829,-956.511108,20.587191
1240.0,10.5582,-1.7264,-0.020933,-0.020933,1.0,1.0,-22.481039,-956.470215,20.494793
1242.0,10.5185,-1.7264,-0.020757,-0.020757,1.0,1.0,-22.523539,-956.42865,20.713814
1244.0,10.5182,-0.1394,-0.019843,-0.019843,1.0,1.0,-22.566572,-956.385986,21.1306
1246.0,10.4944,1.2033,-0.021476,-0.021476,1.0,1.0,-22.610636,-956.343201,21.279577
1248.0,10.4655,2.5461,-0.020845,-0.020845,1.0,1.0,-22.655056,-956.301331,20.783524
1250.0,10.4737,4.072,-0.01363,-0.01363,1.0,1.0,-22.698212,-956.262207,19.969061
1252.0,10.4818,4.072,-0.00619,-0.00619,1.0,1.0,-22.739304,-956.224182,19.345221
1254.0,10.483,5.4148,0.002342,0.002342,1.0,1.0,-22.778812,-956.185669,19.321268
1256.0,10.4972,7.0627,0.006418,0.006418,1.0,1.0,-22.818245,-956.145691,19.794716
1258.0,10.513,7.9172,0.003407,0.003407,1.0,1.0,-22.85885,-956.10437,20.366549
1260.0,10.5288,7.9172,-0.002103,-0.002103,1.0,1.0,-22.900877,-956.062317,20.537317
1262.0,10.5627,8.5275,-0.002011,-0.002011,1.0,1.0,-22.943316,-956.021973,20.28422
1264.0,10.5794,8.3444,0.000272,0.000272,1.0,1.0,-22.985102,-955.982544,19.91749
1266.0,10.6064,7.7341,0.00347,0.00347,1.0,1.0,-23.025949,-955.942932,19.858257
1268.0,10.6202,6.8796,0.002541,0.002541,1.0,1.0,-23.066631,-955.902466,20.116327
1270.0,10.6339,6.8796,-3e-06,-3e-06,1.0,1.0,-23.107946,-955.86145,20.356953
1272.0,10.6507,5.4758,-0.004452,-0.004452,1.0,1.0,-23.149849,-955.820435,20.218554
1274.0,10.6581,3.7058,-0.00627,-0.00627,1.0,1.0,-23.191387,-955.781372,19.742472
1276.0,10.6621,1.9968,-0.004973,-0.004973,1.0,1.0,-23.231712,-955.743408,19.227367
1278.0,10.6637,0.4709,-0.003006,-0.003006,1.0,1.0,-23.270727,-955.705383,19.12608
1280.0,10.6653,0.4709,-0.002045,-0.002045,1.0,1.0,-23.309473,-955.666016,19.518982
1282.0,10.6635,-0.9329,-0.008239,-0.008239,1.0,1.0,-23.34919,-955.624939,20.201105
1284.0,10.6665,-1.7874,-0.015884,-0.015884,1.0,1.0,-23.390604,-955.582397,20.674877
1286.0,10.6463,-2.2146,-0.021169,-0.021169,1.0,1.0,-23.433193,-955.540833,20.711575
1288.0,10.6418,-2.2757,-0.021674,-0.021674,1.0,1.0,-23.475857,-955.5,20.503328
1290.0,10.6372,-2.2757,-0.019914,-0.019914,1.0,1.0,-23.517981,-955.459106,20.487354
1292.0,10.6106,-1.6043,-0.018995,-0.018995,1.0,1.0,-23.560047,-955.417297,20.788946
1294.0,10.5687,-0.0784,-0.019587,-0.019587,1.0,1.0,-23.602854,-955.374573,21.166483
1296.0,10.5716,1.4475,-0.020127,-0.020127,1.0,1.0,-23.646593,-955.332092,21.177402
1298.0,10.5534,2.9733,-0.017796,-0.017796,1.0,1.0,-23.690342,-955.290771,20.557802
1300.0,10.5352,2.9733,-0.012607,-0.012607,1.0,1.0,-23.732517,-955.252197,19.715569
1302.0,10.5441,4.4382,-0.002208,-0.002208,1.0,1.0,-23.772558,-955.214294,19.240345
1304.0,10.5563,6.0861,0.006333,0.006333,1.0,1.0,-23.81139,-955.175537,19.371527
1306.0,10.5714,7.3679,0.007951,0.007951,1.0,1.0,-23.850536,-955.135193,19.915003
1308.0,10.5875,8.0393,0.003789,0.003789,1.0,1.0,-23.891031,-955.093811,20.411327
1310.0,10.6035,8.0393,-0.00109,-0.00109,1.0,1.0,-23.932758,-955.052124,20.451328
1312.0,10.631,8.2224,-0.000683,-0.000683,1.0,1.0,-23.974567,-955.012085,20.13352
1314.0,10.6666,7.6731,0.002142,0.002142,1.0,1.0,-24.015562,-954.972839,19.817015
1316.0,10.667,7.0017,0.004152,0.004152,1.0,1.0,-24.055746,-954.933167,19.845469
1318.0,10.6675,7.0017,0.003852,0.003852,1.0,1.0,-24.095985,-954.892578,20.149708
1320.0,10.6803,6.3913,-0.000441,-0.000441,1.0,1.0,-24.136972,-954.851807,20.308025
1322.0,10.7161,4.8654,-0.004056,-0.004056,1.0,1.0,-24.178341,-954.811096,20.07527
1324.0,10.7313,2.7902,-0.005445,-0.005445,1.0,1.0,-24.219109,-954.772522,19.547112
1326.0,10.7336,1.1423,-0.003581,-0.003581,1.0,1.0,-24.258532,-954.734802,19.110619
1328.0,10.7359,1.1423,0.000562,0.000562,1.0,1.0,-24.296843,-954.696655,19.123247
1330.0,10.7436,-0.6888,-0.002862,-0.002862,1.0,1.0,-24.335171,-954.657043,19.599869
1332.0,10.7467,-1.9705,-0.00951,-0.00951,1.0,1.0,-24.374681,-954.615173,20.260679
1334.0,10.7407,-3.0081,-0.017421,-0.017421,1.0,1.0,-24.415836,-954.573425,20.648745
1336.0,10.7122,-3.0691,-0.021417,-0.021417,1.0,1.0,-24.457949,-954.532166,20.609119
1338.0,10.6839,-3.0691,-0.021523,-0.021523,1.0,1.0,-24.499945,-954.491577,20.394226
1340.0,10.6684,-2.7029,-0.019218,-0.019218,1.0,1.0,-24.541384,-954.450745,20.439682
1342.0,10.6647,-1.8484,-0.018143,-0.018143,1.0,1.0,-24.582922,-954.408813,20.805269
1344.0,10.6071,-0.2615,-0.019446,-0.019446,1.0,1.0,-24.62536,-954.365417,21.141006
1346.0,10.613,1.3254,-0.019464,-0.019464,1.0,1.0,-24.668627,-954.323364,21.020523
1348.0,10.6189,1.3254,-0.018314,-0.018314,1.0,1.0,-24.711573,-954.283386,20.312954
1350.0,10.6242,2.6682,-0.009535,-0.009535,1.0,1.0,-24.752724,-954.245117,19.527124
1352.0,10.6326,4.194,0.000609,0.000609,1.0,1.0,-24.791883,-954.207336,19.146875
1354.0,10.6372,5.7199,0.008116,0.008116,1.0,1.0,-24.830072,-954.168457,19.37319
1356.0,10.6512,7.0017,0.008678,0.008678,1.0,1.0,-24.868814,-954.12793,19.983801
1358.0,10.6652,7.0017,0.002302,0.002302,1.0,1.0,-24.909075,-954.08606,20.378769
1360.0,10.6803,7.551,-0.000439,-0.000439,1.0,1.0,-24.950312,-954.045288,20.344522
1362.0,10.7025,7.612,0.000405,0.000405,1.0,1.0,-24.991446,-954.005676,19.986744
1364.0,10.7164,6.9406,0.003122,0.003122,1.0,1.0,-25.031666,-953.966553,19.711569
1366.0,10.7237,6.1472,0.004549,0.004549,1.0,1.0,-25.071178,-953.92688,19.806404
1368.0,10.7309,6.1472,0.003656,0.003656,1.0,1.0,-25.110912,-953.886353,20.113384
1370.0,10.7726,5.3537,-0.000495,-0.000495,1.0,1.0,-25.151402,-953.845093,20.21545
1372.0,10.8048,3.7668,-0.00377,-0.00377,1.0,1.0,-25.192131,-953.805481,19.931866
1374.0,10.8153,1.3864,-0.005326,-0.005326,1.0,1.0,-25.232132,-953.767212,19.382042
1376.0,10.8146,-0.3226,-0.003417,-0.003417,1.0,1.0,-25.270737,-953.729614,19.013344
1378.0,10.814,-0.3226,-2.6e-05,-2.6e-05,1.0,1.0,-25.308399,-953.691528,19.079554
1380.0,10.8118,-1.4822,-0.002797,-0.002797,1.0,1.0,-25.346212,-953.651855,19.625309
1382.0,10.8196,-2.5809,-0.009667,-0.009667,1.0,1.0,-25.385382,-953.609985,20.256611
1384.0,10.8131,-3.2522,-0.016659,-0.016659,1.0,1.0,-25.426121,-953.56842,20.578245
1386.0,10.8066,-3.2522,-0.019613,-0.019613,1.0,1.0,-25.467653,-953.527466,20.495958
1388.0,10.7627,-3.5574,-0.02014,-0.02014,1.0,1.0,-25.508961,-953.487061,20.304838
1390.0,10.7672,-3.0691,-0.017497,-0.017497,1.0,1.0,-25.549772,-953.446289,20.390732
1392.0,10.7462,-1.9705,-0.01662,-0.01662,1.0,1.0,-25.590784,-953.403687,20.771688
1394.0,10.6945,-0.4446,-0.018081,-0.018081,1.0,1.0,-25.632736,-953.361206,21.057756
1396.0,10.643,-0.4446,-0.021414,-0.021414,1.0,1.0,-25.67539,-953.31958,20.87118
1398.0,10.6451,1.0813,-0.017017,-0.017017,1.0,1.0,-25.717558,-953.279968,20.141048
1400.0,10.6197,2.4851,-0.00839,-0.00839,1.0,1.0,-25.757875,-953.242004,19.377256
1402.0,10.6277,4.0109,0.001753,0.001753,1.0,1.0,-25.796257,-953.204346,19.050423
1404.0,10.6387,5.4758,0.008669,0.008669,1.0,1.0,-25.833803,-953.164795,19.336487
1406.0,10.6496,5.4758,0.005766,0.005766,1.0,1.0,-25.872053,-953.12439,19.931065
1408.0,10.6484,6.5744,0.001635,0.001635,1.0,1.0,-25.911781,-953.083374,20.297098
1410.0,10.6595,7.1237,-0.0008,-0.0008,1.0,1.0,-25.952412,-953.042908,20.234888
1412.0,10.6732,6.8796,-0.000452,-0.000452,1.0,1.0,-25.99287,-953.003479,19.884165
1414.0,10.6776,6.3913,0.002311,0.002311,1.0,1.0,-26.032433,-952.964478,19.63031
1416.0,10.6819,6.3913,0.005157,0.005157,1.0,1.0,-26.071341,-952.924316,19.736891
1418.0,10.7132,5.903,0.003548,0.003548,1.0,1.0,-26.1105,-952.883911,20.041574
1420.0,10.7228,4.8044,-0.001635,-0.001635,1.0,1.0,-26.15041,-952.843567,20.128128
1422.0,10.7333,3.2785,-0.00501,-0.00501,1.0,1.0,-26.190521,-952.804077,19.836538
1424.0,10.7361,1.3864,-0.005739,-0.005739,1.0,1.0,-26.229883,-952.766113,19.283123
1426.0,10.7389,1.3864,-0.000623,-0.000623,1.0,1.0,-26.267839,-952.728638,18.924894
1428.0,10.7398,-0.3836,-0.000531,-0.000531,1.0,1.0,-26.30488,-952.690002,19.017431
1430.0,10.7516,-1.7264,-0.003655,-0.003655,1.0,1.0,-26.34214,-952.650391,19.553652
1432.0,10.7463,-2.6419,-0.010318,-0.010318,1.0,1.0,-26.380732,-952.609375,20.182755
1434.0,10.7085,-3.1912,-0.017577,-0.017577,1.0,1.0,-26.420889,-952.567993,20.509283
1436.0,10.6707,-3.1912,-0.021075,-0.021075,1.0,1.0,-26.461849,-952.527161,20.419458
1438.0,10.685,-3.0691,-0.019833,-0.019833,1.0,1.0,-26.502567,-952.486938,20.22007
1440.0,10.6558,-2.5198,-0.017545,-0.017545,1.0,1.0,-26.542768,-952.445618,20.318651
1442.0,10.6151,-1.177,-0.016657,-0.016657,1.0,1.0,-26.583202,-952.403137,20.710228
1444.0,10.6159,0.4099,-0.017265,-0.017265,1.0,1.0,-26.624603,-952.361572,20.986124
1446.0,10.6168,0.4099,-0.01968,-0.01968,1.0,1.0,-26.666681,-952.311279,20.672245
1448.0,10.5647,1.6916,-0.015451,-0.015451,1.0,1.0,-26.707952,-952.278564,20.035198
1450.0,10.5673,3.4006,-0.006624,-0.006624,1.0,1.0,-26.747608,-952.242065,19.304218
1452.0,10.5765,4.6213,0.002877,0.002877,1.0,1.0,-26.78541,-952.204529,18.979668
1454.0,10.5858,4.6213,0.006586,0.006586,1.0,1.0,-26.822382,-952.165833,19.245916
1456.0,10.5636,6.0251,0.006282,0.006282,1.0,1.0,-26.860008,-952.117493,19.929445
1458.0,10.5886,7.2458,0.001948,0.001948,1.0,1.0,-26.899336,-952.083374,20.219301
1460.0,10.6085,7.4899,-0.000251,-0.000251,1.0,1.0,-26.939377,-952.044434,20.159122
1462.0,10.6156,7.4289,0.00036,0.00036,1.0,1.0,-26.97925,-952.005127,19.810806
1464.0,10.6226,7.4289,0.004285,0.004285,1.0,1.0,-27.018232,-951.966309,19.546515
1466.0,10.636,6.6965,0.005844,0.005844,1.0,1.0,-27.056536,-951.919067,19.696056
1468.0,10.65,5.903,0.00278,0.00278,1.0,1.0,-27.0952,-951.885498,19.948034
1470.0,10.6883,4.8654,-0.001228,-0.001228,1.0,1.0,-27.134481,-951.845947,20.041882
1472.0,10.6945,3.0954,-0.005184,-0.005184,1.0,1.0,-27.173983,-951.806641,19.771927
1474.0,10.7007,3.0954,-0.002624,-0.002624,1.0,1.0,-27.21279,-951.768677,19.226482
1476.0,10.7004,1.3254,-0.000837,-0.000837,1.0,1.0,-27.250212,-951.724548,18.824203
1478.0,10.7004,-0.0174,0.000504,0.000504,1.0,1.0,-27.286608,-951.692993,18.903698
1480.0,10.6876,-1.5433,-0.003317,-0.003317,1.0,1.0,-27.323189,-951.653748,19.41135
1482.0,10.7043,-2.3977,-0.009264,-0.009264,1.0,1.0,-27.361031,-951.612976,20.045385
1484.0,10.7209,-2.3977,-0.014718,-0.014718,1.0,1.0,-27.40045,-951.571777,20.390615
1486.0,10.7148,-3.0691,-0.0191,-0.0191,1.0,1.0,-27.440722,-951.524414,20.299168
1488.0,10.6665,-3.1912,-0.019285,-0.019285,1.0,1.0,-27.480747,-951.490417,20.124365
1490.0,10.6615,-2.5198,-0.016602,-0.016602,1.0,1.0,-27.520317,-951.450073,20.176279
1492.0,10.6007,-1.4212,-0.016061,-0.016061,1.0,1.0,-27.560001,-951.408691,20.534725
1494.0,10.5401,-1.4212,-0.020214,-0.020214,1.0,1.0,-27.600571,-951.366577,20.852968
1496.0,10.5445,0.3488,-0.019773,-0.019773,1.0,1.0,-27.641924,-951.319031,20.673597
1498.0,10.5479,1.6916,-0.015733,-0.015733,1.0,1.0,-27.68281,-951.285583,20.072939
1500.0,10.4966,3.0954,-0.008658,-0.008658,1.0,1.0,-27.72217,-951.247803,19.276705
1502.0,10.5062,4.8044,0.00222,0.00222,1.0,1.0,-27.759514,-951.2099,18.888342
1504.0,10.5158,4.8044,0.006631,0.006631,1.0,1.0,-27.795868,-951.171631,19.083588
1506.0,10.4989,6.0251,0.006806,0.006806,1.0,1.0,-27.832697,-951.126465,19.715538
1508.0,10.514,7.2458,0.002843,0.002843,1.0,1.0,-27.871099,-951.091187,20.068365
1510.0,10.5288,7.4289,-0.000267,-0.000267,1.0,1.0,-27.910372,-951.050903,20.088619
1512.0,10.5437,7.4289,-0.000212,-0.000212,1.0,1.0,-27.94968,-951.011047,19.766689
1514.0,10.5373,7.1848,0.002603,0.002603,1.0,1.0,-27.988165,-950.972473,19.455589
1516.0,10.5815,6.8186,0.00605,0.00605,1.0,1.0,-28.025852,-950.928894,19.513233
1518.0,10.5971,5.9641,0.003885,0.003885,1.0,1.0,-28.063669,-950.893677,19.78841
1520.0,10.6315,4.8044,-0.000796,-0.000796,1.0,1.0,-28.102161,-950.853516,19.946398
1522.0,10.6657,4.8044,-0.001688,-0.001688,1.0,1.0,-28.141035,-950.814209,19.746317
1524.0,10.6715,2.9123,-0.003194,-0.003194,1.0,1.0,-28.179392,-950.776184,19.230188
1526.0,10.6654,1.4475,-0.00122,-0.00122,1.0,1.0,-28.216436,-950.734802,18.758869
1528.0,10.665,-0.2005,0.000142,0.000142,1.0,1.0,-28.252281,-950.701111,18.752375
1530.0,10.6425,-1.7264,-0.002993,-0.002993,1.0,1.0,-28.288095,-950.662415,19.169735
1532.0,10.62,-1.7264,-0.007205,-0.007205,1.0,1.0,-28.324944,-950.622131,19.825022
1534.0,10.6451,-2.5198,-0.014187,-0.014187,1.0,1.0,-28.363424,-950.581177,20.254126
1536.0,10.6365,-3.0081,-0.019039,-0.019039,1.0,1.0,-28.402967,-950.53656,20.249863
1538.0,10.6053,-3.1912,-0.019833,-0.019833,1.0,1.0,-28.442484,-950.5,20.047905
1540.0,10.6005,-2.3977,-0.016683,-0.016683,1.0,1.0,-28.481478,-950.460022,20.028421
1542.0,10.5957,-2.3977,-0.016586,-0.016586,1.0,1.0,-28.520407,-950.419128,20.318434
1544.0,10.5185,-1.3601,-0.018537,-0.018537,1.0,1.0,-28.560049,-950.37738,20.682049
1546.0,10.5189,0.1657,-0.019006,-0.019006,1.0,1.0,-28.600588,-950.332397,20.693077
1548.0,10.4743,1.4475,-0.017519,-0.017519,1.0,1.0,-28.641138,-950.295288,20.161001
1550.0,10.4712,2.9123,-0.010191,-0.010191,1.0,1.0,-28.680336,-950.257324,19.362309
1552.0,10.4681,2.9123,-0.002978,-0.002978,1.0,1.0,-28.717512,-950.220276,18.823872
1554.0,10.4776,4.7434,0.006468,0.006468,1.0,1.0,-28.753321,-950.182617,18.874752
1556.0,10.4471,6.1472,0.008348,0.008348,1.0,1.0,-28.789242,-950.140808,19.388487
1558.0,10.4615,7.1848,0.005264,0.005264,1.0,1.0,-28.826439,-950.103149,19.886213
1560.0,10.4546,7.612,0.000634,0.000634,1.0,1.0,-28.864872,-950.062866,20.023602
1562.0,10.4478,7.612,-0.000834,-0.000834,1.0,1.0,-28.903635,-950.022888,19.768061
1564.0,10.4861,7.3679,0.002,0.002,1.0,1.0,-28.94174,-949.984436,19.410841
1566.0,10.5119,6.7575,0.005069,0.005069,1.0,1.0,-28.978933,-949.943237,19.34943
1568.0,10.5224,6.2082,0.004758,0.004758,1.0,1.0,-29.015957,-949.906494,19.576849
1570.0,10.5323,4.9875,-0.000127,-0.000127,1.0,1.0,-29.053537,-949.866638,19.813463
1572.0,10.5423,4.9875,-0.002137,-0.002137,1.0,1.0,-29.091698,-949.826477,19.735323
1574.0,10.5295,3.2175,-0.004842,-0.004842,1.0,1.0,-29.129646,-949.788208,19.308838
1576.0,10.5334,1.9968,-0.003092,-0.003092,1.0,1.0,-29.166508,-949.749329,18.773062
1578.0,10.5199,0.4099,-0.001269,-0.001269,1.0,1.0,-29.202009,-949.714233,18.600037
1580.0,10.5064,0.4099,0.000139,0.000139,1.0,1.0,-29.237061,-949.67627,18.885635
1582.0,10.5396,-0.8719,-0.004343,-0.004343,1.0,1.0,-29.272816,-949.63678,19.473194
1584.0,10.5414,-1.7874,-0.011363,-0.011363,1.0,1.0,-29.310034,-949.595459,20.034843
1586.0,10.5277,-2.3367,-0.017631,-0.017631,1.0,1.0,-29.348648,-949.553467,20.192612
1588.0,10.5224,-2.6419,-0.01967,-0.01967,1.0,1.0,-29.387642,-949.514893,20.024254
1590.0,10.5171,-2.6419,-0.018259,-0.018259,1.0,1.0,-29.426197,-949.475281,19.900534
1592.0,10.4442,-2.2146,-0.01756,-0.01756,1.0,1.0,-29.464426,-949.434998,20.072187
1594.0,10.4429,-0.6277,-0.016243,-0.016243,1.0,1.0,-29.503071,-949.393677,20.473137
1596.0,10.371,1.0202,-0.017995,-0.017995,1.0,1.0,-29.542707,-949.350708,20.677282
1598.0,10.4078,2.363,-0.016803,-0.016803,1.0,1.0,-29.582842,-949.310974,20.33333
1600.0,10.4444,2.363,-0.013157,-0.013157,1.0,1.0,-29.622097,-949.272583,19.564939
1602.0,10.4136,3.7668,-0.004166,-0.004166,1.0,1.0,-29.659405,-949.235474,18.891478
1604.0,10.4135,5.2316,0.005551,0.005551,1.0,1.0,-29.695005,-949.198486,18.667364
1606.0,10.4266,6.5744,0.011129,0.011129,1.0,1.0,-29.73003,-949.158875,19.033413
1608.0,10.4044,7.551,0.00882,0.00882,1.0,1.0,-29.765961,-949.119812,19.584517
1610.0,10.3823,7.551,0.002398,0.002398,1.0,1.0,-29.803261,-949.07959,19.903193
1612.0,10.3983,7.9782,0.000155,0.000155,1.0,1.0,-29.841347,-949.040039,19.791466
1614.0,10.3806,8.1003,0.001295,0.001295,1.0,1.0,-29.879137,-949.001465,19.446699
1616.0,10.396,7.6731,0.004422,0.004422,1.0,1.0,-29.916046,-948.963379,19.218075
1618.0,10.3984,6.6965,0.004858,0.004858,1.0,1.0,-29.952366,-948.924683,19.321928
1620.0,10.4009,6.6965,0.003774,0.003774,1.0,1.0,-29.988932,-948.885132,19.620758
1622.0,10.4493,5.9641,-0.000104,-0.000104,1.0,1.0,-30.026234,-948.844971,19.7003
1624.0,10.4796,4.3772,-0.003224,-0.003224,1.0,1.0,-30.063721,-948.806274,19.4245
1626.0,10.4928,2.9123,-0.003147,-0.003147,1.0,1.0,-30.1005,-948.768982,18.898781
1628.0,10.4957,1.4475,-0.000927,-0.000927,1.0,1.0,-30.135944,-948.732422,18.526804
1630.0,10.4986,1.4475,0.003017,0.003017,1.0,1.0,-30.170439,-948.695313,18.56147
1632.0,10.4769,-0.0784,-0.000907,-0.000907,1.0,1.0,-30.205008,-948.656189,19.037378
1634.0,10.4749,-0.9939,-0.007022,-0.007022,1.0,1.0,-30.240757,-948.616211,19.670908
1636.0,10.4259,-1.6653,-0.0148,-0.0148,1.0,1.0,-30.278084,-948.575745,20.032543
1638.0,10.4227,-1.6043,-0.01798,-0.01798,1.0,1.0,-30.316305,-948.535767,19.993277
1640.0,10.4195,-1.6043,-0.017681,-0.017681,1.0,1.0,-30.354412,-948.496338,19.789557
1642.0,10.3474,-1.116,-0.016142,-0.016142,1.0,1.0,-30.391993,-948.456787,19.79022
1644.0,10.3476,0.1047,-0.013931,-0.013931,1.0,1.0,-30.42956,-948.415649,20.112658
1646.0,10.282,1.5695,-0.015231,-0.015231,1.0,1.0,-30.46792,-948.37439,20.448647
1648.0,10.2165,1.5695,-0.01927,-0.01927,1.0,1.0,-30.507111,-948.333374,20.443567
1650.0,10.2523,3.2175,-0.015688,-0.015688,1.0,1.0,-30.546272,-948.294128,19.875816
1652.0,10.2201,4.4992,-0.008801,-0.008801,1.0,1.0,-30.583992,-948.256714,19.090778
1654.0,10.2271,6.1472,0.001774,0.001774,1.0,1.0,-30.619724,-948.220154,18.57461
1656.0,10.2353,7.8562,0.011222,0.011222,1.0,1.0,-30.654146,-948.182312,18.638531
1658.0,10.2434,7.8562,0.010683,0.010683,1.0,1.0,-30.688715,-948.143677,19.101107
1660.0,10.2376,9.382,0.008818,0.008818,1.0,1.0,-30.724432,-948.103882,19.61577
1662.0,10.2579,10.1755,0.005314,0.005314,1.0,1.0,-30.761427,-948.064148,19.762058
1664.0,10.2462,9.8703,0.002842,0.002842,1.0,1.0,-30.798775,-948.02533,19.519199
1666.0,10.2656,9.6872,0.005463,0.005463,1.0,1.0,-30.835497,-947.987366,19.155041
1668.0,10.285,9.6872,0.009797,0.009797,1.0,1.0,-30.87129,-947.94873,19.067812
1670.0,10.2672,9.1989,0.009355,0.009355,1.0,1.0,-30.906851,-947.910034,19.265882
1672.0,10.2845,8.6496,0.006351,0.006351,1.0,1.0,-30.942894,-947.870789,19.502522
1674.0,10.2717,7.3679,0.000774,0.000774,1.0,1.0,-30.979517,-947.831787,19.483541
1676.0,10.2832,5.7199,-0.001984,-0.001984,1.0,1.0,-31.016079,-947.793945,19.073639
1678.0,10.2946,5.7199,0.002337,0.002337,1.0,1.0,-31.051596,-947.756714,18.562218
1680.0,10.279,3.8889,0.003666,0.003666,1.0,1.0,-31.085814,-947.720459,18.302006
1682.0,10.2841,2.5461,0.003709,0.003709,1.0,1.0,-31.119364,-947.68335,18.490593
1684.0,10.2538,1.2644,-0.001443,-0.001443,1.0,1.0,-31.153374,-947.644775,19.048983
1686.0,10.2547,0.4709,-0.008045,-0.008045,1.0,1.0,-31.188774,-947.60498,19.604353
1688.0,10.2556,0.4709,-0.013081,-0.013081,1.0,1.0,-31.225555,-947.564941,19.857157
1690.0,10.2071,-0.2005,-0.017358,-0.017358,1.0,1.0,-31.262957,-947.524902,19.735277
1692.0,10.2072,0.0437,-0.015822,-0.015822,1.0,1.0,-31.300037,-947.485962,19.552315
1694.0,10.1414,0.7761,-0.013911,-0.013911,1.0,1.0,-31.336643,-947.446655,19.634958
1696.0,10.1454,1.9968,-0.012373,-0.012373,1.0,1.0,-31.373442,-947.406372,19.99114
1698.0,10.1494,1.9968,-0.01551,-0.01551,1.0,1.0,-31.411121,-947.36554,20.272432
1700.0,10.0867,3.1565,-0.016937,-0.016937,1.0,1.0,-31.449492,-947.325256,20.139324
1702.0,10.0957,4.4992,-0.013182,-0.013182,1.0,1.0,-31.487513,-947.286194,19.486712
1704.0,10.0422,5.4758,-0.006374,-0.006374,1.0,1.0,-31.523878,-947.249512,18.737368
1706.0,9.9889,5.4758,-0.00034,-0.00034,1.0,1.0,-31.558348,-947.213318,18.329521
1708.0,10.0031,7.1237,0.007858,0.007858,1.0,1.0,-31.591778,-947.176392,18.467737
1710.0,9.9685,8.4665,0.008577,0.008577,1.0,1.0,-31.625542,-947.137939,18.96641
1712.0,10.0241,9.5041,0.006449,0.006449,1.0,1.0,-31.660545,-947.098511,19.456459
1714.0,10.0074,9.7482,0.00132,0.00132,1.0,1.0,-31.696766,-947.058655,19.528439
1716.0,9.9907,9.7482,0.000217,0.000217,1.0,1.0,-31.733152,-947.020386,19.256716
1718.0,10.0102,9.7482,0.003548,0.003548,1.0,1.0,-31.768843,-946.98291,18.923735
1720.0,9.9989,9.1989,0.005773,0.005773,1.0,1.0,-31.803682,-946.945251,18.871048
1722.0,10.0157,8.4055,0.004963,0.004963,1.0,1.0,-31.838375,-946.90686,19.10005
1724.0,10.0081,7.1848,-0.000255,-0.000255,1.0,1.0,-31.873629,-946.86731,19.324373
1726.0,10.0006,7.1848,-0.002449,-0.002449,1.0,1.0,-31.909431,-946.828796,19.261681
1728.0,10.0124,5.903,-0.00402,-0.00402,1.0,1.0,-31.945063,-946.791443,18.857292
1730.0,9.9942,4.3161,-0.003495,-0.003495,1.0,1.0,-31.979664,-946.755188,18.36725
1732.0,10.0003,3.0344,-0.001203,-0.001203,1.0,1.0,-32.01302,-946.719238,18.12882
1734.0,9.9688,1.7526,-0.001867,-0.001867,1.0,1.0,-32.045765,-946.682434,18.339659
1736.0,9.9373,1.7526,-0.004353,-0.004353,1.0,1.0,-32.079025,-946.643494,18.904701
1738.0,9.9395,1.0813,-0.010764,-0.010764,1.0,1.0,-32.113693,-946.604004,19.45846
1740.0,9.9019,0.0437,-0.018291,-0.018291,1.0,1.0,-32.149738,-946.56427,19.697525
1742.0,9.9017,-0.1394,-0.020767,-0.020767,1.0,1.0,-32.186371,-946.525146,19.587612
1744.0,9.8509,0.2268,-0.019944,-0.019944,1.0,1.0,-32.22271,-946.486572,19.401249
1746.0,9.8002,0.2268,-0.019099,-0.019099,1.0,1.0,-32.258568,-946.447571,19.487692
1748.0,9.8025,1.1423,-0.018169,-0.018169,1.0,1.0,-32.294628,-946.40686,19.856644
1750.0,9.7706,2.5461,-0.019436,-0.019436,1.0,1.0,-32.3316,-946.366272,20.139229
1752.0,9.781,3.9499,-0.019243,-0.019243,1.0,1.0,-32.369267,-946.326233,20.02812
1754.0,9.7744,5.4148,-0.015715,-0.015715,1.0,1.0,-32.406639,-946.287964,19.410124
1756.0,9.7677,5.4148,-0.010251,-0.010251,1.0,1.0,-32.442444,-946.251404,18.65554
1758.0,9.7711,7.0627,-0.000235,-0.000235,1.0,1.0,-32.476341,-946.215454,18.232565
1760.0,9.7831,8.2834,0.007184,0.007184,1.0,1.0,-32.509163,-946.178101,18.359156
1762.0,9.7904,9.5041,0.008571,0.008571,1.0,1.0,-32.542286,-946.139954,18.843376
1764.0,9.8297,10.4196,0.006025,0.006025,1.0,1.0,-32.576614,-946.100708,19.329779
1766.0,9.8689,10.4196,0.001484,0.001484,1.0,1.0,-32.612152,-946.061707,19.436523
1768.0,9.8807,10.5417,0.000812,0.000812,1.0,1.0,-32.647942,-946.02356,19.185009
1770.0,9.9319,10.1145,0.003612,0.003612,1.0,1.0,-32.683086,-945.986206,18.835594
1772.0,9.9384,9.6872,0.006621,0.006621,1.0,1.0,-32.717339,-945.948181,18.763947
1774.0,9.9449,9.6872,0.007526,0.007526,1.0,1.0,-32.751396,-945.910095,18.972948
1776.0,9.9632,9.1379,0.004421,0.004421,1.0,1.0,-32.785965,-945.871399,19.204649
1778.0,9.9643,7.7951,-0.000822,-0.000822,1.0,1.0,-32.821102,-945.833008,19.184046
1780.0,9.9772,6.4524,-0.002875,-0.002875,1.0,1.0,-32.856174,-945.795715,18.815945
1782.0,9.9622,4.5603,-0.003189,-0.003189,1.0,1.0,-32.890308,-945.759033,18.297361
1784.0,9.9472,4.5603,0.001623,0.001623,1.0,1.0,-32.923126,-945.723267,18.026726
1786.0,9.9532,3.0344,0.001403,0.001403,1.0,1.0,-32.95525,-945.686829,18.177744
1788.0,9.9305,1.8747,-0.002731,-0.002731,1.0,1.0,-32.98774,-945.648926,18.711935
1790.0,9.9328,1.1423,-0.008994,-0.008994,1.0,1.0,-33.021561,-945.609863,19.267849
1792.0,9.9178,0.715,-0.015091,-0.015091,1.0,1.0,-33.056763,-945.569702,19.570009
1794.0,9.9028,0.715,-0.018056,-0.018056,1.0,1.0,-33.092709,-945.530701,19.490789
1796.0,9.9104,0.3488,-0.017889,-0.017889,1.0,1.0,-33.128445,-945.492371,19.284382
1798.0,9.9156,0.654,-0.015388,-0.015388,1.0,1.0,-33.163647,-945.453735,19.324846
1800.0,9.8837,1.8137,-0.014157,-0.014157,1.0,1.0,-33.198936,-945.414185,19.639442
1802.0,9.9223,3.0954,-0.014035,-0.014035,1.0,1.0,-33.235001,-945.373901,19.963234
1804.0,9.9609,3.0954,-0.016317,-0.016317,1.0,1.0,-33.271866,-945.333252,19.950705
1806.0,9.9107,4.133,-0.01514,-0.01514,1.0,1.0,-33.308685,-945.294922,19.386332
1808.0,9.9217,5.5368,-0.007306,-0.007306,1.0,1.0,-33.34407,-945.258423,18.640684
1810.0,9.8688,6.7575,0.001106,0.001106,1.0,1.0,-33.377567,-945.222717,18.128008
1812.0,9.8856,8.4055,0.010551,0.010551,1.0,1.0,-33.409763,-945.186523,18.141973
1814.0,9.9024,8.4055,0.010722,0.010722,1.0,1.0,-33.441982,-945.149048,18.557941
1816.0,9.878,9.4431,0.007959,0.007959,1.0,1.0,-33.475235,-945.109741,19.067017
1818.0,9.93,9.6872,0.003942,0.003942,1.0,1.0,-33.50975,-945.070923,19.271797
1820.0,9.9427,9.321,0.001169,0.001169,1.0,1.0,-33.544769,-945.032959,19.07991
1822.0,9.9764,9.0769,0.003379,0.003379,1.0,1.0,-33.579292,-944.995789,18.736246
1824.0,10.01,9.0769,0.007763,0.007763,1.0,1.0,-33.612938,-944.958862,18.56661
1826.0,10.0544,8.5275,0.009281,0.009281,1.0,1.0,-33.646141,-944.921387,18.70302
1828.0,10.0658,7.551,0.005915,0.005915,1.0,1.0,-33.679676,-944.882507,18.979168
1830.0,10.0784,6.3303,0.000528,0.000528,1.0,1.0,-33.71389,-944.84436,19.032509
1832.0,10.0687,4.8654,-0.002886,-0.002886,1.0,1.0,-33.748226,-944.807007,18.772053
1834.0,10.0591,4.8654,-0.000632,-0.000632,1.0,1.0,-33.781891,-944.770996,18.264538
1836.0,10.0661,3.5227,0.002031,0.002031,1.0,1.0,-33.81427,-944.735596,17.893988
1838.0,10.0667,1.9357,0.002664,0.002664,1.0,1.0,-33.845703,-944.69928,17.900093
1840.0,10.0892,0.7761,0.000536,0.000536,1.0,1.0,-33.87714,-944.662354,18.304834
1842.0,10.1117,0.7761,-0.002956,-0.002956,1.0,1.0,-33.90958,-944.623962,18.902534
1844.0,10.1424,-0.2005,-0.009772,-0.009772,1.0,1.0,-33.943512,-944.5849,19.299763
1846.0,10.112,-0.7498,-0.014888,-0.014888,1.0,1.0,-33.978428,-944.546143,19.337395
1848.0,10.1102,-0.9329,-0.015593,-0.015593,1.0,1.0,-34.013424,-944.508057,19.137365
1850.0,10.0595,-0.5057,-0.013828,-0.013828,1.0,1.0,-34.047901,-944.469421,19.063217
1852.0,10.0089,-0.5057,-0.013981,-0.013981,1.0,1.0,-34.08218,-944.430725,19.258783
1854.0,10.0196,0.4099,-0.013906,-0.013906,1.0,1.0,-34.116936,-944.391113,19.627119
1856.0,10.0218,1.8747,-0.014529,-0.014529,1.0,1.0,-34.152603,-944.351318,19.790279
1858.0,9.987,3.0344,-0.014456,-0.014456,1.0,1.0,-34.188667,-944.312622,19.46859
1860.0,10.0275,4.5603,-0.008114,-0.008114,1.0,1.0,-34.223907,-944.275757,18.749338
1862.0,10.068,4.5603,-0.000836,-0.000836,1.0,1.0,-34.257328,-944.239624,18.099993
1864.0,10.0202,6.1472,0.008585,0.008585,1.0,1.0,-34.289104,-944.204346,17.826153
1866.0,10.0357,7.7341,0.015274,0.015274,1.0,1.0,-34.320179,-944.167969,18.086731
1868.0,10.0313,8.7107,0.014454,0.014454,1.0,1.0,-34.351894,-944.130249,18.602808
1870.0,10.0493,9.4431,0.010758,0.010758,1.0,1.0,-34.384895,-944.091919,18.975557
1872.0,10.0672,9.4431,0.007046,0.007046,1.0,1.0,-34.418819,-944.053223,18.971807
1874.0,10.1157,9.4431,0.008018,0.008018,1.0,1.0,-34.452721,-944.016113,18.688633
1876.0,10.107,9.5041,0.011062,0.011062,1.0,1.0,-34.485897,-943.979736,18.365923
1878.0,10.1259,9.4431,0.014805,0.014805,1.0,1.0,-34.51825,-943.943115,18.338369
1880.0,10.145,8.5886,0.013636,0.013636,1.0,1.0,-34.550518,-943.905823,18.558441
1882.0,10.1642,8.5886,0.011608,0.011608,1.0,1.0,-34.583328,-943.868103,18.759827
1884.0,10.1951,7.3679,0.007386,0.007386,1.0,1.0,-34.616631,-943.830078,18.686255
1886.0,10.2074,6.1472,0.005798,0.005798,1.0,1.0,-34.649734,-943.793823,18.306709
1888.0,10.2034,4.6213,0.00657,0.00657,1.0,1.0,-34.681873,-943.758667,17.814123
1890.0,10.21,3.3396,0.009302,0.009302,1.0,1.0,-34.712761,-943.723938,17.54781
1892.0,10.2167,3.3396,0.012329,0.012329,1.0,1.0,-34.742966,-943.688538,17.672653
1894.0,10.2463,2.302,0.009307,0.009307,1.0,1.0,-34.773472,-943.651794,18.161833
1896.0,10.2307,1.3254,0.001584,0.001584,1.0,1.0,-34.805195,-943.61322,18.691013
1898.0,10.2324,0.8371,-0.004443,-0.004443,1.0,1.0,-34.838234,-943.57489,18.994787
1900.0,10.2361,0.4709,-0.007853,-0.007853,1.0,1.0,-34.872025,-943.537048,18.92868
1902.0,10.2398,0.4709,-0.007186,-0.007186,1.0,1.0,-34.905636,-943.499817,18.717146
1904.0,10.2108,0.654,-0.005376,-0.005376,1.0,1.0,-34.938702,-943.462524,18.689747
1906.0,10.241,1.4475,-0.003167,-0.003167,1.0,1.0,-34.971687,-943.4245,18.913849
1908.0,10.2319,2.6071,-0.003259,-0.003259,1.0,1.0,-35.005222,-943.38501,19.257166
1910.0,10.2229,2.6071,-0.006565,-0.006565,1.0,1.0,-35.039604,-943.34613,19.354315
1912.0,10.1979,3.5227,-0.00619,-0.00619,1.0,1.0,-35.074219,-943.308533,18.95042
1914.0,10.2316,4.6823,0.000238,0.000238,1.0,1.0,-35.107803,-943.272705,18.251513
1916.0,10.2244,5.903,0.01033,0.01033,1.0,1.0,-35.139618,-943.238098,17.634186
1918.0,10.2109,7.0627,0.019282,0.019282,1.0,1.0,-35.169868,-943.203613,17.401958
1920.0,10.1973,7.0627,0.021549,0.021549,1.0,1.0,-35.199524,-943.167603,17.637077
1922.0,10.2393,8.1613,0.022159,0.022159,1.0,1.0,-35.229759,-943.130859,18.121641
1924.0,10.2569,8.4665,0.017879,0.017879,1.0,1.0,-35.2612,-943.093506,18.473442
1926.0,10.267,7.9782,0.013195,0.013195,1.0,1.0,-35.29351,-943.056519,18.466959
1928.0,10.2821,7.551,0.012636,0.012636,1.0,1.0,-35.325794,-943.020386,18.193369
1930.0,10.2972,7.551,0.015904,0.015904,1.0,1.0,-35.357376,-942.984924,17.857016
1932.0,10.3277,6.8186,0.018575,0.018575,1.0,1.0,-35.3881,-942.948914,17.790499
1934.0,10.3322,5.842,0.017285,0.017285,1.0,1.0,-35.418644,-942.912842,17.960552
1936.0,10.3718,4.9265,0.014227,0.014227,1.0,1.0,-35.449604,-942.876282,18.165804
1938.0,10.3784,3.2785,0.008575,0.008575,1.0,1.0,-35.481068,-942.839844,18.178417
1940.0,10.385,3.2785,0.008564,0.008564,1.0,1.0,-35.51255,-942.804382,17.871588
1942.0,10.3926,1.4475,0.008112,0.008112,1.0,1.0,-35.543251,-942.77002,17.386744
1944.0,10.4023,-0.1394,0.010162,0.010162,1.0,1.0,-35.57272,-942.73584,17.036785
1946.0,10.3999,-1.177,0.011694,0.011694,1.0,1.0,-35.601295,-942.701782,17.033085
1948.0,10.4237,-2.3977,0.009567,0.009567,1.0,1.0,-35.629852,-942.666748,17.379179
1950.0,10.4475,-2.3977,0.006258,0.006258,1.0,1.0,-35.659267,-942.630493,17.891582
1952.0,10.4335,-3.2522,-0.001233,-0.001233,1.0,1.0,-35.689957,-942.593445,18.302475
1954.0,10.4225,-3.8016,-0.006269,-0.006269,1.0,1.0,-35.721668,-942.556519,18.390467
1956.0,10.4307,-3.8626,-0.007061,-0.007061,1.0,1.0,-35.753586,-942.519592,18.22537
1958.0,10.437,-3.4964,-0.004747,-0.004747,1.0,1.0,-35.785076,-942.483643,18.070885
1960.0,10.4434,-3.4964,-0.003202,-0.003202,1.0,1.0,-35.816166,-942.447266,18.15073
1962.0,10.4127,-2.5809,-0.002759,-0.002759,1.0,1.0,-35.847446,-942.410156,18.443369
1964.0,10.3813,-1.4822,-0.00397,-0.00397,1.0,1.0,-35.879448,-942.372437,18.70223
1966.0,10.386,-0.5057,-0.004493,-0.004493,1.0,1.0,-35.912086,-942.335083,18.650972
1968.0,10.3907,-0.5057,-0.003942,-0.003942,1.0,1.0,-35.944584,-942.298645,18.146452
1970.0,10.4045,0.8371,0.004037,0.004037,1.0,1.0,-35.9758,-942.264343,17.480438
1972.0,10.3983,1.8747,0.013397,0.013397,1.0,1.0,-36.005329,-942.230957,16.955215
1974.0,10.3749,3.0344,0.021158,0.021158,1.0,1.0,-36.033527,-942.19751,16.847225
1976.0,10.3806,4.194,0.024936,0.024936,1.0,1.0,-36.061443,-942.162964,17.13114
1978.0,10.3863,4.194,0.021956,0.021956,1.0,1.0,-36.090061,-942.127319,17.598663
1980.0,10.4186,4.8044,0.018801,0.018801,1.0,1.0,-36.119843,-942.090698,17.881962
1982.0,10.4535,4.6213,0.015993,0.015993,1.0,1.0,-36.150326,-942.054993,17.838545
1984.0,10.4594,3.8889,0.015004,0.015004,1.0,1.0,-36.180687,-942.020081,17.571602
1986.0,10.4698,3.6447,0.017584,0.017584,1.0,1.0,-36.210365,-941.985901,17.244795
1988.0,10.4803,3.6447,0.021341,0.021341,1.0,1.0,-36.239212,-941.95166,17.171692
1990.0,10.5009,2.6682,0.020434,0.020434,1.0,1.0,-36.26786,-941.916931,17.320869
1992.0,10.5041,1.5695,0.016508,0.016508,1.0,1.0,-36.296875,-941.881042,17.538454
1994.0,10.5429,0.1657,0.011867,0.011867,1.0,1.0,-36.326424,-941.845886,17.553663
1996.0,10.5613,-1.4212,0.008643,0.008643,1.0,1.0,-36.355999,-941.811462,17.30624
1998.0,10.5797,-1.4212,0.011689,0.011689,1.0,1.0,-36.384941,-941.778198,16.864119
2000.0,10.5836,-2.9471,0.013294,0.013294,1.0,1.0,-36.412762,-941.745605,16.482746
2002.0,10.5748,-3.9236,0.015174,0.015174,1.0,1.0,-36.439613,-941.713074,16.359234
2004.0,10.5796,-4.8392,0.014643,0.014643,1.0,1.0,-36.466141,-941.679077,16.609072
2006.0,10.5906,-5.6936,0.010297,0.010297,1.0,1.0,-36.493286,-941.644531,17.066132
2008.0,10.6015,-5.6936,0.005532,0.005532,1.0,1.0,-36.521568,-941.609131,17.490404
2010.0,10.6091,-6.365,-0.000332,-0.000332,1.0,1.0,-36.550907,-941.573425,17.70944
2012.0,10.6127,-6.9754,-0.003475,-0.003475,1.0,1.0,-36.580784,-941.538208,17.62389
2014.0,10.6009,-6.8533,-0.002638,-0.002638,1.0,1.0,-36.610432,-941.50354,17.433681
2016.0,10.5834,-6.4261,-0.000338,-0.000338,1.0,1.0,-36.639591,-941.468262,17.373493
2018.0,10.566,-6.4261,-6e-05,-6e-05,1.0,1.0,-36.668587,-941.433105,17.547308
2020.0,10.5342,-5.3274,-0.000181,-0.000181,1.0,1.0,-36.698009,-941.397095,17.837101
2022.0,10.5009,-4.1067,-0.00119,-0.00119,1.0,1.0,-36.728149,-941.360901,18.008545
2024.0,10.4844,-3.0691,-0.001145,-0.001145,1.0,1.0,-36.758705,-941.325317,17.819763
2026.0,10.4668,-1.7264,0.003277,0.003277,1.0,1.0,-36.788776,-941.29126,17.293791
2028.0,10.4492,-1.7264,0.008663,0.008663,1.0,1.0,-36.817513,-941.258057,16.633564
2030.0,10.4423,-0.0784,0.019258,0.019258,1.0,1.0,-36.844578,-941.226074,16.220139
2032.0,10.4528,1.1423,0.026584,0.026584,1.0,1.0,-36.870594,-941.193848,16.175074
2034.0,10.4669,1.9357,0.029052,0.029052,1.0,1.0,-36.896488,-941.160645,16.474079
2036.0,10.481,1.9357,0.026068,0.026068,1.0,1.0,-36.923122,-941.126465,16.897875
2038.0,10.4996,2.424,0.022863,0.022863,1.0,1.0,-36.950809,-941.091919,17.141317
2040.0,10.5243,2.0578,0.019899,0.019899,1.0,1.0,-36.979099,-941.057129,17.090858
2042.0,10.5335,1.2033,0.018789,0.018789,1.0,1.0,-37.007252,-941.023682,16.835104
2044.0,10.5439,0.654,0.02059,0.02059,1.0,1.0,-37.034748,-940.990967,16.531603
2046.0,10.5543,0.654,0.024092,0.024092,1.0,1.0,-37.061474,-940.958252,16.411108
2048.0,10.5637,0.3488,0.024928,0.024928,1.0,1.0,-37.087883,-940.925171,16.518148
2050.0,10.5667,-0.2615,0.022508,0.022508,1.0,1.0,-37.114552,-940.891541,16.719261
2052.0,10.5853,-1.5433,0.017921,0.017921,1.0,1.0,-37.141716,-940.857849,16.784414
2054.0,10.6043,-2.7029,0.015084,0.015084,1.0,1.0,-37.169033,-940.824219,16.61989
2056.0,10.6233,-2.7029,0.017238,0.017238,1.0,1.0,-37.195927,-940.792053,16.249014
2058.0,10.625,-4.2898,0.017894,0.017894,1.0,1.0,-37.221878,-940.760803,15.836321
2060.0,10.6315,-5.2664,0.020411,0.020411,1.0,1.0,-37.24678,-940.729858,15.610868
2062.0,10.644,-6.4261,0.020611,0.020611,1.0,1.0,-37.271107,-940.698608,15.642855
2064.0,10.6368,-7.4026,0.018024,0.018024,1.0,1.0,-37.295502,-940.665833,15.967331
2066.0,10.6296,-7.4026,0.014355,0.014355,1.0,1.0,-37.320705,-940.632629,16.384747
2068.0,10.6213,-8.1351,0.008078,0.008078,1.0,1.0,-37.346947,-940.598755,16.733912
2070.0,10.6184,-8.2571,0.00396,0.00396,1.0,1.0,-37.374054,-940.564941,16.834879
2072.0,10.6035,-8.5623,0.00192,0.00192,1.0,1.0,-37.401405,-940.531677,16.698307
2074.0,10.5805,-8.074,0.004014,0.004014,1.0,1.0,-37.428402,-940.49884,16.515879
2076.0,10.5575,-8.074,0.005558,0.005558,1.0,1.0,-37.454929,-940.465942,16.484165
2078.0,10.5403,-7.4637,0.006884,0.006884,1.0,1.0,-37.481365,-940.431946,16.645279
2080.0,10.5287,-6.365,0.007271,0.007271,1.0,1.0,-37.508198,-940.397827,16.916704
2082.0,10.512,-5.5105,0.005835,0.005835,1.0,1.0,-37.535698,-940.363586,17.051626
2084.0,10.4897,-4.534,0.006038,0.006038,1.0,1.0,-37.563526,-940.329834,16.907251
2086.0,10.4674,-4.534,0.007181,0.007181,1.0,1.0,-37.590981,-940.297424,16.421528
2088.0,10.4543,-3.1302,0.015233,0.015233,1.0,1.0,-37.617207,-940.265808,15.838737
2090.0,10.4396,-2.1536,0.023393,0.023393,1.0,1.0,-37.641956,-940.235535,15.384173
2092.0,10.424,-0.8719,0.030797,0.030797,1.0,1.0,-37.665554,-940.205261,15.239775
2094.0,10.4221,0.2878,0.034827,0.034827,1.0,1.0,-37.688782,-940.174316,15.412633
2096.0,10.4203,0.2878,0.03291,0.03291,1.0,1.0,-37.712433,-940.142517,15.739909
2098.0,10.4275,0.654,0.030275,0.030275,1.0,1.0,-37.736897,-940.110046,16.058691
2100.0,10.4402,0.2878,0.026261,0.026261,1.0,1.0,-37.76215,-940.077026,16.151604
2102.0,10.458,-0.1394,0.024673,0.024673,1.0,1.0,-37.787628,-940.045166,16.001585
2104.0,10.4757,-0.1394,0.026647,0.026647,1.0,1.0,-37.812721,-940.014038,15.7162
2106.0,10.4902,-0.6277,0.028979,0.028979,1.0,1.0,-37.837086,-939.983398,15.448787
2108.0,10.4991,-1.4212,0.030355,0.030355,1.0,1.0,-37.860767,-939.952698,15.391462
2110.0,10.5122,-2.0315,0.029918,0.029918,1.0,1.0,-37.884296,-939.921631,15.498342
2112.0,10.5223,-2.7029,0.027505,0.027505,1.0,1.0,-37.908085,-939.890137,15.673457
2114.0,10.5323,-2.7029,0.025792,0.025792,1.0,1.0,-37.932304,-939.858154,15.706715
2116.0,10.5382,-3.8626,0.023048,0.023048,1.0,1.0,-37.956596,-939.827148,15.553784
2118.0,10.5484,-5.0223,0.022415,0.022415,1.0,1.0,-37.980495,-939.796997,15.228673
2120.0,10.5499,-5.8768,0.024145,0.024145,1.0,1.0,-38.003567,-939.7677,14.824269
2122.0,10.5562,-6.6092,0.027091,0.027091,1.0,1.0,-38.025616,-939.738892,14.568049
2124.0,10.5625,-6.6092,0.03,0.03,1.0,1.0,-38.047009,-939.709839,14.524991
2126.0,10.5538,-7.5247,0.028334,0.028334,1.0,1.0,-38.068287,-939.679749,14.730534
2128.0,10.5559,-8.2571,0.024562,0.024562,1.0,1.0,-38.090073,-939.649231,15.095394
2130.0,10.5495,-9.1726,0.018501,0.018501,1.0,1.0,-38.112766,-939.618103,15.417662
2132.0,10.543,-9.6609,0.013819,0.013819,1.0,1.0,-38.136261,-939.58667,15.615887
2134.0,10.5365,-9.6609,0.011537,0.011537,1.0,1.0,-38.160244,-939.555481,15.585438
2136.0,10.5183,-9.9051,0.010994,0.010994,1.0,1.0,-38.184139,-939.52478,15.418512
2138.0,10.4988,-9.5999,0.013092,0.013092,1.0,1.0,-38.207607,-939.493896,15.268959
2140.0,10.4744,-9.2947,0.014908,0.014908,1.0,1.0,-38.23069,-939.46344,15.253843
2142.0,10.4583,-8.5623,0.016339,0.016339,1.0,1.0,-38.253727,-939.432556,15.386407
2144.0,10.4423,-8.5623,0.014588,0.014588,1.0,1.0,-38.277088,-939.401123,15.613192
2146.0,10.4202,-7.6468,0.013664,0.013664,1.0,1.0,-38.301006,-939.369507,15.723953
2148.0,10.402,-7.2806,0.012897,0.012897,1.0,1.0,-38.325195,-939.338257,15.639445
2150.0,10.3877,-6.304,0.015642,0.015642,1.0,1.0,-38.349163,-939.307617,15.253026
2152.0,10.3677,-5.4495,0.021302,0.021302,1.0,1.0,-38.37215,-939.278564,14.743945
2154.0,10.3478,-5.4495,0.02646,0.02646,1.0,1.0,-38.393848,-939.250549,14.27021
2156.0,10.3337,-4.4119,0.033575,0.033575,1.0,1.0,-38.414349,-939.222839,13.995923
2158.0,10.3286,-3.6795,0.038036,0.038036,1.0,1.0,-38.434151,-939.194885,13.992901
2160.0,10.327,-3.3743,0.038696,0.038696,1.0,1.0,-38.453938,-939.166321,14.191411
2162.0,10.3255,-3.3743,0.036506,0.036506,1.0,1.0,-38.474216,-939.136597,14.468219
2164.0,10.327,-3.6184,0.032997,0.032997,1.0,1.0,-38.495182,-939.106934,14.707974
2166.0,10.3312,-3.8016,0.030075,0.030075,1.0,1.0,-38.516739,-939.077393,14.742269
2168.0,10.332,-4.2288,0.0288,0.0288,1.0,1.0,-38.538376,-939.048279,14.597318
2170.0,10.331,-4.595,0.029569,0.029569,1.0,1.0,-38.559639,-939.019836,14.347092
2172.0,10.3299,-4.595,0.032271,0.032271,1.0,1.0,-38.580265,-938.991882,14.09449
2174.0,10.3323,-5.0833,0.034017,0.034017,1.0,1.0,-38.600246,-938.963623,13.998037
2176.0,10.3328,-5.3274,0.034551,0.034551,1.0,1.0,-38.61998,-938.935547,14.034397
2178.0,10.3387,-6.365,0.032037,0.032037,1.0,1.0,-38.639797,-938.907104,14.157705
2180.0,10.3396,-7.0975,0.029138,0.029138,1.0,1.0,-38.659916,-938.87854,14.239336
2182.0,10.3405,-7.0975,0.028267,0.028267,1.0,1.0,-38.680233,-938.850098,14.211779
2184.0,10.3415,-8.013,0.026618,0.026618,1.0,1.0,-38.70047,-938.821777,14.01451
2186.0,10.3366,-8.9285,0.026701,0.026701,1.0,1.0,-38.720203,-938.794678,13.702706
2188.0,10.3307,-9.6609,0.028406,0.028406,1.0,1.0,-38.739147,-938.76825,13.373013
2190.0,10.3192,-10.6375,0.029674,0.029674,1.0,1.0,-38.757256,-938.742188,13.154502
2192.0,10.3078,-10.6375,0.031832,0.031832,1.0,1.0,-38.774807,-938.715637,13.073758
2194.0,10.2976,-11.1258,0.031466,0.031466,1.0,1.0,-38.792149,-938.689575,13.198337
2196.0,10.2859,-11.6141,0.028835,0.028835,1.0,1.0,-38.809795,-938.661987,13.45475
2198.0,10.275,-12.5296,0.023867,0.023867,1.0,1.0,-38.828079,-938.634216,13.736808
2200.0,10.257,-12.8348,0.019795,0.019795,1.0,1.0,-38.847065,-938.606018,13.963766
2202.0,10.239,-12.8348,0.01698,0.01698,1.0,1.0,-38.866611,-938.577759,14.054661
2204.0,10.2218,-13.1399,0.015005,0.015005,1.0,1.0,-38.886379,-938.544495,13.904342
2206.0,10.1932,-13.0179,0.016355,0.016355,1.0,1.0,-38.905762,-938.521606,13.802266
2208.0,10.1699,-12.9568,0.017149,0.017149,1.0,1.0,-38.924881,-938.4953,13.682837
2210.0,10.1392,-12.4685,0.01891,0.01891,1.0,1.0,-38.943691,-938.467529,13.670961
2212.0,10.1086,-12.4685,0.018452,0.018452,1.0,1.0,-38.962463,-938.440063,13.753905
2214.0,10.0885,-11.7972,0.018606,0.018606,1.0,1.0,-38.981438,-938.406921,13.937719
2216.0,10.0572,-11.2478,0.017186,0.017186,1.0,1.0,-39.000866,-938.383423,14.058794
2218.0,10.0374,-10.6375,0.016801,0.016801,1.0,1.0,-39.020592,-938.355835,14.043264
2220.0,10.0074,-9.722,0.018364,0.018364,1.0,1.0,-39.040272,-938.327881,13.831069
2222.0,9.9775,-9.722,0.020099,0.020099,1.0,1.0,-39.05941,-938.301331,13.442363
2224.0,9.9553,-8.9285,0.025608,0.025608,1.0,1.0,-39.077564,-938.271423,12.969799
2226.0,9.936,-7.8299,0.032743,0.032743,1.0,1.0,-39.094524,-938.250732,12.635873
2228.0,9.9185,-7.2195,0.037353,0.037353,1.0,1.0,-39.110638,-938.226196,12.408891
2230.0,9.9009,-7.2195,0.039487,0.039487,1.0,1.0,-39.126175,-938.201416,12.390144
2232.0,9.8919,-6.4261,0.041223,0.041223,1.0,1.0,-39.141659,-938.176208,12.529121
2234.0,9.89,-6.7312,0.039017,0.039017,1.0,1.0,-39.157486,-938.146301,12.751327
2236.0,9.8824,-6.9754,0.035928,0.035928,1.0,1.0,-39.173862,-938.124023,12.958114
2238.0,9.8805,-7.2195,0.033117,0.033117,1.0,1.0,-39.190754,-938.0979,13.028263
2240.0,9.8786,-7.2195,0.032318,0.032318,1.0,1.0,-39.207813,-938.07196,12.982434
2242.0,9.8696,-7.5857,0.031856,0.031856,1.0,1.0,-39.224751,-938.046448,12.825306
2244.0,9.8608,-7.6468,0.033265,0.033265,1.0,1.0,-39.241287,-938.0177,12.57519
2246.0,9.854,-8.074,0.034938,0.034938,1.0,1.0,-39.257191,-937.99646,12.397214
2248.0,9.8456,-8.3182,0.03619,0.03619,1.0,1.0,-39.27264,-937.972046,12.273141
2250.0,9.8373,-8.3182,0.03738,0.03738,1.0,1.0,-39.287769,-937.947571,12.260576
2252.0,9.8343,-8.6233,0.036804,0.036804,1.0,1.0,-39.302864,-937.922852,12.328679
2254.0,9.8287,-9.4778,0.034117,0.034117,1.0,1.0,-39.318123,-937.894592,12.427573
2256.0,9.8253,-10.3934,0.031006,0.031006,1.0,1.0,-39.333622,-937.872559,12.43984
2258.0,9.8142,-11.1868,0.028954,0.028954,1.0,1.0,-39.349148,-937.8479,12.366822
2260.0,9.8031,-11.1868,0.029537,0.029537,1.0,1.0,-39.364483,-937.823669,12.18465
2262.0,9.7902,-11.8582,0.029828,0.029828,1.0,1.0,-39.379356,-937.799988,11.950175
2264.0,9.7718,-12.2854,0.031107,0.031107,1.0,1.0,-39.393635,-937.773865,11.636491
2266.0,9.7568,-12.8348,0.033052,0.033052,1.0,1.0,-39.407116,-937.754211,11.461985
2268.0,9.7439,-13.0179,0.03431,0.03431,1.0,1.0,-39.420155,-937.731262,11.35011
2270.0,9.7311,-13.0179,0.03528,0.03528,1.0,1.0,-39.432907,-937.708618,11.343698
2272.0,9.7141,-13.5061,0.033974,0.033974,1.0,1.0,-39.445641,-937.685608,11.452118
2274.0,9.6993,-14.3606,0.030673,0.030673,1.0,1.0,-39.458641,-937.660156,11.660904
2276.0,9.6771,-14.8489,0.026925,0.026925,1.0,1.0,-39.47216,-937.638184,11.850592
2278.0,9.6513,-15.2151,0.023578,0.023578,1.0,1.0,-39.486149,-937.613647,12.004054
2280.0,9.6256,-15.2151,0.021414,0.021414,1.0,1.0,-39.500519,-937.589355,12.080899
2282.0,9.5982,-15.3372,0.019789,0.019789,1.0,1.0,-39.515076,-937.565308,12.048827
2284.0,9.5698,-15.0931,0.020119,0.020119,1.0,1.0,-39.529545,-937.539612,11.914165
2286.0,9.5378,-14.7268,0.021757,0.021757,1.0,1.0,-39.543671,-937.518127,11.784042
2288.0,9.5067,-14.3606,0.023364,0.023364,1.0,1.0,-39.557465,-937.494873,11.676702
2290.0,9.4757,-14.3606,0.023938,0.023938,1.0,1.0,-39.570984,-937.471558,11.66654
2292.0,9.4467,-13.7503,0.024803,0.024803,1.0,1.0,-39.584473,-937.447754,11.691745
2294.0,9.4203,-13.323,0.024941,0.024941,1.0,1.0,-39.598019,-937.422485,11.802248
2296.0,9.3948,-13.0789,0.023774,0.023774,1.0,1.0,-39.611835,-937.400146,11.918741
2298.0,9.3694,-13.0789,0.022019,0.022019,1.0,1.0,-39.625938,-937.376221,11.934398
2300.0,9.3422,-12.5906,0.022377,0.022377,1.0,1.0,-39.640076,-937.352417,11.907621
2302.0,9.3149,-11.9192,0.023588,0.023588,1.0,1.0,-39.65414,-937.329163,11.699656
2304.0,9.2892,-11.1868,0.026933,0.026933,1.0,1.0,-39.667679,-937.305176,11.37964
2306.0,9.2641,-10.5154,0.031376,0.031376,1.0,1.0,-39.680408,-937.284363,11.086993
2308.0,9.239,-10.5154,0.034079,0.034079,1.0,1.0,-39.692398,-937.263184,10.772446
2310.0,9.2204,-9.5999,0.039114,0.039114,1.0,1.0,-39.70359,-937.24231,10.546427
2312.0,9.2056,-8.9895,0.042603,0.042603,1.0,1.0,-39.714211,-937.22168,10.405909
2314.0,9.1968,-8.6844,0.044617,0.044617,1.0,1.0,-39.724472,-937.199829,10.397405
2316.0,9.1915,-8.8064,0.044347,0.044347,1.0,1.0,-39.734711,-937.179871,10.480371
2318.0,9.1863,-8.8064,0.043344,0.043344,1.0,1.0,-39.745152,-937.158203,10.594439
2320.0,9.1806,-9.1726,0.041205,0.041205,1.0,1.0,-39.755875,-937.136658,10.731316
2322.0,9.1726,-9.5999,0.038644,0.038644,1.0,1.0,-39.766937,-937.114929,10.801579
2324.0,9.1638,-10.0882,0.03666,0.03666,1.0,1.0,-39.778172,-937.092529,10.809936
2326.0,9.1503,-10.4544,0.035522,0.035522,1.0,1.0,-39.789425,-937.071838,10.737362
2328.0,9.1367,-10.4544,0.036052,0.036052,1.0,1.0,-39.800491,-937.050781,10.596678
2330.0,9.1233,-10.6985,0.0368,0.0368,1.0,1.0,-39.811199,-937.029785,10.412754
2332.0,9.1111,-10.8206,0.038305,0.038305,1.0,1.0,-39.821442,-937.00946,10.23809
2334.0,9.1006,-11.1868,0.039217,0.039217,1.0,1.0,-39.831242,-936.989136,10.089066
2336.0,9.0902,-11.553,0.039852,0.039852,1.0,1.0,-39.84066,-936.969482,10.034299
2338.0,9.0799,-11.553,0.04025,0.04025,1.0,1.0,-39.849937,-936.949463,10.012991
2340.0,9.0671,-12.1023,0.039055,0.039055,1.0,1.0,-39.859158,-936.929382,10.033307
2342.0,9.0496,-12.9568,0.03666,0.03666,1.0,1.0,-39.868427,-936.908875,10.066883
2344.0,9.0336,-13.6893,0.034414,0.034414,1.0,1.0,-39.877777,-936.888611,10.099677
2346.0,9.014,-13.8724,0.033287,0.033287,1.0,1.0,-39.887207,-936.86853,10.061195
2348.0,8.9945,-13.8724,0.03333,0.03333,1.0,1.0,-39.896534,-936.848633,9.979748
2350.0,8.9707,-14.4217,0.032579,0.032579,1.0,1.0,-39.905655,-936.829102,9.844408
2352.0,8.946,-14.4827,0.033447,0.033447,1.0,1.0,-39.914433,-936.809875,9.674786
2354.0,8.9264,-14.4827,0.034916,0.034916,1.0,1.0,-39.922779,-936.790833,9.46842
2356.0,8.9068,-14.4827,0.036786,0.036786,1.0,1.0,-39.930603,-936.772522,9.250933
2358.0,8.8853,-14.971,0.037691,0.037691,1.0,1.0,-39.937878,-936.754395,9.134207
2360.0,8.8636,-15.4593,0.037494,0.037494,1.0,1.0,-39.944855,-936.73645,9.041233
2362.0,8.842,-15.8255,0.037304,0.037304,1.0,1.0,-39.951595,-936.718506,8.980204
2364.0,8.8223,-16.2527,0.036671,0.036671,1.0,1.0,-39.958183,-936.700439,9.027591
2366.0,8.8026,-16.2527,0.035777,0.035777,1.0,1.0,-39.964886,-936.68219,9.105459
2368.0,8.7784,-16.5579,0.03381,0.03381,1.0,1.0,-39.971783,-936.663391,9.195152
2370.0,8.7473,-17.1683,0.030923,0.030923,1.0,1.0,-39.978901,-936.644592,9.317727
2372.0,8.7144,-17.4124,0.028434,0.028434,1.0,1.0,-39.986324,-936.625732,9.412757
2374.0,8.6872,-17.5345,0.026614,0.026614,1.0,1.0,-39.993984,-936.606812,9.429151
2376.0,8.66,-17.5345,0.025914,0.025914,1.0,1.0,-40.001682,-936.587891,9.449018
2378.0,8.6251,-17.3514,0.025421,0.025421,1.0,1.0,-40.009426,-936.569153,9.390628
2380.0,8.5896,-17.1072,0.0259,0.0259,1.0,1.0,-40.017021,-936.550415,9.275781
2382.0,8.5597,-16.802,0.027232,0.027232,1.0,1.0,-40.024323,-936.532104,9.17798
2384.0,8.5283,-16.6189,0.028087,0.028087,1.0,1.0,-40.031376,-936.514038,9.087868
2386.0,8.4969,-16.6189,0.028465,0.028465,1.0,1.0,-40.0382,-936.496155,8.995235
2388.0,8.4686,-16.3138,0.029586,0.029586,1.0,1.0,-40.044788,-936.478271,8.964872
2390.0,8.4369,-16.0696,0.029833,0.029833,1.0,1.0,-40.0513,-936.460388,8.952176
2392.0,8.4055,-15.8865,0.029763,0.029763,1.0,1.0,-40.057777,-936.442078,8.982549
2394.0,8.3766,-15.7034,0.029271,0.029271,1.0,1.0,-40.064327,-936.424011,9.023842
2396.0,8.3478,-15.7034,0.028269,0.028269,1.0,1.0,-40.07098,-936.405762,9.07436
2398.0,8.3114,-15.3372,0.027809,0.027809,1.0,1.0,-40.077755,-936.387634,9.076925
2400.0,8.2833,-14.7268,0.028553,0.028553,1.0,1.0,-40.084534,-936.369568,9.043027
2402.0,8.2516,-14.1775,0.029495,0.029495,1.0,1.0,-40.091225,-936.351685,8.984329
2404.0,8.2251,-13.9944,0.030019,0.030019,1.0,1.0,-40.097767,-936.334229,8.803271
2406.0,8.1987,-13.9944,0.031482,0.031482,1.0,1.0,-40.103851,-936.316833,8.628064
2408.0,8.1714,-13.6893,0.033522,0.033522,1.0,1.0,-40.109493,-936.300232,8.411872
2410.0,8.1463,-13.3841,0.036049,0.036049,1.0,1.0,-40.11459,-936.284058,8.20293
2412.0,8.1255,-13.1399,0.038447,0.038447,1.0,1.0,-40.11916,-936.26825,8.005735
2414.0,8.1034,-13.1399,0.040169,0.040169,1.0,1.0,-40.12323,-936.252808,7.813104
2416.0,8.0813,-13.1399,0.041842,0.041842,1.0,1.0,-40.126816,-936.237427,7.717159
2418.0,8.0597,-12.9568,0.042866,0.042866,1.0,1.0,-40.130157,-936.222046,7.623199
2420.0,8.039,-13.0179,0.043359,0.043359,1.0,1.0,-40.133263,-936.206848,7.604519
2422.0,8.0214,-13.5061,0.042173,0.042173,1.0,1.0,-40.136322,-936.19165,7.620015
2424.0,8.0038,-13.5061,0.041667,0.041667,1.0,1.0,-40.139416,-936.176392,7.625198
2426.0,7.9855,-13.7503,0.040734,0.040734,1.0,1.0,-40.142525,-936.161011,7.676255
2428.0,7.9632,-14.2386,0.038701,0.038701,1.0,1.0,-40.14576,-936.145569,7.701969
2430.0,7.9448,-14.4217,0.037675,0.037675,1.0,1.0,-40.149055,-936.1297,7.776719
2432.0,7.9247,-15.032,0.035163,0.035163,1.0,1.0,-40.152538,-936.114258,7.729355
2434.0,7.9046,-15.032,0.035293,0.035293,1.0,1.0,-40.155903,-936.098877,7.704378
2436.0,7.8824,-15.5203,0.034089,0.034089,1.0,1.0,-40.159203,-936.083679,7.638638
2438.0,7.8571,-16.0086,0.033269,0.033269,1.0,1.0,-40.162334,-936.068604,7.551897
2440.0,7.8305,-16.1307,0.033439,0.033439,1.0,1.0,-40.165249,-936.053833,7.447617
2442.0,7.8041,-16.1307,0.034068,0.034068,1.0,1.0,-40.1679,-936.039307,7.329996
2444.0,7.7778,-16.1307,0.034842,0.034842,1.0,1.0,-40.170254,-936.024719,7.223532
2446.0,7.7519,-16.4969,0.034716,0.034716,1.0,1.0,-40.17234,-936.01062,7.097413
2448.0,7.7249,-16.5579,0.035439,0.035439,1.0,1.0,-40.174107,-935.996765,7.00515
2450.0,7.696,-17.0462,0.034839,0.034839,1.0,1.0,-40.175644,-935.982971,6.927838
2452.0,7.6699,-17.2293,0.034786,0.034786,1.0,1.0,-40.176983,-935.969238,6.89998
2454.0,7.6438,-17.2293,0.034588,0.034588,1.0,1.0,-40.178253,-935.955505,6.870985
2456.0,7.6177,-17.5345,0.033746,0.033746,1.0,1.0,-40.179451,-935.94165,6.842291
2458.0,7.5899,-17.9007,0.032737,0.032737,1.0,1.0,-40.180576,-935.927979,6.837344
2460.0,7.5588,-18.1448,0.031669,0.031669,1.0,1.0,-40.181686,-935.914307,6.833834
2462.0,7.528,-18.2669,0.030853,0.030853,1.0,1.0,-40.182789,-935.900635,6.835091
2464.0,7.4973,-18.2669,0.03025,0.03025,1.0,1.0,-40.183895,-935.887024,6.811851
2466.0,7.4656,-18.45,0.029502,0.029502,1.0,1.0,-40.18494,-935.873535,6.76266
2468.0,7.4332,-18.6331,0.029022,0.029022,1.0,1.0,-40.185863,-935.859985,6.710835
2470.0,7.4007,-18.8162,0.028567,0.028567,1.0,1.0,-40.186653,-935.846802,6.625085
2472.0,7.368,-18.9993,0.028479,0.028479,1.0,1.0,-40.187229,-935.833801,6.539569
2474.0,7.3354,-18.9993,0.028784,0.028784,1.0,1.0,-40.187592,-935.821045,6.432096
2476.0,7.3007,-18.8772,0.02955,0.02955,1.0,1.0,-40.187683,-935.808472,6.334414
2478.0,7.2665,-18.9993,0.029693,0.029693,1.0,1.0,-40.187527,-935.796143,6.207021
2480.0,7.2351,-18.7552,0.031003,0.031003,1.0,1.0,-40.187054,-935.783813,6.112927
2482.0,7.2033,-19.1824,0.030498,0.030498,1.0,1.0,-40.186344,-935.771973,5.981826
2484.0,7.1716,-19.1824,0.031316,0.031316,1.0,1.0,-40.185303,-935.760193,5.932626
2486.0,7.1382,-19.6097,0.030291,0.030291,1.0,1.0,-40.184139,-935.748596,5.846013
2488.0,7.1016,-19.7317,0.030269,0.030269,1.0,1.0,-40.182758,-935.736938,5.821491
2490.0,7.0659,-19.6707,0.029983,0.029983,1.0,1.0,-40.181316,-935.725464,5.768143
2492.0,7.0303,-19.6707,0.02988,0.02988,1.0,1.0,-40.179741,-935.713989,5.75443
2494.0,6.9969,-19.6707,0.029388,0.029388,1.0,1.0,-40.178131,-935.702271,5.758457
2496.0,6.9639,-19.7317,0.028579,0.028579,1.0,1.0,-40.176533,-935.690796,5.750859
2498.0,6.9298,-20.0979,0.027219,0.027219,1.0,1.0,-40.174915,-935.679199,5.790533
2500.0,6.8939,-20.22,0.025837,0.025837,1.0,1.0,-40.173401,-935.667603,5.793556
2502.0,6.8582,-20.22,0.025118,0.025118,1.0,1.0,-40.171894,-935.655884,5.843798
2504.0,6.8199,-20.281,0.023705,0.023705,1.0,1.0,-40.170513,-935.644165,5.848315
2506.0,6.7814,-20.0979,0.023309,0.023309,1.0,1.0,-40.169144,-935.632263,5.853745
2508.0,6.7432,-20.159,0.022386,0.022386,1.0,1.0,-40.167789,-935.620483,5.8644
2510.0,6.7063,-19.9759,0.021957,0.021957,1.0,1.0,-40.166462,-935.608887,5.826618
2512.0,6.6696,-19.9759,0.021663,0.021663,1.0,1.0,-40.165039,-935.597229,5.827066
2514.0,6.6315,-19.8538,0.021189,0.021189,1.0,1.0,-40.16362,-935.585632,5.794259
2516.0,6.5923,-19.5486,0.021449,0.021449,1.0,1.0,-40.162117,-935.574219,5.739996
2518.0,6.5535,-19.3045,0.021821,0.021821,1.0,1.0,-40.16048,-935.562744,5.681017
2520.0,6.5174,-19.1824,0.022033,0.022033,1.0,1.0,-40.158695,-935.551636,5.608335
2522.0,6.4814,-19.1824,0.022132,0.022132,1.0,1.0,-40.156727,-935.540527,5.551594
2524.0,6.446,-18.7552,0.022989,0.022989,1.0,1.0,-40.154617,-935.529663,5.488847
2526.0,6.4099,-18.7552,0.022978,0.022978,1.0,1.0,-40.152351,-935.51886,5.418194
2528.0,6.3751,-18.8162,0.022948,0.022948,1.0,1.0,-40.14991,-935.508179,5.369875
2530.0,6.3396,-18.6331,0.023187,0.023187,1.0,1.0,-40.147346,-935.497559,5.325376
2532.0,6.3042,-18.6331,0.022992,0.022992,1.0,1.0,-40.144672,-935.486938,5.314656
2534.0,6.2682,-18.389,0.022942,0.022942,1.0,1.0,-40.141972,-935.476318,5.261461
2536.0,6.2337,-18.0838,0.023514,0.023514,1.0,1.0,-40.139141,-935.46582,5.23913
2538.0,6.1999,-17.8396,0.023634,0.023634,1.0,1.0,-40.136253,-935.455444,5.21797
2540.0,6.1664,-17.9617,0.022958,0.022958,1.0,1.0,-40.133316,-935.445007,5.20985
2542.0,6.1329,-17.9617,0.022404,0.022404,1.0,1.0,-40.130356,-935.434631,5.203634
2544.0,6.0977,-17.8396,0.022058,0.022058,1.0,1.0,-40.127384,-935.424255,5.192555
2546.0,6.0626,-17.5345,0.022161,0.022161,1.0,1.0,-40.124386,-935.413696,5.199464
2548.0,6.0289,-17.1683,0.022226,0.022226,1.0,1.0,-40.121407,-935.40332,5.169664
2550.0,5.9967,-16.9241,0.022457,0.022457,1.0,1.0,-40.118351,-935.393066,5.138412
2552.0,5.9645,-16.9241,0.02218,0.02218,1.0,1.0,-40.115219,-935.382874,5.118323
2554.0,5.9344,-16.8631,0.021952,0.021952,1.0,1.0,-40.112038,-935.372803,5.065351
2556.0,5.9053,-16.802,0.0221,0.0221,1.0,1.0,-40.108727,-935.362854,5.015458
2558.0,5.8733,-16.802,0.02203,0.02203,1.0,1.0,-40.105289,-935.352905,4.97462
2560.0,5.8415,-16.802,0.021863,0.021863,1.0,1.0,-40.101753,-935.343079,4.882221
2562.0,5.81,-16.3138,0.023314,0.023314,1.0,1.0,-40.097984,-935.333618,4.794614
2564.0,5.7765,-16.3138,0.023626,0.023626,1.0,1.0,-40.093998,-935.324219,4.729036
2566.0,5.7447,-15.9476,0.024516,0.024516,1.0,1.0,-40.089848,-935.315063,4.624163
2568.0,5.7145,-15.9476,0.025076,0.025076,1.0,1.0,-40.085434,-935.306091,4.526602
2570.0,5.6842,-15.9476,0.025558,0.025558,1.0,1.0,-40.08078,-935.29718,4.476663
2572.0,5.6602,-15.8255,0.025902,0.025902,1.0,1.0,-40.076,-935.288452,4.35189
2574.0,5.6364,-15.7644,0.026934,0.026934,1.0,1.0,-40.070908,-935.279907,4.260465
2576.0,5.6058,-15.8865,0.027079,0.027079,1.0,1.0,-40.06559,-935.271729,4.19902
2578.0,5.5744,-15.7644,0.027408,0.027408,1.0,1.0,-40.06012,-935.26355,4.117534
2580.0,5.5431,-15.7644,0.027694,0.027694,1.0,1.0,-40.054447,-935.255554,4.035833
2582.0,5.5158,-15.6424,0.028322,0.028322,1.0,1.0,-40.048573,-935.247559,4.001225
2584.0,5.4919,-16.0696,0.02732,0.02732,1.0,1.0,-40.04261,-935.239563,3.954448
2586.0,5.4682,-16.1307,0.027243,0.027243,1.0,1.0,-40.036533,-935.231934,3.878486
2588.0,5.4364,-16.3748,0.026936,0.026936,1.0,1.0,-40.03027,-935.224243,3.847545
2590.0,5.4048,-16.3748,0.026664,0.026664,1.0,1.0,-40.02393,-935.216614,3.832465
2592.0,5.3752,-16.3748,0.026262,0.026262,1.0,1.0,-40.017555,-935.209106,3.786077
2594.0,5.3539,-16.802,0.025439,0.025439,1.0,1.0,-40.011066,-935.201599,3.755612
2596.0,5.3275,-17.1683,0.024475,0.024475,1.0,1.0,-40.004505,-935.194092,3.758876
2598.0,5.2914,-17.2903,0.023484,0.023484,1.0,1.0,-39.997952,-935.186523,3.727648
2600.0,5.2553,-17.2903,0.023132,0.023132,1.0,1.0,-39.991325,-935.179199,3.68816
2602.0,5.2275,-17.1072,0.023422,0.023422,1.0,1.0,-39.9846,-935.171875,3.674937
2604.0,5.2019,-17.5955,0.022025,0.022025,1.0,1.0,-39.977844,-935.16449,3.686344
2606.0,5.1661,-17.9007,0.020556,0.020556,1.0,1.0,-39.971119,-935.157227,3.649808
2608.0,5.1336,-17.4734,0.021248,0.021248,1.0,1.0,-39.964306,-935.150024,3.623923
2610.0,5.1011,-17.4734,0.020906,0.020906,1.0,1.0,-39.957432,-935.142639,3.616487
2612.0,5.0754,-17.8396,0.019707,0.019707,1.0,1.0,-39.950542,-935.135437,3.613977
2614.0,5.0413,-17.8396,0.019079,0.019079,1.0,1.0,-39.943649,-935.128235,3.597775
2616.0,5.0094,-17.9007,0.018513,0.018513,1.0,1.0,-39.936718,-935.121277,3.522057
2618.0,4.9777,-17.9007,0.018728,0.018728,1.0,1.0,-39.9296,-935.114258,3.514847
2620.0,4.949,-18.2669,0.017469,0.017469,1.0,1.0,-39.922466,-935.1073,3.49207
2622.0,4.9103,-18.1448,0.017236,0.017236,1.0,1.0,-39.915276,-935.100342,3.438446
2624.0,4.8796,-17.8396,0.017885,0.017885,1.0,1.0,-39.907955,-935.093628,3.395465
2626.0,4.8454,-18.3279,0.016647,0.016647,1.0,1.0,-39.900528,-935.086914,3.362731
2628.0,4.8113,-18.3279,0.016349,0.016349,1.0,1.0,-39.893021,-935.0802,3.346534
2630.0,4.776,-18.0227,0.016505,0.016505,1.0,1.0,-39.885479,-935.07373,3.286161
2632.0,4.7461,-17.9617,0.016719,0.016719,1.0,1.0,-39.877789,-935.067261,3.242415
2634.0,4.7101,-17.9617,0.016504,0.016504,1.0,1.0,-39.869991,-935.060913,3.195493
2636.0,4.6801,-17.5955,0.017225,0.017225,1.0,1.0,-39.862076,-935.054504,3.167906
2638.0,4.6501,-17.5955,0.01695,0.01695,1.0,1.0,-39.854095,-935.04834,3.120039
2640.0,4.6165,-17.9007,0.016169,0.016169,1.0,1.0,-39.845997,-935.042236,3.066906
2642.0,4.5848,-17.6565,0.016665,0.016665,1.0,1.0,-39.837769,-935.036255,3.02672
2644.0,4.5511,-17.9617,0.015798,0.015798,1.0,1.0,-39.829445,-935.030273,2.985462
2646.0,4.5165,-17.4734,0.016634,0.016634,1.0,1.0,-39.821018,-935.024414,2.956064
2648.0,4.482,-17.4734,0.016292,0.016292,1.0,1.0,-39.812523,-935.018555,2.911643
2650.0,4.4502,-17.3514,0.016426,0.016426,1.0,1.0,-39.803921,-935.012878,2.863043
2652.0,4.4173,-17.1072,0.016849,0.016849,1.0,1.0,-39.795197,-935.007202,2.829783
2654.0,4.3867,-17.3514,0.016099,0.016099,1.0,1.0,-39.786392,-935.001648,2.805444
2656.0,4.3539,-16.9241,0.016653,0.016653,1.0,1.0,-39.777531,-934.996216,2.745107
2658.0,4.3212,-16.9241,0.016682,0.016682,1.0,1.0,-39.768524,-934.990784,2.724603
2660.0,4.2906,-17.1683,0.015792,0.015792,1.0,1.0,-39.759468,-934.985291,2.706463
2662.0,4.259,-16.68,0.016434,0.016434,1.0,1.0,-39.75037,-934.979919,2.686267
2664.0,4.2267,-17.1683,0.014983,0.014983,1.0,1.0,-39.741226,-934.974609,2.663548
2666.0,4.1976,-16.5579,0.015984,0.015984,1.0,1.0,-39.732029,-934.96936,2.636601
2668.0,4.1685,-16.5579,0.015719,0.015719,1.0,1.0,-39.722767,-934.964233,2.600297
2670.0,4.1384,-16.8631,0.01488,0.01488,1.0,1.0,-39.713417,-934.959106,2.578346
2672.0,4.1082,-16.68,0.014933,0.014933,1.0,1.0,-39.704014,-934.953918,2.558937
2674.0,4.074,-17.2903,0.013176,0.013176,1.0,1.0,-39.694569,-934.948853,2.528831
2676.0,4.0445,-16.3138,0.015036,0.015036,1.0,1.0,-39.685051,-934.943909,2.508872
2678.0,4.015,-16.3138,0.014687,0.014687,1.0,1.0,-39.675488,-934.938904,2.490743
2680.0,3.9798,-17.0462,0.012634,0.012634,1.0,1.0,-39.665882,-934.93396,2.475876
2682.0,3.9533,-15.8865,0.014781,0.014781,1.0,1.0,-39.656242,-934.929077,2.461475
2684.0,3.9186,-16.68,0.012565,0.012565,1.0,1.0,-39.646568,-934.924133,2.439177
2686.0,3.884,-16.68,0.012143,0.012143,1.0,1.0,-39.636845,-934.919312,2.420862
2688.0,3.8592,-15.3372,0.014754,0.014754,1.0,1.0,-39.627079,-934.914551,2.399845
2690.0,3.8245,-16.3138,0.012218,0.012218,1.0,1.0,-39.617264,-934.90979,2.377502
2692.0,3.7996,-15.2762,0.014213,0.014213,1.0,1.0,-39.607395,-934.90509,2.36441
2694.0,3.7664,-15.9476,0.012274,0.012274,1.0,1.0,-39.5975,-934.900391,2.342977
2696.0,3.7332,-15.9476,0.011871,0.011871,1.0,1.0,-39.587555,-934.895752,2.31603
2698.0,3.7046,-15.4593,0.012666,0.012666,1.0,1.0,-39.577545,-934.891235,2.283267
2700.0,3.6772,-15.3982,0.012627,0.012627,1.0,1.0,-39.567455,-934.886719,2.257435
2702.0,3.6462,-15.5813,0.01192,0.01192,1.0,1.0,-39.557304,-934.882263,2.232431
2704.0,3.6212,-14.7879,0.013417,0.013417,1.0,1.0,-39.547096,-934.87793,2.187973
2706.0,3.5962,-14.7879,0.013421,0.013421,1.0,1.0,-39.536781,-934.873535,2.20928
2708.0,3.5651,-15.3982,0.011281,0.011281,1.0,1.0,-39.526524,-934.869202,2.168017
2710.0,3.537,-14.7879,0.012502,0.012502,1.0,1.0,-39.516167,-934.864929,2.131194
2712.0,3.5104,-14.7268,0.012524,0.012524,1.0,1.0,-39.505722,-934.860718,2.103665
2714.0,3.48,-14.8489,0.011978,0.011978,1.0,1.0,-39.495213,-934.856567,2.080379
2716.0,3.4497,-14.8489,0.011649,0.011649,1.0,1.0,-39.484646,-934.852478,2.061352
2718.0,3.4235,-14.1775,0.012796,0.012796,1.0,1.0,-39.474037,-934.84845,2.038883
2720.0,3.3969,-14.2386,0.012399,0.012399,1.0,1.0,-39.463375,-934.844421,2.015798
2722.0,3.369,-14.0555,0.012509,0.012509,1.0,1.0,-39.45266,-934.840393,1.989194
2724.0,3.3444,-13.8724,0.01272,0.01272,1.0,1.0,-39.441883,-934.836548,1.943976
2726.0,3.3199,-13.8724,0.012741,0.012741,1.0,1.0,-39.430996,-934.832764,1.913593
2728.0,3.2925,-13.9334,0.012415,0.012415,1.0,1.0,-39.420036,-934.828979,1.890111
2730.0,3.2645,-13.5061,0.013053,0.013053,1.0,1.0,-39.409023,-934.825317,1.874325
2732.0,3.2426,-13.201,0.013459,0.013459,1.0,1.0,-39.397976,-934.821594,1.849488
2734.0,3.2176,-13.4451,0.012724,0.012724,1.0,1.0,-39.386871,-934.817871,1.826713
2736.0,3.1926,-13.4451,0.012492,0.012492,1.0,1.0,-39.375713,-934.814331,1.797591
2738.0,3.1652,-13.323,0.012547,0.012547,1.0,1.0,-39.364487,-934.810913,1.753252
2740.0,3.1454,-12.8958,0.013568,0.013568,1.0,1.0,-39.353153,-934.807495,1.717351
2742.0,3.1238,-13.1399,0.013019,0.013019,1.0,1.0,-39.341732,-934.804138,1.687008
2744.0,3.099,-13.323,0.012479,0.012479,1.0,1.0,-39.330238,-934.800842,1.665897
2746.0,3.0742,-13.323,0.012233,0.012233,1.0,1.0,-39.318699,-934.797607,1.628666
2748.0,3.0536,-12.9568,0.01303,0.01303,1.0,1.0,-39.307068,-934.794373,1.600173
2750.0,3.0314,-13.201,0.012389,0.012389,1.0,1.0,-39.295372,-934.79126,1.57732
2752.0,3.0031,-13.3841,0.0117,0.0117,1.0,1.0,-39.283623,-934.788147,1.557837
2754.0,2.9748,-13.3841,0.011369,0.011369,1.0,1.0,-39.271828,-934.785156,1.519533
2756.0,2.9506,-12.8958,0.012372,0.012372,1.0,1.0,-39.259941,-934.782227,1.48937
2758.0,2.9315,-12.7737,0.012596,0.012596,1.0,1.0,-39.247986,-934.779297,1.458037
2760.0,2.9044,-13.201,0.011498,0.011498,1.0,1.0,-39.235954,-934.776367,1.447218
2762.0,2.8777,-12.5906,0.012415,0.012415,1.0,1.0,-39.223904,-934.773499,1.437742
2764.0,2.851,-12.5906,0.012005,0.012005,1.0,1.0,-39.211834,-934.770691,1.420316
2766.0,2.8317,-12.3465,0.01235,0.01235,1.0,1.0,-39.199722,-934.767944,1.395169
2768.0,2.8126,-12.7737,0.011338,0.011338,1.0,1.0,-39.187553,-934.765198,1.368561
2770.0,2.7865,-12.7737,0.011128,0.011128,1.0,1.0,-39.175323,-934.762451,1.354983
2772.0,2.7611,-12.3465,0.011705,0.011705,1.0,1.0,-39.163063,-934.759888,1.322536
2774.0,2.7356,-12.3465,0.011571,0.011571,1.0,1.0,-39.150726,-934.757324,1.297735
2776.0,2.7162,-12.3465,0.011467,0.011467,1.0,1.0,-39.138332,-934.754761,1.27631
2778.0,2.6959,-12.2244,0.011573,0.011573,1.0,1.0,-39.125889,-934.752258,1.256444
2780.0,2.6698,-11.9192,0.011944,0.011944,1.0,1.0,-39.1134,-934.749817,1.240271
2782.0,2.6465,-11.6751,0.012198,0.012198,1.0,1.0,-39.100876,-934.747314,1.228473
2784.0,2.6232,-11.6751,0.01188,0.01188,1.0,1.0,-39.088329,-934.744934,1.20284
2786.0,2.6076,-11.6751,0.011858,0.011858,1.0,1.0,-39.075722,-934.742554,1.185745
2788.0,2.5918,-11.8582,0.011348,0.011348,1.0,1.0,-39.063076,-934.740295,1.164891
2790.0,2.5676,-11.8582,0.011111,0.011111,1.0,1.0,-39.050385,-934.738037,1.142473
2792.0,2.5416,-11.7361,0.011117,0.011117,1.0,1.0,-39.03764,-934.735779,1.127219
2794.0,2.5156,-11.7361,0.010784,0.010784,1.0,1.0,-39.024864,-934.733582,1.098281
2796.0,2.4967,-11.6141,0.010999,0.010999,1.0,1.0,-39.01202,-934.731445,1.06476
2798.0,2.4822,-11.8582,0.01056,0.01056,1.0,1.0,-38.999096,-934.729492,1.026705
2800.0,2.4648,-11.9192,0.010509,0.010509,1.0,1.0,-38.98608,-934.727478,1.004594
2802.0,2.4397,-12.2244,0.009612,0.009612,1.0,1.0,-38.973015,-934.725464,0.993653
2804.0,2.4147,-12.2244,0.009251,0.009251,1.0,1.0,-38.959927,-934.723511,0.985197
2806.0,2.3886,-11.8582,0.009631,0.009631,1.0,1.0,-38.946823,-934.721558,0.971775
2808.0,2.3693,-11.431,0.010325,0.010325,1.0,1.0,-38.933693,-934.719727,0.942686
2810.0,2.3554,-11.553,0.010111,0.010111,1.0,1.0,-38.920494,-934.717896,0.919894
2812.0,2.3414,-11.553,0.010092,0.010092,1.0,1.0,-38.907242,-934.716125,0.893281
2814.0,2.3251,-12.1634,0.008755,0.008755,1.0,1.0,-38.893929,-934.714417,0.872758
2816.0,2.3013,-12.3465,0.008128,0.008128,1.0,1.0,-38.880569,-934.712646,0.869664
2818.0,2.2722,-12.1023,0.008128,0.008128,1.0,1.0,-38.867207,-934.710938,0.86327
2820.0,2.2454,-11.6141,0.008733,0.008733,1.0,1.0,-38.853836,-934.709229,0.848068
2822.0,2.2187,-11.6141,0.008385,0.008385,1.0,1.0,-38.840431,-934.707642,0.830206
2824.0,2.1985,-11.0037,0.009506,0.009506,1.0,1.0,-38.826988,-934.706055,0.804385
2826.0,2.1847,-10.8206,0.009915,0.009915,1.0,1.0,-38.813484,-934.704468,0.779503
2828.0,2.1698,-11.3699,0.008719,0.008719,1.0,1.0,-38.799923,-934.703003,0.758356
2830.0,2.1483,-11.8582,0.007487,0.007487,1.0,1.0,-38.786316,-934.701538,0.740697
2832.0,2.1269,-11.8582,0.007267,0.007267,1.0,1.0,-38.772667,-934.700073,0.730401
2834.0,2.1003,-11.6751,0.007262,0.007262,1.0,1.0,-38.758999,-934.698608,0.727459
2836.0,2.0721,-11.0037,0.008197,0.008197,1.0,1.0,-38.745331,-934.697144,0.728671
2838.0,2.0485,-10.4544,0.008911,0.008911,1.0,1.0,-38.73167,-934.695679,0.722104
2840.0,2.0324,-9.9051,0.009855,0.009855,1.0,1.0,-38.717999,-934.694275,0.710563
2842.0,2.0163,-9.9051,0.009672,0.009672,1.0,1.0,-38.704304,-934.692932,0.689685
2844.0,2.0055,-9.783,0.009954,0.009954,1.0,1.0,-38.690559,-934.69165,0.651385
2846.0,1.9962,-10.2102,0.009275,0.009275,1.0,1.0,-38.676727,-934.69043,0.623748
2848.0,1.9814,-10.8206,0.007978,0.007978,1.0,1.0,-38.66283,-934.68927,0.591884
2850.0,1.9612,-11.0037,0.007543,0.007543,1.0,1.0,-38.648857,-934.68811,0.579413
2852.0,1.941,-11.0037,0.007291,0.007291,1.0,1.0,-38.634861,-934.687012,0.562607
2854.0,1.9156,-11.0037,0.006986,0.006986,1.0,1.0,-38.620827,-934.685913,0.561162
2856.0,1.8894,-10.5765,0.007418,0.007418,1.0,1.0,-38.606792,-934.684753,0.555037
2858.0,1.8672,-10.0271,0.008241,0.008241,1.0,1.0,-38.592751,-934.683716,0.544565
2860.0,1.8512,-9.5389,0.009098,0.009098,1.0,1.0,-38.57869,-934.682617,0.535399
2862.0,1.8353,-9.5389,0.008891,0.008891,1.0,1.0,-38.56461,-934.681641,0.511248
2864.0,1.8232,-9.4168,0.009184,0.009184,1.0,1.0,-38.550476,-934.680725,0.478481
2866.0,1.8148,-9.6609,0.008855,0.008855,1.0,1.0,-38.536263,-934.67981,0.45491
2868.0,1.8046,-10.1492,0.007865,0.007865,1.0,1.0,-38.521996,-934.679016,0.420225
2870.0,1.7907,-10.6985,0.006795,0.006795,1.0,1.0,-38.507648,-934.678284,0.384655
2872.0,1.7768,-10.6985,0.006916,0.006916,1.0,1.0,-38.493217,-934.677612,0.356758
2874.0,1.7587,-11.0037,0.006215,0.006215,1.0,1.0,-38.478722,-934.676941,0.332868
2876.0,1.7369,-11.3089,0.005401,0.005401,1.0,1.0,-38.464172,-934.676392,0.307137
2878.0,1.7136,-11.0647,0.005759,0.005759,1.0,1.0,-38.449566,-934.675781,0.291278
2880.0,1.6904,-11.0647,0.005485,0.005485,1.0,1.0,-38.434925,-934.675171,0.287606
2882.0,1.6668,-11.0037,0.005204,0.005204,1.0,1.0,-38.42028,-934.674683,0.277032
2884.0,1.6442,-10.8206,0.00528,0.00528,1.0,1.0,-38.405613,-934.674133,0.274665
2886.0,1.623,-10.2713,0.006079,0.006079,1.0,1.0,-38.390945,-934.673584,0.279999
2888.0,1.602,-9.9051,0.006405,0.006405,1.0,1.0,-38.376297,-934.672974,0.286606
2890.0,1.5811,-9.9051,0.005932,0.005932,1.0,1.0,-38.361671,-934.672424,0.282667
2892.0,1.5604,-9.2337,0.007021,0.007021,1.0,1.0,-38.347042,-934.671753,0.297404
2894.0,1.5392,-8.8064,0.007373,0.007373,1.0,1.0,-38.332455,-934.671204,0.299171
2896.0,1.5189,-8.1961,0.008276,0.008276,1.0,1.0,-38.317879,-934.670593,0.295612
2898.0,1.4998,-7.7078,0.008998,0.008998,1.0,1.0,-38.303299,-934.669983,0.298347
2900.0,1.4808,-7.7078,0.008603,0.008603,1.0,1.0,-38.288734,-934.669434,0.287271
2902.0,1.4649,-7.1585,0.009601,0.009601,1.0,1.0,-38.274147,-934.668945,0.270331
2904.0,1.4538,-6.6092,0.010752,0.010752,1.0,1.0,-38.259521,-934.668396,0.25597
2906.0,1.4455,-6.4871,0.011012,0.011012,1.0,1.0,-38.244865,-934.667969,0.232161
2908.0,1.4406,-6.6092,0.010915,0.010915,1.0,1.0,-38.230156,-934.667603,0.201848
2910.0,1.4357,-6.6092,0.011151,0.011151,1.0,1.0,-38.215378,-934.667297,0.168371
2912.0,1.4318,-7.1585,0.010259,0.010259,1.0,1.0,-38.20052,-934.667114,0.127721
2914.0,1.4264,-7.7688,0.009285,0.009285,1.0,1.0,-38.185566,-934.666931,0.097729
2916.0,1.4194,-8.4402,0.008033,0.008033,1.0,1.0,-38.170544,-934.666809,0.063967
2918.0,1.4109,-8.9285,0.007187,0.007187,1.0,1.0,-38.155441,-934.66687,0.019097
2920.0,1.4024,-8.9285,0.007513,0.007513,1.0,1.0,-38.140232,-934.66687,-0.006801
2922.0,1.3916,-9.2947,0.0068,0.0068,1.0,1.0,-38.124966,-934.666992,-0.033993
2924.0,1.3762,-9.844,0.00562,0.00562,1.0,1.0,-38.109638,-934.667114,-0.062364
2926.0,1.3592,-10.0271,0.005208,0.005208,1.0,1.0,-38.094242,-934.667358,-0.082626
2928.0,1.3414,-9.9051,0.005349,0.005349,1.0,1.0,-38.078804,-934.667542,-0.096228
2930.0,1.3236,-9.9051,0.005156,0.005156,1.0,1.0,-38.063335,-934.667786,-0.108316
2932.0,1.307,-10.0271,0.004707,0.004707,1.0,1.0,-38.047844,-934.66803,-0.122799
2934.0,1.2891,-10.0271,0.004519,0.004519,1.0,1.0,-38.032322,-934.668335,-0.131769
2936.0,1.27,-10.0271,0.004252,0.004252,1.0,1.0,-38.016785,-934.668579,-0.131026
2938.0,1.2497,-9.6609,0.00464,0.00464,1.0,1.0,-38.001255,-934.668823,-0.138503
2940.0,1.2293,-9.6609,0.00433,0.00433,1.0,1.0,-37.985714,-934.669128,-0.134483
2942.0,1.2078,-9.2947,0.004662,0.004662,1.0,1.0,-37.970188,-934.669373,-0.134152
2944.0,1.1841,-8.9285,0.00499,0.00499,1.0,1.0,-37.95467,-934.669678,-0.129765
2946.0,1.1626,-8.1351,0.006237,0.006237,1.0,1.0,-37.939167,-934.669861,-0.11791
2948.0,1.1412,-8.1351,0.005697,0.005697,1.0,1.0,-37.923702,-934.670105,-0.116547
2950.0,1.1208,-7.2806,0.007128,0.007128,1.0,1.0,-37.908245,-934.670288,-0.103737
2952.0,1.1019,-6.6092,0.008068,0.008068,1.0,1.0,-37.892826,-934.670471,-0.091282
2954.0,1.0854,-5.9378,0.00906,0.00906,1.0,1.0,-37.877445,-934.670654,-0.084732
2956.0,1.0688,-5.5105,0.009589,0.009589,1.0,1.0,-37.862087,-934.670776,-0.07617
2958.0,1.0522,-5.5105,0.009177,0.009177,1.0,1.0,-37.846756,-934.670898,-0.057475
2960.0,1.039,-4.656,0.010558,0.010558,1.0,1.0,-37.831478,-934.670959,-0.052822
2962.0,1.0251,-4.1067,0.011421,0.011421,1.0,1.0,-37.816219,-934.671021,-0.039792
2964.0,1.0131,-3.1912,0.013017,0.013017,1.0,1.0,-37.800999,-934.671143,-0.03334
2966.0,1.0027,-2.3367,0.014585,0.014585,1.0,1.0,-37.785801,-934.671143,-0.020534
2968.0,0.9923,-2.3367,0.014246,0.014246,1.0,1.0,-37.770641,-934.671143,-0.015339
2970.0,0.9837,-1.8484,0.015074,0.015074,1.0,1.0,-37.755501,-934.671143,-0.0112
2972.0,0.978,-1.055,0.016626,0.016626,1.0,1.0,-37.740376,-934.671143,-0.00128
2974.0,0.9745,-0.4446,0.017764,0.017764,1.0,1.0,-37.725281,-934.671204,-0.004132
2976.0,0.9727,0.0437,0.018809,0.018809,1.0,1.0,-37.710186,-934.671143,0.001459
2978.0,0.9707,0.0437,0.018711,0.018711,1.0,1.0,-37.69511,-934.671143,-0.000769
2980.0,0.9713,0.3488,0.019403,0.019403,1.0,1.0,-37.680035,-934.671204,-0.007287
2982.0,0.9736,0.9592,0.02083,0.02083,1.0,1.0,-37.664951,-934.671204,-0.00643
2984.0,0.9764,1.0813,0.021137,0.021137,1.0,1.0,-37.649876,-934.671204,-0.007797
2986.0,0.9792,0.9592,0.020943,0.020943,1.0,1.0,-37.634804,-934.671265,-0.010894
2988.0,0.982,0.9592,0.021031,0.021031,1.0,1.0,-37.619728,-934.671326,-0.020938
2990.0,0.9865,1.5695,0.022538,0.022538,1.0,1.0,-37.604633,-934.671387,-0.025631
2992.0,0.9907,1.7526,0.023063,0.023063,1.0,1.0,-37.589535,-934.671448,-0.028141
2994.0,0.9966,1.6916,0.023073,0.023073,1.0,1.0,-37.574432,-934.671509,-0.036972
2996.0,1.0023,1.8137,0.023542,0.023542,1.0,1.0,-37.559315,-934.67157,-0.03931
2998.0,1.008,1.8137,0.023677,0.023677,1.0,1.0,-37.544197,-934.671692,-0.048509
3000.0,1.0152,1.8747,0.024045,0.024045,1.0,1.0,-37.529064,-934.671753,-0.048439
3002.0,1.0209,1.7526,0.023893,0.023893,1.0,1.0,-37.513935,-934.671936,-0.064719
3004.0,1.0279,1.9968,0.024729,0.024729,1.0,1.0,-37.498772,-934.672058,-0.06862
3006.0,1.0349,1.9968,0.024905,0.024905,1.0,1.0,-37.483604,-934.672241,-0.069334
3008.0,1.0425,1.9968,0.025059,0.025059,1.0,1.0,-37.468441,-934.672363,-0.080549
3010.0,1.0489,1.8747,0.025042,0.025042,1.0,1.0,-37.453259,-934.672546,-0.083544
3012.0,1.0569,1.8747,0.025227,0.025227,1.0,1.0,-37.438072,-934.672791,-0.091184
3014.0,1.0634,1.9968,0.025699,0.025699,1.0,1.0,-37.422874,-934.672974,-0.09804
3016.0,1.07,1.9968,0.025899,0.025899,1.0,1.0,-37.407665,-934.673157,-0.103353
3018.0,1.0774,1.8747,0.025837,0.025837,1.0,1.0,-37.392448,-934.673401,-0.109018
3020.0,1.0837,1.9357,0.026151,0.026151,1.0,1.0,-37.377224,-934.673645,-0.117592
3022.0,1.0917,1.9968,0.026528,0.026528,1.0,1.0,-37.361984,-934.67395,-0.121665
3024.0,1.0995,1.9968,0.026723,0.026723,1.0,1.0,-37.346741,-934.674133,-0.127896
3026.0,1.1073,1.9968,0.026941,0.026941,1.0,1.0,-37.331486,-934.674438,-0.132908
3028.0,1.1149,1.9357,0.02701,0.02701,1.0,1.0,-37.316227,-934.674683,-0.139845
3030.0,1.1224,1.8137,0.026967,0.026967,1.0,1.0,-37.300957,-934.675049,-0.151831
3032.0,1.1316,1.6306,0.026879,0.026879,1.0,1.0,-37.28566,-934.675415,-0.169869
3034.0,1.1406,1.5085,0.026985,0.026985,1.0,1.0,-37.270325,-934.67572,-0.170208
3036.0,1.1495,1.5085,0.027161,0.027161,1.0,1.0,-37.254993,-934.676086,-0.188503
3038.0,1.159,1.5085,0.027543,0.027543,1.0,1.0,-37.239624,-934.676575,-0.207757
3040.0,1.1693,0.8982,0.026638,0.026638,1.0,1.0,-37.224213,-934.677002,-0.228203
3042.0,1.1805,0.2878,0.025761,0.025761,1.0,1.0,-37.208755,-934.677612,-0.254929
3044.0,1.1916,-0.0784,0.025479,0.025479,1.0,1.0,-37.193237,-934.678162,-0.280819
3046.0,1.2028,-0.0784,0.025976,0.025976,1.0,1.0,-37.177662,-934.678833,-0.314883
3048.0,1.2129,-0.5667,0.02549,0.02549,1.0,1.0,-37.162006,-934.679565,-0.350322
3050.0,1.2219,-1.4822,0.024079,0.024079,1.0,1.0,-37.146267,-934.680359,-0.385292
3052.0,1.2287,-2.3367,0.022753,0.022753,1.0,1.0,-37.130447,-934.681335,-0.426629
3054.0,1.2342,-3.0081,0.021866,0.021866,1.0,1.0,-37.114529,-934.68219,-0.455318
3056.0,1.2398,-3.0081,0.022284,0.022284,1.0,1.0,-37.098545,-934.683167,-0.483534
3058.0,1.2406,-3.8016,0.020902,0.020902,1.0,1.0,-37.082497,-934.684204,-0.511925
3060.0,1.2376,-4.2288,0.020234,0.020234,1.0,1.0,-37.066383,-934.685303,-0.524095
3062.0,1.2318,-4.534,0.019599,0.019599,1.0,1.0,-37.050247,-934.686523,-0.54508
3064.0,1.2233,-4.7171,0.019271,0.019271,1.0,1.0,-37.034065,-934.6875,-0.544969
3066.0,1.2149,-4.7171,0.019107,0.019107,1.0,1.0,-37.017887,-934.688599,-0.556425
3068.0,1.207,-4.3509,0.019869,0.019869,1.0,1.0,-37.001686,-934.689758,-0.566803
3070.0,1.2033,-4.1678,0.020303,0.020303,1.0,1.0,-36.985466,-934.690918,-0.580144
3072.0,1.2019,-4.3509,0.020028,0.020028,1.0,1.0,-36.969219,-934.692261,-0.604662
3074.0,1.2005,-4.3509,0.020268,0.020268,1.0,1.0,-36.952919,-934.693481,-0.634996
3076.0,1.2018,-4.7171,0.019836,0.019836,1.0,1.0,-36.93655,-934.694885,-0.672325
3078.0,1.2008,-5.4495,0.018648,0.018648,1.0,1.0,-36.920094,-934.696289,-0.700464
3080.0,1.1947,-5.9378,0.017787,0.017787,1.0,1.0,-36.903572,-934.697754,-0.718408
3082.0,1.1815,-6.304,0.016942,0.016942,1.0,1.0,-36.887012,-934.699341,-0.728945
3084.0,1.1683,-6.304,0.016804,0.016804,1.0,1.0,-36.870434,-934.700684,-0.732344
3086.0,1.1516,-6.1209,0.016914,0.016914,1.0,1.0,-36.853851,-934.702148,-0.728345
3088.0,1.1355,-5.8157,0.017217,0.017217,1.0,1.0,-36.837284,-934.703613,-0.726802
3090.0,1.1263,-5.0833,0.018599,0.018599,1.0,1.0,-36.820728,-934.705078,-0.728744
3092.0,1.1251,-4.7781,0.019253,0.019253,1.0,1.0,-36.804176,-934.706665,-0.745791
3094.0,1.1239,-4.7781,0.019416,0.019416,1.0,1.0,-36.787586,-934.70813,-0.770684
3096.0,1.1258,-5.1443,0.018935,0.018935,1.0,1.0,-36.770943,-934.709778,-0.795325
3098.0,1.1225,-5.9988,0.017302,0.017302,1.0,1.0,-36.754242,-934.711426,-0.810849
3100.0,1.1102,-6.304,0.016579,0.016579,1.0,1.0,-36.737511,-934.713074,-0.819966
3102.0,1.0909,-6.243,0.016439,0.016439,1.0,1.0,-36.72076,-934.714844,-0.826512
3104.0,1.0716,-6.243,0.01614,0.01614,1.0,1.0,-36.704002,-934.716431,-0.827092
3106.0,1.0513,-5.5716,0.017201,0.017201,1.0,1.0,-36.687248,-934.718079,-0.831218
3108.0,1.0412,-4.7171,0.01889,0.01889,1.0,1.0,-36.67049,-934.719788,-0.846616
3110.0,1.0416,-4.595,0.019326,0.019326,1.0,1.0,-36.653702,-934.721558,-0.868265
3112.0,1.0447,-5.0833,0.018571,0.018571,1.0,1.0,-36.636864,-934.723389,-0.890461
3114.0,1.0477,-5.0833,0.018871,0.018871,1.0,1.0,-36.619976,-934.725159,-0.900223
3116.0,1.0452,-5.6936,0.017617,0.017617,1.0,1.0,-36.603073,-934.727051,-0.913221
3118.0,1.0335,-6.0599,0.016747,0.016747,1.0,1.0,-36.586143,-934.728882,-0.917298
3120.0,1.0182,-5.8768,0.01689,0.01689,1.0,1.0,-36.56921,-934.730713,-0.914984
3122.0,1.0073,-5.5105,0.017443,0.017443,1.0,1.0,-36.552288,-934.732544,-0.924378
3124.0,0.9964,-5.5105,0.017337,0.017337,1.0,1.0,-36.535351,-934.734497,-0.950231
3126.0,0.9924,-5.3274,0.017935,0.017935,1.0,1.0,-36.518356,-934.736511,-0.979876
3128.0,0.9883,-5.6326,0.017523,0.017523,1.0,1.0,-36.501293,-934.738525,-1.000983
3130.0,0.9789,-5.9988,0.016784,0.016784,1.0,1.0,-36.484184,-934.740601,-1.019563
3132.0,0.9644,-6.304,0.016052,0.016052,1.0,1.0,-36.467033,-934.742676,-1.026289
3134.0,0.95,-6.304,0.015848,0.015848,1.0,1.0,-36.449875,-934.744751,-1.037952
3136.0,0.94,-5.8768,0.016702,0.016702,1.0,1.0,-36.432693,-934.746887,-1.054228
3138.0,0.9379,-5.9378,0.016708,0.016708,1.0,1.0,-36.415478,-934.749023,-1.077722
3140.0,0.9351,-6.4871,0.015729,0.015729,1.0,1.0,-36.398209,-934.751282,-1.084831
3142.0,0.9323,-6.4871,0.015753,0.015753,1.0,1.0,-36.380928,-934.753479,-1.098939
3144.0,0.9213,-6.7312,0.015169,0.015169,1.0,1.0,-36.363621,-934.755676,-1.097939
3146.0,0.9027,-6.7923,0.014671,0.014671,1.0,1.0,-36.346321,-934.757874,-1.099776
3148.0,0.8884,-6.243,0.015596,0.015596,1.0,1.0,-36.329025,-934.760132,-1.117544
3150.0,0.8809,-5.8768,0.016434,0.016434,1.0,1.0,-36.311691,-934.76239,-1.125918
3152.0,0.8735,-5.8768,0.016383,0.016383,1.0,1.0,-36.294342,-934.764709,-1.145572
3154.0,0.8664,-6.1209,0.015936,0.015936,1.0,1.0,-36.276951,-934.76709,-1.163622
3156.0,0.8533,-6.304,0.015488,0.015488,1.0,1.0,-36.259521,-934.769409,-1.167311
3158.0,0.8418,-5.9988,0.015963,0.015963,1.0,1.0,-36.242092,-934.77179,-1.181881
3160.0,0.8378,-5.6936,0.016702,0.016702,1.0,1.0,-36.224632,-934.774231,-1.203975
3162.0,0.8339,-5.6936,0.016866,0.016866,1.0,1.0,-36.207123,-934.776733,-1.229816
3164.0,0.8313,-6.1819,0.016048,0.016048,1.0,1.0,-36.189556,-934.779236,-1.229224
3166.0,0.8185,-6.6702,0.014746,0.014746,1.0,1.0,-36.171997,-934.781677,-1.234203
3168.0,0.7993,-6.7923,0.014168,0.014168,1.0,1.0,-36.154434,-934.78418,-1.235252
3170.0,0.7865,-5.8157,0.016034,0.016034,1.0,1.0,-36.136875,-934.786621,-1.239581
3172.0,0.7738,-5.8157,0.015837,0.015837,1.0,1.0,-36.119312,-934.789185,-1.262239
3174.0,0.7683,-5.7547,0.01611,0.01611,1.0,1.0,-36.1017,-934.791809,-1.282995
3176.0,0.7603,-6.1209,0.015395,0.015395,1.0,1.0,-36.084042,-934.794434,-1.3028
3178.0,0.7476,-6.1819,0.015235,0.015235,1.0,1.0,-36.066341,-934.797119,-1.314043
3180.0,0.739,-5.9378,0.015718,0.015718,1.0,1.0,-36.048618,-934.799744,-1.330029
3182.0,0.7305,-5.9378,0.015729,0.015729,1.0,1.0,-36.030865,-934.80249,-1.349728
3184.0,0.7267,-5.8768,0.016002,0.016002,1.0,1.0,-36.013069,-934.805237,-1.363526
3186.0,0.7177,-6.4261,0.014798,0.014798,1.0,1.0,-35.995243,-934.807983,-1.37246
3188.0,0.7029,-6.5481,0.014348,0.014348,1.0,1.0,-35.977402,-934.810791,-1.378924
3190.0,0.6924,-6.1819,0.015005,0.015005,1.0,1.0,-35.959553,-934.813599,-1.400904
3192.0,0.682,-6.1819,0.015043,0.015043,1.0,1.0,-35.941654,-934.816406,-1.413346
3194.0,0.676,-6.365,0.014671,0.014671,1.0,1.0,-35.923733,-934.819336,-1.437987
3196.0,0.6637,-6.6092,0.014178,0.014178,1.0,1.0,-35.905758,-934.822266,-1.461004
3198.0,0.6498,-6.243,0.014948,0.014948,1.0,1.0,-35.88773,-934.825195,-1.469289
3200.0,0.6359,-6.243,0.014771,0.014771,1.0,1.0,-35.86969,-934.828247,-1.491183
3202.0,0.629,-6.1209,0.01514,0.01514,1.0,1.0,-35.851601,-934.831299,-1.503275
3204.0,0.6247,-6.243,0.014927,0.014927,1.0,1.0,-35.833488,-934.834351,-1.507724
3206.0,0.6115,-6.6702,0.013802,0.013802,1.0,1.0,-35.815372,-934.837341,-1.510935
3208.0,0.596,-6.5481,0.013804,0.013804,1.0,1.0,-35.797256,-934.840393,-1.515114
3210.0,0.5806,-6.5481,0.013554,0.013554,1.0,1.0,-35.779137,-934.843445,-1.53285
3212.0,0.5718,-6.1819,0.014364,0.014364,1.0,1.0,-35.760979,-934.846558,-1.551757
3214.0,0.5616,-6.4871,0.013719,0.013719,1.0,1.0,-35.742783,-934.849731,-1.561649
3216.0,0.5474,-6.0599,0.014473,0.014473,1.0,1.0,-35.724567,-934.852966,-1.58294
3218.0,0.5397,-5.7547,0.015212,0.015212,1.0,1.0,-35.706306,-934.85614,-1.594918
3220.0,0.532,-5.7547,0.015194,0.015194,1.0,1.0,-35.688023,-934.859375,-1.619183
3222.0,0.5273,-6.1209,0.014582,0.014582,1.0,1.0,-35.669685,-934.862671,-1.615934
3224.0,0.5151,-6.4871,0.013524,0.013524,1.0,1.0,-35.651363,-934.865967,-1.623366
3226.0,0.5021,-6.1209,0.014142,0.014142,1.0,1.0,-35.63303,-934.869263,-1.636196
3228.0,0.4947,-5.9378,0.014535,0.014535,1.0,1.0,-35.614674,-934.872559,-1.650484
3230.0,0.4874,-5.9378,0.014549,0.014549,1.0,1.0,-35.596287,-934.875854,-1.661413
3232.0,0.4756,-6.365,0.013522,0.013522,1.0,1.0,-35.577881,-934.879272,-1.685997
3234.0,0.4608,-5.9988,0.014294,0.014294,1.0,1.0,-35.559422,-934.882568,-1.6656
3236.0,0.4541,-5.2664,0.015519,0.015519,1.0,1.0,-35.541019,-934.885986,-1.672794
3238.0,0.4478,-5.8768,0.014164,0.014164,1.0,1.0,-35.522606,-934.889404,-1.691624
3240.0,0.4415,-5.8768,0.014248,0.014248,1.0,1.0,-35.504154,-934.892822,-1.697117
3242.0,0.4287,-6.0599,0.013667,0.013667,1.0,1.0,-35.485695,-934.89624,-1.702039
3244.0,0.4206,-5.4495,0.014877,0.014877,1.0,1.0,-35.467232,-934.899658,-1.727096
3246.0,0.4173,-5.5716,0.014825,0.014825,1.0,1.0,-35.448711,-934.903198,-1.740196
3248.0,0.4056,-6.304,0.013168,0.013168,1.0,1.0,-35.430164,-934.906738,-1.751652
3250.0,0.394,-6.304,0.013069,0.013069,1.0,1.0,-35.411598,-934.910278,-1.75561
3252.0,0.3826,-5.9378,0.013682,0.013682,1.0,1.0,-35.393028,-934.913818,-1.768604
3254.0,0.3766,-5.7547,0.014102,0.014102,1.0,1.0,-35.374432,-934.917358,-1.776468
3256.0,0.3657,-6.4261,0.012534,0.012534,1.0,1.0,-35.355824,-934.920898,-1.773469
3258.0,0.3519,-6.1819,0.012761,0.012761,1.0,1.0,-35.337231,-934.924438,-1.778366
3260.0,0.3381,-6.1819,0.01255,0.01255,1.0,1.0,-35.318634,-934.928101,-1.778032
3262.0,0.3313,-5.6936,0.013466,0.013466,1.0,1.0,-35.300045,-934.931641,-1.786075
3264.0,0.321,-5.9378,0.01283,0.01283,1.0,1.0,-35.281445,-934.935242,-1.789307
3266.0,0.3086,-5.7547,0.013023,0.013023,1.0,1.0,-35.262844,-934.938843,-1.787736
3268.0,0.2964,-5.7547,0.01277,0.01277,1.0,1.0,-35.244255,-934.942444,-1.801672
3270.0,0.2912,-5.5105,0.013347,0.013347,1.0,1.0,-35.225636,-934.946045,-1.802742
3272.0,0.2814,-5.8157,0.012514,0.012514,1.0,1.0,-35.207024,-934.949646,-1.795707
3274.0,0.2663,-5.7547,0.01228,0.01228,1.0,1.0,-35.188435,-934.953247,-1.794461
3276.0,0.2574,-5.2664,0.013146,0.013146,1.0,1.0,-35.169857,-934.956909,-1.796898
3278.0,0.2486,-5.2664,0.013002,0.013002,1.0,1.0,-35.151279,-934.96051,-1.804345
3280.0,0.2397,-5.4495,0.012519,0.012519,1.0,1.0,-35.13269,-934.964111,-1.803904
3282.0,0.2271,-5.3885,0.012403,0.012403,1.0,1.0,-35.114113,-934.967712,-1.807532
3284.0,0.2224,-4.8392,0.013534,0.013534,1.0,1.0,-35.095531,-934.971375,-1.811964
3286.0,0.2158,-5.2054,0.012669,0.012669,1.0,1.0,-35.076946,-934.975098,-1.81924
3288.0,0.2093,-5.2054,0.012622,0.012622,1.0,1.0,-35.05835,-934.97876,-1.825521
3290.0,0.1992,-5.2054,0.012496,0.012496,1.0,1.0,-35.039745,-934.982422,-1.833683
3292.0,0.1938,-5.0833,0.012745,0.012745,1.0,1.0,-35.02113,-934.986084,-1.839812
3294.0,0.1844,-5.3274,0.012106,0.012106,1.0,1.0,-35.002506,-934.989807,-1.846175
3296.0,0.1729,-5.0833,0.01248,0.01248,1.0,1.0,-34.983871,-934.993469,-1.843743
3298.0,0.1614,-5.0833,0.012233,0.012233,1.0,1.0,-34.965252,-934.997314,-1.86753
3300.0,0.1558,-4.7781,0.013039,0.013039,1.0,1.0,-34.946579,-935.000977,-1.854924
3302.0,0.1462,-5.3274,0.011537,0.011537,1.0,1.0,-34.927944,-935.004639,-1.839976
3304.0,0.1348,-4.8392,0.012205,0.012205,1.0,1.0,-34.909355,-935.008423,-1.871007
3306.0,0.1298,-4.534,0.013103,0.013103,1.0,1.0,-34.890697,-935.012207,-1.880839
3308.0,0.1247,-4.534,0.013113,0.013113,1.0,1.0,-34.872021,-935.015991,-1.884855
3310.0,0.1169,-4.7781,0.012481,0.012481,1.0,1.0,-34.853344,-935.019836,-1.893971
3312.0,0.1106,-4.7171,0.012591,0.012591,1.0,1.0,-34.834648,-935.023682,-1.907349
3314.0,0.1069,-4.7781,0.012535,0.012535,1.0,1.0,-34.815929,-935.027527,-1.927003
3316.0,0.0957,-5.0833,0.011877,0.011877,1.0,1.0,-34.797169,-935.031433,-1.937222
3318.0,0.0845,-5.0833,0.011774,0.011774,1.0,1.0,-34.778389,-935.035339,-1.948212
3320.0,0.0743,-4.656,0.012616,0.012616,1.0,1.0,-34.75959,-935.039246,-1.954926
3322.0,0.0662,-4.656,0.012534,0.012534,1.0,1.0,-34.74078,-935.043213,-1.949924
3324.0,0.0549,-4.595,0.012393,0.012393,1.0,1.0,-34.721989,-935.047119,-1.959489
3326.0,0.0503,-4.2288,0.013196,0.013196,1.0,1.0,-34.703182,-935.051086,-1.972299
3328.0,0.0457,-4.2288,0.013248,0.013248,1.0,1.0,-34.684353,-935.055115,-1.992031
3330.0,0.042,-4.2898,0.01326,0.01326,1.0,1.0,-34.665482,-935.059082,-1.998977
3332.0,0.0338,-4.3509,0.013048,0.013048,1.0,1.0,-34.646599,-935.06311,-2.010028
3334.0,0.0303,-4.2288,0.013362,0.013362,1.0,1.0,-34.627697,-935.067261,-2.026629
3336.0,0.0267,-4.2288,0.013474,0.013474,1.0,1.0,-34.608761,-935.07135,-2.03815
3338.0,0.0202,-4.595,0.012687,0.012687,1.0,1.0,-34.589802,-935.075439,-2.042578
3340.0,0.0105,-4.4729,0.012812,0.012812,1.0,1.0,-34.570839,-935.07959,-2.057705
3342.0,0.0051,-4.2898,0.013267,0.013267,1.0,1.0,-34.551846,-935.08374,-2.074335
3344.0,-0.0044,-4.656,0.012477,0.012477,1.0,1.0,-34.532818,-935.088013,-2.089251
3346.0,-0.014,-4.656,0.012457,0.012457,1.0,1.0,-34.51376,-935.092163,-2.091043
3348.0,-0.0215,-4.1067,0.013512,0.013512,1.0,1.0,-34.494705,-935.096436,-2.099902
3350.0,-0.0267,-3.9236,0.013903,0.013903,1.0,1.0,-34.475636,-935.100586,-2.096
3352.0,-0.0343,-4.2898,0.012927,0.012927,1.0,1.0,-34.456585,-935.104858,-2.107231
3354.0,-0.0358,-4.0457,0.013546,0.013546,1.0,1.0,-34.437515,-935.10907,-2.119348
3356.0,-0.0372,-4.0457,0.01365,0.01365,1.0,1.0,-34.418423,-935.113403,-2.133105
3358.0,-0.0436,-4.3509,0.013022,0.013022,1.0,1.0,-34.399303,-935.117676,-2.13852
3360.0,-0.0533,-4.2898,0.013026,0.013026,1.0,1.0,-34.380177,-935.121948,-2.144343
3362.0,-0.0597,-4.1067,0.01336,0.01336,1.0,1.0,-34.361042,-935.126221,-2.127526
3364.0,-0.0693,-4.1678,0.012861,0.012861,1.0,1.0,-34.341957,-935.130432,-2.117605
3366.0,-0.0788,-4.1678,0.01257,0.01257,1.0,1.0,-34.322906,-935.134766,-2.154542
3368.0,-0.0841,-3.6184,0.014052,0.014052,1.0,1.0,-34.303768,-935.139099,-2.15084
3370.0,-0.0881,-3.6184,0.013936,0.013936,1.0,1.0,-34.284649,-935.143494,-2.155422
3372.0,-0.0933,-3.8016,0.013491,0.013491,1.0,1.0,-34.265526,-935.147766,-2.155214
3374.0,-0.0951,-3.9847,0.01306,0.01306,1.0,1.0,-34.24641,-935.1521,-2.158504
3376.0,-0.0969,-3.9847,0.013061,0.013061,1.0,1.0,-34.227295,-935.156433,-2.152517
3378.0,-0.1038,-4.3509,0.012077,0.012077,1.0,1.0,-34.208202,-935.160645,-2.138735
3380.0,-0.1092,-3.9847,0.01261,0.01261,1.0,1.0,-34.189152,-935.164978,-2.144265
3382.0,-0.1153,-4.1067,0.012292,0.012292,1.0,1.0,-34.170094,-935.169312,-2.14817
3384.0,-0.1259,-4.1678,0.011998,0.011998,1.0,1.0,-34.151035,-935.173645,-2.152936
3386.0,-0.1366,-4.1678,0.011846,0.011846,1.0,1.0,-34.131973,-935.177979,-2.144998
3388.0,-0.1432,-3.7405,0.012552,0.012552,1.0,1.0,-34.112938,-935.18219,-2.134033
3390.0,-0.1496,-3.7405,0.012308,0.012308,1.0,1.0,-34.093937,-935.186401,-2.12157
3392.0,-0.1545,-3.6795,0.012211,0.012211,1.0,1.0,-34.074974,-935.190674,-2.114011
3394.0,-0.157,-3.6795,0.01208,0.01208,1.0,1.0,-34.056038,-935.194946,-2.119688
3396.0,-0.1595,-3.6795,0.012094,0.012094,1.0,1.0,-34.037094,-935.199219,-2.134498
3398.0,-0.1676,-3.9236,0.011575,0.011575,1.0,1.0,-34.018124,-935.203491,-2.132359
3400.0,-0.1728,-3.6184,0.012108,0.012108,1.0,1.0,-33.999165,-935.207764,-2.118088
3402.0,-0.1823,-3.8016,0.011377,0.011377,1.0,1.0,-33.980247,-935.211914,-2.094842
3404.0,-0.1917,-3.8016,0.010943,0.010943,1.0,1.0,-33.961399,-935.216064,-2.088586
3406.0,-0.1989,-3.2522,0.011918,0.011918,1.0,1.0,-33.942574,-935.220337,-2.090737
3408.0,-0.2036,-3.1912,0.011983,0.011983,1.0,1.0,-33.923748,-935.224487,-2.094631
3410.0,-0.2108,-3.1912,0.011887,0.011887,1.0,1.0,-33.904922,-935.22876,-2.103169
3412.0,-0.2126,-2.9471,0.01247,0.01247,1.0,1.0,-33.886082,-935.23291,-2.105005
3414.0,-0.2144,-2.9471,0.012455,0.012455,1.0,1.0,-33.867245,-935.237061,-2.086453
3416.0,-0.2179,-3.0691,0.011924,0.011924,1.0,1.0,-33.848461,-935.241272,-2.091853
3418.0,-0.2211,-2.9471,0.012183,0.012183,1.0,1.0,-33.829674,-935.245544,-2.101856
3420.0,-0.2243,-3.0081,0.0121,0.0121,1.0,1.0,-33.810867,-935.249817,-2.119751
3422.0,-0.2317,-3.3133,0.011496,0.011496,1.0,1.0,-33.792023,-935.254089,-2.131646
3424.0,-0.2391,-3.3133,0.011484,0.011484,1.0,1.0,-33.773155,-935.258423,-2.14808
3426.0,-0.2448,-2.9471,0.012341,0.012341,1.0,1.0,-33.754253,-935.262634,-2.127076
3428.0,-0.2516,-2.886,0.012114,0.012114,1.0,1.0,-33.735413,-935.266846,-2.129405
3430.0,-0.253,-2.3977,0.013161,0.013161,1.0,1.0,-33.716576,-935.27124,-2.13762
3432.0,-0.2555,-2.6419,0.012678,0.012678,1.0,1.0,-33.697723,-935.275574,-2.160878
3434.0,-0.2579,-2.6419,0.012885,0.012885,1.0,1.0,-33.678822,-935.279968,-2.178937
3436.0,-0.2633,-2.4588,0.013372,0.013372,1.0,1.0,-33.659882,-935.284302,-2.189475
3438.0,-0.2655,-2.1536,0.014099,0.014099,1.0,1.0,-33.640923,-935.288757,-2.194662
3440.0,-0.2715,-2.3977,0.013517,0.013517,1.0,1.0,-33.62196,-935.293213,-2.190218
3442.0,-0.2733,-2.1536,0.013958,0.013958,1.0,1.0,-33.603012,-935.297607,-2.206607
3444.0,-0.2751,-2.1536,0.014102,0.014102,1.0,1.0,-33.584034,-935.302124,-2.235332
3446.0,-0.2785,-2.1536,0.014349,0.014349,1.0,1.0,-33.564991,-935.306702,-2.268311
3448.0,-0.2799,-1.8484,0.015338,0.015338,1.0,1.0,-33.545872,-935.311279,-2.288114
3450.0,-0.2804,-1.8484,0.015544,0.015544,1.0,1.0,-33.526711,-935.315918,-2.298464
3452.0,-0.2836,-2.3367,0.014546,0.014546,1.0,1.0,-33.50753,-935.320557,-2.303687
3454.0,-0.2867,-2.3367,0.014542,0.014542,1.0,1.0,-33.488346,-935.325256,-2.326594
3456.0,-0.2856,-1.9095,0.015732,0.015732,1.0,1.0,-33.469112,-935.330017,-2.362658
3458.0,-0.2897,-2.5809,0.014602,0.014602,1.0,1.0,-33.449795,-935.334839,-2.386291
3460.0,-0.2937,-2.3367,0.015307,0.015307,1.0,1.0,-33.430424,-935.339661,-2.408376
3462.0,-0.2977,-2.3367,0.015471,0.015471,1.0,1.0,-33.411007,-935.344482,-2.414097
3464.0,-0.3003,-2.1536,0.015875,0.015875,1.0,1.0,-33.391582,-935.349426,-2.422536
3466.0,-0.302,-2.0315,0.016198,0.016198,1.0,1.0,-33.372147,-935.354309,-2.440992
3468.0,-0.301,-2.3367,0.015761,0.015761,1.0,1.0,-33.352669,-935.359314,-2.475345
3470.0,-0.3045,-2.6419,0.015411,0.015411,1.0,1.0,-33.333115,-935.364319,-2.504463
3472.0,-0.3081,-2.6419,0.015661,0.015661,1.0,1.0,-33.313496,-935.369385,-2.513303
3474.0,-0.3099,-2.2757,0.01651,0.01651,1.0,1.0,-33.293861,-935.37439,-2.508341
3476.0,-0.3158,-2.5198,0.015817,0.015817,1.0,1.0,-33.274246,-935.379578,-2.53967
3478.0,-0.3177,-2.4588,0.016253,0.016253,1.0,1.0,-33.254562,-935.384583,-2.513425
3480.0,-0.3203,-2.5198,0.015786,0.015786,1.0,1.0,-33.234951,-935.389648,-2.533072
3482.0,-0.3229,-2.5198,0.01595,0.01595,1.0,1.0,-33.215298,-935.394836,-2.560597
3484.0,-0.3244,-2.5198,0.01622,0.01622,1.0,1.0,-33.195583,-935.400024,-2.580149
3486.0,-0.3236,-2.4588,0.01658,0.01658,1.0,1.0,-33.175827,-935.405151,-2.576231
3488.0,-0.3262,-3.0691,0.015174,0.015174,1.0,1.0,-33.15609,-935.410278,-2.583496
3490.0,-0.3261,-2.9471,0.015518,0.015518,1.0,1.0,-33.136341,-935.415588,-2.588586
3492.0,-0.3261,-2.9471,0.015575,0.015575,1.0,1.0,-33.116589,-935.420776,-2.606742
3494.0,-0.3326,-3.4353,0.014597,0.014597,1.0,1.0,-33.096798,-935.426025,-2.612598
3496.0,-0.3354,-3.0081,0.015525,0.015525,1.0,1.0,-33.077,-935.431274,-2.612014
3498.0,-0.3424,-3.5574,0.014203,0.014203,1.0,1.0,-33.057213,-935.436462,-2.602368
3500.0,-0.3434,-3.1912,0.014866,0.014866,1.0,1.0,-33.037457,-935.441772,-2.602037
3502.0,-0.3445,-3.1912,0.014842,0.014842,1.0,1.0,-33.017712,-935.44696,-2.608212
3504.0,-0.3488,-3.7405,0.013645,0.013645,1.0,1.0,-32.997959,-935.452148,-2.607399
3506.0,-0.3533,-3.8626,0.013287,0.013287,1.0,1.0,-32.978214,-935.457397,-2.608692
3508.0,-0.3591,-3.6184,0.013716,0.013716,1.0,1.0,-32.958473,-935.462585,-2.596
3510.0,-0.3654,-3.8626,0.012931,0.012931,1.0,1.0,-32.938774,-935.467773,-2.594991
3512.0,-0.3718,-3.8626,0.012797,0.012797,1.0,1.0,-32.919086,-935.4729,-2.587466
3514.0,-0.3765,-3.6184,0.013151,0.013151,1.0,1.0,-32.899426,-935.47821,-2.59365
3516.0,-0.3824,-3.8016,0.012712,0.012712,1.0,1.0,-32.879757,-935.483398,-2.596939
3518.0,-0.3847,-3.4353,0.01349,0.01349,1.0,1.0,-32.860085,-935.488586,-2.591409
3520.0,-0.3913,-3.9847,0.012123,0.012123,1.0,1.0,-32.840435,-935.493774,-2.597372
3522.0,-0.3978,-3.9847,0.012062,0.012062,1.0,1.0,-32.820778,-935.499023,-2.618716
3524.0,-0.3995,-3.6795,0.012917,0.012917,1.0,1.0,-32.801075,-935.504272,-2.626266
3526.0,-0.4084,-4.4729,0.011123,0.011123,1.0,1.0,-32.781361,-935.509644,-2.632579
3528.0,-0.4124,-3.9847,0.012165,0.012165,1.0,1.0,-32.761639,-935.514954,-2.631293
3530.0,-0.4164,-3.9847,0.012074,0.012074,1.0,1.0,-32.741928,-935.520203,-2.629281
3532.0,-0.4248,-4.595,0.010579,0.010579,1.0,1.0,-32.722233,-935.525513,-2.646523
3534.0,-0.4262,-3.9847,0.012051,0.012051,1.0,1.0,-32.702499,-935.530823,-2.656199
3536.0,-0.4345,-4.595,0.010685,0.010685,1.0,1.0,-32.682751,-935.536255,-2.664243
3538.0,-0.4398,-4.2898,0.011328,0.011328,1.0,1.0,-32.662991,-935.541626,-2.670862
3540.0,-0.445,-4.2898,0.011299,0.011299,1.0,1.0,-32.643219,-935.546997,-2.678616
3542.0,-0.4551,-4.4119,0.010928,0.010928,1.0,1.0,-32.623436,-935.552368,-2.696475
3544.0,-0.4626,-4.534,0.010716,0.010716,1.0,1.0,-32.603619,-935.557739,-2.699063
3546.0,-0.4697,-4.2288,0.011263,0.011263,1.0,1.0,-32.583801,-935.563171,-2.702182
3548.0,-0.4753,-4.656,0.010272,0.010272,1.0,1.0,-32.563984,-935.568604,-2.711422
3550.0,-0.4808,-4.656,0.010266,0.010266,1.0,1.0,-32.544151,-935.574219,-2.730218
3552.0,-0.4854,-4.2898,0.011169,0.011169,1.0,1.0,-32.524281,-935.579712,-2.750699
3554.0,-0.4912,-4.656,0.010494,0.010494,1.0,1.0,-32.504364,-935.585266,-2.764375
3556.0,-0.4957,-4.4729,0.01095,0.01095,1.0,1.0,-32.484421,-935.59082,-2.771859
3558.0,-0.5052,-5.4495,0.008749,0.008749,1.0,1.0,-32.46447,-935.596375,-2.775153
3560.0,-0.5147,-5.4495,0.008602,0.008602,1.0,1.0,-32.444519,-935.601929,-2.786616
3562.0,-0.5218,-4.8392,0.009904,0.009904,1.0,1.0,-32.424545,-935.607544,-2.799668
3564.0,-0.5317,-5.2664,0.008937,0.008937,1.0,1.0,-32.404549,-935.613281,-2.805062
3566.0,-0.5357,-4.595,0.010363,0.010363,1.0,1.0,-32.384544,-935.618835,-2.796288
3568.0,-0.5475,-5.7547,0.007546,0.007546,1.0,1.0,-32.364571,-935.62439,-2.780355
3570.0,-0.5594,-5.7547,0.007146,0.007146,1.0,1.0,-32.344646,-935.629883,-2.762681
3572.0,-0.5648,-4.595,0.009343,0.009343,1.0,1.0,-32.324772,-935.635559,-2.814251
3574.0,-0.5757,-5.4495,0.007857,0.007857,1.0,1.0,-32.304775,-935.641174,-2.809554
3576.0,-0.5814,-4.7781,0.00914,0.00914,1.0,1.0,-32.284801,-935.64679,-2.770258
3578.0,-0.5926,-5.5716,0.006791,0.006791,1.0,1.0,-32.264935,-935.652283,-2.754996
3580.0,-0.6038,-5.5716,0.00641,0.00641,1.0,1.0,-32.245113,-935.657776,-2.749635
3582.0,-0.6083,-4.7781,0.007972,0.007972,1.0,1.0,-32.225311,-935.663208,-2.742529
3584.0,-0.6217,-5.6326,0.005801,0.005801,1.0,1.0,-32.205536,-935.668762,-2.7507
3586.0,-0.6265,-4.534,0.00816,0.00816,1.0,1.0,-32.185749,-935.674255,-2.72297
3588.0,-0.64,-5.5105,0.005498,0.005498,1.0,1.0,-32.166039,-935.679626,-2.691355
3590.0,-0.6536,-5.5105,0.004894,0.004894,1.0,1.0,-32.146416,-935.684937,-2.682271
3592.0,-0.6591,-4.595,0.006659,0.006659,1.0,1.0,-32.126823,-935.690308,-2.680337
3594.0,-0.6703,-5.2664,0.004979,0.004979,1.0,1.0,-32.107243,-935.695679,-2.675766
3596.0,-0.6736,-4.4119,0.006703,0.006703,1.0,1.0,-32.087681,-935.700928,-2.653134
3598.0,-0.6769,-4.4119,0.006393,0.006393,1.0,1.0,-32.068184,-935.706177,-2.631917
3600.0,-0.6889,-5.5105,0.003569,0.003569,1.0,1.0,-32.048748,-935.711487,-2.618956
3602.0,-0.6959,-4.7171,0.005,0.005,1.0,1.0,-32.029354,-935.716675,-2.603155
3604.0,-0.7102,-5.4495,0.002979,0.002979,1.0,1.0,-32.010006,-935.721924,-2.61095
3606.0,-0.7166,-4.2288,0.005566,0.005566,1.0,1.0,-31.990648,-935.727051,-2.585905
3608.0,-0.723,-4.2288,0.005171,0.005171,1.0,1.0,-31.971361,-935.732117,-2.550397
3610.0,-0.7356,-4.9002,0.003098,0.003098,1.0,1.0,-31.952171,-935.737183,-2.5457
3612.0,-0.7394,-4.0457,0.004812,0.004812,1.0,1.0,-31.933001,-935.742432,-2.547483
3614.0,-0.7501,-4.7781,0.00305,0.00305,1.0,1.0,-31.913832,-935.747559,-2.570348
3616.0,-0.7537,-3.9236,0.005068,0.005068,1.0,1.0,-31.894613,-935.752686,-2.555603
3618.0,-0.7572,-3.9236,0.00484,0.00484,1.0,1.0,-31.875441,-935.75769,-2.539924
3620.0,-0.7672,-4.595,0.003033,0.003033,1.0,1.0,-31.856314,-935.762817,-2.533284
3622.0,-0.7725,-3.8626,0.004435,0.004435,1.0,1.0,-31.837212,-935.767822,-2.537284
3624.0,-0.7847,-4.4119,0.003063,0.003063,1.0,1.0,-31.818108,-935.773071,-2.556476
3626.0,-0.7887,-3.6795,0.004769,0.004769,1.0,1.0,-31.798964,-935.778198,-2.553399
3628.0,-0.7928,-3.6795,0.004658,0.004658,1.0,1.0,-31.779835,-935.783203,-2.53521
3630.0,-0.8038,-4.1678,0.003199,0.003199,1.0,1.0,-31.760759,-935.78833,-2.53508
3632.0,-0.809,-3.4353,0.004673,0.004673,1.0,1.0,-31.741692,-935.793396,-2.546592
3634.0,-0.8178,-3.7405,0.003973,0.003973,1.0,1.0,-31.722603,-935.798584,-2.564092
3636.0,-0.8215,-3.1912,0.005273,0.005273,1.0,1.0,-31.703478,-935.803833,-2.583796
3638.0,-0.8252,-3.1912,0.005416,0.005416,1.0,1.0,-31.684311,-935.80896,-2.569464
3640.0,-0.834,-3.6795,0.004042,0.004042,1.0,1.0,-31.665188,-935.814087,-2.576352
3642.0,-0.8365,-2.886,0.005775,0.005775,1.0,1.0,-31.646055,-935.819275,-2.580984
3644.0,-0.8437,-3.1912,0.00503,0.00503,1.0,1.0,-31.626917,-935.824524,-2.611437
3646.0,-0.8484,-3.2522,0.005141,0.005141,1.0,1.0,-31.60771,-935.829773,-2.620579
3648.0,-0.853,-3.2522,0.005152,0.005152,1.0,1.0,-31.588488,-935.835083,-2.620682
3650.0,-0.8594,-3.0691,0.005424,0.005424,1.0,1.0,-31.569273,-935.840332,-2.613193
3652.0,-0.8639,-2.9471,0.005518,0.005518,1.0,1.0,-31.550085,-935.845581,-2.621751
3654.0,-0.8687,-2.764,0.005912,0.005912,1.0,1.0,-31.530884,-935.850891,-2.63692
3656.0,-0.8735,-2.764,0.005985,0.005985,1.0,1.0,-31.511652,-935.856201,-2.661038
3658.0,-0.8766,-3.0081,0.005663,0.005663,1.0,1.0,-31.492367,-935.861572,-2.660474
3660.0,-0.8802,-2.825,0.005983,0.005983,1.0,1.0,-31.473091,-935.866943,-2.657438
3662.0,-0.8846,-2.886,0.005733,0.005733,1.0,1.0,-31.453831,-935.872314,-2.65776
3664.0,-0.8893,-2.5809,0.006304,0.006304,1.0,1.0,-31.434578,-935.877625,-2.675062
3666.0,-0.8939,-2.5809,0.006403,0.006403,1.0,1.0,-31.415289,-935.882996,-2.667884
3668.0,-0.9005,-2.825,0.005673,0.005673,1.0,1.0,-31.396025,-935.888306,-2.655266
3670.0,-0.9043,-2.2757,0.006644,0.006644,1.0,1.0,-31.376801,-935.893616,-2.660461
3672.0,-0.9095,-2.764,0.005551,0.005551,1.0,1.0,-31.357571,-935.898926,-2.65505
3674.0,-0.909,-1.9095,0.00734,0.00734,1.0,1.0,-31.338362,-935.904297,-2.652618
3676.0,-0.9084,-1.9095,0.007324,0.007324,1.0,1.0,-31.319168,-935.909668,-2.661074
3678.0,-0.9128,-2.6419,0.005757,0.005757,1.0,1.0,-31.299959,-935.914978,-2.661477
3680.0,-0.9127,-2.1536,0.006814,0.006814,1.0,1.0,-31.280758,-935.920227,-2.646582
3682.0,-0.9184,-2.9471,0.004836,0.004836,1.0,1.0,-31.261602,-935.925537,-2.645407
3684.0,-0.9201,-2.3977,0.005971,0.005971,1.0,1.0,-31.242456,-935.930786,-2.629221
3686.0,-0.9219,-2.3977,0.00576,0.00576,1.0,1.0,-31.22336,-935.936096,-2.626299
3688.0,-0.9305,-3.0691,0.004119,0.004119,1.0,1.0,-31.204277,-935.941345,-2.620071
3690.0,-0.9306,-2.0926,0.00615,0.00615,1.0,1.0,-31.185219,-935.946533,-2.608414
3692.0,-0.9377,-2.764,0.004443,0.004443,1.0,1.0,-31.166197,-935.951721,-2.593531
3694.0,-0.9394,-2.3977,0.005036,0.005036,1.0,1.0,-31.147221,-935.956909,-2.58479
3696.0,-0.9411,-2.3977,0.004908,0.004908,1.0,1.0,-31.128273,-935.962036,-2.572494
3698.0,-0.9471,-2.5809,0.004266,0.004266,1.0,1.0,-31.109364,-935.967163,-2.566628
3700.0,-0.949,-2.1536,0.005085,0.005085,1.0,1.0,-31.090477,-935.972351,-2.559238
3702.0,-0.9551,-2.5198,0.004099,0.004099,1.0,1.0,-31.071617,-935.977417,-2.547342
3704.0,-0.9571,-2.0315,0.004982,0.004982,1.0,1.0,-31.052794,-935.982544,-2.547129
3706.0,-0.959,-2.0315,0.004942,0.004942,1.0,1.0,-31.033978,-935.98761,-2.535939
3708.0,-0.9633,-2.0926,0.004608,0.004608,1.0,1.0,-31.015198,-935.992676,-2.532744
3710.0,-0.9664,-1.9705,0.004776,0.004776,1.0,1.0,-30.996433,-935.997742,-2.536491
3712.0,-0.9686,-1.6043,0.005562,0.005562,1.0,1.0,-30.977667,-936.002808,-2.504005
3714.0,-0.9718,-1.8484,0.004621,0.004621,1.0,1.0,-30.95899,-936.007813,-2.513673
3716.0,-0.975,-1.8484,0.004665,0.004665,1.0,1.0,-30.940296,-936.012939,-2.517179
3718.0,-0.9771,-1.6043,0.005188,0.005188,1.0,1.0,-30.9216,-936.017883,-2.512294
3720.0,-0.9792,-1.6653,0.004963,0.004963,1.0,1.0,-30.902925,-936.024048,-2.528642
3722.0,-0.9781,-1.3601,0.005819,0.005819,1.0,1.0,-30.884216,-936.028137,-2.52055
3724.0,-0.9769,-1.3601,0.005753,0.005753,1.0,1.0,-30.865536,-936.033203,-2.53809
3726.0,-0.9813,-1.7874,0.004941,0.004941,1.0,1.0,-30.846819,-936.038269,-2.541882
3728.0,-0.9835,-1.4822,0.005596,0.005596,1.0,1.0,-30.828098,-936.043335,-2.52997
3730.0,-0.9893,-1.7874,0.004699,0.004699,1.0,1.0,-30.809416,-936.049377,-2.531913
3732.0,-0.9905,-0.9939,0.006404,0.006404,1.0,1.0,-30.790735,-936.053589,-2.540515
3734.0,-0.9916,-0.9939,0.006476,0.006476,1.0,1.0,-30.772041,-936.058533,-2.540728
3736.0,-0.9952,-1.116,0.006147,0.006147,1.0,1.0,-30.753355,-936.063721,-2.548267
3738.0,-0.9941,-0.9329,0.006643,0.006643,1.0,1.0,-30.734657,-936.068848,-2.550658
3740.0,-0.9946,-0.9329,0.00666,0.00666,1.0,1.0,-30.71596,-936.074829,-2.547605
3742.0,-0.9938,-0.8719,0.006773,0.006773,1.0,1.0,-30.697277,-936.079102,-2.554624
3744.0,-0.993,-0.8719,0.006864,0.006864,1.0,1.0,-30.678585,-936.084167,-2.566817
3746.0,-0.9933,-0.8719,0.006993,0.006993,1.0,1.0,-30.65987,-936.089355,-2.583806
3748.0,-0.9953,-1.177,0.006483,0.006483,1.0,1.0,-30.641119,-936.094604,-2.587749
3750.0,-0.9968,-0.8719,0.007152,0.007152,1.0,1.0,-30.622366,-936.100586,-2.571564
3752.0,-0.9985,-0.9939,0.006681,0.006681,1.0,1.0,-30.603661,-936.104858,-2.567931
3754.0,-1.0002,-0.9939,0.006609,0.006609,1.0,1.0,-30.584972,-936.110046,-2.57431
3756.0,-0.998,-0.7498,0.007245,0.007245,1.0,1.0,-30.566277,-936.115234,-2.58293
3758.0,-1.0007,-1.116,0.006501,0.006501,1.0,1.0,-30.547565,-936.120361,-2.583023
3760.0,-0.9997,-0.7498,0.007308,0.007308,1.0,1.0,-30.528862,-936.126343,-2.550934
3762.0,-1.002,-0.8108,0.006784,0.006784,1.0,1.0,-30.510246,-936.130615,-2.53599
3764.0,-1.0043,-0.8108,0.006578,0.006578,1.0,1.0,-30.491676,-936.135742,-2.558766
3766.0,-1.0032,-0.5667,0.00737,0.00737,1.0,1.0,-30.473057,-936.140869,-2.548331
3768.0,-1.0046,-0.5057,0.007361,0.007361,1.0,1.0,-30.45447,-936.145935,-2.541907
3770.0,-1.003,-0.3836,0.007586,0.007586,1.0,1.0,-30.435907,-936.151733,-2.532446
3772.0,-1.0037,-0.4446,0.007337,0.007337,1.0,1.0,-30.417376,-936.156067,-2.507209
3774.0,-1.0044,-0.4446,0.007048,0.007048,1.0,1.0,-30.398914,-936.161011,-2.492145
3776.0,-1.0037,-0.3226,0.007161,0.007161,1.0,1.0,-30.380499,-936.165955,-2.477967
3778.0,-1.0019,-0.2615,0.007172,0.007172,1.0,1.0,-30.362125,-936.170898,-2.47578
3780.0,-1.0023,-0.4446,0.006747,0.006747,1.0,1.0,-30.343765,-936.176514,-2.473311
3782.0,-1.0011,-0.1394,0.0074,0.0074,1.0,1.0,-30.325418,-936.180786,-2.457187
3784.0,-0.9998,-0.1394,0.007249,0.007249,1.0,1.0,-30.307119,-936.185669,-2.422748
3786.0,-0.9995,-0.4446,0.006224,0.006224,1.0,1.0,-30.288916,-936.190491,-2.407661
3788.0,-0.9956,-0.2005,0.006659,0.006659,1.0,1.0,-30.270756,-936.195313,-2.407159
3790.0,-0.9975,-0.4446,0.006093,0.006093,1.0,1.0,-30.252605,-936.200684,-2.409293
3792.0,-0.9994,-0.4446,0.00608,0.00608,1.0,1.0,-30.234457,-936.204895,-2.399703
3794.0,-0.9982,-0.2615,0.006391,0.006391,1.0,1.0,-30.216339,-936.209595,-2.36255
3796.0,-1.0013,-0.3226,0.005796,0.005796,1.0,1.0,-30.198322,-936.214355,-2.345634
3798.0,-1.0003,0.1047,0.006551,0.006551,1.0,1.0,-30.180355,-936.218994,-2.331032
3800.0,-0.9992,0.2878,0.006806,0.006806,1.0,1.0,-30.162432,-936.224121,-2.322842
3802.0,-0.9982,0.2878,0.006737,0.006737,1.0,1.0,-30.144535,-936.228271,-2.330975
3804.0,-0.9958,0.3488,0.007003,0.007003,1.0,1.0,-30.126627,-936.23291,-2.321345
3806.0,-0.9915,0.5319,0.007373,0.007373,1.0,1.0,-30.108749,-936.237549,-2.301029
3808.0,-0.99,0.2268,0.006524,0.006524,1.0,1.0,-30.090929,-936.242188,-2.289917
3810.0,-0.9867,0.2878,0.0066,0.0066,1.0,1.0,-30.073145,-936.247131,-2.301817
3812.0,-0.9833,0.2878,0.006794,0.006794,1.0,1.0,-30.055338,-936.251404,-2.311387
3814.0,-0.9832,0.1047,0.006506,0.006506,1.0,1.0,-30.037514,-936.255981,-2.311835
3816.0,-0.9819,0.3488,0.007062,0.007062,1.0,1.0,-30.019695,-936.26062,-2.313357
3818.0,-0.9823,0.0437,0.006414,0.006414,1.0,1.0,-30.001881,-936.265259,-2.300311
3820.0,-0.9782,0.2268,0.006743,0.006743,1.0,1.0,-29.984106,-936.270264,-2.288365
3822.0,-0.9742,0.2268,0.006691,0.006691,1.0,1.0,-29.966368,-936.274536,-2.308489
3824.0,-0.9704,0.5319,0.007638,0.007638,1.0,1.0,-29.948586,-936.279175,-2.321606
3826.0,-0.9683,0.2268,0.007166,0.007166,1.0,1.0,-29.930779,-936.283813,-2.328948
3828.0,-0.9663,0.1657,0.007153,0.007153,1.0,1.0,-29.91296,-936.288513,-2.328992
3830.0,-0.9655,0.1657,0.007169,0.007169,1.0,1.0,-29.895149,-936.293518,-2.325654
3832.0,-0.9646,0.1657,0.007149,0.007149,1.0,1.0,-29.877354,-936.297913,-2.336986
3834.0,-0.9633,0.3488,0.007691,0.007691,1.0,1.0,-29.859537,-936.302612,-2.351311
3836.0,-0.9614,0.4099,0.008014,0.008014,1.0,1.0,-29.84169,-936.307373,-2.379129
3838.0,-0.9574,0.3488,0.008264,0.008264,1.0,1.0,-29.823782,-936.312195,-2.388658
3840.0,-0.9544,0.2878,0.008294,0.008294,1.0,1.0,-29.805857,-936.317261,-2.386244
3842.0,-0.9514,0.2878,0.008325,0.008325,1.0,1.0,-29.787945,-936.321838,-2.391443
3844.0,-0.9484,-0.0174,0.007784,0.007784,1.0,1.0,-29.770027,-936.32666,-2.400303
3846.0,-0.9439,0.4709,0.009016,0.009016,1.0,1.0,-29.752094,-936.331543,-2.420072
3848.0,-0.9429,-0.0784,0.008068,0.008068,1.0,1.0,-29.734118,-936.336426,-2.446185
3850.0,-0.942,-0.0784,0.008371,0.008371,1.0,1.0,-29.716084,-936.341614,-2.452532
3852.0,-0.9404,-0.0784,0.00847,0.00847,1.0,1.0,-29.69804,-936.346252,-2.450341
3854.0,-0.9391,-0.1394,0.00834,0.00834,1.0,1.0,-29.68001,-936.351196,-2.455091
3856.0,-0.9345,0.0437,0.008874,0.008874,1.0,1.0,-29.661974,-936.356201,-2.474826
3858.0,-0.9316,-0.2005,0.008618,0.008618,1.0,1.0,-29.643896,-936.361267,-2.500074
3860.0,-0.9288,-0.2005,0.008947,0.008947,1.0,1.0,-29.625763,-936.366333,-2.510114
3862.0,-0.9275,-0.3836,0.008689,0.008689,1.0,1.0,-29.607611,-936.371277,-2.510057
3864.0,-0.9276,-0.3226,0.008817,0.008817,1.0,1.0,-29.589466,-936.376282,-2.50177
3866.0,-0.9284,-0.3836,0.008581,0.008581,1.0,1.0,-29.57135,-936.381348,-2.506296
3868.0,-0.9261,-0.2615,0.008936,0.008936,1.0,1.0,-29.55323,-936.386353,-2.480089
3870.0,-0.9238,-0.2615,0.008694,0.008694,1.0,1.0,-29.535183,-936.391418,-2.501882
3872.0,-0.9236,-0.3836,0.008674,0.008674,1.0,1.0,-29.517088,-936.396362,-2.512178
3874.0,-0.9205,-0.2005,0.009238,0.009238,1.0,1.0,-29.498974,-936.401367,-2.500291
3876.0,-0.9198,-0.5667,0.008335,0.008335,1.0,1.0,-29.480898,-936.406372,-2.486175
3878.0,-0.9196,-0.5667,0.008184,0.008184,1.0,1.0,-29.462864,-936.411377,-2.489672
3880.0,-0.9195,-0.5667,0.008226,0.008226,1.0,1.0,-29.444828,-936.416382,-2.48531
3882.0,-0.919,-0.3226,0.008712,0.008712,1.0,1.0,-29.426811,-936.421387,-2.487134
3884.0,-0.9195,-0.4446,0.008459,0.008459,1.0,1.0,-29.408796,-936.426331,-2.482734
3886.0,-0.9199,-0.3226,0.008668,0.008668,1.0,1.0,-29.3908,-936.431274,-2.470597
3888.0,-0.9201,-0.2615,0.008662,0.008662,1.0,1.0,-29.372843,-936.436157,-2.453209
3890.0,-0.9203,-0.2615,0.008469,0.008469,1.0,1.0,-29.354935,-936.441101,-2.448545
3892.0,-0.9169,-0.3226,0.008352,0.008352,1.0,1.0,-29.337046,-936.445984,-2.442649
3894.0,-0.916,-0.6277,0.007649,0.007649,1.0,1.0,-29.31918,-936.450867,-2.439184
3896.0,-0.9155,-0.4446,0.008016,0.008016,1.0,1.0,-29.301329,-936.455688,-2.427007
3898.0,-0.9157,-0.3226,0.008142,0.008142,1.0,1.0,-29.283516,-936.46051,-2.411915
3900.0,-0.9159,-0.3226,0.007973,0.007973,1.0,1.0,-29.265747,-936.465332,-2.405258
3902.0,-0.9174,-0.2615,0.008004,0.008004,1.0,1.0,-29.248003,-936.470154,-2.390085
3904.0,-0.9169,-0.1394,0.00811,0.00811,1.0,1.0,-29.230305,-936.474915,-2.386527
3906.0,-0.9164,-0.1394,0.00808,0.00808,1.0,1.0,-29.212622,-936.479675,-2.381634
3908.0,-0.9134,-0.2005,0.007955,0.007955,1.0,1.0,-29.194958,-936.484436,-2.376651
3910.0,-0.9103,-0.2005,0.00796,0.00796,1.0,1.0,-29.177313,-936.489197,-2.374864
3912.0,-0.9093,-0.3226,0.007696,0.007696,1.0,1.0,-29.159679,-936.493896,-2.363153
3914.0,-0.9082,-0.3226,0.00759,0.00759,1.0,1.0,-29.142084,-936.498657,-2.370698
3916.0,-0.9069,-0.2615,0.007829,0.007829,1.0,1.0,-29.124475,-936.503479,-2.379292
3918.0,-0.9055,-0.2615,0.007949,0.007949,1.0,1.0,-29.106853,-936.50824,-2.373612
3920.0,-0.9066,-0.4446,0.007473,0.007473,1.0,1.0,-29.089252,-936.512939,-2.363825
3922.0,-0.9057,-0.5667,0.007121,0.007121,1.0,1.0,-29.071682,-936.5177,-2.364956
3924.0,-0.9052,-0.4446,0.007405,0.007405,1.0,1.0,-29.054117,-936.5224,-2.366238
3926.0,-0.9017,-0.3226,0.007749,0.007749,1.0,1.0,-29.036556,-936.527222,-2.373106
3928.0,-0.8982,-0.3226,0.00789,0.00789,1.0,1.0,-29.018984,-936.531982,-2.379778
3930.0,-0.897,-0.6277,0.00733,0.00733,1.0,1.0,-29.001402,-936.536743,-2.375056
3932.0,-0.897,-0.6277,0.007279,0.007279,1.0,1.0,-28.983839,-936.541504,-2.381301
3934.0,-0.8976,-0.5667,0.007467,0.007467,1.0,1.0,-28.966269,-936.546326,-2.386799
3936.0,-0.8987,-0.5667,0.007504,0.007504,1.0,1.0,-28.94869,-936.551086,-2.388366
3938.0,-0.8999,-0.5667,0.007499,0.007499,1.0,1.0,-28.931116,-936.555969,-2.395127
3940.0,-0.8991,-0.5667,0.007589,0.007589,1.0,1.0,-28.91353,-936.56073,-2.391474
3942.0,-0.8995,-0.6277,0.00741,0.00741,1.0,1.0,-28.895962,-936.565552,-2.395021
3944.0,-0.8967,-0.3836,0.008027,0.008027,1.0,1.0,-28.878391,-936.570313,-2.39569
3946.0,-0.895,-0.5667,0.007674,0.007674,1.0,1.0,-28.860826,-936.575195,-2.413699
3948.0,-0.8933,-0.5667,0.007902,0.007902,1.0,1.0,-28.843224,-936.580017,-2.428174
3950.0,-0.8926,-0.8108,0.007547,0.007547,1.0,1.0,-28.82559,-936.584961,-2.435259
3952.0,-0.8915,-0.9329,0.007383,0.007383,1.0,1.0,-28.807947,-936.589844,-2.43419
3954.0,-0.8922,-1.177,0.006834,0.006834,1.0,1.0,-28.790314,-936.594727,-2.439039
3956.0,-0.8928,-0.9939,0.007269,0.007269,1.0,1.0,-28.772675,-936.599609,-2.433558
3958.0,-0.8934,-0.9939,0.007198,0.007198,1.0,1.0,-28.755056,-936.604492,-2.442055
3960.0,-0.8944,-1.055,0.007139,0.007139,1.0,1.0,-28.737423,-936.609436,-2.45395
3962.0,-0.8915,-0.9939,0.007455,0.007455,1.0,1.0,-28.719769,-936.614319,-2.453245
3964.0,-0.8917,-1.2381,0.00692,0.00692,1.0,1.0,-28.702122,-936.619263,-2.443948
3966.0,-0.8939,-1.4822,0.00625,0.00625,1.0,1.0,-28.684505,-936.624146,-2.431909
3968.0,-0.8962,-1.4822,0.006075,0.006075,1.0,1.0,-28.666927,-936.628906,-2.411206
3970.0,-0.8969,-1.2381,0.006361,0.006361,1.0,1.0,-28.649408,-936.633789,-2.440067
3972.0,-0.9011,-1.4212,0.006202,0.006202,1.0,1.0,-28.631823,-936.638733,-2.443663
3974.0,-0.9014,-1.177,0.00676,0.00676,1.0,1.0,-28.614235,-936.643616,-2.415712
3976.0,-0.9035,-1.2381,0.006284,0.006284,1.0,1.0,-28.596725,-936.648376,-2.39447
3978.0,-0.9056,-1.2381,0.006012,0.006012,1.0,1.0,-28.579275,-936.653137,-2.38583
3980.0,-0.9038,-1.116,0.006215,0.006215,1.0,1.0,-28.561853,-936.657898,-2.377309
3982.0,-0.9047,-1.2991,0.005711,0.005711,1.0,1.0,-28.54446,-936.662659,-2.383071
3984.0,-0.9058,-1.4212,0.00549,0.00549,1.0,1.0,-28.52706,-936.66748,-2.386382
3986.0,-0.907,-1.4212,0.005505,0.005505,1.0,1.0,-28.509659,-936.67218,-2.36865
3988.0,-0.9073,-1.4212,0.005304,0.005304,1.0,1.0,-28.49231,-936.67688,-2.339459
3990.0,-0.9111,-1.7264,0.004258,0.004258,1.0,1.0,-28.47504,-936.681519,-2.324131
3992.0,-0.9128,-1.4212,0.004716,0.004716,1.0,1.0,-28.457817,-936.686157,-2.317539
3994.0,-0.9152,-1.7874,0.003809,0.003809,1.0,1.0,-28.440617,-936.690796,-2.320073
3996.0,-0.9177,-1.7874,0.003789,0.003789,1.0,1.0,-28.423416,-936.695435,-2.309793
3998.0,-0.918,-1.7264,0.003802,0.003802,1.0,1.0,-28.406248,-936.700012,-2.29493
4000.0,-0.9206,-1.8484,0.003329,0.003329,1.0,1.0,-28.389124,-936.70459,-2.272742
4002.0,-0.9238,-1.7874,0.003156,0.003156,1.0,1.0,-28.372063,-936.709106,-2.257863
4004.0,-0.927,-1.6043,0.003328,0.003328,1.0,1.0,-28.355045,-936.713562,-2.244095
4006.0,-0.9301,-1.6043,0.003118,0.003118,1.0,1.0,-28.33807,-936.718079,-2.247661
4008.0,-0.9356,-1.6653,0.002921,0.002921,1.0,1.0,-28.321093,-936.722534,-2.238108
4010.0,-0.9368,-1.2381,0.003712,0.003712,1.0,1.0,-28.304146,-936.727051,-2.213377
4012.0,-0.9403,-1.3601,0.003113,0.003113,1.0,1.0,-28.287268,-936.731384,-2.191364
4014.0,-0.9414,-1.116,0.003377,0.003377,1.0,1.0,-28.270452,-936.735718,-2.17955
4016.0,-0.9425,-1.116,0.003228,0.003228,1.0,1.0,-28.253674,-936.740112,-2.182472
4018.0,-0.9432,-1.177,0.003116,0.003116,1.0,1.0,-28.236893,-936.744507,-2.187634
4020.0,-0.9458,-1.2381,0.00299,0.00299,1.0,1.0,-28.220106,-936.748901,-2.201033
4022.0,-0.9457,-0.9329,0.003794,0.003794,1.0,1.0,-28.203293,-936.753235,-2.17687
4024.0,-0.949,-1.177,0.002942,0.002942,1.0,1.0,-28.186546,-936.757629,-2.164896
4026.0,-0.9523,-1.177,0.002748,0.002748,1.0,1.0,-28.169838,-936.761963,-2.155538
4028.0,-0.9537,-0.8108,0.003409,0.003409,1.0,1.0,-28.15316,-936.766235,-2.162606
4030.0,-0.9562,-0.6888,0.003699,0.003699,1.0,1.0,-28.136471,-936.77063,-2.169634
4032.0,-0.9566,-0.9939,0.003111,0.003111,1.0,1.0,-28.11977,-936.774963,-2.173952
4034.0,-0.9557,-0.8108,0.003571,0.003571,1.0,1.0,-28.103065,-936.779358,-2.165602
4036.0,-0.9547,-0.8108,0.003498,0.003498,1.0,1.0,-28.086388,-936.783691,-2.157212
4038.0,-0.9569,-1.055,0.00284,0.00284,1.0,1.0,-28.069738,-936.787964,-2.156397
4040.0,-0.9565,-0.6277,0.003756,0.003756,1.0,1.0,-28.053097,-936.792297,-2.162355
4042.0,-0.957,-0.6888,0.003681,0.003681,1.0,1.0,-28.036448,-936.796631,-2.179144
4044.0,-0.9579,-0.4446,0.004372,0.004372,1.0,1.0,-28.019762,-936.801025,-2.185923
4046.0,-0.9587,-0.4446,0.004429,0.004429,1.0,1.0,-28.003067,-936.805542,-2.19142
4048.0,-0.9595,-0.3836,0.004606,0.004606,1.0,1.0,-27.986364,-936.809875,-2.184792
4050.0,-0.96,-0.5057,0.004262,0.004262,1.0,1.0,-27.969685,-936.814209,-2.185784
4052.0,-0.9585,-0.6277,0.004039,0.004039,1.0,1.0,-27.953011,-936.818604,-2.195126
4054.0,-0.957,-0.6277,0.00417,0.00417,1.0,1.0,-27.936319,-936.823059,-2.206344
4056.0,-0.9564,-0.2615,0.005089,0.005089,1.0,1.0,-27.919607,-936.827515,-2.222742
4058.0,-0.9562,-0.2615,0.005272,0.005272,1.0,1.0,-27.902859,-936.83197,-2.226374
4060.0,-0.9553,-0.3836,0.005066,0.005066,1.0,1.0,-27.886108,-936.836426,-2.215396
4062.0,-0.9565,-0.4446,0.004792,0.004792,1.0,1.0,-27.869392,-936.840881,-2.206932
4064.0,-0.9577,-0.4446,0.004677,0.004677,1.0,1.0,-27.852705,-936.845337,-2.212512
4066.0,-0.9574,-0.2615,0.005137,0.005137,1.0,1.0,-27.83601,-936.849792,-2.227918
4068.0,-0.9569,-0.4446,0.004921,0.004921,1.0,1.0,-27.819283,-936.854248,-2.239503
4070.0,-0.9542,-0.2005,0.005624,0.005624,1.0,1.0,-27.802532,-936.858826,-2.245168
4072.0,-0.9511,-0.2005,0.005745,0.005745,1.0,1.0,-27.785774,-936.863342,-2.245915
4074.0,-0.9481,-0.2005,0.005812,0.005812,1.0,1.0,-27.769022,-936.867798,-2.241235
4076.0,-0.9499,-0.5667,0.004938,0.004938,1.0,1.0,-27.752289,-936.872253,-2.239414
4078.0,-0.9481,-0.4446,0.005215,0.005215,1.0,1.0,-27.735567,-936.87677,-2.250241
4080.0,-0.9491,-0.5667,0.005052,0.005052,1.0,1.0,-27.718824,-936.881348,-2.271445
4082.0,-0.9488,-0.5667,0.005287,0.005287,1.0,1.0,-27.702034,-936.885864,-2.238956
4084.0,-0.9486,-0.5667,0.004939,0.004939,1.0,1.0,-27.685333,-936.890381,-2.241237
4086.0,-0.9482,-0.4446,0.005233,0.005233,1.0,1.0,-27.668633,-936.894836,-2.235691
4088.0,-0.9487,-0.5057,0.005032,0.005032,1.0,1.0,-27.651953,-936.899292,-2.237385
4090.0,-0.9462,-0.4446,0.005229,0.005229,1.0,1.0,-27.635275,-936.903748,-2.234068
4092.0,-0.9455,-0.8108,0.00442,0.00442,1.0,1.0,-27.618612,-936.908203,-2.237386
4094.0,-0.9447,-0.8108,0.004471,0.004471,1.0,1.0,-27.601948,-936.912781,-2.235774
4096.0,-0.9449,-0.5057,0.005105,0.005105,1.0,1.0,-27.585295,-936.917236,-2.230582
4098.0,-0.9438,-0.3836,0.005334,0.005334,1.0,1.0,-27.568661,-936.921692,-2.223171
4100.0,-0.9473,-0.8719,0.004136,0.004136,1.0,1.0,-27.552052,-936.926086,-2.212386
4102.0,-0.9472,-0.6888,0.004414,0.004414,1.0,1.0,-27.535477,-936.930481,-2.202453
4104.0,-0.9471,-0.6888,0.004307,0.004307,1.0,1.0,-27.518934,-936.934875,-2.194446
4106.0,-0.9474,-0.3226,0.005002,0.005002,1.0,1.0,-27.502419,-936.939331,-2.189364
4108.0,-0.9462,-0.4446,0.004708,0.004708,1.0,1.0,-27.485922,-936.943665,-2.184733
4110.0,-0.9448,-0.6277,0.00429,0.00429,1.0,1.0,-27.469442,-936.947998,-2.171458
4112.0,-0.9435,-0.6277,0.004171,0.004171,1.0,1.0,-27.453003,-936.952332,-2.159133
4114.0,-0.9473,-0.7498,0.003702,0.003702,1.0,1.0,-27.436602,-936.956604,-2.153607
4116.0,-0.9472,-0.2005,0.004825,0.004825,1.0,1.0,-27.420221,-936.960876,-2.14287
4118.0,-0.9484,-0.3836,0.00429,0.00429,1.0,1.0,-27.403873,-936.96521,-2.131745
4120.0,-0.95,-0.5057,0.003875,0.003875,1.0,1.0,-27.38756,-936.969421,-2.122939
4122.0,-0.9516,-0.5057,0.003749,0.003749,1.0,1.0,-27.371275,-936.973694,-2.12016
4124.0,-0.9505,-0.1394,0.004528,0.004528,1.0,1.0,-27.355005,-936.977905,-2.115847
4126.0,-0.9515,-0.2615,0.0042,0.0042,1.0,1.0,-27.338753,-936.982117,-2.106322
4128.0,-0.9492,-0.0784,0.004532,0.004532,1.0,1.0,-27.322531,-936.986328,-2.096017
4130.0,-0.9494,-0.2005,0.004156,0.004156,1.0,1.0,-27.306341,-936.99054,-2.092686
4132.0,-0.9495,-0.2005,0.004117,0.004117,1.0,1.0,-27.290165,-936.994751,-2.090792
4134.0,-0.9499,-0.2615,0.003957,0.003957,1.0,1.0,-27.274,-936.998901,-2.091299
4136.0,-0.9485,-0.0174,0.004515,0.004515,1.0,1.0,-27.257841,-937.002991,-2.051681
4138.0,-0.9505,-0.1394,0.003783,0.003783,1.0,1.0,-27.241789,-937.00708,-2.056227
4140.0,-0.9494,0.4099,0.005034,0.005034,1.0,1.0,-27.225731,-937.01123,-2.072971
4142.0,-0.9483,0.4099,0.005237,0.005237,1.0,1.0,-27.209637,-937.015381,-2.065106
4144.0,-0.9447,0.593,0.005616,0.005616,1.0,1.0,-27.193569,-937.019592,-2.067885
4146.0,-0.9425,0.2268,0.004899,0.004899,1.0,1.0,-27.177502,-937.023743,-2.071291
4148.0,-0.9379,0.0437,0.004631,0.004631,1.0,1.0,-27.161432,-937.027893,-2.072765
4150.0,-0.9382,-0.2005,0.004117,0.004117,1.0,1.0,-27.145365,-937.032043,-2.081519
4152.0,-0.9385,-0.2005,0.004207,0.004207,1.0,1.0,-27.129282,-937.036194,-2.077319
4154.0,-0.9396,-0.0174,0.004532,0.004532,1.0,1.0,-27.113216,-937.040405,-2.076756
4156.0,-0.9379,0.1657,0.004954,0.004954,1.0,1.0,-27.097158,-937.044556,-2.073818
4158.0,-0.9388,-0.0174,0.004511,0.004511,1.0,1.0,-27.081114,-937.048706,-2.070765
4160.0,-0.9369,0.3488,0.005301,0.005301,1.0,1.0,-27.065083,-937.052856,-2.068283
4162.0,-0.9351,0.3488,0.005309,0.005309,1.0,1.0,-27.049065,-937.057007,-2.071907
4164.0,-0.9329,0.2878,0.00526,0.00526,1.0,1.0,-27.033045,-937.061157,-2.069878
4166.0,-0.9325,0.1047,0.004852,0.004852,1.0,1.0,-27.017036,-937.065308,-2.075861
4168.0,-0.9275,0.0437,0.00488,0.00488,1.0,1.0,-27.001019,-937.069519,-2.07569
4170.0,-0.9272,0.1047,0.005016,0.005016,1.0,1.0,-26.985008,-937.073669,-2.074197
4172.0,-0.9269,0.1047,0.005005,0.005005,1.0,1.0,-26.969007,-937.077759,-2.072487
4174.0,-0.9258,0.2268,0.005271,0.005271,1.0,1.0,-26.953018,-937.081909,-2.076188
4176.0,-0.923,0.1047,0.005102,0.005102,1.0,1.0,-26.937025,-937.086121,-2.08269
4178.0,-0.9248,-0.3226,0.004219,0.004219,1.0,1.0,-26.921022,-937.090332,-2.091463
4180.0,-0.9266,-0.3226,0.004281,0.004281,1.0,1.0,-26.905005,-937.094543,-2.086312
4182.0,-0.9238,0.1657,0.005327,0.005327,1.0,1.0,-26.889006,-937.098633,-2.071873
4184.0,-0.9224,-0.0174,0.004804,0.004804,1.0,1.0,-26.873049,-937.102783,-2.061613
4186.0,-0.9208,-0.0174,0.004724,0.004724,1.0,1.0,-26.857124,-937.106934,-2.064383
4188.0,-0.916,0.1047,0.005107,0.005107,1.0,1.0,-26.8412,-937.111084,-2.068677
4190.0,-0.9113,0.1047,0.005245,0.005245,1.0,1.0,-26.82527,-937.115173,-2.065931
4192.0,-0.9145,-0.4446,0.003972,0.003972,1.0,1.0,-26.809353,-937.119385,-2.059581
4194.0,-0.9173,-0.1394,0.004506,0.004506,1.0,1.0,-26.793459,-937.123474,-2.052582
4196.0,-0.9146,0.1657,0.005138,0.005138,1.0,1.0,-26.77759,-937.127502,-2.022534
4198.0,-0.9167,0.0437,0.004508,0.004508,1.0,1.0,-26.761803,-937.13147,-2.003918
4200.0,-0.9188,0.0437,0.004264,0.004264,1.0,1.0,-26.746067,-937.135559,-2.0318
4202.0,-0.9167,0.4099,0.005396,0.005396,1.0,1.0,-26.730268,-937.139587,-2.011791
4204.0,-0.9126,0.2268,0.004864,0.004864,1.0,1.0,-26.714527,-937.143677,-2.008961
4206.0,-0.9123,-0.0784,0.004181,0.004181,1.0,1.0,-26.698799,-937.147644,-1.996514
4208.0,-0.9078,0.2878,0.004921,0.004921,1.0,1.0,-26.683107,-937.151611,-1.987854
4210.0,-0.9032,0.2878,0.004914,0.004914,1.0,1.0,-26.667444,-937.155518,-1.968277
4212.0,-0.903,-0.0174,0.004049,0.004049,1.0,1.0,-26.651836,-937.159363,-1.946101
4214.0,-0.9053,-0.1394,0.0035,0.0035,1.0,1.0,-26.636292,-937.163208,-1.931944
4216.0,-0.9017,0.2878,0.004334,0.004334,1.0,1.0,-26.620789,-937.167175,-1.935234
4218.0,-0.902,0.1047,0.003972,0.003972,1.0,1.0,-26.605282,-937.171021,-1.924606
4220.0,-0.9022,0.1047,0.003852,0.003852,1.0,1.0,-26.589809,-937.174866,-1.920615
4222.0,-0.9023,0.1657,0.003938,0.003938,1.0,1.0,-26.574352,-937.17865,-1.906512
4224.0,-0.896,0.3488,0.004299,0.004299,1.0,1.0,-26.558937,-937.182373,-1.886612
4226.0,-0.8949,0.0437,0.003447,0.003447,1.0,1.0,-26.543577,-937.186096,-1.866583
4228.0,-0.8931,0.0437,0.003263,0.003263,1.0,1.0,-26.528275,-937.18988,-1.854054
4230.0,-0.8914,0.0437,0.003161,0.003161,1.0,1.0,-26.51301,-937.193604,-1.852157
4232.0,-0.8875,0.0437,0.003213,0.003213,1.0,1.0,-26.497755,-937.197266,-1.855687
4234.0,-0.8923,-0.3226,0.002374,0.002374,1.0,1.0,-26.482498,-937.200928,-1.83929
4236.0,-0.8941,0.1047,0.00308,0.00308,1.0,1.0,-26.467289,-937.204651,-1.837837
4238.0,-0.8907,0.3488,0.003653,0.003653,1.0,1.0,-26.452089,-937.208252,-1.80874
4240.0,-0.8874,0.3488,0.0034,0.0034,1.0,1.0,-26.436968,-937.211792,-1.779088
4242.0,-0.8887,0.1657,0.002658,0.002658,1.0,1.0,-26.421928,-937.215332,-1.765335
4244.0,-0.8858,0.4099,0.00309,0.00309,1.0,1.0,-26.406929,-937.218872,-1.754737
4246.0,-0.8821,0.2268,0.002652,0.002652,1.0,1.0,-26.391962,-937.222351,-1.757442
4248.0,-0.8783,0.2268,0.002753,0.002753,1.0,1.0,-26.376995,-937.22583,-1.74502
4250.0,-0.8816,-0.0784,0.001898,0.001898,1.0,1.0,-26.362064,-937.22937,-1.735784
4252.0,-0.8791,0.593,0.00329,0.00329,1.0,1.0,-26.347162,-937.232788,-1.730161
4254.0,-0.8757,0.715,0.003558,0.003558,1.0,1.0,-26.332281,-937.236206,-1.71138
4256.0,-0.8783,0.4709,0.002777,0.002777,1.0,1.0,-26.317453,-937.239563,-1.687601
4258.0,-0.881,0.4709,0.002468,0.002468,1.0,1.0,-26.302691,-937.24292,-1.686388
4260.0,-0.878,0.715,0.003036,0.003036,1.0,1.0,-26.287937,-937.246338,-1.692273
4262.0,-0.8707,0.8371,0.003503,0.003503,1.0,1.0,-26.273174,-937.249756,-1.688637
4264.0,-0.872,0.4709,0.002652,0.002652,1.0,1.0,-26.258427,-937.253113,-1.679141
4266.0,-0.8687,0.8982,0.00353,0.00353,1.0,1.0,-26.24371,-937.25647,-1.68545
4268.0,-0.8654,0.8982,0.003662,0.003662,1.0,1.0,-26.228983,-937.259827,-1.674395
4270.0,-0.8605,0.8371,0.003505,0.003505,1.0,1.0,-26.214289,-937.263123,-1.654863
4272.0,-0.8622,0.3488,0.002209,0.002209,1.0,1.0,-26.19965,-937.266357,-1.641677
4274.0,-0.8592,0.8371,0.003173,0.003173,1.0,1.0,-26.185049,-937.269714,-1.644762
4276.0,-0.8527,0.715,0.003069,0.003069,1.0,1.0,-26.170446,-937.27301,-1.649757
4278.0,-0.8463,0.715,0.003247,0.003247,1.0,1.0,-26.155838,-937.276367,-1.650386
4280.0,-0.8502,0.1047,0.001866,0.001866,1.0,1.0,-26.141233,-937.279602,-1.647141
4282.0,-0.8505,0.8371,0.0034,0.0034,1.0,1.0,-26.126642,-937.282898,-1.642195
4284.0,-0.8425,1.2644,0.004419,0.004419,1.0,1.0,-26.11207,-937.286194,-1.640174
4286.0,-0.839,0.715,0.003282,0.003282,1.0,1.0,-26.097509,-937.289429,-1.625961
4288.0,-0.8356,0.715,0.003193,0.003193,1.0,1.0,-26.082991,-937.292725,-1.620716
4290.0,-0.8359,0.593,0.002867,0.002867,1.0,1.0,-26.068489,-937.295898,-1.613199
4292.0,-0.83,0.9592,0.003686,0.003686,1.0,1.0,-26.054012,-937.299133,-1.616256
4294.0,-0.8272,0.4709,0.002724,0.002724,1.0,1.0,-26.039534,-937.302429,-1.627936
4296.0,-0.8299,0.3488,0.002537,0.002537,1.0,1.0,-26.025032,-937.305664,-1.623802
4298.0,-0.8325,0.3488,0.002441,0.002441,1.0,1.0,-26.010548,-937.30896,-1.63114
4300.0,-0.8273,0.654,0.003277,0.003277,1.0,1.0,-25.99605,-937.312256,-1.622232
4302.0,-0.8216,0.3488,0.002634,0.002634,1.0,1.0,-25.981581,-937.315491,-1.620607
4304.0,-0.8233,0.1657,0.00219,0.00219,1.0,1.0,-25.967121,-937.318665,-1.603031
4306.0,-0.825,0.1657,0.001966,0.001966,1.0,1.0,-25.952711,-937.321899,-1.611058
4308.0,-0.8232,0.715,0.003269,0.003269,1.0,1.0,-25.938286,-937.325134,-1.611764
4310.0,-0.816,0.654,0.003283,0.003283,1.0,1.0,-25.923866,-937.328369,-1.617213
4312.0,-0.8139,0.1657,0.002332,0.002332,1.0,1.0,-25.909437,-937.331665,-1.611867
4314.0,-0.8175,0.1047,0.002073,0.002073,1.0,1.0,-25.895027,-937.334839,-1.605811
4316.0,-0.8211,0.1047,0.001939,0.001939,1.0,1.0,-25.880638,-937.338074,-1.6083
4318.0,-0.8194,0.4099,0.002655,0.002655,1.0,1.0,-25.866249,-937.341309,-1.601979
4320.0,-0.8153,0.3488,0.002534,0.002534,1.0,1.0,-25.851883,-937.344482,-1.590185
4322.0,-0.8162,0.1047,0.001863,0.001863,1.0,1.0,-25.837551,-937.347595,-1.579665
4324.0,-0.8152,0.4099,0.002425,0.002425,1.0,1.0,-25.823252,-937.350769,-1.572833
4326.0,-0.8141,0.4099,0.002371,0.002371,1.0,1.0,-25.808975,-937.353943,-1.575711
4328.0,-0.8075,0.654,0.003054,0.003054,1.0,1.0,-25.794697,-937.357117,-1.579836
4330.0,-0.8052,0.2878,0.002356,0.002356,1.0,1.0,-25.780415,-937.360291,-1.581697
4332.0,-0.8085,0.0437,0.001788,0.001788,1.0,1.0,-25.766132,-937.363403,-1.566303
4334.0,-0.8055,0.654,0.00299,0.00299,1.0,1.0,-25.751896,-937.366516,-1.562794
4336.0,-0.8025,0.654,0.003009,0.003009,1.0,1.0,-25.737673,-937.36969,-1.562704
4338.0,-0.7967,0.4099,0.002595,0.002595,1.0,1.0,-25.723455,-937.372742,-1.541752
4340.0,-0.7962,-0.0784,0.001327,0.001327,1.0,1.0,-25.709297,-937.375732,-1.525298
4342.0,-0.8001,-0.0174,0.001204,0.001204,1.0,1.0,-25.695185,-937.378845,-1.531787
4344.0,-0.7955,0.593,0.002675,0.002675,1.0,1.0,-25.681063,-937.381836,-1.499898
4346.0,-0.7909,0.593,0.002416,0.002416,1.0,1.0,-25.667027,-937.384827,-1.490312
4348.0,-0.7856,0.4099,0.002019,0.002019,1.0,1.0,-25.653019,-937.387817,-1.487713
4350.0,-0.7877,-0.0174,0.001033,0.001033,1.0,1.0,-25.639025,-937.390747,-1.483342
4352.0,-0.7902,0.2878,0.001594,0.001594,1.0,1.0,-25.625046,-937.393677,-1.464831
4354.0,-0.7852,0.7761,0.002538,0.002538,1.0,1.0,-25.61112,-937.396606,-1.463832
4356.0,-0.7802,0.7761,0.002622,0.002622,1.0,1.0,-25.597202,-937.399536,-1.460526
4358.0,-0.7728,0.593,0.002334,0.002334,1.0,1.0,-25.583298,-937.402466,-1.448181
4360.0,-0.7746,0.0437,0.000985,0.000985,1.0,1.0,-25.569429,-937.405273,-1.42241
4362.0,-0.7768,0.1047,0.000794,0.000794,1.0,1.0,-25.555632,-937.408081,-1.409057
4364.0,-0.7731,0.5319,0.001638,0.001638,1.0,1.0,-25.541874,-937.410828,-1.399642
4366.0,-0.7694,0.5319,0.001606,0.001606,1.0,1.0,-25.528145,-937.413635,-1.400527
4368.0,-0.7627,0.2268,0.001089,0.001089,1.0,1.0,-25.51442,-937.416443,-1.390622
4370.0,-0.7636,-0.2005,4.5e-05,4.5e-05,1.0,1.0,-25.500725,-937.419189,-1.376657
4372.0,-0.7687,-0.0174,0.000188,0.000188,1.0,1.0,-25.48707,-937.421875,-1.353869
4374.0,-0.7739,-0.0174,-0.000159,-0.000159,1.0,1.0,-25.473478,-937.424561,-1.347437
4376.0,-0.7713,0.593,0.001133,0.001133,1.0,1.0,-25.459908,-937.427246,-1.340467
4378.0,-0.7653,0.4709,0.00091,0.00091,1.0,1.0,-25.44636,-937.429932,-1.3272
4380.0,-0.7638,0.1047,7e-06,7e-06,1.0,1.0,-25.432852,-937.432495,-1.297351
4382.0,-0.7689,-0.0174,-0.000679,-0.000679,1.0,1.0,-25.419424,-937.435059,-1.28017
4384.0,-0.7741,-0.0174,-0.000964,-0.000964,1.0,1.0,-25.406044,-937.437622,-1.268727
4386.0,-0.7734,0.5319,0.000105,0.000105,1.0,1.0,-25.392698,-937.440125,-1.264968
4388.0,-0.7663,0.654,0.000464,0.000464,1.0,1.0,-25.379368,-937.442627,-1.25433
4390.0,-0.763,0.1047,-0.00077,-0.00077,1.0,1.0,-25.36607,-937.445129,-1.24667
4392.0,-0.768,-0.2005,-0.001606,-0.001606,1.0,1.0,-25.352795,-937.44751,-1.223629
4394.0,-0.773,-0.2005,-0.001952,-0.001952,1.0,1.0,-25.339584,-937.449951,-1.196997
4396.0,-0.7776,0.5319,-0.000756,-0.000756,1.0,1.0,-25.326445,-937.452271,-1.178473
4398.0,-0.7734,1.0813,0.000304,0.000304,1.0,1.0,-25.313358,-937.45459,-1.175955
4400.0,-0.7624,0.8982,9.4e-05,9.4e-05,1.0,1.0,-25.300283,-937.45697,-1.176486
4402.0,-0.757,0.3488,-0.000978,-0.000978,1.0,1.0,-25.287212,-937.45929,-1.164623
4404.0,-0.7516,0.3488,-0.001003,-0.001003,1.0,1.0,-25.274176,-937.461609,-1.147237
4406.0,-0.7547,-0.0174,-0.00204,-0.00204,1.0,1.0,-25.261189,-937.463867,-1.126898
4408.0,-0.7581,0.2878,-0.00167,-0.00167,1.0,1.0,-25.248257,-937.466064,-1.110538
4410.0,-0.7547,0.7761,-0.000733,-0.000733,1.0,1.0,-25.235371,-937.468262,-1.109611
4412.0,-0.7461,0.5319,-0.001102,-0.001102,1.0,1.0,-25.222492,-937.470459,-1.107269
4414.0,-0.7375,0.5319,-0.000962,-0.000962,1.0,1.0,-25.209625,-937.472656,-1.102004
4416.0,-0.7357,0.0437,-0.002036,-0.002036,1.0,1.0,-25.196777,-937.474792,-1.084362
4418.0,-0.7387,-0.0174,-0.002416,-0.002416,1.0,1.0,-25.183979,-937.476929,-1.065067
4420.0,-0.741,0.2878,-0.002015,-0.002015,1.0,1.0,-25.171234,-937.479004,-1.044258
4422.0,-0.7379,0.593,-0.001525,-0.001525,1.0,1.0,-25.158546,-937.481079,-1.033443
4424.0,-0.7347,0.593,-0.001582,-0.001582,1.0,1.0,-25.145891,-937.483154,-1.034099
4426.0,-0.7274,0.4709,-0.001696,-0.001696,1.0,1.0,-25.13324,-937.485168,-1.024419
4428.0,-0.7248,0.0437,-0.00267,-0.00267,1.0,1.0,-25.120617,-937.487183,-1.00408
4430.0,-0.7298,-0.3226,-0.003776,-0.003776,1.0,1.0,-25.108049,-937.489197,-0.988409
4432.0,-0.7383,0.1047,-0.00319,-0.00319,1.0,1.0,-25.095528,-937.491089,-0.954957
4434.0,-0.7467,0.1047,-0.003715,-0.003715,1.0,1.0,-25.083094,-937.49292,-0.938911
4436.0,-0.7464,1.0813,-0.001784,-0.001784,1.0,1.0,-25.070705,-937.494751,-0.932842
4438.0,-0.7383,1.3254,-0.00117,-0.00117,1.0,1.0,-25.058338,-937.496643,-0.926843
4440.0,-0.726,0.9592,-0.001786,-0.001786,1.0,1.0,-25.04599,-937.498535,-0.930998
4442.0,-0.7137,0.9592,-0.001505,-0.001505,1.0,1.0,-25.033636,-937.500366,-0.916228
4444.0,-0.7101,0.2268,-0.003171,-0.003171,1.0,1.0,-25.021324,-937.502197,-0.923786
4446.0,-0.7135,0.1047,-0.003418,-0.003418,1.0,1.0,-25.008999,-937.503906,-0.885123
4448.0,-0.7213,0.4709,-0.0032,-0.0032,1.0,1.0,-24.996775,-937.505615,-0.852879
4450.0,-0.7236,1.2033,-0.002021,-0.002021,1.0,1.0,-24.984638,-937.507263,-0.839057
4452.0,-0.726,1.2033,-0.002217,-0.002217,1.0,1.0,-24.97254,-937.508911,-0.821656
4454.0,-0.7195,1.5085,-0.001625,-0.001625,1.0,1.0,-24.960491,-937.510559,-0.815584
4456.0,-0.7078,1.0813,-0.002386,-0.002386,1.0,1.0,-24.948462,-937.512207,-0.81704
4458.0,-0.6989,0.715,-0.002986,-0.002986,1.0,1.0,-24.936434,-937.513794,-0.819497
4460.0,-0.6979,0.4709,-0.003465,-0.003465,1.0,1.0,-24.924404,-937.515381,-0.800953
4462.0,-0.6969,0.4709,-0.003648,-0.003648,1.0,1.0,-24.912426,-937.516968,-0.780622
4464.0,-0.7015,0.4099,-0.004088,-0.004088,1.0,1.0,-24.900503,-937.518433,-0.756609
4466.0,-0.7069,0.8982,-0.003404,-0.003404,1.0,1.0,-24.888647,-937.519897,-0.734821
4468.0,-0.7067,1.3864,-0.002588,-0.002588,1.0,1.0,-24.87685,-937.521606,-0.712869
4470.0,-0.6978,1.7526,-0.001868,-0.001868,1.0,1.0,-24.865112,-937.522827,-0.715514
4472.0,-0.6898,1.7526,-0.001685,-0.001685,1.0,1.0,-24.853373,-937.52417,-0.710927
4474.0,-0.6778,1.3254,-0.002424,-0.002424,1.0,1.0,-24.84165,-937.525635,-0.711213
4476.0,-0.6677,0.715,-0.003539,-0.003539,1.0,1.0,-24.829931,-937.527039,-0.711898
4478.0,-0.6646,0.3488,-0.00426,-0.00426,1.0,1.0,-24.818214,-937.528687,-0.696468
4480.0,-0.6693,0.3488,-0.004517,-0.004517,1.0,1.0,-24.806541,-937.529785,-0.684184
4482.0,-0.6736,0.3488,-0.004734,-0.004734,1.0,1.0,-24.794905,-937.531067,-0.657535
4484.0,-0.6804,0.5319,-0.00476,-0.00476,1.0,1.0,-24.783339,-937.532288,-0.622382
4486.0,-0.6861,1.0202,-0.004203,-0.004203,1.0,1.0,-24.771866,-937.533447,-0.600153
4488.0,-0.6837,1.8137,-0.002693,-0.002693,1.0,1.0,-24.760454,-937.53479,-0.575271
4490.0,-0.6749,2.0578,-0.002269,-0.002269,1.0,1.0,-24.749109,-937.535767,-0.565786
4492.0,-0.6665,2.0578,-0.002211,-0.002211,1.0,1.0,-24.737793,-937.536865,-0.564211
4494.0,-0.6528,1.8747,-0.00236,-0.00236,1.0,1.0,-24.726484,-937.537964,-0.562154
4496.0,-0.6412,1.5085,-0.002946,-0.002946,1.0,1.0,-24.715185,-937.539124,-0.568933
4498.0,-0.6355,0.593,-0.004731,-0.004731,1.0,1.0,-24.703875,-937.540466,-0.568721
4500.0,-0.6349,0.3488,-0.005248,-0.005248,1.0,1.0,-24.692568,-937.541382,-0.563558
4502.0,-0.6343,0.3488,-0.005293,-0.005293,1.0,1.0,-24.681278,-937.54248,-0.55285
4504.0,-0.6384,0.3488,-0.005488,-0.005488,1.0,1.0,-24.670021,-937.543579,-0.531771
4506.0,-0.6428,0.654,-0.005145,-0.005145,1.0,1.0,-24.658821,-937.544556,-0.514468
4508.0,-0.6437,1.0202,-0.004563,-0.004563,1.0,1.0,-24.647669,-937.545654,-0.485677
4510.0,-0.6446,1.0202,-0.004894,-0.004894,1.0,1.0,-24.636593,-937.546387,-0.458477
4512.0,-0.642,1.5695,-0.00396,-0.00396,1.0,1.0,-24.625591,-937.547241,-0.435219
4514.0,-0.6352,1.8137,-0.003557,-0.003557,1.0,1.0,-24.614651,-937.548096,-0.42118
4516.0,-0.6284,1.8747,-0.003447,-0.003447,1.0,1.0,-24.60375,-937.548889,-0.403702
4518.0,-0.6219,1.8137,-0.003644,-0.003644,1.0,1.0,-24.592899,-937.549744,-0.391405
4520.0,-0.6154,1.8137,-0.003653,-0.003653,1.0,1.0,-24.582083,-937.550415,-0.381403
4522.0,-0.612,1.5695,-0.004223,-0.004223,1.0,1.0,-24.571295,-937.551208,-0.39172
4524.0,-0.6088,1.2644,-0.004705,-0.004705,1.0,1.0,-24.560486,-937.552002,-0.385255
4526.0,-0.6049,1.3254,-0.004568,-0.004568,1.0,1.0,-24.549698,-937.552734,-0.390867
4528.0,-0.5994,1.1423,-0.004796,-0.004796,1.0,1.0,-24.5389,-937.553589,-0.385104
4530.0,-0.5939,1.1423,-0.004754,-0.004754,1.0,1.0,-24.528122,-937.55426,-0.382411
4532.0,-0.5873,0.8371,-0.005311,-0.005311,1.0,1.0,-24.517353,-937.555054,-0.374906
4534.0,-0.5817,0.4099,-0.006204,-0.006204,1.0,1.0,-24.506609,-937.555725,-0.363749
4536.0,-0.5785,0.2878,-0.006526,-0.006526,1.0,1.0,-24.495897,-937.556396,-0.347592
4538.0,-0.5793,0.1657,-0.00698,-0.00698,1.0,1.0,-24.485229,-937.557129,-0.318417
4540.0,-0.5801,0.1657,-0.007314,-0.007314,1.0,1.0,-24.47464,-937.557617,-0.290005
4542.0,-0.5844,0.3488,-0.007311,-0.007311,1.0,1.0,-24.464125,-937.558044,-0.254121
4544.0,-0.5904,0.9592,-0.006505,-0.006505,1.0,1.0,-24.453705,-937.558472,-0.225575
4546.0,-0.5969,1.6916,-0.005365,-0.005365,1.0,1.0,-24.443361,-937.558838,-0.190091
4548.0,-0.6008,2.424,-0.004251,-0.004251,1.0,1.0,-24.433111,-937.559082,-0.143763
4550.0,-0.6046,2.424,-0.004829,-0.004829,1.0,1.0,-24.422981,-937.559265,-0.111115
4552.0,-0.6053,3.0344,-0.003885,-0.003885,1.0,1.0,-24.412937,-937.559387,-0.078284
4554.0,-0.6023,3.7058,-0.002742,-0.002742,1.0,1.0,-24.402979,-937.559448,-0.039078
4556.0,-0.5969,4.3161,-0.001752,-0.001752,1.0,1.0,-24.393124,-937.559448,-0.011172
4558.0,-0.5888,4.9265,-0.000587,-0.000587,1.0,1.0,-24.383343,-937.559326,0.01875
4560.0,-0.5806,4.9265,-0.000756,-0.000756,1.0,1.0,-24.37364,-937.559265,0.040853
4562.0,-0.5717,5.0485,-0.000563,-0.000563,1.0,1.0,-24.363997,-937.559082,0.061825
4564.0,-0.5604,5.2316,-0.000181,-0.000181,1.0,1.0,-24.35441,-937.55896,0.08225
4566.0,-0.5507,5.4148,0.000178,0.000178,1.0,1.0,-24.344879,-937.558716,0.090494
4568.0,-0.5409,5.4148,0.000275,0.000275,1.0,1.0,-24.335373,-937.558472,0.108944
4570.0,-0.531,5.5979,0.000659,0.000659,1.0,1.0,-24.325916,-937.558228,0.118024
4572.0,-0.5198,5.5368,0.000643,0.000643,1.0,1.0,-24.316486,-937.557983,0.129475
4574.0,-0.5063,5.6589,0.00104,0.00104,1.0,1.0,-24.307089,-937.557739,0.131752
4576.0,-0.4911,5.4758,0.000915,0.000915,1.0,1.0,-24.297701,-937.557373,0.147554
4578.0,-0.4758,5.4758,0.001036,0.001036,1.0,1.0,-24.288357,-937.557068,0.149962
4580.0,-0.4593,5.2927,0.000931,0.000931,1.0,1.0,-24.279022,-937.556763,0.157414
4582.0,-0.4429,4.8654,0.000247,0.000247,1.0,1.0,-24.269711,-937.556519,0.153076
4584.0,-0.4279,4.3772,-0.000467,-0.000467,1.0,1.0,-24.260391,-937.556152,0.15723
4586.0,-0.4137,4.133,-0.000764,-0.000764,1.0,1.0,-24.251085,-937.555847,0.156544
4588.0,-0.3995,4.133,-0.000485,-0.000485,1.0,1.0,-24.241781,-937.555542,0.143485
4590.0,-0.3879,3.2785,-0.001957,-0.001957,1.0,1.0,-24.232449,-937.555298,0.146611
4592.0,-0.3763,2.9733,-0.002425,-0.002425,1.0,1.0,-24.223127,-937.554993,0.141098
4594.0,-0.3644,2.6682,-0.002792,-0.002792,1.0,1.0,-24.213797,-937.554749,0.13556
4596.0,-0.3515,2.1189,-0.003666,-0.003666,1.0,1.0,-24.204456,-937.554504,0.11997
4598.0,-0.3386,2.1189,-0.003249,-0.003249,1.0,1.0,-24.19508,-937.554321,0.111666
4600.0,-0.3264,1.3254,-0.00463,-0.00463,1.0,1.0,-24.185686,-937.554077,0.10021
4602.0,-0.3142,0.593,-0.005846,-0.005846,1.0,1.0,-24.176268,-937.553955,0.08598
4604.0,-0.3043,-0.0784,-0.006946,-0.006946,1.0,1.0,-24.166817,-937.553833,0.072035
4606.0,-0.2974,-0.9329,-0.008499,-0.008499,1.0,1.0,-24.157335,-937.553711,0.058764
4608.0,-0.2905,-0.9329,-0.008222,-0.008222,1.0,1.0,-24.147823,-937.553589,0.050863
4610.0,-0.2883,-1.7264,-0.009799,-0.009799,1.0,1.0,-24.138296,-937.553528,0.046974
4612.0,-0.2876,-2.3367,-0.011055,-0.011055,1.0,1.0,-24.128763,-937.553467,0.033511
4614.0,-0.2883,-2.5809,-0.011448,-0.011448,1.0,1.0,-24.1192,-937.553467,0.023267
4616.0,-0.2893,-2.764,-0.01175,-0.01175,1.0,1.0,-24.109615,-937.553406,0.018256
4618.0,-0.2903,-2.764,-0.011714,-0.011714,1.0,1.0,-24.100021,-937.553345,0.013502
4620.0,-0.2917,-3.3133,-0.01287,-0.01287,1.0,1.0,-24.09042,-937.553345,0.008208
4622.0,-0.2946,-3.8016,-0.013919,-0.013919,1.0,1.0,-24.080809,-937.553345,0.002952
4624.0,-0.2983,-4.0457,-0.014457,-0.014457,1.0,1.0,-24.071188,-937.553345,0.004201
4626.0,-0.3041,-4.0457,-0.014582,-0.014582,1.0,1.0,-24.061573,-937.553345,-0.001647
4628.0,-0.3098,-4.0457,-0.014629,-0.014629,1.0,1.0,-24.051949,-937.553345,0.003009
4630.0,-0.3171,-4.4119,-0.015607,-0.015607,1.0,1.0,-24.042339,-937.553345,0.000149
4632.0,-0.3263,-4.595,-0.016145,-0.016145,1.0,1.0,-24.032726,-937.553345,0.003136
4634.0,-0.3356,-4.656,-0.016487,-0.016487,1.0,1.0,-24.023125,-937.553345,0.006641
4636.0,-0.3448,-4.656,-0.016703,-0.016703,1.0,1.0,-24.013536,-937.553345,0.010135
4638.0,-0.3534,-4.4729,-0.016511,-0.016511,1.0,1.0,-24.00396,-937.553284,0.014587
4640.0,-0.3618,-4.534,-0.016853,-0.016853,1.0,1.0,-23.994398,-937.553223,0.014485
4642.0,-0.3706,-4.4729,-0.01689,-0.01689,1.0,1.0,-23.98484,-937.553223,0.014599
4644.0,-0.3774,-4.2898,-0.016628,-0.016628,1.0,1.0,-23.975286,-937.553162,0.018011
4646.0,-0.3842,-4.2898,-0.016795,-0.016795,1.0,1.0,-23.965746,-937.553101,0.024104
4648.0,-0.3925,-4.595,-0.017676,-0.017676,1.0,1.0,-23.956224,-937.553101,0.023802
4650.0,-0.4009,-4.656,-0.017966,-0.017966,1.0,1.0,-23.946705,-937.552979,0.027389
4652.0,-0.41,-4.4729,-0.017786,-0.017786,1.0,1.0,-23.937199,-937.552979,0.022994
4654.0,-0.4195,-4.595,-0.018184,-0.018184,1.0,1.0,-23.927685,-937.552917,0.024855
4656.0,-0.4291,-4.595,-0.018388,-0.018388,1.0,1.0,-23.91818,-937.552795,0.040175
4658.0,-0.4386,-4.3509,-0.018211,-0.018211,1.0,1.0,-23.908718,-937.552734,0.042983
4660.0,-0.4478,-4.2288,-0.018155,-0.018155,1.0,1.0,-23.899267,-937.552612,0.040338
4662.0,-0.4563,-4.4119,-0.018685,-0.018685,1.0,1.0,-23.889812,-937.552551,0.043419
4664.0,-0.4648,-4.3509,-0.018749,-0.018749,1.0,1.0,-23.880369,-937.552429,0.049345
4666.0,-0.4732,-4.3509,-0.018976,-0.018976,1.0,1.0,-23.870945,-937.552307,0.055756
4668.0,-0.4806,-4.1678,-0.018794,-0.018794,1.0,1.0,-23.86154,-937.552246,0.056332
4670.0,-0.4888,-4.2898,-0.01922,-0.01922,1.0,1.0,-23.85214,-937.552124,0.05452
4672.0,-0.4975,-4.3509,-0.019498,-0.019498,1.0,1.0,-23.842741,-937.552002,0.060861
4674.0,-0.5071,-4.1678,-0.019358,-0.019358,1.0,1.0,-23.833361,-937.551819,0.064347
4676.0,-0.5167,-4.1678,-0.01958,-0.01958,1.0,1.0,-23.823994,-937.551697,0.071664
4678.0,-0.526,-3.9847,-0.019445,-0.019445,1.0,1.0,-23.814648,-937.551514,0.069472
4680.0,-0.5343,-3.9236,-0.019449,-0.019449,1.0,1.0,-23.8053,-937.551392,0.078381
4682.0,-0.5419,-3.8626,-0.01956,-0.01956,1.0,1.0,-23.795979,-937.551208,0.074492
4684.0,-0.5491,-3.8626,-0.019657,-0.019657,1.0,1.0,-23.786652,-937.551025,0.079189
4686.0,-0.5563,-3.8626,-0.019846,-0.019846,1.0,1.0,-23.77734,-937.550903,0.086343
4688.0,-0.5626,-3.9236,-0.020175,-0.020175,1.0,1.0,-23.768049,-937.55072,0.08445
4690.0,-0.5695,-3.9847,-0.020418,-0.020418,1.0,1.0,-23.758759,-937.550537,0.087029
4692.0,-0.5774,-3.9847,-0.020598,-0.020598,1.0,1.0,-23.749477,-937.550354,0.09004
4694.0,-0.5864,-3.8626,-0.02054,-0.02054,1.0,1.0,-23.740208,-937.550171,0.094991
4696.0,-0.5953,-3.8626,-0.020766,-0.020766,1.0,1.0,-23.730953,-937.549927,0.102875
4698.0,-0.6033,-3.6184,-0.02048,-0.02048,1.0,1.0,-23.721724,-937.549744,0.111045
4700.0,-0.6134,-3.6795,-0.020894,-0.020894,1.0,1.0,-23.712517,-937.5495,0.115106
4702.0,-0.6214,-3.4353,-0.020567,-0.020567,1.0,1.0,-23.703325,-937.549255,0.122586
4704.0,-0.6294,-3.4353,-0.020803,-0.020803,1.0,1.0,-23.694157,-937.54895,0.128165
4706.0,-0.638,-3.1302,-0.020372,-0.020372,1.0,1.0,-23.685005,-937.548706,0.140767
4708.0,-0.6456,-2.825,-0.019998,-0.019998,1.0,1.0,-23.675888,-937.54834,0.152218
4710.0,-0.6542,-2.9471,-0.02055,-0.02055,1.0,1.0,-23.666803,-937.547974,0.167338
4712.0,-0.6629,-2.5198,-0.019964,-0.019964,1.0,1.0,-23.657761,-937.547607,0.180655
4714.0,-0.6717,-2.5198,-0.020277,-0.020277,1.0,1.0,-23.648756,-937.547241,0.204928
4716.0,-0.681,-1.9705,-0.019539,-0.019539,1.0,1.0,-23.639814,-937.546753,0.223905
4718.0,-0.6912,-1.6043,-0.019154,-0.019154,1.0,1.0,-23.630924,-937.546204,0.244396
4720.0,-0.7008,-0.8108,-0.017854,-0.017854,1.0,1.0,-23.622089,-937.545593,0.280892
4722.0,-0.7087,-0.1394,-0.01696,-0.01696,1.0,1.0,-23.61335,-937.544983,0.306839
4724.0,-0.7165,-0.1394,-0.017393,-0.017393,1.0,1.0,-23.604679,-937.544312,0.332312
4726.0,-0.7228,0.593,-0.016216,-0.016216,1.0,1.0,-23.596075,-937.543579,0.360116
4728.0,-0.7265,1.1423,-0.015408,-0.015408,1.0,1.0,-23.587545,-937.542725,0.384194
4730.0,-0.727,1.7526,-0.014368,-0.014368,1.0,1.0,-23.579079,-937.541931,0.406097
4732.0,-0.7243,2.302,-0.013372,-0.013372,1.0,1.0,-23.570671,-937.541016,0.419038
4734.0,-0.7215,2.302,-0.013459,-0.013459,1.0,1.0,-23.5623,-937.540161,0.430864
4736.0,-0.7155,2.6071,-0.012817,-0.012817,1.0,1.0,-23.553961,-937.539307,0.435345
4738.0,-0.7063,2.6071,-0.012689,-0.012689,1.0,1.0,-23.545637,-937.538452,0.430166
4740.0,-0.696,2.424,-0.01283,-0.01283,1.0,1.0,-23.537304,-937.537598,0.418181
4742.0,-0.6858,1.8137,-0.013815,-0.013815,1.0,1.0,-23.528944,-937.536804,0.409158
4744.0,-0.6755,1.8137,-0.01352,-0.01352,1.0,1.0,-23.520565,-937.536011,0.397213
4746.0,-0.6663,1.3864,-0.014131,-0.014131,1.0,1.0,-23.512159,-937.535278,0.387545
4748.0,-0.6585,0.7761,-0.015189,-0.015189,1.0,1.0,-23.503733,-937.534485,0.380803
4750.0,-0.6537,0.2878,-0.016073,-0.016073,1.0,1.0,-23.495291,-937.533752,0.378701
4752.0,-0.6515,-0.1394,-0.016927,-0.016927,1.0,1.0,-23.486847,-937.532959,0.382272
4754.0,-0.6494,-0.1394,-0.016925,-0.016925,1.0,1.0,-23.478416,-937.532166,0.397531
4756.0,-0.6512,-0.1394,-0.017126,-0.017126,1.0,1.0,-23.470028,-937.53125,0.422294
4758.0,-0.655,-0.0174,-0.017207,-0.017207,1.0,1.0,-23.461704,-937.530396,0.442487
4760.0,-0.6593,0.4099,-0.01659,-0.01659,1.0,1.0,-23.453436,-937.529419,0.473262
4762.0,-0.6636,0.4099,-0.017008,-0.017008,1.0,1.0,-23.445248,-937.528381,0.498564
4764.0,-0.6669,1.0202,-0.016033,-0.016033,1.0,1.0,-23.437126,-937.527283,0.523009
4766.0,-0.6667,1.6306,-0.014983,-0.014983,1.0,1.0,-23.42907,-937.526184,0.541034
4768.0,-0.6627,1.8747,-0.014578,-0.014578,1.0,1.0,-23.421061,-937.525085,0.553216
4770.0,-0.6554,2.1189,-0.014046,-0.014046,1.0,1.0,-23.413086,-937.523926,0.557424
4772.0,-0.6482,2.1189,-0.013952,-0.013952,1.0,1.0,-23.405125,-937.522827,0.556432
4774.0,-0.6393,1.7526,-0.014558,-0.014558,1.0,1.0,-23.397163,-937.521729,0.550241
4776.0,-0.631,1.3254,-0.015249,-0.015249,1.0,1.0,-23.389191,-937.520691,0.539973
4778.0,-0.6258,0.8371,-0.016089,-0.016089,1.0,1.0,-23.381195,-937.519531,0.54205
4780.0,-0.6253,0.3488,-0.017152,-0.017152,1.0,1.0,-23.373209,-937.518433,0.552995
4782.0,-0.6249,0.3488,-0.017262,-0.017262,1.0,1.0,-23.365253,-937.517334,0.567915
4784.0,-0.6272,0.4099,-0.017338,-0.017338,1.0,1.0,-23.357338,-937.516113,0.597127
4786.0,-0.6313,0.8371,-0.016816,-0.016816,1.0,1.0,-23.349499,-937.514771,0.630032
4788.0,-0.6322,1.2644,-0.016274,-0.016274,1.0,1.0,-23.341745,-937.513489,0.645474
4790.0,-0.6286,1.5695,-0.015716,-0.015716,1.0,1.0,-23.334034,-937.512146,0.668642
4792.0,-0.625,1.5695,-0.015899,-0.015899,1.0,1.0,-23.326384,-937.510742,0.681868
4794.0,-0.6168,1.7526,-0.015492,-0.015492,1.0,1.0,-23.318769,-937.509338,0.687165
4796.0,-0.6076,1.6916,-0.015504,-0.015504,1.0,1.0,-23.311172,-937.507996,0.677538
4798.0,-0.5997,1.5085,-0.015641,-0.015641,1.0,1.0,-23.303555,-937.506592,0.682105
4800.0,-0.598,0.8371,-0.017101,-0.017101,1.0,1.0,-23.29595,-937.505249,0.686113
4802.0,-0.5962,0.8371,-0.017112,-0.017112,1.0,1.0,-23.288359,-937.503845,0.697515
4804.0,-0.5984,0.8371,-0.017277,-0.017277,1.0,1.0,-23.2808,-937.50238,0.715618
4806.0,-0.6032,1.0813,-0.017041,-0.017041,1.0,1.0,-23.273289,-937.500854,0.733064
4808.0,-0.6044,1.4475,-0.016466,-0.016466,1.0,1.0,-23.265825,-937.499329,0.771005
4810.0,-0.5979,2.1189,-0.015312,-0.015312,1.0,1.0,-23.258459,-937.497681,0.795026
4812.0,-0.5916,2.1189,-0.015451,-0.015451,1.0,1.0,-23.251156,-937.496094,0.800727
4814.0,-0.5784,1.9968,-0.015522,-0.015522,1.0,1.0,-23.243872,-937.494507,0.791806
4816.0,-0.5633,1.5085,-0.016185,-0.016185,1.0,1.0,-23.236567,-937.49292,0.790577
4818.0,-0.5547,0.654,-0.017845,-0.017845,1.0,1.0,-23.229261,-937.491333,0.779738
4820.0,-0.557,0.0437,-0.019084,-0.019084,1.0,1.0,-23.221931,-937.489807,0.780232
4822.0,-0.5593,0.0437,-0.019133,-0.019133,1.0,1.0,-23.214607,-937.488159,0.802996
4824.0,-0.571,0.1657,-0.019342,-0.019342,1.0,1.0,-23.207342,-937.48645,0.83055
4826.0,-0.5818,0.654,-0.018799,-0.018799,1.0,1.0,-23.20015,-937.484741,0.85573
4828.0,-0.5817,1.6916,-0.016841,-0.016841,1.0,1.0,-23.193024,-937.48291,0.883828
4830.0,-0.5817,1.6916,-0.017146,-0.017146,1.0,1.0,-23.18597,-937.48114,0.894402
4832.0,-0.5705,1.9968,-0.01639,-0.01639,1.0,1.0,-23.178947,-937.47937,0.899992
4834.0,-0.5534,1.8747,-0.016386,-0.016386,1.0,1.0,-23.17194,-937.477539,0.896805
4836.0,-0.5417,1.1423,-0.017701,-0.017701,1.0,1.0,-23.164928,-937.475708,0.907877
4838.0,-0.5417,0.5319,-0.019133,-0.019133,1.0,1.0,-23.157948,-937.473877,0.921617
4840.0,-0.5417,0.5319,-0.019283,-0.019283,1.0,1.0,-23.151003,-937.471924,0.951274
4842.0,-0.5523,0.654,-0.019547,-0.019547,1.0,1.0,-23.144136,-937.469971,0.975498
4844.0,-0.5611,1.3254,-0.018537,-0.018537,1.0,1.0,-23.137333,-937.467896,0.998144
4846.0,-0.5595,2.1799,-0.016915,-0.016915,1.0,1.0,-23.130589,-937.465881,1.005555
4848.0,-0.5485,2.363,-0.016391,-0.016391,1.0,1.0,-23.123867,-937.463806,1.009452
4850.0,-0.5376,2.363,-0.016223,-0.016223,1.0,1.0,-23.117157,-937.461792,1.018733
4852.0,-0.5254,1.9357,-0.017009,-0.017009,1.0,1.0,-23.110474,-937.459717,1.031902
4854.0,-0.5192,1.6306,-0.017689,-0.017689,1.0,1.0,-23.103825,-937.457581,1.052993
4856.0,-0.5175,1.5695,-0.018017,-0.018017,1.0,1.0,-23.097233,-937.455444,1.068464
4858.0,-0.513,1.6306,-0.017969,-0.017969,1.0,1.0,-23.090681,-937.453247,1.08809
4860.0,-0.5086,1.6306,-0.018098,-0.018098,1.0,1.0,-23.084183,-937.45105,1.091644
4862.0,-0.5006,1.8137,-0.01759,-0.01759,1.0,1.0,-23.077696,-937.448853,1.090228
4864.0,-0.4948,1.2033,-0.018774,-0.018774,1.0,1.0,-23.071207,-937.446655,1.094023
4866.0,-0.4981,0.8371,-0.019667,-0.019667,1.0,1.0,-23.064732,-937.444336,1.124112
4868.0,-0.5044,1.3254,-0.019064,-0.019064,1.0,1.0,-23.058334,-937.442017,1.161506
4870.0,-0.5106,1.3254,-0.01959,-0.01959,1.0,1.0,-23.052032,-937.439636,1.180006
4872.0,-0.5093,2.1799,-0.01793,-0.01793,1.0,1.0,-23.04578,-937.437195,1.193318
4874.0,-0.4963,2.4851,-0.017169,-0.017169,1.0,1.0,-23.039564,-937.434814,1.202394
4876.0,-0.483,2.0578,-0.017931,-0.017931,1.0,1.0,-23.033373,-937.432373,1.211201
4878.0,-0.4805,1.3864,-0.019423,-0.019423,1.0,1.0,-23.027206,-937.429871,1.233605
4880.0,-0.478,1.3864,-0.019619,-0.019619,1.0,1.0,-23.021099,-937.427307,1.25794
4882.0,-0.482,1.5085,-0.019699,-0.019699,1.0,1.0,-23.015055,-937.424683,1.286373
4884.0,-0.4822,1.9357,-0.019093,-0.019093,1.0,1.0,-23.009085,-937.422119,1.295477
4886.0,-0.4759,2.363,-0.018152,-0.018152,1.0,1.0,-23.003139,-937.419434,1.315298
4888.0,-0.4709,2.1799,-0.018665,-0.018665,1.0,1.0,-22.997246,-937.416809,1.324529
4890.0,-0.4659,2.1799,-0.018669,-0.018669,1.0,1.0,-22.991379,-937.414001,1.347611
4892.0,-0.465,2.1189,-0.019035,-0.019035,1.0,1.0,-22.985571,-937.411255,1.372077
4894.0,-0.4591,2.4851,-0.0184,-0.0184,1.0,1.0,-22.979828,-937.408508,1.367298
4896.0,-0.4459,2.4851,-0.018094,-0.018094,1.0,1.0,-22.974075,-937.405762,1.371753
4898.0,-0.4327,2.4851,-0.01789,-0.01789,1.0,1.0,-22.968336,-937.402954,1.384372
4900.0,-0.4214,1.8137,-0.019254,-0.019254,1.0,1.0,-22.962631,-937.400146,1.396002
4902.0,-0.4217,1.3254,-0.020436,-0.020436,1.0,1.0,-22.956957,-937.397217,1.426356
4904.0,-0.4232,1.9357,-0.019484,-0.019484,1.0,1.0,-22.951361,-937.394348,1.443415
4906.0,-0.4188,1.9968,-0.019453,-0.019453,1.0,1.0,-22.94581,-937.391418,1.457151
4908.0,-0.4144,1.9968,-0.019517,-0.019517,1.0,1.0,-22.940296,-937.388428,1.471945
4910.0,-0.408,1.9357,-0.019688,-0.019688,1.0,1.0,-22.934822,-937.385498,1.48707
4912.0,-0.4091,1.7526,-0.020267,-0.020267,1.0,1.0,-22.929388,-937.382385,1.505287
4914.0,-0.4079,2.1189,-0.019655,-0.019655,1.0,1.0,-22.924002,-937.379395,1.506801
4916.0,-0.3972,2.363,-0.018941,-0.018941,1.0,1.0,-22.918621,-937.376221,1.545541
4918.0,-0.3865,2.363,-0.019158,-0.019158,1.0,1.0,-22.91334,-937.373108,1.559159
4920.0,-0.3767,2.302,-0.019249,-0.019249,1.0,1.0,-22.908094,-937.369995,1.564571
4922.0,-0.3753,2.2409,-0.019412,-0.019412,1.0,1.0,-22.902866,-937.36676,1.585747
4924.0,-0.3727,2.363,-0.01933,-0.01933,1.0,1.0,-22.897694,-937.363525,1.60283
4926.0,-0.3644,2.1189,-0.019881,-0.019881,1.0,1.0,-22.892565,-937.360291,1.603368
4928.0,-0.356,2.1189,-0.019727,-0.019727,1.0,1.0,-22.88744,-937.357056,1.621557
4930.0,-0.3515,2.1799,-0.019707,-0.019707,1.0,1.0,-22.882362,-937.35376,1.633767
4932.0,-0.3524,2.1189,-0.019987,-0.019987,1.0,1.0,-22.877317,-937.350464,1.64643
4934.0,-0.3475,2.363,-0.019507,-0.019507,1.0,1.0,-22.872307,-937.347168,1.63826
4936.0,-0.3375,2.4851,-0.018964,-0.018964,1.0,1.0,-22.867277,-937.343811,1.648589
4938.0,-0.3276,2.4851,-0.018885,-0.018885,1.0,1.0,-22.862276,-937.340515,1.658126
4940.0,-0.3243,2.302,-0.019319,-0.019319,1.0,1.0,-22.8573,-937.337097,1.681412
4942.0,-0.3189,2.302,-0.01947,-0.01947,1.0,1.0,-22.852385,-937.33374,1.690346
4944.0,-0.3095,2.363,-0.019255,-0.019255,1.0,1.0,-22.847494,-937.330322,1.698818
4946.0,-0.3063,2.1189,-0.019811,-0.019811,1.0,1.0,-22.842627,-937.326904,1.710204
4948.0,-0.3031,2.1189,-0.019873,-0.019873,1.0,1.0,-22.83779,-937.323425,1.722912
4950.0,-0.3028,2.302,-0.019611,-0.019611,1.0,1.0,-22.832987,-937.319946,1.715175
4952.0,-0.2957,2.4851,-0.018998,-0.018998,1.0,1.0,-22.828167,-937.316528,1.713057
4954.0,-0.2894,2.302,-0.019248,-0.019248,1.0,1.0,-22.823343,-937.31311,1.716901
4956.0,-0.2832,2.302,-0.01917,-0.01917,1.0,1.0,-22.818531,-937.309631,1.737343
4958.0,-0.2823,2.2409,-0.019508,-0.019508,1.0,1.0,-22.813772,-937.306152,1.746231
4960.0,-0.2752,2.5461,-0.018811,-0.018811,1.0,1.0,-22.809038,-937.302551,1.766391
4962.0,-0.2663,2.4851,-0.01899,-0.01899,1.0,1.0,-22.804356,-937.299011,1.771806
4964.0,-0.2638,2.1189,-0.019788,-0.019788,1.0,1.0,-22.799688,-937.29541,1.770705
4966.0,-0.2613,2.1189,-0.019729,-0.019729,1.0,1.0,-22.795021,-937.29187,1.767587
4968.0,-0.2553,2.6071,-0.01853,-0.01853,1.0,1.0,-22.790348,-937.28833,1.770105
4970.0,-0.2481,2.6071,-0.018419,-0.018419,1.0,1.0,-22.785683,-937.28479,1.774953
4972.0,-0.2463,2.302,-0.019094,-0.019094,1.0,1.0,-22.781031,-937.281189,1.789886
4974.0,-0.2382,2.7292,-0.018182,-0.018182,1.0,1.0,-22.776419,-937.277588,1.801239
4976.0,-0.2301,2.7292,-0.018151,-0.018151,1.0,1.0,-22.771837,-937.273926,1.81136
4978.0,-0.223,2.4851,-0.018648,-0.018648,1.0,1.0,-22.767282,-937.270264,1.819872
4980.0,-0.2208,2.302,-0.019093,-0.019093,1.0,1.0,-22.762751,-937.266602,1.814686
4982.0,-0.2144,2.8513,-0.017733,-0.017733,1.0,1.0,-22.758207,-937.263,1.818208
4984.0,-0.2083,2.7902,-0.017785,-0.017785,1.0,1.0,-22.753675,-937.259338,1.827851
4986.0,-0.2022,2.7902,-0.017773,-0.017773,1.0,1.0,-22.74917,-937.255615,1.856214
4988.0,-0.1994,2.6682,-0.018291,-0.018291,1.0,1.0,-22.744738,-937.25177,1.873093
4990.0,-0.19,2.9123,-0.017769,-0.017769,1.0,1.0,-22.740349,-937.247986,1.88852
4992.0,-0.1847,2.7292,-0.018229,-0.018229,1.0,1.0,-22.736,-937.244202,1.895593
4994.0,-0.1807,2.6682,-0.018361,-0.018361,1.0,1.0,-22.731672,-937.240356,1.896947
4996.0,-0.1768,2.6682,-0.018299,-0.018299,1.0,1.0,-22.727348,-937.236572,1.892185
4998.0,-0.1666,3.0954,-0.017134,-0.017134,1.0,1.0,-22.723015,-937.232788,1.897283
5000.0,-0.1633,2.6682,-0.018044,-0.018044,1.0,1.0,-22.718697,-937.228882,1.928388
5002.0,-0.1588,2.7902,-0.018034,-0.018034,1.0,1.0,-22.714457,-937.224976,1.946331
5004.0,-0.1499,2.9733,-0.017665,-0.017665,1.0,1.0,-22.710264,-937.220947,1.97087
5006.0,-0.1411,2.9733,-0.017763,-0.017763,1.0,1.0,-22.706135,-937.21698,1.990373
5008.0,-0.1376,2.6682,-0.018565,-0.018565,1.0,1.0,-22.702057,-937.213013,1.992956
5010.0,-0.13,3.0344,-0.017659,-0.017659,1.0,1.0,-22.697987,-937.208984,2.004489
5012.0,-0.1236,2.5461,-0.018712,-0.018712,1.0,1.0,-22.693947,-937.204834,2.021666
5014.0,-0.1186,2.6682,-0.018541,-0.018541,1.0,1.0,-22.689951,-937.200684,2.064264
5016.0,-0.1137,2.6682,-0.018909,-0.018909,1.0,1.0,-22.686064,-937.196472,2.091583
5018.0,-0.1064,2.8513,-0.018673,-0.018673,1.0,1.0,-22.682247,-937.1922,2.123909
5020.0,-0.1036,2.5461,-0.019628,-0.019628,1.0,1.0,-22.678514,-937.187927,2.1269
5022.0,-0.0975,3.2785,-0.017967,-0.017967,1.0,1.0,-22.674789,-937.183655,2.135229
5024.0,-0.0913,3.2785,-0.01794,-0.01794,1.0,1.0,-22.671087,-937.179199,2.158536
5026.0,-0.0864,3.0344,-0.018623,-0.018623,1.0,1.0,-22.667446,-937.174805,2.196297
5028.0,-0.0807,3.1565,-0.018663,-0.018663,1.0,1.0,-22.6639,-937.170288,2.229867
5030.0,-0.0714,3.4616,-0.018194,-0.018194,1.0,1.0,-22.66044,-937.165771,2.256617
5032.0,-0.0673,3.1565,-0.019062,-0.019062,1.0,1.0,-22.657049,-937.161194,2.279598
5034.0,-0.0632,3.1565,-0.019233,-0.019233,1.0,1.0,-22.653717,-937.156616,2.291698
5036.0,-0.0538,3.5227,-0.018398,-0.018398,1.0,1.0,-22.650417,-937.151855,2.309271
5038.0,-0.0481,3.0344,-0.019528,-0.019528,1.0,1.0,-22.647161,-937.147156,2.340472
5040.0,-0.0427,3.5837,-0.018583,-0.018583,1.0,1.0,-22.643986,-937.142334,2.382342
5042.0,-0.0373,3.6447,-0.018805,-0.018805,1.0,1.0,-22.640917,-937.137512,2.407182
5044.0,-0.032,3.6447,-0.018974,-0.018974,1.0,1.0,-22.637911,-937.132629,2.436654
5046.0,-0.0258,3.8889,-0.01865,-0.01865,1.0,1.0,-22.634981,-937.127686,2.457311
5048.0,-0.0179,3.8889,-0.018723,-0.018723,1.0,1.0,-22.632105,-937.122742,2.448182
5050.0,-0.0101,3.9499,-0.018343,-0.018343,1.0,1.0,-22.629206,-937.117737,2.48096
5052.0,0.0017,4.3161,-0.017685,-0.017685,1.0,1.0,-22.62639,-937.112671,2.512086
5054.0,0.0135,4.3161,-0.017797,-0.017797,1.0,1.0,-22.623655,-937.107605,2.532997
5056.0,0.0202,3.7668,-0.019078,-0.019078,1.0,1.0,-22.620974,-937.102539,2.533757
5058.0,0.0297,4.072,-0.018248,-0.018248,1.0,1.0,-22.618294,-937.097412,2.548759
5060.0,0.0349,3.8889,-0.018704,-0.018704,1.0,1.0,-22.615654,-937.092285,2.563087
5062.0,0.0434,4.194,-0.018042,-0.018042,1.0,1.0,-22.61305,-937.087036,2.587505
5064.0,0.0518,4.194,-0.018147,-0.018147,1.0,1.0,-22.61051,-937.081726,2.615468
5066.0,0.0581,4.194,-0.018329,-0.018329,1.0,1.0,-22.60804,-937.076538,2.609718
5068.0,0.068,4.194,-0.018076,-0.018076,1.0,1.0,-22.605556,-937.071289,2.616876
5070.0,0.078,4.5603,-0.017176,-0.017176,1.0,1.0,-22.603092,-937.06604,2.622059
5072.0,0.0865,4.2551,-0.017725,-0.017725,1.0,1.0,-22.600641,-937.060791,2.635525
5074.0,0.095,4.2551,-0.017708,-0.017708,1.0,1.0,-22.598227,-937.055359,2.646826
5076.0,0.105,4.6823,-0.01672,-0.01672,1.0,1.0,-22.59584,-937.050049,2.659535
5078.0,0.1106,4.0109,-0.018196,-0.018196,1.0,1.0,-22.593487,-937.044739,2.655328
5080.0,0.1208,4.7434,-0.016378,-0.016378,1.0,1.0,-22.591124,-937.039368,2.665458
5082.0,0.1283,4.2551,-0.017394,-0.017394,1.0,1.0,-22.588787,-937.034058,2.673816
5084.0,0.1358,4.2551,-0.017342,-0.017342,1.0,1.0,-22.586473,-937.028625,2.689006
5086.0,0.1478,4.8654,-0.015964,-0.015964,1.0,1.0,-22.584198,-937.023254,2.6915
5088.0,0.1559,4.072,-0.017541,-0.017541,1.0,1.0,-22.58193,-937.017761,2.68955
5090.0,0.1677,4.8044,-0.01572,-0.01572,1.0,1.0,-22.579659,-937.012329,2.700107
5092.0,0.1794,4.8044,-0.01561,-0.01561,1.0,1.0,-22.577414,-937.006958,2.713068
5094.0,0.1867,4.4382,-0.016397,-0.016397,1.0,1.0,-22.575203,-937.001465,2.72194
5096.0,0.1992,5.1706,-0.014679,-0.014679,1.0,1.0,-22.573015,-936.996094,2.7065
5098.0,0.2064,4.3161,-0.01621,-0.01621,1.0,1.0,-22.570789,-936.990601,2.730545
5100.0,0.2205,5.0485,-0.014627,-0.014627,1.0,1.0,-22.568624,-936.984985,2.748203
5102.0,0.2345,5.0485,-0.01455,-0.01455,1.0,1.0,-22.566505,-936.979431,2.764992
5104.0,0.2415,4.0109,-0.016829,-0.016829,1.0,1.0,-22.564428,-936.973816,2.788543
5106.0,0.253,4.8044,-0.01516,-0.01516,1.0,1.0,-22.562412,-936.968201,2.798759
5108.0,0.2604,4.0109,-0.016835,-0.016835,1.0,1.0,-22.560423,-936.962585,2.817491
5110.0,0.273,4.9265,-0.014828,-0.014828,1.0,1.0,-22.558481,-936.956909,2.834321
5112.0,0.2855,4.9265,-0.01477,-0.01477,1.0,1.0,-22.556581,-936.95105,2.848828
5114.0,0.2953,4.133,-0.016447,-0.016447,1.0,1.0,-22.55472,-936.945313,2.864769
5116.0,0.3074,4.4382,-0.015732,-0.015732,1.0,1.0,-22.552898,-936.939514,2.883986
5118.0,0.3152,3.5837,-0.017628,-0.017628,1.0,1.0,-22.551126,-936.933716,2.909019
5120.0,0.3237,4.194,-0.016425,-0.016425,1.0,1.0,-22.549417,-936.927734,2.946699
5122.0,0.3323,4.194,-0.016671,-0.016671,1.0,1.0,-22.547804,-936.921875,2.953827
5124.0,0.3395,3.4616,-0.018186,-0.018186,1.0,1.0,-22.546209,-936.915771,2.980766
5126.0,0.3477,4.3772,-0.016352,-0.016352,1.0,1.0,-22.544683,-936.909729,3.003346
5128.0,0.3583,4.0109,-0.017182,-0.017182,1.0,1.0,-22.543215,-936.903687,3.029252
5130.0,0.3664,4.2551,-0.016783,-0.016783,1.0,1.0,-22.541811,-936.897522,3.052239
5132.0,0.3745,4.2551,-0.016877,-0.016877,1.0,1.0,-22.540466,-936.891418,3.056532
5134.0,0.3841,3.8278,-0.017658,-0.017658,1.0,1.0,-22.539133,-936.885254,3.074864
5136.0,0.3901,3.7668,-0.017874,-0.017874,1.0,1.0,-22.537846,-936.879028,3.070045
5138.0,0.398,4.0109,-0.017145,-0.017145,1.0,1.0,-22.536547,-936.872681,3.134777
5140.0,0.4061,3.9499,-0.017826,-0.017826,1.0,1.0,-22.535412,-936.866455,3.126485
5142.0,0.4142,3.9499,-0.01758,-0.01758,1.0,1.0,-22.534256,-936.860168,3.126277
5144.0,0.4214,4.194,-0.016914,-0.016914,1.0,1.0,-22.5331,-936.853882,3.134332
5146.0,0.4315,3.9499,-0.017333,-0.017333,1.0,1.0,-22.531965,-936.847534,3.154262
5148.0,0.4367,4.072,-0.017189,-0.017189,1.0,1.0,-22.53088,-936.841125,3.160164
5150.0,0.4418,4.072,-0.017154,-0.017154,1.0,1.0,-22.52981,-936.834839,3.146537
5152.0,0.4527,4.2551,-0.016402,-0.016402,1.0,1.0,-22.528708,-936.828552,3.149737
5154.0,0.4598,4.3161,-0.01617,-0.01617,1.0,1.0,-22.527613,-936.822205,3.164139
5156.0,0.469,4.2551,-0.016282,-0.016282,1.0,1.0,-22.526554,-936.815796,3.177071
5158.0,0.4781,4.0109,-0.016772,-0.016772,1.0,1.0,-22.525528,-936.80957,3.155859
5160.0,0.4872,4.0109,-0.016366,-0.016366,1.0,1.0,-22.52445,-936.803162,3.148305
5162.0,0.4939,4.194,-0.015763,-0.015763,1.0,1.0,-22.523354,-936.796875,3.155504
5164.0,0.5057,4.194,-0.015615,-0.015615,1.0,1.0,-22.522276,-936.790527,3.161162
5166.0,0.512,4.194,-0.015556,-0.015556,1.0,1.0,-22.521212,-936.784241,3.146079
5168.0,0.5227,4.133,-0.015318,-0.015318,1.0,1.0,-22.520111,-936.777954,3.129837
5170.0,0.5333,4.133,-0.014936,-0.014936,1.0,1.0,-22.51897,-936.771729,3.129988
5172.0,0.5425,4.194,-0.01463,-0.01463,1.0,1.0,-22.51783,-936.765381,3.164578
5174.0,0.5501,4.4992,-0.014205,-0.014205,1.0,1.0,-22.516777,-936.758972,3.155056
5176.0,0.5615,4.194,-0.014538,-0.014538,1.0,1.0,-22.515699,-936.752625,3.155645
5178.0,0.5678,4.3161,-0.014162,-0.014162,1.0,1.0,-22.514624,-936.746338,3.159114
5180.0,0.5741,4.3161,-0.014079,-0.014079,1.0,1.0,-22.513557,-936.739868,3.202642
5182.0,0.587,4.3161,-0.014305,-0.014305,1.0,1.0,-22.512602,-936.733459,3.210972
5184.0,0.5969,3.8278,-0.015255,-0.015255,1.0,1.0,-22.511667,-936.727051,3.199578
5186.0,0.6025,3.8889,-0.014891,-0.014891,1.0,1.0,-22.510704,-936.720459,3.225186
5188.0,0.6144,4.0109,-0.014679,-0.014679,1.0,1.0,-22.509806,-936.713867,3.273018
5190.0,0.6263,4.0109,-0.014972,-0.014972,1.0,1.0,-22.509027,-936.707275,3.300627
5192.0,0.6313,3.8889,-0.015438,-0.015438,1.0,1.0,-22.50832,-936.700623,3.314415
5194.0,0.6402,4.0109,-0.015155,-0.015155,1.0,1.0,-22.507647,-936.693909,3.34073
5196.0,0.6522,3.8278,-0.015605,-0.015605,1.0,1.0,-22.50704,-936.687073,3.389411
5198.0,0.657,3.7668,-0.016175,-0.016175,1.0,1.0,-22.506556,-936.680054,3.430246
5200.0,0.6617,3.7668,-0.016528,-0.016528,1.0,1.0,-22.506174,-936.673157,3.446451
5202.0,0.6714,3.8278,-0.016388,-0.016388,1.0,1.0,-22.505835,-936.666138,3.47848
5204.0,0.6807,3.4616,-0.017345,-0.017345,1.0,1.0,-22.505575,-936.658997,3.546372
5206.0,0.685,3.7058,-0.017476,-0.017476,1.0,1.0,-22.505486,-936.651794,3.576245
5208.0,0.6952,3.7058,-0.017607,-0.017607,1.0,1.0,-22.505472,-936.644592,3.601583
5210.0,0.7053,3.7058,-0.017688,-0.017688,1.0,1.0,-22.505522,-936.637207,3.627648
5212.0,0.712,3.7058,-0.017844,-0.017844,1.0,1.0,-22.505636,-936.629639,3.717867
5214.0,0.7157,3.9499,-0.018227,-0.018227,1.0,1.0,-22.505978,-936.622253,3.702621
5216.0,0.7277,4.194,-0.017306,-0.017306,1.0,1.0,-22.506281,-936.614807,3.719015
5218.0,0.7397,4.194,-0.017255,-0.017255,1.0,1.0,-22.506624,-936.6073,3.747128
5220.0,0.746,3.8278,-0.018227,-0.018227,1.0,1.0,-22.507038,-936.59967,3.787129
5222.0,0.7509,4.072,-0.018044,-0.018044,1.0,1.0,-22.507553,-936.59198,3.787382
5224.0,0.7624,4.194,-0.017563,-0.017563,1.0,1.0,-22.508068,-936.584351,3.804661
5226.0,0.7696,4.194,-0.017613,-0.017613,1.0,1.0,-22.508627,-936.576721,3.818944
5228.0,0.7768,4.194,-0.017631,-0.017631,1.0,1.0,-22.509222,-936.569031,3.837358
5230.0,0.783,4.4382,-0.017186,-0.017186,1.0,1.0,-22.509863,-936.561401,3.822193
5232.0,0.7958,4.3161,-0.017039,-0.017039,1.0,1.0,-22.510466,-936.553772,3.818274
5234.0,0.802,4.2551,-0.017008,-0.017008,1.0,1.0,-22.511057,-936.546082,3.837059
5236.0,0.8067,4.5603,-0.016466,-0.016466,1.0,1.0,-22.511696,-936.536621,3.83164
5238.0,0.8116,4.5603,-0.016313,-0.016313,1.0,1.0,-22.512321,-936.530334,3.841952
5240.0,0.8241,4.4382,-0.016447,-0.016447,1.0,1.0,-22.512972,-936.522888,3.838345
5242.0,0.8336,4.5603,-0.015964,-0.015964,1.0,1.0,-22.513613,-936.515076,3.852453
5244.0,0.8394,4.7434,-0.015613,-0.015613,1.0,1.0,-22.51429,-936.507385,3.84895
5246.0,0.851,4.8654,-0.01509,-0.01509,1.0,1.0,-22.514957,-936.498169,3.868061
5248.0,0.8628,4.8654,-0.015072,-0.015072,1.0,1.0,-22.515673,-936.491699,3.899475
5250.0,0.8739,4.5603,-0.015856,-0.015856,1.0,1.0,-22.516466,-936.483948,3.908401
5252.0,0.8782,4.8044,-0.015345,-0.015345,1.0,1.0,-22.517282,-936.476135,3.919775
5254.0,0.8878,4.7434,-0.015416,-0.015416,1.0,1.0,-22.518127,-936.468201,3.950199
5256.0,0.901,4.8654,-0.015231,-0.015231,1.0,1.0,-22.519049,-936.458618,3.975898
5258.0,0.9145,4.8654,-0.015251,-0.015251,1.0,1.0,-22.520033,-936.451904,3.998294
5260.0,0.921,4.9875,-0.015108,-0.015108,1.0,1.0,-22.521072,-936.44397,4.034009
5262.0,0.9296,5.1096,-0.01507,-0.01507,1.0,1.0,-22.522202,-936.435791,4.063298
5264.0,0.944,5.0485,-0.015243,-0.015243,1.0,1.0,-22.523405,-936.427612,4.095975
5266.0,0.9536,5.0485,-0.015415,-0.015415,1.0,1.0,-22.524689,-936.417786,4.141083
5268.0,0.9632,5.0485,-0.015721,-0.015721,1.0,1.0,-22.526087,-936.410767,4.170458
5270.0,0.97,5.3537,-0.015255,-0.015255,1.0,1.0,-22.527557,-936.402588,4.180373
5272.0,0.9838,5.4148,-0.014966,-0.014966,1.0,1.0,-22.529053,-936.394165,4.19405
5274.0,0.9992,5.0485,-0.015606,-0.015606,1.0,1.0,-22.530581,-936.385559,4.227392
5276.0,1.0053,5.2927,-0.015327,-0.015327,1.0,1.0,-22.532192,-936.375732,4.211423
5278.0,1.0114,5.2927,-0.015036,-0.015036,1.0,1.0,-22.533764,-936.368652,4.228792
5280.0,1.0188,5.3537,-0.014953,-0.014953,1.0,1.0,-22.535378,-936.360229,4.233109
5282.0,1.0339,5.2927,-0.014841,-0.014841,1.0,1.0,-22.537003,-936.351685,4.239414
5284.0,1.0463,4.9265,-0.015459,-0.015459,1.0,1.0,-22.538641,-936.343323,4.198738
5286.0,1.0586,4.9265,-0.014779,-0.014779,1.0,1.0,-22.540178,-936.333618,4.169823
5288.0,1.0652,5.2316,-0.013681,-0.013681,1.0,1.0,-22.541641,-936.326538,4.168107
5290.0,1.0745,5.2316,-0.013486,-0.013486,1.0,1.0,-22.5431,-936.318359,4.12498
5292.0,1.0916,5.1096,-0.01295,-0.01295,1.0,1.0,-22.544449,-936.310242,4.076709
5294.0,1.1025,5.2316,-0.011952,-0.011952,1.0,1.0,-22.545677,-936.302124,4.067123
5296.0,1.1134,5.2316,-0.011638,-0.011638,1.0,1.0,-22.546881,-936.292847,4.029211
5298.0,1.1201,5.2927,-0.010966,-0.010966,1.0,1.0,-22.547989,-936.286011,3.980328
5300.0,1.1324,5.1706,-0.010461,-0.010461,1.0,1.0,-22.548973,-936.278198,3.949487
5302.0,1.1488,4.9265,-0.010337,-0.010337,1.0,1.0,-22.549879,-936.270264,3.948761
5304.0,1.1584,4.6823,-0.010668,-0.010668,1.0,1.0,-22.550783,-936.262512,3.905229
5306.0,1.168,4.6823,-0.01001,-0.01001,1.0,1.0,-22.551577,-936.253723,3.88009
5308.0,1.1747,4.7434,-0.009478,-0.009478,1.0,1.0,-22.552307,-936.246948,3.891647
5310.0,1.1871,4.7434,-0.009365,-0.009365,1.0,1.0,-22.553066,-936.239075,3.879342
5312.0,1.2041,4.4992,-0.00943,-0.00943,1.0,1.0,-22.553795,-936.231384,3.859916
5314.0,1.2142,4.194,-0.009681,-0.009681,1.0,1.0,-22.554474,-936.223633,3.875208
5316.0,1.2242,4.194,-0.009655,-0.009655,1.0,1.0,-22.555191,-936.214905,3.902676
5318.0,1.2302,4.072,-0.010102,-0.010102,1.0,1.0,-22.555977,-936.208008,3.897351
5320.0,1.2419,3.8889,-0.010212,-0.010212,1.0,1.0,-22.556749,-936.200195,3.919453
5322.0,1.2555,3.5227,-0.01098,-0.01098,1.0,1.0,-22.557577,-936.192017,3.990261
5324.0,1.2619,3.2175,-0.012283,-0.012283,1.0,1.0,-22.558582,-936.184021,3.986184
5326.0,1.2684,3.2175,-0.012115,-0.012115,1.0,1.0,-22.559576,-936.175171,4.012751
5328.0,1.2727,3.1565,-0.012451,-0.012451,1.0,1.0,-22.560637,-936.167786,4.070268
5330.0,1.2816,3.3396,-0.012514,-0.012514,1.0,1.0,-22.561842,-936.159546,4.1037
5332.0,1.2938,3.2175,-0.012905,-0.012905,1.0,1.0,-22.563131,-936.151245,4.121942
5334.0,1.2981,2.9123,-0.013678,-0.013678,1.0,1.0,-22.564465,-936.142761,4.164621
5336.0,1.3024,2.9123,-0.01406,-0.01406,1.0,1.0,-22.565905,-936.133545,4.217961
5338.0,1.3052,3.0954,-0.014192,-0.014192,1.0,1.0,-22.567478,-936.125732,4.239969
5340.0,1.3138,3.0344,-0.014398,-0.014398,1.0,1.0,-22.569107,-936.11731,4.232934
5342.0,1.325,2.9123,-0.014369,-0.014369,1.0,1.0,-22.570717,-936.108643,4.288586
5344.0,1.3291,2.7902,-0.015158,-0.015158,1.0,1.0,-22.572466,-936.100098,4.283171
5346.0,1.3332,2.7902,-0.015021,-0.015021,1.0,1.0,-22.574202,-936.09082,4.283382
5348.0,1.334,2.9123,-0.014745,-0.014745,1.0,1.0,-22.575937,-936.082764,4.306204
5350.0,1.3388,3.0344,-0.014639,-0.014639,1.0,1.0,-22.577728,-936.074219,4.296838
5352.0,1.3494,3.0344,-0.014334,-0.014334,1.0,1.0,-22.579496,-936.065674,4.28029
5354.0,1.3599,3.0344,-0.013951,-0.013951,1.0,1.0,-22.581221,-936.057129,4.279694
5356.0,1.3681,3.1565,-0.013527,-0.013527,1.0,1.0,-22.582943,-936.047974,4.274441
5358.0,1.3694,3.3396,-0.013049,-0.013049,1.0,1.0,-22.584652,-936.040039,4.25533
5360.0,1.3738,3.4006,-0.012626,-0.012626,1.0,1.0,-22.586311,-936.031372,4.252536
5362.0,1.3857,3.1565,-0.012893,-0.012893,1.0,1.0,-22.587963,-936.022949,4.248207
5364.0,1.3975,3.1565,-0.012619,-0.012619,1.0,1.0,-22.589603,-936.014465,4.228742
5366.0,1.4089,3.0344,-0.012451,-0.012451,1.0,1.0,-22.591194,-936.005615,4.221612
5368.0,1.411,2.8513,-0.012726,-0.012726,1.0,1.0,-22.592768,-935.99762,4.211087
5370.0,1.4132,3.2785,-0.01165,-0.01165,1.0,1.0,-22.594313,-935.989197,4.20934
5372.0,1.4215,3.2785,-0.011473,-0.011473,1.0,1.0,-22.595854,-935.980591,4.230709
5374.0,1.4297,3.2785,-0.011547,-0.011547,1.0,1.0,-22.597448,-935.972046,4.257142
5376.0,1.4417,3.1565,-0.011867,-0.011867,1.0,1.0,-22.599108,-935.963257,4.262207
5378.0,1.4501,2.9733,-0.012155,-0.012155,1.0,1.0,-22.600779,-935.954956,4.29039
5380.0,1.4534,2.9733,-0.012399,-0.012399,1.0,1.0,-22.60252,-935.946289,4.300405
5382.0,1.4578,3.0344,-0.012291,-0.012291,1.0,1.0,-22.604286,-935.937622,4.323767
5384.0,1.4623,3.0344,-0.01246,-0.01246,1.0,1.0,-22.60611,-935.928894,4.366043
5386.0,1.4721,2.8513,-0.013126,-0.013126,1.0,1.0,-22.60804,-935.9198,4.390381
5388.0,1.4816,2.5461,-0.013864,-0.013864,1.0,1.0,-22.610029,-935.911072,4.412362
5390.0,1.4863,2.4851,-0.014143,-0.014143,1.0,1.0,-22.612074,-935.902161,4.449119
5392.0,1.4864,2.6682,-0.014148,-0.014148,1.0,1.0,-22.61421,-935.893188,4.460778
5394.0,1.4865,2.6682,-0.014273,-0.014273,1.0,1.0,-22.616375,-935.884277,4.47315
5396.0,1.4894,2.7292,-0.014222,-0.014222,1.0,1.0,-22.61857,-935.875122,4.483961
5398.0,1.4995,2.4851,-0.01467,-0.01467,1.0,1.0,-22.62079,-935.866089,4.499748
5400.0,1.5096,2.424,-0.01478,-0.01478,1.0,1.0,-22.623051,-935.857178,4.487706
5402.0,1.5122,2.363,-0.01473,-0.01473,1.0,1.0,-22.625278,-935.848145,4.486495
5404.0,1.5148,2.363,-0.014667,-0.014667,1.0,1.0,-22.627502,-935.839233,4.482728
5406.0,1.5136,2.5461,-0.014254,-0.014254,1.0,1.0,-22.629717,-935.830322,4.451777
5408.0,1.515,2.7902,-0.013367,-0.013367,1.0,1.0,-22.631853,-935.821411,4.452612
5410.0,1.5245,2.9123,-0.01293,-0.01293,1.0,1.0,-22.633989,-935.8125,4.44278
5412.0,1.534,2.9123,-0.01264,-0.01264,1.0,1.0,-22.636101,-935.80365,4.39877
5414.0,1.5458,3.1565,-0.011411,-0.011411,1.0,1.0,-22.638102,-935.794922,4.382047
5416.0,1.5538,2.9123,-0.0116,-0.0116,1.0,1.0,-22.640059,-935.786133,4.372984
5418.0,1.5557,2.7292,-0.011859,-0.011859,1.0,1.0,-22.641993,-935.777527,4.328179
5420.0,1.5583,2.7902,-0.01119,-0.01119,1.0,1.0,-22.643812,-935.768921,4.312042
5422.0,1.5609,2.7902,-0.010965,-0.010965,1.0,1.0,-22.645592,-935.760254,4.329868
5424.0,1.5667,2.7292,-0.011179,-0.011179,1.0,1.0,-22.647415,-935.751709,4.305373
5426.0,1.5771,2.7292,-0.010713,-0.010713,1.0,1.0,-22.649176,-935.74292,4.314238
5428.0,1.5868,2.5461,-0.011017,-0.011017,1.0,1.0,-22.650959,-935.734131,4.349092
5430.0,1.5911,2.5461,-0.011312,-0.011312,1.0,1.0,-22.652828,-935.725464,4.338302
5432.0,1.5955,2.5461,-0.011111,-0.011111,1.0,1.0,-22.654669,-935.716736,4.364406
5434.0,1.5962,2.5461,-0.011382,-0.011382,1.0,1.0,-22.656574,-935.707886,4.41501
5436.0,1.5993,2.6071,-0.011741,-0.011741,1.0,1.0,-22.658607,-935.698975,4.438125
5438.0,1.6084,2.5461,-0.011949,-0.011949,1.0,1.0,-22.660698,-935.689819,4.48034
5440.0,1.6182,2.1799,-0.013007,-0.013007,1.0,1.0,-22.662893,-935.680664,4.545082
5442.0,1.628,2.1799,-0.013524,-0.013524,1.0,1.0,-22.665251,-935.671509,4.573485
5444.0,1.6347,2.1799,-0.013705,-0.013705,1.0,1.0,-22.667679,-935.66217,4.625934
5446.0,1.6359,2.2409,-0.014122,-0.014122,1.0,1.0,-22.670237,-935.65271,4.708755
5448.0,1.6346,2.302,-0.014917,-0.014917,1.0,1.0,-22.673002,-935.643188,4.732797
5450.0,1.6368,2.6071,-0.014481,-0.014481,1.0,1.0,-22.675827,-935.633606,4.772728
5452.0,1.639,2.6071,-0.014873,-0.014873,1.0,1.0,-22.678751,-935.623657,4.835967
5454.0,1.6463,2.5461,-0.015552,-0.015552,1.0,1.0,-22.681833,-935.614014,4.835083
5456.0,1.6553,2.6682,-0.015106,-0.015106,1.0,1.0,-22.684912,-935.604248,4.873601
5458.0,1.6622,2.363,-0.016049,-0.016049,1.0,1.0,-22.688086,-935.594421,4.904162
5460.0,1.6646,2.363,-0.016335,-0.016335,1.0,1.0,-22.691334,-935.584595,4.904827
5462.0,1.667,2.363,-0.016297,-0.016297,1.0,1.0,-22.694584,-935.574768,4.912154
5464.0,1.6681,2.6682,-0.0157,-0.0157,1.0,1.0,-22.697851,-935.564758,4.920411
5466.0,1.669,3.0954,-0.014853,-0.014853,1.0,1.0,-22.701138,-935.554932,4.901997
5468.0,1.6729,3.2785,-0.014186,-0.014186,1.0,1.0,-22.704376,-935.545166,4.910101
5470.0,1.6798,3.4616,-0.013747,-0.013747,1.0,1.0,-22.707634,-935.535339,4.895953
5472.0,1.6867,3.4616,-0.013461,-0.013461,1.0,1.0,-22.710854,-935.525574,4.885427
5474.0,1.6961,3.4616,-0.013165,-0.013165,1.0,1.0,-22.714046,-935.515808,4.887718
5476.0,1.7055,3.5227,-0.012878,-0.012878,1.0,1.0,-22.717243,-935.506104,4.870236
5478.0,1.7127,3.2785,-0.013075,-0.013075,1.0,1.0,-22.720396,-935.496155,4.887107
5480.0,1.7199,3.2785,-0.013121,-0.013121,1.0,1.0,-22.723589,-935.486267,4.918404
5482.0,1.726,3.3396,-0.013213,-0.013213,1.0,1.0,-22.72686,-935.47644,4.921351
5484.0,1.73,3.4006,-0.013038,-0.013038,1.0,1.0,-22.730137,-935.466492,4.950087
5486.0,1.7348,3.7668,-0.01247,-0.01247,1.0,1.0,-22.733484,-935.456543,4.973443
5488.0,1.7403,3.5837,-0.013011,-0.013011,1.0,1.0,-22.736889,-935.446472,5.013266
5490.0,1.7459,3.5837,-0.013338,-0.013338,1.0,1.0,-22.740393,-935.436279,5.052278
5492.0,1.7538,3.8889,-0.012955,-0.012955,1.0,1.0,-22.743994,-935.425903,5.089367
5494.0,1.7619,3.8278,-0.013335,-0.013335,1.0,1.0,-22.747686,-935.415588,5.140381
5496.0,1.7707,3.8278,-0.013721,-0.013721,1.0,1.0,-22.751505,-935.405212,5.167429
5498.0,1.7793,3.8278,-0.013851,-0.013851,1.0,1.0,-22.75539,-935.394836,5.182403
5500.0,1.7878,3.8278,-0.013849,-0.013849,1.0,1.0,-22.759312,-935.384399,5.219177
5502.0,1.7957,3.5837,-0.014624,-0.014624,1.0,1.0,-22.763323,-935.374023,5.210077
5504.0,1.8028,3.7668,-0.013994,-0.013994,1.0,1.0,-22.767311,-935.363403,5.206925
5506.0,1.8086,3.8889,-0.013585,-0.013585,1.0,1.0,-22.77129,-935.352966,5.219708
5508.0,1.8151,4.194,-0.012944,-0.012944,1.0,1.0,-22.775299,-935.342651,5.166827
5510.0,1.8216,4.194,-0.012245,-0.012245,1.0,1.0,-22.779173,-935.332458,5.126673
5512.0,1.8287,4.3161,-0.011407,-0.011407,1.0,1.0,-22.782944,-935.322327,5.090308
5514.0,1.8374,4.4382,-0.010583,-0.010583,1.0,1.0,-22.786623,-935.312378,5.016881
5516.0,1.8456,4.3772,-0.009758,-0.009758,1.0,1.0,-22.790115,-935.30249,4.970972
5518.0,1.8568,4.3161,-0.009174,-0.009174,1.0,1.0,-22.793491,-935.29248,4.92751
5520.0,1.868,4.3161,-0.008486,-0.008486,1.0,1.0,-22.796757,-935.282898,4.842384
5522.0,1.8796,4.133,-0.00773,-0.00773,1.0,1.0,-22.799807,-935.273254,4.826065
5524.0,1.8901,4.0109,-0.007615,-0.007615,1.0,1.0,-22.802814,-935.263733,4.772735
5526.0,1.9003,3.9499,-0.006969,-0.006969,1.0,1.0,-22.805687,-935.254395,4.72559
5528.0,1.9092,3.6447,-0.006941,-0.006941,1.0,1.0,-22.808441,-935.244934,4.725566
5530.0,1.9181,3.6447,-0.00677,-0.00677,1.0,1.0,-22.811193,-935.235596,4.691532
5532.0,1.9279,3.5837,-0.006344,-0.006344,1.0,1.0,-22.81386,-935.226074,4.676627
5534.0,1.9356,3.4006,-0.006427,-0.006427,1.0,1.0,-22.816486,-935.216553,4.722347
5536.0,1.9435,3.4006,-0.006773,-0.006773,1.0,1.0,-22.819227,-935.207153,4.713178
5538.0,1.952,3.1565,-0.007034,-0.007034,1.0,1.0,-22.821943,-935.197632,4.753716
5540.0,1.9605,3.1565,-0.007312,-0.007312,1.0,1.0,-22.82476,-935.187988,4.80231
5542.0,1.9699,2.7902,-0.008449,-0.008449,1.0,1.0,-22.8277,-935.178345,4.818777
5544.0,1.9792,2.5461,-0.008975,-0.008975,1.0,1.0,-22.830679,-935.168335,4.870858
5546.0,1.985,2.2409,-0.010086,-0.010086,1.0,1.0,-22.833788,-935.158447,4.921455
5548.0,1.9908,2.2409,-0.010525,-0.010525,1.0,1.0,-22.837023,-935.14856,4.944588
5550.0,1.9971,2.1189,-0.01092,-0.01092,1.0,1.0,-22.840313,-935.138489,5.007529
5552.0,2.0029,1.9968,-0.011755,-0.011755,1.0,1.0,-22.843761,-935.128296,5.061784
5554.0,2.0083,1.9357,-0.012372,-0.012372,1.0,1.0,-22.847343,-935.118225,5.043073
5556.0,2.0133,1.9357,-0.012074,-0.012074,1.0,1.0,-22.850878,-935.108032,5.091404
5558.0,2.0182,1.9357,-0.012506,-0.012506,1.0,1.0,-22.854532,-935.097656,5.0848
5560.0,2.0217,1.6306,-0.013022,-0.013022,1.0,1.0,-22.858168,-935.087463,5.090984
5562.0,2.0236,1.8137,-0.012659,-0.012659,1.0,1.0,-22.861818,-935.077271,5.099579
5564.0,2.027,1.9968,-0.012293,-0.012293,1.0,1.0,-22.865488,-935.067139,5.072952
5566.0,2.0303,1.8747,-0.012204,-0.012204,1.0,1.0,-22.869091,-935.057068,5.055472
5568.0,2.0335,1.8747,-0.011951,-0.011951,1.0,1.0,-22.872648,-935.046997,5.034001
5570.0,2.0374,2.0578,-0.011249,-0.011249,1.0,1.0,-22.87615,-935.036804,5.015665
5572.0,2.0415,1.8747,-0.011365,-0.011365,1.0,1.0,-22.879604,-935.026855,4.998555
5574.0,2.0468,1.9968,-0.010814,-0.010814,1.0,1.0,-22.883015,-935.016907,4.978804
5576.0,2.0514,1.9357,-0.010643,-0.010643,1.0,1.0,-22.886374,-935.007019,4.951189
5578.0,2.056,1.9357,-0.010254,-0.010254,1.0,1.0,-22.889662,-934.99707,4.950341
5580.0,2.0611,1.9357,-0.010147,-0.010147,1.0,1.0,-22.892946,-934.987244,4.940641
5582.0,2.0666,1.7526,-0.010329,-0.010329,1.0,1.0,-22.896204,-934.977295,4.956532
5584.0,2.0702,1.6306,-0.010696,-0.010696,1.0,1.0,-22.899502,-934.967163,4.97843
5586.0,2.0753,1.6916,-0.010705,-0.010705,1.0,1.0,-22.902853,-934.957153,5.004477
5588.0,2.0804,1.6916,-0.010891,-0.010891,1.0,1.0,-22.906269,-934.947083,5.02123
5590.0,2.0851,1.6916,-0.010983,-0.010983,1.0,1.0,-22.909725,-934.937012,5.03686
5592.0,2.0881,1.5695,-0.011357,-0.011357,1.0,1.0,-22.913219,-934.926758,5.09024
5594.0,2.0904,1.5695,-0.011894,-0.011894,1.0,1.0,-22.916845,-934.916504,5.12266
5596.0,2.0929,1.5695,-0.0122,-0.0122,1.0,1.0,-22.920551,-934.906006,5.147925
5598.0,2.0953,1.5695,-0.012428,-0.012428,1.0,1.0,-22.92432,-934.89563,5.178565
5600.0,2.0991,1.4475,-0.01295,-0.01295,1.0,1.0,-22.928164,-934.885254,5.190157
5602.0,2.102,1.3864,-0.013152,-0.013152,1.0,1.0,-22.932035,-934.874878,5.193487
5604.0,2.1047,1.2033,-0.013531,-0.013531,1.0,1.0,-22.935913,-934.86438,5.209478
5606.0,2.1074,1.2033,-0.013653,-0.013653,1.0,1.0,-22.939831,-934.854004,5.194494
5608.0,2.1113,1.2033,-0.013414,-0.013414,1.0,1.0,-22.943708,-934.843506,5.200918
5610.0,2.1132,1.2033,-0.013449,-0.013449,1.0,1.0,-22.947601,-934.833191,5.159707
5612.0,2.1149,1.3254,-0.012704,-0.012704,1.0,1.0,-22.951389,-934.822998,5.128423
5614.0,2.1173,1.5085,-0.011923,-0.011923,1.0,1.0,-22.955097,-934.812744,5.123886
5616.0,2.1198,1.5085,-0.011828,-0.011828,1.0,1.0,-22.958792,-934.802612,5.071359
5618.0,2.1239,1.4475,-0.011308,-0.011308,1.0,1.0,-22.962353,-934.792603,5.042848
5620.0,2.1265,1.5695,-0.010685,-0.010685,1.0,1.0,-22.965841,-934.782593,5.011496
5622.0,2.1312,1.5695,-0.010253,-0.010253,1.0,1.0,-22.96925,-934.772583,4.957242
5624.0,2.1357,1.3864,-0.009971,-0.009971,1.0,1.0,-22.972519,-934.762573,4.977037
5626.0,2.1401,1.3864,-0.010102,-0.010102,1.0,1.0,-22.975838,-934.752686,4.947594
5628.0,2.1423,1.2644,-0.010002,-0.010002,1.0,1.0,-22.97908,-934.742798,4.949386
5630.0,2.1455,1.4475,-0.009565,-0.009565,1.0,1.0,-22.982327,-934.732849,4.975174
5632.0,2.1486,1.3864,-0.009918,-0.009918,1.0,1.0,-22.985636,-934.7229,4.966063
5634.0,2.1508,1.4475,-0.009647,-0.009647,1.0,1.0,-22.988922,-934.712646,5.022833
5636.0,2.1529,1.4475,-0.010223,-0.010223,1.0,1.0,-22.99235,-934.702515,5.052269
5638.0,2.1558,1.2644,-0.010882,-0.010882,1.0,1.0,-22.99585,-934.692322,5.091707
5640.0,2.1588,0.9592,-0.011909,-0.011909,1.0,1.0,-22.999447,-934.681885,5.175094
5642.0,2.1614,0.9592,-0.012768,-0.012768,1.0,1.0,-23.003252,-934.671387,5.210493
5644.0,2.163,0.9592,-0.013121,-0.013121,1.0,1.0,-23.007145,-934.660828,5.279468
5646.0,2.1647,0.9592,-0.01384,-0.01384,1.0,1.0,-23.011209,-934.650024,5.355429
5648.0,2.1647,0.8982,-0.014797,-0.014797,1.0,1.0,-23.015463,-934.639038,5.388411
5650.0,2.1655,0.8371,-0.015272,-0.015272,1.0,1.0,-23.019798,-934.62793,5.489008
5652.0,2.1672,1.1423,-0.015679,-0.015679,1.0,1.0,-23.024384,-934.617004,5.479824
5654.0,2.1686,1.2033,-0.015421,-0.015421,1.0,1.0,-23.028944,-934.605957,5.513125
5656.0,2.17,1.2033,-0.015756,-0.015756,1.0,1.0,-23.033587,-934.594788,5.556976
5658.0,2.1713,1.2644,-0.016077,-0.016077,1.0,1.0,-23.038338,-934.583618,5.557449
5660.0,2.1728,1.5695,-0.015397,-0.015397,1.0,1.0,-23.043087,-934.57251,5.564688
5662.0,2.1739,1.5695,-0.015455,-0.015455,1.0,1.0,-23.047853,-934.561218,5.557923
5664.0,2.1747,1.7526,-0.014972,-0.014972,1.0,1.0,-23.052601,-934.550171,5.541129
5666.0,2.1755,1.7526,-0.014774,-0.014774,1.0,1.0,-23.057304,-934.539063,5.543997
5668.0,2.1773,1.9968,-0.014245,-0.014245,1.0,1.0,-23.062014,-934.528015,5.531383
5670.0,2.1809,2.302,-0.013382,-0.013382,1.0,1.0,-23.066689,-934.517029,5.514366
5672.0,2.1848,2.5461,-0.012598,-0.012598,1.0,1.0,-23.07132,-934.506042,5.498229
5674.0,2.1886,2.5461,-0.012349,-0.012349,1.0,1.0,-23.075909,-934.494995,5.520196
5676.0,2.1931,2.7292,-0.012108,-0.012108,1.0,1.0,-23.080551,-934.483643,5.54858
5678.0,2.1971,2.9733,-0.011815,-0.011815,1.0,1.0,-23.085262,-934.472534,5.563681
5680.0,2.2018,2.8513,-0.012151,-0.012151,1.0,1.0,-23.09001,-934.461304,5.588134
5682.0,2.2071,3.0344,-0.011922,-0.011922,1.0,1.0,-23.094816,-934.450012,5.62016
5684.0,2.2124,3.0344,-0.01217,-0.01217,1.0,1.0,-23.099701,-934.438599,5.672779
5686.0,2.2172,3.1565,-0.012387,-0.012387,1.0,1.0,-23.104715,-934.427124,5.713082
5688.0,2.2222,3.0954,-0.01286,-0.01286,1.0,1.0,-23.109831,-934.415527,5.778971
5690.0,2.2261,3.0344,-0.013627,-0.013627,1.0,1.0,-23.115108,-934.403687,5.802952
5692.0,2.2316,3.2785,-0.013254,-0.013254,1.0,1.0,-23.120445,-934.392029,5.825221
5694.0,2.2371,3.2785,-0.013387,-0.013387,1.0,1.0,-23.125835,-934.38031,5.839257
5696.0,2.2419,3.3396,-0.013315,-0.013315,1.0,1.0,-23.131258,-934.368652,5.85429
5698.0,2.248,3.5837,-0.012834,-0.012834,1.0,1.0,-23.136717,-934.356934,5.853169
5700.0,2.2553,3.7668,-0.012289,-0.012289,1.0,1.0,-23.14217,-934.345337,5.810308
5702.0,2.2628,3.7058,-0.011818,-0.011818,1.0,1.0,-23.147514,-934.33374,5.744232
5704.0,2.2702,3.7058,-0.010965,-0.010965,1.0,1.0,-23.152691,-934.322327,5.70445
5706.0,2.2764,3.7668,-0.010283,-0.010283,1.0,1.0,-23.157764,-934.311218,5.616845
5708.0,2.2833,3.7668,-0.009197,-0.009197,1.0,1.0,-23.162617,-934.30011,5.566017
5710.0,2.2901,4.072,-0.007858,-0.007858,1.0,1.0,-23.167339,-934.289185,5.488556
5712.0,2.2978,3.7668,-0.007523,-0.007523,1.0,1.0,-23.171865,-934.278503,5.406626
5714.0,2.3056,3.7668,-0.006483,-0.006483,1.0,1.0,-23.176184,-934.267822,5.371097
5716.0,2.314,3.8278,-0.005803,-0.005803,1.0,1.0,-23.18041,-934.25708,5.289743
5718.0,2.3241,3.7668,-0.004855,-0.004855,1.0,1.0,-23.184431,-934.246582,5.283921
5720.0,2.3337,3.6447,-0.00487,-0.00487,1.0,1.0,-23.188437,-934.236084,5.250312
5722.0,2.3427,3.3396,-0.004987,-0.004987,1.0,1.0,-23.192354,-934.225647,5.234189
5724.0,2.3517,3.3396,-0.004638,-0.004638,1.0,1.0,-23.19623,-934.215088,5.266037
5726.0,2.3608,3.2785,-0.004942,-0.004942,1.0,1.0,-23.200186,-934.204529,5.265094
5728.0,2.3688,2.9733,-0.005435,-0.005435,1.0,1.0,-23.204136,-934.193848,5.337446
5730.0,2.3775,2.5461,-0.006973,-0.006973,1.0,1.0,-23.208267,-934.182861,5.365789
5732.0,2.3854,2.5461,-0.00713,-0.00713,1.0,1.0,-23.212467,-934.172058,5.393062
5734.0,2.3933,2.5461,-0.007275,-0.007275,1.0,1.0,-23.216734,-934.161011,5.471118
5736.0,2.3997,2.2409,-0.008658,-0.008658,1.0,1.0,-23.221195,-934.150024,5.502803
5738.0,2.4045,1.9968,-0.009435,-0.009435,1.0,1.0,-23.225735,-934.138794,5.567162
5740.0,2.4104,1.9357,-0.010154,-0.010154,1.0,1.0,-23.230434,-934.127502,5.62728
5742.0,2.4163,1.9357,-0.010695,-0.010695,1.0,1.0,-23.235283,-934.116089,5.613151
5744.0,2.4222,1.8747,-0.01056,-0.01056,1.0,1.0,-23.240095,-934.104736,5.658333
5746.0,2.4267,1.6306,-0.011491,-0.011491,1.0,1.0,-23.245018,-934.093445,5.650206
5748.0,2.4304,1.5085,-0.011593,-0.011593,1.0,1.0,-23.249918,-934.082092,5.658707
5750.0,2.4344,1.6306,-0.011346,-0.011346,1.0,1.0,-23.254837,-934.070801,5.641305
5752.0,2.4384,1.6306,-0.01108,-0.01108,1.0,1.0,-23.259712,-934.059631,5.614571
5754.0,2.4407,1.5085,-0.011007,-0.011007,1.0,1.0,-23.264517,-934.048462,5.590131
5756.0,2.4435,1.5085,-0.010687,-0.010687,1.0,1.0,-23.269258,-934.037231,5.556483
5758.0,2.4457,1.4475,-0.01041,-0.01041,1.0,1.0,-23.273914,-934.026123,5.538462
5760.0,2.4506,1.8137,-0.009332,-0.009332,1.0,1.0,-23.278522,-934.015137,5.508871
5762.0,2.4555,1.8137,-0.008916,-0.008916,1.0,1.0,-23.283054,-934.004211,5.484617
5764.0,2.4601,1.7526,-0.008695,-0.008695,1.0,1.0,-23.287523,-933.993347,5.454662
5766.0,2.4649,1.6916,-0.008409,-0.008409,1.0,1.0,-23.291916,-933.982239,5.461177
5768.0,2.4683,1.3864,-0.00907,-0.00907,1.0,1.0,-23.296322,-933.971191,5.495014
5770.0,2.4733,1.6306,-0.008818,-0.008818,1.0,1.0,-23.300812,-933.960205,5.507409
5772.0,2.4782,1.6306,-0.008859,-0.008859,1.0,1.0,-23.305332,-933.949097,5.528886
5774.0,2.4834,1.5085,-0.009255,-0.009255,1.0,1.0,-23.309904,-933.937988,5.554278
5776.0,2.4874,1.2644,-0.00998,-0.00998,1.0,1.0,-23.314537,-933.926758,5.598079
5778.0,2.4906,1.1423,-0.010658,-0.010658,1.0,1.0,-23.319279,-933.915466,5.632449
5780.0,2.494,1.0813,-0.011097,-0.011097,1.0,1.0,-23.324104,-933.903931,5.664959
5782.0,2.4974,1.0813,-0.011385,-0.011385,1.0,1.0,-23.32901,-933.892456,5.694677
5784.0,2.4996,0.8982,-0.012061,-0.012061,1.0,1.0,-23.333988,-933.881104,5.689636
5786.0,2.5012,0.9592,-0.011843,-0.011843,1.0,1.0,-23.338953,-933.869629,5.727742
5788.0,2.5032,0.8371,-0.012482,-0.012482,1.0,1.0,-23.344011,-933.858215,5.70403
5790.0,2.506,0.7761,-0.012303,-0.012303,1.0,1.0,-23.349007,-933.846863,5.69346
5792.0,2.5087,0.7761,-0.012135,-0.012135,1.0,1.0,-23.353973,-933.835388,5.655308
5794.0,2.5107,0.7761,-0.011682,-0.011682,1.0,1.0,-23.358843,-933.824219,5.611131
5796.0,2.5114,0.8371,-0.011056,-0.011056,1.0,1.0,-23.3636,-933.812988,5.606041
5798.0,2.5119,0.715,-0.011254,-0.011254,1.0,1.0,-23.368341,-933.801941,5.543782
5800.0,2.5124,0.715,-0.010567,-0.010567,1.0,1.0,-23.372925,-933.790955,5.511338
5802.0,2.5153,1.3864,-0.008714,-0.008714,1.0,1.0,-23.377426,-933.78009,5.461529
5804.0,2.5196,1.0202,-0.008878,-0.008878,1.0,1.0,-23.3818,-933.769287,5.422576
5806.0,2.5225,0.9592,-0.008528,-0.008528,1.0,1.0,-23.386074,-933.758301,5.41288
5808.0,2.5258,1.1423,-0.007967,-0.007967,1.0,1.0,-23.390322,-933.747559,5.384579
5810.0,2.529,1.1423,-0.007597,-0.007597,1.0,1.0,-23.394497,-933.736694,5.417093
5812.0,2.5325,0.9592,-0.008278,-0.008278,1.0,1.0,-23.398752,-933.725891,5.410978
5814.0,2.5347,0.715,-0.008694,-0.008694,1.0,1.0,-23.40299,-933.715027,5.435003
5816.0,2.5366,0.654,-0.00905,-0.00905,1.0,1.0,-23.407288,-933.703979,5.492128
5818.0,2.5378,0.593,-0.009779,-0.009779,1.0,1.0,-23.411726,-933.692688,5.522371
5820.0,2.5391,0.593,-0.010084,-0.010084,1.0,1.0,-23.416239,-933.681396,5.615447
5822.0,2.5414,0.593,-0.011052,-0.011052,1.0,1.0,-23.420984,-933.670044,5.655649
5824.0,2.5427,0.3488,-0.01199,-0.01199,1.0,1.0,-23.425829,-933.658447,5.743337
5826.0,2.5435,0.4099,-0.012797,-0.012797,1.0,1.0,-23.430891,-933.646729,5.814247
5828.0,2.5429,0.2878,-0.01383,-0.01383,1.0,1.0,-23.436129,-933.63501,5.855379
5830.0,2.5424,0.2878,-0.014281,-0.014281,1.0,1.0,-23.441467,-933.622803,5.942735
5832.0,2.5413,0.2878,-0.015236,-0.015236,1.0,1.0,-23.447023,-933.610962,5.94935
5834.0,2.5399,0.2878,-0.015333,-0.015333,1.0,1.0,-23.452595,-933.598877,5.999988
5836.0,2.5383,0.5319,-0.015382,-0.015382,1.0,1.0,-23.458292,-933.586853,6.010871
5838.0,2.5379,0.7761,-0.014982,-0.014982,1.0,1.0,-23.464014,-933.574829,6.005469
5840.0,2.5376,0.7761,-0.014931,-0.014931,1.0,1.0,-23.469719,-933.562866,6.007086
5842.0,2.5373,0.9592,-0.01456,-0.01456,1.0,1.0,-23.475426,-933.550903,5.98658
5844.0,2.5371,1.0813,-0.014082,-0.014082,1.0,1.0,-23.481079,-933.538757,5.972726
5846.0,2.5383,1.4475,-0.013128,-0.013128,1.0,1.0,-23.486696,-933.526855,5.956769
5848.0,2.5407,1.5695,-0.012648,-0.012648,1.0,1.0,-23.49227,-933.514954,5.941894
5850.0,2.5432,1.5695,-0.012441,-0.012441,1.0,1.0,-23.497805,-933.503113,5.933282
5852.0,2.547,1.6916,-0.012014,-0.012014,1.0,1.0,-23.503315,-933.491211,5.961061
5854.0,2.5493,1.9357,-0.011744,-0.011744,1.0,1.0,-23.508894,-933.479248,5.967377
5856.0,2.5511,2.1189,-0.011386,-0.011386,1.0,1.0,-23.514486,-933.46698,6.003367
5858.0,2.5533,2.2409,-0.011467,-0.011467,1.0,1.0,-23.520166,-933.454895,6.034141
5860.0,2.5555,2.2409,-0.011754,-0.011754,1.0,1.0,-23.525921,-933.442688,6.078525
5862.0,2.5591,2.302,-0.012031,-0.012031,1.0,1.0,-23.531786,-933.430359,6.134561
5864.0,2.5627,2.4851,-0.012168,-0.012168,1.0,1.0,-23.537788,-933.417969,6.185557
5866.0,2.5667,2.6682,-0.012247,-0.012247,1.0,1.0,-23.543917,-933.405396,6.237968
5868.0,2.5706,2.6682,-0.012731,-0.012731,1.0,1.0,-23.550175,-933.3927,6.252133
5870.0,2.5748,2.8513,-0.012412,-0.012412,1.0,1.0,-23.556465,-933.380127,6.275163
5872.0,2.5789,2.7902,-0.012709,-0.012709,1.0,1.0,-23.562811,-933.367554,6.276878
5874.0,2.5828,2.9123,-0.012392,-0.012392,1.0,1.0,-23.569159,-933.35498,6.285863
5876.0,2.5886,3.0344,-0.012118,-0.012118,1.0,1.0,-23.575527,-933.34259,6.22322
5878.0,2.5943,3.0344,-0.011339,-0.011339,1.0,1.0,-23.581736,-933.330383,6.154282
5880.0,2.6007,3.0954,-0.010348,-0.010348,1.0,1.0,-23.587769,-933.318237,6.093357
5882.0,2.6059,3.3396,-0.009072,-0.009072,1.0,1.0,-23.593645,-933.306152,5.986709
5884.0,2.6111,3.4006,-0.007695,-0.007695,1.0,1.0,-23.599251,-933.294312,5.940038
5886.0,2.6186,3.5227,-0.006787,-0.006787,1.0,1.0,-23.604738,-933.282776,5.828186
5888.0,2.6261,3.5227,-0.005437,-0.005437,1.0,1.0,-23.609941,-933.27124,5.7813
5890.0,2.6348,3.6447,-0.0045,-0.0045,1.0,1.0,-23.615025,-933.259888,5.699435
5892.0,2.643,3.5227,-0.003717,-0.003717,1.0,1.0,-23.619902,-933.248657,5.663875
5894.0,2.6509,3.2175,-0.003835,-0.003835,1.0,1.0,-23.624687,-933.237183,5.635142
5896.0,2.6595,3.0954,-0.003619,-0.003619,1.0,1.0,-23.629398,-933.226013,5.605844
5898.0,2.6681,3.0954,-0.003135,-0.003135,1.0,1.0,-23.634033,-933.214722,5.64256
5900.0,2.6767,3.0344,-0.003502,-0.003502,1.0,1.0,-23.63876,-933.20343,5.646657
5902.0,2.684,2.7902,-0.00393,-0.00393,1.0,1.0,-23.643494,-933.191895,5.720408
5904.0,2.6927,2.5461,-0.005091,-0.005091,1.0,1.0,-23.648411,-933.180359,5.748297
5906.0,2.7006,2.1189,-0.006161,-0.006161,1.0,1.0,-23.653397,-933.168579,5.803095
5908.0,2.7084,2.1189,-0.006602,-0.006602,1.0,1.0,-23.658518,-933.156738,5.86501
5910.0,2.7145,1.8747,-0.007678,-0.007678,1.0,1.0,-23.663794,-933.144897,5.90272
5912.0,2.7188,1.6916,-0.008395,-0.008395,1.0,1.0,-23.669161,-933.132874,5.97856
5914.0,2.7245,1.6306,-0.009233,-0.009233,1.0,1.0,-23.674717,-933.12085,5.994713
5916.0,2.7295,1.3864,-0.009833,-0.009833,1.0,1.0,-23.680311,-933.108704,6.040981
5918.0,2.7346,1.3864,-0.010234,-0.010234,1.0,1.0,-23.68602,-933.096436,6.042737
5920.0,2.7394,1.3864,-0.01016,-0.01016,1.0,1.0,-23.69173,-933.084351,6.038087
5922.0,2.7415,1.2644,-0.010333,-0.010333,1.0,1.0,-23.697428,-933.072327,6.024134
5924.0,2.7445,1.2644,-0.010125,-0.010125,1.0,1.0,-23.703087,-933.060425,5.979216
5926.0,2.7472,1.1423,-0.009852,-0.009852,1.0,1.0,-23.708632,-933.048462,5.965481
5928.0,2.7499,1.1423,-0.009652,-0.009652,1.0,1.0,-23.714138,-933.036682,5.923375
5930.0,2.7525,1.2033,-0.00902,-0.00902,1.0,1.0,-23.719538,-933.024902,5.893209
5932.0,2.755,1.2033,-0.008646,-0.008646,1.0,1.0,-23.724859,-933.013062,5.853516
5934.0,2.7573,1.0202,-0.008568,-0.008568,1.0,1.0,-23.73008,-933.001465,5.832025
5936.0,2.7596,1.0202,-0.008292,-0.008292,1.0,1.0,-23.735243,-932.989868,5.799208
5938.0,2.7622,0.9592,-0.008021,-0.008021,1.0,1.0,-23.740322,-932.978271,5.806511
5940.0,2.7648,0.8371,-0.008311,-0.008311,1.0,1.0,-23.745417,-932.966553,5.836447
5942.0,2.7681,0.7761,-0.008702,-0.008702,1.0,1.0,-23.750586,-932.954773,5.859455
5944.0,2.7721,0.8982,-0.008611,-0.008611,1.0,1.0,-23.75581,-932.94281,5.882438
5946.0,2.7761,0.8982,-0.008782,-0.008782,1.0,1.0,-23.761089,-932.930908,5.92918
5948.0,2.779,0.715,-0.009621,-0.009621,1.0,1.0,-23.766485,-932.918945,5.967252
5950.0,2.7813,0.593,-0.010248,-0.010248,1.0,1.0,-23.771975,-932.906921,5.998266
5952.0,2.7828,0.3488,-0.011076,-0.011076,1.0,1.0,-23.777538,-932.894775,6.039052
5954.0,2.7846,0.2878,-0.011609,-0.011609,1.0,1.0,-23.783203,-932.88269,6.035631
5956.0,2.7865,0.2878,-0.011537,-0.011537,1.0,1.0,-23.788857,-932.870361,6.072476
5958.0,2.7868,0.4099,-0.011664,-0.011664,1.0,1.0,-23.7946,-932.858276,6.051973
5960.0,2.7874,0.4709,-0.011303,-0.011303,1.0,1.0,-23.800289,-932.846191,6.034715
5962.0,2.7877,0.4099,-0.011243,-0.011243,1.0,1.0,-23.805933,-932.834229,5.994362
5964.0,2.7881,0.4099,-0.010802,-0.010802,1.0,1.0,-23.811474,-932.822388,5.949618
5966.0,2.7886,0.4099,-0.010312,-0.010312,1.0,1.0,-23.8169,-932.810547,5.927182
5968.0,2.7881,0.4099,-0.010081,-0.010081,1.0,1.0,-23.822268,-932.79895,5.849512
5970.0,2.7894,0.593,-0.008827,-0.008827,1.0,1.0,-23.827438,-932.78717,5.81862
5972.0,2.7917,0.4099,-0.008844,-0.008844,1.0,1.0,-23.832529,-932.775757,5.745071
5974.0,2.793,0.1657,-0.008551,-0.008551,1.0,1.0,-23.837433,-932.764282,5.726036
5976.0,2.7943,0.1657,-0.008321,-0.008321,1.0,1.0,-23.842287,-932.75293,5.705248
5978.0,2.7951,0.3488,-0.007685,-0.007685,1.0,1.0,-23.847088,-932.741516,5.701466
5980.0,2.7969,0.2268,-0.007871,-0.007871,1.0,1.0,-23.851877,-932.730103,5.71666
5982.0,2.7986,0.1047,-0.008267,-0.008267,1.0,1.0,-23.856703,-932.718445,5.722644
5984.0,2.799,0.1047,-0.008323,-0.008323,1.0,1.0,-23.86154,-932.706787,5.78848
5986.0,2.7995,0.1047,-0.009025,-0.009025,1.0,1.0,-23.866541,-932.695129,5.822075
5988.0,2.8002,0.1657,-0.009243,-0.009243,1.0,1.0,-23.871624,-932.683228,5.911149
5990.0,2.8012,0.0437,-0.010443,-0.010443,1.0,1.0,-23.87693,-932.671204,5.971045
5992.0,2.8012,-0.1394,-0.01148,-0.01148,1.0,1.0,-23.882383,-932.659058,6.055007
5994.0,2.7996,-0.2005,-0.01254,-0.01254,1.0,1.0,-23.888046,-932.646484,6.128889
5996.0,2.7981,-0.2005,-0.01336,-0.01336,1.0,1.0,-23.893892,-932.634155,6.172037
5998.0,2.7969,-0.1394,-0.013713,-0.013713,1.0,1.0,-23.899845,-932.62146,6.25771
6000.0,2.7963,0.1657,-0.013985,-0.013985,1.0,1.0,-23.90601,-932.608887,6.274331
6002.0,2.7949,0.0437,-0.014449,-0.014449,1.0,1.0,-23.912214,-932.596191,6.321409
6004.0,2.7935,0.0437,-0.014977,-0.014977,1.0,1.0,-23.918535,-932.583557,6.331163
6006.0,2.7905,0.2878,-0.014617,-0.014617,1.0,1.0,-23.924877,-932.570679,6.334738
6008.0,2.7879,0.593,-0.014054,-0.014054,1.0,1.0,-23.931225,-932.558044,6.315595
6010.0,2.7873,0.8982,-0.01321,-0.01321,1.0,1.0,-23.937523,-932.545471,6.300018
6012.0,2.7869,1.0813,-0.01266,-0.01266,1.0,1.0,-23.943779,-932.532959,6.281254
6014.0,2.7865,1.0813,-0.012467,-0.012467,1.0,1.0,-23.949986,-932.520447,6.260131
6016.0,2.7873,1.3864,-0.011573,-0.011573,1.0,1.0,-23.956137,-932.507935,6.244865
6018.0,2.789,1.5085,-0.011116,-0.011116,1.0,1.0,-23.962246,-932.495239,6.241949
6020.0,2.7907,1.5085,-0.011053,-0.011053,1.0,1.0,-23.968346,-932.482666,6.273728
6022.0,2.7914,1.5695,-0.011249,-0.011249,1.0,1.0,-23.974524,-932.470093,6.290682
6024.0,2.7921,1.5695,-0.011417,-0.011417,1.0,1.0,-23.980742,-932.457397,6.327924
6026.0,2.7957,2.0578,-0.010703,-0.010703,1.0,1.0,-23.987051,-932.44458,6.374244
6028.0,2.7985,2.1799,-0.010884,-0.010884,1.0,1.0,-23.993473,-932.431702,6.425231
6030.0,2.8016,2.2409,-0.01124,-0.01124,1.0,1.0,-24.000021,-932.418457,6.479958
6032.0,2.8033,2.2409,-0.01179,-0.01179,1.0,1.0,-24.006704,-932.405334,6.534231
6034.0,2.8051,2.2409,-0.012335,-0.012335,1.0,1.0,-24.013521,-932.389343,6.566915
6036.0,2.8087,2.363,-0.012354,-0.012354,1.0,1.0,-24.020418,-932.378357,6.56773
6038.0,2.8121,2.363,-0.012298,-0.012298,1.0,1.0,-24.027313,-932.365845,6.574739
6040.0,2.8153,2.5461,-0.011921,-0.011921,1.0,1.0,-24.034224,-932.352722,6.567708
6042.0,2.8207,2.6682,-0.011483,-0.011483,1.0,1.0,-24.041113,-932.339722,6.499534
6044.0,2.8262,2.6682,-0.010653,-0.010653,1.0,1.0,-24.047829,-932.324158,6.434522
6046.0,2.8309,2.7902,-0.009608,-0.009608,1.0,1.0,-24.054379,-932.313721,6.345907
6048.0,2.834,2.9123,-0.00834,-0.00834,1.0,1.0,-24.060703,-932.301697,6.256487
6050.0,2.8385,3.1565,-0.006773,-0.006773,1.0,1.0,-24.066801,-932.289429,6.173236
6052.0,2.8453,3.2785,-0.005488,-0.005488,1.0,1.0,-24.072687,-932.277344,6.080348
6054.0,2.852,3.2785,-0.004358,-0.004358,1.0,1.0,-24.078337,-932.263062,5.990627
6056.0,2.8597,3.2175,-0.003373,-0.003373,1.0,1.0,-24.083759,-932.253174,5.933732
6058.0,2.8676,3.3396,-0.002343,-0.002343,1.0,1.0,-24.089037,-932.241577,5.92388
6060.0,2.8763,3.2175,-0.002333,-0.002333,1.0,1.0,-24.094288,-932.229858,5.872768
6062.0,2.8848,3.2175,-0.001614,-0.001614,1.0,1.0,-24.099407,-932.218079,5.896416
6064.0,2.8934,2.9123,-0.002362,-0.002362,1.0,1.0,-24.104584,-932.204102,5.909773
6066.0,2.9005,2.7292,-0.002764,-0.002764,1.0,1.0,-24.109793,-932.194092,5.965151
6068.0,2.9081,2.6071,-0.003479,-0.003479,1.0,1.0,-24.115139,-932.18219,6.011727
6070.0,2.9161,2.302,-0.004483,-0.004483,1.0,1.0,-24.1206,-932.170044,6.062596
6072.0,2.9241,2.302,-0.004879,-0.004879,1.0,1.0,-24.126186,-932.157471,6.129344
6074.0,2.93,1.9357,-0.006271,-0.006271,1.0,1.0,-24.131939,-932.143005,6.188001
6076.0,2.935,1.7526,-0.007197,-0.007197,1.0,1.0,-24.137836,-932.132507,6.249862
6078.0,2.9411,1.6306,-0.008006,-0.008006,1.0,1.0,-24.143887,-932.119873,6.27365
6080.0,2.9458,1.5695,-0.008301,-0.008301,1.0,1.0,-24.149994,-932.107239,6.314395
6082.0,2.9506,1.5695,-0.008648,-0.008648,1.0,1.0,-24.1562,-932.094421,6.310802
6084.0,2.9552,1.5085,-0.008651,-0.008651,1.0,1.0,-24.162395,-932.079895,6.314605
6086.0,2.9579,1.3254,-0.009033,-0.009033,1.0,1.0,-24.168598,-932.069275,6.284757
6088.0,2.9608,1.2644,-0.008788,-0.008788,1.0,1.0,-24.174723,-932.056824,6.242328
6090.0,2.9636,1.0202,-0.0088,-0.0088,1.0,1.0,-24.180738,-932.044434,6.202775
6092.0,2.9665,1.0202,-0.008322,-0.008322,1.0,1.0,-24.186653,-932.032166,6.161745
6094.0,2.9689,0.9592,-0.007966,-0.007966,1.0,1.0,-24.192463,-932.018066,6.119883
6096.0,2.9725,1.1423,-0.007055,-0.007055,1.0,1.0,-24.198164,-932.007568,6.093246
6098.0,2.975,0.8371,-0.007374,-0.007374,1.0,1.0,-24.203796,-931.995483,6.0583
6100.0,2.9773,0.8371,-0.006955,-0.006955,1.0,1.0,-24.209339,-931.983398,6.056134
6102.0,2.9795,0.8371,-0.006888,-0.006888,1.0,1.0,-24.214874,-931.971252,6.069944
6104.0,2.9828,0.654,-0.007367,-0.007367,1.0,1.0,-24.220442,-931.957214,6.094824
6106.0,2.9854,0.7761,-0.007323,-0.007323,1.0,1.0,-24.226068,-931.946777,6.11585
6108.0,2.9892,0.715,-0.007606,-0.007606,1.0,1.0,-24.231747,-931.934265,6.149094
6110.0,2.992,0.3488,-0.008695,-0.008695,1.0,1.0,-24.237507,-931.921814,6.194695
6112.0,2.9947,0.3488,-0.009132,-0.009132,1.0,1.0,-24.243378,-931.909302,6.22728
6114.0,2.9968,0.2878,-0.009573,-0.009573,1.0,1.0,-24.249329,-931.89502,6.275505
6116.0,2.9974,0.1657,-0.010339,-0.010339,1.0,1.0,-24.255398,-931.884155,6.285802
6118.0,2.9979,-0.0174,-0.01083,-0.01083,1.0,1.0,-24.261492,-931.871521,6.307341
6120.0,2.9977,0.0437,-0.010934,-0.010934,1.0,1.0,-24.267637,-931.858948,6.288988
6122.0,2.9975,0.0437,-0.010741,-0.010741,1.0,1.0,-24.273733,-931.846252,6.26554
6124.0,2.9979,0.0437,-0.010482,-0.010482,1.0,1.0,-24.279768,-931.832397,6.217179
6126.0,2.9974,0.1047,-0.009844,-0.009844,1.0,1.0,-24.285679,-931.821533,6.18055
6128.0,2.9969,0.2268,-0.009201,-0.009201,1.0,1.0,-24.291496,-931.809265,6.143456
6130.0,2.9963,0.2268,-0.008813,-0.008813,1.0,1.0,-24.297218,-931.79718,6.066483
6132.0,2.9964,0.1657,-0.008116,-0.008116,1.0,1.0,-24.302744,-931.784973,6.034075
6134.0,2.9972,0.2268,-0.00762,-0.00762,1.0,1.0,-24.308186,-931.771973,5.943826
6136.0,2.9995,0.3488,-0.006343,-0.006343,1.0,1.0,-24.313398,-931.761292,5.943054
6138.0,2.9998,0.1657,-0.00672,-0.00672,1.0,1.0,-24.318607,-931.749512,5.903979
6140.0,3.0002,0.1657,-0.006292,-0.006292,1.0,1.0,-24.323715,-931.737671,5.91924
6142.0,3.0021,-0.0174,-0.006813,-0.006813,1.0,1.0,-24.328861,-931.72583,5.925156
6144.0,3.0026,-0.2005,-0.00726,-0.00726,1.0,1.0,-24.334019,-931.712646,5.964117
6146.0,3.0018,-0.2615,-0.007826,-0.007826,1.0,1.0,-24.339272,-931.701599,6.01018
6148.0,3.0015,-0.2005,-0.008197,-0.008197,1.0,1.0,-24.344639,-931.689453,6.06023
6150.0,3.0012,-0.2005,-0.00874,-0.00874,1.0,1.0,-24.35013,-931.677063,6.150656
6152.0,3.0017,-0.3226,-0.009962,-0.009962,1.0,1.0,-24.355846,-931.664612,6.203264
6154.0,3.0025,-0.3226,-0.010511,-0.010511,1.0,1.0,-24.361692,-931.650818,6.311128
6156.0,3.0005,-0.5667,-0.012224,-0.012224,1.0,1.0,-24.367807,-931.639099,6.359093
6158.0,2.9987,-0.6888,-0.013031,-0.013031,1.0,1.0,-24.374041,-931.625854,6.469301
6160.0,2.9969,-0.6888,-0.014239,-0.014239,1.0,1.0,-24.380547,-931.612915,6.469856
6162.0,2.9946,-0.2615,-0.013378,-0.013378,1.0,1.0,-24.387053,-931.599854,6.525586
6164.0,2.9901,-0.2005,-0.013925,-0.013925,1.0,1.0,-24.393696,-931.585876,6.532887
6166.0,2.9866,0.1657,-0.013289,-0.013289,1.0,1.0,-24.400354,-931.573669,6.535654
6168.0,2.9845,0.593,-0.012449,-0.012449,1.0,1.0,-24.407017,-931.560669,6.51923
6170.0,2.9824,0.593,-0.012314,-0.012314,1.0,1.0,-24.413635,-931.547668,6.496072
6172.0,2.9829,0.8982,-0.011407,-0.011407,1.0,1.0,-24.420193,-931.534546,6.475831
6174.0,2.9831,0.9592,-0.011057,-0.011057,1.0,1.0,-24.426697,-931.520996,6.444927
6176.0,2.9846,1.1423,-0.010307,-0.010307,1.0,1.0,-24.433121,-931.508789,6.428319
6178.0,2.9859,1.2644,-0.009845,-0.009845,1.0,1.0,-24.439501,-931.495972,6.430675
6180.0,2.9872,1.2644,-0.009847,-0.009847,1.0,1.0,-24.445885,-931.483032,6.453746
6182.0,2.9873,1.5695,-0.009439,-0.009439,1.0,1.0,-24.452324,-931.470093,6.468842
6184.0,2.9896,1.7526,-0.009167,-0.009167,1.0,1.0,-24.458797,-931.456421,6.497563
6186.0,2.9927,1.8747,-0.009155,-0.009155,1.0,1.0,-24.465342,-931.443665,6.552616
6188.0,2.9954,1.8747,-0.009691,-0.009691,1.0,1.0,-24.472021,-931.43042,6.60815
6190.0,2.9981,1.8747,-0.010231,-0.010231,1.0,1.0,-24.478838,-931.416992,6.670202
6192.0,3.0003,1.9968,-0.010591,-0.010591,1.0,1.0,-24.485807,-931.403564,6.714627
6194.0,3.0046,2.0578,-0.010852,-0.010852,1.0,1.0,-24.492886,-931.389587,6.741533
6196.0,3.0066,2.1799,-0.010841,-0.010841,1.0,1.0,-24.500029,-931.376526,6.73238
6198.0,3.0086,2.1799,-0.010706,-0.010706,1.0,1.0,-24.507147,-931.362793,6.739502
6200.0,3.0113,2.363,-0.010341,-0.010341,1.0,1.0,-24.514278,-931.349365,6.731897
6202.0,3.0149,2.363,-0.010192,-0.010192,1.0,1.0,-24.521389,-931.336121,6.643012
6204.0,3.0206,2.363,-0.009136,-0.009136,1.0,1.0,-24.528273,-931.322815,6.583801
6206.0,3.0248,2.5461,-0.008035,-0.008035,1.0,1.0,-24.535006,-931.310181,6.466269
6208.0,3.0289,2.5461,-0.006699,-0.006699,1.0,1.0,-24.541441,-931.297485,6.395847
6210.0,3.0335,2.6682,-0.005596,-0.005596,1.0,1.0,-24.547697,-931.285034,6.278162
6212.0,3.0384,2.9123,-0.003714,-0.003714,1.0,1.0,-24.553654,-931.272522,6.198714
6214.0,3.0441,2.8513,-0.00288,-0.00288,1.0,1.0,-24.559408,-931.260376,6.119731
6216.0,3.0504,2.6682,-0.002297,-0.002297,1.0,1.0,-24.564962,-931.248291,6.067096
6218.0,3.0568,2.6682,-0.001606,-0.001606,1.0,1.0,-24.570383,-931.236267,6.031895
6220.0,3.0657,2.6071,-0.001185,-0.001185,1.0,1.0,-24.575712,-931.224365,5.994379
6222.0,3.0728,2.1189,-0.00169,-0.00169,1.0,1.0,-24.580946,-931.212219,6.035795
6224.0,3.0792,1.9968,-0.002278,-0.002278,1.0,1.0,-24.586281,-931.199951,6.041234
6226.0,3.0852,1.9968,-0.002222,-0.002222,1.0,1.0,-24.591627,-931.187561,6.127404
6228.0,3.0912,1.9968,-0.003038,-0.003038,1.0,1.0,-24.597189,-931.175232,6.156868
6230.0,3.0973,1.7526,-0.003763,-0.003763,1.0,1.0,-24.602821,-931.162659,6.236367
6232.0,3.1019,1.5695,-0.004922,-0.004922,1.0,1.0,-24.608652,-931.150024,6.28876
6234.0,3.1063,1.1423,-0.006315,-0.006315,1.0,1.0,-24.614613,-931.137268,6.361451
6236.0,3.1104,0.9592,-0.007408,-0.007408,1.0,1.0,-24.620752,-931.12439,6.408949
6238.0,3.1145,0.9592,-0.00784,-0.00784,1.0,1.0,-24.627008,-931.111328,6.434297
6240.0,3.1182,0.715,-0.008561,-0.008561,1.0,1.0,-24.633326,-931.098389,6.445667
6242.0,3.1206,0.654,-0.008768,-0.008768,1.0,1.0,-24.639669,-931.08551,6.43351
6244.0,3.1217,0.7761,-0.008356,-0.008356,1.0,1.0,-24.645981,-931.072693,6.418457
6246.0,3.1223,0.7761,-0.008184,-0.008184,1.0,1.0,-24.652252,-931.059998,6.374936
6248.0,3.1228,0.7761,-0.007707,-0.007707,1.0,1.0,-24.658411,-931.047302,6.345618
6250.0,3.1244,0.654,-0.007624,-0.007624,1.0,1.0,-24.664494,-931.03479,6.296288
6252.0,3.1265,0.4709,-0.007446,-0.007446,1.0,1.0,-24.67045,-931.022095,6.256905
6254.0,3.1292,0.5319,-0.006841,-0.006841,1.0,1.0,-24.676306,-931.009644,6.217938
6256.0,3.1319,0.5319,-0.006371,-0.006371,1.0,1.0,-24.68206,-930.997314,6.189127
6258.0,3.1337,0.4709,-0.006156,-0.006156,1.0,1.0,-24.68774,-930.985046,6.165923
6260.0,3.1348,0.3488,-0.006148,-0.006148,1.0,1.0,-24.693359,-930.972656,6.187509
6262.0,3.1364,0.2878,-0.006479,-0.006479,1.0,1.0,-24.69903,-930.960205,6.202698
6264.0,3.1373,0.3488,-0.006495,-0.006495,1.0,1.0,-24.704737,-930.94751,6.23342
6266.0,3.1382,0.3488,-0.006808,-0.006808,1.0,1.0,-24.710518,-930.934937,6.263272
6268.0,3.1411,0.2268,-0.007335,-0.007335,1.0,1.0,-24.716373,-930.922241,6.308487
6270.0,3.1438,0.0437,-0.008159,-0.008159,1.0,1.0,-24.72234,-930.909546,6.34452
6272.0,3.145,-0.3836,-0.009434,-0.009434,1.0,1.0,-24.728394,-930.896729,6.393191
6274.0,3.1442,-0.4446,-0.010102,-0.010102,1.0,1.0,-24.734568,-930.883911,6.393269
6276.0,3.1433,-0.4446,-0.010119,-0.010119,1.0,1.0,-24.74074,-930.871094,6.417164
6278.0,3.1419,-0.4446,-0.010401,-0.010401,1.0,1.0,-24.746969,-930.858093,6.396701
6280.0,3.1398,-0.2005,-0.009702,-0.009702,1.0,1.0,-24.753145,-930.845398,6.374444
6282.0,3.1384,-0.2005,-0.00949,-0.00949,1.0,1.0,-24.759262,-930.832764,6.334578
6284.0,3.1382,-0.2005,-0.009068,-0.009068,1.0,1.0,-24.765276,-930.820251,6.279687
6286.0,3.1379,-0.2005,-0.008484,-0.008484,1.0,1.0,-24.771151,-930.8078,6.231914
6288.0,3.1373,-0.3226,-0.008244,-0.008244,1.0,1.0,-24.776903,-930.795593,6.161573
6290.0,3.1369,-0.1394,-0.007106,-0.007106,1.0,1.0,-24.782476,-930.783203,6.121982
6292.0,3.137,-0.1394,-0.006677,-0.006677,1.0,1.0,-24.787947,-930.771179,6.038098
6294.0,3.1365,-0.3226,-0.006177,-0.006177,1.0,1.0,-24.793205,-930.759155,6.027213
6296.0,3.1359,-0.3226,-0.00607,-0.00607,1.0,1.0,-24.798433,-930.747192,5.990454
6298.0,3.1334,-0.2005,-0.005459,-0.005459,1.0,1.0,-24.803568,-930.735107,6.020792
6300.0,3.1325,-0.1394,-0.005674,-0.005674,1.0,1.0,-24.808777,-930.723145,6.009721
6302.0,3.1328,-0.2615,-0.00581,-0.00581,1.0,1.0,-24.813955,-930.710938,6.065296
6304.0,3.1335,-0.3226,-0.006527,-0.006527,1.0,1.0,-24.819271,-930.698486,6.105824
6306.0,3.1341,-0.3226,-0.006951,-0.006951,1.0,1.0,-24.824686,-930.686096,6.177287
6308.0,3.1338,-0.3836,-0.007856,-0.007856,1.0,1.0,-24.830278,-930.673523,6.247325
6310.0,3.1337,-0.3226,-0.008479,-0.008479,1.0,1.0,-24.836044,-930.660767,6.323048
6312.0,3.132,-0.0784,-0.008802,-0.008802,1.0,1.0,-24.841999,-930.647827,6.418528
6314.0,3.1302,-0.2615,-0.010248,-0.010248,1.0,1.0,-24.848192,-930.634888,6.465976
6316.0,3.1284,-0.2615,-0.010788,-0.010788,1.0,1.0,-24.854502,-930.62146,6.549567
6318.0,3.1257,-0.1394,-0.011472,-0.011472,1.0,1.0,-24.861017,-930.608276,6.561757
6320.0,3.1244,-0.1394,-0.011626,-0.011626,1.0,1.0,-24.867561,-930.595032,6.612517
6322.0,3.1215,0.0437,-0.011832,-0.011832,1.0,1.0,-24.874231,-930.581787,6.605344
6324.0,3.1185,0.0437,-0.011812,-0.011812,1.0,1.0,-24.88088,-930.568604,6.609906
6326.0,3.1171,0.2268,-0.011497,-0.011497,1.0,1.0,-24.887537,-930.555481,6.573941
6328.0,3.115,0.5319,-0.010504,-0.010504,1.0,1.0,-24.894102,-930.542358,6.562044
6330.0,3.1135,0.7761,-0.009887,-0.009887,1.0,1.0,-24.900635,-930.529114,6.531775
6332.0,3.1134,0.9592,-0.009175,-0.009175,1.0,1.0,-24.907087,-930.516113,6.498515
6334.0,3.1133,0.9592,-0.008822,-0.008822,1.0,1.0,-24.913454,-930.503174,6.482579
6336.0,3.1158,1.2644,-0.007953,-0.007953,1.0,1.0,-24.919779,-930.490173,6.502728
6338.0,3.1184,1.2644,-0.008118,-0.008118,1.0,1.0,-24.926151,-930.477173,6.508385
6340.0,3.1202,1.3864,-0.007884,-0.007884,1.0,1.0,-24.932535,-930.46405,6.531741
6342.0,3.1204,1.5085,-0.007871,-0.007871,1.0,1.0,-24.938976,-930.450867,6.56489
6344.0,3.1205,1.5085,-0.008223,-0.008223,1.0,1.0,-24.945498,-930.437317,6.630513
6346.0,3.1232,1.3864,-0.009133,-0.009133,1.0,1.0,-24.952181,-930.42395,6.674741
6348.0,3.1247,1.5085,-0.009316,-0.009316,1.0,1.0,-24.958973,-930.4104,6.744259
6350.0,3.1284,1.5085,-0.009986,-0.009986,1.0,1.0,-24.965937,-930.396851,6.765573
6352.0,3.1299,1.4475,-0.010314,-0.010314,1.0,1.0,-24.972952,-930.383179,6.796005
6354.0,3.1315,1.4475,-0.010609,-0.010609,1.0,1.0,-24.98004,-930.369629,6.789616
6356.0,3.1342,1.5695,-0.01023,-0.01023,1.0,1.0,-24.987108,-930.356079,6.786816
6358.0,3.1356,1.8747,-0.009525,-0.009525,1.0,1.0,-24.994167,-930.342468,6.72541
6360.0,3.1388,1.8747,-0.008809,-0.008809,1.0,1.0,-25.00107,-930.329224,6.648674
6362.0,3.1416,1.6916,-0.008327,-0.008327,1.0,1.0,-25.007776,-930.316223,6.551755
6364.0,3.1444,1.6916,-0.007238,-0.007238,1.0,1.0,-25.014236,-930.303406,6.458884
6366.0,3.148,1.8747,-0.005784,-0.005784,1.0,1.0,-25.020462,-930.290771,6.368311
6368.0,3.1524,2.1189,-0.004207,-0.004207,1.0,1.0,-25.026457,-930.278381,6.250554
6370.0,3.1581,2.2409,-0.002569,-0.002569,1.0,1.0,-25.032154,-930.266052,6.192252
6372.0,3.1628,2.2409,-0.001848,-0.001848,1.0,1.0,-25.037703,-930.253723,6.102177
6374.0,3.1676,2.2409,-0.000783,-0.000783,1.0,1.0,-25.043022,-930.241577,6.083567
6376.0,3.1724,2.1799,-0.000619,-0.000619,1.0,1.0,-25.048292,-930.229553,6.029449
6378.0,3.1784,1.9968,-0.000311,-0.000311,1.0,1.0,-25.053425,-930.217407,6.060078
6380.0,3.1854,1.8137,-0.000902,-0.000902,1.0,1.0,-25.058632,-930.205322,6.069613
6382.0,3.1912,1.5085,-0.001548,-0.001548,1.0,1.0,-25.063862,-930.192993,6.132901
6384.0,3.197,1.5085,-0.002121,-0.002121,1.0,1.0,-25.069248,-930.180542,6.174453
6386.0,3.2041,1.3254,-0.002826,-0.002826,1.0,1.0,-25.074736,-930.167847,6.236866
6388.0,3.2076,0.8982,-0.004346,-0.004346,1.0,1.0,-25.080378,-930.155212,6.299207
6390.0,3.2105,0.7761,-0.005222,-0.005222,1.0,1.0,-25.086174,-930.142456,6.349976
6392.0,3.2134,0.7761,-0.005713,-0.005713,1.0,1.0,-25.092096,-930.129517,6.443263
6394.0,3.2155,0.593,-0.007065,-0.007065,1.0,1.0,-25.098251,-930.116638,6.42969
6396.0,3.2195,0.5319,-0.006974,-0.006974,1.0,1.0,-25.10437,-930.103638,6.475255
6398.0,3.2205,0.2878,-0.007963,-0.007963,1.0,1.0,-25.1106,-930.090515,6.459687
6400.0,3.2226,0.2268,-0.007887,-0.007887,1.0,1.0,-25.116787,-930.077576,6.465112
6402.0,3.2247,0.2268,-0.007905,-0.007905,1.0,1.0,-25.122986,-930.064819,6.41791
6404.0,3.2266,0.3488,-0.007102,-0.007102,1.0,1.0,-25.129065,-930.052063,6.384695
6406.0,3.2276,0.2268,-0.006988,-0.006988,1.0,1.0,-25.135057,-930.039429,6.332709
6408.0,3.2272,-0.0174,-0.006959,-0.006959,1.0,1.0,-25.140917,-930.026855,6.2972
6410.0,3.2285,-0.0784,-0.006685,-0.006685,1.0,1.0,-25.146685,-930.014404,6.246355
6412.0,3.2297,-0.0784,-0.006114,-0.006114,1.0,1.0,-25.152323,-930.001831,6.222392
6414.0,3.2309,-0.0174,-0.005704,-0.005704,1.0,1.0,-25.157898,-929.989502,6.181254
6416.0,3.2314,-0.0784,-0.005382,-0.005382,1.0,1.0,-25.163368,-929.977112,6.188302
6418.0,3.232,-0.0174,-0.005315,-0.005315,1.0,1.0,-25.168854,-929.964661,6.21059
6420.0,3.2332,-0.0174,-0.005533,-0.005533,1.0,1.0,-25.174393,-929.952148,6.232665
6422.0,3.2343,-0.0174,-0.005749,-0.005749,1.0,1.0,-25.179985,-929.939575,6.262346
6424.0,3.2362,-0.2005,-0.006423,-0.006423,1.0,1.0,-25.18565,-929.926941,6.303466
6426.0,3.237,-0.5057,-0.007501,-0.007501,1.0,1.0,-25.191416,-929.914001,6.343007
6428.0,3.2376,-0.6888,-0.008306,-0.008306,1.0,1.0,-25.197279,-929.901184,6.388443
6430.0,3.2355,-0.8108,-0.009092,-0.009092,1.0,1.0,-25.203253,-929.888367,6.398343
6432.0,3.2335,-0.8108,-0.009236,-0.009236,1.0,1.0,-25.209249,-929.87561,6.397524
6434.0,3.2318,-0.6277,-0.00887,-0.00887,1.0,1.0,-25.215242,-929.862732,6.418006
6436.0,3.2301,-0.5057,-0.00886,-0.00886,1.0,1.0,-25.221285,-929.849976,6.38694
6438.0,3.2279,-0.6277,-0.00883,-0.00883,1.0,1.0,-25.227245,-929.83728,6.360775
6440.0,3.2249,-0.5057,-0.008347,-0.008347,1.0,1.0,-25.233139,-929.824585,6.28899
6442.0,3.2218,-0.5057,-0.007637,-0.007637,1.0,1.0,-25.23885,-929.812073,6.259562
6444.0,3.2206,-0.3836,-0.007083,-0.007083,1.0,1.0,-25.244484,-929.799744,6.180787
6446.0,3.2196,-0.4446,-0.006386,-0.006386,1.0,1.0,-25.249918,-929.787537,6.143686
6448.0,3.2188,-0.3836,-0.005872,-0.005872,1.0,1.0,-25.255257,-929.775513,6.056247
6450.0,3.2179,-0.3836,-0.004945,-0.004945,1.0,1.0,-25.260374,-929.763428,6.031353
6452.0,3.2181,-0.2615,-0.004412,-0.004412,1.0,1.0,-25.265427,-929.751465,5.99982
6454.0,3.2164,-0.5667,-0.004759,-0.004759,1.0,1.0,-25.270397,-929.739258,6.010279
6456.0,3.2142,-0.2005,-0.004128,-0.004128,1.0,1.0,-25.275393,-929.727051,6.007771
6458.0,3.2145,-0.2615,-0.004226,-0.004226,1.0,1.0,-25.28038,-929.715027,6.024535
6460.0,3.2148,-0.2615,-0.004402,-0.004402,1.0,1.0,-25.285408,-929.703003,6.079131
6462.0,3.2147,-0.3836,-0.005254,-0.005254,1.0,1.0,-25.290571,-929.690674,6.125516
6464.0,3.2148,-0.6888,-0.006405,-0.006405,1.0,1.0,-25.295849,-929.678162,6.215146
6466.0,3.2146,-0.5057,-0.006982,-0.006982,1.0,1.0,-25.301348,-929.665405,6.270388
6468.0,3.2143,-0.5667,-0.007709,-0.007709,1.0,1.0,-25.306984,-929.652527,6.371605
6470.0,3.2141,-0.5667,-0.008798,-0.008798,1.0,1.0,-25.312872,-929.639648,6.417636
6472.0,3.2103,-0.5667,-0.009364,-0.009364,1.0,1.0,-25.318874,-929.626465,6.52737
6474.0,3.2067,-0.3836,-0.010215,-0.010215,1.0,1.0,-25.32515,-929.613464,6.527204
6476.0,3.2043,-0.4446,-0.010388,-0.010388,1.0,1.0,-25.331421,-929.600281,6.574967
6478.0,3.2021,-0.0174,-0.01003,-0.01003,1.0,1.0,-25.337811,-929.587097,6.583725
6480.0,3.1999,-0.0174,-0.010165,-0.010165,1.0,1.0,-25.344219,-929.57373,6.574173
6482.0,3.1984,-0.0174,-0.010092,-0.010092,1.0,1.0,-25.350601,-929.560608,6.559831
6484.0,3.1971,0.2878,-0.009313,-0.009313,1.0,1.0,-25.356945,-929.547607,6.525675
6486.0,3.1951,0.4709,-0.008596,-0.008596,1.0,1.0,-25.363201,-929.534668,6.498237
6488.0,3.1918,0.654,-0.007974,-0.007974,1.0,1.0,-25.369385,-929.521729,6.467325
6490.0,3.1885,0.654,-0.007706,-0.007706,1.0,1.0,-25.375488,-929.50885,6.442761
6492.0,3.1897,0.8371,-0.00703,-0.00703,1.0,1.0,-25.381529,-929.495972,6.435914
6494.0,3.191,1.0813,-0.006411,-0.006411,1.0,1.0,-25.387548,-929.482788,6.461941
6496.0,3.1926,1.0813,-0.006661,-0.006661,1.0,1.0,-25.393631,-929.469849,6.47563
6498.0,3.1945,1.2644,-0.00638,-0.00638,1.0,1.0,-25.399746,-929.456848,6.497702
6500.0,3.1964,1.2644,-0.006581,-0.006581,1.0,1.0,-25.405914,-929.443726,6.546731
6502.0,3.2,1.2033,-0.007167,-0.007167,1.0,1.0,-25.412203,-929.430481,6.592122
6504.0,3.2001,1.0813,-0.007911,-0.007911,1.0,1.0,-25.418604,-929.417114,6.654667
6506.0,3.2008,1.4475,-0.007786,-0.007786,1.0,1.0,-25.425159,-929.403687,6.69575
6508.0,3.2026,1.4475,-0.008191,-0.008191,1.0,1.0,-25.431814,-929.390015,6.710275
6510.0,3.2044,1.4475,-0.008312,-0.008312,1.0,1.0,-25.438503,-929.376587,6.707111
6512.0,3.2067,1.3864,-0.008363,-0.008363,1.0,1.0,-25.445183,-929.363098,6.713336
6514.0,3.2092,1.4475,-0.008252,-0.008252,1.0,1.0,-25.451874,-929.349731,6.696948
6516.0,3.2149,1.6916,-0.007451,-0.007451,1.0,1.0,-25.458521,-929.336609,6.610465
6518.0,3.2205,1.6916,-0.006419,-0.006419,1.0,1.0,-25.464949,-929.323608,6.544421
6520.0,3.2239,1.7526,-0.005517,-0.005517,1.0,1.0,-25.471209,-929.310852,6.420763
6522.0,3.2253,1.5695,-0.004554,-0.004554,1.0,1.0,-25.477156,-929.298035,6.35045
6524.0,3.2275,1.5695,-0.003756,-0.003756,1.0,1.0,-25.482924,-929.285645,6.231746
6526.0,3.2318,1.5085,-0.002523,-0.002523,1.0,1.0,-25.48839,-929.273438,6.147327
6528.0,3.2362,1.5085,-0.001528,-0.001528,1.0,1.0,-25.493643,-929.261414,6.06547
6530.0,3.2409,1.4475,-0.000683,-0.000683,1.0,1.0,-25.498688,-929.249451,6.015777
6532.0,3.2449,1.3254,-0.000329,-0.000329,1.0,1.0,-25.503605,-929.237549,5.981329
6534.0,3.2512,1.3254,0.000166,0.000166,1.0,1.0,-25.508434,-929.225464,5.940464
6536.0,3.2546,1.0202,2e-05,2e-05,1.0,1.0,-25.513159,-929.213501,5.977076
6538.0,3.258,1.0202,-0.000312,-0.000312,1.0,1.0,-25.517973,-929.201538,5.984615
6540.0,3.2609,0.9592,-0.000469,-0.000469,1.0,1.0,-25.522804,-929.189331,6.067626
6542.0,3.2655,0.715,-0.001805,-0.001805,1.0,1.0,-25.527843,-929.177124,6.085629
6544.0,3.2712,0.4709,-0.002414,-0.002414,1.0,1.0,-25.532925,-929.164734,6.167726
6546.0,3.2735,0.1047,-0.004039,-0.004039,1.0,1.0,-25.53821,-929.152222,6.212209
6548.0,3.2759,0.1047,-0.004474,-0.004474,1.0,1.0,-25.543606,-929.139404,6.277696
6550.0,3.2755,-0.1394,-0.005707,-0.005707,1.0,1.0,-25.549164,-929.126648,6.350489
6552.0,3.2777,-0.0784,-0.006318,-0.006318,1.0,1.0,-25.554903,-929.114014,6.344726
6554.0,3.2788,-0.0784,-0.006235,-0.006235,1.0,1.0,-25.560625,-929.101196,6.375609
6556.0,3.2798,-0.2615,-0.006939,-0.006939,1.0,1.0,-25.566422,-929.088501,6.357114
6558.0,3.2808,-0.2615,-0.006721,-0.006721,1.0,1.0,-25.57217,-929.075745,6.357069
6560.0,3.2804,-0.2005,-0.006598,-0.006598,1.0,1.0,-25.577917,-929.063171,6.313653
6562.0,3.2794,-0.4446,-0.006671,-0.006671,1.0,1.0,-25.583551,-929.050415,6.281968
6564.0,3.2788,-0.4446,-0.006344,-0.006344,1.0,1.0,-25.589104,-929.038025,6.22901
6566.0,3.2779,-0.5057,-0.005921,-0.005921,1.0,1.0,-25.594521,-929.025757,6.186519
6568.0,3.2771,-0.5057,-0.005479,-0.005479,1.0,1.0,-25.599829,-929.013428,6.15055
6570.0,3.2767,-0.5057,-0.0051,-0.0051,1.0,1.0,-25.605045,-929.001282,6.114651
6572.0,3.2758,-0.5667,-0.00486,-0.00486,1.0,1.0,-25.610168,-928.989197,6.072305
6574.0,3.2749,-0.5057,-0.004291,-0.004291,1.0,1.0,-25.615183,-928.97699,6.086705
6576.0,3.2741,-0.4446,-0.00433,-0.00433,1.0,1.0,-25.620232,-928.9646,6.100915
6578.0,3.2733,-0.4446,-0.004499,-0.004499,1.0,1.0,-25.625315,-928.952271,6.125772
6580.0,3.2731,-0.6277,-0.005162,-0.005162,1.0,1.0,-25.630459,-928.939941,6.148874
6582.0,3.2733,-0.6888,-0.005539,-0.005539,1.0,1.0,-25.635658,-928.927551,6.190575
6584.0,3.2732,-0.9329,-0.006511,-0.006511,1.0,1.0,-25.640961,-928.9151,6.224361
6586.0,3.2732,-0.9329,-0.006875,-0.006875,1.0,1.0,-25.646345,-928.902527,6.265229
6588.0,3.272,-0.9939,-0.007467,-0.007467,1.0,1.0,-25.651831,-928.889893,6.285688
6590.0,3.2692,-1.116,-0.008001,-0.008001,1.0,1.0,-25.657366,-928.877197,6.260076
6592.0,3.2662,-0.9939,-0.007522,-0.007522,1.0,1.0,-25.662834,-928.864563,6.290887
6594.0,3.263,-0.8719,-0.007654,-0.007654,1.0,1.0,-25.668377,-928.852112,6.253143
6596.0,3.2597,-0.8719,-0.007312,-0.007312,1.0,1.0,-25.673822,-928.839661,6.234191
6598.0,3.2575,-0.8719,-0.007149,-0.007149,1.0,1.0,-25.679218,-928.827393,6.16868
6600.0,3.2553,-0.9329,-0.006618,-0.006618,1.0,1.0,-25.684448,-928.814941,6.139467
6602.0,3.252,-0.7498,-0.005975,-0.005975,1.0,1.0,-25.689602,-928.802856,6.062874
6604.0,3.2498,-0.8108,-0.005323,-0.005323,1.0,1.0,-25.694561,-928.790894,6.014044
6606.0,3.2476,-0.8108,-0.004838,-0.004838,1.0,1.0,-25.699396,-928.779053,5.948345
6608.0,3.2465,-0.6277,-0.003756,-0.003756,1.0,1.0,-25.704063,-928.767334,5.904331
6610.0,3.2465,-0.5667,-0.00315,-0.00315,1.0,1.0,-25.70862,-928.755615,5.873861
6612.0,3.2432,-0.6888,-0.003145,-0.003145,1.0,1.0,-25.713097,-928.743896,5.846535
6614.0,3.241,-0.5667,-0.002629,-0.002629,1.0,1.0,-25.717505,-928.731934,5.878261
6616.0,3.2388,-0.5667,-0.003015,-0.003015,1.0,1.0,-25.721989,-928.720215,5.857004
6618.0,3.2383,-0.5057,-0.002662,-0.002662,1.0,1.0,-25.726418,-928.708374,5.922373
6620.0,3.2381,-0.5667,-0.003505,-0.003505,1.0,1.0,-25.73101,-928.696411,5.954728
6622.0,3.2386,-0.4446,-0.003584,-0.003584,1.0,1.0,-25.735682,-928.684265,6.029863
6624.0,3.2385,-0.5057,-0.004528,-0.004528,1.0,1.0,-25.74054,-928.672058,6.091415
6626.0,3.2385,-0.5057,-0.005193,-0.005193,1.0,1.0,-25.74555,-928.659485,6.157118
6628.0,3.2372,-0.8719,-0.006708,-0.006708,1.0,1.0,-25.750725,-928.646912,6.2328
6630.0,3.2343,-0.7498,-0.007317,-0.007317,1.0,1.0,-25.756086,-928.634338,6.273778
6632.0,3.2304,-0.6888,-0.007701,-0.007701,1.0,1.0,-25.761549,-928.621521,6.348799
6634.0,3.2269,-0.5667,-0.008311,-0.008311,1.0,1.0,-25.767199,-928.608765,6.35727
6636.0,3.2234,-0.5667,-0.008468,-0.008468,1.0,1.0,-25.772867,-928.595947,6.402822
6638.0,3.2212,-0.5057,-0.008868,-0.008868,1.0,1.0,-25.778648,-928.58313,6.393815
6640.0,3.2183,-0.0784,-0.007914,-0.007914,1.0,1.0,-25.784405,-928.570129,6.397133
6642.0,3.2151,-0.0174,-0.007881,-0.007881,1.0,1.0,-25.790167,-928.557495,6.356919
6644.0,3.2127,0.1047,-0.007235,-0.007235,1.0,1.0,-25.795826,-928.5448,6.334342
6646.0,3.2103,0.1047,-0.007039,-0.007039,1.0,1.0,-25.801426,-928.532227,6.304438
6648.0,3.2084,0.2268,-0.006493,-0.006493,1.0,1.0,-25.806948,-928.519714,6.273183
6650.0,3.2089,0.593,-0.005364,-0.005364,1.0,1.0,-25.812389,-928.507263,6.24749
6652.0,3.2087,0.4709,-0.005353,-0.005353,1.0,1.0,-25.817764,-928.494568,6.243796
6654.0,3.2085,0.4709,-0.005318,-0.005318,1.0,1.0,-25.823128,-928.481995,6.265645
6656.0,3.2074,0.654,-0.005182,-0.005182,1.0,1.0,-25.828543,-928.469421,6.279531
6658.0,3.2079,0.8982,-0.004801,-0.004801,1.0,1.0,-25.833992,-928.456787,6.299772
6660.0,3.2096,1.0813,-0.004595,-0.004595,1.0,1.0,-25.839489,-928.444092,6.339997
6662.0,3.2115,1.0813,-0.00499,-0.00499,1.0,1.0,-25.845085,-928.431274,6.384219
6664.0,3.2135,1.0813,-0.005429,-0.005429,1.0,1.0,-25.85079,-928.418213,6.430403
6666.0,3.215,1.1423,-0.005765,-0.005765,1.0,1.0,-25.856609,-928.405151,6.470568
6668.0,3.2173,1.3254,-0.005761,-0.005761,1.0,1.0,-25.862526,-928.392212,6.486901
6670.0,3.2199,1.3254,-0.005888,-0.005888,1.0,1.0,-25.868483,-928.379211,6.487098
6672.0,3.2216,1.2644,-0.005987,-0.005987,1.0,1.0,-25.874437,-928.366211,6.485355
6674.0,3.2233,1.2644,-0.005935,-0.005935,1.0,1.0,-25.880384,-928.353271,6.483599
6676.0,3.2251,1.3864,-0.005623,-0.005623,1.0,1.0,-25.886326,-928.340332,6.396931
6678.0,3.2289,1.5085,-0.004358,-0.004358,1.0,1.0,-25.892046,-928.327759,6.331688
6680.0,3.2313,1.4475,-0.003742,-0.003742,1.0,1.0,-25.8976,-928.315369,6.238418
6682.0,3.2338,1.2644,-0.00308,-0.00308,1.0,1.0,-25.902918,-928.303223,6.129488
6684.0,3.2363,1.2644,-0.001856,-0.001856,1.0,1.0,-25.907959,-928.291138,6.05495
6686.0,3.2395,1.0202,-0.001511,-0.001511,1.0,1.0,-25.912811,-928.279419,5.942877
6688.0,3.2439,1.2033,0.000181,0.000181,1.0,1.0,-25.917381,-928.2677,5.878945
6690.0,3.2472,0.9592,0.000415,0.000415,1.0,1.0,-25.921787,-928.255981,5.787252
6692.0,3.2522,1.0813,0.001771,0.001771,1.0,1.0,-25.925962,-928.244507,5.768864
6694.0,3.2571,1.0813,0.002067,0.002067,1.0,1.0,-25.93009,-928.233154,5.713444
6696.0,3.2621,0.654,0.001846,0.001846,1.0,1.0,-25.934076,-928.22168,5.712097
6698.0,3.2654,0.1657,0.000874,0.000874,1.0,1.0,-25.938057,-928.210205,5.728192
6700.0,3.2687,0.2878,0.001025,0.001025,1.0,1.0,-25.942076,-928.19873,5.751557
6702.0,3.2707,-0.2005,-0.000241,-0.000241,1.0,1.0,-25.946152,-928.186768,5.817305
6704.0,3.2727,-0.2005,-0.000917,-0.000917,1.0,1.0,-25.950392,-928.17511,5.833187
6706.0,3.2746,-0.3836,-0.001446,-0.001446,1.0,1.0,-25.95467,-928.163208,5.915246
6708.0,3.2743,-0.6277,-0.002865,-0.002865,1.0,1.0,-25.959152,-928.151245,5.958986
6710.0,3.2737,-0.7498,-0.003613,-0.003613,1.0,1.0,-25.963743,-928.13916,6.013912
6712.0,3.273,-0.7498,-0.004219,-0.004219,1.0,1.0,-25.96847,-928.126953,6.078933
6714.0,3.2727,-0.8719,-0.005188,-0.005188,1.0,1.0,-25.973358,-928.114624,6.06883
6716.0,3.2725,-0.9939,-0.005345,-0.005345,1.0,1.0,-25.97822,-928.102417,6.096911
6718.0,3.271,-1.116,-0.005937,-0.005937,1.0,1.0,-25.98315,-928.090271,6.073429
6720.0,3.2691,-1.2991,-0.006113,-0.006113,1.0,1.0,-25.98802,-928.078125,6.084738
6722.0,3.2672,-1.2991,-0.006272,-0.006272,1.0,1.0,-25.992916,-928.066101,6.037778
6724.0,3.2654,-1.2381,-0.005669,-0.005669,1.0,1.0,-25.997692,-928.054138,6.001719
6726.0,3.2624,-1.116,-0.005075,-0.005075,1.0,1.0,-26.002375,-928.042236,5.95871
6728.0,3.2594,-1.116,-0.004669,-0.004669,1.0,1.0,-26.006948,-928.030273,5.914804
6730.0,3.2565,-0.8719,-0.003726,-0.003726,1.0,1.0,-26.01141,-928.018494,5.883768
6732.0,3.2536,-0.8719,-0.003446,-0.003446,1.0,1.0,-26.015791,-928.006897,5.83544
6734.0,3.2523,-0.9939,-0.003209,-0.003209,1.0,1.0,-26.020048,-927.9953,5.803459
6736.0,3.2498,-0.9939,-0.002911,-0.002911,1.0,1.0,-26.024223,-927.983704,5.795782
6738.0,3.2479,-1.116,-0.003127,-0.003127,1.0,1.0,-26.028378,-927.972046,5.812154
6740.0,3.2465,-1.055,-0.0032,-0.0032,1.0,1.0,-26.032572,-927.960205,5.827821
6742.0,3.2451,-1.055,-0.003396,-0.003396,1.0,1.0,-26.036804,-927.948486,5.842489
6744.0,3.2442,-1.055,-0.003571,-0.003571,1.0,1.0,-26.041071,-927.936768,5.86193
6746.0,3.2423,-1.055,-0.003819,-0.003819,1.0,1.0,-26.045385,-927.924927,5.904377
6748.0,3.2387,-1.4822,-0.005263,-0.005263,1.0,1.0,-26.049805,-927.913025,5.936163
6750.0,3.2364,-1.3601,-0.00539,-0.00539,1.0,1.0,-26.054302,-927.901062,5.964535
6752.0,3.234,-1.3601,-0.005741,-0.005741,1.0,1.0,-26.058868,-927.889038,5.983188
6754.0,3.2323,-1.3601,-0.005976,-0.005976,1.0,1.0,-26.06348,-927.876953,5.957527
6756.0,3.2295,-1.177,-0.005359,-0.005359,1.0,1.0,-26.068026,-927.864929,5.986133
6758.0,3.2259,-1.116,-0.005607,-0.005607,1.0,1.0,-26.072641,-927.853027,5.953713
6760.0,3.2228,-0.9939,-0.005054,-0.005054,1.0,1.0,-26.077173,-927.841187,5.938143
6762.0,3.2197,-0.9939,-0.004945,-0.004945,1.0,1.0,-26.081665,-927.829529,5.873806
6764.0,3.2169,-0.9939,-0.004304,-0.004304,1.0,1.0,-26.085993,-927.817688,5.840494
6766.0,3.2135,-0.8719,-0.003745,-0.003745,1.0,1.0,-26.090235,-927.806152,5.776621
6768.0,3.2108,-0.8719,-0.003105,-0.003105,1.0,1.0,-26.094315,-927.7948,5.715089
6770.0,3.2087,-0.7498,-0.002216,-0.002216,1.0,1.0,-26.098238,-927.783508,5.671274
6772.0,3.2065,-0.7498,-0.00178,-0.00178,1.0,1.0,-26.102051,-927.7724,5.591744
6774.0,3.2045,-0.8108,-0.001084,-0.001084,1.0,1.0,-26.105661,-927.76123,5.583418
6776.0,3.2037,-0.6888,-0.000746,-0.000746,1.0,1.0,-26.109251,-927.750183,5.546556
6778.0,3.2029,-0.9329,-0.000886,-0.000886,1.0,1.0,-26.112745,-927.738892,5.554595
6780.0,3.202,-0.9329,-0.00099,-0.00099,1.0,1.0,-26.116259,-927.727783,5.547646
6782.0,3.2017,-0.6888,-0.000396,-0.000396,1.0,1.0,-26.119753,-927.716736,5.547479
6784.0,3.2004,-0.9939,-0.001075,-0.001075,1.0,1.0,-26.123245,-927.705444,5.605303
6786.0,3.1993,-0.9939,-0.001726,-0.001726,1.0,1.0,-26.126883,-927.694214,5.62028
6788.0,3.1987,-1.116,-0.002162,-0.002162,1.0,1.0,-26.130556,-927.682739,5.70667
6790.0,3.1982,-1.116,-0.003112,-0.003112,1.0,1.0,-26.134445,-927.671204,5.744569
6792.0,3.1968,-1.2381,-0.003813,-0.003813,1.0,1.0,-26.138428,-927.659302,5.811207
6794.0,3.1944,-1.116,-0.004319,-0.004319,1.0,1.0,-26.142576,-927.647522,5.869623
6796.0,3.1896,-1.177,-0.005174,-0.005174,1.0,1.0,-26.14687,-927.635681,5.901357
6798.0,3.1858,-1.116,-0.005459,-0.005459,1.0,1.0,-26.151241,-927.623596,5.983145
6800.0,3.182,-1.116,-0.006414,-0.006414,1.0,1.0,-26.155817,-927.611633,5.974004
6802.0,3.1792,-1.116,-0.00637,-0.00637,1.0,1.0,-26.160368,-927.599609,6.018009
6804.0,3.1765,-1.116,-0.006895,-0.006895,1.0,1.0,-26.165028,-927.587524,6.01738
6806.0,3.1715,-1.116,-0.006984,-0.006984,1.0,1.0,-26.169683,-927.575378,5.999484
6808.0,3.1665,-0.8108,-0.006233,-0.006233,1.0,1.0,-26.174292,-927.563354,5.987632
6810.0,3.1615,-0.8108,-0.006201,-0.006201,1.0,1.0,-26.178869,-927.551514,5.947497
6812.0,3.158,-0.5667,-0.005311,-0.005311,1.0,1.0,-26.183344,-927.539673,5.93491
6814.0,3.1547,-0.2005,-0.004452,-0.004452,1.0,1.0,-26.187784,-927.527893,5.903589
6816.0,3.1526,-0.0784,-0.003892,-0.003892,1.0,1.0,-26.192144,-927.516174,5.879465
6818.0,3.1512,0.1047,-0.003264,-0.003264,1.0,1.0,-26.196442,-927.504517,5.851305
6820.0,3.1498,0.1047,-0.002986,-0.002986,1.0,1.0,-26.200666,-927.492615,5.852538
6822.0,3.1492,0.2878,-0.002617,-0.002617,1.0,1.0,-26.204893,-927.480835,5.862043
6824.0,3.1481,0.2268,-0.002873,-0.002873,1.0,1.0,-26.209143,-927.469116,5.875084
6826.0,3.1492,0.4099,-0.002601,-0.002601,1.0,1.0,-26.213423,-927.457275,5.888643
6828.0,3.151,0.593,-0.00232,-0.00232,1.0,1.0,-26.217735,-927.445435,5.92333
6830.0,3.1529,0.593,-0.00266,-0.00266,1.0,1.0,-26.222134,-927.433472,5.954777
6832.0,3.1523,0.4709,-0.003272,-0.003272,1.0,1.0,-26.226608,-927.421509,5.987706
6834.0,3.1514,0.5319,-0.003516,-0.003516,1.0,1.0,-26.231165,-927.40918,6.034475
6836.0,3.1528,0.715,-0.003602,-0.003602,1.0,1.0,-26.235836,-927.397095,6.041265
6838.0,3.1549,0.654,-0.003766,-0.003766,1.0,1.0,-26.240522,-927.384888,6.06411
6840.0,3.157,0.654,-0.003973,-0.003973,1.0,1.0,-26.245266,-927.372864,6.048079
6842.0,3.1586,0.8982,-0.003245,-0.003245,1.0,1.0,-26.249966,-927.36084,6.021097
6844.0,3.1609,0.7761,-0.003171,-0.003171,1.0,1.0,-26.254597,-927.348877,6.000515
6846.0,3.1629,0.593,-0.003302,-0.003302,1.0,1.0,-26.259174,-927.336914,5.915354
6848.0,3.165,0.593,-0.002342,-0.002342,1.0,1.0,-26.263536,-927.325195,5.866894
6850.0,3.166,0.715,-0.001535,-0.001535,1.0,1.0,-26.267775,-927.313782,5.759918
6852.0,3.1677,0.8982,5.4e-05,5.4e-05,1.0,1.0,-26.271742,-927.30249,5.683037
6854.0,3.1686,0.8982,0.000907,0.000907,1.0,1.0,-26.275515,-927.291382,5.609214
6856.0,3.1705,0.7761,0.001484,0.001484,1.0,1.0,-26.2791,-927.280457,5.507132
6858.0,3.1724,0.7761,0.002631,0.002631,1.0,1.0,-26.282429,-927.269592,5.454956
6860.0,3.1751,0.593,0.002858,0.002858,1.0,1.0,-26.285624,-927.258728,5.369833
6862.0,3.179,0.4709,0.003597,0.003597,1.0,1.0,-26.288605,-927.248169,5.333043
6864.0,3.1823,0.3488,0.003797,0.003797,1.0,1.0,-26.291492,-927.237549,5.303197
6866.0,3.1851,0.2268,0.003914,0.003914,1.0,1.0,-26.294304,-927.227051,5.265358
6868.0,3.1879,0.2268,0.00438,0.00438,1.0,1.0,-26.297018,-927.216431,5.293316
6870.0,3.1904,-0.1394,0.003336,0.003336,1.0,1.0,-26.299801,-927.205872,5.288265
6872.0,3.1924,-0.3226,0.003036,0.003036,1.0,1.0,-26.30257,-927.192871,5.347311
6874.0,3.194,-0.3836,0.002293,0.002293,1.0,1.0,-26.305487,-927.184082,5.361367
6876.0,3.1947,-0.6888,0.001497,0.001497,1.0,1.0,-26.308437,-927.173462,5.382364
6878.0,3.1954,-0.6888,0.001281,0.001281,1.0,1.0,-26.31144,-927.162476,5.449911
6880.0,3.1939,-1.116,-0.000401,-0.000401,1.0,1.0,-26.314611,-927.15155,5.465459
6882.0,3.193,-0.9939,-0.000325,-0.000325,1.0,1.0,-26.31782,-927.138245,5.534453
6884.0,3.1923,-1.177,-0.001484,-0.001484,1.0,1.0,-26.321201,-927.128845,5.584907
6886.0,3.1909,-1.4822,-0.002715,-0.002715,1.0,1.0,-26.324707,-927.118164,5.551023
6888.0,3.1895,-1.4822,-0.002373,-0.002373,1.0,1.0,-26.328127,-927.106812,5.582355
6890.0,3.1868,-1.6043,-0.003028,-0.003028,1.0,1.0,-26.331625,-927.095642,5.564416
6892.0,3.1841,-1.5433,-0.002754,-0.002754,1.0,1.0,-26.335075,-927.08252,5.568961
6894.0,3.1804,-1.6043,-0.003005,-0.003005,1.0,1.0,-26.338537,-927.073242,5.545084
6896.0,3.176,-1.5433,-0.002699,-0.002699,1.0,1.0,-26.341936,-927.0625,5.497368
6898.0,3.1715,-1.5433,-0.002265,-0.002265,1.0,1.0,-26.345215,-927.051575,5.473262
6900.0,3.1674,-1.3601,-0.001689,-0.001689,1.0,1.0,-26.348431,-927.040588,5.431986
6902.0,3.1645,-1.3601,-0.001296,-0.001296,1.0,1.0,-26.351542,-927.028076,5.381693
6904.0,3.1609,-1.4212,-0.000948,-0.000948,1.0,1.0,-26.354525,-927.019165,5.358677
6906.0,3.1573,-1.4212,-0.000766,-0.000766,1.0,1.0,-26.357449,-927.008606,5.309628
6908.0,3.1563,-1.2991,9e-06,9e-06,1.0,1.0,-26.360249,-926.998047,5.289979
6910.0,3.1535,-1.2991,0.00017,0.00017,1.0,1.0,-26.362999,-926.987549,5.261102
6912.0,3.1503,-1.4212,0.000161,0.000161,1.0,1.0,-26.365675,-926.975098,5.272335
6914.0,3.1467,-1.3601,0.0001,0.0001,1.0,1.0,-26.368378,-926.966309,5.276992
6916.0,3.1431,-1.3601,-2e-05,-2e-05,1.0,1.0,-26.371092,-926.955688,5.292791
6918.0,3.141,-1.2991,-9.9e-05,-9.9e-05,1.0,1.0,-26.373844,-926.945068,5.304008
6920.0,3.1389,-1.4212,-0.000525,-0.000525,1.0,1.0,-26.376623,-926.934448,5.316961
6922.0,3.1362,-1.4822,-0.000848,-0.000848,1.0,1.0,-26.379435,-926.922119,5.349183
6924.0,3.1326,-1.6043,-0.001531,-0.001531,1.0,1.0,-26.382326,-926.912964,5.36568
6926.0,3.129,-1.6043,-0.001779,-0.001779,1.0,1.0,-26.385258,-926.901978,5.391884
6928.0,3.1252,-1.7874,-0.002533,-0.002533,1.0,1.0,-26.388254,-926.891113,5.405263
6930.0,3.1225,-1.5433,-0.002204,-0.002204,1.0,1.0,-26.391283,-926.880371,5.381904
6932.0,3.1196,-1.3601,-0.001611,-0.001611,1.0,1.0,-26.394251,-926.86792,5.40623
6934.0,3.1169,-1.4822,-0.00219,-0.00219,1.0,1.0,-26.39728,-926.858826,5.3702
6936.0,3.1143,-1.4822,-0.00185,-0.00185,1.0,1.0,-26.400217,-926.848206,5.345921
6938.0,3.1108,-1.5433,-0.001783,-0.001783,1.0,1.0,-26.403091,-926.837585,5.312909
6940.0,3.1075,-1.2991,-0.000962,-0.000962,1.0,1.0,-26.405882,-926.826904,5.257009
6942.0,3.1028,-1.6653,-0.001231,-0.001231,1.0,1.0,-26.408531,-926.815247,5.237188
6944.0,3.0981,-1.4212,-0.000581,-0.000581,1.0,1.0,-26.411129,-926.806213,5.175684
6946.0,3.0934,-1.4212,-2e-06,-2e-06,1.0,1.0,-26.413572,-926.796021,5.119272
6948.0,3.0905,-1.4212,0.000556,0.000556,1.0,1.0,-26.415873,-926.785889,5.082088
6950.0,3.0876,-1.4212,0.000906,0.000906,1.0,1.0,-26.418077,-926.775879,5.015036
6952.0,3.0854,-1.2991,0.001856,0.001856,1.0,1.0,-26.420115,-926.764587,5.003604
6954.0,3.0828,-1.2991,0.00193,0.00193,1.0,1.0,-26.422121,-926.755859,4.970148
6956.0,3.0802,-1.2991,0.002243,0.002243,1.0,1.0,-26.424044,-926.746033,4.932248
6958.0,3.0782,-1.4212,0.002355,0.002355,1.0,1.0,-26.425869,-926.736084,4.961129
6960.0,3.076,-1.6043,0.001605,0.001605,1.0,1.0,-26.427767,-926.726196,4.940702
6962.0,3.0741,-1.5433,0.001923,0.001923,1.0,1.0,-26.429613,-926.715149,4.952836
6964.0,3.0728,-1.5433,0.001765,0.001765,1.0,1.0,-26.431488,-926.706116,4.991733
6966.0,3.0715,-1.5433,0.001316,0.001316,1.0,1.0,-26.43346,-926.696167,4.996177
6968.0,3.0705,-1.8484,0.000593,0.000593,1.0,1.0,-26.435442,-926.685974,5.049642
6970.0,3.0688,-1.7264,0.000242,0.000242,1.0,1.0,-26.437557,-926.67572,5.0986
6972.0,3.0664,-1.7874,-0.000469,-0.000469,1.0,1.0,-26.439795,-926.664429,5.125041
6974.0,3.064,-1.7874,-0.000803,-0.000803,1.0,1.0,-26.442099,-926.655029,5.197919
6976.0,3.0593,-2.0315,-0.00221,-0.00221,1.0,1.0,-26.444584,-926.644409,5.215478
6978.0,3.0545,-2.0926,-0.002626,-0.002626,1.0,1.0,-26.447113,-926.63385,5.249269
6980.0,3.0502,-1.7264,-0.002289,-0.002289,1.0,1.0,-26.449726,-926.623169,5.299487
6982.0,3.0461,-1.8484,-0.003175,-0.003175,1.0,1.0,-26.452465,-926.611755,5.286632
6984.0,3.0421,-1.8484,-0.003112,-0.003112,1.0,1.0,-26.45517,-926.60199,5.315881
6986.0,3.0381,-1.8484,-0.003507,-0.003507,1.0,1.0,-26.457947,-926.591309,5.316149
6988.0,3.0318,-1.7874,-0.0035,-0.0035,1.0,1.0,-26.460724,-926.580688,5.304412
6990.0,3.0268,-1.4822,-0.002812,-0.002812,1.0,1.0,-26.46347,-926.569946,5.292861
6992.0,3.0213,-1.2991,-0.002399,-0.002399,1.0,1.0,-26.466187,-926.558777,5.260019
6994.0,3.0158,-1.2991,-0.002147,-0.002147,1.0,1.0,-26.468819,-926.549072,5.235642
6996.0,3.0114,-1.2381,-0.001834,-0.001834,1.0,1.0,-26.471388,-926.538635,5.211615
6998.0,3.0079,-1.2381,-0.00164,-0.00164,1.0,1.0,-26.473896,-926.52832,5.178992
7000.0,3.0069,-1.177,-0.001174,-0.001174,1.0,1.0,-26.476322,-926.518066,5.154261
7002.0,3.005,-1.177,-0.000941,-0.000941,1.0,1.0,-26.478685,-926.507141,5.122831
7004.0,3.0031,-1.177,-0.000635,-0.000635,1.0,1.0,-26.480968,-926.497375,5.122843
7006.0,3.0014,-1.177,-0.000668,-0.000668,1.0,1.0,-26.48325,-926.487122,5.133713
7008.0,2.9985,-1.2991,-0.001104,-0.001104,1.0,1.0,-26.485558,-926.476868,5.123487
7010.0,2.9972,-0.9329,-0.000231,-0.000231,1.0,1.0,-26.487839,-926.466553,5.137938
7012.0,2.9952,-0.6277,0.00023,0.00023,1.0,1.0,-26.490156,-926.45575,5.142673
7014.0,2.9932,-0.6277,0.000141,0.000141,1.0,1.0,-26.492485,-926.44574,5.167122
7016.0,2.9923,-0.7498,-0.000405,-0.000405,1.0,1.0,-26.494873,-926.435364,5.186856
7018.0,2.9894,-0.6888,-0.000544,-0.000544,1.0,1.0,-26.497311,-926.424927,5.216251
7020.0,2.9848,-0.8108,-0.001215,-0.001215,1.0,1.0,-26.499821,-926.414368,5.247108
7022.0,2.982,-0.5667,-0.00108,-0.00108,1.0,1.0,-26.502407,-926.403503,5.248656
7024.0,2.9792,-0.5667,-0.001151,-0.001151,1.0,1.0,-26.504997,-926.393311,5.261633
7026.0,2.9766,-0.6888,-0.001605,-0.001605,1.0,1.0,-26.507618,-926.382629,5.270662
7028.0,2.9744,-0.4446,-0.00122,-0.00122,1.0,1.0,-26.51026,-926.372131,5.250741
7030.0,2.9747,-0.2615,-0.000604,-0.000604,1.0,1.0,-26.512852,-926.361694,5.225153
7032.0,2.9747,-0.4446,-0.000718,-0.000718,1.0,1.0,-26.515377,-926.351135,5.21205
7034.0,2.9748,-0.4446,-0.000574,-0.000574,1.0,1.0,-26.51787,-926.341064,5.137792
7036.0,2.9761,-0.2615,0.000653,0.000653,1.0,1.0,-26.520174,-926.330994,5.086566
7038.0,2.9749,-0.3226,0.001055,0.001055,1.0,1.0,-26.522348,-926.320801,5.02955
7040.0,2.9722,-0.5667,0.001099,0.001099,1.0,1.0,-26.52438,-926.310974,4.94594
7042.0,2.9695,-0.5667,0.001957,0.001957,1.0,1.0,-26.526199,-926.30127,4.891891
7044.0,2.9663,-0.3226,0.003009,0.003009,1.0,1.0,-26.527884,-926.291626,4.833423
7046.0,2.9657,-0.1394,0.004028,0.004028,1.0,1.0,-26.529419,-926.282227,4.743932
7048.0,2.9656,-0.4446,0.004344,0.004344,1.0,1.0,-26.530729,-926.272827,4.707362
7050.0,2.9642,-0.3836,0.004845,0.004845,1.0,1.0,-26.531948,-926.263489,4.645205
7052.0,2.9627,-0.3836,0.005494,0.005494,1.0,1.0,-26.53301,-926.254395,4.584853
7054.0,2.9651,-0.3226,0.006328,0.006328,1.0,1.0,-26.53392,-926.245178,4.583765
7056.0,2.9683,-0.3226,0.0064,0.0064,1.0,1.0,-26.534826,-926.236206,4.53517
7058.0,2.9694,-0.6888,0.006163,0.006163,1.0,1.0,-26.53561,-926.227173,4.506114
7060.0,2.9704,-0.8719,0.006104,0.006104,1.0,1.0,-26.536322,-926.21814,4.527741
7062.0,2.9713,-0.8719,0.005888,0.005888,1.0,1.0,-26.537086,-926.208923,4.517538
7064.0,2.9702,-1.116,0.005451,0.005451,1.0,1.0,-26.537825,-926.199951,4.514518
7066.0,2.9672,-1.2381,0.005164,0.005164,1.0,1.0,-26.538555,-926.190735,4.570129
7068.0,2.9651,-1.177,0.004651,0.004651,1.0,1.0,-26.539425,-926.18158,4.565632
7070.0,2.9648,-1.3601,0.004299,0.004299,1.0,1.0,-26.540283,-926.172424,4.582949
7072.0,2.9644,-1.3601,0.004103,0.004103,1.0,1.0,-26.541185,-926.163086,4.630264
7074.0,2.9646,-1.8484,0.002543,0.002543,1.0,1.0,-26.542206,-926.153687,4.638916
7076.0,2.964,-1.8484,0.002437,0.002437,1.0,1.0,-26.543247,-926.144287,4.661005
7078.0,2.9611,-1.9705,0.001879,0.001879,1.0,1.0,-26.544344,-926.134888,4.695465
7080.0,2.9558,-2.0926,0.001139,0.001139,1.0,1.0,-26.545527,-926.125427,4.7126
7082.0,2.9504,-2.0926,0.00085,0.00085,1.0,1.0,-26.546751,-926.116089,4.68704
7084.0,2.9447,-2.0926,0.001018,0.001018,1.0,1.0,-26.547913,-926.106628,4.712919
7086.0,2.9401,-2.3367,0.000123,0.000123,1.0,1.0,-26.549137,-926.097107,4.688102
7088.0,2.9372,-2.4588,7.4e-05,7.4e-05,1.0,1.0,-26.550299,-926.087769,4.674077
7090.0,2.9361,-2.2757,0.000601,0.000601,1.0,1.0,-26.551426,-926.07843,4.676913
7092.0,2.9351,-2.2757,0.00055,0.00055,1.0,1.0,-26.552559,-926.069214,4.633419
7094.0,2.9322,-2.2757,0.000968,0.000968,1.0,1.0,-26.553583,-926.060059,4.597463
7096.0,2.9252,-2.3977,0.000963,0.000963,1.0,1.0,-26.554516,-926.050903,4.584945
7098.0,2.9158,-2.3367,0.001049,0.001049,1.0,1.0,-26.555416,-926.04187,4.539112
7100.0,2.9063,-2.3367,0.001366,0.001366,1.0,1.0,-26.556202,-926.032715,4.50294
7102.0,2.9013,-2.3367,0.001663,0.001663,1.0,1.0,-26.556896,-926.023804,4.488497
7104.0,2.9012,-2.2757,0.001951,0.001951,1.0,1.0,-26.557554,-926.014893,4.446985
7106.0,2.902,-2.3367,0.002286,0.002286,1.0,1.0,-26.558107,-926.006104,4.419525
7108.0,2.8988,-2.5809,0.001998,0.001998,1.0,1.0,-26.558592,-925.997375,4.393892
7110.0,2.8956,-2.5809,0.002215,0.002215,1.0,1.0,-26.559011,-925.988647,4.369656
7112.0,2.8856,-2.6419,0.002155,0.002155,1.0,1.0,-26.55937,-925.979736,4.374417
7114.0,2.8756,-2.7029,0.00178,0.00178,1.0,1.0,-26.55974,-925.970947,4.385672
7116.0,2.8719,-2.5809,0.001851,0.001851,1.0,1.0,-26.560139,-925.96228,4.372942
7118.0,2.8735,-2.764,0.001625,0.001625,1.0,1.0,-26.560505,-925.953491,4.382826
7120.0,2.875,-2.764,0.001547,0.001547,1.0,1.0,-26.560896,-925.944702,4.379594
7122.0,2.8752,-3.0691,0.000929,0.000929,1.0,1.0,-26.561279,-925.935913,4.385429
7124.0,2.8675,-2.9471,0.00098,0.00098,1.0,1.0,-26.561676,-925.926941,4.41397
7126.0,2.8561,-2.825,0.000714,0.000714,1.0,1.0,-26.562145,-925.918091,4.422784
7128.0,2.8477,-3.1302,-0.0002,-0.0002,1.0,1.0,-26.562635,-925.909241,4.420688
7130.0,2.8392,-3.1302,-0.000339,-0.000339,1.0,1.0,-26.56312,-925.900269,4.449403
7132.0,2.8376,-3.3133,-0.001076,-0.001076,1.0,1.0,-26.563677,-925.891418,4.445568
7134.0,2.8353,-3.2522,-0.000949,-0.000949,1.0,1.0,-26.564224,-925.882568,4.427637
7136.0,2.8276,-3.1912,-0.00077,-0.00077,1.0,1.0,-26.564726,-925.873657,4.445413
7138.0,2.8146,-3.1912,-0.001212,-0.001212,1.0,1.0,-26.565271,-925.864685,4.428977
7140.0,2.8017,-3.1912,-0.001281,-0.001281,1.0,1.0,-26.565777,-925.855957,4.398234
7142.0,2.795,-2.9471,-0.00055,-0.00055,1.0,1.0,-26.566204,-925.847168,4.380514
7144.0,2.7943,-3.0691,-0.000634,-0.000634,1.0,1.0,-26.566587,-925.838501,4.357431
7146.0,2.7919,-3.3133,-0.000953,-0.000953,1.0,1.0,-26.566912,-925.829895,4.309715
7148.0,2.783,-3.4353,-0.000867,-0.000867,1.0,1.0,-26.567116,-925.82135,4.295745
7150.0,2.7742,-3.4353,-0.000884,-0.000884,1.0,1.0,-26.567286,-925.812744,4.263628
7152.0,2.7608,-3.3743,-0.00066,-0.00066,1.0,1.0,-26.567375,-925.804321,4.214796
7154.0,2.7528,-3.3133,-0.000151,-0.000151,1.0,1.0,-26.567341,-925.796021,4.175725
7156.0,2.7522,-3.0691,0.000786,0.000786,1.0,1.0,-26.567209,-925.78772,4.155726
7158.0,2.7504,-3.3133,0.000445,0.000445,1.0,1.0,-26.567026,-925.779602,4.10254
7160.0,2.7486,-3.3133,0.000989,0.000989,1.0,1.0,-26.56671,-925.771484,4.064686
7162.0,2.7383,-3.6184,0.000548,0.000548,1.0,1.0,-26.566299,-925.763367,4.068589
7164.0,2.7267,-3.4964,0.000544,0.000544,1.0,1.0,-26.565899,-925.755188,4.03696
7166.0,2.7224,-3.3743,0.001069,0.001069,1.0,1.0,-26.565418,-925.747192,4.01628
7168.0,2.7181,-3.3743,0.001212,0.001212,1.0,1.0,-26.564886,-925.739075,4.031233
7170.0,2.7166,-3.5574,0.000626,0.000626,1.0,1.0,-26.564392,-925.731018,4.025945
7172.0,2.7097,-3.5574,0.000552,0.000552,1.0,1.0,-26.563885,-925.723022,4.003529
7174.0,2.6965,-3.6795,0.000279,0.000279,1.0,1.0,-26.563322,-925.714966,4.035857
7176.0,2.6871,-3.4964,0.000142,0.000142,1.0,1.0,-26.56284,-925.706665,4.062183
7178.0,2.6778,-3.4964,-0.000324,-0.000324,1.0,1.0,-26.562424,-925.698547,4.057808
7180.0,2.6777,-3.4964,-0.000279,-0.000279,1.0,1.0,-26.561996,-925.690369,4.083196
7182.0,2.6732,-3.7405,-0.001166,-0.001166,1.0,1.0,-26.561634,-925.682068,4.129306
7184.0,2.6616,-3.7405,-0.00189,-0.00189,1.0,1.0,-26.561388,-925.673828,4.134253
7186.0,2.6491,-3.6184,-0.001922,-0.001922,1.0,1.0,-26.561153,-925.665466,4.160778
7188.0,2.6366,-3.6184,-0.00245,-0.00245,1.0,1.0,-26.560986,-925.656982,4.217201
7190.0,2.6326,-3.3743,-0.002617,-0.002617,1.0,1.0,-26.560961,-925.648315,4.234308
7192.0,2.6278,-3.4964,-0.003158,-0.003158,1.0,1.0,-26.560978,-925.639832,4.244459
7194.0,2.6163,-3.3133,-0.003095,-0.003095,1.0,1.0,-26.561022,-925.631226,4.296618
7196.0,2.6059,-3.1302,-0.003468,-0.003468,1.0,1.0,-26.561195,-925.622559,4.296867
7198.0,2.5955,-3.1302,-0.003671,-0.003671,1.0,1.0,-26.561371,-925.614014,4.287595
7200.0,2.5924,-3.2522,-0.003892,-0.003892,1.0,1.0,-26.561522,-925.605286,4.300136
7202.0,2.5893,-3.3133,-0.004218,-0.004218,1.0,1.0,-26.561705,-925.596619,4.316152
7204.0,2.5783,-3.2522,-0.004473,-0.004473,1.0,1.0,-26.561928,-925.588013,4.302419
7206.0,2.5649,-2.886,-0.003793,-0.003793,1.0,1.0,-26.562117,-925.579468,4.289425
7208.0,2.5515,-2.886,-0.003909,-0.003909,1.0,1.0,-26.562273,-925.570862,4.289863
7210.0,2.5476,-2.5809,-0.003332,-0.003332,1.0,1.0,-26.562429,-925.562378,4.262108
7212.0,2.5461,-2.886,-0.003716,-0.003716,1.0,1.0,-26.562517,-925.553894,4.243104
7214.0,2.5374,-2.7029,-0.003281,-0.003281,1.0,1.0,-26.562555,-925.545288,4.229636
7216.0,2.5274,-2.3977,-0.002671,-0.002671,1.0,1.0,-26.562561,-925.536865,4.215675
7218.0,2.5174,-2.3977,-0.002711,-0.002711,1.0,1.0,-26.562531,-925.528564,4.18382
7220.0,2.5145,-2.1536,-0.001895,-0.001895,1.0,1.0,-26.56242,-925.520264,4.164974
7222.0,2.5148,-2.4588,-0.00234,-0.00234,1.0,1.0,-26.562263,-925.511963,4.156111
7224.0,2.5083,-2.5198,-0.002499,-0.002499,1.0,1.0,-26.562084,-925.503723,4.139592
7226.0,2.4975,-2.2757,-0.002003,-0.002003,1.0,1.0,-26.561863,-925.495422,4.139398
7228.0,2.4866,-2.2757,-0.002209,-0.002209,1.0,1.0,-26.561642,-925.486938,4.151584
7230.0,2.4827,-2.0315,-0.001893,-0.001893,1.0,1.0,-26.561451,-925.478699,4.140175
7232.0,2.482,-1.9705,-0.001651,-0.001651,1.0,1.0,-26.561232,-925.470398,4.145041
7234.0,2.475,-1.8484,-0.001575,-0.001575,1.0,1.0,-26.561026,-925.462158,4.14405
7236.0,2.4681,-1.8484,-0.001697,-0.001697,1.0,1.0,-26.560816,-925.453796,4.153379
7238.0,2.4607,-1.6653,-0.001546,-0.001546,1.0,1.0,-26.560631,-925.445435,4.170879
7240.0,2.4617,-1.6043,-0.001587,-0.001587,1.0,1.0,-26.56049,-925.43689,4.182772
7242.0,2.462,-1.9705,-0.002497,-0.002497,1.0,1.0,-26.560377,-925.428528,4.194286
7244.0,2.4536,-1.7264,-0.00226,-0.00226,1.0,1.0,-26.560295,-925.420105,4.206907
7246.0,2.4451,-1.7264,-0.00256,-0.00256,1.0,1.0,-26.560244,-925.411621,4.233307
7248.0,2.4373,-1.6653,-0.002865,-0.002865,1.0,1.0,-26.560259,-925.403198,4.219289
7250.0,2.4373,-1.6043,-0.002582,-0.002582,1.0,1.0,-26.56024,-925.394714,4.224908
7252.0,2.4357,-1.6043,-0.002673,-0.002673,1.0,1.0,-26.560234,-925.386108,4.236589
7254.0,2.4271,-1.4212,-0.002572,-0.002572,1.0,1.0,-26.560257,-925.377747,4.193237
7256.0,2.4185,-1.4212,-0.002265,-0.002265,1.0,1.0,-26.560171,-925.369263,4.209153
7258.0,2.4156,-1.116,-0.001838,-0.001838,1.0,1.0,-26.560125,-925.360962,4.192688
7260.0,2.4193,-1.177,-0.001719,-0.001719,1.0,1.0,-26.56004,-925.3526,4.177373
7262.0,2.4151,-1.3601,-0.002027,-0.002027,1.0,1.0,-26.559914,-925.34436,4.121324
7264.0,2.4079,-1.2991,-0.001424,-0.001424,1.0,1.0,-26.559649,-925.336182,4.072919
7266.0,2.4008,-1.2991,-0.001034,-0.001034,1.0,1.0,-26.559261,-925.328064,4.057093
7268.0,2.4,-1.055,-0.000352,-0.000352,1.0,1.0,-26.558834,-925.319946,4.008106
7270.0,2.4003,-1.055,0.000187,0.000187,1.0,1.0,-26.558285,-925.312134,3.947219
7272.0,2.3925,-1.177,0.000438,0.000438,1.0,1.0,-26.557583,-925.304443,3.9114
7274.0,2.3901,-0.9939,0.001176,0.001176,1.0,1.0,-26.556791,-925.29657,3.889415
7276.0,2.3878,-0.9939,0.00137,0.00137,1.0,1.0,-26.555944,-925.289001,3.81402
7278.0,2.3916,-1.055,0.002133,0.002133,1.0,1.0,-26.554909,-925.281494,3.763273
7280.0,2.3897,-1.177,0.002385,0.002385,1.0,1.0,-26.553745,-925.274048,3.744114
7282.0,2.3839,-1.2991,0.00222,0.00222,1.0,1.0,-26.552534,-925.266663,3.709969
7284.0,2.3857,-1.177,0.002888,0.002888,1.0,1.0,-26.551237,-925.259399,3.651222
7286.0,2.3874,-1.177,0.003561,0.003561,1.0,1.0,-26.549793,-925.252197,3.637466
7288.0,2.3865,-1.3601,0.0033,0.0033,1.0,1.0,-26.548315,-925.244873,3.638238
7290.0,2.3792,-1.4822,0.002889,0.002889,1.0,1.0,-26.546841,-925.23761,3.601468
7292.0,2.3787,-1.4212,0.00341,0.00341,1.0,1.0,-26.545275,-925.230469,3.567285
7294.0,2.3803,-1.6653,0.003288,0.003288,1.0,1.0,-26.543623,-925.223328,3.578148
7296.0,2.3819,-1.6653,0.003201,0.003201,1.0,1.0,-26.542,-925.216125,3.587374
7298.0,2.3781,-1.5433,0.00329,0.00329,1.0,1.0,-26.5404,-925.209045,3.563117
7300.0,2.3766,-1.7264,0.003132,0.003132,1.0,1.0,-26.538738,-925.201904,3.567528
7302.0,2.3771,-2.0926,0.002305,0.002305,1.0,1.0,-26.53709,-925.194519,3.599049
7304.0,2.3775,-2.0926,0.00197,0.00197,1.0,1.0,-26.535521,-925.187317,3.607333
7306.0,2.3715,-2.0315,0.001896,0.001896,1.0,1.0,-26.533974,-925.180115,3.598058
7308.0,2.3659,-2.0315,0.00189,0.00189,1.0,1.0,-26.532404,-925.172852,3.61239
7310.0,2.3657,-2.3367,0.001074,0.001074,1.0,1.0,-26.53087,-925.165527,3.653461
7312.0,2.3584,-2.3977,0.000356,0.000356,1.0,1.0,-26.52944,-925.158203,3.652196
7314.0,2.3511,-2.3977,0.000229,0.000229,1.0,1.0,-26.528008,-925.150879,3.655812
7316.0,2.3463,-2.1536,0.000623,0.000623,1.0,1.0,-26.526585,-925.143433,3.676218
7318.0,2.3456,-2.5198,-0.0004,-0.0004,1.0,1.0,-26.525213,-925.135986,3.699043
7320.0,2.3403,-2.3977,-0.000488,-0.000488,1.0,1.0,-26.523901,-925.12854,3.718839
7322.0,2.3344,-2.6419,-0.001341,-0.001341,1.0,1.0,-26.522638,-925.121216,3.674009
7324.0,2.3286,-2.6419,-0.000965,-0.000965,1.0,1.0,-26.521263,-925.113892,3.686661
7326.0,2.3286,-2.5809,-0.000972,-0.000972,1.0,1.0,-26.51992,-925.106506,3.689517
7328.0,2.3199,-2.9471,-0.001958,-0.001958,1.0,1.0,-26.518585,-925.099121,3.669022
7330.0,2.3128,-2.6419,-0.001214,-0.001214,1.0,1.0,-26.5172,-925.091736,3.655163
7332.0,2.3093,-2.5809,-0.001,-0.001,1.0,1.0,-26.515781,-925.084412,3.663467
7334.0,2.3057,-2.5809,-0.001159,-0.001159,1.0,1.0,-26.514383,-925.077087,3.651608
7336.0,2.2982,-2.3977,-0.00078,-0.00078,1.0,1.0,-26.512955,-925.069946,3.614152
7338.0,2.2956,-2.4588,-0.000554,-0.000554,1.0,1.0,-26.511433,-925.062805,3.585623
7340.0,2.2936,-2.764,-0.000938,-0.000938,1.0,1.0,-26.50984,-925.055664,3.576383
7342.0,2.2864,-2.5809,-0.000582,-0.000582,1.0,1.0,-26.508224,-925.048462,3.545323
7344.0,2.2792,-2.5809,-0.000382,-0.000382,1.0,1.0,-26.506533,-925.041443,3.526101
7346.0,2.2757,-2.7029,-0.000502,-0.000502,1.0,1.0,-26.504793,-925.034485,3.496473
7348.0,2.2701,-2.886,-0.000681,-0.000681,1.0,1.0,-26.502979,-925.027466,3.491548
7350.0,2.2615,-2.5809,-0.000136,-0.000136,1.0,1.0,-26.501154,-925.02063,3.459043
7352.0,2.2592,-2.7029,-9e-05,-9e-05,1.0,1.0,-26.499249,-925.013733,3.436642
7354.0,2.2568,-2.7029,0.000109,0.000109,1.0,1.0,-26.497288,-925.006958,3.417604
7356.0,2.2496,-2.764,4.7e-05,4.7e-05,1.0,1.0,-26.495279,-925.0,3.416813
7358.0,2.2433,-2.6419,0.000196,0.000196,1.0,1.0,-26.493269,-924.993286,3.37641
7360.0,2.2413,-2.9471,-5.8e-05,-5.8e-05,1.0,1.0,-26.491158,-924.986511,3.382886
7362.0,2.2394,-2.9471,-0.000166,-0.000166,1.0,1.0,-26.489063,-924.979736,3.38265
7364.0,2.2305,-3.0691,-0.000597,-0.000597,1.0,1.0,-26.486971,-924.972961,3.38445
7366.0,2.2267,-2.6419,0.000229,0.000229,1.0,1.0,-26.484882,-924.966187,3.382435
7368.0,2.2226,-2.825,-0.000221,-0.000221,1.0,1.0,-26.48279,-924.959351,3.380265
7370.0,2.2151,-2.825,-0.000342,-0.000342,1.0,1.0,-26.480694,-924.952515,3.381178
7372.0,2.2076,-2.825,-0.000495,-0.000495,1.0,1.0,-26.4786,-924.945801,3.379567
7374.0,2.2044,-2.825,-0.000539,-0.000539,1.0,1.0,-26.476503,-924.939026,3.383154
7376.0,2.197,-3.0081,-0.001114,-0.001114,1.0,1.0,-26.474417,-924.93219,3.403086
7378.0,2.1883,-2.5809,-0.000578,-0.000578,1.0,1.0,-26.472382,-924.925415,3.406794
7380.0,2.1862,-2.6419,-0.00079,-0.00079,1.0,1.0,-26.470356,-924.918579,3.411213
7382.0,2.1841,-2.6419,-0.000879,-0.000879,1.0,1.0,-26.468342,-924.911621,3.410462
7384.0,2.1759,-2.825,-0.001422,-0.001422,1.0,1.0,-26.466328,-924.904785,3.420027
7386.0,2.1738,-2.3977,-0.000647,-0.000647,1.0,1.0,-26.464338,-924.897949,3.425679
7388.0,2.1707,-2.825,-0.001688,-0.001688,1.0,1.0,-26.462362,-924.891113,3.407764
7390.0,2.162,-2.825,-0.001659,-0.001659,1.0,1.0,-26.460342,-924.884338,3.396733
7392.0,2.1534,-2.825,-0.001705,-0.001705,1.0,1.0,-26.458296,-924.877502,3.376621
7394.0,2.1505,-2.825,-0.001541,-0.001541,1.0,1.0,-26.4562,-924.870605,3.409821
7396.0,2.1405,-2.886,-0.002225,-0.002225,1.0,1.0,-26.454187,-924.863892,3.381013
7398.0,2.1357,-2.6419,-0.00148,-0.00148,1.0,1.0,-26.452105,-924.857178,3.353614
7400.0,2.1313,-2.886,-0.00179,-0.00179,1.0,1.0,-26.449953,-924.850525,3.348664
7402.0,2.127,-2.886,-0.00182,-0.00182,1.0,1.0,-26.44779,-924.843811,3.342318
7404.0,2.1174,-2.886,-0.001935,-0.001935,1.0,1.0,-26.445612,-924.837219,3.313308
7406.0,2.1145,-2.6419,-0.001149,-0.001149,1.0,1.0,-26.443361,-924.830566,3.288148
7408.0,2.1071,-2.5198,-0.000755,-0.000755,1.0,1.0,-26.44105,-924.824036,3.274647
7410.0,2.1009,-2.3367,-0.000334,-0.000334,1.0,1.0,-26.438704,-924.817505,3.26991
7412.0,2.0946,-2.3367,-0.000403,-0.000403,1.0,1.0,-26.436348,-924.811035,3.239948
7414.0,2.0919,-2.5198,-0.000522,-0.000522,1.0,1.0,-26.433918,-924.804688,3.201262
7416.0,2.0841,-2.4588,-0.000121,-0.000121,1.0,1.0,-26.431391,-924.79834,3.170557
7418.0,2.0817,-2.2757,0.000562,0.000562,1.0,1.0,-26.428787,-924.792053,3.166317
7420.0,2.076,-2.2757,0.000499,0.000499,1.0,1.0,-26.426174,-924.785645,3.143044
7422.0,2.0704,-2.2757,0.000644,0.000644,1.0,1.0,-26.423504,-924.77948,3.101414
7424.0,2.0646,-2.2757,0.000986,0.000986,1.0,1.0,-26.420731,-924.773376,3.078846
7426.0,2.062,-2.2757,0.001181,0.001181,1.0,1.0,-26.417902,-924.767212,3.090705
7428.0,2.0555,-2.2146,0.00106,0.00106,1.0,1.0,-26.415104,-924.760986,3.078487
7430.0,2.0491,-2.2146,0.00107,0.00107,1.0,1.0,-26.412275,-924.754944,3.055242
7432.0,2.0476,-2.2146,0.001294,0.001294,1.0,1.0,-26.409389,-924.748779,3.035065
7434.0,2.0426,-2.2146,0.001416,0.001416,1.0,1.0,-26.406454,-924.742676,3.043149
7436.0,2.0395,-2.3367,0.001007,0.001007,1.0,1.0,-26.403542,-924.736572,3.051609
7438.0,2.0366,-2.5198,0.000466,0.000466,1.0,1.0,-26.40065,-924.730591,3.025935
7440.0,2.0338,-2.5198,0.000691,0.000691,1.0,1.0,-26.397696,-924.724548,3.012015
7442.0,2.0262,-2.5198,0.000697,0.000697,1.0,1.0,-26.394707,-924.718384,3.030075
7444.0,2.0226,-2.764,-9.3e-05,-9.3e-05,1.0,1.0,-26.391766,-924.71228,3.041909
7446.0,2.0143,-2.6419,-0.000119,-0.000119,1.0,1.0,-26.388855,-924.706177,3.045595
7448.0,2.0123,-2.5809,-6.8e-05,-6.8e-05,1.0,1.0,-26.385956,-924.700073,3.036131
7450.0,2.0102,-2.5809,-5e-06,-5e-06,1.0,1.0,-26.383034,-924.69397,3.047557
7452.0,2.0037,-2.6419,-0.000384,-0.000384,1.0,1.0,-26.38014,-924.687805,3.077944
7454.0,1.9984,-2.6419,-0.000818,-0.000818,1.0,1.0,-26.377325,-924.681519,3.095762
7456.0,1.9946,-2.764,-0.001346,-0.001346,1.0,1.0,-26.374556,-924.675293,3.089036
7458.0,1.9873,-2.5809,-0.00102,-0.00102,1.0,1.0,-26.371771,-924.669128,3.091506
7460.0,1.9799,-2.5809,-0.001189,-0.001189,1.0,1.0,-26.368994,-924.662842,3.120848
7462.0,1.9772,-2.6419,-0.001691,-0.001691,1.0,1.0,-26.366291,-924.656494,3.148081
7464.0,1.9685,-2.5198,-0.001891,-0.001891,1.0,1.0,-26.363657,-924.650269,3.144539
7466.0,1.9644,-2.7029,-0.002326,-0.002326,1.0,1.0,-26.361015,-924.643921,3.146179
7468.0,1.956,-2.825,-0.002766,-0.002766,1.0,1.0,-26.358379,-924.637573,3.148545
7470.0,1.9477,-2.825,-0.002951,-0.002951,1.0,1.0,-26.355751,-924.631104,3.196852
7472.0,1.9433,-2.4588,-0.002774,-0.002774,1.0,1.0,-26.353245,-924.624756,3.190966
7474.0,1.9382,-2.5198,-0.00294,-0.00294,1.0,1.0,-26.350725,-924.618469,3.157747
7476.0,1.9334,-2.3977,-0.002407,-0.002407,1.0,1.0,-26.348122,-924.612122,3.161196
7478.0,1.9295,-2.5198,-0.002783,-0.002783,1.0,1.0,-26.345528,-924.605774,3.170631
7480.0,1.9255,-2.5198,-0.002962,-0.002962,1.0,1.0,-26.342958,-924.599304,3.187134
7482.0,1.9177,-2.2146,-0.002635,-0.002635,1.0,1.0,-26.340433,-924.593018,3.166432
7484.0,1.9141,-2.3977,-0.002872,-0.002872,1.0,1.0,-26.337856,-924.58667,3.156536
7486.0,1.9055,-2.2146,-0.002536,-0.002536,1.0,1.0,-26.335255,-924.580383,3.151736
7488.0,1.904,-2.0315,-0.00212,-0.00212,1.0,1.0,-26.332644,-924.574097,3.149116
7490.0,1.9024,-2.0315,-0.002122,-0.002122,1.0,1.0,-26.330027,-924.56781,3.133861
7492.0,1.8976,-2.0926,-0.00218,-0.00218,1.0,1.0,-26.327372,-924.561523,3.11022
7494.0,1.8932,-1.9705,-0.001743,-0.001743,1.0,1.0,-26.324659,-924.555359,3.090276
7496.0,1.8892,-2.3367,-0.00239,-0.00239,1.0,1.0,-26.321898,-924.549194,3.080543
7498.0,1.8853,-2.3367,-0.00236,-0.00236,1.0,1.0,-26.319113,-924.543091,3.072841
7500.0,1.8812,-1.7264,-0.001043,-0.001043,1.0,1.0,-26.316309,-924.536987,3.052958
7502.0,1.8798,-2.1536,-0.001772,-0.001772,1.0,1.0,-26.313456,-924.530945,3.031411
7504.0,1.875,-1.8484,-0.000973,-0.000973,1.0,1.0,-26.310551,-924.52478,3.019573
7506.0,1.8711,-2.2757,-0.001838,-0.001838,1.0,1.0,-26.307617,-924.518799,3.00549
7508.0,1.8672,-2.2757,-0.001759,-0.001759,1.0,1.0,-26.304649,-924.512817,2.994883
7510.0,1.8618,-2.0315,-0.001223,-0.001223,1.0,1.0,-26.301655,-924.506836,2.985643
7512.0,1.8572,-2.3977,-0.001997,-0.001997,1.0,1.0,-26.298639,-924.500916,2.98104
7514.0,1.8505,-1.9095,-0.001027,-0.001027,1.0,1.0,-26.295612,-924.494934,2.989095
7516.0,1.849,-1.9095,-0.001143,-0.001143,1.0,1.0,-26.292608,-924.488953,2.983831
7518.0,1.8475,-1.9095,-0.001115,-0.001115,1.0,1.0,-26.289591,-924.48291,2.967676
7520.0,1.8421,-1.9705,-0.001173,-0.001173,1.0,1.0,-26.286535,-924.47699,2.964668
7522.0,1.8387,-2.0315,-0.001337,-0.001337,1.0,1.0,-26.283472,-924.471069,2.959452
7524.0,1.8336,-2.2146,-0.001772,-0.001772,1.0,1.0,-26.280397,-924.465149,2.959922
7526.0,1.8314,-1.9705,-0.001295,-0.001295,1.0,1.0,-26.277325,-924.459229,2.959139
7528.0,1.8291,-1.9705,-0.00133,-0.00133,1.0,1.0,-26.274252,-924.453369,2.956686
7530.0,1.8254,-2.1536,-0.001768,-0.001768,1.0,1.0,-26.271173,-924.447327,2.960967
7532.0,1.8243,-1.7874,-0.001049,-0.001049,1.0,1.0,-26.268108,-924.441406,2.961408
7534.0,1.8177,-2.4588,-0.002623,-0.002623,1.0,1.0,-26.265045,-924.435486,2.960025
7536.0,1.8137,-1.9705,-0.001634,-0.001634,1.0,1.0,-26.26198,-924.429565,2.965232
7538.0,1.8098,-1.9705,-0.001767,-0.001767,1.0,1.0,-26.258928,-924.423584,2.968835
7540.0,1.8052,-2.2146,-0.002419,-0.002419,1.0,1.0,-26.255888,-924.417603,2.980759
7542.0,1.8026,-1.7264,-0.001549,-0.001549,1.0,1.0,-26.252878,-924.41156,2.981355
7544.0,1.7988,-2.4588,-0.003203,-0.003203,1.0,1.0,-26.24987,-924.40564,2.961762
7546.0,1.7971,-1.8484,-0.001711,-0.001711,1.0,1.0,-26.246815,-924.39978,2.955652
7548.0,1.7953,-1.8484,-0.001679,-0.001679,1.0,1.0,-26.243746,-924.39386,2.952277
7550.0,1.7905,-2.764,-0.003703,-0.003703,1.0,1.0,-26.240669,-924.387939,2.95548
7552.0,1.7863,-2.0926,-0.002374,-0.002374,1.0,1.0,-26.237602,-924.38208,2.938042
7554.0,1.7795,-2.9471,-0.004153,-0.004153,1.0,1.0,-26.234493,-924.376282,2.916523
7556.0,1.7726,-2.9471,-0.004051,-0.004051,1.0,1.0,-26.231331,-924.3703,2.921547
7558.0,1.7687,-1.9705,-0.00208,-0.00208,1.0,1.0,-26.228182,-924.364502,2.904708
7560.0,1.764,-2.5809,-0.003299,-0.003299,1.0,1.0,-26.224993,-924.358765,2.901541
7562.0,1.7606,-2.2146,-0.002542,-0.002542,1.0,1.0,-26.221796,-924.352966,2.886389
7564.0,1.7552,-2.764,-0.003663,-0.003663,1.0,1.0,-26.218563,-924.34729,2.849701
7566.0,1.7498,-2.764,-0.003367,-0.003367,1.0,1.0,-26.215239,-924.341675,2.822383
7568.0,1.7457,-2.2146,-0.001967,-0.001967,1.0,1.0,-26.211847,-924.33606,2.803144
7570.0,1.7387,-2.825,-0.003205,-0.003205,1.0,1.0,-26.208408,-924.330444,2.791995
7572.0,1.7347,-2.2146,-0.001848,-0.001848,1.0,1.0,-26.204943,-924.324951,2.774394
7574.0,1.728,-2.5809,-0.002574,-0.002574,1.0,1.0,-26.201435,-924.319458,2.741265
7576.0,1.7212,-2.5809,-0.002343,-0.002343,1.0,1.0,-26.197845,-924.314087,2.704496
7578.0,1.7184,-2.0315,-0.000814,-0.000814,1.0,1.0,-26.194164,-924.308777,2.681818
7580.0,1.7113,-2.764,-0.00228,-0.00228,1.0,1.0,-26.190428,-924.303467,2.671329
7582.0,1.7093,-2.1536,-0.000891,-0.000891,1.0,1.0,-26.186666,-924.298035,2.657857
7584.0,1.7035,-2.6419,-0.001906,-0.001906,1.0,1.0,-26.182873,-924.292847,2.613611
7586.0,1.6977,-2.6419,-0.001535,-0.001535,1.0,1.0,-26.17897,-924.28772,2.581673
7588.0,1.6969,-2.0926,-2.3e-05,-2.3e-05,1.0,1.0,-26.17499,-924.282654,2.551532
7590.0,1.6913,-2.886,-0.001508,-0.001508,1.0,1.0,-26.170935,-924.277588,2.535138
7592.0,1.6896,-2.2757,-5e-05,-5e-05,1.0,1.0,-26.16684,-924.272522,2.531298
7594.0,1.6817,-3.1302,-0.001997,-0.001997,1.0,1.0,-26.162737,-924.267456,2.50604
7596.0,1.6739,-3.1302,-0.001872,-0.001872,1.0,1.0,-26.158571,-924.262573,2.471071
7598.0,1.6698,-2.3367,0.000136,0.000136,1.0,1.0,-26.15432,-924.25769,2.457739
7600.0,1.6616,-2.886,-0.001057,-0.001057,1.0,1.0,-26.150036,-924.252747,2.454128
7602.0,1.6593,-2.3977,-1.2e-05,-1.2e-05,1.0,1.0,-26.145746,-924.247864,2.452834
7604.0,1.6519,-3.1302,-0.001716,-0.001716,1.0,1.0,-26.141455,-924.242981,2.435086
7606.0,1.6445,-3.1302,-0.001665,-0.001665,1.0,1.0,-26.137119,-924.238159,2.412775
7608.0,1.6441,-2.3977,0.000146,0.000146,1.0,1.0,-26.13273,-924.233337,2.390546
7610.0,1.6375,-3.0691,-0.001182,-0.001182,1.0,1.0,-26.128286,-924.228577,2.389199
7612.0,1.6344,-2.886,-0.000834,-0.000834,1.0,1.0,-26.123842,-924.223755,2.395202
7614.0,1.6268,-3.3133,-0.001963,-0.001963,1.0,1.0,-26.119413,-924.218933,2.405339
7616.0,1.6193,-3.3133,-0.002218,-0.002218,1.0,1.0,-26.115013,-924.214233,2.382551
7618.0,1.6139,-3.1912,-0.001812,-0.001812,1.0,1.0,-26.110558,-924.209473,2.374993
7620.0,1.6083,-3.0691,-0.001573,-0.001573,1.0,1.0,-26.106085,-924.204651,2.371529
7622.0,1.602,-3.4353,-0.002445,-0.002445,1.0,1.0,-26.101604,-924.199829,2.384964
7624.0,1.5956,-3.4353,-0.002713,-0.002713,1.0,1.0,-26.09716,-924.195068,2.398856
7626.0,1.592,-3.1302,-0.002278,-0.002278,1.0,1.0,-26.092752,-924.190247,2.398532
7628.0,1.5847,-3.6184,-0.003464,-0.003464,1.0,1.0,-26.088345,-924.185486,2.389697
7630.0,1.5797,-3.1912,-0.002545,-0.002545,1.0,1.0,-26.083918,-924.180725,2.379478
7632.0,1.5703,-3.8626,-0.004058,-0.004058,1.0,1.0,-26.079466,-924.175903,2.393423
7634.0,1.5609,-3.8626,-0.004389,-0.004389,1.0,1.0,-26.07505,-924.171021,2.409946
7636.0,1.5556,-3.2522,-0.00336,-0.00336,1.0,1.0,-26.070679,-924.166138,2.421409
7638.0,1.546,-3.6184,-0.004457,-0.004457,1.0,1.0,-26.066338,-924.161316,2.422353
7640.0,1.54,-3.0691,-0.003401,-0.003401,1.0,1.0,-26.062,-924.156494,2.409298
7642.0,1.5341,-3.2522,-0.003764,-0.003764,1.0,1.0,-26.057632,-924.151672,2.410008
7644.0,1.5283,-3.2522,-0.003883,-0.003883,1.0,1.0,-26.053268,-924.146851,2.419455
7646.0,1.5211,-3.3133,-0.004256,-0.004256,1.0,1.0,-26.048929,-924.141846,2.441027
7648.0,1.5156,-3.1912,-0.004333,-0.004333,1.0,1.0,-26.044647,-924.136963,2.4419
7650.0,1.5073,-3.5574,-0.005291,-0.005291,1.0,1.0,-26.040369,-924.13208,2.449164
7652.0,1.5025,-3.3133,-0.004936,-0.004936,1.0,1.0,-26.03611,-924.127197,2.434526
7654.0,1.4978,-3.3133,-0.004867,-0.004867,1.0,1.0,-26.031816,-924.122437,2.407318
7656.0,1.4894,-3.6184,-0.005389,-0.005389,1.0,1.0,-26.027456,-924.117554,2.41699
7658.0,1.4837,-3.4353,-0.00521,-0.00521,1.0,1.0,-26.023121,-924.11261,2.435983
7660.0,1.4756,-3.6795,-0.006098,-0.006098,1.0,1.0,-26.018835,-924.107727,2.432564
7662.0,1.4662,-3.6184,-0.006109,-0.006109,1.0,1.0,-26.014544,-924.102905,2.415847
7664.0,1.4568,-3.6184,-0.006107,-0.006107,1.0,1.0,-26.010212,-924.098022,2.413807
7666.0,1.4498,-3.1912,-0.005301,-0.005301,1.0,1.0,-26.005877,-924.093323,2.412713
7668.0,1.4398,-3.1912,-0.005481,-0.005481,1.0,1.0,-26.001539,-924.088501,2.414749
7670.0,1.4341,-2.7029,-0.004562,-0.004562,1.0,1.0,-25.99721,-924.082581,2.421046
7672.0,1.4267,-2.886,-0.005166,-0.005166,1.0,1.0,-25.992897,-924.078552,2.410301
7674.0,1.4198,-2.886,-0.005182,-0.005182,1.0,1.0,-25.98856,-924.073975,2.390871
7676.0,1.4171,-2.5198,-0.004235,-0.004235,1.0,1.0,-25.984175,-924.069214,2.374584
7678.0,1.4116,-2.7029,-0.004558,-0.004558,1.0,1.0,-25.979752,-924.064514,2.365786
7680.0,1.4054,-2.825,-0.004842,-0.004842,1.0,1.0,-25.975307,-924.058899,2.350278
7682.0,1.3997,-2.764,-0.004653,-0.004653,1.0,1.0,-25.970825,-924.054932,2.349051
7684.0,1.3941,-2.764,-0.004746,-0.004746,1.0,1.0,-25.966343,-924.050354,2.338484
7686.0,1.3856,-2.886,-0.005057,-0.005057,1.0,1.0,-25.961836,-924.045715,2.322872
7688.0,1.3815,-2.3367,-0.003784,-0.003784,1.0,1.0,-25.957291,-924.041138,2.317129
7690.0,1.3755,-2.764,-0.004756,-0.004756,1.0,1.0,-25.952734,-924.035645,2.301234
7692.0,1.3695,-2.764,-0.004699,-0.004699,1.0,1.0,-25.948139,-924.03186,2.29302
7694.0,1.3656,-2.5198,-0.004159,-0.004159,1.0,1.0,-25.943525,-924.027344,2.284047
7696.0,1.3608,-2.764,-0.004678,-0.004678,1.0,1.0,-25.93889,-924.022766,2.277456
7698.0,1.3548,-2.7029,-0.004591,-0.004591,1.0,1.0,-25.93424,-924.01825,2.258818
7700.0,1.3497,-2.3977,-0.003829,-0.003829,1.0,1.0,-25.929546,-924.013,2.252822
7702.0,1.3447,-2.3977,-0.00386,-0.00386,1.0,1.0,-25.924839,-924.009277,2.244028
7704.0,1.3366,-2.6419,-0.004445,-0.004445,1.0,1.0,-25.920111,-924.004761,2.24533
7706.0,1.3319,-2.2146,-0.003631,-0.003631,1.0,1.0,-25.915388,-924.000305,2.240961
7708.0,1.3256,-2.2757,-0.003835,-0.003835,1.0,1.0,-25.910656,-923.99585,2.214328
7710.0,1.3207,-2.1536,-0.003377,-0.003377,1.0,1.0,-25.905859,-923.990723,2.222262
7712.0,1.3158,-2.1536,-0.003557,-0.003557,1.0,1.0,-25.901083,-923.986938,2.219842
7714.0,1.3146,-2.0926,-0.003424,-0.003424,1.0,1.0,-25.896303,-923.982483,2.223032
7716.0,1.3097,-2.2757,-0.003946,-0.003946,1.0,1.0,-25.891533,-923.978027,2.221146
7718.0,1.3065,-2.2146,-0.003856,-0.003856,1.0,1.0,-25.886761,-923.973572,2.215445
7720.0,1.3006,-2.3367,-0.004168,-0.004168,1.0,1.0,-25.881975,-923.968506,2.216155
7722.0,1.2948,-2.3367,-0.004288,-0.004288,1.0,1.0,-25.877193,-923.964722,2.212364
7724.0,1.2898,-2.2146,-0.00408,-0.00408,1.0,1.0,-25.872404,-923.960266,2.207324
7726.0,1.2855,-2.1536,-0.003976,-0.003976,1.0,1.0,-25.867605,-923.955811,2.214371
7728.0,1.2808,-2.2146,-0.004274,-0.004274,1.0,1.0,-25.862825,-923.951416,2.212041
7730.0,1.2791,-2.2146,-0.004283,-0.004283,1.0,1.0,-25.858042,-923.946411,2.207984
7732.0,1.2773,-2.2146,-0.004273,-0.004273,1.0,1.0,-25.853251,-923.942505,2.206838
7734.0,1.2706,-2.7029,-0.005438,-0.005438,1.0,1.0,-25.848457,-923.93811,2.210229
7736.0,1.2645,-2.1536,-0.004412,-0.004412,1.0,1.0,-25.843676,-923.933716,2.215909
7738.0,1.2601,-1.7874,-0.00377,-0.00377,1.0,1.0,-25.838909,-923.929199,2.228017
7740.0,1.2538,-1.9095,-0.004285,-0.004285,1.0,1.0,-25.834175,-923.924194,2.233396
7742.0,1.2476,-1.9095,-0.004464,-0.004464,1.0,1.0,-25.829456,-923.920288,2.233278
7744.0,1.2441,-1.7874,-0.004267,-0.004267,1.0,1.0,-25.824739,-923.915771,2.231841
7746.0,1.2395,-1.9095,-0.004601,-0.004601,1.0,1.0,-25.820021,-923.911255,2.238012
7748.0,1.2372,-1.6043,-0.004056,-0.004056,1.0,1.0,-25.815319,-923.906799,2.234567
7750.0,1.235,-1.6043,-0.004062,-0.004062,1.0,1.0,-25.810612,-923.901917,2.233722
7752.0,1.2322,-1.7264,-0.004369,-0.004369,1.0,1.0,-25.805902,-923.897888,2.236252
7754.0,1.2265,-1.8484,-0.004768,-0.004768,1.0,1.0,-25.801203,-923.893433,2.228801
7756.0,1.2239,-1.5433,-0.00408,-0.00408,1.0,1.0,-25.796486,-923.888977,2.219305
7758.0,1.2182,-1.6653,-0.004349,-0.004349,1.0,1.0,-25.791746,-923.88446,2.221214
7760.0,1.2125,-1.6653,-0.00448,-0.00448,1.0,1.0,-25.787014,-923.8797,2.204156
7762.0,1.2082,-1.4822,-0.003983,-0.003983,1.0,1.0,-25.78224,-923.87561,2.228495
7764.0,1.2065,-1.4212,-0.004148,-0.004148,1.0,1.0,-25.777531,-923.871155,2.225038
7766.0,1.2029,-1.5433,-0.004442,-0.004442,1.0,1.0,-25.772814,-923.86676,2.202715
7768.0,1.2038,-1.116,-0.003263,-0.003263,1.0,1.0,-25.768044,-923.862366,2.196615
7770.0,1.2047,-1.116,-0.00318,-0.00318,1.0,1.0,-25.763258,-923.857666,2.175279
7772.0,1.2009,-1.7264,-0.004334,-0.004334,1.0,1.0,-25.758421,-923.853638,2.172554
7774.0,1.1959,-1.6653,-0.004268,-0.004268,1.0,1.0,-25.75358,-923.849243,2.179667
7776.0,1.1925,-1.6653,-0.004412,-0.004412,1.0,1.0,-25.748758,-923.844971,2.168004
7778.0,1.1872,-1.6653,-0.004386,-0.004386,1.0,1.0,-25.74391,-923.840637,2.160098
7780.0,1.182,-1.6653,-0.0044,-0.0044,1.0,1.0,-25.739042,-923.83606,2.139248
7782.0,1.1803,-1.3601,-0.00355,-0.00355,1.0,1.0,-25.734125,-923.832031,2.128371
7784.0,1.1768,-1.2991,-0.003366,-0.003366,1.0,1.0,-25.729183,-923.827759,2.127188
7786.0,1.1737,-1.177,-0.003152,-0.003152,1.0,1.0,-25.724239,-923.823547,2.119275
7788.0,1.1748,-1.055,-0.00278,-0.00278,1.0,1.0,-25.719278,-923.819336,2.119499
7790.0,1.176,-1.055,-0.00276,-0.00276,1.0,1.0,-25.714319,-923.814941,2.100244
7792.0,1.1728,-1.3601,-0.003268,-0.003268,1.0,1.0,-25.709314,-923.810974,2.088617
7794.0,1.169,-1.177,-0.002821,-0.002821,1.0,1.0,-25.704283,-923.806763,2.068311
7796.0,1.1677,-1.116,-0.002495,-0.002495,1.0,1.0,-25.699202,-923.802673,2.056595
7798.0,1.1641,-1.116,-0.002436,-0.002436,1.0,1.0,-25.694092,-923.798584,2.054734
7800.0,1.1605,-1.116,-0.002485,-0.002485,1.0,1.0,-25.68898,-923.794312,2.04985
7802.0,1.161,-1.116,-0.002422,-0.002422,1.0,1.0,-25.683859,-923.790405,2.039007
7804.0,1.1587,-1.2991,-0.002742,-0.002742,1.0,1.0,-25.678713,-923.786377,2.016226
7806.0,1.1587,-1.116,-0.002099,-0.002099,1.0,1.0,-25.673512,-923.782349,1.996209
7808.0,1.1575,-1.2381,-0.002168,-0.002168,1.0,1.0,-25.668261,-923.778442,1.978861
7810.0,1.1562,-1.2381,-0.002004,-0.002004,1.0,1.0,-25.66297,-923.774353,1.975816
7812.0,1.1505,-1.3601,-0.002343,-0.002343,1.0,1.0,-25.657673,-923.770508,1.979526
7814.0,1.1492,-0.9939,-0.001621,-0.001621,1.0,1.0,-25.652388,-923.766541,1.986235
7816.0,1.147,-1.2381,-0.00226,-0.00226,1.0,1.0,-25.647121,-923.762573,1.979722
7818.0,1.1449,-1.2381,-0.00223,-0.00223,1.0,1.0,-25.64184,-923.758667,1.959105
7820.0,1.1411,-1.2381,-0.002079,-0.002079,1.0,1.0,-25.636509,-923.7547,1.950719
7822.0,1.1407,-1.177,-0.001864,-0.001864,1.0,1.0,-25.631159,-923.750854,1.939451
7824.0,1.1375,-1.2381,-0.001934,-0.001934,1.0,1.0,-25.625782,-923.747009,1.940692
7826.0,1.1363,-1.055,-0.001576,-0.001576,1.0,1.0,-25.620411,-923.743103,1.942393
7828.0,1.1352,-1.055,-0.001616,-0.001616,1.0,1.0,-25.615047,-923.739258,1.94065
7830.0,1.135,-1.3601,-0.002257,-0.002257,1.0,1.0,-25.60968,-923.735291,1.937896
7832.0,1.131,-1.5433,-0.002698,-0.002698,1.0,1.0,-25.604309,-923.731445,1.914292
7834.0,1.1301,-1.177,-0.00167,-0.00167,1.0,1.0,-25.598881,-923.727661,1.908293
7836.0,1.1259,-1.4822,-0.002342,-0.002342,1.0,1.0,-25.593439,-923.723877,1.909644
7838.0,1.1217,-1.4822,-0.002437,-0.002437,1.0,1.0,-25.588003,-923.719971,1.918778
7840.0,1.1169,-1.2381,-0.002105,-0.002105,1.0,1.0,-25.582592,-923.716125,1.923952
7842.0,1.1176,-1.3601,-0.00241,-0.00241,1.0,1.0,-25.577196,-923.71228,1.932621
7844.0,1.1155,-1.5433,-0.002937,-0.002937,1.0,1.0,-25.571825,-923.708374,1.930262
7846.0,1.113,-1.6043,-0.003092,-0.003092,1.0,1.0,-25.56645,-923.704529,1.914187
7848.0,1.1104,-1.6043,-0.002967,-0.002967,1.0,1.0,-25.561037,-923.700745,1.904764
7850.0,1.1096,-1.3601,-0.002355,-0.002355,1.0,1.0,-25.555601,-923.696899,1.910637
7852.0,1.1048,-1.9095,-0.003691,-0.003691,1.0,1.0,-25.550182,-923.693054,1.926704
7854.0,1.1013,-1.6653,-0.003409,-0.003409,1.0,1.0,-25.544807,-923.689148,1.932731
7856.0,1.0982,-1.7264,-0.003664,-0.003664,1.0,1.0,-25.53945,-923.685181,1.940101
7858.0,1.0952,-1.7264,-0.003802,-0.003802,1.0,1.0,-25.534113,-923.681335,1.939763
7860.0,1.0893,-1.4822,-0.003388,-0.003388,1.0,1.0,-25.528776,-923.67749,1.932523
7862.0,1.088,-1.4212,-0.003202,-0.003202,1.0,1.0,-25.523424,-923.673584,1.929989
7864.0,1.0853,-1.6043,-0.003621,-0.003621,1.0,1.0,-25.518068,-923.669739,1.936425
7866.0,1.0793,-1.6653,-0.003936,-0.003936,1.0,1.0,-25.51273,-923.665833,1.952373
7868.0,1.0734,-1.6653,-0.004223,-0.004223,1.0,1.0,-25.507433,-923.661865,1.961233
7870.0,1.0741,-1.4212,-0.003781,-0.003781,1.0,1.0,-25.502161,-923.657898,1.962559
7872.0,1.0711,-1.7874,-0.004642,-0.004642,1.0,1.0,-25.496895,-923.653931,1.970851
7874.0,1.0649,-1.4822,-0.004194,-0.004194,1.0,1.0,-25.491652,-923.650024,1.961122
7876.0,1.064,-1.2381,-0.003581,-0.003581,1.0,1.0,-25.486385,-923.646118,1.956013
7878.0,1.063,-1.2381,-0.003543,-0.003543,1.0,1.0,-25.48111,-923.642212,1.954438
7880.0,1.0586,-1.5433,-0.004268,-0.004268,1.0,1.0,-25.475832,-923.638306,1.966044
7882.0,1.0556,-1.2991,-0.003926,-0.003926,1.0,1.0,-25.470585,-923.634277,1.969285
7884.0,1.0559,-1.055,-0.00343,-0.00343,1.0,1.0,-25.465347,-923.630249,1.997403
7886.0,1.0562,-1.055,-0.003731,-0.003731,1.0,1.0,-25.460184,-923.626343,1.971836
7888.0,1.0527,-1.6653,-0.004832,-0.004832,1.0,1.0,-25.454958,-923.622437,1.944795
7890.0,1.052,-1.2991,-0.003763,-0.003763,1.0,1.0,-25.449665,-923.618591,1.936115
7892.0,1.0512,-1.4822,-0.004079,-0.004079,1.0,1.0,-25.444353,-923.614746,1.940461
7894.0,1.0442,-1.7874,-0.004917,-0.004917,1.0,1.0,-25.439054,-923.610718,1.95243
7896.0,1.0372,-1.7874,-0.005181,-0.005181,1.0,1.0,-25.433788,-923.606812,1.95461
7898.0,1.0326,-1.3601,-0.004374,-0.004374,1.0,1.0,-25.42853,-923.602905,1.957458
7900.0,1.0321,-1.177,-0.004022,-0.004022,1.0,1.0,-25.423281,-923.598999,1.952879
7902.0,1.0267,-1.4822,-0.004731,-0.004731,1.0,1.0,-25.418022,-923.595093,1.953455
7904.0,1.0252,-1.055,-0.003849,-0.003849,1.0,1.0,-25.412767,-923.591248,1.940175
7906.0,1.0236,-1.055,-0.003734,-0.003734,1.0,1.0,-25.40748,-923.587402,1.931597
7908.0,1.0228,-1.2991,-0.004181,-0.004181,1.0,1.0,-25.402174,-923.583496,1.929621
7910.0,1.0193,-1.4822,-0.00462,-0.00462,1.0,1.0,-25.396866,-923.57959,1.922436
7912.0,1.0198,-1.116,-0.003745,-0.003745,1.0,1.0,-25.391541,-923.575806,1.913392
7914.0,1.0199,-1.3601,-0.004171,-0.004171,1.0,1.0,-25.386194,-923.572021,1.903569
7916.0,1.0199,-1.3601,-0.004063,-0.004063,1.0,1.0,-25.380827,-923.568237,1.890473
7918.0,1.0142,-1.7874,-0.00495,-0.00495,1.0,1.0,-25.375427,-923.564514,1.880058
7920.0,1.0124,-1.2991,-0.00382,-0.00382,1.0,1.0,-25.370005,-923.56073,1.860265
7922.0,1.0106,-1.6043,-0.004295,-0.004295,1.0,1.0,-25.364534,-923.557068,1.845309
7924.0,1.0043,-1.8484,-0.004778,-0.004778,1.0,1.0,-25.359028,-923.553345,1.854736
7926.0,0.998,-1.8484,-0.005002,-0.005002,1.0,1.0,-25.353548,-923.549622,1.850369
7928.0,0.9977,-1.177,-0.003517,-0.003517,1.0,1.0,-25.348059,-923.545959,1.839077
7930.0,0.9985,-1.4822,-0.004034,-0.004034,1.0,1.0,-25.342545,-923.542358,1.826426
7932.0,0.994,-1.8484,-0.00477,-0.00477,1.0,1.0,-25.337,-923.538696,1.822292
7934.0,0.9915,-1.5433,-0.004118,-0.004118,1.0,1.0,-25.331448,-923.535034,1.804405
7936.0,0.9889,-1.5433,-0.003972,-0.003972,1.0,1.0,-25.325851,-923.531433,1.797194
7938.0,0.9886,-1.7874,-0.004425,-0.004425,1.0,1.0,-25.32024,-923.527893,1.79102
7940.0,0.981,-2.1536,-0.00529,-0.00529,1.0,1.0,-25.314615,-923.524292,1.792044
7942.0,0.9763,-1.6043,-0.004211,-0.004211,1.0,1.0,-25.308996,-923.520752,1.780381
7944.0,0.9757,-1.6043,-0.004097,-0.004097,1.0,1.0,-25.303349,-923.517212,1.774431
7946.0,0.975,-1.6043,-0.004045,-0.004045,1.0,1.0,-25.297689,-923.513672,1.769831
7948.0,0.9694,-1.9705,-0.004889,-0.004889,1.0,1.0,-25.292021,-923.510071,1.760931
7950.0,0.9663,-1.6043,-0.004065,-0.004065,1.0,1.0,-25.286331,-923.506592,1.754078
7952.0,0.9674,-1.4822,-0.003706,-0.003706,1.0,1.0,-25.280628,-923.503052,1.756971
7954.0,0.9686,-1.4822,-0.003716,-0.003716,1.0,1.0,-25.274935,-923.499573,1.741929
7956.0,0.9631,-1.9095,-0.004576,-0.004576,1.0,1.0,-25.269205,-923.496033,1.762028
7958.0,0.958,-1.7264,-0.004498,-0.004498,1.0,1.0,-25.263529,-923.492554,1.75705
7960.0,0.9592,-1.6043,-0.004159,-0.004159,1.0,1.0,-25.257841,-923.489014,1.73491
7962.0,0.9556,-2.0315,-0.004906,-0.004906,1.0,1.0,-25.2521,-923.485596,1.724826
7964.0,0.952,-2.0315,-0.004865,-0.004865,1.0,1.0,-25.246336,-923.482178,1.726254
7966.0,0.9442,-2.0315,-0.005031,-0.005031,1.0,1.0,-25.240578,-923.478699,1.71866
7968.0,0.9415,-1.6653,-0.004212,-0.004212,1.0,1.0,-25.234804,-923.475281,1.71977
7970.0,0.9393,-1.7874,-0.004529,-0.004529,1.0,1.0,-25.229034,-923.471863,1.717697
7972.0,0.9328,-2.0315,-0.005155,-0.005155,1.0,1.0,-25.223263,-923.468384,1.715959
7974.0,0.9264,-2.0315,-0.00526,-0.00526,1.0,1.0,-25.217489,-923.464905,1.719178
7976.0,0.9248,-1.6043,-0.004407,-0.004407,1.0,1.0,-25.211725,-923.461548,1.705645
7978.0,0.9251,-1.7874,-0.004647,-0.004647,1.0,1.0,-25.205929,-923.45813,1.700516
7980.0,0.9189,-2.2146,-0.005629,-0.005629,1.0,1.0,-25.200123,-923.454712,1.704658
7982.0,0.9156,-1.8484,-0.004951,-0.004951,1.0,1.0,-25.19433,-923.451294,1.697626
7984.0,0.9123,-1.8484,-0.004938,-0.004938,1.0,1.0,-25.188522,-923.447876,1.687644
7986.0,0.9134,-1.7264,-0.004546,-0.004546,1.0,1.0,-25.182692,-923.444519,1.686554
7988.0,0.9057,-2.5809,-0.006519,-0.006519,1.0,1.0,-25.176859,-923.441101,1.702094
7990.0,0.8966,-2.1536,-0.005943,-0.005943,1.0,1.0,-25.171068,-923.437683,1.699233
7992.0,0.8948,-1.6653,-0.004898,-0.004898,1.0,1.0,-25.165274,-923.434326,1.691144
7994.0,0.8929,-1.6653,-0.004846,-0.004846,1.0,1.0,-25.15946,-923.430969,1.690177
7996.0,0.8908,-1.9095,-0.0054,-0.0054,1.0,1.0,-25.153646,-923.42749,1.696678
7998.0,0.8838,-2.2146,-0.006261,-0.006261,1.0,1.0,-25.147852,-923.424072,1.700722
8000.0,0.8798,-1.7874,-0.005463,-0.005463,1.0,1.0,-25.142069,-923.420654,1.700089
8002.0,0.8805,-1.5433,-0.004919,-0.004919,1.0,1.0,-25.136288,-923.417297,1.699959
8004.0,0.8811,-1.5433,-0.004905,-0.004905,1.0,1.0,-25.130508,-923.413879,1.699723
8006.0,0.8744,-1.9705,-0.005951,-0.005951,1.0,1.0,-25.124731,-923.410522,1.693712
8008.0,0.8685,-1.8484,-0.005734,-0.005734,1.0,1.0,-25.11894,-923.407104,1.682436
8010.0,0.8701,-1.6653,-0.005189,-0.005189,1.0,1.0,-25.113123,-923.403809,1.661345
8012.0,0.8716,-1.6653,-0.004931,-0.004931,1.0,1.0,-25.107256,-923.400452,1.657741
8014.0,0.8684,-2.2146,-0.006133,-0.006133,1.0,1.0,-25.101381,-923.397156,1.660876
8016.0,0.8604,-2.3367,-0.006583,-0.006583,1.0,1.0,-25.095518,-923.393799,1.658966
8018.0,0.8586,-1.9705,-0.005809,-0.005809,1.0,1.0,-25.089651,-923.390503,1.650474
8020.0,0.8588,-1.9095,-0.005581,-0.005581,1.0,1.0,-25.083765,-923.387207,1.652898
8022.0,0.8591,-1.9095,-0.005604,-0.005604,1.0,1.0,-25.077888,-923.383911,1.648715
8024.0,0.8511,-2.5198,-0.007024,-0.007024,1.0,1.0,-25.072002,-923.380615,1.630877
8026.0,0.8437,-2.1536,-0.006183,-0.006183,1.0,1.0,-25.066074,-923.37738,1.628881
8028.0,0.8437,-1.9095,-0.005636,-0.005636,1.0,1.0,-25.060144,-923.374023,1.641226
8030.0,0.8404,-2.2146,-0.006491,-0.006491,1.0,1.0,-25.054247,-923.37085,1.626203
8032.0,0.8371,-2.2146,-0.006392,-0.006392,1.0,1.0,-25.048315,-923.367554,1.62049
8034.0,0.8288,-2.2146,-0.006488,-0.006488,1.0,1.0,-25.042372,-923.36438,1.619343
8036.0,0.8255,-1.7874,-0.005621,-0.005621,1.0,1.0,-25.036427,-923.361084,1.608492
8038.0,0.8251,-2.0315,-0.006034,-0.006034,1.0,1.0,-25.030457,-923.35791,1.603113
8040.0,0.8184,-2.2757,-0.006629,-0.006629,1.0,1.0,-25.024475,-923.354675,1.600669
8042.0,0.8117,-2.2757,-0.006732,-0.006732,1.0,1.0,-25.01849,-923.351501,1.594898
8044.0,0.8044,-1.7874,-0.005759,-0.005759,1.0,1.0,-25.012493,-923.348389,1.576265
8046.0,0.8042,-1.5433,-0.005036,-0.005036,1.0,1.0,-25.006453,-923.345276,1.556084
8048.0,0.8027,-2.1536,-0.006157,-0.006157,1.0,1.0,-25.000362,-923.342102,1.555818
8050.0,0.7949,-2.2146,-0.006435,-0.006435,1.0,1.0,-24.994274,-923.338989,1.557867
8052.0,0.7872,-2.2146,-0.006605,-0.006605,1.0,1.0,-24.988194,-923.335938,1.553929
8054.0,0.7828,-1.7264,-0.005597,-0.005597,1.0,1.0,-24.982105,-923.332825,1.541575
8056.0,0.7847,-1.3601,-0.004639,-0.004639,1.0,1.0,-24.975988,-923.329773,1.53336
8058.0,0.7802,-1.9705,-0.005948,-0.005948,1.0,1.0,-24.969854,-923.326721,1.528042
8060.0,0.77,-2.0315,-0.006217,-0.006217,1.0,1.0,-24.963709,-923.323608,1.519235
8062.0,0.7598,-2.0315,-0.006317,-0.006317,1.0,1.0,-24.957544,-923.320679,1.497953
8064.0,0.7598,-1.4212,-0.004773,-0.004773,1.0,1.0,-24.951328,-923.317749,1.474802
8066.0,0.7624,-1.6653,-0.004996,-0.004996,1.0,1.0,-24.945057,-923.314758,1.465146
8068.0,0.7565,-2.2757,-0.006318,-0.006318,1.0,1.0,-24.938765,-923.31189,1.456364
8070.0,0.7479,-2.0315,-0.005861,-0.005861,1.0,1.0,-24.932451,-923.30896,1.45798
8072.0,0.7393,-2.0315,-0.006043,-0.006043,1.0,1.0,-24.926146,-923.30603,1.458767
8074.0,0.739,-1.6653,-0.005271,-0.005271,1.0,1.0,-24.919844,-923.303162,1.444999
8076.0,0.7392,-1.7264,-0.005249,-0.005249,1.0,1.0,-24.913509,-923.300293,1.435919
8078.0,0.7316,-2.1536,-0.006214,-0.006214,1.0,1.0,-24.907156,-923.297424,1.432605
8080.0,0.7241,-2.1536,-0.006322,-0.006322,1.0,1.0,-24.900797,-923.294617,1.414608
8082.0,0.7181,-2.0315,-0.005979,-0.005979,1.0,1.0,-24.894394,-923.29187,1.394843
8084.0,0.719,-1.8484,-0.005353,-0.005353,1.0,1.0,-24.887945,-923.289124,1.375813
8086.0,0.7177,-2.2146,-0.005959,-0.005959,1.0,1.0,-24.881451,-923.286377,1.365721
8088.0,0.7099,-2.3367,-0.00626,-0.00626,1.0,1.0,-24.874933,-923.28363,1.363436
8090.0,0.7022,-2.3367,-0.006383,-0.006383,1.0,1.0,-24.868412,-923.280945,1.358943
8092.0,0.6981,-2.2146,-0.00615,-0.00615,1.0,1.0,-24.861883,-923.278259,1.342239
8094.0,0.7006,-2.2146,-0.005921,-0.005921,1.0,1.0,-24.855314,-923.275635,1.333685
8096.0,0.6964,-2.764,-0.00709,-0.00709,1.0,1.0,-24.848726,-923.272888,1.329694
8098.0,0.6836,-2.825,-0.007423,-0.007423,1.0,1.0,-24.842131,-923.270264,1.329894
8100.0,0.6708,-2.825,-0.007671,-0.007671,1.0,1.0,-24.835539,-923.267578,1.324258
8102.0,0.662,-2.4588,-0.00699,-0.00699,1.0,1.0,-24.828936,-923.265015,1.313162
8104.0,0.6609,-2.1536,-0.006236,-0.006236,1.0,1.0,-24.822308,-923.26239,1.302939
8106.0,0.6564,-2.3977,-0.006734,-0.006734,1.0,1.0,-24.815657,-923.259827,1.297014
8108.0,0.6469,-2.3367,-0.006722,-0.006722,1.0,1.0,-24.808992,-923.257202,1.310253
8110.0,0.6373,-2.3367,-0.00705,-0.00705,1.0,1.0,-24.802364,-923.254517,1.31659
8112.0,0.6306,-1.8484,-0.006199,-0.006199,1.0,1.0,-24.795755,-923.251831,1.313305
8114.0,0.6312,-1.6043,-0.005626,-0.005626,1.0,1.0,-24.789141,-923.249268,1.312991
8116.0,0.6284,-1.7874,-0.00607,-0.00607,1.0,1.0,-24.782528,-923.246643,1.307523
8118.0,0.6207,-1.6653,-0.005895,-0.005895,1.0,1.0,-24.775904,-923.244019,1.305951
8120.0,0.6131,-1.6653,-0.006025,-0.006025,1.0,1.0,-24.769278,-923.241394,1.296007
8122.0,0.61,-1.5433,-0.005712,-0.005712,1.0,1.0,-24.76263,-923.238892,1.278279
8124.0,0.6139,-1.4822,-0.005315,-0.005315,1.0,1.0,-24.755941,-923.236328,1.260184
8126.0,0.6129,-2.0315,-0.006317,-0.006317,1.0,1.0,-24.749208,-923.233887,1.250124
8128.0,0.6037,-2.3367,-0.007041,-0.007041,1.0,1.0,-24.742453,-923.231323,1.259481
8130.0,0.5944,-2.3367,-0.00732,-0.00732,1.0,1.0,-24.735723,-923.228821,1.267692
8132.0,0.5881,-2.0926,-0.007007,-0.007007,1.0,1.0,-24.729017,-923.226196,1.264677
8134.0,0.5884,-1.8484,-0.006442,-0.006442,1.0,1.0,-24.722307,-923.223755,1.259396
8136.0,0.5855,-2.2146,-0.007229,-0.007229,1.0,1.0,-24.715586,-923.221191,1.261033
8138.0,0.5753,-2.2146,-0.007443,-0.007443,1.0,1.0,-24.708872,-923.218628,1.266122
8140.0,0.5651,-2.2146,-0.007694,-0.007694,1.0,1.0,-24.702173,-923.216064,1.276235
8142.0,0.5579,-1.8484,-0.007154,-0.007154,1.0,1.0,-24.695503,-923.213562,1.267208
8144.0,0.5593,-1.2991,-0.005849,-0.005849,1.0,1.0,-24.688812,-923.210999,1.256213
8146.0,0.5592,-1.6653,-0.006517,-0.006517,1.0,1.0,-24.682096,-923.208496,1.25714
8148.0,0.5592,-1.6653,-0.006527,-0.006527,1.0,1.0,-24.675386,-923.205933,1.262763
8150.0,0.5519,-1.8484,-0.007124,-0.007124,1.0,1.0,-24.668694,-923.20343,1.269431
8152.0,0.5447,-1.7874,-0.007202,-0.007202,1.0,1.0,-24.66202,-923.200867,1.272035
8154.0,0.546,-1.3601,-0.006286,-0.006286,1.0,1.0,-24.655355,-923.198364,1.270986
8156.0,0.547,-1.8484,-0.007305,-0.007305,1.0,1.0,-24.648691,-923.195801,1.267795
8158.0,0.548,-1.8484,-0.007252,-0.007252,1.0,1.0,-24.642021,-923.193237,1.26746
8160.0,0.5417,-1.8484,-0.00737,-0.00737,1.0,1.0,-24.635353,-923.190674,1.272423
8162.0,0.5329,-1.6043,-0.007068,-0.007068,1.0,1.0,-24.6287,-923.18811,1.277148
8164.0,0.5316,-1.2381,-0.006356,-0.006356,1.0,1.0,-24.622061,-923.185608,1.267158
8166.0,0.534,-1.4212,-0.006595,-0.006595,1.0,1.0,-24.615398,-923.183105,1.257854
8168.0,0.5364,-1.4212,-0.006448,-0.006448,1.0,1.0,-24.608717,-923.180542,1.260555
8170.0,0.5316,-1.7264,-0.007226,-0.007226,1.0,1.0,-24.602045,-923.177979,1.279667
8172.0,0.5233,-1.6043,-0.007331,-0.007331,1.0,1.0,-24.595423,-923.175415,1.292995
8174.0,0.521,-1.116,-0.00647,-0.00647,1.0,1.0,-24.588837,-923.172852,1.288098
8176.0,0.5238,-1.055,-0.006231,-0.006231,1.0,1.0,-24.582241,-923.170288,1.283115
8178.0,0.5267,-1.055,-0.006123,-0.006123,1.0,1.0,-24.575636,-923.167664,1.283233
8180.0,0.5228,-1.3601,-0.006855,-0.006855,1.0,1.0,-24.569033,-923.165039,1.293603
8182.0,0.5146,-1.2991,-0.006994,-0.006994,1.0,1.0,-24.562458,-923.162476,1.295121
8184.0,0.5124,-0.7498,-0.00587,-0.00587,1.0,1.0,-24.555891,-923.159912,1.284058
8186.0,0.5181,-0.7498,-0.005641,-0.005641,1.0,1.0,-24.549299,-923.157349,1.27055
8188.0,0.5237,-0.7498,-0.005387,-0.005387,1.0,1.0,-24.542675,-923.154846,1.262657
8190.0,0.5255,-1.5433,-0.006973,-0.006973,1.0,1.0,-24.536034,-923.152344,1.260237
8192.0,0.5184,-1.9095,-0.007869,-0.007869,1.0,1.0,-24.529388,-923.149719,1.273394
8194.0,0.5116,-1.3601,-0.006963,-0.006963,1.0,1.0,-24.522779,-923.147156,1.277765
8196.0,0.5112,-1.177,-0.006623,-0.006623,1.0,1.0,-24.516184,-923.144592,1.282413
8198.0,0.5109,-1.177,-0.00668,-0.00668,1.0,1.0,-24.509604,-923.142029,1.275716
8200.0,0.512,-1.2381,-0.006717,-0.006717,1.0,1.0,-24.503008,-923.139526,1.273296
8202.0,0.5067,-1.6653,-0.00771,-0.00771,1.0,1.0,-24.49641,-923.136963,1.280145
8204.0,0.499,-1.4212,-0.007409,-0.007409,1.0,1.0,-24.489832,-923.134399,1.279153
8206.0,0.4912,-1.4212,-0.007547,-0.007547,1.0,1.0,-24.483253,-923.131714,1.298562
8208.0,0.4911,-0.9939,-0.006843,-0.006843,1.0,1.0,-24.476727,-923.12915,1.273962
8210.0,0.4948,-0.9939,-0.006503,-0.006503,1.0,1.0,-24.47014,-923.126709,1.252949
8212.0,0.4915,-1.6653,-0.007781,-0.007781,1.0,1.0,-24.463505,-923.124207,1.249753
8214.0,0.4834,-1.6043,-0.007771,-0.007771,1.0,1.0,-24.456863,-923.121643,1.258083
8216.0,0.4753,-1.6043,-0.008016,-0.008016,1.0,1.0,-24.450245,-923.119141,1.271134
8218.0,0.4712,-1.177,-0.00732,-0.00732,1.0,1.0,-24.443663,-923.116516,1.265289
8220.0,0.4754,-1.116,-0.007044,-0.007044,1.0,1.0,-24.437067,-923.114014,1.258681
8222.0,0.475,-1.8484,-0.008554,-0.008554,1.0,1.0,-24.430458,-923.111511,1.252111
8224.0,0.4653,-2.0315,-0.009062,-0.009062,1.0,1.0,-24.423836,-923.109009,1.264117
8226.0,0.4556,-2.0315,-0.009379,-0.009379,1.0,1.0,-24.417246,-923.106445,1.268447
8228.0,0.4455,-1.4212,-0.008309,-0.008309,1.0,1.0,-24.410669,-923.103882,1.269569
8230.0,0.445,-0.8719,-0.007149,-0.007149,1.0,1.0,-24.404099,-923.101379,1.263606
8232.0,0.4481,-0.9329,-0.007155,-0.007155,1.0,1.0,-24.397514,-923.098877,1.255722
8234.0,0.4442,-1.177,-0.007671,-0.007671,1.0,1.0,-24.390913,-923.096313,1.260942
8236.0,0.4402,-1.177,-0.007804,-0.007804,1.0,1.0,-24.384329,-923.093811,1.268529
8238.0,0.4314,-1.3601,-0.008449,-0.008449,1.0,1.0,-24.377766,-923.091187,1.280404
8240.0,0.4277,-0.5667,-0.006943,-0.006943,1.0,1.0,-24.371235,-923.088684,1.276114
8242.0,0.4304,-0.4446,-0.006581,-0.006581,1.0,1.0,-24.364697,-923.086121,1.272393
8244.0,0.4317,-0.6888,-0.007042,-0.007042,1.0,1.0,-24.35815,-923.083557,1.267691
8246.0,0.4329,-0.6888,-0.006968,-0.006968,1.0,1.0,-24.351597,-923.081055,1.268989
8248.0,0.4275,-0.8719,-0.007478,-0.007478,1.0,1.0,-24.345049,-923.078491,1.264153
8250.0,0.4244,-0.5667,-0.00683,-0.00683,1.0,1.0,-24.338491,-923.075989,1.256448
8252.0,0.4295,-0.2615,-0.005991,-0.005991,1.0,1.0,-24.331917,-923.073547,1.237488
8254.0,0.4354,-0.8108,-0.006852,-0.006852,1.0,1.0,-24.325296,-923.071106,1.221857
8256.0,0.4414,-0.8108,-0.006568,-0.006568,1.0,1.0,-24.31864,-923.068665,1.212757
8258.0,0.4383,-1.3601,-0.00771,-0.00771,1.0,1.0,-24.311962,-923.066223,1.217483
8260.0,0.4305,-1.2991,-0.007779,-0.007779,1.0,1.0,-24.3053,-923.063782,1.217923
8262.0,0.428,-0.9329,-0.007045,-0.007045,1.0,1.0,-24.298641,-923.06134,1.21363
8264.0,0.4322,-0.8108,-0.006655,-0.006655,1.0,1.0,-24.291975,-923.05896,1.202056
8266.0,0.4364,-0.8108,-0.006448,-0.006448,1.0,1.0,-24.285282,-923.05658,1.198734
8268.0,0.4362,-1.2991,-0.007466,-0.007466,1.0,1.0,-24.278584,-923.054138,1.195473
8270.0,0.4285,-1.4822,-0.007972,-0.007972,1.0,1.0,-24.271879,-923.051758,1.201048
8272.0,0.4204,-1.116,-0.007401,-0.007401,1.0,1.0,-24.265192,-923.049316,1.208834
8274.0,0.4123,-1.116,-0.007642,-0.007642,1.0,1.0,-24.258526,-923.046936,1.198558
8276.0,0.4136,-0.5057,-0.006191,-0.006191,1.0,1.0,-24.251837,-923.044556,1.193616
8278.0,0.4181,-0.5667,-0.006183,-0.006183,1.0,1.0,-24.245138,-923.042175,1.181908
8280.0,0.4157,-1.177,-0.007413,-0.007413,1.0,1.0,-24.238413,-923.039795,1.184977
8282.0,0.4081,-1.116,-0.007462,-0.007462,1.0,1.0,-24.231699,-923.037415,1.189625
8284.0,0.4004,-1.116,-0.007659,-0.007659,1.0,1.0,-24.224998,-923.035034,1.19116
8286.0,0.3967,-0.7498,-0.00696,-0.00696,1.0,1.0,-24.218306,-923.032654,1.182626
8288.0,0.4001,-0.5667,-0.006409,-0.006409,1.0,1.0,-24.211594,-923.030334,1.170253
8290.0,0.4036,-0.7498,-0.006601,-0.006601,1.0,1.0,-24.204853,-923.028015,1.161161
8292.0,0.3978,-1.177,-0.007531,-0.007531,1.0,1.0,-24.198092,-923.025635,1.170192
8294.0,0.3921,-1.177,-0.00774,-0.00774,1.0,1.0,-24.191357,-923.023254,1.176796
8296.0,0.3842,-0.9329,-0.007438,-0.007438,1.0,1.0,-24.184641,-923.020935,1.170462
8298.0,0.3833,-0.4446,-0.006335,-0.006335,1.0,1.0,-24.177912,-923.018616,1.167634
8300.0,0.388,-0.3226,-0.005952,-0.005952,1.0,1.0,-24.171179,-923.016296,1.158671
8302.0,0.3873,-0.8719,-0.00705,-0.00705,1.0,1.0,-24.164425,-923.013977,1.158108
8304.0,0.3865,-0.8719,-0.007059,-0.007059,1.0,1.0,-24.157673,-923.011658,1.164287
8306.0,0.3797,-0.8108,-0.007126,-0.007126,1.0,1.0,-24.150938,-923.009277,1.173576
8308.0,0.3741,-0.4446,-0.006547,-0.006547,1.0,1.0,-24.14423,-923.006897,1.175285
8310.0,0.3775,-0.0784,-0.005712,-0.005712,1.0,1.0,-24.137529,-923.004517,1.169286
8312.0,0.3824,-0.3226,-0.006078,-0.006078,1.0,1.0,-24.130816,-923.002258,1.155709
8314.0,0.3873,-0.3226,-0.005836,-0.005836,1.0,1.0,-24.124071,-922.999939,1.152649
8316.0,0.3846,-0.6888,-0.006642,-0.006642,1.0,1.0,-24.117321,-922.997681,1.139724
8318.0,0.3781,-0.6277,-0.006496,-0.006496,1.0,1.0,-24.11054,-922.995361,1.150097
8320.0,0.3786,-0.2005,-0.00568,-0.00568,1.0,1.0,-24.10379,-922.993042,1.153591
8322.0,0.3862,0.0437,-0.005046,-0.005046,1.0,1.0,-24.097052,-922.990723,1.137859
8324.0,0.3939,0.0437,-0.004729,-0.004729,1.0,1.0,-24.090275,-922.988525,1.124159
8326.0,0.399,-0.6277,-0.005924,-0.005924,1.0,1.0,-24.083467,-922.986267,1.123409
8328.0,0.3943,-1.3601,-0.007582,-0.007582,1.0,1.0,-24.07666,-922.984009,1.129632
8330.0,0.3859,-1.055,-0.007155,-0.007155,1.0,1.0,-24.069872,-922.981689,1.130767
8332.0,0.3841,-0.4446,-0.005889,-0.005889,1.0,1.0,-24.063089,-922.979431,1.132448
8334.0,0.3823,-0.4446,-0.005941,-0.005941,1.0,1.0,-24.056313,-922.977234,1.116585
8336.0,0.3874,-0.5057,-0.005802,-0.005802,1.0,1.0,-24.0495,-922.974976,1.114736
8338.0,0.3887,-0.9939,-0.006806,-0.006806,1.0,1.0,-24.042685,-922.972778,1.113242
8340.0,0.3826,-1.2991,-0.007563,-0.007563,1.0,1.0,-24.035868,-922.97052,1.118906
8342.0,0.3766,-1.2991,-0.007742,-0.007742,1.0,1.0,-24.029068,-922.968262,1.123676
8344.0,0.3701,-1.055,-0.007392,-0.007392,1.0,1.0,-24.022284,-922.966003,1.125933
8346.0,0.3707,-0.5057,-0.006225,-0.006225,1.0,1.0,-24.015507,-922.963745,1.117212
8348.0,0.3747,-0.9329,-0.006973,-0.006973,1.0,1.0,-24.008711,-922.961548,1.113478
8350.0,0.3735,-1.177,-0.007478,-0.007478,1.0,1.0,-24.001909,-922.959351,1.108458
8352.0,0.3724,-1.177,-0.007445,-0.007445,1.0,1.0,-23.995096,-922.957092,1.120542
8354.0,0.3649,-1.2381,-0.007852,-0.007852,1.0,1.0,-23.988317,-922.954834,1.122411
8356.0,0.3602,-0.8108,-0.007043,-0.007043,1.0,1.0,-23.981546,-922.952637,1.115808
8358.0,0.3636,-0.4446,-0.006119,-0.006119,1.0,1.0,-23.97476,-922.950378,1.105855
8360.0,0.3689,-0.7498,-0.006566,-0.006566,1.0,1.0,-23.967953,-922.948181,1.09062
8362.0,0.3742,-0.7498,-0.006299,-0.006299,1.0,1.0,-23.961109,-922.946045,1.090175
8364.0,0.3719,-1.4212,-0.007781,-0.007781,1.0,1.0,-23.954268,-922.943787,1.104638
8366.0,0.3614,-1.4822,-0.008271,-0.008271,1.0,1.0,-23.947464,-922.941528,1.121929
8368.0,0.3534,-0.6888,-0.006906,-0.006906,1.0,1.0,-23.940708,-922.93927,1.128356
8370.0,0.3545,-0.2005,-0.005906,-0.005906,1.0,1.0,-23.933969,-922.936951,1.12603
8372.0,0.3556,-0.2005,-0.005859,-0.005859,1.0,1.0,-23.927229,-922.934753,1.11655
8374.0,0.3596,-0.3226,-0.005941,-0.005941,1.0,1.0,-23.920467,-922.932495,1.125842
8376.0,0.3582,-0.7498,-0.006988,-0.006988,1.0,1.0,-23.913731,-922.930176,1.133119
8378.0,0.3501,-0.7498,-0.007223,-0.007223,1.0,1.0,-23.907015,-922.927856,1.146823
8380.0,0.3456,-0.0784,-0.006014,-0.006014,1.0,1.0,-23.900337,-922.925537,1.152802
8382.0,0.3411,-0.0784,-0.006166,-0.006166,1.0,1.0,-23.893677,-922.923279,1.14668
8384.0,0.3443,0.1047,-0.005644,-0.005644,1.0,1.0,-23.887003,-922.920959,1.139983
8386.0,0.3487,-0.0174,-0.00575,-0.00575,1.0,1.0,-23.880316,-922.918701,1.136489
8388.0,0.3473,-0.4446,-0.006656,-0.006656,1.0,1.0,-23.873623,-922.916382,1.143757
8390.0,0.3415,-0.3226,-0.006584,-0.006584,1.0,1.0,-23.866951,-922.914063,1.152752
8392.0,0.3358,-0.3226,-0.006794,-0.006794,1.0,1.0,-23.860304,-922.911804,1.154515
8394.0,0.3364,0.1657,-0.005751,-0.005751,1.0,1.0,-23.853664,-922.909546,1.140077
8396.0,0.3443,0.1657,-0.005442,-0.005442,1.0,1.0,-23.846991,-922.907227,1.13216
8398.0,0.3502,-0.3836,-0.006424,-0.006424,1.0,1.0,-23.8403,-922.905029,1.119889
8400.0,0.356,-0.3836,-0.006178,-0.006178,1.0,1.0,-23.83358,-922.902771,1.123292
8402.0,0.3522,-0.9329,-0.007469,-0.007469,1.0,1.0,-23.826872,-922.900513,1.127218
8404.0,0.3456,-0.7498,-0.007246,-0.007246,1.0,1.0,-23.820177,-922.898193,1.130127
8406.0,0.3434,-0.1394,-0.006006,-0.006006,1.0,1.0,-23.813492,-922.895996,1.128997
8408.0,0.3487,-0.0784,-0.005762,-0.005762,1.0,1.0,-23.806807,-922.893799,1.110796
8410.0,0.3539,-0.0784,-0.005463,-0.005463,1.0,1.0,-23.800077,-922.891541,1.103124
8412.0,0.3565,-0.8719,-0.007036,-0.007036,1.0,1.0,-23.793333,-922.889282,1.113016
8414.0,0.3513,-1.055,-0.007638,-0.007638,1.0,1.0,-23.786615,-922.887085,1.116147
8416.0,0.3435,-0.5667,-0.006772,-0.006772,1.0,1.0,-23.779909,-922.884766,1.133686
8418.0,0.3403,-0.3226,-0.006498,-0.006498,1.0,1.0,-23.773249,-922.882568,1.123778
8420.0,0.3372,-0.3226,-0.006451,-0.006451,1.0,1.0,-23.766567,-922.880371,1.107017
8422.0,0.3419,-0.0784,-0.005653,-0.005653,1.0,1.0,-23.759846,-922.878113,1.113457
8424.0,0.3466,-0.3836,-0.006289,-0.006289,1.0,1.0,-23.753143,-922.875793,1.132642
8426.0,0.3425,-0.7498,-0.007364,-0.007364,1.0,1.0,-23.74649,-922.873535,1.135653
8428.0,0.3351,-0.5667,-0.007144,-0.007144,1.0,1.0,-23.739849,-922.871277,1.131115
8430.0,0.3278,-0.5667,-0.007236,-0.007236,1.0,1.0,-23.733198,-922.869019,1.123908
8432.0,0.3266,-0.2005,-0.006393,-0.006393,1.0,1.0,-23.726532,-922.866821,1.115476
8434.0,0.3326,0.2268,-0.005268,-0.005268,1.0,1.0,-23.719847,-922.864563,1.110367
8436.0,0.3373,-0.2005,-0.006041,-0.006041,1.0,1.0,-23.713152,-922.862427,1.094321
8438.0,0.3332,-0.6888,-0.006993,-0.006993,1.0,1.0,-23.706419,-922.860168,1.099181
8440.0,0.3293,-0.6888,-0.007123,-0.007123,1.0,1.0,-23.699701,-922.85791,1.107715
8442.0,0.3218,-0.3226,-0.00657,-0.00657,1.0,1.0,-23.693008,-922.855713,1.115044
8444.0,0.3203,0.2268,-0.005499,-0.005499,1.0,1.0,-23.686337,-922.853455,1.115856
8446.0,0.3253,0.2878,-0.00528,-0.00528,1.0,1.0,-23.679668,-922.851257,1.106964
8448.0,0.3294,-0.2005,-0.006155,-0.006155,1.0,1.0,-23.672981,-922.84906,1.104205
8450.0,0.3334,-0.2005,-0.006047,-0.006047,1.0,1.0,-23.66629,-922.846802,1.10516
8452.0,0.3295,-0.6277,-0.007052,-0.007052,1.0,1.0,-23.659603,-922.844604,1.111571
8454.0,0.3231,-0.2615,-0.006458,-0.006458,1.0,1.0,-23.652935,-922.842407,1.111894
8456.0,0.3219,0.0437,-0.005827,-0.005827,1.0,1.0,-23.646271,-922.840149,1.108192
8458.0,0.3278,0.2878,-0.005149,-0.005149,1.0,1.0,-23.639601,-922.837524,1.081817
8460.0,0.3339,0.2878,-0.004745,-0.004745,1.0,1.0,-23.632866,-922.835754,1.078749
8462.0,0.3385,-0.0174,-0.00528,-0.00528,1.0,1.0,-23.626127,-922.833618,1.080834
8464.0,0.3348,-0.3226,-0.006029,-0.006029,1.0,1.0,-23.619396,-922.831482,1.086311
8466.0,0.329,-0.2005,-0.005937,-0.005937,1.0,1.0,-23.61268,-922.829285,1.090342
8468.0,0.3233,-0.2005,-0.006092,-0.006092,1.0,1.0,-23.605978,-922.82666,1.089355
8470.0,0.3249,0.4099,-0.004737,-0.004737,1.0,1.0,-23.599276,-922.82489,1.0749
8472.0,0.334,0.2878,-0.004667,-0.004667,1.0,1.0,-23.592541,-922.822815,1.067053
8474.0,0.3405,-0.5057,-0.006163,-0.006163,1.0,1.0,-23.585789,-922.82074,1.05039
8476.0,0.3363,-0.9329,-0.006981,-0.006981,1.0,1.0,-23.578997,-922.818604,1.055014
8478.0,0.3322,-0.9329,-0.007111,-0.007111,1.0,1.0,-23.57222,-922.816101,1.059316
8480.0,0.3227,-0.8719,-0.007208,-0.007208,1.0,1.0,-23.565456,-922.814331,1.056096
8482.0,0.3194,-0.2615,-0.005924,-0.005924,1.0,1.0,-23.558687,-922.812317,1.045024
8484.0,0.3233,-0.0784,-0.005335,-0.005335,1.0,1.0,-23.551893,-922.810181,1.039548
8486.0,0.3285,-0.3836,-0.005833,-0.005833,1.0,1.0,-23.545088,-922.808167,1.024869
8488.0,0.3336,-0.3836,-0.005574,-0.005574,1.0,1.0,-23.538248,-922.805786,1.024926
8490.0,0.3315,-0.7498,-0.006402,-0.006402,1.0,1.0,-23.531412,-922.804016,1.038287
8492.0,0.3244,-0.7498,-0.006685,-0.006685,1.0,1.0,-23.524612,-922.801941,1.036769
8494.0,0.3204,-0.2615,-0.005695,-0.005695,1.0,1.0,-23.517811,-922.799866,1.042026
8496.0,0.3242,-0.0174,-0.005154,-0.005154,1.0,1.0,-23.511024,-922.797791,1.036308
8498.0,0.328,-0.0174,-0.005018,-0.005018,1.0,1.0,-23.504227,-922.79541,1.023588
8500.0,0.3327,-0.3226,-0.005446,-0.005446,1.0,1.0,-23.4974,-922.793701,1.017047
8502.0,0.3314,-0.6888,-0.006187,-0.006187,1.0,1.0,-23.490561,-922.791687,1.015215
8504.0,0.3256,-0.6888,-0.006279,-0.006279,1.0,1.0,-23.483719,-922.789612,1.019182
8506.0,0.3224,-0.3836,-0.005727,-0.005727,1.0,1.0,-23.476889,-922.787598,1.013823
8508.0,0.3192,-0.3836,-0.00573,-0.00573,1.0,1.0,-23.470049,-922.785278,1.001445
8510.0,0.3233,-0.2615,-0.005255,-0.005255,1.0,1.0,-23.463181,-922.78363,0.988117
8512.0,0.329,-0.6277,-0.005787,-0.005787,1.0,1.0,-23.456282,-922.781738,0.973217
8514.0,0.3273,-1.055,-0.006577,-0.006577,1.0,1.0,-23.449348,-922.779785,0.973442
8516.0,0.3179,-0.9329,-0.006497,-0.006497,1.0,1.0,-23.442417,-922.777771,0.986897
8518.0,0.3085,-0.9329,-0.006824,-0.006824,1.0,1.0,-23.435524,-922.775452,1.009211
8520.0,0.3001,-0.2005,-0.005654,-0.005654,1.0,1.0,-23.428688,-922.773682,1.012415
8522.0,0.2998,0.4099,-0.004382,-0.004382,1.0,1.0,-23.421864,-922.771667,1.008253
8524.0,0.3063,0.3488,-0.004342,-0.004342,1.0,1.0,-23.415031,-922.769653,1.010995
8526.0,0.3101,-0.1394,-0.00535,-0.00535,1.0,1.0,-23.408209,-922.767639,1.007963
8528.0,0.3138,-0.1394,-0.005246,-0.005246,1.0,1.0,-23.401382,-922.765381,1.007942
8530.0,0.3096,-0.3226,-0.00572,-0.00572,1.0,1.0,-23.394558,-922.76355,1.016847
8532.0,0.3021,-0.1394,-0.005567,-0.005567,1.0,1.0,-23.387758,-922.761475,1.018402
8534.0,0.3012,0.593,-0.004026,-0.004026,1.0,1.0,-23.380966,-922.75946,1.016162
8536.0,0.3003,0.593,-0.004019,-0.004019,1.0,1.0,-23.37417,-922.757446,1.005816
8538.0,0.3077,0.5319,-0.003895,-0.003895,1.0,1.0,-23.367352,-922.755249,0.997997
8540.0,0.3131,0.2878,-0.004232,-0.004232,1.0,1.0,-23.360516,-922.75354,0.993965
8542.0,0.3117,-0.2005,-0.005264,-0.005264,1.0,1.0,-23.353672,-922.751465,0.995814
8544.0,0.3089,-0.1394,-0.005208,-0.005208,1.0,1.0,-23.346836,-922.749512,1.001029
8546.0,0.306,-0.1394,-0.00532,-0.00532,1.0,1.0,-23.340015,-922.747498,0.998769
8548.0,0.307,0.1657,-0.004619,-0.004619,1.0,1.0,-23.333193,-922.7453,0.99277
8550.0,0.3154,0.2878,-0.004132,-0.004132,1.0,1.0,-23.326357,-922.743591,0.978401
8552.0,0.3223,-0.5057,-0.005548,-0.005548,1.0,1.0,-23.319489,-922.741638,0.972659
8554.0,0.3197,-1.177,-0.006978,-0.006978,1.0,1.0,-23.312609,-922.739746,0.965664
8556.0,0.3172,-1.177,-0.006951,-0.006951,1.0,1.0,-23.305714,-922.737793,0.961918
8558.0,0.3089,-1.3601,-0.007463,-0.007463,1.0,1.0,-23.298811,-922.735657,0.970406
8560.0,0.3031,-0.9329,-0.006748,-0.006748,1.0,1.0,-23.291933,-922.733887,0.960188
8562.0,0.3062,-0.6277,-0.005922,-0.005922,1.0,1.0,-23.285032,-922.731995,0.949418
8564.0,0.3117,-0.9329,-0.006354,-0.006354,1.0,1.0,-23.278107,-922.730164,0.937154
8566.0,0.3173,-0.9329,-0.006114,-0.006114,1.0,1.0,-23.271154,-922.728271,0.932428
8568.0,0.3165,-1.4822,-0.007258,-0.007258,1.0,1.0,-23.264193,-922.726257,0.937338
8570.0,0.3072,-1.6043,-0.007753,-0.007753,1.0,1.0,-23.257246,-922.724487,0.945581
8572.0,0.2981,-0.8719,-0.006442,-0.006442,1.0,1.0,-23.250322,-922.722534,0.972647
8574.0,0.2964,-0.3226,-0.005588,-0.005588,1.0,1.0,-23.243469,-922.720581,0.971769
8576.0,0.2948,-0.3226,-0.005611,-0.005611,1.0,1.0,-23.236616,-922.718628,0.966525
8578.0,0.2998,-0.2005,-0.005195,-0.005195,1.0,1.0,-23.229753,-922.716614,0.952189
8580.0,0.3041,-0.7498,-0.006138,-0.006138,1.0,1.0,-23.222857,-922.714844,0.955074
8582.0,0.3008,-1.2991,-0.007414,-0.007414,1.0,1.0,-23.215971,-922.712891,0.956037
8584.0,0.2916,-1.2381,-0.00747,-0.00747,1.0,1.0,-23.209089,-922.710938,0.966868
8586.0,0.2824,-1.2381,-0.007764,-0.007764,1.0,1.0,-23.202238,-922.708984,0.968855
8588.0,0.278,-0.5667,-0.006425,-0.006425,1.0,1.0,-23.195395,-922.70697,0.966056
8590.0,0.281,-0.2615,-0.005682,-0.005682,1.0,1.0,-23.188547,-922.7052,0.955311
8592.0,0.2869,-0.2615,-0.005451,-0.005451,1.0,1.0,-23.181675,-922.703308,0.944953
8594.0,0.2929,-0.2615,-0.005224,-0.005224,1.0,1.0,-23.17478,-922.701416,0.943525
8596.0,0.2933,-1.055,-0.006907,-0.006907,1.0,1.0,-23.167885,-922.699524,0.94943
8598.0,0.2863,-1.3601,-0.007761,-0.007761,1.0,1.0,-23.161007,-922.69751,0.955654
8600.0,0.2782,-0.8719,-0.006935,-0.006935,1.0,1.0,-23.154146,-922.695618,0.967884
8602.0,0.2763,-0.5057,-0.006317,-0.006317,1.0,1.0,-23.14732,-922.693665,0.976776
8604.0,0.2743,-0.5057,-0.006451,-0.006451,1.0,1.0,-23.140518,-922.691711,0.972038
8606.0,0.2785,-0.1394,-0.005532,-0.005532,1.0,1.0,-23.133707,-922.689758,0.963117
8608.0,0.2823,-0.6277,-0.006412,-0.006412,1.0,1.0,-23.126877,-922.687744,0.967259
8610.0,0.2786,-1.2381,-0.007841,-0.007841,1.0,1.0,-23.12006,-922.685913,0.975168
8612.0,0.2706,-0.8719,-0.007292,-0.007292,1.0,1.0,-23.113266,-922.683899,0.984073
8614.0,0.2627,-0.8719,-0.007541,-0.007541,1.0,1.0,-23.106497,-922.681885,0.992088
8616.0,0.258,-0.2615,-0.006405,-0.006405,1.0,1.0,-23.099751,-922.679932,0.989096
8618.0,0.2606,0.2268,-0.005274,-0.005274,1.0,1.0,-23.092999,-922.677917,0.98506
8620.0,0.2665,-0.0784,-0.005772,-0.005772,1.0,1.0,-23.086239,-922.676025,0.968961
8622.0,0.268,-0.7498,-0.007012,-0.007012,1.0,1.0,-23.079443,-922.674072,0.966418
8624.0,0.2695,-0.7498,-0.006956,-0.006956,1.0,1.0,-23.072643,-922.672119,0.972278
8626.0,0.2634,-0.8108,-0.007269,-0.007269,1.0,1.0,-23.065861,-922.670166,0.988692
8628.0,0.2557,-0.5057,-0.006939,-0.006939,1.0,1.0,-23.059122,-922.668091,0.99645
8630.0,0.2566,-0.0174,-0.005956,-0.005956,1.0,1.0,-23.052406,-922.666138,0.995246
8632.0,0.2644,0.1657,-0.005399,-0.005399,1.0,1.0,-23.045689,-922.664185,0.978188
8634.0,0.2722,0.1657,-0.005063,-0.005063,1.0,1.0,-23.038931,-922.662231,0.971348
8636.0,0.28,-0.5667,-0.006414,-0.006414,1.0,1.0,-23.03216,-922.660339,0.964019
8638.0,0.2795,-0.9939,-0.007264,-0.007264,1.0,1.0,-23.025372,-922.658447,0.960831
8640.0,0.2706,-1.6043,-0.008712,-0.008712,1.0,1.0,-23.018579,-922.656433,0.96592
8642.0,0.2626,-1.055,-0.007739,-0.007739,1.0,1.0,-23.011803,-922.65448,0.971103
8644.0,0.2547,-1.055,-0.007947,-0.007947,1.0,1.0,-23.005041,-922.652588,0.968295
8646.0,0.2547,-0.5667,-0.006867,-0.006867,1.0,1.0,-22.998276,-922.650635,0.964802
8648.0,0.2597,-0.4446,-0.00647,-0.00647,1.0,1.0,-22.991505,-922.648743,0.952918
8650.0,0.2635,-0.8719,-0.007188,-0.007188,1.0,1.0,-22.984705,-922.646851,0.946323
8652.0,0.2596,-1.2381,-0.007977,-0.007977,1.0,1.0,-22.977892,-922.644958,0.947951
8654.0,0.2558,-1.2381,-0.008068,-0.008068,1.0,1.0,-22.971087,-922.642944,0.963716
8656.0,0.2464,-1.2991,-0.008552,-0.008552,1.0,1.0,-22.964323,-922.640991,0.974964
8658.0,0.2397,-0.8719,-0.007884,-0.007884,1.0,1.0,-22.95759,-922.639038,0.979873
8660.0,0.2408,-0.1394,-0.00634,-0.00634,1.0,1.0,-22.950872,-922.637085,0.977792
8662.0,0.242,-0.1394,-0.006295,-0.006295,1.0,1.0,-22.944153,-922.635132,0.974645
8664.0,0.2472,-0.3836,-0.006687,-0.006687,1.0,1.0,-22.937428,-922.633179,0.975996
8666.0,0.249,-0.9329,-0.007848,-0.007848,1.0,1.0,-22.930708,-922.631226,0.987084
8668.0,0.2437,-1.177,-0.008595,-0.008595,1.0,1.0,-22.924019,-922.629272,0.979918
8670.0,0.2358,-0.8108,-0.007881,-0.007881,1.0,1.0,-22.917315,-922.627319,0.974327
8672.0,0.228,-0.8108,-0.007971,-0.007971,1.0,1.0,-22.910599,-922.625305,0.979746
8674.0,0.2254,-0.3226,-0.007029,-0.007029,1.0,1.0,-22.9039,-922.623413,0.960369
8676.0,0.2306,0.0437,-0.005932,-0.005932,1.0,1.0,-22.897156,-922.621521,0.952616
8678.0,0.2371,-0.6888,-0.007297,-0.007297,1.0,1.0,-22.890394,-922.619629,0.938789
8680.0,0.2381,-1.177,-0.008176,-0.008176,1.0,1.0,-22.8836,-922.617737,0.938765
8682.0,0.2392,-1.177,-0.008156,-0.008156,1.0,1.0,-22.876808,-922.615845,0.949694
8684.0,0.2306,-1.6043,-0.009359,-0.009359,1.0,1.0,-22.870047,-922.613892,0.960933
8686.0,0.2196,-0.9939,-0.008379,-0.008379,1.0,1.0,-22.863316,-922.611938,0.97571
8688.0,0.2146,-0.2615,-0.007061,-0.007061,1.0,1.0,-22.856625,-922.609985,0.978146
8690.0,0.2184,0.0437,-0.006359,-0.006359,1.0,1.0,-22.849943,-922.608032,0.982256
8692.0,0.2222,0.0437,-0.00633,-0.00633,1.0,1.0,-22.843275,-922.606079,0.972114
8694.0,0.2294,-0.0784,-0.006344,-0.006344,1.0,1.0,-22.836584,-922.604126,0.967683
8696.0,0.2307,-0.7498,-0.007715,-0.007715,1.0,1.0,-22.829884,-922.602173,0.967654
8698.0,0.2235,-0.8719,-0.008114,-0.008114,1.0,1.0,-22.823187,-922.60022,0.981632
8700.0,0.2141,-0.3836,-0.007397,-0.007397,1.0,1.0,-22.816528,-922.598206,0.985194
8702.0,0.2047,-0.3836,-0.007617,-0.007617,1.0,1.0,-22.809881,-922.596191,0.99889
8704.0,0.2017,0.2878,-0.006379,-0.006379,1.0,1.0,-22.80327,-922.594238,0.989618
8706.0,0.2062,0.5319,-0.005668,-0.005668,1.0,1.0,-22.796638,-922.592285,0.981795
8708.0,0.2141,0.2268,-0.006088,-0.006088,1.0,1.0,-22.789989,-922.590332,0.97205
8710.0,0.2159,-0.4446,-0.00739,-0.00739,1.0,1.0,-22.783319,-922.588379,0.967385
8712.0,0.2178,-0.4446,-0.007303,-0.007303,1.0,1.0,-22.77664,-922.586426,0.966797
8714.0,0.2136,-0.4446,-0.007378,-0.007378,1.0,1.0,-22.769962,-922.584473,0.982117
8716.0,0.2098,-0.1394,-0.006961,-0.006961,1.0,1.0,-22.763325,-922.58252,0.978118
8718.0,0.211,0.1047,-0.00637,-0.00637,1.0,1.0,-22.75668,-922.580627,0.963234
8720.0,0.2182,0.0437,-0.0062,-0.0062,1.0,1.0,-22.75,-922.578735,0.948081
8722.0,0.2254,0.0437,-0.005896,-0.005896,1.0,1.0,-22.743286,-922.576904,0.932015
8724.0,0.2326,-0.5667,-0.006897,-0.006897,1.0,1.0,-22.736534,-922.575073,0.91356
8726.0,0.2327,-1.3601,-0.0084,-0.0084,1.0,1.0,-22.729738,-922.573242,0.910724
8728.0,0.226,-1.5433,-0.00889,-0.00889,1.0,1.0,-22.722939,-922.571411,0.910418
8730.0,0.2194,-1.5433,-0.009015,-0.009015,1.0,1.0,-22.716141,-922.56958,0.92342
8732.0,0.2108,-1.2381,-0.008664,-0.008664,1.0,1.0,-22.709377,-922.567688,0.925668
8734.0,0.2093,-0.7498,-0.007669,-0.007669,1.0,1.0,-22.702623,-922.565918,0.910324
8736.0,0.2133,-0.8108,-0.007555,-0.007555,1.0,1.0,-22.695833,-922.564148,0.890584
8738.0,0.2189,-1.2991,-0.008284,-0.008284,1.0,1.0,-22.688995,-922.562378,0.875146
8740.0,0.2244,-1.2991,-0.00801,-0.00801,1.0,1.0,-22.682121,-922.560608,0.867441
8742.0,0.2228,-1.9095,-0.009269,-0.009269,1.0,1.0,-22.675232,-922.558838,0.877011
8744.0,0.2124,-2.0926,-0.009966,-0.009966,1.0,1.0,-22.668369,-922.557068,0.890405
8746.0,0.1994,-1.5433,-0.00918,-0.00918,1.0,1.0,-22.661543,-922.555237,0.903007
8748.0,0.1917,-0.8108,-0.007891,-0.007891,1.0,1.0,-22.654751,-922.553406,0.909385
8750.0,0.184,-0.8108,-0.008108,-0.008108,1.0,1.0,-22.647978,-922.551514,0.911732
8752.0,0.1864,-0.3836,-0.00717,-0.00717,1.0,1.0,-22.641212,-922.549744,0.900224
8754.0,0.1943,-0.4446,-0.007022,-0.007022,1.0,1.0,-22.63442,-922.548035,0.88119
8756.0,0.1974,-1.177,-0.008331,-0.008331,1.0,1.0,-22.627584,-922.546265,0.878325
8758.0,0.1925,-1.5433,-0.009182,-0.009182,1.0,1.0,-22.620743,-922.544495,0.880141
8760.0,0.1876,-1.5433,-0.009296,-0.009296,1.0,1.0,-22.613909,-922.542664,0.887503
8762.0,0.1774,-1.3601,-0.009177,-0.009177,1.0,1.0,-22.607096,-922.540894,0.900346
8764.0,0.1678,-0.8719,-0.008452,-0.008452,1.0,1.0,-22.600319,-922.539063,0.897955
8766.0,0.168,-0.3226,-0.00724,-0.00724,1.0,1.0,-22.593538,-922.537231,0.896269
8768.0,0.1737,-0.2615,-0.006981,-0.006981,1.0,1.0,-22.586756,-922.535522,0.8813
8770.0,0.1794,-0.2615,-0.006709,-0.006709,1.0,1.0,-22.579939,-922.533813,0.868828
8772.0,0.1853,-0.9329,-0.007903,-0.007903,1.0,1.0,-22.573093,-922.532104,0.860201
8774.0,0.1836,-1.2991,-0.008631,-0.008631,1.0,1.0,-22.566229,-922.530334,0.863539
8776.0,0.1745,-1.4822,-0.009236,-0.009236,1.0,1.0,-22.559376,-922.528564,0.87366
8778.0,0.1642,-1.177,-0.008886,-0.008886,1.0,1.0,-22.552551,-922.526733,0.887972
8780.0,0.154,-1.177,-0.009238,-0.009238,1.0,1.0,-22.545765,-922.524963,0.895473
8782.0,0.1501,-0.3226,-0.007558,-0.007558,1.0,1.0,-22.539,-922.523193,0.897248
8784.0,0.1537,0.0437,-0.00672,-0.00672,1.0,1.0,-22.532242,-922.521362,0.889535
8786.0,0.1594,-0.2005,-0.007051,-0.007051,1.0,1.0,-22.525467,-922.519653,0.878443
8788.0,0.1599,-0.6888,-0.007972,-0.007972,1.0,1.0,-22.518667,-922.517883,0.87006
8790.0,0.1603,-0.6888,-0.007872,-0.007872,1.0,1.0,-22.511848,-922.516113,0.881948
8792.0,0.1539,-0.8719,-0.008517,-0.008517,1.0,1.0,-22.505062,-922.514343,0.893779
8794.0,0.1451,-0.5057,-0.008029,-0.008029,1.0,1.0,-22.498308,-922.512512,0.905043
8796.0,0.1409,-0.2005,-0.007575,-0.007575,1.0,1.0,-22.491587,-922.510742,0.902125
8798.0,0.1368,-0.2005,-0.007622,-0.007622,1.0,1.0,-22.484859,-922.508911,0.893045
8800.0,0.141,0.2268,-0.006525,-0.006525,1.0,1.0,-22.478113,-922.50708,0.894155
8802.0,0.1471,-0.1394,-0.007207,-0.007207,1.0,1.0,-22.471373,-922.505371,0.883292
8804.0,0.1512,-0.2615,-0.007273,-0.007273,1.0,1.0,-22.464607,-922.503601,0.88019
8806.0,0.1456,-0.6888,-0.008265,-0.008265,1.0,1.0,-22.457836,-922.501831,0.878999
8808.0,0.14,-0.6888,-0.008359,-0.008359,1.0,1.0,-22.451065,-922.500061,0.884553
8810.0,0.1319,-0.5057,-0.008182,-0.008182,1.0,1.0,-22.444311,-922.498169,0.917495
8812.0,0.1283,0.0437,-0.007428,-0.007428,1.0,1.0,-22.437641,-922.496338,0.911981
8814.0,0.1333,0.2268,-0.006879,-0.006879,1.0,1.0,-22.430962,-922.494568,0.891564
8816.0,0.1429,-0.0784,-0.007128,-0.007128,1.0,1.0,-22.424232,-922.492798,0.878754
8818.0,0.1526,-0.0784,-0.006803,-0.006803,1.0,1.0,-22.417475,-922.49115,0.851019
8820.0,0.1595,-0.5667,-0.007418,-0.007418,1.0,1.0,-22.41065,-922.489502,0.843102
8822.0,0.1575,-1.2991,-0.008945,-0.008945,1.0,1.0,-22.403809,-922.487793,0.846922
8824.0,0.1479,-1.5433,-0.009695,-0.009695,1.0,1.0,-22.396978,-922.486084,0.852733
8826.0,0.1385,-1.177,-0.009153,-0.009153,1.0,1.0,-22.390165,-922.484314,0.860732
8828.0,0.129,-1.177,-0.009421,-0.009421,1.0,1.0,-22.383375,-922.482544,0.865626
8830.0,0.1271,-0.5667,-0.008198,-0.008198,1.0,1.0,-22.3766,-922.480835,0.859451
8832.0,0.133,-0.3226,-0.007494,-0.007494,1.0,1.0,-22.369812,-922.479187,0.848314
8834.0,0.1401,-0.6888,-0.008024,-0.008024,1.0,1.0,-22.362999,-922.477539,0.835443
8836.0,0.1412,-1.2991,-0.009175,-0.009175,1.0,1.0,-22.356155,-922.475891,0.824759
8838.0,0.1423,-1.2991,-0.009037,-0.009037,1.0,1.0,-22.349289,-922.474182,0.835125
8840.0,0.135,-1.5433,-0.009814,-0.009814,1.0,1.0,-22.342451,-922.472473,0.845294
8842.0,0.1238,-1.2381,-0.009485,-0.009485,1.0,1.0,-22.335642,-922.470703,0.854072
8844.0,0.1163,-0.6888,-0.008542,-0.008542,1.0,1.0,-22.328857,-922.468994,0.863626
8846.0,0.1162,-0.3226,-0.007861,-0.007861,1.0,1.0,-22.3221,-922.467285,0.865034
8848.0,0.1161,-0.3226,-0.007878,-0.007878,1.0,1.0,-22.315348,-922.465576,0.852644
8850.0,0.1228,-0.2615,-0.007484,-0.007484,1.0,1.0,-22.308567,-922.463867,0.842556
8852.0,0.1298,-0.6888,-0.00816,-0.00816,1.0,1.0,-22.301764,-922.462219,0.83019
8854.0,0.1293,-1.116,-0.008953,-0.008953,1.0,1.0,-22.294931,-922.460571,0.826631
8856.0,0.1288,-1.116,-0.008924,-0.008924,1.0,1.0,-22.288094,-922.458862,0.836716
8858.0,0.1209,-1.2991,-0.009578,-0.009578,1.0,1.0,-22.281284,-922.457153,0.849191
8860.0,0.1122,-0.9939,-0.009224,-0.009224,1.0,1.0,-22.274509,-922.455444,0.858549
8862.0,0.1082,-0.7498,-0.008878,-0.008878,1.0,1.0,-22.267759,-922.453735,0.855165
8864.0,0.1127,-0.3836,-0.007968,-0.007968,1.0,1.0,-22.261003,-922.452026,0.84251
8866.0,0.1171,-0.3836,-0.007745,-0.007745,1.0,1.0,-22.254219,-922.450439,0.825203
8868.0,0.1246,-0.9329,-0.008594,-0.008594,1.0,1.0,-22.247395,-922.448792,0.810328
8870.0,0.1277,-1.2991,-0.00916,-0.00916,1.0,1.0,-22.240536,-922.447205,0.808047
8872.0,0.1217,-1.8484,-0.010432,-0.010432,1.0,1.0,-22.233673,-922.445557,0.817151
8874.0,0.109,-1.8484,-0.010774,-0.010774,1.0,1.0,-22.226835,-922.443848,0.831255
8876.0,0.0964,-1.8484,-0.01117,-0.01117,1.0,1.0,-22.220036,-922.442139,0.847685
8878.0,0.0849,-1.177,-0.010127,-0.010127,1.0,1.0,-22.213282,-922.440369,0.866764
8880.0,0.0819,-0.0784,-0.008029,-0.008029,1.0,1.0,-22.206577,-922.43866,0.860789
8882.0,0.0866,0.0437,-0.007612,-0.007612,1.0,1.0,-22.199862,-922.436951,0.858487
8884.0,0.0937,-0.2615,-0.008106,-0.008106,1.0,1.0,-22.193142,-922.435242,0.853818
8886.0,0.1008,-0.2615,-0.007919,-0.007919,1.0,1.0,-22.186413,-922.433594,0.843461
8888.0,0.1025,-0.8719,-0.009087,-0.009087,1.0,1.0,-22.179661,-922.431885,0.845048
8890.0,0.0961,-1.116,-0.009751,-0.009751,1.0,1.0,-22.172916,-922.430115,0.857492
8892.0,0.0846,-0.7498,-0.00932,-0.00932,1.0,1.0,-22.166204,-922.428345,0.874799
8894.0,0.077,-0.0174,-0.008078,-0.008078,1.0,1.0,-22.15954,-922.426575,0.889544
8896.0,0.0695,-0.0174,-0.008384,-0.008384,1.0,1.0,-22.152914,-922.424805,0.892853
8898.0,0.0709,0.4709,-0.007342,-0.007342,1.0,1.0,-22.146299,-922.422974,0.891576
8900.0,0.0799,0.593,-0.006894,-0.006894,1.0,1.0,-22.139685,-922.421265,0.880721
8902.0,0.0888,0.1047,-0.007655,-0.007655,1.0,1.0,-22.133045,-922.419495,0.868829
8904.0,0.0906,-0.5667,-0.008934,-0.008934,1.0,1.0,-22.126379,-922.417725,0.866739
8906.0,0.0924,-0.5667,-0.008876,-0.008876,1.0,1.0,-22.119709,-922.416016,0.868629
8908.0,0.0865,-0.8108,-0.009535,-0.009535,1.0,1.0,-22.113047,-922.414246,0.879309
8910.0,0.0779,-0.4446,-0.00903,-0.00903,1.0,1.0,-22.106415,-922.412476,0.884756
8912.0,0.0743,-0.2615,-0.008764,-0.008764,1.0,1.0,-22.099798,-922.410706,0.884891
8914.0,0.0794,0.2268,-0.007617,-0.007617,1.0,1.0,-22.093185,-922.408936,0.87406
8916.0,0.0845,0.2268,-0.007402,-0.007402,1.0,1.0,-22.086548,-922.407227,0.854055
8918.0,0.0944,0.1047,-0.007257,-0.007257,1.0,1.0,-22.079863,-922.405579,0.836335
8920.0,0.1012,-0.7498,-0.008771,-0.008771,1.0,1.0,-22.073135,-922.403931,0.822721
8922.0,0.0991,-1.6043,-0.0105,-0.0105,1.0,1.0,-22.066376,-922.402283,0.825562
8924.0,0.0971,-1.6043,-0.010571,-0.010571,1.0,1.0,-22.059628,-922.400635,0.836013
8926.0,0.0873,-1.5433,-0.01074,-0.01074,1.0,1.0,-22.052908,-922.398926,0.846824
8928.0,0.0774,-0.9939,-0.009867,-0.009867,1.0,1.0,-22.046217,-922.397156,0.857704
8930.0,0.0734,-0.3226,-0.008619,-0.008619,1.0,1.0,-22.039557,-922.395447,0.862185
8932.0,0.0777,-0.2615,-0.008454,-0.008454,1.0,1.0,-22.032909,-922.393738,0.849407
8934.0,0.0819,-0.2615,-0.008233,-0.008233,1.0,1.0,-22.026234,-922.39209,0.844045
8936.0,0.0895,-0.5057,-0.008554,-0.008554,1.0,1.0,-22.019547,-922.390442,0.824673
8938.0,0.0922,-1.2381,-0.009868,-0.009868,1.0,1.0,-22.012814,-922.388794,0.823918
8940.0,0.0862,-1.5433,-0.010629,-0.010629,1.0,1.0,-22.006083,-922.387085,0.832847
8942.0,0.0741,-1.4212,-0.010697,-0.010697,1.0,1.0,-21.999376,-922.385376,0.846494
8944.0,0.062,-1.4212,-0.011078,-0.011078,1.0,1.0,-21.992706,-922.383667,0.859896
8946.0,0.0508,-0.8108,-0.010125,-0.010125,1.0,1.0,-21.986073,-922.381958,0.864161
8948.0,0.048,-0.2005,-0.008914,-0.008914,1.0,1.0,-21.979452,-922.380249,0.854223
8950.0,0.0547,0.2878,-0.007626,-0.007626,1.0,1.0,-21.972811,-922.37854,0.855598
8952.0,0.0628,-0.2005,-0.008536,-0.008536,1.0,1.0,-21.966175,-922.37677,0.857496
8954.0,0.0709,-0.2005,-0.008402,-0.008402,1.0,1.0,-21.959547,-922.375061,0.851872
8956.0,0.0748,-0.8108,-0.009577,-0.009577,1.0,1.0,-21.952908,-922.373413,0.838405
8958.0,0.0695,-1.177,-0.01032,-0.01032,1.0,1.0,-21.946236,-922.371704,0.839062
8960.0,0.0586,-0.8108,-0.00975,-0.00975,1.0,1.0,-21.939569,-922.369995,0.849771
8962.0,0.0502,-0.3226,-0.008977,-0.008977,1.0,1.0,-21.932932,-922.368286,0.860165
8964.0,0.0419,-0.3226,-0.00925,-0.00925,1.0,1.0,-21.926323,-922.366577,0.86396
8966.0,0.0439,0.1657,-0.008204,-0.008204,1.0,1.0,-21.919727,-922.364807,0.862536
8968.0,0.0525,0.1047,-0.008155,-0.008155,1.0,1.0,-21.91313,-922.363159,0.840074
8970.0,0.0625,-0.2615,-0.008504,-0.008504,1.0,1.0,-21.906479,-922.361572,0.816968
8972.0,0.0646,-1.055,-0.009918,-0.009918,1.0,1.0,-21.899773,-922.359924,0.81265
8974.0,0.0668,-1.055,-0.00983,-0.00983,1.0,1.0,-21.893059,-922.358276,0.815776
8976.0,0.0594,-1.4212,-0.010794,-0.010794,1.0,1.0,-21.886354,-922.356628,0.823179
8978.0,0.0464,-1.2381,-0.01073,-0.01073,1.0,1.0,-21.879671,-922.354919,0.838364
8980.0,0.0371,-0.5057,-0.009498,-0.009498,1.0,1.0,-21.87303,-922.35321,0.850317
8982.0,0.0357,0.1047,-0.008342,-0.008342,1.0,1.0,-21.866421,-922.351501,0.850867
8984.0,0.0344,0.1047,-0.008375,-0.008375,1.0,1.0,-21.859816,-922.349792,0.843024
8986.0,0.0415,0.2268,-0.00789,-0.00789,1.0,1.0,-21.853193,-922.348145,0.833658
8988.0,0.0497,-0.0784,-0.008287,-0.008287,1.0,1.0,-21.84655,-922.346497,0.820485
8990.0,0.051,-0.5667,-0.009168,-0.009168,1.0,1.0,-21.839876,-922.344849,0.817689
8992.0,0.0523,-0.5667,-0.009113,-0.009113,1.0,1.0,-21.833199,-922.343201,0.824741
8994.0,0.0453,-0.8108,-0.009849,-0.009849,1.0,1.0,-21.82654,-922.341492,0.83798
8996.0,0.0351,-0.4446,-0.009401,-0.009401,1.0,1.0,-21.819918,-922.339783,0.852508
8998.0,0.0292,0.0437,-0.008623,-0.008623,1.0,1.0,-21.813335,-922.338074,0.854516
9000.0,0.0325,0.5319,-0.007532,-0.007532,1.0,1.0,-21.806761,-922.336365,0.853202
9002.0,0.0358,0.5319,-0.007454,-0.007454,1.0,1.0,-21.800184,-922.334656,0.839167
9004.0,0.0453,0.5319,-0.007118,-0.007118,1.0,1.0,-21.793575,-922.333008,0.822435
9006.0,0.055,-0.0784,-0.008064,-0.008064,1.0,1.0,-21.786928,-922.331421,0.811171
9008.0,0.0554,-0.9939,-0.009902,-0.009902,1.0,1.0,-21.780254,-922.329834,0.802352
9010.0,0.0477,-1.177,-0.010348,-0.010348,1.0,1.0,-21.773561,-922.328186,0.813334
9012.0,0.04,-1.177,-0.010615,-0.010615,1.0,1.0,-21.766899,-922.326538,0.824545
9014.0,0.0301,-0.9329,-0.010402,-0.010402,1.0,1.0,-21.760267,-922.324829,0.826683
9016.0,0.0257,-0.1394,-0.008803,-0.008803,1.0,1.0,-21.753643,-922.323242,0.821149
9018.0,0.0294,0.0437,-0.008278,-0.008278,1.0,1.0,-21.747007,-922.321594,0.80867
9020.0,0.0397,-0.0784,-0.008208,-0.008208,1.0,1.0,-21.740343,-922.320068,0.794541
9022.0,0.0499,-0.0784,-0.007857,-0.007857,1.0,1.0,-21.733646,-922.318542,0.765669
9024.0,0.0577,-0.7498,-0.008837,-0.008837,1.0,1.0,-21.726879,-922.317017,0.762661
9026.0,0.0566,-1.3601,-0.010138,-0.010138,1.0,1.0,-21.720108,-922.315552,0.746725
9028.0,0.0482,-1.6653,-0.010781,-0.010781,1.0,1.0,-21.713299,-922.314026,0.755601
9030.0,0.0361,-1.3601,-0.010455,-0.010455,1.0,1.0,-21.706514,-922.312439,0.768627
9032.0,0.0239,-1.3601,-0.01083,-0.01083,1.0,1.0,-21.699766,-922.310913,0.780784
9034.0,0.0169,-0.6888,-0.009653,-0.009653,1.0,1.0,-21.69305,-922.309326,0.784596
9036.0,0.018,-0.1394,-0.008493,-0.008493,1.0,1.0,-21.686348,-922.307739,0.778091
9038.0,0.0255,-0.3836,-0.008804,-0.008804,1.0,1.0,-21.679632,-922.306213,0.774708
9040.0,0.0317,-0.8719,-0.009697,-0.009697,1.0,1.0,-21.672911,-922.304688,0.762191
9042.0,0.0379,-0.8719,-0.009441,-0.009441,1.0,1.0,-21.666161,-922.303162,0.755229
9044.0,0.0367,-1.5433,-0.010833,-0.010833,1.0,1.0,-21.659395,-922.301636,0.755445
9046.0,0.0272,-1.6653,-0.01128,-0.01128,1.0,1.0,-21.652634,-922.30011,0.765603
9048.0,0.0148,-1.177,-0.010578,-0.010578,1.0,1.0,-21.645899,-922.298584,0.772234
9050.0,0.0025,-1.177,-0.010887,-0.010887,1.0,1.0,-21.639183,-922.296997,0.785318
9052.0,-0.0049,-0.4446,-0.009596,-0.009596,1.0,1.0,-21.632504,-922.29541,0.781269
9054.0,-0.0037,0.2878,-0.007955,-0.007955,1.0,1.0,-21.625816,-922.293884,0.77112
9056.0,0.0051,0.1657,-0.007938,-0.007938,1.0,1.0,-21.619106,-922.292358,0.760983
9058.0,0.0134,-0.3226,-0.008718,-0.008718,1.0,1.0,-21.612373,-922.290894,0.747442
9060.0,0.0217,-0.3226,-0.008412,-0.008412,1.0,1.0,-21.60561,-922.289429,0.730522
9062.0,0.0236,-0.9939,-0.009635,-0.009635,1.0,1.0,-21.598806,-922.287964,0.73646
9064.0,0.0164,-1.2991,-0.010493,-0.010493,1.0,1.0,-21.59202,-922.286438,0.739353
9066.0,0.0059,-1.177,-0.010464,-0.010464,1.0,1.0,-21.585243,-922.284912,0.752425
9068.0,-0.0012,-0.3836,-0.009037,-0.009037,1.0,1.0,-21.578503,-922.283386,0.760799
9070.0,-0.0083,-0.3836,-0.009264,-0.009264,1.0,1.0,-21.571787,-922.28186,0.760297
9072.0,-0.0067,0.0437,-0.008309,-0.008309,1.0,1.0,-21.565071,-922.280396,0.751119
9074.0,0.0023,-0.2005,-0.008562,-0.008562,1.0,1.0,-21.558336,-922.278931,0.730375
9076.0,0.011,-0.6888,-0.009217,-0.009217,1.0,1.0,-21.551552,-922.277466,0.719079
9078.0,0.0126,-1.2991,-0.010377,-0.010377,1.0,1.0,-21.544741,-922.276062,0.713508
9080.0,0.0141,-1.2991,-0.010287,-0.010287,1.0,1.0,-21.537918,-922.274658,0.711088
9082.0,0.0059,-1.7874,-0.011469,-0.011469,1.0,1.0,-21.531094,-922.273193,0.728322
9084.0,-0.0089,-1.4822,-0.011285,-0.011285,1.0,1.0,-21.524315,-922.271606,0.750278
9086.0,-0.021,-0.6277,-0.009918,-0.009918,1.0,1.0,-21.517593,-922.270081,0.763729
9088.0,-0.0239,0.1047,-0.008545,-0.008545,1.0,1.0,-21.510908,-922.268555,0.768948
9090.0,-0.0267,0.1047,-0.008656,-0.008656,1.0,1.0,-21.504238,-922.266968,0.764398
9092.0,-0.0202,0.4709,-0.007694,-0.007694,1.0,1.0,-21.497561,-922.265503,0.754024
9094.0,-0.0115,0.2268,-0.007939,-0.007939,1.0,1.0,-21.49086,-922.264038,0.753216
9096.0,-0.0076,-0.2615,-0.008906,-0.008906,1.0,1.0,-21.484159,-922.262512,0.744062
9098.0,-0.0134,-0.6888,-0.009836,-0.009836,1.0,1.0,-21.477438,-922.261047,0.746062
9100.0,-0.0192,-0.6888,-0.009968,-0.009968,1.0,1.0,-21.470724,-922.25946,0.763304
9102.0,-0.0316,-0.7498,-0.010526,-0.010526,1.0,1.0,-21.464056,-922.257935,0.781979
9104.0,-0.039,0.593,-0.007983,-0.007983,1.0,1.0,-21.457438,-922.256226,0.803763
9106.0,-0.0374,1.2644,-0.006745,-0.006745,1.0,1.0,-21.450878,-922.254639,0.80251
9108.0,-0.0265,1.2644,-0.006523,-0.006523,1.0,1.0,-21.444317,-922.253052,0.794715
9110.0,-0.0157,1.2644,-0.006231,-0.006231,1.0,1.0,-21.437738,-922.251526,0.782113
9112.0,-0.003,0.8371,-0.006768,-0.006768,1.0,1.0,-21.431131,-922.25,0.771139
9114.0,0.0033,-0.0174,-0.008367,-0.008367,1.0,1.0,-21.4245,-922.248474,0.765891
9116.0,0.0001,-0.6277,-0.009683,-0.009683,1.0,1.0,-21.417858,-922.246887,0.76521
9118.0,-0.0031,-0.6277,-0.009737,-0.009737,1.0,1.0,-21.411217,-922.245361,0.777787
9120.0,-0.0113,-0.4446,-0.009637,-0.009637,1.0,1.0,-21.40461,-922.243774,0.773576
9122.0,-0.0153,-0.0174,-0.00875,-0.00875,1.0,1.0,-21.397995,-922.242249,0.774963
9124.0,-0.0116,0.1657,-0.008301,-0.008301,1.0,1.0,-21.391386,-922.240723,0.759762
9126.0,-0.0017,-0.0784,-0.00847,-0.00847,1.0,1.0,-21.384741,-922.239258,0.741838
9128.0,0.0081,-0.0784,-0.008085,-0.008085,1.0,1.0,-21.378054,-922.237793,0.72993
9130.0,0.0169,-0.7498,-0.009231,-0.009231,1.0,1.0,-21.37134,-922.236389,0.715169
9132.0,0.0175,-1.7264,-0.011159,-0.011159,1.0,1.0,-21.364592,-922.234924,0.721184
9134.0,0.0097,-1.7874,-0.011506,-0.011506,1.0,1.0,-21.357861,-922.233521,0.722677
9136.0,-0.0014,-1.4822,-0.011079,-0.011079,1.0,1.0,-21.351137,-922.231995,0.739691
9138.0,-0.0125,-1.4822,-0.011477,-0.011477,1.0,1.0,-21.344458,-922.230469,0.747653
9140.0,-0.0198,-0.8108,-0.010261,-0.010261,1.0,1.0,-21.337801,-922.228943,0.759386
9142.0,-0.019,-0.4446,-0.009585,-0.009585,1.0,1.0,-21.331177,-922.227417,0.752783
9144.0,-0.0134,-0.6277,-0.009799,-0.009799,1.0,1.0,-21.324539,-922.225952,0.739834
9146.0,-0.0093,-1.055,-0.010499,-0.010499,1.0,1.0,-21.317871,-922.224487,0.734667
9148.0,-0.0053,-1.055,-0.010365,-0.010365,1.0,1.0,-21.311193,-922.223022,0.736961
9150.0,-0.0086,-1.4212,-0.011242,-0.011242,1.0,1.0,-21.304523,-922.221558,0.740768
9152.0,-0.0188,-1.4212,-0.011478,-0.011478,1.0,1.0,-21.297867,-922.219971,0.759957
9154.0,-0.0307,-0.7498,-0.010472,-0.010472,1.0,1.0,-21.29126,-922.218384,0.778248
9156.0,-0.0365,-0.0174,-0.009208,-0.009208,1.0,1.0,-21.284702,-922.216797,0.783913
9158.0,-0.0424,-0.0174,-0.009381,-0.009381,1.0,1.0,-21.278162,-922.21521,0.786215
9160.0,-0.0395,0.4099,-0.008432,-0.008432,1.0,1.0,-21.271629,-922.213684,0.780823
9162.0,-0.0302,0.2878,-0.008458,-0.008458,1.0,1.0,-21.265085,-922.212158,0.767352
9164.0,-0.0239,-0.2615,-0.009372,-0.009372,1.0,1.0,-21.258511,-922.210693,0.758501
9166.0,-0.0261,-0.8108,-0.010499,-0.010499,1.0,1.0,-21.251917,-922.209106,0.756513
9168.0,-0.0284,-0.8108,-0.01052,-0.01052,1.0,1.0,-21.245319,-922.207581,0.764887
9170.0,-0.0374,-0.6277,-0.010392,-0.010392,1.0,1.0,-21.238747,-922.205994,0.782868
9172.0,-0.0464,-0.3226,-0.010105,-0.010105,1.0,1.0,-21.232222,-922.204407,0.798894
9174.0,-0.0481,0.2268,-0.00913,-0.00913,1.0,1.0,-21.225739,-922.202759,0.805959
9176.0,-0.0414,0.3488,-0.008816,-0.008816,1.0,1.0,-21.219276,-922.201172,0.79978
9178.0,-0.0348,0.3488,-0.008621,-0.008621,1.0,1.0,-21.212801,-922.199585,0.787819
9180.0,-0.0239,0.0437,-0.008937,-0.008937,1.0,1.0,-21.206299,-922.197998,0.783036
9182.0,-0.019,-0.5667,-0.010104,-0.010104,1.0,1.0,-21.199787,-922.196533,0.774478
9184.0,-0.0236,-0.9939,-0.011019,-0.011019,1.0,1.0,-21.193256,-922.194946,0.781624
9186.0,-0.0283,-0.9939,-0.011186,-0.011186,1.0,1.0,-21.186747,-922.193359,0.796372
9188.0,-0.0402,-0.9939,-0.011576,-0.011576,1.0,1.0,-21.180277,-922.19165,0.814084
9190.0,-0.0494,-0.1394,-0.010107,-0.010107,1.0,1.0,-21.173853,-922.190063,0.819181
9192.0,-0.0505,0.654,-0.008477,-0.008477,1.0,1.0,-21.167444,-922.188354,0.822234
9194.0,-0.0424,1.0202,-0.007568,-0.007568,1.0,1.0,-21.161047,-922.186707,0.820442
9196.0,-0.0343,1.0202,-0.007393,-0.007393,1.0,1.0,-21.154648,-922.18512,0.80673
9198.0,-0.0246,0.654,-0.007845,-0.007845,1.0,1.0,-21.148216,-922.183472,0.805914
9200.0,-0.0211,-0.1394,-0.009476,-0.009476,1.0,1.0,-21.141785,-922.181885,0.811632
9202.0,-0.0268,-0.3836,-0.010171,-0.010171,1.0,1.0,-21.13537,-922.180176,0.830208
9204.0,-0.0356,-0.0174,-0.009755,-0.009755,1.0,1.0,-21.129005,-922.178467,0.841945
9206.0,-0.0444,-0.0174,-0.010052,-0.010052,1.0,1.0,-21.122673,-922.176758,0.854062
9208.0,-0.0483,0.4709,-0.009209,-0.009209,1.0,1.0,-21.116373,-922.175049,0.853045
9210.0,-0.0434,0.8982,-0.008186,-0.008186,1.0,1.0,-21.110073,-922.17334,0.850715
9212.0,-0.034,0.715,-0.008373,-0.008373,1.0,1.0,-21.103769,-922.171631,0.850458
9214.0,-0.0267,0.1657,-0.009411,-0.009411,1.0,1.0,-21.097467,-922.169983,0.841998
9216.0,-0.0194,0.1657,-0.00918,-0.00918,1.0,1.0,-21.091146,-922.168274,0.845149
9218.0,-0.021,-0.4446,-0.010557,-0.010557,1.0,1.0,-21.084837,-922.166504,0.857184
9220.0,-0.0273,-0.2615,-0.010415,-0.010415,1.0,1.0,-21.07856,-922.164734,0.872552
9222.0,-0.0328,-0.0174,-0.010163,-0.010163,1.0,1.0,-21.072325,-922.162964,0.885106
9224.0,-0.0307,0.5319,-0.009077,-0.009077,1.0,1.0,-21.066122,-922.161255,0.87665
9226.0,-0.0285,0.5319,-0.008943,-0.008943,1.0,1.0,-21.059902,-922.159485,0.868039
9228.0,-0.0193,0.5319,-0.008673,-0.008673,1.0,1.0,-21.053663,-922.157837,0.847263
9230.0,-0.0109,-0.1394,-0.009729,-0.009729,1.0,1.0,-21.047373,-922.156128,0.847589
9232.0,-0.0101,-0.9329,-0.011425,-0.011425,1.0,1.0,-21.041086,-922.154419,0.837619
9234.0,-0.0177,-1.177,-0.011986,-0.011986,1.0,1.0,-21.034777,-922.15271,0.85287
9236.0,-0.0252,-1.177,-0.012296,-0.012296,1.0,1.0,-21.028509,-922.15094,0.871524
9238.0,-0.034,-0.8108,-0.011881,-0.011881,1.0,1.0,-21.022291,-922.14917,0.879106
9240.0,-0.0376,-0.1394,-0.010588,-0.010588,1.0,1.0,-21.016094,-922.1474,0.889007
9242.0,-0.0335,0.1657,-0.009961,-0.009961,1.0,1.0,-21.009924,-922.14563,0.889554
9244.0,-0.0294,0.1657,-0.009889,-0.009889,1.0,1.0,-21.003757,-922.143799,0.883282
9246.0,-0.0217,-0.0784,-0.010198,-0.010198,1.0,1.0,-20.997578,-922.14209,0.879225
9248.0,-0.0208,-0.8108,-0.011711,-0.011711,1.0,1.0,-20.99139,-922.14032,0.877487
9250.0,-0.0274,-1.055,-0.012344,-0.012344,1.0,1.0,-20.985201,-922.138489,0.901418
9252.0,-0.0379,-0.5057,-0.011624,-0.011624,1.0,1.0,-20.979074,-922.136658,0.907421
9254.0,-0.0483,-0.5057,-0.01189,-0.01189,1.0,1.0,-20.972965,-922.134766,0.92077
9256.0,-0.0527,0.2878,-0.010414,-0.010414,1.0,1.0,-20.966892,-922.132935,0.935759
9258.0,-0.0497,0.593,-0.009862,-0.009862,1.0,1.0,-20.960859,-922.131042,0.932197
9260.0,-0.0411,0.4099,-0.010052,-0.010052,1.0,1.0,-20.954821,-922.129272,0.908527
9262.0,-0.0362,-0.0174,-0.010619,-0.010619,1.0,1.0,-20.948725,-922.127441,0.897194
9264.0,-0.0313,-0.0174,-0.010402,-0.010402,1.0,1.0,-20.942602,-922.125671,0.897757
9266.0,-0.0342,-0.3226,-0.011119,-0.011119,1.0,1.0,-20.936483,-922.12384,0.909629
9268.0,-0.0424,-0.3836,-0.011537,-0.011537,1.0,1.0,-20.930397,-922.121948,0.926459
9270.0,-0.047,0.1047,-0.010759,-0.010759,1.0,1.0,-20.924356,-922.120056,0.934335
9272.0,-0.0429,0.654,-0.009585,-0.009585,1.0,1.0,-20.918337,-922.118225,0.933694
9274.0,-0.0388,0.654,-0.009499,-0.009499,1.0,1.0,-20.912319,-922.116333,0.929674
9276.0,-0.0301,0.3488,-0.009945,-0.009945,1.0,1.0,-20.906294,-922.114502,0.916758
9278.0,-0.026,-0.3836,-0.0113,-0.0113,1.0,1.0,-20.900238,-922.112671,0.917309
9280.0,-0.0303,-0.7498,-0.012177,-0.012177,1.0,1.0,-20.894186,-922.11084,0.923042
9282.0,-0.0401,-0.3226,-0.011509,-0.011509,1.0,1.0,-20.888151,-922.108887,0.946071
9284.0,-0.0499,-0.3226,-0.011947,-0.011947,1.0,1.0,-20.882175,-922.106934,0.961
9286.0,-0.056,0.4709,-0.01052,-0.01052,1.0,1.0,-20.87624,-922.104614,0.972688
9288.0,-0.0534,1.0202,-0.009417,-0.009417,1.0,1.0,-20.870337,-922.103027,0.967839
9290.0,-0.0455,1.0202,-0.009212,-0.009212,1.0,1.0,-20.864424,-922.101135,0.964264
9292.0,-0.0408,0.4099,-0.010395,-0.010395,1.0,1.0,-20.858503,-922.099182,0.963297
9294.0,-0.0361,0.4099,-0.010295,-0.010295,1.0,1.0,-20.852583,-922.097229,0.971712
9296.0,-0.04,0.2268,-0.010855,-0.010855,1.0,1.0,-20.846687,-922.094849,0.994288
9298.0,-0.0467,0.5319,-0.010573,-0.010573,1.0,1.0,-20.840851,-922.09314,1.010245
9300.0,-0.0486,1.1423,-0.009471,-0.009471,1.0,1.0,-20.835056,-922.091187,1.016317
9302.0,-0.0421,1.5085,-0.008624,-0.008624,1.0,1.0,-20.829279,-922.089111,1.023802
9304.0,-0.0356,1.5085,-0.008581,-0.008581,1.0,1.0,-20.823523,-922.087036,1.013795
9306.0,-0.0247,1.2033,-0.00892,-0.00892,1.0,1.0,-20.817743,-922.084717,1.012473
9308.0,-0.02,0.4709,-0.01039,-0.01039,1.0,1.0,-20.811964,-922.083008,1.012192
9310.0,-0.0214,0.2268,-0.010938,-0.010938,1.0,1.0,-20.806185,-922.080933,1.021741
9312.0,-0.0227,0.2268,-0.011067,-0.011067,1.0,1.0,-20.800432,-922.078857,1.030706
9314.0,-0.0252,0.4709,-0.010687,-0.010687,1.0,1.0,-20.794704,-922.076843,1.024296
9316.0,-0.0212,0.715,-0.010017,-0.010017,1.0,1.0,-20.788963,-922.074463,1.015489
9318.0,-0.0125,0.4099,-0.01041,-0.01041,1.0,1.0,-20.783203,-922.072754,1.001026
9320.0,-0.0066,-0.2615,-0.011583,-0.011583,1.0,1.0,-20.777409,-922.070801,0.987588
9322.0,-0.0008,-0.2615,-0.011324,-0.011324,1.0,1.0,-20.771582,-922.068848,1.000381
9324.0,-0.0026,-0.6888,-0.012417,-0.012417,1.0,1.0,-20.765789,-922.066772,1.007719
9326.0,-0.0098,-0.6277,-0.012505,-0.012505,1.0,1.0,-20.760017,-922.064453,1.021839
9328.0,-0.0124,-0.1394,-0.011658,-0.011658,1.0,1.0,-20.754284,-922.062683,1.026533
9330.0,-0.0071,0.1657,-0.010951,-0.010951,1.0,1.0,-20.748564,-922.060608,1.020318
9332.0,-0.0018,0.1657,-0.010782,-0.010782,1.0,1.0,-20.74283,-922.058594,1.019195
9334.0,0.0041,-0.3226,-0.011707,-0.011707,1.0,1.0,-20.737097,-922.056519,1.023733
9336.0,0.0029,-0.8108,-0.012828,-0.012828,1.0,1.0,-20.731377,-922.054199,1.030332
9338.0,-0.0075,-1.116,-0.013756,-0.013756,1.0,1.0,-20.725676,-922.052368,1.043755
9340.0,-0.0161,-0.2615,-0.01223,-0.01223,1.0,1.0,-20.720011,-922.050171,1.055476
9342.0,-0.0247,-0.2615,-0.012523,-0.012523,1.0,1.0,-20.714378,-922.048096,1.061112
9344.0,-0.0248,0.4099,-0.011143,-0.011143,1.0,1.0,-20.708761,-922.045959,1.05883
9346.0,-0.0186,0.2878,-0.01126,-0.01126,1.0,1.0,-20.70314,-922.043579,1.051403
9348.0,-0.0151,-0.0784,-0.011901,-0.011901,1.0,1.0,-20.697504,-922.041748,1.061674
9350.0,-0.0193,-0.1394,-0.012224,-0.012224,1.0,1.0,-20.691896,-922.039551,1.066665
9352.0,-0.0234,-0.1394,-0.012358,-0.012358,1.0,1.0,-20.686302,-922.037354,1.086458
9354.0,-0.0292,0.2268,-0.011897,-0.011897,1.0,1.0,-20.680761,-922.035156,1.091812
9356.0,-0.0283,0.715,-0.010888,-0.010888,1.0,1.0,-20.675236,-922.032715,1.091245
9358.0,-0.021,0.8982,-0.010346,-0.010346,1.0,1.0,-20.66971,-922.030823,1.083912
9360.0,-0.0167,0.2878,-0.011498,-0.011498,1.0,1.0,-20.664169,-922.028625,1.081982
9362.0,-0.0125,0.2878,-0.011397,-0.011397,1.0,1.0,-20.658625,-922.026428,1.089874
9364.0,-0.0164,-0.2005,-0.012607,-0.012607,1.0,1.0,-20.653103,-922.024231,1.098301
9366.0,-0.0218,0.2268,-0.011884,-0.011884,1.0,1.0,-20.647604,-922.021729,1.114478
9368.0,-0.0198,0.715,-0.01097,-0.01097,1.0,1.0,-20.642149,-922.019714,1.116196
9370.0,-0.0122,0.715,-0.010843,-0.010843,1.0,1.0,-20.6367,-922.017517,1.111645
9372.0,-0.0046,0.715,-0.010648,-0.010648,1.0,1.0,-20.631241,-922.015259,1.109597
9374.0,-0.0013,0.2878,-0.011481,-0.011481,1.0,1.0,-20.62578,-922.013062,1.121223
9376.0,-0.0058,-0.0174,-0.012349,-0.012349,1.0,1.0,-20.62035,-922.010559,1.135813
9378.0,-0.0106,0.2878,-0.011944,-0.011944,1.0,1.0,-20.614958,-922.008423,1.143236
9380.0,-0.0153,0.2878,-0.012117,-0.012117,1.0,1.0,-20.609587,-922.006104,1.154324
9382.0,-0.0121,0.7761,-0.011125,-0.011125,1.0,1.0,-20.604246,-922.003784,1.156088
9384.0,-0.0051,0.654,-0.011273,-0.011273,1.0,1.0,-20.598911,-922.001465,1.149195
9386.0,-0.0047,0.0437,-0.012502,-0.012502,1.0,1.0,-20.593561,-921.999023,1.145442
9388.0,-0.0101,0.1047,-0.012435,-0.012435,1.0,1.0,-20.588205,-921.996826,1.159836
9390.0,-0.0156,0.1047,-0.012696,-0.012696,1.0,1.0,-20.582888,-921.994507,1.177061
9392.0,-0.0168,0.4709,-0.01212,-0.01212,1.0,1.0,-20.577616,-921.992065,1.188876
9394.0,-0.0091,0.8371,-0.011312,-0.011312,1.0,1.0,-20.572374,-921.989685,1.182318
9396.0,-0.002,0.4099,-0.012023,-0.012023,1.0,1.0,-20.56712,-921.987183,1.182196
9398.0,-0.0055,-0.5667,-0.014189,-0.014189,1.0,1.0,-20.561867,-921.984924,1.199177
9400.0,-0.009,-0.5667,-0.014441,-0.014441,1.0,1.0,-20.556658,-921.982483,1.207955
9402.0,-0.0163,-0.3226,-0.014153,-0.014153,1.0,1.0,-20.551474,-921.980042,1.220757
9404.0,-0.0176,0.3488,-0.012873,-0.012873,1.0,1.0,-20.546324,-921.977539,1.225405
9406.0,-0.0116,0.654,-0.012152,-0.012152,1.0,1.0,-20.541187,-921.974976,1.234636
9408.0,-0.0096,0.1657,-0.013263,-0.013263,1.0,1.0,-20.536076,-921.972534,1.242288
9410.0,-0.0075,0.1657,-0.013308,-0.013308,1.0,1.0,-20.530985,-921.970032,1.258624
9412.0,-0.0119,-0.0174,-0.013962,-0.013962,1.0,1.0,-20.525938,-921.967468,1.271308
9414.0,-0.0135,0.2878,-0.013476,-0.013476,1.0,1.0,-20.520926,-921.964905,1.287844
9416.0,-0.0077,0.593,-0.012887,-0.012887,1.0,1.0,-20.515955,-921.962219,1.285673
9418.0,-0.0037,0.4099,-0.013182,-0.013182,1.0,1.0,-20.510983,-921.959717,1.287554
9420.0,0.0002,0.4099,-0.013127,-0.013127,1.0,1.0,-20.506016,-921.957092,1.302397
9422.0,-0.0046,-0.0174,-0.014299,-0.014299,1.0,1.0,-20.501089,-921.954407,1.320223
9424.0,-0.0068,0.4709,-0.013485,-0.013485,1.0,1.0,-20.496208,-921.951782,1.321974
9426.0,-0.0009,0.715,-0.012866,-0.012866,1.0,1.0,-20.491335,-921.949097,1.318341
9428.0,0.0051,0.4099,-0.013368,-0.013368,1.0,1.0,-20.486454,-921.946472,1.328879
9430.0,0.011,0.4099,-0.013368,-0.013368,1.0,1.0,-20.481602,-921.943787,1.341938
9432.0,0.0073,-0.0174,-0.0145,-0.0145,1.0,1.0,-20.476784,-921.940979,1.365783
9434.0,0.0032,0.2268,-0.014314,-0.014314,1.0,1.0,-20.472027,-921.938171,1.382641
9436.0,0.0056,0.715,-0.013402,-0.013402,1.0,1.0,-20.467316,-921.935425,1.392159
9438.0,0.0092,0.7761,-0.013306,-0.013306,1.0,1.0,-20.462629,-921.932556,1.407478
9440.0,0.0127,0.7761,-0.013404,-0.013404,1.0,1.0,-20.457983,-921.929688,1.424578
9442.0,0.0087,0.4709,-0.014323,-0.014323,1.0,1.0,-20.453382,-921.926758,1.446215
9444.0,0.0067,0.7761,-0.013941,-0.013941,1.0,1.0,-20.448837,-921.923828,1.455414
9446.0,0.0114,1.0813,-0.013295,-0.013295,1.0,1.0,-20.444317,-921.920898,1.459801
9448.0,0.0161,1.0813,-0.013252,-0.013252,1.0,1.0,-20.43981,-921.917969,1.476064
9450.0,0.021,1.0202,-0.013467,-0.013467,1.0,1.0,-20.435345,-921.914917,1.487033
9452.0,0.0189,0.715,-0.014282,-0.014282,1.0,1.0,-20.43091,-921.911926,1.507079
9454.0,0.0214,1.0813,-0.013664,-0.013664,1.0,1.0,-20.426527,-921.908936,1.504162
9456.0,0.0296,1.1423,-0.013345,-0.013345,1.0,1.0,-20.422138,-921.905884,1.507826
9458.0,0.0377,1.1423,-0.013229,-0.013229,1.0,1.0,-20.417761,-921.902771,1.517397
9460.0,0.04,0.4709,-0.014732,-0.014732,1.0,1.0,-20.413408,-921.899719,1.532806
9462.0,0.0367,0.3488,-0.015225,-0.015225,1.0,1.0,-20.409098,-921.896606,1.544425
9464.0,0.0393,0.715,-0.014515,-0.014515,1.0,1.0,-20.404818,-921.893494,1.545519
9466.0,0.0447,0.5319,-0.014817,-0.014817,1.0,1.0,-20.400541,-921.890381,1.54858
9468.0,0.05,0.5319,-0.014748,-0.014748,1.0,1.0,-20.396275,-921.887268,1.56752
9470.0,0.0471,0.3488,-0.015403,-0.015403,1.0,1.0,-20.392057,-921.884033,1.585554
9472.0,0.0441,0.4099,-0.015527,-0.015527,1.0,1.0,-20.387888,-921.880859,1.582154
9474.0,0.049,0.8982,-0.014345,-0.014345,1.0,1.0,-20.383711,-921.877625,1.604158
9476.0,0.0515,0.5319,-0.015325,-0.015325,1.0,1.0,-20.379591,-921.874329,1.636488
9478.0,0.0539,0.5319,-0.01563,-0.01563,1.0,1.0,-20.375553,-921.871033,1.642246
9480.0,0.0504,0.593,-0.01563,-0.01563,1.0,1.0,-20.371532,-921.867737,1.639671
9482.0,0.0532,1.0202,-0.01463,-0.01463,1.0,1.0,-20.367506,-921.864441,1.644584
9484.0,0.0587,0.8982,-0.014839,-0.014839,1.0,1.0,-20.363495,-921.861145,1.654272
9486.0,0.0563,0.4099,-0.01604,-0.01604,1.0,1.0,-20.359509,-921.857788,1.659916
9488.0,0.054,0.4099,-0.016147,-0.016147,1.0,1.0,-20.355537,-921.85437,1.680876
9490.0,0.0517,0.7761,-0.015631,-0.015631,1.0,1.0,-20.351622,-921.850952,1.695727
9492.0,0.0549,0.8371,-0.015599,-0.015599,1.0,1.0,-20.347744,-921.847534,1.704465
9494.0,0.054,0.715,-0.015974,-0.015974,1.0,1.0,-20.343891,-921.844055,1.728248
9496.0,0.0525,1.2644,-0.01508,-0.01508,1.0,1.0,-20.340099,-921.840576,1.729595
9498.0,0.0511,1.2644,-0.015123,-0.015123,1.0,1.0,-20.336311,-921.837036,1.737128
9500.0,0.057,1.8137,-0.01391,-0.01391,1.0,1.0,-20.332544,-921.833618,1.737185
9502.0,0.0592,1.3254,-0.014919,-0.014919,1.0,1.0,-20.328779,-921.830078,1.751804
9504.0,0.059,1.6306,-0.014426,-0.014426,1.0,1.0,-20.325052,-921.826538,1.768768
9506.0,0.0588,1.6306,-0.014614,-0.014614,1.0,1.0,-20.321369,-921.822937,1.775367
9508.0,0.0656,1.9968,-0.013768,-0.013768,1.0,1.0,-20.317703,-921.819397,1.7877
9510.0,0.0699,1.2644,-0.015395,-0.015395,1.0,1.0,-20.31407,-921.815735,1.787769
9512.0,0.0686,1.2644,-0.01542,-0.01542,1.0,1.0,-20.310438,-921.812195,1.785124
9514.0,0.0738,1.7526,-0.014242,-0.014242,1.0,1.0,-20.306803,-921.808594,1.778497
9516.0,0.0789,1.7526,-0.014071,-0.014071,1.0,1.0,-20.303152,-921.805054,1.784793
9518.0,0.0832,1.4475,-0.014714,-0.014714,1.0,1.0,-20.299519,-921.801453,1.795089
9520.0,0.0838,1.3254,-0.015076,-0.015076,1.0,1.0,-20.295912,-921.797791,1.808405
9522.0,0.09,1.6306,-0.014446,-0.014446,1.0,1.0,-20.292339,-921.794189,1.814971
9524.0,0.0945,1.5085,-0.014694,-0.014694,1.0,1.0,-20.288786,-921.790466,1.823329
9526.0,0.099,1.5085,-0.014699,-0.014699,1.0,1.0,-20.285254,-921.786804,1.825932
9528.0,0.0997,1.3254,-0.015106,-0.015106,1.0,1.0,-20.281731,-921.783203,1.819366
9530.0,0.1054,1.5695,-0.014402,-0.014402,1.0,1.0,-20.278193,-921.779541,1.818424
9532.0,0.1071,1.1423,-0.015276,-0.015276,1.0,1.0,-20.274652,-921.775879,1.827655
9534.0,0.106,1.2644,-0.015137,-0.015137,1.0,1.0,-20.271137,-921.772156,1.850631
9536.0,0.1048,1.2644,-0.015409,-0.015409,1.0,1.0,-20.267681,-921.768311,1.863886
9538.0,0.1093,1.6916,-0.014547,-0.014547,1.0,1.0,-20.264259,-921.764526,1.883846
9540.0,0.1099,1.2033,-0.015805,-0.015805,1.0,1.0,-20.260889,-921.760803,1.884344
9542.0,0.1111,1.6306,-0.014868,-0.014868,1.0,1.0,-20.257523,-921.756958,1.895714
9544.0,0.1167,1.9357,-0.014228,-0.014228,1.0,1.0,-20.254185,-921.753174,1.907047
9546.0,0.1223,1.9357,-0.014244,-0.014244,1.0,1.0,-20.250877,-921.749329,1.916923
9548.0,0.124,1.6916,-0.014843,-0.014843,1.0,1.0,-20.247597,-921.745422,1.931965
9550.0,0.129,1.7526,-0.014779,-0.014779,1.0,1.0,-20.244354,-921.741455,1.9599
9552.0,0.1345,1.7526,-0.014978,-0.014978,1.0,1.0,-20.241184,-921.737488,1.965642
9554.0,0.1352,1.5085,-0.015552,-0.015552,1.0,1.0,-20.238029,-921.733521,1.973033
9556.0,0.1359,1.5085,-0.015619,-0.015619,1.0,1.0,-20.234894,-921.729614,1.96849
9558.0,0.14,1.9968,-0.014442,-0.014442,1.0,1.0,-20.231749,-921.725586,1.98692
9560.0,0.1427,1.8137,-0.014984,-0.014984,1.0,1.0,-20.228651,-921.721619,2.003918
9562.0,0.1453,1.6916,-0.015381,-0.015381,1.0,1.0,-20.225597,-921.717407,2.033636
9564.0,0.152,1.9968,-0.01492,-0.01492,1.0,1.0,-20.22262,-921.713257,2.058857
9566.0,0.1586,1.9968,-0.015067,-0.015067,1.0,1.0,-20.219707,-921.709106,2.069653
9568.0,0.1629,1.6916,-0.015758,-0.015758,1.0,1.0,-20.216822,-921.704956,2.076689
9570.0,0.1676,1.8747,-0.01535,-0.01535,1.0,1.0,-20.213955,-921.700745,2.093359
9572.0,0.1703,1.5695,-0.016138,-0.016138,1.0,1.0,-20.211132,-921.696533,2.110196
9574.0,0.1729,1.5695,-0.016271,-0.016271,1.0,1.0,-20.208353,-921.692139,2.143366
9576.0,0.1751,1.5695,-0.016589,-0.016589,1.0,1.0,-20.205658,-921.687744,2.174377
9578.0,0.1774,1.6306,-0.016752,-0.016752,1.0,1.0,-20.203041,-921.68335,2.199801
9580.0,0.1786,1.7526,-0.016742,-0.016742,1.0,1.0,-20.200489,-921.678894,2.210261
9582.0,0.1826,2.1189,-0.015993,-0.015993,1.0,1.0,-20.197966,-921.674377,2.235979
9584.0,0.1864,2.1189,-0.016198,-0.016198,1.0,1.0,-20.195507,-921.669922,2.249321
9586.0,0.1887,1.9357,-0.016694,-0.016694,1.0,1.0,-20.193083,-921.665222,2.284144
9588.0,0.1942,2.0578,-0.016704,-0.016704,1.0,1.0,-20.190746,-921.660522,2.32186
9590.0,0.2,1.9968,-0.017136,-0.017136,1.0,1.0,-20.188507,-921.655823,2.346912
9592.0,0.2022,1.8137,-0.017758,-0.017758,1.0,1.0,-20.186331,-921.651062,2.362934
9594.0,0.2045,1.8137,-0.017889,-0.017889,1.0,1.0,-20.184196,-921.646301,2.371716
9596.0,0.2083,2.1189,-0.017255,-0.017255,1.0,1.0,-20.182085,-921.641479,2.394133
9598.0,0.2098,1.9968,-0.017732,-0.017732,1.0,1.0,-20.180031,-921.636597,2.426046
9600.0,0.2147,2.302,-0.01733,-0.01733,1.0,1.0,-20.178057,-921.631592,2.475867
9602.0,0.2171,2.1189,-0.01822,-0.01822,1.0,1.0,-20.176208,-921.626526,2.489609
9604.0,0.2195,2.1189,-0.018323,-0.018323,1.0,1.0,-20.174397,-921.621643,2.468701
9606.0,0.2257,2.424,-0.01732,-0.01732,1.0,1.0,-20.172531,-921.616638,2.48354
9608.0,0.2296,2.363,-0.017539,-0.017539,1.0,1.0,-20.170704,-921.611572,2.51438
9610.0,0.2339,2.302,-0.017923,-0.017923,1.0,1.0,-20.168955,-921.606445,2.543617
9612.0,0.2379,2.5461,-0.01764,-0.01764,1.0,1.0,-20.16728,-921.601196,2.572115
9614.0,0.2419,2.5461,-0.017874,-0.017874,1.0,1.0,-20.165678,-921.596008,2.585159
9616.0,0.2433,2.424,-0.018251,-0.018251,1.0,1.0,-20.16411,-921.59082,2.597222
9618.0,0.2487,3.0344,-0.016965,-0.016965,1.0,1.0,-20.162573,-921.585571,2.613925
9620.0,0.2516,2.7292,-0.017748,-0.017748,1.0,1.0,-20.161077,-921.580322,2.623218
9622.0,0.2605,3.2785,-0.016497,-0.016497,1.0,1.0,-20.159607,-921.575073,2.636527
9624.0,0.2695,3.2785,-0.01647,-0.01647,1.0,1.0,-20.158171,-921.569641,2.652296
9626.0,0.2738,2.8513,-0.017477,-0.017477,1.0,1.0,-20.156775,-921.564331,2.645045
9628.0,0.282,3.0954,-0.016716,-0.016716,1.0,1.0,-20.155359,-921.559021,2.651725
9630.0,0.2854,2.7902,-0.01738,-0.01738,1.0,1.0,-20.153963,-921.553711,2.658776
9632.0,0.2928,3.0954,-0.016658,-0.016658,1.0,1.0,-20.152584,-921.54834,2.674141
9634.0,0.3001,3.0954,-0.016684,-0.016684,1.0,1.0,-20.151245,-921.542969,2.686032
9636.0,0.3046,2.9733,-0.016991,-0.016991,1.0,1.0,-20.149937,-921.537476,2.685109
9638.0,0.3125,3.0954,-0.016567,-0.016567,1.0,1.0,-20.148626,-921.532104,2.693542
9640.0,0.3182,2.9733,-0.016811,-0.016811,1.0,1.0,-20.147337,-921.526733,2.701406
9642.0,0.324,2.9733,-0.016786,-0.016786,1.0,1.0,-20.146069,-921.521301,2.706988
9644.0,0.331,2.9123,-0.016843,-0.016843,1.0,1.0,-20.144814,-921.515869,2.71628
9646.0,0.3354,3.2175,-0.016204,-0.016204,1.0,1.0,-20.143583,-921.510376,2.727564
9648.0,0.3409,2.8513,-0.017009,-0.017009,1.0,1.0,-20.142382,-921.504761,2.741207
9650.0,0.3443,3.2785,-0.016172,-0.016172,1.0,1.0,-20.141214,-921.499268,2.753177
9652.0,0.3478,3.2785,-0.016236,-0.016236,1.0,1.0,-20.140078,-921.493652,2.790743
9654.0,0.3541,3.0954,-0.016918,-0.016918,1.0,1.0,-20.139036,-921.488037,2.796534
9656.0,0.3605,3.5227,-0.015938,-0.015938,1.0,1.0,-20.13801,-921.482422,2.802957
9658.0,0.3673,3.1565,-0.016666,-0.016666,1.0,1.0,-20.136999,-921.476746,2.821579
9660.0,0.3737,3.6447,-0.015696,-0.015696,1.0,1.0,-20.136036,-921.471069,2.842706
9662.0,0.3801,3.6447,-0.015803,-0.015803,1.0,1.0,-20.135126,-921.46521,2.859303
9664.0,0.3874,3.2785,-0.016631,-0.016631,1.0,1.0,-20.134258,-921.459412,2.881422
9666.0,0.3938,3.5837,-0.016092,-0.016092,1.0,1.0,-20.133448,-921.453613,2.89229
9668.0,0.4018,3.2175,-0.016845,-0.016845,1.0,1.0,-20.132664,-921.447754,2.9204
9670.0,0.4077,3.4616,-0.016513,-0.016513,1.0,1.0,-20.13195,-921.441833,2.94842
9672.0,0.4135,3.4616,-0.016705,-0.016705,1.0,1.0,-20.131308,-921.435791,2.962785
9674.0,0.4201,2.8513,-0.018048,-0.018048,1.0,1.0,-20.130701,-921.42981,2.990691
9676.0,0.4242,3.4616,-0.016961,-0.016961,1.0,1.0,-20.130165,-921.423706,3.014658
9678.0,0.4316,3.4616,-0.01708,-0.01708,1.0,1.0,-20.12969,-921.417603,3.051526
9680.0,0.4375,3.7058,-0.016842,-0.016842,1.0,1.0,-20.129309,-921.411377,3.077548
9682.0,0.4434,3.7058,-0.017011,-0.017011,1.0,1.0,-20.128992,-921.405212,3.084273
9684.0,0.4549,3.5837,-0.017128,-0.017128,1.0,1.0,-20.128693,-921.399048,3.095087
9686.0,0.4608,3.4006,-0.017524,-0.017524,1.0,1.0,-20.12842,-921.3927,3.110019
9688.0,0.4684,3.4006,-0.017542,-0.017542,1.0,1.0,-20.128185,-921.386353,3.144809
9690.0,0.4727,3.6447,-0.017312,-0.017312,1.0,1.0,-20.128038,-921.380127,3.131472
9692.0,0.4771,3.6447,-0.017083,-0.017083,1.0,1.0,-20.127857,-921.373779,3.159133
9694.0,0.4847,3.7668,-0.016975,-0.016975,1.0,1.0,-20.127747,-921.367432,3.16141
9696.0,0.4906,3.3396,-0.017805,-0.017805,1.0,1.0,-20.127642,-921.361084,3.173996
9698.0,0.4996,3.8278,-0.01672,-0.01672,1.0,1.0,-20.127567,-921.354614,3.183402
9700.0,0.5086,3.8278,-0.01665,-0.01665,1.0,1.0,-20.127518,-921.348267,3.170028
9702.0,0.5174,3.4006,-0.017254,-0.017254,1.0,1.0,-20.127434,-921.342041,3.150733
9704.0,0.5238,3.6447,-0.016396,-0.016396,1.0,1.0,-20.127302,-921.335693,3.149884
9706.0,0.532,3.2785,-0.017017,-0.017017,1.0,1.0,-20.127169,-921.329407,3.155761
9708.0,0.5367,3.7058,-0.016072,-0.016072,1.0,1.0,-20.127048,-921.32312,3.145999
9710.0,0.5414,3.7058,-0.015876,-0.015876,1.0,1.0,-20.126905,-921.316772,3.11429
9712.0,0.5522,3.7058,-0.015323,-0.015323,1.0,1.0,-20.126682,-921.310608,3.099464
9714.0,0.5583,3.6447,-0.015176,-0.015176,1.0,1.0,-20.126421,-921.304443,3.101231
9716.0,0.5675,3.6447,-0.015019,-0.015019,1.0,1.0,-20.126165,-921.298218,3.100162
9718.0,0.5754,3.5227,-0.015119,-0.015119,1.0,1.0,-20.125906,-921.292053,3.077227
9720.0,0.5832,3.5227,-0.014719,-0.014719,1.0,1.0,-20.125589,-921.286011,3.039571
9722.0,0.5908,3.5227,-0.014163,-0.014163,1.0,1.0,-20.125179,-921.279907,3.035012
9724.0,0.6007,3.1565,-0.01471,-0.01471,1.0,1.0,-20.124758,-921.273804,3.032903
9726.0,0.6063,3.2175,-0.01445,-0.01445,1.0,1.0,-20.124331,-921.2677,3.030993
9728.0,0.6153,2.9123,-0.014912,-0.014912,1.0,1.0,-20.123899,-921.26178,2.99959
9730.0,0.6243,2.9123,-0.014396,-0.014396,1.0,1.0,-20.123388,-921.255737,3.002903
9732.0,0.6275,2.8513,-0.014503,-0.014503,1.0,1.0,-20.122887,-921.249695,3.017962
9734.0,0.6357,2.9733,-0.014247,-0.014247,1.0,1.0,-20.122423,-921.24353,3.030617
9736.0,0.6428,2.7292,-0.014774,-0.014774,1.0,1.0,-20.12199,-921.237549,3.012938
9738.0,0.65,3.0344,-0.013786,-0.013786,1.0,1.0,-20.121513,-921.231567,3.000838
9740.0,0.6573,3.0344,-0.013516,-0.013516,1.0,1.0,-20.121006,-921.225464,3.022536
9742.0,0.6669,2.6071,-0.014486,-0.014486,1.0,1.0,-20.120554,-921.219299,3.056449
9744.0,0.6697,2.363,-0.015325,-0.015325,1.0,1.0,-20.120188,-921.213074,3.058755
9746.0,0.6778,2.424,-0.015063,-0.015063,1.0,1.0,-20.119827,-921.206909,3.066102
9748.0,0.6813,2.302,-0.01534,-0.01534,1.0,1.0,-20.119486,-921.200684,3.102691
9750.0,0.6847,2.302,-0.015673,-0.015673,1.0,1.0,-20.119236,-921.194336,3.147373
9752.0,0.689,2.2409,-0.016208,-0.016208,1.0,1.0,-20.119099,-921.187988,3.167598
9754.0,0.6955,2.1189,-0.016566,-0.016566,1.0,1.0,-20.119013,-921.181641,3.178996
9756.0,0.6971,2.302,-0.016264,-0.016264,1.0,1.0,-20.118956,-921.175049,3.214456
9758.0,0.705,2.363,-0.016368,-0.016368,1.0,1.0,-20.118986,-921.168518,3.26089
9760.0,0.7129,2.363,-0.016722,-0.016722,1.0,1.0,-20.119135,-921.161865,3.294934
9762.0,0.7134,2.1189,-0.017607,-0.017607,1.0,1.0,-20.119368,-921.155273,3.310715
9764.0,0.7193,2.5461,-0.016747,-0.016747,1.0,1.0,-20.11964,-921.14856,3.334209
9766.0,0.7247,2.302,-0.017424,-0.017424,1.0,1.0,-20.119972,-921.141724,3.386323
9768.0,0.7301,2.302,-0.017887,-0.017887,1.0,1.0,-20.120436,-921.134766,3.411108
9770.0,0.7313,2.4851,-0.017741,-0.017741,1.0,1.0,-20.12096,-921.127808,3.45828
9772.0,0.7385,2.6071,-0.017854,-0.017854,1.0,1.0,-20.121603,-921.120972,3.439744
9774.0,0.7425,2.6682,-0.017443,-0.017443,1.0,1.0,-20.1222,-921.113953,3.485994
9776.0,0.7466,2.7292,-0.017737,-0.017737,1.0,1.0,-20.122911,-921.106873,3.509309
9778.0,0.7506,2.7292,-0.017914,-0.017914,1.0,1.0,-20.123682,-921.099854,3.512423
9780.0,0.7571,2.5461,-0.018216,-0.018216,1.0,1.0,-20.12446,-921.092651,3.523515
9782.0,0.7582,2.7292,-0.017923,-0.017923,1.0,1.0,-20.125265,-921.085571,3.551017
9784.0,0.7641,3.0344,-0.017453,-0.017453,1.0,1.0,-20.126139,-921.07843,3.564656
9786.0,0.771,2.9733,-0.017599,-0.017599,1.0,1.0,-20.127047,-921.071289,3.550895
9788.0,0.778,2.9733,-0.017316,-0.017316,1.0,1.0,-20.12792,-921.064209,3.55158
9790.0,0.7811,3.2175,-0.016739,-0.016739,1.0,1.0,-20.128796,-921.057007,3.559537
9792.0,0.789,3.0954,-0.016936,-0.016936,1.0,1.0,-20.12969,-921.049805,3.567777
9794.0,0.7938,2.9123,-0.017327,-0.017327,1.0,1.0,-20.130604,-921.042725,3.554579
9796.0,0.797,3.2785,-0.016335,-0.016335,1.0,1.0,-20.131485,-921.035645,3.55524
9798.0,0.8001,3.2785,-0.016281,-0.016281,1.0,1.0,-20.132368,-921.028503,3.562552
9800.0,0.8094,3.4006,-0.015921,-0.015921,1.0,1.0,-20.133268,-921.021362,3.566159
9802.0,0.8152,3.3396,-0.01598,-0.01598,1.0,1.0,-20.134178,-921.014221,3.563795
9804.0,0.8195,3.5837,-0.015346,-0.015346,1.0,1.0,-20.13508,-921.006958,3.560714
9806.0,0.8304,3.5837,-0.015105,-0.015105,1.0,1.0,-20.135975,-920.999817,3.578976
9808.0,0.8412,3.5837,-0.015096,-0.015096,1.0,1.0,-20.136915,-920.992676,3.563003
9810.0,0.8468,3.2785,-0.015471,-0.015471,1.0,1.0,-20.137815,-920.985474,3.590075
9812.0,0.852,3.4006,-0.015402,-0.015402,1.0,1.0,-20.138783,-920.978271,3.603699
9814.0,0.862,3.4616,-0.015227,-0.015227,1.0,1.0,-20.139784,-920.971008,3.633201
9816.0,0.8675,3.4006,-0.015574,-0.015574,1.0,1.0,-20.14086,-920.963623,3.638514
9818.0,0.8729,3.4006,-0.015528,-0.015528,1.0,1.0,-20.141947,-920.956238,3.668293
9820.0,0.8785,3.5227,-0.015483,-0.015483,1.0,1.0,-20.143108,-920.948853,3.682785
9822.0,0.8882,3.2175,-0.01611,-0.01611,1.0,1.0,-20.144306,-920.941406,3.70275
9824.0,0.894,2.9733,-0.016742,-0.016742,1.0,1.0,-20.145554,-920.933899,3.732537
9826.0,0.8965,3.1565,-0.016624,-0.016624,1.0,1.0,-20.146875,-920.926208,3.777759
9828.0,0.899,3.1565,-0.017068,-0.017068,1.0,1.0,-20.14831,-920.918579,3.798874
9830.0,0.908,3.2785,-0.016862,-0.016862,1.0,1.0,-20.149797,-920.910889,3.817811
9832.0,0.9154,3.0954,-0.017321,-0.017321,1.0,1.0,-20.151333,-920.903137,3.860942
9834.0,0.918,3.2175,-0.017477,-0.017477,1.0,1.0,-20.152975,-920.895386,3.875988
9836.0,0.9206,3.2175,-0.017591,-0.017591,1.0,1.0,-20.154655,-920.887573,3.892818
9838.0,0.9286,3.4616,-0.017096,-0.017096,1.0,1.0,-20.156376,-920.879761,3.890115
9840.0,0.9362,3.3396,-0.017183,-0.017183,1.0,1.0,-20.158089,-920.871704,3.946401
9842.0,0.9372,3.5837,-0.017251,-0.017251,1.0,1.0,-20.159943,-920.863831,3.937769
9844.0,0.9437,3.8278,-0.016507,-0.016507,1.0,1.0,-20.161774,-920.855957,3.934896
9846.0,0.9502,3.8278,-0.016351,-0.016351,1.0,1.0,-20.163597,-920.848083,3.945926
9848.0,0.9613,3.7668,-0.016389,-0.016389,1.0,1.0,-20.165447,-920.840149,3.954034
9850.0,0.9663,3.9499,-0.015989,-0.015989,1.0,1.0,-20.167318,-920.832336,3.933577
9852.0,0.9705,4.194,-0.01516,-0.01516,1.0,1.0,-20.169136,-920.824341,3.929655
9854.0,0.9814,4.072,-0.015171,-0.015171,1.0,1.0,-20.170944,-920.816467,3.938261
9856.0,0.9923,4.072,-0.015055,-0.015055,1.0,1.0,-20.172773,-920.808655,3.902944
9858.0,1.0022,3.8278,-0.015005,-0.015005,1.0,1.0,-20.174513,-920.800903,3.887869
9860.0,1.0061,4.0109,-0.014372,-0.014372,1.0,1.0,-20.176214,-920.793152,3.885387
9862.0,1.0139,4.3161,-0.01354,-0.01354,1.0,1.0,-20.177908,-920.7854,3.87456
9864.0,1.0284,4.2551,-0.013274,-0.013274,1.0,1.0,-20.179573,-920.777588,3.840377
9866.0,1.0429,4.2551,-0.012624,-0.012624,1.0,1.0,-20.181152,-920.769958,3.838688
9868.0,1.051,3.9499,-0.013107,-0.013107,1.0,1.0,-20.182728,-920.762207,3.860302
9870.0,1.0533,4.072,-0.013035,-0.013035,1.0,1.0,-20.184357,-920.754517,3.840626
9872.0,1.0619,4.0109,-0.012788,-0.012788,1.0,1.0,-20.185934,-920.746826,3.843719
9874.0,1.0763,4.133,-0.012282,-0.012282,1.0,1.0,-20.187519,-920.739014,3.886701
9876.0,1.0907,4.133,-0.012474,-0.012474,1.0,1.0,-20.189211,-920.73114,3.885521
9878.0,1.0986,3.8278,-0.012966,-0.012966,1.0,1.0,-20.190901,-920.723389,3.8835
9880.0,1.1028,3.9499,-0.0126,-0.0126,1.0,1.0,-20.192585,-920.715454,3.92398
9882.0,1.1129,4.0109,-0.012715,-0.012715,1.0,1.0,-20.194368,-920.70752,3.966079
9884.0,1.1269,3.8278,-0.013298,-0.013298,1.0,1.0,-20.196259,-920.699524,3.981787
9886.0,1.1409,3.8278,-0.013201,-0.013201,1.0,1.0,-20.198187,-920.691467,4.018238
9888.0,1.1484,3.5837,-0.013979,-0.013979,1.0,1.0,-20.200205,-920.683228,4.078732
9890.0,1.151,3.5837,-0.014587,-0.014587,1.0,1.0,-20.202375,-920.674866,4.101288
9892.0,1.1582,3.4616,-0.014958,-0.014958,1.0,1.0,-20.204601,-920.666565,4.14024
9894.0,1.1653,3.4616,-0.015245,-0.015245,1.0,1.0,-20.206924,-920.658081,4.216691
9896.0,1.1779,3.5227,-0.015704,-0.015704,1.0,1.0,-20.209438,-920.649536,4.250563
9898.0,1.1841,3.2175,-0.01661,-0.01661,1.0,1.0,-20.212036,-920.64093,4.281844
9900.0,1.1856,3.6447,-0.016003,-0.016003,1.0,1.0,-20.214712,-920.632263,4.333694
9902.0,1.1921,3.7668,-0.01618,-0.01618,1.0,1.0,-20.217516,-920.623291,4.376344
9904.0,1.1985,3.7668,-0.01652,-0.01652,1.0,1.0,-20.220427,-920.614502,4.377792
9906.0,1.2114,3.7058,-0.016421,-0.016421,1.0,1.0,-20.223339,-920.605713,4.409572
9908.0,1.2193,3.2785,-0.017533,-0.017533,1.0,1.0,-20.226332,-920.596741,4.447272
9910.0,1.2185,3.6447,-0.017171,-0.017171,1.0,1.0,-20.229418,-920.587891,4.446692
9912.0,1.2213,3.8889,-0.016586,-0.016586,1.0,1.0,-20.2325,-920.578918,4.460851
9914.0,1.2241,3.8889,-0.016686,-0.016686,1.0,1.0,-20.235617,-920.569824,4.477284
9916.0,1.2346,4.072,-0.016269,-0.016269,1.0,1.0,-20.238773,-920.560913,4.461849
9918.0,1.2469,4.072,-0.015865,-0.015865,1.0,1.0,-20.24189,-920.552002,4.460371
9920.0,1.2517,4.194,-0.015496,-0.015496,1.0,1.0,-20.245003,-920.54303,4.468027
9922.0,1.2538,4.3161,-0.015276,-0.015276,1.0,1.0,-20.248133,-920.534119,4.461289
9924.0,1.2558,4.3161,-0.015163,-0.015163,1.0,1.0,-20.251245,-920.525085,4.453368
9926.0,1.2644,4.6213,-0.014257,-0.014257,1.0,1.0,-20.254335,-920.516174,4.458545
9928.0,1.2784,4.4382,-0.014437,-0.014437,1.0,1.0,-20.257439,-920.507263,4.448095
9930.0,1.2902,4.3161,-0.01436,-0.01436,1.0,1.0,-20.260513,-920.498291,4.463366
9932.0,1.2938,4.3161,-0.014456,-0.014456,1.0,1.0,-20.263626,-920.489258,4.499735
9934.0,1.2975,4.3161,-0.014782,-0.014782,1.0,1.0,-20.266829,-920.480286,4.501156
9936.0,1.3011,4.7434,-0.01381,-0.01381,1.0,1.0,-20.270033,-920.471191,4.528809
9938.0,1.3095,4.8044,-0.013818,-0.013818,1.0,1.0,-20.273306,-920.461914,4.551988
9940.0,1.3241,4.8654,-0.013659,-0.013659,1.0,1.0,-20.276636,-920.452759,4.578906
9942.0,1.3372,4.4992,-0.014487,-0.014487,1.0,1.0,-20.280031,-920.443481,4.614242
9944.0,1.3503,4.4992,-0.01462,-0.01462,1.0,1.0,-20.283514,-920.434143,4.64404
9946.0,1.3567,4.8044,-0.014165,-0.014165,1.0,1.0,-20.287071,-920.424744,4.685367
9948.0,1.3602,4.9265,-0.014286,-0.014286,1.0,1.0,-20.290731,-920.415283,4.729082
9950.0,1.3669,4.7434,-0.015026,-0.015026,1.0,1.0,-20.294498,-920.405579,4.753601
9952.0,1.3809,5.0485,-0.014369,-0.014369,1.0,1.0,-20.298326,-920.395996,4.768352
9954.0,1.3948,5.0485,-0.014263,-0.014263,1.0,1.0,-20.302189,-920.386353,4.800482
9956.0,1.4089,4.9875,-0.014473,-0.014473,1.0,1.0,-20.306131,-920.376831,4.771643
9958.0,1.4185,4.8044,-0.014369,-0.014369,1.0,1.0,-20.309999,-920.367188,4.800956
9960.0,1.4232,4.9265,-0.014334,-0.014334,1.0,1.0,-20.31394,-920.357605,4.803479
9962.0,1.428,4.9265,-0.01427,-0.01427,1.0,1.0,-20.317884,-920.3479,4.785409
9964.0,1.4355,5.2927,-0.013142,-0.013142,1.0,1.0,-20.321783,-920.33844,4.736363
9966.0,1.4472,5.3537,-0.012252,-0.012252,1.0,1.0,-20.325556,-920.329041,4.715619
9968.0,1.4605,5.1096,-0.012296,-0.012296,1.0,1.0,-20.329275,-920.319702,4.677949
9970.0,1.4736,4.9265,-0.012028,-0.012028,1.0,1.0,-20.332899,-920.310547,4.612685
9972.0,1.4867,4.9265,-0.011067,-0.011067,1.0,1.0,-20.336357,-920.301392,4.588468
9974.0,1.4966,5.1096,-0.01022,-0.01022,1.0,1.0,-20.339754,-920.292358,4.54249
9976.0,1.5035,4.9875,-0.009848,-0.009848,1.0,1.0,-20.343033,-920.283325,4.4808
9978.0,1.5127,5.0485,-0.00887,-0.00887,1.0,1.0,-20.346155,-920.274414,4.449587
9980.0,1.5255,5.1096,-0.008154,-0.008154,1.0,1.0,-20.349199,-920.265625,4.417638
9982.0,1.5382,5.1096,-0.007562,-0.007562,1.0,1.0,-20.352161,-920.256958,4.365422
9984.0,1.5539,4.8044,-0.007348,-0.007348,1.0,1.0,-20.35499,-920.248169,4.371441
9986.0,1.567,4.3772,-0.008081,-0.008081,1.0,1.0,-20.357834,-920.239319,4.35822
9988.0,1.5784,4.194,-0.008112,-0.008112,1.0,1.0,-20.360643,-920.230713,4.323934
9990.0,1.5847,4.0109,-0.008012,-0.008012,1.0,1.0,-20.363365,-920.222046,4.351659
9992.0,1.591,4.0109,-0.008193,-0.008193,1.0,1.0,-20.366156,-920.213257,4.367032
9994.0,1.5985,3.8278,-0.00861,-0.00861,1.0,1.0,-20.368984,-920.204529,4.370958
9996.0,1.6088,3.7058,-0.008716,-0.008716,1.0,1.0,-20.37182,-920.195618,4.42124
9998.0,1.622,3.3396,-0.009798,-0.009798,1.0,1.0,-20.374783,-920.186646,4.459154
10000.0,1.6338,3.2175,-0.010248,-0.010248,1.0,1.0,-20.377838,-920.177551,4.471474
10002.0,1.6455,3.2175,-0.010157,-0.010157,1.0,1.0,-20.380924,-920.168457,4.527197
10004.0,1.6527,2.9123,-0.011282,-0.011282,1.0,1.0,-20.38415,-920.159302,4.5712
10006.0,1.655,2.8513,-0.011847,-0.011847,1.0,1.0,-20.387484,-920.150085,4.590899
10008.0,1.6584,2.8513,-0.011997,-0.011997,1.0,1.0,-20.390865,-920.140747,4.643646
10010.0,1.6654,2.7292,-0.012699,-0.012699,1.0,1.0,-20.394379,-920.131287,4.70115
10012.0,1.6724,2.7292,-0.013191,-0.013191,1.0,1.0,-20.398035,-920.121765,4.69114
10014.0,1.6834,2.6071,-0.013131,-0.013131,1.0,1.0,-20.401665,-920.112305,4.718883
10016.0,1.6912,2.363,-0.013809,-0.013809,1.0,1.0,-20.405363,-920.102783,4.739744
10018.0,1.6949,2.1799,-0.01436,-0.01436,1.0,1.0,-20.409111,-920.093323,4.740842
10020.0,1.6942,2.424,-0.01386,-0.01386,1.0,1.0,-20.412861,-920.083801,4.751307
10022.0,1.6935,2.424,-0.013986,-0.013986,1.0,1.0,-20.416636,-920.07428,4.753891
10024.0,1.6952,2.6071,-0.013588,-0.013588,1.0,1.0,-20.420416,-920.064697,4.729204
10026.0,1.7003,2.6071,-0.013221,-0.013221,1.0,1.0,-20.424131,-920.055237,4.728029
10028.0,1.7092,2.6682,-0.012907,-0.012907,1.0,1.0,-20.427843,-920.045837,4.708511
10030.0,1.718,2.6682,-0.012525,-0.012525,1.0,1.0,-20.431505,-920.036499,4.686604
10032.0,1.726,2.6071,-0.012265,-0.012265,1.0,1.0,-20.43511,-920.0271,4.682408
10034.0,1.7323,2.5461,-0.01223,-0.01223,1.0,1.0,-20.438704,-920.017822,4.659542
10036.0,1.7357,2.5461,-0.011916,-0.011916,1.0,1.0,-20.442238,-920.008545,4.647744
10038.0,1.7381,2.4851,-0.011873,-0.011873,1.0,1.0,-20.44574,-919.999146,4.647101
10040.0,1.7405,2.4851,-0.01182,-0.01182,1.0,1.0,-20.44924,-919.989929,4.619956
10042.0,1.7438,2.5461,-0.011329,-0.011329,1.0,1.0,-20.452669,-919.980591,4.642299
10044.0,1.7499,2.5461,-0.011455,-0.011455,1.0,1.0,-20.456154,-919.971252,4.668921
10046.0,1.7576,2.4851,-0.011729,-0.011729,1.0,1.0,-20.459703,-919.961853,4.679331
10048.0,1.7654,2.302,-0.012086,-0.012086,1.0,1.0,-20.463278,-919.952393,4.700675
10050.0,1.7731,2.302,-0.01217,-0.01217,1.0,1.0,-20.466906,-919.942749,4.730364
10052.0,1.78,2.0578,-0.012886,-0.012886,1.0,1.0,-20.470606,-919.933105,4.759858
10054.0,1.7845,2.0578,-0.013121,-0.013121,1.0,1.0,-20.474379,-919.921509,4.798818
10056.0,1.786,1.6916,-0.014302,-0.014302,1.0,1.0,-20.478249,-919.913452,4.825172
10058.0,1.7879,1.9968,-0.013897,-0.013897,1.0,1.0,-20.482183,-919.904053,4.855706
10060.0,1.7899,1.9968,-0.014192,-0.014192,1.0,1.0,-20.486193,-919.894226,4.884153
10062.0,1.7929,2.1189,-0.01418,-0.01418,1.0,1.0,-20.490273,-919.88446,4.889716
10064.0,1.797,2.1189,-0.014162,-0.014162,1.0,1.0,-20.494364,-919.872681,4.923869
10066.0,1.8031,2.1799,-0.014285,-0.014285,1.0,1.0,-20.498539,-919.864441,4.921528
10068.0,1.8089,2.1799,-0.014149,-0.014149,1.0,1.0,-20.502707,-919.85498,4.907028
10070.0,1.8148,2.1799,-0.013877,-0.013877,1.0,1.0,-20.506836,-919.845154,4.908766
10072.0,1.8191,1.8137,-0.014602,-0.014602,1.0,1.0,-20.510969,-919.835388,4.886525
10074.0,1.8217,1.8747,-0.014179,-0.014179,1.0,1.0,-20.515045,-919.823792,4.849033
10076.0,1.8247,1.9968,-0.013451,-0.013451,1.0,1.0,-20.519024,-919.815674,4.85278
10078.0,1.8263,1.9968,-0.01346,-0.01346,1.0,1.0,-20.52301,-919.806274,4.806791
10080.0,1.828,1.9968,-0.012927,-0.012927,1.0,1.0,-20.52688,-919.796753,4.782223
10082.0,1.8302,2.1799,-0.012225,-0.012225,1.0,1.0,-20.530687,-919.787231,4.769907
10084.0,1.8341,2.2409,-0.011885,-0.011885,1.0,1.0,-20.534462,-919.776123,4.704883
10086.0,1.8395,2.302,-0.010942,-0.010942,1.0,1.0,-20.538071,-919.768311,4.706601
10088.0,1.8446,2.1799,-0.011125,-0.011125,1.0,1.0,-20.541683,-919.758911,4.706169
10090.0,1.8497,2.1799,-0.011022,-0.011022,1.0,1.0,-20.545294,-919.749512,4.689837
10092.0,1.8554,2.1189,-0.010866,-0.010866,1.0,1.0,-20.548861,-919.740112,4.71273
10094.0,1.8613,2.1799,-0.010871,-0.010871,1.0,1.0,-20.552485,-919.729065,4.719875
10096.0,1.8678,2.1189,-0.010954,-0.010954,1.0,1.0,-20.556124,-919.721191,4.720741
10098.0,1.8744,2.1189,-0.010838,-0.010838,1.0,1.0,-20.559765,-919.711426,4.78378
10100.0,1.8788,1.8747,-0.011965,-0.011965,1.0,1.0,-20.563562,-919.701721,4.811808
10102.0,1.8821,1.6306,-0.012732,-0.012732,1.0,1.0,-20.567429,-919.692017,4.850313
10104.0,1.8857,1.6916,-0.012951,-0.012951,1.0,1.0,-20.57139,-919.680603,4.934927
10106.0,1.8881,1.7526,-0.013694,-0.013694,1.0,1.0,-20.575563,-919.672119,4.963325
10108.0,1.8905,1.7526,-0.013956,-0.013956,1.0,1.0,-20.579805,-919.662048,5.022576
10110.0,1.8936,1.8137,-0.01441,-0.01441,1.0,1.0,-20.584194,-919.65155,5.102551
10112.0,1.8947,1.7526,-0.01539,-0.01539,1.0,1.0,-20.588783,-919.641235,5.137118
10114.0,1.8984,1.8747,-0.015433,-0.015433,1.0,1.0,-20.593456,-919.629333,5.237379
10116.0,1.9018,1.6916,-0.016853,-0.016853,1.0,1.0,-20.598379,-919.620239,5.235487
10118.0,1.9052,1.6916,-0.016768,-0.016768,1.0,1.0,-20.603296,-919.609741,5.255257
10120.0,1.907,1.8747,-0.016553,-0.016553,1.0,1.0,-20.608261,-919.59906,5.308196
10122.0,1.9086,1.8747,-0.017099,-0.017099,1.0,1.0,-20.613358,-919.588257,5.314219
10124.0,1.9116,2.2409,-0.01632,-0.01632,1.0,1.0,-20.618465,-919.576355,5.322477
10126.0,1.9145,2.4851,-0.015828,-0.015828,1.0,1.0,-20.623592,-919.566895,5.338239
10128.0,1.9175,2.4851,-0.015943,-0.015943,1.0,1.0,-20.628757,-919.556274,5.314723
10130.0,1.9227,2.7292,-0.015062,-0.015062,1.0,1.0,-20.633862,-919.545715,5.304122
10132.0,1.9279,2.9123,-0.014453,-0.014453,1.0,1.0,-20.638937,-919.535095,5.302624
10134.0,1.9311,2.7292,-0.014769,-0.014769,1.0,1.0,-20.644007,-919.523315,5.283525
10136.0,1.9361,2.9123,-0.014072,-0.014072,1.0,1.0,-20.649027,-919.513794,5.287398
10138.0,1.9411,2.9123,-0.014018,-0.014018,1.0,1.0,-20.654055,-919.503235,5.281502
10140.0,1.9466,3.3396,-0.01293,-0.01293,1.0,1.0,-20.659065,-919.492615,5.301155
10142.0,1.9515,3.2175,-0.013312,-0.013312,1.0,1.0,-20.664124,-919.481934,5.321158
10144.0,1.9554,3.4006,-0.013062,-0.013062,1.0,1.0,-20.66923,-919.470337,5.350876
10146.0,1.9612,3.4006,-0.013273,-0.013273,1.0,1.0,-20.674408,-919.460266,5.366975
10148.0,1.967,3.4006,-0.013337,-0.013337,1.0,1.0,-20.679625,-919.449463,5.401922
10150.0,1.9729,3.4006,-0.013604,-0.013604,1.0,1.0,-20.684927,-919.438477,5.453469
10152.0,1.978,3.5227,-0.013805,-0.013805,1.0,1.0,-20.690357,-919.427429,5.495401
10154.0,1.9824,3.7058,-0.013782,-0.013782,1.0,1.0,-20.69589,-919.415405,5.552818
10156.0,1.9868,3.7058,-0.014323,-0.014323,1.0,1.0,-20.701565,-919.40509,5.58669
10158.0,1.9932,3.7058,-0.014568,-0.014568,1.0,1.0,-20.707323,-919.393677,5.598435
10160.0,2.0007,4.072,-0.013765,-0.013765,1.0,1.0,-20.713108,-919.382385,5.631907
10162.0,2.0081,4.0109,-0.014119,-0.014119,1.0,1.0,-20.718975,-919.371155,5.626903
10164.0,2.0156,4.2551,-0.013395,-0.013395,1.0,1.0,-20.724827,-919.359131,5.627567
10166.0,2.0231,4.2551,-0.013259,-0.013259,1.0,1.0,-20.730679,-919.348633,5.619043
10168.0,2.0315,4.3161,-0.012874,-0.012874,1.0,1.0,-20.736506,-919.337585,5.55465
10170.0,2.0401,4.3772,-0.011877,-0.011877,1.0,1.0,-20.742168,-919.326599,5.522942
10172.0,2.0476,4.3772,-0.011388,-0.011388,1.0,1.0,-20.747749,-919.315552,5.449334
10174.0,2.0565,4.5603,-0.010022,-0.010022,1.0,1.0,-20.753143,-919.304382,5.373052
10176.0,2.0654,4.5603,-0.00902,-0.00902,1.0,1.0,-20.758345,-919.29425,5.342768
10178.0,2.0752,4.4992,-0.008635,-0.008635,1.0,1.0,-20.763468,-919.283813,5.245548
10180.0,2.0852,4.5603,-0.007253,-0.007253,1.0,1.0,-20.768345,-919.273499,5.203261
10182.0,2.0949,4.4382,-0.006869,-0.006869,1.0,1.0,-20.773113,-919.263184,5.149614
10184.0,2.106,4.5603,-0.005811,-0.005811,1.0,1.0,-20.777744,-919.252563,5.097154
10186.0,2.117,4.5603,-0.005028,-0.005028,1.0,1.0,-20.782242,-919.242676,5.100168
10188.0,2.1275,4.2551,-0.005516,-0.005516,1.0,1.0,-20.786745,-919.232605,5.064146
10190.0,2.1382,4.0109,-0.005443,-0.005443,1.0,1.0,-20.791157,-919.222534,5.067297
10192.0,2.1493,3.7668,-0.005788,-0.005788,1.0,1.0,-20.795574,-919.21228,5.083014
10194.0,2.1595,3.7668,-0.005763,-0.005763,1.0,1.0,-20.80003,-919.201782,5.096788
10196.0,2.1697,3.7668,-0.005718,-0.005718,1.0,1.0,-20.804518,-919.191528,5.170621
10198.0,2.1792,3.5837,-0.006734,-0.006734,1.0,1.0,-20.809189,-919.181152,5.186211
10200.0,2.1887,3.2785,-0.007378,-0.007378,1.0,1.0,-20.813898,-919.170654,5.236876
10202.0,2.1968,3.0344,-0.008298,-0.008298,1.0,1.0,-20.818733,-919.159973,5.29532
10204.0,2.2053,2.8513,-0.009165,-0.009165,1.0,1.0,-20.823711,-919.149109,5.322678
10206.0,2.2138,2.8513,-0.0093,-0.0093,1.0,1.0,-20.828756,-919.138306,5.383803
10208.0,2.2208,2.424,-0.010748,-0.010748,1.0,1.0,-20.833954,-919.127319,5.442986
10210.0,2.2271,2.302,-0.011533,-0.011533,1.0,1.0,-20.839298,-919.116516,5.423294
10212.0,2.2333,2.363,-0.01107,-0.01107,1.0,1.0,-20.844591,-919.10553,5.473558
10214.0,2.238,2.302,-0.011657,-0.011657,1.0,1.0,-20.850008,-919.094604,5.462699
10216.0,2.2427,2.302,-0.011448,-0.011448,1.0,1.0,-20.855394,-919.083618,5.480516
10218.0,2.2458,2.0578,-0.012109,-0.012109,1.0,1.0,-20.860825,-919.07251,5.466028
10220.0,2.2511,2.1799,-0.011586,-0.011586,1.0,1.0,-20.866217,-919.061707,5.430126
10222.0,2.2556,1.9357,-0.011634,-0.011634,1.0,1.0,-20.871515,-919.050903,5.420156
10224.0,2.2601,1.9357,-0.01144,-0.01144,1.0,1.0,-20.876787,-919.040161,5.382762
10226.0,2.2636,2.1189,-0.010572,-0.010572,1.0,1.0,-20.881962,-919.029419,5.364527
10228.0,2.267,1.9357,-0.010701,-0.010701,1.0,1.0,-20.887089,-919.018799,5.336437
10230.0,2.271,1.8747,-0.010451,-0.010451,1.0,1.0,-20.892143,-919.007996,5.313271
10232.0,2.2754,1.9357,-0.009983,-0.009983,1.0,1.0,-20.897139,-918.997437,5.294265
10234.0,2.2798,1.9357,-0.009691,-0.009691,1.0,1.0,-20.902084,-918.986877,5.28852
10236.0,2.2838,1.8747,-0.009684,-0.009684,1.0,1.0,-20.907013,-918.976257,5.306334
10238.0,2.2873,1.6916,-0.010203,-0.010203,1.0,1.0,-20.911983,-918.965576,5.323911
10240.0,2.293,1.8137,-0.010023,-0.010023,1.0,1.0,-20.916998,-918.954834,5.347523
10242.0,2.2974,1.6306,-0.010588,-0.010588,1.0,1.0,-20.92207,-918.944092,5.368304
10244.0,2.3019,1.6306,-0.010729,-0.010729,1.0,1.0,-20.927191,-918.933105,5.403033
10246.0,2.3047,1.5695,-0.011184,-0.011184,1.0,1.0,-20.932398,-918.922119,5.446198
10248.0,2.3071,1.5085,-0.01174,-0.01174,1.0,1.0,-20.93771,-918.911133,5.480978
10250.0,2.3095,1.4475,-0.012204,-0.012204,1.0,1.0,-20.943108,-918.900024,5.524922
10252.0,2.3132,1.5085,-0.012479,-0.012479,1.0,1.0,-20.948614,-918.888916,5.541367
10254.0,2.317,1.5085,-0.012586,-0.012586,1.0,1.0,-20.954159,-918.877686,5.520644
10256.0,2.3199,1.3864,-0.012566,-0.012566,1.0,1.0,-20.95965,-918.866516,5.564157
10258.0,2.3215,1.1423,-0.013534,-0.013534,1.0,1.0,-20.965248,-918.855469,5.543427
10260.0,2.3238,1.2644,-0.013002,-0.013002,1.0,1.0,-20.970793,-918.84436,5.544745
10262.0,2.3253,1.1423,-0.01325,-0.01325,1.0,1.0,-20.976337,-918.833374,5.50336
10264.0,2.3267,1.1423,-0.012772,-0.012772,1.0,1.0,-20.981775,-918.82251,5.471418
10266.0,2.328,1.3864,-0.011876,-0.011876,1.0,1.0,-20.987131,-918.811584,5.456108
10268.0,2.3294,1.3864,-0.011682,-0.011682,1.0,1.0,-20.992447,-918.80072,5.388777
10270.0,2.3336,1.7526,-0.01008,-0.01008,1.0,1.0,-20.997591,-918.789978,5.369482
10272.0,2.3372,1.3864,-0.010589,-0.010589,1.0,1.0,-21.002686,-918.779419,5.311238
10274.0,2.3408,1.3864,-0.009887,-0.009887,1.0,1.0,-21.007631,-918.768921,5.278452
10276.0,2.3438,1.2644,-0.009734,-0.009734,1.0,1.0,-21.012493,-918.758362,5.277004
10278.0,2.3458,1.2033,-0.009811,-0.009811,1.0,1.0,-21.017349,-918.747864,5.248947
10280.0,2.3499,1.5085,-0.008771,-0.008771,1.0,1.0,-21.022133,-918.737061,5.287663
10282.0,2.3547,1.3864,-0.009364,-0.009364,1.0,1.0,-21.027012,-918.726563,5.279475
10284.0,2.3594,1.3864,-0.009183,-0.009183,1.0,1.0,-21.031868,-918.715942,5.301171
10286.0,2.3626,1.3254,-0.00949,-0.00949,1.0,1.0,-21.036777,-918.705139,5.362316
10288.0,2.3649,1.0813,-0.010636,-0.010636,1.0,1.0,-21.041838,-918.694336,5.393283
10290.0,2.3679,0.8982,-0.011309,-0.011309,1.0,1.0,-21.046974,-918.683289,5.477699
10292.0,2.3709,0.8982,-0.01217,-0.01217,1.0,1.0,-21.05232,-918.671997,5.523832
10294.0,2.3737,0.8982,-0.012618,-0.012618,1.0,1.0,-21.057781,-918.660767,5.594646
10296.0,2.3762,1.0202,-0.013079,-0.013079,1.0,1.0,-21.063417,-918.649292,5.672819
10298.0,2.3765,0.715,-0.01458,-0.01458,1.0,1.0,-21.069246,-918.637878,5.712552
10300.0,2.3783,1.0202,-0.014322,-0.014322,1.0,1.0,-21.075174,-918.626099,5.819548
10302.0,2.3801,1.0202,-0.015436,-0.015436,1.0,1.0,-21.081367,-918.614319,5.814123
10304.0,2.3804,0.7761,-0.015895,-0.015895,1.0,1.0,-21.087545,-918.602539,5.854119
10306.0,2.3803,0.9592,-0.015932,-0.015932,1.0,1.0,-21.093821,-918.590759,5.88213
10308.0,2.3796,1.2644,-0.01559,-0.01559,1.0,1.0,-21.100164,-918.578979,5.886438
10310.0,2.3801,1.5085,-0.015103,-0.015103,1.0,1.0,-21.106516,-918.5672,5.896046
10312.0,2.3806,1.5085,-0.015196,-0.015196,1.0,1.0,-21.112888,-918.555481,5.860793
10314.0,2.3819,1.6916,-0.014401,-0.014401,1.0,1.0,-21.119171,-918.543762,5.860731
10316.0,2.3833,1.8747,-0.013979,-0.013979,1.0,1.0,-21.12545,-918.531921,5.839668
10318.0,2.3848,2.0578,-0.013333,-0.013333,1.0,1.0,-21.131674,-918.520264,5.826114
10320.0,2.3872,2.302,-0.012616,-0.012616,1.0,1.0,-21.137861,-918.508606,5.824934
10322.0,2.3897,2.302,-0.012556,-0.012556,1.0,1.0,-21.144043,-918.497009,5.819692
10324.0,2.3937,2.363,-0.012292,-0.012292,1.0,1.0,-21.150209,-918.485229,5.856481
10326.0,2.3978,2.5461,-0.012215,-0.012215,1.0,1.0,-21.156466,-918.473267,5.864316
10328.0,2.4017,2.7292,-0.01183,-0.01183,1.0,1.0,-21.162739,-918.461487,5.893797
10330.0,2.406,2.7292,-0.012065,-0.012065,1.0,1.0,-21.169085,-918.449585,5.927401
10332.0,2.4103,2.7292,-0.012343,-0.012343,1.0,1.0,-21.175512,-918.437561,5.984281
10334.0,2.4137,2.8513,-0.012625,-0.012625,1.0,1.0,-21.182079,-918.425415,6.031232
10336.0,2.4171,2.9123,-0.012932,-0.012932,1.0,1.0,-21.188763,-918.413208,6.094933
10338.0,2.4218,3.0344,-0.013262,-0.013262,1.0,1.0,-21.195602,-918.400879,6.126778
10340.0,2.4275,3.1565,-0.013233,-0.013233,1.0,1.0,-21.20252,-918.388428,6.149639
10342.0,2.4331,3.1565,-0.013369,-0.013369,1.0,1.0,-21.209492,-918.376099,6.142935
10344.0,2.4385,3.1565,-0.013196,-0.013196,1.0,1.0,-21.216444,-918.36377,6.148362
10346.0,2.4449,3.4616,-0.012477,-0.012477,1.0,1.0,-21.223408,-918.35144,6.156159
10348.0,2.4508,3.4616,-0.012447,-0.012447,1.0,1.0,-21.230389,-918.339355,6.085908
10350.0,2.4567,3.4616,-0.011583,-0.011583,1.0,1.0,-21.23719,-918.327332,6.031853
10352.0,2.4642,3.4616,-0.010862,-0.010862,1.0,1.0,-21.243853,-918.315308,5.956722
10354.0,2.4701,3.5837,-0.00968,-0.00968,1.0,1.0,-21.250324,-918.30365,5.871735
10356.0,2.4758,3.5837,-0.008655,-0.008655,1.0,1.0,-21.256578,-918.292053,5.809235
10358.0,2.4823,3.8278,-0.007334,-0.007334,1.0,1.0,-21.262674,-918.280762,5.70852
10360.0,2.4887,3.8278,-0.006121,-0.006121,1.0,1.0,-21.268515,-918.26947,5.669347
10362.0,2.4967,3.6447,-0.005936,-0.005936,1.0,1.0,-21.274254,-918.258362,5.58481
10364.0,2.5053,3.5837,-0.004981,-0.004981,1.0,1.0,-21.279778,-918.24707,5.559621
10366.0,2.5138,3.6447,-0.004412,-0.004412,1.0,1.0,-21.285236,-918.236023,5.541346
10368.0,2.5233,3.5227,-0.004293,-0.004293,1.0,1.0,-21.290648,-918.225037,5.506535
10370.0,2.5328,3.5227,-0.003732,-0.003732,1.0,1.0,-21.295969,-918.213928,5.542656
10372.0,2.5414,3.0344,-0.00501,-0.00501,1.0,1.0,-21.301378,-918.20282,5.546233
10374.0,2.5494,2.9123,-0.005158,-0.005158,1.0,1.0,-21.306795,-918.191528,5.627861
10376.0,2.5567,2.6682,-0.006431,-0.006431,1.0,1.0,-21.312414,-918.180176,5.644168
10378.0,2.5641,2.4851,-0.006861,-0.006861,1.0,1.0,-21.318071,-918.168518,5.710637
10380.0,2.5715,2.4851,-0.007443,-0.007443,1.0,1.0,-21.323895,-918.156921,5.771458
10382.0,2.5778,2.2409,-0.008504,-0.008504,1.0,1.0,-21.329868,-918.145264,5.809342
10384.0,2.5826,1.9968,-0.009346,-0.009346,1.0,1.0,-21.335934,-918.133423,5.879248
10386.0,2.5891,1.8747,-0.010234,-0.010234,1.0,1.0,-21.342173,-918.121582,5.907359
10388.0,2.5941,1.6916,-0.010834,-0.010834,1.0,1.0,-21.34848,-918.109436,5.941017
10390.0,2.599,1.6916,-0.0111,-0.0111,1.0,1.0,-21.35487,-918.097534,5.946126
10392.0,2.6025,1.5695,-0.011352,-0.011352,1.0,1.0,-21.361269,-918.085693,5.942379
10394.0,2.6059,1.5695,-0.011246,-0.011246,1.0,1.0,-21.367657,-918.073792,5.933645
10396.0,2.6094,1.6306,-0.010954,-0.010954,1.0,1.0,-21.37402,-918.062012,5.903777
10398.0,2.6125,1.6306,-0.010575,-0.010575,1.0,1.0,-21.380306,-918.050293,5.883369
10400.0,2.6155,1.6306,-0.010297,-0.010297,1.0,1.0,-21.386538,-918.038452,5.843864
10402.0,2.6184,1.6306,-0.009817,-0.009817,1.0,1.0,-21.392668,-918.026855,5.811419
10404.0,2.622,1.5695,-0.009529,-0.009529,1.0,1.0,-21.398714,-918.01532,5.782933
10406.0,2.6247,1.4475,-0.009432,-0.009432,1.0,1.0,-21.404686,-918.003845,5.759661
10408.0,2.6274,1.3864,-0.009262,-0.009262,1.0,1.0,-21.410597,-917.992432,5.726522
10410.0,2.63,1.3864,-0.008854,-0.008854,1.0,1.0,-21.416422,-917.980896,5.734487
10412.0,2.6331,1.5085,-0.008618,-0.008618,1.0,1.0,-21.422266,-917.969177,5.759311
10414.0,2.6378,1.3864,-0.009059,-0.009059,1.0,1.0,-21.428169,-917.957642,5.777046
10416.0,2.6411,1.1423,-0.009712,-0.009712,1.0,1.0,-21.434114,-917.945984,5.800261
10418.0,2.6443,1.1423,-0.009899,-0.009899,1.0,1.0,-21.440117,-917.934265,5.836903
10420.0,2.6468,0.8982,-0.010771,-0.010771,1.0,1.0,-21.446209,-917.922485,5.883249
10422.0,2.6496,0.9592,-0.011084,-0.011084,1.0,1.0,-21.452414,-917.910583,5.916247
10424.0,2.6526,0.9592,-0.011379,-0.011379,1.0,1.0,-21.4587,-917.898438,5.964729
10426.0,2.6546,0.7761,-0.012255,-0.012255,1.0,1.0,-21.465105,-917.886475,5.979726
10428.0,2.6565,0.7761,-0.012379,-0.012379,1.0,1.0,-21.471544,-917.874512,5.982013
10430.0,2.6591,0.9592,-0.011961,-0.011961,1.0,1.0,-21.477987,-917.862488,5.998637
10432.0,2.6599,0.593,-0.012908,-0.012908,1.0,1.0,-21.48447,-917.850586,5.969617
10434.0,2.6616,0.593,-0.012566,-0.012566,1.0,1.0,-21.490877,-917.838501,5.953947
10436.0,2.662,0.7761,-0.011997,-0.011997,1.0,1.0,-21.497242,-917.826721,5.898981
10438.0,2.6625,0.7761,-0.011399,-0.011399,1.0,1.0,-21.503466,-917.814941,5.88345
10440.0,2.6638,0.9592,-0.010813,-0.010813,1.0,1.0,-21.509649,-917.803406,5.822148
10442.0,2.6648,0.715,-0.010659,-0.010659,1.0,1.0,-21.515676,-917.79187,5.777067
10444.0,2.6663,0.8982,-0.009752,-0.009752,1.0,1.0,-21.521587,-917.780518,5.723728
10446.0,2.6676,0.8371,-0.009284,-0.009284,1.0,1.0,-21.527361,-917.769165,5.672748
10448.0,2.6689,0.8371,-0.008704,-0.008704,1.0,1.0,-21.533005,-917.75769,5.66455
10450.0,2.6701,0.8982,-0.00846,-0.00846,1.0,1.0,-21.538626,-917.746399,5.640309
10452.0,2.6715,0.593,-0.008825,-0.008825,1.0,1.0,-21.544184,-917.735046,5.675616
10454.0,2.6742,0.715,-0.008895,-0.008895,1.0,1.0,-21.549828,-917.723694,5.665503
10456.0,2.6764,0.4709,-0.009267,-0.009267,1.0,1.0,-21.555445,-917.712219,5.716841
10458.0,2.6787,0.4709,-0.009783,-0.009783,1.0,1.0,-21.561188,-917.700684,5.76109
10460.0,2.6798,0.3488,-0.010503,-0.010503,1.0,1.0,-21.567039,-917.688782,5.814284
10462.0,2.6812,0.0437,-0.011702,-0.011702,1.0,1.0,-21.573023,-917.67688,5.898174
10464.0,2.6813,0.2878,-0.012077,-0.012077,1.0,1.0,-21.579214,-917.664917,5.958527
10466.0,2.681,0.2268,-0.012862,-0.012862,1.0,1.0,-21.585556,-917.65271,6.068652
10468.0,2.6806,0.2268,-0.014046,-0.014046,1.0,1.0,-21.592171,-917.640442,6.109164
10470.0,2.68,0.3488,-0.014229,-0.014229,1.0,1.0,-21.598885,-917.62793,6.21741
10472.0,2.6795,0.5319,-0.015001,-0.015001,1.0,1.0,-21.605867,-917.615479,6.224329
10474.0,2.6777,0.4099,-0.01537,-0.01537,1.0,1.0,-21.612865,-917.602661,6.264632
10476.0,2.6766,0.5319,-0.015559,-0.015559,1.0,1.0,-21.619963,-917.590027,6.294269
10478.0,2.6755,0.5319,-0.015896,-0.015896,1.0,1.0,-21.627131,-917.577454,6.292481
10480.0,2.6755,0.654,-0.015617,-0.015617,1.0,1.0,-21.634291,-917.564819,6.301157
10482.0,2.6749,0.9592,-0.015068,-0.015068,1.0,1.0,-21.64147,-917.552368,6.266731
10484.0,2.6751,1.2033,-0.014177,-0.014177,1.0,1.0,-21.648561,-917.539795,6.265028
10486.0,2.6752,1.2033,-0.014155,-0.014155,1.0,1.0,-21.655645,-917.527161,6.240457
10488.0,2.6744,1.2644,-0.013779,-0.013779,1.0,1.0,-21.662664,-917.514709,6.229791
10490.0,2.6758,1.5695,-0.012986,-0.012986,1.0,1.0,-21.669653,-917.502319,6.21059
10492.0,2.6767,1.8137,-0.01224,-0.01224,1.0,1.0,-21.676592,-917.489807,6.246523
10494.0,2.6784,1.9968,-0.0122,-0.0122,1.0,1.0,-21.683619,-917.477295,6.247678
10496.0,2.6801,1.9968,-0.01218,-0.01218,1.0,1.0,-21.690645,-917.464722,6.285834
10498.0,2.6827,2.1799,-0.012148,-0.012148,1.0,1.0,-21.697763,-917.451843,6.317687
10500.0,2.686,2.1799,-0.012424,-0.012424,1.0,1.0,-21.70496,-917.438965,6.383357
10502.0,2.6885,2.2409,-0.012947,-0.012947,1.0,1.0,-21.712318,-917.426086,6.431798
10504.0,2.6916,2.5461,-0.012753,-0.012753,1.0,1.0,-21.719795,-917.413025,6.505424
10506.0,2.6947,2.5461,-0.013478,-0.013478,1.0,1.0,-21.727453,-917.399902,6.534926
10508.0,2.6991,2.9123,-0.012927,-0.012927,1.0,1.0,-21.735184,-917.386719,6.569002
10510.0,2.7031,2.9733,-0.013083,-0.013083,1.0,1.0,-21.742996,-917.373596,6.568292
10512.0,2.7067,3.3396,-0.012228,-0.012228,1.0,1.0,-21.750803,-917.360291,6.563329
10514.0,2.7126,3.6447,-0.011412,-0.011412,1.0,1.0,-21.758595,-917.347168,6.544193
10516.0,2.7185,3.6447,-0.011096,-0.011096,1.0,1.0,-21.766335,-917.334351,6.461958
10518.0,2.7242,3.2785,-0.010892,-0.010892,1.0,1.0,-21.773865,-917.321594,6.402928
10520.0,2.7306,3.3396,-0.010008,-0.010008,1.0,1.0,-21.781244,-917.309082,6.288784
10522.0,2.7365,3.5227,-0.008284,-0.008284,1.0,1.0,-21.788334,-917.296753,6.228596
10524.0,2.7438,3.5227,-0.007498,-0.007498,1.0,1.0,-21.795269,-917.284424,6.115282
10526.0,2.7511,3.5227,-0.00614,-0.00614,1.0,1.0,-21.801918,-917.272339,6.051136
10528.0,2.7589,3.5837,-0.005169,-0.005169,1.0,1.0,-21.808403,-917.260498,5.974254
10530.0,2.766,3.6447,-0.004074,-0.004074,1.0,1.0,-21.814692,-917.248718,5.927951
10532.0,2.7732,3.7668,-0.003173,-0.003173,1.0,1.0,-21.820862,-917.236938,5.89867
10534.0,2.7826,3.7668,-0.002674,-0.002674,1.0,1.0,-21.826956,-917.22522,5.871666
10536.0,2.7921,3.7668,-0.0022,-0.0022,1.0,1.0,-21.832979,-917.213379,5.895025
10538.0,2.8025,3.4616,-0.002909,-0.002909,1.0,1.0,-21.83906,-917.201416,5.909708
10540.0,2.8123,3.1565,-0.003535,-0.003535,1.0,1.0,-21.845175,-917.189331,5.99158
10542.0,2.821,2.9123,-0.004777,-0.004777,1.0,1.0,-21.851492,-917.177246,6.014043
10544.0,2.8297,2.9123,-0.004853,-0.004853,1.0,1.0,-21.857864,-917.164978,6.098352
10546.0,2.838,2.5461,-0.006388,-0.006388,1.0,1.0,-21.864445,-917.152649,6.142704
10548.0,2.8445,2.424,-0.007002,-0.007002,1.0,1.0,-21.871134,-917.140198,6.205163
10550.0,2.851,2.4851,-0.007419,-0.007419,1.0,1.0,-21.877977,-917.127563,6.286208
10552.0,2.8559,2.0578,-0.009108,-0.009108,1.0,1.0,-21.885023,-917.114807,6.282731
10554.0,2.8608,2.0578,-0.008978,-0.008978,1.0,1.0,-21.892057,-917.102112,6.315106
10556.0,2.865,1.7526,-0.009897,-0.009897,1.0,1.0,-21.89917,-917.089539,6.302003
10558.0,2.87,1.7526,-0.009661,-0.009661,1.0,1.0,-21.906246,-917.076904,6.310812
10560.0,2.8752,1.8137,-0.009525,-0.009525,1.0,1.0,-21.913342,-917.064392,6.266448
10562.0,2.8778,1.5695,-0.009522,-0.009522,1.0,1.0,-21.920322,-917.051941,6.240125
10564.0,2.8804,1.5695,-0.00919,-0.00919,1.0,1.0,-21.927235,-917.039429,6.195756
10566.0,2.8844,1.6916,-0.008377,-0.008377,1.0,1.0,-21.934032,-917.0271,6.16096
10568.0,2.8886,1.5695,-0.008185,-0.008185,1.0,1.0,-21.940741,-917.014893,6.121045
10570.0,2.8921,1.5695,-0.00769,-0.00769,1.0,1.0,-21.947346,-917.002747,6.097641
10572.0,2.8952,1.3864,-0.007771,-0.007771,1.0,1.0,-21.95389,-916.990723,6.052228
10574.0,2.8983,1.3864,-0.007223,-0.007223,1.0,1.0,-21.960316,-916.978577,6.062541
10576.0,2.902,1.3254,-0.007394,-0.007394,1.0,1.0,-21.966766,-916.966125,6.090118
10578.0,2.9064,1.1423,-0.007999,-0.007999,1.0,1.0,-21.973284,-916.953857,6.115571
10580.0,2.9104,1.0813,-0.008326,-0.008326,1.0,1.0,-21.979862,-916.941589,6.138597
10582.0,2.9138,0.8982,-0.0089,-0.0089,1.0,1.0,-21.986496,-916.929199,6.187137
10584.0,2.9172,0.8982,-0.009356,-0.009356,1.0,1.0,-21.993248,-916.916687,6.229262
10586.0,2.9203,0.715,-0.010139,-0.010139,1.0,1.0,-22.000103,-916.904114,6.262608
10588.0,2.9226,0.654,-0.010583,-0.010583,1.0,1.0,-22.00704,-916.891235,6.298594
10590.0,2.9237,0.3488,-0.0116,-0.0116,1.0,1.0,-22.014065,-916.878723,6.276656
10592.0,2.9249,0.4709,-0.011081,-0.011081,1.0,1.0,-22.02103,-916.866028,6.315416
10594.0,2.9261,0.4709,-0.011472,-0.011472,1.0,1.0,-22.028091,-916.853516,6.285862
10596.0,2.9263,0.5319,-0.011023,-0.011023,1.0,1.0,-22.035076,-916.840942,6.271828
10598.0,2.927,0.2268,-0.01151,-0.01151,1.0,1.0,-22.042023,-916.828552,6.2134
10600.0,2.9278,0.3488,-0.01061,-0.01061,1.0,1.0,-22.048819,-916.816223,6.182617
10602.0,2.9277,0.3488,-0.010283,-0.010283,1.0,1.0,-22.055534,-916.803833,6.120153
10604.0,2.9276,0.3488,-0.009616,-0.009616,1.0,1.0,-22.062092,-916.791748,6.073321
10606.0,2.9287,0.4709,-0.00883,-0.00883,1.0,1.0,-22.068529,-916.779785,6.006799
10608.0,2.9306,0.4099,-0.008209,-0.008209,1.0,1.0,-22.074797,-916.767944,5.964245
10610.0,2.9311,0.4099,-0.007742,-0.007742,1.0,1.0,-22.080954,-916.756042,5.942301
10612.0,2.9316,0.4099,-0.007496,-0.007496,1.0,1.0,-22.087053,-916.744202,5.919142
10614.0,2.9316,0.2878,-0.007509,-0.007509,1.0,1.0,-22.093092,-916.732056,5.961164
10616.0,2.9322,0.2268,-0.00808,-0.00808,1.0,1.0,-22.099234,-916.720215,5.944594
10618.0,2.9356,0.2878,-0.007706,-0.007706,1.0,1.0,-22.105331,-916.708069,6.019618
10620.0,2.9375,0.2878,-0.008477,-0.008477,1.0,1.0,-22.111616,-916.695923,6.049034
10622.0,2.9394,0.2878,-0.008757,-0.008757,1.0,1.0,-22.117971,-916.683594,6.13909
10624.0,2.9415,0.1047,-0.010076,-0.010076,1.0,1.0,-22.12455,-916.671143,6.20101
10626.0,2.9412,0.0437,-0.010874,-0.010874,1.0,1.0,-22.131283,-916.658264,6.285795
10628.0,2.9395,-0.0174,-0.011945,-0.011945,1.0,1.0,-22.138226,-916.645447,6.371356
10630.0,2.9387,-0.1394,-0.013133,-0.013133,1.0,1.0,-22.14538,-916.632568,6.430329
10632.0,2.938,-0.1394,-0.013775,-0.013775,1.0,1.0,-22.152679,-916.619446,6.487823
10634.0,2.9364,-0.0174,-0.014156,-0.014156,1.0,1.0,-22.160122,-916.606384,6.520794
10636.0,2.9351,0.2268,-0.014011,-0.014011,1.0,1.0,-22.167643,-916.593201,6.564521
10638.0,2.9315,0.1047,-0.014804,-0.014804,1.0,1.0,-22.17527,-916.579834,6.563691
10640.0,2.9301,0.1657,-0.014692,-0.014692,1.0,1.0,-22.182894,-916.56665,6.57495
10642.0,2.9286,0.1657,-0.014839,-0.014839,1.0,1.0,-22.190542,-916.553589,6.540775
10644.0,2.9262,0.654,-0.013481,-0.013481,1.0,1.0,-22.198101,-916.540588,6.531294
10646.0,2.9256,1.2033,-0.012221,-0.012221,1.0,1.0,-22.205633,-916.527588,6.501196
10648.0,2.9252,1.5085,-0.011259,-0.011259,1.0,1.0,-22.213087,-916.514648,6.48589
10650.0,2.9266,1.4475,-0.011199,-0.011199,1.0,1.0,-22.220499,-916.501709,6.472579
10652.0,2.928,1.4475,-0.01103,-0.01103,1.0,1.0,-22.227875,-916.488525,6.501067
10654.0,2.9304,1.3864,-0.011417,-0.011417,1.0,1.0,-22.235319,-916.475464,6.506453
10656.0,2.932,1.7526,-0.010664,-0.010664,1.0,1.0,-22.242775,-916.462402,6.532588
10658.0,2.9334,1.9968,-0.010396,-0.010396,1.0,1.0,-22.250294,-916.449158,6.575945
10660.0,2.9355,1.9968,-0.010819,-0.010819,1.0,1.0,-22.257917,-916.435791,6.640772
10662.0,2.9376,1.9968,-0.01147,-0.01147,1.0,1.0,-22.265701,-916.422363,6.695975
10664.0,2.9386,2.1189,-0.011778,-0.011778,1.0,1.0,-22.273621,-916.408569,6.76235
10666.0,2.9428,2.302,-0.012013,-0.012013,1.0,1.0,-22.281704,-916.394958,6.787343
10668.0,2.9456,2.5461,-0.011708,-0.011708,1.0,1.0,-22.289846,-916.381287,6.819812
10670.0,2.9499,2.6071,-0.011841,-0.011841,1.0,1.0,-22.298067,-916.367676,6.815381
10672.0,2.9542,2.6071,-0.011712,-0.011712,1.0,1.0,-22.306274,-916.354004,6.815507
10674.0,2.9563,2.7902,-0.011285,-0.011285,1.0,1.0,-22.314478,-916.340576,6.744551
10676.0,2.9605,2.8513,-0.01032,-0.01032,1.0,1.0,-22.3225,-916.327332,6.671958
10678.0,2.9655,3.1565,-0.008804,-0.008804,1.0,1.0,-22.330336,-916.314026,6.57557
10680.0,2.9704,3.1565,-0.007681,-0.007681,1.0,1.0,-22.337927,-916.301208,6.481747
10682.0,2.976,2.9733,-0.006961,-0.006961,1.0,1.0,-22.34528,-916.288513,6.387124
10684.0,2.9826,3.2175,-0.0053,-0.0053,1.0,1.0,-22.352392,-916.276062,6.283419
10686.0,2.99,3.2175,-0.004042,-0.004042,1.0,1.0,-22.35924,-916.263672,6.217169
10688.0,2.9956,3.1565,-0.003353,-0.003353,1.0,1.0,-22.365919,-916.251465,6.135993
10690.0,3.0011,3.1565,-0.002371,-0.002371,1.0,1.0,-22.372391,-916.239014,6.117551
10692.0,3.0075,3.0344,-0.002309,-0.002309,1.0,1.0,-22.378815,-916.226929,6.071515
10694.0,3.0163,2.9733,-0.001774,-0.001774,1.0,1.0,-22.38512,-916.214722,6.106744
10696.0,3.0254,2.7292,-0.002505,-0.002505,1.0,1.0,-22.391512,-916.202454,6.116313
10698.0,3.0338,2.6682,-0.002578,-0.002578,1.0,1.0,-22.397924,-916.190002,6.191804
10700.0,3.0421,2.6682,-0.003234,-0.003234,1.0,1.0,-22.404524,-916.17749,6.226513
10702.0,3.0498,2.4851,-0.003853,-0.003853,1.0,1.0,-22.411209,-916.164612,6.31356
10704.0,3.0548,2.1189,-0.005477,-0.005477,1.0,1.0,-22.41811,-916.151855,6.360729
10706.0,3.0593,1.8137,-0.006551,-0.006551,1.0,1.0,-22.425127,-916.138916,6.433243
10708.0,3.0664,1.8137,-0.007193,-0.007193,1.0,1.0,-22.432323,-916.125854,6.504025
10710.0,3.0735,1.8137,-0.007815,-0.007815,1.0,1.0,-22.439693,-916.112854,6.509097
10712.0,3.0793,1.7526,-0.00789,-0.00789,1.0,1.0,-22.447073,-916.099731,6.534833
10714.0,3.0834,1.5085,-0.008607,-0.008607,1.0,1.0,-22.454515,-916.086487,6.519332
10716.0,3.0848,1.2644,-0.008936,-0.008936,1.0,1.0,-22.461916,-916.073486,6.509521
10718.0,3.0882,1.5695,-0.008114,-0.008114,1.0,1.0,-22.469288,-916.060547,6.465115
10720.0,3.0917,1.5695,-0.007573,-0.007573,1.0,1.0,-22.476545,-916.047729,6.432106
10722.0,3.0947,1.4475,-0.007424,-0.007424,1.0,1.0,-22.483717,-916.035034,6.382901
10724.0,3.0988,1.4475,-0.006817,-0.006817,1.0,1.0,-22.490763,-916.022339,6.353701
10726.0,3.1042,1.3864,-0.006532,-0.006532,1.0,1.0,-22.497732,-916.009583,6.300277
10728.0,3.1087,1.2033,-0.006264,-0.006264,1.0,1.0,-22.504564,-915.99707,6.269831
10730.0,3.1132,1.2033,-0.005851,-0.005851,1.0,1.0,-22.511318,-915.984619,6.248584
10732.0,3.1162,1.1423,-0.005695,-0.005695,1.0,1.0,-22.518015,-915.972046,6.269371
10734.0,3.1194,1.0202,-0.006117,-0.006117,1.0,1.0,-22.524761,-915.959473,6.284966
10736.0,3.1227,0.8982,-0.006483,-0.006483,1.0,1.0,-22.531544,-915.946838,6.31141
10738.0,3.1269,0.7761,-0.006948,-0.006948,1.0,1.0,-22.538391,-915.934082,6.34417
10740.0,3.1311,0.7761,-0.00722,-0.00722,1.0,1.0,-22.545317,-915.921082,6.389653
10742.0,3.135,0.593,-0.008024,-0.008024,1.0,1.0,-22.552355,-915.908142,6.430173
10744.0,3.1382,0.1657,-0.009308,-0.009308,1.0,1.0,-22.559492,-915.895142,6.468766
10746.0,3.1388,-0.3226,-0.010752,-0.010752,1.0,1.0,-22.566723,-915.882202,6.467248
10748.0,3.1393,-0.3226,-0.010726,-0.010726,1.0,1.0,-22.573948,-915.869263,6.497536
10750.0,3.1388,-0.2615,-0.010927,-0.010927,1.0,1.0,-22.581245,-915.856323,6.466476
10752.0,3.1373,-0.3226,-0.010756,-0.010756,1.0,1.0,-22.588463,-915.843262,6.450451
10754.0,3.1359,-0.2615,-0.01048,-0.01048,1.0,1.0,-22.595636,-915.830505,6.393963
10756.0,3.1349,-0.3226,-0.010026,-0.010026,1.0,1.0,-22.602665,-915.81781,6.364329
10758.0,3.134,-0.3226,-0.009727,-0.009727,1.0,1.0,-22.609617,-915.805298,6.291509
10760.0,3.133,-0.0784,-0.008443,-0.008443,1.0,1.0,-22.616383,-915.792847,6.233893
10762.0,3.1321,-0.1394,-0.007974,-0.007974,1.0,1.0,-22.623001,-915.780579,6.18021
10764.0,3.1315,-0.0174,-0.007147,-0.007147,1.0,1.0,-22.629482,-915.768433,6.115701
10766.0,3.1312,0.1047,-0.006199,-0.006199,1.0,1.0,-22.635798,-915.756042,6.096006
10768.0,3.1308,0.1047,-0.005994,-0.005994,1.0,1.0,-22.642061,-915.743896,6.075928
10770.0,3.1304,-0.2005,-0.006438,-0.006438,1.0,1.0,-22.648272,-915.731689,6.10558
10772.0,3.1306,-0.2005,-0.006755,-0.006755,1.0,1.0,-22.654554,-915.719482,6.092994
10774.0,3.1312,-0.2005,-0.006607,-0.006607,1.0,1.0,-22.660803,-915.707092,6.163836
10776.0,3.1306,-0.5667,-0.008164,-0.008164,1.0,1.0,-22.667227,-915.694458,6.192888
10778.0,3.13,-0.5667,-0.008488,-0.008488,1.0,1.0,-22.673721,-915.681824,6.289701
10780.0,3.1289,-0.2005,-0.008763,-0.008763,1.0,1.0,-22.680456,-915.669006,6.356487
10782.0,3.1269,-0.3836,-0.009908,-0.009908,1.0,1.0,-22.687357,-915.656006,6.459271
10784.0,3.1244,-0.5667,-0.011445,-0.011445,1.0,1.0,-22.694513,-915.642883,6.524752
10786.0,3.1233,-0.5667,-0.012164,-0.012164,1.0,1.0,-22.701832,-915.629578,6.618252
10788.0,3.1222,-0.5667,-0.013179,-0.013179,1.0,1.0,-22.709381,-915.616272,6.639362
10790.0,3.1205,-0.3226,-0.012916,-0.012916,1.0,1.0,-22.71698,-915.602661,6.681926
10792.0,3.118,-0.3226,-0.013416,-0.013416,1.0,1.0,-22.724684,-915.589172,6.711967
10794.0,3.1113,-0.0174,-0.013211,-0.013211,1.0,1.0,-22.73246,-915.575806,6.704748
10796.0,3.1083,0.3488,-0.012414,-0.012414,1.0,1.0,-22.740215,-915.562378,6.702857
10798.0,3.1053,0.3488,-0.012451,-0.012451,1.0,1.0,-22.747963,-915.549072,6.66498
10800.0,3.1034,0.5319,-0.011695,-0.011695,1.0,1.0,-22.755611,-915.535767,6.649039
10802.0,3.1028,0.654,-0.011277,-0.011277,1.0,1.0,-22.763218,-915.522339,6.621714
10804.0,3.1014,1.1423,-0.009972,-0.009972,1.0,1.0,-22.770752,-915.509155,6.600456
10806.0,3.1001,1.1423,-0.009771,-0.009771,1.0,1.0,-22.778229,-915.496033,6.591473
10808.0,3.1014,1.4475,-0.008999,-0.008999,1.0,1.0,-22.785681,-915.482727,6.620235
10810.0,3.1016,1.5695,-0.009044,-0.009044,1.0,1.0,-22.793201,-915.469482,6.640272
10812.0,3.1043,1.5695,-0.009206,-0.009206,1.0,1.0,-22.80077,-915.456055,6.673299
10814.0,3.1083,1.6306,-0.009353,-0.009353,1.0,1.0,-22.808418,-915.442566,6.725174
10816.0,3.1122,1.6306,-0.00983,-0.00983,1.0,1.0,-22.816195,-915.428711,6.782815
10818.0,3.1128,1.5085,-0.010692,-0.010692,1.0,1.0,-22.824112,-915.414978,6.851956
10820.0,3.1138,1.7526,-0.01089,-0.01089,1.0,1.0,-22.832199,-915.40094,6.890848
10822.0,3.1153,2.1799,-0.010367,-0.010367,1.0,1.0,-22.840382,-915.384277,6.919846
10824.0,3.1191,2.363,-0.010215,-0.010215,1.0,1.0,-22.848633,-915.372803,6.91377
10826.0,3.1226,2.363,-0.010084,-0.010084,1.0,1.0,-22.856867,-915.359436,6.902385
10828.0,3.1268,2.363,-0.009885,-0.009885,1.0,1.0,-22.865068,-915.345703,6.876095
10830.0,3.1313,2.5461,-0.009131,-0.009131,1.0,1.0,-22.873201,-915.332275,6.780262
10832.0,3.1369,2.424,-0.008264,-0.008264,1.0,1.0,-22.88109,-915.316223,6.68368
10834.0,3.1403,2.6682,-0.006648,-0.006648,1.0,1.0,-22.888733,-915.305359,6.586692
10836.0,3.1435,2.6682,-0.005548,-0.005548,1.0,1.0,-22.896128,-915.292847,6.51179
10838.0,3.1487,2.7902,-0.004386,-0.004386,1.0,1.0,-22.903332,-915.280212,6.385227
10840.0,3.1543,2.6071,-0.00331,-0.00331,1.0,1.0,-22.910215,-915.267456,6.32002
10842.0,3.1599,2.6071,-0.002501,-0.002501,1.0,1.0,-22.916933,-915.252808,6.211547
10844.0,3.1652,2.424,-0.001619,-0.001619,1.0,1.0,-22.923374,-915.242493,6.200976
10846.0,3.1704,2.424,-0.001406,-0.001406,1.0,1.0,-22.929787,-915.230469,6.14626
10848.0,3.1774,2.424,-0.00068,-0.00068,1.0,1.0,-22.93606,-915.21814,6.16747
10850.0,3.1862,2.363,-0.000873,-0.000873,1.0,1.0,-22.942383,-915.20575,6.17733
10852.0,3.193,2.1189,-0.001371,-0.001371,1.0,1.0,-22.948729,-915.190918,6.259253
10854.0,3.2004,1.8137,-0.002767,-0.002767,1.0,1.0,-22.955278,-915.18042,6.282633
10856.0,3.2078,1.8137,-0.002879,-0.002879,1.0,1.0,-22.961884,-915.167664,6.3519
10858.0,3.2149,1.6916,-0.00375,-0.00375,1.0,1.0,-22.96866,-915.154724,6.414298
10860.0,3.2193,1.4475,-0.004858,-0.004858,1.0,1.0,-22.975592,-915.141724,6.47557
10862.0,3.2232,1.2644,-0.005833,-0.005833,1.0,1.0,-22.982674,-915.126343,6.565271
10864.0,3.2263,1.0813,-0.007126,-0.007126,1.0,1.0,-22.989979,-915.115417,6.553454
10866.0,3.2293,1.0813,-0.006941,-0.006941,1.0,1.0,-22.99725,-915.102173,6.597167
10868.0,3.2327,0.8371,-0.007865,-0.007865,1.0,1.0,-23.004629,-915.088867,6.576289
10870.0,3.2355,0.7761,-0.007719,-0.007719,1.0,1.0,-23.011951,-915.075684,6.57646
10872.0,3.2391,0.7761,-0.007652,-0.007652,1.0,1.0,-23.019272,-915.06073,6.514833
10874.0,3.2426,0.7761,-0.006925,-0.006925,1.0,1.0,-23.026434,-915.049683,6.496286
10876.0,3.2441,0.5319,-0.007218,-0.007218,1.0,1.0,-23.033548,-915.036865,6.437519
10878.0,3.2457,0.4709,-0.006689,-0.006689,1.0,1.0,-23.040512,-915.024109,6.40445
10880.0,3.2469,0.5319,-0.006181,-0.006181,1.0,1.0,-23.04739,-915.01123,6.352638
10882.0,3.2486,0.0437,-0.006634,-0.006634,1.0,1.0,-23.054134,-914.996948,6.317294
10884.0,3.2504,0.0437,-0.006222,-0.006222,1.0,1.0,-23.060787,-914.986084,6.293326
10886.0,3.2512,0.1047,-0.005818,-0.005818,1.0,1.0,-23.067377,-914.97345,6.312327
10888.0,3.2531,0.1657,-0.005856,-0.005856,1.0,1.0,-23.074013,-914.960754,6.32729
10890.0,3.2542,-0.0174,-0.006385,-0.006385,1.0,1.0,-23.080683,-914.947998,6.353854
10892.0,3.2557,-0.0784,-0.006774,-0.006774,1.0,1.0,-23.087418,-914.933289,6.397754
10894.0,3.2571,-0.0784,-0.007218,-0.007218,1.0,1.0,-23.094259,-914.922058,6.4374
10896.0,3.2571,-0.2615,-0.008033,-0.008033,1.0,1.0,-23.101198,-914.909058,6.475362
10898.0,3.2571,-0.5057,-0.008959,-0.008959,1.0,1.0,-23.108229,-914.895996,6.519225
10900.0,3.2551,-0.6277,-0.009727,-0.009727,1.0,1.0,-23.115368,-914.882935,6.524096
10902.0,3.2542,-0.7498,-0.010057,-0.010057,1.0,1.0,-23.122517,-914.868103,6.544038
10904.0,3.2532,-0.7498,-0.010287,-0.010287,1.0,1.0,-23.129711,-914.856567,6.522034
10906.0,3.2504,-0.6888,-0.009977,-0.009977,1.0,1.0,-23.136848,-914.843628,6.506761
10908.0,3.2478,-0.6277,-0.009732,-0.009732,1.0,1.0,-23.143944,-914.830811,6.445046
10910.0,3.2454,-0.4446,-0.008728,-0.008728,1.0,1.0,-23.150881,-914.817993,6.40865
10912.0,3.2439,-0.3836,-0.008236,-0.008236,1.0,1.0,-23.157724,-914.803955,6.330012
10914.0,3.2425,-0.3836,-0.007421,-0.007421,1.0,1.0,-23.164368,-914.792908,6.27634
10916.0,3.2419,-0.3836,-0.006856,-0.006856,1.0,1.0,-23.170874,-914.780518,6.213565
10918.0,3.2407,-0.2615,-0.005944,-0.005944,1.0,1.0,-23.177219,-914.768066,6.153724
10920.0,3.24,-0.2005,-0.005182,-0.005182,1.0,1.0,-23.183413,-914.755859,6.12965
10922.0,3.2383,-0.2005,-0.004954,-0.004954,1.0,1.0,-23.189543,-914.742432,6.106495
10924.0,3.2366,-0.2005,-0.004737,-0.004737,1.0,1.0,-23.195612,-914.731323,6.13614
10926.0,3.2365,-0.1394,-0.004928,-0.004928,1.0,1.0,-23.201754,-914.719116,6.124269
10928.0,3.2378,-0.2615,-0.005038,-0.005038,1.0,1.0,-23.207863,-914.706665,6.192202
10930.0,3.2377,-0.4446,-0.006162,-0.006162,1.0,1.0,-23.21414,-914.694153,6.23264
10932.0,3.2373,-0.6277,-0.006996,-0.006996,1.0,1.0,-23.220516,-914.680176,6.328706
10934.0,3.2369,-0.6277,-0.008035,-0.008035,1.0,1.0,-23.227131,-914.668396,6.379875
10936.0,3.234,-0.6277,-0.008639,-0.008639,1.0,1.0,-23.233871,-914.655334,6.483007
10938.0,3.2316,-0.5667,-0.009657,-0.009657,1.0,1.0,-23.24087,-914.642212,6.543422
10940.0,3.2293,-0.3836,-0.009955,-0.009955,1.0,1.0,-23.248016,-914.628784,6.645225
10942.0,3.2271,-0.3836,-0.011082,-0.011082,1.0,1.0,-23.255415,-914.61438,6.658777
10944.0,3.226,-0.5057,-0.011508,-0.011508,1.0,1.0,-23.262846,-914.601807,6.705429
10946.0,3.2231,-0.2615,-0.01154,-0.01154,1.0,1.0,-23.27039,-914.588379,6.723773
10948.0,3.2186,0.1047,-0.011041,-0.011041,1.0,1.0,-23.277977,-914.574951,6.715187
10950.0,3.2144,0.2878,-0.01064,-0.01064,1.0,1.0,-23.28554,-914.561523,6.703753
10952.0,3.2102,0.2878,-0.010598,-0.010598,1.0,1.0,-23.29307,-914.547363,6.664401
10954.0,3.209,0.4709,-0.009812,-0.009812,1.0,1.0,-23.300499,-914.534912,6.648829
10956.0,3.2089,0.8982,-0.008739,-0.008739,1.0,1.0,-23.307886,-914.521484,6.612097
10958.0,3.2083,0.9592,-0.008229,-0.008229,1.0,1.0,-23.315178,-914.508362,6.588272
10960.0,3.2102,1.2644,-0.007287,-0.007287,1.0,1.0,-23.322407,-914.495178,6.587801
10962.0,3.2122,1.2644,-0.007245,-0.007245,1.0,1.0,-23.329632,-914.481262,6.613805
10964.0,3.2126,1.3864,-0.007255,-0.007255,1.0,1.0,-23.33692,-914.468689,6.628381
10966.0,3.2149,1.5085,-0.007107,-0.007107,1.0,1.0,-23.34424,-914.455322,6.652459
10968.0,3.2178,1.5085,-0.007309,-0.007309,1.0,1.0,-23.35162,-914.44165,6.708333
10970.0,3.2205,1.3254,-0.008244,-0.008244,1.0,1.0,-23.359137,-914.428101,6.757402
10972.0,3.2232,1.3254,-0.008716,-0.008716,1.0,1.0,-23.366774,-914.41394,6.818454
10974.0,3.2242,1.4475,-0.009089,-0.009089,1.0,1.0,-23.374561,-914.400635,6.854444
10976.0,3.2269,1.6916,-0.008903,-0.008903,1.0,1.0,-23.382435,-914.386841,6.883978
10978.0,3.2295,1.6306,-0.009297,-0.009297,1.0,1.0,-23.390381,-914.373108,6.88197
10980.0,3.231,1.6306,-0.009246,-0.009246,1.0,1.0,-23.398317,-914.359192,6.866264
10982.0,3.2326,1.6306,-0.009049,-0.009049,1.0,1.0,-23.406212,-914.345337,6.832985
10984.0,3.2371,1.6916,-0.008481,-0.008481,1.0,1.0,-23.414019,-914.332153,6.739048
10986.0,3.2408,1.8137,-0.007148,-0.007148,1.0,1.0,-23.421587,-914.318909,6.66437
10988.0,3.2446,1.8747,-0.006149,-0.006149,1.0,1.0,-23.428965,-914.305908,6.542855
10990.0,3.2476,1.8747,-0.004789,-0.004789,1.0,1.0,-23.436033,-914.293091,6.46446
10992.0,3.2507,1.8747,-0.003889,-0.003889,1.0,1.0,-23.442904,-914.280518,6.336987
10994.0,3.254,1.9968,-0.002193,-0.002193,1.0,1.0,-23.44945,-914.267822,6.269153
10996.0,3.2589,1.7526,-0.001889,-0.001889,1.0,1.0,-23.455824,-914.255615,6.17264
10998.0,3.2629,1.6306,-0.001031,-0.001031,1.0,1.0,-23.461952,-914.243286,6.147844
11000.0,3.2668,1.6306,-0.000687,-0.000687,1.0,1.0,-23.468016,-914.231201,6.093516
11002.0,3.2741,1.5085,-0.000221,-0.000221,1.0,1.0,-23.47394,-914.218994,6.107592
11004.0,3.2786,1.2033,-0.000941,-0.000941,1.0,1.0,-23.479898,-914.206665,6.127706
11006.0,3.2827,1.0813,-0.001342,-0.001342,1.0,1.0,-23.485905,-914.194092,6.173475
11008.0,3.2864,0.8982,-0.002158,-0.002158,1.0,1.0,-23.492023,-914.18158,6.229043
11010.0,3.2901,0.8982,-0.002687,-0.002687,1.0,1.0,-23.49828,-914.169006,6.280365
11012.0,3.2956,0.5319,-0.003918,-0.003918,1.0,1.0,-23.504662,-914.15625,6.350474
11014.0,3.2981,0.4099,-0.004885,-0.004885,1.0,1.0,-23.511217,-914.143372,6.395184
11016.0,3.3002,0.1657,-0.005847,-0.005847,1.0,1.0,-23.517883,-914.13031,6.490903
11018.0,3.3017,0.2268,-0.006716,-0.006716,1.0,1.0,-23.524786,-914.117126,6.488091
11020.0,3.3032,0.2268,-0.006658,-0.006658,1.0,1.0,-23.531679,-914.104004,6.528444
11022.0,3.3031,-0.1394,-0.007871,-0.007871,1.0,1.0,-23.538671,-914.091003,6.514633
11024.0,3.3027,-0.3226,-0.008121,-0.008121,1.0,1.0,-23.545626,-914.077942,6.513217
11026.0,3.303,-0.4446,-0.00836,-0.00836,1.0,1.0,-23.552574,-914.065063,6.474791
11028.0,3.3019,-0.3836,-0.00784,-0.00784,1.0,1.0,-23.559423,-914.052002,6.438392
11030.0,3.3008,-0.3836,-0.007471,-0.007471,1.0,1.0,-23.566179,-914.039246,6.39211
11032.0,3.2989,-0.6888,-0.007664,-0.007664,1.0,1.0,-23.572815,-914.026611,6.352436
11034.0,3.2979,-0.2615,-0.006345,-0.006345,1.0,1.0,-23.57935,-914.014038,6.309635
11036.0,3.2976,0.0437,-0.005238,-0.005238,1.0,1.0,-23.585773,-914.001526,6.273652
11038.0,3.2968,-0.1394,-0.005259,-0.005259,1.0,1.0,-23.592104,-913.989075,6.238841
11040.0,3.2959,-0.1394,-0.004901,-0.004901,1.0,1.0,-23.598345,-913.976563,6.24506
11042.0,3.2961,-0.3226,-0.005356,-0.005356,1.0,1.0,-23.604599,-913.963867,6.260675
11044.0,3.2972,-0.4446,-0.005763,-0.005763,1.0,1.0,-23.610889,-913.951233,6.286481
11046.0,3.297,-0.8108,-0.006827,-0.006827,1.0,1.0,-23.617243,-913.938538,6.319643
11048.0,3.296,-0.6277,-0.006811,-0.006811,1.0,1.0,-23.623676,-913.925781,6.363843
11050.0,3.295,-0.6277,-0.007304,-0.007304,1.0,1.0,-23.630219,-913.912964,6.402432
11052.0,3.2919,-0.6277,-0.007777,-0.007777,1.0,1.0,-23.636854,-913.900024,6.448728
11054.0,3.2893,-0.6277,-0.008323,-0.008323,1.0,1.0,-23.643604,-913.887085,6.465563
11056.0,3.2888,-0.8108,-0.008903,-0.008903,1.0,1.0,-23.650394,-913.873901,6.468863
11058.0,3.2877,-0.6277,-0.008568,-0.008568,1.0,1.0,-23.65719,-913.860962,6.469148
11060.0,3.2867,-0.6277,-0.008591,-0.008591,1.0,1.0,-23.663984,-913.848145,6.439868
11062.0,3.2853,-0.4446,-0.007912,-0.007912,1.0,1.0,-23.670702,-913.835327,6.401544
11064.0,3.2826,-0.5667,-0.007813,-0.007813,1.0,1.0,-23.67732,-913.822754,6.34161
11066.0,3.28,-0.6277,-0.007352,-0.007352,1.0,1.0,-23.683784,-913.810181,6.302209
11068.0,3.2773,-0.6277,-0.006981,-0.006981,1.0,1.0,-23.690147,-913.797607,6.21118
11070.0,3.2748,-0.4446,-0.005658,-0.005658,1.0,1.0,-23.69628,-913.785278,6.175321
11072.0,3.2744,-0.3226,-0.005019,-0.005019,1.0,1.0,-23.702318,-913.773193,6.08806
11074.0,3.2748,-0.0174,-0.003417,-0.003417,1.0,1.0,-23.708136,-913.761047,6.078483
11076.0,3.2746,-0.1394,-0.003578,-0.003578,1.0,1.0,-23.713926,-913.749023,6.036006
11078.0,3.2745,-0.1394,-0.003121,-0.003121,1.0,1.0,-23.719608,-913.736938,6.051854
11080.0,3.2749,-0.4446,-0.003938,-0.003938,1.0,1.0,-23.725328,-913.724854,6.044262
11082.0,3.2752,-0.2615,-0.003459,-0.003459,1.0,1.0,-23.731028,-913.712463,6.082257
11084.0,3.2743,-0.3226,-0.004018,-0.004018,1.0,1.0,-23.736818,-913.700195,6.123945
11086.0,3.2735,-0.5057,-0.004875,-0.004875,1.0,1.0,-23.742712,-913.687805,6.183503
11088.0,3.2727,-0.5057,-0.005531,-0.005531,1.0,1.0,-23.748753,-913.675171,6.261517
11090.0,3.2729,-0.5667,-0.006497,-0.006497,1.0,1.0,-23.754988,-913.662476,6.316583
11092.0,3.2724,-0.7498,-0.007488,-0.007488,1.0,1.0,-23.761358,-913.649536,6.412088
11094.0,3.27,-0.8108,-0.008689,-0.008689,1.0,1.0,-23.767967,-913.636353,6.460351
11096.0,3.2665,-0.7498,-0.009141,-0.009141,1.0,1.0,-23.774694,-913.623169,6.55303
11098.0,3.2631,-0.7498,-0.010196,-0.010196,1.0,1.0,-23.781651,-913.610046,6.554466
11100.0,3.2595,-0.5667,-0.009889,-0.009889,1.0,1.0,-23.788609,-913.596802,6.605437
11102.0,3.2571,-0.3226,-0.009959,-0.009959,1.0,1.0,-23.795692,-913.583557,6.60184
11104.0,3.2545,-0.2005,-0.009709,-0.009709,1.0,1.0,-23.802763,-913.570374,6.592854
11106.0,3.2523,0.0437,-0.009137,-0.009137,1.0,1.0,-23.809809,-913.557007,6.569515
11108.0,3.25,0.0437,-0.00893,-0.00893,1.0,1.0,-23.816793,-913.543945,6.545836
11110.0,3.2478,0.4709,-0.007808,-0.007808,1.0,1.0,-23.823715,-913.531006,6.514441
11112.0,3.2466,0.5319,-0.007366,-0.007366,1.0,1.0,-23.830555,-913.518066,6.484603
11114.0,3.245,0.7761,-0.006555,-0.006555,1.0,1.0,-23.837318,-913.505127,6.457079
11116.0,3.2457,0.8982,-0.005988,-0.005988,1.0,1.0,-23.844009,-913.492188,6.471926
11118.0,3.2463,0.8982,-0.006135,-0.006135,1.0,1.0,-23.850735,-913.479004,6.47591
11120.0,3.2468,0.8982,-0.006168,-0.006168,1.0,1.0,-23.857468,-913.466003,6.498744
11122.0,3.2488,0.9592,-0.006246,-0.006246,1.0,1.0,-23.864256,-913.452942,6.529456
11124.0,3.2506,0.9592,-0.00654,-0.00654,1.0,1.0,-23.871119,-913.439697,6.576239
11126.0,3.2523,1.0202,-0.006878,-0.006878,1.0,1.0,-23.878096,-913.426453,6.625162
11128.0,3.254,1.0202,-0.007369,-0.007369,1.0,1.0,-23.885193,-913.413025,6.685554
11130.0,3.2529,1.2644,-0.007517,-0.007517,1.0,1.0,-23.892439,-913.399536,6.714161
11132.0,3.2538,1.2644,-0.007805,-0.007805,1.0,1.0,-23.899754,-913.385864,6.740374
11134.0,3.2567,1.3864,-0.007769,-0.007769,1.0,1.0,-23.907131,-913.372375,6.733982
11136.0,3.2596,1.3864,-0.007646,-0.007646,1.0,1.0,-23.91449,-913.359009,6.716785
11138.0,3.2628,1.6306,-0.006882,-0.006882,1.0,1.0,-23.921803,-913.345642,6.676396
11140.0,3.2663,1.6916,-0.006255,-0.006255,1.0,1.0,-23.92901,-913.332581,6.588201
11142.0,3.2706,1.3254,-0.006007,-0.006007,1.0,1.0,-23.935993,-913.31958,6.507612
11144.0,3.272,1.3864,-0.004988,-0.004988,1.0,1.0,-23.942772,-913.306946,6.394472
11146.0,3.2733,1.3864,-0.003746,-0.003746,1.0,1.0,-23.949263,-913.294128,6.318283
11148.0,3.2759,1.5085,-0.002616,-0.002616,1.0,1.0,-23.955561,-913.28186,6.190334
11150.0,3.2794,1.5085,-0.001169,-0.001169,1.0,1.0,-23.961535,-913.269653,6.13449
11152.0,3.2838,1.2644,-0.001003,-0.001003,1.0,1.0,-23.967365,-913.25769,6.03165
11154.0,3.2891,1.3254,0.000346,0.000346,1.0,1.0,-23.972935,-913.245728,6.003355
11156.0,3.2945,1.3254,0.000757,0.000757,1.0,1.0,-23.978432,-913.233887,5.952606
11158.0,3.2997,1.0813,0.000883,0.000883,1.0,1.0,-23.983799,-913.221802,5.944325
11160.0,3.3051,0.7761,0.000421,0.000421,1.0,1.0,-23.989143,-913.209839,5.961067
11162.0,3.3084,0.593,-9e-05,-9e-05,1.0,1.0,-23.994528,-913.197876,5.996829
11164.0,3.3113,0.4709,-0.000686,-0.000686,1.0,1.0,-24.0,-913.185669,6.063737
11166.0,3.3141,0.4709,-0.001357,-0.001357,1.0,1.0,-24.005638,-913.173462,6.089546
11168.0,3.3173,-0.0784,-0.002751,-0.002751,1.0,1.0,-24.011339,-913.161011,6.170753
11170.0,3.3194,-0.3226,-0.00411,-0.00411,1.0,1.0,-24.017241,-913.14856,6.207715
11172.0,3.3203,-0.3836,-0.004622,-0.004622,1.0,1.0,-24.023233,-913.135742,6.28172
11174.0,3.3205,-0.4446,-0.005544,-0.005544,1.0,1.0,-24.029409,-913.123047,6.312593
11176.0,3.3208,-0.4446,-0.005872,-0.005872,1.0,1.0,-24.03566,-913.110352,6.342076
11178.0,3.3208,-0.8719,-0.0071,-0.0071,1.0,1.0,-24.041983,-913.097656,6.35012
11180.0,3.3182,-0.9939,-0.007498,-0.007498,1.0,1.0,-24.048323,-913.084961,6.343365
11182.0,3.3157,-0.8108,-0.007081,-0.007081,1.0,1.0,-24.054644,-913.072327,6.321777
11184.0,3.3128,-0.7498,-0.006774,-0.006774,1.0,1.0,-24.060907,-913.059814,6.27682
11186.0,3.3099,-0.7498,-0.006346,-0.006346,1.0,1.0,-24.067057,-913.047119,6.244776
11188.0,3.308,-0.9329,-0.00643,-0.00643,1.0,1.0,-24.073122,-913.03479,6.194617
11190.0,3.3062,-0.8108,-0.005663,-0.005663,1.0,1.0,-24.07906,-913.022522,6.16431
11192.0,3.3059,-0.5057,-0.004691,-0.004691,1.0,1.0,-24.084919,-913.010376,6.11216
11194.0,3.3055,-0.5057,-0.004135,-0.004135,1.0,1.0,-24.090645,-912.998169,6.090057
11196.0,3.3032,-0.5667,-0.004072,-0.004072,1.0,1.0,-24.096312,-912.986084,6.064413
11198.0,3.3026,-0.7498,-0.004198,-0.004198,1.0,1.0,-24.101912,-912.973755,6.073462
11200.0,3.3016,-0.5057,-0.003792,-0.003792,1.0,1.0,-24.107533,-912.961548,6.082435
11202.0,3.3005,-0.6277,-0.004172,-0.004172,1.0,1.0,-24.113174,-912.949341,6.111001
11204.0,3.2994,-0.6277,-0.004502,-0.004502,1.0,1.0,-24.118885,-912.937012,6.134403
11206.0,3.2984,-0.8719,-0.005295,-0.005295,1.0,1.0,-24.124653,-912.924683,6.178506
11208.0,3.2979,-0.9939,-0.006041,-0.006041,1.0,1.0,-24.130529,-912.91217,6.211881
11210.0,3.2965,-1.116,-0.006688,-0.006688,1.0,1.0,-24.136486,-912.899475,6.246214
11212.0,3.2937,-1.116,-0.00711,-0.00711,1.0,1.0,-24.142527,-912.886902,6.262623
11214.0,3.2909,-1.116,-0.007339,-0.007339,1.0,1.0,-24.148607,-912.874451,6.253756
11216.0,3.2884,-1.116,-0.007292,-0.007292,1.0,1.0,-24.154663,-912.861877,6.26262
11218.0,3.2859,-1.116,-0.007435,-0.007435,1.0,1.0,-24.160738,-912.849487,6.231209
11220.0,3.2826,-0.9939,-0.0069,-0.0069,1.0,1.0,-24.166733,-912.837097,6.193444
11222.0,3.2796,-0.8719,-0.00629,-0.00629,1.0,1.0,-24.17263,-912.82489,6.135425
11224.0,3.2766,-0.8719,-0.005722,-0.005722,1.0,1.0,-24.178379,-912.8125,6.10627
11226.0,3.2727,-0.8108,-0.005352,-0.005352,1.0,1.0,-24.184052,-912.800293,6.01887
11228.0,3.2708,-0.8108,-0.004447,-0.004447,1.0,1.0,-24.189503,-912.788391,5.983048
11230.0,3.2689,-0.7498,-0.003965,-0.003965,1.0,1.0,-24.194862,-912.776855,5.906016
11232.0,3.2676,-0.7498,-0.003157,-0.003157,1.0,1.0,-24.200026,-912.765137,5.874598
11234.0,3.2663,-0.7498,-0.002842,-0.002842,1.0,1.0,-24.205109,-912.753296,5.840211
11236.0,3.2646,-0.6888,-0.00237,-0.00237,1.0,1.0,-24.210102,-912.741699,5.820258
11238.0,3.2638,-0.6277,-0.002037,-0.002037,1.0,1.0,-24.215044,-912.72998,5.835831
11240.0,3.2636,-0.6888,-0.002342,-0.002342,1.0,1.0,-24.220022,-912.718384,5.83062
11242.0,3.2613,-0.7498,-0.002459,-0.002459,1.0,1.0,-24.224987,-912.706543,5.894689
11244.0,3.2591,-0.7498,-0.003197,-0.003197,1.0,1.0,-24.23011,-912.694641,5.915955
11246.0,3.2565,-0.8108,-0.003608,-0.003608,1.0,1.0,-24.235285,-912.682556,6.0057
11248.0,3.2544,-0.8108,-0.004617,-0.004617,1.0,1.0,-24.240683,-912.67041,6.053382
11250.0,3.2526,-0.8719,-0.005298,-0.005298,1.0,1.0,-24.246199,-912.657837,6.138461
11252.0,3.2509,-0.9939,-0.006508,-0.006508,1.0,1.0,-24.251926,-912.645386,6.201919
11254.0,3.2492,-0.9939,-0.007222,-0.007222,1.0,1.0,-24.257811,-912.632874,6.243961
11256.0,3.2466,-0.8108,-0.007332,-0.007332,1.0,1.0,-24.263798,-912.620117,6.3107
11258.0,3.245,-0.7498,-0.007948,-0.007948,1.0,1.0,-24.269951,-912.607544,6.314563
11260.0,3.2423,-0.4446,-0.007389,-0.007389,1.0,1.0,-24.276112,-912.594727,6.356247
11262.0,3.2397,-0.4446,-0.007886,-0.007886,1.0,1.0,-24.282373,-912.581848,6.347618
11264.0,3.2342,-0.4446,-0.007898,-0.007898,1.0,1.0,-24.28861,-912.569153,6.343239
11266.0,3.2308,-0.2615,-0.007526,-0.007526,1.0,1.0,-24.294834,-912.55658,6.310664
11268.0,3.2292,-0.0784,-0.006816,-0.006816,1.0,1.0,-24.300974,-912.544067,6.282928
11270.0,3.2272,0.1657,-0.006034,-0.006034,1.0,1.0,-24.307041,-912.531555,6.248312
11272.0,3.2252,0.1657,-0.005699,-0.005699,1.0,1.0,-24.313019,-912.519165,6.222793
11274.0,3.2246,0.4709,-0.004785,-0.004785,1.0,1.0,-24.318932,-912.506592,6.190777
11276.0,3.2247,0.2268,-0.004958,-0.004958,1.0,1.0,-24.32476,-912.494202,6.188439
11278.0,3.2243,0.3488,-0.004681,-0.004681,1.0,1.0,-24.330582,-912.481812,6.205896
11280.0,3.224,0.5319,-0.004483,-0.004483,1.0,1.0,-24.336445,-912.46936,6.222278
11282.0,3.2237,0.5319,-0.004665,-0.004665,1.0,1.0,-24.342346,-912.456848,6.239456
11284.0,3.2245,0.5319,-0.004835,-0.004835,1.0,1.0,-24.348288,-912.444275,6.274916
11286.0,3.2247,0.715,-0.004821,-0.004821,1.0,1.0,-24.354317,-912.43158,6.319799
11288.0,3.2253,0.7761,-0.005163,-0.005163,1.0,1.0,-24.360456,-912.418579,6.369669
11290.0,3.2243,0.7761,-0.005717,-0.005717,1.0,1.0,-24.366718,-912.405762,6.402118
11292.0,3.2233,0.7761,-0.006084,-0.006084,1.0,1.0,-24.37306,-912.392883,6.413515
11294.0,3.2254,0.9592,-0.005776,-0.005776,1.0,1.0,-24.379427,-912.380005,6.431558
11296.0,3.2266,0.9592,-0.005947,-0.005947,1.0,1.0,-24.385838,-912.367188,6.415543
11298.0,3.228,0.8982,-0.005878,-0.005878,1.0,1.0,-24.392204,-912.35437,6.415666
11300.0,3.2308,0.9592,-0.005697,-0.005697,1.0,1.0,-24.398569,-912.341553,6.341397
11302.0,3.2336,0.9592,-0.004846,-0.004846,1.0,1.0,-24.404745,-912.329102,6.264778
11304.0,3.2362,1.1423,-0.003579,-0.003579,1.0,1.0,-24.410727,-912.316772,6.179771
11306.0,3.2385,1.1423,-0.002618,-0.002618,1.0,1.0,-24.416491,-912.304749,6.074841
11308.0,3.2403,1.1423,-0.00145,-0.00145,1.0,1.0,-24.421989,-912.292847,6.002253
11310.0,3.2432,1.3864,-8.4e-05,-8.4e-05,1.0,1.0,-24.427303,-912.281128,5.880704
11312.0,3.2461,1.3864,0.001294,0.001294,1.0,1.0,-24.43231,-912.269348,5.832863
11314.0,3.2501,1.3864,0.001892,0.001892,1.0,1.0,-24.437195,-912.257935,5.737311
11316.0,3.255,0.8982,0.001976,0.001976,1.0,1.0,-24.441837,-912.246582,5.706684
11318.0,3.2595,0.654,0.001869,0.001869,1.0,1.0,-24.446402,-912.235352,5.658786
11320.0,3.2637,0.654,0.002473,0.002473,1.0,1.0,-24.450844,-912.22406,5.640237
11322.0,3.268,0.654,0.002757,0.002757,1.0,1.0,-24.455236,-912.212708,5.667114
11324.0,3.2711,0.1657,0.001473,0.001473,1.0,1.0,-24.459696,-912.201172,5.66973
11326.0,3.2732,-0.1394,0.000828,0.000828,1.0,1.0,-24.464159,-912.189636,5.742486
11328.0,3.2753,-0.2005,-5.3e-05,-5.3e-05,1.0,1.0,-24.468803,-912.178101,5.75661
11330.0,3.2775,-0.2005,-0.000165,-0.000165,1.0,1.0,-24.473482,-912.166382,5.823582
11332.0,3.28,-0.2615,-0.000976,-0.000976,1.0,1.0,-24.478327,-912.154602,5.875041
11334.0,3.2814,-0.6888,-0.002424,-0.002424,1.0,1.0,-24.483299,-912.142761,5.911843
11336.0,3.2813,-0.6888,-0.002826,-0.002826,1.0,1.0,-24.488361,-912.130737,5.98753
11338.0,3.2809,-0.7498,-0.003783,-0.003783,1.0,1.0,-24.493612,-912.11853,5.976605
11340.0,3.2805,-0.7498,-0.003673,-0.003673,1.0,1.0,-24.498833,-912.106506,6.012599
11342.0,3.2801,-0.9329,-0.004463,-0.004463,1.0,1.0,-24.504143,-912.094482,5.999561
11344.0,3.2794,-1.055,-0.004597,-0.004597,1.0,1.0,-24.509418,-912.08252,5.995166
11346.0,3.2771,-1.116,-0.004723,-0.004723,1.0,1.0,-24.514681,-912.070618,5.965375
11348.0,3.274,-1.116,-0.004461,-0.004461,1.0,1.0,-24.519865,-912.058838,5.917673
11350.0,3.2709,-1.116,-0.004005,-0.004005,1.0,1.0,-24.524927,-912.046875,5.886885
11352.0,3.2682,-1.2381,-0.003986,-0.003986,1.0,1.0,-24.529911,-912.035278,5.840676
11354.0,3.2651,-1.055,-0.003152,-0.003152,1.0,1.0,-24.534777,-912.023682,5.804629
11356.0,3.2637,-1.055,-0.002788,-0.002788,1.0,1.0,-24.539549,-912.012207,5.762224
11358.0,3.262,-1.2991,-0.002885,-0.002885,1.0,1.0,-24.544212,-912.000732,5.735174
11360.0,3.2604,-1.2991,-0.002623,-0.002623,1.0,1.0,-24.548807,-911.98938,5.695749
11362.0,3.2584,-1.4212,-0.002494,-0.002494,1.0,1.0,-24.553301,-911.977844,5.699156
11364.0,3.256,-1.3601,-0.002447,-0.002447,1.0,1.0,-24.557802,-911.96637,5.713166
11366.0,3.2534,-1.4822,-0.002912,-0.002912,1.0,1.0,-24.562336,-911.954956,5.723675
11368.0,3.251,-1.5433,-0.003203,-0.003203,1.0,1.0,-24.566895,-911.94342,5.746894
11370.0,3.2486,-1.5433,-0.003501,-0.003501,1.0,1.0,-24.57151,-911.931885,5.773901
11372.0,3.2458,-1.5433,-0.003848,-0.003848,1.0,1.0,-24.576191,-911.920227,5.804162
11374.0,3.242,-1.4212,-0.003985,-0.003985,1.0,1.0,-24.580946,-911.908508,5.829968
11376.0,3.2392,-1.5433,-0.00458,-0.00458,1.0,1.0,-24.585764,-911.896545,5.866188
11378.0,3.2374,-1.3601,-0.004614,-0.004614,1.0,1.0,-24.590672,-911.884827,5.860353
11380.0,3.2356,-1.3601,-0.004586,-0.004586,1.0,1.0,-24.595562,-911.873108,5.870324
11382.0,3.2322,-1.4212,-0.004889,-0.004889,1.0,1.0,-24.600475,-911.861389,5.860285
11384.0,3.2286,-1.4212,-0.004851,-0.004851,1.0,1.0,-24.605362,-911.849792,5.823698
11386.0,3.2247,-1.5433,-0.00479,-0.00479,1.0,1.0,-24.610155,-911.838196,5.802791
11388.0,3.2204,-1.4822,-0.004516,-0.004516,1.0,1.0,-24.614893,-911.826599,5.732087
11390.0,3.2161,-1.4822,-0.003833,-0.003833,1.0,1.0,-24.619452,-911.815186,5.711766
11392.0,3.2122,-1.2991,-0.003293,-0.003293,1.0,1.0,-24.623957,-911.803955,5.642379
11394.0,3.2089,-1.2381,-0.00247,-0.00247,1.0,1.0,-24.628286,-911.792847,5.592088
11396.0,3.2059,-1.3601,-0.002243,-0.002243,1.0,1.0,-24.632488,-911.78186,5.526628
11398.0,3.2029,-1.3601,-0.001589,-0.001589,1.0,1.0,-24.636524,-911.770996,5.466994
11400.0,3.1992,-1.3601,-0.00101,-0.00101,1.0,1.0,-24.640408,-911.759888,5.458783
11402.0,3.1969,-1.055,-0.000308,-0.000308,1.0,1.0,-24.64427,-911.749084,5.41654
11404.0,3.1957,-0.9329,0.00039,0.00039,1.0,1.0,-24.648024,-911.73822,5.43313
11406.0,3.1944,-0.9939,5.5e-05,5.5e-05,1.0,1.0,-24.651817,-911.727417,5.423659
11408.0,3.1932,-0.9939,0.000134,0.000134,1.0,1.0,-24.655586,-911.716553,5.431652
11410.0,3.1915,-1.177,-0.00038,-0.00038,1.0,1.0,-24.659374,-911.705505,5.478355
11412.0,3.1888,-1.2381,-0.001072,-0.001072,1.0,1.0,-24.663277,-911.694519,5.498343
11414.0,3.1865,-1.2991,-0.001463,-0.001463,1.0,1.0,-24.667229,-911.683105,5.571712
11416.0,3.1831,-1.177,-0.002065,-0.002065,1.0,1.0,-24.671364,-911.671814,5.617514
11418.0,3.1796,-1.177,-0.00263,-0.00263,1.0,1.0,-24.675611,-911.6604,5.679741
11420.0,3.1774,-1.2991,-0.003612,-0.003612,1.0,1.0,-24.680014,-911.648865,5.740029
11422.0,3.1733,-1.3601,-0.004477,-0.004477,1.0,1.0,-24.684566,-911.637329,5.7682
11424.0,3.1711,-1.116,-0.0043,-0.0043,1.0,1.0,-24.689188,-911.625488,5.853538
11426.0,3.1696,-1.2381,-0.005514,-0.005514,1.0,1.0,-24.694021,-911.613892,5.838737
11428.0,3.1681,-1.2381,-0.005383,-0.005383,1.0,1.0,-24.698816,-911.601929,5.869839
11430.0,3.1639,-1.2991,-0.005931,-0.005931,1.0,1.0,-24.703688,-911.590149,5.878502
11432.0,3.1591,-0.9329,-0.005331,-0.005331,1.0,1.0,-24.708578,-911.57843,5.858734
11434.0,3.1558,-0.6277,-0.004525,-0.004525,1.0,1.0,-24.713417,-911.566772,5.851372
11436.0,3.1527,-0.8108,-0.004898,-0.004898,1.0,1.0,-24.718235,-911.555176,5.810735
11438.0,3.1496,-0.8108,-0.004518,-0.004518,1.0,1.0,-24.72295,-911.543396,5.78726
11440.0,3.1472,-0.5057,-0.003654,-0.003654,1.0,1.0,-24.727604,-911.531921,5.756696
11442.0,3.1442,-0.3836,-0.003117,-0.003117,1.0,1.0,-24.73218,-911.520508,5.73168
11444.0,3.1427,-0.1394,-0.00235,-0.00235,1.0,1.0,-24.736691,-911.509094,5.704035
11446.0,3.1416,-0.2005,-0.002202,-0.002202,1.0,1.0,-24.741129,-911.497742,5.688854
11448.0,3.1405,-0.2005,-0.002059,-0.002059,1.0,1.0,-24.745529,-911.486328,5.703557
11450.0,3.1406,-0.0174,-0.001821,-0.001821,1.0,1.0,-24.749964,-911.474915,5.701773
11452.0,3.1393,-0.0784,-0.001958,-0.001958,1.0,1.0,-24.754393,-911.463257,5.715068
11454.0,3.1385,-0.0174,-0.001988,-0.001988,1.0,1.0,-24.758852,-911.451782,5.726706
11456.0,3.1376,-0.0174,-0.002131,-0.002131,1.0,1.0,-24.76334,-911.440247,5.765736
11458.0,3.1366,-0.0174,-0.002575,-0.002575,1.0,1.0,-24.767923,-911.428589,5.80255
11460.0,3.1351,0.1047,-0.002741,-0.002741,1.0,1.0,-24.772598,-911.41687,5.841295
11462.0,3.1338,0.1657,-0.003055,-0.003055,1.0,1.0,-24.777369,-911.40509,5.869786
11464.0,3.1334,0.593,-0.002452,-0.002452,1.0,1.0,-24.782207,-911.393188,5.872507
11466.0,3.1331,0.593,-0.002487,-0.002487,1.0,1.0,-24.787052,-911.381348,5.881454
11468.0,3.1341,0.4099,-0.00296,-0.00296,1.0,1.0,-24.791918,-911.36969,5.865215
11470.0,3.1356,0.5319,-0.002493,-0.002493,1.0,1.0,-24.79674,-911.358032,5.854195
11472.0,3.1365,0.593,-0.002225,-0.002225,1.0,1.0,-24.801533,-911.346436,5.807194
11474.0,3.1375,0.5319,-0.001827,-0.001827,1.0,1.0,-24.806206,-911.335022,5.728423
11476.0,3.1385,0.5319,-0.000952,-0.000952,1.0,1.0,-24.810678,-911.32373,5.68053
11478.0,3.1387,0.593,-0.000296,-0.000296,1.0,1.0,-24.815029,-911.3125,5.582
11480.0,3.1394,0.593,0.00079,0.00079,1.0,1.0,-24.81913,-911.301575,5.505526
11482.0,3.1415,0.4709,0.0014,0.0014,1.0,1.0,-24.823038,-911.290771,5.423273
11484.0,3.143,0.654,0.002718,0.002718,1.0,1.0,-24.826738,-911.280212,5.324756
11486.0,3.1445,0.654,0.00382,0.00382,1.0,1.0,-24.830189,-911.269653,5.282521
11488.0,3.1467,0.654,0.004322,0.004322,1.0,1.0,-24.833532,-911.259338,5.203541
11490.0,3.1488,0.4099,0.004696,0.004696,1.0,1.0,-24.836676,-911.249023,5.172738
11492.0,3.1514,0.0437,0.004293,0.004293,1.0,1.0,-24.839741,-911.238647,5.143141
11494.0,3.1558,0.1047,0.00483,0.00483,1.0,1.0,-24.84273,-911.228516,5.09708
11496.0,3.1601,0.1047,0.005416,0.005416,1.0,1.0,-24.845602,-911.218262,5.111208
11498.0,3.1623,-0.2615,0.004515,0.004515,1.0,1.0,-24.848509,-911.208008,5.110625
11500.0,3.1641,-0.4446,0.004162,0.004162,1.0,1.0,-24.851412,-911.197754,5.132124
11502.0,3.1641,-0.6888,0.003404,0.003404,1.0,1.0,-24.854368,-911.187317,5.186114
11504.0,3.1636,-0.8108,0.002545,0.002545,1.0,1.0,-24.85746,-911.177002,5.182847
11506.0,3.1631,-0.8108,0.002571,0.002571,1.0,1.0,-24.860542,-911.16626,5.241282
11508.0,3.1623,-1.177,0.001132,0.001132,1.0,1.0,-24.86377,-911.155701,5.270852
11510.0,3.1615,-1.2381,0.000664,0.000664,1.0,1.0,-24.867069,-911.145081,5.293966
11512.0,3.16,-1.2381,0.000383,0.000383,1.0,1.0,-24.870426,-911.134338,5.346088
11514.0,3.1586,-1.2991,-0.000342,-0.000342,1.0,1.0,-24.873913,-911.123535,5.36632
11516.0,3.1573,-1.2991,-0.000588,-0.000588,1.0,1.0,-24.877449,-911.112854,5.366878
11518.0,3.1555,-1.5433,-0.001154,-0.001154,1.0,1.0,-24.880985,-911.101868,5.37674
11520.0,3.1515,-1.7264,-0.00173,-0.00173,1.0,1.0,-24.884544,-911.091187,5.353578
11522.0,3.1468,-1.5433,-0.001175,-0.001175,1.0,1.0,-24.888044,-911.080505,5.356292
11524.0,3.1421,-1.5433,-0.001295,-0.001295,1.0,1.0,-24.89155,-911.069946,5.311606
11526.0,3.1382,-1.2381,-0.000227,-0.000227,1.0,1.0,-24.894941,-911.059387,5.273244
11528.0,3.1342,-1.5433,-0.000544,-0.000544,1.0,1.0,-24.898235,-911.04895,5.251247
11530.0,3.1308,-1.6043,-0.0005,-0.0005,1.0,1.0,-24.901472,-911.038391,5.196243
11532.0,3.1276,-1.4822,0.0003,0.0003,1.0,1.0,-24.90457,-911.028137,5.167631
11534.0,3.1245,-1.4822,0.000551,0.000551,1.0,1.0,-24.907595,-911.017883,5.128744
11536.0,3.1209,-1.6043,0.000643,0.000643,1.0,1.0,-24.910521,-911.007751,5.091317
11538.0,3.1189,-1.4822,0.001274,0.001274,1.0,1.0,-24.913351,-910.99762,5.069152
11540.0,3.1165,-1.4822,0.00147,0.00147,1.0,1.0,-24.916124,-910.987549,5.039777
11542.0,3.1157,-1.2991,0.002168,0.002168,1.0,1.0,-24.918823,-910.977478,5.036419
11544.0,3.1149,-1.2991,0.002189,0.002189,1.0,1.0,-24.921513,-910.967163,5.053311
11546.0,3.1132,-1.6653,0.001185,0.001185,1.0,1.0,-24.924244,-910.957031,5.063053
11548.0,3.1115,-1.7264,0.000915,0.000915,1.0,1.0,-24.926998,-910.946899,5.06601
11550.0,3.1087,-1.8484,0.000567,0.000567,1.0,1.0,-24.929758,-910.936768,5.082162
11552.0,3.1055,-2.0315,-6.5e-05,-6.5e-05,1.0,1.0,-24.932558,-910.926514,5.109117
11554.0,3.1022,-2.0315,-0.00042,-0.00042,1.0,1.0,-24.935425,-910.91626,5.123362
11556.0,3.0978,-1.9095,-0.000398,-0.000398,1.0,1.0,-24.938326,-910.905945,5.138556
11558.0,3.094,-1.8484,-0.000504,-0.000504,1.0,1.0,-24.941263,-910.895447,5.158296
11560.0,3.0911,-2.1536,-0.001431,-0.001431,1.0,1.0,-24.94425,-910.885132,5.14434
11562.0,3.0863,-2.0315,-0.001109,-0.001109,1.0,1.0,-24.947201,-910.874878,5.14254
11564.0,3.0815,-2.0315,-0.001182,-0.001182,1.0,1.0,-24.950146,-910.864624,5.140704
11566.0,3.076,-2.1536,-0.001531,-0.001531,1.0,1.0,-24.953085,-910.854431,5.103202
11568.0,3.0709,-2.0926,-0.001088,-0.001088,1.0,1.0,-24.955929,-910.844238,5.090662
11570.0,3.0661,-2.1536,-0.001176,-0.001176,1.0,1.0,-24.95874,-910.834045,5.041396
11572.0,3.0605,-2.1536,-0.000747,-0.000747,1.0,1.0,-24.961426,-910.824097,5.002128
11574.0,3.055,-2.1536,-0.000425,-0.000425,1.0,1.0,-24.964012,-910.814148,4.97949
11576.0,3.0514,-2.2146,-0.000379,-0.000379,1.0,1.0,-24.966541,-910.804443,4.907845
11578.0,3.0494,-2.0315,0.000756,0.000756,1.0,1.0,-24.968889,-910.794739,4.864011
11580.0,3.0461,-2.0926,0.001039,0.001039,1.0,1.0,-24.971125,-910.785095,4.830619
11582.0,3.0424,-2.3367,0.000805,0.000805,1.0,1.0,-24.973276,-910.775635,4.760025
11584.0,3.0387,-2.3367,0.001502,0.001502,1.0,1.0,-24.975248,-910.765991,4.748802
11586.0,3.0358,-2.0926,0.002095,0.002095,1.0,1.0,-24.977192,-910.756592,4.724278
11588.0,3.031,-1.9705,0.002531,0.002531,1.0,1.0,-24.979074,-910.747192,4.693728
11590.0,3.027,-2.0315,0.002656,0.002656,1.0,1.0,-24.980879,-910.737793,4.715465
11592.0,3.023,-2.0315,0.002343,0.002343,1.0,1.0,-24.982737,-910.728394,4.695732
11594.0,3.0188,-2.2146,0.002083,0.002083,1.0,1.0,-24.984545,-910.718994,4.688686
11596.0,3.0146,-2.3367,0.001816,0.001816,1.0,1.0,-24.986334,-910.709351,4.734668
11598.0,3.0095,-2.4588,0.000955,0.000955,1.0,1.0,-24.988237,-910.699829,4.742745
11600.0,3.0047,-2.4588,0.000776,0.000776,1.0,1.0,-24.990162,-910.690308,4.76889
11602.0,3.0,-2.4588,0.000401,0.000401,1.0,1.0,-24.992151,-910.680542,4.826951
11604.0,2.9966,-2.2757,9.7e-05,9.7e-05,1.0,1.0,-24.994286,-910.670837,4.844289
11606.0,2.9925,-2.5198,-0.000695,-0.000695,1.0,1.0,-24.996462,-910.661011,4.893967
11608.0,2.9887,-2.764,-0.001833,-0.001833,1.0,1.0,-24.998762,-910.651123,4.942395
11610.0,2.9836,-2.825,-0.002589,-0.002589,1.0,1.0,-25.001183,-910.640991,4.953294
11612.0,2.9785,-2.825,-0.002805,-0.002805,1.0,1.0,-25.00363,-910.630981,5.013619
11614.0,2.9719,-2.764,-0.003458,-0.003458,1.0,1.0,-25.006227,-910.620911,5.012848
11616.0,2.9647,-2.6419,-0.003324,-0.003324,1.0,1.0,-25.008823,-910.61084,5.012131
11618.0,2.9569,-2.4588,-0.003074,-0.003074,1.0,1.0,-25.011415,-910.600769,5.041648
11620.0,2.9482,-2.5809,-0.003825,-0.003825,1.0,1.0,-25.01408,-910.590698,5.037428
11622.0,2.9394,-2.5809,-0.003946,-0.003946,1.0,1.0,-25.016733,-910.580444,5.026244
11624.0,2.9342,-2.2146,-0.003138,-0.003138,1.0,1.0,-25.019358,-910.570435,5.016165
11626.0,2.9319,-2.0315,-0.002678,-0.002678,1.0,1.0,-25.021955,-910.560364,4.9802
11628.0,2.9287,-2.2146,-0.002742,-0.002742,1.0,1.0,-25.024462,-910.550476,4.956563
11630.0,2.9244,-2.2146,-0.002568,-0.002568,1.0,1.0,-25.026909,-910.540771,4.93702
11632.0,2.9201,-2.2146,-0.002438,-0.002438,1.0,1.0,-25.029305,-910.531006,4.911818
11634.0,2.9154,-1.9095,-0.001597,-0.001597,1.0,1.0,-25.031637,-910.521118,4.881341
11636.0,2.9091,-1.7874,-0.001124,-0.001124,1.0,1.0,-25.033892,-910.511353,4.871359
11638.0,2.9029,-1.7874,-0.001135,-0.001135,1.0,1.0,-25.036119,-910.501709,4.848191
11640.0,2.8972,-1.7874,-0.000991,-0.000991,1.0,1.0,-25.038288,-910.48999,4.861183
11642.0,2.8914,-1.7874,-0.001244,-0.001244,1.0,1.0,-25.040489,-910.481934,4.848998
11644.0,2.8883,-1.7874,-0.001171,-0.001171,1.0,1.0,-25.04266,-910.472595,4.851977
11646.0,2.8868,-1.7264,-0.001101,-0.001101,1.0,1.0,-25.044836,-910.462891,4.850577
11648.0,2.8862,-1.3601,-0.000311,-0.000311,1.0,1.0,-25.047009,-910.453003,4.864228
11650.0,2.8855,-1.3601,-0.000472,-0.000472,1.0,1.0,-25.049213,-910.441345,4.899253
11652.0,2.8824,-1.5433,-0.001305,-0.001305,1.0,1.0,-25.051506,-910.433167,4.91217
11654.0,2.8766,-1.4822,-0.001426,-0.001426,1.0,1.0,-25.053829,-910.423462,4.927957
11656.0,2.8695,-1.6043,-0.001997,-0.001997,1.0,1.0,-25.056192,-910.413452,4.963726
11658.0,2.8643,-1.177,-0.001568,-0.001568,1.0,1.0,-25.058643,-910.403564,4.962299
11660.0,2.859,-1.177,-0.001653,-0.001653,1.0,1.0,-25.06109,-910.391785,4.96128
11662.0,2.857,-1.177,-0.001682,-0.001682,1.0,1.0,-25.063534,-910.383484,4.975929
11664.0,2.8561,-1.2991,-0.002121,-0.002121,1.0,1.0,-25.066013,-910.373657,4.950942
11666.0,2.856,-1.4212,-0.002114,-0.002114,1.0,1.0,-25.06843,-910.36377,4.927386
11668.0,2.8533,-1.4822,-0.002041,-0.002041,1.0,1.0,-25.070786,-910.353943,4.925802
11670.0,2.8506,-1.4822,-0.002075,-0.002075,1.0,1.0,-25.073135,-910.342651,4.851787
11672.0,2.8446,-1.3601,-0.001121,-0.001121,1.0,1.0,-25.075298,-910.334717,4.807662
11674.0,2.8374,-1.055,-0.000124,-0.000124,1.0,1.0,-25.077351,-910.325012,4.778234
11676.0,2.8319,-1.116,-4e-05,-4e-05,1.0,1.0,-25.079329,-910.315674,4.694509
11678.0,2.8316,-0.8719,0.001389,0.001389,1.0,1.0,-25.081095,-910.306519,4.63036
11680.0,2.8312,-0.8719,0.002081,0.002081,1.0,1.0,-25.082699,-910.295959,4.597597
11682.0,2.8337,-1.2381,0.001697,0.001697,1.0,1.0,-25.084221,-910.288391,4.516737
11684.0,2.835,-1.177,0.002734,0.002734,1.0,1.0,-25.085539,-910.279541,4.447371
11686.0,2.8313,-1.177,0.003418,0.003418,1.0,1.0,-25.086681,-910.270752,4.425053
11688.0,2.8248,-1.2381,0.003404,0.003404,1.0,1.0,-25.087769,-910.261963,4.36201
11690.0,2.8183,-1.2381,0.003966,0.003966,1.0,1.0,-25.088696,-910.252197,4.31605
11692.0,2.8128,-1.2381,0.00436,0.00436,1.0,1.0,-25.089508,-910.244751,4.311943
11694.0,2.8132,-1.177,0.004544,0.004544,1.0,1.0,-25.090309,-910.236206,4.267138
11696.0,2.8173,-1.3601,0.004718,0.004718,1.0,1.0,-25.090998,-910.227783,4.240495
11698.0,2.82,-1.6043,0.004534,0.004534,1.0,1.0,-25.091619,-910.219238,4.259357
11700.0,2.8227,-1.6043,0.00438,0.00438,1.0,1.0,-25.092287,-910.209656,4.247788
11702.0,2.8192,-1.9705,0.003651,0.003651,1.0,1.0,-25.092926,-910.202148,4.245986
11704.0,2.8111,-2.0315,0.003385,0.003385,1.0,1.0,-25.093559,-910.193542,4.286606
11706.0,2.805,-2.0926,0.002694,0.002694,1.0,1.0,-25.094296,-910.184937,4.295944
11708.0,2.8068,-2.0315,0.002759,0.002759,1.0,1.0,-25.095055,-910.176331,4.29254
11710.0,2.8087,-2.0315,0.002832,0.002832,1.0,1.0,-25.095804,-910.166626,4.347256
11712.0,2.8099,-2.3977,0.001471,0.001471,1.0,1.0,-25.096691,-910.158875,4.364975
11714.0,2.8065,-2.7029,0.000557,0.000557,1.0,1.0,-25.097622,-910.150024,4.363396
11716.0,2.7951,-2.886,-3.7e-05,-3.7e-05,1.0,1.0,-25.098549,-910.141174,4.391155
11718.0,2.7838,-2.886,-0.000556,-0.000556,1.0,1.0,-25.099545,-910.132324,4.426566
11720.0,2.776,-2.5198,-0.000305,-0.000305,1.0,1.0,-25.10063,-910.122559,4.410063
11722.0,2.7757,-2.5809,-0.000262,-0.000262,1.0,1.0,-25.101673,-910.114624,4.413482
11724.0,2.7759,-3.0081,-0.001215,-0.001215,1.0,1.0,-25.102724,-910.105774,4.431682
11726.0,2.7689,-3.2522,-0.002071,-0.002071,1.0,1.0,-25.103821,-910.096802,4.407867
11728.0,2.762,-3.2522,-0.001945,-0.001945,1.0,1.0,-25.104856,-910.088013,4.406064
11730.0,2.7478,-2.886,-0.00141,-0.00141,1.0,1.0,-25.105888,-910.078491,4.400868
11732.0,2.7392,-2.6419,-0.000994,-0.000994,1.0,1.0,-25.106907,-910.070557,4.355397
11734.0,2.7392,-2.6419,-0.000499,-0.000499,1.0,1.0,-25.107811,-910.06189,4.333353
11736.0,2.7395,-2.9471,-0.000909,-0.000909,1.0,1.0,-25.108658,-910.053284,4.316689
11738.0,2.7399,-2.9471,-0.000721,-0.000721,1.0,1.0,-25.109463,-910.044617,4.27816
11740.0,2.7312,-3.0081,-0.0006,-0.0006,1.0,1.0,-25.11017,-910.035461,4.243811
11742.0,2.7201,-2.7029,0.000217,0.000217,1.0,1.0,-25.110792,-910.02771,4.229308
11744.0,2.7147,-2.825,8e-06,8e-06,1.0,1.0,-25.111378,-910.019409,4.189285
11746.0,2.7136,-3.1302,-0.000232,-0.000232,1.0,1.0,-25.111862,-910.011108,4.164272
11748.0,2.7126,-3.1302,2e-05,2e-05,1.0,1.0,-25.112284,-910.002808,4.150145
11750.0,2.7087,-3.1302,9.9e-05,9.9e-05,1.0,1.0,-25.112669,-909.993896,4.107857
11752.0,2.6965,-3.2522,6.3e-05,6.3e-05,1.0,1.0,-25.112947,-909.986267,4.113742
11754.0,2.6879,-2.764,0.000883,0.000883,1.0,1.0,-25.113241,-909.978027,4.108935
11756.0,2.6882,-3.0081,0.000418,0.000418,1.0,1.0,-25.113523,-909.969788,4.121879
11758.0,2.6886,-3.0081,0.000284,0.000284,1.0,1.0,-25.113838,-909.961548,4.117496
11760.0,2.6874,-3.1912,-8.5e-05,-8.5e-05,1.0,1.0,-25.114141,-909.952759,4.117899
11762.0,2.6784,-3.1302,-0.000131,-0.000131,1.0,1.0,-25.114445,-909.945068,4.115114
11764.0,2.6687,-3.1912,-0.000418,-0.000418,1.0,1.0,-25.11474,-909.936646,4.126632
11766.0,2.6659,-3.4353,-0.001123,-0.001123,1.0,1.0,-25.115067,-909.928345,4.152591
11768.0,2.663,-3.4353,-0.00146,-0.00146,1.0,1.0,-25.115458,-909.920044,4.151865
11770.0,2.6585,-3.4964,-0.001671,-0.001671,1.0,1.0,-25.115847,-909.911255,4.163436
11772.0,2.6479,-3.5574,-0.002131,-0.002131,1.0,1.0,-25.116264,-909.90332,4.175453
11774.0,2.6386,-3.2522,-0.001784,-0.001784,1.0,1.0,-25.116713,-909.894958,4.182471
11776.0,2.6361,-3.0691,-0.001514,-0.001514,1.0,1.0,-25.117178,-909.886475,4.17066
11778.0,2.6337,-3.0691,-0.001433,-0.001433,1.0,1.0,-25.117613,-909.878235,4.138807
11780.0,2.6298,-3.4964,-0.002079,-0.002079,1.0,1.0,-25.117968,-909.869568,4.176172
11782.0,2.6199,-3.4964,-0.002676,-0.002676,1.0,1.0,-25.118416,-909.861572,4.144979
11784.0,2.6089,-3.4353,-0.002417,-0.002417,1.0,1.0,-25.118786,-909.853394,4.120064
11786.0,2.5979,-3.4353,-0.002357,-0.002357,1.0,1.0,-25.119093,-909.845093,4.11884
11788.0,2.593,-3.5574,-0.002699,-0.002699,1.0,1.0,-25.119396,-909.836853,4.084784
11790.0,2.5882,-3.2522,-0.001765,-0.001765,1.0,1.0,-25.119614,-909.828674,4.041714
11792.0,2.5762,-3.3133,-0.001658,-0.001658,1.0,1.0,-25.119724,-909.82074,4.037135
11794.0,2.5677,-3.0691,-0.001246,-0.001246,1.0,1.0,-25.119823,-909.812744,4.01353
11796.0,2.5592,-3.0691,-0.001152,-0.001152,1.0,1.0,-25.119864,-909.804871,3.960986
11798.0,2.558,-3.0691,-0.000604,-0.000604,1.0,1.0,-25.11977,-909.796997,3.929448
11800.0,2.554,-3.0691,-0.000338,-0.000338,1.0,1.0,-25.119598,-909.789063,3.919462
11802.0,2.5428,-3.1912,-0.000707,-0.000707,1.0,1.0,-25.119402,-909.781372,3.863813
11804.0,2.5347,-3.1302,-0.000124,-0.000124,1.0,1.0,-25.119064,-909.773804,3.824435
11806.0,2.5267,-3.1302,0.000151,0.000151,1.0,1.0,-25.118629,-909.766113,3.839727
11808.0,2.5252,-3.2522,-0.000307,-0.000307,1.0,1.0,-25.118233,-909.758484,3.816466
11810.0,2.5193,-3.1912,-3.5e-05,-3.5e-05,1.0,1.0,-25.117777,-909.750916,3.786634
11812.0,2.5084,-3.2522,-5.1e-05,-5.1e-05,1.0,1.0,-25.117247,-909.743408,3.777003
11814.0,2.5028,-3.1912,7.7e-05,7.7e-05,1.0,1.0,-25.116693,-909.735596,3.799142
11816.0,2.4972,-3.1912,-0.000272,-0.000272,1.0,1.0,-25.116196,-909.728088,3.776208
11818.0,2.4971,-3.3743,-0.000417,-0.000417,1.0,1.0,-25.115641,-909.720581,3.768772
11820.0,2.4886,-3.5574,-0.000894,-0.000894,1.0,1.0,-25.115067,-909.712952,3.801825
11822.0,2.4768,-3.3743,-0.001086,-0.001086,1.0,1.0,-25.114576,-909.705322,3.810395
11824.0,2.4729,-3.3133,-0.001124,-0.001124,1.0,1.0,-25.114107,-909.697693,3.812684
11826.0,2.469,-3.3133,-0.001224,-0.001224,1.0,1.0,-25.113644,-909.689941,3.846029
11828.0,2.4646,-3.3743,-0.001802,-0.001802,1.0,1.0,-25.113264,-909.682007,3.890328
11830.0,2.4534,-3.5574,-0.002893,-0.002893,1.0,1.0,-25.112997,-909.674194,3.894173
11832.0,2.4444,-3.3133,-0.002582,-0.002582,1.0,1.0,-25.11274,-909.666382,3.909843
11834.0,2.444,-3.5574,-0.003286,-0.003286,1.0,1.0,-25.11252,-909.658447,3.955163
11836.0,2.4436,-3.5574,-0.003786,-0.003786,1.0,1.0,-25.112415,-909.650452,3.976715
11838.0,2.4351,-3.4964,-0.004052,-0.004052,1.0,1.0,-25.112366,-909.642456,3.979964
11840.0,2.4233,-3.1912,-0.003657,-0.003657,1.0,1.0,-25.112324,-909.634338,3.992589
11842.0,2.418,-3.2522,-0.004029,-0.004029,1.0,1.0,-25.112314,-909.62616,4.050466
11844.0,2.4126,-3.2522,-0.004762,-0.004762,1.0,1.0,-25.11245,-909.618164,4.013091
11846.0,2.408,-3.0691,-0.004051,-0.004051,1.0,1.0,-25.11249,-909.610107,4.024534
11848.0,2.3971,-3.0081,-0.004253,-0.004253,1.0,1.0,-25.11256,-909.60199,4.049992
11850.0,2.3887,-2.6419,-0.003903,-0.003903,1.0,1.0,-25.112694,-909.593933,4.045816
11852.0,2.3855,-2.886,-0.004445,-0.004445,1.0,1.0,-25.112818,-909.585876,4.030421
11854.0,2.3822,-2.886,-0.00434,-0.00434,1.0,1.0,-25.112902,-909.577698,4.020529
11856.0,2.3752,-2.5809,-0.00371,-0.00371,1.0,1.0,-25.112961,-909.569702,4.017669
11858.0,2.3671,-2.3367,-0.003309,-0.003309,1.0,1.0,-25.113012,-909.561707,3.986485
11860.0,2.3662,-2.5198,-0.003381,-0.003381,1.0,1.0,-25.112986,-909.553833,3.955528
11862.0,2.3617,-2.5809,-0.003263,-0.003263,1.0,1.0,-25.112883,-909.545959,3.947684
11864.0,2.3571,-2.5809,-0.003265,-0.003265,1.0,1.0,-25.112759,-909.538086,3.931237
11866.0,2.3463,-2.5198,-0.003162,-0.003162,1.0,1.0,-25.112595,-909.530151,3.904979
11868.0,2.3405,-2.5198,-0.002987,-0.002987,1.0,1.0,-25.112364,-909.5224,3.889721
11870.0,2.3381,-2.5198,-0.002868,-0.002868,1.0,1.0,-25.112095,-909.514648,3.883241
11872.0,2.3301,-2.5809,-0.003083,-0.003083,1.0,1.0,-25.111811,-909.506958,3.862592
11874.0,2.3221,-2.5809,-0.003011,-0.003011,1.0,1.0,-25.111473,-909.499268,3.857494
11876.0,2.3145,-2.2146,-0.002314,-0.002314,1.0,1.0,-25.111124,-909.491455,3.874088
11878.0,2.3147,-2.0926,-0.002229,-0.002229,1.0,1.0,-25.110817,-909.483643,3.861701
11880.0,2.3089,-2.2757,-0.002599,-0.002599,1.0,1.0,-25.110477,-909.475952,3.856257
11882.0,2.3003,-2.0926,-0.00231,-0.00231,1.0,1.0,-25.110125,-909.468201,3.859167
11884.0,2.2918,-2.0926,-0.002505,-0.002505,1.0,1.0,-25.109779,-909.460449,3.863391
11886.0,2.2896,-2.2146,-0.002856,-0.002856,1.0,1.0,-25.109446,-909.452759,3.870954
11888.0,2.2852,-2.1536,-0.002892,-0.002892,1.0,1.0,-25.109131,-909.444946,3.884765
11890.0,2.2752,-2.0926,-0.003103,-0.003103,1.0,1.0,-25.10885,-909.437134,3.897224
11892.0,2.2731,-1.9705,-0.003017,-0.003017,1.0,1.0,-25.108603,-909.429138,3.911479
11894.0,2.271,-1.9705,-0.003212,-0.003212,1.0,1.0,-25.108389,-909.421326,3.916119
11896.0,2.2678,-1.8484,-0.003061,-0.003061,1.0,1.0,-25.108189,-909.413391,3.949306
11898.0,2.2604,-1.7874,-0.003433,-0.003433,1.0,1.0,-25.10807,-909.405518,3.946997
11900.0,2.259,-1.6653,-0.003172,-0.003172,1.0,1.0,-25.107946,-909.397644,3.932062
11902.0,2.2587,-1.6043,-0.002885,-0.002885,1.0,1.0,-25.107786,-909.389771,3.941864
11904.0,2.2584,-1.6043,-0.002997,-0.002997,1.0,1.0,-25.107651,-909.381714,3.940878
11906.0,2.2505,-1.4212,-0.002745,-0.002745,1.0,1.0,-25.107512,-909.373901,3.929733
11908.0,2.2468,-1.2381,-0.0023,-0.0023,1.0,1.0,-25.107346,-909.366089,3.905885
11910.0,2.2445,-1.3601,-0.002346,-0.002346,1.0,1.0,-25.107119,-909.358276,3.904318
11912.0,2.2423,-1.3601,-0.002372,-0.002372,1.0,1.0,-25.106888,-909.350525,3.881448
11914.0,2.2374,-1.4212,-0.002349,-0.002349,1.0,1.0,-25.1066,-909.342896,3.834827
11916.0,2.2339,-1.2381,-0.001515,-0.001515,1.0,1.0,-25.106195,-909.335266,3.794935
11918.0,2.2331,-1.4822,-0.001621,-0.001621,1.0,1.0,-25.10569,-909.327759,3.77291
11920.0,2.2266,-1.3601,-0.001243,-0.001243,1.0,1.0,-25.105131,-909.320313,3.730009
11922.0,2.2201,-1.3601,-0.000901,-0.000901,1.0,1.0,-25.104464,-909.312988,3.67732
11924.0,2.2194,-1.2991,-0.00021,-0.00021,1.0,1.0,-25.103664,-909.305786,3.633494
11926.0,2.2194,-1.4822,-0.000128,-0.000128,1.0,1.0,-25.102755,-909.298584,3.612958
11928.0,2.2137,-1.2991,0.000381,0.000381,1.0,1.0,-25.101793,-909.291382,3.566031
11930.0,2.213,-1.3601,0.000747,0.000747,1.0,1.0,-25.100716,-909.284424,3.5046
11932.0,2.2124,-1.3601,0.001403,0.001403,1.0,1.0,-25.099483,-909.277466,3.481664
11934.0,2.2106,-1.6043,0.001094,0.001094,1.0,1.0,-25.098194,-909.270569,3.461953
11936.0,2.2038,-1.7264,0.000916,0.000916,1.0,1.0,-25.096857,-909.263794,3.415384
11938.0,2.2026,-1.3601,0.002186,0.002186,1.0,1.0,-25.095402,-909.25708,3.381276
11940.0,2.2024,-1.4822,0.002292,0.002292,1.0,1.0,-25.093863,-909.250183,3.375929
11942.0,2.2022,-1.4822,0.002346,0.002346,1.0,1.0,-25.09231,-909.243469,3.373023
11944.0,2.1976,-1.6043,0.002028,0.002028,1.0,1.0,-25.090752,-909.236816,3.330679
11946.0,2.1988,-1.6653,0.002379,0.002379,1.0,1.0,-25.089087,-909.230225,3.300248
11948.0,2.1973,-1.9095,0.002157,0.002157,1.0,1.0,-25.087345,-909.223633,3.315022
11950.0,2.1918,-1.9705,0.001759,0.001759,1.0,1.0,-25.085642,-909.21698,3.320556
11952.0,2.1862,-1.9705,0.001592,0.001592,1.0,1.0,-25.083954,-909.210327,3.308326
11954.0,2.1866,-2.0926,0.00147,0.00147,1.0,1.0,-25.082235,-909.203674,3.295768
11956.0,2.1797,-2.3367,0.000949,0.000949,1.0,1.0,-25.080486,-909.197021,3.323617
11958.0,2.1741,-2.2757,0.00067,0.00067,1.0,1.0,-25.078808,-909.190308,3.343924
11960.0,2.1724,-2.4588,2.3e-05,2.3e-05,1.0,1.0,-25.077181,-909.183655,3.332873
11962.0,2.1707,-2.4588,0.00011,0.00011,1.0,1.0,-25.075527,-909.177002,3.336975
11964.0,2.1643,-2.2757,0.000336,0.000336,1.0,1.0,-25.073885,-909.170227,3.361236
11966.0,2.1621,-2.3367,-0.000101,-0.000101,1.0,1.0,-25.072304,-909.16333,3.386502
11968.0,2.1588,-2.3977,-0.00057,-0.00057,1.0,1.0,-25.070787,-909.156555,3.378539
11970.0,2.1516,-2.4588,-0.000754,-0.000754,1.0,1.0,-25.06925,-909.14978,3.373071
11972.0,2.1443,-2.4588,-0.000834,-0.000834,1.0,1.0,-25.067701,-909.143005,3.399418
11974.0,2.1431,-2.5198,-0.001276,-0.001276,1.0,1.0,-25.066219,-909.136108,3.421824
11976.0,2.1357,-2.5198,-0.00166,-0.00166,1.0,1.0,-25.064793,-909.129089,3.443547
11978.0,2.1312,-2.3367,-0.00159,-0.00159,1.0,1.0,-25.063421,-909.122314,3.399183
11980.0,2.1266,-2.3367,-0.001195,-0.001195,1.0,1.0,-25.061939,-909.11554,3.406398
11982.0,2.1235,-2.5198,-0.001727,-0.001727,1.0,1.0,-25.060476,-909.108643,3.418523
11984.0,2.1167,-2.2146,-0.001333,-0.001333,1.0,1.0,-25.059044,-909.101868,3.401357
11986.0,2.1149,-2.4588,-0.001705,-0.001705,1.0,1.0,-25.05757,-909.095093,3.385442
11988.0,2.1087,-2.4588,-0.001652,-0.001652,1.0,1.0,-25.056055,-909.088257,3.37721
11990.0,2.1024,-2.4588,-0.001683,-0.001683,1.0,1.0,-25.054522,-909.081482,3.382328
11992.0,2.0974,-2.3367,-0.001572,-0.001572,1.0,1.0,-25.053001,-909.074829,3.354047
11994.0,2.0961,-2.5198,-0.001684,-0.001684,1.0,1.0,-25.051411,-909.068176,3.328683
11996.0,2.0892,-2.3977,-0.001278,-0.001278,1.0,1.0,-25.049757,-909.061584,3.308203
11998.0,2.087,-2.764,-0.001885,-0.001885,1.0,1.0,-25.048052,-909.054993,3.300282
12000.0,2.0848,-2.764,-0.001841,-0.001841,1.0,1.0,-25.046328,-909.048462,3.270944
12002.0,2.0767,-2.825,-0.001807,-0.001807,1.0,1.0,-25.044531,-909.04187,3.249552
12004.0,2.0706,-2.5809,-0.001167,-0.001167,1.0,1.0,-25.042681,-909.035461,3.225445
12006.0,2.0667,-2.886,-0.001637,-0.001637,1.0,1.0,-25.040771,-909.029053,3.213206
12008.0,2.0591,-2.7029,-0.001255,-0.001255,1.0,1.0,-25.038832,-909.022705,3.194352
12010.0,2.0515,-2.7029,-0.001195,-0.001195,1.0,1.0,-25.036846,-909.016357,3.172225
12012.0,2.0488,-2.825,-0.001269,-0.001269,1.0,1.0,-25.034805,-909.01001,3.158538
12014.0,2.0407,-2.825,-0.001276,-0.001276,1.0,1.0,-25.03273,-909.003784,3.15278
12016.0,2.0371,-2.764,-0.00115,-0.00115,1.0,1.0,-25.030642,-908.997437,3.119479
12018.0,2.0312,-2.886,-0.001163,-0.001163,1.0,1.0,-25.028471,-908.991211,3.109052
12020.0,2.0253,-2.886,-0.001163,-0.001163,1.0,1.0,-25.026274,-908.984985,3.120295
12022.0,2.0202,-2.6419,-0.000859,-0.000859,1.0,1.0,-25.024107,-908.97876,3.111631
12024.0,2.0157,-2.886,-0.001376,-0.001376,1.0,1.0,-25.021919,-908.972534,3.117316
12026.0,2.0073,-2.7029,-0.001205,-0.001205,1.0,1.0,-25.019747,-908.966309,3.107175
12028.0,2.0042,-2.886,-0.001549,-0.001549,1.0,1.0,-25.01755,-908.960022,3.107627
12030.0,2.0011,-2.886,-0.001614,-0.001614,1.0,1.0,-25.015354,-908.953674,3.102782
12032.0,1.9942,-3.0081,-0.001956,-0.001956,1.0,1.0,-25.013147,-908.94751,3.103031
12034.0,1.989,-3.0081,-0.002058,-0.002058,1.0,1.0,-25.010942,-908.941284,3.103076
12036.0,1.9815,-3.2522,-0.002726,-0.002726,1.0,1.0,-25.008738,-908.935059,3.110658
12038.0,1.9729,-2.9471,-0.002318,-0.002318,1.0,1.0,-25.006554,-908.928772,3.124484
12040.0,1.9643,-2.9471,-0.002633,-0.002633,1.0,1.0,-25.004404,-908.922485,3.132679
12042.0,1.9597,-2.9471,-0.002811,-0.002811,1.0,1.0,-25.002277,-908.916199,3.137637
12044.0,1.9517,-2.7029,-0.002495,-0.002495,1.0,1.0,-25.000162,-908.909912,3.138408
12046.0,1.9488,-2.764,-0.00269,-0.00269,1.0,1.0,-24.998051,-908.903687,3.139477
12048.0,1.9458,-2.764,-0.002758,-0.002758,1.0,1.0,-24.995943,-908.8974,3.140753
12050.0,1.9395,-2.886,-0.003156,-0.003156,1.0,1.0,-24.993839,-908.891113,3.133449
12052.0,1.9345,-2.9471,-0.003304,-0.003304,1.0,1.0,-24.991718,-908.884888,3.122676
12054.0,1.926,-2.9471,-0.00335,-0.00335,1.0,1.0,-24.989571,-908.878601,3.098754
12056.0,1.9181,-2.886,-0.003109,-0.003109,1.0,1.0,-24.987364,-908.872253,3.143331
12058.0,1.9103,-2.886,-0.003745,-0.003745,1.0,1.0,-24.98527,-908.866089,3.112182
12060.0,1.905,-3.0081,-0.003769,-0.003769,1.0,1.0,-24.983099,-908.859924,3.090904
12062.0,1.8988,-2.4588,-0.002477,-0.002477,1.0,1.0,-24.980875,-908.853699,3.093014
12064.0,1.8943,-2.5198,-0.002716,-0.002716,1.0,1.0,-24.978657,-908.847534,3.090966
12066.0,1.8862,-2.3977,-0.002588,-0.002588,1.0,1.0,-24.976435,-908.841309,3.081456
12068.0,1.878,-2.3977,-0.002641,-0.002641,1.0,1.0,-24.97419,-908.835205,3.050766
12070.0,1.8741,-2.2757,-0.002119,-0.002119,1.0,1.0,-24.971869,-908.829224,3.02473
12072.0,1.8666,-2.4588,-0.002374,-0.002374,1.0,1.0,-24.969482,-908.82312,3.019526
12074.0,1.8641,-1.9095,-0.001184,-0.001184,1.0,1.0,-24.967085,-908.817139,3.018518
12076.0,1.8608,-2.1536,-0.001761,-0.001761,1.0,1.0,-24.964685,-908.811218,2.978455
12078.0,1.8576,-2.1536,-0.001387,-0.001387,1.0,1.0,-24.962187,-908.805237,2.946391
12080.0,1.8521,-1.9705,-0.000751,-0.000751,1.0,1.0,-24.959608,-908.799438,2.92356
12082.0,1.8488,-2.3367,-0.001351,-0.001351,1.0,1.0,-24.956972,-908.793579,2.916941
12084.0,1.843,-2.1536,-0.000998,-0.000998,1.0,1.0,-24.954321,-908.787781,2.902075
12086.0,1.841,-2.3977,-0.0014,-0.0014,1.0,1.0,-24.951633,-908.782104,2.861584
12088.0,1.8389,-2.3977,-0.000998,-0.000998,1.0,1.0,-24.948845,-908.776428,2.840399
12090.0,1.8336,-1.9705,4.9e-05,4.9e-05,1.0,1.0,-24.946005,-908.770691,2.83178
12092.0,1.8289,-2.3977,-0.000867,-0.000867,1.0,1.0,-24.943144,-908.765015,2.84251
12094.0,1.8237,-2.2757,-0.000821,-0.000821,1.0,1.0,-24.940311,-908.759338,2.823484
12096.0,1.8192,-2.2146,-0.000569,-0.000569,1.0,1.0,-24.937433,-908.753784,2.809646
12098.0,1.8147,-2.2146,-0.000504,-0.000504,1.0,1.0,-24.934521,-908.748169,2.795807
12100.0,1.8097,-2.0926,-0.000188,-0.000188,1.0,1.0,-24.931574,-908.742554,2.809241
12102.0,1.806,-2.0315,-0.000273,-0.000273,1.0,1.0,-24.928663,-908.736816,2.811616
12104.0,1.8034,-2.2146,-0.000742,-0.000742,1.0,1.0,-24.925758,-908.731262,2.788485
12106.0,1.8009,-2.2146,-0.00054,-0.00054,1.0,1.0,-24.922798,-908.725708,2.771092
12108.0,1.7972,-1.9095,0.000236,0.000236,1.0,1.0,-24.919794,-908.720215,2.777009
12110.0,1.793,-2.3367,-0.000829,-0.000829,1.0,1.0,-24.916807,-908.7146,2.797423
12112.0,1.7882,-1.9705,-0.000355,-0.000355,1.0,1.0,-24.913872,-908.708923,2.805683
12114.0,1.7849,-2.4588,-0.001558,-0.001558,1.0,1.0,-24.910959,-908.703369,2.793812
12116.0,1.7816,-2.4588,-0.001492,-0.001492,1.0,1.0,-24.908018,-908.697693,2.794291
12118.0,1.7777,-2.2757,-0.001179,-0.001179,1.0,1.0,-24.905079,-908.692078,2.807938
12120.0,1.7738,-2.5809,-0.002059,-0.002059,1.0,1.0,-24.902176,-908.686401,2.833121
12122.0,1.7687,-2.3367,-0.001906,-0.001906,1.0,1.0,-24.899336,-908.680725,2.83495
12124.0,1.7646,-2.5809,-0.002529,-0.002529,1.0,1.0,-24.896502,-908.675049,2.831938
12126.0,1.7605,-2.5809,-0.002575,-0.002575,1.0,1.0,-24.893661,-908.669373,2.835729
12128.0,1.7535,-2.3977,-0.002358,-0.002358,1.0,1.0,-24.890833,-908.663513,2.860708
12130.0,1.749,-2.5198,-0.002977,-0.002977,1.0,1.0,-24.888067,-908.657715,2.888639
12132.0,1.7421,-2.3977,-0.003151,-0.003151,1.0,1.0,-24.885372,-908.651978,2.8859
12134.0,1.7377,-2.7029,-0.003863,-0.003863,1.0,1.0,-24.882671,-908.646179,2.883104
12136.0,1.7332,-2.7029,-0.003918,-0.003918,1.0,1.0,-24.879965,-908.640381,2.887287
12138.0,1.7263,-2.6419,-0.003964,-0.003964,1.0,1.0,-24.87727,-908.634583,2.900384
12140.0,1.723,-2.3367,-0.003514,-0.003514,1.0,1.0,-24.874609,-908.62854,2.944544
12142.0,1.7167,-2.4588,-0.004379,-0.004379,1.0,1.0,-24.872061,-908.622803,2.899552
12144.0,1.7147,-2.3367,-0.003665,-0.003665,1.0,1.0,-24.8694,-908.617065,2.887726
12146.0,1.7127,-2.3367,-0.003575,-0.003575,1.0,1.0,-24.866711,-908.611206,2.903723
12148.0,1.7052,-2.5809,-0.004418,-0.004418,1.0,1.0,-24.864063,-908.605408,2.908167
12150.0,1.7018,-2.2146,-0.003743,-0.003743,1.0,1.0,-24.861427,-908.599548,2.921365
12152.0,1.6934,-2.5809,-0.004836,-0.004836,1.0,1.0,-24.858826,-908.593628,2.907254
12154.0,1.6898,-2.0926,-0.003701,-0.003701,1.0,1.0,-24.85619,-908.587891,2.892116
12156.0,1.6862,-2.0926,-0.003606,-0.003606,1.0,1.0,-24.853518,-908.582092,2.884251
12158.0,1.6797,-2.4588,-0.004433,-0.004433,1.0,1.0,-24.850826,-908.576355,2.881133
12160.0,1.6793,-1.8484,-0.003095,-0.003095,1.0,1.0,-24.848127,-908.570618,2.874979
12162.0,1.6735,-2.5809,-0.004713,-0.004713,1.0,1.0,-24.845415,-908.564941,2.850317
12164.0,1.6708,-2.1536,-0.003578,-0.003578,1.0,1.0,-24.842642,-908.559265,2.835291
12166.0,1.6681,-2.1536,-0.003467,-0.003467,1.0,1.0,-24.839832,-908.553589,2.82479
12168.0,1.6602,-2.825,-0.004948,-0.004948,1.0,1.0,-24.836996,-908.547974,2.812155
12170.0,1.6583,-2.0315,-0.00314,-0.00314,1.0,1.0,-24.834129,-908.542358,2.803116
12172.0,1.6508,-2.764,-0.004761,-0.004761,1.0,1.0,-24.831242,-908.536804,2.788829
12174.0,1.6432,-2.764,-0.00475,-0.00475,1.0,1.0,-24.82832,-908.53125,2.770105
12176.0,1.6434,-2.0315,-0.002968,-0.002968,1.0,1.0,-24.825352,-908.525757,2.765832
12178.0,1.6356,-2.825,-0.004778,-0.004778,1.0,1.0,-24.822374,-908.520142,2.747912
12180.0,1.6336,-2.0315,-0.002915,-0.002915,1.0,1.0,-24.819353,-908.514648,2.748215
12182.0,1.6244,-2.886,-0.004933,-0.004933,1.0,1.0,-24.816334,-908.509216,2.734009
12184.0,1.6152,-2.886,-0.004955,-0.004955,1.0,1.0,-24.81328,-908.503784,2.730478
12186.0,1.613,-2.2146,-0.003514,-0.003514,1.0,1.0,-24.810219,-908.498352,2.7236
12188.0,1.6039,-2.9471,-0.005189,-0.005189,1.0,1.0,-24.80714,-908.492798,2.735394
12190.0,1.6025,-2.0926,-0.003507,-0.003507,1.0,1.0,-24.804094,-908.487305,2.727502
12192.0,1.5944,-2.764,-0.00502,-0.00502,1.0,1.0,-24.801029,-908.481873,2.715863
12194.0,1.5864,-2.764,-0.005047,-0.005047,1.0,1.0,-24.797935,-908.47644,2.719956
12196.0,1.5843,-1.9095,-0.003294,-0.003294,1.0,1.0,-24.794853,-908.471008,2.72396
12198.0,1.5761,-2.6419,-0.005071,-0.005071,1.0,1.0,-24.791782,-908.465576,2.712778
12200.0,1.5746,-2.0315,-0.003665,-0.003665,1.0,1.0,-24.788685,-908.460083,2.718035
12202.0,1.568,-2.5198,-0.004899,-0.004899,1.0,1.0,-24.785603,-908.454651,2.714162
12204.0,1.5614,-2.5198,-0.004984,-0.004984,1.0,1.0,-24.782511,-908.449219,2.712812
12206.0,1.5616,-2.0315,-0.003915,-0.003915,1.0,1.0,-24.779417,-908.443726,2.722732
12208.0,1.554,-2.7029,-0.005614,-0.005614,1.0,1.0,-24.77635,-908.438293,2.72024
12210.0,1.5496,-2.5198,-0.005276,-0.005276,1.0,1.0,-24.773277,-908.432861,2.722668
12212.0,1.5412,-2.5809,-0.005596,-0.005596,1.0,1.0,-24.770212,-908.427307,2.730046
12214.0,1.5327,-2.5809,-0.005839,-0.005839,1.0,1.0,-24.767166,-908.421814,2.738862
12216.0,1.5281,-2.3367,-0.005498,-0.005498,1.0,1.0,-24.764145,-908.41626,2.755672
12218.0,1.5217,-2.2146,-0.005541,-0.005541,1.0,1.0,-24.761166,-908.410767,2.752554
12220.0,1.52,-2.0926,-0.005278,-0.005278,1.0,1.0,-24.758181,-908.405273,2.745327
12222.0,1.5156,-2.2757,-0.005677,-0.005677,1.0,1.0,-24.755178,-908.399841,2.733292
12224.0,1.5113,-2.2757,-0.00563,-0.00563,1.0,1.0,-24.752148,-908.394287,2.738696
12226.0,1.5065,-2.3977,-0.006042,-0.006042,1.0,1.0,-24.74913,-908.388794,2.741153
12228.0,1.5013,-2.1536,-0.005645,-0.005645,1.0,1.0,-24.74612,-908.383301,2.736167
12230.0,1.4941,-2.3977,-0.006252,-0.006252,1.0,1.0,-24.743099,-908.377991,2.691941
12232.0,1.4904,-1.9705,-0.004924,-0.004924,1.0,1.0,-24.739969,-908.372498,2.723687
12234.0,1.4866,-1.9705,-0.005341,-0.005341,1.0,1.0,-24.736919,-908.367065,2.704181
12236.0,1.4808,-2.3367,-0.006028,-0.006028,1.0,1.0,-24.733822,-908.361694,2.702623
12238.0,1.4797,-2.0315,-0.005377,-0.005377,1.0,1.0,-24.730722,-908.356201,2.693926
12240.0,1.4735,-2.2146,-0.005794,-0.005794,1.0,1.0,-24.727602,-908.350891,2.669743
12242.0,1.4674,-2.2146,-0.005649,-0.005649,1.0,1.0,-24.724422,-908.345642,2.641939
12244.0,1.4641,-2.0315,-0.005015,-0.005015,1.0,1.0,-24.721174,-908.340454,2.622893
12246.0,1.4562,-2.2757,-0.005484,-0.005484,1.0,1.0,-24.717878,-908.335205,2.613564
12248.0,1.453,-1.9095,-0.004658,-0.004658,1.0,1.0,-24.714561,-908.329956,2.61023
12250.0,1.4468,-1.9095,-0.00474,-0.00474,1.0,1.0,-24.711237,-908.324707,2.592416
12252.0,1.4406,-1.9095,-0.004665,-0.004665,1.0,1.0,-24.707869,-908.319641,2.555172
12254.0,1.4384,-1.6653,-0.003777,-0.003777,1.0,1.0,-24.704409,-908.314636,2.525823
12256.0,1.4351,-1.9095,-0.004046,-0.004046,1.0,1.0,-24.700876,-908.309692,2.50339
12258.0,1.432,-1.9705,-0.003992,-0.003992,1.0,1.0,-24.697289,-908.304688,2.494465
12260.0,1.4291,-1.7874,-0.003557,-0.003557,1.0,1.0,-24.69368,-908.299744,2.481658
12262.0,1.4262,-1.7874,-0.003473,-0.003473,1.0,1.0,-24.690041,-908.294739,2.456049
12264.0,1.4221,-1.8484,-0.003406,-0.003406,1.0,1.0,-24.686338,-908.289978,2.414435
12266.0,1.4208,-1.7264,-0.002715,-0.002715,1.0,1.0,-24.682533,-908.285156,2.395622
12268.0,1.4167,-2.0926,-0.003376,-0.003376,1.0,1.0,-24.678682,-908.280457,2.37789
12270.0,1.4151,-2.0315,-0.003082,-0.003082,1.0,1.0,-24.674789,-908.275757,2.369328
12272.0,1.4136,-2.0315,-0.003019,-0.003019,1.0,1.0,-24.670876,-908.270996,2.362183
12274.0,1.4069,-2.3977,-0.003856,-0.003856,1.0,1.0,-24.666946,-908.266296,2.333665
12276.0,1.4022,-2.0926,-0.002981,-0.002981,1.0,1.0,-24.662947,-908.261719,2.309975
12278.0,1.3977,-1.9705,-0.002546,-0.002546,1.0,1.0,-24.658888,-908.257141,2.297667
12280.0,1.3935,-1.9705,-0.002493,-0.002493,1.0,1.0,-24.6548,-908.252502,2.304674
12282.0,1.3893,-1.9705,-0.00265,-0.00265,1.0,1.0,-24.650732,-908.247925,2.299883
12284.0,1.3864,-1.9095,-0.002522,-0.002522,1.0,1.0,-24.646654,-908.243347,2.286207
12286.0,1.3823,-1.9705,-0.002584,-0.002584,1.0,1.0,-24.642544,-908.23877,2.266561
12288.0,1.3822,-1.7874,-0.001978,-0.001978,1.0,1.0,-24.638386,-908.234314,2.239493
12290.0,1.377,-2.4588,-0.003227,-0.003227,1.0,1.0,-24.634161,-908.229858,2.225776
12292.0,1.3718,-2.4588,-0.003177,-0.003177,1.0,1.0,-24.629904,-908.225342,2.246243
12294.0,1.3684,-2.2757,-0.003071,-0.003071,1.0,1.0,-24.625698,-908.220825,2.249937
12296.0,1.3625,-2.3977,-0.003488,-0.003488,1.0,1.0,-24.621504,-908.21637,2.240951
12298.0,1.3568,-2.3977,-0.003499,-0.003499,1.0,1.0,-24.617289,-908.211853,2.227541
12300.0,1.3511,-2.3977,-0.003462,-0.003462,1.0,1.0,-24.613041,-908.207397,2.224411
12302.0,1.3474,-2.3977,-0.003498,-0.003498,1.0,1.0,-24.608788,-908.202942,2.233684
12304.0,1.3431,-2.3367,-0.003551,-0.003551,1.0,1.0,-24.604559,-908.198425,2.243009
12306.0,1.3427,-2.1536,-0.003266,-0.003266,1.0,1.0,-24.600355,-908.193909,2.254366
12308.0,1.3358,-2.6419,-0.004573,-0.004573,1.0,1.0,-24.596182,-908.189392,2.252427
12310.0,1.3289,-2.6419,-0.004685,-0.004685,1.0,1.0,-24.592007,-908.184937,2.236663
12312.0,1.3244,-2.4588,-0.004205,-0.004205,1.0,1.0,-24.587793,-908.18042,2.239319
12314.0,1.3176,-2.7029,-0.004889,-0.004889,1.0,1.0,-24.583588,-908.175903,2.247154
12316.0,1.3109,-2.5809,-0.004842,-0.004842,1.0,1.0,-24.579403,-908.171326,2.265984
12318.0,1.306,-2.2757,-0.004483,-0.004483,1.0,1.0,-24.575268,-908.166748,2.281466
12320.0,1.3012,-2.2757,-0.004744,-0.004744,1.0,1.0,-24.571173,-908.162231,2.27856
12322.0,1.2944,-2.6419,-0.005632,-0.005632,1.0,1.0,-24.567072,-908.157715,2.270598
12324.0,1.2928,-2.3367,-0.004918,-0.004918,1.0,1.0,-24.562954,-908.153076,2.266138
12326.0,1.2879,-2.764,-0.005884,-0.005884,1.0,1.0,-24.558826,-908.14856,2.268326
12328.0,1.2824,-2.5809,-0.005618,-0.005618,1.0,1.0,-24.554705,-908.143982,2.281755
12330.0,1.277,-2.5809,-0.005869,-0.005869,1.0,1.0,-24.550619,-908.139404,2.294071
12332.0,1.2718,-2.4588,-0.00584,-0.00584,1.0,1.0,-24.546566,-908.134766,2.290603
12334.0,1.265,-2.4588,-0.005932,-0.005932,1.0,1.0,-24.542505,-908.130127,2.313231
12336.0,1.2617,-2.1536,-0.005585,-0.005585,1.0,1.0,-24.538504,-908.125549,2.279015
12338.0,1.2551,-2.5809,-0.006259,-0.006259,1.0,1.0,-24.534418,-908.121033,2.264776
12340.0,1.2485,-2.5809,-0.00623,-0.00623,1.0,1.0,-24.530298,-908.116455,2.27664
12342.0,1.2453,-2.2757,-0.005765,-0.005765,1.0,1.0,-24.526209,-908.111877,2.287776
12344.0,1.2407,-2.2757,-0.005975,-0.005975,1.0,1.0,-24.52215,-908.1073,2.280687
12346.0,1.2344,-2.4588,-0.006413,-0.006413,1.0,1.0,-24.518074,-908.102783,2.27557
12348.0,1.2302,-2.0926,-0.005649,-0.005649,1.0,1.0,-24.513988,-908.098267,2.258258
12350.0,1.2261,-2.0926,-0.00554,-0.00554,1.0,1.0,-24.509861,-908.093689,2.262975
12352.0,1.2195,-2.2757,-0.006111,-0.006111,1.0,1.0,-24.505747,-908.089111,2.269174
12354.0,1.2138,-1.8484,-0.00537,-0.00537,1.0,1.0,-24.50165,-908.084595,2.273972
12356.0,1.2094,-1.8484,-0.005507,-0.005507,1.0,1.0,-24.497566,-908.080078,2.266418
12358.0,1.2055,-1.8484,-0.005498,-0.005498,1.0,1.0,-24.493465,-908.075562,2.248175
12360.0,1.2017,-1.8484,-0.005373,-0.005373,1.0,1.0,-24.489321,-908.071045,2.225354
12362.0,1.202,-1.7874,-0.004989,-0.004989,1.0,1.0,-24.485119,-908.06665,2.216862
12364.0,1.1973,-2.0315,-0.005511,-0.005511,1.0,1.0,-24.480898,-908.062256,2.207928
12366.0,1.1927,-1.9705,-0.00537,-0.00537,1.0,1.0,-24.476656,-908.057861,2.200484
12368.0,1.1881,-1.9705,-0.005377,-0.005377,1.0,1.0,-24.472397,-908.053406,2.202957
12370.0,1.1837,-1.9705,-0.00549,-0.00549,1.0,1.0,-24.468145,-908.049072,2.185507
12372.0,1.1777,-1.9705,-0.005415,-0.005415,1.0,1.0,-24.463852,-908.044739,2.176713
12374.0,1.175,-1.9095,-0.005239,-0.005239,1.0,1.0,-24.459539,-908.040344,2.164686
12376.0,1.1708,-1.9705,-0.005321,-0.005321,1.0,1.0,-24.455198,-908.036011,2.152031
12378.0,1.1666,-1.9705,-0.005263,-0.005263,1.0,1.0,-24.450827,-908.031738,2.146485
12380.0,1.1636,-1.6653,-0.004605,-0.004605,1.0,1.0,-24.446444,-908.027466,2.145537
12382.0,1.1616,-1.7874,-0.004895,-0.004895,1.0,1.0,-24.442059,-908.023193,2.139246
12384.0,1.1554,-2.0926,-0.005602,-0.005602,1.0,1.0,-24.43766,-908.018921,2.125179
12386.0,1.152,-1.6043,-0.004464,-0.004464,1.0,1.0,-24.433228,-908.014648,2.114405
12388.0,1.1486,-1.6043,-0.004411,-0.004411,1.0,1.0,-24.42877,-908.010437,2.115584
12390.0,1.142,-1.7874,-0.004945,-0.004945,1.0,1.0,-24.424318,-908.006226,2.11598
12392.0,1.137,-1.4822,-0.004389,-0.004389,1.0,1.0,-24.419868,-908.001953,2.113369
12394.0,1.1352,-1.2991,-0.004001,-0.004001,1.0,1.0,-24.415413,-907.997803,2.080689
12396.0,1.1311,-1.6653,-0.004512,-0.004512,1.0,1.0,-24.410877,-907.993652,2.085917
12398.0,1.127,-1.6653,-0.004649,-0.004649,1.0,1.0,-24.406357,-907.98938,2.09097
12400.0,1.1272,-1.2991,-0.003912,-0.003912,1.0,1.0,-24.401852,-907.985229,2.088771
12402.0,1.1251,-1.5433,-0.004453,-0.004453,1.0,1.0,-24.397343,-907.981079,2.078626
12404.0,1.1206,-1.7264,-0.004822,-0.004822,1.0,1.0,-24.392809,-907.976929,2.080699
12406.0,1.1192,-1.2991,-0.003952,-0.003952,1.0,1.0,-24.388283,-907.972778,2.077643
12408.0,1.1179,-1.2991,-0.003945,-0.003945,1.0,1.0,-24.383751,-907.968567,2.082095
12410.0,1.1124,-1.7264,-0.005017,-0.005017,1.0,1.0,-24.379232,-907.964355,2.072978
12412.0,1.1104,-1.4822,-0.004432,-0.004432,1.0,1.0,-24.374693,-907.960205,2.070452
12414.0,1.1094,-1.2991,-0.00403,-0.00403,1.0,1.0,-24.370148,-907.956055,2.072117
12416.0,1.1055,-1.6653,-0.004911,-0.004911,1.0,1.0,-24.36561,-907.951965,2.070488
12418.0,1.1015,-1.6653,-0.004969,-0.004969,1.0,1.0,-24.361069,-907.947876,2.057363
12420.0,1.1022,-1.5433,-0.00455,-0.00455,1.0,1.0,-24.356497,-907.943665,2.054673
12422.0,1.0965,-2.0315,-0.00568,-0.00568,1.0,1.0,-24.351919,-907.939514,2.063236
12424.0,1.0898,-1.7874,-0.005378,-0.005378,1.0,1.0,-24.347366,-907.935364,2.073986
12426.0,1.0867,-1.4212,-0.004767,-0.004767,1.0,1.0,-24.342842,-907.931152,2.083069
12428.0,1.0836,-1.4212,-0.004925,-0.004925,1.0,1.0,-24.338343,-907.926147,2.085951
12430.0,1.0775,-1.5433,-0.005336,-0.005336,1.0,1.0,-24.333851,-907.922668,2.090632
12432.0,1.0748,-1.055,-0.004389,-0.004389,1.0,1.0,-24.329374,-907.91864,2.090865
12434.0,1.0734,-0.8719,-0.004024,-0.004024,1.0,1.0,-24.3249,-907.914429,2.091958
12436.0,1.072,-0.8719,-0.004063,-0.004063,1.0,1.0,-24.320429,-907.910217,2.089942
12438.0,1.0698,-1.177,-0.00474,-0.00474,1.0,1.0,-24.315954,-907.905334,2.089443
12440.0,1.0713,-1.177,-0.004706,-0.004706,1.0,1.0,-24.311481,-907.901855,2.087174
12442.0,1.0674,-1.4822,-0.005411,-0.005411,1.0,1.0,-24.307005,-907.897705,2.085448
12444.0,1.0632,-1.2991,-0.005081,-0.005081,1.0,1.0,-24.302525,-907.893555,2.077571
12446.0,1.0589,-1.2991,-0.005077,-0.005077,1.0,1.0,-24.298027,-907.889404,2.075828
12448.0,1.056,-1.116,-0.004719,-0.004719,1.0,1.0,-24.293528,-907.88446,2.074563
12450.0,1.0509,-1.177,-0.004935,-0.004935,1.0,1.0,-24.289026,-907.881042,2.065446
12452.0,1.0499,-0.8719,-0.004198,-0.004198,1.0,1.0,-24.284504,-907.876953,2.069832
12454.0,1.0489,-1.116,-0.004792,-0.004792,1.0,1.0,-24.279993,-907.872681,2.086854
12456.0,1.0478,-1.116,-0.004998,-0.004998,1.0,1.0,-24.275528,-907.868591,2.067968
12458.0,1.0453,-1.055,-0.004708,-0.004708,1.0,1.0,-24.271017,-907.86377,2.053102
12460.0,1.0466,-0.7498,-0.003865,-0.003865,1.0,1.0,-24.26647,-907.860352,2.039063
12462.0,1.0432,-1.2381,-0.004829,-0.004829,1.0,1.0,-24.26189,-907.856262,2.036884
12464.0,1.0374,-1.116,-0.004653,-0.004653,1.0,1.0,-24.257307,-907.852173,2.044641
12466.0,1.0317,-1.116,-0.004847,-0.004847,1.0,1.0,-24.252745,-907.848083,2.042637
12468.0,1.0302,-0.8719,-0.004329,-0.004329,1.0,1.0,-24.248178,-907.843384,2.03845
12470.0,1.0266,-0.8719,-0.004353,-0.004353,1.0,1.0,-24.243605,-907.839966,2.025408
12472.0,1.0251,-0.5667,-0.003583,-0.003583,1.0,1.0,-24.239,-907.835999,2.006803
12474.0,1.0249,-0.5667,-0.003385,-0.003385,1.0,1.0,-24.23435,-907.831909,1.999518
12476.0,1.0247,-0.5667,-0.003309,-0.003309,1.0,1.0,-24.229683,-907.827942,1.998469
12478.0,1.0218,-0.7498,-0.003747,-0.003747,1.0,1.0,-24.225016,-907.823425,1.992348
12480.0,1.0237,-0.5057,-0.003119,-0.003119,1.0,1.0,-24.220335,-907.820007,1.983411
12482.0,1.0239,-0.6888,-0.003411,-0.003411,1.0,1.0,-24.215633,-907.81604,1.977644
12484.0,1.0188,-0.8719,-0.00384,-0.00384,1.0,1.0,-24.21092,-907.812134,1.956815
12486.0,1.0137,-0.8719,-0.003711,-0.003711,1.0,1.0,-24.206156,-907.808228,1.939744
12488.0,1.0136,-0.6888,-0.003133,-0.003133,1.0,1.0,-24.201351,-907.803955,1.929011
12490.0,1.0102,-0.9329,-0.003608,-0.003608,1.0,1.0,-24.19652,-907.800537,1.919159
12492.0,1.0081,-0.8719,-0.00341,-0.00341,1.0,1.0,-24.191666,-907.796753,1.917984
12494.0,1.006,-0.8719,-0.003437,-0.003437,1.0,1.0,-24.186811,-907.792908,1.906191
12496.0,1.0086,-0.5057,-0.002471,-0.002471,1.0,1.0,-24.181929,-907.789124,1.897726
12498.0,1.0073,-1.177,-0.003848,-0.003848,1.0,1.0,-24.177027,-907.784973,1.867731
12500.0,1.0092,-0.9329,-0.00296,-0.00296,1.0,1.0,-24.172052,-907.781677,1.847478
12502.0,1.0073,-1.116,-0.003169,-0.003169,1.0,1.0,-24.167028,-907.778015,1.839467
12504.0,1.0054,-1.116,-0.003119,-0.003119,1.0,1.0,-24.161987,-907.774292,1.84405
12506.0,0.9984,-1.4212,-0.003959,-0.003959,1.0,1.0,-24.15696,-907.77063,1.848727
12508.0,0.9959,-0.9939,-0.00314,-0.00314,1.0,1.0,-24.151945,-907.766541,1.847568
12510.0,0.9938,-0.8719,-0.002904,-0.002904,1.0,1.0,-24.146931,-907.763184,1.848772
12512.0,0.9886,-0.9939,-0.003279,-0.003279,1.0,1.0,-24.14192,-907.759521,1.833272
12514.0,0.9835,-0.9939,-0.00321,-0.00321,1.0,1.0,-24.136873,-907.755859,1.829828
12516.0,0.9836,-0.6888,-0.002515,-0.002515,1.0,1.0,-24.131819,-907.752197,1.819585
12518.0,0.9834,-0.8719,-0.0028,-0.0028,1.0,1.0,-24.126741,-907.748291,1.809839
12520.0,0.981,-1.055,-0.003134,-0.003134,1.0,1.0,-24.121641,-907.744995,1.817585
12522.0,0.983,-0.8719,-0.002786,-0.002786,1.0,1.0,-24.116562,-907.741333,1.822413
12524.0,0.985,-0.8719,-0.0028,-0.0028,1.0,1.0,-24.111498,-907.737671,1.813341
12526.0,0.9835,-1.2381,-0.003517,-0.003517,1.0,1.0,-24.106413,-907.73407,1.798433
12528.0,0.9788,-1.3601,-0.003709,-0.003709,1.0,1.0,-24.101292,-907.730286,1.781431
12530.0,0.9787,-1.055,-0.00287,-0.00287,1.0,1.0,-24.09613,-907.72699,1.775571
12532.0,0.9745,-1.6043,-0.004067,-0.004067,1.0,1.0,-24.090956,-907.723389,1.780248
12534.0,0.9703,-1.6043,-0.004198,-0.004198,1.0,1.0,-24.085796,-907.719849,1.787941
12536.0,0.967,-0.9939,-0.003033,-0.003033,1.0,1.0,-24.080658,-907.716187,1.797698
12538.0,0.9702,-0.7498,-0.002553,-0.002553,1.0,1.0,-24.075546,-907.712402,1.793082
12540.0,0.9679,-1.6043,-0.004383,-0.004383,1.0,1.0,-24.070425,-907.708984,1.791797
12542.0,0.9633,-1.3601,-0.003934,-0.003934,1.0,1.0,-24.065302,-907.705444,1.784313
12544.0,0.9586,-1.3601,-0.003942,-0.003942,1.0,1.0,-24.060162,-907.701904,1.776399
12546.0,0.9608,-1.2381,-0.003551,-0.003551,1.0,1.0,-24.055004,-907.698364,1.779216
12548.0,0.9537,-2.0315,-0.005424,-0.005424,1.0,1.0,-24.049856,-907.69458,1.791336
12550.0,0.9472,-1.5433,-0.004631,-0.004631,1.0,1.0,-24.044741,-907.69104,1.804836
12552.0,0.9467,-1.116,-0.003868,-0.003868,1.0,1.0,-24.039661,-907.687439,1.809162
12554.0,0.9463,-1.116,-0.003924,-0.003924,1.0,1.0,-24.034594,-907.683838,1.815508
12556.0,0.9408,-1.4822,-0.004885,-0.004885,1.0,1.0,-24.029545,-907.680176,1.813067
12558.0,0.9375,-1.177,-0.004267,-0.004267,1.0,1.0,-24.024492,-907.676453,1.808296
12560.0,0.9392,-0.9329,-0.003657,-0.003657,1.0,1.0,-24.01943,-907.672974,1.80506
12562.0,0.9409,-0.9329,-0.003588,-0.003588,1.0,1.0,-24.01436,-907.669312,1.815287
12564.0,0.9367,-1.3601,-0.0047,-0.0047,1.0,1.0,-24.009319,-907.665588,1.829669
12566.0,0.934,-1.055,-0.004251,-0.004251,1.0,1.0,-24.004316,-907.661926,1.832554
12568.0,0.9373,-1.055,-0.00422,-0.00422,1.0,1.0,-23.999323,-907.658203,1.826436
12570.0,0.9314,-1.8484,-0.005972,-0.005972,1.0,1.0,-23.994316,-907.654602,1.827363
12572.0,0.9256,-1.8484,-0.006094,-0.006094,1.0,1.0,-23.989313,-907.65094,1.830056
12574.0,0.9205,-1.4212,-0.005302,-0.005302,1.0,1.0,-23.98432,-907.647339,1.821967
12576.0,0.9197,-1.2991,-0.004968,-0.004968,1.0,1.0,-23.979307,-907.643677,1.819033
12578.0,0.9148,-1.6653,-0.005818,-0.005818,1.0,1.0,-23.974289,-907.639954,1.828032
12580.0,0.9107,-1.4212,-0.005468,-0.005468,1.0,1.0,-23.969296,-907.636292,1.830419
12582.0,0.9066,-1.4212,-0.005572,-0.005572,1.0,1.0,-23.96431,-907.632568,1.847592
12584.0,0.9091,-1.055,-0.004924,-0.004924,1.0,1.0,-23.95937,-907.628845,1.856349
12586.0,0.9052,-1.7264,-0.006538,-0.006538,1.0,1.0,-23.954453,-907.625244,1.829795
12588.0,0.9003,-1.4212,-0.005687,-0.005687,1.0,1.0,-23.949472,-907.621582,1.810516
12590.0,0.9022,-1.2381,-0.005047,-0.005047,1.0,1.0,-23.944445,-907.618042,1.802942
12592.0,0.9041,-1.2381,-0.004929,-0.004929,1.0,1.0,-23.9394,-907.614319,1.8154
12594.0,0.8979,-1.7874,-0.006364,-0.006364,1.0,1.0,-23.934389,-907.610657,1.819726
12596.0,0.89,-1.5433,-0.006039,-0.006039,1.0,1.0,-23.92939,-907.606995,1.824709
12598.0,0.8888,-1.116,-0.005197,-0.005197,1.0,1.0,-23.924406,-907.603333,1.828317
12600.0,0.8859,-1.2381,-0.005554,-0.005554,1.0,1.0,-23.919434,-907.59967,1.833638
12602.0,0.883,-1.2381,-0.005668,-0.005668,1.0,1.0,-23.914476,-907.596008,1.832704
12604.0,0.878,-1.055,-0.00536,-0.00536,1.0,1.0,-23.909519,-907.592407,1.822987
12606.0,0.8785,-0.6888,-0.004457,-0.004457,1.0,1.0,-23.904539,-907.588684,1.817404
12608.0,0.8767,-0.9939,-0.005087,-0.005087,1.0,1.0,-23.899548,-907.585083,1.818314
12610.0,0.8733,-1.177,-0.005556,-0.005556,1.0,1.0,-23.89456,-907.581421,1.810597
12612.0,0.8698,-1.177,-0.005538,-0.005538,1.0,1.0,-23.889555,-907.57782,1.805487
12614.0,0.8701,-0.7498,-0.004558,-0.004558,1.0,1.0,-23.884539,-907.57428,1.790967
12616.0,0.8706,-1.055,-0.005048,-0.005048,1.0,1.0,-23.879488,-907.570679,1.783883
12618.0,0.8649,-1.4822,-0.005997,-0.005997,1.0,1.0,-23.874422,-907.567139,1.781116
12620.0,0.8641,-0.9329,-0.004802,-0.004802,1.0,1.0,-23.86935,-907.56366,1.758438
12622.0,0.8633,-0.9329,-0.004571,-0.004571,1.0,1.0,-23.864223,-907.56012,1.74453
12624.0,0.8643,-1.177,-0.004925,-0.004925,1.0,1.0,-23.859064,-907.556641,1.731495
12626.0,0.8594,-1.7874,-0.006189,-0.006189,1.0,1.0,-23.853874,-907.553162,1.742289
12628.0,0.8576,-1.177,-0.005029,-0.005029,1.0,1.0,-23.848713,-907.549744,1.733981
12630.0,0.8558,-1.177,-0.004973,-0.004973,1.0,1.0,-23.843533,-907.546265,1.720411
12632.0,0.8575,-1.2991,-0.005055,-0.005055,1.0,1.0,-23.838322,-907.542847,1.712927
12634.0,0.8552,-1.6653,-0.005805,-0.005805,1.0,1.0,-23.833094,-907.539429,1.71107
12636.0,0.8503,-1.4822,-0.005486,-0.005486,1.0,1.0,-23.827864,-907.536011,1.689616
12638.0,0.8512,-1.3601,-0.004972,-0.004972,1.0,1.0,-23.82258,-907.532715,1.679251
12640.0,0.8521,-1.3601,-0.004842,-0.004842,1.0,1.0,-23.817274,-907.529358,1.668285
12642.0,0.8484,-1.9705,-0.006107,-0.006107,1.0,1.0,-23.811943,-907.526001,1.670069
12644.0,0.8397,-1.9705,-0.006293,-0.006293,1.0,1.0,-23.806618,-907.522705,1.670431
12646.0,0.837,-1.4822,-0.005299,-0.005299,1.0,1.0,-23.801296,-907.519348,1.665
12648.0,0.8364,-1.4212,-0.005121,-0.005121,1.0,1.0,-23.795963,-907.515991,1.659009
12650.0,0.8357,-1.4212,-0.005068,-0.005068,1.0,1.0,-23.790617,-907.512695,1.661837
12652.0,0.83,-1.6043,-0.005602,-0.005602,1.0,1.0,-23.78528,-907.509399,1.654202
12654.0,0.8269,-1.177,-0.004661,-0.004661,1.0,1.0,-23.779926,-907.506104,1.651006
12656.0,0.8266,-1.4212,-0.005157,-0.005157,1.0,1.0,-23.774567,-907.502808,1.649292
12658.0,0.8213,-1.7264,-0.005895,-0.005895,1.0,1.0,-23.769203,-907.499512,1.642881
12660.0,0.8161,-1.7264,-0.005926,-0.005926,1.0,1.0,-23.763826,-907.496155,1.665351
12662.0,0.8093,-1.4822,-0.005776,-0.005776,1.0,1.0,-23.758509,-907.492798,1.649002
12664.0,0.8104,-1.116,-0.00479,-0.00479,1.0,1.0,-23.753151,-907.489563,1.631466
12666.0,0.8103,-1.4822,-0.005387,-0.005387,1.0,1.0,-23.747751,-907.486328,1.620545
12668.0,0.8034,-1.7874,-0.006058,-0.006058,1.0,1.0,-23.742327,-907.483032,1.623785
12670.0,0.7964,-1.7874,-0.006227,-0.006227,1.0,1.0,-23.736914,-907.479858,1.621597
12672.0,0.7944,-1.4212,-0.005453,-0.005453,1.0,1.0,-23.731497,-907.476624,1.615439
12674.0,0.7954,-1.4822,-0.005499,-0.005499,1.0,1.0,-23.726067,-907.473389,1.609395
12676.0,0.7906,-2.1536,-0.00697,-0.00697,1.0,1.0,-23.720623,-907.470154,1.610138
12678.0,0.7855,-1.5433,-0.005763,-0.005763,1.0,1.0,-23.715183,-907.466919,1.609318
12680.0,0.7804,-1.5433,-0.005851,-0.005851,1.0,1.0,-23.709743,-907.463745,1.599948
12682.0,0.781,-1.4212,-0.005476,-0.005476,1.0,1.0,-23.704283,-907.46051,1.596945
12684.0,0.7798,-1.7874,-0.006253,-0.006253,1.0,1.0,-23.698816,-907.457336,1.595307
12686.0,0.7716,-2.0315,-0.006918,-0.006918,1.0,1.0,-23.693348,-907.454163,1.593271
12688.0,0.7703,-1.6043,-0.006001,-0.006001,1.0,1.0,-23.687878,-907.450989,1.588439
12690.0,0.7691,-1.6043,-0.005973,-0.005973,1.0,1.0,-23.682396,-907.447754,1.579955
12692.0,0.7703,-2.0315,-0.006776,-0.006776,1.0,1.0,-23.676895,-907.444641,1.574964
12694.0,0.7636,-2.4588,-0.007769,-0.007769,1.0,1.0,-23.671385,-907.441406,1.591239
12696.0,0.7531,-1.9705,-0.007098,-0.007098,1.0,1.0,-23.665918,-907.438232,1.594153
12698.0,0.7426,-1.9705,-0.007331,-0.007331,1.0,1.0,-23.660461,-907.435059,1.587301
12700.0,0.7414,-1.6043,-0.006491,-0.006491,1.0,1.0,-23.654989,-907.431885,1.588366
12702.0,0.7402,-1.9705,-0.007314,-0.007314,1.0,1.0,-23.649521,-907.428711,1.594047
12704.0,0.7305,-2.2146,-0.008086,-0.008086,1.0,1.0,-23.64407,-907.425476,1.598842
12706.0,0.7243,-1.6043,-0.006946,-0.006946,1.0,1.0,-23.638632,-907.422241,1.61002
12708.0,0.7181,-1.6043,-0.007187,-0.007187,1.0,1.0,-23.633224,-907.419006,1.605841
12710.0,0.7192,-1.3601,-0.006595,-0.006595,1.0,1.0,-23.62781,-907.415771,1.607501
12712.0,0.7148,-1.8484,-0.007747,-0.007747,1.0,1.0,-23.6224,-907.412598,1.612064
12714.0,0.7083,-1.5433,-0.007265,-0.007265,1.0,1.0,-23.617004,-907.409363,1.606249
12716.0,0.7094,-1.2381,-0.006525,-0.006525,1.0,1.0,-23.611597,-907.406189,1.58744
12718.0,0.7105,-1.2381,-0.006299,-0.006299,1.0,1.0,-23.606144,-907.403015,1.57514
12720.0,0.7119,-1.4212,-0.006532,-0.006532,1.0,1.0,-23.600662,-907.399902,1.574156
12722.0,0.705,-2.0315,-0.007966,-0.007966,1.0,1.0,-23.595181,-907.396729,1.580649
12724.0,0.6998,-1.6043,-0.007219,-0.007219,1.0,1.0,-23.589718,-907.393555,1.584204
12726.0,0.701,-1.5433,-0.007102,-0.007102,1.0,1.0,-23.584265,-907.390442,1.57272
12728.0,0.7023,-1.5433,-0.006953,-0.006953,1.0,1.0,-23.578787,-907.387329,1.566541
12730.0,0.6994,-2.0926,-0.008123,-0.008123,1.0,1.0,-23.573296,-907.384094,1.569059
12732.0,0.6903,-2.0315,-0.008194,-0.008194,1.0,1.0,-23.567812,-907.380981,1.55975
12734.0,0.6861,-1.5433,-0.007123,-0.007123,1.0,1.0,-23.562307,-907.37793,1.546703
12736.0,0.6881,-1.4212,-0.006679,-0.006679,1.0,1.0,-23.556772,-907.374756,1.56565
12738.0,0.6902,-1.4212,-0.006846,-0.006846,1.0,1.0,-23.551287,-907.371704,1.551057
12740.0,0.6861,-1.9095,-0.007815,-0.007815,1.0,1.0,-23.545767,-907.368591,1.545339
12742.0,0.6789,-1.6653,-0.007367,-0.007367,1.0,1.0,-23.540236,-907.365479,1.544258
12744.0,0.6775,-1.3601,-0.006726,-0.006726,1.0,1.0,-23.534702,-907.362366,1.536267
12746.0,0.6798,-1.6043,-0.007119,-0.007119,1.0,1.0,-23.529152,-907.359314,1.52859
12748.0,0.6822,-1.6043,-0.00699,-0.00699,1.0,1.0,-23.523584,-907.356323,1.522616
12750.0,0.6766,-1.9095,-0.007688,-0.007688,1.0,1.0,-23.518003,-907.353271,1.518576
12752.0,0.668,-1.9095,-0.00781,-0.00781,1.0,1.0,-23.512415,-907.35022,1.513087
12754.0,0.6658,-1.4822,-0.006874,-0.006874,1.0,1.0,-23.506815,-907.34729,1.489413
12756.0,0.6636,-1.4822,-0.006658,-0.006658,1.0,1.0,-23.501158,-907.344238,1.483541
12758.0,0.6638,-1.3601,-0.006327,-0.006327,1.0,1.0,-23.495487,-907.341309,1.490364
12760.0,0.6571,-1.6043,-0.007055,-0.007055,1.0,1.0,-23.489838,-907.338318,1.486442
12762.0,0.6515,-1.3601,-0.006595,-0.006595,1.0,1.0,-23.48418,-907.335327,1.483251
12764.0,0.6521,-1.177,-0.006155,-0.006155,1.0,1.0,-23.478518,-907.332397,1.477607
12766.0,0.6527,-1.177,-0.006082,-0.006082,1.0,1.0,-23.472841,-907.329468,1.463185
12768.0,0.6523,-1.3601,-0.006328,-0.006328,1.0,1.0,-23.467133,-907.326538,1.463809
12770.0,0.6443,-1.4212,-0.006618,-0.006618,1.0,1.0,-23.461428,-907.323608,1.455407
12772.0,0.64,-0.9329,-0.005559,-0.005559,1.0,1.0,-23.455704,-907.32074,1.436414
12774.0,0.6446,-0.9939,-0.005395,-0.005395,1.0,1.0,-23.449934,-907.317932,1.415711
12776.0,0.6492,-0.9939,-0.005082,-0.005082,1.0,1.0,-23.444115,-907.315125,1.401685
12778.0,0.6508,-1.5433,-0.006079,-0.006079,1.0,1.0,-23.438263,-907.312378,1.389136
12780.0,0.6429,-1.8484,-0.006752,-0.006752,1.0,1.0,-23.432381,-907.30957,1.396024
12782.0,0.6372,-1.6653,-0.006542,-0.006542,1.0,1.0,-23.426519,-907.306763,1.395036
12784.0,0.6382,-1.3601,-0.005856,-0.005856,1.0,1.0,-23.420658,-907.303955,1.387005
12786.0,0.6392,-1.3601,-0.005749,-0.005749,1.0,1.0,-23.414778,-907.301208,1.379001
12788.0,0.6383,-1.5433,-0.006074,-0.006074,1.0,1.0,-23.40888,-907.298523,1.366297
12790.0,0.6301,-1.9095,-0.006879,-0.006879,1.0,1.0,-23.402952,-907.295776,1.36251
12792.0,0.6268,-1.3601,-0.005721,-0.005721,1.0,1.0,-23.397018,-907.293091,1.342313
12794.0,0.6294,-1.3601,-0.005452,-0.005452,1.0,1.0,-23.391035,-907.290466,1.325123
12796.0,0.632,-1.3601,-0.005215,-0.005215,1.0,1.0,-23.385012,-907.287842,1.306975
12798.0,0.6305,-1.9095,-0.006226,-0.006226,1.0,1.0,-23.378944,-907.285217,1.304678
12800.0,0.6235,-1.9705,-0.006466,-0.006466,1.0,1.0,-23.372873,-907.282654,1.303723
12802.0,0.6201,-1.6043,-0.005734,-0.005734,1.0,1.0,-23.366804,-907.280029,1.294075
12804.0,0.6229,-1.8484,-0.0061,-0.0061,1.0,1.0,-23.360712,-907.277527,1.280024
12806.0,0.6257,-1.8484,-0.005893,-0.005893,1.0,1.0,-23.354588,-907.274963,1.271196
12808.0,0.6231,-2.4588,-0.007161,-0.007161,1.0,1.0,-23.348444,-907.2724,1.27118
12810.0,0.6117,-2.764,-0.008034,-0.008034,1.0,1.0,-23.342302,-907.269897,1.271756
12812.0,0.6025,-2.0315,-0.006644,-0.006644,1.0,1.0,-23.336164,-907.267334,1.263614
12814.0,0.6021,-1.6653,-0.005775,-0.005775,1.0,1.0,-23.330008,-907.264832,1.249359
12816.0,0.6017,-1.6653,-0.005627,-0.005627,1.0,1.0,-23.323818,-907.26239,1.245417
12818.0,0.6009,-1.9705,-0.006256,-0.006256,1.0,1.0,-23.317621,-907.259888,1.236994
12820.0,0.593,-2.0926,-0.006578,-0.006578,1.0,1.0,-23.311405,-907.257324,1.253592
12822.0,0.5845,-1.8484,-0.006397,-0.006397,1.0,1.0,-23.305233,-907.254822,1.259444
12824.0,0.576,-1.8484,-0.006623,-0.006623,1.0,1.0,-23.299078,-907.252319,1.253935
12826.0,0.575,-1.4822,-0.005796,-0.005796,1.0,1.0,-23.292912,-907.249817,1.246961
12828.0,0.5752,-1.7264,-0.006242,-0.006242,1.0,1.0,-23.286732,-907.247314,1.246263
12830.0,0.5689,-1.9095,-0.006749,-0.006749,1.0,1.0,-23.280552,-907.244873,1.241656
12832.0,0.5617,-1.7874,-0.006575,-0.006575,1.0,1.0,-23.274363,-907.242371,1.239077
12834.0,0.5545,-1.7874,-0.006684,-0.006684,1.0,1.0,-23.268169,-907.239868,1.224598
12836.0,0.5553,-1.3601,-0.005592,-0.005592,1.0,1.0,-23.261942,-907.237549,1.202585
12838.0,0.5595,-1.6653,-0.005928,-0.005928,1.0,1.0,-23.255663,-907.235107,1.192517
12840.0,0.5547,-2.2146,-0.007092,-0.007092,1.0,1.0,-23.249361,-907.232788,1.195532
12842.0,0.5461,-2.2146,-0.007291,-0.007291,1.0,1.0,-23.243069,-907.230347,1.200319
12844.0,0.5374,-2.2146,-0.007508,-0.007508,1.0,1.0,-23.236792,-907.227905,1.208334
12846.0,0.5334,-1.7874,-0.006754,-0.006754,1.0,1.0,-23.230536,-907.225464,1.198891
12848.0,0.5343,-2.0315,-0.007159,-0.007159,1.0,1.0,-23.224258,-907.223145,1.193419
12850.0,0.53,-2.2146,-0.007577,-0.007577,1.0,1.0,-23.21797,-907.220703,1.195505
12852.0,0.519,-2.2757,-0.00794,-0.00794,1.0,1.0,-23.211689,-907.218262,1.20703
12854.0,0.5081,-2.2757,-0.008275,-0.008275,1.0,1.0,-23.205441,-907.215881,1.209241
12856.0,0.501,-1.9095,-0.007648,-0.007648,1.0,1.0,-23.1992,-907.213501,1.196158
12858.0,0.5023,-1.5433,-0.006693,-0.006693,1.0,1.0,-23.192928,-907.211121,1.189383
12860.0,0.5037,-1.7264,-0.006988,-0.006988,1.0,1.0,-23.186644,-907.20874,1.186147
12862.0,0.4958,-2.2757,-0.008285,-0.008285,1.0,1.0,-23.180353,-907.206299,1.195884
12864.0,0.4879,-2.2757,-0.008542,-0.008542,1.0,1.0,-23.174089,-907.203918,1.197471
12866.0,0.4785,-1.9095,-0.007953,-0.007953,1.0,1.0,-23.167831,-907.201538,1.206494
12868.0,0.4772,-1.4212,-0.007026,-0.007026,1.0,1.0,-23.161598,-907.199097,1.198965
12870.0,0.4791,-1.6043,-0.0073,-0.0073,1.0,1.0,-23.15535,-907.196716,1.196002
12872.0,0.4741,-2.1536,-0.008547,-0.008547,1.0,1.0,-23.149096,-907.194275,1.205809
12874.0,0.469,-2.1536,-0.008751,-0.008751,1.0,1.0,-23.142868,-907.191833,1.209282
12876.0,0.4578,-2.1536,-0.009003,-0.009003,1.0,1.0,-23.136652,-907.189392,1.214648
12878.0,0.4514,-1.5433,-0.007871,-0.007871,1.0,1.0,-23.130453,-907.187012,1.206221
12880.0,0.4524,-1.4212,-0.0075,-0.0075,1.0,1.0,-23.124235,-907.18457,1.20434
12882.0,0.4516,-1.7264,-0.008151,-0.008151,1.0,1.0,-23.118015,-907.18219,1.196855
12884.0,0.4508,-1.7264,-0.008084,-0.008084,1.0,1.0,-23.111778,-907.179749,1.210024
12886.0,0.4422,-1.6653,-0.00826,-0.00826,1.0,1.0,-23.105577,-907.177246,1.22758
12888.0,0.4347,-1.116,-0.007414,-0.007414,1.0,1.0,-23.099422,-907.174744,1.235653
12890.0,0.4341,-0.8108,-0.006857,-0.006857,1.0,1.0,-23.09329,-907.172302,1.235922
12892.0,0.4335,-0.8108,-0.006872,-0.006872,1.0,1.0,-23.087162,-907.1698,1.237754
12894.0,0.4357,-0.8719,-0.006982,-0.006982,1.0,1.0,-23.081041,-907.167358,1.236933
12896.0,0.4307,-1.116,-0.007594,-0.007594,1.0,1.0,-23.074921,-907.164795,1.249466
12898.0,0.4228,-1.055,-0.007749,-0.007749,1.0,1.0,-23.068834,-907.162354,1.247021
12900.0,0.4233,-0.5667,-0.006663,-0.006663,1.0,1.0,-23.062744,-907.15979,1.23788
12902.0,0.4239,-0.5667,-0.006554,-0.006554,1.0,1.0,-23.056633,-907.157349,1.226049
12904.0,0.4306,-0.6277,-0.006428,-0.006428,1.0,1.0,-23.050495,-907.154907,1.220773
12906.0,0.4319,-1.2381,-0.007657,-0.007657,1.0,1.0,-23.044346,-907.152466,1.22203
12908.0,0.4243,-1.4822,-0.008342,-0.008342,1.0,1.0,-23.038202,-907.150024,1.227078
12910.0,0.4181,-1.116,-0.007728,-0.007728,1.0,1.0,-23.032074,-907.147583,1.235244
12912.0,0.4119,-1.116,-0.007935,-0.007935,1.0,1.0,-23.025969,-907.14502,1.236044
12914.0,0.4133,-0.8719,-0.007392,-0.007392,1.0,1.0,-23.019867,-907.142578,1.230221
12916.0,0.4161,-0.9939,-0.007538,-0.007538,1.0,1.0,-23.013754,-907.140137,1.230135
12918.0,0.4106,-1.5433,-0.008823,-0.008823,1.0,1.0,-23.007643,-907.137634,1.239541
12920.0,0.4029,-1.4212,-0.008812,-0.008812,1.0,1.0,-23.001558,-907.135132,1.239031
12922.0,0.3951,-1.4212,-0.008955,-0.008955,1.0,1.0,-22.995474,-907.13269,1.24472
12924.0,0.3943,-0.9329,-0.007983,-0.007983,1.0,1.0,-22.989407,-907.130127,1.243651
12926.0,0.3981,-0.9329,-0.007898,-0.007898,1.0,1.0,-22.983339,-907.127747,1.215855
12928.0,0.3962,-1.2991,-0.00842,-0.00842,1.0,1.0,-22.977203,-907.125305,1.214137
12930.0,0.388,-1.4212,-0.008821,-0.008821,1.0,1.0,-22.971066,-907.122864,1.214187
12932.0,0.3798,-1.4212,-0.008978,-0.008978,1.0,1.0,-22.964931,-907.120422,1.229156
12934.0,0.3733,-1.055,-0.008478,-0.008478,1.0,1.0,-22.958838,-907.11792,1.235159
12936.0,0.3772,-0.3836,-0.007027,-0.007027,1.0,1.0,-22.952761,-907.115479,1.235816
12938.0,0.3807,-0.8108,-0.007885,-0.007885,1.0,1.0,-22.946688,-907.112976,1.225845
12940.0,0.3748,-1.4212,-0.009202,-0.009202,1.0,1.0,-22.940592,-907.110535,1.230485
12942.0,0.3689,-1.4212,-0.009366,-0.009366,1.0,1.0,-22.934511,-907.108032,1.240422
12944.0,0.3583,-1.2381,-0.009283,-0.009283,1.0,1.0,-22.928457,-907.10553,1.239627
12946.0,0.3552,-0.4446,-0.007627,-0.007627,1.0,1.0,-22.922403,-907.103027,1.239166
12948.0,0.3586,-0.1394,-0.006902,-0.006902,1.0,1.0,-22.916351,-907.100586,1.234513
12950.0,0.3619,-0.1394,-0.006787,-0.006787,1.0,1.0,-22.91029,-907.098083,1.234423
12952.0,0.3628,-0.6277,-0.00782,-0.00782,1.0,1.0,-22.90423,-907.095581,1.239953
12954.0,0.3556,-0.6277,-0.008018,-0.008018,1.0,1.0,-22.898188,-907.093079,1.254979
12956.0,0.3495,-0.2615,-0.007511,-0.007511,1.0,1.0,-22.892185,-907.090576,1.259333
12958.0,0.3513,0.4099,-0.00608,-0.00608,1.0,1.0,-22.886196,-907.088013,1.264206
12960.0,0.3531,0.4099,-0.006098,-0.006098,1.0,1.0,-22.88022,-907.08551,1.251089
12962.0,0.3585,0.1657,-0.006378,-0.006378,1.0,1.0,-22.874214,-907.083008,1.252922
12964.0,0.3577,-0.2615,-0.007332,-0.007332,1.0,1.0,-22.868216,-907.080505,1.24778
12966.0,0.3543,-0.0784,-0.006947,-0.006947,1.0,1.0,-22.862207,-907.078003,1.250457
12968.0,0.3565,0.4099,-0.005883,-0.005883,1.0,1.0,-22.856207,-907.075562,1.235986
12970.0,0.3587,0.4099,-0.005683,-0.005683,1.0,1.0,-22.850174,-907.07312,1.212936
12972.0,0.3676,0.2268,-0.005657,-0.005657,1.0,1.0,-22.844086,-907.07074,1.19587
12974.0,0.3718,-0.4446,-0.006834,-0.006834,1.0,1.0,-22.837955,-907.068359,1.192793
12976.0,0.3657,-0.9329,-0.007968,-0.007968,1.0,1.0,-22.831821,-907.065979,1.190548
12978.0,0.3598,-0.6888,-0.00753,-0.00753,1.0,1.0,-22.825684,-907.063599,1.193401
12980.0,0.3541,-0.6888,-0.007672,-0.007672,1.0,1.0,-22.819555,-907.061157,1.188074
12982.0,0.3561,-0.3226,-0.006787,-0.006787,1.0,1.0,-22.813416,-907.058838,1.175537
12984.0,0.362,-0.5057,-0.006931,-0.006931,1.0,1.0,-22.807247,-907.056519,1.171408
12986.0,0.3599,-1.2381,-0.008501,-0.008501,1.0,1.0,-22.801071,-907.054138,1.174289
12988.0,0.3505,-1.2381,-0.008714,-0.008714,1.0,1.0,-22.794905,-907.051758,1.182684
12990.0,0.3411,-1.2381,-0.008986,-0.008986,1.0,1.0,-22.788761,-907.049377,1.183733
12992.0,0.336,-0.5057,-0.00752,-0.00752,1.0,1.0,-22.782623,-907.046997,1.182333
12994.0,0.3392,0.0437,-0.006263,-0.006263,1.0,1.0,-22.776484,-907.044678,1.166617
12996.0,0.3432,-0.3226,-0.006801,-0.006801,1.0,1.0,-22.770308,-907.042358,1.159908
12998.0,0.3402,-0.7498,-0.007705,-0.007705,1.0,1.0,-22.764116,-907.040039,1.161193
13000.0,0.3372,-0.7498,-0.007777,-0.007777,1.0,1.0,-22.757931,-907.037659,1.167466
13002.0,0.3302,-0.6888,-0.007848,-0.007848,1.0,1.0,-22.751764,-907.035339,1.170371
13004.0,0.3299,-0.0174,-0.006442,-0.006442,1.0,1.0,-22.745607,-907.03302,1.161417
13006.0,0.3363,-0.2005,-0.006615,-0.006615,1.0,1.0,-22.739431,-907.030762,1.143951
13008.0,0.3379,-0.7498,-0.007575,-0.007575,1.0,1.0,-22.733213,-907.028442,1.141449
13010.0,0.3396,-0.7498,-0.007516,-0.007516,1.0,1.0,-22.726992,-907.026184,1.140425
13012.0,0.3334,-0.9939,-0.008147,-0.008147,1.0,1.0,-22.72077,-907.023804,1.14971
13014.0,0.3256,-0.6277,-0.007612,-0.007612,1.0,1.0,-22.714573,-907.021484,1.155705
13016.0,0.3257,-0.0784,-0.006494,-0.006494,1.0,1.0,-22.708395,-907.019226,1.147661
13018.0,0.3258,-0.0784,-0.006404,-0.006404,1.0,1.0,-22.702198,-907.016968,1.138928
13020.0,0.3314,0.1047,-0.005807,-0.005807,1.0,1.0,-22.695982,-907.014648,1.139418
13022.0,0.3307,-0.4446,-0.007009,-0.007009,1.0,1.0,-22.68977,-907.01239,1.141609
13024.0,0.3243,-0.5057,-0.007287,-0.007287,1.0,1.0,-22.683565,-907.010071,1.150468
13026.0,0.32,-0.3226,-0.007071,-0.007071,1.0,1.0,-22.677385,-907.00769,1.158332
13028.0,0.3158,-0.3226,-0.007238,-0.007238,1.0,1.0,-22.671228,-907.005371,1.158095
13030.0,0.3184,0.1657,-0.006134,-0.006134,1.0,1.0,-22.665073,-907.003113,1.146085
13032.0,0.3235,0.1657,-0.005906,-0.005906,1.0,1.0,-22.65889,-907.000854,1.135932
13034.0,0.3211,-0.3226,-0.006893,-0.006893,1.0,1.0,-22.652683,-906.998657,1.121676
13036.0,0.3146,-0.3836,-0.006992,-0.006992,1.0,1.0,-22.646444,-906.996338,1.135707
13038.0,0.3083,-0.3836,-0.007267,-0.007267,1.0,1.0,-22.640242,-906.994019,1.144326
13040.0,0.3091,0.2878,-0.0059,-0.0059,1.0,1.0,-22.634064,-906.991699,1.143538
13042.0,0.3172,0.3488,-0.005606,-0.005606,1.0,1.0,-22.627886,-906.989502,1.124966
13044.0,0.3231,-0.2005,-0.006472,-0.006472,1.0,1.0,-22.621664,-906.987244,1.121375
13046.0,0.319,-0.8108,-0.007823,-0.007823,1.0,1.0,-22.615437,-906.984985,1.125864
13048.0,0.315,-0.8108,-0.007949,-0.007949,1.0,1.0,-22.609222,-906.982727,1.128158
13050.0,0.3078,-0.5667,-0.007588,-0.007588,1.0,1.0,-22.603016,-906.980408,1.134284
13052.0,0.3061,-0.0784,-0.006636,-0.006636,1.0,1.0,-22.596828,-906.978149,1.125558
13054.0,0.3123,0.1657,-0.005898,-0.005898,1.0,1.0,-22.590622,-906.975952,1.121245
13056.0,0.3153,-0.3226,-0.006843,-0.006843,1.0,1.0,-22.584406,-906.973755,1.116
13058.0,0.3183,-0.3226,-0.006728,-0.006728,1.0,1.0,-22.57818,-906.971497,1.119416
13060.0,0.3136,-0.6888,-0.007643,-0.007643,1.0,1.0,-22.571964,-906.969238,1.131952
13062.0,0.3087,-0.3836,-0.007218,-0.007218,1.0,1.0,-22.565783,-906.966919,1.133058
13064.0,0.3106,0.0437,-0.006275,-0.006275,1.0,1.0,-22.559607,-906.964661,1.124484
13066.0,0.3164,-0.2005,-0.006595,-0.006595,1.0,1.0,-22.553411,-906.962402,1.123864
13068.0,0.3222,-0.2005,-0.006477,-0.006477,1.0,1.0,-22.547216,-906.960205,1.113118
13070.0,0.3215,-0.6277,-0.007292,-0.007292,1.0,1.0,-22.540998,-906.958008,1.112673
13072.0,0.3154,-0.8719,-0.007929,-0.007929,1.0,1.0,-22.534781,-906.955688,1.12894
13074.0,0.311,-0.3836,-0.00714,-0.00714,1.0,1.0,-22.528606,-906.953491,1.124251
13076.0,0.3161,-0.0784,-0.006336,-0.006336,1.0,1.0,-22.522423,-906.951233,1.106417
13078.0,0.3212,-0.0784,-0.006044,-0.006044,1.0,1.0,-22.516197,-906.949036,1.092142
13080.0,0.3278,-0.4446,-0.006549,-0.006549,1.0,1.0,-22.509937,-906.946899,1.090983
13082.0,0.3263,-1.116,-0.00801,-0.00801,1.0,1.0,-22.503677,-906.944702,1.093244
13084.0,0.3165,-1.055,-0.00809,-0.00809,1.0,1.0,-22.497425,-906.942444,1.111702
13086.0,0.3068,-1.055,-0.008478,-0.008478,1.0,1.0,-22.491222,-906.940186,1.117473
13088.0,0.2991,-0.6888,-0.007901,-0.007901,1.0,1.0,-22.485037,-906.937866,1.127908
13090.0,0.3002,0.1047,-0.006287,-0.006287,1.0,1.0,-22.47888,-906.935608,1.12528
13092.0,0.3044,0.0437,-0.00631,-0.00631,1.0,1.0,-22.472719,-906.933411,1.122481
13094.0,0.3039,-0.3836,-0.007208,-0.007208,1.0,1.0,-22.466553,-906.931152,1.129508
13096.0,0.3034,-0.3836,-0.007294,-0.007294,1.0,1.0,-22.460407,-906.928833,1.14993
13098.0,0.2963,-0.2615,-0.007389,-0.007389,1.0,1.0,-22.454315,-906.926514,1.151782
13100.0,0.2923,0.4099,-0.006042,-0.006042,1.0,1.0,-22.448231,-906.924194,1.156035
13102.0,0.297,0.715,-0.005342,-0.005342,1.0,1.0,-22.44216,-906.921875,1.150325
13104.0,0.3025,0.4099,-0.00583,-0.00583,1.0,1.0,-22.436077,-906.919556,1.139768
13106.0,0.3081,0.4099,-0.005609,-0.005609,1.0,1.0,-22.42997,-906.917297,1.14864
13108.0,0.3074,-0.0784,-0.006769,-0.006769,1.0,1.0,-22.423887,-906.914978,1.153468
13110.0,0.3046,0.2878,-0.006086,-0.006086,1.0,1.0,-22.41782,-906.912659,1.155528
13112.0,0.3064,0.593,-0.005419,-0.005419,1.0,1.0,-22.41176,-906.9104,1.146897
13114.0,0.3154,0.4709,-0.005414,-0.005414,1.0,1.0,-22.40568,-906.908081,1.131095
13116.0,0.3244,0.4709,-0.005069,-0.005069,1.0,1.0,-22.399563,-906.905823,1.128075
13118.0,0.331,-0.2005,-0.006354,-0.006354,1.0,1.0,-22.39344,-906.903564,1.120175
13120.0,0.3278,-0.8719,-0.007774,-0.007774,1.0,1.0,-22.3873,-906.901367,1.12752
13122.0,0.3211,-0.6888,-0.007589,-0.007589,1.0,1.0,-22.381182,-906.899048,1.126496
13124.0,0.3182,-0.1394,-0.00645,-0.00645,1.0,1.0,-22.375063,-906.89679,1.128532
13126.0,0.3154,-0.1394,-0.006526,-0.006526,1.0,1.0,-22.368952,-906.894531,1.123823
13128.0,0.3201,-0.2005,-0.006517,-0.006517,1.0,1.0,-22.362831,-906.892334,1.108111
13130.0,0.323,-0.6888,-0.00734,-0.00734,1.0,1.0,-22.356674,-906.890137,1.106988
13132.0,0.3182,-0.9329,-0.007946,-0.007946,1.0,1.0,-22.350515,-906.887817,1.12408
13134.0,0.3097,-0.6888,-0.00777,-0.00777,1.0,1.0,-22.344402,-906.885559,1.133445
13136.0,0.3012,-0.6888,-0.008035,-0.008035,1.0,1.0,-22.338316,-906.883301,1.131642
13138.0,0.2983,-0.0784,-0.006758,-0.006758,1.0,1.0,-22.332228,-906.881042,1.122133
13140.0,0.3045,0.2878,-0.005748,-0.005748,1.0,1.0,-22.326117,-906.878845,1.109805
13142.0,0.3078,-0.2615,-0.006731,-0.006731,1.0,1.0,-22.319979,-906.876526,1.132213
13144.0,0.3111,-0.2615,-0.006912,-0.006912,1.0,1.0,-22.313898,-906.874268,1.142175
13146.0,0.3065,-0.7498,-0.008158,-0.008158,1.0,1.0,-22.307846,-906.871948,1.139815
13148.0,0.2996,-0.3836,-0.007479,-0.007479,1.0,1.0,-22.30179,-906.86969,1.135412
13150.0,0.2985,-0.0174,-0.006664,-0.006664,1.0,1.0,-22.295725,-906.867432,1.125389
13152.0,0.3056,0.1047,-0.006157,-0.006157,1.0,1.0,-22.289637,-906.865234,1.113734
13154.0,0.3126,0.1047,-0.005894,-0.005894,1.0,1.0,-22.283522,-906.862976,1.106882
13156.0,0.3168,-0.3226,-0.006659,-0.006659,1.0,1.0,-22.277393,-906.860779,1.106242
13158.0,0.312,-0.6277,-0.0074,-0.0074,1.0,1.0,-22.271265,-906.858521,1.114596
13160.0,0.3039,-0.3836,-0.00712,-0.00712,1.0,1.0,-22.26516,-906.856262,1.128915
13162.0,0.3024,0.2268,-0.005994,-0.005994,1.0,1.0,-22.259092,-906.854004,1.125262
13164.0,0.3008,0.2268,-0.005984,-0.005984,1.0,1.0,-22.253019,-906.851746,1.124776
13166.0,0.307,0.593,-0.005073,-0.005073,1.0,1.0,-22.246948,-906.849548,1.117977
13168.0,0.3098,-0.0784,-0.006389,-0.006389,1.0,1.0,-22.240862,-906.847229,1.121148
13170.0,0.305,-0.3836,-0.007171,-0.007171,1.0,1.0,-22.234785,-906.844971,1.127355
13172.0,0.2988,-0.1394,-0.006833,-0.006833,1.0,1.0,-22.228727,-906.842712,1.135252
13174.0,0.2926,-0.1394,-0.007038,-0.007038,1.0,1.0,-22.222691,-906.840454,1.131085
13176.0,0.2944,0.715,-0.005121,-0.005121,1.0,1.0,-22.216646,-906.838257,1.120054
13178.0,0.3014,0.654,-0.004997,-0.004997,1.0,1.0,-22.210577,-906.83606,1.108096
13180.0,0.3038,0.0437,-0.006134,-0.006134,1.0,1.0,-22.204479,-906.833801,1.098772
13182.0,0.2995,-0.2005,-0.006639,-0.006639,1.0,1.0,-22.19836,-906.831604,1.107872
13184.0,0.2953,-0.2005,-0.006819,-0.006819,1.0,1.0,-22.192268,-906.829346,1.117377
13186.0,0.2914,0.1657,-0.00621,-0.00621,1.0,1.0,-22.186203,-906.827148,1.111769
13188.0,0.2967,0.593,-0.005129,-0.005129,1.0,1.0,-22.180124,-906.82489,1.107517
13190.0,0.3067,0.5319,-0.005022,-0.005022,1.0,1.0,-22.174038,-906.822754,1.094449
13192.0,0.31,-0.3226,-0.006653,-0.006653,1.0,1.0,-22.167921,-906.820557,1.08368
13194.0,0.3133,-0.3226,-0.006472,-0.006472,1.0,1.0,-22.161779,-906.818359,1.085781
13196.0,0.3074,-0.9329,-0.007922,-0.007922,1.0,1.0,-22.155645,-906.816162,1.089108
13198.0,0.301,-0.3226,-0.006768,-0.006768,1.0,1.0,-22.149523,-906.813965,1.087402
13200.0,0.3029,0.2268,-0.005533,-0.005533,1.0,1.0,-22.143398,-906.811829,1.083647
13202.0,0.3096,-0.0174,-0.005887,-0.005887,1.0,1.0,-22.137266,-906.809692,1.068865
13204.0,0.3164,-0.0174,-0.005596,-0.005596,1.0,1.0,-22.1311,-906.807617,1.060737
13206.0,0.3191,-0.6888,-0.006898,-0.006898,1.0,1.0,-22.124916,-906.80542,1.057108
13208.0,0.3138,-0.7498,-0.007092,-0.007092,1.0,1.0,-22.118725,-906.803284,1.068947
13210.0,0.3078,-0.6277,-0.007075,-0.007075,1.0,1.0,-22.112566,-906.801147,1.071918
13212.0,0.3017,-0.6277,-0.007224,-0.007224,1.0,1.0,-22.106417,-906.799011,1.069653
13214.0,0.3028,-0.0784,-0.005997,-0.005997,1.0,1.0,-22.100266,-906.796875,1.060165
13216.0,0.3083,-0.0784,-0.005788,-0.005788,1.0,1.0,-22.094091,-906.7948,1.051562
13218.0,0.31,-0.4446,-0.006449,-0.006449,1.0,1.0,-22.087898,-906.792664,1.049861
13220.0,0.3042,-0.7498,-0.007197,-0.007197,1.0,1.0,-22.081705,-906.790527,1.057774
13222.0,0.2985,-0.7498,-0.007394,-0.007394,1.0,1.0,-22.075533,-906.788452,1.049987
13224.0,0.2944,-0.2005,-0.006206,-0.006206,1.0,1.0,-22.069344,-906.786377,1.039682
13226.0,0.2973,-0.0174,-0.005645,-0.005645,1.0,1.0,-22.063131,-906.784363,1.026006
13228.0,0.3038,-0.4446,-0.006289,-0.006289,1.0,1.0,-22.056887,-906.782349,1.008719
13230.0,0.3045,-1.116,-0.007532,-0.007532,1.0,1.0,-22.050602,-906.780334,1.001447
13232.0,0.3052,-1.116,-0.00744,-0.00744,1.0,1.0,-22.044302,-906.77832,1.009005
13234.0,0.2959,-1.116,-0.0077,-0.0077,1.0,1.0,-22.038023,-906.776245,1.024387
13236.0,0.2865,-0.5057,-0.006735,-0.006735,1.0,1.0,-22.031784,-906.77417,1.035785
13238.0,0.2847,0.1657,-0.005451,-0.005451,1.0,1.0,-22.025578,-906.772034,1.040318
13240.0,0.2912,0.2268,-0.005244,-0.005244,1.0,1.0,-22.019384,-906.77002,1.032209
13242.0,0.2977,0.2268,-0.005031,-0.005031,1.0,1.0,-22.013174,-906.767944,1.026705
13244.0,0.3002,-0.5667,-0.006628,-0.006628,1.0,1.0,-22.006952,-906.765869,1.03294
13246.0,0.2944,-0.8108,-0.007333,-0.007333,1.0,1.0,-22.000748,-906.763367,1.043825
13248.0,0.2872,-0.3226,-0.006539,-0.006539,1.0,1.0,-21.994574,-906.761597,1.048579
13250.0,0.2852,0.1657,-0.005581,-0.005581,1.0,1.0,-21.988413,-906.759583,1.041829
13252.0,0.283,0.1657,-0.005548,-0.005548,1.0,1.0,-21.982239,-906.757507,1.036045
13254.0,0.2886,0.5319,-0.004592,-0.004592,1.0,1.0,-21.976051,-906.755493,1.02501
13256.0,0.2916,0.1657,-0.005201,-0.005201,1.0,1.0,-21.969839,-906.752991,1.032744
13258.0,0.2894,-0.1394,-0.005983,-0.005983,1.0,1.0,-21.96365,-906.751221,1.038331
13260.0,0.2877,0.2268,-0.00529,-0.00529,1.0,1.0,-21.957476,-906.749207,1.039906
13262.0,0.2859,0.2268,-0.005341,-0.005341,1.0,1.0,-21.951309,-906.747131,1.033487
13264.0,0.2899,0.593,-0.004408,-0.004408,1.0,1.0,-21.945129,-906.745117,1.028843
13266.0,0.2994,0.3488,-0.0047,-0.0047,1.0,1.0,-21.93894,-906.742737,1.010128
13268.0,0.3045,-0.3836,-0.005973,-0.005973,1.0,1.0,-21.932705,-906.741028,1.016474
13270.0,0.2995,-1.2381,-0.007974,-0.007974,1.0,1.0,-21.926489,-906.739014,1.007573
13272.0,0.2946,-1.2381,-0.007972,-0.007972,1.0,1.0,-21.920254,-906.737,1.014743
13274.0,0.2869,-1.055,-0.007805,-0.007805,1.0,1.0,-21.914038,-906.734985,1.006786
13276.0,0.2852,-0.5057,-0.006569,-0.006569,1.0,1.0,-21.907804,-906.732666,1.004354
13278.0,0.29,-0.5057,-0.00645,-0.00645,1.0,1.0,-21.901567,-906.731018,0.990948
13280.0,0.2949,-0.5057,-0.006211,-0.006211,1.0,1.0,-21.8953,-906.729065,0.987916
13282.0,0.2982,-0.8719,-0.006901,-0.006901,1.0,1.0,-21.889027,-906.727112,0.980089
13284.0,0.2948,-1.116,-0.007407,-0.007407,1.0,1.0,-21.882736,-906.725098,0.992777
13286.0,0.2848,-1.116,-0.007737,-0.007737,1.0,1.0,-21.87648,-906.722717,1.011439
13288.0,0.2812,-0.3226,-0.006303,-0.006303,1.0,1.0,-21.870274,-906.721008,1.012088
13290.0,0.2776,-0.3226,-0.006379,-0.006379,1.0,1.0,-21.864071,-906.718994,1.014504
13292.0,0.2808,-0.0174,-0.005687,-0.005687,1.0,1.0,-21.857878,-906.71698,1.00218
13294.0,0.2864,-0.2615,-0.005972,-0.005972,1.0,1.0,-21.851656,-906.714966,1.000788
13296.0,0.2839,-0.9939,-0.007579,-0.007579,1.0,1.0,-21.845432,-906.712646,1.002853
13298.0,0.2767,-0.9329,-0.007608,-0.007608,1.0,1.0,-21.839216,-906.710938,1.005285
13300.0,0.2695,-0.9329,-0.007772,-0.007772,1.0,1.0,-21.83301,-906.708862,1.013476
13302.0,0.2643,-0.3836,-0.00678,-0.00678,1.0,1.0,-21.826826,-906.706848,1.011549
13304.0,0.2684,-0.0174,-0.005894,-0.005894,1.0,1.0,-21.820641,-906.704895,0.996071
13306.0,0.2751,-0.4446,-0.006516,-0.006516,1.0,1.0,-21.814419,-906.702637,0.985713
13308.0,0.2746,-0.9329,-0.007463,-0.007463,1.0,1.0,-21.808172,-906.700928,0.984191
13310.0,0.2741,-0.9329,-0.007456,-0.007456,1.0,1.0,-21.801926,-906.698975,0.993871
13312.0,0.2665,-0.9939,-0.007838,-0.007838,1.0,1.0,-21.795706,-906.696899,1.002498
13314.0,0.2588,-0.5057,-0.00703,-0.00703,1.0,1.0,-21.789509,-906.694885,1.016496
13316.0,0.2586,-0.0174,-0.006135,-0.006135,1.0,1.0,-21.78335,-906.692627,1.019381
13318.0,0.2636,-0.0174,-0.006071,-0.006071,1.0,1.0,-21.777201,-906.690796,1.010349
13320.0,0.2686,-0.0174,-0.005876,-0.005876,1.0,1.0,-21.771032,-906.688782,1.011011
13322.0,0.2713,-0.4446,-0.006752,-0.006752,1.0,1.0,-21.764868,-906.686768,1.016716
13324.0,0.2667,-0.6888,-0.007425,-0.007425,1.0,1.0,-21.75872,-906.684692,1.02547
13326.0,0.2597,-0.4446,-0.007131,-0.007131,1.0,1.0,-21.752596,-906.682373,1.02807
13328.0,0.2581,0.0437,-0.00614,-0.00614,1.0,1.0,-21.746481,-906.680542,1.025984
13330.0,0.2565,0.0437,-0.006148,-0.006148,1.0,1.0,-21.740364,-906.678528,1.018553
13332.0,0.2621,0.1047,-0.005829,-0.005829,1.0,1.0,-21.73423,-906.676514,1.009391
13334.0,0.2678,-0.2005,-0.006276,-0.006276,1.0,1.0,-21.728075,-906.6745,1.008628
13336.0,0.2637,-0.5667,-0.007132,-0.007132,1.0,1.0,-21.721922,-906.672241,1.009591
13338.0,0.2569,-0.3836,-0.006881,-0.006881,1.0,1.0,-21.715773,-906.67041,1.024931
13340.0,0.25,-0.3836,-0.00718,-0.00718,1.0,1.0,-21.709665,-906.668335,1.029207
13342.0,0.248,0.2268,-0.005952,-0.005952,1.0,1.0,-21.703571,-906.66626,1.03384
13344.0,0.2549,0.2268,-0.00587,-0.00587,1.0,1.0,-21.697491,-906.664185,1.024665
13346.0,0.2634,-0.3836,-0.00692,-0.00692,1.0,1.0,-21.691389,-906.662048,1.008178
13348.0,0.2719,-0.3836,-0.006577,-0.006577,1.0,1.0,-21.685249,-906.660217,0.999123
13350.0,0.2735,-0.9939,-0.00776,-0.00776,1.0,1.0,-21.679089,-906.658142,1.005473
13352.0,0.2655,-1.4822,-0.009033,-0.009033,1.0,1.0,-21.672947,-906.656128,1.014381
13354.0,0.2565,-0.9939,-0.008252,-0.008252,1.0,1.0,-21.66683,-906.654053,1.019315
13356.0,0.255,-0.2005,-0.00663,-0.00663,1.0,1.0,-21.660728,-906.651917,1.011716
13358.0,0.2534,-0.2005,-0.006578,-0.006578,1.0,1.0,-21.65461,-906.650085,1.00093
13360.0,0.2596,-0.0174,-0.005947,-0.005947,1.0,1.0,-21.648466,-906.648071,0.991584
13362.0,0.2643,-0.8108,-0.007461,-0.007461,1.0,1.0,-21.642302,-906.646118,0.986218
13364.0,0.2619,-1.116,-0.008105,-0.008105,1.0,1.0,-21.636126,-906.644104,0.989556
13366.0,0.2533,-1.177,-0.008437,-0.008437,1.0,1.0,-21.629961,-906.641968,1.003383
13368.0,0.2448,-1.177,-0.008751,-0.008751,1.0,1.0,-21.623833,-906.640076,1.013426
13370.0,0.238,-0.7498,-0.008072,-0.008072,1.0,1.0,-21.617733,-906.638,1.021942
13372.0,0.2384,-0.3836,-0.007369,-0.007369,1.0,1.0,-21.611656,-906.635986,1.01185
13374.0,0.2423,-0.4446,-0.007317,-0.007317,1.0,1.0,-21.605556,-906.633911,1.006708
13376.0,0.2434,-0.8108,-0.008028,-0.008028,1.0,1.0,-21.599447,-906.631836,1.024979
13378.0,0.2445,-0.8108,-0.008205,-0.008205,1.0,1.0,-21.593386,-906.629822,1.030839
13380.0,0.2382,-1.177,-0.009177,-0.009177,1.0,1.0,-21.587341,-906.627808,1.01891
13382.0,0.2307,-0.7498,-0.008272,-0.008272,1.0,1.0,-21.58127,-906.625732,1.021339
13384.0,0.23,-0.2615,-0.007261,-0.007261,1.0,1.0,-21.575207,-906.623779,1.005357
13386.0,0.2361,-0.0174,-0.006447,-0.006447,1.0,1.0,-21.569105,-906.621704,1.000583
13388.0,0.242,-0.0174,-0.00628,-0.00628,1.0,1.0,-21.562994,-906.619751,0.9863
13390.0,0.2472,-0.6888,-0.007469,-0.007469,1.0,1.0,-21.55685,-906.617798,0.98241
13392.0,0.2443,-1.177,-0.008533,-0.008533,1.0,1.0,-21.550699,-906.615784,0.996641
13394.0,0.2339,-1.055,-0.008624,-0.008624,1.0,1.0,-21.544586,-906.61377,1.013156
13396.0,0.2258,-0.5057,-0.007779,-0.007779,1.0,1.0,-21.538517,-906.611694,1.015996
13398.0,0.2176,-0.5057,-0.007967,-0.007967,1.0,1.0,-21.532457,-906.609619,1.02506
13400.0,0.2189,0.0437,-0.00686,-0.00686,1.0,1.0,-21.526423,-906.607544,1.018946
13402.0,0.2255,-0.1394,-0.007061,-0.007061,1.0,1.0,-21.520374,-906.605591,1.011596
13404.0,0.2294,-0.6277,-0.007955,-0.007955,1.0,1.0,-21.514311,-906.603516,1.008927
13406.0,0.2333,-0.6277,-0.007851,-0.007851,1.0,1.0,-21.508244,-906.601501,1.011861
13408.0,0.2291,-0.8719,-0.008489,-0.008489,1.0,1.0,-21.502186,-906.599487,1.016485
13410.0,0.2198,-0.6277,-0.008192,-0.008192,1.0,1.0,-21.496141,-906.597351,1.039037
13412.0,0.2138,-0.2615,-0.007766,-0.007766,1.0,1.0,-21.490156,-906.595337,1.030467
13414.0,0.2162,0.2878,-0.006446,-0.006446,1.0,1.0,-21.484152,-906.593262,1.020318
13416.0,0.2186,0.2878,-0.006289,-0.006289,1.0,1.0,-21.478125,-906.591248,1.011332
13418.0,0.2253,0.1657,-0.006324,-0.006324,1.0,1.0,-21.472078,-906.589233,1.004292
13420.0,0.2288,-0.3226,-0.007232,-0.007232,1.0,1.0,-21.466017,-906.58728,1.003717
13422.0,0.2253,-0.6277,-0.007948,-0.007948,1.0,1.0,-21.459955,-906.585205,1.010018
13424.0,0.2208,-0.5057,-0.007841,-0.007841,1.0,1.0,-21.453913,-906.58313,1.013686
13426.0,0.2163,-0.5057,-0.007966,-0.007966,1.0,1.0,-21.447882,-906.581177,1.003537
13428.0,0.2172,-0.2615,-0.007314,-0.007314,1.0,1.0,-21.441828,-906.579224,0.98869
13430.0,0.2245,-0.2005,-0.006882,-0.006882,1.0,1.0,-21.435738,-906.577271,0.968551
13432.0,0.2307,-0.6888,-0.007592,-0.007592,1.0,1.0,-21.4296,-906.575378,0.956659
13434.0,0.2282,-1.6043,-0.00948,-0.00948,1.0,1.0,-21.423435,-906.573486,0.955533
13436.0,0.2257,-1.6043,-0.009515,-0.009515,1.0,1.0,-21.417271,-906.571533,0.950831
13438.0,0.2172,-1.6043,-0.009628,-0.009628,1.0,1.0,-21.411097,-906.56958,0.964821
13440.0,0.2097,-1.055,-0.008744,-0.008744,1.0,1.0,-21.404959,-906.567627,0.965723
13442.0,0.21,-0.5667,-0.007696,-0.007696,1.0,1.0,-21.398827,-906.565735,0.957626
13444.0,0.2166,-0.5667,-0.007483,-0.007483,1.0,1.0,-21.392675,-906.563904,0.939768
13446.0,0.2231,-0.5667,-0.007164,-0.007164,1.0,1.0,-21.386482,-906.562073,0.925529
13448.0,0.2265,-1.5433,-0.009044,-0.009044,1.0,1.0,-21.380257,-906.560242,0.918514
13450.0,0.2217,-1.8484,-0.009714,-0.009714,1.0,1.0,-21.374016,-906.55835,0.925648
13452.0,0.21,-1.6043,-0.009491,-0.009491,1.0,1.0,-21.367796,-906.556458,0.939576
13454.0,0.1995,-0.9329,-0.008402,-0.008402,1.0,1.0,-21.361612,-906.554565,0.951774
13456.0,0.1889,-0.9329,-0.008737,-0.008737,1.0,1.0,-21.355463,-906.552612,0.955239
13458.0,0.1864,-0.5057,-0.007904,-0.007904,1.0,1.0,-21.349323,-906.55072,0.954732
13460.0,0.1924,-0.2615,-0.007259,-0.007259,1.0,1.0,-21.343185,-906.548828,0.940543
13462.0,0.1976,-0.6888,-0.007923,-0.007923,1.0,1.0,-21.337015,-906.546936,0.935074
13464.0,0.195,-1.3601,-0.009357,-0.009357,1.0,1.0,-21.330833,-906.545105,0.929185
13466.0,0.1924,-1.3601,-0.009342,-0.009342,1.0,1.0,-21.324638,-906.543213,0.941354
13468.0,0.1824,-1.3601,-0.009667,-0.009667,1.0,1.0,-21.318478,-906.54126,0.952602
13470.0,0.1738,-0.6888,-0.008512,-0.008512,1.0,1.0,-21.312347,-906.539368,0.957972
13472.0,0.1728,-0.1394,-0.007407,-0.007407,1.0,1.0,-21.306232,-906.537476,0.954838
13474.0,0.1719,-0.1394,-0.007392,-0.007392,1.0,1.0,-21.300112,-906.535583,0.943089
13476.0,0.1779,0.0437,-0.006754,-0.006754,1.0,1.0,-21.293964,-906.533691,0.934861
13478.0,0.1832,-0.4446,-0.007612,-0.007612,1.0,1.0,-21.287798,-906.53186,0.923361
13480.0,0.1809,-0.9939,-0.008714,-0.008714,1.0,1.0,-21.281607,-906.529968,0.930515
13482.0,0.1722,-0.9939,-0.008959,-0.008959,1.0,1.0,-21.275434,-906.528076,0.941562
13484.0,0.1635,-0.9939,-0.009245,-0.009245,1.0,1.0,-21.269293,-906.526184,0.952332
13486.0,0.1563,-0.3226,-0.008056,-0.008056,1.0,1.0,-21.263182,-906.524231,0.956723
13488.0,0.1561,-0.0174,-0.007452,-0.007452,1.0,1.0,-21.257084,-906.522339,0.956197
13490.0,0.1614,-0.0784,-0.007476,-0.007476,1.0,1.0,-21.250986,-906.520447,0.94486
13492.0,0.1655,-0.2005,-0.007536,-0.007536,1.0,1.0,-21.244864,-906.518555,0.941236
13494.0,0.1697,-0.2005,-0.007417,-0.007417,1.0,1.0,-21.238733,-906.516724,0.936523
13496.0,0.1666,-0.3836,-0.007819,-0.007819,1.0,1.0,-21.232594,-906.514771,0.946668
13498.0,0.1588,-0.3226,-0.007948,-0.007948,1.0,1.0,-21.226482,-906.512878,0.96007
13500.0,0.1537,0.1047,-0.007272,-0.007272,1.0,1.0,-21.220407,-906.510864,0.965473
13502.0,0.1574,0.593,-0.00621,-0.00621,1.0,1.0,-21.214348,-906.508972,0.958107
13504.0,0.1611,0.593,-0.006059,-0.006059,1.0,1.0,-21.208273,-906.50708,0.944023
13506.0,0.169,0.4099,-0.006148,-0.006148,1.0,1.0,-21.202166,-906.505249,0.938041
13508.0,0.1749,-0.0174,-0.006888,-0.006888,1.0,1.0,-21.196045,-906.503357,0.934604
13510.0,0.1719,-0.4446,-0.007827,-0.007827,1.0,1.0,-21.189919,-906.501526,0.937379
13512.0,0.1652,-0.2615,-0.007593,-0.007593,1.0,1.0,-21.183802,-906.499634,0.941403
13514.0,0.1584,-0.2615,-0.007766,-0.007766,1.0,1.0,-21.177696,-906.497681,0.959886
13516.0,0.1559,0.2268,-0.006967,-0.006967,1.0,1.0,-21.17164,-906.495728,0.949231
13518.0,0.161,-0.0174,-0.007278,-0.007278,1.0,1.0,-21.16556,-906.493896,0.933596
13520.0,0.1698,-0.3226,-0.007595,-0.007595,1.0,1.0,-21.159443,-906.492126,0.910167
13522.0,0.1751,-0.7498,-0.008156,-0.008156,1.0,1.0,-21.153269,-906.490356,0.89088
13524.0,0.1804,-0.7498,-0.007844,-0.007844,1.0,1.0,-21.147049,-906.488525,0.888505
13526.0,0.1762,-1.4212,-0.009344,-0.009344,1.0,1.0,-21.140825,-906.486755,0.891758
13528.0,0.1661,-1.177,-0.009047,-0.009047,1.0,1.0,-21.134613,-906.484924,0.909461
13530.0,0.159,-0.6277,-0.008195,-0.008195,1.0,1.0,-21.128447,-906.483154,0.909118
13532.0,0.1601,-0.3226,-0.007514,-0.007514,1.0,1.0,-21.122282,-906.481323,0.909608
13534.0,0.1612,-0.3226,-0.007499,-0.007499,1.0,1.0,-21.116121,-906.479492,0.90061
13536.0,0.1685,-0.2005,-0.006998,-0.006998,1.0,1.0,-21.109941,-906.477722,0.888007
13538.0,0.173,-0.8719,-0.008217,-0.008217,1.0,1.0,-21.103731,-906.475952,0.876111
13540.0,0.1703,-1.3601,-0.00919,-0.00919,1.0,1.0,-21.097494,-906.474243,0.881351
13542.0,0.1676,-1.3601,-0.009299,-0.009299,1.0,1.0,-21.091272,-906.472412,0.888146
13544.0,0.157,-1.4212,-0.009708,-0.009708,1.0,1.0,-21.08507,-906.470642,0.896941
13546.0,0.148,-0.9939,-0.009058,-0.009058,1.0,1.0,-21.078892,-906.468811,0.90354
13548.0,0.1455,-0.3226,-0.007733,-0.007733,1.0,1.0,-21.072733,-906.46698,0.905727
13550.0,0.1501,-0.2615,-0.007539,-0.007539,1.0,1.0,-21.066582,-906.46521,0.898149
13552.0,0.1546,-0.2615,-0.007369,-0.007369,1.0,1.0,-21.060415,-906.46344,0.8842
13554.0,0.1609,-0.6277,-0.007884,-0.007884,1.0,1.0,-21.054216,-906.46167,0.880209
13556.0,0.161,-1.055,-0.008757,-0.008757,1.0,1.0,-21.04801,-906.4599,0.880082
13558.0,0.1539,-1.3601,-0.009548,-0.009548,1.0,1.0,-21.041805,-906.45813,0.889269
13560.0,0.1456,-0.7498,-0.008494,-0.008494,1.0,1.0,-21.035625,-906.456299,0.898149
13562.0,0.1374,-0.7498,-0.008749,-0.008749,1.0,1.0,-21.02947,-906.454468,0.89981
13564.0,0.1348,-0.3226,-0.007898,-0.007898,1.0,1.0,-21.023323,-906.452698,0.898068
13566.0,0.1394,-0.2615,-0.007659,-0.007659,1.0,1.0,-21.017174,-906.450928,0.876957
13568.0,0.1464,-0.6277,-0.008083,-0.008083,1.0,1.0,-21.010973,-906.449219,0.862902
13570.0,0.1477,-1.3601,-0.009481,-0.009481,1.0,1.0,-21.00474,-906.44751,0.861837
13572.0,0.1489,-1.3601,-0.009445,-0.009445,1.0,1.0,-20.998507,-906.445801,0.862629
13574.0,0.1414,-1.7264,-0.010386,-0.010386,1.0,1.0,-20.992277,-906.444031,0.881213
13576.0,0.1282,-1.6653,-0.010709,-0.010709,1.0,1.0,-20.986097,-906.4422,0.899116
13578.0,0.1191,-0.8719,-0.009373,-0.009373,1.0,1.0,-20.979965,-906.440308,0.916534
13580.0,0.1197,-0.1394,-0.007976,-0.007976,1.0,1.0,-20.973879,-906.438477,0.913604
13582.0,0.1203,-0.1394,-0.007932,-0.007932,1.0,1.0,-20.967789,-906.436707,0.906479
13584.0,0.1267,-0.0174,-0.00747,-0.00747,1.0,1.0,-20.961681,-906.434937,0.899517
13586.0,0.1313,-0.3836,-0.008094,-0.008094,1.0,1.0,-20.955561,-906.433167,0.8888
13588.0,0.1286,-0.8719,-0.009079,-0.009079,1.0,1.0,-20.949415,-906.431335,0.895848
13590.0,0.1185,-1.055,-0.009742,-0.009742,1.0,1.0,-20.943289,-906.429443,0.916996
13592.0,0.1085,-1.055,-0.010165,-0.010165,1.0,1.0,-20.937218,-906.427612,0.927353
13594.0,0.0996,-0.2005,-0.008611,-0.008611,1.0,1.0,-20.931175,-906.42572,0.936858
13596.0,0.0984,0.4099,-0.007425,-0.007425,1.0,1.0,-20.925159,-906.423828,0.93689
13598.0,0.1057,0.5319,-0.007022,-0.007022,1.0,1.0,-20.919146,-906.421997,0.928912
13600.0,0.1131,0.5319,-0.006795,-0.006795,1.0,1.0,-20.913115,-906.420166,0.916195
13602.0,0.1221,0.2268,-0.007139,-0.007139,1.0,1.0,-20.907055,-906.418335,0.910119
13604.0,0.1259,-0.3226,-0.00818,-0.00818,1.0,1.0,-20.900982,-906.416504,0.912057
13606.0,0.1221,-0.8108,-0.009326,-0.009326,1.0,1.0,-20.894917,-906.414673,0.911262
13608.0,0.1152,-0.5057,-0.008792,-0.008792,1.0,1.0,-20.888851,-906.412842,0.916808
13610.0,0.1084,-0.5057,-0.008984,-0.008984,1.0,1.0,-20.882803,-906.411011,0.918603
13612.0,0.1061,-0.2005,-0.008391,-0.008391,1.0,1.0,-20.87676,-906.40918,0.904749
13614.0,0.1112,-0.2005,-0.008143,-0.008143,1.0,1.0,-20.870686,-906.407471,0.88498
13616.0,0.1187,-0.5667,-0.00857,-0.00857,1.0,1.0,-20.864565,-906.405762,0.863706
13618.0,0.1236,-1.177,-0.009558,-0.009558,1.0,1.0,-20.858393,-906.404053,0.848888
13620.0,0.1284,-1.177,-0.009305,-0.009305,1.0,1.0,-20.852186,-906.402344,0.850598
13622.0,0.1242,-1.9095,-0.010979,-0.010979,1.0,1.0,-20.845985,-906.400635,0.852627
13624.0,0.1151,-1.6653,-0.010651,-0.010651,1.0,1.0,-20.839792,-906.398926,0.869595
13626.0,0.1054,-1.4212,-0.010496,-0.010496,1.0,1.0,-20.833645,-906.397095,0.875533
13628.0,0.1024,-0.8719,-0.009437,-0.009437,1.0,1.0,-20.827515,-906.395325,0.878802
13630.0,0.0994,-0.8719,-0.00953,-0.00953,1.0,1.0,-20.821394,-906.393555,0.876582
13632.0,0.104,-0.5667,-0.008761,-0.008761,1.0,1.0,-20.815271,-906.391846,0.858185
13634.0,0.1089,-0.9329,-0.009254,-0.009254,1.0,1.0,-20.809105,-906.390137,0.850309
13636.0,0.1077,-1.6653,-0.010767,-0.010767,1.0,1.0,-20.802921,-906.388489,0.848073
13638.0,0.099,-1.7264,-0.011041,-0.011041,1.0,1.0,-20.796734,-906.386719,0.859548
13640.0,0.0903,-1.7264,-0.011334,-0.011334,1.0,1.0,-20.790579,-906.38501,0.868759
13642.0,0.0782,-1.2381,-0.010615,-0.010615,1.0,1.0,-20.784449,-906.383179,0.887744
13644.0,0.0697,-0.6277,-0.009674,-0.009674,1.0,1.0,-20.778368,-906.38147,0.881166
13646.0,0.0707,-0.2005,-0.008663,-0.008663,1.0,1.0,-20.772274,-906.3797,0.877264
13648.0,0.0787,-0.0174,-0.008073,-0.008073,1.0,1.0,-20.766172,-906.37793,0.871657
13650.0,0.0867,-0.0174,-0.007858,-0.007858,1.0,1.0,-20.760059,-906.376221,0.881358
13652.0,0.0931,-0.6277,-0.009155,-0.009155,1.0,1.0,-20.753973,-906.374451,0.866299
13654.0,0.0915,-1.177,-0.010202,-0.010202,1.0,1.0,-20.74785,-906.372742,0.855648
13656.0,0.0823,-1.2991,-0.010525,-0.010525,1.0,1.0,-20.741705,-906.370972,0.865618
13658.0,0.0711,-0.8108,-0.009799,-0.009799,1.0,1.0,-20.735586,-906.369202,0.879493
13660.0,0.0599,-0.8108,-0.010166,-0.010166,1.0,1.0,-20.729506,-906.367432,0.885753
13662.0,0.0564,-0.1394,-0.008857,-0.008857,1.0,1.0,-20.723442,-906.365662,0.886353
13664.0,0.0626,0.2878,-0.007825,-0.007825,1.0,1.0,-20.717382,-906.363892,0.877526
13666.0,0.0726,-0.1394,-0.008456,-0.008456,1.0,1.0,-20.711304,-906.362183,0.857917
13668.0,0.0825,-0.1394,-0.008052,-0.008052,1.0,1.0,-20.705177,-906.360535,0.843033
13670.0,0.0877,-0.8719,-0.009366,-0.009366,1.0,1.0,-20.699017,-906.358826,0.846384
13672.0,0.0836,-1.4822,-0.010793,-0.010793,1.0,1.0,-20.692867,-906.357117,0.848629
13674.0,0.072,-1.2991,-0.010647,-0.010647,1.0,1.0,-20.686726,-906.355408,0.866295
13676.0,0.061,-0.8719,-0.010132,-0.010132,1.0,1.0,-20.68063,-906.353638,0.870731
13678.0,0.05,-0.8719,-0.010391,-0.010391,1.0,1.0,-20.674549,-906.351807,0.878016
13680.0,0.0467,-0.0784,-0.008828,-0.008828,1.0,1.0,-20.668488,-906.350098,0.877522
13682.0,0.0523,0.4709,-0.007534,-0.007534,1.0,1.0,-20.662428,-906.348389,0.858954
13684.0,0.0596,-0.0784,-0.008372,-0.008372,1.0,1.0,-20.656324,-906.34668,0.850649
13686.0,0.0619,-0.6888,-0.00955,-0.00955,1.0,1.0,-20.650202,-906.344971,0.847
13688.0,0.0642,-0.6888,-0.009466,-0.009466,1.0,1.0,-20.644073,-906.343323,0.846943
13690.0,0.0585,-0.8719,-0.009968,-0.009968,1.0,1.0,-20.637947,-906.341553,0.862863
13692.0,0.0484,-0.3836,-0.009286,-0.009286,1.0,1.0,-20.631863,-906.339783,0.874604
13694.0,0.0424,-0.0174,-0.008741,-0.008741,1.0,1.0,-20.625811,-906.338013,0.879306
13696.0,0.0449,0.2878,-0.008089,-0.008089,1.0,1.0,-20.619772,-906.336243,0.879865
13698.0,0.0473,0.2878,-0.008048,-0.008048,1.0,1.0,-20.613737,-906.334534,0.864202
13700.0,0.0565,0.2878,-0.0077,-0.0077,1.0,1.0,-20.607666,-906.332825,0.84938
13702.0,0.0644,-0.3226,-0.0087,-0.0087,1.0,1.0,-20.601561,-906.331177,0.838929
13704.0,0.064,-0.9329,-0.009907,-0.009907,1.0,1.0,-20.59543,-906.329468,0.839974
13706.0,0.056,-0.9939,-0.010204,-0.010204,1.0,1.0,-20.589306,-906.32782,0.841724
13708.0,0.048,-0.9939,-0.010377,-0.010377,1.0,1.0,-20.583189,-906.32605,0.852511
13710.0,0.0398,-0.5667,-0.009732,-0.009732,1.0,1.0,-20.577101,-906.324402,0.85118
13712.0,0.038,-0.1394,-0.008834,-0.008834,1.0,1.0,-20.571012,-906.322693,0.851029
13714.0,0.0444,0.1657,-0.008053,-0.008053,1.0,1.0,-20.564926,-906.321045,0.826939
13716.0,0.0535,-0.4446,-0.008929,-0.008929,1.0,1.0,-20.558781,-906.319458,0.809456
13718.0,0.0625,-0.4446,-0.008565,-0.008565,1.0,1.0,-20.552593,-906.317871,0.793822
13720.0,0.0677,-1.177,-0.00987,-0.00987,1.0,1.0,-20.54637,-906.316345,0.780085
13722.0,0.0631,-1.7264,-0.01099,-0.01099,1.0,1.0,-20.540113,-906.314819,0.776131
13724.0,0.0526,-1.6043,-0.010886,-0.010886,1.0,1.0,-20.53385,-906.313232,0.789031
13726.0,0.0416,-1.177,-0.010319,-0.010319,1.0,1.0,-20.527622,-906.311584,0.80531
13728.0,0.0306,-1.177,-0.010707,-0.010707,1.0,1.0,-20.521437,-906.309937,0.806979
13730.0,0.0279,-0.5667,-0.009465,-0.009465,1.0,1.0,-20.515259,-906.30835,0.805106
13732.0,0.0325,-0.3226,-0.008831,-0.008831,1.0,1.0,-20.509079,-906.306702,0.80107
13734.0,0.0401,-0.6277,-0.009298,-0.009298,1.0,1.0,-20.502892,-906.305176,0.794332
13736.0,0.0477,-0.6277,-0.009079,-0.009079,1.0,1.0,-20.496689,-906.303589,0.782697
13738.0,0.0496,-1.2991,-0.010359,-0.010359,1.0,1.0,-20.490459,-906.302063,0.77338
13740.0,0.0429,-1.6653,-0.011175,-0.011175,1.0,1.0,-20.484209,-906.300476,0.784922
13742.0,0.0302,-1.5433,-0.011281,-0.011281,1.0,1.0,-20.477991,-906.298828,0.796026
13744.0,0.0199,-0.7498,-0.009894,-0.009894,1.0,1.0,-20.471804,-906.297241,0.803213
13746.0,0.0096,-0.7498,-0.010169,-0.010169,1.0,1.0,-20.465635,-906.295654,0.803246
13748.0,0.0069,-0.2005,-0.009039,-0.009039,1.0,1.0,-20.459471,-906.294006,0.804911
13750.0,0.0135,0.0437,-0.008406,-0.008406,1.0,1.0,-20.453312,-906.29248,0.782857
13752.0,0.022,-0.2615,-0.00866,-0.00866,1.0,1.0,-20.4471,-906.290955,0.766827
13754.0,0.0243,-0.9939,-0.010016,-0.010016,1.0,1.0,-20.440851,-906.289429,0.767472
13756.0,0.0266,-0.9939,-0.009978,-0.009978,1.0,1.0,-20.434607,-906.287903,0.759188
13758.0,0.0216,-1.2991,-0.01064,-0.01064,1.0,1.0,-20.428343,-906.286377,0.772271
13760.0,0.0107,-1.116,-0.010599,-0.010599,1.0,1.0,-20.422115,-906.28479,0.77934
13762.0,0.0027,-0.8108,-0.010172,-0.010172,1.0,1.0,-20.415907,-906.283203,0.791517
13764.0,0.0027,-0.1394,-0.008862,-0.008862,1.0,1.0,-20.409733,-906.281616,0.789432
13766.0,0.0027,-0.1394,-0.00884,-0.00884,1.0,1.0,-20.403555,-906.28009,0.778282
13768.0,0.0102,-0.2005,-0.008706,-0.008706,1.0,1.0,-20.397352,-906.278564,0.761575
13770.0,0.0188,-0.7498,-0.00954,-0.00954,1.0,1.0,-20.391109,-906.2771,0.748704
13772.0,0.0188,-1.4822,-0.010975,-0.010975,1.0,1.0,-20.384838,-906.275635,0.740746
13774.0,0.01,-1.6043,-0.011318,-0.011318,1.0,1.0,-20.378548,-906.274109,0.744092
13776.0,0.0013,-1.6043,-0.011522,-0.011522,1.0,1.0,-20.372269,-906.272583,0.763469
13778.0,-0.0123,-1.2991,-0.011337,-0.011337,1.0,1.0,-20.366041,-906.270996,0.774977
13780.0,-0.0224,-0.4446,-0.00982,-0.00982,1.0,1.0,-20.359844,-906.269348,0.790211
13782.0,-0.0233,0.2268,-0.00856,-0.00856,1.0,1.0,-20.353689,-906.267761,0.79224
13784.0,-0.016,0.4099,-0.008048,-0.008048,1.0,1.0,-20.347542,-906.266174,0.788404
13786.0,-0.0087,0.4099,-0.007866,-0.007866,1.0,1.0,-20.341387,-906.264648,0.776961
13788.0,-0.0008,0.1657,-0.008113,-0.008113,1.0,1.0,-20.335205,-906.263123,0.772855
13790.0,0.0001,-0.4446,-0.009364,-0.009364,1.0,1.0,-20.329016,-906.261597,0.76999
13792.0,-0.0065,-0.6277,-0.009854,-0.009854,1.0,1.0,-20.322823,-906.26001,0.778512
13794.0,-0.0131,-0.6277,-0.010074,-0.010074,1.0,1.0,-20.316652,-906.258423,0.793758
13796.0,-0.0231,-0.1394,-0.009381,-0.009381,1.0,1.0,-20.310522,-906.256775,0.808246
13798.0,-0.0279,0.5319,-0.008187,-0.008187,1.0,1.0,-20.304432,-906.255127,0.815637
13800.0,-0.023,0.8982,-0.007387,-0.007387,1.0,1.0,-20.298363,-906.253479,0.809193
13802.0,-0.0111,0.715,-0.007481,-0.007481,1.0,1.0,-20.29228,-906.251953,0.795501
13804.0,0.0008,0.715,-0.007104,-0.007104,1.0,1.0,-20.286165,-906.250366,0.78403
13806.0,0.009,0.0437,-0.008266,-0.008266,1.0,1.0,-20.280024,-906.248779,0.779826
13808.0,0.0095,-0.5667,-0.009522,-0.009522,1.0,1.0,-20.273874,-906.247192,0.778149
13810.0,0.0029,-0.8719,-0.010287,-0.010287,1.0,1.0,-20.267723,-906.245667,0.787372
13812.0,-0.0043,-0.7498,-0.010264,-0.010264,1.0,1.0,-20.261597,-906.24408,0.78467
13814.0,-0.0116,-0.7498,-0.010374,-0.010374,1.0,1.0,-20.255466,-906.242493,0.791518
13816.0,-0.013,-0.4446,-0.00982,-0.00982,1.0,1.0,-20.249355,-906.240967,0.771986
13818.0,-0.0069,-0.0174,-0.008572,-0.008572,1.0,1.0,-20.243198,-906.23938,0.763865
13820.0,0.0019,-0.4446,-0.009233,-0.009233,1.0,1.0,-20.237024,-906.237976,0.740869
13822.0,0.0054,-1.2381,-0.01062,-0.01062,1.0,1.0,-20.230795,-906.236511,0.726267
13824.0,0.009,-1.2381,-0.010393,-0.010393,1.0,1.0,-20.224531,-906.235046,0.735808
13826.0,0.0041,-1.5433,-0.011247,-0.011247,1.0,1.0,-20.218292,-906.233582,0.736841
13828.0,-0.0061,-1.7874,-0.011979,-0.011979,1.0,1.0,-20.212059,-906.232056,0.75263
13830.0,-0.0162,-1.116,-0.010902,-0.010902,1.0,1.0,-20.205868,-906.230469,0.769411
13832.0,-0.018,-0.3836,-0.009543,-0.009543,1.0,1.0,-20.199722,-906.228943,0.768195
13834.0,-0.0197,-0.3836,-0.009564,-0.009564,1.0,1.0,-20.193575,-906.227417,0.766208
13836.0,-0.0151,-0.2615,-0.00919,-0.00919,1.0,1.0,-20.187426,-906.22583,0.760274
13838.0,-0.0095,-0.7498,-0.010069,-0.010069,1.0,1.0,-20.181263,-906.224365,0.755781
13840.0,-0.0108,-1.2991,-0.011225,-0.011225,1.0,1.0,-20.175093,-906.2229,0.74948
13842.0,-0.0197,-1.4212,-0.011589,-0.011589,1.0,1.0,-20.168909,-906.221313,0.765004
13844.0,-0.0285,-1.4212,-0.011928,-0.011928,1.0,1.0,-20.162767,-906.219727,0.78343
13846.0,-0.0397,-0.9939,-0.011424,-0.011424,1.0,1.0,-20.156673,-906.21814,0.791771
13848.0,-0.048,-0.1394,-0.009837,-0.009837,1.0,1.0,-20.150602,-906.216492,0.805451
13850.0,-0.0468,0.4099,-0.008782,-0.008782,1.0,1.0,-20.144569,-906.214905,0.802933
13852.0,-0.0383,0.4709,-0.008461,-0.008461,1.0,1.0,-20.138533,-906.213318,0.791747
13854.0,-0.0299,0.4709,-0.008178,-0.008178,1.0,1.0,-20.132469,-906.211731,0.783732
13856.0,-0.0222,0.0437,-0.008862,-0.008862,1.0,1.0,-20.126389,-906.210205,0.781141
13858.0,-0.0229,-0.5057,-0.010028,-0.010028,1.0,1.0,-20.120304,-906.208618,0.784593
13860.0,-0.03,-0.5057,-0.010202,-0.010202,1.0,1.0,-20.114231,-906.207031,0.799313
13862.0,-0.037,-0.5057,-0.010497,-0.010497,1.0,1.0,-20.108196,-906.205383,0.803639
13864.0,-0.0461,-0.0174,-0.009669,-0.009669,1.0,1.0,-20.102175,-906.203735,0.818025
13866.0,-0.0487,0.4099,-0.008956,-0.008956,1.0,1.0,-20.096191,-906.202026,0.825975
13868.0,-0.0421,0.593,-0.008522,-0.008522,1.0,1.0,-20.090231,-906.200439,0.821734
13870.0,-0.0316,0.3488,-0.0088,-0.0088,1.0,1.0,-20.084263,-906.198792,0.803909
13872.0,-0.0212,0.3488,-0.008406,-0.008406,1.0,1.0,-20.078253,-906.197205,0.805782
13874.0,-0.0158,-0.2615,-0.009634,-0.009634,1.0,1.0,-20.072248,-906.195557,0.80528
13876.0,-0.0196,-0.6888,-0.010622,-0.010622,1.0,1.0,-20.066246,-906.193909,0.817417
13878.0,-0.0294,-0.3836,-0.010284,-0.010284,1.0,1.0,-20.060276,-906.192261,0.830276
13880.0,-0.0364,0.1657,-0.009377,-0.009377,1.0,1.0,-20.05434,-906.190552,0.84289
13882.0,-0.0433,0.1657,-0.009648,-0.009648,1.0,1.0,-20.048439,-906.188843,0.842119
13884.0,-0.0423,0.8982,-0.008046,-0.008046,1.0,1.0,-20.042538,-906.187195,0.836801
13886.0,-0.0339,0.7761,-0.008089,-0.008089,1.0,1.0,-20.036627,-906.185547,0.832835
13888.0,-0.0257,0.2268,-0.009069,-0.009069,1.0,1.0,-20.030708,-906.183899,0.822232
13890.0,-0.0243,-0.2005,-0.009845,-0.009845,1.0,1.0,-20.024765,-906.182251,0.827301
13892.0,-0.0228,-0.2005,-0.009873,-0.009873,1.0,1.0,-20.018837,-906.180542,0.838119
13894.0,-0.0287,-0.2615,-0.010233,-0.010233,1.0,1.0,-20.012938,-906.178833,0.858622
13896.0,-0.0367,-0.2005,-0.010479,-0.010479,1.0,1.0,-20.007093,-906.177063,0.86283
13898.0,-0.0383,0.654,-0.008719,-0.008719,1.0,1.0,-20.001261,-906.175293,0.877492
13900.0,-0.0316,0.8371,-0.008355,-0.008355,1.0,1.0,-19.995468,-906.173523,0.872326
13902.0,-0.0248,0.8371,-0.008169,-0.008169,1.0,1.0,-19.989664,-906.171814,0.867559
13904.0,-0.016,0.4709,-0.008735,-0.008735,1.0,1.0,-19.98385,-906.170105,0.858944
13906.0,-0.0123,-0.2615,-0.010146,-0.010146,1.0,1.0,-19.978018,-906.168396,0.860299
13908.0,-0.0162,-0.5057,-0.01076,-0.01076,1.0,1.0,-19.972191,-906.166626,0.870444
13910.0,-0.0236,-0.5057,-0.011012,-0.011012,1.0,1.0,-19.966393,-906.164856,0.882618
13912.0,-0.031,-0.5057,-0.011287,-0.011287,1.0,1.0,-19.960627,-906.163086,0.889347
13914.0,-0.0338,0.1657,-0.009972,-0.009972,1.0,1.0,-19.95488,-906.161255,0.886568
13916.0,-0.0284,0.3488,-0.009443,-0.009443,1.0,1.0,-19.949129,-906.159546,0.869318
13918.0,-0.0197,0.1047,-0.009614,-0.009614,1.0,1.0,-19.943336,-906.157837,0.859777
13920.0,-0.0148,-0.6888,-0.011122,-0.011122,1.0,1.0,-19.937523,-906.156128,0.854223
13922.0,-0.0099,-0.6888,-0.010967,-0.010967,1.0,1.0,-19.931698,-906.154419,0.849925
13924.0,-0.0142,-1.177,-0.012054,-0.012054,1.0,1.0,-19.925863,-906.152649,0.865151
13926.0,-0.0244,-1.055,-0.012152,-0.012152,1.0,1.0,-19.920069,-906.150879,0.878104
13928.0,-0.0319,-0.5057,-0.011256,-0.011256,1.0,1.0,-19.91431,-906.149109,0.891547
13930.0,-0.0394,-0.5057,-0.011546,-0.011546,1.0,1.0,-19.908588,-906.147278,0.903831
13932.0,-0.0393,-0.0784,-0.010758,-0.010758,1.0,1.0,-19.902899,-906.145447,0.905398
13934.0,-0.033,0.1657,-0.01013,-0.01013,1.0,1.0,-19.897215,-906.143677,0.900876
13936.0,-0.0285,-0.2615,-0.010914,-0.010914,1.0,1.0,-19.891523,-906.141846,0.897905
13938.0,-0.0313,-0.6888,-0.011853,-0.011853,1.0,1.0,-19.885826,-906.140015,0.906998
13940.0,-0.034,-0.6888,-0.012004,-0.012004,1.0,1.0,-19.880154,-906.138184,0.91547
13942.0,-0.0439,-0.5667,-0.012024,-0.012024,1.0,1.0,-19.874504,-906.136292,0.929015
13944.0,-0.0513,0.1657,-0.010738,-0.010738,1.0,1.0,-19.868891,-906.134399,0.944726
13946.0,-0.052,0.593,-0.010004,-0.010004,1.0,1.0,-19.863319,-906.132446,0.961226
13948.0,-0.0453,0.7761,-0.009662,-0.009662,1.0,1.0,-19.857792,-906.130493,0.957243
13950.0,-0.0387,0.7761,-0.00949,-0.00949,1.0,1.0,-19.852257,-906.128662,0.930174
13952.0,-0.0311,0.4709,-0.009706,-0.009706,1.0,1.0,-19.846657,-906.126831,0.922163
13954.0,-0.0309,0.0437,-0.010534,-0.010534,1.0,1.0,-19.841038,-906.125,0.928048
13956.0,-0.0365,-0.0174,-0.010837,-0.010837,1.0,1.0,-19.835436,-906.123047,0.946743
13958.0,-0.0409,0.4709,-0.010076,-0.010076,1.0,1.0,-19.829884,-906.121094,0.959329
13960.0,-0.0454,0.4709,-0.010298,-0.010298,1.0,1.0,-19.824366,-906.119202,0.966552
13962.0,-0.0413,0.7761,-0.009643,-0.009643,1.0,1.0,-19.818867,-906.117249,0.965307
13964.0,-0.0326,0.593,-0.009856,-0.009856,1.0,1.0,-19.813368,-906.115356,0.949885
13966.0,-0.0258,0.2268,-0.010344,-0.010344,1.0,1.0,-19.807833,-906.113464,0.94762
13968.0,-0.0284,-0.5057,-0.011946,-0.011946,1.0,1.0,-19.802294,-906.111572,0.951775
13970.0,-0.0311,-0.5057,-0.012042,-0.012042,1.0,1.0,-19.796766,-906.109619,0.964246
13972.0,-0.039,-0.4446,-0.012198,-0.012198,1.0,1.0,-19.791273,-906.107666,0.980656
13974.0,-0.0447,0.2268,-0.011042,-0.011042,1.0,1.0,-19.785824,-906.105652,0.989851
13976.0,-0.0409,0.715,-0.01002,-0.01002,1.0,1.0,-19.780399,-906.103638,0.992156
13978.0,-0.0326,0.715,-0.009885,-0.009885,1.0,1.0,-19.774982,-906.101685,0.981713
13980.0,-0.0242,0.715,-0.009611,-0.009611,1.0,1.0,-19.769543,-906.099731,0.981126
13982.0,-0.0195,0.1047,-0.010826,-0.010826,1.0,1.0,-19.764103,-906.097778,0.990704
13984.0,-0.0239,-0.0784,-0.011409,-0.011409,1.0,1.0,-19.75869,-906.095703,1.001624
13986.0,-0.0315,0.1047,-0.01128,-0.01128,1.0,1.0,-19.753305,-906.093628,1.016858
13988.0,-0.0391,0.1047,-0.011592,-0.011592,1.0,1.0,-19.747961,-906.091553,1.033468
13990.0,-0.0423,0.4099,-0.011178,-0.011178,1.0,1.0,-19.742661,-906.089478,1.039022
13992.0,-0.0373,0.7761,-0.010355,-0.010355,1.0,1.0,-19.737377,-906.087402,1.034019
13994.0,-0.028,0.9592,-0.009728,-0.009728,1.0,1.0,-19.732082,-906.085327,1.030635
13996.0,-0.0253,0.1657,-0.011344,-0.011344,1.0,1.0,-19.726782,-906.083252,1.035455
13998.0,-0.0225,0.1657,-0.011344,-0.011344,1.0,1.0,-19.721497,-906.081177,1.04083
14000.0,-0.0255,-0.0174,-0.011854,-0.011854,1.0,1.0,-19.716227,-906.079041,1.051187
14002.0,-0.0271,0.4099,-0.011079,-0.011079,1.0,1.0,-19.710983,-906.076965,1.049979
14004.0,-0.0234,0.5319,-0.010731,-0.010731,1.0,1.0,-19.70574,-906.07489,1.036292
14006.0,-0.0155,0.2268,-0.011088,-0.011088,1.0,1.0,-19.700464,-906.072876,1.026138
14008.0,-0.0077,0.2268,-0.010828,-0.010828,1.0,1.0,-19.695166,-906.070862,1.016169
14010.0,-0.004,-0.3226,-0.011829,-0.011829,1.0,1.0,-19.689844,-906.068726,1.022123
14012.0,-0.0082,-0.6888,-0.012761,-0.012761,1.0,1.0,-19.68454,-906.06665,1.031933
14014.0,-0.0144,-0.2005,-0.011937,-0.011937,1.0,1.0,-19.679262,-906.064575,1.040981
14016.0,-0.0146,-0.0784,-0.011777,-0.011777,1.0,1.0,-19.674009,-906.0625,1.053072
14018.0,-0.0148,-0.0784,-0.011913,-0.011913,1.0,1.0,-19.668789,-906.060364,1.045081
14020.0,-0.0088,-0.1394,-0.011842,-0.011842,1.0,1.0,-19.663549,-906.058289,1.035956
14022.0,-0.0043,-0.3836,-0.012181,-0.012181,1.0,1.0,-19.658289,-906.056152,1.046792
14024.0,-0.0097,-0.7498,-0.013191,-0.013191,1.0,1.0,-19.653059,-906.054016,1.061402
14026.0,-0.0208,-0.5667,-0.013169,-0.013169,1.0,1.0,-19.647867,-906.05188,1.070789
14028.0,-0.0318,-0.5667,-0.013483,-0.013483,1.0,1.0,-19.642702,-906.049683,1.089998
14030.0,-0.0378,0.2878,-0.011968,-0.011968,1.0,1.0,-19.637587,-906.047485,1.089035
14032.0,-0.0341,0.715,-0.010968,-0.010968,1.0,1.0,-19.632471,-906.045288,1.092871
14034.0,-0.0268,0.654,-0.011001,-0.011001,1.0,1.0,-19.627367,-906.043152,1.086929
14036.0,-0.0257,0.3488,-0.011572,-0.011572,1.0,1.0,-19.62225,-906.040894,1.098491
14038.0,-0.0247,0.3488,-0.011678,-0.011678,1.0,1.0,-19.617163,-906.038696,1.10866
14040.0,-0.0297,0.2268,-0.012148,-0.012148,1.0,1.0,-19.612104,-906.036377,1.118091
14042.0,-0.0317,0.593,-0.011501,-0.011501,1.0,1.0,-19.607071,-906.03418,1.124482
14044.0,-0.026,1.0202,-0.010542,-0.010542,1.0,1.0,-19.602057,-906.031921,1.12134
14046.0,-0.0192,0.593,-0.011297,-0.011297,1.0,1.0,-19.597036,-906.029724,1.116879
14048.0,-0.0125,0.593,-0.01112,-0.01112,1.0,1.0,-19.592007,-906.027466,1.117707
14050.0,-0.014,0.1657,-0.012076,-0.012076,1.0,1.0,-19.586981,-906.025146,1.130073
14052.0,-0.0192,-0.0174,-0.012705,-0.012705,1.0,1.0,-19.581987,-906.022888,1.141099
14054.0,-0.0203,0.593,-0.011533,-0.011533,1.0,1.0,-19.577024,-906.020081,1.146008
14056.0,-0.0135,0.9592,-0.010667,-0.010667,1.0,1.0,-19.572077,-906.018188,1.157394
14058.0,-0.007,0.9592,-0.010667,-0.010667,1.0,1.0,-19.56716,-906.015991,1.143103
14060.0,-0.0013,0.4709,-0.011453,-0.011453,1.0,1.0,-19.562208,-906.013672,1.155268
14062.0,-0.0039,0.0437,-0.012553,-0.012553,1.0,1.0,-19.557289,-906.011292,1.172351
14064.0,-0.0091,0.3488,-0.012182,-0.012182,1.0,1.0,-19.552414,-906.008484,1.179538
14066.0,-0.0143,0.3488,-0.012361,-0.012361,1.0,1.0,-19.54756,-906.00647,1.186426
14068.0,-0.0127,0.9592,-0.011092,-0.011092,1.0,1.0,-19.542725,-906.00415,1.190642
14070.0,-0.0057,0.8982,-0.011135,-0.011135,1.0,1.0,-19.537901,-906.001709,1.190658
14072.0,-0.0038,0.5319,-0.011886,-0.011886,1.0,1.0,-19.533081,-905.99939,1.189489
14074.0,-0.0078,0.2268,-0.012607,-0.012607,1.0,1.0,-19.528259,-905.996521,1.19359
14076.0,-0.0118,0.2268,-0.012728,-0.012728,1.0,1.0,-19.523449,-905.994568,1.207882
14078.0,-0.012,0.654,-0.011969,-0.011969,1.0,1.0,-19.518677,-905.992065,1.223773
14080.0,-0.0035,0.8982,-0.011454,-0.011454,1.0,1.0,-19.513947,-905.989624,1.215007
14082.0,0.0043,0.2268,-0.012653,-0.012653,1.0,1.0,-19.509197,-905.987183,1.212162
14084.0,0.0009,-0.4446,-0.014131,-0.014131,1.0,1.0,-19.504442,-905.984375,1.225883
14086.0,-0.0025,-0.4446,-0.014345,-0.014345,1.0,1.0,-19.499723,-905.9823,1.23862
14088.0,-0.0088,-0.2615,-0.014211,-0.014211,1.0,1.0,-19.495039,-905.979797,1.244684
14090.0,-0.0088,0.4099,-0.012833,-0.012833,1.0,1.0,-19.490372,-905.977234,1.248777
14092.0,-0.0031,0.2878,-0.013031,-0.013031,1.0,1.0,-19.485716,-905.974731,1.252323
14094.0,-0.0038,-0.1394,-0.014001,-0.014001,1.0,1.0,-19.481071,-905.971802,1.262612
14096.0,-0.0044,-0.1394,-0.014126,-0.014126,1.0,1.0,-19.476454,-905.969604,1.280768
14098.0,-0.0086,-0.0784,-0.014271,-0.014271,1.0,1.0,-19.471884,-905.967041,1.292827
14100.0,-0.0095,0.3488,-0.013502,-0.013502,1.0,1.0,-19.467346,-905.964417,1.303087
14102.0,-0.004,0.4709,-0.013245,-0.013245,1.0,1.0,-19.462835,-905.961792,1.301801
14104.0,-0.0021,0.2878,-0.013587,-0.013587,1.0,1.0,-19.458324,-905.95874,1.313282
14106.0,-0.0001,0.2878,-0.013675,-0.013675,1.0,1.0,-19.453844,-905.956421,1.325962
14108.0,-0.0053,-0.0174,-0.014569,-0.014569,1.0,1.0,-19.449396,-905.953735,1.343257
14110.0,-0.0068,0.3488,-0.013998,-0.013998,1.0,1.0,-19.444994,-905.95105,1.345881
14112.0,-0.0011,0.5319,-0.013523,-0.013523,1.0,1.0,-19.440599,-905.948364,1.349542
14114.0,0.0004,0.1047,-0.014454,-0.014454,1.0,1.0,-19.436216,-905.945251,1.355642
14116.0,0.0018,0.1047,-0.014492,-0.014492,1.0,1.0,-19.43185,-905.942871,1.379332
14118.0,-0.0042,0.0437,-0.014997,-0.014997,1.0,1.0,-19.427546,-905.940002,1.401398
14120.0,-0.0068,0.593,-0.014105,-0.014105,1.0,1.0,-19.423298,-905.937134,1.415098
14122.0,-0.0021,0.715,-0.013902,-0.013902,1.0,1.0,-19.419086,-905.934265,1.429549
14124.0,0.0026,0.715,-0.01397,-0.01397,1.0,1.0,-19.414913,-905.93103,1.443588
14126.0,0.004,0.593,-0.014357,-0.014357,1.0,1.0,-19.410776,-905.928467,1.459511
14128.0,-0.0008,0.5319,-0.014754,-0.014754,1.0,1.0,-19.406681,-905.925476,1.478435
14130.0,-0.0008,1.1423,-0.013648,-0.013648,1.0,1.0,-19.402636,-905.922424,1.486939
14132.0,0.0051,1.2644,-0.013366,-0.013366,1.0,1.0,-19.398613,-905.919434,1.492992
14134.0,0.0109,1.2644,-0.013319,-0.013319,1.0,1.0,-19.394608,-905.916138,1.507079
14136.0,0.0119,0.8371,-0.014373,-0.014373,1.0,1.0,-19.390638,-905.91333,1.526791
14138.0,0.0105,0.9592,-0.014351,-0.014351,1.0,1.0,-19.386721,-905.910278,1.541951
14140.0,0.017,1.3254,-0.013605,-0.013605,1.0,1.0,-19.382843,-905.907166,1.538041
14142.0,0.025,1.0813,-0.013933,-0.013933,1.0,1.0,-19.378958,-905.904053,1.547864
14144.0,0.033,1.0813,-0.013886,-0.013886,1.0,1.0,-19.375097,-905.900635,1.559262
14146.0,0.0316,0.3488,-0.015611,-0.015611,1.0,1.0,-19.371267,-905.897766,1.565882
14148.0,0.0308,0.8982,-0.014517,-0.014517,1.0,1.0,-19.367456,-905.894592,1.573864
14150.0,0.0372,0.9592,-0.014351,-0.014351,1.0,1.0,-19.363667,-905.891418,1.575028
14152.0,0.0387,0.654,-0.014992,-0.014992,1.0,1.0,-19.35988,-905.888245,1.588315
14154.0,0.0401,0.654,-0.015109,-0.015109,1.0,1.0,-19.356131,-905.884766,1.613013
14156.0,0.0359,0.4709,-0.015852,-0.015852,1.0,1.0,-19.352444,-905.881714,1.610055
14158.0,0.0387,1.2033,-0.014191,-0.014191,1.0,1.0,-19.348751,-905.87854,1.608638
14160.0,0.044,1.0813,-0.014336,-0.014336,1.0,1.0,-19.345057,-905.875122,1.665886
14162.0,0.0424,0.593,-0.01604,-0.01604,1.0,1.0,-19.341507,-905.871765,1.670588
14164.0,0.0407,0.593,-0.016123,-0.016123,1.0,1.0,-19.337971,-905.868225,1.671322
14166.0,0.0396,0.8982,-0.015496,-0.015496,1.0,1.0,-19.334438,-905.865051,1.678444
14168.0,0.046,1.0813,-0.015058,-0.015058,1.0,1.0,-19.330925,-905.861694,1.673118
14170.0,0.0456,0.654,-0.015926,-0.015926,1.0,1.0,-19.327398,-905.858276,1.688421
14172.0,0.0422,0.7761,-0.015896,-0.015896,1.0,1.0,-19.323912,-905.854858,1.711136
14174.0,0.0387,0.7761,-0.016209,-0.016209,1.0,1.0,-19.320484,-905.851196,1.721232
14176.0,0.0423,1.2033,-0.015332,-0.015332,1.0,1.0,-19.317083,-905.8479,1.735479
14178.0,0.0435,1.2033,-0.015464,-0.015464,1.0,1.0,-19.313719,-905.844421,1.750693
14180.0,0.0427,1.2033,-0.015645,-0.015645,1.0,1.0,-19.310394,-905.84082,1.755475
14182.0,0.0481,1.8747,-0.014149,-0.014149,1.0,1.0,-19.307083,-905.837341,1.751027
14184.0,0.0536,1.8747,-0.013996,-0.013996,1.0,1.0,-19.303762,-905.833679,1.761625
14186.0,0.0582,1.5085,-0.01481,-0.01481,1.0,1.0,-19.30047,-905.830261,1.76511
14188.0,0.0576,1.4475,-0.01499,-0.01499,1.0,1.0,-19.297188,-905.82666,1.785095
14190.0,0.0626,1.5695,-0.01485,-0.01485,1.0,1.0,-19.293957,-905.823059,1.793971
14192.0,0.0675,1.5695,-0.014852,-0.014852,1.0,1.0,-19.290749,-905.819397,1.803063
14194.0,0.0732,1.5085,-0.014972,-0.014972,1.0,1.0,-19.287565,-905.815735,1.805998
14196.0,0.0719,1.0813,-0.015949,-0.015949,1.0,1.0,-19.284389,-905.812134,1.805659
14198.0,0.0747,1.6306,-0.014709,-0.014709,1.0,1.0,-19.281216,-905.808594,1.802447
14200.0,0.0804,1.5695,-0.014696,-0.014696,1.0,1.0,-19.278034,-905.804932,1.802835
14202.0,0.0861,1.5695,-0.014592,-0.014592,1.0,1.0,-19.274855,-905.80127,1.822742
14204.0,0.0872,1.5085,-0.014918,-0.014918,1.0,1.0,-19.271727,-905.797546,1.830137
14206.0,0.0925,1.7526,-0.014373,-0.014373,1.0,1.0,-19.26862,-905.793884,1.835638
14208.0,0.0976,1.3864,-0.015121,-0.015121,1.0,1.0,-19.265528,-905.790161,1.845494
14210.0,0.0983,1.2033,-0.015609,-0.015609,1.0,1.0,-19.262461,-905.786499,1.846616
14212.0,0.099,1.2033,-0.015609,-0.015609,1.0,1.0,-19.259398,-905.782837,1.839413
14214.0,0.1034,1.5085,-0.014788,-0.014788,1.0,1.0,-19.256317,-905.779114,1.841584
14216.0,0.1049,1.2644,-0.015308,-0.015308,1.0,1.0,-19.253244,-905.775391,1.850215
14218.0,0.1031,1.2033,-0.015568,-0.015568,1.0,1.0,-19.250195,-905.771545,1.881488
14220.0,0.1079,1.9357,-0.014242,-0.014242,1.0,1.0,-19.247225,-905.767761,1.891638
14222.0,0.1126,1.9357,-0.014262,-0.014262,1.0,1.0,-19.244282,-905.763916,1.909929
14224.0,0.1149,1.6916,-0.014941,-0.014941,1.0,1.0,-19.241385,-905.760071,1.914647
14226.0,0.1172,1.9357,-0.014423,-0.014423,1.0,1.0,-19.238501,-905.756226,1.922495
14228.0,0.1247,2.2409,-0.01371,-0.01371,1.0,1.0,-19.235638,-905.752319,1.928012
14230.0,0.1277,1.6916,-0.014893,-0.014893,1.0,1.0,-19.23279,-905.748413,1.940235
14232.0,0.1307,1.6916,-0.014969,-0.014969,1.0,1.0,-19.229975,-905.744507,1.953947
14234.0,0.1364,1.9968,-0.014351,-0.014351,1.0,1.0,-19.227194,-905.74054,1.974789
14236.0,0.1418,1.7526,-0.015,-0.015,1.0,1.0,-19.224466,-905.736572,1.98371
14238.0,0.1425,1.6306,-0.015345,-0.015345,1.0,1.0,-19.221764,-905.732544,1.987481
14240.0,0.1469,1.9357,-0.014646,-0.014646,1.0,1.0,-19.21907,-905.728516,1.983114
14242.0,0.1513,1.9357,-0.014515,-0.014515,1.0,1.0,-19.216368,-905.724487,2.004021
14244.0,0.1541,1.7526,-0.015082,-0.015082,1.0,1.0,-19.213718,-905.720459,2.024144
14246.0,0.158,1.8747,-0.014964,-0.014964,1.0,1.0,-19.211121,-905.716309,2.048144
14248.0,0.1639,1.8137,-0.015243,-0.015243,1.0,1.0,-19.208584,-905.712097,2.082025
14250.0,0.1698,1.8137,-0.015498,-0.015498,1.0,1.0,-19.206135,-905.707947,2.084755
14252.0,0.1732,1.3864,-0.016382,-0.016382,1.0,1.0,-19.203693,-905.703674,2.094118
14254.0,0.1778,1.6306,-0.015869,-0.015869,1.0,1.0,-19.201277,-905.699463,2.110666
14256.0,0.1806,1.4475,-0.01639,-0.01639,1.0,1.0,-19.198902,-905.69519,2.13349
14258.0,0.1827,1.8137,-0.01581,-0.01581,1.0,1.0,-19.196585,-905.690796,2.163514
14260.0,0.1848,1.8137,-0.016096,-0.016096,1.0,1.0,-19.194344,-905.686401,2.195655
14262.0,0.1871,1.8137,-0.016403,-0.016403,1.0,1.0,-19.192184,-905.681885,2.225087
14264.0,0.1884,1.5695,-0.017222,-0.017222,1.0,1.0,-19.1901,-905.677368,2.231751
14266.0,0.193,2.1189,-0.016026,-0.016026,1.0,1.0,-19.188034,-905.672852,2.244806
14268.0,0.1955,1.6306,-0.01717,-0.01717,1.0,1.0,-19.186001,-905.668274,2.274136
14270.0,0.198,1.6306,-0.017442,-0.017442,1.0,1.0,-19.184042,-905.663635,2.302241
14272.0,0.2035,1.9357,-0.016986,-0.016986,1.0,1.0,-19.182156,-905.658936,2.340692
14274.0,0.2083,1.8137,-0.017574,-0.017574,1.0,1.0,-19.180367,-905.654175,2.35833
14276.0,0.212,1.7526,-0.017827,-0.017827,1.0,1.0,-19.178621,-905.649353,2.366402
14278.0,0.2142,1.9968,-0.017347,-0.017347,1.0,1.0,-19.176897,-905.644592,2.386216
14280.0,0.2164,1.9968,-0.01752,-0.01752,1.0,1.0,-19.175224,-905.639709,2.410539
14282.0,0.2178,1.8747,-0.018021,-0.018021,1.0,1.0,-19.173613,-905.634827,2.442412
14284.0,0.2219,2.302,-0.01737,-0.01737,1.0,1.0,-19.172083,-905.629761,2.50348
14286.0,0.2243,1.9968,-0.018645,-0.018645,1.0,1.0,-19.170706,-905.624756,2.49389
14288.0,0.231,2.424,-0.017494,-0.017494,1.0,1.0,-19.169306,-905.619751,2.487463
14290.0,0.2376,2.424,-0.017296,-0.017296,1.0,1.0,-19.167891,-905.614685,2.513601
14292.0,0.2418,2.2409,-0.017895,-0.017895,1.0,1.0,-19.166542,-905.609558,2.535014
14294.0,0.2456,2.302,-0.017923,-0.017923,1.0,1.0,-19.165247,-905.604431,2.565012
14296.0,0.2493,2.363,-0.018047,-0.018047,1.0,1.0,-19.164028,-905.599243,2.58918
14298.0,0.251,2.424,-0.018147,-0.018147,1.0,1.0,-19.16287,-905.593994,2.598134
14300.0,0.2526,2.424,-0.018214,-0.018214,1.0,1.0,-19.161736,-905.588684,2.616449
14302.0,0.2563,2.7292,-0.017685,-0.017685,1.0,1.0,-19.160646,-905.583374,2.627847
14304.0,0.2601,2.6682,-0.017868,-0.017868,1.0,1.0,-19.159588,-905.578125,2.638397
14306.0,0.2685,3.0954,-0.016903,-0.016903,1.0,1.0,-19.158556,-905.572815,2.651803
14308.0,0.2722,2.6682,-0.017897,-0.017897,1.0,1.0,-19.157558,-905.567444,2.664474
14310.0,0.2758,2.6682,-0.017964,-0.017964,1.0,1.0,-19.156591,-905.562134,2.65868
14312.0,0.2838,3.2175,-0.016566,-0.016566,1.0,1.0,-19.155611,-905.556763,2.666973
14314.0,0.2868,2.7292,-0.017649,-0.017649,1.0,1.0,-19.154652,-905.551331,2.683257
14316.0,0.2941,3.0344,-0.01703,-0.01703,1.0,1.0,-19.153734,-905.545898,2.693792
14318.0,0.3014,3.0344,-0.017006,-0.017006,1.0,1.0,-19.152843,-905.540527,2.699424
14320.0,0.3044,2.8513,-0.017402,-0.017402,1.0,1.0,-19.151968,-905.535095,2.706533
14322.0,0.3133,3.3396,-0.016259,-0.016259,1.0,1.0,-19.15111,-905.529663,2.713585
14324.0,0.3194,3.2175,-0.016481,-0.016481,1.0,1.0,-19.15027,-905.52417,2.713895
14326.0,0.3279,3.2175,-0.016322,-0.016322,1.0,1.0,-19.149431,-905.518677,2.732383
14328.0,0.3363,3.2175,-0.016362,-0.016362,1.0,1.0,-19.14864,-905.513184,2.739614
14330.0,0.3404,3.2785,-0.01623,-0.01623,1.0,1.0,-19.147865,-905.50769,2.735484
14332.0,0.3476,3.2785,-0.016048,-0.016048,1.0,1.0,-19.147081,-905.502197,2.764867
14334.0,0.3519,3.3396,-0.016153,-0.016153,1.0,1.0,-19.146372,-905.496582,2.785701
14336.0,0.3608,3.5837,-0.015683,-0.015683,1.0,1.0,-19.145716,-905.490967,2.800017
14338.0,0.3697,3.5837,-0.015668,-0.015668,1.0,1.0,-19.145096,-905.485229,2.806321
14340.0,0.3749,3.5227,-0.015768,-0.015768,1.0,1.0,-19.144491,-905.479614,2.815503
14342.0,0.3829,3.2175,-0.016372,-0.016372,1.0,1.0,-19.143909,-905.473938,2.833171
14344.0,0.3883,3.4006,-0.016066,-0.016066,1.0,1.0,-19.143373,-905.46814,2.854503
14346.0,0.3969,3.3396,-0.016265,-0.016265,1.0,1.0,-19.142891,-905.462402,2.864139
14348.0,0.4055,3.3396,-0.016205,-0.016205,1.0,1.0,-19.142433,-905.456665,2.888355
14350.0,0.4109,3.4616,-0.016101,-0.016101,1.0,1.0,-19.142036,-905.450684,2.909434
14352.0,0.4203,3.4006,-0.016282,-0.016282,1.0,1.0,-19.141691,-905.444824,2.936348
14354.0,0.426,3.4006,-0.016466,-0.016466,1.0,1.0,-19.141415,-905.438843,2.950592
14356.0,0.4345,3.2785,-0.016719,-0.016719,1.0,1.0,-19.141174,-905.432922,2.973535
14358.0,0.443,3.2785,-0.016805,-0.016805,1.0,1.0,-19.140991,-905.42688,2.998001
14360.0,0.4453,3.1565,-0.017292,-0.017292,1.0,1.0,-19.140869,-905.420776,3.030681
14362.0,0.4542,3.4006,-0.01695,-0.01695,1.0,1.0,-19.140829,-905.414673,3.059669
14364.0,0.4592,3.4616,-0.017039,-0.017039,1.0,1.0,-19.140863,-905.408386,3.074731
14366.0,0.4697,3.5227,-0.016869,-0.016869,1.0,1.0,-19.140934,-905.402222,3.074555
14368.0,0.4803,3.5227,-0.016666,-0.016666,1.0,1.0,-19.141005,-905.395996,3.094302
14370.0,0.4852,2.8513,-0.018229,-0.018229,1.0,1.0,-19.141125,-905.389771,3.113613
14372.0,0.4932,3.4006,-0.017105,-0.017105,1.0,1.0,-19.141294,-905.383484,3.128423
14374.0,0.496,2.9123,-0.018263,-0.018263,1.0,1.0,-19.1415,-905.377319,3.112679
14376.0,0.5021,3.4616,-0.016793,-0.016793,1.0,1.0,-19.141666,-905.37085,3.149342
14378.0,0.5082,3.4616,-0.017075,-0.017075,1.0,1.0,-19.141924,-905.364502,3.158153
14380.0,0.5152,3.1565,-0.017693,-0.017693,1.0,1.0,-19.142204,-905.358154,3.17076
14382.0,0.5231,3.6447,-0.016628,-0.016628,1.0,1.0,-19.142517,-905.351807,3.173915
14384.0,0.5314,3.0954,-0.017684,-0.017684,1.0,1.0,-19.142838,-905.34552,3.148057
14386.0,0.5397,3.0954,-0.017244,-0.017244,1.0,1.0,-19.143093,-905.339294,3.136058
14388.0,0.5446,3.2785,-0.016625,-0.016625,1.0,1.0,-19.143318,-905.332886,3.14411
14390.0,0.5521,3.0344,-0.017094,-0.017094,1.0,1.0,-19.143562,-905.326599,3.147034
14392.0,0.556,3.4006,-0.016263,-0.016263,1.0,1.0,-19.143814,-905.320374,3.12369
14394.0,0.5642,3.5227,-0.015589,-0.015589,1.0,1.0,-19.144007,-905.314209,3.103383
14396.0,0.5724,3.5227,-0.01521,-0.01521,1.0,1.0,-19.144148,-905.308044,3.082941
14398.0,0.5789,3.2785,-0.015389,-0.015389,1.0,1.0,-19.144238,-905.301697,3.097379
14400.0,0.5856,3.2175,-0.015547,-0.015547,1.0,1.0,-19.144363,-905.295532,3.082272
14402.0,0.594,3.0954,-0.015485,-0.015485,1.0,1.0,-19.144453,-905.28949,3.053012
14404.0,0.5998,3.1565,-0.014924,-0.014924,1.0,1.0,-19.144468,-905.283447,3.026261
14406.0,0.6055,3.1565,-0.014523,-0.014523,1.0,1.0,-19.144417,-905.277405,3.032138
14408.0,0.6153,2.7902,-0.015187,-0.015187,1.0,1.0,-19.144381,-905.271301,3.030587
14410.0,0.6195,2.9733,-0.014695,-0.014695,1.0,1.0,-19.144339,-905.26532,3.008655
14412.0,0.6268,2.7292,-0.014842,-0.014842,1.0,1.0,-19.144243,-905.259277,2.993932
14414.0,0.6308,2.6682,-0.014736,-0.014736,1.0,1.0,-19.14411,-905.253235,3.00473
14416.0,0.6348,2.6682,-0.014776,-0.014776,1.0,1.0,-19.144003,-905.247131,3.029418
14418.0,0.6404,2.9733,-0.014281,-0.014281,1.0,1.0,-19.143959,-905.241089,3.022525
14420.0,0.6498,2.8513,-0.014289,-0.014289,1.0,1.0,-19.143898,-905.235107,3.00485
14422.0,0.655,2.6682,-0.01439,-0.01439,1.0,1.0,-19.143793,-905.229004,3.008646
14424.0,0.664,2.363,-0.014915,-0.014915,1.0,1.0,-19.143698,-905.2229,3.050075
14426.0,0.673,2.363,-0.015193,-0.015193,1.0,1.0,-19.143705,-905.216736,3.062774
14428.0,0.6748,2.302,-0.015428,-0.015428,1.0,1.0,-19.143745,-905.210632,3.064199
14430.0,0.6812,2.363,-0.015189,-0.015189,1.0,1.0,-19.143789,-905.204468,3.07401
14432.0,0.6861,2.2409,-0.015465,-0.015465,1.0,1.0,-19.143858,-905.198059,3.119065
14434.0,0.6896,2.4851,-0.015362,-0.015362,1.0,1.0,-19.144039,-905.191711,3.163841
14436.0,0.6932,2.4851,-0.01578,-0.01578,1.0,1.0,-19.144333,-905.185364,3.168811
14438.0,0.7013,2.0578,-0.016598,-0.016598,1.0,1.0,-19.14464,-905.178955,3.181499
14440.0,0.7024,2.1799,-0.016452,-0.016452,1.0,1.0,-19.144978,-905.172485,3.226814
14442.0,0.7081,2.302,-0.016573,-0.016573,1.0,1.0,-19.14543,-905.165894,3.278859
14444.0,0.7138,2.302,-0.017031,-0.017031,1.0,1.0,-19.146011,-905.159241,3.296349
14446.0,0.7173,2.302,-0.017154,-0.017154,1.0,1.0,-19.146637,-905.152466,3.319925
14448.0,0.7213,2.424,-0.017071,-0.017071,1.0,1.0,-19.147322,-905.145752,3.343304
14450.0,0.727,2.1189,-0.017872,-0.017872,1.0,1.0,-19.148066,-905.138916,3.397149
14452.0,0.7279,2.4851,-0.017654,-0.017654,1.0,1.0,-19.148945,-905.132019,3.436685
14454.0,0.7288,2.4851,-0.018066,-0.018066,1.0,1.0,-19.149921,-905.125122,3.43715
14456.0,0.7356,2.7292,-0.017416,-0.017416,1.0,1.0,-19.1509,-905.118286,3.440191
14458.0,0.7411,2.6682,-0.017475,-0.017475,1.0,1.0,-19.151886,-905.111084,3.4864
14460.0,0.7442,2.6682,-0.017918,-0.017918,1.0,1.0,-19.152987,-905.104065,3.503186
14462.0,0.7514,2.6071,-0.018095,-0.018095,1.0,1.0,-19.154129,-905.097046,3.509075
14464.0,0.7584,2.6071,-0.018023,-0.018023,1.0,1.0,-19.155287,-905.089966,3.521824
14466.0,0.76,2.6682,-0.018001,-0.018001,1.0,1.0,-19.156475,-905.082886,3.548391
14468.0,0.7648,2.9733,-0.017542,-0.017542,1.0,1.0,-19.15773,-905.075806,3.546941
14470.0,0.7725,2.9733,-0.017377,-0.017377,1.0,1.0,-19.158981,-905.068604,3.53507
14472.0,0.7755,2.9123,-0.017321,-0.017321,1.0,1.0,-19.160202,-905.061523,3.53625
14474.0,0.7785,2.9123,-0.017277,-0.017277,1.0,1.0,-19.161425,-905.054382,3.553786
14476.0,0.7851,2.9733,-0.017211,-0.017211,1.0,1.0,-19.162691,-905.047302,3.549398
14478.0,0.7907,3.0344,-0.016925,-0.016925,1.0,1.0,-19.163946,-905.040161,3.546594
14480.0,0.7923,3.3396,-0.016206,-0.016206,1.0,1.0,-19.165194,-905.033081,3.549426
14482.0,0.8018,3.3396,-0.016055,-0.016055,1.0,1.0,-19.166449,-905.025879,3.553327
14484.0,0.8112,3.3396,-0.015916,-0.015916,1.0,1.0,-19.167711,-905.018738,3.552188
14486.0,0.8187,3.2785,-0.015892,-0.015892,1.0,1.0,-19.168972,-905.011658,3.550246
14488.0,0.8226,3.5227,-0.015271,-0.015271,1.0,1.0,-19.170227,-905.004517,3.556715
14490.0,0.8325,3.5227,-0.015152,-0.015152,1.0,1.0,-19.171497,-904.997437,3.554602
14492.0,0.8393,3.3396,-0.015391,-0.015391,1.0,1.0,-19.172762,-904.990173,3.559111
14494.0,0.8462,3.3396,-0.015308,-0.015308,1.0,1.0,-19.174038,-904.983032,3.580545
14496.0,0.8507,3.5227,-0.015062,-0.015062,1.0,1.0,-19.175367,-904.975769,3.604524
14498.0,0.8613,3.3396,-0.015513,-0.015513,1.0,1.0,-19.176756,-904.968506,3.621598
14500.0,0.8687,3.4006,-0.015425,-0.015425,1.0,1.0,-19.178186,-904.961243,3.633813
14502.0,0.8733,3.4616,-0.015339,-0.015339,1.0,1.0,-19.179647,-904.953857,3.662205
14504.0,0.8778,3.4616,-0.015561,-0.015561,1.0,1.0,-19.181179,-904.946533,3.6783
14506.0,0.8879,3.0344,-0.016461,-0.016461,1.0,1.0,-19.182751,-904.938965,3.695146
14508.0,0.8947,2.9733,-0.016646,-0.016646,1.0,1.0,-19.184364,-904.931519,3.730964
14510.0,0.8959,3.0954,-0.01675,-0.01675,1.0,1.0,-19.186068,-904.92395,3.762331
14512.0,0.8971,3.0954,-0.017068,-0.017068,1.0,1.0,-19.187849,-904.916321,3.787812
14514.0,0.9054,3.2175,-0.016924,-0.016924,1.0,1.0,-19.189693,-904.90863,3.816909
14516.0,0.9137,3.0954,-0.017344,-0.017344,1.0,1.0,-19.19161,-904.900879,3.851961
14518.0,0.9159,3.3396,-0.017157,-0.017157,1.0,1.0,-19.193613,-904.893066,3.863796
14520.0,0.9238,3.5227,-0.016741,-0.016741,1.0,1.0,-19.195646,-904.885254,3.871942
14522.0,0.9316,3.5227,-0.016679,-0.016679,1.0,1.0,-19.197699,-904.877563,3.874806
14524.0,0.9401,3.2785,-0.017072,-0.017072,1.0,1.0,-19.199757,-904.869629,3.923357
14526.0,0.9424,3.4616,-0.017162,-0.017162,1.0,1.0,-19.201937,-904.861816,3.918611
14528.0,0.9483,3.8278,-0.01621,-0.01621,1.0,1.0,-19.204103,-904.853943,3.91582
14530.0,0.9592,3.6447,-0.016365,-0.016365,1.0,1.0,-19.206263,-904.845947,3.934776
14532.0,0.97,3.6447,-0.016363,-0.016363,1.0,1.0,-19.208467,-904.838135,3.918623
14534.0,0.9752,3.5837,-0.016219,-0.016219,1.0,1.0,-19.210632,-904.830322,3.900549
14536.0,0.978,3.7668,-0.015576,-0.015576,1.0,1.0,-19.212749,-904.822571,3.899577
14538.0,0.9879,3.7058,-0.015505,-0.015505,1.0,1.0,-19.214865,-904.814697,3.907784
14540.0,0.998,3.6447,-0.015533,-0.015533,1.0,1.0,-19.216999,-904.807007,3.877732
14542.0,1.008,3.6447,-0.015013,-0.015013,1.0,1.0,-19.219057,-904.799194,3.861841
14544.0,1.0118,4.0109,-0.013979,-0.013979,1.0,1.0,-19.221075,-904.791443,3.866991
14546.0,1.0188,3.8889,-0.014165,-0.014165,1.0,1.0,-19.223104,-904.783752,3.844885
14548.0,1.0326,3.8278,-0.01379,-0.01379,1.0,1.0,-19.225079,-904.776123,3.821692
14550.0,1.0392,3.5227,-0.014067,-0.014067,1.0,1.0,-19.226994,-904.768494,3.823292
14552.0,1.0458,3.5227,-0.013958,-0.013958,1.0,1.0,-19.22891,-904.760803,3.83465
14554.0,1.0474,3.7668,-0.013526,-0.013526,1.0,1.0,-19.230856,-904.753174,3.823219
14556.0,1.055,3.9499,-0.012861,-0.012861,1.0,1.0,-19.232771,-904.745422,3.827277
14558.0,1.0683,3.7668,-0.013044,-0.013044,1.0,1.0,-19.234695,-904.73761,3.866617
14560.0,1.0745,3.4616,-0.014011,-0.014011,1.0,1.0,-19.236719,-904.729919,3.864937
14562.0,1.0806,3.4616,-0.013875,-0.013875,1.0,1.0,-19.238737,-904.722168,3.86696
14564.0,1.0853,3.7668,-0.01315,-0.01315,1.0,1.0,-19.240759,-904.714294,3.919261
14566.0,1.0952,3.7058,-0.01366,-0.01366,1.0,1.0,-19.242912,-904.706238,3.94853
14568.0,1.1072,3.6447,-0.01388,-0.01388,1.0,1.0,-19.245138,-904.698242,3.96667
14570.0,1.1122,3.4006,-0.014506,-0.014506,1.0,1.0,-19.247408,-904.690247,4.005455
14572.0,1.1172,3.4006,-0.014832,-0.014832,1.0,1.0,-19.249775,-904.682007,4.073002
14574.0,1.1197,3.6447,-0.014994,-0.014994,1.0,1.0,-19.25231,-904.673828,4.093786
14576.0,1.1286,3.5837,-0.015181,-0.015181,1.0,1.0,-19.254896,-904.665527,4.132782
14578.0,1.1402,3.5227,-0.015513,-0.015513,1.0,1.0,-19.25758,-904.65686,4.210394
14580.0,1.1518,3.5227,-0.016135,-0.016135,1.0,1.0,-19.260458,-904.648376,4.23907
14582.0,1.1565,3.4006,-0.016621,-0.016621,1.0,1.0,-19.263407,-904.639832,4.267112
14584.0,1.1589,3.5837,-0.016485,-0.016485,1.0,1.0,-19.266424,-904.631104,4.344246
14586.0,1.1673,3.6447,-0.017033,-0.017033,1.0,1.0,-19.269634,-904.622314,4.353929
14588.0,1.1793,3.4006,-0.017433,-0.017433,1.0,1.0,-19.272867,-904.613586,4.36454
14590.0,1.1913,3.4006,-0.017318,-0.017318,1.0,1.0,-19.276127,-904.604614,4.401578
14592.0,1.196,3.2785,-0.017893,-0.017893,1.0,1.0,-19.279478,-904.595703,4.430918
14594.0,1.195,3.7058,-0.017312,-0.017312,1.0,1.0,-19.282902,-904.586792,4.438992
14596.0,1.1999,3.9499,-0.016781,-0.016781,1.0,1.0,-19.286345,-904.577942,4.449228
14598.0,1.2121,4.133,-0.016265,-0.016265,1.0,1.0,-19.28981,-904.56897,4.468226
14600.0,1.2243,4.133,-0.016238,-0.016238,1.0,1.0,-19.293324,-904.560059,4.449573
14602.0,1.2358,3.9499,-0.016207,-0.016207,1.0,1.0,-19.296787,-904.551025,4.447001
14604.0,1.2372,4.0109,-0.016021,-0.016021,1.0,1.0,-19.300243,-904.542114,4.454878
14606.0,1.2416,4.4382,-0.015103,-0.015103,1.0,1.0,-19.303719,-904.533264,4.439098
14608.0,1.2523,4.5603,-0.014465,-0.014465,1.0,1.0,-19.307152,-904.524414,4.440959
14610.0,1.2629,4.5603,-0.014282,-0.014282,1.0,1.0,-19.310589,-904.515503,4.435469
14612.0,1.2772,4.3161,-0.014473,-0.014473,1.0,1.0,-19.314011,-904.50647,4.439181
14614.0,1.2853,4.3772,-0.014225,-0.014225,1.0,1.0,-19.31744,-904.49762,4.446539
14616.0,1.2872,4.3161,-0.0144,-0.0144,1.0,1.0,-19.320887,-904.488586,4.481606
14618.0,1.2918,4.5603,-0.014168,-0.014168,1.0,1.0,-19.324421,-904.479614,4.48916
14620.0,1.2964,4.5603,-0.014162,-0.014162,1.0,1.0,-19.327972,-904.470581,4.509486
14622.0,1.309,4.8044,-0.013617,-0.013617,1.0,1.0,-19.331573,-904.461487,4.530271
14624.0,1.3243,4.8044,-0.013549,-0.013549,1.0,1.0,-19.335226,-904.452148,4.563995
14626.0,1.3337,4.4992,-0.014393,-0.014393,1.0,1.0,-19.338961,-904.442993,4.599655
14628.0,1.3367,4.6823,-0.014329,-0.014329,1.0,1.0,-19.342783,-904.433716,4.624341
14630.0,1.3398,4.6823,-0.014538,-0.014538,1.0,1.0,-19.346666,-904.424316,4.665359
14632.0,1.3453,4.9265,-0.014355,-0.014355,1.0,1.0,-19.350651,-904.414856,4.712218
14634.0,1.3554,4.8654,-0.014801,-0.014801,1.0,1.0,-19.354752,-904.405334,4.731143
14636.0,1.3708,4.8044,-0.014843,-0.014843,1.0,1.0,-19.358898,-904.395874,4.741762
14638.0,1.3861,4.8044,-0.014664,-0.014664,1.0,1.0,-19.36307,-904.386108,4.780224
14640.0,1.3982,4.7434,-0.014983,-0.014983,1.0,1.0,-19.367336,-904.376587,4.756114
14642.0,1.4039,4.8044,-0.01448,-0.01448,1.0,1.0,-19.371542,-904.367004,4.776572
14644.0,1.4085,4.9875,-0.014221,-0.014221,1.0,1.0,-19.375797,-904.357422,4.787601
14646.0,1.4181,4.9875,-0.014156,-0.014156,1.0,1.0,-19.380077,-904.3479,4.766144
14648.0,1.4277,4.9875,-0.013738,-0.013738,1.0,1.0,-19.384302,-904.338379,4.714708
14650.0,1.4416,4.9875,-0.012911,-0.012911,1.0,1.0,-19.388395,-904.328979,4.703539
14652.0,1.4543,4.9875,-0.012547,-0.012547,1.0,1.0,-19.39246,-904.319702,4.659917
14654.0,1.4646,4.9875,-0.011874,-0.011874,1.0,1.0,-19.396414,-904.310547,4.598116
14656.0,1.4706,5.0485,-0.010954,-0.010954,1.0,1.0,-19.400209,-904.301453,4.571155
14658.0,1.4767,5.0485,-0.010545,-0.010545,1.0,1.0,-19.403936,-904.292419,4.528822
14660.0,1.4856,5.1096,-0.009781,-0.009781,1.0,1.0,-19.407555,-904.283447,4.460768
14662.0,1.4992,4.9875,-0.009043,-0.009043,1.0,1.0,-19.411001,-904.274597,4.429589
14664.0,1.5148,4.8044,-0.008797,-0.008797,1.0,1.0,-19.414368,-904.265808,4.401063
14666.0,1.5284,4.5603,-0.008751,-0.008751,1.0,1.0,-19.417662,-904.257202,4.347251
14668.0,1.5419,4.5603,-0.007905,-0.007905,1.0,1.0,-19.420818,-904.248474,4.346826
14670.0,1.5508,4.4992,-0.007862,-0.007862,1.0,1.0,-19.423973,-904.239746,4.346926
14672.0,1.5568,4.194,-0.008403,-0.008403,1.0,1.0,-19.427128,-904.231201,4.309332
14674.0,1.5662,4.3161,-0.007553,-0.007553,1.0,1.0,-19.430187,-904.222351,4.33623
14676.0,1.5774,3.8889,-0.008549,-0.008549,1.0,1.0,-19.433311,-904.213623,4.351902
14678.0,1.5885,3.8889,-0.008505,-0.008505,1.0,1.0,-19.436474,-904.204956,4.349939
14680.0,1.6028,3.7058,-0.008604,-0.008604,1.0,1.0,-19.439631,-904.196106,4.398114
14682.0,1.6156,3.3396,-0.00967,-0.00967,1.0,1.0,-19.442907,-904.187195,4.438438
14684.0,1.6237,3.2785,-0.010084,-0.010084,1.0,1.0,-19.446283,-904.178101,4.44592
14686.0,1.6267,3.0344,-0.010634,-0.010634,1.0,1.0,-19.449677,-904.169067,4.49602
14688.0,1.6296,3.0344,-0.011122,-0.011122,1.0,1.0,-19.453196,-904.159912,4.548505
14690.0,1.6333,2.9123,-0.011886,-0.011886,1.0,1.0,-19.456844,-904.150757,4.566523
14692.0,1.6411,2.8513,-0.012064,-0.012064,1.0,1.0,-19.460537,-904.141541,4.608555
14694.0,1.6523,2.6682,-0.012699,-0.012699,1.0,1.0,-19.464334,-904.132141,4.670835
14696.0,1.6607,2.363,-0.013873,-0.013873,1.0,1.0,-19.468287,-904.122803,4.667691
14698.0,1.669,2.363,-0.013678,-0.013678,1.0,1.0,-19.472229,-904.11322,4.690814
14700.0,1.6735,2.4851,-0.01358,-0.01358,1.0,1.0,-19.476229,-904.10376,4.71882
14702.0,1.6732,2.302,-0.014285,-0.014285,1.0,1.0,-19.480297,-904.094299,4.711143
14704.0,1.6745,2.363,-0.014045,-0.014045,1.0,1.0,-19.484344,-904.084839,4.734377
14706.0,1.6759,2.363,-0.014272,-0.014272,1.0,1.0,-19.488447,-904.075378,4.731533
14708.0,1.6812,2.6682,-0.013484,-0.013484,1.0,1.0,-19.492542,-904.065979,4.710007
14710.0,1.6902,2.5461,-0.013338,-0.013338,1.0,1.0,-19.496582,-904.056396,4.700988
14712.0,1.6977,2.4851,-0.013226,-0.013226,1.0,1.0,-19.500597,-904.047058,4.688651
14714.0,1.702,2.363,-0.013273,-0.013273,1.0,1.0,-19.50458,-904.03772,4.668774
14716.0,1.7062,2.363,-0.012975,-0.012975,1.0,1.0,-19.508511,-904.028442,4.665637
14718.0,1.7073,2.5461,-0.012526,-0.012526,1.0,1.0,-19.512432,-904.019165,4.644786
14720.0,1.7101,2.6071,-0.012115,-0.012115,1.0,1.0,-19.516298,-904.009888,4.630072
14722.0,1.7163,2.6071,-0.011837,-0.011837,1.0,1.0,-19.520126,-904.000549,4.625016
14724.0,1.724,2.6071,-0.011633,-0.011633,1.0,1.0,-19.523941,-903.991333,4.604319
14726.0,1.7318,2.6071,-0.011258,-0.011258,1.0,1.0,-19.527702,-903.982117,4.622283
14728.0,1.7396,2.363,-0.01183,-0.01183,1.0,1.0,-19.531507,-903.972778,4.642734
14730.0,1.7466,2.302,-0.012048,-0.012048,1.0,1.0,-19.535362,-903.963501,4.655133
14732.0,1.7511,2.2409,-0.012229,-0.012229,1.0,1.0,-19.539246,-903.954102,4.685781
14734.0,1.7548,1.9968,-0.013016,-0.013016,1.0,1.0,-19.543205,-903.944702,4.695633
14736.0,1.7585,1.9968,-0.013052,-0.013052,1.0,1.0,-19.547188,-903.935181,4.728925
14738.0,1.7604,2.0578,-0.013246,-0.013246,1.0,1.0,-19.551252,-903.925415,4.767171
14740.0,1.7639,2.1189,-0.013464,-0.013464,1.0,1.0,-19.555412,-903.915833,4.797417
14742.0,1.77,2.2409,-0.013414,-0.013414,1.0,1.0,-19.559647,-903.906128,4.818675
14744.0,1.7762,1.8747,-0.014314,-0.014314,1.0,1.0,-19.563932,-903.896362,4.859287
14746.0,1.7823,1.8747,-0.014638,-0.014638,1.0,1.0,-19.568317,-903.886658,4.865266
14748.0,1.7877,1.6306,-0.015124,-0.015124,1.0,1.0,-19.572716,-903.876953,4.860726
14750.0,1.7909,1.5695,-0.015144,-0.015144,1.0,1.0,-19.577101,-903.866943,4.896323
14752.0,1.7928,1.8747,-0.01484,-0.01484,1.0,1.0,-19.581573,-903.857178,4.885137
14754.0,1.7946,2.0578,-0.01429,-0.01429,1.0,1.0,-19.586018,-903.847412,4.879534
14756.0,1.7964,2.0578,-0.014194,-0.014194,1.0,1.0,-19.590445,-903.837646,4.870645
14758.0,1.7986,1.9968,-0.014187,-0.014187,1.0,1.0,-19.594849,-903.828064,4.831361
14760.0,1.8019,2.1189,-0.013434,-0.013434,1.0,1.0,-19.599152,-903.81842,4.829449
14762.0,1.8055,2.302,-0.01295,-0.01295,1.0,1.0,-19.603449,-903.808777,4.808168
14764.0,1.8112,2.1189,-0.013003,-0.013003,1.0,1.0,-19.607691,-903.799194,4.757296
14766.0,1.8168,2.1189,-0.012341,-0.012341,1.0,1.0,-19.611803,-903.789673,4.760495
14768.0,1.8217,2.0578,-0.012413,-0.012413,1.0,1.0,-19.615921,-903.780273,4.706921
14770.0,1.8269,1.9357,-0.011992,-0.011992,1.0,1.0,-19.619904,-903.770996,4.678362
14772.0,1.8318,1.7526,-0.011981,-0.011981,1.0,1.0,-19.623812,-903.761597,4.689695
14774.0,1.8367,1.7526,-0.012011,-0.012011,1.0,1.0,-19.627747,-903.752258,4.669592
14776.0,1.8392,1.9357,-0.01135,-0.01135,1.0,1.0,-19.63163,-903.742798,4.669656
14778.0,1.8438,2.1799,-0.010738,-0.010738,1.0,1.0,-19.635511,-903.733337,4.704498
14780.0,1.8468,2.0578,-0.011322,-0.011322,1.0,1.0,-19.639479,-903.723938,4.698086
14782.0,1.8511,2.1189,-0.011038,-0.011038,1.0,1.0,-19.643429,-903.714417,4.735726
14784.0,1.8554,2.1189,-0.011365,-0.011365,1.0,1.0,-19.647472,-903.704834,4.784066
14786.0,1.8596,1.8137,-0.012468,-0.012468,1.0,1.0,-19.651636,-903.69519,4.802056
14788.0,1.8646,1.6916,-0.012829,-0.012829,1.0,1.0,-19.655842,-903.685364,4.880914
14790.0,1.8696,1.6916,-0.013592,-0.013592,1.0,1.0,-19.660244,-903.675293,4.925977
14792.0,1.8727,1.4475,-0.014547,-0.014547,1.0,1.0,-19.664759,-903.665283,4.968037
14794.0,1.8759,1.4475,-0.014944,-0.014944,1.0,1.0,-19.669376,-903.65509,5.062482
14796.0,1.8799,1.6306,-0.015502,-0.015502,1.0,1.0,-19.674231,-903.644897,5.093194
14798.0,1.8825,1.5695,-0.015917,-0.015917,1.0,1.0,-19.679159,-903.634583,5.134698
14800.0,1.8843,1.6916,-0.016071,-0.016071,1.0,1.0,-19.684191,-903.624023,5.218651
14802.0,1.8866,1.8137,-0.016678,-0.016678,1.0,1.0,-19.68943,-903.613464,5.211962
14804.0,1.8889,1.8137,-0.016561,-0.016561,1.0,1.0,-19.694651,-903.602905,5.259721
14806.0,1.891,1.9357,-0.016779,-0.016779,1.0,1.0,-19.699989,-903.592285,5.291313
14808.0,1.8913,1.9968,-0.016986,-0.016986,1.0,1.0,-19.705406,-903.581726,5.28358
14810.0,1.8931,2.2409,-0.016342,-0.016342,1.0,1.0,-19.7108,-903.571106,5.301002
14812.0,1.8957,2.5461,-0.015825,-0.015825,1.0,1.0,-19.716236,-903.558228,5.282943
14814.0,1.8985,2.5461,-0.015576,-0.015576,1.0,1.0,-19.721624,-903.549438,5.276834
14816.0,1.9014,2.7292,-0.015059,-0.015059,1.0,1.0,-19.726995,-903.539246,5.281388
14818.0,1.9048,2.7902,-0.014913,-0.014913,1.0,1.0,-19.732376,-903.528748,5.264411
14820.0,1.9098,2.6682,-0.014894,-0.014894,1.0,1.0,-19.737713,-903.51825,5.251533
14822.0,1.9152,2.9123,-0.014125,-0.014125,1.0,1.0,-19.743013,-903.505676,5.243515
14824.0,1.9207,2.9123,-0.013933,-0.013933,1.0,1.0,-19.748293,-903.496887,5.253089
14826.0,1.9257,3.0954,-0.013546,-0.013546,1.0,1.0,-19.753593,-903.48645,5.28868
14828.0,1.9304,3.2175,-0.013582,-0.013582,1.0,1.0,-19.758982,-903.47583,5.294272
14830.0,1.9367,3.1565,-0.013652,-0.013652,1.0,1.0,-19.764381,-903.46521,5.321979
14832.0,1.9436,3.4616,-0.013166,-0.013166,1.0,1.0,-19.76985,-903.452515,5.357011
14834.0,1.9505,3.4616,-0.013415,-0.013415,1.0,1.0,-19.775404,-903.44342,5.400877
14836.0,1.9569,3.4006,-0.0139,-0.0139,1.0,1.0,-19.781065,-903.432495,5.442007
14838.0,1.9623,3.5227,-0.013981,-0.013981,1.0,1.0,-19.786827,-903.421509,5.486302
14840.0,1.9684,3.5227,-0.014346,-0.014346,1.0,1.0,-19.792698,-903.410339,5.538236
14842.0,1.9745,3.5227,-0.014794,-0.014794,1.0,1.0,-19.798698,-903.397156,5.565578
14844.0,1.9818,3.9499,-0.014032,-0.014032,1.0,1.0,-19.804764,-903.387817,5.59021
14846.0,1.9886,3.7668,-0.014565,-0.014565,1.0,1.0,-19.810888,-903.376831,5.578195
14848.0,1.9944,3.7058,-0.014453,-0.014453,1.0,1.0,-19.81698,-903.365601,5.596717
14850.0,2.0005,4.0109,-0.013882,-0.013882,1.0,1.0,-19.823116,-903.354248,5.605172
14852.0,2.0066,4.0109,-0.013857,-0.013857,1.0,1.0,-19.829271,-903.34137,5.534205
14854.0,2.0157,4.5603,-0.011729,-0.011729,1.0,1.0,-19.835247,-903.332214,5.508043
14856.0,2.0227,4.3772,-0.011703,-0.011703,1.0,1.0,-19.841154,-903.32135,5.455379
14858.0,2.03,4.133,-0.011514,-0.011514,1.0,1.0,-19.846926,-903.310669,5.373948
14860.0,2.0358,4.133,-0.010517,-0.010517,1.0,1.0,-19.852491,-903.300049,5.33568
14862.0,2.0416,4.133,-0.00999,-0.00999,1.0,1.0,-19.857958,-903.288086,5.246585
14864.0,2.0495,4.194,-0.008736,-0.008736,1.0,1.0,-19.863199,-903.279175,5.183055
14866.0,2.0588,4.0109,-0.008261,-0.008261,1.0,1.0,-19.868279,-903.26886,5.152207
14868.0,2.0684,4.194,-0.007348,-0.007348,1.0,1.0,-19.873278,-903.258789,5.088724
14870.0,2.0772,4.194,-0.006487,-0.006487,1.0,1.0,-19.878117,-903.248657,5.067824
14872.0,2.0861,4.194,-0.006089,-0.006089,1.0,1.0,-19.8829,-903.237183,5.048806
14874.0,2.0966,4.072,-0.005944,-0.005944,1.0,1.0,-19.887634,-903.228394,5.015689
14876.0,2.1072,3.7668,-0.006035,-0.006035,1.0,1.0,-19.892282,-903.218262,5.054741
14878.0,2.1167,3.5837,-0.006671,-0.006671,1.0,1.0,-19.897028,-903.20813,5.055806
14880.0,2.1258,3.2175,-0.007296,-0.007296,1.0,1.0,-19.901773,-903.197937,5.087324
14882.0,2.1349,3.2175,-0.007465,-0.007465,1.0,1.0,-19.906597,-903.186157,5.155612
14884.0,2.1443,3.2175,-0.008026,-0.008026,1.0,1.0,-19.911591,-903.177002,5.169702
14886.0,2.1526,3.0344,-0.008416,-0.008416,1.0,1.0,-19.916616,-903.166504,5.236111
14888.0,2.1585,2.6682,-0.009811,-0.009811,1.0,1.0,-19.921808,-903.155884,5.280238
14890.0,2.1652,2.424,-0.010689,-0.010689,1.0,1.0,-19.927109,-903.145264,5.314829
14892.0,2.1719,2.424,-0.010937,-0.010937,1.0,1.0,-19.932493,-903.133179,5.386795
14894.0,2.1793,2.363,-0.011709,-0.011709,1.0,1.0,-19.938057,-903.123535,5.40904
14896.0,2.1853,2.1799,-0.012229,-0.012229,1.0,1.0,-19.943674,-903.112549,5.42525
14898.0,2.1906,2.0578,-0.012567,-0.012567,1.0,1.0,-19.949329,-903.101563,5.447189
14900.0,2.1958,2.0578,-0.012705,-0.012705,1.0,1.0,-19.955038,-903.090698,5.435439
14902.0,2.1998,1.9968,-0.012631,-0.012631,1.0,1.0,-19.960714,-903.078674,5.457349
14904.0,2.2029,1.9968,-0.012811,-0.012811,1.0,1.0,-19.966444,-903.06897,5.431185
14906.0,2.2061,2.0578,-0.012334,-0.012334,1.0,1.0,-19.972105,-903.058167,5.406148
14908.0,2.2101,2.2409,-0.011591,-0.011591,1.0,1.0,-19.977701,-903.047363,5.384361
14910.0,2.2141,2.2409,-0.011277,-0.011277,1.0,1.0,-19.98324,-903.036499,5.355167
14912.0,2.2195,2.2409,-0.010856,-0.010856,1.0,1.0,-19.988703,-903.024963,5.346806
14914.0,2.2243,1.9968,-0.011198,-0.011198,1.0,1.0,-19.994143,-903.015259,5.311926
14916.0,2.2284,1.9357,-0.01087,-0.01087,1.0,1.0,-19.999493,-903.0047,5.292325
14918.0,2.2336,2.0578,-0.010294,-0.010294,1.0,1.0,-20.004791,-902.994141,5.26566
14920.0,2.2388,2.0578,-0.009904,-0.009904,1.0,1.0,-20.010021,-902.983398,5.280122
14922.0,2.2438,2.1189,-0.009835,-0.009835,1.0,1.0,-20.015285,-902.972107,5.30018
14924.0,2.2483,2.1189,-0.009966,-0.009966,1.0,1.0,-20.020597,-902.962158,5.314374
14926.0,2.2533,1.8747,-0.010551,-0.010551,1.0,1.0,-20.025944,-902.951477,5.339236
14928.0,2.2587,1.7526,-0.010979,-0.010979,1.0,1.0,-20.031351,-902.940735,5.363263
14930.0,2.2641,1.7526,-0.011136,-0.011136,1.0,1.0,-20.036816,-902.929871,5.403855
14932.0,2.2679,1.6916,-0.011636,-0.011636,1.0,1.0,-20.042379,-902.918213,5.441971
14934.0,2.2717,1.6916,-0.011979,-0.011979,1.0,1.0,-20.048037,-902.907776,5.472608
14936.0,2.2762,1.4475,-0.012752,-0.012752,1.0,1.0,-20.05377,-902.896729,5.511148
14938.0,2.2806,1.3254,-0.013348,-0.013348,1.0,1.0,-20.059597,-902.885681,5.51911
14940.0,2.285,1.3254,-0.01335,-0.01335,1.0,1.0,-20.065441,-902.874634,5.518918
14942.0,2.2878,1.5085,-0.012902,-0.012902,1.0,1.0,-20.071283,-902.862976,5.543053
14944.0,2.2898,1.4475,-0.013256,-0.013256,1.0,1.0,-20.077183,-902.852356,5.515011
14946.0,2.2924,1.3254,-0.013163,-0.013163,1.0,1.0,-20.08301,-902.841309,5.516665
14948.0,2.2946,1.2033,-0.013403,-0.013403,1.0,1.0,-20.088839,-902.830444,5.471164
14950.0,2.2967,1.2033,-0.012867,-0.012867,1.0,1.0,-20.094551,-902.81958,5.446205
14952.0,2.2995,1.5085,-0.011886,-0.011886,1.0,1.0,-20.100199,-902.808411,5.413809
14954.0,2.3016,1.3864,-0.011754,-0.011754,1.0,1.0,-20.105762,-902.798096,5.353667
14956.0,2.3043,1.4475,-0.010918,-0.010918,1.0,1.0,-20.111174,-902.787415,5.341669
14958.0,2.3078,1.4475,-0.010719,-0.010719,1.0,1.0,-20.116552,-902.776733,5.274976
14960.0,2.3113,1.4475,-0.009926,-0.009926,1.0,1.0,-20.121761,-902.766235,5.2634
14962.0,2.3146,1.1423,-0.010394,-0.010394,1.0,1.0,-20.12694,-902.755615,5.247231
14964.0,2.3163,1.0202,-0.010448,-0.010448,1.0,1.0,-20.132074,-902.745361,5.228203
14966.0,2.3198,1.1423,-0.009911,-0.009911,1.0,1.0,-20.137159,-902.734741,5.268202
14968.0,2.3233,1.1423,-0.010279,-0.010279,1.0,1.0,-20.142344,-902.72406,5.261484
14970.0,2.3262,1.1423,-0.01015,-0.01015,1.0,1.0,-20.147509,-902.71344,5.3085
14972.0,2.3292,1.0202,-0.010866,-0.010866,1.0,1.0,-20.15279,-902.702698,5.346368
14974.0,2.3311,0.9592,-0.011373,-0.011373,1.0,1.0,-20.158163,-902.691895,5.388136
14976.0,2.3334,0.9592,-0.011783,-0.011783,1.0,1.0,-20.163639,-902.680847,5.475025
14978.0,2.3357,0.9592,-0.012686,-0.012686,1.0,1.0,-20.169333,-902.669739,5.520503
14980.0,2.3382,0.8982,-0.013264,-0.013264,1.0,1.0,-20.175137,-902.658447,5.601188
14982.0,2.339,0.654,-0.014651,-0.014651,1.0,1.0,-20.181141,-902.646851,5.670356
14984.0,2.3396,0.715,-0.01526,-0.01526,1.0,1.0,-20.187317,-902.635376,5.70954
14986.0,2.3393,0.715,-0.015694,-0.015694,1.0,1.0,-20.193588,-902.623657,5.80343
14988.0,2.3389,0.715,-0.016709,-0.016709,1.0,1.0,-20.200094,-902.612061,5.804907
14990.0,2.3391,0.8371,-0.016459,-0.016459,1.0,1.0,-20.2066,-902.600342,5.85513
14992.0,2.3388,0.8371,-0.017,-0.017,1.0,1.0,-20.21323,-902.588562,5.871171
14994.0,2.3378,1.2644,-0.016273,-0.016273,1.0,1.0,-20.219898,-902.57666,5.870661
14996.0,2.3382,1.5695,-0.015605,-0.015605,1.0,1.0,-20.226562,-902.56488,5.876951
14998.0,2.3386,1.5695,-0.015665,-0.015665,1.0,1.0,-20.23324,-902.553162,5.855239
15000.0,2.3398,1.8137,-0.014886,-0.014886,1.0,1.0,-20.239861,-902.541504,5.846906
15002.0,2.3415,1.8747,-0.014633,-0.014633,1.0,1.0,-20.246456,-902.529846,5.833079
15004.0,2.3431,2.0578,-0.014061,-0.014061,1.0,1.0,-20.253016,-902.51825,5.806365
15006.0,2.3459,2.302,-0.013196,-0.013196,1.0,1.0,-20.259504,-902.50647,5.796937
15008.0,2.3488,2.302,-0.01304,-0.01304,1.0,1.0,-20.265966,-902.494751,5.822757
15010.0,2.3502,2.424,-0.013027,-0.013027,1.0,1.0,-20.272491,-902.483032,5.8457
15012.0,2.3536,2.5461,-0.012946,-0.012946,1.0,1.0,-20.279072,-902.471313,5.867303
15014.0,2.3582,2.6682,-0.012828,-0.012828,1.0,1.0,-20.285704,-902.459534,5.890264
15016.0,2.3635,2.7292,-0.012842,-0.012842,1.0,1.0,-20.292391,-902.447632,5.926131
15018.0,2.3687,2.7292,-0.013126,-0.013126,1.0,1.0,-20.299166,-902.435608,5.986408
15020.0,2.373,2.6071,-0.013951,-0.013951,1.0,1.0,-20.306089,-902.423279,6.026671
15022.0,2.3763,2.8513,-0.013795,-0.013795,1.0,1.0,-20.31311,-902.411072,6.088299
15024.0,2.381,2.9733,-0.014101,-0.014101,1.0,1.0,-20.320284,-902.398804,6.111524
15026.0,2.3857,3.0344,-0.014129,-0.014129,1.0,1.0,-20.327513,-902.386475,6.161369
15028.0,2.3904,3.0344,-0.014572,-0.014572,1.0,1.0,-20.334864,-902.374146,6.152261
15030.0,2.3955,3.4006,-0.013594,-0.013594,1.0,1.0,-20.34219,-902.361694,6.150001
15032.0,2.402,3.5837,-0.013053,-0.013053,1.0,1.0,-20.349506,-902.349365,6.139149
15034.0,2.4087,3.4616,-0.01307,-0.01307,1.0,1.0,-20.356792,-902.33728,6.07105
15036.0,2.4154,3.4616,-0.012213,-0.012213,1.0,1.0,-20.363905,-902.325317,6.020737
15038.0,2.4227,3.7058,-0.011013,-0.011013,1.0,1.0,-20.370888,-902.313538,5.936666
15040.0,2.429,3.8889,-0.009596,-0.009596,1.0,1.0,-20.377657,-902.30188,5.862414
15042.0,2.4362,3.9499,-0.008528,-0.008528,1.0,1.0,-20.384237,-902.290344,5.799576
15044.0,2.4433,3.8889,-0.007846,-0.007846,1.0,1.0,-20.390657,-902.27887,5.692248
15046.0,2.4504,3.8889,-0.006548,-0.006548,1.0,1.0,-20.396805,-902.267578,5.65332
15048.0,2.4584,3.8278,-0.006103,-0.006103,1.0,1.0,-20.402851,-902.256531,5.57496
15050.0,2.467,3.8889,-0.004953,-0.004953,1.0,1.0,-20.408699,-902.245483,5.561503
15052.0,2.4758,3.7668,-0.0049,-0.0049,1.0,1.0,-20.414511,-902.234436,5.525191
15054.0,2.4857,3.4616,-0.00497,-0.00497,1.0,1.0,-20.420229,-902.22345,5.514842
15056.0,2.4957,3.4616,-0.004667,-0.004667,1.0,1.0,-20.425919,-902.212158,5.544306
15058.0,2.5045,3.4006,-0.00495,-0.00495,1.0,1.0,-20.431681,-902.20105,5.548988
15060.0,2.5132,3.0954,-0.005489,-0.005489,1.0,1.0,-20.437452,-902.189697,5.635543
15062.0,2.5222,2.7292,-0.007046,-0.007046,1.0,1.0,-20.443439,-902.178345,5.653973
15064.0,2.5303,2.6071,-0.007354,-0.007354,1.0,1.0,-20.449471,-902.16687,5.715535
15066.0,2.5383,2.6071,-0.00787,-0.00787,1.0,1.0,-20.455652,-902.155029,5.778504
15068.0,2.5437,2.302,-0.009103,-0.009103,1.0,1.0,-20.46199,-902.143372,5.816778
15070.0,2.5498,2.302,-0.009397,-0.009397,1.0,1.0,-20.468422,-902.13147,5.89708
15072.0,2.5565,2.1189,-0.010527,-0.010527,1.0,1.0,-20.475054,-902.11969,5.89711
15074.0,2.5628,1.8747,-0.010931,-0.010931,1.0,1.0,-20.481682,-902.107788,5.940193
15076.0,2.5691,1.8747,-0.011273,-0.011273,1.0,1.0,-20.488417,-902.095886,5.940891
15078.0,2.5739,1.7526,-0.01145,-0.01145,1.0,1.0,-20.49515,-902.083984,5.944915
15080.0,2.5762,1.8137,-0.011318,-0.011318,1.0,1.0,-20.50189,-902.071899,5.929277
15082.0,2.579,1.5695,-0.011619,-0.011619,1.0,1.0,-20.508589,-902.060181,5.893572
15084.0,2.5826,1.5695,-0.011168,-0.011168,1.0,1.0,-20.515194,-902.048462,5.87298
15086.0,2.5862,1.5695,-0.010878,-0.010878,1.0,1.0,-20.521746,-902.036865,5.829207
15088.0,2.5898,1.6916,-0.010075,-0.010075,1.0,1.0,-20.528185,-902.025269,5.808091
15090.0,2.5923,1.6306,-0.009932,-0.009932,1.0,1.0,-20.534569,-902.013733,5.774338
15092.0,2.5953,1.5695,-0.009642,-0.009642,1.0,1.0,-20.540865,-902.002075,5.752835
15094.0,2.5983,1.5695,-0.009353,-0.009353,1.0,1.0,-20.547104,-901.990662,5.71489
15096.0,2.6022,1.6916,-0.008605,-0.008605,1.0,1.0,-20.553246,-901.979187,5.729763
15098.0,2.6065,1.5695,-0.008946,-0.008946,1.0,1.0,-20.559422,-901.967651,5.758089
15100.0,2.6108,1.3864,-0.009564,-0.009564,1.0,1.0,-20.565666,-901.956055,5.778652
15102.0,2.6156,1.2033,-0.010086,-0.010086,1.0,1.0,-20.57196,-901.944458,5.803186
15104.0,2.6205,1.2033,-0.010257,-0.010257,1.0,1.0,-20.578314,-901.932556,5.836657
15106.0,2.6243,1.0813,-0.010807,-0.010807,1.0,1.0,-20.584749,-901.920776,5.877243
15108.0,2.6268,1.0813,-0.011193,-0.011193,1.0,1.0,-20.591284,-901.908875,5.912205
15110.0,2.6297,0.8371,-0.012038,-0.012038,1.0,1.0,-20.597904,-901.896912,5.957429
15112.0,2.6327,0.7761,-0.012595,-0.012595,1.0,1.0,-20.604635,-901.88501,5.965003
15114.0,2.6358,0.7761,-0.012617,-0.012617,1.0,1.0,-20.611382,-901.873047,5.985925
15116.0,2.6376,0.715,-0.012938,-0.012938,1.0,1.0,-20.618179,-901.86084,5.990173
15118.0,2.6381,0.5319,-0.013367,-0.013367,1.0,1.0,-20.624985,-901.848938,5.959825
15120.0,2.6385,0.654,-0.012773,-0.012773,1.0,1.0,-20.63171,-901.837097,5.937388
15122.0,2.6395,0.8371,-0.01212,-0.01212,1.0,1.0,-20.638376,-901.825378,5.881156
15124.0,2.6405,0.8371,-0.011497,-0.011497,1.0,1.0,-20.644899,-901.813599,5.87261
15126.0,2.6418,0.8982,-0.01125,-0.01125,1.0,1.0,-20.651398,-901.80188,5.804445
15128.0,2.6435,0.7761,-0.010746,-0.010746,1.0,1.0,-20.657722,-901.790405,5.765987
15130.0,2.6445,0.8371,-0.010183,-0.010183,1.0,1.0,-20.663948,-901.779053,5.709979
15132.0,2.6452,0.8371,-0.009563,-0.009563,1.0,1.0,-20.670031,-901.767761,5.667426
15134.0,2.646,0.8371,-0.009086,-0.009086,1.0,1.0,-20.676004,-901.75647,5.653252
15136.0,2.6471,0.654,-0.009304,-0.009304,1.0,1.0,-20.68194,-901.745239,5.634318
15138.0,2.6502,0.715,-0.008906,-0.008906,1.0,1.0,-20.687826,-901.733826,5.669595
15140.0,2.653,0.7761,-0.009106,-0.009106,1.0,1.0,-20.693798,-901.722351,5.656714
15142.0,2.655,0.4099,-0.009715,-0.009715,1.0,1.0,-20.699736,-901.710815,5.724323
15144.0,2.6569,0.4099,-0.010413,-0.010413,1.0,1.0,-20.705839,-901.69928,5.760353
15146.0,2.6593,0.593,-0.010364,-0.010364,1.0,1.0,-20.712032,-901.687561,5.823848
15148.0,2.6609,0.4709,-0.011278,-0.011278,1.0,1.0,-20.718382,-901.675659,5.901175
15150.0,2.6622,0.4099,-0.012214,-0.012214,1.0,1.0,-20.724924,-901.663696,5.959471
15152.0,2.662,0.4099,-0.012842,-0.012842,1.0,1.0,-20.731609,-901.651306,6.053895
15154.0,2.6619,0.4099,-0.013855,-0.013855,1.0,1.0,-20.738529,-901.639038,6.104778
15156.0,2.6618,0.2878,-0.014661,-0.014661,1.0,1.0,-20.745573,-901.626526,6.213067
15158.0,2.6603,0.1047,-0.016235,-0.016235,1.0,1.0,-20.752888,-901.614075,6.212907
15160.0,2.6578,0.2268,-0.016021,-0.016021,1.0,1.0,-20.760199,-901.601563,6.26292
15162.0,2.6553,0.2268,-0.016601,-0.016601,1.0,1.0,-20.767632,-901.588928,6.285447
15164.0,2.655,0.8371,-0.015541,-0.015541,1.0,1.0,-20.775118,-901.576172,6.289258
15166.0,2.6554,0.8982,-0.015445,-0.015445,1.0,1.0,-20.782612,-901.563599,6.284367
15168.0,2.6556,1.0202,-0.015127,-0.015127,1.0,1.0,-20.790091,-901.551086,6.255963
15170.0,2.6553,0.9592,-0.014961,-0.014961,1.0,1.0,-20.797495,-901.538574,6.249255
15172.0,2.655,0.9592,-0.014895,-0.014895,1.0,1.0,-20.804878,-901.526123,6.227088
15174.0,2.6547,1.5085,-0.01349,-0.01349,1.0,1.0,-20.812204,-901.513733,6.214013
15176.0,2.6552,1.6916,-0.012948,-0.012948,1.0,1.0,-20.819494,-901.50116,6.204111
15178.0,2.6577,1.9357,-0.012273,-0.012273,1.0,1.0,-20.826756,-901.488647,6.232389
15180.0,2.6602,2.1189,-0.012136,-0.012136,1.0,1.0,-20.834085,-901.476196,6.24528
15182.0,2.6627,2.1189,-0.012226,-0.012226,1.0,1.0,-20.841446,-901.463623,6.2733
15184.0,2.6651,2.1799,-0.01235,-0.01235,1.0,1.0,-20.848873,-901.450928,6.308821
15186.0,2.67,2.4851,-0.011983,-0.011983,1.0,1.0,-20.856386,-901.43811,6.369403
15188.0,2.6724,2.4851,-0.012583,-0.012583,1.0,1.0,-20.864048,-901.425049,6.419564
15190.0,2.6755,2.5461,-0.012929,-0.012929,1.0,1.0,-20.871834,-901.411743,6.495578
15192.0,2.6786,2.5461,-0.013679,-0.013679,1.0,1.0,-20.879807,-901.398926,6.523056
15194.0,2.6833,2.8513,-0.013232,-0.013232,1.0,1.0,-20.887846,-901.385559,6.551445
15196.0,2.6862,2.8513,-0.013478,-0.013478,1.0,1.0,-20.895954,-901.372681,6.549121
15198.0,2.69,3.0344,-0.012991,-0.012991,1.0,1.0,-20.904053,-901.359375,6.549882
15200.0,2.6945,3.1565,-0.012653,-0.012653,1.0,1.0,-20.912149,-901.346313,6.516545
15202.0,2.6991,3.1565,-0.012212,-0.012212,1.0,1.0,-20.920158,-901.333557,6.439281
15204.0,2.7055,3.3396,-0.010876,-0.010876,1.0,1.0,-20.927971,-901.320801,6.389769
15206.0,2.7104,3.2785,-0.010383,-0.010383,1.0,1.0,-20.935656,-901.30835,6.269508
15208.0,2.7163,3.5837,-0.008332,-0.008332,1.0,1.0,-20.943035,-901.296021,6.215377
15210.0,2.7247,3.7058,-0.00733,-0.00733,1.0,1.0,-20.950275,-901.283936,6.100873
15212.0,2.7331,3.7058,-0.005938,-0.005938,1.0,1.0,-20.957226,-901.271729,6.035419
15214.0,2.7402,3.7058,-0.005096,-0.005096,1.0,1.0,-20.964008,-901.259888,5.95894
15216.0,2.746,3.4616,-0.004684,-0.004684,1.0,1.0,-20.970596,-901.248108,5.90947
15218.0,2.7543,3.6447,-0.003597,-0.003597,1.0,1.0,-20.977058,-901.236389,5.882406
15220.0,2.7631,3.2785,-0.00392,-0.00392,1.0,1.0,-20.98345,-901.224731,5.857737
15222.0,2.7719,3.2785,-0.003484,-0.003484,1.0,1.0,-20.989777,-901.212891,5.884031
15224.0,2.7813,3.1565,-0.003852,-0.003852,1.0,1.0,-20.996166,-901.200928,5.897758
15226.0,2.7906,3.1565,-0.003822,-0.003822,1.0,1.0,-21.002588,-901.188843,5.981285
15228.0,2.7997,3.0344,-0.004812,-0.004812,1.0,1.0,-21.009216,-901.176819,6.008624
15230.0,2.8088,3.0344,-0.004933,-0.004933,1.0,1.0,-21.015911,-901.164551,6.086913
15232.0,2.8185,2.6071,-0.006508,-0.006508,1.0,1.0,-21.0228,-901.152222,6.139349
15234.0,2.8245,2.1189,-0.008002,-0.008002,1.0,1.0,-21.029818,-901.139771,6.197653
15236.0,2.8297,2.1189,-0.008529,-0.008529,1.0,1.0,-21.03698,-901.126953,6.270926
15238.0,2.8343,2.1189,-0.009227,-0.009227,1.0,1.0,-21.044323,-901.114441,6.272939
15240.0,2.8389,2.1189,-0.00916,-0.00916,1.0,1.0,-21.051668,-901.101807,6.30345
15242.0,2.8427,1.5085,-0.010718,-0.010718,1.0,1.0,-21.059088,-901.089233,6.289726
15244.0,2.8472,1.5695,-0.010356,-0.010356,1.0,1.0,-21.066469,-901.076599,6.298896
15246.0,2.8514,1.5695,-0.010373,-0.010373,1.0,1.0,-21.07387,-901.064087,6.257613
15248.0,2.8539,1.3864,-0.010275,-0.010275,1.0,1.0,-21.081163,-901.051514,6.226862
15250.0,2.8564,1.3864,-0.009899,-0.009899,1.0,1.0,-21.088377,-901.039185,6.183582
15252.0,2.8594,1.5085,-0.009116,-0.009116,1.0,1.0,-21.09548,-901.026917,6.149232
15254.0,2.8622,1.5695,-0.008563,-0.008563,1.0,1.0,-21.102493,-901.014709,6.117867
15256.0,2.8663,1.5085,-0.008279,-0.008279,1.0,1.0,-21.109425,-901.002563,6.083122
15258.0,2.8704,1.5085,-0.007827,-0.007827,1.0,1.0,-21.116266,-900.99054,6.041905
15260.0,2.8745,1.5085,-0.007306,-0.007306,1.0,1.0,-21.123001,-900.97821,6.060517
15262.0,2.8787,1.3254,-0.007818,-0.007818,1.0,1.0,-21.129782,-900.966064,6.07479
15264.0,2.883,1.2644,-0.008019,-0.008019,1.0,1.0,-21.136595,-900.953796,6.103875
15266.0,2.8858,0.8982,-0.009062,-0.009062,1.0,1.0,-21.143478,-900.941528,6.129394
15268.0,2.8887,0.8982,-0.009282,-0.009282,1.0,1.0,-21.150423,-900.929138,6.17684
15270.0,2.8915,0.8982,-0.009737,-0.009737,1.0,1.0,-21.157484,-900.916626,6.221604
15272.0,2.8949,0.7761,-0.010413,-0.010413,1.0,1.0,-21.164656,-900.903931,6.250963
15274.0,2.8973,0.593,-0.011071,-0.011071,1.0,1.0,-21.171898,-900.891296,6.288963
15276.0,2.8995,0.593,-0.011437,-0.011437,1.0,1.0,-21.179232,-900.878784,6.265849
15278.0,2.9,0.4709,-0.01144,-0.01144,1.0,1.0,-21.186504,-900.866089,6.305376
15280.0,2.9006,0.4709,-0.011851,-0.011851,1.0,1.0,-21.193874,-900.853577,6.280702
15282.0,2.9011,0.4099,-0.011709,-0.011709,1.0,1.0,-21.20118,-900.841003,6.273067
15284.0,2.9011,0.2878,-0.011889,-0.011889,1.0,1.0,-21.208462,-900.828674,6.198748
15286.0,2.9024,0.4709,-0.010676,-0.010676,1.0,1.0,-21.215555,-900.816162,6.183177
15288.0,2.9038,0.4709,-0.010483,-0.010483,1.0,1.0,-21.222607,-900.804016,6.106059
15290.0,2.9035,0.5319,-0.009531,-0.009531,1.0,1.0,-21.229462,-900.791931,6.066183
15292.0,2.9046,0.4709,-0.009214,-0.009214,1.0,1.0,-21.236214,-900.779968,6.001058
15294.0,2.9059,0.4099,-0.00862,-0.00862,1.0,1.0,-21.2428,-900.768127,5.953413
15296.0,2.9067,0.3488,-0.008222,-0.008222,1.0,1.0,-21.249262,-900.756287,5.930258
15298.0,2.9076,0.3488,-0.007957,-0.007957,1.0,1.0,-21.255665,-900.744263,5.91207
15300.0,2.9082,0.2268,-0.00801,-0.00801,1.0,1.0,-21.262018,-900.732361,5.942484
15302.0,2.9088,0.1657,-0.008458,-0.008458,1.0,1.0,-21.268446,-900.720459,5.935542
15304.0,2.9112,0.1657,-0.008337,-0.008337,1.0,1.0,-21.274853,-900.708435,5.997441
15306.0,2.9123,0.0437,-0.009243,-0.009243,1.0,1.0,-21.281414,-900.696289,6.043197
15308.0,2.9134,0.0437,-0.009714,-0.009714,1.0,1.0,-21.288088,-900.68396,6.127465
15310.0,2.9138,-0.2005,-0.011133,-0.011133,1.0,1.0,-21.29497,-900.671326,6.18841
15312.0,2.9134,-0.0174,-0.0114,-0.0114,1.0,1.0,-21.302002,-900.658691,6.28479
15314.0,2.9116,0.0437,-0.012336,-0.012336,1.0,1.0,-21.309273,-900.645874,6.359582
15316.0,2.9106,-0.0784,-0.013412,-0.013412,1.0,1.0,-21.316729,-900.632996,6.423666
15318.0,2.9097,-0.0784,-0.014111,-0.014111,1.0,1.0,-21.324343,-900.619873,6.486105
15320.0,2.908,-0.1394,-0.014938,-0.014938,1.0,1.0,-21.332111,-900.606812,6.51575
15322.0,2.9064,0.0437,-0.014893,-0.014893,1.0,1.0,-21.339951,-900.593689,6.553818
15324.0,2.904,0.1657,-0.015082,-0.015082,1.0,1.0,-21.347883,-900.580322,6.563222
15326.0,2.9022,0.3488,-0.014827,-0.014827,1.0,1.0,-21.355837,-900.567139,6.569583
15328.0,2.9003,0.3488,-0.01493,-0.01493,1.0,1.0,-21.363802,-900.554138,6.53667
15330.0,2.8985,0.8371,-0.013576,-0.013576,1.0,1.0,-21.371681,-900.541077,6.530307
15332.0,2.8966,1.0202,-0.013153,-0.013153,1.0,1.0,-21.379541,-900.528137,6.492682
15334.0,2.8963,1.2644,-0.012238,-0.012238,1.0,1.0,-21.387304,-900.515198,6.484674
15336.0,2.8988,1.5695,-0.011454,-0.011454,1.0,1.0,-21.395044,-900.502075,6.465224
15338.0,2.9013,1.5695,-0.011199,-0.011199,1.0,1.0,-21.402733,-900.489075,6.494493
15340.0,2.9042,1.6306,-0.011325,-0.011325,1.0,1.0,-21.410492,-900.476074,6.500619
15342.0,2.9058,1.4475,-0.011751,-0.011751,1.0,1.0,-21.418262,-900.462952,6.525753
15344.0,2.9075,1.6916,-0.011467,-0.011467,1.0,1.0,-21.426092,-900.449768,6.570594
15346.0,2.9094,2.0578,-0.011129,-0.011129,1.0,1.0,-21.434032,-900.436462,6.629179
15348.0,2.9112,2.0578,-0.011717,-0.011717,1.0,1.0,-21.442116,-900.422852,6.678482
15350.0,2.9124,2.0578,-0.01222,-0.01222,1.0,1.0,-21.450321,-900.409241,6.755764
15352.0,2.9168,2.2409,-0.012568,-0.012568,1.0,1.0,-21.458717,-900.395691,6.775206
15354.0,2.9201,2.302,-0.012581,-0.012581,1.0,1.0,-21.467159,-900.382019,6.810005
15356.0,2.9235,2.302,-0.012887,-0.012887,1.0,1.0,-21.475685,-900.368408,6.803103
15358.0,2.9263,2.363,-0.01263,-0.01263,1.0,1.0,-21.48419,-900.354858,6.803717
15360.0,2.9281,2.424,-0.012472,-0.012472,1.0,1.0,-21.492693,-900.341431,6.735503
15362.0,2.9323,2.6071,-0.011278,-0.011278,1.0,1.0,-21.50102,-900.327942,6.672366
15364.0,2.9355,2.7292,-0.010286,-0.010286,1.0,1.0,-21.509186,-900.31488,6.575291
15366.0,2.9387,2.7292,-0.00919,-0.00919,1.0,1.0,-21.517105,-900.302002,6.480346
15368.0,2.9442,3.0954,-0.007291,-0.007291,1.0,1.0,-21.524782,-900.289307,6.389777
15370.0,2.951,3.2175,-0.005929,-0.005929,1.0,1.0,-21.532228,-900.276855,6.280481
15372.0,2.9582,3.1565,-0.004748,-0.004748,1.0,1.0,-21.539398,-900.264526,6.215833
15374.0,2.9635,3.0954,-0.00408,-0.00408,1.0,1.0,-21.546402,-900.252319,6.136559
15376.0,2.9688,3.0954,-0.003124,-0.003124,1.0,1.0,-21.553204,-900.239868,6.122666
15378.0,2.9754,3.0954,-0.002849,-0.002849,1.0,1.0,-21.559967,-900.227783,6.072046
15380.0,2.9839,2.9733,-0.002399,-0.002399,1.0,1.0,-21.566601,-900.215515,6.109448
15382.0,2.9926,2.9733,-0.002638,-0.002638,1.0,1.0,-21.573326,-900.203308,6.11237
15384.0,3.0011,2.8513,-0.002768,-0.002768,1.0,1.0,-21.580055,-900.190857,6.194701
15386.0,3.0096,2.8513,-0.003495,-0.003495,1.0,1.0,-21.58699,-900.178345,6.225433
15388.0,3.0181,2.4851,-0.004446,-0.004446,1.0,1.0,-21.594,-900.165527,6.298108
15390.0,3.0246,1.9968,-0.006148,-0.006148,1.0,1.0,-21.601189,-900.15271,6.359823
15392.0,3.0284,1.7526,-0.007259,-0.007259,1.0,1.0,-21.60853,-900.139832,6.419915
15394.0,3.0338,1.5695,-0.008192,-0.008192,1.0,1.0,-21.616018,-900.12677,6.500829
15396.0,3.0391,1.5695,-0.008957,-0.008957,1.0,1.0,-21.623707,-900.11377,6.500426
15398.0,3.0446,1.5695,-0.008848,-0.008848,1.0,1.0,-21.631392,-900.100708,6.52225
15400.0,3.0471,1.2644,-0.009683,-0.009683,1.0,1.0,-21.639128,-900.087463,6.519659
15402.0,3.0497,1.3864,-0.009346,-0.009346,1.0,1.0,-21.646854,-900.074402,6.514517
15404.0,3.0534,1.4475,-0.009091,-0.009091,1.0,1.0,-21.654566,-900.061523,6.460766
15406.0,3.057,1.4475,-0.008448,-0.008448,1.0,1.0,-21.662138,-900.048706,6.438835
15408.0,3.0596,1.2644,-0.008553,-0.008553,1.0,1.0,-21.669653,-900.036011,6.382566
15410.0,3.0623,1.2033,-0.00803,-0.00803,1.0,1.0,-21.677023,-900.023132,6.352304
15412.0,3.066,1.0813,-0.007897,-0.007897,1.0,1.0,-21.684315,-900.010559,6.306565
15414.0,3.0697,1.1423,-0.007206,-0.007206,1.0,1.0,-21.691488,-899.998047,6.283545
15416.0,3.0733,1.1423,-0.006889,-0.006889,1.0,1.0,-21.698601,-899.985596,6.253012
15418.0,3.077,1.0813,-0.006621,-0.006621,1.0,1.0,-21.705633,-899.973022,6.266136
15420.0,3.0795,1.0202,-0.006845,-0.006845,1.0,1.0,-21.712696,-899.960449,6.285489
15422.0,3.0824,0.7761,-0.00752,-0.00752,1.0,1.0,-21.719805,-899.947754,6.31837
15424.0,3.0853,0.7761,-0.007817,-0.007817,1.0,1.0,-21.726994,-899.934875,6.34226
15426.0,3.0878,0.4099,-0.008806,-0.008806,1.0,1.0,-21.73424,-899.921997,6.399765
15428.0,3.0906,0.4099,-0.009368,-0.009368,1.0,1.0,-21.741627,-899.909119,6.429768
15430.0,3.0933,0.2878,-0.009899,-0.009899,1.0,1.0,-21.749086,-899.896118,6.475589
15432.0,3.0943,0.1657,-0.01063,-0.01063,1.0,1.0,-21.756659,-899.883118,6.481331
15434.0,3.0953,0.1657,-0.010672,-0.010672,1.0,1.0,-21.764242,-899.870117,6.508474
15436.0,3.0956,0.2878,-0.010696,-0.010696,1.0,1.0,-21.771891,-899.856934,6.488255
15438.0,3.0942,-0.0784,-0.011287,-0.011287,1.0,1.0,-21.779486,-899.843994,6.466574
15440.0,3.0929,-0.0784,-0.01108,-0.01108,1.0,1.0,-21.787024,-899.831238,6.415999
15442.0,3.0937,0.0437,-0.010265,-0.010265,1.0,1.0,-21.794432,-899.818542,6.370345
15444.0,3.0945,0.0437,-0.009762,-0.009762,1.0,1.0,-21.801722,-899.805969,6.314373
15446.0,3.0942,-0.0174,-0.009299,-0.009299,1.0,1.0,-21.808868,-899.793335,6.249772
15448.0,3.0942,0.1657,-0.008215,-0.008215,1.0,1.0,-21.815849,-899.781006,6.191744
15450.0,3.0946,0.2878,-0.007324,-0.007324,1.0,1.0,-21.822681,-899.768799,6.130316
15452.0,3.0951,0.2268,-0.006784,-0.006784,1.0,1.0,-21.829357,-899.756592,6.110327
15454.0,3.0957,0.2268,-0.006558,-0.006558,1.0,1.0,-21.835979,-899.744446,6.082451
15456.0,3.0962,0.0437,-0.006641,-0.006641,1.0,1.0,-21.842529,-899.732178,6.112647
15458.0,3.098,0.1657,-0.006668,-0.006668,1.0,1.0,-21.849152,-899.719788,6.105843
15460.0,3.099,-0.0784,-0.007099,-0.007099,1.0,1.0,-21.855755,-899.707397,6.176692
15462.0,3.0993,-0.4446,-0.008639,-0.008639,1.0,1.0,-21.862534,-899.694946,6.209829
15464.0,3.0996,-0.4446,-0.00899,-0.00899,1.0,1.0,-21.869392,-899.682251,6.303675
15466.0,3.0979,-0.5667,-0.010287,-0.010287,1.0,1.0,-21.876484,-899.669434,6.362936
15468.0,3.0974,-0.3836,-0.01054,-0.01054,1.0,1.0,-21.883722,-899.656433,6.466683
15470.0,3.0951,-0.2615,-0.01143,-0.01143,1.0,1.0,-21.891218,-899.643066,6.534881
15472.0,3.094,-0.4446,-0.012569,-0.012569,1.0,1.0,-21.898882,-899.629761,6.635441
15474.0,3.0928,-0.4446,-0.01366,-0.01366,1.0,1.0,-21.906796,-899.616394,6.658037
15476.0,3.0901,-0.3836,-0.013822,-0.013822,1.0,1.0,-21.914762,-899.602966,6.697732
15478.0,3.0878,-0.2005,-0.013897,-0.013897,1.0,1.0,-21.922827,-899.589478,6.72643
15480.0,3.082,0.0437,-0.013792,-0.013792,1.0,1.0,-21.93096,-899.57605,6.718325
15482.0,3.0787,0.2268,-0.013379,-0.013379,1.0,1.0,-21.93907,-899.562378,6.720304
15484.0,3.0754,0.2268,-0.013463,-0.013463,1.0,1.0,-21.947182,-899.549011,6.685061
15486.0,3.0742,0.4709,-0.012592,-0.012592,1.0,1.0,-21.9552,-899.535706,6.661061
15488.0,3.0736,0.9592,-0.011309,-0.011309,1.0,1.0,-21.963156,-899.522461,6.640489
15490.0,3.0734,1.0813,-0.010834,-0.010834,1.0,1.0,-21.971056,-899.509216,6.624079
15492.0,3.0732,1.0813,-0.010663,-0.010663,1.0,1.0,-21.978912,-899.495789,6.609468
15494.0,3.0745,1.4475,-0.009704,-0.009704,1.0,1.0,-21.986729,-899.482483,6.639748
15496.0,3.0745,1.2644,-0.010416,-0.010416,1.0,1.0,-21.994617,-899.469116,6.654633
15498.0,3.0766,1.3864,-0.010275,-0.010275,1.0,1.0,-22.002541,-899.45575,6.691689
15500.0,3.0804,1.6306,-0.010077,-0.010077,1.0,1.0,-22.010555,-899.4422,6.749317
15502.0,3.0843,1.6306,-0.010618,-0.010618,1.0,1.0,-22.018711,-899.428528,6.80321
15504.0,3.0848,1.6916,-0.011052,-0.011052,1.0,1.0,-22.026999,-899.41449,6.869715
15506.0,3.0855,1.9357,-0.011226,-0.011226,1.0,1.0,-22.03545,-899.400635,6.91287
15508.0,3.0869,1.8747,-0.011787,-0.011787,1.0,1.0,-22.044006,-899.386719,6.944477
15510.0,3.0901,2.0578,-0.011674,-0.011674,1.0,1.0,-22.052639,-899.372803,6.943771
15512.0,3.0932,2.0578,-0.011607,-0.011607,1.0,1.0,-22.061266,-899.358948,6.938387
15514.0,3.0964,2.2409,-0.0111,-0.0111,1.0,1.0,-22.069876,-899.345215,6.89768
15516.0,3.0998,2.363,-0.010345,-0.010345,1.0,1.0,-22.078381,-899.331665,6.813734
15518.0,3.1044,2.5461,-0.008976,-0.008976,1.0,1.0,-22.08667,-899.317993,6.72933
15520.0,3.108,2.4851,-0.008137,-0.008137,1.0,1.0,-22.094744,-899.304932,6.608088
15522.0,3.1117,2.4851,-0.006773,-0.006773,1.0,1.0,-22.10251,-899.291931,6.532046
15524.0,3.1151,2.7292,-0.005374,-0.005374,1.0,1.0,-22.110083,-899.279236,6.404679
15526.0,3.1225,2.6682,-0.003994,-0.003994,1.0,1.0,-22.117332,-899.266602,6.345655
15528.0,3.1266,2.5461,-0.003542,-0.003542,1.0,1.0,-22.124432,-899.254211,6.249124
15530.0,3.1323,2.5461,-0.002392,-0.002392,1.0,1.0,-22.131285,-899.241516,6.236838
15532.0,3.1381,2.5461,-0.00215,-0.00215,1.0,1.0,-22.138103,-899.229248,6.18019
15534.0,3.1448,2.5461,-0.00141,-0.00141,1.0,1.0,-22.144777,-899.216797,6.200807
15536.0,3.1517,2.363,-0.001892,-0.001892,1.0,1.0,-22.151501,-899.204346,6.213483
15538.0,3.1597,2.1799,-0.002267,-0.002267,1.0,1.0,-22.158253,-899.191772,6.288772
15540.0,3.1662,1.7526,-0.00387,-0.00387,1.0,1.0,-22.165192,-899.179077,6.322515
15542.0,3.1726,1.7526,-0.004111,-0.004111,1.0,1.0,-22.172213,-899.166016,6.401331
15544.0,3.1791,1.6306,-0.005094,-0.005094,1.0,1.0,-22.17943,-899.153015,6.450803
15546.0,3.1836,1.3864,-0.006061,-0.006061,1.0,1.0,-22.186768,-899.139954,6.517809
15548.0,3.1865,1.2644,-0.006985,-0.006985,1.0,1.0,-22.194271,-899.126648,6.601563
15550.0,3.1894,1.2644,-0.007826,-0.007826,1.0,1.0,-22.201982,-899.113464,6.598042
15552.0,3.1934,1.0202,-0.008231,-0.008231,1.0,1.0,-22.209681,-899.100159,6.626033
15554.0,3.1964,0.8982,-0.008734,-0.008734,1.0,1.0,-22.217447,-899.086731,6.616037
15556.0,3.1991,0.8982,-0.008575,-0.008575,1.0,1.0,-22.225185,-899.073486,6.610994
15558.0,3.2002,0.5319,-0.00928,-0.00928,1.0,1.0,-22.232908,-899.060425,6.565239
15560.0,3.2013,0.5319,-0.008771,-0.008771,1.0,1.0,-22.240513,-899.047363,6.527972
15562.0,3.2034,0.5319,-0.008332,-0.008332,1.0,1.0,-22.24802,-899.034485,6.475037
15564.0,3.2027,0.654,-0.007519,-0.007519,1.0,1.0,-22.255392,-899.021667,6.438908
15566.0,3.2051,0.593,-0.007217,-0.007217,1.0,1.0,-22.262671,-899.008728,6.387782
15568.0,3.2068,0.654,-0.006506,-0.006506,1.0,1.0,-22.269817,-898.995789,6.359382
15570.0,3.2085,0.654,-0.006169,-0.006169,1.0,1.0,-22.27689,-898.980591,6.351357
15572.0,3.211,0.654,-0.006035,-0.006035,1.0,1.0,-22.283939,-898.969971,6.370656
15574.0,3.213,0.5319,-0.006465,-0.006465,1.0,1.0,-22.291035,-898.957764,6.387152
15576.0,3.2146,0.3488,-0.007001,-0.007001,1.0,1.0,-22.298168,-898.944702,6.414422
15578.0,3.2171,0.1047,-0.007767,-0.007767,1.0,1.0,-22.305367,-898.931763,6.453611
15580.0,3.2197,0.1047,-0.008138,-0.008138,1.0,1.0,-22.31266,-898.916138,6.503916
15582.0,3.2212,0.0437,-0.008777,-0.008777,1.0,1.0,-22.320078,-898.905212,6.537773
15584.0,3.2233,-0.1394,-0.009489,-0.009489,1.0,1.0,-22.327578,-898.892456,6.576329
15586.0,3.223,-0.2005,-0.010037,-0.010037,1.0,1.0,-22.335171,-898.879333,6.549278
15588.0,3.2213,-0.2615,-0.009911,-0.009911,1.0,1.0,-22.342693,-898.866089,6.586355
15590.0,3.2196,-0.2615,-0.010339,-0.010339,1.0,1.0,-22.350307,-898.850403,6.549966
15592.0,3.219,-0.2615,-0.00996,-0.00996,1.0,1.0,-22.357826,-898.839539,6.540943
15594.0,3.2179,-0.3836,-0.010146,-0.010146,1.0,1.0,-22.36532,-898.826904,6.468315
15596.0,3.2177,-0.5057,-0.009634,-0.009634,1.0,1.0,-22.372627,-898.813965,6.447469
15598.0,3.2154,-0.4446,-0.009325,-0.009325,1.0,1.0,-22.379879,-898.801392,6.355103
15600.0,3.2131,-0.4446,-0.008381,-0.008381,1.0,1.0,-22.386896,-898.786499,6.298677
15602.0,3.2109,-0.3226,-0.007556,-0.007556,1.0,1.0,-22.393768,-898.776245,6.229897
15604.0,3.2093,-0.2005,-0.006588,-0.006588,1.0,1.0,-22.400465,-898.763855,6.202562
15606.0,3.2096,-0.0784,-0.006027,-0.006027,1.0,1.0,-22.407091,-898.751526,6.173443
15608.0,3.211,-0.3226,-0.006209,-0.006209,1.0,1.0,-22.413641,-898.739197,6.168605
15610.0,3.2125,-0.3226,-0.006129,-0.006129,1.0,1.0,-22.420176,-898.724792,6.173816
15612.0,3.2115,-0.2005,-0.005943,-0.005943,1.0,1.0,-22.426722,-898.714417,6.200763
15614.0,3.2112,-0.3226,-0.006499,-0.006499,1.0,1.0,-22.433332,-898.70166,6.25887
15616.0,3.2091,-0.3836,-0.007295,-0.007295,1.0,1.0,-22.440086,-898.688965,6.3181
15618.0,3.2069,-0.3836,-0.007972,-0.007972,1.0,1.0,-22.446987,-898.676025,6.408925
15620.0,3.2062,-0.4446,-0.009087,-0.009087,1.0,1.0,-22.454113,-898.661072,6.488811
15622.0,3.2062,-0.3836,-0.009812,-0.009812,1.0,1.0,-22.461437,-898.64978,6.573401
15624.0,3.205,-0.2615,-0.010477,-0.010477,1.0,1.0,-22.468971,-898.636475,6.627748
15626.0,3.2025,-0.2615,-0.011105,-0.011105,1.0,1.0,-22.476639,-898.622681,6.717469
15628.0,3.1999,-0.2615,-0.012107,-0.012107,1.0,1.0,-22.484528,-898.609253,6.729992
15630.0,3.197,-0.0784,-0.011907,-0.011907,1.0,1.0,-22.492445,-898.593811,6.784015
15632.0,3.1949,-0.0784,-0.01252,-0.01252,1.0,1.0,-22.500494,-898.582031,6.783353
15634.0,3.1929,0.1047,-0.012163,-0.012163,1.0,1.0,-22.508539,-898.568481,6.787911
15636.0,3.1918,0.593,-0.011194,-0.011194,1.0,1.0,-22.516592,-898.554993,6.746298
15638.0,3.1907,0.593,-0.010772,-0.010772,1.0,1.0,-22.524538,-898.541382,6.726649
15640.0,3.1892,0.654,-0.010461,-0.010461,1.0,1.0,-22.532431,-898.526428,6.687553
15642.0,3.1874,0.7761,-0.00982,-0.00982,1.0,1.0,-22.540222,-898.514709,6.671494
15644.0,3.1876,1.0202,-0.009125,-0.009125,1.0,1.0,-22.54797,-898.501404,6.651541
15646.0,3.1901,1.3864,-0.008086,-0.008086,1.0,1.0,-22.555664,-898.488037,6.67058
15648.0,3.1926,1.3864,-0.008242,-0.008242,1.0,1.0,-22.563404,-898.47467,6.683068
15650.0,3.1951,1.3864,-0.008326,-0.008326,1.0,1.0,-22.571173,-898.459656,6.712663
15652.0,3.1967,1.2644,-0.008872,-0.008872,1.0,1.0,-22.579012,-898.44751,6.747902
15654.0,3.1981,1.5085,-0.008702,-0.008702,1.0,1.0,-22.586937,-898.433838,6.805175
15656.0,3.1994,1.5085,-0.009288,-0.009288,1.0,1.0,-22.595003,-898.420044,6.86275
15658.0,3.2006,1.5085,-0.009877,-0.009877,1.0,1.0,-22.60321,-898.406128,6.920854
15660.0,3.2029,1.6306,-0.010193,-0.010193,1.0,1.0,-22.611559,-898.390808,6.947062
15662.0,3.2069,1.6306,-0.010395,-0.010395,1.0,1.0,-22.61997,-898.378052,6.94063
15664.0,3.2088,1.6916,-0.010161,-0.010161,1.0,1.0,-22.628363,-898.364136,6.954163
15666.0,3.2102,1.9968,-0.009631,-0.009631,1.0,1.0,-22.636786,-898.35022,6.938958
15668.0,3.2116,1.9968,-0.009443,-0.009443,1.0,1.0,-22.645166,-898.336609,6.848485
15670.0,3.2149,2.1189,-0.008158,-0.008158,1.0,1.0,-22.653316,-898.322021,6.780112
15672.0,3.2181,2.0578,-0.007498,-0.007498,1.0,1.0,-22.661293,-898.309937,6.660913
15674.0,3.2228,1.9968,-0.006266,-0.006266,1.0,1.0,-22.668966,-898.296814,6.583396
15676.0,3.2278,2.0578,-0.005211,-0.005211,1.0,1.0,-22.676441,-898.283813,6.454738
15678.0,3.2327,2.0578,-0.003736,-0.003736,1.0,1.0,-22.68359,-898.271179,6.376506
15680.0,3.2362,2.0578,-0.002828,-0.002828,1.0,1.0,-22.69054,-898.257813,6.277166
15682.0,3.2406,2.0578,-0.001673,-0.001673,1.0,1.0,-22.697237,-898.246216,6.246644
15684.0,3.2453,2.0578,-0.001252,-0.001252,1.0,1.0,-22.703856,-898.233887,6.19013
15686.0,3.2501,2.0578,-0.000551,-0.000551,1.0,1.0,-22.710329,-898.221313,6.189763
15688.0,3.2587,2.0578,-0.000383,-0.000383,1.0,1.0,-22.716799,-898.208862,6.209637
15690.0,3.2654,1.7526,-0.001122,-0.001122,1.0,1.0,-22.723316,-898.195557,6.252619
15692.0,3.2708,1.4475,-0.002135,-0.002135,1.0,1.0,-22.729939,-898.183655,6.313479
15694.0,3.2764,1.2033,-0.003207,-0.003207,1.0,1.0,-22.736712,-898.170898,6.3551
15696.0,3.2819,1.2033,-0.00355,-0.00355,1.0,1.0,-22.743586,-898.157959,6.434083
15698.0,3.2854,0.8982,-0.004985,-0.004985,1.0,1.0,-22.750656,-898.144958,6.477956
15700.0,3.2904,0.7761,-0.005621,-0.005621,1.0,1.0,-22.757833,-898.130859,6.582555
15702.0,3.2932,0.654,-0.006948,-0.006948,1.0,1.0,-22.76527,-898.118347,6.576922
15704.0,3.2959,0.1047,-0.008006,-0.008006,1.0,1.0,-22.77269,-898.105042,6.6176
15706.0,3.2987,0.1047,-0.008388,-0.008388,1.0,1.0,-22.78021,-898.091797,6.609018
15708.0,3.2988,-0.0174,-0.008555,-0.008555,1.0,1.0,-22.787706,-898.078613,6.621833
15710.0,3.2988,0.0437,-0.008562,-0.008562,1.0,1.0,-22.795231,-898.064819,6.569243
15712.0,3.2996,-0.1394,-0.008373,-0.008373,1.0,1.0,-22.80262,-898.052246,6.533682
15714.0,3.2999,-0.1394,-0.007988,-0.007988,1.0,1.0,-22.809917,-898.039368,6.478531
15716.0,3.3002,-0.1394,-0.007392,-0.007392,1.0,1.0,-22.817074,-898.026489,6.444647
15718.0,3.3007,-0.0784,-0.006889,-0.006889,1.0,1.0,-22.824141,-898.013794,6.394449
15720.0,3.3003,-0.2005,-0.00662,-0.00662,1.0,1.0,-22.831079,-898.00061,6.362432
15722.0,3.3006,-0.1394,-0.00614,-0.00614,1.0,1.0,-22.837934,-897.988464,6.325617
15724.0,3.3002,-0.1394,-0.005753,-0.005753,1.0,1.0,-22.844694,-897.975586,6.336424
15726.0,3.2998,-0.1394,-0.005876,-0.005876,1.0,1.0,-22.851479,-897.96283,6.359653
15728.0,3.3023,-0.2005,-0.006207,-0.006207,1.0,1.0,-22.858318,-897.950012,6.382914
15730.0,3.3022,-0.4446,-0.00698,-0.00698,1.0,1.0,-22.865213,-897.936951,6.418158
15732.0,3.302,-0.4446,-0.007363,-0.007363,1.0,1.0,-22.872194,-897.924194,6.468664
15734.0,3.3004,-0.4446,-0.007935,-0.007935,1.0,1.0,-22.879299,-897.910889,6.504952
15736.0,3.2987,-0.4446,-0.008354,-0.008354,1.0,1.0,-22.886494,-897.897766,6.55088
15738.0,3.2974,-0.4446,-0.008869,-0.008869,1.0,1.0,-22.893801,-897.884644,6.558745
15740.0,3.297,-0.7498,-0.009612,-0.009612,1.0,1.0,-22.901125,-897.87146,6.579381
15742.0,3.2951,-0.7498,-0.009867,-0.009867,1.0,1.0,-22.908497,-897.858398,6.559277
15744.0,3.2933,-0.7498,-0.009688,-0.009688,1.0,1.0,-22.915815,-897.845337,6.535228
15746.0,3.2914,-0.6277,-0.009207,-0.009207,1.0,1.0,-22.923071,-897.832458,6.480585
15748.0,3.2882,-0.6277,-0.008685,-0.008685,1.0,1.0,-22.930187,-897.819397,6.434559
15750.0,3.2861,-0.6277,-0.008231,-0.008231,1.0,1.0,-22.937183,-897.806702,6.377078
15752.0,3.2835,-0.3836,-0.007144,-0.007144,1.0,1.0,-22.944033,-897.794189,6.301552
15754.0,3.2808,-0.3836,-0.006384,-0.006384,1.0,1.0,-22.950689,-897.781738,6.250583
15756.0,3.2797,-0.2005,-0.005467,-0.005467,1.0,1.0,-22.957216,-897.769409,6.180926
15758.0,3.28,-0.2615,-0.004842,-0.004842,1.0,1.0,-22.963566,-897.75708,6.159439
15760.0,3.279,-0.2615,-0.00463,-0.00463,1.0,1.0,-22.969858,-897.74469,6.127166
15762.0,3.2798,-0.0784,-0.003874,-0.003874,1.0,1.0,-22.976067,-897.732361,6.158374
15764.0,3.2806,-0.0784,-0.004195,-0.004195,1.0,1.0,-22.982351,-897.720093,6.139166
15766.0,3.2811,-0.2615,-0.00437,-0.00437,1.0,1.0,-22.988585,-897.707581,6.210089
15768.0,3.2817,-0.3836,-0.005384,-0.005384,1.0,1.0,-22.994995,-897.695068,6.238326
15770.0,3.2809,-0.5057,-0.005964,-0.005964,1.0,1.0,-23.001472,-897.682373,6.335465
15772.0,3.2808,-0.4446,-0.00688,-0.00688,1.0,1.0,-23.008192,-897.669312,6.393302
15774.0,3.2806,-0.4446,-0.007503,-0.007503,1.0,1.0,-23.015055,-897.65625,6.487298
15776.0,3.2796,-0.6277,-0.008918,-0.008918,1.0,1.0,-23.02215,-897.643066,6.555302
15778.0,3.2768,-0.6888,-0.009828,-0.009828,1.0,1.0,-23.029413,-897.6297,6.65084
15780.0,3.2733,-0.5057,-0.010524,-0.010524,1.0,1.0,-23.036913,-897.616333,6.662035
15782.0,3.2702,-0.5667,-0.010832,-0.010832,1.0,1.0,-23.044439,-897.602905,6.703207
15784.0,3.2671,-0.5667,-0.01133,-0.01133,1.0,1.0,-23.052065,-897.589172,6.729182
15786.0,3.2639,-0.5667,-0.011667,-0.011667,1.0,1.0,-23.059753,-897.575745,6.720303
15788.0,3.2613,-0.0784,-0.010583,-0.010583,1.0,1.0,-23.067417,-897.562317,6.707691
15790.0,3.2586,0.0437,-0.010241,-0.010241,1.0,1.0,-23.075045,-897.549011,6.669338
15792.0,3.2539,0.5319,-0.008883,-0.008883,1.0,1.0,-23.082573,-897.535706,6.647751
15794.0,3.2492,0.5319,-0.008742,-0.008742,1.0,1.0,-23.090044,-897.522522,6.617955
15796.0,3.2476,0.593,-0.008323,-0.008323,1.0,1.0,-23.097437,-897.509094,6.597376
15798.0,3.2475,0.715,-0.007846,-0.007846,1.0,1.0,-23.104776,-897.495972,6.582469
15800.0,3.2505,1.0813,-0.00685,-0.00685,1.0,1.0,-23.112076,-897.482727,6.608513
15802.0,3.2515,1.0202,-0.007238,-0.007238,1.0,1.0,-23.119436,-897.469482,6.624343
15804.0,3.2526,1.0202,-0.007388,-0.007388,1.0,1.0,-23.126835,-897.456177,6.647621
15806.0,3.2519,0.9592,-0.007779,-0.007779,1.0,1.0,-23.134289,-897.442749,6.69618
15808.0,3.2532,1.3254,-0.007493,-0.007493,1.0,1.0,-23.141861,-897.428955,6.7557
15810.0,3.2529,1.2033,-0.008394,-0.008394,1.0,1.0,-23.14958,-897.415283,6.813853
15812.0,3.2526,1.2033,-0.009019,-0.009019,1.0,1.0,-23.157442,-897.401489,6.855205
15814.0,3.2567,1.3864,-0.008994,-0.008994,1.0,1.0,-23.165405,-897.387756,6.873784
15816.0,3.2598,1.8747,-0.008095,-0.008095,1.0,1.0,-23.173412,-897.373962,6.875756
15818.0,3.2619,1.8137,-0.008207,-0.008207,1.0,1.0,-23.181421,-897.360291,6.865954
15820.0,3.2637,1.6306,-0.008457,-0.008457,1.0,1.0,-23.189402,-897.346375,6.829376
15822.0,3.2655,1.6306,-0.008033,-0.008033,1.0,1.0,-23.197287,-897.333008,6.740623
15824.0,3.2696,1.9357,-0.006359,-0.006359,1.0,1.0,-23.204947,-897.319763,6.661664
15826.0,3.2746,1.7526,-0.00581,-0.00581,1.0,1.0,-23.212404,-897.306763,6.541753
15828.0,3.2775,1.6916,-0.004599,-0.004599,1.0,1.0,-23.219557,-897.293945,6.46825
15830.0,3.2826,1.7526,-0.003581,-0.003581,1.0,1.0,-23.226522,-897.281372,6.331941
15832.0,3.2878,1.7526,-0.002016,-0.002016,1.0,1.0,-23.233143,-897.268677,6.269138
15834.0,3.2907,1.8137,-0.001152,-0.001152,1.0,1.0,-23.239603,-897.25647,6.169643
15836.0,3.2951,1.6916,-0.000252,-0.000252,1.0,1.0,-23.245811,-897.244202,6.144643
15838.0,3.3001,1.7526,0.000245,0.000245,1.0,1.0,-23.251953,-897.232056,6.096615
15840.0,3.307,1.3254,-1.9e-05,-1.9e-05,1.0,1.0,-23.257973,-897.21991,6.097847
15842.0,3.3138,1.3254,9.9e-05,9.9e-05,1.0,1.0,-23.263992,-897.207642,6.113079
15844.0,3.3187,0.8982,-0.000887,-0.000887,1.0,1.0,-23.270048,-897.195068,6.160496
15846.0,3.3234,1.0202,-0.00105,-0.00105,1.0,1.0,-23.27622,-897.182617,6.207199
15848.0,3.3273,0.715,-0.002134,-0.002134,1.0,1.0,-23.282507,-897.170044,6.260391
15850.0,3.3299,0.4709,-0.00318,-0.00318,1.0,1.0,-23.288925,-897.157288,6.337413
15852.0,3.3325,0.4709,-0.003959,-0.003959,1.0,1.0,-23.295534,-897.14447,6.378701
15854.0,3.3351,0.1657,-0.005005,-0.005005,1.0,1.0,-23.302244,-897.13147,6.465394
15856.0,3.338,-0.3836,-0.007053,-0.007053,1.0,1.0,-23.30917,-897.118286,6.467124
15858.0,3.3392,-0.2005,-0.006657,-0.006657,1.0,1.0,-23.316097,-897.105225,6.511971
15860.0,3.3393,-0.3836,-0.007527,-0.007527,1.0,1.0,-23.323133,-897.092224,6.491812
15862.0,3.3393,-0.3836,-0.00731,-0.00731,1.0,1.0,-23.330116,-897.079224,6.504528
15864.0,3.3369,-0.6277,-0.008013,-0.008013,1.0,1.0,-23.33713,-897.066345,6.457034
15866.0,3.3357,-0.5667,-0.007397,-0.007397,1.0,1.0,-23.344021,-897.053589,6.420843
15868.0,3.3344,-0.5057,-0.006904,-0.006904,1.0,1.0,-23.350819,-897.040833,6.372417
15870.0,3.3333,-0.5057,-0.006405,-0.006405,1.0,1.0,-23.357491,-897.028015,6.328941
15872.0,3.3323,-0.5057,-0.005959,-0.005959,1.0,1.0,-23.364052,-897.015503,6.287397
15874.0,3.3313,-0.5057,-0.005529,-0.005529,1.0,1.0,-23.370506,-897.003052,6.255255
15876.0,3.3306,-0.5667,-0.005329,-0.005329,1.0,1.0,-23.376877,-896.990601,6.211526
15878.0,3.3298,-0.3836,-0.004482,-0.004482,1.0,1.0,-23.383135,-896.97821,6.217558
15880.0,3.329,-0.3836,-0.004561,-0.004561,1.0,1.0,-23.389406,-896.965698,6.236475
15882.0,3.3285,-0.5057,-0.005037,-0.005037,1.0,1.0,-23.395721,-896.952942,6.2612
15884.0,3.3271,-0.6277,-0.00559,-0.00559,1.0,1.0,-23.402096,-896.940369,6.28263
15886.0,3.3277,-0.6277,-0.00581,-0.00581,1.0,1.0,-23.408522,-896.927673,6.322681
15888.0,3.3278,-0.8719,-0.006759,-0.006759,1.0,1.0,-23.415047,-896.914917,6.365537
15890.0,3.328,-0.8719,-0.007215,-0.007215,1.0,1.0,-23.421677,-896.9021,6.400536
15892.0,3.3277,-0.9329,-0.007726,-0.007726,1.0,1.0,-23.428392,-896.889221,6.416121
15894.0,3.3262,-1.055,-0.008181,-0.008181,1.0,1.0,-23.435144,-896.876221,6.40472
15896.0,3.3226,-0.9939,-0.007998,-0.007998,1.0,1.0,-23.441864,-896.863342,6.428091
15898.0,3.3186,-0.9939,-0.008325,-0.008325,1.0,1.0,-23.448641,-896.850586,6.388761
15900.0,3.3146,-0.9939,-0.007979,-0.007979,1.0,1.0,-23.455315,-896.837891,6.362839
15902.0,3.3121,-0.9939,-0.007749,-0.007749,1.0,1.0,-23.461922,-896.825317,6.296586
15904.0,3.3098,-0.9939,-0.007082,-0.007082,1.0,1.0,-23.468359,-896.812866,6.26541
15906.0,3.3076,-0.9939,-0.006789,-0.006789,1.0,1.0,-23.474716,-896.800354,6.176554
15908.0,3.3058,-0.8108,-0.005476,-0.005476,1.0,1.0,-23.480846,-896.788086,6.135791
15910.0,3.3041,-0.8108,-0.005071,-0.005071,1.0,1.0,-23.486872,-896.776062,6.054392
15912.0,3.3021,-0.6888,-0.00397,-0.00397,1.0,1.0,-23.492691,-896.764099,6.024601
15914.0,3.2997,-0.5667,-0.003431,-0.003431,1.0,1.0,-23.498434,-896.752075,5.994611
15916.0,3.2975,-0.6277,-0.00328,-0.00328,1.0,1.0,-23.504099,-896.740173,5.987473
15918.0,3.2965,-0.6277,-0.003222,-0.003222,1.0,1.0,-23.509743,-896.728149,5.997174
15920.0,3.2955,-0.6277,-0.003346,-0.003346,1.0,1.0,-23.515409,-896.715942,6.000161
15922.0,3.2949,-0.8108,-0.003783,-0.003783,1.0,1.0,-23.521082,-896.703735,6.065782
15924.0,3.2939,-0.6888,-0.004248,-0.004248,1.0,1.0,-23.526917,-896.691528,6.098814
15926.0,3.2925,-0.9329,-0.005156,-0.005156,1.0,1.0,-23.532831,-896.679016,6.199801
15928.0,3.2901,-0.6888,-0.005765,-0.005765,1.0,1.0,-23.538998,-896.666504,6.239235
15930.0,3.2878,-0.6888,-0.006234,-0.006234,1.0,1.0,-23.545261,-896.653748,6.337384
15932.0,3.285,-0.8719,-0.007733,-0.007733,1.0,1.0,-23.551767,-896.640686,6.388641
15934.0,3.2822,-0.9329,-0.008465,-0.008465,1.0,1.0,-23.558401,-896.627686,6.486769
15936.0,3.2794,-0.7498,-0.009177,-0.009177,1.0,1.0,-23.565277,-896.614685,6.488582
15938.0,3.2766,-0.7498,-0.00925,-0.00925,1.0,1.0,-23.572155,-896.601563,6.531126
15940.0,3.274,-0.5057,-0.009233,-0.009233,1.0,1.0,-23.579138,-896.588501,6.545109
15942.0,3.2695,-0.4446,-0.009339,-0.009339,1.0,1.0,-23.586153,-896.575439,6.537273
15944.0,3.2673,-0.1394,-0.008647,-0.008647,1.0,1.0,-23.593145,-896.562378,6.520397
15946.0,3.2648,-0.0784,-0.008385,-0.008385,1.0,1.0,-23.600092,-896.549255,6.48224
15948.0,3.2622,-0.0784,-0.008025,-0.008025,1.0,1.0,-23.606941,-896.536377,6.457839
15950.0,3.2591,0.1047,-0.007433,-0.007433,1.0,1.0,-23.613726,-896.52356,6.42515
15952.0,3.2564,0.2268,-0.006874,-0.006874,1.0,1.0,-23.620426,-896.510742,6.4014
15954.0,3.2565,0.654,-0.005705,-0.005705,1.0,1.0,-23.627064,-896.497986,6.384337
15956.0,3.2582,0.8371,-0.005099,-0.005099,1.0,1.0,-23.633656,-896.485168,6.407296
15958.0,3.2598,0.8371,-0.005314,-0.005314,1.0,1.0,-23.640303,-896.472351,6.412969
15960.0,3.2608,0.8371,-0.005357,-0.005357,1.0,1.0,-23.646961,-896.459229,6.430079
15962.0,3.2623,0.8982,-0.005381,-0.005381,1.0,1.0,-23.65366,-896.446289,6.46651
15964.0,3.2625,1.0813,-0.005378,-0.005378,1.0,1.0,-23.660448,-896.433228,6.512047
15966.0,3.2628,1.0813,-0.005862,-0.005862,1.0,1.0,-23.667347,-896.420044,6.559306
15968.0,3.263,1.0813,-0.006363,-0.006363,1.0,1.0,-23.674362,-896.406738,6.616488
15970.0,3.2638,1.2644,-0.00657,-0.00657,1.0,1.0,-23.681519,-896.393433,6.629622
15972.0,3.2668,1.2033,-0.006783,-0.006783,1.0,1.0,-23.688705,-896.379944,6.637665
15974.0,3.2687,1.0202,-0.007224,-0.007224,1.0,1.0,-23.69591,-896.366699,6.628181
15976.0,3.2704,1.1423,-0.006831,-0.006831,1.0,1.0,-23.703087,-896.353455,6.625175
15978.0,3.272,1.1423,-0.006767,-0.006767,1.0,1.0,-23.710253,-896.340454,6.541187
15980.0,3.2763,1.5695,-0.004876,-0.004876,1.0,1.0,-23.717205,-896.327576,6.471986
15982.0,3.2777,1.6916,-0.003846,-0.003846,1.0,1.0,-23.723982,-896.314941,6.377351
15984.0,3.2793,1.2644,-0.00371,-0.00371,1.0,1.0,-23.730518,-896.302307,6.272285
15986.0,3.2826,1.0813,-0.002906,-0.002906,1.0,1.0,-23.736788,-896.290039,6.176751
15988.0,3.2859,1.0813,-0.001811,-0.001811,1.0,1.0,-23.742815,-896.277954,6.067923
15990.0,3.2902,1.3254,-2.8e-05,-2.8e-05,1.0,1.0,-23.748566,-896.265991,6.009222
15992.0,3.2932,1.3864,0.000799,0.000799,1.0,1.0,-23.754168,-896.254272,5.917991
15994.0,3.2976,1.3254,0.001745,0.001745,1.0,1.0,-23.759537,-896.242493,5.899801
15996.0,3.3036,1.0202,0.001403,0.001403,1.0,1.0,-23.764858,-896.230713,5.841303
15998.0,3.3096,1.0202,0.002155,0.002155,1.0,1.0,-23.770031,-896.218933,5.86214
16000.0,3.3149,0.7761,0.001504,0.001504,1.0,1.0,-23.775253,-896.207214,5.864172
16002.0,3.3181,0.4099,0.000756,0.000756,1.0,1.0,-23.780479,-896.195374,5.902736
16004.0,3.3199,0.0437,-0.000416,-0.000416,1.0,1.0,-23.785801,-896.183411,5.959461
16006.0,3.3216,0.0437,-0.000998,-0.000998,1.0,1.0,-23.791262,-896.171387,5.99988
16008.0,3.3248,0.0437,-0.001376,-0.001376,1.0,1.0,-23.796822,-896.158936,6.071231
16010.0,3.3273,-0.3226,-0.002885,-0.002885,1.0,1.0,-23.802559,-896.146729,6.09703
16012.0,3.3273,-0.4446,-0.003425,-0.003425,1.0,1.0,-23.808359,-896.134277,6.175458
16014.0,3.329,-0.6277,-0.00463,-0.00463,1.0,1.0,-23.814354,-896.121826,6.198405
16016.0,3.3307,-0.6277,-0.004846,-0.004846,1.0,1.0,-23.820404,-896.109375,6.217003
16018.0,3.3311,-1.055,-0.005951,-0.005951,1.0,1.0,-23.826498,-896.096924,6.226405
16020.0,3.3302,-1.177,-0.00633,-0.00633,1.0,1.0,-23.832613,-896.08429,6.221107
16022.0,3.3269,-1.116,-0.006206,-0.006206,1.0,1.0,-23.838713,-896.071899,6.19946
16024.0,3.3248,-0.9329,-0.005622,-0.005622,1.0,1.0,-23.844755,-896.059692,6.140596
16026.0,3.3226,-0.9329,-0.00503,-0.00503,1.0,1.0,-23.850647,-896.047485,6.110786
16028.0,3.3202,-1.2381,-0.005407,-0.005407,1.0,1.0,-23.856462,-896.0354,6.065247
16030.0,3.318,-1.2991,-0.005091,-0.005091,1.0,1.0,-23.862162,-896.023376,6.031726
16032.0,3.3162,-1.055,-0.004239,-0.004239,1.0,1.0,-23.867773,-896.011292,5.979486
16034.0,3.3132,-1.2381,-0.004126,-0.004126,1.0,1.0,-23.873251,-895.99939,5.954416
16036.0,3.3101,-1.2381,-0.003913,-0.003913,1.0,1.0,-23.878664,-895.987671,5.911168
16038.0,3.3078,-1.2991,-0.00362,-0.00362,1.0,1.0,-23.883966,-895.975769,5.927702
16040.0,3.306,-1.177,-0.003573,-0.003573,1.0,1.0,-23.889309,-895.963867,5.941211
16042.0,3.3042,-1.2991,-0.004014,-0.004014,1.0,1.0,-23.894684,-895.951904,5.964566
16044.0,3.3026,-1.3601,-0.004428,-0.004428,1.0,1.0,-23.900114,-895.939697,5.984184
16046.0,3.301,-1.3601,-0.00467,-0.00467,1.0,1.0,-23.905592,-895.927612,6.026217
16048.0,3.2985,-1.2991,-0.005041,-0.005041,1.0,1.0,-23.911173,-895.915527,6.059314
16050.0,3.2942,-1.4822,-0.005872,-0.005872,1.0,1.0,-23.916836,-895.90332,6.08615
16052.0,3.2901,-1.4822,-0.006241,-0.006241,1.0,1.0,-23.922564,-895.891052,6.104752
16054.0,3.2868,-1.5433,-0.006635,-0.006635,1.0,1.0,-23.928335,-895.878906,6.079712
16056.0,3.2835,-1.5433,-0.006429,-0.006429,1.0,1.0,-23.934042,-895.866455,6.109678
16058.0,3.2795,-1.6043,-0.006958,-0.006958,1.0,1.0,-23.939821,-895.854309,6.074959
16060.0,3.2759,-1.4822,-0.006391,-0.006391,1.0,1.0,-23.945511,-895.842163,6.063498
16062.0,3.2719,-1.4822,-0.006345,-0.006345,1.0,1.0,-23.95117,-895.8302,6.004021
16064.0,3.2675,-1.3601,-0.005526,-0.005526,1.0,1.0,-23.956676,-895.818359,5.969844
16066.0,3.2631,-1.3601,-0.005241,-0.005241,1.0,1.0,-23.962095,-895.80658,5.903908
16068.0,3.2603,-0.9329,-0.003667,-0.003667,1.0,1.0,-23.967346,-895.7948,5.833934
16070.0,3.2576,-0.9939,-0.003091,-0.003091,1.0,1.0,-23.97242,-895.783264,5.789758
16072.0,3.2553,-0.8719,-0.002395,-0.002395,1.0,1.0,-23.977381,-895.771912,5.712249
16074.0,3.2529,-0.8719,-0.001598,-0.001598,1.0,1.0,-23.982143,-895.760498,5.706132
16076.0,3.2514,-0.6277,-0.001036,-0.001036,1.0,1.0,-23.986889,-895.749146,5.669188
16078.0,3.249,-0.8719,-0.001205,-0.001205,1.0,1.0,-23.991541,-895.737671,5.677128
16080.0,3.2473,-0.8719,-0.001323,-0.001323,1.0,1.0,-23.99621,-895.726318,5.667077
16082.0,3.246,-1.177,-0.001895,-0.001895,1.0,1.0,-24.000853,-895.714966,5.685841
16084.0,3.2447,-1.177,-0.002124,-0.002124,1.0,1.0,-24.005541,-895.70343,5.73001
16086.0,3.2418,-1.2991,-0.002924,-0.002924,1.0,1.0,-24.010338,-895.691895,5.764422
16088.0,3.2403,-0.9329,-0.002538,-0.002538,1.0,1.0,-24.015219,-895.680054,5.845155
16090.0,3.2382,-1.055,-0.003715,-0.003715,1.0,1.0,-24.020302,-895.668091,5.881298
16092.0,3.2365,-1.3601,-0.004795,-0.004795,1.0,1.0,-24.025473,-895.656067,5.96877
16094.0,3.2347,-1.3601,-0.005773,-0.005773,1.0,1.0,-24.030861,-895.643982,6.018601
16096.0,3.2315,-1.2381,-0.006111,-0.006111,1.0,1.0,-24.036373,-895.631775,6.074024
16098.0,3.2287,-1.116,-0.006499,-0.006499,1.0,1.0,-24.042023,-895.619507,6.108383
16100.0,3.225,-1.116,-0.00694,-0.00694,1.0,1.0,-24.047756,-895.607239,6.116868
16102.0,3.2217,-0.8719,-0.006571,-0.006571,1.0,1.0,-24.053509,-895.594666,6.16156
16104.0,3.2185,-0.8719,-0.007115,-0.007115,1.0,1.0,-24.05937,-895.582397,6.145565
16106.0,3.2131,-0.8108,-0.006914,-0.006914,1.0,1.0,-24.065189,-895.570068,6.144522
16108.0,3.2093,-0.5667,-0.006453,-0.006453,1.0,1.0,-24.071003,-895.557922,6.101484
16110.0,3.2068,-0.3226,-0.005514,-0.005514,1.0,1.0,-24.076708,-895.545776,6.075508
16112.0,3.2038,-0.2005,-0.005031,-0.005031,1.0,1.0,-24.082344,-895.533691,6.049773
16114.0,3.2007,-0.2005,-0.004812,-0.004812,1.0,1.0,-24.087914,-895.521484,6.015815
16116.0,3.1986,-0.0784,-0.004225,-0.004225,1.0,1.0,-24.093395,-895.509521,5.99558
16118.0,3.1985,0.1657,-0.003484,-0.003484,1.0,1.0,-24.098824,-895.49762,5.973733
16120.0,3.1977,0.2268,-0.003133,-0.003133,1.0,1.0,-24.104195,-895.485596,5.999461
16122.0,3.1968,0.5319,-0.002775,-0.002775,1.0,1.0,-24.109629,-895.473633,5.991804
16124.0,3.1958,0.5319,-0.00271,-0.00271,1.0,1.0,-24.115042,-895.461426,6.00687
16126.0,3.1961,0.654,-0.002606,-0.002606,1.0,1.0,-24.120491,-895.449341,6.033377
16128.0,3.1988,0.5319,-0.003102,-0.003102,1.0,1.0,-24.126003,-895.437073,6.083531
16130.0,3.1985,0.5319,-0.00365,-0.00365,1.0,1.0,-24.131639,-895.424866,6.110604
16132.0,3.1983,0.593,-0.003816,-0.003816,1.0,1.0,-24.137342,-895.412476,6.159965
16134.0,3.198,0.593,-0.004353,-0.004353,1.0,1.0,-24.143167,-895.400146,6.171808
16136.0,3.199,0.593,-0.004462,-0.004462,1.0,1.0,-24.149019,-895.387573,6.185263
16138.0,3.2002,0.7761,-0.004192,-0.004192,1.0,1.0,-24.154903,-895.375183,6.171548
16140.0,3.2011,0.654,-0.004289,-0.004289,1.0,1.0,-24.160749,-895.362915,6.157579
16142.0,3.202,0.654,-0.004122,-0.004122,1.0,1.0,-24.166559,-895.350586,6.146267
16144.0,3.2039,0.8371,-0.00357,-0.00357,1.0,1.0,-24.172338,-895.338623,6.053062
16146.0,3.2056,0.7761,-0.002661,-0.002661,1.0,1.0,-24.177881,-895.32666,5.999927
16148.0,3.2065,0.654,-0.002331,-0.002331,1.0,1.0,-24.183287,-895.314697,5.90373
16150.0,3.2074,0.5319,-0.001534,-0.001534,1.0,1.0,-24.18845,-895.303223,5.808227
16152.0,3.2083,0.5319,-0.00048,-0.00048,1.0,1.0,-24.193371,-895.291809,5.741374
16154.0,3.2103,0.654,0.000548,0.000548,1.0,1.0,-24.198122,-895.28064,5.627714
16156.0,3.2126,0.654,0.00183,0.00183,1.0,1.0,-24.202585,-895.269531,5.578002
16158.0,3.2151,0.5319,0.002155,0.002155,1.0,1.0,-24.206921,-895.258484,5.482724
16160.0,3.2172,0.5319,0.003234,0.003234,1.0,1.0,-24.211016,-895.24762,5.456313
16162.0,3.2194,0.5319,0.003562,0.003562,1.0,1.0,-24.215042,-895.236816,5.419046
16164.0,3.2233,0.3488,0.00365,0.00365,1.0,1.0,-24.218973,-895.226074,5.38264
16166.0,3.2262,0.1047,0.003575,0.003575,1.0,1.0,-24.222813,-895.21521,5.411852
16168.0,3.2282,-0.2005,0.00264,0.00264,1.0,1.0,-24.226723,-895.204468,5.401425
16170.0,3.2287,-0.5057,0.002107,0.002107,1.0,1.0,-24.230606,-895.193237,5.464606
16172.0,3.2292,-0.5057,0.001429,0.001429,1.0,1.0,-24.234646,-895.182251,5.486917
16174.0,3.2301,-0.5057,0.001204,0.001204,1.0,1.0,-24.238741,-895.171204,5.518429
16176.0,3.2306,-0.7498,0.000346,0.000346,1.0,1.0,-24.242912,-895.159973,5.581766
16178.0,3.2304,-0.9939,-0.000873,-0.000873,1.0,1.0,-24.247242,-895.148682,5.609194
16180.0,3.2283,-1.177,-0.001606,-0.001606,1.0,1.0,-24.251638,-895.137146,5.668066
16182.0,3.2261,-1.177,-0.002287,-0.002287,1.0,1.0,-24.256182,-895.125671,5.705544
16184.0,3.2246,-1.177,-0.002725,-0.002725,1.0,1.0,-24.260817,-895.114319,5.696027
16186.0,3.2245,-1.2381,-0.002754,-0.002754,1.0,1.0,-24.265427,-895.102905,5.714802
16188.0,3.2227,-1.177,-0.002863,-0.002863,1.0,1.0,-24.270081,-895.091492,5.696489
16190.0,3.2199,-1.3601,-0.003111,-0.003111,1.0,1.0,-24.274687,-895.080078,5.698896
16192.0,3.2171,-1.3601,-0.00319,-0.00319,1.0,1.0,-24.279299,-895.068604,5.654462
16194.0,3.2141,-1.2381,-0.002501,-0.002501,1.0,1.0,-24.283796,-895.057434,5.615545
16196.0,3.2122,-1.2381,-0.002115,-0.002115,1.0,1.0,-24.288195,-895.046265,5.579754
16198.0,3.2099,-1.116,-0.001506,-0.001506,1.0,1.0,-24.292501,-895.035278,5.534049
16200.0,3.2077,-1.116,-0.001052,-0.001052,1.0,1.0,-24.296692,-895.024292,5.502809
16202.0,3.2034,-1.2991,-0.001189,-0.001189,1.0,1.0,-24.300802,-895.013245,5.458816
16204.0,3.2018,-1.2381,-0.000609,-0.000609,1.0,1.0,-24.3048,-895.002441,5.431267
16206.0,3.1991,-1.4822,-0.000886,-0.000886,1.0,1.0,-24.308727,-894.991699,5.386051
16208.0,3.1977,-1.3601,-0.000158,-0.000158,1.0,1.0,-24.312538,-894.980835,5.393305
16210.0,3.1964,-1.3601,-0.000263,-0.000263,1.0,1.0,-24.316366,-894.970093,5.404784
16212.0,3.1936,-1.2991,-0.00031,-0.00031,1.0,1.0,-24.320221,-894.959229,5.420589
16214.0,3.1917,-1.2991,-0.000518,-0.000518,1.0,1.0,-24.324114,-894.948181,5.422417
16216.0,3.1891,-1.4212,-0.00085,-0.00085,1.0,1.0,-24.328011,-894.937317,5.437349
16218.0,3.1872,-1.2991,-0.000786,-0.000786,1.0,1.0,-24.331944,-894.926331,5.474063
16220.0,3.1854,-1.2991,-0.001221,-0.001221,1.0,1.0,-24.335966,-894.915283,5.496531
16222.0,3.181,-1.4822,-0.001943,-0.001943,1.0,1.0,-24.340044,-894.904236,5.521613
16224.0,3.179,-1.5433,-0.002387,-0.002387,1.0,1.0,-24.344183,-894.893188,5.533504
16226.0,3.1767,-1.6653,-0.002821,-0.002821,1.0,1.0,-24.348351,-894.881958,5.516465
16228.0,3.1733,-1.4822,-0.002307,-0.002307,1.0,1.0,-24.352474,-894.870911,5.535992
16230.0,3.17,-1.4822,-0.002585,-0.002585,1.0,1.0,-24.356646,-894.859924,5.501248
16232.0,3.1668,-1.2991,-0.001873,-0.001873,1.0,1.0,-24.360727,-894.848999,5.474349
16234.0,3.1652,-1.2381,-0.001481,-0.001481,1.0,1.0,-24.36474,-894.838135,5.45016
16236.0,3.1621,-1.4212,-0.00167,-0.00167,1.0,1.0,-24.36869,-894.827393,5.387785
16238.0,3.1596,-1.6653,-0.001564,-0.001564,1.0,1.0,-24.372482,-894.816528,5.359683
16240.0,3.1571,-1.6653,-0.001306,-0.001306,1.0,1.0,-24.376202,-894.80603,5.298157
16242.0,3.1528,-1.5433,-0.000456,-0.000456,1.0,1.0,-24.379765,-894.795593,5.235006
16244.0,3.1506,-1.2381,0.000844,0.000844,1.0,1.0,-24.383169,-894.785217,5.202842
16246.0,3.1486,-1.2991,0.001025,0.001025,1.0,1.0,-24.38649,-894.775024,5.127151
16248.0,3.1476,-1.4822,0.001435,0.001435,1.0,1.0,-24.38962,-894.764832,5.107973
16250.0,3.1466,-1.4822,0.001624,0.001624,1.0,1.0,-24.3927,-894.754517,5.085001
16252.0,3.1433,-1.6653,0.001417,0.001417,1.0,1.0,-24.395721,-894.744446,5.051815
16254.0,3.14,-1.7264,0.001584,0.001584,1.0,1.0,-24.398659,-894.734253,5.078931
16256.0,3.138,-1.6043,0.001513,0.001513,1.0,1.0,-24.401663,-894.724182,5.050086
16258.0,3.134,-1.9095,0.001093,0.001093,1.0,1.0,-24.404593,-894.713989,5.07994
16260.0,3.1299,-1.9095,0.000691,0.000691,1.0,1.0,-24.407597,-894.703735,5.10514
16262.0,3.126,-1.7874,0.000603,0.000603,1.0,1.0,-24.410664,-894.693359,5.124697
16264.0,3.1223,-1.7874,0.00032,0.00032,1.0,1.0,-24.413778,-894.682861,5.199233
16266.0,3.1188,-1.9705,-0.000952,-0.000952,1.0,1.0,-24.417078,-894.672363,5.224672
16268.0,3.1153,-1.9705,-0.001296,-0.001296,1.0,1.0,-24.420441,-894.661804,5.272113
16270.0,3.1111,-1.9705,-0.001892,-0.001892,1.0,1.0,-24.423922,-894.651062,5.338364
16272.0,3.106,-1.9095,-0.00258,-0.00258,1.0,1.0,-24.427567,-894.64032,5.353637
16274.0,3.1021,-1.9705,-0.002953,-0.002953,1.0,1.0,-24.43125,-894.629272,5.432738
16276.0,3.0973,-2.0926,-0.004168,-0.004168,1.0,1.0,-24.435129,-894.618408,5.41175
16278.0,3.0926,-2.0926,-0.00403,-0.00403,1.0,1.0,-24.438955,-894.607544,5.425889
16280.0,3.0879,-2.0315,-0.004143,-0.004143,1.0,1.0,-24.442816,-894.596619,5.460222
16282.0,3.0825,-1.9095,-0.004357,-0.004357,1.0,1.0,-24.44676,-894.585754,5.442907
16284.0,3.0775,-1.8484,-0.004134,-0.004134,1.0,1.0,-24.450659,-894.57489,5.432801
16286.0,3.0736,-1.6043,-0.003573,-0.003573,1.0,1.0,-24.454531,-894.564087,5.411268
16288.0,3.0698,-1.6043,-0.003412,-0.003412,1.0,1.0,-24.458347,-894.553223,5.365945
16290.0,3.0671,-1.5433,-0.00284,-0.00284,1.0,1.0,-24.462049,-894.542542,5.349758
16292.0,3.0636,-1.5433,-0.00273,-0.00273,1.0,1.0,-24.465708,-894.531921,5.32419
16294.0,3.0599,-1.3601,-0.00213,-0.00213,1.0,1.0,-24.469301,-894.521362,5.289696
16296.0,3.0568,-1.4212,-0.001945,-0.001945,1.0,1.0,-24.472807,-894.510864,5.269483
16298.0,3.0537,-1.4212,-0.001785,-0.001785,1.0,1.0,-24.476259,-894.500183,5.253331
16300.0,3.0502,-1.116,-0.001021,-0.001021,1.0,1.0,-24.47967,-894.489624,5.268509
16302.0,3.0479,-1.116,-0.00123,-0.00123,1.0,1.0,-24.483118,-894.479126,5.252029
16304.0,3.0453,-1.055,-0.000969,-0.000969,1.0,1.0,-24.486523,-894.468628,5.260869
16306.0,3.0424,-0.8108,-0.000595,-0.000595,1.0,1.0,-24.489948,-894.458069,5.274263
16308.0,3.0396,-0.8108,-0.000795,-0.000795,1.0,1.0,-24.493406,-894.44751,5.291497
16310.0,3.0365,-0.9329,-0.001305,-0.001305,1.0,1.0,-24.496906,-894.436768,5.320656
16312.0,3.0316,-1.055,-0.001979,-0.001979,1.0,1.0,-24.500479,-894.425903,5.343203
16314.0,3.0274,-0.7498,-0.001649,-0.001649,1.0,1.0,-24.504107,-894.4151,5.384907
16316.0,3.0248,-0.7498,-0.002152,-0.002152,1.0,1.0,-24.507837,-894.404297,5.393617
16318.0,3.0222,-0.7498,-0.002296,-0.002296,1.0,1.0,-24.511589,-894.393555,5.387299
16320.0,3.0214,-0.5057,-0.001719,-0.001719,1.0,1.0,-24.515322,-894.38269,5.404186
16322.0,3.0201,-0.3836,-0.001665,-0.001665,1.0,1.0,-24.519096,-894.371948,5.389008
16324.0,3.0193,-0.2615,-0.001251,-0.001251,1.0,1.0,-24.522831,-894.361084,5.360162
16326.0,3.0183,-0.3836,-0.00122,-0.00122,1.0,1.0,-24.526491,-894.350403,5.347765
16328.0,3.0172,-0.3836,-0.001106,-0.001106,1.0,1.0,-24.530119,-894.339966,5.266944
16330.0,3.0184,-0.1394,0.000322,0.000322,1.0,1.0,-24.533543,-894.329407,5.212387
16332.0,3.0174,-0.4446,0.00024,0.00024,1.0,1.0,-24.536829,-894.319153,5.151917
16334.0,3.0166,-0.5057,0.000752,0.000752,1.0,1.0,-24.539961,-894.309143,5.056468
16336.0,3.0159,-0.5057,0.001776,0.001776,1.0,1.0,-24.542852,-894.299194,5.012887
16338.0,3.0149,-0.2005,0.002888,0.002888,1.0,1.0,-24.545633,-894.287415,4.913764
16340.0,3.0153,-0.2615,0.003843,0.003843,1.0,1.0,-24.548164,-894.279541,4.856266
16342.0,3.0137,-0.2615,0.004437,0.004437,1.0,1.0,-24.550549,-894.270142,4.819475
16344.0,3.0138,-0.2005,0.004971,0.004971,1.0,1.0,-24.552839,-894.260681,4.754459
16346.0,3.0139,-0.2005,0.005681,0.005681,1.0,1.0,-24.554966,-894.251343,4.704484
16348.0,3.0137,-0.3226,0.005958,0.005958,1.0,1.0,-24.556967,-894.240112,4.683255
16350.0,3.0147,-0.5667,0.005683,0.005683,1.0,1.0,-24.558914,-894.232544,4.6329
16352.0,3.0165,-0.6888,0.006004,0.006004,1.0,1.0,-24.560734,-894.223328,4.634368
16354.0,3.0179,-0.9329,0.00549,0.00549,1.0,1.0,-24.562555,-894.213989,4.640709
16356.0,3.0193,-0.9329,0.005447,0.005447,1.0,1.0,-24.564392,-894.204773,4.634654
16358.0,3.0213,-1.116,0.005157,0.005157,1.0,1.0,-24.566214,-894.193665,4.676248
16360.0,3.0193,-1.4822,0.003879,0.003879,1.0,1.0,-24.568138,-894.185974,4.691499
16362.0,3.0182,-1.6043,0.00343,0.00343,1.0,1.0,-24.570101,-894.176453,4.687459
16364.0,3.0155,-1.7874,0.003028,0.003028,1.0,1.0,-24.572052,-894.166931,4.74014
16366.0,3.0128,-1.7874,0.002403,0.002403,1.0,1.0,-24.574135,-894.15741,4.75949
16368.0,3.0087,-1.8484,0.001983,0.001983,1.0,1.0,-24.576265,-894.14624,4.775642
16370.0,3.0054,-2.0926,0.001219,0.001219,1.0,1.0,-24.578436,-894.138184,4.813921
16372.0,3.0035,-2.2146,0.000503,0.000503,1.0,1.0,-24.580702,-894.128296,4.848415
16374.0,3.0015,-2.3367,-0.000173,-0.000173,1.0,1.0,-24.583054,-894.118713,4.814237
16376.0,2.9996,-2.3367,0.000162,0.000162,1.0,1.0,-24.58532,-894.109009,4.843746
16378.0,2.9962,-2.5198,-0.000617,-0.000617,1.0,1.0,-24.587658,-894.0979,4.821151
16380.0,2.9906,-2.3977,-0.000217,-0.000217,1.0,1.0,-24.589939,-894.089722,4.805667
16382.0,2.9843,-2.2757,9.4e-05,9.4e-05,1.0,1.0,-24.59218,-894.080078,4.814976
16384.0,2.9771,-2.2757,-0.000146,-0.000146,1.0,1.0,-24.594444,-894.070618,4.764331
16386.0,2.9699,-2.2757,0.000266,0.000266,1.0,1.0,-24.596581,-894.061035,4.728464
16388.0,2.9658,-2.2757,0.000578,0.000578,1.0,1.0,-24.598625,-894.050415,4.711049
16390.0,2.9619,-2.5198,0.000167,0.000167,1.0,1.0,-24.600626,-894.042358,4.667219
16392.0,2.9598,-2.7029,0.00021,0.00021,1.0,1.0,-24.602514,-894.033142,4.631864
16394.0,2.9577,-2.7029,0.000555,0.000555,1.0,1.0,-24.604313,-894.023926,4.614028
16396.0,2.953,-2.7029,0.000659,0.000659,1.0,1.0,-24.606068,-894.014648,4.578197
16398.0,2.9479,-2.6419,0.001083,0.001083,1.0,1.0,-24.607731,-894.004517,4.548707
16400.0,2.9404,-2.5809,0.001391,0.001391,1.0,1.0,-24.60932,-893.996582,4.518956
16402.0,2.9326,-2.5809,0.001565,0.001565,1.0,1.0,-24.610832,-893.98761,4.499382
16404.0,2.9249,-2.5809,0.001629,0.001629,1.0,1.0,-24.612295,-893.978577,4.506288
16406.0,2.9204,-2.6419,0.001337,0.001337,1.0,1.0,-24.613775,-893.969543,4.513736
16408.0,2.9196,-2.6419,0.00124,0.00124,1.0,1.0,-24.615273,-893.959473,4.509587
16410.0,2.9184,-2.764,0.001,0.001,1.0,1.0,-24.61676,-893.951355,4.512146
16412.0,2.9141,-3.0691,0.000233,0.000233,1.0,1.0,-24.618254,-893.942322,4.520598
16414.0,2.9098,-3.0691,5.8e-05,5.8e-05,1.0,1.0,-24.619768,-893.933228,4.536926
16416.0,2.9001,-3.1302,-0.000437,-0.000437,1.0,1.0,-24.621323,-893.924133,4.550451
16418.0,2.8896,-2.825,-0.000128,-0.000128,1.0,1.0,-24.62291,-893.914063,4.558583
16420.0,2.8838,-2.5809,0.000197,0.000197,1.0,1.0,-24.624517,-893.90564,4.574021
16422.0,2.8833,-2.7029,-0.000244,-0.000244,1.0,1.0,-24.626163,-893.896484,4.582049
16424.0,2.8827,-2.7029,-0.000342,-0.000342,1.0,1.0,-24.627829,-893.887329,4.571312
16426.0,2.8817,-3.2522,-0.001425,-0.001425,1.0,1.0,-24.629465,-893.878296,4.533718
16428.0,2.8762,-3.3133,-0.001253,-0.001253,1.0,1.0,-24.631006,-893.868347,4.567872
16430.0,2.8645,-3.4353,-0.002113,-0.002113,1.0,1.0,-24.632633,-893.860046,4.537321
16432.0,2.8527,-3.1912,-0.00148,-0.00148,1.0,1.0,-24.634184,-893.850891,4.516076
16434.0,2.841,-3.1912,-0.001474,-0.001474,1.0,1.0,-24.635679,-893.841919,4.502986
16436.0,2.835,-3.1302,-0.001316,-0.001316,1.0,1.0,-24.637142,-893.833008,4.453967
16438.0,2.8334,-3.0691,-0.000683,-0.000683,1.0,1.0,-24.638481,-893.823669,4.420888
16440.0,2.8315,-3.1912,-0.00062,-0.00062,1.0,1.0,-24.639736,-893.81543,4.407621
16442.0,2.8238,-3.1912,-0.000624,-0.000624,1.0,1.0,-24.640957,-893.806763,4.344998
16444.0,2.8162,-3.1912,-9e-05,-9e-05,1.0,1.0,-24.642021,-893.798096,4.305894
16446.0,2.8041,-3.1912,0.000104,0.000104,1.0,1.0,-24.642986,-893.789551,4.288131
16448.0,2.7963,-2.9471,0.000674,0.000674,1.0,1.0,-24.643906,-893.780701,4.22947
16450.0,2.7943,-2.9471,0.001273,0.001273,1.0,1.0,-24.644678,-893.772766,4.188787
16452.0,2.7932,-3.2522,0.001038,0.001038,1.0,1.0,-24.645348,-893.764404,4.19774
16454.0,2.7921,-3.2522,0.00092,0.00092,1.0,1.0,-24.64604,-893.756104,4.163818
16456.0,2.784,-3.4353,0.00074,0.00074,1.0,1.0,-24.646646,-893.747681,4.139585
16458.0,2.7716,-3.3133,0.001028,0.001028,1.0,1.0,-24.647192,-893.739075,4.156324
16460.0,2.7633,-3.1912,0.000948,0.000948,1.0,1.0,-24.647779,-893.731079,4.144156
16462.0,2.755,-3.1912,0.000922,0.000922,1.0,1.0,-24.648336,-893.722839,4.128356
16464.0,2.7542,-3.3743,0.000685,0.000685,1.0,1.0,-24.648853,-893.714478,4.155914
16466.0,2.753,-3.7405,-0.000426,-0.000426,1.0,1.0,-24.649439,-893.706116,4.17786
16468.0,2.745,-3.6795,-0.000686,-0.000686,1.0,1.0,-24.65008,-893.69751,4.172818
16470.0,2.7305,-3.6184,-0.000779,-0.000779,1.0,1.0,-24.650707,-893.689209,4.208466
16472.0,2.716,-3.6184,-0.001446,-0.001446,1.0,1.0,-24.651424,-893.680603,4.25209
16474.0,2.7068,-3.5574,-0.001965,-0.001965,1.0,1.0,-24.65225,-893.672119,4.258893
16476.0,2.704,-3.7405,-0.002487,-0.002487,1.0,1.0,-24.653093,-893.663513,4.287337
16478.0,2.7016,-3.7405,-0.002842,-0.002842,1.0,1.0,-24.654007,-893.654602,4.343083
16480.0,2.6908,-3.7405,-0.003656,-0.003656,1.0,1.0,-24.65506,-893.645935,4.347147
16482.0,2.68,-3.7405,-0.003908,-0.003908,1.0,1.0,-24.656122,-893.637146,4.367818
16484.0,2.6652,-3.7405,-0.004416,-0.004416,1.0,1.0,-24.657236,-893.628235,4.437922
16486.0,2.6577,-3.5574,-0.004931,-0.004931,1.0,1.0,-24.658525,-893.619446,4.399738
16488.0,2.6558,-3.5574,-0.00455,-0.00455,1.0,1.0,-24.659719,-893.610657,4.405681
16490.0,2.6506,-3.6184,-0.004846,-0.004846,1.0,1.0,-24.660929,-893.601746,4.427716
16492.0,2.6454,-3.6184,-0.005186,-0.005186,1.0,1.0,-24.662191,-893.592773,4.428507
16494.0,2.6302,-3.4964,-0.005223,-0.005223,1.0,1.0,-24.663456,-893.583923,4.414236
16496.0,2.6177,-3.1912,-0.004653,-0.004653,1.0,1.0,-24.664684,-893.575134,4.404583
16498.0,2.615,-3.0691,-0.004337,-0.004337,1.0,1.0,-24.665888,-893.566345,4.401718
16500.0,2.6129,-3.2522,-0.00474,-0.00474,1.0,1.0,-24.667084,-893.557617,4.366601
16502.0,2.6107,-3.2522,-0.004399,-0.004399,1.0,1.0,-24.66819,-893.54895,4.346829
16504.0,2.6009,-3.1302,-0.00411,-0.00411,1.0,1.0,-24.669247,-893.540161,4.333676
16506.0,2.5872,-3.0081,-0.003968,-0.003968,1.0,1.0,-24.670271,-893.531616,4.307871
16508.0,2.5819,-2.5809,-0.00287,-0.00287,1.0,1.0,-24.671228,-893.52301,4.292882
16510.0,2.5827,-2.7029,-0.002954,-0.002954,1.0,1.0,-24.67215,-893.514465,4.276922
16512.0,2.5835,-2.7029,-0.002765,-0.002765,1.0,1.0,-24.673029,-893.505981,4.255268
16514.0,2.5791,-2.825,-0.002875,-0.002875,1.0,1.0,-24.673855,-893.497498,4.248037
16516.0,2.5669,-2.764,-0.0029,-0.0029,1.0,1.0,-24.674662,-893.488831,4.261921
16518.0,2.5584,-2.6419,-0.002951,-0.002951,1.0,1.0,-24.675503,-893.480347,4.248583
16520.0,2.5579,-2.886,-0.003342,-0.003342,1.0,1.0,-24.67631,-893.471802,4.251346
16522.0,2.5573,-2.886,-0.003383,-0.003383,1.0,1.0,-24.677124,-893.463318,4.250721
16524.0,2.5537,-2.5809,-0.002788,-0.002788,1.0,1.0,-24.677937,-893.454773,4.267065
16526.0,2.5433,-2.4588,-0.002905,-0.002905,1.0,1.0,-24.678789,-893.446167,4.282959
16528.0,2.534,-2.4588,-0.003257,-0.003257,1.0,1.0,-24.679682,-893.437439,4.293983
16530.0,2.5246,-2.4588,-0.003555,-0.003555,1.0,1.0,-24.680601,-893.428833,4.320722
16532.0,2.5243,-2.4588,-0.003853,-0.003853,1.0,1.0,-24.681587,-893.420166,4.326178
16534.0,2.521,-2.2757,-0.003582,-0.003582,1.0,1.0,-24.682587,-893.411377,4.355393
16536.0,2.512,-2.2146,-0.003941,-0.003941,1.0,1.0,-24.683659,-893.40271,4.341012
16538.0,2.505,-2.0315,-0.003526,-0.003526,1.0,1.0,-24.684694,-893.394043,4.343298
16540.0,2.4979,-2.0315,-0.003686,-0.003686,1.0,1.0,-24.685736,-893.385132,4.362982
16542.0,2.4973,-2.1536,-0.004174,-0.004174,1.0,1.0,-24.686827,-893.376587,4.315391
16544.0,2.4942,-2.2146,-0.003847,-0.003847,1.0,1.0,-24.687798,-893.36792,4.327614
16546.0,2.484,-2.0926,-0.003914,-0.003914,1.0,1.0,-24.688799,-893.359314,4.312859
16548.0,2.4767,-1.6653,-0.002975,-0.002975,1.0,1.0,-24.689762,-893.350708,4.298059
16550.0,2.4693,-1.6653,-0.002955,-0.002955,1.0,1.0,-24.690687,-893.342163,4.239972
16552.0,2.47,-1.6043,-0.00218,-0.00218,1.0,1.0,-24.691467,-893.333801,4.198462
16554.0,2.4682,-1.6653,-0.001893,-0.001893,1.0,1.0,-24.692142,-893.325439,4.174787
16556.0,2.4604,-1.7264,-0.001917,-0.001917,1.0,1.0,-24.692759,-893.317261,4.115183
16558.0,2.4549,-1.4212,-0.000717,-0.000717,1.0,1.0,-24.693224,-893.309265,4.052836
16560.0,2.4495,-1.4212,-0.000142,-0.000142,1.0,1.0,-24.693533,-893.301208,4.028966
16562.0,2.4524,-1.6653,-0.000352,-0.000352,1.0,1.0,-24.693781,-893.293213,3.976647
16564.0,2.4499,-1.7874,-9.3e-05,-9.3e-05,1.0,1.0,-24.693897,-893.2854,3.912519
16566.0,2.4421,-1.7264,0.000586,0.000586,1.0,1.0,-24.693853,-893.27771,3.867872
16568.0,2.4383,-1.7264,0.001,0.001,1.0,1.0,-24.693697,-893.27002,3.848078
16570.0,2.4346,-1.7264,0.001143,0.001143,1.0,1.0,-24.693491,-893.262512,3.790066
16572.0,2.4353,-2.0315,0.001133,0.001133,1.0,1.0,-24.69314,-893.255005,3.764116
16574.0,2.4304,-1.7264,0.001977,0.001977,1.0,1.0,-24.692722,-893.247375,3.760651
16576.0,2.4247,-1.9095,0.001511,0.001511,1.0,1.0,-24.692297,-893.23999,3.732513
16578.0,2.4262,-1.8484,0.001978,0.001978,1.0,1.0,-24.691801,-893.232605,3.693672
16580.0,2.4278,-1.8484,0.00243,0.00243,1.0,1.0,-24.691208,-893.22522,3.694484
16582.0,2.4275,-2.1536,0.00176,0.00176,1.0,1.0,-24.690617,-893.217773,3.708169
16584.0,2.4197,-2.2757,0.0012,0.0012,1.0,1.0,-24.69006,-893.210449,3.693718
16586.0,2.4143,-2.4588,0.00086,0.00086,1.0,1.0,-24.689466,-893.202942,3.689253
16588.0,2.409,-2.4588,0.000805,0.000805,1.0,1.0,-24.688864,-893.195435,3.725353
16590.0,2.4083,-2.7029,-0.000126,-0.000126,1.0,1.0,-24.688351,-893.187927,3.745153
16592.0,2.4015,-2.5198,-7.7e-05,-7.7e-05,1.0,1.0,-24.687887,-893.18042,3.739337
16594.0,2.3951,-2.3367,0.000256,0.000256,1.0,1.0,-24.68741,-893.172974,3.749172
16596.0,2.3945,-2.5198,-0.000255,-0.000255,1.0,1.0,-24.686958,-893.165283,3.789537
16598.0,2.394,-2.5198,-0.000705,-0.000705,1.0,1.0,-24.686607,-893.157593,3.791385
16600.0,2.3899,-2.7029,-0.001197,-0.001197,1.0,1.0,-24.686262,-893.150024,3.792479
16602.0,2.382,-2.5198,-0.000968,-0.000968,1.0,1.0,-24.685919,-893.142334,3.822722
16604.0,2.3789,-2.5198,-0.001355,-0.001355,1.0,1.0,-24.685652,-893.134644,3.844277
16606.0,2.3756,-2.764,-0.002179,-0.002179,1.0,1.0,-24.68544,-893.126892,3.855787
16608.0,2.3722,-2.764,-0.002369,-0.002369,1.0,1.0,-24.685257,-893.119263,3.821029
16610.0,2.3631,-2.6419,-0.001904,-0.001904,1.0,1.0,-24.684986,-893.11145,3.848393
16612.0,2.3589,-2.6419,-0.002282,-0.002282,1.0,1.0,-24.684784,-893.10376,3.840153
16614.0,2.3554,-2.886,-0.002784,-0.002784,1.0,1.0,-24.684561,-893.09613,3.827507
16616.0,2.3461,-2.764,-0.002561,-0.002561,1.0,1.0,-24.684307,-893.088501,3.810563
16618.0,2.3369,-2.764,-0.002554,-0.002554,1.0,1.0,-24.68401,-893.080811,3.821495
16620.0,2.3314,-2.4588,-0.002122,-0.002122,1.0,1.0,-24.683741,-893.073303,3.783088
16622.0,2.3304,-2.4588,-0.001724,-0.001724,1.0,1.0,-24.683374,-893.065674,3.759619
16624.0,2.323,-2.825,-0.002398,-0.002398,1.0,1.0,-24.682951,-893.058228,3.740157
16626.0,2.3161,-2.825,-0.002319,-0.002319,1.0,1.0,-24.682478,-893.050781,3.725318
16628.0,2.3092,-2.825,-0.00229,-0.00229,1.0,1.0,-24.681969,-893.043457,3.693694
16630.0,2.3063,-2.825,-0.002001,-0.002001,1.0,1.0,-24.681379,-893.036133,3.671689
16632.0,2.2977,-2.5809,-0.001402,-0.001402,1.0,1.0,-24.680735,-893.028809,3.655261
16634.0,2.29,-2.6419,-0.001501,-0.001501,1.0,1.0,-24.68005,-893.021545,3.643993
16636.0,2.2883,-2.6419,-0.001412,-0.001412,1.0,1.0,-24.679337,-893.014282,3.608203
16638.0,2.2866,-2.6419,-0.001055,-0.001055,1.0,1.0,-24.678534,-893.00708,3.587587
16640.0,2.2804,-2.5809,-0.000819,-0.000819,1.0,1.0,-24.677679,-892.999878,3.589762
16642.0,2.2742,-2.5198,-0.000831,-0.000831,1.0,1.0,-24.67683,-892.99292,3.54061
16644.0,2.2737,-2.7029,-0.000699,-0.000699,1.0,1.0,-24.675858,-892.985779,3.552466
16646.0,2.2668,-2.825,-0.001223,-0.001223,1.0,1.0,-24.674915,-892.978699,3.550903
16648.0,2.2598,-2.825,-0.001339,-0.001339,1.0,1.0,-24.673969,-892.971436,3.551879
16650.0,2.2536,-2.5809,-0.000944,-0.000944,1.0,1.0,-24.673027,-892.964355,3.546579
16652.0,2.2513,-2.825,-0.001455,-0.001455,1.0,1.0,-24.672071,-892.957275,3.55414
16654.0,2.2429,-2.886,-0.001831,-0.001831,1.0,1.0,-24.671135,-892.950134,3.549549
16656.0,2.2344,-2.886,-0.001944,-0.001944,1.0,1.0,-24.670187,-892.943054,3.555217
16658.0,2.2286,-2.7029,-0.001723,-0.001723,1.0,1.0,-24.669254,-892.935913,3.564649
16660.0,2.2253,-2.825,-0.002151,-0.002151,1.0,1.0,-24.668346,-892.928589,3.579402
16662.0,2.2154,-2.886,-0.002634,-0.002634,1.0,1.0,-24.667475,-892.921448,3.57823
16664.0,2.2103,-2.764,-0.002455,-0.002455,1.0,1.0,-24.666601,-892.914307,3.587947
16666.0,2.2053,-2.764,-0.002657,-0.002657,1.0,1.0,-24.665752,-892.907104,3.592159
16668.0,2.2025,-2.7029,-0.002627,-0.002627,1.0,1.0,-24.664915,-892.899841,3.605802
16670.0,2.1938,-2.6419,-0.00281,-0.00281,1.0,1.0,-24.664112,-892.8927,3.593294
16672.0,2.1907,-2.764,-0.002996,-0.002996,1.0,1.0,-24.663279,-892.885376,3.59082
16674.0,2.1847,-2.825,-0.003216,-0.003216,1.0,1.0,-24.662437,-892.878357,3.546236
16676.0,2.1787,-2.825,-0.002846,-0.002846,1.0,1.0,-24.661486,-892.871094,3.602762
16678.0,2.1688,-2.7029,-0.003388,-0.003388,1.0,1.0,-24.660677,-892.863953,3.565997
16680.0,2.1668,-2.3977,-0.002372,-0.002372,1.0,1.0,-24.659775,-892.856873,3.551431
16682.0,2.1604,-2.6419,-0.002861,-0.002861,1.0,1.0,-24.658836,-892.849731,3.536014
16684.0,2.1527,-2.4588,-0.002446,-0.002446,1.0,1.0,-24.65786,-892.842651,3.534333
16686.0,2.1451,-2.4588,-0.002574,-0.002574,1.0,1.0,-24.656879,-892.835693,3.494262
16688.0,2.1439,-2.5198,-0.002292,-0.002292,1.0,1.0,-24.6558,-892.828796,3.465736
16690.0,2.1357,-2.3977,-0.001877,-0.001877,1.0,1.0,-24.654648,-892.821899,3.460819
16692.0,2.1305,-2.3367,-0.001792,-0.001792,1.0,1.0,-24.653484,-892.814941,3.452152
16694.0,2.1279,-2.5809,-0.002271,-0.002271,1.0,1.0,-24.6523,-892.808228,3.403551
16696.0,2.1254,-2.5809,-0.001791,-0.001791,1.0,1.0,-24.650993,-892.801392,3.370581
16698.0,2.1165,-2.3977,-0.00121,-0.00121,1.0,1.0,-24.649605,-892.794678,3.365417
16700.0,2.1123,-2.4588,-0.001366,-0.001366,1.0,1.0,-24.648203,-892.787964,3.351192
16702.0,2.108,-2.3977,-0.001161,-0.001161,1.0,1.0,-24.646767,-892.781433,3.300065
16704.0,2.0996,-2.2757,-0.000504,-0.000504,1.0,1.0,-24.645203,-892.774902,3.272307
16706.0,2.0912,-2.2757,-0.000363,-0.000363,1.0,1.0,-24.64357,-892.76825,3.278383
16708.0,2.0902,-2.2757,-0.000449,-0.000449,1.0,1.0,-24.641953,-892.761719,3.266083
16710.0,2.0844,-2.4588,-0.000819,-0.000819,1.0,1.0,-24.640305,-892.755249,3.243912
16712.0,2.0791,-2.3367,-0.000418,-0.000418,1.0,1.0,-24.638601,-892.74884,3.223514
16714.0,2.0777,-2.6419,-0.000879,-0.000879,1.0,1.0,-24.636848,-892.742371,3.231178
16716.0,2.0763,-2.6419,-0.00099,-0.00099,1.0,1.0,-24.635115,-892.73584,3.236638
16718.0,2.0681,-2.6419,-0.001206,-0.001206,1.0,1.0,-24.633396,-892.729492,3.215152
16720.0,2.0648,-2.5198,-0.000773,-0.000773,1.0,1.0,-24.631624,-892.722961,3.204762
16722.0,2.0594,-2.764,-0.001289,-0.001289,1.0,1.0,-24.629827,-892.716492,3.224951
16724.0,2.054,-2.764,-0.001613,-0.001613,1.0,1.0,-24.628082,-892.709961,3.247649
16726.0,2.0454,-2.5198,-0.001499,-0.001499,1.0,1.0,-24.626394,-892.703491,3.23894
16728.0,2.0439,-2.6419,-0.001696,-0.001696,1.0,1.0,-24.624685,-892.697021,3.239253
16730.0,2.0369,-2.6419,-0.001833,-0.001833,1.0,1.0,-24.622976,-892.69043,3.265323
16732.0,2.0324,-2.5809,-0.002072,-0.002072,1.0,1.0,-24.621334,-892.683716,3.297534
16734.0,2.0279,-2.5809,-0.002509,-0.002509,1.0,1.0,-24.619774,-892.677124,3.293914
16736.0,2.0251,-2.886,-0.003179,-0.003179,1.0,1.0,-24.618206,-892.670532,3.3018
16738.0,2.0158,-2.825,-0.003312,-0.003312,1.0,1.0,-24.616657,-892.663879,3.319818
16740.0,2.0138,-2.764,-0.003416,-0.003416,1.0,1.0,-24.615154,-892.657104,3.355452
16742.0,2.0052,-2.764,-0.003968,-0.003968,1.0,1.0,-24.613743,-892.650391,3.359598
16744.0,1.9967,-2.764,-0.004177,-0.004177,1.0,1.0,-24.612341,-892.643677,3.356933
16746.0,1.9901,-2.7029,-0.004144,-0.004144,1.0,1.0,-24.610933,-892.636841,3.368275
16748.0,1.9855,-2.825,-0.004618,-0.004618,1.0,1.0,-24.609554,-892.629883,3.429135
16750.0,1.9759,-2.6419,-0.00507,-0.00507,1.0,1.0,-24.60833,-892.623169,3.389814
16752.0,1.9734,-2.4588,-0.004297,-0.004297,1.0,1.0,-24.607006,-892.616394,3.380882
16754.0,1.9709,-2.4588,-0.004248,-0.004248,1.0,1.0,-24.605661,-892.609619,3.394104
16756.0,1.9642,-2.5809,-0.004783,-0.004783,1.0,1.0,-24.604349,-892.602783,3.413802
16758.0,1.9591,-2.2757,-0.004439,-0.004439,1.0,1.0,-24.603088,-892.595825,3.405815
16760.0,1.9538,-2.3977,-0.004716,-0.004716,1.0,1.0,-24.601807,-892.58905,3.39525
16762.0,1.945,-2.0315,-0.003983,-0.003983,1.0,1.0,-24.6005,-892.582275,3.385631
16764.0,1.9362,-2.0315,-0.004048,-0.004048,1.0,1.0,-24.599169,-892.575562,3.384072
16766.0,1.9346,-2.0926,-0.004192,-0.004192,1.0,1.0,-24.597836,-892.568848,3.366488
16768.0,1.9293,-2.0926,-0.004102,-0.004102,1.0,1.0,-24.596458,-892.562195,3.340058
16770.0,1.9245,-2.0926,-0.003906,-0.003906,1.0,1.0,-24.595015,-892.55542,3.327002
16772.0,1.9204,-2.0315,-0.003711,-0.003711,1.0,1.0,-24.593538,-892.548828,3.314048
16774.0,1.9164,-2.0315,-0.003648,-0.003648,1.0,1.0,-24.592031,-892.542175,3.311778
16776.0,1.9095,-1.7264,-0.0031,-0.0031,1.0,1.0,-24.590519,-892.535645,3.284157
16778.0,1.9087,-1.9095,-0.003208,-0.003208,1.0,1.0,-24.588938,-892.529114,3.270988
16780.0,1.9041,-1.7264,-0.002759,-0.002759,1.0,1.0,-24.587324,-892.522644,3.254573
16782.0,1.9013,-1.6043,-0.002372,-0.002372,1.0,1.0,-24.585669,-892.516052,3.24642
16784.0,1.8985,-1.6043,-0.002337,-0.002337,1.0,1.0,-24.583994,-892.509583,3.233022
16786.0,1.8945,-1.9095,-0.002923,-0.002923,1.0,1.0,-24.582287,-892.503174,3.22839
16788.0,1.8887,-1.7264,-0.002591,-0.002591,1.0,1.0,-24.580568,-892.496704,3.225571
16790.0,1.8883,-1.6043,-0.002305,-0.002305,1.0,1.0,-24.578844,-892.490234,3.228775
16792.0,1.8879,-1.6043,-0.002347,-0.002347,1.0,1.0,-24.577127,-892.483826,3.212283
16794.0,1.8825,-1.3601,-0.001747,-0.001747,1.0,1.0,-24.575371,-892.477295,3.211144
16796.0,1.8812,-1.7264,-0.002548,-0.002548,1.0,1.0,-24.573612,-892.470886,3.2081
16798.0,1.8758,-1.3601,-0.00183,-0.00183,1.0,1.0,-24.571846,-892.464478,3.20787
16800.0,1.8743,-1.4822,-0.00212,-0.00212,1.0,1.0,-24.57008,-892.45813,3.201802
16802.0,1.8727,-1.4822,-0.002084,-0.002084,1.0,1.0,-24.5683,-892.45166,3.207237
16804.0,1.8707,-1.5433,-0.002313,-0.002313,1.0,1.0,-24.566534,-892.445251,3.218749
16806.0,1.8679,-1.4212,-0.00223,-0.00223,1.0,1.0,-24.564798,-892.438782,3.21826
16808.0,1.8645,-1.8484,-0.003207,-0.003207,1.0,1.0,-24.563061,-892.432251,3.223705
16810.0,1.8584,-1.2991,-0.002203,-0.002203,1.0,1.0,-24.561338,-892.425781,3.226561
16812.0,1.8523,-1.2991,-0.002351,-0.002351,1.0,1.0,-24.559624,-892.419312,3.238094
16814.0,1.8518,-1.2381,-0.002355,-0.002355,1.0,1.0,-24.55794,-892.412781,3.248922
16816.0,1.847,-1.2991,-0.002696,-0.002696,1.0,1.0,-24.556282,-892.406311,3.234499
16818.0,1.8482,-1.3601,-0.002648,-0.002648,1.0,1.0,-24.55459,-892.39978,3.220652
16820.0,1.8444,-1.7264,-0.003356,-0.003356,1.0,1.0,-24.552864,-892.393311,3.225946
16822.0,1.8407,-1.7264,-0.003485,-0.003485,1.0,1.0,-24.551151,-892.386841,3.228305
16824.0,1.837,-1.4822,-0.003058,-0.003058,1.0,1.0,-24.549444,-892.380493,3.200288
16826.0,1.8328,-1.6043,-0.003096,-0.003096,1.0,1.0,-24.547668,-892.374084,3.201468
16828.0,1.8287,-1.2381,-0.0024,-0.0024,1.0,1.0,-24.545897,-892.367554,3.195138
16830.0,1.8277,-1.7874,-0.003532,-0.003532,1.0,1.0,-24.544109,-892.361267,3.180514
16832.0,1.8266,-1.7874,-0.003393,-0.003393,1.0,1.0,-24.542286,-892.354919,3.177152
16834.0,1.8226,-1.3601,-0.002516,-0.002516,1.0,1.0,-24.540455,-892.348633,3.148486
16836.0,1.8213,-1.5433,-0.002621,-0.002621,1.0,1.0,-24.538553,-892.342468,3.101219
16838.0,1.8168,-1.2381,-0.001537,-0.001537,1.0,1.0,-24.536533,-892.336365,3.080349
16840.0,1.815,-1.5433,-0.002,-0.002,1.0,1.0,-24.534462,-892.330139,3.064576
16842.0,1.8133,-1.5433,-0.001862,-0.001862,1.0,1.0,-24.532351,-892.324036,3.043327
16844.0,1.8088,-1.5433,-0.001718,-0.001718,1.0,1.0,-24.530188,-892.318115,2.995265
16846.0,1.8075,-1.3601,-0.000826,-0.000826,1.0,1.0,-24.527905,-892.312256,2.956068
16848.0,1.8037,-1.7264,-0.00126,-0.00126,1.0,1.0,-24.525524,-892.306396,2.933802
16850.0,1.7998,-1.7264,-0.001091,-0.001091,1.0,1.0,-24.523088,-892.300537,2.924881
16852.0,1.7977,-1.5433,-0.00064,-0.00064,1.0,1.0,-24.520632,-892.294739,2.889017
16854.0,1.7952,-1.9095,-0.001086,-0.001086,1.0,1.0,-24.518085,-892.289063,2.839796
16856.0,1.7921,-1.6653,-8.6e-05,-8.6e-05,1.0,1.0,-24.515417,-892.283508,2.810437
16858.0,1.7903,-2.0315,-0.000587,-0.000587,1.0,1.0,-24.512676,-892.277954,2.793638
16860.0,1.7886,-2.0315,-0.000437,-0.000437,1.0,1.0,-24.509893,-892.272339,2.782491
16862.0,1.7844,-1.4822,0.000785,0.000785,1.0,1.0,-24.507084,-892.266846,2.756111
16864.0,1.7803,-2.0315,-0.000189,-0.000189,1.0,1.0,-24.50421,-892.261414,2.715415
16866.0,1.7771,-1.6653,0.000981,0.000981,1.0,1.0,-24.501234,-892.256042,2.697031
16868.0,1.7752,-2.1536,9.4e-05,9.4e-05,1.0,1.0,-24.498213,-892.25061,2.69837
16870.0,1.7733,-2.1536,4.3e-05,4.3e-05,1.0,1.0,-24.495197,-892.245239,2.694147
16872.0,1.7702,-1.8484,0.000686,0.000686,1.0,1.0,-24.492172,-892.239929,2.666307
16874.0,1.768,-2.0926,0.000422,0.000422,1.0,1.0,-24.489079,-892.23468,2.636373
16876.0,1.7659,-2.0315,0.000838,0.000838,1.0,1.0,-24.48591,-892.229431,2.621583
16878.0,1.7627,-2.5809,-0.000244,-0.000244,1.0,1.0,-24.482706,-892.22406,2.632386
16880.0,1.7594,-2.5809,-0.000424,-0.000424,1.0,1.0,-24.47953,-892.21875,2.639536
16882.0,1.754,-2.5809,-0.000606,-0.000606,1.0,1.0,-24.476374,-892.213501,2.627289
16884.0,1.7497,-2.825,-0.00108,-0.00108,1.0,1.0,-24.473188,-892.208374,2.610218
16886.0,1.7448,-2.5198,-0.000333,-0.000333,1.0,1.0,-24.469961,-892.203125,2.60886
16888.0,1.7407,-2.825,-0.001053,-0.001053,1.0,1.0,-24.466732,-892.197876,2.632922
16890.0,1.7366,-2.825,-0.001392,-0.001392,1.0,1.0,-24.463564,-892.192444,2.65158
16892.0,1.732,-2.7029,-0.001421,-0.001421,1.0,1.0,-24.460443,-892.187195,2.633338
16894.0,1.7279,-2.886,-0.001695,-0.001695,1.0,1.0,-24.457279,-892.181946,2.62527
16896.0,1.7217,-2.7029,-0.001334,-0.001334,1.0,1.0,-24.454096,-892.176697,2.63148
16898.0,1.7176,-3.0691,-0.002266,-0.002266,1.0,1.0,-24.45093,-892.171387,2.644345
16900.0,1.7136,-3.0691,-0.002483,-0.002483,1.0,1.0,-24.447796,-892.166016,2.659335
16902.0,1.7069,-3.3133,-0.003301,-0.003301,1.0,1.0,-24.444702,-892.160645,2.657491
16904.0,1.7015,-3.1912,-0.003122,-0.003122,1.0,1.0,-24.441605,-892.155396,2.646472
16906.0,1.6965,-3.0691,-0.002835,-0.002835,1.0,1.0,-24.43848,-892.150085,2.646239
16908.0,1.6906,-3.4964,-0.003864,-0.003864,1.0,1.0,-24.435356,-892.144775,2.653495
16910.0,1.6848,-3.4964,-0.004056,-0.004056,1.0,1.0,-24.432253,-892.139404,2.666391
16912.0,1.6789,-3.1302,-0.003521,-0.003521,1.0,1.0,-24.429182,-892.134094,2.667795
16914.0,1.6712,-3.6795,-0.004864,-0.004864,1.0,1.0,-24.426117,-892.128601,2.675925
16916.0,1.6665,-3.1912,-0.003995,-0.003995,1.0,1.0,-24.423073,-892.123352,2.64293
16918.0,1.6617,-3.1912,-0.003727,-0.003727,1.0,1.0,-24.419947,-892.118103,2.639751
16920.0,1.654,-3.5574,-0.004628,-0.004628,1.0,1.0,-24.416815,-892.112793,2.65474
16922.0,1.6497,-3.3133,-0.004349,-0.004349,1.0,1.0,-24.413721,-892.107422,2.660963
16924.0,1.6397,-3.7405,-0.005526,-0.005526,1.0,1.0,-24.410645,-892.102173,2.639142
16926.0,1.6338,-3.0691,-0.003958,-0.003958,1.0,1.0,-24.407515,-892.096802,2.635168
16928.0,1.6279,-3.0691,-0.004028,-0.004028,1.0,1.0,-24.404375,-892.091553,2.633686
16930.0,1.6172,-3.4964,-0.005137,-0.005137,1.0,1.0,-24.401234,-892.086304,2.635735
16932.0,1.6132,-2.764,-0.003661,-0.003661,1.0,1.0,-24.398098,-892.080994,2.634878
16934.0,1.6037,-3.3133,-0.005015,-0.005015,1.0,1.0,-24.394962,-892.075806,2.616309
16936.0,1.6023,-2.7029,-0.003527,-0.003527,1.0,1.0,-24.391781,-892.070679,2.588604
16938.0,1.6009,-2.7029,-0.003252,-0.003252,1.0,1.0,-24.388531,-892.06543,2.572877
16940.0,1.5928,-3.5574,-0.005075,-0.005075,1.0,1.0,-24.385242,-892.060303,2.566919
16942.0,1.5884,-3.1912,-0.004307,-0.004307,1.0,1.0,-24.381941,-892.055176,2.557446
16944.0,1.5784,-3.5574,-0.005183,-0.005183,1.0,1.0,-24.378616,-892.05011,2.544864
16946.0,1.5712,-3.0691,-0.004134,-0.004134,1.0,1.0,-24.375261,-892.045044,2.533787
16948.0,1.564,-3.0691,-0.004151,-0.004151,1.0,1.0,-24.371881,-892.039978,2.515361
16950.0,1.5563,-3.0081,-0.003968,-0.003968,1.0,1.0,-24.368456,-892.034973,2.507097
16952.0,1.5511,-3.0691,-0.004109,-0.004109,1.0,1.0,-24.365011,-892.029968,2.502701
16954.0,1.5455,-3.0081,-0.004037,-0.004037,1.0,1.0,-24.361557,-892.024963,2.496453
16956.0,1.5379,-3.3743,-0.004902,-0.004902,1.0,1.0,-24.358088,-892.02002,2.479076
16958.0,1.5304,-3.3743,-0.004858,-0.004858,1.0,1.0,-24.354576,-892.015137,2.462079
16960.0,1.5244,-2.886,-0.003739,-0.003739,1.0,1.0,-24.351023,-892.010254,2.456043
16962.0,1.5153,-3.3133,-0.004765,-0.004765,1.0,1.0,-24.347456,-892.00531,2.458977
16964.0,1.5108,-2.764,-0.003703,-0.003703,1.0,1.0,-24.343899,-892.000305,2.452043
16966.0,1.5019,-3.0081,-0.004324,-0.004324,1.0,1.0,-24.340324,-891.995483,2.420859
16968.0,1.4929,-3.0081,-0.004156,-0.004156,1.0,1.0,-24.336674,-891.990662,2.425041
16970.0,1.4892,-2.5809,-0.003354,-0.003354,1.0,1.0,-24.333035,-891.985779,2.428131
16972.0,1.4832,-3.0691,-0.004553,-0.004553,1.0,1.0,-24.329405,-891.980957,2.424311
16974.0,1.4788,-2.886,-0.004203,-0.004203,1.0,1.0,-24.325768,-891.976135,2.418952
16976.0,1.4721,-2.9471,-0.004404,-0.004404,1.0,1.0,-24.322119,-891.971191,2.425335
16978.0,1.4654,-2.9471,-0.004601,-0.004601,1.0,1.0,-24.318487,-891.966309,2.419764
16980.0,1.4582,-3.3133,-0.005467,-0.005467,1.0,1.0,-24.314842,-891.961487,2.419233
16982.0,1.453,-2.764,-0.00438,-0.00438,1.0,1.0,-24.311197,-891.956665,2.420551
16984.0,1.4452,-3.0081,-0.005069,-0.005069,1.0,1.0,-24.307558,-891.951782,2.423513
16986.0,1.4374,-3.0081,-0.005251,-0.005251,1.0,1.0,-24.303928,-891.94696,2.421832
16988.0,1.4332,-2.764,-0.004788,-0.004788,1.0,1.0,-24.300295,-891.942078,2.417417
16990.0,1.4248,-3.1302,-0.005689,-0.005689,1.0,1.0,-24.296652,-891.937195,2.427665
16992.0,1.4184,-2.6419,-0.004873,-0.004873,1.0,1.0,-24.293036,-891.932312,2.43908
16994.0,1.4094,-2.764,-0.005433,-0.005433,1.0,1.0,-24.28945,-891.927368,2.448882
16996.0,1.4004,-2.764,-0.005712,-0.005712,1.0,1.0,-24.285891,-891.922485,2.446356
16998.0,1.3948,-2.5198,-0.005267,-0.005267,1.0,1.0,-24.282326,-891.917603,2.450795
17000.0,1.3881,-2.4588,-0.005314,-0.005314,1.0,1.0,-24.278774,-891.912598,2.453538
17002.0,1.3839,-2.4588,-0.005423,-0.005423,1.0,1.0,-24.27523,-891.907715,2.454
17004.0,1.3821,-2.0926,-0.004676,-0.004676,1.0,1.0,-24.271688,-891.902771,2.459069
17006.0,1.3802,-2.0926,-0.004766,-0.004766,1.0,1.0,-24.268162,-891.897888,2.452344
17008.0,1.3743,-2.4588,-0.005595,-0.005595,1.0,1.0,-24.26462,-891.893005,2.446973
17010.0,1.3709,-2.2146,-0.005077,-0.005077,1.0,1.0,-24.261065,-891.888123,2.440545
17012.0,1.3619,-2.4588,-0.005704,-0.005704,1.0,1.0,-24.257496,-891.883179,2.438872
17014.0,1.358,-1.9095,-0.004579,-0.004579,1.0,1.0,-24.253923,-891.878357,2.414733
17016.0,1.3542,-1.9095,-0.00439,-0.00439,1.0,1.0,-24.250292,-891.873413,2.455735
17018.0,1.349,-2.0926,-0.00533,-0.00533,1.0,1.0,-24.246765,-891.86853,2.439188
17020.0,1.3471,-1.9095,-0.004792,-0.004792,1.0,1.0,-24.243198,-891.863708,2.421571
17022.0,1.3438,-1.9095,-0.004665,-0.004665,1.0,1.0,-24.239588,-891.858887,2.407023
17024.0,1.339,-2.0315,-0.00486,-0.00486,1.0,1.0,-24.235943,-891.854004,2.400195
17026.0,1.3343,-2.0315,-0.004876,-0.004876,1.0,1.0,-24.232283,-891.849182,2.41021
17028.0,1.3297,-1.7874,-0.004548,-0.004548,1.0,1.0,-24.228649,-891.84436,2.405044
17030.0,1.3227,-1.8484,-0.004758,-0.004758,1.0,1.0,-24.225004,-891.8396,2.387907
17032.0,1.3199,-1.4822,-0.003838,-0.003838,1.0,1.0,-24.221317,-891.8349,2.369338
17034.0,1.3144,-1.6653,-0.004136,-0.004136,1.0,1.0,-24.217585,-891.8302,2.357707
17036.0,1.3088,-1.6653,-0.004116,-0.004116,1.0,1.0,-24.213825,-891.825439,2.355144
17038.0,1.3066,-1.177,-0.00308,-0.00308,1.0,1.0,-24.21006,-891.82074,2.352246
17040.0,1.3054,-1.2991,-0.003334,-0.003334,1.0,1.0,-24.206289,-891.81604,2.343619
17042.0,1.3024,-1.4822,-0.003693,-0.003693,1.0,1.0,-24.202499,-891.811462,2.310383
17044.0,1.2993,-1.4822,-0.00339,-0.00339,1.0,1.0,-24.198627,-891.806885,2.299336
17046.0,1.2971,-1.177,-0.002655,-0.002655,1.0,1.0,-24.194729,-891.802246,2.275528
17048.0,1.2928,-1.2991,-0.002741,-0.002741,1.0,1.0,-24.190771,-891.797729,2.277834
17050.0,1.2921,-1.2991,-0.002779,-0.002779,1.0,1.0,-24.186821,-891.793152,2.267696
17052.0,1.2893,-1.6043,-0.003379,-0.003379,1.0,1.0,-24.182848,-891.788696,2.251111
17054.0,1.2865,-1.6043,-0.003252,-0.003252,1.0,1.0,-24.178835,-891.784241,2.231217
17056.0,1.2854,-1.2991,-0.002401,-0.002401,1.0,1.0,-24.174772,-891.779846,2.209106
17058.0,1.2832,-1.5433,-0.002728,-0.002728,1.0,1.0,-24.170656,-891.775391,2.194325
17060.0,1.2777,-1.8484,-0.003328,-0.003328,1.0,1.0,-24.166504,-891.770996,2.199056
17062.0,1.2739,-1.6043,-0.002928,-0.002928,1.0,1.0,-24.162365,-891.766602,2.206422
17064.0,1.2701,-1.6043,-0.003082,-0.003082,1.0,1.0,-24.158247,-891.762207,2.201063
17066.0,1.2656,-1.7264,-0.003372,-0.003372,1.0,1.0,-24.154118,-891.757813,2.184397
17068.0,1.2628,-1.2991,-0.002325,-0.002325,1.0,1.0,-24.149948,-891.753479,2.171986
17070.0,1.2606,-1.2381,-0.002102,-0.002102,1.0,1.0,-24.145748,-891.749207,2.161041
17072.0,1.2595,-1.4822,-0.002528,-0.002528,1.0,1.0,-24.141523,-891.744751,2.166105
17074.0,1.2585,-1.4822,-0.002604,-0.002604,1.0,1.0,-24.137312,-891.740417,2.178981
17076.0,1.2577,-1.5433,-0.002889,-0.002889,1.0,1.0,-24.133135,-891.736084,2.163836
17078.0,1.2537,-1.7264,-0.003195,-0.003195,1.0,1.0,-24.128922,-891.731812,2.145834
17080.0,1.2513,-1.4822,-0.002521,-0.002521,1.0,1.0,-24.124664,-891.727539,2.132049
17082.0,1.2453,-1.7264,-0.00301,-0.00301,1.0,1.0,-24.120375,-891.723206,2.136142
17084.0,1.2394,-1.7264,-0.003168,-0.003168,1.0,1.0,-24.116096,-891.718933,2.150519
17086.0,1.2349,-1.6653,-0.003279,-0.003279,1.0,1.0,-24.111856,-891.713684,2.168047
17088.0,1.2321,-1.6653,-0.003524,-0.003524,1.0,1.0,-24.107662,-891.710083,2.164631
17090.0,1.2294,-1.7874,-0.003801,-0.003801,1.0,1.0,-24.10346,-891.705933,2.157082
17092.0,1.2285,-1.7264,-0.003606,-0.003606,1.0,1.0,-24.099241,-891.70166,2.149589
17094.0,1.2275,-1.7264,-0.003543,-0.003543,1.0,1.0,-24.095005,-891.697266,2.152475
17096.0,1.2236,-1.7874,-0.00378,-0.00378,1.0,1.0,-24.090778,-891.692139,2.169635
17098.0,1.2193,-1.7874,-0.00405,-0.00405,1.0,1.0,-24.086597,-891.688477,2.181744
17100.0,1.2145,-2.0315,-0.004798,-0.004798,1.0,1.0,-24.082447,-891.684143,2.193713
17102.0,1.2093,-1.9705,-0.004898,-0.004898,1.0,1.0,-24.078329,-891.67981,2.185184
17104.0,1.2041,-1.9705,-0.004905,-0.004905,1.0,1.0,-24.074192,-891.675415,2.182592
17106.0,1.2007,-1.6653,-0.004285,-0.004285,1.0,1.0,-24.070049,-891.670227,2.18755
17108.0,1.1959,-1.9095,-0.004956,-0.004956,1.0,1.0,-24.065922,-891.666565,2.193969
17110.0,1.1936,-1.6043,-0.004415,-0.004415,1.0,1.0,-24.061811,-891.662109,2.211746
17112.0,1.1912,-1.6043,-0.004654,-0.004654,1.0,1.0,-24.057747,-891.657715,2.212905
17114.0,1.1905,-1.7264,-0.004943,-0.004943,1.0,1.0,-24.053686,-891.653259,2.220406
17116.0,1.1859,-1.8484,-0.005375,-0.005375,1.0,1.0,-24.049646,-891.648071,2.208685
17118.0,1.1838,-1.6043,-0.004763,-0.004763,1.0,1.0,-24.04558,-891.644409,2.201923
17120.0,1.1782,-1.8484,-0.005322,-0.005322,1.0,1.0,-24.041498,-891.639954,2.208774
17122.0,1.1725,-1.8484,-0.005504,-0.005504,1.0,1.0,-24.037434,-891.635498,2.217684
17124.0,1.1682,-1.6653,-0.00529,-0.00529,1.0,1.0,-24.033394,-891.63092,2.265659
17126.0,1.1648,-1.6043,-0.005748,-0.005748,1.0,1.0,-24.029476,-891.625732,2.235925
17128.0,1.1612,-1.6043,-0.005493,-0.005493,1.0,1.0,-24.025486,-891.62207,2.211872
17130.0,1.1605,-1.2381,-0.004456,-0.004456,1.0,1.0,-24.021437,-891.617554,2.211554
17132.0,1.1599,-1.2381,-0.004465,-0.004465,1.0,1.0,-24.017387,-891.613159,2.216112
17134.0,1.1559,-1.6653,-0.005509,-0.005509,1.0,1.0,-24.013351,-891.608704,2.218373
17136.0,1.1509,-1.5433,-0.005368,-0.005368,1.0,1.0,-24.009323,-891.603577,2.234357
17138.0,1.1483,-1.4822,-0.005461,-0.005461,1.0,1.0,-24.005337,-891.599792,2.232003
17140.0,1.1423,-1.6653,-0.005944,-0.005944,1.0,1.0,-24.001347,-891.595337,2.227754
17142.0,1.1363,-1.6653,-0.006012,-0.006012,1.0,1.0,-23.997347,-891.590942,2.215314
17144.0,1.1338,-0.9939,-0.004483,-0.004483,1.0,1.0,-23.993317,-891.586426,2.210547
17146.0,1.1304,-1.177,-0.004888,-0.004888,1.0,1.0,-23.989277,-891.581421,2.209245
17148.0,1.1281,-1.116,-0.004789,-0.004789,1.0,1.0,-23.985235,-891.577637,2.200956
17150.0,1.1297,-0.9939,-0.004404,-0.004404,1.0,1.0,-23.981174,-891.573242,2.187011
17152.0,1.1314,-0.9939,-0.00422,-0.00422,1.0,1.0,-23.977079,-891.568909,2.181102
17154.0,1.1292,-1.4822,-0.005247,-0.005247,1.0,1.0,-23.972971,-891.564575,2.16468
17156.0,1.1262,-1.4822,-0.005127,-0.005127,1.0,1.0,-23.968824,-891.559753,2.148643
17158.0,1.1236,-1.4212,-0.004871,-0.004871,1.0,1.0,-23.964638,-891.555969,2.139334
17160.0,1.1177,-1.6043,-0.005277,-0.005277,1.0,1.0,-23.96043,-891.551697,2.137566
17162.0,1.1118,-1.6043,-0.005371,-0.005371,1.0,1.0,-23.956221,-891.547424,2.13193
17164.0,1.1103,-1.2381,-0.00455,-0.00455,1.0,1.0,-23.951998,-891.543213,2.127718
17166.0,1.1076,-1.6043,-0.005344,-0.005344,1.0,1.0,-23.947765,-891.538574,2.113231
17168.0,1.1052,-1.4212,-0.004839,-0.004839,1.0,1.0,-23.943499,-891.53479,2.105837
17170.0,1.1057,-1.2381,-0.004356,-0.004356,1.0,1.0,-23.939215,-891.530518,2.090216
17172.0,1.1061,-1.2381,-0.004177,-0.004177,1.0,1.0,-23.934895,-891.526367,2.082657
17174.0,1.102,-1.7874,-0.005354,-0.005354,1.0,1.0,-23.930557,-891.522278,2.071541
17176.0,1.0988,-1.4212,-0.004508,-0.004508,1.0,1.0,-23.926193,-891.5177,2.064543
17178.0,1.0956,-1.4822,-0.004624,-0.004624,1.0,1.0,-23.921814,-891.514038,2.063179
17180.0,1.0924,-1.4822,-0.004671,-0.004671,1.0,1.0,-23.917433,-891.509949,2.053368
17182.0,1.0863,-1.7874,-0.005338,-0.005338,1.0,1.0,-23.913029,-891.505859,2.047868
17184.0,1.0848,-1.4212,-0.00452,-0.00452,1.0,1.0,-23.908611,-891.501709,2.041583
17186.0,1.0816,-1.7264,-0.005168,-0.005168,1.0,1.0,-23.904181,-891.497314,2.043203
17188.0,1.0779,-1.5433,-0.004864,-0.004864,1.0,1.0,-23.899755,-891.49353,2.044068
17190.0,1.0741,-1.5433,-0.004945,-0.004945,1.0,1.0,-23.895334,-891.489502,2.032229
17192.0,1.0766,-1.5433,-0.004768,-0.004768,1.0,1.0,-23.890886,-891.485474,2.012404
17194.0,1.0731,-1.7874,-0.005146,-0.005146,1.0,1.0,-23.886389,-891.481445,2.019407
17196.0,1.0681,-1.7874,-0.005316,-0.005316,1.0,1.0,-23.881912,-891.477112,2.010029
17198.0,1.0658,-1.9095,-0.005521,-0.005521,1.0,1.0,-23.877413,-891.473328,2.009563
17200.0,1.0635,-1.9095,-0.00556,-0.00556,1.0,1.0,-23.872913,-891.46936,2.006557
17202.0,1.0565,-2.2146,-0.006318,-0.006318,1.0,1.0,-23.868408,-891.465332,2.002942
17204.0,1.0531,-1.7874,-0.005425,-0.005425,1.0,1.0,-23.863897,-891.461304,2.00546
17206.0,1.0507,-1.9095,-0.005762,-0.005762,1.0,1.0,-23.859394,-891.457092,1.996147
17208.0,1.045,-2.2146,-0.006425,-0.006425,1.0,1.0,-23.85487,-891.453369,1.99889
17210.0,1.0394,-2.2146,-0.006564,-0.006564,1.0,1.0,-23.850353,-891.44928,1.999641
17212.0,1.0395,-1.7264,-0.005521,-0.005521,1.0,1.0,-23.84584,-891.445313,1.994577
17214.0,1.0358,-2.0315,-0.006191,-0.006191,1.0,1.0,-23.841316,-891.441284,2.003947
17216.0,1.0268,-2.3367,-0.007123,-0.007123,1.0,1.0,-23.836819,-891.437073,1.999393
17218.0,1.0236,-1.8484,-0.006086,-0.006086,1.0,1.0,-23.832312,-891.433289,1.99947
17220.0,1.0203,-1.8484,-0.006148,-0.006148,1.0,1.0,-23.827806,-891.42926,2.002139
17222.0,1.0142,-1.9095,-0.006426,-0.006426,1.0,1.0,-23.823309,-891.425232,2.011811
17224.0,1.0076,-1.6653,-0.006133,-0.006133,1.0,1.0,-23.818838,-891.421143,2.01688
17226.0,1.0074,-1.3601,-0.005537,-0.005537,1.0,1.0,-23.814381,-891.416931,2.022548
17228.0,1.0043,-1.6653,-0.006314,-0.006314,1.0,1.0,-23.80994,-891.413025,2.021614
17230.0,1.0012,-1.6653,-0.006363,-0.006363,1.0,1.0,-23.805498,-891.408997,2.011939
17232.0,0.998,-1.5433,-0.006056,-0.006056,1.0,1.0,-23.801035,-891.405029,1.995492
17234.0,0.9992,-1.3601,-0.005461,-0.005461,1.0,1.0,-23.796532,-891.401062,1.987453
17236.0,0.9948,-1.9095,-0.006639,-0.006639,1.0,1.0,-23.792009,-891.396973,1.988323
17238.0,0.9904,-1.9095,-0.006733,-0.006733,1.0,1.0,-23.787491,-891.393066,1.993456
17240.0,0.9835,-1.7264,-0.006527,-0.006527,1.0,1.0,-23.782988,-891.389038,1.989363
17242.0,0.9834,-1.4822,-0.005959,-0.005959,1.0,1.0,-23.778477,-891.385132,1.983311
17244.0,0.9766,-1.7874,-0.006681,-0.006681,1.0,1.0,-23.773952,-891.381165,1.97017
17246.0,0.9719,-1.5433,-0.006104,-0.006104,1.0,1.0,-23.769396,-891.377197,1.956163
17248.0,0.9671,-1.5433,-0.006042,-0.006042,1.0,1.0,-23.764807,-891.37323,1.976409
17250.0,0.9679,-1.3601,-0.005853,-0.005853,1.0,1.0,-23.760269,-891.369324,1.958612
17252.0,0.9642,-1.6653,-0.006387,-0.006387,1.0,1.0,-23.75569,-891.365417,1.961901
17254.0,0.9621,-1.3601,-0.005807,-0.005807,1.0,1.0,-23.75112,-891.361572,1.943177
17256.0,0.9625,-1.6043,-0.006121,-0.006121,1.0,1.0,-23.746504,-891.357666,1.932273
17258.0,0.9628,-1.6043,-0.005996,-0.005996,1.0,1.0,-23.741863,-891.353821,1.925699
17260.0,0.956,-2.1536,-0.007237,-0.007237,1.0,1.0,-23.737207,-891.350037,1.916031
17262.0,0.9493,-1.7874,-0.006473,-0.006473,1.0,1.0,-23.732531,-891.346191,1.89075
17264.0,0.9471,-1.6043,-0.005846,-0.005846,1.0,1.0,-23.727791,-891.342468,1.875466
17266.0,0.9415,-1.7264,-0.006051,-0.006051,1.0,1.0,-23.723015,-891.338745,1.876535
17268.0,0.9358,-1.7264,-0.006171,-0.006171,1.0,1.0,-23.718245,-891.334961,1.871932
17270.0,0.9333,-1.2381,-0.005118,-0.005118,1.0,1.0,-23.713465,-891.331299,1.856191
17272.0,0.9363,-1.2991,-0.005022,-0.005022,1.0,1.0,-23.708647,-891.327576,1.847993
17274.0,0.9306,-1.9095,-0.006354,-0.006354,1.0,1.0,-23.70381,-891.323853,1.838827
17276.0,0.9275,-1.4212,-0.005263,-0.005263,1.0,1.0,-23.698952,-891.320251,1.813014
17278.0,0.9244,-1.4212,-0.005041,-0.005041,1.0,1.0,-23.694031,-891.316711,1.788402
17280.0,0.9261,-1.5433,-0.005004,-0.005004,1.0,1.0,-23.689051,-891.313171,1.769507
17282.0,0.9197,-2.1536,-0.006233,-0.006233,1.0,1.0,-23.684025,-891.309631,1.76625
17284.0,0.9127,-1.9095,-0.005808,-0.005808,1.0,1.0,-23.678993,-891.306152,1.761753
17286.0,0.9123,-1.5433,-0.004979,-0.004979,1.0,1.0,-23.673952,-891.302612,1.760026
17288.0,0.9119,-1.5433,-0.004968,-0.004968,1.0,1.0,-23.668907,-891.299072,1.743744
17290.0,0.907,-1.8484,-0.005541,-0.005541,1.0,1.0,-23.663824,-891.295654,1.724253
17292.0,0.9029,-1.6043,-0.004882,-0.004882,1.0,1.0,-23.658693,-891.292236,1.703015
17294.0,0.9048,-1.4822,-0.004353,-0.004353,1.0,1.0,-23.653513,-891.28894,1.686177
17296.0,0.9015,-2.3977,-0.006201,-0.006201,1.0,1.0,-23.648291,-891.285583,1.674718
17298.0,0.8982,-2.3977,-0.006139,-0.006139,1.0,1.0,-23.643042,-891.282227,1.667715
17300.0,0.8912,-2.1536,-0.005673,-0.005673,1.0,1.0,-23.637777,-891.27887,1.661663
17302.0,0.8907,-1.7874,-0.00483,-0.00483,1.0,1.0,-23.6325,-891.275574,1.648188
17304.0,0.8861,-2.2146,-0.005689,-0.005689,1.0,1.0,-23.627192,-891.272278,1.645196
17306.0,0.8816,-2.2146,-0.005743,-0.005743,1.0,1.0,-23.621878,-891.269043,1.64254
17308.0,0.8702,-2.2146,-0.005933,-0.005933,1.0,1.0,-23.61656,-891.265747,1.626314
17310.0,0.8673,-1.5433,-0.004368,-0.004368,1.0,1.0,-23.611202,-891.262573,1.608512
17312.0,0.8661,-1.6653,-0.004461,-0.004461,1.0,1.0,-23.605803,-891.259399,1.606341
17314.0,0.8609,-1.9095,-0.005061,-0.005061,1.0,1.0,-23.600399,-891.256104,1.614079
17316.0,0.8558,-1.9095,-0.005244,-0.005244,1.0,1.0,-23.595018,-891.252869,1.609708
17318.0,0.8531,-1.6043,-0.004592,-0.004592,1.0,1.0,-23.589628,-891.249634,1.608064
17320.0,0.8535,-1.6653,-0.004698,-0.004698,1.0,1.0,-23.584236,-891.24646,1.598099
17322.0,0.8476,-2.0926,-0.005622,-0.005622,1.0,1.0,-23.578821,-891.243286,1.590635
17324.0,0.8437,-1.6653,-0.004697,-0.004697,1.0,1.0,-23.573389,-891.240173,1.573988
17326.0,0.8397,-1.6653,-0.004591,-0.004591,1.0,1.0,-23.567917,-891.237061,1.549735
17328.0,0.8415,-1.7874,-0.004555,-0.004555,1.0,1.0,-23.562387,-891.234009,1.535301
17330.0,0.837,-2.2757,-0.005536,-0.005536,1.0,1.0,-23.556824,-891.230896,1.537888
17332.0,0.8293,-2.2146,-0.005579,-0.005579,1.0,1.0,-23.551268,-891.227783,1.543356
17334.0,0.8294,-2.0926,-0.005375,-0.005375,1.0,1.0,-23.545729,-891.224731,1.538867
17336.0,0.8294,-2.0926,-0.005326,-0.005326,1.0,1.0,-23.54018,-891.22168,1.538418
17338.0,0.8261,-2.5198,-0.006302,-0.006302,1.0,1.0,-23.534634,-891.218506,1.545955
17340.0,0.8172,-2.5198,-0.006555,-0.006555,1.0,1.0,-23.529108,-891.215454,1.542678
17342.0,0.8131,-2.0315,-0.005549,-0.005549,1.0,1.0,-23.523577,-891.212402,1.524395
17344.0,0.8123,-2.1536,-0.005628,-0.005628,1.0,1.0,-23.518002,-891.209351,1.526778
17346.0,0.8115,-2.1536,-0.005669,-0.005669,1.0,1.0,-23.512434,-891.206299,1.524097
17348.0,0.804,-2.4588,-0.006441,-0.006441,1.0,1.0,-23.506863,-891.203186,1.536858
17350.0,0.7977,-2.1536,-0.006044,-0.006044,1.0,1.0,-23.501326,-891.200073,1.538785
17352.0,0.7974,-1.8484,-0.005414,-0.005414,1.0,1.0,-23.495794,-891.197021,1.538936
17354.0,0.7927,-2.4588,-0.006818,-0.006818,1.0,1.0,-23.490267,-891.193909,1.547906
17356.0,0.788,-2.4588,-0.007006,-0.007006,1.0,1.0,-23.484764,-891.190796,1.542094
17358.0,0.7786,-2.3977,-0.006993,-0.006993,1.0,1.0,-23.479248,-891.187744,1.542152
17360.0,0.7748,-1.7264,-0.005623,-0.005623,1.0,1.0,-23.473734,-891.184692,1.534218
17362.0,0.7742,-1.8484,-0.00581,-0.00581,1.0,1.0,-23.468203,-891.18158,1.527856
17364.0,0.7675,-2.2757,-0.006788,-0.006788,1.0,1.0,-23.462658,-891.178467,1.54564
17366.0,0.7608,-2.2757,-0.00711,-0.00711,1.0,1.0,-23.457159,-891.175415,1.54953
17368.0,0.7553,-1.8484,-0.006338,-0.006338,1.0,1.0,-23.451674,-891.172241,1.550113
17370.0,0.755,-1.7874,-0.006221,-0.006221,1.0,1.0,-23.446192,-891.169189,1.554325
17372.0,0.7504,-1.9705,-0.006749,-0.006749,1.0,1.0,-23.440722,-891.166016,1.560536
17374.0,0.7457,-1.9705,-0.006905,-0.006905,1.0,1.0,-23.43527,-891.162842,1.561634
17376.0,0.7374,-1.7874,-0.006682,-0.006682,1.0,1.0,-23.429823,-891.15979,1.552292
17378.0,0.7364,-1.3601,-0.005683,-0.005683,1.0,1.0,-23.424355,-891.156677,1.546652
17380.0,0.7384,-1.6043,-0.006107,-0.006107,1.0,1.0,-23.418875,-891.153625,1.536025
17382.0,0.7334,-1.9095,-0.006744,-0.006744,1.0,1.0,-23.41337,-891.150513,1.53709
17384.0,0.7284,-1.9095,-0.006851,-0.006851,1.0,1.0,-23.407869,-891.1474,1.552222
17386.0,0.7215,-1.8484,-0.007017,-0.007017,1.0,1.0,-23.402409,-891.144226,1.554891
17388.0,0.7214,-1.9095,-0.007179,-0.007179,1.0,1.0,-23.396957,-891.141174,1.551096
17390.0,0.7185,-2.0926,-0.007587,-0.007587,1.0,1.0,-23.391499,-891.138062,1.554198
17392.0,0.71,-2.0926,-0.007784,-0.007784,1.0,1.0,-23.386051,-891.134949,1.553092
17394.0,0.7015,-2.0926,-0.007936,-0.007936,1.0,1.0,-23.380602,-891.131775,1.576701
17396.0,0.6972,-1.7264,-0.007488,-0.007488,1.0,1.0,-23.375214,-891.128662,1.551288
17398.0,0.6977,-1.6653,-0.007071,-0.007071,1.0,1.0,-23.369764,-891.12561,1.533373
17400.0,0.6915,-2.1536,-0.008045,-0.008045,1.0,1.0,-23.364273,-891.122559,1.530361
17402.0,0.685,-1.7874,-0.007349,-0.007349,1.0,1.0,-23.358776,-891.119446,1.545881
17404.0,0.6785,-1.7874,-0.007642,-0.007642,1.0,1.0,-23.353319,-891.116333,1.540221
17406.0,0.6788,-1.6043,-0.007181,-0.007181,1.0,1.0,-23.347851,-891.113281,1.538507
17408.0,0.6779,-2.0315,-0.008099,-0.008099,1.0,1.0,-23.342381,-891.110168,1.53769
17410.0,0.6683,-1.9705,-0.008144,-0.008144,1.0,1.0,-23.33691,-891.107056,1.543893
17412.0,0.6607,-1.6653,-0.007699,-0.007699,1.0,1.0,-23.331457,-891.104004,1.539371
17414.0,0.6532,-1.6653,-0.007794,-0.007794,1.0,1.0,-23.325996,-891.100891,1.53913
17416.0,0.654,-1.5433,-0.007515,-0.007515,1.0,1.0,-23.320536,-891.097839,1.528851
17418.0,0.6502,-1.6043,-0.007607,-0.007607,1.0,1.0,-23.315052,-891.094788,1.536882
17420.0,0.6413,-1.6653,-0.007995,-0.007995,1.0,1.0,-23.309591,-891.091675,1.549345
17422.0,0.638,-1.116,-0.007013,-0.007013,1.0,1.0,-23.304163,-891.088562,1.548987
17424.0,0.6347,-1.116,-0.007073,-0.007073,1.0,1.0,-23.298737,-891.085449,1.544187
17426.0,0.6355,-1.055,-0.006874,-0.006874,1.0,1.0,-23.293301,-891.082336,1.54475
17428.0,0.6309,-1.2991,-0.007493,-0.007493,1.0,1.0,-23.287868,-891.079224,1.539886
17430.0,0.6256,-0.9939,-0.006887,-0.006887,1.0,1.0,-23.282425,-891.076172,1.532834
17432.0,0.6292,-0.6888,-0.006084,-0.006084,1.0,1.0,-23.276966,-891.073181,1.515433
17434.0,0.6328,-0.6888,-0.005826,-0.005826,1.0,1.0,-23.271465,-891.07019,1.500811
17436.0,0.6342,-1.2381,-0.006822,-0.006822,1.0,1.0,-23.26593,-891.067139,1.494877
17438.0,0.6276,-1.2991,-0.007014,-0.007014,1.0,1.0,-23.260384,-891.064148,1.497954
17440.0,0.6236,-1.2381,-0.006993,-0.006993,1.0,1.0,-23.254847,-891.061157,1.491609
17442.0,0.6197,-1.2381,-0.007,-0.007,1.0,1.0,-23.249296,-891.058228,1.48818
17444.0,0.6213,-1.2381,-0.006932,-0.006932,1.0,1.0,-23.243738,-891.055237,1.483173
17446.0,0.6183,-1.2991,-0.007066,-0.007066,1.0,1.0,-23.238171,-891.052246,1.487792
17448.0,0.6109,-1.116,-0.006865,-0.006865,1.0,1.0,-23.232616,-891.049255,1.481642
17450.0,0.6091,-0.8108,-0.006175,-0.006175,1.0,1.0,-23.227049,-891.046326,1.472219
17452.0,0.6074,-0.8108,-0.006106,-0.006106,1.0,1.0,-23.22146,-891.043396,1.464502
17454.0,0.6113,-0.7498,-0.005816,-0.005816,1.0,1.0,-23.215855,-891.040466,1.458691
17456.0,0.6073,-1.4212,-0.007272,-0.007272,1.0,1.0,-23.210238,-891.037537,1.461695
17458.0,0.601,-1.177,-0.006902,-0.006902,1.0,1.0,-23.20463,-891.034668,1.460364
17460.0,0.6018,-0.6888,-0.005822,-0.005822,1.0,1.0,-23.19902,-891.031677,1.450178
17462.0,0.6026,-0.6888,-0.005696,-0.005696,1.0,1.0,-23.193388,-891.028809,1.439849
17464.0,0.6052,-0.8108,-0.005795,-0.005795,1.0,1.0,-23.187731,-891.02594,1.438739
17466.0,0.5994,-1.4212,-0.007207,-0.007207,1.0,1.0,-23.182074,-891.023071,1.432492
17468.0,0.5932,-0.9939,-0.006339,-0.006339,1.0,1.0,-23.176403,-891.020264,1.42826
17470.0,0.5956,-0.6888,-0.005591,-0.005591,1.0,1.0,-23.170725,-891.017395,1.419608
17472.0,0.598,-0.6888,-0.005451,-0.005451,1.0,1.0,-23.165028,-891.014526,1.416678
17474.0,0.5977,-0.9329,-0.005949,-0.005949,1.0,1.0,-23.159325,-891.011658,1.424591
17476.0,0.592,-1.177,-0.00667,-0.00667,1.0,1.0,-23.153643,-891.00885,1.415131
17478.0,0.5883,-0.6888,-0.005588,-0.005588,1.0,1.0,-23.14794,-891.005981,1.423759
17480.0,0.5919,-0.6277,-0.005483,-0.005483,1.0,1.0,-23.142262,-891.003174,1.414299
17482.0,0.5954,-0.6277,-0.005312,-0.005312,1.0,1.0,-23.136562,-891.000305,1.40388
17484.0,0.5942,-0.8108,-0.005615,-0.005615,1.0,1.0,-23.130838,-890.997559,1.3775
17486.0,0.5872,-0.8719,-0.005595,-0.005595,1.0,1.0,-23.12505,-890.994751,1.394881
17488.0,0.586,-0.6277,-0.00528,-0.00528,1.0,1.0,-23.119308,-890.992004,1.39584
17490.0,0.592,-0.6888,-0.005307,-0.005307,1.0,1.0,-23.113571,-890.989197,1.391604
17492.0,0.598,-0.6888,-0.005147,-0.005147,1.0,1.0,-23.107826,-890.98645,1.373432
17494.0,0.5971,-0.9939,-0.005622,-0.005622,1.0,1.0,-23.102037,-890.983704,1.380149
17496.0,0.5892,-1.4212,-0.006766,-0.006766,1.0,1.0,-23.096268,-890.980957,1.390915
17498.0,0.5868,-0.8719,-0.005748,-0.005748,1.0,1.0,-23.090527,-890.978149,1.382214
17500.0,0.5844,-0.8719,-0.005699,-0.005699,1.0,1.0,-23.084766,-890.975403,1.373269
17502.0,0.5873,-0.8719,-0.005547,-0.005547,1.0,1.0,-23.078987,-890.972656,1.369567
17504.0,0.5852,-1.177,-0.006203,-0.006203,1.0,1.0,-23.0732,-890.96991,1.377579
17506.0,0.5782,-1.055,-0.006161,-0.006161,1.0,1.0,-23.067436,-890.967163,1.380734
17508.0,0.5777,-0.8719,-0.005812,-0.005812,1.0,1.0,-23.061682,-890.964355,1.375832
17510.0,0.5772,-0.8719,-0.005768,-0.005768,1.0,1.0,-23.055918,-890.961609,1.365911
17512.0,0.5804,-0.8108,-0.005467,-0.005467,1.0,1.0,-23.050131,-890.958862,1.362777
17514.0,0.5778,-1.2381,-0.006402,-0.006402,1.0,1.0,-23.044338,-890.956177,1.370829
17516.0,0.5707,-1.3601,-0.006888,-0.006888,1.0,1.0,-23.038568,-890.95343,1.366205
17518.0,0.5706,-0.9939,-0.006053,-0.006053,1.0,1.0,-23.032789,-890.950684,1.357084
17520.0,0.5705,-0.9939,-0.005956,-0.005956,1.0,1.0,-23.026989,-890.947998,1.347237
17522.0,0.5735,-1.2991,-0.006445,-0.006445,1.0,1.0,-23.021166,-890.945313,1.345053
17524.0,0.568,-1.7264,-0.007447,-0.007447,1.0,1.0,-23.015341,-890.942566,1.359035
17526.0,0.5578,-1.2991,-0.006876,-0.006876,1.0,1.0,-23.009552,-890.939819,1.367641
17528.0,0.5559,-0.6277,-0.005563,-0.005563,1.0,1.0,-23.003788,-890.937073,1.373433
17530.0,0.5539,-0.6277,-0.005663,-0.005663,1.0,1.0,-22.998041,-890.934326,1.369573
17532.0,0.5571,-0.5667,-0.00543,-0.00543,1.0,1.0,-22.992287,-890.93158,1.366961
17534.0,0.5545,-0.9939,-0.006369,-0.006369,1.0,1.0,-22.986528,-890.928833,1.379849
17536.0,0.5472,-0.9329,-0.006518,-0.006518,1.0,1.0,-22.980804,-890.925964,1.385963
17538.0,0.5461,-0.3226,-0.005294,-0.005294,1.0,1.0,-22.975098,-890.923218,1.384942
17540.0,0.5449,-0.3226,-0.005305,-0.005305,1.0,1.0,-22.969391,-890.920471,1.376674
17542.0,0.5481,-0.3836,-0.005286,-0.005286,1.0,1.0,-22.963665,-890.917725,1.370843
17544.0,0.5451,-0.8719,-0.00633,-0.00633,1.0,1.0,-22.957928,-890.914978,1.381922
17546.0,0.5394,-0.7498,-0.006298,-0.006298,1.0,1.0,-22.952221,-890.91217,1.38515
17548.0,0.5404,-0.3226,-0.005394,-0.005394,1.0,1.0,-22.946524,-890.909424,1.381122
17550.0,0.5415,-0.3226,-0.005329,-0.005329,1.0,1.0,-22.940819,-890.906677,1.369715
17552.0,0.5483,-0.6277,-0.005731,-0.005731,1.0,1.0,-22.935087,-890.903931,1.357378
17554.0,0.5467,-1.116,-0.006677,-0.006677,1.0,1.0,-22.929327,-890.901245,1.363206
17556.0,0.5402,-1.116,-0.006865,-0.006865,1.0,1.0,-22.923584,-890.898499,1.368111
17558.0,0.5385,-0.6277,-0.005902,-0.005902,1.0,1.0,-22.917856,-890.895752,1.360941
17560.0,0.5367,-0.6277,-0.005858,-0.005858,1.0,1.0,-22.912111,-890.893066,1.349845
17562.0,0.5409,-0.5057,-0.005394,-0.005394,1.0,1.0,-22.906342,-890.890381,1.341536
17564.0,0.5388,-1.055,-0.006525,-0.006525,1.0,1.0,-22.900553,-890.887634,1.349106
17566.0,0.5307,-0.9329,-0.0065,-0.0065,1.0,1.0,-22.894785,-890.884888,1.361268
17568.0,0.5226,-0.9329,-0.006788,-0.006788,1.0,1.0,-22.889051,-890.882202,1.356591
17570.0,0.5204,-0.3226,-0.005468,-0.005468,1.0,1.0,-22.883308,-890.879578,1.334064
17572.0,0.5252,-0.2615,-0.004999,-0.004999,1.0,1.0,-22.87751,-890.876831,1.350082
17574.0,0.5261,-0.8108,-0.006337,-0.006337,1.0,1.0,-22.871754,-890.874023,1.36781
17576.0,0.5193,-0.8108,-0.00666,-0.00666,1.0,1.0,-22.866045,-890.871338,1.356872
17578.0,0.5126,-0.8108,-0.006671,-0.006671,1.0,1.0,-22.860312,-890.868652,1.339887
17580.0,0.5095,-0.4446,-0.005758,-0.005758,1.0,1.0,-22.854538,-890.866028,1.334929
17582.0,0.5135,-0.3836,-0.005495,-0.005495,1.0,1.0,-22.848753,-890.863403,1.317251
17584.0,0.5149,-0.7498,-0.006063,-0.006063,1.0,1.0,-22.842926,-890.860718,1.313517
17586.0,0.5068,-1.116,-0.006965,-0.006965,1.0,1.0,-22.837093,-890.858032,1.327935
17588.0,0.4988,-1.116,-0.007277,-0.007277,1.0,1.0,-22.831299,-890.855408,1.330906
17590.0,0.4934,-0.6277,-0.006363,-0.006363,1.0,1.0,-22.825514,-890.852722,1.329339
17592.0,0.4952,-0.2615,-0.005524,-0.005524,1.0,1.0,-22.819727,-890.850098,1.326609
17594.0,0.4974,-0.4446,-0.005846,-0.005846,1.0,1.0,-22.813936,-890.847412,1.328989
17596.0,0.4926,-0.5057,-0.006094,-0.006094,1.0,1.0,-22.808153,-890.844727,1.335008
17598.0,0.4878,-0.5057,-0.006251,-0.006251,1.0,1.0,-22.802387,-890.842041,1.336583
17600.0,0.4831,-0.0784,-0.005442,-0.005442,1.0,1.0,-22.796627,-890.839417,1.323373
17602.0,0.4864,0.1657,-0.004708,-0.004708,1.0,1.0,-22.790836,-890.836792,1.305763
17604.0,0.4897,0.1047,-0.004585,-0.004585,1.0,1.0,-22.785004,-890.834229,1.304849
17606.0,0.4872,-0.1394,-0.005148,-0.005148,1.0,1.0,-22.779171,-890.831604,1.301976
17608.0,0.4847,-0.1394,-0.005164,-0.005164,1.0,1.0,-22.773335,-890.828979,1.305857
17610.0,0.4795,-0.1394,-0.005307,-0.005307,1.0,1.0,-22.767509,-890.826294,1.309995
17612.0,0.4832,0.1657,-0.004625,-0.004625,1.0,1.0,-22.761698,-890.82373,1.294426
17614.0,0.4907,0.1657,-0.00431,-0.00431,1.0,1.0,-22.755848,-890.821167,1.282097
17616.0,0.4901,-0.3836,-0.00537,-0.00537,1.0,1.0,-22.749969,-890.818604,1.281734
17618.0,0.4894,-0.3836,-0.005379,-0.005379,1.0,1.0,-22.744093,-890.81604,1.282236
17620.0,0.4836,-0.5667,-0.005889,-0.005889,1.0,1.0,-22.73822,-890.813477,1.271279
17622.0,0.482,-0.3226,-0.005275,-0.005275,1.0,1.0,-22.732323,-890.810974,1.257321
17624.0,0.4871,-0.1394,-0.004633,-0.004633,1.0,1.0,-22.726393,-890.808533,1.240218
17626.0,0.4872,-0.5057,-0.005232,-0.005232,1.0,1.0,-22.720421,-890.80603,1.247458
17628.0,0.4873,-0.5057,-0.005308,-0.005308,1.0,1.0,-22.71447,-890.803528,1.242997
17630.0,0.4822,-0.6888,-0.005751,-0.005751,1.0,1.0,-22.708511,-890.801025,1.247669
17632.0,0.4802,-0.2615,-0.004923,-0.004923,1.0,1.0,-22.702566,-890.798523,1.240634
17634.0,0.4855,-0.2005,-0.004612,-0.004612,1.0,1.0,-22.696606,-890.796082,1.225649
17636.0,0.4909,-0.2005,-0.004347,-0.004347,1.0,1.0,-22.690609,-890.79364,1.221376
17638.0,0.4932,-0.8108,-0.005568,-0.005568,1.0,1.0,-22.684605,-890.791199,1.219792
17640.0,0.4873,-1.055,-0.00619,-0.00619,1.0,1.0,-22.678598,-890.788818,1.213688
17642.0,0.4829,-0.7498,-0.00555,-0.00555,1.0,1.0,-22.672579,-890.786377,1.199832
17644.0,0.4866,-0.4446,-0.004674,-0.004674,1.0,1.0,-22.666527,-890.783997,1.183116
17646.0,0.4902,-0.4446,-0.004422,-0.004422,1.0,1.0,-22.660437,-890.781677,1.17071
17648.0,0.4945,-1.055,-0.005516,-0.005516,1.0,1.0,-22.654318,-890.779419,1.159752
17650.0,0.4892,-1.5433,-0.006549,-0.006549,1.0,1.0,-22.648174,-890.777039,1.169429
17652.0,0.4793,-1.177,-0.006057,-0.006057,1.0,1.0,-22.642057,-890.774658,1.182659
17654.0,0.477,-0.4446,-0.00467,-0.00467,1.0,1.0,-22.635975,-890.772278,1.184772
17656.0,0.4747,-0.4446,-0.004737,-0.004737,1.0,1.0,-22.6299,-890.769897,1.179924
17658.0,0.4786,-0.3836,-0.004479,-0.004479,1.0,1.0,-22.623816,-890.767517,1.176945
17660.0,0.4783,-0.9329,-0.005633,-0.005633,1.0,1.0,-22.617727,-890.765198,1.1757
17662.0,0.4712,-1.116,-0.006149,-0.006149,1.0,1.0,-22.611637,-890.762817,1.181401
17664.0,0.4658,-0.5667,-0.005134,-0.005134,1.0,1.0,-22.605564,-890.760437,1.180099
17666.0,0.4604,-0.5667,-0.005223,-0.005223,1.0,1.0,-22.599491,-890.758118,1.17126
17668.0,0.4622,-0.2005,-0.004306,-0.004306,1.0,1.0,-22.593397,-890.755798,1.161073
17670.0,0.4652,-0.5057,-0.004793,-0.004793,1.0,1.0,-22.58728,-890.753479,1.159016
17672.0,0.4624,-0.6277,-0.005087,-0.005087,1.0,1.0,-22.581161,-890.75116,1.158873
17674.0,0.4581,-0.5667,-0.005036,-0.005036,1.0,1.0,-22.575045,-890.748779,1.162555
17676.0,0.4539,-0.5667,-0.005157,-0.005157,1.0,1.0,-22.568939,-890.746521,1.153152
17678.0,0.4567,-0.0784,-0.003952,-0.003952,1.0,1.0,-22.562813,-890.744202,1.147536
17680.0,0.4645,-0.3836,-0.004397,-0.004397,1.0,1.0,-22.556675,-890.741943,1.134889
17682.0,0.4648,-1.2991,-0.006223,-0.006223,1.0,1.0,-22.550507,-890.739685,1.123458
17684.0,0.4566,-1.6043,-0.006912,-0.006912,1.0,1.0,-22.544312,-890.737427,1.131069
17686.0,0.4484,-1.6043,-0.007151,-0.007151,1.0,1.0,-22.538139,-890.735168,1.128363
17688.0,0.4426,-1.116,-0.006183,-0.006183,1.0,1.0,-22.531963,-890.73291,1.11872
17690.0,0.4439,-0.7498,-0.005265,-0.005265,1.0,1.0,-22.525764,-890.730713,1.10515
17692.0,0.4471,-0.9939,-0.005583,-0.005583,1.0,1.0,-22.519535,-890.728516,1.101437
17694.0,0.4502,-0.9939,-0.005482,-0.005482,1.0,1.0,-22.513298,-890.726318,1.104767
17696.0,0.4459,-1.5433,-0.006781,-0.006781,1.0,1.0,-22.507072,-890.72406,1.113929
17698.0,0.4367,-1.3601,-0.006665,-0.006665,1.0,1.0,-22.500872,-890.721802,1.126854
17700.0,0.4344,-0.5057,-0.005011,-0.005011,1.0,1.0,-22.494705,-890.719543,1.127641
17702.0,0.438,-0.6277,-0.005213,-0.005213,1.0,1.0,-22.488544,-890.717285,1.116619
17704.0,0.4416,-0.6277,-0.005025,-0.005025,1.0,1.0,-22.482357,-890.715027,1.118684
17706.0,0.4441,-1.116,-0.00605,-0.00605,1.0,1.0,-22.476177,-890.712769,1.119243
17708.0,0.4368,-1.3601,-0.00672,-0.00672,1.0,1.0,-22.470003,-890.71051,1.124732
17710.0,0.4294,-1.055,-0.006266,-0.006266,1.0,1.0,-22.463844,-890.708252,1.122806
17712.0,0.4295,-0.5667,-0.005192,-0.005192,1.0,1.0,-22.457684,-890.706055,1.113232
17714.0,0.4297,-0.5667,-0.005085,-0.005085,1.0,1.0,-22.4515,-890.703857,1.104352
17716.0,0.4352,-0.7498,-0.005276,-0.005276,1.0,1.0,-22.445297,-890.70166,1.098868
17718.0,0.4358,-1.2381,-0.006255,-0.006255,1.0,1.0,-22.439083,-890.699463,1.101921
17720.0,0.4279,-1.5433,-0.007097,-0.007097,1.0,1.0,-22.432878,-890.697205,1.109365
17722.0,0.4211,-0.9939,-0.006127,-0.006127,1.0,1.0,-22.426697,-890.694946,1.122155
17724.0,0.4143,-0.9939,-0.006397,-0.006397,1.0,1.0,-22.420549,-890.692688,1.124975
17726.0,0.4149,-0.5667,-0.005496,-0.005496,1.0,1.0,-22.414412,-890.690491,1.119575
17728.0,0.4191,-0.8108,-0.005882,-0.005882,1.0,1.0,-22.408262,-890.688232,1.109462
17730.0,0.4164,-1.3601,-0.007005,-0.007005,1.0,1.0,-22.40209,-890.685974,1.116306
17732.0,0.4074,-1.3601,-0.007253,-0.007253,1.0,1.0,-22.395937,-890.683716,1.127052
17734.0,0.3984,-1.3601,-0.007543,-0.007543,1.0,1.0,-22.389814,-890.681458,1.130859
17736.0,0.3922,-1.055,-0.007046,-0.007046,1.0,1.0,-22.383703,-890.679199,1.128872
17738.0,0.3944,-0.5667,-0.005934,-0.005934,1.0,1.0,-22.37759,-890.677002,1.117004
17740.0,0.3984,-0.8719,-0.006384,-0.006384,1.0,1.0,-22.371449,-890.674744,1.11225
17742.0,0.3943,-1.116,-0.006934,-0.006934,1.0,1.0,-22.365297,-890.672485,1.112935
17744.0,0.3903,-1.116,-0.007019,-0.007019,1.0,1.0,-22.35915,-890.670227,1.123999
17746.0,0.3814,-1.177,-0.007441,-0.007441,1.0,1.0,-22.353033,-890.667969,1.133201
17748.0,0.3793,-0.3836,-0.005875,-0.005875,1.0,1.0,-22.346943,-890.665649,1.13962
17750.0,0.3858,-0.2615,-0.005559,-0.005559,1.0,1.0,-22.34087,-890.663452,1.1247
17752.0,0.3907,-1.116,-0.00714,-0.00714,1.0,1.0,-22.334763,-890.661255,1.109319
17754.0,0.3956,-1.116,-0.006878,-0.006878,1.0,1.0,-22.328619,-890.658997,1.113563
17756.0,0.391,-1.7264,-0.008324,-0.008324,1.0,1.0,-22.322489,-890.656738,1.111849
17758.0,0.3812,-1.3601,-0.007707,-0.007707,1.0,1.0,-22.316357,-890.65448,1.126847
17760.0,0.3762,-0.9939,-0.007179,-0.007179,1.0,1.0,-22.310265,-890.652222,1.119133
17762.0,0.3712,-0.9939,-0.007191,-0.007191,1.0,1.0,-22.304155,-890.650024,1.112261
17764.0,0.3737,-0.7498,-0.006542,-0.006542,1.0,1.0,-22.298031,-890.647827,1.101777
17766.0,0.3772,-0.9939,-0.006887,-0.006887,1.0,1.0,-22.291883,-890.64563,1.10123
17768.0,0.3736,-1.4822,-0.007999,-0.007999,1.0,1.0,-22.285736,-890.643311,1.115464
17770.0,0.3648,-1.3601,-0.008062,-0.008062,1.0,1.0,-22.279627,-890.641113,1.122937
17772.0,0.3559,-1.3601,-0.008313,-0.008313,1.0,1.0,-22.27354,-890.638855,1.125043
17774.0,0.3524,-0.8719,-0.007353,-0.007353,1.0,1.0,-22.267462,-890.636597,1.128295
17776.0,0.3546,-0.8108,-0.007215,-0.007215,1.0,1.0,-22.261393,-890.634338,1.119011
17778.0,0.3568,-1.116,-0.007728,-0.007728,1.0,1.0,-22.255302,-890.63208,1.137526
17780.0,0.3517,-1.2381,-0.008291,-0.008291,1.0,1.0,-22.249262,-890.629761,1.136142
17782.0,0.3465,-1.2381,-0.008375,-0.008375,1.0,1.0,-22.243219,-890.627502,1.129033
17784.0,0.3387,-0.8719,-0.007661,-0.007661,1.0,1.0,-22.237162,-890.625244,1.121496
17786.0,0.3358,-0.5667,-0.006978,-0.006978,1.0,1.0,-22.231089,-890.623047,1.10909
17788.0,0.3413,-0.4446,-0.006474,-0.006474,1.0,1.0,-22.224987,-890.62085,1.099597
17790.0,0.3466,-0.8719,-0.007188,-0.007188,1.0,1.0,-22.218863,-890.618652,1.090191
17792.0,0.3519,-0.8719,-0.006984,-0.006984,1.0,1.0,-22.212717,-890.616455,1.098197
17794.0,0.3472,-1.7874,-0.00913,-0.00913,1.0,1.0,-22.206594,-890.614258,1.109967
17796.0,0.336,-1.4822,-0.008817,-0.008817,1.0,1.0,-22.200504,-890.611938,1.119003
17798.0,0.3294,-0.6888,-0.007336,-0.007336,1.0,1.0,-22.194439,-890.609741,1.125056
17800.0,0.3312,-0.1394,-0.006187,-0.006187,1.0,1.0,-22.188391,-890.607422,1.126174
17802.0,0.3329,-0.1394,-0.006165,-0.006165,1.0,1.0,-22.182348,-890.605225,1.117392
17804.0,0.3387,-0.3836,-0.006483,-0.006483,1.0,1.0,-22.176287,-890.603027,1.111164
17806.0,0.3371,-0.9329,-0.007628,-0.007628,1.0,1.0,-22.170212,-890.600769,1.114354
17808.0,0.3304,-0.6888,-0.007266,-0.007266,1.0,1.0,-22.164146,-890.598511,1.127088
17810.0,0.3254,-0.2005,-0.006451,-0.006451,1.0,1.0,-22.158115,-890.596191,1.130561
17812.0,0.3203,-0.2005,-0.006586,-0.006586,1.0,1.0,-22.152096,-890.593994,1.119967
17814.0,0.3225,0.1047,-0.005773,-0.005773,1.0,1.0,-22.146051,-890.591797,1.107471
17816.0,0.3278,-0.1394,-0.006059,-0.006059,1.0,1.0,-22.139978,-890.5896,1.097051
17818.0,0.3285,-0.6888,-0.007114,-0.007114,1.0,1.0,-22.133883,-890.587402,1.098475
17820.0,0.3233,-0.6888,-0.00723,-0.00723,1.0,1.0,-22.127792,-890.585144,1.099818
17822.0,0.318,-0.6888,-0.007345,-0.007345,1.0,1.0,-22.121708,-890.582947,1.098288
17824.0,0.315,-0.3226,-0.006599,-0.006599,1.0,1.0,-22.115622,-890.580811,1.093256
17826.0,0.3191,-0.1394,-0.006073,-0.006073,1.0,1.0,-22.109526,-890.578613,1.075451
17828.0,0.3263,-0.5667,-0.006658,-0.006658,1.0,1.0,-22.103388,-890.576538,1.057409
17830.0,0.3336,-0.5667,-0.006323,-0.006323,1.0,1.0,-22.097206,-890.574463,1.041154
17832.0,0.3358,-1.2381,-0.007546,-0.007546,1.0,1.0,-22.090986,-890.572388,1.043452
17834.0,0.329,-1.7874,-0.008884,-0.008884,1.0,1.0,-22.084774,-890.570313,1.044284
17836.0,0.3207,-1.5433,-0.008527,-0.008527,1.0,1.0,-22.078568,-890.568176,1.044439
17838.0,0.3184,-1.055,-0.007523,-0.007523,1.0,1.0,-22.072363,-890.566101,1.035682
17840.0,0.3161,-1.055,-0.007471,-0.007471,1.0,1.0,-22.066139,-890.564087,1.018133
17842.0,0.3208,-0.9329,-0.006928,-0.006928,1.0,1.0,-22.059874,-890.562134,1.005102
17844.0,0.3237,-1.5433,-0.008043,-0.008043,1.0,1.0,-22.053577,-890.56012,0.997067
17846.0,0.3182,-1.9705,-0.008979,-0.008979,1.0,1.0,-22.047264,-890.558044,1.003013
17848.0,0.3078,-1.7874,-0.008851,-0.008851,1.0,1.0,-22.040968,-890.55603,1.012575
17850.0,0.2973,-1.7874,-0.009155,-0.009155,1.0,1.0,-22.034698,-890.553955,1.030094
17852.0,0.289,-1.2991,-0.008456,-0.008456,1.0,1.0,-22.028477,-890.55188,1.029552
17854.0,0.2889,-0.6888,-0.00714,-0.00714,1.0,1.0,-22.022255,-890.549866,1.019611
17856.0,0.2933,-0.8719,-0.007341,-0.007341,1.0,1.0,-22.01601,-890.547852,1.006857
17858.0,0.293,-1.4822,-0.008521,-0.008521,1.0,1.0,-22.009737,-890.545837,1.001104
17860.0,0.2926,-1.4822,-0.008465,-0.008465,1.0,1.0,-22.003452,-890.543823,1.004748
17862.0,0.2854,-1.7264,-0.009167,-0.009167,1.0,1.0,-21.997179,-890.541748,1.015066
17864.0,0.2757,-1.3601,-0.008679,-0.008679,1.0,1.0,-21.990934,-890.539734,1.016376
17866.0,0.272,-0.6888,-0.00732,-0.00732,1.0,1.0,-21.984695,-890.53772,1.017694
17868.0,0.2766,-0.4446,-0.006723,-0.006723,1.0,1.0,-21.978462,-890.535706,0.99997
17870.0,0.2811,-0.4446,-0.006443,-0.006443,1.0,1.0,-21.972187,-890.533691,0.994897
17872.0,0.2857,-0.9939,-0.007481,-0.007481,1.0,1.0,-21.9659,-890.531738,0.982842
17874.0,0.2829,-1.6043,-0.008714,-0.008714,1.0,1.0,-21.959587,-890.529419,0.984886
17876.0,0.2738,-1.6653,-0.009044,-0.009044,1.0,1.0,-21.953281,-890.52771,0.989542
17878.0,0.2657,-1.055,-0.007936,-0.007936,1.0,1.0,-21.946989,-890.525757,1.002797
17880.0,0.2575,-1.055,-0.008239,-0.008239,1.0,1.0,-21.940733,-890.523804,1.00294
17882.0,0.2567,-0.5667,-0.007206,-0.007206,1.0,1.0,-21.934481,-890.52179,0.996451
17884.0,0.2615,-0.4446,-0.006781,-0.006781,1.0,1.0,-21.928213,-890.519409,0.981882
17886.0,0.2637,-0.9329,-0.007629,-0.007629,1.0,1.0,-21.921911,-890.517822,0.978475
17888.0,0.2659,-0.9329,-0.007549,-0.007549,1.0,1.0,-21.915604,-890.515869,0.983519
17890.0,0.2601,-1.177,-0.008242,-0.008242,1.0,1.0,-21.909311,-890.513916,0.993325
17892.0,0.2512,-0.9939,-0.008125,-0.008125,1.0,1.0,-21.903046,-890.511841,1.002679
17894.0,0.2472,-0.3836,-0.006991,-0.006991,1.0,1.0,-21.896807,-890.509521,0.991567
17896.0,0.2505,-0.1394,-0.006281,-0.006281,1.0,1.0,-21.890543,-890.507874,0.992607
17898.0,0.2538,-0.1394,-0.006229,-0.006229,1.0,1.0,-21.884283,-890.50592,0.977271
17900.0,0.2597,-0.3836,-0.006474,-0.006474,1.0,1.0,-21.877989,-890.504028,0.971263
17902.0,0.2602,-1.055,-0.007844,-0.007844,1.0,1.0,-21.871681,-890.502075,0.968929
17904.0,0.253,-1.177,-0.008219,-0.008219,1.0,1.0,-21.86537,-890.499756,0.974279
17906.0,0.2461,-0.8719,-0.007753,-0.007753,1.0,1.0,-21.859076,-890.498108,0.997655
17908.0,0.2392,-0.8719,-0.008139,-0.008139,1.0,1.0,-21.852842,-890.496094,0.990277
17910.0,0.2392,-0.3836,-0.00701,-0.00701,1.0,1.0,-21.846592,-890.494141,0.96997
17912.0,0.246,-0.3836,-0.006658,-0.006658,1.0,1.0,-21.840294,-890.492249,0.956266
17914.0,0.2525,-0.8108,-0.007304,-0.007304,1.0,1.0,-21.833963,-890.490112,0.932417
17916.0,0.2504,-1.5433,-0.00866,-0.00866,1.0,1.0,-21.827576,-890.488586,0.928103
17918.0,0.2483,-1.5433,-0.008653,-0.008653,1.0,1.0,-21.82118,-890.486694,0.930347
17920.0,0.239,-1.6653,-0.009118,-0.009118,1.0,1.0,-21.814793,-890.484741,0.942856
17922.0,0.2301,-1.177,-0.008374,-0.008374,1.0,1.0,-21.808439,-890.482849,0.951026
17924.0,0.228,-0.5057,-0.007061,-0.007061,1.0,1.0,-21.802109,-890.480713,0.943529
17926.0,0.235,-0.3836,-0.006581,-0.006581,1.0,1.0,-21.795761,-890.479126,0.93171
17928.0,0.2421,-0.3836,-0.006317,-0.006317,1.0,1.0,-21.789387,-890.477295,0.918647
17930.0,0.2464,-1.055,-0.007536,-0.007536,1.0,1.0,-21.782982,-890.475464,0.919671
17932.0,0.2436,-1.6653,-0.008912,-0.008912,1.0,1.0,-21.776583,-890.473633,0.916998
17934.0,0.235,-1.6653,-0.00905,-0.00905,1.0,1.0,-21.77018,-890.471497,0.932073
17936.0,0.2261,-1.177,-0.008333,-0.008333,1.0,1.0,-21.763817,-890.469849,0.938762
17938.0,0.2173,-1.177,-0.008576,-0.008576,1.0,1.0,-21.757473,-890.467957,0.946802
17940.0,0.2146,-0.7498,-0.007797,-0.007797,1.0,1.0,-21.751152,-890.466064,0.93
17942.0,0.2181,-0.6888,-0.007416,-0.007416,1.0,1.0,-21.744791,-890.464233,0.919112
17944.0,0.2224,-1.116,-0.008132,-0.008132,1.0,1.0,-21.738405,-890.462219,0.911199
17946.0,0.2204,-1.6043,-0.009135,-0.009135,1.0,1.0,-21.732002,-890.460632,0.906086
17948.0,0.2184,-1.6043,-0.009118,-0.009118,1.0,1.0,-21.72559,-890.45874,0.921332
17950.0,0.2107,-1.4822,-0.009169,-0.009169,1.0,1.0,-21.719217,-890.456909,0.924332
17952.0,0.2021,-1.2381,-0.008841,-0.008841,1.0,1.0,-21.712854,-890.455017,0.935828
17954.0,0.2014,-0.6888,-0.007798,-0.007798,1.0,1.0,-21.706524,-890.453003,0.927192
17956.0,0.2008,-0.6888,-0.007717,-0.007717,1.0,1.0,-21.700174,-890.451355,0.911913
17958.0,0.2057,-0.6888,-0.007456,-0.007456,1.0,1.0,-21.693789,-890.449524,0.909105
17960.0,0.2106,-1.177,-0.008381,-0.008381,1.0,1.0,-21.687399,-890.447754,0.892443
17962.0,0.2085,-1.6043,-0.009159,-0.009159,1.0,1.0,-21.680969,-890.445984,0.894332
17964.0,0.1979,-1.9095,-0.01004,-0.01004,1.0,1.0,-21.674547,-890.44397,0.909958
17966.0,0.1873,-1.9095,-0.010414,-0.010414,1.0,1.0,-21.668167,-890.442261,0.935975
17968.0,0.1756,-1.4212,-0.009871,-0.009871,1.0,1.0,-21.661854,-890.440369,0.935868
17970.0,0.1702,-0.5667,-0.008136,-0.008136,1.0,1.0,-21.655544,-890.438477,0.941863
17972.0,0.174,-0.0784,-0.007079,-0.007079,1.0,1.0,-21.649252,-890.436584,0.928421
17974.0,0.1804,-0.3226,-0.007333,-0.007333,1.0,1.0,-21.642929,-890.43457,0.92394
17976.0,0.1869,-0.3226,-0.007161,-0.007161,1.0,1.0,-21.636597,-890.432922,0.922752
17978.0,0.1881,-0.9329,-0.008437,-0.008437,1.0,1.0,-21.630264,-890.43103,0.929331
17980.0,0.1804,-1.3601,-0.009575,-0.009575,1.0,1.0,-21.623951,-890.429138,0.94361
17982.0,0.1698,-0.8719,-0.008884,-0.008884,1.0,1.0,-21.617676,-890.427246,0.950629
17984.0,0.1631,-0.3226,-0.007908,-0.007908,1.0,1.0,-21.61142,-890.425171,0.963313
17986.0,0.1564,-0.3226,-0.008174,-0.008174,1.0,1.0,-21.605198,-890.42334,0.957713
17988.0,0.1605,0.1657,-0.006986,-0.006986,1.0,1.0,-21.598965,-890.421509,0.942867
17990.0,0.1685,-0.2615,-0.007589,-0.007589,1.0,1.0,-21.592697,-890.419617,0.93397
17992.0,0.1734,-0.6888,-0.008317,-0.008317,1.0,1.0,-21.586411,-890.417725,0.926379
17994.0,0.1707,-1.116,-0.009204,-0.009204,1.0,1.0,-21.580107,-890.415771,0.928065
17996.0,0.1681,-1.116,-0.009273,-0.009273,1.0,1.0,-21.573811,-890.414001,0.93226
17998.0,0.1606,-0.8719,-0.008938,-0.008938,1.0,1.0,-21.567526,-890.412109,0.934378
18000.0,0.1572,-0.5057,-0.008239,-0.008239,1.0,1.0,-21.561249,-890.410278,0.931795
18002.0,0.1599,-0.3836,-0.007896,-0.007896,1.0,1.0,-21.554968,-890.408447,0.914639
18004.0,0.1672,-0.8108,-0.008488,-0.008488,1.0,1.0,-21.548647,-890.406616,0.890312
18006.0,0.1745,-0.8108,-0.008083,-0.008083,1.0,1.0,-21.542267,-890.404907,0.880803
18008.0,0.1782,-1.4212,-0.009221,-0.009221,1.0,1.0,-21.535866,-890.403198,0.866858
18010.0,0.1744,-1.9705,-0.010323,-0.010323,1.0,1.0,-21.529432,-890.401489,0.866344
18012.0,0.1645,-1.8484,-0.010245,-0.010245,1.0,1.0,-21.523001,-890.399719,0.87522
18014.0,0.1548,-1.6653,-0.010134,-0.010134,1.0,1.0,-21.516594,-890.397888,0.891401
18016.0,0.1451,-1.6653,-0.010496,-0.010496,1.0,1.0,-21.510231,-890.396118,0.896409
18018.0,0.1422,-1.055,-0.009293,-0.009293,1.0,1.0,-21.503881,-890.394287,0.896417
18020.0,0.146,-0.9329,-0.008959,-0.008959,1.0,1.0,-21.497536,-890.392517,0.884546
18022.0,0.1501,-1.177,-0.009275,-0.009275,1.0,1.0,-21.491163,-890.390808,0.875266
18024.0,0.1543,-1.177,-0.009095,-0.009095,1.0,1.0,-21.48477,-890.389038,0.863769
18026.0,0.1527,-1.6043,-0.009918,-0.009918,1.0,1.0,-21.47835,-890.387329,0.875609
18028.0,0.1428,-1.7264,-0.010501,-0.010501,1.0,1.0,-21.471962,-890.385559,0.886488
18030.0,0.13,-1.4822,-0.01034,-0.01034,1.0,1.0,-21.465603,-890.383728,0.893859
18032.0,0.1226,-0.6277,-0.008724,-0.008724,1.0,1.0,-21.459265,-890.381897,0.899874
18034.0,0.1152,-0.6277,-0.008931,-0.008931,1.0,1.0,-21.452946,-890.380127,0.892691
18036.0,0.1168,-0.2005,-0.007904,-0.007904,1.0,1.0,-21.446611,-890.378357,0.887198
18038.0,0.1254,-0.2615,-0.007809,-0.007809,1.0,1.0,-21.440266,-890.376587,0.888851
18040.0,0.1314,-0.7498,-0.008762,-0.008762,1.0,1.0,-21.433926,-890.374817,0.876282
18042.0,0.1298,-1.2991,-0.009838,-0.009838,1.0,1.0,-21.427557,-890.373047,0.865904
18044.0,0.1282,-1.2991,-0.009756,-0.009756,1.0,1.0,-21.421165,-890.371338,0.87256
18046.0,0.1182,-1.4822,-0.010413,-0.010413,1.0,1.0,-21.414793,-890.369568,0.881265
18048.0,0.1078,-0.9939,-0.009659,-0.009659,1.0,1.0,-21.408445,-890.367798,0.888125
18050.0,0.1044,-0.3226,-0.008354,-0.008354,1.0,1.0,-21.402117,-890.365967,0.898201
18052.0,0.1113,-0.0784,-0.007807,-0.007807,1.0,1.0,-21.395817,-890.364197,0.878363
18054.0,0.1182,-0.0784,-0.007459,-0.007459,1.0,1.0,-21.389469,-890.362488,0.861447
18056.0,0.1272,-0.6888,-0.008414,-0.008414,1.0,1.0,-21.383081,-890.360779,0.842295
18058.0,0.1305,-1.2991,-0.009455,-0.009455,1.0,1.0,-21.376648,-890.359131,0.844262
18060.0,0.1244,-1.6653,-0.010381,-0.010381,1.0,1.0,-21.370222,-890.357422,0.850016
18062.0,0.1131,-1.4212,-0.010135,-0.010135,1.0,1.0,-21.363813,-890.355652,0.862272
18064.0,0.1019,-1.4212,-0.010484,-0.010484,1.0,1.0,-21.357437,-890.353943,0.867944
18066.0,0.092,-0.8719,-0.009553,-0.009553,1.0,1.0,-21.351078,-890.352173,0.87225
18068.0,0.0899,-0.2615,-0.008329,-0.008329,1.0,1.0,-21.344732,-890.350403,0.864573
18070.0,0.0954,-0.1394,-0.007878,-0.007878,1.0,1.0,-21.338369,-890.348694,0.861386
18072.0,0.102,-0.5667,-0.008634,-0.008634,1.0,1.0,-21.332001,-890.347046,0.847674
18074.0,0.1086,-0.5667,-0.008358,-0.008358,1.0,1.0,-21.325602,-890.345398,0.83177
18076.0,0.1096,-1.177,-0.009479,-0.009479,1.0,1.0,-21.319164,-890.343689,0.833884
18078.0,0.1026,-1.055,-0.009373,-0.009373,1.0,1.0,-21.312735,-890.34198,0.848184
18080.0,0.0922,-0.8108,-0.009204,-0.009204,1.0,1.0,-21.306343,-890.340271,0.855003
18082.0,0.0874,-0.2005,-0.008057,-0.008057,1.0,1.0,-21.299973,-890.338562,0.854665
18084.0,0.0827,-0.2005,-0.008145,-0.008145,1.0,1.0,-21.293604,-890.336792,0.859586
18086.0,0.0859,-0.2615,-0.008267,-0.008267,1.0,1.0,-21.287249,-890.335144,0.847372
18088.0,0.0935,-0.3226,-0.00812,-0.00812,1.0,1.0,-21.280867,-890.333496,0.82862
18090.0,0.0994,-0.9329,-0.009115,-0.009115,1.0,1.0,-21.274439,-890.331909,0.811598
18092.0,0.1053,-0.9329,-0.008816,-0.008816,1.0,1.0,-21.267971,-890.330261,0.807623
18094.0,0.103,-1.4822,-0.009999,-0.009999,1.0,1.0,-21.261496,-890.328613,0.811406
18096.0,0.0929,-1.7264,-0.010759,-0.010759,1.0,1.0,-21.255033,-890.326965,0.8228
18098.0,0.0831,-1.055,-0.009626,-0.009626,1.0,1.0,-21.248602,-890.325317,0.826396
18100.0,0.0793,-0.6888,-0.008953,-0.008953,1.0,1.0,-21.242182,-890.323669,0.821939
18102.0,0.0754,-0.6888,-0.008979,-0.008979,1.0,1.0,-21.235754,-890.322021,0.813806
18104.0,0.0797,-0.3226,-0.00802,-0.00802,1.0,1.0,-21.229307,-890.320435,0.792238
18106.0,0.0884,-0.6277,-0.008274,-0.008274,1.0,1.0,-21.222809,-890.318909,0.781264
18108.0,0.0938,-1.2991,-0.009495,-0.009495,1.0,1.0,-21.216286,-890.317383,0.759602
18110.0,0.0899,-2.1536,-0.011172,-0.011172,1.0,1.0,-21.209711,-890.315918,0.748531
18112.0,0.0859,-2.1536,-0.011127,-0.011127,1.0,1.0,-21.203112,-890.314453,0.755652
18114.0,0.074,-2.2146,-0.011565,-0.011565,1.0,1.0,-21.196531,-890.312866,0.765377
18116.0,0.0611,-1.6653,-0.010737,-0.010737,1.0,1.0,-21.18998,-890.311279,0.781619
18118.0,0.0548,-0.8719,-0.009328,-0.009328,1.0,1.0,-21.18347,-890.309692,0.789463
18120.0,0.0568,-0.5057,-0.008588,-0.008588,1.0,1.0,-21.176983,-890.308105,0.791385
18122.0,0.0588,-0.5057,-0.00857,-0.00857,1.0,1.0,-21.170504,-890.30658,0.777832
18124.0,0.0678,-0.4446,-0.00812,-0.00812,1.0,1.0,-21.163994,-890.305054,0.761606
18126.0,0.0724,-1.2381,-0.00956,-0.00956,1.0,1.0,-21.157446,-890.303528,0.757827
18128.0,0.0688,-1.5433,-0.010244,-0.010244,1.0,1.0,-21.15089,-890.302002,0.754906
18130.0,0.0573,-1.7264,-0.010828,-0.010828,1.0,1.0,-21.144329,-890.300476,0.760252
18132.0,0.0458,-1.7264,-0.011107,-0.011107,1.0,1.0,-21.137785,-890.29895,0.767398
18134.0,0.0331,-1.2991,-0.010509,-0.010509,1.0,1.0,-21.131262,-890.297363,0.786578
18136.0,0.0255,-0.6277,-0.00942,-0.00942,1.0,1.0,-21.124788,-890.295776,0.785995
18138.0,0.0288,-0.0784,-0.00817,-0.00817,1.0,1.0,-21.118317,-890.29425,0.770813
18140.0,0.0381,-0.2005,-0.008087,-0.008087,1.0,1.0,-21.111809,-890.292725,0.760251
18142.0,0.0475,-0.2005,-0.007792,-0.007792,1.0,1.0,-21.105278,-890.29126,0.742168
18144.0,0.0543,-0.8719,-0.008908,-0.008908,1.0,1.0,-21.098703,-890.289795,0.731937
18146.0,0.0537,-1.4212,-0.00999,-0.00999,1.0,1.0,-21.092106,-890.28833,0.731517
18148.0,0.0447,-1.6043,-0.010552,-0.010552,1.0,1.0,-21.08551,-890.286865,0.734659
18150.0,0.0358,-1.6043,-0.010758,-0.010758,1.0,1.0,-21.078924,-890.285339,0.75113
18152.0,0.0237,-1.2991,-0.010513,-0.010513,1.0,1.0,-21.072384,-890.283813,0.758084
18154.0,0.0172,-0.5057,-0.009006,-0.009006,1.0,1.0,-21.065863,-890.282288,0.762409
18156.0,0.0189,-0.3226,-0.008628,-0.008628,1.0,1.0,-21.059355,-890.280762,0.749256
18158.0,0.0281,-0.3836,-0.008439,-0.008439,1.0,1.0,-21.052816,-890.279297,0.738813
18160.0,0.0373,-0.3836,-0.00815,-0.00815,1.0,1.0,-21.046255,-890.277893,0.718527
18162.0,0.0448,-1.055,-0.009229,-0.009229,1.0,1.0,-21.039644,-890.276489,0.708283
18164.0,0.0441,-1.8484,-0.010835,-0.010835,1.0,1.0,-21.03301,-890.275024,0.705998
18166.0,0.0347,-2.2146,-0.011778,-0.011778,1.0,1.0,-21.026375,-890.273621,0.716853
18168.0,0.0198,-1.7264,-0.011133,-0.011133,1.0,1.0,-21.019768,-890.272095,0.731782
18170.0,0.0049,-1.7264,-0.011582,-0.011582,1.0,1.0,-21.013201,-890.27063,0.750252
18172.0,-0.0062,-0.8719,-0.010159,-0.010159,1.0,1.0,-21.006683,-890.269104,0.754896
18174.0,-0.0089,-0.1394,-0.008686,-0.008686,1.0,1.0,-21.000181,-890.267578,0.759528
18176.0,-0.0025,0.1657,-0.007957,-0.007957,1.0,1.0,-20.993692,-890.266052,0.745514
18178.0,0.0046,-0.2005,-0.008455,-0.008455,1.0,1.0,-20.987171,-890.264587,0.738303
18180.0,0.0118,-0.2005,-0.00824,-0.00824,1.0,1.0,-20.980635,-890.263123,0.725815
18182.0,0.015,-0.6888,-0.009091,-0.009091,1.0,1.0,-20.97407,-890.261658,0.734487
18184.0,0.009,-0.9329,-0.009826,-0.009826,1.0,1.0,-20.967529,-890.260193,0.739568
18186.0,-0.0024,-0.7498,-0.009707,-0.009707,1.0,1.0,-20.961004,-890.258667,0.752399
18188.0,-0.0106,-0.0174,-0.008429,-0.008429,1.0,1.0,-20.954514,-890.25708,0.769025
18190.0,-0.0188,-0.0174,-0.008767,-0.008767,1.0,1.0,-20.948067,-890.255493,0.775419
18192.0,-0.0179,0.654,-0.007376,-0.007376,1.0,1.0,-20.941639,-890.253967,0.771388
18194.0,-0.0081,0.7761,-0.006882,-0.006882,1.0,1.0,-20.935204,-890.252441,0.756823
18196.0,0.0027,0.0437,-0.00809,-0.00809,1.0,1.0,-20.928734,-890.250977,0.744584
18198.0,0.007,-0.5667,-0.009188,-0.009188,1.0,1.0,-20.922235,-890.249512,0.738312
18200.0,0.0112,-0.5667,-0.009038,-0.009038,1.0,1.0,-20.915726,-890.248047,0.729354
18202.0,0.0065,-1.177,-0.010343,-0.010343,1.0,1.0,-20.909195,-890.246582,0.740136
18204.0,-0.0026,-0.8108,-0.009847,-0.009847,1.0,1.0,-20.902695,-890.245056,0.74367
18206.0,-0.0096,-0.5667,-0.009496,-0.009496,1.0,1.0,-20.896206,-890.243591,0.745176
18208.0,-0.009,-0.3226,-0.008976,-0.008976,1.0,1.0,-20.889723,-890.242065,0.739985
18210.0,-0.0084,-0.3226,-0.008908,-0.008908,1.0,1.0,-20.88323,-890.240662,0.725143
18212.0,0.0005,-0.1394,-0.008182,-0.008182,1.0,1.0,-20.876701,-890.239258,0.709059
18214.0,0.009,-0.9939,-0.009681,-0.009681,1.0,1.0,-20.870136,-890.237854,0.687781
18216.0,0.0113,-1.5433,-0.010585,-0.010585,1.0,1.0,-20.86352,-890.236511,0.686398
18218.0,0.0137,-1.5433,-0.010525,-0.010525,1.0,1.0,-20.856901,-890.235168,0.67551
18220.0,0.0074,-2.0315,-0.011577,-0.011577,1.0,1.0,-20.850258,-890.233765,0.691919
18222.0,-0.0049,-1.8484,-0.011598,-0.011598,1.0,1.0,-20.843658,-890.232361,0.700432
18224.0,-0.0162,-1.5433,-0.011251,-0.011251,1.0,1.0,-20.837084,-890.230835,0.716899
18226.0,-0.0202,-0.8719,-0.010064,-0.010064,1.0,1.0,-20.830553,-890.229431,0.716993
18228.0,-0.0242,-0.8719,-0.010142,-0.010142,1.0,1.0,-20.824026,-890.227966,0.724715
18230.0,-0.0195,-0.5057,-0.009349,-0.009349,1.0,1.0,-20.81752,-890.226563,0.714459
18232.0,-0.012,-0.7498,-0.009618,-0.009618,1.0,1.0,-20.810991,-890.225159,0.702094
18234.0,-0.0102,-1.3601,-0.01076,-0.01076,1.0,1.0,-20.804434,-890.223816,0.693017
18236.0,-0.0165,-1.7874,-0.011703,-0.011703,1.0,1.0,-20.797857,-890.222351,0.703134
18238.0,-0.0229,-1.7874,-0.011935,-0.011935,1.0,1.0,-20.791307,-890.220947,0.713447
18240.0,-0.0362,-1.4822,-0.011645,-0.011645,1.0,1.0,-20.784786,-890.219421,0.731109
18242.0,-0.0495,-1.055,-0.011174,-0.011174,1.0,1.0,-20.778313,-890.217896,0.752665
18244.0,-0.0554,-0.1394,-0.009554,-0.009554,1.0,1.0,-20.771896,-890.216431,0.754134
18246.0,-0.0509,0.5319,-0.008041,-0.008041,1.0,1.0,-20.765486,-890.214905,0.755412
18248.0,-0.0465,0.5319,-0.00797,-0.00797,1.0,1.0,-20.759081,-890.213379,0.747699
18250.0,-0.0368,0.2878,-0.008224,-0.008224,1.0,1.0,-20.752659,-890.211914,0.737496
18252.0,-0.0293,-0.2005,-0.00902,-0.00902,1.0,1.0,-20.746214,-890.210449,0.733578
18254.0,-0.031,-0.7498,-0.01019,-0.01019,1.0,1.0,-20.739761,-890.208984,0.73093
18256.0,-0.0414,-0.9329,-0.010756,-0.010756,1.0,1.0,-20.733305,-890.207458,0.741087
18274.0,-0.0402,-1.055,-0.011415,-0.011415,1.0,1.0,-20.676111,-890.193604,0.768764
18276.0,-0.0523,-0.3836,-0.010195,-0.010195,1.0,1.0,-20.669775,-890.192017,0.791601
18278.0,-0.0643,-0.3836,-0.010674,-0.010674,1.0,1.0,-20.6635,-890.19043,0.790813
18280.0,-0.0689,0.3488,-0.009179,-0.009179,1.0,1.0,-20.657225,-890.188782,0.801889
18282.0,-0.0653,0.7761,-0.008312,-0.008312,1.0,1.0,-20.65098,-890.187256,0.789956
18284.0,-0.0549,0.7761,-0.007982,-0.007982,1.0,1.0,-20.644707,-890.185669,0.782802
18286.0,-0.0445,0.7761,-0.007704,-0.007704,1.0,1.0,-20.638418,-890.184082,0.78268
18288.0,-0.0366,0.1657,-0.008864,-0.008864,1.0,1.0,-20.632132,-890.182495,0.780725
18290.0,-0.037,-0.5057,-0.010294,-0.010294,1.0,1.0,-20.625843,-890.180908,0.789503
18292.0,-0.0448,-0.3226,-0.010145,-0.010145,1.0,1.0,-20.619579,-890.179321,0.807268
18294.0,-0.0523,0.2268,-0.009301,-0.009301,1.0,1.0,-20.613363,-890.177612,0.820343
18296.0,-0.0597,0.2268,-0.009586,-0.009586,1.0,1.0,-20.607182,-890.175964,0.827219
18298.0,-0.0604,0.593,-0.008886,-0.008886,1.0,1.0,-20.601021,-890.174316,0.827342
18300.0,-0.0528,0.7761,-0.008348,-0.008348,1.0,1.0,-20.594862,-890.172668,0.81554
18302.0,-0.0422,0.2878,-0.009066,-0.009066,1.0,1.0,-20.588676,-890.171082,0.801068
18304.0,-0.0367,-0.3226,-0.010115,-0.010115,1.0,1.0,-20.582457,-890.169495,0.800566
18306.0,-0.0312,-0.3226,-0.010004,-0.010004,1.0,1.0,-20.576239,-890.167847,0.801668
18308.0,-0.0345,-0.8719,-0.011262,-0.011262,1.0,1.0,-20.570024,-890.16626,0.815625
18310.0,-0.0431,-0.8108,-0.011447,-0.011447,1.0,1.0,-20.563848,-890.164551,0.825199
18312.0,-0.0492,-0.2615,-0.010487,-0.010487,1.0,1.0,-20.557699,-890.162903,0.831757
18314.0,-0.0469,0.0437,-0.009858,-0.009858,1.0,1.0,-20.551569,-890.161255,0.823999
18316.0,-0.0446,0.0437,-0.009729,-0.009729,1.0,1.0,-20.545422,-890.159607,0.813682
18318.0,-0.0363,-0.0784,-0.00972,-0.00972,1.0,1.0,-20.539251,-890.158081,0.797938
18320.0,-0.0292,-0.8719,-0.011118,-0.011118,1.0,1.0,-20.533043,-890.156494,0.781487
18322.0,-0.0288,-1.2381,-0.01172,-0.01172,1.0,1.0,-20.526796,-890.154968,0.778908
18324.0,-0.0375,-1.6653,-0.012777,-0.012777,1.0,1.0,-20.520546,-890.153381,0.787784
18326.0,-0.0462,-1.6653,-0.01304,-0.01304,1.0,1.0,-20.51432,-890.151733,0.801598
18328.0,-0.0578,-1.116,-0.012232,-0.012232,1.0,1.0,-20.508131,-890.150085,0.82044
18330.0,-0.0651,-0.5667,-0.011396,-0.011396,1.0,1.0,-20.501991,-890.148376,0.833259
18332.0,-0.0643,-0.2005,-0.010733,-0.010733,1.0,1.0,-20.495888,-890.146729,0.836727
18334.0,-0.0572,-0.2005,-0.010634,-0.010634,1.0,1.0,-20.489796,-890.14502,0.834172
18336.0,-0.05,-0.2005,-0.010469,-0.010469,1.0,1.0,-20.483698,-890.143433,0.827031
18338.0,-0.0454,-0.4446,-0.010827,-0.010827,1.0,1.0,-20.477585,-890.141785,0.823786
18340.0,-0.0484,-0.8108,-0.011637,-0.011637,1.0,1.0,-20.471466,-890.140076,0.830516
18342.0,-0.0594,-1.116,-0.012577,-0.012577,1.0,1.0,-20.465366,-890.138367,0.841992
18344.0,-0.0703,-1.116,-0.012912,-0.012912,1.0,1.0,-20.459299,-890.136597,0.867123
18346.0,-0.0803,-0.2615,-0.01154,-0.01154,1.0,1.0,-20.453297,-890.134888,0.868408
18348.0,-0.0833,0.593,-0.009775,-0.009775,1.0,1.0,-20.4473,-890.133118,0.880321
18350.0,-0.0778,0.8371,-0.009273,-0.009273,1.0,1.0,-20.441336,-890.131348,0.880643
18352.0,-0.068,0.715,-0.009352,-0.009352,1.0,1.0,-20.435375,-890.129639,0.867409
18354.0,-0.0583,0.715,-0.00902,-0.00902,1.0,1.0,-20.429384,-890.12793,0.845649
18356.0,-0.0529,0.1047,-0.009992,-0.009992,1.0,1.0,-20.42334,-890.126221,0.850983
18358.0,-0.0563,-0.3226,-0.011036,-0.011036,1.0,1.0,-20.417313,-890.124451,0.857279
18360.0,-0.0639,0.0437,-0.010463,-0.010463,1.0,1.0,-20.411303,-890.122681,0.872697
18362.0,-0.0684,0.4709,-0.009798,-0.009798,1.0,1.0,-20.405334,-890.120911,0.887381
18364.0,-0.0729,0.4709,-0.010044,-0.010044,1.0,1.0,-20.399405,-890.119141,0.890078
18366.0,-0.0694,0.7761,-0.00935,-0.00935,1.0,1.0,-20.393484,-890.117371,0.884667
18368.0,-0.0592,0.7761,-0.009095,-0.009095,1.0,1.0,-20.387552,-890.115601,0.878946
18370.0,-0.0511,0.1047,-0.010321,-0.010321,1.0,1.0,-20.381609,-890.113831,0.872363
18372.0,-0.0509,-0.2615,-0.011032,-0.011032,1.0,1.0,-20.37565,-890.112122,0.870396
18374.0,-0.0506,-0.2615,-0.011005,-0.011005,1.0,1.0,-20.36969,-890.110352,0.887666
18376.0,-0.059,-0.4446,-0.011748,-0.011748,1.0,1.0,-20.363775,-890.108521,0.907675
18378.0,-0.067,0.2268,-0.010676,-0.010676,1.0,1.0,-20.357914,-890.106628,0.916695
18380.0,-0.0679,0.654,-0.009874,-0.009874,1.0,1.0,-20.352077,-890.104736,0.931607
18382.0,-0.0609,1.0202,-0.009113,-0.009113,1.0,1.0,-20.346281,-890.102905,0.923061
18384.0,-0.0538,1.0202,-0.008884,-0.008884,1.0,1.0,-20.340466,-890.101074,0.912699
18386.0,-0.0449,0.654,-0.009388,-0.009388,1.0,1.0,-20.334625,-890.099243,0.907668
18388.0,-0.042,0.1047,-0.010458,-0.010458,1.0,1.0,-20.328775,-890.097412,0.918539
18390.0,-0.048,-0.0784,-0.011085,-0.011085,1.0,1.0,-20.322954,-890.095581,0.928436
18392.0,-0.0542,0.4709,-0.010131,-0.010131,1.0,1.0,-20.317162,-890.093628,0.944405
18394.0,-0.0604,0.4709,-0.010425,-0.010425,1.0,1.0,-20.311411,-890.091675,0.961108
18396.0,-0.0602,0.8982,-0.009683,-0.009683,1.0,1.0,-20.305704,-890.089722,0.962798
18398.0,-0.0522,0.8982,-0.009549,-0.009549,1.0,1.0,-20.300003,-890.08783,0.954313
18400.0,-0.0428,0.593,-0.009933,-0.009933,1.0,1.0,-20.294283,-890.085938,0.94791
18402.0,-0.0397,-0.0174,-0.011114,-0.011114,1.0,1.0,-20.288549,-890.084106,0.945576
18404.0,-0.0365,-0.0174,-0.011028,-0.011028,1.0,1.0,-20.282812,-890.082153,0.957223
18406.0,-0.0404,-0.3226,-0.011886,-0.011886,1.0,1.0,-20.277107,-890.0802,0.962598
18408.0,-0.0451,-0.0174,-0.011378,-0.011378,1.0,1.0,-20.271418,-890.078247,0.966328
18410.0,-0.0435,0.4709,-0.010338,-0.010338,1.0,1.0,-20.265739,-890.076355,0.955884
18412.0,-0.0419,0.4709,-0.010194,-0.010194,1.0,1.0,-20.260038,-890.074463,0.94576
18414.0,-0.0339,0.2878,-0.010325,-0.010325,1.0,1.0,-20.254314,-890.072571,0.938952
18416.0,-0.0259,-0.3226,-0.01141,-0.01141,1.0,1.0,-20.248575,-890.070801,0.924155
18418.0,-0.026,-0.8719,-0.012431,-0.012431,1.0,1.0,-20.242802,-890.068909,0.927832
18420.0,-0.0334,-1.055,-0.013007,-0.013007,1.0,1.0,-20.23704,-890.067017,0.940417
18422.0,-0.0408,-1.055,-0.013287,-0.013287,1.0,1.0,-20.23131,-890.065063,0.952204
18424.0,-0.0484,-0.6277,-0.01264,-0.01264,1.0,1.0,-20.225613,-890.06311,0.963577
18426.0,-0.049,-0.2005,-0.011857,-0.011857,1.0,1.0,-20.219946,-890.061218,0.960574
18428.0,-0.0438,-0.2005,-0.011726,-0.011726,1.0,1.0,-20.214273,-890.059326,0.949567
18430.0,-0.0409,-0.7498,-0.012731,-0.012731,1.0,1.0,-20.208576,-890.057434,0.945102
18432.0,-0.0379,-0.7498,-0.012626,-0.012626,1.0,1.0,-20.202869,-890.055542,0.955541
18434.0,-0.0433,-0.9329,-0.013236,-0.013236,1.0,1.0,-20.197191,-890.053528,0.968315
18436.0,-0.0551,-0.8108,-0.013338,-0.013338,1.0,1.0,-20.191547,-890.051575,0.986369
18438.0,-0.0629,0.1047,-0.011716,-0.011716,1.0,1.0,-20.185951,-890.049561,0.998258
18440.0,-0.0619,0.715,-0.010514,-0.010514,1.0,1.0,-20.180387,-890.047546,1.002489
18442.0,-0.0609,0.715,-0.010542,-0.010542,1.0,1.0,-20.174837,-890.045532,0.992532
18444.0,-0.0531,0.715,-0.010282,-0.010282,1.0,1.0,-20.169264,-890.043579,0.990997
18446.0,-0.0485,0.4099,-0.010834,-0.010834,1.0,1.0,-20.163689,-890.041504,0.998274
18448.0,-0.0525,0.0437,-0.011778,-0.011778,1.0,1.0,-20.158134,-890.039551,1.005057
18450.0,-0.0592,0.2878,-0.011456,-0.011456,1.0,1.0,-20.152599,-890.037476,1.02078
18452.0,-0.0659,0.2878,-0.011755,-0.011755,1.0,1.0,-20.147106,-890.0354,1.025506
18454.0,-0.0669,0.715,-0.010906,-0.010906,1.0,1.0,-20.141626,-890.033325,1.025547
18456.0,-0.0597,1.0202,-0.010113,-0.010113,1.0,1.0,-20.136148,-890.031311,1.016275
18458.0,-0.052,0.7761,-0.010388,-0.010388,1.0,1.0,-20.13065,-890.029297,1.019462
18460.0,-0.0515,0.1657,-0.011727,-0.011727,1.0,1.0,-20.125162,-890.027222,1.016688
18462.0,-0.0511,0.1657,-0.011688,-0.011688,1.0,1.0,-20.119669,-890.025146,1.029987
18464.0,-0.0564,0.2878,-0.011672,-0.011672,1.0,1.0,-20.114212,-890.023071,1.044719
18466.0,-0.0591,0.593,-0.011229,-0.011229,1.0,1.0,-20.108793,-890.020935,1.052469
18468.0,-0.0544,0.9592,-0.010436,-0.010436,1.0,1.0,-20.103397,-890.018799,1.056363
18470.0,-0.0473,0.8371,-0.010604,-0.010604,1.0,1.0,-20.098013,-890.016724,1.047094
18472.0,-0.0402,0.8371,-0.010367,-0.010367,1.0,1.0,-20.092607,-890.014587,1.052828
18474.0,-0.0389,0.4099,-0.011323,-0.011323,1.0,1.0,-20.087219,-890.012451,1.064952
18476.0,-0.0441,0.3488,-0.011685,-0.011685,1.0,1.0,-20.081863,-890.010315,1.080497
18478.0,-0.046,0.654,-0.011236,-0.011236,1.0,1.0,-20.076548,-890.008118,1.089394
18480.0,-0.048,0.654,-0.011371,-0.011371,1.0,1.0,-20.071257,-890.005981,1.085358
18482.0,-0.0429,0.9592,-0.010572,-0.010572,1.0,1.0,-20.065958,-890.003784,1.087337
18484.0,-0.0333,0.9592,-0.01041,-0.01041,1.0,1.0,-20.060667,-890.001587,1.075649
18486.0,-0.032,0.2878,-0.0117,-0.0117,1.0,1.0,-20.055347,-889.999451,1.079016
18488.0,-0.036,0.0437,-0.01234,-0.01234,1.0,1.0,-20.050039,-889.997314,1.074057
18490.0,-0.0401,0.0437,-0.012364,-0.012364,1.0,1.0,-20.044722,-889.995056,1.098401
18492.0,-0.0414,0.4099,-0.011866,-0.011866,1.0,1.0,-20.039467,-889.992859,1.10653
18494.0,-0.0347,0.7761,-0.011039,-0.011039,1.0,1.0,-20.034235,-889.990662,1.101119
18496.0,-0.0255,0.2878,-0.011853,-0.011853,1.0,1.0,-20.028992,-889.988464,1.08664
18498.0,-0.0252,-0.5057,-0.013396,-0.013396,1.0,1.0,-20.023714,-889.986267,1.095826
18500.0,-0.0249,-0.5057,-0.01349,-0.01349,1.0,1.0,-20.018461,-889.984009,1.116079
18502.0,-0.0317,-0.6277,-0.014105,-0.014105,1.0,1.0,-20.013262,-889.98175,1.120001
18504.0,-0.0365,-0.2615,-0.013452,-0.013452,1.0,1.0,-20.008074,-889.979492,1.127992
18506.0,-0.0321,0.1047,-0.012666,-0.012666,1.0,1.0,-20.002907,-889.977234,1.131926
18508.0,-0.0264,0.1047,-0.0126,-0.0126,1.0,1.0,-19.997753,-889.974976,1.125785
18510.0,-0.0208,0.1047,-0.012425,-0.012425,1.0,1.0,-19.992586,-889.972656,1.138938
18512.0,-0.0228,-0.6277,-0.014183,-0.014183,1.0,1.0,-19.987453,-889.970337,1.147826
18514.0,-0.0301,-0.6277,-0.014419,-0.014419,1.0,1.0,-19.982346,-889.968018,1.165888
18516.0,-0.0332,-0.0174,-0.013362,-0.013362,1.0,1.0,-19.977285,-889.965698,1.171022
18518.0,-0.0287,0.4709,-0.012283,-0.012283,1.0,1.0,-19.97224,-889.963318,1.173446
18520.0,-0.0243,0.4709,-0.012224,-0.012224,1.0,1.0,-19.967203,-889.960938,1.174821
18522.0,-0.0222,-0.1394,-0.013511,-0.013511,1.0,1.0,-19.962172,-889.958557,1.182004
18524.0,-0.0268,-0.3836,-0.014202,-0.014202,1.0,1.0,-19.957159,-889.956177,1.195862
18526.0,-0.0312,0.1047,-0.013387,-0.013387,1.0,1.0,-19.952183,-889.953735,1.211631
18528.0,-0.0271,0.5319,-0.012562,-0.012562,1.0,1.0,-19.947248,-889.951294,1.216394
18530.0,-0.023,0.5319,-0.012535,-0.012535,1.0,1.0,-19.942329,-889.948853,1.202661
18532.0,-0.015,0.3488,-0.012627,-0.012627,1.0,1.0,-19.937378,-889.946411,1.209562
18534.0,-0.0171,-0.2005,-0.013922,-0.013922,1.0,1.0,-19.932446,-889.94397,1.228559
18536.0,-0.0257,-0.3226,-0.014556,-0.014556,1.0,1.0,-19.927563,-889.941406,1.249152
18538.0,-0.0342,-0.3226,-0.014945,-0.014945,1.0,1.0,-19.922733,-889.938843,1.265962
18540.0,-0.0396,0.2878,-0.013917,-0.013917,1.0,1.0,-19.917948,-889.936279,1.282641
18542.0,-0.0351,0.8371,-0.012832,-0.012832,1.0,1.0,-19.913206,-889.933716,1.293925
18544.0,-0.0325,0.7761,-0.013037,-0.013037,1.0,1.0,-19.908495,-889.931091,1.306233
18546.0,-0.0363,0.4709,-0.013898,-0.013898,1.0,1.0,-19.903816,-889.928406,1.326572
18548.0,-0.04,0.4709,-0.014191,-0.014191,1.0,1.0,-19.899191,-889.925659,1.342904
18550.0,-0.0422,0.8982,-0.013494,-0.013494,1.0,1.0,-19.894608,-889.922913,1.357788
18552.0,-0.0371,1.2644,-0.012769,-0.012769,1.0,1.0,-19.890064,-889.920227,1.355091
18554.0,-0.0308,1.2644,-0.012619,-0.012619,1.0,1.0,-19.885515,-889.91748,1.368297
18556.0,-0.0321,0.8371,-0.013708,-0.013708,1.0,1.0,-19.881002,-889.914673,1.378716
18558.0,-0.0335,0.8371,-0.013847,-0.013847,1.0,1.0,-19.876516,-889.911865,1.394166
18560.0,-0.0336,1.1423,-0.013362,-0.013362,1.0,1.0,-19.872072,-889.909058,1.397721
18562.0,-0.0254,1.3864,-0.012717,-0.012717,1.0,1.0,-19.867638,-889.90625,1.397921
18564.0,-0.018,0.8982,-0.013628,-0.013628,1.0,1.0,-19.863205,-889.903442,1.40379
18566.0,-0.0191,0.4099,-0.014762,-0.014762,1.0,1.0,-19.858789,-889.900574,1.412805
18568.0,-0.0202,0.4099,-0.014881,-0.014881,1.0,1.0,-19.854399,-889.897705,1.42988
18570.0,-0.0213,0.7761,-0.0143,-0.0143,1.0,1.0,-19.850052,-889.894836,1.431194
18572.0,-0.0146,0.9592,-0.013793,-0.013793,1.0,1.0,-19.845711,-889.891968,1.429901
18574.0,-0.01,0.4099,-0.014872,-0.014872,1.0,1.0,-19.841368,-889.889038,1.440352
18576.0,-0.0145,0.4099,-0.015071,-0.015071,1.0,1.0,-19.837053,-889.886169,1.455252
18578.0,-0.0189,0.4099,-0.015318,-0.015318,1.0,1.0,-19.832777,-889.883179,1.471183
18580.0,-0.0214,0.715,-0.014884,-0.014884,1.0,1.0,-19.828543,-889.880249,1.470277
18582.0,-0.0164,0.9592,-0.014253,-0.014253,1.0,1.0,-19.824308,-889.877258,1.488919
18584.0,-0.0128,0.7761,-0.014781,-0.014781,1.0,1.0,-19.820122,-889.874146,1.527868
18586.0,-0.0162,0.5319,-0.015794,-0.015794,1.0,1.0,-19.816036,-889.871033,1.526277
18588.0,-0.0195,0.5319,-0.015841,-0.015841,1.0,1.0,-19.811947,-889.867981,1.532149
18590.0,-0.0186,1.0813,-0.014706,-0.014706,1.0,1.0,-19.807875,-889.864929,1.528525
18592.0,-0.0113,1.1423,-0.014394,-0.014394,1.0,1.0,-19.803795,-889.861877,1.531365
18594.0,-0.0108,0.593,-0.015597,-0.015597,1.0,1.0,-19.799725,-889.858765,1.546286
18596.0,-0.0152,0.8371,-0.015318,-0.015318,1.0,1.0,-19.795692,-889.855591,1.565164
18598.0,-0.0195,0.8371,-0.015608,-0.015608,1.0,1.0,-19.79171,-889.852356,1.581819
18600.0,-0.0165,1.2644,-0.014813,-0.014813,1.0,1.0,-19.787771,-889.849182,1.593683
18602.0,-0.0137,1.0813,-0.015281,-0.015281,1.0,1.0,-19.783863,-889.845947,1.602792
18604.0,-0.015,1.2644,-0.015012,-0.015012,1.0,1.0,-19.77998,-889.842712,1.619214
18606.0,-0.0163,1.2644,-0.015216,-0.015216,1.0,1.0,-19.776138,-889.839478,1.620957
18608.0,-0.0142,1.7526,-0.014143,-0.014143,1.0,1.0,-19.772303,-889.836182,1.625915
18610.0,-0.0071,1.5695,-0.014456,-0.014456,1.0,1.0,-19.768482,-889.832947,1.62465
18612.0,-0.006,1.3864,-0.014813,-0.014813,1.0,1.0,-19.76466,-889.82959,1.642125
18614.0,-0.006,1.6306,-0.01448,-0.01448,1.0,1.0,-19.760883,-889.826294,1.659885
18616.0,-0.0061,1.6306,-0.014674,-0.014674,1.0,1.0,-19.757153,-889.822937,1.664044
18618.0,0.0022,1.9357,-0.013905,-0.013905,1.0,1.0,-19.753433,-889.81958,1.658939
18620.0,0.0064,1.3864,-0.014949,-0.014949,1.0,1.0,-19.749702,-889.816284,1.671757
18622.0,0.0053,1.1423,-0.015634,-0.015634,1.0,1.0,-19.746006,-889.812927,1.669561
18624.0,0.011,1.7526,-0.014188,-0.014188,1.0,1.0,-19.742306,-889.809509,1.6677
18626.0,0.0167,1.7526,-0.014059,-0.014059,1.0,1.0,-19.738602,-889.806152,1.670777
18628.0,0.0224,1.3864,-0.014772,-0.014772,1.0,1.0,-19.734907,-889.802795,1.677433
18630.0,0.0228,1.1423,-0.015361,-0.015361,1.0,1.0,-19.73123,-889.799438,1.692154
18632.0,0.0273,1.6306,-0.014385,-0.014385,1.0,1.0,-19.727592,-889.796021,1.697092
18634.0,0.0339,1.4475,-0.014706,-0.014706,1.0,1.0,-19.723969,-889.792603,1.700553
18636.0,0.0405,1.4475,-0.014616,-0.014616,1.0,1.0,-19.720354,-889.789185,1.708286
18638.0,0.0398,0.8371,-0.016026,-0.016026,1.0,1.0,-19.716761,-889.785645,1.717991
18640.0,0.0414,1.0813,-0.015577,-0.015577,1.0,1.0,-19.713194,-889.782288,1.698643
18642.0,0.0471,1.2644,-0.014863,-0.014863,1.0,1.0,-19.709579,-889.77887,1.705336
18644.0,0.0447,0.8371,-0.015899,-0.015899,1.0,1.0,-19.705982,-889.775452,1.716261
18646.0,0.0424,0.8371,-0.016063,-0.016063,1.0,1.0,-19.702415,-889.771912,1.74453
18648.0,0.0427,1.3254,-0.015315,-0.015315,1.0,1.0,-19.698921,-889.768372,1.761902
18650.0,0.0477,1.5085,-0.015014,-0.015014,1.0,1.0,-19.695471,-889.764832,1.776402
18652.0,0.0475,1.2644,-0.015701,-0.015701,1.0,1.0,-19.692059,-889.761169,1.779655
18654.0,0.0497,1.7526,-0.014645,-0.014645,1.0,1.0,-19.688656,-889.757568,1.786311
18656.0,0.0518,1.7526,-0.014676,-0.014676,1.0,1.0,-19.68527,-889.753906,1.806797
18658.0,0.0582,1.8747,-0.014515,-0.014515,1.0,1.0,-19.681938,-889.750305,1.802173
18660.0,0.0596,1.5085,-0.015225,-0.015225,1.0,1.0,-19.678596,-889.746643,1.828088
18662.0,0.065,1.8137,-0.014747,-0.014747,1.0,1.0,-19.675322,-889.742188,1.844272
18664.0,0.0701,1.5085,-0.01548,-0.01548,1.0,1.0,-19.672089,-889.739075,1.85765
18666.0,0.0749,1.5085,-0.015534,-0.015534,1.0,1.0,-19.66889,-889.735474,1.860233
18668.0,0.0744,1.2033,-0.016228,-0.016228,1.0,1.0,-19.665699,-889.73175,1.861621
18670.0,0.0786,1.6306,-0.015243,-0.015243,1.0,1.0,-19.662512,-889.728027,1.866338
18672.0,0.0812,1.4475,-0.01564,-0.01564,1.0,1.0,-19.659338,-889.72345,1.890432
18674.0,0.0838,1.4475,-0.015852,-0.015852,1.0,1.0,-19.656227,-889.720276,1.910808
18676.0,0.0848,1.4475,-0.016053,-0.016053,1.0,1.0,-19.653168,-889.716431,1.94122
18678.0,0.0915,1.7526,-0.015601,-0.015601,1.0,1.0,-19.650187,-889.712463,1.96258
18680.0,0.0943,1.4475,-0.016435,-0.016435,1.0,1.0,-19.647261,-889.708496,1.975733
18682.0,0.097,1.6306,-0.016133,-0.016133,1.0,1.0,-19.644369,-889.703796,1.980446
18684.0,0.0996,1.6306,-0.016133,-0.016133,1.0,1.0,-19.641489,-889.700439,1.99335
18686.0,0.1047,1.7526,-0.015915,-0.015915,1.0,1.0,-19.638643,-889.696472,2.011033
18688.0,0.1054,1.5085,-0.016619,-0.016619,1.0,1.0,-19.635843,-889.692383,2.045231
18690.0,0.1081,1.7526,-0.016413,-0.016413,1.0,1.0,-19.633131,-889.688232,2.076186
18692.0,0.1103,1.6916,-0.01684,-0.01684,1.0,1.0,-19.630497,-889.683228,2.106108
18694.0,0.1124,1.6916,-0.017125,-0.017125,1.0,1.0,-19.627939,-889.679688,2.115066
18696.0,0.1148,1.9357,-0.016652,-0.016652,1.0,1.0,-19.625404,-889.675415,2.125974
18698.0,0.121,2.363,-0.015733,-0.015733,1.0,1.0,-19.622898,-889.671082,2.146542
18700.0,0.1242,1.9357,-0.016814,-0.016814,1.0,1.0,-19.620445,-889.666687,2.178378
18702.0,0.1308,2.0578,-0.016771,-0.016771,1.0,1.0,-19.618073,-889.661499,2.214414
18704.0,0.1374,2.0578,-0.017036,-0.017036,1.0,1.0,-19.615791,-889.657715,2.228089
18706.0,0.1425,2.1189,-0.016957,-0.016957,1.0,1.0,-19.613546,-889.653198,2.251694
18708.0,0.1447,1.8747,-0.017696,-0.017696,1.0,1.0,-19.611361,-889.648621,2.263668
18710.0,0.1483,2.1189,-0.017232,-0.017232,1.0,1.0,-19.609205,-889.644043,2.275169
18712.0,0.1502,1.9357,-0.017714,-0.017714,1.0,1.0,-19.60708,-889.638733,2.304886
18714.0,0.1521,1.9357,-0.018001,-0.018001,1.0,1.0,-19.605032,-889.634766,2.329111
18716.0,0.1567,2.1799,-0.017651,-0.017651,1.0,1.0,-19.603045,-889.629822,2.390416
18718.0,0.1602,1.9968,-0.018645,-0.018645,1.0,1.0,-19.601212,-889.625122,2.371942
18720.0,0.166,2.1189,-0.01807,-0.01807,1.0,1.0,-19.599333,-889.620361,2.36729
18722.0,0.1707,2.302,-0.017536,-0.017536,1.0,1.0,-19.597443,-889.614929,2.398245
18724.0,0.1753,2.302,-0.017783,-0.017783,1.0,1.0,-19.595633,-889.610718,2.414716
18726.0,0.1783,2.302,-0.017905,-0.017905,1.0,1.0,-19.593864,-889.605835,2.443311
18728.0,0.1829,2.6071,-0.017472,-0.017472,1.0,1.0,-19.592169,-889.60083,2.469249
18730.0,0.1841,2.424,-0.018125,-0.018125,1.0,1.0,-19.590538,-889.595825,2.481255
18732.0,0.1893,2.9123,-0.017106,-0.017106,1.0,1.0,-19.588938,-889.59021,2.493596
18734.0,0.1945,2.9123,-0.017141,-0.017141,1.0,1.0,-19.58737,-889.585815,2.5013
18736.0,0.1987,2.6071,-0.0178,-0.0178,1.0,1.0,-19.585821,-889.58075,2.519273
18738.0,0.2065,2.9123,-0.017189,-0.017189,1.0,1.0,-19.584318,-889.575684,2.527055
18740.0,0.2141,2.9733,-0.016998,-0.016998,1.0,1.0,-19.582836,-889.570496,2.538274
18742.0,0.2216,2.9733,-0.016975,-0.016975,1.0,1.0,-19.581383,-889.564941,2.542052
18744.0,0.2277,2.6682,-0.017556,-0.017556,1.0,1.0,-19.579939,-889.560364,2.536519
18746.0,0.2337,2.6682,-0.017381,-0.017381,1.0,1.0,-19.578482,-889.555298,2.544489
18748.0,0.2368,2.363,-0.018063,-0.018063,1.0,1.0,-19.577045,-889.550171,2.558813
18750.0,0.2427,2.7902,-0.017188,-0.017188,1.0,1.0,-19.575645,-889.544983,2.567493
18752.0,0.2485,2.7902,-0.01717,-0.01717,1.0,1.0,-19.574268,-889.539307,2.574247
18754.0,0.2512,2.4851,-0.01785,-0.01785,1.0,1.0,-19.572908,-889.534546,2.580898
18756.0,0.2597,3.1565,-0.016315,-0.016315,1.0,1.0,-19.571566,-889.529419,2.588946
18758.0,0.2644,2.7902,-0.017099,-0.017099,1.0,1.0,-19.570244,-889.52417,2.597666
18760.0,0.2723,2.8513,-0.016912,-0.016912,1.0,1.0,-19.568945,-889.518921,2.606432
18762.0,0.2801,2.8513,-0.016857,-0.016857,1.0,1.0,-19.567669,-889.513245,2.623242
18764.0,0.2832,2.6071,-0.017506,-0.017506,1.0,1.0,-19.566435,-889.508423,2.625935
18766.0,0.2891,2.9733,-0.016634,-0.016634,1.0,1.0,-19.565208,-889.503052,2.64591
18768.0,0.2913,2.7902,-0.017202,-0.017202,1.0,1.0,-19.564034,-889.497681,2.662328
18770.0,0.2979,2.9123,-0.016993,-0.016993,1.0,1.0,-19.562899,-889.49231,2.691111
18772.0,0.3044,2.9123,-0.017181,-0.017181,1.0,1.0,-19.561838,-889.486511,2.700999
18774.0,0.3097,3.2785,-0.016398,-0.016398,1.0,1.0,-19.560802,-889.481445,2.707182
18776.0,0.3167,3.1565,-0.016594,-0.016594,1.0,1.0,-19.559782,-889.476013,2.725889
18778.0,0.3232,3.4006,-0.016149,-0.016149,1.0,1.0,-19.558809,-889.470459,2.742944
18780.0,0.331,3.2175,-0.016579,-0.016579,1.0,1.0,-19.55788,-889.464905,2.754448
18782.0,0.3387,3.2175,-0.016555,-0.016555,1.0,1.0,-19.55698,-889.459045,2.774334
18784.0,0.3457,3.3396,-0.016375,-0.016375,1.0,1.0,-19.556129,-889.453735,2.792659
18786.0,0.3522,2.8513,-0.0175,-0.0175,1.0,1.0,-19.555326,-889.448059,2.809974
18788.0,0.3593,3.4006,-0.01637,-0.01637,1.0,1.0,-19.554567,-889.442322,2.846904
18790.0,0.364,2.8513,-0.017864,-0.017864,1.0,1.0,-19.553902,-889.436523,2.860857
18792.0,0.3686,2.8513,-0.017927,-0.017927,1.0,1.0,-19.55327,-889.430542,2.884657
18794.0,0.3735,3.4616,-0.01678,-0.01678,1.0,1.0,-19.5527,-889.424927,2.909122
18796.0,0.3786,3.0954,-0.017736,-0.017736,1.0,1.0,-19.552191,-889.418945,2.944972
18798.0,0.3853,3.8278,-0.016422,-0.016422,1.0,1.0,-19.551771,-889.412964,2.974808
18800.0,0.392,3.8278,-0.016617,-0.016617,1.0,1.0,-19.551428,-889.407043,2.972401
18802.0,0.4001,3.0954,-0.018012,-0.018012,1.0,1.0,-19.551079,-889.400879,2.989558
18804.0,0.4082,3.5837,-0.016992,-0.016992,1.0,1.0,-19.550772,-889.394958,3.003662
18806.0,0.4158,3.2175,-0.017787,-0.017787,1.0,1.0,-19.550501,-889.388855,3.028319
18808.0,0.4214,3.7668,-0.016767,-0.016767,1.0,1.0,-19.550291,-889.382751,3.037342
18810.0,0.4269,3.7668,-0.016759,-0.016759,1.0,1.0,-19.550104,-889.37677,3.022087
18812.0,0.4333,3.2175,-0.017652,-0.017652,1.0,1.0,-19.549879,-889.370361,3.055454
18814.0,0.4382,3.6447,-0.017002,-0.017002,1.0,1.0,-19.549738,-889.364502,3.061534
18816.0,0.4475,3.4006,-0.017415,-0.017415,1.0,1.0,-19.549612,-889.358337,3.068125
18818.0,0.4552,3.7058,-0.016684,-0.016684,1.0,1.0,-19.549503,-889.352051,3.074013
18820.0,0.4628,3.7058,-0.016602,-0.016602,1.0,1.0,-19.54941,-889.346008,3.053168
18822.0,0.4714,3.3396,-0.016996,-0.016996,1.0,1.0,-19.549263,-889.339844,3.04348
18824.0,0.4763,3.5227,-0.016403,-0.016403,1.0,1.0,-19.549093,-889.333862,3.046924
18826.0,0.4841,3.4006,-0.016554,-0.016554,1.0,1.0,-19.548931,-889.327698,3.052679
18828.0,0.4897,3.4006,-0.016509,-0.016509,1.0,1.0,-19.548784,-889.321655,3.03154
18830.0,0.4952,3.4006,-0.016172,-0.016172,1.0,1.0,-19.548584,-889.315552,3.007997
18832.0,0.5045,3.7668,-0.014951,-0.014951,1.0,1.0,-19.548325,-889.30957,2.996024
18834.0,0.5108,3.2175,-0.015881,-0.015881,1.0,1.0,-19.548035,-889.303589,2.992254
18836.0,0.5187,3.4616,-0.015163,-0.015163,1.0,1.0,-19.547735,-889.297607,2.994523
18838.0,0.527,3.1565,-0.015685,-0.015685,1.0,1.0,-19.547441,-889.291748,2.958218
18840.0,0.5352,3.1565,-0.015131,-0.015131,1.0,1.0,-19.547058,-889.285889,2.936425
18842.0,0.5429,3.4616,-0.014092,-0.014092,1.0,1.0,-19.546619,-889.280029,2.932014
18844.0,0.5527,3.0344,-0.014774,-0.014774,1.0,1.0,-19.546169,-889.274048,2.930655
18846.0,0.559,2.9733,-0.01477,-0.01477,1.0,1.0,-19.545717,-889.268188,2.9293
18848.0,0.5663,2.6682,-0.015271,-0.015271,1.0,1.0,-19.545261,-889.262451,2.899116
18850.0,0.5736,2.6682,-0.014802,-0.014802,1.0,1.0,-19.544729,-889.256653,2.897687
18852.0,0.5768,2.6682,-0.014725,-0.014725,1.0,1.0,-19.544195,-889.250732,2.922684
18854.0,0.583,2.6682,-0.014879,-0.014879,1.0,1.0,-19.543724,-889.244873,2.933425
18856.0,0.5886,2.7292,-0.014756,-0.014756,1.0,1.0,-19.54328,-889.239075,2.919113
18858.0,0.5965,2.7902,-0.014317,-0.014317,1.0,1.0,-19.542799,-889.233154,2.906711
18860.0,0.6044,2.7902,-0.01403,-0.01403,1.0,1.0,-19.542288,-889.227295,2.918652
18862.0,0.6122,2.363,-0.01493,-0.01493,1.0,1.0,-19.541807,-889.221375,2.951733
18864.0,0.6161,2.5461,-0.01482,-0.01482,1.0,1.0,-19.541409,-889.215393,2.971721
18866.0,0.6239,2.2409,-0.015546,-0.015546,1.0,1.0,-19.541061,-889.209473,2.969117
18868.0,0.6316,2.2409,-0.015369,-0.015369,1.0,1.0,-19.540707,-889.203491,2.985551
18870.0,0.6338,2.424,-0.015111,-0.015111,1.0,1.0,-19.540394,-889.197388,3.027871
18872.0,0.6401,2.1189,-0.016109,-0.016109,1.0,1.0,-19.540188,-889.191101,3.070628
18874.0,0.644,2.1189,-0.016498,-0.016498,1.0,1.0,-19.540089,-889.184937,3.078823
18876.0,0.6485,2.302,-0.016107,-0.016107,1.0,1.0,-19.54001,-889.178711,3.0946
18878.0,0.653,2.302,-0.016193,-0.016193,1.0,1.0,-19.539972,-889.172424,3.129844
18880.0,0.6587,2.363,-0.016336,-0.016336,1.0,1.0,-19.540022,-889.166016,3.177412
18882.0,0.6608,2.424,-0.016682,-0.016682,1.0,1.0,-19.540192,-889.159607,3.200118
18884.0,0.6692,2.302,-0.01703,-0.01703,1.0,1.0,-19.540419,-889.153076,3.215194
18886.0,0.6706,2.1189,-0.017561,-0.017561,1.0,1.0,-19.540684,-889.146545,3.246459
18888.0,0.6719,2.1189,-0.017875,-0.017875,1.0,1.0,-19.541027,-889.139893,3.289309
18890.0,0.6773,2.302,-0.017844,-0.017844,1.0,1.0,-19.541477,-889.13324,3.317777
18892.0,0.6817,2.302,-0.01807,-0.01807,1.0,1.0,-19.542,-889.126526,3.343161
18894.0,0.684,2.424,-0.01804,-0.01804,1.0,1.0,-19.542585,-889.119873,3.331619
18896.0,0.6917,2.302,-0.01803,-0.01803,1.0,1.0,-19.543142,-889.113098,3.380243
18898.0,0.6994,2.302,-0.018411,-0.018411,1.0,1.0,-19.543819,-889.10614,3.40419
18900.0,0.6989,2.1799,-0.018943,-0.018943,1.0,1.0,-19.544558,-889.099304,3.410275
18902.0,0.7041,2.6682,-0.01786,-0.01786,1.0,1.0,-19.545311,-889.092468,3.416471
18904.0,0.708,2.6071,-0.017984,-0.017984,1.0,1.0,-19.54608,-889.085571,3.445078
18906.0,0.7109,3.0954,-0.017189,-0.017189,1.0,1.0,-19.546919,-889.078613,3.462749
18908.0,0.7139,3.0954,-0.017324,-0.017324,1.0,1.0,-19.547802,-889.071716,3.446171
18910.0,0.7246,3.2175,-0.016675,-0.016675,1.0,1.0,-19.548643,-889.064697,3.444469
18912.0,0.7277,2.9123,-0.017253,-0.017253,1.0,1.0,-19.54948,-889.057861,3.451488
18914.0,0.7337,2.9123,-0.017216,-0.017216,1.0,1.0,-19.550335,-889.050903,3.461952
18916.0,0.7398,2.9123,-0.017213,-0.017213,1.0,1.0,-19.551216,-889.044006,3.446633
18918.0,0.7458,2.9123,-0.016929,-0.016929,1.0,1.0,-19.552057,-889.037109,3.451644
18920.0,0.7477,3.2175,-0.016292,-0.016292,1.0,1.0,-19.552912,-889.030212,3.45426
18922.0,0.756,3.2785,-0.01603,-0.01603,1.0,1.0,-19.553772,-889.023132,3.462627
18924.0,0.7627,3.1565,-0.016254,-0.016254,1.0,1.0,-19.554653,-889.016235,3.452482
18926.0,0.7671,3.2175,-0.015928,-0.015928,1.0,1.0,-19.555508,-889.009338,3.455911
18928.0,0.7715,3.2175,-0.015881,-0.015881,1.0,1.0,-19.556372,-889.00238,3.469136
18930.0,0.7815,3.1565,-0.015965,-0.015965,1.0,1.0,-19.557268,-888.995483,3.457514
18932.0,0.7866,3.1565,-0.01574,-0.01574,1.0,1.0,-19.558134,-888.988525,3.472511
18934.0,0.7931,3.4006,-0.015254,-0.015254,1.0,1.0,-19.559038,-888.981506,3.488546
18936.0,0.7996,3.4006,-0.015304,-0.015304,1.0,1.0,-19.559982,-888.974365,3.50864
18938.0,0.809,3.2175,-0.015735,-0.015735,1.0,1.0,-19.560976,-888.967285,3.532069
18940.0,0.8132,2.9733,-0.016435,-0.016435,1.0,1.0,-19.562029,-888.960144,3.550274
18942.0,0.819,3.2175,-0.015996,-0.015996,1.0,1.0,-19.563126,-888.953003,3.563579
18944.0,0.829,3.0954,-0.016212,-0.016212,1.0,1.0,-19.564257,-888.945801,3.585269
18946.0,0.839,3.0954,-0.016256,-0.016256,1.0,1.0,-19.565441,-888.938599,3.613121
18948.0,0.8419,3.0954,-0.016503,-0.016503,1.0,1.0,-19.566696,-888.931152,3.644618
18950.0,0.8478,3.1565,-0.016602,-0.016602,1.0,1.0,-19.568029,-888.923767,3.671038
18952.0,0.8563,3.1565,-0.016726,-0.016726,1.0,1.0,-19.569427,-888.916321,3.697634
18954.0,0.8595,3.2175,-0.016822,-0.016822,1.0,1.0,-19.570892,-888.908875,3.719386
18956.0,0.8628,3.2175,-0.016997,-0.016997,1.0,1.0,-19.572411,-888.901306,3.76073
18958.0,0.869,3.2785,-0.017197,-0.017197,1.0,1.0,-19.574032,-888.893738,3.769259
18960.0,0.8788,3.0954,-0.017494,-0.017494,1.0,1.0,-19.575674,-888.886169,3.783783
18962.0,0.8803,3.0954,-0.017623,-0.017623,1.0,1.0,-19.577353,-888.87854,3.768276
18964.0,0.8849,3.5227,-0.016447,-0.016447,1.0,1.0,-19.578991,-888.870728,3.834706
18966.0,0.8895,3.5227,-0.017082,-0.017082,1.0,1.0,-19.580797,-888.863098,3.827111
18968.0,0.8999,3.5227,-0.0168,-0.0168,1.0,1.0,-19.582582,-888.855469,3.820832
18970.0,0.9041,3.4006,-0.016914,-0.016914,1.0,1.0,-19.584351,-888.847778,3.837067
18972.0,0.9085,3.5837,-0.016612,-0.016612,1.0,1.0,-19.586161,-888.840088,3.83536
18974.0,0.919,3.7058,-0.016129,-0.016129,1.0,1.0,-19.587965,-888.83252,3.822056
18976.0,0.9295,3.7058,-0.015784,-0.015784,1.0,1.0,-19.589735,-888.824768,3.808131
18978.0,0.9362,3.7058,-0.015504,-0.015504,1.0,1.0,-19.591469,-888.817078,3.829655
18980.0,0.9397,3.8889,-0.015276,-0.015276,1.0,1.0,-19.593256,-888.809509,3.800454
18982.0,0.9504,3.8889,-0.014753,-0.014753,1.0,1.0,-19.594969,-888.802002,3.777331
18984.0,0.9614,3.8278,-0.014421,-0.014421,1.0,1.0,-19.596624,-888.794434,3.773013
18986.0,0.9724,3.8278,-0.014163,-0.014163,1.0,1.0,-19.598269,-888.786865,3.774948
18988.0,0.9754,3.7058,-0.01439,-0.01439,1.0,1.0,-19.599916,-888.779297,3.736394
18990.0,0.9824,3.9499,-0.01331,-0.01331,1.0,1.0,-19.601467,-888.771851,3.728392
18992.0,0.9953,3.7668,-0.013369,-0.013369,1.0,1.0,-19.602997,-888.764343,3.748266
18994.0,1.0082,3.7668,-0.013339,-0.013339,1.0,1.0,-19.604576,-888.756897,3.73464
18996.0,1.0132,3.5227,-0.013619,-0.013619,1.0,1.0,-19.606119,-888.74939,3.737415
18998.0,1.0176,3.8278,-0.012909,-0.012909,1.0,1.0,-19.60767,-888.741821,3.765027
19000.0,1.0303,3.9499,-0.012702,-0.012702,1.0,1.0,-19.609289,-888.734253,3.78573
19002.0,1.0419,3.4616,-0.013756,-0.013756,1.0,1.0,-19.61096,-888.726563,3.775487
19004.0,1.0534,3.4616,-0.013423,-0.013423,1.0,1.0,-19.612604,-888.718994,3.798524
19006.0,1.0563,3.6447,-0.013224,-0.013224,1.0,1.0,-19.614305,-888.711243,3.852598
19008.0,1.0624,3.8889,-0.013171,-0.013171,1.0,1.0,-19.616142,-888.703491,3.862903
19010.0,1.0756,3.7058,-0.013424,-0.013424,1.0,1.0,-19.618004,-888.695679,3.884376
19012.0,1.0845,3.3396,-0.014274,-0.014274,1.0,1.0,-19.619919,-888.687744,3.943762
19014.0,1.0934,3.3396,-0.014749,-0.014749,1.0,1.0,-19.621983,-888.679626,3.984192
19016.0,1.0963,3.4006,-0.015003,-0.015003,1.0,1.0,-19.624146,-888.67157,4.004133
19018.0,1.1023,3.3396,-0.015236,-0.015236,1.0,1.0,-19.626358,-888.663452,4.056798
19020.0,1.1145,3.0954,-0.016099,-0.016099,1.0,1.0,-19.628702,-888.65509,4.1226
19022.0,1.1199,3.2175,-0.01645,-0.01645,1.0,1.0,-19.63121,-888.64679,4.146108
19024.0,1.1252,3.2175,-0.016603,-0.016603,1.0,1.0,-19.633778,-888.638428,4.174834
19026.0,1.1262,3.2785,-0.016766,-0.016766,1.0,1.0,-19.636415,-888.6297,4.257502
19028.0,1.1332,3.4616,-0.017137,-0.017137,1.0,1.0,-19.639259,-888.621216,4.247629
19030.0,1.1452,3.4616,-0.016798,-0.016798,1.0,1.0,-19.642078,-888.612671,4.26925
19032.0,1.1506,3.5837,-0.016669,-0.016669,1.0,1.0,-19.644951,-888.604004,4.301745
19034.0,1.1559,3.5837,-0.01692,-0.01692,1.0,1.0,-19.647903,-888.595276,4.33558
19036.0,1.1568,3.8278,-0.016746,-0.016746,1.0,1.0,-19.65094,-888.586609,4.341403
19038.0,1.1635,3.9499,-0.016418,-0.016418,1.0,1.0,-19.65399,-888.577881,4.344022
19040.0,1.1766,3.8889,-0.016326,-0.016326,1.0,1.0,-19.657045,-888.569031,4.358729
19042.0,1.1851,3.8278,-0.016455,-0.016455,1.0,1.0,-19.660135,-888.560364,4.347783
19044.0,1.1935,3.8278,-0.016174,-0.016174,1.0,1.0,-19.663197,-888.551636,4.344371
19046.0,1.1945,4.0109,-0.015724,-0.015724,1.0,1.0,-19.666248,-888.542969,4.351769
19048.0,1.2009,4.2551,-0.015158,-0.015158,1.0,1.0,-19.669317,-888.534302,4.339158
19050.0,1.2149,4.2551,-0.01475,-0.01475,1.0,1.0,-19.672354,-888.525635,4.334116
19052.0,1.2263,4.0109,-0.015002,-0.015002,1.0,1.0,-19.675377,-888.516968,4.333004
19054.0,1.2377,4.0109,-0.014772,-0.014772,1.0,1.0,-19.678396,-888.508179,4.326142
19056.0,1.2406,4.072,-0.01451,-0.01451,1.0,1.0,-19.681396,-888.499512,4.340887
19058.0,1.2436,4.3161,-0.014089,-0.014089,1.0,1.0,-19.684433,-888.490723,4.371762
19060.0,1.255,4.3161,-0.014205,-0.014205,1.0,1.0,-19.687546,-888.481934,4.381966
19062.0,1.2665,4.3161,-0.014096,-0.014096,1.0,1.0,-19.690683,-888.473145,4.400599
19064.0,1.28,4.2551,-0.01417,-0.01417,1.0,1.0,-19.693865,-888.464294,4.415694
19066.0,1.2868,4.3772,-0.013941,-0.013941,1.0,1.0,-19.697084,-888.455383,4.439491
19068.0,1.2902,4.3772,-0.014134,-0.014134,1.0,1.0,-19.700361,-888.446289,4.474765
19070.0,1.2974,4.4382,-0.014249,-0.014249,1.0,1.0,-19.703726,-888.437195,4.511808
19072.0,1.3046,4.4382,-0.014515,-0.014515,1.0,1.0,-19.707182,-888.428101,4.543519
19074.0,1.3183,4.4382,-0.014596,-0.014596,1.0,1.0,-19.710716,-888.418884,4.579868
19076.0,1.3294,4.3161,-0.015041,-0.015041,1.0,1.0,-19.71434,-888.409607,4.617745
19078.0,1.3348,4.5603,-0.014825,-0.014825,1.0,1.0,-19.71806,-888.40033,4.626514
19080.0,1.3401,4.6213,-0.014687,-0.014687,1.0,1.0,-19.721798,-888.391052,4.646106
19082.0,1.3454,4.6213,-0.014799,-0.014799,1.0,1.0,-19.725584,-888.381531,4.662606
19084.0,1.3549,4.6213,-0.014796,-0.014796,1.0,1.0,-19.72941,-888.372192,4.670351
19086.0,1.3689,4.4382,-0.015005,-0.015005,1.0,1.0,-19.733255,-888.362915,4.658194
19088.0,1.3809,4.4382,-0.014642,-0.014642,1.0,1.0,-19.737068,-888.353516,4.674123
19090.0,1.3856,4.3161,-0.014989,-0.014989,1.0,1.0,-19.740919,-888.34436,4.627061
19092.0,1.3901,4.3161,-0.014389,-0.014389,1.0,1.0,-19.74465,-888.335205,4.592398
19094.0,1.3948,4.4992,-0.01353,-0.01353,1.0,1.0,-19.748293,-888.32605,4.582265
19096.0,1.4032,4.8044,-0.012602,-0.012602,1.0,1.0,-19.751909,-888.316895,4.523543
19098.0,1.4172,4.7434,-0.011824,-0.011824,1.0,1.0,-19.755377,-888.307983,4.471727
19100.0,1.4296,4.4382,-0.011678,-0.011678,1.0,1.0,-19.758713,-888.299072,4.459271
19102.0,1.4421,4.4382,-0.011304,-0.011304,1.0,1.0,-19.762014,-888.290344,4.399382
19104.0,1.4494,4.4992,-0.010381,-0.010381,1.0,1.0,-19.765165,-888.281738,4.342827
19106.0,1.4552,4.3772,-0.009916,-0.009916,1.0,1.0,-19.768173,-888.273071,4.328683
19108.0,1.4645,4.2551,-0.009846,-0.009846,1.0,1.0,-19.771145,-888.264404,4.288276
19110.0,1.479,4.072,-0.009522,-0.009522,1.0,1.0,-19.774014,-888.25592,4.246411
19112.0,1.4934,4.072,-0.00879,-0.00879,1.0,1.0,-19.776775,-888.247437,4.257647
19114.0,1.5063,4.0109,-0.008795,-0.008795,1.0,1.0,-19.779564,-888.238953,4.245305
19116.0,1.5156,3.6447,-0.009271,-0.009271,1.0,1.0,-19.78232,-888.230591,4.20665
19118.0,1.5207,3.7668,-0.00849,-0.00849,1.0,1.0,-19.784979,-888.222107,4.230997
19120.0,1.5263,3.5837,-0.00904,-0.00904,1.0,1.0,-19.787697,-888.213562,4.249067
19122.0,1.532,3.5837,-0.009128,-0.009128,1.0,1.0,-19.790461,-888.204895,4.256568
19124.0,1.5431,3.2175,-0.009783,-0.009783,1.0,1.0,-19.793242,-888.196289,4.297323
19126.0,1.5569,3.0954,-0.010224,-0.010224,1.0,1.0,-19.796124,-888.1875,4.345623
19128.0,1.5672,2.7902,-0.011209,-0.011209,1.0,1.0,-19.799126,-888.178833,4.344211
19130.0,1.5774,2.7902,-0.010998,-0.010998,1.0,1.0,-19.802122,-888.169983,4.400451
19132.0,1.579,2.6071,-0.011972,-0.011972,1.0,1.0,-19.80526,-888.161011,4.449533
19134.0,1.5809,2.6071,-0.012469,-0.012469,1.0,1.0,-19.808519,-888.1521,4.466628
19136.0,1.5864,2.6071,-0.012551,-0.012551,1.0,1.0,-19.811821,-888.142883,4.509236
19138.0,1.598,2.4851,-0.013055,-0.013055,1.0,1.0,-19.815228,-888.133728,4.558756
19140.0,1.6095,2.4851,-0.013372,-0.013372,1.0,1.0,-19.818758,-888.124512,4.576052
19142.0,1.6183,2.363,-0.013655,-0.013655,1.0,1.0,-19.82233,-888.115356,4.586402
19144.0,1.621,2.302,-0.013846,-0.013846,1.0,1.0,-19.825928,-888.106079,4.628616
19146.0,1.6196,2.2409,-0.014463,-0.014463,1.0,1.0,-19.829628,-888.096863,4.617908
19148.0,1.6222,2.424,-0.013904,-0.013904,1.0,1.0,-19.833302,-888.087585,4.617615
19150.0,1.6247,2.424,-0.013852,-0.013852,1.0,1.0,-19.836971,-888.078125,4.64076
19152.0,1.6325,2.424,-0.013954,-0.013954,1.0,1.0,-19.840698,-888.06897,4.612436
19154.0,1.6428,2.424,-0.013449,-0.013449,1.0,1.0,-19.844353,-888.059753,4.594255
19156.0,1.6485,2.424,-0.013142,-0.013142,1.0,1.0,-19.84796,-888.050537,4.600161
19158.0,1.6486,2.5461,-0.012941,-0.012941,1.0,1.0,-19.85158,-888.041443,4.579414
19160.0,1.6487,2.5461,-0.012713,-0.012713,1.0,1.0,-19.855146,-888.032349,4.551382
19162.0,1.6489,2.424,-0.012668,-0.012668,1.0,1.0,-19.858643,-888.023071,4.552377
19164.0,1.6539,2.4851,-0.01245,-0.01245,1.0,1.0,-19.862139,-888.014038,4.531257
19166.0,1.6638,2.4851,-0.012031,-0.012031,1.0,1.0,-19.865582,-888.005005,4.520761
19168.0,1.6717,2.2409,-0.012291,-0.012291,1.0,1.0,-19.868996,-887.996033,4.500458
19170.0,1.6795,2.2409,-0.011919,-0.011919,1.0,1.0,-19.872358,-887.987,4.512963
19172.0,1.6854,2.363,-0.01168,-0.01168,1.0,1.0,-19.87575,-887.977905,4.530666
19174.0,1.6859,2.302,-0.011995,-0.011995,1.0,1.0,-19.879185,-887.968628,4.546426
19176.0,1.6881,2.424,-0.011862,-0.011862,1.0,1.0,-19.882658,-887.959534,4.562446
19178.0,1.6932,2.1189,-0.012594,-0.012594,1.0,1.0,-19.886169,-887.950317,4.582666
19180.0,1.6983,2.1189,-0.012716,-0.012716,1.0,1.0,-19.88973,-887.941101,4.608528
19182.0,1.7075,2.302,-0.012426,-0.012426,1.0,1.0,-19.893356,-887.931763,4.637804
19184.0,1.7158,1.9968,-0.013243,-0.013243,1.0,1.0,-19.897053,-887.922424,4.671489
19186.0,1.7206,1.8747,-0.013778,-0.013778,1.0,1.0,-19.900833,-887.912842,4.698836
19188.0,1.7255,1.8747,-0.013982,-0.013982,1.0,1.0,-19.90468,-887.90332,4.72816
19190.0,1.728,1.9968,-0.01399,-0.01399,1.0,1.0,-19.9086,-887.893799,4.75767
19192.0,1.7287,1.9357,-0.01443,-0.01443,1.0,1.0,-19.912592,-887.884277,4.756246
19194.0,1.7306,1.8747,-0.014509,-0.014509,1.0,1.0,-19.916578,-887.874756,4.777038
19196.0,1.735,1.9357,-0.014521,-0.014521,1.0,1.0,-19.920616,-887.865112,4.789098
19198.0,1.7393,1.9357,-0.014568,-0.014568,1.0,1.0,-19.924683,-887.855591,4.771101
19200.0,1.747,1.9968,-0.014094,-0.014094,1.0,1.0,-19.928701,-887.845886,4.778175
19202.0,1.7534,1.9968,-0.014047,-0.014047,1.0,1.0,-19.932737,-887.836426,4.75338
19204.0,1.7569,1.9357,-0.013842,-0.013842,1.0,1.0,-19.936708,-887.826965,4.724707
19206.0,1.7586,1.8137,-0.013761,-0.013761,1.0,1.0,-19.940607,-887.817505,4.72957
19208.0,1.7602,1.8137,-0.013782,-0.013782,1.0,1.0,-19.944515,-887.808167,4.68846
19210.0,1.76,1.9968,-0.012946,-0.012946,1.0,1.0,-19.948318,-887.79895,4.65114
19212.0,1.763,2.0578,-0.01235,-0.01235,1.0,1.0,-19.952026,-887.789612,4.648837
19214.0,1.7684,1.9357,-0.012484,-0.012484,1.0,1.0,-19.955729,-887.780273,4.603783
19216.0,1.775,2.1189,-0.011474,-0.011474,1.0,1.0,-19.959316,-887.77124,4.568767
19218.0,1.7815,2.1189,-0.010967,-0.010967,1.0,1.0,-19.962814,-887.762024,4.583906
19220.0,1.7873,1.8747,-0.011546,-0.011546,1.0,1.0,-19.966349,-887.75293,4.563445
19222.0,1.7925,1.8747,-0.011223,-0.011223,1.0,1.0,-19.96983,-887.743835,4.560841
19224.0,1.797,1.9357,-0.010977,-0.010977,1.0,1.0,-19.973303,-887.734558,4.594687
19226.0,1.8007,1.7526,-0.011667,-0.011667,1.0,1.0,-19.97686,-887.72522,4.588872
19228.0,1.8045,1.7526,-0.011533,-0.011533,1.0,1.0,-19.9804,-887.716003,4.610591
19230.0,1.8066,1.5085,-0.012253,-0.012253,1.0,1.0,-19.983994,-887.706604,4.667004
19232.0,1.8079,1.5695,-0.012711,-0.012711,1.0,1.0,-19.987728,-887.697205,4.685906
19234.0,1.8116,1.3864,-0.013239,-0.013239,1.0,1.0,-19.991508,-887.687683,4.746002
19236.0,1.8149,1.1423,-0.014355,-0.014355,1.0,1.0,-19.995438,-887.677979,4.806351
19238.0,1.8182,1.1423,-0.014948,-0.014948,1.0,1.0,-19.999517,-887.668091,4.843564
19240.0,1.8214,1.4475,-0.014635,-0.014635,1.0,1.0,-20.003689,-887.658203,4.91845
19242.0,1.8243,1.5085,-0.015263,-0.015263,1.0,1.0,-20.008047,-887.648193,4.973994
19244.0,1.827,1.5085,-0.015816,-0.015816,1.0,1.0,-20.012543,-887.638184,5.007469
19246.0,1.8286,1.5695,-0.016018,-0.016018,1.0,1.0,-20.01712,-887.627869,5.102674
19248.0,1.8302,1.5695,-0.017023,-0.017023,1.0,1.0,-20.021936,-887.617737,5.086452
19250.0,1.8318,1.4475,-0.017078,-0.017078,1.0,1.0,-20.026709,-887.6073,5.119737
19252.0,1.8326,1.6916,-0.016902,-0.016902,1.0,1.0,-20.031563,-887.596924,5.165444
19254.0,1.8323,1.7526,-0.017272,-0.017272,1.0,1.0,-20.03653,-887.586548,5.17203
19256.0,1.8321,1.7526,-0.017349,-0.017349,1.0,1.0,-20.041512,-887.576172,5.173969
19258.0,1.8335,2.1189,-0.016555,-0.016555,1.0,1.0,-20.046497,-887.565796,5.180045
19260.0,1.8352,2.1799,-0.016457,-0.016457,1.0,1.0,-20.051497,-887.555542,5.162958
19262.0,1.8383,2.424,-0.015687,-0.015687,1.0,1.0,-20.05645,-887.545166,5.164413
19264.0,1.8422,2.4851,-0.015497,-0.015497,1.0,1.0,-20.061405,-887.534668,5.151913
19266.0,1.8461,2.4851,-0.015286,-0.015286,1.0,1.0,-20.066326,-887.524414,5.144441
19268.0,1.8516,2.7902,-0.014442,-0.014442,1.0,1.0,-20.071226,-887.51416,5.142676
19270.0,1.8574,2.9733,-0.013919,-0.013919,1.0,1.0,-20.07612,-887.503906,5.142619
19272.0,1.8622,2.9123,-0.013957,-0.013957,1.0,1.0,-20.081013,-887.493591,5.15038
19274.0,1.8674,2.7902,-0.014204,-0.014204,1.0,1.0,-20.085922,-887.483154,5.180445
19276.0,1.8726,2.7902,-0.014431,-0.014431,1.0,1.0,-20.090906,-887.472595,5.194574
19278.0,1.8773,2.9733,-0.014101,-0.014101,1.0,1.0,-20.095922,-887.462158,5.218546
19280.0,1.8822,3.1565,-0.013875,-0.013875,1.0,1.0,-20.100998,-887.451599,5.249014
19282.0,1.8868,3.2785,-0.013856,-0.013856,1.0,1.0,-20.106148,-887.440979,5.299431
19284.0,1.8921,3.4006,-0.01404,-0.01404,1.0,1.0,-20.111422,-887.430237,5.343805
19286.0,1.8974,3.4006,-0.014421,-0.014421,1.0,1.0,-20.116806,-887.419434,5.38159
19288.0,1.9014,3.2785,-0.015017,-0.015017,1.0,1.0,-20.122282,-887.408386,5.425073
19290.0,1.9071,3.4006,-0.015119,-0.015119,1.0,1.0,-20.127865,-887.397461,5.446841
19292.0,1.9133,3.5837,-0.014842,-0.014842,1.0,1.0,-20.133501,-887.386475,5.475802
19294.0,1.9188,3.6447,-0.014921,-0.014921,1.0,1.0,-20.139208,-887.375549,5.46285
19296.0,1.9243,3.6447,-0.014676,-0.014676,1.0,1.0,-20.14488,-887.364563,5.477608
19298.0,1.9307,3.8889,-0.014188,-0.014188,1.0,1.0,-20.150587,-887.353638,5.480289
19300.0,1.9389,4.0109,-0.013797,-0.013797,1.0,1.0,-20.156298,-887.342773,5.432351
19302.0,1.9467,3.8889,-0.013389,-0.013389,1.0,1.0,-20.161886,-887.331909,5.382869
19304.0,1.9534,4.0109,-0.012458,-0.012458,1.0,1.0,-20.167347,-887.321228,5.348975
19306.0,1.9602,4.0109,-0.01196,-0.01196,1.0,1.0,-20.172722,-887.310791,5.261473
19308.0,1.9674,4.0109,-0.010868,-0.010868,1.0,1.0,-20.177874,-887.300415,5.223434
19310.0,1.9761,4.072,-0.010157,-0.010157,1.0,1.0,-20.182928,-887.2901,5.161636
19312.0,1.9853,4.2551,-0.008914,-0.008914,1.0,1.0,-20.187826,-887.280029,5.085382
19314.0,1.9952,4.133,-0.008156,-0.008156,1.0,1.0,-20.19253,-887.269775,5.05907
19316.0,2.0051,4.133,-0.00768,-0.00768,1.0,1.0,-20.197166,-887.259827,4.991203
19318.0,2.0158,4.133,-0.006736,-0.006736,1.0,1.0,-20.20163,-887.249939,4.96755
19320.0,2.0254,3.8278,-0.006951,-0.006951,1.0,1.0,-20.206032,-887.240051,4.955899
19322.0,2.0362,3.7058,-0.006879,-0.006879,1.0,1.0,-20.210403,-887.230225,4.920936
19324.0,2.047,3.7058,-0.006291,-0.006291,1.0,1.0,-20.214685,-887.220337,4.939966
19326.0,2.0561,3.4006,-0.006979,-0.006979,1.0,1.0,-20.219013,-887.210449,4.953216
19328.0,2.0642,3.4006,-0.006968,-0.006968,1.0,1.0,-20.223373,-887.200317,4.969964
19330.0,2.0718,3.0344,-0.007792,-0.007792,1.0,1.0,-20.227774,-887.190125,5.04132
19332.0,2.08,2.9733,-0.008543,-0.008543,1.0,1.0,-20.232351,-887.179993,5.058699
19334.0,2.0881,2.9733,-0.008576,-0.008576,1.0,1.0,-20.236971,-887.1698,5.098084
19336.0,2.0958,2.6071,-0.009645,-0.009645,1.0,1.0,-20.241688,-887.159363,5.165563
19338.0,2.1006,2.363,-0.010812,-0.010812,1.0,1.0,-20.246572,-887.148987,5.185153
19340.0,2.105,2.2409,-0.011203,-0.011203,1.0,1.0,-20.251503,-887.138245,5.255963
19342.0,2.1105,2.1799,-0.011998,-0.011998,1.0,1.0,-20.256611,-887.127563,5.311829
19344.0,2.1161,2.1799,-0.0125,-0.0125,1.0,1.0,-20.261856,-887.117004,5.297737
19346.0,2.1217,2.1189,-0.012369,-0.012369,1.0,1.0,-20.267063,-887.106262,5.348366
19348.0,2.127,2.1189,-0.012819,-0.012819,1.0,1.0,-20.272396,-887.095581,5.33819
19350.0,2.1309,1.9968,-0.012896,-0.012896,1.0,1.0,-20.2777,-887.0849,5.343386
19352.0,2.1348,1.9968,-0.012878,-0.012878,1.0,1.0,-20.283016,-887.074158,5.345603
19354.0,2.1387,1.9968,-0.012827,-0.012827,1.0,1.0,-20.288336,-887.063416,5.311121
19356.0,2.1428,2.0578,-0.012242,-0.012242,1.0,1.0,-20.293566,-887.052856,5.299538
19358.0,2.1483,2.2409,-0.011617,-0.011617,1.0,1.0,-20.298765,-887.042358,5.272952
19360.0,2.152,1.9357,-0.011912,-0.011912,1.0,1.0,-20.303896,-887.03186,5.247727
19362.0,2.1565,2.0578,-0.011289,-0.011289,1.0,1.0,-20.308962,-887.021423,5.232554
19364.0,2.161,2.0578,-0.011038,-0.011038,1.0,1.0,-20.313988,-887.010986,5.204336
19366.0,2.1657,2.1189,-0.010508,-0.010508,1.0,1.0,-20.318939,-887.000671,5.195563
19368.0,2.1705,1.9968,-0.010585,-0.010585,1.0,1.0,-20.323868,-886.990173,5.176085
19370.0,2.1755,1.9968,-0.010275,-0.010275,1.0,1.0,-20.328745,-886.979797,5.182776
19372.0,2.1805,2.1189,-0.00999,-0.00999,1.0,1.0,-20.333637,-886.96936,5.203679
19374.0,2.1855,2.1189,-0.010123,-0.010123,1.0,1.0,-20.338579,-886.958923,5.220774
19376.0,2.1904,1.8137,-0.01087,-0.01087,1.0,1.0,-20.343563,-886.948364,5.248125
19378.0,2.1956,1.8137,-0.011068,-0.011068,1.0,1.0,-20.348614,-886.937805,5.27259
19380.0,2.201,1.8137,-0.01123,-0.01123,1.0,1.0,-20.353724,-886.927124,5.315617
19382.0,2.2065,1.8137,-0.011594,-0.011594,1.0,1.0,-20.35894,-886.91626,5.343221
19384.0,2.2092,1.6306,-0.012235,-0.012235,1.0,1.0,-20.364223,-886.905518,5.373615
19386.0,2.2136,1.5085,-0.012745,-0.012745,1.0,1.0,-20.369581,-886.894653,5.409927
19388.0,2.2168,1.3864,-0.01334,-0.01334,1.0,1.0,-20.375029,-886.883789,5.409469
19390.0,2.2198,1.3254,-0.01341,-0.01341,1.0,1.0,-20.380472,-886.872925,5.434483
19392.0,2.2227,1.3254,-0.013626,-0.013626,1.0,1.0,-20.385977,-886.862061,5.433946
19394.0,2.2247,1.5085,-0.013188,-0.013188,1.0,1.0,-20.391478,-886.851074,5.408273
19396.0,2.2275,1.3254,-0.013249,-0.013249,1.0,1.0,-20.396912,-886.840332,5.40212
19398.0,2.2299,1.2644,-0.013266,-0.013266,1.0,1.0,-20.402328,-886.829651,5.351347
19400.0,2.2317,1.2033,-0.012812,-0.012812,1.0,1.0,-20.407616,-886.81897,5.344275
19402.0,2.2334,1.2033,-0.012701,-0.012701,1.0,1.0,-20.412882,-886.808411,5.299744
19404.0,2.2342,1.2644,-0.01207,-0.01207,1.0,1.0,-20.418034,-886.797974,5.249545
19406.0,2.2371,1.4475,-0.011075,-0.011075,1.0,1.0,-20.423058,-886.787476,5.237917
19408.0,2.2404,1.3864,-0.011015,-0.011015,1.0,1.0,-20.428051,-886.777039,5.16964
19410.0,2.2433,1.2644,-0.010479,-0.010479,1.0,1.0,-20.432871,-886.766724,5.160029
19412.0,2.2462,1.2644,-0.01032,-0.01032,1.0,1.0,-20.437664,-886.75647,5.145945
19414.0,2.2486,1.2644,-0.010119,-0.010119,1.0,1.0,-20.442421,-886.746216,5.126042
19416.0,2.2522,1.2033,-0.009965,-0.009965,1.0,1.0,-20.447124,-886.73584,5.166193
19418.0,2.2553,1.1423,-0.010474,-0.010474,1.0,1.0,-20.451927,-886.725525,5.157405
19420.0,2.258,1.0813,-0.010458,-0.010458,1.0,1.0,-20.456707,-886.715149,5.188225
19422.0,2.2607,1.0813,-0.010742,-0.010742,1.0,1.0,-20.461561,-886.704468,5.242424
19424.0,2.2635,0.9592,-0.01154,-0.01154,1.0,1.0,-20.466551,-886.693848,5.272957
19426.0,2.2665,0.8982,-0.011947,-0.011947,1.0,1.0,-20.471615,-886.683105,5.358626
19428.0,2.2681,0.7761,-0.01311,-0.01311,1.0,1.0,-20.476892,-886.672241,5.398499
19430.0,2.2694,0.8371,-0.013387,-0.013387,1.0,1.0,-20.482267,-886.661255,5.468132
19432.0,2.2708,0.8371,-0.014119,-0.014119,1.0,1.0,-20.487816,-886.650024,5.549438
19434.0,2.271,0.7761,-0.015131,-0.015131,1.0,1.0,-20.493567,-886.638672,5.585891
19436.0,2.2722,0.7761,-0.015504,-0.015504,1.0,1.0,-20.499405,-886.627197,5.687833
19438.0,2.2727,0.9592,-0.01621,-0.01621,1.0,1.0,-20.505497,-886.615845,5.686152
19440.0,2.2729,0.9592,-0.016189,-0.016189,1.0,1.0,-20.511583,-886.60437,5.724953
19442.0,2.273,0.9592,-0.016608,-0.016608,1.0,1.0,-20.517765,-886.592773,5.753013
19444.0,2.2715,1.1423,-0.016545,-0.016545,1.0,1.0,-20.524014,-886.581299,5.76029
19446.0,2.2734,1.4475,-0.015931,-0.015931,1.0,1.0,-20.530279,-886.569519,5.772752
19448.0,2.2741,1.6306,-0.015656,-0.015656,1.0,1.0,-20.536573,-886.558044,5.747668
19450.0,2.2749,1.6306,-0.015373,-0.015373,1.0,1.0,-20.542801,-886.54657,5.738946
19452.0,2.2763,1.6306,-0.015253,-0.015253,1.0,1.0,-20.549006,-886.535156,5.723512
19454.0,2.278,1.9357,-0.014397,-0.014397,1.0,1.0,-20.555168,-886.523743,5.710077
19456.0,2.2813,2.0578,-0.013925,-0.013925,1.0,1.0,-20.561295,-886.512329,5.706883
19458.0,2.2844,2.302,-0.013306,-0.013306,1.0,1.0,-20.567411,-886.500977,5.697103
19460.0,2.2875,2.302,-0.01314,-0.01314,1.0,1.0,-20.5735,-886.489258,5.730021
19462.0,2.2915,2.4851,-0.013027,-0.013027,1.0,1.0,-20.579668,-886.477783,5.742684
19464.0,2.2939,2.4851,-0.013118,-0.013118,1.0,1.0,-20.585867,-886.466248,5.758269
19466.0,2.298,2.4851,-0.013206,-0.013206,1.0,1.0,-20.592102,-886.45459,5.795444
19468.0,2.3035,2.6682,-0.013106,-0.013106,1.0,1.0,-20.598429,-886.442871,5.845592
19470.0,2.309,2.6682,-0.013538,-0.013538,1.0,1.0,-20.604877,-886.43103,5.894326
19472.0,2.3124,2.7902,-0.013734,-0.013734,1.0,1.0,-20.611446,-886.419128,5.944764
19474.0,2.3169,2.9733,-0.013794,-0.013794,1.0,1.0,-20.618139,-886.40686,5.993608
19476.0,2.322,3.0344,-0.014088,-0.014088,1.0,1.0,-20.624952,-886.394836,6.006922
19478.0,2.3277,3.2785,-0.013598,-0.013598,1.0,1.0,-20.631796,-886.38269,6.046389
19480.0,2.3334,3.2785,-0.013911,-0.013911,1.0,1.0,-20.638737,-886.370667,6.04184
19482.0,2.3379,3.2785,-0.013777,-0.013777,1.0,1.0,-20.645662,-886.358582,6.04535
19484.0,2.3437,3.5227,-0.013179,-0.013179,1.0,1.0,-20.652596,-886.346558,6.012473
19486.0,2.3506,3.6447,-0.012434,-0.012434,1.0,1.0,-20.659443,-886.334534,5.940916
19488.0,2.3568,3.7058,-0.011418,-0.011418,1.0,1.0,-20.666107,-886.322815,5.895829
19490.0,2.3629,3.7058,-0.010817,-0.010817,1.0,1.0,-20.672655,-886.30896,5.786945
19492.0,2.3706,3.8278,-0.009236,-0.009236,1.0,1.0,-20.678928,-886.2995,5.743548
19494.0,2.3777,3.7668,-0.008762,-0.008762,1.0,1.0,-20.685089,-886.288635,5.659664
19496.0,2.3856,3.9499,-0.007307,-0.007307,1.0,1.0,-20.691036,-886.277527,5.578325
19498.0,2.3937,3.7668,-0.00666,-0.00666,1.0,1.0,-20.696777,-886.266479,5.53845
19500.0,2.4017,3.7668,-0.006071,-0.006071,1.0,1.0,-20.702415,-886.253479,5.45872
19502.0,2.4098,3.8278,-0.004916,-0.004916,1.0,1.0,-20.707851,-886.244385,5.45428
19504.0,2.4189,3.7668,-0.004825,-0.004825,1.0,1.0,-20.713274,-886.233765,5.417744
19506.0,2.4278,3.4006,-0.005045,-0.005045,1.0,1.0,-20.718603,-886.222961,5.413713
19508.0,2.4376,3.4616,-0.004682,-0.004682,1.0,1.0,-20.723919,-886.212036,5.437116
19510.0,2.4474,3.4616,-0.004749,-0.004749,1.0,1.0,-20.729292,-886.199097,5.462707
19512.0,2.4562,3.1565,-0.005514,-0.005514,1.0,1.0,-20.734728,-886.189819,5.528639
19514.0,2.4647,2.7902,-0.006855,-0.006855,1.0,1.0,-20.740326,-886.178711,5.540251
19516.0,2.4732,2.5461,-0.007343,-0.007343,1.0,1.0,-20.745953,-886.16748,5.60782
19518.0,2.4817,2.5461,-0.007915,-0.007915,1.0,1.0,-20.751745,-886.156067,5.662543
19520.0,2.4881,2.2409,-0.009045,-0.009045,1.0,1.0,-20.757673,-886.1427,5.715023
19522.0,2.4938,2.302,-0.009376,-0.009376,1.0,1.0,-20.763731,-886.132996,5.774612
19524.0,2.4997,2.0578,-0.01043,-0.01043,1.0,1.0,-20.769936,-886.121399,5.786656
19526.0,2.5051,1.8137,-0.01098,-0.01098,1.0,1.0,-20.776169,-886.109497,5.82755
19528.0,2.5106,1.8137,-0.011315,-0.011315,1.0,1.0,-20.782501,-886.097839,5.829664
19530.0,2.5143,1.7526,-0.011398,-0.011398,1.0,1.0,-20.788837,-886.084473,5.82562
19532.0,2.5176,1.6306,-0.011553,-0.011553,1.0,1.0,-20.79516,-886.074524,5.828231
19534.0,2.5223,1.6916,-0.01136,-0.01136,1.0,1.0,-20.801487,-886.062988,5.787779
19536.0,2.5251,1.6916,-0.010871,-0.010871,1.0,1.0,-20.807711,-886.051514,5.772296
19538.0,2.528,1.6916,-0.01065,-0.01065,1.0,1.0,-20.813892,-886.040039,5.73107
19540.0,2.5313,1.6306,-0.010273,-0.010273,1.0,1.0,-20.819967,-886.026978,5.704462
19542.0,2.5347,1.5085,-0.010182,-0.010182,1.0,1.0,-20.825974,-886.017151,5.679008
19544.0,2.5385,1.5085,-0.00983,-0.00983,1.0,1.0,-20.831913,-886.00592,5.6415
19546.0,2.5427,1.5085,-0.009342,-0.009342,1.0,1.0,-20.837757,-885.99469,5.615159
19548.0,2.5469,1.5085,-0.008974,-0.008974,1.0,1.0,-20.843533,-885.983398,5.624582
19550.0,2.5518,1.5695,-0.008853,-0.008853,1.0,1.0,-20.849329,-885.970581,5.647986
19552.0,2.5555,1.4475,-0.009298,-0.009298,1.0,1.0,-20.855183,-885.960815,5.658098
19554.0,2.5597,1.3864,-0.009459,-0.009459,1.0,1.0,-20.861059,-885.949219,5.685462
19556.0,2.5634,1.0813,-0.010343,-0.010343,1.0,1.0,-20.867001,-885.937744,5.711868
19558.0,2.567,1.0813,-0.01056,-0.01056,1.0,1.0,-20.873007,-885.926208,5.756314
19560.0,2.5702,0.8982,-0.011372,-0.011372,1.0,1.0,-20.879122,-885.913208,5.794417
19562.0,2.5718,0.8371,-0.011882,-0.011882,1.0,1.0,-20.88533,-885.902954,5.824875
19564.0,2.5732,0.715,-0.012445,-0.012445,1.0,1.0,-20.891613,-885.891174,5.850435
19566.0,2.5746,0.4099,-0.013348,-0.013348,1.0,1.0,-20.897957,-885.879517,5.832031
19568.0,2.576,0.4099,-0.013123,-0.013123,1.0,1.0,-20.904253,-885.867554,5.869004
19570.0,2.5774,0.5319,-0.013231,-0.013231,1.0,1.0,-20.910639,-885.854675,5.847432
19572.0,2.5793,0.654,-0.012702,-0.012702,1.0,1.0,-20.916967,-885.844177,5.842212
19574.0,2.5803,0.593,-0.012757,-0.012757,1.0,1.0,-20.923281,-885.832581,5.7973
19576.0,2.5814,0.4099,-0.012647,-0.012647,1.0,1.0,-20.92948,-885.821106,5.767393
19578.0,2.5826,0.4099,-0.012304,-0.012304,1.0,1.0,-20.9356,-885.809692,5.727633
19580.0,2.5824,0.4709,-0.011748,-0.011748,1.0,1.0,-20.941618,-885.797302,5.661986
19582.0,2.5834,0.4099,-0.011146,-0.011146,1.0,1.0,-20.94747,-885.786987,5.637545
19584.0,2.5849,0.654,-0.010328,-0.010328,1.0,1.0,-20.953257,-885.775879,5.579884
19586.0,2.5863,0.654,-0.009673,-0.009673,1.0,1.0,-20.958897,-885.764771,5.559927
19588.0,2.5883,0.654,-0.009417,-0.009417,1.0,1.0,-20.964485,-885.753723,5.54455
19590.0,2.5892,0.593,-0.009364,-0.009364,1.0,1.0,-20.970032,-885.74176,5.536877
19592.0,2.5912,0.5319,-0.009373,-0.009373,1.0,1.0,-20.975557,-885.731506,5.555999
19594.0,2.5937,0.5319,-0.009533,-0.009533,1.0,1.0,-20.981129,-885.720215,5.550923
19596.0,2.5962,0.5319,-0.00943,-0.00943,1.0,1.0,-20.986685,-885.708923,5.618076
19598.0,2.5981,0.593,-0.009992,-0.009992,1.0,1.0,-20.992407,-885.697571,5.652674
19600.0,2.5984,0.2878,-0.011019,-0.011019,1.0,1.0,-20.998215,-885.685303,5.731975
19602.0,2.5989,0.1657,-0.012135,-0.012135,1.0,1.0,-21.004219,-885.674438,5.79061
19604.0,2.599,0.0437,-0.013025,-0.013025,1.0,1.0,-21.010368,-885.66272,5.849577
19606.0,2.5991,0.0437,-0.013655,-0.013655,1.0,1.0,-21.016663,-885.650513,5.94142
19608.0,2.5978,0.0437,-0.014664,-0.014664,1.0,1.0,-21.023186,-885.638428,5.989118
19610.0,2.5975,0.2268,-0.014787,-0.014787,1.0,1.0,-21.029825,-885.625549,6.095157
19612.0,2.5965,0.2878,-0.015807,-0.015807,1.0,1.0,-21.03673,-885.614014,6.091725
19614.0,2.5956,0.4099,-0.015527,-0.015527,1.0,1.0,-21.043623,-885.601685,6.143914
19616.0,2.5946,0.4099,-0.016101,-0.016101,1.0,1.0,-21.050644,-885.589294,6.161847
19618.0,2.5933,0.8371,-0.015403,-0.015403,1.0,1.0,-21.057707,-885.576782,6.168067
19620.0,2.5935,0.8982,-0.015335,-0.015335,1.0,1.0,-21.064783,-885.564026,6.168725
19622.0,2.5938,1.0202,-0.015075,-0.015075,1.0,1.0,-21.071857,-885.552185,6.138659
19624.0,2.5933,1.2033,-0.014371,-0.014371,1.0,1.0,-21.078854,-885.539917,6.134791
19626.0,2.5929,1.2033,-0.014338,-0.014338,1.0,1.0,-21.085838,-885.52771,6.109418
19628.0,2.5923,1.3864,-0.013687,-0.013687,1.0,1.0,-21.092756,-885.515564,6.09838
19630.0,2.5931,1.5085,-0.013291,-0.013291,1.0,1.0,-21.099644,-885.502991,6.088625
19632.0,2.5953,1.8137,-0.012493,-0.012493,1.0,1.0,-21.106504,-885.49115,6.111822
19634.0,2.597,1.6916,-0.012969,-0.012969,1.0,1.0,-21.11342,-885.478699,6.11799
19636.0,2.5987,1.6916,-0.013002,-0.013002,1.0,1.0,-21.120348,-885.46637,6.14657
19638.0,2.6007,1.8747,-0.012879,-0.012879,1.0,1.0,-21.127344,-885.453979,6.178976
19640.0,2.6041,2.2409,-0.012376,-0.012376,1.0,1.0,-21.13442,-885.441223,6.23874
19642.0,2.6068,2.363,-0.012701,-0.012701,1.0,1.0,-21.141644,-885.428833,6.291483
19644.0,2.6096,2.363,-0.013212,-0.013212,1.0,1.0,-21.148996,-885.416077,6.35047
19646.0,2.6127,2.6071,-0.013259,-0.013259,1.0,1.0,-21.156494,-885.403259,6.391236
19648.0,2.6172,2.7292,-0.013348,-0.013348,1.0,1.0,-21.164091,-885.390137,6.417471
19650.0,2.6218,2.6682,-0.013669,-0.013669,1.0,1.0,-21.171751,-885.377319,6.414202
19652.0,2.6255,2.9123,-0.013043,-0.013043,1.0,1.0,-21.179399,-885.364441,6.425796
19654.0,2.6292,2.9123,-0.013097,-0.013097,1.0,1.0,-21.187075,-885.351563,6.427374
19656.0,2.6325,2.9123,-0.013051,-0.013051,1.0,1.0,-21.19475,-885.338989,6.34919
19658.0,2.6374,3.0954,-0.011732,-0.011732,1.0,1.0,-21.202227,-885.326416,6.303676
19660.0,2.6417,3.1565,-0.011034,-0.011034,1.0,1.0,-21.209585,-885.313843,6.207896
19662.0,2.6469,3.1565,-0.009909,-0.009909,1.0,1.0,-21.216702,-885.301758,6.124808
19664.0,2.6521,3.1565,-0.008918,-0.008918,1.0,1.0,-21.223606,-885.289673,6.044654
19666.0,2.6583,3.2785,-0.007678,-0.007678,1.0,1.0,-21.230307,-885.277954,5.945111
19668.0,2.666,3.5227,-0.005934,-0.005934,1.0,1.0,-21.236753,-885.266174,5.895128
19670.0,2.6723,3.2175,-0.005929,-0.005929,1.0,1.0,-21.243073,-885.254639,5.810249
19672.0,2.6803,3.4006,-0.004465,-0.004465,1.0,1.0,-21.249176,-885.243042,5.796437
19674.0,2.6882,3.4006,-0.004163,-0.004163,1.0,1.0,-21.255241,-885.231384,5.751809
19676.0,2.6973,3.4616,-0.003374,-0.003374,1.0,1.0,-21.261192,-885.219849,5.770174
19678.0,2.7058,3.0344,-0.004329,-0.004329,1.0,1.0,-21.267187,-885.208252,5.784536
19680.0,2.7143,2.9123,-0.004584,-0.004584,1.0,1.0,-21.273216,-885.196594,5.81793
19682.0,2.7224,2.7902,-0.005051,-0.005051,1.0,1.0,-21.279327,-885.184753,5.885784
19684.0,2.7305,2.7902,-0.005629,-0.005629,1.0,1.0,-21.285606,-885.172913,5.9138
19686.0,2.7384,2.302,-0.00683,-0.00683,1.0,1.0,-21.291952,-885.160583,6.005306
19688.0,2.7444,2.1189,-0.008092,-0.008092,1.0,1.0,-21.298525,-885.148499,6.03585
19690.0,2.7492,1.9357,-0.008722,-0.008722,1.0,1.0,-21.305172,-885.13623,6.101783
19692.0,2.7544,1.8137,-0.009593,-0.009593,1.0,1.0,-21.311983,-885.12384,6.156865
19694.0,2.7595,1.8137,-0.010084,-0.010084,1.0,1.0,-21.31893,-885.111511,6.171071
19696.0,2.7646,1.6306,-0.010531,-0.010531,1.0,1.0,-21.325909,-885.099121,6.191696
19698.0,2.7693,1.5085,-0.010923,-0.010923,1.0,1.0,-21.332937,-885.086548,6.183047
