t_ms,phi_x_deg,phi_y_deg,phi_z_deg,om_x_dps,om_y_dps,om_z_dps,rho_x,rho_y,rho_z,rho_x_lp,rho_y_lp,rho_z_lp,tau_x,tau_y,tau_z,tau_cmd_x,tau_cmd_y,tau_cmd_z,armed,gain_scale
200945.0,-0.0094,1.4757,-1.4277,-0.103,-0.145,0.123,0.016,0.008,0.017,0.129,13.217,-15.385,0.00195,0.12,-0.12,0.0,0.0,0.0,0.0,1.0
200953.0,-0.014,1.4731,-1.4207,-0.308,-0.287,0.154,0.021,0.005,0.026,0.129,13.206,-15.373,-0.00084,0.12,-0.12,0.0,0.0,0.0,0.0,1.0
200961.0,-0.0149,1.469,-1.4157,-0.259,-0.14,-0.043,0.026,0.005,0.004,0.129,13.196,-15.36,0.00113,0.12,-0.12,0.0,0.0,0.0,0.0,1.0
200969.0,-0.0165,1.4672,-1.4125,-0.323,-0.055,0.043,0.017,0.002,0.002,0.129,13.185,-15.348,-0.0031,0.12,-0.12,0.0,0.0,0.0,0.0,1.0
200976.0,-0.0188,1.4676,-1.4104,-0.402,0.047,0.231,0.015,-0.021,0.004,0.129,13.175,-15.336,-0.00764,0.12,-0.12,0.0,0.0,0.0,0.0,1.0
200984.0,-0.0213,1.4685,-1.4089,-0.352,0.065,0.163,0.002,-0.025,-0.004,0.129,13.164,-15.323,-0.00866,0.12,-0.12,0.0,0.0,0.0,0.0,1.0
200992.0,-0.0228,1.4672,-1.406,-0.018,0.037,-0.037,-0.0,-0.033,-0.005,0.128,13.153,-15.311,-0.0016,0.12,-0.12,0.0,0.0,0.0,0.0,1.0
200999.0,-0.023,1.4666,-1.4053,-0.033,0.011,0.109,-0.0,-0.021,-0.017,0.128,13.143,-15.299,-0.00303,0.12,-0.12,0.0,0.0,0.0,0.0,1.0
201007.0,-0.0254,1.4679,-1.4042,-0.068,0.062,-0.012,-0.036,-0.009,-0.005,0.128,13.132,-15.287,-0.00845,0.12,-0.12,0.0,0.0,0.0,0.0,1.0
201015.0,-0.0256,1.4691,-1.4052,0.102,0.169,-0.078,-0.014,0.008,-0.018,0.128,13.122,-15.275,-0.00322,0.12,-0.12,0.0,0.0,0.0,0.0,1.0
201023.0,-0.0281,1.4691,-1.4026,-0.069,0.019,0.031,-0.018,-0.005,-0.02,0.128,13.111,-15.262,-0.00686,0.12,-0.12,0.0,0.0,0.0,0.0,1.0
201031.0,-0.0318,1.4684,-1.3982,-0.324,-0.055,0.044,-0.006,0.006,-0.015,0.128,13.101,-15.25,-0.00969,0.12,-0.12,0.0,0.0,0.0,0.0,1.0
201039.0,-0.0339,1.4723,-1.4,-0.274,0.006,-0.068,0.003,0.04,-0.001,0.128,13.091,-15.238,-0.00769,0.12,-0.12,0.0,0.0,0.0,0.0,1.0
201046.0,-0.0348,1.472,-1.3987,-0.181,-0.242,-0.23,0.025,0.014,-0.001,0.128,13.08,-15.226,0.00073,0.12,-0.12,0.0,0.0,0.0,0.0,1.0
201054.0,-0.0343,1.4707,-1.398,-0.09,0.053,-0.193,0.026,0.032,0.006,0.128,13.07,-15.214,-0.00048,0.12,-0.12,0.0,0.0,0.0,0.0,1.0
201062.0,-0.0349,1.47,-1.3968,0.045,0.038,-0.208,0.017,0.033,0.007,0.127,13.059,-15.201,0.00067,0.12,-0.12,0.0,0.0,0.0,0.0,1.0
201069.0,-0.0325,1.4698,-1.399,0.371,0.312,-0.279,0.021,0.011,0.015,0.127,13.049,-15.189,0.00568,0.12,-0.12,0.0,0.0,0.0,0.0,1.0
201077.0,-0.0329,1.4716,-1.4003,0.57,0.169,-0.335,0.012,-0.006,0.011,0.127,13.038,-15.177,0.00961,0.12,-0.12,0.0,0.0,0.0,0.0,1.0
201085.0,-0.0334,1.4736,-1.4017,0.435,0.227,-0.363,0.011,-0.015,0.021,0.127,13.028,-15.165,0.00672,0.12,-0.12,0.0,0.0,0.0,0.0,1.0
201092.0,-0.0356,1.4746,-1.4005,0.449,0.081,-0.336,0.016,-0.015,0.007,0.127,13.017,-15.153,0.00845,0.12,-0.12,0.0,0.0,0.0,0.0,1.0
201100.0,-0.0357,1.4761,-1.4018,0.562,-0.029,-0.446,-0.003,-0.026,-0.006,0.127,13.007,-15.141,0.00951,0.12,-0.12,0.0,0.0,0.0,0.0,1.0
201108.0,-0.0322,1.4754,-1.4047,0.428,-0.273,-0.173,-0.011,-0.01,-0.014,0.127,12.997,-15.129,0.00615,0.12,-0.12,0.0,0.0,0.0,0.0,1.0
201116.0,-0.0295,1.4753,-1.4073,0.498,-0.16,-0.146,-0.014,-0.015,-0.039,0.127,12.986,-15.117,0.00653,0.12,-0.12,0.0,0.0,0.0,0.0,1.0
201124.0,-0.0251,1.4762,-1.4125,0.585,-0.391,-0.636,-0.033,0.009,-0.032,0.127,12.976,-15.104,0.01264,0.12,-0.12,0.0,0.0,0.0,0.0,1.0
201131.0,-0.0246,1.4806,-1.4173,0.392,-0.005,-0.511,-0.039,0.006,-0.037,0.127,12.965,-15.092,0.00444,0.12,-0.12,0.0,0.0,0.0,0.0,1.0
201139.0,-0.0197,1.4796,-1.4213,0.641,-0.13,-0.635,-0.03,-0.012,-0.024,0.126,12.955,-15.08,0.01286,0.12,-0.12,0.0,0.0,0.0,0.0,1.0
201147.0,-0.0171,1.479,-1.4233,0.377,-0.032,-0.364,-0.008,-0.003,-0.011,0.126,12.945,-15.068,0.00848,0.12,-0.12,0.0,0.0,0.0,0.0,1.0
201154.0,-0.0108,1.4778,-1.4284,0.591,-0.192,-0.524,-0.004,0.002,0.008,0.126,12.934,-15.056,0.01673,0.12,-0.12,0.0,0.0,0.0,0.0,1.0
201162.0,-0.0048,1.4739,-1.4306,0.527,-0.193,-0.353,0.005,0.03,0.012,0.126,12.924,-15.044,0.01654,0.12,-0.12,0.0,0.0,0.0,0.0,1.0
201170.0,0.0039,1.4675,-1.4331,0.577,-0.219,-0.377,0.019,0.02,0.021,0.126,12.914,-15.032,0.02178,0.12,-0.12,0.0,0.0,0.0,0.0,1.0
201178.0,0.0112,1.4661,-1.4391,0.472,-0.324,-0.483,0.023,0.04,0.031,0.126,12.903,-15.02,0.02377,0.12,-0.12,0.0,0.0,0.0,0.0,1.0
201185.0,0.0205,1.4634,-1.4457,0.502,-0.574,-0.475,0.033,0.03,0.023,0.126,12.893,-15.008,0.02952,0.12,-0.12,0.0,0.0,0.0,0.0,1.0
201193.0,0.0251,1.46,-1.447,0.402,-0.524,-0.425,0.026,0.019,0.024,0.126,12.883,-14.996,0.02713,0.12,-0.12,0.0,0.0,0.0,0.0,1.0
201201.0,0.0307,1.4584,-1.4511,0.162,-0.658,-0.473,0.017,0.021,0.037,0.126,12.873,-14.984,0.02442,0.12,-0.12,0.0,0.0,0.0,0.0,1.0
201209.0,0.0349,1.4579,-1.4548,0.083,-0.513,-0.328,0.009,0.003,0.016,0.126,12.862,-14.972,0.02043,0.12,-0.12,0.0,0.0,0.0,0.0,1.0
201216.0,0.0391,1.4564,-1.4575,-0.216,-0.364,-0.179,-0.016,-0.016,-0.011,0.125,12.852,-14.96,0.00992,0.12,-0.12,0.0,0.0,0.0,0.0,1.0
201224.0,0.0418,1.4572,-1.461,-0.35,-0.349,-0.165,-0.021,-0.03,-0.014,0.125,12.842,-14.948,0.00746,0.12,-0.12,0.0,0.0,0.0,0.0,1.0
201232.0,0.0482,1.4533,-1.4636,-0.124,-0.284,0.072,-0.019,-0.022,-0.014,0.125,12.831,-14.936,0.01003,0.12,-0.12,0.0,0.0,0.0,0.0,1.0
201240.0,0.0522,1.4503,-1.4647,-0.108,-0.344,0.012,-0.021,-0.04,-0.017,0.125,12.821,-14.924,0.0121,0.12,-0.12,0.0,0.0,0.0,0.0,1.0
201248.0,0.0577,1.4446,-1.4646,-0.278,-0.236,-0.139,-0.016,-0.024,-0.025,0.125,12.811,-14.912,0.01145,0.12,-0.12,0.0,0.0,0.0,0.0,1.0
201255.0,0.0596,1.441,-1.463,-0.151,-0.165,0.192,-0.021,-0.028,-0.02,0.125,12.801,-14.9,0.0096,0.12,-0.12,0.0,0.0,0.0,0.0,1.0
201263.0,0.0586,1.4391,-1.4601,-0.321,-0.186,0.171,-0.01,-0.018,-0.018,0.125,12.79,-14.889,0.00836,0.12,-0.12,0.0,0.0,0.0,0.0,1.0
201271.0,0.0557,1.4374,-1.4556,-0.485,-0.138,0.393,0.004,-0.003,-0.009,0.125,12.78,-14.877,0.0046,0.12,-0.12,0.0,0.0,0.0,0.0,1.0
201278.0,0.0548,1.4334,-1.4508,-0.62,-0.167,0.451,0.014,0.003,-0.001,0.125,12.77,-14.865,0.00335,0.12,-0.12,0.0,0.0,0.0,0.0,1.0
201286.0,0.0522,1.433,-1.4478,-0.535,-0.199,0.504,0.005,0.038,-0.01,0.125,12.76,-14.853,0.0025,0.12,-0.12,0.0,0.0,0.0,0.0,1.0
201294.0,0.0526,1.4316,-1.4468,-0.634,-0.02,0.424,0.011,0.044,-0.007,0.124,12.75,-14.841,0.00104,0.12,-0.12,0.0,0.0,0.0,0.0,1.0
201302.0,0.0485,1.4329,-1.444,-0.499,-0.035,0.409,0.01,0.022,0.005,0.124,12.739,-14.829,0.00261,0.12,-0.12,0.0,0.0,0.0,0.0,1.0
201310.0,0.0411,1.4365,-1.4401,-0.678,0.29,0.475,0.012,0.053,0.005,0.124,12.729,-14.817,-0.00524,0.12,-0.12,0.0,0.0,0.0,0.0,1.0
201317.0,0.0348,1.4353,-1.4326,-0.417,0.476,0.662,0.002,0.013,0.013,0.124,12.719,-14.805,-0.00679,0.12,-0.12,0.0,0.0,0.0,0.0,1.0
201325.0,0.0241,1.4368,-1.4234,-0.517,0.526,0.712,0.006,0.018,0.007,0.124,12.709,-14.794,-0.01085,0.12,-0.12,0.0,0.0,0.0,0.0,1.0
201333.0,0.0172,1.436,-1.4157,-0.361,0.52,0.88,-0.003,0.017,-0.001,0.124,12.699,-14.782,-0.01256,0.12,-0.12,0.0,0.0,0.0,0.0,1.0
201341.0,0.0098,1.4382,-1.4105,-0.177,0.567,0.754,-0.003,0.001,0.003,0.124,12.689,-14.77,-0.01007,0.12,-0.12,0.0,0.0,0.0,0.0,1.0
201348.0,0.0087,1.4352,-1.4064,-0.118,0.369,0.471,-0.002,-0.009,0.004,0.124,12.678,-14.758,-0.00484,0.12,-0.12,0.0,0.0,0.0,0.0,1.0
201356.0,0.0039,1.4355,-1.4019,-0.359,0.493,0.164,-0.01,-0.016,-0.009,0.124,12.668,-14.746,-0.00932,0.12,-0.12,0.0,0.0,0.0,0.0,1.0
201364.0,0.0007,1.4358,-1.3991,-0.096,0.308,-0.02,-0.011,-0.036,0.0,0.124,12.658,-14.735,-0.00228,0.12,-0.12,0.0,0.0,0.0,0.0,1.0
201372.0,-0.0051,1.4381,-1.3954,-0.243,-0.031,-0.273,0.003,-0.012,-0.005,0.123,12.648,-14.723,0.00121,0.12,-0.12,0.0,0.0,0.0,0.0,1.0
201380.0,-0.0089,1.4378,-1.3914,-0.08,-0.21,-0.364,0.001,-0.013,-0.008,0.123,12.638,-14.711,0.0054,0.12,-0.12,0.0,0.0,0.0,0.0,1.0
201387.0,-0.0145,1.4392,-1.3871,-0.371,-0.319,-0.387,0.011,-0.023,0.006,0.123,12.628,-14.699,0.002,0.12,-0.12,0.0,0.0,0.0,0.0,1.0
201395.0,-0.0186,1.4424,-1.3861,-0.222,-0.307,-0.547,0.023,-0.006,0.016,0.123,12.618,-14.688,0.00656,0.12,-0.12,0.0,0.0,0.0,0.0,1.0
201403.0,-0.0244,1.4474,-1.3852,-0.202,-0.168,-0.495,0.021,0.004,0.008,0.123,12.608,-14.676,0.00377,0.12,-0.12,0.0,0.0,0.0,0.0,1.0
201410.0,-0.026,1.4511,-1.3872,-0.372,-0.274,-0.429,0.042,0.008,0.02,0.123,12.598,-14.664,0.00307,0.12,-0.12,0.0,0.0,0.0,0.0,1.0
201418.0,-0.0253,1.4554,-1.3921,0.138,-0.082,-0.497,0.02,0.021,0.01,0.123,12.587,-14.652,0.00836,0.12,-0.12,0.0,0.0,0.0,0.0,1.0
201426.0,-0.0246,1.4558,-1.3932,0.443,-0.076,-0.491,0.018,0.014,-0.002,0.123,12.577,-14.641,0.01347,0.12,-0.12,0.0,0.0,0.0,0.0,1.0
201434.0,-0.0239,1.4575,-1.3956,0.527,-0.109,-0.437,-0.014,0.03,-0.005,0.123,12.567,-14.629,0.00974,0.12,-0.12,0.0,0.0,0.0,0.0,1.0
201441.0,-0.0213,1.4567,-1.3974,0.633,0.083,-0.418,-0.026,0.01,-0.026,0.123,12.557,-14.617,0.00887,0.12,-0.12,0.0,0.0,0.0,0.0,1.0
201449.0,-0.0169,1.4541,-1.3993,0.847,-0.12,-0.534,-0.032,0.028,-0.026,0.123,12.547,-14.606,0.01548,0.12,-0.12,0.0,0.0,0.0,0.0,1.0
201457.0,-0.0121,1.4548,-1.4046,0.917,-0.006,-0.507,-0.05,0.003,-0.037,0.122,12.537,-14.594,0.01507,0.12,-0.12,0.0,0.0,0.0,0.0,1.0
201465.0,-0.0058,1.4535,-1.4098,0.897,-0.058,-0.645,-0.039,0.008,-0.029,0.122,12.527,-14.582,0.01852,0.12,-0.12,0.0,0.0,0.0,0.0,1.0
201472.0,0.0031,1.4512,-1.4163,0.741,-0.183,-0.683,-0.026,-0.006,-0.019,0.122,12.517,-14.571,0.02053,0.12,-0.12,0.0,0.0,0.0,0.0,1.0
201480.0,0.0117,1.4477,-1.4216,0.621,-0.315,-0.643,-0.008,0.01,-0.015,0.122,12.507,-14.559,0.02345,0.12,-0.12,0.0,0.0,0.0,0.0,1.0
201488.0,0.0211,1.443,-1.4264,0.502,-0.318,-0.731,-0.016,0.015,0.009,0.122,12.497,-14.547,0.02283,0.12,-0.12,0.0,0.0,0.0,0.0,1.0
201496.0,0.0255,1.4437,-1.4315,0.317,-0.364,-0.606,-0.002,0.004,0.009,0.122,12.487,-14.536,0.02203,0.12,-0.12,0.0,0.0,0.0,0.0,1.0
201504.0,0.0373,1.4412,-1.4409,0.069,-0.24,-0.482,0.02,0.011,0.012,0.122,12.477,-14.524,0.02135,0.12,-0.12,0.0,0.0,0.0,0.0,1.0
201511.0,0.0418,1.4418,-1.446,-0.236,-0.246,-0.489,0.026,-0.004,0.009,0.122,12.467,-14.512,0.01814,0.12,-0.12,0.0,0.0,0.0,0.0,1.0
201519.0,0.054,1.4392,-1.4556,0.156,-0.23,-0.473,0.025,-0.023,0.005,0.122,12.457,-14.501,0.02704,0.12,-0.12,0.0,0.0,0.0,0.0,1.0
201527.0,0.0587,1.4388,-1.4599,-0.099,-0.175,-0.591,0.022,-0.018,0.016,0.121,12.447,-14.489,0.02376,0.12,-0.12,0.0,0.0,0.0,0.0,1.0
201534.0,0.0663,1.4362,-1.4651,0.171,-0.29,-0.534,0.007,-0.01,0.022,0.121,12.437,-14.478,0.02807,0.12,-0.12,0.0,0.0,0.0,0.0,1.0
201542.0,0.0726,1.4351,-1.4702,0.087,-0.473,-0.372,0.004,-0.024,0.002,0.121,12.427,-14.466,0.02772,0.12,-0.12,0.0,0.0,0.0,0.0,1.0
201550.0,0.0766,1.4322,-1.4714,-0.021,-0.165,-0.15,0.0,0.01,0.007,0.121,12.418,-14.454,0.02123,0.12,-0.12,0.0,0.0,0.0,0.0,1.0
201558.0,0.0776,1.4305,-1.4707,-0.177,-0.203,-0.274,-0.005,-0.006,0.002,0.121,12.408,-14.443,0.01961,0.12,-0.12,0.0,0.0,0.0,0.0,1.0
201565.0,0.0763,1.4331,-1.472,-0.235,0.082,-0.076,-0.018,0.017,-0.004,0.121,12.398,-14.431,0.01195,0.12,-0.12,0.0,0.0,0.0,0.0,1.0
201573.0,0.0758,1.4366,-1.4749,-0.399,0.131,0.144,-0.02,0.008,-0.006,0.121,12.388,-14.42,0.00645,0.12,-0.12,0.0,0.0,0.0,0.0,1.0
201581.0,0.0768,1.4414,-1.4806,-0.314,0.184,0.111,-0.016,0.01,-0.01,0.121,12.378,-14.408,0.0085,0.12,-0.12,0.0,0.0,0.0,0.0,1.0
201589.0,0.0753,1.4457,-1.4832,-0.683,0.307,0.146,-0.009,0.005,-0.0,0.121,12.368,-14.397,0.00161,0.12,-0.12,0.0,0.0,0.0,0.0,1.0
201597.0,0.072,1.4488,-1.483,-0.577,0.326,0.338,-0.004,0.01,-0.004,0.121,12.358,-14.385,0.00157,0.12,-0.12,0.0,0.0,0.0,0.0,1.0
201604.0,0.0694,1.4497,-1.4812,-0.407,0.476,0.229,-0.002,-0.003,0.007,0.12,12.348,-14.374,0.00395,0.12,-0.12,0.0,0.0,0.0,0.0,1.0
201612.0,0.0673,1.4464,-1.4759,-0.336,0.46,0.386,0.004,0.003,0.007,0.12,12.338,-14.362,0.00437,0.12,-0.12,0.0,0.0,0.0,0.0,1.0
201620.0,0.0651,1.4436,-1.471,-0.301,0.279,0.637,0.014,0.012,-0.004,0.12,12.328,-14.351,0.00541,0.12,-0.12,0.0,0.0,0.0,0.0,1.0
201628.0,0.0597,1.4404,-1.4626,-0.371,0.165,0.611,0.013,-0.009,-0.001,0.12,12.319,-14.339,0.00419,0.12,-0.12,0.0,0.0,0.0,0.0,1.0
201635.0,0.0526,1.4437,-1.4586,-0.386,0.354,0.542,0.005,-0.014,-0.006,0.12,12.309,-14.328,0.00042,0.12,-0.12,0.0,0.0,0.0,0.0,1.0
201643.0,0.0461,1.4456,-1.454,-0.372,0.294,0.482,0.018,-0.017,-0.01,0.12,12.299,-14.316,0.00233,0.12,-0.12,0.0,0.0,0.0,0.0,1.0
201651.0,0.0423,1.449,-1.4535,-0.393,0.372,0.214,0.02,-0.021,-0.007,0.12,12.289,-14.305,0.00323,0.12,-0.12,0.0,0.0,0.0,0.0,1.0
201658.0,0.0359,1.4513,-1.4494,-0.335,0.174,-0.07,0.016,-0.012,-0.006,0.12,12.279,-14.294,0.00656,0.12,-0.12,0.0,0.0,0.0,0.0,1.0
201666.0,0.0312,1.4513,-1.4445,-0.157,-0.064,-0.221,0.013,0.004,-0.004,0.12,12.269,-14.282,0.01147,0.12,-0.12,0.0,0.0,0.0,0.0,1.0
201674.0,0.0249,1.4552,-1.4421,-0.257,-0.23,0.045,-0.009,-0.012,0.0,0.12,12.26,-14.271,0.00412,0.12,-0.12,0.0,0.0,0.0,0.0,1.0
201682.0,0.0191,1.4584,-1.4394,-0.293,-0.006,-0.249,-0.022,-0.001,0.009,0.12,12.25,-14.259,0.00105,0.12,-0.12,0.0,0.0,0.0,0.0,1.0
201689.0,0.0131,1.4603,-1.4353,-0.038,-0.018,-0.174,-0.024,0.012,0.009,0.119,12.24,-14.248,0.00323,0.12,-0.12,0.0,0.0,0.0,0.0,1.0
201697.0,0.0055,1.4657,-1.4329,-0.359,0.08,-0.163,-0.032,0.018,0.019,0.119,12.23,-14.236,-0.00577,0.12,-0.12,0.0,0.0,0.0,0.0,1.0
201705.0,0.0023,1.4677,-1.4317,-0.224,-0.236,0.125,-0.033,0.023,0.009,0.119,12.22,-14.225,-0.00406,0.12,-0.12,0.0,0.0,0.0,0.0,1.0
201713.0,-0.0001,1.4664,-1.428,-0.054,-0.043,-0.027,-0.025,0.018,0.004,0.119,12.211,-14.214,-0.00097,0.12,-0.12,0.0,0.0,0.0,0.0,1.0
201721.0,-0.0027,1.4671,-1.4261,0.236,0.109,-0.047,-0.024,0.005,-0.016,0.119,12.201,-14.202,0.00267,0.12,-0.12,0.0,0.0,0.0,0.0,1.0
201729.0,-0.0006,1.468,-1.429,0.4,0.061,-0.268,-0.005,0.002,-0.007,0.119,12.191,-14.191,0.01106,0.12,-0.12,0.0,0.0,0.0,0.0,1.0
201736.0,0.0037,1.4681,-1.4334,0.606,0.462,-0.557,0.004,-0.004,-0.012,0.119,12.181,-14.18,0.01612,0.12,-0.12,0.0,0.0,0.0,0.0,1.0
201744.0,0.009,1.4658,-1.4366,0.579,0.081,-0.679,0.022,-0.008,-0.015,0.119,12.172,-14.168,0.0239,0.12,-0.12,0.0,0.0,0.0,0.0,1.0
201752.0,0.014,1.4639,-1.4397,0.523,-0.007,-0.852,0.031,-0.0,-0.002,0.119,12.162,-14.157,0.02731,0.12,-0.12,0.0,0.0,0.0,0.0,1.0
201759.0,0.0176,1.4578,-1.4373,0.274,-0.272,-0.338,0.045,0.004,-0.008,0.119,12.152,-14.146,0.0227,0.12,-0.12,0.0,0.0,0.0,0.0,1.0
201767.0,0.0212,1.4545,-1.4377,0.359,-0.52,-0.069,0.05,-0.004,0.003,0.119,12.143,-14.134,0.02485,0.12,-0.12,0.0,0.0,0.0,0.0,1.0
201775.0,0.027,1.4525,-1.4416,0.289,-0.461,-0.269,0.055,-0.021,0.006,0.118,12.133,-14.123,0.02657,0.12,-0.12,0.0,0.0,0.0,0.0,1.0
201782.0,0.0304,1.4516,-1.4441,0.069,-0.457,-0.265,0.045,0.001,0.004,0.118,12.123,-14.112,0.02263,0.12,-0.12,0.0,0.0,0.0,0.0,1.0
201790.0,0.0343,1.4503,-1.4467,0.098,-0.534,-0.429,0.024,0.005,0.007,0.118,12.113,-14.101,0.02391,0.12,-0.12,0.0,0.0,0.0,0.0,1.0
201798.0,0.0386,1.45,-1.4507,0.204,-0.385,-0.367,0.017,0.016,0.006,0.118,12.104,-14.089,0.02377,0.12,-0.12,0.0,0.0,0.0,0.0,1.0
201806.0,0.0471,1.4494,-1.4587,0.211,-0.143,-0.298,-0.013,0.015,0.019,0.118,12.094,-14.078,0.01812,0.12,-0.12,0.0,0.0,0.0,0.0,1.0
201813.0,0.0491,1.4511,-1.4623,0.117,0.364,-0.395,-0.029,0.002,0.018,0.118,12.084,-14.067,0.01148,0.12,-0.12,0.0,0.0,0.0,0.0,1.0
201821.0,0.0501,1.4531,-1.4653,-0.053,0.344,-0.416,-0.046,0.003,0.018,0.118,12.075,-14.055,0.00744,0.12,-0.12,0.0,0.0,0.0,0.0,1.0
201829.0,0.0516,1.4548,-1.4683,-0.096,0.395,-0.106,-0.037,0.017,-0.001,0.118,12.065,-14.044,0.00463,0.12,-0.12,0.0,0.0,0.0,0.0,1.0
201837.0,0.0499,1.4582,-1.47,-0.16,0.566,-0.107,-0.047,-0.001,0.003,0.118,12.055,-14.033,0.00094,0.12,-0.12,0.0,0.0,0.0,0.0,1.0
201844.0,0.0571,1.4539,-1.473,-0.35,0.276,-0.051,-0.048,0.001,-0.005,0.118,12.046,-14.022,0.00115,0.12,-0.12,0.0,0.0,0.0,0.0,1.0
201852.0,0.0619,1.4478,-1.4719,-0.27,0.001,-0.067,-0.021,-0.002,-0.013,0.117,12.036,-14.011,0.00878,0.12,-0.12,0.0,0.0,0.0,0.0,1.0
201860.0,0.0677,1.443,-1.4731,-0.56,-0.196,-0.004,-0.014,-0.003,-0.002,0.117,12.027,-13.999,0.00706,0.12,-0.12,0.0,0.0,0.0,0.0,1.0
201868.0,0.0688,1.4429,-1.474,-0.396,-0.287,-0.182,0.007,0.024,-0.006,0.117,12.017,-13.988,0.01575,0.12,-0.12,0.0,0.0,0.0,0.0,1.0
201876.0,0.0678,1.4425,-1.4726,-0.41,-0.314,-0.035,0.018,0.013,0.006,0.117,12.007,-13.977,0.01585,0.12,-0.12,0.0,0.0,0.0,0.0,1.0
201883.0,0.0639,1.4464,-1.4725,-0.639,-0.136,0.227,0.05,0.002,0.009,0.117,11.998,-13.966,0.0106,0.12,-0.12,0.0,0.0,0.0,0.0,1.0
201891.0,0.0575,1.4528,-1.4723,-0.675,-0.084,0.106,0.047,-0.006,0.001,0.117,11.988,-13.955,0.00918,0.12,-0.12,0.0,0.0,0.0,0.0,1.0
201899.0,0.0506,1.4634,-1.4757,-0.634,0.194,0.209,0.047,-0.014,0.007,0.117,11.979,-13.943,0.00519,0.12,-0.12,0.0,0.0,0.0,0.0,1.0
201906.0,0.0456,1.4698,-1.477,-0.698,0.236,0.337,0.035,-0.026,-0.011,0.117,11.969,-13.932,0.00072,0.12,-0.12,0.0,0.0,0.0,0.0,1.0
201914.0,0.039,1.4729,-1.4734,-0.487,0.448,0.549,0.006,-0.014,-0.0,0.117,11.959,-13.921,-0.0048,0.12,-0.12,0.0,0.0,0.0,0.0,1.0
201922.0,0.0314,1.4767,-1.4695,-0.572,0.438,0.538,-0.008,-0.016,-0.007,0.117,11.95,-13.91,-0.00992,0.12,-0.12,0.0,0.0,0.0,0.0,1.0
201930.0,0.0265,1.4808,-1.4686,-0.458,0.457,0.299,-0.01,-0.034,-0.01,0.117,11.94,-13.899,-0.00712,0.12,-0.12,0.0,0.0,0.0,0.0,1.0
201938.0,0.024,1.4808,-1.4662,-0.358,0.278,0.378,-0.023,-0.036,-0.005,0.117,11.931,-13.888,-0.00698,0.12,-0.12,0.0,0.0,0.0,0.0,1.0
201946.0,0.0184,1.4826,-1.4623,-0.294,0.236,0.251,-0.036,-0.002,0.009,0.116,11.921,-13.877,-0.00726,0.12,-0.12,0.0,0.0,0.0,0.0,1.0
201953.0,0.0152,1.484,-1.4605,-0.306,-0.248,0.112,-0.026,0.003,0.009,0.116,11.912,-13.866,-0.0017,0.12,-0.12,0.0,0.0,0.0,0.0,1.0
201961.0,0.0119,1.4841,-1.4572,-0.342,-0.196,-0.009,-0.028,0.019,-0.001,0.116,11.902,-13.855,-0.00253,0.12,-0.12,0.0,0.0,0.0,0.0,1.0
201969.0,0.0095,1.4848,-1.4555,-0.782,-0.145,-0.044,-0.004,0.027,0.019,0.116,11.893,-13.843,-0.00746,0.12,-0.12,0.0,0.0,0.0,0.0,1.0
201976.0,0.0071,1.4848,-1.4531,-0.618,-0.323,-0.136,-0.013,0.018,0.008,0.116,11.883,-13.832,-0.00398,0.12,-0.12,0.0,0.0,0.0,0.0,1.0
201984.0,0.0057,1.4867,-1.4536,-0.362,-0.205,-0.191,0.005,0.027,0.014,0.116,11.874,-13.821,0.00221,0.12,-0.12,0.0,0.0,0.0,0.0,1.0
201992.0,0.0035,1.4883,-1.453,-0.512,-0.087,-0.16,0.018,0.013,-0.014,0.116,11.864,-13.81,0.00021,0.12,-0.12,0.0,0.0,0.0,0.0,1.0
202000.0,0.0013,1.4884,-1.4508,-0.392,0.088,-0.243,0.022,-0.001,-0.013,0.116,11.855,-13.799,0.00169,0.12,-0.12,0.0,0.0,0.0,0.0,1.0
202008.0,-0.0007,1.49,-1.4504,-0.037,-0.147,-0.046,0.004,0.005,-0.018,0.116,11.845,-13.788,0.00494,0.12,-0.12,0.0,0.0,0.0,0.0,1.0
202015.0,-0.0029,1.4913,-1.4495,-0.052,0.043,-0.115,0.007,-0.013,-0.018,0.116,11.836,-13.777,0.0037,0.12,-0.12,0.0,0.0,0.0,0.0,1.0
202023.0,-0.0062,1.4906,-1.4454,0.232,-0.133,-0.118,0.011,-0.016,-0.024,0.115,11.826,-13.766,0.01013,0.12,-0.12,0.0,0.0,0.0,0.0,1.0
202031.0,-0.0106,1.4903,-1.4408,0.061,-0.067,-0.224,-0.01,-0.022,-0.027,0.115,11.817,-13.755,0.00343,0.12,-0.12,0.0,0.0,0.0,0.0,1.0
202038.0,-0.0102,1.4871,-1.4381,0.181,0.107,-0.308,-0.024,-0.016,-0.011,0.115,11.807,-13.744,0.0027,0.12,-0.12,0.0,0.0,0.0,0.0,1.0
202046.0,-0.0114,1.4864,-1.4362,0.131,-0.04,-0.11,-0.014,-0.022,0.008,0.115,11.798,-13.733,0.00241,0.12,-0.12,0.0,0.0,0.0,0.0,1.0
202054.0,-0.0105,1.4871,-1.4377,-0.136,-0.339,-0.495,-0.006,-0.006,0.01,0.115,11.788,-13.722,0.00525,0.12,-0.12,0.0,0.0,0.0,0.0,1.0
202062.0,-0.0093,1.4855,-1.4374,-0.01,-0.268,-0.164,-0.01,0.018,0.025,0.115,11.779,-13.711,0.00306,0.12,-0.12,0.0,0.0,0.0,0.0,1.0
202070.0,-0.0062,1.4858,-1.4407,0.451,0.078,-0.337,-0.013,0.022,0.032,0.115,11.77,-13.7,0.00965,0.12,-0.12,0.0,0.0,0.0,0.0,1.0
202078.0,-0.0036,1.4868,-1.4444,0.36,-0.088,-0.503,-0.009,0.029,0.034,0.115,11.76,-13.689,0.01212,0.12,-0.12,0.0,0.0,0.0,0.0,1.0
202085.0,-0.0034,1.4897,-1.4474,0.351,0.128,-0.287,-0.012,0.045,0.016,0.115,11.751,-13.678,0.00778,0.12,-0.12,0.0,0.0,0.0,0.0,1.0
202093.0,-0.0027,1.49,-1.4484,0.251,0.308,-0.366,0.009,0.04,0.024,0.115,11.741,-13.667,0.00869,0.12,-0.12,0.0,0.0,0.0,0.0,1.0
202101.0,0.0017,1.4916,-1.4543,0.322,0.378,-0.296,0.01,-0.005,0.023,0.114,11.732,-13.656,0.00998,0.12,-0.12,0.0,0.0,0.0,0.0,1.0
202108.0,0.0057,1.4897,-1.4566,0.463,0.432,-0.069,0.015,0.006,0.022,0.114,11.723,-13.645,0.01137,0.12,-0.12,0.0,0.0,0.0,0.0,1.0
202116.0,0.0085,1.489,-1.4586,0.463,0.561,-0.198,0.027,-0.014,-0.001,0.114,11.713,-13.635,0.01395,0.12,-0.12,0.0,0.0,0.0,0.0,1.0
202124.0,0.0111,1.4862,-1.4586,0.238,0.194,-0.133,0.013,-0.015,-0.03,0.114,11.704,-13.624,0.01152,0.12,-0.12,0.0,0.0,0.0,0.0,1.0
202131.0,0.0153,1.4819,-1.4585,0.408,0.171,-0.069,0.027,-0.033,-0.024,0.114,11.695,-13.613,0.01686,0.12,-0.12,0.0,0.0,0.0,0.0,1.0
202139.0,0.0203,1.4813,-1.463,0.713,0.177,-0.063,0.019,-0.019,-0.025,0.114,11.685,-13.602,0.02177,0.12,-0.12,0.0,0.0,0.0,0.0,1.0
202146.0,0.0206,1.4823,-1.4642,0.387,-0.011,-0.079,0.013,-0.002,-0.012,0.114,11.676,-13.591,0.01702,0.12,-0.12,0.0,0.0,0.0,0.0,1.0
202154.0,0.0197,1.4862,-1.4672,0.408,0.387,-0.285,0.001,-0.0,-0.024,0.114,11.666,-13.58,0.01377,0.12,-0.12,0.0,0.0,0.0,0.0,1.0
202162.0,0.0169,1.4906,-1.4686,0.372,0.309,-0.277,-0.019,0.0,-0.017,0.114,11.657,-13.569,0.0101,0.12,-0.12,0.0,0.0,0.0,0.0,1.0
202170.0,0.0179,1.4917,-1.4706,0.287,0.299,-0.287,-0.022,0.03,-0.005,0.114,11.648,-13.559,0.00836,0.12,-0.12,0.0,0.0,0.0,0.0,1.0
202178.0,0.0178,1.4952,-1.4739,0.11,0.08,-0.42,-0.04,0.022,-0.012,0.114,11.639,-13.548,0.00651,0.12,-0.12,0.0,0.0,0.0,0.0,1.0
202185.0,0.0175,1.4986,-1.477,-0.012,0.362,-0.052,-0.037,0.023,-0.008,0.113,11.629,-13.537,-0.00115,0.12,-0.12,0.0,0.0,0.0,0.0,1.0
202193.0,0.018,1.5,-1.4787,-0.039,-0.061,-0.13,-0.035,0.027,0.002,0.113,11.62,-13.526,0.00293,0.12,-0.12,0.0,0.0,0.0,0.0,1.0
202201.0,0.0208,1.5004,-1.482,-0.068,0.189,-0.14,-0.015,0.011,0.011,0.113,11.611,-13.515,0.00356,0.12,-0.12,0.0,0.0,0.0,0.0,1.0
202208.0,0.0221,1.5022,-1.485,0.161,-0.074,-0.317,-0.009,-0.015,0.017,0.113,11.601,-13.504,0.01261,0.12,-0.12,0.0,0.0,0.0,0.0,1.0
202216.0,0.0194,1.5035,-1.4836,0.131,0.046,-0.196,0.012,-0.018,0.011,0.113,11.592,-13.494,0.01283,0.12,-0.12,0.0,0.0,0.0,0.0,1.0
202224.0,0.021,1.5029,-1.4847,-0.06,-0.242,-0.14,0.024,-0.03,0.02,0.113,11.583,-13.483,0.01354,0.12,-0.12,0.0,0.0,0.0,0.0,1.0
202232.0,0.02,1.5081,-1.4888,0.025,-0.102,-0.259,0.031,-0.022,0.025,0.113,11.574,-13.472,0.01549,0.12,-0.12,0.0,0.0,0.0,0.0,1.0
202239.0,0.0154,1.5098,-1.4858,-0.175,-0.088,-0.073,0.046,-0.027,0.02,0.113,11.564,-13.461,0.01076,0.12,-0.12,0.0,0.0,0.0,0.0,1.0
202247.0,0.0122,1.5137,-1.4863,-0.125,-0.156,-0.055,0.044,-0.03,0.02,0.113,11.555,-13.45,0.0112,0.12,-0.12,0.0,0.0,0.0,0.0,1.0
202255.0,0.0124,1.5126,-1.4855,-0.069,-0.025,0.076,0.038,-0.035,0.022,0.113,11.546,-13.44,0.00938,0.12,-0.12,0.0,0.0,0.0,0.0,1.0
202262.0,0.0135,1.5106,-1.4846,-0.119,-0.044,0.144,0.025,-0.004,0.018,0.113,11.537,-13.429,0.00668,0.12,-0.12,0.0,0.0,0.0,0.0,1.0
202270.0,0.0107,1.5128,-1.4839,0.016,0.028,0.043,0.025,-0.0,0.014,0.113,11.527,-13.418,0.0088,0.12,-0.12,0.0,0.0,0.0,0.0,1.0
202278.0,0.0129,1.5117,-1.4852,-0.09,-0.078,-0.063,0.004,0.029,-0.013,0.113,11.518,-13.407,0.00625,0.12,-0.12,0.0,0.0,0.0,0.0,1.0
202285.0,0.0148,1.5096,-1.485,0.066,-0.04,0.061,-0.026,0.018,-0.013,0.112,11.509,-13.397,0.0034,0.12,-0.12,0.0,0.0,0.0,0.0,1.0
202293.0,0.0161,1.5074,-1.4841,0.166,-0.09,0.012,-0.037,0.021,-0.023,0.112,11.5,-13.386,0.00505,0.12,-0.12,0.0,0.0,0.0,0.0,1.0
202301.0,0.0146,1.5069,-1.4822,-0.16,-0.019,-0.262,-0.056,0.036,-0.026,0.112,11.491,-13.375,-0.0004,0.12,-0.12,0.0,0.0,0.0,0.0,1.0
202309.0,0.0145,1.5051,-1.4803,-0.104,0.025,-0.045,-0.042,0.02,-0.027,0.112,11.481,-13.365,-0.00076,0.12,-0.12,0.0,0.0,0.0,0.0,1.0
202317.0,0.0148,1.5043,-1.4798,0.045,0.079,-0.249,-0.039,0.006,-0.018,0.112,11.472,-13.354,0.00352,0.12,-0.12,0.0,0.0,0.0,0.0,1.0
202325.0,0.0173,1.5006,-1.4787,-0.089,0.007,-0.148,-0.029,-0.017,-0.025,0.112,11.463,-13.343,0.0027,0.12,-0.12,0.0,0.0,0.0,0.0,1.0
202332.0,0.0207,1.5018,-1.4833,0.075,-0.128,-0.283,0.001,-0.011,-0.009,0.112,11.454,-13.333,0.01277,0.12,-0.12,0.0,0.0,0.0,0.0,1.0
202340.0,0.0219,1.5034,-1.486,-0.145,-0.037,-0.366,0.007,-0.024,-0.018,0.112,11.445,-13.322,0.01035,0.12,-0.12,0.0,0.0,0.0,0.0,1.0
202348.0,0.0216,1.5031,-1.4855,0.224,-0.245,-0.315,0.023,0.003,0.009,0.112,11.436,-13.311,0.01987,0.12,-0.12,0.0,0.0,0.0,0.0,1.0
202355.0,0.0227,1.5022,-1.4856,0.203,-0.211,-0.539,0.041,0.006,0.002,0.112,11.426,-13.301,0.0235,0.12,-0.12,0.0,0.0,0.0,0.0,1.0
202363.0,0.0279,1.5004,-1.4891,0.259,-0.21,-0.28,0.039,0.016,0.002,0.111,11.417,-13.29,0.02287,0.12,-0.12,0.0,0.0,0.0,0.0,1.0
202371.0,0.0301,1.4981,-1.4891,0.33,-0.097,-0.252,0.035,0.024,0.006,0.111,11.408,-13.28,0.02288,0.12,-0.12,0.0,0.0,0.0,0.0,1.0
202379.0,0.0302,1.4966,-1.4877,0.45,0.035,-0.292,0.03,0.032,0.015,0.111,11.399,-13.269,0.02351,0.12,-0.12,0.0,0.0,0.0,0.0,1.0
202386.0,0.0326,1.4957,-1.4893,0.379,-0.079,-0.319,0.018,0.027,0.015,0.111,11.39,-13.258,0.02256,0.12,-0.12,0.0,0.0,0.0,0.0,1.0
202394.0,0.0313,1.4942,-1.4865,0.159,-0.075,-0.315,0.008,0.034,0.007,0.111,11.381,-13.248,0.01698,0.12,-0.12,0.0,0.0,0.0,0.0,1.0
202402.0,0.0345,1.4947,-1.4902,0.379,-0.036,-0.362,-0.01,0.017,-0.005,0.111,11.372,-13.237,0.01877,0.12,-0.12,0.0,0.0,0.0,0.0,1.0
202409.0,0.0362,1.4962,-1.4933,0.484,0.113,-0.3,-0.032,-0.009,-0.02,0.111,11.363,-13.226,0.01638,0.12,-0.12,0.0,0.0,0.0,0.0,1.0
202417.0,0.0403,1.497,-1.4982,0.258,-0.124,-0.365,-0.034,-0.04,-0.01,0.111,11.354,-13.216,0.0159,0.12,-0.12,0.0,0.0,0.0,0.0,1.0
202425.0,0.0468,1.4916,-1.4994,0.209,-0.229,-0.21,-0.039,-0.028,-0.003,0.111,11.345,-13.205,0.01525,0.12,-0.12,0.0,0.0,0.0,0.0,1.0
202433.0,0.0502,1.4895,-1.5009,-0.002,-0.527,-0.336,-0.042,-0.037,-0.022,0.111,11.335,-13.195,0.01601,0.12,-0.12,0.0,0.0,0.0,0.0,1.0
202440.0,0.0547,1.4876,-1.5035,-0.031,-0.363,-0.259,-0.022,-0.047,-0.011,0.111,11.326,-13.184,0.01651,0.12,-0.12,0.0,0.0,0.0,0.0,1.0
202448.0,0.0615,1.4823,-1.5051,0.254,-0.798,-0.003,-0.005,-0.043,-0.01,0.11,11.317,-13.174,0.02662,0.12,-0.12,0.0,0.0,0.0,0.0,1.0
202456.0,0.067,1.4838,-1.5121,0.034,-0.448,-0.345,-0.003,-0.012,-0.01,0.11,11.308,-13.163,0.0243,0.12,-0.12,0.0,0.0,0.0,0.0,1.0
202463.0,0.0705,1.4799,-1.5118,0.155,-0.274,-0.429,0.02,-0.008,-0.015,0.11,11.299,-13.153,0.02979,0.12,-0.12,0.0,0.0,0.0,0.0,1.0
202471.0,0.0703,1.4825,-1.5142,0.076,-0.128,-0.284,0.03,-0.015,0.015,0.11,11.29,-13.142,0.02696,0.12,-0.12,0.0,0.0,0.0,0.0,1.0
202479.0,0.0739,1.479,-1.5143,-0.044,-0.346,-0.157,0.047,-0.009,-0.016,0.11,11.281,-13.132,0.02815,0.12,-0.12,0.0,0.0,0.0,0.0,1.0
202487.0,0.073,1.4768,-1.5113,-0.009,-0.225,-0.207,0.036,0.011,0.02,0.11,11.272,-13.121,0.02668,0.12,-0.12,0.0,0.0,0.0,0.0,1.0
202495.0,0.0748,1.4774,-1.5136,0.026,-0.103,-0.259,0.043,0.003,0.009,0.11,11.263,-13.111,0.02786,0.12,-0.12,0.0,0.0,0.0,0.0,1.0
202502.0,0.0779,1.4737,-1.5132,-0.173,-0.177,0.014,0.007,0.011,0.016,0.11,11.254,-13.1,0.01868,0.12,-0.12,0.0,0.0,0.0,0.0,1.0
202510.0,0.0776,1.4751,-1.5142,-0.194,-0.186,-0.168,0.008,0.018,0.019,0.11,11.245,-13.09,0.02014,0.12,-0.12,0.0,0.0,0.0,0.0,1.0
202517.0,0.0782,1.475,-1.5147,-0.463,-0.286,-0.01,-0.002,0.036,0.004,0.11,11.236,-13.079,0.01344,0.12,-0.12,0.0,0.0,0.0,0.0,1.0
202525.0,0.0748,1.4749,-1.5112,-0.648,-0.203,-0.013,-0.006,0.037,-0.011,0.11,11.227,-13.069,0.00839,0.12,-0.12,0.0,0.0,0.0,0.0,1.0
202533.0,0.0745,1.474,-1.51,-0.457,-0.217,0.232,-0.013,0.033,-0.001,0.11,11.218,-13.058,0.00823,0.12,-0.12,0.0,0.0,0.0,0.0,1.0
202541.0,0.0732,1.4765,-1.5112,-0.301,-0.179,0.356,-0.024,0.015,0.0,0.109,11.209,-13.048,0.0078,0.12,-0.12,0.0,0.0,0.0,0.0,1.0
202548.0,0.0734,1.4747,-1.5096,-0.357,-0.266,0.182,-0.039,-0.005,0.008,0.109,11.2,-13.037,0.00761,0.12,-0.12,0.0,0.0,0.0,0.0,1.0
202556.0,0.0712,1.4719,-1.5047,-0.287,-0.196,0.252,-0.017,-0.005,-0.008,0.109,11.191,-13.027,0.00975,0.12,-0.12,0.0,0.0,0.0,0.0,1.0
202564.0,0.0707,1.4701,-1.5024,-0.216,-0.083,0.28,-0.025,-0.011,-0.003,0.109,11.182,-13.017,0.00857,0.12,-0.12,0.0,0.0,0.0,0.0,1.0
202572.0,0.0671,1.47,-1.4988,-0.216,0.047,0.151,-0.02,-0.02,-0.004,0.109,11.173,-13.006,0.00862,0.12,-0.12,0.0,0.0,0.0,0.0,1.0
202579.0,0.0644,1.4669,-1.493,-0.401,-0.044,0.32,0.002,-0.008,0.005,0.109,11.164,-12.996,0.00737,0.12,-0.12,0.0,0.0,0.0,0.0,1.0
202587.0,0.0601,1.4651,-1.4869,-0.366,0.034,0.312,0.009,-0.017,0.017,0.109,11.155,-12.985,0.00769,0.12,-0.12,0.0,0.0,0.0,0.0,1.0
202595.0,0.0557,1.4648,-1.4822,-0.465,-0.002,0.449,0.022,-0.003,0.011,0.109,11.147,-12.975,0.00588,0.12,-0.12,0.0,0.0,0.0,0.0,1.0
202603.0,0.0529,1.466,-1.4807,-0.33,-0.017,0.434,0.037,-0.021,0.013,0.109,11.138,-12.965,0.00976,0.12,-0.12,0.0,0.0,0.0,0.0,1.0
202610.0,0.0538,1.4649,-1.4805,-0.245,0.123,0.314,0.033,-0.021,0.021,0.109,11.129,-12.954,0.01083,0.12,-0.12,0.0,0.0,0.0,0.0,1.0
202618.0,0.0489,1.4677,-1.4782,-0.287,-0.024,0.081,0.034,-0.027,0.008,0.109,11.12,-12.944,0.01276,0.12,-0.12,0.0,0.0,0.0,0.0,1.0
202626.0,0.0434,1.4699,-1.475,-0.281,0.261,0.107,0.022,-0.008,-0.005,0.109,11.111,-12.934,0.00753,0.12,-0.12,0.0,0.0,0.0,0.0,1.0
202633.0,0.0373,1.4728,-1.4716,-0.112,0.066,0.344,0.01,-0.001,-0.003,0.108,11.102,-12.923,0.00684,0.12,-0.12,0.0,0.0,0.0,0.0,1.0
202641.0,0.0318,1.4779,-1.471,-0.209,-0.169,-0.064,-0.002,-0.003,-0.014,0.108,11.093,-12.913,0.00798,0.12,-0.12,0.0,0.0,0.0,0.0,1.0
202649.0,0.0248,1.4813,-1.4674,-0.48,0.034,-0.207,-0.012,0.009,-0.02,0.108,11.084,-12.903,-5e-05,0.12,-0.12,0.0,0.0,0.0,0.0,1.0
202656.0,0.0198,1.4833,-1.4643,-0.48,-0.096,-0.077,-0.011,0.017,-0.021,0.108,11.075,-12.892,-0.00104,0.12,-0.12,0.0,0.0,0.0,0.0,1.0
202664.0,0.0205,1.4833,-1.465,-0.395,0.087,-0.24,-0.004,0.032,-0.022,0.108,11.067,-12.882,0.00146,0.12,-0.12,0.0,0.0,0.0,0.0,1.0
202672.0,0.0212,1.4835,-1.466,-0.146,-0.339,-0.062,-0.026,0.018,-0.008,0.108,11.058,-12.872,0.00474,0.12,-0.12,0.0,0.0,0.0,0.0,1.0
202679.0,0.0224,1.4858,-1.4694,-0.06,-0.243,-0.139,-0.024,0.012,-0.006,0.108,11.049,-12.861,0.00653,0.12,-0.12,0.0,0.0,0.0,0.0,1.0
202687.0,0.0202,1.4872,-1.4686,0.3,0.024,-0.131,-0.019,-0.001,0.003,0.108,11.04,-12.851,0.0106,0.12,-0.12,0.0,0.0,0.0,0.0,1.0
202695.0,0.0189,1.4834,-1.4636,-0.07,0.189,-0.138,-0.022,-0.006,-0.014,0.108,11.031,-12.841,0.00239,0.12,-0.12,0.0,0.0,0.0,0.0,1.0
202703.0,0.0212,1.4806,-1.4631,-0.175,-0.09,-0.071,-0.013,-0.023,0.004,0.108,11.022,-12.831,0.00405,0.12,-0.12,0.0,0.0,0.0,0.0,1.0
202710.0,0.0209,1.4774,-1.4597,-0.061,-0.33,-0.051,-0.001,-0.031,0.008,0.107,11.014,-12.82,0.00973,0.12,-0.12,0.0,0.0,0.0,0.0,1.0
202718.0,0.0236,1.4744,-1.4595,-0.025,-0.295,-0.016,-0.006,-0.023,0.007,0.107,11.005,-12.81,0.00944,0.12,-0.12,0.0,0.0,0.0,0.0,1.0
202726.0,0.0259,1.4733,-1.4607,0.174,-0.394,-0.116,0.004,-0.022,0.007,0.107,10.996,-12.8,0.01671,0.12,-0.12,0.0,0.0,0.0,0.0,1.0
202734.0,0.0291,1.4724,-1.4631,0.429,-0.148,-0.301,0.01,-0.011,0.014,0.107,10.987,-12.79,0.02205,0.12,-0.12,0.0,0.0,0.0,0.0,1.0
202741.0,0.0326,1.472,-1.4662,0.394,-0.312,-0.206,0.027,-0.002,0.007,0.107,10.978,-12.779,0.02514,0.12,-0.12,0.0,0.0,0.0,0.0,1.0
202749.0,0.0367,1.4711,-1.4694,0.324,-0.253,-0.406,0.028,0.008,-0.001,0.107,10.97,-12.769,0.0262,0.12,-0.12,0.0,0.0,0.0,0.0,1.0
202757.0,0.0399,1.4715,-1.4731,0.465,0.017,-0.395,0.042,0.032,0.002,0.107,10.961,-12.759,0.02814,0.12,-0.12,0.0,0.0,0.0,0.0,1.0
202765.0,0.0439,1.4702,-1.4758,0.33,0.075,-0.424,0.031,0.009,0.004,0.107,10.952,-12.749,0.02547,0.12,-0.12,0.0,0.0,0.0,0.0,1.0
202772.0,0.0432,1.4716,-1.4764,0.35,0.127,-0.285,0.038,0.032,-0.005,0.107,10.943,-12.739,0.02452,0.12,-0.12,0.0,0.0,0.0,0.0,1.0
202780.0,0.0455,1.4773,-1.4842,0.47,0.26,-0.326,0.008,0.027,-0.013,0.107,10.935,-12.728,0.02256,0.12,-0.12,0.0,0.0,0.0,0.0,1.0
202788.0,0.0511,1.4756,-1.4882,-0.025,0.051,-0.362,0.016,0.015,-0.018,0.107,10.926,-12.718,0.01876,0.12,-0.12,0.0,0.0,0.0,0.0,1.0
202796.0,0.0563,1.4717,-1.4896,0.011,0.085,-0.327,-0.005,0.009,-0.011,0.107,10.917,-12.708,0.01652,0.12,-0.12,0.0,0.0,0.0,0.0,1.0
202803.0,0.0638,1.4694,-1.4949,0.146,-0.145,-0.126,-0.037,0.003,-0.019,0.107,10.908,-12.698,0.01629,0.12,-0.12,0.0,0.0,0.0,0.0,1.0
202811.0,0.0641,1.469,-1.4948,0.018,0.025,0.044,-0.039,-0.003,-0.017,0.106,10.9,-12.688,0.01093,0.12,-0.12,0.0,0.0,0.0,0.0,1.0
202819.0,0.0656,1.4697,-1.497,-0.073,-0.098,-0.165,-0.05,0.0,0.007,0.106,10.891,-12.678,0.01169,0.12,-0.12,0.0,0.0,0.0,0.0,1.0
202826.0,0.0673,1.4671,-1.4961,-0.258,0.028,-0.212,-0.054,-0.034,0.01,0.106,10.882,-12.667,0.00816,0.12,-0.12,0.0,0.0,0.0,0.0,1.0
202834.0,0.065,1.4677,-1.4944,-0.378,-0.19,-0.084,-0.029,-0.036,0.023,0.106,10.874,-12.657,0.00847,0.12,-0.12,0.0,0.0,0.0,0.0,1.0
202842.0,0.0648,1.4678,-1.4942,-0.457,0.041,-0.026,-0.022,-0.037,0.022,0.106,10.865,-12.647,0.00542,0.12,-0.12,0.0,0.0,0.0,0.0,1.0
202849.0,0.0643,1.4683,-1.4943,-0.366,0.077,0.269,0.003,-0.011,0.029,0.106,10.856,-12.637,0.00746,0.12,-0.12,0.0,0.0,0.0,0.0,1.0
202857.0,0.0643,1.4728,-1.4986,-0.536,-0.072,0.377,0.01,-0.028,0.02,0.106,10.847,-12.627,0.00621,0.12,-0.12,0.0,0.0,0.0,0.0,1.0
202865.0,0.0641,1.4762,-1.5018,-0.585,0.126,0.229,0.034,-0.013,0.03,0.106,10.839,-12.617,0.00799,0.12,-0.12,0.0,0.0,0.0,0.0,1.0
202872.0,0.058,1.4804,-1.4998,-0.394,0.328,0.259,0.045,-0.007,0.018,0.106,10.83,-12.607,0.00896,0.12,-0.12,0.0,0.0,0.0,0.0,1.0
202880.0,0.0525,1.4856,-1.4994,-0.515,0.369,0.127,0.038,0.009,0.001,0.106,10.821,-12.597,0.00609,0.12,-0.12,0.0,0.0,0.0,0.0,1.0
202888.0,0.047,1.4923,-1.5003,-0.204,0.445,0.374,0.041,0.02,-0.007,0.106,10.813,-12.587,0.00754,0.12,-0.12,0.0,0.0,0.0,0.0,1.0
202896.0,0.0408,1.4946,-1.4964,-0.466,0.216,0.231,0.033,0.038,-0.011,0.106,10.804,-12.577,0.00421,0.12,-0.12,0.0,0.0,0.0,0.0,1.0
202903.0,0.0354,1.4962,-1.4925,-0.381,0.14,0.328,0.024,0.036,-0.018,0.105,10.796,-12.566,0.00337,0.12,-0.12,0.0,0.0,0.0,0.0,1.0
202911.0,0.0283,1.4987,-1.4879,-0.686,0.263,0.193,0.015,0.02,-0.022,0.105,10.787,-12.556,-0.00426,0.12,-0.12,0.0,0.0,0.0,0.0,1.0
202919.0,0.0221,1.5011,-1.484,-0.282,0.09,0.279,0.003,0.013,-0.021,0.105,10.778,-12.546,0.00027,0.12,-0.12,0.0,0.0,0.0,0.0,1.0
202926.0,0.0167,1.502,-1.4795,-0.077,0.189,0.292,-0.014,-0.013,-0.011,0.105,10.77,-12.536,-0.00087,0.12,-0.12,0.0,0.0,0.0,0.0,1.0
202934.0,0.0147,1.5,-1.4756,-0.162,0.178,0.282,-0.039,-0.025,-0.011,0.105,10.761,-12.526,-0.00554,0.12,-0.12,0.0,0.0,0.0,0.0,1.0
202942.0,0.0141,1.4985,-1.4735,-0.013,0.19,0.121,-0.058,-0.014,0.007,0.105,10.753,-12.516,-0.00333,0.12,-0.12,0.0,0.0,0.0,0.0,1.0
202950.0,0.0069,1.4994,-1.4671,-0.028,0.25,0.182,-0.049,-0.026,0.004,0.105,10.744,-12.506,-0.00556,0.12,-0.12,0.0,0.0,0.0,0.0,1.0
202958.0,0.0012,1.4995,-1.4616,-0.099,0.179,0.113,-0.039,-0.007,0.017,0.105,10.735,-12.496,-0.00609,0.12,-0.12,0.0,0.0,0.0,0.0,1.0
202965.0,-0.0009,1.5,-1.4599,-0.07,0.059,-0.007,-0.029,-0.027,0.007,0.105,10.727,-12.486,-0.00269,0.12,-0.12,0.0,0.0,0.0,0.0,1.0
202973.0,-0.0041,1.5001,-1.4568,-0.07,0.015,0.036,-0.007,-0.006,0.02,0.105,10.718,-12.476,-0.00049,0.12,-0.12,0.0,0.0,0.0,0.0,1.0
202981.0,-0.0015,1.4995,-1.4589,0.023,-0.147,-0.213,0.01,-0.01,0.017,0.104,10.71,-12.466,0.00809,0.12,-0.12,0.0,0.0,0.0,0.0,1.0
202989.0,-0.003,1.5051,-1.4628,0.143,0.029,-0.297,0.028,-0.007,-0.001,0.104,10.701,-12.456,0.0117,0.12,-0.12,0.0,0.0,0.0,0.0,1.0
202996.0,-0.0017,1.5051,-1.4641,0.172,-0.048,-0.46,0.034,0.024,0.009,0.104,10.692,-12.446,0.01502,0.12,-0.12,0.0,0.0,0.0,0.0,1.0
203004.0,-0.0001,1.5054,-1.4659,0.263,0.161,-0.337,0.04,0.011,0.01,0.104,10.684,-12.436,0.01462,0.12,-0.12,0.0,0.0,0.0,0.0,1.0
203012.0,-0.0015,1.5081,-1.4672,0.348,0.171,-0.327,0.043,0.008,-0.006,0.104,10.675,-12.427,0.01598,0.12,-0.12,0.0,0.0,0.0,0.0,1.0
203019.0,0.0006,1.51,-1.4712,0.688,0.428,-0.501,0.037,0.013,-0.022,0.104,10.667,-12.417,0.02114,0.12,-0.12,0.0,0.0,0.0,0.0,1.0
203028.0,0.0022,1.5123,-1.475,0.389,0.448,-0.222,0.025,0.023,-0.024,0.104,10.658,-12.407,0.01223,0.12,-0.12,0.0,0.0,0.0,0.0,1.0
203035.0,0.0025,1.5143,-1.4772,0.41,0.587,-0.17,0.008,0.031,-0.013,0.104,10.65,-12.397,0.00851,0.12,-0.12,0.0,0.0,0.0,0.0,1.0
203043.0,0.005,1.5158,-1.4812,0.369,0.439,-0.404,0.02,0.026,-0.02,0.104,10.641,-12.387,0.01361,0.12,-0.12,0.0,0.0,0.0,0.0,1.0
203051.0,0.0124,1.5162,-1.489,0.483,0.286,-0.471,-0.005,-0.004,-0.022,0.104,10.633,-12.377,0.0153,0.12,-0.12,0.0,0.0,0.0,0.0,1.0
203058.0,0.0217,1.5113,-1.4935,0.484,0.156,-0.342,-0.025,0.004,-0.018,0.104,10.624,-12.367,0.01418,0.12,-0.12,0.0,0.0,0.0,0.0,1.0
203066.0,0.0238,1.5115,-1.4958,0.314,0.221,-0.448,-0.027,-0.029,0.003,0.104,10.616,-12.357,0.01197,0.12,-0.12,0.0,0.0,0.0,0.0,1.0
203074.0,0.027,1.5115,-1.499,0.229,0.125,-0.372,-0.031,-0.04,0.003,0.104,10.607,-12.347,0.01089,0.12,-0.12,0.0,0.0,0.0,0.0,1.0
203081.0,0.0298,1.5114,-1.5017,0.244,-0.108,-0.26,-0.026,-0.038,0.013,0.104,10.599,-12.337,0.01316,0.12,-0.12,0.0,0.0,0.0,0.0,1.0
203089.0,0.0315,1.5118,-1.5038,-0.202,-0.342,-0.321,-0.023,-0.044,0.002,0.103,10.59,-12.328,0.00898,0.12,-0.12,0.0,0.0,0.0,0.0,1.0
203097.0,0.0333,1.5112,-1.5051,-0.082,-0.167,-0.405,-0.005,-0.038,0.016,0.103,10.582,-12.318,0.01322,0.12,-0.12,0.0,0.0,0.0,0.0,1.0
203105.0,0.0354,1.5142,-1.5102,0.188,-0.325,-0.305,0.012,-0.038,0.017,0.103,10.573,-12.308,0.02134,0.12,-0.12,0.0,0.0,0.0,0.0,1.0
203113.0,0.0415,1.5142,-1.5161,0.464,-0.155,-0.222,0.012,-0.02,0.02,0.103,10.565,-12.298,0.02494,0.12,-0.12,0.0,0.0,0.0,0.0,1.0
203120.0,0.0496,1.5137,-1.5237,0.38,-0.208,-0.19,0.025,-0.004,0.006,0.103,10.556,-12.288,0.02723,0.12,-0.12,0.0,0.0,0.0,0.0,1.0
203128.0,0.0533,1.5182,-1.5318,0.33,-0.096,-0.253,0.013,0.007,0.005,0.103,10.548,-12.278,0.02507,0.12,-0.12,0.0,0.0,0.0,0.0,1.0
203136.0,0.0545,1.5222,-1.537,0.116,0.28,-0.309,0.02,0.032,0.005,0.103,10.54,-12.269,0.01972,0.12,-0.12,0.0,0.0,0.0,0.0,1.0
203143.0,0.0571,1.5254,-1.5428,-0.068,0.104,-0.054,0.007,0.018,-0.006,0.103,10.531,-12.259,0.01454,0.12,-0.12,0.0,0.0,0.0,0.0,1.0
203151.0,0.0578,1.5279,-1.5459,-0.253,0.186,-0.058,0.014,0.012,-0.006,0.103,10.523,-12.249,0.01198,0.12,-0.12,0.0,0.0,0.0,0.0,1.0
203159.0,0.0596,1.5303,-1.55,-0.288,0.194,-0.137,0.001,0.036,-0.013,0.103,10.514,-12.239,0.01033,0.12,-0.12,0.0,0.0,0.0,0.0,1.0
203167.0,0.0641,1.5269,-1.5512,-0.003,-0.025,-0.097,-0.006,0.014,-0.006,0.103,10.506,-12.229,0.01659,0.12,-0.12,0.0,0.0,0.0,0.0,1.0
203175.0,0.0633,1.5244,-1.548,-0.301,-0.006,0.183,-0.015,0.024,0.002,0.103,10.498,-12.22,0.00712,0.12,-0.12,0.0,0.0,0.0,0.0,1.0
203182.0,0.0624,1.5239,-1.5465,-0.542,-0.054,0.048,-0.031,0.017,-0.006,0.102,10.489,-12.21,0.00246,0.12,-0.12,0.0,0.0,0.0,0.0,1.0
203190.0,0.0619,1.5229,-1.5451,-0.598,-0.141,-0.126,-0.034,0.0,0.013,0.102,10.481,-12.2,0.00344,0.12,-0.12,0.0,0.0,0.0,0.0,1.0
203198.0,0.058,1.5241,-1.5423,-0.372,-0.076,0.112,-0.035,-0.008,0.006,0.102,10.472,-12.19,0.00372,0.12,-0.12,0.0,0.0,0.0,0.0,1.0
203205.0,0.0555,1.5226,-1.5383,-0.252,-0.203,0.331,-0.051,-0.026,0.007,0.102,10.464,-12.181,0.00311,0.12,-0.12,0.0,0.0,0.0,0.0,1.0
203213.0,0.0512,1.5235,-1.5349,-0.501,-0.079,0.455,-0.033,-0.048,-0.015,0.102,10.456,-12.171,-0.00239,0.12,-0.12,0.0,0.0,0.0,0.0,1.0
203221.0,0.0468,1.5254,-1.5324,-0.401,0.044,0.233,-0.02,-0.032,-0.013,0.102,10.447,-12.161,0.00082,0.12,-0.12,0.0,0.0,0.0,0.0,1.0
203229.0,0.0434,1.5241,-1.5277,-0.352,-0.067,0.294,0.018,-0.028,-0.016,0.102,10.439,-12.151,0.00727,0.12,-0.12,0.0,0.0,0.0,0.0,1.0
203237.0,0.0401,1.5263,-1.5266,-0.281,0.09,0.278,0.04,-0.012,-0.009,0.102,10.431,-12.142,0.00897,0.12,-0.12,0.0,0.0,0.0,0.0,1.0
203244.0,0.0409,1.5269,-1.5279,-0.181,0.127,0.142,0.041,0.001,-0.003,0.102,10.422,-12.132,0.01172,0.12,-0.12,0.0,0.0,0.0,0.0,1.0
203252.0,0.0373,1.5286,-1.526,0.161,-0.203,-0.188,0.056,0.023,0.014,0.102,10.414,-12.122,0.02349,0.12,-0.12,0.0,0.0,0.0,0.0,1.0
203260.0,0.0358,1.5265,-1.5225,0.146,-0.186,-0.084,0.054,0.035,0.021,0.102,10.406,-12.113,0.02161,0.12,-0.12,0.0,0.0,0.0,0.0,1.0
203267.0,0.0324,1.5304,-1.5228,0.351,-0.043,-0.115,0.049,0.043,0.032,0.102,10.397,-12.103,0.023,0.12,-0.12,0.0,0.0,0.0,0.0,1.0
203275.0,0.0293,1.5284,-1.5178,0.215,0.014,-0.142,0.036,0.035,0.034,0.102,10.389,-12.093,0.01873,0.12,-0.12,0.0,0.0,0.0,0.0,1.0
203283.0,0.022,1.5311,-1.5132,0.185,0.135,-0.021,0.021,0.021,0.011,0.101,10.381,-12.083,0.01308,0.12,-0.12,0.0,0.0,0.0,0.0,1.0
203290.0,0.0218,1.5318,-1.5136,0.156,0.169,0.185,0.007,0.015,0.017,0.101,10.372,-12.074,0.00831,0.12,-0.12,0.0,0.0,0.0,0.0,1.0
203298.0,0.0229,1.5279,-1.5109,0.405,0.087,0.018,-0.01,-0.002,-0.002,0.101,10.364,-12.064,0.01241,0.12,-0.12,0.0,0.0,0.0,0.0,1.0
203306.0,0.0273,1.5247,-1.5122,0.186,0.134,-0.021,-0.025,-0.02,-0.007,0.101,10.356,-12.055,0.0076,0.12,-0.12,0.0,0.0,0.0,0.0,1.0
203313.0,0.0349,1.52,-1.5153,0.23,-0.133,-0.116,-0.034,-0.016,-0.006,0.101,10.348,-12.045,0.01201,0.12,-0.12,0.0,0.0,0.0,0.0,1.0
203321.0,0.0398,1.5195,-1.5195,0.274,-0.184,-0.426,-0.041,-0.021,0.0,0.101,10.339,-12.035,0.01634,0.12,-0.12,0.0,0.0,0.0,0.0,1.0
203329.0,0.0441,1.5164,-1.5209,0.034,-0.233,-0.56,-0.043,-0.012,-0.012,0.101,10.331,-12.026,0.0146,0.12,-0.12,0.0,0.0,0.0,0.0,1.0
203337.0,0.05,1.513,-1.5235,0.254,-0.28,-0.521,-0.025,0.011,-0.005,0.101,10.323,-12.016,0.02137,0.12,-0.12,0.0,0.0,0.0,0.0,1.0
203344.0,0.049,1.5118,-1.5214,-0.186,-0.315,-0.469,-0.008,0.0,-0.0,0.101,10.314,-12.006,0.01599,0.12,-0.12,0.0,0.0,0.0,0.0,1.0
203352.0,0.0483,1.5092,-1.5181,-0.01,-0.139,-0.292,0.017,0.009,-0.022,0.101,10.306,-11.997,0.0197,0.12,-0.12,0.0,0.0,0.0,0.0,1.0
203360.0,0.0521,1.5085,-1.5212,0.011,-0.216,-0.025,0.031,0.0,-0.015,0.101,10.298,-11.987,0.02078,0.12,-0.12,0.0,0.0,0.0,0.0,1.0
203367.0,0.0583,1.5084,-1.5273,0.125,-0.024,-0.437,0.053,-0.007,-0.011,0.101,10.29,-11.978,0.02805,0.12,-0.12,0.0,0.0,0.0,0.0,1.0
203375.0,0.0662,1.51,-1.5368,0.191,0.107,-0.739,0.04,-0.007,0.002,0.1,10.282,-11.968,0.03137,0.12,-0.12,0.0,0.0,0.0,0.0,1.0
203383.0,0.0718,1.5111,-1.5435,0.411,-0.113,-0.528,0.032,0.019,-0.001,0.1,10.273,-11.959,0.03528,0.12,-0.12,0.0,0.0,0.0,0.0,1.0
203391.0,0.0789,1.5062,-1.5458,0.567,-0.033,-0.447,0.023,-0.003,0.002,0.1,10.265,-11.949,0.03698,0.12,-0.12,0.0,0.0,0.0,0.0,1.0
203398.0,0.0781,1.506,-1.5448,0.587,-0.11,-0.179,0.019,0.017,0.002,0.1,10.257,-11.939,0.03472,0.12,-0.12,0.0,0.0,0.0,0.0,1.0
203407.0,0.0806,1.5036,-1.5449,-0.002,-0.07,-0.052,0.003,0.015,0.002,0.1,10.249,-11.93,0.02132,0.12,-0.12,0.0,0.0,0.0,0.0,1.0
203414.0,0.0802,1.5021,-1.5431,0.103,-0.008,0.097,-0.014,0.004,-0.004,0.1,10.241,-11.92,0.01861,0.12,-0.12,0.0,0.0,0.0,0.0,1.0
203422.0,0.0818,1.5008,-1.5435,-0.081,-0.012,0.179,0.002,-0.001,0.007,0.1,10.232,-11.911,0.01745,0.12,-0.12,0.0,0.0,0.0,0.0,1.0
203430.0,0.0867,1.498,-1.5457,-0.074,0.187,0.291,-0.015,-0.009,0.015,0.1,10.224,-11.901,0.01325,0.12,-0.12,0.0,0.0,0.0,0.0,1.0
203437.0,0.0895,1.4979,-1.5482,-0.074,0.359,0.118,-0.019,-0.006,0.022,0.1,10.216,-11.892,0.01323,0.12,-0.12,0.0,0.0,0.0,0.0,1.0
203445.0,0.0934,1.495,-1.5494,0.135,0.087,-0.24,-0.033,-0.017,0.024,0.1,10.208,-11.882,0.02154,0.12,-0.12,0.0,0.0,0.0,0.0,1.0
203453.0,0.0944,1.494,-1.5494,-0.036,0.022,-0.217,-0.016,-0.027,0.025,0.1,10.2,-11.873,0.02138,0.12,-0.12,0.0,0.0,0.0,0.0,1.0
203461.0,0.0945,1.489,-1.5447,-0.305,0.008,-0.144,-0.017,-0.024,0.02,0.1,10.191,-11.863,0.01619,0.12,-0.12,0.0,0.0,0.0,0.0,1.0
203468.0,0.0917,1.4906,-1.5433,-0.44,-0.107,-0.0,0.001,-0.006,0.034,0.1,10.183,-11.854,0.01554,0.12,-0.12,0.0,0.0,0.0,0.0,1.0
203476.0,0.0897,1.4893,-1.5402,-0.64,-0.051,0.143,0.009,-0.004,0.014,0.099,10.175,-11.844,0.01137,0.12,-0.12,0.0,0.0,0.0,0.0,1.0
203484.0,0.0862,1.4909,-1.5382,-0.399,0.04,0.234,0.014,0.011,0.002,0.099,10.167,-11.835,0.01379,0.12,-0.12,0.0,0.0,0.0,0.0,1.0
203492.0,0.087,1.491,-1.5392,-0.384,-0.192,0.346,0.027,0.008,-0.009,0.099,10.159,-11.825,0.01712,0.12,-0.12,0.0,0.0,0.0,0.0,1.0
203499.0,0.0881,1.4937,-1.5428,-0.249,0.095,0.029,0.015,0.002,-0.027,0.099,10.151,-11.816,0.01855,0.12,-0.12,0.0,0.0,0.0,0.0,1.0
203507.0,0.0853,1.4959,-1.5422,-0.178,0.123,0.142,0.019,0.014,-0.036,0.099,10.143,-11.806,0.01853,0.12,-0.12,0.0,0.0,0.0,0.0,1.0
203515.0,0.0848,1.5016,-1.5472,-0.164,0.106,0.038,-0.002,0.004,-0.042,0.099,10.135,-11.797,0.01668,0.12,-0.12,0.0,0.0,0.0,0.0,1.0
203522.0,0.0839,1.5067,-1.5513,0.077,0.198,0.129,-0.017,0.001,-0.029,0.099,10.126,-11.788,0.01661,0.12,-0.12,0.0,0.0,0.0,0.0,1.0
203530.0,0.0812,1.5111,-1.5528,0.042,0.12,0.136,-0.023,-0.005,-0.031,0.099,10.118,-11.778,0.01525,0.12,-0.12,0.0,0.0,0.0,0.0,1.0
203538.0,0.073,1.5144,-1.5479,-0.215,0.133,0.063,-0.026,0.001,-0.004,0.099,10.11,-11.769,0.00922,0.12,-0.12,0.0,0.0,0.0,0.0,1.0
203546.0,0.0666,1.5188,-1.5458,-0.28,0.175,0.191,-0.023,-0.015,-0.005,0.099,10.102,-11.759,0.00566,0.12,-0.12,0.0,0.0,0.0,0.0,1.0
203554.0,0.0612,1.5208,-1.5423,-0.216,0.004,0.193,-0.016,-0.0,0.014,0.099,10.094,-11.75,0.00785,0.12,-0.12,0.0,0.0,0.0,0.0,1.0
203561.0,0.0583,1.5204,-1.539,-0.301,-0.007,0.183,-0.014,0.011,0.036,0.099,10.086,-11.741,0.00607,0.12,-0.12,0.0,0.0,0.0,0.0,1.0
203569.0,0.061,1.5165,-1.538,-0.002,0.016,-0.139,-0.008,-0.008,0.039,0.098,10.078,-11.731,0.01553,0.12,-0.12,0.0,0.0,0.0,0.0,1.0
203577.0,0.0596,1.5158,-1.5359,0.027,-0.147,-0.216,-0.011,0.008,0.064,0.098,10.07,-11.722,0.01707,0.12,-0.12,0.0,0.0,0.0,0.0,1.0
203584.0,0.0621,1.5144,-1.5369,-0.029,-0.192,-0.433,-0.004,-0.011,0.048,0.098,10.062,-11.712,0.02028,0.12,-0.12,0.0,0.0,0.0,0.0,1.0
203592.0,0.063,1.5123,-1.5358,0.007,-0.329,-0.225,0.0,0.002,0.039,0.098,10.054,-11.703,0.021,0.12,-0.12,0.0,0.0,0.0,0.0,1.0
203600.0,0.0628,1.5139,-1.5372,-0.093,-0.107,-0.348,0.008,-0.001,0.034,0.098,10.046,-11.694,0.01976,0.12,-0.12,0.0,0.0,0.0,0.0,1.0
203608.0,0.0601,1.5157,-1.5362,-0.228,-0.135,-0.29,0.007,-0.01,0.025,0.098,10.038,-11.684,0.01656,0.12,-0.12,0.0,0.0,0.0,0.0,1.0
203616.0,0.0562,1.5145,-1.5312,-0.229,-0.221,-0.203,0.014,-0.008,-0.0,0.098,10.03,-11.675,0.017,0.12,-0.12,0.0,0.0,0.0,0.0,1.0
203623.0,0.0602,1.5126,-1.5333,0.033,-0.121,0.069,0.02,-0.003,-0.026,0.098,10.022,-11.666,0.01987,0.12,-0.12,0.0,0.0,0.0,0.0,1.0
203631.0,0.0661,1.5108,-1.5375,0.218,-0.117,-0.014,0.017,0.019,-0.043,0.098,10.014,-11.656,0.02457,0.12,-0.12,0.0,0.0,0.0,0.0,1.0
203639.0,0.0669,1.514,-1.5414,0.183,-0.023,-0.179,0.012,0.02,-0.046,0.098,10.006,-11.647,0.02409,0.12,-0.12,0.0,0.0,0.0,0.0,1.0
203646.0,0.0684,1.5135,-1.5424,0.218,-0.117,-0.014,0.002,0.003,-0.058,0.098,9.998,-11.638,0.02298,0.12,-0.12,0.0,0.0,0.0,0.0,1.0
203654.0,0.0663,1.5171,-1.5438,0.168,-0.005,-0.076,-0.011,0.035,-0.055,0.098,9.99,-11.628,0.01901,0.12,-0.12,0.0,0.0,0.0,0.0,1.0
203662.0,0.0665,1.5166,-1.5435,0.174,0.409,-0.179,-0.028,0.0,-0.048,0.098,9.982,-11.619,0.01435,0.12,-0.12,0.0,0.0,0.0,0.0,1.0
203670.0,0.0656,1.5181,-1.5441,-0.046,0.241,-0.002,-0.013,-0.001,-0.021,0.097,9.974,-11.61,0.01213,0.12,-0.12,0.0,0.0,0.0,0.0,1.0
203678.0,0.068,1.5167,-1.5451,-0.066,0.188,-0.14,-0.018,-0.004,-0.002,0.097,9.966,-11.601,0.01312,0.12,-0.12,0.0,0.0,0.0,0.0,1.0
203686.0,0.0678,1.5151,-1.5433,-0.137,-0.056,-0.038,0.002,-0.006,0.028,0.097,9.958,-11.591,0.01585,0.12,-0.12,0.0,0.0,0.0,0.0,1.0
203693.0,0.0719,1.5098,-1.5423,-0.215,0.046,0.151,0.004,-0.015,0.052,0.097,9.95,-11.582,0.01304,0.12,-0.12,0.0,0.0,0.0,0.0,1.0
203701.0,0.0714,1.5072,-1.5392,-0.271,0.087,-0.152,0.009,-0.012,0.063,0.097,9.942,-11.573,0.01517,0.12,-0.12,0.0,0.0,0.0,0.0,1.0
203709.0,0.0726,1.5049,-1.5382,-0.37,0.05,-0.016,-0.003,-0.012,0.061,0.097,9.934,-11.563,0.0108,0.12,-0.12,0.0,0.0,0.0,0.0,1.0
203716.0,0.0726,1.5042,-1.5376,-0.115,-0.091,0.187,0.006,-0.009,0.051,0.097,9.926,-11.554,0.01607,0.12,-0.12,0.0,0.0,0.0,0.0,1.0
203724.0,0.0713,1.5067,-1.5387,-0.101,-0.022,-0.003,0.022,0.004,0.042,0.097,9.918,-11.545,0.01946,0.12,-0.12,0.0,0.0,0.0,0.0,1.0
203732.0,0.0656,1.5114,-1.5375,-0.315,0.139,0.157,0.016,-0.001,0.025,0.097,9.91,-11.536,0.01111,0.12,-0.12,0.0,0.0,0.0,0.0,1.0
203739.0,0.064,1.5146,-1.5391,-0.365,0.336,0.009,0.017,-0.005,0.012,0.097,9.902,-11.526,0.00994,0.12,-0.12,0.0,0.0,0.0,0.0,1.0
203747.0,0.0614,1.5171,-1.5389,0.046,0.362,0.207,0.006,-0.018,-0.012,0.097,9.894,-11.517,0.01282,0.12,-0.12,0.0,0.0,0.0,0.0,1.0
203755.0,0.0595,1.5221,-1.5419,0.031,0.595,0.094,-0.005,-0.01,-0.016,0.097,9.886,-11.508,0.00957,0.12,-0.12,0.0,0.0,0.0,0.0,1.0
203763.0,0.0597,1.5238,-1.5437,-0.024,0.507,-0.079,-0.004,-0.005,-0.051,0.097,9.878,-11.499,0.01135,0.12,-0.12,0.0,0.0,0.0,0.0,1.0
203771.0,0.0551,1.5302,-1.5454,-0.089,0.55,0.049,-0.009,0.008,-0.051,0.096,9.871,-11.49,0.00679,0.12,-0.12,0.0,0.0,0.0,0.0,1.0
203778.0,0.0529,1.5305,-1.5434,-0.039,0.438,0.11,-0.003,-0.008,-0.043,0.096,9.863,-11.481,0.00866,0.12,-0.12,0.0,0.0,0.0,0.0,1.0
203786.0,0.0484,1.5306,-1.5391,-0.095,0.307,-0.02,-0.003,0.008,-0.039,0.096,9.855,-11.471,0.00889,0.12,-0.12,0.0,0.0,0.0,0.0,1.0
203794.0,0.0446,1.5313,-1.536,-0.152,0.047,-0.02,-0.009,0.0,-0.029,0.096,9.847,-11.462,0.00853,0.12,-0.12,0.0,0.0,0.0,0.0,1.0
203801.0,0.0368,1.5323,-1.5292,-0.173,0.081,-0.244,-0.004,0.02,0.002,0.096,9.839,-11.453,0.00876,0.12,-0.12,0.0,0.0,0.0,0.0,1.0
203809.0,0.0331,1.5322,-1.5252,-0.294,-0.094,-0.16,-0.028,0.006,0.01,0.096,9.831,-11.444,0.0032,0.12,-0.12,0.0,0.0,0.0,0.0,1.0
203817.0,0.0276,1.535,-1.5225,-0.118,0.04,0.06,-0.024,0.014,0.022,0.096,9.823,-11.435,0.00232,0.12,-0.12,0.0,0.0,0.0,0.0,1.0
203825.0,0.0231,1.5366,-1.5195,-0.098,0.092,0.199,-0.004,0.014,0.038,0.096,9.815,-11.426,0.00282,0.12,-0.12,0.0,0.0,0.0,0.0,1.0
203833.0,0.0208,1.539,-1.5196,0.016,0.112,-0.041,0.002,-0.019,0.039,0.096,9.808,-11.416,0.00758,0.12,-0.12,0.0,0.0,0.0,0.0,1.0
203841.0,0.023,1.5381,-1.5209,0.136,0.157,0.005,0.011,-0.017,0.034,0.096,9.8,-11.407,0.01069,0.12,-0.12,0.0,0.0,0.0,0.0,1.0
203848.0,0.0245,1.5397,-1.5241,0.547,0.356,0.03,0.011,-0.031,0.034,0.096,9.792,-11.398,0.01613,0.12,-0.12,0.0,0.0,0.0,0.0,1.0
203856.0,0.0312,1.5379,-1.5289,0.797,0.317,-0.181,0.009,-0.012,0.023,0.096,9.784,-11.389,0.02364,0.12,-0.12,0.0,0.0,0.0,0.0,1.0
203864.0,0.0341,1.5386,-1.5326,0.761,0.282,-0.217,0.012,-0.01,0.015,0.096,9.776,-11.38,0.02471,0.12,-0.12,0.0,0.0,0.0,0.0,1.0
203871.0,0.0381,1.537,-1.535,0.579,-0.007,-0.591,0.019,-0.005,0.007,0.095,9.768,-11.371,0.02935,0.12,-0.12,0.0,0.0,0.0,0.0,1.0
203879.0,0.0379,1.5397,-1.5375,0.585,0.063,-0.349,0.01,0.032,-0.008,0.095,9.761,-11.362,0.0252,0.12,-0.12,0.0,0.0,0.0,0.0,1.0
203887.0,0.04,1.5372,-1.5371,0.315,0.135,-0.363,0.01,0.031,-0.015,0.095,9.753,-11.353,0.02053,0.12,-0.12,0.0,0.0,0.0,0.0,1.0
203895.0,0.0439,1.5367,-1.5405,0.025,-0.018,-0.343,0.006,0.024,-0.022,0.095,9.745,-11.344,0.01709,0.12,-0.12,0.0,0.0,0.0,0.0,1.0
203903.0,0.0487,1.5365,-1.545,0.054,-0.052,-0.55,-0.011,0.021,-0.021,0.095,9.737,-11.334,0.01795,0.12,-0.12,0.0,0.0,0.0,0.0,1.0
203910.0,0.0531,1.5375,-1.5504,0.005,-0.027,-0.525,0.002,0.011,-0.024,0.095,9.73,-11.325,0.01977,0.12,-0.12,0.0,0.0,0.0,0.0,1.0
203918.0,0.0597,1.5352,-1.5548,-0.051,-0.072,-0.742,-0.008,0.014,-0.03,0.095,9.722,-11.316,0.02094,0.12,-0.12,0.0,0.0,0.0,0.0,1.0
203926.0,0.0641,1.5347,-1.5588,0.381,0.049,-0.449,-0.015,0.004,-0.017,0.095,9.714,-11.307,0.02443,0.12,-0.12,0.0,0.0,0.0,0.0,1.0
203934.0,0.0665,1.5354,-1.5619,0.111,0.121,-0.463,-0.019,-0.044,-0.026,0.095,9.706,-11.298,0.01964,0.12,-0.12,0.0,0.0,0.0,0.0,1.0
203941.0,0.0709,1.5346,-1.5655,0.24,-0.308,-0.374,-0.002,-0.025,-0.002,0.095,9.698,-11.289,0.02787,0.12,-0.12,0.0,0.0,0.0,0.0,1.0
203949.0,0.0757,1.5317,-1.5674,0.297,-0.221,-0.201,-0.011,-0.019,0.023,0.095,9.691,-11.28,0.026,0.12,-0.12,0.0,0.0,0.0,0.0,1.0
203957.0,0.0784,1.5316,-1.57,0.147,-0.146,-0.126,-0.008,-0.019,0.022,0.095,9.683,-11.271,0.0231,0.12,-0.12,0.0,0.0,0.0,0.0,1.0
203965.0,0.0813,1.5325,-1.5738,0.127,-0.37,-0.092,0.0,-0.001,0.024,0.095,9.675,-11.262,0.02617,0.12,-0.12,0.0,0.0,0.0,0.0,1.0
203973.0,0.0811,1.5331,-1.5742,-0.122,-0.073,-0.14,0.003,-0.004,0.029,0.095,9.667,-11.253,0.02022,0.12,-0.12,0.0,0.0,0.0,0.0,1.0
203980.0,0.0822,1.537,-1.5791,-0.172,-0.22,0.056,0.006,-0.003,0.022,0.094,9.66,-11.244,0.01962,0.12,-0.12,0.0,0.0,0.0,0.0,1.0
203988.0,0.0831,1.5363,-1.5793,-0.166,0.194,-0.047,0.016,0.012,0.018,0.094,9.652,-11.235,0.01867,0.12,-0.12,0.0,0.0,0.0,0.0,1.0
203996.0,0.0835,1.5412,-1.5844,0.004,0.129,0.059,0.01,0.023,0.012,0.094,9.644,-11.226,0.02033,0.12,-0.12,0.0,0.0,0.0,0.0,1.0
204003.0,0.0811,1.542,-1.5828,-0.081,0.032,0.135,-0.007,0.008,-0.006,0.094,9.637,-11.217,0.01611,0.12,-0.12,0.0,0.0,0.0,0.0,1.0
204011.0,0.0804,1.5442,-1.5843,-0.11,0.239,0.169,-0.008,0.006,-0.018,0.094,9.629,-11.208,0.01322,0.12,-0.12,0.0,0.0,0.0,0.0,1.0
204019.0,0.0827,1.542,-1.5844,-0.18,0.082,0.185,-0.011,0.012,-0.02,0.094,9.621,-11.199,0.01332,0.12,-0.12,0.0,0.0,0.0,0.0,1.0
204027.0,0.0835,1.542,-1.5853,0.026,0.181,0.197,-0.012,0.014,-0.02,0.094,9.613,-11.19,0.01577,0.12,-0.12,0.0,0.0,0.0,0.0,1.0
204034.0,0.0832,1.5389,-1.5819,-0.18,0.082,0.185,-0.023,0.003,-0.0,0.094,9.606,-11.181,0.01161,0.12,-0.12,0.0,0.0,0.0,0.0,1.0
204042.0,0.0778,1.538,-1.5757,-0.271,-0.128,0.063,-0.019,-0.003,0.007,0.094,9.598,-11.172,0.01231,0.12,-0.12,0.0,0.0,0.0,0.0,1.0
204050.0,0.0765,1.5383,-1.5747,-0.421,-0.096,0.18,-0.016,0.002,0.007,0.094,9.59,-11.164,0.00854,0.12,-0.12,0.0,0.0,0.0,0.0,1.0
204058.0,0.0742,1.5354,-1.5695,-0.406,-0.243,0.207,-0.003,0.012,0.015,0.094,9.583,-11.155,0.0112,0.12,-0.12,0.0,0.0,0.0,0.0,1.0
204065.0,0.0718,1.5349,-1.5666,-0.356,-0.095,0.01,0.007,-0.007,0.031,0.094,9.575,-11.146,0.01377,0.12,-0.12,0.0,0.0,0.0,0.0,1.0
204073.0,0.071,1.5348,-1.5658,-0.391,-0.13,-0.026,0.022,0.002,0.015,0.094,9.567,-11.137,0.01585,0.12,-0.12,0.0,0.0,0.0,0.0,1.0
204081.0,0.0714,1.53,-1.5615,-0.242,-0.335,0.029,0.014,-0.016,0.022,0.093,9.56,-11.128,0.01867,0.12,-0.12,0.0,0.0,0.0,0.0,1.0
204089.0,0.0709,1.5303,-1.5613,-0.142,-0.298,-0.107,0.014,-0.021,0.007,0.093,9.552,-11.119,0.02132,0.12,-0.12,0.0,0.0,0.0,0.0,1.0
204096.0,0.0703,1.5289,-1.5593,-0.142,-0.428,0.022,-0.006,-0.008,-0.017,0.093,9.544,-11.11,0.01808,0.12,-0.12,0.0,0.0,0.0,0.0,1.0
204104.0,0.0699,1.5307,-1.5606,-0.213,-0.369,-0.178,0.004,-0.016,-0.02,0.093,9.537,-11.101,0.0197,0.12,-0.12,0.0,0.0,0.0,0.0,1.0
204112.0,0.0676,1.5309,-1.5586,-0.151,0.09,-0.064,0.0,0.001,-0.019,0.093,9.529,-11.092,0.01467,0.12,-0.12,0.0,0.0,0.0,0.0,1.0
204120.0,0.0609,1.5334,-1.5543,-0.102,0.066,-0.088,-0.014,-0.005,-0.021,0.093,9.522,-11.083,0.01242,0.12,-0.12,0.0,0.0,0.0,0.0,1.0
204128.0,0.0548,1.5368,-1.5515,0.018,0.068,0.001,-0.008,0.011,-0.028,0.093,9.514,-11.075,0.01322,0.12,-0.12,0.0,0.0,0.0,0.0,1.0
204135.0,0.0501,1.5391,-1.549,0.087,0.096,0.115,-0.011,0.022,-0.02,0.093,9.506,-11.066,0.01162,0.12,-0.12,0.0,0.0,0.0,0.0,1.0
204143.0,0.0495,1.5401,-1.5494,0.038,0.294,-0.033,-0.003,0.041,-0.013,0.093,9.499,-11.057,0.01135,0.12,-0.12,0.0,0.0,0.0,0.0,1.0
204151.0,0.0506,1.5381,-1.5486,0.216,0.012,-0.141,-0.005,0.016,0.014,0.093,9.491,-11.048,0.01768,0.12,-0.12,0.0,0.0,0.0,0.0,1.0
204158.0,0.0546,1.5321,-1.5467,0.472,0.042,-0.11,-0.01,0.023,0.015,0.093,9.484,-11.039,0.02145,0.12,-0.12,0.0,0.0,0.0,0.0,1.0
204166.0,0.0574,1.5291,-1.5466,0.167,0.122,-0.202,0.002,0.017,0.029,0.093,9.476,-11.03,0.01889,0.12,-0.12,0.0,0.0,0.0,0.0,1.0
204174.0,0.0583,1.5277,-1.5462,0.202,0.243,-0.253,0.007,0.024,0.026,0.093,9.469,-11.022,0.01983,0.12,-0.12,0.0,0.0,0.0,0.0,1.0
204182.0,0.0651,1.5232,-1.5486,0.317,0.003,-0.233,0.016,0.008,0.025,0.092,9.461,-11.013,0.02651,0.12,-0.12,0.0,0.0,0.0,0.0,1.0
204190.0,0.0654,1.5238,-1.5495,0.203,0.027,-0.037,0.003,-0.008,0.02,0.092,9.453,-11.004,0.02081,0.12,-0.12,0.0,0.0,0.0,0.0,1.0
204198.0,0.0646,1.5232,-1.5481,0.232,-0.223,-0.028,0.012,-0.014,0.017,0.092,9.446,-10.995,0.02456,0.12,-0.12,0.0,0.0,0.0,0.0,1.0
204205.0,0.0676,1.5233,-1.5512,0.196,-0.086,-0.236,0.01,-0.022,-0.017,0.092,9.438,-10.986,0.02532,0.12,-0.12,0.0,0.0,0.0,0.0,1.0
204213.0,0.0702,1.5242,-1.5546,0.091,-0.407,-0.126,-0.0,-0.006,-0.029,0.092,9.431,-10.978,0.02418,0.12,-0.12,0.0,0.0,0.0,0.0,1.0
204221.0,0.0731,1.5234,-1.5568,0.091,-0.32,-0.213,0.001,-0.005,-0.03,0.092,9.423,-10.969,0.02505,0.12,-0.12,0.0,0.0,0.0,0.0,1.0
204228.0,0.0773,1.5241,-1.5616,-0.023,0.135,-0.448,0.006,-0.0,-0.032,0.092,9.416,-10.96,0.02289,0.12,-0.12,0.0,0.0,0.0,0.0,1.0
204236.0,0.0784,1.529,-1.5675,-0.158,-0.023,-0.262,-0.004,-0.006,-0.038,0.092,9.408,-10.951,0.019,0.12,-0.12,0.0,0.0,0.0,0.0,1.0
204244.0,0.0791,1.5336,-1.5727,-0.066,0.144,-0.096,0.005,-0.001,-0.045,0.092,9.401,-10.943,0.01925,0.12,-0.12,0.0,0.0,0.0,0.0,1.0
204252.0,0.0803,1.532,-1.5723,-0.266,0.243,0.004,-0.005,0.002,-0.033,0.092,9.393,-10.934,0.01263,0.12,-0.12,0.0,0.0,0.0,0.0,1.0
204260.0,0.0827,1.5301,-1.5729,-0.195,0.27,0.117,-0.007,-0.001,-0.011,0.092,9.386,-10.925,0.01265,0.12,-0.12,0.0,0.0,0.0,0.0,1.0
204267.0,0.0867,1.5254,-1.5723,-0.115,0.081,0.015,-0.003,0.001,0.01,0.092,9.378,-10.916,0.01789,0.12,-0.12,0.0,0.0,0.0,0.0,1.0
204275.0,0.0906,1.5228,-1.5736,-0.185,-0.076,0.031,-0.004,0.014,0.03,0.092,9.371,-10.908,0.01833,0.12,-0.12,0.0,0.0,0.0,0.0,1.0
204283.0,0.0919,1.5198,-1.572,-0.22,-0.112,-0.005,0.005,0.012,0.047,0.092,9.363,-10.899,0.01993,0.12,-0.12,0.0,0.0,0.0,0.0,1.0
204290.0,0.0931,1.5188,-1.5723,-0.284,-0.027,0.08,0.003,0.016,0.053,0.091,9.356,-10.89,0.01718,0.12,-0.12,0.0,0.0,0.0,0.0,1.0
204298.0,0.094,1.5163,-1.5708,-0.099,-0.024,-0.002,0.006,-0.006,0.048,0.091,9.348,-10.881,0.02188,0.12,-0.12,0.0,0.0,0.0,0.0,1.0
204306.0,0.0905,1.519,-1.5699,-0.363,0.075,0.269,-0.001,0.001,0.039,0.091,9.341,-10.873,0.01221,0.12,-0.12,0.0,0.0,0.0,0.0,1.0
204314.0,0.0871,1.5172,-1.5647,-0.434,-0.039,0.242,-0.002,-0.011,0.025,0.091,9.333,-10.864,0.01163,0.12,-0.12,0.0,0.0,0.0,0.0,1.0
204322.0,0.0814,1.5214,-1.5631,-0.789,0.153,0.088,-0.005,-0.017,0.003,0.091,9.326,-10.855,0.00378,0.12,-0.12,0.0,0.0,0.0,0.0,1.0
204329.0,0.0778,1.5221,-1.5601,-0.633,0.191,0.212,0.001,-0.005,-0.005,0.091,9.318,-10.847,0.00517,0.12,-0.12,0.0,0.0,0.0,0.0,1.0
204337.0,0.0744,1.5243,-1.559,-0.328,0.197,0.218,0.004,-0.002,-0.036,0.091,9.311,-10.838,0.01023,0.12,-0.12,0.0,0.0,0.0,0.0,1.0
204345.0,0.0698,1.525,-1.555,-0.598,0.312,0.161,0.002,-0.013,-0.02,0.091,9.303,-10.829,0.00385,0.12,-0.12,0.0,0.0,0.0,0.0,1.0
204352.0,0.0659,1.5244,-1.5505,-0.498,0.132,0.241,-0.002,-0.001,-0.025,0.091,9.296,-10.821,0.00493,0.12,-0.12,0.0,0.0,0.0,0.0,1.0
204360.0,0.0602,1.522,-1.5425,-0.328,0.239,0.176,0.013,0.02,-0.041,0.091,9.288,-10.812,0.00868,0.12,-0.12,0.0,0.0,0.0,0.0,1.0
204368.0,0.0541,1.5247,-1.5391,-0.265,0.197,0.048,0.002,0.009,-0.027,0.091,9.281,-10.803,0.00826,0.12,-0.12,0.0,0.0,0.0,0.0,1.0
204376.0,0.0482,1.5295,-1.5377,-0.3,0.033,0.142,0.017,0.025,-0.017,0.091,9.274,-10.795,0.00911,0.12,-0.12,0.0,0.0,0.0,0.0,1.0
204383.0,0.0405,1.534,-1.5344,-0.392,-0.089,-0.066,0.018,0.023,0.003,0.091,9.266,-10.786,0.00904,0.12,-0.12,0.0,0.0,0.0,0.0,1.0
204391.0,0.0357,1.5349,-1.5305,-0.302,0.077,0.1,0.018,0.007,0.002,0.091,9.259,-10.778,0.00674,0.12,-0.12,0.0,0.0,0.0,0.0,1.0
204399.0,0.0347,1.5368,-1.5314,0.238,0.019,0.042,0.017,0.016,0.02,0.09,9.251,-10.769,0.01646,0.12,-0.12,0.0,0.0,0.0,0.0,1.0
204407.0,0.0291,1.5412,-1.53,0.038,0.162,0.098,-0.007,0.007,0.022,0.09,9.244,-10.76,0.00647,0.12,-0.12,0.0,0.0,0.0,0.0,1.0
204414.0,0.0253,1.5452,-1.5301,0.037,0.335,-0.074,0.002,-0.002,0.023,0.09,9.237,-10.752,0.00719,0.12,-0.12,0.0,0.0,0.0,0.0,1.0
204422.0,0.0221,1.5482,-1.5299,0.307,0.263,-0.06,-0.017,-0.019,0.024,0.09,9.229,-10.743,0.00875,0.12,-0.12,0.0,0.0,0.0,0.0,1.0
204430.0,0.0204,1.5506,-1.5305,-0.063,0.299,0.062,-0.022,-0.004,0.019,0.09,9.222,-10.734,-9e-05,0.12,-0.12,0.0,0.0,0.0,0.0,1.0
204438.0,0.0192,1.5522,-1.5308,-0.054,0.04,-0.11,-0.014,-0.029,0.015,0.09,9.214,-10.726,0.00498,0.12,-0.12,0.0,0.0,0.0,0.0,1.0
204446.0,0.0225,1.5508,-1.5328,-0.174,0.124,-0.285,-0.01,-0.019,0.007,0.09,9.207,-10.717,0.005,0.12,-0.12,0.0,0.0,0.0,0.0,1.0
204453.0,0.0239,1.5517,-1.5351,0.095,-0.035,-0.185,-0.002,-0.016,0.007,0.09,9.2,-10.709,0.01168,0.12,-0.12,0.0,0.0,0.0,0.0,1.0
204461.0,0.0316,1.5494,-1.5405,0.14,-0.13,-0.452,0.008,0.002,-0.0,0.09,9.192,-10.7,0.01871,0.12,-0.12,0.0,0.0,0.0,0.0,1.0
204469.0,0.035,1.5481,-1.5427,-0.009,0.031,-0.464,0.017,0.002,-0.016,0.09,9.185,-10.692,0.01708,0.12,-0.12,0.0,0.0,0.0,0.0,1.0
204477.0,0.0352,1.5516,-1.5463,0.225,-0.119,-0.442,0.018,0.031,-0.029,0.09,9.178,-10.683,0.02229,0.12,-0.12,0.0,0.0,0.0,0.0,1.0
204484.0,0.0353,1.5515,-1.5464,0.445,-0.21,-0.36,0.015,0.015,-0.02,0.09,9.17,-10.675,0.0257,0.12,-0.12,0.0,0.0,0.0,0.0,1.0
204492.0,0.0346,1.5588,-1.5527,0.025,-0.148,-0.213,0.012,0.027,-0.024,0.09,9.163,-10.666,0.01596,0.12,-0.12,0.0,0.0,0.0,0.0,1.0
204500.0,0.0327,1.5618,-1.5537,-0.239,0.167,-0.158,0.016,0.028,-0.032,0.09,9.156,-10.658,0.00864,0.12,-0.12,0.0,0.0,0.0,0.0,1.0
204507.0,0.0318,1.5625,-1.5535,-0.218,0.089,0.11,0.008,0.008,-0.023,0.089,9.148,-10.649,0.00577,0.12,-0.12,0.0,0.0,0.0,0.0,1.0
204516.0,0.0341,1.5687,-1.5619,-0.317,0.269,0.029,0.008,-0.001,-0.01,0.089,9.141,-10.641,0.00379,0.12,-0.12,0.0,0.0,0.0,0.0,1.0
204523.0,0.0383,1.5697,-1.567,0.018,0.155,-0.086,-0.011,-0.019,0.014,0.089,9.134,-10.632,0.0094,0.12,-0.12,0.0,0.0,0.0,0.0,1.0
204531.0,0.0431,1.5663,-1.5685,0.303,-0.065,-0.046,-0.016,-0.019,0.011,0.089,9.126,-10.623,0.01595,0.12,-0.12,0.0,0.0,0.0,0.0,1.0
204539.0,0.0459,1.5644,-1.5695,0.153,-0.162,0.202,-0.021,-0.022,0.025,0.089,9.119,-10.615,0.0118,0.12,-0.12,0.0,0.0,0.0,0.0,1.0
204546.0,0.0468,1.5624,-1.5684,0.104,-0.138,0.226,-0.011,-0.009,0.041,0.089,9.112,-10.606,0.012,0.12,-0.12,0.0,0.0,0.0,0.0,1.0
204554.0,0.0468,1.5596,-1.5656,-0.081,-0.185,0.352,-0.012,-0.006,0.038,0.089,9.105,-10.598,0.00798,0.12,-0.12,0.0,0.0,0.0,0.0,1.0
204562.0,0.0462,1.5598,-1.5652,-0.025,0.076,0.353,-0.014,0.005,0.052,0.089,9.097,-10.589,0.00599,0.12,-0.12,0.0,0.0,0.0,0.0,1.0
204570.0,0.0444,1.5601,-1.5638,-0.174,0.28,0.299,0.007,0.012,0.028,0.089,9.09,-10.581,0.00526,0.12,-0.12,0.0,0.0,0.0,0.0,1.0
204577.0,0.0439,1.5582,-1.5614,-0.274,0.243,0.435,0.001,-0.003,0.011,0.089,9.083,-10.572,0.00179,0.12,-0.12,0.0,0.0,0.0,0.0,1.0
204585.0,0.0466,1.5576,-1.5636,-0.053,0.325,0.344,-0.002,0.016,-0.014,0.089,9.076,-10.564,0.00584,0.12,-0.12,0.0,0.0,0.0,0.0,1.0
204593.0,0.0478,1.5558,-1.5629,0.012,0.196,0.302,0.008,0.013,-0.03,0.089,9.068,-10.556,0.01035,0.12,-0.12,0.0,0.0,0.0,0.0,1.0
204601.0,0.0459,1.5569,-1.5621,-0.279,0.259,0.106,-0.012,0.016,-0.044,0.089,9.061,-10.547,0.00315,0.12,-0.12,0.0,0.0,0.0,0.0,1.0
204609.0,0.042,1.5588,-1.5601,-0.159,0.305,0.152,0.003,0.003,-0.04,0.088,9.054,-10.539,0.00612,0.12,-0.12,0.0,0.0,0.0,0.0,1.0
204616.0,0.0398,1.5588,-1.5579,-0.379,0.266,0.199,0.007,-0.014,-0.037,0.088,9.047,-10.53,0.00244,0.12,-0.12,0.0,0.0,0.0,0.0,1.0
204624.0,0.0331,1.5589,-1.5513,-0.18,0.123,0.143,0.021,-0.002,-0.038,0.088,9.039,-10.522,0.00824,0.12,-0.12,0.0,0.0,0.0,0.0,1.0
204631.0,0.0312,1.56,-1.5505,-0.2,-0.102,0.177,0.025,-0.013,-0.033,0.088,9.032,-10.514,0.00966,0.12,-0.12,0.0,0.0,0.0,0.0,1.0
204639.0,0.0264,1.5601,-1.5458,-0.336,-0.13,0.236,0.011,-0.026,-0.018,0.088,9.025,-10.505,0.00407,0.12,-0.12,0.0,0.0,0.0,0.0,1.0
204647.0,0.0226,1.5635,-1.5453,-0.301,0.078,0.098,-0.001,-0.023,0.011,0.088,9.018,-10.497,0.00128,0.12,-0.12,0.0,0.0,0.0,0.0,1.0
204654.0,0.018,1.5653,-1.5425,-0.336,-0.0,0.106,-0.001,-0.023,0.025,0.088,9.01,-10.488,0.00023,0.12,-0.12,0.0,0.0,0.0,0.0,1.0
204662.0,0.0129,1.5697,-1.5415,-0.017,-0.011,0.009,-0.004,-0.008,0.034,0.088,9.003,-10.48,0.0049,0.12,-0.12,0.0,0.0,0.0,0.0,1.0
204670.0,0.0075,1.5734,-1.5398,-0.296,0.105,0.383,-0.007,0.022,0.025,0.088,8.996,-10.472,-0.00595,0.12,-0.12,0.0,0.0,0.0,0.0,1.0
204677.0,0.0027,1.5762,-1.5378,-0.296,0.235,0.254,-0.006,0.004,0.02,0.088,8.989,-10.463,-0.00654,0.12,-0.12,0.0,0.0,0.0,0.0,1.0
204685.0,0.0025,1.5765,-1.5378,-0.176,0.323,0.256,-0.006,0.035,0.017,0.088,8.982,-10.455,-0.00547,0.12,-0.12,0.0,0.0,0.0,0.0,1.0
204693.0,0.0034,1.5743,-1.5366,-0.111,0.411,-0.002,-0.007,0.024,0.015,0.088,8.974,-10.446,-0.00256,0.12,-0.12,0.0,0.0,0.0,0.0,1.0
204701.0,0.0018,1.5757,-1.5363,0.094,0.337,0.184,-0.015,0.029,0.009,0.088,8.967,-10.438,-0.0018,0.12,-0.12,0.0,0.0,0.0,0.0,1.0
204708.0,0.0033,1.5724,-1.5346,-0.026,0.291,0.138,0.0,0.008,-0.005,0.088,8.96,-10.43,-0.0001,0.12,-0.12,0.0,0.0,0.0,0.0,1.0
204716.0,0.0068,1.5678,-1.5336,0.18,0.26,0.281,-0.009,0.009,-0.012,0.088,8.953,-10.421,0.00169,0.12,-0.12,0.0,0.0,0.0,0.0,1.0
204724.0,0.0091,1.5655,-1.5337,0.004,0.213,-0.025,0.011,0.0,-0.022,0.087,8.946,-10.413,0.00563,0.12,-0.12,0.0,0.0,0.0,0.0,1.0
204731.0,0.0101,1.5643,-1.5335,0.175,0.276,-0.047,0.01,-0.029,-0.019,0.087,8.939,-10.405,0.00844,0.12,-0.12,0.0,0.0,0.0,0.0,1.0
204739.0,0.0103,1.5676,-1.5369,0.119,0.146,-0.178,0.024,-0.031,-0.009,0.087,8.931,-10.397,0.01171,0.12,-0.12,0.0,0.0,0.0,0.0,1.0
204747.0,0.0106,1.5661,-1.5359,0.007,-0.202,-0.353,0.006,-0.031,-0.011,0.087,8.924,-10.388,0.01183,0.12,-0.12,0.0,0.0,0.0,0.0,1.0
204754.0,0.0096,1.5691,-1.5377,0.027,-0.106,-0.257,0.015,-0.012,-0.007,0.087,8.917,-10.38,0.01159,0.12,-0.12,0.0,0.0,0.0,0.0,1.0
204762.0,0.008,1.5713,-1.5383,-0.094,-0.108,-0.346,0.013,-0.019,0.003,0.087,8.91,-10.372,0.00972,0.12,-0.12,0.0,0.0,0.0,0.0,1.0
204770.0,0.0084,1.5736,-1.5408,-0.058,-0.159,-0.224,-0.009,-0.009,-0.007,0.087,8.903,-10.363,0.00624,0.12,-0.12,0.0,0.0,0.0,0.0,1.0
204778.0,0.0107,1.5787,-1.5481,-0.187,0.055,-0.098,-0.016,-0.003,0.004,0.087,8.896,-10.355,0.00037,0.12,-0.12,0.0,0.0,0.0,0.0,1.0
204785.0,0.0072,1.5864,-1.5522,-0.237,0.081,-0.074,-0.024,0.003,0.02,0.087,8.889,-10.347,-0.00288,0.12,-0.12,0.0,0.0,0.0,0.0,1.0
204793.0,0.0065,1.5887,-1.5537,0.124,0.304,-0.023,-0.029,0.0,0.017,0.087,8.882,-10.338,0.00024,0.12,-0.12,0.0,0.0,0.0,0.0,1.0
204801.0,0.008,1.5893,-1.5558,-0.117,0.169,-0.072,-0.015,0.006,0.012,0.087,8.874,-10.33,-0.00018,0.12,-0.12,0.0,0.0,0.0,0.0,1.0
204808.0,0.0101,1.5889,-1.5575,0.06,0.302,0.148,-0.027,0.015,0.016,0.087,8.867,-10.322,-0.00151,0.12,-0.12,0.0,0.0,0.0,0.0,1.0
204816.0,0.0123,1.5894,-1.5602,0.075,0.156,0.173,-0.016,0.02,0.005,0.087,8.86,-10.314,0.00167,0.12,-0.12,0.0,0.0,0.0,0.0,1.0
204824.0,0.0152,1.5879,-1.5616,0.04,0.12,0.138,-0.019,0.021,-0.007,0.086,8.853,-10.305,0.00204,0.12,-0.12,0.0,0.0,0.0,0.0,1.0
204832.0,0.0189,1.5839,-1.5615,-0.121,-0.203,-0.012,0.018,0.021,-0.009,0.086,8.846,-10.297,0.00986,0.12,-0.12,0.0,0.0,0.0,0.0,1.0
204840.0,0.0232,1.5786,-1.5606,-0.0,-0.287,0.163,0.01,0.029,-0.01,0.086,8.839,-10.289,0.0107,0.12,-0.12,0.0,0.0,0.0,0.0,1.0
204847.0,0.0226,1.5794,-1.5607,-0.22,-0.24,0.124,0.015,0.02,-0.002,0.086,8.832,-10.281,0.00744,0.12,-0.12,0.0,0.0,0.0,0.0,1.0
204855.0,0.0192,1.5829,-1.5607,-0.305,-0.207,0.07,0.009,0.004,-0.01,0.086,8.825,-10.273,0.00484,0.12,-0.12,0.0,0.0,0.0,0.0,1.0
204863.0,0.0169,1.5862,-1.5617,-0.37,0.008,0.025,0.012,-0.023,-0.007,0.086,8.818,-10.264,0.00235,0.12,-0.12,0.0,0.0,0.0,0.0,1.0
204871.0,0.0121,1.5879,-1.5585,-0.435,0.094,0.111,0.019,-0.04,0.0,0.086,8.811,-10.256,-0.00017,0.12,-0.12,0.0,0.0,0.0,0.0,1.0
204878.0,0.0106,1.5896,-1.5587,-0.513,0.196,0.299,0.016,-0.043,0.016,0.086,8.804,-10.248,-0.00482,0.12,-0.12,0.0,0.0,0.0,0.0,1.0
204886.0,0.0079,1.5901,-1.5565,-0.385,-0.018,0.172,0.006,-0.038,0.022,0.086,8.797,-10.24,-0.0019,0.12,-0.12,0.0,0.0,0.0,0.0,1.0
204894.0,0.0076,1.5887,-1.5548,-0.569,-0.151,0.384,-0.019,-0.008,0.021,0.086,8.79,-10.231,-0.00993,0.12,-0.12,0.0,0.0,0.0,0.0,1.0
204902.0,0.0044,1.5875,-1.5505,-0.27,-0.3,0.234,-0.017,-0.0,0.022,0.086,8.783,-10.223,-0.00263,0.12,-0.12,0.0,0.0,0.0,0.0,1.0
204910.0,0.0038,1.5859,-1.5483,-0.455,-0.304,0.317,-0.012,0.013,0.016,0.086,8.776,-10.215,-0.00584,0.12,-0.12,0.0,0.0,0.0,0.0,1.0
204917.0,-0.0001,1.5835,-1.5421,-0.59,-0.29,0.332,0.001,0.027,-0.001,0.086,8.769,-10.207,-0.00711,0.12,-0.12,0.0,0.0,0.0,0.0,1.0
204925.0,-0.0031,1.5822,-1.5378,-0.604,-0.316,0.478,0.007,0.022,-0.002,0.086,8.762,-10.199,-0.00824,0.12,-0.12,0.0,0.0,0.0,0.0,1.0
204933.0,-0.0081,1.5845,-1.535,-0.434,-0.165,0.369,0.004,0.043,-0.015,0.086,8.755,-10.191,-0.00716,0.12,-0.12,0.0,0.0,0.0,0.0,1.0
204941.0,-0.012,1.586,-1.5327,-0.385,-0.017,0.172,0.011,0.018,-0.0,0.086,8.748,-10.182,-0.00541,0.12,-0.12,0.0,0.0,0.0,0.0,1.0
204948.0,-0.0169,1.5887,-1.5303,-0.286,-0.153,0.208,0.006,0.011,-0.009,0.085,8.741,-10.174,-0.00452,0.12,-0.12,0.0,0.0,0.0,0.0,1.0
204956.0,-0.0204,1.5883,-1.5264,0.025,0.009,0.37,0.001,0.003,-0.014,0.085,8.734,-10.166,-0.00349,0.12,-0.12,0.0,0.0,0.0,0.0,1.0
204964.0,-0.0204,1.5875,-1.5257,-0.06,0.214,0.144,0.0,-0.018,-0.002,0.085,8.727,-10.158,-0.00477,0.12,-0.12,0.0,0.0,0.0,0.0,1.0
204972.0,-0.0249,1.5885,-1.5222,-0.18,0.125,0.142,0.001,-0.03,-0.008,0.085,8.72,-10.15,-0.00672,0.12,-0.12,0.0,0.0,0.0,0.0,1.0
204979.0,-0.0268,1.5866,-1.5184,0.046,0.06,0.509,-0.0,-0.026,0.001,0.085,8.713,-10.142,-0.00633,0.12,-0.12,0.0,0.0,0.0,0.0,1.0
204987.0,-0.0309,1.5831,-1.5108,-0.131,-0.246,0.463,0.0,-0.003,0.007,0.085,8.706,-10.134,-0.00724,0.12,-0.12,0.0,0.0,0.0,0.0,1.0
204995.0,-0.0352,1.5802,-1.5037,-0.123,-0.418,0.205,0.012,-0.007,0.001,0.085,8.699,-10.126,-0.00223,0.12,-0.12,0.0,0.0,0.0,0.0,1.0
205003.0,-0.0353,1.5799,-1.5034,-0.158,-0.324,0.04,0.005,-0.008,-0.009,0.085,8.692,-10.118,-0.00324,0.12,-0.12,0.0,0.0,0.0,0.0,1.0
205010.0,-0.0376,1.5812,-1.5023,-0.108,-0.305,-0.028,0.005,0.001,-0.021,0.085,8.685,-10.109,-0.00232,0.12,-0.12,0.0,0.0,0.0,0.0,1.0
205018.0,-0.0392,1.5838,-1.5033,-0.059,-0.157,-0.226,0.006,0.003,-0.012,0.085,8.678,-10.101,-0.00114,0.12,-0.12,0.0,0.0,0.0,0.0,1.0
205026.0,-0.0397,1.5858,-1.5047,-0.024,-0.251,-0.061,0.012,0.024,-0.013,0.085,8.671,-10.093,-0.00065,0.12,-0.12,0.0,0.0,0.0,0.0,1.0
205033.0,-0.0433,1.5896,-1.5048,0.046,0.165,-0.336,0.006,0.027,-0.004,0.085,8.664,-10.085,-0.00216,0.12,-0.12,0.0,0.0,0.0,0.0,1.0
205041.0,-0.0402,1.587,-1.5053,0.252,0.005,-0.064,-0.009,0.023,0.003,0.085,8.657,-10.077,-0.0016,0.12,-0.12,0.0,0.0,0.0,0.0,1.0
205050.0,-0.0454,1.588,-1.5011,0.052,0.234,-0.093,0.004,0.016,-0.002,0.085,8.65,-10.069,-0.00565,0.12,-0.12,0.0,0.0,0.0,0.0,1.0
205057.0,-0.0441,1.5854,-1.4998,-0.047,0.024,0.216,0.004,0.022,-0.022,0.085,8.643,-10.061,-0.00794,0.12,-0.12,0.0,0.0,0.0,0.0,1.0
205065.0,-0.0411,1.5828,-1.5003,-0.282,0.304,0.064,-0.002,0.014,-0.022,0.084,8.636,-10.053,-0.01334,0.12,-0.12,0.0,0.0,0.0,0.0,1.0
205073.0,-0.0388,1.5816,-1.5015,-0.225,0.219,0.41,-0.015,-0.009,-0.016,0.084,8.63,-10.045,-0.01615,0.12,-0.12,0.0,0.0,0.0,0.0,1.0
205080.0,-0.0365,1.5783,-1.5006,-0.175,0.538,0.04,0.002,-0.025,-0.008,0.084,8.623,-10.037,-0.01158,0.12,-0.12,0.0,0.0,0.0,0.0,1.0
205088.0,-0.0318,1.5773,-1.5043,-0.215,0.261,-0.065,0.005,-0.031,0.002,0.084,8.616,-10.029,-0.00741,0.12,-0.12,0.0,0.0,0.0,0.0,1.0
205096.0,-0.0295,1.5732,-1.5026,0.005,0.127,0.06,0.005,-0.048,0.003,0.084,8.609,-10.021,-0.00317,0.12,-0.12,0.0,0.0,0.0,0.0,1.0
205104.0,-0.0275,1.5716,-1.503,0.205,-0.103,0.09,-0.002,-0.036,0.01,0.084,8.602,-10.013,0.00114,0.12,-0.12,0.0,0.0,0.0,0.0,1.0
205111.0,-0.031,1.5713,-1.4993,-0.065,-0.116,0.163,0.002,-0.017,0.009,0.084,8.595,-10.005,-0.00424,0.12,-0.12,0.0,0.0,0.0,0.0,1.0
205119.0,-0.0335,1.5703,-1.4958,-0.35,-0.027,0.252,-0.004,-0.016,0.018,0.084,8.588,-9.997,-0.01225,0.12,-0.12,0.0,0.0,0.0,0.0,1.0
205127.0,-0.034,1.5718,-1.4968,-0.441,-0.107,-0.0,0.016,-0.015,0.019,0.084,8.581,-9.989,-0.00775,0.12,-0.12,0.0,0.0,0.0,0.0,1.0
205135.0,-0.0363,1.5744,-1.497,-0.435,-0.037,0.241,0.009,-0.018,0.004,0.084,8.574,-9.981,-0.01186,0.12,-0.12,0.0,0.0,0.0,0.0,1.0
205143.0,-0.0357,1.5752,-1.4984,-0.385,0.11,0.044,0.01,0.019,0.011,0.084,8.567,-9.973,-0.01043,0.12,-0.12,0.0,0.0,0.0,0.0,1.0
205150.0,-0.0361,1.5777,-1.5004,-0.419,0.162,-0.078,0.002,0.015,-0.009,0.084,8.561,-9.965,-0.01157,0.12,-0.12,0.0,0.0,0.0,0.0,1.0
205158.0,-0.0373,1.5801,-1.5016,-0.484,0.031,0.222,-0.019,0.012,-0.013,0.084,8.554,-9.957,-0.01774,0.12,-0.12,0.0,0.0,0.0,0.0,1.0
205166.0,-0.0424,1.5847,-1.5009,-0.49,-0.081,0.023,-0.012,0.011,-0.023,0.084,8.547,-9.949,-0.01496,0.12,-0.12,0.0,0.0,0.0,0.0,1.0
205174.0,-0.0491,1.5909,-1.5002,-0.704,0.209,0.054,-0.005,0.025,-0.009,0.084,8.54,-9.941,-0.02192,0.12,-0.12,0.0,0.0,0.0,0.0,1.0
205181.0,-0.054,1.5911,-1.4955,-0.414,0.232,0.163,-0.005,0.013,-0.013,0.083,8.533,-9.933,-0.01896,0.12,-0.12,0.0,0.0,0.0,0.0,1.0
205189.0,-0.0622,1.595,-1.4911,-0.543,0.187,0.549,-0.007,0.013,-0.01,0.083,8.527,-9.925,-0.02636,0.12,-0.12,0.0,0.0,0.0,0.0,1.0
205197.0,-0.0651,1.5946,-1.4879,-0.522,0.239,0.688,0.003,0.009,-0.007,0.083,8.52,-9.917,-0.02664,0.12,-0.12,0.0,0.0,0.0,0.0,1.0
205205.0,-0.0682,1.5956,-1.4856,-0.549,0.16,0.264,0.012,-0.003,0.001,0.083,8.513,-9.909,-0.02182,0.12,-0.12,0.0,0.0,0.0,0.0,1.0
205213.0,-0.0674,1.5932,-1.4842,-0.343,0.043,0.492,0.012,-0.002,0.003,0.083,8.506,-9.901,-0.01928,0.12,-0.12,0.0,0.0,0.0,0.0,1.0
205220.0,-0.069,1.5935,-1.4829,-0.214,-0.084,0.279,-0.002,-0.014,0.023,0.083,8.499,-9.894,-0.01665,0.12,-0.12,0.0,0.0,0.0,0.0,1.0
205228.0,-0.0723,1.5909,-1.477,-0.314,0.009,0.286,-0.004,-0.009,0.018,0.083,8.492,-9.886,-0.02022,0.12,-0.12,0.0,0.0,0.0,0.0,1.0
205236.0,-0.0805,1.5932,-1.4711,-0.47,-0.029,0.163,-0.009,-0.004,0.015,0.083,8.486,-9.878,-0.02382,0.12,-0.12,0.0,0.0,0.0,0.0,1.0
205243.0,-0.0862,1.5928,-1.465,-0.385,-0.234,0.389,-0.007,-0.001,0.006,0.083,8.479,-9.87,-0.02351,0.12,-0.12,0.0,0.0,0.0,0.0,1.0
205251.0,-0.0929,1.5906,-1.4561,-0.245,-0.136,0.574,-0.015,-0.003,-0.01,0.083,8.472,-9.862,-0.02618,0.12,-0.12,0.0,0.0,0.0,0.0,1.0
205259.0,-0.0981,1.5918,-1.4521,-0.43,0.162,0.355,-0.007,0.008,-0.006,0.083,8.465,-9.854,-0.02984,0.12,-0.12,0.0,0.0,0.0,0.0,1.0
205267.0,-0.1011,1.5939,-1.4512,-0.415,0.275,0.122,0.005,0.008,-0.006,0.083,8.459,-9.846,-0.0271,0.12,-0.12,0.0,0.0,0.0,0.0,1.0
205274.0,-0.103,1.5971,-1.4524,-0.372,0.138,-0.102,-0.005,0.04,-0.0,0.083,8.452,-9.838,-0.02535,0.12,-0.12,0.0,0.0,0.0,0.0,1.0
205282.0,-0.1068,1.6022,-1.4535,-0.351,0.147,0.079,-0.007,0.019,0.003,0.083,8.445,-9.83,-0.02769,0.12,-0.12,0.0,0.0,0.0,0.0,1.0
205290.0,-0.1123,1.6073,-1.453,0.188,0.219,-0.108,0.005,0.034,-0.01,0.082,8.438,-9.823,-0.01671,0.12,-0.12,0.0,0.0,0.0,0.0,1.0
205297.0,-0.1144,1.6101,-1.4535,-0.167,0.281,-0.132,0.005,0.008,-0.003,0.082,8.432,-9.815,-0.02345,0.12,-0.12,0.0,0.0,0.0,0.0,1.0
205305.0,-0.1176,1.6124,-1.4527,0.011,0.129,-0.37,0.019,-0.003,-0.004,0.082,8.425,-9.807,-0.01533,0.12,-0.12,0.0,0.0,0.0,0.0,1.0
205313.0,-0.1174,1.613,-1.4535,-0.018,0.163,-0.164,0.025,-0.007,0.003,0.082,8.418,-9.799,-0.01717,0.12,-0.12,0.0,0.0,0.0,0.0,1.0
205320.0,-0.1159,1.6145,-1.4564,0.246,-0.108,-0.262,0.033,-0.042,0.002,0.082,8.411,-9.791,-0.00797,0.12,-0.12,0.0,0.0,0.0,0.0,1.0
205328.0,-0.1157,1.6142,-1.4564,-0.159,-0.151,-0.132,0.047,-0.028,-0.01,0.082,8.405,-9.783,-0.01444,0.12,-0.12,0.0,0.0,0.0,0.0,1.0
205336.0,-0.1145,1.6153,-1.4585,0.061,-0.112,-0.18,0.031,-0.03,-0.001,0.082,8.398,-9.776,-0.01182,0.12,-0.12,0.0,0.0,0.0,0.0,1.0
205344.0,-0.1116,1.6142,-1.4604,0.09,-0.232,-0.3,0.016,-0.051,-0.002,0.082,8.391,-9.768,-0.0104,0.12,-0.12,0.0,0.0,0.0,0.0,1.0
205351.0,-0.111,1.6143,-1.4612,0.076,-0.344,-0.068,0.005,-0.023,0.023,0.082,8.384,-9.76,-0.01366,0.12,-0.12,0.0,0.0,0.0,0.0,1.0
205359.0,-0.1089,1.6112,-1.4602,0.231,-0.134,-0.116,0.001,-0.024,0.008,0.082,8.378,-9.752,-0.01259,0.12,-0.12,0.0,0.0,0.0,0.0,1.0
205367.0,-0.1076,1.6141,-1.4643,0.246,-0.237,-0.134,-0.005,-0.002,0.025,0.082,8.371,-9.744,-0.01226,0.12,-0.12,0.0,0.0,0.0,0.0,1.0
205375.0,-0.1098,1.6156,-1.4636,0.266,0.031,-0.211,-0.027,0.027,0.03,0.082,8.364,-9.736,-0.0172,0.12,-0.12,0.0,0.0,0.0,0.0,1.0
205382.0,-0.1114,1.6167,-1.4631,0.137,0.072,0.089,-0.023,0.03,0.029,0.082,8.358,-9.729,-0.02236,0.12,-0.12,0.0,0.0,0.0,0.0,1.0
205390.0,-0.1114,1.6162,-1.4626,-0.104,0.111,-0.131,-0.028,0.032,0.021,0.082,8.351,-9.721,-0.02535,0.12,-0.12,0.0,0.0,0.0,0.0,1.0
205398.0,-0.1111,1.6189,-1.4655,-0.083,0.379,-0.209,-0.029,0.035,0.016,0.082,8.344,-9.713,-0.0266,0.12,-0.12,0.0,0.0,0.0,0.0,1.0
205406.0,-0.1093,1.6211,-1.4694,-0.288,0.194,-0.136,-0.019,0.035,0.002,0.082,8.338,-9.705,-0.02748,0.12,-0.12,0.0,0.0,0.0,0.0,1.0
205413.0,-0.11,1.6224,-1.47,-0.124,0.102,-0.314,-0.023,0.03,-0.005,0.081,8.331,-9.698,-0.0229,0.12,-0.12,0.0,0.0,0.0,0.0,1.0
205421.0,-0.108,1.6195,-1.4691,-0.103,0.11,-0.132,-0.014,0.041,-0.025,0.081,8.324,-9.69,-0.02248,0.12,-0.12,0.0,0.0,0.0,0.0,1.0
205429.0,-0.1074,1.6188,-1.4691,-0.003,-0.069,-0.052,0.003,0.013,-0.039,0.081,8.318,-9.682,-0.01693,0.12,-0.12,0.0,0.0,0.0,0.0,1.0
205436.0,-0.1051,1.6187,-1.4713,-0.287,-0.023,0.08,0.024,-0.001,-0.037,0.081,8.311,-9.674,-0.01979,0.12,-0.12,0.0,0.0,0.0,0.0,1.0
205444.0,-0.106,1.6187,-1.4704,-0.486,0.033,0.223,0.032,-0.028,-0.035,0.081,8.304,-9.667,-0.02405,0.12,-0.12,0.0,0.0,0.0,0.0,1.0
205452.0,-0.1044,1.6142,-1.4677,-0.017,-0.226,0.224,0.041,-0.029,-0.036,0.081,8.298,-9.659,-0.01255,0.12,-0.12,0.0,0.0,0.0,0.0,1.0
205460.0,-0.1033,1.6133,-1.4678,-0.166,-0.022,0.169,0.032,-0.021,-0.024,0.081,8.291,-9.651,-0.01715,0.12,-0.12,0.0,0.0,0.0,0.0,1.0
205468.0,-0.1035,1.6136,-1.468,0.039,0.25,0.009,0.026,-0.036,-0.008,0.081,8.285,-9.644,-0.01523,0.12,-0.12,0.0,0.0,0.0,0.0,1.0
205475.0,-0.1044,1.6121,-1.4655,0.16,0.209,0.141,0.012,-0.028,0.019,0.081,8.278,-9.636,-0.01641,0.12,-0.12,0.0,0.0,0.0,0.0,1.0
205483.0,-0.11,1.6139,-1.4618,0.174,0.278,-0.048,-0.015,-0.013,0.024,0.081,8.271,-9.628,-0.02055,0.12,-0.12,0.0,0.0,0.0,0.0,1.0
205491.0,-0.114,1.6167,-1.4605,-0.076,0.36,0.12,-0.02,-0.005,0.031,0.081,8.265,-9.62,-0.02874,0.12,-0.12,0.0,0.0,0.0,0.0,1.0
205498.0,-0.1218,1.6192,-1.4551,-0.141,0.316,0.335,-0.047,-0.019,0.041,0.081,8.258,-9.613,-0.0358,0.12,-0.12,0.0,0.0,0.0,0.0,1.0
205506.0,-0.1272,1.6246,-1.4549,-0.227,0.263,0.368,-0.054,0.014,0.038,0.081,8.251,-9.605,-0.03884,0.12,-0.12,0.0,0.0,0.0,0.0,1.0
205514.0,-0.1254,1.6215,-1.4537,0.164,0.149,0.513,-0.039,0.037,0.036,0.081,8.245,-9.597,-0.03119,0.12,-0.12,0.0,0.0,0.0,0.0,1.0
205522.0,-0.127,1.626,-1.4565,-0.126,0.386,0.145,-0.019,0.029,0.024,0.081,8.238,-9.59,-0.0327,0.12,-0.12,0.0,0.0,0.0,0.0,1.0
205529.0,-0.1262,1.6301,-1.4614,0.038,0.165,0.096,-0.008,0.024,0.007,0.08,8.232,-9.582,-0.02558,0.12,-0.12,0.0,0.0,0.0,0.0,1.0
205537.0,-0.1245,1.6306,-1.4635,-0.132,0.317,-0.098,0.009,0.012,-0.012,0.08,8.225,-9.574,-0.02474,0.12,-0.12,0.0,0.0,0.0,0.0,1.0
205545.0,-0.1186,1.6294,-1.4682,0.097,0.14,-0.361,0.016,0.009,-0.01,0.08,8.219,-9.567,-0.01473,0.12,-0.12,0.0,0.0,0.0,0.0,1.0
205552.0,-0.1153,1.6313,-1.4735,0.247,0.281,-0.652,0.014,0.006,-0.028,0.08,8.212,-9.559,-0.01006,0.12,-0.12,0.0,0.0,0.0,0.0,1.0
205560.0,-0.1168,1.6322,-1.4727,0.026,0.069,-0.432,0.026,-0.009,-0.03,0.08,8.205,-9.551,-0.01266,0.12,-0.12,0.0,0.0,0.0,0.0,1.0
205568.0,-0.12,1.6331,-1.4705,0.041,-0.12,-0.362,0.033,-0.023,-0.028,0.08,8.199,-9.544,-0.01125,0.12,-0.12,0.0,0.0,0.0,0.0,1.0
205575.0,-0.1226,1.6345,-1.4692,-0.18,-0.03,-0.444,0.028,-0.019,-0.034,0.08,8.192,-9.536,-0.0161,0.12,-0.12,0.0,0.0,0.0,0.0,1.0
205583.0,-0.1246,1.6371,-1.4697,-0.06,-0.027,-0.355,0.004,-0.008,-0.024,0.08,8.186,-9.529,-0.01882,0.12,-0.12,0.0,0.0,0.0,0.0,1.0
205591.0,-0.1256,1.6378,-1.4694,0.131,0.046,-0.196,0.008,-0.03,-0.001,0.08,8.179,-9.521,-0.01728,0.12,-0.12,0.0,0.0,0.0,0.0,1.0
205599.0,-0.1271,1.6396,-1.4697,0.074,-0.257,-0.153,-0.025,-0.016,0.004,0.08,8.173,-9.513,-0.02139,0.12,-0.12,0.0,0.0,0.0,0.0,1.0
205606.0,-0.1237,1.6388,-1.4723,0.245,-0.193,-0.176,-0.024,-0.008,0.019,0.08,8.166,-9.506,-0.01819,0.12,-0.12,0.0,0.0,0.0,0.0,1.0
205614.0,-0.1218,1.6368,-1.4722,0.394,-0.268,-0.251,-0.025,-0.006,0.016,0.08,8.16,-9.498,-0.01407,0.12,-0.12,0.0,0.0,0.0,0.0,1.0
205622.0,-0.1181,1.6366,-1.4758,0.33,-0.053,-0.295,-0.028,-0.002,0.03,0.08,8.153,-9.49,-0.01633,0.12,-0.12,0.0,0.0,0.0,0.0,1.0
205630.0,-0.1123,1.6337,-1.4788,0.5,-0.162,-0.145,-0.028,0.022,0.028,0.08,8.146,-9.483,-0.01272,0.12,-0.12,0.0,0.0,0.0,0.0,1.0
205637.0,-0.1079,1.63,-1.4795,0.386,-0.009,-0.079,-0.017,0.039,0.024,0.08,8.14,-9.475,-0.01431,0.12,-0.12,0.0,0.0,0.0,0.0,1.0
205645.0,-0.1079,1.6304,-1.4799,0.187,0.263,-0.151,-0.008,0.013,0.017,0.079,8.134,-9.468,-0.01783,0.12,-0.12,0.0,0.0,0.0,0.0,1.0
205653.0,-0.1016,1.6324,-1.4882,0.117,0.322,-0.352,0.01,0.015,0.02,0.079,8.127,-9.46,-0.01358,0.12,-0.12,0.0,0.0,0.0,0.0,1.0
205660.0,-0.0966,1.631,-1.4919,0.153,0.357,-0.317,0.036,0.001,-0.005,0.079,8.121,-9.453,-0.00899,0.12,-0.12,0.0,0.0,0.0,0.0,1.0
205668.0,-0.0886,1.6311,-1.4998,0.324,0.334,-0.254,0.04,0.008,-0.001,0.079,8.114,-9.445,-0.0045,0.12,-0.12,0.0,0.0,0.0,0.0,1.0
205676.0,-0.0829,1.6274,-1.502,0.318,0.092,-0.323,0.037,-0.012,-0.016,0.079,8.108,-9.437,-0.00072,0.12,-0.12,0.0,0.0,0.0,0.0,1.0
205684.0,-0.0795,1.6252,-1.5033,-0.086,0.049,-0.193,0.023,-0.017,-0.023,0.079,8.101,-9.43,-0.00934,0.12,-0.12,0.0,0.0,0.0,0.0,1.0
205691.0,-0.0756,1.6194,-1.5015,-0.057,-0.029,-0.356,0.011,-0.016,-0.024,0.079,8.095,-9.422,-0.00747,0.12,-0.12,0.0,0.0,0.0,0.0,1.0
205699.0,-0.0774,1.6233,-1.5034,-0.227,-0.222,-0.204,-0.007,-0.011,-0.028,0.079,8.088,-9.415,-0.01342,0.12,-0.12,0.0,0.0,0.0,0.0,1.0
205707.0,-0.0792,1.6249,-1.5033,-0.632,-0.135,-0.204,-0.017,-0.014,-0.027,0.079,8.082,-9.407,-0.02288,0.12,-0.12,0.0,0.0,0.0,0.0,1.0
205715.0,-0.0817,1.6268,-1.5026,-0.321,-0.103,0.087,-0.031,-0.016,-0.013,0.079,8.075,-9.4,-0.02295,0.12,-0.12,0.0,0.0,0.0,0.0,1.0
205722.0,-0.0836,1.6281,-1.502,-0.221,-0.152,0.037,-0.038,-0.015,-0.016,0.079,8.069,-9.392,-0.0215,0.12,-0.12,0.0,0.0,0.0,0.0,1.0
205730.0,-0.0837,1.6295,-1.5031,-0.341,-0.37,0.164,-0.036,-0.009,-0.001,0.079,8.062,-9.385,-0.02278,0.12,-0.12,0.0,0.0,0.0,0.0,1.0
205738.0,-0.0832,1.629,-1.5032,-0.326,-0.172,-0.155,-0.026,0.008,0.021,0.079,8.056,-9.377,-0.02035,0.12,-0.12,0.0,0.0,0.0,0.0,1.0
205745.0,-0.0836,1.6302,-1.504,-0.142,-0.125,-0.281,-0.038,-0.006,0.025,0.079,8.049,-9.37,-0.01778,0.12,-0.12,0.0,0.0,0.0,0.0,1.0
205753.0,-0.0845,1.6286,-1.5016,-0.121,-0.073,-0.142,-0.018,0.02,0.035,0.079,8.043,-9.362,-0.01717,0.12,-0.12,0.0,0.0,0.0,0.0,1.0
205761.0,-0.0896,1.629,-1.4969,-0.186,-0.074,0.029,-0.002,0.008,0.02,0.078,8.036,-9.355,-0.01826,0.12,-0.12,0.0,0.0,0.0,0.0,1.0
205769.0,-0.0936,1.629,-1.4928,-0.095,-0.037,0.325,0.008,0.02,0.026,0.078,8.03,-9.347,-0.01899,0.12,-0.12,0.0,0.0,0.0,0.0,1.0
205777.0,-0.0971,1.6283,-1.4887,-0.28,0.045,0.322,0.047,0.017,0.002,0.078,8.024,-9.34,-0.01878,0.12,-0.12,0.0,0.0,0.0,0.0,1.0
205784.0,-0.0982,1.6268,-1.4861,-0.265,-0.187,0.434,0.058,0.028,0.002,0.078,8.017,-9.332,-0.01719,0.12,-0.12,0.0,0.0,0.0,0.0,1.0
205792.0,-0.0991,1.628,-1.4863,-0.35,0.104,0.121,0.063,0.011,-0.004,0.078,8.011,-9.325,-0.01806,0.12,-0.12,0.0,0.0,0.0,0.0,1.0
205800.0,-0.0982,1.6264,-1.4857,-0.18,0.125,0.142,0.04,0.021,-0.007,0.078,8.004,-9.317,-0.01688,0.12,-0.12,0.0,0.0,0.0,0.0,1.0
205808.0,-0.0967,1.626,-1.4868,0.196,0.158,0.261,0.037,0.012,-0.002,0.078,7.998,-9.31,-0.01186,0.12,-0.12,0.0,0.0,0.0,0.0,1.0
205815.0,-0.0989,1.6297,-1.4882,0.175,0.15,0.08,0.002,0.007,-0.012,0.078,7.992,-9.303,-0.01559,0.12,-0.12,0.0,0.0,0.0,0.0,1.0
205823.0,-0.1001,1.6295,-1.4868,0.154,0.054,-0.016,0.002,-0.041,-0.03,0.078,7.985,-9.295,-0.01395,0.12,-0.12,0.0,0.0,0.0,0.0,1.0
205831.0,-0.1048,1.6282,-1.4809,0.019,-0.061,0.129,-0.011,-0.026,-0.013,0.078,7.979,-9.288,-0.01991,0.12,-0.12,0.0,0.0,0.0,0.0,1.0
205839.0,-0.1075,1.6242,-1.4742,0.118,-0.154,0.123,-0.027,-0.019,-0.006,0.078,7.972,-9.28,-0.02027,0.12,-0.12,0.0,0.0,0.0,0.0,1.0
205847.0,-0.1085,1.6235,-1.4726,0.026,-0.148,-0.215,-0.033,-0.026,0.005,0.078,7.966,-9.273,-0.01967,0.12,-0.12,0.0,0.0,0.0,0.0,1.0
205854.0,-0.1063,1.6214,-1.4727,0.047,-0.096,-0.076,-0.04,-0.005,0.002,0.078,7.96,-9.265,-0.02138,0.12,-0.12,0.0,0.0,0.0,0.0,1.0
205862.0,-0.1034,1.6208,-1.4751,0.056,-0.225,-0.378,-0.048,-0.004,0.018,0.078,7.953,-9.258,-0.01752,0.12,-0.12,0.0,0.0,0.0,0.0,1.0
205870.0,-0.1014,1.6268,-1.4829,0.12,-0.18,-0.594,-0.031,0.0,0.018,0.078,7.947,-9.251,-0.01289,0.12,-0.12,0.0,0.0,0.0,0.0,1.0
205877.0,-0.0961,1.6225,-1.484,0.056,-0.182,-0.422,-0.022,0.026,0.021,0.078,7.941,-9.243,-0.0136,0.12,-0.12,0.0,0.0,0.0,0.0,1.0
205885.0,-0.096,1.6234,-1.485,0.056,-0.052,-0.551,0.003,0.042,0.014,0.078,7.934,-9.236,-0.00965,0.12,-0.12,0.0,0.0,0.0,0.0,1.0
205893.0,-0.0974,1.6227,-1.4829,-0.073,-0.184,-0.079,0.01,0.052,0.003,0.077,7.928,-9.228,-0.01425,0.12,-0.12,0.0,0.0,0.0,0.0,1.0
205901.0,-0.0933,1.622,-1.4864,0.238,0.107,-0.047,0.025,0.05,-0.015,0.077,7.922,-9.221,-0.00864,0.12,-0.12,0.0,0.0,0.0,0.0,1.0
205909.0,-0.0898,1.6238,-1.4916,0.033,0.224,-0.276,0.045,0.037,-0.035,0.077,7.915,-9.214,-0.00809,0.12,-0.12,0.0,0.0,0.0,0.0,1.0
205916.0,-0.0862,1.6262,-1.4976,0.148,0.028,-0.3,0.036,0.036,-0.037,0.077,7.909,-9.206,-0.00419,0.12,-0.12,0.0,0.0,0.0,0.0,1.0
205924.0,-0.08,1.6261,-1.5036,0.269,0.203,-0.385,0.044,0.014,-0.035,0.077,7.903,-9.199,-0.00076,0.12,-0.12,0.0,0.0,0.0,0.0,1.0
205932.0,-0.0743,1.6256,-1.5088,0.319,0.005,-0.237,0.037,-0.009,-0.025,0.077,7.896,-9.192,0.00101,0.12,-0.12,0.0,0.0,0.0,0.0,1.0
205939.0,-0.0681,1.6228,-1.5123,0.214,-0.188,-0.257,0.015,-0.023,-0.021,0.077,7.89,-9.184,-0.0003,0.12,-0.12,0.0,0.0,0.0,0.0,1.0
205947.0,-0.0681,1.6208,-1.5103,0.461,-0.07,0.12,0.022,-0.038,-0.003,0.077,7.884,-9.177,0.00037,0.12,-0.12,0.0,0.0,0.0,0.0,1.0
205955.0,-0.073,1.6206,-1.5052,-0.05,-0.262,0.188,-0.008,-0.041,0.003,0.077,7.877,-9.17,-0.01288,0.12,-0.12,0.0,0.0,0.0,0.0,1.0
205963.0,-0.0731,1.62,-1.5046,-0.285,-0.284,0.338,-0.035,-0.031,0.01,0.077,7.871,-9.162,-0.02181,0.12,-0.12,0.0,0.0,0.0,0.0,1.0
205970.0,-0.0731,1.6196,-1.5041,-0.314,0.095,0.199,-0.041,-0.048,0.032,0.077,7.865,-9.155,-0.02488,0.12,-0.12,0.0,0.0,0.0,0.0,1.0
205978.0,-0.0731,1.6184,-1.503,-0.519,-0.047,0.23,-0.068,-0.006,0.024,0.077,7.859,-9.148,-0.02925,0.12,-0.12,0.0,0.0,0.0,0.0,1.0
205986.0,-0.0744,1.6222,-1.5053,-0.199,-0.014,0.089,-0.066,0.004,0.029,0.077,7.852,-9.14,-0.02309,0.12,-0.12,0.0,0.0,0.0,0.0,1.0
205994.0,-0.0767,1.6254,-1.5062,-0.624,0.107,-0.136,-0.049,-0.001,0.015,0.077,7.846,-9.133,-0.02873,0.12,-0.12,0.0,0.0,0.0,0.0,1.0
206001.0,-0.0785,1.6326,-1.5115,-0.334,-0.171,0.275,-0.054,-0.004,-0.01,0.077,7.84,-9.126,-0.02563,0.12,-0.12,0.0,0.0,0.0,0.0,1.0
206009.0,-0.0787,1.6341,-1.5128,-0.369,0.009,0.023,-0.036,0.009,-0.01,0.076,7.833,-9.118,-0.02422,0.12,-0.12,0.0,0.0,0.0,0.0,1.0
206017.0,-0.0819,1.6332,-1.5087,-0.483,-0.14,0.393,0.01,0.012,-0.02,0.076,7.827,-9.111,-0.02224,0.12,-0.12,0.0,0.0,0.0,0.0,1.0
206025.0,-0.0856,1.6328,-1.5045,-0.384,0.026,0.127,0.037,0.02,-0.021,0.076,7.821,-9.104,-0.01692,0.12,-0.12,0.0,0.0,0.0,0.0,1.0
206032.0,-0.0862,1.6307,-1.502,-0.313,-0.033,0.327,0.055,0.019,-0.021,0.076,7.815,-9.097,-0.0158,0.12,-0.12,0.0,0.0,0.0,0.0,1.0
206040.0,-0.0851,1.6284,-1.5007,-0.234,-0.092,0.096,0.066,0.016,-0.016,0.076,7.808,-9.089,-0.01112,0.12,-0.12,0.0,0.0,0.0,0.0,1.0
206048.0,-0.0856,1.6271,-1.499,0.227,0.038,0.139,0.061,0.003,-0.021,0.076,7.802,-9.082,-0.00499,0.12,-0.12,0.0,0.0,0.0,0.0,1.0
206056.0,-0.0847,1.626,-1.4988,-0.014,0.162,-0.167,0.045,-0.008,0.007,0.076,7.796,-9.075,-0.00825,0.12,-0.12,0.0,0.0,0.0,0.0,1.0
206063.0,-0.0902,1.6246,-1.492,-0.234,0.123,-0.119,0.031,-0.022,0.019,0.076,7.79,-9.068,-0.01461,0.12,-0.12,0.0,0.0,0.0,0.0,1.0
206071.0,-0.093,1.6213,-1.4859,-0.085,-0.082,-0.064,0.011,-0.009,0.029,0.076,7.783,-9.06,-0.01429,0.12,-0.12,0.0,0.0,0.0,0.0,1.0
206079.0,-0.097,1.6175,-1.4783,-0.057,-0.245,-0.14,-0.0,-0.007,0.031,0.076,7.777,-9.053,-0.01428,0.12,-0.12,0.0,0.0,0.0,0.0,1.0
206087.0,-0.0979,1.6155,-1.4754,-0.306,-0.121,-0.015,-0.015,-0.012,0.02,0.076,7.771,-9.046,-0.02312,0.12,-0.12,0.0,0.0,0.0,0.0,1.0
206094.0,-0.1039,1.6165,-1.4703,-0.292,-0.181,-0.075,-0.035,-0.015,0.039,0.076,7.765,-9.038,-0.02562,0.12,-0.12,0.0,0.0,0.0,0.0,1.0
206102.0,-0.1051,1.6182,-1.4709,-0.242,-0.206,-0.1,-0.064,0.006,0.014,0.076,7.759,-9.031,-0.02662,0.12,-0.12,0.0,0.0,0.0,0.0,1.0
206110.0,-0.1054,1.6177,-1.47,-0.016,0.118,-0.121,-0.068,0.015,0.01,0.076,7.752,-9.024,-0.02559,0.12,-0.12,0.0,0.0,0.0,0.0,1.0
206118.0,-0.106,1.6215,-1.4731,0.198,0.088,-0.41,-0.049,0.015,-0.017,0.076,7.746,-9.017,-0.01804,0.12,-0.12,0.0,0.0,0.0,0.0,1.0
206126.0,-0.1024,1.6259,-1.481,0.183,0.235,-0.437,-0.04,0.001,-0.018,0.076,7.74,-9.01,-0.01771,0.12,-0.12,0.0,0.0,0.0,0.0,1.0
206133.0,-0.1017,1.6266,-1.4824,0.098,0.181,-0.404,-0.013,0.023,-0.025,0.075,7.734,-9.002,-0.01562,0.12,-0.12,0.0,0.0,0.0,0.0,1.0
206141.0,-0.101,1.6314,-1.4878,0.26,0.461,-0.211,-0.005,0.013,-0.042,0.075,7.728,-8.995,-0.01555,0.12,-0.12,0.0,0.0,0.0,0.0,1.0
206149.0,-0.1009,1.6366,-1.4929,0.175,0.494,-0.265,0.04,0.007,-0.037,0.075,7.721,-8.988,-0.01054,0.12,-0.12,0.0,0.0,0.0,0.0,1.0
206157.0,-0.0972,1.6415,-1.5014,0.295,0.454,-0.134,0.04,0.002,-0.02,0.075,7.715,-8.981,-0.00862,0.12,-0.12,0.0,0.0,0.0,0.0,1.0
206164.0,-0.0935,1.641,-1.5046,0.196,0.546,-0.127,0.055,0.003,-0.012,0.075,7.709,-8.974,-0.00942,0.12,-0.12,0.0,0.0,0.0,0.0,1.0
206172.0,-0.0897,1.6419,-1.5093,0.346,0.385,-0.116,0.062,-0.01,-0.006,0.075,7.703,-8.967,-0.00438,0.12,-0.12,0.0,0.0,0.0,0.0,1.0
206180.0,-0.0905,1.6436,-1.5101,0.064,0.147,-0.441,0.045,-0.006,0.005,0.075,7.697,-8.959,-0.00546,0.12,-0.12,0.0,0.0,0.0,0.0,1.0
206188.0,-0.0929,1.6458,-1.5099,0.225,0.297,-0.118,0.042,-0.002,0.026,0.075,7.691,-8.952,-0.00786,0.12,-0.12,0.0,0.0,0.0,0.0,1.0
206195.0,-0.0917,1.6466,-1.5119,0.169,-0.006,-0.076,0.025,0.001,0.025,0.075,7.684,-8.945,-0.00809,0.12,-0.12,0.0,0.0,0.0,0.0,1.0
206203.0,-0.0931,1.6471,-1.511,0.105,-0.008,0.096,-0.015,0.002,0.042,0.075,7.678,-8.938,-0.01731,0.12,-0.12,0.0,0.0,0.0,0.0,1.0
206211.0,-0.0913,1.6465,-1.5122,0.368,-0.106,-0.176,-0.029,-0.007,0.02,0.075,7.672,-8.931,-0.01079,0.12,-0.12,0.0,0.0,0.0,0.0,1.0
206218.0,-0.0927,1.6471,-1.5113,-0.051,-0.002,-0.071,-0.026,0.031,0.02,0.075,7.666,-8.924,-0.01985,0.12,-0.12,0.0,0.0,0.0,0.0,1.0
206226.0,-0.0916,1.6489,-1.5142,-0.016,0.12,-0.123,-0.039,0.017,0.005,0.075,7.66,-8.916,-0.02081,0.12,-0.12,0.0,0.0,0.0,0.0,1.0
206234.0,-0.0916,1.6504,-1.5157,0.034,0.095,-0.148,-0.028,0.023,-0.008,0.075,7.654,-8.909,-0.01832,0.12,-0.12,0.0,0.0,0.0,0.0,1.0
206242.0,-0.0884,1.6516,-1.5201,0.084,-0.103,-0.001,-0.045,0.007,-0.021,0.075,7.648,-8.902,-0.01799,0.12,-0.12,0.0,0.0,0.0,0.0,1.0
206249.0,-0.0879,1.6547,-1.5236,-0.136,0.161,-0.256,-0.025,0.001,-0.027,0.075,7.642,-8.895,-0.01936,0.12,-0.12,0.0,0.0,0.0,0.0,1.0
206257.0,-0.0842,1.6547,-1.5273,-0.079,0.205,-0.039,-0.016,0.02,-0.042,0.075,7.636,-8.888,-0.01892,0.12,-0.12,0.0,0.0,0.0,0.0,1.0
206265.0,-0.0825,1.6526,-1.5269,-0.27,0.002,-0.069,-0.003,-0.007,-0.016,0.075,7.629,-8.881,-0.01771,0.12,-0.12,0.0,0.0,0.0,0.0,1.0
206273.0,-0.0818,1.6495,-1.5246,-0.255,-0.058,-0.129,0.005,-0.011,-0.011,0.074,7.623,-8.874,-0.015,0.12,-0.12,0.0,0.0,0.0,0.0,1.0
206280.0,-0.0829,1.6493,-1.5233,-0.155,-0.151,-0.135,0.019,-0.008,0.002,0.074,7.617,-8.867,-0.01075,0.12,-0.12,0.0,0.0,0.0,0.0,1.0
206288.0,-0.0842,1.6489,-1.5216,0.035,-0.078,0.024,0.019,-0.018,0.01,0.074,7.611,-8.86,-0.00978,0.12,-0.12,0.0,0.0,0.0,0.0,1.0
206296.0,-0.0878,1.6523,-1.5213,-0.249,0.098,0.027,0.022,-0.023,0.021,0.074,7.605,-8.853,-0.01651,0.12,-0.12,0.0,0.0,0.0,0.0,1.0
206304.0,-0.0881,1.6505,-1.5194,0.299,-0.263,-0.16,0.014,-0.015,0.023,0.074,7.599,-8.845,-0.00369,0.12,-0.12,0.0,0.0,0.0,0.0,1.0
206312.0,-0.0899,1.6531,-1.5201,0.02,0.112,-0.045,0.009,-0.012,0.024,0.074,7.593,-8.838,-0.01374,0.12,-0.12,0.0,0.0,0.0,0.0,1.0
206319.0,-0.0886,1.654,-1.5223,0.134,0.088,-0.241,0.007,-0.024,0.03,0.074,7.587,-8.831,-0.00988,0.12,-0.12,0.0,0.0,0.0,0.0,1.0
206327.0,-0.0878,1.6543,-1.5234,0.028,-0.19,-0.174,-0.004,0.001,0.018,0.074,7.581,-8.824,-0.01154,0.12,-0.12,0.0,0.0,0.0,0.0,1.0
206335.0,-0.089,1.6518,-1.5196,0.239,0.151,-0.092,-0.004,-0.006,0.014,0.074,7.575,-8.817,-0.01185,0.12,-0.12,0.0,0.0,0.0,0.0,1.0
206343.0,-0.0885,1.6491,-1.5175,-0.066,-0.028,0.075,0.0,0.002,-0.0,0.074,7.569,-8.81,-0.01615,0.12,-0.12,0.0,0.0,0.0,0.0,1.0
206350.0,-0.0882,1.6489,-1.5176,-0.144,0.246,0.091,0.008,0.009,-0.018,0.074,7.563,-8.803,-0.01864,0.12,-0.12,0.0,0.0,0.0,0.0,1.0
206358.0,-0.0851,1.6479,-1.5198,0.105,0.035,0.052,-0.011,0.004,-0.022,0.074,7.557,-8.796,-0.01459,0.12,-0.12,0.0,0.0,0.0,0.0,1.0
206366.0,-0.0847,1.6478,-1.52,-0.05,0.127,-0.201,-0.004,0.011,-0.023,0.074,7.55,-8.789,-0.01457,0.12,-0.12,0.0,0.0,0.0,0.0,1.0
206374.0,-0.0839,1.6487,-1.5217,0.006,0.344,-0.157,-0.012,0.013,-0.028,0.074,7.544,-8.782,-0.01695,0.12,-0.12,0.0,0.0,0.0,0.0,1.0
206382.0,-0.0818,1.6499,-1.525,0.099,0.009,-0.233,-0.009,0.007,-0.02,0.074,7.538,-8.775,-0.01093,0.12,-0.12,0.0,0.0,0.0,0.0,1.0
206389.0,-0.0826,1.6498,-1.5241,0.079,-0.13,-0.285,-0.01,-0.006,-0.023,0.074,7.532,-8.768,-0.00979,0.12,-0.12,0.0,0.0,0.0,0.0,1.0
206397.0,-0.0834,1.6506,-1.5241,-0.021,-0.08,-0.235,-0.005,-0.01,0.0,0.074,7.526,-8.761,-0.01194,0.12,-0.12,0.0,0.0,0.0,0.0,1.0
206405.0,-0.0823,1.649,-1.5236,-0.121,0.056,-0.271,0.01,-0.033,0.002,0.074,7.52,-8.754,-0.01168,0.12,-0.12,0.0,0.0,0.0,0.0,1.0
206412.0,-0.0838,1.6472,-1.5204,-0.171,-0.049,-0.117,0.013,-0.02,0.025,0.073,7.514,-8.747,-0.01312,0.12,-0.12,0.0,0.0,0.0,0.0,1.0
206420.0,-0.0828,1.647,-1.5212,-0.241,-0.206,-0.101,0.044,-0.027,0.038,0.073,7.508,-8.74,-0.00935,0.12,-0.12,0.0,0.0,0.0,0.0,1.0
206428.0,-0.0842,1.6482,-1.5209,-0.2,0.071,0.004,0.033,-0.003,0.031,0.073,7.502,-8.733,-0.01337,0.12,-0.12,0.0,0.0,0.0,0.0,1.0
206436.0,-0.0846,1.6503,-1.5225,0.055,0.016,0.121,0.032,0.006,0.021,0.073,7.496,-8.726,-0.00975,0.12,-0.12,0.0,0.0,0.0,0.0,1.0
206443.0,-0.0831,1.6504,-1.5242,-0.05,-0.046,-0.029,0.016,0.007,0.008,0.073,7.49,-8.719,-0.01137,0.12,-0.12,0.0,0.0,0.0,0.0,1.0
206451.0,-0.0828,1.6515,-1.5256,-0.029,0.136,-0.02,0.009,0.027,-0.008,0.073,7.484,-8.712,-0.01372,0.12,-0.12,0.0,0.0,0.0,0.0,1.0
206459.0,-0.0844,1.654,-1.5264,-0.065,0.057,-0.012,-0.004,0.039,-0.022,0.073,7.478,-8.705,-0.01607,0.12,-0.12,0.0,0.0,0.0,0.0,1.0
206467.0,-0.0825,1.6555,-1.5297,0.027,0.31,0.067,-0.023,0.025,-0.024,0.073,7.472,-8.698,-0.0197,0.12,-0.12,0.0,0.0,0.0,0.0,1.0
206474.0,-0.0872,1.6613,-1.5307,-0.115,0.212,-0.117,-0.024,0.02,-0.026,0.073,7.466,-8.691,-0.02064,0.12,-0.12,0.0,0.0,0.0,0.0,1.0
206482.0,-0.0896,1.6645,-1.5313,-0.129,0.23,-0.013,-0.026,0.02,-0.01,0.073,7.46,-8.684,-0.02281,0.12,-0.12,0.0,0.0,0.0,0.0,1.0
206490.0,-0.0931,1.6645,-1.5279,-0.165,0.28,-0.134,-0.029,0.008,-0.007,0.073,7.455,-8.677,-0.02382,0.12,-0.12,0.0,0.0,0.0,0.0,1.0
206498.0,-0.0921,1.6618,-1.5263,0.055,0.017,0.12,-0.014,0.0,0.003,0.073,7.449,-8.67,-0.01793,0.12,-0.12,0.0,0.0,0.0,0.0,1.0
206506.0,-0.0924,1.6594,-1.5236,-0.312,-0.276,-0.171,-0.011,-0.012,0.012,0.073,7.443,-8.663,-0.01859,0.12,-0.12,0.0,0.0,0.0,0.0,1.0
206513.0,-0.0911,1.654,-1.5197,-0.276,-0.37,-0.006,-0.01,-0.025,0.013,0.073,7.437,-8.656,-0.01824,0.12,-0.12,0.0,0.0,0.0,0.0,1.0
206521.0,-0.089,1.6523,-1.5201,-0.162,-0.437,-0.16,0.001,-0.048,0.02,0.073,7.431,-8.65,-0.01201,0.12,-0.12,0.0,0.0,0.0,0.0,1.0
206529.0,-0.0887,1.652,-1.5202,-0.332,-0.587,-0.051,0.02,-0.037,0.012,0.073,7.425,-8.643,-0.0116,0.12,-0.12,0.0,0.0,0.0,0.0,1.0
206537.0,-0.0868,1.6505,-1.5206,-0.183,-0.575,-0.213,0.031,-0.027,0.014,0.073,7.419,-8.636,-0.00602,0.12,-0.12,0.0,0.0,0.0,0.0,1.0
206544.0,-0.0845,1.6491,-1.5215,-0.126,-0.531,0.004,0.038,-0.016,-0.004,0.073,7.413,-8.629,-0.00625,0.12,-0.12,0.0,0.0,0.0,0.0,1.0
206552.0,-0.0837,1.6481,-1.5213,-0.006,-0.399,-0.037,0.038,-0.01,-0.013,0.072,7.407,-8.622,-0.00469,0.12,-0.12,0.0,0.0,0.0,0.0,1.0
206560.0,-0.0886,1.6529,-1.5212,0.134,-0.085,-0.068,0.03,0.028,-0.021,0.072,7.401,-8.615,-0.00674,0.12,-0.12,0.0,0.0,0.0,0.0,1.0
206567.0,-0.0928,1.6584,-1.5223,0.318,0.092,-0.323,0.019,0.024,-0.025,0.072,7.395,-8.608,-0.00509,0.12,-0.12,0.0,0.0,0.0,0.0,1.0
206575.0,-0.0943,1.6628,-1.5251,0.139,0.331,-0.172,0.008,0.04,-0.02,0.072,7.389,-8.601,-0.01355,0.12,-0.12,0.0,0.0,0.0,0.0,1.0
206583.0,-0.0981,1.6659,-1.5242,-0.081,0.292,-0.124,-0.006,0.039,-0.018,0.072,7.383,-8.594,-0.02041,0.12,-0.12,0.0,0.0,0.0,0.0,1.0
206591.0,-0.1004,1.6679,-1.5239,0.153,0.4,-0.36,-0.025,0.053,-0.021,0.072,7.377,-8.588,-0.01856,0.12,-0.12,0.0,0.0,0.0,0.0,1.0
206598.0,-0.0998,1.6664,-1.523,0.144,0.443,0.028,-0.032,0.04,-0.01,0.072,7.372,-8.581,-0.02326,0.12,-0.12,0.0,0.0,0.0,0.0,1.0
206606.0,-0.101,1.6633,-1.5189,-0.138,0.117,-0.21,-0.037,0.019,0.0,0.072,7.366,-8.574,-0.02382,0.12,-0.12,0.0,0.0,0.0,0.0,1.0
206614.0,-0.0963,1.6563,-1.5167,-0.172,-0.178,0.014,-0.034,-0.01,0.004,0.072,7.36,-8.567,-0.0225,0.12,-0.12,0.0,0.0,0.0,0.0,1.0
206622.0,-0.0916,1.6504,-1.5158,-0.128,-0.445,-0.08,-0.013,0.0,0.019,0.072,7.354,-8.56,-0.01502,0.12,-0.12,0.0,0.0,0.0,0.0,1.0
206630.0,-0.0863,1.6455,-1.5162,0.092,-0.407,-0.128,0.002,-0.028,0.017,0.072,7.348,-8.553,-0.00761,0.12,-0.12,0.0,0.0,0.0,0.0,1.0
206637.0,-0.0796,1.6418,-1.5193,0.228,-0.551,-0.013,-0.002,-0.044,0.031,0.072,7.342,-8.546,-0.00441,0.12,-0.12,0.0,0.0,0.0,0.0,1.0
206645.0,-0.0774,1.6392,-1.5189,0.108,-0.553,-0.102,0.017,-0.043,0.023,0.072,7.336,-8.54,-0.00211,0.12,-0.12,0.0,0.0,0.0,0.0,1.0
206653.0,-0.0756,1.6398,-1.5213,-0.007,-0.27,-0.165,0.026,-0.059,0.017,0.072,7.33,-8.533,-0.00424,0.12,-0.12,0.0,0.0,0.0,0.0,1.0
206661.0,-0.0808,1.6449,-1.5212,0.154,-0.033,0.071,0.033,-0.054,0.023,0.072,7.324,-8.526,-0.00597,0.12,-0.12,0.0,0.0,0.0,0.0,1.0
206668.0,-0.083,1.6505,-1.5243,0.054,-0.069,0.207,0.011,-0.046,0.006,0.072,7.318,-8.519,-0.01199,0.12,-0.12,0.0,0.0,0.0,0.0,1.0
206676.0,-0.0847,1.6534,-1.5255,0.18,0.391,0.149,0.025,-0.02,-0.008,0.072,7.313,-8.512,-0.01159,0.12,-0.12,0.0,0.0,0.0,0.0,1.0
206684.0,-0.0837,1.6536,-1.5267,-0.06,0.214,0.144,0.016,0.024,-0.02,0.072,7.307,-8.505,-0.01539,0.12,-0.12,0.0,0.0,0.0,0.0,1.0
206691.0,-0.0812,1.654,-1.5296,-0.024,0.379,0.05,0.011,0.053,-0.034,0.071,7.301,-8.499,-0.01562,0.12,-0.12,0.0,0.0,0.0,0.0,1.0
206699.0,-0.0748,1.6507,-1.5327,0.176,0.192,0.036,0.002,0.057,-0.016,0.071,7.295,-8.492,-0.01081,0.12,-0.12,0.0,0.0,0.0,0.0,1.0
206707.0,-0.077,1.6509,-1.5307,-0.065,0.101,-0.055,-0.009,0.074,-0.011,0.071,7.289,-8.485,-0.01555,0.12,-0.12,0.0,0.0,0.0,0.0,1.0
206715.0,-0.0777,1.6477,-1.5269,-0.37,0.094,-0.061,-0.004,0.044,-0.003,0.071,7.284,-8.478,-0.01981,0.12,-0.12,0.0,0.0,0.0,0.0,1.0
206722.0,-0.0763,1.6445,-1.5252,-0.305,-0.078,-0.059,-0.004,0.05,-0.004,0.071,7.278,-8.472,-0.01712,0.12,-0.12,0.0,0.0,0.0,0.0,1.0
206730.0,-0.076,1.6404,-1.5215,-0.525,-0.203,0.075,-0.016,0.016,0.007,0.071,7.272,-8.465,-0.02267,0.12,-0.12,0.0,0.0,0.0,0.0,1.0
206738.0,-0.0731,1.6321,-1.5164,-0.064,-0.16,0.205,-0.017,-0.01,0.017,0.071,7.266,-8.458,-0.01579,0.12,-0.12,0.0,0.0,0.0,0.0,1.0
206746.0,-0.0736,1.6285,-1.5124,0.086,-0.365,0.26,-0.015,-0.037,0.01,0.071,7.26,-8.451,-0.01154,0.12,-0.12,0.0,0.0,0.0,0.0,1.0
206754.0,-0.0747,1.6281,-1.5109,-0.319,-0.235,0.218,-0.021,-0.062,0.007,0.071,7.254,-8.444,-0.02015,0.12,-0.12,0.0,0.0,0.0,0.0,1.0
206761.0,-0.0743,1.6248,-1.5081,-0.035,-0.281,0.085,-0.007,-0.056,0.023,0.071,7.249,-8.438,-0.01173,0.12,-0.12,0.0,0.0,0.0,0.0,1.0
206769.0,-0.0719,1.6269,-1.5125,-0.034,-0.108,-0.088,-0.004,-0.051,0.002,0.071,7.243,-8.431,-0.01047,0.12,-0.12,0.0,0.0,0.0,0.0,1.0
206777.0,-0.0722,1.6274,-1.5126,0.065,-0.115,-0.181,0.013,-0.027,-0.004,0.071,7.237,-8.424,-0.0054,0.12,-0.12,0.0,0.0,0.0,0.0,1.0
206785.0,-0.0745,1.6306,-1.5135,0.036,-0.124,0.069,0.008,-0.019,-0.013,0.071,7.231,-8.417,-0.00933,0.12,-0.12,0.0,0.0,0.0,0.0,1.0
206793.0,-0.0782,1.636,-1.515,-0.121,-0.031,-0.185,0.029,0.002,-0.02,0.071,7.225,-8.411,-0.00832,0.12,-0.12,0.0,0.0,0.0,0.0,1.0
206800.0,-0.0844,1.6409,-1.5137,0.113,-0.181,-0.163,0.014,0.015,-0.026,0.071,7.22,-8.404,-0.00657,0.12,-0.12,0.0,0.0,0.0,0.0,1.0
206808.0,-0.0861,1.6425,-1.5135,-0.001,0.015,-0.139,0.007,0.026,-0.032,0.071,7.214,-8.397,-0.01193,0.12,-0.12,0.0,0.0,0.0,0.0,1.0
206816.0,-0.0861,1.6443,-1.5152,0.26,0.245,0.004,0.011,0.028,-0.021,0.071,7.208,-8.391,-0.01023,0.12,-0.12,0.0,0.0,0.0,0.0,1.0
206824.0,-0.0868,1.6474,-1.5176,0.339,0.23,-0.27,0.005,0.014,-0.014,0.071,7.202,-8.384,-0.00718,0.12,-0.12,0.0,0.0,0.0,0.0,1.0
206831.0,-0.0835,1.6468,-1.5203,0.119,0.061,-0.093,0.001,0.027,-0.003,0.07,7.197,-8.377,-0.01132,0.12,-0.12,0.0,0.0,0.0,0.0,1.0
206839.0,-0.0826,1.6451,-1.5196,0.275,0.228,-0.099,-0.015,0.029,0.003,0.07,7.191,-8.371,-0.01235,0.12,-0.12,0.0,0.0,0.0,0.0,1.0
206847.0,-0.08,1.6418,-1.5189,0.439,-0.037,-0.104,-0.004,0.034,0.005,0.07,7.185,-8.364,-0.00511,0.12,-0.12,0.0,0.0,0.0,0.0,1.0
206855.0,-0.0731,1.6381,-1.5223,0.504,0.007,-0.318,-0.015,-0.01,0.016,0.07,7.179,-8.357,-0.00243,0.12,-0.12,0.0,0.0,0.0,0.0,1.0
206862.0,-0.0696,1.6366,-1.5242,0.178,-0.138,-0.377,-0.013,-0.003,0.012,0.07,7.174,-8.35,-0.00523,0.12,-0.12,0.0,0.0,0.0,0.0,1.0
206870.0,-0.0677,1.6401,-1.5296,-0.162,-0.178,-0.418,-0.014,-0.02,0.015,0.07,7.168,-8.344,-0.00998,0.12,-0.12,0.0,0.0,0.0,0.0,1.0
206878.0,-0.0651,1.638,-1.5301,-0.071,-0.099,-0.166,-0.008,-0.014,0.018,0.07,7.162,-8.337,-0.01004,0.12,-0.12,0.0,0.0,0.0,0.0,1.0
206885.0,-0.0654,1.6374,-1.5293,-0.127,-0.23,-0.297,0.001,-0.023,0.004,0.07,7.156,-8.33,-0.00711,0.12,-0.12,0.0,0.0,0.0,0.0,1.0
206894.0,-0.0636,1.636,-1.5297,-0.176,-0.291,-0.186,0.002,-0.028,-0.001,0.07,7.151,-8.324,-0.00793,0.12,-0.12,0.0,0.0,0.0,0.0,1.0
206901.0,-0.0616,1.6358,-1.5315,-0.071,-0.272,0.006,0.021,-0.02,-0.012,0.07,7.145,-8.317,-0.00472,0.12,-0.12,0.0,0.0,0.0,0.0,1.0
206909.0,-0.056,1.6346,-1.5359,0.086,-0.105,-0.0,0.006,-0.019,-0.024,0.07,7.139,-8.31,-0.00447,0.12,-0.12,0.0,0.0,0.0,0.0,1.0
206917.0,-0.0534,1.6367,-1.5406,0.2,-0.171,-0.154,0.013,0.024,-0.022,0.07,7.134,-8.304,0.00089,0.12,-0.12,0.0,0.0,0.0,0.0,1.0
206925.0,-0.0508,1.6397,-1.5461,0.241,0.193,-0.136,-0.002,0.018,-0.018,0.07,7.128,-8.297,-0.0036,0.12,-0.12,0.0,0.0,0.0,0.0,1.0
206932.0,-0.0534,1.6414,-1.5451,0.226,0.124,0.054,-0.01,0.025,-0.012,0.07,7.122,-8.291,-0.00681,0.12,-0.12,0.0,0.0,0.0,0.0,1.0
206940.0,-0.0555,1.6426,-1.5442,-0.058,0.342,0.014,-0.005,0.022,0.002,0.07,7.117,-8.284,-0.01284,0.12,-0.12,0.0,0.0,0.0,0.0,1.0
206948.0,-0.06,1.6479,-1.5449,-0.038,0.309,0.239,-0.011,0.034,0.004,0.07,7.111,-8.277,-0.01629,0.12,-0.12,0.0,0.0,0.0,0.0,1.0
206955.0,-0.0608,1.6444,-1.5406,-0.179,0.21,0.055,-0.017,0.024,0.019,0.07,7.105,-8.271,-0.01723,0.12,-0.12,0.0,0.0,0.0,0.0,1.0
206963.0,-0.0609,1.6415,-1.5377,-0.293,0.19,0.295,-0.004,0.013,0.034,0.069,7.1,-8.264,-0.01928,0.12,-0.12,0.0,0.0,0.0,0.0,1.0
206971.0,-0.0594,1.6398,-1.5377,-0.228,0.234,0.08,-0.0,0.017,0.013,0.069,7.094,-8.257,-0.01551,0.12,-0.12,0.0,0.0,0.0,0.0,1.0
206979.0,-0.0593,1.6386,-1.5365,-0.142,0.201,0.134,0.018,0.003,0.026,0.069,7.088,-8.251,-0.01148,0.12,-0.12,0.0,0.0,0.0,0.0,1.0
206986.0,-0.0581,1.6364,-1.5356,-0.248,0.095,0.028,0.013,-0.026,0.023,0.069,7.083,-8.244,-0.01162,0.12,-0.12,0.0,0.0,0.0,0.0,1.0
206994.0,-0.0582,1.6309,-1.5301,-0.169,-0.137,-0.03,-0.004,-0.027,0.021,0.069,7.077,-8.238,-0.01043,0.12,-0.12,0.0,0.0,0.0,0.0,1.0
207002.0,-0.0593,1.6294,-1.5275,0.001,-0.074,-0.053,0.008,-0.02,0.017,0.069,7.071,-8.231,-0.00621,0.12,-0.12,0.0,0.0,0.0,0.0,1.0
207009.0,-0.0627,1.6318,-1.5265,-0.078,0.029,0.136,0.004,-0.035,-0.007,0.069,7.065,-8.224,-0.01132,0.12,-0.12,0.0,0.0,0.0,0.0,1.0
207017.0,-0.0682,1.6356,-1.5246,-0.193,0.096,0.289,0.001,-0.032,-0.002,0.069,7.06,-8.218,-0.01685,0.12,-0.12,0.0,0.0,0.0,0.0,1.0
207025.0,-0.0729,1.6404,-1.5246,0.047,0.231,0.337,-0.004,-0.012,-0.021,0.069,7.054,-8.211,-0.01607,0.12,-0.12,0.0,0.0,0.0,0.0,1.0
207033.0,-0.0773,1.6479,-1.5276,0.217,0.468,0.141,-0.016,-0.017,-0.031,0.069,7.049,-8.205,-0.01611,0.12,-0.12,0.0,0.0,0.0,0.0,1.0
207040.0,-0.0799,1.654,-1.5309,0.302,0.609,0.022,-0.018,-0.001,-0.037,0.069,7.043,-8.198,-0.01575,0.12,-0.12,0.0,0.0,0.0,0.0,1.0
207048.0,-0.081,1.6569,-1.5326,0.275,0.401,-0.272,-0.016,0.012,-0.029,0.069,7.037,-8.192,-0.0118,0.12,-0.12,0.0,0.0,0.0,0.0,1.0
207056.0,-0.0845,1.6617,-1.5337,0.225,0.426,-0.247,-0.025,0.017,-0.032,0.069,7.032,-8.185,-0.01503,0.12,-0.12,0.0,0.0,0.0,0.0,1.0
207063.0,-0.0853,1.6607,-1.532,0.133,0.044,-0.196,-0.001,0.038,-0.01,0.069,7.026,-8.179,-0.01069,0.12,-0.12,0.0,0.0,0.0,0.0,1.0
207071.0,-0.0861,1.6607,-1.5312,0.403,-0.028,-0.182,0.014,0.024,-0.007,0.069,7.02,-8.172,-0.00323,0.12,-0.12,0.0,0.0,0.0,0.0,1.0
207079.0,-0.0867,1.6619,-1.5318,0.083,0.112,-0.214,0.018,0.027,0.008,0.069,7.015,-8.166,-0.00937,0.12,-0.12,0.0,0.0,0.0,0.0,1.0
207087.0,-0.084,1.6611,-1.5337,-0.043,-0.219,-0.286,0.02,0.011,0.018,0.069,7.009,-8.159,-0.00703,0.12,-0.12,0.0,0.0,0.0,0.0,1.0
207094.0,-0.0813,1.6585,-1.5338,-0.043,-0.348,-0.156,0.035,0.012,0.026,0.069,7.004,-8.152,-0.00489,0.12,-0.12,0.0,0.0,0.0,0.0,1.0
207102.0,-0.0791,1.6582,-1.5357,0.106,-0.423,-0.231,0.027,-0.009,0.037,0.069,6.998,-8.146,-0.00136,0.12,-0.12,0.0,0.0,0.0,0.0,1.0
207110.0,-0.0765,1.6591,-1.5392,0.602,-0.214,-0.196,0.004,-0.015,0.031,0.068,6.992,-8.139,0.00228,0.12,-0.12,0.0,0.0,0.0,0.0,1.0
207118.0,-0.0728,1.6591,-1.5429,0.368,-0.192,-0.088,-0.012,-0.029,0.001,0.068,6.987,-8.133,-0.00444,0.12,-0.12,0.0,0.0,0.0,0.0,1.0
207125.0,-0.069,1.6585,-1.5461,0.467,-0.156,-0.225,-0.017,-0.045,0.01,0.068,6.981,-8.126,-0.00175,0.12,-0.12,0.0,0.0,0.0,0.0,1.0
207133.0,-0.0687,1.6591,-1.5471,0.473,0.129,-0.198,-0.034,-0.032,-0.003,0.068,6.976,-8.12,-0.00632,0.12,-0.12,0.0,0.0,0.0,0.0,1.0
207141.0,-0.0656,1.6618,-1.5528,0.239,0.237,-0.178,-0.046,-0.031,-0.017,0.068,6.97,-8.113,-0.01177,0.12,-0.12,0.0,0.0,0.0,0.0,1.0
207149.0,-0.061,1.6603,-1.5559,0.034,0.052,-0.104,-0.022,-0.023,-0.015,0.068,6.964,-8.107,-0.01102,0.12,-0.12,0.0,0.0,0.0,0.0,1.0
207156.0,-0.0542,1.657,-1.5595,0.275,0.142,-0.013,-0.024,-0.005,-0.005,0.068,6.959,-8.1,-0.00751,0.12,-0.12,0.0,0.0,0.0,0.0,1.0
207164.0,-0.0463,1.6523,-1.5628,0.15,0.027,-0.301,-0.013,0.004,-0.013,0.068,6.953,-8.094,-0.00285,0.12,-0.12,0.0,0.0,0.0,0.0,1.0
207172.0,-0.0406,1.6489,-1.5653,0.044,-0.123,-0.364,-0.003,0.022,-0.009,0.068,6.948,-8.088,-0.00016,0.12,-0.12,0.0,0.0,0.0,0.0,1.0
207180.0,-0.0345,1.6459,-1.5685,-0.105,-0.091,-0.246,0.021,0.03,0.001,0.068,6.942,-8.081,0.00077,0.12,-0.12,0.0,0.0,0.0,0.0,1.0
207188.0,-0.0346,1.646,-1.5684,-0.231,-0.292,-0.447,0.03,0.027,0.006,0.068,6.937,-8.075,0.00325,0.12,-0.12,0.0,0.0,0.0,0.0,1.0
207195.0,-0.0348,1.645,-1.5673,-0.275,-0.198,-0.18,0.021,0.019,0.004,0.068,6.931,-8.068,-0.00183,0.12,-0.12,0.0,0.0,0.0,0.0,1.0
207203.0,-0.0367,1.6458,-1.5662,-0.175,-0.291,-0.187,0.031,0.029,0.001,0.068,6.926,-8.062,0.00144,0.12,-0.12,0.0,0.0,0.0,0.0,1.0
207211.0,-0.042,1.6516,-1.5664,-0.249,0.053,0.071,0.018,0.011,-0.004,0.068,6.92,-8.055,-0.00769,0.12,-0.12,0.0,0.0,0.0,0.0,1.0
207219.0,-0.0429,1.6557,-1.5696,-0.369,0.095,-0.061,0.016,-0.002,0.002,0.068,6.915,-8.049,-0.00934,0.12,-0.12,0.0,0.0,0.0,0.0,1.0
207226.0,-0.0426,1.6579,-1.572,-0.029,0.222,-0.107,0.008,-0.013,0.013,0.068,6.909,-8.042,-0.00534,0.12,-0.12,0.0,0.0,0.0,0.0,1.0
207234.0,-0.0435,1.6613,-1.5745,-0.023,0.421,0.006,-0.025,-0.01,-0.007,0.068,6.903,-8.036,-0.01298,0.12,-0.12,0.0,0.0,0.0,0.0,1.0
207242.0,-0.0492,1.6661,-1.5734,0.147,0.27,0.199,-0.034,0.001,0.002,0.067,6.898,-8.03,-0.01292,0.12,-0.12,0.0,0.0,0.0,0.0,1.0
207250.0,-0.0536,1.6656,-1.5684,-0.123,0.299,0.229,-0.034,-0.012,-0.006,0.067,6.892,-8.023,-0.01882,0.12,-0.12,0.0,0.0,0.0,0.0,1.0
207258.0,-0.0592,1.6685,-1.5657,-0.23,0.107,0.21,-0.008,-0.005,0.004,0.067,6.887,-8.017,-0.01655,0.12,-0.12,0.0,0.0,0.0,0.0,1.0
207266.0,-0.0618,1.6679,-1.5625,-0.315,-0.076,0.372,0.005,0.02,0.004,0.067,6.881,-8.01,-0.01665,0.12,-0.12,0.0,0.0,0.0,0.0,1.0
207274.0,-0.0604,1.6664,-1.5625,-0.37,-0.207,0.241,0.009,0.032,0.005,0.067,6.876,-8.004,-0.01434,0.12,-0.12,0.0,0.0,0.0,0.0,1.0
207281.0,-0.0639,1.6663,-1.5589,-0.321,-0.275,0.259,0.031,0.03,0.004,0.067,6.87,-7.997,-0.01078,0.12,-0.12,0.0,0.0,0.0,0.0,1.0
207289.0,-0.0654,1.663,-1.5541,-0.221,-0.238,0.124,0.023,0.009,0.014,0.067,6.865,-7.991,-0.00947,0.12,-0.12,0.0,0.0,0.0,0.0,1.0
207297.0,-0.0673,1.6638,-1.553,-0.277,-0.326,-0.05,0.037,0.0,0.007,0.067,6.86,-7.985,-0.00674,0.12,-0.12,0.0,0.0,0.0,0.0,1.0
207304.0,-0.068,1.6614,-1.55,-0.157,-0.367,0.082,0.018,0.01,0.014,0.067,6.854,-7.978,-0.00808,0.12,-0.12,0.0,0.0,0.0,0.0,1.0
207312.0,-0.0702,1.6602,-1.5466,0.033,-0.078,0.026,-0.002,-0.019,0.005,0.067,6.849,-7.972,-0.01005,0.12,-0.12,0.0,0.0,0.0,0.0,1.0
207320.0,-0.072,1.6574,-1.5421,-0.143,-0.341,-0.064,-0.015,-0.031,0.002,0.067,6.843,-7.966,-0.01239,0.12,-0.12,0.0,0.0,0.0,0.0,1.0
207328.0,-0.0744,1.6553,-1.5377,-0.258,-0.231,0.047,-0.032,-0.014,0.012,0.067,6.838,-7.959,-0.01911,0.12,-0.12,0.0,0.0,0.0,0.0,1.0
207335.0,-0.0775,1.6529,-1.5322,-0.167,0.064,0.084,-0.03,-0.016,-0.007,0.067,6.832,-7.953,-0.02065,0.12,-0.12,0.0,0.0,0.0,0.0,1.0
207343.0,-0.0787,1.6516,-1.5297,-0.088,-0.081,-0.061,-0.023,-0.013,-0.025,0.067,6.827,-7.946,-0.01605,0.12,-0.12,0.0,0.0,0.0,0.0,1.0
207351.0,-0.0766,1.6492,-1.5295,-0.243,-0.162,-0.142,-0.019,0.007,-0.013,0.067,6.821,-7.94,-0.01649,0.12,-0.12,0.0,0.0,0.0,0.0,1.0
207359.0,-0.0736,1.6481,-1.5314,-0.023,-0.21,-0.103,-0.023,0.011,-0.009,0.067,6.816,-7.934,-0.01266,0.12,-0.12,0.0,0.0,0.0,0.0,1.0
207366.0,-0.0713,1.6484,-1.5341,-0.093,-0.151,-0.304,0.003,0.003,-0.026,0.067,6.81,-7.927,-0.00801,0.12,-0.12,0.0,0.0,0.0,0.0,1.0
207375.0,-0.0687,1.6525,-1.5406,-0.143,-0.082,-0.323,-0.007,0.007,-0.023,0.067,6.805,-7.921,-0.01039,0.12,-0.12,0.0,0.0,0.0,0.0,1.0
207383.0,-0.0696,1.6558,-1.5429,0.033,0.181,-0.233,0.004,-0.001,-0.02,0.066,6.799,-7.915,-0.00883,0.12,-0.12,0.0,0.0,0.0,0.0,1.0
207391.0,-0.0704,1.6624,-1.5486,0.039,0.466,-0.207,0.006,0.021,-0.015,0.066,6.794,-7.908,-0.01144,0.12,-0.12,0.0,0.0,0.0,0.0,1.0
207399.0,-0.0721,1.6632,-1.5476,0.054,0.104,0.035,0.011,0.009,-0.01,0.066,6.789,-7.902,-0.0098,0.12,-0.12,0.0,0.0,0.0,0.0,1.0
207406.0,-0.0729,1.6613,-1.545,-0.031,0.18,-0.062,0.009,0.004,-0.001,0.066,6.783,-7.896,-0.0115,0.12,-0.12,0.0,0.0,0.0,0.0,1.0
207414.0,-0.0714,1.6621,-1.5472,0.309,0.264,-0.064,0.012,0.022,0.011,0.066,6.778,-7.89,-0.00584,0.12,-0.12,0.0,0.0,0.0,0.0,1.0
207422.0,-0.0685,1.6588,-1.5469,0.034,0.137,-0.19,0.012,-0.005,0.023,0.066,6.772,-7.883,-0.00767,0.12,-0.12,0.0,0.0,0.0,0.0,1.0
207429.0,-0.0648,1.6572,-1.5491,0.459,0.103,-0.052,0.001,0.012,0.009,0.066,6.767,-7.877,-0.00224,0.12,-0.12,0.0,0.0,0.0,0.0,1.0
207437.0,-0.062,1.6548,-1.5496,0.403,-0.158,-0.053,0.006,0.007,0.036,0.066,6.761,-7.871,0.00028,0.12,-0.12,0.0,0.0,0.0,0.0,1.0
207445.0,-0.0645,1.6561,-1.5483,0.098,-0.25,0.027,-0.009,0.017,0.029,0.066,6.756,-7.864,-0.00784,0.12,-0.12,0.0,0.0,0.0,0.0,1.0
207452.0,-0.0666,1.6548,-1.545,0.054,0.017,0.122,-0.016,-0.002,0.035,0.066,6.751,-7.858,-0.01313,0.12,-0.12,0.0,0.0,0.0,0.0,1.0
207460.0,-0.0679,1.6556,-1.5444,0.139,-0.059,0.218,-0.027,0.007,0.032,0.066,6.745,-7.852,-0.01377,0.12,-0.12,0.0,0.0,0.0,0.0,1.0
207468.0,-0.0705,1.6583,-1.5445,-0.167,0.108,0.04,-0.005,-0.012,0.016,0.066,6.74,-7.845,-0.01589,0.12,-0.12,0.0,0.0,0.0,0.0,1.0
207475.0,-0.0736,1.664,-1.5469,-0.146,0.333,0.005,-0.013,-0.004,-0.006,0.066,6.734,-7.839,-0.01893,0.12,-0.12,0.0,0.0,0.0,0.0,1.0
207483.0,-0.0714,1.6674,-1.5525,-0.089,0.593,0.006,-0.004,-0.036,0.0,0.066,6.729,-7.833,-0.01825,0.12,-0.12,0.0,0.0,0.0,0.0,1.0
207491.0,-0.0688,1.668,-1.5556,-0.066,0.274,-0.227,0.005,-0.021,-0.021,0.066,6.724,-7.827,-0.01096,0.12,-0.12,0.0,0.0,0.0,0.0,1.0
207499.0,-0.067,1.6678,-1.5572,0.333,-0.012,-0.34,0.006,-0.005,-0.034,0.066,6.718,-7.82,-0.00018,0.12,-0.12,0.0,0.0,0.0,0.0,1.0
207506.0,-0.0678,1.6671,-1.5557,0.148,0.028,-0.3,0.009,0.003,-0.029,0.066,6.713,-7.814,-0.00378,0.12,-0.12,0.0,0.0,0.0,0.0,1.0
207514.0,-0.0662,1.6661,-1.5564,0.021,-0.26,-0.415,0.014,0.008,-0.028,0.066,6.708,-7.808,-0.00131,0.12,-0.12,0.0,0.0,0.0,0.0,1.0
207522.0,-0.0682,1.6659,-1.5542,-0.093,-0.236,-0.218,0.014,0.002,-0.029,0.066,6.702,-7.802,-0.00568,0.12,-0.12,0.0,0.0,0.0,0.0,1.0
207529.0,-0.074,1.6674,-1.5499,-0.109,-0.305,-0.028,0.008,0.033,-0.04,0.065,6.697,-7.795,-0.00927,0.12,-0.12,0.0,0.0,0.0,0.0,1.0
207537.0,-0.0763,1.6695,-1.5496,-0.123,-0.288,0.075,0.017,0.028,-0.015,0.065,6.692,-7.789,-0.00992,0.12,-0.12,0.0,0.0,0.0,0.0,1.0
207545.0,-0.0735,1.6666,-1.5495,-0.249,-0.489,-0.126,0.021,0.056,-0.005,0.065,6.686,-7.783,-0.00757,0.12,-0.12,0.0,0.0,0.0,0.0,1.0
207553.0,-0.0761,1.6722,-1.5524,-0.244,-0.203,-0.101,0.021,0.028,0.018,0.065,6.681,-7.777,-0.0106,0.12,-0.12,0.0,0.0,0.0,0.0,1.0
207561.0,-0.0779,1.673,-1.5514,-0.358,-0.007,-0.077,0.007,0.031,0.032,0.065,6.676,-7.771,-0.01705,0.12,-0.12,0.0,0.0,0.0,0.0,1.0
207568.0,-0.0808,1.6738,-1.5493,-0.118,0.041,0.058,0.004,0.003,0.041,0.065,6.67,-7.764,-0.01555,0.12,-0.12,0.0,0.0,0.0,0.0,1.0
207576.0,-0.0782,1.6717,-1.5498,0.188,0.004,0.107,-0.003,0.016,0.025,0.065,6.665,-7.758,-0.01104,0.12,-0.12,0.0,0.0,0.0,0.0,1.0
207584.0,-0.0794,1.6676,-1.5446,0.032,-0.164,0.113,-0.004,-0.03,0.025,0.065,6.66,-7.752,-0.01251,0.12,-0.12,0.0,0.0,0.0,0.0,1.0
207591.0,-0.0795,1.6656,-1.5425,0.173,0.063,0.168,-0.015,-0.042,0.012,0.065,6.654,-7.746,-0.01402,0.12,-0.12,0.0,0.0,0.0,0.0,1.0
207599.0,-0.0786,1.6599,-1.5379,0.123,0.045,0.236,-0.013,-0.023,0.005,0.065,6.649,-7.739,-0.01492,0.12,-0.12,0.0,0.0,0.0,0.0,1.0
207607.0,-0.0744,1.6555,-1.5379,0.217,-0.032,-0.098,-0.006,-0.057,-0.004,0.065,6.643,-7.733,-0.00748,0.12,-0.12,0.0,0.0,0.0,0.0,1.0
207615.0,-0.0734,1.6542,-1.5376,0.317,-0.082,-0.148,-0.001,-0.048,-0.003,0.065,6.638,-7.727,-0.00395,0.12,-0.12,0.0,0.0,0.0,0.0,1.0
207623.0,-0.0705,1.6558,-1.542,0.325,-0.168,-0.493,0.005,-0.036,-0.005,0.065,6.633,-7.721,0.00154,0.12,-0.12,0.0,0.0,0.0,0.0,1.0
207630.0,-0.0705,1.6586,-1.5448,0.41,-0.114,-0.526,0.007,-0.003,-0.024,0.065,6.628,-7.715,0.00305,0.12,-0.12,0.0,0.0,0.0,0.0,1.0
207638.0,-0.0702,1.6589,-1.5454,0.453,-0.251,-0.75,0.005,0.004,-0.017,0.065,6.622,-7.709,0.0067,0.12,-0.12,0.0,0.0,0.0,0.0,1.0
207646.0,-0.0709,1.6646,-1.5502,0.189,0.02,-0.651,-0.003,0.022,-0.019,0.065,6.617,-7.702,-0.00243,0.12,-0.12,0.0,0.0,0.0,0.0,1.0
207653.0,-0.07,1.6662,-1.5527,0.069,-0.111,-0.611,-0.016,0.038,-0.009,0.065,6.612,-7.696,-0.00582,0.12,-0.12,0.0,0.0,0.0,0.0,1.0
207661.0,-0.0693,1.67,-1.5571,-0.172,-0.202,-0.702,-0.008,0.029,-0.016,0.065,6.606,-7.69,-0.0068,0.12,-0.12,0.0,0.0,0.0,0.0,1.0
207669.0,-0.0701,1.6762,-1.5623,-0.195,-0.012,-0.34,-0.004,0.036,-0.021,0.065,6.601,-7.684,-0.01171,0.12,-0.12,0.0,0.0,0.0,0.0,1.0
207676.0,-0.0726,1.6768,-1.5605,-0.345,0.063,-0.265,0.007,0.022,-0.013,0.064,6.596,-7.678,-0.01431,0.12,-0.12,0.0,0.0,0.0,0.0,1.0
207684.0,-0.0655,1.6715,-1.5624,-0.195,-0.013,-0.34,0.007,0.016,-0.001,0.064,6.591,-7.672,-0.00898,0.12,-0.12,0.0,0.0,0.0,0.0,1.0
207692.0,-0.0595,1.6667,-1.5637,-0.174,-0.134,-0.029,0.003,0.005,-0.004,0.064,6.585,-7.666,-0.00966,0.12,-0.12,0.0,0.0,0.0,0.0,1.0
207699.0,-0.0507,1.6613,-1.5672,0.027,-0.061,-0.302,0.004,-0.003,0.017,0.064,6.58,-7.659,-0.0026,0.12,-0.12,0.0,0.0,0.0,0.0,1.0
207707.0,-0.0463,1.6575,-1.5679,0.013,-0.088,-0.155,0.02,-0.009,0.02,0.064,6.575,-7.653,-0.00062,0.12,-0.12,0.0,0.0,0.0,0.0,1.0
207715.0,-0.0428,1.6543,-1.5683,-0.221,-0.196,0.081,0.011,-0.023,0.021,0.064,6.57,-7.647,-0.00636,0.12,-0.12,0.0,0.0,0.0,0.0,1.0
207723.0,-0.0406,1.6503,-1.5665,-0.001,-0.244,0.12,0.015,-0.027,0.012,0.064,6.564,-7.641,-0.00143,0.12,-0.12,0.0,0.0,0.0,0.0,1.0
207730.0,-0.0398,1.6501,-1.5672,-0.18,0.167,0.099,0.004,-0.031,0.019,0.064,6.559,-7.635,-0.00933,0.12,-0.12,0.0,0.0,0.0,0.0,1.0
207738.0,-0.0407,1.652,-1.5681,-0.25,0.097,0.029,-0.01,-0.048,0.005,0.064,6.554,-7.629,-0.01148,0.12,-0.12,0.0,0.0,0.0,0.0,1.0
207746.0,-0.0425,1.6566,-1.5708,-0.399,0.215,0.06,-0.002,-0.05,0.01,0.064,6.548,-7.623,-0.01444,0.12,-0.12,0.0,0.0,0.0,0.0,1.0
207753.0,-0.0415,1.6558,-1.571,-0.484,0.118,0.136,-0.008,-0.04,0.004,0.064,6.543,-7.617,-0.01646,0.12,-0.12,0.0,0.0,0.0,0.0,1.0
207761.0,-0.0422,1.6526,-1.5672,-0.475,-0.141,-0.037,-0.004,-0.023,-0.01,0.064,6.538,-7.611,-0.01217,0.12,-0.12,0.0,0.0,0.0,0.0,1.0
207769.0,-0.0418,1.6529,-1.5679,-0.39,-0.131,-0.026,0.006,-0.007,-0.016,0.064,6.533,-7.604,-0.00927,0.12,-0.12,0.0,0.0,0.0,0.0,1.0
207777.0,-0.0449,1.6524,-1.5644,-0.22,-0.154,0.038,-0.006,0.009,-0.026,0.064,6.527,-7.598,-0.00924,0.12,-0.12,0.0,0.0,0.0,0.0,1.0
207785.0,-0.0484,1.6548,-1.5632,-0.241,-0.292,-0.015,-0.015,0.033,-0.011,0.064,6.522,-7.592,-0.01039,0.12,-0.12,0.0,0.0,0.0,0.0,1.0
207793.0,-0.0516,1.6535,-1.5588,-0.086,-0.211,0.067,-0.001,0.032,-0.004,0.064,6.517,-7.586,-0.00756,0.12,-0.12,0.0,0.0,0.0,0.0,1.0
207800.0,-0.0577,1.6538,-1.5529,-0.35,-0.069,0.295,-0.001,0.037,0.008,0.064,6.512,-7.58,-0.01681,0.12,-0.12,0.0,0.0,0.0,0.0,1.0
207808.0,-0.0626,1.6551,-1.5492,-0.315,0.052,0.244,0.001,0.033,0.013,0.064,6.507,-7.574,-0.01748,0.12,-0.12,0.0,0.0,0.0,0.0,1.0
207816.0,-0.0666,1.6554,-1.5456,0.01,0.24,0.26,0.014,0.049,0.009,0.064,6.502,-7.568,-0.01256,0.12,-0.12,0.0,0.0,0.0,0.0,1.0
207823.0,-0.0685,1.6566,-1.5448,0.166,0.278,0.383,0.022,0.02,0.015,0.064,6.496,-7.562,-0.01045,0.12,-0.12,0.0,0.0,0.0,0.0,1.0
207831.0,-0.0684,1.6549,-1.5433,0.321,0.401,0.421,0.016,0.004,0.002,0.063,6.491,-7.556,-0.0098,0.12,-0.12,0.0,0.0,0.0,0.0,1.0
207839.0,-0.0678,1.6546,-1.5436,0.593,0.173,-0.152,0.008,-0.012,0.022,0.063,6.486,-7.55,0.00083,0.12,-0.12,0.0,0.0,0.0,0.0,1.0
207846.0,-0.0692,1.6575,-1.545,0.394,0.144,0.078,-0.018,-0.016,0.013,0.063,6.481,-7.544,-0.00859,0.12,-0.12,0.0,0.0,0.0,0.0,1.0
207854.0,-0.07,1.6557,-1.5425,0.387,0.031,-0.121,-0.007,-0.029,0.012,0.063,6.476,-7.538,-0.00436,0.12,-0.12,0.0,0.0,0.0,0.0,1.0
207862.0,-0.0699,1.6537,-1.5406,0.452,-0.226,-0.033,-0.004,-0.014,0.005,0.063,6.47,-7.532,-0.00154,0.12,-0.12,0.0,0.0,0.0,0.0,1.0
207870.0,-0.0727,1.6535,-1.5376,0.366,-0.15,-0.129,-0.009,-0.018,-0.002,0.063,6.465,-7.526,-0.00403,0.12,-0.12,0.0,0.0,0.0,0.0,1.0
207877.0,-0.0753,1.6564,-1.5378,0.174,-0.352,-0.159,-0.012,-0.007,-0.005,0.063,6.46,-7.52,-0.00633,0.12,-0.12,0.0,0.0,0.0,0.0,1.0
207885.0,-0.076,1.6555,-1.5363,0.245,-0.195,-0.174,0.003,-0.006,-0.008,0.063,6.455,-7.514,-0.00404,0.12,-0.12,0.0,0.0,0.0,0.0,1.0
207893.0,-0.0791,1.6615,-1.539,0.393,-0.096,-0.422,0.005,-0.014,-0.016,0.063,6.45,-7.508,-0.00029,0.12,-0.12,0.0,0.0,0.0,0.0,1.0
207900.0,-0.0769,1.6657,-1.5452,0.329,0.032,-0.38,-0.013,-0.003,-0.012,0.063,6.445,-7.502,-0.00536,0.12,-0.12,0.0,0.0,0.0,0.0,1.0
207908.0,-0.0735,1.6696,-1.5526,0.294,0.084,-0.502,-0.014,0.007,-0.017,0.063,6.439,-7.496,-0.00476,0.12,-0.12,0.0,0.0,0.0,0.0,1.0
207916.0,-0.0676,1.6707,-1.5595,0.464,0.148,-0.525,-0.014,0.013,-0.007,0.063,6.434,-7.49,-0.00107,0.12,-0.12,0.0,0.0,0.0,0.0,1.0
207924.0,-0.0657,1.6716,-1.5623,0.479,-0.128,-0.369,-0.011,0.037,-0.014,0.063,6.429,-7.484,0.00085,0.12,-0.12,0.0,0.0,0.0,0.0,1.0
207932.0,-0.0592,1.6669,-1.5641,0.5,-0.033,-0.274,-0.018,0.046,-0.018,0.063,6.424,-7.478,-0.00029,0.12,-0.12,0.0,0.0,0.0,0.0,1.0
207939.0,-0.0561,1.6635,-1.5639,0.442,0.121,0.053,-0.01,0.023,-0.006,0.063,6.419,-7.472,-0.00366,0.12,-0.12,0.0,0.0,0.0,0.0,1.0
207947.0,-0.0516,1.661,-1.566,0.336,-0.115,0.077,-0.008,0.02,-0.01,0.063,6.414,-7.466,-0.00231,0.12,-0.12,0.0,0.0,0.0,0.0,1.0
207955.0,-0.0471,1.6579,-1.5675,-0.068,-0.071,0.12,0.004,-0.009,-0.008,0.063,6.409,-7.46,-0.00709,0.12,-0.12,0.0,0.0,0.0,0.0,1.0
207963.0,-0.0412,1.6542,-1.5697,0.055,-0.311,-0.292,0.022,-0.022,0.002,0.063,6.404,-7.454,0.00478,0.12,-0.12,0.0,0.0,0.0,0.0,1.0
207970.0,-0.0329,1.651,-1.575,-0.037,-0.235,0.042,0.021,-0.011,0.009,0.063,6.398,-7.448,0.00105,0.12,-0.12,0.0,0.0,0.0,0.0,1.0
207978.0,-0.0269,1.6489,-1.5789,-0.008,-0.269,-0.165,0.048,-0.025,0.017,0.062,6.393,-7.442,0.00773,0.12,-0.12,0.0,0.0,0.0,0.0,1.0
207986.0,-0.0218,1.648,-1.5831,0.057,-0.441,-0.164,0.042,-0.002,0.029,0.062,6.388,-7.436,0.01063,0.12,-0.12,0.0,0.0,0.0,0.0,1.0
207993.0,-0.0191,1.6489,-1.5868,-0.233,-0.377,-0.36,0.025,-0.007,0.034,0.062,6.383,-7.43,0.00578,0.12,-0.12,0.0,0.0,0.0,0.0,1.0
208002.0,-0.0203,1.6542,-1.5907,-0.121,-0.029,-0.186,0.027,0.009,0.019,0.062,6.378,-7.424,0.00305,0.12,-0.12,0.0,0.0,0.0,0.0,1.0
208009.0,-0.0232,1.6609,-1.5943,-0.661,0.03,-0.128,0.018,-0.014,0.03,0.062,6.373,-7.418,-0.00881,0.12,-0.12,0.0,0.0,0.0,0.0,1.0
208017.0,-0.027,1.6609,-1.5905,-0.585,0.127,0.228,-0.008,-0.003,0.008,0.062,6.368,-7.412,-0.01641,0.12,-0.12,0.0,0.0,0.0,0.0,1.0
208025.0,-0.0302,1.6576,-1.5841,-0.734,0.072,0.432,-0.012,0.006,0.002,0.062,6.363,-7.406,-0.02163,0.12,-0.12,0.0,0.0,0.0,0.0,1.0
208033.0,-0.0318,1.6568,-1.5817,-0.704,-0.092,0.355,-0.026,0.017,-0.013,0.062,6.358,-7.4,-0.02125,0.12,-0.12,0.0,0.0,0.0,0.0,1.0
208040.0,-0.033,1.655,-1.5787,-0.378,-0.077,0.542,-0.017,0.016,-0.033,0.062,6.352,-7.395,-0.0165,0.12,-0.12,0.0,0.0,0.0,0.0,1.0
208048.0,-0.0346,1.6552,-1.5774,-0.376,-0.362,0.085,-0.04,0.013,-0.02,0.062,6.347,-7.389,-0.01294,0.12,-0.12,0.0,0.0,0.0,0.0,1.0
208056.0,-0.0364,1.654,-1.5744,-0.496,-0.451,0.082,-0.039,0.007,-0.02,0.062,6.342,-7.383,-0.01445,0.12,-0.12,0.0,0.0,0.0,0.0,1.0
208064.0,-0.0404,1.6538,-1.5701,-0.326,-0.387,0.06,-0.033,0.015,-0.013,0.062,6.337,-7.377,-0.01217,0.12,-0.12,0.0,0.0,0.0,0.0,1.0
208072.0,-0.0464,1.6507,-1.5611,-0.456,-0.346,0.36,-0.01,0.003,-0.003,0.062,6.332,-7.371,-0.01571,0.12,-0.12,0.0,0.0,0.0,0.0,1.0
208079.0,-0.0517,1.6492,-1.5543,-0.726,-0.36,0.433,-0.001,-0.005,0.013,0.062,6.327,-7.365,-0.02056,0.12,-0.12,0.0,0.0,0.0,0.0,1.0
208087.0,-0.0524,1.6472,-1.5518,-0.64,-0.307,0.4,0.013,-0.017,0.017,0.062,6.322,-7.359,-0.01711,0.12,-0.12,0.0,0.0,0.0,0.0,1.0
208095.0,-0.0546,1.6448,-1.5473,-0.576,-0.435,0.358,0.018,-0.024,0.007,0.062,6.317,-7.353,-0.01412,0.12,-0.12,0.0,0.0,0.0,0.0,1.0
208102.0,-0.0573,1.6457,-1.5455,-0.696,-0.351,0.183,0.023,-0.024,0.023,0.062,6.312,-7.347,-0.01532,0.12,-0.12,0.0,0.0,0.0,0.0,1.0
208110.0,-0.0586,1.6441,-1.5425,-0.511,-0.52,0.273,0.024,-0.009,0.015,0.062,6.307,-7.341,-0.01176,0.12,-0.12,0.0,0.0,0.0,0.0,1.0
208118.0,-0.0597,1.6467,-1.544,-0.511,-0.39,0.143,0.019,-0.012,0.021,0.062,6.302,-7.336,-0.01254,0.12,-0.12,0.0,0.0,0.0,0.0,1.0
208126.0,-0.0617,1.6459,-1.5412,-0.277,-0.455,0.078,0.019,-0.002,0.006,0.062,6.297,-7.33,-0.00783,0.12,-0.12,0.0,0.0,0.0,0.0,1.0
208133.0,-0.0664,1.644,-1.5347,-0.477,-0.096,-0.08,0.002,-0.018,-0.006,0.062,6.292,-7.324,-0.01619,0.12,-0.12,0.0,0.0,0.0,0.0,1.0
208141.0,-0.071,1.6419,-1.5281,-0.321,-0.317,0.303,-0.006,0.012,-0.021,0.061,6.287,-7.318,-0.01748,0.12,-0.12,0.0,0.0,0.0,0.0,1.0
208149.0,-0.0728,1.6386,-1.5231,-0.371,-0.077,0.112,-0.013,0.0,-0.02,0.061,6.282,-7.312,-0.02012,0.12,-0.12,0.0,0.0,0.0,0.0,1.0
208157.0,-0.075,1.6386,-1.5209,-0.336,0.001,0.105,-0.011,0.01,-0.022,0.061,6.277,-7.306,-0.0203,0.12,-0.12,0.0,0.0,0.0,0.0,1.0
208164.0,-0.0769,1.6376,-1.5179,-0.145,0.29,0.048,-0.009,0.041,-0.018,0.061,6.272,-7.301,-0.01922,0.12,-0.12,0.0,0.0,0.0,0.0,1.0
208172.0,-0.0779,1.6386,-1.518,0.124,0.217,0.062,-0.01,0.029,-0.004,0.061,6.267,-7.295,-0.0145,0.12,-0.12,0.0,0.0,0.0,0.0,1.0
208180.0,-0.0807,1.6388,-1.5153,0.159,0.339,0.012,-0.006,0.003,-0.003,0.061,6.262,-7.289,-0.0144,0.12,-0.12,0.0,0.0,0.0,0.0,1.0
208187.0,-0.0828,1.641,-1.5153,-0.123,-0.029,-0.184,0.003,-0.0,0.015,0.061,6.257,-7.283,-0.01333,0.12,-0.12,0.0,0.0,0.0,0.0,1.0
208195.0,-0.0818,1.6418,-1.5172,-0.108,-0.003,-0.331,0.005,0.005,0.027,0.061,6.252,-7.277,-0.01143,0.12,-0.12,0.0,0.0,0.0,0.0,1.0
208203.0,-0.0804,1.6417,-1.5184,0.176,-0.265,-0.247,0.004,-0.015,0.015,0.061,6.247,-7.271,-0.0049,0.12,-0.12,0.0,0.0,0.0,0.0,1.0
208211.0,-0.078,1.6392,-1.5184,0.062,-0.112,-0.18,0.01,-0.021,0.029,0.061,6.242,-7.266,-0.00739,0.12,-0.12,0.0,0.0,0.0,0.0,1.0
208219.0,-0.0755,1.6399,-1.5216,0.373,0.05,-0.019,0.006,-0.016,0.016,0.061,6.237,-7.26,-0.00487,0.12,-0.12,0.0,0.0,0.0,0.0,1.0
208227.0,-0.0773,1.6409,-1.5207,0.209,0.185,0.116,0.016,-0.028,-0.01,0.061,6.232,-7.254,-0.00873,0.12,-0.12,0.0,0.0,0.0,0.0,1.0
208234.0,-0.0767,1.6421,-1.5225,0.443,0.25,-0.078,-0.008,-0.029,-0.018,0.061,6.227,-7.248,-0.00708,0.12,-0.12,0.0,0.0,0.0,0.0,1.0
208242.0,-0.076,1.6408,-1.5219,0.088,0.182,0.028,-0.009,-0.035,-0.022,0.061,6.222,-7.242,-0.01355,0.12,-0.12,0.0,0.0,0.0,0.0,1.0
208250.0,-0.0759,1.6416,-1.5228,0.194,0.202,0.22,-0.01,-0.05,-0.021,0.061,6.217,-7.237,-0.01371,0.12,-0.12,0.0,0.0,0.0,0.0,1.0
208257.0,-0.0816,1.6455,-1.5209,0.129,0.374,0.219,0.002,-0.031,-0.026,0.061,6.212,-7.231,-0.01553,0.12,-0.12,0.0,0.0,0.0,0.0,1.0
208265.0,-0.0818,1.6435,-1.5188,0.252,0.048,-0.107,0.001,-0.012,-0.031,0.061,6.207,-7.225,-0.00805,0.12,-0.12,0.0,0.0,0.0,0.0,1.0
208273.0,-0.0783,1.6408,-1.5196,0.422,0.025,-0.043,-0.004,0.012,-0.015,0.061,6.202,-7.219,-0.00576,0.12,-0.12,0.0,0.0,0.0,0.0,1.0
208281.0,-0.0729,1.6396,-1.5239,0.402,0.145,-0.354,-0.002,0.046,-0.008,0.061,6.197,-7.214,-0.00316,0.12,-0.12,0.0,0.0,0.0,0.0,1.0
208288.0,-0.071,1.6379,-1.5242,0.296,0.082,-0.503,0.015,0.034,-0.001,0.061,6.192,-7.208,-3e-05,0.12,-0.12,0.0,0.0,0.0,0.0,1.0
208297.0,-0.0697,1.6399,-1.5274,0.147,0.027,-0.299,0.023,0.046,-0.002,0.061,6.187,-7.202,-0.00264,0.12,-0.12,0.0,0.0,0.0,0.0,1.0
208304.0,-0.0673,1.6387,-1.5286,-0.038,0.023,-0.216,0.021,0.054,0.02,0.06,6.182,-7.196,-0.00647,0.12,-0.12,0.0,0.0,0.0,0.0,1.0
208312.0,-0.068,1.6367,-1.5259,-0.088,-0.168,0.025,0.03,0.037,-0.001,0.06,6.177,-7.19,-0.00665,0.12,-0.12,0.0,0.0,0.0,0.0,1.0
208319.0,-0.0675,1.6363,-1.526,-0.167,0.021,0.127,0.02,0.022,0.01,0.06,6.172,-7.185,-0.01165,0.12,-0.12,0.0,0.0,0.0,0.0,1.0
208327.0,-0.0668,1.6383,-1.5287,-0.527,-0.029,-0.096,-0.004,-0.004,0.018,0.06,6.167,-7.179,-0.01887,0.12,-0.12,0.0,0.0,0.0,0.0,1.0
208335.0,-0.0665,1.639,-1.5297,0.089,-0.034,0.244,-0.025,-0.033,0.009,0.06,6.162,-7.173,-0.01411,0.12,-0.12,0.0,0.0,0.0,0.0,1.0
208343.0,-0.0667,1.639,-1.5294,0.329,0.186,0.205,-0.027,-0.031,0.005,0.06,6.157,-7.167,-0.0119,0.12,-0.12,0.0,0.0,0.0,0.0,1.0
208351.0,-0.066,1.6387,-1.53,0.095,0.251,0.27,-0.044,-0.062,0.002,0.06,6.152,-7.162,-0.01833,0.12,-0.12,0.0,0.0,0.0,0.0,1.0
208358.0,-0.066,1.6401,-1.5313,0.3,0.35,0.282,-0.038,-0.048,-0.012,0.06,6.147,-7.156,-0.01527,0.12,-0.12,0.0,0.0,0.0,0.0,1.0
208366.0,-0.0711,1.6457,-1.5317,0.194,0.288,0.133,-0.039,-0.049,-0.004,0.06,6.143,-7.15,-0.01636,0.12,-0.12,0.0,0.0,0.0,0.0,1.0
208374.0,-0.0725,1.6447,-1.5292,0.144,0.097,0.374,-0.015,-0.018,-0.008,0.06,6.138,-7.145,-0.01528,0.12,-0.12,0.0,0.0,0.0,0.0,1.0
208381.0,-0.072,1.6443,-1.5293,0.265,0.143,0.42,0.001,-0.009,-0.001,0.06,6.133,-7.139,-0.01153,0.12,-0.12,0.0,0.0,0.0,0.0,1.0
208389.0,-0.0705,1.6448,-1.5314,-0.096,0.178,0.11,0.024,0.001,-0.01,0.06,6.128,-7.133,-0.01155,0.12,-0.12,0.0,0.0,0.0,0.0,1.0
208397.0,-0.0704,1.6421,-1.5288,0.23,-0.065,0.557,0.035,0.035,0.009,0.06,6.123,-7.127,-0.00698,0.12,-0.12,0.0,0.0,0.0,0.0,1.0
208405.0,-0.0692,1.6417,-1.5296,0.145,0.054,0.417,0.045,0.029,0.012,0.06,6.118,-7.122,-0.007,0.12,-0.12,0.0,0.0,0.0,0.0,1.0
208412.0,-0.0678,1.643,-1.5323,-0.017,-0.096,0.094,0.062,0.029,0.009,0.06,6.113,-7.116,-0.00418,0.12,-0.12,0.0,0.0,0.0,0.0,1.0
208420.0,-0.0681,1.6462,-1.5352,-0.11,0.282,0.126,0.037,0.037,0.0,0.06,6.108,-7.11,-0.01104,0.12,-0.12,0.0,0.0,0.0,0.0,1.0
208428.0,-0.0716,1.6482,-1.5336,-0.025,0.163,0.266,0.037,0.004,0.009,0.06,6.103,-7.105,-0.01047,0.12,-0.12,0.0,0.0,0.0,0.0,1.0
208435.0,-0.0725,1.6465,-1.531,-0.025,0.034,0.396,0.021,0.021,0.019,0.06,6.099,-7.099,-0.01276,0.12,-0.12,0.0,0.0,0.0,0.0,1.0
208443.0,-0.0724,1.6426,-1.5273,0.33,0.015,0.377,0.007,-0.008,0.003,0.06,6.094,-7.093,-0.00812,0.12,-0.12,0.0,0.0,0.0,0.0,1.0
208450.0,-0.073,1.6396,-1.5237,0.5,-0.094,0.527,-0.019,-0.01,0.003,0.06,6.089,-7.088,-0.00991,0.12,-0.12,0.0,0.0,0.0,0.0,1.0
208458.0,-0.0718,1.6357,-1.5212,0.479,-0.147,0.389,-0.03,-0.015,-0.01,0.06,6.084,-7.082,-0.00956,0.12,-0.12,0.0,0.0,0.0,0.0,1.0
208466.0,-0.0721,1.6363,-1.5214,0.194,0.202,0.219,-0.042,-0.024,-0.0,0.059,6.079,-7.076,-0.01712,0.12,-0.12,0.0,0.0,0.0,0.0,1.0
208473.0,-0.0731,1.6379,-1.522,0.109,0.192,0.209,-0.041,-0.037,-0.005,0.059,6.074,-7.071,-0.01833,0.12,-0.12,0.0,0.0,0.0,0.0,1.0
208481.0,-0.0734,1.6342,-1.5181,0.053,0.06,0.079,-0.024,-0.014,-0.015,0.059,6.069,-7.065,-0.01537,0.12,-0.12,0.0,0.0,0.0,0.0,1.0
208489.0,-0.0714,1.6292,-1.5153,0.153,-0.076,0.116,-0.012,-0.025,-0.011,0.059,6.064,-7.059,-0.01067,0.12,-0.12,0.0,0.0,0.0,0.0,1.0
208496.0,-0.0713,1.6281,-1.5143,0.273,0.056,0.075,-0.006,0.005,-0.006,0.059,6.06,-7.054,-0.00866,0.12,-0.12,0.0,0.0,0.0,0.0,1.0
208504.0,-0.072,1.6265,-1.5119,0.103,-0.051,0.141,-0.002,0.039,-0.015,0.059,6.055,-7.048,-0.0108,0.12,-0.12,0.0,0.0,0.0,0.0,1.0
208512.0,-0.0755,1.6311,-1.513,0.067,-0.043,0.062,0.023,0.03,-0.012,0.059,6.05,-7.042,-0.00781,0.12,-0.12,0.0,0.0,0.0,0.0,1.0
208520.0,-0.0791,1.6329,-1.5112,0.187,-0.126,0.237,0.016,0.026,0.001,0.059,6.045,-7.037,-0.00826,0.12,-0.12,0.0,0.0,0.0,0.0,1.0
208528.0,-0.081,1.6344,-1.5107,0.067,-0.085,0.106,0.018,0.049,0.004,0.059,6.04,-7.031,-0.00985,0.12,-0.12,0.0,0.0,0.0,0.0,1.0
208535.0,-0.0848,1.6358,-1.5083,0.151,0.055,-0.013,0.012,0.031,0.014,0.059,6.036,-7.026,-0.01013,0.12,-0.12,0.0,0.0,0.0,0.0,1.0
208543.0,-0.085,1.6348,-1.5071,0.031,0.138,-0.188,0.021,0.026,0.011,0.059,6.031,-7.02,-0.00998,0.12,-0.12,0.0,0.0,0.0,0.0,1.0
208551.0,-0.0859,1.6363,-1.5077,0.227,0.324,0.17,0.014,0.009,0.013,0.059,6.026,-7.014,-0.01249,0.12,-0.12,0.0,0.0,0.0,0.0,1.0
208558.0,-0.0852,1.6344,-1.5065,0.107,0.191,0.211,0.016,-0.007,0.021,0.059,6.021,-7.009,-0.01339,0.12,-0.12,0.0,0.0,0.0,0.0,1.0
208566.0,-0.0764,1.6293,-1.5103,0.322,0.031,0.051,-0.004,-0.04,0.006,0.059,6.016,-7.003,-0.00795,0.12,-0.12,0.0,0.0,0.0,0.0,1.0
208574.0,-0.0723,1.6242,-1.5094,0.167,-0.18,0.1,-0.026,-0.046,0.003,0.059,6.011,-6.997,-0.01147,0.12,-0.12,0.0,0.0,0.0,0.0,1.0
208582.0,-0.0658,1.6201,-1.512,0.46,-0.442,-0.249,-0.035,-0.048,0.007,0.059,6.007,-6.992,-0.00081,0.12,-0.12,0.0,0.0,0.0,0.0,1.0
208590.0,-0.0634,1.6177,-1.512,-0.044,-0.434,-0.069,-0.039,-0.013,0.012,0.059,6.002,-6.986,-0.01116,0.12,-0.12,0.0,0.0,0.0,0.0,1.0
208598.0,-0.0592,1.615,-1.5136,-0.044,-0.391,-0.112,-0.023,-0.007,-0.007,0.059,5.997,-6.981,-0.00839,0.12,-0.12,0.0,0.0,0.0,0.0,1.0
208605.0,-0.0645,1.6226,-1.5157,-0.244,-0.161,-0.142,-0.026,0.012,-0.012,0.059,5.992,-6.975,-0.01511,0.12,-0.12,0.0,0.0,0.0,0.0,1.0
208613.0,-0.0665,1.6293,-1.5202,-0.259,0.072,-0.255,-0.028,0.035,-0.011,0.059,5.987,-6.97,-0.01707,0.12,-0.12,0.0,0.0,0.0,0.0,1.0
208621.0,-0.066,1.633,-1.5243,-0.068,0.275,-0.226,-0.012,0.021,-0.002,0.058,5.983,-6.964,-0.01352,0.12,-0.12,0.0,0.0,0.0,0.0,1.0
208628.0,-0.066,1.6398,-1.531,0.208,0.488,-0.186,0.001,0.037,-0.006,0.058,5.978,-6.958,-0.00898,0.12,-0.12,0.0,0.0,0.0,0.0,1.0
208636.0,-0.0694,1.6467,-1.5343,0.419,0.7,0.025,0.013,0.025,-0.008,0.058,5.973,-6.953,-0.00783,0.12,-0.12,0.0,0.0,0.0,0.0,1.0
208644.0,-0.0695,1.649,-1.5364,0.589,0.634,0.132,0.016,0.003,-0.012,0.058,5.968,-6.947,-0.00479,0.12,-0.12,0.0,0.0,0.0,0.0,1.0
208652.0,-0.0676,1.6476,-1.5369,0.618,0.427,0.098,0.03,-0.034,-0.009,0.058,5.964,-6.942,0.00018,0.12,-0.12,0.0,0.0,0.0,0.0,1.0
208660.0,-0.0624,1.6429,-1.5376,0.434,0.38,0.224,0.027,-0.02,-0.011,0.058,5.959,-6.936,-0.00308,0.12,-0.12,0.0,0.0,0.0,0.0,1.0
208667.0,-0.0615,1.6374,-1.5331,0.413,0.154,0.259,0.015,-0.028,-0.002,0.058,5.954,-6.931,-0.00323,0.12,-0.12,0.0,0.0,0.0,0.0,1.0
208675.0,-0.0592,1.6304,-1.5286,0.217,-0.204,0.074,0.019,-0.016,0.004,0.058,5.949,-6.925,-0.0009,0.12,-0.12,0.0,0.0,0.0,0.0,1.0
208683.0,-0.0547,1.624,-1.5269,0.012,-0.261,0.019,0.017,-0.013,0.011,0.058,5.944,-6.92,-0.00287,0.12,-0.12,0.0,0.0,0.0,0.0,1.0
208690.0,-0.0526,1.6206,-1.5257,-0.129,-0.402,-0.122,0.011,0.001,0.02,0.058,5.94,-6.914,-0.00337,0.12,-0.12,0.0,0.0,0.0,0.0,1.0
208698.0,-0.0488,1.6176,-1.5265,-0.27,-0.629,-0.177,-0.016,0.013,0.013,0.058,5.935,-6.909,-0.00684,0.12,-0.12,0.0,0.0,0.0,0.0,1.0
208706.0,-0.0481,1.6166,-1.5263,-0.158,-0.368,0.084,-0.016,-0.01,0.022,0.058,5.93,-6.903,-0.0092,0.12,-0.12,0.0,0.0,0.0,0.0,1.0
208714.0,-0.0499,1.6173,-1.5252,-0.152,-0.083,0.11,-0.019,-0.002,-0.004,0.058,5.925,-6.897,-0.01248,0.12,-0.12,0.0,0.0,0.0,0.0,1.0
208721.0,-0.0541,1.6234,-1.527,-0.451,0.24,0.086,-0.019,-0.005,-0.015,0.058,5.921,-6.892,-0.02091,0.12,-0.12,0.0,0.0,0.0,0.0,1.0
208730.0,-0.0519,1.6301,-1.5356,-0.081,0.291,-0.123,-0.033,-0.011,-0.023,0.058,5.916,-6.886,-0.01439,0.12,-0.12,0.0,0.0,0.0,0.0,1.0
208737.0,-0.0472,1.6347,-1.5448,-0.045,0.456,-0.218,-0.039,-0.025,-0.026,0.058,5.911,-6.881,-0.01378,0.12,-0.12,0.0,0.0,0.0,0.0,1.0
208745.0,-0.0471,1.6384,-1.5484,0.169,0.296,-0.378,-0.04,-0.014,-0.028,0.058,5.906,-6.876,-0.00742,0.12,-0.12,0.0,0.0,0.0,0.0,1.0
208753.0,-0.0451,1.6428,-1.5547,-0.136,0.334,-0.428,-0.04,0.009,-0.016,0.058,5.902,-6.87,-0.0123,0.12,-0.12,0.0,0.0,0.0,0.0,1.0
208760.0,-0.0443,1.6402,-1.553,0.034,0.095,-0.148,-0.026,0.024,-0.023,0.058,5.897,-6.865,-0.00827,0.12,-0.12,0.0,0.0,0.0,0.0,1.0
208768.0,-0.046,1.6407,-1.5519,-0.107,-0.175,-0.159,0.017,0.012,-0.008,0.058,5.892,-6.859,-0.00213,0.12,-0.12,0.0,0.0,0.0,0.0,1.0
208776.0,-0.0474,1.6376,-1.5475,-0.236,-0.178,0.184,0.029,0.006,-0.007,0.057,5.888,-6.854,-0.00612,0.12,-0.12,0.0,0.0,0.0,0.0,1.0
208784.0,-0.0477,1.6348,-1.5444,-0.62,-0.126,0.409,0.046,0.011,0.023,0.057,5.883,-6.848,-0.01387,0.12,-0.12,0.0,0.0,0.0,0.0,1.0
208791.0,-0.0521,1.6316,-1.5369,-0.485,-0.097,0.352,0.047,0.004,0.009,0.057,5.878,-6.843,-0.01202,0.12,-0.12,0.0,0.0,0.0,0.0,1.0
208799.0,-0.0542,1.6322,-1.5354,-0.08,-0.098,0.265,0.04,-0.008,0.016,0.057,5.874,-6.837,-0.00526,0.12,-0.12,0.0,0.0,0.0,0.0,1.0
208807.0,-0.0595,1.6362,-1.534,-0.315,0.053,0.243,0.026,0.012,0.019,0.057,5.869,-6.832,-0.01316,0.12,-0.12,0.0,0.0,0.0,0.0,1.0
208815.0,-0.0619,1.6344,-1.5298,-0.033,0.378,0.482,0.006,-0.019,0.023,0.057,5.864,-6.826,-0.01653,0.12,-0.12,0.0,0.0,0.0,0.0,1.0
208822.0,-0.0647,1.6343,-1.5269,0.025,0.137,0.242,0.003,-0.033,0.012,0.057,5.859,-6.821,-0.01211,0.12,-0.12,0.0,0.0,0.0,0.0,1.0
208830.0,-0.0663,1.6313,-1.5224,-0.081,0.074,0.093,-0.009,-0.018,0.012,0.057,5.855,-6.815,-0.01431,0.12,-0.12,0.0,0.0,0.0,0.0,1.0
208838.0,-0.0683,1.627,-1.5162,0.019,-0.149,0.217,-0.016,-0.007,0.001,0.057,5.85,-6.81,-0.01344,0.12,-0.12,0.0,0.0,0.0,0.0,1.0
208845.0,-0.0692,1.628,-1.5162,-0.187,-0.032,-0.012,-0.033,0.008,-0.004,0.057,5.845,-6.804,-0.01815,0.12,-0.12,0.0,0.0,0.0,0.0,1.0
208853.0,-0.0662,1.6282,-1.5195,-0.093,-0.28,-0.175,-0.036,0.012,-0.009,0.057,5.841,-6.799,-0.0127,0.12,-0.12,0.0,0.0,0.0,0.0,1.0
208861.0,-0.066,1.6286,-1.5201,-0.178,-0.161,-0.314,-0.021,0.015,-0.001,0.057,5.836,-6.793,-0.01206,0.12,-0.12,0.0,0.0,0.0,0.0,1.0
208868.0,-0.0662,1.6326,-1.5237,-0.213,0.063,-0.609,-0.019,0.009,-0.004,0.057,5.831,-6.788,-0.01161,0.12,-0.12,0.0,0.0,0.0,0.0,1.0
208876.0,-0.0683,1.636,-1.5251,-0.164,-0.048,-0.547,-0.006,0.008,-0.011,0.057,5.827,-6.783,-0.00879,0.12,-0.12,0.0,0.0,0.0,0.0,1.0
208884.0,-0.0651,1.6375,-1.5296,-0.014,-0.166,-0.579,0.012,0.013,-0.004,0.057,5.822,-6.777,-0.00156,0.12,-0.12,0.0,0.0,0.0,0.0,1.0
208892.0,-0.0619,1.6385,-1.5338,-0.022,0.05,-0.364,0.029,-0.001,-0.012,0.057,5.817,-6.772,-0.00239,0.12,-0.12,0.0,0.0,0.0,0.0,1.0
208899.0,-0.0583,1.6369,-1.5358,0.163,-0.206,-0.187,0.048,-0.007,-0.015,0.057,5.813,-6.766,0.00387,0.12,-0.12,0.0,0.0,0.0,0.0,1.0
208907.0,-0.0579,1.637,-1.5364,0.156,-0.318,-0.386,0.045,-0.024,-0.014,0.057,5.808,-6.761,0.00652,0.12,-0.12,0.0,0.0,0.0,0.0,1.0
208915.0,-0.0566,1.6343,-1.5349,0.127,-0.241,-0.222,0.031,-0.025,-0.006,0.057,5.803,-6.756,0.00275,0.12,-0.12,0.0,0.0,0.0,0.0,1.0
208922.0,-0.0556,1.6335,-1.5353,0.042,-0.381,-0.103,0.023,-0.008,0.008,0.057,5.799,-6.75,0.00044,0.12,-0.12,0.0,0.0,0.0,0.0,1.0
208930.0,-0.0531,1.6301,-1.5344,0.183,-0.24,0.038,0.003,-0.029,0.004,0.057,5.794,-6.745,-0.00202,0.12,-0.12,0.0,0.0,0.0,0.0,1.0
208938.0,-0.0507,1.6289,-1.5357,0.034,0.051,-0.103,-0.005,-0.016,0.01,0.057,5.79,-6.739,-0.00661,0.12,-0.12,0.0,0.0,0.0,0.0,1.0
208945.0,-0.0526,1.6285,-1.5333,-0.081,-0.055,0.223,-0.027,-0.02,0.018,0.057,5.785,-6.734,-0.01415,0.12,-0.12,0.0,0.0,0.0,0.0,1.0
208953.0,-0.0506,1.628,-1.5348,-0.087,-0.124,-0.019,-0.031,-0.022,0.025,0.057,5.78,-6.729,-0.01154,0.12,-0.12,0.0,0.0,0.0,0.0,1.0
208961.0,-0.0479,1.6283,-1.5379,-0.115,-0.004,0.1,-0.04,-0.0,0.016,0.056,5.776,-6.723,-0.01466,0.12,-0.12,0.0,0.0,0.0,0.0,1.0
208969.0,-0.043,1.6276,-1.5421,-0.226,-0.438,0.011,-0.021,0.003,0.011,0.056,5.771,-6.718,-0.00878,0.12,-0.12,0.0,0.0,0.0,0.0,1.0
208976.0,-0.0422,1.6292,-1.5444,-0.376,-0.104,-0.173,-0.019,0.003,-0.003,0.056,5.766,-6.712,-0.01194,0.12,-0.12,0.0,0.0,0.0,0.0,1.0
208984.0,-0.0402,1.6281,-1.5454,-0.355,0.121,-0.208,-0.01,0.021,-0.002,0.056,5.762,-6.707,-0.01163,0.12,-0.12,0.0,0.0,0.0,0.0,1.0
208992.0,-0.0421,1.6324,-1.5476,-0.432,-0.062,-0.477,0.001,0.016,-0.017,0.056,5.757,-6.702,-0.00742,0.12,-0.12,0.0,0.0,0.0,0.0,1.0
209000.0,-0.0421,1.6327,-1.5479,-0.361,-0.035,-0.363,0.006,0.018,-0.015,0.056,5.753,-6.696,-0.00679,0.12,-0.12,0.0,0.0,0.0,0.0,1.0
209007.0,-0.0446,1.6321,-1.545,-0.347,-0.181,-0.337,0.018,0.022,-0.02,0.056,5.748,-6.691,-0.00416,0.12,-0.12,0.0,0.0,0.0,0.0,1.0
209015.0,-0.0486,1.6334,-1.5422,-0.625,-0.066,0.038,0.008,0.029,-0.023,0.056,5.743,-6.686,-0.01564,0.12,-0.12,0.0,0.0,0.0,0.0,1.0
209023.0,-0.0522,1.6302,-1.5354,-0.37,-0.122,0.156,0.019,0.016,-0.034,0.056,5.739,-6.68,-0.01086,0.12,-0.12,0.0,0.0,0.0,0.0,1.0
209031.0,-0.0554,1.6279,-1.53,-0.179,-0.178,0.445,0.035,-0.005,-0.003,0.056,5.734,-6.675,-0.00853,0.12,-0.12,0.0,0.0,0.0,0.0,1.0
209039.0,-0.0574,1.6249,-1.525,-0.611,-0.3,0.151,0.036,0.002,-0.007,0.056,5.73,-6.67,-0.01252,0.12,-0.12,0.0,0.0,0.0,0.0,1.0
209046.0,-0.0557,1.6199,-1.5219,-0.086,-0.298,0.153,0.023,-0.019,0.006,0.056,5.725,-6.664,-0.00469,0.12,-0.12,0.0,0.0,0.0,0.0,1.0
209054.0,-0.0557,1.6151,-1.5172,-0.021,-0.384,0.068,-0.005,-0.013,0.004,0.056,5.721,-6.659,-0.00636,0.12,-0.12,0.0,0.0,0.0,0.0,1.0
209062.0,-0.061,1.6131,-1.5101,-0.086,-0.385,0.24,-0.019,-0.017,0.023,0.056,5.716,-6.654,-0.01233,0.12,-0.12,0.0,0.0,0.0,0.0,1.0
209069.0,-0.0629,1.6125,-1.5075,-0.277,-0.501,0.124,-0.03,-0.008,0.021,0.056,5.711,-6.648,-0.01541,0.12,-0.12,0.0,0.0,0.0,0.0,1.0
209077.0,-0.0668,1.6131,-1.5042,-0.072,-0.229,-0.035,-0.025,-0.01,0.022,0.056,5.707,-6.643,-0.01302,0.12,-0.12,0.0,0.0,0.0,0.0,1.0
209085.0,-0.0683,1.6169,-1.5064,-0.031,0.006,0.112,-0.029,0.007,0.025,0.056,5.702,-6.638,-0.01657,0.12,-0.12,0.0,0.0,0.0,0.0,1.0
209093.0,-0.0668,1.6201,-1.511,-0.087,-0.211,0.067,-0.02,0.016,0.015,0.056,5.698,-6.632,-0.01381,0.12,-0.12,0.0,0.0,0.0,0.0,1.0
209100.0,-0.0667,1.6251,-1.516,-0.186,0.012,-0.056,-0.024,0.004,-0.0,0.056,5.693,-6.627,-0.01657,0.12,-0.12,0.0,0.0,0.0,0.0,1.0
209108.0,-0.0608,1.6232,-1.52,-0.036,0.024,-0.218,-0.007,0.009,0.001,0.056,5.689,-6.622,-0.00899,0.12,-0.12,0.0,0.0,0.0,0.0,1.0
209116.0,-0.0581,1.6223,-1.5218,-0.141,-0.039,-0.367,0.004,-0.008,-0.008,0.056,5.684,-6.616,-0.00649,0.12,-0.12,0.0,0.0,0.0,0.0,1.0
209124.0,-0.0569,1.621,-1.5217,-0.077,-0.297,-0.279,0.019,0.002,-0.007,0.055,5.679,-6.611,-0.00142,0.12,-0.12,0.0,0.0,0.0,0.0,1.0
209132.0,-0.0582,1.62,-1.5195,-0.177,-0.204,-0.272,0.033,0.011,-0.001,0.055,5.675,-6.606,-0.00272,0.12,-0.12,0.0,0.0,0.0,0.0,1.0
209139.0,-0.057,1.6149,-1.5158,-0.283,-0.354,-0.334,0.042,-0.012,-0.017,0.055,5.67,-6.601,-0.00132,0.12,-0.12,0.0,0.0,0.0,0.0,1.0
209147.0,-0.0567,1.6096,-1.5109,-0.285,-0.112,0.167,0.024,-0.011,-0.016,0.055,5.666,-6.595,-0.00981,0.12,-0.12,0.0,0.0,0.0,0.0,1.0
209155.0,-0.0604,1.6074,-1.505,-0.412,-0.357,0.009,0.018,-0.014,-0.02,0.055,5.661,-6.59,-0.01,0.12,-0.12,0.0,0.0,0.0,0.0,1.0
209163.0,-0.0613,1.6074,-1.5041,-0.215,-0.085,0.281,-0.004,-0.016,-0.038,0.055,5.657,-6.585,-0.01493,0.12,-0.12,0.0,0.0,0.0,0.0,1.0
209170.0,-0.0635,1.6088,-1.5033,-0.385,0.024,0.131,-0.006,0.005,-0.031,0.055,5.652,-6.58,-0.01834,0.12,-0.12,0.0,0.0,0.0,0.0,1.0
209178.0,-0.0641,1.611,-1.5048,-0.335,0.085,0.019,-0.015,0.013,-0.013,0.055,5.648,-6.574,-0.01862,0.12,-0.12,0.0,0.0,0.0,0.0,1.0
209186.0,-0.0668,1.615,-1.506,-0.285,0.104,-0.049,-0.038,0.024,-0.0,0.055,5.643,-6.569,-0.02088,0.12,-0.12,0.0,0.0,0.0,0.0,1.0
209194.0,-0.0681,1.62,-1.5096,-0.434,0.265,-0.061,-0.042,0.009,0.005,0.055,5.639,-6.564,-0.02523,0.12,-0.12,0.0,0.0,0.0,0.0,1.0
209202.0,-0.0755,1.63,-1.5119,-0.329,0.329,0.087,-0.051,0.023,0.019,0.055,5.634,-6.559,-0.0277,0.12,-0.12,0.0,0.0,0.0,0.0,1.0
209209.0,-0.0826,1.6367,-1.5114,-0.069,0.43,0.36,-0.03,0.018,0.012,0.055,5.63,-6.553,-0.0261,0.12,-0.12,0.0,0.0,0.0,0.0,1.0
209217.0,-0.086,1.6413,-1.5124,-0.046,0.24,-0.002,-0.017,-0.0,0.029,0.055,5.625,-6.548,-0.01982,0.12,-0.12,0.0,0.0,0.0,0.0,1.0
209225.0,-0.0877,1.6447,-1.514,-0.245,0.383,0.054,-0.008,0.023,0.029,0.055,5.621,-6.543,-0.02408,0.12,-0.12,0.0,0.0,0.0,0.0,1.0
209232.0,-0.0885,1.6482,-1.5166,0.025,0.397,-0.018,0.012,-0.008,0.04,0.055,5.616,-6.538,-0.01574,0.12,-0.12,0.0,0.0,0.0,0.0,1.0
209240.0,-0.0832,1.6472,-1.521,0.295,0.282,0.038,0.054,-0.002,0.028,0.055,5.612,-6.532,-0.00509,0.12,-0.12,0.0,0.0,0.0,0.0,1.0
209248.0,-0.0805,1.6458,-1.5223,0.304,-0.064,-0.048,0.059,-0.01,0.029,0.055,5.607,-6.527,-0.00031,0.12,-0.12,0.0,0.0,0.0,0.0,1.0
209256.0,-0.0764,1.6421,-1.5228,0.618,-0.187,-0.343,0.069,0.019,0.017,0.055,5.603,-6.522,0.00992,0.12,-0.12,0.0,0.0,0.0,0.0,1.0
209263.0,-0.0729,1.6392,-1.5235,0.512,-0.25,-0.492,0.068,-0.001,-0.018,0.055,5.598,-6.517,0.01104,0.12,-0.12,0.0,0.0,0.0,0.0,1.0
209271.0,-0.0673,1.6335,-1.5235,0.533,-0.285,-0.267,0.047,0.014,-0.035,0.055,5.594,-6.511,0.00966,0.12,-0.12,0.0,0.0,0.0,0.0,1.0
209279.0,-0.0657,1.6285,-1.5203,0.292,-0.29,-0.444,0.039,-0.006,-0.047,0.055,5.589,-6.506,0.00712,0.12,-0.12,0.0,0.0,0.0,0.0,1.0
209286.0,-0.0704,1.6323,-1.5192,0.027,-0.105,-0.258,0.017,-0.011,-0.046,0.055,5.585,-6.501,-0.00426,0.12,-0.12,0.0,0.0,0.0,0.0,1.0
209294.0,-0.0749,1.6333,-1.5158,0.032,0.137,-0.189,0.003,-0.033,-0.045,0.055,5.58,-6.496,-0.00984,0.12,-0.12,0.0,0.0,0.0,0.0,1.0
209302.0,-0.0774,1.6381,-1.5179,-0.152,0.177,-0.149,-0.024,-0.011,-0.04,0.055,5.576,-6.491,-0.01842,0.12,-0.12,0.0,0.0,0.0,0.0,1.0
209310.0,-0.0756,1.6394,-1.521,-0.243,0.011,-0.315,-0.062,-0.015,-0.022,0.055,5.571,-6.486,-0.01994,0.12,-0.12,0.0,0.0,0.0,0.0,1.0
209318.0,-0.0728,1.6435,-1.5278,-0.428,0.051,-0.277,-0.068,-0.029,0.001,0.054,5.567,-6.48,-0.02349,0.12,-0.12,0.0,0.0,0.0,0.0,1.0
209326.0,-0.0694,1.6469,-1.5345,-0.186,0.229,-0.273,-0.079,-0.022,0.025,0.054,5.563,-6.475,-0.02079,0.12,-0.12,0.0,0.0,0.0,0.0,1.0
209333.0,-0.0681,1.6547,-1.5433,-0.242,0.099,-0.404,-0.061,-0.033,0.038,0.054,5.558,-6.47,-0.01854,0.12,-0.12,0.0,0.0,0.0,0.0,1.0
209341.0,-0.066,1.6583,-1.549,-0.086,0.05,-0.194,-0.057,0.0,0.038,0.054,5.554,-6.465,-0.01692,0.12,-0.12,0.0,0.0,0.0,0.0,1.0
209349.0,-0.0611,1.6582,-1.5538,-0.291,-0.049,-0.208,-0.02,-0.004,0.034,0.054,5.549,-6.46,-0.01486,0.12,-0.12,0.0,0.0,0.0,0.0,1.0
209357.0,-0.0546,1.6573,-1.5594,0.114,-0.136,-0.209,-0.003,-0.005,0.04,0.054,5.545,-6.454,-0.00341,0.12,-0.12,0.0,0.0,0.0,0.0,1.0
209364.0,-0.0476,1.6564,-1.5656,0.214,-0.142,-0.302,0.022,0.016,0.04,0.054,5.54,-6.449,0.00435,0.12,-0.12,0.0,0.0,0.0,0.0,1.0
209372.0,-0.0431,1.6522,-1.5659,0.364,-0.347,-0.247,0.041,-0.011,0.034,0.054,5.536,-6.444,0.01141,0.12,-0.12,0.0,0.0,0.0,0.0,1.0
209380.0,-0.042,1.6493,-1.5642,0.37,-0.192,-0.091,0.062,0.011,0.01,0.054,5.531,-6.439,0.01038,0.12,-0.12,0.0,0.0,0.0,0.0,1.0
209388.0,-0.0399,1.6463,-1.5634,0.15,-0.101,-0.173,0.075,0.004,-0.016,0.054,5.527,-6.434,0.00772,0.12,-0.12,0.0,0.0,0.0,0.0,1.0
209396.0,-0.0365,1.6424,-1.563,0.192,0.089,0.018,0.068,0.007,-0.032,0.054,5.523,-6.429,0.00559,0.12,-0.12,0.0,0.0,0.0,0.0,1.0
209403.0,-0.0368,1.6418,-1.5621,0.177,0.02,0.207,0.055,0.006,-0.034,0.054,5.518,-6.424,0.00356,0.12,-0.12,0.0,0.0,0.0,0.0,1.0
209411.0,-0.0409,1.6441,-1.5602,0.077,0.156,0.171,0.04,0.004,-0.044,0.054,5.514,-6.418,-0.00083,0.12,-0.12,0.0,0.0,0.0,0.0,1.0
209418.0,-0.0453,1.644,-1.5558,-0.158,0.221,0.236,0.002,0.001,-0.043,0.054,5.509,-6.413,-0.01192,0.12,-0.12,0.0,0.0,0.0,0.0,1.0
209426.0,-0.0472,1.6431,-1.553,-0.563,0.35,0.194,-0.008,-0.005,-0.034,0.054,5.505,-6.408,-0.02157,0.12,-0.12,0.0,0.0,0.0,0.0,1.0
209434.0,-0.0491,1.6422,-1.5502,-0.413,0.102,0.292,-0.032,-0.004,-0.012,0.054,5.501,-6.403,-0.0215,0.12,-0.12,0.0,0.0,0.0,0.0,1.0
209442.0,-0.0484,1.6366,-1.5455,-0.497,0.134,0.238,-0.036,-0.002,0.01,0.054,5.496,-6.398,-0.0232,0.12,-0.12,0.0,0.0,0.0,0.0,1.0
209449.0,-0.0487,1.6318,-1.5405,-0.611,0.114,0.478,-0.044,0.012,0.02,0.054,5.492,-6.393,-0.02811,0.12,-0.12,0.0,0.0,0.0,0.0,1.0
209457.0,-0.0485,1.6305,-1.5395,-0.658,-0.232,0.132,-0.038,-0.009,0.042,0.054,5.487,-6.388,-0.02222,0.12,-0.12,0.0,0.0,0.0,0.0,1.0
209466.0,-0.0484,1.6275,-1.5366,-0.338,-0.287,0.077,-0.029,0.0,0.047,0.054,5.483,-6.383,-0.01502,0.12,-0.12,0.0,0.0,0.0,0.0,1.0
209473.0,-0.0502,1.6286,-1.5359,-0.523,-0.118,-0.013,-0.012,0.001,0.055,0.054,5.479,-6.377,-0.01677,0.12,-0.12,0.0,0.0,0.0,0.0,1.0
209482.0,-0.0524,1.6318,-1.5368,-0.438,-0.021,-0.089,-0.004,-0.001,0.042,0.053,5.474,-6.372,-0.01469,0.12,-0.12,0.0,0.0,0.0,0.0,1.0
209489.0,-0.057,1.6385,-1.5387,-0.347,0.362,-0.139,0.002,-0.014,0.025,0.053,5.47,-6.367,-0.01574,0.12,-0.12,0.0,0.0,0.0,0.0,1.0
209497.0,-0.0612,1.646,-1.5418,-0.433,0.352,-0.15,0.024,-0.009,-0.006,0.053,5.466,-6.362,-0.01439,0.12,-0.12,0.0,0.0,0.0,0.0,1.0
209505.0,-0.065,1.6514,-1.5433,-0.306,0.467,0.138,0.031,-0.013,-0.008,0.053,5.461,-6.357,-0.01572,0.12,-0.12,0.0,0.0,0.0,0.0,1.0
209513.0,-0.0667,1.6534,-1.5436,-0.101,0.48,0.237,0.046,-0.004,-0.027,0.053,5.457,-6.352,-0.01213,0.12,-0.12,0.0,0.0,0.0,0.0,1.0
209520.0,-0.0713,1.6576,-1.543,0.069,0.501,0.257,0.034,-0.004,-0.035,0.053,5.452,-6.347,-0.01155,0.12,-0.12,0.0,0.0,0.0,0.0,1.0
209528.0,-0.0781,1.6623,-1.5408,-0.137,0.445,0.202,0.035,0.006,-0.052,0.053,5.448,-6.342,-0.01527,0.12,-0.12,0.0,0.0,0.0,0.0,1.0
209536.0,-0.0841,1.6652,-1.5377,-0.009,0.405,-0.097,0.038,0.023,-0.055,0.053,5.444,-6.337,-0.01111,0.12,-0.12,0.0,0.0,0.0,0.0,1.0
209543.0,-0.0871,1.6651,-1.5345,-0.03,0.007,0.11,0.027,0.039,-0.038,0.053,5.439,-6.332,-0.01196,0.12,-0.12,0.0,0.0,0.0,0.0,1.0
209551.0,-0.0887,1.6636,-1.5314,-0.165,0.194,-0.048,0.001,0.051,-0.023,0.053,5.435,-6.327,-0.01876,0.12,-0.12,0.0,0.0,0.0,0.0,1.0
209559.0,-0.0958,1.6655,-1.5262,-0.292,-0.352,0.097,-0.022,0.042,-0.015,0.053,5.431,-6.322,-0.02242,0.12,-0.12,0.0,0.0,0.0,0.0,1.0
209567.0,-0.0966,1.6617,-1.5216,-0.142,-0.513,0.108,-0.047,0.039,0.02,0.053,5.426,-6.317,-0.02157,0.12,-0.12,0.0,0.0,0.0,0.0,1.0
209575.0,-0.0974,1.6589,-1.5182,-0.383,-0.346,-0.241,-0.05,0.015,0.026,0.053,5.422,-6.312,-0.02423,0.12,-0.12,0.0,0.0,0.0,0.0,1.0
209583.0,-0.0979,1.6567,-1.5155,-0.248,-0.318,-0.299,-0.044,-0.007,0.027,0.053,5.418,-6.307,-0.02121,0.12,-0.12,0.0,0.0,0.0,0.0,1.0
209590.0,-0.0947,1.6583,-1.5203,-0.177,-0.204,-0.272,-0.048,-0.026,0.029,0.053,5.413,-6.301,-0.02075,0.12,-0.12,0.0,0.0,0.0,0.0,1.0
209598.0,-0.094,1.662,-1.5246,0.142,-0.042,-0.542,-0.036,-0.014,0.038,0.053,5.409,-6.296,-0.01314,0.12,-0.12,0.0,0.0,0.0,0.0,1.0
209606.0,-0.0891,1.6664,-1.5338,0.342,-0.184,-0.599,-0.034,-0.034,0.039,0.053,5.405,-6.291,-0.00662,0.12,-0.12,0.0,0.0,0.0,0.0,1.0
209613.0,-0.0887,1.6685,-1.5363,0.277,-0.142,-0.471,-0.002,-0.032,0.015,0.053,5.4,-6.286,-0.00465,0.12,-0.12,0.0,0.0,0.0,0.0,1.0
209621.0,-0.0878,1.6728,-1.5413,0.247,0.109,-0.481,0.006,-0.042,0.009,0.053,5.396,-6.281,-0.00561,0.12,-0.12,0.0,0.0,0.0,0.0,1.0
209629.0,-0.0895,1.6741,-1.5408,-0.029,-0.104,-0.52,0.019,-0.02,-0.009,0.053,5.392,-6.276,-0.00656,0.12,-0.12,0.0,0.0,0.0,0.0,1.0
209637.0,-0.0886,1.6746,-1.5423,-0.017,0.077,-0.08,0.043,0.001,-0.02,0.053,5.387,-6.271,-0.00913,0.12,-0.12,0.0,0.0,0.0,0.0,1.0
209645.0,-0.0878,1.6739,-1.5423,-0.108,-0.089,-0.245,0.043,0.015,-0.033,0.053,5.383,-6.266,-0.00763,0.12,-0.12,0.0,0.0,0.0,0.0,1.0
209652.0,-0.0852,1.6748,-1.5459,-0.072,-0.14,-0.124,0.047,0.023,-0.043,0.053,5.379,-6.261,-0.00678,0.12,-0.12,0.0,0.0,0.0,0.0,1.0
209660.0,-0.0832,1.6737,-1.5468,0.063,-0.154,-0.139,0.036,0.025,-0.037,0.053,5.375,-6.256,-0.00477,0.12,-0.12,0.0,0.0,0.0,0.0,1.0
209668.0,-0.0798,1.6722,-1.5488,0.099,-0.206,-0.018,0.029,0.045,-0.02,0.053,5.37,-6.251,-0.00523,0.12,-0.12,0.0,0.0,0.0,0.0,1.0
209675.0,-0.0761,1.6711,-1.5514,0.389,-0.053,-0.038,0.016,0.047,-0.01,0.053,5.366,-6.246,-0.00234,0.12,-0.12,0.0,0.0,0.0,0.0,1.0
209683.0,-0.0758,1.6677,-1.5483,0.02,0.069,-0.002,-0.002,0.014,0.003,0.053,5.362,-6.241,-0.01267,0.12,-0.12,0.0,0.0,0.0,0.0,1.0
209691.0,-0.0799,1.6697,-1.5462,0.125,0.175,0.104,-0.011,0.001,0.006,0.052,5.357,-6.236,-0.01498,0.12,-0.12,0.0,0.0,0.0,0.0,1.0
209699.0,-0.081,1.6711,-1.5465,0.174,-0.022,0.252,-0.023,-0.022,0.018,0.052,5.353,-6.231,-0.0157,0.12,-0.12,0.0,0.0,0.0,0.0,1.0
209707.0,-0.0799,1.6684,-1.545,-0.01,0.103,0.205,-0.029,-0.01,0.042,0.052,5.349,-6.226,-0.02013,0.12,-0.12,0.0,0.0,0.0,0.0,1.0
209714.0,-0.0787,1.6686,-1.5463,-0.051,-0.002,-0.072,-0.033,-0.019,0.038,0.052,5.345,-6.221,-0.01754,0.12,-0.12,0.0,0.0,0.0,0.0,1.0
209722.0,-0.0781,1.6647,-1.5432,0.204,-0.316,0.305,-0.033,-0.027,0.043,0.052,5.34,-6.216,-0.01389,0.12,-0.12,0.0,0.0,0.0,0.0,1.0
209730.0,-0.0755,1.6681,-1.549,0.184,-0.152,-0.05,-0.017,-0.02,0.045,0.052,5.336,-6.211,-0.00981,0.12,-0.12,0.0,0.0,0.0,0.0,1.0
209737.0,-0.0733,1.6713,-1.5543,0.248,-0.193,-0.179,-0.014,-0.02,0.019,0.052,5.332,-6.206,-0.00608,0.12,-0.12,0.0,0.0,0.0,0.0,1.0
209745.0,-0.0687,1.6703,-1.558,0.257,-0.323,-0.481,0.009,-0.011,0.011,0.052,5.327,-6.201,0.00239,0.12,-0.12,0.0,0.0,0.0,0.0,1.0
209753.0,-0.069,1.6718,-1.5591,0.036,-0.275,-0.52,0.006,0.01,-0.002,0.052,5.323,-6.196,-0.00192,0.12,-0.12,0.0,0.0,0.0,0.0,1.0
209761.0,-0.0705,1.6724,-1.5583,-0.283,-0.307,-0.38,0.011,0.01,-0.019,0.052,5.319,-6.191,-0.00788,0.12,-0.12,0.0,0.0,0.0,0.0,1.0
209769.0,-0.0739,1.6741,-1.5565,-0.284,-0.35,-0.336,0.026,0.029,-0.029,0.052,5.315,-6.187,-0.00656,0.12,-0.12,0.0,0.0,0.0,0.0,1.0
209777.0,-0.0741,1.6738,-1.556,-0.313,-0.014,-0.431,0.014,0.025,-0.039,0.052,5.31,-6.182,-0.01069,0.12,-0.12,0.0,0.0,0.0,0.0,1.0
209784.0,-0.0727,1.6711,-1.5548,-0.298,-0.204,-0.362,0.013,0.016,-0.044,0.052,5.306,-6.177,-0.0091,0.12,-0.12,0.0,0.0,0.0,0.0,1.0
209792.0,-0.0696,1.6674,-1.5542,-0.142,-0.339,-0.065,0.009,0.003,-0.042,0.052,5.302,-6.172,-0.00804,0.12,-0.12,0.0,0.0,0.0,0.0,1.0
209800.0,-0.0667,1.6658,-1.5556,-0.198,-0.341,-0.326,0.01,0.021,-0.041,0.052,5.298,-6.167,-0.00588,0.12,-0.12,0.0,0.0,0.0,0.0,1.0
209807.0,-0.0632,1.6651,-1.5584,-0.262,-0.342,-0.155,-0.002,0.004,-0.026,0.052,5.294,-6.162,-0.00972,0.12,-0.12,0.0,0.0,0.0,0.0,1.0
209815.0,-0.0588,1.6618,-1.5596,-0.361,-0.378,-0.019,-0.002,-0.007,0.005,0.052,5.289,-6.157,-0.01152,0.12,-0.12,0.0,0.0,0.0,0.0,1.0
209823.0,-0.0587,1.6604,-1.5583,-0.177,-0.677,0.2,0.003,-0.029,0.02,0.052,5.285,-6.152,-0.007,0.12,-0.12,0.0,0.0,0.0,0.0,1.0
209831.0,-0.0601,1.6578,-1.5544,-0.256,-0.445,0.259,-0.006,-0.008,0.031,0.052,5.281,-6.147,-0.0128,0.12,-0.12,0.0,0.0,0.0,0.0,1.0
209839.0,-0.0609,1.6553,-1.5512,-0.206,-0.513,0.278,-0.001,-0.026,0.043,0.052,5.277,-6.142,-0.01094,0.12,-0.12,0.0,0.0,0.0,0.0,1.0
209846.0,-0.0656,1.6566,-1.5477,-0.315,0.055,0.241,-0.002,-0.007,0.048,0.052,5.272,-6.137,-0.01855,0.12,-0.12,0.0,0.0,0.0,0.0,1.0
209854.0,-0.0686,1.6592,-1.5472,-0.101,0.024,-0.048,-0.003,0.003,0.047,0.052,5.268,-6.132,-0.01283,0.12,-0.12,0.0,0.0,0.0,0.0,1.0
209862.0,-0.0694,1.6581,-1.5453,-0.356,-0.007,-0.079,-0.005,0.012,0.041,0.052,5.264,-6.127,-0.01707,0.12,-0.12,0.0,0.0,0.0,0.0,1.0
209869.0,-0.0716,1.6588,-1.5438,-0.25,0.185,-0.059,-0.018,0.025,0.01,0.051,5.26,-6.122,-0.01945,0.12,-0.12,0.0,0.0,0.0,0.0,1.0
209877.0,-0.07,1.6579,-1.5446,-0.185,0.272,-0.317,-0.012,0.014,-0.008,0.051,5.256,-6.118,-0.01537,0.12,-0.12,0.0,0.0,0.0,0.0,1.0
209885.0,-0.0695,1.6553,-1.5426,-0.194,0.229,0.158,-0.022,0.024,-0.018,0.051,5.251,-6.113,-0.02084,0.12,-0.12,0.0,0.0,0.0,0.0,1.0
209893.0,-0.0712,1.6548,-1.5404,-0.179,0.254,0.012,-0.014,0.014,-0.03,0.051,5.247,-6.108,-0.01858,0.12,-0.12,0.0,0.0,0.0,0.0,1.0
209900.0,-0.0739,1.6556,-1.5385,-0.399,0.215,0.059,-0.011,0.005,-0.05,0.051,5.243,-6.103,-0.02222,0.12,-0.12,0.0,0.0,0.0,0.0,1.0
209908.0,-0.0736,1.6547,-1.5378,-0.44,-0.148,0.041,-0.007,0.013,-0.049,0.051,5.239,-6.098,-0.01905,0.12,-0.12,0.0,0.0,0.0,0.0,1.0
209916.0,-0.0771,1.6577,-1.5373,-0.469,-0.071,0.204,0.001,-0.017,-0.04,0.051,5.235,-6.093,-0.021,0.12,-0.12,0.0,0.0,0.0,0.0,1.0
209924.0,-0.0769,1.6548,-1.5346,-0.384,0.069,0.085,0.019,-0.04,-0.034,0.051,5.23,-6.088,-0.01684,0.12,-0.12,0.0,0.0,0.0,0.0,1.0
209932.0,-0.0775,1.6552,-1.5345,-0.56,0.022,-0.221,0.019,-0.025,-0.019,0.051,5.226,-6.084,-0.01695,0.12,-0.12,0.0,0.0,0.0,0.0,1.0
209939.0,-0.0782,1.657,-1.5355,-0.184,0.012,-0.058,0.024,-0.04,0.01,0.051,5.222,-6.079,-0.01149,0.12,-0.12,0.0,0.0,0.0,0.0,1.0
209947.0,-0.0841,1.6584,-1.531,-0.32,0.113,-0.129,0.004,-0.051,0.033,0.051,5.218,-6.074,-0.01824,0.12,-0.12,0.0,0.0,0.0,0.0,1.0
209955.0,-0.0897,1.6612,-1.5281,-0.209,0.331,0.176,-0.002,-0.059,0.052,0.051,5.214,-6.069,-0.02315,0.12,-0.12,0.0,0.0,0.0,0.0,1.0
209962.0,-0.0948,1.6647,-1.5264,-0.371,0.139,-0.104,0.01,-0.011,0.05,0.051,5.209,-6.064,-0.02121,0.12,-0.12,0.0,0.0,0.0,0.0,1.0
209970.0,-0.0991,1.6651,-1.5225,-0.265,0.201,0.045,-0.003,-0.019,0.044,0.051,5.205,-6.059,-0.0241,0.12,-0.12,0.0,0.0,0.0,0.0,1.0
209978.0,-0.1023,1.6677,-1.5218,-0.28,0.175,0.192,-0.014,-0.005,0.036,0.051,5.201,-6.054,-0.02785,0.12,-0.12,0.0,0.0,0.0,0.0,1.0
209986.0,-0.107,1.6721,-1.5214,-0.01,0.189,0.119,-0.006,0.006,0.035,0.051,5.197,-6.049,-0.02256,0.12,-0.12,0.0,0.0,0.0,0.0,1.0
209993.0,-0.1084,1.6744,-1.5223,-0.116,0.17,-0.073,-0.028,0.032,0.007,0.051,5.193,-6.045,-0.02583,0.12,-0.12,0.0,0.0,0.0,0.0,1.0
210001.0,-0.1099,1.6775,-1.5238,0.033,0.096,-0.148,-0.025,0.038,-0.002,0.051,5.189,-6.04,-0.0219,0.12,-0.12,0.0,0.0,0.0,0.0,1.0
210009.0,-0.1114,1.6785,-1.5233,0.018,0.242,-0.174,-0.012,0.025,-0.025,0.051,5.185,-6.035,-0.02141,0.12,-0.12,0.0,0.0,0.0,0.0,1.0
210016.0,-0.1126,1.6795,-1.523,0.132,0.046,-0.197,-0.018,0.023,-0.036,0.051,5.18,-6.03,-0.01851,0.12,-0.12,0.0,0.0,0.0,0.0,1.0
210024.0,-0.1135,1.6818,-1.5244,0.082,0.114,-0.215,-0.017,0.005,-0.04,0.051,5.176,-6.025,-0.01979,0.12,-0.12,0.0,0.0,0.0,0.0,1.0
210032.0,-0.1157,1.6834,-1.5236,0.061,-0.154,-0.138,-0.011,0.016,-0.037,0.051,5.172,-6.021,-0.01815,0.12,-0.12,0.0,0.0,0.0,0.0,1.0
210040.0,-0.114,1.6857,-1.5277,0.076,-0.041,-0.371,0.002,-0.003,-0.024,0.05,5.168,-6.016,-0.01438,0.12,-0.12,0.0,0.0,0.0,0.0,1.0
210047.0,-0.1107,1.6849,-1.5302,-0.073,0.076,-0.339,0.013,-0.029,-0.031,0.05,5.164,-6.011,-0.01555,0.12,-0.12,0.0,0.0,0.0,0.0,1.0
210055.0,-0.1084,1.6822,-1.5299,0.261,-0.081,-0.41,0.016,-0.007,-0.02,0.05,5.16,-6.006,-0.00714,0.12,-0.12,0.0,0.0,0.0,0.0,1.0
210063.0,-0.1042,1.6782,-1.5301,0.112,-0.05,-0.292,0.011,0.002,-0.003,0.05,5.156,-6.001,-0.01105,0.12,-0.12,0.0,0.0,0.0,0.0,1.0
210071.0,-0.1028,1.678,-1.5314,0.091,-0.146,-0.387,0.007,-0.019,-0.007,0.05,5.151,-5.997,-0.00991,0.12,-0.12,0.0,0.0,0.0,0.0,1.0
210079.0,-0.0983,1.6793,-1.5371,-0.143,0.091,-0.496,0.014,-0.004,0.008,0.05,5.147,-5.992,-0.01315,0.12,-0.12,0.0,0.0,0.0,0.0,1.0
210086.0,-0.0976,1.6796,-1.5381,0.056,-0.31,-0.293,0.013,-0.01,0.007,0.05,5.143,-5.987,-0.00808,0.12,-0.12,0.0,0.0,0.0,0.0,1.0
210094.0,-0.0985,1.6825,-1.5401,-0.023,-0.121,-0.192,0.004,-0.002,0.021,0.05,5.139,-5.982,-0.01366,0.12,-0.12,0.0,0.0,0.0,0.0,1.0
210102.0,-0.0995,1.6842,-1.5407,0.041,-0.206,-0.277,-0.004,-0.017,0.027,0.05,5.135,-5.977,-0.01254,0.12,-0.12,0.0,0.0,0.0,0.0,1.0
210109.0,-0.0981,1.6843,-1.5422,-0.158,-0.279,-0.005,0.002,-0.01,0.026,0.05,5.131,-5.973,-0.01653,0.12,-0.12,0.0,0.0,0.0,0.0,1.0
210118.0,-0.0021,0.004,-0.0018,-0.612,-0.167,0.021,-0.0,0.015,0.019,0.05,5.127,-5.968,-0.00982,0.00504,0.0099,0.0,0.0,0.0,0.0,1.0
210125.0,-0.0043,0.0072,-0.0026,-0.365,0.166,0.181,-0.012,0.015,-0.003,0.05,5.123,-5.963,-0.01213,0.00843,0.00397,0.0,0.0,0.0,0.0,1.0
210133.0,-0.0018,0.0084,-0.0064,-0.379,0.183,0.283,-0.013,0.03,-0.017,0.05,5.119,-5.958,-0.01308,0.01037,0.00276,0.0,0.0,0.0,0.0,1.0
210141.0,-0.0018,0.0121,-0.0099,-0.103,0.482,0.236,-0.007,0.005,-0.009,0.05,5.114,-5.954,-0.00944,0.01101,-0.00252,0.0,0.0,0.0,0.0,1.0
210148.0,-0.0028,0.0131,-0.01,-0.173,0.282,0.295,-0.0,-0.006,-0.017,0.05,5.11,-5.949,-0.00852,0.00598,-0.00041,0.0,0.0,0.0,0.0,1.0
210156.0,-0.0019,0.0149,-0.0125,-0.052,0.543,0.125,0.01,0.0,-0.003,0.05,5.106,-5.944,-0.00542,0.01239,-0.00514,0.0,0.0,0.0,0.0,1.0
210164.0,-0.0016,0.0143,-0.0123,-0.009,0.276,0.031,0.016,-0.004,-0.008,0.05,5.102,-5.939,-0.00057,0.00716,-0.00564,0.0,0.0,0.0,0.0,1.0
210171.0,-0.002,0.0122,-0.0099,-0.029,0.051,0.065,0.026,-0.002,-0.003,0.05,5.098,-5.935,0.00194,0.0027,-0.00176,0.0,0.0,0.0,0.0,1.0
210179.0,-0.0019,0.0107,-0.0085,0.0,-0.07,-0.055,0.021,-0.019,0.008,0.05,5.094,-5.93,0.00402,-0.00162,-0.00082,0.0,0.0,0.0,0.0,1.0
210187.0,-0.0052,0.0119,-0.0063,-0.39,-0.172,0.015,0.018,0.003,0.029,0.05,5.09,-5.925,-0.00381,0.00284,0.00807,0.0,0.0,0.0,0.0,1.0
210194.0,-0.01,0.0145,-0.0041,-0.391,-0.344,0.188,0.006,-0.014,0.035,0.05,5.086,-5.92,-0.00659,-0.0039,0.01381,0.0,0.0,0.0,0.0,1.0
210202.0,-0.0166,0.0153,0.0017,-0.433,-0.449,-0.089,-0.011,-0.005,0.023,0.05,5.082,-5.916,-0.00792,-0.00146,0.01026,0.0,0.0,0.0,0.0,1.0
210210.0,-0.0203,0.0166,0.0041,-0.591,-0.115,0.158,-0.009,0.007,0.016,0.05,5.078,-5.911,-0.0163,0.00615,0.01246,0.0,0.0,0.0,0.0,1.0
210217.0,-0.021,0.0189,0.0026,-0.476,-0.138,-0.038,-0.032,0.044,0.026,0.05,5.074,-5.906,-0.01582,0.01154,0.00922,0.0,0.0,0.0,0.0,1.0
210225.0,-0.0225,0.0216,0.0015,-0.52,0.042,0.142,-0.023,0.002,0.004,0.05,5.07,-5.901,-0.01854,0.00888,0.00801,0.0,0.0,0.0,0.0,1.0
210233.0,-0.0238,0.0232,0.0012,-0.335,0.003,0.102,-0.036,0.012,-0.006,0.05,5.066,-5.897,-0.01648,0.00892,0.0043,0.0,0.0,0.0,0.0,1.0
210241.0,-0.024,0.024,0.0007,-0.115,-0.131,0.227,-0.047,0.018,-0.012,0.049,5.062,-5.892,-0.01372,0.00477,0.00459,0.0,0.0,0.0,0.0,1.0
210248.0,-0.024,0.0245,0.0001,0.02,0.027,0.04,-0.026,0.016,-0.018,0.049,5.058,-5.887,-0.00895,0.00779,-0.0023,0.0,0.0,0.0,0.0,1.0
210256.0,-0.024,0.0265,-0.0018,0.126,0.133,0.145,-0.027,-0.01,-0.02,0.049,5.054,-5.883,-0.00901,0.00427,-0.00295,0.0,0.0,0.0,0.0,1.0
210264.0,-0.0258,0.0288,-0.0022,-0.08,0.25,-0.083,-0.024,-0.003,-0.029,0.049,5.049,-5.878,-0.01142,0.01161,-0.00728,0.0,0.0,0.0,0.0,1.0
210271.0,-0.0316,0.0303,0.0021,0.09,0.227,-0.019,0.02,-0.023,-0.015,0.049,5.045,-5.873,-0.00339,0.00634,-0.00493,0.0,0.0,0.0,0.0,1.0
210279.0,-0.0296,0.0316,-0.0012,-0.25,0.272,-0.146,0.022,-0.042,-0.017,0.049,5.041,-5.868,-0.00755,0.0092,-0.0053,0.0,0.0,0.0,0.0,1.0
210287.0,-0.0282,0.0299,-0.0008,-0.086,-0.036,-0.109,0.052,-0.022,-0.004,0.049,5.037,-5.864,0.0005,0.00369,-0.00177,0.0,0.0,0.0,0.0,1.0
210295.0,-0.0281,0.0296,-0.0007,-0.192,-0.314,-0.042,0.047,-0.032,0.001,0.049,5.033,-5.859,0.00018,-0.00232,0.00361,0.0,0.0,0.0,0.0,1.0
210303.0,-0.0277,0.0271,0.0014,-0.312,-0.187,-0.26,0.033,-0.006,0.006,0.049,5.029,-5.854,-0.00233,0.00584,0.00117,0.0,0.0,0.0,0.0,1.0
210311.0,-0.0329,0.0262,0.0073,-0.439,-0.518,-0.331,0.028,-0.009,0.024,0.049,5.025,-5.85,-0.00279,0.00096,0.00779,0.0,0.0,0.0,0.0,1.0
210318.0,-0.0361,0.023,0.0137,-0.383,-0.474,-0.113,0.016,0.007,0.006,0.049,5.021,-5.845,-0.00638,0.00139,0.00931,0.0,0.0,0.0,0.0,1.0
210326.0,-0.0381,0.0222,0.0165,-0.363,-0.335,-0.061,0.021,-0.001,0.008,0.049,5.017,-5.84,-0.00743,0.0018,0.00978,0.0,0.0,0.0,0.0,1.0
210334.0,-0.0385,0.0228,0.0163,-0.151,-0.253,0.28,-0.018,0.024,0.001,0.049,5.013,-5.836,-0.01375,0.0028,0.01183,0.0,0.0,0.0,0.0,1.0
210341.0,-0.0404,0.0276,0.0136,-0.116,-0.174,0.271,-0.024,0.007,-0.013,0.049,5.009,-5.831,-0.01475,0.00259,0.00812,0.0,0.0,0.0,0.0,1.0
210349.0,-0.0444,0.0309,0.0144,-0.146,0.119,0.219,-0.049,0.022,-0.015,0.049,5.005,-5.826,-0.02066,0.01165,0.00489,0.0,0.0,0.0,0.0,1.0
210357.0,-0.0453,0.0323,0.0138,-0.046,0.242,-0.003,-0.067,0.0,0.007,0.049,5.001,-5.822,-0.01912,0.01179,0.00268,0.0,0.0,0.0,0.0,1.0
210365.0,-0.0412,0.0282,0.0137,0.125,0.348,-0.069,-0.052,0.012,0.003,0.049,4.997,-5.817,-0.01499,0.01388,-0.00161,0.0,0.0,0.0,0.0,1.0
210373.0,-0.0443,0.0297,0.0154,-0.131,0.447,-0.229,-0.028,0.012,0.01,0.049,4.993,-5.812,-0.01726,0.01934,-0.00153,0.0,0.0,0.0,0.0,1.0
210381.0,-0.0474,0.0294,0.0188,0.024,0.268,0.111,-0.018,-0.006,0.003,0.049,4.989,-5.808,-0.01541,0.00886,0.00399,0.0,0.0,0.0,0.0,1.0
210389.0,-0.0485,0.027,0.0223,0.059,0.476,-0.025,0.007,-0.025,-0.012,0.049,4.985,-5.803,-0.01141,0.01016,-0.00221,0.0,0.0,0.0,0.0,1.0
210396.0,-0.0452,0.0255,0.0204,0.083,-0.103,0.001,0.031,-0.013,-0.003,0.049,4.981,-5.798,-0.00243,0.0005,0.00383,0.0,0.0,0.0,0.0,1.0
210404.0,-0.0432,0.022,0.0217,0.118,0.191,-0.223,0.051,-0.013,-0.0,0.049,4.977,-5.794,-0.00016,0.00664,-0.00224,0.0,0.0,0.0,0.0,1.0
210411.0,-0.0439,0.0235,0.021,-0.014,-0.381,-0.363,0.073,0.006,-0.01,0.049,4.973,-5.789,0.00458,0.00189,-0.00052,0.0,0.0,0.0,0.0,1.0
210419.0,-0.0435,0.0237,0.0204,0.276,-0.272,-0.34,0.058,0.01,0.001,0.049,4.969,-5.785,0.00773,0.00189,-0.00197,0.0,0.0,0.0,0.0,1.0
210427.0,-0.0424,0.0225,0.0206,0.255,-0.54,-0.263,0.038,0.011,-0.0,0.049,4.965,-5.78,0.00776,-0.00344,0.00174,0.0,0.0,0.0,0.0,1.0
210435.0,-0.0457,0.0262,0.0202,0.266,-0.142,-0.038,0.007,0.011,-0.004,0.049,4.961,-5.775,-0.00217,0.00275,0.00154,0.0,0.0,0.0,0.0,1.0
210442.0,-0.0502,0.0304,0.0206,0.266,-0.098,-0.081,-0.032,-0.013,-0.008,0.049,4.957,-5.771,-0.00861,0.00113,0.00035,0.0,0.0,0.0,0.0,1.0
210450.0,-0.0524,0.035,0.0183,0.292,0.24,0.084,-0.029,-0.005,-0.005,0.048,4.953,-5.766,-0.0127,0.00777,3e-05,0.0,0.0,0.0,0.0,1.0
210458.0,-0.0547,0.0382,0.0175,0.099,0.409,0.425,-0.056,-0.009,-0.005,0.048,4.949,-5.762,-0.0233,0.00972,0.00621,0.0,0.0,0.0,0.0,1.0
210465.0,-0.0542,0.0406,0.0147,0.327,0.276,0.118,-0.071,0.001,-0.006,0.048,4.945,-5.757,-0.01609,0.01008,-0.00072,0.0,0.0,0.0,0.0,1.0
210473.0,-0.0518,0.0406,0.0123,0.207,0.144,0.159,-0.075,-0.003,0.004,0.048,4.942,-5.752,-0.01704,0.00773,0.00329,0.0,0.0,0.0,0.0,1.0
210481.0,-0.0481,0.0378,0.0112,0.336,0.232,-0.27,-0.056,0.013,0.006,0.048,4.938,-5.748,-0.01026,0.01381,-0.00605,0.0,0.0,0.0,0.0,1.0
210488.0,-0.0399,0.0329,0.0079,0.325,-0.338,-0.322,-0.026,-0.003,0.012,0.048,4.934,-5.743,-0.00069,0.0003,-0.00186,0.0,0.0,0.0,0.0,1.0
210496.0,-0.0346,0.0287,0.0066,0.431,-0.319,-0.13,-0.008,0.01,0.011,0.048,4.93,-5.739,0.00279,-0.00077,-0.00019,0.0,0.0,0.0,0.0,1.0
210504.0,-0.0312,0.0246,0.0072,0.283,-0.659,-0.384,0.012,0.019,0.007,0.048,4.926,-5.734,0.00928,-0.00313,-0.00107,0.0,0.0,0.0,0.0,1.0
210512.0,-0.0288,0.0212,0.0082,0.14,-0.472,-0.11,0.033,0.009,0.004,0.048,4.922,-5.729,0.00607,-0.00313,0.00307,0.0,0.0,0.0,0.0,1.0
210519.0,-0.0274,0.0196,0.0083,-0.13,-0.227,-0.296,0.056,-0.004,0.004,0.048,4.918,-5.725,0.00331,0.00262,0.00011,0.0,0.0,0.0,0.0,1.0
210527.0,-0.0248,0.0165,0.0087,-0.159,-0.021,-0.262,0.074,-0.009,-0.011,0.048,4.914,-5.72,0.00218,0.00496,-0.00322,0.0,0.0,0.0,0.0,1.0
210535.0,-0.021,0.0152,0.0063,-0.252,0.142,-0.014,0.068,-0.007,-0.026,0.048,4.91,-5.716,-0.0024,0.0066,-0.00204,0.0,0.0,0.0,0.0,1.0
210542.0,-0.0176,0.0161,0.0019,-0.017,0.163,-0.165,0.073,-0.005,-0.013,0.048,4.906,-5.711,0.00357,0.00689,-0.00605,0.0,0.0,0.0,0.0,1.0
210550.0,-0.0141,0.0187,-0.0041,0.189,0.392,-0.283,0.049,-0.021,-0.004,0.048,4.902,-5.707,0.00578,0.00837,-0.01158,0.0,0.0,0.0,0.0,1.0
210558.0,-0.0119,0.0194,-0.007,-0.031,0.396,-0.278,0.026,-0.018,-0.004,0.048,4.898,-5.702,0.00018,0.01094,-0.00989,0.0,0.0,0.0,0.0,1.0
210566.0,-0.0149,0.0183,-0.0029,-0.06,0.387,-0.028,0.006,-0.002,0.01,0.048,4.894,-5.697,-0.00627,0.01119,-0.00228,0.0,0.0,0.0,0.0,1.0
210574.0,-0.0144,0.0158,-0.0009,0.052,0.518,0.363,-0.017,-0.015,0.012,0.048,4.89,-5.693,-0.01239,0.00687,0.00317,0.0,0.0,0.0,0.0,1.0
210581.0,-0.0222,0.017,0.0057,-0.269,0.4,0.59,-0.037,-0.005,0.001,0.048,4.886,-5.688,-0.02301,0.00738,0.01075,0.0,0.0,0.0,0.0,1.0
210589.0,-0.0259,0.0196,0.0068,-0.509,0.309,0.499,-0.059,-0.003,0.004,0.048,4.883,-5.684,-0.02781,0.00948,0.01304,0.0,0.0,0.0,0.0,1.0
210597.0,-0.0287,0.0206,0.0086,-0.503,0.292,0.827,-0.065,-0.009,0.008,0.048,4.879,-5.679,-0.03138,0.00562,0.01974,0.0,0.0,0.0,0.0,1.0
210605.0,-0.0272,0.019,0.0086,-0.373,0.121,0.656,-0.068,0.025,0.012,0.048,4.875,-5.675,-0.02623,0.00777,0.0176,0.0,0.0,0.0,0.0,1.0
210612.0,-0.026,0.0182,0.0083,-0.314,0.053,0.242,-0.063,0.006,0.021,0.048,4.871,-5.67,-0.02037,0.00652,0.01189,0.0,0.0,0.0,0.0,1.0
210620.0,-0.0225,0.0171,0.0059,-0.299,0.165,0.009,-0.039,0.027,0.024,0.047,4.867,-5.666,-0.0168,0.01313,0.0064,0.0,0.0,0.0,0.0,1.0
210628.0,-0.0273,0.019,0.0088,-0.293,0.278,0.208,-0.025,0.006,0.024,0.047,4.863,-5.661,-0.01874,0.01075,0.0094,0.0,0.0,0.0,0.0,1.0
210636.0,-0.0241,0.0157,0.0088,-0.313,0.354,-0.06,0.004,0.018,0.014,0.047,4.859,-5.656,-0.01227,0.01565,0.00278,0.0,0.0,0.0,0.0,1.0
210644.0,-0.0316,0.02,0.0121,-0.364,0.423,-0.078,0.032,0.009,-0.001,0.047,4.855,-5.652,-0.0111,0.01695,0.00048,0.0,0.0,0.0,0.0,1.0
210651.0,-0.0351,0.0237,0.012,-0.557,0.635,0.221,0.051,-0.005,-0.011,0.047,4.852,-5.647,-0.01783,0.01831,0.00388,0.0,0.0,0.0,0.0,1.0
210659.0,-0.0423,0.0299,0.0132,-0.613,0.332,0.263,0.055,-0.03,-0.02,0.047,4.848,-5.643,-0.01757,0.01064,0.00675,0.0,0.0,0.0,0.0,1.0
210667.0,-0.0418,0.0292,0.0133,-0.619,0.219,0.064,0.06,-0.031,-0.028,0.047,4.844,-5.638,-0.01448,0.01008,0.00345,0.0,0.0,0.0,0.0,1.0
210675.0,-0.0428,0.0304,0.0131,-0.37,0.138,-0.104,0.053,-0.007,-0.03,0.047,4.84,-5.634,-0.0087,0.01153,-0.00146,0.0,0.0,0.0,0.0,1.0
210682.0,-0.0447,0.0319,0.0136,0.091,-0.034,0.242,0.041,-0.013,-0.014,0.047,4.836,-5.629,-0.00391,0.00112,0.00418,0.0,0.0,0.0,0.0,1.0
210690.0,-0.0496,0.0377,0.0128,-0.256,0.201,-0.387,0.023,-0.019,-0.005,0.047,4.832,-5.625,-0.00908,0.01392,-0.00408,0.0,0.0,0.0,0.0,1.0
210698.0,-0.0582,0.0421,0.0172,-0.116,0.127,-0.029,0.007,0.001,0.009,0.047,4.828,-5.62,-0.01362,0.01236,0.0045,0.0,0.0,0.0,0.0,1.0
210705.0,-0.067,0.046,0.0222,-0.047,0.284,-0.045,-0.012,-0.011,0.019,0.047,4.824,-5.616,-0.01849,0.01374,0.00499,0.0,0.0,0.0,0.0,1.0
210713.0,-0.0757,0.0496,0.0274,-0.197,0.186,0.203,-0.033,0.011,0.026,0.047,4.82,-5.611,-0.02714,0.01541,0.01341,0.0,0.0,0.0,0.0,1.0
210721.0,-0.0807,0.0529,0.0292,-0.206,0.445,0.376,-0.056,0.005,0.024,0.047,4.817,-5.607,-0.03392,0.01862,0.01453,0.0,0.0,0.0,0.0,1.0
210728.0,-0.0854,0.0562,0.0307,0.008,0.2,0.302,-0.055,0.033,0.013,0.047,4.813,-5.602,-0.02854,0.01759,0.0121,0.0,0.0,0.0,0.0,1.0
210736.0,-0.0844,0.0568,0.0292,0.207,0.229,0.073,-0.065,0.019,0.012,0.047,4.809,-5.598,-0.02351,0.01675,0.00577,0.0,0.0,0.0,0.0,1.0
210744.0,-0.0803,0.057,0.0248,0.017,0.286,-0.216,-0.059,0.02,-0.007,0.047,4.805,-5.593,-0.02334,0.02201,-0.00195,0.0,0.0,0.0,0.0,1.0
210752.0,-0.0772,0.0556,0.023,0.337,0.231,-0.27,-0.051,0.03,-0.011,0.047,4.801,-5.589,-0.01589,0.01988,-0.00642,0.0,0.0,0.0,0.0,1.0
210759.0,-0.0729,0.0539,0.0205,0.516,-0.007,-0.422,-0.032,0.022,-0.002,0.047,4.798,-5.585,-0.00683,0.01376,-0.00781,0.0,0.0,0.0,0.0,1.0
210767.0,-0.0717,0.0507,0.0224,0.495,-0.318,-0.301,-0.005,0.01,-0.012,0.047,4.794,-5.58,-0.00149,0.00487,-0.00414,0.0,0.0,0.0,0.0,1.0
210775.0,-0.0683,0.0458,0.0237,0.275,-0.185,-0.426,0.015,0.005,-0.008,0.047,4.79,-5.576,-0.00155,0.00819,-0.00455,0.0,0.0,0.0,0.0,1.0
210782.0,-0.068,0.0472,0.022,0.125,-0.197,-0.265,0.046,0.014,-0.036,0.047,4.786,-5.571,-0.00173,0.00967,-0.00465,0.0,0.0,0.0,0.0,1.0
210790.0,-0.068,0.049,0.0202,0.04,-0.163,-0.318,0.064,-0.018,-0.031,0.047,4.782,-5.567,-0.00173,0.00664,-0.00481,0.0,0.0,0.0,0.0,1.0
210798.0,-0.0626,0.0506,0.0133,0.204,-0.126,-0.626,0.07,0.005,-0.02,0.047,4.778,-5.562,0.00471,0.01236,-0.01214,0.0,0.0,0.0,0.0,1.0
210806.0,-0.0581,0.0526,0.0068,0.275,-0.012,-0.599,0.066,-0.013,-0.005,0.047,4.775,-5.558,0.00548,0.0112,-0.01233,0.0,0.0,0.0,0.0,1.0
210813.0,-0.0529,0.0539,0.0004,0.369,-0.174,-0.848,0.054,-0.026,0.0,0.047,4.771,-5.553,0.01122,0.008,-0.0163,0.0,0.0,0.0,0.0,1.0
210821.0,-0.0476,0.0532,-0.0041,0.56,0.071,-0.861,0.024,-0.018,0.027,0.047,4.767,-5.549,0.01065,0.0118,-0.0173,0.0,0.0,0.0,0.0,1.0
210828.0,-0.0452,0.054,-0.0073,0.31,-0.063,-0.478,0.008,-0.009,0.022,0.047,4.763,-5.545,0.00222,0.00985,-0.00853,0.0,0.0,0.0,0.0,1.0
210836.0,-0.0425,0.051,-0.0072,0.331,-0.183,-0.166,-0.016,-0.008,0.017,0.047,4.759,-5.54,-0.00248,0.00453,-0.00291,0.0,0.0,0.0,0.0,1.0
210844.0,-0.0413,0.0515,-0.0089,0.152,-0.118,0.158,-0.033,-0.005,0.024,0.047,4.755,-5.536,-0.01101,0.00519,0.00436,0.0,0.0,0.0,0.0,1.0
210852.0,-0.0421,0.0522,-0.0087,0.003,0.0,0.189,-0.047,-0.005,0.01,0.046,4.752,-5.531,-0.01621,0.00865,0.00342,0.0,0.0,0.0,0.0,1.0
210859.0,-0.0396,0.0533,-0.0123,0.059,0.261,0.19,-0.068,0.013,0.011,0.046,4.748,-5.527,-0.0182,0.01598,0.00012,0.0,0.0,0.0,0.0,1.0
210867.0,-0.0337,0.0552,-0.0201,0.394,0.017,0.204,-0.05,0.013,0.008,0.046,4.744,-5.522,-0.00839,0.00905,-0.00277,0.0,0.0,0.0,0.0,1.0
210875.0,-0.0254,0.0543,-0.0274,0.225,0.212,-0.033,-0.053,0.005,-0.013,0.046,4.74,-5.518,-0.00906,0.01462,-0.01165,0.0,0.0,0.0,0.0,1.0
210882.0,-0.0199,0.0563,-0.0349,0.504,0.011,-0.322,-0.037,0.008,-0.004,0.046,4.736,-5.514,0.00233,0.01174,-0.01767,0.0,0.0,0.0,0.0,1.0
210890.0,-0.0168,0.0564,-0.0381,0.39,0.034,-0.125,-0.014,-0.015,-0.002,0.046,4.733,-5.509,0.00201,0.00786,-0.01393,0.0,0.0,0.0,0.0,1.0
210898.0,-0.0154,0.0538,-0.0369,0.064,-0.024,-0.27,0.004,0.002,-0.007,0.046,4.729,-5.505,0.00142,0.01284,-0.01358,0.0,0.0,0.0,0.0,1.0
210906.0,-0.0138,0.052,-0.0369,-0.085,-0.079,-0.065,0.029,-0.015,-0.004,0.046,4.725,-5.5,0.0014,0.00815,-0.00789,0.0,0.0,0.0,0.0,1.0
210913.0,-0.016,0.0481,-0.0309,-0.355,-0.18,0.094,0.068,-0.021,-0.003,0.046,4.721,-5.496,-0.00136,0.00541,-0.00062,0.0,0.0,0.0,0.0,1.0
210921.0,-0.0173,0.0498,-0.0312,-0.326,-0.386,0.06,0.087,-0.009,-0.001,0.046,4.718,-5.492,0.00136,0.00379,0.00029,0.0,0.0,0.0,0.0,1.0
210929.0,-0.018,0.0467,-0.0275,-0.171,-0.263,0.098,0.077,0.009,-0.005,0.046,4.714,-5.487,0.00214,0.0068,-0.00136,0.0,0.0,0.0,0.0,1.0
210936.0,-0.0162,0.0445,-0.0271,-0.426,-0.294,0.066,0.058,-0.001,0.005,0.046,4.71,-5.483,-0.00203,0.00662,0.0024,0.0,0.0,0.0,0.0,1.0
210944.0,-0.013,0.0433,-0.0291,-0.29,-0.05,-0.207,0.033,0.002,0.001,0.046,4.706,-5.478,-0.00061,0.0125,-0.00638,0.0,0.0,0.0,0.0,1.0
210952.0,-0.014,0.0474,-0.0322,0.108,-0.292,-0.364,0.004,0.0,0.012,0.046,4.702,-5.474,0.00539,0.00669,-0.00941,0.0,0.0,0.0,0.0,1.0
210960.0,-0.0167,0.0491,-0.031,-0.127,-0.227,-0.299,-0.035,-0.01,0.009,0.046,4.699,-5.47,-0.00572,0.00821,-0.00656,0.0,0.0,0.0,0.0,1.0
210968.0,-0.0212,0.052,-0.0294,-0.15,0.135,-0.11,-0.062,0.003,-0.013,0.046,4.695,-5.465,-0.01371,0.01621,-0.00929,0.0,0.0,0.0,0.0,1.0
210975.0,-0.0244,0.0546,-0.0288,-0.52,0.085,0.099,-0.076,0.005,-0.003,0.046,4.691,-5.461,-0.02273,0.01751,-0.00015,0.0,0.0,0.0,0.0,1.0
210983.0,-0.027,0.0524,-0.024,-0.47,-0.07,0.204,-0.073,-0.008,-0.007,0.046,4.687,-5.457,-0.02186,0.01094,0.00288,0.0,0.0,0.0,0.0,1.0
210991.0,-0.0291,0.0476,-0.0172,-0.405,-0.199,0.162,-0.046,0.014,-0.005,0.046,4.684,-5.452,-0.01851,0.0107,0.00418,0.0,0.0,0.0,0.0,1.0
210999.0,-0.028,0.0433,-0.0142,-0.065,-0.115,0.161,-0.04,0.005,-0.009,0.046,4.68,-5.448,-0.01262,0.00719,0.00031,0.0,0.0,0.0,0.0,1.0
211006.0,-0.0264,0.0403,-0.0129,-0.185,-0.117,0.072,-0.01,0.023,-0.003,0.046,4.676,-5.443,-0.0098,0.01073,0.0008,0.0,0.0,0.0,0.0,1.0
211014.0,-0.0268,0.0399,-0.0121,-0.141,-0.168,-0.238,0.014,0.006,0.008,0.046,4.672,-5.439,-0.00205,0.00924,-0.0026,0.0,0.0,0.0,0.0,1.0
211022.0,-0.0226,0.0358,-0.0123,-0.02,-0.253,-0.063,0.04,0.008,0.012,0.045,4.669,-5.435,0.00299,0.00464,0.00045,0.0,0.0,0.0,0.0,1.0
211029.0,-0.0224,0.0355,-0.0122,-0.006,-0.399,-0.037,0.056,0.022,0.019,0.046,4.665,-5.43,0.00534,0.00358,0.00279,0.0,0.0,0.0,0.0,1.0
211037.0,-0.03,0.0358,-0.0048,-0.256,-0.317,0.132,0.063,0.014,0.013,0.046,4.661,-5.426,-0.00227,0.00465,0.00791,0.0,0.0,0.0,0.0,1.0
211044.0,-0.0363,0.0385,-0.0012,0.26,-0.013,0.263,0.068,0.016,0.004,0.046,4.658,-5.422,0.00166,0.00561,0.00223,0.0,0.0,0.0,0.0,1.0
211052.0,-0.0403,0.0439,-0.0024,0.11,0.149,0.251,0.056,0.0,-0.002,0.046,4.654,-5.417,-0.00342,0.00862,0.00098,0.0,0.0,0.0,0.0,1.0
211060.0,-0.0439,0.0463,-0.0012,0.06,0.26,0.19,0.051,-0.013,0.001,0.046,4.65,-5.413,-0.00561,0.00992,0.00029,0.0,0.0,0.0,0.0,1.0
211068.0,-0.0476,0.0525,-0.0035,0.024,0.441,-0.061,0.017,-0.022,-0.012,0.046,4.646,-5.409,-0.00961,0.01586,-0.00746,0.0,0.0,0.0,0.0,1.0
211075.0,-0.0504,0.0554,-0.0036,0.194,0.505,-0.084,0.002,-0.012,-0.005,0.046,4.643,-5.404,-0.01011,0.01791,-0.00882,0.0,0.0,0.0,0.0,1.0
211083.0,-0.0494,0.0564,-0.0055,0.393,0.448,-0.226,-0.014,-0.003,-0.013,0.045,4.639,-5.4,-0.00723,0.01814,-0.0143,0.0,0.0,0.0,0.0,1.0
211091.0,-0.0455,0.0507,-0.0039,0.24,-0.091,-0.591,-0.042,-0.015,-0.004,0.045,4.635,-5.396,-0.00443,0.00966,-0.01246,0.0,0.0,0.0,0.0,1.0
211098.0,-0.0415,0.0464,-0.0037,0.141,-0.085,-0.498,-0.041,0.025,-0.008,0.045,4.632,-5.391,-0.00628,0.01511,-0.01088,0.0,0.0,0.0,0.0,1.0
211106.0,-0.037,0.04,-0.0019,0.106,-0.38,-0.274,-0.037,0.021,0.006,0.045,4.628,-5.387,-0.00518,0.00625,-0.00163,0.0,0.0,0.0,0.0,1.0
211114.0,-0.033,0.0364,-0.0024,-0.049,-0.418,-0.398,-0.041,-0.009,0.017,0.045,4.624,-5.383,-0.00579,0.00244,-0.00033,0.0,0.0,0.0,0.0,1.0
211122.0,-0.0313,0.0347,-0.0025,-0.249,-0.361,-0.255,-0.033,0.012,0.014,0.045,4.621,-5.378,-0.00997,0.00687,0.00286,0.0,0.0,0.0,0.0,1.0
211130.0,-0.0291,0.035,-0.005,-0.072,-0.314,0.05,-0.023,-0.006,0.017,0.045,4.617,-5.374,-0.0084,0.00082,0.006,0.0,0.0,0.0,0.0,1.0
211138.0,-0.0273,0.036,-0.0078,0.198,-0.213,-0.109,-0.007,-0.019,0.011,0.045,4.613,-5.37,-0.00045,-9e-05,-0.00152,0.0,0.0,0.0,0.0,1.0
211145.0,-0.0237,0.0405,-0.0157,0.084,0.027,-0.129,0.007,-0.014,0.015,0.045,4.609,-5.366,-0.00134,0.00694,-0.00394,0.0,0.0,0.0,0.0,1.0
211153.0,-0.0189,0.0409,-0.021,0.41,0.301,-0.201,0.021,-0.019,0.015,0.045,4.606,-5.361,0.0056,0.00914,-0.0117,0.0,0.0,0.0,0.0,1.0
211161.0,-0.0191,0.0447,-0.0245,0.196,0.418,0.002,0.023,-0.011,0.016,0.045,4.602,-5.357,-0.00071,0.01333,-0.00781,0.0,0.0,0.0,0.0,1.0
211168.0,-0.0159,0.0455,-0.0284,0.495,0.182,-0.061,0.048,-0.035,-0.005,0.045,4.598,-5.353,0.01046,0.00397,-0.01371,0.0,0.0,0.0,0.0,1.0
211176.0,-0.0102,0.046,-0.0346,0.346,0.213,0.056,0.04,-0.002,-0.029,0.045,4.595,-5.348,0.00708,0.00974,-0.01551,0.0,0.0,0.0,0.0,1.0
211184.0,-0.0047,0.045,-0.0391,0.021,-0.018,0.084,0.055,0.004,-0.032,0.045,4.591,-5.344,0.00547,0.00873,-0.01151,0.0,0.0,0.0,0.0,1.0
211192.0,-0.0017,0.0405,-0.0378,0.021,0.068,-0.002,0.045,0.007,-0.022,0.045,4.587,-5.34,0.00541,0.01054,-0.01215,0.0,0.0,0.0,0.0,1.0
211200.0,0.001,0.0376,-0.0376,0.08,-0.216,-0.2,0.031,0.033,-0.02,0.045,4.584,-5.336,0.00971,0.00957,-0.01341,0.0,0.0,0.0,0.0,1.0
211208.0,-0.002,0.0384,-0.0354,-0.225,-0.395,-0.033,0.02,0.033,-0.026,0.045,4.58,-5.331,0.00257,0.00774,-0.00647,0.0,0.0,0.0,0.0,1.0
211215.0,-0.0018,0.0366,-0.0338,-0.126,-0.445,-0.083,0.002,0.012,-0.005,0.045,4.576,-5.327,0.00239,0.00318,-0.00427,0.0,0.0,0.0,0.0,1.0
211223.0,-0.0001,0.0372,-0.0361,-0.231,-0.464,-0.275,-0.021,0.049,0.001,0.045,4.573,-5.323,-0.00089,0.00987,-0.00608,0.0,0.0,0.0,0.0,1.0
211231.0,-0.0024,0.0346,-0.0314,-0.24,-0.378,0.07,-0.042,0.024,0.008,0.045,4.569,-5.319,-0.0076,0.00558,0.0016,0.0,0.0,0.0,0.0,1.0
211238.0,-0.0044,0.0369,-0.0316,-0.305,-0.249,0.112,-0.04,0.004,0.023,0.045,4.565,-5.314,-0.01043,0.00548,0.00405,0.0,0.0,0.0,0.0,1.0
211246.0,-0.0054,0.039,-0.0326,-0.305,-0.206,0.069,-0.055,0.017,0.025,0.045,4.562,-5.31,-0.01178,0.00915,0.00306,0.0,0.0,0.0,0.0,1.0
211254.0,-0.0107,0.0417,-0.0299,-0.399,0.129,0.145,-0.047,-0.008,0.022,0.045,4.558,-5.306,-0.01734,0.01203,0.00264,0.0,0.0,0.0,0.0,1.0
211262.0,-0.0105,0.0395,-0.028,-0.307,0.209,0.397,-0.04,-0.008,0.011,0.044,4.555,-5.302,-0.0181,0.00999,0.0042,0.0,0.0,0.0,0.0,1.0
211269.0,-0.0152,0.0434,-0.0271,-0.058,0.257,0.099,-0.021,-0.026,0.011,0.044,4.551,-5.297,-0.01023,0.00945,-0.00337,0.0,0.0,0.0,0.0,1.0
211277.0,-0.0169,0.0461,-0.028,-0.272,0.46,0.216,-0.003,-0.016,0.011,0.044,4.547,-5.293,-0.01431,0.01587,-0.00164,0.0,0.0,0.0,0.0,1.0
211285.0,-0.0156,0.0439,-0.0272,0.062,0.303,0.145,0.016,-0.02,-0.005,0.044,4.544,-5.289,-0.00325,0.00968,-0.00703,0.0,0.0,0.0,0.0,1.0
211292.0,-0.0133,0.0403,-0.026,0.077,0.026,0.301,0.031,-0.02,0.002,0.044,4.54,-5.285,0.00023,0.00248,-0.00083,0.0,0.0,0.0,0.0,1.0
211300.0,-0.0131,0.0365,-0.0224,-0.008,0.102,0.204,0.031,0.001,-0.015,0.044,4.536,-5.28,-0.00093,0.00783,-0.00441,0.0,0.0,0.0,0.0,1.0
211308.0,-0.0143,0.0367,-0.0214,-0.043,0.153,0.083,0.043,-0.012,-0.023,0.044,4.533,-5.276,0.00017,0.00807,-0.00745,0.0,0.0,0.0,0.0,1.0
211316.0,-0.0128,0.0324,-0.0188,0.022,-0.062,0.127,0.04,0.012,-0.019,0.044,4.529,-5.272,0.00253,0.00615,-0.00449,0.0,0.0,0.0,0.0,1.0
211323.0,-0.0122,0.0323,-0.0193,-0.169,-0.049,-0.118,0.027,0.019,-0.011,0.044,4.525,-5.268,4e-05,0.01112,-0.00602,0.0,0.0,0.0,0.0,1.0
211331.0,-0.0134,0.0351,-0.0208,0.065,-0.07,-0.226,0.023,0.007,-0.013,0.044,4.522,-5.264,0.00457,0.00844,-0.01034,0.0,0.0,0.0,0.0,1.0
211339.0,-0.016,0.0372,-0.0202,-0.269,0.044,-0.111,-0.02,0.008,-0.003,0.044,4.518,-5.259,-0.01021,0.01307,-0.00426,0.0,0.0,0.0,0.0,1.0
211347.0,-0.0179,0.038,-0.019,-0.205,0.046,-0.283,-0.025,0.011,0.0,0.044,4.515,-5.255,-0.00872,0.01472,-0.00705,0.0,0.0,0.0,0.0,1.0
211354.0,-0.0237,0.0422,-0.0173,-0.015,0.248,-0.252,-0.031,0.017,0.002,0.044,4.511,-5.251,-0.00937,0.01829,-0.0093,0.0,0.0,0.0,0.0,1.0
211362.0,-0.0273,0.0474,-0.0189,0.005,0.258,-0.071,-0.047,0.023,0.007,0.044,4.507,-5.247,-0.01304,0.01872,-0.00597,0.0,0.0,0.0,0.0,1.0
211370.0,-0.028,0.052,-0.0226,0.111,0.45,-0.051,-0.029,-0.006,0.003,0.044,4.504,-5.243,-0.01137,0.01763,-0.00957,0.0,0.0,0.0,0.0,1.0
211378.0,-0.0307,0.0543,-0.0222,0.26,0.332,-0.083,-0.041,-0.0,0.013,0.044,4.5,-5.238,-0.00942,0.01594,-0.00875,0.0,0.0,0.0,0.0,1.0
211386.0,-0.0292,0.0545,-0.0239,0.345,0.385,-0.116,-0.026,-0.022,0.016,0.044,4.497,-5.234,-0.00607,0.01307,-0.01048,0.0,0.0,0.0,0.0,1.0
211393.0,-0.0245,0.0525,-0.0267,0.396,0.317,-0.097,-0.019,-0.026,0.03,0.044,4.493,-5.23,-0.00293,0.0102,-0.00875,0.0,0.0,0.0,0.0,1.0
211401.0,-0.0214,0.0524,-0.0296,0.489,0.155,-0.346,-0.002,-0.041,0.025,0.044,4.489,-5.226,0.0056,0.00683,-0.01374,0.0,0.0,0.0,0.0,1.0
211409.0,-0.0177,0.0491,-0.0301,0.639,-0.136,-0.205,0.015,-0.027,0.011,0.044,4.486,-5.222,0.01286,-0.0,-0.0125,0.0,0.0,0.0,0.0,1.0
211417.0,-0.0133,0.0479,-0.0333,0.639,-0.05,-0.291,0.028,-0.027,0.017,0.044,4.482,-5.217,0.01545,0.00198,-0.01454,0.0,0.0,0.0,0.0,1.0
211424.0,-0.0129,0.046,-0.0319,0.462,-0.14,-0.553,0.022,-0.011,0.015,0.044,4.479,-5.213,0.0148,0.0059,-0.01673,0.0,0.0,0.0,0.0,1.0
211432.0,-0.0115,0.048,-0.0352,0.559,0.268,-0.318,0.039,0.004,0.013,0.044,4.475,-5.209,0.01304,0.01329,-0.01822,0.0,0.0,0.0,0.0,1.0
211440.0,-0.0084,0.0517,-0.0419,0.319,0.22,-0.452,0.047,0.026,0.008,0.044,4.471,-5.205,0.01174,0.01955,-0.02023,0.0,0.0,0.0,0.0,1.0
211447.0,-0.0059,0.0558,-0.0484,0.439,0.31,-0.45,0.031,0.005,-0.002,0.044,4.468,-5.201,0.01228,0.01801,-0.02479,0.0,0.0,0.0,0.0,1.0
211455.0,-0.0048,0.0577,-0.0514,0.41,0.257,-0.157,0.02,0.015,-0.007,0.044,4.464,-5.197,0.00838,0.01685,-0.02042,0.0,0.0,0.0,0.0,1.0
211463.0,-0.0034,0.0597,-0.0548,0.318,0.092,-0.323,-0.006,0.019,-0.013,0.044,4.461,-5.192,0.00608,0.01715,-0.0225,0.0,0.0,0.0,0.0,1.0
211471.0,0.0025,0.0614,-0.0623,0.425,0.241,-0.261,-0.006,0.03,-0.02,0.044,4.457,-5.188,0.00722,0.02022,-0.0263,0.0,0.0,0.0,0.0,1.0
211479.0,0.0036,0.0628,-0.0647,0.169,0.123,-0.206,-0.009,0.031,-0.039,0.044,4.454,-5.184,0.00325,0.02029,-0.02471,0.0,0.0,0.0,0.0,1.0
211486.0,0.0092,0.0625,-0.0701,0.099,-0.077,-0.147,-0.008,0.022,-0.037,0.044,4.45,-5.18,0.00463,0.01557,-0.02219,0.0,0.0,0.0,0.0,1.0
211494.0,0.0122,0.0642,-0.0747,0.454,-0.052,-0.21,-0.024,0.022,-0.018,0.044,4.447,-5.176,0.00909,0.01394,-0.02531,0.0,0.0,0.0,0.0,1.0
211502.0,0.0174,0.0617,-0.0774,0.199,-0.083,-0.241,-0.031,-0.004,-0.021,0.043,4.443,-5.172,0.00575,0.01118,-0.02403,0.0,0.0,0.0,0.0,1.0
211510.0,0.0204,0.0593,-0.0782,0.2,-0.17,-0.155,-0.029,-0.017,-0.021,0.043,4.439,-5.168,0.00657,0.00646,-0.0219,0.0,0.0,0.0,0.0,1.0
211517.0,0.0254,0.0547,-0.0786,-0.055,-0.201,-0.186,-0.024,-0.023,-0.018,0.043,4.436,-5.164,0.00446,0.00638,-0.01949,0.0,0.0,0.0,0.0,1.0
211525.0,0.027,0.0555,-0.0811,-0.099,-0.107,0.081,-0.02,-0.033,-0.001,0.043,4.432,-5.159,0.00133,0.00506,-0.01326,0.0,0.0,0.0,0.0,1.0
211533.0,0.0279,0.0533,-0.0798,-0.254,-0.274,0.086,-0.003,-0.019,0.009,0.043,4.429,-5.155,0.00261,0.0045,-0.00867,0.0,0.0,0.0,0.0,1.0
211541.0,0.0271,0.0525,-0.0783,-0.644,-0.118,-0.103,0.008,-0.029,0.015,0.043,4.425,-5.151,-0.00202,0.01074,-0.00843,0.0,0.0,0.0,0.0,1.0
211548.0,0.0271,0.0507,-0.0764,-0.459,-0.416,0.117,0.013,-0.005,0.027,0.043,4.422,-5.147,0.00221,0.00491,-0.00197,0.0,0.0,0.0,0.0,1.0
211556.0,0.0296,0.0492,-0.0776,-0.359,-0.337,-0.063,0.016,0.003,0.026,0.043,4.418,-5.143,0.00584,0.00805,-0.00707,0.0,0.0,0.0,0.0,1.0
211564.0,0.03,0.046,-0.0748,-0.253,-0.317,0.129,0.016,0.024,0.035,0.043,4.415,-5.139,0.00564,0.00833,-0.00351,0.0,0.0,0.0,0.0,1.0
211572.0,0.0235,0.0483,-0.0706,-0.297,-0.137,0.31,0.019,0.019,0.02,0.043,4.411,-5.135,0.00091,0.01025,-0.00247,0.0,0.0,0.0,0.0,1.0
211580.0,0.0197,0.0492,-0.0676,-0.412,0.017,0.376,0.021,0.025,0.003,0.043,4.408,-5.131,-0.00346,0.01456,-0.00358,0.0,0.0,0.0,0.0,1.0
211587.0,0.0129,0.0522,-0.0638,-0.271,0.244,0.431,0.013,0.002,-0.014,0.043,4.404,-5.126,-0.00573,0.01431,-0.00765,0.0,0.0,0.0,0.0,1.0
211595.0,0.0112,0.0527,-0.0626,-0.242,0.038,0.397,0.022,-0.019,-0.023,0.043,4.4,-5.122,-0.00203,0.00735,-0.00757,0.0,0.0,0.0,0.0,1.0
211603.0,0.0094,0.052,-0.0601,-0.341,0.131,0.404,-0.005,0.004,-0.04,0.043,4.397,-5.118,-0.00919,0.01346,-0.00874,0.0,0.0,0.0,0.0,1.0
211611.0,0.0092,0.0486,-0.0566,-0.192,0.185,0.2,0.005,-0.014,-0.027,0.043,4.393,-5.114,-0.00363,0.01119,-0.01186,0.0,0.0,0.0,0.0,1.0
211618.0,0.0111,0.0455,-0.0554,0.037,-0.036,-0.02,-0.029,-0.025,-0.03,0.043,4.39,-5.11,-0.00033,0.0051,-0.01569,0.0,0.0,0.0,0.0,1.0
211626.0,0.0079,0.0458,-0.0525,-0.034,-0.149,-0.047,-0.021,0.009,-0.016,0.043,4.386,-5.106,-0.00029,0.00907,-0.0124,0.0,0.0,0.0,0.0,1.0
211634.0,0.0087,0.04,-0.0476,-0.019,-0.296,-0.021,-0.032,-0.01,-0.003,0.043,4.383,-5.102,-0.00017,0.0018,-0.00765,0.0,0.0,0.0,0.0,1.0
211642.0,0.0044,0.0397,-0.0431,-0.283,-0.198,0.251,-0.022,-0.002,0.018,0.043,4.379,-5.098,-0.00784,0.00461,0.00261,0.0,0.0,0.0,0.0,1.0
211650.0,-0.0037,0.0408,-0.036,-0.583,-0.005,0.357,-0.025,-0.003,0.031,0.043,4.376,-5.094,-0.01769,0.00977,0.00878,0.0,0.0,0.0,0.0,1.0
211657.0,-0.0074,0.0415,-0.0331,-0.533,-0.03,0.332,-0.02,-0.022,0.053,0.043,4.372,-5.09,-0.01656,0.00629,0.01062,0.0,0.0,0.0,0.0,1.0
211665.0,-0.0149,0.0451,-0.029,-0.279,0.174,0.191,-0.013,-0.004,0.04,0.043,4.369,-5.086,-0.01328,0.01249,0.00389,0.0,0.0,0.0,0.0,1.0
211673.0,-0.0158,0.0504,-0.0332,-0.484,0.248,0.005,-0.022,0.003,0.056,0.043,4.365,-5.082,-0.01727,0.01943,0.00227,0.0,0.0,0.0,0.0,1.0
211680.0,-0.021,0.0548,-0.0324,-0.25,0.141,-0.016,-0.019,0.006,0.035,0.043,4.362,-5.077,-0.0127,0.01705,-0.00089,0.0,0.0,0.0,0.0,1.0
211688.0,-0.0218,0.0561,-0.0328,0.14,0.158,0.0,-0.011,0.015,0.005,0.043,4.358,-5.073,-0.0052,0.01576,-0.00849,0.0,0.0,0.0,0.0,1.0
211696.0,-0.0246,0.0585,-0.0323,0.161,0.383,-0.034,0.007,-0.004,-0.015,0.042,4.355,-5.069,-0.00402,0.01743,-0.01415,0.0,0.0,0.0,0.0,1.0
211704.0,-0.0272,0.0621,-0.0332,0.013,-0.129,-0.114,0.031,0.005,-0.02,0.042,4.351,-5.065,0.00139,0.01216,-0.01096,0.0,0.0,0.0,0.0,1.0
211711.0,-0.0287,0.0626,-0.0322,-0.122,-0.201,-0.013,0.038,0.011,-0.04,0.042,4.348,-5.061,-0.00065,0.01235,-0.00954,0.0,0.0,0.0,0.0,1.0
211719.0,-0.0263,0.0587,-0.0309,0.013,-0.388,0.145,0.036,0.019,-0.059,0.042,4.345,-5.057,0.00214,0.00693,-0.00756,0.0,0.0,0.0,0.0,1.0
211727.0,-0.0261,0.0577,-0.0301,0.198,-0.298,-0.024,0.034,0.014,-0.046,0.042,4.341,-5.053,0.00586,0.00744,-0.0119,0.0,0.0,0.0,0.0,1.0
211734.0,-0.0242,0.0557,-0.0301,0.078,-0.301,-0.113,0.022,-0.025,-0.038,0.042,4.338,-5.049,0.00382,0.00275,-0.01134,0.0,0.0,0.0,0.0,1.0
211742.0,-0.0253,0.0545,-0.0277,-0.072,-0.183,-0.081,0.008,-0.015,-0.026,0.042,4.334,-5.045,-0.00243,0.00704,-0.00862,0.0,0.0,0.0,0.0,1.0
211750.0,-0.0258,0.0504,-0.0234,0.142,-0.472,-0.111,-0.003,-0.033,-0.012,0.042,4.331,-5.041,0.00208,-0.00299,-0.00562,0.0,0.0,0.0,0.0,1.0
211758.0,-0.0239,0.0452,-0.0202,0.048,-0.31,0.138,-0.026,-0.032,0.01,0.042,4.327,-5.037,-0.00626,-0.00235,0.00247,0.0,0.0,0.0,0.0,1.0
211765.0,-0.0261,0.0439,-0.0166,0.232,-0.479,0.228,-0.055,-0.027,0.024,0.042,4.324,-5.033,-0.00569,-0.00731,0.00657,0.0,0.0,0.0,0.0,1.0
211773.0,-0.0272,0.0391,-0.0109,-0.108,-0.434,0.101,-0.045,-0.006,0.04,0.042,4.32,-5.029,-0.01051,-0.00061,0.00988,0.0,0.0,0.0,0.0,1.0
211781.0,-0.0267,0.041,-0.0132,-0.023,-0.423,0.111,-0.04,0.007,0.045,0.042,4.317,-5.025,-0.00886,0.0013,0.00902,0.0,0.0,0.0,0.0,1.0
211789.0,-0.0253,0.0396,-0.0133,0.027,-0.362,-0.001,-0.009,0.035,0.045,0.042,4.313,-5.021,-0.00352,0.00625,0.0058,0.0,0.0,0.0,0.0,1.0
211797.0,-0.0236,0.0424,-0.0177,0.083,-0.188,0.086,-0.015,0.027,0.032,0.042,4.31,-5.017,-0.00525,0.00799,0.00326,0.0,0.0,0.0,0.0,1.0
211804.0,-0.0188,0.0423,-0.0224,0.318,-0.079,-0.152,0.008,0.048,0.021,0.042,4.306,-5.013,0.00451,0.01196,-0.00643,0.0,0.0,0.0,0.0,1.0
211812.0,-0.0114,0.0401,-0.0276,0.269,-0.184,0.002,0.031,0.022,0.013,0.042,4.303,-5.009,0.00808,0.00599,-0.00469,0.0,0.0,0.0,0.0,1.0
211819.0,-0.0089,0.0426,-0.0325,0.354,0.086,-0.247,0.035,0.011,-0.004,0.042,4.3,-5.005,0.01057,0.01123,-0.01571,0.0,0.0,0.0,0.0,1.0
211827.0,-0.005,0.0406,-0.0346,0.354,0.042,-0.204,0.046,-0.001,-0.029,0.042,4.296,-5.001,0.01264,0.00765,-0.01858,0.0,0.0,0.0,0.0,1.0
211835.0,-0.0013,0.0371,-0.0348,0.34,-0.028,-0.014,0.047,-0.003,-0.052,0.042,4.293,-4.997,0.01225,0.00403,-0.01672,0.0,0.0,0.0,0.0,1.0
211842.0,0.0021,0.0309,-0.0322,0.24,-0.021,0.08,0.042,-0.005,-0.056,0.042,4.289,-4.993,0.00994,0.00252,-0.01397,0.0,0.0,0.0,0.0,1.0
211850.0,0.0079,0.0264,-0.0337,0.179,-0.308,-0.207,0.03,-0.026,-0.045,0.042,4.286,-4.989,0.01399,-0.00374,-0.01523,0.0,0.0,0.0,0.0,1.0
211858.0,0.0087,0.0227,-0.0308,-0.056,-0.287,-0.099,0.003,-0.011,-0.034,0.042,4.282,-4.985,0.00505,-0.00087,-0.00977,0.0,0.0,0.0,0.0,1.0
211865.0,0.0111,0.018,-0.0287,-0.226,-0.308,-0.119,-0.016,-0.019,-0.015,0.042,4.279,-4.981,-8e-05,-0.00177,-0.00543,0.0,0.0,0.0,0.0,1.0
211873.0,0.0119,0.0111,-0.0227,-0.24,-0.507,0.2,-0.031,-0.014,0.002,0.042,4.276,-4.977,-0.00349,-0.00865,0.00582,0.0,0.0,0.0,0.0,1.0
211881.0,0.0098,0.0122,-0.0217,-0.384,-0.19,0.344,-0.041,0.005,0.002,0.042,4.272,-4.973,-0.01143,0.00035,0.00709,0.0,0.0,0.0,0.0,1.0
211889.0,0.0059,0.011,-0.0166,-0.504,-0.452,0.514,-0.04,0.021,0.015,0.042,4.269,-4.969,-0.01376,-0.0027,0.01633,0.0,0.0,0.0,0.0,1.0
211896.0,0.0056,0.0118,-0.017,-0.427,-0.053,0.567,-0.041,0.004,0.027,0.042,4.265,-4.965,-0.01647,0.00096,0.01471,0.0,0.0,0.0,0.0,1.0
211904.0,0.0086,0.0127,-0.021,-0.265,0.356,0.63,-0.028,0.006,0.037,0.042,4.262,-4.961,-0.01588,0.00699,0.01103,0.0,0.0,0.0,0.0,1.0
211912.0,0.0053,0.0176,-0.0224,-0.505,0.568,0.236,-0.031,0.012,0.043,0.042,4.259,-4.957,-0.01924,0.01809,0.00492,0.0,0.0,0.0,0.0,1.0
211920.0,0.0074,0.019,-0.0259,-0.2,0.444,0.371,-0.016,0.003,0.037,0.042,4.255,-4.953,-0.01173,0.01106,0.00421,0.0,0.0,0.0,0.0,1.0
211927.0,0.0072,0.0191,-0.0257,-0.143,0.316,0.76,0.017,0.01,0.032,0.041,4.252,-4.949,-0.00822,0.00602,0.0107,0.0,0.0,0.0,0.0,1.0
211935.0,0.0083,0.0187,-0.0264,-0.022,0.189,0.978,0.017,-0.013,0.021,0.041,4.248,-4.945,-0.00664,-0.003,0.01309,0.0,0.0,0.0,0.0,1.0
211943.0,0.0068,0.0193,-0.0256,-0.292,0.132,1.093,0.025,-0.0,0.005,0.041,4.245,-4.941,-0.01094,-0.00047,0.01562,0.0,0.0,0.0,0.0,1.0
211950.0,0.0073,0.019,-0.0258,-0.227,-0.212,1.266,0.04,-0.011,-0.024,0.041,4.242,-4.937,-0.00646,-0.01042,0.01644,0.0,0.0,0.0,0.0,1.0
211958.0,0.0072,0.0191,-0.0258,-0.432,-0.267,1.209,0.043,0.0,-0.049,0.041,4.238,-4.933,-0.0087,-0.00731,0.01529,0.0,0.0,0.0,0.0,1.0
211965.0,0.0039,0.0227,-0.026,-0.645,-0.107,1.368,0.036,-0.016,-0.035,0.041,4.235,-4.929,-0.01646,-0.00581,0.01992,0.0,0.0,0.0,0.0,1.0
211973.0,-0.0049,0.0281,-0.0224,-0.83,-0.023,1.364,0.012,-0.017,-0.033,0.041,4.231,-4.926,-0.02508,-0.00169,0.02186,0.0,0.0,0.0,0.0,1.0
211981.0,-0.0169,0.0316,-0.0139,-1.121,-0.089,1.297,0.004,-0.028,-0.03,0.041,4.228,-4.922,-0.03254,-0.00061,0.02615,0.0,0.0,0.0,0.0,1.0
211989.0,-0.0308,0.0288,0.0028,-1.399,-0.146,1.845,0.008,-0.02,-0.022,0.041,4.225,-4.918,-0.04413,-0.00349,0.04296,0.0,0.0,0.0,0.0,1.0
211996.0,-0.0474,0.0265,0.0216,-1.585,-0.236,2.014,0.002,-0.022,-0.014,0.041,4.221,-4.914,-0.05257,-0.00566,0.05333,0.0,0.0,0.0,0.0,1.0
212004.0,-0.0596,0.0203,0.0398,-1.444,-0.311,2.371,-0.014,-0.0,-0.021,0.041,4.218,-4.91,-0.05781,-0.00913,0.06156,0.0,0.0,0.0,0.0,1.0
212012.0,-0.0757,0.0172,0.0589,-1.764,-0.171,2.339,-0.027,-0.006,-0.003,0.041,4.214,-4.906,-0.0694,-0.00513,0.0695,0.0,0.0,0.0,0.0,1.0
212019.0,-0.0865,0.0115,0.0753,-1.614,-0.246,2.264,-0.032,0.02,0.02,0.041,4.211,-4.902,-0.06864,-0.00441,0.07424,0.0,0.0,0.0,0.0,1.0
212027.0,-0.0974,0.0041,0.0934,-1.364,-0.371,2.14,-0.033,-0.001,0.028,0.041,4.208,-4.898,-0.06447,-0.01249,0.07582,0.0,0.0,0.0,0.0,1.0
212035.0,-0.1041,-0.0016,0.1057,-1.675,-0.188,1.633,-0.02,0.024,0.042,0.041,4.204,-4.894,-0.06675,0.00015,0.07211,0.0,0.0,0.0,0.0,1.0
212042.0,-0.1158,-0.008,0.1236,-1.59,-0.135,1.601,-0.017,0.02,0.051,0.041,4.201,-4.89,-0.0675,-0.00118,0.07473,0.0,0.0,0.0,0.0,1.0
212050.0,-0.1291,-0.014,0.1428,-1.426,-0.185,1.381,0.003,0.02,0.04,0.041,4.198,-4.886,-0.06179,-0.00292,0.07281,0.0,0.0,0.0,0.0,1.0
212058.0,-0.1431,-0.0154,0.1581,-1.781,-0.166,1.4,0.016,0.001,0.024,0.041,4.194,-4.882,-0.0689,-0.0029,0.0777,0.0,0.0,0.0,0.0,1.0
212066.0,-0.1569,-0.0179,0.1744,-1.647,-0.31,1.515,0.04,0.005,0.011,0.041,4.191,-4.878,-0.06638,-0.00752,0.08102,0.0,0.0,0.0,0.0,1.0
212073.0,-0.1715,-0.02,0.191,-1.357,-0.115,1.453,0.035,-0.008,0.004,0.041,4.188,-4.874,-0.06589,-0.00845,0.07812,0.0,0.0,0.0,0.0,1.0
212081.0,-0.1835,-0.0198,0.2028,-0.996,0.238,1.374,0.023,-0.003,-0.005,0.041,4.184,-4.871,-0.06591,-0.00349,0.07145,0.0,0.0,0.0,0.0,1.0
212089.0,-0.1982,-0.015,0.2129,-0.636,0.505,1.381,0.015,-0.012,-0.007,0.041,4.181,-4.867,-0.06623,-0.00213,0.06788,0.0,0.0,0.0,0.0,1.0
212097.0,-0.2144,-0.0091,0.2233,-0.531,0.697,1.401,0.003,-0.031,-0.023,0.041,4.178,-4.863,-0.07114,-0.00102,0.06566,0.0,0.0,0.0,0.0,1.0
212105.0,-0.2319,-0.0005,0.2325,-0.794,0.813,0.913,0.009,-0.018,-0.022,0.041,4.174,-4.859,-0.07489,0.01092,0.06066,0.0,0.0,0.0,0.0,1.0
212112.0,-0.2455,0.005,0.2407,-0.915,0.725,0.911,0.008,-0.014,-0.025,0.041,4.171,-4.855,-0.07922,0.01207,0.0637,0.0,0.0,0.0,0.0,1.0
212120.0,-0.2542,0.003,0.2514,-0.8,0.399,1.017,-0.008,0.012,-0.015,0.041,4.167,-4.851,-0.08005,0.00801,0.07085,0.0,0.0,0.0,0.0,1.0
212128.0,-0.2573,-0.0005,0.2578,-0.657,0.082,0.873,-0.005,0.024,-0.009,0.041,4.164,-4.847,-0.07372,0.00327,0.07191,0.0,0.0,0.0,0.0,1.0
212136.0,-0.2643,-0.0008,0.2652,-0.636,0.134,1.012,-0.018,0.025,0.002,0.041,4.161,-4.843,-0.0787,0.00296,0.07699,0.0,0.0,0.0,0.0,1.0
212143.0,-0.2745,-0.0017,0.2762,-0.593,-0.047,0.832,-0.018,0.039,0.016,0.041,4.158,-4.84,-0.07707,0.0022,0.07942,0.0,0.0,0.0,0.0,1.0
212151.0,-0.2845,0.0015,0.283,-0.763,0.019,0.726,-0.019,0.042,-0.003,0.041,4.154,-4.836,-0.0816,0.00675,0.07707,0.0,0.0,0.0,0.0,1.0
212159.0,-0.293,0.0002,0.2929,-0.82,-0.155,0.639,-0.011,0.043,0.019,0.041,4.151,-4.832,-0.08102,0.00453,0.08288,0.0,0.0,0.0,0.0,1.0
212167.0,-0.3042,0.003,0.3014,-1.005,0.23,0.333,-0.005,0.023,0.013,0.041,4.148,-4.828,-0.08592,0.01391,0.07715,0.0,0.0,0.0,0.0,1.0
212174.0,-0.3129,0.0044,0.3086,-0.686,0.434,0.021,0.006,0.026,0.021,0.041,4.144,-4.824,-0.07939,0.0183,0.06966,0.0,0.0,0.0,0.0,1.0
212182.0,-0.3166,0.0054,0.3114,-0.501,0.438,-0.061,-0.008,0.007,0.016,0.04,4.141,-4.82,-0.07846,0.01496,0.06661,0.0,0.0,0.0,0.0,1.0
212190.0,-0.316,0.0057,0.3105,-0.571,0.41,-0.175,0.004,-0.014,-0.001,0.04,4.138,-4.816,-0.07609,0.01262,0.06267,0.0,0.0,0.0,0.0,1.0
212198.0,-0.3162,0.0082,0.3083,-0.668,0.347,-0.755,0.001,-0.012,0.001,0.04,4.134,-4.813,-0.07243,0.01809,0.05408,0.0,0.0,0.0,0.0,1.0
212205.0,-0.3141,0.0118,0.3027,-0.659,0.174,-1.014,0.01,-0.019,-0.018,0.04,4.131,-4.809,-0.06631,0.01673,0.04697,0.0,0.0,0.0,0.0,1.0
212213.0,-0.3151,0.0153,0.3004,-0.843,0.17,-0.932,0.015,-0.031,-0.024,0.04,4.128,-4.805,-0.06958,0.01672,0.04889,0.0,0.0,0.0,0.0,1.0
212221.0,-0.3168,0.0188,0.2986,-0.914,0.056,-0.959,0.022,-0.011,-0.027,0.04,4.124,-4.801,-0.06904,0.01902,0.04909,0.0,0.0,0.0,0.0,1.0
212229.0,-0.3187,0.0233,0.296,-1.063,0.002,-0.755,0.012,-0.006,-0.033,0.04,4.121,-4.797,-0.07469,0.01928,0.05327,0.0,0.0,0.0,0.0,1.0
212236.0,-0.3262,0.0279,0.2991,-1.257,-0.002,-0.24,-0.001,0.005,-0.041,0.04,4.118,-4.793,-0.08637,0.01933,0.06373,0.0,0.0,0.0,0.0,1.0
212244.0,-0.3333,0.0343,0.3,-1.101,-0.05,-0.03,-0.009,0.002,-0.027,0.04,4.115,-4.79,-0.088,0.01617,0.06807,0.0,0.0,0.0,0.0,1.0
212252.0,-0.3392,0.0411,0.2992,-1.18,0.268,-0.058,-0.008,0.025,-0.026,0.04,4.111,-4.786,-0.09305,0.02784,0.06545,0.0,0.0,0.0,0.0,1.0
212260.0,-0.3472,0.053,0.2957,-0.799,0.544,0.13,-0.008,-0.004,-0.009,0.04,4.108,-4.782,-0.09215,0.02597,0.06462,0.0,0.0,0.0,0.0,1.0
212268.0,-0.3516,0.0621,0.2912,-0.262,1.117,0.184,-0.026,0.006,0.018,0.04,4.105,-4.778,-0.09205,0.03492,0.05913,0.0,0.0,0.0,0.0,1.0
212275.0,-0.3539,0.0714,0.2844,0.07,1.417,0.397,-0.037,-0.008,0.027,0.04,4.101,-4.774,-0.09249,0.03536,0.05714,0.0,0.0,0.0,0.0,1.0
212283.0,-0.3596,0.0778,0.284,0.402,1.717,0.611,-0.024,-0.017,0.029,0.04,4.098,-4.77,-0.09105,0.03619,0.05538,0.0,0.0,0.0,0.0,1.0
212291.0,-0.3633,0.0824,0.2831,0.315,2.035,1.015,-0.014,-0.021,0.035,0.04,4.095,-4.767,-0.09837,0.03957,0.06086,0.0,0.0,0.0,0.0,1.0
212298.0,-0.3699,0.0861,0.286,0.271,2.215,1.196,0.004,0.008,0.024,0.04,4.092,-4.763,-0.10093,0.04705,0.06186,0.0,0.0,0.0,0.0,1.0
212306.0,-0.3763,0.0889,0.2898,0.447,2.261,1.502,0.026,0.003,0.002,0.04,4.088,-4.759,-0.09901,0.0435,0.06251,0.0,0.0,0.0,0.0,1.0
212314.0,-0.3842,0.0955,0.2913,0.333,2.586,1.396,0.03,0.013,0.01,0.04,4.085,-4.755,-0.1041,0.05421,0.06047,0.0,0.0,0.0,0.0,1.0
212321.0,-0.3916,0.0991,0.2952,0.567,2.737,1.117,0.028,-0.0,0.008,0.04,4.082,-4.751,-0.1005,0.05601,0.05289,0.0,0.0,0.0,0.0,1.0
212329.0,-0.3931,0.1039,0.2919,0.923,2.502,1.314,0.018,0.005,0.0,0.04,4.079,-4.748,-0.09574,0.04906,0.0531,0.0,0.0,0.0,0.0,1.0
212337.0,-0.3948,0.1134,0.2845,1.413,2.727,1.021,0.014,0.008,0.006,0.04,4.075,-4.744,-0.08772,0.05389,0.04113,0.0,0.0,0.0,0.0,1.0
212344.0,-0.4023,0.1259,0.2798,1.315,2.406,0.7,0.014,0.008,0.02,0.04,4.072,-4.74,-0.08529,0.0541,0.04043,0.0,0.0,0.0,0.0,1.0
212352.0,-0.4094,0.1375,0.2756,1.343,2.286,0.58,0.006,0.015,-0.006,0.04,4.069,-4.736,-0.08525,0.05641,0.03427,0.0,0.0,0.0,0.0,1.0
212360.0,-0.42,0.1512,0.2728,1.172,2.352,0.474,-0.005,0.01,-0.012,0.04,4.066,-4.732,-0.09154,0.062,0.0321,0.0,0.0,0.0,0.0,1.0
212368.0,-0.4256,0.1641,0.2658,0.995,2.047,0.427,-0.01,-0.006,-0.02,0.04,4.062,-4.729,-0.09329,0.05853,0.03307,0.0,0.0,0.0,0.0,1.0
212375.0,-0.4306,0.1767,0.2586,0.974,1.952,0.332,-0.006,-0.003,-0.016,0.04,4.059,-4.725,-0.09245,0.06085,0.03155,0.0,0.0,0.0,0.0,1.0
212383.0,-0.4364,0.1909,0.2506,1.032,1.799,0.005,-0.007,-0.014,-0.013,0.04,4.056,-4.721,-0.0884,0.06156,0.02554,0.0,0.0,0.0,0.0,1.0
212391.0,-0.4343,0.2028,0.2369,0.943,0.831,-0.102,-0.004,-0.005,-0.016,0.04,4.053,-4.717,-0.07973,0.04948,0.02959,0.0,0.0,0.0,0.0,1.0
212398.0,-0.4312,0.2094,0.2274,0.96,0.443,-0.577,0.008,-0.015,-0.006,0.04,4.049,-4.714,-0.06923,0.04601,0.02405,0.0,0.0,0.0,0.0,1.0
212406.0,-0.4303,0.2186,0.2176,0.763,-0.086,-0.59,-0.003,-0.009,0.019,0.04,4.046,-4.71,-0.06971,0.04091,0.03216,0.0,0.0,0.0,0.0,1.0
212414.0,-0.4248,0.2259,0.2049,0.603,-0.951,-0.939,0.006,-0.008,0.021,0.04,4.043,-4.706,-0.05919,0.03124,0.03261,0.0,0.0,0.0,0.0,1.0
212421.0,-0.4188,0.2307,0.1942,0.398,-0.963,-1.039,0.028,-0.0,0.032,0.04,4.04,-4.702,-0.0575,0.03568,0.03185,0.0,0.0,0.0,0.0,1.0
212429.0,-0.4142,0.2357,0.1848,0.198,-1.078,-0.725,0.017,0.003,0.018,0.039,4.036,-4.698,-0.06312,0.03431,0.03629,0.0,0.0,0.0,0.0,1.0
212437.0,-0.4089,0.2347,0.1804,-0.277,-0.975,-0.881,0.025,-0.0,0.014,0.039,4.033,-4.695,-0.06848,0.04074,0.03564,0.0,0.0,0.0,0.0,1.0
212444.0,-0.4027,0.2345,0.1744,-0.305,-0.897,-0.718,0.019,-0.01,-0.003,0.039,4.03,-4.691,-0.07054,0.03949,0.03422,0.0,0.0,0.0,0.0,1.0
212452.0,-0.3939,0.2318,0.1683,-0.22,-1.016,-0.579,0.012,-0.019,-0.017,0.039,4.027,-4.687,-0.06842,0.03354,0.03347,0.0,0.0,0.0,0.0,1.0
212460.0,-0.3837,0.2276,0.1621,-0.403,-0.89,-0.627,-0.01,-0.014,-0.022,0.039,4.023,-4.683,-0.07347,0.03769,0.0314,0.0,0.0,0.0,0.0,1.0
212468.0,-0.3729,0.2178,0.1609,-0.543,-1.032,-0.768,-0.008,-0.017,-0.018,0.039,4.02,-4.68,-0.07091,0.03512,0.03171,0.0,0.0,0.0,0.0,1.0
212475.0,-0.3622,0.2017,0.1659,-0.472,-1.265,-0.395,-0.014,-0.037,-0.014,0.039,4.017,-4.676,-0.06971,0.02123,0.04119,0.0,0.0,0.0,0.0,1.0
212483.0,-0.3513,0.1859,0.1703,-0.591,-1.571,-0.182,-0.017,-0.039,-0.008,0.039,4.014,-4.672,-0.06934,0.01138,0.05035,0.0,0.0,0.0,0.0,1.0
212491.0,-0.344,0.1732,0.1754,-0.789,-1.3,-0.255,-0.001,-0.003,-0.012,0.039,4.011,-4.669,-0.07056,0.02083,0.04871,0.0,0.0,0.0,0.0,1.0
212499.0,-0.3408,0.1599,0.1852,-1.115,-1.532,-0.226,-0.0,0.001,-0.011,0.039,4.007,-4.665,-0.0737,0.01688,0.0563,0.0,0.0,0.0,0.0,1.0
212507.0,-0.3373,0.1502,0.191,-0.967,-1.193,0.027,0.001,-0.007,0.013,0.039,4.004,-4.661,-0.07567,0.01637,0.06139,0.0,0.0,0.0,0.0,1.0
212514.0,-0.3371,0.1462,0.1948,-1.116,-1.032,0.015,-0.01,0.003,0.004,0.039,4.001,-4.657,-0.08107,0.02146,0.06055,0.0,0.0,0.0,0.0,1.0
212522.0,-0.3398,0.1474,0.1963,-0.948,-0.381,0.148,-0.007,0.014,0.009,0.039,3.998,-4.654,-0.08521,0.03272,0.05676,0.0,0.0,0.0,0.0,1.0
212530.0,-0.3414,0.1485,0.1968,-1.021,0.265,0.103,0.014,0.021,0.026,0.039,3.995,-4.65,-0.08881,0.04657,0.05347,0.0,0.0,0.0,0.0,1.0
212538.0,-0.3457,0.1536,0.1962,-0.959,0.681,0.259,0.018,0.041,0.015,0.039,3.991,-4.646,-0.09308,0.05562,0.05019,0.0,0.0,0.0,0.0,1.0
212545.0,-0.3529,0.1612,0.196,-0.612,0.878,0.456,0.017,0.024,0.003,0.039,3.988,-4.642,-0.09205,0.05434,0.0469,0.0,0.0,0.0,0.0,1.0
212553.0,-0.3618,0.1677,0.1986,-0.797,0.918,0.495,0.02,0.028,0.011,0.039,3.985,-4.639,-0.0974,0.05817,0.0507,0.0,0.0,0.0,0.0,1.0
212561.0,-0.3724,0.1743,0.2027,-0.706,1.256,0.489,0.011,0.013,-0.001,0.039,3.982,-4.635,-0.10196,0.06295,0.04603,0.0,0.0,0.0,0.0,1.0
212569.0,-0.3828,0.1769,0.2106,-0.797,0.96,0.453,0.005,0.011,0.007,0.039,3.979,-4.631,-0.10382,0.05893,0.05169,0.0,0.0,0.0,0.0,1.0
212577.0,-0.3924,0.1801,0.2171,-1.053,0.799,0.552,0.003,0.011,-0.005,0.039,3.976,-4.628,-0.10985,0.05801,0.05661,0.0,0.0,0.0,0.0,1.0
212584.0,-0.403,0.1825,0.2254,-0.754,0.434,0.619,-0.006,0.0,0.001,0.039,3.972,-4.624,-0.10587,0.04704,0.06089,0.0,0.0,0.0,0.0,1.0
212592.0,-0.4156,0.1855,0.235,-1.128,-0.143,0.301,-0.016,-0.008,0.001,0.039,3.969,-4.62,-0.10845,0.04171,0.06593,0.0,0.0,0.0,0.0,1.0
212600.0,-0.4247,0.1857,0.2439,-1.143,-0.169,0.448,-0.017,-0.018,-0.008,0.039,3.966,-4.616,-0.11177,0.0387,0.06926,0.0,0.0,0.0,0.0,1.0
212607.0,-0.4346,0.1935,0.2462,-1.015,-0.382,0.321,-0.01,-0.013,-0.005,0.039,3.963,-4.613,-0.1076,0.03715,0.06862,0.0,0.0,0.0,0.0,1.0
212615.0,-0.4419,0.1953,0.2519,-0.781,-0.489,0.3,-0.004,-0.012,-0.016,0.039,3.96,-4.609,-0.10307,0.03404,0.06648,0.0,0.0,0.0,0.0,1.0
212623.0,-0.4502,0.1986,0.2569,-0.547,-0.251,-0.066,-0.011,-0.029,-0.005,0.039,3.956,-4.605,-0.10051,0.03775,0.05887,0.0,0.0,0.0,0.0,1.0
212631.0,-0.4561,0.2044,0.2572,-0.398,-0.282,-0.184,-0.007,-0.025,-0.027,0.039,3.953,-4.602,-0.09711,0.03866,0.05267,0.0,0.0,0.0,0.0,1.0
212639.0,-0.4633,0.2119,0.257,-0.185,-0.397,-0.387,-0.001,-0.024,0.001,0.039,3.95,-4.598,-0.09128,0.03806,0.05227,0.0,0.0,0.0,0.0,1.0
212646.0,-0.4656,0.2163,0.2551,-0.03,-0.186,-0.436,0.002,-0.011,-0.005,0.039,3.947,-4.594,-0.09007,0.04383,0.04683,0.0,0.0,0.0,0.0,1.0
212654.0,-0.469,0.2185,0.2563,-0.051,-0.238,-0.574,0.001,0.007,0.015,0.039,3.944,-4.591,-0.08986,0.04749,0.04843,0.0,0.0,0.0,0.0,1.0
212662.0,-0.4722,0.2193,0.2588,-0.052,-0.238,-0.574,0.005,0.005,0.029,0.039,3.941,-4.587,-0.08994,0.04724,0.05084,0.0,0.0,0.0,0.0,1.0
212669.0,-0.4736,0.2203,0.2592,0.018,-0.254,-0.417,0.009,0.032,0.007,0.039,3.938,-4.583,-0.08966,0.04921,0.04983,0.0,0.0,0.0,0.0,1.0
212677.0,-0.4749,0.2211,0.2596,0.032,-0.184,-0.606,0.015,0.019,0.009,0.039,3.934,-4.58,-0.08764,0.05039,0.04622,0.0,0.0,0.0,0.0,1.0
212685.0,-0.4729,0.2205,0.2582,0.266,-0.249,-0.67,0.019,0.033,0.018,0.039,3.931,-4.576,-0.08159,0.04934,0.04453,0.0,0.0,0.0,0.0,1.0
212693.0,-0.4684,0.2178,0.2564,0.586,-0.217,-0.81,0.021,-0.004,0.001,0.038,3.928,-4.572,-0.07371,0.04257,0.03615,0.0,0.0,0.0,0.0,1.0
212700.0,-0.461,0.2153,0.2514,0.906,-0.185,-0.951,0.007,-0.007,-0.014,0.038,3.925,-4.569,-0.06765,0.04065,0.02723,0.0,0.0,0.0,0.0,1.0
212709.0,-0.4559,0.213,0.2486,0.899,-0.298,-1.149,-0.005,-0.019,0.001,0.038,3.922,-4.565,-0.06586,0.03804,0.02676,0.0,0.0,0.0,0.0,1.0
212716.0,-0.4473,0.2071,0.2457,1.104,-0.458,-0.877,-0.007,0.008,0.004,0.038,3.919,-4.561,-0.06228,0.03426,0.03072,0.0,0.0,0.0,0.0,1.0
212724.0,-0.4373,0.1999,0.2427,0.85,-0.619,-0.778,-0.011,-0.011,-0.006,0.038,3.916,-4.558,-0.06455,0.02815,0.03403,0.0,0.0,0.0,0.0,1.0
212731.0,-0.4272,0.1935,0.2389,0.806,-0.482,-0.554,-0.005,-0.027,-0.011,0.038,3.912,-4.554,-0.06532,0.02542,0.03547,0.0,0.0,0.0,0.0,1.0
212739.0,-0.4176,0.19,0.2327,0.941,-0.583,-0.483,-0.005,-0.028,-0.022,0.038,3.909,-4.551,-0.06071,0.02099,0.03354,0.0,0.0,0.0,0.0,1.0
212747.0,-0.4058,0.1841,0.2266,0.792,-0.379,-0.538,-0.015,-0.009,-0.01,0.038,3.906,-4.547,-0.06388,0.02793,0.03258,0.0,0.0,0.0,0.0,1.0
212754.0,-0.3959,0.1824,0.2184,0.869,-0.109,-0.356,-0.016,-0.019,-0.024,0.038,3.903,-4.543,-0.06449,0.02885,0.02909,0.0,0.0,0.0,0.0,1.0
212762.0,-0.3838,0.1805,0.2081,0.82,0.174,-0.59,-0.011,-0.018,-0.012,0.038,3.9,-4.54,-0.06242,0.03607,0.02267,0.0,0.0,0.0,0.0,1.0
212770.0,-0.3755,0.1835,0.1969,0.75,0.104,-0.661,0.003,0.004,-0.0,0.038,3.897,-4.536,-0.05861,0.03997,0.02199,0.0,0.0,0.0,0.0,1.0
212777.0,-0.3677,0.1816,0.1909,0.991,0.066,-0.441,0.015,0.016,0.007,0.038,3.894,-4.532,-0.05285,0.0368,0.02367,0.0,0.0,0.0,0.0,1.0
212785.0,-0.3636,0.1838,0.1846,0.628,0.43,-0.336,0.011,0.024,0.008,0.038,3.891,-4.529,-0.06289,0.04722,0.02454,0.0,0.0,0.0,0.0,1.0
212793.0,-0.3612,0.1845,0.1815,0.451,0.167,-0.426,0.035,0.056,0.003,0.038,3.887,-4.525,-0.05945,0.04775,0.02501,0.0,0.0,0.0,0.0,1.0
212800.0,-0.3593,0.1844,0.1798,0.238,0.198,-0.137,0.039,0.039,0.015,0.038,3.884,-4.521,-0.06513,0.04626,0.03327,0.0,0.0,0.0,0.0,1.0
212808.0,-0.3531,0.1805,0.1774,0.197,-0.08,-0.241,0.039,0.019,0.01,0.038,3.881,-4.518,-0.06112,0.0393,0.03304,0.0,0.0,0.0,0.0,1.0
212816.0,-0.3469,0.1806,0.171,0.253,-0.079,0.018,0.025,0.012,-0.006,0.038,3.878,-4.514,-0.06258,0.03571,0.03323,0.0,0.0,0.0,0.0,1.0
212824.0,-0.3379,0.1786,0.1641,0.128,-0.237,-0.227,0.017,0.002,0.013,0.038,3.875,-4.511,-0.06053,0.03388,0.03326,0.0,0.0,0.0,0.0,1.0
212831.0,-0.3335,0.178,0.1602,0.213,-0.399,-0.044,0.009,-0.023,0.006,0.038,3.872,-4.507,-0.05943,0.02478,0.03525,0.0,0.0,0.0,0.0,1.0
212839.0,-0.3264,0.1728,0.1582,0.228,-0.244,-0.32,-0.019,-0.032,0.001,0.038,3.869,-4.503,-0.06078,0.02771,0.02801,0.0,0.0,0.0,0.0,1.0
212847.0,-0.3204,0.1669,0.1579,0.088,-0.472,-0.375,-0.019,-0.043,0.01,0.038,3.866,-4.5,-0.05951,0.02293,0.03178,0.0,0.0,0.0,0.0,1.0
212854.0,-0.3174,0.1606,0.1611,-0.117,-0.787,-0.172,-0.019,-0.032,0.008,0.038,3.863,-4.496,-0.06152,0.01698,0.04,0.0,0.0,0.0,0.0,1.0
212862.0,-0.3165,0.1582,0.1625,-0.302,-0.877,-0.003,-0.02,-0.025,-0.012,0.038,3.86,-4.493,-0.06532,0.01598,0.04246,0.0,0.0,0.0,0.0,1.0
212870.0,-0.3176,0.1537,0.168,-0.531,-0.743,0.304,-0.027,-0.006,0.008,0.038,3.856,-4.489,-0.07456,0.01947,0.05291,0.0,0.0,0.0,0.0,1.0
212877.0,-0.3202,0.1533,0.1709,-0.715,-0.703,0.343,-0.02,-0.013,-0.001,0.038,3.853,-4.485,-0.07788,0.02034,0.05411,0.0,0.0,0.0,0.0,1.0
212885.0,-0.3228,0.1539,0.173,-0.255,-0.659,0.473,-0.028,0.008,-0.001,0.038,3.85,-4.482,-0.07336,0.01962,0.05208,0.0,0.0,0.0,0.0,1.0
212893.0,-0.3255,0.1534,0.1762,-0.434,-0.205,0.409,-0.017,0.008,-0.003,0.038,3.847,-4.478,-0.07882,0.02979,0.04902,0.0,0.0,0.0,0.0,1.0
212901.0,-0.329,0.1538,0.1793,-0.164,-0.147,0.293,-0.029,0.028,0.01,0.038,3.844,-4.475,-0.07611,0.03252,0.04677,0.0,0.0,0.0,0.0,1.0
212908.0,-0.3332,0.1551,0.1822,-0.164,-0.19,0.336,-0.009,0.037,0.011,0.038,3.841,-4.471,-0.07435,0.03257,0.04843,0.0,0.0,0.0,0.0,1.0
212916.0,-0.3338,0.1533,0.1846,-0.123,-0.043,0.57,-0.007,0.039,0.01,0.038,3.838,-4.468,-0.07678,0.03276,0.05104,0.0,0.0,0.0,0.0,1.0
212924.0,-0.3418,0.1542,0.1917,-0.109,-0.017,0.424,0.007,0.056,0.006,0.038,3.835,-4.464,-0.07499,0.03575,0.04893,0.0,0.0,0.0,0.0,1.0
212932.0,-0.3428,0.1504,0.1964,0.026,-0.031,0.41,0.014,0.021,0.017,0.038,3.832,-4.46,-0.07136,0.03015,0.0504,0.0,0.0,0.0,0.0,1.0
212939.0,-0.3455,0.1468,0.2025,-0.159,0.137,0.32,0.02,0.008,-0.007,0.037,3.829,-4.457,-0.07461,0.03295,0.04658,0.0,0.0,0.0,0.0,1.0
212947.0,-0.3461,0.1406,0.2092,0.204,-0.4,0.389,0.021,-0.005,-0.004,0.037,3.826,-4.453,-0.0645,0.01619,0.0509,0.0,0.0,0.0,0.0,1.0
212954.0,-0.3471,0.1349,0.2158,0.169,-0.22,0.138,0.016,-0.012,-0.004,0.037,3.823,-4.45,-0.06518,0.01951,0.04692,0.0,0.0,0.0,0.0,1.0
212962.0,-0.3473,0.1326,0.2183,0.113,-0.437,0.094,0.017,-0.023,-0.033,0.037,3.82,-4.446,-0.06355,0.01452,0.04509,0.0,0.0,0.0,0.0,1.0
212970.0,-0.3496,0.1303,0.2227,-0.248,-0.444,-0.172,0.009,-0.045,-0.025,0.037,3.817,-4.443,-0.06872,0.01681,0.04595,0.0,0.0,0.0,0.0,1.0
212978.0,-0.3556,0.13,0.229,-0.264,-0.341,-0.154,0.015,-0.016,-0.024,0.037,3.814,-4.439,-0.07059,0.02188,0.04674,0.0,0.0,0.0,0.0,1.0
212985.0,-0.3599,0.1306,0.2328,-0.051,-0.414,-0.4,0.009,-0.039,-0.021,0.037,3.81,-4.436,-0.06574,0.01813,0.04246,0.0,0.0,0.0,0.0,1.0
212993.0,-0.3657,0.1324,0.2368,-0.13,-0.096,-0.427,-0.005,-0.047,-0.023,0.037,3.807,-4.432,-0.07304,0.02457,0.04072,0.0,0.0,0.0,0.0,1.0
213001.0,-0.369,0.1354,0.2372,0.11,-0.048,-0.292,-0.022,-0.003,-0.027,0.037,3.804,-4.428,-0.07394,0.02858,0.03995,0.0,0.0,0.0,0.0,1.0
213008.0,-0.3655,0.1359,0.2332,-0.075,0.164,-0.425,-0.035,0.01,-0.008,0.037,3.801,-4.425,-0.07867,0.03732,0.03929,0.0,0.0,0.0,0.0,1.0
213016.0,-0.3636,0.1402,0.2271,0.301,0.241,-0.349,-0.026,0.036,-0.004,0.037,3.798,-4.421,-0.07237,0.03919,0.03575,0.0,0.0,0.0,0.0,1.0
213024.0,-0.3571,0.1394,0.2214,0.636,0.127,-0.464,-0.035,0.046,-0.004,0.037,3.795,-4.418,-0.06448,0.03599,0.03054,0.0,0.0,0.0,0.0,1.0
213031.0,-0.3501,0.1386,0.2152,0.8,0.035,-0.642,-0.039,0.04,0.02,0.037,3.792,-4.414,-0.05834,0.03368,0.02932,0.0,0.0,0.0,0.0,1.0
213039.0,-0.3418,0.138,0.2075,0.95,-0.083,-0.674,-0.018,0.037,0.036,0.037,3.789,-4.411,-0.05041,0.02996,0.0286,0.0,0.0,0.0,0.0,1.0
213047.0,-0.3344,0.1361,0.2019,1.19,-0.035,-0.539,-0.01,0.036,0.018,0.037,3.786,-4.407,-0.04513,0.02722,0.02482,0.0,0.0,0.0,0.0,1.0
213054.0,-0.327,0.1344,0.1961,1.134,-0.209,-0.627,-0.001,0.056,0.022,0.037,3.783,-4.404,-0.04089,0.02651,0.02459,0.0,0.0,0.0,0.0,1.0
213062.0,-0.3264,0.1382,0.1919,0.984,-0.22,-0.466,0.031,0.003,0.025,0.037,3.78,-4.4,-0.03991,0.02069,0.02838,0.0,0.0,0.0,0.0,1.0
213070.0,-0.3233,0.1383,0.1886,0.934,-0.108,-0.527,0.034,-0.018,0.013,0.037,3.777,-4.397,-0.03995,0.02037,0.02461,0.0,0.0,0.0,0.0,1.0
213078.0,-0.3187,0.1365,0.1859,0.813,-0.369,-0.356,0.055,-0.029,-0.002,0.037,3.774,-4.393,-0.03855,0.01338,0.02792,0.0,0.0,0.0,0.0,1.0
213085.0,-0.3118,0.1329,0.1824,0.608,-0.253,-0.585,0.058,-0.044,-0.018,0.037,3.771,-4.39,-0.03913,0.01691,0.02172,0.0,0.0,0.0,0.0,1.0
213093.0,-0.3036,0.1294,0.1777,0.488,-0.428,-0.501,0.04,-0.056,0.007,0.037,3.768,-4.386,-0.04017,0.01244,0.02888,0.0,0.0,0.0,0.0,1.0
213101.0,-0.2975,0.1296,0.1713,0.673,-0.381,-0.627,0.031,-0.04,-0.012,0.037,3.765,-4.383,-0.03582,0.01419,0.02022,0.0,0.0,0.0,0.0,1.0
213108.0,-0.2906,0.1295,0.1646,0.638,-0.459,-0.62,0.012,-0.056,-0.004,0.037,3.762,-4.379,-0.0369,0.01181,0.02144,0.0,0.0,0.0,0.0,1.0
213116.0,-0.2835,0.129,0.1579,0.582,-0.503,-0.837,-0.007,-0.035,-0.027,0.037,3.759,-4.376,-0.03701,0.01505,0.01387,0.0,0.0,0.0,0.0,1.0
213124.0,-0.2701,0.1276,0.1459,0.583,-0.546,-0.795,-0.028,-0.006,-0.022,0.037,3.756,-4.372,-0.0374,0.01766,0.01311,0.0,0.0,0.0,0.0,1.0
213131.0,-0.2634,0.127,0.1398,0.682,-0.682,-0.759,-0.061,0.003,-0.02,0.037,3.753,-4.369,-0.03626,0.01551,0.01304,0.0,0.0,0.0,0.0,1.0
213139.0,-0.254,0.1207,0.1364,0.513,-0.832,-0.65,-0.065,0.041,-0.01,0.037,3.75,-4.365,-0.03741,0.01701,0.01828,0.0,0.0,0.0,0.0,1.0
213146.0,-0.2466,0.1191,0.1306,0.583,-0.675,-0.666,-0.079,0.036,-0.014,0.037,3.747,-4.362,-0.0363,0.01867,0.01447,0.0,0.0,0.0,0.0,1.0
213154.0,-0.2375,0.1153,0.1253,0.712,-0.846,-0.837,-0.072,0.055,-0.003,0.037,3.744,-4.358,-0.02922,0.01659,0.01215,0.0,0.0,0.0,0.0,1.0
213162.0,-0.2284,0.1068,0.1244,0.293,-0.742,-0.732,-0.062,0.027,0.005,0.036,3.741,-4.355,-0.03579,0.01673,0.01816,0.0,0.0,0.0,0.0,1.0
213170.0,-0.2229,0.0995,0.1261,0.065,-0.696,-0.339,-0.028,0.031,0.004,0.036,3.738,-4.351,-0.03982,0.01503,0.0265,0.0,0.0,0.0,0.0,1.0
213177.0,-0.2177,0.0919,0.1283,-0.163,-0.433,-0.162,0.002,0.013,-0.007,0.036,3.735,-4.348,-0.04199,0.01608,0.02791,0.0,0.0,0.0,0.0,1.0
213185.0,-0.2135,0.0845,0.1313,-0.766,-0.463,0.154,0.036,-0.008,0.009,0.036,3.732,-4.344,-0.04942,0.01295,0.04207,0.0,0.0,0.0,0.0,1.0
213193.0,-0.2097,0.0773,0.1344,-0.56,-0.365,0.166,0.053,-0.015,0.014,0.036,3.729,-4.341,-0.0447,0.01015,0.04094,0.0,0.0,0.0,0.0,1.0
213200.0,-0.204,0.0703,0.1355,-0.489,-0.425,0.366,0.07,-0.035,-0.002,0.036,3.726,-4.337,-0.04259,0.00281,0.04188,0.0,0.0,0.0,0.0,1.0
213208.0,-0.2003,0.067,0.1351,-0.382,-0.276,0.428,0.064,-0.045,0.015,0.036,3.723,-4.334,-0.04213,0.00239,0.04339,0.0,0.0,0.0,0.0,1.0
213216.0,-0.1991,0.0654,0.1354,-0.162,-0.151,0.294,0.048,-0.026,0.005,0.036,3.72,-4.33,-0.03892,0.00562,0.03656,0.0,0.0,0.0,0.0,1.0
213223.0,-0.2001,0.0659,0.136,-0.156,0.005,0.449,0.03,-0.02,0.013,0.036,3.717,-4.327,-0.04355,0.00803,0.03923,0.0,0.0,0.0,0.0,1.0
213231.0,-0.1999,0.0687,0.133,0.065,0.303,0.142,0.012,-0.023,0.029,0.036,3.714,-4.323,-0.04204,0.0144,0.03109,0.0,0.0,0.0,0.0,1.0
213239.0,-0.2039,0.0745,0.1314,0.319,0.162,0.346,-0.021,-0.002,0.025,0.036,3.711,-4.32,-0.04428,0.01249,0.03282,0.0,0.0,0.0,0.0,1.0
213246.0,-0.2094,0.0823,0.1293,0.31,0.551,0.389,-0.046,0.007,0.02,0.036,3.708,-4.317,-0.05199,0.02248,0.02926,0.0,0.0,0.0,0.0,1.0
213254.0,-0.2117,0.0866,0.1274,0.409,0.545,0.296,-0.047,0.03,0.011,0.036,3.705,-4.313,-0.05003,0.02649,0.02496,0.0,0.0,0.0,0.0,1.0
213261.0,-0.2174,0.0921,0.1277,0.309,0.725,0.216,-0.044,0.046,0.013,0.036,3.702,-4.31,-0.05355,0.03398,0.02339,0.0,0.0,0.0,0.0,1.0
213269.0,-0.223,0.0977,0.1278,0.068,0.505,0.255,-0.032,0.052,0.003,0.036,3.699,-4.306,-0.05614,0.03331,0.02637,0.0,0.0,0.0,0.0,1.0
213277.0,-0.2269,0.0995,0.1301,0.018,0.529,0.28,-0.014,0.032,-0.008,0.036,3.696,-4.303,-0.0557,0.03255,0.02577,0.0,0.0,0.0,0.0,1.0
213285.0,-0.2292,0.0977,0.1341,-0.003,0.347,0.271,-0.003,0.038,-0.022,0.036,3.694,-4.299,-0.05313,0.02972,0.02609,0.0,0.0,0.0,0.0,1.0
213293.0,-0.2321,0.0896,0.1449,-0.393,0.243,0.342,-0.009,-0.001,-0.027,0.036,3.691,-4.296,-0.06085,0.02343,0.03363,0.0,0.0,0.0,0.0,1.0
213300.0,-0.2363,0.0851,0.1534,-0.54,-0.011,0.004,0.009,-0.004,-0.031,0.036,3.688,-4.292,-0.05599,0.0214,0.03254,0.0,0.0,0.0,0.0,1.0
213308.0,-0.2381,0.0776,0.1626,-0.517,-0.503,-0.056,0.035,-0.013,-0.019,0.036,3.685,-4.289,-0.04787,0.00974,0.03872,0.0,0.0,0.0,0.0,1.0
213316.0,-0.2385,0.068,0.1723,-0.567,-0.479,-0.03,0.034,-0.017,-0.014,0.036,3.682,-4.286,-0.04931,0.00777,0.04224,0.0,0.0,0.0,0.0,1.0
213323.0,-0.2373,0.0587,0.1801,-0.629,-1.025,-0.057,0.028,-0.036,-0.013,0.036,3.679,-4.282,-0.04584,-0.00578,0.0489,0.0,0.0,0.0,0.0,1.0
213331.0,-0.2404,0.0542,0.1877,-0.218,-0.827,-0.031,0.041,-0.019,0.011,0.036,3.676,-4.279,-0.0403,-0.00476,0.04903,0.0,0.0,0.0,0.0,1.0
213339.0,-0.2388,0.0526,0.1876,0.101,-0.881,-0.085,0.036,-0.01,0.018,0.036,3.673,-4.275,-0.03418,-0.00699,0.04661,0.0,0.0,0.0,0.0,1.0
213347.0,-0.2377,0.057,0.1822,0.101,-0.535,-0.431,-0.001,-0.002,0.029,0.036,3.67,-4.272,-0.03901,0.0045,0.03827,0.0,0.0,0.0,0.0,1.0
213355.0,-0.2349,0.0622,0.1744,0.611,-0.213,-0.628,-0.015,-0.008,0.037,0.036,3.667,-4.268,-0.0329,0.00782,0.02687,0.0,0.0,0.0,0.0,1.0
213363.0,-0.2374,0.0705,0.1688,0.637,0.125,-0.464,-0.019,-0.024,0.036,0.036,3.664,-4.265,-0.03777,0.01179,0.02538,0.0,0.0,0.0,0.0,1.0
213370.0,-0.2378,0.08,0.1599,0.877,0.433,-0.589,-0.029,-0.016,0.024,0.036,3.661,-4.262,-0.0365,0.01956,0.01534,0.0,0.0,0.0,0.0,1.0
213378.0,-0.2361,0.0882,0.1503,0.813,0.648,-0.634,-0.04,0.003,0.01,0.036,3.658,-4.258,-0.0398,0.02923,0.00925,0.0,0.0,0.0,0.0,1.0
213385.0,-0.2349,0.0958,0.1416,0.713,0.742,-0.627,-0.038,-0.001,-0.014,0.036,3.655,-4.255,-0.04173,0.03275,0.00394,0.0,0.0,0.0,0.0,1.0
213393.0,-0.2325,0.1036,0.1317,0.528,0.696,-0.502,-0.036,0.02,-0.03,0.036,3.652,-4.251,-0.04493,0.03729,0.00392,0.0,0.0,0.0,0.0,1.0
213401.0,-0.2282,0.106,0.125,0.358,0.589,-0.436,-0.02,0.03,-0.027,0.036,3.649,-4.248,-0.04481,0.03792,0.00629,0.0,0.0,0.0,0.0,1.0
213409.0,-0.222,0.1031,0.1217,0.232,0.214,-0.465,-0.015,0.025,-0.022,0.036,3.646,-4.245,-0.04158,0.03127,0.01006,0.0,0.0,0.0,0.0,1.0
213417.0,-0.2174,0.0955,0.1245,0.027,-0.102,-0.261,-0.007,0.031,-0.023,0.036,3.644,-4.241,-0.04207,0.02464,0.01848,0.0,0.0,0.0,0.0,1.0
213425.0,-0.2136,0.0856,0.1302,-0.213,-0.367,-0.179,0.009,0.033,-0.025,0.036,3.641,-4.238,-0.04134,0.01932,0.02509,0.0,0.0,0.0,0.0,1.0
213432.0,-0.2083,0.0746,0.1357,-0.198,-0.644,-0.023,0.02,0.02,-0.016,0.035,3.638,-4.235,-0.03734,0.00875,0.03231,0.0,0.0,0.0,0.0,1.0
213440.0,-0.2032,0.0657,0.1392,-0.403,-0.7,-0.079,0.032,0.013,-0.005,0.035,3.635,-4.231,-0.0374,0.00705,0.03609,0.0,0.0,0.0,0.0,1.0
213448.0,-0.1993,0.0603,0.1407,-0.232,-0.853,0.114,0.04,-0.018,0.014,0.035,3.632,-4.228,-0.03329,-0.00495,0.04263,0.0,0.0,0.0,0.0,1.0
213455.0,-0.1967,0.0581,0.1401,-0.141,-0.643,0.237,0.038,-0.023,0.009,0.035,3.629,-4.224,-0.03424,-0.00406,0.04119,0.0,0.0,0.0,0.0,1.0
213463.0,-0.1948,0.0622,0.1342,0.079,-0.474,0.059,0.017,-0.053,0.034,0.035,3.626,-4.221,-0.03238,-0.00348,0.03715,0.0,0.0,0.0,0.0,1.0
213471.0,-0.191,0.0672,0.1256,0.32,-0.209,-0.024,0.02,-0.045,0.028,0.035,3.623,-4.218,-0.02857,0.00162,0.02873,0.0,0.0,0.0,0.0,1.0
213479.0,-0.1904,0.0729,0.1194,0.332,0.189,0.2,0.002,-0.055,0.023,0.035,3.62,-4.214,-0.03641,0.00743,0.02732,0.0,0.0,0.0,0.0,1.0
213487.0,-0.1922,0.0811,0.1132,0.417,0.373,0.037,-0.016,-0.015,0.015,0.035,3.617,-4.211,-0.03839,0.01747,0.01973,0.0,0.0,0.0,0.0,1.0
213494.0,-0.1967,0.0905,0.1087,0.188,0.637,0.214,-0.024,-0.011,0.001,0.035,3.614,-4.207,-0.04814,0.02534,0.01958,0.0,0.0,0.0,0.0,1.0
213502.0,-0.2019,0.0993,0.1052,-0.096,0.77,0.26,-0.024,0.015,-0.007,0.035,3.612,-4.204,-0.05568,0.03575,0.01959,0.0,0.0,0.0,0.0,1.0
213510.0,-0.2081,0.1053,0.1055,-0.082,0.667,0.243,-0.029,0.022,-0.02,0.035,3.609,-4.201,-0.05614,0.03625,0.01824,0.0,0.0,0.0,0.0,1.0
213518.0,-0.2112,0.102,0.1119,-0.003,0.478,0.142,-0.012,0.051,-0.025,0.035,3.606,-4.197,-0.05087,0.0352,0.01773,0.0,0.0,0.0,0.0,1.0
213525.0,-0.2116,0.0973,0.1169,-0.165,0.198,-0.051,-0.019,0.054,-0.028,0.035,3.603,-4.194,-0.05056,0.03238,0.01902,0.0,0.0,0.0,0.0,1.0
213533.0,-0.2106,0.0913,0.1218,-0.355,-0.006,-0.08,-0.018,0.077,-0.03,0.035,3.6,-4.191,-0.05159,0.0303,0.02261,0.0,0.0,0.0,0.0,1.0
213541.0,-0.2112,0.0827,0.1307,-0.473,-0.51,-0.41,0.007,0.076,-0.013,0.035,3.597,-4.187,-0.04253,0.02293,0.02637,0.0,0.0,0.0,0.0,1.0
213549.0,-0.2093,0.0763,0.135,-0.353,-0.551,-0.277,0.019,0.078,-0.017,0.035,3.595,-4.184,-0.03924,0.01877,0.02804,0.0,0.0,0.0,0.0,1.0
213556.0,-0.2061,0.0667,0.1412,-0.438,-0.563,-0.287,0.025,0.062,-0.02,0.035,3.592,-4.181,-0.0389,0.01675,0.02963,0.0,0.0,0.0,0.0,1.0
213564.0,-0.2035,0.0616,0.1435,-0.452,-0.719,-0.011,0.025,0.018,0.002,0.035,3.589,-4.177,-0.03962,0.00635,0.03984,0.0,0.0,0.0,0.0,1.0
213572.0,-0.2015,0.0571,0.146,-0.246,-0.663,0.045,0.026,-0.024,0.008,0.035,3.586,-4.174,-0.03636,-0.00216,0.04018,0.0,0.0,0.0,0.0,1.0
213580.0,-0.2038,0.062,0.1435,-0.191,-0.488,0.132,0.031,-0.06,0.021,0.035,3.583,-4.171,-0.03745,-0.00249,0.04128,0.0,0.0,0.0,0.0,1.0
213587.0,-0.2054,0.0656,0.1416,-0.205,-0.298,0.062,0.016,-0.088,0.012,0.035,3.58,-4.167,-0.04077,0.0015,0.03716,0.0,0.0,0.0,0.0,1.0
213595.0,-0.2065,0.0691,0.1392,-0.085,-0.209,0.064,0.019,-0.102,0.016,0.035,3.577,-4.164,-0.03929,0.00258,0.03555,0.0,0.0,0.0,0.0,1.0
213602.0,-0.2059,0.0735,0.1344,-0.05,-0.086,0.012,0.012,-0.099,0.031,0.035,3.574,-4.161,-0.04026,0.00585,0.03423,0.0,0.0,0.0,0.0,1.0
213610.0,-0.2075,0.0798,0.1299,0.381,0.251,0.089,0.001,-0.075,0.025,0.035,3.571,-4.157,-0.03865,0.00961,0.02701,0.0,0.0,0.0,0.0,1.0
213618.0,-0.2137,0.0869,0.1291,0.295,0.371,-0.05,-0.007,-0.057,0.019,0.035,3.568,-4.154,-0.04242,0.016,0.02348,0.0,0.0,0.0,0.0,1.0
213626.0,-0.2164,0.0886,0.1302,0.025,0.357,0.022,-0.006,0.001,-0.006,0.035,3.566,-4.151,-0.04824,0.02472,0.02332,0.0,0.0,0.0,0.0,1.0
213634.0,-0.2186,0.091,0.13,0.181,0.653,-0.113,-0.016,0.03,-0.006,0.035,3.563,-4.147,-0.04901,0.03475,0.0169,0.0,0.0,0.0,0.0,1.0
213642.0,-0.2189,0.0931,0.1283,0.23,0.585,-0.094,-0.012,0.064,-0.008,0.035,3.56,-4.144,-0.04742,0.03601,0.0164,0.0,0.0,0.0,0.0,1.0
213649.0,-0.2178,0.0955,0.1248,0.421,0.658,0.065,-0.002,0.076,-0.011,0.035,3.557,-4.141,-0.04439,0.03532,0.01544,0.0,0.0,0.0,0.0,1.0
213657.0,-0.213,0.0932,0.1223,0.082,0.746,-0.106,0.016,0.089,-0.006,0.035,3.554,-4.137,-0.04576,0.04096,0.01489,0.0,0.0,0.0,0.0,1.0
213665.0,-0.2096,0.0901,0.122,0.366,0.569,-0.109,0.018,0.07,-0.008,0.035,3.552,-4.134,-0.03821,0.03421,0.01348,0.0,0.0,0.0,0.0,1.0
213672.0,-0.2055,0.0866,0.1212,0.269,-0.012,-0.171,0.014,0.074,-0.005,0.035,3.549,-4.131,-0.03414,0.02444,0.01859,0.0,0.0,0.0,0.0,1.0
213680.0,-0.2026,0.0811,0.1237,0.305,0.023,-0.135,0.007,0.042,0.012,0.035,3.546,-4.127,-0.03461,0.02142,0.02204,0.0,0.0,0.0,0.0,1.0
213688.0,-0.1985,0.0762,0.1244,0.349,-0.33,-0.143,0.02,0.017,0.003,0.035,3.543,-4.124,-0.02774,0.01066,0.02332,0.0,0.0,0.0,0.0,1.0
213696.0,-0.196,0.0728,0.1251,0.178,-0.437,-0.077,-0.008,-0.021,-0.006,0.035,3.54,-4.121,-0.03393,0.0032,0.02607,0.0,0.0,0.0,0.0,1.0
213704.0,-0.1932,0.0711,0.124,0.249,-0.238,-0.136,-0.001,-0.055,0.004,0.035,3.538,-4.118,-0.03203,0.00295,0.02414,0.0,0.0,0.0,0.0,1.0
213712.0,-0.1933,0.0718,0.1234,0.404,0.016,-0.228,-0.015,-0.083,-0.002,0.035,3.535,-4.114,-0.03267,0.00608,0.01818,0.0,0.0,0.0,0.0,1.0
213719.0,-0.1945,0.0748,0.1218,0.533,-0.111,-0.441,-0.027,-0.119,-0.011,0.035,3.532,-4.111,-0.02909,0.00465,0.01305,0.0,0.0,0.0,0.0,1.0
213727.0,-0.1917,0.079,0.1148,0.454,0.294,-0.555,-0.019,-0.112,-0.006,0.035,3.529,-4.108,-0.03131,0.01452,0.0075,0.0,0.0,0.0,0.0,1.0
213735.0,-0.1895,0.085,0.1067,0.588,0.237,-0.527,-0.008,-0.094,-0.013,0.035,3.526,-4.104,-0.02676,0.01359,0.00444,0.0,0.0,0.0,0.0,1.0
213743.0,-0.1856,0.0902,0.0977,0.624,0.531,-0.751,-0.012,-0.05,-0.024,0.034,3.523,-4.101,-0.02652,0.02338,-0.00591,0.0,0.0,0.0,0.0,1.0
213750.0,-0.1818,0.0939,0.0904,0.709,0.326,-0.525,-0.001,0.002,-0.015,0.034,3.52,-4.098,-0.02328,0.02435,-0.00166,0.0,0.0,0.0,0.0,1.0
213758.0,-0.1816,0.1008,0.0835,0.559,0.531,-0.58,0.014,0.04,-0.002,0.034,3.517,-4.095,-0.025,0.03621,-0.00274,0.0,0.0,0.0,0.0,1.0
213766.0,-0.1817,0.1075,0.0771,0.438,0.184,-0.324,0.02,0.087,-0.001,0.034,3.515,-4.091,-0.02589,0.0325,0.0043,0.0,0.0,0.0,0.0,1.0
213774.0,-0.1811,0.1109,0.0732,0.339,0.32,-0.36,0.031,0.096,-0.009,0.034,3.512,-4.088,-0.02685,0.03698,0.00124,0.0,0.0,0.0,0.0,1.0
213781.0,-0.1805,0.113,0.0706,0.048,0.082,-0.254,0.023,0.106,-0.007,0.034,3.509,-4.085,-0.03173,0.0348,0.00743,0.0,0.0,0.0,0.0,1.0
213789.0,-0.1794,0.1076,0.0746,0.459,0.02,0.031,0.029,0.088,0.005,0.034,3.506,-4.082,-0.02571,0.02636,0.01191,0.0,0.0,0.0,0.0,1.0
213796.0,-0.1748,0.1032,0.0743,0.119,0.108,-0.139,0.006,0.073,0.006,0.034,3.504,-4.078,-0.03293,0.03101,0.01165,0.0,0.0,0.0,0.0,1.0
213804.0,-0.1706,0.0986,0.0746,0.368,-0.233,-0.048,-0.01,0.031,0.003,0.034,3.501,-4.075,-0.02805,0.0182,0.01373,0.0,0.0,0.0,0.0,1.0
213812.0,-0.162,0.0918,0.0726,0.489,-0.274,0.084,-0.015,0.012,0.009,0.034,3.498,-4.072,-0.02571,0.01131,0.0159,0.0,0.0,0.0,0.0,1.0
213819.0,-0.1607,0.0935,0.0696,0.574,-0.22,0.051,-0.025,-0.038,0.001,0.034,3.495,-4.068,-0.0252,0.00502,0.01267,0.0,0.0,0.0,0.0,1.0
213827.0,-0.1567,0.0911,0.0679,0.334,-0.182,-0.17,-0.02,-0.059,-0.005,0.034,3.493,-4.065,-0.02598,0.00756,0.00947,0.0,0.0,0.0,0.0,1.0
213835.0,-0.1538,0.0911,0.0651,0.184,-0.064,-0.139,-0.027,-0.076,-0.013,0.034,3.49,-4.062,-0.02996,0.01003,0.00878,0.0,0.0,0.0,0.0,1.0
213842.0,-0.1498,0.0916,0.0606,0.293,-0.243,-0.491,-0.008,-0.104,-0.011,0.034,3.487,-4.059,-0.01964,0.00827,0.00267,0.0,0.0,0.0,0.0,1.0
213850.0,-0.1475,0.0925,0.0574,0.058,-0.308,-0.297,-0.008,-0.076,-0.003,0.034,3.484,-4.056,-0.02461,0.00816,0.00917,0.0,0.0,0.0,0.0,1.0
213858.0,-0.1468,0.0945,0.0548,-0.091,0.026,-0.481,0.011,-0.063,0.006,0.034,3.481,-4.052,-0.02529,0.01782,0.00523,0.0,0.0,0.0,0.0,1.0
213865.0,-0.143,0.0934,0.052,-0.261,-0.211,-0.286,0.016,-0.034,-0.002,0.034,3.478,-4.049,-0.02663,0.01531,0.00998,0.0,0.0,0.0,0.0,1.0
213873.0,-0.1419,0.0944,0.05,-0.417,0.01,-0.669,0.029,0.002,0.005,0.034,3.475,-4.046,-0.02596,0.0291,0.00343,0.0,0.0,0.0,0.0,1.0
213881.0,-0.1378,0.0968,0.0435,-0.211,-0.063,-0.485,0.039,0.017,0.004,0.034,3.473,-4.043,-0.0217,0.02736,0.00366,0.0,0.0,0.0,0.0,1.0
213889.0,-0.1361,0.0984,0.0404,-0.31,-0.1,-0.349,0.016,0.049,0.014,0.034,3.47,-4.039,-0.02704,0.03028,0.00813,0.0,0.0,0.0,0.0,1.0
213896.0,-0.135,0.0966,0.0409,-0.225,-0.133,-0.295,-0.009,0.067,-0.009,0.034,3.467,-4.036,-0.02942,0.02933,0.00511,-0.02942,0.02933,0.00511,1.0,1.0
213904.0,-0.1113,0.0719,0.0413,1.093,-1.507,-0.028,-0.178,0.228,0.011,0.034,3.465,-4.033,-0.00054,-0.01194,0.0126,-0.00054,-0.01194,0.0126,1.0,1.0
213912.0,-0.1152,0.0777,0.0396,1.135,-1.341,-0.553,-0.451,0.413,0.087,0.034,3.462,-4.03,0.00097,-0.00227,0.00794,0.00097,-0.00227,0.00794,1.0,1.0
213919.0,-0.1428,0.1031,0.0424,-1.058,0.725,-1.165,-0.339,0.233,0.204,0.033,3.46,-4.026,-0.05372,0.06261,0.00141,-0.05372,0.06261,0.00141,1.0,1.0
213927.0,-0.1287,0.0714,0.0592,0.108,-0.379,-0.276,-0.477,0.401,0.166,0.033,3.457,-4.023,-0.03052,0.01994,0.0186,-0.03052,0.01994,0.0186,1.0,1.0
213935.0,-0.1242,0.0565,0.0693,1.801,-2.65,0.302,-1.062,0.951,0.158,0.032,3.455,-4.02,0.00977,-0.03936,0.03487,0.00977,-0.03936,0.03487,1.0,1.0
213943.0,-0.1698,0.1255,0.0476,-1.699,2.529,-1.694,-1.036,0.652,0.443,0.031,3.453,-4.016,-0.08521,0.11299,-0.01404,-0.08521,0.11299,-0.01404,1.0,1.0
213951.0,-0.1496,0.121,0.0318,-0.124,1.572,-1.784,-0.954,0.336,0.714,0.03,3.45,-4.012,-0.04499,0.0798,-0.02348,-0.04499,0.0798,-0.02348,1.0,1.0
213958.0,-0.1005,0.0418,0.0597,5.808,-5.137,1.53,-2.073,1.414,0.449,0.029,3.448,-4.009,0.08776,-0.12,0.04237,0.08776,-0.12,0.04237,1.0,1.0
213966.0,-0.1592,0.1027,0.0592,-0.534,0.361,1.318,-2.395,1.575,0.242,0.027,3.447,-4.005,-0.0772,0.04275,0.05056,-0.0772,0.04275,0.05056,1.0,1.0
213973.0,-0.1835,0.1997,-0.0109,-3.984,7.947,-3.452,-1.541,0.185,0.77,0.026,3.445,-4.002,-0.12,0.12,-0.07531,-0.12,0.12,-0.07531,1.0,1.0
213982.0,-0.0659,0.0881,-0.0199,6.039,-0.65,-3.4,-2.82,0.85,1.094,0.024,3.442,-3.997,0.10441,0.00162,-0.09021,0.10441,0.00162,-0.09021,1.0,1.0
213989.0,-0.1266,0.0099,0.117,4.098,-7.724,5.511,-3.567,2.228,-0.087,0.021,3.441,-3.994,0.03669,-0.12,0.12,0.03669,-0.12,0.12,1.0,1.0
213997.0,-0.1817,0.1657,0.0203,-7.053,2.882,2.357,-2.14,1.447,-0.09,0.019,3.44,-3.991,-0.12,0.12,0.08169,-0.12,0.12,0.08169,1.0,1.0
214005.0,-0.0368,0.2079,-0.1656,-1.177,7.344,-9.25,-2.656,0.636,1.57,0.017,3.438,-3.987,-0.02894,0.12,-0.12,-0.02894,0.12,-0.12,1.0,1.0
214013.0,0.0416,0.0736,-0.1133,9.611,-4.51,-6.918,-4.37,1.977,1.579,0.014,3.436,-3.982,0.12,-0.06408,-0.12,0.12,-0.06408,-0.12,1.0,1.0
214020.0,-0.111,0.0337,0.0782,2.099,-6.846,4.835,-3.705,2.66,-0.089,0.011,3.436,-3.979,0.00187,-0.12,0.12,0.00187,-0.12,0.12,1.0,1.0
214028.0,-0.2404,0.1754,0.0697,-10.556,6.241,8.316,-2.191,1.155,-0.608,0.009,3.434,-3.976,-0.12,0.12,0.12,-0.12,0.12,0.12,1.0,1.0
214036.0,-0.0741,0.2189,-0.139,-4.247,9.503,-1.996,-2.83,0.378,1.142,0.007,3.432,-3.973,-0.12,0.12,-0.08057,-0.12,0.12,-0.08057,1.0,1.0
214043.0,0.1334,0.0943,-0.2253,11.256,-3.245,-9.722,-4.569,1.739,2.207,0.003,3.43,-3.968,0.12,-0.02952,-0.12,0.12,-0.02952,-0.12,1.0,1.0
214051.0,0.0182,0.0134,-0.0313,5.628,-9.803,2.995,-4.732,3.279,0.791,-0.001,3.43,-3.964,0.12,-0.12,0.09583,0.12,-0.12,0.09583,1.0,1.0
214059.0,-0.2235,0.1525,0.075,-14.038,4.705,12.913,-2.882,2.326,-0.82,-0.003,3.429,-3.961,-0.12,0.12,0.12,-0.12,0.12,0.12,1.0,1.0
214067.0,-0.1732,0.2695,-0.0893,-11.26,10.892,3.102,-2.305,0.763,0.305,-0.005,3.427,-3.958,-0.12,0.12,0.06288,-0.12,0.12,0.06288,1.0,1.0
214075.0,0.02,0.1711,-0.1867,8.047,-0.875,-9.516,-3.921,1.805,1.951,-0.008,3.426,-3.953,0.12,0.05351,-0.12,0.12,0.05351,-0.12,1.0,1.0
214083.0,-0.0089,0.0371,-0.0272,8.765,-9.433,-3.367,-4.495,3.335,1.57,-0.011,3.425,-3.949,0.12,-0.12,-0.04505,0.12,-0.12,-0.04505,1.0,1.0
214090.0,-0.1764,0.105,0.0742,-7.027,-1.658,8.458,-2.795,3.093,-0.17,-0.014,3.425,-3.945,-0.12,0.00952,0.12,-0.12,0.00952,0.12,1.0,1.0
214098.0,-0.1581,0.2001,-0.0368,-6.766,8.325,4.346,-2.267,1.944,-0.025,-0.016,3.424,-3.942,-0.12,0.12,0.05669,-0.12,0.12,0.05669,1.0,1.0
214106.0,-0.0071,0.1612,-0.1498,5.653,0.352,-4.753,-3.805,2.716,1.447,-0.019,3.423,-3.938,0.09976,0.05843,-0.12,0.09976,0.05843,-0.12,1.0,1.0
214113.0,-0.0167,0.102,-0.0826,7.718,-7.819,-3.933,-4.687,4.333,1.411,-0.022,3.424,-3.934,0.12,-0.11739,-0.07505,0.12,-0.11739,-0.07505,1.0,1.0
214121.0,-0.214,0.1662,0.0522,-5.658,-1.079,3.761,-3.371,4.517,-0.151,-0.025,3.425,-3.931,-0.12,0.0677,0.12,-0.12,0.0677,0.12,1.0,1.0
214128.0,-0.2326,0.2167,0.0216,-8.316,7.107,5.634,-2.731,3.774,-0.29,-0.027,3.425,-3.928,-0.12,0.12,0.10287,-0.12,0.12,0.10287,1.0,1.0
214136.0,-0.0542,0.1982,-0.1388,3.635,-0.355,-4.776,-4.276,4.847,1.373,-0.03,3.426,-3.924,0.04929,0.07989,-0.12,0.04929,0.07989,-0.12,1.0,1.0
214144.0,0.0202,0.1146,-0.1318,10.274,-9.087,-8.921,-5.435,6.722,1.895,-0.035,3.428,-3.919,0.12,-0.10807,-0.12,0.12,-0.10807,-0.12,1.0,1.0
214151.0,-0.2253,0.1866,0.0436,-2.519,-1.97,1.831,-4.431,6.587,0.215,-0.038,3.431,-3.915,-0.12,0.05537,0.07732,-0.12,0.05537,0.07732,1.0,1.0
214159.0,-0.3203,0.2677,0.0597,-9.788,8.875,9.04,-3.492,5.601,-0.758,-0.041,3.433,-3.913,-0.12,0.12,0.12,-0.12,0.12,0.12,1.0,1.0
214167.0,-0.1352,0.2397,-0.0982,6.414,0.036,-3.611,-4.859,6.398,0.639,-0.045,3.435,-3.91,0.06095,0.07273,-0.12,0.06095,0.07273,-0.12,1.0,1.0
214175.0,-0.0441,0.1747,-0.126,9.15,-5.786,-9.511,-6.346,7.782,1.731,-0.05,3.438,-3.905,0.12,-0.01362,-0.12,0.12,-0.01362,-0.12,1.0,1.0
214182.0,-0.2022,0.1723,0.0344,-4.206,-1.608,1.677,-5.497,8.026,0.183,-0.054,3.442,-3.902,-0.12,0.0835,0.08315,-0.12,0.0835,0.08315,1.0,1.0
214190.0,-0.261,0.18,0.0858,-6.698,1.729,9.501,-4.024,7.639,-1.394,-0.058,3.445,-3.899,-0.12,0.09993,0.12,-0.12,0.09993,0.12,1.0,1.0
214198.0,-0.0864,0.1416,-0.0515,5.41,-5.004,-1.478,-5.327,8.624,-0.285,-0.061,3.449,-3.897,0.06954,-0.03574,-0.06817,0.06954,-0.03574,-0.06817,1.0,1.0
214205.0,0.0186,0.1203,-0.1358,6.214,-6.155,-13.079,-6.695,9.602,1.266,-0.067,3.454,-3.893,0.12,0.03234,-0.12,0.12,0.03234,-0.12,1.0,1.0
214213.0,-0.1027,0.1425,-0.036,-4.375,0.486,-3.315,-5.797,9.195,0.148,-0.071,3.458,-3.889,-0.12,0.12,-0.03824,-0.12,0.12,-0.03824,1.0,1.0
214221.0,-0.1718,0.0908,0.0834,-6.79,-0.818,8.862,-4.443,9.529,-1.677,-0.075,3.463,-3.887,-0.12,0.05046,0.12,-0.12,0.05046,0.12,1.0,1.0
214228.0,-0.0501,0.0461,0.0052,5.708,-4.466,3.817,-5.66,10.589,-1.434,-0.079,3.469,-3.885,0.02417,-0.08052,0.01617,0.02417,-0.08052,0.01617,1.0,1.0
214236.0,0.0129,0.1568,-0.1656,7.168,2.015,-10.362,-7.23,10.427,0.252,-0.085,3.474,-3.882,0.12,0.12,-0.12,0.12,0.12,-0.12,1.0,1.0
214244.0,-0.1352,0.1907,-0.0505,-4.547,6.607,-5.141,-6.51,9.988,-0.092,-0.09,3.48,-3.879,-0.12,0.12,-0.12,-0.12,0.12,-0.12,1.0,1.0
214251.0,-0.1573,0.0336,0.1246,-1.095,-0.957,7.533,-6.197,11.456,-1.876,-0.095,3.486,-3.877,-0.12,0.01321,0.12,-0.12,0.01321,0.12,1.0,1.0
214259.0,-0.0772,-0.0635,0.1391,9.831,-7.165,9.263,-7.851,13.274,-2.655,-0.101,3.493,-3.876,0.05227,-0.12,0.11902,0.05227,-0.12,0.11902,1.0,1.0
214267.0,-0.0738,0.1505,-0.0728,3.327,3.919,-5.253,-8.75,13.074,-1.22,-0.107,3.501,-3.874,-0.0282,0.12,-0.12,-0.0282,0.12,-0.12,1.0,1.0
214274.0,-0.0888,0.2044,-0.1103,-5.618,9.995,-9.785,-8.348,12.623,-0.793,-0.114,3.508,-3.872,-0.12,0.12,-0.12,-0.12,0.12,-0.12,1.0,1.0
214282.0,-0.0838,0.0312,0.0534,2.166,0.434,3.831,-9.415,14.391,-2.57,-0.121,3.516,-3.87,-0.10309,0.06625,0.01684,-0.10309,0.06625,0.01684,1.0,1.0
214290.0,-0.0744,-0.0967,0.1686,8.233,-7.849,13.342,-10.881,16.293,-4.043,-0.13,3.526,-3.87,-0.0169,-0.12,0.12,-0.0169,-0.12,0.12,1.0,1.0
214297.0,-0.1099,0.0992,0.0134,2.18,1.872,0.056,-11.394,16.348,-3.128,-0.139,3.537,-3.87,-0.09533,0.12,-0.06787,-0.09533,0.12,-0.06787,1.0,1.0
214305.0,-0.0647,0.2229,-0.1523,-3.029,11.336,-13.715,-11.634,15.317,-1.956,-0.148,3.546,-3.869,-0.12,0.12,-0.12,-0.12,0.12,-0.12,1.0,1.0
214313.0,-0.0361,0.118,-0.0789,2.059,2.667,-4.743,-12.703,16.236,-2.978,-0.157,3.556,-3.868,-0.04608,0.12,-0.12,-0.04608,0.12,-0.12,1.0,1.0
214321.0,-0.0552,-0.0015,0.0567,5.874,-5.991,7.078,-13.795,17.558,-4.542,-0.168,3.567,-3.868,-0.01771,-0.0812,0.10115,-0.01771,-0.0812,0.10115,1.0,1.0
214329.0,-0.1557,0.0998,0.0586,-3.436,-1.262,5.74,-13.619,17.66,-5.178,-0.179,3.578,-3.869,-0.12,0.11725,0.12,-0.12,0.11725,0.12,1.0,1.0
214336.0,-0.0631,0.2483,-0.1788,-1.886,7.644,-10.425,-14.227,16.398,-3.579,-0.19,3.589,-3.869,-0.10726,0.12,-0.12,-0.10726,0.12,-0.12,1.0,1.0
214344.0,0.0583,0.2245,-0.2769,4.473,-1.434,-13.626,-15.967,17.25,-2.681,-0.202,3.599,-3.868,0.12,0.12,-0.12,0.12,0.12,-0.12,1.0,1.0
214352.0,-0.0455,0.1041,-0.0559,0.259,-8.354,0.468,-16.863,19.142,-4.187,-0.215,3.611,-3.868,-0.04404,0.01612,0.04648,-0.04404,0.01612,0.04648,1.0,1.0
214360.0,-0.1085,0.0742,0.0363,-8.303,-8.846,10.158,-16.338,21.012,-5.53,-0.228,3.625,-3.869,-0.12,0.00111,0.12,-0.12,0.00111,0.12,1.0,1.0
214367.0,-0.0046,0.1845,-0.1751,-3.172,-1.324,0.889,-17.72,21.656,-4.751,-0.242,3.639,-3.87,-0.12,0.12,-0.00944,-0.12,0.12,-0.00944,1.0,1.0
214375.0,0.1648,0.1942,-0.354,4.597,-2.141,-13.149,-20.074,22.79,-3.213,-0.257,3.654,-3.87,0.11436,0.12,-0.12,0.11436,0.12,-0.12,1.0,1.0
214383.0,0.0842,0.1432,-0.2237,-0.346,-7.258,-7.106,-20.775,24.511,-3.79,-0.274,3.671,-3.87,-0.00504,0.12,-0.12,-0.00504,0.12,-0.12,1.0,1.0
214390.0,-0.0143,0.0652,-0.0492,-8.85,-7.575,6.581,-19.29,25.454,-5.602,-0.289,3.688,-3.87,-0.12,0.08355,0.12,-0.12,0.08355,0.12,1.0,1.0
214398.0,0.0433,0.0546,-0.0965,-2.389,-5.992,6.677,-19.421,25.518,-6.069,-0.304,3.705,-3.872,-0.12,0.05735,0.12,-0.12,0.05735,0.12,1.0,1.0
214406.0,0.1813,0.1779,-0.3546,3.962,-2.243,-8.18,-20.322,25.095,-4.46,-0.32,3.723,-3.873,0.05626,0.12,-0.12,0.05626,0.12,-0.12,1.0,1.0
214414.0,0.1891,0.2312,-0.4144,1.464,-0.434,-13.623,-20.548,25.804,-3.842,-0.336,3.74,-3.873,0.04123,0.12,-0.12,0.04123,0.12,-0.12,1.0,1.0
214422.0,0.0405,0.1645,-0.2007,-7.819,-3.903,4.521,-19.268,28.342,-5.502,-0.352,3.759,-3.874,-0.12,0.12,0.0813,-0.12,0.12,0.0813,1.0,1.0
214429.0,0.0617,0.0689,-0.1288,-4.049,-6.691,13.477,-19.768,31.694,-6.866,-0.367,3.781,-3.876,-0.12,0.03022,0.12,-0.12,0.03022,0.12,1.0,1.0
214437.0,0.2063,0.0571,-0.262,2.83,-6.405,2.083,-22.105,34.33,-5.802,-0.384,3.804,-3.878,-0.06472,0.08463,-0.06691,-0.06472,0.08463,-0.06691,1.0,1.0
214445.0,0.2782,0.0847,-0.3608,5.407,-0.499,-9.889,-24.785,34.231,-4.522,-0.403,3.829,-3.879,0.04376,0.12,-0.12,0.04376,0.12,-0.12,1.0,1.0
214452.0,0.1863,0.0518,-0.2368,-1.428,-1.467,-1.77,-25.927,33.652,-5.646,-0.423,3.853,-3.88,-0.12,0.12,-0.10308,-0.12,0.12,-0.10308,1.0,1.0
214460.0,0.1354,-0.0549,-0.0819,-2.624,-3.872,11.558,-26.117,34.017,-7.556,-0.444,3.877,-3.882,-0.12,0.09374,0.12,-0.12,0.09374,0.12,1.0,1.0
214468.0,0.1834,-0.1201,-0.0664,3.984,-4.839,9.722,-27.16,36.424,-8.266,-0.465,3.902,-3.886,-0.12,0.03723,0.09704,-0.12,0.03723,0.09704,1.0,1.0
214476.0,0.2988,-0.0491,-0.251,6.784,-0.157,-6.429,-27.586,39.349,-6.727,-0.486,3.93,-3.888,0.01813,0.12,-0.12,0.01813,0.12,-0.12,1.0,1.0
214483.0,0.2359,-0.0532,-0.1841,0.26,0.685,-7.725,-27.818,40.795,-6.645,-0.508,3.959,-3.891,-0.11077,0.12,-0.12,-0.11077,0.12,-0.12,1.0,1.0
214491.0,0.1988,-0.1902,-0.0136,-1.091,-2.688,3.87,-28.693,39.879,-8.659,-0.53,3.988,-3.894,-0.12,0.12,0.02451,-0.12,0.12,0.02451,1.0,1.0
214499.0,0.1991,-0.3132,0.1059,2.06,-5.594,13.668,-31.619,38.947,-10.296,-0.555,4.016,-3.899,-0.12,-0.00081,0.12,-0.12,-0.00081,0.12,1.0,1.0
214507.0,0.2648,-0.2756,0.0036,4.045,-1.783,3.644,-34.718,40.98,-9.348,-0.581,4.045,-3.903,-0.11096,0.12,-9e-05,-0.11096,0.12,-9e-05,1.0,1.0
214514.0,0.3266,-0.1942,-0.1375,4.459,4.253,-13.38,-35.709,45.073,-7.619,-0.609,4.077,-3.907,-0.02378,0.12,-0.12,-0.02378,0.12,-0.12,1.0,1.0
214522.0,0.2388,-0.22,-0.0245,-0.842,1.706,-8.387,-34.417,47.943,-8.315,-0.637,4.112,-3.91,-0.12,0.12,-0.12,-0.12,0.12,-0.12,1.0,1.0
214530.0,0.2186,-0.3469,0.1193,0.555,-2.428,10.208,-33.57,46.9,-10.225,-0.663,4.146,-3.914,-0.12,0.11803,0.12,-0.12,0.11803,0.12,1.0,1.0
214538.0,0.2618,-0.3972,0.125,3.71,-3.556,12.093,-35.423,46.869,-11.22,-0.69,4.18,-3.92,-0.12,0.05908,0.12,-0.12,0.05908,0.12,1.0,1.0
214545.0,0.3415,-0.2846,-0.0645,3.732,1.938,-6.532,-39.406,50.748,-9.433,-0.72,4.217,-3.925,-0.09883,0.12,-0.12,-0.09883,0.12,-0.12,1.0,1.0
214553.0,0.3695,-0.202,-0.1729,2.38,3.296,-13.727,-42.573,53.186,-8.378,-0.753,4.255,-3.929,-0.08379,0.12,-0.12,-0.08379,0.12,-0.12,1.0,1.0
214561.0,0.3065,-0.2377,-0.075,1.688,0.299,-4.011,-42.009,50.711,-9.657,-0.787,4.293,-3.933,-0.12,0.12,-0.12,-0.12,0.12,-0.12,1.0,1.0
214569.0,0.2653,-0.281,0.0083,0.963,-1.779,7.989,-41.044,50.564,-11.185,-0.819,4.33,-3.938,-0.12,0.12,0.08463,-0.12,0.12,0.08463,1.0,1.0
214577.0,0.313,-0.2615,-0.0584,2.985,-0.61,6.807,-43.37,56.7,-11.545,-0.852,4.37,-3.945,-0.12,0.12,0.00024,-0.12,0.12,0.00024,1.0,1.0
214584.0,0.4158,-0.1863,-0.2344,3.158,2.022,-8.367,-48.431,59.522,-10.406,-0.889,4.414,-3.95,-0.12,0.12,-0.12,-0.12,0.12,-0.12,1.0,1.0
214592.0,0.4291,-0.1666,-0.267,1.496,1.704,-8.078,-50.4,56.765,-10.998,-0.929,4.457,-3.955,-0.12,0.12,-0.12,-0.12,0.12,-0.12,1.0,1.0
214600.0,0.4021,-0.1913,-0.2159,2.884,0.186,1.461,-48.099,59.553,-12.797,-0.967,4.5,-3.962,-0.12,0.12,-0.11771,-0.12,0.12,-0.11771,1.0,1.0
214607.0,0.3735,-0.2262,-0.1533,2.489,-0.408,8.9,-48.618,64.637,-14.762,-1.005,4.547,-3.97,-0.12,0.12,0.00272,-0.12,0.12,0.00272,1.0,1.0
214615.0,0.3895,-0.2194,-0.1759,2.337,1.154,7.172,-54.506,61.153,-16.223,-1.046,4.593,-3.98,-0.12,0.12,0.01274,-0.12,0.12,0.01274,1.0,1.0
214623.0,0.4649,-0.1792,-0.2904,2.174,3.43,-3.082,-57.188,60.828,-16.753,-1.091,4.638,-3.99,-0.12,0.12,-0.12,-0.12,0.12,-0.12,1.0,1.0
214631.0,0.526,-0.1803,-0.3504,1.986,1.298,-4.78,-54.919,69.343,-18.07,-1.134,4.688,-4.001,-0.12,0.12,-0.12,-0.12,0.12,-0.12,1.0,1.0
214639.0,0.5206,-0.2131,-0.3132,2.705,-0.408,1.811,-58.242,68.576,-20.025,-1.179,4.739,-4.013,-0.12,0.12,-0.12,-0.12,0.12,-0.12,1.0,1.0
214647.0,0.5132,-0.2634,-0.2568,1.507,-1.867,7.005,-63.524,68.306,-21.522,-1.228,4.79,-4.027,-0.12,0.12,0.03648,-0.12,0.12,0.03648,1.0,1.0
214654.0,0.5379,-0.2532,-0.2914,-0.401,-1.073,5.37,-60.304,74.448,-21.774,-1.276,4.844,-4.041,-0.12,0.12,-0.04449,-0.12,0.12,-0.04449,1.0,1.0
214662.0,0.574,-0.1992,-0.3801,-2.493,0.088,-5.222,-60.133,70.095,-20.429,-1.323,4.898,-4.054,-0.12,0.12,-0.12,-0.12,0.12,-0.12,1.0,1.0
214670.0,0.532,-0.2079,-0.3297,-3.471,-0.729,-3.955,-66.834,72.006,-20.513,-1.373,4.95,-4.067,-0.12,0.12,-0.12,-0.12,0.12,-0.12,1.0,1.0
214678.0,0.4791,-0.2535,-0.2323,-2.998,-1.922,5.223,-66.147,79.201,-22.21,-1.426,5.008,-4.082,-0.12,0.12,0.0041,-0.12,0.12,0.0041,1.0,1.0
214685.0,0.4606,-0.2503,-0.2169,-2.182,-1.229,7.204,-65.449,74.909,-23.863,-1.477,5.065,-4.097,-0.12,0.12,0.04761,-0.12,0.12,0.04761,1.0,1.0
214693.0,0.499,-0.2039,-0.3005,-2.193,-0.294,-1.545,-73.238,80.994,-24.89,-1.532,5.124,-4.113,-0.12,0.12,-0.11524,-0.12,0.12,-0.11524,1.0,1.0
214701.0,0.526,-0.2101,-0.3215,-1.339,-0.653,-7.855,-70.731,79.58,-26.155,-1.589,5.185,-4.131,-0.12,0.12,-0.12,-0.12,0.12,-0.12,1.0,1.0
214709.0,0.5071,-0.2614,-0.2527,0.132,-1.491,1.766,-70.338,78.013,-28.251,-1.643,5.243,-4.15,-0.12,0.12,-0.06272,-0.12,0.12,-0.06272,1.0,1.0
214717.0,0.4716,-0.2861,-0.193,-0.034,-0.794,7.473,-78.388,87.547,-29.247,-1.703,5.307,-4.17,-0.12,0.12,0.03571,-0.12,0.12,0.03571,1.0,1.0
214724.0,0.4742,-0.2462,-0.2345,-0.395,1.207,1.605,-75.048,83.144,-28.137,-1.763,5.37,-4.189,-0.12,0.12,-0.08084,-0.12,0.12,-0.08084,1.0,1.0
214732.0,0.481,-0.2085,-0.2781,-1.637,1.743,-7.098,-80.16,89.743,-26.751,-1.824,5.436,-4.207,-0.12,0.12,-0.12,-0.12,0.12,-0.12,1.0,1.0
214740.0,0.427,-0.1997,-0.2326,-2.383,1.218,-1.916,-81.673,85.614,-28.101,-1.888,5.501,-4.226,-0.12,0.12,-0.09587,-0.12,0.12,-0.09587,1.0,1.0
214747.0,0.3596,-0.2179,-0.1475,-2.72,0.806,6.657,-77.637,89.108,-31.269,-1.949,5.566,-4.247,-0.12,0.12,0.02679,-0.12,0.12,0.02679,1.0,1.0
214755.0,0.369,-0.1941,-0.18,-2.137,1.753,4.916,-85.984,92.908,-33.688,-2.014,5.636,-4.27,-0.12,0.12,0.00471,-0.12,0.12,0.00471,1.0,1.0
214763.0,0.3741,-0.1437,-0.2343,-1.644,1.739,-2.013,-82.09,91.641,-33.336,-2.08,5.705,-4.293,-0.12,0.12,-0.12,-0.12,0.12,-0.12,1.0,1.0
214771.0,0.3898,-0.177,-0.2175,0.174,0.56,-3.181,-88.725,96.035,-31.952,-2.147,5.777,-4.316,-0.12,0.12,-0.12,-0.12,0.12,-0.12,1.0,1.0
214779.0,0.3774,-0.2326,-0.151,2.473,0.247,3.079,-88.091,91.02,-31.424,-2.217,5.845,-4.338,-0.12,0.12,-0.02407,-0.12,0.12,-0.02407,1.0,1.0
214787.0,0.4142,-0.2391,-0.1814,3.775,0.793,4.825,-87.819,101.502,-31.836,-2.284,5.92,-4.359,-0.12,0.12,-0.08096,-0.12,0.12,-0.08096,1.0,1.0
214794.0,0.4511,-0.1883,-0.2679,3.136,2.399,-1.956,-94.235,97.271,-33.955,-2.357,5.993,-4.382,-0.12,0.12,-0.12,-0.12,0.12,-0.12,1.0,1.0
214802.0,0.4164,-0.1465,-0.2738,1.24,2.313,-3.251,-92.245,103.821,-37.86,-2.429,6.071,-4.408,-0.12,0.12,-0.12,-0.12,0.12,-0.12,1.0,1.0
214810.0,0.3513,-0.1246,-0.23,-2.249,2.247,3.16,-98.658,97.306,-40.206,-2.505,6.145,-4.437,-0.12,0.12,0.00948,-0.12,0.12,0.00948,1.0,1.0
214817.0,0.3005,-0.0879,-0.2149,-3.69,3.43,3.735,-92.275,107.388,-39.039,-2.578,6.224,-4.465,-0.12,0.12,-0.0716,-0.12,0.12,-0.0716,1.0,1.0
214825.0,0.2769,-0.0652,-0.2135,-4.226,2.46,-0.256,-101.076,102.939,-36.897,-2.655,6.302,-4.491,-0.12,0.12,-0.04479,-0.12,0.12,-0.04479,1.0,1.0
214833.0,0.2741,-0.0776,-0.1986,-1.808,2.098,-1.044,-96.198,109.007,-38.349,-2.73,6.383,-4.518,-0.12,0.12,-0.12,-0.12,0.12,-0.12,1.0,1.0
214841.0,0.3156,-0.1356,-0.1836,0.594,0.247,1.258,-105.73,104.233,-42.406,-2.811,6.461,-4.547,-0.12,0.12,-0.02007,-0.12,0.12,-0.02007,1.0,1.0
214848.0,0.3817,-0.1535,-0.2323,3.994,0.581,0.379,-98.721,112.556,-44.352,-2.889,6.545,-4.578,-0.12,0.12,-0.12,-0.12,0.12,-0.12,1.0,1.0
214856.0,0.4031,-0.1564,-0.2508,3.286,-0.219,-1.285,-108.721,112.866,-42.242,-2.971,6.629,-4.609,-0.12,0.12,-0.12,-0.12,0.12,-0.12,1.0,1.0
214864.0,0.3617,-0.152,-0.2138,1.242,0.355,0.503,-106.013,109.843,-41.545,-3.053,6.714,-4.639,-0.12,0.12,-0.07513,-0.12,0.12,-0.07513,1.0,1.0
214872.0,0.2739,-0.1061,-0.1707,-2.885,1.091,3.049,-110.511,117.154,-45.505,-3.14,6.799,-4.67,-0.12,0.12,-0.01113,-0.12,0.12,-0.01113,1.0,1.0
214880.0,0.2,-0.028,-0.1728,-5.883,2.703,-0.957,-108.035,113.541,-50.05,-3.223,6.886,-4.706,-0.12,0.12,-0.05908,-0.12,0.12,-0.05908,1.0,1.0
214888.0,0.1638,0.0046,-0.1683,-5.717,2.068,-1.333,-110.758,120.833,-48.958,-3.31,6.976,-4.742,-0.12,0.12,-0.08433,-0.12,0.12,-0.08433,1.0,1.0
214896.0,0.1765,-0.0231,-0.154,-2.072,1.685,0.795,-115.478,114.549,-46.224,-3.397,7.062,-4.775,-0.12,0.12,-0.01263,-0.12,0.12,-0.01263,1.0,1.0
214903.0,0.2494,-0.0537,-0.1972,2.331,1.699,0.289,-111.631,122.777,-48.169,-3.486,7.154,-4.809,-0.12,0.12,-0.12,-0.12,0.12,-0.12,1.0,1.0
214911.0,0.3111,-0.0407,-0.2715,3.374,0.692,-3.659,-120.206,125.159,-52.359,-3.576,7.246,-4.846,-0.12,0.12,-0.12,-0.12,0.12,-0.12,1.0,1.0
214919.0,0.2773,-0.0093,-0.2683,1.717,0.586,-2.212,-116.534,118.763,-52.2,-3.667,7.338,-4.885,-0.12,0.12,-0.12,-0.12,0.12,-0.12,1.0,1.0
214926.0,0.1808,0.0137,-0.1941,-2.05,0.196,3.531,-122.857,129.185,-49.264,-3.762,7.433,-4.921,-0.12,0.12,-0.00468,-0.12,0.12,-0.00468,1.0,1.0
214934.0,0.1264,0.0554,-0.1804,-3.981,1.889,3.664,-120.058,126.285,-51.954,-3.854,7.527,-4.957,-0.12,0.12,0.00108,-0.12,0.12,0.00108,1.0,1.0
214942.0,0.1147,0.0984,-0.2106,-4.471,2.46,-0.434,-120.799,125.0,-56.982,-3.949,7.624,-4.998,-0.12,0.12,-0.05885,-0.12,0.12,-0.05885,1.0,1.0
214950.0,0.1567,0.0882,-0.2426,-1.041,2.392,-3.692,-129.406,133.456,-54.726,-4.046,7.72,-5.039,-0.12,0.12,-0.12,-0.12,0.12,-0.12,1.0,1.0
214958.0,0.2303,0.0426,-0.2719,2.237,1.319,-2.514,-122.197,130.35,-51.756,-4.142,7.819,-5.076,-0.12,0.12,-0.12,-0.12,0.12,-0.12,1.0,1.0
214965.0,0.2028,0.0717,-0.2726,3.111,0.03,1.285,-129.683,131.629,-56.737,-4.242,7.92,-5.116,-0.12,0.12,-0.07265,-0.12,0.12,-0.07265,1.0,1.0
214973.0,0.1924,0.0509,-0.242,-0.068,0.13,3.201,-134.462,137.436,-61.365,-4.343,8.02,-5.16,-0.12,0.12,-0.01986,-0.12,0.12,-0.01986,1.0,1.0
214981.0,0.1348,0.0884,-0.221,-3.88,1.62,0.978,-126.739,134.023,-56.612,-4.444,8.122,-5.203,-0.12,0.12,-0.05223,-0.12,0.12,-0.05223,1.0,1.0
214988.0,0.0934,0.0851,-0.1763,-5.06,1.291,-0.897,-134.195,135.693,-56.2,-4.547,8.226,-5.243,-0.12,0.12,-0.02805,-0.12,0.12,-0.02805,1.0,1.0
214996.0,0.0904,0.081,-0.1692,-1.435,1.61,-0.402,-137.044,142.427,-63.332,-4.65,8.329,-5.288,-0.12,0.12,-0.07143,-0.12,0.12,-0.07143,1.0,1.0
215004.0,0.1298,0.108,-0.235,0.736,1.516,-3.007,-131.662,139.987,-61.955,-4.754,8.435,-5.334,-0.12,0.12,-0.12,-0.12,0.12,-0.12,1.0,1.0
215012.0,0.1365,0.1317,-0.2648,1.145,0.3,-3.363,-140.302,138.683,-58.953,-4.861,8.541,-5.377,-0.12,0.12,-0.1057,-0.12,0.12,-0.1057,1.0,1.0
215020.0,0.0724,0.142,-0.2107,-1.737,-0.436,1.948,-144.741,147.385,-65.588,-4.97,8.649,-5.424,-0.12,0.12,-0.01314,-0.12,0.12,-0.01314,1.0,1.0
215027.0,-0.0014,0.1458,-0.1406,-4.426,0.41,5.905,-137.047,146.734,-65.877,-5.078,8.758,-5.473,-0.12,0.12,0.03936,-0.12,0.12,0.03936,1.0,1.0
215035.0,0.006,0.179,-0.1803,-3.496,2.872,0.504,-141.567,140.173,-59.778,-5.188,8.866,-5.517,-0.12,0.12,-0.01669,-0.12,0.12,-0.01669,1.0,1.0
215043.0,0.0636,0.2206,-0.2785,-0.211,3.36,-6.441,-149.194,150.496,-64.221,-5.299,8.978,-5.563,-0.12,0.12,-0.12,-0.12,0.12,-0.12,1.0,1.0
215051.0,0.0856,0.2386,-0.3179,2.024,2.1,-5.196,-144.767,153.957,-67.755,-5.41,9.091,-5.612,-0.12,0.12,-0.12,-0.12,0.12,-0.12,1.0,1.0
215058.0,0.0476,0.2341,-0.2756,2.202,1.206,-0.039,-146.305,148.658,-63.148,-5.525,9.203,-5.659,-0.12,0.12,-0.09191,-0.12,0.12,-0.09191,1.0,1.0
215066.0,-0.0168,0.1966,-0.1747,-0.866,-0.376,6.936,-151.129,150.404,-68.366,-5.642,9.318,-5.707,-0.12,0.12,0.08843,-0.12,0.12,0.08843,1.0,1.0
215074.0,-0.0475,0.1782,-0.1261,-1.993,1.052,7.587,-153.73,153.13,-71.09,-5.757,9.434,-5.76,-0.12,0.12,0.10576,-0.12,0.12,0.10576,1.0,1.0
215082.0,0.0167,0.2417,-0.2521,-0.225,3.03,-9.268,-152.398,159.299,-62.991,-5.873,9.549,-5.807,-0.12,0.12,-0.12,-0.12,0.12,-0.12,1.0,1.0
215089.0,0.0793,0.2637,-0.3361,0.593,0.936,-13.173,-149.879,159.217,-66.651,-5.992,9.668,-5.855,-0.12,0.12,-0.12,-0.12,0.12,-0.12,1.0,1.0
215097.0,0.03,0.2626,-0.2858,0.427,-0.889,-4.628,-157.398,153.347,-72.155,-6.112,9.786,-5.907,-0.12,0.12,-0.09542,-0.12,0.12,-0.09542,1.0,1.0
215105.0,-0.0828,0.247,-0.1577,-3.797,-3.404,7.716,-162.965,159.63,-67.562,-6.235,9.906,-5.957,-0.12,0.12,0.12,-0.12,0.12,0.12,1.0,1.0
215112.0,-0.1247,0.2113,-0.0811,-4.008,-0.681,10.7,-159.127,163.699,-72.412,-6.356,10.028,-6.009,-0.12,0.12,0.12,-0.12,0.12,0.12,1.0,1.0
215121.0,-0.0342,0.2862,-0.2445,-1.532,3.058,-3.972,-158.636,166.33,-70.936,-6.478,10.149,-6.062,-0.12,0.12,-0.12,-0.12,0.12,-0.12,1.0,1.0
215128.0,0.0594,0.3479,-0.3983,2.239,2.588,-15.415,-158.62,166.795,-63.406,-6.603,10.273,-6.109,-0.12,0.12,-0.12,-0.12,0.12,-0.12,1.0,1.0
215136.0,0.0843,0.3715,-0.4461,2.298,0.13,-9.843,-165.569,161.676,-71.228,-6.729,10.397,-6.159,-0.12,0.12,-0.12,-0.12,0.12,-0.12,1.0,1.0
215144.0,0.0175,0.3064,-0.316,-0.241,-1.9,4.03,-170.518,165.884,-73.436,-6.858,10.523,-6.213,-0.12,0.12,0.04266,-0.12,0.12,0.04266,1.0,1.0
215152.0,-0.0659,0.2066,-0.1353,-0.747,-1.32,15.162,-169.412,167.558,-69.257,-6.985,10.649,-6.264,-0.12,0.12,0.12,-0.12,0.12,0.12,1.0,1.0
215159.0,-0.0099,0.244,-0.2277,2.726,2.88,6.22,-169.384,174.503,-74.82,-7.114,10.777,-6.317,-0.12,0.12,-0.02224,-0.12,0.12,-0.02224,1.0,1.0
215167.0,0.1237,0.3805,-0.4942,4.209,3.815,-14.805,-166.435,176.55,-69.836,-7.244,10.906,-6.37,-0.12,0.12,-0.12,-0.12,0.12,-0.12,1.0,1.0
215175.0,0.0905,0.4285,-0.5079,0.292,0.12,-16.073,-171.271,173.359,-66.935,-7.377,11.035,-6.418,-0.12,0.12,-0.12,-0.12,0.12,-0.12,1.0,1.0
215182.0,-0.0312,0.3127,-0.2733,-4.425,-3.522,6.136,-173.121,174.663,-76.805,-7.511,11.167,-6.472,-0.12,0.12,0.1014,-0.12,0.12,0.1014,1.0,1.0
215190.0,-0.1065,0.2083,-0.0963,-2.487,-2.124,18.34,-175.987,170.521,-73.833,-7.644,11.298,-6.527,-0.12,0.12,0.12,-0.12,0.12,0.12,1.0,1.0
215198.0,-0.0023,0.281,-0.2714,3.688,1.296,4.199,-181.325,177.415,-72.476,-7.779,11.432,-6.58,-0.11444,0.12,-0.0068,-0.11444,0.12,-0.0068,1.0,1.0
215206.0,0.1339,0.4536,-0.5757,3.808,3.155,-19.876,-182.181,176.262,-74.497,-7.915,11.566,-6.634,-0.07107,0.12,-0.12,-0.07107,0.12,-0.12,1.0,1.0
215214.0,0.0692,0.4572,-0.5144,-3.553,-1.285,-13.677,-185.162,182.279,-67.347,-8.055,11.701,-6.684,-0.09705,0.12,-0.12,-0.09705,0.12,-0.12,1.0,1.0
215222.0,-0.0464,0.2858,-0.2319,-5.652,-2.889,5.143,-180.38,184.119,-74.029,-8.192,11.838,-6.736,-0.12,0.12,0.08998,-0.12,0.12,0.08998,1.0,1.0
215230.0,-0.0641,0.2213,-0.1514,-0.709,-2.15,18.913,-181.805,187.969,-77.693,-8.332,11.974,-6.793,-0.12,0.12,0.12,-0.12,0.12,0.12,1.0,1.0
215237.0,0.1143,0.3104,-0.4167,7.538,1.521,3.718,-180.302,190.146,-69.495,-8.472,12.114,-6.844,-0.11925,0.12,-0.12,-0.11925,0.12,-0.12,1.0,1.0
215245.0,0.1683,0.4479,-0.6045,3.295,2.386,-18.487,-184.92,189.406,-74.448,-8.614,12.253,-6.897,-0.07658,0.12,-0.12,-0.07658,0.12,-0.12,1.0,1.0
215253.0,0.0577,0.3718,-0.4198,-5.646,-1.584,-8.432,-183.54,191.497,-73.817,-8.758,12.395,-6.951,-0.11808,0.12,-0.12,-0.11808,0.12,-0.12,1.0,1.0
215260.0,-0.0367,0.2294,-0.1867,-4.216,-2.609,17.593,-185.21,188.083,-71.438,-8.9,12.535,-7.003,-0.12,0.12,0.12,-0.12,0.12,0.12,1.0,1.0
215268.0,0.0215,0.2881,-0.302,5.193,3.052,6.646,-188.834,192.689,-80.155,-9.044,12.68,-7.059,-0.09037,0.12,-0.03792,-0.09037,0.12,-0.03792,1.0,1.0
215276.0,0.1066,0.4298,-0.5252,1.402,1.417,-12.031,-192.382,189.891,-73.16,-9.189,12.823,-7.114,-0.06416,0.12,-0.12,-0.06416,0.12,-0.12,1.0,1.0
215284.0,0.022,0.4216,-0.4326,-5.959,0.169,-9.026,-193.729,193.898,-74.748,-9.337,12.969,-7.167,-0.0749,0.12,-0.12,-0.0749,0.12,-0.12,1.0,1.0
215292.0,-0.0576,0.272,-0.2073,-6.53,-1.427,9.527,-193.839,190.384,-79.745,-9.482,13.114,-7.225,-0.08597,0.12,0.12,-0.08597,0.12,0.12,1.0,1.0
215299.0,0.0676,0.3043,-0.3641,2.814,1.745,10.333,-197.317,197.045,-72.199,-9.63,13.263,-7.278,-0.06262,0.11939,0.06501,-0.06262,0.11939,0.06501,1.0,1.0
215307.0,0.1697,0.469,-0.6265,3.879,2.971,-9.718,-198.847,193.765,-77.403,-9.778,13.411,-7.333,-0.03856,0.12,-0.12,-0.03856,0.12,-0.12,1.0,1.0
215315.0,0.0594,0.4372,-0.4853,-4.136,0.186,-10.654,-201.394,198.263,-76.766,-9.929,13.56,-7.389,-0.03669,0.12,-0.12,-0.03669,0.12,-0.12,1.0,1.0
215322.0,-0.0704,0.2505,-0.1735,-7.61,-2.388,8.925,-199.162,194.982,-73.999,-10.077,13.709,-7.442,-0.06107,0.12,0.12,-0.06107,0.12,0.12,1.0,1.0
215330.0,-0.0736,0.2237,-0.1442,-0.61,0.604,19.761,-202.015,201.528,-82.14,-10.227,13.861,-7.501,-0.04392,0.07537,0.12,-0.04392,0.07537,0.12,1.0,1.0
215338.0,-0.0289,0.3964,-0.3571,2.55,4.576,-0.48,-202.29,198.212,-73.306,-10.378,14.012,-7.556,-0.03497,0.12,-0.09162,-0.03497,0.12,-0.09162,1.0,1.0
215346.0,-0.1229,0.4234,-0.2895,-6.176,3.334,-10.072,-205.095,202.7,-75.895,-10.531,14.164,-7.608,-0.0233,0.07901,-0.12,-0.0233,0.07901,-0.12,1.0,1.0
215354.0,-0.2271,0.2902,-0.0554,-7.226,-0.88,11.049,-201.953,199.067,-81.56,-10.681,14.316,-7.667,-0.04604,0.10508,0.12,-0.04604,0.10508,0.12,1.0,1.0
215362.0,-0.1954,0.3012,-0.0979,-0.591,2.659,17.157,-204.89,205.26,-76.689,-10.833,14.47,-7.723,-0.02894,0.04171,0.12,-0.02894,0.04171,0.12,1.0,1.0
215369.0,-0.1102,0.5021,-0.3787,0.32,6.2,-2.834,-204.821,201.707,-81.805,-10.985,14.622,-7.781,-0.02299,0.08931,-0.12,0.0,0.0,0.0,0.0,1.0
215377.0,-0.1732,0.6113,-0.4221,-8.859,7.288,-13.139,-206.917,205.482,-74.497,-11.139,14.777,-7.837,-0.01481,0.05028,-0.12,0.0,0.0,0.0,0.0,1.0
215385.0,-0.2327,0.5282,-0.2817,-9.959,4.512,-0.596,-203.457,201.344,-74.317,-11.29,14.929,-7.889,-0.03845,0.09391,-0.00016,0.0,0.0,0.0,0.0,1.0
215393.0,-0.2166,0.5074,-0.2775,-2.238,3.807,6.555,-205.445,207.339,-80.74,-11.442,15.083,-7.946,-0.02385,0.02328,0.03082,0.0,0.0,0.0,0.0,1.0
215400.0,-0.222,0.5645,-0.3278,0.401,2.804,6.4,-204.63,203.653,-73.075,-11.594,15.236,-8.0,-0.02795,0.06174,0.02464,0.0,0.0,0.0,0.0,1.0
215408.0,-0.2435,0.49,-0.2337,-2.715,2.265,5.19,-206.324,207.393,-78.503,-11.747,15.39,-8.055,-0.01866,0.02243,0.04075,0.0,0.0,0.0,0.0,1.0
215416.0,-0.2596,0.3703,-0.101,-3.491,1.796,9.924,-203.122,203.586,-77.151,-11.898,15.541,-8.111,-0.03929,0.06089,0.12,0.0,0.0,0.0,0.0,1.0
215424.0,-0.2425,0.4114,-0.1581,1.594,3.482,8.226,-205.076,208.113,-72.39,-12.049,15.695,-8.163,-0.02632,0.01393,0.0508,0.0,0.0,0.0,0.0,1.0
215432.0,-0.2871,0.5969,-0.2941,0.793,5.393,-1.55,-204.315,204.874,-80.853,-12.2,15.846,-8.219,-0.02723,0.05263,-0.10727,0.0,0.0,0.0,0.0,1.0
215439.0,-0.3915,0.6495,-0.241,-5.466,5.113,-3.891,-206.165,207.735,-75.393,-12.352,15.999,-8.275,-0.02037,0.02038,-0.08937,0.0,0.0,0.0,0.0,1.0
215447.0,-0.4629,0.5945,-0.1159,-4.913,4.243,4.671,-202.654,204.635,-76.597,-12.502,16.15,-8.328,-0.04409,0.05405,0.05443,0.0,0.0,0.0,0.0,1.0
215455.0,-0.499,0.6739,-0.1572,0.936,5.3,4.848,-204.915,208.698,-79.227,-12.653,16.303,-8.385,-0.0275,0.00841,-0.01882,0.0,0.0,0.0,0.0,1.0
215463.0,-0.5361,0.8177,-0.2601,-0.533,6.717,-1.442,-203.834,205.944,-71.178,-12.802,16.453,-8.437,-0.03476,0.04124,-0.10912,0.0,0.0,0.0,0.0,1.0
215470.0,-0.5888,0.8269,-0.2163,-5.027,5.985,-0.868,-205.848,208.124,-78.532,-12.954,16.605,-8.491,-0.02338,0.01601,-0.05768,0.0,0.0,0.0,0.0,1.0
215478.0,-0.5677,0.7335,-0.1465,-2.173,3.93,4.78,-202.397,205.785,-76.955,-13.103,16.755,-8.547,-0.04484,0.04119,0.01933,0.0,0.0,0.0,0.0,1.0
215486.0,-0.5326,0.7901,-0.2368,3.648,3.337,3.994,-204.452,208.857,-72.879,-13.253,16.907,-8.598,-0.02966,0.00644,-0.04964,0.0,0.0,0.0,0.0,1.0
215494.0,-0.5832,0.8997,-0.2929,1.316,2.905,-2.756,-203.268,206.547,-79.667,-13.402,17.057,-8.654,-0.03409,0.0337,-0.12,0.0,0.0,0.0,0.0,1.0
215501.0,-0.6522,0.8655,-0.1905,-5.235,0.92,-2.044,-205.698,208.354,-72.655,-13.553,17.208,-8.707,-0.02439,0.01262,-0.03471,0.0,0.0,0.0,0.0,1.0
215509.0,-0.6819,0.7527,-0.051,-4.833,-1.346,5.211,-201.745,206.259,-74.973,-13.702,17.357,-8.759,-0.05089,0.03437,0.11036,0.0,0.0,0.0,0.0,1.0
215517.0,-0.6991,0.813,-0.0925,-0.322,-1.418,5.636,-203.908,208.692,-79.844,-13.851,17.508,-8.815,-0.03386,0.0081,0.06424,0.0,0.0,0.0,0.0,1.0
215525.0,-0.7492,0.9679,-0.1933,-1.956,0.589,-1.712,-202.527,206.752,-73.042,-13.999,17.657,-8.868,-0.04307,0.03076,-0.06,0.0,0.0,0.0,0.0,1.0
215532.0,-0.7941,0.9803,-0.1605,-6.638,1.228,-3.484,-205.069,207.936,-78.722,-14.15,17.807,-8.922,-0.02851,0.0181,-0.04358,0.0,0.0,0.0,0.0,1.0
215540.0,-0.7633,0.892,-0.1053,-1.942,-0.606,2.639,-201.16,206.551,-75.01,-14.297,17.954,-8.977,-0.05243,0.03185,0.01742,0.0,0.0,0.0,0.0,1.0
215548.0,-0.7225,0.9481,-0.2007,4.138,-0.572,-0.197,-203.287,208.362,-71.653,-14.446,18.105,-9.027,-0.03527,0.0118,-0.08054,0.0,0.0,0.0,0.0,1.0
215556.0,-0.7163,1.0477,-0.3039,1.932,-0.146,-5.921,-201.535,206.909,-79.5,-14.594,18.253,-9.081,-0.04202,0.02935,-0.12,0.0,0.0,0.0,0.0,1.0
215564.0,-0.7132,0.9712,-0.2325,-2.076,-1.039,-3.771,-204.694,207.406,-73.073,-14.743,18.402,-9.135,-0.02866,0.02328,-0.07468,0.0,0.0,0.0,0.0,1.0
215571.0,-0.6849,0.8316,-0.1249,0.351,-2.981,3.461,-200.466,206.628,-74.911,-14.891,18.549,-9.186,-0.05335,0.02963,0.02199,0.0,0.0,0.0,0.0,1.0
215579.0,-0.6797,0.8724,-0.1698,4.201,-2.696,3.556,-202.28,207.757,-77.957,-15.038,18.698,-9.241,-0.03947,0.01775,-0.01569,0.0,0.0,0.0,0.0,1.0
215587.0,-0.7386,0.975,-0.2108,0.194,-0.25,-2.389,-200.358,206.588,-70.6,-15.185,18.845,-9.291,-0.05456,0.03191,-0.09179,0.0,0.0,0.0,0.0,1.0
215595.0,-0.773,0.9104,-0.1135,-5.398,0.449,-1.409,-203.59,206.919,-77.543,-15.334,18.993,-9.344,-0.03773,0.02933,-0.01506,0.0,0.0,0.0,0.0,1.0
215602.0,-0.7305,0.7699,-0.0191,-3.076,-0.445,3.505,-198.817,206.25,-76.921,-15.481,19.139,-9.399,-0.06769,0.03475,0.04456,0.0,0.0,0.0,0.0,1.0
215610.0,-0.7013,0.8156,-0.0928,2.587,0.003,1.518,-200.763,207.115,-73.064,-15.627,19.288,-9.45,-0.051,0.02509,-0.03948,0.0,0.0,0.0,0.0,1.0
215618.0,-0.7053,0.9423,-0.2122,1.868,1.445,-4.49,-198.64,206.102,-79.114,-15.774,19.434,-9.505,-0.05876,0.03834,-0.12,0.0,0.0,0.0,0.0,1.0
215626.0,-0.6818,0.8597,-0.1553,-2.112,0.964,-3.307,-201.966,205.987,-71.529,-15.922,19.581,-9.556,-0.04581,0.03929,-0.07603,0.0,0.0,0.0,0.0,1.0
215634.0,-0.6078,0.7335,-0.1064,2.342,-0.758,1.465,-197.872,206.077,-73.687,-16.068,19.726,-9.606,-0.06573,0.03552,-0.04513,0.0,0.0,0.0,0.0,1.0
215641.0,-0.5788,0.7554,-0.1567,6.568,-0.651,0.093,-199.308,206.456,-78.513,-16.214,19.873,-9.661,-0.05072,0.03163,-0.09639,0.0,0.0,0.0,0.0,1.0
215649.0,-0.6157,0.8428,-0.205,2.445,1.151,-4.246,-197.078,205.76,-70.984,-16.359,20.019,-9.712,-0.06873,0.04078,-0.12,0.0,0.0,0.0,0.0,1.0
215657.0,-0.6307,0.7811,-0.1299,-2.803,1.341,-1.62,-200.658,205.632,-76.478,-16.506,20.165,-9.763,-0.05309,0.04321,-0.05231,0.0,0.0,0.0,0.0,1.0
215665.0,-0.5833,0.6467,-0.0464,0.041,-0.043,4.53,-196.001,205.596,-75.45,-16.652,20.309,-9.817,-0.08049,0.04029,0.0117,0.0,0.0,0.0,0.0,1.0
215672.0,-0.5787,0.6969,-0.0999,3.687,-0.048,2.264,-196.934,205.992,-70.233,-16.796,20.456,-9.866,-0.07147,0.03583,-0.05132,0.0,0.0,0.0,0.0,1.0
215680.0,-0.644,0.8329,-0.167,-0.483,1.715,-2.728,-195.115,205.317,-78.585,-16.941,20.6,-9.919,-0.08147,0.04663,-0.11558,0.0,0.0,0.0,0.0,1.0
215688.0,-0.6472,0.7822,-0.1144,-4.784,2.37,-2.572,-198.65,205.279,-74.267,-17.087,20.746,-9.972,-0.06823,0.04786,-0.06302,0.0,0.0,0.0,0.0,1.0
215696.0,-0.565,0.654,-0.0718,-2.283,0.927,1.443,-194.058,205.229,-73.842,-17.232,20.889,-10.022,-0.09416,0.04537,-0.03294,0.0,0.0,0.0,0.0,1.0
215703.0,-0.5289,0.7159,-0.1682,3.501,0.084,0.838,-195.446,205.441,-78.003,-17.376,21.035,-10.076,-0.0741,0.0425,-0.08594,0.0,0.0,0.0,0.0,1.0
215711.0,-0.5532,0.8576,-0.2819,1.912,1.554,-4.539,-193.579,204.846,-69.736,-17.52,21.179,-10.126,-0.08796,0.05083,-0.12,0.0,0.0,0.0,0.0,1.0
215719.0,-0.5505,0.8161,-0.2442,-3.341,2.348,-2.089,-197.101,204.608,-74.845,-17.665,21.323,-10.175,-0.07454,0.05514,-0.09188,0.0,0.0,0.0,0.0,1.0
215727.0,-0.4824,0.6996,-0.1988,0.772,0.353,3.616,-193.081,204.742,-76.844,-17.809,21.466,-10.229,-0.09289,0.04955,-0.04544,0.0,0.0,0.0,0.0,1.0
215735.0,-0.473,0.7436,-0.2511,5.276,0.13,2.083,-194.248,204.577,-70.367,-17.952,21.611,-10.278,-0.08157,0.05017,-0.09831,0.0,0.0,0.0,0.0,1.0
215743.0,-0.5551,0.8542,-0.2766,0.731,1.736,-1.848,-192.558,204.359,-77.123,-18.095,21.754,-10.33,-0.09323,0.05656,-0.12,0.0,0.0,0.0,0.0,1.0
215751.0,-0.5813,0.7885,-0.1864,-4.439,2.236,0.918,-196.032,203.952,-72.757,-18.239,21.897,-10.382,-0.08567,0.06143,-0.0358,0.0,0.0,0.0,0.0,1.0
215758.0,-0.529,0.653,-0.1068,-1.918,0.689,4.487,-192.417,204.294,-71.002,-18.382,22.039,-10.43,-0.10654,0.05388,-0.00102,0.0,0.0,0.0,0.0,1.0
215766.0,-0.543,0.72,-0.158,2.531,-0.636,3.056,-192.857,204.192,-78.547,-18.524,22.183,-10.483,-0.08982,0.05474,-0.05094,0.0,0.0,0.0,0.0,1.0
215774.0,-0.6279,0.866,-0.2154,-0.277,0.793,-2.012,-192.03,203.899,-72.275,-18.666,22.325,-10.534,-0.10121,0.06085,-0.11953,0.0,0.0,0.0,0.0,1.0
215782.0,-0.6481,0.8587,-0.1881,-5.125,2.005,-2.604,-195.102,203.551,-74.618,-18.809,22.468,-10.584,-0.08965,0.06755,-0.07955,0.0,0.0,0.0,0.0,1.0
215789.0,-0.5598,0.7378,-0.1586,-2.511,0.22,2.274,-192.313,203.91,-76.213,-18.951,22.609,-10.637,-0.10288,0.05949,-0.03252,0.0,0.0,0.0,0.0,1.0
215797.0,-0.5272,0.7847,-0.2369,4.124,-1.661,0.374,-192.621,204.211,-68.867,-19.092,22.752,-10.685,-0.09091,0.05356,-0.10526,0.0,0.0,0.0,0.0,1.0
215805.0,-0.5837,0.9018,-0.2945,0.825,0.085,-4.202,-192.623,203.499,-75.631,-19.233,22.894,-10.734,-0.09024,0.06581,-0.12,0.0,0.0,0.0,0.0,1.0
215813.0,-0.6066,0.873,-0.2435,-3.355,0.705,-1.066,-195.151,203.553,-74.911,-19.375,23.036,-10.787,-0.08625,0.06592,-0.07167,0.0,0.0,0.0,0.0,1.0
215820.0,-0.5506,0.7414,-0.1713,0.263,-0.966,3.329,-193.844,203.213,-70.187,-19.516,23.176,-10.835,-0.09237,0.06441,-0.01934,0.0,0.0,0.0,0.0,1.0
215828.0,-0.5336,0.7436,-0.1904,4.055,-1.811,1.44,-193.693,204.203,-76.924,-19.656,23.319,-10.886,-0.08149,0.05407,-0.07588,0.0,0.0,0.0,0.0,1.0
215836.0,-0.6362,0.8689,-0.2098,0.464,-0.726,-1.55,-194.752,202.982,-71.496,-19.797,23.459,-10.936,-0.08379,0.06968,-0.08984,0.0,0.0,0.0,0.0,1.0
215844.0,-0.6715,0.8452,-0.1515,-4.747,1.245,-1.378,-196.556,203.592,-70.67,-19.937,23.601,-10.984,-0.08274,0.06576,-0.04733,0.0,0.0,0.0,0.0,1.0
215851.0,-0.6075,0.7205,-0.094,-3.405,0.281,2.684,-196.515,202.148,-77.925,-20.078,23.741,-11.036,-0.07837,0.07917,0.02091,0.0,0.0,0.0,0.0,1.0
215859.0,-0.5506,0.7127,-0.1433,2.429,-1.08,1.488,-195.612,203.848,-71.569,-20.217,23.883,-11.086,-0.07722,0.05794,-0.04958,0.0,0.0,0.0,0.0,1.0
215867.0,-0.6262,0.8596,-0.2109,1.162,0.122,-4.154,-197.817,201.757,-74.131,-20.357,24.022,-11.135,-0.06274,0.08495,-0.11463,0.0,0.0,0.0,0.0,1.0
215875.0,-0.6434,0.8792,-0.2127,-3.754,1.233,-3.732,-198.2,202.907,-75.62,-20.497,24.164,-11.187,-0.06705,0.07498,-0.08503,0.0,0.0,0.0,0.0,1.0
215882.0,-0.5392,0.7372,-0.1787,-1.892,1.087,-0.057,-199.492,200.386,-68.199,-20.638,24.302,-11.234,-0.06003,0.09817,-0.02291,0.0,0.0,0.0,0.0,1.0
215890.0,-0.4466,0.6972,-0.2323,4.211,-0.971,0.125,-197.168,203.043,-74.914,-20.776,24.444,-11.283,-0.06226,0.06666,-0.08473,0.0,0.0,0.0,0.0,1.0
215898.0,-0.515,0.8131,-0.2768,2.513,-0.634,-3.269,-199.253,200.142,-74.441,-20.916,24.583,-11.334,-0.05174,0.10058,-0.10363,0.0,0.0,0.0,0.0,1.0
215906.0,-0.5605,0.8181,-0.2362,-2.33,1.212,-1.329,-198.181,201.908,-69.239,-21.055,24.724,-11.381,-0.06815,0.08331,-0.06187,0.0,0.0,0.0,0.0,1.0
215914.0,-0.509,0.6937,-0.1665,-1.17,0.529,2.844,-200.467,198.598,-76.272,-21.195,24.862,-11.431,-0.05111,0.11614,0.03288,0.0,0.0,0.0,0.0,1.0
215921.0,-0.4654,0.6532,-0.1706,3.473,-1.23,2.813,-196.627,201.806,-71.315,-21.334,25.002,-11.481,-0.06899,0.07736,-0.02802,0.0,0.0,0.0,0.0,1.0
215929.0,-0.5604,0.7768,-0.196,1.812,-0.409,-1.736,-198.287,198.23,-69.538,-21.472,25.141,-11.527,-0.06029,0.11877,-0.06213,0.0,0.0,0.0,0.0,1.0
215937.0,-0.6122,0.8,-0.1668,-4.7,1.302,-1.058,-196.217,200.403,-77.181,-21.611,25.28,-11.578,-0.07953,0.10162,-0.03496,0.0,0.0,0.0,0.0,1.0
215945.0,-0.5236,0.6756,-0.1343,-3.534,1.783,1.945,-198.948,195.998,-71.23,-21.751,25.418,-11.628,-0.06349,0.12,0.04449,0.0,0.0,0.0,0.0,1.0
215952.0,-0.4309,0.6472,-0.1993,2.406,-0.261,0.586,-193.942,200.001,-72.795,-21.889,25.557,-11.675,-0.08141,0.09746,-0.06685,0.0,0.0,0.0,0.0,1.0
215960.0,-0.4724,0.766,-0.2735,3.327,-1.029,-3.055,-195.029,195.673,-75.577,-22.026,25.695,-11.727,-0.06816,0.12,-0.10314,0.0,0.0,0.0,0.0,1.0
215968.0,-0.5263,0.8187,-0.271,-1.373,1.006,-4.301,-192.49,198.259,-67.682,-22.164,25.834,-11.773,-0.096,0.12,-0.12,0.0,0.0,0.0,0.0,1.0
215976.0,-0.4468,0.7159,-0.2503,-2.292,1.215,-0.104,-195.632,193.488,-73.342,-22.303,25.97,-11.82,-0.07629,0.12,-0.02213,0.0,0.0,0.0,0.0,1.0
215983.0,-0.3426,0.634,-0.2748,3.546,-0.741,1.829,-191.047,198.252,-74.691,-22.441,26.109,-11.871,-0.09083,0.11286,-0.07345,0.0,0.0,0.0,0.0,1.0
215991.0,-0.4007,0.7248,-0.305,3.031,-0.902,-2.146,-191.569,193.646,-68.373,-22.578,26.246,-11.917,-0.08779,0.12,-0.10365,0.0,0.0,0.0,0.0,1.0
215999.0,-0.488,0.7817,-0.2733,-3.226,0.656,-0.935,-189.407,196.584,-74.705,-22.714,26.384,-11.966,-0.11285,0.12,-0.07122,0.0,0.0,0.0,0.0,1.0
216007.0,-0.4652,0.7002,-0.2166,-3.669,0.705,3.792,-192.783,191.429,-71.993,-22.852,26.519,-12.015,-0.09713,0.12,0.05766,0.0,0.0,0.0,0.0,1.0
216015.0,-0.376,0.6193,-0.2271,1.701,-0.623,2.815,-189.265,196.467,-68.131,-22.989,26.657,-12.06,-0.10875,0.12,-0.039,0.0,0.0,0.0,0.0,1.0
216022.0,-0.4539,0.7371,-0.2639,1.707,-2.298,-0.694,-189.601,191.921,-76.042,-23.124,26.793,-12.11,-0.09451,0.12,-0.05975,0.0,0.0,0.0,0.0,1.0
216030.0,-0.5416,0.8132,-0.2502,-2.911,-0.206,-1.974,-189.567,195.16,-71.854,-23.26,26.929,-12.159,-0.11177,0.12,-0.07034,0.0,0.0,0.0,0.0,1.0
216038.0,-0.505,0.747,-0.2224,-4.648,0.976,1.118,-192.374,190.518,-70.808,-23.396,27.064,-12.205,-0.09997,0.12,0.02116,0.0,0.0,0.0,0.0,1.0
216046.0,-0.3953,0.6679,-0.2551,1.242,-0.531,2.55,-191.052,195.908,-75.654,-23.533,27.2,-12.255,-0.09483,0.12,-0.03524,0.0,0.0,0.0,0.0,1.0
216053.0,-0.4116,0.7475,-0.3163,4.377,-1.46,-2.194,-191.237,191.879,-68.071,-23.667,27.336,-12.302,-0.08575,0.12,-0.10553,0.0,0.0,0.0,0.0,1.0
216061.0,-0.5073,0.8489,-0.3193,-0.156,-0.76,-2.8,-192.909,195.076,-70.627,-23.803,27.471,-12.347,-0.08752,0.12,-0.09219,0.0,0.0,0.0,0.0,1.0
216069.0,-0.5053,0.7929,-0.2668,-2.749,1.477,0.833,-194.423,191.474,-75.386,-23.937,27.605,-12.397,-0.08336,0.12,-0.00817,0.0,0.0,0.0,0.0,1.0
216077.0,-0.3846,0.6703,-0.2682,0.889,0.946,2.905,-195.394,196.5,-68.295,-24.074,27.74,-12.444,-0.07832,0.12,-0.01862,0.0,0.0,0.0,0.0,1.0
216084.0,-0.3924,0.7039,-0.293,3.811,-2.538,-0.761,-194.061,193.682,-72.303,-24.207,27.875,-12.49,-0.072,0.12,-0.06486,0.0,0.0,0.0,0.0,1.0
216092.0,-0.5096,0.7841,-0.254,-1.367,-1.318,-0.926,-196.252,196.449,-73.327,-24.342,28.009,-12.539,-0.07183,0.12,-0.03396,0.0,0.0,0.0,0.0,1.0
216100.0,-0.5314,0.7522,-0.201,-4.789,0.587,2.282,-195.747,194.251,-66.972,-24.476,28.143,-12.584,-0.08527,0.12,0.05179,0.0,0.0,0.0,0.0,1.0
216108.0,-0.4239,0.6524,-0.2113,-1.399,-0.446,4.365,-197.865,197.988,-73.782,-24.612,28.276,-12.631,-0.06612,0.11885,0.04913,0.0,0.0,0.0,0.0,1.0
216115.0,-0.3967,0.6746,-0.2602,2.278,-1.811,-0.379,-194.002,196.385,-73.426,-24.745,28.411,-12.68,-0.07638,0.12,-0.06128,0.0,0.0,0.0,0.0,1.0
216123.0,-0.5371,0.7927,-0.2348,-2.182,-1.505,-2.672,-195.614,198.141,-68.876,-24.879,28.544,-12.726,-0.07852,0.12,-0.05743,0.0,0.0,0.0,0.0,1.0
216131.0,-0.5668,0.7712,-0.1841,-5.407,0.731,0.007,-193.224,197.145,-74.978,-25.013,28.677,-12.774,-0.09755,0.12,-0.01375,0.0,0.0,0.0,0.0,1.0
216139.0,-0.4544,0.6754,-0.2032,-1.617,1.389,1.796,-195.805,199.025,-69.684,-25.148,28.81,-12.821,-0.08054,0.11063,-0.01832,0.0,0.0,0.0,0.0,1.0
216146.0,-0.3849,0.6663,-0.2639,3.599,-1.124,-0.378,-190.576,199.02,-67.474,-25.281,28.944,-12.865,-0.09694,0.10465,-0.10594,0.0,0.0,0.0,0.0,1.0
216154.0,-0.478,0.758,-0.2601,1.998,-0.842,-3.816,-191.085,198.691,-74.969,-25.414,29.076,-12.913,-0.09091,0.11383,-0.12,0.0,0.0,0.0,0.0,1.0
216162.0,-0.5408,0.7673,-0.2064,-3.005,0.346,-0.636,-188.185,198.987,-69.522,-25.547,29.21,-12.96,-0.12,0.11125,-0.0728,0.0,0.0,0.0,0.0,1.0
216170.0,-0.4551,0.6599,-0.1875,-1.44,0.926,3.668,-191.339,197.676,-69.095,-25.681,29.341,-13.004,-0.10728,0.12,-0.00368,0.0,0.0,0.0,0.0,1.0
216177.0,-0.3679,0.6098,-0.2259,3.442,-0.459,1.333,-187.311,199.323,-74.464,-25.814,29.475,-13.053,-0.11067,0.10172,-0.09637,0.0,0.0,0.0,0.0,1.0
216185.0,-0.4772,0.6937,-0.1982,0.171,-1.436,-2.241,-187.558,197.018,-67.173,-25.946,29.607,-13.098,-0.11824,0.12,-0.09881,0.0,0.0,0.0,0.0,1.0
216193.0,-0.5732,0.7184,-0.1263,-4.305,0.689,0.321,-186.937,198.196,-69.755,-26.078,29.74,-13.142,-0.12,0.11918,-0.04171,0.0,0.0,0.0,0.0,1.0
216201.0,-0.5257,0.6361,-0.0936,-2.433,1.914,2.509,-190.14,194.268,-74.951,-26.21,29.871,-13.191,-0.11112,0.12,0.00404,0.0,0.0,0.0,0.0,1.0
216209.0,-0.429,0.5888,-0.1443,2.689,-0.08,-0.091,-188.675,197.188,-68.319,-26.343,30.005,-13.236,-0.10896,0.12,-0.08318,0.0,0.0,0.0,0.0,1.0
216216.0,-0.492,0.6856,-0.1756,2.483,-0.59,-5.189,-189.094,192.714,-72.049,-26.473,30.136,-13.282,-0.09674,0.12,-0.12,0.0,0.0,0.0,0.0,1.0
216224.0,-0.5716,0.7382,-0.1473,-2.239,0.306,-3.688,-190.942,194.756,-72.7,-26.605,30.268,-13.33,-0.10153,0.12,-0.07653,0.0,0.0,0.0,0.0,1.0
216232.0,-0.4958,0.6514,-0.1385,-1.857,1.64,0.938,-192.603,189.662,-65.611,-26.736,30.398,-13.373,-0.09697,0.12,0.01429,0.0,0.0,0.0,0.0,1.0
216240.0,-0.3643,0.5866,-0.2069,3.493,0.633,0.189,-192.487,194.822,-72.406,-26.868,30.53,-13.418,-0.0834,0.12,-0.07036,0.0,0.0,0.0,0.0,1.0
216248.0,-0.4005,0.6591,-0.2413,4.56,-1.779,-3.011,-191.795,189.833,-71.944,-26.998,30.661,-13.466,-0.0778,0.12,-0.09065,0.0,0.0,0.0,0.0,1.0
216256.0,-0.504,0.7013,-0.179,-2.256,-0.553,-0.486,-193.819,192.765,-66.554,-27.129,30.792,-13.509,-0.08907,0.12,-0.00608,0.0,0.0,0.0,0.0,1.0
216264.0,-0.4808,0.6344,-0.137,-2.503,0.72,3.56,-193.669,187.76,-73.257,-27.259,30.921,-13.555,-0.08757,0.12,0.08549,0.0,0.0,0.0,0.0,1.0
216271.0,-0.3661,0.5552,-0.1744,1.897,-0.687,3.105,-195.813,192.68,-69.693,-27.391,31.052,-13.602,-0.07089,0.12,0.02855,0.0,0.0,0.0,0.0,1.0
216279.0,-0.3702,0.5994,-0.2134,2.711,-2.063,-2.252,-192.217,188.288,-66.226,-27.52,31.182,-13.644,-0.08162,0.12,-0.05002,0.0,0.0,0.0,0.0,1.0
216287.0,-0.5119,0.6794,-0.1497,-3.099,-1.512,-1.962,-193.872,191.559,-74.013,-27.651,31.312,-13.69,-0.08332,0.12,-0.00675,0.0,0.0,0.0,0.0,1.0
216295.0,-0.5345,0.6501,-0.0985,-4.752,0.307,2.629,-191.406,187.499,-70.032,-27.78,31.441,-13.737,-0.10586,0.12,0.09137,0.0,0.0,0.0,0.0,1.0
216302.0,-0.4147,0.6,-0.1695,0.337,1.204,2.14,-193.78,192.944,-68.508,-27.912,31.57,-13.78,-0.08616,0.12,-0.00171,0.0,0.0,0.0,0.0,1.0
216310.0,-0.377,0.6401,-0.2463,3.262,-0.831,-2.238,-188.154,190.091,-73.781,-28.041,31.7,-13.827,-0.09636,0.12,-0.09694,0.0,0.0,0.0,0.0,1.0
216318.0,-0.478,0.7263,-0.2291,-0.095,-0.723,-4.38,-188.484,193.173,-66.914,-28.17,31.828,-13.872,-0.1096,0.12,-0.11368,0.0,0.0,0.0,0.0,1.0
216326.0,-0.5195,0.7164,-0.1781,-3.248,0.689,0.321,-185.717,191.503,-67.512,-28.299,31.957,-13.914,-0.12,0.12,-0.03157,0.0,0.0,0.0,0.0,1.0
216333.0,-0.4004,0.6292,-0.2122,0.089,1.625,3.765,-188.765,195.375,-73.807,-28.429,32.084,-13.961,-0.1135,0.12,-0.02643,0.0,0.0,0.0,0.0,1.0
216341.0,-0.3577,0.6429,-0.2683,5.15,-0.579,-2.158,-185.305,194.696,-67.259,-28.558,32.214,-14.005,-0.11412,0.12,-0.12,0.0,0.0,0.0,0.0,1.0
216349.0,-0.4606,0.7045,-0.2254,0.314,-1.322,-2.816,-185.665,195.779,-68.46,-28.686,32.341,-14.048,-0.12,0.12,-0.11668,0.0,0.0,0.0,0.0,1.0
216357.0,-0.5507,0.6985,-0.1294,-3.514,0.148,2.29,-186.052,195.633,-72.806,-28.814,32.47,-14.094,-0.12,0.12,-0.011,0.0,0.0,0.0,0.0,1.0
216365.0,-0.4844,0.6254,-0.1245,-0.773,1.048,4.146,-189.068,195.67,-65.78,-28.943,32.596,-14.137,-0.12,0.12,0.00952,0.0,0.0,0.0,0.0,1.0
216372.0,-0.4003,0.5923,-0.1764,2.792,-0.888,-0.126,-189.315,196.685,-68.945,-29.072,32.726,-14.179,-0.10309,0.12,-0.07856,0.0,0.0,0.0,0.0,1.0
216380.0,-0.4903,0.672,-0.1641,0.795,-1.678,-4.633,-189.124,194.405,-73.328,-29.198,32.852,-14.226,-0.09968,0.12,-0.10769,0.0,0.0,0.0,0.0,1.0
216388.0,-0.5832,0.6993,-0.0978,-4.367,-0.655,-1.446,-191.859,195.365,-67.016,-29.326,32.981,-14.27,-0.10577,0.12,-0.01215,0.0,0.0,0.0,0.0,1.0
216396.0,-0.503,0.6265,-0.107,-2.599,1.218,2.418,-192.218,191.231,-70.708,-29.453,33.107,-14.314,-0.09927,0.12,0.04107,0.0,0.0,0.0,0.0,1.0
216403.0,-0.3577,0.5859,-0.2129,2.717,0.619,-0.607,-194.232,194.024,-71.403,-29.582,33.235,-14.36,-0.07542,0.12,-0.06399,0.0,0.0,0.0,0.0,1.0
216411.0,-0.3794,0.6557,-0.2591,3.66,-1.132,-4.872,-190.568,188.939,-64.45,-29.709,33.362,-14.401,-0.08771,0.12,-0.12,0.0,0.0,0.0,0.0,1.0
216419.0,-0.4893,0.6981,-0.1905,-0.74,-0.722,-3.42,-191.724,191.033,-70.106,-29.836,33.489,-14.444,-0.09168,0.12,-0.06238,0.0,0.0,0.0,0.0,1.0
216427.0,-0.4915,0.6469,-0.1384,-2.239,0.771,2.4,-188.469,185.583,-71.677,-29.963,33.614,-14.49,-0.11422,0.12,0.04422,0.0,0.0,0.0,0.0,1.0
216434.0,-0.3645,0.5796,-0.1999,2.457,1.244,3.045,-191.044,190.447,-65.357,-30.091,33.741,-14.532,-0.09757,0.12,-0.0105,0.0,0.0,0.0,0.0,1.0
216442.0,-0.3718,0.6135,-0.2256,3.51,-1.286,-2.772,-185.537,186.095,-70.487,-30.218,33.867,-14.575,-0.10564,0.12,-0.09416,0.0,0.0,0.0,0.0,1.0
216450.0,-0.4884,0.6578,-0.1521,-2.527,-1.598,-1.18,-185.434,189.532,-70.101,-30.344,33.993,-14.62,-0.12,0.12,-0.03052,0.0,0.0,0.0,0.0,1.0
216458.0,-0.53,0.6266,-0.0801,-3.889,0.383,4.437,-183.485,186.178,-64.387,-30.47,34.118,-14.661,-0.12,0.12,0.08011,0.0,0.0,0.0,0.0,1.0
216465.0,-0.4144,0.5586,-0.1295,0.437,0.469,3.831,-186.744,191.518,-71.103,-30.596,34.243,-14.704,-0.12,0.12,0.00312,0.0,0.0,0.0,0.0,1.0
216473.0,-0.3794,0.5909,-0.196,2.913,-1.291,-2.17,-184.476,189.604,-70.959,-30.723,34.369,-14.75,-0.11537,0.12,-0.09848,0.0,0.0,0.0,0.0,1.0
216481.0,-0.4865,0.6583,-0.1546,-0.449,-2.015,-4.533,-185.195,192.413,-65.975,-30.847,34.493,-14.792,-0.12,0.12,-0.10484,0.0,0.0,0.0,0.0,1.0
216489.0,-0.5456,0.6535,-0.0908,-3.826,-0.183,0.501,-187.261,191.829,-71.714,-30.973,34.618,-14.836,-0.12,0.12,-0.00017,0.0,0.0,0.0,0.0,1.0
216496.0,-0.4363,0.5956,-0.1436,-0.256,1.9,2.67,-189.467,194.141,-68.511,-31.098,34.742,-14.88,-0.11338,0.12,-0.018,0.0,0.0,0.0,0.0,1.0
216504.0,-0.3252,0.6082,-0.2671,4.088,0.933,-1.764,-190.967,194.492,-63.915,-31.224,34.868,-14.92,-0.09279,0.12,-0.12,0.0,0.0,0.0,0.0,1.0
216512.0,-0.3949,0.6774,-0.2647,2.445,-0.413,-5.012,-189.565,193.569,-71.302,-31.348,34.992,-14.963,-0.09381,0.12,-0.12,0.0,0.0,0.0,0.0,1.0
216520.0,-0.5151,0.696,-0.1627,-2.226,0.214,-1.18,-191.669,194.061,-69.149,-31.473,35.117,-15.008,-0.10053,0.12,-0.03688,0.0,0.0,0.0,0.0,1.0
216527.0,-0.4825,0.6292,-0.1302,-2.073,1.694,4.799,-189.64,190.697,-64.891,-31.597,35.239,-15.048,-0.11928,0.12,0.05943,0.0,0.0,0.0,0.0,1.0
216535.0,-0.3682,0.5837,-0.2003,2.844,1.346,2.979,-191.876,192.787,-71.186,-31.723,35.365,-15.091,-0.0903,0.12,-0.02477,0.0,0.0,0.0,0.0,1.0
216543.0,-0.4224,0.6384,-0.1993,1.119,-0.841,-3.787,-186.053,187.901,-67.769,-31.847,35.488,-15.135,-0.11337,0.12,-0.09549,0.0,0.0,0.0,0.0,1.0
216551.0,-0.549,0.6692,-0.1026,-4.5,-1.025,0.008,-185.84,189.713,-63.971,-31.971,35.612,-15.174,-0.12,0.12,0.01151,0.0,0.0,0.0,0.0,1.0
216558.0,-0.5771,0.6447,-0.0507,-3.912,0.857,4.832,-182.882,183.953,-71.574,-32.095,35.734,-15.217,-0.12,0.12,0.09335,0.0,0.0,0.0,0.0,1.0
216566.0,-0.4581,0.6216,-0.1471,1.152,1.014,2.043,-185.846,188.608,-69.119,-32.22,35.858,-15.262,-0.12,0.12,-0.02354,0.0,0.0,0.0,0.0,1.0
216574.0,-0.4145,0.6729,-0.2407,2.5,-0.43,-3.992,-182.518,184.299,-65.669,-32.344,35.981,-15.302,-0.12,0.12,-0.11951,0.0,0.0,0.0,0.0,1.0
216582.0,-0.5213,0.7266,-0.1862,-1.763,-1.173,-3.955,-183.262,187.805,-71.569,-32.466,36.104,-15.346,-0.12,0.12,-0.08528,0.0,0.0,0.0,0.0,1.0
216589.0,-0.5523,0.7087,-0.1378,-3.549,0.326,2.04,-184.798,184.989,-66.708,-32.589,36.226,-15.389,-0.12,0.12,0.03833,0.0,0.0,0.0,0.0,1.0
216597.0,-0.4358,0.665,-0.2117,1.084,1.871,3.58,-187.555,190.287,-63.814,-32.712,36.348,-15.427,-0.12,0.12,-0.0153,0.0,0.0,0.0,0.0,1.0
216605.0,-0.3588,0.6956,-0.3185,4.461,0.845,-1.519,-189.003,189.032,-71.139,-32.836,36.47,-15.47,-0.0934,0.12,-0.11023,0.0,0.0,0.0,0.0,1.0
216613.0,-0.4521,0.744,-0.2724,1.356,-0.282,-3.419,-188.041,191.449,-67.49,-32.958,36.591,-15.513,-0.10798,0.12,-0.11522,0.0,0.0,0.0,0.0,1.0
216620.0,-0.5591,0.7364,-0.1579,-3.067,0.398,1.592,-190.371,191.379,-64.497,-33.081,36.714,-15.552,-0.11479,0.12,0.02008,0.0,0.0,0.0,0.0,1.0
216628.0,-0.5198,0.6769,-0.1393,-1.406,2.005,6.571,-188.784,192.244,-70.936,-33.203,36.834,-15.595,-0.12,0.12,0.0604,0.0,0.0,0.0,0.0,1.0
216636.0,-0.3988,0.6419,-0.2262,2.882,1.446,2.206,-190.931,193.093,-66.477,-33.326,36.957,-15.638,-0.09845,0.12,-0.04534,0.0,0.0,0.0,0.0,1.0
216644.0,-0.4543,0.691,-0.2186,-0.183,-1.071,-4.369,-185.035,190.569,-63.606,-33.448,37.077,-15.676,-0.12,0.12,-0.11434,0.0,0.0,0.0,0.0,1.0
216652.0,-0.582,0.7041,-0.1035,-4.906,-0.911,0.723,-184.928,191.38,-71.059,-33.57,37.2,-15.718,-0.12,0.12,0.00572,0.0,0.0,0.0,0.0,1.0
216659.0,-0.5752,0.6616,-0.0691,-3.238,0.498,4.728,-181.75,186.174,-67.951,-33.691,37.319,-15.762,-0.12,0.12,0.06718,0.0,0.0,0.0,0.0,1.0
216667.0,-0.4579,0.6542,-0.1791,1.742,1.053,0.779,-184.664,189.118,-65.262,-33.813,37.441,-15.801,-0.12,0.12,-0.05862,0.0,0.0,0.0,0.0,1.0
216675.0,-0.47,0.7224,-0.2334,1.97,-0.722,-5.496,-181.34,183.943,-70.886,-33.935,37.561,-15.844,-0.12,0.12,-0.12,0.0,0.0,0.0,0.0,1.0
216683.0,-0.5819,0.7636,-0.1616,-2.269,-1.449,-4.231,-182.021,186.334,-65.625,-34.056,37.682,-15.886,-0.12,0.12,-0.07846,0.0,0.0,0.0,0.0,1.0
216690.0,-0.597,0.7271,-0.1109,-2.786,0.031,2.523,-183.532,181.53,-63.418,-34.177,37.802,-15.923,-0.12,0.12,0.06265,0.0,0.0,0.0,0.0,1.0
216699.0,-0.4682,0.6925,-0.2062,2.079,1.289,3.167,-185.663,186.829,-70.744,-34.297,37.922,-15.966,-0.12,0.12,-0.01959,0.0,0.0,0.0,0.0,1.0
216706.0,-0.4003,0.7263,-0.3069,4.512,0.339,-2.545,-187.071,183.548,-66.346,-34.419,38.042,-16.008,-0.10096,0.12,-0.10365,0.0,0.0,0.0,0.0,1.0
216714.0,-0.5111,0.7596,-0.2285,-0.662,-1.21,-3.222,-186.413,186.986,-64.079,-34.539,38.161,-16.046,-0.12,0.12,-0.06982,0.0,0.0,0.0,0.0,1.0
216722.0,-0.5862,0.7252,-0.1199,-2.71,-0.347,3.354,-188.568,184.626,-70.358,-34.659,38.28,-16.088,-0.11719,0.12,0.08559,0.0,0.0,0.0,0.0,1.0
216730.0,-0.512,0.6698,-0.1401,1.158,1.174,5.048,-188.193,189.542,-65.261,-34.778,38.399,-16.129,-0.12,0.12,0.03428,0.0,0.0,0.0,0.0,1.0
216738.0,-0.445,0.7038,-0.2404,3.601,0.483,-1.355,-190.305,189.199,-63.583,-34.9,38.519,-16.167,-0.09636,0.12,-0.08056,0.0,0.0,0.0,0.0,1.0
216746.0,-0.5382,0.7572,-0.199,-0.306,-1.065,-4.886,-185.05,190.528,-70.596,-35.019,38.637,-16.209,-0.12,0.12,-0.11548,0.0,0.0,0.0,0.0,1.0
216753.0,-0.6351,0.7438,-0.0891,-4.135,-1.056,-0.115,-185.052,190.826,-66.731,-35.139,38.756,-16.251,-0.12,0.12,-0.00341,0.0,0.0,0.0,0.0,1.0
216761.0,-0.5794,0.6949,-0.0972,-2.124,0.809,4.255,-181.507,189.556,-64.98,-35.258,38.873,-16.289,-0.12,0.12,0.02121,0.0,0.0,0.0,0.0,1.0
216769.0,-0.4343,0.6913,-0.2389,3.347,1.331,0.271,-184.215,191.044,-70.312,-35.378,38.993,-16.332,-0.12,0.12,-0.10129,0.0,0.0,0.0,0.0,1.0
216777.0,-0.4286,0.7499,-0.3016,2.717,-0.247,-5.978,-179.881,186.721,-64.642,-35.498,39.111,-16.372,-0.12,0.12,-0.12,0.0,0.0,0.0,0.0,1.0
216785.0,-0.5201,0.7465,-0.2068,-2.573,-0.551,-1.865,-180.562,188.08,-63.031,-35.616,39.23,-16.409,-0.12,0.12,-0.07256,0.0,0.0,0.0,0.0,1.0
216793.0,-0.5254,0.7013,-0.1575,-0.737,0.569,4.27,-181.165,182.181,-70.113,-35.735,39.347,-16.45,-0.12,0.12,0.03619,0.0,0.0,0.0,0.0,1.0
216800.0,-0.4256,0.6939,-0.2501,3.93,1.257,1.665,-184.527,185.927,-65.789,-35.853,39.465,-16.491,-0.12,0.12,-0.06129,0.0,0.0,0.0,0.0,1.0
216808.0,-0.3961,0.7476,-0.3319,3.955,-0.205,-4.299,-185.239,181.132,-63.311,-35.973,39.582,-16.529,-0.10806,0.12,-0.12,0.0,0.0,0.0,0.0,1.0
216816.0,-0.5053,0.7584,-0.2332,-1.457,-1.726,-3.39,-185.269,184.388,-69.395,-36.09,39.7,-16.57,-0.12,0.12,-0.05741,0.0,0.0,0.0,0.0,1.0
216824.0,-0.5648,0.7108,-0.1273,-3.716,-1.093,3.732,-187.655,180.952,-64.917,-36.208,39.817,-16.61,-0.12,0.12,0.12,0.0,0.0,0.0,0.0,1.0
216832.0,-0.4672,0.6753,-0.1904,0.299,-0.058,5.448,-187.029,186.075,-62.789,-36.326,39.933,-16.647,-0.12,0.12,0.06412,0.0,0.0,0.0,0.0,1.0
216840.0,-0.3926,0.7184,-0.3069,2.699,0.124,-1.468,-189.005,184.504,-69.845,-36.445,40.05,-16.688,-0.0948,0.12,-0.0684,0.0,0.0,0.0,0.0,1.0
216848.0,-0.4621,0.7574,-0.2754,-0.706,-1.633,-5.292,-183.352,187.898,-66.237,-36.562,40.166,-16.729,-0.12,0.12,-0.12,0.0,0.0,0.0,0.0,1.0
216855.0,-0.5408,0.7307,-0.1707,-4.386,-1.466,1.709,-183.569,187.519,-63.969,-36.679,40.283,-16.766,-0.12,0.12,0.02823,0.0,0.0,0.0,0.0,1.0
216863.0,-0.4732,0.6835,-0.1923,-0.459,0.541,4.232,-179.97,189.326,-69.58,-36.796,40.398,-16.807,-0.12,0.12,-0.01874,0.0,0.0,0.0,0.0,1.0
216871.0,-0.3609,0.6873,-0.3084,3.581,0.604,-1.244,-182.411,189.997,-64.635,-36.914,40.516,-16.847,-0.12,0.12,-0.12,0.0,0.0,0.0,0.0,1.0
216879.0,-0.3976,0.7399,-0.323,1.182,-0.76,-6.15,-178.727,188.003,-61.8,-37.032,40.631,-16.883,-0.12,0.12,-0.12,0.0,0.0,0.0,0.0,1.0
216887.0,-0.5044,0.7282,-0.2046,-2.883,-1.187,-1.553,-179.525,188.322,-69.034,-37.148,40.748,-16.923,-0.12,0.12,-0.06814,0.0,0.0,0.0,0.0,1.0
216895.0,-0.4897,0.655,-0.1481,-1.748,-0.308,5.206,-180.995,183.487,-65.812,-37.264,40.862,-16.964,-0.12,0.12,0.06505,0.0,0.0,0.0,0.0,1.0
216902.0,-0.3723,0.6406,-0.2514,2.802,1.146,3.538,-183.898,185.92,-62.247,-37.381,40.979,-17.0,-0.12,0.12,-0.02756,0.0,0.0,0.0,0.0,1.0
216910.0,-0.3387,0.6668,-0.3107,3.221,-0.415,-3.037,-185.712,180.328,-68.209,-37.498,41.093,-17.04,-0.10248,0.12,-0.08756,0.0,0.0,0.0,0.0,1.0
216918.0,-0.4686,0.6906,-0.2039,-2.291,-1.394,-3.313,-184.589,182.994,-65.379,-37.614,41.209,-17.08,-0.12,0.12,-0.04336,0.0,0.0,0.0,0.0,1.0
216926.0,-0.5671,0.6493,-0.0651,-4.637,-1.401,3.691,-186.708,178.908,-61.209,-37.729,41.323,-17.115,-0.12,0.12,0.12,0.0,0.0,0.0,0.0,1.0
216933.0,-0.4856,0.6325,-0.1303,0.61,0.722,4.25,-184.395,184.717,-68.119,-37.845,41.438,-17.154,-0.12,0.12,0.03425,0.0,0.0,0.0,0.0,1.0
216942.0,-0.4178,0.6879,-0.252,2.318,0.381,-2.931,-186.85,182.102,-67.028,-37.962,41.552,-17.195,-0.10517,0.12,-0.07771,0.0,0.0,0.0,0.0,1.0
216949.0,-0.5088,0.7321,-0.2041,-1.883,-1.054,-5.224,-180.479,185.93,-62.583,-38.077,41.666,-17.232,-0.12,0.12,-0.11205,0.0,0.0,0.0,0.0,1.0
216957.0,-0.5979,0.7065,-0.0901,-4.623,-0.783,0.416,-179.958,185.963,-68.142,-38.192,41.78,-17.271,-0.12,0.12,0.00277,0.0,0.0,0.0,0.0,1.0
216965.0,-0.5385,0.6586,-0.1028,-0.667,0.491,5.229,-177.533,188.06,-65.797,-38.307,41.893,-17.311,-0.12,0.12,0.00958,0.0,0.0,0.0,0.0,1.0
216973.0,-0.4039,0.6683,-0.2469,3.699,1.415,-0.166,-180.65,188.681,-60.363,-38.423,42.009,-17.346,-0.12,0.12,-0.12,0.0,0.0,0.0,0.0,1.0
216981.0,-0.4146,0.7232,-0.2897,2.347,0.331,-5.659,-179.537,185.855,-66.471,-38.538,42.121,-17.384,-0.12,0.12,-0.12,0.0,0.0,0.0,0.0,1.0
216988.0,-0.5239,0.706,-0.1635,-2.201,-0.832,-2.486,-180.909,186.171,-67.373,-38.652,42.236,-17.424,-0.12,0.12,-0.06424,0.0,0.0,0.0,0.0,1.0
216996.0,-0.5582,0.651,-0.0757,-2.257,-0.242,4.591,-183.98,180.171,-61.381,-38.767,42.348,-17.461,-0.12,0.12,0.1149,0.0,0.0,0.0,0.0,1.0
217004.0,-0.4728,0.6358,-0.1464,1.974,0.627,4.672,-185.085,183.362,-65.618,-38.88,42.462,-17.498,-0.12,0.12,0.04064,0.0,0.0,0.0,0.0,1.0
217012.0,-0.445,0.6907,-0.2276,2.049,-0.117,-3.855,-187.228,178.375,-67.052,-38.996,42.575,-17.538,-0.10018,0.12,-0.06104,0.0,0.0,0.0,0.0,1.0
217019.0,-0.5432,0.7154,-0.1534,-2.773,-1.591,-3.163,-182.147,181.952,-60.536,-39.109,42.688,-17.573,-0.12,0.12,-0.03317,0.0,0.0,0.0,0.0,1.0
217027.0,-0.6329,0.6834,-0.0325,-3.983,-1.669,3.94,-181.876,179.57,-64.304,-39.223,42.8,-17.609,-0.12,0.12,0.12,0.0,0.0,0.0,0.0,1.0
217035.0,-0.5845,0.6624,-0.0605,0.011,0.377,4.771,-177.993,185.264,-68.669,-39.336,42.912,-17.65,-0.12,0.12,0.02263,0.0,0.0,0.0,0.0,1.0
217043.0,-0.5073,0.7139,-0.1879,3.042,0.494,-1.865,-180.287,185.316,-62.72,-39.451,43.025,-17.687,-0.12,0.12,-0.10778,0.0,0.0,0.0,0.0,1.0
217050.0,-0.5544,0.7693,-0.1947,-0.238,-0.465,-7.141,-176.95,186.728,-64.284,-39.564,43.137,-17.724,-0.12,0.12,-0.12,0.0,0.0,0.0,0.0,1.0
217058.0,-0.6441,0.7453,-0.0817,-3.584,-1.337,-1.866,-178.196,187.121,-67.88,-39.677,43.249,-17.763,-0.12,0.12,-0.04633,0.0,0.0,0.0,0.0,1.0
217066.0,-0.6103,0.6951,-0.0665,-1.145,-0.128,3.577,-180.942,184.083,-61.231,-39.79,43.36,-17.8,-0.12,0.12,0.04656,0.0,0.0,0.0,0.0,1.0
217074.0,-0.4822,0.7107,-0.2098,3.337,0.974,1.377,-183.525,185.292,-61.854,-39.902,43.473,-17.834,-0.12,0.12,-0.0531,0.0,0.0,0.0,0.0,1.0
217081.0,-0.4521,0.7741,-0.3016,3.439,0.128,-4.75,-185.831,179.461,-67.962,-40.016,43.584,-17.873,-0.10262,0.12,-0.11034,0.0,0.0,0.0,0.0,1.0
217089.0,-0.5539,0.7898,-0.2151,-1.149,-1.153,-4.378,-182.596,181.097,-63.094,-40.128,43.696,-17.911,-0.12,0.12,-0.07132,0.0,0.0,0.0,0.0,1.0
217097.0,-0.6126,0.7287,-0.097,-2.052,-1.167,5.207,-183.794,176.217,-61.753,-40.24,43.806,-17.945,-0.12,0.12,0.12,0.0,0.0,0.0,0.0,1.0
217105.0,-0.5472,0.7107,-0.1448,2.517,0.434,4.641,-179.883,181.598,-67.461,-40.352,43.917,-17.984,-0.12,0.12,0.01403,0.0,0.0,0.0,0.0,1.0
217113.0,-0.4844,0.7575,-0.2532,3.143,0.555,-2.766,-181.709,179.089,-62.701,-40.465,44.028,-18.021,-0.12,0.12,-0.09476,0.0,0.0,0.0,0.0,1.0
217121.0,-0.5769,0.7802,-0.1827,-1.279,-1.224,-4.707,-176.401,182.499,-60.364,-40.577,44.138,-18.055,-0.12,0.12,-0.10877,0.0,0.0,0.0,0.0,1.0
217129.0,-0.6785,0.7519,-0.0536,-3.991,-1.332,1.073,-176.247,182.216,-67.362,-40.688,44.249,-18.093,-0.12,0.12,0.02018,0.0,0.0,0.0,0.0,1.0
217137.0,-0.6424,0.7139,-0.0527,-0.56,-0.429,5.514,-176.271,185.755,-64.931,-40.8,44.358,-18.131,-0.12,0.12,0.0382,0.0,0.0,0.0,0.0,1.0
217145.0,-0.5362,0.7651,-0.2089,3.333,0.803,0.073,-180.052,186.276,-61.452,-40.911,44.469,-18.166,-0.12,0.12,-0.09387,0.0,0.0,0.0,0.0,1.0
217152.0,-0.5386,0.8311,-0.2707,1.756,0.173,-6.178,-181.195,184.262,-66.664,-41.024,44.578,-18.204,-0.12,0.12,-0.12,0.0,0.0,0.0,0.0,1.0
217160.0,-0.614,0.8161,-0.1807,-2.91,-1.398,-1.949,-181.477,184.274,-64.098,-41.134,44.689,-18.242,-0.12,0.12,-0.03699,0.0,0.0,0.0,0.0,1.0
217168.0,-0.6168,0.7669,-0.1299,-1.06,-0.51,4.298,-184.006,178.224,-59.166,-41.245,44.797,-18.275,-0.12,0.12,0.1036,0.0,0.0,0.0,0.0,1.0
217176.0,-0.5033,0.7561,-0.2329,3.896,0.356,2.388,-181.559,181.24,-65.068,-41.355,44.908,-18.311,-0.12,0.12,-0.03348,0.0,0.0,0.0,0.0,1.0
217183.0,-0.4436,0.8102,-0.3453,3.322,0.419,-4.817,-182.848,176.19,-65.942,-41.467,45.017,-18.349,-0.11459,0.12,-0.1196,0.0,0.0,0.0,0.0,1.0
217191.0,-0.4879,0.8055,-0.2965,-1.245,-1.227,-4.208,-176.281,179.88,-60.036,-41.577,45.126,-18.384,-0.12,0.12,-0.1092,0.0,0.0,0.0,0.0,1.0
217199.0,-0.5381,0.7253,-0.1682,-3.2,-1.792,2.328,-175.771,178.296,-63.62,-41.686,45.235,-18.419,-0.12,0.12,0.03754,0.0,0.0,0.0,0.0,1.0
217207.0,-0.4824,0.6881,-0.1877,1.021,-0.337,5.85,-174.554,183.191,-66.032,-41.796,45.343,-18.457,-0.12,0.12,0.00449,0.0,0.0,0.0,0.0,1.0
217215.0,-0.3726,0.7049,-0.3138,3.875,0.386,-0.264,-178.468,183.462,-59.582,-41.906,45.452,-18.491,-0.12,0.12,-0.11304,0.0,0.0,0.0,0.0,1.0
217223.0,-0.4139,0.7818,-0.3474,0.702,0.14,-6.042,-178.617,184.557,-62.092,-42.017,45.56,-18.525,-0.12,0.12,-0.12,0.0,0.0,0.0,0.0,1.0
217230.0,-0.518,0.7553,-0.2175,-3.95,-1.432,-2.673,-179.77,184.904,-67.186,-42.126,45.669,-18.563,-0.12,0.12,-0.05827,0.0,0.0,0.0,0.0,1.0
217238.0,-0.5296,0.7132,-0.1648,-2.78,-0.799,3.665,-183.027,180.769,-62.01,-42.235,45.776,-18.599,-0.12,0.12,0.08042,0.0,0.0,0.0,0.0,1.0
217246.0,-0.4351,0.7386,-0.2841,3.361,0.596,0.464,-181.639,182.096,-62.118,-42.344,45.885,-18.634,-0.12,0.12,-0.07077,0.0,0.0,0.0,0.0,1.0
217254.0,-0.3798,0.7968,-0.3961,2.634,0.889,-6.079,-182.841,175.998,-66.578,-42.455,45.992,-18.671,-0.11245,0.12,-0.12,0.0,0.0,0.0,0.0,1.0
217261.0,-0.4295,0.7998,-0.3493,-1.801,0.117,-5.63,-176.207,178.388,-61.078,-42.563,46.1,-18.707,-0.12,0.12,-0.12,0.0,0.0,0.0,0.0,1.0
217269.0,-0.4587,0.7287,-0.2509,-1.884,-0.756,2.408,-175.462,175.087,-59.34,-42.671,46.207,-18.739,-0.12,0.12,0.0211,0.0,0.0,0.0,0.0,1.0
217277.0,-0.3713,0.7034,-0.3136,2.585,0.869,4.455,-173.797,181.367,-66.034,-42.78,46.314,-18.775,-0.12,0.12,-0.05277,0.0,0.0,0.0,0.0,1.0
217285.0,-0.2891,0.7426,-0.434,4.986,1.214,-0.828,-177.595,181.151,-63.519,-42.888,46.422,-18.812,-0.12,0.12,-0.12,0.0,0.0,0.0,0.0,1.0
217292.0,-0.3341,0.7844,-0.4298,1.021,0.914,-5.443,-178.469,183.606,-59.18,-42.998,46.528,-18.845,-0.12,0.12,-0.12,0.0,0.0,0.0,0.0,1.0
217300.0,-0.4439,0.7529,-0.2892,-3.375,-0.335,-0.54,-179.423,184.004,-64.433,-43.105,46.636,-18.88,-0.12,0.12,-0.04922,0.0,0.0,0.0,0.0,1.0
217308.0,-0.4587,0.6853,-0.2086,-2.196,-0.007,5.671,-182.262,180.48,-64.304,-43.213,46.741,-18.917,-0.12,0.12,0.08882,0.0,0.0,0.0,0.0,1.0
217316.0,-0.3793,0.6927,-0.2953,2.194,1.282,4.01,-180.179,181.476,-58.489,-43.32,46.849,-18.95,-0.12,0.12,-0.02014,0.0,0.0,0.0,0.0,1.0
217323.0,-0.334,0.7415,-0.388,2.046,1.196,-3.685,-181.285,175.367,-62.542,-43.429,46.954,-18.983,-0.12,0.12,-0.11146,0.0,0.0,0.0,0.0,1.0
217331.0,-0.4094,0.7672,-0.3377,-2.36,0.289,-5.878,-174.393,177.559,-66.16,-43.537,47.061,-19.021,-0.12,0.12,-0.12,0.0,0.0,0.0,0.0,1.0
217339.0,-0.4608,0.7213,-0.2416,-3.668,-0.924,3.197,-173.929,174.144,-60.668,-43.643,47.166,-19.055,-0.12,0.12,0.04926,0.0,0.0,0.0,0.0,1.0
217347.0,-0.3831,0.7011,-0.2997,1.381,0.582,3.831,-173.825,180.578,-62.058,-43.75,47.272,-19.089,-0.12,0.12,-0.04291,0.0,0.0,0.0,0.0,1.0
217354.0,-0.2759,0.7366,-0.4414,3.804,1.358,-2.751,-177.898,180.744,-65.819,-43.858,47.378,-19.126,-0.12,0.12,-0.12,0.0,0.0,0.0,0.0,1.0
217362.0,-0.2619,0.7631,-0.4812,0.597,0.475,-6.484,-179.797,182.74,-59.833,-43.966,47.483,-19.16,-0.12,0.12,-0.12,0.0,0.0,0.0,0.0,1.0
217370.0,-0.352,0.7503,-0.3786,-2.439,0.111,-1.393,-179.523,183.008,-58.859,-44.072,47.589,-19.191,-0.12,0.12,-0.08138,0.0,0.0,0.0,0.0,1.0
217378.0,-0.3578,0.7013,-0.3252,-0.303,0.003,5.672,-181.247,178.837,-65.533,-44.178,47.693,-19.227,-0.12,0.12,0.04997,0.0,0.0,0.0,0.0,1.0
217385.0,-0.2797,0.7207,-0.4222,3.872,1.756,3.868,-177.259,179.971,-62.607,-44.284,47.799,-19.263,-0.12,0.12,-0.07052,0.0,0.0,0.0,0.0,1.0
217393.0,-0.235,0.7701,-0.515,3.548,1.96,-2.674,-178.381,173.944,-58.478,-44.391,47.903,-19.295,-0.12,0.12,-0.12,0.0,0.0,0.0,0.0,1.0
217401.0,-0.3118,0.7825,-0.4503,-1.295,1.155,-3.898,-172.619,176.659,-63.715,-44.498,48.008,-19.329,-0.12,0.12,-0.12,0.0,0.0,0.0,0.0,1.0
217409.0,-0.3969,0.7351,-0.3189,-3.244,-0.183,2.984,-173.116,174.3,-63.549,-44.603,48.112,-19.365,-0.12,0.12,0.01143,0.0,0.0,0.0,0.0,1.0
217416.0,-0.3632,0.7017,-0.3201,0.255,0.411,6.08,-175.0,180.484,-57.857,-44.709,48.216,-19.396,-0.12,0.12,0.00636,0.0,0.0,0.0,0.0,1.0
217424.0,-0.2931,0.7404,-0.4279,3.335,1.641,0.818,-178.955,181.0,-61.735,-44.814,48.321,-19.429,-0.12,0.12,-0.10695,0.0,0.0,0.0,0.0,1.0
217432.0,-0.3198,0.8193,-0.478,0.818,1.529,-5.432,-181.326,181.809,-65.588,-44.921,48.424,-19.466,-0.12,0.12,-0.12,0.0,0.0,0.0,0.0,1.0
217440.0,-0.41,0.8138,-0.3825,-3.425,0.578,-3.517,-178.374,181.782,-60.081,-45.025,48.529,-19.499,-0.12,0.12,-0.10893,0.0,0.0,0.0,0.0,1.0
217447.0,-0.4164,0.7496,-0.3135,-1.319,-0.189,4.447,-178.351,176.044,-60.965,-45.13,48.631,-19.532,-0.12,0.12,0.04422,0.0,0.0,0.0,0.0,1.0
217455.0,-0.3416,0.7601,-0.3987,3.234,1.526,2.091,-173.682,177.923,-65.247,-45.235,48.736,-19.568,-0.12,0.12,-0.09395,0.0,0.0,0.0,0.0,1.0
217463.0,-0.3043,0.8319,-0.5059,3.506,1.85,-4.424,-175.347,172.589,-59.63,-45.341,48.839,-19.601,-0.12,0.12,-0.12,0.0,0.0,0.0,0.0,1.0
217471.0,-0.3437,0.8499,-0.4839,-0.888,0.631,-4.944,-172.239,176.223,-57.644,-45.446,48.942,-19.632,-0.12,0.12,-0.12,0.0,0.0,0.0,0.0,1.0
217478.0,-0.3957,0.786,-0.3697,-1.983,-0.606,2.04,-174.105,175.447,-64.366,-45.55,49.045,-19.666,-0.12,0.12,-0.02021,0.0,0.0,0.0,0.0,1.0
217486.0,-0.3633,0.7607,-0.3775,1.463,-0.046,5.963,-177.87,180.897,-62.7,-45.654,49.147,-19.701,-0.12,0.12,-0.00216,0.0,0.0,0.0,0.0,1.0
217494.0,-0.3021,0.8243,-0.5007,4.163,1.354,1.123,-179.416,181.384,-57.735,-45.758,49.251,-19.732,-0.12,0.12,-0.11967,0.0,0.0,0.0,0.0,1.0
217502.0,-0.3089,0.8702,-0.5385,1.851,0.932,-3.965,-181.38,180.131,-62.252,-45.864,49.353,-19.765,-0.12,0.12,-0.12,0.0,0.0,0.0,0.0,1.0
217510.0,-0.3994,0.8614,-0.4394,-2.797,0.328,-2.308,-175.6,179.705,-63.406,-45.967,49.456,-19.8,-0.12,0.12,-0.10814,0.0,0.0,0.0,0.0,1.0
217517.0,-0.4366,0.7915,-0.3341,-2.464,-0.786,4.709,-174.356,173.06,-57.426,-46.07,49.557,-19.832,-0.12,0.12,0.05542,0.0,0.0,0.0,0.0,1.0
217525.0,-0.3767,0.7827,-0.3854,1.825,0.802,4.647,-170.942,176.036,-59.976,-46.173,49.66,-19.863,-0.12,0.12,-0.04272,0.0,0.0,0.0,0.0,1.0
217533.0,-0.3223,0.8561,-0.5113,3.645,1.252,-1.745,-174.262,172.127,-65.083,-46.277,49.761,-19.898,-0.12,0.12,-0.12,0.0,0.0,0.0,0.0,1.0
217541.0,-0.3635,0.8795,-0.4929,-1.832,0.323,-5.171,-174.328,176.848,-60.24,-46.382,49.863,-19.932,-0.12,0.12,-0.12,0.0,0.0,0.0,0.0,1.0
217548.0,-0.423,0.8134,-0.369,-3.428,-0.917,0.519,-176.152,177.549,-59.187,-46.484,49.965,-19.963,-0.12,0.12,-0.02607,0.0,0.0,0.0,0.0,1.0
217556.0,-0.4091,0.7661,-0.3368,0.087,-0.808,5.035,-179.522,180.574,-64.391,-46.587,50.065,-19.997,-0.12,0.12,0.02003,0.0,0.0,0.0,0.0,1.0
217564.0,-0.3095,0.7922,-0.462,3.529,0.542,0.667,-177.36,181.053,-60.333,-46.689,50.168,-20.031,-0.12,0.12,-0.11751,0.0,0.0,0.0,0.0,1.0
217572.0,-0.2934,0.8298,-0.5146,1.864,0.382,-4.592,-178.481,176.838,-56.292,-46.793,50.268,-20.06,-0.12,0.12,-0.12,0.0,0.0,0.0,0.0,1.0
217580.0,-0.3776,0.8097,-0.4109,-2.775,-0.482,-3.107,-172.223,177.14,-62.513,-46.896,50.37,-20.093,-0.12,0.12,-0.11421,0.0,0.0,0.0,0.0,1.0
217588.0,-0.3947,0.7181,-0.3046,-2.986,-1.782,3.9,-171.343,170.463,-63.116,-46.997,50.469,-20.128,-0.12,0.12,0.05327,0.0,0.0,0.0,0.0,1.0
217596.0,-0.3446,0.7067,-0.3436,1.066,-1.053,5.569,-170.337,175.038,-57.242,-47.1,50.571,-20.158,-0.12,0.12,0.00149,0.0,0.0,0.0,0.0,1.0
217603.0,-0.3074,0.7666,-0.4391,2.042,0.07,-2.133,-174.587,172.185,-60.369,-47.202,50.671,-20.189,-0.12,0.12,-0.10932,0.0,0.0,0.0,0.0,1.0
217611.0,-0.3505,0.7885,-0.4174,-2.597,-0.789,-3.506,-176.221,176.881,-63.39,-47.305,50.771,-20.224,-0.12,0.12,-0.0979,0.0,0.0,0.0,0.0,1.0
217619.0,-0.4412,0.7411,-0.2805,-5.528,-1.88,1.467,-176.529,177.79,-57.466,-47.406,50.872,-20.255,-0.12,0.12,0.03376,0.0,0.0,0.0,0.0,1.0
217627.0,-0.4476,0.6738,-0.2086,-3.065,-1.604,5.81,-178.408,179.339,-57.856,-47.508,50.971,-20.284,-0.12,0.12,0.10014,0.0,0.0,0.0,0.0,1.0
217635.0,-0.3858,0.7364,-0.3313,0.166,0.324,1.497,-174.539,179.561,-64.108,-47.609,51.072,-20.318,-0.12,0.12,-0.0625,0.0,0.0,0.0,0.0,1.0
217642.0,-0.3722,0.7748,-0.3823,-1.104,0.542,-4.851,-174.974,173.798,-60.99,-47.711,51.17,-20.352,-0.12,0.12,-0.12,0.0,0.0,0.0,0.0,1.0
217650.0,-0.45,0.7706,-0.3004,-5.592,-0.604,-5.032,-169.441,174.184,-57.665,-47.812,51.271,-20.382,-0.12,0.12,-0.10031,0.0,0.0,0.0,0.0,1.0
217658.0,-0.4935,0.6779,-0.1666,-6.269,-2.131,0.977,-170.341,169.101,-62.884,-47.912,51.369,-20.415,-0.12,0.12,0.06658,0.0,0.0,0.0,0.0,1.0
217666.0,-0.4552,0.6433,-0.1712,-2.036,-1.764,3.672,-172.869,175.068,-61.296,-48.013,51.469,-20.448,-0.12,0.12,0.05153,0.0,0.0,0.0,0.0,1.0
217674.0,-0.3764,0.6985,-0.3039,1.461,-0.738,-0.851,-176.605,174.152,-55.574,-48.114,51.568,-20.477,-0.12,0.12,-0.05406,0.0,0.0,0.0,0.0,1.0
217682.0,-0.3945,0.727,-0.3134,-0.886,-0.429,-4.945,-178.954,178.231,-59.691,-48.216,51.666,-20.507,-0.12,0.12,-0.10923,0.0,0.0,0.0,0.0,1.0
217690.0,-0.4702,0.6963,-0.2078,-3.336,-0.43,-0.697,-175.342,178.816,-63.419,-48.316,51.766,-20.541,-0.12,0.12,-0.03235,0.0,0.0,0.0,0.0,1.0
217697.0,-0.4859,0.6416,-0.1388,-0.504,0.104,5.028,-174.483,176.231,-57.834,-48.416,51.863,-20.573,-0.12,0.12,0.05712,0.0,0.0,0.0,0.0,1.0
217705.0,-0.4353,0.6883,-0.235,3.752,2.431,2.674,-170.124,177.016,-57.774,-48.515,51.962,-20.602,-0.12,0.12,-0.08154,0.0,0.0,0.0,0.0,1.0
217713.0,-0.4319,0.7805,-0.3281,3.604,3.602,-3.423,-172.179,170.412,-62.856,-48.616,52.06,-20.635,-0.12,0.12,-0.12,0.0,0.0,0.0,0.0,1.0
217721.0,-0.5284,0.7909,-0.2418,-0.431,3.045,-3.272,-170.064,172.556,-58.828,-48.716,52.158,-20.666,-0.12,0.12,-0.11981,0.0,0.0,0.0,0.0,1.0
217729.0,-0.6051,0.7326,-0.1082,-1.427,1.948,2.732,-172.436,169.754,-55.659,-48.815,52.256,-20.695,-0.12,0.12,0.04418,0.0,0.0,0.0,0.0,1.0
217736.0,-0.6087,0.7077,-0.0804,2.613,1.949,6.62,-176.612,176.608,-61.569,-48.915,52.353,-20.726,-0.12,0.12,0.06073,0.0,0.0,0.0,0.0,1.0
217744.0,-0.5413,0.773,-0.2113,6.419,3.396,2.001,-176.394,177.454,-62.544,-49.014,52.452,-20.76,-0.12,0.12,-0.08405,0.0,0.0,0.0,0.0,1.0
217752.0,-0.5353,0.8337,-0.2765,5.332,3.12,-4.67,-177.196,177.366,-57.121,-49.114,52.548,-20.79,-0.12,0.12,-0.12,0.0,0.0,0.0,0.0,1.0
217760.0,-0.5938,0.8148,-0.1996,-0.338,1.561,-3.362,-169.886,176.769,-59.548,-49.213,52.646,-20.82,-0.12,0.12,-0.12,0.0,0.0,0.0,0.0,1.0
217767.0,-0.5958,0.7417,-0.1263,0.82,-0.168,2.178,-169.096,169.84,-62.707,-49.311,52.742,-20.853,-0.12,0.12,0.0022,0.0,0.0,0.0,0.0,1.0
217775.0,-0.5223,0.7432,-0.2013,4.534,0.261,0.783,-169.338,172.898,-56.927,-49.41,52.84,-20.883,-0.12,0.12,-0.07654,0.0,0.0,0.0,0.0,1.0
217783.0,-0.4431,0.7962,-0.3322,5.343,0.024,-5.602,-173.849,169.736,-55.649,-49.509,52.937,-20.911,-0.12,0.12,-0.12,0.0,0.0,0.0,0.0,1.0
217791.0,-0.4346,0.8185,-0.3624,0.697,-1.388,-7.79,-176.489,174.647,-61.941,-49.609,53.034,-20.942,-0.12,0.12,-0.12,0.0,0.0,0.0,0.0,1.0
217798.0,-0.4633,0.7419,-0.2591,-1.893,-3.226,-3.045,-174.69,175.84,-60.494,-49.706,53.131,-20.975,-0.12,0.12,-0.05384,0.0,0.0,0.0,0.0,1.0
217806.0,-0.4352,0.6971,-0.2436,-0.28,-3.869,2.011,-174.462,176.985,-55.644,-49.804,53.226,-21.003,-0.12,0.12,0.01293,0.0,0.0,0.0,0.0,1.0
217814.0,-0.3294,0.7341,-0.3855,3.15,-2.318,-1.383,-169.349,177.02,-59.352,-49.901,53.323,-21.033,-0.12,0.12,-0.12,0.0,0.0,0.0,0.0,1.0
217822.0,-0.2915,0.8229,-0.5098,2.417,-1.391,-7.814,-171.021,170.78,-61.558,-50.0,53.418,-21.065,-0.12,0.12,-0.12,0.0,0.0,0.0,0.0,1.0
217830.0,-0.3199,0.8255,-0.484,-2.441,-1.394,-8.239,-168.729,171.552,-55.757,-50.098,53.515,-21.094,-0.12,0.12,-0.12,0.0,0.0,0.0,0.0,1.0
217837.0,-0.3701,0.7632,-0.3732,-3.96,-2.882,-1.85,-171.077,167.616,-56.175,-50.195,53.61,-21.122,-0.12,0.12,-0.01826,0.0,0.0,0.0,0.0,1.0
217845.0,-0.3484,0.755,-0.3868,-0.753,-1.927,2.551,-175.342,174.434,-62.345,-50.293,53.706,-21.153,-0.12,0.12,-0.00324,0.0,0.0,0.0,0.0,1.0
217853.0,-0.2607,0.8184,-0.5363,2.936,0.208,-2.849,-175.004,175.311,-59.846,-50.389,53.802,-21.185,-0.12,0.12,-0.12,0.0,0.0,0.0,0.0,1.0
217861.0,-0.2475,0.8789,-0.6084,-0.247,0.082,-6.094,-175.562,176.41,-56.083,-50.488,53.897,-21.214,-0.12,0.12,-0.12,0.0,0.0,0.0,0.0,1.0
217868.0,-0.2861,0.8499,-0.5416,-3.845,-0.616,-2.115,-168.156,175.833,-60.482,-50.584,53.993,-21.244,-0.12,0.12,-0.12,0.0,0.0,0.0,0.0,1.0
217876.0,-0.2983,0.7808,-0.4621,-2.111,-1.986,4.815,-167.668,169.165,-60.814,-50.68,54.086,-21.276,-0.12,0.12,0.01677,0.0,0.0,0.0,0.0,1.0
217884.0,-0.2261,0.7996,-0.5527,2.86,-0.484,5.003,-168.637,171.665,-54.801,-50.777,54.182,-21.304,-0.12,0.12,-0.0546,0.0,0.0,0.0,0.0,1.0
217892.0,-0.1472,0.8439,-0.6747,3.897,0.371,-0.378,-173.097,167.99,-56.51,-50.874,54.276,-21.331,-0.12,0.12,-0.12,0.0,0.0,0.0,0.0,1.0
217900.0,-0.1809,0.8595,-0.6561,-0.409,0.804,-2.53,-175.981,173.168,-61.9,-50.972,54.371,-21.363,-0.12,0.12,-0.12,0.0,0.0,0.0,0.0,1.0
217907.0,-0.2409,0.789,-0.5274,-3.456,-0.853,2.914,-172.928,174.449,-58.234,-51.067,54.466,-21.393,-0.12,0.12,-0.02029,0.0,0.0,0.0,0.0,1.0
217915.0,-0.2529,0.7191,-0.4474,-2.359,-0.949,8.784,-171.824,175.452,-55.143,-51.162,54.559,-21.421,-0.12,0.12,0.07369,0.0,0.0,0.0,0.0,1.0
217923.0,-0.203,0.7344,-0.5122,1.412,-0.256,7.386,-166.894,175.308,-60.018,-51.258,54.654,-21.45,-0.12,0.12,-0.03201,0.0,0.0,0.0,0.0,1.0
217931.0,-0.1831,0.7946,-0.5908,0.339,1.042,1.242,-169.519,168.799,-60.058,-51.354,54.747,-21.482,-0.12,0.12,-0.09028,0.0,0.0,0.0,0.0,1.0
217939.0,-0.2603,0.7699,-0.4894,-5.618,0.297,0.86,-168.233,170.209,-54.324,-51.451,54.841,-21.509,-0.12,0.12,-0.03759,0.0,0.0,0.0,0.0,1.0
217947.0,-0.3306,0.6887,-0.34,-5.827,-1.486,6.869,-170.873,166.238,-57.0,-51.545,54.934,-21.536,-0.12,0.12,0.12,0.0,0.0,0.0,0.0,1.0
217954.0,-0.3376,0.644,-0.2895,-2.002,-0.084,8.618,-174.633,172.891,-62.055,-51.641,55.028,-21.568,-0.12,0.12,0.12,0.0,0.0,0.0,0.0,1.0
217962.0,-0.2928,0.6888,-0.378,0.693,1.158,3.625,-173.118,173.889,-57.782,-51.735,55.122,-21.598,-0.12,0.12,-0.0268,0.0,0.0,0.0,0.0,1.0
217970.0,-0.3254,0.7418,-0.397,-2.149,2.468,-1.716,-173.614,175.075,-55.914,-51.832,55.215,-21.626,-0.12,0.12,-0.10059,0.0,0.0,0.0,0.0,1.0
217978.0,-0.4268,0.7142,-0.2686,-5.226,1.064,0.44,-166.401,174.497,-60.732,-51.926,55.308,-21.656,-0.12,0.12,-0.04733,0.0,0.0,0.0,0.0,1.0
217986.0,-0.4789,0.6341,-0.1386,-4.282,0.737,6.694,-166.519,167.563,-58.872,-52.02,55.399,-21.686,-0.12,0.12,0.11559,0.0,0.0,0.0,0.0,1.0
217994.0,-0.4356,0.6153,-0.1636,1.083,1.585,7.88,-168.926,170.218,-53.619,-52.115,55.493,-21.713,-0.12,0.12,0.07758,0.0,0.0,0.0,0.0,1.0
218001.0,-0.4312,0.7098,-0.2599,2.707,3.794,2.039,-172.816,166.737,-57.112,-52.21,55.586,-21.74,-0.12,0.12,-0.02932,0.0,0.0,0.0,0.0,1.0
218009.0,-0.4854,0.7626,-0.2572,-0.032,3.959,-1.94,-175.479,172.166,-61.121,-52.306,55.678,-21.771,-0.12,0.12,-0.0817,0.0,0.0,0.0,0.0,1.0
218017.0,-0.5682,0.712,-0.1251,-3.185,1.739,3.115,-170.613,173.671,-56.438,-52.399,55.771,-21.8,-0.12,0.12,0.02997,0.0,0.0,0.0,0.0,1.0
218024.0,-0.6064,0.6582,-0.0345,-0.504,1.424,7.302,-168.617,173.3,-54.734,-52.492,55.861,-21.826,-0.12,0.12,0.08937,0.0,0.0,0.0,0.0,1.0
218032.0,-0.583,0.6818,-0.0808,3.538,1.948,4.533,-165.057,172.955,-59.749,-52.586,55.955,-21.855,-0.12,0.12,-0.02807,0.0,0.0,0.0,0.0,1.0
218040.0,-0.5796,0.7579,-0.1584,2.953,3.057,-2.228,-169.126,166.074,-58.623,-52.68,56.045,-21.886,-0.12,0.12,-0.08811,0.0,0.0,0.0,0.0,1.0
218048.0,-0.6443,0.749,-0.085,-0.431,1.32,-3.345,-170.66,168.528,-53.389,-52.775,56.138,-21.912,-0.12,0.12,-0.05468,0.0,0.0,0.0,0.0,1.0
218056.0,-0.7306,0.6976,0.0513,-1.621,-0.229,1.085,-171.728,167.26,-56.421,-52.867,56.229,-21.938,-0.12,0.12,0.07901,0.0,0.0,0.0,0.0,1.0
218063.0,-0.7284,0.6766,0.0696,2.323,-0.789,4.15,-173.104,173.578,-61.123,-52.961,56.32,-21.969,-0.12,0.12,0.07182,0.0,0.0,0.0,0.0,1.0
218071.0,-0.6738,0.755,-0.0614,5.226,1.014,-0.978,-168.288,174.513,-56.913,-53.053,56.412,-21.998,-0.12,0.12,-0.10291,0.0,0.0,0.0,0.0,1.0
218079.0,-0.6585,0.8337,-0.1533,3.783,1.389,-7.521,-168.764,171.414,-54.938,-53.147,56.502,-22.024,-0.12,0.12,-0.12,0.0,0.0,0.0,0.0,1.0
218087.0,-0.705,0.8348,-0.1079,-0.486,0.067,-7.535,-165.225,170.166,-59.616,-53.24,56.594,-22.053,-0.12,0.12,-0.12,0.0,0.0,0.0,0.0,1.0
218094.0,-0.7187,0.7598,-0.0212,-0.551,-2.161,-1.542,-167.94,163.709,-58.327,-53.333,56.683,-22.083,-0.12,0.12,0.02207,0.0,0.0,0.0,0.0,1.0
218102.0,-0.6489,0.7342,-0.066,3.263,-2.378,1.945,-172.638,169.894,-52.955,-53.426,56.774,-22.109,-0.12,0.12,0.03603,0.0,0.0,0.0,0.0,1.0
218110.0,-0.5722,0.8003,-0.2071,5.937,-0.305,-4.81,-171.97,170.328,-55.476,-53.517,56.866,-22.134,-0.12,0.12,-0.12,0.0,0.0,0.0,0.0,1.0
218118.0,-0.5473,0.8465,-0.277,2.683,-0.935,-7.692,-172.271,173.434,-60.201,-53.611,56.956,-22.164,-0.12,0.12,-0.12,0.0,0.0,0.0,0.0,1.0
218125.0,-0.5674,0.8067,-0.2181,-0.547,-1.841,-3.662,-164.951,173.283,-56.367,-53.703,57.046,-22.193,-0.12,0.12,-0.11582,0.0,0.0,0.0,0.0,1.0
218133.0,-0.5539,0.7198,-0.1469,1.891,-3.104,2.773,-164.98,167.179,-53.613,-53.794,57.135,-22.218,-0.12,0.12,0.02005,0.0,0.0,0.0,0.0,1.0
218141.0,-0.4634,0.7306,-0.248,5.826,-1.32,2.553,-167.16,168.539,-58.249,-53.886,57.226,-22.246,-0.12,0.12,-0.04661,0.0,0.0,0.0,0.0,1.0
218149.0,-0.3886,0.7932,-0.3838,6.306,0.303,-3.355,-171.579,164.7,-58.558,-53.978,57.315,-22.275,-0.12,0.12,-0.12,0.0,0.0,0.0,0.0,1.0
218157.0,-0.4017,0.8204,-0.3972,2.085,1.05,-5.801,-174.073,170.215,-53.076,-54.072,57.405,-22.301,-0.12,0.12,-0.12,0.0,0.0,0.0,0.0,1.0
218164.0,-0.4336,0.7399,-0.2868,-0.385,-0.744,-1.009,-168.383,171.876,-54.416,-54.162,57.495,-22.326,-0.12,0.12,-0.0715,0.0,0.0,0.0,0.0,1.0
218172.0,-0.4076,0.6581,-0.2333,1.261,-1.504,4.975,-166.38,171.751,-60.065,-54.253,57.583,-22.355,-0.12,0.12,0.00886,0.0,0.0,0.0,0.0,1.0
218180.0,-0.3266,0.669,-0.3249,5.13,-0.533,3.943,-163.688,171.167,-57.533,-54.344,57.673,-22.384,-0.12,0.12,-0.07244,0.0,0.0,0.0,0.0,1.0
218188.0,-0.2562,0.7165,-0.4415,3.348,0.809,-3.968,-167.448,164.88,-53.905,-54.435,57.761,-22.41,-0.12,0.12,-0.12,0.0,0.0,0.0,0.0,1.0
218196.0,-0.2703,0.7084,-0.4195,-0.727,0.147,-3.672,-169.414,166.657,-57.955,-54.527,57.851,-22.437,-0.12,0.12,-0.10726,0.0,0.0,0.0,0.0,1.0
218204.0,-0.287,0.6267,-0.3233,-1.26,-2.513,3.01,-170.217,165.251,-58.652,-54.617,57.939,-22.466,-0.12,0.12,0.05149,0.0,0.0,0.0,0.0,1.0
218211.0,-0.2513,0.5751,-0.3087,2.604,-1.584,6.356,-171.12,172.045,-53.03,-54.708,58.028,-22.492,-0.12,0.12,0.03795,0.0,0.0,0.0,0.0,1.0
218219.0,-0.1756,0.6209,-0.4291,4.94,0.205,2.338,-165.673,172.919,-53.493,-54.797,58.117,-22.516,-0.12,0.12,-0.11817,0.0,0.0,0.0,0.0,1.0
218227.0,-0.1555,0.6794,-0.5061,2.222,1.779,-3.178,-166.402,169.137,-58.986,-54.889,58.204,-22.544,-0.12,0.12,-0.12,0.0,0.0,0.0,0.0,1.0
218235.0,-0.1976,0.6411,-0.4267,-1.72,0.365,-2.157,-164.58,167.783,-57.107,-54.98,58.293,-22.573,-0.12,0.12,-0.11194,0.0,0.0,0.0,0.0,1.0
218243.0,-0.2409,0.5612,-0.3056,-2.679,-0.974,4.898,-167.679,161.878,-52.756,-55.069,58.38,-22.597,-0.12,0.12,0.09543,0.0,0.0,0.0,0.0,1.0
218250.0,-0.2239,0.526,-0.2883,1.519,-0.287,8.258,-171.718,168.704,-55.888,-55.159,58.468,-22.623,-0.12,0.12,0.09479,0.0,0.0,0.0,0.0,1.0
218258.0,-0.1833,0.591,-0.3923,3.242,1.923,3.798,-168.967,169.76,-58.841,-55.248,58.557,-22.652,-0.12,0.12,-0.05458,0.0,0.0,0.0,0.0,1.0
218266.0,-0.1838,0.6428,-0.4422,0.766,2.913,-1.694,-168.607,171.473,-53.9,-55.339,58.644,-22.678,-0.12,0.12,-0.12,0.0,0.0,0.0,0.0,1.0
218274.0,-0.2351,0.5923,-0.3417,-3.184,1.583,-0.326,-162.576,170.458,-52.19,-55.428,58.732,-22.701,-0.12,0.12,-0.09113,0.0,0.0,0.0,0.0,1.0
218281.0,-0.2592,0.5021,-0.2297,-1.613,-0.303,7.389,-164.326,162.714,-57.762,-55.517,58.817,-22.728,-0.12,0.12,0.1087,0.0,0.0,0.0,0.0,1.0
218289.0,-0.2274,0.4968,-0.2563,1.966,0.823,7.124,-168.888,166.405,-58.625,-55.607,58.905,-22.757,-0.12,0.12,0.06237,0.0,0.0,0.0,0.0,1.0
218297.0,-0.1935,0.5632,-0.355,1.509,3.307,0.869,-170.582,165.329,-53.693,-55.695,58.993,-22.783,-0.12,0.12,-0.05511,0.0,0.0,0.0,0.0,1.0
218305.0,-0.2328,0.6321,-0.3828,-2.36,3.598,-2.213,-170.997,170.536,-54.854,-55.786,59.079,-22.808,-0.12,0.12,-0.10327,0.0,0.0,0.0,0.0,1.0
218312.0,-0.3081,0.5788,-0.2555,-5.086,2.507,1.814,-163.285,171.301,-58.804,-55.874,59.166,-22.836,-0.12,0.12,-0.03652,0.0,0.0,0.0,0.0,1.0
218320.0,-0.3287,0.4978,-0.1561,-2.737,1.293,7.867,-162.737,166.045,-55.014,-55.961,59.251,-22.863,-0.12,0.12,0.10111,0.0,0.0,0.0,0.0,1.0
218328.0,-0.3,0.518,-0.2044,1.679,3.102,7.246,-164.927,166.608,-51.284,-56.05,59.338,-22.886,-0.12,0.12,0.03783,0.0,0.0,0.0,0.0,1.0
218336.0,-0.2868,0.6035,-0.3009,2.485,5.06,0.466,-169.392,162.113,-55.627,-56.139,59.424,-22.911,-0.12,0.12,-0.06268,0.0,0.0,0.0,0.0,1.0
218343.0,-0.3532,0.6632,-0.2926,-1.152,5.283,-2.675,-171.893,167.659,-58.478,-56.229,59.511,-22.939,-0.12,0.12,-0.0962,0.0,0.0,0.0,0.0,1.0
218351.0,-0.4476,0.6219,-0.1579,-2.941,3.177,1.113,-165.762,169.561,-53.759,-56.316,59.597,-22.965,-0.12,0.12,-0.02669,0.0,0.0,0.0,0.0,1.0
218359.0,-0.5049,0.5723,-0.0523,-1.172,1.99,7.192,-163.536,169.038,-52.509,-56.403,59.681,-22.989,-0.12,0.12,0.08004,0.0,0.0,0.0,0.0,1.0
218367.0,-0.5027,0.6155,-0.0966,3.038,2.874,5.903,-161.96,168.198,-57.223,-56.491,59.768,-23.015,-0.12,0.12,-0.00456,0.0,0.0,0.0,0.0,1.0
218374.0,-0.5068,0.6982,-0.1731,1.734,4.46,-2.624,-167.105,161.383,-56.518,-56.579,59.853,-23.042,-0.12,0.12,-0.08419,0.0,0.0,0.0,0.0,1.0
218382.0,-0.574,0.7381,-0.1447,-1.848,2.957,-3.776,-170.446,165.217,-51.364,-56.668,59.938,-23.066,-0.12,0.12,-0.05639,0.0,0.0,0.0,0.0,1.0
218390.0,-0.6385,0.6912,-0.0345,-2.473,0.123,1.266,-167.443,166.499,-53.033,-56.754,60.024,-23.089,-0.12,0.12,0.04943,0.0,0.0,0.0,0.0,1.0
218398.0,-0.6483,0.6531,0.0124,0.938,-0.227,4.548,-165.515,170.224,-58.405,-56.841,60.108,-23.116,-0.12,0.12,0.04915,0.0,0.0,0.0,0.0,1.0
218405.0,-0.6112,0.7202,-0.0901,4.017,0.931,0.418,-161.144,169.731,-56.027,-56.928,60.194,-23.144,-0.12,0.12,-0.09108,0.0,0.0,0.0,0.0,1.0
218413.0,-0.5924,0.8164,-0.2026,2.986,1.852,-6.448,-164.99,162.734,-52.234,-57.015,60.278,-23.167,-0.12,0.12,-0.12,0.0,0.0,0.0,0.0,1.0
218421.0,-0.6268,0.8369,-0.1881,-0.305,-0.19,-6.93,-167.384,163.887,-55.549,-57.104,60.363,-23.192,-0.12,0.12,-0.11173,0.0,0.0,0.0,0.0,1.0
218429.0,-0.6576,0.7753,-0.0973,-0.75,-2.078,-0.686,-167.934,162.858,-57.606,-57.19,60.448,-23.22,-0.12,0.12,0.02762,0.0,0.0,0.0,0.0,1.0
218436.0,-0.6194,0.7383,-0.0995,3.072,-2.46,3.592,-167.854,169.621,-52.473,-57.276,60.532,-23.244,-0.12,0.12,0.0319,0.0,0.0,0.0,0.0,1.0
218444.0,-0.5545,0.8107,-0.2349,6.18,0.151,0.306,-161.838,170.247,-50.892,-57.362,60.617,-23.266,-0.12,0.12,-0.12,0.0,0.0,0.0,0.0,1.0
218452.0,-0.5097,0.876,-0.3434,4.462,0.857,-6.082,-163.771,164.729,-56.092,-57.449,60.7,-23.291,-0.12,0.12,-0.12,0.0,0.0,0.0,0.0,1.0
218460.0,-0.5274,0.8685,-0.3183,0.572,-0.475,-5.935,-164.485,163.868,-56.968,-57.536,60.784,-23.319,-0.12,0.12,-0.12,0.0,0.0,0.0,0.0,1.0
218467.0,-0.5411,0.7686,-0.2072,-0.202,-3.185,0.614,-167.036,160.252,-51.995,-57.622,60.868,-23.343,-0.12,0.12,0.04546,0.0,0.0,0.0,0.0,1.0
218475.0,-0.4903,0.6895,-0.1811,2.833,-3.518,5.207,-168.969,167.935,-52.319,-57.708,60.951,-23.365,-0.12,0.12,0.07075,0.0,0.0,0.0,0.0,1.0
218483.0,-0.41,0.7234,-0.2944,5.04,-1.75,-0.988,-163.351,169.126,-56.937,-57.793,61.036,-23.391,-0.12,0.12,-0.12,0.0,0.0,0.0,0.0,1.0
218491.0,-0.3881,0.7822,-0.3736,1.932,-1.295,-6.158,-164.042,167.095,-54.66,-57.879,61.118,-23.417,-0.12,0.12,-0.12,0.0,0.0,0.0,0.0,1.0
218499.0,-0.4084,0.7488,-0.3208,-1.534,-3.457,-4.336,-161.499,165.208,-50.263,-57.966,61.202,-23.439,-0.12,0.12,-0.10156,0.0,0.0,0.0,0.0,1.0
218506.0,-0.4104,0.6475,-0.22,-1.245,-5.376,2.05,-164.7,158.806,-53.203,-58.05,61.284,-23.462,-0.12,0.12,0.08845,0.0,0.0,0.0,0.0,1.0
218514.0,-0.3653,0.63,-0.2481,2.546,-4.175,3.932,-168.939,165.581,-57.758,-58.136,61.368,-23.489,-0.12,0.12,0.05302,0.0,0.0,0.0,0.0,1.0
218522.0,-0.2958,0.6909,-0.377,3.841,-1.386,-0.469,-165.772,167.002,-54.447,-58.22,61.452,-23.515,-0.12,0.12,-0.09833,0.0,0.0,0.0,0.0,1.0
218530.0,-0.2833,0.7489,-0.446,1.561,-0.165,-5.647,-165.091,168.08,-51.478,-58.306,61.533,-23.537,-0.12,0.12,-0.12,0.0,0.0,0.0,0.0,1.0
218537.0,-0.3117,0.7062,-0.376,-1.818,-1.248,-3.088,-159.821,166.416,-55.306,-58.391,61.616,-23.562,-0.12,0.12,-0.12,0.0,0.0,0.0,0.0,1.0
218545.0,-0.3249,0.6226,-0.2814,-0.88,-2.074,3.354,-162.654,158.762,-56.527,-58.475,61.697,-23.588,-0.12,0.12,0.05161,0.0,0.0,0.0,0.0,1.0
218553.0,-0.2659,0.574,-0.2931,2.838,-0.941,6.642,-167.686,163.869,-51.219,-58.561,61.78,-23.612,-0.12,0.12,0.06668,0.0,0.0,0.0,0.0,1.0
218561.0,-0.1956,0.6111,-0.3996,5.334,1.946,2.0,-166.917,164.481,-50.343,-58.644,61.863,-23.633,-0.12,0.12,-0.08232,0.0,0.0,0.0,0.0,1.0
218568.0,-0.1973,0.6387,-0.4247,1.827,2.636,-3.007,-166.168,168.036,-55.645,-58.73,61.945,-23.657,-0.12,0.12,-0.12,0.0,0.0,0.0,0.0,1.0
218576.0,-0.2327,0.572,-0.3243,-0.959,1.044,0.948,-159.42,167.111,-56.048,-58.814,62.027,-23.683,-0.12,0.12,-0.08268,0.0,0.0,0.0,0.0,1.0
218584.0,-0.2374,0.4547,-0.2054,0.567,-0.354,6.739,-161.146,159.253,-51.168,-58.897,62.107,-23.706,-0.12,0.12,0.08849,0.0,0.0,0.0,0.0,1.0
218592.0,-0.2044,0.4252,-0.2096,3.738,1.184,6.893,-166.01,162.892,-51.595,-58.982,62.19,-23.728,-0.12,0.12,0.05659,0.0,0.0,0.0,0.0,1.0
218599.0,-0.1711,0.4832,-0.2994,3.85,3.204,0.005,-167.136,162.625,-56.044,-59.065,62.272,-23.753,-0.12,0.12,-0.08179,0.0,0.0,0.0,0.0,1.0
218607.0,-0.1921,0.5067,-0.3013,0.154,3.483,-3.769,-167.236,167.446,-54.03,-59.15,62.353,-23.778,-0.12,0.12,-0.12,0.0,0.0,0.0,0.0,1.0
218615.0,-0.2577,0.4548,-0.1851,-2.75,1.19,-0.686,-159.38,167.499,-49.579,-59.233,62.434,-23.8,-0.12,0.12,-0.06982,0.0,0.0,0.0,0.0,1.0
218623.0,-0.2802,0.3782,-0.088,-1.361,-0.534,5.462,-159.74,160.613,-52.204,-59.316,62.513,-23.821,-0.12,0.12,0.0923,0.0,0.0,0.0,0.0,1.0
218631.0,-0.2388,0.3795,-0.1308,2.976,1.031,5.376,-163.633,162.249,-56.91,-59.399,62.595,-23.847,-0.12,0.12,0.04027,0.0,0.0,0.0,0.0,1.0
218638.0,-0.2061,0.4746,-0.2561,4.466,3.859,-1.056,-166.995,160.335,-54.01,-59.482,62.676,-23.872,-0.12,0.12,-0.08853,0.0,0.0,0.0,0.0,1.0
218646.0,-0.2225,0.545,-0.3082,2.213,4.397,-5.789,-167.865,166.288,-50.608,-59.567,62.757,-23.894,-0.12,0.12,-0.12,0.0,0.0,0.0,0.0,1.0
218654.0,-0.282,0.5383,-0.2421,-0.695,2.954,-2.814,-159.801,167.255,-53.958,-59.648,62.838,-23.917,-0.12,0.12,-0.12,0.0,0.0,0.0,0.0,1.0
218662.0,-0.3035,0.5012,-0.1845,1.78,2.085,4.355,-159.167,161.274,-56.082,-59.731,62.916,-23.942,-0.12,0.12,-0.00665,0.0,0.0,0.0,0.0,1.0
218669.0,-0.2627,0.535,-0.2583,4.692,3.718,3.298,-162.177,162.006,-51.212,-59.814,62.997,-23.966,-0.12,0.12,-0.05779,0.0,0.0,0.0,0.0,1.0
218677.0,-0.2133,0.6341,-0.4041,5.166,5.188,-2.767,-166.333,159.149,-49.056,-59.896,63.078,-23.986,-0.12,0.12,-0.12,0.0,0.0,0.0,0.0,1.0
218685.0,-0.2351,0.7169,-0.463,1.831,3.971,-4.769,-167.965,165.397,-53.857,-59.98,63.157,-24.008,-0.12,0.12,-0.12,0.0,0.0,0.0,0.0,1.0
218693.0,-0.2865,0.6833,-0.3789,0.241,1.361,0.064,-160.295,166.69,-55.775,-60.061,63.238,-24.034,-0.12,0.12,-0.11087,0.0,0.0,0.0,0.0,1.0
218701.0,-0.2883,0.6324,-0.3275,1.96,-0.757,6.067,-158.882,161.969,-51.087,-60.142,63.315,-24.057,-0.12,0.12,0.01287,0.0,0.0,0.0,0.0,1.0
218708.0,-0.2353,0.6527,-0.4003,5.066,0.536,4.84,-160.37,161.905,-50.042,-60.225,63.396,-24.077,-0.12,0.12,-0.04786,0.0,0.0,0.0,0.0,1.0
218716.0,-0.1834,0.7177,-0.5155,4.386,1.566,-1.746,-165.458,158.103,-54.45,-60.307,63.475,-24.1,-0.12,0.12,-0.12,0.0,0.0,0.0,0.0,1.0
218724.0,-0.1968,0.7459,-0.5295,0.062,0.893,-5.525,-167.837,164.42,-54.354,-60.39,63.555,-24.125,-0.12,0.12,-0.12,0.0,0.0,0.0,0.0,1.0
218732.0,-0.2428,0.6795,-0.4189,-2.5,-3.092,1.128,-161.546,165.857,-49.184,-60.47,63.635,-24.146,-0.12,0.12,-0.03212,0.0,0.0,0.0,0.0,1.0
218740.0,-0.239,0.6069,-0.352,-0.031,-3.307,6.274,-159.461,163.876,-50.304,-60.551,63.712,-24.166,-0.12,0.12,0.0441,0.0,0.0,0.0,0.0,1.0
218748.0,-0.1703,0.6227,-0.4362,3.387,-1.714,3.272,-158.204,162.663,-55.554,-60.632,63.792,-24.19,-0.12,0.12,-0.06543,0.0,0.0,0.0,0.0,1.0
218756.0,-0.1214,0.6976,-0.5579,2.831,0.408,-3.262,-163.653,156.777,-54.321,-60.714,63.87,-24.215,-0.12,0.12,-0.12,0.0,0.0,0.0,0.0,1.0
218763.0,-0.1325,0.7077,-0.5567,-0.397,-0.667,-5.196,-167.028,162.306,-50.006,-60.796,63.949,-24.237,-0.12,0.12,-0.12,0.0,0.0,0.0,0.0,1.0
218771.0,-0.1723,0.6378,-0.4489,-2.156,-2.246,1.101,-162.287,164.594,-51.925,-60.876,64.028,-24.258,-0.12,0.12,-0.03793,0.0,0.0,0.0,0.0,1.0
218779.0,-0.1746,0.5868,-0.3968,-0.195,-1.82,6.537,-159.628,163.919,-55.513,-60.956,64.105,-24.282,-0.12,0.12,0.02516,0.0,0.0,0.0,0.0,1.0
218787.0,-0.1271,0.6155,-0.4723,1.987,0.258,5.662,-157.503,162.461,-51.995,-61.037,64.184,-24.306,-0.12,0.12,-0.0409,0.0,0.0,0.0,0.0,1.0
218794.0,-0.0939,0.6949,-0.5828,1.049,2.146,-1.103,-162.847,156.319,-47.994,-61.118,64.261,-24.325,-0.12,0.12,-0.11031,0.0,0.0,0.0,0.0,1.0
218802.0,-0.1322,0.7234,-0.5724,-3.253,1.431,-2.852,-166.466,161.76,-51.206,-61.2,64.339,-24.346,-0.12,0.12,-0.10291,0.0,0.0,0.0,0.0,1.0
218810.0,-0.1893,0.6486,-0.4423,-5.514,-1.411,2.357,-161.9,164.329,-55.398,-61.279,64.418,-24.37,-0.12,0.12,0.00121,0.0,0.0,0.0,0.0,1.0
218818.0,-0.2035,0.5539,-0.3359,-3.837,-2.922,8.111,-158.971,162.98,-52.238,-61.358,64.494,-24.393,-0.12,0.12,0.111,0.0,0.0,0.0,0.0,1.0
218825.0,-0.1701,0.5609,-0.3761,0.183,-1.605,5.099,-157.031,161.763,-48.704,-61.438,64.572,-24.413,-0.12,0.12,0.00098,0.0,0.0,0.0,0.0,1.0
218833.0,-0.1549,0.618,-0.447,-1.235,-0.961,-1.526,-162.596,155.981,-51.69,-61.518,64.649,-24.434,-0.12,0.12,-0.04796,0.0,0.0,0.0,0.0,1.0
218841.0,-0.2002,0.6277,-0.4111,-4.756,-2.145,-3.482,-166.162,161.744,-54.611,-61.6,64.727,-24.458,-0.12,0.12,-0.04506,0.0,0.0,0.0,0.0,1.0
218849.0,-0.2813,0.5561,-0.2602,-6.573,-4.286,3.119,-161.421,164.132,-50.653,-61.678,64.805,-24.48,-0.12,0.12,0.08745,0.0,0.0,0.0,0.0,1.0
218856.0,-0.3386,0.4956,-0.1441,-3.728,-3.706,7.939,-158.473,162.494,-48.017,-61.756,64.88,-24.499,-0.12,0.12,0.12,0.0,0.0,0.0,0.0,1.0
218864.0,-0.323,0.5254,-0.1886,-1.077,-1.437,5.875,-156.627,161.097,-52.059,-61.836,64.958,-24.52,-0.12,0.12,0.06193,0.0,0.0,0.0,0.0,1.0
218872.0,-0.3076,0.6005,-0.2772,-0.4,0.863,-0.908,-162.282,155.523,-55.132,-61.915,65.034,-24.544,-0.12,0.12,-0.02853,0.0,0.0,0.0,0.0,1.0
218880.0,-0.3618,0.6259,-0.2476,-3.399,0.484,-2.922,-165.749,161.482,-51.268,-61.996,65.111,-24.566,-0.12,0.12,-0.03704,0.0,0.0,0.0,0.0,1.0
218887.0,-0.4305,0.5564,-0.1113,-3.536,-1.279,1.726,-160.715,163.92,-49.17,-62.074,65.188,-24.586,-0.12,0.12,0.03895,0.0,0.0,0.0,0.0,1.0
218895.0,-0.4488,0.4868,-0.0252,-1.119,-1.944,7.373,-157.883,161.35,-53.036,-62.152,65.263,-24.608,-0.12,0.12,0.12,0.0,0.0,0.0,0.0,1.0
218903.0,-0.4066,0.5004,-0.0807,2.695,-0.059,6.221,-156.607,160.247,-54.088,-62.23,65.34,-24.632,-0.12,0.12,0.04736,0.0,0.0,0.0,0.0,1.0
218911.0,-0.3733,0.5708,-0.1825,3.068,1.674,-0.008,-162.228,155.45,-49.124,-62.309,65.415,-24.652,-0.12,0.12,-0.02894,0.0,0.0,0.0,0.0,1.0
218918.0,-0.4038,0.5964,-0.1769,0.11,1.408,-3.55,-165.558,161.71,-47.546,-62.389,65.492,-24.671,-0.12,0.12,-0.07146,0.0,0.0,0.0,0.0,1.0
218926.0,-0.4687,0.5295,-0.0469,-2.573,-2.45,2.886,-159.762,163.939,-52.359,-62.466,65.568,-24.692,-0.12,0.12,0.0649,0.0,0.0,0.0,0.0,1.0
218934.0,-0.4967,0.4639,0.0451,-0.029,-2.292,7.371,-157.041,159.708,-54.28,-62.544,65.642,-24.715,-0.12,0.12,0.12,0.0,0.0,0.0,0.0,1.0
218942.0,-0.441,0.436,0.0165,2.366,-0.932,5.097,-156.717,159.191,-49.773,-62.622,65.718,-24.736,-0.12,0.12,0.06855,0.0,0.0,0.0,0.0,1.0
218949.0,-0.3986,0.4941,-0.0825,2.24,0.41,-2.039,-162.438,155.769,-48.043,-62.7,65.794,-24.755,-0.12,0.12,-0.02514,0.0,0.0,0.0,0.0,1.0
218957.0,-0.4049,0.5149,-0.0965,-0.906,-0.705,-4.967,-165.384,162.316,-52.083,-62.78,65.869,-24.776,-0.12,0.12,-0.05894,0.0,0.0,0.0,0.0,1.0
218965.0,-0.4554,0.4356,0.0313,-2.431,-3.273,-0.346,-158.65,163.789,-53.35,-62.856,65.945,-24.799,-0.12,0.12,0.02457,0.0,0.0,0.0,0.0,1.0
218973.0,-0.4609,0.3516,0.1186,-1.192,-4.074,5.77,-156.077,157.643,-48.795,-62.933,66.018,-24.819,-0.12,0.12,0.12,0.0,0.0,0.0,0.0,1.0
218980.0,-0.4125,0.3448,0.0768,2.065,-2.004,5.412,-157.333,158.221,-47.54,-63.011,66.094,-24.837,-0.12,0.12,0.10923,0.0,0.0,0.0,0.0,1.0
218988.0,-0.3729,0.4095,-0.0259,2.268,0.399,-1.528,-162.732,156.48,-52.105,-63.088,66.169,-24.858,-0.12,0.12,-0.0111,0.0,0.0,0.0,0.0,1.0
218996.0,-0.3978,0.4565,-0.0467,-0.621,0.751,-4.805,-164.85,162.703,-53.857,-63.167,66.243,-24.881,-0.12,0.12,-0.06634,0.0,0.0,0.0,0.0,1.0
219004.0,-0.4651,0.432,0.0445,-3.085,-0.734,-0.75,-157.043,163.09,-49.762,-63.243,66.318,-24.902,-0.12,0.12,0.00138,0.0,0.0,0.0,0.0,1.0
219012.0,-0.4914,0.3587,0.1422,-1.438,-1.381,5.437,-155.443,155.494,-48.673,-63.319,66.391,-24.921,-0.12,0.12,0.12,0.0,0.0,0.0,0.0,1.0
219019.0,-0.4368,0.3395,0.1063,2.361,-0.192,5.841,-158.183,157.808,-52.595,-63.396,66.466,-24.942,-0.12,0.12,0.10857,0.0,0.0,0.0,0.0,1.0
219027.0,-0.3825,0.3968,-0.0039,3.604,2.764,-2.269,-162.776,157.666,-52.743,-63.473,66.541,-24.965,-0.12,0.12,-0.05418,0.0,0.0,0.0,0.0,1.0
219035.0,-0.384,0.4305,-0.0352,0.528,1.763,-5.17,-163.996,162.629,-47.878,-63.551,66.614,-24.984,-0.12,0.12,-0.0909,0.0,0.0,0.0,0.0,1.0
219043.0,-0.4295,0.3804,0.0591,-1.603,-0.116,-0.209,-155.773,161.76,-46.998,-63.626,66.688,-25.001,-0.12,0.12,-0.00313,0.0,0.0,0.0,0.0,1.0
219050.0,-0.4495,0.3123,0.1454,-0.436,-1.074,5.925,-155.149,153.432,-51.807,-63.702,66.76,-25.022,-0.12,0.12,0.12,0.0,0.0,0.0,0.0,1.0
219058.0,-0.4007,0.3057,0.1031,2.907,0.531,6.052,-159.275,157.898,-53.204,-63.779,66.835,-25.044,-0.12,0.12,0.1061,0.0,0.0,0.0,0.0,1.0
219066.0,-0.3514,0.3785,-0.0171,3.409,2.724,-0.237,-162.41,159.441,-48.74,-63.854,66.909,-25.064,-0.12,0.12,-0.03312,0.0,0.0,0.0,0.0,1.0
219074.0,-0.3602,0.4073,-0.0364,0.611,2.34,-4.245,-162.469,161.945,-47.225,-63.931,66.981,-25.082,-0.12,0.12,-0.08674,0.0,0.0,0.0,0.0,1.0
219081.0,-0.4207,0.3679,0.0625,-2.1,-0.033,-1.592,-154.348,159.741,-51.194,-64.006,67.055,-25.102,-0.12,0.12,-0.02045,0.0,0.0,0.0,0.0,1.0
219089.0,-0.4454,0.2849,0.1681,-1.494,-2.022,5.499,-155.364,152.006,-52.616,-64.082,67.126,-25.124,-0.12,0.12,0.12,0.0,0.0,0.0,0.0,1.0
219097.0,-0.4029,0.2661,0.1439,1.738,-0.817,7.3,-160.616,158.793,-48.208,-64.158,67.2,-25.143,-0.12,0.12,0.12,0.0,0.0,0.0,0.0,1.0
219105.0,-0.3422,0.3147,0.0358,3.231,1.687,1.929,-161.591,160.988,-46.569,-64.232,67.274,-25.161,-0.12,0.12,0.00984,0.0,0.0,0.0,0.0,1.0
219112.0,-0.3448,0.3999,-0.0446,0.678,2.542,-3.878,-160.405,160.485,-50.825,-64.309,67.346,-25.18,-0.12,0.12,-0.089,0.0,0.0,0.0,0.0,1.0
219120.0,-0.4091,0.3836,0.0356,-3.136,0.003,-0.274,-153.42,157.828,-53.104,-64.383,67.418,-25.202,-0.12,0.12,0.00787,0.0,0.0,0.0,0.0,1.0
219128.0,-0.455,0.327,0.1367,-2.719,-0.797,6.451,-155.817,151.74,-49.44,-64.458,67.49,-25.222,-0.12,0.12,0.12,0.0,0.0,0.0,0.0,1.0
219136.0,-0.4319,0.2829,0.1565,0.641,0.45,7.87,-161.513,159.838,-47.669,-64.533,67.563,-25.241,-0.12,0.12,0.12,0.0,0.0,0.0,0.0,1.0
219143.0,-0.4093,0.3812,0.0382,1.793,3.108,1.523,-159.984,161.772,-51.072,-64.607,67.636,-25.26,-0.12,0.12,-0.01217,0.0,0.0,0.0,0.0,1.0
219151.0,-0.3959,0.4388,-0.0313,-0.479,2.937,-3.751,-158.35,157.327,-52.284,-64.683,67.706,-25.282,-0.12,0.12,-0.07279,0.0,0.0,0.0,0.0,1.0
219159.0,-0.4563,0.43,0.0376,-3.506,0.595,-1.764,-153.426,155.523,-47.946,-64.757,67.778,-25.301,-0.12,0.12,-0.0013,0.0,0.0,0.0,0.0,1.0
219167.0,-0.5104,0.3412,0.1782,-3.278,-1.516,5.298,-157.286,153.056,-45.887,-64.831,67.85,-25.318,-0.12,0.12,0.12,0.0,0.0,0.0,0.0,1.0
219175.0,-0.5031,0.3087,0.2026,-0.327,-0.586,7.866,-161.991,161.026,-49.838,-64.906,67.922,-25.336,-0.12,0.12,0.12,0.0,0.0,0.0,0.0,1.0
219182.0,-0.4605,0.3633,0.1067,1.383,1.337,3.811,-157.293,161.525,-52.509,-64.979,67.994,-25.358,-0.12,0.12,0.04245,0.0,0.0,0.0,0.0,1.0
219190.0,-0.4539,0.436,0.0294,-0.371,2.136,-2.74,-157.098,155.325,-48.703,-65.053,68.064,-25.377,-0.12,0.12,-0.03525,0.0,0.0,0.0,0.0,1.0
219198.0,-0.5247,0.4314,0.1046,-4.213,-0.989,-0.847,-153.761,154.788,-46.231,-65.128,68.136,-25.394,-0.12,0.12,0.05576,0.0,0.0,0.0,0.0,1.0
219206.0,-0.5827,0.3608,0.2314,-3.871,-2.603,5.499,-157.646,154.168,-49.528,-65.201,68.207,-25.413,-0.12,0.12,0.12,0.0,0.0,0.0,0.0,1.0
219214.0,-0.6105,0.3117,0.3071,-1.097,-1.454,8.553,-161.458,160.917,-52.085,-65.275,68.277,-25.434,-0.12,0.12,0.12,0.0,0.0,0.0,0.0,1.0
219222.0,-0.5604,0.3568,0.213,0.546,1.105,2.976,-155.737,160.159,-48.438,-65.347,68.349,-25.453,-0.12,0.12,0.06103,0.0,0.0,0.0,0.0,1.0
219229.0,-0.5623,0.4167,0.1566,-0.846,1.712,-3.85,-155.504,152.159,-45.435,-65.421,68.418,-25.469,-0.12,0.12,-0.01105,0.0,0.0,0.0,0.0,1.0
219237.0,-0.6241,0.4166,0.2186,-4.095,-0.013,-4.268,-155.499,155.113,-48.346,-65.496,68.489,-25.487,-0.12,0.12,0.01874,0.0,0.0,0.0,0.0,1.0
219245.0,-0.6969,0.3366,0.3693,-4.901,-2.93,1.99,-158.528,156.732,-52.275,-65.568,68.56,-25.508,-0.12,0.12,0.12,0.0,0.0,0.0,0.0,1.0
219253.0,-0.712,0.2803,0.4392,-2.453,-2.548,6.35,-160.051,159.866,-49.923,-65.64,68.629,-25.528,-0.12,0.12,0.12,0.0,0.0,0.0,0.0,1.0
219261.0,-0.6756,0.3111,0.3728,0.318,-0.873,3.173,-153.293,157.727,-46.649,-65.712,68.701,-25.545,-0.12,0.12,0.11672,0.0,0.0,0.0,0.0,1.0
219269.0,-0.6375,0.3817,0.2659,-0.075,0.084,-4.262,-154.994,150.828,-48.734,-65.786,68.77,-25.563,-0.12,0.12,0.01295,0.0,0.0,0.0,0.0,1.0
219277.0,-0.6688,0.3643,0.3142,-3.526,-2.026,-5.15,-156.058,155.509,-51.656,-65.859,68.84,-25.584,-0.12,0.12,0.03403,0.0,0.0,0.0,0.0,1.0
219284.0,-0.7553,0.3495,0.4151,-4.169,-3.826,1.521,-158.763,158.453,-48.596,-65.931,68.911,-25.603,-0.12,0.12,0.12,0.0,0.0,0.0,0.0,1.0
219292.0,-0.7598,0.2715,0.4956,-0.774,-2.892,6.178,-158.25,158.015,-44.968,-66.003,68.979,-25.619,-0.12,0.12,0.12,0.0,0.0,0.0,0.0,1.0
219300.0,-0.7066,0.3149,0.4,2.485,-0.446,2.905,-152.062,156.035,-47.189,-66.074,69.049,-25.636,-0.12,0.12,0.0963,0.0,0.0,0.0,0.0,1.0
219308.0,-0.6761,0.4022,0.2845,2.499,0.953,-4.004,-155.193,150.82,-51.257,-66.147,69.118,-25.655,-0.12,0.12,-0.00927,0.0,0.0,0.0,0.0,1.0
219316.0,-0.7171,0.4341,0.2945,-0.394,0.482,-6.455,-158.485,157.312,-49.703,-66.221,69.188,-25.675,-0.12,0.12,-0.03344,0.0,0.0,0.0,0.0,1.0
219324.0,-0.7835,0.3761,0.4174,-1.542,-1.654,-1.058,-158.194,159.579,-45.824,-66.292,69.258,-25.692,-0.12,0.12,0.0975,0.0,0.0,0.0,0.0,1.0
219331.0,-0.7988,0.3065,0.5005,0.247,-1.856,4.967,-155.301,153.593,-46.669,-66.363,69.325,-25.708,-0.12,0.12,0.12,0.0,0.0,0.0,0.0,1.0
219339.0,-0.7499,0.2833,0.4742,3.527,-0.625,4.896,-151.198,153.991,-50.552,-66.434,69.395,-25.727,-0.12,0.12,0.12,0.0,0.0,0.0,0.0,1.0
219347.0,-0.6898,0.3256,0.3728,4.514,1.263,-2.208,-156.938,153.292,-49.717,-66.506,69.464,-25.747,-0.12,0.12,0.01494,0.0,0.0,0.0,0.0,1.0
219355.0,-0.7059,0.3537,0.3616,1.241,-0.035,-6.094,-160.402,158.853,-45.207,-66.579,69.532,-25.764,-0.12,0.12,-0.01976,0.0,0.0,0.0,0.0,1.0
219363.0,-0.7364,0.2791,0.4647,-0.342,-2.449,-1.147,-156.084,158.55,-45.408,-66.649,69.601,-25.779,-0.12,0.12,0.09465,0.0,0.0,0.0,0.0,1.0
219370.0,-0.7382,0.1995,0.5441,1.315,-2.966,4.479,-152.597,149.948,-50.093,-66.719,69.668,-25.797,-0.12,0.12,0.12,0.0,0.0,0.0,0.0,1.0
219378.0,-0.6591,0.1891,0.475,4.309,-0.919,2.715,-152.113,154.237,-51.072,-66.791,69.737,-25.818,-0.12,0.12,0.10382,0.0,0.0,0.0,0.0,1.0
219386.0,-0.5795,0.2497,0.3365,4.891,1.041,-3.633,-158.287,156.271,-47.085,-66.862,69.806,-25.836,-0.12,0.12,-0.02429,0.0,0.0,0.0,0.0,1.0
219394.0,-0.566,0.305,0.2691,2.349,1.081,-8.001,-160.653,157.83,-45.853,-66.934,69.873,-25.852,-0.12,0.12,-0.08035,0.0,0.0,0.0,0.0,1.0
219401.0,-0.6034,0.2756,0.3351,-0.379,-1.162,-4.617,-152.498,154.835,-49.366,-67.004,69.941,-25.869,-0.12,0.12,-0.00492,0.0,0.0,0.0,0.0,1.0
219409.0,-0.6196,0.2105,0.4148,-0.636,-2.147,2.439,-151.288,148.534,-50.48,-67.073,70.008,-25.889,-0.12,0.12,0.12,0.0,0.0,0.0,0.0,1.0
219417.0,-0.5711,0.1865,0.3896,2.371,-0.714,5.506,-155.709,156.954,-46.322,-67.145,70.077,-25.907,-0.12,0.12,0.12,0.0,0.0,0.0,0.0,1.0
219425.0,-0.4968,0.2472,0.2561,4.337,2.62,0.099,-158.643,158.782,-43.929,-67.215,70.145,-25.921,-0.12,0.12,0.00246,0.0,0.0,0.0,0.0,1.0
219432.0,-0.4532,0.3066,0.1547,3.422,3.322,-6.029,-157.672,153.006,-47.292,-67.286,70.211,-25.937,-0.12,0.12,-0.08892,0.0,0.0,0.0,0.0,1.0
219440.0,-0.4959,0.2971,0.2066,-0.041,1.057,-3.791,-150.21,151.963,-50.692,-67.355,70.279,-25.957,-0.12,0.12,-0.03472,0.0,0.0,0.0,0.0,1.0
219448.0,-0.5279,0.216,0.3177,0.349,-1.119,3.809,-152.867,151.683,-48.126,-67.425,70.346,-25.975,-0.12,0.12,0.12,0.0,0.0,0.0,0.0,1.0
219456.0,-0.4978,0.1692,0.3331,3.01,0.217,5.838,-158.618,158.18,-44.688,-67.496,70.413,-25.991,-0.12,0.12,0.12,0.0,0.0,0.0,0.0,1.0
219464.0,-0.4244,0.1839,0.2454,4.603,1.978,1.11,-155.639,156.719,-46.272,-67.564,70.48,-26.006,-0.12,0.12,0.01227,0.0,0.0,0.0,0.0,1.0
219471.0,-0.387,0.2352,0.158,2.483,1.749,-4.999,-153.955,148.779,-49.774,-67.634,70.546,-26.025,-0.12,0.12,-0.05055,0.0,0.0,0.0,0.0,1.0
219479.0,-0.4192,0.2144,0.2105,-0.929,-0.361,-4.763,-151.564,153.529,-48.34,-67.705,70.613,-26.043,-0.12,0.12,-0.03053,0.0,0.0,0.0,0.0,1.0
219487.0,-0.4727,0.16,0.317,-2.637,-2.592,1.396,-155.822,156.694,-44.245,-67.774,70.681,-26.059,-0.12,0.12,0.12,0.0,0.0,0.0,0.0,1.0
219494.0,-0.4594,0.1153,0.3472,-0.969,-2.215,6.435,-157.735,154.284,-44.702,-67.843,70.745,-26.073,-0.12,0.12,0.12,0.0,0.0,0.0,0.0,1.0
219502.0,-0.3924,0.1505,0.2459,1.636,0.855,3.614,-150.71,152.634,-49.121,-67.911,70.812,-26.091,-0.12,0.12,0.08315,0.0,0.0,0.0,0.0,1.0
219510.0,-0.3324,0.2335,0.105,2.249,2.67,-3.571,-152.758,149.955,-50.006,-67.981,70.879,-26.11,-0.12,0.12,-0.05677,0.0,0.0,0.0,0.0,1.0
219518.0,-0.3615,0.298,0.0713,-0.855,2.535,-6.041,-155.577,156.643,-46.172,-68.051,70.945,-26.127,-0.12,0.12,-0.09465,0.0,0.0,0.0,0.0,1.0
219526.0,-0.4337,0.2798,0.1613,-2.597,0.805,-1.194,-156.114,156.909,-44.941,-68.119,71.011,-26.142,-0.12,0.12,0.03417,0.0,0.0,0.0,0.0,1.0
219533.0,-0.4621,0.2383,0.2301,-1.357,1.155,7.365,-153.333,148.3,-48.329,-68.186,71.075,-26.159,-0.12,0.12,0.12,0.0,0.0,0.0,0.0,1.0
219541.0,-0.413,0.2378,0.1815,1.568,2.784,5.877,-149.11,152.552,-49.752,-68.255,71.142,-26.177,-0.12,0.12,0.08295,0.0,0.0,0.0,0.0,1.0
219549.0,-0.3703,0.3072,0.0712,1.533,4.274,-0.335,-155.03,154.955,-45.855,-68.324,71.209,-26.194,-0.12,0.12,-0.03098,0.0,0.0,0.0,0.0,1.0
219557.0,-0.3733,0.3311,0.051,-0.864,2.698,-3.551,-158.864,155.455,-43.002,-68.394,71.273,-26.208,-0.12,0.12,-0.03231,0.0,0.0,0.0,0.0,1.0
219564.0,-0.4399,0.3087,0.1394,-3.422,-0.042,0.372,-152.355,152.233,-45.858,-68.46,71.338,-26.223,-0.12,0.12,0.0748,0.0,0.0,0.0,0.0,1.0
219572.0,-0.4752,0.2283,0.253,-2.886,-2.015,7.306,-149.592,147.233,-49.77,-68.527,71.403,-26.241,-0.12,0.12,0.12,0.0,0.0,0.0,0.0,1.0
219580.0,-0.4514,0.2128,0.2443,-0.186,-0.32,8.303,-152.496,155.934,-47.988,-68.596,71.468,-26.259,-0.12,0.12,0.12,0.0,0.0,0.0,0.0,1.0
219588.0,-0.395,0.2685,0.1336,1.321,1.745,1.454,-156.992,156.946,-44.049,-68.664,71.534,-26.274,-0.12,0.12,0.03584,0.0,0.0,0.0,0.0,1.0
219595.0,-0.3936,0.3348,0.0676,-0.392,1.785,-3.955,-156.932,149.497,-44.504,-68.732,71.597,-26.288,-0.12,0.12,-0.01096,0.0,0.0,0.0,0.0,1.0
219603.0,-0.4686,0.3288,0.1484,-3.306,-0.391,-3.095,-148.642,150.414,-48.304,-68.799,71.663,-26.305,-0.12,0.12,0.00528,0.0,0.0,0.0,0.0,1.0
219611.0,-0.5642,0.288,0.2839,-3.887,-1.648,3.607,-150.885,152.65,-48.404,-68.867,71.728,-26.323,-0.12,0.12,0.12,0.0,0.0,0.0,0.0,1.0
219619.0,-0.591,0.2598,0.338,-1.768,-1.036,8.277,-156.782,155.357,-44.416,-68.935,71.791,-26.338,-0.12,0.12,0.12,0.0,0.0,0.0,0.0,1.0
219626.0,-0.5707,0.3086,0.2703,0.914,1.691,4.771,-153.947,152.714,-43.168,-69.001,71.856,-26.352,-0.12,0.12,0.12,0.0,0.0,0.0,0.0,1.0
219634.0,-0.5711,0.3928,0.1886,0.679,2.521,-4.6,-152.019,147.023,-46.681,-69.068,71.92,-26.367,-0.12,0.12,-0.02909,0.0,0.0,0.0,0.0,1.0
219642.0,-0.6321,0.4188,0.2243,-2.181,0.428,-4.614,-150.051,153.898,-49.357,-69.136,71.985,-26.385,-0.12,0.12,-0.03197,0.0,0.0,0.0,0.0,1.0
219650.0,-0.7046,0.362,0.3522,-2.791,-2.344,2.045,-154.322,156.039,-46.722,-69.203,72.049,-26.402,-0.12,0.12,0.12,0.0,0.0,0.0,0.0,1.0
219658.0,-0.728,0.2985,0.4374,-0.942,-2.079,6.378,-155.923,148.778,-44.0,-69.269,72.111,-26.417,-0.12,0.12,0.12,0.0,0.0,0.0,0.0,1.0
219665.0,-0.6702,0.3066,0.3718,1.914,-0.457,4.015,-148.661,150.519,-45.873,-69.335,72.176,-26.432,-0.12,0.12,0.12,0.0,0.0,0.0,0.0,1.0
219673.0,-0.6134,0.3566,0.2663,2.277,0.704,-2.266,-151.384,151.977,-48.757,-69.402,72.241,-26.449,-0.12,0.12,-0.00825,0.0,0.0,0.0,0.0,1.0
219681.0,-0.6243,0.3859,0.2486,0.203,0.007,-6.155,-155.459,154.94,-46.817,-69.47,72.303,-26.466,-0.12,0.12,-0.04208,0.0,0.0,0.0,0.0,1.0
219688.0,-0.686,0.3587,0.3369,-2.133,-2.079,-1.839,-153.67,151.682,-42.931,-69.535,72.367,-26.48,-0.12,0.12,0.0971,0.0,0.0,0.0,0.0,1.0
219696.0,-0.7261,0.3021,0.4321,-1.625,-2.754,5.094,-150.107,145.394,-43.21,-69.6,72.429,-26.493,-0.12,0.12,0.12,0.0,0.0,0.0,0.0,1.0
219704.0,-0.7005,0.2833,0.4248,1.399,-0.656,5.892,-148.434,154.105,-47.274,-69.667,72.493,-26.509,-0.12,0.12,0.12,0.0,0.0,0.0,0.0,1.0
219712.0,-0.6277,0.3336,0.303,3.256,1.571,0.328,-154.907,155.642,-48.392,-69.733,72.557,-26.526,-0.12,0.12,0.02715,0.0,0.0,0.0,0.0,1.0
219720.0,-0.6026,0.3856,0.2272,2.063,1.671,-5.45,-157.273,148.813,-44.82,-69.8,72.618,-26.542,-0.12,0.12,-0.01852,0.0,0.0,0.0,0.0,1.0
219727.0,-0.6581,0.3704,0.2975,-1.154,-0.951,-2.36,-148.798,148.912,-42.722,-69.865,72.681,-26.555,-0.12,0.12,0.04773,0.0,0.0,0.0,0.0,1.0
219735.0,-0.7167,0.3002,0.4245,-1.389,-2.325,3.795,-148.168,150.995,-45.292,-69.93,72.745,-26.569,-0.12,0.12,0.12,0.0,0.0,0.0,0.0,1.0
219743.0,-0.7101,0.2521,0.4648,0.885,-1.195,6.31,-153.671,153.979,-48.256,-69.996,72.806,-26.586,-0.12,0.12,0.12,0.0,0.0,0.0,0.0,1.0
219751.0,-0.6528,0.2604,0.3994,2.867,0.538,1.643,-154.425,151.247,-46.04,-70.061,72.869,-26.602,-0.12,0.12,0.10639,0.0,0.0,0.0,0.0,1.0
219759.0,-0.615,0.3081,0.315,1.898,0.867,-5.117,-152.901,145.535,-42.227,-70.127,72.931,-26.615,-0.12,0.12,0.00656,0.0,0.0,0.0,0.0,1.0
219766.0,-0.6584,0.3112,0.3554,-1.032,-1.126,-5.374,-147.085,152.63,-43.046,-70.192,72.994,-26.628,-0.12,0.12,-0.02343,0.0,0.0,0.0,0.0,1.0
219774.0,-0.7239,0.2523,0.4784,-2.188,-3.001,0.194,-151.268,154.667,-47.281,-70.256,73.057,-26.644,-0.12,0.12,0.12,0.0,0.0,0.0,0.0,1.0
219782.0,-0.7276,0.1956,0.5372,-0.657,-3.026,4.924,-155.631,147.279,-48.128,-70.321,73.116,-26.661,-0.12,0.12,0.12,0.0,0.0,0.0,0.0,1.0
219790.0,-0.654,0.1924,0.4668,1.897,-0.728,3.668,-149.159,149.104,-44.635,-70.385,73.179,-26.676,-0.12,0.12,0.12,0.0,0.0,0.0,0.0,1.0
219798.0,-0.5843,0.2333,0.3572,3.035,0.998,-3.425,-149.457,150.979,-43.016,-70.45,73.242,-26.689,-0.12,0.12,-0.02074,0.0,0.0,0.0,0.0,1.0
219805.0,-0.5919,0.2817,0.3177,1.13,0.713,-7.684,-152.108,153.324,-45.713,-70.516,73.303,-26.704,-0.12,0.12,-0.07738,0.0,0.0,0.0,0.0,1.0
219813.0,-0.6554,0.2476,0.4144,-1.336,-2.412,-1.987,-153.207,149.741,-47.821,-70.58,73.364,-26.72,-0.12,0.12,0.11096,0.0,0.0,0.0,0.0,1.0
219821.0,-0.6995,0.1894,0.5152,-0.533,-2.521,4.824,-150.075,144.586,-45.018,-70.643,73.425,-26.736,-0.12,0.12,0.12,0.0,0.0,0.0,0.0,1.0
219828.0,-0.6666,0.171,0.5002,2.447,-0.45,4.214,-146.412,153.477,-41.564,-70.707,73.487,-26.748,-0.12,0.12,0.12,0.0,0.0,0.0,0.0,1.0
219836.0,-0.5869,0.2006,0.3917,3.788,1.772,-1.781,-152.861,153.922,-42.673,-70.772,73.549,-26.761,-0.12,0.12,0.0041,0.0,0.0,0.0,0.0,1.0
219844.0,-0.5497,0.2405,0.3155,2.644,1.199,-6.936,-156.055,145.765,-46.682,-70.837,73.608,-26.776,-0.12,0.12,-0.01799,0.0,0.0,0.0,0.0,1.0
219852.0,-0.5933,0.2299,0.3695,-0.032,-0.359,-5.027,-148.002,148.245,-47.156,-70.9,73.67,-26.792,-0.12,0.12,-0.00262,0.0,0.0,0.0,0.0,1.0
219860.0,-0.6327,0.1781,0.4594,-0.495,-2.159,1.992,-146.793,151.625,-43.586,-70.963,73.732,-26.806,-0.12,0.12,0.12,0.0,0.0,0.0,0.0,1.0
219867.0,-0.6009,0.1291,0.4754,1.358,-0.959,6.128,-152.212,150.671,-41.928,-71.028,73.79,-26.819,-0.12,0.12,0.12,0.0,0.0,0.0,0.0,1.0
219875.0,-0.5043,0.1376,0.3703,3.419,1.414,2.011,-153.322,148.419,-44.565,-71.09,73.852,-26.832,-0.12,0.12,0.10481,0.0,0.0,0.0,0.0,1.0
219883.0,-0.4253,0.18,0.2502,2.832,2.415,-3.477,-151.036,146.355,-47.127,-71.154,73.912,-26.848,-0.12,0.12,-0.01947,0.0,0.0,0.0,0.0,1.0
219890.0,-0.4358,0.1984,0.2427,0.383,1.502,-5.507,-146.435,153.092,-44.815,-71.218,73.973,-26.863,-0.12,0.12,-0.08888,0.0,0.0,0.0,0.0,1.0
219898.0,-0.4987,0.1698,0.3335,-1.714,-0.252,-0.599,-151.352,151.478,-41.342,-71.281,74.033,-26.875,-0.12,0.12,0.08567,0.0,0.0,0.0,0.0,1.0
219906.0,-0.5077,0.1076,0.4031,-1.869,-0.743,6.602,-153.813,142.912,-42.125,-71.344,74.091,-26.887,-0.12,0.12,0.12,0.0,0.0,0.0,0.0,1.0
219914.0,-0.4489,0.0999,0.3517,1.682,2.254,5.446,-146.568,150.157,-46.164,-71.406,74.152,-26.901,-0.12,0.12,0.11482,0.0,0.0,0.0,0.0,1.0
219922.0,-0.3836,0.1504,0.2372,2.291,3.909,-1.893,-148.716,152.819,-47.229,-71.47,74.213,-26.918,-0.12,0.12,-0.0533,0.0,0.0,0.0,0.0,1.0
219929.0,-0.3893,0.205,0.1897,0.72,2.975,-4.991,-152.533,148.054,-43.888,-71.534,74.271,-26.932,-0.12,0.12,-0.04106,0.0,0.0,0.0,0.0,1.0
219937.0,-0.4593,0.2092,0.2558,-2.385,0.4,-1.425,-151.253,146.455,-41.997,-71.596,74.331,-26.944,-0.12,0.12,0.08473,0.0,0.0,0.0,0.0,1.0
219945.0,-0.5232,0.1709,0.3569,-2.63,-0.083,5.011,-147.24,147.596,-44.452,-71.657,74.392,-26.958,-0.12,0.12,0.12,0.0,0.0,0.0,0.0,1.0
219953.0,-0.5125,0.1536,0.3631,-0.892,1.152,7.536,-146.479,152.194,-46.998,-71.72,74.45,-26.973,-0.12,0.12,0.12,0.0,0.0,0.0,0.0,1.0
219960.0,-0.4543,0.1918,0.2676,1.262,3.597,2.197,-152.894,149.213,-44.717,-71.782,74.51,-26.988,-0.12,0.12,0.08044,0.0,0.0,0.0,0.0,1.0
219968.0,-0.4327,0.2634,0.1763,0.768,3.609,-4.192,-153.984,143.401,-40.924,-71.846,74.568,-27.0,-0.12,0.12,0.00079,0.0,0.0,0.0,0.0,1.0
219976.0,-0.4964,0.302,0.2024,-1.688,1.473,-4.252,-145.096,150.801,-41.142,-71.907,74.628,-27.011,-0.12,0.12,-0.05169,0.0,0.0,0.0,0.0,1.0
219984.0,-0.5876,0.281,0.3141,-2.858,-0.581,0.875,-146.78,152.107,-45.089,-71.968,74.688,-27.025,-0.12,0.12,0.08551,0.0,0.0,0.0,0.0,1.0
219992.0,-0.6129,0.245,0.3745,-1.694,-1.155,5.571,-153.07,143.569,-46.727,-72.031,74.744,-27.04,-0.12,0.12,0.12,0.0,0.0,0.0,0.0,1.0
219999.0,-0.5566,0.2455,0.3176,1.664,1.001,3.228,-149.98,147.595,-43.613,-72.092,74.804,-27.054,-0.12,0.12,0.11926,0.0,0.0,0.0,0.0,1.0
220007.0,-0.5047,0.2888,0.2235,2.123,1.54,-3.584,-147.883,150.689,-40.849,-72.154,74.864,-27.066,-0.12,0.12,-0.05311,0.0,0.0,0.0,0.0,1.0
220015.0,-0.5239,0.3331,0.1997,0.058,0.578,-5.843,-147.512,149.27,-42.382,-72.217,74.921,-27.078,-0.12,0.12,-0.06363,0.0,0.0,0.0,0.0,1.0
220023.0,-0.6015,0.3343,0.2761,-2.224,-1.935,-0.835,-151.425,145.971,-45.696,-72.277,74.98,-27.092,-0.12,0.12,0.11902,0.0,0.0,0.0,0.0,1.0
220030.0,-0.6605,0.2991,0.3694,-1.737,-2.212,4.768,-149.841,144.753,-45.22,-72.338,75.038,-27.107,-0.12,0.12,0.12,0.0,0.0,0.0,0.0,1.0
220038.0,-0.626,0.2901,0.3435,0.605,-0.593,4.825,-143.913,151.742,-41.581,-72.399,75.096,-27.119,-0.12,0.12,0.11452,0.0,0.0,0.0,0.0,1.0
220046.0,-0.5487,0.3122,0.2448,2.697,1.22,-0.454,-149.705,149.554,-40.376,-72.46,75.154,-27.13,-0.12,0.12,0.01919,0.0,0.0,0.0,0.0,1.0
220054.0,-0.5255,0.3549,0.1799,2.364,1.051,-6.93,-153.975,142.125,-43.261,-72.523,75.211,-27.142,-0.12,0.12,-0.03063,0.0,0.0,0.0,0.0,1.0
220062.0,-0.5868,0.3671,0.2294,-0.712,-1.358,-6.308,-146.521,148.601,-46.227,-72.582,75.27,-27.157,-0.12,0.12,-0.04632,0.0,0.0,0.0,0.0,1.0
220069.0,-0.6599,0.3343,0.3345,-2.077,-3.174,-0.167,-144.507,151.478,-44.658,-72.642,75.328,-27.171,-0.12,0.12,0.07695,0.0,0.0,0.0,0.0,1.0
220077.0,-0.6582,0.2778,0.3879,-0.956,-2.749,3.89,-149.458,143.808,-41.569,-72.704,75.383,-27.183,-0.12,0.12,0.12,0.0,0.0,0.0,0.0,1.0
220085.0,-0.5762,0.2527,0.3302,1.433,-1.649,2.305,-151.571,146.181,-41.864,-72.764,75.442,-27.195,-0.12,0.12,0.12,0.0,0.0,0.0,0.0,1.0
220093.0,-0.4948,0.2827,0.2196,2.131,-0.641,-5.85,-149.723,148.207,-44.929,-72.825,75.501,-27.208,-0.12,0.12,-0.04978,0.0,0.0,0.0,0.0,1.0
220101.0,-0.4909,0.3113,0.1879,0.598,-1.706,-7.693,-143.828,149.75,-45.27,-72.885,75.557,-27.223,-0.12,0.12,-0.10735,0.0,0.0,0.0,0.0,1.0
220109.0,-0.5361,0.2903,0.2535,-1.5,-3.846,-2.398,-148.729,145.868,-41.827,-72.945,75.614,-27.235,-0.12,0.12,0.08389,0.0,0.0,0.0,0.0,1.0
220116.0,-0.5465,0.2265,0.3261,-0.798,-3.801,4.044,-152.039,142.096,-39.6,-73.006,75.671,-27.246,-0.12,0.12,0.12,0.0,0.0,0.0,0.0,1.0
220124.0,-0.4814,0.2034,0.2834,1.769,-1.143,4.104,-144.483,150.838,-41.71,-73.064,75.728,-27.256,-0.12,0.12,0.09246,0.0,0.0,0.0,0.0,1.0
220132.0,-0.3964,0.2398,0.163,2.965,0.732,-0.341,-146.572,149.707,-45.161,-73.125,75.785,-27.27,-0.12,0.12,-0.01709,0.0,0.0,0.0,0.0,1.0
220140.0,-0.3703,0.2867,0.0912,2.217,1.195,-6.187,-151.22,141.313,-44.751,-73.187,75.841,-27.284,-0.12,0.12,-0.04847,0.0,0.0,0.0,0.0,1.0
220147.0,-0.424,0.2863,0.1453,-0.927,-0.603,-4.521,-148.915,146.805,-41.261,-73.245,75.898,-27.296,-0.12,0.12,-0.01128,0.0,0.0,0.0,0.0,1.0
220155.0,-0.489,0.24,0.2554,-2.691,-1.98,2.319,-144.527,150.272,-40.081,-73.303,75.955,-27.307,-0.12,0.12,0.10883,0.0,0.0,0.0,0.0,1.0
220163.0,-0.4859,0.1861,0.3048,-1.195,-0.677,6.39,-144.973,143.993,-42.739,-73.363,76.009,-27.318,-0.12,0.12,0.12,0.0,0.0,0.0,0.0,1.0
220171.0,-0.4115,0.1761,0.2401,1.554,1.69,2.014,-151.051,144.856,-45.194,-73.422,76.067,-27.332,-0.12,0.12,0.09917,0.0,0.0,0.0,0.0,1.0
220179.0,-0.3476,0.1951,0.1577,1.573,1.526,-3.338,-150.904,147.169,-43.189,-73.483,76.124,-27.345,-0.12,0.12,-0.02032,0.0,0.0,0.0,0.0,1.0
220186.0,-0.3692,0.2224,0.1527,-0.877,0.615,-5.369,-142.636,148.711,-39.675,-73.541,76.179,-27.356,-0.12,0.12,-0.083,0.0,0.0,0.0,0.0,1.0
220194.0,-0.4431,0.2061,0.2424,-3.095,-1.873,0.184,-146.288,144.836,-39.662,-73.6,76.235,-27.366,-0.12,0.12,0.11572,0.0,0.0,0.0,0.0,1.0
220202.0,-0.4853,0.1536,0.3359,-3.095,-2.335,6.036,-151.502,141.869,-43.203,-73.659,76.291,-27.377,-0.12,0.12,0.12,0.0,0.0,0.0,0.0,1.0
220209.0,-0.4455,0.1352,0.3139,-0.71,0.034,5.723,-144.88,149.983,-45.49,-73.716,76.346,-27.392,-0.12,0.12,0.12,0.0,0.0,0.0,0.0,1.0
220217.0,-0.3803,0.1744,0.2106,0.411,1.355,0.638,-145.378,148.022,-43.233,-73.776,76.402,-27.405,-0.12,0.12,0.03024,0.0,0.0,0.0,0.0,1.0
220225.0,-0.3711,0.2085,0.1681,0.387,1.502,-5.088,-149.34,140.238,-40.264,-73.836,76.457,-27.416,-0.12,0.12,-0.00449,0.0,0.0,0.0,0.0,1.0
220233.0,-0.4494,0.2416,0.2142,-2.331,-0.224,-4.132,-148.581,146.865,-41.063,-73.894,76.513,-27.426,-0.12,0.12,0.0164,0.0,0.0,0.0,0.0,1.0
220241.0,-0.5296,0.228,0.3077,-3.746,-1.211,1.97,-144.302,149.58,-44.165,-73.951,76.569,-27.439,-0.12,0.12,0.11645,0.0,0.0,0.0,0.0,1.0
220248.0,-0.5466,0.1882,0.3634,-2.484,-0.343,5.866,-143.97,141.223,-44.352,-74.01,76.621,-27.453,-0.12,0.12,0.12,0.0,0.0,0.0,0.0,1.0
220256.0,-0.4849,0.1982,0.292,0.095,1.393,3.876,-150.204,144.8,-40.849,-74.068,76.677,-27.464,-0.12,0.12,0.12,0.0,0.0,0.0,0.0,1.0
220264.0,-0.417,0.2235,0.1994,1.637,2.624,-2.068,-150.036,148.168,-38.462,-74.127,76.734,-27.473,-0.12,0.12,-0.00855,0.0,0.0,0.0,0.0,1.0
220272.0,-0.4491,0.2658,0.1903,-0.82,1.049,-5.542,-141.736,145.805,-40.303,-74.184,76.787,-27.483,-0.12,0.12,-0.07116,0.0,0.0,0.0,0.0,1.0
220279.0,-0.5395,0.2669,0.2796,-3.07,-1.36,0.175,-145.697,142.806,-43.965,-74.242,76.842,-27.496,-0.12,0.12,0.12,0.0,0.0,0.0,0.0,1.0
220287.0,-0.6009,0.239,0.3683,-2.843,-1.521,5.289,-150.686,143.555,-44.182,-74.3,76.897,-27.509,-0.12,0.12,0.12,0.0,0.0,0.0,0.0,1.0
220295.0,-0.5838,0.21,0.3794,-0.673,-0.185,5.588,-143.662,148.397,-40.925,-74.356,76.95,-27.521,-0.12,0.12,0.12,0.0,0.0,0.0,0.0,1.0
220303.0,-0.5174,0.2244,0.299,1.094,1.094,0.639,-144.491,145.369,-38.977,-74.414,77.005,-27.53,-0.12,0.12,0.05785,0.0,0.0,0.0,0.0,1.0
220310.0,-0.5027,0.2581,0.2515,1.491,0.81,-5.606,-148.673,140.224,-40.803,-74.473,77.059,-27.54,-0.12,0.12,-0.0046,0.0,0.0,0.0,0.0,1.0
220318.0,-0.5727,0.2793,0.3008,-1.06,-1.553,-5.026,-147.319,148.048,-43.612,-74.529,77.114,-27.552,-0.12,0.12,0.00219,0.0,0.0,0.0,0.0,1.0
220326.0,-0.6474,0.2534,0.4008,-2.191,-2.699,0.316,-142.819,147.553,-42.975,-74.585,77.168,-27.565,-0.12,0.12,0.10958,0.0,0.0,0.0,0.0,1.0
220334.0,-0.6705,0.2091,0.467,-0.902,-2.424,4.567,-143.927,138.326,-39.684,-74.643,77.22,-27.575,-0.12,0.12,0.12,0.0,0.0,0.0,0.0,1.0
220341.0,-0.598,0.1778,0.425,1.718,-1.062,3.334,-149.567,145.99,-38.443,-74.7,77.275,-27.584,-0.12,0.12,0.12,0.0,0.0,0.0,0.0,1.0
220349.0,-0.5228,0.2017,0.3265,3.365,0.578,-2.808,-148.51,148.631,-40.829,-74.758,77.33,-27.594,-0.12,0.12,-0.00713,0.0,0.0,0.0,0.0,1.0
220357.0,-0.5255,0.2419,0.29,1.965,-0.146,-6.815,-140.976,141.418,-43.907,-74.814,77.382,-27.607,-0.12,0.12,-0.06759,0.0,0.0,0.0,0.0,1.0
220365.0,-0.5881,0.2545,0.3404,-0.019,-1.85,-4.713,-145.663,142.45,-43.207,-74.871,77.436,-27.619,-0.12,0.12,0.03176,0.0,0.0,0.0,0.0,1.0
220372.0,-0.6296,0.2275,0.4082,-1.041,-1.966,2.345,-149.636,146.254,-40.181,-74.927,77.49,-27.63,-0.12,0.12,0.12,0.0,0.0,0.0,0.0,1.0
220380.0,-0.5946,0.1965,0.4034,0.679,-0.552,3.757,-141.972,144.386,-39.328,-74.982,77.541,-27.64,-0.12,0.12,0.12,0.0,0.0,0.0,0.0,1.0
220388.0,-0.498,0.1913,0.3119,3.502,1.471,-0.877,-144.295,142.44,-41.634,-75.039,77.595,-27.65,-0.12,0.12,0.02352,0.0,0.0,0.0,0.0,1.0
220396.0,-0.4405,0.2199,0.2264,3.44,1.341,-6.712,-149.31,142.982,-43.567,-75.098,77.649,-27.663,-0.12,0.12,-0.06269,0.0,0.0,0.0,0.0,1.0
220403.0,-0.4713,0.2411,0.2366,1.112,-0.508,-6.657,-145.144,147.258,-41.68,-75.152,77.702,-27.674,-0.12,0.12,-0.07278,0.0,0.0,0.0,0.0,1.0
220411.0,-0.541,0.2202,0.3266,-0.535,-1.398,-2.007,-141.3,143.41,-38.397,-75.207,77.754,-27.684,-0.12,0.12,0.04661,0.0,0.0,0.0,0.0,1.0
220419.0,-0.5446,0.1756,0.3737,-0.936,-1.512,3.583,-144.862,138.544,-37.991,-75.264,77.807,-27.692,-0.12,0.12,0.12,0.0,0.0,0.0,0.0,1.0
220427.0,-0.4612,0.1337,0.3311,1.349,0.29,2.878,-148.419,147.514,-40.952,-75.319,77.86,-27.702,-0.12,0.12,0.11745,0.0,0.0,0.0,0.0,1.0
220434.0,-0.3748,0.1454,0.2333,2.952,1.617,-1.849,-145.797,146.156,-43.384,-75.376,77.913,-27.714,-0.12,0.12,-0.01869,0.0,0.0,0.0,0.0,1.0
220442.0,-0.3315,0.1685,0.1674,2.757,1.035,-6.147,-141.019,137.964,-41.912,-75.432,77.964,-27.726,-0.12,0.12,-0.07734,0.0,0.0,0.0,0.0,1.0
220450.0,-0.3899,0.1921,0.2028,0.423,-0.701,-5.459,-146.479,145.01,-38.762,-75.487,78.017,-27.735,-0.12,0.12,-0.02976,0.0,0.0,0.0,0.0,1.0
220458.0,-0.4591,0.1866,0.2774,-1.632,-1.319,0.492,-147.039,147.132,-38.228,-75.542,78.07,-27.743,-0.12,0.12,0.10224,0.0,0.0,0.0,0.0,1.0
220466.0,-0.4376,0.1461,0.2954,0.015,-0.435,4.832,-139.658,138.179,-40.868,-75.596,78.119,-27.753,-0.12,0.12,0.12,0.0,0.0,0.0,0.0,1.0
220473.0,-0.3552,0.1426,0.2164,2.18,1.912,0.953,-145.059,143.07,-43.035,-75.652,78.173,-27.765,-0.12,0.12,0.04327,0.0,0.0,0.0,0.0,1.0
220481.0,-0.2893,0.1703,0.1235,2.756,1.813,-3.646,-149.729,146.375,-41.095,-75.709,78.226,-27.776,-0.12,0.12,-0.04652,0.0,0.0,0.0,0.0,1.0
220489.0,-0.3098,0.2292,0.0866,0.773,1.45,-5.74,-142.244,142.218,-37.803,-75.762,78.276,-27.785,-0.12,0.12,-0.08874,0.0,0.0,0.0,0.0,1.0
220497.0,-0.4015,0.2442,0.1637,-1.838,-0.015,-1.24,-140.453,140.496,-37.509,-75.816,78.328,-27.793,-0.12,0.12,0.03879,0.0,0.0,0.0,0.0,1.0
220504.0,-0.429,0.2195,0.2153,-2.382,-0.14,4.08,-146.802,143.298,-40.529,-75.872,78.38,-27.802,-0.12,0.12,0.12,0.0,0.0,0.0,0.0,1.0
220512.0,-0.3872,0.1863,0.2059,-0.516,0.999,5.303,-145.634,144.47,-43.232,-75.925,78.43,-27.814,-0.12,0.12,0.12,0.0,0.0,0.0,0.0,1.0
220520.0,-0.2986,0.1835,0.12,1.392,2.14,1.514,-142.77,141.31,-41.903,-75.98,78.482,-27.826,-0.12,0.12,0.03527,0.0,0.0,0.0,0.0,1.0
220528.0,-0.2654,0.216,0.0551,2.265,1.951,-4.033,-142.784,140.395,-38.83,-76.036,78.534,-27.835,-0.12,0.12,-0.07035,0.0,0.0,0.0,0.0,1.0
220535.0,-0.3262,0.2597,0.0734,-0.426,-0.161,-3.986,-146.331,146.198,-38.301,-76.09,78.584,-27.844,-0.12,0.12,-0.03563,0.0,0.0,0.0,0.0,1.0
220543.0,-0.4149,0.2641,0.1579,-2.88,-1.072,0.119,-143.135,142.435,-40.83,-76.143,78.635,-27.853,-0.12,0.12,0.08221,0.0,0.0,0.0,0.0,1.0
220551.0,-0.4321,0.2316,0.2067,-2.354,-0.727,5.907,-139.557,136.558,-42.71,-76.197,78.686,-27.865,-0.12,0.12,0.12,0.0,0.0,0.0,0.0,1.0
220559.0,-0.3764,0.2042,0.1776,0.046,0.812,4.506,-146.325,145.996,-40.589,-76.251,78.737,-27.876,-0.12,0.12,0.11736,0.0,0.0,0.0,0.0,1.0
220567.0,-0.3084,0.2153,0.0988,2.099,1.672,-0.945,-147.98,144.922,-37.328,-76.306,78.788,-27.884,-0.12,0.12,0.00083,0.0,0.0,0.0,0.0,1.0
220574.0,-0.3123,0.2635,0.0558,0.769,1.132,-4.254,-138.877,136.534,-36.831,-76.359,78.837,-27.891,-0.12,0.12,-0.05422,0.0,0.0,0.0,0.0,1.0
220582.0,-0.3901,0.296,0.1019,-0.896,-0.322,-2.509,-142.164,143.483,-39.673,-76.413,78.889,-27.9,-0.12,0.12,-0.00989,0.0,0.0,0.0,0.0,1.0
220590.0,-0.4671,0.2857,0.1889,-2.127,-0.829,3.035,-147.689,145.612,-42.392,-76.467,78.94,-27.911,-0.12,0.12,0.12,0.0,0.0,0.0,0.0,1.0
220598.0,-0.4598,0.2401,0.226,-1.056,-0.13,5.81,-140.485,136.314,-41.314,-76.518,78.987,-27.922,-0.12,0.12,0.12,0.0,0.0,0.0,0.0,1.0
220605.0,-0.3915,0.2186,0.1787,1.718,1.235,2.94,-141.595,141.947,-38.15,-76.572,79.039,-27.931,-0.12,0.12,0.06824,0.0,0.0,0.0,0.0,1.0
220613.0,-0.3453,0.225,0.1262,2.69,1.15,-2.07,-146.592,145.57,-37.044,-76.628,79.09,-27.938,-0.12,0.12,-0.02574,0.0,0.0,0.0,0.0,1.0
220621.0,-0.372,0.2563,0.1225,1.441,0.143,-4.889,-143.386,140.009,-39.189,-76.679,79.138,-27.946,-0.12,0.12,-0.04263,0.0,0.0,0.0,0.0,1.0
220629.0,-0.457,0.2733,0.1909,-1.157,-1.589,-2.039,-139.257,139.25,-41.566,-76.731,79.189,-27.957,-0.12,0.12,0.03504,0.0,0.0,0.0,0.0,1.0
220637.0,-0.5049,0.2416,0.2697,-1.808,-2.104,2.721,-142.53,143.056,-40.78,-76.785,79.24,-27.968,-0.12,0.12,0.12,0.0,0.0,0.0,0.0,1.0
220644.0,-0.4599,0.188,0.2769,0.172,-0.904,3.664,-146.217,141.667,-37.722,-76.838,79.287,-27.976,-0.12,0.12,0.12,0.0,0.0,0.0,0.0,1.0
220652.0,-0.3744,0.1627,0.216,2.139,-0.592,-0.518,-143.337,139.465,-36.376,-76.891,79.337,-27.983,-0.12,0.12,0.05524,0.0,0.0,0.0,0.0,1.0
220660.0,-0.3414,0.1901,0.1563,2.263,-0.665,-5.432,-139.368,140.808,-38.247,-76.944,79.388,-27.991,-0.12,0.12,-0.07451,0.0,0.0,0.0,0.0,1.0
220668.0,-0.3901,0.228,0.1682,0.018,-2.07,-5.8,-144.766,143.931,-41.313,-76.996,79.436,-28.001,-0.12,0.12,-0.03282,0.0,0.0,0.0,0.0,1.0
220675.0,-0.4652,0.246,0.2257,-2.396,-2.787,-1.505,-143.915,139.574,-41.552,-77.048,79.485,-28.012,-0.12,0.12,0.09987,0.0,0.0,0.0,0.0,1.0
220683.0,-0.4597,0.2037,0.2614,-2.209,-2.562,2.523,-137.58,137.399,-38.928,-77.1,79.534,-28.021,-0.12,0.12,0.12,0.0,0.0,0.0,0.0,1.0
220691.0,-0.3837,0.1658,0.2224,0.052,-1.173,2.784,-143.267,144.854,-37.105,-77.152,79.583,-28.028,-0.12,0.12,0.10422,0.0,0.0,0.0,0.0,1.0
220699.0,-0.2974,0.1681,0.1338,2.359,-0.256,-1.92,-147.581,142.408,-38.611,-77.206,79.632,-28.036,-0.12,0.12,0.01686,0.0,0.0,0.0,0.0,1.0
220707.0,-0.2924,0.2141,0.084,2.198,-0.617,-5.309,-139.014,135.32,-41.072,-77.257,79.68,-28.046,-0.12,0.12,-0.05817,0.0,0.0,0.0,0.0,1.0
220715.0,-0.3519,0.2621,0.0968,0.429,-1.052,-4.796,-139.14,143.334,-40.749,-77.308,79.73,-28.057,-0.12,0.12,-0.07281,0.0,0.0,0.0,0.0,1.0
220722.0,-0.4051,0.2501,0.1617,-1.642,-1.024,1.37,-145.985,143.323,-37.785,-77.361,79.778,-28.065,-0.12,0.12,0.10731,0.0,0.0,0.0,0.0,1.0
220730.0,-0.3802,0.2043,0.1813,-0.664,-0.076,4.307,-141.456,133.99,-35.658,-77.411,79.825,-28.072,-0.12,0.12,0.12,0.0,0.0,0.0,0.0,1.0
220738.0,-0.2971,0.1643,0.1372,2.188,1.167,2.008,-139.964,142.477,-36.912,-77.463,79.874,-28.078,-0.12,0.12,0.02751,0.0,0.0,0.0,0.0,1.0
220746.0,-0.24,0.1696,0.0749,3.001,1.312,-1.91,-143.645,144.265,-40.009,-77.517,79.924,-28.087,-0.12,0.12,-0.04967,0.0,0.0,0.0,0.0,1.0
220753.0,-0.2582,0.2108,0.053,1.751,0.635,-4.317,-143.251,135.473,-41.129,-77.567,79.97,-28.098,-0.12,0.12,-0.02967,0.0,0.0,0.0,0.0,1.0
220761.0,-0.3415,0.2273,0.1202,-0.652,-0.325,-0.954,-138.408,139.754,-38.924,-77.617,80.019,-28.107,-0.12,0.12,0.01713,0.0,0.0,0.0,0.0,1.0
220769.0,-0.3826,0.1938,0.1939,-1.832,-0.61,3.26,-140.362,143.708,-36.337,-77.669,80.068,-28.114,-0.12,0.12,0.10816,0.0,0.0,0.0,0.0,1.0
220777.0,-0.3441,0.1371,0.2107,-0.77,0.251,5.248,-144.997,136.032,-36.575,-77.72,80.113,-28.12,-0.12,0.12,0.12,0.0,0.0,0.0,0.0,1.0
220785.0,-0.2451,0.1016,0.1463,1.583,1.26,2.626,-142.353,139.048,-39.114,-77.771,80.161,-28.129,-0.12,0.12,0.07807,0.0,0.0,0.0,0.0,1.0
220792.0,-0.1942,0.1207,0.0767,2.839,1.518,-2.907,-137.794,143.091,-40.689,-77.823,80.211,-28.138,-0.12,0.12,-0.09521,0.0,0.0,0.0,0.0,1.0
220800.0,-0.2341,0.1805,0.0584,0.812,0.534,-4.758,-143.354,138.43,-38.844,-77.873,80.256,-28.148,-0.12,0.12,-0.04213,0.0,0.0,0.0,0.0,1.0
220808.0,-0.3203,0.2249,0.1013,-1.453,0.054,-2.646,-142.321,137.288,-35.949,-77.923,80.304,-28.154,-0.12,0.12,0.02939,0.0,0.0,0.0,0.0,1.0
220815.0,-0.3734,0.2275,0.1519,-2.786,-0.127,2.357,-136.212,141.289,-35.463,-77.973,80.352,-28.16,-0.12,0.12,0.07779,0.0,0.0,0.0,0.0,1.0
220823.0,-0.3371,0.2003,0.1422,-0.431,0.763,3.763,-143.29,139.287,-37.819,-78.024,80.397,-28.167,-0.12,0.12,0.12,0.0,0.0,0.0,0.0,1.0
220831.0,-0.2683,0.1837,0.0895,1.559,1.093,0.808,-145.793,137.55,-40.622,-78.076,80.445,-28.177,-0.12,0.12,0.06626,0.0,0.0,0.0,0.0,1.0
220839.0,-0.2535,0.2073,0.0516,1.099,0.395,-3.003,-136.365,139.745,-40.205,-78.125,80.493,-28.187,-0.12,0.12,-0.06616,0.0,0.0,0.0,0.0,1.0
220846.0,-0.3222,0.2536,0.0753,-1.058,-0.126,-3.178,-139.539,141.17,-37.579,-78.175,80.539,-28.195,-0.12,0.12,-0.02822,0.0,0.0,0.0,0.0,1.0
220854.0,-0.3997,0.2662,0.1406,-3.602,-1.288,0.845,-145.095,136.883,-36.054,-78.225,80.586,-28.201,-0.12,0.12,0.12,0.0,0.0,0.0,0.0,1.0
220862.0,-0.4079,0.2162,0.1974,-3.21,-0.966,4.888,-137.559,137.273,-37.452,-78.274,80.633,-28.208,-0.12,0.12,0.12,0.0,0.0,0.0,0.0,1.0
220870.0,-0.3429,0.1484,0.1984,-1.562,-0.466,4.959,-139.489,141.946,-39.854,-78.324,80.678,-28.217,-0.12,0.12,0.12,0.0,0.0,0.0,0.0,1.0
220878.0,-0.2612,0.116,0.1483,0.928,0.347,1.021,-144.902,137.985,-39.811,-78.376,80.725,-28.226,-0.12,0.12,0.08649,0.0,0.0,0.0,0.0,1.0
220885.0,-0.2425,0.1307,0.1152,1.079,-0.038,-3.079,-139.229,136.1,-37.119,-78.424,80.772,-28.234,-0.12,0.12,-0.01064,0.0,0.0,0.0,0.0,1.0
220893.0,-0.2961,0.1709,0.1298,-0.493,-0.669,-3.624,-136.519,142.354,-34.78,-78.473,80.818,-28.24,-0.12,0.12,-0.0493,0.0,0.0,0.0,0.0,1.0
220901.0,-0.3626,0.1821,0.1854,-2.167,-0.7,0.407,-142.795,138.169,-35.415,-78.524,80.864,-28.245,-0.12,0.12,0.10994,0.0,0.0,0.0,0.0,1.0
220909.0,-0.3638,0.1468,0.2209,-2.063,-0.511,3.709,-141.525,133.6,-38.317,-78.572,80.91,-28.253,-0.12,0.12,0.12,0.0,0.0,0.0,0.0,1.0
220916.0,-0.3046,0.1047,0.2028,0.205,0.617,3.801,-138.47,142.473,-40.108,-78.621,80.956,-28.262,-0.12,0.12,0.08279,0.0,0.0,0.0,0.0,1.0
220924.0,-0.2472,0.099,0.1508,2.455,0.728,-1.099,-140.404,139.37,-38.618,-78.672,81.002,-28.271,-0.12,0.12,-0.00174,0.0,0.0,0.0,0.0,1.0
220932.0,-0.251,0.1315,0.1231,1.421,0.538,-4.314,-142.198,133.429,-35.764,-78.72,81.047,-28.277,-0.12,0.12,-0.00302,0.0,0.0,0.0,0.0,1.0
220940.0,-0.3149,0.1629,0.1563,-1.4,-0.395,-2.568,-137.117,141.708,-34.871,-78.768,81.093,-28.283,-0.12,0.12,-0.01241,0.0,0.0,0.0,0.0,1.0
220947.0,-0.3663,0.1463,0.2239,-2.609,-0.628,1.093,-138.028,139.699,-36.762,-78.818,81.139,-28.289,-0.12,0.12,0.09329,0.0,0.0,0.0,0.0,1.0
220955.0,-0.3539,0.08,0.2761,-1.982,-1.011,3.914,-143.394,131.732,-39.304,-78.866,81.183,-28.297,-0.12,0.12,0.12,0.0,0.0,0.0,0.0,1.0
220963.0,-0.2653,-0.005,0.2702,0.021,-0.955,2.595,-140.866,141.357,-39.014,-78.915,81.229,-28.306,-0.12,0.12,0.11324,0.0,0.0,0.0,0.0,1.0
220971.0,-0.2121,-0.0366,0.2478,1.607,-1.195,-1.184,-136.156,140.889,-36.118,-78.965,81.275,-28.313,-0.12,0.12,0.00709,0.0,0.0,0.0,0.0,1.0
220979.0,-0.2407,-0.0072,0.2478,0.217,-2.083,-4.403,-141.595,132.23,-34.14,-79.013,81.319,-28.318,-0.12,0.12,0.05876,0.0,0.0,0.0,0.0,1.0
220986.0,-0.321,0.0321,0.2898,-2.137,-2.711,-3.218,-140.746,139.622,-35.117,-79.06,81.365,-28.323,-0.12,0.12,0.06497,0.0,0.0,0.0,0.0,1.0
220994.0,-0.3909,0.0378,0.3542,-3.761,-3.025,1.047,-134.604,141.04,-38.138,-79.108,81.41,-28.33,-0.12,0.12,0.11991,0.0,0.0,0.0,0.0,1.0
221002.0,-0.3867,-0.0029,0.3896,-2.841,-2.034,3.681,-141.787,131.309,-39.763,-79.157,81.453,-28.339,-0.12,0.12,0.12,0.0,0.0,0.0,0.0,1.0
221010.0,-0.3194,-0.0522,0.3703,-0.321,-1.444,3.32,-143.705,139.371,-38.171,-79.206,81.499,-28.347,-0.12,0.12,0.12,0.0,0.0,0.0,0.0,1.0
221017.0,-0.2805,-0.0289,0.3087,1.783,-0.192,-2.257,-134.406,141.264,-35.562,-79.253,81.544,-28.354,-0.12,0.12,-0.02155,0.0,0.0,0.0,0.0,1.0
221025.0,-0.3127,0.0378,0.2759,0.571,-0.045,-4.363,-138.691,132.256,-35.069,-79.301,81.587,-28.359,-0.12,0.12,0.02585,0.0,0.0,0.0,0.0,1.0
221033.0,-0.3716,0.0812,0.2926,-1.472,-0.27,-2.517,-143.007,137.654,-37.033,-79.349,81.632,-28.365,-0.12,0.12,0.07505,0.0,0.0,0.0,0.0,1.0
221041.0,-0.4073,0.07,0.3393,-2.115,0.105,1.663,-134.717,140.915,-38.983,-79.395,81.677,-28.374,-0.12,0.12,0.08653,0.0,0.0,0.0,0.0,1.0
221048.0,-0.3692,0.0146,0.355,-0.561,0.172,3.636,-138.656,131.818,-38.092,-79.444,81.719,-28.382,-0.12,0.12,0.12,0.0,0.0,0.0,0.0,1.0
221056.0,-0.3095,-0.0189,0.3279,2.182,0.534,2.011,-143.918,137.486,-35.24,-79.493,81.764,-28.388,-0.12,0.12,0.12,0.0,0.0,0.0,0.0,1.0
221064.0,-0.2975,0.0096,0.2882,2.883,0.447,-1.881,-135.958,140.96,-33.474,-79.539,81.809,-28.392,-0.12,0.12,-0.0218,0.0,0.0,0.0,0.0,1.0
221072.0,-0.3462,0.0679,0.2802,1.456,0.684,-4.496,-135.737,132.994,-34.636,-79.586,81.851,-28.397,-0.12,0.12,-0.0122,0.0,0.0,0.0,0.0,1.0
221079.0,-0.4069,0.0988,0.3108,-1.068,-0.2,-2.356,-142.691,135.877,-37.418,-79.634,81.896,-28.403,-0.12,0.12,0.08557,0.0,0.0,0.0,0.0,1.0
221087.0,-0.4161,0.064,0.3539,-2.045,0.061,1.108,-136.926,140.297,-38.852,-79.68,81.941,-28.412,-0.12,0.12,0.09729,0.0,0.0,0.0,0.0,1.0
221095.0,-0.3602,-0.0243,0.384,-1.087,-0.396,4.201,-136.64,132.473,-37.302,-79.727,81.981,-28.419,-0.12,0.12,0.12,0.0,0.0,0.0,0.0,1.0
221103.0,-0.2856,-0.0666,0.3505,1.432,0.029,2.207,-141.908,136.188,-34.673,-79.776,82.026,-28.425,-0.12,0.12,0.12,0.0,0.0,0.0,0.0,1.0
221111.0,-0.2867,-0.0172,0.3035,2.24,0.197,-2.469,-138.135,140.041,-33.86,-79.822,82.071,-28.429,-0.12,0.12,-0.00207,0.0,0.0,0.0,0.0,1.0
221118.0,-0.3372,0.0615,0.2774,0.172,0.096,-3.788,-134.268,133.98,-35.52,-79.867,82.112,-28.434,-0.12,0.12,0.00046,0.0,0.0,0.0,0.0,1.0
221126.0,-0.3859,0.0873,0.301,-2.24,-0.07,-1.103,-139.952,134.587,-37.84,-79.915,82.156,-28.441,-0.12,0.12,0.10478,0.0,0.0,0.0,0.0,1.0
221134.0,-0.3879,0.0412,0.3479,-2.929,-0.572,2.202,-139.615,139.335,-37.857,-79.961,82.2,-28.449,-0.12,0.12,0.12,0.0,0.0,0.0,0.0,1.0
221141.0,-0.3575,-0.0104,0.3677,-1.326,-0.485,4.107,-136.355,133.152,-35.467,-80.007,82.241,-28.455,-0.12,0.12,0.12,0.0,0.0,0.0,0.0,1.0
221149.0,-0.3058,-0.0252,0.3304,1.263,-0.487,1.941,-138.564,135.001,-33.288,-80.056,82.285,-28.46,-0.12,0.12,0.12,0.0,0.0,0.0,0.0,1.0
221157.0,-0.2806,0.0178,0.2634,1.958,-0.097,-1.997,-139.686,139.265,-33.633,-80.101,82.329,-28.463,-0.12,0.12,0.01728,0.0,0.0,0.0,0.0,1.0
221165.0,-0.3096,0.0688,0.2427,0.276,0.134,-3.929,-134.612,134.178,-36.145,-80.146,82.369,-28.469,-0.12,0.12,-0.00986,0.0,0.0,0.0,0.0,1.0
221173.0,-0.3794,0.1187,0.2639,-1.682,0.221,-2.375,-136.892,133.67,-38.302,-80.193,82.413,-28.476,-0.12,0.12,0.05393,0.0,0.0,0.0,0.0,1.0
221181.0,-0.419,0.1255,0.2969,-2.363,0.122,1.154,-140.913,138.042,-37.516,-80.238,82.456,-28.484,-0.12,0.12,0.12,0.0,0.0,0.0,0.0,1.0
221188.0,-0.38,0.0667,0.315,-0.932,0.17,3.798,-137.575,133.984,-35.064,-80.284,82.496,-28.49,-0.12,0.12,0.12,0.0,0.0,0.0,0.0,1.0
221196.0,-0.3012,0.0063,0.2951,1.644,0.205,2.454,-135.006,134.102,-33.77,-80.331,82.54,-28.494,-0.12,0.12,0.10146,0.0,0.0,0.0,0.0,1.0
221204.0,-0.3098,0.0513,0.26,2.252,0.818,-2.466,-139.984,138.15,-34.995,-80.376,82.583,-28.499,-0.12,0.12,0.0056,0.0,0.0,0.0,0.0,1.0
221211.0,-0.3797,0.1326,0.2507,0.08,1.267,-3.491,-136.144,134.443,-37.226,-80.421,82.623,-28.506,-0.12,0.12,-0.00127,0.0,0.0,0.0,0.0,1.0
221220.0,-0.4339,0.1603,0.2779,-2.19,0.784,-0.95,-133.062,132.645,-37.545,-80.466,82.666,-28.513,-0.12,0.12,0.06388,0.0,0.0,0.0,0.0,1.0
221228.0,-0.4336,0.1142,0.3225,-2.467,0.091,2.769,-140.502,136.364,-35.239,-80.512,82.709,-28.519,-0.12,0.12,0.12,0.0,0.0,0.0,0.0,1.0
221235.0,-0.3903,0.058,0.3339,-0.505,-0.558,4.627,-139.784,134.885,-32.87,-80.558,82.748,-28.523,-0.12,0.12,0.12,0.0,0.0,0.0,0.0,1.0
221243.0,-0.3252,0.0183,0.3075,1.361,-0.507,2.604,-132.521,133.307,-32.664,-80.603,82.791,-28.526,-0.12,0.12,0.1053,0.0,0.0,0.0,0.0,1.0
221251.0,-0.3133,0.0418,0.2726,1.899,-0.287,-1.326,-138.603,136.631,-34.816,-80.648,82.834,-28.53,-0.12,0.12,0.04085,0.0,0.0,0.0,0.0,1.0
221258.0,-0.3993,0.1466,0.2567,-0.117,0.178,-2.945,-138.645,135.146,-37.175,-80.692,82.874,-28.537,-0.12,0.12,0.03185,0.0,0.0,0.0,0.0,1.0
221266.0,-0.4528,0.1771,0.2805,-2.313,0.388,-1.698,-131.897,132.155,-37.148,-80.736,82.916,-28.544,-0.12,0.12,0.0521,0.0,0.0,0.0,0.0,1.0
221274.0,-0.4541,0.1167,0.3406,-2.867,-0.347,1.81,-139.286,136.165,-34.996,-80.782,82.958,-28.55,-0.12,0.12,0.12,0.0,0.0,0.0,0.0,1.0
221282.0,-0.4364,0.0801,0.3585,-1.421,-0.512,3.806,-140.747,134.172,-32.989,-80.828,82.997,-28.554,-0.12,0.12,0.12,0.0,0.0,0.0,0.0,1.0
221290.0,-0.3843,0.0387,0.3467,1.855,-0.365,1.968,-131.891,132.796,-33.165,-80.871,83.039,-28.557,-0.12,0.12,0.09562,0.0,0.0,0.0,0.0,1.0
221297.0,-0.3822,0.0736,0.3106,1.887,0.339,-2.256,-136.956,136.305,-35.106,-80.916,83.082,-28.562,-0.12,0.12,0.01911,0.0,0.0,0.0,0.0,1.0
221305.0,-0.4486,0.1674,0.2857,0.255,1.12,-3.73,-139.606,134.443,-36.744,-80.96,83.121,-28.568,-0.12,0.12,0.02349,0.0,0.0,0.0,0.0,1.0
221313.0,-0.4936,0.1864,0.3121,-2.005,0.808,-1.792,-131.439,131.796,-36.071,-81.003,83.162,-28.574,-0.12,0.12,0.05068,0.0,0.0,0.0,0.0,1.0
221321.0,-0.4994,0.1458,0.3575,-1.964,-0.024,1.959,-137.794,136.045,-33.729,-81.049,83.204,-28.579,-0.12,0.12,0.12,0.0,0.0,0.0,0.0,1.0
221328.0,-0.4545,0.0615,0.3947,-0.003,-0.634,3.778,-141.091,133.141,-32.12,-81.094,83.242,-28.582,-0.12,0.12,0.12,0.0,0.0,0.0,0.0,1.0
221336.0,-0.3984,0.0005,0.3979,2.208,-0.433,1.999,-131.613,132.478,-32.792,-81.137,83.284,-28.585,-0.12,0.12,0.10441,0.0,0.0,0.0,0.0,1.0
221344.0,-0.4114,0.0583,0.3548,2.437,-0.084,-2.066,-135.54,136.596,-35.193,-81.181,83.326,-28.59,-0.12,0.12,0.01945,0.0,0.0,0.0,0.0,1.0
221351.0,-0.4353,0.1253,0.3133,0.607,0.611,-4.314,-139.772,132.899,-37.011,-81.225,83.364,-28.596,-0.12,0.12,0.0302,0.0,0.0,0.0,0.0,1.0
221359.0,-0.493,0.1667,0.3308,-1.448,0.376,-3.081,-131.5,131.483,-36.21,-81.267,83.405,-28.603,-0.12,0.12,0.0332,0.0,0.0,0.0,0.0,1.0
221367.0,-0.4995,0.1307,0.3723,-2.246,0.097,0.533,-136.47,136.24,-33.933,-81.312,83.446,-28.608,-0.12,0.12,0.11761,0.0,0.0,0.0,0.0,1.0
221375.0,-0.4446,0.0388,0.407,-0.512,-0.855,3.133,-140.893,131.615,-32.642,-81.357,83.483,-28.611,-0.12,0.12,0.12,0.0,0.0,0.0,0.0,1.0
221383.0,-0.3982,0.0214,0.3775,2.669,-0.456,1.455,-131.563,132.415,-33.593,-81.399,83.525,-28.615,-0.12,0.12,0.08642,0.0,0.0,0.0,0.0,1.0
221390.0,-0.3847,0.064,0.3224,2.558,0.436,-2.497,-134.435,136.817,-35.704,-81.443,83.566,-28.62,-0.12,0.12,-0.00869,0.0,0.0,0.0,0.0,1.0
221398.0,-0.4501,0.1718,0.2829,1.128,1.137,-4.832,-139.868,131.331,-36.516,-81.486,83.604,-28.626,-0.12,0.12,0.01616,0.0,0.0,0.0,0.0,1.0
221406.0,-0.4799,0.1993,0.2859,-1.252,0.738,-2.899,-131.397,131.62,-34.77,-81.528,83.644,-28.631,-0.12,0.12,0.02185,0.0,0.0,0.0,0.0,1.0
221414.0,-0.5024,0.1809,0.3264,-1.228,-0.033,0.914,-135.532,136.543,-32.277,-81.572,83.685,-28.635,-0.12,0.12,0.10014,0.0,0.0,0.0,0.0,1.0
221421.0,-0.4336,0.0748,0.3608,0.322,-0.903,3.51,-140.473,129.574,-31.274,-81.617,83.722,-28.637,-0.12,0.12,0.12,0.0,0.0,0.0,0.0,1.0
221429.0,-0.4094,0.069,0.3423,2.535,-0.97,2.316,-131.67,132.604,-32.751,-81.658,83.762,-28.64,-0.12,0.12,0.09973,0.0,0.0,0.0,0.0,1.0
221437.0,-0.3733,0.0803,0.2952,2.931,-0.52,-1.385,-133.421,136.949,-35.182,-81.701,83.803,-28.645,-0.12,0.12,0.0028,0.0,0.0,0.0,0.0,1.0
221445.0,-0.4314,0.1804,0.2558,1.457,0.964,-4.143,-139.545,129.547,-36.18,-81.744,83.84,-28.651,-0.12,0.12,0.02959,0.0,0.0,0.0,0.0,1.0
221452.0,-0.4415,0.2023,0.2446,-0.979,0.684,-3.646,-131.243,132.093,-34.828,-81.785,83.88,-28.656,-0.12,0.12,-0.00528,0.0,0.0,0.0,0.0,1.0
221460.0,-0.4589,0.1832,0.2807,-1.594,0.152,0.145,-134.769,136.528,-32.548,-81.829,83.92,-28.66,-0.12,0.12,0.07446,0.0,0.0,0.0,0.0,1.0
221468.0,-0.4048,0.0849,0.3222,-0.409,-1.217,3.71,-140.023,127.846,-31.616,-81.873,83.956,-28.662,-0.12,0.12,0.12,0.0,0.0,0.0,0.0,1.0
221476.0,-0.3654,0.0461,0.3206,2.107,-0.842,3.567,-131.448,133.338,-32.751,-81.914,83.997,-28.665,-0.12,0.12,0.11367,0.0,0.0,0.0,0.0,1.0
221483.0,-0.3469,0.0761,0.2728,2.63,0.433,-1.297,-132.682,136.582,-34.731,-81.956,84.036,-28.669,-0.12,0.12,-0.00783,0.0,0.0,0.0,0.0,1.0
221491.0,-0.3867,0.1725,0.2188,0.963,1.688,-4.372,-139.097,127.645,-35.562,-81.999,84.073,-28.675,-0.12,0.12,0.02523,0.0,0.0,0.0,0.0,1.0
221499.0,-0.4151,0.2041,0.2165,-1.399,1.073,-3.087,-131.156,132.983,-34.096,-82.039,84.113,-28.68,-0.12,0.12,-0.00628,0.0,0.0,0.0,0.0,1.0
221507.0,-0.4379,0.1963,0.2468,-2.268,-0.033,0.474,-134.26,135.913,-31.873,-82.083,84.152,-28.683,-0.12,0.12,0.08179,0.0,0.0,0.0,0.0,1.0
221514.0,-0.3937,0.0879,0.3082,-0.886,-1.045,4.226,-139.641,126.118,-30.969,-82.126,84.188,-28.684,-0.12,0.12,0.12,0.0,0.0,0.0,0.0,1.0
221522.0,-0.3355,0.0199,0.3162,1.429,-1.489,4.045,-131.025,134.353,-32.095,-82.166,84.227,-28.687,-0.12,0.12,0.12,0.0,0.0,0.0,0.0,1.0
221530.0,-0.3409,0.0682,0.2746,1.975,-0.28,0.494,-132.258,135.677,-34.504,-82.208,84.266,-28.691,-0.12,0.12,0.03806,0.0,0.0,0.0,0.0,1.0
221538.0,-0.3477,0.1349,0.2164,0.739,1.127,-3.377,-138.67,126.522,-35.77,-82.25,84.303,-28.696,-0.12,0.12,0.05234,0.0,0.0,0.0,0.0,1.0
221546.0,-0.4278,0.2314,0.2025,-1.653,1.322,-4.139,-130.901,134.026,-34.695,-82.29,84.342,-28.702,-0.12,0.12,-0.03509,0.0,0.0,0.0,0.0,1.0
221553.0,-0.4235,0.1946,0.234,-2.242,0.597,-0.71,-133.628,134.512,-32.534,-82.333,84.38,-28.705,-0.12,0.12,0.05716,0.0,0.0,0.0,0.0,1.0
221561.0,-0.4192,0.1311,0.2916,-1.622,-0.977,2.993,-139.1,125.41,-31.465,-82.376,84.416,-28.707,-0.12,0.12,0.12,0.0,0.0,0.0,0.0,1.0
221569.0,-0.3789,0.0468,0.3334,0.725,-0.896,4.897,-130.367,135.338,-32.453,-82.415,84.455,-28.71,-0.12,0.12,0.12,0.0,0.0,0.0,0.0,1.0
221577.0,-0.3676,0.0708,0.2987,1.83,0.51,0.166,-131.913,133.53,-34.444,-82.457,84.493,-28.714,-0.12,0.12,0.04259,0.0,0.0,0.0,0.0,1.0
221584.0,-0.4125,0.1706,0.2465,0.986,2.05,-3.489,-138.299,126.298,-35.272,-82.498,84.529,-28.719,-0.12,0.12,0.04596,0.0,0.0,0.0,0.0,1.0
221592.0,-0.4398,0.2274,0.2184,-1.371,1.817,-4.071,-130.155,134.93,-33.697,-82.538,84.567,-28.724,-0.12,0.12,-0.04671,0.0,0.0,0.0,0.0,1.0
221600.0,-0.4534,0.2122,0.2468,-2.144,0.504,-0.715,-133.515,132.163,-31.28,-82.58,84.605,-28.726,-0.12,0.12,0.07375,0.0,0.0,0.0,0.0,1.0
221608.0,-0.4561,0.1431,0.3168,-1.285,-1.325,3.426,-138.673,125.951,-30.118,-82.622,84.641,-28.728,-0.12,0.12,0.12,0.0,0.0,0.0,0.0,1.0
221616.0,-0.4172,0.0626,0.3563,0.633,-1.864,4.794,-129.933,135.27,-31.212,-82.661,84.678,-28.729,-0.12,0.12,0.12,0.0,0.0,0.0,0.0,1.0
221623.0,-0.3943,0.0721,0.3242,2.033,-0.772,1.562,-131.839,131.157,-33.439,-82.702,84.716,-28.733,-0.12,0.12,0.0951,0.0,0.0,0.0,0.0,1.0
221631.0,-0.4223,0.1704,0.2565,1.434,0.92,-2.807,-137.677,127.759,-34.887,-82.743,84.753,-28.737,-0.12,0.12,0.05302,0.0,0.0,0.0,0.0,1.0
221639.0,-0.4302,0.2132,0.2227,-0.754,1.776,-5.492,-129.188,134.524,-34.076,-82.782,84.79,-28.742,-0.12,0.12,-0.07931,0.0,0.0,0.0,0.0,1.0
221647.0,-0.4628,0.2275,0.2413,-1.892,0.89,-2.834,-133.513,129.301,-32.017,-82.823,84.826,-28.745,-0.12,0.12,0.04717,0.0,0.0,0.0,0.0,1.0
221654.0,-0.4791,0.1756,0.3082,-1.56,-1.025,1.392,-138.312,128.366,-30.546,-82.865,84.863,-28.747,-0.12,0.12,0.12,0.0,0.0,0.0,0.0,1.0
221662.0,-0.4276,0.0627,0.3667,0.346,-1.344,4.455,-129.001,133.407,-30.928,-82.904,84.899,-28.748,-0.12,0.12,0.12,0.0,0.0,0.0,0.0,1.0
221670.0,-0.4055,0.0691,0.3383,2.101,-0.013,0.946,-132.252,129.04,-32.656,-82.944,84.935,-28.751,-0.12,0.12,0.09601,0.0,0.0,0.0,0.0,1.0
221678.0,-0.4203,0.1512,0.2732,1.794,1.699,-3.313,-137.042,130.255,-34.155,-82.984,84.973,-28.755,-0.12,0.12,0.01966,0.0,0.0,0.0,0.0,1.0
221685.0,-0.4372,0.2307,0.2126,-0.111,2.169,-5.788,-128.368,132.135,-33.767,-83.023,85.008,-28.759,-0.12,0.12,-0.0864,0.0,0.0,0.0,0.0,1.0
221693.0,-0.4541,0.2349,0.2255,-1.594,1.042,-3.284,-133.946,127.784,-31.791,-83.064,85.044,-28.762,-0.12,0.12,0.04405,0.0,0.0,0.0,0.0,1.0
221701.0,-0.4438,0.1615,0.2866,-1.353,-1.059,1.536,-137.647,131.606,-29.987,-83.105,85.082,-28.763,-0.12,0.12,0.12,0.0,0.0,0.0,0.0,1.0
221709.0,-0.4419,0.1084,0.3365,0.239,-2.119,4.281,-128.038,129.308,-29.971,-83.143,85.115,-28.764,-0.12,0.12,0.12,0.0,0.0,0.0,0.0,1.0
221716.0,-0.4077,0.0836,0.3263,1.941,-1.448,2.964,-132.832,128.737,-31.592,-83.183,85.152,-28.766,-0.12,0.12,0.12,0.0,0.0,0.0,0.0,1.0
221724.0,-0.3839,0.1298,0.2576,2.243,0.334,-1.656,-135.78,133.175,-33.812,-83.222,85.19,-28.77,-0.12,0.12,0.02745,0.0,0.0,0.0,0.0,1.0
221732.0,-0.4034,0.2347,0.1749,0.742,1.885,-5.3,-127.681,127.658,-34.378,-83.261,85.223,-28.774,-0.12,0.12,-0.06944,0.0,0.0,0.0,0.0,1.0
221740.0,-0.4449,0.2766,0.1757,-1.115,1.109,-4.78,-134.784,128.281,-32.872,-83.301,85.26,-28.778,-0.12,0.12,0.00485,0.0,0.0,0.0,0.0,1.0
221748.0,-0.4461,0.2109,0.2408,-0.843,-1.276,1.138,-137.17,132.945,-30.808,-83.342,85.296,-28.78,-0.12,0.12,0.12,0.0,0.0,0.0,0.0,1.0
221756.0,-0.4278,0.1244,0.3068,0.824,-2.088,4.827,-127.523,126.219,-30.301,-83.379,85.329,-28.781,-0.12,0.12,0.12,0.0,0.0,0.0,0.0,1.0
221764.0,-0.3963,0.098,0.3009,2.546,-1.062,3.347,-132.592,129.736,-31.566,-83.419,85.366,-28.783,-0.12,0.12,0.12,0.0,0.0,0.0,0.0,1.0
221771.0,-0.3894,0.1555,0.2381,2.576,0.923,-1.415,-135.135,133.651,-33.363,-83.457,85.402,-28.786,-0.12,0.12,0.01302,0.0,0.0,0.0,0.0,1.0
221779.0,-0.4212,0.271,0.1574,0.962,2.344,-5.45,-127.262,124.846,-33.799,-83.495,85.435,-28.79,-0.12,0.12,-0.06705,0.0,0.0,0.0,0.0,1.0
221787.0,-0.4387,0.3033,0.1434,-0.968,1.469,-5.287,-134.541,130.198,-32.222,-83.535,85.472,-28.794,-0.12,0.12,-0.02722,0.0,0.0,0.0,0.0,1.0
221795.0,-0.4251,0.2245,0.2066,-1.379,-0.664,-0.842,-135.436,132.691,-30.067,-83.575,85.507,-28.795,-0.12,0.12,0.07599,0.0,0.0,0.0,0.0,1.0
221802.0,-0.3955,0.1092,0.2893,-0.895,-2.462,3.854,-127.167,123.005,-28.979,-83.613,85.54,-28.795,-0.12,0.12,0.12,0.0,0.0,0.0,0.0,1.0
221810.0,-0.3866,0.0719,0.3167,1.152,-2.206,5.145,-133.595,132.443,-29.909,-83.652,85.576,-28.796,-0.12,0.12,0.12,0.0,0.0,0.0,0.0,1.0
221818.0,-0.3798,0.1386,0.2448,1.706,-0.278,1.184,-132.915,131.613,-31.91,-83.689,85.611,-28.798,-0.12,0.12,0.07628,0.0,0.0,0.0,0.0,1.0
221826.0,-0.381,0.2226,0.1643,1.075,1.937,-3.782,-127.245,123.776,-33.477,-83.727,85.645,-28.801,-0.12,0.12,-0.02832,0.0,0.0,0.0,0.0,1.0
221833.0,-0.3746,0.2677,0.114,-1.387,1.674,-5.603,-135.045,132.549,-33.045,-83.766,85.68,-28.805,-0.12,0.12,-0.04805,0.0,0.0,0.0,0.0,1.0
221841.0,-0.3899,0.2287,0.1673,-2.879,-0.511,-0.868,-133.319,129.215,-31.287,-83.805,85.714,-28.807,-0.12,0.12,0.0863,0.0,0.0,0.0,0.0,1.0
221849.0,-0.3878,0.1448,0.2468,-1.661,-2.696,4.644,-127.763,124.264,-29.625,-83.843,85.748,-28.808,-0.12,0.12,0.12,0.0,0.0,0.0,0.0,1.0
221857.0,-0.3751,0.0843,0.2931,0.37,-1.97,6.326,-133.945,132.632,-29.422,-83.881,85.782,-28.809,-0.12,0.12,0.12,0.0,0.0,0.0,0.0,1.0
221864.0,-0.3744,0.1114,0.266,1.397,0.222,2.896,-129.98,127.649,-30.662,-83.918,85.817,-28.81,-0.12,0.12,0.11446,0.0,0.0,0.0,0.0,1.0
221872.0,-0.3853,0.2081,0.1827,0.598,2.047,-2.463,-128.708,127.094,-32.411,-83.956,85.852,-28.812,-0.12,0.12,-0.00833,0.0,0.0,0.0,0.0,1.0
221880.0,-0.4167,0.2965,0.128,-0.897,2.844,-5.042,-134.694,130.859,-32.888,-83.994,85.885,-28.816,-0.12,0.12,-0.04203,0.0,0.0,0.0,0.0,1.0
221888.0,-0.4689,0.288,0.1886,-2.246,0.855,-2.444,-130.654,125.87,-31.557,-84.031,85.919,-28.818,-0.12,0.12,0.04945,0.0,0.0,0.0,0.0,1.0
221895.0,-0.4735,0.2113,0.2679,-1.965,-1.401,2.913,-129.744,129.321,-29.595,-84.07,85.954,-28.819,-0.12,0.12,0.12,0.0,0.0,0.0,0.0,1.0
221903.0,-0.4616,0.118,0.3468,-0.635,-2.41,5.974,-133.119,127.599,-28.576,-84.107,85.985,-28.819,-0.12,0.12,0.12,0.0,0.0,0.0,0.0,1.0
221911.0,-0.4418,0.1042,0.3404,1.097,-0.787,5.262,-127.492,126.754,-29.242,-84.143,86.02,-28.819,-0.12,0.12,0.12,0.0,0.0,0.0,0.0,1.0
221919.0,-0.4212,0.1643,0.2613,1.103,2.025,-0.833,-131.412,131.496,-31.142,-84.182,86.055,-28.821,-0.12,0.12,0.02296,0.0,0.0,0.0,0.0,1.0
221926.0,-0.4056,0.2261,0.1854,-0.232,2.779,-5.009,-132.568,124.974,-32.883,-84.218,86.086,-28.824,-0.12,0.12,-0.01376,0.0,0.0,0.0,0.0,1.0
221934.0,-0.4279,0.2612,0.1736,-1.764,1.748,-5.089,-128.735,127.391,-32.717,-84.255,86.121,-28.827,-0.12,0.12,-0.03271,0.0,0.0,0.0,0.0,1.0
221942.0,-0.4592,0.2066,0.2581,-1.758,-1.184,1.749,-132.717,131.716,-31.119,-84.294,86.155,-28.829,-0.12,0.12,0.12,0.0,0.0,0.0,0.0,1.0
221950.0,-0.4809,0.1378,0.3468,-0.535,-2.288,5.751,-130.323,121.997,-29.446,-84.329,86.186,-28.83,-0.12,0.12,0.12,0.0,0.0,0.0,0.0,1.0
221958.0,-0.4637,0.1057,0.3608,1.176,-0.977,5.162,-126.494,130.006,-29.179,-84.366,86.22,-28.83,-0.12,0.12,0.12,0.0,0.0,0.0,0.0,1.0
221965.0,-0.445,0.1578,0.2914,1.79,1.614,0.054,-133.732,130.767,-30.366,-84.404,86.254,-28.831,-0.12,0.12,0.06089,0.0,0.0,0.0,0.0,1.0
221973.0,-0.4528,0.2527,0.2068,0.53,3.09,-5.131,-129.251,122.079,-31.939,-84.439,86.286,-28.833,-0.12,0.12,-0.02382,0.0,0.0,0.0,0.0,1.0
221981.0,-0.4776,0.2895,0.1958,-0.824,1.994,-5.535,-128.647,130.781,-32.399,-84.476,86.319,-28.836,-0.12,0.12,-0.0667,0.0,0.0,0.0,0.0,1.0
221989.0,-0.5132,0.2593,0.2608,-1.748,-0.696,-1.392,-134.652,128.172,-31.059,-84.515,86.352,-28.838,-0.12,0.12,0.10262,0.0,0.0,0.0,0.0,1.0
221996.0,-0.5278,0.1787,0.3539,-1.286,-2.748,4.426,-127.474,122.505,-29.126,-84.549,86.384,-28.839,-0.12,0.12,0.12,0.0,0.0,0.0,0.0,1.0
222004.0,-0.5375,0.1433,0.3981,0.354,-2.578,5.893,-127.64,131.241,-27.876,-84.586,86.417,-28.838,-0.12,0.12,0.12,0.0,0.0,0.0,0.0,1.0
222012.0,-0.5213,0.1907,0.3357,1.822,-0.305,2.365,-134.325,126.231,-28.307,-84.623,86.449,-28.838,-0.12,0.12,0.12,0.0,0.0,0.0,0.0,1.0
222020.0,-0.5081,0.2996,0.2164,1.849,1.934,-3.707,-125.796,125.776,-29.866,-84.657,86.483,-28.838,-0.12,0.12,-0.04135,0.0,0.0,0.0,0.0,1.0
222027.0,-0.5165,0.3698,0.1565,0.53,2.094,-7.093,-130.434,129.224,-31.648,-84.694,86.514,-28.84,-0.12,0.12,-0.09361,0.0,0.0,0.0,0.0,1.0
222035.0,-0.5277,0.3381,0.1985,-1.106,-1.129,-3.397,-134.577,124.299,-32.031,-84.732,86.546,-28.843,-0.12,0.12,0.0752,0.0,0.0,0.0,0.0,1.0
222043.0,-0.545,0.2578,0.294,-0.797,-2.995,3.129,-124.964,128.518,-30.825,-84.766,86.58,-28.845,-0.12,0.12,0.12,0.0,0.0,0.0,0.0,1.0
222051.0,-0.5472,0.1981,0.3544,0.633,-2.573,5.716,-130.291,125.126,-28.967,-84.803,86.609,-28.845,-0.12,0.12,0.12,0.0,0.0,0.0,0.0,1.0
222058.0,-0.5271,0.2012,0.3313,1.985,-0.515,3.363,-131.79,125.85,-27.916,-84.838,86.643,-28.844,-0.12,0.12,0.12,0.0,0.0,0.0,0.0,1.0
222066.0,-0.5018,0.2773,0.2318,2.153,2.406,-2.368,-124.745,130.547,-28.435,-84.873,86.676,-28.844,-0.12,0.12,-0.05583,0.0,0.0,0.0,0.0,1.0
222074.0,-0.4732,0.316,0.1655,1.061,3.006,-6.951,-132.673,122.4,-30.005,-84.909,86.705,-28.844,-0.12,0.12,-0.04664,0.0,0.0,0.0,0.0,1.0
222082.0,-0.4741,0.3084,0.1739,-0.472,0.917,-5.232,-131.447,127.115,-31.429,-84.945,86.738,-28.846,-0.12,0.12,-0.02024,0.0,0.0,0.0,0.0,1.0
222090.0,-0.473,0.2175,0.2613,-0.972,-1.675,0.397,-125.593,129.921,-31.228,-84.981,86.77,-28.848,-0.12,0.12,0.06768,0.0,0.0,0.0,0.0,1.0
222097.0,-0.4875,0.1189,0.3717,-0.24,-3.154,5.583,-131.778,120.035,-29.61,-85.016,86.8,-28.849,-0.12,0.12,0.12,0.0,0.0,0.0,0.0,1.0
222105.0,-0.4656,0.0833,0.3845,1.02,-1.895,6.235,-127.65,129.753,-27.801,-85.05,86.833,-28.849,-0.12,0.12,0.12,0.0,0.0,0.0,0.0,1.0
222113.0,-0.4393,0.1289,0.3139,1.84,0.708,1.226,-127.128,127.58,-27.286,-85.086,86.864,-28.848,-0.12,0.12,0.07274,0.0,0.0,0.0,0.0,1.0
222120.0,-0.4115,0.2206,0.1967,1.467,2.574,-5.128,-132.279,121.807,-28.171,-85.121,86.895,-28.847,-0.12,0.12,-0.00689,0.0,0.0,0.0,0.0,1.0
222128.0,-0.4112,0.2757,0.1427,-0.171,1.836,-7.51,-127.678,129.737,-29.986,-85.156,86.926,-28.847,-0.12,0.12,-0.11418,0.0,0.0,0.0,0.0,1.0
222136.0,-0.4269,0.2237,0.2092,-1.331,-1.716,-1.636,-129.214,124.24,-31.531,-85.193,86.957,-28.849,-0.12,0.12,0.08167,0.0,0.0,0.0,0.0,1.0
222144.0,-0.465,0.1606,0.3087,-1.042,-3.398,3.775,-130.035,124.149,-31.225,-85.226,86.989,-28.851,-0.12,0.12,0.12,0.0,0.0,0.0,0.0,1.0
222152.0,-0.471,0.1305,0.3439,-0.075,-2.17,6.125,-124.692,127.482,-29.765,-85.26,87.018,-28.852,-0.12,0.12,0.12,0.0,0.0,0.0,0.0,1.0
222159.0,-0.4463,0.1745,0.2765,1.21,0.832,1.945,-131.166,123.766,-28.168,-85.296,87.05,-28.852,-0.12,0.12,0.12,0.0,0.0,0.0,0.0,1.0
222167.0,-0.4133,0.2558,0.1643,1.305,2.895,-4.124,-128.458,127.79,-27.744,-85.329,87.082,-28.851,-0.12,0.12,-0.05643,0.0,0.0,0.0,0.0,1.0
222175.0,-0.4035,0.3272,0.085,0.264,2.922,-7.127,-126.598,123.899,-28.668,-85.364,87.11,-28.851,-0.12,0.12,-0.10398,0.0,0.0,0.0,0.0,1.0
222183.0,-0.422,0.3221,0.1084,-1.25,0.455,-4.838,-132.624,123.99,-30.198,-85.4,87.142,-28.852,-0.12,0.12,0.01072,0.0,0.0,0.0,0.0,1.0
222190.0,-0.4627,0.2534,0.2159,-1.466,-1.913,1.446,-125.713,129.165,-31.094,-85.433,87.173,-28.853,-0.12,0.12,0.08819,0.0,0.0,0.0,0.0,1.0
222198.0,-0.4834,0.1826,0.3057,-0.787,-2.56,6.594,-125.889,119.686,-30.241,-85.467,87.201,-28.855,-0.12,0.12,0.12,0.0,0.0,0.0,0.0,1.0
222206.0,-0.4631,0.1661,0.3014,0.377,-0.888,6.189,-132.5,127.672,-28.395,-85.502,87.233,-28.855,-0.12,0.12,0.12,0.0,0.0,0.0,0.0,1.0
222214.0,-0.4211,0.2182,0.2086,1.334,2.262,0.602,-123.811,127.987,-26.71,-85.534,87.264,-28.853,-0.12,0.12,0.00927,0.0,0.0,0.0,0.0,1.0
222221.0,-0.3971,0.2905,0.1143,1.032,3.331,-4.815,-129.286,119.844,-26.406,-85.569,87.293,-28.851,-0.12,0.12,-0.02665,0.0,0.0,0.0,0.0,1.0
222229.0,-0.3979,0.2961,0.1097,-0.467,1.546,-5.126,-132.285,128.509,-27.696,-85.604,87.324,-28.85,-0.12,0.12,-0.03746,0.0,0.0,0.0,0.0,1.0
222237.0,-0.4418,0.2539,0.1946,-1.313,-1.169,0.548,-123.07,124.652,-29.684,-85.637,87.353,-28.85,-0.12,0.12,0.07191,0.0,0.0,0.0,0.0,1.0
222245.0,-0.4922,0.1996,0.2979,-1.253,-2.544,6.092,-129.22,121.493,-30.889,-85.671,87.383,-28.852,-0.12,0.12,0.12,0.0,0.0,0.0,0.0,1.0
222253.0,-0.505,0.1636,0.3458,0.136,-0.886,7.062,-128.756,127.737,-30.264,-85.704,87.412,-28.853,-0.12,0.12,0.12,0.0,0.0,0.0,0.0,1.0
222260.0,-0.4719,0.2182,0.2596,1.062,2.152,2.571,-123.554,122.83,-28.488,-85.737,87.442,-28.853,-0.12,0.12,0.08443,0.0,0.0,0.0,0.0,1.0
222268.0,-0.4273,0.2881,0.1468,1.225,3.886,-4.084,-131.248,125.889,-26.825,-85.771,87.473,-28.852,-0.12,0.12,-0.03776,0.0,0.0,0.0,0.0,1.0
222276.0,-0.4006,0.3106,0.0983,0.096,3.18,-6.689,-127.739,123.815,-26.472,-85.804,87.501,-28.85,-0.12,0.12,-0.08525,0.0,0.0,0.0,0.0,1.0
222284.0,-0.4291,0.2834,0.1531,-0.803,0.403,-3.753,-125.53,122.604,-27.472,-85.839,87.531,-28.849,-0.12,0.12,0.0008,0.0,0.0,0.0,0.0,1.0
222291.0,-0.4745,0.2178,0.2626,-1.956,-1.819,2.158,-129.606,128.096,-29.114,-85.871,87.562,-28.848,-0.12,0.12,0.12,0.0,0.0,0.0,0.0,1.0
222299.0,-0.5071,0.1617,0.3497,-1.2,-1.678,6.97,-123.706,119.291,-30.138,-85.903,87.588,-28.849,-0.12,0.12,0.12,0.0,0.0,0.0,0.0,1.0
222307.0,-0.4823,0.1594,0.3271,0.363,0.616,5.544,-127.988,125.902,-29.6,-85.937,87.619,-28.85,-0.12,0.12,0.12,0.0,0.0,0.0,0.0,1.0
222315.0,-0.4298,0.2038,0.2314,2.148,4.021,-1.338,-128.356,127.236,-27.946,-85.969,87.649,-28.85,-0.12,0.12,-0.00986,0.0,0.0,0.0,0.0,1.0
222322.0,-0.4105,0.2699,0.1478,2.041,4.627,-5.748,-125.152,118.716,-26.271,-86.002,87.677,-28.848,-0.12,0.12,-0.07495,0.0,0.0,0.0,0.0,1.0
222330.0,-0.4468,0.3107,0.1443,0.668,2.711,-4.467,-130.72,127.669,-25.852,-86.037,87.707,-28.846,-0.12,0.12,-0.04276,0.0,0.0,0.0,0.0,1.0
222338.0,-0.4982,0.2871,0.2186,-0.193,0.317,1.008,-125.08,123.555,-26.668,-86.068,87.735,-28.844,-0.12,0.12,0.08305,0.0,0.0,0.0,0.0,1.0
222346.0,-0.5257,0.2165,0.3149,-0.33,-0.443,6.133,-124.041,120.836,-28.41,-86.101,87.764,-28.843,-0.12,0.12,0.12,0.0,0.0,0.0,0.0,1.0
222354.0,-0.5121,0.1845,0.3325,1.033,1.248,7.307,-131.137,126.346,-29.961,-86.134,87.792,-28.844,-0.12,0.12,0.12,0.0,0.0,0.0,0.0,1.0
222361.0,-0.4681,0.2261,0.2479,2.077,3.845,2.292,-122.523,121.713,-29.973,-86.165,87.821,-28.845,-0.12,0.12,0.0527,0.0,0.0,0.0,0.0,1.0
222369.0,-0.4117,0.2826,0.1365,2.693,5.276,-3.455,-127.932,125.09,-28.597,-86.198,87.851,-28.845,-0.12,0.12,-0.07158,0.0,0.0,0.0,0.0,1.0
222377.0,-0.4036,0.3092,0.1026,1.933,3.343,-5.731,-131.207,122.454,-26.954,-86.232,87.877,-28.844,-0.12,0.12,-0.05687,0.0,0.0,0.0,0.0,1.0
222385.0,-0.4292,0.2821,0.1545,0.291,0.888,-3.854,-121.667,121.892,-26.183,-86.263,87.906,-28.841,-0.12,0.12,-0.03365,0.0,0.0,0.0,0.0,1.0
222392.0,-0.4852,0.2257,0.2655,-0.986,-1.525,2.901,-128.053,127.191,-26.809,-86.296,87.935,-28.84,-0.12,0.12,0.12,0.0,0.0,0.0,0.0,1.0
222400.0,-0.5252,0.2193,0.3117,-0.661,-1.049,6.224,-127.468,117.868,-28.215,-86.327,87.961,-28.839,-0.12,0.12,0.12,0.0,0.0,0.0,0.0,1.0
222408.0,-0.4936,0.227,0.2726,0.337,1.959,3.698,-122.496,125.697,-29.395,-86.359,87.991,-28.839,-0.12,0.12,0.09052,0.0,0.0,0.0,0.0,1.0
222416.0,-0.4451,0.2818,0.1708,1.359,3.735,-2.483,-130.048,125.859,-29.137,-86.391,88.019,-28.839,-0.12,0.12,-0.01434,0.0,0.0,0.0,0.0,1.0
222424.0,-0.4291,0.3601,0.0784,0.955,3.603,-6.598,-126.288,117.957,-27.721,-86.423,88.046,-28.839,-0.12,0.12,-0.07445,0.0,0.0,0.0,0.0,1.0
222432.0,-0.4519,0.3841,0.078,-0.408,0.909,-4.972,-124.717,126.76,-26.057,-86.456,88.075,-28.837,-0.12,0.12,-0.07184,0.0,0.0,0.0,0.0,1.0
222439.0,-0.5208,0.3591,0.1712,-1.447,-1.445,0.112,-128.195,121.911,-25.131,-86.487,88.102,-28.834,-0.12,0.12,0.11478,0.0,0.0,0.0,0.0,1.0
222447.0,-0.577,0.3197,0.2658,-1.739,-2.013,5.941,-122.271,120.83,-25.538,-86.517,88.13,-28.831,-0.12,0.12,0.12,0.0,0.0,0.0,0.0,1.0
222455.0,-0.5745,0.3105,0.2722,-0.632,-0.133,6.866,-127.912,124.402,-26.832,-86.55,88.156,-28.829,-0.12,0.12,0.12,0.0,0.0,0.0,0.0,1.0
222463.0,-0.5341,0.3417,0.2014,0.465,2.663,2.656,-125.776,120.8,-28.324,-86.58,88.184,-28.829,-0.12,0.12,0.10118,0.0,0.0,0.0,0.0,1.0
222470.0,-0.4703,0.3953,0.0854,1.567,3.861,-3.239,-124.066,125.657,-28.977,-86.612,88.214,-28.829,-0.12,0.12,-0.0835,0.0,0.0,0.0,0.0,1.0
222478.0,-0.4529,0.4295,0.0347,1.028,2.875,-6.471,-130.388,119.46,-28.352,-86.645,88.238,-28.829,-0.12,0.12,-0.05943,0.0,0.0,0.0,0.0,1.0
222486.0,-0.4927,0.4087,0.0948,-0.632,0.032,-3.343,-122.327,122.429,-27.005,-86.674,88.267,-28.827,-0.12,0.12,-0.02089,0.0,0.0,0.0,0.0,1.0
222494.0,-0.5652,0.3712,0.2038,-2.294,-2.799,4.111,-124.247,125.786,-25.65,-86.706,88.295,-28.825,-0.12,0.12,0.12,0.0,0.0,0.0,0.0,1.0
222502.0,-0.6035,0.3291,0.2831,-2.027,-1.57,7.16,-129.04,116.033,-25.253,-86.737,88.32,-28.822,-0.12,0.12,0.12,0.0,0.0,0.0,0.0,1.0
222509.0,-0.5782,0.3117,0.2748,-0.763,0.319,4.642,-120.427,126.073,-25.919,-86.766,88.348,-28.82,-0.12,0.12,0.11874,0.0,0.0,0.0,0.0,1.0
222517.0,-0.5227,0.3538,0.1782,0.444,2.271,-1.795,-128.057,122.499,-27.162,-86.798,88.375,-28.818,-0.12,0.12,0.02884,0.0,0.0,0.0,0.0,1.0
222525.0,-0.4978,0.4006,0.1078,1.191,2.132,-5.998,-127.774,119.335,-28.262,-86.829,88.402,-28.818,-0.12,0.12,-0.04692,0.0,0.0,0.0,0.0,1.0
222533.0,-0.5221,0.4064,0.1264,-0.323,-0.265,-6.315,-121.54,124.919,-28.177,-86.86,88.428,-28.817,-0.12,0.12,-0.0859,0.0,0.0,0.0,0.0,1.0
222540.0,-0.6006,0.382,0.2287,-1.491,-2.776,-1.473,-127.795,119.352,-27.022,-86.891,88.455,-28.816,-0.12,0.12,0.12,0.0,0.0,0.0,0.0,1.0
222548.0,-0.6626,0.3456,0.3262,-2.202,-3.524,4.003,-122.495,123.902,-25.539,-86.92,88.483,-28.814,-0.12,0.12,0.12,0.0,0.0,0.0,0.0,1.0
222556.0,-0.6728,0.3195,0.3618,-1.677,-2.167,5.187,-124.869,118.949,-24.541,-86.952,88.507,-28.811,-0.12,0.12,0.12,0.0,0.0,0.0,0.0,1.0
222564.0,-0.6256,0.3292,0.3051,-0.18,0.549,2.454,-126.708,121.884,-24.748,-86.981,88.535,-28.807,-0.12,0.12,0.12,0.0,0.0,0.0,0.0,1.0
222571.0,-0.562,0.3783,0.1937,1.262,1.962,-3.572,-122.84,125.418,-25.804,-87.011,88.562,-28.805,-0.12,0.12,-0.0518,0.0,0.0,0.0,0.0,1.0
222579.0,-0.5358,0.4093,0.1373,1.427,1.171,-7.386,-128.332,116.119,-27.287,-87.044,88.587,-28.803,-0.12,0.12,-0.03531,0.0,0.0,0.0,0.0,1.0
222587.0,-0.5675,0.4037,0.1744,-0.211,-1.944,-4.536,-122.715,124.686,-28.32,-87.072,88.614,-28.802,-0.12,0.12,-0.02368,0.0,0.0,0.0,0.0,1.0
222595.0,-0.6462,0.3923,0.2643,-1.328,-3.795,1.392,-122.047,121.698,-28.011,-87.102,88.64,-28.802,-0.12,0.12,0.12,0.0,0.0,0.0,0.0,1.0
222602.0,-0.6629,0.332,0.3397,-1.833,-3.179,5.298,-128.806,117.819,-26.919,-87.132,88.666,-28.801,-0.12,0.12,0.12,0.0,0.0,0.0,0.0,1.0
222610.0,-0.6354,0.326,0.3181,-0.484,-0.682,3.989,-119.88,123.941,-25.5,-87.161,88.691,-28.798,-0.12,0.12,0.12,0.0,0.0,0.0,0.0,1.0
222618.0,-0.551,0.3376,0.2224,1.212,1.415,-1.178,-126.605,119.212,-24.771,-87.192,88.717,-28.795,-0.12,0.12,0.06089,0.0,0.0,0.0,0.0,1.0
222626.0,-0.4817,0.3548,0.1362,2.142,1.683,-6.182,-127.673,123.468,-25.167,-87.222,88.745,-28.792,-0.12,0.12,-0.07194,0.0,0.0,0.0,0.0,1.0
222633.0,-0.4864,0.3814,0.1151,1.869,0.271,-7.247,-120.175,118.665,-26.243,-87.252,88.768,-28.79,-0.12,0.12,-0.09895,0.0,0.0,0.0,0.0,1.0
222641.0,-0.5419,0.3636,0.1879,0.526,-1.941,-3.058,-126.881,120.497,-27.519,-87.281,88.795,-28.789,-0.12,0.12,0.04877,0.0,0.0,0.0,0.0,1.0
222649.0,-0.5925,0.3236,0.2775,-0.759,-2.537,2.313,-122.241,124.474,-27.821,-87.309,88.821,-28.788,-0.12,0.12,0.12,0.0,0.0,0.0,0.0,1.0
222657.0,-0.6003,0.2896,0.3185,-0.985,-1.516,5.323,-123.476,114.574,-26.801,-87.34,88.845,-28.786,-0.12,0.12,0.12,0.0,0.0,0.0,0.0,1.0
222664.0,-0.5547,0.2852,0.2771,0.346,0.713,4.09,-126.307,124.64,-25.221,-87.368,88.871,-28.784,-0.12,0.12,0.12,0.0,0.0,0.0,0.0,1.0
222672.0,-0.4764,0.3103,0.1742,2.368,2.627,-1.433,-121.932,120.694,-23.849,-87.398,88.896,-28.78,-0.12,0.12,-0.01151,0.0,0.0,0.0,0.0,1.0
222680.0,-0.424,0.3306,0.1021,2.622,2.104,-5.498,-127.313,118.412,-23.486,-87.43,88.922,-28.776,-0.12,0.12,-0.0465,0.0,0.0,0.0,0.0,1.0
222688.0,-0.4596,0.3647,0.1045,1.414,-0.489,-4.551,-121.921,122.653,-24.364,-87.457,88.946,-28.772,-0.12,0.12,-0.05579,0.0,0.0,0.0,0.0,1.0
222695.0,-0.4999,0.3225,0.1859,-0.697,-2.269,0.503,-121.433,117.718,-25.823,-87.486,88.972,-28.77,-0.12,0.12,0.10683,0.0,0.0,0.0,0.0,1.0
222703.0,-0.5486,0.2896,0.2667,-1.449,-2.061,5.381,-127.916,123.201,-27.23,-87.515,88.998,-28.768,-0.12,0.12,0.12,0.0,0.0,0.0,0.0,1.0
222711.0,-0.5313,0.2578,0.2803,-0.778,-0.288,5.685,-118.857,116.048,-27.45,-87.543,89.02,-28.767,-0.12,0.12,0.12,0.0,0.0,0.0,0.0,1.0
222719.0,-0.4708,0.2531,0.2245,0.372,1.745,2.185,-125.924,121.252,-26.523,-87.573,89.047,-28.766,-0.12,0.12,0.10592,0.0,0.0,0.0,0.0,1.0
222727.0,-0.3927,0.2737,0.1262,1.991,2.64,-2.972,-126.679,123.387,-25.071,-87.602,89.072,-28.763,-0.12,0.12,-0.03176,0.0,0.0,0.0,0.0,1.0
222734.0,-0.368,0.2985,0.0774,1.849,1.61,-5.817,-119.517,114.793,-23.833,-87.631,89.095,-28.759,-0.12,0.12,-0.07321,0.0,0.0,0.0,0.0,1.0
222742.0,-0.4124,0.2979,0.1223,-0.174,-0.373,-3.82,-126.053,123.78,-23.593,-87.659,89.121,-28.755,-0.12,0.12,-0.00667,0.0,0.0,0.0,0.0,1.0
222750.0,-0.493,0.2937,0.2071,-1.742,-1.793,1.071,-120.667,118.47,-24.317,-87.686,89.145,-28.751,-0.12,0.12,0.11819,0.0,0.0,0.0,0.0,1.0
222758.0,-0.5359,0.2684,0.2747,-2.596,-1.715,5.124,-123.359,118.933,-25.552,-87.716,89.17,-28.749,-0.12,0.12,0.12,0.0,0.0,0.0,0.0,1.0
222765.0,-0.5087,0.2392,0.2759,-1.667,-0.3,5.846,-124.41,119.806,-26.735,-87.743,89.192,-28.747,-0.12,0.12,0.12,0.0,0.0,0.0,0.0,1.0
222773.0,-0.4342,0.2406,0.2,0.445,1.416,1.595,-121.058,118.246,-26.8,-87.772,89.218,-28.745,-0.12,0.12,0.08019,0.0,0.0,0.0,0.0,1.0
222781.0,-0.3788,0.27,0.116,2.197,1.071,-4.887,-127.274,123.466,-25.753,-87.802,89.243,-28.743,-0.12,0.12,-0.05235,0.0,0.0,0.0,0.0,1.0
222789.0,-0.3788,0.2879,0.0985,1.43,-0.42,-6.117,-120.046,114.908,-24.277,-87.828,89.265,-28.74,-0.12,0.12,-0.05056,0.0,0.0,0.0,0.0,1.0
222797.0,-0.4517,0.3115,0.1484,-0.523,-2.017,-3.307,-121.118,121.416,-23.101,-87.856,89.291,-28.736,-0.12,0.12,0.00836,0.0,0.0,0.0,0.0,1.0
222804.0,-0.5116,0.2987,0.2208,-2.114,-2.575,2.014,-126.542,121.042,-23.04,-87.884,89.315,-28.731,-0.12,0.12,0.12,0.0,0.0,0.0,0.0,1.0
222812.0,-0.5384,0.2878,0.2582,-1.887,-1.36,4.695,-117.828,114.535,-23.756,-87.911,89.338,-28.727,-0.12,0.12,0.12,0.0,0.0,0.0,0.0,1.0
222820.0,-0.4844,0.2701,0.2215,-0.579,0.071,3.013,-125.83,122.631,-25.055,-87.94,89.361,-28.723,-0.12,0.12,0.12,0.0,0.0,0.0,0.0,1.0
222828.0,-0.4068,0.2697,0.1442,1.406,1.24,-1.092,-124.265,117.212,-26.288,-87.968,89.385,-28.721,-0.12,0.12,0.04198,0.0,0.0,0.0,0.0,1.0
222835.0,-0.3453,0.2862,0.0666,2.54,0.873,-5.349,-120.024,121.019,-26.578,-87.996,89.411,-28.72,-0.12,0.12,-0.10306,0.0,0.0,0.0,0.0,1.0
222843.0,-0.3606,0.3089,0.0598,1.911,-0.692,-6.221,-124.881,117.139,-25.913,-88.023,89.432,-28.718,-0.12,0.12,-0.04661,0.0,0.0,0.0,0.0,1.0
222851.0,-0.4281,0.316,0.1204,-0.002,-2.031,-2.545,-118.743,118.373,-24.822,-88.049,89.457,-28.715,-0.12,0.12,0.01294,0.0,0.0,0.0,0.0,1.0
222859.0,-0.4751,0.3059,0.1773,-1.649,-2.476,3.142,-123.869,122.556,-23.67,-88.079,89.481,-28.711,-0.12,0.12,0.12,0.0,0.0,0.0,0.0,1.0
222867.0,-0.4777,0.2929,0.1925,-1.4,-1.245,4.199,-122.353,112.555,-23.346,-88.104,89.502,-28.707,-0.12,0.12,0.12,0.0,0.0,0.0,0.0,1.0
222875.0,-0.3739,0.227,0.1529,0.731,0.266,1.825,-120.331,122.367,-23.848,-88.132,89.526,-28.703,-0.12,0.12,0.05483,0.0,0.0,0.0,0.0,1.0
222882.0,-0.3002,0.2262,0.08,2.422,0.384,-3.156,-126.833,118.823,-24.769,-88.161,89.549,-28.699,-0.12,0.12,-0.00108,0.0,0.0,0.0,0.0,1.0
222890.0,-0.2846,0.2508,0.0404,2.991,-0.069,-5.597,-118.229,116.315,-25.821,-88.186,89.573,-28.697,-0.12,0.12,-0.09171,0.0,0.0,0.0,0.0,1.0
222898.0,-0.3288,0.2839,0.0524,1.627,-0.981,-4.695,-121.406,120.83,-26.032,-88.214,89.595,-28.695,-0.12,0.12,-0.06057,0.0,0.0,0.0,0.0,1.0
222906.0,-0.3928,0.2917,0.1088,-0.449,-1.754,-1.318,-124.765,115.693,-25.204,-88.241,89.618,-28.692,-0.12,0.12,0.08618,0.0,0.0,0.0,0.0,1.0
222914.0,-0.4192,0.2706,0.1557,-1.559,-1.638,3.377,-117.196,121.323,-23.928,-88.267,89.642,-28.688,-0.12,0.12,0.1058,0.0,0.0,0.0,0.0,1.0
222921.0,-0.3754,0.2366,0.1451,-0.964,-0.282,4.385,-125.398,113.519,-22.623,-88.294,89.662,-28.684,-0.12,0.12,0.12,0.0,0.0,0.0,0.0,1.0
222929.0,-0.2955,0.2194,0.0818,0.782,1.002,1.778,-121.708,120.254,-22.02,-88.321,89.687,-28.679,-0.12,0.12,0.05495,0.0,0.0,0.0,0.0,1.0
222937.0,-0.2111,0.2171,-0.0002,2.916,1.707,-2.013,-121.002,120.352,-22.491,-88.349,89.71,-28.674,-0.12,0.12,-0.05758,0.0,0.0,0.0,0.0,1.0
222945.0,-0.208,0.2516,-0.037,2.679,0.772,-5.281,-122.92,113.644,-23.524,-88.374,89.732,-28.669,-0.12,0.12,-0.06001,0.0,0.0,0.0,0.0,1.0
222952.0,-0.2643,0.2841,-0.0123,0.785,0.039,-3.076,-117.622,121.532,-24.871,-88.4,89.754,-28.666,-0.12,0.12,-0.07413,0.0,0.0,0.0,0.0,1.0
222960.0,-0.3247,0.2742,0.0577,-1.209,-0.199,1.27,-125.245,115.397,-25.76,-88.428,89.776,-28.663,-0.12,0.12,0.11783,0.0,0.0,0.0,0.0,1.0
222968.0,-0.3635,0.2739,0.0968,-1.876,0.462,3.919,-118.163,119.298,-25.462,-88.452,89.8,-28.661,-0.12,0.12,0.10472,0.0,0.0,0.0,0.0,1.0
222976.0,-0.3083,0.217,0.0971,-0.865,1.468,4.756,-121.683,114.837,-24.498,-88.48,89.819,-28.658,-0.12,0.12,0.12,0.0,0.0,0.0,0.0,1.0
222983.0,-0.2261,0.1865,0.0445,1.424,2.061,1.979,-125.554,118.327,-23.196,-88.507,89.843,-28.654,-0.12,0.12,0.07017,0.0,0.0,0.0,0.0,1.0
222991.0,-0.1745,0.2014,-0.0216,2.843,1.951,-2.712,-116.604,120.891,-22.197,-88.532,89.866,-28.649,-0.12,0.12,-0.10574,0.0,0.0,0.0,0.0,1.0
222999.0,-0.1876,0.2292,-0.0356,2.207,1.077,-3.845,-123.638,112.332,-22.071,-88.559,89.887,-28.643,-0.12,0.12,-0.02027,0.0,0.0,0.0,0.0,1.0
223007.0,-0.2512,0.2601,-0.002,0.201,0.47,-2.29,-119.179,121.262,-22.703,-88.583,89.909,-28.639,-0.12,0.12,-0.04415,0.0,0.0,0.0,0.0,1.0
223014.0,-0.3179,0.2675,0.0574,-2.3,0.059,1.362,-120.382,115.501,-23.815,-88.61,89.931,-28.634,-0.12,0.12,0.09759,0.0,0.0,0.0,0.0,1.0
223022.0,-0.347,0.2387,0.1146,-3.051,-0.001,5.451,-122.641,117.329,-24.96,-88.635,89.954,-28.631,-0.12,0.12,0.12,0.0,0.0,0.0,0.0,1.0
223030.0,-0.3203,0.2127,0.1132,-2.041,0.811,5.743,-118.771,115.921,-25.214,-88.661,89.973,-28.629,-0.12,0.12,0.12,0.0,0.0,0.0,0.0,1.0
223038.0,-0.253,0.2101,0.0485,0.686,1.235,1.324,-125.007,116.633,-24.377,-88.689,89.996,-28.625,-0.12,0.12,0.07939,0.0,0.0,0.0,0.0,1.0
223045.0,-0.2341,0.2349,0.0054,1.691,0.92,-1.587,-117.501,120.861,-23.108,-88.712,90.018,-28.621,-0.12,0.12,-0.05644,0.0,0.0,0.0,0.0,1.0
223053.0,-0.2715,0.3133,-0.0336,0.608,0.639,-3.605,-119.871,111.574,-21.849,-88.738,90.038,-28.616,-0.12,0.12,-0.01602,0.0,0.0,0.0,0.0,1.0
223061.0,-0.3553,0.381,-0.0156,-2.025,-0.26,-1.659,-123.307,120.585,-21.364,-88.763,90.061,-28.61,-0.12,0.12,0.02127,0.0,0.0,0.0,0.0,1.0
223069.0,-0.4202,0.4059,0.0249,-3.477,-0.595,2.667,-115.97,115.766,-21.726,-88.788,90.081,-28.605,-0.12,0.12,0.10233,0.0,0.0,0.0,0.0,1.0
223076.0,-0.4255,0.3695,0.0657,-3.801,-0.424,4.828,-124.145,115.744,-22.677,-88.814,90.104,-28.6,-0.12,0.12,0.12,0.0,0.0,0.0,0.0,1.0
223084.0,-0.3914,0.3198,0.08,-2.424,-0.48,4.775,-119.921,116.453,-23.903,-88.839,90.122,-28.596,-0.12,0.12,0.12,0.0,0.0,0.0,0.0,1.0
223092.0,-0.3392,0.2977,0.0494,-0.097,-0.126,2.622,-120.402,115.768,-24.802,-88.866,90.145,-28.593,-0.12,0.12,0.09688,0.0,0.0,0.0,0.0,1.0
223100.0,-0.3075,0.3111,0.0045,1.15,-0.299,-2.045,-120.664,120.463,-24.75,-88.89,90.167,-28.59,-0.12,0.12,-0.02809,0.0,0.0,0.0,0.0,1.0
223108.0,-0.3407,0.3464,0.0034,0.263,-0.572,-3.528,-116.453,111.132,-24.038,-88.914,90.186,-28.586,-0.12,0.12,-0.01374,0.0,0.0,0.0,0.0,1.0
223115.0,-0.3922,0.3693,0.0327,-1.301,-1.144,-2.026,-124.369,119.7,-23.004,-88.94,90.208,-28.582,-0.12,0.12,0.03655,0.0,0.0,0.0,0.0,1.0
223123.0,-0.4292,0.3611,0.0777,-3.001,-1.523,0.793,-115.975,115.74,-22.022,-88.963,90.228,-28.577,-0.12,0.12,0.08464,0.0,0.0,0.0,0.0,1.0
223131.0,-0.4248,0.305,0.1279,-3.419,-1.839,3.852,-121.585,114.478,-21.698,-88.989,90.25,-28.571,-0.12,0.12,0.12,0.0,0.0,0.0,0.0,1.0
223139.0,-0.3736,0.2289,0.1507,-1.14,-1.689,3.749,-123.077,116.741,-22.102,-89.014,90.268,-28.566,-0.12,0.12,0.12,0.0,0.0,0.0,0.0,1.0
223146.0,-0.3294,0.2073,0.1276,0.764,-1.481,0.156,-115.932,114.858,-22.848,-89.039,90.29,-28.561,-0.12,0.12,0.05337,0.0,0.0,0.0,0.0,1.0
223154.0,-0.2811,0.2077,0.0788,1.415,-0.847,-2.927,-122.474,119.977,-23.805,-89.064,90.312,-28.557,-0.12,0.12,-0.01099,0.0,0.0,0.0,0.0,1.0
223162.0,-0.2996,0.25,0.0562,0.421,-0.594,-4.406,-116.441,110.687,-24.217,-89.086,90.33,-28.554,-0.12,0.12,-0.01689,0.0,0.0,0.0,0.0,1.0
223170.0,-0.336,0.2747,0.0686,-1.581,-0.899,-3.155,-121.498,119.054,-23.835,-89.113,90.352,-28.55,-0.12,0.12,0.01026,0.0,0.0,0.0,0.0,1.0
223177.0,-0.3775,0.2612,0.1231,-2.838,-1.236,0.659,-119.037,115.399,-22.84,-89.135,90.372,-28.546,-0.12,0.12,0.10803,0.0,0.0,0.0,0.0,1.0
223185.0,-0.3742,0.2095,0.1702,-2.924,-1.207,3.888,-118.195,113.701,-21.664,-89.16,90.392,-28.541,-0.12,0.12,0.12,0.0,0.0,0.0,0.0,1.0
223193.0,-0.3317,0.1535,0.1822,-1.078,-1.306,3.62,-124.351,116.415,-20.726,-89.186,90.41,-28.534,-0.12,0.12,0.12,0.0,0.0,0.0,0.0,1.0
223201.0,-0.2813,0.1238,0.1608,0.857,-1.012,1.496,-114.684,114.317,-20.508,-89.209,90.432,-28.528,-0.12,0.12,0.07519,0.0,0.0,0.0,0.0,1.0
223208.0,-0.2564,0.1484,0.1118,1.789,-0.377,-1.763,-120.932,119.468,-21.084,-89.234,90.453,-28.522,-0.12,0.12,0.00355,0.0,0.0,0.0,0.0,1.0
223216.0,-0.2878,0.2129,0.0805,0.776,0.317,-4.615,-119.058,110.194,-21.987,-89.256,90.471,-28.517,-0.12,0.12,-0.00576,0.0,0.0,0.0,0.0,1.0
223224.0,-0.3343,0.251,0.0899,-1.028,0.043,-3.594,-117.063,118.524,-23.086,-89.281,90.492,-28.512,-0.12,0.12,-0.02988,0.0,0.0,0.0,0.0,1.0
223232.0,-0.3768,0.2522,0.1312,-2.371,-0.518,0.425,-121.686,114.718,-23.822,-89.304,90.511,-28.508,-0.12,0.12,0.11508,0.0,0.0,0.0,0.0,1.0
223239.0,-0.3807,0.2107,0.1755,-2.136,-1.475,3.79,-116.837,113.418,-23.682,-89.328,90.531,-28.504,-0.12,0.12,0.12,0.0,0.0,0.0,0.0,1.0
223247.0,-0.3394,0.1448,0.1984,-0.463,-1.267,3.917,-122.724,115.489,-22.924,-89.354,90.549,-28.5,-0.12,0.12,0.12,0.0,0.0,0.0,0.0,1.0
223255.0,-0.2916,0.1254,0.1696,1.41,-0.74,0.988,-116.026,113.991,-21.795,-89.375,90.57,-28.495,-0.12,0.12,0.07031,0.0,0.0,0.0,0.0,1.0
223263.0,-0.3068,0.1771,0.1344,1.581,0.237,-3.225,-117.926,118.899,-20.689,-89.399,90.59,-28.489,-0.12,0.12,-0.03511,0.0,0.0,0.0,0.0,1.0
223270.0,-0.3419,0.2426,0.1057,0.755,0.77,-4.941,-121.577,109.532,-20.296,-89.422,90.608,-28.482,-0.12,0.12,0.01105,0.0,0.0,0.0,0.0,1.0
223278.0,-0.3844,0.2834,0.1086,-0.59,0.782,-3.29,-114.187,118.163,-20.658,-89.445,90.628,-28.476,-0.12,0.12,-0.04508,0.0,0.0,0.0,0.0,1.0
223286.0,-0.4203,0.2854,0.1424,-1.998,0.012,-0.689,-122.312,113.884,-21.468,-89.469,90.647,-28.47,-0.12,0.12,0.10102,0.0,0.0,0.0,0.0,1.0
223294.0,-0.4347,0.236,0.2049,-1.668,-0.884,3.259,-117.763,113.507,-22.538,-89.492,90.667,-28.465,-0.12,0.12,0.12,0.0,0.0,0.0,0.0,1.0
223302.0,-0.4185,0.1832,0.2401,-0.334,-1.139,4.823,-119.143,114.23,-23.243,-89.517,90.683,-28.461,-0.12,0.12,0.12,0.0,0.0,0.0,0.0,1.0
223309.0,-0.3836,0.17,0.2182,1.273,-0.382,2.036,-118.25,113.911,-23.059,-89.539,90.704,-28.457,-0.12,0.12,0.10997,0.0,0.0,0.0,0.0,1.0
223317.0,-0.3771,0.211,0.1717,2.083,0.984,-2.044,-115.234,118.186,-22.182,-89.561,90.724,-28.452,-0.12,0.12,-0.03173,0.0,0.0,0.0,0.0,1.0
223325.0,-0.3952,0.2842,0.1185,1.618,1.604,-4.628,-122.47,108.979,-21.145,-89.585,90.741,-28.446,-0.12,0.12,0.01237,0.0,0.0,0.0,0.0,1.0
223333.0,-0.4168,0.3227,0.1026,-0.132,1.063,-4.135,-113.449,118.055,-20.135,-89.606,90.761,-28.44,-0.12,0.12,-0.07081,0.0,0.0,0.0,0.0,1.0
223340.0,-0.4236,0.311,0.1209,-1.36,-0.526,-0.366,-120.966,112.614,-19.753,-89.631,90.779,-28.433,-0.12,0.12,0.10129,0.0,0.0,0.0,0.0,1.0
223348.0,-0.4207,0.2422,0.1849,-1.454,-1.432,3.488,-119.483,114.0,-19.992,-89.653,90.798,-28.426,-0.12,0.12,0.12,0.0,0.0,0.0,0.0,1.0
223356.0,-0.413,0.2,0.2183,-0.296,-1.758,4.03,-115.649,112.713,-20.634,-89.677,90.814,-28.42,-0.12,0.12,0.12,0.0,0.0,0.0,0.0,1.0
223364.0,-0.3773,0.1831,0.199,0.971,-1.043,1.202,-119.916,114.003,-21.57,-89.699,90.834,-28.414,-0.12,0.12,0.11107,0.0,0.0,0.0,0.0,1.0
223372.0,-0.3712,0.2278,0.1494,1.638,0.382,-2.475,-113.908,117.321,-22.486,-89.72,90.853,-28.409,-0.12,0.12,-0.03782,0.0,0.0,0.0,0.0,1.0
223379.0,-0.3746,0.2992,0.0833,0.983,1.403,-5.695,-121.634,108.718,-22.825,-89.744,90.871,-28.405,-0.12,0.12,-0.01047,0.0,0.0,0.0,0.0,1.0
223387.0,-0.4022,0.3525,0.059,-0.559,0.849,-5.819,-114.788,117.619,-22.487,-89.764,90.89,-28.4,-0.12,0.12,-0.09361,0.0,0.0,0.0,0.0,1.0
223395.0,-0.4221,0.3412,0.09,-1.437,-0.171,-1.912,-118.314,111.555,-21.758,-89.788,90.907,-28.395,-0.12,0.12,0.05454,0.0,0.0,0.0,0.0,1.0
223403.0,-0.4222,0.2863,0.1435,-1.452,-1.782,2.357,-121.579,114.603,-20.791,-89.811,90.927,-28.389,-0.12,0.12,0.12,0.0,0.0,0.0,0.0,1.0
223411.0,-0.4048,0.2396,0.1715,-0.51,-2.009,3.86,-113.176,110.875,-20.053,-89.833,90.942,-28.382,-0.12,0.12,0.12,0.0,0.0,0.0,0.0,1.0
223418.0,-0.3916,0.2461,0.1521,1.076,-0.533,1.962,-120.208,114.547,-19.903,-89.855,90.961,-28.376,-0.12,0.12,0.10901,0.0,0.0,0.0,0.0,1.0
223426.0,-0.3734,0.2875,0.0935,1.598,1.027,-2.445,-114.293,116.132,-20.288,-89.875,90.98,-28.369,-0.12,0.12,-0.04285,0.0,0.0,0.0,0.0,1.0
223434.0,-0.3678,0.3535,0.0236,1.088,1.946,-6.025,-119.272,108.865,-20.926,-89.899,90.997,-28.363,-0.12,0.12,-0.04809,0.0,0.0,0.0,0.0,1.0
223442.0,-0.3693,0.3899,-0.0103,-0.099,1.225,-5.28,-116.221,116.617,-21.721,-89.919,91.015,-28.358,-0.12,0.12,-0.09065,0.0,0.0,0.0,0.0,1.0
223449.0,-0.3821,0.368,0.0238,-0.888,-0.676,-1.216,-116.546,110.434,-22.234,-89.942,91.032,-28.353,-0.12,0.12,0.04742,0.0,0.0,0.0,0.0,1.0
223457.0,-0.3826,0.3018,0.0888,-1.229,-2.303,2.866,-121.758,116.089,-22.031,-89.965,91.051,-28.348,-0.12,0.12,0.12,0.0,0.0,0.0,0.0,1.0
223465.0,-0.3664,0.2252,0.1472,-0.756,-2.921,5.019,-112.292,108.027,-21.306,-89.985,91.065,-28.342,-0.12,0.12,0.12,0.0,0.0,0.0,0.0,1.0
223473.0,-0.356,0.2044,0.157,-0.003,-1.905,4.306,-119.399,115.782,-20.363,-90.007,91.085,-28.336,-0.12,0.12,0.12,0.0,0.0,0.0,0.0,1.0
223480.0,-0.3327,0.2506,0.0887,0.96,-0.007,-0.457,-114.891,113.86,-19.342,-90.027,91.102,-28.329,-0.12,0.12,0.02252,0.0,0.0,0.0,0.0,1.0
223488.0,-0.3254,0.3229,0.011,0.843,1.292,-5.127,-117.23,110.321,-18.718,-90.05,91.12,-28.321,-0.12,0.12,-0.0473,0.0,0.0,0.0,0.0,1.0
223496.0,-0.3374,0.371,-0.0238,-0.073,1.165,-5.775,-117.203,114.364,-18.772,-90.07,91.136,-28.314,-0.12,0.12,-0.08013,0.0,0.0,0.0,0.0,1.0
223504.0,-0.351,0.3619,-0.0014,-1.001,-0.383,-3.087,-115.171,110.453,-19.365,-90.092,91.153,-28.306,-0.12,0.12,0.00215,0.0,0.0,0.0,0.0,1.0
223511.0,-0.3627,0.2943,0.0761,-1.886,-3.005,2.851,-121.561,116.324,-20.285,-90.115,91.172,-28.3,-0.12,0.12,0.12,0.0,0.0,0.0,0.0,1.0
223519.0,-0.3644,0.2126,0.1574,-1.156,-3.196,5.694,-111.889,106.434,-21.318,-90.135,91.186,-28.294,-0.12,0.12,0.12,0.0,0.0,0.0,0.0,1.0
223527.0,-0.3461,0.1882,0.1628,-0.237,-1.797,4.327,-118.506,116.56,-21.855,-90.157,91.204,-28.289,-0.12,0.12,0.12,0.0,0.0,0.0,0.0,1.0
223535.0,-0.3398,0.23,0.1159,0.801,0.715,-0.597,-115.198,111.215,-21.588,-90.176,91.221,-28.283,-0.12,0.12,0.0369,0.0,0.0,0.0,0.0,1.0
223542.0,-0.3385,0.2998,0.0466,0.98,2.106,-4.915,-115.566,112.821,-20.861,-90.198,91.239,-28.278,-0.12,0.12,-0.07125,0.0,0.0,0.0,0.0,1.0
223550.0,-0.3464,0.3498,0.0058,0.839,1.986,-5.816,-117.686,110.851,-19.995,-90.218,91.253,-28.271,-0.12,0.12,-0.0672,0.0,0.0,0.0,0.0,1.0
223558.0,-0.3614,0.3355,0.0347,0.011,0.188,-3.72,-114.328,111.696,-19.113,-90.239,91.271,-28.264,-0.12,0.12,-0.02777,0.0,0.0,0.0,0.0,1.0
223566.0,-0.3829,0.2646,0.1252,-0.738,-1.958,0.972,-120.675,115.301,-18.694,-90.262,91.288,-28.257,-0.12,0.12,0.11462,0.0,0.0,0.0,0.0,1.0
223574.0,-0.4031,0.1895,0.2186,-0.835,-3.165,5.13,-112.027,106.314,-18.834,-90.281,91.303,-28.249,-0.12,0.12,0.12,0.0,0.0,0.0,0.0,1.0
223582.0,-0.4053,0.1639,0.2457,0.012,-1.629,5.284,-116.855,115.742,-19.229,-90.302,91.32,-28.242,-0.12,0.12,0.12,0.0,0.0,0.0,0.0,1.0
223589.0,-0.3782,0.1879,0.1953,0.953,0.456,0.884,-116.374,109.831,-19.754,-90.321,91.336,-28.235,-0.12,0.12,0.09616,0.0,0.0,0.0,0.0,1.0
223597.0,-0.3482,0.2627,0.0924,1.571,2.822,-5.483,-113.717,114.632,-20.458,-90.343,91.355,-28.228,-0.12,0.12,-0.105,0.0,0.0,0.0,0.0,1.0
223605.0,-0.3459,0.3239,0.0305,1.979,2.774,-7.005,-118.398,107.781,-20.925,-90.362,91.368,-28.222,-0.12,0.12,-0.07771,0.0,0.0,0.0,0.0,1.0
223613.0,-0.3548,0.3324,0.0311,1.077,0.251,-5.378,-113.673,113.708,-20.841,-90.383,91.386,-28.217,-0.12,0.12,-0.08433,0.0,0.0,0.0,0.0,1.0
223620.0,-0.3619,0.2818,0.0875,0.569,-1.974,-0.425,-120.122,112.207,-20.337,-90.405,91.402,-28.21,-0.12,0.12,0.08485,0.0,0.0,0.0,0.0,1.0
223628.0,-0.3914,0.2191,0.1781,0.133,-3.083,4.608,-111.733,108.838,-19.56,-90.423,91.418,-28.204,-0.12,0.12,0.12,0.0,0.0,0.0,0.0,1.0
223636.0,-0.3947,0.1995,0.2005,0.442,-2.29,4.881,-116.014,112.59,-18.641,-90.444,91.432,-28.196,-0.12,0.12,0.12,0.0,0.0,0.0,0.0,1.0
223644.0,-0.3747,0.2304,0.1503,1.265,0.363,0.876,-116.393,110.142,-17.941,-90.463,91.449,-28.188,-0.12,0.12,0.08437,0.0,0.0,0.0,0.0,1.0
223652.0,-0.3359,0.2954,0.0483,2.073,2.181,-3.969,-112.868,115.117,-17.902,-90.484,91.466,-28.18,-0.12,0.12,-0.09355,0.0,0.0,0.0,0.0,1.0
223659.0,-0.3029,0.3589,-0.0466,2.539,2.401,-7.298,-118.25,105.898,-18.205,-90.503,91.48,-28.172,-0.12,0.12,-0.08832,0.0,0.0,0.0,0.0,1.0
223667.0,-0.292,0.3694,-0.0677,2.145,0.407,-7.13,-113.244,114.983,-18.849,-90.523,91.497,-28.164,-0.12,0.12,-0.12,0.0,0.0,0.0,0.0,1.0
223675.0,-0.2996,0.323,-0.0149,1.022,-2.27,-2.801,-119.456,109.031,-19.738,-90.545,91.512,-28.157,-0.12,0.12,0.03662,0.0,0.0,0.0,0.0,1.0
223683.0,-0.3237,0.2482,0.082,0.267,-4.06,3.02,-111.41,112.435,-20.567,-90.563,91.529,-28.151,-0.12,0.12,0.1074,0.0,0.0,0.0,0.0,1.0
223690.0,-0.3334,0.215,0.124,-0.227,-2.904,5.213,-115.544,107.583,-20.772,-90.583,91.541,-28.145,-0.12,0.12,0.12,0.0,0.0,0.0,0.0,1.0
223698.0,-0.2939,0.2171,0.0825,0.774,-0.336,1.643,-115.771,112.701,-20.452,-90.602,91.559,-28.139,-0.12,0.12,0.07308,0.0,0.0,0.0,0.0,1.0
223706.0,-0.2606,0.2757,-0.0078,1.821,2.721,-3.516,-112.668,112.43,-19.817,-90.622,91.574,-28.133,-0.12,0.12,-0.08651,0.0,0.0,0.0,0.0,1.0
223714.0,-0.2179,0.3351,-0.1084,2.523,2.963,-6.997,-117.624,107.546,-18.963,-90.641,91.589,-28.126,-0.12,0.12,-0.11482,0.0,0.0,0.0,0.0,1.0
223721.0,-0.1726,0.3373,-0.1558,2.064,1.155,-7.162,-112.789,112.69,-18.174,-90.66,91.603,-28.118,-0.12,0.12,-0.12,0.0,0.0,0.0,0.0,1.0
223729.0,-0.1721,0.2755,-0.0962,1.381,-1.705,-2.668,-119.176,108.302,-17.872,-90.682,91.619,-28.11,-0.12,0.12,0.0178,0.0,0.0,0.0,0.0,1.0
223737.0,-0.2011,0.201,0.0055,0.377,-3.716,3.624,-110.639,114.252,-18.089,-90.699,91.635,-28.102,-0.12,0.12,0.08411,0.0,0.0,0.0,0.0,1.0
223745.0,-0.216,0.1462,0.0737,-0.209,-3.289,6.214,-115.58,104.405,-18.587,-90.719,91.648,-28.094,-0.12,0.12,0.12,0.0,0.0,0.0,0.0,1.0
223752.0,-0.2012,0.1488,0.0563,0.287,-0.592,4.501,-114.8,114.502,-19.175,-90.737,91.664,-28.087,-0.12,0.12,0.10725,0.0,0.0,0.0,0.0,1.0
223760.0,-0.1583,0.191,-0.0277,1.271,2.202,-0.229,-112.819,108.653,-19.76,-90.757,91.678,-28.08,-0.12,0.12,-0.00189,0.0,0.0,0.0,0.0,1.0
223768.0,-0.1109,0.2627,-0.1449,2.579,3.468,-5.021,-116.664,111.631,-19.998,-90.775,91.695,-28.073,-0.12,0.12,-0.12,0.0,0.0,0.0,0.0,1.0
223776.0,-0.0907,0.2998,-0.2013,2.35,1.694,-7.142,-112.312,108.128,-19.678,-90.794,91.707,-28.067,-0.12,0.12,-0.12,0.0,0.0,0.0,0.0,1.0
223784.0,-0.0952,0.2602,-0.1582,1.435,-1.256,-3.172,-118.64,110.454,-19.118,-90.815,91.723,-28.06,-0.12,0.12,-0.02491,0.0,0.0,0.0,0.0,1.0
223792.0,-0.1331,0.193,-0.0549,-0.437,-3.611,3.381,-110.429,112.073,-18.477,-90.831,91.737,-28.052,-0.12,0.12,0.08529,0.0,0.0,0.0,0.0,1.0
223799.0,-0.1933,0.1468,0.0504,-1.435,-3.243,6.866,-114.976,105.667,-17.739,-90.851,91.751,-28.044,-0.12,0.12,0.12,0.0,0.0,0.0,0.0,1.0
223807.0,-0.1986,0.1519,0.0507,-1.344,-0.89,5.585,-114.466,112.187,-17.096,-90.868,91.764,-28.035,-0.12,0.12,0.12,0.0,0.0,0.0,0.0,1.0
223815.0,-0.1552,0.1869,-0.0268,0.066,1.825,1.036,-112.194,108.1,-16.787,-90.888,91.78,-28.026,-0.12,0.12,0.03564,0.0,0.0,0.0,0.0,1.0
223823.0,-0.0971,0.2495,-0.1458,1.745,3.529,-4.354,-116.091,113.534,-17.037,-90.905,91.795,-28.018,-0.12,0.12,-0.11883,0.0,0.0,0.0,0.0,1.0
223830.0,-0.0537,0.2796,-0.2186,2.372,2.349,-7.608,-111.89,104.323,-17.487,-90.924,91.807,-28.009,-0.12,0.12,-0.12,0.0,0.0,0.0,0.0,1.0
223838.0,-0.0586,0.2626,-0.1972,2.066,-0.319,-5.691,-118.577,113.256,-18.262,-90.945,91.823,-28.001,-0.12,0.12,-0.10609,0.0,0.0,0.0,0.0,1.0
223846.0,-0.1042,0.1939,-0.0846,0.529,-3.247,0.465,-109.341,107.427,-19.173,-90.961,91.836,-27.994,-0.12,0.12,0.03758,0.0,0.0,0.0,0.0,1.0
223854.0,-0.1576,0.1382,0.023,-1.117,-4.067,5.785,-115.419,110.83,-19.705,-90.98,91.852,-27.987,-0.12,0.12,0.12,0.0,0.0,0.0,0.0,1.0
223861.0,-0.1761,0.1044,0.0744,-1.531,-2.064,6.84,-112.722,105.736,-19.542,-90.996,91.862,-27.98,-0.12,0.12,0.12,0.0,0.0,0.0,0.0,1.0
223869.0,-0.1399,0.1308,0.0125,0.041,1.88,1.535,-113.063,111.297,-18.939,-91.016,91.878,-27.973,-0.12,0.12,0.0369,0.0,0.0,0.0,0.0,1.0
223877.0,-0.0988,0.1948,-0.0909,2.322,3.441,-3.998,-114.313,110.394,-18.162,-91.032,91.892,-27.966,-0.12,0.12,-0.09936,0.0,0.0,0.0,0.0,1.0
223885.0,-0.0422,0.2324,-0.184,3.725,2.658,-7.896,-111.935,106.672,-17.338,-91.051,91.906,-27.957,-0.12,0.12,-0.12,0.0,0.0,0.0,0.0,1.0
223892.0,-0.017,0.2375,-0.2143,3.341,-0.071,-7.426,-118.335,110.234,-16.713,-91.071,91.918,-27.949,-0.12,0.12,-0.12,0.0,0.0,0.0,0.0,1.0
223900.0,-0.0382,0.1879,-0.1448,1.787,-3.119,-2.085,-108.669,107.247,-16.605,-91.087,91.932,-27.939,-0.12,0.12,-0.03229,0.0,0.0,0.0,0.0,1.0
223908.0,-0.0951,0.1294,-0.0308,-0.514,-4.504,4.14,-115.727,112.471,-16.869,-91.105,91.947,-27.931,-0.12,0.12,0.12,0.0,0.0,0.0,0.0,1.0
223916.0,-0.1228,0.1028,0.0227,-1.499,-3.357,6.409,-110.74,103.034,-17.258,-91.121,91.958,-27.922,-0.12,0.12,0.12,0.0,0.0,0.0,0.0,1.0
223923.0,-0.1053,0.1243,-0.0158,-0.999,-0.296,3.589,-114.412,112.568,-17.722,-91.141,91.972,-27.914,-0.12,0.12,0.09596,0.0,0.0,0.0,0.0,1.0
223931.0,-0.0344,0.1603,-0.1217,0.794,1.796,-1.671,-111.959,106.535,-18.267,-91.156,91.985,-27.906,-0.12,0.12,-0.02998,0.0,0.0,0.0,0.0,1.0
223939.0,0.0478,0.1993,-0.2419,2.979,2.583,-6.334,-112.686,111.808,-18.653,-91.175,92.0,-27.898,-0.12,0.12,-0.12,0.0,0.0,0.0,0.0,1.0
223947.0,0.0983,0.2063,-0.2993,3.781,0.672,-8.503,-117.286,103.882,-18.644,-91.193,92.011,-27.891,-0.12,0.12,-0.12,0.0,0.0,0.0,0.0,1.0
223954.0,0.0952,0.1678,-0.2586,3.083,-2.489,-6.125,-108.758,111.642,-18.25,-91.21,92.026,-27.883,-0.12,0.12,-0.12,0.0,0.0,0.0,0.0,1.0
223962.0,0.0387,0.1163,-0.1521,0.789,-4.608,0.404,-115.533,107.413,-17.742,-91.227,92.038,-27.875,-0.12,0.12,0.07131,0.0,0.0,0.0,0.0,1.0
223970.0,0.0002,0.0668,-0.0652,-1.572,-3.93,6.527,-108.994,108.447,-17.145,-91.243,92.052,-27.867,-0.12,0.12,0.12,0.0,0.0,0.0,0.0,1.0
223978.0,-0.0141,0.0722,-0.0562,-1.556,-1.103,5.376,-116.05,105.981,-16.422,-91.262,92.062,-27.858,-0.12,0.12,0.12,0.0,0.0,0.0,0.0,1.0
223985.0,0.0334,0.099,-0.1299,0.019,1.865,0.303,-109.358,109.3,-15.965,-91.277,92.077,-27.849,-0.12,0.12,-0.02242,0.0,0.0,0.0,0.0,1.0
223993.0,0.1111,0.1283,-0.2361,2.568,2.762,-4.94,-114.128,110.042,-15.933,-91.295,92.09,-27.839,-0.12,0.12,-0.12,0.0,0.0,0.0,0.0,1.0
224001.0,0.1836,0.136,-0.3161,3.73,1.263,-7.563,-115.028,104.764,-16.12,-91.313,92.102,-27.83,-0.12,0.12,-0.12,0.0,0.0,0.0,0.0,1.0
224009.0,0.1894,0.1204,-0.3067,3.363,-1.673,-6.693,-110.017,109.87,-16.547,-91.33,92.114,-27.82,-0.12,0.12,-0.12,0.0,0.0,0.0,0.0,1.0
224016.0,0.1423,0.0775,-0.2178,1.218,-4.204,-1.698,-114.046,105.923,-17.217,-91.346,92.127,-27.812,-0.12,0.12,0.01427,0.0,0.0,0.0,0.0,1.0
224024.0,0.0678,0.0415,-0.1082,-1.492,-4.61,4.379,-108.559,111.518,-17.995,-91.362,92.141,-27.804,-0.12,0.12,0.10113,0.0,0.0,0.0,0.0,1.0
224032.0,0.0433,0.0207,-0.0635,-2.848,-2.883,6.967,-116.489,101.935,-18.478,-91.38,92.151,-27.796,-0.12,0.12,0.12,0.0,0.0,0.0,0.0,1.0
224040.0,0.0833,0.0293,-0.1118,-1.931,0.003,3.799,-107.406,111.523,-18.377,-91.395,92.164,-27.789,-0.12,0.12,0.04758,0.0,0.0,0.0,0.0,1.0
224048.0,0.1629,0.0666,-0.2277,0.348,1.949,-1.695,-115.483,105.547,-17.948,-91.413,92.176,-27.781,-0.12,0.12,-0.02173,0.0,0.0,0.0,0.0,1.0
224055.0,0.2394,0.0912,-0.3282,2.499,1.767,-6.201,-112.264,110.671,-17.372,-91.429,92.19,-27.773,-0.12,0.12,-0.12,0.0,0.0,0.0,0.0,1.0
224063.0,0.2785,0.0916,-0.3678,3.441,-0.478,-7.753,-112.237,102.82,-16.703,-91.447,92.2,-27.764,-0.12,0.12,-0.12,0.0,0.0,0.0,0.0,1.0
224071.0,0.2336,0.0774,-0.3091,0.912,-4.007,-4.021,-111.334,110.584,-16.101,-91.462,92.214,-27.755,-0.12,0.12,-0.08677,0.0,0.0,0.0,0.0,1.0
224079.0,0.1537,0.0461,-0.1986,-1.662,-5.232,2.105,-109.513,106.161,-15.851,-91.478,92.225,-27.745,-0.12,0.12,0.08959,0.0,0.0,0.0,0.0,1.0
224086.0,0.0884,0.0078,-0.0961,-3.572,-4.484,6.227,-115.074,107.747,-15.97,-91.494,92.238,-27.736,-0.12,0.12,0.12,0.0,0.0,0.0,0.0,1.0
224094.0,0.0752,-0.0009,-0.0744,-3.19,-1.599,6.343,-107.347,104.367,-16.228,-91.51,92.247,-27.727,-0.12,0.12,0.12,0.0,0.0,0.0,0.0,1.0
224102.0,0.1466,0.0175,-0.1637,-0.551,0.828,0.642,-115.262,108.803,-16.508,-91.526,92.261,-27.718,-0.12,0.12,0.02953,0.0,0.0,0.0,0.0,1.0
224110.0,0.2319,0.0384,-0.2694,2.283,1.807,-4.863,-109.665,108.446,-16.883,-91.542,92.272,-27.709,-0.12,0.12,-0.12,0.0,0.0,0.0,0.0,1.0
224118.0,0.2776,0.0544,-0.3307,3.907,0.768,-7.457,-115.003,104.303,-17.363,-91.56,92.285,-27.701,-0.12,0.12,-0.12,0.0,0.0,0.0,0.0,1.0
224125.0,0.2677,0.0482,-0.3147,3.159,-1.069,-6.351,-108.263,108.074,-17.598,-91.574,92.295,-27.692,-0.12,0.12,-0.12,0.0,0.0,0.0,0.0,1.0
224133.0,0.1993,0.0305,-0.2291,0.67,-2.776,-2.261,-111.652,105.336,-17.485,-91.591,92.307,-27.684,-0.12,0.12,-0.01661,0.0,0.0,0.0,0.0,1.0
224141.0,0.1137,0.0041,-0.1177,-1.932,-3.146,3.249,-112.494,110.231,-17.074,-91.605,92.319,-27.676,-0.12,0.12,0.10405,0.0,0.0,0.0,0.0,1.0
224149.0,0.0928,-0.025,-0.0685,-2.852,-1.248,7.134,-108.839,101.057,-16.519,-91.622,92.329,-27.667,-0.12,0.12,0.12,0.0,0.0,0.0,0.0,1.0
224157.0,0.1288,-0.0317,-0.0979,-1.07,1.161,4.528,-113.384,110.128,-15.779,-91.636,92.34,-27.658,-0.12,0.12,0.09233,0.0,0.0,0.0,0.0,1.0
224165.0,0.2395,-0.0146,-0.2253,1.402,2.711,-2.137,-108.939,104.443,-15.009,-91.652,92.352,-27.648,-0.12,0.12,-0.07715,0.0,0.0,0.0,0.0,1.0
224173.0,0.3222,-0.0043,-0.3181,3.804,1.987,-7.094,-115.69,109.897,-14.63,-91.67,92.365,-27.638,-0.12,0.12,-0.12,0.0,0.0,0.0,0.0,1.0
224180.0,0.3391,0.0061,-0.3452,3.346,0.467,-7.23,-106.635,101.535,-14.638,-91.683,92.373,-27.627,-0.12,0.12,-0.12,0.0,0.0,0.0,0.0,1.0
224188.0,0.2919,0.0075,-0.2993,0.722,-1.147,-4.26,-112.828,109.692,-15.019,-91.7,92.386,-27.617,-0.12,0.12,-0.09635,0.0,0.0,0.0,0.0,1.0
224196.0,0.2114,0.0004,-0.2118,-1.855,-2.034,0.473,-109.205,104.525,-15.45,-91.713,92.396,-27.607,-0.12,0.12,0.04135,0.0,0.0,0.0,0.0,1.0
224204.0,0.1554,-0.0304,-0.1258,-3.621,-1.578,5.167,-111.43,107.398,-16.014,-91.73,92.409,-27.598,-0.12,0.12,0.12,0.0,0.0,0.0,0.0,1.0
224212.0,0.1728,-0.0562,-0.1181,-2.301,0.665,6.89,-110.62,102.847,-16.616,-91.744,92.416,-27.589,-0.12,0.12,0.12,0.0,0.0,0.0,0.0,1.0
224219.0,0.2385,-0.0542,-0.1858,0.674,2.622,3.225,-109.686,108.184,-16.979,-91.76,92.429,-27.58,-0.12,0.12,0.0111,0.0,0.0,0.0,0.0,1.0
224227.0,0.3253,-0.0356,-0.2907,3.198,3.526,-2.529,-114.994,107.007,-16.883,-91.776,92.44,-27.572,-0.12,0.12,-0.09957,0.0,0.0,0.0,0.0,1.0
224235.0,0.367,-0.0043,-0.3629,4.024,2.68,-6.315,-106.217,104.169,-16.577,-91.79,92.451,-27.563,-0.12,0.12,-0.12,0.0,0.0,0.0,0.0,1.0
224243.0,0.3238,0.0297,-0.3529,2.531,1.634,-4.939,-113.237,105.88,-16.224,-91.805,92.46,-27.554,-0.12,0.12,-0.12,0.0,0.0,0.0,0.0,1.0
224251.0,0.2252,0.0328,-0.2571,-0.503,0.254,0.427,-106.742,104.833,-15.824,-91.819,92.472,-27.545,-0.12,0.12,-0.018,0.0,0.0,0.0,0.0,1.0
224259.0,0.146,0.0255,-0.1709,-2.639,0.376,4.873,-113.762,108.275,-15.264,-91.835,92.482,-27.535,-0.12,0.12,0.11796,0.0,0.0,0.0,0.0,1.0
224266.0,0.1207,0.0075,-0.128,-3.276,0.906,6.355,-106.46,101.098,-14.748,-91.847,92.492,-27.525,-0.12,0.12,0.12,0.0,0.0,0.0,0.0,1.0
224274.0,0.1612,-0.0184,-0.1433,-1.414,1.742,5.03,-111.681,108.25,-14.49,-91.864,92.502,-27.515,-0.12,0.12,0.09118,0.0,0.0,0.0,0.0,1.0
224282.0,0.2403,-0.0262,-0.2149,1.774,2.208,0.742,-112.187,103.732,-14.472,-91.878,92.513,-27.504,-0.12,0.12,-0.00013,0.0,0.0,0.0,0.0,1.0
224290.0,0.3112,-0.0097,-0.3018,4.327,1.861,-5.482,-108.093,109.23,-14.595,-91.894,92.524,-27.494,-0.12,0.12,-0.12,0.0,0.0,0.0,0.0,1.0
224298.0,0.3103,0.0227,-0.3325,3.93,0.569,-7.81,-111.232,100.105,-14.809,-91.907,92.533,-27.484,-0.12,0.12,-0.12,0.0,0.0,0.0,0.0,1.0
224306.0,0.2412,0.0597,-0.2995,1.223,-0.335,-5.256,-106.666,109.039,-15.207,-91.921,92.543,-27.474,-0.12,0.12,-0.12,0.0,0.0,0.0,0.0,1.0
224313.0,0.1656,0.0701,-0.2339,-2.271,-0.869,-0.171,-113.878,102.484,-15.784,-91.936,92.553,-27.464,-0.12,0.12,0.06067,0.0,0.0,0.0,0.0,1.0
224321.0,0.1209,0.0547,-0.1742,-4.098,-0.396,3.932,-104.976,108.385,-16.26,-91.949,92.565,-27.455,-0.12,0.12,0.06514,0.0,0.0,0.0,0.0,1.0
224329.0,0.1463,0.0288,-0.1744,-2.902,0.289,4.271,-113.386,99.186,-16.279,-91.964,92.571,-27.446,-0.12,0.12,0.12,0.0,0.0,0.0,0.0,1.0
224336.0,0.2294,-0.0003,-0.2292,-0.109,1.004,1.185,-107.944,108.958,-15.916,-91.978,92.583,-27.437,-0.12,0.12,-0.02631,0.0,0.0,0.0,0.0,1.0
224344.0,0.3191,-0.0127,-0.3068,3.406,1.071,-3.242,-112.896,103.12,-15.462,-91.995,92.592,-27.428,-0.12,0.12,-0.08503,0.0,0.0,0.0,0.0,1.0
224352.0,0.3696,0.0015,-0.3712,5.036,0.706,-6.2,-106.326,107.273,-14.898,-92.006,92.604,-27.418,-0.12,0.12,-0.12,0.0,0.0,0.0,0.0,1.0
224360.0,0.3448,0.0408,-0.3846,4.273,0.117,-6.962,-109.968,100.715,-14.296,-92.021,92.61,-27.407,-0.12,0.12,-0.12,0.0,0.0,0.0,0.0,1.0
224368.0,0.2714,0.0827,-0.352,1.299,-0.179,-5.7,-109.407,107.519,-13.8,-92.034,92.622,-27.397,-0.12,0.12,-0.12,0.0,0.0,0.0,0.0,1.0
224375.0,0.1831,0.1112,-0.2915,-1.749,0.273,-2.047,-108.237,103.568,-13.583,-92.049,92.63,-27.386,-0.12,0.12,-0.03763,0.0,0.0,0.0,0.0,1.0
224383.0,0.1506,0.1011,-0.2491,-3.272,0.475,3.08,-110.073,105.076,-13.706,-92.061,92.641,-27.375,-0.12,0.12,0.07333,0.0,0.0,0.0,0.0,1.0
224391.0,0.1877,0.0649,-0.2509,-1.258,0.77,3.203,-107.938,101.084,-13.874,-92.076,92.648,-27.364,-0.12,0.12,0.06428,0.0,0.0,0.0,0.0,1.0
224399.0,0.2783,0.0359,-0.3134,2.597,0.945,-0.51,-113.702,106.752,-14.063,-92.091,92.659,-27.353,-0.12,0.12,-0.04656,0.0,0.0,0.0,0.0,1.0
224406.0,0.3695,0.0451,-0.4135,5.39,0.974,-6.187,-104.774,104.681,-14.29,-92.103,92.668,-27.343,-0.12,0.12,-0.12,0.0,0.0,0.0,0.0,1.0
224414.0,0.4187,0.073,-0.49,6.564,0.852,-9.248,-111.812,103.665,-14.705,-92.117,92.678,-27.332,-0.12,0.12,-0.12,0.0,0.0,0.0,0.0,1.0
224422.0,0.3907,0.1186,-0.5063,5.263,0.632,-9.207,-105.169,102.965,-15.194,-92.129,92.685,-27.323,-0.12,0.12,-0.12,0.0,0.0,0.0,0.0,1.0
224430.0,0.3347,0.1438,-0.4748,2.072,0.243,-6.049,-112.763,104.53,-15.54,-92.144,92.696,-27.313,-0.12,0.12,-0.12,0.0,0.0,0.0,0.0,1.0
224437.0,0.2886,0.1407,-0.4257,-0.635,-0.053,-2.624,-104.627,105.431,-15.517,-92.155,92.704,-27.304,-0.12,0.12,-0.11736,0.0,0.0,0.0,0.0,1.0
224445.0,0.2873,0.1053,-0.3899,-1.322,-0.321,-0.294,-111.543,101.286,-15.331,-92.17,92.714,-27.294,-0.12,0.12,0.00597,0.0,0.0,0.0,0.0,1.0
224453.0,0.34,0.0514,-0.3902,0.322,-1.071,1.032,-108.973,103.831,-15.032,-92.183,92.72,-27.284,-0.12,0.12,-0.01092,0.0,0.0,0.0,0.0,1.0
224461.0,0.4337,0.0181,-0.4515,2.829,-1.431,-0.799,-109.008,103.951,-14.599,-92.198,92.731,-27.274,-0.12,0.12,-0.07492,0.0,0.0,0.0,0.0,1.0
224468.0,0.5288,0.0344,-0.5625,5.455,-0.764,-6.101,-107.536,106.276,-14.032,-92.209,92.74,-27.264,-0.12,0.12,-0.12,0.0,0.0,0.0,0.0,1.0
224476.0,0.5804,0.0902,-0.6683,6.54,-0.125,-10.996,-106.987,100.242,-13.509,-92.222,92.749,-27.253,-0.12,0.12,-0.12,0.0,0.0,0.0,0.0,1.0
224484.0,0.5648,0.1508,-0.7118,3.7,0.549,-11.79,-110.826,105.283,-13.274,-92.235,92.756,-27.242,-0.12,0.12,-0.12,0.0,0.0,0.0,0.0,1.0
224492.0,0.5283,0.186,-0.7096,1.331,0.384,-8.411,-105.241,101.929,-13.265,-92.248,92.765,-27.231,-0.12,0.12,-0.12,0.0,0.0,0.0,0.0,1.0
224499.0,0.5002,0.1802,-0.6758,-0.115,-0.146,-3.58,-110.977,106.53,-13.456,-92.26,92.774,-27.22,-0.12,0.12,-0.12,0.0,0.0,0.0,0.0,1.0
224507.0,0.5126,0.1372,-0.6463,0.263,-1.033,-0.745,-106.163,98.623,-13.658,-92.274,92.782,-27.209,-0.12,0.12,-0.0795,0.0,0.0,0.0,0.0,1.0
224515.0,0.5838,0.0933,-0.6748,2.217,-1.439,-1.236,-112.985,105.678,-13.872,-92.288,92.789,-27.198,-0.12,0.12,-0.10763,0.0,0.0,0.0,0.0,1.0
224523.0,0.6803,0.072,-0.7506,5.18,-1.417,-4.326,-103.484,101.907,-14.164,-92.299,92.799,-27.188,-0.12,0.12,-0.12,0.0,0.0,0.0,0.0,1.0
224531.0,0.7542,0.1054,-0.857,6.723,-0.296,-8.049,-110.796,106.84,-14.551,-92.313,92.808,-27.177,-0.12,0.12,-0.12,0.0,0.0,0.0,0.0,1.0
224538.0,0.7993,0.1748,-0.9697,7.139,0.738,-11.085,-104.996,98.306,-14.756,-92.323,92.815,-27.167,-0.11164,0.12,-0.12,0.0,0.0,0.0,0.0,1.0
224546.0,0.8069,0.2418,-1.0425,5.153,1.774,-12.038,-110.946,106.26,-14.628,-92.338,92.823,-27.157,-0.12,0.12,-0.12,0.0,0.0,0.0,0.0,1.0
224554.0,0.7945,0.2687,-1.0564,2.687,1.579,-10.327,-104.738,100.376,-14.323,-92.348,92.831,-27.147,-0.12,0.12,-0.12,0.0,0.0,0.0,0.0,1.0
224562.0,0.797,0.2393,-1.0302,1.188,0.699,-5.411,-109.731,106.526,-14.023,-92.362,92.84,-27.137,-0.12,0.12,-0.12,0.0,0.0,0.0,0.0,1.0
224569.0,0.8392,0.176,-1.0108,1.601,-1.078,-0.875,-109.033,97.08,-13.728,-92.374,92.846,-27.126,-0.12,0.12,-0.12,0.0,0.0,0.0,0.0,1.0
224577.0,0.9315,0.1158,-1.0444,4.743,-1.461,0.383,-106.997,106.476,-13.316,-92.388,92.854,-27.115,-0.12,0.12,-0.12,0.0,0.0,0.0,0.0,1.0
224585.0,1.0403,0.1133,-1.1508,6.669,-0.352,-3.181,-107.504,100.782,-12.805,-92.398,92.862,-27.104,-0.12,0.12,-0.12,0.0,0.0,0.0,0.0,1.0
224593.0,1.1262,0.1704,-1.2923,7.164,1.46,-7.602,-105.458,106.455,-12.367,-92.411,92.872,-27.092,-0.12,0.12,-0.12,0.0,0.0,0.0,0.0,1.0
224600.0,1.1602,0.2524,-1.4062,5.921,3.419,-9.799,-110.44,97.355,-12.143,-92.423,92.877,-27.08,-0.10277,0.12,-0.12,0.0,0.0,0.0,0.0,1.0
224608.0,1.1517,0.3113,-1.4551,3.362,4.123,-8.577,-103.916,106.184,-12.195,-92.435,92.886,-27.068,-0.12,0.12,-0.12,0.0,0.0,0.0,0.0,1.0
224616.0,1.1359,0.3316,-1.4591,0.879,3.607,-4.944,-110.291,99.574,-12.465,-92.446,92.893,-27.057,-0.12,0.12,-0.12,0.0,0.0,0.0,0.0,1.0
224624.0,1.1541,0.2994,-1.446,0.085,2.266,-1.011,-105.153,105.827,-12.724,-92.459,92.902,-27.045,-0.12,0.12,-0.12,0.0,0.0,0.0,0.0,1.0
224631.0,1.212,0.226,-1.4324,0.897,0.538,2.019,-111.984,96.326,-13.049,-92.472,92.906,-27.034,-0.12,0.12,-0.12,0.0,0.0,0.0,0.0,1.0
224639.0,1.2863,0.1691,-1.4513,3.105,-0.287,2.75,-102.561,106.251,-13.448,-92.482,92.915,-27.023,-0.12,0.12,-0.12,0.0,0.0,0.0,0.0,1.0
224647.0,1.3636,0.1625,-1.5222,5.514,0.107,1.322,-109.886,100.104,-13.854,-92.495,92.922,-27.012,-0.12,0.12,-0.12,0.0,0.0,0.0,0.0,1.0
224655.0,1.4196,0.2167,-1.631,6.167,2.138,-2.103,-103.966,105.567,-14.053,-92.505,92.931,-27.002,-0.12,0.12,-0.12,0.0,0.0,0.0,0.0,1.0
224663.0,1.4307,0.3121,-1.735,4.844,4.123,-5.83,-110.029,96.855,-14.069,-92.518,92.936,-26.992,-0.09696,0.12,-0.12,0.0,0.0,0.0,0.0,1.0
224670.0,1.4076,0.3817,-1.7796,0.786,4.927,-6.065,-103.504,105.639,-13.757,-92.527,92.944,-26.981,-0.12,0.12,-0.12,0.0,0.0,0.0,0.0,1.0
224678.0,1.3799,0.3953,-1.7652,-1.817,3.847,-1.958,-108.993,99.165,-13.578,-92.541,92.95,-26.97,-0.12,0.12,-0.12,0.0,0.0,0.0,0.0,1.0
224686.0,1.3639,0.3527,-1.7078,-2.735,1.492,3.641,-107.511,104.885,-13.441,-92.551,92.959,-26.96,-0.12,0.12,-0.12,0.0,0.0,0.0,0.0,1.0
224694.0,1.3856,0.279,-1.6576,-1.153,-0.116,7.05,-106.62,95.912,-13.189,-92.565,92.963,-26.949,-0.12,0.12,-0.12,0.0,0.0,0.0,0.0,1.0
224701.0,1.4345,0.224,-1.653,1.087,-0.353,6.21,-105.782,105.762,-12.704,-92.574,92.971,-26.937,-0.12,0.12,-0.12,0.0,0.0,0.0,0.0,1.0
224709.0,1.4849,0.2534,-1.732,3.246,0.54,1.994,-105.258,99.585,-12.169,-92.586,92.978,-26.926,-0.12,0.12,-0.12,0.0,0.0,0.0,0.0,1.0
224717.0,1.4983,0.3278,-1.8178,3.056,2.4,-2.636,-108.295,104.67,-11.792,-92.596,92.986,-26.914,-0.12,0.12,-0.12,0.0,0.0,0.0,0.0,1.0
224725.0,1.4671,0.4106,-1.8673,0.818,3.726,-4.684,-103.515,96.501,-11.69,-92.607,92.99,-26.901,-0.12,0.12,-0.12,0.0,0.0,0.0,0.0,1.0
224733.0,1.397,0.4669,-1.852,-2.061,3.551,-3.216,-109.12,104.77,-11.834,-92.618,92.999,-26.889,-0.12,0.12,-0.12,0.0,0.0,0.0,0.0,1.0
224741.0,1.3268,0.4688,-1.7836,-4.716,2.538,0.875,-104.127,99.069,-12.086,-92.629,93.004,-26.877,-0.12,0.12,-0.12,0.0,0.0,0.0,0.0,1.0
224749.0,1.283,0.4143,-1.6868,-5.213,-0.077,5.784,-110.92,103.411,-12.349,-92.642,93.013,-26.866,-0.12,0.12,-0.12,0.0,0.0,0.0,0.0,1.0
224756.0,1.2752,0.3437,-1.6102,-3.352,-1.264,7.542,-101.463,95.983,-12.6,-92.651,93.016,-26.854,-0.12,0.12,-0.11435,0.0,0.0,0.0,0.0,1.0
224764.0,1.2928,0.3037,-1.5888,-0.35,-1.147,6.537,-108.845,104.905,-12.909,-92.662,93.024,-26.843,-0.12,0.12,-0.12,0.0,0.0,0.0,0.0,1.0
224772.0,1.32,0.315,-1.6271,1.826,0.298,2.705,-102.523,99.376,-13.13,-92.671,93.03,-26.832,-0.12,0.12,-0.12,0.0,0.0,0.0,0.0,1.0
224780.0,1.3318,0.3914,-1.7132,2.312,2.344,-2.258,-109.673,103.496,-13.16,-92.684,93.038,-26.821,-0.12,0.12,-0.12,0.0,0.0,0.0,0.0,1.0
224787.0,1.2992,0.4652,-1.7526,0.937,3.03,-5.376,-101.754,96.314,-12.993,-92.692,93.041,-26.81,-0.12,0.12,-0.12,0.0,0.0,0.0,0.0,1.0
224795.0,1.2279,0.4988,-1.7139,-2.095,2.357,-4.314,-108.867,104.251,-12.817,-92.704,93.049,-26.799,-0.12,0.12,-0.12,0.0,0.0,0.0,0.0,1.0
224803.0,1.142,0.4778,-1.6075,-4.782,0.341,1.024,-105.354,98.514,-12.685,-92.714,93.054,-26.788,-0.12,0.12,-0.12,0.0,0.0,0.0,0.0,1.0
224811.0,1.0784,0.4019,-1.4701,-5.862,-2.415,7.609,-107.33,103.236,-12.511,-92.727,93.062,-26.776,-0.12,0.12,-0.05771,0.0,0.0,0.0,0.0,1.0
224818.0,1.0526,0.3258,-1.3701,-4.676,-3.536,11.244,-103.224,95.182,-12.209,-92.735,93.065,-26.765,-0.12,0.12,0.04591,0.0,0.0,0.0,0.0,1.0
224826.0,1.0802,0.2961,-1.3688,-1.892,-2.506,9.332,-105.612,104.48,-11.745,-92.746,93.072,-26.753,-0.12,0.12,-0.0605,0.0,0.0,0.0,0.0,1.0
224834.0,1.1273,0.3328,-1.4517,1.031,-0.103,2.738,-105.621,98.54,-11.213,-92.755,93.078,-26.741,-0.12,0.12,-0.12,0.0,0.0,0.0,0.0,1.0
224842.0,1.1487,0.4004,-1.539,3.124,2.559,-6.353,-104.925,103.358,-10.825,-92.766,93.085,-26.728,-0.12,0.12,-0.12,0.0,0.0,0.0,0.0,1.0
224849.0,1.1262,0.4561,-1.5707,1.718,2.655,-7.898,-105.388,95.442,-10.756,-92.774,93.088,-26.715,-0.12,0.12,-0.12,0.0,0.0,0.0,0.0,1.0
224857.0,1.0656,0.4637,-1.5175,-0.915,0.823,-4.279,-105.01,103.973,-10.926,-92.786,93.095,-26.703,-0.12,0.12,-0.12,0.0,0.0,0.0,0.0,1.0
224865.0,0.9928,0.4147,-1.3968,-3.495,-1.909,1.986,-108.633,97.673,-11.1,-92.796,93.1,-26.69,-0.12,0.12,-0.12,0.0,0.0,0.0,0.0,1.0
224873.0,0.9283,0.345,-1.2645,-5.022,-3.645,7.258,-102.23,103.332,-11.273,-92.807,93.108,-26.678,-0.12,0.12,-0.04995,0.0,0.0,0.0,0.0,1.0
224880.0,0.9078,0.2752,-1.176,-4.245,-3.824,8.985,-106.451,94.324,-11.471,-92.815,93.11,-26.665,-0.12,0.12,0.07145,0.0,0.0,0.0,0.0,1.0
224888.0,0.9351,0.251,-1.1798,-1.752,-2.601,6.749,-101.869,104.052,-11.709,-92.825,93.117,-26.653,-0.12,0.12,-0.08692,0.0,0.0,0.0,0.0,1.0
224896.0,0.985,0.2833,-1.2612,1.244,-0.249,1.401,-108.655,97.765,-12.0,-92.835,93.122,-26.642,-0.12,0.12,-0.12,0.0,0.0,0.0,0.0,1.0
224904.0,1.0319,0.3477,-1.3707,3.142,1.943,-5.226,-100.847,103.356,-12.236,-92.844,93.129,-26.63,-0.12,0.12,-0.12,0.0,0.0,0.0,0.0,1.0
224911.0,1.0505,0.404,-1.4442,2.939,2.321,-8.996,-108.229,94.597,-12.35,-92.854,93.132,-26.619,-0.12,0.12,-0.12,0.0,0.0,0.0,0.0,1.0
224919.0,1.0183,0.4277,-1.435,0.798,1.173,-8.668,-102.69,103.438,-12.371,-92.863,93.138,-26.607,-0.12,0.12,-0.12,0.0,0.0,0.0,0.0,1.0
224927.0,0.9545,0.3963,-1.3407,-2.319,-1.337,-3.993,-109.422,96.909,-12.142,-92.875,93.143,-26.596,-0.12,0.12,-0.12,0.0,0.0,0.0,0.0,1.0
224935.0,0.881,0.323,-1.1957,-4.713,-3.73,3.649,-99.933,103.232,-12.047,-92.883,93.149,-26.584,-0.12,0.12,-0.11384,0.0,0.0,0.0,0.0,1.0
224942.0,0.8395,0.2698,-1.1024,-4.657,-3.989,10.302,-107.257,93.836,-11.95,-92.893,93.152,-26.572,-0.12,0.12,0.12,0.0,0.0,0.0,0.0,1.0
224950.0,0.8664,0.2525,-1.1125,-1.948,-2.027,8.802,-100.821,102.953,-11.743,-92.9,93.157,-26.561,-0.12,0.12,-0.0411,0.0,0.0,0.0,0.0,1.0
224958.0,0.9392,0.2994,-1.231,1.659,1.236,1.51,-108.427,97.413,-11.33,-92.911,93.163,-26.549,-0.12,0.12,-0.12,0.0,0.0,0.0,0.0,1.0
224966.0,1.0338,0.3779,-1.4021,4.093,3.508,-6.686,-100.042,102.939,-10.839,-92.918,93.169,-26.536,-0.12,0.12,-0.12,0.0,0.0,0.0,0.0,1.0
224973.0,1.0904,0.441,-1.5201,4.628,3.46,-11.403,-107.939,94.402,-10.441,-92.929,93.172,-26.523,-0.11315,0.12,-0.12,0.0,0.0,0.0,0.0,1.0
224981.0,1.0677,0.4401,-1.4965,2.45,1.135,-9.225,-103.143,102.072,-10.306,-92.938,93.177,-26.51,-0.12,0.12,-0.12,0.0,0.0,0.0,0.0,1.0
224989.0,0.9903,0.3781,-1.3587,-0.755,-2.319,-1.085,-107.169,96.892,-10.36,-92.949,93.182,-26.497,-0.12,0.12,-0.12,0.0,0.0,0.0,0.0,1.0
224997.0,0.8894,0.3,-1.1818,-3.888,-4.37,7.588,-100.532,102.392,-10.574,-92.956,93.187,-26.485,-0.12,0.12,-0.03597,0.0,0.0,0.0,0.0,1.0
225004.0,0.835,0.2432,-1.0721,-4.878,-4.167,12.286,-105.343,94.196,-10.757,-92.965,93.191,-26.472,-0.12,0.12,0.12,0.0,0.0,0.0,0.0,1.0
225012.0,0.8382,0.2384,-1.0706,-3.18,-1.239,10.197,-102.306,100.852,-10.822,-92.972,93.194,-26.459,-0.12,0.12,0.01819,0.0,0.0,0.0,0.0,1.0
225020.0,0.9147,0.289,-1.1963,0.194,2.303,2.753,-105.563,97.965,-10.808,-92.983,93.2,-26.447,-0.12,0.12,-0.12,0.0,0.0,0.0,0.0,1.0
225028.0,1.0142,0.3619,-1.3669,3.851,4.701,-6.264,-101.714,101.534,-10.831,-92.99,93.204,-26.434,-0.12,0.12,-0.12,0.0,0.0,0.0,0.0,1.0
225035.0,1.0939,0.4193,-1.5024,5.604,5.125,-11.717,-105.508,95.291,-10.99,-93.0,93.209,-26.422,-0.11269,0.12,-0.12,0.0,0.0,0.0,0.0,1.0
225043.0,1.0982,0.4209,-1.5083,3.36,1.279,-8.905,-105.135,99.544,-11.227,-93.009,93.211,-26.41,-0.12,0.12,-0.12,0.0,0.0,0.0,0.0,1.0
225051.0,1.0428,0.379,-1.4122,-0.15,-2.343,-2.406,-103.595,97.944,-11.413,-93.019,93.217,-26.398,-0.12,0.12,-0.12,0.0,0.0,0.0,0.0,1.0
225059.0,0.9503,0.323,-1.265,-3.782,-4.395,4.97,-102.535,100.158,-11.4,-93.025,93.221,-26.386,-0.12,0.12,-0.07356,0.0,0.0,0.0,0.0,1.0
225067.0,0.8761,0.2713,-1.1405,-5.547,-4.181,9.164,-102.637,95.817,-11.368,-93.034,93.225,-26.374,-0.12,0.12,0.06428,0.0,0.0,0.0,0.0,1.0
225074.0,0.8807,0.2744,-1.1482,-4.347,-1.737,8.057,-104.679,97.517,-11.088,-93.042,93.227,-26.362,-0.12,0.12,0.01482,0.0,0.0,0.0,0.0,1.0
225082.0,0.9522,0.3171,-1.2612,-1.277,1.617,2.584,-102.054,99.461,-10.778,-93.051,93.233,-26.349,-0.12,0.12,-0.12,0.0,0.0,0.0,0.0,1.0
225090.0,1.0604,0.3851,-1.4356,2.103,3.897,-5.085,-103.968,98.963,-10.421,-93.058,93.236,-26.337,-0.12,0.12,-0.12,0.0,0.0,0.0,0.0,1.0
225098.0,1.1479,0.4456,-1.5821,4.207,3.976,-10.545,-102.82,97.585,-10.078,-93.067,93.241,-26.324,-0.12,0.12,-0.12,0.0,0.0,0.0,0.0,1.0
225105.0,1.1649,0.4671,-1.62,2.724,1.804,-11.33,-106.723,95.893,-9.793,-93.076,93.242,-26.311,-0.12,0.12,-0.12,0.0,0.0,0.0,0.0,1.0
225113.0,1.1088,0.4416,-1.5391,-1.078,-1.789,-6.789,-100.455,99.82,-9.574,-93.085,93.248,-26.297,-0.12,0.12,-0.12,0.0,0.0,0.0,0.0,1.0
225121.0,0.9962,0.387,-1.3733,-5.364,-4.693,1.035,-104.302,97.223,-9.43,-93.092,93.251,-26.284,-0.12,0.12,-0.11634,0.0,0.0,0.0,0.0,1.0
225129.0,0.8868,0.3346,-1.2129,-8.232,-5.804,8.397,-100.195,98.767,-9.422,-93.099,93.256,-26.27,-0.12,0.12,0.04349,0.0,0.0,0.0,0.0,1.0
225137.0,0.8575,0.3182,-1.1675,-7.496,-2.852,11.687,-106.008,93.838,-9.373,-93.107,93.256,-26.257,-0.12,0.12,0.12,0.0,0.0,0.0,0.0,1.0
225144.0,0.8994,0.3529,-1.2433,-3.77,0.645,6.789,-99.211,101.068,-9.409,-93.115,93.262,-26.243,-0.12,0.12,-0.10569,0.0,0.0,0.0,0.0,1.0
225152.0,1.002,0.4154,-1.4068,0.664,3.767,-2.459,-105.523,96.23,-9.343,-93.122,93.265,-26.23,-0.12,0.12,-0.12,0.0,0.0,0.0,0.0,1.0
225160.0,1.0999,0.4862,-1.5736,3.905,4.602,-10.446,-100.987,99.964,-9.263,-93.13,93.27,-26.216,-0.12,0.12,-0.12,0.0,0.0,0.0,0.0,1.0
225168.0,1.1272,0.5162,-1.6302,3.633,2.937,-13.055,-107.465,92.791,-9.303,-93.14,93.271,-26.203,-0.10594,0.12,-0.12,0.0,0.0,0.0,0.0,1.0
225175.0,1.0592,0.5104,-1.5565,0.545,-0.364,-8.568,-98.527,101.038,-9.537,-93.147,93.275,-26.189,-0.12,0.12,-0.12,0.0,0.0,0.0,0.0,1.0
225183.0,0.9406,0.4619,-1.3906,-4.399,-3.634,0.703,-105.059,94.731,-9.945,-93.154,93.278,-26.176,-0.12,0.12,-0.12,0.0,0.0,0.0,0.0,1.0
225191.0,0.812,0.4113,-1.2127,-8.053,-4.985,9.725,-98.803,100.624,-10.36,-93.161,93.283,-26.164,-0.12,0.12,0.03749,0.0,0.0,0.0,0.0,1.0
225199.0,0.744,0.3815,-1.1157,-8.886,-3.748,13.55,-106.457,91.458,-10.61,-93.169,93.283,-26.151,-0.12,0.12,0.12,0.0,0.0,0.0,0.0,1.0
225207.0,0.7683,0.3979,-1.156,-5.868,-0.18,10.453,-97.809,100.976,-10.602,-93.175,93.287,-26.139,-0.12,0.12,-0.00778,0.0,0.0,0.0,0.0,1.0
225214.0,0.8543,0.4567,-1.2992,-1.059,2.889,1.412,-105.883,95.003,-10.345,-93.183,93.29,-26.126,-0.12,0.12,-0.12,0.0,0.0,0.0,0.0,1.0
225222.0,0.9645,0.5187,-1.4699,3.277,5.013,-8.22,-100.151,100.666,-9.955,-93.19,93.294,-26.113,-0.12,0.12,-0.12,0.0,0.0,0.0,0.0,1.0
225230.0,0.9975,0.5601,-1.5432,4.263,2.658,-12.56,-106.997,92.235,-9.781,-93.2,93.296,-26.1,-0.11314,0.12,-0.12,0.0,0.0,0.0,0.0,1.0
225237.0,0.9347,0.5526,-1.473,1.447,-0.275,-7.446,-97.666,99.566,-9.749,-93.205,93.298,-26.087,-0.12,0.12,-0.12,0.0,0.0,0.0,0.0,1.0
225245.0,0.8081,0.5129,-1.3078,-2.877,-3.307,2.236,-104.904,94.965,-9.831,-93.213,93.301,-26.074,-0.12,0.12,-0.09971,0.0,0.0,0.0,0.0,1.0
225253.0,0.6577,0.4757,-1.1211,-6.218,-3.821,11.06,-98.209,99.515,-9.85,-93.218,93.304,-26.061,-0.12,0.12,0.05592,0.0,0.0,0.0,0.0,1.0
225261.0,0.5787,0.4433,-1.0105,-6.809,-2.52,14.262,-106.071,93.018,-9.645,-93.227,93.307,-26.048,-0.12,0.12,0.12,0.0,0.0,0.0,0.0,1.0
225268.0,0.613,0.4603,-1.0614,-3.376,0.936,10.017,-97.129,96.804,-9.241,-93.232,93.307,-26.035,-0.12,0.12,-0.00642,0.0,0.0,0.0,0.0,1.0
225276.0,0.7347,0.5062,-1.2279,2.081,4.137,0.935,-105.612,96.814,-8.772,-93.24,93.311,-26.021,-0.12,0.12,-0.12,0.0,0.0,0.0,0.0,1.0
225284.0,0.8657,0.5541,-1.4055,6.951,5.269,-8.134,-99.879,97.844,-8.418,-93.246,93.314,-26.007,-0.12,0.12,-0.12,0.0,0.0,0.0,0.0,1.0
225292.0,0.9358,0.5823,-1.5031,8.418,4.416,-12.871,-106.205,95.339,-8.259,-93.256,93.317,-25.993,-0.1035,0.12,-0.12,0.0,0.0,0.0,0.0,1.0
225300.0,0.9104,0.5799,-1.4754,6.113,1.259,-11.004,-97.308,94.62,-8.293,-93.26,93.317,-25.979,-0.12,0.12,-0.12,0.0,0.0,0.0,0.0,1.0
225307.0,0.8067,0.5547,-1.347,1.449,-1.83,-3.885,-104.327,98.077,-8.44,-93.268,93.321,-25.965,-0.12,0.12,-0.12,0.0,0.0,0.0,0.0,1.0
225315.0,0.6681,0.5228,-1.1774,-3.885,-3.178,5.23,-97.874,95.314,-8.645,-93.273,93.322,-25.951,-0.12,0.12,-0.05842,0.0,0.0,0.0,0.0,1.0
225323.0,0.5651,0.5019,-1.054,-6.812,-2.846,10.574,-105.34,97.497,-8.763,-93.281,93.326,-25.937,-0.12,0.12,0.11568,0.0,0.0,0.0,0.0,1.0
225331.0,0.5874,0.4951,-1.0697,-4.272,0.002,8.145,-96.691,91.437,-8.75,-93.285,93.325,-25.923,-0.12,0.12,0.00542,0.0,0.0,0.0,0.0,1.0
225338.0,0.6997,0.5052,-1.1918,0.77,2.578,0.95,-104.955,99.699,-8.674,-93.293,93.329,-25.91,-0.12,0.12,-0.12,0.0,0.0,0.0,0.0,1.0
225346.0,0.8553,0.5185,-1.3605,5.962,3.292,-7.07,-99.535,94.053,-8.598,-93.299,93.33,-25.896,-0.12,0.12,-0.12,0.0,0.0,0.0,0.0,1.0
225354.0,0.9507,0.5357,-1.4726,8.27,1.799,-11.587,-105.224,99.064,-8.674,-93.308,93.334,-25.882,-0.1095,0.12,-0.12,0.0,0.0,0.0,0.0,1.0
225362.0,0.9494,0.5299,-1.4657,6.801,-0.087,-9.923,-97.028,90.8,-8.891,-93.312,93.334,-25.868,-0.0976,0.12,-0.12,0.0,0.0,0.0,0.0,1.0
225369.0,0.8623,0.5156,-1.3646,2.324,-2.049,-4.012,-103.696,99.465,-9.134,-93.319,93.337,-25.855,-0.12,0.12,-0.12,0.0,0.0,0.0,0.0,1.0
225377.0,0.7251,0.5146,-1.2264,-2.95,-2.712,3.193,-97.614,93.038,-9.324,-93.324,93.338,-25.842,-0.12,0.12,-0.10453,0.0,0.0,0.0,0.0,1.0
225385.0,0.6391,0.5127,-1.1385,-6.466,-1.303,7.626,-104.616,99.108,-9.338,-93.332,93.341,-25.828,-0.12,0.12,0.01708,0.0,0.0,0.0,0.0,1.0
225393.0,0.6407,0.5149,-1.1423,-6.146,0.707,7.729,-96.243,90.489,-9.268,-93.335,93.341,-25.815,-0.12,0.12,-0.00313,0.0,0.0,0.0,0.0,1.0
225401.0,0.7255,0.5229,-1.235,-2.0,2.834,2.936,-104.222,97.753,-8.968,-93.343,93.342,-25.802,-0.12,0.12,-0.12,0.0,0.0,0.0,0.0,1.0
225409.0,0.8718,0.5274,-1.3856,4.95,2.83,-6.231,-99.369,94.405,-8.675,-93.348,93.345,-25.788,-0.12,0.12,-0.12,0.0,0.0,0.0,0.0,1.0
225416.0,0.9922,0.5349,-1.5133,7.931,1.453,-11.324,-104.303,97.984,-8.473,-93.357,93.347,-25.774,-0.10494,0.12,-0.12,0.0,0.0,0.0,0.0,1.0
225424.0,1.0259,0.5429,-1.5548,6.629,-1.206,-10.958,-96.733,92.541,-8.349,-93.36,93.349,-25.76,-0.08617,0.12,-0.12,0.0,0.0,0.0,0.0,1.0
225432.0,0.9541,0.5631,-1.5026,1.95,-2.771,-6.298,-102.975,95.199,-8.267,-93.367,93.348,-25.746,-0.12,0.12,-0.12,0.0,0.0,0.0,0.0,1.0
225440.0,0.8171,0.5774,-1.3795,-3.45,-3.271,-0.399,-97.346,95.762,-8.175,-93.371,93.351,-25.732,-0.12,0.12,-0.12,0.0,0.0,0.0,0.0,1.0
225448.0,0.7045,0.6026,-1.2915,-7.486,-2.509,4.249,-103.781,95.423,-7.997,-93.379,93.352,-25.718,-0.12,0.12,-0.03489,0.0,0.0,0.0,0.0,1.0
225455.0,0.6842,0.6083,-1.2768,-8.576,-0.975,5.604,-95.991,94.853,-7.813,-93.382,93.354,-25.704,-0.12,0.12,-0.05679,0.0,0.0,0.0,0.0,1.0
225463.0,0.7648,0.5916,-1.3411,-5.13,0.445,2.958,-103.717,91.218,-7.559,-93.389,93.352,-25.69,-0.12,0.12,-0.08919,0.0,0.0,0.0,0.0,1.0
225471.0,0.9041,0.5628,-1.4523,0.452,0.843,-2.177,-98.824,98.101,-7.326,-93.394,93.356,-25.675,-0.12,0.12,-0.12,0.0,0.0,0.0,0.0,1.0
225479.0,1.0384,0.5533,-1.5774,5.392,-0.184,-6.407,-103.942,93.203,-7.23,-93.402,93.356,-25.66,-0.12,0.12,-0.12,0.0,0.0,0.0,0.0,1.0
225486.0,1.1016,0.5478,-1.6353,7.367,-1.734,-7.784,-96.019,97.677,-7.326,-93.405,93.359,-25.645,-0.10874,0.12,-0.12,0.0,0.0,0.0,0.0,1.0
225494.0,1.0711,0.5493,-1.6063,5.055,-2.779,-5.801,-102.674,89.78,-7.332,-93.411,93.357,-25.631,-0.10865,0.12,-0.12,0.0,0.0,0.0,0.0,1.0
225502.0,0.9628,0.5784,-1.5263,-1.269,-2.577,0.533,-96.656,98.366,-7.449,-93.415,93.359,-25.616,-0.12,0.12,-0.12,0.0,0.0,0.0,0.0,1.0
225509.0,0.8396,0.6133,-1.4371,-6.0,-0.964,5.342,-103.793,91.917,-7.553,-93.422,93.36,-25.602,-0.12,0.12,-0.05189,0.0,0.0,0.0,0.0,1.0
225517.0,0.7783,0.6222,-1.3845,-7.245,0.343,7.079,-95.289,98.001,-7.573,-93.425,93.362,-25.587,-0.12,0.12,-0.09996,0.0,0.0,0.0,0.0,1.0
225525.0,0.7959,0.617,-1.397,-4.958,1.621,5.416,-103.431,89.334,-7.559,-93.431,93.361,-25.573,-0.12,0.12,-0.06089,0.0,0.0,0.0,0.0,1.0
225533.0,0.8993,0.5875,-1.4716,-0.013,1.748,1.824,-97.858,96.028,-7.564,-93.436,93.361,-25.559,-0.12,0.12,-0.12,0.0,0.0,0.0,0.0,1.0
225541.0,1.0288,0.5476,-1.5623,5.191,0.403,-2.458,-103.926,93.743,-7.627,-93.443,93.363,-25.544,-0.12,0.12,-0.12,0.0,0.0,0.0,0.0,1.0
225548.0,1.1052,0.5217,-1.6135,8.062,-1.088,-5.847,-95.291,96.201,-7.691,-93.446,93.363,-25.53,-0.10877,0.12,-0.12,0.0,0.0,0.0,0.0,1.0
225603.0,0.9664,0.488,-1.4418,4.082,-1.476,-0.528,-103.923,97.703,-7.691,-93.482,93.365,-25.432,-0.12,0.12,-0.12,0.0,0.0,0.0,0.0,1.0
225611.0,1.0777,0.4427,-1.5091,7.503,-2.759,-3.194,-94.761,91.546,-7.527,-93.485,93.365,-25.418,-0.10777,0.12,-0.12,0.0,0.0,0.0,0.0,1.0
225618.0,1.1163,0.4293,-1.5347,7.982,-3.37,-4.755,-101.944,97.294,-7.437,-93.489,93.367,-25.404,-0.10333,0.12,-0.12,0.0,0.0,0.0,0.0,1.0
225626.0,1.0591,0.4652,-1.5124,4.392,-2.544,-3.153,-95.418,88.797,-7.493,-93.493,93.366,-25.389,-0.12,0.12,-0.12,0.0,0.0,0.0,0.0,1.0
225634.0,0.9413,0.5096,-1.4377,-1.636,-1.292,0.777,-103.054,96.073,-7.471,-93.498,93.365,-25.375,-0.12,0.12,-0.12,0.0,0.0,0.0,0.0,1.0
225641.0,0.8382,0.5466,-1.3706,-6.249,0.176,3.713,-94.645,91.847,-7.37,-93.502,93.366,-25.361,-0.12,0.12,-0.12,0.0,0.0,0.0,0.0,1.0
225649.0,0.7914,0.5478,-1.325,-8.03,0.52,5.784,-101.736,95.355,-7.208,-93.506,93.366,-25.346,-0.12,0.12,-0.04836,0.0,0.0,0.0,0.0,1.0
225657.0,0.8394,0.5033,-1.3298,-5.816,0.358,5.105,-96.807,91.038,-6.894,-93.51,93.366,-25.331,-0.12,0.12,-0.08479,0.0,0.0,0.0,0.0,1.0
225665.0,0.9502,0.4406,-1.3795,-0.186,-1.04,1.719,-103.113,91.278,-6.603,-93.516,93.363,-25.316,-0.12,0.12,-0.12,0.0,0.0,0.0,0.0,1.0
225673.0,1.0881,0.3688,-1.4475,4.755,-2.849,-1.731,-95.099,95.585,-6.389,-93.52,93.365,-25.301,-0.12,0.12,-0.12,0.0,0.0,0.0,0.0,1.0
225680.0,1.1747,0.3396,-1.5057,7.66,-3.458,-5.19,-100.558,92.355,-6.218,-93.523,93.364,-25.286,-0.08328,0.12,-0.12,0.0,0.0,0.0,0.0,1.0
225688.0,1.1583,0.3686,-1.5175,6.582,-3.792,-5.786,-95.763,95.018,-6.292,-93.527,93.366,-25.271,-0.10438,0.12,-0.12,0.0,0.0,0.0,0.0,1.0
225696.0,1.0659,0.4093,-1.4648,-0.124,-2.519,-2.785,-101.487,88.443,-6.319,-93.531,93.362,-25.256,-0.12,0.12,-0.12,0.0,0.0,0.0,0.0,1.0
225704.0,0.9358,0.4564,-1.3805,-5.494,-0.909,1.504,-95.498,96.507,-6.464,-93.535,93.364,-25.241,-0.12,0.12,-0.12,0.0,0.0,0.0,0.0,1.0
225711.0,0.8497,0.4625,-1.3003,-8.728,0.012,5.192,-99.716,90.023,-6.547,-93.538,93.362,-25.226,-0.12,0.12,-0.02345,0.0,0.0,0.0,0.0,1.0
225719.0,0.8449,0.418,-1.2521,-7.533,-0.169,6.398,-97.333,96.208,-6.522,-93.543,93.363,-25.211,-0.12,0.12,-0.05368,0.0,0.0,0.0,0.0,1.0
225727.0,0.9398,0.3443,-1.2753,-3.18,-1.318,4.991,-101.178,87.573,-6.463,-93.547,93.361,-25.196,-0.12,0.12,-0.03761,0.0,0.0,0.0,0.0,1.0
225735.0,1.0708,0.2756,-1.3394,2.373,-2.251,0.688,-96.319,94.418,-6.298,-93.551,93.359,-25.181,-0.12,0.12,-0.12,0.0,0.0,0.0,0.0,1.0
225742.0,1.1884,0.2356,-1.4181,7.056,-3.249,-4.372,-97.898,92.405,-6.186,-93.553,93.36,-25.166,-0.09564,0.12,-0.12,0.0,0.0,0.0,0.0,1.0
225750.0,1.2231,0.2384,-1.4555,7.601,-3.495,-7.209,-97.139,94.062,-6.11,-93.558,93.359,-25.15,-0.07409,0.12,-0.12,0.0,0.0,0.0,0.0,1.0
225758.0,1.1732,0.2791,-1.4453,4.454,-2.015,-7.022,-98.57,91.587,-6.144,-93.56,93.359,-25.135,-0.11385,0.12,-0.12,0.0,0.0,0.0,0.0,1.0
225766.0,1.045,0.3383,-1.3746,-1.39,-1.13,-3.543,-98.071,90.274,-6.304,-93.565,93.356,-25.12,-0.12,0.12,-0.12,0.0,0.0,0.0,0.0,1.0
225774.0,0.9169,0.374,-1.2813,-6.865,0.182,1.573,-96.694,94.525,-6.455,-93.566,93.357,-25.105,-0.12,0.12,-0.12,0.0,0.0,0.0,0.0,1.0
225781.0,0.8242,0.3723,-1.1869,-9.547,0.448,6.42,-98.941,90.304,-6.699,-93.571,93.355,-25.09,-0.12,0.12,0.01789,0.0,0.0,0.0,0.0,1.0
225789.0,0.8382,0.3358,-1.1654,-6.199,0.207,7.647,-98.317,94.772,-6.755,-93.574,93.356,-25.076,-0.12,0.12,-0.01556,0.0,0.0,0.0,0.0,1.0
225797.0,0.9377,0.2792,-1.2099,0.024,-0.143,4.099,-98.798,86.367,-6.776,-93.58,93.351,-25.061,-0.12,0.12,-0.08663,0.0,0.0,0.0,0.0,1.0
225804.0,1.0804,0.2352,-1.3097,6.178,-0.967,-1.653,-94.871,95.591,-6.618,-93.58,93.351,-25.046,-0.12,0.12,-0.12,0.0,0.0,0.0,0.0,1.0
225812.0,1.1887,0.2423,-1.425,9.879,-0.6,-7.942,-99.206,90.272,-6.416,-93.585,93.35,-25.031,-0.04888,0.12,-0.12,0.0,0.0,0.0,0.0,1.0
225820.0,1.2017,0.2877,-1.4821,9.593,0.41,-10.992,-95.477,94.958,-6.14,-93.586,93.35,-25.016,-0.0579,0.12,-0.12,0.0,0.0,0.0,0.0,1.0
225828.0,1.1178,0.3501,-1.459,5.084,1.259,-9.446,-100.463,88.638,-6.119,-93.592,93.348,-25.001,-0.10541,0.12,-0.12,0.0,0.0,0.0,0.0,1.0
225836.0,0.971,0.396,-1.3569,-1.717,1.491,-3.935,-93.329,92.007,-5.969,-93.592,93.345,-24.986,-0.12,0.12,-0.12,0.0,0.0,0.0,0.0,1.0
225843.0,0.8321,0.4035,-1.2252,-6.981,1.284,3.123,-100.5,92.167,-5.939,-93.597,93.345,-24.971,-0.12,0.12,-0.0776,0.0,0.0,0.0,0.0,1.0
225851.0,0.7504,0.3712,-1.1121,-8.969,-0.209,8.718,-95.431,91.199,-5.952,-93.599,93.343,-24.956,-0.12,0.12,0.0464,0.0,0.0,0.0,0.0,1.0
225859.0,0.7771,0.3077,-1.077,-6.343,-0.741,10.431,-100.649,92.132,-5.931,-93.604,93.343,-24.94,-0.12,0.12,0.09035,0.0,0.0,0.0,0.0,1.0
225867.0,0.9037,0.246,-1.1435,2.4,-1.308,5.108,-92.709,86.909,-5.836,-93.605,93.338,-24.925,-0.12,0.12,-0.10785,0.0,0.0,0.0,0.0,1.0
225875.0,1.0651,0.2405,-1.2995,9.085,-0.157,-2.306,-99.834,95.272,-5.709,-93.608,93.338,-24.91,-0.12,0.12,-0.12,0.0,0.0,0.0,0.0,1.0
225883.0,1.1922,0.2763,-1.4616,12.792,1.491,-9.565,-93.549,89.19,-5.55,-93.609,93.336,-24.894,-0.01708,0.12,-0.12,0.0,0.0,0.0,0.0,1.0
225890.0,1.2319,0.3499,-1.5729,11.225,2.909,-12.904,-101.292,94.836,-5.395,-93.614,93.336,-24.879,-0.04053,0.12,-0.12,0.0,0.0,0.0,0.0,1.0
225898.0,1.1741,0.4264,-1.5896,5.339,3.637,-10.706,-92.425,86.563,-5.308,-93.615,93.333,-24.863,-0.10042,0.12,-0.12,0.0,0.0,0.0,0.0,1.0
225906.0,1.0404,0.4717,-1.5,-2.5,3.346,-5.112,-100.193,93.106,-5.181,-93.618,93.33,-24.848,-0.12,0.12,-0.12,0.0,0.0,0.0,0.0,1.0
225914.0,0.905,0.454,-1.3474,-8.682,0.906,3.087,-94.51,90.089,-5.103,-93.621,93.329,-24.832,-0.12,0.12,-0.10898,0.0,0.0,0.0,0.0,1.0
225921.0,0.8453,0.3931,-1.2283,-10.484,-0.906,9.661,-100.934,91.975,-5.033,-93.625,93.327,-24.816,-0.12,0.12,0.08863,0.0,0.0,0.0,0.0,1.0
225929.0,0.8826,0.3079,-1.1827,-7.538,-2.91,10.94,-92.809,90.37,-4.862,-93.626,93.326,-24.8,-0.12,0.12,0.06904,0.0,0.0,0.0,0.0,1.0
225937.0,1.0207,0.2343,-1.249,-0.68,-3.151,7.494,-98.051,87.25,-4.742,-93.628,93.321,-24.784,-0.12,0.12,-0.01308,0.0,0.0,0.0,0.0,1.0
225945.0,1.1898,0.2134,-1.3978,6.517,-2.112,0.314,-94.008,94.317,-4.54,-93.63,93.321,-24.768,-0.12,0.12,-0.12,0.0,0.0,0.0,0.0,1.0
225952.0,1.3203,0.2606,-1.5744,11.365,0.813,-7.142,-98.906,88.759,-4.483,-93.632,93.318,-24.752,-0.02984,0.12,-0.12,0.0,0.0,0.0,0.0,1.0
225960.0,1.3684,0.3473,-1.707,11.191,3.545,-12.45,-94.848,94.093,-4.368,-93.635,93.317,-24.735,-0.03017,0.12,-0.12,0.0,0.0,0.0,0.0,1.0
225968.0,1.2842,0.433,-1.7061,4.056,5.353,-9.342,-96.483,85.673,-4.507,-93.636,93.313,-24.719,-0.11525,0.12,-0.12,0.0,0.0,0.0,0.0,1.0
225976.0,1.1411,0.4794,-1.6082,-3.596,4.686,-2.397,-96.74,93.074,-4.657,-93.64,93.311,-24.703,-0.12,0.12,-0.12,0.0,0.0,0.0,0.0,1.0
225983.0,0.9912,0.4713,-1.4504,-9.364,2.455,6.872,-97.532,89.022,-4.887,-93.641,93.309,-24.687,-0.12,0.12,-0.04726,0.0,0.0,0.0,0.0,1.0
225991.0,0.9144,0.4144,-1.3181,-10.739,0.668,12.782,-96.502,91.762,-5.014,-93.645,93.306,-24.671,-0.12,0.12,0.08607,0.0,0.0,0.0,0.0,1.0
225999.0,0.9364,0.3321,-1.26,-7.345,-1.0,13.276,-93.476,89.281,-5.005,-93.644,93.305,-24.656,-0.12,0.12,0.08547,0.0,0.0,0.0,0.0,1.0
226006.0,1.0481,0.278,-1.319,-0.014,-1.162,8.009,-97.351,86.956,-4.838,-93.648,93.299,-24.64,-0.12,0.12,-0.04436,0.0,0.0,0.0,0.0,1.0
226014.0,1.2142,0.2797,-1.4868,6.941,0.098,-1.369,-94.031,93.524,-4.523,-93.648,93.299,-24.624,-0.12,0.12,-0.12,0.0,0.0,0.0,0.0,1.0
226022.0,1.3317,0.3383,-1.6614,10.694,1.758,-9.742,-98.976,88.195,-4.312,-93.652,93.295,-24.608,-0.02407,0.12,-0.12,0.0,0.0,0.0,0.0,1.0
226030.0,1.355,0.4267,-1.7709,9.323,2.566,-14.466,-91.861,93.433,-4.05,-93.651,93.295,-24.591,-0.03373,0.12,-0.12,0.0,0.0,0.0,0.0,1.0
226038.0,1.266,0.4961,-1.7494,3.138,2.595,-12.011,-99.384,85.124,-4.11,-93.655,93.29,-24.575,-0.09451,0.12,-0.12,0.0,0.0,0.0,0.0,1.0
226046.0,1.1024,0.532,-1.6207,-5.049,1.71,-4.418,-93.652,92.727,-4.251,-93.656,93.287,-24.559,-0.12,0.12,-0.12,0.0,0.0,0.0,0.0,1.0
226053.0,0.9288,0.5214,-1.4368,-11.991,-0.371,5.347,-99.778,88.249,-4.425,-93.66,93.285,-24.543,-0.12,0.12,-0.00345,0.0,0.0,0.0,0.0,1.0
226061.0,0.8162,0.4697,-1.2738,-14.385,-1.761,13.465,-90.906,91.395,-4.733,-93.659,93.282,-24.527,-0.12,0.12,0.12,0.0,0.0,0.0,0.0,1.0
226069.0,0.8388,0.4104,-1.2387,-8.637,-2.239,13.587,-98.059,88.546,-4.765,-93.661,93.28,-24.511,-0.12,0.12,0.12,0.0,0.0,0.0,0.0,1.0
226076.0,0.9538,0.3822,-1.3261,-0.293,-1.152,7.75,-91.967,86.415,-4.789,-93.661,93.273,-24.495,-0.12,0.12,-0.07783,0.0,0.0,0.0,0.0,1.0
226084.0,1.1297,0.4029,-1.5223,8.102,1.537,-2.278,-99.116,93.019,-4.702,-93.663,93.273,-24.479,-0.12,0.12,-0.12,0.0,0.0,0.0,0.0,1.0
226092.0,1.2755,0.4508,-1.7148,12.357,3.248,-11.204,-92.302,87.468,-4.474,-93.665,93.269,-24.463,-0.0076,0.12,-0.12,0.0,0.0,0.0,0.0,1.0
226100.0,1.297,0.5182,-1.802,11.221,4.153,-14.357,-97.209,92.893,-4.48,-93.665,93.268,-24.447,-0.02624,0.12,-0.12,0.0,0.0,0.0,0.0,1.0
226107.0,1.1999,0.5653,-1.7507,4.372,3.916,-10.866,-94.545,84.584,-4.47,-93.668,93.263,-24.431,-0.10271,0.12,-0.12,0.0,0.0,0.0,0.0,1.0
226116.0,0.994,0.5815,-1.5606,-4.843,2.024,-1.767,-98.351,92.021,-4.671,-93.669,93.259,-24.415,-0.12,0.12,-0.12,0.0,0.0,0.0,0.0,1.0
226123.0,0.7923,0.5609,-1.3388,-12.442,-0.148,8.428,-93.267,87.805,-4.749,-93.671,93.257,-24.4,-0.12,0.12,0.03364,0.0,0.0,0.0,0.0,1.0
226131.0,0.6648,0.5026,-1.1545,-15.248,-1.901,14.89,-94.088,90.566,-4.672,-93.67,93.253,-24.384,-0.12,0.12,0.12,0.0,0.0,0.0,0.0,1.0
226139.0,0.6638,0.4368,-1.0894,-12.172,-2.527,16.246,-94.384,87.91,-4.689,-93.672,93.25,-24.368,-0.12,0.12,0.12,0.0,0.0,0.0,0.0,1.0
226147.0,0.801,0.4126,-1.203,-0.499,-1.694,6.699,-94.284,85.81,-4.17,-93.671,93.244,-24.352,-0.12,0.12,-0.04537,0.0,0.0,0.0,0.0,1.0
226202.0,0.5332,0.5154,-1.0352,-17.505,-2.629,16.5,-96.962,89.642,-4.015,-93.679,93.22,-24.237,-0.12,0.12,0.12,0.0,0.0,0.0,0.0,1.0
226210.0,0.5245,0.4538,-0.9665,-13.589,-2.435,18.415,-90.561,87.735,-4.179,-93.677,93.217,-24.221,-0.12,0.12,0.12,0.0,0.0,0.0,0.0,1.0
226217.0,0.6745,0.4321,-1.0955,-0.952,-0.779,9.513,-98.386,84.807,-4.039,-93.679,93.21,-24.205,-0.12,0.12,0.05285,0.0,0.0,0.0,0.0,1.0
226225.0,0.9043,0.4546,-1.3472,8.894,1.325,-3.177,-90.033,91.927,-3.738,-93.679,93.208,-24.188,-0.12,0.12,-0.12,0.0,0.0,0.0,0.0,1.0
226233.0,1.083,0.5057,-1.5757,14.24,3.351,-13.086,-97.375,86.217,-3.608,-93.679,93.203,-24.172,-0.00196,0.12,-0.12,0.0,0.0,0.0,0.0,1.0
226241.0,1.1203,0.5809,-1.6863,13.079,4.412,-17.638,-92.747,91.804,-3.457,-93.681,93.201,-24.155,-0.01011,0.12,-0.12,0.0,0.0,0.0,0.0,1.0
226249.0,1.0005,0.6397,-1.6237,4.925,3.398,-14.92,-98.192,83.668,-3.338,-93.682,93.196,-24.139,-0.09539,0.12,-0.12,0.0,0.0,0.0,0.0,1.0
226256.0,0.774,0.6582,-1.4152,-6.562,1.901,-4.473,-91.468,89.876,-3.485,-93.683,93.191,-24.122,-0.12,0.12,-0.12,0.0,0.0,0.0,0.0,1.0
226264.0,0.54,0.6272,-1.151,-16.157,-0.658,8.104,-93.811,87.8,-3.55,-93.681,93.188,-24.106,-0.12,0.12,0.10954,0.0,0.0,0.0,0.0,1.0
226272.0,0.3858,0.5646,-0.9357,-20.054,-2.96,16.523,-92.976,88.123,-3.422,-93.682,93.183,-24.089,-0.12,0.12,0.12,0.0,0.0,0.0,0.0,1.0
226280.0,0.3656,0.4959,-0.8486,-16.759,-3.823,18.85,-93.152,88.951,-3.298,-93.68,93.18,-24.073,-0.12,0.12,0.12,0.0,0.0,0.0,0.0,1.0
226288.0,0.5133,0.4557,-0.9572,-3.711,-3.344,9.551,-94.568,83.289,-3.074,-93.682,93.173,-24.056,-0.12,0.12,0.11507,0.0,0.0,0.0,0.0,1.0
226295.0,0.7475,0.4695,-1.2048,6.713,-1.202,-3.967,-90.89,91.739,-2.62,-93.68,93.17,-24.039,-0.12,0.12,-0.12,0.0,0.0,0.0,0.0,1.0
226303.0,0.9564,0.5247,-1.4675,12.615,0.887,-15.975,-96.582,85.651,-2.241,-93.682,93.165,-24.022,-0.00924,0.12,-0.12,0.0,0.0,0.0,0.0,1.0
226311.0,1.0252,0.5908,-1.6008,11.267,1.745,-20.56,-92.659,91.05,-2.15,-93.681,93.162,-24.004,-0.01326,0.12,-0.12,0.0,0.0,0.0,0.0,1.0
226319.0,0.8858,0.6668,-1.5353,2.655,1.812,-16.245,-97.349,84.241,-2.261,-93.684,93.157,-23.987,-0.12,0.12,-0.12,0.0,0.0,0.0,0.0,1.0
226327.0,0.6337,0.7146,-1.3298,-9.161,0.606,-6.288,-89.059,87.413,-2.343,-93.681,93.151,-23.969,-0.12,0.12,-0.12,0.0,0.0,0.0,0.0,1.0
226334.0,0.3691,0.7195,-1.0698,-19.116,-0.999,6.117,-95.927,88.898,-2.418,-93.682,93.148,-23.952,-0.12,0.12,0.12,0.0,0.0,0.0,0.0,1.0
226342.0,0.182,0.679,-0.8433,-23.072,-3.109,16.625,-89.449,85.955,-2.613,-93.68,93.142,-23.935,-0.12,0.12,0.12,0.0,0.0,0.0,0.0,1.0
226350.0,0.1538,0.6117,-0.7496,-19.037,-4.139,20.597,-96.598,90.045,-2.808,-93.68,93.14,-23.918,-0.12,0.12,0.12,0.0,0.0,0.0,0.0,1.0
226358.0,0.2954,0.5638,-0.8446,-8.56,-3.969,15.131,-89.992,81.779,-2.736,-93.679,93.132,-23.901,-0.12,0.12,0.12,0.0,0.0,0.0,0.0,1.0
226365.0,0.5426,0.5543,-1.0826,3.784,-2.516,2.391,-94.348,90.1,-2.429,-93.678,93.127,-23.884,-0.12,0.12,-0.12,0.0,0.0,0.0,0.0,1.0
226373.0,0.786,0.5796,-1.3506,13.206,-0.894,-10.345,-93.084,86.291,-2.28,-93.679,93.124,-23.867,-0.05171,0.12,-0.12,0.0,0.0,0.0,0.0,1.0
226381.0,0.8909,0.6332,-1.5077,15.556,0.9,-17.45,-95.29,88.737,-2.354,-93.678,93.119,-23.85,0.01859,0.12,-0.12,0.0,0.0,0.0,0.0,1.0
226389.0,0.7932,0.7055,-1.4804,6.565,2.032,-14.666,-93.433,86.708,-2.453,-93.68,93.115,-23.832,-0.1175,0.12,-0.12,0.0,0.0,0.0,0.0,1.0
226396.0,0.558,0.7622,-1.3004,-5.757,1.569,-5.263,-90.457,83.626,-2.552,-93.677,93.107,-23.815,-0.12,0.12,-0.12,0.0,0.0,0.0,0.0,1.0
226404.0,0.2668,0.7793,-1.0258,-16.744,0.239,8.111,-94.343,90.299,-2.727,-93.678,93.104,-23.798,-0.12,0.12,0.12,0.0,0.0,0.0,0.0,1.0
226412.0,0.0424,0.7374,-0.7605,-21.74,-1.037,19.458,-89.561,84.115,-2.982,-93.675,93.098,-23.782,-0.12,0.12,0.12,0.0,0.0,0.0,0.0,1.0
226419.0,-0.0293,0.6666,-0.6199,-18.892,-2.3,22.946,-96.288,90.067,-3.058,-93.676,93.094,-23.765,-0.12,0.12,0.12,0.0,0.0,0.0,0.0,1.0
226427.0,0.1163,0.5972,-0.6979,-8.898,-2.54,16.47,-87.951,82.684,-2.855,-93.673,93.088,-23.749,-0.12,0.12,0.12,0.0,0.0,0.0,0.0,1.0
226435.0,0.3631,0.5531,-0.9019,3.532,-2.031,4.694,-96.11,86.31,-2.629,-93.673,93.081,-23.732,-0.12,0.12,-0.04149,0.0,0.0,0.0,0.0,1.0
226443.0,0.6087,0.5581,-1.1523,13.474,-0.78,-7.98,-90.745,88.372,-2.42,-93.672,93.078,-23.715,-0.09732,0.12,-0.12,0.0,0.0,0.0,0.0,1.0
226451.0,0.7416,0.6039,-1.3299,16.321,0.333,-17.755,-97.113,85.485,-2.11,-93.673,93.071,-23.698,0.0257,0.12,-0.12,0.0,0.0,0.0,0.0,1.0
226458.0,0.6843,0.6747,-1.3415,10.485,1.051,-19.616,-89.709,89.213,-1.783,-93.672,93.068,-23.68,-0.06586,0.12,-0.12,0.0,0.0,0.0,0.0,1.0
226466.0,0.4559,0.7347,-1.1716,-1.925,1.06,-12.5,-92.854,81.512,-1.65,-93.67,93.06,-23.662,-0.12,0.12,-0.12,0.0,0.0,0.0,0.0,1.0
226474.0,0.1481,0.7628,-0.8911,-15.01,0.095,0.81,-91.22,89.229,-1.751,-93.669,93.055,-23.645,-0.12,0.12,-0.00132,0.0,0.0,0.0,0.0,1.0
226482.0,-0.1194,0.7362,-0.5975,-23.815,-1.636,14.729,-91.492,84.939,-1.981,-93.666,93.05,-23.628,-0.12,0.12,0.12,0.0,0.0,0.0,0.0,1.0
226489.0,-0.211,0.6697,-0.4412,-22.677,-2.965,22.639,-93.432,87.285,-2.069,-93.667,93.044,-23.61,-0.12,0.12,0.12,0.0,0.0,0.0,0.0,1.0
226497.0,-0.1064,0.5919,-0.4701,-12.708,-3.536,17.045,-88.304,86.187,-1.849,-93.663,93.04,-23.593,-0.12,0.12,0.12,0.0,0.0,0.0,0.0,1.0
226505.0,0.1513,0.5342,-0.6717,0.761,-3.258,3.827,-95.441,81.785,-1.397,-93.663,93.031,-23.575,-0.12,0.12,0.05039,0.0,0.0,0.0,0.0,1.0
226513.0,0.4253,0.5343,-0.9457,11.674,-1.921,-10.749,-90.315,89.876,-0.91,-93.661,93.027,-23.557,-0.12,0.12,-0.12,0.0,0.0,0.0,0.0,1.0
226520.0,0.5627,0.5875,-1.1349,14.996,-0.824,-20.455,-96.702,83.892,-0.529,-93.662,93.021,-23.539,0.00057,0.12,-0.12,0.0,0.0,0.0,0.0,1.0
226528.0,0.5014,0.6673,-1.1514,9.673,-0.077,-21.166,-87.902,89.011,-0.355,-93.66,93.017,-23.52,-0.09116,0.12,-0.12,0.0,0.0,0.0,0.0,1.0
226536.0,0.2596,0.7491,-0.9891,-2.58,0.068,-12.969,-94.1,83.106,-0.362,-93.658,93.011,-23.502,-0.12,0.12,-0.12,0.0,0.0,0.0,0.0,1.0
226544.0,-0.0742,0.8013,-0.7061,-16.374,-0.071,0.647,-88.905,84.566,-0.493,-93.656,93.003,-23.484,-0.12,0.12,0.06208,0.0,0.0,0.0,0.0,1.0
226551.0,-0.3767,0.8121,-0.4141,-26.225,-1.042,14.113,-93.235,87.949,-0.695,-93.654,92.999,-23.465,-0.12,0.12,0.12,0.0,0.0,0.0,0.0,1.0
226559.0,-0.5353,0.7728,-0.2172,-27.598,-2.376,22.106,-90.295,83.478,-0.848,-93.653,92.991,-23.447,-0.12,0.12,0.12,0.0,0.0,0.0,0.0,1.0
226621.0,-0.6203,0.9056,-0.2616,-23.54,0.722,11.883,-94.301,88.45,-0.506,-93.638,92.942,-23.301,-0.12,0.12,0.12,0.0,0.0,0.0,0.0,1.0
226629.0,-0.8136,0.8734,-0.0368,-27.17,-0.605,20.753,-87.911,83.097,-0.53,-93.636,92.936,-23.283,-0.12,0.12,0.12,0.0,0.0,0.0,0.0,1.0
226637.0,-0.8064,0.7939,0.0334,-21.573,-2.774,21.341,-91.124,86.704,-0.43,-93.632,92.929,-23.264,-0.12,0.12,0.12,0.0,0.0,0.0,0.0,1.0
226645.0,-0.6205,0.6977,-0.0588,-9.708,-4.949,14.399,-91.499,83.897,-0.169,-93.632,92.924,-23.246,-0.12,0.12,0.12,0.0,0.0,0.0,0.0,1.0
226653.0,-0.3489,0.6264,-0.2611,3.546,-5.918,2.009,-91.808,81.037,0.182,-93.629,92.914,-23.227,-0.12,0.12,0.10059,0.0,0.0,0.0,0.0,1.0
226660.0,-0.1029,0.5941,-0.4757,12.516,-5.855,-9.774,-92.97,88.643,0.534,-93.629,92.909,-23.209,-0.12,0.12,-0.12,0.0,0.0,0.0,0.0,1.0
226668.0,-0.0242,0.6302,-0.5895,13.976,-4.758,-16.454,-87.439,82.657,0.761,-93.625,92.902,-23.189,-0.09595,0.12,-0.12,0.0,0.0,0.0,0.0,1.0
226676.0,-0.186,0.7221,-0.5172,2.727,-1.766,-12.848,-93.497,87.821,0.782,-93.624,92.897,-23.17,-0.12,0.12,-0.12,0.0,0.0,0.0,0.0,1.0
226683.0,-0.4798,0.8188,-0.3174,-10.923,0.133,-2.471,-87.003,81.983,0.626,-93.62,92.89,-23.151,-0.12,0.12,0.05786,0.0,0.0,0.0,0.0,1.0
226691.0,-0.8019,0.8781,-0.0531,-22.48,0.826,9.98,-94.251,83.064,0.366,-93.618,92.881,-23.132,-0.12,0.12,0.12,0.0,0.0,0.0,0.0,1.0
226699.0,-1.0589,0.8838,0.1984,-27.125,0.215,19.57,-86.461,86.827,0.12,-93.615,92.876,-23.114,-0.12,0.12,0.12,0.0,0.0,0.0,0.0,1.0
226707.0,-1.1254,0.8147,0.3322,-22.473,-1.963,22.487,-91.699,82.012,-0.04,-93.611,92.868,-23.095,-0.12,0.12,0.12,0.0,0.0,0.0,0.0,1.0
226715.0,-0.961,0.6986,0.2808,-11.323,-4.741,17.709,-90.04,87.663,-0.065,-93.61,92.863,-23.077,-0.12,0.12,0.12,0.0,0.0,0.0,0.0,1.0
226723.0,-0.7062,0.5912,0.1307,2.43,-6.618,7.524,-92.22,79.442,0.025,-93.607,92.854,-23.058,-0.12,0.12,0.12,0.0,0.0,0.0,0.0,1.0
226730.0,-0.478,0.5418,-0.0495,12.825,-6.777,-3.876,-91.275,84.905,0.136,-93.607,92.846,-23.04,-0.12,0.12,-0.06005,0.0,0.0,0.0,0.0,1.0
226738.0,-0.3796,0.559,-0.1648,15.895,-5.605,-11.607,-87.668,85.573,0.173,-93.602,92.841,-23.021,-0.12,0.12,-0.12,0.0,0.0,0.0,0.0,1.0
226746.0,-0.476,0.6304,-0.1379,10.608,-3.902,-12.146,-92.628,83.205,0.091,-93.601,92.833,-23.003,-0.12,0.12,-0.12,0.0,0.0,0.0,0.0,1.0
226753.0,-0.7338,0.7183,0.0343,-0.428,-1.5,-5.413,-86.76,86.786,-0.104,-93.596,92.828,-22.984,-0.12,0.12,-0.04789,0.0,0.0,0.0,0.0,1.0
226761.0,-1.0672,0.8003,0.2881,-12.569,-0.555,5.044,-93.975,79.158,-0.364,-93.595,92.819,-22.966,-0.12,0.12,0.12,0.0,0.0,0.0,0.0,1.0
226769.0,-1.3246,0.8189,0.5274,-21.562,-2.075,17.778,-85.619,86.408,-0.57,-93.591,92.811,-22.948,-0.12,0.12,0.12,0.0,0.0,0.0,0.0,1.0
226777.0,-1.4218,0.7692,0.673,-18.839,-5.054,21.101,-91.792,83.157,-0.665,-93.587,92.805,-22.93,-0.12,0.12,0.12,0.0,0.0,0.0,0.0,1.0
226785.0,-1.3284,0.6646,0.6815,-9.395,-8.354,16.753,-89.013,84.194,-0.574,-93.585,92.797,-22.913,-0.12,0.12,0.12,0.0,0.0,0.0,0.0,1.0
226792.0,-1.1254,0.5508,0.5891,2.9,-11.64,7.321,-92.121,84.905,-0.33,-93.582,92.792,-22.895,-0.12,0.12,0.12,0.0,0.0,0.0,0.0,1.0
226800.0,-0.8919,0.4604,0.4437,13.447,-13.436,-4.075,-90.278,78.643,-0.031,-93.581,92.781,-22.876,-0.12,0.12,0.10778,0.0,0.0,0.0,0.0,1.0
226808.0,-0.7667,0.428,0.35,17.282,-13.329,-12.35,-87.379,87.235,0.233,-93.576,92.775,-22.858,-0.12,0.12,-0.12,0.0,0.0,0.0,0.0,1.0
226816.0,-0.8037,0.4371,0.3782,13.968,-11.702,-14.258,-92.023,82.496,0.37,-93.574,92.768,-22.839,-0.12,0.12,-0.09866,0.0,0.0,0.0,0.0,1.0
226824.0,-0.99,0.4677,0.5347,5.02,-9.554,-9.677,-86.643,85.58,0.363,-93.569,92.761,-22.821,-0.12,0.12,0.02358,0.0,0.0,0.0,0.0,1.0
226832.0,-1.239,0.4899,0.7622,-4.876,-7.367,-0.91,-93.407,82.723,0.224,-93.568,92.754,-22.802,-0.12,0.12,0.12,0.0,0.0,0.0,0.0,1.0
226839.0,-1.4492,0.4738,0.9881,-11.252,-5.867,7.772,-84.942,80.139,0.078,-93.563,92.744,-22.784,-0.12,0.12,0.12,0.0,0.0,0.0,0.0,1.0
226847.0,-1.5137,0.4073,1.1173,-9.926,-5.861,12.359,-92.007,86.815,0.005,-93.56,92.738,-22.766,-0.12,0.12,0.12,0.0,0.0,0.0,0.0,1.0
226855.0,-1.4056,0.2698,1.1431,-1.994,-7.184,8.709,-88.186,80.653,0.014,-93.557,92.73,-22.748,-0.12,0.12,0.12,0.0,0.0,0.0,0.0,1.0
226862.0,-1.1438,0.0844,1.0618,9.293,-9.266,0.241,-91.946,85.981,0.119,-93.554,92.723,-22.729,-0.12,0.12,0.12,0.0,0.0,0.0,0.0,1.0
226870.0,-0.8321,-0.0901,0.9201,18.948,-10.774,-9.812,-89.569,81.027,0.255,-93.553,92.716,-22.711,-0.12,0.12,0.02804,0.0,0.0,0.0,0.0,1.0
226878.0,-0.5908,-0.2106,0.796,23.728,-10.566,-17.973,-87.137,80.271,0.391,-93.547,92.705,-22.693,-0.00585,0.12,-0.12,0.0,0.0,0.0,0.0,1.0
226886.0,-0.4783,-0.2854,0.7563,22.304,-9.751,-20.855,-91.392,86.518,0.367,-93.545,92.699,-22.674,-0.02061,0.12,-0.12,0.0,0.0,0.0,0.0,1.0
226894.0,-0.5021,-0.3025,0.7968,15.509,-7.274,-18.015,-86.245,80.787,0.268,-93.54,92.691,-22.656,-0.11357,0.12,-0.12,0.0,0.0,0.0,0.0,1.0
226901.0,-0.593,-0.2968,0.8821,6.778,-4.843,-11.079,-93.184,86.191,0.059,-93.538,92.684,-22.638,-0.12,0.12,0.04879,0.0,0.0,0.0,0.0,1.0
226909.0,-0.6774,-0.2874,0.9575,-0.724,-2.735,-3.782,-84.733,79.737,-0.162,-93.533,92.676,-22.62,-0.12,0.12,0.12,0.0,0.0,0.0,0.0,1.0
226917.0,-0.6771,-0.3018,0.9712,-3.459,-1.538,0.61,-91.319,81.66,-0.319,-93.529,92.666,-22.602,-0.12,0.12,0.12,0.0,0.0,0.0,0.0,1.0
226925.0,-0.555,-0.347,0.8931,-1.179,-1.067,-0.133,-87.996,85.055,-0.35,-93.527,92.66,-22.584,-0.12,0.12,0.12,0.0,0.0,0.0,0.0,1.0
226932.0,-0.3146,-0.4198,0.7235,4.804,-1.761,-4.894,-90.999,80.059,-0.298,-93.523,92.65,-22.566,-0.12,0.12,0.12,0.0,0.0,0.0,0.0,1.0
226940.0,-0.024,-0.5002,0.5112,12.273,-3.911,-11.801,-89.518,85.853,-0.189,-93.521,92.644,-22.548,-0.12,0.12,-0.12,0.0,0.0,0.0,0.0,1.0
226948.0,0.242,-0.5666,0.3098,17.855,-6.613,-18.911,-86.066,78.394,-0.079,-93.515,92.634,-22.53,0.05228,0.12,-0.12,0.0,0.0,0.0,0.0,1.0
226956.0,0.4088,-0.603,0.1784,16.927,-7.797,-20.182,-91.212,81.813,-0.007,-93.513,92.624,-22.512,0.06856,0.12,-0.12,0.0,0.0,0.0,0.0,1.0
226963.0,0.4648,-0.5962,0.1157,10.976,-7.66,-17.539,-85.329,84.854,0.016,-93.507,92.618,-22.494,-0.04443,0.12,-0.12,0.0,0.0,0.0,0.0,1.0
226971.0,0.4331,-0.5536,0.1059,2.292,-6.528,-12.522,-92.612,80.592,-0.033,-93.505,92.609,-22.476,-0.12,0.12,-0.06325,0.0,0.0,0.0,0.0,1.0
226979.0,0.3684,-0.4971,0.1157,-5.398,-4.522,-7.153,-84.498,85.593,-0.073,-93.5,92.602,-22.458,-0.12,0.12,0.00106,0.0,0.0,0.0,0.0,1.0
226987.0,0.3417,-0.448,0.0945,-9.417,-2.939,-3.766,-89.881,78.026,-0.104,-93.495,92.593,-22.441,-0.12,0.12,0.12,0.0,0.0,0.0,0.0,1.0
226994.0,0.3913,-0.4378,0.035,-9.069,-2.614,-3.276,-88.102,82.678,-0.088,-93.492,92.583,-22.423,-0.12,0.12,0.10725,0.0,0.0,0.0,0.0,1.0
227002.0,0.539,-0.4734,-0.0781,-4.897,-3.202,-5.169,-89.2,83.375,-0.013,-93.487,92.576,-22.405,-0.12,0.12,0.02673,0.0,0.0,0.0,0.0,1.0
227010.0,0.7418,-0.5442,-0.212,1.802,-5.004,-8.271,-90.084,80.094,0.078,-93.485,92.566,-22.387,-0.12,0.12,-0.0655,0.0,0.0,0.0,0.0,1.0
227018.0,0.9449,-0.6333,-0.3284,7.496,-7.093,-11.136,-84.429,85.104,0.161,-93.479,92.56,-22.369,-0.06322,0.12,-0.12,0.0,0.0,0.0,0.0,1.0
227025.0,1.0956,-0.7033,-0.4109,10.387,-7.8,-11.841,-90.953,76.953,0.189,-93.476,92.549,-22.351,0.05091,0.12,-0.12,0.0,0.0,0.0,0.0,1.0
227033.0,1.1462,-0.7246,-0.4407,9.081,-6.667,-10.188,-84.585,82.444,0.176,-93.47,92.539,-22.333,-0.01132,0.12,-0.12,0.0,0.0,0.0,0.0,1.0
227041.0,1.0942,-0.6981,-0.4145,2.767,-2.564,-5.65,-91.579,83.154,0.09,-93.466,92.532,-22.315,-0.12,0.12,-0.10102,0.0,0.0,0.0,0.0,1.0
227049.0,1.0043,-0.6354,-0.3857,-2.769,1.177,-1.739,-85.335,80.311,0.006,-93.462,92.522,-22.297,-0.12,0.12,-0.03826,0.0,0.0,0.0,0.0,1.0
227056.0,0.9175,-0.5663,-0.3662,-6.655,4.179,1.26,-87.619,84.554,-0.072,-93.456,92.516,-22.279,-0.12,0.12,0.00794,0.0,0.0,0.0,0.0,1.0
227064.0,0.8847,-0.532,-0.3668,-7.015,5.311,2.391,-89.123,76.852,-0.12,-93.453,92.505,-22.261,-0.12,0.12,0.07492,0.0,0.0,0.0,0.0,1.0
227072.0,0.9308,-0.5503,-0.3951,-4.203,4.505,1.759,-87.253,82.716,-0.118,-93.447,92.495,-22.244,-0.12,0.12,-0.00676,0.0,0.0,0.0,0.0,1.0
227080.0,1.0309,-0.6081,-0.4389,0.803,2.427,0.203,-90.977,81.911,-0.095,-93.446,92.488,-22.226,-0.12,0.12,-0.04229,0.0,0.0,0.0,0.0,1.0
227088.0,1.1479,-0.6784,-0.4874,5.739,0.081,-1.965,-83.392,79.831,-0.051,-93.439,92.477,-22.208,-0.12,0.12,-0.12,0.0,0.0,0.0,0.0,1.0
227095.0,1.2372,-0.7443,-0.5125,9.053,-1.387,-3.6,-90.279,84.101,0.005,-93.434,92.47,-22.191,-0.07888,0.12,-0.12,0.0,0.0,0.0,0.0,1.0
227103.0,1.2662,-0.7739,-0.5128,9.269,-1.134,-3.858,-84.801,76.065,0.04,-93.429,92.459,-22.173,-0.03842,0.12,-0.12,0.0,0.0,0.0,0.0,1.0
227111.0,1.2286,-0.7441,-0.5043,6.831,0.722,-3.381,-89.526,82.115,0.047,-93.424,92.448,-22.155,-0.11218,0.12,-0.12,0.0,0.0,0.0,0.0,1.0
227119.0,1.1534,-0.6819,-0.4895,2.79,3.852,-2.151,-87.058,82.214,0.051,-93.421,92.441,-22.137,-0.12,0.12,-0.12,0.0,0.0,0.0,0.0,1.0
227126.0,1.0685,-0.6005,-0.4838,-1.079,7.217,-1.118,-84.979,79.66,0.033,-93.413,92.431,-22.12,-0.12,0.12,-0.10955,0.0,0.0,0.0,0.0,1.0
227134.0,1.011,-0.5276,-0.4974,-3.098,8.967,-0.32,-90.142,83.682,0.011,-93.411,92.423,-22.102,-0.12,0.12,-0.08954,0.0,0.0,0.0,0.0,1.0
227142.0,1.0034,-0.4881,-0.5283,-1.802,8.645,-0.555,-85.352,76.176,0.015,-93.405,92.412,-22.084,-0.12,0.12,-0.09381,0.0,0.0,0.0,0.0,1.0
227150.0,1.0332,-0.4854,-0.5606,0.895,6.431,-1.039,-91.488,82.025,0.001,-93.402,92.402,-22.066,-0.12,0.12,-0.11298,0.0,0.0,0.0,0.0,1.0
227157.0,1.0968,-0.5113,-0.5991,4.766,3.894,-1.845,-83.34,81.416,0.007,-93.396,92.394,-22.049,-0.12,0.12,-0.12,0.0,0.0,0.0,0.0,1.0
227227.0,1.1865,-0.1879,-1.0038,2.498,4.766,-2.88,-84.927,80.629,-0.058,-93.35,92.304,-21.891,-0.12,0.12,-0.12,0.0,0.0,0.0,0.0,1.0
227235.0,1.2481,-0.2278,-1.0266,3.983,0.672,-1.962,-85.179,81.469,-0.07,-93.342,92.296,-21.873,-0.12,0.12,-0.12,0.0,0.0,0.0,0.0,1.0
227243.0,1.302,-0.2524,-1.0565,5.46,-1.208,-1.77,-87.885,77.917,-0.034,-93.338,92.285,-21.856,-0.09858,0.12,-0.12,0.0,0.0,0.0,0.0,1.0
227251.0,1.3446,-0.2417,-1.1095,5.833,-1.094,-2.785,-83.466,83.212,0.004,-93.331,92.277,-21.838,-0.10703,0.12,-0.12,0.0,0.0,0.0,0.0,1.0
227258.0,1.3752,-0.1976,-1.183,5.497,0.666,-4.316,-90.334,75.419,0.049,-93.327,92.265,-21.821,-0.07159,0.12,-0.12,0.0,0.0,0.0,0.0,1.0
227266.0,1.3971,-0.1232,-1.2775,4.798,3.439,-6.389,-82.222,79.394,0.089,-93.32,92.253,-21.803,-0.10011,0.12,-0.12,0.0,0.0,0.0,0.0,1.0
227274.0,1.413,-0.0416,-1.3727,3.835,5.532,-7.413,-88.218,81.977,0.135,-93.314,92.245,-21.786,-0.12,0.12,-0.12,0.0,0.0,0.0,0.0,1.0
227282.0,1.42,0.0207,-1.4405,2.468,6.758,-7.484,-85.746,77.7,0.102,-93.31,92.234,-21.768,-0.12,0.12,-0.12,0.0,0.0,0.0,0.0,1.0
227290.0,1.4281,0.0521,-1.4791,1.04,5.753,-5.897,-87.31,82.953,0.057,-93.303,92.226,-21.751,-0.12,0.12,-0.12,0.0,0.0,0.0,0.0,1.0
227297.0,1.4266,0.0571,-1.4825,0.016,3.408,-3.056,-87.969,76.158,-0.014,-93.3,92.215,-21.734,-0.12,0.12,-0.12,0.0,0.0,0.0,0.0,1.0
227305.0,1.4292,0.0437,-1.472,0.058,1.007,-0.274,-82.08,78.636,-0.085,-93.292,92.202,-21.716,-0.12,0.12,-0.12,0.0,0.0,0.0,0.0,1.0
227313.0,1.4402,0.0238,-1.4637,0.599,-1.038,1.653,-88.667,82.018,-0.106,-93.287,92.194,-21.699,-0.12,0.12,-0.12,0.0,0.0,0.0,0.0,1.0
227320.0,1.4664,0.015,-1.4813,1.634,-2.061,1.748,-82.569,76.831,-0.104,-93.28,92.183,-21.682,-0.12,0.12,-0.12,0.0,0.0,0.0,0.0,1.0
227328.0,1.5071,0.0314,-1.538,3.706,-1.058,-0.799,-88.515,82.526,-0.053,-93.274,92.174,-21.664,-0.11576,0.12,-0.12,0.0,0.0,0.0,0.0,1.0
227376.0,1.5634,0.1419,-1.7019,-1.456,-0.065,0.621,-81.419,76.679,-0.041,-93.238,92.11,-21.561,-0.12,0.12,-0.12,0.0,0.0,0.0,0.0,1.0
227383.0,1.5345,0.1173,-1.649,-2.425,-1.545,2.859,-86.775,76.627,-0.054,-93.231,92.097,-21.543,-0.12,0.12,-0.12,0.0,0.0,0.0,0.0,1.0
227391.0,1.5293,0.0935,-1.6206,-2.515,-2.532,3.513,-84.155,82.124,-0.027,-93.225,92.089,-21.526,-0.12,0.12,-0.12,0.0,0.0,0.0,0.0,1.0
227399.0,1.559,0.0727,-1.63,-0.866,-3.225,2.557,-84.413,76.188,0.024,-93.217,92.077,-21.509,-0.12,0.12,-0.12,0.0,0.0,0.0,0.0,1.0
227406.0,1.628,0.0507,-1.6778,1.967,-2.514,-0.882,-87.953,81.062,0.073,-93.213,92.067,-21.492,-0.10441,0.12,-0.12,0.0,0.0,0.0,0.0,1.0
227414.0,1.6968,0.0388,-1.7349,3.945,-2.052,-3.533,-80.846,77.567,0.108,-93.204,92.057,-21.475,-0.04167,0.12,-0.12,0.0,0.0,0.0,0.0,1.0
227422.0,1.7574,0.0388,-1.7955,4.569,-1.762,-4.975,-88.499,74.499,0.097,-93.199,92.043,-21.457,-0.00537,0.12,-0.12,0.0,0.0,0.0,0.0,1.0
227430.0,1.7904,0.0311,-1.821,3.468,-2.0,-4.694,-83.368,82.2,0.067,-93.193,92.033,-21.44,-0.04663,0.12,-0.12,0.0,0.0,0.0,0.0,1.0
227438.0,1.7735,0.0264,-1.7996,1.285,-1.784,-2.832,-87.839,76.943,0.009,-93.186,92.023,-21.423,-0.06566,0.12,-0.12,0.0,0.0,0.0,0.0,1.0
227445.0,1.7235,0.0249,-1.7482,-1.831,-1.629,-0.082,-84.759,79.93,-0.053,-93.182,92.012,-21.406,-0.12,0.12,-0.12,0.0,0.0,0.0,0.0,1.0
227453.0,1.6704,0.0251,-1.6951,-4.839,-1.325,2.728,-81.975,78.953,-0.099,-93.172,92.002,-21.389,-0.12,0.12,-0.12,0.0,0.0,0.0,0.0,1.0
227461.0,1.6302,0.0235,-1.6534,-5.915,-1.372,4.063,-87.102,73.973,-0.118,-93.167,91.988,-21.372,-0.12,0.12,-0.1094,0.0,0.0,0.0,0.0,1.0
227469.0,1.6219,0.0119,-1.6338,-5.387,-1.285,3.975,-81.1,81.351,-0.101,-93.158,91.978,-21.355,-0.12,0.12,-0.12,0.0,0.0,0.0,0.0,1.0
227476.0,1.6547,-0.0041,-1.6511,-3.102,-1.595,2.107,-88.055,77.011,-0.043,-93.152,91.968,-21.338,-0.12,0.12,-0.12,0.0,0.0,0.0,0.0,1.0
227484.0,1.7136,-0.0337,-1.6811,-0.284,-2.035,-0.061,-82.564,78.038,-0.001,-93.146,91.956,-21.321,-0.11692,0.12,-0.12,0.0,0.0,0.0,0.0,1.0
227492.0,1.7908,-0.0759,-1.7172,1.946,-2.78,-1.756,-83.673,79.947,0.041,-93.137,91.946,-21.304,-0.07008,0.12,-0.12,0.0,0.0,0.0,0.0,1.0
227500.0,1.8368,-0.109,-1.7311,2.915,-2.513,-2.782,-86.7,72.743,0.054,-93.132,91.932,-21.287,-0.01519,0.12,-0.12,0.0,0.0,0.0,0.0,1.0
227507.0,1.833,-0.1381,-1.6989,1.452,-2.121,-1.605,-82.948,79.738,0.027,-93.124,91.921,-21.269,-0.07423,0.12,-0.12,0.0,0.0,0.0,0.0,1.0
227515.0,1.7897,-0.1427,-1.6511,-1.112,-1.152,0.836,-88.601,78.755,-0.014,-93.12,91.911,-21.252,-0.12,0.12,-0.12,0.0,0.0,0.0,0.0,1.0
227523.0,1.7175,-0.1321,-1.5893,-4.12,0.543,3.312,-80.466,76.642,-0.028,-93.112,91.899,-21.235,-0.12,0.12,-0.12,0.0,0.0,0.0,0.0,1.0
227531.0,1.6371,-0.1056,-1.5346,-5.927,1.787,4.298,-85.144,80.82,-0.031,-93.103,91.889,-21.219,-0.12,0.12,-0.12,0.0,0.0,0.0,0.0,1.0
227538.0,1.579,-0.0715,-1.5096,-6.337,3.05,4.608,-83.598,73.553,-0.009,-93.097,91.876,-21.202,-0.12,0.12,-0.11738,0.0,0.0,0.0,0.0,1.0
227546.0,1.562,-0.0576,-1.5062,-5.225,3.201,3.98,-82.41,77.594,0.033,-93.088,91.863,-21.185,-0.12,0.12,-0.12,0.0,0.0,0.0,0.0,1.0
227554.0,1.5854,-0.0625,-1.5248,-2.366,2.65,2.306,-87.354,79.449,0.061,-93.083,91.854,-21.168,-0.12,0.12,-0.12,0.0,0.0,0.0,0.0,1.0
227562.0,1.6243,-0.0888,-1.5382,0.97,1.279,0.764,-79.613,74.989,0.068,-93.074,91.841,-21.151,-0.12,0.12,-0.12,0.0,0.0,0.0,0.0,1.0
227569.0,1.6655,-0.1268,-1.5424,3.172,0.205,-0.047,-86.79,80.543,0.052,-93.067,91.831,-21.134,-0.1048,0.12,-0.12,0.0,0.0,0.0,0.0,1.0
227577.0,1.6855,-0.162,-1.528,3.571,-0.515,0.274,-83.043,74.337,0.015,-93.06,91.819,-21.117,-0.06863,0.12,-0.12,0.0,0.0,0.0,0.0,1.0
227585.0,1.6709,-0.181,-1.495,2.626,-0.189,1.209,-85.521,74.784,-0.044,-93.053,91.804,-21.1,-0.09165,0.12,-0.12,0.0,0.0,0.0,0.0,1.0
227593.0,1.6142,-0.1761,-1.4431,0.447,1.047,2.364,-85.332,80.68,-0.062,-93.048,91.794,-21.083,-0.12,0.12,-0.12,0.0,0.0,0.0,0.0,1.0
227600.0,1.5278,-0.1405,-1.3912,-3.015,4.106,3.613,-79.86,75.053,-0.054,-93.037,91.782,-21.066,-0.12,0.12,-0.12,0.0,0.0,0.0,0.0,1.0
227608.0,1.4492,-0.0892,-1.3626,-4.855,5.635,3.5,-86.349,79.246,-0.043,-93.031,91.771,-21.049,-0.12,0.12,-0.12,0.0,0.0,0.0,0.0,1.0
227616.0,1.3994,-0.0419,-1.3588,-4.708,6.624,3.105,-80.474,76.663,0.011,-93.022,91.76,-21.033,-0.12,0.12,-0.12,0.0,0.0,0.0,0.0,1.0
227624.0,1.386,-0.0106,-1.3759,-3.313,5.787,1.489,-85.229,73.013,0.035,-93.014,91.745,-21.016,-0.12,0.12,-0.12,0.0,0.0,0.0,0.0,1.0
227631.0,1.4111,-0.0163,-1.3955,-0.546,4.033,0.687,-83.531,80.182,0.065,-93.008,91.734,-20.999,-0.12,0.12,-0.12,0.0,0.0,0.0,0.0,1.0
227639.0,1.445,-0.0394,-1.4069,1.703,1.674,0.058,-80.361,75.336,0.042,-92.998,91.723,-20.982,-0.12,0.12,-0.12,0.0,0.0,0.0,0.0,1.0
227647.0,1.4801,-0.0743,-1.408,3.294,-0.534,0.357,-86.859,77.006,0.008,-92.992,91.71,-20.965,-0.11296,0.12,-0.12,0.0,0.0,0.0,0.0,1.0
227655.0,1.4941,-0.0992,-1.3978,3.07,-1.576,0.354,-81.196,78.407,-0.01,-92.984,91.7,-20.949,-0.11631,0.12,-0.12,0.0,0.0,0.0,0.0,1.0
227662.0,1.4764,-0.1058,-1.3737,1.991,-1.06,1.13,-87.249,71.441,-0.048,-92.978,91.685,-20.932,-0.10664,0.12,-0.12,0.0,0.0,0.0,0.0,1.0
227670.0,1.4285,-0.0755,-1.3553,-0.398,0.571,1.464,-81.494,78.25,-0.067,-92.97,91.672,-20.915,-0.12,0.12,-0.12,0.0,0.0,0.0,0.0,1.0
227678.0,1.3661,-0.0207,-1.3462,-2.717,2.793,1.35,-81.457,77.628,-0.025,-92.96,91.662,-20.898,-0.12,0.12,-0.12,0.0,0.0,0.0,0.0,1.0
227686.0,1.3082,0.0513,-1.3584,-4.236,4.702,0.749,-84.847,75.001,-0.008,-92.954,91.649,-20.882,-0.12,0.12,-0.12,0.0,0.0,0.0,0.0,1.0
227694.0,1.27,0.1169,-1.3841,-3.694,4.793,-0.202,-79.557,79.52,0.038,-92.944,91.638,-20.865,-0.12,0.12,-0.12,0.0,0.0,0.0,0.0,1.0
227701.0,1.2622,0.157,-1.4153,-2.56,3.936,-0.373,-86.703,72.497,0.066,-92.937,91.625,-20.848,-0.12,0.12,-0.12,0.0,0.0,0.0,0.0,1.0
227709.0,1.2841,0.159,-1.4392,-0.867,1.895,-0.342,-80.04,75.701,0.051,-92.929,91.61,-20.832,-0.12,0.12,-0.12,0.0,0.0,0.0,0.0,1.0
227717.0,1.313,0.1358,-1.4455,0.669,-0.702,0.085,-82.598,78.767,0.009,-92.919,91.6,-20.815,-0.12,0.12,-0.12,0.0,0.0,0.0,0.0,1.0
227725.0,1.3333,0.0975,-1.4286,1.644,-2.222,1.159,-84.814,73.532,-0.026,-92.913,91.587,-20.798,-0.12,0.12,-0.12,0.0,0.0,0.0,0.0,1.0
227732.0,1.3356,0.0682,-1.4023,1.133,-3.148,1.961,-81.241,78.835,-0.063,-92.904,91.575,-20.782,-0.12,0.12,-0.12,0.0,0.0,0.0,0.0,1.0
227740.0,1.319,0.0582,-1.376,0.175,-2.241,2.436,-86.918,74.608,-0.073,-92.898,91.563,-20.765,-0.12,0.12,-0.12,0.0,0.0,0.0,0.0,1.0
227748.0,1.2861,0.0725,-1.3571,-1.145,-0.866,2.168,-78.963,72.115,-0.062,-92.889,91.547,-20.749,-0.12,0.12,-0.12,0.0,0.0,0.0,0.0,1.0
227756.0,1.2508,0.1029,-1.3513,-1.997,1.27,1.625,-83.121,79.469,-0.029,-92.88,91.536,-20.732,-0.12,0.12,-0.12,0.0,0.0,0.0,0.0,1.0
227764.0,1.2164,0.1489,-1.3617,-2.681,2.986,0.487,-82.494,74.413,0.028,-92.872,91.524,-20.715,-0.12,0.12,-0.12,0.0,0.0,0.0,0.0,1.0
227771.0,1.1999,0.1818,-1.3772,-2.645,3.669,-0.126,-80.387,76.677,0.073,-92.862,91.511,-20.699,-0.12,0.12,-0.12,0.0,0.0,0.0,0.0,1.0
227779.0,1.1898,0.206,-1.3907,-2.079,2.748,-0.617,-85.929,77.157,0.091,-92.856,91.5,-20.682,-0.12,0.12,-0.12,0.0,0.0,0.0,0.0,1.0
227787.0,1.2017,0.1934,-1.3903,-1.338,0.524,-0.507,-78.12,71.081,0.075,-92.846,91.485,-20.666,-0.12,0.12,-0.12,0.0,0.0,0.0,0.0,1.0
227794.0,1.2064,0.1627,-1.3651,-0.992,-1.864,0.477,-84.061,77.735,0.028,-92.837,91.472,-20.649,-0.12,0.12,-0.12,0.0,0.0,0.0,0.0,1.0
227802.0,1.2126,0.1224,-1.3321,-0.983,-3.766,1.946,-82.522,76.027,-0.023,-92.83,91.461,-20.633,-0.12,0.12,-0.12,0.0,0.0,0.0,0.0,1.0
227841.0,1.1823,0.1074,-1.2872,-2.752,0.831,-1.41,-80.185,78.338,0.046,-92.786,91.395,-20.55,-0.12,0.12,-0.12,0.0,0.0,0.0,0.0,1.0
227849.0,1.1675,0.143,-1.307,-2.207,2.096,-2.479,-81.312,72.981,0.103,-92.776,91.382,-20.534,-0.12,0.12,-0.12,0.0,0.0,0.0,0.0,1.0
227857.0,1.1512,0.1713,-1.3182,-1.918,2.206,-2.456,-84.476,77.531,0.109,-92.77,91.369,-20.517,-0.12,0.12,-0.12,0.0,0.0,0.0,0.0,1.0
227864.0,1.1341,0.1761,-1.3058,-1.919,1.298,-1.547,-77.36,74.515,0.075,-92.758,91.357,-20.501,-0.12,0.12,-0.12,0.0,0.0,0.0,0.0,1.0
227872.0,1.1211,0.1574,-1.2746,-1.227,0.092,0.447,-84.479,71.113,0.022,-92.75,91.341,-20.485,-0.12,0.12,-0.12,0.0,0.0,0.0,0.0,1.0
227880.0,1.1028,0.1267,-1.2264,-1.398,-1.485,1.984,-80.888,78.138,-0.058,-92.742,91.329,-20.468,-0.12,0.12,-0.12,0.0,0.0,0.0,0.0,1.0
227888.0,1.0933,0.0902,-1.1814,-0.946,-2.911,4.015,-82.879,73.644,-0.108,-92.733,91.316,-20.452,-0.12,0.12,-0.06898,0.0,0.0,0.0,0.0,1.0
227895.0,1.0817,0.071,-1.1511,-0.706,-2.646,3.934,-83.628,74.565,-0.134,-92.726,91.302,-20.436,-0.12,0.12,-0.06956,0.0,0.0,0.0,0.0,1.0
227903.0,1.0777,0.0671,-1.1432,0.506,-1.024,2.791,-77.382,76.88,-0.096,-92.715,91.291,-20.419,-0.12,0.12,-0.12,0.0,0.0,0.0,0.0,1.0
227911.0,1.0777,0.0872,-1.1629,1.253,0.418,0.602,-83.929,69.694,-0.025,-92.706,91.275,-20.403,-0.12,0.12,-0.12,0.0,0.0,0.0,0.0,1.0
227919.0,1.0825,0.1155,-1.1952,1.912,2.263,-1.269,-78.95,74.99,0.039,-92.697,91.26,-20.387,-0.12,0.12,-0.12,0.0,0.0,0.0,0.0,1.0
227926.0,1.0812,0.1497,-1.2272,2.23,3.506,-2.619,-81.694,76.803,0.096,-92.687,91.249,-20.37,-0.12,0.12,-0.12,0.0,0.0,0.0,0.0,1.0
227934.0,1.0733,0.1738,-1.2428,1.946,3.57,-3.244,-83.266,72.349,0.124,-92.68,91.234,-20.354,-0.12,0.12,-0.12,0.0,0.0,0.0,0.0,1.0
227942.0,1.0651,0.1784,-1.239,1.276,2.89,-2.106,-76.968,77.408,0.11,-92.668,91.222,-20.338,-0.12,0.12,-0.12,0.0,0.0,0.0,0.0,1.0
227950.0,1.0465,0.1697,-1.212,0.209,1.348,-0.448,-84.224,72.781,0.063,-92.659,91.209,-20.321,-0.12,0.12,-0.12,0.0,0.0,0.0,0.0,1.0
227958.0,1.0356,0.1398,-1.172,-0.566,-0.431,1.578,-79.642,71.423,-0.009,-92.651,91.193,-20.305,-0.12,0.12,-0.12,0.0,0.0,0.0,0.0,1.0
227965.0,1.028,0.1035,-1.129,-1.196,-1.923,2.854,-82.866,77.713,-0.05,-92.641,91.181,-20.289,-0.12,0.12,-0.10654,0.0,0.0,0.0,0.0,1.0
227973.0,1.0371,0.078,-1.1133,-1.013,-2.792,2.589,-82.448,72.17,-0.06,-92.634,91.167,-20.273,-0.12,0.12,-0.07256,0.0,0.0,0.0,0.0,1.0
227981.0,1.0571,0.0649,-1.1205,-0.348,-2.011,1.037,-77.089,74.894,-0.047,-92.622,91.153,-20.257,-0.12,0.12,-0.12,0.0,0.0,0.0,0.0,1.0
227989.0,1.0942,0.0581,-1.151,1.107,-1.025,-1.088,-83.47,75.583,-0.016,-92.614,91.141,-20.24,-0.12,0.12,-0.12,0.0,0.0,0.0,0.0,1.0
227997.0,1.1231,0.0689,-1.1904,1.827,0.32,-2.941,-78.1,68.909,0.021,-92.604,91.124,-20.224,-0.12,0.12,-0.12,0.0,0.0,0.0,0.0,1.0
228004.0,1.1469,0.089,-1.2338,2.127,1.552,-4.474,-81.555,75.092,0.043,-92.593,91.11,-20.208,-0.12,0.12,-0.12,0.0,0.0,0.0,0.0,1.0
228012.0,1.1527,0.1143,-1.2643,1.832,2.247,-4.557,-81.928,75.339,0.045,-92.586,91.098,-20.192,-0.12,0.12,-0.12,0.0,0.0,0.0,0.0,1.0
228020.0,1.1423,0.1334,-1.2725,1.352,1.901,-3.519,-76.812,72.127,0.014,-92.574,91.083,-20.176,-0.12,0.12,-0.12,0.0,0.0,0.0,0.0,1.0
228028.0,1.1258,0.1342,-1.2568,-0.046,1.389,-1.609,-83.926,76.971,-0.037,-92.565,91.071,-20.159,-0.12,0.12,-0.12,0.0,0.0,0.0,0.0,1.0
228036.0,1.1107,0.1268,-1.2345,-1.158,0.486,0.512,-78.757,71.031,-0.076,-92.556,91.057,-20.143,-0.12,0.12,-0.12,0.0,0.0,0.0,0.0,1.0
228044.0,1.0964,0.1143,-1.2079,-1.584,-0.819,1.714,-82.829,71.577,-0.111,-92.546,91.04,-20.127,-0.12,0.12,-0.11392,0.0,0.0,0.0,0.0,1.0
228051.0,1.0968,0.0983,-1.1928,-1.225,-2.159,2.273,-81.116,76.85,-0.095,-92.538,91.028,-20.111,-0.12,0.12,-0.12,0.0,0.0,0.0,0.0,1.0
228059.0,1.1093,0.0869,-1.1942,-0.581,-2.164,1.317,-76.605,71.265,-0.061,-92.526,91.014,-20.095,-0.12,0.12,-0.12,0.0,0.0,0.0,0.0,1.0
228067.0,1.1372,0.0779,-1.2133,0.645,-1.389,-0.156,-82.893,74.478,-0.008,-92.517,90.999,-20.079,-0.12,0.12,-0.12,0.0,0.0,0.0,0.0,1.0
228074.0,1.1667,0.081,-1.2459,1.339,-0.814,-1.742,-77.419,74.599,0.05,-92.507,90.987,-20.063,-0.12,0.12,-0.12,0.0,0.0,0.0,0.0,1.0
228082.0,1.1914,0.0867,-1.2761,1.95,0.321,-2.854,-80.976,68.238,0.107,-92.496,90.97,-20.047,-0.12,0.12,-0.12,0.0,0.0,0.0,0.0,1.0
228090.0,1.207,0.1014,-1.306,2.196,0.958,-2.997,-81.514,74.78,0.12,-92.488,90.955,-20.031,-0.12,0.12,-0.12,0.0,0.0,0.0,0.0,1.0
228098.0,1.2056,0.1123,-1.3152,1.743,1.424,-2.27,-75.953,74.739,0.099,-92.475,90.943,-20.015,-0.12,0.12,-0.12,0.0,0.0,0.0,0.0,1.0
228106.0,1.1955,0.1193,-1.312,0.601,1.548,-0.936,-83.155,71.236,0.066,-92.466,90.927,-19.999,-0.12,0.12,-0.12,0.0,0.0,0.0,0.0,1.0
228114.0,1.1783,0.1162,-1.2916,-0.687,0.944,0.535,-78.402,76.266,0.0,-92.456,90.914,-19.983,-0.12,0.12,-0.12,0.0,0.0,0.0,0.0,1.0
228121.0,1.1652,0.1062,-1.2688,-1.101,0.209,1.789,-81.679,70.654,-0.056,-92.446,90.9,-19.967,-0.12,0.12,-0.12,0.0,0.0,0.0,0.0,1.0
228129.0,1.1568,0.0913,-1.246,-1.476,-0.516,2.361,-81.366,70.413,-0.072,-92.439,90.883,-19.951,-0.12,0.12,-0.1159,0.0,0.0,0.0,0.0,1.0
228137.0,1.1625,0.0746,-1.2354,-1.06,-1.079,2.402,-75.724,76.253,-0.076,-92.426,90.87,-19.935,-0.12,0.12,-0.12,0.0,0.0,0.0,0.0,1.0
228144.0,1.1788,0.0624,-1.2398,0.012,-1.447,1.17,-82.097,70.944,-0.051,-92.416,90.856,-19.919,-0.12,0.12,-0.12,0.0,0.0,0.0,0.0,1.0
228152.0,1.1983,0.058,-1.2551,1.441,-0.831,-0.03,-77.488,73.165,-0.009,-92.406,90.84,-19.903,-0.12,0.12,-0.12,0.0,0.0,0.0,0.0,1.0
228160.0,1.2203,0.0548,-1.2739,2.175,-0.195,-1.294,-79.596,74.518,0.018,-92.394,90.828,-19.887,-0.12,0.12,-0.12,0.0,0.0,0.0,0.0,1.0
228168.0,1.2387,0.0552,-1.2928,2.41,0.344,-1.963,-81.977,67.705,0.04,-92.386,90.811,-19.871,-0.11152,0.12,-0.12,0.0,0.0,0.0,0.0,1.0
228176.0,1.2475,0.0626,-1.3088,2.33,1.137,-2.465,-75.149,73.045,0.038,-92.373,90.795,-19.855,-0.12,0.12,-0.12,0.0,0.0,0.0,0.0,1.0
228183.0,1.2497,0.0674,-1.3156,1.88,1.189,-2.067,-82.149,74.73,0.037,-92.363,90.782,-19.84,-0.12,0.12,-0.12,0.0,0.0,0.0,0.0,1.0
228191.0,1.2441,0.0688,-1.3113,0.563,1.309,-1.081,-78.778,70.361,-0.006,-92.354,90.767,-19.824,-0.12,0.12,-0.12,0.0,0.0,0.0,0.0,1.0
228199.0,1.2372,0.0595,-1.2953,-0.582,0.603,0.03,-79.818,75.254,-0.032,-92.343,90.753,-19.808,-0.12,0.12,-0.12,0.0,0.0,0.0,0.0,1.0
228206.0,1.2274,0.0541,-1.2803,-1.582,-0.073,0.65,-82.198,71.377,-0.046,-92.335,90.739,-19.792,-0.12,0.12,-0.12,0.0,0.0,0.0,0.0,1.0
228214.0,1.2149,0.0506,-1.2644,-1.817,-0.613,1.319,-75.005,68.583,-0.053,-92.323,90.721,-19.776,-0.12,0.12,-0.12,0.0,0.0,0.0,0.0,1.0
228222.0,1.2156,0.0424,-1.2572,-1.508,-1.151,1.125,-80.639,75.321,-0.04,-92.312,90.707,-19.761,-0.12,0.12,-0.12,0.0,0.0,0.0,0.0,1.0
228230.0,1.226,0.0354,-1.2607,-0.701,-1.679,0.423,-78.121,71.292,-0.016,-92.302,90.693,-19.745,-0.12,0.12,-0.12,0.0,0.0,0.0,0.0,1.0
228237.0,1.2393,0.0374,-1.276,0.318,-1.563,-0.5,-77.298,71.214,0.008,-92.289,90.677,-19.729,-0.12,0.12,-0.12,0.0,0.0,0.0,0.0,1.0
228245.0,1.2649,0.0389,-1.303,1.515,-1.513,-1.748,-82.497,74.9,0.029,-92.28,90.664,-19.713,-0.12,0.12,-0.12,0.0,0.0,0.0,0.0,1.0
228253.0,1.2882,0.0439,-1.3312,2.076,-0.871,-2.317,-74.838,67.805,0.06,-92.268,90.647,-19.697,-0.10136,0.12,-0.12,0.0,0.0,0.0,0.0,1.0
228261.0,1.3005,0.0461,-1.3457,2.273,-0.297,-2.347,-80.006,70.54,0.031,-92.257,90.63,-19.682,-0.11084,0.12,-0.12,0.0,0.0,0.0,0.0,1.0
228269.0,1.3004,0.0467,-1.3462,1.77,0.366,-1.768,-79.839,75.139,0.015,-92.248,90.617,-19.666,-0.12,0.12,-0.12,0.0,0.0,0.0,0.0,1.0
228276.0,1.2912,0.048,-1.3382,1.182,0.847,-1.026,-77.486,69.894,-0.001,-92.236,90.602,-19.65,-0.12,0.12,-0.12,0.0,0.0,0.0,0.0,1.0
228284.0,1.2724,0.0444,-1.3159,0.175,0.998,0.253,-82.683,73.226,-0.028,-92.227,90.587,-19.634,-0.12,0.12,-0.12,0.0,0.0,0.0,0.0,1.0
228292.0,1.2453,0.0495,-1.2938,-0.399,1.031,1.323,-75.276,72.849,-0.031,-92.216,90.573,-19.619,-0.12,0.12,-0.12,0.0,0.0,0.0,0.0,1.0
228300.0,1.2222,0.0567,-1.2777,-0.715,0.983,1.792,-78.239,67.208,-0.024,-92.203,90.556,-19.603,-0.12,0.12,-0.12,0.0,0.0,0.0,0.0,1.0
228307.0,1.212,0.06,-1.2706,-0.099,1.108,2.002,-79.453,73.288,-0.017,-92.193,90.54,-19.587,-0.12,0.12,-0.12,0.0,0.0,0.0,0.0,1.0
228315.0,1.22,0.0598,-1.2785,0.949,0.672,1.391,-75.225,72.608,0.004,-92.18,90.527,-19.572,-0.12,0.12,-0.12,0.0,0.0,0.0,0.0,1.0
228323.0,1.2449,0.0563,-1.3,2.288,0.819,0.327,-82.0,69.234,0.028,-92.17,90.51,-19.556,-0.12,0.12,-0.12,0.0,0.0,0.0,0.0,1.0
228331.0,1.2759,0.0489,-1.3237,3.676,0.725,-0.545,-75.973,74.348,0.037,-92.159,90.496,-19.54,-0.12,0.12,-0.12,0.0,0.0,0.0,0.0,1.0
228338.0,1.3113,0.0437,-1.3542,4.284,0.642,-1.492,-76.931,69.341,0.037,-92.146,90.48,-19.525,-0.09094,0.12,-0.12,0.0,0.0,0.0,0.0,1.0
228346.0,1.3416,0.0399,-1.3807,4.422,0.084,-1.706,-81.044,67.384,0.041,-92.137,90.462,-19.509,-0.06959,0.12,-0.12,0.0,0.0,0.0,0.0,1.0
228354.0,1.3542,0.0366,-1.3902,3.308,-0.464,-1.736,-75.94,74.435,0.003,-92.125,90.447,-19.494,-0.1119,0.12,-0.12,0.0,0.0,0.0,0.0,1.0
228362.0,1.3458,0.039,-1.3841,1.657,-0.729,-0.877,-81.722,70.819,-0.026,-92.115,90.433,-19.478,-0.11904,0.12,-0.12,0.0,0.0,0.0,0.0,1.0
228369.0,1.3256,0.046,-1.3707,0.006,-0.778,-0.234,-76.995,70.418,-0.034,-92.105,90.416,-19.462,-0.12,0.12,-0.12,0.0,0.0,0.0,0.0,1.0
228377.0,1.3142,0.0404,-1.3538,-1.47,-1.179,0.058,-75.279,73.956,-0.042,-92.091,90.403,-19.447,-0.12,0.12,-0.12,0.0,0.0,0.0,0.0,1.0
228385.0,1.3101,0.0395,-1.3488,-2.071,-1.58,0.002,-80.333,67.381,-0.026,-92.081,90.386,-19.431,-0.12,0.12,-0.12,0.0,0.0,0.0,0.0,1.0
228393.0,1.3212,0.0375,-1.358,-1.676,-1.805,-0.484,-74.548,69.933,-0.013,-92.068,90.369,-19.416,-0.12,0.12,-0.12,0.0,0.0,0.0,0.0,1.0
228401.0,1.3472,0.0299,-1.3766,-0.648,-2.295,-1.235,-79.899,73.685,-0.014,-92.057,90.355,-19.4,-0.12,0.12,-0.12,0.0,0.0,0.0,0.0,1.0
228409.0,1.3825,0.0192,-1.4015,0.451,-2.714,-1.915,-78.049,68.337,-0.009,-92.047,90.339,-19.385,-0.09943,0.12,-0.12,0.0,0.0,0.0,0.0,1.0
228417.0,1.4194,-0.0043,-1.4156,1.533,-2.098,-2.766,-74.157,72.268,0.008,-92.033,90.323,-19.369,-0.09733,0.12,-0.12,0.0,0.0,0.0,0.0,1.0
228463.0,1.4445,-0.0322,-1.4135,-2.043,1.421,-0.278,-79.219,72.964,0.018,-91.964,90.228,-19.277,-0.12,0.12,-0.12,0.0,0.0,0.0,0.0,1.0
228471.0,1.4413,-0.016,-1.426,-1.98,1.578,0.136,-75.918,69.642,0.039,-91.953,90.213,-19.261,-0.12,0.12,-0.12,0.0,0.0,0.0,0.0,1.0
228478.0,1.4447,-0.0096,-1.4357,-1.281,0.927,0.088,-75.648,66.254,0.036,-91.939,90.194,-19.246,-0.12,0.12,-0.12,0.0,0.0,0.0,0.0,1.0
228486.0,1.4605,-0.0167,-1.4445,-0.396,-0.023,0.259,-80.48,72.955,0.059,-91.929,90.178,-19.23,-0.12,0.12,-0.12,0.0,0.0,0.0,0.0,1.0
228494.0,1.4746,-0.0332,-1.4426,0.579,-0.808,0.598,-73.134,70.054,0.028,-91.916,90.163,-19.215,-0.12,0.12,-0.12,0.0,0.0,0.0,0.0,1.0
228502.0,1.4894,-0.0582,-1.4331,0.935,-1.13,0.881,-77.779,68.307,-0.008,-91.903,90.146,-19.2,-0.10622,0.12,-0.12,0.0,0.0,0.0,0.0,1.0
228510.0,1.5019,-0.0864,-1.418,1.141,-1.637,1.499,-78.515,73.044,-0.036,-91.893,90.131,-19.184,-0.12,0.12,-0.12,0.0,0.0,0.0,0.0,1.0
228517.0,1.5106,-0.1094,-1.4043,0.969,-0.986,1.548,-75.195,67.379,-0.078,-91.88,90.115,-19.169,-0.10446,0.12,-0.12,0.0,0.0,0.0,0.0,1.0
228525.0,1.4994,-0.112,-1.3906,0.461,-0.606,2.1,-80.912,66.326,-0.077,-91.87,90.095,-19.154,-0.11176,0.12,-0.12,0.0,0.0,0.0,0.0,1.0
228533.0,1.4864,-0.1041,-1.3854,-0.273,0.183,1.939,-74.373,73.092,-0.058,-91.858,90.08,-19.138,-0.12,0.12,-0.12,0.0,0.0,0.0,0.0,1.0
228541.0,1.47,-0.0892,-1.3834,-0.863,0.958,1.331,-75.096,69.153,-0.023,-91.843,90.065,-19.123,-0.12,0.12,-0.12,0.0,0.0,0.0,0.0,1.0
228548.0,1.4505,-0.0683,-1.3843,-1.459,1.361,0.784,-78.747,69.01,0.021,-91.833,90.047,-19.108,-0.12,0.12,-0.12,0.0,0.0,0.0,0.0,1.0
228556.0,1.4313,-0.0471,-1.3858,-1.528,0.877,0.385,-73.105,72.487,0.054,-91.819,90.033,-19.093,-0.12,0.12,-0.12,0.0,0.0,0.0,0.0,1.0
228564.0,1.4226,-0.0483,-1.3759,-1.29,0.138,0.252,-78.905,66.15,0.068,-91.807,90.015,-19.077,-0.12,0.12,-0.12,0.0,0.0,0.0,0.0,1.0
228572.0,1.418,-0.0601,-1.3598,-0.947,-0.97,0.7,-76.509,67.851,0.069,-91.796,89.997,-19.062,-0.12,0.12,-0.12,0.0,0.0,0.0,0.0,1.0
228579.0,1.4187,-0.0804,-1.3407,-0.703,-2.029,1.198,-72.835,72.639,0.047,-91.781,89.982,-19.047,-0.12,0.12,-0.12,0.0,0.0,0.0,0.0,1.0
228587.0,1.4241,-0.1038,-1.3233,-0.105,-2.76,1.331,-79.59,67.429,0.011,-91.77,89.965,-19.031,-0.1176,0.12,-0.12,0.0,0.0,0.0,0.0,1.0
228595.0,1.4264,-0.1237,-1.3062,-0.154,-2.736,1.357,-74.881,69.544,-0.02,-91.758,89.948,-19.016,-0.12,0.12,-0.12,0.0,0.0,0.0,0.0,1.0
228603.0,1.4344,-0.1382,-1.3001,-0.033,-2.173,0.884,-77.418,71.379,-0.026,-91.745,89.933,-19.001,-0.12,0.12,-0.12,0.0,0.0,0.0,0.0,1.0
228610.0,1.4369,-0.141,-1.2999,0.193,-1.46,0.473,-78.462,64.694,-0.037,-91.735,89.915,-18.986,-0.10211,0.12,-0.12,0.0,0.0,0.0,0.0,1.0
228619.0,1.4257,-0.1368,-1.2927,-0.444,1.289,-1.005,-72.036,68.687,-0.006,-91.72,89.896,-18.971,-0.12,0.12,-0.12,0.0,0.0,0.0,0.0,1.0
228626.0,1.4107,-0.1209,-1.2932,-0.234,2.062,-1.354,-77.895,72.036,-0.001,-91.708,89.882,-18.956,-0.12,0.12,-0.12,0.0,0.0,0.0,0.0,1.0
228634.0,1.3933,-0.1014,-1.2948,-0.564,2.678,-1.428,-75.079,66.982,0.012,-91.696,89.864,-18.94,-0.12,0.12,-0.12,0.0,0.0,0.0,0.0,1.0
228642.0,1.3668,-0.0696,-1.2993,-0.575,2.723,-1.039,-74.15,70.443,0.019,-91.681,89.848,-18.925,-0.12,0.12,-0.12,0.0,0.0,0.0,0.0,1.0
228650.0,1.3433,-0.0446,-1.3002,-0.841,2.306,-0.25,-79.43,70.114,0.013,-91.671,89.833,-18.91,-0.12,0.12,-0.12,0.0,0.0,0.0,0.0,1.0
228657.0,1.3339,-0.0341,-1.301,-0.684,1.541,-0.066,-72.359,64.55,-0.006,-91.657,89.813,-18.895,-0.12,0.12,-0.12,0.0,0.0,0.0,0.0,1.0
228665.0,1.3354,-0.035,-1.3016,-0.27,0.333,0.624,-75.584,69.614,-0.022,-91.643,89.796,-18.88,-0.12,0.12,-0.12,0.0,0.0,0.0,0.0,1.0
228673.0,1.3461,-0.0451,-1.3025,0.003,-0.5,0.654,-77.99,70.795,-0.03,-91.632,89.781,-18.865,-0.12,0.12,-0.12,0.0,0.0,0.0,0.0,1.0
228681.0,1.3558,-0.0578,-1.2998,0.361,-1.192,0.565,-73.528,66.105,-0.039,-91.618,89.763,-18.85,-0.12,0.12,-0.12,0.0,0.0,0.0,0.0,1.0
228688.0,1.3683,-0.0635,-1.3068,0.399,-1.268,-0.031,-79.349,70.581,-0.02,-91.607,89.746,-18.835,-0.12,0.12,-0.12,0.0,0.0,0.0,0.0,1.0
228696.0,1.3737,-0.0631,-1.3125,0.677,-1.036,-0.752,-74.462,68.999,-0.0,-91.595,89.731,-18.82,-0.12,0.12,-0.12,0.0,0.0,0.0,0.0,1.0
228704.0,1.3795,-0.0657,-1.3158,0.313,-0.154,-1.165,-72.63,63.592,0.016,-91.579,89.71,-18.805,-0.10384,0.12,-0.12,0.0,0.0,0.0,0.0,1.0
228712.0,1.3808,-0.0595,-1.3231,-0.022,0.608,-1.698,-77.984,69.626,0.051,-91.568,89.693,-18.789,-0.12,0.12,-0.12,0.0,0.0,0.0,0.0,1.0
228720.0,1.3665,-0.0423,-1.3255,-0.416,1.482,-1.86,-72.29,70.101,0.062,-91.554,89.678,-18.774,-0.12,0.12,-0.12,0.0,0.0,0.0,0.0,1.0
228728.0,1.3607,-0.0274,-1.3343,-0.247,1.718,-2.054,-76.319,66.173,0.069,-91.54,89.659,-18.759,-0.12,0.12,-0.12,0.0,0.0,0.0,0.0,1.0
228736.0,1.3547,-0.0128,-1.3426,-0.362,1.742,-1.857,-76.795,70.832,0.076,-91.529,89.643,-18.744,-0.12,0.12,-0.12,0.0,0.0,0.0,0.0,1.0
228743.0,1.3555,-0.0062,-1.3498,-0.142,1.349,-1.473,-71.013,67.818,0.053,-91.513,89.627,-18.729,-0.12,0.12,-0.12,0.0,0.0,0.0,0.0,1.0
228751.0,1.3664,-0.0145,-1.3525,-0.126,0.553,-0.799,-77.572,64.03,0.011,-91.501,89.607,-18.714,-0.11886,0.12,-0.12,0.0,0.0,0.0,0.0,1.0
228759.0,1.3787,-0.023,-1.3567,-0.239,-0.071,0.044,-75.086,70.157,-0.037,-91.489,89.59,-18.699,-0.12,0.12,-0.12,0.0,0.0,0.0,0.0,1.0
228766.0,1.3899,-0.0372,-1.354,-0.115,-1.002,0.322,-74.389,68.946,-0.091,-91.474,89.574,-18.684,-0.12,0.12,-0.12,0.0,0.0,0.0,0.0,1.0
228774.0,1.3972,-0.0479,-1.3508,-0.143,-1.227,0.787,-78.75,65.592,-0.109,-91.464,89.555,-18.67,-0.11976,0.12,-0.12,0.0,0.0,0.0,0.0,1.0
228782.0,1.4108,-0.0591,-1.3535,0.682,-1.676,0.94,-71.622,70.448,-0.103,-91.45,89.539,-18.655,-0.12,0.12,-0.12,0.0,0.0,0.0,0.0,1.0
228790.0,1.4185,-0.0569,-1.3634,0.597,-0.822,0.065,-74.228,67.041,-0.059,-91.435,89.522,-18.64,-0.1135,0.12,-0.12,0.0,0.0,0.0,0.0,1.0
228797.0,1.4246,-0.0493,-1.3769,0.782,0.089,-0.925,-76.449,63.139,-0.013,-91.423,89.502,-18.625,-0.09022,0.12,-0.12,0.0,0.0,0.0,0.0,1.0
228805.0,1.4261,-0.0289,-1.3983,0.795,0.765,-1.72,-71.373,69.772,0.027,-91.408,89.484,-18.61,-0.12,0.12,-0.12,0.0,0.0,0.0,0.0,1.0
228813.0,1.4296,-0.0183,-1.4121,1.027,1.503,-1.844,-77.362,68.874,0.069,-91.395,89.468,-18.595,-0.11574,0.12,-0.12,0.0,0.0,0.0,0.0,1.0
228821.0,1.4293,-0.0111,-1.4188,0.637,1.528,-1.903,-74.455,65.544,0.071,-91.383,89.45,-18.58,-0.10632,0.12,-0.12,0.0,0.0,0.0,0.0,1.0
228829.0,1.4252,-0.0083,-1.4174,0.437,1.109,-1.283,-70.998,70.179,0.069,-91.366,89.433,-18.565,-0.12,0.12,-0.12,0.0,0.0,0.0,0.0,1.0
228836.0,1.4234,-0.0187,-1.4055,-0.422,0.529,-0.478,-77.658,67.076,0.05,-91.354,89.416,-18.55,-0.12,0.12,-0.12,0.0,0.0,0.0,0.0,1.0
228844.0,1.4158,-0.0326,-1.3844,-1.082,-0.237,0.314,-73.329,63.356,0.016,-91.341,89.396,-18.536,-0.12,0.12,-0.12,0.0,0.0,0.0,0.0,1.0
228852.0,1.4126,-0.0424,-1.3716,-1.451,-0.849,1.084,-74.891,69.4,0.013,-91.327,89.378,-18.521,-0.12,0.12,-0.12,0.0,0.0,0.0,0.0,1.0
228859.0,1.4099,-0.0545,-1.3571,-1.818,-1.358,1.007,-77.361,68.289,-0.023,-91.316,89.362,-18.506,-0.12,0.12,-0.12,0.0,0.0,0.0,0.0,1.0
228867.0,1.4164,-0.0569,-1.3613,-1.611,-1.0,0.759,-70.375,64.863,-0.024,-91.301,89.343,-18.491,-0.12,0.12,-0.12,0.0,0.0,0.0,0.0,1.0
228875.0,1.4235,-0.0547,-1.3706,-1.375,-0.373,0.002,-74.776,69.685,-0.009,-91.286,89.326,-18.476,-0.12,0.12,-0.12,0.0,0.0,0.0,0.0,1.0
228883.0,1.4305,-0.0437,-1.3883,0.359,0.033,-0.975,-74.901,66.575,0.0,-91.273,89.309,-18.462,-0.11083,0.12,-0.12,0.0,0.0,0.0,0.0,1.0
228890.0,1.4388,-0.0282,-1.4117,0.785,1.036,-1.875,-70.948,62.329,0.017,-91.258,89.288,-18.447,-0.085,0.12,-0.12,0.0,0.0,0.0,0.0,1.0
228898.0,1.4405,-0.0119,-1.4292,0.726,1.579,-1.936,-77.245,68.47,-0.001,-91.245,89.27,-18.432,-0.11563,0.12,-0.12,0.0,0.0,0.0,0.0,1.0
228906.0,1.4316,0.0072,-1.4389,0.516,2.111,-1.836,-73.067,68.738,0.01,-91.232,89.254,-18.417,-0.12,0.12,-0.12,0.0,0.0,0.0,0.0,1.0
228914.0,1.4308,0.01,-1.4408,0.059,2.55,-1.395,-70.913,64.695,-0.016,-91.215,89.235,-18.403,-0.12,0.12,-0.12,0.0,0.0,0.0,0.0,1.0
228921.0,1.4194,0.0183,-1.4375,-0.264,2.759,-0.752,-77.145,68.991,-0.027,-91.203,89.218,-18.388,-0.12,0.12,-0.12,0.0,0.0,0.0,0.0,1.0
228929.0,1.4037,0.0192,-1.4227,-0.743,2.411,0.286,-72.28,67.102,-0.04,-91.189,89.201,-18.373,-0.12,0.12,-0.12,0.0,0.0,0.0,0.0,1.0
228937.0,1.3872,0.0198,-1.4068,-1.227,1.909,1.167,-74.889,62.439,-0.054,-91.175,89.18,-18.359,-0.12,0.12,-0.12,0.0,0.0,0.0,0.0,1.0
228945.0,1.3742,0.0156,-1.3896,-1.524,1.254,1.378,-76.156,67.974,-0.044,-91.164,89.162,-18.344,-0.12,0.12,-0.12,0.0,0.0,0.0,0.0,1.0
228953.0,1.3675,0.014,-1.3814,-1.521,0.537,1.352,-69.653,68.242,-0.023,-91.147,89.146,-18.329,-0.12,0.12,-0.12,0.0,0.0,0.0,0.0,1.0
228960.0,1.3675,0.0191,-1.3863,-1.581,0.252,1.064,-74.471,63.951,0.009,-91.133,89.126,-18.315,-0.12,0.12,-0.12,0.0,0.0,0.0,0.0,1.0
228968.0,1.3644,0.0385,-1.4022,-1.294,0.355,0.04,-73.987,68.192,0.044,-91.12,89.108,-18.3,-0.12,0.12,-0.12,0.0,0.0,0.0,0.0,1.0
228976.0,1.3712,0.0538,-1.4239,-0.951,0.587,-0.854,-70.391,67.25,0.084,-91.103,89.092,-18.285,-0.12,0.12,-0.12,0.0,0.0,0.0,0.0,1.0
228983.0,1.3828,0.0692,-1.4505,-0.343,0.678,-1.975,-76.688,61.549,0.091,-91.09,89.071,-18.271,-0.10083,0.12,-0.12,0.0,0.0,0.0,0.0,1.0
228991.0,1.3905,0.0795,-1.4683,-0.492,1.012,-2.16,-72.24,66.316,0.08,-91.077,89.051,-18.256,-0.12,0.12,-0.12,0.0,0.0,0.0,0.0,1.0
228999.0,1.3934,0.0817,-1.4732,-0.805,1.264,-1.993,-70.417,68.923,0.043,-91.06,89.035,-18.241,-0.12,0.12,-0.12,0.0,0.0,0.0,0.0,1.0
229007.0,1.3918,0.0802,-1.4702,-1.532,1.301,-1.091,-76.502,64.147,0.006,-91.047,89.016,-18.227,-0.12,0.12,-0.12,0.0,0.0,0.0,0.0,1.0
229015.0,1.3878,0.0702,-1.4564,-2.059,1.107,-0.159,-71.546,67.285,-0.041,-91.033,88.997,-18.212,-0.12,0.12,-0.12,0.0,0.0,0.0,0.0,1.0
229022.0,1.3616,0.0801,-1.4399,-2.629,0.811,0.495,-74.269,67.79,-0.066,-91.019,88.981,-18.198,-0.12,0.12,-0.12,0.0,0.0,0.0,0.0,1.0
229030.0,1.3361,0.0806,-1.4149,-3.355,0.434,1.07,-75.697,62.012,-0.08,-91.007,88.961,-18.183,-0.12,0.12,-0.12,0.0,0.0,0.0,0.0,1.0
229038.0,1.3155,0.0886,-1.4021,-3.745,0.246,1.225,-69.058,65.392,-0.086,-90.991,88.94,-18.169,-0.12,0.12,-0.12,0.0,0.0,0.0,0.0,1.0
229045.0,1.3021,0.1034,-1.4031,-3.19,0.474,0.76,-73.512,68.747,-0.078,-90.975,88.924,-18.154,-0.12,0.12,-0.12,0.0,0.0,0.0,0.0,1.0
229053.0,1.297,0.1107,-1.405,-2.641,0.373,0.311,-73.733,63.713,-0.043,-90.962,88.905,-18.14,-0.12,0.12,-0.12,0.0,0.0,0.0,0.0,1.0
229061.0,1.2993,0.1149,-1.4114,-1.792,0.51,-0.674,-69.609,65.763,-0.021,-90.945,88.886,-18.125,-0.12,0.12,-0.12,0.0,0.0,0.0,0.0,1.0
229069.0,1.3053,0.126,-1.4283,-1.023,0.706,-1.429,-75.828,68.085,0.016,-90.932,88.869,-18.111,-0.12,0.12,-0.12,0.0,0.0,0.0,0.0,1.0
229077.0,1.3152,0.1342,-1.4462,-0.268,0.79,-1.95,-72.159,61.804,0.029,-90.918,88.849,-18.096,-0.11414,0.12,-0.12,0.0,0.0,0.0,0.0,1.0
229084.0,1.318,0.1358,-1.4506,-0.832,2.011,-1.762,-69.46,63.414,0.051,-90.901,88.827,-18.082,-0.12,0.12,-0.12,0.0,0.0,0.0,0.0,1.0
229092.0,1.3112,0.1421,-1.4499,-1.076,2.075,-1.265,-75.8,68.77,0.047,-90.888,88.81,-18.067,-0.12,0.12,-0.12,0.0,0.0,0.0,0.0,1.0
229100.0,1.2901,0.152,-1.4384,-1.66,1.967,-0.678,-71.434,64.567,0.033,-90.873,88.792,-18.053,-0.12,0.12,-0.12,0.0,0.0,0.0,0.0,1.0
229108.0,1.2668,0.1601,-1.4231,-2.707,2.187,0.149,-72.864,64.601,0.022,-90.858,88.772,-18.038,-0.12,0.12,-0.12,0.0,0.0,0.0,0.0,1.0
229115.0,1.2365,0.1765,-1.4086,-3.271,2.219,0.786,-75.74,68.241,0.008,-90.846,88.755,-18.024,-0.12,0.12,-0.12,0.0,0.0,0.0,0.0,1.0
229123.0,1.2072,0.1889,-1.3915,-4.18,1.924,1.356,-68.82,62.935,0.008,-90.83,88.736,-18.01,-0.12,0.12,-0.12,0.0,0.0,0.0,0.0,1.0
229131.0,1.1874,0.2102,-1.3923,-4.185,1.898,1.07,-71.9,62.047,0.013,-90.813,88.715,-17.995,-0.12,0.12,-0.12,0.0,0.0,0.0,0.0,1.0
229138.0,1.1722,0.2217,-1.3883,-3.735,1.587,0.931,-73.876,67.952,0.019,-90.8,88.697,-17.981,-0.12,0.12,-0.12,0.0,0.0,0.0,0.0,1.0
229146.0,1.1656,0.2343,-1.394,-3.085,1.65,0.217,-68.842,64.862,0.025,-90.783,88.679,-17.966,-0.12,0.12,-0.12,0.0,0.0,0.0,0.0,1.0
229154.0,1.165,0.2494,-1.4081,-2.103,1.54,0.192,-74.362,63.07,0.002,-90.769,88.658,-17.952,-0.12,0.12,-0.12,0.0,0.0,0.0,0.0,1.0
229162.0,1.1686,0.2575,-1.4196,-1.631,1.54,-0.068,-72.906,67.74,-0.018,-90.756,88.641,-17.938,-0.12,0.12,-0.12,0.0,0.0,0.0,0.0,1.0
229170.0,1.1569,0.2778,-1.4276,-0.752,1.653,-0.216,-68.177,63.672,-0.038,-90.738,88.622,-17.923,-0.12,0.12,-0.12,0.0,0.0,0.0,0.0,1.0
229178.0,1.1388,0.3052,-1.4363,-0.854,2.248,0.032,-74.638,60.371,-0.051,-90.723,88.6,-17.909,-0.12,0.12,-0.12,0.0,0.0,0.0,0.0,1.0
229185.0,1.1156,0.326,-1.4333,-1.825,3.386,0.394,-71.88,66.484,-0.059,-90.71,88.58,-17.895,-0.12,0.12,-0.12,0.0,0.0,0.0,0.0,1.0
229193.0,1.0858,0.3556,-1.4324,-2.779,3.834,0.582,-70.998,66.398,-0.055,-90.693,88.563,-17.88,-0.12,0.12,-0.12,0.0,0.0,0.0,0.0,1.0
229201.0,1.0581,0.3816,-1.4299,-3.754,4.643,0.96,-75.695,62.483,-0.042,-90.681,88.543,-17.866,-0.12,0.12,-0.12,0.0,0.0,0.0,0.0,1.0
229208.0,1.0256,0.4088,-1.424,-4.584,4.591,0.996,-69.217,66.445,-0.004,-90.665,88.524,-17.852,-0.12,0.12,-0.12,0.0,0.0,0.0,0.0,1.0
229216.0,0.9893,0.4338,-1.412,-5.003,4.564,1.23,-69.887,65.453,0.016,-90.648,88.507,-17.838,-0.12,0.12,-0.12,0.0,0.0,0.0,0.0,1.0
229224.0,0.9563,0.4561,-1.4008,-4.882,3.876,2.009,-73.971,60.339,0.037,-90.634,88.485,-17.823,-0.12,0.12,-0.12,0.0,0.0,0.0,0.0,1.0
229232.0,0.9118,0.4879,-1.3871,-4.839,3.265,2.26,-68.603,64.762,0.061,-90.618,88.465,-17.809,-0.12,0.12,-0.12,0.0,0.0,0.0,0.0,1.0
229240.0,0.875,0.5131,-1.3749,-4.379,2.964,2.735,-72.144,66.874,0.075,-90.602,88.447,-17.795,-0.12,0.12,-0.12,0.0,0.0,0.0,0.0,1.0
229247.0,0.8386,0.5502,-1.3746,-4.215,2.789,2.641,-73.826,62.017,0.052,-90.589,88.427,-17.78,-0.12,0.12,-0.12,0.0,0.0,0.0,0.0,1.0
229255.0,0.8067,0.576,-1.3678,-3.796,2.773,2.45,-67.34,64.549,0.048,-90.571,88.407,-17.766,-0.12,0.12,-0.12,0.0,0.0,0.0,0.0,1.0
229263.0,0.7755,0.6133,-1.373,-4.001,3.021,2.09,-72.185,66.471,0.035,-90.555,88.39,-17.752,-0.12,0.12,-0.12,0.0,0.0,0.0,0.0,1.0
229271.0,0.7522,0.6354,-1.3712,-4.405,3.367,1.83,-73.084,60.448,0.015,-90.541,88.369,-17.738,-0.12,0.12,-0.12,0.0,0.0,0.0,0.0,1.0
229278.0,0.7196,0.6709,-1.3732,-4.633,4.063,1.574,-69.093,61.407,-0.002,-90.525,88.346,-17.724,-0.12,0.12,-0.12,0.0,0.0,0.0,0.0,1.0
229286.0,0.6825,0.6996,-1.364,-5.001,3.883,1.911,-74.634,67.172,-0.019,-90.511,88.328,-17.709,-0.12,0.12,-0.12,0.0,0.0,0.0,0.0,1.0
229294.0,0.6382,0.7296,-1.3489,-5.661,3.507,2.313,-70.79,63.541,-0.038,-90.496,88.31,-17.695,-0.12,0.12,-0.12,0.0,0.0,0.0,0.0,1.0
229302.0,0.5849,0.7565,-1.3218,-6.01,3.379,2.79,-67.523,62.741,-0.045,-90.478,88.289,-17.681,-0.12,0.12,-0.12,0.0,0.0,0.0,0.0,1.0
229310.0,0.541,0.7789,-1.2997,-6.478,3.076,3.35,-73.32,66.724,-0.039,-90.463,88.271,-17.667,-0.12,0.12,-0.11985,0.0,0.0,0.0,0.0,1.0
229318.0,0.4895,0.802,-1.2706,-6.982,3.212,3.401,-69.109,61.897,-0.023,-90.448,88.252,-17.653,-0.12,0.12,-0.10543,0.0,0.0,0.0,0.0,1.0
229326.0,0.4442,0.8328,-1.2554,-7.265,2.999,3.79,-69.302,60.236,-0.015,-90.43,88.229,-17.639,-0.12,0.12,-0.07895,0.0,0.0,0.0,0.0,1.0
229334.0,0.3925,0.8631,-1.2332,-7.074,3.03,3.992,-74.22,66.172,-0.008,-90.416,88.21,-17.625,-0.12,0.12,-0.07634,0.0,0.0,0.0,0.0,1.0
229341.0,0.3438,0.8923,-1.2129,-6.967,2.489,4.743,-67.809,64.145,0.014,-90.4,88.192,-17.611,-0.12,0.12,-0.08002,0.0,0.0,0.0,0.0,1.0
229349.0,0.2991,0.9088,-1.1842,-6.564,2.299,5.587,-69.31,61.155,-0.006,-90.382,88.17,-17.597,-0.12,0.12,-0.03779,0.0,0.0,0.0,0.0,1.0
229357.0,0.2525,0.927,-1.1553,-6.196,2.333,6.137,-73.644,65.624,-0.006,-90.368,88.151,-17.583,-0.12,0.12,-0.02552,0.0,0.0,0.0,0.0,1.0
229364.0,0.2055,0.9401,-1.1212,-6.204,2.29,6.611,-68.629,63.821,-0.015,-90.352,88.133,-17.569,-0.12,0.12,-0.03183,0.0,0.0,0.0,0.0,1.0
229372.0,0.1507,0.962,-1.0876,-6.039,2.969,7.459,-72.163,58.67,-0.021,-90.336,88.11,-17.555,-0.12,0.12,0.03393,0.0,0.0,0.0,0.0,1.0
229380.0,0.0838,0.9857,-1.0437,-6.377,3.758,7.642,-72.858,63.109,0.002,-90.323,88.089,-17.54,-0.12,0.12,0.02414,0.0,0.0,0.0,0.0,1.0
229388.0,-0.0042,1.0279,-0.9968,-6.737,4.41,7.773,-66.564,66.159,0.008,-90.305,88.071,-17.526,-0.12,0.12,-0.02232,0.0,0.0,0.0,0.0,1.0
229395.0,-0.0843,1.0674,-0.9552,-6.874,4.47,7.744,-70.715,61.559,0.031,-90.288,88.051,-17.512,-0.12,0.12,0.04274,0.0,0.0,0.0,0.0,1.0
229403.0,-0.1702,1.0999,-0.901,-6.252,4.078,8.042,-71.278,63.303,0.05,-90.273,88.03,-17.498,-0.12,0.12,0.05169,0.0,0.0,0.0,0.0,1.0
229411.0,-0.2432,1.1267,-0.854,-5.633,2.944,8.029,-66.915,65.63,0.066,-90.255,88.012,-17.484,-0.12,0.12,0.02522,0.0,0.0,0.0,0.0,1.0
229419.0,-0.3144,1.1414,-0.797,-4.788,1.918,8.21,-72.407,60.124,0.054,-90.239,87.991,-17.47,-0.12,0.12,0.10724,0.0,0.0,0.0,0.0,1.0
229426.0,-0.3745,1.1529,-0.7482,-3.984,0.572,8.33,-70.942,60.381,0.036,-90.225,87.969,-17.456,-0.12,0.12,0.11156,0.0,0.0,0.0,0.0,1.0
229434.0,-0.4304,1.1493,-0.6888,-3.619,-0.379,8.07,-66.068,65.832,0.02,-90.206,87.95,-17.442,-0.12,0.12,0.05971,0.0,0.0,0.0,0.0,1.0
229442.0,-0.4886,1.1549,-0.6361,-3.397,-1.209,7.41,-72.159,62.759,-0.01,-90.19,87.931,-17.428,-0.12,0.12,0.11581,0.0,0.0,0.0,0.0,1.0
229450.0,-0.5448,1.1502,-0.5753,-3.125,-2.454,7.114,-70.695,60.76,-0.042,-90.176,87.909,-17.414,-0.12,0.12,0.12,0.0,0.0,0.0,0.0,1.0
229457.0,-0.6047,1.1445,-0.5099,-3.637,-2.799,6.596,-68.327,65.251,-0.04,-90.158,87.89,-17.401,-0.12,0.12,0.10135,0.0,0.0,0.0,0.0,1.0
229465.0,-0.6531,1.1353,-0.4524,-3.778,-3.137,5.912,-73.623,62.458,-0.04,-90.144,87.871,-17.387,-0.12,0.12,0.12,0.0,0.0,0.0,0.0,1.0
229473.0,-0.6936,1.1147,-0.3918,-3.86,-3.415,4.686,-68.473,58.066,-0.034,-90.128,87.847,-17.373,-0.12,0.12,0.12,0.0,0.0,0.0,0.0,1.0
229481.0,-0.7401,1.1122,-0.3428,-3.972,-3.657,3.666,-66.772,63.245,-0.013,-90.109,87.826,-17.359,-0.12,0.12,0.1016,0.0,0.0,0.0,0.0,1.0
229489.0,-0.7737,1.0992,-0.2966,-3.984,-4.166,2.813,-72.101,65.234,0.007,-90.094,87.808,-17.345,-0.12,0.12,0.12,0.0,0.0,0.0,0.0,1.0
229496.0,-0.8109,1.0848,-0.2455,-3.917,-5.165,2.16,-68.037,60.751,0.031,-90.077,87.788,-17.331,-0.12,0.12,0.12,0.0,0.0,0.0,0.0,1.0
229504.0,-0.8434,1.0718,-0.2002,-4.024,-5.985,2.029,-67.87,62.884,0.038,-90.059,87.767,-17.317,-0.12,0.12,0.12,0.0,0.0,0.0,0.0,1.0
229512.0,-0.8759,1.0512,-0.1477,-3.67,-6.806,2.072,-73.052,64.915,0.037,-90.045,87.749,-17.303,-0.12,0.12,0.12,0.0,0.0,0.0,0.0,1.0
229520.0,-0.9062,1.0296,-0.0963,-3.697,-7.728,1.754,-67.175,59.318,0.02,-90.028,87.727,-17.29,-0.12,0.12,0.12,0.0,0.0,0.0,0.0,1.0
229527.0,-0.9219,0.9984,-0.0502,-3.421,-8.36,1.898,-67.318,59.927,0.013,-90.009,87.704,-17.276,-0.12,0.12,0.12,0.0,0.0,0.0,0.0,1.0
229535.0,-0.9366,0.9557,0.006,-2.825,-8.702,1.644,-72.577,65.231,-0.024,-89.994,87.685,-17.262,-0.12,0.12,0.12,0.0,0.0,0.0,0.0,1.0
229543.0,-0.9371,0.9134,0.0477,-2.512,-8.955,1.478,-67.762,61.918,-0.025,-89.978,87.666,-17.248,-0.12,0.12,0.12,0.0,0.0,0.0,0.0,1.0
229551.0,-0.9409,0.8663,0.0974,-1.951,-9.073,0.93,-69.961,60.196,-0.03,-89.961,87.644,-17.234,-0.12,0.12,0.12,0.0,0.0,0.0,0.0,1.0
229558.0,-0.9365,0.8107,0.1471,-1.106,-9.067,0.077,-72.425,64.624,-0.035,-89.947,87.624,-17.221,-0.12,0.12,0.12,0.0,0.0,0.0,0.0,1.0
229566.0,-0.9302,0.7584,0.1918,-0.34,-8.957,-0.587,-65.896,61.878,-0.025,-89.929,87.605,-17.207,-0.12,0.12,0.12,0.0,0.0,0.0,0.0,1.0
229574.0,-0.9161,0.6923,0.242,0.512,-8.667,-1.412,-68.239,57.436,-0.014,-89.911,87.582,-17.193,-0.12,0.12,0.12,0.0,0.0,0.0,0.0,1.0
229582.0,-0.9041,0.6396,0.2813,1.101,-8.604,-2.382,-71.242,62.384,0.017,-89.896,87.56,-17.179,-0.12,0.12,0.12,0.0,0.0,0.0,0.0,1.0
229589.0,-0.8957,0.6067,0.3049,1.83,-8.355,-3.254,-66.018,64.67,0.027,-89.878,87.542,-17.166,-0.12,0.12,0.09601,0.0,0.0,0.0,0.0,1.0
229597.0,-0.8794,0.5698,0.3247,2.275,-8.147,-3.907,-69.638,60.192,0.043,-89.86,87.521,-17.152,-0.12,0.12,0.12,0.0,0.0,0.0,0.0,1.0
229605.0,-0.8596,0.5317,0.342,2.836,-8.507,-4.954,-71.552,61.802,0.051,-89.846,87.499,-17.138,-0.12,0.12,0.12,0.0,0.0,0.0,0.0,1.0
229613.0,-0.8267,0.4854,0.3541,3.07,-8.857,-5.473,-65.052,64.387,0.049,-89.827,87.481,-17.124,-0.12,0.12,0.05866,0.0,0.0,0.0,0.0,1.0
229620.0,-0.7782,0.4268,0.3627,3.335,-9.587,-5.854,-69.074,59.085,0.049,-89.809,87.459,-17.111,-0.12,0.12,0.11397,0.0,0.0,0.0,0.0,1.0
229628.0,-0.7291,0.3692,0.3697,3.274,-10.203,-6.552,-71.2,58.744,0.027,-89.794,87.436,-17.097,-0.12,0.12,0.12,0.0,0.0,0.0,0.0,1.0
229636.0,-0.666,0.3101,0.3641,3.18,-10.983,-7.157,-66.618,64.286,0.008,-89.777,87.416,-17.083,-0.12,0.12,0.05422,0.0,0.0,0.0,0.0,1.0
229644.0,-0.5954,0.2486,0.3534,3.912,-12.671,-7.894,-71.198,61.93,-0.033,-89.761,87.397,-17.07,-0.12,0.12,0.08358,0.0,0.0,0.0,0.0,1.0
229652.0,-0.5183,0.1807,0.3424,4.143,-13.047,-8.7,-70.224,59.245,-0.031,-89.746,87.375,-17.056,-0.12,0.12,0.07852,0.0,0.0,0.0,0.0,1.0
229659.0,-0.4363,0.1209,0.3187,4.536,-12.755,-9.702,-64.74,63.532,-0.04,-89.727,87.354,-17.042,-0.12,0.12,-0.01015,0.0,0.0,0.0,0.0,1.0
229667.0,-0.3533,0.0707,0.2845,5.507,-11.872,-10.288,-69.538,62.007,-0.03,-89.709,87.335,-17.029,-0.12,0.12,-0.00384,0.0,0.0,0.0,0.0,1.0
229675.0,-0.2602,0.0252,0.2358,6.302,-10.906,-11.309,-69.29,56.824,-0.024,-89.693,87.312,-17.015,-0.11283,0.12,-0.01708,0.0,0.0,0.0,0.0,1.0
229683.0,-0.1731,-0.0104,0.1833,7.15,-9.482,-11.785,-65.299,60.404,-0.016,-89.674,87.289,-17.002,-0.11212,0.12,-0.10094,0.0,0.0,0.0,0.0,1.0
229690.0,-0.0877,-0.0426,0.1292,7.827,-8.552,-11.806,-70.697,64.268,-0.015,-89.658,87.27,-16.988,-0.11195,0.12,-0.11576,0.0,0.0,0.0,0.0,1.0
229698.0,0.0083,-0.086,0.0755,8.315,-7.957,-11.726,-69.34,60.063,-0.021,-89.643,87.249,-16.974,-0.07386,0.12,-0.11956,0.0,0.0,0.0,0.0,1.0
229706.0,0.1115,-0.142,0.0268,8.32,-7.606,-11.025,-64.363,60.2,-0.029,-89.623,87.227,-16.961,-0.06506,0.12,-0.12,0.0,0.0,0.0,0.0,1.0
229714.0,0.2164,-0.21,-0.012,8.349,-7.834,-10.298,-70.143,63.768,-0.047,-89.606,87.208,-16.947,-0.06836,0.12,-0.12,0.0,0.0,0.0,0.0,1.0
229722.0,0.3328,-0.279,-0.0612,7.933,-8.036,-9.891,-69.335,59.415,-0.042,-89.591,87.187,-16.934,-0.0351,0.12,-0.11125,0.0,0.0,0.0,0.0,1.0
229729.0,0.4362,-0.3433,-0.1019,7.396,-8.93,-8.883,-66.368,57.217,-0.049,-89.572,87.163,-16.92,-0.01484,0.12,-0.09606,0.0,0.0,0.0,0.0,1.0
229737.0,0.5475,-0.4145,-0.144,7.62,-9.067,-8.758,-71.551,62.511,-0.013,-89.557,87.142,-16.907,-0.02108,0.12,-0.09861,0.0,0.0,0.0,0.0,1.0
229745.0,0.6563,-0.4712,-0.1975,7.204,-8.318,-9.304,-67.962,62.381,0.005,-89.541,87.123,-16.893,-0.00831,0.12,-0.12,0.0,0.0,0.0,0.0,1.0
229752.0,0.7659,-0.5228,-0.2569,7.049,-7.512,-9.533,-64.38,58.251,0.013,-89.521,87.1,-16.88,0.03182,0.12,-0.12,0.0,0.0,0.0,0.0,1.0
229760.0,0.8765,-0.5643,-0.3272,7.051,-6.494,-9.812,-69.715,61.225,0.047,-89.504,87.079,-16.866,0.0273,0.12,-0.12,0.0,0.0,0.0,0.0,1.0
229768.0,0.9834,-0.5898,-0.4092,6.894,-5.358,-9.629,-67.751,62.699,0.055,-89.487,87.059,-16.853,0.0272,0.12,-0.12,0.0,0.0,0.0,0.0,1.0
229776.0,1.0889,-0.6211,-0.4843,7.078,-4.441,-9.144,-64.995,57.031,0.046,-89.468,87.037,-16.839,0.07574,0.12,-0.12,0.0,0.0,0.0,0.0,1.0
229783.0,1.196,-0.6565,-0.5569,6.758,-3.431,-8.566,-70.709,57.377,0.033,-89.452,87.012,-16.826,0.07335,0.12,-0.12,0.0,0.0,0.0,0.0,1.0
229791.0,1.3002,-0.6848,-0.6335,6.424,-2.146,-8.143,-67.599,63.092,-0.007,-89.435,86.992,-16.812,0.04133,0.12,-0.12,0.0,0.0,0.0,0.0,1.0
229799.0,1.3977,-0.7106,-0.7059,6.282,-1.133,-7.216,-63.995,60.861,-0.015,-89.415,86.972,-16.799,0.05732,0.12,-0.12,0.0,0.0,0.0,0.0,1.0
229807.0,1.4895,-0.7317,-0.7772,5.672,-0.233,-6.662,-69.957,58.172,-0.05,-89.398,86.949,-16.785,0.06652,0.12,-0.12,0.0,0.0,0.0,0.0,1.0
229815.0,1.5656,-0.7448,-0.8406,4.827,0.172,-5.481,-67.991,62.07,-0.065,-89.382,86.928,-16.772,0.03096,0.12,-0.12,0.0,0.0,0.0,0.0,1.0
229822.0,1.6359,-0.7587,-0.8973,3.744,-0.058,-4.591,-65.845,61.138,-0.102,-89.363,86.909,-16.759,0.02785,0.12,-0.12,0.0,0.0,0.0,0.0,1.0
229830.0,1.694,-0.7759,-0.9387,1.967,0.673,-2.91,-70.954,56.216,-0.08,-89.347,86.885,-16.745,0.01506,0.12,-0.12,0.0,0.0,0.0,0.0,1.0
229838.0,1.7377,-0.7884,-0.9703,1.145,0.93,-2.134,-66.785,58.815,-0.064,-89.331,86.861,-16.732,-0.01069,0.12,-0.12,0.0,0.0,0.0,0.0,1.0
229846.0,1.7802,-0.794,-1.0073,0.821,0.897,-1.565,-63.785,62.781,-0.054,-89.311,86.842,-16.719,-0.03131,0.12,-0.12,0.0,0.0,0.0,0.0,1.0
229853.0,1.8078,-0.785,-1.0437,0.628,1.609,-1.028,-69.075,58.744,-0.015,-89.293,86.82,-16.705,-0.01968,0.12,-0.12,0.0,0.0,0.0,0.0,1.0
229861.0,1.8275,-0.768,-1.08,1.377,2.893,-0.524,-66.776,58.14,0.024,-89.276,86.797,-16.692,-0.01516,0.12,-0.12,0.0,0.0,0.0,0.0,1.0
229869.0,1.8506,-0.7574,-1.1134,2.275,4.404,-0.395,-64.384,62.183,0.052,-89.256,86.777,-16.679,-0.0301,0.12,-0.12,0.0,0.0,0.0,0.0,1.0
229877.0,1.8681,-0.7396,-1.1482,3.094,6.06,-0.121,-70.039,59.087,0.078,-89.24,86.756,-16.665,-0.01557,0.12,-0.12,0.0,0.0,0.0,0.0,1.0
229885.0,1.8739,-0.7129,-1.18,3.254,7.271,-0.119,-66.739,54.972,0.086,-89.223,86.731,-16.652,0.00093,0.12,-0.12,0.0,0.0,0.0,0.0,1.0
229892.0,1.8691,-0.6812,-1.2061,3.091,8.304,0.914,-63.17,59.223,0.069,-89.202,86.708,-16.638,-0.03788,0.12,-0.12,0.0,0.0,0.0,0.0,1.0
229900.0,1.852,-0.6479,-1.2214,2.426,8.412,2.317,-69.03,62.256,0.041,-89.185,86.688,-16.625,-0.07673,0.12,-0.12,0.0,0.0,0.0,0.0,1.0
229908.0,1.8303,-0.623,-1.224,1.82,8.365,3.393,-67.587,58.161,0.017,-89.168,86.666,-16.612,-0.07616,0.12,-0.12,0.0,0.0,0.0,0.0,1.0
229916.0,1.8059,-0.607,-1.2152,1.052,8.081,4.234,-64.958,58.444,-0.004,-89.149,86.643,-16.599,-0.09716,0.12,-0.12,0.0,0.0,0.0,0.0,1.0
229923.0,1.7758,-0.5787,-1.2125,0.017,7.714,4.473,-70.048,61.9,-0.006,-89.133,86.623,-16.585,-0.12,0.12,-0.12,0.0,0.0,0.0,0.0,1.0
229931.0,1.7373,-0.5446,-1.2073,-0.152,7.107,4.297,-66.574,57.829,-0.009,-89.116,86.601,-16.572,-0.11569,0.12,-0.12,0.0,0.0,0.0,0.0,1.0
229939.0,1.7047,-0.5079,-1.2105,-0.51,6.859,3.53,-62.971,55.277,-0.008,-89.095,86.576,-16.559,-0.10696,0.12,-0.12,0.0,0.0,0.0,0.0,1.0
229947.0,1.6681,-0.4692,-1.2115,-0.48,6.8,2.607,-68.155,60.14,0.012,-89.077,86.554,-16.546,-0.12,0.12,-0.12,0.0,0.0,0.0,0.0,1.0
229955.0,1.6271,-0.4163,-1.2221,-0.875,6.605,1.717,-66.227,60.914,0.02,-89.06,86.533,-16.532,-0.12,0.12,-0.12,0.0,0.0,0.0,0.0,1.0
229963.0,1.5817,-0.3649,-1.2267,-1.13,6.119,1.401,-63.421,56.659,0.023,-89.04,86.51,-16.519,-0.12,0.12,-0.12,0.0,0.0,0.0,0.0,1.0
229971.0,1.5361,-0.3176,-1.2271,-1.151,5.611,0.978,-68.867,58.714,0.029,-89.022,86.487,-16.506,-0.12,0.12,-0.12,0.0,0.0,0.0,0.0,1.0
229978.0,1.4997,-0.2767,-1.2306,-1.461,4.95,0.575,-66.5,61.318,0.005,-89.006,86.467,-16.493,-0.12,0.12,-0.12,0.0,0.0,0.0,0.0,1.0
229986.0,1.4727,-0.2445,-1.2349,-1.466,4.294,0.178,-62.263,56.381,-0.001,-88.985,86.444,-16.479,-0.12,0.12,-0.12,0.0,0.0,0.0,0.0,1.0
229994.0,1.4431,-0.2115,-1.2374,-1.301,3.746,-0.284,-67.799,54.814,-0.004,-88.966,86.419,-16.466,-0.10755,0.12,-0.12,0.0,0.0,0.0,0.0,1.0
230001.0,1.4158,-0.1677,-1.2528,-1.171,2.517,-0.136,-67.354,60.264,-0.027,-88.95,86.397,-16.453,-0.12,0.12,-0.12,0.0,0.0,0.0,0.0,1.0
230009.0,1.3895,-0.1309,-1.2624,-1.297,1.861,-0.623,-63.985,60.658,-0.021,-88.93,86.376,-16.44,-0.12,0.12,-0.12,0.0,0.0,0.0,0.0,1.0
230017.0,1.3567,-0.0911,-1.2683,-1.537,1.186,-0.87,-68.856,56.666,-0.046,-88.913,86.353,-16.427,-0.11149,0.12,-0.12,0.0,0.0,0.0,0.0,1.0
230025.0,1.3183,-0.0455,-1.2743,-1.937,0.587,-0.611,-66.894,58.967,-0.042,-88.896,86.331,-16.414,-0.12,0.12,-0.12,0.0,0.0,0.0,0.0,1.0
230032.0,1.2803,-0.002,-1.2787,-2.116,-0.232,-0.141,-62.048,61.001,-0.045,-88.875,86.31,-16.401,-0.12,0.12,-0.12,0.0,0.0,0.0,0.0,1.0
230040.0,1.244,0.0393,-1.2826,-2.126,-0.987,0.306,-66.429,56.147,-0.049,-88.856,86.287,-16.388,-0.12,0.12,-0.12,0.0,0.0,0.0,0.0,1.0
230048.0,1.2149,0.0717,-1.2849,-1.999,-1.585,0.566,-66.809,55.239,-0.03,-88.839,86.262,-16.375,-0.12,0.12,-0.12,0.0,0.0,0.0,0.0,1.0
230056.0,1.2029,0.0864,-1.2874,-1.402,-1.881,0.266,-62.468,60.418,-0.008,-88.819,86.241,-16.361,-0.12,0.12,-0.12,0.0,0.0,0.0,0.0,1.0
230102.0,1.2356,0.0148,-1.2503,0.453,-5.766,-0.347,-63.441,54.466,0.003,-88.707,86.104,-16.283,-0.04858,0.12,-0.12,0.0,0.0,0.0,0.0,1.0
230110.0,1.2429,-0.022,-1.2217,-0.343,-6.042,-0.016,-66.32,59.882,-0.012,-88.688,86.082,-16.27,-0.08654,0.12,-0.12,0.0,0.0,0.0,0.0,1.0
230118.0,1.2522,-0.0553,-1.1986,-0.868,-5.828,-0.232,-68.113,59.646,-0.024,-88.672,86.061,-16.257,-0.09066,0.12,-0.12,0.0,0.0,0.0,0.0,1.0
230126.0,1.2658,-0.0901,-1.1783,-1.249,-5.673,-0.852,-62.043,55.913,-0.006,-88.652,86.038,-16.244,-0.07216,0.12,-0.12,0.0,0.0,0.0,0.0,1.0
230133.0,1.281,-0.1157,-1.1686,-1.305,-5.631,-1.156,-63.683,58.443,0.0,-88.631,86.015,-16.231,-0.08123,0.12,-0.12,0.0,0.0,0.0,0.0,1.0
230141.0,1.292,-0.1347,-1.1611,-0.942,-5.821,-1.435,-67.386,60.164,0.014,-88.614,85.994,-16.218,-0.0791,0.12,-0.12,0.0,0.0,0.0,0.0,1.0
230149.0,1.3087,-0.1643,-1.149,-0.715,-5.843,-1.111,-62.703,55.238,0.025,-88.594,85.971,-16.205,-0.05055,0.12,-0.12,0.0,0.0,0.0,0.0,1.0
230157.0,1.3247,-0.1987,-1.1315,-0.709,-5.904,-0.739,-63.737,54.513,0.012,-88.574,85.945,-16.192,-0.04647,0.12,-0.11355,0.0,0.0,0.0,0.0,1.0
230164.0,1.3359,-0.2359,-1.1064,-0.703,-5.491,-0.84,-68.255,59.565,0.021,-88.557,85.923,-16.179,-0.07228,0.12,-0.1142,0.0,0.0,0.0,0.0,1.0
230172.0,1.3479,-0.2699,-1.0854,-0.89,-4.995,-0.515,-63.026,58.993,0.0,-88.538,85.902,-16.166,-0.07634,0.12,-0.12,0.0,0.0,0.0,0.0,1.0
230180.0,1.3531,-0.2962,-1.065,-0.941,-5.014,-0.446,-61.929,55.125,-0.021,-88.516,85.878,-16.153,-0.05657,0.12,-0.12,0.0,0.0,0.0,0.0,1.0
230188.0,1.3686,-0.3303,-1.0472,-0.673,-5.061,0.285,-67.567,57.729,-0.03,-88.498,85.855,-16.14,-0.06858,0.12,-0.08785,0.0,0.0,0.0,0.0,1.0
230195.0,1.3934,-0.374,-1.0295,-0.744,-4.633,0.456,-64.468,59.744,-0.027,-88.48,85.834,-16.127,-0.08016,0.12,-0.11521,0.0,0.0,0.0,0.0,1.0
230203.0,1.4165,-0.4102,-1.0173,0.079,-4.368,0.636,-63.284,54.839,-0.019,-88.46,85.81,-16.115,-0.04273,0.12,-0.09681,0.0,0.0,0.0,0.0,1.0
230211.0,1.439,-0.4447,-1.0061,0.668,-3.865,0.708,-68.111,53.417,-0.02,-88.442,85.784,-16.102,-0.02849,0.12,-0.06471,0.0,0.0,0.0,0.0,1.0
230219.0,1.4542,-0.4725,-0.9944,1.346,-3.196,0.947,-64.033,58.629,-0.012,-88.424,85.761,-16.089,-0.0485,0.12,-0.12,0.0,0.0,0.0,0.0,1.0
230226.0,1.4632,-0.4964,-0.9801,1.526,-1.933,1.09,-60.998,59.232,0.002,-88.403,85.74,-16.076,-0.05757,0.12,-0.12,0.0,0.0,0.0,0.0,1.0
230234.0,1.4653,-0.5102,-0.9688,1.528,-0.888,1.099,-65.98,55.254,0.021,-88.383,85.717,-16.063,-0.04499,0.12,-0.10157,0.0,0.0,0.0,0.0,1.0
230242.0,1.4608,-0.5182,-0.9565,1.354,-0.192,1.106,-64.796,56.751,0.037,-88.365,85.693,-16.05,-0.06081,0.12,-0.11761,0.0,0.0,0.0,0.0,1.0
230250.0,1.4583,-0.5277,-0.9447,1.331,0.083,1.383,-61.154,59.501,0.041,-88.344,85.672,-16.037,-0.08002,0.12,-0.12,0.0,0.0,0.0,0.0,1.0
230257.0,1.4601,-0.5481,-0.9266,1.375,-0.574,1.679,-65.991,55.388,0.043,-88.325,85.649,-16.025,-0.05551,0.12,-0.08259,0.0,0.0,0.0,0.0,1.0
230265.0,1.4795,-0.5857,-0.9094,2.047,-1.177,1.081,-65.83,53.116,0.032,-88.308,85.623,-16.012,-0.02248,0.12,-0.07898,0.0,0.0,0.0,0.0,1.0
230273.0,1.4853,-0.6135,-0.8882,2.509,-1.851,1.187,-60.335,57.729,0.021,-88.286,85.599,-15.999,-0.03305,0.12,-0.12,0.0,0.0,0.0,0.0,1.0
230281.0,1.4885,-0.6311,-0.8742,3.304,-2.465,1.005,-64.159,58.822,0.006,-88.266,85.578,-15.986,-0.02173,0.12,-0.12,0.0,0.0,0.0,0.0,1.0
230289.0,1.4909,-0.6433,-0.8648,2.624,-2.27,-0.095,-66.567,54.677,0.001,-88.248,85.554,-15.973,-0.00385,0.12,-0.09502,0.0,0.0,0.0,0.0,1.0
230296.0,1.49,-0.6453,-0.8618,1.615,-1.935,-0.796,-62.038,55.67,-0.003,-88.228,85.53,-15.961,-0.01884,0.12,-0.12,0.0,0.0,0.0,0.0,1.0
230304.0,1.491,-0.639,-0.869,0.593,-1.582,-1.395,-64.926,59.02,0.003,-88.209,85.508,-15.948,-0.04904,0.12,-0.12,0.0,0.0,0.0,0.0,1.0
230312.0,1.5009,-0.6365,-0.8813,-0.05,-1.483,-2.332,-66.874,55.585,-0.002,-88.192,85.485,-15.935,-0.033,0.12,-0.12,0.0,0.0,0.0,0.0,1.0
230320.0,1.522,-0.6486,-0.8907,-0.28,-1.662,-2.768,-60.941,52.03,-0.019,-88.171,85.459,-15.922,-0.00802,0.12,-0.12,0.0,0.0,0.0,0.0,1.0
230327.0,1.5563,-0.683,-0.8914,0.499,-2.504,-2.915,-61.824,55.962,-0.015,-88.149,85.434,-15.91,-0.00423,0.12,-0.12,0.0,0.0,0.0,0.0,1.0
230335.0,1.594,-0.7178,-0.8953,1.391,-3.758,-2.872,-66.07,59.181,-0.029,-88.131,85.413,-15.897,0.00655,0.12,-0.12,0.0,0.0,0.0,0.0,1.0
230343.0,1.6176,-0.7456,-0.8919,2.326,-3.99,-2.411,-61.993,55.513,-0.025,-88.111,85.39,-15.884,0.0495,0.12,-0.12,0.0,0.0,0.0,0.0,1.0
230351.0,1.6336,-0.7588,-0.895,2.917,-3.805,-1.708,-61.634,54.794,-0.028,-88.09,85.365,-15.872,0.05942,0.12,-0.12,0.0,0.0,0.0,0.0,1.0
230359.0,1.6456,-0.7642,-0.9017,2.805,-2.778,-1.46,-66.784,58.421,-0.021,-88.072,85.343,-15.859,0.02408,0.12,-0.12,0.0,0.0,0.0,0.0,1.0
230366.0,1.6596,-0.7578,-0.9219,2.139,-1.2,-1.526,-62.739,56.485,-0.015,-88.053,85.321,-15.846,0.01659,0.12,-0.12,0.0,0.0,0.0,0.0,1.0
230374.0,1.6627,-0.7431,-0.9394,1.499,0.326,-1.038,-60.07,52.173,-0.018,-88.03,85.295,-15.834,0.0165,0.12,-0.12,0.0,0.0,0.0,0.0,1.0
230382.0,1.6845,-0.7422,-0.9621,1.882,0.947,-1.196,-65.615,54.863,-0.008,-88.011,85.27,-15.821,0.00431,0.12,-0.12,0.0,0.0,0.0,0.0,1.0
230390.0,1.7129,-0.7466,-0.9861,2.629,0.469,-0.725,-64.054,58.589,0.008,-87.993,85.248,-15.808,0.0007,0.12,-0.12,0.0,0.0,0.0,0.0,1.0
230398.0,1.7501,-0.7683,-1.0023,4.095,-0.306,-0.464,-61.369,55.286,0.01,-87.972,85.225,-15.796,0.05904,0.12,-0.12,0.0,0.0,0.0,0.0,1.0
230406.0,1.7856,-0.7987,-1.0081,4.551,-0.636,-0.273,-66.05,53.538,0.02,-87.953,85.199,-15.783,0.08325,0.12,-0.12,0.0,0.0,0.0,0.0,1.0
230414.0,1.8202,-0.8307,-1.0115,4.552,-0.768,-0.142,-64.184,57.372,0.013,-87.935,85.176,-15.77,0.06798,0.12,-0.12,0.0,0.0,0.0,0.0,1.0
230421.0,1.8508,-0.8596,-1.014,4.225,-0.586,0.215,-59.45,56.814,0.002,-87.913,85.154,-15.758,0.06979,0.12,-0.12,0.0,0.0,0.0,0.0,1.0
230429.0,1.8653,-0.8762,-1.0123,4.051,0.023,0.308,-63.232,51.915,0.02,-87.892,85.128,-15.745,0.09143,0.12,-0.12,0.0,0.0,0.0,0.0,1.0
230437.0,1.8758,-0.8842,-1.0151,3.919,0.737,0.677,-64.699,52.789,0.03,-87.874,85.102,-15.732,0.07569,0.12,-0.12,0.0,0.0,0.0,0.0,1.0
230445.0,1.8893,-0.8862,-1.0266,3.796,1.753,0.312,-60.078,57.679,0.037,-87.853,85.079,-15.72,0.04362,0.12,-0.12,0.0,0.0,0.0,0.0,1.0
230452.0,1.9171,-0.8838,-1.0568,3.983,2.533,-0.549,-62.665,56.677,0.051,-87.831,85.057,-15.707,0.05837,0.12,-0.12,0.0,0.0,0.0,0.0,1.0
230460.0,1.9489,-0.882,-1.0904,4.213,2.571,-1.029,-65.963,53.285,0.052,-87.814,85.032,-15.695,0.09181,0.12,-0.12,0.0,0.0,0.0,0.0,1.0
230468.0,1.9796,-0.8874,-1.1158,4.253,2.277,-1.409,-60.509,55.552,0.055,-87.793,85.008,-15.682,0.09383,0.12,-0.12,0.0,0.0,0.0,0.0,1.0
230475.0,2.0053,-0.8957,-1.1335,4.206,1.283,-1.107,-60.201,57.623,0.019,-87.771,84.986,-15.67,0.09187,0.12,-0.12,0.0,0.0,0.0,0.0,1.0
230483.0,2.029,-0.9012,-1.1518,4.094,0.072,-0.419,-65.555,53.261,-0.017,-87.752,84.962,-15.657,0.12,0.12,-0.12,0.0,0.0,0.0,0.0,1.0
230491.0,2.0342,-0.9037,-1.1545,3.128,-0.309,-0.023,-62.478,51.553,-0.051,-87.733,84.935,-15.645,0.11937,0.12,-0.12,0.0,0.0,0.0,0.0,1.0
230499.0,2.0304,-0.8953,-1.159,1.65,-0.276,-0.164,-61.098,55.978,-0.068,-87.711,84.911,-15.632,0.06836,0.12,-0.12,0.0,0.0,0.0,0.0,1.0
230507.0,2.0397,-0.8882,-1.1752,0.354,-0.223,-0.718,-65.84,57.171,-0.067,-87.693,84.889,-15.62,0.04306,0.12,-0.12,0.0,0.0,0.0,0.0,1.0
230514.0,2.048,-0.8813,-1.1902,-0.297,-0.296,-1.052,-62.55,53.16,-0.059,-87.674,84.864,-15.607,0.06346,0.12,-0.12,0.0,0.0,0.0,0.0,1.0
230522.0,2.0638,-0.8742,-1.2129,-0.058,-0.515,-1.705,-58.706,53.584,-0.036,-87.651,84.839,-15.595,0.07793,0.12,-0.12,0.0,0.0,0.0,0.0,1.0
230530.0,2.0916,-0.8818,-1.2333,0.563,-0.504,-2.126,-63.039,57.149,-0.021,-87.63,84.816,-15.582,0.0739,0.12,-0.12,0.0,0.0,0.0,0.0,1.0
230538.0,2.1208,-0.891,-1.2536,0.752,-0.701,-2.753,-63.602,54.729,0.016,-87.611,84.793,-15.57,0.10474,0.12,-0.12,0.0,0.0,0.0,0.0,1.0
230545.0,2.1533,-0.9033,-1.2741,1.168,-1.177,-2.798,-59.23,50.523,0.019,-87.59,84.766,-15.557,0.12,0.12,-0.12,0.0,0.0,0.0,0.0,1.0
230553.0,2.173,-0.9185,-1.2789,1.541,-0.99,-2.09,-62.401,53.11,0.025,-87.568,84.74,-15.545,0.12,0.12,-0.12,0.0,0.0,0.0,0.0,1.0
230561.0,2.186,-0.9199,-1.2906,1.169,-0.755,-1.424,-65.051,57.355,0.018,-87.55,84.717,-15.532,0.09679,0.12,-0.12,0.0,0.0,0.0,0.0,1.0
230569.0,2.1965,-0.9163,-1.3046,0.952,-0.439,-0.678,-59.504,55.034,0.018,-87.529,84.694,-15.52,0.10278,0.12,-0.12,0.0,0.0,0.0,0.0,1.0
230577.0,2.1993,-0.9099,-1.3136,0.375,0.086,-0.414,-59.844,52.456,0.01,-87.506,84.669,-15.508,0.1022,0.12,-0.12,0.0,0.0,0.0,0.0,1.0
230584.0,2.2016,-0.8918,-1.3335,-0.443,0.779,-0.501,-64.78,55.484,0.007,-87.487,84.644,-15.495,0.06264,0.12,-0.12,0.0,0.0,0.0,0.0,1.0
230592.0,2.2089,-0.8777,-1.3545,-0.973,0.58,-0.618,-61.605,56.393,0.005,-87.468,84.622,-15.483,0.05408,0.12,-0.12,0.0,0.0,0.0,0.0,1.0
230600.0,2.2155,-0.873,-1.3657,-1.048,0.009,-0.5,-60.311,51.847,0.005,-87.446,84.597,-15.47,0.08632,0.12,-0.12,0.0,0.0,0.0,0.0,1.0
230607.0,2.217,-0.872,-1.3683,-1.082,-0.415,-0.147,-64.914,51.005,0.002,-87.427,84.57,-15.458,0.08919,0.12,-0.12,0.0,0.0,0.0,0.0,1.0
230615.0,2.2185,-0.8779,-1.3641,-1.378,-0.724,-0.282,-62.16,55.523,0.005,-87.408,84.546,-15.446,0.06228,0.12,-0.12,0.0,0.0,0.0,0.0,1.0
230623.0,2.2166,-0.8775,-1.3626,-1.568,-1.056,-0.183,-57.961,56.1,-0.005,-87.385,84.523,-15.433,0.05933,0.12,-0.12,0.0,0.0,0.0,0.0,1.0
230631.0,2.2113,-0.885,-1.3498,-1.832,-1.432,0.563,-61.903,52.178,-0.021,-87.363,84.498,-15.421,0.07203,0.12,-0.12,0.0,0.0,0.0,0.0,1.0
230639.0,2.2058,-0.8961,-1.3336,-1.309,-1.276,1.152,-63.153,52.882,-0.011,-87.344,84.472,-15.409,0.06806,0.12,-0.12,0.0,0.0,0.0,0.0,1.0
230646.0,2.1959,-0.8936,-1.3261,-1.098,-0.977,1.277,-58.587,56.337,-0.023,-87.322,84.449,-15.396,0.04737,0.12,-0.12,0.0,0.0,0.0,0.0,1.0
230654.0,2.1926,-0.8922,-1.3242,-0.88,-0.092,1.125,-61.127,53.704,-0.016,-87.3,84.426,-15.384,0.05886,0.12,-0.12,0.0,0.0,0.0,0.0,1.0
230662.0,2.1908,-0.8853,-1.3291,-0.859,0.91,0.313,-64.516,49.671,-0.005,-87.281,84.398,-15.372,0.08038,0.12,-0.12,0.0,0.0,0.0,0.0,1.0
230670.0,2.1932,-0.8803,-1.3363,-0.729,1.128,-0.247,-59.355,52.191,-0.002,-87.26,84.372,-15.36,0.0737,0.12,-0.12,0.0,0.0,0.0,0.0,1.0
230716.0,2.1318,-0.8949,-1.2607,-3.594,-0.66,1.341,-62.46,51.417,-0.015,-87.136,84.227,-15.286,0.01622,0.12,-0.11867,0.0,0.0,0.0,0.0,1.0
230724.0,2.1011,-0.8884,-1.2363,-4.141,-0.455,0.943,-57.397,49.94,0.006,-87.113,84.2,-15.274,0.01396,0.12,-0.12,0.0,0.0,0.0,0.0,1.0
230732.0,2.0776,-0.8768,-1.2241,-4.323,-0.398,0.223,-59.977,54.159,0.032,-87.091,84.174,-15.262,-0.01298,0.12,-0.12,0.0,0.0,0.0,0.0,1.0
230739.0,2.0573,-0.8589,-1.2213,-3.881,-0.561,-0.374,-62.945,55.622,0.042,-87.071,84.152,-15.249,-0.01298,0.12,-0.12,0.0,0.0,0.0,0.0,1.0
230747.0,2.0425,-0.854,-1.2112,-3.171,-0.469,-0.541,-58.734,51.854,0.05,-87.05,84.127,-15.237,0.01949,0.12,-0.12,0.0,0.0,0.0,0.0,1.0
230755.0,2.0227,-0.8452,-1.2,-2.33,-0.323,-0.049,-58.844,51.448,0.04,-87.027,84.1,-15.225,0.02649,0.12,-0.12,0.0,0.0,0.0,0.0,1.0
230763.0,2.0066,-0.8327,-1.196,-1.377,0.431,0.359,-63.716,55.065,0.015,-87.007,84.076,-15.213,0.00485,0.12,-0.12,0.0,0.0,0.0,0.0,1.0
230771.0,1.9818,-0.8215,-1.1822,-0.906,1.434,0.154,-60.469,53.882,0.0,-86.987,84.053,-15.201,0.01006,0.12,-0.12,0.0,0.0,0.0,0.0,1.0
230778.0,1.9698,-0.8046,-1.1866,-0.349,2.016,0.389,-56.86,49.379,-0.031,-86.963,84.026,-15.188,0.03948,0.12,-0.12,0.0,0.0,0.0,0.0,1.0
230786.0,1.9633,-0.7992,-1.1854,0.118,2.215,0.675,-61.678,50.126,-0.031,-86.942,83.998,-15.176,0.03471,0.12,-0.12,0.0,0.0,0.0,0.0,1.0
230794.0,1.9554,-0.7991,-1.1776,0.377,2.641,1.363,-62.519,54.755,-0.046,-86.923,83.974,-15.164,-0.0008,0.12,-0.12,0.0,0.0,0.0,0.0,1.0
230801.0,1.9422,-0.7938,-1.1696,0.405,2.909,0.856,-58.437,54.55,-0.047,-86.901,83.951,-15.152,0.00257,0.12,-0.12,0.0,0.0,0.0,0.0,1.0
230809.0,1.9297,-0.7881,-1.1626,-0.182,2.706,0.483,-61.166,51.039,-0.029,-86.879,83.925,-15.14,0.01495,0.12,-0.12,0.0,0.0,0.0,0.0,1.0
230817.0,1.9156,-0.7847,-1.1518,-0.415,2.053,0.523,-63.455,52.098,-0.005,-86.86,83.899,-15.128,0.00551,0.12,-0.12,0.0,0.0,0.0,0.0,1.0
230825.0,1.895,-0.7773,-1.1384,-0.572,1.67,0.746,-57.986,55.082,0.016,-86.838,83.876,-15.116,-0.0136,0.12,-0.12,0.0,0.0,0.0,0.0,1.0
230832.0,1.8733,-0.7693,-1.1245,-1.034,1.583,0.661,-57.543,52.31,0.033,-86.815,83.851,-15.104,-0.00822,0.12,-0.12,0.0,0.0,0.0,0.0,1.0
230840.0,1.8568,-0.7575,-1.1195,-1.12,1.832,0.392,-62.078,48.854,0.06,-86.794,83.824,-15.092,0.00459,0.12,-0.12,0.0,0.0,0.0,0.0,1.0
230848.0,1.8419,-0.7431,-1.1186,-1.012,2.041,-0.348,-59.874,51.399,0.059,-86.773,83.797,-15.079,-0.00515,0.12,-0.12,0.0,0.0,0.0,0.0,1.0
230856.0,1.83,-0.7281,-1.1213,-0.898,1.802,-0.329,-57.054,54.967,0.044,-86.75,83.774,-15.067,-0.02173,0.12,-0.12,0.0,0.0,0.0,0.0,1.0
230864.0,1.8182,-0.7136,-1.1236,-0.438,1.933,-0.285,-61.488,52.568,0.044,-86.728,83.749,-15.055,-0.00728,0.12,-0.12,0.0,0.0,0.0,0.0,1.0
230871.0,1.8098,-0.6924,-1.1359,0.178,2.533,-0.549,-62.114,49.943,0.029,-86.709,83.723,-15.043,0.01327,0.12,-0.12,0.0,0.0,0.0,0.0,1.0
230879.0,1.8061,-0.6776,-1.1465,0.313,2.691,-0.736,-56.677,52.546,0.006,-86.686,83.697,-15.031,0.00235,0.12,-0.12,0.0,0.0,0.0,0.0,1.0
230887.0,1.8044,-0.6598,-1.1622,0.662,2.689,-1.084,-58.19,54.431,-0.018,-86.663,83.674,-15.019,-0.00083,0.12,-0.12,0.0,0.0,0.0,0.0,1.0
230895.0,1.8024,-0.6502,-1.1695,0.981,2.505,-1.008,-62.617,50.401,-0.032,-86.643,83.648,-15.007,0.02726,0.12,-0.12,0.0,0.0,0.0,0.0,1.0
230902.0,1.7953,-0.6431,-1.1694,1.033,3.524,-1.022,-59.184,47.919,-0.055,-86.622,83.62,-14.995,0.03519,0.12,-0.12,0.0,0.0,0.0,0.0,1.0
230910.0,1.7968,-0.6356,-1.1782,1.077,3.471,-1.33,-58.248,51.766,-0.065,-86.599,83.593,-14.983,0.01666,0.12,-0.12,0.0,0.0,0.0,0.0,1.0
230919.0,1.7918,-0.6238,-1.1847,0.467,3.458,-1.341,-62.874,54.609,-0.056,-86.579,83.57,-14.971,-0.01209,0.12,-0.12,0.0,0.0,0.0,0.0,1.0
230926.0,1.7879,-0.6123,-1.192,0.22,2.952,-1.328,-59.748,51.494,-0.045,-86.559,83.545,-14.959,0.00546,0.12,-0.12,0.0,0.0,0.0,0.0,1.0
230934.0,1.7763,-0.5937,-1.1984,-0.071,2.928,-1.436,-55.913,49.942,-0.017,-86.535,83.518,-14.948,0.01061,0.12,-0.12,0.0,0.0,0.0,0.0,1.0
230942.0,1.7691,-0.5745,-1.21,-0.563,3.549,-1.247,-59.517,52.996,0.003,-86.512,83.493,-14.936,-0.02322,0.12,-0.12,0.0,0.0,0.0,0.0,1.0
230949.0,1.7595,-0.5491,-1.2251,-0.617,3.22,-1.921,-61.199,53.559,0.013,-86.492,83.469,-14.924,-0.02145,0.12,-0.12,0.0,0.0,0.0,0.0,1.0
230957.0,1.7451,-0.515,-1.244,-0.815,2.734,-1.978,-56.892,49.355,0.038,-86.469,83.443,-14.912,0.001,0.12,-0.12,0.0,0.0,0.0,0.0,1.0
230965.0,1.7312,-0.485,-1.2593,-1.007,2.489,-1.964,-57.948,48.255,0.041,-86.446,83.415,-14.9,0.00301,0.12,-0.12,0.0,0.0,0.0,0.0,1.0
230973.0,1.7144,-0.4533,-1.2733,-0.68,2.523,-2.536,-62.307,52.343,0.055,-86.426,83.389,-14.888,-0.01455,0.12,-0.12,0.0,0.0,0.0,0.0,1.0
230980.0,1.7072,-0.4263,-1.2925,-0.608,2.395,-3.009,-58.701,53.756,0.041,-86.405,83.365,-14.876,-0.01611,0.12,-0.12,0.0,0.0,0.0,0.0,1.0
230988.0,1.7125,-0.3975,-1.3258,-0.555,1.785,-3.191,-55.503,50.166,0.039,-86.38,83.339,-14.864,0.01395,0.12,-0.12,0.0,0.0,0.0,0.0,1.0
230996.0,1.7095,-0.3689,-1.3506,-0.597,1.509,-3.297,-60.176,49.486,0.017,-86.358,83.312,-14.852,0.01784,0.12,-0.12,0.0,0.0,0.0,0.0,1.0
231004.0,1.7061,-0.3429,-1.3726,-0.767,1.489,-3.318,-61.053,52.82,-0.01,-86.338,83.287,-14.84,-0.00507,0.12,-0.12,0.0,0.0,0.0,0.0,1.0
231011.0,1.7076,-0.3252,-1.3913,-0.419,1.401,-3.578,-57.005,52.725,-0.036,-86.315,83.263,-14.828,0.00635,0.12,-0.12,0.0,0.0,0.0,0.0,1.0
231019.0,1.7176,-0.3117,-1.4144,0.015,0.805,-3.311,-59.294,48.346,-0.041,-86.293,83.236,-14.816,0.04398,0.12,-0.12,0.0,0.0,0.0,0.0,1.0
231027.0,1.7281,-0.2955,-1.4407,0.379,0.356,-3.33,-62.113,47.591,-0.06,-86.273,83.207,-14.805,0.05963,0.12,-0.12,0.0,0.0,0.0,0.0,1.0
231035.0,1.7385,-0.2841,-1.4622,0.816,0.546,-2.795,-57.301,51.92,-0.078,-86.251,83.181,-14.793,0.03902,0.12,-0.12,0.0,0.0,0.0,0.0,1.0
231042.0,1.7503,-0.2721,-1.4858,1.263,1.082,-3.037,-55.601,53.503,-0.068,-86.227,83.158,-14.781,0.03791,0.12,-0.12,0.0,0.0,0.0,0.0,1.0
231050.0,1.7535,-0.2467,-1.5136,1.693,1.377,-2.917,-59.999,50.111,-0.059,-86.205,83.132,-14.769,0.06061,0.12,-0.12,0.0,0.0,0.0,0.0,1.0
231058.0,1.7626,-0.2252,-1.5436,1.628,1.334,-2.704,-59.418,49.308,-0.024,-86.184,83.105,-14.758,0.06482,0.12,-0.12,0.0,0.0,0.0,0.0,1.0
231066.0,1.7626,-0.1996,-1.5687,1.27,1.64,-2.228,-55.619,52.526,0.013,-86.16,83.08,-14.746,0.03399,0.12,-0.12,0.0,0.0,0.0,0.0,1.0
231073.0,1.7653,-0.1779,-1.5924,1.163,1.837,-2.637,-58.524,52.352,0.025,-86.137,83.055,-14.734,0.03425,0.12,-0.12,0.0,0.0,0.0,0.0,1.0
231081.0,1.7732,-0.1614,-1.6164,1.195,1.389,-3.171,-61.466,48.223,0.052,-86.117,83.028,-14.722,0.06858,0.12,-0.12,0.0,0.0,0.0,0.0,1.0
231089.0,1.7827,-0.1498,-1.6372,1.423,0.609,-2.83,-56.789,47.535,0.064,-86.095,83.0,-14.71,0.08459,0.12,-0.12,0.0,0.0,0.0,0.0,1.0
231096.0,1.7931,-0.1438,-1.6534,1.524,-0.157,-2.906,-55.216,51.584,0.067,-86.07,82.974,-14.698,0.07189,0.12,-0.12,0.0,0.0,0.0,0.0,1.0
231105.0,1.8118,-0.1416,-1.6743,1.641,-0.983,-3.042,-60.366,52.779,0.074,-86.048,82.95,-14.687,0.07604,0.12,-0.12,0.0,0.0,0.0,0.0,1.0
231112.0,1.8397,-0.1484,-1.6956,1.398,-2.249,-3.014,-59.61,49.339,0.052,-86.028,82.924,-14.675,0.1097,0.12,-0.12,0.0,0.0,0.0,0.0,1.0
231120.0,1.8547,-0.1539,-1.7053,1.081,-2.954,-2.942,-56.127,48.712,0.028,-86.005,82.896,-14.663,0.11855,0.12,-0.12,0.0,0.0,0.0,0.0,1.0
231128.0,1.8731,-0.1556,-1.7219,0.456,-2.862,-2.938,-59.478,51.99,-0.004,-85.982,82.871,-14.651,0.08936,0.12,-0.12,0.0,0.0,0.0,0.0,1.0
231136.0,1.8958,-0.1627,-1.7378,0.363,-2.484,-2.906,-60.921,51.919,-0.022,-85.962,82.846,-14.64,0.08871,0.12,-0.12,0.0,0.0,0.0,0.0,1.0
231143.0,1.9221,-0.1692,-1.7577,0.188,-2.531,-3.213,-55.781,47.642,-0.053,-85.939,82.819,-14.628,0.12,0.12,-0.12,0.0,0.0,0.0,0.0,1.0
231151.0,1.9462,-0.1699,-1.7811,0.6,-2.418,-3.103,-55.244,46.653,-0.058,-85.915,82.79,-14.616,0.12,0.12,-0.12,0.0,0.0,0.0,0.0,1.0
231159.0,1.9689,-0.1733,-1.8005,0.308,-1.811,-3.101,-59.635,50.704,-0.054,-85.893,82.764,-14.605,0.10712,0.12,-0.12,0.0,0.0,0.0,0.0,1.0
231166.0,2.0014,-0.1863,-1.8204,0.404,-1.975,-3.35,-58.316,52.752,-0.065,-85.871,82.739,-14.593,0.10738,0.12,-0.12,0.0,0.0,0.0,0.0,1.0
231174.0,2.0398,-0.2024,-1.8431,0.357,-2.512,-2.766,-54.831,49.582,-0.06,-85.847,82.714,-14.581,0.12,0.12,-0.12,0.0,0.0,0.0,0.0,1.0
231182.0,2.0677,-0.207,-1.8665,0.166,-2.559,-2.211,-58.251,48.272,-0.04,-85.824,82.686,-14.57,0.12,0.12,-0.12,0.0,0.0,0.0,0.0,1.0
231190.0,2.0768,-0.2082,-1.8744,-0.362,-2.188,-1.842,-60.492,51.288,-0.026,-85.804,82.66,-14.558,0.10542,0.12,-0.12,0.0,0.0,0.0,0.0,1.0
231198.0,2.087,-0.2089,-1.884,-0.441,-2.086,-1.654,-55.423,51.796,-0.008,-85.78,82.636,-14.547,0.10305,0.12,-0.12,0.0,0.0,0.0,0.0,1.0
231206.0,2.0976,-0.2027,-1.9006,-0.636,-1.587,-0.9,-54.851,47.803,0.021,-85.755,82.609,-14.535,0.11518,0.12,-0.12,0.0,0.0,0.0,0.0,1.0
231213.0,2.1054,-0.1967,-1.9143,-0.644,-1.5,-0.557,-59.738,46.456,0.031,-85.734,82.58,-14.523,0.11835,0.12,-0.12,0.0,0.0,0.0,0.0,1.0
231221.0,2.1118,-0.2015,-1.916,-0.596,-1.24,-0.125,-58.503,50.17,0.059,-85.712,82.553,-14.512,0.0922,0.12,-0.12,0.0,0.0,0.0,0.0,1.0
231229.0,2.1145,-0.2075,-1.9129,-0.832,-0.934,0.439,-55.391,52.142,0.047,-85.689,82.529,-14.5,0.07064,0.12,-0.12,0.0,0.0,0.0,0.0,1.0
231237.0,2.1297,-0.2318,-1.9044,-0.604,-1.259,1.065,-58.788,49.056,0.049,-85.666,82.503,-14.488,0.09167,0.12,-0.12,0.0,0.0,0.0,0.0,1.0
231245.0,2.1319,-0.2523,-1.8866,-1.103,-1.201,2.247,-60.007,47.431,0.057,-85.646,82.475,-14.477,0.08148,0.12,-0.12,0.0,0.0,0.0,0.0,1.0
231252.0,2.1288,-0.2697,-1.8666,-0.75,-0.85,2.6,-54.92,50.315,0.032,-85.622,82.448,-14.465,0.06586,0.12,-0.12,0.0,0.0,0.0,0.0,1.0
231260.0,2.1275,-0.2872,-1.8482,0.151,-1.419,3.325,-54.561,51.557,0.018,-85.597,82.424,-14.454,0.07187,0.12,-0.12,0.0,0.0,0.0,0.0,1.0
231268.0,2.1286,-0.2977,-1.839,0.547,-1.117,3.366,-58.882,47.837,0.002,-85.575,82.397,-14.442,0.09635,0.12,-0.12,0.0,0.0,0.0,0.0,1.0
231276.0,2.1315,-0.3015,-1.8384,0.277,-0.327,3.376,-57.657,45.372,-0.007,-85.553,82.368,-14.43,0.10119,0.12,-0.12,0.0,0.0,0.0,0.0,1.0
231283.0,2.1316,-0.3034,-1.8366,0.19,0.293,3.476,-54.15,48.41,0.001,-85.529,82.34,-14.419,0.0768,0.12,-0.12,0.0,0.0,0.0,0.0,1.0
231330.0,2.025,-0.3151,-1.7185,0.15,0.84,5.401,-58.468,48.75,-0.025,-85.392,82.183,-14.35,0.02769,0.12,-0.12,0.0,0.0,0.0,0.0,1.0
231338.0,2.0077,-0.3285,-1.6882,-0.319,1.011,5.487,-54.766,45.515,-0.027,-85.368,82.155,-14.339,0.0355,0.12,-0.12,0.0,0.0,0.0,0.0,1.0
231345.0,1.9938,-0.3534,-1.6501,-0.688,0.83,5.827,-57.091,47.009,-0.02,-85.345,82.126,-14.327,0.0144,0.12,-0.12,0.0,0.0,0.0,0.0,1.0
231353.0,1.9684,-0.3679,-1.6105,-0.313,1.121,5.689,-59.827,50.79,-0.009,-85.324,82.1,-14.316,-0.00884,0.12,-0.12,0.0,0.0,0.0,0.0,1.0
231361.0,1.9354,-0.3736,-1.5719,-0.201,1.098,5.494,-55.389,50.106,-0.006,-85.302,82.075,-14.304,-0.00595,0.12,-0.12,0.0,0.0,0.0,0.0,1.0
231369.0,1.9139,-0.3833,-1.5411,-0.243,0.95,5.261,-53.17,46.814,-0.0,-85.276,82.048,-14.293,0.0127,0.12,-0.12,0.0,0.0,0.0,0.0,1.0
231377.0,1.9038,-0.3981,-1.5165,-0.268,0.871,4.837,-57.116,47.271,0.022,-85.252,82.019,-14.281,0.0097,0.12,-0.12,0.0,0.0,0.0,0.0,1.0
231384.0,1.8867,-0.4117,-1.4861,-0.474,0.771,4.825,-57.856,50.443,0.032,-85.231,81.993,-14.27,-0.01411,0.12,-0.12,0.0,0.0,0.0,0.0,1.0
231392.0,1.8694,-0.4286,-1.4523,-0.685,0.774,4.399,-53.827,49.552,0.038,-85.207,81.968,-14.258,-0.01077,0.12,-0.12,0.0,0.0,0.0,0.0,1.0
231400.0,1.8556,-0.4419,-1.4257,-0.938,0.457,3.912,-54.95,45.485,0.042,-85.182,81.94,-14.247,0.01212,0.12,-0.12,0.0,0.0,0.0,0.0,1.0
231408.0,1.8451,-0.4521,-1.4052,-0.524,0.37,3.48,-59.131,45.025,0.048,-85.16,81.91,-14.236,0.02223,0.12,-0.12,0.0,0.0,0.0,0.0,1.0
231415.0,1.826,-0.4548,-1.3834,-0.552,0.464,2.884,-56.23,48.927,0.039,-85.138,81.883,-14.224,0.00029,0.12,-0.12,0.0,0.0,0.0,0.0,1.0
231423.0,1.8051,-0.4556,-1.3618,-0.389,0.416,2.664,-52.442,50.82,0.033,-85.113,81.858,-14.213,-0.00752,0.12,-0.12,0.0,0.0,0.0,0.0,1.0
231431.0,1.7958,-0.4605,-1.3477,-0.855,0.087,2.507,-55.897,47.956,0.014,-85.088,81.831,-14.201,0.00179,0.12,-0.12,0.0,0.0,0.0,0.0,1.0
231438.0,1.7721,-0.4648,-1.3198,-1.346,-0.009,2.672,-58.612,46.307,-0.014,-85.067,81.803,-14.19,-0.00292,0.12,-0.12,0.0,0.0,0.0,0.0,1.0
231446.0,1.7407,-0.4668,-1.2865,-1.776,0.354,2.95,-55.002,48.783,-0.043,-85.044,81.776,-14.179,-0.03186,0.12,-0.12,0.0,0.0,0.0,0.0,1.0
231454.0,1.7175,-0.4663,-1.2638,-1.577,0.039,3.067,-54.7,50.232,-0.061,-85.019,81.751,-14.167,-0.03934,0.12,-0.12,0.0,0.0,0.0,0.0,1.0
231462.0,1.6952,-0.4635,-1.2442,-1.514,-0.088,3.025,-58.642,46.975,-0.063,-84.997,81.724,-14.156,-0.02465,0.12,-0.11131,0.0,0.0,0.0,0.0,1.0
231470.0,1.6782,-0.4653,-1.2254,-1.449,-0.001,2.767,-56.837,44.494,-0.044,-84.975,81.694,-14.145,-0.01165,0.12,-0.1086,0.0,0.0,0.0,0.0,1.0
231478.0,1.6767,-0.4773,-1.2122,-1.248,-0.058,2.623,-52.402,46.894,-0.033,-84.95,81.666,-14.134,-0.01875,0.12,-0.12,0.0,0.0,0.0,0.0,1.0
231485.0,1.6625,-0.4828,-1.1927,-0.61,0.178,2.171,-54.427,50.132,-0.012,-84.925,81.64,-14.122,-0.02821,0.12,-0.12,0.0,0.0,0.0,0.0,1.0
231493.0,1.6491,-0.4894,-1.1728,-0.023,0.725,2.201,-57.735,48.585,-0.006,-84.903,81.614,-14.111,-0.01897,0.12,-0.12,0.0,0.0,0.0,0.0,1.0
231501.0,1.6327,-0.4893,-1.1566,0.181,1.213,1.826,-54.625,45.594,0.03,-84.879,81.586,-14.1,-0.00244,0.12,-0.12,0.0,0.0,0.0,0.0,1.0
231509.0,1.6194,-0.4914,-1.1411,0.748,1.163,1.519,-52.756,46.761,0.04,-84.854,81.558,-14.088,0.00122,0.12,-0.12,0.0,0.0,0.0,0.0,1.0
231517.0,1.6055,-0.4972,-1.1216,0.905,0.613,1.49,-56.939,49.635,0.057,-84.83,81.531,-14.077,-0.01213,0.12,-0.12,0.0,0.0,0.0,0.0,1.0
231524.0,1.5897,-0.4947,-1.1083,0.824,0.673,1.722,-57.618,48.152,0.054,-84.809,81.505,-14.066,-0.01084,0.12,-0.12,0.0,0.0,0.0,0.0,1.0
231532.0,1.5875,-0.5063,-1.0948,0.833,0.283,1.68,-52.79,44.387,0.029,-84.784,81.476,-14.055,0.01662,0.12,-0.12,0.0,0.0,0.0,0.0,1.0
231540.0,1.584,-0.5191,-1.0788,1.386,0.25,1.477,-52.764,44.215,0.019,-84.758,81.446,-14.043,0.02857,0.12,-0.12,0.0,0.0,0.0,0.0,1.0
231547.0,1.5678,-0.5171,-1.0645,1.038,0.399,0.937,-57.328,48.05,0.019,-84.735,81.419,-14.032,-0.00244,0.12,-0.12,0.0,0.0,0.0,0.0,1.0
231555.0,1.5673,-0.5157,-1.0654,1.259,0.196,0.389,-56.446,49.78,-0.023,-84.713,81.393,-14.021,-0.00191,0.12,-0.12,0.0,0.0,0.0,0.0,1.0
231563.0,1.5732,-0.5197,-1.0674,1.268,0.282,-0.129,-53.14,47.023,-0.021,-84.689,81.367,-14.01,0.02167,0.12,-0.12,0.0,0.0,0.0,0.0,1.0
231571.0,1.5653,-0.5166,-1.0624,0.933,0.656,-0.272,-55.769,45.32,-0.032,-84.665,81.338,-13.998,0.02149,0.12,-0.12,0.0,0.0,0.0,0.0,1.0
231578.0,1.5625,-0.5165,-1.0598,0.436,0.922,-0.781,-58.156,47.662,-0.046,-84.643,81.31,-13.987,-0.00051,0.12,-0.12,0.0,0.0,0.0,0.0,1.0
231586.0,1.5577,-0.5161,-1.0554,0.514,0.646,-0.795,-53.755,49.288,-0.037,-84.62,81.285,-13.976,-0.00485,0.12,-0.12,0.0,0.0,0.0,0.0,1.0
231594.0,1.5581,-0.5189,-1.0531,0.68,0.183,-1.343,-51.661,46.37,-0.029,-84.594,81.258,-13.965,0.02528,0.12,-0.12,0.0,0.0,0.0,0.0,1.0
231602.0,1.5589,-0.5202,-1.0526,0.646,-0.311,-1.663,-55.367,43.638,-0.034,-84.569,81.228,-13.954,0.04671,0.12,-0.12,0.0,0.0,0.0,0.0,1.0
231610.0,1.568,-0.5239,-1.0581,0.613,-0.847,-1.939,-56.505,45.367,-0.008,-84.547,81.199,-13.943,0.04387,0.12,-0.12,0.0,0.0,0.0,0.0,1.0
231617.0,1.5826,-0.5266,-1.07,0.851,-1.24,-2.418,-52.61,48.832,0.012,-84.522,81.172,-13.932,0.03947,0.12,-0.12,0.0,0.0,0.0,0.0,1.0
231625.0,1.5846,-0.5179,-1.0806,0.723,-0.749,-3.309,-52.795,48.242,0.027,-84.497,81.146,-13.92,0.04506,0.12,-0.12,0.0,0.0,0.0,0.0,1.0
231633.0,1.5893,-0.5051,-1.0977,0.887,-0.865,-4.203,-57.027,45.149,0.039,-84.474,81.118,-13.909,0.07454,0.12,-0.12,0.0,0.0,0.0,0.0,1.0
231641.0,1.6085,-0.4949,-1.1269,1.441,-0.854,-4.452,-55.731,45.126,0.035,-84.451,81.089,-13.898,0.09097,0.12,-0.12,0.0,0.0,0.0,0.0,1.0
231648.0,1.6249,-0.4819,-1.156,1.532,-0.341,-4.632,-51.254,47.994,0.024,-84.426,81.062,-13.887,0.07817,0.12,-0.12,0.0,0.0,0.0,0.0,1.0
231656.0,1.6418,-0.4758,-1.1787,2.01,0.169,-4.035,-53.111,48.186,0.018,-84.4,81.036,-13.876,0.07786,0.12,-0.12,0.0,0.0,0.0,0.0,1.0
231664.0,1.6622,-0.4762,-1.1988,2.726,0.286,-3.916,-57.036,44.487,-0.009,-84.377,81.007,-13.865,0.11278,0.12,-0.12,0.0,0.0,0.0,0.0,1.0
231672.0,1.6773,-0.4711,-1.2189,3.332,0.584,-3.446,-54.691,42.695,-0.043,-84.354,80.977,-13.854,0.12,0.12,-0.12,0.0,0.0,0.0,0.0,1.0
231680.0,1.714,-0.479,-1.2479,3.941,0.664,-2.761,-52.412,45.718,-0.054,-84.329,80.948,-13.843,0.12,0.12,-0.12,0.0,0.0,0.0,0.0,1.0
231687.0,1.7479,-0.4894,-1.2717,4.007,0.405,-2.673,-55.908,48.731,-0.067,-84.305,80.922,-13.832,0.115,0.12,-0.12,0.0,0.0,0.0,0.0,1.0
231695.0,1.7737,-0.4935,-1.2935,3.807,0.375,-2.444,-56.881,47.287,-0.075,-84.284,80.895,-13.821,0.12,0.12,-0.12,0.0,0.0,0.0,0.0,1.0
231703.0,1.8026,-0.4916,-1.3242,3.225,0.657,-2.249,-52.214,44.563,-0.06,-84.259,80.867,-13.81,0.12,0.12,-0.12,0.0,0.0,0.0,0.0,1.0
231711.0,1.8285,-0.4927,-1.349,3.217,1.002,-2.163,-51.242,45.372,-0.065,-84.233,80.838,-13.799,0.12,0.12,-0.12,0.0,0.0,0.0,0.0,1.0
231718.0,1.8513,-0.4806,-1.3836,2.879,0.935,-2.922,-55.136,48.02,-0.018,-84.208,80.811,-13.788,0.11929,0.12,-0.12,0.0,0.0,0.0,0.0,1.0
231726.0,1.8722,-0.4684,-1.4164,2.214,0.836,-3.109,-55.326,47.226,0.019,-84.186,80.785,-13.777,0.11935,0.12,-0.12,0.0,0.0,0.0,0.0,1.0
231734.0,1.9053,-0.4629,-1.4549,2.09,0.505,-3.182,-51.496,43.572,0.046,-84.16,80.756,-13.766,0.12,0.12,-0.12,0.0,0.0,0.0,0.0,1.0
231742.0,1.9305,-0.4579,-1.485,2.012,0.866,-3.253,-52.419,42.877,0.082,-84.134,80.725,-13.754,0.12,0.12,-0.12,0.0,0.0,0.0,0.0,1.0
231750.0,1.9471,-0.4566,-1.5029,1.871,0.293,-2.962,-56.461,46.224,0.084,-84.111,80.697,-13.743,0.12,0.12,-0.12,0.0,0.0,0.0,0.0,1.0
231757.0,1.9725,-0.4555,-1.5293,1.922,0.009,-2.729,-54.354,48.177,0.079,-84.089,80.671,-13.732,0.12,0.12,-0.12,0.0,0.0,0.0,0.0,1.0
231765.0,1.9918,-0.4485,-1.5554,1.794,-0.338,-2.042,-50.307,45.8,0.059,-84.062,80.644,-13.721,0.12,0.12,-0.12,0.0,0.0,0.0,0.0,1.0
231773.0,2.0143,-0.4455,-1.5809,1.361,-0.26,-1.794,-52.59,43.592,0.03,-84.036,80.614,-13.71,0.12,0.12,-0.12,0.0,0.0,0.0,0.0,1.0
231780.0,2.0354,-0.4405,-1.6069,1.055,-0.369,-0.956,-56.199,45.214,0.011,-84.013,80.585,-13.699,0.12,0.12,-0.12,0.0,0.0,0.0,0.0,1.0
231788.0,2.0614,-0.434,-1.6392,1.474,-0.101,-0.691,-53.729,47.646,-0.014,-83.99,80.559,-13.688,0.12,0.12,-0.12,0.0,0.0,0.0,0.0,1.0
231796.0,2.0838,-0.4346,-1.661,1.56,0.212,-0.985,-51.586,46.123,-0.029,-83.964,80.532,-13.677,0.12,0.12,-0.12,0.0,0.0,0.0,0.0,1.0
231804.0,2.112,-0.4335,-1.6903,1.577,-0.064,-0.832,-54.986,42.539,-0.051,-83.94,80.502,-13.667,0.12,0.12,-0.12,0.0,0.0,0.0,0.0,1.0
231811.0,2.1395,-0.4422,-1.7094,1.498,-0.066,0.201,-56.096,42.226,-0.052,-83.918,80.471,-13.656,0.12,0.12,-0.12,0.0,0.0,0.0,0.0,1.0
231820.0,2.1497,-0.4459,-1.7159,1.438,0.417,0.942,-51.376,45.903,-0.053,-83.893,80.443,-13.645,0.12,0.12,-0.12,0.0,0.0,0.0,0.0,1.0
231827.0,2.1595,-0.455,-1.7168,1.401,0.364,1.666,-50.381,47.791,-0.061,-83.866,80.416,-13.634,0.12,0.12,-0.12,0.0,0.0,0.0,0.0,1.0
231835.0,2.1631,-0.4556,-1.7198,1.252,0.568,1.61,-54.163,45.407,-0.051,-83.842,80.389,-13.623,0.12,0.12,-0.12,0.0,0.0,0.0,0.0,1.0
231843.0,2.1644,-0.4465,-1.73,0.951,1.392,1.827,-54.556,43.367,0.003,-83.818,80.36,-13.612,0.12,0.12,-0.12,0.0,0.0,0.0,0.0,1.0
231851.0,2.1568,-0.435,-1.7336,0.32,1.502,1.503,-50.842,45.001,0.027,-83.793,80.331,-13.601,0.1139,0.12,-0.12,0.0,0.0,0.0,0.0,1.0
231858.0,2.1492,-0.4184,-1.7422,-0.07,1.573,1.399,-51.295,47.173,0.047,-83.767,80.304,-13.59,0.09248,0.12,-0.12,0.0,0.0,0.0,0.0,1.0
231866.0,2.1432,-0.4047,-1.7495,-0.04,1.626,1.105,-55.308,45.592,0.063,-83.743,80.277,-13.58,0.10142,0.12,-0.12,0.0,0.0,0.0,0.0,1.0
231874.0,2.1327,-0.3977,-1.7458,-0.088,1.108,0.931,-54.257,42.247,0.078,-83.72,80.247,-13.569,0.12,0.12,-0.12,0.0,0.0,0.0,0.0,1.0
231881.0,2.13,-0.3954,-1.7454,-0.264,0.586,1.1,-49.824,42.128,0.064,-83.694,80.216,-13.558,0.12,0.12,-0.12,0.0,0.0,0.0,0.0,1.0
231889.0,2.1219,-0.3937,-1.739,-0.689,-0.112,1.695,-50.959,45.479,0.054,-83.667,80.188,-13.547,0.09853,0.12,-0.12,0.0,0.0,0.0,0.0,1.0
231897.0,2.1106,-0.407,-1.7148,-0.986,-0.896,2.036,-55.071,47.127,0.02,-83.643,80.161,-13.536,0.08275,0.12,-0.12,0.0,0.0,0.0,0.0,1.0
231944.0,2.0765,-0.4919,-1.5978,-0.581,-0.683,1.735,-49.151,41.747,-0.046,-83.495,79.99,-13.471,0.1196,0.12,-0.12,0.0,0.0,0.0,0.0,1.0
231951.0,2.0607,-0.4982,-1.5759,-0.767,-0.299,1.431,-51.887,41.06,-0.028,-83.469,79.959,-13.461,0.1153,0.12,-0.12,0.0,0.0,0.0,0.0,1.0
231959.0,2.0463,-0.5055,-1.5544,-1.052,-0.253,1.565,-54.33,44.41,-0.022,-83.445,79.93,-13.45,0.08414,0.12,-0.12,0.0,0.0,0.0,0.0,1.0
231967.0,2.0264,-0.5115,-1.5288,-1.097,-0.203,1.876,-51.24,46.753,0.01,-83.42,79.903,-13.439,0.06315,0.12,-0.12,0.0,0.0,0.0,0.0,1.0
231975.0,2.0137,-0.5136,-1.514,-0.487,-0.104,1.802,-49.588,44.817,0.023,-83.393,79.876,-13.428,0.0833,0.12,-0.12,0.0,0.0,0.0,0.0,1.0
231983.0,1.9949,-0.5026,-1.5058,-0.58,0.163,1.205,-53.242,42.468,0.052,-83.368,79.846,-13.418,0.09322,0.12,-0.12,0.0,0.0,0.0,0.0,1.0
231991.0,1.9794,-0.4905,-1.5021,-0.798,-0.202,0.837,-54.628,43.416,0.065,-83.345,79.816,-13.407,0.08624,0.12,-0.12,0.0,0.0,0.0,0.0,1.0
231998.0,1.9654,-0.48,-1.4984,-0.997,-0.429,0.522,-50.441,45.926,0.067,-83.32,79.789,-13.396,0.07173,0.12,-0.12,0.0,0.0,0.0,0.0,1.0
232006.0,1.9553,-0.4829,-1.4854,-0.74,-0.597,0.011,-48.824,45.306,0.059,-83.293,79.762,-13.385,0.08479,0.12,-0.12,0.0,0.0,0.0,0.0,1.0
232014.0,1.9549,-0.4928,-1.4753,-0.368,-1.135,-0.352,-52.729,41.976,0.035,-83.267,79.732,-13.375,0.1173,0.12,-0.12,0.0,0.0,0.0,0.0,1.0
232021.0,1.95,-0.4912,-1.472,-0.806,-1.497,-0.715,-54.25,40.779,0.027,-83.244,79.701,-13.364,0.12,0.12,-0.12,0.0,0.0,0.0,0.0,1.0
232029.0,1.949,-0.5,-1.4625,-1.117,-1.961,-0.574,-50.794,43.348,-0.004,-83.219,79.671,-13.353,0.10533,0.12,-0.12,0.0,0.0,0.0,0.0,1.0
232037.0,1.9529,-0.5157,-1.4511,-0.563,-2.253,-0.519,-50.487,45.974,-0.038,-83.192,79.644,-13.342,0.10193,0.12,-0.12,0.0,0.0,0.0,0.0,1.0
232045.0,1.9522,-0.5199,-1.4463,-0.728,-2.118,-0.384,-54.188,44.712,-0.043,-83.168,79.617,-13.332,0.10236,0.12,-0.12,0.0,0.0,0.0,0.0,1.0
232053.0,1.9476,-0.5294,-1.4324,-0.403,-1.844,-0.454,-53.473,42.002,-0.073,-83.145,79.587,-13.321,0.12,0.12,-0.12,0.0,0.0,0.0,0.0,1.0
232060.0,1.9471,-0.53,-1.4314,-0.716,-1.332,-0.547,-49.094,42.147,-0.056,-83.119,79.557,-13.311,0.1146,0.12,-0.12,0.0,0.0,0.0,0.0,1.0
232068.0,1.9376,-0.5343,-1.4176,-0.641,-0.804,-0.621,-49.098,44.766,-0.06,-83.091,79.528,-13.3,0.09414,0.12,-0.12,0.0,0.0,0.0,0.0,1.0
232076.0,1.9344,-0.5371,-1.4117,-0.188,-0.571,-0.991,-52.789,45.305,-0.034,-83.066,79.501,-13.289,0.0972,0.12,-0.12,0.0,0.0,0.0,0.0,1.0
232084.0,1.9343,-0.5409,-1.4079,0.499,-0.247,-0.838,-52.684,42.239,-0.014,-83.042,79.472,-13.279,0.12,0.12,-0.12,0.0,0.0,0.0,0.0,1.0
232091.0,1.9316,-0.542,-1.4042,0.427,-0.275,-0.95,-49.16,39.836,0.025,-83.016,79.441,-13.268,0.12,0.12,-0.12,0.0,0.0,0.0,0.0,1.0
232099.0,1.9404,-0.546,-1.4091,0.946,-0.644,-0.888,-49.651,41.421,0.033,-82.989,79.41,-13.258,0.12,0.12,-0.12,0.0,0.0,0.0,0.0,1.0
232107.0,1.9448,-0.5454,-1.4141,1.479,-0.642,-1.318,-53.583,44.675,0.051,-82.965,79.381,-13.247,0.12,0.12,-0.12,0.0,0.0,0.0,0.0,1.0
232115.0,1.9481,-0.5417,-1.421,1.337,-0.48,-1.76,-52.735,45.343,0.066,-82.941,79.354,-13.236,0.12,0.12,-0.12,0.0,0.0,0.0,0.0,1.0
232122.0,1.9634,-0.5383,-1.4395,1.266,-0.55,-1.832,-48.501,42.75,0.052,-82.914,79.326,-13.226,0.12,0.12,-0.12,0.0,0.0,0.0,0.0,1.0
232130.0,1.9696,-0.5256,-1.4581,0.869,-0.289,-2.436,-48.899,41.364,0.055,-82.887,79.296,-13.215,0.12,0.12,-0.12,0.0,0.0,0.0,0.0,1.0
232138.0,1.9823,-0.52,-1.4763,0.623,-0.449,-2.769,-52.971,43.172,0.028,-82.862,79.266,-13.204,0.12,0.12,-0.12,0.0,0.0,0.0,0.0,1.0
232145.0,1.9951,-0.5235,-1.4857,0.517,-0.771,-2.659,-52.677,45.039,0.023,-82.838,79.238,-13.194,0.12,0.12,-0.12,0.0,0.0,0.0,0.0,1.0
232153.0,2.0172,-0.5294,-1.5021,0.023,-1.11,-2.566,-49.287,43.43,-0.012,-82.812,79.21,-13.183,0.12,0.12,-0.12,0.0,0.0,0.0,0.0,1.0
232161.0,2.0281,-0.5374,-1.5051,-0.593,-1.71,-2.301,-50.472,40.376,-0.043,-82.786,79.18,-13.173,0.12,0.12,-0.12,0.0,0.0,0.0,0.0,1.0
232169.0,2.0404,-0.5428,-1.5122,-0.854,-2.371,-2.013,-53.698,40.144,-0.054,-82.762,79.149,-13.162,0.12,0.12,-0.12,0.0,0.0,0.0,0.0,1.0
232177.0,2.0544,-0.5534,-1.5159,-0.618,-2.393,-2.121,-51.678,43.059,-0.074,-82.738,79.119,-13.152,0.12,0.12,-0.12,0.0,0.0,0.0,0.0,1.0
232185.0,2.0673,-0.5575,-1.5248,-0.539,-2.581,-2.224,-47.831,45.002,-0.075,-82.711,79.091,-13.141,0.12,0.12,-0.12,0.0,0.0,0.0,0.0,1.0
232192.0,2.0787,-0.5532,-1.5403,-0.646,-2.229,-2.046,-48.859,43.135,-0.045,-82.683,79.063,-13.131,0.12,0.12,-0.12,0.0,0.0,0.0,0.0,1.0
232200.0,2.0894,-0.559,-1.5454,-0.766,-1.972,-2.394,-52.349,40.756,-0.015,-82.658,79.033,-13.12,0.12,0.12,-0.12,0.0,0.0,0.0,0.0,1.0
232208.0,2.1017,-0.5633,-1.5536,-0.249,-1.583,-2.349,-51.309,41.36,-0.002,-82.633,79.003,-13.11,0.12,0.12,-0.12,0.0,0.0,0.0,0.0,1.0
232215.0,2.1044,-0.5485,-1.5707,-0.097,-0.87,-2.157,-48.032,43.831,0.02,-82.606,78.974,-13.099,0.12,0.12,-0.12,0.0,0.0,0.0,0.0,1.0
232223.0,2.1127,-0.5523,-1.5753,-0.161,-0.915,-1.942,-49.303,44.102,0.022,-82.579,78.946,-13.089,0.12,0.12,-0.12,0.0,0.0,0.0,0.0,1.0
232231.0,2.127,-0.5518,-1.5901,-0.013,-0.791,-1.474,-52.89,41.08,0.022,-82.555,78.917,-13.078,0.12,0.12,-0.12,0.0,0.0,0.0,0.0,1.0
232239.0,2.1399,-0.5484,-1.6063,0.419,-0.368,-1.484,-51.494,38.801,0.019,-82.531,78.885,-13.068,0.12,0.12,-0.12,0.0,0.0,0.0,0.0,1.0
232247.0,2.1579,-0.5524,-1.6203,0.526,-0.263,-1.379,-47.361,40.379,0.015,-82.503,78.854,-13.058,0.12,0.12,-0.12,0.0,0.0,0.0,0.0,1.0
232254.0,2.1738,-0.5583,-1.6306,0.264,-0.122,-1.151,-48.33,43.522,0.015,-82.475,78.825,-13.047,0.12,0.12,-0.12,0.0,0.0,0.0,0.0,1.0
232262.0,2.1818,-0.5445,-1.652,-0.02,0.098,-1.193,-52.271,44.289,-0.011,-82.45,78.797,-13.037,0.12,0.12,-0.12,0.0,0.0,0.0,0.0,1.0
232270.0,2.1961,-0.5525,-1.6585,-0.233,0.127,-0.904,-51.605,41.822,-0.017,-82.426,78.768,-13.026,0.12,0.12,-0.12,0.0,0.0,0.0,0.0,1.0
232278.0,2.2003,-0.5471,-1.668,-0.666,0.378,-0.827,-48.416,40.254,-0.028,-82.4,78.738,-13.016,0.12,0.12,-0.12,0.0,0.0,0.0,0.0,1.0
232285.0,2.1968,-0.5382,-1.6731,-1.404,0.32,-0.454,-49.552,41.782,-0.024,-82.373,78.708,-13.005,0.12,0.12,-0.12,0.0,0.0,0.0,0.0,1.0
232293.0,2.2016,-0.5505,-1.6659,-1.617,0.133,0.052,-52.769,43.837,-0.033,-82.349,78.679,-12.995,0.12,0.12,-0.12,0.0,0.0,0.0,0.0,1.0
232301.0,2.1967,-0.5479,-1.6636,-1.687,-0.111,0.154,-51.066,42.837,-0.02,-82.324,78.651,-12.985,0.12,0.12,-0.12,0.0,0.0,0.0,0.0,1.0
232309.0,2.1917,-0.5476,-1.6588,-2.296,-0.555,0.573,-47.118,39.646,-0.011,-82.297,78.621,-12.974,0.12,0.12,-0.12,0.0,0.0,0.0,0.0,1.0
232317.0,2.1804,-0.5464,-1.6487,-1.979,-0.496,1.149,-47.76,38.748,0.002,-82.269,78.589,-12.964,0.12,0.12,-0.12,0.0,0.0,0.0,0.0,1.0
232324.0,2.1741,-0.5418,-1.6469,-2.042,-0.152,0.973,-51.267,41.076,0.032,-82.243,78.558,-12.954,0.11962,0.12,-0.12,0.0,0.0,0.0,0.0,1.0
232332.0,2.1647,-0.5352,-1.6439,-1.646,-0.238,1.403,-50.753,43.614,0.037,-82.219,78.53,-12.943,0.10607,0.12,-0.12,0.0,0.0,0.0,0.0,1.0
232340.0,2.1505,-0.5197,-1.6448,-1.522,0.897,1.413,-47.428,42.844,0.028,-82.191,78.502,-12.933,0.10196,0.12,-0.12,0.0,0.0,0.0,0.0,1.0
232347.0,2.137,-0.5068,-1.6438,-1.566,1.251,1.42,-47.858,40.239,0.041,-82.164,78.472,-12.922,0.11089,0.12,-0.12,0.0,0.0,0.0,0.0,1.0
232355.0,2.1286,-0.4929,-1.6489,-1.213,1.69,1.685,-51.546,39.587,0.032,-82.138,78.441,-12.912,0.11111,0.12,-0.12,0.0,0.0,0.0,0.0,1.0
232363.0,2.1098,-0.4728,-1.6498,-0.902,2.069,1.629,-51.273,41.813,0.018,-82.114,78.411,-12.902,0.09653,0.12,-0.12,0.0,0.0,0.0,0.0,1.0
232371.0,2.0981,-0.4689,-1.6418,-0.854,2.07,2.321,-47.22,43.279,0.013,-82.087,78.382,-12.891,0.08185,0.12,-0.12,0.0,0.0,0.0,0.0,1.0
232379.0,2.0794,-0.4595,-1.6323,-0.884,2.277,2.355,-46.691,41.309,0.007,-82.059,78.353,-12.881,0.08774,0.12,-0.12,0.0,0.0,0.0,0.0,1.0
232387.0,2.0601,-0.461,-1.6115,-0.776,1.536,2.566,-50.635,38.418,-0.019,-82.033,78.322,-12.871,0.10569,0.12,-0.12,0.0,0.0,0.0,0.0,1.0
232394.0,2.0479,-0.4671,-1.5934,-1.002,1.34,2.459,-51.402,38.067,-0.041,-82.008,78.29,-12.861,0.10385,0.12,-0.12,0.0,0.0,0.0,0.0,1.0
232402.0,2.029,-0.4614,-1.5801,-1.343,1.385,2.331,-48.164,40.84,-0.016,-81.982,78.259,-12.85,0.07961,0.12,-0.12,0.0,0.0,0.0,0.0,1.0
232410.0,2.0201,-0.4754,-1.5576,-1.084,0.827,2.208,-47.829,43.233,-0.015,-81.954,78.231,-12.84,0.07366,0.12,-0.12,0.0,0.0,0.0,0.0,1.0
232418.0,2.0031,-0.4742,-1.5417,-1.402,0.51,1.891,-51.301,42.152,-0.021,-81.929,78.202,-12.83,0.07514,0.12,-0.12,0.0,0.0,0.0,0.0,1.0
232426.0,1.9874,-0.4785,-1.5218,-2.385,-0.209,1.691,-51.219,39.744,-0.013,-81.905,78.172,-12.82,0.07779,0.12,-0.12,0.0,0.0,0.0,0.0,1.0
232434.0,1.9602,-0.4701,-1.5028,-2.536,-0.177,1.809,-47.072,39.512,-0.016,-81.878,78.141,-12.809,0.07188,0.12,-0.12,0.0,0.0,0.0,0.0,1.0
232441.0,1.9327,-0.4616,-1.4835,-2.954,-0.443,1.542,-46.116,41.733,-0.008,-81.849,78.111,-12.799,0.05076,0.12,-0.12,0.0,0.0,0.0,0.0,1.0
232449.0,1.9011,-0.454,-1.4593,-3.117,-0.938,1.566,-49.271,42.783,-0.002,-81.823,78.083,-12.789,0.03741,0.12,-0.12,0.0,0.0,0.0,0.0,1.0
232457.0,1.8734,-0.4362,-1.4489,-3.004,-0.873,1.282,-50.664,40.661,0.01,-81.798,78.054,-12.779,0.04779,0.12,-0.12,0.0,0.0,0.0,0.0,1.0
232464.0,1.8512,-0.4254,-1.4373,-2.791,-0.902,0.993,-47.71,38.038,0.022,-81.771,78.022,-12.768,0.0672,0.12,-0.12,0.0,0.0,0.0,0.0,1.0
232472.0,1.8353,-0.4154,-1.4311,-2.704,-0.959,0.329,-46.138,38.068,0.028,-81.743,77.99,-12.758,0.07259,0.12,-0.12,0.0,0.0,0.0,0.0,1.0
232480.0,1.8147,-0.3994,-1.426,-2.193,-1.094,-0.154,-49.146,40.744,0.03,-81.716,77.96,-12.748,0.06477,0.12,-0.12,0.0,0.0,0.0,0.0,1.0
232488.0,1.7978,-0.3926,-1.4159,-2.235,-1.543,-0.085,-51.33,42.679,0.019,-81.691,77.931,-12.738,0.05095,0.12,-0.12,0.0,0.0,0.0,0.0,1.0
232495.0,1.7837,-0.3902,-1.404,-1.697,-1.73,-0.014,-48.185,41.259,0.019,-81.665,77.902,-12.728,0.06846,0.12,-0.12,0.0,0.0,0.0,0.0,1.0
232503.0,1.7699,-0.3935,-1.3871,-1.335,-2.439,0.227,-45.282,38.871,-0.008,-81.637,77.872,-12.717,0.09186,0.12,-0.12,0.0,0.0,0.0,0.0,1.0
232511.0,1.7652,-0.4064,-1.3697,-1.144,-2.668,0.689,-47.659,38.848,-0.026,-81.609,77.84,-12.707,0.09087,0.12,-0.12,0.0,0.0,0.0,0.0,1.0
232557.0,1.7599,-0.4965,-1.2767,-1.03,-2.693,0.494,-49.046,39.76,-0.014,-81.453,77.657,-12.647,0.08715,0.12,-0.12,0.0,0.0,0.0,0.0,1.0
232565.0,1.7612,-0.5179,-1.2571,-0.912,-2.579,1.214,-45.39,42.107,-0.008,-81.425,77.628,-12.636,0.06944,0.12,-0.12,0.0,0.0,0.0,0.0,1.0
232573.0,1.7604,-0.5302,-1.2444,-0.935,-2.087,1.273,-45.94,41.321,-0.002,-81.397,77.6,-12.626,0.06856,0.12,-0.12,0.0,0.0,0.0,0.0,1.0
232581.0,1.7586,-0.5496,-1.2238,-0.985,-2.106,1.342,-49.273,38.928,0.006,-81.37,77.569,-12.616,0.0796,0.12,-0.12,0.0,0.0,0.0,0.0,1.0
232589.0,1.7524,-0.556,-1.2114,-0.782,-1.42,1.51,-49.214,38.294,0.042,-81.345,77.538,-12.606,0.07802,0.12,-0.12,0.0,0.0,0.0,0.0,1.0
232596.0,1.7519,-0.5698,-1.1973,-0.413,-1.283,1.215,-46.007,40.184,0.038,-81.317,77.507,-12.596,0.0759,0.12,-0.12,0.0,0.0,0.0,0.0,1.0
232604.0,1.7491,-0.5798,-1.1848,-0.102,-1.165,1.42,-45.692,41.673,0.043,-81.288,77.479,-12.586,0.06879,0.12,-0.12,0.0,0.0,0.0,0.0,1.0
232612.0,1.7452,-0.588,-1.173,0.614,-0.918,1.409,-49.071,40.29,0.039,-81.262,77.449,-12.576,0.08481,0.12,-0.12,0.0,0.0,0.0,0.0,1.0
232619.0,1.7461,-0.5994,-1.1627,0.549,-0.962,1.624,-50.141,37.503,0.018,-81.237,77.418,-12.566,0.09881,0.12,-0.11737,0.0,0.0,0.0,0.0,1.0
232627.0,1.7459,-0.6065,-1.1556,0.866,-0.515,1.811,-46.56,36.665,0.007,-81.21,77.385,-12.556,0.10567,0.12,-0.12,0.0,0.0,0.0,0.0,1.0
232635.0,1.7494,-0.6279,-1.1383,1.151,-0.563,1.68,-44.49,38.668,0.002,-81.181,77.354,-12.546,0.10172,0.12,-0.12,0.0,0.0,0.0,0.0,1.0
232643.0,1.7529,-0.6456,-1.1245,1.192,-0.675,2.173,-47.363,41.157,-0.009,-81.153,77.324,-12.536,0.08298,0.12,-0.12,0.0,0.0,0.0,0.0,1.0
232651.0,1.7521,-0.656,-1.1137,0.908,-0.672,2.349,-49.987,40.911,-0.025,-81.128,77.296,-12.526,0.07655,0.12,-0.12,0.0,0.0,0.0,0.0,1.0
232659.0,1.7579,-0.6803,-1.0957,1.213,-0.969,2.658,-47.902,38.494,-0.038,-81.102,77.265,-12.516,0.0985,0.12,-0.11975,0.0,0.0,0.0,0.0,1.0
232666.0,1.7615,-0.704,-1.0763,1.141,-0.497,2.787,-45.609,37.365,-0.018,-81.074,77.233,-12.506,0.10069,0.11667,-0.12,0.0,0.0,0.0,0.0,1.0
232674.0,1.7662,-0.7271,-1.0585,0.807,-0.556,3.074,-47.661,38.826,-0.028,-81.047,77.202,-12.496,0.08391,0.12,-0.10729,0.0,0.0,0.0,0.0,1.0
232682.0,1.7702,-0.7434,-1.0466,0.928,-0.382,2.99,-50.199,40.833,-0.011,-81.022,77.173,-12.486,0.07238,0.12,-0.10258,0.0,0.0,0.0,0.0,1.0
232689.0,1.7721,-0.7585,-1.0337,0.852,-0.134,2.29,-47.959,40.365,0.005,-80.996,77.144,-12.476,0.07963,0.12,-0.12,0.0,0.0,0.0,0.0,1.0
232697.0,1.7763,-0.7723,-1.0246,0.683,0.017,2.096,-44.498,37.599,0.023,-80.967,77.113,-12.466,0.0966,0.11785,-0.12,0.0,0.0,0.0,0.0,1.0
232705.0,1.7727,-0.7802,-1.0133,0.384,0.296,2.116,-45.038,35.723,0.025,-80.938,77.08,-12.456,0.09929,0.12,-0.108,0.0,0.0,0.0,0.0,1.0
232713.0,1.7676,-0.789,-0.9995,0.243,0.198,1.933,-48.346,36.85,0.025,-80.911,77.047,-12.446,0.08973,0.12,-0.09225,0.0,0.0,0.0,0.0,1.0
232720.0,1.7582,-0.7912,-0.9881,-0.007,0.279,2.101,-48.41,39.638,0.017,-80.886,77.017,-12.436,0.06437,0.12,-0.10259,0.0,0.0,0.0,0.0,1.0
232729.0,1.7505,-0.7915,-0.9801,-0.247,0.318,1.88,-45.341,40.976,0.023,-80.858,76.988,-12.426,0.05379,0.12,-0.12,0.0,0.0,0.0,0.0,1.0
232736.0,1.7541,-0.8012,-0.9742,0.009,0.176,2.083,-44.747,39.291,0.008,-80.829,76.958,-12.416,0.06891,0.12,-0.12,0.0,0.0,0.0,0.0,1.0
232744.0,1.7521,-0.8072,-0.9663,-0.017,0.011,1.746,-47.937,37.303,-0.002,-80.802,76.927,-12.406,0.083,0.12,-0.09392,0.0,0.0,0.0,0.0,1.0
232752.0,1.747,-0.8073,-0.9612,-0.026,0.399,1.789,-49.343,37.423,0.002,-80.777,76.895,-12.396,0.07662,0.12,-0.0867,0.0,0.0,0.0,0.0,1.0
232759.0,1.745,-0.8113,-0.9553,-0.11,0.302,1.864,-46.096,39.419,-0.013,-80.75,76.865,-12.386,0.06454,0.12,-0.11693,0.0,0.0,0.0,0.0,1.0
232767.0,1.7569,-0.8244,-0.9545,0.633,-0.228,1.334,-43.582,40.41,-0.024,-80.72,76.835,-12.376,0.08436,0.1141,-0.12,0.0,0.0,0.0,0.0,1.0
232775.0,1.7676,-0.824,-0.9654,0.784,-0.173,1.128,-45.792,38.667,-0.014,-80.692,76.805,-12.366,0.09992,0.1188,-0.12,0.0,0.0,0.0,0.0,1.0
232783.0,1.7793,-0.8225,-0.9787,1.262,0.088,0.177,-48.912,36.097,-0.01,-80.666,76.773,-12.356,0.12,0.12,-0.12,0.0,0.0,0.0,0.0,1.0
232790.0,1.7749,-0.8169,-0.9797,1.082,0.413,0.243,-47.561,35.659,-0.013,-80.64,76.74,-12.347,0.12,0.12,-0.12,0.0,0.0,0.0,0.0,1.0
232798.0,1.7493,-0.8088,-0.962,-0.008,0.79,0.535,-44.858,37.88,-0.038,-80.612,76.709,-12.337,0.0853,0.12,-0.12,0.0,0.0,0.0,0.0,1.0
232806.0,1.707,-0.8026,-0.9258,-1.694,1.215,2.43,-46.008,40.036,-0.037,-80.584,76.679,-12.327,0.01322,0.12,-0.10181,0.0,0.0,0.0,0.0,1.0
232814.0,1.6488,-0.7958,-0.8741,-3.513,1.455,3.797,-48.884,39.617,-0.064,-80.558,76.65,-12.317,-0.03986,0.12,-0.03471,0.0,0.0,0.0,0.0,1.0
232822.0,1.6001,-0.8023,-0.8191,-4.0,1.324,5.051,-47.93,37.351,-0.065,-80.532,76.619,-12.307,-0.05349,0.12,0.01107,0.0,0.0,0.0,0.0,1.0
232829.0,1.5648,-0.8151,-0.7713,-4.342,0.659,6.374,-44.191,36.192,-0.046,-80.504,76.587,-12.297,-0.06486,0.12,0.037,0.0,0.0,0.0,0.0,1.0
232837.0,1.5611,-0.8419,-0.7415,-2.952,-0.084,6.15,-43.501,37.474,-0.024,-80.474,76.555,-12.288,-0.04246,0.09443,0.02335,0.0,0.0,0.0,0.0,1.0
232845.0,1.5772,-0.8697,-0.7305,-0.558,-0.695,5.107,-46.344,39.431,0.023,-80.446,76.525,-12.278,0.00069,0.08247,0.00426,0.0,0.0,0.0,0.0,1.0
232853.0,1.6068,-0.9029,-0.7278,1.7,-1.118,3.906,-48.025,39.359,0.083,-80.42,76.495,-12.268,0.05895,0.06506,-0.0178,0.0,0.0,0.0,0.0,1.0
232860.0,1.6344,-0.9194,-0.7394,3.608,-1.149,2.663,-45.607,36.868,0.12,-80.393,76.464,-12.258,0.12,0.03884,-0.05848,0.0,0.0,0.0,0.0,1.0
232868.0,1.641,-0.9207,-0.7447,4.635,-0.073,1.405,-43.596,34.765,0.137,-80.364,76.431,-12.248,0.12,0.04541,-0.09964,0.0,0.0,0.0,0.0,1.0
232877.0,1.6297,-0.9085,-0.7453,4.38,1.116,1.211,-45.948,35.404,0.117,-80.336,76.398,-12.238,0.12,0.08426,-0.10013,0.0,0.0,0.0,0.0,1.0
232884.0,1.6048,-0.8816,-0.7466,3.142,2.83,1.369,-48.586,37.99,0.072,-80.31,76.367,-12.228,0.08058,0.12,-0.10058,0.0,0.0,0.0,0.0,1.0
232892.0,1.5756,-0.8529,-0.7453,2.098,4.073,1.488,-46.677,39.654,0.033,-80.284,76.337,-12.219,0.03625,0.12,-0.12,0.0,0.0,0.0,0.0,1.0
232900.0,1.5528,-0.8166,-0.7578,1.384,5.131,1.25,-43.169,38.549,-0.009,-80.255,76.307,-12.209,0.02142,0.12,-0.12,0.0,0.0,0.0,0.0,1.0
232908.0,1.5439,-0.7944,-0.7705,1.179,5.291,0.978,-43.624,36.46,-0.048,-80.225,76.276,-12.199,0.02996,0.12,-0.12,0.0,0.0,0.0,0.0,1.0
232915.0,1.5461,-0.7826,-0.7843,1.376,4.448,0.567,-47.036,35.866,-0.075,-80.198,76.244,-12.189,0.04677,0.12,-0.12,0.0,0.0,0.0,0.0,1.0
232923.0,1.558,-0.7907,-0.7883,1.881,2.591,0.439,-47.816,37.478,-0.087,-80.172,76.212,-12.18,0.06473,0.12,-0.12,0.0,0.0,0.0,0.0,1.0
232931.0,1.5734,-0.8139,-0.7811,1.814,0.938,1.207,-45.05,39.105,-0.117,-80.144,76.182,-12.17,0.06562,0.12,-0.12,0.0,0.0,0.0,0.0,1.0
232938.0,1.579,-0.8475,-0.7539,1.705,-1.035,1.915,-43.986,38.538,-0.133,-80.115,76.152,-12.16,0.07937,0.07795,-0.09365,0.0,0.0,0.0,0.0,1.0
232946.0,1.5733,-0.8873,-0.7095,0.542,-2.683,3.035,-46.685,35.932,-0.122,-80.088,76.121,-12.151,0.07658,0.04213,-0.00853,0.0,0.0,0.0,0.0,1.0
232954.0,1.551,-0.9144,-0.6607,-0.892,-4.257,4.139,-48.222,34.519,-0.097,-80.062,76.088,-12.141,0.05852,0.01136,0.06501,0.0,0.0,0.0,0.0,1.0
232962.0,1.5365,-0.9444,-0.617,-1.986,-4.684,4.921,-45.388,35.437,-0.079,-80.035,76.055,-12.132,0.02914,-0.00728,0.07824,0.0,0.0,0.0,0.0,1.0
232970.0,1.5307,-0.9609,-0.5952,-2.097,-4.382,4.096,-42.508,37.972,-0.017,-80.006,76.024,-12.122,0.01665,0.0006,0.03899,0.0,0.0,0.0,0.0,1.0
232977.0,1.5348,-0.9701,-0.5903,-2.014,-3.689,2.368,-43.556,39.089,0.053,-79.976,75.994,-12.112,0.02092,0.03201,0.01257,0.0,0.0,0.0,0.0,1.0
232985.0,1.5524,-0.9705,-0.6076,-0.804,-2.377,0.48,-46.557,37.609,0.131,-79.949,75.964,-12.102,0.05811,0.06697,-0.0164,0.0,0.0,0.0,0.0,1.0
232993.0,1.5764,-0.9683,-0.6337,-0.23,-1.33,-1.67,-46.505,35.566,0.195,-79.922,75.932,-12.093,0.09552,0.09274,-0.06086,0.0,0.0,0.0,0.0,1.0
233001.0,1.5958,-0.9573,-0.6638,0.939,0.429,-2.589,-43.64,35.215,0.215,-79.894,75.9,-12.083,0.11629,0.113,-0.12,0.0,0.0,0.0,0.0,1.0
233008.0,1.6042,-0.9496,-0.6797,1.334,0.946,-2.762,-42.829,36.948,0.2,-79.864,75.868,-12.073,0.11191,0.12,-0.12,0.0,0.0,0.0,0.0,1.0
233016.0,1.5934,-0.941,-0.6773,1.738,1.628,-1.733,-45.667,38.474,0.151,-79.836,75.838,-12.063,0.09089,0.12,-0.12,0.0,0.0,0.0,0.0,1.0
233024.0,1.5715,-0.9328,-0.6634,1.255,1.697,-0.366,-47.576,37.681,0.071,-79.81,75.808,-12.053,0.06943,0.12,-0.09082,0.0,0.0,0.0,0.0,1.0
233032.0,1.5541,-0.931,-0.6478,1.453,1.977,0.952,-45.062,35.133,-0.021,-79.783,75.776,-12.044,0.0722,0.11831,-0.08021,0.0,0.0,0.0,0.0,1.0
233040.0,1.5403,-0.9312,-0.6337,0.904,1.646,1.832,-41.964,33.462,-0.098,-79.754,75.742,-12.034,0.06709,0.09255,-0.06837,0.0,0.0,0.0,0.0,1.0
233047.0,1.5451,-0.9379,-0.632,1.067,1.493,2.457,-43.055,34.42,-0.136,-79.724,75.709,-12.025,0.06028,0.08927,-0.05669,0.0,0.0,0.0,0.0,1.0
233055.0,1.5587,-0.9522,-0.6318,1.47,0.533,2.274,-46.343,36.89,-0.172,-79.696,75.677,-12.015,0.0633,0.08741,-0.04948,0.0,0.0,0.0,0.0,1.0
233063.0,1.5742,-0.9738,-0.6262,1.646,-0.406,1.767,-46.651,38.486,-0.163,-79.67,75.647,-12.006,0.07218,0.07467,-0.05813,0.0,0.0,0.0,0.0,1.0
233070.0,1.582,-0.9917,-0.6165,1.315,-0.75,1.597,-43.89,37.559,-0.168,-79.642,75.617,-11.996,0.07974,0.05609,-0.06483,0.0,0.0,0.0,0.0,1.0
233078.0,1.5884,-1.0184,-0.5969,0.189,-1.025,1.412,-43.085,35.517,-0.139,-79.613,75.585,-11.987,0.07852,0.04691,-0.04427,0.0,0.0,0.0,0.0,1.0
233086.0,1.5927,-1.0443,-0.576,-0.455,-1.161,1.452,-45.716,34.78,-0.105,-79.585,75.553,-11.977,0.07206,0.05115,-0.01138,0.0,0.0,0.0,0.0,1.0
233094.0,1.5801,-1.053,-0.5549,-2.116,-0.702,0.963,-47.174,36.118,-0.045,-79.559,75.521,-11.968,0.03242,0.08546,-0.00091,0.0,0.0,0.0,0.0,1.0
233102.0,1.5629,-1.0551,-0.5357,-2.583,0.004,-0.228,-44.513,37.792,0.02,-79.532,75.49,-11.958,0.01653,0.10652,-0.03673,0.0,0.0,0.0,0.0,1.0
233109.0,1.5516,-1.0514,-0.5279,-2.742,0.258,-1.697,-41.628,37.476,0.111,-79.502,75.46,-11.949,0.02559,0.11365,-0.07219,0.0,0.0,0.0,0.0,1.0
233117.0,1.555,-1.0465,-0.5362,-0.839,0.561,-4.326,-42.457,35.222,0.181,-79.472,75.429,-11.939,0.09293,0.12,-0.12,0.0,0.0,0.0,0.0,1.0
233125.0,1.5521,-1.0382,-0.5413,-0.573,0.021,-5.639,-45.369,33.421,0.193,-79.444,75.395,-11.929,0.12,0.12,-0.11261,0.0,0.0,0.0,0.0,1.0
233132.0,1.5466,-1.0244,-0.5493,-0.425,0.248,-6.013,-45.742,33.66,0.214,-79.417,75.362,-11.919,0.12,0.12,-0.12,0.0,0.0,0.0,0.0,1.0
233140.0,1.5302,-1.0053,-0.5515,-0.236,0.166,-6.438,-43.034,35.833,0.179,-79.389,75.33,-11.91,0.11685,0.12,-0.12,0.0,0.0,0.0,0.0,1.0
233148.0,1.5132,-0.981,-0.5581,0.613,-0.058,-6.745,-41.731,37.618,0.125,-79.359,75.299,-11.9,0.12,0.12,-0.12,0.0,0.0,0.0,0.0,1.0
233156.0,1.4971,-0.9451,-0.577,1.256,0.526,-7.973,-44.109,37.074,0.086,-79.33,75.269,-11.891,0.12,0.12,-0.12,0.0,0.0,0.0,0.0,1.0
233164.0,1.4831,-0.9062,-0.6008,1.485,1.327,-8.897,-46.544,35.042,0.03,-79.303,75.237,-11.881,0.12,0.12,-0.12,0.0,0.0,0.0,0.0,1.0
233171.0,1.4773,-0.867,-0.6333,2.334,2.01,-10.111,-44.877,33.842,-0.022,-79.276,75.204,-11.871,0.12,0.12,-0.12,0.0,0.0,0.0,0.0,1.0
233179.0,1.4898,-0.8447,-0.6674,3.041,2.446,-10.62,-41.561,34.748,-0.062,-79.247,75.172,-11.862,0.12,0.12,-0.12,0.0,0.0,0.0,0.0,1.0
233187.0,1.5129,-0.8283,-0.7065,3.406,2.736,-10.324,-41.522,36.558,-0.119,-79.216,75.14,-11.853,0.12,0.12,-0.12,0.0,0.0,0.0,0.0,1.0
233195.0,1.5471,-0.8307,-0.7384,4.279,2.559,-10.491,-44.612,37.125,-0.153,-79.188,75.11,-11.843,0.12,0.12,-0.12,0.0,0.0,0.0,0.0,1.0
233202.0,1.5827,-0.8287,-0.776,5.043,2.563,-10.308,-46.088,35.363,-0.178,-79.161,75.079,-11.834,0.12,0.12,-0.12,0.0,0.0,0.0,0.0,1.0
233210.0,1.6359,-0.8331,-0.8249,5.413,2.653,-10.556,-43.874,33.111,-0.172,-79.134,75.046,-11.825,0.12,0.12,-0.12,0.0,0.0,0.0,0.0,1.0
233218.0,1.6984,-0.829,-0.8913,5.59,3.602,-11.155,-41.998,32.303,-0.141,-79.104,75.011,-11.815,0.12,0.12,-0.12,0.0,0.0,0.0,0.0,1.0
233226.0,1.7634,-0.8212,-0.964,4.997,4.13,-11.83,-43.764,33.896,-0.116,-79.076,74.978,-11.806,0.12,0.12,-0.12,0.0,0.0,0.0,0.0,1.0
233233.0,1.8318,-0.7946,-1.0583,4.639,4.941,-12.917,-46.146,36.168,-0.06,-79.049,74.947,-11.797,0.12,0.12,-0.12,0.0,0.0,0.0,0.0,1.0
233241.0,1.9027,-0.7596,-1.1633,3.694,5.463,-14.292,-44.954,37.058,-0.002,-79.022,74.916,-11.787,0.12,0.12,-0.12,0.0,0.0,0.0,0.0,1.0
233249.0,1.9761,-0.7137,-1.2815,3.75,6.101,-15.726,-41.582,35.658,0.075,-78.993,74.885,-11.778,0.12,0.12,-0.12,0.0,0.0,0.0,0.0,1.0
233257.0,2.0487,-0.6593,-1.407,3.445,6.301,-16.995,-40.808,33.871,0.121,-78.962,74.853,-11.768,0.12,0.12,-0.12,0.0,0.0,0.0,0.0,1.0
233264.0,2.1157,-0.5944,-1.5373,3.335,6.815,-18.035,-43.209,33.438,0.153,-78.933,74.82,-11.759,0.12,0.12,-0.12,0.0,0.0,0.0,0.0,1.0
233272.0,2.1692,-0.5221,-1.6611,2.594,6.791,-18.749,-45.137,34.879,0.165,-78.906,74.787,-11.749,0.12,0.12,-0.12,0.0,0.0,0.0,0.0,1.0
233280.0,2.2137,-0.4462,-1.7796,2.359,6.77,-18.599,-43.501,36.366,0.137,-78.878,74.756,-11.74,0.12,0.12,-0.12,0.0,0.0,0.0,0.0,1.0
233288.0,2.2482,-0.3659,-1.8924,1.475,6.303,-19.15,-41.029,35.99,0.091,-78.848,74.726,-11.73,0.12,0.12,-0.12,0.0,0.0,0.0,0.0,1.0
233296.0,2.2858,-0.2845,-2.0091,0.713,6.65,-18.63,-41.62,33.878,0.049,-78.818,74.693,-11.721,0.12,0.12,-0.12,0.0,0.0,0.0,0.0,1.0
233303.0,2.3223,-0.2048,-2.1234,0.346,6.099,-18.664,-44.519,32.121,-0.012,-78.79,74.66,-11.711,0.12,0.12,-0.12,0.0,0.0,0.0,0.0,1.0
233311.0,2.3457,-0.1132,-2.2359,0.26,6.479,-19.062,-45.257,32.21,-0.024,-78.763,74.626,-11.702,0.12,0.12,-0.12,0.0,0.0,0.0,0.0,1.0
233319.0,2.3766,-0.026,-2.3518,0.262,6.065,-19.391,-42.344,34.087,-0.062,-78.735,74.593,-11.693,0.12,0.12,-0.12,0.0,0.0,0.0,0.0,1.0
233327.0,2.4241,0.0545,-2.4777,0.875,6.266,-20.312,-40.002,35.908,-0.081,-78.704,74.562,-11.683,0.12,0.12,-0.12,0.0,0.0,0.0,0.0,1.0
233334.0,2.4624,0.1372,-2.5966,0.886,6.024,-21.243,-41.455,35.993,-0.077,-78.674,74.531,-11.674,0.12,0.12,-0.12,0.0,0.0,0.0,0.0,1.0
233342.0,2.5015,0.2236,-2.7199,1.155,6.469,-21.746,-44.546,34.147,-0.071,-78.646,74.499,-11.665,0.12,0.12,-0.12,0.0,0.0,0.0,0.0,1.0
233350.0,2.5385,0.3085,-2.8395,0.716,6.149,-22.15,-44.58,32.671,-0.063,-78.619,74.466,-11.656,0.12,0.12,-0.12,0.0,0.0,0.0,0.0,1.0
233358.0,2.5782,0.4033,-2.9715,0.077,6.128,-21.912,-41.988,32.922,-0.057,-78.59,74.432,-11.646,0.12,0.12,-0.12,0.0,0.0,0.0,0.0,1.0
233366.0,2.6217,0.5056,-3.1146,-0.35,5.414,-20.56,-41.147,34.582,-0.07,-78.56,74.4,-11.637,0.12,0.12,-0.12,0.0,0.0,0.0,0.0,1.0
233373.0,2.6662,0.6111,-3.2619,-1.762,4.656,-19.341,-43.439,35.732,-0.061,-78.532,74.369,-11.628,0.12,0.12,-0.12,0.0,0.0,0.0,0.0,1.0
233381.0,2.7274,0.7322,-3.441,-2.634,2.409,-17.807,-45.19,35.026,-0.053,-78.505,74.338,-11.619,0.12,0.12,-0.12,0.0,0.0,0.0,0.0,1.0
233389.0,2.8045,0.85,-3.6329,-1.268,-0.775,-16.094,-43.186,32.839,-0.058,-78.477,74.305,-11.609,0.12,0.12,-0.12,0.0,0.0,0.0,0.0,1.0
233397.0,2.8646,0.9808,-3.8204,-0.055,-3.492,-14.696,-40.154,31.299,-0.026,-78.447,74.271,-11.6,0.12,0.12,-0.12,0.0,0.0,0.0,0.0,1.0
233405.0,2.9234,1.1239,-4.0186,1.051,-4.291,-13.63,-40.104,31.697,0.003,-78.416,74.237,-11.591,0.12,0.12,-0.12,0.0,0.0,0.0,0.0,1.0
233412.0,2.9602,1.2594,-4.1874,1.053,-4.008,-12.858,-42.666,33.749,0.038,-78.387,74.204,-11.582,0.12,0.12,-0.12,0.0,0.0,0.0,0.0,1.0
233420.0,2.9641,1.391,-4.3194,0.048,-2.071,-10.514,-44.056,35.531,0.038,-78.36,74.173,-11.572,0.12,0.12,-0.12,0.0,0.0,0.0,0.0,1.0
233428.0,2.9548,1.4859,-4.4025,-1.018,-1.158,-7.717,-42.064,35.51,0.026,-78.331,74.142,-11.563,0.12,0.12,-0.12,0.0,0.0,0.0,0.0,1.0
233436.0,2.9543,1.5325,-4.4474,-1.534,-1.258,-4.458,-39.87,33.737,-0.004,-78.301,74.11,-11.554,0.12,0.12,-0.12,0.0,0.0,0.0,0.0,1.0
233443.0,2.9682,1.5368,-4.4655,-1.158,-1.725,-1.301,-40.761,32.362,-0.036,-78.27,74.077,-11.544,0.12,0.12,-0.12,0.0,0.0,0.0,0.0,1.0
233451.0,3.0111,1.4954,-4.4681,-0.263,-2.401,0.701,-43.594,32.539,-0.048,-78.242,74.044,-11.535,0.12,0.12,-0.12,0.0,0.0,0.0,0.0,1.0
233459.0,3.0784,1.4257,-4.4675,1.375,-3.306,1.871,-44.225,34.098,-0.011,-78.215,74.011,-11.526,0.12,0.12,-0.12,0.0,0.0,0.0,0.0,1.0
233467.0,3.1598,1.3412,-4.4666,2.857,-3.016,2.426,-41.45,35.176,-0.0,-78.186,73.98,-11.517,0.12,0.12,-0.12,0.0,0.0,0.0,0.0,1.0
233475.0,3.2293,1.2627,-4.4596,3.324,-2.46,2.038,-39.101,34.448,0.065,-78.155,73.949,-11.508,0.12,0.12,-0.12,0.0,0.0,0.0,0.0,1.0
233482.0,3.2794,1.204,-4.4527,2.761,-0.611,2.338,-40.52,32.336,0.088,-78.125,73.916,-11.498,0.12,0.12,-0.12,0.0,0.0,0.0,0.0,1.0
233491.0,3.3012,1.1566,-4.4283,1.269,0.477,2.743,-43.408,30.9,0.088,-78.096,73.882,-11.489,0.12,0.12,-0.12,0.0,0.0,0.0,0.0,1.0
233498.0,3.3039,1.1235,-4.3988,-1.413,2.32,3.9,-43.581,31.184,0.072,-78.069,73.847,-11.48,0.12,0.12,-0.12,0.0,0.0,0.0,0.0,1.0
233506.0,3.2971,1.0909,-4.3602,-3.641,3.237,4.049,-41.088,33.002,0.058,-78.04,73.814,-11.471,0.12,0.12,-0.12,0.0,0.0,0.0,0.0,1.0
233514.0,3.2952,1.0549,-4.3233,-4.803,4.053,4.183,-39.983,34.602,0.063,-78.01,73.783,-11.461,0.12,0.12,-0.12,0.0,0.0,0.0,0.0,1.0
233521.0,3.2958,1.0166,-4.2865,-5.501,3.773,3.049,-41.922,34.617,0.059,-77.98,73.752,-11.452,0.12,0.12,-0.12,0.0,0.0,0.0,0.0,1.0
233529.0,3.3006,0.9723,-4.2483,-5.789,3.214,2.416,-43.947,32.942,0.056,-77.953,73.719,-11.443,0.12,0.12,-0.12,0.0,0.0,0.0,0.0,1.0
233537.0,3.2931,0.9266,-4.1962,-5.964,2.115,2.106,-42.725,31.534,0.027,-77.925,73.686,-11.434,0.12,0.12,-0.12,0.0,0.0,0.0,0.0,1.0
233545.0,3.266,0.8942,-4.1375,-6.601,1.828,2.607,-39.574,31.489,-0.001,-77.895,73.652,-11.425,0.12,0.12,-0.12,0.0,0.0,0.0,0.0,1.0
233552.0,3.2178,0.8852,-4.0806,-6.75,1.382,3.203,-38.688,32.958,-0.047,-77.864,73.619,-11.416,0.12,0.12,-0.12,0.0,0.0,0.0,0.0,1.0
233560.0,3.1505,0.9047,-4.0323,-7.133,2.005,3.914,-40.653,34.284,-0.08,-77.833,73.587,-11.406,0.12,0.12,-0.12,0.0,0.0,0.0,0.0,1.0
233568.0,3.0729,0.9519,-4.0006,-7.578,2.603,4.078,-42.827,34.018,-0.114,-77.805,73.556,-11.397,0.12,0.12,-0.12,0.0,0.0,0.0,0.0,1.0
233576.0,2.9772,1.0263,-3.9773,-7.632,4.05,4.481,-41.953,32.111,-0.103,-77.777,73.523,-11.388,0.12,0.12,-0.12,0.0,0.0,0.0,0.0,1.0
233583.0,2.8772,1.1168,-3.9655,-7.513,4.716,4.964,-39.454,30.328,-0.083,-77.747,73.489,-11.379,0.12,0.12,-0.12,0.0,0.0,0.0,0.0,1.0
233591.0,2.7665,1.2252,-3.9603,-6.679,5.847,5.219,-38.914,29.805,-0.072,-77.716,73.454,-11.37,0.12,0.12,-0.12,0.0,0.0,0.0,0.0,1.0
233599.0,2.6721,1.3122,-3.9506,-6.246,5.957,5.838,-41.238,31.208,-0.04,-77.686,73.42,-11.361,0.12,0.12,-0.12,0.0,0.0,0.0,0.0,1.0
233607.0,2.581,1.397,-3.9421,-5.529,6.323,6.023,-43.307,33.17,-0.022,-77.658,73.387,-11.352,0.09944,0.12,-0.12,0.0,0.0,0.0,0.0,1.0
233614.0,2.5021,1.46,-3.9246,-5.365,5.26,6.076,-41.887,34.264,0.022,-77.63,73.356,-11.343,0.08853,0.12,-0.12,0.0,0.0,0.0,0.0,1.0
233622.0,2.4376,1.5049,-3.9038,-5.555,4.603,5.759,-38.925,33.382,0.048,-77.599,73.324,-11.334,0.08736,0.12,-0.12,0.0,0.0,0.0,0.0,1.0
233630.0,2.3865,1.5198,-3.867,-5.379,3.018,5.901,-38.142,31.777,0.077,-77.568,73.291,-11.325,0.10211,0.12,-0.12,0.0,0.0,0.0,0.0,1.0
233638.0,2.3442,1.5214,-3.8264,-5.418,2.196,5.598,-40.577,30.869,0.093,-77.538,73.258,-11.316,0.1067,0.12,-0.12,0.0,0.0,0.0,0.0,1.0
233645.0,2.3009,1.5058,-3.7679,-5.661,0.799,5.76,-42.748,31.513,0.094,-77.51,73.224,-11.307,0.09902,0.12,-0.12,0.0,0.0,0.0,0.0,1.0
233653.0,2.2559,1.4949,-3.7122,-5.873,0.801,5.334,-41.779,33.007,0.101,-77.481,73.191,-11.298,0.08134,0.12,-0.12,0.0,0.0,0.0,0.0,1.0
233661.0,2.2034,1.4818,-3.647,-6.886,0.847,4.61,-39.406,33.736,0.098,-77.451,73.16,-11.288,0.0563,0.12,-0.12,0.0,0.0,0.0,0.0,1.0
233668.0,2.1523,1.4706,-3.5849,-7.842,1.282,3.756,-39.182,32.894,0.076,-77.421,73.128,-11.279,0.03889,0.12,-0.12,0.0,0.0,0.0,0.0,1.0
233676.0,2.0967,1.4534,-3.5126,-8.833,1.68,2.87,-41.374,30.953,0.057,-77.391,73.095,-11.27,0.02598,0.12,-0.12,0.0,0.0,0.0,0.0,1.0
233684.0,2.039,1.4346,-3.4365,-9.851,1.611,1.948,-42.916,29.614,0.016,-77.364,73.06,-11.261,0.0133,0.12,-0.12,0.0,0.0,0.0,0.0,1.0
233692.0,1.983,1.4151,-3.3615,-10.209,1.873,0.67,-41.005,29.794,0.005,-77.335,73.025,-11.252,0.00503,0.12,-0.12,0.0,0.0,0.0,0.0,1.0
233700.0,1.9232,1.3938,-3.2811,-10.513,1.022,-1.03,-38.196,31.496,-0.022,-77.304,72.992,-11.243,0.00157,0.12,-0.12,0.0,0.0,0.0,0.0,1.0
233708.0,1.8609,1.3806,-3.2058,-10.769,1.459,-1.529,-37.762,33.078,-0.048,-77.273,72.96,-11.234,-0.02385,0.12,-0.12,0.0,0.0,0.0,0.0,1.0
233715.0,1.7989,1.3736,-3.1371,-10.914,0.829,-2.233,-39.875,33.39,-0.056,-77.242,72.928,-11.225,-0.0298,0.12,-0.12,0.0,0.0,0.0,0.0,1.0
233723.0,1.7272,1.3963,-3.0874,-11.234,1.415,-3.452,-41.71,31.929,-0.053,-77.214,72.896,-11.216,-0.03545,0.12,-0.12,0.0,0.0,0.0,0.0,1.0
233731.0,1.6615,1.4246,-3.0493,-11.415,1.098,-4.539,-40.694,30.444,-0.05,-77.185,72.862,-11.208,-0.03019,0.12,-0.12,0.0,0.0,0.0,0.0,1.0
233739.0,1.5869,1.4852,-3.0336,-11.389,1.712,-5.392,-38.301,30.017,-0.03,-77.154,72.828,-11.199,-0.03908,0.12,-0.12,0.0,0.0,0.0,0.0,1.0
233746.0,1.5239,1.5502,-3.0339,-11.706,1.414,-6.468,-37.821,31.072,-0.024,-77.123,72.794,-11.19,-0.05111,0.12,-0.12,0.0,0.0,0.0,0.0,1.0
233754.0,1.4534,1.6469,-3.0576,-11.714,2.169,-7.532,-40.027,32.476,-0.01,-77.092,72.761,-11.181,-0.07098,0.12,-0.12,0.0,0.0,0.0,0.0,1.0
233762.0,1.3928,1.7381,-3.0858,-11.89,2.315,-8.772,-42.035,32.913,0.009,-77.064,72.73,-11.172,-0.07889,0.12,-0.12,0.0,0.0,0.0,0.0,1.0
233770.0,1.323,1.8516,-3.1265,-12.21,2.737,-9.825,-40.941,31.714,0.037,-77.036,72.697,-11.163,-0.08514,0.12,-0.12,0.0,0.0,0.0,0.0,1.0
233777.0,1.2601,1.9474,-3.1569,-12.374,3.021,-10.58,-38.015,29.702,0.036,-77.005,72.663,-11.154,-0.08395,0.12,-0.12,0.0,0.0,0.0,0.0,1.0
233785.0,1.2008,2.0363,-3.1842,-12.174,2.896,-11.395,-36.929,28.568,0.024,-76.973,72.628,-11.145,-0.0771,0.12,-0.12,0.0,0.0,0.0,0.0,1.0
233793.0,1.1474,2.1122,-3.2047,-12.032,2.882,-11.84,-38.914,29.022,0.02,-76.942,72.593,-11.136,-0.08409,0.12,-0.12,0.0,0.0,0.0,0.0,1.0
233801.0,1.0969,2.1684,-3.209,-11.73,1.34,-12.081,-41.403,30.777,-0.005,-76.913,72.559,-11.127,-0.08437,0.12,-0.12,0.0,0.0,0.0,0.0,1.0
233808.0,1.051,2.2118,-3.2053,-11.046,-0.099,-11.96,-41.053,32.333,-0.01,-76.885,72.527,-11.118,-0.08043,0.12,-0.12,0.0,0.0,0.0,0.0,1.0
233816.0,1.0066,2.2516,-3.1997,-10.823,-1.668,-11.884,-38.793,32.84,-0.04,-76.855,72.495,-11.109,-0.07585,0.12,-0.12,0.0,0.0,0.0,0.0,1.0
233824.0,0.9555,2.2997,-3.1953,-10.065,-2.706,-11.71,-37.849,31.586,-0.047,-76.824,72.463,-11.1,-0.05851,0.12,-0.12,0.0,0.0,0.0,0.0,1.0
233832.0,0.9026,2.3554,-3.1966,-9.915,-3.953,-12.093,-39.622,30.174,-0.057,-76.793,72.429,-11.092,-0.04452,0.12,-0.12,0.0,0.0,0.0,0.0,1.0
233840.0,0.851,2.4347,-3.2224,-9.436,-4.136,-12.283,-41.613,29.605,-0.051,-76.765,72.395,-11.083,-0.04074,0.12,-0.12,0.0,0.0,0.0,0.0,1.0
233847.0,0.801,2.5133,-3.2488,-8.848,-5.474,-12.591,-40.843,30.533,-0.033,-76.737,72.361,-11.074,-0.03237,0.12,-0.12,0.0,0.0,0.0,0.0,1.0
233855.0,0.7563,2.6085,-3.2969,-8.156,-5.512,-13.245,-38.033,31.863,-0.015,-76.706,72.329,-11.065,-0.0306,0.12,-0.12,0.0,0.0,0.0,0.0,1.0
233863.0,0.7202,2.7016,-3.3514,-7.775,-6.273,-13.5,-36.596,32.425,-0.001,-76.674,72.297,-11.056,-0.02554,0.12,-0.12,0.0,0.0,0.0,0.0,1.0
233871.0,0.6915,2.7937,-3.4124,-7.536,-6.501,-13.827,-37.921,31.362,0.006,-76.643,72.264,-11.047,-0.01642,0.12,-0.12,0.0,0.0,0.0,0.0,1.0
233879.0,0.6805,2.8654,-3.4712,-6.742,-7.368,-13.755,-40.256,29.479,0.003,-76.613,72.23,-11.039,0.01181,0.12,-0.12,0.0,0.0,0.0,0.0,1.0
233887.0,0.6783,2.9283,-3.5303,-6.287,-7.974,-14.026,-40.442,28.424,0.026,-76.584,72.196,-11.03,0.03309,0.12,-0.12,0.0,0.0,0.0,0.0,1.0
233894.0,0.6969,2.9606,-3.5803,-5.733,-8.823,-13.414,-38.323,28.664,0.021,-76.554,72.161,-11.021,0.04779,0.12,-0.12,0.0,0.0,0.0,0.0,1.0
233902.0,0.7274,2.9724,-3.6223,-5.014,-10.067,-12.677,-36.729,30.224,0.012,-76.523,72.127,-11.012,0.06168,0.12,-0.12,0.0,0.0,0.0,0.0,1.0
233910.0,0.7666,2.976,-3.6651,-4.127,-10.229,-12.239,-37.765,31.753,0.003,-76.491,72.094,-11.003,0.0725,0.12,-0.12,0.0,0.0,0.0,0.0,1.0
233917.0,0.8206,2.9512,-3.6949,-3.397,-11.994,-11.415,-40.245,32.205,0.003,-76.462,72.062,-10.995,0.09953,0.12,-0.12,0.0,0.0,0.0,0.0,1.0
233925.0,0.8691,2.9313,-3.724,-2.987,-11.683,-10.762,-40.994,31.017,-0.007,-76.434,72.03,-10.986,0.11473,0.12,-0.12,0.0,0.0,0.0,0.0,1.0
233933.0,0.9254,2.8953,-3.7452,-2.644,-12.505,-9.859,-38.761,29.529,-0.017,-76.404,71.996,-10.977,0.12,0.12,-0.12,0.0,0.0,0.0,0.0,1.0
233941.0,0.9779,2.8604,-3.7639,-2.445,-12.751,-9.071,-36.348,28.871,-0.016,-76.372,71.962,-10.968,0.12,0.12,-0.12,0.0,0.0,0.0,0.0,1.0
233949.0,1.0387,2.8183,-3.7836,-2.266,-13.395,-8.078,-36.547,29.553,-0.02,-76.34,71.928,-10.959,0.12,0.12,-0.12,0.0,0.0,0.0,0.0,1.0
233956.0,1.0946,2.7801,-3.8023,-1.08,-14.138,-7.358,-39.01,30.951,-0.01,-76.31,71.895,-10.951,0.12,0.12,-0.12,0.0,0.0,0.0,0.0,1.0
233964.0,1.1457,2.7419,-3.8163,-0.266,-14.214,-6.403,-40.654,31.743,-0.001,-76.281,71.862,-10.942,0.12,0.12,-0.12,0.0,0.0,0.0,0.0,1.0
233972.0,1.1923,2.7088,-3.8306,0.578,-14.738,-5.984,-39.49,31.198,0.011,-76.252,71.83,-10.933,0.12,0.12,-0.12,0.0,0.0,0.0,0.0,1.0
233979.0,1.233,2.6765,-3.8398,1.302,-14.064,-5.057,-37.37,29.397,0.009,-76.222,71.796,-10.924,0.12,0.12,-0.12,0.0,0.0,0.0,0.0,1.0
233987.0,1.27,2.639,-3.8404,1.923,-13.867,-4.605,-37.232,27.95,0.005,-76.19,71.762,-10.916,0.12,0.12,-0.12,0.0,0.0,0.0,0.0,1.0
233995.0,1.2982,2.6034,-3.8339,2.481,-13.058,-3.542,-39.223,27.469,0.003,-76.16,71.726,-10.907,0.12,0.12,-0.12,0.0,0.0,0.0,0.0,1.0
234003.0,1.3336,2.5496,-3.8169,2.298,-13.094,-2.371,-40.787,28.634,-0.004,-76.132,71.692,-10.898,0.12,0.12,-0.12,0.0,0.0,0.0,0.0,1.0
234010.0,1.3666,2.4945,-3.7963,2.611,-12.533,-1.553,-39.503,30.315,0.0,-76.103,71.658,-10.89,0.12,0.12,-0.12,0.0,0.0,0.0,0.0,1.0
234018.0,1.4121,2.406,-3.7556,2.975,-12.519,-0.24,-36.742,31.488,-0.017,-76.072,71.626,-10.881,0.12,0.12,-0.12,0.0,0.0,0.0,0.0,1.0
234026.0,1.4675,2.3157,-3.723,3.62,-12.232,0.309,-35.755,31.234,-0.026,-76.04,71.594,-10.872,0.12,0.12,-0.12,0.0,0.0,0.0,0.0,1.0
234034.0,1.539,2.2069,-3.6887,4.4,-11.746,0.628,-37.195,29.808,-0.021,-76.008,71.561,-10.864,0.12,0.12,-0.12,0.0,0.0,0.0,0.0,1.0
234042.0,1.6187,2.0989,-3.6632,4.894,-11.396,0.207,-39.369,28.62,0.011,-75.979,71.526,-10.855,0.12,0.12,-0.12,0.0,0.0,0.0,0.0,1.0
234049.0,1.7,1.9841,-3.6326,5.453,-9.673,0.04,-39.544,28.341,0.034,-75.95,71.492,-10.846,0.12,0.12,-0.12,0.0,0.0,0.0,0.0,1.0
234057.0,1.7905,1.8623,-3.6046,5.329,-8.733,-0.564,-37.53,29.367,0.047,-75.919,71.458,-10.837,0.12,0.12,-0.12,0.0,0.0,0.0,0.0,1.0
234065.0,1.8657,1.7574,-3.5776,5.011,-7.02,-1.43,-35.872,30.445,0.059,-75.888,71.425,-10.829,0.12,0.12,-0.12,0.0,0.0,0.0,0.0,1.0
234073.0,1.9432,1.6459,-3.5465,4.643,-5.802,-1.752,-36.733,30.836,0.059,-75.856,71.392,-10.82,0.12,0.12,-0.12,0.0,0.0,0.0,0.0,1.0
234080.0,2.0143,1.541,-3.5154,4.175,-4.146,-2.412,-39.075,29.873,0.053,-75.826,71.36,-10.811,0.12,0.12,-0.12,0.0,0.0,0.0,0.0,1.0
234088.0,2.0837,1.4426,-3.4891,3.517,-2.951,-2.842,-40.017,28.134,0.033,-75.797,71.325,-10.803,0.12,0.12,-0.12,0.0,0.0,0.0,0.0,1.0
234096.0,2.1493,1.3559,-3.4703,3.457,-2.4,-3.227,-38.116,26.983,0.015,-75.768,71.29,-10.794,0.12,0.12,-0.12,0.0,0.0,0.0,0.0,1.0
234104.0,2.2057,1.2894,-3.4619,3.211,-1.29,-4.091,-35.678,26.964,0.022,-75.736,71.255,-10.785,0.12,0.12,-0.12,0.0,0.0,0.0,0.0,1.0
234111.0,2.2593,1.2324,-3.4599,3.264,-0.804,-4.63,-35.303,28.194,-0.014,-75.704,71.22,-10.777,0.12,0.12,-0.12,0.0,0.0,0.0,0.0,1.0
234119.0,2.2942,1.2124,-3.4755,2.816,0.453,-5.439,-37.367,29.688,-0.018,-75.673,71.186,-10.768,0.12,0.12,-0.12,0.0,0.0,0.0,0.0,1.0
234127.0,2.3231,1.1929,-3.4854,2.705,0.015,-5.524,-39.441,30.484,-0.031,-75.643,71.154,-10.76,0.12,0.12,-0.12,0.0,0.0,0.0,0.0,1.0
234135.0,2.3333,1.2035,-3.5059,2.489,0.693,-5.88,-38.901,29.843,-0.032,-75.614,71.121,-10.751,0.12,0.12,-0.12,0.0,0.0,0.0,0.0,1.0
234142.0,2.3358,1.221,-3.5255,2.257,1.086,-5.831,-36.803,28.435,-0.042,-75.584,71.087,-10.742,0.12,0.12,-0.12,0.0,0.0,0.0,0.0,1.0
234150.0,2.342,1.2475,-3.5575,2.378,0.632,-6.026,-35.883,27.392,-0.058,-75.552,71.052,-10.734,0.12,0.12,-0.12,0.0,0.0,0.0,0.0,1.0
234158.0,2.3395,1.2884,-3.5947,2.181,1.71,-6.591,-37.32,27.254,-0.03,-75.521,71.017,-10.725,0.12,0.12,-0.12,0.0,0.0,0.0,0.0,1.0
234166.0,2.3509,1.3202,-3.6371,2.445,0.897,-6.887,-39.314,28.303,-0.028,-75.492,70.983,-10.717,0.12,0.12,-0.12,0.0,0.0,0.0,0.0,1.0
234173.0,2.3566,1.3682,-3.6895,2.938,1.497,-7.241,-39.203,29.423,-0.009,-75.463,70.949,-10.708,0.12,0.12,-0.12,0.0,0.0,0.0,0.0,1.0
234181.0,2.383,1.4063,-3.7531,2.626,1.338,-7.404,-36.781,29.878,-0.007,-75.432,70.917,-10.7,0.12,0.12,-0.12,0.0,0.0,0.0,0.0,1.0
234189.0,2.4103,1.4501,-3.8231,2.277,2.162,-7.88,-34.813,29.039,0.0,-75.4,70.883,-10.691,0.12,0.12,-0.12,0.0,0.0,0.0,0.0,1.0
234197.0,2.4563,1.4905,-3.9085,1.887,3.036,-8.047,-35.125,27.335,0.022,-75.368,70.849,-10.682,0.12,0.12,-0.12,0.0,0.0,0.0,0.0,1.0
234205.0,2.5073,1.5262,-3.9942,1.891,3.338,-8.352,-37.196,26.156,0.032,-75.337,70.813,-10.674,0.12,0.12,-0.12,0.0,0.0,0.0,0.0,1.0
234213.0,2.5631,1.5652,-4.088,1.708,4.483,-8.679,-38.55,25.815,0.039,-75.307,70.777,-10.665,0.12,0.12,-0.12,0.0,0.0,0.0,0.0,1.0
234220.0,2.629,1.5853,-4.1735,1.829,4.327,-8.749,-37.489,26.877,0.02,-75.277,70.742,-10.657,0.12,0.12,-0.12,0.0,0.0,0.0,0.0,1.0
234228.0,2.6838,1.6129,-4.2552,1.874,4.559,-8.604,-35.427,28.382,0.005,-75.246,70.708,-10.648,0.12,0.12,-0.12,0.0,0.0,0.0,0.0,1.0
234236.0,2.7436,1.6169,-4.3188,1.722,4.587,-8.055,-34.817,29.478,-0.014,-75.214,70.675,-10.64,0.12,0.12,-0.12,0.0,0.0,0.0,0.0,1.0
234244.0,2.7782,1.6367,-4.3727,1.29,3.929,-7.071,-36.443,29.497,-0.029,-75.182,70.642,-10.631,0.12,0.12,-0.12,0.0,0.0,0.0,0.0,1.0
234251.0,2.8015,1.6554,-4.4142,0.762,4.667,-6.329,-38.488,28.304,-0.048,-75.153,70.608,-10.623,0.12,0.12,-0.12,0.0,0.0,0.0,0.0,1.0
234259.0,2.8104,1.6835,-4.4506,0.179,4.344,-5.529,-38.47,27.144,-0.043,-75.123,70.574,-10.614,0.12,0.12,-0.12,0.0,0.0,0.0,0.0,1.0
234267.0,2.8034,1.729,-4.4878,0.018,5.093,-4.953,-36.215,26.549,-0.042,-75.093,70.539,-10.606,0.12,0.12,-0.12,0.0,0.0,0.0,0.0,1.0
234275.0,2.7943,1.7712,-4.5199,0.139,4.25,-4.76,-34.139,27.021,-0.029,-75.06,70.504,-10.597,0.12,0.12,-0.12,0.0,0.0,0.0,0.0,1.0
234282.0,2.7817,1.8255,-4.5601,0.656,3.969,-4.785,-34.489,28.191,-0.007,-75.028,70.47,-10.589,0.12,0.12,-0.12,0.0,0.0,0.0,0.0,1.0
234290.0,2.7631,1.8848,-4.5993,1.532,3.74,-4.587,-36.672,28.995,0.023,-74.997,70.436,-10.581,0.12,0.12,-0.12,0.0,0.0,0.0,0.0,1.0
234298.0,2.7406,1.9467,-4.6371,2.682,2.352,-4.772,-38.313,28.868,0.038,-74.967,70.403,-10.572,0.12,0.12,-0.12,0.0,0.0,0.0,0.0,1.0
234306.0,2.7119,2.0253,-4.6849,4.073,2.059,-4.815,-37.51,27.585,0.035,-74.937,70.369,-10.564,0.12,0.12,-0.12,0.0,0.0,0.0,0.0,1.0
234314.0,2.688,2.079,-4.7133,5.033,0.522,-4.027,-35.559,26.177,0.028,-74.906,70.334,-10.555,0.12,0.12,-0.12,0.0,0.0,0.0,0.0,1.0
234321.0,2.6712,2.1474,-4.7632,5.838,-0.662,-3.755,-34.883,25.444,0.019,-74.874,70.298,-10.547,0.12,0.12,-0.12,0.0,0.0,0.0,0.0,1.0
234329.0,2.6519,2.2178,-4.8124,6.566,-1.301,-2.682,-36.329,25.598,0.004,-74.843,70.263,-10.538,0.12,0.12,-0.12,0.0,0.0,0.0,0.0,1.0
234337.0,2.6585,2.261,-4.861,7.961,-3.259,-1.803,-38.218,26.883,0.001,-74.813,70.228,-10.53,0.12,0.12,-0.12,0.0,0.0,0.0,0.0,1.0
234345.0,2.6691,2.3089,-4.9182,9.104,-3.252,-1.897,-38.123,28.19,0.001,-74.784,70.194,-10.521,0.12,0.12,-0.12,0.0,0.0,0.0,0.0,1.0
234352.0,2.7145,2.3289,-4.9832,10.61,-4.225,-2.537,-35.919,28.888,0.003,-74.754,70.16,-10.513,0.12,0.12,-0.12,0.0,0.0,0.0,0.0,1.0
234360.0,2.7683,2.3326,-5.0407,11.915,-4.167,-3.266,-33.943,28.353,0.023,-74.721,70.127,-10.504,0.12,0.12,-0.12,0.0,0.0,0.0,0.0,1.0
234368.0,2.8397,2.3088,-5.0888,12.227,-4.374,-3.476,-34.05,27.073,0.031,-74.689,70.093,-10.496,0.12,0.12,-0.12,0.0,0.0,0.0,0.0,1.0
234376.0,2.9169,2.2541,-5.1127,12.357,-5.089,-3.843,-35.938,26.064,0.021,-74.657,70.058,-10.488,0.12,0.12,-0.12,0.0,0.0,0.0,0.0,1.0
234383.0,3.0028,2.1734,-5.1201,12.495,-4.71,-3.198,-37.565,25.751,0.009,-74.627,70.023,-10.479,0.12,0.12,-0.12,0.0,0.0,0.0,0.0,1.0
234392.0,3.1075,2.0571,-5.1116,12.295,-5.835,-2.929,-36.827,26.581,-0.012,-74.598,69.988,-10.471,0.12,0.12,-0.12,0.0,0.0,0.0,0.0,1.0
234399.0,3.2053,1.9551,-5.1101,12.041,-5.311,-3.516,-34.863,27.682,-0.016,-74.566,69.954,-10.463,0.12,0.12,-0.12,0.0,0.0,0.0,0.0,1.0
234407.0,3.3273,1.8224,-5.1028,11.58,-5.218,-4.097,-33.8,28.314,0.004,-74.534,69.92,-10.454,0.12,0.12,-0.12,0.0,0.0,0.0,0.0,1.0
234415.0,3.4443,1.702,-5.1026,11.501,-5.091,-4.991,-34.909,27.991,0.018,-74.502,69.887,-10.446,0.12,0.12,-0.12,0.0,0.0,0.0,0.0,1.0
234423.0,3.5588,1.6055,-5.1232,11.441,-3.546,-6.369,-37.021,26.561,0.031,-74.471,69.853,-10.437,0.12,0.12,-0.12,0.0,0.0,0.0,0.0,1.0
234430.0,3.6796,1.4945,-5.1359,11.158,-3.087,-7.707,-37.781,25.238,0.062,-74.442,69.817,-10.429,0.12,0.12,-0.12,0.0,0.0,0.0,0.0,1.0
234438.0,3.7993,1.4091,-5.1724,10.81,-1.247,-10.255,-36.065,24.386,0.069,-74.412,69.781,-10.421,0.12,0.12,-0.12,0.0,0.0,0.0,0.0,1.0
234446.0,3.9111,1.3379,-5.2148,9.397,-0.084,-12.013,-33.768,24.611,0.071,-74.38,69.745,-10.412,0.12,0.12,-0.12,0.0,0.0,0.0,0.0,1.0
234453.0,4.014,1.2759,-5.2574,8.529,1.046,-13.543,-33.051,25.825,0.06,-74.347,69.709,-10.404,0.12,0.12,-0.12,0.0,0.0,0.0,0.0,1.0
234461.0,4.1095,1.2409,-5.3189,7.843,2.812,-15.045,-34.644,27.069,0.028,-74.314,69.675,-10.396,0.12,0.12,-0.12,0.0,0.0,0.0,0.0,1.0
234469.0,4.1987,1.2142,-5.3821,7.089,3.142,-15.995,-36.739,27.879,0.012,-74.284,69.641,-10.387,0.12,0.12,-0.12,0.0,0.0,0.0,0.0,1.0
234477.0,4.2739,1.2239,-5.4668,6.567,3.844,-17.442,-37.052,27.668,-0.02,-74.254,69.608,-10.379,0.12,0.12,-0.12,0.0,0.0,0.0,0.0,1.0
234485.0,4.3443,1.2475,-5.5602,5.831,4.274,-18.299,-35.394,26.499,-0.051,-74.224,69.574,-10.371,0.12,0.12,-0.12,0.0,0.0,0.0,0.0,1.0
234492.0,4.4145,1.2768,-5.6589,5.658,3.421,-18.542,-33.804,25.539,-0.073,-74.192,69.539,-10.362,0.12,0.12,-0.12,0.0,0.0,0.0,0.0,1.0
234500.0,4.4754,1.345,-5.7862,5.517,3.153,-18.555,-34.167,25.011,-0.107,-74.159,69.503,-10.354,0.12,0.12,-0.12,0.0,0.0,0.0,0.0,1.0
234508.0,4.5185,1.4421,-5.9239,5.041,2.027,-18.222,-35.935,25.385,-0.132,-74.128,69.468,-10.346,0.12,0.12,-0.12,0.0,0.0,0.0,0.0,1.0
234515.0,4.5651,1.5548,-6.0803,4.75,0.691,-17.76,-37.173,26.443,-0.134,-74.099,69.433,-10.338,0.12,0.12,-0.12,0.0,0.0,0.0,0.0,1.0
234523.0,4.6095,1.6819,-6.2484,3.239,1.164,-16.617,-36.241,27.154,-0.15,-74.069,69.399,-10.33,0.12,0.12,-0.12,0.0,0.0,0.0,0.0,1.0
234531.0,4.662,1.8062,-6.422,1.873,1.189,-15.489,-33.92,27.319,-0.128,-74.037,69.366,-10.322,0.12,0.12,-0.12,0.0,0.0,0.0,0.0,1.0
234539.0,4.72,1.9341,-6.6046,-0.364,2.725,-15.529,-32.506,26.429,-0.117,-74.004,69.332,-10.313,0.12,0.12,-0.12,0.0,0.0,0.0,0.0,1.0
234547.0,4.8012,2.0371,-6.7861,-0.735,3.111,-15.332,-33.042,25.012,-0.051,-73.971,69.297,-10.305,0.12,0.12,-0.12,0.0,0.0,0.0,0.0,1.0
234554.0,4.8986,2.1022,-6.947,-0.849,1.85,-15.223,-34.854,24.085,-0.014,-73.94,69.261,-10.297,0.12,0.12,-0.12,0.0,0.0,0.0,0.0,1.0
234562.0,4.9968,2.145,-7.0869,-0.637,0.982,-13.509,-36.103,23.799,0.026,-73.909,69.224,-10.289,0.12,0.12,-0.12,0.0,0.0,0.0,0.0,1.0
234570.0,5.0944,2.15,-7.1893,-0.785,-1.45,-10.505,-35.345,24.442,0.022,-73.879,69.188,-10.281,0.12,0.12,-0.12,0.0,0.0,0.0,0.0,1.0
234578.0,5.1623,2.1594,-7.2665,-1.862,-2.878,-7.364,-33.493,25.709,0.014,-73.847,69.153,-10.272,0.12,0.12,-0.12,0.0,0.0,0.0,0.0,1.0
234585.0,5.2104,2.1766,-7.3313,-3.648,-2.592,-4.065,-32.401,26.711,0.01,-73.814,69.119,-10.264,0.12,0.12,-0.12,0.0,0.0,0.0,0.0,1.0
234593.0,5.2391,2.1969,-7.3798,-5.269,-2.596,-1.488,-33.237,27.1,0.034,-73.781,69.085,-10.256,0.12,0.12,-0.12,0.0,0.0,0.0,0.0,1.0
234601.0,5.2421,2.2496,-7.4341,-7.189,-0.894,-0.318,-35.174,26.351,0.056,-73.75,69.051,-10.248,0.12,0.12,-0.12,0.0,0.0,0.0,0.0,1.0
234609.0,5.2314,2.307,-7.4793,-8.438,0.933,1.323,-36.257,25.176,0.075,-73.72,69.017,-10.239,0.12,0.12,-0.12,0.0,0.0,0.0,0.0,1.0
234617.0,5.2153,2.3665,-7.5211,-9.018,1.547,1.925,-34.959,24.307,0.1,-73.689,68.981,-10.231,0.12,0.12,-0.12,0.0,0.0,0.0,0.0,1.0
234624.0,5.1913,2.4131,-7.5425,-9.293,2.805,3.691,-32.758,24.016,0.103,-73.657,68.945,-10.223,0.12,0.12,-0.12,0.0,0.0,0.0,0.0,1.0
234632.0,5.1686,2.4188,-7.5253,-9.647,2.054,5.959,-31.545,24.617,0.062,-73.623,68.91,-10.215,0.12,0.12,-0.12,0.0,0.0,0.0,0.0,1.0
234640.0,5.1207,2.4175,-7.4762,-9.724,1.051,9.789,-32.489,25.662,0.029,-73.59,68.875,-10.206,0.12,0.12,-0.12,0.0,0.0,0.0,0.0,1.0
234647.0,5.0619,2.4057,-7.4059,-9.849,0.651,12.324,-34.475,26.311,-0.011,-73.558,68.841,-10.198,0.12,0.12,-0.12,0.0,0.0,0.0,0.0,1.0
234655.0,4.9917,2.3832,-7.3138,-10.101,0.136,14.572,-35.642,26.348,-0.045,-73.528,68.807,-10.19,0.12,0.12,-0.12,0.0,0.0,0.0,0.0,1.0
234663.0,4.9082,2.3779,-7.2251,-10.283,1.29,15.292,-34.832,25.431,-0.048,-73.497,68.772,-10.182,0.12,0.12,-0.12,0.0,0.0,0.0,0.0,1.0
234671.0,4.8054,2.3765,-7.1209,-10.324,2.213,15.783,-32.998,24.033,-0.024,-73.465,68.737,-10.174,0.12,0.12,-0.12,0.0,0.0,0.0,0.0,1.0
234678.0,4.701,2.3846,-7.0244,-10.07,2.203,15.857,-32.267,23.129,-0.01,-73.432,68.7,-10.166,0.12,0.12,-0.12,0.0,0.0,0.0,0.0,1.0
234686.0,4.5759,2.4151,-6.929,-9.979,3.288,16.16,-33.335,22.673,-0.004,-73.4,68.664,-10.158,0.12,0.12,-0.12,0.0,0.0,0.0,0.0,1.0
234694.0,4.4513,2.4236,-6.8125,-9.487,2.808,16.887,-35.107,23.3,0.016,-73.369,68.627,-10.149,0.12,0.12,-0.12,0.0,0.0,0.0,0.0,1.0
234702.0,4.315,2.4402,-6.6924,-8.983,2.57,17.253,-35.674,24.492,0.011,-73.339,68.592,-10.141,0.12,0.12,-0.12,0.0,0.0,0.0,0.0,1.0
234710.0,4.1726,2.4609,-6.5702,-9.284,3.466,17.715,-34.143,25.506,0.028,-73.308,68.557,-10.133,0.12,0.12,-0.12,0.0,0.0,0.0,0.0,1.0
234717.0,4.0326,2.4667,-6.4357,-8.745,3.262,18.118,-32.055,26.129,0.033,-73.275,68.523,-10.125,0.12,0.12,-0.12,0.0,0.0,0.0,0.0,1.0
234725.0,3.8922,2.4784,-6.3067,-8.801,3.937,17.498,-31.168,25.834,0.041,-73.242,68.489,-10.117,0.12,0.12,-0.12,0.0,0.0,0.0,0.0,1.0
234733.0,3.7657,2.4746,-6.1765,-8.359,4.774,16.959,-31.957,24.79,0.047,-73.208,68.454,-10.109,0.12,0.12,-0.12,0.0,0.0,0.0,0.0,1.0
234741.0,3.6517,2.447,-6.0356,-7.45,4.132,16.585,-33.763,23.88,0.036,-73.177,68.419,-10.101,0.12,0.12,-0.12,0.0,0.0,0.0,0.0,1.0
234748.0,3.5489,2.4165,-5.903,-6.977,4.717,16.056,-34.717,23.324,0.044,-73.146,68.383,-10.093,0.12,0.12,-0.12,0.0,0.0,0.0,0.0,1.0
234756.0,3.451,2.3629,-5.7529,-6.75,4.318,16.017,-33.878,23.5,0.035,-73.115,68.347,-10.085,0.12,0.12,-0.12,0.0,0.0,0.0,0.0,1.0
234764.0,3.3579,2.3183,-5.6164,-5.826,3.357,15.843,-32.127,24.396,0.024,-73.082,68.312,-10.076,0.12,0.12,-0.12,0.0,0.0,0.0,0.0,1.0
234772.0,3.2654,2.2854,-5.4918,-5.907,4.103,15.389,-31.181,25.1,-0.008,-73.049,68.277,-10.068,0.12,0.12,-0.12,0.0,0.0,0.0,0.0,1.0
234780.0,3.1785,2.2459,-5.3664,-5.879,4.108,15.145,-32.006,25.442,-0.003,-73.016,68.243,-10.06,0.12,0.12,-0.12,0.0,0.0,0.0,0.0,1.0
234787.0,3.0955,2.2187,-5.2569,-5.169,3.912,14.524,-33.826,25.118,-0.007,-72.984,68.208,-10.052,0.12,0.12,-0.12,0.0,0.0,0.0,0.0,1.0
234795.0,3.0033,2.2128,-5.1589,-5.107,4.776,13.492,-35.0,23.962,-0.008,-72.953,68.173,-10.044,0.12,0.12,-0.12,0.0,0.0,0.0,0.0,1.0
234803.0,2.9218,2.2016,-5.0666,-4.432,4.417,12.965,-34.089,22.874,-0.006,-72.923,68.137,-10.036,0.12,0.12,-0.12,0.0,0.0,0.0,0.0,1.0
234811.0,2.8315,2.2166,-4.9908,-3.856,4.127,11.726,-31.972,22.207,0.013,-72.89,68.101,-10.028,0.12,0.12,-0.12,0.0,0.0,0.0,0.0,1.0
234818.0,2.746,2.2397,-4.9278,-3.989,4.947,11.25,-30.543,22.115,0.017,-72.857,68.064,-10.02,0.12,0.12,-0.12,0.0,0.0,0.0,0.0,1.0
234826.0,2.6557,2.2612,-4.8584,-4.246,4.59,10.806,-31.026,22.913,0.006,-72.823,68.027,-10.012,0.12,0.12,-0.12,0.0,0.0,0.0,0.0,1.0
234834.0,2.567,2.2908,-4.7986,-4.903,4.933,10.802,-32.854,23.954,0.014,-72.791,67.992,-10.004,0.12,0.12,-0.12,0.0,0.0,0.0,0.0,1.0
234842.0,2.4891,2.3131,-4.7422,-5.345,4.857,10.898,-34.413,24.719,-0.009,-72.76,67.957,-9.996,0.10968,0.12,-0.12,0.0,0.0,0.0,0.0,1.0
234849.0,2.4197,2.3215,-4.6811,-5.434,3.5,11.181,-34.087,25.085,-0.021,-72.729,67.923,-9.988,0.10093,0.12,-0.12,0.0,0.0,0.0,0.0,1.0
234857.0,2.3569,2.3376,-4.6339,-5.121,2.99,11.271,-32.528,24.523,-0.046,-72.697,67.888,-9.98,0.10129,0.12,-0.12,0.0,0.0,0.0,0.0,1.0
234865.0,2.3143,2.3351,-4.5889,-5.45,2.474,11.271,-31.215,23.482,-0.032,-72.664,67.853,-9.972,0.09825,0.12,-0.12,0.0,0.0,0.0,0.0,1.0
234872.0,2.2748,2.3326,-4.547,-4.897,1.355,11.098,-31.515,22.715,-0.029,-72.631,67.817,-9.964,0.11519,0.12,-0.12,0.0,0.0,0.0,0.0,1.0
234881.0,2.2193,2.351,-4.5094,-5.946,1.786,10.658,-33.159,22.246,-0.022,-72.599,67.781,-9.956,0.08819,0.12,-0.12,0.0,0.0,0.0,0.0,1.0
234889.0,2.1702,2.3563,-4.4654,-6.639,1.765,10.633,-34.352,22.54,-0.002,-72.568,67.744,-9.948,0.06413,0.12,-0.12,0.0,0.0,0.0,0.0,1.0
234897.0,2.112,2.36,-4.4108,-8.046,0.995,10.379,-33.812,23.381,0.004,-72.538,67.709,-9.94,0.03222,0.12,-0.12,0.0,0.0,0.0,0.0,1.0
234904.0,2.0461,2.3702,-4.3548,-8.813,1.62,10.31,-31.871,24.09,0.0,-72.506,67.674,-9.933,-0.0024,0.12,-0.12,0.0,0.0,0.0,0.0,1.0
234912.0,1.9821,2.3559,-4.2769,-9.284,0.745,10.388,-30.212,24.434,0.004,-72.472,67.639,-9.925,-0.01811,0.12,-0.12,0.0,0.0,0.0,0.0,1.0
234920.0,1.9167,2.3355,-4.1917,-9.436,-0.141,10.368,-30.085,24.193,0.019,-72.438,67.605,-9.917,-0.02502,0.12,-0.12,0.0,0.0,0.0,0.0,1.0
234927.0,1.8393,2.3255,-4.1045,-10.166,0.447,9.665,-31.319,23.141,0.014,-72.405,67.569,-9.909,-0.04627,0.12,-0.12,0.0,0.0,0.0,0.0,1.0
234935.0,1.7673,2.2893,-3.9972,-10.304,-0.458,9.544,-32.925,22.013,0.008,-72.373,67.533,-9.901,-0.04863,0.12,-0.12,0.0,0.0,0.0,0.0,1.0
234943.0,1.6836,2.2671,-3.8919,-10.904,-1.103,8.992,-33.282,21.35,0.006,-72.342,67.496,-9.893,-0.06172,0.12,-0.12,0.0,0.0,0.0,0.0,1.0
234951.0,1.5888,2.2663,-3.7962,-11.887,0.025,8.742,-32.111,21.017,-0.0,-72.31,67.459,-9.885,-0.10272,0.12,-0.12,0.0,0.0,0.0,0.0,1.0
234959.0,1.4952,2.2535,-3.6902,-12.602,-0.51,8.3,-30.521,21.573,-0.008,-72.277,67.422,-9.877,-0.12,0.12,-0.12,0.0,0.0,0.0,0.0,1.0
234966.0,1.3958,2.261,-3.5981,-13.481,-0.908,7.99,-29.891,22.582,-0.01,-72.243,67.386,-9.869,-0.12,0.12,-0.12,0.0,0.0,0.0,0.0,1.0
234974.0,1.2941,2.2841,-3.5188,-14.52,-0.082,7.78,-30.819,23.488,-0.006,-72.21,67.351,-9.861,-0.12,0.12,-0.12,0.0,0.0,0.0,0.0,1.0
234982.0,1.2101,2.2899,-3.4405,-14.777,-0.77,7.352,-32.481,24.122,-0.007,-72.178,67.316,-9.853,-0.12,0.12,-0.12,0.0,0.0,0.0,0.0,1.0
234990.0,1.1261,2.3121,-3.378,-14.792,-1.564,6.469,-33.485,24.159,0.011,-72.146,67.282,-9.846,-0.12,0.12,-0.12,0.0,0.0,0.0,0.0,1.0
234997.0,1.0407,2.3418,-3.3216,-15.527,-0.999,5.477,-32.582,23.291,0.029,-72.115,67.247,-9.838,-0.12,0.12,-0.12,0.0,0.0,0.0,0.0,1.0
235005.0,0.9546,2.3614,-3.2545,-15.706,-2.09,5.161,-30.684,22.447,0.02,-72.082,67.211,-9.83,-0.12,0.12,-0.12,0.0,0.0,0.0,0.0,1.0
235013.0,0.8592,2.3874,-3.1845,-16.499,-2.39,4.774,-29.243,21.827,0.016,-72.048,67.175,-9.822,-0.12,0.12,-0.12,0.0,0.0,0.0,0.0,1.0
235021.0,0.7592,2.4172,-3.1135,-17.479,-1.847,4.365,-29.39,21.583,0.003,-72.014,67.139,-9.814,-0.12,0.12,-0.12,0.0,0.0,0.0,0.0,1.0
235028.0,0.6514,2.4315,-3.0196,-18.313,-2.815,4.264,-30.841,21.998,-0.009,-71.981,67.102,-9.806,-0.12,0.12,-0.12,0.0,0.0,0.0,0.0,1.0
235036.0,0.5447,2.441,-2.922,-18.162,-3.047,3.605,-32.452,22.79,0.003,-71.949,67.067,-9.798,-0.12,0.12,-0.12,0.0,0.0,0.0,0.0,1.0
235044.0,0.4336,2.4592,-2.8286,-18.759,-2.602,3.017,-32.757,23.295,-0.002,-71.918,67.032,-9.791,-0.12,0.12,-0.12,0.0,0.0,0.0,0.0,1.0
235052.0,0.3344,2.4568,-2.7271,-18.81,-3.565,2.234,-31.562,23.592,0.003,-71.886,66.997,-9.783,-0.12,0.12,-0.12,0.0,0.0,0.0,0.0,1.0
235059.0,0.2229,2.4656,-2.6242,-18.694,-4.42,1.385,-30.13,23.266,-0.007,-71.853,66.962,-9.775,-0.12,0.12,-0.12,0.0,0.0,0.0,0.0,1.0
235067.0,0.1091,2.4834,-2.5278,-19.051,-3.755,0.76,-29.702,22.23,0.012,-71.819,66.927,-9.767,-0.12,0.12,-0.12,0.0,0.0,0.0,0.0,1.0
235075.0,-0.0083,2.4946,-2.4211,-19.307,-4.116,0.319,-30.715,21.259,0.019,-71.786,66.89,-9.759,-0.12,0.12,-0.12,0.0,0.0,0.0,0.0,1.0
235083.0,-0.1228,2.5154,-2.3268,-20.0,-4.968,-0.356,-32.196,20.655,0.019,-71.754,66.853,-9.751,-0.12,0.12,-0.12,0.0,0.0,0.0,0.0,1.0
235090.0,-0.2402,2.5561,-2.249,-20.111,-4.355,-0.435,-32.833,20.427,0.011,-71.723,66.816,-9.744,-0.12,0.12,-0.12,0.0,0.0,0.0,0.0,1.0
235098.0,-0.3448,2.5825,-2.1703,-20.228,-5.489,-0.877,-31.731,20.863,0.009,-71.691,66.78,-9.736,-0.12,0.12,-0.12,0.0,0.0,0.0,0.0,1.0
235106.0,-0.4454,2.6185,-2.1046,-19.664,-6.322,-1.453,-29.953,21.811,-0.002,-71.658,66.743,-9.728,-0.12,0.12,-0.12,0.0,0.0,0.0,0.0,1.0
235114.0,-0.5434,2.6689,-2.0557,-19.693,-5.836,-2.439,-28.67,22.602,0.003,-71.624,66.708,-9.72,-0.12,0.12,-0.12,0.0,0.0,0.0,0.0,1.0
235121.0,-0.628,2.7022,-2.0036,-18.717,-6.687,-2.775,-28.822,23.131,0.001,-71.59,66.673,-9.713,-0.12,0.12,-0.12,0.0,0.0,0.0,0.0,1.0
235129.0,-0.7199,2.7444,-1.9527,-18.48,-7.792,-3.281,-30.08,23.165,-0.004,-71.556,66.638,-9.705,-0.12,0.12,-0.12,0.0,0.0,0.0,0.0,1.0
235137.0,-0.8141,2.7954,-1.9081,-18.166,-7.254,-3.181,-31.489,22.437,-0.022,-71.524,66.603,-9.697,-0.12,0.12,-0.12,0.0,0.0,0.0,0.0,1.0
235145.0,-0.9146,2.8265,-1.838,-18.68,-8.004,-2.552,-31.788,21.569,-0.032,-71.492,66.567,-9.689,-0.12,0.12,-0.11222,0.0,0.0,0.0,0.0,1.0
235152.0,-1.0026,2.8544,-1.777,-18.46,-9.11,-2.194,-30.753,20.97,-0.042,-71.46,66.531,-9.682,-0.12,0.12,-0.08994,0.0,0.0,0.0,0.0,1.0
235160.0,-1.0978,2.8922,-1.7187,-18.195,-8.807,-1.81,-29.258,20.611,-0.049,-71.426,66.494,-9.674,-0.12,0.12,-0.08397,0.0,0.0,0.0,0.0,1.0
235168.0,-1.1787,2.914,-1.6589,-17.572,-8.809,-1.902,-28.553,20.814,-0.046,-71.392,66.458,-9.666,-0.12,0.12,-0.08415,0.0,0.0,0.0,0.0,1.0
235176.0,-1.2442,2.9205,-1.5997,-15.999,-10.089,-2.407,-29.261,21.578,-0.025,-71.358,66.422,-9.658,-0.12,0.12,-0.08197,0.0,0.0,0.0,0.0,1.0
235184.0,-1.3159,2.935,-1.5422,-14.902,-9.417,-3.12,-30.834,22.219,0.004,-71.325,66.386,-9.651,-0.12,0.12,-0.08755,0.0,0.0,0.0,0.0,1.0
235191.0,-1.383,2.9317,-1.4718,-13.606,-10.055,-2.721,-31.957,22.627,0.025,-71.294,66.351,-9.643,-0.12,0.12,-0.06497,0.0,0.0,0.0,0.0,1.0
235199.0,-1.4487,2.9158,-1.3907,-13.621,-10.625,-2.77,-31.647,22.585,0.033,-71.262,66.316,-9.635,-0.12,0.12,-0.0448,0.0,0.0,0.0,0.0,1.0
235207.0,-1.5165,2.9055,-1.3128,-13.431,-10.067,-2.038,-30.066,21.865,0.031,-71.23,66.281,-9.628,-0.12,0.12,-0.02857,0.0,0.0,0.0,0.0,1.0
235215.0,-1.5818,2.89,-1.2324,-13.403,-9.333,-1.215,-28.443,20.825,0.025,-71.196,66.245,-9.62,-0.12,0.12,-0.00911,0.0,0.0,0.0,0.0,1.0
235222.0,-1.6317,2.8571,-1.1505,-13.134,-9.925,-0.681,-27.92,20.066,0.006,-71.161,66.208,-9.612,-0.12,0.12,0.01792,0.0,0.0,0.0,0.0,1.0
235230.0,-1.6746,2.8318,-1.0829,-12.612,-9.595,-0.264,-28.958,19.517,-0.008,-71.127,66.171,-9.604,-0.12,0.12,0.03878,0.0,0.0,0.0,0.0,1.0
235238.0,-1.6975,2.8016,-1.0306,-12.216,-8.493,-0.283,-30.539,19.412,0.005,-71.094,66.133,-9.597,-0.12,0.12,0.04873,0.0,0.0,0.0,0.0,1.0
235246.0,-1.7128,2.7571,-0.9719,-11.567,-8.751,0.066,-31.562,20.058,-0.006,-71.063,66.096,-9.589,-0.12,0.12,0.06383,0.0,0.0,0.0,0.0,1.0
235254.0,-1.7227,2.7302,-0.9358,-11.103,-8.578,0.064,-31.098,20.932,-0.017,-71.031,66.06,-9.581,-0.12,0.12,0.05571,0.0,0.0,0.0,0.0,1.0
235261.0,-1.734,2.7069,-0.9019,-11.183,-7.13,0.389,-29.717,21.624,-0.005,-70.998,66.024,-9.574,-0.12,0.12,0.04578,0.0,0.0,0.0,0.0,1.0
235269.0,-1.7499,2.6731,-0.8531,-11.402,-6.801,0.806,-28.586,22.148,-0.013,-70.964,65.989,-9.566,-0.12,0.12,0.0508,0.0,0.0,0.0,0.0,1.0
235277.0,-1.7678,2.6403,-0.8031,-11.627,-6.972,1.414,-28.725,22.205,-0.022,-70.931,65.954,-9.559,-0.12,0.12,0.07406,0.0,0.0,0.0,0.0,1.0
235284.0,-1.8108,2.6297,-0.7499,-12.594,-4.678,2.413,-29.882,21.574,-0.032,-70.898,65.919,-9.551,-0.12,0.12,0.10104,0.0,0.0,0.0,0.0,1.0
235292.0,-1.8402,2.6019,-0.6934,-12.698,-4.804,3.066,-31.143,20.764,-0.02,-70.865,65.883,-9.543,-0.12,0.12,0.12,0.0,0.0,0.0,0.0,1.0
235300.0,-1.8785,2.5752,-0.6291,-12.63,-5.582,3.67,-31.447,20.192,-0.016,-70.834,65.846,-9.536,-0.12,0.12,0.12,0.0,0.0,0.0,0.0,1.0
235308.0,-1.924,2.5648,-0.5734,-12.498,-4.595,4.138,-30.182,19.765,-0.014,-70.802,65.81,-9.528,-0.12,0.12,0.12,0.0,0.0,0.0,0.0,1.0
235316.0,-1.9799,2.5547,-0.5076,-12.059,-4.363,4.629,-28.501,19.81,0.004,-70.768,65.773,-9.52,-0.12,0.12,0.12,0.0,0.0,0.0,0.0,1.0
235323.0,-2.0357,2.5426,-0.4401,-11.795,-5.367,5.264,-27.471,20.379,-0.009,-70.734,65.736,-9.513,-0.12,0.12,0.12,0.0,0.0,0.0,0.0,1.0
235331.0,-2.1105,2.555,-0.3774,-11.367,-5.087,6.143,-27.675,20.992,-0.003,-70.699,65.7,-9.505,-0.12,0.12,0.12,0.0,0.0,0.0,0.0,1.0
235339.0,-2.1953,2.574,-0.311,-11.806,-4.677,6.806,-28.843,21.294,0.011,-70.666,65.665,-9.498,-0.12,0.12,0.12,0.0,0.0,0.0,0.0,1.0
235347.0,-2.2716,2.58,-0.2406,-11.297,-5.087,7.341,-30.163,21.512,0.02,-70.633,65.63,-9.49,-0.12,0.12,0.12,0.0,0.0,0.0,0.0,1.0
235354.0,-2.3634,2.602,-0.1701,-11.913,-4.335,7.311,-30.497,21.194,0.019,-70.601,65.594,-9.482,-0.12,0.12,0.12,0.0,0.0,0.0,0.0,1.0
235362.0,-2.4511,2.6261,-0.1059,-12.224,-2.86,7.312,-29.601,20.313,0.041,-70.568,65.558,-9.475,-0.12,0.12,0.12,0.0,0.0,0.0,0.0,1.0
235370.0,-2.5365,2.632,-0.0262,-12.028,-2.89,7.885,-28.203,19.41,0.029,-70.535,65.521,-9.467,-0.12,0.12,0.12,0.0,0.0,0.0,0.0,1.0
235378.0,-2.6079,2.6185,0.0584,-12.524,-3.573,8.324,-27.313,18.876,0.035,-70.5,65.484,-9.46,-0.12,0.12,0.12,0.0,0.0,0.0,0.0,1.0
235386.0,-2.674,2.5976,0.1448,-11.987,-2.804,8.922,-27.693,18.564,0.025,-70.466,65.447,-9.452,-0.12,0.12,0.12,0.0,0.0,0.0,0.0,1.0
235393.0,-2.7296,2.5578,0.2392,-12.014,-2.99,9.345,-29.029,18.644,0.015,-70.433,65.409,-9.444,-0.12,0.12,0.12,0.0,0.0,0.0,0.0,1.0
235401.0,-2.7763,2.5068,0.3355,-11.149,-3.91,9.294,-30.313,19.296,0.001,-70.4,65.372,-9.437,-0.12,0.12,0.12,0.0,0.0,0.0,0.0,1.0
235409.0,-2.8306,2.4677,0.4279,-11.112,-3.058,8.51,-30.58,20.052,0.025,-70.368,65.336,-9.429,-0.12,0.12,0.12,0.0,0.0,0.0,0.0,1.0
235416.0,-2.8848,2.432,0.5169,-10.365,-2.201,7.646,-29.428,20.575,0.028,-70.336,65.3,-9.422,-0.12,0.12,0.12,0.0,0.0,0.0,0.0,1.0
235424.0,-2.9458,2.389,0.6198,-9.049,-2.672,7.011,-27.843,20.959,0.034,-70.302,65.264,-9.414,-0.12,0.12,0.12,0.0,0.0,0.0,0.0,1.0
235432.0,-3.0226,2.3587,0.7262,-8.531,-3.027,6.318,-26.717,20.913,0.058,-70.268,65.229,-9.407,-0.12,0.12,0.12,0.0,0.0,0.0,0.0,1.0
235439.0,-3.1228,2.3473,0.8375,-8.25,-1.641,5.812,-26.912,20.244,0.039,-70.233,65.193,-9.399,-0.12,0.12,0.12,0.0,0.0,0.0,0.0,1.0
235447.0,-3.2263,2.3365,0.9515,-8.271,-1.324,5.62,-28.131,19.493,0.025,-70.199,65.157,-9.392,-0.12,0.12,0.12,0.0,0.0,0.0,0.0,1.0
235455.0,-3.3325,2.3286,1.0655,-8.091,-1.692,5.173,-29.555,18.985,0.023,-70.166,65.12,-9.384,-0.12,0.12,0.12,0.0,0.0,0.0,0.0,1.0
235463.0,-3.4394,2.3428,1.1586,-8.022,-0.903,4.843,-30.129,18.593,0.008,-70.134,65.083,-9.377,-0.12,0.12,0.12,0.0,0.0,0.0,0.0,1.0
235470.0,-3.5441,2.3629,1.2436,-7.463,-0.062,4.394,-29.445,18.499,0.0,-70.102,65.046,-9.369,-0.12,0.12,0.12,0.0,0.0,0.0,0.0,1.0
235478.0,-3.6161,2.366,1.3127,-6.2,-0.805,4.085,-28.164,18.915,-0.003,-70.068,65.009,-9.362,-0.12,0.12,0.12,0.0,0.0,0.0,0.0,1.0
235486.0,-3.6849,2.3809,1.367,-5.548,-1.386,3.591,-27.249,19.583,-0.015,-70.034,64.972,-9.354,-0.12,0.12,0.12,0.0,0.0,0.0,0.0,1.0
235494.0,-3.7313,2.4067,1.3883,-4.075,-0.421,2.739,-27.512,19.972,-0.005,-70.0,64.936,-9.347,-0.12,0.12,0.12,0.0,0.0,0.0,0.0,1.0
235501.0,-3.767,2.4208,1.4102,-3.42,-0.527,1.768,-28.625,20.3,-0.01,-69.967,64.9,-9.339,-0.12,0.12,0.12,0.0,0.0,0.0,0.0,1.0
235509.0,-3.7778,2.4181,1.4236,-2.308,-1.308,1.331,-29.848,20.213,-0.02,-69.935,64.865,-9.332,-0.12,0.12,0.12,0.0,0.0,0.0,0.0,1.0
235517.0,-3.7945,2.4297,1.4291,-2.083,-0.464,0.791,-30.172,19.667,-0.01,-69.903,64.829,-9.324,-0.12,0.12,0.12,0.0,0.0,0.0,0.0,1.0
235525.0,-3.8006,2.4245,1.4402,-1.329,-0.252,0.142,-29.081,18.789,-0.019,-69.87,64.792,-9.317,-0.12,0.12,0.12,0.0,0.0,0.0,0.0,1.0
235533.0,-3.7925,2.3934,1.4624,-0.147,-1.268,0.08,-27.512,18.102,-0.024,-69.837,64.755,-9.309,-0.12,0.12,0.12,0.0,0.0,0.0,0.0,1.0
235540.0,-3.7937,2.367,1.4892,0.388,-2.071,-0.286,-26.355,17.658,-0.023,-69.802,64.717,-9.302,-0.12,0.12,0.12,0.0,0.0,0.0,0.0,1.0
235548.0,-3.7933,2.3497,1.5057,0.903,-1.294,-0.628,-26.351,17.269,-0.03,-69.768,64.679,-9.295,-0.12,0.12,0.12,0.0,0.0,0.0,0.0,1.0
235556.0,-3.8088,2.3366,1.5341,0.651,-1.084,-0.586,-27.271,17.464,-0.039,-69.733,64.642,-9.287,-0.12,0.12,0.12,0.0,0.0,0.0,0.0,1.0
235563.0,-3.8141,2.3194,1.5561,0.921,-2.003,-0.466,-28.548,18.121,-0.026,-69.7,64.604,-9.28,-0.12,0.12,0.12,0.0,0.0,0.0,0.0,1.0
235571.0,-3.8391,2.3343,1.5665,0.788,-1.269,-0.856,-29.277,18.765,-0.016,-69.668,64.568,-9.272,-0.12,0.12,0.12,0.0,0.0,0.0,0.0,1.0
235579.0,-3.8601,2.3595,1.563,0.087,0.248,-1.671,-28.816,19.289,-0.002,-69.635,64.531,-9.265,-0.12,0.12,0.12,0.0,0.0,0.0,0.0,1.0
235587.0,-3.8511,2.3697,1.5441,1.14,0.054,-2.212,-27.634,19.705,0.014,-69.602,64.495,-9.257,-0.12,0.12,0.12,0.0,0.0,0.0,0.0,1.0
235595.0,-3.8339,2.3725,1.5242,1.991,-1.414,-3.077,-26.494,19.903,0.016,-69.568,64.46,-9.25,-0.12,0.12,0.12,0.0,0.0,0.0,0.0,1.0
235602.0,-3.7995,2.3739,1.4884,2.929,-0.997,-3.267,-26.233,19.456,0.032,-69.533,64.424,-9.243,-0.12,0.12,0.12,0.0,0.0,0.0,0.0,1.0
235610.0,-3.7673,2.368,1.4619,3.755,-1.559,-3.744,-27.052,18.767,0.024,-69.499,64.387,-9.235,-0.12,0.12,0.12,0.0,0.0,0.0,0.0,1.0
235618.0,-3.7171,2.3394,1.4396,4.601,-3.59,-3.615,-28.335,18.296,0.017,-69.466,64.351,-9.228,-0.12,0.12,0.12,0.0,0.0,0.0,0.0,1.0
235625.0,-3.6689,2.3148,1.4153,5.02,-4.168,-3.245,-29.27,17.879,-0.012,-69.433,64.314,-9.22,-0.12,0.12,0.12,0.0,0.0,0.0,0.0,1.0
235633.0,-3.6357,2.3016,1.3949,4.656,-3.587,-3.356,-29.082,17.607,-0.022,-69.401,64.276,-9.213,-0.12,0.12,0.12,0.0,0.0,0.0,0.0,1.0
235641.0,-3.581,2.2763,1.3649,4.986,-3.9,-3.584,-27.849,17.698,-0.019,-69.368,64.239,-9.206,-0.12,0.12,0.12,0.0,0.0,0.0,0.0,1.0
235649.0,-3.5278,2.2517,1.3357,5.396,-4.772,-4.284,-26.344,18.238,-0.017,-69.334,64.202,-9.198,-0.12,0.12,0.12,0.0,0.0,0.0,0.0,1.0
235656.0,-3.4869,2.2478,1.2985,5.254,-4.09,-5.247,-25.501,18.704,0.002,-69.299,64.166,-9.191,-0.12,0.12,0.12,0.0,0.0,0.0,0.0,1.0
235664.0,-3.4322,2.2461,1.2455,5.488,-2.858,-6.607,-25.918,18.913,0.012,-69.265,64.129,-9.184,-0.12,0.12,0.12,0.0,0.0,0.0,0.0,1.0
235672.0,-3.3896,2.2294,1.2192,5.477,-3.326,-7.504,-27.122,19.131,0.031,-69.231,64.093,-9.176,-0.12,0.12,0.12,0.0,0.0,0.0,0.0,1.0
235680.0,-3.3368,2.1999,1.1951,5.786,-4.107,-8.195,-28.424,19.065,0.03,-69.198,64.057,-9.169,-0.12,0.12,0.12,0.0,0.0,0.0,0.0,1.0
235688.0,-3.2967,2.1852,1.1693,4.81,-3.065,-8.79,-28.821,18.472,0.024,-69.165,64.021,-9.162,-0.12,0.12,0.12,0.0,0.0,0.0,0.0,1.0
235695.0,-3.2611,2.1649,1.1534,4.063,-2.892,-8.956,-28.127,17.699,0.016,-69.133,63.984,-9.154,-0.12,0.12,0.12,0.0,0.0,0.0,0.0,1.0
235703.0,-3.2091,2.125,1.1403,3.646,-3.681,-8.702,-26.934,17.144,0.002,-69.099,63.947,-9.147,-0.12,0.12,0.12,0.0,0.0,0.0,0.0,1.0
235711.0,-3.1557,2.0874,1.1235,2.379,-4.314,-8.812,-26.01,16.744,-0.005,-69.065,63.909,-9.14,-0.12,0.12,0.12,0.0,0.0,0.0,0.0,1.0
235719.0,-3.094,2.0663,1.0823,2.187,-3.155,-9.463,-26.086,16.489,-0.017,-69.031,63.871,-9.132,-0.12,0.12,0.12,0.0,0.0,0.0,0.0,1.0
235726.0,-3.0204,2.0381,1.0362,2.173,-3.366,-10.189,-27.014,16.499,-0.009,-68.997,63.833,-9.125,-0.12,0.12,0.12,0.0,0.0,0.0,0.0,1.0
235734.0,-2.9198,2.0044,0.9683,2.555,-4.865,-11.082,-28.146,17.009,0.009,-68.964,63.796,-9.118,-0.12,0.12,0.10934,0.0,0.0,0.0,0.0,1.0
235742.0,-2.8462,2.0017,0.8974,3.002,-5.27,-12.181,-28.702,17.627,0.008,-68.932,63.759,-9.11,-0.12,0.12,0.07505,0.0,0.0,0.0,0.0,1.0
235750.0,-2.7791,2.0127,0.8196,2.379,-4.572,-12.783,-28.014,18.086,0.017,-68.899,63.722,-9.103,-0.12,0.12,0.04277,0.0,0.0,0.0,0.0,1.0
235757.0,-2.6996,2.0128,0.74,3.008,-5.12,-13.075,-26.69,18.376,-0.002,-68.866,63.686,-9.096,-0.12,0.12,0.00738,0.0,0.0,0.0,0.0,1.0
235765.0,-2.6408,2.0134,0.6805,2.687,-7.386,-12.496,-25.376,18.69,-0.01,-68.831,63.65,-9.089,-0.12,0.12,0.0159,0.0,0.0,0.0,0.0,1.0
235773.0,-2.5828,2.0269,0.6094,1.863,-7.752,-11.834,-24.881,18.444,-0.032,-68.796,63.614,-9.081,-0.12,0.12,0.01865,0.0,0.0,0.0,0.0,1.0
235781.0,-2.523,2.045,0.5319,1.143,-7.338,-10.998,-25.261,17.835,-0.044,-68.761,63.577,-9.074,-0.12,0.12,0.02488,0.0,0.0,0.0,0.0,1.0
235788.0,-2.4541,2.0488,0.4593,0.574,-8.805,-10.229,-26.274,17.239,-0.048,-68.727,63.541,-9.067,-0.12,0.12,0.05025,0.0,0.0,0.0,0.0,1.0
235796.0,-2.3691,2.0457,0.3774,0.935,-9.623,-10.194,-27.363,16.881,-0.038,-68.694,63.503,-9.06,-0.12,0.12,0.04738,0.0,0.0,0.0,0.0,1.0
235804.0,-2.2852,2.0483,0.2909,-0.389,-8.988,-10.349,-27.646,16.556,-0.02,-68.661,63.466,-9.053,-0.12,0.12,0.03929,0.0,0.0,0.0,0.0,1.0
235812.0,-2.2025,2.0506,0.2059,-0.94,-7.762,-10.6,-26.956,16.385,0.006,-68.628,63.428,-9.045,-0.12,0.12,0.01273,0.0,0.0,0.0,0.0,1.0
235819.0,-2.1233,2.0296,0.1472,-1.068,-9.024,-10.055,-25.839,16.571,0.017,-68.594,63.391,-9.038,-0.12,0.12,0.01548,0.0,0.0,0.0,0.0,1.0
235827.0,-2.0545,1.998,0.1091,-2.597,-9.53,-9.182,-24.871,17.093,0.012,-68.559,63.354,-9.031,-0.12,0.12,0.03089,0.0,0.0,0.0,0.0,1.0
235835.0,-1.991,1.9721,0.0709,-4.23,-8.725,-8.036,-24.724,17.536,0.02,-68.524,63.317,-9.024,-0.12,0.12,0.0481,0.0,0.0,0.0,0.0,1.0
235843.0,-1.9468,1.9453,0.0527,-6.078,-7.719,-6.771,-25.441,17.721,0.012,-68.489,63.28,-9.016,-0.12,0.12,0.07633,0.0,0.0,0.0,0.0,1.0
235850.0,-1.9052,1.8976,0.0576,-7.65,-8.522,-5.242,-26.546,17.906,-0.004,-68.455,63.244,-9.009,-0.12,0.12,0.12,0.0,0.0,0.0,0.0,1.0
235858.0,-1.8646,1.8409,0.0721,-8.787,-9.36,-4.006,-27.403,17.881,-0.009,-68.422,63.208,-9.002,-0.12,0.12,0.12,0.0,0.0,0.0,0.0,1.0
235866.0,-1.8308,1.7969,0.0812,-10.105,-8.552,-3.284,-27.326,17.396,-0.019,-68.39,63.171,-8.995,-0.12,0.12,0.12,0.0,0.0,0.0,0.0,1.0
235874.0,-1.7929,1.7572,0.0819,-10.909,-7.45,-3.477,-26.32,16.657,0.011,-68.356,63.134,-8.988,-0.12,0.12,0.12,0.0,0.0,0.0,0.0,1.0
235882.0,-1.76,1.7058,0.0991,-10.65,-7.52,-4.406,-24.974,16.061,0.035,-68.322,63.097,-8.98,-0.12,0.12,0.12,0.0,0.0,0.0,0.0,1.0
235889.0,-1.7316,1.6484,0.1267,-10.419,-7.842,-5.585,-24.012,15.692,0.062,-68.287,63.059,-8.973,-0.12,0.12,0.12,0.0,0.0,0.0,0.0,1.0
235897.0,-1.7257,1.61,0.1581,-10.451,-6.717,-6.784,-23.907,15.342,0.077,-68.251,63.021,-8.966,-0.12,0.12,0.12,0.0,0.0,0.0,0.0,1.0
235905.0,-1.7515,1.5828,0.2105,-10.467,-5.669,-7.712,-24.744,15.115,0.078,-68.216,62.983,-8.959,-0.12,0.12,0.12,0.0,0.0,0.0,0.0,1.0
235913.0,-1.7921,1.5499,0.283,-10.231,-7.301,-7.691,-25.946,15.415,0.063,-68.182,62.944,-8.951,-0.12,0.12,0.12,0.0,0.0,0.0,0.0,1.0
235921.0,-1.8672,1.5392,0.3686,-10.372,-8.392,-7.306,-26.854,16.012,0.038,-68.149,62.907,-8.944,-0.12,0.12,0.12,0.0,0.0,0.0,0.0,1.0
235928.0,-1.9697,1.5547,0.4561,-11.333,-8.918,-6.877,-26.81,16.503,-0.011,-68.116,62.87,-8.937,-0.12,0.12,0.12,0.0,0.0,0.0,0.0,1.0
235936.0,-2.0713,1.5908,0.5225,-11.487,-8.639,-6.684,-25.965,16.856,-0.028,-68.082,62.833,-8.93,-0.12,0.12,0.12,0.0,0.0,0.0,0.0,1.0
235944.0,-2.159,1.6365,0.5657,-11.358,-8.975,-7.111,-24.931,17.129,-0.047,-68.048,62.796,-8.923,-0.12,0.12,0.12,0.0,0.0,0.0,0.0,1.0
235951.0,-2.2271,1.6921,0.5797,-11.416,-9.28,-8.545,-24.229,17.479,-0.042,-68.013,62.76,-8.916,-0.12,0.12,0.12,0.0,0.0,0.0,0.0,1.0
235959.0,-2.2816,1.7669,0.5613,-11.858,-7.648,-10.896,-24.41,17.266,-0.021,-67.978,62.724,-8.909,-0.12,0.12,0.12,0.0,0.0,0.0,0.0,1.0
235967.0,-2.3276,1.8431,0.5331,-12.352,-5.321,-13.152,-25.219,16.696,-0.005,-67.944,62.687,-8.902,-0.12,0.12,0.10499,0.0,0.0,0.0,0.0,1.0
235975.0,-2.3228,1.858,0.5139,-11.336,-5.433,-14.902,-26.216,16.189,0.001,-67.91,62.65,-8.894,-0.12,0.12,0.07305,0.0,0.0,0.0,0.0,1.0
235983.0,-2.2927,1.8389,0.5023,-10.232,-7.98,-14.94,-26.749,15.902,-0.006,-67.877,62.612,-8.887,-0.12,0.12,0.0854,0.0,0.0,0.0,0.0,1.0
235990.0,-2.2595,1.8051,0.502,-9.907,-9.274,-14.5,-26.362,15.608,-0.034,-67.844,62.575,-8.88,-0.12,0.12,0.0965,0.0,0.0,0.0,0.0,1.0
235998.0,-2.2153,1.7482,0.5132,-8.658,-11.285,-13.739,-25.267,15.364,-0.071,-67.81,62.537,-8.873,-0.12,0.12,0.10965,0.0,0.0,0.0,0.0,1.0
236006.0,-2.1724,1.6855,0.5314,-7.595,-13.168,-13.025,-23.999,15.411,-0.075,-67.776,62.5,-8.866,-0.12,0.12,0.12,0.0,0.0,0.0,0.0,1.0
236014.0,-2.1457,1.6386,0.5504,-7.491,-15.127,-12.65,-23.282,15.797,-0.086,-67.74,62.462,-8.859,-0.12,0.12,0.12,0.0,0.0,0.0,0.0,1.0
236022.0,-2.1326,1.628,0.5476,-7.661,-15.472,-13.086,-23.374,16.227,-0.072,-67.705,62.425,-8.852,-0.12,0.12,0.12,0.0,0.0,0.0,0.0,1.0
236030.0,-2.1493,1.676,0.5176,-9.489,-12.331,-14.186,-24.092,16.428,-0.024,-67.67,62.388,-8.845,-0.12,0.12,0.10923,0.0,0.0,0.0,0.0,1.0
236037.0,-2.1613,1.7308,0.4762,-10.044,-10.894,-16.125,-25.038,16.506,0.02,-67.635,62.352,-8.838,-0.12,0.12,0.07249,0.0,0.0,0.0,0.0,1.0
236045.0,-2.1564,1.765,0.438,-10.114,-10.857,-17.043,-25.775,16.638,0.043,-67.602,62.315,-8.831,-0.12,0.12,0.05571,0.0,0.0,0.0,0.0,1.0
236053.0,-2.1575,1.7974,0.4075,-10.952,-10.628,-17.596,-25.695,16.572,0.069,-67.568,62.278,-8.824,-0.12,0.12,0.04715,0.0,0.0,0.0,0.0,1.0
236060.0,-2.1563,1.8187,0.3856,-11.018,-10.973,-17.079,-24.916,16.128,0.049,-67.534,62.242,-8.817,-0.12,0.12,0.05179,0.0,0.0,0.0,0.0,1.0
236068.0,-2.1238,1.7892,0.3818,-9.994,-12.863,-15.685,-23.941,15.495,0.028,-67.5,62.204,-8.81,-0.12,0.12,0.07728,0.0,0.0,0.0,0.0,1.0
236076.0,-2.0934,1.7487,0.3908,-9.185,-16.311,-14.21,-23.153,15.049,-0.005,-67.464,62.167,-8.803,-0.12,0.12,0.11912,0.0,0.0,0.0,0.0,1.0
236084.0,-2.052,1.7025,0.3944,-8.471,-18.403,-12.936,-23.151,14.772,-0.028,-67.429,62.129,-8.796,-0.12,0.12,0.12,0.0,0.0,0.0,0.0,1.0
236092.0,-2.0074,1.6648,0.3866,-9.435,-18.825,-12.501,-23.799,14.464,-0.032,-67.394,62.091,-8.788,-0.12,0.12,0.12,0.0,0.0,0.0,0.0,1.0
236099.0,-1.9809,1.6704,0.3545,-10.278,-16.876,-12.549,-24.77,14.277,-0.028,-67.36,62.053,-8.781,-0.12,0.12,0.12,0.0,0.0,0.0,0.0,1.0
236107.0,-1.9481,1.6748,0.3175,-10.276,-16.481,-12.944,-25.611,14.332,-0.012,-67.326,62.015,-8.774,-0.12,0.12,0.12,0.0,0.0,0.0,0.0,1.0
236115.0,-1.914,1.6722,0.2858,-10.867,-17.309,-13.004,-25.75,14.779,0.004,-67.293,61.977,-8.767,-0.12,0.12,0.12,0.0,0.0,0.0,0.0,1.0
236123.0,-1.8707,1.6641,0.2505,-11.655,-16.017,-13.19,-24.924,15.23,0.024,-67.259,61.939,-8.76,-0.12,0.12,0.12,0.0,0.0,0.0,0.0,1.0
236130.0,-1.8356,1.6558,0.2234,-11.898,-14.587,-13.32,-23.803,15.514,0.028,-67.225,61.902,-8.753,-0.12,0.12,0.11576,0.0,0.0,0.0,0.0,1.0
236138.0,-1.7946,1.6127,0.2245,-11.756,-15.709,-12.973,-22.751,15.773,0.041,-67.189,61.865,-8.746,-0.12,0.12,0.12,0.0,0.0,0.0,0.0,1.0
236146.0,-1.7337,1.5235,0.2503,-10.889,-17.795,-11.86,-22.26,16.026,0.014,-67.154,61.828,-8.739,-0.12,0.12,0.12,0.0,0.0,0.0,0.0,1.0
236154.0,-1.6862,1.4249,0.2989,-10.772,-19.68,-10.199,-22.697,16.148,0.012,-67.118,61.792,-8.732,-0.12,0.12,0.12,0.0,0.0,0.0,0.0,1.0
236161.0,-1.68,1.3627,0.3533,-11.898,-19.961,-8.58,-23.561,15.888,-0.018,-67.083,61.755,-8.725,-0.12,0.12,0.12,0.0,0.0,0.0,0.0,1.0
236169.0,-1.6597,1.2921,0.4018,-12.07,-19.396,-8.445,-24.573,15.307,-0.015,-67.049,61.718,-8.718,-0.12,0.12,0.12,0.0,0.0,0.0,0.0,1.0
236177.0,-1.6506,1.2135,0.4691,-12.238,-20.696,-7.929,-25.226,14.849,-0.005,-67.015,61.681,-8.711,-0.12,0.12,0.12,0.0,0.0,0.0,0.0,1.0
236185.0,-1.6638,1.1684,0.5262,-13.297,-20.766,-8.174,-24.929,14.607,-0.007,-66.981,61.643,-8.705,-0.12,0.12,0.12,0.0,0.0,0.0,0.0,1.0
236192.0,-1.6768,1.1435,0.5635,-13.735,-19.147,-8.719,-24.089,14.332,0.018,-66.947,61.606,-8.698,-0.12,0.12,0.12,0.0,0.0,0.0,0.0,1.0
236200.0,-1.6937,1.1332,0.5904,-14.27,-18.281,-9.155,-23.177,14.051,0.032,-66.913,61.568,-8.691,-0.12,0.12,0.12,0.0,0.0,0.0,0.0,1.0
236208.0,-1.6949,1.0994,0.6246,-14.812,-18.023,-8.554,-22.545,13.989,0.024,-66.877,61.53,-8.684,-0.12,0.12,0.12,0.0,0.0,0.0,0.0,1.0
236216.0,-1.6825,1.0405,0.6695,-14.581,-18.935,-8.085,-22.696,14.251,0.008,-66.842,61.492,-8.677,-0.12,0.12,0.12,0.0,0.0,0.0,0.0,1.0
236223.0,-1.6723,0.9761,0.7221,-15.714,-19.554,-7.496,-23.361,14.691,-0.03,-66.807,61.454,-8.67,-0.12,0.12,0.12,0.0,0.0,0.0,0.0,1.0
236231.0,-1.6533,0.9133,0.7642,-16.706,-19.143,-6.914,-24.201,14.986,-0.023,-66.773,61.417,-8.663,-0.12,0.12,0.12,0.0,0.0,0.0,0.0,1.0
236239.0,-1.6249,0.8452,0.8021,-16.954,-18.02,-6.309,-24.857,15.035,-0.022,-66.739,61.38,-8.656,-0.12,0.12,0.12,0.0,0.0,0.0,0.0,1.0
236247.0,-1.5825,0.7381,0.8641,-17.327,-19.553,-5.249,-24.743,15.208,-0.028,-66.706,61.343,-8.649,-0.12,0.12,0.12,0.0,0.0,0.0,0.0,1.0
236255.0,-1.5498,0.6412,0.9257,-17.511,-21.141,-3.9,-23.859,15.299,-0.044,-66.671,61.306,-8.642,-0.12,0.07919,0.12,0.0,0.0,0.0,0.0,1.0
236263.0,-1.5384,0.5692,0.9844,-18.488,-21.307,-2.862,-22.789,15.176,-0.03,-66.637,61.269,-8.635,-0.12,0.05629,0.12,0.0,0.0,0.0,0.0,1.0
236270.0,-1.55,0.5131,1.0506,-19.602,-20.81,-2.457,-21.787,14.674,-0.036,-66.601,61.232,-8.628,-0.12,0.05418,0.12,0.0,0.0,0.0,0.0,1.0
236278.0,-1.5717,0.4595,1.1245,-19.851,-20.874,-1.404,-21.492,14.104,-0.009,-66.565,61.194,-8.622,-0.12,0.03196,0.12,0.0,0.0,0.0,0.0,1.0
236286.0,-1.6073,0.3979,1.2201,-20.19,-21.648,-0.713,-21.717,13.679,0.003,-66.529,61.157,-8.615,-0.12,0.00147,0.12,0.0,0.0,0.0,0.0,1.0
236294.0,-1.6624,0.3434,1.3283,-22.071,-22.218,-0.165,-22.395,13.428,0.009,-66.494,61.118,-8.608,-0.12,-0.0074,0.12,0.0,0.0,0.0,0.0,1.0
236301.0,-1.7303,0.3035,1.4351,-23.338,-21.816,0.49,-23.193,13.184,0.037,-66.459,61.08,-8.601,-0.12,-0.00124,0.12,0.0,0.0,0.0,0.0,1.0
236309.0,-1.8079,0.2706,1.5448,-24.294,-20.95,1.005,-23.779,12.829,0.038,-66.425,61.042,-8.594,-0.12,0.01228,0.12,0.0,0.0,0.0,0.0,1.0
236317.0,-1.888,0.2173,1.6768,-25.034,-21.05,1.421,-23.67,12.812,0.039,-66.39,61.003,-8.587,-0.12,0.00164,0.12,0.0,0.0,0.0,0.0,1.0
236325.0,-1.9434,0.1327,1.8146,-25.094,-22.46,2.257,-23.027,13.1,0.038,-66.356,60.965,-8.58,-0.12,-0.0494,0.12,0.0,0.0,0.0,0.0,1.0
236333.0,-2.0071,0.0408,1.9679,-25.75,-23.554,2.632,-22.196,13.522,0.018,-66.321,60.927,-8.573,-0.12,-0.08749,0.12,0.0,0.0,0.0,0.0,1.0
236340.0,-2.0752,-0.0326,2.1075,-26.559,-23.336,2.589,-21.381,13.916,0.013,-66.285,60.889,-8.566,-0.12,-0.09326,0.12,0.0,0.0,0.0,0.0,1.0
236348.0,-2.1425,-0.101,2.2413,-26.159,-23.577,2.431,-21.136,14.141,0.01,-66.249,60.852,-8.56,-0.12,-0.11399,0.12,0.0,0.0,0.0,0.0,1.0
236356.0,-2.1975,-0.19,2.383,-26.034,-24.336,2.536,-21.514,14.335,0.007,-66.213,60.814,-8.553,-0.12,-0.12,0.12,0.0,0.0,0.0,0.0,1.0
236364.0,-2.2603,-0.2944,2.5475,-27.01,-25.117,2.707,-22.22,14.597,-0.017,-66.178,60.777,-8.546,-0.12,-0.12,0.12,0.0,0.0,0.0,0.0,1.0
236371.0,-2.3314,-0.3852,2.7071,-28.151,-25.373,2.624,-23.031,14.795,-0.03,-66.143,60.741,-8.539,-0.12,-0.12,0.12,0.0,0.0,0.0,0.0,1.0
236379.0,-2.4188,-0.4684,2.8755,-29.451,-24.994,2.487,-23.57,14.596,-0.026,-66.109,60.704,-8.532,-0.12,-0.12,0.12,0.0,0.0,0.0,0.0,1.0
236387.0,-2.515,-0.5467,3.048,-30.44,-23.978,2.037,-23.421,14.122,-0.025,-66.075,60.667,-8.525,-0.12,-0.12,0.12,0.0,0.0,0.0,0.0,1.0
236395.0,-2.6043,-0.6494,3.2373,-30.751,-24.574,2.309,-22.605,13.677,-0.002,-66.04,60.629,-8.519,-0.12,-0.12,0.12,0.0,0.0,0.0,0.0,1.0
236403.0,-2.6807,-0.7603,3.4217,-30.595,-26.474,2.573,-21.631,13.484,-0.013,-66.005,60.591,-8.512,-0.12,-0.12,0.12,0.0,0.0,0.0,0.0,1.0
236411.0,-2.7701,-0.871,3.619,-31.43,-27.787,2.817,-20.731,13.309,-0.012,-65.969,60.554,-8.505,-0.12,-0.12,0.12,0.0,0.0,0.0,0.0,1.0
236418.0,-2.8656,-0.959,3.8001,-31.385,-28.208,2.137,-20.27,13.039,0.022,-65.933,60.516,-8.498,-0.12,-0.12,0.12,0.0,0.0,0.0,0.0,1.0
236426.0,-2.9645,-1.0407,3.9787,-31.458,-27.975,1.765,-20.586,12.802,0.039,-65.896,60.478,-8.491,-0.12,-0.12,0.12,0.0,0.0,0.0,0.0,1.0
236434.0,-3.0644,-1.1341,4.1695,-32.089,-28.367,1.203,-21.245,12.798,0.032,-65.86,60.44,-8.485,-0.12,-0.12,0.12,0.0,0.0,0.0,0.0,1.0
236441.0,-3.1604,-1.2371,4.3659,-32.62,-28.939,0.72,-22.083,13.05,0.054,-65.825,60.402,-8.478,-0.12,-0.12,0.12,0.0,0.0,0.0,0.0,1.0
236449.0,-3.2566,-1.3315,4.554,-32.817,-29.193,-0.309,-22.803,13.407,0.05,-65.791,60.364,-8.471,-0.12,-0.12,0.12,0.0,0.0,0.0,0.0,1.0
236457.0,-3.369,-1.4013,4.7344,-33.637,-28.352,-1.281,-22.894,13.606,0.073,-65.756,60.327,-8.464,-0.12,-0.12,0.12,0.0,0.0,0.0,0.0,1.0
236465.0,-3.4711,-1.4759,4.9092,-33.349,-27.205,-2.291,-22.426,13.63,0.083,-65.722,60.289,-8.457,-0.12,-0.12,0.12,0.0,0.0,0.0,0.0,1.0
236472.0,-3.5558,-1.5757,5.0911,-32.745,-27.592,-2.932,-21.706,13.657,0.041,-65.687,60.252,-8.45,-0.12,-0.12,0.12,0.0,0.0,0.0,0.0,1.0
236480.0,-3.6386,-1.6917,5.2869,-33.126,-28.285,-3.444,-20.932,13.802,0.026,-65.651,60.215,-8.444,-0.12,-0.12,0.12,0.0,0.0,0.0,0.0,1.0
236488.0,-3.7109,-1.8073,5.4718,-33.92,-28.115,-4.302,-20.492,13.842,-0.017,-65.615,60.178,-8.437,-0.12,-0.12,0.12,0.0,0.0,0.0,0.0,1.0
236496.0,-3.7758,-1.9198,5.6462,-33.827,-27.203,-5.625,-20.667,13.58,-0.025,-65.579,60.141,-8.43,-0.12,-0.12,0.12,0.0,0.0,0.0,0.0,1.0
236504.0,-3.8465,-2.0258,5.8203,-33.843,-25.982,-6.726,-21.231,13.082,-0.047,-65.544,60.103,-8.424,-0.12,-0.12,0.12,0.0,0.0,0.0,0.0,1.0
236511.0,-3.9037,-2.1432,5.9918,-33.41,-25.549,-7.489,-21.909,12.604,-0.061,-65.509,60.065,-8.417,-0.12,-0.12,0.12,0.0,0.0,0.0,0.0,1.0
236519.0,-3.9484,-2.2733,6.1632,-32.106,-27.283,-7.484,-22.523,12.281,-0.073,-65.474,60.027,-8.41,-0.12,-0.12,0.12,0.0,0.0,0.0,0.0,1.0
236527.0,-4.0043,-2.3981,6.3407,-32.445,-28.089,-7.502,-22.699,12.148,-0.092,-65.44,59.989,-8.403,-0.12,-0.12,0.12,0.0,0.0,0.0,0.0,1.0
236535.0,-4.071,-2.5021,6.5086,-33.166,-27.235,-7.848,-22.08,11.921,-0.08,-65.405,59.95,-8.397,-0.12,-0.12,0.12,0.0,0.0,0.0,0.0,1.0
236542.0,-4.1376,-2.5797,6.6509,-32.986,-25.781,-8.636,-21.261,11.703,-0.066,-65.37,59.912,-8.39,-0.12,-0.12,0.12,0.0,0.0,0.0,0.0,1.0
236550.0,-4.2103,-2.639,6.7813,-32.247,-24.419,-9.257,-20.402,11.489,-0.036,-65.335,59.873,-8.384,-0.12,-0.12,0.12,0.0,0.0,0.0,0.0,1.0
236558.0,-4.2701,-2.7069,6.9072,-31.458,-24.671,-10.111,-19.694,11.598,-0.002,-65.298,59.835,-8.377,-0.12,-0.12,0.12,0.0,0.0,0.0,0.0,1.0
236566.0,-4.3217,-2.7763,7.0265,-30.221,-25.708,-10.628,-19.585,11.948,0.031,-65.262,59.796,-8.37,-0.12,-0.12,0.12,0.0,0.0,0.0,0.0,1.0
236573.0,-4.3776,-2.8369,7.1414,-29.151,-25.806,-11.07,-19.87,12.26,0.06,-65.225,59.758,-8.363,-0.12,-0.12,0.12,0.0,0.0,0.0,0.0,1.0
236581.0,-4.4459,-2.8789,7.2506,-29.156,-24.68,-12.189,-20.461,12.444,0.096,-65.189,59.72,-8.357,-0.12,-0.12,0.12,0.0,0.0,0.0,0.0,1.0
236589.0,-4.5043,-2.9242,7.3531,-27.767,-23.2,-12.52,-21.147,12.513,0.102,-65.154,59.682,-8.35,-0.12,-0.12,0.12,0.0,0.0,0.0,0.0,1.0
236597.0,-4.5598,-2.9775,7.4605,-26.091,-22.916,-12.577,-21.743,12.632,0.088,-65.119,59.645,-8.343,-0.12,-0.12,0.12,0.0,0.0,0.0,0.0,1.0
236604.0,-4.6121,-3.0417,7.5754,-25.357,-23.29,-12.513,-21.785,12.794,0.066,-65.085,59.607,-8.336,-0.12,-0.12,0.12,0.0,0.0,0.0,0.0,1.0
236612.0,-4.6485,-3.114,7.6822,-24.64,-21.852,-13.4,-21.359,12.941,0.03,-65.05,59.57,-8.33,-0.12,-0.12,0.12,0.0,0.0,0.0,0.0,1.0
236620.0,-4.6732,-3.1812,7.7723,-23.296,-20.463,-14.335,-20.7,12.818,0.015,-65.014,59.533,-8.323,-0.12,-0.12,0.12,0.0,0.0,0.0,0.0,1.0
236628.0,-4.695,-3.2329,7.8445,-22.319,-18.036,-15.097,-20.001,12.379,-0.003,-64.979,59.495,-8.316,-0.12,-0.12,0.12,0.0,0.0,0.0,0.0,1.0
236635.0,-4.6954,-3.2957,7.906,-20.571,-16.365,-15.663,-19.501,11.912,-0.025,-64.942,59.457,-8.31,-0.12,-0.12,0.12,0.0,0.0,0.0,0.0,1.0
236643.0,-4.6805,-3.3744,7.9678,-18.188,-16.841,-15.353,-19.545,11.645,-0.064,-64.906,59.419,-8.303,-0.12,-0.12,0.12,0.0,0.0,0.0,0.0,1.0
236651.0,-4.6599,-3.454,8.0247,-16.983,-16.934,-15.091,-19.998,11.507,-0.086,-64.87,59.381,-8.297,-0.12,-0.12,0.12,0.0,0.0,0.0,0.0,1.0
236659.0,-4.6483,-3.5126,8.0702,-16.726,-16.206,-14.703,-20.653,11.354,-0.095,-64.834,59.342,-8.29,-0.12,-0.12,0.12,0.0,0.0,0.0,0.0,1.0
236666.0,-4.6282,-3.5532,8.0896,-15.49,-14.524,-14.66,-21.356,11.137,-0.093,-64.799,59.304,-8.283,-0.12,-0.12,0.12,0.0,0.0,0.0,0.0,1.0
236674.0,-4.6138,-3.5773,8.0987,-14.378,-12.602,-14.206,-21.818,10.848,-0.079,-64.765,59.265,-8.277,-0.12,-0.12,0.12,0.0,0.0,0.0,0.0,1.0
236682.0,-4.594,-3.5991,8.1001,-13.399,-10.969,-13.435,-21.726,10.716,-0.069,-64.731,59.226,-8.27,-0.12,-0.12,0.12,0.0,0.0,0.0,0.0,1.0
236690.0,-4.5636,-3.6256,8.0955,-12.288,-10.223,-12.861,-21.084,10.769,-0.06,-64.696,59.188,-8.264,-0.12,-0.12,0.12,0.0,0.0,0.0,0.0,1.0
236697.0,-4.5309,-3.6463,8.0829,-10.304,-9.951,-12.158,-20.324,11.044,-0.012,-64.661,59.149,-8.257,-0.12,-0.12,0.12,0.0,0.0,0.0,0.0,1.0
236705.0,-4.5095,-3.6469,8.0621,-10.053,-8.528,-12.034,-19.475,11.291,0.031,-64.625,59.111,-8.251,-0.12,-0.12,0.12,0.0,0.0,0.0,0.0,1.0
236713.0,-4.4967,-3.6182,8.0214,-9.652,-6.193,-11.174,-18.959,11.392,0.064,-64.588,59.073,-8.244,-0.12,-0.12,0.12,0.0,0.0,0.0,0.0,1.0
236721.0,-4.4827,-3.5879,7.9779,-8.414,-3.696,-10.151,-18.937,11.311,0.06,-64.552,59.034,-8.237,-0.12,-0.12,0.12,0.0,0.0,0.0,0.0,1.0
236728.0,-4.4717,-3.5649,7.9445,-7.898,-2.079,-8.796,-19.414,11.221,0.054,-64.516,58.996,-8.231,-0.12,-0.12,0.12,0.0,0.0,0.0,0.0,1.0
236736.0,-4.454,-3.5663,7.9282,-6.822,-2.318,-7.308,-20.064,11.315,0.042,-64.48,58.958,-8.224,-0.12,-0.12,0.12,0.0,0.0,0.0,0.0,1.0
236744.0,-4.4174,-3.5844,7.9091,-4.955,-2.698,-6.047,-20.84,11.426,0.038,-64.445,58.92,-8.217,-0.12,-0.12,0.12,0.0,0.0,0.0,0.0,1.0
236752.0,-4.3985,-3.5806,7.8866,-4.17,-1.966,-5.662,-21.39,11.453,0.025,-64.41,58.882,-8.211,-0.12,-0.12,0.12,0.0,0.0,0.0,0.0,1.0
236760.0,-4.4038,-3.5419,7.8542,-4.392,0.476,-5.556,-21.311,11.22,0.028,-64.376,58.844,-8.204,-0.12,-0.12,0.12,0.0,0.0,0.0,0.0,1.0
236767.0,-4.4115,-3.4939,7.8152,-3.563,2.361,-4.885,-20.84,10.813,0.01,-64.341,58.806,-8.198,-0.12,-0.12,0.12,0.0,0.0,0.0,0.0,1.0
236775.0,-4.4294,-3.4388,7.7794,-2.26,3.841,-3.756,-20.203,10.367,-0.004,-64.306,58.767,-8.191,-0.12,-0.12,0.12,0.0,0.0,0.0,0.0,1.0
236783.0,-4.4522,-3.3996,7.764,-1.451,3.619,-1.91,-19.545,10.066,-0.026,-64.27,58.728,-8.185,-0.12,-0.12,0.12,0.0,0.0,0.0,0.0,1.0
236790.0,-4.4694,-3.37,7.7523,-0.254,2.669,-0.358,-19.144,9.909,-0.044,-64.234,58.689,-8.178,-0.12,-0.12,0.12,0.0,0.0,0.0,0.0,1.0
236798.0,-4.4734,-3.3495,7.7364,0.908,2.072,0.769,-19.289,9.819,-0.047,-64.198,58.65,-8.172,-0.12,-0.12,0.12,0.0,0.0,0.0,0.0,1.0
236806.0,-4.4881,-3.3211,7.7234,1.371,2.817,1.252,-19.733,9.689,-0.032,-64.163,58.611,-8.165,-0.12,-0.12,0.12,0.0,0.0,0.0,0.0,1.0
236814.0,-4.5208,-3.2577,7.6944,1.125,6.486,0.686,-20.319,9.46,-0.024,-64.128,58.572,-8.159,-0.12,-0.12,0.12,0.0,0.0,0.0,0.0,1.0
236822.0,-4.545,-3.194,7.6566,2.255,7.849,0.836,-20.932,9.123,0.005,-64.093,58.532,-8.152,-0.12,-0.12,0.12,0.0,0.0,0.0,0.0,1.0
236829.0,-4.5617,-3.1467,7.6272,3.939,8.401,1.56,-21.222,9.052,0.016,-64.059,58.493,-8.146,-0.12,-0.12,0.12,0.0,0.0,0.0,0.0,1.0
236837.0,-4.5699,-3.1239,7.6133,4.699,8.422,1.413,-21.015,9.134,0.026,-64.024,58.453,-8.139,-0.12,-0.12,0.12,0.0,0.0,0.0,0.0,1.0
236845.0,-4.5583,-3.1288,7.6064,5.466,8.724,1.292,-20.33,9.362,0.032,-63.989,58.414,-8.132,-0.12,-0.12,0.12,0.0,0.0,0.0,0.0,1.0
236853.0,-4.5562,-3.1124,7.5884,6.062,9.656,0.503,-19.604,9.64,0.038,-63.954,58.375,-8.126,-0.12,-0.12,0.12,0.0,0.0,0.0,0.0,1.0
236860.0,-4.5796,-3.0691,7.5696,5.879,11.473,-0.179,-18.845,9.802,0.051,-63.918,58.336,-8.119,-0.12,-0.12,0.12,0.0,0.0,0.0,0.0,1.0
236868.0,-4.6075,-3.0079,7.5379,6.284,12.733,-0.47,-18.308,9.838,0.047,-63.882,58.297,-8.113,-0.12,-0.12,0.12,0.0,0.0,0.0,0.0,1.0
236876.0,-4.6214,-2.9587,7.5038,7.791,13.452,-0.265,-18.338,9.797,0.032,-63.845,58.259,-8.106,-0.12,-0.12,0.12,0.0,0.0,0.0,0.0,1.0
236884.0,-4.6357,-2.9172,7.4777,9.127,13.975,0.094,-18.688,9.809,0.012,-63.809,58.22,-8.1,-0.12,-0.12,0.12,0.0,0.0,0.0,0.0,1.0
236892.0,-4.6501,-2.8773,7.4532,9.372,15.123,-0.56,-19.221,9.91,0.017,-63.773,58.181,-8.093,-0.12,-0.12,0.12,0.0,0.0,0.0,0.0,1.0
236899.0,-4.6543,-2.8267,7.4082,9.691,16.015,-1.56,-19.807,10.062,0.009,-63.738,58.143,-8.087,-0.12,-0.12,0.12,0.0,0.0,0.0,0.0,1.0
236907.0,-4.6535,-2.7622,7.3445,9.533,18.244,-3.21,-20.297,10.176,0.016,-63.703,58.104,-8.08,-0.12,-0.12,0.12,0.0,0.0,0.0,0.0,1.0
236915.0,-4.6671,-2.6736,7.2719,7.931,21.386,-5.068,-20.299,10.104,0.033,-63.669,58.066,-8.074,-0.12,-0.07357,0.12,0.0,0.0,0.0,0.0,1.0
236923.0,-4.6732,-2.575,7.182,7.984,23.611,-6.291,-19.956,9.808,0.03,-63.634,58.027,-8.067,-0.12,-0.00517,0.12,0.0,0.0,0.0,0.0,1.0
236930.0,-4.6621,-2.4799,7.0783,9.779,24.495,-6.435,-19.408,9.44,0.005,-63.599,57.989,-8.061,-0.12,0.01356,0.12,0.0,0.0,0.0,0.0,1.0
236938.0,-4.6399,-2.3978,6.9761,10.896,24.276,-6.385,-18.792,9.075,-0.029,-63.563,57.95,-8.055,-0.12,0.01343,0.12,0.0,0.0,0.0,0.0,1.0
236946.0,-4.6194,-2.3236,6.8833,11.29,23.913,-6.736,-18.22,8.948,-0.059,-63.527,57.91,-8.048,-0.12,0.01948,0.12,0.0,0.0,0.0,0.0,1.0
236954.0,-4.5944,-2.2372,6.7742,11.772,23.019,-7.277,-18.037,8.932,-0.077,-63.49,57.871,-8.042,-0.12,0.02103,0.12,0.0,0.0,0.0,0.0,1.0
236962.0,-4.5836,-2.125,6.6541,11.882,22.597,-8.128,-18.271,8.937,-0.069,-63.454,57.832,-8.035,-0.12,0.04378,0.12,0.0,0.0,0.0,0.0,1.0
236969.0,-4.5991,-1.9696,6.5183,11.17,23.717,-9.169,-18.745,8.823,-0.037,-63.418,57.793,-8.029,-0.12,0.11235,0.12,0.0,0.0,0.0,0.0,1.0
236977.0,-4.6214,-1.7829,6.3587,10.668,25.956,-10.905,-19.32,8.584,-0.01,-63.383,57.754,-8.023,-0.12,0.12,0.12,0.0,0.0,0.0,0.0,1.0
236985.0,-4.646,-1.5625,6.1686,11.02,27.325,-12.307,-19.893,8.359,0.018,-63.348,57.714,-8.016,-0.12,0.12,0.12,0.0,0.0,0.0,0.0,1.0
236993.0,-4.6698,-1.3479,5.9835,11.299,28.261,-12.673,-20.13,8.165,0.026,-63.313,57.675,-8.01,-0.12,0.12,0.12,0.0,0.0,0.0,0.0,1.0
237001.0,-4.6815,-1.1536,5.8059,11.09,27.182,-13.498,-19.911,8.086,0.03,-63.279,57.635,-8.003,-0.12,0.12,0.12,0.0,0.0,0.0,0.0,1.0
237009.0,-4.6669,-0.9792,5.6215,11.912,25.146,-13.552,-19.312,8.143,0.02,-63.244,57.596,-7.997,-0.12,0.12,0.12,0.0,0.0,0.0,0.0,1.0
237016.0,-4.6392,-0.821,5.4398,12.598,23.755,-13.48,-18.66,8.346,0.031,-63.208,57.556,-7.991,-0.12,0.12,0.12,0.0,0.0,0.0,0.0,1.0
237024.0,-4.6177,-0.66,5.2615,11.74,23.499,-13.74,-17.937,8.584,0.005,-63.172,57.517,-7.984,-0.12,0.12,0.12,0.0,0.0,0.0,0.0,1.0
237032.0,-4.5895,-0.4844,5.0622,10.957,22.945,-14.304,-17.417,8.731,0.009,-63.136,57.478,-7.978,-0.12,0.12,0.12,0.0,0.0,0.0,0.0,1.0
237040.0,-4.556,-0.3068,4.8558,11.239,21.515,-14.105,-17.281,8.748,0.001,-63.099,57.439,-7.971,-0.12,0.12,0.12,0.0,0.0,0.0,0.0,1.0
237047.0,-4.5216,-0.1314,4.6505,11.7,21.22,-13.635,-17.626,8.615,-0.021,-63.063,57.4,-7.965,-0.12,0.12,0.12,0.0,0.0,0.0,0.0,1.0
237055.0,-4.48,0.0367,4.4452,12.079,20.5,-13.503,-18.128,8.504,-0.018,-63.027,57.361,-7.959,-0.12,0.12,0.12,0.0,0.0,0.0,0.0,1.0
237063.0,-4.4258,0.1864,4.2452,12.758,18.68,-12.572,-18.709,8.466,-0.04,-62.991,57.322,-7.952,-0.12,0.12,0.12,0.0,0.0,0.0,0.0,1.0
237071.0,-4.3683,0.3193,4.0582,12.738,16.009,-11.887,-19.279,8.6,-0.048,-62.956,57.283,-7.946,-0.12,0.12,0.12,0.0,0.0,0.0,0.0,1.0
237078.0,-4.3204,0.4563,3.8769,10.943,15.152,-11.03,-19.531,8.703,-0.05,-62.921,57.244,-7.94,-0.12,0.12,0.12,0.0,0.0,0.0,0.0,1.0
237086.0,-4.2825,0.5996,3.6994,8.838,14.867,-11.069,-19.284,8.871,-0.036,-62.887,57.205,-7.933,-0.12,0.12,0.12,0.0,0.0,0.0,0.0,1.0
237094.0,-4.231,0.7353,3.5158,8.858,14.141,-11.206,-18.82,8.819,-0.016,-62.851,57.167,-7.927,-0.12,0.12,0.12,0.0,0.0,0.0,0.0,1.0
237102.0,-4.1745,0.8608,3.3371,8.891,13.594,-10.902,-18.288,8.59,-0.013,-62.816,57.128,-7.921,-0.12,0.12,0.12,0.0,0.0,0.0,0.0,1.0
237109.0,-4.1193,0.9726,3.173,8.522,13.488,-9.897,-17.724,8.333,-0.004,-62.78,57.089,-7.914,-0.12,0.12,0.12,0.0,0.0,0.0,0.0,1.0
237117.0,-4.0544,1.0577,3.0252,7.939,12.166,-9.154,-17.329,8.015,0.008,-62.744,57.05,-7.908,-0.12,0.12,0.12,0.0,0.0,0.0,0.0,1.0
237125.0,-3.977,1.1133,2.8936,8.933,10.33,-7.888,-17.353,7.742,-0.006,-62.707,57.01,-7.902,-0.12,0.12,0.12,0.0,0.0,0.0,0.0,1.0
237133.0,-3.9119,1.1578,2.7852,8.787,8.98,-6.392,-17.692,7.596,-0.0,-62.671,56.971,-7.895,-0.12,0.12,0.12,0.0,0.0,0.0,0.0,1.0
237140.0,-3.8607,1.1903,2.7023,6.839,8.077,-5.654,-18.082,7.589,-0.007,-62.636,56.931,-7.889,-0.12,0.12,0.12,0.0,0.0,0.0,0.0,1.0
237148.0,-3.8012,1.2134,2.6203,5.91,6.597,-5.149,-18.535,7.586,0.027,-62.6,56.892,-7.883,-0.12,0.12,0.12,0.0,0.0,0.0,0.0,1.0
237156.0,-3.766,1.2511,2.5484,5.301,6.111,-4.688,-18.939,7.586,0.03,-62.565,56.852,-7.876,-0.12,0.12,0.12,0.0,0.0,0.0,0.0,1.0
237164.0,-3.7462,1.3102,2.471,4.357,6.432,-4.804,-19.004,7.487,0.046,-62.53,56.813,-7.87,-0.12,0.12,0.12,0.0,0.0,0.0,0.0,1.0
237171.0,-3.7374,1.3725,2.4016,3.34,7.14,-4.705,-18.69,7.285,0.037,-62.495,56.773,-7.864,-0.12,0.12,0.12,0.0,0.0,0.0,0.0,1.0
237179.0,-3.7289,1.4355,2.3317,3.566,7.466,-4.729,-18.104,7.095,0.028,-62.46,56.734,-7.857,-0.12,0.12,0.12,0.0,0.0,0.0,0.0,1.0
237187.0,-3.7152,1.4816,2.273,4.217,7.626,-4.483,-17.521,6.877,0.004,-62.424,56.694,-7.851,-0.12,0.12,0.12,0.0,0.0,0.0,0.0,1.0
237195.0,-3.7014,1.5158,2.2259,3.572,7.405,-4.357,-16.902,6.831,-0.011,-62.388,56.654,-7.845,-0.12,0.12,0.12,0.0,0.0,0.0,0.0,1.0
237202.0,-3.6889,1.5376,2.1922,3.413,6.752,-4.919,-16.365,6.893,-0.003,-62.351,56.614,-7.839,-0.12,0.12,0.12,0.0,0.0,0.0,0.0,1.0
237210.0,-3.6676,1.5482,2.1606,3.63,6.13,-5.361,-16.293,7.116,-0.011,-62.315,56.575,-7.832,-0.12,0.12,0.12,0.0,0.0,0.0,0.0,1.0
237218.0,-3.6483,1.5597,2.1302,3.79,5.595,-6.15,-16.411,7.342,0.004,-62.278,56.535,-7.826,-0.12,0.12,0.12,0.0,0.0,0.0,0.0,1.0
237226.0,-3.642,1.5854,2.0988,3.356,6.162,-7.13,-16.746,7.455,0.003,-62.241,56.496,-7.82,-0.12,0.12,0.12,0.0,0.0,0.0,0.0,1.0
237234.0,-3.6421,1.6229,2.0624,3.227,6.521,-7.889,-17.138,7.505,0.005,-62.205,56.457,-7.814,-0.12,0.12,0.12,0.0,0.0,0.0,0.0,1.0
237241.0,-3.6355,1.6517,2.0277,4.567,6.347,-8.316,-17.622,7.459,0.003,-62.169,56.418,-7.807,-0.12,0.12,0.12,0.0,0.0,0.0,0.0,1.0
237249.0,-3.6296,1.6922,1.9824,5.713,6.818,-8.877,-18.01,7.298,-0.0,-62.134,56.378,-7.801,-0.12,0.12,0.12,0.0,0.0,0.0,0.0,1.0
237257.0,-3.6333,1.7408,1.9387,5.26,7.818,-9.425,-18.004,7.202,-0.014,-62.099,56.339,-7.795,-0.12,0.12,0.12,0.0,0.0,0.0,0.0,1.0
237264.0,-3.6221,1.7721,1.897,5.463,8.043,-9.536,-17.764,7.172,-0.003,-62.063,56.3,-7.789,-0.12,0.12,0.12,0.0,0.0,0.0,0.0,1.0
237272.0,-3.5947,1.7992,1.8432,6.487,7.465,-10.194,-17.315,7.215,-0.0,-62.028,56.26,-7.782,-0.12,0.12,0.12,0.0,0.0,0.0,0.0,1.0
237280.0,-3.5605,1.8296,1.7794,6.915,6.987,-11.098,-16.846,7.291,0.004,-61.992,56.221,-7.776,-0.12,0.12,0.12,0.0,0.0,0.0,0.0,1.0
237288.0,-3.5304,1.8675,1.7124,6.405,6.984,-11.959,-16.332,7.535,0.025,-61.955,56.182,-7.77,-0.12,0.12,0.09616,0.0,0.0,0.0,0.0,1.0
237295.0,-3.5007,1.9157,1.6358,6.208,6.729,-12.988,-15.931,7.634,0.025,-61.919,56.144,-7.764,-0.12,0.12,0.06379,0.0,0.0,0.0,0.0,1.0
237304.0,-3.4558,1.9727,1.5353,7.11,7.04,-13.884,-15.886,7.598,0.015,-61.882,56.105,-7.757,-0.12,0.12,0.01559,0.0,0.0,0.0,0.0,1.0
237311.0,-3.4102,2.0413,1.4229,8.185,7.9,-14.234,-16.14,7.387,0.02,-61.845,56.066,-7.751,-0.12,0.12,-0.02705,0.0,0.0,0.0,0.0,1.0
237319.0,-3.3746,2.1227,1.3081,7.62,8.626,-14.288,-16.536,7.123,-0.012,-61.809,56.027,-7.745,-0.12,0.12,-0.05356,0.0,0.0,0.0,0.0,1.0
237327.0,-3.3168,2.1864,1.1883,8.193,8.758,-13.725,-16.953,6.781,-0.008,-61.773,55.987,-7.739,-0.12,0.12,-0.06954,0.0,0.0,0.0,0.0,1.0
237334.0,-3.2437,2.2434,1.0596,9.778,7.858,-13.246,-17.418,6.492,-0.031,-61.737,55.948,-7.733,-0.12,0.12,-0.09319,0.0,0.0,0.0,0.0,1.0
237342.0,-3.1591,2.2795,0.9398,10.121,6.862,-12.171,-17.76,6.396,-0.041,-61.702,55.908,-7.727,-0.12,0.12,-0.0924,0.0,0.0,0.0,0.0,1.0
237350.0,-3.0784,2.3248,0.815,9.355,6.624,-11.377,-17.804,6.295,-0.06,-61.667,55.869,-7.72,-0.12,0.12,-0.09586,0.0,0.0,0.0,0.0,1.0
237358.0,-2.9946,2.3698,0.6873,8.572,5.918,-11.051,-17.323,6.404,-0.046,-61.632,55.829,-7.714,-0.12,0.12,-0.10616,0.0,0.0,0.0,0.0,1.0
237365.0,-2.9021,2.4203,0.5457,8.196,5.386,-10.987,-16.838,6.455,-0.022,-61.596,55.79,-7.708,-0.12,0.12,-0.12,0.0,0.0,0.0,0.0,1.0
237373.0,-2.8198,2.4852,0.4001,7.653,5.552,-11.348,-16.294,6.461,0.015,-61.56,55.75,-7.702,-0.12,0.12,-0.12,0.0,0.0,0.0,0.0,1.0
237381.0,-2.7549,2.561,0.2613,6.703,6.004,-11.166,-15.701,6.373,0.027,-61.523,55.711,-7.696,-0.12,0.12,-0.12,0.0,0.0,0.0,0.0,1.0
237389.0,-2.7032,2.6393,0.1334,6.092,6.281,-10.725,-15.229,6.215,0.047,-61.486,55.671,-7.69,-0.12,0.12,-0.12,0.0,0.0,0.0,0.0,1.0
237397.0,-2.6355,2.6926,0.0139,7.174,5.303,-9.982,-15.055,6.097,0.023,-61.449,55.632,-7.683,-0.12,0.12,-0.12,0.0,0.0,0.0,0.0,1.0
237404.0,-2.5827,2.732,-0.0774,7.334,5.006,-8.47,-15.25,5.816,0.014,-61.412,55.592,-7.677,-0.12,0.12,-0.12,0.0,0.0,0.0,0.0,1.0
237412.0,-2.5468,2.7636,-0.1441,6.492,4.55,-6.855,-15.557,5.708,-0.012,-61.376,55.552,-7.671,-0.12,0.12,-0.12,0.0,0.0,0.0,0.0,1.0
237420.0,-2.5,2.7713,-0.1984,6.619,3.239,-5.143,-15.899,5.57,-0.026,-61.339,55.512,-7.665,-0.12,0.12,-0.12,0.0,0.0,0.0,0.0,1.0
237428.0,-2.4434,2.7647,-0.2486,6.582,1.209,-4.238,-16.381,5.622,-0.036,-61.303,55.472,-7.659,-0.12,0.12,-0.12,0.0,0.0,0.0,0.0,1.0
237435.0,-2.3806,2.7612,-0.308,7.678,0.212,-3.597,-16.83,5.651,-0.031,-61.267,55.432,-7.653,-0.12,0.12,-0.12,0.0,0.0,0.0,0.0,1.0
237443.0,-2.3315,2.7703,-0.3659,6.781,-0.493,-3.79,-17.077,5.837,0.005,-61.232,55.393,-7.647,-0.12,0.12,-0.11907,0.0,0.0,0.0,0.0,1.0
237451.0,-2.2925,2.7946,-0.4286,5.909,-0.601,-4.078,-16.798,5.986,0.033,-61.196,55.353,-7.641,-0.12,0.12,-0.12,0.0,0.0,0.0,0.0,1.0
237459.0,-2.2559,2.8301,-0.4998,5.544,-1.259,-4.746,-16.454,6.159,0.06,-61.161,55.314,-7.634,-0.12,0.12,-0.12,0.0,0.0,0.0,0.0,1.0
237466.0,-2.2084,2.8559,-0.5725,5.729,-0.862,-5.221,-16.059,6.23,0.07,-61.125,55.274,-7.628,-0.12,0.12,-0.12,0.0,0.0,0.0,0.0,1.0
237474.0,-2.1903,2.8932,-0.6269,4.147,0.354,-4.961,-15.639,6.195,0.069,-61.089,55.235,-7.622,-0.12,0.12,-0.12,0.0,0.0,0.0,0.0,1.0
237482.0,-2.1661,2.9133,-0.6706,2.994,0.343,-4.113,-15.174,6.087,0.037,-61.052,55.196,-7.616,-0.12,0.12,-0.12,0.0,0.0,0.0,0.0,1.0
237490.0,-2.1252,2.9093,-0.7077,3.461,0.05,-2.594,-14.895,5.826,0.002,-61.015,55.157,-7.61,-0.12,0.12,-0.12,0.0,0.0,0.0,0.0,1.0
237498.0,-2.0638,2.8612,-0.7222,2.818,-1.013,-0.889,-14.958,5.687,-0.046,-60.978,55.117,-7.604,-0.12,0.12,-0.12,0.0,0.0,0.0,0.0,1.0
237505.0,-2.0024,2.8072,-0.731,2.889,-1.326,1.045,-15.225,5.474,-0.08,-60.942,55.077,-7.598,-0.12,0.12,-0.08672,0.0,0.0,0.0,0.0,1.0
237513.0,-1.9299,2.7261,-0.7246,2.351,-2.682,2.199,-15.488,5.478,-0.096,-60.905,55.038,-7.592,-0.12,0.12,-0.04806,0.0,0.0,0.0,0.0,1.0
237521.0,-1.8525,2.6575,-0.7352,1.781,-3.881,2.382,-15.794,5.554,-0.093,-60.869,54.998,-7.586,-0.12,0.12,-0.03033,0.0,0.0,0.0,0.0,1.0
237529.0,-1.7828,2.5954,-0.7445,2.531,-5.388,2.083,-16.169,5.745,-0.051,-60.833,54.959,-7.58,-0.12,0.12,-0.02874,0.0,0.0,0.0,0.0,1.0
237537.0,-1.7379,2.5624,-0.7573,1.883,-5.073,1.359,-16.455,5.838,-0.006,-60.798,54.919,-7.574,-0.12,0.12,-0.03421,0.0,0.0,0.0,0.0,1.0
237545.0,-1.7145,2.5422,-0.7609,0.921,-5.176,0.733,-16.411,5.932,0.038,-60.762,54.88,-7.568,-0.12,0.12,-0.03079,0.0,0.0,0.0,0.0,1.0
237552.0,-1.7454,2.5588,-0.7462,-0.817,-4.368,0.5,-15.964,5.976,0.056,-60.726,54.841,-7.562,-0.12,0.12,-0.02443,0.0,0.0,0.0,0.0,1.0
237560.0,-1.7784,2.5682,-0.7223,-1.965,-4.464,1.005,-15.485,5.907,0.057,-60.69,54.802,-7.555,-0.12,0.12,-0.00205,0.0,0.0,0.0,0.0,1.0
237568.0,-1.809,2.5676,-0.6912,-2.844,-3.659,1.29,-15.039,5.747,0.055,-60.654,54.763,-7.549,-0.12,0.12,0.00842,0.0,0.0,0.0,0.0,1.0
237575.0,-1.8451,2.5504,-0.6383,-3.585,-2.992,2.738,-14.598,5.521,0.036,-60.617,54.724,-7.543,-0.12,0.12,0.04223,0.0,0.0,0.0,0.0,1.0
237583.0,-1.8866,2.5346,-0.5814,-5.185,-2.895,3.183,-14.101,5.28,0.015,-60.58,54.684,-7.537,-0.12,0.12,0.07102,0.0,0.0,0.0,0.0,1.0
237591.0,-1.8909,2.4833,-0.5272,-4.962,-3.378,3.655,-13.807,4.96,-0.017,-60.543,54.644,-7.531,-0.12,0.12,0.08737,0.0,0.0,0.0,0.0,1.0
237599.0,-1.8629,2.4019,-0.4759,-3.578,-4.3,4.037,-13.855,4.806,-0.026,-60.506,54.605,-7.525,-0.12,0.12,0.09952,0.0,0.0,0.0,0.0,1.0
237607.0,-1.8309,2.3237,-0.4317,-3.217,-4.239,3.932,-13.982,4.552,-0.019,-60.468,54.565,-7.519,-0.12,0.12,0.10609,0.0,0.0,0.0,0.0,1.0
237614.0,-1.8084,2.2423,-0.375,-3.529,-5.167,4.221,-14.23,4.566,-0.032,-60.431,54.525,-7.513,-0.12,0.12,0.12,0.0,0.0,0.0,0.0,1.0
237622.0,-1.7943,2.1789,-0.3273,-3.957,-5.379,4.014,-14.447,4.481,-0.022,-60.394,54.485,-7.507,-0.12,0.12,0.12,0.0,0.0,0.0,0.0,1.0
237630.0,-1.7851,2.1173,-0.2765,-5.001,-5.93,3.812,-14.729,4.52,-0.012,-60.358,54.445,-7.501,-0.12,0.12,0.12,0.0,0.0,0.0,0.0,1.0
237638.0,-1.7904,2.0818,-0.2367,-6.268,-5.284,3.164,-15.06,4.615,0.008,-60.322,54.405,-7.495,-0.12,0.12,0.12,0.0,0.0,0.0,0.0,1.0
237645.0,-1.8372,2.0778,-0.1859,-8.129,-4.551,2.601,-15.225,4.609,0.037,-60.286,54.365,-7.489,-0.12,0.12,0.12,0.0,0.0,0.0,0.0,1.0
237653.0,-1.9102,2.0886,-0.1235,-10.11,-4.623,2.011,-15.062,4.74,0.059,-60.249,54.325,-7.483,-0.12,0.12,0.12,0.0,0.0,0.0,0.0,1.0
237661.0,-1.9701,2.0911,-0.066,-11.205,-3.97,1.713,-14.82,4.673,0.058,-60.213,54.286,-7.477,-0.12,0.12,0.12,0.0,0.0,0.0,0.0,1.0
237669.0,-2.0263,2.0848,-0.0036,-11.068,-4.487,1.458,-14.46,4.649,0.068,-60.177,54.246,-7.471,-0.12,0.12,0.12,0.0,0.0,0.0,0.0,1.0
237677.0,-2.0766,2.0767,0.0546,-11.021,-3.624,1.287,-14.179,4.484,0.042,-60.14,54.206,-7.465,-0.12,0.12,0.12,0.0,0.0,0.0,0.0,1.0
237684.0,-2.1308,2.0581,0.1269,-11.49,-3.972,1.894,-13.821,4.347,-0.001,-60.103,54.166,-7.459,-0.12,0.12,0.12,0.0,0.0,0.0,0.0,1.0
237692.0,-2.1965,2.0476,0.2029,-11.82,-3.963,2.425,-13.401,4.092,-0.023,-60.066,54.126,-7.453,-0.12,0.12,0.12,0.0,0.0,0.0,0.0,1.0
237700.0,-2.2481,2.0201,0.2812,-11.18,-4.592,2.837,-13.18,3.764,-0.047,-60.028,54.086,-7.447,-0.12,0.12,0.12,0.0,0.0,0.0,0.0,1.0
237707.0,-2.289,1.9779,0.3632,-10.034,-5.73,2.827,-13.184,3.729,-0.079,-59.991,54.046,-7.441,-0.12,0.12,0.12,0.0,0.0,0.0,0.0,1.0
237715.0,-2.343,1.9608,0.4339,-9.683,-4.947,2.75,-13.344,3.543,-0.067,-59.954,54.006,-7.436,-0.12,0.12,0.12,0.0,0.0,0.0,0.0,1.0
237723.0,-2.4122,1.9519,0.5118,-9.835,-4.44,2.396,-13.577,3.402,-0.06,-59.916,53.965,-7.43,-0.12,0.12,0.12,0.0,0.0,0.0,0.0,1.0
237731.0,-2.4892,1.9461,0.5945,-10.563,-5.827,1.444,-13.76,3.513,-0.024,-59.879,53.925,-7.424,-0.12,0.12,0.12,0.0,0.0,0.0,0.0,1.0
237739.0,-2.5754,1.9537,0.6733,-11.269,-5.27,0.535,-14.032,3.524,-0.006,-59.843,53.884,-7.418,-0.12,0.12,0.12,0.0,0.0,0.0,0.0,1.0
237746.0,-2.6415,1.9454,0.7475,-11.375,-5.747,0.061,-14.343,3.604,0.033,-59.806,53.844,-7.412,-0.12,0.12,0.12,0.0,0.0,0.0,0.0,1.0
237754.0,-2.6906,1.9338,0.8079,-11.527,-6.226,-1.106,-14.568,3.847,0.055,-59.77,53.804,-7.406,-0.12,0.12,0.12,0.0,0.0,0.0,0.0,1.0
237762.0,-2.7502,1.9397,0.8618,-12.409,-5.69,-1.606,-14.561,3.945,0.078,-59.734,53.764,-7.4,-0.12,0.12,0.12,0.0,0.0,0.0,0.0,1.0
237770.0,-2.805,1.9356,0.9206,-12.731,-6.405,-2.577,-14.306,4.092,0.079,-59.698,53.725,-7.394,-0.12,0.12,0.12,0.0,0.0,0.0,0.0,1.0
237777.0,-2.8473,1.9313,0.9671,-12.6,-6.774,-3.291,-13.977,4.251,0.09,-59.661,53.685,-7.388,-0.12,0.12,0.12,0.0,0.0,0.0,0.0,1.0
237785.0,-2.8827,1.9249,1.0087,-12.424,-6.34,-3.373,-13.655,4.179,0.065,-59.625,53.645,-7.382,-0.12,0.12,0.12,0.0,0.0,0.0,0.0,1.0
237793.0,-2.9199,1.91,1.0604,-11.785,-6.709,-3.221,-13.311,4.254,0.032,-59.588,53.606,-7.376,-0.12,0.12,0.12,0.0,0.0,0.0,0.0,1.0
237801.0,-2.968,1.9124,1.1062,-11.826,-5.785,-2.729,-12.915,4.099,-0.005,-59.55,53.566,-7.37,-0.12,0.12,0.12,0.0,0.0,0.0,0.0,1.0
237809.0,-3.0096,1.9034,1.1565,-12.084,-5.705,-2.128,-12.52,3.924,-0.05,-59.513,53.527,-7.364,-0.12,0.12,0.12,0.0,0.0,0.0,0.0,1.0
237816.0,-3.0389,1.8854,1.2034,-11.309,-6.348,-1.733,-12.307,3.882,-0.077,-59.475,53.487,-7.358,-0.12,0.12,0.12,0.0,0.0,0.0,0.0,1.0
237824.0,-3.0618,1.8748,1.2366,-10.016,-4.838,-1.259,-12.294,3.608,-0.095,-59.437,53.447,-7.353,-0.12,0.12,0.12,0.0,0.0,0.0,0.0,1.0
237832.0,-3.0868,1.8616,1.2744,-9.067,-4.544,-0.704,-12.47,3.352,-0.104,-59.4,53.407,-7.347,-0.12,0.12,0.12,0.0,0.0,0.0,0.0,1.0
237839.0,-3.1221,1.8498,1.3213,-8.457,-4.835,-0.389,-12.674,3.302,-0.091,-59.362,53.367,-7.341,-0.12,0.12,0.12,0.0,0.0,0.0,0.0,1.0
237847.0,-3.1781,1.8582,1.3691,-8.357,-4.183,-0.083,-12.856,3.141,-0.081,-59.325,53.327,-7.335,-0.12,0.12,0.12,0.0,0.0,0.0,0.0,1.0
237855.0,-3.2353,1.8674,1.4173,-7.823,-3.351,-0.287,-13.091,2.907,-0.048,-59.288,53.287,-7.329,-0.12,0.12,0.12,0.0,0.0,0.0,0.0,1.0
237863.0,-3.2711,1.8544,1.4659,-6.455,-4.007,0.269,-13.44,2.909,-0.019,-59.251,53.247,-7.324,-0.12,0.12,0.12,0.0,0.0,0.0,0.0,1.0
237871.0,-3.3155,1.8457,1.5187,-6.229,-4.615,0.439,-13.754,3.061,0.008,-59.215,53.206,-7.318,-0.12,0.12,0.12,0.0,0.0,0.0,0.0,1.0
237878.0,-3.3786,1.8609,1.567,-6.785,-3.319,0.44,-13.889,3.038,0.058,-59.179,53.166,-7.312,-0.12,0.12,0.12,0.0,0.0,0.0,0.0,1.0
237886.0,-3.4401,1.8751,1.6147,-7.58,-2.331,0.564,-13.661,2.995,0.094,-59.142,53.126,-7.306,-0.12,0.12,0.12,0.0,0.0,0.0,0.0,1.0
237894.0,-3.4743,1.8653,1.6585,-6.845,-3.751,0.615,-13.432,3.194,0.098,-59.106,53.086,-7.3,-0.12,0.12,0.12,0.0,0.0,0.0,0.0,1.0
237901.0,-3.4907,1.8468,1.6929,-5.444,-4.682,0.461,-13.227,3.429,0.091,-59.069,53.046,-7.294,-0.12,0.12,0.12,0.0,0.0,0.0,0.0,1.0
237909.0,-3.5075,1.8482,1.7084,-5.618,-3.095,0.318,-12.982,3.435,0.083,-59.032,53.007,-7.288,-0.12,0.12,0.12,0.0,0.0,0.0,0.0,1.0
237917.0,-3.526,1.845,1.7299,-5.336,-2.469,0.254,-12.713,3.588,0.078,-58.995,52.967,-7.282,-0.12,0.12,0.12,0.0,0.0,0.0,0.0,1.0
237925.0,-3.5401,1.8347,1.7541,-5.285,-2.796,0.531,-12.349,3.815,0.039,-58.958,52.928,-7.276,-0.12,0.12,0.12,0.0,0.0,0.0,0.0,1.0
237933.0,-3.5554,1.8336,1.7705,-5.82,-1.866,0.77,-12.079,3.874,0.016,-58.921,52.889,-7.271,-0.12,0.12,0.12,0.0,0.0,0.0,0.0,1.0
237940.0,-3.5639,1.8317,1.7807,-4.82,-1.121,0.823,-12.02,3.781,-0.026,-58.883,52.849,-7.265,-0.12,0.12,0.12,0.0,0.0,0.0,0.0,1.0
237948.0,-3.5705,1.8213,1.7975,-2.812,-0.91,1.035,-12.178,3.801,-0.059,-58.846,52.81,-7.259,-0.12,0.12,0.12,0.0,0.0,0.0,0.0,1.0
237956.0,-3.5896,1.8236,1.8144,-2.15,0.122,1.032,-12.401,3.688,-0.098,-58.809,52.771,-7.253,-0.12,0.12,0.12,0.0,0.0,0.0,0.0,1.0
237964.0,-3.6203,1.8287,1.8401,-1.804,1.821,1.524,-12.533,3.403,-0.093,-58.772,52.732,-7.248,-0.12,0.12,0.12,0.0,0.0,0.0,0.0,1.0
237971.0,-3.6465,1.823,1.8719,-1.622,2.409,1.6,-12.692,3.23,-0.1,-58.735,52.692,-7.242,-0.12,0.12,0.12,0.0,0.0,0.0,0.0,1.0
237979.0,-3.6696,1.8195,1.8984,-0.2,2.858,2.054,-12.9,3.097,-0.081,-58.698,52.652,-7.236,-0.12,0.12,0.12,0.0,0.0,0.0,0.0,1.0
237987.0,-3.6978,1.8244,1.9218,1.353,4.225,2.303,-13.177,2.671,-0.062,-58.662,52.613,-7.23,-0.12,0.12,0.12,0.0,0.0,0.0,0.0,1.0
237995.0,-3.7277,1.8264,1.9498,3.04,5.75,2.368,-13.36,2.254,-0.022,-58.625,52.572,-7.225,-0.12,0.12,0.12,0.0,0.0,0.0,0.0,1.0
238003.0,-3.7567,1.8237,1.9814,4.333,5.393,3.228,-13.309,2.016,0.013,-58.589,52.532,-7.219,-0.12,0.12,0.12,0.0,0.0,0.0,0.0,1.0
238010.0,-3.7832,1.8177,2.0138,4.506,5.135,3.84,-13.093,1.951,0.023,-58.553,52.492,-7.213,-0.12,0.12,0.12,0.0,0.0,0.0,0.0,1.0
238018.0,-3.8068,1.8258,2.0295,5.367,5.005,4.059,-12.752,1.85,0.058,-58.516,52.451,-7.207,-0.12,0.12,0.12,0.0,0.0,0.0,0.0,1.0
238026.0,-3.8297,1.8563,2.0226,6.397,6.565,3.373,-12.498,1.663,0.068,-58.48,52.411,-7.202,-0.12,0.12,0.12,0.0,0.0,0.0,0.0,1.0
238033.0,-3.8496,1.9034,1.9967,8.269,8.401,3.049,-12.25,1.301,0.097,-58.443,52.37,-7.196,-0.12,0.12,0.12,0.0,0.0,0.0,0.0,1.0
238041.0,-3.8678,1.9575,1.9622,9.617,9.649,2.567,-11.991,0.957,0.08,-58.406,52.329,-7.19,-0.12,0.12,0.12,0.0,0.0,0.0,0.0,1.0
238049.0,-3.8857,2.0072,1.9318,10.611,10.526,2.494,-11.649,0.663,0.085,-58.368,52.287,-7.184,-0.12,0.12,0.12,0.0,0.0,0.0,0.0,1.0
238056.0,-3.8926,2.0452,1.9016,11.593,10.745,2.456,-11.371,0.409,0.038,-58.331,52.246,-7.178,-0.12,0.12,0.12,0.0,0.0,0.0,0.0,1.0
238064.0,-3.883,2.0691,1.8688,12.732,10.87,2.67,-11.298,0.21,0.025,-58.293,52.204,-7.173,-0.12,0.12,0.12,0.0,0.0,0.0,0.0,1.0
238072.0,-3.8596,2.0864,1.8286,14.142,11.095,2.726,-11.339,0.058,-0.022,-58.256,52.163,-7.167,-0.12,0.12,0.12,0.0,0.0,0.0,0.0,1.0
238079.0,-3.8394,2.1088,1.7865,14.938,12.155,2.667,-11.455,-0.113,-0.052,-58.218,52.121,-7.161,-0.12,0.12,0.12,0.0,0.0,0.0,0.0,1.0
238087.0,-3.8156,2.1318,1.7403,15.156,12.624,2.191,-11.618,-0.286,-0.073,-58.181,52.079,-7.155,-0.12,0.12,0.12,0.0,0.0,0.0,0.0,1.0
238095.0,-3.7901,2.161,1.6863,15.587,12.977,1.512,-11.727,-0.483,-0.063,-58.144,52.037,-7.15,-0.12,0.12,0.12,0.0,0.0,0.0,0.0,1.0
238103.0,-3.7491,2.186,1.621,16.759,12.912,0.933,-11.898,-0.713,-0.052,-58.107,51.995,-7.144,-0.12,0.12,0.12,0.0,0.0,0.0,0.0,1.0
238110.0,-3.698,2.2133,1.5433,18.411,13.16,0.406,-12.148,-0.887,-0.027,-58.07,51.953,-7.138,-0.12,0.12,0.12,0.0,0.0,0.0,0.0,1.0
238118.0,-3.6427,2.2393,1.4626,20.213,13.118,0.021,-12.425,-1.138,-0.026,-58.033,51.91,-7.133,-0.12,0.12,0.09141,0.0,0.0,0.0,0.0,1.0
238126.0,-3.5891,2.2703,1.3788,20.964,13.202,-0.497,-12.567,-1.348,0.004,-57.997,51.868,-7.127,-0.12,0.12,0.06428,0.0,0.0,0.0,0.0,1.0
238134.0,-3.5368,2.3023,1.2954,21.139,12.705,-0.388,-12.509,-1.451,0.005,-57.961,51.825,-7.121,-0.12,0.12,0.05211,0.0,0.0,0.0,0.0,1.0
238141.0,-3.4869,2.3394,1.2093,20.74,12.147,-0.17,-12.296,-1.411,0.007,-57.924,51.783,-7.116,-0.12,0.12,0.0453,0.0,0.0,0.0,0.0,1.0
238149.0,-3.4291,2.3853,1.1068,21.29,11.263,-1.316,-12.089,-1.358,0.029,-57.888,51.74,-7.11,-0.12,0.12,0.00869,0.0,0.0,0.0,0.0,1.0
238157.0,-3.3634,2.438,0.9898,21.766,11.57,-2.309,-11.865,-1.348,0.034,-57.851,51.698,-7.104,-0.12,0.12,-0.04018,0.0,0.0,0.0,0.0,1.0
238165.0,-3.2877,2.5066,0.8473,21.82,12.914,-3.39,-11.681,-1.447,0.051,-57.814,51.655,-7.098,-0.12,0.12,-0.09908,0.0,0.0,0.0,0.0,1.0
238173.0,-3.2019,2.5687,0.7009,21.704,14.434,-3.947,-11.436,-1.7,0.042,-57.777,51.613,-7.093,-0.12,0.12,-0.12,0.0,0.0,0.0,0.0,1.0
238180.0,-3.1092,2.6173,0.5609,21.257,14.918,-3.984,-11.146,-2.029,0.021,-57.74,51.57,-7.087,-0.12,0.12,-0.12,0.0,0.0,0.0,0.0,1.0
238188.0,-2.9873,2.6238,0.4327,21.872,13.89,-2.937,-10.884,-2.289,-0.01,-57.702,51.527,-7.081,-0.12,0.12,-0.12,0.0,0.0,0.0,0.0,1.0
238196.0,-2.8432,2.6015,0.3103,22.706,11.812,-1.904,-10.766,-2.342,-0.042,-57.665,51.484,-7.076,-0.12,0.12,-0.12,0.0,0.0,0.0,0.0,1.0
238203.0,-2.6895,2.5693,0.1879,23.015,10.164,-1.305,-10.788,-2.307,-0.059,-57.627,51.441,-7.07,-0.12,0.12,-0.12,0.0,0.0,0.0,0.0,1.0
238211.0,-2.541,2.5572,0.0511,22.661,10.111,-1.532,-10.918,-2.391,-0.078,-57.59,51.398,-7.065,-0.12,0.12,-0.12,0.0,0.0,0.0,0.0,1.0
238219.0,-2.4114,2.5704,-0.0914,22.089,11.066,-1.703,-11.03,-2.616,-0.054,-57.553,51.355,-7.059,-0.12,0.12,-0.12,0.0,0.0,0.0,0.0,1.0
238227.0,-2.298,2.5955,-0.2292,21.468,11.288,-1.832,-11.117,-2.744,-0.035,-57.516,51.311,-7.053,-0.12,0.12,-0.12,0.0,0.0,0.0,0.0,1.0
238235.0,-2.1875,2.613,-0.3567,19.304,9.891,-1.335,-11.199,-2.628,0.001,-57.478,51.268,-7.048,-0.12,0.12,-0.12,0.0,0.0,0.0,0.0,1.0
238242.0,-2.0875,2.6417,-0.4847,18.664,9.259,-1.542,-11.368,-2.498,0.01,-57.442,51.225,-7.042,-0.12,0.12,-0.12,0.0,0.0,0.0,0.0,1.0
238250.0,-2.0053,2.6881,-0.6122,17.501,9.844,-1.915,-11.551,-2.498,0.025,-57.405,51.182,-7.036,-0.12,0.12,-0.12,0.0,0.0,0.0,0.0,1.0
238258.0,-1.9355,2.7372,-0.7298,16.586,9.873,-1.98,-11.71,-2.531,0.044,-57.368,51.139,-7.031,-0.12,0.12,-0.12,0.0,0.0,0.0,0.0,1.0
238266.0,-1.874,2.7751,-0.8282,15.462,8.8,-2.108,-11.705,-2.369,0.057,-57.332,51.097,-7.025,-0.12,0.12,-0.12,0.0,0.0,0.0,0.0,1.0
238273.0,-1.8136,2.7976,-0.9106,13.673,7.151,-1.946,-11.656,-2.001,0.048,-57.295,51.054,-7.019,-0.12,0.12,-0.12,0.0,0.0,0.0,0.0,1.0
238281.0,-1.7417,2.8111,-0.9956,11.844,5.786,-2.452,-11.262,-1.62,0.056,-57.259,51.012,-7.014,-0.12,0.12,-0.12,0.0,0.0,0.0,0.0,1.0
238289.0,-1.6532,2.8217,-1.0945,11.225,4.565,-3.677,-11.026,-1.348,0.065,-57.222,50.97,-7.008,-0.12,0.12,-0.12,0.0,0.0,0.0,0.0,1.0
238297.0,-1.5478,2.8234,-1.2016,11.23,3.925,-4.839,-10.812,-1.146,0.073,-57.185,50.928,-7.002,-0.11833,0.12,-0.12,0.0,0.0,0.0,0.0,1.0
238304.0,-1.4392,2.8188,-1.3057,10.901,3.571,-6.058,-10.628,-1.05,0.064,-57.147,50.887,-6.997,-0.08782,0.12,-0.12,0.0,0.0,0.0,0.0,1.0
238312.0,-1.3453,2.8101,-1.3911,10.205,3.52,-6.368,-10.395,-0.979,0.043,-57.11,50.845,-6.991,-0.07725,0.12,-0.12,0.0,0.0,0.0,0.0,1.0
238320.0,-1.2685,2.7953,-1.4535,8.451,2.533,-6.057,-10.068,-0.869,0.009,-57.072,50.804,-6.986,-0.08599,0.12,-0.12,0.0,0.0,0.0,0.0,1.0
238328.0,-1.2046,2.7743,-1.4971,6.818,0.874,-5.726,-9.734,-0.68,-0.015,-57.035,50.763,-6.98,-0.09029,0.12,-0.12,0.0,0.0,0.0,0.0,1.0
238335.0,-1.1497,2.7579,-1.536,6.608,-1.601,-6.213,-9.529,-0.443,-0.05,-56.997,50.722,-6.974,-0.05805,0.12,-0.12,0.0,0.0,0.0,0.0,1.0
238343.0,-1.0998,2.7523,-1.5804,5.059,-2.124,-6.995,-9.356,-0.21,-0.059,-56.959,50.681,-6.969,-0.06383,0.12,-0.12,0.0,0.0,0.0,0.0,1.0
238351.0,-1.0607,2.7692,-1.636,3.62,-2.081,-7.819,-9.465,0.068,-0.049,-56.921,50.64,-6.963,-0.07489,0.12,-0.12,0.0,0.0,0.0,0.0,1.0
238359.0,-1.0338,2.8039,-1.6966,1.873,-1.196,-8.753,-9.572,0.294,-0.048,-56.883,50.6,-6.958,-0.09952,0.12,-0.12,0.0,0.0,0.0,0.0,1.0
238367.0,-1.0443,2.8686,-1.7491,0.251,-0.955,-9.381,-9.664,0.472,-0.032,-56.845,50.56,-6.952,-0.12,0.12,-0.12,0.0,0.0,0.0,0.0,1.0
238374.0,-1.0539,2.9323,-1.8015,-1.127,-1.425,-9.859,-9.685,0.602,-0.034,-56.807,50.52,-6.947,-0.12,0.12,-0.12,0.0,0.0,0.0,0.0,1.0
238382.0,-1.0366,2.9859,-1.871,-1.656,-2.251,-10.089,-9.714,0.669,-0.038,-56.77,50.48,-6.941,-0.12,0.12,-0.12,0.0,0.0,0.0,0.0,1.0
238390.0,-0.9834,3.0104,-1.9482,-1.157,-3.672,-10.223,-9.807,0.689,-0.015,-56.732,50.44,-6.936,-0.10839,0.12,-0.12,0.0,0.0,0.0,0.0,1.0
238398.0,-0.908,3.0151,-2.0282,-0.764,-4.7,-10.221,-10.004,0.681,0.005,-56.695,50.4,-6.93,-0.07754,0.12,-0.12,0.0,0.0,0.0,0.0,1.0
238405.0,-0.8238,3.0,-2.0976,-0.672,-4.951,-9.956,-10.203,0.657,0.02,-56.657,50.361,-6.925,-0.05898,0.12,-0.12,0.0,0.0,0.0,0.0,1.0
238413.0,-0.7543,2.983,-2.1507,-1.065,-5.357,-9.155,-10.354,0.641,0.013,-56.62,50.321,-6.919,-0.05515,0.12,-0.12,0.0,0.0,0.0,0.0,1.0
238421.0,-0.7101,2.9581,-2.1706,-2.116,-5.51,-8.269,-10.366,0.667,0.003,-56.583,50.281,-6.914,-0.07087,0.12,-0.12,0.0,0.0,0.0,0.0,1.0
238429.0,-0.6688,2.9194,-2.1742,-2.823,-6.512,-7.194,-10.148,0.759,-0.01,-56.546,50.242,-6.908,-0.07607,0.12,-0.12,0.0,0.0,0.0,0.0,1.0
238436.0,-0.6098,2.8655,-2.1808,-4.49,-8.828,-5.537,-9.988,0.945,-0.03,-56.509,50.202,-6.903,-0.08862,0.12,-0.12,0.0,0.0,0.0,0.0,1.0
238444.0,-0.557,2.8135,-2.183,-4.438,-10.418,-5.054,-9.797,1.195,-0.019,-56.472,50.163,-6.897,-0.06924,0.12,-0.12,0.0,0.0,0.0,0.0,1.0
238452.0,-0.5135,2.7689,-2.183,-4.3,-11.633,-5.668,-9.656,1.485,0.011,-56.435,50.124,-6.892,-0.04391,0.12,-0.12,0.0,0.0,0.0,0.0,1.0
238460.0,-0.4791,2.7511,-2.2,-5.949,-11.863,-5.904,-9.522,1.769,0.026,-56.397,50.085,-6.886,-0.06257,0.12,-0.12,0.0,0.0,0.0,0.0,1.0
238468.0,-0.4824,2.7663,-2.2116,-8.004,-10.371,-5.974,-9.396,1.903,0.047,-56.36,50.047,-6.88,-0.11123,0.12,-0.12,0.0,0.0,0.0,0.0,1.0
238475.0,-0.5294,2.8071,-2.2043,-9.697,-8.8,-5.534,-9.181,1.845,0.055,-56.322,50.008,-6.875,-0.12,0.12,-0.12,0.0,0.0,0.0,0.0,1.0
238483.0,-0.5908,2.845,-2.1798,-10.174,-8.252,-5.077,-8.932,1.691,0.041,-56.284,49.97,-6.869,-0.12,0.12,-0.12,0.0,0.0,0.0,0.0,1.0
238491.0,-0.6331,2.8578,-2.1499,-9.288,-9.43,-4.361,-8.7,1.594,0.014,-56.246,49.931,-6.864,-0.12,0.12,-0.12,0.0,0.0,0.0,0.0,1.0
238499.0,-0.6393,2.8399,-2.1263,-8.801,-11.414,-3.499,-8.544,1.617,-0.026,-56.208,49.892,-6.858,-0.12,0.12,-0.12,0.0,0.0,0.0,0.0,1.0
238507.0,-0.6339,2.7967,-2.0896,-7.421,-12.673,-2.774,-8.541,1.705,-0.038,-56.17,49.854,-6.853,-0.12,0.12,-0.12,0.0,0.0,0.0,0.0,1.0
238514.0,-0.6264,2.7563,-2.0578,-6.994,-12.923,-2.422,-8.652,1.739,-0.042,-56.132,49.815,-6.847,-0.12,0.12,-0.12,0.0,0.0,0.0,0.0,1.0
238522.0,-0.6231,2.7257,-2.0313,-6.664,-11.991,-2.097,-8.784,1.643,-0.033,-56.094,49.777,-6.842,-0.12,0.12,-0.12,0.0,0.0,0.0,0.0,1.0
238530.0,-0.6309,2.7095,-2.0077,-5.706,-10.777,-1.838,-8.891,1.411,-0.034,-56.056,49.738,-6.837,-0.12,0.12,-0.12,0.0,0.0,0.0,0.0,1.0
238538.0,-0.6629,2.6993,-1.9658,-4.835,-9.876,-1.285,-8.901,1.064,-0.054,-56.018,49.699,-6.831,-0.12,0.12,-0.12,0.0,0.0,0.0,0.0,1.0
238546.0,-0.6825,2.6742,-1.9217,-4.564,-9.851,-0.312,-8.885,0.758,-0.051,-55.981,49.66,-6.826,-0.12,0.12,-0.12,0.0,0.0,0.0,0.0,1.0
238554.0,-0.6906,2.6268,-1.8674,-5.073,-10.008,1.517,-8.902,0.446,-0.035,-55.943,49.621,-6.82,-0.12,0.12,-0.12,0.0,0.0,0.0,0.0,1.0
238561.0,-0.6992,2.566,-1.7996,-4.266,-9.518,3.391,-9.024,0.146,-0.046,-55.906,49.582,-6.815,-0.12,0.12,-0.12,0.0,0.0,0.0,0.0,1.0
238569.0,-0.7056,2.4945,-1.7236,-3.094,-9.135,4.902,-9.164,-0.149,-0.035,-55.868,49.542,-6.809,-0.12,0.12,-0.10713,0.0,0.0,0.0,0.0,1.0
238577.0,-0.7054,2.4122,-1.6437,-2.582,-8.825,6.511,-9.284,-0.409,-0.043,-55.831,49.502,-6.804,-0.12,0.12,-0.06908,0.0,0.0,0.0,0.0,1.0
238584.0,-0.6978,2.3244,-1.5658,-3.416,-8.069,7.963,-9.387,-0.697,-0.021,-55.794,49.462,-6.799,-0.12,0.12,-0.02246,0.0,0.0,0.0,0.0,1.0
238592.0,-0.6908,2.2391,-1.4897,-3.391,-7.252,9.13,-9.276,-0.985,-0.004,-55.757,49.422,-6.793,-0.12,0.12,0.0093,0.0,0.0,0.0,0.0,1.0
238600.0,-0.6855,2.15,-1.4082,-2.915,-7.16,9.831,-9.259,-1.238,0.034,-55.719,49.381,-6.788,-0.12,0.12,0.03963,0.0,0.0,0.0,0.0,1.0
238608.0,-0.6693,2.0508,-1.3278,-1.257,-7.78,10.166,-8.929,-1.374,0.058,-55.682,49.341,-6.782,-0.12,0.12,0.05244,0.0,0.0,0.0,0.0,1.0
238615.0,-0.6489,1.9507,-1.2507,0.46,-8.337,9.958,-8.745,-1.414,0.091,-55.645,49.3,-6.777,-0.12,0.12,0.05386,0.0,0.0,0.0,0.0,1.0
238623.0,-0.6347,1.8588,-1.1754,0.642,-8.776,9.263,-8.639,-1.326,0.108,-55.607,49.259,-6.771,-0.12,0.12,0.05844,0.0,0.0,0.0,0.0,1.0
238631.0,-0.641,1.7899,-1.102,0.706,-8.171,8.489,-8.538,-1.172,0.122,-55.569,49.219,-6.766,-0.12,0.12,0.05301,0.0,0.0,0.0,0.0,1.0
238639.0,-0.6792,1.7539,-1.0288,0.208,-6.599,7.73,-8.417,-1.02,0.106,-55.532,49.179,-6.76,-0.12,0.12,0.04442,0.0,0.0,0.0,0.0,1.0
238646.0,-0.7429,1.7459,-0.9573,-1.217,-4.111,7.196,-8.28,-0.939,0.102,-55.494,49.139,-6.755,-0.12,0.12,0.04039,0.0,0.0,0.0,0.0,1.0
238654.0,-0.8224,1.7454,-0.8772,-3.179,-2.455,6.867,-8.086,-0.893,0.058,-55.456,49.099,-6.749,-0.12,0.12,0.05237,0.0,0.0,0.0,0.0,1.0
238662.0,-0.901,1.7322,-0.7858,-4.302,-1.268,6.592,-7.814,-0.879,0.045,-55.418,49.059,-6.744,-0.12,0.12,0.06402,0.0,0.0,0.0,0.0,1.0
238670.0,-0.9554,1.7093,-0.709,-4.431,-1.255,6.178,-7.565,-0.925,0.002,-55.38,49.019,-6.739,-0.12,0.12,0.06703,0.0,0.0,0.0,0.0,1.0
238677.0,-0.9691,1.6578,-0.6452,-3.853,-1.283,6.157,-7.419,-0.963,-0.042,-55.342,48.979,-6.733,-0.12,0.12,0.06826,0.0,0.0,0.0,0.0,1.0
238685.0,-0.9483,1.5732,-0.5836,-2.667,-1.442,5.234,-7.402,-0.965,-0.071,-55.303,48.939,-6.728,-0.12,0.12,0.05377,0.0,0.0,0.0,0.0,1.0
238693.0,-0.916,1.4726,-0.518,-1.577,-2.226,4.292,-7.465,-0.925,-0.088,-55.265,48.899,-6.723,-0.12,0.12,0.04747,0.0,0.0,0.0,0.0,1.0
238701.0,-0.8906,1.3766,-0.4498,-1.698,-2.394,4.052,-7.485,-0.813,-0.108,-55.227,48.859,-6.717,-0.12,0.12,0.05896,0.0,0.0,0.0,0.0,1.0
238708.0,-0.8763,1.2853,-0.3752,-2.986,-2.498,3.962,-7.587,-0.6,-0.122,-55.189,48.82,-6.712,-0.12,0.12,0.08453,0.0,0.0,0.0,0.0,1.0
238716.0,-0.8819,1.2146,-0.3007,-5.14,-2.384,3.57,-7.599,-0.358,-0.094,-55.151,48.78,-6.707,-0.12,0.12,0.11061,0.0,0.0,0.0,0.0,1.0
238724.0,-0.9059,1.1681,-0.2315,-7.101,-2.394,2.792,-7.548,-0.05,-0.065,-55.113,48.741,-6.701,-0.12,0.12,0.12,0.0,0.0,0.0,0.0,1.0
238732.0,-0.9405,1.1482,-0.1776,-8.928,-2.33,1.912,-7.457,0.236,-0.031,-55.075,48.702,-6.696,-0.12,0.12,0.12,0.0,0.0,0.0,0.0,1.0
238740.0,-0.9703,1.1476,-0.147,-9.658,-2.898,0.567,-7.426,0.514,0.021,-55.036,48.664,-6.691,-0.12,0.12,0.12,0.0,0.0,0.0,0.0,1.0
238747.0,-1.0073,1.1669,-0.1289,-9.507,-3.636,-1.383,-7.416,0.689,0.058,-54.998,48.625,-6.685,-0.12,0.12,0.11878,0.0,0.0,0.0,0.0,1.0
238755.0,-1.053,1.2171,-0.1321,-9.45,-3.397,-2.102,-7.516,0.784,0.099,-54.96,48.587,-6.68,-0.12,0.12,0.10464,0.0,0.0,0.0,0.0,1.0
238763.0,-1.1108,1.2797,-0.1353,-9.848,-2.872,-2.967,-7.64,0.788,0.106,-54.922,48.549,-6.674,-0.12,0.12,0.08931,0.0,0.0,0.0,0.0,1.0
238771.0,-1.1858,1.3532,-0.1318,-10.413,-2.298,-3.61,-7.738,0.711,0.092,-54.885,48.511,-6.669,-0.12,0.12,0.08032,0.0,0.0,0.0,0.0,1.0
238778.0,-1.2825,1.4308,-0.1107,-12.128,-1.858,-2.229,-7.792,0.566,0.05,-54.847,48.472,-6.664,-0.12,0.12,0.11999,0.0,0.0,0.0,0.0,1.0
238786.0,-1.3742,1.4993,-0.0857,-13.519,-1.975,-1.143,-7.771,0.415,0.003,-54.809,48.434,-6.658,-0.12,0.12,0.12,0.0,0.0,0.0,0.0,1.0
238794.0,-1.4589,1.5507,-0.051,-14.48,-2.93,0.14,-7.68,0.289,-0.055,-54.772,48.396,-6.653,-0.12,0.12,0.12,0.0,0.0,0.0,0.0,1.0
238802.0,-1.5202,1.58,-0.0182,-15.752,-5.05,1.207,-7.416,0.156,-0.1,-54.734,48.357,-6.648,-0.12,0.12,0.12,0.0,0.0,0.0,0.0,1.0
238810.0,-1.5441,1.5875,-0.0016,-15.55,-6.151,1.049,-7.234,0.019,-0.101,-54.696,48.318,-6.643,-0.12,0.12,0.12,0.0,0.0,0.0,0.0,1.0
238817.0,-1.5504,1.5852,0.007,-15.11,-6.825,-0.408,-7.089,-0.109,-0.069,-54.658,48.28,-6.637,-0.12,0.12,0.12,0.0,0.0,0.0,0.0,1.0
238825.0,-1.5486,1.5759,0.0142,-15.183,-6.586,-2.159,-6.997,-0.247,-0.026,-54.62,48.241,-6.632,-0.12,0.12,0.12,0.0,0.0,0.0,0.0,1.0
238833.0,-1.5541,1.5478,0.047,-15.67,-6.221,-3.517,-6.89,-0.385,-0.005,-54.582,48.202,-6.627,-0.12,0.12,0.12,0.0,0.0,0.0,0.0,1.0
238840.0,-1.5893,1.5259,0.1036,-16.363,-5.601,-4.185,-6.898,-0.493,0.033,-54.544,48.163,-6.621,-0.12,0.12,0.12,0.0,0.0,0.0,0.0,1.0
238848.0,-1.6448,1.4964,0.1879,-18.13,-5.272,-4.017,-6.815,-0.573,0.034,-54.505,48.124,-6.616,-0.12,0.12,0.12,0.0,0.0,0.0,0.0,1.0
238856.0,-1.7417,1.4634,0.3169,-20.61,-5.812,-2.901,-6.668,-0.606,0.021,-54.467,48.085,-6.611,-0.12,0.12,0.12,0.0,0.0,0.0,0.0,1.0
238864.0,-1.847,1.4358,0.4491,-23.196,-6.37,-1.978,-6.522,-0.581,0.004,-54.429,48.046,-6.605,-0.12,0.12,0.12,0.0,0.0,0.0,0.0,1.0
238872.0,-1.9528,1.4081,0.5819,-25.364,-6.998,-2.248,-6.272,-0.482,0.013,-54.391,48.008,-6.6,-0.12,0.12,0.12,0.0,0.0,0.0,0.0,1.0
238879.0,-2.0503,1.3984,0.6888,-26.67,-7.634,-3.48,-6.031,-0.342,0.058,-54.352,47.969,-6.595,-0.12,0.12,0.12,0.0,0.0,0.0,0.0,1.0
238887.0,-2.1246,1.4007,0.761,-26.976,-7.903,-6.076,-5.871,-0.187,0.097,-54.313,47.93,-6.59,-0.12,0.12,0.12,0.0,0.0,0.0,0.0,1.0
238895.0,-2.2015,1.4295,0.8098,-27.132,-7.839,-9.896,-5.745,0.002,0.115,-54.274,47.892,-6.584,-0.12,0.12,0.12,0.0,0.0,0.0,0.0,1.0
238903.0,-2.2805,1.4716,0.8478,-27.53,-7.46,-11.675,-5.703,0.185,0.119,-54.236,47.854,-6.579,-0.12,0.12,0.12,0.0,0.0,0.0,0.0,1.0
238910.0,-2.3882,1.5341,0.8946,-28.835,-7.475,-12.468,-5.64,0.326,0.098,-54.197,47.816,-6.573,-0.12,0.12,0.12,0.0,0.0,0.0,0.0,1.0
238918.0,-2.5078,1.5985,0.9516,-30.394,-7.099,-11.919,-5.709,0.412,0.032,-54.158,47.778,-6.568,-0.12,0.12,0.12,0.0,0.0,0.0,0.0,1.0
238926.0,-2.6531,1.6744,1.0229,-32.679,-6.711,-11.186,-5.711,0.448,-0.037,-54.119,47.74,-6.563,-0.12,0.12,0.12,0.0,0.0,0.0,0.0,1.0
238934.0,-2.8002,1.7547,1.0919,-33.948,-6.613,-10.226,-5.771,0.432,-0.099,-54.081,47.702,-6.558,-0.12,0.12,0.12,0.0,0.0,0.0,0.0,1.0
238942.0,-2.9367,1.824,1.161,-35.176,-6.679,-9.777,-5.735,0.352,-0.144,-54.042,47.664,-6.553,-0.12,0.12,0.12,0.0,0.0,0.0,0.0,1.0
238949.0,-3.0642,1.8937,1.2206,-35.677,-6.956,-10.056,-5.784,0.273,-0.169,-54.003,47.627,-6.547,-0.12,0.12,0.12,0.0,0.0,0.0,0.0,1.0
238957.0,-3.1751,1.9539,1.2729,-35.888,-7.048,-11.444,-5.681,0.179,-0.134,-53.965,47.589,-6.542,-0.12,0.12,0.12,0.0,0.0,0.0,0.0,1.0
238965.0,-3.283,2.0141,1.3223,-34.993,-6.859,-13.586,-5.631,0.053,-0.066,-53.926,47.551,-6.537,-0.12,0.12,0.12,0.0,0.0,0.0,0.0,1.0
238973.0,-3.3856,2.0638,1.3764,-33.676,-7.233,-16.115,-5.515,-0.061,-0.014,-53.887,47.513,-6.532,-0.12,0.12,0.12,0.0,0.0,0.0,0.0,1.0
238980.0,-3.4999,2.1122,1.4436,-31.996,-8.048,-17.615,-5.527,-0.161,0.034,-53.849,47.474,-6.527,-0.12,0.12,0.12,0.0,0.0,0.0,0.0,1.0
238988.0,-3.6445,2.1616,1.5401,-31.579,-10.061,-17.289,-5.502,-0.207,0.031,-53.81,47.436,-6.522,-0.12,0.12,0.12,0.0,0.0,0.0,0.0,1.0
238996.0,-3.8224,2.2214,1.6598,-32.039,-11.345,-15.546,-5.556,-0.252,0.046,-53.771,47.398,-6.516,-0.12,0.12,0.12,0.0,0.0,0.0,0.0,1.0
239004.0,-4.0113,2.286,1.7858,-33.088,-12.545,-13.72,-5.551,-0.282,0.017,-53.733,47.36,-6.511,-0.12,0.12,0.12,0.0,0.0,0.0,0.0,1.0
239012.0,-4.2114,2.3709,1.9033,-33.891,-13.105,-12.039,-5.719,-0.265,-0.001,-53.694,47.322,-6.506,-0.12,0.12,0.12,0.0,0.0,0.0,0.0,1.0
239019.0,-4.3862,2.4718,1.9799,-34.26,-13.576,-11.831,-5.727,-0.246,0.001,-53.656,47.284,-6.501,-0.12,0.12,0.12,0.0,0.0,0.0,0.0,1.0
239027.0,-4.5272,2.584,2.0117,-32.535,-13.728,-13.295,-5.878,-0.193,0.039,-53.618,47.246,-6.495,-0.12,0.12,0.12,0.0,0.0,0.0,0.0,1.0
239035.0,-4.6407,2.6928,2.0192,-31.096,-14.404,-15.112,-5.841,-0.119,0.072,-53.58,47.208,-6.49,-0.12,0.12,0.12,0.0,0.0,0.0,0.0,1.0
239042.0,-4.7275,2.7822,2.019,-28.691,-15.347,-16.676,-5.881,-0.029,0.103,-53.542,47.17,-6.485,-0.12,0.12,0.12,0.0,0.0,0.0,0.0,1.0
239050.0,-4.8134,2.8502,2.0387,-28.062,-16.501,-17.841,-5.738,0.083,0.085,-53.503,47.133,-6.48,-0.12,0.12,0.12,0.0,0.0,0.0,0.0,1.0
239058.0,-4.8958,2.8932,2.0791,-27.681,-16.936,-17.679,-5.706,0.161,0.061,-53.465,47.095,-6.474,-0.12,0.12,0.12,0.0,0.0,0.0,0.0,1.0
239066.0,-4.982,2.9048,2.1541,-28.43,-17.751,-16.855,-5.369,0.207,0.015,-53.427,47.058,-6.469,-0.12,0.12,0.12,0.0,0.0,0.0,0.0,1.0
239073.0,-5.0507,2.8927,2.2347,-28.27,-18.852,-15.279,-5.263,0.24,-0.045,-53.388,47.02,-6.464,-0.12,0.12,0.12,0.0,0.0,0.0,0.0,1.0
239081.0,-5.1227,2.8608,2.3378,-28.638,-20.06,-12.859,-5.152,0.229,-0.109,-53.35,46.983,-6.459,-0.12,0.12,0.12,0.0,0.0,0.0,0.0,1.0
239090.0,-5.1702,2.8145,2.4303,-27.366,-20.753,-12.169,-5.043,0.193,-0.13,-53.311,46.945,-6.454,-0.12,0.12,0.12,0.0,0.0,0.0,0.0,1.0
239097.0,-5.2026,2.7697,2.5063,-25.889,-21.043,-11.77,-5.047,0.129,-0.123,-53.273,46.908,-6.449,-0.12,0.12,0.12,0.0,0.0,0.0,0.0,1.0
239105.0,-5.2161,2.7247,2.5637,-24.225,-20.467,-12.319,-5.0,0.042,-0.099,-53.234,46.871,-6.444,-0.12,0.12,0.12,0.0,0.0,0.0,0.0,1.0
239113.0,-5.2364,2.691,2.6167,-22.786,-19.729,-12.275,-5.093,-0.062,-0.068,-53.195,46.833,-6.439,-0.12,0.12,0.12,0.0,0.0,0.0,0.0,1.0
239121.0,-5.2658,2.6628,2.6737,-22.711,-18.44,-12.37,-5.049,-0.149,-0.047,-53.157,46.795,-6.434,-0.12,0.12,0.12,0.0,0.0,0.0,0.0,1.0
239128.0,-5.3095,2.6375,2.742,-22.456,-17.338,-11.613,-5.072,-0.222,-0.005,-53.118,46.758,-6.428,-0.12,0.12,0.12,0.0,0.0,0.0,0.0,1.0
239136.0,-5.3696,2.6082,2.8307,-23.6,-16.498,-10.252,-4.95,-0.266,0.02,-53.08,46.72,-6.423,-0.12,0.12,0.12,0.0,0.0,0.0,0.0,1.0
239144.0,-5.4291,2.5699,2.9275,-24.09,-15.827,-9.06,-4.893,-0.278,0.035,-53.041,46.683,-6.418,-0.12,0.12,0.12,0.0,0.0,0.0,0.0,1.0
239152.0,-5.4982,2.526,3.0393,-25.196,-15.757,-7.602,-4.687,-0.226,0.046,-53.003,46.645,-6.413,-0.12,0.12,0.12,0.0,0.0,0.0,0.0,1.0
239159.0,-5.5358,2.4615,3.1397,-25.421,-16.448,-6.476,-4.497,-0.152,0.06,-52.964,46.608,-6.408,-0.12,0.12,0.12,0.0,0.0,0.0,0.0,1.0
239167.0,-5.5705,2.3942,3.2401,-25.388,-17.09,-6.078,-4.319,-0.054,0.081,-52.925,46.57,-6.403,-0.12,0.12,0.12,0.0,0.0,0.0,0.0,1.0
239175.0,-5.5925,2.3208,3.3335,-24.687,-17.461,-5.669,-4.088,0.044,0.106,-52.886,46.533,-6.397,-0.12,0.12,0.12,0.0,0.0,0.0,0.0,1.0
239183.0,-5.6107,2.2604,3.4105,-23.823,-17.576,-5.785,-4.024,0.13,0.107,-52.847,46.496,-6.392,-0.12,0.12,0.12,0.0,0.0,0.0,0.0,1.0
239190.0,-5.6449,2.2139,3.4901,-23.688,-16.745,-5.905,-3.91,0.174,0.088,-52.808,46.459,-6.387,-0.12,0.12,0.12,0.0,0.0,0.0,0.0,1.0
239198.0,-5.6891,2.1804,3.5669,-23.506,-15.783,-5.463,-3.869,0.201,0.07,-52.769,46.422,-6.382,-0.12,0.12,0.12,0.0,0.0,0.0,0.0,1.0
239206.0,-5.754,2.163,3.6487,-23.214,-14.213,-5.103,-3.887,0.185,0.025,-52.73,46.385,-6.377,-0.12,0.12,0.12,0.0,0.0,0.0,0.0,1.0
239214.0,-5.8352,2.1555,3.7372,-24.179,-12.746,-4.76,-3.774,0.142,-0.019,-52.691,46.348,-6.372,-0.12,0.12,0.12,0.0,0.0,0.0,0.0,1.0
239221.0,-5.923,2.1533,3.8273,-23.707,-11.017,-3.895,-3.924,0.072,-0.073,-52.652,46.311,-6.367,-0.12,0.12,0.12,0.0,0.0,0.0,0.0,1.0
239229.0,-6.022,2.1535,3.926,-23.951,-9.622,-2.932,-4.021,0.009,-0.112,-52.613,46.274,-6.362,-0.12,0.12,0.12,0.0,0.0,0.0,0.0,1.0
239237.0,-6.1117,2.148,4.0211,-24.539,-8.081,-2.51,-4.003,-0.056,-0.11,-52.574,46.237,-6.357,-0.12,0.12,0.12,0.0,0.0,0.0,0.0,1.0
239245.0,-6.1959,2.1367,4.1163,-24.147,-6.738,-2.027,-4.115,-0.099,-0.13,-52.535,46.2,-6.352,-0.12,0.12,0.12,0.0,0.0,0.0,0.0,1.0
239253.0,-6.274,2.119,4.2117,-25.073,-4.423,-2.467,-4.079,-0.147,-0.091,-52.497,46.163,-6.347,-0.12,0.12,0.12,0.0,0.0,0.0,0.0,1.0
239260.0,-6.3396,2.0958,4.2998,-25.341,-2.951,-3.144,-4.059,-0.16,-0.057,-52.458,46.126,-6.342,-0.12,0.12,0.12,0.0,0.0,0.0,0.0,1.0
239268.0,-6.4037,2.0639,4.3951,-26.019,-2.197,-3.329,-4.014,-0.148,-0.004,-52.419,46.089,-6.337,-0.12,0.12,0.12,0.0,0.0,0.0,0.0,1.0
239276.0,-6.4716,2.0238,4.5021,-26.206,-2.627,-3.14,-3.848,-0.108,0.026,-52.38,46.052,-6.331,-0.12,0.12,0.12,0.0,0.0,0.0,0.0,1.0
239283.0,-6.5384,1.9821,4.6095,-26.23,-2.949,-2.585,-3.774,-0.031,0.034,-52.341,46.015,-6.326,-0.12,0.12,0.12,0.0,0.0,0.0,0.0,1.0
239291.0,-6.6305,1.9566,4.7264,-26.874,-3.565,-2.068,-3.631,0.035,0.057,-52.303,45.978,-6.321,-0.12,0.12,0.12,0.0,0.0,0.0,0.0,1.0
239299.0,-6.7369,1.9603,4.8293,-27.533,-3.471,-2.14,-3.394,0.1,0.071,-52.263,45.942,-6.316,-0.12,0.12,0.12,0.0,0.0,0.0,0.0,1.0
239307.0,-6.8499,1.9891,4.9141,-27.121,-3.101,-2.287,-3.387,0.124,0.088,-52.224,45.905,-6.311,-0.12,0.12,0.12,0.0,0.0,0.0,0.0,1.0
239315.0,-7.0007,2.0595,4.9965,-27.233,-1.839,-3.013,-3.393,0.123,0.084,-52.185,45.869,-6.306,-0.12,0.12,0.12,0.0,0.0,0.0,0.0,1.0
239322.0,-7.1712,2.1585,5.0707,-28.098,-0.555,-4.065,-3.198,0.106,0.11,-52.146,45.832,-6.301,-0.12,0.12,0.12,0.0,0.0,0.0,0.0,1.0
239330.0,-7.3391,2.2672,5.1326,-27.379,0.045,-4.853,-3.191,0.093,0.096,-52.107,45.795,-6.296,-0.12,0.12,0.12,0.0,0.0,0.0,0.0,1.0
239338.0,-7.5073,2.381,5.1901,-26.022,0.623,-5.834,-3.322,0.048,0.081,-52.068,45.759,-6.291,-0.12,0.12,0.12,0.0,0.0,0.0,0.0,1.0
239346.0,-7.6896,2.5004,5.2561,-25.81,1.36,-6.569,-3.342,0.0,0.052,-52.029,45.722,-6.285,-0.12,0.12,0.12,0.0,0.0,0.0,0.0,1.0
239353.0,-7.8534,2.6076,5.3156,-25.354,1.469,-7.24,-3.301,-0.032,-0.01,-51.99,45.686,-6.28,-0.12,0.12,0.12,0.0,0.0,0.0,0.0,1.0
239361.0,-8.0064,2.6944,5.3841,-23.251,0.919,-7.099,-3.452,-0.05,-0.046,-51.951,45.649,-6.275,-0.12,0.12,0.12,0.0,0.0,0.0,0.0,1.0
239369.0,-8.1423,2.7651,5.4511,-23.101,1.044,-7.058,-3.587,-0.08,-0.082,-51.913,45.613,-6.27,-0.12,0.12,0.12,0.0,0.0,0.0,0.0,1.0
239377.0,-8.2647,2.827,5.5133,-22.814,1.111,-6.989,-3.562,-0.076,-0.112,-51.874,45.576,-6.266,-0.12,0.12,0.12,0.0,0.0,0.0,0.0,1.0
239385.0,-8.3657,2.8764,5.5662,-21.481,1.325,-7.375,-3.667,-0.076,-0.113,-51.835,45.54,-6.261,-0.12,0.12,0.12,0.0,0.0,0.0,0.0,1.0
239392.0,-8.455,2.9221,5.611,-21.021,2.144,-8.02,-3.781,-0.059,-0.091,-51.797,45.503,-6.256,-0.12,0.12,0.12,0.0,0.0,0.0,0.0,1.0
239400.0,-8.5378,2.9688,5.6483,-21.553,2.976,-9.168,-3.72,-0.06,-0.07,-51.759,45.467,-6.251,-0.12,0.12,0.12,0.0,0.0,0.0,0.0,1.0
239408.0,-8.6034,3.0095,5.6743,-20.982,4.259,-10.813,-3.705,-0.032,-0.017,-51.72,45.43,-6.246,-0.12,0.12,0.12,0.0,0.0,0.0,0.0,1.0
239415.0,-8.6748,3.0526,5.7038,-20.762,5.673,-12.239,-3.745,-0.015,0.003,-51.682,45.394,-6.241,-0.12,0.12,0.12,0.0,0.0,0.0,0.0,1.0
239423.0,-8.7602,3.103,5.7401,-21.913,6.964,-13.439,-3.534,0.017,0.042,-51.643,45.358,-6.236,-0.12,0.12,0.12,0.0,0.0,0.0,0.0,1.0
239431.0,-8.8401,3.1477,5.7765,-22.585,7.562,-14.639,-3.37,0.061,0.09,-51.605,45.321,-6.231,-0.12,0.12,0.12,0.0,0.0,0.0,0.0,1.0
239439.0,-8.9112,3.1862,5.8102,-21.908,7.454,-15.424,-3.176,0.065,0.097,-51.566,45.285,-6.226,-0.12,0.12,0.12,0.0,0.0,0.0,0.0,1.0
239446.0,-9.0005,3.2459,5.8413,-21.793,7.57,-16.503,-3.066,0.092,0.092,-51.527,45.249,-6.221,-0.12,0.12,0.12,0.0,0.0,0.0,0.0,1.0
239454.0,-9.0883,3.3232,5.8539,-21.436,7.149,-17.606,-2.792,0.078,0.078,-51.488,45.213,-6.216,-0.12,0.12,0.12,0.0,0.0,0.0,0.0,1.0
239462.0,-9.1691,3.4167,5.8437,-19.829,7.152,-19.324,-2.646,0.08,0.068,-51.449,45.177,-6.211,-0.12,0.12,0.12,0.0,0.0,0.0,0.0,1.0
239470.0,-9.254,3.5322,5.816,-17.977,7.664,-21.054,-2.645,0.036,0.053,-51.41,45.141,-6.206,-0.12,0.12,0.12,0.0,0.0,0.0,0.0,1.0
239477.0,-9.3516,3.6774,5.7722,-16.605,8.827,-22.741,-2.633,-0.008,0.03,-51.371,45.105,-6.201,-0.12,0.12,0.12,0.0,0.0,0.0,0.0,1.0
239485.0,-9.468,3.855,5.7157,-15.952,9.054,-23.726,-2.484,-0.047,-0.014,-51.332,45.069,-6.196,-0.12,0.12,0.12,0.0,0.0,0.0,0.0,1.0
239493.0,-9.5773,4.0306,5.654,-15.172,9.138,-24.164,-2.345,-0.065,-0.045,-51.293,45.033,-6.191,-0.12,0.12,0.12,0.0,0.0,0.0,0.0,1.0
239501.0,-9.6785,4.2143,5.5763,-14.224,9.7,-24.298,-2.367,-0.093,-0.094,-51.254,44.996,-6.186,-0.12,0.12,0.12,0.0,0.0,0.0,0.0,1.0
239509.0,-9.7677,4.3963,5.4883,-13.561,11.585,-24.835,-2.494,-0.112,-0.096,-51.215,44.96,-6.181,-0.12,0.12,0.12,0.0,0.0,0.0,0.0,1.0
239516.0,-9.8534,4.5751,5.3999,-13.45,13.604,-26.013,-2.538,-0.13,-0.108,-51.176,44.924,-6.176,-0.12,0.12,0.12,0.0,0.0,0.0,0.0,1.0
239524.0,-9.9155,4.7451,5.2965,-12.994,14.988,-27.219,-2.474,-0.099,-0.091,-51.137,44.888,-6.171,-0.12,0.12,0.12,0.0,0.0,0.0,0.0,1.0
239532.0,-9.9421,4.8899,5.182,-11.437,15.173,-28.326,-2.479,-0.051,-0.059,-51.098,44.852,-6.166,-0.12,0.12,0.12,0.0,0.0,0.0,0.0,1.0
239540.0,-9.9316,5.0059,5.0585,-6.847,14.56,-29.451,-2.68,0.039,-0.039,-51.06,44.817,-6.161,-0.12,0.12,0.12,0.0,0.0,0.0,0.0,1.0
239547.0,-9.918,5.1121,4.9416,-3.878,14.078,-30.356,-2.905,0.098,-0.015,-51.021,44.781,-6.157,-0.12,0.12,0.12,0.0,0.0,0.0,0.0,1.0
239555.0,-9.9101,5.2242,4.8244,-1.331,13.054,-30.508,-2.929,0.168,0.015,-50.983,44.745,-6.152,-0.12,0.12,0.12,0.0,0.0,0.0,0.0,1.0
239563.0,-9.9027,5.3389,4.7054,1.34,11.76,-29.984,-2.901,0.193,0.024,-50.944,44.709,-6.147,-0.12,0.12,0.12,0.0,0.0,0.0,0.0,1.0
239571.0,-9.8996,5.4738,4.5709,4.235,11.224,-29.913,-3.038,0.192,0.042,-50.906,44.674,-6.142,-0.12,0.12,0.12,0.0,0.0,0.0,0.0,1.0
239579.0,-9.9153,5.6348,4.4297,6.286,11.056,-29.047,-3.158,0.148,0.026,-50.868,44.638,-6.137,-0.12,0.12,0.12,0.0,0.0,0.0,0.0,1.0
239586.0,-9.9406,5.8221,4.2727,7.47,10.894,-28.268,-3.104,0.084,-0.004,-50.829,44.603,-6.132,-0.12,0.12,0.12,0.0,0.0,0.0,0.0,1.0
239594.0,-9.9403,6.0197,4.0799,9.338,10.557,-27.152,-3.019,0.041,-0.006,-50.791,44.567,-6.127,-0.12,0.12,0.12,0.0,0.0,0.0,0.0,1.0
239602.0,-9.9198,6.2204,3.8639,10.98,10.83,-26.207,-3.044,-0.019,-0.018,-50.753,44.531,-6.122,-0.12,0.12,0.12,0.0,0.0,0.0,0.0,1.0
239609.0,-9.8809,6.4219,3.6288,11.238,12.146,-25.342,-2.959,-0.105,-0.03,-50.715,44.496,-6.117,-0.12,0.12,0.12,0.0,0.0,0.0,0.0,1.0
239617.0,-9.8013,6.605,3.3708,12.142,12.85,-24.831,-2.765,-0.152,-0.035,-50.677,44.46,-6.112,-0.12,0.12,0.07948,0.0,0.0,0.0,0.0,1.0
239625.0,-9.6713,6.7527,3.0971,14.228,12.425,-24.582,-2.646,-0.171,-0.021,-50.638,44.424,-6.107,-0.12,0.12,0.01325,0.0,0.0,0.0,0.0,1.0
239633.0,-9.5053,6.8702,2.8165,16.419,12.517,-23.9,-2.635,-0.168,-0.016,-50.6,44.389,-6.103,-0.12,0.12,-0.05286,0.0,0.0,0.0,0.0,1.0
239640.0,-9.3239,6.9596,2.5481,17.503,12.756,-22.894,-2.505,-0.134,-0.007,-50.561,44.353,-6.098,-0.12,0.12,-0.1025,0.0,0.0,0.0,0.0,1.0
239648.0,-9.1289,7.0252,2.2891,17.539,12.73,-21.632,-2.249,-0.09,-0.0,-50.523,44.318,-6.093,-0.12,0.12,-0.12,0.0,0.0,0.0,0.0,1.0
239656.0,-8.9254,7.0667,2.0452,18.619,12.98,-20.952,-2.076,-0.035,0.019,-50.484,44.282,-6.088,-0.12,0.12,-0.12,0.0,0.0,0.0,0.0,1.0
239664.0,-8.7118,7.095,1.8039,19.655,13.581,-20.263,-2.096,0.008,0.023,-50.445,44.247,-6.083,-0.12,0.12,-0.12,0.0,0.0,0.0,0.0,1.0
239671.0,-8.5281,7.1244,1.5915,19.501,15.168,-19.793,-2.139,0.037,0.029,-50.407,44.211,-6.078,-0.12,0.12,-0.12,0.0,0.0,0.0,0.0,1.0
239679.0,-8.374,7.1598,1.4029,18.962,16.393,-19.424,-2.052,0.059,0.022,-50.368,44.176,-6.073,-0.12,0.12,-0.12,0.0,0.0,0.0,0.0,1.0
239687.0,-8.2419,7.2034,1.2283,18.801,16.865,-19.632,-1.876,0.074,0.042,-50.329,44.141,-6.068,-0.12,0.12,-0.12,0.0,0.0,0.0,0.0,1.0
239695.0,-8.1209,7.2514,1.0606,19.271,17.075,-20.103,-1.733,0.092,0.047,-50.291,44.106,-6.064,-0.12,0.12,-0.12,0.0,0.0,0.0,0.0,1.0
239702.0,-8.0064,7.3088,0.8902,20.827,17.082,-21.035,-1.733,0.11,0.05,-50.252,44.07,-6.059,-0.12,0.12,-0.12,0.0,0.0,0.0,0.0,1.0
239710.0,-7.9087,7.3757,0.7272,22.775,17.091,-21.621,-1.875,0.105,0.05,-50.213,44.035,-6.054,-0.12,0.12,-0.12,0.0,0.0,0.0,0.0,1.0
239718.0,-7.8346,7.4731,0.5584,23.909,17.233,-22.161,-1.999,0.078,0.032,-50.174,44.0,-6.049,-0.12,0.12,-0.12,0.0,0.0,0.0,0.0,1.0
239726.0,-7.7844,7.5869,0.3973,24.463,17.6,-22.133,-2.006,0.049,0.006,-50.136,43.965,-6.044,-0.12,0.12,-0.12,0.0,0.0,0.0,0.0,1.0
239734.0,-7.7415,7.7184,0.2263,24.109,17.218,-21.823,-1.891,0.01,-0.025,-50.097,43.93,-6.039,-0.12,0.12,-0.12,0.0,0.0,0.0,0.0,1.0
239741.0,-7.6771,7.8478,0.0358,25.008,16.438,-21.309,-1.855,-0.006,-0.05,-50.059,43.895,-6.034,-0.12,0.12,-0.12,0.0,0.0,0.0,0.0,1.0
239749.0,-7.5784,7.9744,-0.1862,26.693,15.752,-21.568,-1.974,-0.024,-0.049,-50.02,43.86,-6.03,-0.12,0.12,-0.12,0.0,0.0,0.0,0.0,1.0
239757.0,-7.4467,8.1039,-0.444,28.537,15.494,-22.095,-2.18,-0.041,-0.051,-49.982,43.825,-6.025,-0.12,0.12,-0.12,0.0,0.0,0.0,0.0,1.0
239764.0,-7.2858,8.2316,-0.7293,30.676,14.802,-22.799,-2.254,-0.054,-0.044,-49.944,43.789,-6.02,-0.12,0.12,-0.12,0.0,0.0,0.0,0.0,1.0
239772.0,-7.0951,8.3548,-1.04,31.674,14.528,-23.52,-2.232,-0.07,-0.024,-49.906,43.754,-6.015,-0.12,0.12,-0.12,0.0,0.0,0.0,0.0,1.0
239780.0,-6.8659,8.4574,-1.3692,33.512,14.243,-23.905,-2.241,-0.081,-0.023,-49.868,43.719,-6.011,-0.12,0.12,-0.12,0.0,0.0,0.0,0.0,1.0
239788.0,-6.6115,8.5451,-1.7091,34.76,14.497,-23.923,-2.363,-0.073,-0.013,-49.83,43.684,-6.006,-0.12,0.12,-0.12,0.0,0.0,0.0,0.0,1.0
239795.0,-6.3487,8.6167,-2.0417,35.381,14.953,-23.305,-2.5,-0.077,0.005,-49.792,43.649,-6.001,-0.12,0.12,-0.12,0.0,0.0,0.0,0.0,1.0
239803.0,-6.09,8.6716,-2.3538,34.154,15.456,-21.944,-2.471,-0.069,0.003,-49.754,43.614,-5.996,-0.12,0.12,-0.12,0.0,0.0,0.0,0.0,1.0
239811.0,-5.8308,8.7053,-2.6459,33.278,15.264,-20.239,-2.334,-0.028,-0.014,-49.716,43.579,-5.991,-0.12,0.12,-0.12,0.0,0.0,0.0,0.0,1.0
239819.0,-5.5607,8.7158,-2.9263,32.901,14.287,-17.506,-2.302,0.02,-0.048,-49.678,43.545,-5.987,-0.12,0.12,-0.12,0.0,0.0,0.0,0.0,1.0
239827.0,-5.2843,8.7091,-3.1962,32.388,13.738,-14.431,-2.353,0.069,-0.076,-49.64,43.51,-5.982,-0.12,0.12,-0.12,0.0,0.0,0.0,0.0,1.0
239834.0,-5.0154,8.7073,-3.4634,30.981,13.44,-11.453,-2.311,0.088,-0.091,-49.602,43.475,-5.977,-0.12,0.12,-0.12,0.0,0.0,0.0,0.0,1.0
239842.0,-4.7615,8.7174,-3.7273,29.099,13.204,-8.59,-2.102,0.095,-0.07,-49.565,43.44,-5.972,-0.12,0.12,-0.12,0.0,0.0,0.0,0.0,1.0
239850.0,-4.5113,8.7337,-3.9934,28.296,12.819,-7.606,-1.846,0.105,-0.055,-49.526,43.406,-5.968,-0.12,0.12,-0.12,0.0,0.0,0.0,0.0,1.0
239858.0,-4.263,8.756,-4.2634,28.623,12.094,-7.309,-1.661,0.096,-0.015,-49.488,43.371,-5.963,-0.12,0.12,-0.12,0.0,0.0,0.0,0.0,1.0
239865.0,-4.0363,8.7828,-4.5163,28.918,11.792,-7.191,-1.585,0.075,0.046,-49.45,43.337,-5.958,-0.12,0.12,-0.12,0.0,0.0,0.0,0.0,1.0
239873.0,-3.8428,8.8181,-4.7443,28.567,11.884,-6.506,-1.546,0.037,0.08,-49.412,43.302,-5.953,-0.12,0.12,-0.12,0.0,0.0,0.0,0.0,1.0
239881.0,-3.6997,8.8541,-4.9224,26.882,11.916,-5.273,-1.435,0.009,0.082,-49.373,43.267,-5.949,-0.12,0.12,-0.12,0.0,0.0,0.0,0.0,1.0
239889.0,-3.593,8.8877,-5.0619,24.2,11.167,-3.005,-1.219,-0.023,0.07,-49.335,43.233,-5.944,-0.12,0.12,-0.12,0.0,0.0,0.0,0.0,1.0
239896.0,-3.5051,8.9185,-5.1797,21.049,10.763,-0.824,-0.902,-0.045,0.043,-49.296,43.198,-5.939,-0.12,0.12,-0.12,0.0,0.0,0.0,0.0,1.0
239904.0,-3.4179,8.9366,-5.2847,18.111,9.757,0.584,-0.567,-0.051,0.016,-49.257,43.164,-5.934,-0.12,0.12,-0.12,0.0,0.0,0.0,0.0,1.0
239912.0,-3.3181,8.9415,-5.3892,16.082,8.216,1.196,-0.228,-0.045,0.02,-49.218,43.129,-5.929,-0.12,0.12,-0.12,0.0,0.0,0.0,0.0,1.0
239919.0,-3.1945,8.9329,-5.5045,14.704,7.083,0.749,0.091,-0.021,0.033,-49.179,43.095,-5.925,-0.12,0.12,-0.12,0.0,0.0,0.0,0.0,1.0
239927.0,-3.0505,8.9199,-5.6358,14.091,6.207,-0.823,0.406,-0.015,0.039,-49.139,43.06,-5.92,-0.12,0.12,-0.12,0.0,0.0,0.0,0.0,1.0
239935.0,-2.9092,8.9004,-5.7582,13.42,5.7,-2.284,0.662,-0.007,0.06,-49.1,43.026,-5.915,-0.12,0.12,-0.12,0.0,0.0,0.0,0.0,1.0
239943.0,-2.7757,8.8756,-5.8676,11.917,5.399,-3.966,0.914,-0.01,0.067,-49.06,42.991,-5.91,-0.12,0.12,-0.12,0.0,0.0,0.0,0.0,1.0
239951.0,-2.67,8.8473,-5.9457,10.096,4.814,-4.201,1.089,-0.002,0.077,-49.02,42.957,-5.906,-0.12,0.12,-0.12,0.0,0.0,0.0,0.0,1.0
239958.0,-2.5882,8.8102,-5.9914,8.355,4.437,-3.88,1.203,-0.001,0.056,-48.979,42.923,-5.901,-0.12,0.12,-0.12,0.0,0.0,0.0,0.0,1.0
239966.0,-2.5299,8.7756,-6.016,6.298,4.528,-3.606,1.237,-0.019,0.038,-48.939,42.888,-5.896,-0.12,0.12,-0.12,0.0,0.0,0.0,0.0,1.0
239974.0,-2.4895,8.748,-6.0295,4.434,4.494,-3.717,1.195,-0.019,0.012,-48.899,42.854,-5.891,-0.12,0.12,-0.12,0.0,0.0,0.0,0.0,1.0
239982.0,-2.4708,8.7298,-6.0305,2.698,4.591,-4.299,1.195,-0.009,-0.004,-48.859,42.82,-5.887,-0.12,0.12,-0.12,0.0,0.0,0.0,0.0,1.0
239989.0,-2.4576,8.7129,-6.0272,1.509,4.112,-4.852,1.232,-0.008,-0.026,-48.819,42.785,-5.882,-0.12,0.12,-0.12,0.0,0.0,0.0,0.0,1.0
239997.0,-2.449,8.7039,-6.0271,0.478,3.861,-6.215,1.379,0.005,-0.035,-48.779,42.751,-5.877,-0.12,0.12,-0.12,0.0,0.0,0.0,0.0,1.0
240005.0,-2.4483,8.7062,-6.03,-0.352,3.054,-7.962,1.551,0.001,-0.01,-48.739,42.717,-5.872,-0.12,0.12,-0.12,0.0,0.0,0.0,0.0,1.0
240013.0,-2.4414,8.719,-6.0494,-1.046,2.104,-9.596,1.701,0.028,-0.021,-48.698,42.683,-5.868,-0.12,0.12,-0.12,0.0,0.0,0.0,0.0,1.0
240021.0,-2.4424,8.7421,-6.0709,-1.078,1.54,-10.586,1.742,0.024,-0.007,-48.658,42.649,-5.863,-0.12,0.12,-0.12,0.0,0.0,0.0,0.0,1.0
240028.0,-2.4493,8.7834,-6.1042,-1.149,1.4,-11.329,1.663,0.021,-0.022,-48.618,42.615,-5.858,-0.12,0.12,-0.12,0.0,0.0,0.0,0.0,1.0
240036.0,-2.4741,8.8445,-6.1389,-1.515,1.222,-11.421,1.489,0.017,-0.047,-48.578,42.581,-5.854,-0.12,0.12,-0.12,0.0,0.0,0.0,0.0,1.0
240044.0,-2.5156,8.926,-6.1767,-2.788,1.582,-10.72,1.385,0.01,-0.063,-48.538,42.547,-5.849,-0.12,0.12,-0.12,0.0,0.0,0.0,0.0,1.0
240051.0,-2.5654,9.018,-6.2166,-4.266,1.843,-10.034,1.37,-0.001,-0.088,-48.498,42.513,-5.845,-0.12,0.12,-0.12,0.0,0.0,0.0,0.0,1.0
240059.0,-2.6072,9.1124,-6.2667,-5.51,1.686,-10.112,1.423,-0.025,-0.068,-48.458,42.479,-5.84,-0.12,0.12,-0.12,0.0,0.0,0.0,0.0,1.0
240067.0,-2.623,9.1937,-6.3301,-5.566,1.086,-9.772,1.467,-0.011,-0.061,-48.418,42.445,-5.835,-0.12,0.12,-0.12,0.0,0.0,0.0,0.0,1.0
240075.0,-2.6009,9.2476,-6.4047,-4.893,0.644,-9.79,1.41,-0.006,-0.027,-48.378,42.411,-5.831,-0.12,0.12,-0.12,0.0,0.0,0.0,0.0,1.0
240083.0,-2.5539,9.2835,-6.4866,-2.924,-0.033,-10.127,1.254,0.02,0.012,-48.339,42.377,-5.826,-0.12,0.12,-0.12,0.0,0.0,0.0,0.0,1.0
240090.0,-2.505,9.3,-6.5517,-1.165,-0.568,-9.974,1.016,0.041,0.039,-48.299,42.343,-5.821,-0.12,0.12,-0.12,0.0,0.0,0.0,0.0,1.0
240098.0,-2.472,9.3125,-6.5968,0.092,-1.114,-9.311,0.755,0.047,0.048,-48.26,42.309,-5.817,-0.12,0.12,-0.12,0.0,0.0,0.0,0.0,1.0
240106.0,-2.4627,9.3228,-6.6162,0.789,-1.773,-7.552,0.517,0.043,0.027,-48.221,42.275,-5.812,-0.12,0.12,-0.12,0.0,0.0,0.0,0.0,1.0
240114.0,-2.4806,9.3407,-6.6157,0.715,-2.498,-5.169,0.305,0.015,-0.015,-48.182,42.241,-5.807,-0.12,0.12,-0.12,0.0,0.0,0.0,0.0,1.0
240122.0,-2.5223,9.3703,-6.6027,0.038,-2.334,-2.332,0.125,0.002,-0.035,-48.143,42.208,-5.803,-0.12,0.12,-0.12,0.0,0.0,0.0,0.0,1.0
240129.0,-2.5739,9.4066,-6.5865,-0.768,-1.912,0.588,-0.048,-0.037,-0.061,-48.105,42.174,-5.798,-0.12,0.12,-0.12,0.0,0.0,0.0,0.0,1.0
240137.0,-2.6127,9.4463,-6.5864,-1.121,-0.834,1.658,-0.232,-0.065,-0.07,-48.066,42.14,-5.794,-0.12,0.12,-0.12,0.0,0.0,0.0,0.0,1.0
240145.0,-2.6313,9.4845,-6.605,-1.411,0.392,2.098,-0.429,-0.088,-0.032,-48.028,42.106,-5.789,-0.12,0.12,-0.12,0.0,0.0,0.0,0.0,1.0
240153.0,-2.6231,9.5078,-6.6359,-0.193,1.723,2.299,-0.607,-0.106,0.007,-47.99,42.073,-5.784,-0.12,0.12,-0.12,0.0,0.0,0.0,0.0,1.0
240160.0,-2.5847,9.5054,-6.672,0.676,2.655,2.192,-0.788,-0.108,0.044,-47.953,42.039,-5.78,-0.12,0.12,-0.12,0.0,0.0,0.0,0.0,1.0
240168.0,-2.528,9.4686,-6.6928,1.832,2.803,2.688,-0.974,-0.084,0.069,-47.915,42.005,-5.775,-0.12,0.12,-0.12,0.0,0.0,0.0,0.0,1.0
240176.0,-2.4705,9.4084,-6.6917,2.814,2.695,4.142,-1.087,-0.023,0.055,-47.877,41.972,-5.77,-0.12,0.12,-0.12,0.0,0.0,0.0,0.0,1.0
240184.0,-2.4291,9.3414,-6.6679,3.115,2.047,5.229,-1.138,0.027,0.053,-47.84,41.938,-5.766,-0.12,0.12,-0.12,0.0,0.0,0.0,0.0,1.0
240191.0,-2.4042,9.2758,-6.6289,2.524,1.183,7.741,-1.095,0.093,0.012,-47.803,41.905,-5.761,-0.12,0.12,-0.12,0.0,0.0,0.0,0.0,1.0
240199.0,-2.4028,9.2245,-6.5803,1.688,0.776,10.36,-0.958,0.123,-0.016,-47.765,41.871,-5.756,-0.12,0.12,-0.12,0.0,0.0,0.0,0.0,1.0
240207.0,-2.418,9.1941,-6.5356,0.277,0.998,12.395,-0.802,0.148,-0.036,-47.728,41.838,-5.752,-0.12,0.12,-0.12,0.0,0.0,0.0,0.0,1.0
240215.0,-2.4446,9.1929,-6.5077,-0.68,1.803,13.711,-0.632,0.114,-0.04,-47.69,41.805,-5.747,-0.12,0.12,-0.12,0.0,0.0,0.0,0.0,1.0
240222.0,-2.4667,9.2075,-6.4999,-1.067,2.863,14.414,-0.499,0.073,-0.036,-47.653,41.771,-5.743,-0.12,0.12,-0.12,0.0,0.0,0.0,0.0,1.0
240230.0,-2.4847,9.2352,-6.5089,-0.994,5.46,14.496,-0.401,-0.005,-0.005,-47.615,41.738,-5.738,-0.12,0.12,-0.12,0.0,0.0,0.0,0.0,1.0
240238.0,-2.5014,9.2604,-6.5167,-0.611,7.103,14.057,-0.348,-0.064,0.01,-47.577,41.704,-5.734,-0.12,0.12,-0.12,0.0,0.0,0.0,0.0,1.0
240246.0,-2.5158,9.2683,-6.5099,0.368,7.91,14.6,-0.33,-0.125,0.038,-47.539,41.671,-5.729,-0.12,0.12,-0.12,0.0,0.0,0.0,0.0,1.0
240253.0,-2.5375,9.253,-6.4733,0.768,8.719,15.929,-0.303,-0.126,0.042,-47.501,41.638,-5.724,-0.12,0.12,-0.12,0.0,0.0,0.0,0.0,1.0
240261.0,-2.5724,9.2172,-6.4036,0.67,8.799,17.743,-0.314,-0.121,0.032,-47.464,41.604,-5.72,-0.12,0.12,-0.12,0.0,0.0,0.0,0.0,1.0
240269.0,-2.6213,9.1616,-6.3006,0.364,8.89,20.177,-0.351,-0.085,-0.007,-47.426,41.571,-5.715,-0.12,0.12,-0.12,0.0,0.0,0.0,0.0,1.0
240276.0,-2.6774,9.1013,-6.1856,-0.028,8.842,22.73,-0.383,-0.052,-0.047,-47.388,41.538,-5.711,-0.12,0.12,-0.12,0.0,0.0,0.0,0.0,1.0
240285.0,-2.7415,9.0469,-6.0686,-0.433,9.632,24.565,-0.439,0.003,-0.078,-47.351,41.504,-5.706,-0.12,0.12,-0.12,0.0,0.0,0.0,0.0,1.0
240292.0,-2.8018,9.0127,-5.975,-0.46,10.949,25.283,-0.508,0.013,-0.069,-47.313,41.471,-5.702,-0.12,0.12,-0.12,0.0,0.0,0.0,0.0,1.0
240300.0,-2.8678,9.0025,-5.8989,-0.209,13.058,24.719,-0.578,0.014,-0.015,-47.276,41.438,-5.697,-0.12,0.12,-0.12,0.0,0.0,0.0,0.0,1.0
240308.0,-2.9344,9.0036,-5.8334,0.364,14.527,23.946,-0.655,0.046,0.037,-47.239,41.405,-5.692,-0.12,0.12,-0.12,0.0,0.0,0.0,0.0,1.0
240316.0,-3.0092,9.0169,-5.7716,1.253,16.529,23.274,-0.671,0.034,0.066,-47.201,41.372,-5.688,-0.12,0.12,-0.12,0.0,0.0,0.0,0.0,1.0
240323.0,-3.0981,9.0374,-5.7026,1.772,17.462,23.089,-0.666,0.041,0.079,-47.164,41.339,-5.683,-0.12,0.12,-0.12,0.0,0.0,0.0,0.0,1.0
240331.0,-3.2019,9.0605,-5.6213,2.125,17.753,23.817,-0.575,0.059,0.079,-47.127,41.306,-5.679,-0.12,0.12,-0.12,0.0,0.0,0.0,0.0,1.0
240339.0,-3.3173,9.0859,-5.5307,2.328,17.299,25.44,-0.452,0.065,0.048,-47.09,41.273,-5.674,-0.12,0.12,-0.12,0.0,0.0,0.0,0.0,1.0
240346.0,-3.4349,9.1152,-5.4415,2.331,16.99,27.119,-0.289,0.09,0.025,-47.052,41.24,-5.67,-0.12,0.12,-0.12,0.0,0.0,0.0,0.0,1.0
240354.0,-3.5484,9.1474,-5.3594,2.643,16.791,27.955,-0.107,0.1,-0.004,-47.015,41.207,-5.665,-0.12,0.12,-0.12,0.0,0.0,0.0,0.0,1.0
240362.0,-3.6376,9.1869,-5.3087,3.831,16.896,28.142,0.094,0.072,-0.019,-46.977,41.174,-5.66,-0.12,0.12,-0.12,0.0,0.0,0.0,0.0,1.0
240370.0,-3.7129,9.2316,-5.2768,5.589,17.643,27.329,0.24,0.04,-0.022,-46.94,41.141,-5.656,-0.12,0.12,-0.12,0.0,0.0,0.0,0.0,1.0
240378.0,-3.7764,9.2805,-5.261,7.595,17.748,26.909,0.356,-0.002,0.001,-46.902,41.108,-5.651,-0.12,0.12,-0.12,0.0,0.0,0.0,0.0,1.0
240386.0,-3.8319,9.3169,-5.2409,9.338,17.821,26.89,0.429,-0.026,-0.0,-46.864,41.075,-5.647,-0.12,0.12,-0.12,0.0,0.0,0.0,0.0,1.0
240393.0,-3.8875,9.3462,-5.2139,11.068,17.919,28.02,0.452,-0.041,-0.038,-46.826,41.043,-5.642,-0.12,0.12,-0.12,0.0,0.0,0.0,0.0,1.0
240401.0,-3.952,9.3687,-5.1712,12.533,17.383,30.157,0.433,-0.057,-0.053,-46.788,41.01,-5.638,-0.12,0.12,-0.12,0.0,0.0,0.0,0.0,1.0
240409.0,-4.0163,9.3846,-5.1223,13.294,17.299,32.227,0.381,-0.064,-0.093,-46.751,40.977,-5.634,-0.12,0.12,-0.12,0.0,0.0,0.0,0.0,1.0
240416.0,-4.0804,9.3948,-5.0682,14.714,16.858,34.63,0.306,-0.062,-0.117,-46.713,40.944,-5.629,-0.12,0.12,-0.12,0.0,0.0,0.0,0.0,1.0
240424.0,-4.1425,9.4095,-5.0204,15.906,17.328,36.561,0.191,-0.063,-0.104,-46.675,40.911,-5.625,-0.12,0.12,-0.12,0.0,0.0,0.0,0.0,1.0
240432.0,-4.1914,9.4184,-4.9802,17.21,17.55,37.466,0.063,-0.046,-0.079,-46.638,40.879,-5.62,-0.12,0.12,-0.12,0.0,0.0,0.0,0.0,1.0
240440.0,-4.2276,9.4204,-4.946,18.691,18.121,38.374,-0.065,-0.04,-0.033,-46.601,40.846,-5.616,-0.12,0.12,-0.12,0.0,0.0,0.0,0.0,1.0
240448.0,-4.248,9.414,-4.9193,20.226,18.381,38.8,-0.186,-0.023,0.001,-46.564,40.813,-5.611,-0.12,0.12,-0.12,0.0,0.0,0.0,0.0,1.0
240456.0,-4.2543,9.3843,-4.8841,21.797,18.457,39.478,-0.278,0.001,0.053,-46.527,40.78,-5.607,-0.12,0.12,-0.12,0.0,0.0,0.0,0.0,1.0
240463.0,-4.2521,9.3408,-4.8439,22.644,18.588,40.298,-0.334,0.024,0.085,-46.49,40.748,-5.602,-0.12,0.12,-0.12,0.0,0.0,0.0,0.0,1.0
240471.0,-4.2494,9.2834,-4.7907,23.619,18.115,41.38,-0.352,0.05,0.108,-46.453,40.715,-5.598,-0.12,0.12,-0.12,0.0,0.0,0.0,0.0,1.0
240479.0,-4.2397,9.2082,-4.7271,24.128,17.614,42.005,-0.319,0.068,0.115,-46.416,40.683,-5.593,-0.12,0.12,-0.12,0.0,0.0,0.0,0.0,1.0
240486.0,-4.2264,9.1278,-4.6621,25.033,17.372,42.716,-0.282,0.058,0.112,-46.379,40.65,-5.589,-0.12,0.12,-0.12,0.0,0.0,0.0,0.0,1.0
240494.0,-4.2093,9.0399,-4.5936,25.955,16.913,42.779,-0.208,0.069,0.102,-46.342,40.618,-5.584,-0.12,0.12,-0.12,0.0,0.0,0.0,0.0,1.0
240502.0,-4.1853,8.9474,-4.5276,26.843,16.161,43.067,-0.106,0.072,0.101,-46.305,40.586,-5.579,-0.12,0.12,-0.12,0.0,0.0,0.0,0.0,1.0
240510.0,-4.1657,8.8544,-4.4566,26.955,16.222,42.786,0.018,0.041,0.07,-46.268,40.553,-5.575,-0.12,0.12,-0.12,0.0,0.0,0.0,0.0,1.0
240518.0,-4.1471,8.7703,-4.3933,26.917,16.445,42.494,0.141,-0.004,0.054,-46.231,40.521,-5.57,-0.12,0.12,-0.12,0.0,0.0,0.0,0.0,1.0
240526.0,-4.123,8.6861,-4.3355,27.331,16.158,41.52,0.222,-0.035,0.017,-46.194,40.488,-5.566,-0.12,0.12,-0.12,0.0,0.0,0.0,0.0,1.0
240533.0,-4.1002,8.6096,-4.2838,27.52,16.878,41.033,0.284,-0.065,0.001,-46.157,40.456,-5.562,-0.12,0.12,-0.12,0.0,0.0,0.0,0.0,1.0
240541.0,-4.0777,8.5289,-4.2276,27.327,17.494,40.186,0.31,-0.083,-0.036,-46.12,40.423,-5.557,-0.12,0.12,-0.12,0.0,0.0,0.0,0.0,1.0
240549.0,-4.0553,8.4514,-4.1745,26.742,18.292,39.867,0.306,-0.1,-0.051,-46.083,40.391,-5.553,-0.12,0.12,-0.12,0.0,0.0,0.0,0.0,1.0
240557.0,-4.0248,8.3629,-4.1189,26.103,18.396,39.978,0.265,-0.098,-0.072,-46.045,40.359,-5.548,-0.12,0.12,-0.12,0.0,0.0,0.0,0.0,1.0
240565.0,-3.9917,8.2722,-4.0636,25.635,18.607,40.023,0.206,-0.071,-0.107,-46.008,40.326,-5.544,-0.12,0.12,-0.12,0.0,0.0,0.0,0.0,1.0
240572.0,-3.9504,8.1746,-4.01,25.361,18.432,39.942,0.127,-0.025,-0.111,-45.972,40.294,-5.54,-0.12,0.12,-0.12,0.0,0.0,0.0,0.0,1.0
240580.0,-3.9046,8.0815,-3.9651,24.925,18.091,40.297,0.02,0.038,-0.086,-45.935,40.262,-5.535,-0.12,0.12,-0.12,0.0,0.0,0.0,0.0,1.0
240588.0,-3.8584,7.9964,-3.9284,24.028,18.441,39.787,-0.068,0.064,-0.041,-45.898,40.23,-5.531,-0.12,0.12,-0.12,0.0,0.0,0.0,0.0,1.0
240596.0,-3.8159,7.922,-3.8985,23.358,19.331,39.039,-0.131,0.064,-0.011,-45.861,40.198,-5.526,-0.12,0.12,-0.12,0.0,0.0,0.0,0.0,1.0
240603.0,-3.7814,7.8584,-3.871,22.104,20.029,38.962,-0.186,0.071,0.012,-45.825,40.166,-5.522,-0.12,0.12,-0.12,0.0,0.0,0.0,0.0,1.0
240611.0,-3.7531,7.7962,-3.8388,20.88,20.994,38.376,-0.215,0.045,0.049,-45.788,40.133,-5.518,-0.12,0.12,-0.12,0.0,0.0,0.0,0.0,1.0
240619.0,-3.737,7.7441,-3.8041,19.101,21.818,38.168,-0.217,0.031,0.063,-45.752,40.101,-5.513,-0.12,0.12,-0.12,0.0,0.0,0.0,0.0,1.0
240627.0,-3.7283,7.6903,-3.7603,17.815,22.021,37.772,-0.204,-0.004,0.076,-45.716,40.069,-5.509,-0.12,0.12,-0.12,0.0,0.0,0.0,0.0,1.0
240634.0,-3.7238,7.6396,-3.7155,16.78,21.254,37.354,-0.16,-0.004,0.075,-45.679,40.037,-5.504,-0.12,0.12,-0.12,0.0,0.0,0.0,0.0,1.0
240642.0,-3.727,7.5904,-3.6644,16.17,20.667,36.859,-0.104,-0.002,0.086,-45.643,40.005,-5.5,-0.12,0.12,-0.12,0.0,0.0,0.0,0.0,1.0
240650.0,-3.7395,7.5485,-3.6111,15.283,19.913,36.281,-0.044,0.006,0.075,-45.606,39.973,-5.495,-0.12,0.12,-0.12,0.0,0.0,0.0,0.0,1.0
240658.0,-3.7682,7.5196,-3.5542,13.963,19.254,35.194,0.018,0.008,0.082,-45.57,39.941,-5.491,-0.12,0.12,-0.12,0.0,0.0,0.0,0.0,1.0
240665.0,-3.812,7.5104,-3.5014,12.214,19.047,34.296,0.089,-0.004,0.057,-45.533,39.909,-5.486,-0.12,0.12,-0.12,0.0,0.0,0.0,0.0,1.0
240673.0,-3.8698,7.5125,-3.4458,10.306,19.13,33.688,0.158,-0.027,0.028,-45.497,39.877,-5.482,-0.12,0.12,-0.12,0.0,0.0,0.0,0.0,1.0
240681.0,-3.9386,7.5228,-3.3869,6.916,19.547,33.068,0.213,-0.024,-0.017,-45.46,39.846,-5.478,-0.12,0.12,-0.12,0.0,0.0,0.0,0.0,1.0
240689.0,-4.0067,7.5363,-3.332,4.763,19.729,31.868,0.239,-0.029,-0.055,-45.424,39.814,-5.473,-0.12,0.12,-0.12,0.0,0.0,0.0,0.0,1.0
240696.0,-4.0664,7.5493,-3.2848,2.948,19.622,30.725,0.242,-0.009,-0.057,-45.387,39.782,-5.469,-0.12,0.12,-0.12,0.0,0.0,0.0,0.0,1.0
240704.0,-4.1177,7.5548,-3.2389,1.655,19.075,28.971,0.186,-0.0,-0.058,-45.351,39.75,-5.465,-0.12,0.12,-0.12,0.0,0.0,0.0,0.0,1.0
240712.0,-4.1678,7.5517,-3.1858,0.384,18.622,27.313,0.136,0.017,-0.042,-45.314,39.718,-5.46,-0.12,0.12,-0.12,0.0,0.0,0.0,0.0,1.0
240720.0,-4.2256,7.5453,-3.1218,-1.187,18.231,25.893,0.062,0.022,-0.035,-45.278,39.687,-5.456,-0.12,0.12,-0.12,0.0,0.0,0.0,0.0,1.0
240727.0,-4.2972,7.539,-3.044,-2.906,17.284,24.436,-0.021,0.04,-0.0,-45.242,39.655,-5.452,-0.12,0.12,-0.12,0.0,0.0,0.0,0.0,1.0
240735.0,-4.39,7.5348,-2.9472,-4.862,16.53,22.916,-0.083,0.054,0.004,-45.206,39.623,-5.447,-0.12,0.12,-0.12,0.0,0.0,0.0,0.0,1.0
240743.0,-4.5008,7.5413,-2.8426,-6.961,15.033,21.859,-0.132,0.067,0.022,-45.17,39.592,-5.443,-0.12,0.12,-0.12,0.0,0.0,0.0,0.0,1.0
240751.0,-4.6366,7.5653,-2.7302,-9.375,13.876,20.883,-0.154,0.084,0.023,-45.134,39.56,-5.438,-0.12,0.12,-0.12,0.0,0.0,0.0,0.0,1.0
240758.0,-4.7832,7.6056,-2.6227,-11.667,12.18,19.795,-0.168,0.072,0.024,-45.098,39.528,-5.434,-0.12,0.12,-0.12,0.0,0.0,0.0,0.0,1.0
240766.0,-4.946,7.6702,-2.5228,-13.72,10.967,18.408,-0.159,0.053,0.041,-45.062,39.497,-5.43,-0.12,0.12,-0.12,0.0,0.0,0.0,0.0,1.0
240774.0,-5.1066,7.7494,-2.4394,-15.584,9.604,16.35,-0.149,0.023,0.044,-45.026,39.465,-5.425,-0.12,0.12,-0.12,0.0,0.0,0.0,0.0,1.0
240782.0,-5.2687,7.8399,-2.3654,-17.029,8.052,14.273,-0.105,0.006,0.06,-44.99,39.434,-5.421,-0.12,0.12,-0.12,0.0,0.0,0.0,0.0,1.0
240790.0,-5.4331,7.9425,-2.3008,-18.625,5.463,11.588,-0.072,-0.026,0.061,-44.954,39.402,-5.417,-0.12,0.12,-0.12,0.0,0.0,0.0,0.0,1.0
240797.0,-5.59,8.0402,-2.2391,-19.193,3.197,9.138,-0.042,-0.04,0.046,-44.918,39.371,-5.412,-0.12,0.12,-0.12,0.0,0.0,0.0,0.0,1.0
240805.0,-5.7509,8.1327,-2.1682,-20.071,0.821,7.53,-0.01,-0.044,0.021,-44.882,39.339,-5.408,-0.12,0.12,-0.12,0.0,0.0,0.0,0.0,1.0
240813.0,-5.9116,8.2135,-2.0862,-21.028,-2.014,6.671,0.046,-0.021,0.0,-44.847,39.308,-5.404,-0.12,0.12,-0.08913,0.0,0.0,0.0,0.0,1.0
240821.0,-6.0817,8.2833,-1.984,-22.009,-4.874,6.391,0.077,0.006,-0.057,-44.811,39.276,-5.399,-0.12,0.12,-0.04622,0.0,0.0,0.0,0.0,1.0
240828.0,-6.2511,8.3402,-1.8701,-23.8,-7.518,6.069,0.116,0.032,-0.097,-44.775,39.245,-5.395,-0.12,0.12,0.00924,0.0,0.0,0.0,0.0,1.0
240836.0,-6.4167,8.3893,-1.7522,-25.081,-9.901,6.352,0.137,0.024,-0.128,-44.739,39.214,-5.391,-0.12,0.12,0.07022,0.0,0.0,0.0,0.0,1.0
240844.0,-6.5708,8.4211,-1.6291,-26.176,-11.72,5.99,0.144,0.025,-0.136,-44.703,39.182,-5.387,-0.12,0.12,0.11499,0.0,0.0,0.0,0.0,1.0
240852.0,-6.7076,8.4377,-1.5083,-26.609,-13.509,5.572,0.104,0.026,-0.144,-44.667,39.151,-5.382,-0.12,0.12,0.12,0.0,0.0,0.0,0.0,1.0
240860.0,-6.8384,8.4382,-1.378,-26.608,-15.593,5.119,0.052,0.027,-0.098,-44.631,39.12,-5.378,-0.12,0.12,0.12,0.0,0.0,0.0,0.0,1.0
240867.0,-6.9535,8.4194,-1.2445,-26.338,-16.819,4.491,-0.016,-0.016,-0.066,-44.596,39.088,-5.374,-0.12,0.12,0.12,0.0,0.0,0.0,0.0,1.0
240875.0,-7.0676,8.3808,-1.0929,-26.272,-19.12,4.085,-0.054,-0.04,-0.032,-44.56,39.057,-5.37,-0.12,0.12,0.12,0.0,0.0,0.0,0.0,1.0
240883.0,-7.1863,8.3342,-0.9287,-26.547,-20.263,4.234,-0.108,-0.065,0.007,-44.524,39.026,-5.365,-0.12,0.12,0.12,0.0,0.0,0.0,0.0,1.0
240890.0,-7.3133,8.2729,-0.742,-26.928,-21.556,4.322,-0.134,-0.078,0.037,-44.489,38.995,-5.361,-0.12,0.12,0.12,0.0,0.0,0.0,0.0,1.0
240898.0,-7.4397,8.2035,-0.548,-27.547,-22.413,4.847,-0.131,-0.079,0.057,-44.453,38.963,-5.357,-0.12,0.12,0.12,0.0,0.0,0.0,0.0,1.0
240906.0,-7.5675,8.1248,-0.3435,-27.846,-23.11,5.101,-0.108,-0.063,0.082,-44.418,38.932,-5.352,-0.12,0.12,0.12,0.0,0.0,0.0,0.0,1.0
240914.0,-7.6948,8.0419,-0.1354,-28.236,-23.282,4.499,-0.093,-0.059,0.097,-44.383,38.901,-5.348,-0.12,0.12,0.12,0.0,0.0,0.0,0.0,1.0
240921.0,-7.8085,7.9531,0.0647,-28.085,-23.34,3.666,-0.065,-0.051,0.122,-44.347,38.87,-5.344,-0.12,0.12,0.12,0.0,0.0,0.0,0.0,1.0
240929.0,-7.9185,7.8589,0.2665,-27.479,-22.951,2.247,-0.037,-0.049,0.12,-44.312,38.839,-5.339,-0.12,0.12,0.12,0.0,0.0,0.0,0.0,1.0
240937.0,-8.0139,7.7574,0.4607,-25.886,-23.19,0.891,-0.007,-0.015,0.119,-44.276,38.808,-5.335,-0.12,0.12,0.12,0.0,0.0,0.0,0.0,1.0
240945.0,-8.1076,7.6485,0.6606,-24.493,-23.46,-0.234,0.005,0.001,0.083,-44.241,38.777,-5.331,-0.12,0.12,0.12,0.0,0.0,0.0,0.0,1.0
240953.0,-8.2046,7.5306,0.8724,-23.026,-23.894,-0.743,0.009,0.02,0.05,-44.206,38.746,-5.326,-0.12,0.12,0.12,0.0,0.0,0.0,0.0,1.0
240960.0,-8.3065,7.4104,1.0914,-21.719,-24.166,-0.831,0.04,0.055,0.001,-44.17,38.715,-5.322,-0.12,0.12,0.12,0.0,0.0,0.0,0.0,1.0
240968.0,-8.4164,7.3017,1.3071,-20.229,-24.432,-1.001,0.04,0.059,-0.053,-44.135,38.684,-5.318,-0.12,0.12,0.12,0.0,0.0,0.0,0.0,1.0
240976.0,-8.526,7.1998,1.516,-18.913,-24.261,-0.907,0.048,0.051,-0.095,-44.1,38.653,-5.314,-0.12,0.12,0.12,0.0,0.0,0.0,0.0,1.0
240984.0,-8.6374,7.1081,1.7167,-16.419,-23.347,-1.886,0.045,0.032,-0.117,-44.064,38.622,-5.309,-0.12,0.12,0.12,0.0,0.0,0.0,0.0,1.0
240991.0,-8.7314,7.037,1.88,-14.273,-22.559,-2.39,0.022,0.013,-0.128,-44.029,38.591,-5.305,-0.12,0.12,0.12,0.0,0.0,0.0,0.0,1.0
240999.0,-8.8151,6.97,2.029,-11.239,-21.658,-3.473,-0.015,-0.023,-0.125,-43.994,38.56,-5.301,-0.12,0.12,0.12,0.0,0.0,0.0,0.0,1.0
241007.0,-8.8758,6.9064,2.1516,-8.325,-21.104,-4.3,-0.045,-0.05,-0.098,-43.959,38.529,-5.297,-0.12,0.12,0.12,0.0,0.0,0.0,0.0,1.0
241015.0,-8.9195,6.8366,2.2633,-5.029,-20.922,-4.29,-0.087,-0.064,-0.071,-43.924,38.498,-5.293,-0.12,0.12,0.12,0.0,0.0,0.0,0.0,1.0
241023.0,-8.9473,6.7627,2.3631,-2.529,-20.127,-4.098,-0.107,-0.063,-0.05,-43.889,38.468,-5.289,-0.12,0.12,0.12,0.0,0.0,0.0,0.0,1.0
241030.0,-8.952,6.6793,2.449,-0.151,-19.567,-3.019,-0.098,-0.046,-0.048,-43.854,38.437,-5.284,-0.12,0.12,0.12,0.0,0.0,0.0,0.0,1.0
241038.0,-8.9307,6.584,2.5205,2.235,-18.724,-1.916,-0.085,-0.025,-0.026,-43.819,38.406,-5.28,-0.12,0.12,0.12,0.0,0.0,0.0,0.0,1.0
241046.0,-8.8812,6.4843,2.5681,4.341,-17.447,-1.07,-0.05,-0.003,0.001,-43.784,38.375,-5.276,-0.12,0.12,0.12,0.0,0.0,0.0,0.0,1.0
241054.0,-8.8023,6.3741,2.5965,6.733,-15.785,-0.789,-0.018,0.007,0.038,-43.749,38.345,-5.272,-0.12,0.12,0.12,0.0,0.0,0.0,0.0,1.0
241061.0,-8.6976,6.2592,2.6037,9.086,-13.54,-1.477,0.009,0.006,0.083,-43.714,38.314,-5.268,-0.12,0.12,0.12,0.0,0.0,0.0,0.0,1.0
241069.0,-8.5625,6.127,2.5974,12.404,-10.546,-2.188,0.023,0.005,0.099,-43.679,38.283,-5.263,-0.12,0.12,0.12,0.0,0.0,0.0,0.0,1.0
241077.0,-8.4235,5.9914,2.5903,14.95,-8.406,-2.542,0.054,0.018,0.136,-43.644,38.253,-5.259,-0.12,0.12,0.12,0.0,0.0,0.0,0.0,1.0
241085.0,-8.2875,5.857,2.5852,17.209,-6.308,-2.675,0.075,0.023,0.115,-43.609,38.222,-5.255,-0.12,0.12,0.12,0.0,0.0,0.0,0.0,1.0
241092.0,-8.1612,5.7257,2.5868,18.898,-4.506,-2.153,0.087,0.021,0.089,-43.574,38.192,-5.25,-0.12,0.12,0.12,0.0,0.0,0.0,0.0,1.0
241100.0,-8.0493,5.6044,2.593,20.042,-2.404,-1.07,0.11,-0.017,0.033,-43.539,38.161,-5.246,-0.12,0.12,0.12,0.0,0.0,0.0,0.0,1.0
241108.0,-7.9459,5.4976,2.5936,21.022,-0.123,0.105,0.113,-0.019,-0.008,-43.504,38.131,-5.242,-0.12,0.12,0.12,0.0,0.0,0.0,0.0,1.0
241115.0,-7.8469,5.4142,2.5758,22.33,2.365,0.534,0.104,-0.021,-0.054,-43.469,38.1,-5.238,-0.12,0.12,0.12,0.0,0.0,0.0,0.0,1.0
241123.0,-7.743,5.3497,2.5347,23.662,4.621,0.643,0.072,-0.041,-0.07,-43.434,38.07,-5.234,-0.12,0.12,0.12,0.0,0.0,0.0,0.0,1.0
241131.0,-7.6296,5.3079,2.4619,25.35,7.119,0.472,0.044,-0.029,-0.077,-43.4,38.039,-5.23,-0.12,0.12,0.12,0.0,0.0,0.0,0.0,1.0
241138.0,-7.509,5.2859,2.3628,26.698,9.706,0.129,0.009,-0.028,-0.054,-43.365,38.009,-5.225,-0.12,0.12,0.12,0.0,0.0,0.0,0.0,1.0
241146.0,-7.3785,5.2741,2.2437,27.705,12.537,0.202,-0.033,-0.02,-0.053,-43.33,37.978,-5.221,-0.12,0.12,0.11321,0.0,0.0,0.0,0.0,1.0
241154.0,-7.2308,5.2798,2.0905,29.186,14.61,0.031,-0.081,0.002,-0.037,-43.296,37.948,-5.217,-0.12,0.12,0.04893,0.0,0.0,0.0,0.0,1.0
241162.0,-7.0796,5.2835,1.9356,30.013,16.159,0.72,-0.102,0.021,-0.019,-43.261,37.918,-5.213,-0.12,0.12,0.0101,0.0,0.0,0.0,0.0,1.0
241170.0,-6.922,5.2932,1.7685,31.405,17.583,2.662,-0.097,0.052,-0.033,-43.227,37.887,-5.209,-0.12,0.12,-0.01804,0.0,0.0,0.0,0.0,1.0
241177.0,-6.7673,5.3087,1.5987,31.524,18.783,3.775,-0.076,0.076,-0.025,-43.192,37.857,-5.205,-0.12,0.12,-0.04462,0.0,0.0,0.0,0.0,1.0
241185.0,-6.6145,5.3345,1.4207,31.473,19.533,5.298,-0.04,0.076,-0.011,-43.158,37.827,-5.201,-0.12,0.12,-0.05948,0.0,0.0,0.0,0.0,1.0
241193.0,-6.4639,5.3715,1.2341,31.086,20.984,7.089,0.006,0.074,-0.022,-43.123,37.797,-5.196,-0.12,0.12,-0.07814,0.0,0.0,0.0,0.0,1.0
241200.0,-6.314,5.4178,1.039,30.326,22.274,8.888,0.058,0.05,-0.011,-43.089,37.767,-5.192,-0.12,0.12,-0.09023,0.0,0.0,0.0,0.0,1.0
241208.0,-6.1641,5.4727,0.8357,29.98,23.694,10.038,0.082,0.012,0.001,-43.054,37.736,-5.188,-0.12,0.12,-0.11932,0.0,0.0,0.0,0.0,1.0
241216.0,-6.0132,5.5335,0.6254,29.933,25.136,10.865,0.109,-0.019,0.036,-43.02,37.706,-5.184,-0.12,0.12,-0.12,0.0,0.0,0.0,0.0,1.0
241224.0,-5.8549,5.6003,0.4021,30.304,26.336,10.672,0.083,-0.046,0.062,-42.985,37.676,-5.18,-0.12,0.12,-0.12,0.0,0.0,0.0,0.0,1.0
241231.0,-5.7115,5.6589,0.2016,30.857,27.279,10.659,0.073,-0.064,0.088,-42.951,37.646,-5.176,-0.12,0.12,-0.12,0.0,0.0,0.0,0.0,1.0
241239.0,-5.5826,5.7169,0.0162,30.612,28.594,10.33,0.039,-0.056,0.096,-42.916,37.616,-5.171,-0.12,0.12,-0.12,0.0,0.0,0.0,0.0,1.0
241247.0,-5.485,5.7733,-0.1363,29.597,29.883,10.585,0.033,-0.053,0.083,-42.882,37.586,-5.167,-0.12,0.12,-0.12,0.0,0.0,0.0,0.0,1.0
241255.0,-5.4147,5.8273,-0.2593,28.318,30.424,11.217,0.034,-0.04,0.046,-42.848,37.556,-5.163,-0.12,0.12,-0.12,0.0,0.0,0.0,0.0,1.0
241263.0,-5.3673,5.8852,-0.3631,26.617,30.723,12.3,0.026,-0.004,0.016,-42.813,37.525,-5.159,-0.12,0.12,-0.12,0.0,0.0,0.0,0.0,1.0
241270.0,-5.3307,5.9377,-0.4508,25.166,31.328,12.827,0.012,0.025,-0.013,-42.779,37.495,-5.155,-0.12,0.12,-0.12,0.0,0.0,0.0,0.0,1.0
241278.0,-5.3,5.9979,-0.5402,23.761,31.684,12.501,0.002,0.045,-0.04,-42.745,37.466,-5.151,-0.12,0.12,-0.12,0.0,0.0,0.0,0.0,1.0
241286.0,-5.2623,6.067,-0.6451,22.865,32.093,11.19,-0.03,0.078,-0.035,-42.711,37.436,-5.146,-0.12,0.12,-0.12,0.0,0.0,0.0,0.0,1.0
241294.0,-5.2173,6.1493,-0.7703,22.801,32.356,9.298,-0.054,0.075,-0.027,-42.677,37.406,-5.142,-0.12,0.12,-0.12,0.0,0.0,0.0,0.0,1.0
241301.0,-5.1674,6.2379,-0.9065,22.413,32.56,7.262,-0.079,0.079,0.014,-42.643,37.376,-5.138,-0.12,0.12,-0.12,0.0,0.0,0.0,0.0,1.0
241309.0,-5.1227,6.3394,-1.0501,22.0,32.394,6.149,-0.098,0.069,0.023,-42.609,37.346,-5.134,-0.12,0.12,-0.12,0.0,0.0,0.0,0.0,1.0
241317.0,-5.0942,6.4482,-1.1846,20.826,31.817,5.574,-0.068,0.035,0.024,-42.574,37.316,-5.13,-0.12,0.12,-0.12,0.0,0.0,0.0,0.0,1.0
241325.0,-5.0749,6.5666,-1.3192,19.485,31.704,5.548,-0.033,0.025,0.014,-42.54,37.286,-5.126,-0.12,0.12,-0.12,0.0,0.0,0.0,0.0,1.0
241332.0,-5.0611,6.695,-1.4579,17.541,31.262,6.138,0.013,-0.009,-0.022,-42.506,37.257,-5.122,-0.12,0.12,-0.12,0.0,0.0,0.0,0.0,1.0
241340.0,-5.0405,6.8283,-1.6084,16.196,30.564,6.385,0.04,-0.031,-0.033,-42.472,37.227,-5.118,-0.12,0.12,-0.12,0.0,0.0,0.0,0.0,1.0
241348.0,-5.0164,6.9769,-1.7773,15.363,29.802,6.82,0.074,-0.043,-0.042,-42.438,37.197,-5.114,-0.12,0.12,-0.12,0.0,0.0,0.0,0.0,1.0
241355.0,-4.9804,7.1293,-1.9617,15.145,29.027,6.548,0.063,-0.053,-0.042,-42.404,37.167,-5.11,-0.12,0.12,-0.12,0.0,0.0,0.0,0.0,1.0
241363.0,-4.9354,7.2961,-2.1692,15.54,28.283,5.527,0.052,-0.041,-0.019,-42.371,37.137,-5.106,-0.12,0.12,-0.12,0.0,0.0,0.0,0.0,1.0
241371.0,-4.8907,7.4558,-2.3694,15.848,27.572,4.454,0.029,-0.048,-0.009,-42.337,37.108,-5.101,-0.12,0.12,-0.12,0.0,0.0,0.0,0.0,1.0
241379.0,-4.8595,7.6198,-2.5603,16.071,26.565,2.914,0.001,-0.03,0.028,-42.303,37.078,-5.097,-0.12,0.12,-0.12,0.0,0.0,0.0,0.0,1.0
241387.0,-4.8445,7.7698,-2.7214,16.295,25.135,2.854,-0.025,-0.005,0.012,-42.269,37.048,-5.093,-0.12,0.12,-0.12,0.0,0.0,0.0,0.0,1.0
241394.0,-4.8494,7.9055,-2.8487,15.953,23.435,3.734,-0.044,0.033,0.007,-42.235,37.019,-5.089,-0.12,0.12,-0.12,0.0,0.0,0.0,0.0,1.0
241402.0,-4.8705,8.0269,-2.9458,14.943,21.289,4.776,-0.047,0.071,-0.011,-42.201,36.989,-5.085,-0.12,0.12,-0.12,0.0,0.0,0.0,0.0,1.0
241410.0,-4.9021,8.1384,-3.0227,14.186,19.217,5.806,-0.047,0.092,-0.027,-42.168,36.96,-5.081,-0.12,0.12,-0.12,0.0,0.0,0.0,0.0,1.0
241417.0,-4.9307,8.2401,-3.0932,13.736,17.626,6.368,-0.034,0.093,-0.043,-42.134,36.93,-5.077,-0.12,0.12,-0.12,0.0,0.0,0.0,0.0,1.0
241425.0,-4.9463,8.3331,-3.1682,13.87,15.667,6.818,-0.018,0.092,-0.034,-42.1,36.901,-5.073,-0.12,0.12,-0.12,0.0,0.0,0.0,0.0,1.0
241433.0,-4.9389,8.4188,-3.259,14.293,13.895,6.159,-0.023,0.069,-0.013,-42.067,36.871,-5.069,-0.12,0.12,-0.12,0.0,0.0,0.0,0.0,1.0
241441.0,-4.9137,8.4919,-3.3554,15.436,12.0,5.116,-0.022,0.047,0.004,-42.033,36.842,-5.065,-0.12,0.12,-0.12,0.0,0.0,0.0,0.0,1.0
241449.0,-4.8717,8.5499,-3.4539,16.819,10.195,4.164,-0.036,0.015,0.047,-42.0,36.813,-5.061,-0.12,0.12,-0.12,0.0,0.0,0.0,0.0,1.0
241457.0,-4.8254,8.5955,-3.5446,18.031,8.196,3.365,-0.014,-0.024,0.057,-41.966,36.783,-5.057,-0.12,0.12,-0.12,0.0,0.0,0.0,0.0,1.0
241464.0,-4.7781,8.6238,-3.6195,18.528,6.33,3.995,-0.01,-0.041,0.051,-41.932,36.754,-5.053,-0.12,0.12,-0.12,0.0,0.0,0.0,0.0,1.0
241472.0,-4.7291,8.6395,-3.6838,18.371,4.114,5.312,0.019,-0.055,0.009,-41.899,36.724,-5.049,-0.12,0.12,-0.12,0.0,0.0,0.0,0.0,1.0
241480.0,-4.6747,8.6422,-3.7409,17.751,2.484,6.61,0.056,-0.079,-0.025,-41.865,36.695,-5.045,-0.12,0.12,-0.12,0.0,0.0,0.0,0.0,1.0
241487.0,-4.6088,8.633,-3.7977,16.97,1.594,7.437,0.074,-0.076,-0.054,-41.832,36.665,-5.041,-0.12,0.12,-0.12,0.0,0.0,0.0,0.0,1.0
241495.0,-4.5275,8.6113,-3.8579,16.78,0.619,8.18,0.077,-0.078,-0.049,-41.798,36.636,-5.037,-0.12,0.12,-0.12,0.0,0.0,0.0,0.0,1.0
241503.0,-4.424,8.5755,-3.9266,17.531,-0.355,8.406,0.065,-0.076,-0.053,-41.765,36.607,-5.033,-0.12,0.12,-0.12,0.0,0.0,0.0,0.0,1.0
241511.0,-4.3023,8.5261,-4.0002,18.079,-0.911,8.1,0.041,-0.064,-0.02,-41.731,36.577,-5.029,-0.12,0.12,-0.12,0.0,0.0,0.0,0.0,1.0
241519.0,-4.1745,8.4659,-4.0695,18.407,-1.205,7.541,-0.004,-0.057,0.003,-41.698,36.548,-5.025,-0.12,0.12,-0.12,0.0,0.0,0.0,0.0,1.0
241527.0,-4.0554,8.397,-4.1215,18.32,-1.155,7.156,-0.031,-0.027,0.037,-41.665,36.519,-5.021,-0.12,0.12,-0.12,0.0,0.0,0.0,0.0,1.0
241534.0,-3.9476,8.3197,-4.154,17.619,-1.05,7.435,-0.055,-0.007,0.036,-41.631,36.49,-5.017,-0.12,0.12,-0.12,0.0,0.0,0.0,0.0,1.0
241542.0,-3.8522,8.2231,-4.1553,16.739,-1.183,8.343,-0.04,0.002,0.034,-41.598,36.46,-5.013,-0.12,0.12,-0.12,0.0,0.0,0.0,0.0,1.0
241550.0,-3.7676,8.1163,-4.136,15.916,-1.817,9.27,-0.039,0.038,0.013,-41.565,36.431,-5.009,-0.12,0.12,-0.12,0.0,0.0,0.0,0.0,1.0
241557.0,-3.6869,8.0016,-4.1049,15.44,-2.428,10.568,-0.034,0.053,0.003,-41.532,36.402,-5.005,-0.12,0.12,-0.12,0.0,0.0,0.0,0.0,1.0
241565.0,-3.6037,7.8833,-4.073,15.108,-3.268,11.634,-0.013,0.07,-0.018,-41.499,36.373,-5.001,-0.12,0.12,-0.12,0.0,0.0,0.0,0.0,1.0
241573.0,-3.5176,7.7674,-4.0463,15.394,-3.965,12.15,-0.014,0.086,-0.003,-41.465,36.344,-4.997,-0.12,0.12,-0.12,0.0,0.0,0.0,0.0,1.0
241581.0,-3.4367,7.669,-4.0313,15.938,-4.137,11.461,-0.004,0.064,0.017,-41.432,36.315,-4.993,-0.12,0.12,-0.12,0.0,0.0,0.0,0.0,1.0
241589.0,-3.3477,7.5776,-4.0313,17.44,-4.082,10.221,-0.021,0.029,0.038,-41.399,36.286,-4.989,-0.12,0.12,-0.12,0.0,0.0,0.0,0.0,1.0
241596.0,-3.2726,7.4959,-4.0268,17.805,-3.832,10.557,-0.005,-0.006,0.016,-41.366,36.257,-4.984,-0.12,0.12,-0.12,0.0,0.0,0.0,0.0,1.0
241604.0,-3.214,7.4253,-4.0167,16.874,-3.192,11.8,0.026,-0.045,0.006,-41.333,36.228,-4.98,-0.12,0.12,-0.12,0.0,0.0,0.0,0.0,1.0
241612.0,-3.1676,7.3586,-3.9981,15.436,-2.044,13.464,0.056,-0.092,-0.021,-41.3,36.199,-4.977,-0.12,0.12,-0.12,0.0,0.0,0.0,0.0,1.0
241619.0,-3.1092,7.288,-3.9879,14.18,-1.178,15.017,0.092,-0.104,-0.061,-41.267,36.17,-4.973,-0.12,0.12,-0.12,0.0,0.0,0.0,0.0,1.0
241627.0,-3.04,7.2085,-3.9797,13.731,-0.686,16.456,0.079,-0.107,-0.063,-41.234,36.141,-4.969,-0.12,0.12,-0.12,0.0,0.0,0.0,0.0,1.0
241635.0,-2.949,7.115,-3.9796,14.075,-0.448,17.038,0.075,-0.081,-0.057,-41.201,36.112,-4.965,-0.12,0.12,-0.12,0.0,0.0,0.0,0.0,1.0
241643.0,-2.8337,7.0055,-3.9883,14.514,-0.088,17.828,0.031,-0.043,-0.053,-41.168,36.083,-4.961,-0.12,0.12,-0.12,0.0,0.0,0.0,0.0,1.0
241650.0,-2.7178,6.8976,-3.9991,14.563,0.601,18.256,-0.007,-0.011,-0.033,-41.135,36.054,-4.957,-0.12,0.12,-0.12,0.0,0.0,0.0,0.0,1.0
241658.0,-2.6093,6.7836,-3.9967,13.665,2.279,18.641,-0.028,0.003,-0.024,-41.102,36.025,-4.953,-0.12,0.12,-0.12,0.0,0.0,0.0,0.0,1.0
241666.0,-2.522,6.6709,-3.9742,11.635,4.339,19.67,-0.043,0.027,-0.02,-41.069,35.997,-4.949,-0.12,0.12,-0.12,0.0,0.0,0.0,0.0,1.0
241674.0,-2.4551,6.5617,-3.9347,9.533,6.112,20.846,-0.018,0.02,-0.004,-41.036,35.968,-4.945,-0.12,0.12,-0.12,0.0,0.0,0.0,0.0,1.0
241681.0,-2.4043,6.4528,-3.8795,8.067,7.075,21.56,-0.017,0.042,0.011,-41.004,35.939,-4.941,-0.12,0.12,-0.12,0.0,0.0,0.0,0.0,1.0
241689.0,-2.3643,6.3402,-3.8098,7.562,6.857,22.39,-0.003,0.059,0.038,-40.971,35.91,-4.937,-0.12,0.12,-0.12,0.0,0.0,0.0,0.0,1.0
241697.0,-2.3358,6.2313,-3.7323,7.618,6.823,22.367,-0.007,0.09,0.071,-40.938,35.882,-4.933,-0.12,0.12,-0.12,0.0,0.0,0.0,0.0,1.0
241704.0,-2.3319,6.1394,-3.6466,7.694,6.861,21.725,-0.028,0.083,0.097,-40.905,35.853,-4.929,-0.12,0.12,-0.12,0.0,0.0,0.0,0.0,1.0
241712.0,-2.3541,6.0723,-3.5591,8.045,7.346,20.148,-0.037,0.08,0.129,-40.873,35.825,-4.925,-0.12,0.12,-0.12,0.0,0.0,0.0,0.0,1.0
241720.0,-2.4097,6.0375,-3.4696,7.722,8.278,18.584,-0.046,0.044,0.153,-40.84,35.796,-4.921,-0.12,0.12,-0.12,0.0,0.0,0.0,0.0,1.0
241728.0,-2.4996,6.0304,-3.3728,7.544,8.922,17.164,-0.018,-0.009,0.131,-40.807,35.767,-4.917,-0.12,0.12,-0.12,0.0,0.0,0.0,0.0,1.0
241736.0,-2.608,6.0435,-3.2772,7.358,9.024,15.977,-0.01,-0.028,0.124,-40.775,35.739,-4.913,-0.12,0.12,-0.12,0.0,0.0,0.0,0.0,1.0
241744.0,-2.7199,6.0619,-3.1831,7.255,9.007,14.93,0.019,-0.056,0.08,-40.742,35.71,-4.909,-0.12,0.12,-0.12,0.0,0.0,0.0,0.0,1.0
241751.0,-2.8297,6.0883,-3.099,7.191,8.784,13.417,0.023,-0.061,0.037,-40.71,35.682,-4.905,-0.12,0.12,-0.12,0.0,0.0,0.0,0.0,1.0
241759.0,-2.924,6.1146,-3.0304,8.028,8.639,11.981,0.026,-0.071,-0.007,-40.677,35.653,-4.901,-0.12,0.12,-0.12,0.0,0.0,0.0,0.0,1.0
241767.0,-2.9938,6.1338,-2.9792,8.791,8.784,9.801,0.0,-0.036,-0.041,-40.644,35.624,-4.897,-0.12,0.12,-0.12,0.0,0.0,0.0,0.0,1.0
241774.0,-3.0341,6.1446,-2.9494,10.049,8.438,7.302,0.001,-0.032,-0.046,-40.612,35.596,-4.893,-0.12,0.12,-0.12,0.0,0.0,0.0,0.0,1.0
241782.0,-3.0486,6.1468,-2.9371,11.563,8.682,4.273,-0.015,-0.021,-0.06,-40.579,35.567,-4.889,-0.12,0.12,-0.12,0.0,0.0,0.0,0.0,1.0
241790.0,-3.0397,6.14,-2.9393,12.898,8.757,2.543,-0.039,-0.008,-0.077,-40.547,35.539,-4.886,-0.12,0.12,-0.12,0.0,0.0,0.0,0.0,1.0
241798.0,-3.0088,6.1204,-2.9511,14.257,8.382,0.711,-0.041,0.033,-0.075,-40.515,35.511,-4.882,-0.12,0.12,-0.12,0.0,0.0,0.0,0.0,1.0
241806.0,-2.9659,6.0968,-2.9711,15.115,8.498,-0.371,-0.053,0.04,-0.098,-40.482,35.482,-4.878,-0.12,0.12,-0.12,0.0,0.0,0.0,0.0,1.0
241813.0,-2.9135,6.0733,-3.0006,15.634,8.486,-1.408,-0.021,0.05,-0.094,-40.45,35.454,-4.874,-0.12,0.12,-0.12,0.0,0.0,0.0,0.0,1.0
241821.0,-2.8564,6.0534,-3.0383,16.285,7.968,-1.227,-0.019,0.043,-0.096,-40.418,35.426,-4.87,-0.12,0.12,-0.12,0.0,0.0,0.0,0.0,1.0
241829.0,-2.7932,6.0439,-3.0923,16.431,8.306,-0.97,0.007,0.035,-0.083,-40.385,35.397,-4.866,-0.12,0.12,-0.12,0.0,0.0,0.0,0.0,1.0
241836.0,-2.7166,6.0469,-3.1719,16.133,8.713,-1.08,0.024,-0.002,-0.085,-40.353,35.369,-4.863,-0.12,0.12,-0.12,0.0,0.0,0.0,0.0,1.0
241844.0,-2.6289,6.0654,-3.2776,16.405,9.85,-2.276,0.044,-0.041,-0.035,-40.321,35.341,-4.859,-0.12,0.12,-0.12,0.0,0.0,0.0,0.0,1.0
241852.0,-2.5276,6.0966,-3.4093,17.14,10.875,-3.931,0.044,-0.066,0.018,-40.288,35.312,-4.855,-0.12,0.12,-0.12,0.0,0.0,0.0,0.0,1.0
241860.0,-2.4214,6.1301,-3.5481,18.252,11.675,-5.207,0.028,-0.094,0.068,-40.256,35.284,-4.851,-0.12,0.12,-0.12,0.0,0.0,0.0,0.0,1.0
241868.0,-2.3177,6.1633,-3.6841,19.326,12.438,-6.516,0.005,-0.087,0.082,-40.224,35.256,-4.847,-0.12,0.12,-0.12,0.0,0.0,0.0,0.0,1.0
241875.0,-2.2211,6.1939,-3.8106,19.696,12.316,-6.552,0.001,-0.066,0.1,-40.192,35.228,-4.843,-0.12,0.12,-0.12,0.0,0.0,0.0,0.0,1.0
241883.0,-2.1385,6.2227,-3.9212,20.131,12.203,-5.712,-0.008,-0.031,0.061,-40.16,35.199,-4.839,-0.12,0.12,-0.12,0.0,0.0,0.0,0.0,1.0
241891.0,-2.0651,6.2513,-4.0225,20.296,12.163,-4.887,0.006,0.006,0.045,-40.128,35.171,-4.835,-0.12,0.12,-0.12,0.0,0.0,0.0,0.0,1.0
241898.0,-1.9914,6.2841,-4.1282,20.256,12.026,-4.075,-0.017,0.039,-0.009,-40.096,35.143,-4.831,-0.12,0.12,-0.12,0.0,0.0,0.0,0.0,1.0
241906.0,-1.9111,6.3264,-4.2497,21.011,12.164,-3.594,-0.007,0.064,-0.039,-40.063,35.115,-4.827,-0.09506,0.12,-0.12,0.0,0.0,0.0,0.0,1.0
241914.0,-1.82,6.3729,-4.3861,21.717,12.07,-2.832,-0.014,0.08,-0.059,-40.031,35.087,-4.824,-0.07141,0.12,-0.12,0.0,0.0,0.0,0.0,1.0
241922.0,-1.7143,6.4278,-4.5453,22.296,11.07,-0.823,-0.02,0.099,-0.119,-39.999,35.059,-4.82,-0.0499,0.12,-0.12,0.0,0.0,0.0,0.0,1.0
241930.0,-1.607,6.4795,-4.703,21.255,7.962,6.924,0.001,0.132,-0.237,-39.968,35.031,-4.816,-0.0858,0.12,-0.12,0.0,0.0,0.0,0.0,1.0
241938.0,-1.4896,6.5136,-4.8535,18.192,4.99,18.251,0.064,0.154,-0.386,-39.936,35.003,-4.813,-0.12,0.12,-0.12,0.0,0.0,0.0,0.0,1.0
241945.0,-1.3404,6.5645,-5.0524,16.155,6.67,24.114,0.093,0.07,-0.405,-39.904,34.975,-4.809,-0.12,0.12,-0.12,0.0,0.0,0.0,0.0,1.0
241953.0,-1.1586,6.6335,-5.3015,14.843,10.004,26.015,0.106,-0.046,-0.326,-39.872,34.947,-4.806,-0.12,0.12,-0.12,0.0,0.0,0.0,0.0,1.0
241961.0,-0.9396,6.6762,-5.562,17.116,11.903,25.448,0.069,-0.132,-0.181,-39.84,34.919,-4.802,-0.12,0.12,-0.12,0.0,0.0,0.0,0.0,1.0
241968.0,-0.716,6.6698,-5.7795,23.555,12.047,23.314,-0.068,-0.15,-0.004,-39.808,34.891,-4.798,-0.05405,0.12,-0.12,0.0,0.0,0.0,0.0,1.0
241976.0,-0.529,6.619,-5.9171,26.753,11.398,22.991,-0.147,-0.142,0.139,-39.776,34.863,-4.794,0.04543,0.12,-0.12,0.0,0.0,0.0,0.0,1.0
241984.0,-0.4294,6.5334,-5.9334,27.495,10.929,24.938,-0.183,-0.128,0.222,-39.744,34.835,-4.79,0.06401,0.12,-0.12,0.0,0.0,0.0,0.0,1.0
241992.0,-0.4326,6.4223,-5.8218,24.622,9.342,29.925,-0.138,-0.055,0.231,-39.713,34.807,-4.786,-0.01819,0.12,-0.12,0.0,0.0,0.0,0.0,1.0
241999.0,-0.5284,6.2977,-5.6048,19.747,8.146,36.519,-0.022,0.018,0.173,-39.681,34.78,-4.782,-0.12,0.12,-0.12,0.0,0.0,0.0,0.0,1.0
242007.0,-0.6872,6.1674,-5.319,14.827,7.951,42.474,0.101,0.06,0.125,-39.649,34.752,-4.778,-0.12,0.12,-0.12,0.0,0.0,0.0,0.0,1.0
242015.0,-0.8316,6.0461,-5.0564,10.564,8.313,46.477,0.197,0.074,0.105,-39.617,34.724,-4.774,-0.12,0.12,-0.12,0.0,0.0,0.0,0.0,1.0
242023.0,-0.9137,5.9281,-4.8594,9.403,7.926,47.39,0.223,0.086,0.113,-39.586,34.696,-4.77,-0.12,0.12,-0.12,0.0,0.0,0.0,0.0,1.0
242030.0,-0.9133,5.8068,-4.7416,11.674,8.02,45.238,0.162,0.086,0.161,-39.554,34.669,-4.766,-0.12,0.12,-0.12,0.0,0.0,0.0,0.0,1.0
242038.0,-0.8396,5.6834,-4.6952,15.126,8.415,41.394,0.046,0.066,0.215,-39.522,34.641,-4.762,-0.12,0.12,-0.12,0.0,0.0,0.0,0.0,1.0
242046.0,-0.7391,5.5691,-4.6845,18.687,9.104,36.724,-0.071,0.036,0.281,-39.49,34.613,-4.758,-0.12,0.12,-0.12,0.0,0.0,0.0,0.0,1.0
242054.0,-0.6511,5.4492,-4.6556,21.592,9.624,33.618,-0.177,0.002,0.288,-39.459,34.586,-4.754,-0.12,0.12,-0.12,0.0,0.0,0.0,0.0,1.0
242062.0,-0.613,5.3193,-4.5673,21.834,10.142,33.28,-0.206,-0.037,0.224,-39.428,34.558,-4.75,-0.12,0.12,-0.12,0.0,0.0,0.0,0.0,1.0
242069.0,-0.6498,5.1969,-4.4113,18.273,11.0,36.828,-0.155,-0.082,0.107,-39.396,34.53,-4.747,-0.12,0.12,-0.12,0.0,0.0,0.0,0.0,1.0
242077.0,-0.7403,5.0797,-4.2066,14.362,11.962,39.879,-0.074,-0.086,-0.039,-39.365,34.503,-4.743,-0.12,0.12,-0.12,0.0,0.0,0.0,0.0,1.0
242085.0,-0.8372,4.9638,-3.9968,11.125,12.583,42.07,0.018,-0.11,-0.149,-39.333,34.475,-4.739,-0.12,0.12,-0.12,0.0,0.0,0.0,0.0,1.0
242093.0,-0.9184,4.8541,-3.8087,10.0,13.048,42.201,0.076,-0.106,-0.212,-39.302,34.447,-4.735,-0.12,0.12,-0.12,0.0,0.0,0.0,0.0,1.0
242100.0,-0.9567,4.7505,-3.6696,11.23,12.988,40.078,0.083,-0.075,-0.195,-39.27,34.42,-4.732,-0.12,0.12,-0.12,0.0,0.0,0.0,0.0,1.0
242108.0,-0.968,4.6606,-3.5707,13.737,13.094,36.303,0.059,-0.021,-0.145,-39.239,34.392,-4.728,-0.12,0.12,-0.12,0.0,0.0,0.0,0.0,1.0
242116.0,-0.9701,4.5879,-3.4978,16.172,13.217,32.371,0.004,0.015,-0.079,-39.208,34.365,-4.724,-0.12,0.12,-0.12,0.0,0.0,0.0,0.0,1.0
242124.0,-0.9845,4.5286,-3.4256,17.823,13.213,30.299,-0.027,0.054,-0.023,-39.176,34.337,-4.721,-0.12,0.12,-0.12,0.0,0.0,0.0,0.0,1.0
242132.0,-1.0368,4.4891,-3.3349,17.748,12.73,29.905,-0.028,0.105,-0.009,-39.145,34.31,-4.717,-0.12,0.12,-0.12,0.0,0.0,0.0,0.0,1.0
242140.0,-1.1219,4.4594,-3.2208,16.99,12.2,31.191,0.003,0.121,-0.025,-39.114,34.283,-4.713,-0.12,0.12,-0.12,0.0,0.0,0.0,0.0,1.0
242147.0,-1.232,4.4446,-3.0963,15.198,12.135,32.94,0.038,0.121,-0.011,-39.082,34.255,-4.709,-0.12,0.12,-0.12,0.0,0.0,0.0,0.0,1.0
242155.0,-1.3362,4.4333,-2.9811,15.513,12.889,32.399,0.041,0.092,0.002,-39.051,34.228,-4.706,-0.12,0.12,-0.12,0.0,0.0,0.0,0.0,1.0
242163.0,-1.4192,4.4216,-2.8867,17.16,13.935,30.338,0.027,0.043,0.05,-39.02,34.201,-4.702,-0.12,0.12,-0.12,0.0,0.0,0.0,0.0,1.0
242170.0,-1.4734,4.3987,-2.8101,19.49,14.717,28.704,-0.009,-0.007,0.08,-38.989,34.173,-4.698,-0.12,0.12,-0.12,0.0,0.0,0.0,0.0,1.0
242178.0,-1.5016,4.359,-2.7432,21.652,15.173,27.353,-0.064,-0.052,0.11,-38.957,34.146,-4.694,-0.12,0.12,-0.12,0.0,0.0,0.0,0.0,1.0
242186.0,-1.509,4.298,-2.6765,23.4,14.852,27.299,-0.081,-0.083,0.087,-38.926,34.119,-4.69,-0.12,0.12,-0.12,0.0,0.0,0.0,0.0,1.0
242194.0,-1.5057,4.2202,-2.604,24.81,13.84,27.851,-0.086,-0.082,0.029,-38.895,34.091,-4.687,-0.12,0.12,-0.12,0.0,0.0,0.0,0.0,1.0
242202.0,-1.4908,4.1266,-2.5277,26.518,11.644,29.289,-0.067,-0.043,-0.04,-38.864,34.064,-4.683,-0.12,0.12,-0.12,0.0,0.0,0.0,0.0,1.0
242209.0,-1.4649,4.041,-2.4702,28.027,9.983,30.392,-0.062,0.014,-0.075,-38.833,34.037,-4.679,-0.12,0.12,-0.12,0.0,0.0,0.0,0.0,1.0
242217.0,-1.4281,3.9734,-2.4412,29.27,9.018,30.114,-0.029,0.039,-0.1,-38.802,34.01,-4.675,-0.12,0.12,-0.12,0.0,0.0,0.0,0.0,1.0
242225.0,-1.3877,3.926,-2.4355,29.87,9.657,29.191,0.01,0.04,-0.088,-38.771,33.982,-4.672,-0.11604,0.12,-0.12,0.0,0.0,0.0,0.0,1.0
242232.0,-1.3405,3.9041,-2.4614,30.26,10.692,27.451,0.046,0.002,-0.051,-38.74,33.955,-4.668,-0.08848,0.12,-0.12,0.0,0.0,0.0,0.0,1.0
242240.0,-1.2838,3.8835,-2.498,30.437,11.885,25.87,0.095,-0.019,-0.005,-38.709,33.928,-4.664,-0.06793,0.12,-0.12,0.0,0.0,0.0,0.0,1.0
242248.0,-1.2162,3.8464,-2.5295,30.913,13.141,23.926,0.122,-0.02,0.031,-38.678,33.901,-4.661,-0.03895,0.12,-0.12,0.0,0.0,0.0,0.0,1.0
242256.0,-1.1386,3.7857,-2.548,31.766,13.391,23.14,0.119,-0.03,0.039,-38.647,33.874,-4.657,-0.00354,0.12,-0.12,0.0,0.0,0.0,0.0,1.0
242263.0,-1.0519,3.6941,-2.5455,32.883,12.59,23.035,0.095,-0.013,0.05,-38.616,33.847,-4.653,0.04057,0.12,-0.12,0.0,0.0,0.0,0.0,1.0
242271.0,-0.9518,3.5661,-2.521,34.29,11.119,23.733,0.053,0.03,0.026,-38.585,33.82,-4.649,0.08962,0.12,-0.12,0.0,0.0,0.0,0.0,1.0
242279.0,-0.8567,3.4247,-2.4784,34.857,9.854,24.64,0.011,0.073,-0.001,-38.554,33.793,-4.646,0.11651,0.12,-0.12,0.0,0.0,0.0,0.0,1.0
242287.0,-0.7666,3.2801,-2.4277,35.573,9.077,24.912,-0.024,0.085,-0.014,-38.524,33.766,-4.642,0.12,0.12,-0.12,0.0,0.0,0.0,0.0,1.0
242294.0,-0.6807,3.1531,-2.39,35.805,9.656,24.206,-0.062,0.077,-0.001,-38.493,33.739,-4.638,0.12,0.12,-0.12,0.0,0.0,0.0,0.0,1.0
242302.0,-0.5934,3.0474,-2.3743,36.291,11.002,22.796,-0.078,0.021,0.027,-38.462,33.712,-4.635,0.12,0.12,-0.12,0.0,0.0,0.0,0.0,1.0
242310.0,-0.5019,2.9528,-2.3738,35.963,12.538,21.058,-0.081,-0.03,0.03,-38.431,33.685,-4.631,0.12,0.12,-0.12,0.0,0.0,0.0,0.0,1.0
242318.0,-0.3985,2.8564,-2.3833,36.33,14.009,19.43,-0.077,-0.076,0.041,-38.401,33.658,-4.627,0.12,0.12,-0.12,0.0,0.0,0.0,0.0,1.0
242326.0,-0.2899,2.7671,-2.4048,36.693,14.676,18.293,-0.059,-0.081,0.042,-38.37,33.631,-4.623,0.12,0.12,-0.12,0.0,0.0,0.0,0.0,1.0
242333.0,-0.168,2.6687,-2.431,37.341,14.822,17.499,-0.035,-0.069,0.01,-38.339,33.604,-4.62,0.12,0.12,-0.12,0.0,0.0,0.0,0.0,1.0
242341.0,-0.028,2.5583,-2.4635,38.688,13.885,17.089,-0.037,-0.051,0.004,-38.309,33.577,-4.616,0.12,0.12,-0.12,0.0,0.0,0.0,0.0,1.0
242349.0,0.1213,2.4562,-2.5134,40.213,12.625,16.612,-0.025,0.001,-0.035,-38.278,33.55,-4.612,0.12,0.12,-0.12,0.0,0.0,0.0,0.0,1.0
242357.0,0.2734,2.3655,-2.5772,40.762,12.349,16.338,-0.005,0.041,-0.049,-38.248,33.523,-4.609,0.12,0.12,-0.12,0.0,0.0,0.0,0.0,1.0
242364.0,0.4257,2.2927,-2.6586,40.194,12.701,16.343,0.05,0.046,-0.062,-38.217,33.497,-4.605,0.12,0.12,-0.12,0.0,0.0,0.0,0.0,1.0
242372.0,0.5794,2.2341,-2.7553,39.193,13.262,16.466,0.086,0.051,-0.079,-38.186,33.47,-4.601,0.12,0.12,-0.12,0.0,0.0,0.0,0.0,1.0
242380.0,0.7294,2.1925,-2.8648,37.936,14.855,16.238,0.134,0.012,-0.062,-38.156,33.443,-4.598,0.12,0.12,-0.12,0.0,0.0,0.0,0.0,1.0
242387.0,0.8867,2.1562,-2.9868,36.71,16.067,16.146,0.152,-0.016,-0.053,-38.125,33.416,-4.594,0.12,0.12,-0.12,0.0,0.0,0.0,0.0,1.0
242395.0,1.0651,2.1096,-3.1198,36.566,17.075,16.023,0.137,-0.05,-0.029,-38.094,33.39,-4.59,0.12,0.12,-0.12,0.0,0.0,0.0,0.0,1.0
242403.0,1.249,2.0455,-3.2413,36.546,17.237,16.094,0.113,-0.046,-0.012,-38.064,33.363,-4.587,0.12,0.12,-0.12,0.0,0.0,0.0,0.0,1.0
242411.0,1.4451,1.9591,-3.3534,36.911,16.74,16.545,0.061,-0.033,0.012,-38.033,33.336,-4.583,0.12,0.12,-0.12,0.0,0.0,0.0,0.0,1.0
242419.0,1.6188,1.866,-3.4364,36.456,16.545,17.301,0.0,-0.02,0.013,-38.003,33.31,-4.579,0.12,0.12,-0.12,0.0,0.0,0.0,0.0,1.0
242426.0,1.7733,1.7723,-3.4997,36.303,16.572,17.849,-0.05,0.008,0.031,-37.973,33.283,-4.576,0.12,0.12,-0.12,0.0,0.0,0.0,0.0,1.0
242434.0,1.9133,1.6865,-3.5561,35.774,17.214,17.632,-0.091,0.011,0.047,-37.942,33.256,-4.572,0.12,0.12,-0.12,0.0,0.0,0.0,0.0,1.0
242442.0,2.0318,1.6069,-3.5971,34.616,18.361,17.749,-0.088,-0.002,0.047,-37.912,33.23,-4.568,0.12,0.12,-0.12,0.0,0.0,0.0,0.0,1.0
242449.0,2.1294,1.5401,-3.6298,33.201,19.478,17.835,-0.091,-0.002,0.041,-37.882,33.203,-4.565,0.12,0.12,-0.12,0.0,0.0,0.0,0.0,1.0
242457.0,2.2147,1.4829,-3.6593,31.68,21.351,16.954,-0.086,-0.012,0.045,-37.852,33.177,-4.561,0.12,0.12,-0.12,0.0,0.0,0.0,0.0,1.0
242465.0,2.3031,1.4305,-3.6967,30.814,22.236,16.724,-0.064,-0.013,0.045,-37.821,33.15,-4.557,0.12,0.12,-0.12,0.0,0.0,0.0,0.0,1.0
242473.0,2.3987,1.3777,-3.7409,31.025,22.779,15.547,-0.04,0.005,0.052,-37.791,33.124,-4.554,0.12,0.12,-0.12,0.0,0.0,0.0,0.0,1.0
242481.0,2.5087,1.3139,-3.7889,31.984,22.084,14.861,-0.042,0.052,0.024,-37.761,33.097,-4.55,0.12,0.12,-0.12,0.0,0.0,0.0,0.0,1.0
242488.0,2.6076,1.2659,-3.8409,32.719,21.68,14.636,-0.046,0.064,0.013,-37.731,33.071,-4.546,0.12,0.12,-0.12,0.0,0.0,0.0,0.0,1.0
242496.0,2.7011,1.2278,-3.8974,32.87,20.956,15.21,-0.015,0.08,-0.037,-37.701,33.044,-4.543,0.12,0.12,-0.12,0.0,0.0,0.0,0.0,1.0
242504.0,2.7844,1.2075,-3.961,32.327,20.437,16.588,0.01,0.08,-0.082,-37.671,33.018,-4.539,0.12,0.12,-0.12,0.0,0.0,0.0,0.0,1.0
242511.0,2.8645,1.2076,-4.0413,31.01,20.631,18.241,0.059,0.058,-0.129,-37.64,32.992,-4.536,0.12,0.12,-0.12,0.0,0.0,0.0,0.0,1.0
242519.0,2.9411,1.2206,-4.1304,29.095,21.556,19.759,0.105,0.002,-0.147,-37.61,32.965,-4.532,0.12,0.12,-0.12,0.0,0.0,0.0,0.0,1.0
242527.0,3.0225,1.2498,-4.2404,28.001,23.086,20.064,0.12,-0.041,-0.136,-37.58,32.939,-4.529,0.12,0.12,-0.12,0.0,0.0,0.0,0.0,1.0
242534.0,3.1203,1.2808,-4.3684,27.436,24.288,19.955,0.12,-0.095,-0.097,-37.55,32.912,-4.525,0.12,0.12,-0.12,0.0,0.0,0.0,0.0,1.0
242542.0,3.2279,1.3011,-4.4957,27.372,24.895,19.942,0.086,-0.09,-0.051,-37.52,32.886,-4.521,0.12,0.12,-0.12,0.0,0.0,0.0,0.0,1.0
242550.0,3.3307,1.3032,-4.6006,26.768,24.78,20.766,0.045,-0.102,-0.015,-37.49,32.86,-4.518,0.12,0.12,-0.12,0.0,0.0,0.0,0.0,1.0
242558.0,3.4304,1.2893,-4.6868,26.747,23.908,21.872,-0.011,-0.056,0.023,-37.46,32.833,-4.514,0.12,0.12,-0.12,0.0,0.0,0.0,0.0,1.0
242565.0,3.5082,1.2612,-4.7372,26.416,23.142,23.604,-0.058,-0.006,0.039,-37.43,32.807,-4.511,0.12,0.12,-0.12,0.0,0.0,0.0,0.0,1.0
242573.0,3.5598,1.2324,-4.7608,24.4,22.032,26.202,-0.067,0.053,0.04,-37.4,32.781,-4.507,0.12,0.12,-0.12,0.0,0.0,0.0,0.0,1.0
242581.0,3.5922,1.2051,-4.7666,22.988,21.729,27.707,-0.074,0.072,0.057,-37.37,32.755,-4.503,0.12,0.12,-0.12,0.0,0.0,0.0,0.0,1.0
242588.0,3.6079,1.186,-4.7638,22.066,21.54,28.29,-0.075,0.079,0.076,-37.34,32.729,-4.5,0.12,0.12,-0.12,0.0,0.0,0.0,0.0,1.0
242596.0,3.6125,1.1739,-4.7565,20.873,22.028,28.254,-0.073,0.076,0.082,-37.311,32.703,-4.496,0.12,0.12,-0.12,0.0,0.0,0.0,0.0,1.0
242604.0,3.6054,1.1677,-4.7433,19.792,22.302,28.955,-0.067,0.052,0.092,-37.281,32.676,-4.492,0.12,0.12,-0.12,0.0,0.0,0.0,0.0,1.0
242611.0,3.5937,1.154,-4.7183,18.904,22.191,29.531,-0.055,0.051,0.077,-37.251,32.65,-4.489,0.12,0.12,-0.12,0.0,0.0,0.0,0.0,1.0
242619.0,3.5799,1.1353,-4.6863,18.6,22.013,29.696,-0.045,0.02,0.065,-37.221,32.624,-4.485,0.12,0.12,-0.12,0.0,0.0,0.0,0.0,1.0
242627.0,3.5613,1.112,-4.645,17.912,21.801,30.173,-0.002,0.005,0.038,-37.192,32.598,-4.481,0.12,0.12,-0.12,0.0,0.0,0.0,0.0,1.0
242634.0,3.5399,1.0788,-4.5913,17.368,21.142,30.637,0.017,-0.017,0.012,-37.162,32.572,-4.478,0.12,0.12,-0.12,0.0,0.0,0.0,0.0,1.0
242642.0,3.5193,1.0405,-4.5334,16.88,20.528,31.317,0.044,-0.015,-0.03,-37.132,32.546,-4.474,0.12,0.12,-0.12,0.0,0.0,0.0,0.0,1.0
242650.0,3.4924,1.002,-4.469,15.852,20.446,31.581,0.063,-0.018,-0.047,-37.102,32.52,-4.471,0.12,0.12,-0.12,0.0,0.0,0.0,0.0,1.0
242658.0,3.4583,0.9716,-4.4053,14.689,20.336,31.902,0.065,-0.025,-0.066,-37.073,32.494,-4.467,0.12,0.12,-0.12,0.0,0.0,0.0,0.0,1.0
242666.0,3.4225,0.9457,-4.3443,14.357,20.364,32.101,0.052,-0.026,-0.065,-37.043,32.468,-4.464,0.12,0.12,-0.12,0.0,0.0,0.0,0.0,1.0
242673.0,3.3786,0.9261,-4.2812,13.372,20.492,31.795,0.046,-0.019,-0.069,-37.013,32.442,-4.46,0.12,0.12,-0.12,0.0,0.0,0.0,0.0,1.0
242681.0,3.3307,0.9146,-4.2221,12.699,20.652,31.78,0.033,-0.02,-0.033,-36.984,32.416,-4.457,0.12,0.12,-0.12,0.0,0.0,0.0,0.0,1.0
242689.0,3.2798,0.9064,-4.1633,12.291,20.86,30.605,-0.005,-0.016,-0.01,-36.954,32.39,-4.453,0.12,0.12,-0.12,0.0,0.0,0.0,0.0,1.0
242696.0,3.2195,0.9014,-4.0981,11.816,21.05,30.362,-0.032,0.004,0.024,-36.925,32.364,-4.449,0.12,0.12,-0.12,0.0,0.0,0.0,0.0,1.0
242704.0,3.1455,0.8943,-4.0172,11.046,20.776,29.398,-0.047,0.011,0.058,-36.895,32.338,-4.446,0.12,0.12,-0.12,0.0,0.0,0.0,0.0,1.0
242712.0,3.0646,0.8881,-3.9302,10.6,20.214,28.925,-0.064,0.03,0.076,-36.866,32.313,-4.442,0.12,0.12,-0.12,0.0,0.0,0.0,0.0,1.0
242720.0,2.9765,0.8799,-3.8341,10.388,19.372,28.605,-0.067,0.043,0.085,-36.836,32.287,-4.439,0.12,0.12,-0.12,0.0,0.0,0.0,0.0,1.0
242728.0,2.8809,0.8757,-3.7344,10.068,18.425,28.179,-0.074,0.048,0.065,-36.807,32.261,-4.435,0.12,0.12,-0.12,0.0,0.0,0.0,0.0,1.0
242735.0,2.7786,0.8759,-3.6322,9.684,17.694,27.709,-0.053,0.042,0.053,-36.777,32.235,-4.431,0.12,0.12,-0.12,0.0,0.0,0.0,0.0,1.0
242743.0,2.6848,0.8753,-3.5378,9.607,16.813,26.658,-0.031,0.043,0.016,-36.748,32.209,-4.428,0.12,0.12,-0.12,0.0,0.0,0.0,0.0,1.0
242751.0,2.5921,0.8855,-3.455,9.223,16.471,25.797,-0.011,0.013,0.002,-36.719,32.184,-4.424,0.12,0.12,-0.12,0.0,0.0,0.0,0.0,1.0
242758.0,2.5011,0.8973,-3.3755,9.182,16.058,24.349,0.006,-0.003,0.002,-36.689,32.158,-4.421,0.12,0.12,-0.12,0.0,0.0,0.0,0.0,1.0
242766.0,2.4163,0.9086,-3.3017,9.452,15.763,23.105,0.015,-0.029,-0.009,-36.66,32.132,-4.417,0.12,0.12,-0.12,0.0,0.0,0.0,0.0,1.0
242774.0,2.3398,0.9112,-3.2277,10.954,13.886,21.575,0.008,-0.02,-0.028,-36.631,32.107,-4.414,0.12,0.12,-0.12,0.0,0.0,0.0,0.0,1.0
242782.0,2.2689,0.9091,-3.1548,12.211,12.403,20.956,-0.009,-0.023,-0.047,-36.601,32.081,-4.41,0.12,0.12,-0.12,0.0,0.0,0.0,0.0,1.0
242790.0,2.1895,0.9117,-3.0779,11.558,12.057,21.214,0.011,-0.046,-0.063,-36.572,32.055,-4.407,0.12,0.12,-0.12,0.0,0.0,0.0,0.0,1.0
242797.0,2.1167,0.9169,-3.0101,9.825,12.458,21.7,0.045,-0.061,-0.099,-36.543,32.03,-4.403,0.12,0.12,-0.12,0.0,0.0,0.0,0.0,1.0
242805.0,2.0546,0.924,-2.955,8.364,12.571,22.414,0.077,-0.072,-0.098,-36.514,32.004,-4.4,0.12,0.12,-0.12,0.0,0.0,0.0,0.0,1.0
242813.0,2.017,0.923,-2.9163,7.394,12.423,22.262,0.093,-0.079,-0.082,-36.484,31.978,-4.396,0.12,0.12,-0.12,0.0,0.0,0.0,0.0,1.0
242821.0,2.0104,0.9111,-2.8981,7.671,12.282,21.598,0.072,-0.054,-0.047,-36.455,31.953,-4.393,0.12,0.12,-0.12,0.0,0.0,0.0,0.0,1.0
242828.0,2.0322,0.887,-2.8965,8.913,11.606,20.399,0.019,-0.02,0.007,-36.426,31.927,-4.389,0.12,0.12,-0.12,0.0,0.0,0.0,0.0,1.0
242836.0,2.0636,0.8555,-2.8972,10.232,11.13,18.71,-0.016,0.03,0.043,-36.397,31.902,-4.386,0.12,0.12,-0.12,0.0,0.0,0.0,0.0,1.0
242844.0,2.0857,0.8221,-2.8868,10.825,9.802,18.071,-0.063,0.069,0.071,-36.368,31.876,-4.382,0.12,0.11308,-0.12,0.0,0.0,0.0,0.0,1.0
242852.0,2.0811,0.7863,-2.8473,10.536,9.346,18.393,-0.067,0.104,0.071,-36.339,31.851,-4.379,0.12,0.09792,-0.12,0.0,0.0,0.0,0.0,1.0
242860.0,2.0421,0.7622,-2.7848,8.672,9.37,19.282,-0.046,0.084,0.041,-36.31,31.825,-4.375,0.12,0.10121,-0.12,0.0,0.0,0.0,0.0,1.0
242867.0,1.9811,0.7435,-2.7056,6.699,9.66,20.437,-0.003,0.067,0.01,-36.281,31.8,-4.372,0.12,0.10889,-0.12,0.0,0.0,0.0,0.0,1.0
242875.0,1.9088,0.7299,-2.62,5.303,10.03,20.723,0.037,0.038,-0.003,-36.252,31.774,-4.368,0.12,0.12,-0.12,0.0,0.0,0.0,0.0,1.0
242883.0,1.8424,0.7181,-2.5421,4.512,10.774,20.347,0.052,-0.015,0.002,-36.223,31.749,-4.365,0.12,0.12,-0.12,0.0,0.0,0.0,0.0,1.0
242890.0,1.7876,0.6997,-2.4694,4.344,10.898,19.439,0.053,-0.055,0.016,-36.194,31.724,-4.361,0.12,0.12,-0.12,0.0,0.0,0.0,0.0,1.0
242898.0,1.7495,0.6719,-2.4042,5.189,10.894,17.541,0.043,-0.077,0.011,-36.165,31.698,-4.358,0.12,0.12,-0.12,0.0,0.0,0.0,0.0,1.0
242906.0,1.7201,0.6329,-2.3368,5.905,10.239,16.634,0.006,-0.072,0.014,-36.136,31.673,-4.354,0.12,0.12,-0.12,0.0,0.0,0.0,0.0,1.0
242914.0,1.6815,0.5951,-2.2615,5.872,9.44,16.62,-0.025,-0.048,0.008,-36.107,31.647,-4.351,0.12,0.09985,-0.12,0.0,0.0,0.0,0.0,1.0
242922.0,1.6365,0.563,-2.1852,5.451,9.239,17.03,-0.029,-0.016,-0.036,-36.078,31.622,-4.347,0.12,0.09336,-0.12,0.0,0.0,0.0,0.0,1.0
242929.0,1.5809,0.5441,-2.111,4.52,9.28,17.075,-0.014,-0.021,-0.06,-36.049,31.597,-4.344,0.12,0.09691,-0.12,0.0,0.0,0.0,0.0,1.0
242937.0,1.5178,0.5408,-2.0449,3.269,9.721,16.827,-0.005,-0.016,-0.069,-36.02,31.572,-4.34,0.12,0.11757,-0.12,0.0,0.0,0.0,0.0,1.0
242945.0,1.4634,0.5528,-2.0021,2.482,10.397,15.775,-0.005,-0.006,-0.047,-35.992,31.546,-4.337,0.11173,0.12,-0.12,0.0,0.0,0.0,0.0,1.0
242953.0,1.4181,0.5698,-1.9733,2.741,10.705,14.786,-0.003,0.005,-0.02,-35.963,31.521,-4.334,0.11324,0.12,-0.12,0.0,0.0,0.0,0.0,1.0
242960.0,1.38,0.5887,-1.9536,3.371,10.303,13.605,-0.028,0.031,0.015,-35.934,31.496,-4.33,0.12,0.12,-0.12,0.0,0.0,0.0,0.0,1.0
242968.0,1.3456,0.6046,-1.9347,3.945,9.599,12.467,-0.024,0.049,0.033,-35.905,31.471,-4.327,0.12,0.12,-0.12,0.0,0.0,0.0,0.0,1.0
242976.0,1.3042,0.6221,-1.9104,4.814,8.47,12.199,-0.051,0.059,0.031,-35.877,31.446,-4.323,0.12,0.12,-0.12,0.0,0.0,0.0,0.0,1.0
242983.0,1.2496,0.6381,-1.8713,4.68,6.967,12.249,-0.027,0.088,0.036,-35.848,31.421,-4.32,0.12,0.12,-0.12,0.0,0.0,0.0,0.0,1.0
242992.0,1.1814,0.6603,-1.8247,3.903,5.774,12.951,-0.018,0.082,0.011,-35.819,31.395,-4.316,0.12,0.1081,-0.12,0.0,0.0,0.0,0.0,1.0
242999.0,1.1103,0.6848,-1.7774,3.531,5.184,12.962,0.012,0.046,0.004,-35.791,31.37,-4.313,0.12,0.10374,-0.12,0.0,0.0,0.0,0.0,1.0
243007.0,1.0411,0.709,-1.7318,3.159,5.113,12.454,0.027,0.025,-0.0,-35.762,31.345,-4.309,0.11637,0.1126,-0.12,0.0,0.0,0.0,0.0,1.0
243015.0,0.9868,0.7259,-1.6939,3.259,4.41,11.576,0.036,-0.022,0.007,-35.733,31.32,-4.306,0.12,0.10272,-0.12,0.0,0.0,0.0,0.0,1.0
243023.0,0.9472,0.7344,-1.6626,3.913,4.176,10.734,0.035,-0.035,0.015,-35.705,31.295,-4.302,0.12,0.10016,-0.12,0.0,0.0,0.0,0.0,1.0
243030.0,0.9204,0.7259,-1.6275,4.591,3.404,9.876,0.008,-0.065,0.016,-35.676,31.27,-4.299,0.12,0.08388,-0.12,0.0,0.0,0.0,0.0,1.0
243038.0,0.9026,0.7032,-1.5877,5.204,2.415,9.406,0.009,-0.055,0.01,-35.648,31.245,-4.296,0.12,0.06053,-0.12,0.0,0.0,0.0,0.0,1.0
243045.0,0.8896,0.6726,-1.5448,5.276,1.639,9.582,-0.003,-0.042,-0.018,-35.619,31.22,-4.292,0.12,0.03911,-0.12,0.0,0.0,0.0,0.0,1.0
243053.0,0.882,0.6354,-1.501,4.917,0.785,9.421,-0.007,-0.01,-0.012,-35.591,31.195,-4.289,0.12,0.02424,-0.12,0.0,0.0,0.0,0.0,1.0
243061.0,0.8793,0.5933,-1.4574,4.84,0.04,9.714,-0.007,-0.007,-0.023,-35.562,31.17,-4.285,0.12,0.00064,-0.12,0.0,0.0,0.0,0.0,1.0
243069.0,0.8822,0.5559,-1.4238,4.535,0.379,9.362,0.0,-0.002,-0.028,-35.534,31.145,-4.282,0.12,0.00534,-0.12,0.0,0.0,0.0,0.0,1.0
243077.0,0.8899,0.524,-1.4004,4.342,-0.134,8.589,-0.001,0.0,-0.008,-35.505,31.12,-4.278,0.12,-0.00212,-0.12,0.0,0.0,0.0,0.0,1.0
243084.0,0.9011,0.4952,-1.3836,4.937,-0.485,7.287,-0.009,0.009,0.014,-35.477,31.095,-4.275,0.12,-0.00724,-0.12,0.0,0.0,0.0,0.0,1.0
243092.0,0.9184,0.4644,-1.3708,5.746,-1.254,6.085,-0.015,0.013,0.03,-35.449,31.071,-4.272,0.12,-0.02372,-0.12,0.0,0.0,0.0,0.0,1.0
243100.0,0.9324,0.4309,-1.3522,6.709,-2.202,5.223,-0.035,0.028,0.02,-35.42,31.046,-4.268,0.12,-0.0465,-0.12,0.0,0.0,0.0,0.0,1.0
243107.0,0.9407,0.3965,-1.327,7.292,-3.026,4.831,-0.054,0.044,0.041,-35.392,31.021,-4.265,0.12,-0.06861,-0.12,0.0,0.0,0.0,0.0,1.0
243115.0,0.9372,0.363,-1.2909,7.541,-4.237,4.312,-0.036,0.044,0.028,-35.364,30.996,-4.261,0.12,-0.09528,-0.12,0.0,0.0,0.0,0.0,1.0
243123.0,0.9219,0.3314,-1.2449,7.337,-5.109,4.648,-0.017,0.03,0.009,-35.336,30.971,-4.258,0.12,-0.12,-0.12,0.0,0.0,0.0,0.0,1.0
243131.0,0.9066,0.302,-1.2009,6.518,-5.804,4.471,0.016,0.009,0.002,-35.307,30.947,-4.254,0.12,-0.12,-0.12,0.0,0.0,0.0,0.0,1.0
243139.0,0.9028,0.2685,-1.1645,6.21,-6.307,4.225,0.049,-0.011,-0.027,-35.279,30.922,-4.251,0.12,-0.12,-0.12,0.0,0.0,0.0,0.0,1.0
243146.0,0.9172,0.2254,-1.1369,6.253,-6.857,3.674,0.037,-0.033,-0.024,-35.251,30.897,-4.248,0.12,-0.12,-0.12,0.0,0.0,0.0,0.0,1.0
243154.0,0.9548,0.1721,-1.1225,6.328,-7.873,3.347,0.053,-0.04,-0.025,-35.223,30.873,-4.244,0.12,-0.12,-0.12,0.0,0.0,0.0,0.0,1.0
243162.0,1.0152,0.1112,-1.1237,6.674,-8.702,2.772,0.039,-0.032,-0.018,-35.194,30.848,-4.241,0.12,-0.12,-0.12,0.0,0.0,0.0,0.0,1.0
243170.0,1.0917,0.0422,-1.133,6.768,-9.521,2.123,0.03,-0.027,-0.004,-35.166,30.823,-4.238,0.12,-0.12,-0.12,0.0,0.0,0.0,0.0,1.0
243177.0,1.1794,-0.0293,-1.1511,6.534,-9.897,1.57,0.009,-0.028,-0.01,-35.138,30.798,-4.234,0.12,-0.12,-0.12,0.0,0.0,0.0,0.0,1.0
243185.0,1.2668,-0.1053,-1.1645,5.845,-10.161,1.044,0.004,-0.018,-0.001,-35.11,30.774,-4.231,0.12,-0.12,-0.12,0.0,0.0,0.0,0.0,1.0
243193.0,1.3562,-0.1896,-1.1719,4.062,-10.095,1.281,0.0,-0.018,0.0,-35.082,30.749,-4.227,0.12,-0.12,-0.12,0.0,0.0,0.0,0.0,1.0
243200.0,1.4404,-0.2801,-1.1679,2.54,-10.059,1.922,0.011,-0.03,-0.021,-35.054,30.725,-4.224,0.12,-0.12,-0.12,0.0,0.0,0.0,0.0,1.0
243208.0,1.5307,-0.3801,-1.1609,1.497,-10.024,1.872,0.03,-0.025,-0.008,-35.026,30.7,-4.221,0.12,-0.12,-0.12,0.0,0.0,0.0,0.0,1.0
243216.0,1.6166,-0.4799,-1.1496,1.483,-10.254,1.903,0.002,-0.006,0.004,-34.998,30.675,-4.217,0.12,-0.12,-0.12,0.0,0.0,0.0,0.0,1.0
243224.0,1.6995,-0.5862,-1.129,1.302,-11.177,1.846,-0.019,0.012,0.001,-34.97,30.651,-4.214,0.12,-0.12,-0.11912,0.0,0.0,0.0,0.0,1.0
243232.0,1.7713,-0.6873,-1.1023,0.896,-11.294,1.733,-0.038,0.022,0.011,-34.942,30.626,-4.211,0.12,-0.12,-0.10945,0.0,0.0,0.0,0.0,1.0
243239.0,1.8186,-0.7746,-1.0646,0.089,-11.468,2.08,-0.036,0.032,0.006,-34.914,30.602,-4.207,0.12,-0.12,-0.0879,0.0,0.0,0.0,0.0,1.0
243247.0,1.8501,-0.8527,-1.02,-0.818,-11.375,2.261,-0.038,0.024,0.009,-34.886,30.578,-4.204,0.12,-0.12,-0.06777,0.0,0.0,0.0,0.0,1.0
243255.0,1.8628,-0.9152,-0.972,-2.454,-10.64,2.738,-0.025,-0.005,0.013,-34.858,30.553,-4.2,0.12,-0.12,-0.04059,0.0,0.0,0.0,0.0,1.0
243263.0,1.8666,-0.9736,-0.9188,-4.848,-9.971,3.407,0.009,-0.013,-0.012,-34.83,30.529,-4.197,0.12,-0.12,-0.00626,0.0,0.0,0.0,0.0,1.0
243270.0,1.8723,-1.0297,-0.8699,-6.695,-8.991,3.956,0.029,-0.054,-0.014,-34.803,30.504,-4.194,0.12,-0.12,0.02134,0.0,0.0,0.0,0.0,1.0
243278.0,1.8863,-1.0887,-0.8265,-8.381,-8.087,3.998,0.044,-0.046,-0.028,-34.775,30.48,-4.19,0.12,-0.12,0.03662,0.0,0.0,0.0,0.0,1.0
243286.0,1.9092,-1.1474,-0.7921,-9.304,-7.401,3.389,0.048,-0.037,-0.003,-34.747,30.455,-4.187,0.12,-0.12,0.03928,0.0,0.0,0.0,0.0,1.0
243294.0,1.9398,-1.2098,-0.762,-9.882,-7.22,2.623,0.039,-0.027,0.015,-34.719,30.431,-4.184,0.12,-0.12,0.03877,0.0,0.0,0.0,0.0,1.0
243302.0,1.9661,-1.2765,-0.7234,-10.242,-7.561,2.371,0.004,0.003,0.017,-34.691,30.407,-4.18,0.12,-0.12,0.04879,0.0,0.0,0.0,0.0,1.0
243309.0,1.9805,-1.3426,-0.6734,-10.276,-8.275,2.697,-0.036,0.025,0.01,-34.664,30.382,-4.177,0.12,-0.12,0.06994,0.0,0.0,0.0,0.0,1.0
243317.0,1.9735,-1.4019,-0.6087,-10.598,-8.683,2.898,-0.061,0.059,-0.016,-34.636,30.358,-4.174,0.12,-0.12,0.08902,0.0,0.0,0.0,0.0,1.0
243325.0,1.9366,-1.4439,-0.5307,-11.65,-8.533,3.483,-0.056,0.052,-0.004,-34.608,30.334,-4.17,0.12,-0.12,0.12,0.0,0.0,0.0,0.0,1.0
243332.0,1.8686,-1.4565,-0.4505,-13.408,-7.713,3.786,-0.039,0.028,-0.012,-34.581,30.31,-4.167,0.12,-0.12,0.12,0.0,0.0,0.0,0.0,1.0
243340.0,1.7845,-1.4521,-0.3707,-14.903,-6.73,3.559,-0.022,-0.001,0.001,-34.553,30.285,-4.164,0.12,-0.12,0.12,0.0,0.0,0.0,0.0,1.0
243348.0,1.6905,-1.4367,-0.2917,-15.638,-5.983,3.441,0.005,-0.032,-0.005,-34.525,30.261,-4.16,0.09999,-0.12,0.12,0.0,0.0,0.0,0.0,1.0
243356.0,1.6019,-1.4187,-0.2206,-16.555,-5.223,2.647,0.015,-0.056,0.012,-34.498,30.237,-4.157,0.06838,-0.12,0.12,0.0,0.0,0.0,0.0,1.0
243364.0,1.5254,-1.4115,-0.151,-16.034,-5.36,1.734,-0.006,-0.055,0.009,-34.47,30.213,-4.154,0.06771,-0.12,0.12,0.0,0.0,0.0,0.0,1.0
243371.0,1.4575,-1.4081,-0.0865,-15.378,-5.813,1.108,-0.041,-0.03,0.01,-34.443,30.189,-4.15,0.0699,-0.12,0.12,0.0,0.0,0.0,0.0,1.0
243379.0,1.388,-1.4145,-0.0107,-14.594,-7.041,0.918,-0.048,0.015,-0.0,-34.415,30.164,-4.147,0.08036,-0.12,0.12,0.0,0.0,0.0,0.0,1.0
243387.0,1.3099,-1.4215,0.0742,-14.515,-8.032,0.879,-0.036,0.043,-0.012,-34.388,30.14,-4.144,0.07544,-0.12,0.12,0.0,0.0,0.0,0.0,1.0
243394.0,1.2239,-1.4241,0.1628,-14.965,-8.308,0.865,-0.025,0.074,-0.004,-34.36,30.116,-4.14,0.05351,-0.12,0.12,0.0,0.0,0.0,0.0,1.0
243402.0,1.1271,-1.413,0.2488,-15.56,-8.265,0.994,0.005,0.058,0.002,-34.333,30.092,-4.137,0.02638,-0.12,0.12,0.0,0.0,0.0,0.0,1.0
243410.0,1.0312,-1.3987,0.3308,-15.925,-7.795,0.256,0.03,0.039,0.007,-34.305,30.068,-4.134,0.00675,-0.12,0.12,0.0,0.0,0.0,0.0,1.0
243418.0,0.9398,-1.3835,0.4074,-16.014,-7.328,-0.228,0.056,0.011,0.027,-34.278,30.044,-4.13,-0.01088,-0.12,0.12,0.0,0.0,0.0,0.0,1.0
243425.0,0.8606,-1.3704,0.4738,-15.653,-7.173,-0.849,0.075,-0.032,0.039,-34.25,30.02,-4.127,-0.01575,-0.12,0.12,0.0,0.0,0.0,0.0,1.0
243433.0,0.7933,-1.3623,0.5333,-14.843,-7.2,-1.739,0.058,-0.037,0.065,-34.223,29.996,-4.124,-0.00828,-0.12,0.12,0.0,0.0,0.0,0.0,1.0
243441.0,0.742,-1.3656,0.5878,-14.017,-7.848,-2.127,0.026,-0.03,0.05,-34.196,29.972,-4.12,0.00157,-0.12,0.12,0.0,0.0,0.0,0.0,1.0
243449.0,0.6991,-1.3786,0.6434,-12.887,-8.276,-2.725,-0.009,-0.024,0.05,-34.168,29.948,-4.117,0.01581,-0.12,0.12,0.0,0.0,0.0,0.0,1.0
243457.0,0.6539,-1.3865,0.6963,-12.417,-8.862,-3.137,-0.034,-0.011,0.033,-34.141,29.924,-4.114,0.01996,-0.12,0.12,0.0,0.0,0.0,0.0,1.0
243464.0,0.6069,-1.3934,0.75,-12.313,-8.67,-3.115,-0.047,-0.007,0.011,-34.114,29.9,-4.11,0.00912,-0.12,0.12,0.0,0.0,0.0,0.0,1.0
243472.0,0.5565,-1.3919,0.7989,-12.26,-8.408,-3.113,-0.045,0.03,-0.011,-34.086,29.876,-4.107,-0.0025,-0.12,0.12,0.0,0.0,0.0,0.0,1.0
243480.0,0.5074,-1.3907,0.8468,-12.632,-8.069,-3.291,-0.038,0.005,-0.023,-34.059,29.853,-4.104,-0.01945,-0.12,0.12,0.0,0.0,0.0,0.0,1.0
243488.0,0.4589,-1.3828,0.8876,-12.897,-7.408,-3.581,-0.021,0.003,-0.058,-34.032,29.829,-4.101,-0.03469,-0.12,0.12,0.0,0.0,0.0,0.0,1.0
243495.0,0.4167,-1.3732,0.9205,-12.749,-6.878,-4.259,-0.003,0.02,-0.064,-34.005,29.805,-4.097,-0.03655,-0.12,0.12,0.0,0.0,0.0,0.0,1.0
243503.0,0.3834,-1.3708,0.9515,-12.286,-6.688,-5.018,0.016,0.012,-0.058,-33.978,29.781,-4.094,-0.02734,-0.12,0.12,0.0,0.0,0.0,0.0,1.0
243511.0,0.3587,-1.373,0.9784,-12.157,-6.643,-5.404,0.026,0.004,-0.044,-33.95,29.757,-4.091,-0.02579,-0.12,0.12,0.0,0.0,0.0,0.0,1.0
243519.0,0.3335,-1.3787,1.0091,-12.022,-6.703,-5.374,0.038,0.019,-0.046,-33.923,29.733,-4.088,-0.0272,-0.12,0.12,0.0,0.0,0.0,0.0,1.0
243527.0,0.3077,-1.3858,1.0418,-11.843,-6.899,-5.568,0.039,0.025,-0.03,-33.896,29.71,-4.085,-0.02606,-0.12,0.12,0.0,0.0,0.0,0.0,1.0
243534.0,0.2834,-1.3931,1.0732,-11.808,-6.995,-5.402,0.034,0.015,-0.026,-33.869,29.686,-4.081,-0.03166,-0.12,0.12,0.0,0.0,0.0,0.0,1.0
243542.0,0.2539,-1.391,1.1007,-11.987,-6.714,-5.292,0.039,0.014,-0.007,-33.842,29.662,-4.078,-0.0438,-0.12,0.12,0.0,0.0,0.0,0.0,1.0
243550.0,0.2222,-1.3749,1.1168,-12.332,-5.321,-5.282,0.025,-0.02,0.011,-33.815,29.638,-4.075,-0.06962,-0.12,0.12,0.0,0.0,0.0,0.0,1.0
243557.0,0.1907,-1.3505,1.1245,-12.424,-3.096,-5.302,0.011,-0.072,0.03,-33.788,29.615,-4.072,-0.0983,-0.12,0.12,0.0,0.0,0.0,0.0,1.0
243565.0,0.164,-1.3302,1.1315,-11.498,-1.706,-5.292,-0.014,-0.096,0.032,-33.761,29.591,-4.068,-0.10379,-0.12,0.12,0.0,0.0,0.0,0.0,1.0
243573.0,0.1441,-1.3126,1.1342,-10.876,-0.453,-5.159,-0.049,-0.104,0.045,-33.734,29.567,-4.065,-0.11314,-0.12,0.12,0.0,0.0,0.0,0.0,1.0
243581.0,0.1197,-1.2974,1.1438,-9.56,0.607,-4.787,-0.047,-0.076,0.049,-33.707,29.544,-4.062,-0.10821,-0.12,0.12,0.0,0.0,0.0,0.0,1.0
243589.0,0.0955,-1.2894,1.1603,-8.681,0.742,-4.215,-0.066,-0.037,0.033,-33.68,29.52,-4.058,-0.1058,-0.12,0.12,0.0,0.0,0.0,0.0,1.0
243596.0,0.0671,-1.2816,1.1811,-7.756,1.137,-3.21,-0.057,0.007,-0.004,-33.653,29.496,-4.055,-0.10805,-0.12,0.12,0.0,0.0,0.0,0.0,1.0
243604.0,0.0313,-1.2646,1.2003,-7.348,1.661,-2.768,-0.055,0.059,-0.029,-33.626,29.473,-4.052,-0.11703,-0.12,0.12,0.0,0.0,0.0,0.0,1.0
243612.0,-0.0167,-1.2335,1.218,-7.143,2.916,-2.114,-0.018,0.067,-0.038,-33.599,29.449,-4.049,-0.12,-0.11834,0.12,0.0,0.0,0.0,0.0,1.0
243620.0,-0.0714,-1.1809,1.2215,-7.193,4.919,-2.269,0.016,0.052,-0.043,-33.572,29.426,-4.045,-0.12,-0.07022,0.12,0.0,0.0,0.0,0.0,1.0
243627.0,-0.1247,-1.1146,1.2102,-7.405,7.16,-3.136,0.058,0.02,-0.021,-33.546,29.402,-4.042,-0.12,-0.01022,0.12,0.0,0.0,0.0,0.0,1.0
243635.0,-0.177,-1.0432,1.193,-7.146,9.358,-4.218,0.078,-0.017,0.002,-33.519,29.379,-4.039,-0.12,0.04545,0.12,0.0,0.0,0.0,0.0,1.0
243643.0,-0.2209,-0.9741,1.1696,-6.14,10.877,-5.37,0.065,-0.025,0.044,-33.492,29.355,-4.036,-0.12,0.08746,0.11598,0.0,0.0,0.0,0.0,1.0
243651.0,-0.2598,-0.9133,1.1493,-5.011,11.724,-6.501,0.039,-0.032,0.064,-33.465,29.332,-4.033,-0.12,0.11455,0.0765,0.0,0.0,0.0,0.0,1.0
243658.0,-0.2992,-0.8605,1.1373,-3.853,11.846,-7.146,-0.002,-0.011,0.067,-33.438,29.308,-4.029,-0.12,0.12,0.05176,0.0,0.0,0.0,0.0,1.0
243666.0,-0.3461,-0.8068,1.1319,-2.692,11.648,-7.16,-0.03,0.022,0.056,-33.411,29.285,-4.026,-0.12,0.12,0.0411,0.0,0.0,0.0,0.0,1.0
243674.0,-0.4009,-0.7458,1.1273,-1.972,11.763,-7.466,-0.039,0.025,0.046,-33.385,29.261,-4.023,-0.12,0.12,0.02691,0.0,0.0,0.0,0.0,1.0
243682.0,-0.4635,-0.6661,1.1123,-1.957,12.677,-8.184,-0.034,0.041,0.029,-33.358,29.238,-4.019,-0.12,0.12,0.00203,0.0,0.0,0.0,0.0,1.0
243689.0,-0.5269,-0.5677,1.0799,-1.941,14.067,-9.379,-0.032,0.036,0.021,-33.331,29.215,-4.016,-0.12,0.12,-0.03792,0.0,0.0,0.0,0.0,1.0
243697.0,-0.5818,-0.4508,1.0209,-1.377,15.573,-11.237,-0.018,0.015,0.016,-33.305,29.191,-4.013,-0.12,0.12,-0.10018,0.0,0.0,0.0,0.0,1.0
243705.0,-0.6244,-0.3225,0.9386,-0.662,16.831,-12.998,-0.021,-0.006,0.012,-33.278,29.168,-4.01,-0.12,0.12,-0.12,0.0,0.0,0.0,0.0,1.0
243713.0,-0.6555,-0.186,0.8368,0.528,17.942,-14.561,-0.029,-0.017,0.011,-33.252,29.145,-4.007,-0.12,0.12,-0.12,0.0,0.0,0.0,0.0,1.0
243721.0,-0.6641,-0.0518,0.7147,1.717,18.138,-16.262,-0.01,-0.006,-0.008,-33.225,29.121,-4.003,-0.11621,0.12,-0.12,0.0,0.0,0.0,0.0,1.0
243728.0,-0.6605,0.0734,0.5892,3.351,18.307,-17.644,-0.027,0.012,-0.015,-33.199,29.098,-4.0,-0.07867,0.12,-0.12,0.0,0.0,0.0,0.0,1.0
243736.0,-0.6577,0.2061,0.4571,4.814,17.982,-18.57,-0.008,0.035,-0.028,-33.172,29.075,-3.997,-0.03895,0.12,-0.12,0.0,0.0,0.0,0.0,1.0
243744.0,-0.6619,0.3415,0.3295,5.352,17.769,-19.212,-0.013,0.041,-0.041,-33.146,29.052,-3.994,-0.02335,0.12,-0.12,0.0,0.0,0.0,0.0,1.0
243752.0,-0.6739,0.4833,0.2033,5.419,17.901,-19.94,0.014,0.057,-0.024,-33.119,29.028,-3.991,-0.01486,0.12,-0.12,0.0,0.0,0.0,0.0,1.0
243759.0,-0.6928,0.6373,0.0723,5.373,17.644,-20.8,0.041,0.05,-0.025,-33.092,29.005,-3.988,-0.00588,0.12,-0.12,0.0,0.0,0.0,0.0,1.0
243767.0,-0.7036,0.7958,-0.0712,4.932,17.388,-22.006,0.063,0.051,-0.026,-33.066,28.982,-3.984,-0.00071,0.12,-0.12,0.0,0.0,0.0,0.0,1.0
243775.0,-0.7017,0.9564,-0.2296,4.955,16.588,-23.238,0.054,0.05,-0.013,-33.04,28.959,-3.981,0.01797,0.12,-0.12,0.0,0.0,0.0,0.0,1.0
243783.0,-0.675,1.1198,-0.4154,5.349,14.769,-25.406,0.062,0.038,0.008,-33.013,28.936,-3.978,0.06629,0.12,-0.12,0.0,0.0,0.0,0.0,1.0
243790.0,-0.6241,1.2787,-0.6211,5.812,12.918,-26.66,0.035,0.046,0.014,-32.987,28.913,-3.975,0.11026,0.12,-0.12,0.0,0.0,0.0,0.0,1.0
243798.0,-0.5604,1.4274,-0.8297,6.609,10.607,-27.684,0.008,0.041,0.02,-32.96,28.89,-3.972,0.12,0.12,-0.12,0.0,0.0,0.0,0.0,1.0
243806.0,-0.4818,1.5796,-1.0565,6.677,8.024,-28.551,-0.002,0.028,0.014,-32.934,28.867,-3.968,0.12,0.12,-0.12,0.0,0.0,0.0,0.0,1.0
243814.0,-0.3961,1.7185,-1.2775,6.701,5.407,-29.022,-0.022,0.02,-0.005,-32.908,28.844,-3.965,0.12,0.12,-0.12,0.0,0.0,0.0,0.0,1.0
243822.0,-0.3075,1.856,-1.5,6.182,3.307,-29.152,-0.03,0.008,-0.029,-32.881,28.821,-3.962,0.12,0.12,-0.12,0.0,0.0,0.0,0.0,1.0
243829.0,-0.2144,1.9964,-1.7298,5.002,1.937,-29.244,-0.021,-0.018,-0.052,-32.855,28.797,-3.959,0.12,0.12,-0.12,0.0,0.0,0.0,0.0,1.0
243837.0,-0.1171,2.1283,-1.9556,4.396,1.26,-29.333,0.002,-0.049,-0.068,-32.829,28.774,-3.956,0.12,0.12,-0.12,0.0,0.0,0.0,0.0,1.0
243845.0,-0.01,2.2538,-2.1849,3.539,1.121,-28.97,0.006,-0.078,-0.064,-32.802,28.751,-3.953,0.12,0.12,-0.12,0.0,0.0,0.0,0.0,1.0
243852.0,0.1108,2.3623,-2.4114,3.583,1.473,-28.201,0.001,-0.103,-0.064,-32.776,28.728,-3.95,0.12,0.12,-0.12,0.0,0.0,0.0,0.0,1.0
243860.0,0.2481,2.4486,-2.6329,4.028,1.916,-26.129,-0.004,-0.126,-0.09,-32.75,28.705,-3.947,0.12,0.12,-0.12,0.0,0.0,0.0,0.0,1.0
243868.0,0.3855,2.5092,-2.8293,4.753,1.422,-23.609,-0.006,-0.113,-0.097,-32.724,28.682,-3.943,0.12,0.12,-0.12,0.0,0.0,0.0,0.0,1.0
243876.0,0.5305,2.5529,-3.0168,5.702,1.492,-20.61,-0.014,-0.077,-0.136,-32.698,28.659,-3.94,0.12,0.12,-0.12,0.0,0.0,0.0,0.0,1.0
243884.0,0.6609,2.5851,-3.1786,6.393,1.472,-16.839,-0.036,-0.039,-0.14,-32.672,28.636,-3.937,0.12,0.12,-0.12,0.0,0.0,0.0,0.0,1.0
243892.0,0.7821,2.609,-3.3231,6.968,1.605,-13.0,-0.036,0.004,-0.146,-32.645,28.613,-3.934,0.12,0.12,-0.12,0.0,0.0,0.0,0.0,1.0
243899.0,0.8862,2.642,-3.4594,7.256,2.632,-9.134,-0.018,0.038,-0.13,-32.619,28.59,-3.931,0.12,0.12,-0.12,0.0,0.0,0.0,0.0,1.0
243907.0,0.9672,2.6879,-3.5851,7.319,3.355,-6.007,-0.007,0.058,-0.112,-32.593,28.568,-3.928,0.12,0.12,-0.12,0.0,0.0,0.0,0.0,1.0
243915.0,1.0296,2.7455,-3.7036,7.061,4.867,-3.559,-0.007,0.042,-0.075,-32.567,28.545,-3.925,0.12,0.12,-0.12,0.0,0.0,0.0,0.0,1.0
243922.0,1.0824,2.8077,-3.817,6.65,6.056,-1.694,0.025,0.04,-0.033,-32.541,28.522,-3.922,0.12,0.12,-0.12,0.0,0.0,0.0,0.0,1.0
243930.0,1.1357,2.8652,-3.9263,6.79,6.47,-0.344,0.036,0.036,0.078,-32.515,28.499,-3.919,0.12,0.12,-0.12,0.0,0.0,0.0,0.0,1.0
243938.0,1.1874,2.9086,-4.0203,6.715,6.36,0.053,0.037,0.044,0.131,-32.489,28.477,-3.916,0.12,0.12,-0.12,0.0,0.0,0.0,0.0,1.0
243946.0,1.2295,2.9349,-4.0881,6.979,5.255,1.53,0.034,0.047,0.173,-32.463,28.454,-3.912,0.12,0.12,-0.12,0.0,0.0,0.0,0.0,1.0
243953.0,1.2713,2.9386,-4.1334,7.281,3.38,3.103,0.024,0.081,0.202,-32.437,28.431,-3.909,0.12,0.12,-0.12,0.0,0.0,0.0,0.0,1.0
243961.0,1.3079,2.9242,-4.156,7.998,1.169,5.549,-0.001,0.083,0.172,-32.411,28.408,-3.906,0.12,0.12,-0.12,0.0,0.0,0.0,0.0,1.0
243969.0,1.3334,2.9046,-4.1624,8.429,-0.52,7.653,-0.012,0.061,0.144,-32.385,28.386,-3.903,0.12,0.12,-0.12,0.0,0.0,0.0,0.0,1.0
243976.0,1.3565,2.8801,-4.1617,8.708,-1.244,9.684,-0.012,0.039,0.107,-32.359,28.363,-3.899,0.12,0.12,-0.12,0.0,0.0,0.0,0.0,1.0
243984.0,1.3745,2.857,-4.1571,9.407,-0.741,12.077,-0.023,-0.006,0.056,-32.334,28.34,-3.896,0.12,0.12,-0.12,0.0,0.0,0.0,0.0,1.0
243992.0,1.3925,2.8374,-4.1561,10.273,0.249,12.971,-0.035,-0.085,0.013,-32.308,28.318,-3.893,0.12,0.12,-0.12,0.0,0.0,0.0,0.0,1.0
244000.0,1.4067,2.8087,-4.1423,10.866,1.81,14.094,-0.043,-0.138,-0.038,-32.282,28.295,-3.89,0.12,0.12,-0.12,0.0,0.0,0.0,0.0,1.0
244007.0,1.4148,2.7704,-4.1132,11.033,3.274,15.21,-0.027,-0.181,-0.082,-32.256,28.272,-3.887,0.12,0.12,-0.12,0.0,0.0,0.0,0.0,1.0
244015.0,1.4283,2.7144,-4.0721,11.325,4.324,16.089,-0.007,-0.177,-0.111,-32.23,28.25,-3.884,0.12,0.12,-0.12,0.0,0.0,0.0,0.0,1.0
244023.0,1.4466,2.6342,-4.0123,12.062,4.189,16.65,0.003,-0.142,-0.11,-32.205,28.227,-3.881,0.12,0.12,-0.12,0.0,0.0,0.0,0.0,1.0
244030.0,1.4752,2.5312,-3.9407,12.943,3.433,17.371,0.019,-0.075,-0.113,-32.179,28.204,-3.878,0.12,0.12,-0.12,0.0,0.0,0.0,0.0,1.0
244038.0,1.507,2.412,-3.8563,14.108,2.759,17.831,-0.003,0.018,-0.083,-32.153,28.182,-3.875,0.12,0.12,-0.12,0.0,0.0,0.0,0.0,1.0
244046.0,1.5406,2.279,-3.7605,15.005,1.7,17.993,-0.013,0.102,-0.039,-32.127,28.159,-3.872,0.12,0.12,-0.12,0.0,0.0,0.0,0.0,1.0
244054.0,1.5624,2.1648,-3.6711,15.707,1.287,18.021,-0.0,0.168,0.014,-32.102,28.137,-3.869,0.12,0.12,-0.12,0.0,0.0,0.0,0.0,1.0
244062.0,1.5725,2.0698,-3.5886,15.618,1.749,17.541,0.012,0.173,0.06,-32.076,28.114,-3.866,0.12,0.12,-0.12,0.0,0.0,0.0,0.0,1.0
244070.0,1.567,1.9965,-3.5117,15.265,2.805,16.097,0.032,0.154,0.107,-32.05,28.092,-3.862,0.12,0.12,-0.12,0.0,0.0,0.0,0.0,1.0
244078.0,1.5603,1.9414,-3.4514,15.001,3.628,14.162,0.057,0.11,0.151,-32.025,28.07,-3.859,0.12,0.12,-0.12,0.0,0.0,0.0,0.0,1.0
244086.0,1.5559,1.8846,-3.3916,15.071,3.906,12.546,0.047,0.054,0.187,-31.999,28.047,-3.856,0.12,0.12,-0.12,0.0,0.0,0.0,0.0,1.0
244094.0,1.566,1.8198,-3.3386,15.463,3.281,10.98,0.037,0.015,0.184,-31.974,28.025,-3.853,0.12,0.12,-0.12,0.0,0.0,0.0,0.0,1.0
244101.0,1.5798,1.7436,-3.2781,15.425,1.801,9.855,0.0,0.006,0.188,-31.948,28.002,-3.85,0.12,0.12,-0.12,0.0,0.0,0.0,0.0,1.0
244109.0,1.6141,1.6543,-3.2255,15.851,-0.223,8.704,-0.002,-0.004,0.146,-31.922,27.98,-3.846,0.12,0.12,-0.12,0.0,0.0,0.0,0.0,1.0
244117.0,1.6659,1.5608,-3.1863,15.815,-1.833,7.706,-0.042,-0.014,0.105,-31.897,27.958,-3.843,0.12,0.09098,-0.12,0.0,0.0,0.0,0.0,1.0
244124.0,1.7295,1.4727,-3.1641,16.155,-3.192,6.61,-0.04,-0.023,0.063,-31.871,27.935,-3.84,0.12,0.05307,-0.12,0.0,0.0,0.0,0.0,1.0
244132.0,1.7961,1.3907,-3.1509,16.621,-3.788,5.154,-0.058,-0.051,0.018,-31.846,27.913,-3.837,0.12,0.03096,-0.12,0.0,0.0,0.0,0.0,1.0
244140.0,1.8729,1.3168,-3.1557,16.826,-4.44,3.381,-0.069,-0.068,-0.036,-31.821,27.891,-3.834,0.12,0.01624,-0.12,0.0,0.0,0.0,0.0,1.0
244147.0,1.9489,1.2551,-3.1716,17.283,-4.214,1.535,-0.052,-0.082,-0.068,-31.795,27.868,-3.831,0.12,0.01877,-0.12,0.0,0.0,0.0,0.0,1.0
244155.0,2.0328,1.1927,-3.1948,17.493,-4.624,-0.168,-0.038,-0.087,-0.107,-31.77,27.846,-3.828,0.12,0.01087,-0.12,0.0,0.0,0.0,0.0,1.0
244163.0,2.113,1.131,-3.215,17.331,-5.058,-0.947,-0.026,-0.074,-0.14,-31.744,27.824,-3.825,0.12,-0.00152,-0.12,0.0,0.0,0.0,0.0,1.0
244171.0,2.198,1.0641,-3.2348,17.424,-5.764,-1.392,0.009,-0.058,-0.179,-31.719,27.801,-3.822,0.12,-0.02459,-0.12,0.0,0.0,0.0,0.0,1.0
244178.0,2.2942,0.9898,-3.2586,17.63,-6.381,-1.403,0.024,-0.022,-0.18,-31.694,27.779,-3.819,0.12,-0.04952,-0.12,0.0,0.0,0.0,0.0,1.0
244186.0,2.3991,0.9045,-3.2805,17.705,-7.054,-2.073,0.045,0.016,-0.176,-31.668,27.757,-3.816,0.12,-0.06863,-0.12,0.0,0.0,0.0,0.0,1.0
244194.0,2.5132,0.8219,-3.3142,18.302,-7.397,-2.328,0.045,0.05,-0.132,-31.643,27.735,-3.813,0.12,-0.09142,-0.12,0.0,0.0,0.0,0.0,1.0
244201.0,2.6426,0.7332,-3.3573,18.638,-7.426,-2.529,0.037,0.073,-0.104,-31.618,27.713,-3.81,0.12,-0.11042,-0.12,0.0,0.0,0.0,0.0,1.0
244209.0,2.7803,0.6421,-3.4062,18.724,-7.589,-2.347,0.033,0.085,-0.071,-31.592,27.69,-3.807,0.12,-0.12,-0.12,0.0,0.0,0.0,0.0,1.0
244217.0,2.9169,0.5578,-3.4608,18.674,-7.322,-1.823,0.035,0.069,-0.032,-31.567,27.668,-3.804,0.12,-0.12,-0.12,0.0,0.0,0.0,0.0,1.0
244225.0,3.0638,0.4697,-3.5218,18.95,-6.652,-1.5,0.023,0.046,0.02,-31.542,27.646,-3.801,0.12,-0.12,-0.12,0.0,0.0,0.0,0.0,1.0
244233.0,3.209,0.382,-3.5817,19.547,-6.123,-1.146,-0.002,0.018,0.051,-31.517,27.624,-3.798,0.12,-0.12,-0.12,0.0,0.0,0.0,0.0,1.0
244240.0,3.3536,0.2894,-3.6361,20.116,-5.975,-0.911,-0.024,0.003,0.099,-31.491,27.602,-3.795,0.12,-0.12,-0.12,0.0,0.0,0.0,0.0,1.0
244248.0,3.4994,0.195,-3.69,20.855,-5.85,-0.613,-0.05,-0.04,0.115,-31.466,27.58,-3.792,0.12,-0.12,-0.12,0.0,0.0,0.0,0.0,1.0
244256.0,3.6392,0.094,-3.7315,21.529,-6.372,0.504,-0.058,-0.059,0.113,-31.441,27.558,-3.789,0.12,-0.12,-0.12,0.0,0.0,0.0,0.0,1.0
244264.0,3.7765,-0.0105,-3.7671,22.611,-6.412,2.105,-0.061,-0.052,0.088,-31.416,27.536,-3.786,0.12,-0.12,-0.12,0.0,0.0,0.0,0.0,1.0
244271.0,3.9164,-0.1212,-3.7992,23.701,-6.02,2.843,-0.063,-0.068,0.048,-31.391,27.514,-3.783,0.12,-0.12,-0.12,0.0,0.0,0.0,0.0,1.0
244279.0,4.0549,-0.2293,-3.8324,24.837,-5.194,3.841,-0.048,-0.075,0.03,-31.366,27.492,-3.78,0.12,-0.12,-0.12,0.0,0.0,0.0,0.0,1.0
244287.0,4.1829,-0.3254,-3.8669,25.504,-4.152,4.881,-0.029,-0.077,-0.009,-31.341,27.47,-3.777,0.12,-0.12,-0.12,0.0,0.0,0.0,0.0,1.0
244295.0,4.3085,-0.4266,-3.894,25.172,-2.888,7.438,-0.008,-0.072,-0.063,-31.316,27.448,-3.774,0.12,-0.12,-0.12,0.0,0.0,0.0,0.0,1.0
244303.0,4.4335,-0.5261,-3.9221,24.584,-1.198,10.247,0.047,-0.07,-0.105,-31.291,27.426,-3.771,0.12,-0.12,-0.12,0.0,0.0,0.0,0.0,1.0
244310.0,4.5589,-0.6225,-3.9537,24.417,0.561,12.778,0.068,-0.063,-0.142,-31.266,27.404,-3.768,0.12,-0.12,-0.12,0.0,0.0,0.0,0.0,1.0
244318.0,4.6942,-0.7225,-3.9916,24.818,2.132,14.084,0.086,-0.047,-0.12,-31.241,27.382,-3.765,0.12,-0.12,-0.12,0.0,0.0,0.0,0.0,1.0
244326.0,4.8426,-0.8312,-4.0341,26.072,3.096,13.663,0.066,-0.003,-0.086,-31.216,27.36,-3.762,0.12,-0.12,-0.12,0.0,0.0,0.0,0.0,1.0
244333.0,5.0035,-0.953,-4.0764,27.406,3.353,13.658,0.043,0.055,-0.031,-31.191,27.338,-3.759,0.12,-0.12,-0.12,0.0,0.0,0.0,0.0,1.0
244341.0,5.1562,-1.087,-4.0987,28.029,3.257,14.082,-0.002,0.109,0.021,-31.166,27.316,-3.756,0.12,-0.12,-0.12,0.0,0.0,0.0,0.0,1.0
244349.0,5.2901,-1.234,-4.0894,28.165,3.092,14.958,-0.021,0.145,0.051,-31.141,27.294,-3.753,0.12,-0.12,-0.12,0.0,0.0,0.0,0.0,1.0
244357.0,5.3933,-1.3705,-4.0597,27.56,3.085,15.994,-0.018,0.129,0.074,-31.116,27.273,-3.75,0.12,-0.12,-0.12,0.0,0.0,0.0,0.0,1.0
244365.0,5.4772,-1.5075,-4.0102,25.956,3.923,17.183,-0.026,0.12,0.102,-31.091,27.251,-3.747,0.12,-0.12,-0.12,0.0,0.0,0.0,0.0,1.0
244372.0,5.5437,-1.6313,-3.9561,24.516,5.143,17.72,0.009,0.062,0.105,-31.066,27.229,-3.744,0.12,-0.12,-0.12,0.0,0.0,0.0,0.0,1.0
244380.0,5.6028,-1.7465,-3.9031,23.27,6.281,17.829,0.018,0.016,0.11,-31.041,27.208,-3.741,0.12,-0.12,-0.12,0.0,0.0,0.0,0.0,1.0
244388.0,5.6658,-1.8593,-3.8562,22.873,6.994,17.514,0.018,-0.052,0.118,-31.016,27.186,-3.737,0.12,-0.12,-0.12,0.0,0.0,0.0,0.0,1.0
244395.0,5.7403,-1.9748,-3.8183,23.274,7.179,16.928,0.012,-0.04,0.125,-30.992,27.164,-3.734,0.12,-0.12,-0.12,0.0,0.0,0.0,0.0,1.0
244403.0,5.8227,-2.0883,-3.7902,24.595,7.157,15.101,-0.007,-0.065,0.131,-30.967,27.142,-3.731,0.12,-0.12,-0.12,0.0,0.0,0.0,0.0,1.0
244411.0,5.909,-2.1962,-3.7714,26.316,6.609,12.661,-0.069,-0.062,0.132,-30.942,27.121,-3.728,0.12,-0.12,-0.12,0.0,0.0,0.0,0.0,1.0
244419.0,5.9832,-2.2985,-3.746,26.232,6.57,11.939,-0.062,-0.058,0.096,-30.917,27.099,-3.725,0.12,-0.12,-0.12,0.0,0.0,0.0,0.0,1.0
244426.0,6.0355,-2.3863,-3.7128,24.695,6.797,12.087,-0.044,-0.047,0.038,-30.893,27.077,-3.722,0.12,-0.12,-0.12,0.0,0.0,0.0,0.0,1.0
244434.0,6.0766,-2.4617,-3.6804,22.846,7.079,11.857,0.007,-0.012,-0.029,-30.868,27.055,-3.719,0.12,-0.12,-0.12,0.0,0.0,0.0,0.0,1.0
244442.0,6.1164,-2.5258,-3.6579,21.461,7.206,11.212,0.055,-0.001,-0.077,-30.843,27.034,-3.716,0.12,-0.12,-0.12,0.0,0.0,0.0,0.0,1.0
244450.0,6.1633,-2.5845,-3.6476,20.051,7.859,9.538,0.09,0.003,-0.096,-30.819,27.012,-3.713,0.12,-0.12,-0.12,0.0,0.0,0.0,0.0,1.0
244458.0,6.2262,-2.6366,-3.6598,16.939,9.521,7.923,0.135,-0.005,-0.105,-30.794,26.991,-3.71,0.12,-0.12,-0.12,0.0,0.0,0.0,0.0,1.0
244465.0,6.3088,-2.7025,-3.6781,14.355,8.938,8.553,0.147,0.009,-0.128,-30.769,26.969,-3.708,0.12,-0.12,-0.12,0.0,0.0,0.0,0.0,1.0
244473.0,6.4041,-2.7754,-3.7026,12.539,6.944,8.98,0.14,0.055,-0.141,-30.744,26.947,-3.705,0.12,-0.12,-0.12,0.0,0.0,0.0,0.0,1.0
244481.0,6.5192,-2.8562,-3.739,12.853,4.674,7.66,0.082,0.118,-0.131,-30.72,26.926,-3.702,0.12,-0.12,-0.12,0.0,0.0,0.0,0.0,1.0
244489.0,6.6406,-2.9292,-3.7893,13.921,2.894,4.671,0.002,0.142,-0.048,-30.695,26.905,-3.699,0.12,-0.12,-0.12,0.0,0.0,0.0,0.0,1.0
244496.0,6.7449,-2.9782,-3.8459,14.692,1.767,1.643,-0.088,0.113,0.031,-30.671,26.883,-3.696,0.12,-0.12,-0.12,0.0,0.0,0.0,0.0,1.0
244504.0,6.8082,-3.0013,-3.8868,13.748,1.55,-0.474,-0.122,0.081,0.099,-30.646,26.862,-3.693,0.12,-0.12,-0.12,0.0,0.0,0.0,0.0,1.0
244512.0,6.8232,-3.0045,-3.8986,10.657,2.449,-1.559,-0.128,-0.005,0.107,-30.622,26.84,-3.69,0.12,-0.12,-0.12,0.0,0.0,0.0,0.0,1.0
244520.0,6.7988,-2.9855,-3.8927,6.366,4.274,-1.63,-0.085,-0.098,0.113,-30.597,26.819,-3.687,0.12,-0.12,-0.12,0.0,0.0,0.0,0.0,1.0
244527.0,6.7584,-2.9624,-3.8748,1.877,5.852,-1.255,-0.021,-0.161,0.073,-30.573,26.797,-3.684,0.12,-0.12,-0.12,0.0,0.0,0.0,0.0,1.0
244535.0,6.7254,-2.9475,-3.8562,-1.613,6.739,-0.447,0.028,-0.214,0.039,-30.549,26.776,-3.681,0.12,-0.12,-0.12,0.0,0.0,0.0,0.0,1.0
244543.0,6.734,-2.9519,-3.8606,-3.643,6.555,-0.452,0.068,-0.199,-0.001,-30.524,26.754,-3.678,0.12,-0.12,-0.12,0.0,0.0,0.0,0.0,1.0
244551.0,6.7917,-2.9783,-3.8926,-4.211,4.756,-1.468,0.048,-0.15,-0.021,-30.5,26.733,-3.675,0.12,-0.12,-0.12,0.0,0.0,0.0,0.0,1.0
244558.0,6.8741,-3.0117,-3.9425,-4.393,2.689,-2.496,0.008,-0.057,-0.017,-30.475,26.711,-3.672,0.12,-0.12,-0.12,0.0,0.0,0.0,0.0,1.0
244566.0,6.9583,-3.034,-4.005,-4.816,1.179,-4.263,-0.022,0.044,-0.015,-30.451,26.69,-3.669,0.12,-0.12,-0.12,0.0,0.0,0.0,0.0,1.0
244574.0,7.025,-3.0313,-4.0743,-6.869,-0.066,-5.511,-0.014,0.13,-0.006,-30.427,26.668,-3.666,0.12,-0.12,-0.12,0.0,0.0,0.0,0.0,1.0
244582.0,7.0501,-2.9965,-4.1333,-9.993,-0.794,-6.417,0.001,0.172,-0.012,-30.402,26.647,-3.663,0.12,-0.12,-0.12,0.0,0.0,0.0,0.0,1.0
244590.0,7.0264,-2.9225,-4.1817,-13.303,-0.737,-6.971,0.027,0.187,-0.029,-30.378,26.626,-3.66,0.12,-0.12,-0.12,0.0,0.0,0.0,0.0,1.0
244597.0,6.9672,-2.8279,-4.2147,-16.219,-0.506,-7.352,0.053,0.139,-0.05,-30.354,26.605,-3.658,0.12,-0.12,-0.12,0.0,0.0,0.0,0.0,1.0
244605.0,6.882,-2.7123,-4.242,-18.79,0.181,-7.795,0.042,0.121,-0.039,-30.329,26.584,-3.655,0.12,-0.12,-0.12,0.0,0.0,0.0,0.0,1.0
244613.0,6.786,-2.6002,-4.2551,-20.282,0.448,-8.051,0.036,0.063,-0.025,-30.305,26.563,-3.652,0.12,-0.12,-0.12,0.0,0.0,0.0,0.0,1.0
244621.0,6.6837,-2.496,-4.2543,-21.199,0.303,-7.94,0.005,0.016,-0.036,-30.281,26.541,-3.649,0.12,-0.12,-0.12,0.0,0.0,0.0,0.0,1.0
244628.0,6.5843,-2.4083,-4.2403,-21.499,-0.022,-7.315,-0.034,-0.043,-0.045,-30.257,26.52,-3.646,0.12,-0.12,-0.12,0.0,0.0,0.0,0.0,1.0
244636.0,6.4791,-2.3271,-4.2142,-21.793,-0.364,-6.361,-0.073,-0.101,-0.051,-30.232,26.499,-3.643,0.12,-0.12,-0.12,0.0,0.0,0.0,0.0,1.0
244644.0,6.3702,-2.2499,-4.1804,-21.797,-0.036,-5.945,-0.095,-0.15,-0.06,-30.208,26.478,-3.64,0.12,-0.12,-0.12,0.0,0.0,0.0,0.0,1.0
244652.0,6.2555,-2.1743,-4.1393,-23.36,0.088,-3.66,-0.102,-0.159,-0.059,-30.184,26.456,-3.637,0.12,-0.12,-0.12,0.0,0.0,0.0,0.0,1.0
244659.0,6.135,-2.0912,-4.0997,-24.77,0.285,-2.341,-0.091,-0.172,-0.05,-30.16,26.435,-3.635,0.12,-0.12,-0.12,0.0,0.0,0.0,0.0,1.0
244667.0,6.0257,-2.0125,-4.0671,-24.074,-0.339,-1.674,-0.066,-0.154,-0.019,-30.136,26.414,-3.632,0.12,-0.12,-0.12,0.0,0.0,0.0,0.0,1.0
244675.0,5.9202,-1.921,-4.0506,-23.358,-0.945,-2.631,-0.084,-0.092,0.035,-30.112,26.393,-3.629,0.12,-0.12,-0.12,0.0,0.0,0.0,0.0,1.0
244683.0,5.8198,-1.824,-4.0446,-21.62,-1.796,-3.835,-0.072,-0.033,0.089,-30.088,26.371,-3.626,0.12,-0.12,-0.12,0.0,0.0,0.0,0.0,1.0
244691.0,5.7139,-1.7214,-4.0386,-20.53,-2.65,-5.129,-0.057,0.044,0.126,-30.064,26.35,-3.623,0.12,-0.12,-0.12,0.0,0.0,0.0,0.0,1.0
244698.0,5.5811,-1.6192,-4.0054,-19.874,-2.814,-5.728,-0.018,0.098,0.122,-30.04,26.329,-3.62,0.12,-0.12,-0.12,0.0,0.0,0.0,0.0,1.0
244706.0,5.4194,-1.5059,-3.9539,-19.65,-2.527,-6.134,0.032,0.113,0.12,-30.016,26.308,-3.617,0.12,-0.12,-0.12,0.0,0.0,0.0,0.0,1.0
244714.0,5.2486,-1.4016,-3.8847,-19.79,-2.481,-5.828,0.07,0.134,0.07,-29.992,26.287,-3.614,0.12,-0.11386,-0.12,0.0,0.0,0.0,0.0,1.0
244721.0,5.0682,-1.3055,-3.7979,-19.805,-2.277,-5.277,0.096,0.138,0.025,-29.968,26.267,-3.611,0.12,-0.09458,-0.12,0.0,0.0,0.0,0.0,1.0
244729.0,4.8975,-1.218,-3.7124,-18.412,-3.238,-4.336,0.086,0.138,-0.028,-29.944,26.246,-3.608,0.12,-0.11317,-0.12,0.0,0.0,0.0,0.0,1.0
244737.0,4.7516,-1.1414,-3.6411,-17.157,-3.821,-4.055,0.07,0.118,-0.076,-29.92,26.225,-3.605,0.12,-0.12,-0.12,0.0,0.0,0.0,0.0,1.0
244745.0,4.6332,-1.0758,-3.5865,-13.622,-4.377,-4.181,0.035,0.081,-0.104,-29.896,26.204,-3.602,0.12,-0.12,-0.12,0.0,0.0,0.0,0.0,1.0
244753.0,4.5443,-1.018,-3.5539,-11.957,-4.815,-4.88,-0.03,0.031,-0.096,-29.872,26.183,-3.6,0.12,-0.12,-0.12,0.0,0.0,0.0,0.0,1.0
244760.0,4.481,-0.9664,-3.5408,-9.886,-4.995,-5.926,-0.075,-0.038,-0.088,-29.848,26.162,-3.597,0.12,-0.12,-0.12,0.0,0.0,0.0,0.0,1.0
244768.0,4.4321,-0.9219,-3.5352,-8.441,-5.188,-6.121,-0.102,-0.085,-0.071,-29.824,26.141,-3.594,0.12,-0.12,-0.12,0.0,0.0,0.0,0.0,1.0
244776.0,4.3887,-0.8834,-3.5293,-7.472,-5.795,-5.955,-0.106,-0.126,-0.061,-29.801,26.12,-3.591,0.12,-0.12,-0.12,0.0,0.0,0.0,0.0,1.0
244784.0,4.3586,-0.8612,-3.5209,-7.219,-6.495,-5.19,-0.079,-0.143,-0.045,-29.777,26.099,-3.588,0.12,-0.12,-0.12,0.0,0.0,0.0,0.0,1.0
244791.0,4.3354,-0.8401,-3.5182,-7.362,-7.324,-4.642,-0.026,-0.125,-0.034,-29.753,26.078,-3.585,0.12,-0.12,-0.12,0.0,0.0,0.0,0.0,1.0
244799.0,4.324,-0.8306,-3.516,-6.979,-8.108,-4.135,0.009,-0.093,-0.009,-29.729,26.057,-3.583,0.12,-0.12,-0.12,0.0,0.0,0.0,0.0,1.0
244807.0,4.3291,-0.8316,-3.5202,-6.732,-9.06,-4.487,0.054,-0.065,0.042,-29.706,26.036,-3.58,0.12,-0.12,-0.12,0.0,0.0,0.0,0.0,1.0
244815.0,4.3439,-0.8332,-3.5334,-7.027,-9.28,-4.712,0.082,-0.032,0.057,-29.682,26.015,-3.577,0.12,-0.12,-0.12,0.0,0.0,0.0,0.0,1.0
244823.0,4.3657,-0.844,-3.5446,-7.306,-9.389,-5.17,0.095,0.003,0.099,-29.658,25.995,-3.574,0.12,-0.12,-0.12,0.0,0.0,0.0,0.0,1.0
244830.0,4.3858,-0.8587,-3.5505,-8.198,-9.054,-5.354,0.112,0.041,0.086,-29.634,25.974,-3.571,0.12,-0.12,-0.12,0.0,0.0,0.0,0.0,1.0
244838.0,4.4055,-0.8772,-3.5522,-9.339,-8.871,-4.395,0.111,0.059,0.08,-29.61,25.953,-3.568,0.12,-0.12,-0.12,0.0,0.0,0.0,0.0,1.0
244846.0,4.4225,-0.903,-3.5441,-11.114,-8.597,-3.0,0.095,0.074,0.048,-29.587,25.932,-3.565,0.12,-0.12,-0.12,0.0,0.0,0.0,0.0,1.0
244854.0,4.4394,-0.9347,-3.5301,-11.969,-8.635,-2.001,0.082,0.093,-0.007,-29.563,25.912,-3.562,0.12,-0.12,-0.12,0.0,0.0,0.0,0.0,1.0
244862.0,4.4532,-0.9639,-3.5155,-12.595,-8.762,-1.352,0.033,0.087,-0.025,-29.539,25.891,-3.559,0.12,-0.12,-0.12,0.0,0.0,0.0,0.0,1.0
244870.0,4.4694,-0.9918,-3.5045,-12.254,-8.75,-1.6,-0.017,0.081,-0.031,-29.516,25.87,-3.557,0.12,-0.12,-0.12,0.0,0.0,0.0,0.0,1.0
244877.0,4.4755,-1.015,-3.4879,-12.064,-8.446,-1.988,-0.067,0.063,-0.051,-29.492,25.85,-3.554,0.12,-0.12,-0.12,0.0,0.0,0.0,0.0,1.0
244885.0,4.4664,-1.0316,-3.4628,-12.432,-7.696,-1.842,-0.093,0.016,-0.043,-29.469,25.829,-3.551,0.12,-0.12,-0.12,0.0,0.0,0.0,0.0,1.0
244893.0,4.4299,-1.0388,-3.4192,-13.137,-6.831,-1.579,-0.102,-0.042,-0.05,-29.445,25.809,-3.548,0.12,-0.12,-0.12,0.0,0.0,0.0,0.0,1.0
244901.0,4.3768,-1.0448,-3.3603,-14.092,-6.057,-0.974,-0.092,-0.072,-0.063,-29.422,25.788,-3.545,0.12,-0.12,-0.12,0.0,0.0,0.0,0.0,1.0
244908.0,4.3053,-1.0494,-3.2842,-15.213,-5.451,0.069,-0.062,-0.109,-0.059,-29.398,25.767,-3.543,0.12,-0.12,-0.12,0.0,0.0,0.0,0.0,1.0
244916.0,4.2269,-1.057,-3.1984,-16.35,-4.716,1.846,-0.031,-0.109,-0.05,-29.375,25.746,-3.54,0.12,-0.12,-0.12,0.0,0.0,0.0,0.0,1.0
244924.0,4.1498,-1.0646,-3.1139,-17.19,-4.442,2.73,-0.002,-0.097,-0.031,-29.351,25.726,-3.537,0.12,-0.12,-0.12,0.0,0.0,0.0,0.0,1.0
244932.0,4.0716,-1.0669,-3.0334,-17.687,-4.109,2.894,0.032,-0.074,-0.021,-29.328,25.705,-3.534,0.12,-0.12,-0.12,0.0,0.0,0.0,0.0,1.0
244939.0,3.9933,-1.0592,-2.9627,-18.032,-4.35,2.741,0.046,-0.032,0.028,-29.304,25.685,-3.531,0.12,-0.12,-0.12,0.0,0.0,0.0,0.0,1.0
244947.0,3.916,-1.0451,-2.8991,-18.41,-4.351,1.533,0.068,0.009,0.054,-29.281,25.664,-3.529,0.12,-0.12,-0.12,0.0,0.0,0.0,0.0,1.0
244955.0,3.8427,-1.026,-2.8443,-18.623,-4.572,0.276,0.063,0.048,0.095,-29.257,25.644,-3.526,0.12,-0.12,-0.12,0.0,0.0,0.0,0.0,1.0
244963.0,3.7652,-0.9975,-2.7945,-18.653,-5.091,-0.761,0.05,0.098,0.117,-29.234,25.623,-3.523,0.12,-0.12,-0.12,0.0,0.0,0.0,0.0,1.0
244970.0,3.684,-0.9703,-2.7398,-18.607,-5.082,-1.873,0.026,0.111,0.113,-29.21,25.603,-3.52,0.12,-0.11454,-0.12,0.0,0.0,0.0,0.0,1.0
244978.0,3.5905,-0.9355,-2.6802,-18.939,-5.493,-2.716,0.014,0.127,0.112,-29.187,25.582,-3.517,0.12,-0.10471,-0.12,0.0,0.0,0.0,0.0,1.0
244986.0,3.4819,-0.8998,-2.6064,-19.687,-5.577,-2.624,0.0,0.105,0.067,-29.164,25.562,-3.514,0.12,-0.09326,-0.12,0.0,0.0,0.0,0.0,1.0
244993.0,3.369,-0.8648,-2.5275,-19.874,-6.037,-2.822,-0.021,0.082,0.023,-29.14,25.542,-3.511,0.12,-0.09126,-0.12,0.0,0.0,0.0,0.0,1.0
245001.0,3.2493,-0.8273,-2.4443,-19.847,-6.485,-3.353,-0.031,0.033,-0.015,-29.117,25.521,-3.508,0.12,-0.09018,-0.12,0.0,0.0,0.0,0.0,1.0
245009.0,3.1328,-0.7919,-2.3622,-19.076,-7.021,-3.8,-0.061,0.017,-0.062,-29.094,25.501,-3.506,0.12,-0.09703,-0.12,0.0,0.0,0.0,0.0,1.0
245017.0,3.0285,-0.7572,-2.2918,-17.121,-8.206,-5.415,-0.102,-0.03,-0.056,-29.071,25.48,-3.503,0.12,-0.12,-0.12,0.0,0.0,0.0,0.0,1.0
245025.0,2.9306,-0.7232,-2.2269,-15.686,-8.936,-7.178,-0.115,-0.067,-0.053,-29.048,25.46,-3.5,0.12,-0.12,-0.12,0.0,0.0,0.0,0.0,1.0
245032.0,2.8362,-0.6884,-2.1664,-14.68,-9.474,-8.491,-0.123,-0.081,-0.044,-29.024,25.44,-3.497,0.12,-0.12,-0.12,0.0,0.0,0.0,0.0,1.0
245040.0,2.7435,-0.66,-2.1013,-13.534,-10.218,-9.317,-0.09,-0.091,-0.04,-29.001,25.419,-3.495,0.12,-0.12,-0.12,0.0,0.0,0.0,0.0,1.0
245048.0,2.6553,-0.6368,-2.0357,-13.219,-11.228,-9.891,-0.048,-0.071,-0.038,-28.978,25.399,-3.492,0.12,-0.12,-0.12,0.0,0.0,0.0,0.0,1.0
245056.0,2.5724,-0.6125,-1.9765,-12.997,-12.118,-10.174,-0.011,-0.068,-0.036,-28.955,25.378,-3.489,0.12,-0.12,-0.12,0.0,0.0,0.0,0.0,1.0
245063.0,2.5054,-0.5916,-1.9298,-12.829,-12.664,-11.063,0.034,-0.031,-0.021,-28.932,25.358,-3.486,0.12,-0.12,-0.12,0.0,0.0,0.0,0.0,1.0
245071.0,2.4602,-0.5792,-1.8966,-12.276,-13.523,-11.921,0.073,-0.013,0.002,-28.909,25.338,-3.484,0.12,-0.12,-0.12,0.0,0.0,0.0,0.0,1.0
245079.0,2.4411,-0.5703,-1.8862,-11.697,-14.485,-13.229,0.101,0.034,0.008,-28.885,25.318,-3.481,0.12,-0.12,-0.12,0.0,0.0,0.0,0.0,1.0
245087.0,2.4432,-0.5659,-1.8926,-11.445,-15.351,-14.097,0.112,0.071,0.015,-28.862,25.297,-3.478,0.12,-0.12,-0.12,0.0,0.0,0.0,0.0,1.0
245095.0,2.4666,-0.5659,-1.9159,-11.334,-16.46,-14.261,0.118,0.076,0.026,-28.839,25.277,-3.475,0.12,-0.12,-0.12,0.0,0.0,0.0,0.0,1.0
245102.0,2.5071,-0.5702,-1.9523,-11.467,-17.255,-15.235,0.104,0.079,0.027,-28.816,25.257,-3.472,0.12,-0.12,-0.12,0.0,0.0,0.0,0.0,1.0
245110.0,2.5623,-0.5807,-1.9973,-12.075,-18.466,-15.848,0.086,0.087,0.027,-28.793,25.237,-3.47,0.12,-0.12,-0.12,0.0,0.0,0.0,0.0,1.0
245118.0,2.6259,-0.5964,-2.0456,-12.47,-19.035,-16.682,0.068,0.06,0.011,-28.77,25.217,-3.467,0.12,-0.12,-0.12,0.0,0.0,0.0,0.0,1.0
245125.0,2.6917,-0.6154,-2.093,-12.913,-19.95,-17.861,0.03,0.041,0.007,-28.747,25.197,-3.464,0.12,-0.12,-0.12,0.0,0.0,0.0,0.0,1.0
245133.0,2.7552,-0.6397,-2.1327,-13.69,-20.536,-19.141,-0.008,-0.002,0.014,-28.724,25.177,-3.461,0.12,-0.12,-0.12,0.0,0.0,0.0,0.0,1.0
245141.0,2.8101,-0.6689,-2.1592,-14.972,-21.59,-19.764,-0.028,-0.039,0.004,-28.701,25.156,-3.458,0.12,-0.12,-0.12,0.0,0.0,0.0,0.0,1.0
245149.0,2.856,-0.7099,-2.1652,-17.05,-22.619,-20.358,-0.024,-0.045,-0.007,-28.678,25.136,-3.456,0.12,-0.12,-0.12,0.0,0.0,0.0,0.0,1.0
245157.0,2.8931,-0.7546,-2.1588,-19.491,-23.888,-20.241,-0.024,-0.05,-0.046,-28.655,25.116,-3.453,0.12,-0.12,-0.12,0.0,0.0,0.0,0.0,1.0
245165.0,2.9222,-0.7999,-2.1438,-22.355,-25.623,-20.505,-0.009,-0.051,-0.043,-28.632,25.096,-3.45,0.12,-0.12,-0.12,0.0,0.0,0.0,0.0,1.0
245172.0,2.9556,-0.8448,-2.1335,-24.881,-27.8,-21.299,0.008,-0.03,-0.043,-28.609,25.076,-3.447,0.12,-0.12,-0.12,0.0,0.0,0.0,0.0,1.0
245180.0,2.9872,-0.8795,-2.1313,-27.477,-29.917,-22.295,0.03,0.01,-0.023,-28.586,25.056,-3.445,0.12,-0.12,-0.12,0.0,0.0,0.0,0.0,1.0
245188.0,3.023,-0.9046,-2.1426,-29.451,-32.305,-24.17,0.029,0.059,0.009,-28.563,25.036,-3.442,0.12,-0.12,-0.12,0.0,0.0,0.0,0.0,1.0
245195.0,3.0566,-0.921,-2.1603,-31.631,-34.748,-26.102,0.029,0.082,0.045,-28.541,25.016,-3.439,0.12,-0.12,-0.12,0.0,0.0,0.0,0.0,1.0
245203.0,3.0838,-0.9245,-2.1841,-34.469,-37.375,-28.566,0.017,0.09,0.068,-28.518,24.996,-3.436,0.12,-0.12,-0.12,0.0,0.0,0.0,0.0,1.0
245211.0,3.0971,-0.918,-2.2037,-36.851,-39.413,-30.7,0.021,0.08,0.09,-28.495,24.976,-3.434,0.12,-0.12,-0.12,0.0,0.0,0.0,0.0,1.0
245219.0,3.095,-0.9125,-2.207,-39.562,-41.182,-32.563,-0.002,0.059,0.109,-28.472,24.956,-3.431,0.12,-0.12,-0.12,0.0,0.0,0.0,0.0,1.0
245226.0,3.0742,-0.9066,-2.1919,-41.844,-42.658,-34.303,-0.008,0.034,0.106,-28.449,24.936,-3.428,0.12,-0.12,-0.12,0.0,0.0,0.0,0.0,1.0
245234.0,3.0459,-0.9107,-2.1597,-44.308,-45.028,-35.812,-0.008,-0.001,0.085,-28.427,24.916,-3.425,0.12,-0.12,-0.12,0.0,0.0,0.0,0.0,1.0
245242.0,3.0157,-0.9352,-2.1056,-47.221,-47.176,-37.094,0.0,-0.015,0.045,-28.404,24.896,-3.422,0.12,-0.12,-0.12,0.0,0.0,0.0,0.0,1.0
245250.0,2.9877,-0.9734,-2.0404,-49.889,-49.735,-38.526,-0.019,-0.041,0.014,-28.381,24.876,-3.42,0.12,-0.12,-0.12,0.0,0.0,0.0,0.0,1.0
245258.0,2.9677,-1.0239,-1.9712,-52.096,-52.467,-39.613,-0.018,-0.045,-0.032,-28.358,24.857,-3.417,0.12,-0.12,-0.12,0.0,0.0,0.0,0.0,1.0
245265.0,2.9596,-1.0804,-1.908,-54.185,-55.076,-41.787,-0.017,-0.018,-0.035,-28.336,24.837,-3.414,0.12,-0.12,-0.12,0.0,0.0,0.0,0.0,1.0
245273.0,2.958,-1.135,-1.8533,-55.883,-57.237,-44.376,-0.038,-0.029,-0.041,-28.313,24.817,-3.411,0.12,-0.12,-0.12,0.0,0.0,0.0,0.0,1.0
245281.0,2.9589,-1.1816,-1.8087,-57.136,-58.819,-47.25,-0.045,-0.04,-0.034,-28.291,24.797,-3.409,0.12,-0.12,-0.12,0.0,0.0,0.0,0.0,1.0
245289.0,2.9571,-1.2223,-1.7674,-59.462,-60.085,-49.895,-0.023,-0.051,-0.028,-28.268,24.777,-3.406,0.12,-0.12,-0.12,0.0,0.0,0.0,0.0,1.0
245296.0,2.9469,-1.2615,-1.7189,-62.576,-61.281,-52.985,-0.015,-0.053,-0.019,-28.245,24.757,-3.403,0.12,-0.12,-0.12,0.0,0.0,0.0,0.0,1.0
245304.0,2.931,-1.296,-1.6695,-64.266,-62.285,-55.365,0.008,-0.04,-0.01,-28.223,24.737,-3.401,0.12,-0.12,-0.12,0.0,0.0,0.0,0.0,1.0
245312.0,2.912,-1.3307,-1.6167,-64.985,-63.599,-57.879,-0.013,-0.031,0.002,-28.2,24.718,-3.398,0.12,-0.12,-0.12,0.0,0.0,0.0,0.0,1.0
245320.0,2.8852,-1.3657,-1.5558,-65.904,-64.726,-60.378,-0.02,-0.023,0.022,-28.178,24.698,-3.395,0.12,-0.12,-0.12,0.0,0.0,0.0,0.0,1.0
245328.0,2.8544,-1.4021,-1.4895,-66.352,-65.844,-62.089,-0.026,-0.002,0.014,-28.155,24.678,-3.392,0.12,-0.12,-0.12,0.0,0.0,0.0,0.0,1.0
245335.0,2.8173,-1.4376,-1.4179,-66.69,-66.27,-63.969,-0.029,0.009,0.016,-28.133,24.658,-3.39,0.12,-0.12,-0.12,0.0,0.0,0.0,0.0,1.0
245343.0,2.7723,-1.4618,-1.3492,-66.867,-66.802,-65.266,-0.052,-0.003,-0.003,-28.11,24.639,-3.387,0.12,-0.12,-0.12,0.0,0.0,0.0,0.0,1.0
245351.0,2.7304,-1.479,-1.2906,-66.784,-66.975,-66.551,-0.05,0.005,-0.034,-28.088,24.619,-3.384,0.12,-0.12,-0.12,0.0,0.0,0.0,0.0,1.0
245359.0,2.6943,-1.4904,-1.2434,-66.632,-66.62,-67.48,-0.059,-0.018,-0.05,-28.065,24.599,-3.382,0.12,-0.12,-0.12,0.0,0.0,0.0,0.0,1.0
245366.0,2.6659,-1.4897,-1.2157,-66.217,-66.189,-68.855,-0.048,-0.034,-0.051,-28.043,24.579,-3.379,0.12,-0.12,-0.12,0.0,0.0,0.0,0.0,1.0
245374.0,2.6554,-1.479,-1.2157,-65.127,-65.33,-70.063,-0.04,-0.049,-0.055,-28.021,24.56,-3.376,0.12,-0.12,-0.12,0.0,0.0,0.0,0.0,1.0
245382.0,2.6582,-1.4634,-1.2336,-63.967,-64.487,-71.116,-0.034,-0.045,-0.055,-27.998,24.54,-3.374,0.12,-0.12,-0.12,0.0,0.0,0.0,0.0,1.0
245390.0,2.677,-1.4438,-1.2715,-61.934,-63.833,-71.583,-0.022,-0.044,-0.056,-27.976,24.52,-3.371,0.12,-0.12,-0.12,0.0,0.0,0.0,0.0,1.0
245398.0,2.7024,-1.423,-1.3171,-60.115,-63.235,-71.674,-0.026,-0.035,-0.043,-27.954,24.501,-3.368,0.12,-0.12,-0.12,0.0,0.0,0.0,0.0,1.0
245406.0,2.7364,-1.3984,-1.3751,-58.396,-62.759,-71.543,-0.024,-0.008,-0.058,-27.931,24.481,-3.366,0.12,-0.12,-0.12,0.0,0.0,0.0,0.0,1.0
245413.0,2.7776,-1.3719,-1.4422,-56.374,-62.078,-70.863,-0.013,0.001,-0.063,-27.909,24.462,-3.363,0.12,-0.12,-0.12,0.0,0.0,0.0,0.0,1.0
245421.0,2.8145,-1.3374,-1.5126,-55.027,-61.193,-70.24,-0.001,0.022,-0.051,-27.887,24.442,-3.36,0.12,-0.12,-0.12,0.0,0.0,0.0,0.0,1.0
245429.0,2.8568,-1.2995,-1.5918,-53.803,-59.983,-69.292,0.023,0.022,-0.046,-27.864,24.423,-3.358,0.12,-0.12,-0.12,0.0,0.0,0.0,0.0,1.0
245437.0,2.9025,-1.2581,-1.6779,-52.58,-58.314,-68.061,0.041,0.016,-0.032,-27.842,24.403,-3.355,0.12,-0.12,-0.12,0.0,0.0,0.0,0.0,1.0
245444.0,2.9572,-1.2174,-1.7722,-51.532,-56.995,-66.833,0.046,0.023,-0.037,-27.82,24.384,-3.352,0.12,-0.12,-0.12,0.0,0.0,0.0,0.0,1.0
245452.0,3.022,-1.185,-1.8686,-49.718,-56.102,-64.996,0.03,0.011,-0.018,-27.797,24.364,-3.35,0.12,-0.12,-0.12,0.0,0.0,0.0,0.0,1.0
245460.0,3.0951,-1.1585,-1.9675,-47.738,-55.085,-63.552,0.021,0.001,-0.04,-27.775,24.345,-3.347,0.12,-0.12,-0.12,0.0,0.0,0.0,0.0,1.0
245468.0,3.1816,-1.1385,-2.0736,-45.086,-54.288,-61.294,-0.003,-0.012,-0.022,-27.753,24.325,-3.344,0.12,-0.12,-0.12,0.0,0.0,0.0,0.0,1.0
245476.0,3.2669,-1.1222,-2.1748,-43.234,-53.057,-59.724,-0.022,-0.027,-0.012,-27.731,24.306,-3.342,0.12,-0.12,-0.12,0.0,0.0,0.0,0.0,1.0
245483.0,3.3482,-1.1065,-2.2713,-41.545,-52.15,-58.304,-0.041,-0.034,0.0,-27.709,24.286,-3.339,0.12,-0.12,-0.12,0.0,0.0,0.0,0.0,1.0
245491.0,3.4227,-1.0937,-2.3583,-40.232,-51.577,-56.7,-0.039,-0.022,0.007,-27.687,24.267,-3.336,0.12,-0.12,-0.12,0.0,0.0,0.0,0.0,1.0
245499.0,3.4886,-1.0821,-2.4356,-38.982,-50.393,-54.484,-0.028,-0.03,0.004,-27.664,24.247,-3.334,0.12,-0.12,-0.12,0.0,0.0,0.0,0.0,1.0
245507.0,3.5501,-1.0686,-2.5101,-38.334,-49.237,-51.952,0.002,-0.02,-0.02,-27.642,24.228,-3.331,0.12,-0.12,-0.12,0.0,0.0,0.0,0.0,1.0
245514.0,3.6096,-1.0573,-2.5807,-37.496,-47.577,-49.693,0.017,-0.016,-0.026,-27.62,24.209,-3.328,0.12,-0.12,-0.12,0.0,0.0,0.0,0.0,1.0
245522.0,3.6727,-1.0465,-2.6543,-36.888,-45.836,-48.131,0.044,-0.019,-0.011,-27.598,24.189,-3.326,0.12,-0.12,-0.12,0.0,0.0,0.0,0.0,1.0
245530.0,3.7414,-1.0388,-2.7305,-35.438,-43.777,-46.249,0.036,-0.024,-0.006,-27.576,24.17,-3.323,0.12,-0.12,-0.12,0.0,0.0,0.0,0.0,1.0
245538.0,3.8219,-1.0435,-2.8064,-34.19,-41.948,-44.251,0.041,-0.008,-0.01,-27.554,24.151,-3.321,0.12,-0.12,-0.12,0.0,0.0,0.0,0.0,1.0
245545.0,3.9054,-1.0572,-2.8767,-32.531,-40.267,-41.882,0.028,-0.007,0.004,-27.532,24.131,-3.318,0.12,-0.12,-0.12,0.0,0.0,0.0,0.0,1.0
245553.0,3.992,-1.0836,-2.9376,-30.786,-38.966,-39.114,-0.018,0.024,-0.003,-27.51,24.112,-3.315,0.12,-0.12,-0.12,0.0,0.0,0.0,0.0,1.0
245561.0,4.0723,-1.1121,-2.9901,-29.382,-37.748,-36.344,-0.027,0.033,-0.023,-27.488,24.093,-3.313,0.12,-0.12,-0.12,0.0,0.0,0.0,0.0,1.0
245569.0,4.1484,-1.1445,-3.0347,-28.044,-35.22,-32.177,-0.035,0.019,-0.034,-27.466,24.073,-3.31,0.12,-0.12,-0.12,0.0,0.0,0.0,0.0,1.0
245576.0,4.2077,-1.1693,-3.0699,-28.0,-32.578,-29.364,-0.01,0.002,-0.035,-27.444,24.054,-3.307,0.12,-0.12,-0.12,0.0,0.0,0.0,0.0,1.0
245584.0,4.2541,-1.1882,-3.0979,-27.971,-29.834,-26.535,0.009,-0.032,-0.035,-27.422,24.035,-3.305,0.12,-0.12,-0.12,0.0,0.0,0.0,0.0,1.0
245592.0,4.29,-1.2016,-3.1207,-27.868,-27.347,-24.05,0.025,-0.055,-0.03,-27.4,24.016,-3.302,0.12,-0.12,-0.12,0.0,0.0,0.0,0.0,1.0
245600.0,4.3203,-1.2146,-3.1384,-27.715,-24.325,-22.151,0.038,-0.06,-0.01,-27.378,23.996,-3.299,0.12,-0.12,-0.12,0.0,0.0,0.0,0.0,1.0
245607.0,4.3416,-1.2294,-3.1452,-27.348,-21.55,-20.324,0.039,-0.078,0.004,-27.356,23.977,-3.297,0.12,-0.12,-0.12,0.0,0.0,0.0,0.0,1.0
245615.0,4.3551,-1.248,-3.1406,-26.886,-19.026,-18.658,0.035,-0.059,0.032,-27.334,23.958,-3.294,0.12,-0.12,-0.12,0.0,0.0,0.0,0.0,1.0
245623.0,4.3508,-1.2677,-3.1171,-26.171,-17.031,-16.398,0.006,-0.043,0.033,-27.312,23.939,-3.292,0.12,-0.12,-0.12,0.0,0.0,0.0,0.0,1.0
245631.0,4.331,-1.2882,-3.0774,-25.498,-15.573,-13.982,-0.015,-0.017,0.029,-27.291,23.92,-3.289,0.12,-0.12,-0.12,0.0,0.0,0.0,0.0,1.0
245638.0,4.2957,-1.3031,-3.0275,-25.047,-13.42,-12.252,-0.026,0.01,0.021,-27.269,23.9,-3.286,0.12,-0.12,-0.12,0.0,0.0,0.0,0.0,1.0
245646.0,4.2425,-1.3054,-2.9721,-24.667,-11.293,-10.636,-0.037,0.033,0.03,-27.247,23.881,-3.284,0.12,-0.12,-0.12,0.0,0.0,0.0,0.0,1.0
245654.0,4.1688,-1.2901,-2.9133,-24.799,-8.365,-9.944,-0.025,0.044,0.039,-27.225,23.862,-3.281,0.12,-0.12,-0.12,0.0,0.0,0.0,0.0,1.0
245662.0,4.0827,-1.2605,-2.856,-24.79,-4.993,-9.412,-0.003,0.04,0.058,-27.204,23.843,-3.278,0.12,-0.06042,-0.12,0.0,0.0,0.0,0.0,1.0
245669.0,3.9839,-1.214,-2.8025,-24.892,-0.769,-8.459,0.011,0.003,0.062,-27.182,23.824,-3.276,0.12,0.01378,-0.12,0.0,0.0,0.0,0.0,1.0
245677.0,3.8803,-1.1633,-2.7482,-24.142,1.469,-7.852,0.009,0.0,0.055,-27.16,23.805,-3.273,0.12,0.05306,-0.12,0.0,0.0,0.0,0.0,1.0
245685.0,3.7763,-1.1058,-2.7002,-23.271,3.622,-7.071,-0.001,0.013,0.063,-27.138,23.786,-3.27,0.12,0.09227,-0.12,0.0,0.0,0.0,0.0,1.0
245693.0,3.6703,-1.0456,-2.6528,-22.108,5.082,-6.205,-0.003,0.024,0.055,-27.117,23.767,-3.268,0.12,0.11578,-0.12,0.0,0.0,0.0,0.0,1.0
245700.0,3.5638,-0.9805,-2.6097,-20.894,6.69,-5.537,-0.026,0.042,0.038,-27.095,23.748,-3.265,0.12,0.12,-0.12,0.0,0.0,0.0,0.0,1.0
245708.0,3.4445,-0.8992,-2.5695,-19.149,8.129,-5.127,-0.026,0.048,0.021,-27.073,23.729,-3.262,0.12,0.12,-0.12,0.0,0.0,0.0,0.0,1.0
245716.0,3.3192,-0.8006,-2.5403,-17.518,9.266,-4.935,-0.017,0.047,0.002,-27.052,23.71,-3.26,0.12,0.12,-0.12,0.0,0.0,0.0,0.0,1.0
245724.0,3.1759,-0.6765,-2.5178,-16.237,11.183,-5.172,-0.038,0.026,-0.004,-27.03,23.691,-3.257,0.12,0.12,-0.12,0.0,0.0,0.0,0.0,1.0
245732.0,3.0267,-0.5348,-2.5065,-15.518,13.366,-5.75,-0.029,0.009,-0.013,-27.008,23.672,-3.255,0.12,0.12,-0.12,0.0,0.0,0.0,0.0,1.0
245739.0,2.8664,-0.3802,-2.4968,-14.894,15.669,-6.034,-0.006,-0.031,-0.022,-26.987,23.654,-3.252,0.12,0.12,-0.12,0.0,0.0,0.0,0.0,1.0
245747.0,2.7034,-0.2214,-2.4884,-14.396,17.382,-6.13,0.008,-0.037,-0.019,-26.965,23.635,-3.249,0.12,0.12,-0.12,0.0,0.0,0.0,0.0,1.0
245755.0,2.5533,-0.072,-2.4837,-13.463,18.281,-5.743,0.035,-0.01,-0.022,-26.944,23.616,-3.247,0.12,0.12,-0.12,0.0,0.0,0.0,0.0,1.0
245763.0,2.4203,0.0661,-2.4852,-12.136,18.394,-5.28,0.02,0.003,-0.03,-26.922,23.597,-3.244,0.12,0.12,-0.12,0.0,0.0,0.0,0.0,1.0
245770.0,2.304,0.1992,-2.4985,-9.295,18.096,-4.97,0.01,0.036,-0.029,-26.901,23.578,-3.242,0.12,0.12,-0.12,0.0,0.0,0.0,0.0,1.0
245778.0,2.2001,0.3366,-2.5284,-7.175,17.699,-5.106,-0.008,0.066,-0.025,-26.879,23.559,-3.239,0.12,0.12,-0.12,0.0,0.0,0.0,0.0,1.0
245786.0,2.1012,0.4847,-2.5736,-5.151,18.07,-5.6,-0.026,0.076,0.005,-26.858,23.54,-3.236,0.12,0.12,-0.12,0.0,0.0,0.0,0.0,1.0
245794.0,1.9997,0.6566,-2.6396,-2.681,18.979,-6.336,-0.025,0.051,0.027,-26.836,23.522,-3.234,0.12,0.12,-0.12,0.0,0.0,0.0,0.0,1.0
245801.0,1.9002,0.8331,-2.7119,-1.158,19.991,-6.969,-0.026,0.021,0.048,-26.815,23.503,-3.231,0.12,0.12,-0.12,0.0,0.0,0.0,0.0,1.0
245809.0,1.7955,1.013,-2.7825,0.354,21.634,-7.058,-0.005,-0.02,0.044,-26.793,23.484,-3.229,0.12,0.12,-0.12,0.0,0.0,0.0,0.0,1.0
245817.0,1.6992,1.1897,-2.8582,1.376,23.222,-7.026,0.005,-0.045,0.045,-26.772,23.465,-3.226,0.12,0.12,-0.12,0.0,0.0,0.0,0.0,1.0
245825.0,1.6137,1.3518,-2.9306,2.704,24.555,-6.728,0.019,-0.063,0.01,-26.751,23.446,-3.223,0.12,0.12,-0.12,0.0,0.0,0.0,0.0,1.0
245832.0,1.552,1.4931,-3.0064,4.583,25.008,-6.1,0.031,-0.077,-0.013,-26.729,23.428,-3.221,0.12,0.12,-0.12,0.0,0.0,0.0,0.0,1.0
245840.0,1.5138,1.6166,-3.0885,7.131,24.929,-5.398,0.026,-0.05,-0.042,-26.708,23.409,-3.218,0.12,0.12,-0.12,0.0,0.0,0.0,0.0,1.0
245848.0,1.4933,1.7304,-3.1789,9.704,24.099,-4.498,0.01,0.003,-0.076,-26.686,23.39,-3.216,0.12,0.12,-0.12,0.0,0.0,0.0,0.0,1.0
245856.0,1.494,1.8373,-3.2836,12.723,23.116,-3.151,-0.022,0.04,-0.083,-26.665,23.371,-3.213,0.12,0.12,-0.12,0.0,0.0,0.0,0.0,1.0
245864.0,1.5019,1.9591,-3.4102,15.704,22.515,-1.514,-0.041,0.071,-0.099,-26.644,23.353,-3.211,0.12,0.12,-0.12,0.0,0.0,0.0,0.0,1.0
245871.0,1.5124,2.0907,-3.5487,17.15,23.008,-0.6,-0.027,0.066,-0.085,-26.622,23.334,-3.208,0.12,0.12,-0.12,0.0,0.0,0.0,0.0,1.0
245879.0,1.5194,2.241,-3.7022,18.226,24.273,-0.298,-0.011,0.039,-0.062,-26.601,23.316,-3.206,0.12,0.12,-0.12,0.0,0.0,0.0,0.0,1.0
245887.0,1.5357,2.401,-3.8743,18.898,26.316,-0.688,0.018,-0.015,-0.02,-26.58,23.297,-3.203,0.12,0.12,-0.12,0.0,0.0,0.0,0.0,1.0
245894.0,1.5622,2.5524,-4.0483,19.572,27.754,-0.473,0.05,-0.054,0.011,-26.559,23.278,-3.201,0.12,0.12,-0.12,0.0,0.0,0.0,0.0,1.0
245902.0,1.6031,2.6839,-4.2172,20.575,28.228,0.163,0.077,-0.06,0.031,-26.537,23.26,-3.198,0.12,0.12,-0.12,0.0,0.0,0.0,0.0,1.0
245910.0,1.6627,2.7806,-4.3711,22.284,27.168,1.946,0.074,-0.02,0.039,-26.516,23.241,-3.196,0.12,0.12,-0.12,0.0,0.0,0.0,0.0,1.0
245918.0,1.7433,2.8498,-4.519,24.044,26.082,3.705,0.037,0.001,0.027,-26.495,23.222,-3.193,0.12,0.12,-0.12,0.0,0.0,0.0,0.0,1.0
245926.0,1.8208,2.9,-4.6454,25.456,24.971,5.095,0.018,0.048,0.038,-26.474,23.204,-3.19,0.12,0.12,-0.12,0.0,0.0,0.0,0.0,1.0
245933.0,1.8999,2.9412,-4.7647,26.156,24.571,6.592,-0.003,0.057,0.05,-26.452,23.185,-3.188,0.12,0.12,-0.12,0.0,0.0,0.0,0.0,1.0
245941.0,1.9783,2.9835,-4.8843,26.835,24.38,7.691,-0.018,0.049,0.02,-26.431,23.167,-3.185,0.12,0.12,-0.12,0.0,0.0,0.0,0.0,1.0
245949.0,2.06,3.0243,-5.0058,26.753,25.182,8.662,-0.014,0.027,0.014,-26.41,23.148,-3.183,0.12,0.12,-0.12,0.0,0.0,0.0,0.0,1.0
245957.0,2.1427,3.0721,-5.135,27.014,26.217,8.742,-0.017,-0.012,0.01,-26.389,23.13,-3.18,0.12,0.12,-0.12,0.0,0.0,0.0,0.0,1.0
245964.0,2.2295,3.1092,-5.258,28.057,26.264,9.131,-0.025,-0.028,0.014,-26.368,23.111,-3.178,0.12,0.12,-0.12,0.0,0.0,0.0,0.0,1.0
245972.0,2.3237,3.1377,-5.38,27.595,26.877,9.827,-0.019,-0.051,0.008,-26.347,23.093,-3.175,0.12,0.12,-0.12,0.0,0.0,0.0,0.0,1.0
245980.0,2.417,3.1597,-5.4947,26.199,27.755,11.826,0.009,-0.056,-0.022,-26.326,23.074,-3.172,0.12,0.12,-0.12,0.0,0.0,0.0,0.0,1.0
245987.0,2.5118,3.1753,-5.6047,24.146,28.3,14.182,0.046,-0.059,-0.055,-26.305,23.056,-3.17,0.12,0.12,-0.12,0.0,0.0,0.0,0.0,1.0
245995.0,2.6144,3.1849,-5.7167,23.071,28.164,16.028,0.079,-0.041,-0.066,-26.284,23.037,-3.167,0.12,0.12,-0.12,0.0,0.0,0.0,0.0,1.0
246003.0,2.7283,3.1853,-5.8311,23.2,27.974,17.043,0.069,0.001,-0.043,-26.263,23.019,-3.165,0.12,0.12,-0.12,0.0,0.0,0.0,0.0,1.0
246011.0,2.8466,3.1854,-5.9494,23.418,27.51,17.609,0.051,0.031,-0.003,-26.242,23.001,-3.162,0.12,0.12,-0.12,0.0,0.0,0.0,0.0,1.0
246018.0,2.9565,3.1904,-6.0642,23.599,27.4,17.751,0.012,0.041,0.032,-26.221,22.982,-3.16,0.12,0.12,-0.12,0.0,0.0,0.0,0.0,1.0
246026.0,3.0443,3.2091,-6.1703,23.264,27.859,17.945,-0.003,0.054,0.058,-26.2,22.964,-3.157,0.12,0.12,-0.12,0.0,0.0,0.0,0.0,1.0
246034.0,3.0973,3.2372,-6.2506,21.753,28.383,18.722,-0.005,0.036,0.095,-26.179,22.945,-3.155,0.12,0.12,-0.12,0.0,0.0,0.0,0.0,1.0
246042.0,3.1152,3.2698,-6.3003,19.228,29.119,20.406,0.005,0.032,0.073,-26.158,22.927,-3.152,0.12,0.12,-0.12,0.0,0.0,0.0,0.0,1.0
246049.0,3.1062,3.3023,-6.3229,16.184,29.965,22.287,0.028,-0.003,0.049,-26.137,22.909,-3.15,0.12,0.12,-0.12,0.0,0.0,0.0,0.0,1.0
246057.0,3.0888,3.3259,-6.3285,13.945,30.351,24.142,0.048,-0.019,0.018,-26.116,22.891,-3.147,0.12,0.12,-0.12,0.0,0.0,0.0,0.0,1.0
246065.0,3.071,3.3464,-6.3307,12.257,29.962,25.48,0.029,-0.024,0.006,-26.095,22.872,-3.145,0.12,0.12,-0.12,0.0,0.0,0.0,0.0,1.0
246072.0,3.067,3.358,-6.338,11.407,28.665,26.254,0.004,-0.001,0.009,-26.074,22.854,-3.142,0.12,0.12,-0.12,0.0,0.0,0.0,0.0,1.0
246080.0,3.0675,3.3734,-6.3534,11.441,27.498,26.12,-0.029,0.006,0.0,-26.053,22.836,-3.14,0.12,0.12,-0.12,0.0,0.0,0.0,0.0,1.0
246088.0,3.0649,3.3942,-6.3711,11.467,26.479,25.528,-0.073,0.008,0.01,-26.032,22.817,-3.137,0.12,0.12,-0.12,0.0,0.0,0.0,0.0,1.0
246096.0,3.0434,3.429,-6.3836,11.142,25.464,25.284,-0.107,0.028,0.001,-26.012,22.799,-3.134,0.12,0.12,-0.12,0.0,0.0,0.0,0.0,1.0
246104.0,2.9894,3.4843,-6.3834,9.669,24.654,25.242,-0.087,0.012,-0.002,-25.991,22.781,-3.132,0.12,0.12,-0.12,0.0,0.0,0.0,0.0,1.0
246112.0,2.9025,3.554,-6.3643,7.46,24.459,25.213,-0.046,-0.004,-0.001,-25.97,22.763,-3.129,0.12,0.12,-0.12,0.0,0.0,0.0,0.0,1.0
246119.0,2.793,3.6295,-6.3284,5.17,24.583,25.158,0.014,0.006,-0.013,-25.95,22.745,-3.127,0.12,0.12,-0.12,0.0,0.0,0.0,0.0,1.0
246127.0,2.6743,3.6993,-6.2776,2.38,23.953,25.301,0.072,-0.013,-0.01,-25.929,22.726,-3.124,0.12,0.12,-0.12,0.0,0.0,0.0,0.0,1.0
246135.0,2.5539,3.761,-6.2172,0.607,23.091,24.868,0.098,-0.008,0.004,-25.908,22.708,-3.122,0.12,0.12,-0.12,0.0,0.0,0.0,0.0,1.0
246142.0,2.4486,3.803,-6.1529,-0.158,20.823,24.413,0.098,0.018,0.01,-25.887,22.69,-3.119,0.11681,0.12,-0.12,0.0,0.0,0.0,0.0,1.0
246150.0,2.3571,3.8292,-6.0868,0.324,18.578,22.687,0.057,0.044,0.032,-25.866,22.672,-3.117,0.12,0.12,-0.12,0.0,0.0,0.0,0.0,1.0
246158.0,2.2767,3.8368,-6.0138,1.643,15.435,21.445,-0.0,0.083,0.06,-25.846,22.654,-3.114,0.12,0.12,-0.12,0.0,0.0,0.0,0.0,1.0
246166.0,2.1773,3.8524,-5.9296,1.946,11.997,19.821,-0.047,0.094,0.068,-25.825,22.636,-3.112,0.12,0.12,-0.12,0.0,0.0,0.0,0.0,1.0
246174.0,2.0627,3.8801,-5.8419,1.116,10.534,19.048,-0.078,0.081,0.067,-25.804,22.618,-3.109,0.12,0.12,-0.12,0.0,0.0,0.0,0.0,1.0
246181.0,1.9306,3.9201,-5.7488,-0.663,10.278,18.015,-0.072,0.031,0.056,-25.784,22.6,-3.107,0.12,0.12,-0.12,0.0,0.0,0.0,0.0,1.0
246189.0,1.786,3.9719,-5.6545,-2.519,10.056,16.497,-0.046,-0.024,0.041,-25.763,22.582,-3.104,0.09132,0.12,-0.12,0.0,0.0,0.0,0.0,1.0
246197.0,1.6445,4.0242,-5.5639,-4.289,10.317,14.515,-0.014,-0.079,0.049,-25.743,22.564,-3.102,0.05181,0.12,-0.12,0.0,0.0,0.0,0.0,1.0
246204.0,1.5297,4.0575,-5.4816,-4.42,9.753,12.142,-0.017,-0.106,0.047,-25.722,22.545,-3.099,0.05235,0.12,-0.12,0.0,0.0,0.0,0.0,1.0
246212.0,1.4416,4.0695,-5.4051,-3.672,8.298,9.571,-0.025,-0.1,0.043,-25.702,22.527,-3.097,0.08173,0.12,-0.12,0.0,0.0,0.0,0.0,1.0
246220.0,1.3715,4.0625,-5.3281,-2.496,6.262,6.942,-0.04,-0.059,0.037,-25.681,22.509,-3.094,0.12,0.12,-0.12,0.0,0.0,0.0,0.0,1.0
246228.0,1.3143,4.0406,-5.2496,-1.458,3.921,5.389,-0.033,-0.015,0.008,-25.661,22.491,-3.092,0.12,0.12,-0.12,0.0,0.0,0.0,0.0,1.0
246236.0,1.2564,4.0098,-5.1618,-1.095,1.351,4.213,-0.025,0.028,-0.022,-25.64,22.473,-3.089,0.12,0.12,-0.12,0.0,0.0,0.0,0.0,1.0
246243.0,1.1985,3.9852,-5.0799,-1.44,-0.394,3.341,0.007,0.069,-0.05,-25.62,22.455,-3.087,0.12,0.12,-0.12,0.0,0.0,0.0,0.0,1.0
246251.0,1.1333,3.9808,-5.0104,-2.744,-1.715,2.37,0.027,0.083,-0.074,-25.599,22.437,-3.084,0.12,0.12,-0.12,0.0,0.0,0.0,0.0,1.0
246259.0,1.0711,3.9925,-4.9596,-4.672,-2.598,1.057,0.067,0.074,-0.09,-25.579,22.42,-3.082,0.12,0.12,-0.12,0.0,0.0,0.0,0.0,1.0
246267.0,1.0211,4.0196,-4.9359,-5.899,-2.585,-0.055,0.082,0.045,-0.089,-25.558,22.402,-3.08,0.12,0.12,-0.12,0.0,0.0,0.0,0.0,1.0
246274.0,0.992,4.0505,-4.937,-6.617,-2.735,-1.937,0.084,0.013,-0.066,-25.538,22.384,-3.077,0.12,0.12,-0.12,0.0,0.0,0.0,0.0,1.0
246282.0,0.9829,4.0794,-4.956,-6.728,-3.072,-3.92,0.073,-0.022,-0.025,-25.517,22.366,-3.075,0.12,0.12,-0.12,0.0,0.0,0.0,0.0,1.0
246290.0,0.9923,4.0995,-4.985,-6.503,-3.956,-5.586,0.03,-0.038,-0.013,-25.497,22.348,-3.072,0.12,0.12,-0.12,0.0,0.0,0.0,0.0,1.0
246298.0,1.0094,4.1011,-5.0036,-6.272,-5.247,-6.533,-0.017,-0.038,0.005,-25.476,22.33,-3.07,0.12,0.12,-0.12,0.0,0.0,0.0,0.0,1.0
246306.0,1.0263,4.091,-5.0107,-5.992,-6.996,-7.073,-0.067,-0.028,0.012,-25.456,22.312,-3.067,0.12,0.12,-0.12,0.0,0.0,0.0,0.0,1.0
246313.0,1.0246,4.0737,-4.9921,-6.219,-8.953,-7.214,-0.087,-0.006,0.007,-25.436,22.294,-3.065,0.12,0.12,-0.12,0.0,0.0,0.0,0.0,1.0
246321.0,1.0075,4.0616,-4.9633,-6.779,-9.922,-7.059,-0.095,-0.023,-0.006,-25.415,22.277,-3.063,0.12,0.12,-0.12,0.0,0.0,0.0,0.0,1.0
246329.0,0.9693,4.0615,-4.925,-7.718,-10.405,-7.541,-0.078,-0.027,-0.009,-25.395,22.259,-3.06,0.12,0.12,-0.12,0.0,0.0,0.0,0.0,1.0
246336.0,0.9331,4.0642,-4.8914,-8.614,-10.267,-8.265,-0.057,-0.05,0.009,-25.375,22.241,-3.058,0.12,0.12,-0.12,0.0,0.0,0.0,0.0,1.0
246344.0,0.8961,4.0759,-4.8657,-9.487,-10.274,-9.394,-0.02,-0.054,0.022,-25.355,22.223,-3.055,0.12,0.12,-0.12,0.0,0.0,0.0,0.0,1.0
246352.0,0.8687,4.0844,-4.8466,-9.989,-10.663,-10.3,-0.005,-0.038,0.038,-25.334,22.205,-3.053,0.12,0.12,-0.12,0.0,0.0,0.0,0.0,1.0
246360.0,0.8554,4.0793,-4.8284,-10.167,-11.867,-11.244,0.033,-0.014,0.033,-25.314,22.187,-3.05,0.12,0.12,-0.12,0.0,0.0,0.0,0.0,1.0
246368.0,0.8588,4.0653,-4.8181,-9.693,-13.128,-11.726,0.04,0.008,0.02,-25.294,22.17,-3.048,0.12,0.12,-0.12,0.0,0.0,0.0,0.0,1.0
246375.0,0.8722,4.0461,-4.8129,-9.344,-14.891,-12.109,0.048,0.057,-0.002,-25.274,22.152,-3.045,0.12,0.12,-0.12,0.0,0.0,0.0,0.0,1.0
246383.0,0.8945,4.0191,-4.8088,-8.892,-16.091,-12.101,0.032,0.063,-0.02,-25.253,22.134,-3.043,0.12,0.12,-0.12,0.0,0.0,0.0,0.0,1.0
246391.0,0.9133,3.9989,-4.8079,-8.845,-17.03,-12.266,0.024,0.064,-0.042,-25.233,22.117,-3.041,0.12,0.12,-0.12,0.0,0.0,0.0,0.0,1.0
246399.0,0.9297,3.9866,-4.8124,-9.206,-17.165,-12.405,0.02,0.038,-0.052,-25.213,22.099,-3.038,0.12,0.12,-0.12,0.0,0.0,0.0,0.0,1.0
246406.0,0.9395,3.9773,-4.8132,-10.156,-17.0,-12.676,0.009,0.016,-0.066,-25.193,22.081,-3.036,0.12,0.12,-0.12,0.0,0.0,0.0,0.0,1.0
246414.0,0.9462,3.9729,-4.8156,-10.802,-17.045,-12.725,0.006,-0.026,-0.06,-25.173,22.064,-3.033,0.12,0.12,-0.12,0.0,0.0,0.0,0.0,1.0
246422.0,0.9527,3.9602,-4.8097,-11.326,-17.39,-12.383,-0.01,-0.047,-0.045,-25.152,22.046,-3.031,0.12,0.12,-0.12,0.0,0.0,0.0,0.0,1.0
246430.0,0.9644,3.9402,-4.8019,-11.566,-17.826,-12.131,-0.018,-0.065,-0.044,-25.132,22.028,-3.029,0.12,0.12,-0.12,0.0,0.0,0.0,0.0,1.0
246437.0,0.9847,3.9072,-4.79,-11.711,-18.64,-11.911,-0.009,-0.064,-0.031,-25.112,22.011,-3.026,0.12,0.12,-0.12,0.0,0.0,0.0,0.0,1.0
246445.0,1.0129,3.8634,-4.7756,-11.734,-19.539,-11.517,-0.025,-0.042,-0.014,-25.092,21.993,-3.024,0.12,0.12,-0.12,0.0,0.0,0.0,0.0,1.0
246453.0,1.0453,3.8134,-4.7593,-11.415,-20.768,-11.452,-0.031,-0.013,-0.001,-25.072,21.976,-3.021,0.12,0.12,-0.12,0.0,0.0,0.0,0.0,1.0
246461.0,1.0748,3.7657,-4.7424,-11.425,-21.252,-11.592,-0.031,0.007,0.033,-25.052,21.958,-3.019,0.12,0.12,-0.12,0.0,0.0,0.0,0.0,1.0
246469.0,1.0969,3.7181,-4.7181,-11.432,-21.036,-11.378,-0.016,0.034,0.057,-25.032,21.94,-3.017,0.12,0.12,-0.12,0.0,0.0,0.0,0.0,1.0
246476.0,1.1125,3.6734,-4.6903,-12.205,-20.784,-11.386,-0.005,0.023,0.066,-25.012,21.923,-3.014,0.12,0.12,-0.12,0.0,0.0,0.0,0.0,1.0
246484.0,1.1213,3.627,-4.6539,-12.957,-20.911,-10.823,0.019,0.03,0.056,-24.992,21.905,-3.012,0.12,0.12,-0.12,0.0,0.0,0.0,0.0,1.0
246492.0,1.1227,3.576,-4.6056,-13.478,-20.603,-10.081,0.024,0.031,0.045,-24.972,21.888,-3.009,0.12,0.12,-0.12,0.0,0.0,0.0,0.0,1.0
246499.0,1.1315,3.5185,-4.5584,-13.783,-20.628,-9.328,0.042,0.015,-0.003,-24.952,21.87,-3.007,0.12,0.12,-0.12,0.0,0.0,0.0,0.0,1.0
246507.0,1.1468,3.4551,-4.5119,-13.683,-20.395,-8.921,0.037,0.017,-0.021,-24.932,21.853,-3.004,0.12,0.12,-0.12,0.0,0.0,0.0,0.0,1.0
246515.0,1.1624,3.3925,-4.4666,-13.282,-20.639,-9.077,0.009,0.008,-0.034,-24.912,21.835,-3.002,0.12,0.12,-0.12,0.0,0.0,0.0,0.0,1.0
246523.0,1.1746,3.3322,-4.42,-12.854,-20.244,-9.371,-0.008,-0.011,-0.034,-24.892,21.818,-3.0,0.12,0.12,-0.12,0.0,0.0,0.0,0.0,1.0
246531.0,1.1856,3.2727,-4.3731,-12.228,-20.294,-9.419,-0.036,-0.014,-0.037,-24.872,21.801,-2.997,0.12,0.12,-0.12,0.0,0.0,0.0,0.0,1.0
246538.0,1.1852,3.2198,-4.3212,-12.073,-19.869,-9.682,-0.056,-0.044,-0.013,-24.853,21.783,-2.995,0.12,0.12,-0.12,0.0,0.0,0.0,0.0,1.0
246546.0,1.1746,3.17,-4.2621,-12.645,-18.414,-10.036,-0.047,-0.054,-0.012,-24.833,21.766,-2.992,0.12,0.12,-0.12,0.0,0.0,0.0,0.0,1.0
246554.0,1.1559,3.1213,-4.196,-13.083,-17.579,-9.799,-0.031,-0.066,0.007,-24.813,21.748,-2.99,0.12,0.12,-0.12,0.0,0.0,0.0,0.0,1.0
246562.0,1.1361,3.0714,-4.1275,-13.624,-17.437,-9.823,-0.002,-0.052,0.01,-24.793,21.731,-2.988,0.12,0.12,-0.12,0.0,0.0,0.0,0.0,1.0
246570.0,1.1231,3.0183,-4.0629,-13.768,-17.296,-9.503,0.01,-0.013,0.027,-24.773,21.713,-2.985,0.12,0.12,-0.12,0.0,0.0,0.0,0.0,1.0
246578.0,1.124,2.963,-4.01,-13.453,-17.768,-9.452,0.02,0.031,0.017,-24.753,21.696,-2.983,0.12,0.12,-0.12,0.0,0.0,0.0,0.0,1.0
246585.0,1.1314,2.9128,-3.9683,-12.451,-17.655,-9.51,0.013,0.061,0.03,-24.734,21.679,-2.98,0.12,0.12,-0.12,0.0,0.0,0.0,0.0,1.0
246593.0,1.1449,2.871,-3.9412,-11.66,-17.494,-10.038,0.023,0.084,0.037,-24.714,21.661,-2.978,0.12,0.12,-0.12,0.0,0.0,0.0,0.0,1.0
246601.0,1.151,2.8433,-3.9203,-11.604,-16.673,-10.599,0.018,0.067,0.045,-24.694,21.644,-2.976,0.12,0.12,-0.12,0.0,0.0,0.0,0.0,1.0
246608.0,1.1509,2.8242,-3.9016,-11.876,-15.496,-10.976,0.024,0.036,0.044,-24.674,21.627,-2.973,0.12,0.12,-0.12,0.0,0.0,0.0,0.0,1.0
246616.0,1.1447,2.8062,-3.8778,-12.625,-14.276,-10.705,0.035,-0.004,0.021,-24.655,21.61,-2.971,0.12,0.12,-0.12,0.0,0.0,0.0,0.0,1.0
246624.0,1.1348,2.7911,-3.8532,-13.503,-12.888,-10.265,0.042,-0.038,-0.015,-24.635,21.592,-2.968,0.12,0.12,-0.12,0.0,0.0,0.0,0.0,1.0
246632.0,1.1314,2.7627,-3.8222,-14.01,-12.141,-9.341,0.052,-0.057,-0.029,-24.615,21.575,-2.966,0.12,0.12,-0.12,0.0,0.0,0.0,0.0,1.0
246639.0,1.1333,2.7295,-3.7918,-13.642,-12.085,-8.073,0.035,-0.043,-0.059,-24.595,21.558,-2.964,0.12,0.12,-0.12,0.0,0.0,0.0,0.0,1.0
246647.0,1.1423,2.6882,-3.7606,-13.297,-12.264,-7.816,0.014,-0.022,-0.071,-24.576,21.54,-2.961,0.12,0.12,-0.12,0.0,0.0,0.0,0.0,1.0
246655.0,1.1523,2.6519,-3.7351,-12.483,-12.355,-7.904,-0.023,0.007,-0.066,-24.556,21.523,-2.959,0.12,0.12,-0.12,0.0,0.0,0.0,0.0,1.0
246663.0,1.154,2.6297,-3.7153,-12.134,-11.771,-8.097,-0.05,0.029,-0.048,-24.536,21.506,-2.957,0.12,0.12,-0.12,0.0,0.0,0.0,0.0,1.0
246671.0,1.1415,2.6262,-3.6994,-12.256,-10.841,-8.376,-0.049,0.032,-0.008,-24.517,21.489,-2.954,0.12,0.12,-0.12,0.0,0.0,0.0,0.0,1.0
246678.0,1.1109,2.6358,-3.6781,-12.708,-9.684,-8.342,-0.061,0.009,0.005,-24.497,21.472,-2.952,0.12,0.12,-0.12,0.0,0.0,0.0,0.0,1.0
246686.0,1.0693,2.6541,-3.6543,-13.266,-8.632,-8.413,-0.032,-0.003,0.039,-24.478,21.455,-2.95,0.12,0.12,-0.12,0.0,0.0,0.0,0.0,1.0
246694.0,1.0204,2.6702,-3.6211,-14.009,-7.974,-8.011,-0.014,0.002,0.036,-24.458,21.437,-2.947,0.11658,0.12,-0.12,0.0,0.0,0.0,0.0,1.0
246701.0,0.9725,2.6856,-3.5882,-13.764,-7.986,-7.504,-0.004,0.009,0.03,-24.439,21.42,-2.945,0.10786,0.12,-0.12,0.0,0.0,0.0,0.0,1.0
246709.0,0.9315,2.6936,-3.555,-13.111,-8.284,-7.542,-0.021,0.017,0.036,-24.419,21.403,-2.943,0.11087,0.12,-0.12,0.0,0.0,0.0,0.0,1.0
246717.0,0.8916,2.7007,-3.522,-12.361,-8.304,-7.215,0.01,0.012,0.037,-24.4,21.386,-2.94,0.11748,0.12,-0.12,0.0,0.0,0.0,0.0,1.0
246725.0,0.8535,2.7153,-3.4981,-11.858,-8.311,-7.395,0.005,0.018,0.026,-24.38,21.369,-2.938,0.11912,0.12,-0.12,0.0,0.0,0.0,0.0,1.0
246733.0,0.8107,2.735,-3.4744,-11.513,-7.509,-7.801,-0.001,-0.006,0.022,-24.361,21.352,-2.935,0.1123,0.12,-0.12,0.0,0.0,0.0,0.0,1.0
246740.0,0.7679,2.7541,-3.4502,-11.219,-7.2,-7.665,0.027,-0.019,-0.005,-24.341,21.335,-2.933,0.109,0.12,-0.12,0.0,0.0,0.0,0.0,1.0
246748.0,0.7286,2.7696,-3.426,-11.174,-6.594,-7.576,0.004,-0.047,-0.012,-24.322,21.318,-2.931,0.0926,0.12,-0.12,0.0,0.0,0.0,0.0,1.0
246756.0,0.6928,2.7812,-3.4016,-10.673,-6.576,-7.038,0.021,-0.047,-0.036,-24.302,21.301,-2.928,0.09139,0.12,-0.12,0.0,0.0,0.0,0.0,1.0
246764.0,0.6634,2.7851,-3.376,-10.404,-6.994,-6.678,0.014,-0.025,-0.039,-24.283,21.284,-2.926,0.08912,0.12,-0.12,0.0,0.0,0.0,0.0,1.0
246771.0,0.6386,2.7846,-3.3507,-10.014,-7.367,-6.272,0.002,-0.001,-0.046,-24.263,21.267,-2.924,0.0881,0.12,-0.12,0.0,0.0,0.0,0.0,1.0
246779.0,0.6168,2.7865,-3.3306,-9.384,-7.605,-5.819,-0.005,0.019,-0.043,-24.244,21.25,-2.921,0.09103,0.12,-0.12,0.0,0.0,0.0,0.0,1.0
246787.0,0.5943,2.7975,-3.3188,-9.138,-7.443,-5.487,-0.027,0.041,-0.03,-24.225,21.233,-2.919,0.08282,0.12,-0.12,0.0,0.0,0.0,0.0,1.0
246795.0,0.5734,2.816,-3.316,-8.763,-7.278,-5.498,-0.013,0.03,-0.015,-24.205,21.216,-2.917,0.08542,0.12,-0.12,0.0,0.0,0.0,0.0,1.0
246803.0,0.5522,2.8422,-3.3203,-8.651,-6.711,-5.542,-0.01,0.03,0.02,-24.186,21.199,-2.915,0.07879,0.12,-0.12,0.0,0.0,0.0,0.0,1.0
246810.0,0.5328,2.8672,-3.3253,-8.206,-6.69,-5.268,-0.007,0.022,0.032,-24.167,21.182,-2.912,0.08017,0.12,-0.12,0.0,0.0,0.0,0.0,1.0
246818.0,0.5137,2.8924,-3.3307,-8.088,-6.27,-4.854,-0.006,-0.001,0.04,-24.147,21.165,-2.91,0.0712,0.12,-0.12,0.0,0.0,0.0,0.0,1.0
246826.0,0.4984,2.9137,-3.3361,-7.812,-6.098,-4.773,0.007,-0.001,0.033,-24.128,21.148,-2.907,0.07267,0.12,-0.12,0.0,0.0,0.0,0.0,1.0
246833.0,0.4822,2.9289,-3.3346,-7.196,-5.713,-4.823,0.016,0.005,0.042,-24.109,21.131,-2.905,0.07829,0.12,-0.12,0.0,0.0,0.0,0.0,1.0
246841.0,0.4676,2.9314,-3.3225,-6.545,-5.769,-4.361,0.015,-0.02,0.034,-24.089,21.114,-2.903,0.08271,0.12,-0.12,0.0,0.0,0.0,0.0,1.0
246849.0,0.4479,2.926,-3.2976,-6.358,-5.325,-3.829,0.023,-0.025,0.026,-24.07,21.097,-2.9,0.07438,0.12,-0.12,0.0,0.0,0.0,0.0,1.0
246857.0,0.4297,2.908,-3.2618,-5.954,-5.716,-3.525,0.019,-0.017,-0.01,-24.051,21.08,-2.898,0.07769,0.12,-0.12,0.0,0.0,0.0,0.0,1.0
246864.0,0.4135,2.8819,-3.2201,-5.309,-6.361,-2.785,0.022,-0.003,-0.027,-24.032,21.063,-2.896,0.08454,0.12,-0.12,0.0,0.0,0.0,0.0,1.0
246872.0,0.3986,2.8538,-3.178,-4.522,-7.107,-2.404,0.006,0.022,-0.044,-24.012,21.047,-2.894,0.09534,0.12,-0.12,0.0,0.0,0.0,0.0,1.0
246880.0,0.389,2.8291,-3.1443,-3.65,-7.496,-2.359,-0.011,0.03,-0.035,-23.993,21.03,-2.891,0.10826,0.12,-0.12,0.0,0.0,0.0,0.0,1.0
246887.0,0.3758,2.8149,-3.1174,-2.878,-7.531,-2.567,-0.038,0.018,-0.03,-23.974,21.013,-2.889,0.11741,0.12,-0.12,0.0,0.0,0.0,0.0,1.0
246895.0,0.3635,2.8083,-3.0986,-2.327,-7.216,-3.117,-0.035,0.009,-0.016,-23.955,20.996,-2.887,0.12,0.12,-0.12,0.0,0.0,0.0,0.0,1.0
246903.0,0.3511,2.8149,-3.0925,-2.06,-6.551,-3.837,-0.03,-0.034,0.019,-23.936,20.979,-2.884,0.12,0.12,-0.12,0.0,0.0,0.0,0.0,1.0
246911.0,0.3339,2.8254,-3.0855,-1.718,-5.963,-4.028,-0.022,-0.045,0.03,-23.917,20.963,-2.882,0.12,0.12,-0.12,0.0,0.0,0.0,0.0,1.0
246918.0,0.3209,2.8304,-3.0775,-1.851,-5.402,-4.245,-0.021,-0.061,0.034,-23.897,20.946,-2.88,0.12,0.12,-0.12,0.0,0.0,0.0,0.0,1.0
246926.0,0.3219,2.8249,-3.0731,-1.163,-5.879,-4.033,-0.01,-0.047,0.026,-23.878,20.929,-2.877,0.12,0.12,-0.12,0.0,0.0,0.0,0.0,1.0
246934.0,0.334,2.8061,-3.067,0.213,-6.835,-3.608,-0.023,-0.012,0.01,-23.859,20.912,-2.875,0.12,0.12,-0.12,0.0,0.0,0.0,0.0,1.0
246942.0,0.3611,2.7742,-3.0629,1.635,-7.757,-3.579,-0.013,0.014,0.008,-23.84,20.896,-2.873,0.12,0.12,-0.12,0.0,0.0,0.0,0.0,1.0
246949.0,0.3917,2.7446,-3.0647,3.056,-8.289,-3.94,-0.028,0.056,0.01,-23.821,20.879,-2.87,0.12,0.12,-0.12,0.0,0.0,0.0,0.0,1.0
246957.0,0.4233,2.7163,-3.0687,3.942,-8.132,-4.56,-0.008,0.029,0.002,-23.802,20.862,-2.868,0.12,0.12,-0.12,0.0,0.0,0.0,0.0,1.0
246965.0,0.4541,2.6905,-3.0744,4.564,-7.703,-5.082,0.022,0.034,0.001,-23.783,20.846,-2.866,0.12,0.12,-0.12,0.0,0.0,0.0,0.0,1.0
246972.0,0.4797,2.6685,-3.0786,4.906,-7.418,-4.97,0.027,0.017,-0.015,-23.764,20.829,-2.864,0.12,0.12,-0.12,0.0,0.0,0.0,0.0,1.0
246981.0,0.5089,2.639,-3.0791,5.299,-7.159,-4.883,0.053,0.004,-0.027,-23.745,20.812,-2.861,0.12,0.12,-0.12,0.0,0.0,0.0,0.0,1.0
246988.0,0.5415,2.6068,-3.0804,5.715,-7.564,-4.682,0.06,-0.0,-0.03,-23.726,20.796,-2.859,0.12,0.12,-0.12,0.0,0.0,0.0,0.0,1.0
246996.0,0.5916,2.5613,-3.0861,6.742,-7.915,-4.514,0.043,-0.005,-0.026,-23.707,20.779,-2.857,0.12,0.12,-0.12,0.0,0.0,0.0,0.0,1.0
247004.0,0.6531,2.5077,-3.0954,7.738,-8.845,-4.579,0.044,0.011,-0.019,-23.688,20.762,-2.854,0.12,0.12,-0.12,0.0,0.0,0.0,0.0,1.0
247012.0,0.726,2.4534,-3.1155,9.088,-9.621,-4.837,0.014,0.026,-0.02,-23.669,20.746,-2.852,0.12,0.12,-0.12,0.0,0.0,0.0,0.0,1.0
247019.0,0.8068,2.3967,-3.1411,10.161,-10.28,-4.721,-0.017,0.016,0.001,-23.65,20.729,-2.85,0.12,0.12,-0.12,0.0,0.0,0.0,0.0,1.0
247027.0,0.8883,2.3461,-3.1734,10.834,-10.437,-4.709,-0.038,0.018,0.001,-23.631,20.713,-2.848,0.12,0.12,-0.12,0.0,0.0,0.0,0.0,1.0
247035.0,0.973,2.2896,-3.2031,10.775,-10.54,-4.124,-0.046,0.0,-0.006,-23.612,20.696,-2.845,0.12,0.12,-0.12,0.0,0.0,0.0,0.0,1.0
247042.0,1.0638,2.2345,-3.2402,11.112,-10.082,-3.757,-0.03,-0.01,-0.012,-23.594,20.68,-2.843,0.12,0.12,-0.12,0.0,0.0,0.0,0.0,1.0
247050.0,1.1623,2.1772,-3.2829,11.005,-9.815,-3.494,-0.017,-0.043,-0.023,-23.575,20.663,-2.841,0.12,0.12,-0.12,0.0,0.0,0.0,0.0,1.0
247058.0,1.2671,2.1125,-3.3247,11.168,-9.836,-3.001,-0.006,-0.052,-0.021,-23.556,20.646,-2.839,0.12,0.12,-0.12,0.0,0.0,0.0,0.0,1.0
247066.0,1.3874,2.0381,-3.3726,11.413,-10.133,-2.525,-0.002,-0.05,0.002,-23.537,20.63,-2.836,0.12,0.12,-0.12,0.0,0.0,0.0,0.0,1.0
247074.0,1.5138,1.9504,-3.4135,11.544,-10.365,-1.895,-0.001,-0.035,0.003,-23.518,20.613,-2.834,0.12,0.12,-0.12,0.0,0.0,0.0,0.0,1.0
247081.0,1.6394,1.8624,-3.4535,11.604,-10.58,-1.423,0.026,-0.02,0.003,-23.499,20.597,-2.832,0.12,0.10626,-0.12,0.0,0.0,0.0,0.0,1.0
247089.0,1.7656,1.7665,-3.4864,11.472,-10.455,-0.781,0.02,-0.011,0.015,-23.481,20.58,-2.83,0.12,0.08564,-0.12,0.0,0.0,0.0,0.0,1.0
247097.0,1.8883,1.668,-3.5131,11.325,-10.097,-0.251,0.015,0.024,0.003,-23.462,20.564,-2.827,0.12,0.07389,-0.12,0.0,0.0,0.0,0.0,1.0
247104.0,2.003,1.5773,-3.5395,10.957,-9.605,0.154,0.023,0.018,0.024,-23.443,20.548,-2.825,0.12,0.06261,-0.12,0.0,0.0,0.0,0.0,1.0
247112.0,2.1131,1.4784,-3.5534,10.745,-9.163,0.77,0.032,0.032,0.009,-23.424,20.531,-2.823,0.12,0.04853,-0.12,0.0,0.0,0.0,0.0,1.0
247120.0,2.2179,1.3802,-3.5625,10.597,-9.064,1.56,0.013,0.026,0.004,-23.406,20.515,-2.82,0.12,0.02393,-0.12,0.0,0.0,0.0,0.0,1.0
247128.0,2.3128,1.28,-3.5599,10.07,-8.456,2.43,0.023,0.04,-0.004,-23.387,20.498,-2.818,0.12,0.01273,-0.12,0.0,0.0,0.0,0.0,1.0
247136.0,2.4177,1.1744,-3.5619,9.352,-7.679,3.64,0.0,0.017,-0.021,-23.368,20.482,-2.816,0.12,-0.0019,-0.12,0.0,0.0,0.0,0.0,1.0
247143.0,2.5099,1.0761,-3.5584,8.332,-7.236,4.429,0.008,-0.006,-0.023,-23.349,20.466,-2.814,0.12,-0.01596,-0.12,0.0,0.0,0.0,0.0,1.0
247151.0,2.6006,0.98,-3.5556,7.822,-6.558,5.108,0.021,-0.01,-0.021,-23.331,20.449,-2.811,0.12,-0.02591,-0.12,0.0,0.0,0.0,0.0,1.0
247159.0,2.689,0.8914,-3.5578,7.307,-5.95,5.544,-0.002,-0.039,-0.021,-23.312,20.433,-2.809,0.12,-0.03624,-0.12,0.0,0.0,0.0,0.0,1.0
247166.0,2.7734,0.8078,-3.5607,6.777,-5.151,5.91,0.003,-0.068,-0.01,-23.293,20.417,-2.807,0.12,-0.0397,-0.12,0.0,0.0,0.0,0.0,1.0
247174.0,2.8494,0.7302,-3.5612,6.376,-4.652,6.236,-0.007,-0.043,0.0,-23.275,20.4,-2.805,0.12,-0.04455,-0.12,0.0,0.0,0.0,0.0,1.0
247182.0,2.9167,0.654,-3.5542,5.583,-4.299,6.675,-0.009,-0.04,-0.0,-23.256,20.384,-2.803,0.12,-0.05079,-0.12,0.0,0.0,0.0,0.0,1.0
247190.0,2.9631,0.594,-3.5422,4.611,-3.447,7.007,-0.027,-0.021,0.019,-23.238,20.368,-2.8,0.12,-0.04018,-0.12,0.0,0.0,0.0,0.0,1.0
247198.0,2.9932,0.5365,-3.5163,3.787,-2.8,7.396,-0.013,0.005,0.024,-23.219,20.351,-2.798,0.12,-0.03282,-0.12,0.0,0.0,0.0,0.0,1.0
247206.0,3.0052,0.4834,-3.4766,2.279,-1.735,7.944,0.016,0.005,0.029,-23.201,20.335,-2.796,0.12,-0.01655,-0.12,0.0,0.0,0.0,0.0,1.0
247213.0,3.0094,0.4347,-3.4333,0.672,-0.362,8.284,0.016,0.022,0.031,-23.182,20.319,-2.794,0.12,0.01139,-0.12,0.0,0.0,0.0,0.0,1.0
247221.0,3.0128,0.3803,-3.3839,-0.429,0.57,8.877,0.027,0.04,0.003,-23.163,20.302,-2.791,0.12,0.02346,-0.12,0.0,0.0,0.0,0.0,1.0
247229.0,3.0138,0.323,-3.329,-1.492,1.08,9.219,0.032,0.058,0.018,-23.145,20.286,-2.789,0.12,0.02812,-0.12,0.0,0.0,0.0,0.0,1.0
247236.0,3.022,0.2555,-3.2715,-1.685,1.044,9.449,-0.006,0.067,-0.007,-23.126,20.27,-2.787,0.12,0.01376,-0.12,0.0,0.0,0.0,0.0,1.0
247244.0,3.0309,0.1939,-3.2204,-1.539,1.093,9.677,-0.019,0.072,0.003,-23.108,20.254,-2.785,0.12,-0.00108,-0.12,0.0,0.0,0.0,0.0,1.0
247252.0,3.0349,0.1352,-3.1672,-1.308,1.11,9.958,-0.06,0.048,-0.023,-23.089,20.238,-2.782,0.12,-0.01832,-0.12,0.0,0.0,0.0,0.0,1.0
247260.0,3.0208,0.0949,-3.1139,-1.378,1.882,9.784,-0.064,0.022,-0.011,-23.071,20.222,-2.78,0.12,-0.01341,-0.12,0.0,0.0,0.0,0.0,1.0
247267.0,2.9889,0.0737,-3.0613,-1.896,2.552,9.421,-0.066,-0.012,-0.002,-23.053,20.205,-2.778,0.12,-0.00353,-0.12,0.0,0.0,0.0,0.0,1.0
247275.0,2.9263,0.0771,-3.0021,-2.986,3.964,8.676,-0.056,-0.048,0.016,-23.034,20.189,-2.776,0.12,0.03387,-0.12,0.0,0.0,0.0,0.0,1.0
247283.0,2.8488,0.0968,-2.9437,-3.786,5.183,8.257,-0.018,-0.084,0.03,-23.016,20.173,-2.773,0.12,0.06856,-0.12,0.0,0.0,0.0,0.0,1.0
247291.0,2.76,0.1216,-2.879,-4.729,6.132,7.828,0.001,-0.097,0.031,-22.997,20.157,-2.771,0.12,0.10213,-0.12,0.0,0.0,0.0,0.0,1.0
247298.0,2.6766,0.141,-2.8145,-4.987,6.402,7.498,0.024,-0.077,0.048,-22.979,20.141,-2.769,0.12,0.11629,-0.12,0.0,0.0,0.0,0.0,1.0
247306.0,2.5881,0.1591,-2.7436,-5.146,6.32,7.422,0.022,-0.036,0.044,-22.961,20.125,-2.767,0.12,0.12,-0.12,0.0,0.0,0.0,0.0,1.0
247314.0,2.5085,0.1745,-2.679,-4.635,5.837,7.289,0.022,0.017,0.043,-22.942,20.108,-2.764,0.12,0.12,-0.12,0.0,0.0,0.0,0.0,1.0
247322.0,2.4344,0.1879,-2.6179,-4.266,5.515,6.713,0.021,0.066,0.023,-22.924,20.092,-2.762,0.12,0.12,-0.12,0.0,0.0,0.0,0.0,1.0
247329.0,2.3652,0.2053,-2.5656,-4.011,5.218,6.332,0.007,0.088,0.024,-22.906,20.076,-2.76,0.12,0.12,-0.12,0.0,0.0,0.0,0.0,1.0
247337.0,2.2934,0.2299,-2.5177,-3.487,4.935,5.879,-0.007,0.086,0.022,-22.887,20.06,-2.758,0.12,0.12,-0.12,0.0,0.0,0.0,0.0,1.0
247345.0,2.2214,0.2634,-2.4784,-3.121,5.375,5.284,-0.007,0.1,0.005,-22.869,20.045,-2.756,0.12,0.12,-0.12,0.0,0.0,0.0,0.0,1.0
247353.0,2.1513,0.3061,-2.4499,-3.23,5.833,4.618,-0.002,0.051,-0.002,-22.851,20.029,-2.753,0.12,0.12,-0.12,0.0,0.0,0.0,0.0,1.0
247360.0,2.0833,0.3494,-2.424,-2.885,6.351,3.755,-0.01,0.017,-0.01,-22.832,20.013,-2.751,0.12,0.12,-0.12,0.0,0.0,0.0,0.0,1.0
247368.0,2.0198,0.3935,-2.4035,-2.319,6.217,3.534,0.002,-0.011,-0.026,-22.814,19.997,-2.749,0.12,0.12,-0.12,0.0,0.0,0.0,0.0,1.0
247376.0,1.9643,0.4323,-2.3858,-1.639,6.059,3.118,-0.004,-0.037,-0.041,-22.796,19.981,-2.747,0.12,0.12,-0.12,0.0,0.0,0.0,0.0,1.0
247384.0,1.9125,0.4659,-2.3667,-1.093,5.915,2.716,-0.017,-0.065,-0.056,-22.778,19.965,-2.745,0.12,0.12,-0.12,0.0,0.0,0.0,0.0,1.0
247392.0,1.8661,0.5029,-2.3563,-0.71,5.363,2.25,-0.015,-0.07,-0.058,-22.76,19.949,-2.743,0.12,0.12,-0.12,0.0,0.0,0.0,0.0,1.0
247400.0,1.8272,0.5391,-2.3526,-0.334,5.415,1.611,0.017,-0.065,-0.05,-22.741,19.933,-2.74,0.12,0.12,-0.12,0.0,0.0,0.0,0.0,1.0
247407.0,1.785,0.5757,-2.3461,-0.493,5.508,1.359,0.03,-0.062,-0.033,-22.723,19.917,-2.738,0.12,0.12,-0.12,0.0,0.0,0.0,0.0,1.0
247415.0,1.7507,0.6161,-2.3511,-0.741,5.694,0.681,0.016,-0.042,-0.019,-22.705,19.901,-2.736,0.12,0.12,-0.12,0.0,0.0,0.0,0.0,1.0
247423.0,1.72,0.6535,-2.3568,-0.954,5.656,0.298,0.038,-0.002,0.003,-22.687,19.885,-2.734,0.12,0.12,-0.12,0.0,0.0,0.0,0.0,1.0
247430.0,1.6931,0.6917,-2.3671,-0.741,5.713,-0.078,0.032,0.007,0.023,-22.669,19.869,-2.732,0.12,0.12,-0.12,0.0,0.0,0.0,0.0,1.0
247438.0,1.67,0.7279,-2.3793,-0.491,5.088,-0.444,0.03,0.037,0.046,-22.65,19.853,-2.729,0.12,0.12,-0.12,0.0,0.0,0.0,0.0,1.0
247446.0,1.6529,0.7538,-2.3873,0.071,4.279,-0.303,0.002,0.065,0.049,-22.632,19.837,-2.727,0.12,0.12,-0.12,0.0,0.0,0.0,0.0,1.0
247453.0,1.636,0.7791,-2.3951,0.349,3.69,-0.202,-0.009,0.069,0.051,-22.614,19.821,-2.725,0.12,0.12,-0.12,0.0,0.0,0.0,0.0,1.0
247461.0,1.6189,0.8089,-2.4071,0.582,3.282,0.079,-0.019,0.064,0.036,-22.596,19.805,-2.723,0.12,0.12,-0.12,0.0,0.0,0.0,0.0,1.0
247469.0,1.5983,0.8417,-2.4184,0.609,2.905,0.217,-0.05,0.043,0.037,-22.578,19.79,-2.721,0.12,0.12,-0.12,0.0,0.0,0.0,0.0,1.0
247477.0,1.5807,0.8738,-2.4321,0.564,3.002,0.483,-0.046,0.015,0.009,-22.56,19.774,-2.718,0.12,0.12,-0.12,0.0,0.0,0.0,0.0,1.0
247485.0,1.5623,0.9131,-2.4519,0.371,2.802,0.451,-0.035,-0.017,-0.004,-22.542,19.758,-2.716,0.12,0.12,-0.12,0.0,0.0,0.0,0.0,1.0
247492.0,1.5541,0.9429,-2.4727,0.151,2.55,0.713,-0.022,-0.049,-0.035,-22.524,19.742,-2.714,0.12,0.12,-0.12,0.0,0.0,0.0,0.0,1.0
247500.0,1.5523,0.9693,-2.4966,0.919,1.714,0.993,-0.004,-0.044,-0.041,-22.506,19.726,-2.712,0.12,0.12,-0.12,0.0,0.0,0.0,0.0,1.0
247508.0,1.5617,0.9923,-2.5284,1.498,1.02,0.897,0.008,-0.032,-0.042,-22.488,19.711,-2.71,0.12,0.12,-0.12,0.0,0.0,0.0,0.0,1.0
247515.0,1.5732,1.0102,-2.5573,1.955,0.065,0.971,0.02,-0.026,-0.034,-22.47,19.695,-2.708,0.12,0.12,-0.12,0.0,0.0,0.0,0.0,1.0
247523.0,1.5815,1.03,-2.5849,2.298,-0.52,0.897,0.028,-0.019,-0.027,-22.452,19.679,-2.706,0.12,0.12,-0.12,0.0,0.0,0.0,0.0,1.0
247531.0,1.583,1.0495,-2.6054,2.375,-0.834,0.922,0.067,0.009,-0.016,-22.434,19.663,-2.703,0.12,0.12,-0.12,0.0,0.0,0.0,0.0,1.0
247539.0,1.5803,1.0709,-2.6235,2.083,-1.155,1.112,0.059,-0.0,-0.015,-22.416,19.648,-2.701,0.12,0.12,-0.12,0.0,0.0,0.0,0.0,1.0
247546.0,1.5701,1.0874,-2.6294,1.228,-1.314,1.81,0.085,0.008,0.0,-22.398,19.632,-2.699,0.12,0.12,-0.12,0.0,0.0,0.0,0.0,1.0
247554.0,1.5655,1.0929,-2.6301,0.884,-1.327,2.483,0.065,0.023,-0.001,-22.38,19.616,-2.697,0.12,0.12,-0.12,0.0,0.0,0.0,0.0,1.0
247562.0,1.5661,1.0861,-2.6241,0.664,-1.882,3.047,0.053,0.023,0.015,-22.362,19.601,-2.695,0.12,0.12,-0.12,0.0,0.0,0.0,0.0,1.0
247570.0,1.577,1.0634,-2.613,1.129,-2.814,3.409,0.016,0.022,0.016,-22.344,19.585,-2.693,0.12,0.12,-0.12,0.0,0.0,0.0,0.0,1.0
247577.0,1.5993,1.0257,-2.5986,1.843,-3.526,3.301,-0.035,0.02,0.017,-22.327,19.569,-2.69,0.12,0.109,-0.12,0.0,0.0,0.0,0.0,1.0
247585.0,1.6185,0.9841,-2.5773,2.52,-4.273,3.16,-0.058,0.016,0.037,-22.309,19.554,-2.688,0.12,0.08181,-0.12,0.0,0.0,0.0,0.0,1.0
247593.0,1.6371,0.9356,-2.5486,3.118,-5.005,3.293,-0.095,0.004,0.022,-22.291,19.538,-2.686,0.12,0.05051,-0.12,0.0,0.0,0.0,0.0,1.0
247600.0,1.6436,0.89,-2.5107,3.117,-5.436,3.726,-0.09,-0.004,0.017,-22.273,19.522,-2.684,0.12,0.02837,-0.12,0.0,0.0,0.0,0.0,1.0
247608.0,1.6439,0.8498,-2.4719,2.78,-4.934,3.454,-0.079,-0.024,0.006,-22.255,19.507,-2.682,0.12,0.03125,-0.12,0.0,0.0,0.0,0.0,1.0
247616.0,1.6456,0.813,-2.4377,2.487,-4.87,3.26,-0.046,-0.051,0.01,-22.238,19.491,-2.68,0.12,0.02602,-0.12,0.0,0.0,0.0,0.0,1.0
247624.0,1.6476,0.7746,-2.4024,2.101,-4.299,2.969,-0.014,-0.057,0.001,-22.22,19.475,-2.677,0.12,0.03362,-0.12,0.0,0.0,0.0,0.0,1.0
247632.0,1.6577,0.7352,-2.374,2.244,-4.271,2.481,0.007,-0.058,0.001,-22.202,19.46,-2.675,0.12,0.02866,-0.12,0.0,0.0,0.0,0.0,1.0
247640.0,1.6777,0.6915,-2.3515,2.253,-4.229,2.007,0.048,-0.041,0.001,-22.184,19.444,-2.673,0.12,0.02531,-0.12,0.0,0.0,0.0,0.0,1.0
247647.0,1.7032,0.6444,-2.3311,2.526,-4.329,1.306,0.057,-0.013,-0.019,-22.167,19.429,-2.671,0.12,0.02072,-0.12,0.0,0.0,0.0,0.0,1.0
247655.0,1.7368,0.5956,-2.3173,2.756,-4.249,0.784,0.066,-0.008,-0.018,-22.149,19.413,-2.669,0.12,0.01537,-0.12,0.0,0.0,0.0,0.0,1.0
247663.0,1.7698,0.5476,-2.3035,2.681,-4.133,0.214,0.062,0.028,-0.009,-22.131,19.398,-2.667,0.12,0.01826,-0.12,0.0,0.0,0.0,0.0,1.0
247670.0,1.8038,0.4965,-2.2877,2.448,-3.726,-0.065,0.067,0.038,-0.01,-22.113,19.382,-2.665,0.12,0.02039,-0.12,0.0,0.0,0.0,0.0,1.0
247678.0,1.83,0.4546,-2.2731,2.029,-3.107,-0.477,0.041,0.038,-0.006,-22.096,19.367,-2.663,0.12,0.02995,-0.12,0.0,0.0,0.0,0.0,1.0
247686.0,1.8578,0.412,-2.2595,1.676,-2.961,-0.586,0.033,0.039,-0.019,-22.078,19.351,-2.66,0.12,0.02787,-0.12,0.0,0.0,0.0,0.0,1.0
247694.0,1.8842,0.3692,-2.2442,1.179,-2.499,-0.551,0.015,0.03,-0.024,-22.06,19.336,-2.658,0.12,0.03031,-0.12,0.0,0.0,0.0,0.0,1.0
247702.0,1.9083,0.3322,-2.2323,1.321,-2.059,-0.71,-0.01,0.012,-0.034,-22.043,19.32,-2.656,0.12,0.02844,-0.12,0.0,0.0,0.0,0.0,1.0
247709.0,1.9342,0.2956,-2.2225,0.897,-1.855,-1.019,-0.036,0.007,-0.009,-22.025,19.305,-2.654,0.12,0.02986,-0.12,0.0,0.0,0.0,0.0,1.0
247717.0,1.9576,0.2628,-2.214,0.7,-1.37,-1.307,-0.046,-0.014,-0.003,-22.007,19.289,-2.652,0.12,0.03264,-0.12,0.0,0.0,0.0,0.0,1.0
247725.0,1.9788,0.2375,-2.2105,0.516,-0.945,-1.654,-0.057,-0.018,0.005,-21.99,19.274,-2.65,0.12,0.03883,-0.12,0.0,0.0,0.0,0.0,1.0
247732.0,2.0017,0.2135,-2.21,0.078,-0.595,-1.99,-0.056,-0.037,0.022,-21.972,19.259,-2.648,0.12,0.04441,-0.12,0.0,0.0,0.0,0.0,1.0
247740.0,2.022,0.1949,-2.2122,0.165,-0.113,-2.453,-0.045,-0.04,0.035,-21.955,19.243,-2.646,0.12,0.052,-0.12,0.0,0.0,0.0,0.0,1.0
247748.0,2.0434,0.1776,-2.2168,0.204,-0.149,-3.09,-0.051,-0.032,0.039,-21.937,19.228,-2.643,0.12,0.05355,-0.12,0.0,0.0,0.0,0.0,1.0
247756.0,2.0576,0.1712,-2.2248,0.049,0.027,-3.428,-0.019,-0.033,0.044,-21.92,19.212,-2.641,0.12,0.05936,-0.12,0.0,0.0,0.0,0.0,1.0
247764.0,2.0698,0.1695,-2.2353,0.064,0.138,-3.66,0.005,-0.029,0.029,-21.902,19.197,-2.639,0.12,0.06328,-0.12,0.0,0.0,0.0,0.0,1.0
247772.0,2.0767,0.1786,-2.2511,-0.071,0.584,-4.076,0.02,-0.01,0.014,-21.885,19.182,-2.637,0.12,0.08058,-0.12,0.0,0.0,0.0,0.0,1.0
247779.0,2.0826,0.1949,-2.2729,-0.447,1.327,-4.972,0.032,-0.001,0.009,-21.867,19.166,-2.635,0.12,0.1095,-0.12,0.0,0.0,0.0,0.0,1.0
247787.0,2.0874,0.2187,-2.3008,-0.802,1.95,-5.557,0.041,-0.0,-0.005,-21.85,19.151,-2.633,0.12,0.12,-0.12,0.0,0.0,0.0,0.0,1.0
247795.0,2.0887,0.2492,-2.3319,-0.782,2.563,-5.979,0.057,0.017,-0.005,-21.832,19.136,-2.631,0.12,0.12,-0.12,0.0,0.0,0.0,0.0,1.0
247802.0,2.0926,0.2773,-2.3631,-0.533,3.042,-6.707,0.046,0.021,-0.022,-21.815,19.12,-2.629,0.12,0.12,-0.12,0.0,0.0,0.0,0.0,1.0
247810.0,2.0981,0.3029,-2.3935,-0.064,2.567,-6.49,0.01,0.021,-0.025,-21.797,19.105,-2.627,0.12,0.12,-0.12,0.0,0.0,0.0,0.0,1.0
247818.0,2.104,0.3297,-2.4255,0.533,2.138,-6.658,-0.015,0.045,-0.041,-21.78,19.09,-2.624,0.12,0.12,-0.12,0.0,0.0,0.0,0.0,1.0
247826.0,2.109,0.3564,-2.4566,1.299,1.472,-6.547,-0.043,0.062,-0.046,-21.762,19.075,-2.622,0.12,0.12,-0.12,0.0,0.0,0.0,0.0,1.0
247834.0,2.1061,0.3966,-2.4928,1.645,1.041,-6.462,-0.045,0.055,-0.038,-21.745,19.059,-2.62,0.12,0.12,-0.12,0.0,0.0,0.0,0.0,1.0
247841.0,2.0959,0.4445,-2.5292,1.386,1.143,-6.622,-0.045,0.029,-0.016,-21.728,19.044,-2.618,0.12,0.12,-0.12,0.0,0.0,0.0,0.0,1.0
247849.0,2.0874,0.4925,-2.5675,1.253,1.231,-6.365,-0.03,-0.006,-0.017,-21.71,19.029,-2.616,0.12,0.12,-0.12,0.0,0.0,0.0,0.0,1.0
247857.0,2.0866,0.5395,-2.6125,1.095,1.412,-6.706,-0.016,-0.017,-0.004,-21.693,19.014,-2.614,0.12,0.12,-0.12,0.0,0.0,0.0,0.0,1.0
247864.0,2.094,0.5818,-2.661,1.258,1.021,-6.583,-0.001,-0.033,0.02,-21.676,18.999,-2.612,0.12,0.12,-0.12,0.0,0.0,0.0,0.0,1.0
247872.0,2.1141,0.6173,-2.7157,2.21,0.576,-6.773,0.009,-0.032,0.008,-21.658,18.983,-2.61,0.12,0.12,-0.12,0.0,0.0,0.0,0.0,1.0
247880.0,2.148,0.6443,-2.7759,2.887,-0.125,-6.961,0.018,-0.03,0.023,-21.641,18.968,-2.608,0.12,0.12,-0.12,0.0,0.0,0.0,0.0,1.0
247888.0,2.1864,0.6684,-2.8379,3.62,-1.04,-6.673,0.021,-0.021,0.024,-21.624,18.953,-2.606,0.12,0.12,-0.12,0.0,0.0,0.0,0.0,1.0
247896.0,2.2288,0.6876,-2.8989,4.203,-2.053,-6.138,0.031,-0.008,-0.007,-21.606,18.938,-2.604,0.12,0.12,-0.12,0.0,0.0,0.0,0.0,1.0
247903.0,2.2691,0.7071,-2.9582,4.622,-2.757,-5.641,0.031,-0.01,-0.004,-21.589,18.923,-2.602,0.12,0.10345,-0.12,0.0,0.0,0.0,0.0,1.0
247911.0,2.3102,0.7305,-3.0221,4.698,-3.045,-4.901,0.037,0.003,-0.026,-21.572,18.908,-2.599,0.12,0.09848,-0.12,0.0,0.0,0.0,0.0,1.0
247919.0,2.3439,0.7553,-3.0801,4.313,-2.944,-4.722,0.039,0.008,-0.023,-21.555,18.892,-2.597,0.12,0.10794,-0.12,0.0,0.0,0.0,0.0,1.0
247927.0,2.3826,0.7774,-3.1403,4.225,-3.053,-3.891,0.042,-0.01,-0.025,-21.537,18.877,-2.595,0.12,0.10147,-0.12,0.0,0.0,0.0,0.0,1.0
247934.0,2.4294,0.7913,-3.2006,4.183,-3.386,-3.198,0.01,0.006,-0.014,-21.52,18.862,-2.593,0.12,0.09548,-0.12,0.0,0.0,0.0,0.0,1.0
247942.0,2.4833,0.7932,-3.2563,4.46,-4.077,-2.256,-0.015,0.007,-0.017,-21.503,18.847,-2.591,0.12,0.07338,-0.12,0.0,0.0,0.0,0.0,1.0
247950.0,2.5395,0.7801,-3.2998,4.554,-4.901,-1.102,-0.035,0.025,-0.017,-21.486,18.832,-2.589,0.12,0.04794,-0.12,0.0,0.0,0.0,0.0,1.0
247957.0,2.6038,0.752,-3.3367,4.698,-5.708,-0.016,-0.07,0.027,-0.012,-21.469,18.817,-2.587,0.12,0.01741,-0.12,0.0,0.0,0.0,0.0,1.0
247965.0,2.6634,0.7181,-3.3633,4.941,-6.479,0.934,-0.06,0.045,0.009,-21.451,18.802,-2.585,0.12,-0.01194,-0.12,0.0,0.0,0.0,0.0,1.0
247973.0,2.7187,0.6793,-3.3808,4.75,-6.783,1.747,-0.042,0.032,0.005,-21.434,18.787,-2.583,0.12,-0.03199,-0.12,0.0,0.0,0.0,0.0,1.0
247981.0,2.7646,0.6351,-3.3838,4.324,-6.894,2.495,-0.008,-0.005,0.014,-21.417,18.772,-2.581,0.12,-0.05148,-0.12,0.0,0.0,0.0,0.0,1.0
247989.0,2.8101,0.5864,-3.3818,3.834,-6.79,3.2,0.015,-0.031,0.016,-21.4,18.757,-2.579,0.12,-0.06536,-0.12,0.0,0.0,0.0,0.0,1.0
247996.0,2.8536,0.5318,-3.3721,3.593,-6.855,3.823,0.034,-0.06,0.027,-21.383,18.742,-2.577,0.12,-0.08356,-0.12,0.0,0.0,0.0,0.0,1.0
248004.0,2.8991,0.4677,-3.3552,3.488,-6.893,4.389,0.058,-0.059,0.034,-21.366,18.727,-2.575,0.12,-0.10152,-0.12,0.0,0.0,0.0,0.0,1.0
248012.0,2.9409,0.3955,-3.3268,2.907,-6.872,4.843,0.052,-0.064,0.039,-21.349,18.712,-2.573,0.12,-0.11535,-0.12,0.0,0.0,0.0,0.0,1.0
248019.0,2.9825,0.3177,-3.2926,2.802,-6.868,5.367,0.045,-0.062,0.029,-21.332,18.697,-2.57,0.12,-0.12,-0.12,0.0,0.0,0.0,0.0,1.0
248027.0,3.021,0.2366,-3.252,2.342,-6.371,5.436,0.049,-0.035,0.035,-21.315,18.682,-2.568,0.12,-0.12,-0.12,0.0,0.0,0.0,0.0,1.0
248035.0,3.0564,0.1597,-3.2126,2.23,-6.393,5.676,0.025,-0.018,0.031,-21.297,18.667,-2.566,0.12,-0.12,-0.12,0.0,0.0,0.0,0.0,1.0
248043.0,3.0868,0.0797,-3.1651,2.089,-5.777,5.519,0.001,0.001,0.022,-21.28,18.652,-2.564,0.12,-0.12,-0.12,0.0,0.0,0.0,0.0,1.0
248051.0,3.1131,0.0061,-3.1197,2.126,-5.27,5.081,-0.016,0.004,0.027,-21.263,18.637,-2.562,0.12,-0.12,-0.12,0.0,0.0,0.0,0.0,1.0
248058.0,3.1287,-0.0593,-3.0716,1.942,-4.543,4.432,-0.03,0.007,0.017,-21.246,18.622,-2.56,0.12,-0.12,-0.12,0.0,0.0,0.0,0.0,1.0
248066.0,3.1344,-0.1195,-3.0187,1.493,-3.416,3.753,-0.031,0.018,0.004,-21.229,18.607,-2.558,0.12,-0.12,-0.12,0.0,0.0,0.0,0.0,1.0
248074.0,3.1323,-0.1774,-2.9602,0.731,-2.338,3.544,-0.04,0.035,-0.003,-21.213,18.592,-2.556,0.12,-0.11046,-0.12,0.0,0.0,0.0,0.0,1.0
248081.0,3.123,-0.2361,-2.8938,0.146,-1.802,3.487,-0.037,0.031,-0.013,-21.196,18.578,-2.554,0.12,-0.10793,-0.12,0.0,0.0,0.0,0.0,1.0
248089.0,3.1195,-0.2937,-2.8341,-0.721,-0.746,3.086,-0.006,0.029,-0.023,-21.179,18.563,-2.552,0.12,-0.09041,-0.12,0.0,0.0,0.0,0.0,1.0
248097.0,3.1175,-0.3522,-2.7752,-1.358,0.003,2.553,0.008,0.017,-0.024,-21.162,18.548,-2.55,0.12,-0.08089,-0.12,0.0,0.0,0.0,0.0,1.0
248105.0,3.1226,-0.4096,-2.7244,-1.64,0.689,2.042,0.025,0.005,-0.011,-21.145,18.533,-2.548,0.12,-0.07567,-0.12,0.0,0.0,0.0,0.0,1.0
248113.0,3.1354,-0.4631,-2.685,-1.792,1.162,1.404,0.017,-0.009,0.003,-21.128,18.518,-2.546,0.12,-0.0739,-0.12,0.0,0.0,0.0,0.0,1.0
248120.0,3.1545,-0.5113,-2.6573,-1.19,1.849,0.116,0.023,-0.021,0.019,-21.111,18.504,-2.544,0.12,-0.06758,-0.12,0.0,0.0,0.0,0.0,1.0
248128.0,3.1662,-0.5453,-2.6358,-1.264,2.393,-0.883,0.008,-0.026,0.016,-21.094,18.489,-2.542,0.12,-0.05633,-0.12,0.0,0.0,0.0,0.0,1.0
248136.0,3.1694,-0.5628,-2.622,-0.998,3.369,-2.229,0.006,-0.033,0.008,-21.077,18.474,-2.54,0.12,-0.034,-0.12,0.0,0.0,0.0,0.0,1.0
248143.0,3.1584,-0.5596,-2.6142,-1.532,4.529,-2.961,-0.001,-0.026,0.02,-21.06,18.459,-2.538,0.12,-0.00081,-0.12,0.0,0.0,0.0,0.0,1.0
248151.0,3.1347,-0.5368,-2.6126,-2.451,5.786,-3.511,0.001,-0.039,-0.001,-21.044,18.444,-2.536,0.12,0.03775,-0.12,0.0,0.0,0.0,0.0,1.0
248159.0,3.0977,-0.4999,-2.6115,-3.76,7.027,-4.077,0.026,-0.026,-0.003,-21.027,18.43,-2.534,0.12,0.0851,-0.12,0.0,0.0,0.0,0.0,1.0
248167.0,3.0557,-0.4459,-2.6221,-4.111,8.15,-4.849,0.025,-0.002,-0.014,-21.01,18.415,-2.532,0.12,0.12,-0.12,0.0,0.0,0.0,0.0,1.0
248175.0,3.0197,-0.3859,-2.6446,-3.977,9.083,-5.811,0.018,0.023,-0.001,-20.993,18.4,-2.53,0.12,0.12,-0.12,0.0,0.0,0.0,0.0,1.0
248182.0,2.9902,-0.3232,-2.6761,-3.35,8.878,-6.444,-0.01,0.026,0.004,-20.976,18.385,-2.528,0.12,0.12,-0.12,0.0,0.0,0.0,0.0,1.0
248190.0,2.9622,-0.2524,-2.717,-2.724,9.063,-7.466,-0.034,0.054,0.007,-20.96,18.371,-2.526,0.12,0.12,-0.12,0.0,0.0,0.0,0.0,1.0
248198.0,2.9351,-0.1795,-2.7609,-2.248,8.632,-7.723,-0.065,0.073,-0.004,-20.943,18.356,-2.524,0.12,0.12,-0.12,0.0,0.0,0.0,0.0,1.0
248206.0,2.9039,-0.0992,-2.8079,-1.767,8.703,-8.169,-0.058,0.072,-0.017,-20.926,18.342,-2.521,0.12,0.12,-0.12,0.0,0.0,0.0,0.0,1.0
248213.0,2.8627,-0.011,-2.8526,-1.806,8.713,-8.246,-0.051,0.061,-0.037,-20.909,18.327,-2.52,0.12,0.12,-0.12,0.0,0.0,0.0,0.0,1.0
248221.0,2.8229,0.0889,-2.9101,-1.819,8.889,-7.987,-0.016,0.041,-0.028,-20.893,18.312,-2.518,0.12,0.12,-0.12,0.0,0.0,0.0,0.0,1.0
248229.0,2.7875,0.1905,-2.9736,-1.828,8.78,-8.187,-0.005,0.025,-0.034,-20.876,18.298,-2.516,0.12,0.12,-0.12,0.0,0.0,0.0,0.0,1.0
248237.0,2.7593,0.2949,-3.0471,-1.646,9.003,-8.487,0.015,-0.008,-0.023,-20.859,18.283,-2.514,0.12,0.12,-0.12,0.0,0.0,0.0,0.0,1.0
248244.0,2.7422,0.3997,-3.132,-0.991,8.511,-9.072,0.015,-0.019,-0.015,-20.843,18.268,-2.512,0.12,0.12,-0.12,0.0,0.0,0.0,0.0,1.0
248252.0,2.7286,0.4992,-3.2154,-0.453,8.326,-9.003,0.02,-0.027,-0.008,-20.826,18.254,-2.51,0.12,0.12,-0.12,0.0,0.0,0.0,0.0,1.0
248260.0,2.7236,0.5937,-3.3024,-0.076,7.776,-9.041,0.021,-0.015,0.019,-20.809,18.239,-2.508,0.12,0.12,-0.12,0.0,0.0,0.0,0.0,1.0
248268.0,2.7222,0.6783,-3.3833,0.144,7.3,-8.573,0.024,-0.02,0.005,-20.793,18.225,-2.506,0.12,0.12,-0.12,0.0,0.0,0.0,0.0,1.0
248275.0,2.7227,0.7601,-3.4635,-0.056,6.799,-7.872,0.02,-0.02,-0.002,-20.776,18.21,-2.504,0.12,0.12,-0.12,0.0,0.0,0.0,0.0,1.0
248283.0,2.725,0.8357,-3.5394,-0.156,6.032,-7.005,0.011,-0.002,-0.011,-20.759,18.195,-2.502,0.12,0.12,-0.12,0.0,0.0,0.0,0.0,1.0
248291.0,2.7354,0.9072,-3.6195,-0.333,5.28,-5.865,0.014,-0.002,-0.029,-20.743,18.181,-2.5,0.12,0.12,-0.12,0.0,0.0,0.0,0.0,1.0
248299.0,2.7486,0.9767,-3.7004,-0.097,4.615,-5.33,0.007,0.01,-0.025,-20.726,18.166,-2.498,0.12,0.12,-0.12,0.0,0.0,0.0,0.0,1.0
248306.0,2.7672,1.0404,-3.7811,0.061,3.966,-4.522,-0.006,0.003,-0.012,-20.71,18.152,-2.496,0.12,0.12,-0.12,0.0,0.0,0.0,0.0,1.0
248314.0,2.7842,1.1077,-3.8636,-0.058,3.364,-4.013,-0.005,-0.001,0.004,-20.693,18.137,-2.494,0.12,0.12,-0.12,0.0,0.0,0.0,0.0,1.0
248322.0,2.7962,1.1726,-3.9388,-0.036,2.645,-3.104,-0.02,0.003,0.008,-20.677,18.123,-2.492,0.12,0.12,-0.12,0.0,0.0,0.0,0.0,1.0
248330.0,2.8055,1.2343,-4.0082,-0.612,2.268,-1.939,-0.011,-0.005,0.02,-20.66,18.108,-2.49,0.12,0.12,-0.12,0.0,0.0,0.0,0.0,1.0
248338.0,2.8055,1.2913,-4.0637,-1.331,1.819,-0.242,-0.0,-0.02,-0.01,-20.643,18.094,-2.488,0.12,0.12,-0.12,0.0,0.0,0.0,0.0,1.0
248345.0,2.8061,1.3387,-4.1104,-1.758,1.237,0.978,0.001,-0.009,-0.012,-20.627,18.079,-2.486,0.12,0.12,-0.12,0.0,0.0,0.0,0.0,1.0
248353.0,2.8083,1.3718,-4.1448,-2.218,0.705,2.077,0.01,-0.012,-0.011,-20.61,18.065,-2.484,0.12,0.12,-0.12,0.0,0.0,0.0,0.0,1.0
248361.0,2.8113,1.3927,-4.1682,-2.778,0.178,3.269,0.019,-0.019,-0.021,-20.594,18.05,-2.482,0.12,0.12,-0.12,0.0,0.0,0.0,0.0,1.0
248369.0,2.8175,1.3958,-4.1775,-2.824,-0.572,4.066,-0.003,-0.001,-0.021,-20.578,18.036,-2.48,0.12,0.12,-0.12,0.0,0.0,0.0,0.0,1.0
248376.0,2.8229,1.3909,-4.1781,-2.814,-1.408,5.21,-0.007,0.007,-0.018,-20.561,18.022,-2.478,0.12,0.12,-0.12,0.0,0.0,0.0,0.0,1.0
248384.0,2.822,1.3823,-4.1688,-2.89,-2.211,6.301,-0.026,0.028,-0.01,-20.545,18.007,-2.476,0.12,0.12,-0.12,0.0,0.0,0.0,0.0,1.0
248392.0,2.8095,1.3666,-4.141,-3.017,-2.687,7.115,-0.011,0.03,0.004,-20.528,17.993,-2.474,0.12,0.12,-0.12,0.0,0.0,0.0,0.0,1.0
248400.0,2.7838,1.3516,-4.1007,-3.365,-2.943,7.719,-0.02,0.019,0.015,-20.512,17.978,-2.472,0.12,0.12,-0.12,0.0,0.0,0.0,0.0,1.0
248407.0,2.75,1.3362,-4.0519,-3.509,-3.272,8.509,-0.009,-0.002,0.021,-20.495,17.964,-2.47,0.12,0.12,-0.12,0.0,0.0,0.0,0.0,1.0
248415.0,2.7054,1.3247,-3.9961,-4.328,-2.88,8.725,-0.004,-0.01,0.049,-20.479,17.95,-2.468,0.12,0.12,-0.12,0.0,0.0,0.0,0.0,1.0
248423.0,2.6525,1.3115,-3.9303,-4.892,-2.545,9.06,0.007,-0.026,0.045,-20.463,17.935,-2.466,0.12,0.12,-0.12,0.0,0.0,0.0,0.0,1.0
248431.0,2.5938,1.2851,-3.8459,-5.129,-2.61,9.255,0.012,-0.024,0.046,-20.446,17.921,-2.464,0.12,0.12,-0.12,0.0,0.0,0.0,0.0,1.0
248438.0,2.5351,1.2519,-3.7548,-5.365,-2.849,9.625,0.013,-0.021,0.048,-20.43,17.907,-2.462,0.12,0.12,-0.12,0.0,0.0,0.0,0.0,1.0
248446.0,2.4855,1.2092,-3.6636,-5.054,-2.905,10.005,0.029,-0.011,0.03,-20.414,17.892,-2.46,0.12,0.12,-0.12,0.0,0.0,0.0,0.0,1.0
248454.0,2.4398,1.1578,-3.568,-4.619,-3.659,9.688,-0.002,-0.003,0.02,-20.397,17.878,-2.458,0.12,0.12,-0.12,0.0,0.0,0.0,0.0,1.0
248462.0,2.3956,1.1039,-3.4712,-4.37,-3.872,9.653,-0.024,0.024,-0.004,-20.381,17.864,-2.456,0.12,0.1184,-0.12,0.0,0.0,0.0,0.0,1.0
248469.0,2.3503,1.054,-3.3773,-3.583,-4.272,9.689,-0.032,0.025,-0.007,-20.365,17.849,-2.454,0.12,0.09407,-0.12,0.0,0.0,0.0,0.0,1.0
248477.0,2.3029,1.0112,-3.2882,-3.555,-3.876,9.053,-0.028,0.02,0.001,-20.348,17.835,-2.452,0.12,0.09678,-0.12,0.0,0.0,0.0,0.0,1.0
248485.0,2.2529,0.9742,-3.2021,-3.593,-3.265,8.374,-0.023,-0.006,-0.009,-20.332,17.821,-2.45,0.12,0.10211,-0.12,0.0,0.0,0.0,0.0,1.0
248493.0,2.2005,0.9419,-3.1183,-4.094,-2.111,7.72,-0.009,-0.024,0.008,-20.316,17.807,-2.448,0.12,0.12,-0.12,0.0,0.0,0.0,0.0,1.0
248501.0,2.1532,0.9052,-3.0352,-4.101,-1.708,7.007,-0.006,-0.045,-0.008,-20.3,17.792,-2.446,0.12,0.12,-0.12,0.0,0.0,0.0,0.0,1.0
248508.0,2.1127,0.8689,-2.9594,-4.281,-0.998,6.688,0.002,-0.045,-0.018,-20.283,17.778,-2.444,0.12,0.12,-0.12,0.0,0.0,0.0,0.0,1.0
248516.0,2.0783,0.8251,-2.8823,-4.286,-0.726,6.105,0.009,-0.023,-0.013,-20.267,17.764,-2.442,0.12,0.12,-0.12,0.0,0.0,0.0,0.0,1.0
248524.0,2.0439,0.781,-2.8049,-4.178,-0.867,5.714,0.007,-0.013,-0.016,-20.251,17.75,-2.44,0.12,0.12,-0.12,0.0,0.0,0.0,0.0,1.0
248531.0,2.0147,0.7406,-2.7364,-3.756,-0.828,4.725,0.024,0.013,-0.001,-20.235,17.736,-2.438,0.12,0.12,-0.12,0.0,0.0,0.0,0.0,1.0
248539.0,1.9805,0.7076,-2.67,-3.707,-0.597,4.445,0.024,0.018,0.006,-20.219,17.721,-2.436,0.12,0.12,-0.12,0.0,0.0,0.0,0.0,1.0
248547.0,1.9412,0.6861,-2.6098,-3.999,-0.234,3.951,0.028,0.033,0.005,-20.202,17.707,-2.434,0.12,0.12,-0.12,0.0,0.0,0.0,0.0,1.0
248555.0,1.8986,0.6733,-2.5547,-4.193,0.796,3.432,0.027,0.023,0.006,-20.186,17.693,-2.432,0.12,0.12,-0.12,0.0,0.0,0.0,0.0,1.0
248563.0,1.8534,0.6705,-2.5068,-4.664,1.527,2.96,0.015,0.003,0.008,-20.17,17.679,-2.43,0.12,0.12,-0.12,0.0,0.0,0.0,0.0,1.0
248570.0,1.8108,0.6735,-2.4671,-5.049,2.096,2.67,0.033,-0.032,0.014,-20.154,17.665,-2.428,0.12,0.12,-0.12,0.0,0.0,0.0,0.0,1.0
248578.0,1.7718,0.6792,-2.4336,-4.709,2.352,2.497,0.008,-0.026,0.011,-20.138,17.651,-2.426,0.12,0.12,-0.12,0.0,0.0,0.0,0.0,1.0
248585.0,1.7434,0.6832,-2.4091,-4.479,2.302,2.105,-0.025,-0.008,0.01,-20.122,17.637,-2.425,0.12,0.12,-0.12,0.0,0.0,0.0,0.0,1.0
248593.0,1.7146,0.6883,-2.3853,-3.767,1.676,1.913,-0.048,0.017,0.004,-20.106,17.622,-2.423,0.12,0.12,-0.12,0.0,0.0,0.0,0.0,1.0
248601.0,1.6848,0.7018,-2.3686,-3.225,1.333,1.398,-0.08,0.041,0.01,-20.09,17.608,-2.421,0.12,0.12,-0.12,0.0,0.0,0.0,0.0,1.0
248609.0,1.6532,0.7218,-2.3566,-3.077,1.26,1.323,-0.09,0.045,0.005,-20.074,17.594,-2.419,0.12,0.12,-0.12,0.0,0.0,0.0,0.0,1.0
248617.0,1.6126,0.7542,-2.3474,-3.129,1.417,1.218,-0.057,0.043,-0.014,-20.058,17.58,-2.417,0.12,0.12,-0.12,0.0,0.0,0.0,0.0,1.0
248625.0,1.5648,0.7931,-2.3376,-3.589,2.291,1.226,-0.037,0.03,-0.016,-20.042,17.566,-2.415,0.12,0.12,-0.12,0.0,0.0,0.0,0.0,1.0
248633.0,1.5208,0.8328,-2.3322,-4.386,2.536,1.037,-0.005,0.003,-0.045,-20.026,17.552,-2.413,0.12,0.12,-0.12,0.0,0.0,0.0,0.0,1.0
248641.0,1.48,0.8721,-2.3297,-4.466,3.029,0.836,0.025,-0.01,-0.039,-20.01,17.538,-2.411,0.12,0.12,-0.12,0.0,0.0,0.0,0.0,1.0
248648.0,1.4546,0.8924,-2.324,-4.181,2.766,0.919,0.058,-0.029,-0.047,-19.994,17.524,-2.409,0.12,0.12,-0.12,0.0,0.0,0.0,0.0,1.0
248656.0,1.4368,0.9098,-2.3232,-3.872,2.358,0.597,0.06,-0.024,-0.034,-19.978,17.51,-2.407,0.12,0.12,-0.12,0.0,0.0,0.0,0.0,1.0
248664.0,1.4202,0.9167,-2.3133,-3.352,1.814,0.831,0.04,-0.019,-0.032,-19.962,17.496,-2.405,0.12,0.12,-0.12,0.0,0.0,0.0,0.0,1.0
248671.0,1.4031,0.9254,-2.3046,-3.251,1.332,1.213,0.03,-0.007,-0.022,-19.946,17.482,-2.403,0.12,0.12,-0.12,0.0,0.0,0.0,0.0,1.0
248679.0,1.3802,0.9385,-2.2944,-3.457,0.845,1.588,0.019,0.006,-0.014,-19.93,17.468,-2.402,0.12,0.12,-0.12,0.0,0.0,0.0,0.0,1.0
248687.0,1.3498,0.9569,-2.282,-3.899,0.881,2.312,0.014,0.002,-0.001,-19.914,17.454,-2.4,0.12,0.12,-0.12,0.0,0.0,0.0,0.0,1.0
248694.0,1.3182,0.9785,-2.2714,-4.448,1.329,2.413,0.014,0.007,0.003,-19.898,17.44,-2.398,0.12,0.12,-0.12,0.0,0.0,0.0,0.0,1.0
248702.0,1.2868,1.0076,-2.2683,-5.116,1.473,2.725,0.003,0.006,0.013,-19.882,17.426,-2.396,0.12,0.12,-0.12,0.0,0.0,0.0,0.0,1.0
248709.0,1.2572,1.0339,-2.2643,-5.897,2.158,2.716,-0.004,-0.012,0.037,-19.866,17.412,-2.394,0.11689,0.12,-0.12,0.0,0.0,0.0,0.0,1.0
248717.0,1.2314,1.0605,-2.2644,-6.115,2.077,2.804,-0.012,-0.026,0.06,-19.85,17.398,-2.392,0.10647,0.12,-0.12,0.0,0.0,0.0,0.0,1.0
248725.0,1.2088,1.0762,-2.2571,-5.971,1.916,3.244,-0.019,-0.013,0.055,-19.834,17.384,-2.39,0.10071,0.12,-0.12,0.0,0.0,0.0,0.0,1.0
248733.0,1.1822,1.0898,-2.2438,-5.769,1.255,3.703,-0.038,-0.0,0.044,-19.818,17.371,-2.388,0.09787,0.12,-0.12,0.0,0.0,0.0,0.0,1.0
248741.0,1.1542,1.096,-2.2218,-5.952,1.035,4.001,-0.044,-0.007,0.038,-19.803,17.357,-2.386,0.08768,0.12,-0.12,0.0,0.0,0.0,0.0,1.0
248749.0,1.1191,1.1066,-2.197,-6.05,1.171,3.963,-0.028,-0.01,0.018,-19.787,17.343,-2.384,0.0797,0.12,-0.12,0.0,0.0,0.0,0.0,1.0
248756.0,1.0737,1.1179,-2.1627,-6.457,1.759,4.206,-0.018,0.008,-0.006,-19.771,17.329,-2.382,0.05762,0.12,-0.12,0.0,0.0,0.0,0.0,1.0
248764.0,1.0176,1.1335,-2.1217,-7.296,2.398,3.983,0.009,-0.009,-0.021,-19.755,17.315,-2.38,0.03278,0.12,-0.12,0.0,0.0,0.0,0.0,1.0
248772.0,0.9585,1.1483,-2.077,-8.05,2.917,3.9,0.031,-0.025,-0.034,-19.739,17.301,-2.378,0.00724,0.12,-0.12,0.0,0.0,0.0,0.0,1.0
248779.0,0.8958,1.1597,-2.0254,-8.719,3.445,3.829,0.033,-0.021,-0.038,-19.724,17.287,-2.377,-0.02068,0.12,-0.12,0.0,0.0,0.0,0.0,1.0
248787.0,0.8377,1.1685,-1.9759,-8.633,3.496,3.798,0.04,-0.01,-0.046,-19.708,17.274,-2.375,-0.03074,0.12,-0.12,0.0,0.0,0.0,0.0,1.0
248795.0,0.7868,1.1695,-1.9259,-8.198,3.242,3.723,0.024,-0.002,-0.039,-19.692,17.26,-2.373,-0.03276,0.12,-0.12,0.0,0.0,0.0,0.0,1.0
248803.0,0.7294,1.1714,-1.8704,-7.882,2.701,3.102,0.007,0.013,-0.024,-19.676,17.246,-2.371,-0.03155,0.12,-0.12,0.0,0.0,0.0,0.0,1.0
248811.0,0.6726,1.1788,-1.8207,-7.428,2.63,3.035,-0.019,0.02,-0.003,-19.66,17.232,-2.369,-0.03854,0.12,-0.12,0.0,0.0,0.0,0.0,1.0
248819.0,0.6032,1.1967,-1.7688,-7.55,3.014,2.561,-0.022,0.01,0.013,-19.645,17.218,-2.367,-0.05423,0.12,-0.12,0.0,0.0,0.0,0.0,1.0
248826.0,0.5276,1.2285,-1.7242,-8.327,3.655,2.169,-0.043,0.0,0.024,-19.629,17.205,-2.365,-0.08718,0.12,-0.12,0.0,0.0,0.0,0.0,1.0
248834.0,0.4487,1.2698,-1.6854,-9.048,4.685,1.647,-0.027,-0.025,0.04,-19.613,17.191,-2.363,-0.118,0.12,-0.12,0.0,0.0,0.0,0.0,1.0
248842.0,0.3724,1.3183,-1.6564,-9.689,5.614,0.937,-0.006,-0.039,0.05,-19.598,17.177,-2.361,-0.12,0.12,-0.12,0.0,0.0,0.0,0.0,1.0
248849.0,0.2997,1.363,-1.6272,-9.839,6.076,0.625,0.01,-0.06,0.053,-19.582,17.163,-2.36,-0.12,0.12,-0.12,0.0,0.0,0.0,0.0,1.0
248857.0,0.2353,1.4019,-1.6006,-9.589,6.165,0.286,0.023,-0.036,0.055,-19.566,17.15,-2.358,-0.12,0.12,-0.12,0.0,0.0,0.0,0.0,1.0
248865.0,0.1818,1.439,-1.5833,-9.252,5.936,-0.457,0.005,-0.014,0.039,-19.551,17.136,-2.356,-0.12,0.12,-0.12,0.0,0.0,0.0,0.0,1.0
248873.0,0.131,1.4731,-1.5656,-8.594,5.307,-0.909,-0.004,0.005,0.014,-19.535,17.122,-2.354,-0.12,0.12,-0.12,0.0,0.0,0.0,0.0,1.0
248880.0,0.0805,1.5098,-1.5509,-7.961,4.999,-1.128,-0.013,0.042,-0.003,-19.519,17.108,-2.352,-0.12,0.12,-0.12,0.0,0.0,0.0,0.0,1.0
248888.0,0.0201,1.559,-1.5384,-7.727,5.02,-1.278,-0.021,0.05,-0.032,-19.504,17.095,-2.35,-0.12,0.12,-0.12,0.0,0.0,0.0,0.0,1.0
248896.0,-0.0491,1.6246,-1.5331,-8.155,5.186,-1.545,-0.004,0.041,-0.038,-19.488,17.081,-2.348,-0.12,0.12,-0.12,0.0,0.0,0.0,0.0,1.0
248904.0,-0.1251,1.7023,-1.5327,-8.571,5.794,-1.63,0.004,0.033,-0.055,-19.473,17.068,-2.346,-0.12,0.12,-0.12,0.0,0.0,0.0,0.0,1.0
248911.0,-0.2052,1.7878,-1.5359,-8.944,6.092,-1.768,0.026,0.007,-0.06,-19.457,17.054,-2.345,-0.12,0.12,-0.12,0.0,0.0,0.0,0.0,1.0
248919.0,-0.2798,1.8726,-1.5438,-8.911,6.389,-1.992,0.017,-0.025,-0.053,-19.442,17.04,-2.343,-0.12,0.12,-0.12,0.0,0.0,0.0,0.0,1.0
248927.0,-0.3464,1.9552,-1.5577,-8.441,5.935,-2.536,0.004,-0.011,-0.025,-19.426,17.027,-2.341,-0.12,0.12,-0.12,0.0,0.0,0.0,0.0,1.0
248935.0,-0.4096,2.0311,-1.5683,-7.786,5.355,-3.033,0.008,-0.012,0.0,-19.41,17.013,-2.339,-0.12,0.12,-0.12,0.0,0.0,0.0,0.0,1.0
248942.0,-0.4672,2.1014,-1.5793,-6.812,4.332,-3.196,-0.008,0.0,0.004,-19.395,16.999,-2.337,-0.12,0.12,-0.12,0.0,0.0,0.0,0.0,1.0
248950.0,-0.5233,2.1609,-1.5811,-6.258,3.283,-3.124,-0.013,0.028,0.031,-19.379,16.986,-2.335,-0.12,0.12,-0.12,0.0,0.0,0.0,0.0,1.0
248958.0,-0.5815,2.2213,-1.5818,-5.512,2.066,-3.394,-0.027,0.031,0.039,-19.364,16.972,-2.333,-0.12,0.12,-0.12,0.0,0.0,0.0,0.0,1.0
248966.0,-0.6357,2.2754,-1.5801,-4.42,0.96,-3.38,-0.029,0.035,0.032,-19.349,16.959,-2.331,-0.12,0.12,-0.12,0.0,0.0,0.0,0.0,1.0
248974.0,-0.6897,2.3347,-1.5839,-3.74,0.003,-3.737,-0.026,0.036,0.038,-19.333,16.945,-2.33,-0.12,0.12,-0.12,0.0,0.0,0.0,0.0,1.0
248981.0,-0.7449,2.392,-1.5845,-3.133,-0.653,-3.793,-0.02,0.024,0.029,-19.318,16.932,-2.328,-0.12,0.12,-0.12,0.0,0.0,0.0,0.0,1.0
248989.0,-0.7985,2.4509,-1.5883,-2.911,-0.91,-3.97,-0.0,0.019,0.033,-19.302,16.918,-2.326,-0.12,0.12,-0.12,0.0,0.0,0.0,0.0,1.0
248997.0,-0.8426,2.5063,-1.598,-2.659,-1.158,-4.396,0.005,-0.04,0.025,-19.287,16.905,-2.324,-0.12,0.12,-0.12,0.0,0.0,0.0,0.0,1.0
249004.0,-0.8762,2.5615,-1.6182,-2.648,-1.256,-4.415,0.026,-0.055,0.004,-19.271,16.891,-2.322,-0.12,0.12,-0.12,0.0,0.0,0.0,0.0,1.0
249012.0,-0.8926,2.5981,-1.6375,-2.109,-1.984,-4.543,0.03,-0.054,-0.008,-19.256,16.878,-2.32,-0.12,0.12,-0.12,0.0,0.0,0.0,0.0,1.0
249020.0,-0.8838,2.6167,-1.6644,-1.318,-2.752,-4.883,0.03,-0.051,-0.021,-19.24,16.864,-2.318,-0.12,0.12,-0.12,0.0,0.0,0.0,0.0,1.0
249028.0,-0.8602,2.6211,-1.6923,-0.511,-3.754,-5.111,0.004,-0.036,-0.036,-19.225,16.85,-2.317,-0.10042,0.12,-0.12,0.0,0.0,0.0,0.0,1.0
249036.0,-0.8263,2.6158,-1.721,0.502,-4.829,-5.154,-0.008,0.01,-0.047,-19.21,16.837,-2.315,-0.0687,0.12,-0.12,0.0,0.0,0.0,0.0,1.0
249043.0,-0.7877,2.6026,-1.7468,0.987,-5.277,-5.085,-0.02,0.021,-0.046,-19.194,16.824,-2.313,-0.05126,0.12,-0.12,0.0,0.0,0.0,0.0,1.0
249051.0,-0.7519,2.5884,-1.7688,1.067,-5.551,-5.102,-0.022,0.031,-0.044,-19.179,16.81,-2.311,-0.04036,0.12,-0.12,0.0,0.0,0.0,0.0,1.0
249059.0,-0.7199,2.5705,-1.7833,1.251,-5.935,-4.797,-0.033,0.04,-0.049,-19.164,16.797,-2.309,-0.03146,0.12,-0.12,0.0,0.0,0.0,0.0,1.0
249066.0,-0.6909,2.5496,-1.792,0.753,-5.772,-4.461,-0.018,0.025,-0.044,-19.148,16.783,-2.307,-0.03661,0.12,-0.12,0.0,0.0,0.0,0.0,1.0
249074.0,-0.6598,2.5246,-1.7988,0.519,-5.88,-4.224,0.006,0.008,-0.03,-19.133,16.77,-2.306,-0.0317,0.12,-0.12,0.0,0.0,0.0,0.0,1.0
249082.0,-0.624,2.495,-1.8057,0.435,-6.194,-3.933,0.023,-0.002,0.002,-19.118,16.756,-2.304,-0.02345,0.12,-0.12,0.0,0.0,0.0,0.0,1.0
249090.0,-0.5808,2.4551,-1.81,0.657,-6.415,-3.722,0.034,-0.02,0.017,-19.103,16.743,-2.302,-0.00954,0.12,-0.12,0.0,0.0,0.0,0.0,1.0
249098.0,-0.5347,2.4114,-1.8136,1.122,-7.133,-3.575,0.033,-0.017,0.017,-19.087,16.73,-2.3,0.01247,0.12,-0.12,0.0,0.0,0.0,0.0,1.0
249105.0,-0.4876,2.3712,-1.8216,1.607,-8.013,-3.075,0.028,-0.032,0.015,-19.072,16.716,-2.298,0.03286,0.12,-0.12,0.0,0.0,0.0,0.0,1.0
249113.0,-0.4409,2.3338,-1.8319,2.092,-8.719,-2.748,0.014,-0.022,0.027,-19.057,16.703,-2.296,0.05177,0.12,-0.12,0.0,0.0,0.0,0.0,1.0
249121.0,-0.3977,2.3068,-1.8488,2.269,-8.713,-2.401,0.014,-0.028,0.024,-19.041,16.69,-2.295,0.06037,0.12,-0.12,0.0,0.0,0.0,0.0,1.0
249128.0,-0.3651,2.2895,-1.8645,2.076,-8.238,-2.365,0.009,-0.029,0.028,-19.026,16.676,-2.293,0.05865,0.12,-0.12,0.0,0.0,0.0,0.0,1.0
249136.0,-0.3363,2.2782,-1.8824,1.263,-7.215,-2.47,0.012,-0.024,0.033,-19.011,16.663,-2.291,0.04327,0.12,-0.12,0.0,0.0,0.0,0.0,1.0
249144.0,-0.3093,2.2655,-1.897,1.02,-6.975,-2.149,0.015,-0.027,0.01,-18.996,16.649,-2.289,0.04029,0.12,-0.12,0.0,0.0,0.0,0.0,1.0
249152.0,-0.2754,2.2381,-1.9042,0.927,-6.898,-1.815,0.007,-0.011,-0.0,-18.981,16.636,-2.287,0.04077,0.12,-0.12,0.0,0.0,0.0,0.0,1.0
249160.0,-0.2312,2.1956,-1.9071,0.93,-7.158,-1.558,-0.021,0.03,-0.009,-18.965,16.623,-2.285,0.04509,0.12,-0.12,0.0,0.0,0.0,0.0,1.0
249168.0,-0.1811,2.1377,-1.9008,1.387,-7.574,-1.282,-0.02,0.046,-0.033,-18.95,16.61,-2.283,0.06434,0.12,-0.12,0.0,0.0,0.0,0.0,1.0
249175.0,-0.1243,2.0697,-1.8914,1.646,-7.977,-0.82,-0.029,0.064,-0.03,-18.935,16.596,-2.282,0.07832,0.12,-0.12,0.0,0.0,0.0,0.0,1.0
249183.0,-0.0675,1.9932,-1.8737,1.875,-8.218,-0.28,-0.026,0.056,-0.038,-18.92,16.583,-2.28,0.09134,0.12,-0.12,0.0,0.0,0.0,0.0,1.0
249191.0,-0.0145,1.9197,-1.8551,1.77,-8.301,0.331,-0.028,0.042,-0.04,-18.905,16.57,-2.278,0.0953,0.12,-0.12,0.0,0.0,0.0,0.0,1.0
249199.0,0.0283,1.8502,-1.8302,1.081,-7.67,0.707,-0.001,-0.009,-0.045,-18.89,16.557,-2.276,0.0876,0.12,-0.12,0.0,0.0,0.0,0.0,1.0
249207.0,0.0672,1.79,-1.8105,0.74,-7.256,0.95,0.016,-0.016,-0.023,-18.875,16.543,-2.275,0.08647,0.12,-0.12,0.0,0.0,0.0,0.0,1.0
249214.0,0.104,1.7316,-1.7904,0.45,-6.565,0.867,0.042,-0.064,-0.008,-18.86,16.53,-2.273,0.08715,0.12,-0.12,0.0,0.0,0.0,0.0,1.0
249222.0,0.1358,1.6783,-1.7703,0.039,-6.048,0.867,0.048,-0.055,0.028,-18.844,16.517,-2.271,0.08231,0.12,-0.12,0.0,0.0,0.0,0.0,1.0
249230.0,0.1683,1.6261,-1.752,0.097,-5.532,0.609,0.056,-0.048,0.043,-18.829,16.504,-2.269,0.08819,0.12,-0.12,0.0,0.0,0.0,0.0,1.0
249238.0,0.1942,1.5754,-1.7285,0.131,-5.128,1.016,0.04,-0.033,0.051,-18.814,16.49,-2.267,0.08555,0.12,-0.12,0.0,0.0,0.0,0.0,1.0
249245.0,0.2137,1.5276,-1.7015,0.054,-4.942,1.12,0.011,-0.018,0.05,-18.799,16.477,-2.265,0.08192,0.12,-0.12,0.0,0.0,0.0,0.0,1.0
249253.0,0.2288,1.4836,-1.6737,0.181,-4.484,1.063,0.002,-0.001,0.047,-18.784,16.464,-2.263,0.08225,0.12,-0.12,0.0,0.0,0.0,0.0,1.0
249261.0,0.2409,1.4404,-1.6437,0.202,-4.563,1.332,-0.037,0.016,0.034,-18.769,16.451,-2.262,0.07777,0.12,-0.12,0.0,0.0,0.0,0.0,1.0
249269.0,0.2442,1.4082,-1.6157,-0.141,-3.889,1.318,-0.056,0.018,0.024,-18.754,16.438,-2.26,0.06551,0.12,-0.12,0.0,0.0,0.0,0.0,1.0
249277.0,0.2497,1.3789,-1.5926,-0.255,-3.435,1.084,-0.056,0.024,0.008,-18.739,16.425,-2.258,0.06296,0.12,-0.12,0.0,0.0,0.0,0.0,1.0
249284.0,0.2534,1.35,-1.5682,-0.229,-2.84,0.991,-0.061,0.043,0.0,-18.724,16.411,-2.256,0.05953,0.12,-0.12,0.0,0.0,0.0,0.0,1.0
249292.0,0.2531,1.3308,-1.5492,-0.074,-2.371,0.684,-0.049,0.024,-0.024,-18.709,16.398,-2.254,0.06184,0.12,-0.12,0.0,0.0,0.0,0.0,1.0
249300.0,0.2564,1.31,-1.5323,-0.209,-1.926,0.268,-0.035,0.026,-0.04,-18.694,16.385,-2.253,0.06148,0.12,-0.12,0.0,0.0,0.0,0.0,1.0
249307.0,0.2608,1.2876,-1.5148,0.466,-1.742,-0.062,-0.02,0.027,-0.041,-18.679,16.372,-2.251,0.07699,0.12,-0.12,0.0,0.0,0.0,0.0,1.0
249315.0,0.2658,1.2624,-1.4953,0.885,-1.891,-0.121,0.009,0.017,-0.039,-18.665,16.359,-2.249,0.09145,0.12,-0.12,0.0,0.0,0.0,0.0,1.0
249323.0,0.2692,1.2369,-1.4739,1.353,-1.763,-0.506,0.006,0.006,-0.04,-18.65,16.346,-2.247,0.10216,0.12,-0.12,0.0,0.0,0.0,0.0,1.0
249331.0,0.2705,1.2143,-1.4531,2.09,-1.922,-0.661,0.008,-0.001,-0.021,-18.635,16.333,-2.246,0.11786,0.12,-0.12,0.0,0.0,0.0,0.0,1.0
249339.0,0.2694,1.1931,-1.4314,2.286,-2.152,-0.628,0.003,-0.004,-0.018,-18.62,16.32,-2.244,0.12,0.12,-0.12,0.0,0.0,0.0,0.0,1.0
249346.0,0.2629,1.1826,-1.4146,2.134,-1.861,-0.767,0.019,-0.024,0.017,-18.605,16.307,-2.242,0.11897,0.12,-0.12,0.0,0.0,0.0,0.0,1.0
249354.0,0.2595,1.1753,-1.4041,2.167,-1.739,-0.816,0.017,-0.017,0.014,-18.59,16.294,-2.24,0.11786,0.12,-0.12,0.0,0.0,0.0,0.0,1.0
249362.0,0.2615,1.1748,-1.4056,2.285,-1.132,-1.331,0.039,-0.045,0.034,-18.575,16.281,-2.238,0.12,0.12,-0.12,0.0,0.0,0.0,0.0,1.0
249370.0,0.2716,1.1734,-1.4144,2.334,-0.94,-1.571,0.029,-0.053,0.045,-18.56,16.268,-2.236,0.12,0.12,-0.12,0.0,0.0,0.0,0.0,1.0
249377.0,0.2947,1.1699,-1.4342,2.683,-1.028,-1.832,0.005,-0.027,0.034,-18.545,16.255,-2.235,0.12,0.12,-0.12,0.0,0.0,0.0,0.0,1.0
249385.0,0.3248,1.1658,-1.4602,3.367,-1.488,-1.95,-0.007,0.004,0.025,-18.531,16.242,-2.233,0.12,0.12,-0.12,0.0,0.0,0.0,0.0,1.0
249393.0,0.3628,1.1601,-1.4926,3.972,-1.976,-1.75,-0.031,0.032,0.01,-18.516,16.229,-2.231,0.12,0.12,-0.12,0.0,0.0,0.0,0.0,1.0
249400.0,0.3988,1.1526,-1.5213,4.67,-2.539,-1.885,-0.029,0.059,-0.015,-18.501,16.216,-2.229,0.12,0.12,-0.12,0.0,0.0,0.0,0.0,1.0
249408.0,0.4301,1.1538,-1.5539,4.476,-2.065,-1.848,-0.027,0.042,-0.031,-18.486,16.203,-2.228,0.12,0.12,-0.12,0.0,0.0,0.0,0.0,1.0
249416.0,0.4608,1.1566,-1.5872,4.447,-1.77,-1.902,-0.012,0.039,-0.036,-18.471,16.19,-2.226,0.12,0.12,-0.12,0.0,0.0,0.0,0.0,1.0
249424.0,0.4898,1.1542,-1.614,3.948,-1.346,-1.827,0.009,0.022,-0.044,-18.457,16.177,-2.224,0.12,0.12,-0.12,0.0,0.0,0.0,0.0,1.0
249432.0,0.516,1.1485,-1.6347,3.699,-1.307,-1.617,0.01,0.013,-0.041,-18.442,16.164,-2.222,0.12,0.12,-0.12,0.0,0.0,0.0,0.0,1.0
249440.0,0.5509,1.1307,-1.6522,4.098,-1.852,-1.471,0.025,0.015,-0.038,-18.427,16.151,-2.221,0.12,0.12,-0.12,0.0,0.0,0.0,0.0,1.0
249447.0,0.5905,1.101,-1.6629,4.732,-2.635,-1.217,0.037,0.009,-0.03,-18.412,16.138,-2.219,0.12,0.12,-0.12,0.0,0.0,0.0,0.0,1.0
249455.0,0.6318,1.0622,-1.6664,5.451,-3.451,-0.908,0.007,0.017,0.003,-18.398,16.125,-2.217,0.12,0.12,-0.12,0.0,0.0,0.0,0.0,1.0
249463.0,0.6748,1.0222,-1.6705,6.134,-4.128,-0.808,0.006,-0.003,0.011,-18.383,16.112,-2.215,0.12,0.0922,-0.12,0.0,0.0,0.0,0.0,1.0
249470.0,0.7089,0.9955,-1.6786,6.203,-4.186,-0.608,0.002,-0.006,0.023,-18.368,16.1,-2.213,0.12,0.08274,-0.12,0.0,0.0,0.0,0.0,1.0
249478.0,0.7373,0.973,-1.685,5.981,-4.353,-0.431,0.008,-0.025,0.036,-18.354,16.087,-2.212,0.12,0.07257,-0.12,0.0,0.0,0.0,0.0,1.0
249486.0,0.7646,0.9585,-1.6982,5.801,-4.068,-0.323,0.023,-0.042,0.055,-18.339,16.074,-2.21,0.12,0.07341,-0.12,0.0,0.0,0.0,0.0,1.0
249494.0,0.7913,0.9486,-1.7152,5.55,-3.941,-0.2,0.016,-0.05,0.053,-18.324,16.061,-2.208,0.12,0.07411,-0.12,0.0,0.0,0.0,0.0,1.0
249501.0,0.8296,0.9319,-1.7374,6.04,-3.886,-0.321,0.014,-0.027,0.064,-18.31,16.048,-2.206,0.12,0.0708,-0.12,0.0,0.0,0.0,0.0,1.0
249510.0,0.8771,0.9068,-1.7605,6.304,-4.026,-0.551,0.003,-0.018,0.045,-18.295,16.035,-2.204,0.12,0.06405,-0.12,0.0,0.0,0.0,0.0,1.0
249517.0,0.9278,0.8798,-1.7848,7.081,-4.648,-0.917,-0.028,0.019,0.031,-18.28,16.022,-2.203,0.12,0.04964,-0.12,0.0,0.0,0.0,0.0,1.0
249525.0,0.9847,0.8408,-1.8037,8.061,-4.887,-0.812,-0.027,0.045,0.022,-18.266,16.01,-2.201,0.12,0.031,-0.12,0.0,0.0,0.0,0.0,1.0
249533.0,1.0383,0.7962,-1.814,8.565,-5.196,-0.69,-0.043,0.058,-0.001,-18.251,15.997,-2.199,0.12,0.01185,-0.12,0.0,0.0,0.0,0.0,1.0
249540.0,1.0872,0.7476,-1.8155,8.698,-5.34,-0.574,-0.031,0.058,-0.031,-18.237,15.984,-2.197,0.12,-0.00291,-0.12,0.0,0.0,0.0,0.0,1.0
249548.0,1.1356,0.6988,-1.8164,8.981,-5.688,-0.403,-0.016,0.049,-0.041,-18.222,15.971,-2.196,0.12,-0.02378,-0.12,0.0,0.0,0.0,0.0,1.0
249556.0,1.1785,0.6494,-1.8112,8.58,-5.705,0.014,0.002,0.034,-0.05,-18.207,15.959,-2.194,0.12,-0.0359,-0.12,0.0,0.0,0.0,0.0,1.0
249564.0,1.2285,0.5923,-1.8056,8.755,-5.658,0.321,0.012,0.0,-0.054,-18.193,15.946,-2.192,0.12,-0.05576,-0.12,0.0,0.0,0.0,0.0,1.0
249571.0,1.2842,0.5397,-1.8101,8.96,-5.775,0.55,0.023,-0.033,-0.05,-18.178,15.933,-2.19,0.12,-0.07735,-0.12,0.0,0.0,0.0,0.0,1.0
249579.0,1.3528,0.478,-1.8186,9.515,-6.109,0.647,0.038,-0.051,-0.041,-18.164,15.92,-2.189,0.12,-0.10341,-0.12,0.0,0.0,0.0,0.0,1.0
249587.0,1.4244,0.416,-1.8299,9.95,-6.446,0.655,0.036,-0.054,-0.012,-18.149,15.908,-2.187,0.12,-0.12,-0.12,0.0,0.0,0.0,0.0,1.0
249595.0,1.5012,0.3502,-1.8426,10.499,-6.807,0.467,0.019,-0.042,0.013,-18.135,15.895,-2.185,0.12,-0.12,-0.12,0.0,0.0,0.0,0.0,1.0
249602.0,1.5825,0.2866,-1.862,10.905,-6.937,0.508,0.025,-0.028,0.026,-18.12,15.882,-2.184,0.12,-0.12,-0.12,0.0,0.0,0.0,0.0,1.0
249610.0,1.6624,0.2247,-1.8816,10.885,-6.859,0.238,0.031,-0.017,0.042,-18.106,15.869,-2.182,0.12,-0.12,-0.12,0.0,0.0,0.0,0.0,1.0
249618.0,1.7377,0.1639,-1.8977,10.628,-6.562,0.621,0.014,-0.024,0.039,-18.091,15.857,-2.18,0.12,-0.12,-0.12,0.0,0.0,0.0,0.0,1.0
249625.0,1.81,0.1047,-1.9123,10.002,-6.142,1.039,0.012,-0.02,0.061,-18.077,15.844,-2.178,0.12,-0.12,-0.12,0.0,0.0,0.0,0.0,1.0
249633.0,1.883,0.0408,-1.9231,9.916,-5.739,1.356,0.008,-0.007,0.058,-18.062,15.831,-2.176,0.12,-0.12,-0.12,0.0,0.0,0.0,0.0,1.0
249641.0,1.9605,-0.0285,-1.9331,9.604,-5.401,1.436,-0.002,-0.008,0.027,-18.048,15.819,-2.175,0.12,-0.12,-0.12,0.0,0.0,0.0,0.0,1.0
249649.0,2.0462,-0.1039,-1.9454,9.833,-5.468,1.802,-0.031,0.019,0.03,-18.033,15.806,-2.173,0.12,-0.12,-0.12,0.0,0.0,0.0,0.0,1.0
249656.0,2.1338,-0.1823,-1.9567,9.943,-5.278,1.82,-0.024,0.027,-0.001,-18.019,15.793,-2.171,0.12,-0.12,-0.12,0.0,0.0,0.0,0.0,1.0
249664.0,2.2194,-0.2654,-1.9614,9.682,-4.924,1.832,-0.034,0.028,-0.004,-18.005,15.781,-2.169,0.12,-0.12,-0.12,0.0,0.0,0.0,0.0,1.0
249672.0,2.302,-0.345,-1.9665,9.762,-4.658,2.015,-0.035,0.02,-0.028,-17.99,15.768,-2.168,0.12,-0.12,-0.12,0.0,0.0,0.0,0.0,1.0
249680.0,2.3751,-0.4197,-1.9669,9.173,-4.292,2.556,-0.004,0.013,-0.052,-17.976,15.756,-2.166,0.12,-0.12,-0.12,0.0,0.0,0.0,0.0,1.0
249688.0,2.4482,-0.4966,-1.9651,8.663,-3.9,2.779,0.011,0.016,-0.048,-17.961,15.743,-2.164,0.12,-0.12,-0.12,0.0,0.0,0.0,0.0,1.0
249695.0,2.519,-0.5692,-1.9652,8.124,-3.301,3.036,0.027,0.001,-0.056,-17.947,15.73,-2.163,0.12,-0.12,-0.12,0.0,0.0,0.0,0.0,1.0
249703.0,2.583,-0.6357,-1.9644,7.834,-2.826,3.168,0.035,0.004,-0.04,-17.933,15.718,-2.161,0.12,-0.12,-0.12,0.0,0.0,0.0,0.0,1.0
249711.0,2.6466,-0.7001,-1.9654,7.474,-2.422,3.229,0.035,-0.014,-0.023,-17.918,15.705,-2.159,0.12,-0.12,-0.12,0.0,0.0,0.0,0.0,1.0
249718.0,2.7062,-0.7576,-1.969,6.93,-1.589,2.942,0.035,-0.036,-0.019,-17.904,15.693,-2.157,0.12,-0.12,-0.12,0.0,0.0,0.0,0.0,1.0
249726.0,2.7601,-0.8133,-1.9687,6.214,-1.08,2.936,0.047,-0.04,0.01,-17.89,15.68,-2.156,0.12,-0.12,-0.12,0.0,0.0,0.0,0.0,1.0
249734.0,2.8091,-0.8675,-1.9649,5.846,-0.331,3.084,0.034,-0.029,0.035,-17.875,15.668,-2.154,0.12,-0.12,-0.12,0.0,0.0,0.0,0.0,1.0
249742.0,2.8527,-0.9145,-1.9627,5.394,-0.178,3.067,0.036,-0.012,0.035,-17.861,15.655,-2.152,0.12,-0.12,-0.12,0.0,0.0,0.0,0.0,1.0
249749.0,2.886,-0.9573,-1.9542,4.67,0.331,3.493,0.006,-0.006,0.051,-17.847,15.642,-2.151,0.12,-0.12,-0.12,0.0,0.0,0.0,0.0,1.0
249757.0,2.9174,-0.9964,-1.9477,4.499,0.895,3.628,-0.007,0.019,0.037,-17.832,15.63,-2.149,0.12,-0.12,-0.12,0.0,0.0,0.0,0.0,1.0
249765.0,2.9448,-1.0276,-1.9447,3.862,1.519,3.218,-0.021,0.027,0.038,-17.818,15.617,-2.147,0.12,-0.12,-0.12,0.0,0.0,0.0,0.0,1.0
249773.0,2.9655,-1.0515,-1.942,3.557,2.098,3.368,-0.039,0.021,0.036,-17.804,15.605,-2.145,0.12,-0.12,-0.12,0.0,0.0,0.0,0.0,1.0
249780.0,2.9776,-1.0638,-1.9422,3.145,2.83,3.152,-0.043,0.01,0.028,-17.79,15.593,-2.144,0.12,-0.12,-0.12,0.0,0.0,0.0,0.0,1.0
249788.0,2.9844,-1.077,-1.9361,2.358,3.443,2.904,-0.028,0.024,0.012,-17.776,15.58,-2.142,0.12,-0.12,-0.12,0.0,0.0,0.0,0.0,1.0
249796.0,2.986,-1.0796,-1.9353,1.811,4.104,2.79,-0.028,0.013,0.002,-17.761,15.568,-2.14,0.12,-0.12,-0.12,0.0,0.0,0.0,0.0,1.0
249804.0,2.9879,-1.0888,-1.9281,1.528,4.062,3.01,-0.025,-0.016,-0.031,-17.747,15.555,-2.138,0.12,-0.12,-0.12,0.0,0.0,0.0,0.0,1.0
249811.0,2.9872,-1.0932,-1.9232,1.066,4.43,3.208,-0.003,0.002,-0.043,-17.733,15.543,-2.137,0.12,-0.12,-0.12,0.0,0.0,0.0,0.0,1.0
249819.0,2.9829,-1.0953,-1.9168,1.118,4.318,3.27,-0.014,-0.013,-0.054,-17.719,15.53,-2.135,0.12,-0.12,-0.12,0.0,0.0,0.0,0.0,1.0
249827.0,2.9695,-1.0872,-1.9113,1.167,4.336,3.202,-0.0,-0.0,-0.052,-17.705,15.518,-2.133,0.12,-0.12,-0.12,0.0,0.0,0.0,0.0,1.0
249835.0,2.9527,-1.0734,-1.908,0.956,4.383,2.732,0.001,-0.014,-0.036,-17.691,15.505,-2.132,0.12,-0.12,-0.12,0.0,0.0,0.0,0.0,1.0
249842.0,2.9316,-1.0524,-1.9073,0.606,4.947,2.518,0.005,-0.028,-0.025,-17.676,15.493,-2.13,0.12,-0.12,-0.12,0.0,0.0,0.0,0.0,1.0
249850.0,2.9046,-1.0264,-1.9056,0.015,5.16,2.472,0.017,-0.017,-0.006,-17.662,15.481,-2.128,0.12,-0.12,-0.12,0.0,0.0,0.0,0.0,1.0
249858.0,2.8757,-0.9958,-1.9065,-0.569,5.659,2.452,0.031,-0.014,-0.008,-17.648,15.468,-2.127,0.12,-0.12,-0.12,0.0,0.0,0.0,0.0,1.0
249866.0,2.845,-0.9629,-1.9078,-0.669,5.926,2.286,0.024,0.004,0.01,-17.634,15.456,-2.125,0.12,-0.10602,-0.12,0.0,0.0,0.0,0.0,1.0
249873.0,2.817,-0.9344,-1.9077,-1.138,5.796,2.674,-0.0,0.016,0.033,-17.62,15.444,-2.123,0.12,-0.09997,-0.12,0.0,0.0,0.0,0.0,1.0
249881.0,2.7921,-0.9077,-1.9088,-1.165,5.502,2.465,-0.006,0.032,0.017,-17.606,15.431,-2.122,0.12,-0.09552,-0.12,0.0,0.0,0.0,0.0,1.0
249889.0,2.764,-0.8767,-1.9109,-1.3,5.388,2.609,-0.018,0.035,0.044,-17.592,15.419,-2.12,0.12,-0.09098,-0.12,0.0,0.0,0.0,0.0,1.0
249897.0,2.7395,-0.8462,-1.916,-1.27,5.44,2.315,-0.018,0.045,0.039,-17.578,15.407,-2.118,0.12,-0.08047,-0.12,0.0,0.0,0.0,0.0,1.0
249905.0,2.7164,-0.8177,-1.9206,-1.376,5.335,2.208,-0.026,0.037,0.02,-17.564,15.394,-2.116,0.12,-0.0753,-0.12,0.0,0.0,0.0,0.0,1.0
249912.0,2.6876,-0.7853,-1.9234,-1.476,5.516,2.128,-0.015,0.012,0.017,-17.55,15.382,-2.115,0.12,-0.06702,-0.12,0.0,0.0,0.0,0.0,1.0
249920.0,2.6555,-0.7535,-1.9223,-1.184,4.78,2.255,-0.012,-0.001,0.005,-17.536,15.37,-2.113,0.12,-0.07932,-0.12,0.0,0.0,0.0,0.0,1.0
249928.0,2.6198,-0.7213,-1.9179,-1.121,4.998,1.868,-0.006,-0.019,-0.007,-17.522,15.357,-2.111,0.12,-0.06873,-0.12,0.0,0.0,0.0,0.0,1.0
249935.0,2.5791,-0.6851,-1.9124,-1.357,5.236,1.76,0.003,-0.035,-0.007,-17.508,15.345,-2.11,0.12,-0.05608,-0.12,0.0,0.0,0.0,0.0,1.0
249943.0,2.5371,-0.6479,-1.9066,-1.571,5.199,1.377,0.004,-0.036,-0.013,-17.494,15.333,-2.108,0.12,-0.04404,-0.12,0.0,0.0,0.0,0.0,1.0
249951.0,2.4945,-0.6157,-1.8954,-1.694,5.412,1.075,0.026,-0.036,-0.031,-17.48,15.321,-2.106,0.12,-0.02991,-0.12,0.0,0.0,0.0,0.0,1.0
249959.0,2.4558,-0.5875,-1.8841,-1.531,5.234,0.985,0.008,-0.016,-0.017,-17.466,15.308,-2.105,0.12,-0.02535,-0.12,0.0,0.0,0.0,0.0,1.0
249967.0,2.4195,-0.5581,-1.8764,-1.445,4.744,0.755,0.003,-0.005,-0.023,-17.452,15.296,-2.103,0.12,-0.02519,-0.12,0.0,0.0,0.0,0.0,1.0
249974.0,2.3873,-0.534,-1.8678,-1.113,4.371,0.901,-0.012,0.018,-0.022,-17.438,15.284,-2.101,0.12,-0.0273,-0.12,0.0,0.0,0.0,0.0,1.0
249982.0,2.3567,-0.5051,-1.8653,-0.834,3.497,0.545,-0.012,0.036,-0.019,-17.424,15.272,-2.1,0.12,-0.03429,-0.12,0.0,0.0,0.0,0.0,1.0
249990.0,2.3274,-0.4697,-1.8704,-0.458,3.334,0.121,-0.036,0.033,0.012,-17.41,15.259,-2.098,0.12,-0.02979,-0.12,0.0,0.0,0.0,0.0,1.0
249997.0,2.2955,-0.4332,-1.8741,-0.247,3.09,0.047,-0.023,0.031,0.021,-17.396,15.247,-2.096,0.12,-0.02811,-0.12,0.0,0.0,0.0,0.0,1.0
250005.0,2.2649,-0.3908,-1.8848,-0.631,3.163,-0.487,-0.005,0.008,0.039,-17.382,15.235,-2.094,0.12,-0.01349,-0.12,0.0,0.0,0.0,0.0,1.0
250013.0,2.233,-0.3467,-1.8958,-0.825,3.352,-0.905,0.001,-0.017,0.04,-17.368,15.223,-2.093,0.12,0.00024,-0.12,0.0,0.0,0.0,0.0,1.0
250021.0,2.2107,-0.3086,-1.9106,-0.641,3.314,-0.945,0.006,-0.016,0.036,-17.354,15.211,-2.091,0.12,0.00634,-0.12,0.0,0.0,0.0,0.0,1.0
250029.0,2.1964,-0.2744,-1.9296,-0.05,2.904,-1.444,0.02,-0.017,0.023,-17.34,15.199,-2.089,0.12,0.00513,-0.12,0.0,0.0,0.0,0.0,1.0
250037.0,2.1924,-0.2567,-1.9429,0.541,2.019,-1.467,0.006,-0.009,0.008,-17.326,15.186,-2.088,0.12,-0.01077,-0.12,0.0,0.0,0.0,0.0,1.0
250044.0,2.1907,-0.2463,-1.9512,1.018,1.415,-1.551,-0.017,0.005,-0.011,-17.313,15.174,-2.086,0.12,-0.02049,-0.12,0.0,0.0,0.0,0.0,1.0
250052.0,2.1832,-0.2308,-1.9589,1.479,0.83,-1.533,0.003,0.01,-0.011,-17.299,15.162,-2.084,0.12,-0.03113,-0.12,0.0,0.0,0.0,0.0,1.0
250060.0,2.1759,-0.2171,-1.9649,1.69,0.499,-1.519,0.001,0.011,-0.029,-17.285,15.15,-2.083,0.12,-0.036,-0.12,0.0,0.0,0.0,0.0,1.0
250067.0,2.1652,-0.197,-1.9738,1.468,0.333,-1.342,0.011,0.022,-0.026,-17.271,15.138,-2.081,0.12,-0.03276,-0.12,0.0,0.0,0.0,0.0,1.0
250075.0,2.1572,-0.1756,-1.9867,1.275,0.435,-1.674,0.02,-0.002,-0.035,-17.257,15.126,-2.079,0.12,-0.02574,-0.12,0.0,0.0,0.0,0.0,1.0
250083.0,2.1567,-0.1537,-2.0075,1.004,0.423,-1.602,0.022,0.0,-0.02,-17.244,15.114,-2.078,0.12,-0.01948,-0.12,0.0,0.0,0.0,0.0,1.0
250091.0,2.1677,-0.1427,-2.0292,1.282,0.136,-1.805,0.019,-0.012,-0.018,-17.23,15.102,-2.076,0.12,-0.02498,-0.12,0.0,0.0,0.0,0.0,1.0
250099.0,2.1869,-0.1375,-2.0535,1.483,-0.092,-1.777,0.002,-0.009,-0.011,-17.216,15.09,-2.075,0.12,-0.02944,-0.12,0.0,0.0,0.0,0.0,1.0
250107.0,2.2095,-0.1361,-2.0774,2.011,-0.763,-1.846,-0.01,-0.006,-0.002,-17.202,15.077,-2.073,0.12,-0.04481,-0.12,0.0,0.0,0.0,0.0,1.0
250114.0,2.2318,-0.1354,-2.1004,2.454,-1.272,-2.097,-0.025,-0.003,0.014,-17.188,15.065,-2.071,0.12,-0.05493,-0.12,0.0,0.0,0.0,0.0,1.0
250122.0,2.2532,-0.1402,-2.1171,3.116,-2.302,-1.834,-0.036,0.0,0.005,-17.175,15.053,-2.07,0.12,-0.08181,-0.12,0.0,0.0,0.0,0.0,1.0
250130.0,2.2708,-0.146,-2.1291,3.229,-2.67,-1.686,-0.028,0.015,0.006,-17.161,15.041,-2.068,0.12,-0.08964,-0.12,0.0,0.0,0.0,0.0,1.0
250137.0,2.2813,-0.1472,-2.1385,2.942,-2.406,-1.769,-0.009,-0.009,0.001,-17.147,15.029,-2.066,0.12,-0.0859,-0.12,0.0,0.0,0.0,0.0,1.0
250145.0,2.2896,-0.1444,-2.1495,2.577,-1.997,-1.707,0.016,-0.021,-0.002,-17.134,15.017,-2.065,0.12,-0.07716,-0.12,0.0,0.0,0.0,0.0,1.0
250153.0,2.3023,-0.1494,-2.1573,2.42,-1.775,-2.089,0.032,-0.017,0.012,-17.12,15.005,-2.063,0.12,-0.06914,-0.12,0.0,0.0,0.0,0.0,1.0
