116262	-0.464	0.176	0.292	-0.88	1.58	-0.71	0.015	0.047	0.007	0.037	-0.263	0.201	-0.1153	0.0847	0.0439	0.0000	0.0000	0.0000	0	1.00	0.2030	0.3924	-0.5852	1.753	1
116270	-0.475	0.191	0.288	-1.23	1.84	-0.62	0.011	0.059	0.001	0.037	-0.262	0.201	-0.1200	0.0955	0.0447	0.0000	0.0000	0.0000	0	1.00	0.2030	0.3924	-0.5852	1.753	1
116278	-0.488	0.200	0.294	-1.54	1.75	-0.11	0.028	0.077	-0.001	0.037	-0.262	0.201	-0.1200	0.0947	0.0576	0.0000	0.0000	0.0000	0	1.00	0.2030	0.3924	-0.5852	1.753	1
t_ms	phi_x_deg	phi_y_deg	phi_z_deg	om_x_dps	om_y_dps	om_z_dps	rho_x	rho_y	rho_z	rho_x_lp	rho_y_lp	rho_z_lp	tau_x	tau_y	tau_z	tau_cmd_x	tau_cmd_y	tau_cmd_z	armed	gain_scale	trim_x_deg	trim_y_deg	trim_z_deg	trim_com_mm	trim_enabled
116288	-0.500	0.214	0.292	-1.27	1.68	-0.09	0.029	0.075	-0.013	0.037	-0.262	0.201	-0.1200	0.0938	0.0537	0.0000	0.0000	0.0000	0	1.00	0.2030	0.3924	-0.5852	1.753	1
116296	-0.504	0.224	0.286	-1.32	1.83	-0.20	0.021	0.028	0.004	0.037	-0.262	0.201	-0.1200	0.0967	0.0529	0.0000	0.0000	0.0000	0	1.00	0.2030	0.3924	-0.5852	1.753	1
116304	-0.514	0.241	0.280	-1.04	1.78	-0.33	0.019	0.002	0.004	0.037	-0.261	0.200	-0.1200	0.0943	0.0474	0.0000	0.0000	0.0000	0	1.00	0.2030	0.3924	-0.5852	1.753	1
116312	-0.530	0.258	0.279	-0.83	1.75	-0.19	0.002	-0.017	0.002	0.037	-0.261	0.200	-0.1200	0.0913	0.0479	0.0000	0.0000	0.0000	0	1.00	0.2030	0.3924	-0.5852	1.753	1
116319	-0.548	0.274	0.282	-1.10	1.72	0.21	-0.001	-0.046	0.003	0.037	-0.261	0.200	-0.1200	0.0897	0.0584	0.0000	0.0000	0.0000	0	1.00	0.2030	0.3924	-0.5852	1.753	1
116327	-0.568	0.287	0.289	-1.30	1.74	0.40	-0.013	-0.048	-0.015	0.037	-0.261	0.200	-0.1200	0.0927	0.0621	0.0000	0.0000	0.0000	0	1.00	0.2030	0.3924	-0.5852	1.753	1
116335	-0.580	0.303	0.285	-1.09	1.79	0.45	-0.011	-0.053	-0.020	0.037	-0.261	0.200	-0.1200	0.0946	0.0593	0.0000	0.0000	0.0000	0	1.00	0.2030	0.3924	-0.5852	1.753	1
116343	-0.591	0.317	0.283	-0.96	1.45	0.02	-0.037	-0.036	-0.018	0.037	-0.260	0.200	-0.1200	0.0951	0.0535	0.0000	0.0000	0.0000	0	1.00	0.2030	0.3924	-0.5852	1.753	1
116351	-0.604	0.330	0.283	-0.64	1.20	-0.14	-0.036	-0.017	0.003	0.037	-0.260	0.199	-0.1200	0.0944	0.0532	0.0000	0.0000	0.0000	0	1.00	0.2030	0.3924	-0.5852	1.753	1
116359	-0.624	0.340	0.293	-1.19	0.71	0.15	-0.029	0.028	0.003	0.037	-0.260	0.199	-0.1200	0.0967	0.0691	0.0000	0.0000	0.0000	0	1.00	0.2030	0.3924	-0.5852	1.753	1
116367	-0.638	0.349	0.298	-0.84	0.58	-0.07	-0.024	0.026	0.003	0.037	-0.260	0.199	-0.1200	0.0949	0.0643	0.0000	0.0000	0.0000	0	1.00	0.2030	0.3924	-0.5852	1.753	1
116375	-0.647	0.361	0.295	-1.10	0.57	-0.43	0.003	0.031	0.011	0.037	-0.260	0.199	-0.1200	0.1028	0.0613	0.0000	0.0000	0.0000	0	1.00	0.2030	0.3924	-0.5852	1.753	1
116382	-0.653	0.368	0.294	-0.87	0.68	-0.66	-0.003	0.051	0.024	0.037	-0.259	0.199	-0.1200	0.1080	0.0557	0.0000	0.0000	0.0000	0	1.00	0.2030	0.3924	-0.5852	1.753	1
116390	-0.655	0.373	0.292	-0.57	0.48	-0.77	0.025	0.026	0.005	0.037	-0.259	0.199	-0.1200	0.1014	0.0495	0.0000	0.0000	0.0000	0	1.00	0.2030	0.3924	-0.5852	1.753	1
116398	-0.659	0.377	0.292	-0.87	0.13	-0.86	0.014	0.012	0.010	0.037	-0.259	0.199	-0.1200	0.0972	0.0548	0.0000	0.0000	0.0000	0	1.00	0.2030	0.3924	-0.5852	1.753	1
116406	-0.666	0.383	0.293	-0.88	-0.07	-0.54	0.023	0.014	-0.011	0.037	-0.259	0.198	-0.1200	0.0927	0.0587	0.0000	0.0000	0.0000	0	1.00	0.2030	0.3924	-0.5852	1.753	1
116414	-0.670	0.387	0.293	-0.71	0.37	-0.19	0.021	-0.030	-0.004	0.037	-0.258	0.198	-0.1200	0.0903	0.0609	0.0000	0.0000	0.0000	0	1.00	0.2030	0.3924	-0.5852	1.753	1
116421	-0.671	0.392	0.290	-0.83	0.28	-0.63	0.023	-0.027	-0.002	0.037	-0.258	0.198	-0.1200	0.0948	0.0549	0.0000	0.0000	0.0000	0	1.00	0.2030	0.3924	-0.5852	1.753	1
116429	-0.677	0.393	0.294	-0.66	0.28	-0.89	0.022	-0.033	-0.006	0.037	-0.258	0.198	-0.1200	0.0950	0.0492	0.0000	0.0000	0.0000	0	1.00	0.2030	0.3924	-0.5852	1.753	1
116437	-0.685	0.398	0.297	-0.71	-0.00	-0.56	0.014	-0.035	-0.011	0.037	-0.258	0.198	-0.1200	0.0887	0.0574	0.0000	0.0000	0.0000	0	1.00	0.2030	0.3924	-0.5852	1.753	1
116445	-0.686	0.401	0.296	-0.44	-0.07	-0.55	0.001	-0.039	-0.018	0.037	-0.258	0.198	-0.1200	0.0852	0.0547	0.0000	0.0000	0.0000	0	1.00	0.2030	0.3924	-0.5852	1.753	1
116453	-0.690	0.405	0.295	-0.12	-0.06	-0.36	0.003	-0.027	-0.014	0.037	-0.257	0.197	-0.1200	0.0832	0.0552	0.0000	0.0000	0.0000	0	1.00	0.2030	0.3924	-0.5852	1.753	1
116461	-0.686	0.406	0.291	-0.07	0.05	-0.52	-0.020	-0.007	-0.026	0.037	-0.257	0.197	-0.1200	0.0893	0.0486	0.0000	0.0000	0.0000	0	1.00	0.2030	0.3924	-0.5852	1.753	1
116469	-0.684	0.407	0.287	0.28	0.07	-0.15	-0.024	0.003	-0.010	0.037	-0.257	0.197	-0.1200	0.0854	0.0531	0.0000	0.0000	0.0000	0	1.00	0.2030	0.3924	-0.5852	1.753	1
116477	-0.688	0.407	0.291	0.60	0.06	-0.24	-0.020	0.015	0.005	0.037	-0.257	0.197	-0.1200	0.0853	0.0518	0.0000	0.0000	0.0000	0	1.00	0.2030	0.3924	-0.5852	1.753	1
116484	-0.689	0.407	0.293	0.11	-0.04	-0.08	-0.015	0.032	0.012	0.036	-0.257	0.197	-0.1200	0.0885	0.0612	0.0000	0.0000	0.0000	0	1.00	0.2030	0.3924	-0.5852	1.753	1
116492	-0.687	0.404	0.294	0.19	-0.31	-0.10	-0.023	0.031	0.027	0.036	-0.256	0.197	-0.1200	0.0821	0.0649	0.0000	0.0000	0.0000	0	1.00	0.2030	0.3924	-0.5852	1.753	1
116500	-0.680	0.398	0.292	-0.37	-0.26	-0.22	-0.002	0.045	0.037	0.036	-0.256	0.196	-0.1200	0.0889	0.0679	0.0000	0.0000	0.0000	0	1.00	0.2030	0.3924	-0.5852	1.753	1
116508	-0.670	0.393	0.288	-0.43	-0.46	-1.02	0.011	0.047	0.048	0.036	-0.256	0.196	-0.1200	0.0913	0.0563	0.0000	0.0000	0.0000	0	1.00	0.2030	0.3924	-0.5852	1.753	1
116516	-0.670	0.393	0.288	-0.20	-0.86	-1.07	0.027	0.023	0.044	0.036	-0.256	0.196	-0.1200	0.0801	0.0565	0.0000	0.0000	0.0000	0	1.00	0.2030	0.3924	-0.5852	1.753	1
116524	-0.667	0.388	0.289	-0.57	-0.54	-1.53	0.023	0.016	0.048	0.036	-0.256	0.196	-0.1200	0.0908	0.0500	0.0000	0.0000	0.0000	0	1.00	0.2030	0.3924	-0.5852	1.753	1
116532	-0.667	0.392	0.285	-0.86	-0.76	-1.14	0.025	-0.008	0.018	0.036	-0.255	0.196	-0.1200	0.0833	0.0572	0.0000	0.0000	0.0000	0	1.00	0.2030	0.3924	-0.5852	1.753	1
116540	-0.666	0.396	0.281	-0.89	-0.96	-1.01	0.027	-0.039	-0.004	0.036	-0.255	0.196	-0.1200	0.0754	0.0575	0.0000	0.0000	0.0000	0	1.00	0.2030	0.3924	-0.5852	1.753	1
116548	-0.658	0.391	0.278	-0.76	-0.85	-1.15	0.011	-0.043	-0.010	0.036	-0.255	0.196	-0.1200	0.0761	0.0514	0.0000	0.0000	0.0000	0	1.00	0.2030	0.3924	-0.5852	1.753	1
116556	-0.655	0.388	0.277	-0.52	-0.89	-0.93	0.000	-0.056	-0.035	0.036	-0.255	0.195	-0.1200	0.0703	0.0500	0.0000	0.0000	0.0000	0	1.00	0.2030	0.3924	-0.5852	1.753	1
116564	-0.659	0.391	0.279	-0.64	-1.18	-1.04	-0.002	-0.034	-0.044	0.036	-0.255	0.195	-0.1200	0.0696	0.0510	0.0000	0.0000	0.0000	0	1.00	0.2030	0.3924	-0.5852	1.753	1
116571	-0.663	0.390	0.283	-0.64	-1.11	-0.80	-0.019	-0.026	-0.044	0.036	-0.254	0.195	-0.1200	0.0695	0.0555	0.0000	0.0000	0.0000	0	1.00	0.2030	0.3924	-0.5852	1.753	1
116579	-0.663	0.391	0.283	-0.72	-1.05	-0.57	-0.039	-0.008	-0.037	0.036	-0.254	0.195	-0.1200	0.0721	0.0602	0.0000	0.0000	0.0000	0	1.00	0.2030	0.3924	-0.5852	1.753	1
116587	-0.657	0.388	0.279	-0.83	-1.05	-1.09	-0.031	-0.001	-0.027	0.036	-0.254	0.195	-0.1200	0.0780	0.0526	0.0000	0.0000	0.0000	0	1.00	0.2030	0.3924	-0.5852	1.753	1
116595	-0.649	0.383	0.276	-0.59	-1.33	-0.94	-0.021	0.023	-0.026	0.036	-0.254	0.195	-0.1200	0.0723	0.0547	0.0000	0.0000	0.0000	0	1.00	0.2030	0.3924	-0.5852	1.753	1
116603	-0.648	0.381	0.278	-0.60	-0.94	-0.90	-0.032	0.024	0.006	0.036	-0.254	0.194	-0.1200	0.0785	0.0574	0.0000	0.0000	0.0000	0	1.00	0.2030	0.3924	-0.5852	1.753	1
116611	-0.653	0.381	0.282	-0.69	-1.08	-0.78	-0.016	0.033	0.003	0.036	-0.253	0.194	-0.1200	0.0768	0.0617	0.0000	0.0000	0.0000	0	1.00	0.2030	0.3924	-0.5852	1.753	1
116619	-0.655	0.379	0.286	-0.79	-1.20	-0.55	0.002	0.018	0.021	0.036	-0.253	0.194	-0.1200	0.0711	0.0711	0.0000	0.0000	0.0000	0	1.00	0.2030	0.3924	-0.5852	1.753	1
116627	-0.648	0.375	0.283	-0.65	-0.98	-0.50	0.012	0.007	0.018	0.036	-0.253	0.194	-0.1200	0.0709	0.0677	0.0000	0.0000	0.0000	0	1.00	0.2030	0.3924	-0.5852	1.753	1
116635	-0.642	0.369	0.283	-0.36	-0.94	-0.72	0.017	-0.007	0.029	0.036	-0.253	0.194	-0.1200	0.0675	0.0623	0.0000	0.0000	0.0000	0	1.00	0.2030	0.3924	-0.5852	1.753	1
116643	-0.637	0.364	0.282	-0.20	-1.03	-0.47	0.010	-0.025	0.034	0.036	-0.253	0.194	-0.1193	0.0588	0.0667	0.0000	0.0000	0.0000	0	1.00	0.2030	0.3924	-0.5852	1.753	1
116650	-0.639	0.362	0.287	-0.47	-0.80	-0.32	0.013	-0.019	0.020	0.036	-0.252	0.194	-0.1200	0.0643	0.0688	0.0000	0.0000	0.0000	0	1.00	0.2030	0.3924	-0.5852	1.753	1
116658	-0.642	0.359	0.292	-0.45	-0.82	-0.43	0.021	-0.020	0.010	0.036	-0.252	0.193	-0.1200	0.0641	0.0667	0.0000	0.0000	0.0000	0	1.00	0.2030	0.3924	-0.5852	1.753	1
116666	-0.639	0.353	0.295	-0.60	-0.96	-0.57	0.032	-0.022	-0.006	0.036	-0.252	0.193	-0.1200	0.0624	0.0647	0.0000	0.0000	0.0000	0	1.00	0.2030	0.3924	-0.5852	1.753	1
116674	-0.633	0.348	0.295	-0.42	-0.77	-0.72	0.014	-0.013	-0.001	0.036	-0.252	0.193	-0.1200	0.0659	0.0596	0.0000	0.0000	0.0000	0	1.00	0.2030	0.3924	-0.5852	1.753	1
116682	-0.632	0.343	0.298	-0.42	-0.90	-1.02	0.018	0.004	-0.007	0.036	-0.252	0.193	-0.1169	0.0678	0.0552	0.0000	0.0000	0.0000	0	1.00	0.2030	0.3924	-0.5852	1.753	1
116690	-0.633	0.342	0.300	-0.84	-1.08	-0.94	-0.006	0.010	-0.013	0.036	-0.251	0.193	-0.1200	0.0683	0.0614	0.0000	0.0000	0.0000	0	1.00	0.2030	0.3924	-0.5852	1.753	1
116698	-0.640	0.345	0.303	-1.12	-0.55	-0.67	0.008	0.025	-0.034	0.036	-0.251	0.193	-0.1200	0.0808	0.0618	0.0000	0.0000	0.0000	0	1.00	0.2030	0.3924	-0.5852	1.753	1
116706	-0.647	0.343	0.313	-1.21	-1.06	-0.49	0.006	0.022	-0.025	0.036	-0.251	0.192	-0.1200	0.0700	0.0732	0.0000	0.0000	0.0000	0	1.00	0.2030	0.3924	-0.5852	1.753	1
116714	-0.646	0.344	0.312	-0.87	-0.91	-0.87	0.012	0.027	-0.041	0.036	-0.251	0.192	-0.1200	0.0736	0.0605	0.0000	0.0000	0.0000	0	1.00	0.2030	0.3924	-0.5852	1.753	1
116722	-0.643	0.346	0.305	-0.73	-1.14	-1.10	-0.001	0.016	-0.034	0.036	-0.251	0.192	-0.1200	0.0693	0.0567	0.0000	0.0000	0.0000	0	1.00	0.2030	0.3924	-0.5852	1.753	1
116730	-0.642	0.344	0.307	-0.68	-0.88	-0.66	-0.015	0.009	-0.018	0.036	-0.250	0.192	-0.1200	0.0684	0.0639	0.0000	0.0000	0.0000	0	1.00	0.2030	0.3924	-0.5852	1.753	1
116738	-0.646	0.342	0.314	-0.57	-1.21	-0.56	-0.021	-0.001	-0.011	0.036	-0.250	0.192	-0.1200	0.0587	0.0699	0.0000	0.0000	0.0000	0	1.00	0.2030	0.3924	-0.5852	1.753	1
116746	-0.644	0.335	0.317	-0.93	-1.56	-0.48	-0.006	-0.028	0.008	0.036	-0.250	0.192	-0.1200	0.0490	0.0814	0.0000	0.0000	0.0000	0	1.00	0.2030	0.3924	-0.5852	1.753	1
116754	-0.642	0.329	0.321	-0.76	-1.83	-0.48	0.002	-0.028	0.037	0.036	-0.250	0.191	-0.1200	0.0416	0.0866	0.0000	0.0000	0.0000	0	1.00	0.2030	0.3924	-0.5852	1.753	1
116762	-0.645	0.331	0.323	-0.90	-2.21	-1.13	0.015	-0.031	0.038	0.035	-0.250	0.191	-0.1162	0.0412	0.0805	0.0000	0.0000	0.0000	0	1.00	0.2030	0.3924	-0.5852	1.753	1
116770	-0.647	0.326	0.329	-0.90	-1.99	-1.34	0.012	-0.034	0.053	0.035	-0.249	0.191	-0.1171	0.0456	0.0776	0.0000	0.0000	0.0000	0	1.00	0.2030	0.3924	-0.5852	1.753	1
116778	-0.650	0.320	0.338	-1.20	-2.39	-1.39	0.021	-0.027	0.036	0.035	-0.249	0.191	-0.1175	0.0409	0.0831	0.0000	0.0000	0.0000	0	1.00	0.2030	0.3924	-0.5852	1.753	1
116785	-0.650	0.312	0.347	-1.17	-2.64	-1.38	0.020	0.021	0.024	0.035	-0.249	0.191	-0.1154	0.0418	0.0852	0.0000	0.0000	0.0000	0	1.00	0.2030	0.3924	-0.5852	1.753	1
116793	-0.648	0.310	0.346	-1.09	-2.61	-1.70	0.029	0.020	0.022	0.035	-0.249	0.191	-0.1097	0.0436	0.0783	0.0000	0.0000	0.0000	0	1.00	0.2030	0.3924	-0.5852	1.753	1
116801	-0.643	0.309	0.343	-0.71	-2.20	-1.64	0.013	0.039	-0.000	0.035	-0.249	0.191	-0.1084	0.0494	0.0684	0.0000	0.0000	0.0000	0	1.00	0.2030	0.3924	-0.5852	1.753	1
116809	-0.637	0.300	0.344	-0.27	-2.27	-1.28	0.004	0.042	-0.006	0.035	-0.248	0.191	-0.1036	0.0399	0.0705	0.0000	0.0000	0.0000	0	1.00	0.2030	0.3924	-0.5852	1.753	1
116817	-0.630	0.290	0.347	-0.29	-2.45	-1.28	-0.003	0.022	-0.025	0.035	-0.248	0.190	-0.1018	0.0325	0.0702	0.0000	0.0000	0.0000	0	1.00	0.2030	0.3924	-0.5852	1.753	1
116824	-0.625	0.286	0.347	-0.54	-2.24	-1.25	-0.014	0.026	-0.027	0.035	-0.248	0.190	-0.1090	0.0378	0.0711	0.0000	0.0000	0.0000	0	1.00	0.2030	0.3924	-0.5852	1.753	1
116832	-0.613	0.277	0.344	-0.24	-2.31	-1.48	-0.016	0.020	-0.024	0.035	-0.248	0.190	-0.0991	0.0334	0.0646	0.0000	0.0000	0.0000	0	1.00	0.2030	0.3924	-0.5852	1.753	1
116840	-0.601	0.262	0.345	-0.07	-2.35	-1.70	-0.029	0.007	0.001	0.035	-0.247	0.190	-0.0930	0.0281	0.0638	0.0000	0.0000	0.0000	0	1.00	0.2030	0.3924	-0.5852	1.753	1
116848	-0.589	0.253	0.343	-0.02	-2.22	-1.57	-0.024	-0.002	-0.004	0.035	-0.247	0.190	-0.0914	0.0254	0.0632	0.0000	0.0000	0.0000	0	1.00	0.2030	0.3924	-0.5852	1.753	1
116856	-0.578	0.242	0.342	-0.39	-2.41	-2.28	-0.021	-0.017	0.011	0.035	-0.247	0.190	-0.0870	0.0264	0.0583	0.0000	0.0000	0.0000	0	1.00	0.2030	0.3924	-0.5852	1.753	1
116864	-0.565	0.230	0.341	-0.55	-2.62	-2.23	-0.006	-0.028	0.010	0.035	-0.247	0.189	-0.0833	0.0195	0.0619	0.0000	0.0000	0.0000	0	1.00	0.2030	0.3924	-0.5852	1.753	1
116872	-0.552	0.221	0.336	-0.61	-2.24	-2.45	0.001	-0.029	0.016	0.035	-0.247	0.189	-0.0821	0.0269	0.0555	0.0000	0.0000	0.0000	0	1.00	0.2030	0.3924	-0.5852	1.753	1
116879	-0.536	0.210	0.332	-0.37	-2.28	-2.23	0.017	-0.037	0.019	0.035	-0.247	0.189	-0.0738	0.0189	0.0567	0.0000	0.0000	0.0000	0	1.00	0.2030	0.3924	-0.5852	1.753	1
116887	-0.527	0.207	0.325	-0.44	-1.98	-1.93	0.024	-0.027	0.018	0.035	-0.246	0.189	-0.0776	0.0230	0.0584	0.0000	0.0000	0.0000	0	1.00	0.2030	0.3924	-0.5852	1.753	1
116895	-0.517	0.197	0.325	0.15	-2.19	-1.88	0.011	-0.030	0.010	0.035	-0.246	0.189	-0.0660	0.0114	0.0546	0.0000	0.0000	0.0000	0	1.00	0.2030	0.3924	-0.5852	1.753	1
116903	-0.508	0.190	0.323	-0.08	-2.14	-1.49	0.004	-0.026	-0.008	0.035	-0.246	0.189	-0.0728	0.0099	0.0596	0.0000	0.0000	0.0000	0	1.00	0.2030	0.3924	-0.5852	1.753	1
116911	-0.494	0.181	0.318	0.08	-1.65	-1.51	0.008	-0.028	-0.023	0.035	-0.246	0.189	-0.0706	0.0158	0.0501	0.0000	0.0000	0.0000	0	1.00	0.2030	0.3924	-0.5852	1.753	1
116919	-0.479	0.172	0.311	0.41	-1.85	-1.11	-0.024	-0.011	-0.035	0.035	-0.246	0.188	-0.0689	0.0067	0.0532	0.0000	0.0000	0.0000	0	1.00	0.2030	0.3924	-0.5852	1.753	1
116926	-0.461	0.160	0.305	0.08	-1.45	-0.97	-0.018	0.018	-0.035	0.035	-0.245	0.188	-0.0748	0.0176	0.0535	0.0000	0.0000	0.0000	0	1.00	0.2030	0.3924	-0.5852	1.753	1
116934	-0.445	0.152	0.297	0.12	-1.33	-1.02	-0.022	0.013	-0.029	0.035	-0.245	0.188	-0.0720	0.0175	0.0503	0.0000	0.0000	0.0000	0	1.00	0.2030	0.3924	-0.5852	1.753	1
116942	-0.434	0.144	0.293	-0.16	-1.76	-0.84	-0.017	0.032	-0.013	0.035	-0.245	0.188	-0.0718	0.0114	0.0609	0.0000	0.0000	0.0000	0	1.00	0.2030	0.3924	-0.5852	1.753	1
116950	-0.421	0.138	0.286	-0.59	-1.42	-0.85	-0.022	0.026	-0.001	0.035	-0.245	0.188	-0.0801	0.0192	0.0623	0.0000	0.0000	0.0000	0	1.00	0.2030	0.3924	-0.5852	1.753	1
116958	-0.406	0.128	0.282	-0.43	-1.77	-0.77	-0.010	0.021	0.014	0.035	-0.245	0.188	-0.0703	0.0078	0.0666	0.0000	0.0000	0.0000	0	1.00	0.2030	0.3924	-0.5852	1.753	1
116966	-0.395	0.116	0.282	-0.80	-1.72	-0.98	0.008	0.012	0.023	0.035	-0.244	0.187	-0.0701	0.0098	0.0670	0.0000	0.0000	0.0000	0	1.00	0.2030	0.3924	-0.5852	1.753	1
116974	-0.388	0.112	0.279	-1.17	-1.55	-0.99	0.020	-0.001	0.032	0.035	-0.244	0.187	-0.0745	0.0129	0.0694	0.0000	0.0000	0.0000	0	1.00	0.2030	0.3924	-0.5852	1.753	1
116981	-0.389	0.106	0.286	-1.43	-1.46	-0.71	0.027	-0.021	0.032	0.035	-0.244	0.187	-0.0816	0.0104	0.0770	0.0000	0.0000	0.0000	0	1.00	0.2030	0.3924	-0.5852	1.753	1
116989	-0.390	0.101	0.291	-1.26	-1.37	-0.45	0.024	-0.013	0.028	0.035	-0.244	0.187	-0.0822	0.0083	0.0799	0.0000	0.0000	0.0000	0	1.00	0.2030	0.3924	-0.5852	1.753	1
116997	-0.387	0.094	0.296	-1.34	-1.09	-0.44	0.020	-0.029	0.026	0.035	-0.244	0.187	-0.0860	0.0102	0.0791	0.0000	0.0000	0.0000	0	1.00	0.2030	0.3924	-0.5852	1.753	1
117005	-0.386	0.093	0.295	-1.07	-0.65	-0.51	-0.002	-0.012	0.002	0.035	-0.244	0.187	-0.0877	0.0190	0.0682	0.0000	0.0000	0.0000	0	1.00	0.2030	0.3924	-0.5852	1.753	1
117013	-0.390	0.096	0.297	-0.90	-0.24	-0.88	0.005	0.010	-0.016	0.035	-0.243	0.187	-0.0848	0.0323	0.0544	0.0000	0.0000	0.0000	0	1.00	0.2030	0.3924	-0.5852	1.753	1
117020	-0.389	0.094	0.297	-0.40	-0.26	-0.30	0.016	0.028	-0.023	0.035	-0.243	0.186	-0.0794	0.0249	0.0587	0.0000	0.0000	0.0000	0	1.00	0.2030	0.3924	-0.5852	1.753	1
117028	-0.393	0.094	0.302	-0.38	0.05	-0.42	-0.004	0.023	-0.047	0.035	-0.243	0.186	-0.0845	0.0309	0.0525	0.0000	0.0000	0.0000	0	1.00	0.2030	0.3924	-0.5852	1.753	1
117036	-0.398	0.095	0.305	-0.02	0.43	-0.21	0.010	0.030	-0.043	0.035	-0.243	0.186	-0.0822	0.0341	0.0503	0.0000	0.0000	0.0000	0	1.00	0.2030	0.3924	-0.5852	1.753	1
117044	-0.397	0.097	0.303	-0.41	0.63	-0.44	-0.005	0.019	-0.032	0.035	-0.242	0.186	-0.0907	0.0418	0.0490	0.0000	0.0000	0.0000	0	1.00	0.2030	0.3924	-0.5852	1.753	1
117052	-0.404	0.103	0.303	0.03	0.64	-0.78	-0.000	0.013	-0.020	0.034	-0.242	0.186	-0.0809	0.0415	0.0407	0.0000	0.0000	0.0000	0	1.00	0.2030	0.3924	-0.5852	1.753	1
117060	-0.408	0.106	0.305	0.10	0.92	-0.92	-0.005	0.004	0.006	0.034	-0.242	0.186	-0.0825	0.0462	0.0397	0.0000	0.0000	0.0000	0	1.00	0.2030	0.3924	-0.5852	1.753	1
117068	-0.415	0.114	0.303	-0.04	0.85	-0.82	-0.002	0.016	0.004	0.034	-0.242	0.185	-0.0861	0.0490	0.0424	0.0000	0.0000	0.0000	0	1.00	0.2030	0.3924	-0.5852	1.753	1
117075	-0.421	0.126	0.298	0.04	1.12	-0.64	-0.019	0.001	0.008	0.034	-0.242	0.185	-0.0925	0.0517	0.0425	0.0000	0.0000	0.0000	0	1.00	0.2030	0.3924	-0.5852	1.753	1
117083	-0.422	0.138	0.288	0.07	0.96	-0.72	-0.024	-0.024	0.017	0.034	-0.241	0.185	-0.0908	0.0478	0.0417	0.0000	0.0000	0.0000	0	1.00	0.2030	0.3924	-0.5852	1.753	1
117091	-0.418	0.145	0.277	0.11	1.08	-1.20	-0.023	-0.023	0.029	0.034	-0.241	0.185	-0.0858	0.0554	0.0313	0.0000	0.0000	0.0000	0	1.00	0.2030	0.3924	-0.5852	1.753	1
117099	-0.420	0.152	0.272	-0.27	0.54	-1.13	-0.013	-0.026	0.022	0.034	-0.241	0.185	-0.0873	0.0494	0.0386	0.0000	0.0000	0.0000	0	1.00	0.2030	0.3924	-0.5852	1.753	1
117107	-0.423	0.162	0.265	-0.22	0.67	-1.00	0.005	-0.006	0.020	0.034	-0.241	0.185	-0.0865	0.0550	0.0373	0.0000	0.0000	0.0000	0	1.00	0.2030	0.3924	-0.5852	1.753	1
117115	-0.425	0.171	0.259	-0.41	0.45	-1.31	0.015	-0.004	0.009	0.034	-0.241	0.185	-0.0840	0.0575	0.0328	0.0000	0.0000	0.0000	0	1.00	0.2030	0.3924	-0.5852	1.753	1
117122	-0.423	0.182	0.246	-0.46	0.58	-1.09	0.018	-0.008	0.013	0.034	-0.241	0.184	-0.0869	0.0600	0.0338	0.0000	0.0000	0.0000	0	1.00	0.2030	0.3924	-0.5852	1.753	1
117131	-0.421	0.197	0.230	-0.44	0.15	-1.52	0.007	0.016	-0.005	0.034	-0.240	0.184	-0.0803	0.0627	0.0237	0.0000	0.0000	0.0000	0	1.00	0.2030	0.3924	-0.5852	1.753	1
117139	-0.426	0.208	0.224	-0.37	-0.08	-1.15	0.006	0.027	-0.010	0.034	-0.240	0.184	-0.0817	0.0587	0.0294	0.0000	0.0000	0.0000	0	1.00	0.2030	0.3924	-0.5852	1.753	1
117147	-0.430	0.213	0.223	-0.56	-0.32	-1.13	-0.016	0.020	-0.018	0.034	-0.240	0.184	-0.0871	0.0559	0.0322	0.0000	0.0000	0.0000	0	1.00	0.2030	0.3924	-0.5852	1.753	1
117154	-0.432	0.214	0.223	-0.82	-0.55	-1.28	-0.013	0.030	-0.018	0.034	-0.240	0.184	-0.0883	0.0568	0.0341	0.0000	0.0000	0.0000	0	1.00	0.2030	0.3924	-0.5852	1.753	1
117162	-0.427	0.221	0.212	-0.49	-0.84	-1.22	-0.010	-0.000	-0.023	0.034	-0.240	0.184	-0.0789	0.0452	0.0316	0.0000	0.0000	0.0000	0	1.00	0.2030	0.3924	-0.5852	1.753	1
117170	-0.421	0.220	0.206	-0.54	-0.73	-1.28	0.006	-0.000	-0.018	0.034	-0.239	0.184	-0.0765	0.0480	0.0295	0.0000	0.0000	0.0000	0	1.00	0.2030	0.3924	-0.5852	1.753	1
117178	-0.417	0.227	0.196	-0.80	-0.78	-1.60	0.004	-0.005	-0.012	0.034	-0.239	0.183	-0.0770	0.0524	0.0256	0.0000	0.0000	0.0000	0	1.00	0.2030	0.3924	-0.5852	1.753	1
117186	-0.416	0.231	0.191	-0.89	-0.66	-1.31	0.018	-0.015	-0.010	0.034	-0.239	0.183	-0.0800	0.0523	0.0298	0.0000	0.0000	0.0000	0	1.00	0.2030	0.3924	-0.5852	1.753	1
117194	-0.418	0.236	0.189	-1.03	-0.82	-1.12	0.026	-0.025	0.001	0.034	-0.239	0.183	-0.0820	0.0483	0.0369	0.0000	0.0000	0.0000	0	1.00	0.2030	0.3924	-0.5852	1.753	1
117202	-0.417	0.238	0.185	-0.59	-0.99	-1.28	0.020	-0.029	0.010	0.034	-0.239	0.183	-0.0723	0.0431	0.0323	0.0000	0.0000	0.0000	0	1.00	0.2030	0.3924	-0.5852	1.753	1
117210	-0.414	0.238	0.182	-0.66	-1.27	-1.14	0.015	-0.024	0.013	0.034	-0.238	0.183	-0.0724	0.0379	0.0377	0.0000	0.0000	0.0000	0	1.00	0.2030	0.3924	-0.5852	1.753	1
117218	-0.412	0.240	0.179	-0.66	-1.23	-1.18	-0.008	-0.026	0.020	0.034	-0.238	0.183	-0.0757	0.0391	0.0370	0.0000	0.0000	0.0000	0	1.00	0.2030	0.3924	-0.5852	1.753	1
117226	-0.412	0.243	0.175	-0.64	-1.36	-0.54	-0.016	-0.003	0.015	0.034	-0.238	0.183	-0.0811	0.0353	0.0473	0.0000	0.0000	0.0000	0	1.00	0.2030	0.3924	-0.5852	1.753	1
117234	-0.407	0.241	0.173	-0.28	-1.38	-0.56	-0.032	0.009	-0.001	0.034	-0.238	0.182	-0.0759	0.0336	0.0410	0.0000	0.0000	0.0000	0	1.00	0.2030	0.3924	-0.5852	1.753	1
117242	-0.401	0.233	0.174	-0.43	-1.70	-0.10	-0.029	0.006	0.000	0.034	-0.238	0.182	-0.0783	0.0232	0.0534	0.0000	0.0000	0.0000	0	1.00	0.2030	0.3924	-0.5852	1.753	1
117250	-0.395	0.227	0.174	-0.49	-1.87	-0.19	-0.024	0.018	-0.002	0.034	-0.238	0.182	-0.0752	0.0220	0.0534	0.0000	0.0000	0.0000	0	1.00	0.2030	0.3924	-0.5852	1.753	1
117258	-0.392	0.221	0.176	-0.56	-2.03	-0.17	-0.024	0.003	-0.014	0.034	-0.237	0.182	-0.0745	0.0160	0.0543	0.0000	0.0000	0.0000	0	1.00	0.2030	0.3924	-0.5852	1.753	1
117266	-0.385	0.206	0.185	-0.72	-2.02	0.09	-0.008	0.021	-0.002	0.034	-0.237	0.182	-0.0762	0.0147	0.0636	0.0000	0.0000	0.0000	0	1.00	0.2030	0.3924	-0.5852	1.753	1
117274	-0.381	0.193	0.193	-0.96	-2.07	-0.04	0.012	0.004	-0.006	0.034	-0.237	0.182	-0.0745	0.0118	0.0649	0.0000	0.0000	0.0000	0	1.00	0.2030	0.3924	-0.5852	1.753	1
117282	-0.380	0.182	0.203	-0.91	-2.18	0.02	0.021	-0.015	0.011	0.034	-0.237	0.182	-0.0719	0.0034	0.0712	0.0000	0.0000	0.0000	0	1.00	0.2030	0.3924	-0.5852	1.753	1
117290	-0.374	0.167	0.211	-0.91	-2.23	0.06	0.026	-0.006	0.012	0.034	-0.237	0.181	-0.0700	0.0005	0.0741	0.0000	0.0000	0.0000	0	1.00	0.2030	0.3924	-0.5852	1.753	1
117298	-0.371	0.156	0.219	-1.03	-2.12	0.17	0.020	-0.001	0.017	0.034	-0.236	0.181	-0.0741	0.0009	0.0786	0.0000	0.0000	0.0000	0	1.00	0.2030	0.3924	-0.5852	1.753	1
117306	-0.371	0.147	0.229	-0.96	-2.33	0.22	0.012	-0.024	0.010	0.034	-0.236	0.181	-0.0726	-0.0092	0.0816	0.0000	0.0000	0.0000	0	1.00	0.2030	0.3924	-0.5852	1.753	1
117314	-0.370	0.135	0.238	-1.07	-2.05	0.15	0.005	-0.019	-0.002	0.034	-0.236	0.181	-0.0772	-0.0043	0.0791	0.0000	0.0000	0.0000	0	1.00	0.2030	0.3924	-0.5852	1.753	1
117322	-0.366	0.123	0.246	-1.03	-1.90	0.39	0.007	-0.012	0.000	0.034	-0.236	0.181	-0.0789	-0.0054	0.0835	0.0000	0.0000	0.0000	0	1.00	0.2030	0.3924	-0.5852	1.753	1
117329	-0.366	0.118	0.252	-1.23	-1.83	-0.23	-0.012	-0.017	-0.015	0.034	-0.236	0.181	-0.0801	0.0011	0.0729	0.0000	0.0000	0.0000	0	1.00	0.2030	0.3924	-0.5852	1.753	1
117337	-0.367	0.111	0.259	-1.28	-1.93	-0.08	-0.013	-0.001	0.003	0.033	-0.236	0.181	-0.0821	-0.0007	0.0812	0.0000	0.0000	0.0000	0	1.00	0.2030	0.3924	-0.5852	1.753	1
117345	-0.373	0.104	0.272	-1.12	-1.78	0.25	-0.020	0.005	-0.012	0.033	-0.235	0.180	-0.0857	-0.0024	0.0841	0.0000	0.0000	0.0000	0	1.00	0.2030	0.3924	-0.5852	1.753	1
117353	-0.370	0.094	0.279	-1.20	-1.77	0.52	-0.009	0.011	-0.013	0.033	-0.235	0.180	-0.0876	-0.0049	0.0907	0.0000	0.0000	0.0000	0	1.00	0.2030	0.3924	-0.5852	1.753	1
117361	-0.372	0.085	0.290	-1.12	-2.20	-0.08	-0.005	0.019	0.014	0.033	-0.235	0.180	-0.0770	-0.0092	0.0897	0.0000	0.0000	0.0000	0	1.00	0.2030	0.3924	-0.5852	1.753	1
117369	-0.374	0.077	0.299	-1.25	-2.27	0.02	0.002	0.012	0.025	0.033	-0.235	0.180	-0.0789	-0.0129	0.0967	0.0000	0.0000	0.0000	0	1.00	0.2030	0.3924	-0.5852	1.753	1
117376	-0.374	0.062	0.314	-0.84	-2.20	0.18	-0.001	0.019	0.015	0.033	-0.235	0.180	-0.0744	-0.0185	0.0966	0.0000	0.0000	0.0000	0	1.00	0.2030	0.3924	-0.5852	1.753	1
117384	-0.380	0.058	0.324	-1.25	-2.10	-0.15	0.003	0.008	0.021	0.033	-0.234	0.180	-0.0799	-0.0129	0.0968	0.0000	0.0000	0.0000	0	1.00	0.2030	0.3924	-0.5852	1.753	1
117392	-0.379	0.051	0.329	-1.15	-1.86	-0.18	0.007	-0.004	0.013	0.033	-0.234	0.180	-0.0790	-0.0127	0.0935	0.0000	0.0000	0.0000	0	1.00	0.2030	0.3924	-0.5852	1.753	1
117400	-0.384	0.044	0.341	-0.80	-1.71	0.06	0.005	-0.008	0.011	0.033	-0.234	0.179	-0.0778	-0.0169	0.0951	0.0000	0.0000	0.0000	0	1.00	0.2030	0.3924	-0.5852	1.753	1
117408	-0.383	0.035	0.349	-0.72	-1.68	-0.25	-0.014	-0.031	-0.009	0.033	-0.234	0.179	-0.0764	-0.0193	0.0875	0.0000	0.0000	0.0000	0	1.00	0.2030	0.3924	-0.5852	1.753	1
117416	-0.388	0.029	0.359	-0.44	-1.81	-0.30	-0.012	-0.020	-0.013	0.033	-0.234	0.179	-0.0707	-0.0236	0.0868	0.0000	0.0000	0.0000	0	1.00	0.2030	0.3924	-0.5852	1.753	1
117424	-0.396	0.024	0.373	-1.15	-1.99	-0.04	-0.025	-0.010	-0.022	0.033	-0.233	0.179	-0.0873	-0.0225	0.1008	0.0000	0.0000	0.0000	0	1.00	0.2030	0.3924	-0.5852	1.753	1
117432	-0.396	0.014	0.382	-1.17	-2.00	-0.23	-0.005	-0.011	-0.029	0.033	-0.233	0.179	-0.0828	-0.0231	0.0987	0.0000	0.0000	0.0000	0	1.00	0.2030	0.3924	-0.5852	1.753	1
117440	-0.389	0.004	0.385	-0.85	-2.01	-0.32	0.005	-0.002	-0.025	0.033	-0.233	0.179	-0.0735	-0.0260	0.0953	0.0000	0.0000	0.0000	0	1.00	0.2030	0.3924	-0.5852	1.753	1
117448	-0.384	-0.007	0.391	-1.07	-1.90	-0.73	0.005	0.004	-0.016	0.033	-0.233	0.179	-0.0736	-0.0202	0.0917	0.0000	0.0000	0.0000	0	1.00	0.2030	0.3924	-0.5852	1.753	1
117455	-0.382	-0.018	0.400	-0.60	-1.96	-0.62	0.012	0.015	-0.016	0.033	-0.233	0.178	-0.0646	-0.0267	0.0915	0.0000	0.0000	0.0000	0	1.00	0.2030	0.3924	-0.5852	1.753	1
117464	-0.378	-0.029	0.406	-0.41	-1.72	-0.63	0.026	0.004	-0.007	0.033	-0.232	0.178	-0.0606	-0.0277	0.0901	0.0000	0.0000	0.0000	0	1.00	0.2030	0.3924	-0.5852	1.753	1
117471	-0.376	-0.039	0.414	-0.29	-1.74	-0.83	0.013	0.002	0.005	0.033	-0.232	0.178	-0.0581	-0.0300	0.0896	0.0000	0.0000	0.0000	0	1.00	0.2030	0.3924	-0.5852	1.753	1
117479	-0.373	-0.046	0.417	-0.36	-1.77	-0.94	0.010	-0.013	0.017	0.033	-0.232	0.178	-0.0578	-0.0328	0.0910	0.0000	0.0000	0.0000	0	1.00	0.2030	0.3924	-0.5852	1.753	1
117487	-0.369	-0.048	0.416	-0.34	-1.43	-0.78	-0.013	-0.009	0.027	0.033	-0.232	0.178	-0.0648	-0.0281	0.0919	0.0000	0.0000	0.0000	0	1.00	0.2030	0.3924	-0.5852	1.753	1
117495	-0.367	-0.052	0.417	-0.17	-1.48	-1.00	0.001	-0.009	0.034	0.033	-0.232	0.178	-0.0569	-0.0293	0.0879	0.0000	0.0000	0.0000	0	1.00	0.2030	0.3924	-0.5852	1.753	1
117503	-0.364	-0.053	0.416	-0.42	-1.01	-1.22	0.021	0.005	0.022	0.033	-0.232	0.178	-0.0597	-0.0149	0.0806	0.0000	0.0000	0.0000	0	1.00	0.2030	0.3924	-0.5852	1.753	1
117511	-0.358	-0.056	0.412	-0.20	-1.10	-1.14	-0.024	0.009	0.016	0.033	-0.231	0.177	-0.0612	-0.0190	0.0795	0.0000	0.0000	0.0000	0	1.00	0.2030	0.3924	-0.5852	1.753	1
117519	-0.354	-0.063	0.415	-0.32	-1.36	-0.97	-0.006	0.007	0.015	0.033	-0.231	0.177	-0.0594	-0.0257	0.0860	0.0000	0.0000	0.0000	0	1.00	0.2030	0.3924	-0.5852	1.753	1
117526	-0.348	-0.065	0.411	0.02	-1.25	-0.68	-0.003	0.020	-0.002	0.033	-0.231	0.177	-0.0551	-0.0275	0.0832	0.0000	0.0000	0.0000	0	1.00	0.2030	0.3924	-0.5852	1.753	1
117534	-0.344	-0.069	0.412	-0.22	-0.80	-0.58	-0.010	0.022	-0.018	0.033	-0.231	0.177	-0.0644	-0.0187	0.0810	0.0000	0.0000	0.0000	0	1.00	0.2030	0.3924	-0.5852	1.753	1
117542	-0.341	-0.072	0.412	-0.14	-0.90	-0.76	0.003	0.006	-0.014	0.033	-0.231	0.177	-0.0578	-0.0226	0.0785	0.0000	0.0000	0.0000	0	1.00	0.2030	0.3924	-0.5852	1.753	1
117550	-0.338	-0.076	0.412	0.04	-0.85	-0.89	-0.000	0.010	-0.029	0.033	-0.230	0.177	-0.0537	-0.0225	0.0724	0.0000	0.0000	0.0000	0	1.00	0.2030	0.3924	-0.5852	1.753	1
117558	-0.334	-0.077	0.409	0.03	-0.90	-0.41	-0.005	-0.004	-0.028	0.033	-0.230	0.177	-0.0576	-0.0296	0.0806	0.0000	0.0000	0.0000	0	1.00	0.2030	0.3924	-0.5852	1.753	1
117566	-0.330	-0.082	0.411	-0.50	-0.75	-0.87	-0.010	0.002	-0.023	0.033	-0.230	0.176	-0.0638	-0.0188	0.0773	0.0000	0.0000	0.0000	0	1.00	0.2030	0.3924	-0.5852	1.753	1
117574	-0.325	-0.093	0.415	-0.09	-0.97	-0.74	-0.002	-0.010	-0.011	0.033	-0.230	0.176	-0.0537	-0.0314	0.0802	0.0000	0.0000	0.0000	0	1.00	0.2030	0.3924	-0.5852	1.753	1
117581	-0.319	-0.098	0.414	-0.09	-0.45	-1.26	0.008	-0.027	-0.020	0.033	-0.230	0.176	-0.0506	-0.0212	0.0654	0.0000	0.0000	0.0000	0	1.00	0.2030	0.3924	-0.5852	1.753	1
117589	-0.315	-0.098	0.411	-0.11	-0.57	-1.03	0.016	-0.014	-0.007	0.033	-0.230	0.176	-0.0501	-0.0233	0.0716	0.0000	0.0000	0.0000	0	1.00	0.2030	0.3924	-0.5852	1.753	1
117597	-0.313	-0.095	0.406	-0.26	-0.60	-1.15	0.001	-0.018	0.003	0.033	-0.229	0.176	-0.0533	-0.0217	0.0721	0.0000	0.0000	0.0000	0	1.00	0.2030	0.3924	-0.5852	1.753	1
117605	-0.309	-0.095	0.402	-0.23	-0.77	-1.23	0.000	-0.008	-0.007	0.033	-0.229	0.176	-0.0500	-0.0227	0.0694	0.0000	0.0000	0.0000	0	1.00	0.2030	0.3924	-0.5852	1.753	1
117613	-0.311	-0.086	0.394	-0.58	-0.38	-1.27	-0.006	-0.013	0.010	0.032	-0.229	0.176	-0.0604	-0.0110	0.0697	0.0000	0.0000	0.0000	0	1.00	0.2030	0.3924	-0.5852	1.753	1
117621	-0.307	-0.085	0.390	-0.09	-0.17	-1.24	-0.025	-0.004	0.010	0.032	-0.229	0.175	-0.0560	-0.0102	0.0632	0.0000	0.0000	0.0000	0	1.00	0.2030	0.3924	-0.5852	1.753	1
117629	-0.302	-0.086	0.385	0.06	-0.29	-1.27	-0.016	0.012	0.018	0.032	-0.229	0.175	-0.0500	-0.0109	0.0623	0.0000	0.0000	0.0000	0	1.00	0.2030	0.3924	-0.5852	1.753	1
117637	-0.295	-0.084	0.377	0.08	-0.17	-1.50	-0.020	0.010	0.023	0.032	-0.228	0.175	-0.0477	-0.0071	0.0562	0.0000	0.0000	0.0000	0	1.00	0.2030	0.3924	-0.5852	1.753	1
117645	-0.289	-0.082	0.369	-0.23	-0.59	-1.40	-0.019	0.006	0.016	0.032	-0.228	0.175	-0.0488	-0.0130	0.0618	0.0000	0.0000	0.0000	0	1.00	0.2030	0.3924	-0.5852	1.753	1
117653	-0.284	-0.081	0.363	-0.44	-0.45	-0.92	-0.001	0.017	0.023	0.032	-0.228	0.175	-0.0543	-0.0111	0.0704	0.0000	0.0000	0.0000	0	1.00	0.2030	0.3924	-0.5852	1.753	1
117660	-0.278	-0.079	0.356	-0.68	-0.41	-1.14	0.002	0.018	0.012	0.032	-0.228	0.175	-0.0550	-0.0060	0.0654	0.0000	0.0000	0.0000	0	1.00	0.2030	0.3924	-0.5852	1.753	1
117668	-0.277	-0.075	0.350	-0.27	-0.50	-1.14	0.010	0.012	0.000	0.032	-0.228	0.175	-0.0457	-0.0109	0.0594	0.0000	0.0000	0.0000	0	1.00	0.2030	0.3924	-0.5852	1.753	1
117676	-0.278	-0.071	0.347	-0.19	-0.45	-1.17	-0.005	0.023	-0.018	0.032	-0.227	0.174	-0.0470	-0.0079	0.0541	0.0000	0.0000	0.0000	0	1.00	0.2030	0.3924	-0.5852	1.753	1
117684	-0.279	-0.067	0.344	-0.22	-0.20	-1.18	0.004	0.013	-0.020	0.032	-0.227	0.174	-0.0482	-0.0036	0.0512	0.0000	0.0000	0.0000	0	1.00	0.2030	0.3924	-0.5852	1.753	1
117692	-0.285	-0.067	0.350	-0.48	-0.27	-1.17	0.005	-0.006	-0.027	0.032	-0.227	0.174	-0.0530	-0.0058	0.0549	0.0000	0.0000	0.0000	0	1.00	0.2030	0.3924	-0.5852	1.753	1
117700	-0.284	-0.069	0.351	0.06	-0.17	-0.64	0.005	-0.021	-0.019	0.032	-0.227	0.174	-0.0492	-0.0158	0.0595	0.0000	0.0000	0.0000	0	1.00	0.2030	0.3924	-0.5852	1.753	1
117707	-0.284	-0.064	0.346	-0.04	-0.19	-0.83	0.016	-0.018	-0.009	0.032	-0.227	0.174	-0.0476	-0.0122	0.0577	0.0000	0.0000	0.0000	0	1.00	0.2030	0.3924	-0.5852	1.753	1
117715	-0.281	-0.062	0.342	0.06	0.09	-0.90	0.018	-0.027	-0.019	0.032	-0.227	0.174	-0.0465	-0.0084	0.0509	0.0000	0.0000	0.0000	0	1.00	0.2030	0.3924	-0.5852	1.753	1
117723	-0.278	-0.058	0.334	-0.13	-0.12	-0.93	0.027	-0.022	-0.007	0.032	-0.226	0.174	-0.0459	-0.0087	0.0541	0.0000	0.0000	0.0000	0	1.00	0.2030	0.3924	-0.5852	1.753	1
117731	-0.276	-0.055	0.330	-0.07	-0.11	-1.10	0.022	-0.012	0.006	0.032	-0.226	0.173	-0.0439	-0.0058	0.0518	0.0000	0.0000	0.0000	0	1.00	0.2030	0.3924	-0.5852	1.753	1
117739	-0.270	-0.055	0.323	-0.46	-0.04	-1.20	0.030	0.002	0.022	0.032	-0.226	0.173	-0.0480	0.0019	0.0538	0.0000	0.0000	0.0000	0	1.00	0.2030	0.3924	-0.5852	1.753	1
117747	-0.263	-0.051	0.313	-0.41	-0.27	-1.34	0.022	0.012	0.036	0.032	-0.226	0.173	-0.0439	0.0010	0.0523	0.0000	0.0000	0.0000	0	1.00	0.2030	0.3924	-0.5852	1.753	1
117755	-0.259	-0.046	0.304	-0.33	-0.54	-1.36	0.012	-0.002	0.051	0.032	-0.226	0.173	-0.0404	-0.0058	0.0532	0.0000	0.0000	0.0000	0	1.00	0.2030	0.3924	-0.5852	1.753	1
117763	-0.256	-0.041	0.296	-0.09	-0.55	-0.85	-0.008	-0.002	0.030	0.032	-0.226	0.173	-0.0433	-0.0111	0.0564	0.0000	0.0000	0.0000	0	1.00	0.2030	0.3924	-0.5852	1.753	1
117771	-0.255	-0.035	0.289	-0.31	-0.38	-1.02	-0.031	0.008	0.021	0.032	-0.225	0.173	-0.0498	-0.0016	0.0514	0.0000	0.0000	0.0000	0	1.00	0.2030	0.3924	-0.5852	1.753	1
117779	-0.253	-0.032	0.285	-0.48	-0.70	-0.74	-0.033	0.021	0.014	0.032	-0.225	0.173	-0.0525	-0.0059	0.0587	0.0000	0.0000	0.0000	0	1.00	0.2030	0.3924	-0.5852	1.753	1
117787	-0.248	-0.033	0.280	-0.65	-0.46	-0.59	-0.041	0.023	0.001	0.032	-0.225	0.173	-0.0587	-0.0011	0.0580	0.0000	0.0000	0.0000	0	1.00	0.2030	0.3924	-0.5852	1.753	1
117794	-0.246	-0.034	0.279	-0.48	-1.24	-0.51	-0.028	0.030	-0.025	0.032	-0.225	0.172	-0.0479	-0.0167	0.0602	0.0000	0.0000	0.0000	0	1.00	0.2030	0.3924	-0.5852	1.753	1
117803	-0.243	-0.037	0.279	-0.54	-1.07	-0.51	-0.012	0.014	-0.055	0.032	-0.225	0.172	-0.0473	-0.0157	0.0565	0.0000	0.0000	0.0000	0	1.00	0.2030	0.3924	-0.5852	1.753	1
117811	-0.246	-0.036	0.282	-0.91	-0.66	-0.45	-0.003	0.006	-0.029	0.032	-0.224	0.172	-0.0569	-0.0070	0.0602	0.0000	0.0000	0.0000	0	1.00	0.2030	0.3924	-0.5852	1.753	1
117819	-0.247	-0.039	0.285	-0.94	-0.87	-0.31	0.014	-0.003	-0.038	0.032	-0.224	0.172	-0.0544	-0.0139	0.0643	0.0000	0.0000	0.0000	0	1.00	0.2030	0.3924	-0.5852	1.753	1
117827	-0.242	-0.044	0.285	-1.13	-0.83	-0.27	0.036	-0.012	-0.026	0.032	-0.224	0.172	-0.0543	-0.0146	0.0675	0.0000	0.0000	0.0000	0	1.00	0.2030	0.3924	-0.5852	1.753	1
117834	-0.242	-0.049	0.290	-0.93	-0.92	-0.70	0.046	-0.010	-0.012	0.032	-0.224	0.172	-0.0457	-0.0149	0.0621	0.0000	0.0000	0.0000	0	1.00	0.2030	0.3924	-0.5852	1.753	1
117843	-0.246	-0.050	0.295	-0.81	-0.71	-0.50	0.044	-0.006	-0.002	0.032	-0.224	0.171	-0.0482	-0.0135	0.0651	0.0000	0.0000	0.0000	0	1.00	0.2030	0.3924	-0.5852	1.753	1
117851	-0.250	-0.048	0.297	-0.97	-0.23	-0.71	0.035	-0.028	0.024	0.032	-0.224	0.171	-0.0550	-0.0045	0.0636	0.0000	0.0000	0.0000	0	1.00	0.2030	0.3924	-0.5852	1.753	1
117859	-0.255	-0.048	0.302	-0.65	-0.16	-0.89	0.011	-0.030	0.036	0.032	-0.223	0.171	-0.0527	-0.0046	0.0595	0.0000	0.0000	0.0000	0	1.00	0.2030	0.3924	-0.5852	1.753	1
117867	-0.258	-0.049	0.306	-0.74	-0.13	-0.94	0.002	-0.023	0.037	0.032	-0.223	0.171	-0.0559	-0.0021	0.0600	0.0000	0.0000	0.0000	0	1.00	0.2030	0.3924	-0.5852	1.753	1
117874	-0.260	-0.045	0.304	-0.35	-0.14	-1.21	-0.012	-0.015	0.037	0.032	-0.223	0.171	-0.0497	-0.0012	0.0517	0.0000	0.0000	0.0000	0	1.00	0.2030	0.3924	-0.5852	1.753	1
117883	-0.264	-0.041	0.304	-0.67	-0.34	-1.33	-0.027	-0.000	0.041	0.032	-0.223	0.171	-0.0551	0.0019	0.0547	0.0000	0.0000	0.0000	0	1.00	0.2030	0.3924	-0.5852	1.753	1
117891	-0.266	-0.037	0.302	-0.60	-0.30	-1.54	-0.032	0.006	0.040	0.032	-0.223	0.171	-0.0535	0.0059	0.0496	0.0000	0.0000	0.0000	0	1.00	0.2030	0.3924	-0.5852	1.753	1
117899	-0.267	-0.033	0.299	-0.80	-0.46	-1.18	-0.030	0.002	0.018	0.032	-0.223	0.171	-0.0584	0.0020	0.0555	0.0000	0.0000	0.0000	0	1.00	0.2030	0.3924	-0.5852	1.753	1
117907	-0.268	-0.028	0.296	-0.81	-0.96	-0.99	-0.034	0.018	0.007	0.032	-0.222	0.171	-0.0567	-0.0052	0.0608	0.0000	0.0000	0.0000	0	1.00	0.2030	0.3924	-0.5852	1.753	1
117914	-0.270	-0.026	0.295	-0.89	-0.64	-1.02	-0.034	0.023	-0.021	0.031	-0.222	0.170	-0.0607	0.0028	0.0539	0.0000	0.0000	0.0000	0	1.00	0.2030	0.3924	-0.5852	1.753	1
117923	-0.265	-0.018	0.282	-0.55	-0.68	-0.89	-0.038	0.001	-0.035	0.031	-0.222	0.170	-0.0548	-0.0036	0.0492	0.0000	0.0000	0.0000	0	1.00	0.2030	0.3924	-0.5852	1.753	1
117931	-0.262	-0.016	0.278	-0.45	-0.65	-1.03	-0.007	-0.006	-0.032	0.031	-0.222	0.170	-0.0475	-0.0035	0.0449	0.0000	0.0000	0.0000	0	1.00	0.2030	0.3924	-0.5852	1.753	1
117939	-0.263	-0.016	0.279	-0.43	-0.68	-0.81	0.000	-0.011	-0.045	0.031	-0.222	0.170	-0.0480	-0.0068	0.0477	0.0000	0.0000	0.0000	0	1.00	0.2030	0.3924	-0.5852	1.753	1
117947	-0.264	-0.014	0.278	-0.16	-0.79	-0.75	0.014	-0.026	-0.043	0.031	-0.221	0.170	-0.0409	-0.0136	0.0472	0.0000	0.0000	0.0000	0	1.00	0.2030	0.3924	-0.5852	1.753	1
117955	-0.263	-0.011	0.274	-0.33	-0.64	-0.94	0.029	0.000	-0.032	0.031	-0.221	0.170	-0.0413	-0.0033	0.0443	0.0000	0.0000	0.0000	0	1.00	0.2030	0.3924	-0.5852	1.753	1
117963	-0.258	-0.016	0.273	0.23	-0.43	-1.08	0.027	-0.001	-0.013	0.031	-0.221	0.169	-0.0316	-0.0043	0.0374	0.0000	0.0000	0.0000	0	1.00	0.2030	0.3924	-0.5852	1.753	1
117971	-0.254	-0.024	0.277	-0.15	-0.62	-1.35	0.046	0.012	0.019	0.031	-0.221	0.169	-0.0317	-0.0019	0.0434	0.0000	0.0000	0.0000	0	1.00	0.2030	0.3924	-0.5852	1.753	1
117979	-0.249	-0.027	0.275	0.14	-0.51	-1.33	0.034	0.019	0.029	0.031	-0.221	0.169	-0.0280	-0.0022	0.0410	0.0000	0.0000	0.0000	0	1.00	0.2030	0.3924	-0.5852	1.753	1
118018	-0.208	-0.033	0.239	0.44	0.05	-1.45	-0.033	0.001	0.025	0.031	-0.220	0.169	-0.0274	0.0029	0.0240	0.0000	0.0000	0.0000	0	1.00	0.2030	0.3924	-0.5852	1.753	1
118027	-0.197	-0.033	0.229	0.51	-0.31	-0.95	-0.032	0.006	0.008	0.031	-0.220	0.169	-0.0252	-0.0077	0.0305	0.0000	0.0000	0.0000	0	1.00	0.2030	0.3924	-0.5852	1.753	1
118035	-0.188	-0.029	0.217	0.04	-0.05	-0.95	-0.039	0.013	-0.019	0.031	-0.219	0.168	-0.0342	0.0030	0.0257	0.0000	0.0000	0.0000	0	1.00	0.2030	0.3924	-0.5852	1.753	1
118042	-0.185	-0.022	0.207	-0.07	-0.14	-1.38	-0.032	-0.012	-0.039	0.031	-0.219	0.168	-0.0298	0.0035	0.0158	0.0000	0.0000	0.0000	0	1.00	0.2030	0.3924	-0.5852	1.753	1
118051	-0.181	-0.015	0.196	-0.29	0.32	-1.10	-0.008	0.017	-0.072	0.031	-0.219	0.168	-0.0360	0.0174	0.0143	0.0000	0.0000	0.0000	0	1.00	0.2030	0.3924	-0.5852	1.753	1
118058	-0.176	-0.012	0.188	-0.72	-0.06	-1.13	0.009	-0.011	-0.074	0.031	-0.219	0.168	-0.0359	0.0105	0.0193	0.0000	0.0000	0.0000	0	1.00	0.2030	0.3924	-0.5852	1.753	1
118067	-0.172	-0.003	0.175	-0.67	-0.30	-0.94	0.029	0.001	-0.086	0.031	-0.219	0.168	-0.0310	0.0079	0.0209	0.0000	0.0000	0.0000	0	1.00	0.2030	0.3924	-0.5852	1.753	1
118074	-0.169	-0.001	0.170	-1.14	-0.38	-0.60	0.049	-0.006	-0.074	0.031	-0.219	0.167	-0.0391	0.0067	0.0311	0.0000	0.0000	0.0000	0	1.00	0.2030	0.3924	-0.5852	1.753	1
118082	-0.170	0.005	0.165	-0.89	-0.27	-0.65	0.034	-0.005	-0.049	0.031	-0.218	0.167	-0.0367	0.0084	0.0269	0.0000	0.0000	0.0000	0	1.00	0.2030	0.3924	-0.5852	1.753	1
118090	-0.174	0.008	0.167	-1.06	-0.46	-0.50	0.029	0.002	-0.025	0.031	-0.218	0.167	-0.0410	0.0067	0.0355	0.0000	0.0000	0.0000	0	1.00	0.2030	0.3924	-0.5852	1.753	1
118098	-0.178	0.005	0.173	-1.17	-0.39	-0.35	0.009	-0.006	0.006	0.031	-0.218	0.167	-0.0487	0.0057	0.0449	0.0000	0.0000	0.0000	0	1.00	0.2030	0.3924	-0.5852	1.753	1
118106	-0.177	-0.000	0.177	-1.02	-0.51	-0.38	-0.001	-0.011	0.044	0.031	-0.218	0.167	-0.0464	0.0005	0.0496	0.0000	0.0000	0.0000	0	1.00	0.2030	0.3924	-0.5852	1.753	1
118114	-0.180	-0.004	0.184	-0.96	-0.55	-0.08	-0.022	-0.012	0.067	0.031	-0.218	0.167	-0.0519	-0.0041	0.0574	0.0000	0.0000	0.0000	0	1.00	0.2030	0.3924	-0.5852	1.753	1
118122	-0.187	-0.003	0.190	-0.64	-0.41	-0.02	-0.031	-0.032	0.086	0.031	-0.218	0.167	-0.0506	-0.0074	0.0562	0.0000	0.0000	0.0000	0	1.00	0.2030	0.3924	-0.5852	1.753	1
118130	-0.190	-0.003	0.193	-0.53	-0.33	-0.63	-0.050	-0.019	0.092	0.031	-0.217	0.167	-0.0462	-0.0000	0.0449	0.0000	0.0000	0.0000	0	1.00	0.2030	0.3924	-0.5852	1.753	1
118138	-0.196	-0.000	0.196	-0.48	-0.16	-0.54	-0.044	-0.010	0.074	0.031	-0.217	0.167	-0.0484	0.0040	0.0446	0.0000	0.0000	0.0000	0	1.00	0.2030	0.3924	-0.5852	1.753	1
118146	-0.199	-0.001	0.200	-0.45	-0.32	-0.62	-0.032	-0.002	0.059	0.031	-0.217	0.167	-0.0452	0.0024	0.0445	0.0000	0.0000	0.0000	0	1.00	0.2030	0.3924	-0.5852	1.753	1
118153	-0.201	-0.001	0.202	-0.21	-0.19	-0.57	-0.013	0.018	0.044	0.031	-0.217	0.166	-0.0406	0.0055	0.0411	0.0000	0.0000	0.0000	0	1.00	0.2030	0.3924	-0.5852	1.753	1
118162	-0.200	0.001	0.199	-0.01	-0.01	-1.25	0.008	0.019	0.003	0.031	-0.217	0.166	-0.0288	0.0136	0.0202	0.0000	0.0000	0.0000	0	1.00	0.2030	0.3924	-0.5852	1.753	1
118170	-0.205	0.008	0.196	-0.49	0.27	-1.58	0.015	0.026	-0.028	0.031	-0.217	0.166	-0.0360	0.0279	0.0114	0.0000	0.0000	0.0000	0	1.00	0.2030	0.3924	-0.5852	1.753	1
118178	-0.211	0.016	0.196	-0.37	0.51	-1.42	0.041	0.033	-0.058	0.031	-0.216	0.166	-0.0354	0.0324	0.0080	0.0000	0.0000	0.0000	0	1.00	0.2030	0.3924	-0.5852	1.753	1
118185	-0.211	0.021	0.190	-0.18	0.30	-1.29	0.059	0.009	-0.068	0.031	-0.216	0.166	-0.0302	0.0236	0.0090	0.0000	0.0000	0.0000	0	1.00	0.2030	0.3924	-0.5852	1.753	1
118193	-0.206	0.022	0.185	-0.12	-0.22	-0.94	0.056	0.015	-0.090	0.031	-0.216	0.166	-0.0270	0.0119	0.0170	0.0000	0.0000	0.0000	0	1.00	0.2030	0.3924	-0.5852	1.753	1
118201	-0.202	0.025	0.177	-0.04	-0.58	-0.87	0.050	0.018	-0.085	0.031	-0.216	0.165	-0.0227	0.0054	0.0191	0.0000	0.0000	0.0000	0	1.00	0.2030	0.3924	-0.5852	1.753	1
118209	-0.204	0.032	0.173	-0.29	-0.09	-1.42	0.030	0.008	-0.055	0.031	-0.216	0.165	-0.0286	0.0208	0.0083	0.0000	0.0000	0.0000	0	1.00	0.2030	0.3924	-0.5852	1.753	1
118217	-0.207	0.038	0.170	-0.02	-0.27	-0.99	0.008	0.006	-0.035	0.031	-0.215	0.165	-0.0301	0.0128	0.0156	0.0000	0.0000	0.0000	0	1.00	0.2030	0.3924	-0.5852	1.753	1
118225	-0.206	0.037	0.170	0.09	-0.20	-0.84	-0.025	-0.008	-0.040	0.031	-0.215	0.165	-0.0349	0.0093	0.0166	0.0000	0.0000	0.0000	0	1.00	0.2030	0.3924	-0.5852	1.753	1
118233	-0.202	0.038	0.165	-0.31	-0.42	-0.97	-0.056	-0.008	0.006	0.031	-0.215	0.165	-0.0409	0.0100	0.0254	0.0000	0.0000	0.0000	0	1.00	0.2030	0.3924	-0.5852	1.753	1
118240	-0.195	0.035	0.161	-0.05	-0.48	-0.86	-0.059	-0.029	0.033	0.031	-0.215	0.165	-0.0358	0.0021	0.0284	0.0000	0.0000	0.0000	0	1.00	0.2030	0.3924	-0.5852	1.753	1
118248	-0.190	0.034	0.156	-0.14	-0.38	-1.28	-0.069	-0.017	0.044	0.030	-0.215	0.165	-0.0338	0.0097	0.0213	0.0000	0.0000	0.0000	0	1.00	0.2030	0.3924	-0.5852	1.753	1
118256	-0.182	0.031	0.152	-0.02	-0.29	-1.28	-0.062	-0.023	0.071	0.030	-0.215	0.165	-0.0308	0.0085	0.0200	0.0000	0.0000	0.0000	0	1.00	0.2030	0.3924	-0.5852	1.753	1
118264	-0.177	0.029	0.149	0.04	-0.62	-1.43	-0.056	-0.042	0.075	0.030	-0.214	0.164	-0.0242	0.0008	0.0191	0.0000	0.0000	0.0000	0	1.00	0.2030	0.3924	-0.5852	1.753	1
118272	-0.169	0.029	0.142	-0.48	-0.30	-1.45	-0.029	-0.007	0.062	0.030	-0.214	0.164	-0.0319	0.0155	0.0184	0.0000	0.0000	0.0000	0	1.00	0.2030	0.3924	-0.5852	1.753	1
118280	-0.164	0.034	0.131	-0.31	-0.23	-1.47	0.003	0.004	0.042	0.030	-0.214	0.164	-0.0236	0.0184	0.0122	0.0000	0.0000	0.0000	0	1.00	0.2030	0.3924	-0.5852	1.753	1
118287	-0.157	0.040	0.118	-0.65	0.06	-1.53	0.034	-0.013	0.017	0.030	-0.214	0.164	-0.0251	0.0254	0.0062	0.0000	0.0000	0.0000	0	1.00	0.2030	0.3924	-0.5852	1.753	1
118295	-0.154	0.045	0.110	-0.34	-0.03	-1.44	0.052	0.005	-0.009	0.030	-0.214	0.164	-0.0177	0.0245	-0.0002	0.0000	0.0000	0.0000	0	1.00	0.2030	0.3924	-0.5852	1.753	1
118303	-0.158	0.050	0.110	-0.17	0.50	-1.18	0.067	0.011	-0.041	0.030	-0.214	0.164	-0.0218	0.0323	-0.0058	0.0000	0.0000	0.0000	0	1.00	0.2030	0.3924	-0.5852	1.753	1
118311	-0.155	0.050	0.106	-0.07	0.19	-0.97	0.067	0.008	-0.059	0.030	-0.213	0.164	-0.0184	0.0240	-0.0027	0.0000	0.0000	0.0000	0	1.00	0.2030	0.3924	-0.5852	1.753	1
118319	-0.152	0.056	0.097	-0.16	0.02	-1.13	0.058	0.027	-0.074	0.030	-0.213	0.164	-0.0169	0.0270	-0.0056	0.0000	0.0000	0.0000	0	1.00	0.2030	0.3924	-0.5852	1.753	1
118327	-0.150	0.058	0.094	-0.02	-0.10	-0.73	0.043	0.009	-0.070	0.030	-0.213	0.163	-0.0177	0.0182	0.0006	0.0000	0.0000	0.0000	0	1.00	0.2030	0.3924	-0.5852	1.753	1
118334	-0.146	0.062	0.086	0.51	0.28	-0.79	0.020	0.013	-0.047	0.030	-0.213	0.163	-0.0133	0.0225	-0.0088	0.0000	0.0000	0.0000	0	1.00	0.2030	0.3924	-0.5852	1.753	1
118342	-0.145	0.060	0.086	0.19	0.24	-0.65	0.012	0.028	-0.038	0.030	-0.213	0.163	-0.0206	0.0251	-0.0025	0.0000	0.0000	0.0000	0	1.00	0.2030	0.3924	-0.5852	1.753	1
118350	-0.146	0.061	0.087	-0.27	-0.23	-0.35	-0.035	-0.001	0.003	0.030	-0.213	0.163	-0.0344	0.0138	0.0172	0.0000	0.0000	0.0000	0	1.00	0.2030	0.3924	-0.5852	1.753	1
118358	-0.145	0.068	0.078	-0.20	-0.44	-0.74	-0.041	0.013	0.006	0.030	-0.212	0.163	-0.0281	0.0162	0.0104	0.0000	0.0000	0.0000	0	1.00	0.2030	0.3924	-0.5852	1.753	1
118366	-0.140	0.067	0.074	-0.70	-0.48	-0.95	-0.055	-0.006	0.036	0.030	-0.212	0.163	-0.0343	0.0182	0.0151	0.0000	0.0000	0.0000	0	1.00	0.2030	0.3924	-0.5852	1.753	1
118374	-0.137	0.069	0.071	-0.67	-0.76	-1.22	-0.043	-0.011	0.053	0.030	-0.212	0.163	-0.0279	0.0146	0.0131	0.0000	0.0000	0.0000	0	1.00	0.2030	0.3924	-0.5852	1.753	1
118382	-0.135	0.071	0.066	-1.25	-0.56	-1.37	-0.040	-0.022	0.072	0.030	-0.212	0.162	-0.0372	0.0231	0.0140	0.0000	0.0000	0.0000	0	1.00	0.2030	0.3924	-0.5852	1.753	1
118389	-0.133	0.076	0.060	-1.11	-0.62	-1.35	-0.010	-0.024	0.060	0.030	-0.212	0.162	-0.0305	0.0213	0.0119	0.0000	0.0000	0.0000	0	1.00	0.2030	0.3924	-0.5852	1.753	1
118397	-0.135	0.080	0.057	-1.11	-0.72	-0.93	-0.006	-0.014	0.034	0.030	-0.212	0.162	-0.0329	0.0184	0.0172	0.0000	0.0000	0.0000	0	1.00	0.2030	0.3924	-0.5852	1.753	1
118405	-0.135	0.084	0.053	-1.01	-0.36	-0.65	0.018	0.005	0.001	0.030	-0.211	0.162	-0.0330	0.0256	0.0123	0.0000	0.0000	0.0000	0	1.00	0.2030	0.3924	-0.5852	1.753	1
118413	-0.138	0.092	0.049	-0.77	-0.22	-0.61	0.032	0.013	-0.017	0.030	-0.211	0.162	-0.0293	0.0286	0.0058	0.0000	0.0000	0.0000	0	1.00	0.2030	0.3924	-0.5852	1.753	1
118421	-0.137	0.094	0.046	-0.39	-0.02	-0.66	0.028	0.022	-0.035	0.030	-0.211	0.162	-0.0245	0.0315	-0.0030	0.0000	0.0000	0.0000	0	1.00	0.2030	0.3924	-0.5852	1.753	1
118429	-0.140	0.091	0.051	-0.22	-0.38	-0.25	0.021	0.024	-0.056	0.030	-0.211	0.162	-0.0235	0.0198	0.0050	0.0000	0.0000	0.0000	0	1.00	0.2030	0.3924	-0.5852	1.753	1
118436	-0.139	0.089	0.052	-0.07	-0.30	-0.17	0.016	0.024	-0.061	0.030	-0.211	0.162	-0.0228	0.0189	0.0043	0.0000	0.0000	0.0000	0	1.00	0.2030	0.3924	-0.5852	1.753	1
118444	-0.144	0.093	0.053	-0.25	-0.05	-0.34	0.008	0.003	-0.053	0.030	-0.210	0.161	-0.0287	0.0243	0.0016	0.0000	0.0000	0.0000	0	1.00	0.2030	0.3924	-0.5852	1.753	1
118452	-0.144	0.093	0.053	0.08	-0.36	-0.57	-0.012	-0.004	-0.043	0.030	-0.210	0.161	-0.0214	0.0165	-0.0017	0.0000	0.0000	0.0000	0	1.00	0.2030	0.3924	-0.5852	1.753	1
118460	-0.145	0.096	0.052	-0.24	-0.48	-0.78	-0.010	-0.006	0.002	0.030	-0.210	0.161	-0.0242	0.0188	0.0043	0.0000	0.0000	0.0000	0	1.00	0.2030	0.3924	-0.5852	1.753	1
118468	-0.145	0.095	0.053	-0.34	-0.56	-0.60	-0.020	-0.016	0.032	0.030	-0.210	0.161	-0.0284	0.0148	0.0135	0.0000	0.0000	0.0000	0	1.00	0.2030	0.3924	-0.5852	1.753	1
118476	-0.146	0.095	0.054	-0.75	-1.00	-0.69	-0.020	-0.014	0.049	0.030	-0.210	0.161	-0.0313	0.0114	0.0211	0.0000	0.0000	0.0000	0	1.00	0.2030	0.3924	-0.5852	1.753	1
118484	-0.145	0.100	0.048	-0.63	-0.78	-0.82	-0.001	-0.030	0.066	0.030	-0.210	0.161	-0.0267	0.0142	0.0158	0.0000	0.0000	0.0000	0	1.00	0.2030	0.3924	-0.5852	1.753	1
118492	-0.141	0.101	0.043	-1.09	-0.67	-0.79	-0.004	-0.032	0.072	0.030	-0.210	0.161	-0.0352	0.0198	0.0186	0.0000	0.0000	0.0000	0	1.00	0.2030	0.3924	-0.5852	1.753	1
118500	-0.139	0.099	0.043	-0.77	-0.85	-0.72	0.010	-0.018	0.059	0.030	-0.209	0.161	-0.0263	0.0145	0.0178	0.0000	0.0000	0.0000	0	1.00	0.2030	0.3924	-0.5852	1.753	1
118508	-0.141	0.097	0.046	-0.89	-0.98	-0.68	0.009	0.007	0.051	0.030	-0.209	0.161	-0.0283	0.0165	0.0207	0.0000	0.0000	0.0000	0	1.00	0.2030	0.3924	-0.5852	1.753	1
118516	-0.147	0.098	0.052	-0.80	-0.99	-0.34	0.009	0.011	0.007	0.030	-0.209	0.160	-0.0309	0.0137	0.0219	0.0000	0.0000	0.0000	0	1.00	0.2030	0.3924	-0.5852	1.753	1
118524	-0.143	0.096	0.049	-0.46	-0.95	-0.30	0.008	0.007	-0.011	0.030	-0.209	0.160	-0.0250	0.0104	0.0158	0.0000	0.0000	0.0000	0	1.00	0.2030	0.3924	-0.5852	1.753	1
118531	-0.140	0.092	0.050	-0.47	-0.59	-0.54	0.016	0.009	-0.047	0.030	-0.209	0.160	-0.0240	0.0186	0.0046	0.0000	0.0000	0.0000	0	1.00	0.2030	0.3924	-0.5852	1.753	1
118539	-0.135	0.087	0.050	-0.63	-0.65	-0.95	0.006	0.037	-0.071	0.030	-0.208	0.160	-0.0230	0.0249	-0.0017	0.0000	0.0000	0.0000	0	1.00	0.2030	0.3924	-0.5852	1.753	1
118547	-0.136	0.086	0.053	-0.60	-0.74	-0.78	-0.012	0.019	-0.086	0.030	-0.208	0.160	-0.0260	0.0193	0.0019	0.0000	0.0000	0.0000	0	1.00	0.2030	0.3924	-0.5852	1.753	1
118555	-0.137	0.086	0.054	-0.29	-0.78	-0.73	-0.014	0.020	-0.068	0.030	-0.208	0.160	-0.0217	0.0157	0.0011	0.0000	0.0000	0.0000	0	1.00	0.2030	0.3924	-0.5852	1.753	1
118563	-0.137	0.085	0.054	-0.47	-0.41	-0.71	-0.016	0.010	-0.060	0.030	-0.208	0.159	-0.0283	0.0221	0.0004	0.0000	0.0000	0.0000	0	1.00	0.2030	0.3924	-0.5852	1.753	1
118571	-0.140	0.086	0.057	-0.65	-0.75	-1.04	-0.008	-0.018	-0.044	0.029	-0.208	0.159	-0.0249	0.0159	0.0009	0.0000	0.0000	0.0000	0	1.00	0.2030	0.3924	-0.5852	1.753	1
118579	-0.140	0.084	0.058	-0.63	-0.98	-1.36	-0.006	-0.025	0.003	0.029	-0.208	0.159	-0.0195	0.0128	0.0036	0.0000	0.0000	0.0000	0	1.00	0.2030	0.3924	-0.5852	1.753	1
118587	-0.140	0.086	0.057	-0.82	-0.94	-1.32	-0.008	-0.020	0.026	0.029	-0.207	0.159	-0.0239	0.0156	0.0088	0.0000	0.0000	0.0000	0	1.00	0.2030	0.3924	-0.5852	1.753	1
118595	-0.140	0.082	0.061	-0.90	-1.08	-1.20	0.003	-0.030	0.055	0.029	-0.207	0.159	-0.0236	0.0104	0.0162	0.0000	0.0000	0.0000	0	1.00	0.2030	0.3924	-0.5852	1.753	1
118602	-0.143	0.082	0.063	-1.13	-0.99	-0.85	0.008	-0.008	0.066	0.029	-0.207	0.159	-0.0315	0.0142	0.0244	0.0000	0.0000	0.0000	0	1.00	0.2030	0.3924	-0.5852	1.753	1
118610	-0.144	0.084	0.062	-0.82	-1.15	-1.10	0.009	0.002	0.084	0.029	-0.207	0.159	-0.0225	0.0127	0.0188	0.0000	0.0000	0.0000	0	1.00	0.2030	0.3924	-0.5852	1.753	1
118618	-0.142	0.085	0.059	-0.60	-1.07	-0.76	0.024	0.014	0.072	0.029	-0.207	0.159	-0.0203	0.0117	0.0210	0.0000	0.0000	0.0000	0	1.00	0.2030	0.3924	-0.5852	1.753	1
118626	-0.142	0.087	0.058	-0.26	-0.83	-0.61	-0.003	0.019	0.062	0.029	-0.207	0.159	-0.0218	0.0131	0.0178	0.0000	0.0000	0.0000	0	1.00	0.2030	0.3924	-0.5852	1.753	1
118634	-0.141	0.080	0.063	-0.52	-0.91	-0.17	-0.004	0.043	0.029	0.029	-0.206	0.158	-0.0295	0.0115	0.0269	0.0000	0.0000	0.0000	0	1.00	0.2030	0.3924	-0.5852	1.753	1
118642	-0.138	0.076	0.064	-0.38	-0.77	-0.03	-0.007	0.029	-0.015	0.029	-0.206	0.158	-0.0291	0.0097	0.0204	0.0000	0.0000	0.0000	0	1.00	0.2030	0.3924	-0.5852	1.753	1
118650	-0.141	0.078	0.065	-0.14	-0.63	0.02	-0.003	0.037	-0.037	0.029	-0.206	0.158	-0.0265	0.0110	0.0154	0.0000	0.0000	0.0000	0	1.00	0.2030	0.3924	-0.5852	1.753	1
118658	-0.132	0.069	0.064	-0.18	-0.62	-0.06	-0.013	0.037	-0.056	0.029	-0.206	0.158	-0.0260	0.0105	0.0127	0.0000	0.0000	0.0000	0	1.00	0.2030	0.3924	-0.5852	1.753	1
118665	-0.133	0.069	0.066	-0.32	-0.42	-0.54	-0.006	0.022	-0.066	0.029	-0.206	0.158	-0.0248	0.0175	0.0038	0.0000	0.0000	0.0000	0	1.00	0.2030	0.3924	-0.5852	1.753	1
118673	-0.137	0.066	0.073	-0.54	-0.96	-0.30	-0.003	0.004	-0.070	0.029	-0.206	0.158	-0.0263	0.0044	0.0159	0.0000	0.0000	0.0000	0	1.00	0.2030	0.3924	-0.5852	1.753	1
118681	-0.138	0.061	0.079	-0.51	-0.92	-0.27	-0.003	-0.011	-0.053	0.029	-0.205	0.158	-0.0266	0.0008	0.0181	0.0000	0.0000	0.0000	0	1.00	0.2030	0.3924	-0.5852	1.753	1
118689	-0.129	0.053	0.078	-0.62	-1.01	-0.70	0.009	-0.015	-0.037	0.029	-0.205	0.157	-0.0203	0.0015	0.0134	0.0000	0.0000	0.0000	0	1.00	0.2030	0.3924	-0.5852	1.753	1
118697	-0.125	0.053	0.074	-0.83	-0.97	-1.17	0.013	-0.041	-0.012	0.029	-0.205	0.157	-0.0184	0.0047	0.0093	0.0000	0.0000	0.0000	0	1.00	0.2030	0.3924	-0.5852	1.753	1
118705	-0.119	0.045	0.075	-0.85	-1.02	-1.31	0.022	-0.032	0.004	0.029	-0.205	0.157	-0.0148	0.0043	0.0104	0.0000	0.0000	0.0000	0	1.00	0.2030	0.3924	-0.5852	1.753	1
118713	-0.116	0.041	0.076	-0.88	-0.99	-1.10	0.025	-0.036	0.034	0.029	-0.205	0.157	-0.0166	0.0020	0.0182	0.0000	0.0000	0.0000	0	1.00	0.2030	0.3924	-0.5852	1.753	1
118721	-0.117	0.040	0.078	-0.76	-1.03	-0.97	0.017	-0.019	0.063	0.029	-0.205	0.157	-0.0169	0.0010	0.0221	0.0000	0.0000	0.0000	0	1.00	0.2030	0.3924	-0.5852	1.753	1
118729	-0.121	0.042	0.080	-0.83	-0.68	-0.71	0.005	-0.010	0.051	0.029	-0.205	0.157	-0.0261	0.0075	0.0241	0.0000	0.0000	0.0000	0	1.00	0.2030	0.3924	-0.5852	1.753	1
118737	-0.117	0.046	0.072	-0.46	-0.89	-0.66	-0.018	0.003	0.057	0.029	-0.204	0.157	-0.0213	0.0032	0.0221	0.0000	0.0000	0.0000	0	1.00	0.2030	0.3924	-0.5852	1.753	1
118744	-0.110	0.044	0.067	-0.76	-0.74	-0.52	-0.015	0.007	0.061	0.029	-0.204	0.157	-0.0273	0.0075	0.0252	0.0000	0.0000	0.0000	0	1.00	0.2030	0.3924	-0.5852	1.753	1
118752	-0.109	0.040	0.070	-0.52	-0.52	-0.55	-0.023	0.023	0.042	0.029	-0.204	0.157	-0.0256	0.0113	0.0199	0.0000	0.0000	0.0000	0	1.00	0.2030	0.3924	-0.5852	1.753	1
118760	-0.104	0.034	0.070	-0.50	-0.73	-0.16	-0.012	0.020	0.018	0.029	-0.204	0.156	-0.0243	0.0026	0.0254	0.0000	0.0000	0.0000	0	1.00	0.2030	0.3924	-0.5852	1.753	1
118768	-0.103	0.031	0.073	-0.33	-0.84	-0.01	0.009	0.032	-0.012	0.029	-0.204	0.156	-0.0182	-0.0012	0.0229	0.0000	0.0000	0.0000	0	1.00	0.2030	0.3924	-0.5852	1.753	1
118776	-0.102	0.031	0.071	-0.48	-0.29	-0.41	0.015	0.037	-0.016	0.029	-0.203	0.156	-0.0206	0.0139	0.0118	0.0000	0.0000	0.0000	0	1.00	0.2030	0.3924	-0.5852	1.753	1
118783	-0.101	0.030	0.072	-0.63	-0.45	-0.40	0.029	0.027	-0.041	0.029	-0.203	0.156	-0.0196	0.0108	0.0119	0.0000	0.0000	0.0000	0	1.00	0.2030	0.3924	-0.5852	1.753	1
118791	-0.100	0.031	0.069	-0.81	-0.33	-0.88	0.026	0.009	-0.047	0.029	-0.203	0.156	-0.0194	0.0163	0.0034	0.0000	0.0000	0.0000	0	1.00	0.2030	0.3924	-0.5852	1.753	1
118800	-0.100	0.029	0.072	-0.24	-0.72	-0.84	0.030	0.009	-0.023	0.029	-0.203	0.156	-0.0064	0.0034	0.0052	0.0000	0.0000	0.0000	0	1.00	0.2030	0.3924	-0.5852	1.753	1
118807	-0.098	0.024	0.074	-0.84	-0.99	-1.03	0.017	-0.004	-0.039	0.029	-0.203	0.156	-0.0137	0.0021	0.0087	0.0000	0.0000	0.0000	0	1.00	0.2030	0.3924	-0.5852	1.753	1
118815	-0.101	0.027	0.075	-0.62	-0.76	-0.96	0.008	-0.008	-0.033	0.029	-0.203	0.155	-0.0145	0.0040	0.0065	0.0000	0.0000	0.0000	0	1.00	0.2030	0.3924	-0.5852	1.753	1
118823	-0.100	0.027	0.074	-0.43	-0.62	-1.17	-0.015	-0.024	-0.005	0.029	-0.202	0.155	-0.0141	0.0042	0.0040	0.0000	0.0000	0.0000	0	1.00	0.2030	0.3924	-0.5852	1.753	1
118831	-0.099	0.027	0.073	-0.65	-0.46	-1.01	-0.038	-0.011	-0.006	0.029	-0.202	0.155	-0.0231	0.0095	0.0070	0.0000	0.0000	0.0000	0	1.00	0.2030	0.3924	-0.5852	1.753	1
118839	-0.099	0.027	0.073	-0.72	-0.82	-1.11	-0.042	-0.014	0.014	0.029	-0.202	0.155	-0.0210	0.0040	0.0122	0.0000	0.0000	0.0000	0	1.00	0.2030	0.3924	-0.5852	1.753	1
118847	-0.099	0.029	0.072	-0.89	-1.06	-0.91	-0.033	-0.002	0.013	0.029	-0.202	0.155	-0.0229	0.0017	0.0186	0.0000	0.0000	0.0000	0	1.00	0.2030	0.3924	-0.5852	1.753	1
118855	-0.098	0.033	0.065	-0.61	-0.80	-1.35	-0.010	-0.002	0.015	0.029	-0.202	0.155	-0.0129	0.0086	0.0052	0.0000	0.0000	0.0000	0	1.00	0.2030	0.3924	-0.5852	1.753	1
118863	-0.099	0.036	0.064	-1.04	-0.52	-0.99	0.004	0.020	0.002	0.029	-0.202	0.155	-0.0240	0.0180	0.0106	0.0000	0.0000	0.0000	0	1.00	0.2030	0.3924	-0.5852	1.753	1
118871	-0.101	0.037	0.065	-0.77	-0.62	-1.26	0.017	0.030	-0.002	0.029	-0.202	0.155	-0.0147	0.0179	0.0037	0.0000	0.0000	0.0000	0	1.00	0.2030	0.3924	-0.5852	1.753	1
118879	-0.102	0.037	0.066	-0.86	-0.93	-0.97	0.025	0.021	0.009	0.029	-0.201	0.154	-0.0153	0.0091	0.0143	0.0000	0.0000	0.0000	0	1.00	0.2030	0.3924	-0.5852	1.753	1
118886	-0.109	0.042	0.068	-0.79	-0.65	-1.11	0.030	0.017	0.007	0.029	-0.201	0.154	-0.0159	0.0154	0.0089	0.0000	0.0000	0.0000	0	1.00	0.2030	0.3924	-0.5852	1.753	1
118895	-0.107	0.042	0.066	-0.56	-0.54	-0.92	0.041	0.004	-0.004	0.029	-0.201	0.154	-0.0131	0.0118	0.0070	0.0000	0.0000	0.0000	0	1.00	0.2030	0.3924	-0.5852	1.753	1
118903	-0.101	0.041	0.061	-0.23	-0.70	-0.99	0.039	-0.001	-0.005	0.029	-0.201	0.154	-0.0043	0.0058	0.0028	0.0000	0.0000	0.0000	0	1.00	0.2030	0.3924	-0.5852	1.753	1
118911	-0.096	0.037	0.061	0.01	-0.48	-1.03	0.016	-0.014	0.000	0.029	-0.201	0.154	-0.0036	0.0051	-0.0009	0.0000	0.0000	0.0000	0	1.00	0.2030	0.3924	-0.5852	1.753	1
118918	-0.096	0.038	0.060	0.09	-0.55	-0.50	-0.003	-0.014	-0.010	0.029	-0.201	0.154	-0.0093	-0.0009	0.0064	0.0000	0.0000	0.0000	0	1.00	0.2030	0.3924	-0.5852	1.753	1
118926	-0.096	0.039	0.059	-0.35	-0.42	-0.62	-0.012	-0.015	-0.018	0.029	-0.200	0.154	-0.0182	0.0064	0.0058	0.0000	0.0000	0.0000	0	1.00	0.2030	0.3924	-0.5852	1.753	1
118935	-0.098	0.040	0.059	-0.22	-0.50	-0.87	-0.020	-0.034	-0.012	0.029	-0.200	0.154	-0.0145	0.0038	0.0022	0.0000	0.0000	0.0000	0	1.00	0.2030	0.3924	-0.5852	1.753	1
118942	-0.095	0.041	0.055	0.05	-0.40	-1.03	-0.027	-0.034	-0.015	0.028	-0.200	0.153	-0.0094	0.0048	-0.0053	0.0000	0.0000	0.0000	0	1.00	0.2030	0.3924	-0.5852	1.753	1
118950	-0.093	0.040	0.054	-0.21	-0.63	-1.18	-0.026	-0.020	-0.011	0.028	-0.200	0.153	-0.0103	0.0056	-0.0029	0.0000	0.0000	0.0000	0	1.00	0.2030	0.3924	-0.5852	1.753	1
118958	-0.086	0.034	0.053	-0.11	-0.77	-1.14	-0.027	-0.001	-0.003	0.028	-0.200	0.153	-0.0067	0.0038	-0.0012	0.0000	0.0000	0.0000	0	1.00	0.2030	0.3924	-0.5852	1.753	1
118966	-0.086	0.032	0.054	-0.52	-0.64	-1.18	-0.013	0.001	0.019	0.028	-0.200	0.153	-0.0123	0.0097	0.0041	0.0000	0.0000	0.0000	0	1.00	0.2030	0.3924	-0.5852	1.753	1
118974	-0.081	0.036	0.046	-0.56	-0.54	-0.91	-0.010	0.011	0.020	0.028	-0.199	0.153	-0.0150	0.0118	0.0067	0.0000	0.0000	0.0000	0	1.00	0.2030	0.3924	-0.5852	1.753	1
118982	-0.078	0.037	0.042	-0.70	-0.44	-0.99	-0.008	0.024	0.036	0.028	-0.199	0.153	-0.0166	0.0173	0.0068	0.0000	0.0000	0.0000	0	1.00	0.2030	0.3924	-0.5852	1.753	1
118989	-0.073	0.034	0.040	-0.52	-0.88	-1.25	0.003	0.017	0.044	0.028	-0.199	0.153	-0.0049	0.0086	0.0047	0.0000	0.0000	0.0000	0	1.00	0.2030	0.3924	-0.5852	1.753	1
118997	-0.066	0.035	0.032	-0.39	-0.39	-1.02	0.004	0.032	0.026	0.028	-0.199	0.153	-0.0072	0.0165	-0.0003	0.0000	0.0000	0.0000	0	1.00	0.2030	0.3924	-0.5852	1.753	1
119005	-0.066	0.038	0.029	-0.31	-0.42	-0.97	0.005	0.013	0.012	0.028	-0.199	0.153	-0.0056	0.0130	-0.0023	0.0000	0.0000	0.0000	0	1.00	0.2030	0.3924	-0.5852	1.753	1
119013	-0.060	0.038	0.024	-0.12	-0.48	-0.68	0.010	0.006	-0.001	0.028	-0.199	0.153	-0.0023	0.0067	-0.0018	0.0000	0.0000	0.0000	0	1.00	0.2030	0.3924	-0.5852	1.753	1
119021	-0.056	0.039	0.019	-0.42	-0.01	-1.16	-0.002	-0.000	-0.021	0.028	-0.198	0.152	-0.0082	0.0212	-0.0151	0.0000	0.0000	0.0000	0	1.00	0.2030	0.3924	-0.5852	1.753	1
119029	-0.052	0.041	0.012	-0.25	0.05	-1.19	0.001	0.002	-0.024	0.028	-0.198	0.152	-0.0042	0.0219	-0.0195	0.0000	0.0000	0.0000	0	1.00	0.2030	0.3924	-0.5852	1.753	1
119036	-0.052	0.048	0.005	-0.41	-0.40	-1.21	-0.011	-0.016	-0.038	0.028	-0.198	0.152	-0.0044	0.0140	-0.0174	0.0000	0.0000	0.0000	0	1.00	0.2030	0.3924	-0.5852	1.753	1
119044	-0.049	0.048	0.002	-0.60	-0.32	-0.78	-0.011	0.002	-0.029	0.028	-0.198	0.152	-0.0121	0.0163	-0.0086	0.0000	0.0000	0.0000	0	1.00	0.2030	0.3924	-0.5852	1.753	1
119052	-0.043	0.046	-0.001	-0.65	-0.21	-1.27	-0.015	-0.006	-0.023	0.028	-0.198	0.152	-0.0086	0.0210	-0.0174	0.0000	0.0000	0.0000	0	1.00	0.2030	0.3924	-0.5852	1.753	1
119060	-0.045	0.050	-0.003	-0.60	-0.02	-1.08	-0.004	-0.002	-0.024	0.028	-0.198	0.152	-0.0100	0.0239	-0.0169	0.0000	0.0000	0.0000	0	1.00	0.2030	0.3924	-0.5852	1.753	1
119068	-0.045	0.055	-0.008	-0.70	-0.23	-1.20	-0.008	0.003	0.009	0.028	-0.198	0.152	-0.0094	0.0237	-0.0125	0.0000	0.0000	0.0000	0	1.00	0.2030	0.3924	-0.5852	1.753	1
119076	-0.043	0.065	-0.021	-0.58	-0.31	-1.03	-0.001	0.011	0.012	0.028	-0.197	0.151	-0.0068	0.0231	-0.0120	0.0000	0.0000	0.0000	0	1.00	0.2030	0.3924	-0.5852	1.753	1
119084	-0.040	0.072	-0.030	-0.23	-0.31	-0.95	0.011	-0.006	0.003	0.028	-0.197	0.151	0.0010	0.0183	-0.0170	0.0000	0.0000	0.0000	0	1.00	0.2030	0.3924	-0.5852	1.753	1
119092	-0.037	0.079	-0.040	-0.34	-0.33	-1.14	0.013	0.011	0.010	0.028	-0.197	0.151	0.0019	0.0245	-0.0203	0.0000	0.0000	0.0000	0	1.00	0.2030	0.3924	-0.5852	1.753	1
119100	-0.036	0.083	-0.045	-0.47	-0.66	-1.21	0.029	-0.007	0.024	0.028	-0.197	0.151	0.0055	0.0180	-0.0163	0.0000	0.0000	0.0000	0	1.00	0.2030	0.3924	-0.5852	1.753	1
119108	-0.032	0.085	-0.051	-0.31	-0.88	-0.83	0.041	-0.007	0.026	0.028	-0.197	0.151	0.0087	0.0099	-0.0105	0.0000	0.0000	0.0000	0	1.00	0.2030	0.3924	-0.5852	1.753	1
119115	-0.036	0.085	-0.046	-0.39	-0.73	-0.68	0.042	0.002	0.010	0.028	-0.197	0.151	0.0039	0.0134	-0.0098	0.0000	0.0000	0.0000	0	1.00	0.2030	0.3924	-0.5852	1.753	1
119123	-0.035	0.086	-0.049	-0.55	-0.66	-0.18	0.035	-0.003	0.000	0.028	-0.196	0.151	-0.0042	0.0115	-0.0025	0.0000	0.0000	0.0000	0	1.00	0.2030	0.3924	-0.5852	1.753	1
119131	-0.034	0.089	-0.053	-0.75	-0.63	-0.32	0.020	-0.022	-0.001	0.028	-0.196	0.151	-0.0081	0.0127	-0.0043	0.0000	0.0000	0.0000	0	1.00	0.2030	0.3924	-0.5852	1.753	1
119139	-0.034	0.089	-0.052	-0.25	-0.68	-0.46	-0.003	0.009	-0.004	0.028	-0.196	0.151	-0.0017	0.0135	-0.0110	0.0000	0.0000	0.0000	0	1.00	0.2030	0.3924	-0.5852	1.753	1
119147	-0.035	0.084	-0.046	-0.56	-1.01	-0.44	-0.006	-0.010	0.008	0.028	-0.196	0.150	-0.0047	0.0059	-0.0019	0.0000	0.0000	0.0000	0	1.00	0.2030	0.3924	-0.5852	1.753	1
119155	-0.034	0.080	-0.044	-0.94	-0.92	-0.26	-0.036	0.004	-0.001	0.028	-0.196	0.150	-0.0176	0.0109	0.0030	0.0000	0.0000	0.0000	0	1.00	0.2030	0.3924	-0.5852	1.753	1
119163	-0.037	0.078	-0.039	-0.69	-0.80	-0.32	-0.031	0.000	-0.006	0.028	-0.196	0.150	-0.0139	0.0103	-0.0009	0.0000	0.0000	0.0000	0	1.00	0.2030	0.3924	-0.5852	1.753	1
119171	-0.037	0.074	-0.035	-0.86	-0.69	-0.47	-0.047	0.002	-0.023	0.028	-0.195	0.150	-0.0177	0.0145	-0.0044	0.0000	0.0000	0.0000	0	1.00	0.2030	0.3924	-0.5852	1.753	1
119179	-0.037	0.067	-0.028	-0.76	-0.61	-0.65	-0.038	0.021	-0.001	0.028	-0.195	0.150	-0.0147	0.0182	-0.0045	0.0000	0.0000	0.0000	0	1.00	0.2030	0.3924	-0.5852	1.753	1
119187	-0.042	0.065	-0.021	-0.99	-1.05	-0.82	-0.036	0.025	-0.008	0.028	-0.195	0.150	-0.0139	0.0136	-0.0015	0.0000	0.0000	0.0000	0	1.00	0.2030	0.3924	-0.5852	1.753	1
119195	-0.044	0.063	-0.018	-0.92	-0.74	-0.68	-0.009	0.017	0.005	0.028	-0.195	0.150	-0.0136	0.0159	0.0003	0.0000	0.0000	0.0000	0	1.00	0.2030	0.3924	-0.5852	1.753	1
119203	-0.045	0.066	-0.019	-1.19	-0.71	-0.65	0.010	0.011	0.006	0.028	-0.195	0.150	-0.0159	0.0180	0.0027	0.0000	0.0000	0.0000	0	1.00	0.2030	0.3924	-0.5852	1.753	1
119211	-0.041	0.064	-0.022	-0.95	-0.43	-1.06	0.017	-0.002	0.005	0.028	-0.195	0.149	-0.0085	0.0221	-0.0094	0.0000	0.0000	0.0000	0	1.00	0.2030	0.3924	-0.5852	1.753	1
119219	-0.038	0.067	-0.027	-0.75	-0.46	-0.92	0.016	-0.027	-0.002	0.028	-0.195	0.149	-0.0054	0.0154	-0.0107	0.0000	0.0000	0.0000	0	1.00	0.2030	0.3924	-0.5852	1.753	1
119227	-0.040	0.066	-0.024	-0.66	-0.66	-0.69	0.033	-0.019	-0.019	0.028	-0.194	0.149	-0.0025	0.0101	-0.0080	0.0000	0.0000	0.0000	0	1.00	0.2030	0.3924	-0.5852	1.753	1
119235	-0.046	0.073	-0.026	-0.71	-0.81	-0.50	0.042	-0.005	-0.007	0.028	-0.194	0.149	-0.0043	0.0098	-0.0016	0.0000	0.0000	0.0000	0	1.00	0.2030	0.3924	-0.5852	1.753	1
119243	-0.049	0.079	-0.028	-0.74	-0.52	-0.55	0.042	-0.015	-0.025	0.028	-0.194	0.149	-0.0073	0.0155	-0.0077	0.0000	0.0000	0.0000	0	1.00	0.2030	0.3924	-0.5852	1.753	1
119251	-0.054	0.080	-0.023	-0.92	-0.69	-0.73	0.035	-0.012	-0.000	0.028	-0.194	0.149	-0.0092	0.0157	-0.0030	0.0000	0.0000	0.0000	0	1.00	0.2030	0.3924	-0.5852	1.753	1
119259	-0.049	0.073	-0.021	-0.36	-0.81	-0.84	0.036	-0.004	0.014	0.028	-0.194	0.149	0.0033	0.0096	-0.0064	0.0000	0.0000	0.0000	0	1.00	0.2030	0.3924	-0.5852	1.753	1
119267	-0.052	0.069	-0.015	-0.17	-0.54	-0.57	0.007	-0.002	0.016	0.028	-0.194	0.149	-0.0025	0.0103	-0.0042	0.0000	0.0000	0.0000	0	1.00	0.2030	0.3924	-0.5852	1.753	1
119275	-0.049	0.065	-0.014	-0.41	-1.05	-0.56	0.000	0.000	0.022	0.028	-0.193	0.148	-0.0031	0.0027	0.0037	0.0000	0.0000	0.0000	0	1.00	0.2030	0.3924	-0.5852	1.753	1
119283	-0.045	0.061	-0.014	-0.70	-0.70	-0.73	-0.024	0.017	0.023	0.028	-0.193	0.148	-0.0123	0.0145	0.0007	0.0000	0.0000	0.0000	0	1.00	0.2030	0.3924	-0.5852	1.753	1
119291	-0.039	0.061	-0.021	-0.45	-0.82	-0.85	-0.026	0.023	0.019	0.028	-0.193	0.148	-0.0047	0.0123	-0.0048	0.0000	0.0000	0.0000	0	1.00	0.2030	0.3924	-0.5852	1.753	1
119298	-0.035	0.060	-0.023	-0.40	-0.55	-0.75	-0.045	0.009	0.018	0.027	-0.193	0.148	-0.0084	0.0138	-0.0061	0.0000	0.0000	0.0000	0	1.00	0.2030	0.3924	-0.5852	1.753	1
119306	-0.037	0.060	-0.021	-0.45	-0.82	-0.85	-0.036	0.028	-0.007	0.027	-0.193	0.148	-0.0055	0.0129	-0.0088	0.0000	0.0000	0.0000	0	1.00	0.2030	0.3924	-0.5852	1.753	1
119314	-0.037	0.059	-0.021	-0.07	-0.70	-0.82	-0.056	-0.002	-0.010	0.027	-0.193	0.148	-0.0016	0.0070	-0.0128	0.0000	0.0000	0.0000	0	1.00	0.2030	0.3924	-0.5852	1.753	1
119322	-0.038	0.064	-0.024	-0.64	-0.39	-0.77	-0.019	0.001	-0.042	0.027	-0.192	0.148	-0.0108	0.0184	-0.0143	0.0000	0.0000	0.0000	0	1.00	0.2030	0.3924	-0.5852	1.753	1
119330	-0.038	0.063	-0.023	-0.80	-0.22	-0.68	-0.017	-0.000	-0.029	0.027	-0.192	0.148	-0.0158	0.0219	-0.0112	0.0000	0.0000	0.0000	0	1.00	0.2030	0.3924	-0.5852	1.753	1
119338	-0.034	0.061	-0.025	-0.38	-0.25	-0.54	-0.012	-0.018	-0.018	0.027	-0.192	0.148	-0.0079	0.0132	-0.0114	0.0000	0.0000	0.0000	0	1.00	0.2030	0.3924	-0.5852	1.753	1
119346	-0.036	0.060	-0.023	-0.41	-0.63	-0.66	0.019	-0.017	-0.023	0.027	-0.192	0.147	0.0004	0.0074	-0.0104	0.0000	0.0000	0.0000	0	1.00	0.2030	0.3924	-0.5852	1.753	1
119354	-0.036	0.059	-0.021	-0.53	-0.33	-1.05	0.032	-0.011	-0.017	0.027	-0.192	0.147	0.0008	0.0177	-0.0174	0.0000	0.0000	0.0000	0	1.00	0.2030	0.3924	-0.5852	1.753	1
119362	-0.042	0.064	-0.020	-0.91	-0.37	-0.74	0.029	-0.002	-0.016	0.027	-0.192	0.147	-0.0098	0.0202	-0.0078	0.0000	0.0000	0.0000	0	1.00	0.2030	0.3924	-0.5852	1.753	1
119370	-0.043	0.071	-0.026	-0.91	-0.28	-0.83	0.040	-0.013	0.001	0.027	-0.192	0.147	-0.0089	0.0221	-0.0087	0.0000	0.0000	0.0000	0	1.00	0.2030	0.3924	-0.5852	1.753	1
119377	-0.040	0.064	-0.022	-0.43	-0.81	-0.67	0.033	0.015	0.009	0.027	-0.191	0.147	0.0021	0.0101	-0.0040	0.0000	0.0000	0.0000	0	1.00	0.2030	0.3924	-0.5852	1.753	1
119385	-0.044	0.067	-0.022	-0.68	-0.54	-1.00	0.013	0.011	0.025	0.027	-0.191	0.147	-0.0049	0.0200	-0.0070	0.0000	0.0000	0.0000	0	1.00	0.2030	0.3924	-0.5852	1.753	1
119393	-0.049	0.069	-0.018	-0.58	-0.48	-0.85	-0.001	0.021	0.030	0.027	-0.191	0.147	-0.0083	0.0207	-0.0046	0.0000	0.0000	0.0000	0	1.00	0.2030	0.3924	-0.5852	1.753	1
119401	-0.050	0.071	-0.018	-0.70	-0.74	-0.68	-0.001	0.008	0.039	0.027	-0.191	0.147	-0.0100	0.0139	0.0026	0.0000	0.0000	0.0000	0	1.00	0.2030	0.3924	-0.5852	1.753	1
119409	-0.050	0.074	-0.022	-0.76	-0.31	-0.94	-0.001	0.002	0.032	0.027	-0.191	0.146	-0.0124	0.0243	-0.0063	0.0000	0.0000	0.0000	0	1.00	0.2030	0.3924	-0.5852	1.753	1
119417	-0.047	0.070	-0.022	-0.52	-0.35	-0.72	-0.009	-0.001	0.018	0.027	-0.191	0.146	-0.0103	0.0185	-0.0062	0.0000	0.0000	0.0000	0	1.00	0.2030	0.3924	-0.5852	1.753	1
119425	-0.045	0.070	-0.023	-0.42	-0.40	-0.77	-0.033	0.005	0.005	0.027	-0.191	0.146	-0.0105	0.0182	-0.0096	0.0000	0.0000	0.0000	0	1.00	0.2030	0.3924	-0.5852	1.753	1
119433	-0.045	0.071	-0.024	-0.26	-0.58	-0.87	-0.034	0.009	-0.006	0.027	-0.190	0.146	-0.0055	0.0154	-0.0131	0.0000	0.0000	0.0000	0	1.00	0.2030	0.3924	-0.5852	1.753	1
119441	-0.045	0.074	-0.027	-0.71	-0.34	-0.97	-0.038	-0.014	-0.015	0.027	-0.190	0.146	-0.0146	0.0214	-0.0147	0.0000	0.0000	0.0000	0	1.00	0.2030	0.3924	-0.5852	1.753	1
119449	-0.043	0.074	-0.029	-0.62	-0.30	-0.67	-0.024	-0.011	-0.018	0.027	-0.190	0.146	-0.0140	0.0193	-0.0117	0.0000	0.0000	0.0000	0	1.00	0.2030	0.3924	-0.5852	1.753	1
119457	-0.038	0.078	-0.037	-0.92	-0.39	-1.03	0.004	-0.015	-0.015	0.027	-0.190	0.146	-0.0097	0.0230	-0.0157	0.0000	0.0000	0.0000	0	1.00	0.2030	0.3924	-0.5852	1.753	1
119464	-0.036	0.078	-0.039	-0.83	-0.43	-0.97	0.013	0.001	-0.015	0.027	-0.190	0.146	-0.0069	0.0238	-0.0157	0.0000	0.0000	0.0000	0	1.00	0.2030	0.3924	-0.5852	1.753	1
119473	-0.034	0.081	-0.045	-0.75	-0.48	-1.20	0.011	0.002	-0.016	0.027	-0.190	0.145	-0.0027	0.0249	-0.0212	0.0000	0.0000	0.0000	0	1.00	0.2030	0.3924	-0.5852	1.753	1
119481	-0.038	0.080	-0.040	-0.75	-0.37	-1.01	0.018	0.000	-0.004	0.027	-0.189	0.145	-0.0051	0.0247	-0.0161	0.0000	0.0000	0.0000	0	1.00	0.2030	0.3924	-0.5852	1.753	1
119489	-0.041	0.082	-0.038	-0.63	-0.67	-0.61	0.010	-0.005	0.000	0.027	-0.189	0.145	-0.0060	0.0144	-0.0067	0.0000	0.0000	0.0000	0	1.00	0.2030	0.3924	-0.5852	1.753	1
119497	-0.040	0.082	-0.040	-0.32	-0.49	-0.78	0.001	-0.019	0.013	0.027	-0.189	0.145	-0.0020	0.0143	-0.0120	0.0000	0.0000	0.0000	0	1.00	0.2030	0.3924	-0.5852	1.753	1
119504	-0.036	0.081	-0.044	-0.71	-0.27	-0.73	-0.012	-0.021	0.010	0.027	-0.189	0.145	-0.0121	0.0208	-0.0108	0.0000	0.0000	0.0000	0	1.00	0.2030	0.3924	-0.5852	1.753	1
119513	-0.037	0.089	-0.050	-0.60	-0.20	-0.58	0.003	-0.019	0.012	0.027	-0.189	0.145	-0.0100	0.0216	-0.0109	0.0000	0.0000	0.0000	0	1.00	0.2030	0.3924	-0.5852	1.753	1
119520	-0.037	0.089	-0.050	-0.50	-0.30	-0.59	-0.009	-0.017	0.020	0.027	-0.189	0.145	-0.0095	0.0196	-0.0099	0.0000	0.0000	0.0000	0	1.00	0.2030	0.3924	-0.5852	1.753	1
119529	-0.041	0.090	-0.046	-0.49	-0.49	-0.52	-0.003	0.002	0.016	0.027	-0.189	0.145	-0.0084	0.0186	-0.0070	0.0000	0.0000	0.0000	0	1.00	0.2030	0.3924	-0.5852	1.753	1
119536	-0.037	0.088	-0.049	-0.74	-0.52	-0.55	-0.001	0.020	0.016	0.027	-0.188	0.145	-0.0110	0.0228	-0.0056	0.0000	0.0000	0.0000	0	1.00	0.2030	0.3924	-0.5852	1.753	1
119544	-0.042	0.092	-0.048	-0.73	-0.60	-0.89	-0.000	0.026	0.010	0.027	-0.188	0.145	-0.0078	0.0257	-0.0116	0.0000	0.0000	0.0000	0	1.00	0.2030	0.3924	-0.5852	1.753	1
119552	-0.044	0.093	-0.046	-0.99	-0.89	-0.66	0.002	0.018	0.010	0.027	-0.188	0.144	-0.0119	0.0198	-0.0026	0.0000	0.0000	0.0000	0	1.00	0.2030	0.3924	-0.5852	1.753	1
119560	-0.047	0.095	-0.046	-0.84	-0.34	-0.63	0.010	0.015	0.002	0.027	-0.188	0.144	-0.0138	0.0283	-0.0092	0.0000	0.0000	0.0000	0	1.00	0.2030	0.3924	-0.5852	1.753	1
119568	-0.049	0.096	-0.045	-0.85	-0.54	-0.74	0.008	0.012	-0.014	0.027	-0.188	0.144	-0.0118	0.0255	-0.0116	0.0000	0.0000	0.0000	0	1.00	0.2030	0.3924	-0.5852	1.753	1
119576	-0.049	0.093	-0.041	-0.69	-0.76	-0.36	-0.001	0.003	-0.014	0.027	-0.188	0.144	-0.0121	0.0149	-0.0038	0.0000	0.0000	0.0000	0	1.00	0.2030	0.3924	-0.5852	1.753	1
119584	-0.048	0.088	-0.038	-0.59	-0.51	-0.71	-0.003	-0.033	-0.019	0.027	-0.188	0.144	-0.0090	0.0153	-0.0127	0.0000	0.0000	0.0000	0	1.00	0.2030	0.3924	-0.5852	1.753	1
119592	-0.045	0.088	-0.041	-0.29	-0.59	-0.62	-0.012	-0.028	-0.017	0.027	-0.187	0.144	-0.0049	0.0111	-0.0135	0.0000	0.0000	0.0000	0	1.00	0.2030	0.3924	-0.5852	1.753	1
119600	-0.052	0.095	-0.041	-0.57	-0.45	-0.57	0.005	-0.036	-0.009	0.027	-0.187	0.144	-0.0100	0.0161	-0.0102	0.0000	0.0000	0.0000	0	1.00	0.2030	0.3924	-0.5852	1.753	1
119609	-0.055	0.093	-0.036	-0.44	-0.34	-0.71	-0.002	-0.012	-0.005	0.027	-0.187	0.144	-0.0093	0.0210	-0.0133	0.0000	0.0000	0.0000	0	1.00	0.2030	0.3924	-0.5852	1.753	1
119617	-0.052	0.093	-0.039	-0.75	-0.29	-1.09	-0.016	-0.012	-0.003	0.027	-0.187	0.143	-0.0133	0.0278	-0.0176	0.0000	0.0000	0.0000	0	1.00	0.2030	0.3924	-0.5852	1.753	1
119625	-0.055	0.099	-0.041	-0.23	-0.33	-0.61	-0.016	0.006	0.007	0.027	-0.187	0.143	-0.0093	0.0228	-0.0127	0.0000	0.0000	0.0000	0	1.00	0.2030	0.3924	-0.5852	1.753	1
119633	-0.056	0.104	-0.045	-0.22	-0.20	-1.17	-0.015	0.025	0.009	0.027	-0.187	0.143	-0.0054	0.0337	-0.0240	0.0000	0.0000	0.0000	0	1.00	0.2030	0.3924	-0.5852	1.753	1
119640	-0.058	0.110	-0.049	-0.44	-0.36	-1.00	-0.021	0.023	0.019	0.026	-0.186	0.143	-0.0105	0.0318	-0.0169	0.0000	0.0000	0.0000	0	1.00	0.2030	0.3924	-0.5852	1.753	1
119648	-0.058	0.115	-0.054	-0.15	-0.30	-0.93	-0.029	0.017	0.003	0.026	-0.186	0.143	-0.0076	0.0304	-0.0223	0.0000	0.0000	0.0000	0	1.00	0.2030	0.3924	-0.5852	1.753	1
119657	-0.055	0.112	-0.054	-0.18	-0.18	-0.81	-0.018	0.021	-0.015	0.026	-0.186	0.143	-0.0081	0.0319	-0.0240	0.0000	0.0000	0.0000	0	1.00	0.2030	0.3924	-0.5852	1.753	1
119664	-0.055	0.115	-0.057	-0.10	-0.54	-0.74	-0.016	0.022	-0.015	0.026	-0.186	0.143	-0.0040	0.0248	-0.0211	0.0000	0.0000	0.0000	0	1.00	0.2030	0.3924	-0.5852	1.753	1
119673	-0.051	0.116	-0.063	-0.21	-0.64	-0.85	-0.009	0.013	-0.028	0.026	-0.186	0.143	-0.0018	0.0236	-0.0239	0.0000	0.0000	0.0000	0	1.00	0.2030	0.3924	-0.5852	1.753	1
119681	-0.044	0.119	-0.072	-0.14	-0.49	-0.86	0.014	-0.003	-0.017	0.026	-0.186	0.143	0.0032	0.0238	-0.0267	0.0000	0.0000	0.0000	0	1.00	0.2030	0.3924	-0.5852	1.753	1
119688	-0.040	0.120	-0.076	-0.34	-0.50	-0.96	0.020	-0.005	-0.023	0.026	-0.186	0.142	0.0024	0.0259	-0.0280	0.0000	0.0000	0.0000	0	1.00	0.2030	0.3924	-0.5852	1.753	1
119696	-0.037	0.116	-0.075	-0.32	-0.79	-0.91	0.038	-0.006	-0.022	0.026	-0.185	0.142	0.0075	0.0189	-0.0246	0.0000	0.0000	0.0000	0	1.00	0.2030	0.3924	-0.5852	1.753	1
119704	-0.038	0.119	-0.078	-0.25	-0.83	-1.04	0.028	-0.016	-0.015	0.026	-0.185	0.142	0.0090	0.0178	-0.0265	0.0000	0.0000	0.0000	0	1.00	0.2030	0.3924	-0.5852	1.753	1
119712	-0.036	0.121	-0.081	-0.54	-0.49	-0.78	0.022	-0.019	0.006	0.026	-0.185	0.142	-0.0018	0.0244	-0.0197	0.0000	0.0000	0.0000	0	1.00	0.2030	0.3924	-0.5852	1.753	1
119720	-0.035	0.118	-0.080	-0.42	-0.87	-0.73	0.004	-0.009	0.015	0.026	-0.185	0.142	0.0008	0.0168	-0.0152	0.0000	0.0000	0.0000	0	1.00	0.2030	0.3924	-0.5852	1.753	1
119728	-0.032	0.120	-0.085	-0.56	-0.41	-1.04	-0.003	0.007	0.019	0.026	-0.185	0.142	-0.0035	0.0320	-0.0236	0.0000	0.0000	0.0000	0	1.00	0.2030	0.3924	-0.5852	1.753	1
119736	-0.027	0.117	-0.086	-0.53	-0.55	-0.84	-0.014	0.010	0.020	0.026	-0.185	0.142	-0.0044	0.0274	-0.0193	0.0000	0.0000	0.0000	0	1.00	0.2030	0.3924	-0.5852	1.753	1
119744	-0.024	0.117	-0.090	-0.64	-0.98	-0.93	-0.025	0.018	0.024	0.026	-0.185	0.142	-0.0027	0.0226	-0.0163	0.0000	0.0000	0.0000	0	1.00	0.2030	0.3924	-0.5852	1.753	1
119752	-0.018	0.117	-0.095	-0.59	-0.79	-1.17	-0.033	0.012	0.031	0.026	-0.184	0.142	-0.0011	0.0267	-0.0226	0.0000	0.0000	0.0000	0	1.00	0.2030	0.3924	-0.5852	1.753	1
119760	-0.018	0.116	-0.095	-0.56	-0.75	-1.13	-0.024	0.017	0.027	0.026	-0.184	0.141	0.0001	0.0271	-0.0231	0.0000	0.0000	0.0000	0	1.00	0.2030	0.3924	-0.5852	1.753	1
119768	-0.018	0.116	-0.094	-0.41	-0.63	-0.66	-0.028	0.010	0.012	0.026	-0.184	0.141	-0.0033	0.0232	-0.0194	0.0000	0.0000	0.0000	0	1.00	0.2030	0.3924	-0.5852	1.753	1
119776	-0.016	0.116	-0.097	-0.56	-0.47	-0.67	-0.025	0.016	-0.005	0.026	-0.184	0.141	-0.0062	0.0285	-0.0228	0.0000	0.0000	0.0000	0	1.00	0.2030	0.3924	-0.5852	1.753	1
119784	-0.014	0.113	-0.097	-0.41	-1.00	-0.60	-0.003	0.004	-0.006	0.026	-0.184	0.141	0.0040	0.0146	-0.0186	0.0000	0.0000	0.0000	0	1.00	0.2030	0.3924	-0.5852	1.753	1
119792	-0.012	0.108	-0.093	-0.54	-0.70	-0.56	0.003	0.007	-0.022	0.026	-0.184	0.141	0.0001	0.0202	-0.0210	0.0000	0.0000	0.0000	0	1.00	0.2030	0.3924	-0.5852	1.753	1
119800	-0.011	0.107	-0.093	-0.46	-0.74	-0.51	0.017	-0.004	-0.014	0.026	-0.183	0.141	0.0039	0.0163	-0.0193	0.0000	0.0000	0.0000	0	1.00	0.2030	0.3924	-0.5852	1.753	1
119808	-0.014	0.109	-0.092	-0.68	-0.82	-0.42	0.037	-0.028	-0.030	0.026	-0.183	0.141	0.0020	0.0128	-0.0170	0.0000	0.0000	0.0000	0	1.00	0.2030	0.3924	-0.5852	1.753	1
119816	-0.011	0.105	-0.091	-0.51	-0.78	-0.72	0.025	-0.027	-0.006	0.026	-0.183	0.141	0.0065	0.0138	-0.0205	0.0000	0.0000	0.0000	0	1.00	0.2030	0.3924	-0.5852	1.753	1
119824	-0.009	0.101	-0.090	-0.49	-0.90	-0.41	0.021	-0.020	-0.002	0.026	-0.183	0.140	0.0048	0.0092	-0.0135	0.0000	0.0000	0.0000	0	1.00	0.2030	0.3924	-0.5852	1.753	1
119832	-0.006	0.099	-0.091	-0.86	-0.89	-1.01	0.025	-0.022	-0.012	0.026	-0.183	0.140	0.0050	0.0168	-0.0221	0.0000	0.0000	0.0000	0	1.00	0.2030	0.3924	-0.5852	1.753	1
119839	-0.007	0.097	-0.087	-0.94	-1.16	-0.76	0.021	-0.021	0.021	0.026	-0.183	0.140	0.0026	0.0101	-0.0091	0.0000	0.0000	0.0000	0	1.00	0.2030	0.3924	-0.5852	1.753	1
119848	-0.006	0.091	-0.083	-0.90	-1.10	-0.44	-0.005	-0.007	0.013	0.026	-0.183	0.140	-0.0038	0.0090	-0.0047	0.0000	0.0000	0.0000	0	1.00	0.2030	0.3924	-0.5852	1.753	1
119856	-0.008	0.095	-0.085	-0.98	-1.32	-0.66	-0.025	-0.006	0.014	0.026	-0.183	0.140	-0.0045	0.0085	-0.0059	0.0000	0.0000	0.0000	0	1.00	0.2030	0.3924	-0.5852	1.753	1
119864	-0.011	0.096	-0.083	-1.02	-0.73	-0.59	-0.034	0.027	0.009	0.026	-0.182	0.140	-0.0127	0.0245	-0.0100	0.0000	0.0000	0.0000	0	1.00	0.2030	0.3924	-0.5852	1.753	1
119872	-0.008	0.098	-0.088	-0.68	-1.15	-0.40	-0.040	0.021	0.000	0.026	-0.182	0.140	-0.0051	0.0122	-0.0085	0.0000	0.0000	0.0000	0	1.00	0.2030	0.3924	-0.5852	1.753	1
119879	-0.010	0.103	-0.090	-0.87	-0.96	-0.82	-0.036	0.038	-0.009	0.026	-0.182	0.140	-0.0060	0.0236	-0.0177	0.0000	0.0000	0.0000	0	1.00	0.2030	0.3924	-0.5852	1.753	1
119888	-0.012	0.101	-0.087	-1.06	-0.72	-0.24	-0.038	0.039	-0.014	0.026	-0.182	0.140	-0.0172	0.0244	-0.0081	0.0000	0.0000	0.0000	0	1.00	0.2030	0.3924	-0.5852	1.753	1
119896	-0.015	0.104	-0.086	-0.66	-0.76	-0.28	-0.027	0.035	-0.010	0.026	-0.182	0.139	-0.0091	0.0207	-0.0115	0.0000	0.0000	0.0000	0	1.00	0.2030	0.3924	-0.5852	1.753	1
119904	-0.015	0.103	-0.085	-0.90	-1.18	-0.35	-0.019	0.011	-0.018	0.026	-0.182	0.139	-0.0077	0.0124	-0.0078	0.0000	0.0000	0.0000	0	1.00	0.2030	0.3924	-0.5852	1.753	1
119912	-0.014	0.101	-0.084	-1.07	-0.75	-0.52	-0.009	-0.004	-0.005	0.026	-0.181	0.139	-0.0110	0.0202	-0.0107	0.0000	0.0000	0.0000	0	1.00	0.2030	0.3924	-0.5852	1.753	1
119919	-0.014	0.100	-0.083	-1.07	-1.03	-0.55	0.019	-0.032	-0.011	0.026	-0.181	0.139	-0.0040	0.0110	-0.0093	0.0000	0.0000	0.0000	0	1.00	0.2030	0.3924	-0.5852	1.753	1
119928	-0.017	0.095	-0.076	-0.63	-1.30	-0.30	0.037	-0.016	-0.010	0.026	-0.181	0.139	0.0050	0.0013	-0.0053	0.0000	0.0000	0.0000	0	1.00	0.2030	0.3924	-0.5852	1.753	1
119936	-0.020	0.098	-0.075	-0.78	-0.98	-0.15	0.027	-0.028	0.013	0.026	-0.181	0.139	-0.0033	0.0061	-0.0004	0.0000	0.0000	0.0000	0	1.00	0.2030	0.3924	-0.5852	1.753	1
119944	-0.022	0.098	-0.073	-0.79	-0.75	-0.27	0.038	-0.030	0.019	0.026	-0.181	0.139	-0.0038	0.0111	-0.0028	0.0000	0.0000	0.0000	0	1.00	0.2030	0.3924	-0.5852	1.753	1
119951	-0.022	0.093	-0.069	-0.74	-0.73	-0.33	0.025	-0.044	0.032	0.026	-0.181	0.139	-0.0038	0.0091	-0.0021	0.0000	0.0000	0.0000	0	1.00	0.2030	0.3924	-0.5852	1.753	1
119959	-0.021	0.087	-0.064	-0.57	-0.71	-0.31	0.023	-0.034	0.026	0.026	-0.181	0.139	-0.0015	0.0076	-0.0032	0.0000	0.0000	0.0000	0	1.00	0.2030	0.3924	-0.5852	1.753	1
119967	-0.016	0.078	-0.060	-0.46	-0.91	-0.34	0.002	-0.017	0.022	0.026	-0.181	0.139	0.0001	0.0037	-0.0026	0.0000	0.0000	0.0000	0	1.00	0.2030	0.3924	-0.5852	1.753	1
119975	-0.021	0.074	-0.051	-0.91	-0.81	0.02	-0.017	-0.009	0.027	0.026	-0.180	0.138	-0.0156	0.0067	0.0092	0.0000	0.0000	0.0000	0	1.00	0.2030	0.3924	-0.5852	1.753	1
119983	-0.024	0.074	-0.049	-1.01	-0.57	-0.43	-0.009	0.004	0.009	0.026	-0.180	0.138	-0.0145	0.0178	-0.0016	0.0000	0.0000	0.0000	0	1.00	0.2030	0.3924	-0.5852	1.753	1
119991	-0.026	0.070	-0.043	-0.85	-0.62	-0.65	-0.014	0.009	0.019	0.026	-0.180	0.138	-0.0107	0.0174	-0.0038	0.0000	0.0000	0.0000	0	1.00	0.2030	0.3924	-0.5852	1.753	1
119999	-0.022	0.069	-0.045	-0.48	-0.62	-0.82	-0.005	0.026	-0.023	0.026	-0.180	0.138	-0.0006	0.0181	-0.0171	0.0000	0.0000	0.0000	0	1.00	0.2030	0.3924	-0.5852	1.753	1
120007	-0.022	0.067	-0.044	-0.85	-0.78	-0.81	-0.018	0.031	-0.027	0.025	-0.180	0.138	-0.0075	0.0186	-0.0124	0.0000	0.0000	0.0000	0	1.00	0.2030	0.3924	-0.5852	1.753	1
120015	-0.023	0.068	-0.044	-0.90	-0.62	-0.91	-0.016	0.051	-0.029	0.025	-0.180	0.138	-0.0089	0.0247	-0.0152	0.0000	0.0000	0.0000	0	1.00	0.2030	0.3924	-0.5852	1.753	1
120023	-0.026	0.066	-0.039	-0.65	-0.46	-1.01	-0.027	0.031	-0.042	0.025	-0.179	0.138	-0.0069	0.0241	-0.0209	0.0000	0.0000	0.0000	0	1.00	0.2030	0.3924	-0.5852	1.753	1
120032	-0.028	0.066	-0.036	-0.70	-0.53	-0.90	-0.014	0.005	-0.024	0.025	-0.179	0.138	-0.0070	0.0185	-0.0153	0.0000	0.0000	0.0000	0	1.00	0.2030	0.3924	-0.5852	1.753	1
120040	-0.032	0.065	-0.031	-0.54	-0.62	-0.65	0.007	0.003	-0.037	0.025	-0.179	0.137	-0.0032	0.0130	-0.0122	0.0000	0.0000	0.0000	0	1.00	0.2030	0.3924	-0.5852	1.753	1
120048	-0.035	0.071	-0.034	-0.44	-0.45	-0.91	0.006	-0.021	-0.013	0.025	-0.179	0.137	-0.0014	0.0149	-0.0166	0.0000	0.0000	0.0000	0	1.00	0.2030	0.3924	-0.5852	1.753	1
120056	-0.036	0.075	-0.037	-0.41	-0.46	-0.83	0.010	-0.042	0.008	0.025	-0.179	0.137	-0.0009	0.0120	-0.0127	0.0000	0.0000	0.0000	0	1.00	0.2030	0.3924	-0.5852	1.753	1
120064	-0.036	0.080	-0.042	-0.06	-0.35	-0.55	0.020	-0.030	0.008	0.025	-0.179	0.137	0.0029	0.0110	-0.0130	0.0000	0.0000	0.0000	0	1.00	0.2030	0.3924	-0.5852	1.753	1
120072	-0.035	0.081	-0.044	-0.37	-0.09	-0.82	0.015	-0.019	0.023	0.025	-0.179	0.137	-0.0028	0.0221	-0.0153	0.0000	0.0000	0.0000	0	1.00	0.2030	0.3924	-0.5852	1.753	1
120079	-0.032	0.079	-0.045	-0.31	-0.55	-0.84	0.002	-0.006	0.017	0.025	-0.178	0.137	0.0009	0.0150	-0.0133	0.0000	0.0000	0.0000	0	1.00	0.2030	0.3924	-0.5852	1.753	1
120087	-0.030	0.081	-0.049	-0.30	-0.61	-0.90	-0.007	0.011	0.014	0.025	-0.178	0.137	0.0011	0.0175	-0.0152	0.0000	0.0000	0.0000	0	1.00	0.2030	0.3924	-0.5852	1.753	1
120095	-0.031	0.080	-0.047	-0.25	-0.35	-0.47	-0.022	0.003	0.013	0.025	-0.178	0.137	-0.0066	0.0167	-0.0100	0.0000	0.0000	0.0000	0	1.00	0.2030	0.3924	-0.5852	1.753	1
120103	-0.030	0.081	-0.049	-0.18	-0.13	-0.85	-0.009	0.026	0.012	0.025	-0.178	0.137	-0.0019	0.0270	-0.0199	0.0000	0.0000	0.0000	0	1.00	0.2030	0.3924	-0.5852	1.753	1
120111	-0.020	0.077	-0.054	-0.29	-0.24	-0.96	-0.011	0.011	-0.024	0.025	-0.178	0.137	0.0002	0.0240	-0.0264	0.0000	0.0000	0.0000	0	1.00	0.2030	0.3924	-0.5852	1.753	1
120119	-0.019	0.078	-0.056	-0.34	-0.34	-0.81	-0.017	0.023	-0.019	0.025	-0.178	0.136	-0.0019	0.0231	-0.0222	0.0000	0.0000	0.0000	0	1.00	0.2030	0.3924	-0.5852	1.753	1
120127	-0.016	0.077	-0.059	-0.34	-0.26	-0.89	0.007	0.021	-0.035	0.025	-0.178	0.136	0.0026	0.0250	-0.0269	0.0000	0.0000	0.0000	0	1.00	0.2030	0.3924	-0.5852	1.753	1
120135	-0.017	0.079	-0.060	-0.35	-0.37	-1.09	-0.005	0.002	-0.023	0.025	-0.177	0.136	0.0032	0.0223	-0.0279	0.0000	0.0000	0.0000	0	1.00	0.2030	0.3924	-0.5852	1.753	1
120143	-0.014	0.079	-0.063	-0.49	-0.34	-0.97	0.006	-0.003	-0.007	0.025	-0.177	0.136	0.0017	0.0221	-0.0232	0.0000	0.0000	0.0000	0	1.00	0.2030	0.3924	-0.5852	1.753	1
120151	-0.005	0.077	-0.070	-0.54	-0.16	-0.79	0.008	-0.015	0.021	0.025	-0.177	0.136	-0.0002	0.0217	-0.0183	0.0000	0.0000	0.0000	0	1.00	0.2030	0.3924	-0.5852	1.753	1
120159	-0.007	0.085	-0.075	-0.34	-0.26	-0.89	0.019	-0.017	0.011	0.025	-0.177	0.136	0.0061	0.0205	-0.0235	0.0000	0.0000	0.0000	0	1.00	0.2030	0.3924	-0.5852	1.753	1
120167	-0.009	0.088	-0.077	-0.45	0.01	-0.63	0.016	-0.017	0.026	0.025	-0.177	0.136	-0.0010	0.0246	-0.0185	0.0000	0.0000	0.0000	0	1.00	0.2030	0.3924	-0.5852	1.753	1
120175	-0.004	0.084	-0.078	-0.38	-0.05	-0.43	0.009	-0.024	0.026	0.025	-0.177	0.136	-0.0012	0.0194	-0.0153	0.0000	0.0000	0.0000	0	1.00	0.2030	0.3924	-0.5852	1.753	1
120183	-0.006	0.085	-0.077	-0.27	0.05	-0.32	0.001	-0.013	0.038	0.025	-0.177	0.136	-0.0031	0.0214	-0.0140	0.0000	0.0000	0.0000	0	1.00	0.2030	0.3924	-0.5852	1.753	1
120191	-0.001	0.086	-0.083	-0.73	-0.03	-0.41	-0.003	-0.009	0.014	0.025	-0.177	0.135	-0.0089	0.0252	-0.0147	0.0000	0.0000	0.0000	0	1.00	0.2030	0.3924	-0.5852	1.753	1
120199	-0.006	0.092	-0.084	-0.39	0.14	-0.50	-0.015	-0.012	-0.007	0.025	-0.176	0.135	-0.0065	0.0273	-0.0241	0.0000	0.0000	0.0000	0	1.00	0.2030	0.3924	-0.5852	1.753	1
120207	-0.010	0.092	-0.080	-0.31	-0.15	-0.18	-0.011	0.007	-0.019	0.025	-0.176	0.135	-0.0056	0.0216	-0.0181	0.0000	0.0000	0.0000	0	1.00	0.2030	0.3924	-0.5852	1.753	1
120215	-0.009	0.094	-0.083	-0.51	-0.12	-0.33	-0.012	-0.010	-0.042	0.025	-0.176	0.135	-0.0078	0.0228	-0.0220	0.0000	0.0000	0.0000	0	1.00	0.2030	0.3924	-0.5852	1.753	1
120223	-0.012	0.099	-0.085	-0.82	-0.17	-0.29	-0.006	0.014	-0.049	0.025	-0.176	0.135	-0.0127	0.0292	-0.0194	0.0000	0.0000	0.0000	0	1.00	0.2030	0.3924	-0.5852	1.753	1
120231	-0.015	0.103	-0.085	-0.62	-0.47	-0.50	0.006	0.016	-0.045	0.025	-0.176	0.135	-0.0037	0.0250	-0.0222	0.0000	0.0000	0.0000	0	1.00	0.2030	0.3924	-0.5852	1.753	1
120239	-0.017	0.103	-0.083	-1.03	-0.67	-0.53	0.008	0.027	-0.039	0.025	-0.176	0.135	-0.0091	0.0265	-0.0162	0.0000	0.0000	0.0000	0	1.00	0.2030	0.3924	-0.5852	1.753	1
120247	-0.021	0.108	-0.084	-0.98	-0.82	-0.42	0.010	0.028	-0.009	0.025	-0.175	0.135	-0.0085	0.0234	-0.0100	0.0000	0.0000	0.0000	0	1.00	0.2030	0.3924	-0.5852	1.753	1
120255	-0.029	0.109	-0.077	-1.04	-0.91	-0.60	0.016	0.033	-0.002	0.025	-0.175	0.134	-0.0080	0.0246	-0.0092	0.0000	0.0000	0.0000	0	1.00	0.2030	0.3924	-0.5852	1.753	1
120263	-0.033	0.109	-0.073	-1.20	-0.78	-0.89	0.011	0.018	0.022	0.025	-0.175	0.134	-0.0106	0.0288	-0.0095	0.0000	0.0000	0.0000	0	1.00	0.2030	0.3924	-0.5852	1.753	1
120270	-0.040	0.110	-0.067	-1.01	-0.73	-1.02	0.010	0.001	0.040	0.025	-0.175	0.134	-0.0084	0.0267	-0.0102	0.0000	0.0000	0.0000	0	1.00	0.2030	0.3924	-0.5852	1.753	1
120278	-0.048	0.114	-0.063	-1.16	-0.91	-0.68	0.013	-0.014	0.046	0.025	-0.175	0.134	-0.0137	0.0203	-0.0001	0.0000	0.0000	0.0000	0	1.00	0.2030	0.3924	-0.5852	1.753	1
120286	-0.053	0.119	-0.063	-0.82	-1.00	-0.51	-0.008	-0.023	0.047	0.025	-0.175	0.134	-0.0130	0.0143	0.0007	0.0000	0.0000	0.0000	0	1.00	0.2030	0.3924	-0.5852	1.753	1
120294	-0.061	0.129	-0.065	-0.71	-1.02	-0.71	-0.015	-0.018	0.025	0.025	-0.175	0.134	-0.0115	0.0173	-0.0060	0.0000	0.0000	0.0000	0	1.00	0.2030	0.3924	-0.5852	1.753	1
120302	-0.067	0.134	-0.063	-0.61	-0.61	-0.47	-0.023	-0.027	0.024	0.025	-0.175	0.134	-0.0179	0.0218	-0.0060	0.0000	0.0000	0.0000	0	1.00	0.2030	0.3924	-0.5852	1.753	1
120310	-0.065	0.132	-0.063	-0.38	-0.70	-0.82	-0.008	-0.015	0.006	0.025	-0.174	0.134	-0.0073	0.0223	-0.0161	0.0000	0.0000	0.0000	0	1.00	0.2030	0.3924	-0.5852	1.753	1
120318	-0.068	0.133	-0.062	-0.76	-0.91	-0.77	0.007	-0.007	0.002	0.025	-0.174	0.134	-0.0106	0.0228	-0.0106	0.0000	0.0000	0.0000	0	1.00	0.2030	0.3924	-0.5852	1.753	1
120326	-0.074	0.132	-0.055	-0.66	-1.18	-0.60	-0.003	0.005	-0.012	0.025	-0.174	0.134	-0.0111	0.0178	-0.0073	0.0000	0.0000	0.0000	0	1.00	0.2030	0.3924	-0.5852	1.753	1
120334	-0.077	0.132	-0.052	-0.68	-1.27	-0.70	0.009	0.012	-0.007	0.025	-0.174	0.134	-0.0085	0.0179	-0.0065	0.0000	0.0000	0.0000	0	1.00	0.2030	0.3924	-0.5852	1.753	1
120342	-0.077	0.134	-0.053	-0.64	-1.04	-0.55	0.015	0.029	-0.022	0.025	-0.174	0.133	-0.0105	0.0234	-0.0090	0.0000	0.0000	0.0000	0	1.00	0.2030	0.3924	-0.5852	1.753	1
120350	-0.073	0.128	-0.051	-0.70	-1.21	-0.64	0.019	0.008	-0.030	0.025	-0.174	0.133	-0.0074	0.0171	-0.0090	0.0000	0.0000	0.0000	0	1.00	0.2030	0.3924	-0.5852	1.753	1
120358	-0.071	0.124	-0.050	-0.58	-1.25	-0.51	0.013	0.010	-0.040	0.025	-0.174	0.133	-0.0066	0.0141	-0.0082	0.0000	0.0000	0.0000	0	1.00	0.2030	0.3924	-0.5852	1.753	1
120365	-0.071	0.122	-0.048	-0.54	-1.23	-0.14	0.009	0.011	-0.022	0.025	-0.173	0.133	-0.0102	0.0106	-0.0001	0.0000	0.0000	0.0000	0	1.00	0.2030	0.3924	-0.5852	1.753	1
120373	-0.072	0.119	-0.044	-0.50	-1.11	-0.19	-0.013	0.002	-0.022	0.025	-0.173	0.133	-0.0137	0.0109	-0.0013	0.0000	0.0000	0.0000	0	1.00	0.2030	0.3924	-0.5852	1.753	1
120381	-0.069	0.117	-0.045	-0.54	-1.17	-0.52	-0.003	-0.013	-0.007	0.025	-0.173	0.133	-0.0089	0.0100	-0.0039	0.0000	0.0000	0.0000	0	1.00	0.2030	0.3924	-0.5852	1.753	1
120389	-0.067	0.113	-0.043	-0.66	-1.30	-0.47	-0.015	0.004	0.007	0.025	-0.173	0.133	-0.0116	0.0101	0.0016	0.0000	0.0000	0.0000	0	1.00	0.2030	0.3924	-0.5852	1.753	1
120397	-0.064	0.106	-0.040	-0.26	-1.55	-0.63	-0.017	-0.003	0.015	0.025	-0.173	0.133	-0.0012	0.0012	-0.0006	0.0000	0.0000	0.0000	0	1.00	0.2030	0.3924	-0.5852	1.753	1
120405	-0.061	0.097	-0.034	-0.16	-1.48	-0.48	-0.029	0.003	0.025	0.024	-0.173	0.132	-0.0022	-0.0008	0.0029	0.0000	0.0000	0.0000	0	1.00	0.2030	0.3924	-0.5852	1.753	1
120413	-0.059	0.091	-0.030	-0.72	-1.43	-0.60	-0.030	0.003	0.023	0.024	-0.173	0.132	-0.0108	0.0045	0.0061	0.0000	0.0000	0.0000	0	1.00	0.2030	0.3924	-0.5852	1.753	1
120421	-0.064	0.090	-0.024	-0.91	-1.38	-0.89	-0.029	0.007	0.028	0.024	-0.172	0.132	-0.0129	0.0101	0.0043	0.0000	0.0000	0.0000	0	1.00	0.2030	0.3924	-0.5852	1.753	1
120429	-0.059	0.081	-0.020	-0.82	-1.45	-1.23	-0.006	-0.008	0.016	0.024	-0.172	0.132	-0.0032	0.0063	-0.0024	0.0000	0.0000	0.0000	0	1.00	0.2030	0.3924	-0.5852	1.753	1
120436	-0.055	0.070	-0.014	-0.97	-1.84	-1.01	0.014	-0.009	0.008	0.024	-0.172	0.132	-0.0005	-0.0037	0.0059	0.0000	0.0000	0.0000	0	1.00	0.2030	0.3924	-0.5852	1.753	1
120444	-0.048	0.062	-0.013	-0.91	-1.97	-1.05	0.013	-0.021	0.001	0.024	-0.172	0.132	0.0033	-0.0096	0.0048	0.0000	0.0000	0.0000	0	1.00	0.2030	0.3924	-0.5852	1.753	1
120452	-0.046	0.056	-0.009	-0.80	-1.69	-1.11	0.046	-0.018	-0.013	0.024	-0.172	0.132	0.0076	-0.0058	-0.0011	0.0000	0.0000	0.0000	0	1.00	0.2030	0.3924	-0.5852	1.753	1
120460	-0.043	0.053	-0.009	-0.92	-1.78	-1.12	0.032	-0.034	-0.019	0.024	-0.172	0.132	0.0058	-0.0089	-0.0001	0.0000	0.0000	0.0000	0	1.00	0.2030	0.3924	-0.5852	1.753	1
120468	-0.034	0.039	-0.004	-0.53	-1.78	-0.77	0.026	-0.017	-0.042	0.024	-0.172	0.132	0.0106	-0.0158	0.0005	0.0000	0.0000	0.0000	0	1.00	0.2030	0.3924	-0.5852	1.753	1
120476	-0.028	0.031	-0.002	-0.93	-1.78	-0.68	0.014	0.021	-0.030	0.024	-0.172	0.132	0.0021	-0.0089	0.0070	0.0000	0.0000	0.0000	0	1.00	0.2030	0.3924	-0.5852	1.753	1
120484	-0.023	0.026	-0.002	-0.49	-1.74	-0.74	-0.005	0.015	-0.026	0.024	-0.171	0.131	0.0079	-0.0135	0.0025	0.0000	0.0000	0.0000	0	1.00	0.2030	0.3924	-0.5852	1.753	1
120492	-0.017	0.022	-0.005	-0.76	-1.54	-0.88	-0.028	0.021	-0.029	0.024	-0.171	0.131	0.0008	-0.0061	-0.0000	0.0000	0.0000	0.0000	0	1.00	0.2030	0.3924	-0.5852	1.753	1
120500	-0.013	0.018	-0.005	-0.68	-1.53	-0.44	-0.027	0.037	-0.016	0.024	-0.171	0.131	-0.0012	-0.0093	0.0084	0.0000	0.0000	0.0000	0	1.00	0.2030	0.3924	-0.5852	1.753	1
120508	-0.009	0.013	-0.003	-0.75	-1.34	-0.77	-0.032	0.038	-0.004	0.024	-0.171	0.131	-0.0010	-0.0034	0.0038	0.0000	0.0000	0.0000	0	1.00	0.2030	0.3924	-0.5852	1.753	1
120515	0.001	0.005	-0.006	-0.89	-1.42	-0.67	-0.039	0.025	-0.004	0.024	-0.171	0.131	-0.0020	-0.0078	0.0071	0.0000	0.0000	0.0000	0	1.00	0.2030	0.3924	-0.5852	1.753	1
120524	0.003	-0.001	-0.002	-0.59	-1.39	-0.99	-0.017	0.008	0.028	0.024	-0.171	0.131	0.0087	-0.0110	0.0040	0.0000	0.0000	0.0000	0	1.00	0.2030	0.3924	-0.5852	1.753	1
120531	0.003	-0.000	-0.003	-0.74	-1.23	-0.57	-0.006	-0.028	0.044	0.024	-0.170	0.131	0.0025	-0.0156	0.0129	0.0000	0.0000	0.0000	0	1.00	0.2030	0.3924	-0.5852	1.753	1
120539	0.002	-0.006	0.003	-1.17	-1.15	-0.75	0.002	-0.033	0.045	0.024	-0.170	0.131	-0.0026	-0.0109	0.0143	0.0000	0.0000	0.0000	0	1.00	0.2030	0.3924	-0.5852	1.753	1
120547	0.002	-0.006	0.004	-0.62	-0.88	-0.83	0.032	-0.046	0.026	0.024	-0.170	0.131	0.0094	-0.0112	0.0039	0.0000	0.0000	0.0000	0	1.00	0.2030	0.3924	-0.5852	1.753	1
120555	0.008	-0.007	-0.002	-0.55	-0.94	-0.63	0.030	-0.036	0.020	0.024	-0.170	0.131	0.0104	-0.0138	0.0051	0.0000	0.0000	0.0000	0	1.00	0.2030	0.3924	-0.5852	1.753	1
120563	0.007	-0.014	0.006	-0.80	-1.16	-0.16	0.018	-0.042	0.010	0.024	-0.170	0.130	0.0022	-0.0217	0.0176	0.0000	0.0000	0.0000	0	1.00	0.2030	0.3924	-0.5852	1.753	1
120571	0.013	-0.014	0.000	-0.82	-0.89	-0.31	0.014	-0.023	-0.009	0.024	-0.170	0.130	0.0016	-0.0130	0.0084	0.0000	0.0000	0.0000	0	1.00	0.2030	0.3924	-0.5852	1.753	1
120579	0.009	-0.012	0.003	-0.99	-0.86	-0.38	0.004	-0.004	-0.013	0.024	-0.170	0.130	-0.0034	-0.0073	0.0085	0.0000	0.0000	0.0000	0	1.00	0.2030	0.3924	-0.5852	1.753	1
120586	0.007	-0.012	0.005	-0.85	-0.84	-0.44	-0.003	0.023	-0.043	0.024	-0.170	0.130	-0.0023	-0.0033	0.0028	0.0000	0.0000	0.0000	0	1.00	0.2030	0.3924	-0.5852	1.753	1
120594	0.007	-0.019	0.011	-0.80	-0.75	-0.26	-0.003	0.026	-0.035	0.024	-0.169	0.130	-0.0036	-0.0046	0.0065	0.0000	0.0000	0.0000	0	1.00	0.2030	0.3924	-0.5852	1.753	1
120602	0.010	-0.021	0.011	-0.77	-0.83	-0.43	-0.004	0.029	-0.035	0.024	-0.169	0.130	-0.0007	-0.0050	0.0039	0.0000	0.0000	0.0000	0	1.00	0.2030	0.3924	-0.5852	1.753	1
120610	0.008	-0.023	0.015	-0.83	-0.61	-0.47	-0.012	0.027	-0.023	0.024	-0.169	0.130	-0.0051	-0.0008	0.0043	0.0000	0.0000	0.0000	0	1.00	0.2030	0.3924	-0.5852	1.753	1
120618	0.007	-0.027	0.019	-0.61	-0.49	-0.60	-0.016	0.015	-0.025	0.024	-0.169	0.130	-0.0017	-0.0017	-0.0004	0.0000	0.0000	0.0000	0	1.00	0.2030	0.3924	-0.5852	1.753	1
120626	0.008	-0.029	0.020	-0.90	-0.23	-0.69	-0.015	0.015	0.001	0.024	-0.169	0.130	-0.0078	0.0056	0.0025	0.0000	0.0000	0.0000	0	1.00	0.2030	0.3924	-0.5852	1.753	1
120634	0.008	-0.031	0.021	-0.74	-0.36	-0.39	0.005	-0.005	0.006	0.024	-0.169	0.129	-0.0034	-0.0043	0.0085	0.0000	0.0000	0.0000	0	1.00	0.2030	0.3924	-0.5852	1.753	1
120642	0.010	-0.032	0.021	-0.89	-0.29	-0.31	-0.002	-0.013	0.028	0.024	-0.169	0.129	-0.0083	-0.0039	0.0136	0.0000	0.0000	0.0000	0	1.00	0.2030	0.3924	-0.5852	1.753	1
120649	0.011	-0.036	0.024	-0.37	-0.61	-0.30	0.004	-0.009	0.028	0.024	-0.168	0.129	0.0044	-0.0146	0.0126	0.0000	0.0000	0.0000	0	1.00	0.2030	0.3924	-0.5852	1.753	1
120657	0.003	-0.031	0.027	-0.67	-0.08	-0.53	0.009	-0.016	0.034	0.024	-0.168	0.129	-0.0039	-0.0003	0.0079	0.0000	0.0000	0.0000	0	1.00	0.2030	0.3924	-0.5852	1.753	1
120665	-0.002	-0.028	0.029	-0.56	-0.38	-0.76	0.017	-0.012	0.024	0.024	-0.168	0.129	0.0027	-0.0038	0.0050	0.0000	0.0000	0.0000	0	1.00	0.2030	0.3924	-0.5852	1.753	1
120673	0.003	-0.032	0.028	-0.64	-0.37	-0.48	0.003	0.013	0.007	0.024	-0.168	0.129	-0.0026	-0.0019	0.0076	0.0000	0.0000	0.0000	0	1.00	0.2030	0.3924	-0.5852	1.753	1
120681	0.003	-0.033	0.030	-0.61	-0.45	-0.64	-0.004	-0.008	-0.016	0.024	-0.168	0.129	-0.0006	-0.0057	0.0020	0.0000	0.0000	0.0000	0	1.00	0.2030	0.3924	-0.5852	1.753	1
120689	-0.001	-0.027	0.028	-0.48	-0.49	-0.94	0.001	0.005	-0.019	0.024	-0.168	0.129	0.0044	-0.0016	-0.0048	0.0000	0.0000	0.0000	0	1.00	0.2030	0.3924	-0.5852	1.753	1
120697	-0.001	-0.031	0.031	-0.82	-0.29	-0.92	-0.004	0.006	-0.021	0.024	-0.168	0.129	-0.0039	0.0039	-0.0025	0.0000	0.0000	0.0000	0	1.00	0.2030	0.3924	-0.5852	1.753	1
120705	-0.003	-0.031	0.033	-0.49	-0.31	-0.68	-0.015	0.005	-0.030	0.024	-0.168	0.129	-0.0022	-0.0013	-0.0021	0.0000	0.0000	0.0000	0	1.00	0.2030	0.3924	-0.5852	1.753	1
120713	-0.005	-0.033	0.037	-0.70	-0.53	-0.89	-0.009	-0.003	-0.039	0.024	-0.167	0.128	-0.0015	-0.0033	-0.0021	0.0000	0.0000	0.0000	0	1.00	0.2030	0.3924	-0.5852	1.753	1
120721	-0.003	-0.033	0.035	-0.53	-0.38	-1.00	-0.004	-0.004	-0.016	0.024	-0.167	0.128	0.0020	-0.0013	-0.0044	0.0000	0.0000	0.0000	0	1.00	0.2030	0.3924	-0.5852	1.753	1
120729	-0.000	-0.030	0.030	-0.37	-0.10	-0.81	0.003	-0.007	-0.014	0.024	-0.167	0.128	0.0024	0.0009	-0.0057	0.0000	0.0000	0.0000	0	1.00	0.2030	0.3924	-0.5852	1.753	1
120737	-0.003	-0.029	0.031	-0.64	-0.11	-0.74	-0.002	-0.019	0.008	0.024	-0.167	0.128	-0.0043	0.0007	0.0019	0.0000	0.0000	0.0000	0	1.00	0.2030	0.3924	-0.5852	1.753	1
120745	-0.003	-0.030	0.032	-0.44	-0.34	-0.71	0.008	-0.000	0.029	0.024	-0.167	0.128	0.0023	-0.0029	0.0055	0.0000	0.0000	0.0000	0	1.00	0.2030	0.3924	-0.5852	1.753	1
120753	-0.001	-0.028	0.027	-0.69	-0.13	-0.67	0.005	0.011	0.033	0.024	-0.167	0.128	-0.0041	0.0050	0.0061	0.0000	0.0000	0.0000	0	1.00	0.2030	0.3924	-0.5852	1.753	1
120761	-0.001	-0.022	0.023	-0.68	-0.15	-0.77	0.014	0.011	0.019	0.024	-0.167	0.128	-0.0015	0.0065	0.0017	0.0000	0.0000	0.0000	0	1.00	0.2030	0.3924	-0.5852	1.753	1
120768	-0.004	-0.015	0.018	-0.53	-0.42	-0.96	0.001	0.022	0.035	0.024	-0.166	0.128	0.0023	0.0052	0.0005	0.0000	0.0000	0.0000	0	1.00	0.2030	0.3924	-0.5852	1.753	1
120776	-0.004	-0.011	0.014	-0.71	-0.07	-0.61	0.003	0.013	0.023	0.024	-0.166	0.128	-0.0066	0.0097	0.0028	0.0000	0.0000	0.0000	0	1.00	0.2030	0.3924	-0.5852	1.753	1
120784	-0.002	-0.010	0.011	-0.36	-0.16	-0.87	-0.002	-0.013	0.018	0.024	-0.166	0.128	0.0024	0.0034	-0.0051	0.0000	0.0000	0.0000	0	1.00	0.2030	0.3924	-0.5852	1.753	1
120792	-0.002	-0.005	0.007	-0.41	-0.52	-0.46	-0.015	0.002	-0.005	0.024	-0.166	0.127	-0.0011	-0.0027	0.0011	0.0000	0.0000	0.0000	0	1.00	0.2030	0.3924	-0.5852	1.753	1
120800	-0.005	-0.004	0.009	-0.44	-0.48	-0.25	-0.023	-0.004	-0.002	0.024	-0.166	0.127	-0.0054	-0.0044	0.0054	0.0000	0.0000	0.0000	0	1.00	0.2030	0.3924	-0.5852	1.753	1
120808	-0.004	-0.001	0.005	-0.43	-0.40	-0.77	-0.013	0.001	-0.023	0.024	-0.166	0.127	0.0004	0.0030	-0.0082	0.0000	0.0000	0.0000	0	1.00	0.2030	0.3924	-0.5852	1.753	1
120816	-0.002	0.002	0.001	-0.70	-0.33	-0.78	-0.011	0.002	-0.036	0.023	-0.166	0.127	-0.0039	0.0074	-0.0090	0.0000	0.0000	0.0000	0	1.00	0.2030	0.3924	-0.5852	1.753	1
120823	0.002	0.000	-0.003	-0.75	-0.37	-1.00	0.005	0.005	-0.027	0.023	-0.166	0.127	0.0009	0.0090	-0.0117	0.0000	0.0000	0.0000	0	1.00	0.2030	0.3924	-0.5852	1.753	1
120831	0.001	0.001	-0.002	-0.63	-0.50	-0.78	0.007	-0.007	-0.019	0.023	-0.165	0.127	0.0020	0.0019	-0.0066	0.0000	0.0000	0.0000	0	1.00	0.2030	0.3924	-0.5852	1.753	1
120839	0.004	-0.002	-0.003	-0.62	-0.76	-0.96	0.009	0.004	0.001	0.023	-0.165	0.127	0.0069	-0.0002	-0.0047	0.0000	0.0000	0.0000	0	1.00	0.2030	0.3924	-0.5852	1.753	1
120847	0.003	-0.000	-0.003	-0.94	-0.62	-0.99	-0.002	0.009	0.014	0.023	-0.165	0.127	-0.0017	0.0065	-0.0015	0.0000	0.0000	0.0000	0	1.00	0.2030	0.3924	-0.5852	1.753	1
120855	0.000	0.000	-0.000	-0.62	-0.76	-0.95	0.018	0.016	0.017	0.023	-0.165	0.127	0.0072	0.0020	-0.0018	0.0000	0.0000	0.0000	0	1.00	0.2030	0.3924	-0.5852	1.753	1
120863	0.003	0.001	-0.004	-0.61	-0.64	-1.19	0.002	0.018	0.019	0.023	-0.165	0.126	0.0067	0.0065	-0.0073	0.0000	0.0000	0.0000	0	1.00	0.2030	0.3924	-0.5852	1.753	1
120870	0.005	0.002	-0.007	-0.30	-0.61	-0.90	-0.005	-0.004	0.018	0.023	-0.165	0.126	0.0085	-0.0014	-0.0060	0.0000	0.0000	0.0000	0	1.00	0.2030	0.3924	-0.5852	1.753	1
120878	0.007	0.002	-0.009	-0.53	-0.50	-0.88	-0.007	-0.007	0.011	0.023	-0.165	0.126	0.0036	0.0018	-0.0058	0.0000	0.0000	0.0000	0	1.00	0.2030	0.3924	-0.5852	1.753	1
120886	0.011	0.001	-0.012	-0.47	-0.68	-0.87	-0.006	-0.015	-0.008	0.023	-0.164	0.126	0.0072	-0.0032	-0.0084	0.0000	0.0000	0.0000	0	1.00	0.2030	0.3924	-0.5852	1.753	1
120894	0.006	0.004	-0.011	-0.75	-0.22	-0.84	-0.012	-0.032	-0.005	0.023	-0.164	0.126	-0.0034	0.0058	-0.0086	0.0000	0.0000	0.0000	0	1.00	0.2030	0.3924	-0.5852	1.753	1
120902	0.006	0.006	-0.012	-0.45	-0.58	-0.78	-0.016	-0.014	-0.012	0.023	-0.164	0.126	0.0035	-0.0011	-0.0084	0.0000	0.0000	0.0000	0	1.00	0.2030	0.3924	-0.5852	1.753	1
120910	0.013	0.009	-0.021	-0.74	-0.47	-1.02	-0.005	-0.008	-0.023	0.023	-0.164	0.126	0.0029	0.0067	-0.0144	0.0000	0.0000	0.0000	0	1.00	0.2030	0.3924	-0.5852	1.753	1
120918	0.015	0.010	-0.025	-0.48	-0.44	-0.99	0.015	-0.000	-0.024	0.023	-0.164	0.126	0.0103	0.0063	-0.0175	0.0000	0.0000	0.0000	0	1.00	0.2030	0.3924	-0.5852	1.753	1
120926	0.006	0.017	-0.023	-0.64	-0.52	-1.07	0.020	0.014	-0.025	0.023	-0.164	0.126	0.0078	0.0107	-0.0166	0.0000	0.0000	0.0000	0	1.00	0.2030	0.3924	-0.5852	1.753	1
120934	0.003	0.019	-0.022	-0.69	-0.71	-0.83	0.022	0.002	-0.017	0.023	-0.164	0.126	0.0060	0.0040	-0.0090	0.0000	0.0000	0.0000	0	1.00	0.2030	0.3924	-0.5852	1.753	1
120941	0.002	0.019	-0.020	-0.66	-0.25	-0.79	0.015	0.004	-0.006	0.023	-0.164	0.125	0.0009	0.0124	-0.0106	0.0000	0.0000	0.0000	0	1.00	0.2030	0.3924	-0.5852	1.753	1
120949	0.001	0.016	-0.016	-0.24	-0.48	-0.76	0.001	0.016	0.007	0.023	-0.163	0.125	0.0073	0.0055	-0.0090	0.0000	0.0000	0.0000	0	1.00	0.2030	0.3924	-0.5852	1.753	1
120957	-0.001	0.014	-0.013	-0.44	-0.60	-0.45	0.006	0.005	0.023	0.023	-0.163	0.125	0.0024	0.0004	0.0021	0.0000	0.0000	0.0000	0	1.00	0.2030	0.3924	-0.5852	1.753	1
120965	0.008	0.007	-0.015	-0.26	-0.58	-0.86	0.000	0.002	0.026	0.023	-0.163	0.125	0.0098	0.0006	-0.0065	0.0000	0.0000	0.0000	0	1.00	0.2030	0.3924	-0.5852	1.753	1
120973	0.004	0.010	-0.014	-0.42	-0.03	-0.83	-0.020	0.014	0.046	0.023	-0.163	0.125	-0.0020	0.0143	-0.0070	0.0000	0.0000	0.0000	0	1.00	0.2030	0.3924	-0.5852	1.753	1
120981	0.002	0.015	-0.017	-0.65	-0.27	-0.89	-0.009	-0.009	0.048	0.023	-0.163	0.125	-0.0017	0.0096	-0.0045	0.0000	0.0000	0.0000	0	1.00	0.2030	0.3924	-0.5852	1.753	1
120989	0.000	0.021	-0.021	-0.76	-0.20	-0.74	-0.023	-0.016	0.039	0.023	-0.163	0.125	-0.0080	0.0109	-0.0029	0.0000	0.0000	0.0000	0	1.00	0.2030	0.3924	-0.5852	1.753	1
120997	0.003	0.021	-0.024	-0.63	-0.21	-0.75	-0.018	-0.009	0.028	0.023	-0.163	0.125	-0.0041	0.0106	-0.0060	0.0000	0.0000	0.0000	0	1.00	0.2030	0.3924	-0.5852	1.753	1
121005	0.008	0.024	-0.031	-0.46	-0.48	-0.76	-0.007	0.002	0.016	0.023	-0.163	0.125	0.0036	0.0069	-0.0085	0.0000	0.0000	0.0000	0	1.00	0.2030	0.3924	-0.5852	1.753	1
# gTrim SEEDED to: 0.195,0.369,-0.554 deg
121013	0.000	0.004	-0.004	-0.48	-0.49	-0.94	0.021	-0.009	-0.010	0.023	-0.162	0.125	0.0079	0.0024	-0.0101	0.0000	0.0000	0.0000	0	1.00	0.1953	0.3686	-0.5543	1.659	1
121021	0.001	0.011	-0.011	-0.95	-0.07	-0.79	0.030	0.004	-0.019	0.023	-0.162	0.125	-0.0037	0.0162	-0.0097	0.0000	0.0000	0.0000	0	1.00	0.1953	0.3686	-0.5543	1.659	1
121029	-0.003	0.011	-0.008	-0.83	-0.31	-0.77	0.040	0.022	-0.042	0.023	-0.162	0.124	0.0004	0.0134	-0.0104	0.0000	0.0000	0.0000	0	1.00	0.1953	0.3686	-0.5543	1.659	1
121037	-0.002	0.011	-0.009	-0.88	-0.39	-0.33	0.026	0.024	-0.040	0.023	-0.162	0.124	-0.0050	0.0090	-0.0017	0.0000	0.0000	0.0000	0	1.00	0.1953	0.3686	-0.5543	1.659	1
121045	-0.003	0.016	-0.013	-0.68	-0.36	-0.56	0.018	0.034	-0.036	0.023	-0.162	0.124	-0.0012	0.0121	-0.0082	0.0000	0.0000	0.0000	0	1.00	0.1953	0.3686	-0.5543	1.659	1
121053	-0.006	0.021	-0.014	-0.66	-0.42	-0.62	-0.012	0.009	-0.031	0.023	-0.162	0.124	-0.0048	0.0091	-0.0083	0.0000	0.0000	0.0000	0	1.00	0.1953	0.3686	-0.5543	1.659	1
121060	-0.007	0.020	-0.012	-0.88	-0.55	-0.49	-0.016	-0.004	-0.010	0.023	-0.162	0.124	-0.0098	0.0051	0.0006	0.0000	0.0000	0.0000	0	1.00	0.1953	0.3686	-0.5543	1.659	1
121068	-0.013	0.023	-0.010	-0.65	-0.39	-0.77	-0.018	-0.010	0.007	0.023	-0.161	0.124	-0.0061	0.0080	-0.0045	0.0000	0.0000	0.0000	0	1.00	0.1953	0.3686	-0.5543	1.659	1
121076	-0.008	0.024	-0.016	-0.44	-0.47	-0.58	-0.030	-0.010	0.035	0.023	-0.161	0.124	-0.0041	0.0035	-0.0001	0.0000	0.0000	0.0000	0	1.00	0.1953	0.3686	-0.5543	1.659	1
121085	-0.004	0.022	-0.017	-0.62	-1.01	-0.70	-0.048	-0.040	0.043	0.023	-0.161	0.124	-0.0025	-0.0081	0.0051	0.0000	0.0000	0.0000	0	1.00	0.1953	0.3686	-0.5543	1.659	1
121092	-0.007	0.028	-0.021	-0.89	-0.64	-1.01	-0.040	-0.033	0.045	0.023	-0.161	0.124	-0.0073	0.0055	-0.0017	0.0000	0.0000	0.0000	0	1.00	0.1953	0.3686	-0.5543	1.659	1
121100	-0.009	0.031	-0.021	-0.86	-0.60	-0.98	-0.033	-0.022	0.039	0.023	-0.161	0.124	-0.0071	0.0076	-0.0025	0.0000	0.0000	0.0000	0	1.00	0.1953	0.3686	-0.5543	1.659	1
121108	-0.008	0.027	-0.018	-1.06	-0.92	-0.77	-0.008	-0.025	0.030	0.023	-0.161	0.124	-0.0062	0.0006	0.0051	0.0000	0.0000	0.0000	0	1.00	0.1953	0.3686	-0.5543	1.659	1
121116	-0.010	0.024	-0.013	-0.72	-1.01	-0.60	0.012	0.005	0.012	0.023	-0.161	0.123	0.0017	-0.0015	0.0039	0.0000	0.0000	0.0000	0	1.00	0.1953	0.3686	-0.5543	1.659	1
121124	-0.008	0.019	-0.011	-1.00	-1.18	-0.69	0.013	-0.020	-0.009	0.023	-0.161	0.123	-0.0000	-0.0063	0.0039	0.0000	0.0000	0.0000	0	1.00	0.1953	0.3686	-0.5543	1.659	1
121132	-0.009	0.026	-0.016	-0.79	-0.95	-0.80	0.011	0.003	-0.019	0.023	-0.160	0.123	0.0020	0.0021	-0.0047	0.0000	0.0000	0.0000	0	1.00	0.1953	0.3686	-0.5543	1.659	1
121140	-0.013	0.027	-0.013	-1.09	-0.97	-0.91	0.009	0.005	-0.018	0.023	-0.160	0.123	-0.0030	0.0057	-0.0028	0.0000	0.0000	0.0000	0	1.00	0.1953	0.3686	-0.5543	1.659	1
121148	-0.012	0.025	-0.012	-0.61	-0.99	-0.84	0.022	0.018	-0.016	0.023	-0.160	0.123	0.0066	0.0024	-0.0056	0.0000	0.0000	0.0000	0	1.00	0.1953	0.3686	-0.5543	1.659	1
121156	-0.009	0.023	-0.013	-0.44	-0.92	-0.87	0.015	0.019	-0.035	0.023	-0.160	0.123	0.0090	0.0020	-0.0107	0.0000	0.0000	0.0000	0	1.00	0.1953	0.3686	-0.5543	1.659	1
121164	-0.006	0.022	-0.016	-0.26	-0.66	-0.78	0.030	0.025	-0.040	0.023	-0.160	0.123	0.0115	0.0053	-0.0141	0.0000	0.0000	0.0000	0	1.00	0.1953	0.3686	-0.5543	1.659	1
121172	-0.003	0.023	-0.020	-0.66	-0.75	-1.03	0.018	0.019	-0.033	0.023	-0.160	0.123	0.0070	0.0084	-0.0142	0.0000	0.0000	0.0000	0	1.00	0.1953	0.3686	-0.5543	1.659	1
121179	-0.009	0.028	-0.019	-0.70	-0.41	-0.70	0.013	0.028	-0.020	0.023	-0.160	0.122	-0.0018	0.0144	-0.0091	0.0000	0.0000	0.0000	0	1.00	0.1953	0.3686	-0.5543	1.659	1
121187	-0.009	0.027	-0.017	-0.30	-0.24	-0.53	0.016	0.014	-0.012	0.023	-0.159	0.122	0.0023	0.0103	-0.0096	0.0000	0.0000	0.0000	0	1.00	0.1953	0.3686	-0.5543	1.659	1
121195	-0.003	0.022	-0.018	-0.36	-0.31	-1.03	-0.012	-0.001	0.011	0.023	-0.159	0.122	0.0033	0.0105	-0.0136	0.0000	0.0000	0.0000	0	1.00	0.1953	0.3686	-0.5543	1.659	1
121203	0.001	0.018	-0.019	-0.46	-0.52	-0.72	-0.015	-0.010	0.017	0.023	-0.159	0.122	0.0011	0.0027	-0.0047	0.0000	0.0000	0.0000	0	1.00	0.1953	0.3686	-0.5543	1.659	1
121211	0.004	0.020	-0.024	-0.53	-0.46	-0.92	-0.034	-0.017	0.029	0.023	-0.159	0.122	-0.0007	0.0055	-0.0074	0.0000	0.0000	0.0000	0	1.00	0.1953	0.3686	-0.5543	1.659	1
121219	0.008	0.018	-0.025	-0.45	-0.39	-1.28	-0.030	-0.027	0.034	0.023	-0.159	0.122	0.0045	0.0073	-0.0145	0.0000	0.0000	0.0000	0	1.00	0.1953	0.3686	-0.5543	1.659	1
121227	0.014	0.011	-0.024	-0.48	-0.62	-0.81	-0.015	-0.027	0.029	0.022	-0.159	0.122	0.0050	-0.0021	-0.0048	0.0000	0.0000	0.0000	0	1.00	0.1953	0.3686	-0.5543	1.659	1
121235	0.017	0.009	-0.025	-0.61	-0.86	-0.97	-0.017	-0.007	0.022	0.022	-0.159	0.122	0.0066	-0.0018	-0.0054	0.0000	0.0000	0.0000	0	1.00	0.1953	0.3686	-0.5543	1.659	1
121242	0.018	0.009	-0.027	-0.71	-0.88	-1.16	0.004	-0.012	0.000	0.022	-0.159	0.122	0.0104	-0.0002	-0.0115	0.0000	0.0000	0.0000	0	1.00	0.1953	0.3686	-0.5543	1.659	1
121250	0.019	0.014	-0.032	-0.62	-0.50	-1.21	-0.004	-0.010	-0.012	0.022	-0.159	0.122	0.0082	0.0079	-0.0193	0.0000	0.0000	0.0000	0	1.00	0.1953	0.3686	-0.5543	1.659	1
121258	0.019	0.016	-0.035	-0.92	-0.39	-1.02	0.023	0.001	-0.019	0.022	-0.158	0.122	0.0044	0.0127	-0.0160	0.0000	0.0000	0.0000	0	1.00	0.1953	0.3686	-0.5543	1.659	1
121266	0.017	0.017	-0.034	-0.79	-0.41	-1.04	0.016	0.008	-0.031	0.022	-0.158	0.121	0.0056	0.0129	-0.0186	0.0000	0.0000	0.0000	0	1.00	0.1953	0.3686	-0.5543	1.659	1
121274	0.017	0.015	-0.032	-0.80	-0.32	-0.69	0.016	0.030	-0.033	0.022	-0.158	0.121	0.0015	0.0143	-0.0132	0.0000	0.0000	0.0000	0	1.00	0.1953	0.3686	-0.5543	1.659	1
121282	0.013	0.018	-0.030	-0.68	-0.52	-0.71	0.000	0.017	-0.013	0.022	-0.158	0.121	0.0020	0.0088	-0.0099	0.0000	0.0000	0.0000	0	1.00	0.1953	0.3686	-0.5543	1.659	1
121290	0.012	0.024	-0.036	-0.99	0.08	-1.32	-0.011	0.033	-0.011	0.022	-0.158	0.121	-0.0047	0.0307	-0.0235	0.0000	0.0000	0.0000	0	1.00	0.1953	0.3686	-0.5543	1.659	1
121298	0.011	0.031	-0.042	-0.65	-0.16	-1.31	-0.004	0.022	-0.006	0.022	-0.158	0.121	0.0039	0.0234	-0.0246	0.0000	0.0000	0.0000	0	1.00	0.1953	0.3686	-0.5543	1.659	1
121305	0.016	0.030	-0.045	-0.49	-0.18	-0.81	-0.014	0.023	0.017	0.022	-0.158	0.121	0.0016	0.0174	-0.0146	0.0000	0.0000	0.0000	0	1.00	0.1953	0.3686	-0.5543	1.659	1
121313	0.017	0.031	-0.047	-0.78	-0.08	-1.05	-0.022	0.042	0.008	0.022	-0.157	0.121	-0.0030	0.0261	-0.0188	0.0000	0.0000	0.0000	0	1.00	0.1953	0.3686	-0.5543	1.659	1
121321	0.018	0.032	-0.050	-0.60	-0.33	-0.88	-0.003	0.026	0.011	0.022	-0.157	0.121	0.0038	0.0170	-0.0152	0.0000	0.0000	0.0000	0	1.00	0.1953	0.3686	-0.5543	1.659	1
121329	0.020	0.036	-0.055	-0.50	-0.34	-0.97	-0.009	0.011	0.002	0.022	-0.157	0.121	0.0059	0.0155	-0.0201	0.0000	0.0000	0.0000	0	1.00	0.1953	0.3686	-0.5543	1.659	1
121337	0.025	0.037	-0.061	-0.33	-0.02	-1.25	-0.001	-0.009	0.016	0.022	-0.157	0.121	0.0110	0.0190	-0.0282	0.0000	0.0000	0.0000	0	1.00	0.1953	0.3686	-0.5543	1.659	1
121345	0.030	0.037	-0.067	-0.42	-0.11	-0.74	-0.001	-0.030	0.008	0.022	-0.157	0.120	0.0070	0.0111	-0.0202	0.0000	0.0000	0.0000	0	1.00	0.1953	0.3686	-0.5543	1.659	1
121352	0.032	0.037	-0.069	-0.38	0.01	-0.80	0.002	-0.044	0.006	0.022	-0.157	0.120	0.0080	0.0119	-0.0230	0.0000	0.0000	0.0000	0	1.00	0.1953	0.3686	-0.5543	1.659	1
121360	0.034	0.039	-0.073	-0.57	-0.04	-0.67	0.015	-0.041	0.006	0.022	-0.157	0.120	0.0065	0.0122	-0.0198	0.0000	0.0000	0.0000	0	1.00	0.1953	0.3686	-0.5543	1.659	1
121368	0.033	0.044	-0.075	-0.42	-0.20	-0.66	0.033	-0.046	-0.008	0.022	-0.157	0.120	0.0124	0.0084	-0.0223	0.0000	0.0000	0.0000	0	1.00	0.1953	0.3686	-0.5543	1.659	1
121376	0.030	0.045	-0.074	-0.64	-0.07	-0.78	0.024	-0.028	-0.010	0.022	-0.157	0.120	0.0070	0.0160	-0.0239	0.0000	0.0000	0.0000	0	1.00	0.1953	0.3686	-0.5543	1.659	1
121384	0.024	0.047	-0.070	-0.61	-0.19	-0.90	0.000	-0.014	-0.002	0.022	-0.156	0.120	0.0047	0.0169	-0.0229	0.0000	0.0000	0.0000	0	1.00	0.1953	0.3686	-0.5543	1.659	1
121392	0.020	0.050	-0.069	-0.50	-0.12	-0.75	0.006	-0.007	0.006	0.022	-0.156	0.120	0.0046	0.0175	-0.0205	0.0000	0.0000	0.0000	0	1.00	0.1953	0.3686	-0.5543	1.659	1
121400	0.017	0.053	-0.069	-0.98	-0.19	-0.74	-0.003	0.025	-0.007	0.022	-0.156	0.120	-0.0052	0.0256	-0.0174	0.0000	0.0000	0.0000	0	1.00	0.1953	0.3686	-0.5543	1.659	1
121408	0.017	0.060	-0.075	-0.77	-0.35	-0.90	0.005	0.025	-0.012	0.022	-0.156	0.120	0.0026	0.0237	-0.0227	0.0000	0.0000	0.0000	0	1.00	0.1953	0.3686	-0.5543	1.659	1
121415	0.018	0.063	-0.080	-0.68	-0.30	-0.93	0.025	0.056	0.016	0.022	-0.156	0.120	0.0066	0.0278	-0.0215	0.0000	0.0000	0.0000	0	1.00	0.1953	0.3686	-0.5543	1.659	1
121423	0.021	0.062	-0.081	-0.67	-0.15	-1.21	0.014	0.021	0.007	0.022	-0.156	0.120	0.0073	0.0292	-0.0290	0.0000	0.0000	0.0000	0	1.00	0.1953	0.3686	-0.5543	1.659	1
121431	0.017	0.068	-0.083	-1.01	-0.45	-0.99	0.019	0.028	-0.003	0.022	-0.156	0.119	0.0022	0.0270	-0.0218	0.0000	0.0000	0.0000	0	1.00	0.1953	0.3686	-0.5543	1.659	1
121439	0.021	0.073	-0.092	-0.84	-0.42	-0.97	0.012	0.004	0.003	0.022	-0.155	0.119	0.0047	0.0232	-0.0237	0.0000	0.0000	0.0000	0	1.00	0.1953	0.3686	-0.5543	1.659	1
121447	0.020	0.077	-0.096	-1.07	-0.53	-0.73	0.001	-0.007	-0.005	0.022	-0.155	0.119	-0.0024	0.0205	-0.0185	0.0000	0.0000	0.0000	0	1.00	0.1953	0.3686	-0.5543	1.659	1
121455	0.019	0.079	-0.097	-0.99	-0.51	-1.05	-0.001	-0.020	0.005	0.022	-0.155	0.119	0.0012	0.0214	-0.0235	0.0000	0.0000	0.0000	0	1.00	0.1953	0.3686	-0.5543	1.659	1
121462	0.025	0.082	-0.105	-0.75	-0.03	-1.35	-0.016	-0.039	0.009	0.022	-0.155	0.119	0.0028	0.0289	-0.0358	0.0000	0.0000	0.0000	0	1.00	0.1953	0.3686	-0.5543	1.659	1
121470	0.025	0.083	-0.106	-1.11	-0.64	-1.01	-0.021	-0.028	-0.005	0.022	-0.155	0.119	-0.0018	0.0195	-0.0239	0.0000	0.0000	0.0000	0	1.00	0.1953	0.3686	-0.5543	1.659	1
121478	0.019	0.087	-0.104	-1.21	-0.80	-0.74	-0.022	-0.020	-0.010	0.022	-0.155	0.119	-0.0059	0.0169	-0.0175	0.0000	0.0000	0.0000	0	1.00	0.1953	0.3686	-0.5543	1.659	1
121486	0.012	0.095	-0.104	-1.50	-0.78	-0.90	-0.016	-0.025	-0.001	0.022	-0.155	0.119	-0.0102	0.0219	-0.0162	0.0000	0.0000	0.0000	0	1.00	0.1953	0.3686	-0.5543	1.659	1
121494	0.013	0.099	-0.108	-1.39	-0.81	-1.09	-0.015	-0.015	0.001	0.022	-0.155	0.119	-0.0062	0.0244	-0.0209	0.0000	0.0000	0.0000	0	1.00	0.1953	0.3686	-0.5543	1.659	1
121502	0.009	0.098	-0.105	-1.18	-1.18	-0.61	-0.005	-0.001	0.002	0.022	-0.155	0.119	-0.0032	0.0139	-0.0106	0.0000	0.0000	0.0000	0	1.00	0.1953	0.3686	-0.5543	1.659	1
121510	0.005	0.097	-0.100	-1.25	-1.38	-0.55	-0.008	0.008	-0.001	0.022	-0.154	0.118	-0.0047	0.0117	-0.0066	0.0000	0.0000	0.0000	0	1.00	0.1953	0.3686	-0.5543	1.659	1
121517	-0.002	0.099	-0.095	-1.26	-1.12	-0.37	0.001	0.000	-0.006	0.022	-0.154	0.118	-0.0084	0.0142	-0.0056	0.0000	0.0000	0.0000	0	1.00	0.1953	0.3686	-0.5543	1.659	1
121525	-0.007	0.098	-0.088	-1.03	-1.19	-0.44	0.009	0.005	0.006	0.022	-0.154	0.118	-0.0032	0.0119	-0.0052	0.0000	0.0000	0.0000	0	1.00	0.1953	0.3686	-0.5543	1.659	1
121533	-0.012	0.101	-0.086	-0.99	-0.87	-0.38	0.014	0.007	0.003	0.022	-0.154	0.118	-0.0062	0.0178	-0.0072	0.0000	0.0000	0.0000	0	1.00	0.1953	0.3686	-0.5543	1.659	1
121541	-0.016	0.102	-0.083	-0.76	-0.76	-0.18	0.000	0.017	0.009	0.022	-0.154	0.118	-0.0079	0.0179	-0.0052	0.0000	0.0000	0.0000	0	1.00	0.1953	0.3686	-0.5543	1.659	1
121549	-0.019	0.103	-0.081	-0.41	-0.73	-0.24	0.005	0.034	-0.003	0.022	-0.154	0.118	-0.0016	0.0185	-0.0116	0.0000	0.0000	0.0000	0	1.00	0.1953	0.3686	-0.5543	1.659	1
121557	-0.020	0.097	-0.074	-0.20	-0.61	0.05	0.006	0.016	0.010	0.022	-0.154	0.118	-0.0017	0.0128	-0.0058	0.0000	0.0000	0.0000	0	1.00	0.1953	0.3686	-0.5543	1.659	1
121564	-0.020	0.091	-0.069	-0.52	-0.71	-0.05	0.003	-0.005	0.025	0.022	-0.153	0.118	-0.0060	0.0100	-0.0003	0.0000	0.0000	0.0000	0	1.00	0.1953	0.3686	-0.5543	1.659	1
121572	-0.014	0.086	-0.070	-0.26	-0.76	-0.36	0.014	0.006	0.038	0.022	-0.153	0.118	0.0048	0.0099	-0.0065	0.0000	0.0000	0.0000	0	1.00	0.1953	0.3686	-0.5543	1.659	1
121580	-0.011	0.082	-0.069	-0.28	-0.82	-0.50	0.016	0.009	0.036	0.022	-0.153	0.118	0.0070	0.0100	-0.0083	0.0000	0.0000	0.0000	0	1.00	0.1953	0.3686	-0.5543	1.659	1
121588	-0.015	0.085	-0.067	-0.43	-0.68	-0.80	0.024	-0.010	0.042	0.022	-0.153	0.118	0.0061	0.0137	-0.0121	0.0000	0.0000	0.0000	0	1.00	0.1953	0.3686	-0.5543	1.659	1
121596	-0.015	0.085	-0.068	-0.31	-0.42	-0.97	0.013	0.004	0.034	0.022	-0.153	0.118	0.0060	0.0213	-0.0192	0.0000	0.0000	0.0000	0	1.00	0.1953	0.3686	-0.5543	1.659	1
121604	-0.012	0.084	-0.069	-0.65	-0.76	-0.71	0.015	0.019	0.006	0.022	-0.153	0.117	0.0017	0.0179	-0.0129	0.0000	0.0000	0.0000	0	1.00	0.1953	0.3686	-0.5543	1.659	1
121611	-0.007	0.081	-0.072	-0.54	-1.00	-0.69	0.011	-0.000	0.004	0.022	-0.153	0.117	0.0063	0.0089	-0.0125	0.0000	0.0000	0.0000	0	1.00	0.1953	0.3686	-0.5543	1.659	1
121619	-0.001	0.081	-0.079	-0.53	-1.09	-1.03	-0.000	-0.009	-0.024	0.022	-0.153	0.117	0.0100	0.0088	-0.0231	0.0000	0.0000	0.0000	0	1.00	0.1953	0.3686	-0.5543	1.659	1
121627	0.006	0.078	-0.082	-0.37	-0.94	-0.71	-0.013	-0.009	-0.020	0.022	-0.152	0.117	0.0079	0.0070	-0.0206	0.0000	0.0000	0.0000	0	1.00	0.1953	0.3686	-0.5543	1.659	1
121635	0.006	0.075	-0.080	-0.96	-1.14	-0.65	-0.009	-0.014	-0.027	0.022	-0.152	0.117	-0.0004	0.0065	-0.0128	0.0000	0.0000	0.0000	0	1.00	0.1953	0.3686	-0.5543	1.659	1
121643	0.005	0.076	-0.079	-0.52	-1.06	-0.75	-0.003	-0.016	-0.040	0.022	-0.152	0.117	0.0081	0.0049	-0.0203	0.0000	0.0000	0.0000	0	1.00	0.1953	0.3686	-0.5543	1.659	1
121651	0.007	0.073	-0.079	-0.91	-1.12	-0.72	-0.006	-0.026	-0.024	0.022	-0.152	0.117	0.0017	0.0048	-0.0140	0.0000	0.0000	0.0000	0	1.00	0.1953	0.3686	-0.5543	1.659	1
121659	0.010	0.069	-0.077	-0.75	-1.26	-0.86	-0.005	-0.010	-0.014	0.022	-0.152	0.117	0.0074	0.0035	-0.0149	0.0000	0.0000	0.0000	0	1.00	0.1953	0.3686	-0.5543	1.659	1
121667	0.009	0.070	-0.077	-0.67	-1.45	-0.96	-0.001	-0.010	-0.001	0.022	-0.152	0.117	0.0116	0.0004	-0.0137	0.0000	0.0000	0.0000	0	1.00	0.1953	0.3686	-0.5543	1.659	1
121675	0.004	0.067	-0.070	-0.86	-1.49	-0.83	-0.014	-0.009	0.005	0.022	-0.152	0.117	0.0047	-0.0003	-0.0069	0.0000	0.0000	0.0000	0	1.00	0.1953	0.3686	-0.5543	1.659	1
121683	0.003	0.066	-0.068	-0.87	-1.22	-0.99	-0.005	0.009	0.032	0.022	-0.152	0.116	0.0043	0.0088	-0.0079	0.0000	0.0000	0.0000	0	1.00	0.1953	0.3686	-0.5543	1.659	1
121691	0.001	0.063	-0.063	-0.87	-1.06	-0.83	-0.014	0.013	0.026	0.021	-0.152	0.116	-0.0001	0.0101	-0.0062	0.0000	0.0000	0.0000	0	1.00	0.1953	0.3686	-0.5543	1.659	1
121699	0.008	0.055	-0.062	-0.26	-0.92	-0.52	-0.005	0.003	0.024	0.021	-0.151	0.116	0.0090	0.0019	-0.0077	0.0000	0.0000	0.0000	0	1.00	0.1953	0.3686	-0.5543	1.659	1
121707	0.014	0.051	-0.064	-0.54	-0.99	-1.02	-0.013	0.012	0.002	0.021	-0.151	0.116	0.0093	0.0078	-0.0167	0.0000	0.0000	0.0000	0	1.00	0.1953	0.3686	-0.5543	1.659	1
121715	0.016	0.047	-0.062	-0.48	-0.83	-0.60	0.003	-0.006	-0.001	0.021	-0.151	0.116	0.0081	0.0029	-0.0115	0.0000	0.0000	0.0000	0	1.00	0.1953	0.3686	-0.5543	1.659	1
121723	0.018	0.048	-0.065	-0.31	-0.57	-0.51	0.012	-0.008	-0.016	0.021	-0.151	0.116	0.0100	0.0053	-0.0168	0.0000	0.0000	0.0000	0	1.00	0.1953	0.3686	-0.5543	1.659	1
121731	0.019	0.047	-0.065	-0.43	-0.44	-0.73	0.030	-0.009	-0.040	0.021	-0.151	0.116	0.0119	0.0101	-0.0236	0.0000	0.0000	0.0000	0	1.00	0.1953	0.3686	-0.5543	1.659	1
121739	0.021	0.045	-0.064	-0.44	-0.38	-0.67	0.024	-0.016	-0.046	0.021	-0.151	0.116	0.0101	0.0093	-0.0232	0.0000	0.0000	0.0000	0	1.00	0.1953	0.3686	-0.5543	1.659	1
121747	0.020	0.041	-0.060	-0.33	-0.75	-0.52	0.023	-0.013	-0.058	0.021	-0.151	0.116	0.0138	0.0000	-0.0185	0.0000	0.0000	0.0000	0	1.00	0.1953	0.3686	-0.5543	1.659	1
121755	0.020	0.039	-0.058	-0.65	-0.59	-0.88	0.007	0.000	-0.025	0.021	-0.151	0.116	0.0075	0.0104	-0.0198	0.0000	0.0000	0.0000	0	1.00	0.1953	0.3686	-0.5543	1.659	1
121763	0.019	0.039	-0.057	-0.67	-0.86	-0.80	-0.000	0.018	-0.019	0.021	-0.150	0.115	0.0073	0.0078	-0.0150	0.0000	0.0000	0.0000	0	1.00	0.1953	0.3686	-0.5543	1.659	1
121771	0.020	0.039	-0.058	-0.83	-0.68	-1.14	-0.015	0.010	-0.001	0.021	-0.150	0.115	0.0040	0.0139	-0.0182	0.0000	0.0000	0.0000	0	1.00	0.1953	0.3686	-0.5543	1.659	1
121779	0.021	0.041	-0.061	-0.72	-0.75	-1.29	-0.028	0.018	0.035	0.021	-0.150	0.115	0.0060	0.0146	-0.0168	0.0000	0.0000	0.0000	0	1.00	0.1953	0.3686	-0.5543	1.659	1
121787	0.023	0.044	-0.066	-0.69	-0.78	-1.07	-0.022	0.026	0.049	0.021	-0.150	0.115	0.0057	0.0135	-0.0127	0.0000	0.0000	0.0000	0	1.00	0.1953	0.3686	-0.5543	1.659	1
121795	0.021	0.045	-0.066	-0.74	-0.60	-0.89	-0.026	0.024	0.050	0.021	-0.150	0.115	0.0009	0.0158	-0.0106	0.0000	0.0000	0.0000	0	1.00	0.1953	0.3686	-0.5543	1.659	1
121803	0.026	0.044	-0.069	-0.41	-0.30	-0.67	-0.012	0.012	0.023	0.021	-0.150	0.115	0.0052	0.0146	-0.0159	0.0000	0.0000	0.0000	0	1.00	0.1953	0.3686	-0.5543	1.659	1
121811	0.027	0.050	-0.077	-0.33	-0.58	-0.69	-0.009	-0.009	0.013	0.021	-0.150	0.115	0.0099	0.0071	-0.0175	0.0000	0.0000	0.0000	0	1.00	0.1953	0.3686	-0.5543	1.659	1
121819	0.032	0.050	-0.081	-0.55	-0.44	-0.82	0.003	-0.008	0.004	0.021	-0.150	0.115	0.0092	0.0125	-0.0211	0.0000	0.0000	0.0000	0	1.00	0.1953	0.3686	-0.5543	1.659	1
121827	0.028	0.055	-0.081	-0.69	-0.43	-0.37	0.005	-0.031	-0.013	0.021	-0.149	0.115	0.0021	0.0082	-0.0150	0.0000	0.0000	0.0000	0	1.00	0.1953	0.3686	-0.5543	1.659	1
121835	0.023	0.058	-0.079	-0.73	-0.75	-0.43	0.016	-0.031	-0.014	0.021	-0.149	0.115	0.0055	0.0037	-0.0127	0.0000	0.0000	0.0000	0	1.00	0.1953	0.3686	-0.5543	1.659	1
121843	0.026	0.053	-0.077	-0.59	-0.74	-0.16	0.027	-0.044	-0.033	0.021	-0.149	0.115	0.0076	-0.0019	-0.0115	0.0000	0.0000	0.0000	0	1.00	0.1953	0.3686	-0.5543	1.659	1
121851	0.026	0.057	-0.081	-0.95	-0.61	-0.56	0.039	-0.023	-0.038	0.021	-0.149	0.114	0.0053	0.0098	-0.0176	0.0000	0.0000	0.0000	0	1.00	0.1953	0.3686	-0.5543	1.659	1
121859	0.025	0.060	-0.083	-0.89	-0.70	-0.64	0.045	0.001	-0.033	0.021	-0.149	0.114	0.0079	0.0128	-0.0189	0.0000	0.0000	0.0000	0	1.00	0.1953	0.3686	-0.5543	1.659	1
121867	0.027	0.056	-0.081	-0.87	-0.89	-0.57	0.033	-0.005	-0.029	0.021	-0.149	0.114	0.0085	0.0068	-0.0153	0.0000	0.0000	0.0000	0	1.00	0.1953	0.3686	-0.5543	1.659	1
121875	0.025	0.052	-0.076	-0.97	-0.88	-0.48	0.028	0.003	-0.026	0.021	-0.149	0.114	0.0049	0.0075	-0.0114	0.0000	0.0000	0.0000	0	1.00	0.1953	0.3686	-0.5543	1.659	1
121883	0.027	0.052	-0.077	-0.82	-0.89	-0.31	-0.009	0.015	-0.028	0.021	-0.149	0.114	0.0008	0.0067	-0.0103	0.0000	0.0000	0.0000	0	1.00	0.1953	0.3686	-0.5543	1.659	1
121891	0.020	0.054	-0.073	-0.91	-0.51	-0.28	-0.022	0.033	-0.003	0.021	-0.149	0.114	-0.0078	0.0169	-0.0076	0.0000	0.0000	0.0000	0	1.00	0.1953	0.3686	-0.5543	1.659	1
121899	0.025	0.054	-0.077	-1.14	-0.69	-0.72	-0.024	0.011	0.004	0.021	-0.148	0.114	-0.0055	0.0162	-0.0111	0.0000	0.0000	0.0000	0	1.00	0.1953	0.3686	-0.5543	1.659	1
121907	0.023	0.054	-0.076	-1.06	-0.85	-0.54	-0.032	0.009	0.022	0.021	-0.148	0.114	-0.0056	0.0108	-0.0044	0.0000	0.0000	0.0000	0	1.00	0.1953	0.3686	-0.5543	1.659	1
121915	0.023	0.051	-0.073	-1.33	-1.06	-0.58	-0.040	0.028	0.039	0.021	-0.148	0.114	-0.0092	0.0116	0.0018	0.0000	0.0000	0.0000	0	1.00	0.1953	0.3686	-0.5543	1.659	1
121923	0.022	0.047	-0.068	-1.11	-1.04	-0.29	-0.021	0.024	0.044	0.021	-0.148	0.114	-0.0061	0.0063	0.0057	0.0000	0.0000	0.0000	0	1.00	0.1953	0.3686	-0.5543	1.659	1
121930	0.017	0.050	-0.065	-1.24	-0.90	-0.41	-0.018	-0.004	0.037	0.021	-0.148	0.114	-0.0091	0.0073	0.0038	0.0000	0.0000	0.0000	0	1.00	0.1953	0.3686	-0.5543	1.659	1
121938	0.017	0.052	-0.067	-0.88	-0.63	-0.40	0.001	-0.003	0.035	0.021	-0.148	0.113	-0.0024	0.0095	-0.0024	0.0000	0.0000	0.0000	0	1.00	0.1953	0.3686	-0.5543	1.659	1
121946	0.017	0.047	-0.062	-0.72	-0.55	-0.32	0.013	-0.023	0.032	0.021	-0.148	0.113	0.0009	0.0049	-0.0024	0.0000	0.0000	0.0000	0	1.00	0.1953	0.3686	-0.5543	1.659	1
121954	0.012	0.042	-0.053	-0.46	-0.62	0.12	0.010	-0.038	0.027	0.021	-0.148	0.113	0.0006	-0.0050	0.0049	0.0000	0.0000	0.0000	0	1.00	0.1953	0.3686	-0.5543	1.659	1
121962	0.006	0.040	-0.045	-0.75	-0.49	0.17	0.014	-0.041	0.009	0.021	-0.148	0.113	-0.0063	-0.0013	0.0062	0.0000	0.0000	0.0000	0	1.00	0.1953	0.3686	-0.5543	1.659	1
121970	0.005	0.042	-0.046	-0.52	-0.58	-0.18	0.023	-0.048	-0.008	0.021	-0.147	0.113	0.0027	-0.0020	-0.0039	0.0000	0.0000	0.0000	0	1.00	0.1953	0.3686	-0.5543	1.659	1
121978	0.007	0.042	-0.048	-0.63	-0.31	0.09	0.018	-0.034	-0.017	0.021	-0.147	0.113	-0.0043	0.0028	-0.0024	0.0000	0.0000	0.0000	0	1.00	0.1953	0.3686	-0.5543	1.659	1
121986	0.006	0.041	-0.045	-0.39	-0.21	-0.15	0.001	-0.019	-0.022	0.021	-0.147	0.113	-0.0019	0.0064	-0.0097	0.0000	0.0000	0.0000	0	1.00	0.1953	0.3686	-0.5543	1.659	1
121994	0.002	0.034	-0.036	-0.38	-0.38	-0.41	0.013	-0.007	-0.025	0.021	-0.147	0.113	0.0031	0.0058	-0.0113	0.0000	0.0000	0.0000	0	1.00	0.1953	0.3686	-0.5543	1.659	1
122002	-0.000	0.033	-0.031	-0.53	-0.35	-0.29	0.013	0.028	-0.021	0.021	-0.147	0.113	-0.0015	0.0116	-0.0069	0.0000	0.0000	0.0000	0	1.00	0.1953	0.3686	-0.5543	1.659	1
122009	0.005	0.029	-0.034	-0.59	-0.35	-0.55	0.012	0.027	-0.010	0.021	-0.147	0.113	0.0009	0.0134	-0.0098	0.0000	0.0000	0.0000	0	1.00	0.1953	0.3686	-0.5543	1.659	1
122017	0.002	0.032	-0.033	-0.53	-0.35	-0.72	0.015	0.032	-0.005	0.021	-0.147	0.113	0.0032	0.0154	-0.0123	0.0000	0.0000	0.0000	0	1.00	0.1953	0.3686	-0.5543	1.659	1
122025	-0.003	0.035	-0.031	-0.72	-0.58	-1.04	-0.002	0.027	0.015	0.021	-0.147	0.112	0.0010	0.0156	-0.0103	0.0000	0.0000	0.0000	0	1.00	0.1953	0.3686	-0.5543	1.659	1
122033	-0.007	0.040	-0.031	-0.39	-0.41	-0.69	0.005	0.022	0.021	0.021	-0.146	0.112	0.0022	0.0133	-0.0082	0.0000	0.0000	0.0000	0	1.00	0.1953	0.3686	-0.5543	1.659	1
122041	-0.009	0.042	-0.033	-0.76	-0.70	-0.98	-0.006	0.017	0.026	0.021	-0.146	0.112	-0.0008	0.0134	-0.0068	0.0000	0.0000	0.0000	0	1.00	0.1953	0.3686	-0.5543	1.659	1
122049	-0.016	0.051	-0.033	-0.80	-0.65	-0.67	0.001	0.017	0.017	0.021	-0.146	0.112	-0.0054	0.0140	-0.0030	0.0000	0.0000	0.0000	0	1.00	0.1953	0.3686	-0.5543	1.659	1
122057	-0.014	0.052	-0.037	-0.84	-1.03	-1.41	-0.010	-0.015	0.019	0.021	-0.146	0.112	0.0030	0.0084	-0.0120	0.0000	0.0000	0.0000	0	1.00	0.1953	0.3686	-0.5543	1.659	1
122064	-0.010	0.053	-0.042	-0.65	-1.13	-1.08	-0.023	-0.029	0.020	0.021	-0.146	0.112	0.0031	0.0008	-0.0080	0.0000	0.0000	0.0000	0	1.00	0.1953	0.3686	-0.5543	1.659	1
122072	-0.016	0.056	-0.039	-0.75	-1.34	-0.77	-0.016	-0.039	0.015	0.021	-0.146	0.112	0.0002	-0.0053	0.0001	0.0000	0.0000	0.0000	0	1.00	0.1953	0.3686	-0.5543	1.659	1
122080	-0.017	0.051	-0.033	-0.36	-1.37	-0.71	-0.015	-0.039	0.011	0.021	-0.146	0.112	0.0064	-0.0106	-0.0017	0.0000	0.0000	0.0000	0	1.00	0.1953	0.3686	-0.5543	1.659	1
122088	-0.018	0.053	-0.033	-0.45	-1.62	-0.79	-0.003	-0.035	0.003	0.021	-0.146	0.112	0.0095	-0.0130	-0.0015	0.0000	0.0000	0.0000	0	1.00	0.1953	0.3686	-0.5543	1.659	1
122096	-0.014	0.049	-0.034	-0.68	-1.23	-0.74	-0.005	-0.037	-0.002	0.021	-0.146	0.112	0.0023	-0.0054	-0.0028	0.0000	0.0000	0.0000	0	1.00	0.1953	0.3686	-0.5543	1.659	1
122104	-0.007	0.043	-0.035	0.05	-1.46	-1.14	0.004	0.007	0.005	0.021	-0.146	0.112	0.0230	-0.0072	-0.0139	0.0000	0.0000	0.0000	0	1.00	0.1953	0.3686	-0.5543	1.659	1
122112	-0.005	0.035	-0.030	-0.33	-1.36	-0.96	0.015	0.012	0.004	0.021	-0.145	0.112	0.0161	-0.0046	-0.0073	0.0000	0.0000	0.0000	0	1.00	0.1953	0.3686	-0.5543	1.659	1
122120	-0.003	0.033	-0.028	-0.50	-1.51	-0.85	0.005	0.022	-0.014	0.021	-0.145	0.111	0.0123	-0.0058	-0.0052	0.0000	0.0000	0.0000	0	1.00	0.1953	0.3686	-0.5543	1.659	1
122128	-0.003	0.030	-0.026	-0.55	-1.29	-0.71	0.002	0.019	-0.036	0.021	-0.145	0.111	0.0079	-0.0034	-0.0065	0.0000	0.0000	0.0000	0	1.00	0.1953	0.3686	-0.5543	1.659	1
122136	0.005	0.024	-0.029	-0.11	-1.36	-0.96	0.013	0.018	-0.025	0.021	-0.145	0.111	0.0217	-0.0078	-0.0136	0.0000	0.0000	0.0000	0	1.00	0.1953	0.3686	-0.5543	1.659	1
122144	0.015	0.019	-0.033	-0.23	-1.12	-0.98	0.002	0.010	-0.033	0.021	-0.145	0.111	0.0183	-0.0046	-0.0166	0.0000	0.0000	0.0000	0	1.00	0.1953	0.3686	-0.5543	1.659	1
122152	0.023	0.014	-0.037	-0.14	-0.74	-1.03	0.011	-0.000	-0.022	0.021	-0.145	0.111	0.0201	-0.0007	-0.0210	0.0000	0.0000	0.0000	0	1.00	0.1953	0.3686	-0.5543	1.659	1
122160	0.024	0.008	-0.032	-0.51	-0.84	-0.78	0.010	0.006	-0.017	0.021	-0.145	0.111	0.0124	-0.0018	-0.0110	0.0000	0.0000	0.0000	0	1.00	0.1953	0.3686	-0.5543	1.659	1
122168	0.026	0.006	-0.032	-0.87	-0.69	-0.46	0.005	0.004	0.000	0.021	-0.145	0.111	0.0014	0.0006	-0.0007	0.0000	0.0000	0.0000	0	1.00	0.1953	0.3686	-0.5543	1.659	1
122175	0.032	0.002	-0.033	-0.72	-0.59	-0.71	-0.008	-0.003	0.012	0.021	-0.144	0.111	0.0044	0.0011	-0.0054	0.0000	0.0000	0.0000	0	1.00	0.1953	0.3686	-0.5543	1.659	1
122183	0.034	0.006	-0.039	-0.54	-0.37	-0.57	-0.003	-0.015	0.018	0.021	-0.144	0.111	0.0057	0.0013	-0.0069	0.0000	0.0000	0.0000	0	1.00	0.1953	0.3686	-0.5543	1.659	1
122191	0.042	0.002	-0.044	-0.38	-0.55	-0.67	-0.012	-0.006	0.034	0.020	-0.144	0.111	0.0110	-0.0018	-0.0075	0.0000	0.0000	0.0000	0	1.00	0.1953	0.3686	-0.5543	1.659	1
122199	0.044	-0.000	-0.044	-0.74	-0.69	-0.80	0.001	0.002	0.016	0.020	-0.144	0.111	0.0098	0.0007	-0.0077	0.0000	0.0000	0.0000	0	1.00	0.1953	0.3686	-0.5543	1.659	1
122207	0.037	0.002	-0.038	-1.17	-0.70	-0.47	-0.000	0.001	0.023	0.020	-0.144	0.111	-0.0023	0.0015	0.0042	0.0000	0.0000	0.0000	0	1.00	0.1953	0.3686	-0.5543	1.659	1
122215	0.037	0.003	-0.040	-1.19	-0.55	-0.49	0.003	0.008	0.016	0.020	-0.144	0.110	-0.0029	0.0059	0.0012	0.0000	0.0000	0.0000	0	1.00	0.1953	0.3686	-0.5543	1.659	1
122223	0.038	0.003	-0.041	-1.08	-1.07	-0.50	0.012	0.016	0.008	0.020	-0.144	0.110	0.0051	-0.0032	0.0031	0.0000	0.0000	0.0000	0	1.00	0.1953	0.3686	-0.5543	1.659	1
122231	0.039	-0.001	-0.039	-1.15	-0.97	-0.74	0.015	0.030	-0.006	0.020	-0.144	0.110	0.0058	0.0025	-0.0031	0.0000	0.0000	0.0000	0	1.00	0.1953	0.3686	-0.5543	1.659	1
122238	0.038	0.001	-0.039	-0.91	-0.91	-0.94	0.023	0.017	-0.001	0.020	-0.143	0.110	0.0118	0.0020	-0.0083	0.0000	0.0000	0.0000	0	1.00	0.1953	0.3686	-0.5543	1.659	1
122246	0.039	-0.004	-0.035	-0.77	-0.90	-0.67	0.013	-0.016	-0.018	0.020	-0.143	0.110	0.0108	-0.0075	-0.0067	0.0000	0.0000	0.0000	0	1.00	0.1953	0.3686	-0.5543	1.659	1
122254	0.034	-0.005	-0.029	-1.04	-0.78	-0.72	0.007	0.002	-0.041	0.020	-0.143	0.110	0.0038	0.0001	-0.0077	0.0000	0.0000	0.0000	0	1.00	0.1953	0.3686	-0.5543	1.659	1
122262	0.036	-0.009	-0.028	-0.97	-0.94	-0.11	-0.004	-0.038	-0.038	0.020	-0.143	0.110	-0.0002	-0.0150	0.0044	0.0000	0.0000	0.0000	0	1.00	0.1953	0.3686	-0.5543	1.659	1
122270	0.038	-0.009	-0.029	-0.90	-0.64	-0.58	-0.013	-0.044	-0.033	0.020	-0.143	0.110	0.0018	-0.0068	-0.0066	0.0000	0.0000	0.0000	0	1.00	0.1953	0.3686	-0.5543	1.659	1
122278	0.038	-0.010	-0.028	-1.08	-1.14	-0.74	-0.031	-0.042	-0.002	0.020	-0.143	0.110	0.0017	-0.0130	0.0012	0.0000	0.0000	0.0000	0	1.00	0.1953	0.3686	-0.5543	1.659	1
122286	0.030	-0.011	-0.020	-1.16	-0.89	-0.40	-0.015	-0.030	-0.002	0.020	-0.143	0.110	-0.0044	-0.0097	0.0073	0.0000	0.0000	0.0000	0	1.00	0.1953	0.3686	-0.5543	1.659	1
122294	0.031	-0.012	-0.020	-1.21	-1.10	-0.44	-0.014	-0.018	0.010	0.020	-0.143	0.109	-0.0029	-0.0114	0.0106	0.0000	0.0000	0.0000	0	1.00	0.1953	0.3686	-0.5543	1.659	1
122302	0.030	-0.009	-0.021	-1.31	-0.81	-0.32	-0.010	-0.004	0.002	0.020	-0.143	0.109	-0.0076	-0.0036	0.0092	0.0000	0.0000	0.0000	0	1.00	0.1953	0.3686	-0.5543	1.659	1
122310	0.037	-0.016	-0.021	-1.06	-1.26	-0.43	0.002	0.022	0.018	0.020	-0.143	0.109	0.0042	-0.0104	0.0114	0.0000	0.0000	0.0000	0	1.00	0.1953	0.3686	-0.5543	1.659	1
122318	0.034	-0.010	-0.023	-0.97	-0.84	-0.52	-0.002	0.032	0.003	0.020	-0.142	0.109	0.0018	-0.0002	0.0025	0.0000	0.0000	0.0000	0	1.00	0.1953	0.3686	-0.5543	1.659	1
122326	0.028	-0.015	-0.014	-0.88	-1.06	0.03	-0.013	0.021	-0.008	0.020	-0.142	0.109	-0.0024	-0.0119	0.0134	0.0000	0.0000	0.0000	0	1.00	0.1953	0.3686	-0.5543	1.659	1
122334	0.017	-0.012	-0.006	-1.01	-1.18	-0.26	0.003	0.018	-0.013	0.020	-0.142	0.109	-0.0007	-0.0103	0.0114	0.0000	0.0000	0.0000	0	1.00	0.1953	0.3686	-0.5543	1.659	1
122341	0.015	-0.011	-0.005	-1.04	-1.34	-0.16	-0.007	0.017	-0.003	0.020	-0.142	0.109	-0.0029	-0.0136	0.0165	0.0000	0.0000	0.0000	0	1.00	0.1953	0.3686	-0.5543	1.659	1
122349	0.020	-0.016	-0.004	-0.67	-1.18	-0.17	-0.003	0.009	-0.007	0.020	-0.142	0.109	0.0039	-0.0161	0.0111	0.0000	0.0000	0.0000	0	1.00	0.1953	0.3686	-0.5543	1.659	1
122357	0.018	-0.018	-0.000	-0.94	-0.89	-0.40	-0.006	-0.000	0.014	0.020	-0.142	0.109	-0.0021	-0.0087	0.0113	0.0000	0.0000	0.0000	0	1.00	0.1953	0.3686	-0.5543	1.659	1
122366	0.013	-0.025	0.011	-0.79	-0.96	-0.48	-0.006	-0.006	-0.002	0.020	-0.142	0.109	0.0009	-0.0131	0.0092	0.0000	0.0000	0.0000	0	1.00	0.1953	0.3686	-0.5543	1.659	1
122374	0.009	-0.027	0.018	-0.54	-0.80	-0.14	0.017	-0.020	0.005	0.020	-0.142	0.109	0.0035	-0.0177	0.0137	0.0000	0.0000	0.0000	0	1.00	0.1953	0.3686	-0.5543	1.659	1
122381	0.009	-0.035	0.025	-0.67	-1.33	-0.33	0.019	-0.031	-0.013	0.020	-0.142	0.109	0.0079	-0.0277	0.0150	0.0000	0.0000	0.0000	0	1.00	0.1953	0.3686	-0.5543	1.659	1
122389	0.012	-0.037	0.023	-0.59	-1.18	-0.77	0.022	-0.028	-0.002	0.020	-0.141	0.108	0.0131	-0.0218	0.0068	0.0000	0.0000	0.0000	0	1.00	0.1953	0.3686	-0.5543	1.659	1
122397	0.011	-0.038	0.026	-0.94	-0.66	-0.94	0.025	-0.032	-0.004	0.020	-0.141	0.108	0.0044	-0.0087	0.0028	0.0000	0.0000	0.0000	0	1.00	0.1953	0.3686	-0.5543	1.659	1
122406	0.008	-0.037	0.029	-0.94	-0.92	-0.69	0.014	-0.010	-0.004	0.020	-0.141	0.108	0.0018	-0.0124	0.0098	0.0000	0.0000	0.0000	0	1.00	0.1953	0.3686	-0.5543	1.659	1
122429	0.011	-0.045	0.033	-0.62	-0.99	-0.41	0.003	0.027	0.003	0.020	-0.141	0.108	0.0042	-0.0147	0.0140	0.0000	0.0000	0.0000	0	1.00	0.1953	0.3686	-0.5543	1.659	1
122437	0.009	-0.047	0.037	-0.59	-0.72	-0.92	-0.015	0.040	-0.003	0.020	-0.141	0.108	0.0037	-0.0046	0.0027	0.0000	0.0000	0.0000	0	1.00	0.1953	0.3686	-0.5543	1.659	1
122445	0.005	-0.047	0.041	-0.39	-0.66	-0.43	-0.020	0.015	0.017	0.020	-0.141	0.108	0.0005	-0.0126	0.0130	0.0000	0.0000	0.0000	0	1.00	0.1953	0.3686	-0.5543	1.659	1
122453	0.005	-0.049	0.043	-0.28	-0.64	-0.67	-0.023	0.022	0.016	0.020	-0.140	0.108	0.0042	-0.0106	0.0078	0.0000	0.0000	0.0000	0	1.00	0.1953	0.3686	-0.5543	1.659	1
122461	0.004	-0.049	0.044	-0.38	-0.90	-0.32	-0.034	0.023	0.010	0.020	-0.140	0.108	-0.0003	-0.0169	0.0163	0.0000	0.0000	0.0000	0	1.00	0.1953	0.3686	-0.5543	1.659	1
122469	0.003	-0.047	0.043	-0.41	-0.43	-0.54	-0.034	-0.003	0.017	0.020	-0.140	0.108	-0.0027	-0.0100	0.0099	0.0000	0.0000	0.0000	0	1.00	0.1953	0.3686	-0.5543	1.659	1
122477	0.000	-0.047	0.046	-0.60	-0.55	-0.66	-0.029	-0.016	0.014	0.020	-0.140	0.108	-0.0037	-0.0117	0.0107	0.0000	0.0000	0.0000	0	1.00	0.1953	0.3686	-0.5543	1.659	1
122485	0.004	-0.051	0.046	-0.32	-0.96	-0.73	-0.029	-0.012	0.009	0.020	-0.140	0.107	0.0060	-0.0211	0.0096	0.0000	0.0000	0.0000	0	1.00	0.1953	0.3686	-0.5543	1.659	1
122493	-0.001	-0.050	0.050	-0.56	-0.71	-1.17	-0.016	-0.018	-0.012	0.020	-0.140	0.107	0.0045	-0.0115	-0.0003	0.0000	0.0000	0.0000	0	1.00	0.1953	0.3686	-0.5543	1.659	1
122501	-0.004	-0.044	0.047	-0.31	-0.52	-0.55	-0.005	-0.024	-0.017	0.020	-0.140	0.107	0.0027	-0.0151	0.0050	0.0000	0.0000	0.0000	0	1.00	0.1953	0.3686	-0.5543	1.659	1
122509	-0.008	-0.039	0.045	-0.32	-0.42	-0.96	0.007	-0.027	-0.027	0.020	-0.140	0.107	0.0068	-0.0088	-0.0046	0.0000	0.0000	0.0000	0	1.00	0.1953	0.3686	-0.5543	1.659	1
122517	-0.003	-0.036	0.038	-0.09	-0.18	-0.90	0.010	-0.038	-0.031	0.020	-0.140	0.107	0.0095	-0.0077	-0.0095	0.0000	0.0000	0.0000	0	1.00	0.1953	0.3686	-0.5543	1.659	1
122525	0.005	-0.040	0.034	0.00	-0.30	-1.19	0.026	-0.019	-0.017	0.020	-0.140	0.107	0.0184	-0.0068	-0.0135	0.0000	0.0000	0.0000	0	1.00	0.1953	0.3686	-0.5543	1.659	1
122533	0.006	-0.039	0.032	-0.12	0.02	-0.87	0.042	-0.002	-0.010	0.020	-0.139	0.107	0.0123	0.0002	-0.0092	0.0000	0.0000	0.0000	0	1.00	0.1953	0.3686	-0.5543	1.659	1
122541	0.012	-0.040	0.028	-0.34	0.03	-0.86	0.028	0.002	0.011	0.020	-0.139	0.107	0.0082	0.0024	-0.0047	0.0000	0.0000	0.0000	0	1.00	0.1953	0.3686	-0.5543	1.659	1
122549	0.017	-0.038	0.019	-0.32	0.23	-1.18	0.038	0.011	0.018	0.020	-0.139	0.107	0.0118	0.0105	-0.0128	0.0000	0.0000	0.0000	0	1.00	0.1953	0.3686	-0.5543	1.659	1
122557	0.023	-0.036	0.011	-0.20	0.53	-1.39	0.034	0.021	0.016	0.020	-0.139	0.107	0.0140	0.0187	-0.0221	0.0000	0.0000	0.0000	0	1.00	0.1953	0.3686	-0.5543	1.659	1
122565	0.029	-0.035	0.005	-0.57	0.02	-1.47	0.016	0.031	0.020	0.020	-0.139	0.107	0.0115	0.0147	-0.0163	0.0000	0.0000	0.0000	0	1.00	0.1953	0.3686	-0.5543	1.659	1
122572	0.033	-0.033	-0.001	-0.36	0.23	-1.26	0.029	0.018	0.005	0.020	-0.139	0.106	0.0143	0.0136	-0.0201	0.0000	0.0000	0.0000	0	1.00	0.1953	0.3686	-0.5543	1.659	1
122580	0.032	-0.020	-0.012	-0.46	0.20	-1.12	0.017	0.024	-0.011	0.020	-0.139	0.106	0.0098	0.0163	-0.0212	0.0000	0.0000	0.0000	0	1.00	0.1953	0.3686	-0.5543	1.659	1
122588	0.029	-0.009	-0.019	-0.40	0.31	-0.67	0.008	0.005	-0.025	0.020	-0.139	0.106	0.0040	0.0135	-0.0182	0.0000	0.0000	0.0000	0	1.00	0.1953	0.3686	-0.5543	1.659	1
122596	0.031	-0.002	-0.030	-0.32	0.60	-0.81	0.003	-0.005	-0.027	0.020	-0.138	0.106	0.0039	0.0193	-0.0261	0.0000	0.0000	0.0000	0	1.00	0.1953	0.3686	-0.5543	1.659	1
122604	0.039	0.005	-0.044	-0.39	0.44	-0.80	-0.019	-0.025	-0.014	0.020	-0.138	0.106	0.0023	0.0154	-0.0249	0.0000	0.0000	0.0000	0	1.00	0.1953	0.3686	-0.5543	1.659	1
122611	0.043	0.007	-0.050	-0.47	0.16	-0.22	-0.032	-0.030	-0.012	0.020	-0.138	0.106	-0.0028	0.0058	-0.0126	0.0000	0.0000	0.0000	0	1.00	0.1953	0.3686	-0.5543	1.659	1
122619	0.040	0.016	-0.055	-0.68	-0.01	-0.48	-0.023	-0.031	-0.005	0.020	-0.138	0.106	-0.0022	0.0084	-0.0136	0.0000	0.0000	0.0000	0	1.00	0.1953	0.3686	-0.5543	1.659	1
122627	0.040	0.023	-0.062	-1.04	-0.10	-0.66	-0.013	-0.004	0.022	0.020	-0.138	0.106	-0.0048	0.0165	-0.0101	0.0000	0.0000	0.0000	0	1.00	0.1953	0.3686	-0.5543	1.659	1
122635	0.037	0.028	-0.064	-0.95	-0.27	-0.91	0.003	-0.011	0.016	0.020	-0.138	0.106	0.0024	0.0146	-0.0151	0.0000	0.0000	0.0000	0	1.00	0.1953	0.3686	-0.5543	1.659	1
122643	0.031	0.034	-0.064	-1.24	-0.31	-0.69	-0.009	0.010	0.018	0.020	-0.138	0.106	-0.0073	0.0192	-0.0082	0.0000	0.0000	0.0000	0	1.00	0.1953	0.3686	-0.5543	1.659	1
122651	0.029	0.033	-0.062	-1.16	-0.54	-0.74	-0.008	0.017	0.014	0.020	-0.138	0.106	-0.0037	0.0158	-0.0082	0.0000	0.0000	0.0000	0	1.00	0.1953	0.3686	-0.5543	1.659	1
122659	0.028	0.036	-0.062	-1.02	-0.23	-0.78	0.011	0.006	0.006	0.020	-0.138	0.106	-0.0007	0.0192	-0.0140	0.0000	0.0000	0.0000	0	1.00	0.1953	0.3686	-0.5543	1.659	1
122666	0.024	0.040	-0.063	-0.88	-0.21	-0.51	0.019	0.016	-0.004	0.020	-0.138	0.105	-0.0006	0.0185	-0.0126	0.0000	0.0000	0.0000	0	1.00	0.1953	0.3686	-0.5543	1.659	1
122674	0.022	0.045	-0.066	-0.68	0.12	-0.61	0.015	0.003	-0.020	0.020	-0.137	0.105	-0.0001	0.0229	-0.0218	0.0000	0.0000	0.0000	0	1.00	0.1953	0.3686	-0.5543	1.659	1
122682	0.020	0.043	-0.062	-1.01	0.02	-0.71	0.017	0.008	-0.031	0.020	-0.137	0.105	-0.0040	0.0251	-0.0203	0.0000	0.0000	0.0000	0	1.00	0.1953	0.3686	-0.5543	1.659	1
122690	0.013	0.046	-0.058	-0.25	0.15	-0.23	0.008	0.007	-0.027	0.020	-0.137	0.105	0.0005	0.0176	-0.0186	0.0000	0.0000	0.0000	0	1.00	0.1953	0.3686	-0.5543	1.659	1
122698	0.006	0.047	-0.052	-0.64	0.01	-0.54	-0.001	-0.021	-0.024	0.020	-0.137	0.105	-0.0045	0.0167	-0.0175	0.0000	0.0000	0.0000	0	1.00	0.1953	0.3686	-0.5543	1.659	1
122706	0.002	0.051	-0.052	-0.64	-0.11	-0.74	-0.019	-0.009	-0.013	0.019	-0.137	0.105	-0.0054	0.0191	-0.0185	0.0000	0.0000	0.0000	0	1.00	0.1953	0.3686	-0.5543	1.659	1
122714	0.001	0.056	-0.055	-0.33	-0.23	-1.04	-0.024	-0.017	0.004	0.019	-0.137	0.105	0.0026	0.0163	-0.0231	0.0000	0.0000	0.0000	0	1.00	0.1953	0.3686	-0.5543	1.659	1
122721	-0.007	0.054	-0.046	-0.75	-0.54	-1.26	-0.028	-0.011	0.017	0.019	-0.137	0.105	-0.0020	0.0166	-0.0167	0.0000	0.0000	0.0000	0	1.00	0.1953	0.3686	-0.5543	1.659	1
122729	-0.009	0.061	-0.050	-0.78	-0.66	-1.21	-0.022	0.001	0.026	0.019	-0.137	0.105	-0.0020	0.0175	-0.0140	0.0000	0.0000	0.0000	0	1.00	0.1953	0.3686	-0.5543	1.659	1
122737	-0.010	0.062	-0.050	-0.77	-1.05	-1.25	-0.015	0.004	0.026	0.019	-0.137	0.105	0.0028	0.0114	-0.0117	0.0000	0.0000	0.0000	0	1.00	0.1953	0.3686	-0.5543	1.659	1
122745	-0.009	0.067	-0.056	-0.77	-0.96	-1.34	-0.003	0.012	0.034	0.019	-0.136	0.105	0.0046	0.0160	-0.0142	0.0000	0.0000	0.0000	0	1.00	0.1953	0.3686	-0.5543	1.659	1
122753	-0.008	0.070	-0.060	-0.53	-0.93	-0.88	0.010	0.008	0.024	0.019	-0.136	0.105	0.0069	0.0105	-0.0110	0.0000	0.0000	0.0000	0	1.00	0.1953	0.3686	-0.5543	1.659	1
122761	-0.007	0.077	-0.069	-0.46	-0.77	-0.89	0.022	0.011	0.016	0.019	-0.136	0.104	0.0089	0.0151	-0.0162	0.0000	0.0000	0.0000	0	1.00	0.1953	0.3686	-0.5543	1.659	1
122768	0.003	0.075	-0.076	-0.22	-0.98	-0.50	0.036	0.002	-0.013	0.019	-0.136	0.104	0.0150	0.0041	-0.0161	0.0000	0.0000	0.0000	0	1.00	0.1953	0.3686	-0.5543	1.659	1
122776	0.004	0.073	-0.076	-0.16	-0.68	-0.54	0.017	0.005	-0.015	0.019	-0.136	0.104	0.0118	0.0096	-0.0200	0.0000	0.0000	0.0000	0	1.00	0.1953	0.3686	-0.5543	1.659	1
122784	0.012	0.072	-0.083	-0.04	-0.76	-0.37	0.021	0.000	-0.027	0.019	-0.136	0.104	0.0153	0.0047	-0.0204	0.0000	0.0000	0.0000	0	1.00	0.1953	0.3686	-0.5543	1.659	1
122792	0.015	0.070	-0.084	-0.07	-1.06	-0.58	0.021	0.007	-0.014	0.019	-0.136	0.104	0.0196	0.0020	-0.0197	0.0000	0.0000	0.0000	0	1.00	0.1953	0.3686	-0.5543	1.659	1
122800	0.014	0.066	-0.079	-0.31	-1.06	-0.75	0.009	0.001	-0.006	0.019	-0.136	0.104	0.0152	0.0035	-0.0181	0.0000	0.0000	0.0000	0	1.00	0.1953	0.3686	-0.5543	1.659	1
122808	0.014	0.063	-0.075	-0.54	-1.50	-0.93	0.002	0.007	0.009	0.019	-0.136	0.104	0.0153	-0.0008	-0.0121	0.0000	0.0000	0.0000	0	1.00	0.1953	0.3686	-0.5543	1.659	1
122816	0.020	0.055	-0.074	-0.82	-1.71	-0.97	-0.015	0.011	0.027	0.019	-0.135	0.104	0.0113	-0.0028	-0.0057	0.0000	0.0000	0.0000	0	1.00	0.1953	0.3686	-0.5543	1.659	1
122824	0.030	0.047	-0.075	-0.69	-1.80	-1.23	-0.019	-0.011	0.026	0.019	-0.135	0.104	0.0181	-0.0087	-0.0108	0.0000	0.0000	0.0000	0	1.00	0.1953	0.3686	-0.5543	1.659	1
122832	0.034	0.041	-0.074	-1.09	-1.67	-1.27	-0.045	-0.015	0.032	0.019	-0.135	0.104	0.0085	-0.0042	-0.0078	0.0000	0.0000	0.0000	0	1.00	0.1953	0.3686	-0.5543	1.659	1
122840	0.038	0.037	-0.074	-1.32	-1.43	-1.38	-0.039	-0.018	0.024	0.019	-0.135	0.104	0.0050	0.0016	-0.0106	0.0000	0.0000	0.0000	0	1.00	0.1953	0.3686	-0.5543	1.659	1
122848	0.041	0.031	-0.071	-1.18	-1.63	-0.89	-0.038	-0.030	0.033	0.019	-0.135	0.104	0.0054	-0.0102	-0.0001	0.0000	0.0000	0.0000	0	1.00	0.1953	0.3686	-0.5543	1.659	1
122856	0.047	0.026	-0.072	-1.10	-1.74	-1.08	-0.018	-0.038	0.016	0.019	-0.135	0.104	0.0130	-0.0131	-0.0056	0.0000	0.0000	0.0000	0	1.00	0.1953	0.3686	-0.5543	1.659	1
122864	0.053	0.017	-0.069	-0.99	-1.56	-0.73	-0.017	-0.016	-0.000	0.019	-0.135	0.103	0.0115	-0.0128	-0.0041	0.0000	0.0000	0.0000	0	1.00	0.1953	0.3686	-0.5543	1.659	1
122872	0.053	0.015	-0.068	-1.33	-1.15	-0.92	-0.007	-0.015	-0.026	0.019	-0.135	0.103	0.0059	-0.0011	-0.0115	0.0000	0.0000	0.0000	0	1.00	0.1953	0.3686	-0.5543	1.659	1
122880	0.058	0.013	-0.071	-0.90	-1.18	-0.78	-0.003	-0.032	-0.029	0.019	-0.135	0.103	0.0138	-0.0090	-0.0137	0.0000	0.0000	0.0000	0	1.00	0.1953	0.3686	-0.5543	1.659	1
122888	0.060	0.010	-0.070	-1.23	-0.87	-0.56	0.009	-0.017	-0.047	0.019	-0.135	0.103	0.0059	-0.0013	-0.0111	0.0000	0.0000	0.0000	0	1.00	0.1953	0.3686	-0.5543	1.659	1
122896	0.066	-0.002	-0.063	-0.82	-1.21	-0.30	0.019	-0.005	-0.041	0.019	-0.134	0.103	0.0158	-0.0138	-0.0059	0.0000	0.0000	0.0000	0	1.00	0.1953	0.3686	-0.5543	1.659	1
122904	0.061	-0.004	-0.057	-0.91	-1.22	-0.31	0.030	0.020	-0.039	0.019	-0.134	0.103	0.0148	-0.0097	-0.0039	0.0000	0.0000	0.0000	0	1.00	0.1953	0.3686	-0.5543	1.659	1
122912	0.059	-0.001	-0.058	-0.73	-0.92	-0.26	0.039	0.033	-0.025	0.019	-0.134	0.103	0.0151	-0.0039	-0.0060	0.0000	0.0000	0.0000	0	1.00	0.1953	0.3686	-0.5543	1.659	1
122920	0.061	-0.003	-0.058	-1.05	-0.86	-0.21	0.034	0.039	-0.007	0.019	-0.134	0.103	0.0085	-0.0005	-0.0001	0.0000	0.0000	0.0000	0	1.00	0.1953	0.3686	-0.5543	1.659	1
122928	0.058	-0.010	-0.048	-0.75	-0.99	-0.07	0.029	0.042	-0.011	0.019	-0.134	0.103	0.0124	-0.0076	0.0018	0.0000	0.0000	0.0000	0	1.00	0.1953	0.3686	-0.5543	1.659	1
122936	0.061	-0.016	-0.046	-0.77	-1.04	-0.21	0.022	0.045	0.016	0.019	-0.134	0.103	0.0134	-0.0082	0.0048	0.0000	0.0000	0.0000	0	1.00	0.1953	0.3686	-0.5543	1.659	1
122944	0.062	-0.018	-0.044	-0.94	-1.15	-0.15	-0.004	0.026	0.039	0.019	-0.134	0.102	0.0069	-0.0117	0.0117	0.0000	0.0000	0.0000	0	1.00	0.1953	0.3686	-0.5543	1.659	1
122952	0.056	-0.016	-0.040	-1.08	-0.66	-0.17	-0.020	0.018	0.048	0.019	-0.134	0.102	-0.0032	-0.0020	0.0102	0.0000	0.0000	0.0000	0	1.00	0.1953	0.3686	-0.5543	1.659	1
122960	0.054	-0.020	-0.034	-0.74	-0.75	-0.00	-0.054	-0.002	0.026	0.019	-0.133	0.102	-0.0017	-0.0118	0.0103	0.0000	0.0000	0.0000	0	1.00	0.1953	0.3686	-0.5543	1.659	1
122968	0.049	-0.016	-0.033	-0.68	-0.92	-0.00	-0.044	-0.015	0.015	0.019	-0.133	0.102	0.0007	-0.0166	0.0099	0.0000	0.0000	0.0000	0	1.00	0.1953	0.3686	-0.5543	1.659	1
122976	0.050	-0.021	-0.029	-0.89	-0.63	0.03	-0.055	-0.011	0.022	0.019	-0.133	0.102	-0.0062	-0.0102	0.0116	0.0000	0.0000	0.0000	0	1.00	0.1953	0.3686	-0.5543	1.659	1
122984	0.041	-0.015	-0.026	-1.05	-0.91	-0.17	-0.038	-0.010	-0.004	0.019	-0.133	0.102	-0.0052	-0.0109	0.0087	0.0000	0.0000	0.0000	0	1.00	0.1953	0.3686	-0.5543	1.659	1
122992	0.036	-0.012	-0.025	-1.12	-0.86	-0.04	-0.039	0.013	-0.019	0.019	-0.133	0.102	-0.0090	-0.0063	0.0090	0.0000	0.0000	0.0000	0	1.00	0.1953	0.3686	-0.5543	1.659	1
123000	0.035	-0.013	-0.022	-1.38	-0.66	-0.18	-0.003	-0.007	-0.011	0.019	-0.133	0.102	-0.0093	-0.0026	0.0088	0.0000	0.0000	0.0000	0	1.00	0.1953	0.3686	-0.5543	1.659	1
123008	0.028	-0.014	-0.014	-1.47	-0.93	0.07	0.017	-0.011	-0.029	0.019	-0.133	0.102	-0.0091	-0.0097	0.0152	0.0000	0.0000	0.0000	0	1.00	0.1953	0.3686	-0.5543	1.659	1
123015	0.022	-0.012	-0.010	-1.18	-0.87	0.13	0.022	-0.002	-0.029	0.019	-0.133	0.102	-0.0060	-0.0097	0.0140	0.0000	0.0000	0.0000	0	1.00	0.1953	0.3686	-0.5543	1.659	1
123023	0.015	-0.015	-0.000	-0.95	-1.13	-0.04	0.038	-0.012	-0.018	0.019	-0.133	0.102	0.0022	-0.0173	0.0145	0.0000	0.0000	0.0000	0	1.00	0.1953	0.3686	-0.5543	1.659	1
123031	0.003	-0.012	0.009	-0.95	-1.17	0.00	0.039	-0.001	-0.014	0.019	-0.133	0.102	-0.0003	-0.0160	0.0181	0.0000	0.0000	0.0000	0	1.00	0.1953	0.3686	-0.5543	1.659	1
123040	-0.010	-0.015	0.025	-0.86	-0.55	0.02	0.047	-0.023	-0.005	0.019	-0.132	0.101	-0.0062	-0.0098	0.0171	0.0000	0.0000	0.0000	0	1.00	0.1953	0.3686	-0.5543	1.659	1
123047	-0.010	-0.022	0.031	-0.61	-0.79	-0.30	0.008	0.000	-0.022	0.019	-0.132	0.101	-0.0017	-0.0110	0.0102	0.0000	0.0000	0.0000	0	1.00	0.1953	0.3686	-0.5543	1.659	1
123055	-0.010	-0.024	0.034	-0.68	-0.94	-0.29	0.002	-0.019	-0.014	0.019	-0.132	0.101	-0.0026	-0.0170	0.0142	0.0000	0.0000	0.0000	0	1.00	0.1953	0.3686	-0.5543	1.659	1
123063	-0.012	-0.027	0.039	-0.73	-0.72	-0.15	-0.020	-0.011	0.001	0.019	-0.132	0.101	-0.0105	-0.0130	0.0186	0.0000	0.0000	0.0000	0	1.00	0.1953	0.3686	-0.5543	1.659	1
123071	-0.015	-0.029	0.043	-0.53	-0.78	-0.29	-0.041	-0.019	0.006	0.019	-0.132	0.101	-0.0083	-0.0159	0.0167	0.0000	0.0000	0.0000	0	1.00	0.1953	0.3686	-0.5543	1.659	1
123079	-0.019	-0.029	0.046	-0.48	-0.80	-0.31	-0.041	-0.003	0.010	0.019	-0.132	0.101	-0.0078	-0.0142	0.0172	0.0000	0.0000	0.0000	0	1.00	0.1953	0.3686	-0.5543	1.659	1
123087	-0.023	-0.031	0.053	-0.91	-1.09	-0.43	-0.035	0.014	0.015	0.019	-0.132	0.101	-0.0120	-0.0127	0.0235	0.0000	0.0000	0.0000	0	1.00	0.1953	0.3686	-0.5543	1.659	1
123095	-0.015	-0.036	0.051	-0.72	-0.98	-0.32	-0.037	0.005	0.024	0.019	-0.132	0.101	-0.0095	-0.0157	0.0236	0.0000	0.0000	0.0000	0	1.00	0.1953	0.3686	-0.5543	1.659	1
123103	-0.012	-0.042	0.053	-0.49	-0.78	-0.64	-0.010	-0.004	0.014	0.019	-0.132	0.101	0.0002	-0.0142	0.0132	0.0000	0.0000	0.0000	0	1.00	0.1953	0.3686	-0.5543	1.659	1
123111	-0.013	-0.045	0.056	-0.71	-0.98	-0.75	0.023	-0.003	0.013	0.018	-0.132	0.101	0.0038	-0.0155	0.0155	0.0000	0.0000	0.0000	0	1.00	0.1953	0.3686	-0.5543	1.659	1
123119	-0.016	-0.043	0.058	-0.51	-0.92	-0.69	0.019	-0.005	-0.008	0.018	-0.131	0.101	0.0051	-0.0164	0.0111	0.0000	0.0000	0.0000	0	1.00	0.1953	0.3686	-0.5543	1.659	1
123127	-0.008	-0.050	0.057	-0.57	-0.84	-0.61	0.038	-0.020	0.007	0.019	-0.131	0.101	0.0065	-0.0190	0.0145	0.0000	0.0000	0.0000	0	1.00	0.1953	0.3686	-0.5543	1.659	1
123134	-0.008	-0.052	0.059	-0.54	-1.04	-0.64	0.044	-0.004	0.001	0.019	-0.131	0.101	0.0094	-0.0205	0.0148	0.0000	0.0000	0.0000	0	1.00	0.1953	0.3686	-0.5543	1.659	1
123142	-0.007	-0.053	0.059	-0.47	-0.69	-0.55	0.042	-0.006	-0.011	0.019	-0.131	0.100	0.0069	-0.0161	0.0109	0.0000	0.0000	0.0000	0	1.00	0.1953	0.3686	-0.5543	1.659	1
123150	-0.009	-0.049	0.057	-0.54	-0.76	-0.62	0.042	0.007	-0.011	0.019	-0.131	0.100	0.0067	-0.0132	0.0104	0.0000	0.0000	0.0000	0	1.00	0.1953	0.3686	-0.5543	1.659	1
123158	-0.009	-0.050	0.058	-0.44	-1.09	-0.69	0.016	0.001	-0.023	0.019	-0.131	0.100	0.0088	-0.0206	0.0098	0.0000	0.0000	0.0000	0	1.00	0.1953	0.3686	-0.5543	1.659	1
123166	-0.007	-0.051	0.057	-0.51	-0.49	-1.13	0.011	0.009	-0.019	0.019	-0.131	0.100	0.0061	-0.0044	-0.0018	0.0000	0.0000	0.0000	0	1.00	0.1953	0.3686	-0.5543	1.659	1
123174	0.004	-0.056	0.051	-0.04	-1.12	-1.06	-0.008	0.016	-0.002	0.019	-0.131	0.100	0.0178	-0.0201	0.0017	0.0000	0.0000	0.0000	0	1.00	0.1953	0.3686	-0.5543	1.659	1
123182	0.005	-0.057	0.051	-0.29	-1.13	-0.81	-0.011	0.020	0.008	0.019	-0.131	0.100	0.0110	-0.0199	0.0099	0.0000	0.0000	0.0000	0	1.00	0.1953	0.3686	-0.5543	1.659	1
123190	0.007	-0.058	0.049	-0.34	-0.73	-0.85	-0.033	0.019	-0.010	0.018	-0.130	0.100	0.0049	-0.0122	0.0033	0.0000	0.0000	0.0000	0	1.00	0.1953	0.3686	-0.5543	1.659	1
123197	0.016	-0.061	0.044	-0.46	-0.76	-1.22	-0.034	0.025	0.002	0.018	-0.130	0.100	0.0079	-0.0083	-0.0010	0.0000	0.0000	0.0000	0	1.00	0.1953	0.3686	-0.5543	1.659	1
123205	0.023	-0.064	0.040	-0.46	-0.84	-1.13	-0.023	0.028	0.014	0.018	-0.130	0.100	0.0106	-0.0112	0.0022	0.0000	0.0000	0.0000	0	1.00	0.1953	0.3686	-0.5543	1.659	1
123213	0.030	-0.067	0.035	-0.61	-0.81	-1.02	-0.007	0.007	0.008	0.018	-0.130	0.100	0.0107	-0.0140	0.0035	0.0000	0.0000	0.0000	0	1.00	0.1953	0.3686	-0.5543	1.659	1
123221	0.034	-0.068	0.032	-0.83	-0.94	-0.88	-0.008	0.005	-0.007	0.018	-0.130	0.100	0.0076	-0.0160	0.0059	0.0000	0.0000	0.0000	0	1.00	0.1953	0.3686	-0.5543	1.659	1
123229	0.038	-0.070	0.030	-1.02	-0.40	-0.60	-0.003	-0.020	-0.002	0.018	-0.130	0.100	-0.0010	-0.0113	0.0083	0.0000	0.0000	0.0000	0	1.00	0.1953	0.3686	-0.5543	1.659	1
123237	0.038	-0.069	0.030	-0.58	-0.56	-0.77	0.028	-0.022	-0.031	0.018	-0.130	0.099	0.0140	-0.0167	-0.0015	0.0000	0.0000	0.0000	0	1.00	0.1953	0.3686	-0.5543	1.659	1
123245	0.037	-0.068	0.029	-0.88	-0.33	-0.70	0.008	-0.016	-0.021	0.018	-0.130	0.099	0.0032	-0.0092	0.0015	0.0000	0.0000	0.0000	0	1.00	0.1953	0.3686	-0.5543	1.659	1
123253	0.034	-0.064	0.029	-0.61	-0.23	-0.86	0.013	-0.018	-0.006	0.018	-0.130	0.099	0.0084	-0.0080	-0.0024	0.0000	0.0000	0.0000	0	1.00	0.1953	0.3686	-0.5543	1.659	1
123261	0.032	-0.062	0.028	-0.78	-0.35	-0.47	0.026	-0.006	0.023	0.018	-0.130	0.099	0.0043	-0.0099	0.0110	0.0000	0.0000	0.0000	0	1.00	0.1953	0.3686	-0.5543	1.659	1
123268	0.035	-0.062	0.025	-0.85	-0.58	-0.69	0.018	0.010	0.031	0.018	-0.129	0.099	0.0064	-0.0089	0.0101	0.0000	0.0000	0.0000	0	1.00	0.1953	0.3686	-0.5543	1.659	1
123276	0.032	-0.062	0.029	-0.93	-0.43	-0.55	0.018	0.007	0.037	0.018	-0.129	0.099	0.0017	-0.0072	0.0134	0.0000	0.0000	0.0000	0	1.00	0.1953	0.3686	-0.5543	1.659	1
123284	0.034	-0.064	0.028	-0.58	-0.32	-0.70	0.001	0.025	0.055	0.018	-0.129	0.099	0.0058	-0.0048	0.0080	0.0000	0.0000	0.0000	0	1.00	0.1953	0.3686	-0.5543	1.659	1
123292	0.033	-0.065	0.030	-0.76	-0.50	-0.44	-0.008	0.016	0.039	0.018	-0.129	0.099	0.0004	-0.0100	0.0149	0.0000	0.0000	0.0000	0	1.00	0.1953	0.3686	-0.5543	1.659	1
123300	0.029	-0.064	0.033	-0.85	-0.38	-0.15	-0.002	0.031	0.027	0.018	-0.129	0.099	-0.0046	-0.0074	0.0189	0.0000	0.0000	0.0000	0	1.00	0.1953	0.3686	-0.5543	1.659	1
123308	0.024	-0.060	0.034	-0.76	-0.47	-0.16	-0.013	0.024	0.012	0.018	-0.129	0.099	-0.0048	-0.0097	0.0169	0.0000	0.0000	0.0000	0	1.00	0.1953	0.3686	-0.5543	1.659	1
123316	0.022	-0.057	0.034	-0.71	-0.32	-0.35	-0.013	0.017	-0.000	0.018	-0.129	0.099	-0.0039	-0.0060	0.0099	0.0000	0.0000	0.0000	0	1.00	0.1953	0.3686	-0.5543	1.659	1
123324	0.020	-0.052	0.030	-0.95	-0.20	-0.23	-0.007	0.007	-0.024	0.018	-0.129	0.099	-0.0094	-0.0033	0.0090	0.0000	0.0000	0.0000	0	1.00	0.1953	0.3686	-0.5543	1.659	1
123331	0.023	-0.053	0.029	-0.80	-0.71	-0.31	0.001	0.016	-0.056	0.018	-0.129	0.099	0.0002	-0.0117	0.0073	0.0000	0.0000	0.0000	0	1.00	0.1953	0.3686	-0.5543	1.659	1
123339	0.025	-0.053	0.027	-1.08	-0.49	-0.35	0.008	0.000	-0.061	0.018	-0.128	0.099	-0.0044	-0.0078	0.0068	0.0000	0.0000	0.0000	0	1.00	0.1953	0.3686	-0.5543	1.659	1
123347	0.016	-0.052	0.035	-0.83	-0.65	-0.43	0.010	-0.004	-0.039	0.018	-0.128	0.098	0.0005	-0.0127	0.0076	0.0000	0.0000	0.0000	0	1.00	0.1953	0.3686	-0.5543	1.659	1
123355	0.015	-0.053	0.037	-1.14	-0.86	-0.54	0.020	-0.008	-0.037	0.018	-0.128	0.098	-0.0008	-0.0138	0.0108	0.0000	0.0000	0.0000	0	1.00	0.1953	0.3686	-0.5543	1.659	1
123363	0.012	-0.052	0.038	-1.11	-1.02	-0.62	0.002	-0.005	-0.024	0.018	-0.128	0.098	-0.0017	-0.0155	0.0124	0.0000	0.0000	0.0000	0	1.00	0.1953	0.3686	-0.5543	1.659	1
123371	0.010	-0.054	0.043	-1.21	-1.06	-0.49	0.004	-0.026	-0.008	0.018	-0.128	0.098	-0.0045	-0.0201	0.0194	0.0000	0.0000	0.0000	0	1.00	0.1953	0.3686	-0.5543	1.659	1
123379	0.005	-0.054	0.047	-0.97	-0.71	-0.65	-0.012	-0.025	-0.003	0.018	-0.128	0.098	-0.0053	-0.0142	0.0131	0.0000	0.0000	0.0000	0	1.00	0.1953	0.3686	-0.5543	1.659	1
123387	0.000	-0.054	0.052	-0.98	-1.04	-0.64	-0.018	-0.011	0.004	0.018	-0.128	0.098	-0.0047	-0.0182	0.0184	0.0000	0.0000	0.0000	0	1.00	0.1953	0.3686	-0.5543	1.659	1
123395	-0.002	-0.053	0.054	-0.75	-0.80	-1.00	-0.028	0.001	0.024	0.018	-0.128	0.098	-0.0016	-0.0105	0.0112	0.0000	0.0000	0.0000	0	1.00	0.1953	0.3686	-0.5543	1.659	1
123402	-0.007	-0.051	0.057	-0.89	-0.83	-0.51	-0.016	-0.001	0.031	0.018	-0.128	0.098	-0.0076	-0.0140	0.0225	0.0000	0.0000	0.0000	0	1.00	0.1953	0.3686	-0.5543	1.659	1
123410	-0.011	-0.051	0.060	-0.74	-0.77	-0.72	-0.022	0.011	0.022	0.018	-0.128	0.098	-0.0054	-0.0105	0.0168	0.0000	0.0000	0.0000	0	1.00	0.1953	0.3686	-0.5543	1.659	1
123418	-0.018	-0.048	0.065	-0.86	-0.99	-0.59	-0.015	0.001	0.022	0.018	-0.127	0.098	-0.0070	-0.0157	0.0230	0.0000	0.0000	0.0000	0	1.00	0.1953	0.3686	-0.5543	1.659	1
123426	-0.017	-0.051	0.067	-0.74	-0.81	-0.67	-0.011	0.001	0.026	0.018	-0.127	0.098	-0.0049	-0.0136	0.0198	0.0000	0.0000	0.0000	0	1.00	0.1953	0.3686	-0.5543	1.659	1
123434	-0.015	-0.053	0.067	-0.71	-0.61	-0.81	0.013	0.014	0.011	0.018	-0.127	0.098	-0.0007	-0.0072	0.0130	0.0000	0.0000	0.0000	0	1.00	0.1953	0.3686	-0.5543	1.659	1
123442	-0.017	-0.052	0.068	-0.57	-0.62	-0.82	0.007	0.026	-0.010	0.018	-0.127	0.098	0.0005	-0.0064	0.0085	0.0000	0.0000	0.0000	0	1.00	0.1953	0.3686	-0.5543	1.659	1
123450	-0.015	-0.055	0.069	-0.20	-0.67	-0.62	0.015	0.007	-0.018	0.018	-0.127	0.097	0.0073	-0.0156	0.0081	0.0000	0.0000	0.0000	0	1.00	0.1953	0.3686	-0.5543	1.659	1
123457	-0.012	-0.055	0.066	-0.49	-0.66	-0.77	0.039	0.027	-0.030	0.018	-0.127	0.097	0.0072	-0.0088	0.0055	0.0000	0.0000	0.0000	0	1.00	0.1953	0.3686	-0.5543	1.659	1
123465	-0.007	-0.056	0.062	-0.39	-0.14	-0.95	0.020	0.038	-0.038	0.018	-0.127	0.097	0.0047	0.0023	-0.0042	0.0000	0.0000	0.0000	0	1.00	0.1953	0.3686	-0.5543	1.659	1
123473	-0.002	-0.058	0.059	0.07	-0.49	-0.43	0.022	0.017	-0.023	0.018	-0.127	0.097	0.0120	-0.0152	0.0045	0.0000	0.0000	0.0000	0	1.00	0.1953	0.3686	-0.5543	1.659	1
123481	-0.000	-0.060	0.058	-0.31	-0.59	-0.79	0.016	0.004	-0.032	0.018	-0.127	0.097	0.0094	-0.0131	0.0016	0.0000	0.0000	0.0000	0	1.00	0.1953	0.3686	-0.5543	1.659	1
123489	0.000	-0.060	0.058	0.08	-0.83	-0.95	-0.007	-0.007	-0.020	0.018	-0.126	0.097	0.0161	-0.0213	-0.0010	0.0000	0.0000	0.0000	0	1.00	0.1953	0.3686	-0.5543	1.659	1
123497	0.003	-0.061	0.057	-0.23	-0.95	-1.15	-0.013	-0.029	-0.018	0.018	-0.126	0.097	0.0135	-0.0225	-0.0006	0.0000	0.0000	0.0000	0	1.00	0.1953	0.3686	-0.5543	1.659	1
123505	0.008	-0.063	0.053	-0.04	-1.12	-1.06	-0.025	-0.038	-0.004	0.018	-0.126	0.097	0.0166	-0.0292	0.0023	0.0000	0.0000	0.0000	0	1.00	0.1953	0.3686	-0.5543	1.659	1
123513	0.006	-0.063	0.054	-0.55	-0.73	-1.27	-0.012	-0.026	0.018	0.018	-0.126	0.097	0.0078	-0.0148	0.0036	0.0000	0.0000	0.0000	0	1.00	0.1953	0.3686	-0.5543	1.659	1
123521	0.009	-0.067	0.056	-0.74	-0.89	-1.34	-0.020	-0.031	0.031	0.018	-0.126	0.097	0.0059	-0.0169	0.0075	0.0000	0.0000	0.0000	0	1.00	0.1953	0.3686	-0.5543	1.659	1
123529	0.008	-0.064	0.054	-1.27	-1.26	-1.29	-0.003	-0.022	0.034	0.018	-0.126	0.097	0.0020	-0.0182	0.0163	0.0000	0.0000	0.0000	0	1.00	0.1953	0.3686	-0.5543	1.659	1
123537	0.007	-0.062	0.053	-0.68	-0.88	-1.08	0.003	-0.019	0.041	0.018	-0.126	0.097	0.0075	-0.0172	0.0116	0.0000	0.0000	0.0000	0	1.00	0.1953	0.3686	-0.5543	1.659	1
123544	0.004	-0.054	0.049	-0.86	-0.77	-0.80	-0.001	0.014	0.036	0.018	-0.126	0.096	-0.0006	-0.0091	0.0157	0.0000	0.0000	0.0000	0	1.00	0.1953	0.3686	-0.5543	1.659	1
123552	0.005	-0.051	0.045	-0.40	-0.36	-0.73	0.010	0.022	0.022	0.018	-0.126	0.096	0.0052	-0.0045	0.0064	0.0000	0.0000	0.0000	0	1.00	0.1953	0.3686	-0.5543	1.659	1
123560	0.003	-0.049	0.044	-0.91	-0.55	-0.67	0.008	0.032	0.012	0.018	-0.126	0.096	-0.0031	-0.0024	0.0123	0.0000	0.0000	0.0000	0	1.00	0.1953	0.3686	-0.5543	1.659	1
123568	0.004	-0.051	0.045	-0.84	-0.76	-0.62	0.010	0.050	-0.006	0.018	-0.126	0.096	0.0000	-0.0059	0.0114	0.0000	0.0000	0.0000	0	1.00	0.1953	0.3686	-0.5543	1.659	1
123576	0.011	-0.056	0.043	-0.32	-0.59	-0.36	0.028	0.037	-0.015	0.018	-0.125	0.096	0.0089	-0.0114	0.0078	0.0000	0.0000	0.0000	0	1.00	0.1953	0.3686	-0.5543	1.659	1
123584	0.014	-0.060	0.044	-0.64	-0.49	-0.78	0.027	0.026	-0.032	0.018	-0.125	0.096	0.0074	-0.0055	0.0006	0.0000	0.0000	0.0000	0	1.00	0.1953	0.3686	-0.5543	1.659	1
123592	0.017	-0.058	0.040	-0.39	-0.36	-0.74	0.008	0.015	-0.023	0.018	-0.125	0.096	0.0079	-0.0068	-0.0015	0.0000	0.0000	0.0000	0	1.00	0.1953	0.3686	-0.5543	1.659	1
123599	0.021	-0.063	0.040	-0.27	-0.40	-0.60	-0.007	0.004	-0.021	0.018	-0.125	0.096	0.0075	-0.0123	0.0006	0.0000	0.0000	0.0000	0	1.00	0.1953	0.3686	-0.5543	1.659	1
123607	0.025	-0.063	0.037	-0.14	-0.37	-0.66	-0.017	-0.014	-0.013	0.018	-0.125	0.096	0.0094	-0.0153	-0.0013	0.0000	0.0000	0.0000	0	1.00	0.1953	0.3686	-0.5543	1.659	1
123615	0.026	-0.064	0.037	-0.17	-0.49	-0.61	-0.021	-0.020	-0.014	0.018	-0.125	0.096	0.0090	-0.0187	0.0010	0.0000	0.0000	0.0000	0	1.00	0.1953	0.3686	-0.5543	1.659	1
123623	0.024	-0.062	0.036	-0.66	-0.07	-1.40	-0.025	-0.041	0.017	0.018	-0.125	0.096	0.0035	-0.0025	-0.0069	0.0000	0.0000	0.0000	0	1.00	0.1953	0.3686	-0.5543	1.659	1
123631	0.024	-0.060	0.034	-0.71	-0.52	-0.90	-0.004	-0.041	0.016	0.018	-0.125	0.096	0.0050	-0.0140	0.0053	0.0000	0.0000	0.0000	0	1.00	0.1953	0.3686	-0.5543	1.659	1
123639	0.024	-0.058	0.032	-1.03	-0.12	-1.19	-0.013	-0.020	0.028	0.018	-0.125	0.096	-0.0029	0.0012	0.0009	0.0000	0.0000	0.0000	0	1.00	0.1953	0.3686	-0.5543	1.659	1
123647	0.028	-0.057	0.027	-0.73	-0.60	-1.32	-0.011	-0.010	0.027	0.018	-0.125	0.095	0.0085	-0.0072	-0.0011	0.0000	0.0000	0.0000	0	1.00	0.1953	0.3686	-0.5543	1.659	1
123655	0.028	-0.050	0.021	-1.16	-0.61	-1.41	0.015	0.015	0.029	0.018	-0.124	0.095	0.0061	0.0024	-0.0002	0.0000	0.0000	0.0000	0	1.00	0.1953	0.3686	-0.5543	1.659	1
123663	0.025	-0.045	0.018	-1.44	-0.32	-1.21	0.023	0.019	0.020	0.018	-0.124	0.095	-0.0023	0.0100	0.0016	0.0000	0.0000	0.0000	0	1.00	0.1953	0.3686	-0.5543	1.659	1
123671	0.024	-0.045	0.019	-0.80	-0.51	-1.23	0.019	0.017	-0.007	0.018	-0.124	0.095	0.0098	0.0012	-0.0069	0.0000	0.0000	0.0000	0	1.00	0.1953	0.3686	-0.5543	1.659	1
123679	0.025	-0.048	0.021	-0.95	-0.53	-1.07	0.018	0.009	-0.012	0.018	-0.124	0.095	0.0061	-0.0010	-0.0030	0.0000	0.0000	0.0000	0	1.00	0.1953	0.3686	-0.5543	1.659	1
123687	0.028	-0.045	0.016	-0.74	-0.69	-0.80	0.010	0.025	-0.036	0.018	-0.124	0.095	0.0080	-0.0050	-0.0031	0.0000	0.0000	0.0000	0	1.00	0.1953	0.3686	-0.5543	1.659	1
123694	0.028	-0.045	0.016	-0.99	-0.48	-0.76	-0.018	0.010	-0.035	0.018	-0.124	0.095	-0.0028	-0.0013	-0.0017	0.0000	0.0000	0.0000	0	1.00	0.1953	0.3686	-0.5543	1.659	1
123702	0.026	-0.044	0.017	-0.71	-0.44	-0.55	-0.014	-0.014	-0.037	0.018	-0.124	0.095	-0.0000	-0.0084	-0.0007	0.0000	0.0000	0.0000	0	1.00	0.1953	0.3686	-0.5543	1.659	1
123710	0.022	-0.040	0.017	-0.93	-0.69	-0.72	-0.011	-0.003	-0.020	0.018	-0.124	0.095	-0.0005	-0.0074	0.0025	0.0000	0.0000	0.0000	0	1.00	0.1953	0.3686	-0.5543	1.659	1
123718	0.023	-0.041	0.017	-0.95	-0.87	-0.73	-0.018	-0.008	-0.031	0.017	-0.124	0.095	0.0002	-0.0114	0.0028	0.0000	0.0000	0.0000	0	1.00	0.1953	0.3686	-0.5543	1.659	1
123726	0.030	-0.041	0.010	-0.84	-0.55	-0.84	-0.022	-0.032	-0.007	0.017	-0.124	0.095	0.0010	-0.0088	-0.0008	0.0000	0.0000	0.0000	0	1.00	0.1953	0.3686	-0.5543	1.659	1
123734	0.027	-0.040	0.012	-0.91	-0.66	-0.87	-0.011	-0.022	0.018	0.017	-0.123	0.095	0.0019	-0.0088	0.0045	0.0000	0.0000	0.0000	0	1.00	0.1953	0.3686	-0.5543	1.659	1
123742	0.028	-0.037	0.008	-1.13	-0.75	-0.78	-0.011	-0.023	0.037	0.017	-0.123	0.094	-0.0019	-0.0088	0.0102	0.0000	0.0000	0.0000	0	1.00	0.1953	0.3686	-0.5543	1.659	1
123749	0.024	-0.032	0.007	-0.95	-0.66	-0.95	0.002	-0.032	0.041	0.017	-0.123	0.094	0.0032	-0.0074	0.0050	0.0000	0.0000	0.0000	0	1.00	0.1953	0.3686	-0.5543	1.659	1
123758	0.024	-0.036	0.011	-0.88	-1.13	-0.64	0.012	-0.008	0.053	0.017	-0.123	0.094	0.0070	-0.0166	0.0152	0.0000	0.0000	0.0000	0	1.00	0.1953	0.3686	-0.5543	1.659	1
123765	0.025	-0.033	0.007	-0.49	-1.20	-0.54	-0.002	-0.008	0.032	0.017	-0.123	0.094	0.0116	-0.0214	0.0115	0.0000	0.0000	0.0000	0	1.00	0.1953	0.3686	-0.5543	1.659	1
123773	0.020	-0.030	0.010	-0.56	-0.72	-0.41	0.004	0.017	0.013	0.017	-0.123	0.094	0.0048	-0.0086	0.0082	0.0000	0.0000	0.0000	0	1.00	0.1953	0.3686	-0.5543	1.659	1
123781	0.018	-0.030	0.012	-0.48	-0.76	-0.36	0.005	0.023	0.008	0.017	-0.123	0.094	0.0058	-0.0096	0.0081	0.0000	0.0000	0.0000	0	1.00	0.1953	0.3686	-0.5543	1.659	1
123789	0.017	-0.032	0.015	-0.44	-1.07	-0.41	0.005	0.030	-0.042	0.017	-0.123	0.094	0.0097	-0.0145	0.0034	0.0000	0.0000	0.0000	0	1.00	0.1953	0.3686	-0.5543	1.659	1
123797	0.010	-0.036	0.025	-0.30	-0.84	0.08	0.003	0.018	-0.041	0.017	-0.123	0.094	0.0038	-0.0179	0.0108	0.0000	0.0000	0.0000	0	1.00	0.1953	0.3686	-0.5543	1.659	1
123805	0.011	-0.037	0.025	-0.30	-0.62	-0.14	0.006	0.011	-0.041	0.017	-0.123	0.094	0.0047	-0.0134	0.0054	0.0000	0.0000	0.0000	0	1.00	0.1953	0.3686	-0.5543	1.659	1
123813	0.011	-0.039	0.027	-0.32	-0.52	-0.12	0.002	0.014	-0.040	0.017	-0.122	0.094	0.0029	-0.0116	0.0053	0.0000	0.0000	0.0000	0	1.00	0.1953	0.3686	-0.5543	1.659	1
123821	0.011	-0.044	0.032	-0.32	-0.35	-0.29	-0.005	-0.007	-0.035	0.017	-0.122	0.094	0.0019	-0.0113	0.0026	0.0000	0.0000	0.0000	0	1.00	0.1953	0.3686	-0.5543	1.659	1
123828	0.009	-0.047	0.037	-0.38	-0.48	0.01	-0.014	-0.003	-0.009	0.017	-0.122	0.094	-0.0029	-0.0157	0.0140	0.0000	0.0000	0.0000	0	1.00	0.1953	0.3686	-0.5543	1.659	1
123836	0.008	-0.050	0.041	-0.55	-0.63	0.12	-0.004	-0.023	0.010	0.017	-0.122	0.094	-0.0043	-0.0216	0.0226	0.0000	0.0000	0.0000	0	1.00	0.1953	0.3686	-0.5543	1.659	1
123844	0.007	-0.052	0.043	-0.19	-0.69	-0.29	0.002	-0.026	0.026	0.017	-0.122	0.093	0.0070	-0.0233	0.0154	0.0000	0.0000	0.0000	0	1.00	0.1953	0.3686	-0.5543	1.659	1
123852	0.011	-0.055	0.042	-0.84	-0.52	-0.55	-0.003	-0.011	0.047	0.017	-0.122	0.093	-0.0033	-0.0111	0.0172	0.0000	0.0000	0.0000	0	1.00	0.1953	0.3686	-0.5543	1.659	1
123860	0.018	-0.054	0.035	-0.47	-0.65	-0.59	0.004	0.010	0.047	0.017	-0.122	0.093	0.0067	-0.0127	0.0127	0.0000	0.0000	0.0000	0	1.00	0.1953	0.3686	-0.5543	1.659	1
123868	0.020	-0.057	0.035	-0.44	-0.79	-0.99	-0.000	0.004	0.046	0.017	-0.122	0.093	0.0121	-0.0138	0.0068	0.0000	0.0000	0.0000	0	1.00	0.1953	0.3686	-0.5543	1.659	1
123875	0.031	-0.068	0.035	-0.41	-1.26	-0.77	0.010	0.016	0.034	0.017	-0.122	0.093	0.0184	-0.0247	0.0131	0.0000	0.0000	0.0000	0	1.00	0.1953	0.3686	-0.5543	1.659	1
123883	0.032	-0.071	0.037	-0.56	-0.81	-0.76	0.006	0.014	0.017	0.017	-0.122	0.093	0.0117	-0.0164	0.0092	0.0000	0.0000	0.0000	0	1.00	0.1953	0.3686	-0.5543	1.659	1
123891	0.029	-0.066	0.036	-0.72	-0.42	-0.88	-0.016	0.019	-0.007	0.017	-0.121	0.093	0.0025	-0.0048	0.0012	0.0000	0.0000	0.0000	0	1.00	0.1953	0.3686	-0.5543	1.659	1
123899	0.027	-0.067	0.038	-0.72	-0.38	-0.92	0.005	0.002	-0.009	0.017	-0.121	0.093	0.0056	-0.0065	0.0001	0.0000	0.0000	0.0000	0	1.00	0.1953	0.3686	-0.5543	1.659	1
123907	0.032	-0.071	0.037	-0.44	-0.81	-0.67	0.002	-0.012	-0.037	0.017	-0.121	0.093	0.0128	-0.0221	0.0020	0.0000	0.0000	0.0000	0	1.00	0.1953	0.3686	-0.5543	1.659	1
123915	0.029	-0.070	0.039	-0.56	-0.73	-0.84	-0.001	-0.010	-0.048	0.017	-0.121	0.093	0.0105	-0.0175	-0.0011	0.0000	0.0000	0.0000	0	1.00	0.1953	0.3686	-0.5543	1.659	1
123923	0.031	-0.073	0.040	-0.51	-0.97	-0.65	-0.000	-0.007	-0.036	0.017	-0.121	0.093	0.0119	-0.0240	0.0050	0.0000	0.0000	0.0000	0	1.00	0.1953	0.3686	-0.5543	1.659	1
123930	0.030	-0.072	0.041	-0.64	-0.75	-0.52	0.005	-0.000	-0.036	0.017	-0.121	0.093	0.0074	-0.0189	0.0065	0.0000	0.0000	0.0000	0	1.00	0.1953	0.3686	-0.5543	1.659	1
123938	0.023	-0.068	0.043	-0.77	-0.83	-0.42	0.028	-0.006	-0.013	0.017	-0.121	0.093	0.0066	-0.0201	0.0135	0.0000	0.0000	0.0000	0	1.00	0.1953	0.3686	-0.5543	1.659	1
123946	0.025	-0.068	0.042	-0.82	-0.41	-0.79	0.007	-0.018	-0.009	0.017	-0.121	0.093	0.0030	-0.0110	0.0047	0.0000	0.0000	0.0000	0	1.00	0.1953	0.3686	-0.5543	1.659	1
123954	0.026	-0.072	0.044	-0.90	-0.98	-0.67	0.001	0.004	0.002	0.017	-0.121	0.092	0.0046	-0.0190	0.0143	0.0000	0.0000	0.0000	0	1.00	0.1953	0.3686	-0.5543	1.659	1
123963	0.023	-0.070	0.045	-0.42	-0.74	-0.85	-0.002	-0.009	0.023	0.017	-0.121	0.092	0.0112	-0.0189	0.0083	0.0000	0.0000	0.0000	0	1.00	0.1953	0.3686	-0.5543	1.659	1
123970	0.023	-0.069	0.044	-0.56	-0.55	-1.01	-0.016	0.014	0.036	0.017	-0.121	0.092	0.0063	-0.0090	0.0064	0.0000	0.0000	0.0000	0	1.00	0.1953	0.3686	-0.5543	1.659	1
123978	0.022	-0.069	0.045	-0.64	-0.37	-0.91	-0.017	0.017	0.049	0.017	-0.120	0.092	0.0020	-0.0053	0.0086	0.0000	0.0000	0.0000	0	1.00	0.1953	0.3686	-0.5543	1.659	1
123986	0.022	-0.071	0.047	-0.64	-0.37	-0.91	-0.010	0.025	0.044	0.017	-0.120	0.092	0.0030	-0.0047	0.0086	0.0000	0.0000	0.0000	0	1.00	0.1953	0.3686	-0.5543	1.659	1
123994	0.018	-0.067	0.047	-0.50	-0.10	-0.90	-0.009	0.035	0.044	0.017	-0.120	0.092	0.0022	0.0009	0.0050	0.0000	0.0000	0.0000	0	1.00	0.1953	0.3686	-0.5543	1.659	1
124002	0.020	-0.066	0.044	-0.28	-0.23	-0.77	0.003	0.023	0.042	0.017	-0.120	0.092	0.0085	-0.0057	0.0056	0.0000	0.0000	0.0000	0	1.00	0.1953	0.3686	-0.5543	1.659	1
124010	0.022	-0.062	0.038	-0.40	-0.60	-0.80	0.010	0.005	0.030	0.017	-0.120	0.092	0.0115	-0.0131	0.0071	0.0000	0.0000	0.0000	0	1.00	0.1953	0.3686	-0.5543	1.659	1
124018	0.018	-0.056	0.037	-0.50	-0.09	-0.90	0.028	-0.017	-0.007	0.017	-0.120	0.092	0.0084	-0.0045	-0.0037	0.0000	0.0000	0.0000	0	1.00	0.1953	0.3686	-0.5543	1.659	1
124025	0.014	-0.055	0.039	-0.60	-0.17	-0.72	0.021	-0.005	-0.008	0.017	-0.120	0.092	0.0039	-0.0043	0.0012	0.0000	0.0000	0.0000	0	1.00	0.1953	0.3686	-0.5543	1.659	1
124033	0.014	-0.052	0.037	-0.38	-0.26	-0.64	0.027	-0.018	-0.013	0.017	-0.120	0.092	0.0086	-0.0100	0.0002	0.0000	0.0000	0.0000	0	1.00	0.1953	0.3686	-0.5543	1.659	1
124041	0.011	-0.051	0.040	-0.80	-0.16	-0.53	0.036	-0.028	-0.038	0.017	-0.120	0.092	0.0001	-0.0066	0.0023	0.0000	0.0000	0.0000	0	1.00	0.1953	0.3686	-0.5543	1.659	1
124049	0.012	-0.047	0.034	-0.60	-0.46	-0.74	0.033	-0.010	-0.045	0.017	-0.120	0.092	0.0077	-0.0083	-0.0023	0.0000	0.0000	0.0000	0	1.00	0.1953	0.3686	-0.5543	1.659	1
124057	0.008	-0.042	0.033	-1.01	-0.24	-0.87	0.015	-0.014	-0.034	0.017	-0.119	0.092	-0.0029	0.0005	-0.0018	0.0000	0.0000	0.0000	0	1.00	0.1953	0.3686	-0.5543	1.659	1
124065	0.009	-0.040	0.030	-0.98	-0.62	-0.74	-0.000	-0.013	-0.045	0.017	-0.119	0.091	-0.0024	-0.0072	0.0021	0.0000	0.0000	0.0000	0	1.00	0.1953	0.3686	-0.5543	1.659	1
124073	0.005	-0.040	0.034	-1.10	-0.67	-0.78	-0.026	-0.005	-0.037	0.017	-0.119	0.091	-0.0085	-0.0052	0.0044	0.0000	0.0000	0.0000	0	1.00	0.1953	0.3686	-0.5543	1.659	1
124081	-0.002	-0.033	0.034	-0.99	-0.49	-0.43	-0.029	0.006	-0.013	0.017	-0.119	0.091	-0.0132	-0.0027	0.0107	0.0000	0.0000	0.0000	0	1.00	0.1953	0.3686	-0.5543	1.659	1
124088	-0.004	-0.033	0.036	-0.97	-0.59	-0.45	-0.038	0.013	0.004	0.017	-0.119	0.091	-0.0134	-0.0035	0.0144	0.0000	0.0000	0.0000	0	1.00	0.1953	0.3686	-0.5543	1.659	1
124096	-0.002	-0.034	0.035	-0.72	-0.69	-0.29	-0.031	-0.006	0.015	0.017	-0.119	0.091	-0.0087	-0.0122	0.0174	0.0000	0.0000	0.0000	0	1.00	0.1953	0.3686	-0.5543	1.659	1
124104	-0.005	-0.034	0.038	-0.83	-0.87	-0.64	-0.031	-0.016	0.009	0.017	-0.119	0.091	-0.0063	-0.0129	0.0135	0.0000	0.0000	0.0000	0	1.00	0.1953	0.3686	-0.5543	1.659	1
124112	-0.000	-0.034	0.034	-0.65	-0.74	-0.42	-0.023	-0.014	0.032	0.017	-0.119	0.091	-0.0047	-0.0137	0.0167	0.0000	0.0000	0.0000	0	1.00	0.1953	0.3686	-0.5543	1.659	1
124120	-0.004	-0.036	0.039	-0.98	-0.71	-0.65	-0.007	-0.004	0.031	0.017	-0.119	0.091	-0.0070	-0.0073	0.0164	0.0000	0.0000	0.0000	0	1.00	0.1953	0.3686	-0.5543	1.659	1
124128	-0.004	-0.038	0.040	-0.98	-0.79	-0.56	0.014	-0.015	0.024	0.017	-0.119	0.091	-0.0034	-0.0118	0.0180	0.0000	0.0000	0.0000	0	1.00	0.1953	0.3686	-0.5543	1.659	1
124136	-0.010	-0.032	0.041	-0.82	-0.76	-0.44	0.022	-0.017	0.028	0.017	-0.119	0.091	-0.0026	-0.0125	0.0189	0.0000	0.0000	0.0000	0	1.00	0.1953	0.3686	-0.5543	1.659	1
124144	-0.008	-0.038	0.044	-0.59	-0.91	-0.42	0.029	-0.010	0.020	0.017	-0.118	0.091	0.0040	-0.0176	0.0180	0.0000	0.0000	0.0000	0	1.00	0.1953	0.3686	-0.5543	1.659	1
124152	-0.007	-0.039	0.045	-0.33	-1.05	-0.21	0.011	0.001	0.007	0.017	-0.118	0.091	0.0055	-0.0224	0.0186	0.0000	0.0000	0.0000	0	1.00	0.1953	0.3686	-0.5543	1.659	1
124160	-0.008	-0.042	0.049	-0.63	-0.73	-0.24	0.009	-0.005	-0.008	0.017	-0.118	0.091	-0.0026	-0.0155	0.0166	0.0000	0.0000	0.0000	0	1.00	0.1953	0.3686	-0.5543	1.659	1
124167	-0.007	-0.040	0.046	-0.57	-0.97	-0.48	-0.009	0.003	-0.028	0.017	-0.118	0.091	-0.0000	-0.0164	0.0106	0.0000	0.0000	0.0000	0	1.00	0.1953	0.3686	-0.5543	1.659	1
124175	-0.005	-0.046	0.049	-0.66	-0.76	-0.70	0.002	-0.006	-0.037	0.017	-0.118	0.090	0.0011	-0.0127	0.0055	0.0000	0.0000	0.0000	0	1.00	0.1953	0.3686	-0.5543	1.659	1
124183	-0.003	-0.048	0.049	-0.32	-0.68	-0.70	-0.002	0.026	-0.043	0.017	-0.118	0.090	0.0059	-0.0095	0.0010	0.0000	0.0000	0.0000	0	1.00	0.1953	0.3686	-0.5543	1.659	1
124191	-0.004	-0.052	0.055	-0.64	-0.80	-0.48	-0.016	0.021	-0.029	0.017	-0.118	0.090	-0.0030	-0.0125	0.0114	0.0000	0.0000	0.0000	0	1.00	0.1953	0.3686	-0.5543	1.659	1
124199	-0.006	-0.055	0.059	-0.73	-0.75	-0.86	-0.027	0.019	-0.021	0.017	-0.118	0.090	-0.0034	-0.0084	0.0073	0.0000	0.0000	0.0000	0	1.00	0.1953	0.3686	-0.5543	1.659	1
124207	-0.005	-0.059	0.063	-0.64	-0.95	-0.63	-0.013	0.002	0.002	0.017	-0.118	0.090	-0.0003	-0.0185	0.0165	0.0000	0.0000	0.0000	0	1.00	0.1953	0.3686	-0.5543	1.659	1
124215	-0.001	-0.061	0.061	-0.74	-0.82	-0.67	-0.004	-0.003	0.016	0.017	-0.118	0.090	-0.0007	-0.0162	0.0172	0.0000	0.0000	0.0000	0	1.00	0.1953	0.3686	-0.5543	1.659	1
124223	0.002	-0.065	0.061	-0.83	-0.65	-0.85	-0.000	-0.005	0.024	0.017	-0.117	0.090	-0.0005	-0.0122	0.0147	0.0000	0.0000	0.0000	0	1.00	0.1953	0.3686	-0.5543	1.659	1
124231	0.001	-0.063	0.061	-0.67	-0.44	-0.90	-0.004	-0.003	0.040	0.017	-0.117	0.090	-0.0004	-0.0085	0.0123	0.0000	0.0000	0.0000	0	1.00	0.1953	0.3686	-0.5543	1.659	1
124239	-0.000	-0.064	0.063	-0.93	-0.65	-0.76	0.004	-0.018	0.057	0.017	-0.117	0.090	-0.0031	-0.0139	0.0204	0.0000	0.0000	0.0000	0	1.00	0.1953	0.3686	-0.5543	1.659	1
124247	0.003	-0.064	0.060	-0.59	-0.72	-0.92	0.003	-0.011	0.055	0.017	-0.117	0.090	0.0050	-0.0158	0.0146	0.0000	0.0000	0.0000	0	1.00	0.1953	0.3686	-0.5543	1.659	1
124255	0.004	-0.063	0.057	-0.65	-0.61	-0.55	0.006	-0.001	0.040	0.017	-0.117	0.090	0.0004	-0.0143	0.0188	0.0000	0.0000	0.0000	0	1.00	0.1953	0.3686	-0.5543	1.659	1
124263	0.007	-0.066	0.057	-0.47	-0.65	-0.59	0.015	-0.016	0.019	0.017	-0.117	0.090	0.0065	-0.0192	0.0143	0.0000	0.0000	0.0000	0	1.00	0.1953	0.3686	-0.5543	1.659	1
124271	0.015	-0.069	0.053	-0.45	-0.58	-0.78	0.015	-0.000	-0.019	0.017	-0.117	0.090	0.0097	-0.0147	0.0035	0.0000	0.0000	0.0000	0	1.00	0.1953	0.3686	-0.5543	1.659	1
124279	0.021	-0.073	0.050	-0.35	-0.63	-0.83	0.010	0.011	-0.022	0.017	-0.117	0.090	0.0128	-0.0149	0.0012	0.0000	0.0000	0.0000	0	1.00	0.1953	0.3686	-0.5543	1.659	1
124287	0.022	-0.073	0.048	-0.44	-0.47	-1.01	0.024	0.009	-0.033	0.017	-0.117	0.090	0.0140	-0.0098	-0.0043	0.0000	0.0000	0.0000	0	1.00	0.1953	0.3686	-0.5543	1.659	1
124295	0.025	-0.075	0.049	-0.22	-0.43	-1.06	0.022	0.029	-0.050	0.017	-0.117	0.089	0.0181	-0.0083	-0.0090	0.0000	0.0000	0.0000	0	1.00	0.1953	0.3686	-0.5543	1.659	1
124302	0.028	-0.079	0.049	-0.61	-0.44	-0.64	0.029	0.013	-0.062	0.017	-0.117	0.089	0.0092	-0.0118	0.0014	0.0000	0.0000	0.0000	0	1.00	0.1953	0.3686	-0.5543	1.659	1
124311	0.028	-0.078	0.048	-0.56	-0.10	-0.73	0.029	0.012	-0.039	0.017	-0.116	0.089	0.0079	-0.0052	-0.0023	0.0000	0.0000	0.0000	0	1.00	0.1953	0.3686	-0.5543	1.659	1
124318	0.032	-0.079	0.045	-0.70	-0.37	-0.74	0.032	0.010	-0.036	0.017	-0.116	0.089	0.0091	-0.0095	0.0008	0.0000	0.0000	0.0000	0	1.00	0.1953	0.3686	-0.5543	1.659	1
124327	0.031	-0.075	0.042	-0.66	-0.16	-0.88	0.002	-0.005	-0.032	0.017	-0.116	0.089	0.0049	-0.0063	-0.0035	0.0000	0.0000	0.0000	0	1.00	0.1953	0.3686	-0.5543	1.659	1
124334	0.034	-0.078	0.042	-0.30	-0.15	-0.61	-0.005	-0.016	-0.013	0.017	-0.116	0.089	0.0079	-0.0138	0.0004	0.0000	0.0000	0.0000	0	1.00	0.1953	0.3686	-0.5543	1.659	1
124342	0.030	-0.077	0.045	-0.80	-0.19	-0.82	-0.018	0.008	0.005	0.017	-0.116	0.089	-0.0013	-0.0045	0.0048	0.0000	0.0000	0.0000	0	1.00	0.1953	0.3686	-0.5543	1.659	1
124350	0.029	-0.075	0.043	-0.49	-0.49	-0.94	-0.020	0.007	0.029	0.017	-0.116	0.089	0.0071	-0.0112	0.0055	0.0000	0.0000	0.0000	0	1.00	0.1953	0.3686	-0.5543	1.659	1
124358	0.031	-0.072	0.039	-0.63	-0.47	-0.49	-0.002	0.001	0.036	0.017	-0.116	0.089	0.0034	-0.0140	0.0141	0.0000	0.0000	0.0000	0	1.00	0.1953	0.3686	-0.5543	1.659	1
124366	0.032	-0.069	0.036	-0.83	-0.31	-0.77	-0.016	0.007	0.047	0.016	-0.116	0.089	-0.0009	-0.0056	0.0104	0.0000	0.0000	0.0000	0	1.00	0.1953	0.3686	-0.5543	1.659	1
124374	0.033	-0.068	0.033	-0.73	-0.45	-0.73	-0.009	-0.015	0.046	0.016	-0.116	0.089	0.0031	-0.0124	0.0107	0.0000	0.0000	0.0000	0	1.00	0.1953	0.3686	-0.5543	1.659	1
124382	0.035	-0.070	0.033	-0.67	-0.58	-0.77	-0.013	-0.008	0.048	0.016	-0.116	0.089	0.0054	-0.0143	0.0105	0.0000	0.0000	0.0000	0	1.00	0.1953	0.3686	-0.5543	1.659	1
124390	0.036	-0.071	0.033	-0.73	-0.62	-0.56	0.017	0.004	0.036	0.016	-0.116	0.089	0.0075	-0.0147	0.0140	0.0000	0.0000	0.0000	0	1.00	0.1953	0.3686	-0.5543	1.659	1
124398	0.037	-0.072	0.033	-0.61	-0.53	-0.56	0.011	-0.002	0.008	0.016	-0.115	0.089	0.0083	-0.0152	0.0085	0.0000	0.0000	0.0000	0	1.00	0.1953	0.3686	-0.5543	1.659	1
124406	0.040	-0.070	0.028	-0.98	-0.37	-0.56	0.019	0.004	-0.003	0.016	-0.115	0.088	0.0025	-0.0076	0.0074	0.0000	0.0000	0.0000	0	1.00	0.1953	0.3686	-0.5543	1.659	1
124414	0.043	-0.066	0.022	-0.48	-0.59	-0.53	0.013	-0.000	-0.026	0.016	-0.115	0.088	0.0126	-0.0160	0.0007	0.0000	0.0000	0.0000	0	1.00	0.1953	0.3686	-0.5543	1.659	1
124422	0.043	-0.064	0.020	-0.49	-0.20	-0.49	0.010	0.021	-0.041	0.016	-0.115	0.088	0.0084	-0.0055	-0.0038	0.0000	0.0000	0.0000	0	1.00	0.1953	0.3686	-0.5543	1.659	1
124429	0.041	-0.065	0.022	-0.72	-0.64	-0.66	0.005	0.003	-0.044	0.016	-0.115	0.088	0.0087	-0.0129	-0.0006	0.0000	0.0000	0.0000	0	1.00	0.1953	0.3686	-0.5543	1.659	1
124438	0.036	-0.062	0.024	-0.85	-0.51	-0.45	0.013	-0.002	-0.042	0.016	-0.115	0.088	0.0036	-0.0114	0.0037	0.0000	0.0000	0.0000	0	1.00	0.1953	0.3686	-0.5543	1.659	1
124446	0.031	-0.063	0.030	-0.86	-0.49	-0.34	0.009	0.019	-0.041	0.016	-0.115	0.088	0.0005	-0.0087	0.0066	0.0000	0.0000	0.0000	0	1.00	0.1953	0.3686	-0.5543	1.659	1
124454	0.034	-0.066	0.031	-0.89	-0.57	-0.77	0.001	-0.022	-0.017	0.016	-0.115	0.088	0.0040	-0.0137	0.0036	0.0000	0.0000	0.0000	0	1.00	0.1953	0.3686	-0.5543	1.659	1
124461	0.030	-0.065	0.034	-0.79	-0.66	-0.77	-0.014	0.003	0.007	0.016	-0.115	0.088	0.0031	-0.0118	0.0076	0.0000	0.0000	0.0000	0	1.00	0.1953	0.3686	-0.5543	1.659	1
124469	0.024	-0.061	0.036	-0.69	-0.89	-0.65	-0.023	-0.015	0.012	0.016	-0.115	0.088	0.0030	-0.0198	0.0121	0.0000	0.0000	0.0000	0	1.00	0.1953	0.3686	-0.5543	1.659	1
124477	0.021	-0.060	0.037	-1.38	-0.75	-0.52	-0.027	-0.026	0.030	0.016	-0.115	0.088	-0.0120	-0.0141	0.0224	0.0000	0.0000	0.0000	0	1.00	0.1953	0.3686	-0.5543	1.659	1
124485	0.019	-0.062	0.041	-0.82	-0.85	-0.35	-0.030	-0.017	0.030	0.016	-0.114	0.088	-0.0040	-0.0211	0.0216	0.0000	0.0000	0.0000	0	1.00	0.1953	0.3686	-0.5543	1.659	1
124493	0.023	-0.062	0.037	-0.82	-0.80	-0.40	-0.028	-0.017	0.032	0.016	-0.114	0.088	-0.0031	-0.0199	0.0200	0.0000	0.0000	0.0000	0	1.00	0.1953	0.3686	-0.5543	1.659	1
124501	0.021	-0.057	0.035	-0.64	-0.91	-0.68	-0.011	-0.013	0.047	0.016	-0.114	0.088	0.0053	-0.0197	0.0151	0.0000	0.0000	0.0000	0	1.00	0.1953	0.3686	-0.5543	1.659	1
124509	0.018	-0.057	0.037	-0.42	-0.93	-0.35	-0.005	0.011	0.029	0.016	-0.114	0.088	0.0067	-0.0206	0.0174	0.0000	0.0000	0.0000	0	1.00	0.1953	0.3686	-0.5543	1.659	1
124516	0.020	-0.056	0.034	-0.55	-0.61	-0.64	-0.002	0.008	0.022	0.016	-0.114	0.088	0.0053	-0.0116	0.0096	0.0000	0.0000	0.0000	0	1.00	0.1953	0.3686	-0.5543	1.659	1
124524	0.019	-0.054	0.033	-0.44	-0.72	-0.75	0.012	0.012	0.007	0.016	-0.114	0.087	0.0112	-0.0125	0.0051	0.0000	0.0000	0.0000	0	1.00	0.1953	0.3686	-0.5543	1.659	1
124532	0.021	-0.053	0.031	-0.47	-0.65	-0.59	0.038	0.029	-0.018	0.016	-0.114	0.087	0.0122	-0.0097	0.0029	0.0000	0.0000	0.0000	0	1.00	0.1953	0.3686	-0.5543	1.659	1
124540	0.022	-0.058	0.035	-0.61	-0.70	-0.82	0.027	0.013	-0.023	0.016	-0.114	0.087	0.0116	-0.0109	0.0008	0.0000	0.0000	0.0000	0	1.00	0.1953	0.3686	-0.5543	1.659	1
124548	0.023	-0.056	0.032	-0.73	-0.83	-0.77	0.042	-0.001	-0.046	0.016	-0.114	0.087	0.0123	-0.0144	0.0009	0.0000	0.0000	0.0000	0	1.00	0.1953	0.3686	-0.5543	1.659	1
124556	0.022	-0.060	0.036	-0.60	-0.59	-0.62	0.038	-0.003	-0.044	0.016	-0.114	0.087	0.0104	-0.0134	0.0013	0.0000	0.0000	0.0000	0	1.00	0.1953	0.3686	-0.5543	1.659	1
# gArmed = TRUE
124564	0.019	-0.059	0.039	-0.56	-0.77	-0.80	0.012	-0.015	-0.050	0.016	-0.113	0.087	0.0103	-0.0171	-0.0001	0.0103	-0.0171	-0.0001	1	1.00	0.1953	0.3686	-0.5543	1.659	1
124572	0.015	-0.052	0.036	-0.85	-0.12	-0.84	0.066	-0.106	-0.035	0.016	-0.113	0.087	0.0050	-0.0071	-0.0028	0.0050	-0.0071	-0.0028	1	1.00	0.1953	0.3686	-0.5543	1.659	1
124580	0.021	-0.059	0.036	-0.73	-0.08	-0.79	0.103	-0.247	0.005	0.016	-0.114	0.087	0.0090	-0.0101	0.0026	0.0090	-0.0101	0.0026	1	1.00	0.1953	0.3686	-0.5543	1.659	1
124588	0.027	-0.070	0.041	-0.70	-0.63	-0.48	0.156	-0.321	0.005	0.016	-0.114	0.087	0.0133	-0.0257	0.0135	0.0133	-0.0257	0.0135	1	1.00	0.1953	0.3686	-0.5543	1.659	1
124596	0.030	-0.068	0.036	-0.49	-0.27	-0.73	0.319	-0.426	0.041	0.017	-0.114	0.087	0.0170	-0.0196	0.0077	0.0170	-0.0196	0.0077	1	1.00	0.1953	0.3686	-0.5543	1.659	1
124603	0.028	-0.062	0.032	-0.64	0.21	-1.80	0.412	-0.633	0.213	0.017	-0.114	0.087	0.0201	-0.0011	-0.0110	0.0201	-0.0011	-0.0110	1	1.00	0.1953	0.3686	-0.5543	1.659	1
124611	0.018	-0.076	0.055	-1.21	-1.15	-0.82	0.508	-0.578	0.228	0.017	-0.115	0.087	0.0107	-0.0323	0.0264	0.0107	-0.0323	0.0264	1	1.00	0.1953	0.3686	-0.5543	1.659	1
124619	0.020	-0.055	0.034	-1.13	-0.66	-0.86	0.630	-0.485	0.216	0.018	-0.115	0.087	0.0082	-0.0196	0.0152	0.0082	-0.0196	0.0152	1	1.00	0.1953	0.3686	-0.5543	1.659	1
124627	0.024	-0.029	0.004	-0.93	0.34	-2.80	0.602	-0.679	0.526	0.018	-0.115	0.087	0.0209	0.0168	-0.0328	0.0209	0.0168	-0.0328	1	1.00	0.1953	0.3686	-0.5543	1.659	1
124635	0.003	-0.055	0.050	-1.22	-1.78	-0.07	0.599	-0.521	0.402	0.019	-0.116	0.088	0.0045	-0.0463	0.0431	0.0045	-0.0463	0.0431	1	1.00	0.1953	0.3686	-0.5543	1.659	1
124643	0.008	-0.014	0.006	-0.48	-0.96	0.90	0.612	-0.202	0.079	0.019	-0.116	0.088	0.0025	-0.0353	0.0341	0.0025	-0.0353	0.0341	1	1.00	0.1953	0.3686	-0.5543	1.659	1
124651	0.029	0.035	-0.063	0.02	2.39	-3.26	0.503	-0.605	0.542	0.020	-0.116	0.088	0.0241	0.0639	-0.0804	0.0241	0.0639	-0.0804	1	1.00	0.1953	0.3686	-0.5543	1.659	1
124659	0.001	-0.044	0.042	-0.63	-1.31	0.66	0.510	-0.536	0.391	0.020	-0.117	0.088	0.0036	-0.0463	0.0450	0.0036	-0.0463	0.0450	1	1.00	0.1953	0.3686	-0.5543	1.659	1
124666	0.023	-0.043	0.018	-0.60	-2.64	3.97	0.666	-0.009	-0.410	0.020	-0.117	0.088	-0.0081	-0.0876	0.0873	-0.0081	-0.0876	0.0873	1	1.00	0.1953	0.3686	-0.5543	1.659	1
124674	0.062	0.048	-0.109	0.48	4.40	-4.36	0.695	-0.849	0.285	0.021	-0.117	0.088	0.0350	0.1079	-0.1200	0.0350	0.1079	-0.1200	1	1.00	0.1953	0.3686	-0.5543	1.659	1
124682	0.002	-0.068	0.065	-0.55	-0.60	-0.35	0.774	-1.132	0.333	0.022	-0.118	0.088	0.0123	-0.0335	0.0274	0.0123	-0.0335	0.0274	1	1.00	0.1953	0.3686	-0.5543	1.659	1
124690	0.007	-0.087	0.077	-0.06	-4.84	6.80	1.105	-0.275	-0.965	0.022	-0.118	0.088	-0.0039	-0.1200	0.1200	-0.0039	-0.1200	0.1200	1	1.00	0.1953	0.3686	-0.5543	1.659	1
124698	0.067	0.085	-0.150	0.11	3.84	-3.65	1.133	-1.220	-0.216	0.023	-0.119	0.087	0.0337	0.1015	-0.1200	0.0337	0.1015	-0.1200	1	1.00	0.1953	0.3686	-0.5543	1.659	1
124705	-0.015	-0.002	0.017	-1.68	3.39	-3.62	1.261	-2.042	0.306	0.024	-0.120	0.087	-0.0086	0.0848	-0.0597	-0.0086	0.0848	-0.0597	1	1.00	0.1953	0.3686	-0.5543	1.659	1
124713	-0.002	-0.134	0.133	0.88	-8.06	8.76	1.385	-0.816	-1.249	0.025	-0.121	0.087	0.0249	-0.1200	0.1200	0.0249	-0.1200	0.1200	1	1.00	0.1953	0.3686	-0.5543	1.659	1
124721	0.047	0.054	-0.100	-0.84	-0.68	0.03	1.394	-0.817	-1.013	0.026	-0.121	0.085	0.0214	-0.0068	-0.0190	0.0214	-0.0068	-0.0190	1	1.00	0.1953	0.3686	-0.5543	1.659	1
124729	0.011	0.134	-0.141	-2.53	5.74	-9.77	1.627	-2.138	0.408	0.028	-0.123	0.085	0.0187	0.1200	-0.1200	0.0187	0.1200	-0.1200	1	1.00	0.1953	0.3686	-0.5543	1.659	1
124737	-0.012	-0.099	0.108	-0.99	-4.67	1.63	1.587	-1.420	-0.299	0.029	-0.124	0.085	0.0249	-0.1200	0.0892	0.0249	-0.1200	0.0892	1	1.00	0.1953	0.3686	-0.5543	1.659	1
124745	0.028	-0.077	0.048	-1.78	-5.80	5.66	1.667	-0.446	-1.208	0.030	-0.124	0.084	-0.0074	-0.1200	0.1200	-0.0074	-0.1200	0.1200	1	1.00	0.1953	0.3686	-0.5543	1.659	1
124753	0.040	0.136	-0.173	-2.83	7.97	-10.23	1.935	-1.857	0.266	0.032	-0.125	0.084	0.0041	0.1200	-0.1200	0.0041	0.1200	-0.1200	1	1.00	0.1953	0.3686	-0.5543	1.659	1
124761	0.008	0.020	-0.028	-1.08	3.78	-7.90	1.817	-2.590	1.155	0.033	-0.127	0.085	0.0404	0.1200	-0.1200	0.0404	0.1200	-0.1200	1	1.00	0.1953	0.3686	-0.5543	1.659	1
124768	0.019	-0.219	0.194	-2.27	-10.82	8.96	1.994	-1.199	-0.344	0.035	-0.129	0.085	-0.0057	-0.1200	0.1200	-0.0057	-0.1200	0.1200	1	1.00	0.1953	0.3686	-0.5543	1.659	1
124776	0.083	-0.031	-0.052	-2.85	-3.97	3.75	2.482	-0.982	-0.489	0.036	-0.129	0.084	-0.0134	-0.1049	0.0952	-0.0134	-0.1049	0.0952	1	1.00	0.1953	0.3686	-0.5543	1.659	1
124784	0.113	0.150	-0.260	-0.47	8.84	-14.62	2.418	-2.539	1.352	0.038	-0.131	0.085	0.0894	0.1200	-0.1200	0.0894	0.1200	-0.1200	1	1.00	0.1953	0.3686	-0.5543	1.659	1
124792	0.064	-0.064	-0.002	-3.28	0.05	-6.51	2.603	-2.476	1.387	0.040	-0.133	0.086	0.0317	0.0386	-0.0749	0.0317	0.0386	-0.0749	1	1.00	0.1953	0.3686	-0.5543	1.659	1
124800	0.096	-0.215	0.114	-4.58	-12.45	10.26	3.364	-0.921	-0.408	0.043	-0.134	0.086	-0.0278	-0.1200	0.1200	-0.0278	-0.1200	0.1200	1	1.00	0.1953	0.3686	-0.5543	1.659	1
124807	0.167	0.006	-0.173	-2.50	-3.92	1.97	3.397	-1.335	-0.327	0.046	-0.134	0.086	0.0274	-0.0894	0.0329	0.0274	-0.0894	0.0329	1	1.00	0.1953	0.3686	-0.5543	1.659	1
124815	0.144	0.194	-0.333	-3.36	12.30	-14.45	3.312	-3.076	1.247	0.048	-0.136	0.086	0.0200	0.1200	-0.1200	0.0200	0.1200	-0.1200	1	1.00	0.1953	0.3686	-0.5543	1.659	1
124823	0.086	-0.037	-0.050	-3.62	0.26	-1.73	3.829	-2.961	0.710	0.051	-0.139	0.087	-0.0069	0.0070	-0.0071	-0.0069	0.0070	-0.0071	1	1.00	0.1953	0.3686	-0.5543	1.659	1
124831	0.063	-0.183	0.115	-1.37	-12.11	10.51	4.045	-1.246	-1.050	0.054	-0.140	0.087	0.0214	-0.1200	0.1200	0.0214	-0.1200	0.1200	1	1.00	0.1953	0.3686	-0.5543	1.659	1
124839	0.022	0.160	-0.178	-5.10	2.44	-2.21	4.106	-1.760	-0.509	0.057	-0.141	0.086	-0.0584	0.1115	-0.0720	-0.0584	0.1115	-0.0720	1	1.00	0.1953	0.3686	-0.5543	1.659	1
124847	-0.003	0.263	-0.253	-2.93	7.10	-11.79	4.122	-3.135	0.928	0.061	-0.143	0.086	0.0203	0.1200	-0.1200	0.0203	0.1200	-0.1200	1	1.00	0.1953	0.3686	-0.5543	1.659	1
124855	-0.039	0.064	-0.024	-0.62	-5.65	2.45	3.570	-2.002	-0.247	0.064	-0.145	0.086	0.0313	-0.1200	0.0724	0.0313	-0.1200	0.0724	1	1.00	0.1953	0.3686	-0.5543	1.659	1
124863	-0.061	0.085	-0.021	-3.92	-7.44	9.44	3.858	-0.500	-1.828	0.067	-0.146	0.085	-0.0769	-0.1200	0.1200	-0.0769	-0.1200	0.1200	1	1.00	0.1953	0.3686	-0.5543	1.659	1
124870	-0.035	0.348	-0.304	-1.65	5.78	-3.30	3.603	-1.539	-0.751	0.070	-0.146	0.084	-0.0300	0.1200	-0.1200	-0.0300	0.1200	-0.1200	1	1.00	0.1953	0.3686	-0.5543	1.659	1
124878	-0.087	0.342	-0.246	0.99	3.84	-6.95	2.529	-2.007	0.296	0.072	-0.148	0.084	0.0500	0.1200	-0.1200	0.0500	0.1200	-0.1200	1	1.00	0.1953	0.3686	-0.5543	1.659	1
124886	-0.235	0.201	0.039	-5.14	-7.80	7.87	2.752	-0.435	-1.073	0.074	-0.149	0.084	-0.1200	-0.1200	0.1200	-0.1200	-0.1200	0.1200	1	1.00	0.1953	0.3686	-0.5543	1.659	1
124894	-0.173	0.267	-0.087	1.07	-2.57	4.87	2.837	0.174	-1.602	0.076	-0.148	0.082	-0.0206	-0.0369	0.0502	-0.0206	-0.0369	0.0502	1	1.00	0.1953	0.3686	-0.5543	1.659	1
124902	-0.158	0.444	-0.275	4.07	5.25	-7.12	1.591	-0.878	0.025	0.078	-0.149	0.082	0.0718	0.1200	-0.1200	0.0718	0.1200	-0.1200	1	1.00	0.1953	0.3686	-0.5543	1.659	1
124910	-0.231	0.321	-0.082	-1.77	1.00	-0.19	1.333	-0.560	-0.097	0.079	-0.149	0.082	-0.0714	0.0871	-0.0244	-0.0714	0.0871	-0.0244	1	1.00	0.1953	0.3686	-0.5543	1.659	1
124917	-0.243	0.228	0.021	1.07	-7.53	9.41	1.092	0.841	-1.085	0.079	-0.149	0.081	-0.0424	-0.1200	0.1200	-0.0424	-0.1200	0.1200	1	1.00	0.1953	0.3686	-0.5543	1.659	1
124925	-0.200	0.379	-0.168	0.71	0.27	1.03	0.378	0.722	-0.448	0.080	-0.148	0.080	-0.0334	0.0798	-0.0401	-0.0334	0.0798	-0.0401	1	1.00	0.1953	0.3686	-0.5543	1.659	1
124933	-0.219	0.365	-0.136	1.01	3.26	-2.27	0.247	0.028	0.301	0.080	-0.148	0.080	-0.0286	0.1200	-0.0964	-0.0286	0.1200	-0.0964	1	1.00	0.1953	0.3686	-0.5543	1.659	1
124941	-0.180	0.197	-0.011	5.98	-6.71	6.43	-0.142	1.262	-0.655	0.080	-0.147	0.080	0.0523	-0.1200	0.0958	0.0523	-0.1200	0.0958	1	1.00	0.1953	0.3686	-0.5543	1.659	1
124949	-0.106	0.274	-0.161	2.61	-1.37	2.24	-0.421	1.904	-0.912	0.080	-0.145	0.079	0.0004	0.0110	-0.0237	0.0004	0.0110	-0.0237	1	1.00	0.1953	0.3686	-0.5543	1.659	1
124957	-0.115	0.302	-0.180	-0.84	1.50	-2.57	-0.203	0.816	0.196	0.079	-0.144	0.079	-0.0410	0.1200	-0.0810	-0.0410	0.1200	-0.0810	1	1.00	0.1953	0.3686	-0.5543	1.659	1
124965	-0.116	0.103	0.015	3.86	-6.99	6.50	-0.629	1.505	-0.483	0.079	-0.143	0.079	0.0283	-0.1200	0.1200	0.0283	-0.1200	0.1200	1	1.00	0.1953	0.3686	-0.5543	1.659	1
124973	-0.093	0.138	-0.042	5.17	-2.89	5.32	-0.793	2.005	-1.079	0.078	-0.141	0.078	0.0317	-0.0899	0.0443	0.0317	-0.0899	0.0443	1	1.00	0.1953	0.3686	-0.5543	1.659	1
124980	-0.082	0.207	-0.119	0.86	7.26	-1.04	-0.468	0.464	0.067	0.078	-0.141	0.078	-0.0659	0.1200	-0.1046	-0.0659	0.1200	-0.1046	1	1.00	0.1953	0.3686	-0.5543	1.659	1
124988	-0.052	-0.006	0.058	6.74	-3.37	6.24	-0.974	0.311	0.101	0.077	-0.140	0.078	0.0649	-0.1200	0.0981	0.0649	-0.1200	0.0981	1	1.00	0.1953	0.3686	-0.5543	1.659	1
124996	-0.070	0.014	0.057	4.63	-2.39	7.47	-1.248	0.793	-0.697	0.076	-0.140	0.077	0.0077	-0.1200	0.1122	0.0077	-0.1200	0.1122	1	1.00	0.1953	0.3686	-0.5543	1.659	1
125004	-0.088	0.117	-0.026	0.40	7.79	0.79	-0.418	-0.694	0.396	0.075	-0.140	0.077	-0.0917	0.1200	-0.0467	-0.0917	0.1200	-0.0467	1	1.00	0.1953	0.3686	-0.5543	1.659	1
125012	-0.052	-0.015	0.067	8.77	0.50	2.25	-0.714	-1.350	1.152	0.075	-0.141	0.078	0.1063	-0.1011	-0.0107	0.1063	-0.1011	-0.0107	1	1.00	0.1953	0.3686	-0.5543	1.659	1
125019	-0.087	-0.095	0.179	4.35	-0.79	8.48	-0.652	-0.809	0.333	0.074	-0.141	0.078	-0.0202	-0.1200	0.1200	-0.0202	-0.1200	0.1200	1	1.00	0.1953	0.3686	-0.5543	1.659	1
125027	-0.033	-0.033	0.065	3.20	4.93	2.96	0.229	-2.027	0.797	0.074	-0.142	0.079	-0.0063	0.0120	0.0119	-0.0063	0.0120	0.0119	1	1.00	0.1953	0.3686	-0.5543	1.659	1
125035	0.054	-0.086	0.030	5.45	2.06	-2.23	-0.292	-2.956	2.281	0.074	-0.145	0.080	0.1018	-0.0333	-0.0706	0.1018	-0.0333	-0.0706	1	1.00	0.1953	0.3686	-0.5543	1.659	1
125043	-0.004	-0.199	0.198	-1.03	-1.39	3.67	0.339	-2.560	1.933	0.074	-0.147	0.082	-0.0290	-0.1141	0.1200	-0.0290	-0.1141	0.1200	1	1.00	0.1953	0.3686	-0.5543	1.659	1
125051	0.002	-0.119	0.114	0.57	4.44	3.87	1.071	-3.422	2.119	0.075	-0.149	0.083	-0.0476	-0.0131	0.0693	-0.0476	-0.0131	0.0693	1	1.00	0.1953	0.3686	-0.5543	1.659	1
125059	0.079	-0.116	0.034	5.05	3.49	-4.33	0.588	-4.472	3.629	0.075	-0.152	0.086	0.1200	-0.0059	-0.1098	0.1200	-0.0059	-0.1098	1	1.00	0.1953	0.3686	-0.5543	1.659	1
125066	-0.017	-0.198	0.210	-2.15	-0.69	2.83	0.947	-4.538	3.541	0.076	-0.156	0.089	-0.0468	-0.0996	0.1200	-0.0468	-0.0996	0.1200	1	1.00	0.1953	0.3686	-0.5543	1.659	1
125074	0.025	-0.140	0.111	0.97	3.87	1.49	1.540	-5.418	3.565	0.077	-0.160	0.091	-0.0063	-0.0253	0.0393	-0.0063	-0.0253	0.0393	1	1.00	0.1953	0.3686	-0.5543	1.659	1
125082	0.067	-0.152	0.081	3.59	3.56	-4.94	0.694	-6.091	4.871	0.077	-0.164	0.095	0.1035	-0.0055	-0.0879	0.1035	-0.0055	-0.0879	1	1.00	0.1953	0.3686	-0.5543	1.659	1
125090	-0.113	-0.144	0.253	-3.03	0.83	4.52	1.067	-6.346	4.713	0.078	-0.169	0.099	-0.1064	-0.0787	0.1200	-0.1064	-0.0787	0.1200	1	1.00	0.1953	0.3686	-0.5543	1.659	1
125098	-0.022	-0.078	0.098	3.23	6.04	0.56	1.322	-6.818	4.692	0.079	-0.174	0.102	0.0135	0.0077	-0.0079	0.0135	0.0077	-0.0079	1	1.00	0.1953	0.3686	-0.5543	1.659	1
125105	0.017	-0.092	0.073	2.44	4.27	-4.92	0.611	-7.297	5.748	0.080	-0.180	0.107	0.0693	0.0222	-0.0766	0.0693	0.0222	-0.0766	1	1.00	0.1953	0.3686	-0.5543	1.659	1
125113	-0.065	-0.093	0.156	-3.07	1.04	3.60	1.110	-7.595	5.678	0.080	-0.186	0.111	-0.0891	-0.0644	0.1200	-0.0891	-0.0644	0.1200	1	1.00	0.1953	0.3686	-0.5543	1.659	1
125121	0.062	-0.100	0.036	2.63	4.83	-2.29	1.424	-7.599	5.523	0.081	-0.192	0.115	0.0566	0.0038	-0.0492	0.0566	0.0038	-0.0492	1	1.00	0.1953	0.3686	-0.5543	1.659	1
125129	0.040	-0.084	0.041	1.18	3.80	-3.40	1.086	-8.081	6.335	0.082	-0.198	0.120	0.0440	0.0067	-0.0394	0.0440	0.0067	-0.0394	1	1.00	0.1953	0.3686	-0.5543	1.659	1
125137	-0.017	-0.034	0.050	-1.90	2.20	1.91	1.528	-8.477	6.286	0.083	-0.204	0.125	-0.0521	-0.0334	0.0946	-0.0521	-0.0334	0.0946	1	1.00	0.1953	0.3686	-0.5543	1.659	1
125145	0.002	-0.014	0.011	2.91	3.38	-3.56	1.704	-8.145	5.758	0.085	-0.211	0.130	0.0752	0.0000	-0.0643	0.0752	0.0000	-0.0643	1	1.00	0.1953	0.3686	-0.5543	1.659	1
125152	-0.070	0.042	0.029	-0.24	1.27	-0.84	1.245	-8.526	6.682	0.086	-0.217	0.135	-0.0037	-0.0260	0.0384	-0.0037	-0.0260	0.0384	1	1.00	0.1953	0.3686	-0.5543	1.659	1
125160	-0.085	0.070	0.016	-2.07	4.95	-1.30	1.539	-8.551	6.534	0.087	-0.224	0.140	-0.0640	0.0653	0.0115	-0.0640	0.0653	0.0115	1	1.00	0.1953	0.3686	-0.5543	1.659	1
125168	-0.071	0.009	0.062	2.05	0.86	-1.23	1.510	-8.024	6.357	0.088	-0.230	0.145	0.0412	-0.0543	0.0163	0.0412	-0.0543	0.0163	1	1.00	0.1953	0.3686	-0.5543	1.659	1
125176	-0.082	0.097	-0.012	-0.38	2.07	-0.12	0.980	-7.779	6.966	0.089	-0.236	0.150	-0.0284	-0.0023	0.0341	-0.0284	-0.0023	0.0341	1	1.00	0.1953	0.3686	-0.5543	1.659	1
125184	-0.110	0.173	-0.058	-2.61	5.87	-5.39	1.391	-8.160	7.218	0.090	-0.243	0.156	-0.0557	0.1200	-0.0773	-0.0557	0.1200	-0.0773	1	1.00	0.1953	0.3686	-0.5543	1.659	1
125192	-0.079	0.049	0.031	1.98	-3.65	1.34	0.976	-7.300	6.880	0.091	-0.249	0.161	0.0456	-0.1200	0.0925	0.0456	-0.1200	0.0925	1	1.00	0.1953	0.3686	-0.5543	1.659	1
125199	-0.088	0.192	-0.099	-0.28	2.24	-1.44	0.601	-6.780	6.676	0.091	-0.254	0.167	-0.0217	0.0367	-0.0121	-0.0217	0.0367	-0.0121	1	1.00	0.1953	0.3686	-0.5543	1.659	1
125207	-0.136	0.243	-0.101	-1.63	6.72	-6.36	0.903	-7.588	7.320	0.092	-0.260	0.172	-0.0470	0.1200	-0.1190	-0.0470	0.1200	-0.1190	1	1.00	0.1953	0.3686	-0.5543	1.659	1
125215	-0.121	0.098	0.026	4.82	-4.18	4.43	0.139	-6.580	6.525	0.092	-0.265	0.178	0.0590	-0.1200	0.1200	0.0590	-0.1200	0.1200	1	1.00	0.1953	0.3686	-0.5543	1.659	1
125223	-0.139	0.227	-0.082	2.06	1.40	0.66	-0.275	-5.812	5.708	0.092	-0.269	0.182	-0.0204	0.0016	0.0123	-0.0204	0.0016	0.0123	1	1.00	0.1953	0.3686	-0.5543	1.659	1
125231	-0.142	0.310	-0.160	0.49	8.71	-4.56	-0.050	-6.946	6.830	0.091	-0.275	0.187	-0.0606	0.1200	-0.1200	-0.0606	0.1200	-0.1200	1	1.00	0.1953	0.3686	-0.5543	1.659	1
125239	-0.117	0.140	-0.020	6.31	-2.21	4.25	-0.956	-6.255	6.272	0.091	-0.280	0.192	0.0533	-0.1200	0.0857	0.0533	-0.1200	0.0857	1	1.00	0.1953	0.3686	-0.5543	1.659	1
125247	-0.157	0.216	-0.052	3.84	2.41	5.48	-1.322	-5.299	4.861	0.090	-0.284	0.196	-0.0447	-0.0292	0.0787	-0.0447	-0.0292	0.0787	1	1.00	0.1953	0.3686	-0.5543	1.659	1
125254	-0.147	0.386	-0.229	1.87	10.33	-1.31	-0.912	-6.303	5.936	0.089	-0.288	0.200	-0.0821	0.1200	-0.1189	-0.0821	0.1200	-0.1189	1	1.00	0.1953	0.3686	-0.5543	1.659	1
125262	-0.098	0.254	-0.149	6.52	1.74	-0.03	-1.683	-5.874	6.240	0.088	-0.293	0.205	0.0636	-0.0154	-0.0473	0.0636	-0.0154	-0.0473	1	1.00	0.1953	0.3686	-0.5543	1.659	1
125270	-0.189	0.226	-0.032	3.48	-0.51	8.44	-1.827	-4.881	4.714	0.086	-0.297	0.209	-0.0612	-0.0978	0.1200	-0.0612	-0.0978	0.1200	1	1.00	0.1953	0.3686	-0.5543	1.659	1
125278	-0.095	0.346	-0.242	4.29	7.14	1.03	-1.262	-5.582	4.884	0.085	-0.301	0.213	-0.0221	0.1161	-0.0794	-0.0221	0.1161	-0.0794	1	1.00	0.1953	0.3686	-0.5543	1.659	1
125286	0.010	0.241	-0.244	9.04	1.21	-2.55	-2.041	-5.707	5.624	0.083	-0.305	0.217	0.1200	-0.0236	-0.1200	0.1200	-0.0236	-0.1200	1	1.00	0.1953	0.3686	-0.5543	1.659	1
125294	-0.099	0.210	-0.106	3.74	-2.89	8.03	-1.917	-4.472	4.181	0.082	-0.309	0.221	-0.0134	-0.1200	0.1200	-0.0134	-0.1200	0.1200	1	1.00	0.1953	0.3686	-0.5543	1.659	1
125301	-0.010	0.327	-0.309	1.61	8.82	0.55	-0.927	-5.282	4.014	0.081	-0.312	0.224	-0.0565	0.1200	-0.0959	-0.0565	0.1200	-0.0959	1	1.00	0.1953	0.3686	-0.5543	1.659	1
125309	0.102	0.196	-0.292	7.10	0.64	-1.40	-1.301	-5.488	4.514	0.080	-0.317	0.227	0.1200	-0.0346	-0.1022	0.1200	-0.0346	-0.1022	1	1.00	0.1953	0.3686	-0.5543	1.659	1
125317	0.041	0.158	-0.194	2.23	-2.68	9.53	-1.100	-4.638	3.139	0.079	-0.320	0.230	-0.0179	-0.1200	0.1200	-0.0179	-0.1200	0.1200	1	1.00	0.1953	0.3686	-0.5543	1.659	1
125325	0.101	0.291	-0.384	2.27	8.77	-0.37	0.285	-5.493	2.873	0.078	-0.324	0.232	0.0115	0.1200	-0.1200	0.0115	0.1200	-0.1200	1	1.00	0.1953	0.3686	-0.5543	1.659	1
125333	0.188	0.142	-0.325	4.81	0.30	0.16	0.183	-6.020	3.447	0.079	-0.329	0.234	0.1200	-0.0492	-0.0657	0.1200	-0.0492	-0.0657	1	1.00	0.1953	0.3686	-0.5543	1.659	1
125341	0.060	0.119	-0.177	-1.84	-3.97	9.71	0.981	-5.036	2.050	0.079	-0.333	0.236	-0.0472	-0.1200	0.1200	-0.0472	-0.1200	0.1200	1	1.00	0.1953	0.3686	-0.5543	1.659	1
125349	0.121	0.233	-0.348	1.89	8.15	-3.49	2.088	-6.077	2.218	0.080	-0.337	0.237	0.0517	0.1200	-0.1200	0.0517	0.1200	-0.1200	1	1.00	0.1953	0.3686	-0.5543	1.659	1
125356	0.206	0.087	-0.291	2.23	-1.16	-0.86	1.847	-6.668	3.125	0.082	-0.342	0.240	0.1200	-0.0640	-0.0468	0.1200	-0.0640	-0.0468	1	1.00	0.1953	0.3686	-0.5543	1.659	1
125364	0.097	0.021	-0.118	-4.46	-4.98	7.85	2.611	-5.765	1.817	0.084	-0.346	0.241	-0.0521	-0.1200	0.1200	-0.0521	-0.1200	0.1200	1	1.00	0.1953	0.3686	-0.5543	1.659	1
125372	0.165	0.103	-0.266	-2.01	5.87	-1.87	3.512	-6.675	1.974	0.086	-0.351	0.242	0.0047	0.1090	-0.0913	0.0047	0.1090	-0.0913	1	1.00	0.1953	0.3686	-0.5543	1.659	1
125380	0.220	0.048	-0.267	-0.72	-2.07	-2.29	3.141	-7.561	3.165	0.089	-0.357	0.245	0.1071	-0.0599	-0.0343	0.1071	-0.0599	-0.0343	1	1.00	0.1953	0.3686	-0.5543	1.659	1
125388	0.109	0.024	-0.132	-7.27	-4.53	3.55	3.671	-6.639	2.341	0.092	-0.362	0.246	-0.0596	-0.0992	0.1200	-0.0596	-0.0992	0.1200	1	1.00	0.1953	0.3686	-0.5543	1.659	1
125396	0.099	0.120	-0.216	-3.00	4.66	-3.68	4.451	-7.480	2.472	0.095	-0.368	0.248	0.0033	0.1061	-0.0934	0.0033	0.1061	-0.0934	1	1.00	0.1953	0.3686	-0.5543	1.659	1
125403	0.146	0.064	-0.208	-1.68	-3.23	-1.54	4.180	-8.128	3.182	0.098	-0.374	0.250	0.0827	-0.0817	0.0060	0.0827	-0.0817	0.0060	1	1.00	0.1953	0.3686	-0.5543	1.659	1
125411	0.056	0.089	-0.142	-7.54	-3.62	1.96	4.470	-7.402	2.620	0.102	-0.379	0.252	-0.0650	-0.0600	0.1200	-0.0650	-0.0600	0.1200	1	1.00	0.1953	0.3686	-0.5543	1.659	1
125419	0.087	0.138	-0.222	-4.41	3.90	-7.54	4.941	-8.240	3.326	0.106	-0.386	0.255	0.0180	0.1200	-0.1200	0.0180	0.1200	-0.1200	1	1.00	0.1953	0.3686	-0.5543	1.659	1
125427	0.030	0.029	-0.059	-5.44	-7.25	-0.53	4.522	-8.161	3.749	0.109	-0.392	0.257	0.0166	-0.1200	0.1200	0.0166	-0.1200	0.1200	1	1.00	0.1953	0.3686	-0.5543	1.659	1
125434	-0.042	0.112	-0.068	-6.45	-2.57	-0.18	4.836	-7.387	3.053	0.113	-0.398	0.260	-0.0586	-0.0303	0.0877	-0.0586	-0.0303	0.0877	1	1.00	0.1953	0.3686	-0.5543	1.659	1
125442	-0.024	0.194	-0.166	-4.42	4.48	-8.42	4.593	-8.392	4.346	0.117	-0.404	0.263	-0.0075	0.1200	-0.1200	-0.0075	0.1200	-0.1200	1	1.00	0.1953	0.3686	-0.5543	1.659	1
125450	-0.091	0.115	-0.021	-5.76	-7.25	-0.10	3.803	-7.930	4.615	0.120	-0.410	0.266	-0.0248	-0.1200	0.1200	-0.0248	-0.1200	0.1200	1	1.00	0.1953	0.3686	-0.5543	1.659	1
125458	-0.151	0.216	-0.060	-4.74	-1.38	-1.07	3.716	-7.193	4.125	0.122	-0.415	0.269	-0.0625	0.0069	0.0552	-0.0625	0.0069	0.0552	1	1.00	0.1953	0.3686	-0.5543	1.659	1
125466	-0.144	0.261	-0.110	-3.78	3.65	-7.18	3.089	-7.958	5.309	0.125	-0.421	0.273	-0.0351	0.1200	-0.1020	-0.0351	0.1200	-0.1020	1	1.00	0.1953	0.3686	-0.5543	1.659	1
125474	-0.179	0.171	0.013	-3.52	-6.26	1.32	2.353	-7.388	5.492	0.127	-0.427	0.277	-0.0360	-0.1200	0.1200	-0.0360	-0.1200	0.1200	1	1.00	0.1953	0.3686	-0.5543	1.659	1
125481	-0.179	0.239	-0.053	-2.11	-0.53	-1.60	2.089	-6.626	4.786	0.129	-0.432	0.281	-0.0345	0.0150	0.0236	-0.0345	0.0150	0.0236	1	1.00	0.1953	0.3686	-0.5543	1.659	1
125489	-0.140	0.293	-0.145	-2.37	4.42	-7.97	1.688	-7.496	6.015	0.130	-0.438	0.285	-0.0177	0.1200	-0.1200	-0.0177	0.1200	-0.1200	1	1.00	0.1953	0.3686	-0.5543	1.659	1
125497	-0.170	0.175	-0.000	-1.92	-7.57	2.09	0.905	-6.667	5.888	0.131	-0.443	0.290	-0.0102	-0.1200	0.1200	-0.0102	-0.1200	0.1200	1	1.00	0.1953	0.3686	-0.5543	1.659	1
125505	-0.159	0.267	-0.102	-0.45	-1.44	-1.40	0.855	-5.945	5.027	0.131	-0.447	0.294	-0.0022	-0.0054	0.0136	-0.0022	-0.0054	0.0136	1	1.00	0.1953	0.3686	-0.5543	1.659	1
125513	-0.114	0.325	-0.202	-1.74	5.16	-6.71	0.702	-7.019	6.294	0.132	-0.452	0.298	-0.0245	0.1200	-0.1200	-0.0245	0.1200	-0.1200	1	1.00	0.1953	0.3686	-0.5543	1.659	1
125521	-0.124	0.196	-0.067	0.20	-6.08	2.28	-0.041	-6.519	6.059	0.132	-0.457	0.303	0.0050	-0.1200	0.1200	0.0050	-0.1200	0.1200	1	1.00	0.1953	0.3686	-0.5543	1.659	1
125529	-0.154	0.254	-0.093	2.62	-0.48	-0.25	-0.349	-5.628	4.991	0.131	-0.462	0.307	0.0140	-0.0203	0.0041	0.0140	-0.0203	0.0041	1	1.00	0.1953	0.3686	-0.5543	1.659	1
125537	-0.157	0.389	-0.222	-1.23	6.13	-5.75	-0.387	-6.934	6.346	0.131	-0.467	0.312	-0.0590	0.1200	-0.1200	-0.0590	0.1200	-0.1200	1	1.00	0.1953	0.3686	-0.5543	1.659	1
125545	-0.174	0.261	-0.081	1.63	-3.61	3.45	-0.974	-6.522	5.916	0.130	-0.472	0.316	-0.0147	-0.1026	0.1156	-0.0147	-0.1026	0.1156	1	1.00	0.1953	0.3686	-0.5543	1.659	1
125553	-0.171	0.294	-0.116	4.92	0.10	1.53	-1.445	-5.589	4.912	0.129	-0.476	0.320	0.0282	-0.0312	0.0106	0.0282	-0.0312	0.0106	1	1.00	0.1953	0.3686	-0.5543	1.659	1
125561	-0.211	0.431	-0.209	-1.07	4.95	-1.67	-1.250	-6.733	5.995	0.128	-0.481	0.324	-0.0940	0.1200	-0.0434	-0.0940	0.1200	-0.0434	1	1.00	0.1953	0.3686	-0.5543	1.659	1
125568	-0.158	0.336	-0.169	2.94	-2.46	-0.17	-1.512	-6.316	5.999	0.127	-0.485	0.329	0.0321	-0.0444	0.0161	0.0321	-0.0444	0.0161	1	1.00	0.1953	0.3686	-0.5543	1.659	1
125576	-0.196	0.300	-0.096	3.64	-2.34	2.19	-1.935	-5.196	5.052	0.125	-0.489	0.333	0.0127	-0.0667	0.0594	0.0127	-0.0667	0.0594	1	1.00	0.1953	0.3686	-0.5543	1.659	1
125584	-0.172	0.411	-0.228	-0.90	3.70	-0.69	-1.595	-5.967	5.598	0.124	-0.493	0.337	-0.0836	0.1200	-0.0240	-0.0836	0.1200	-0.0240	1	1.00	0.1953	0.3686	-0.5543	1.659	1
125593	-0.073	0.303	-0.223	4.89	-1.83	-2.74	-2.024	-6.004	5.946	0.122	-0.498	0.341	0.0991	-0.0315	-0.0608	0.0991	-0.0315	-0.0608	1	1.00	0.1953	0.3686	-0.5543	1.659	1
125601	-0.143	0.247	-0.098	0.16	-4.62	4.24	-2.366	-4.392	4.859	0.120	-0.501	0.345	-0.0388	-0.1018	0.1200	-0.0388	-0.1018	0.1200	1	1.00	0.1953	0.3686	-0.5543	1.659	1
125608	-0.160	0.439	-0.267	-2.78	4.75	-2.50	-1.457	-5.219	5.164	0.119	-0.505	0.349	-0.1073	0.1200	-0.0605	-0.1073	0.1200	-0.0605	1	1.00	0.1953	0.3686	-0.5543	1.659	1
125617	0.002	0.297	-0.291	6.63	-2.15	-8.51	-2.335	-5.332	6.210	0.117	-0.509	0.353	0.1200	-0.0023	-0.1200	0.1200	-0.0023	-0.1200	1	1.00	0.1953	0.3686	-0.5543	1.659	1
125624	-0.101	0.209	-0.103	-1.29	-8.32	4.42	-2.149	-4.090	4.981	0.115	-0.512	0.358	-0.0275	-0.1200	0.1200	-0.0275	-0.1200	0.1200	1	1.00	0.1953	0.3686	-0.5543	1.659	1
125633	-0.044	0.347	-0.294	-1.80	1.83	-1.09	-1.136	-4.727	4.685	0.114	-0.515	0.361	-0.0546	0.0923	-0.0314	-0.0546	0.0923	-0.0314	1	1.00	0.1953	0.3686	-0.5543	1.659	1
125640	0.121	0.292	-0.405	4.91	-2.66	-8.18	-2.030	-5.459	6.047	0.112	-0.519	0.365	0.1200	-0.0020	-0.1200	0.1200	-0.0020	-0.1200	1	1.00	0.1953	0.3686	-0.5543	1.659	1
125648	-0.056	0.212	-0.150	-4.52	-7.77	1.60	-1.705	-4.334	5.099	0.111	-0.522	0.369	-0.0513	-0.1079	0.1200	-0.0513	-0.1079	0.1200	1	1.00	0.1953	0.3686	-0.5543	1.659	1
125656	-0.060	0.341	-0.272	-3.90	0.95	-1.71	-0.409	-4.725	4.448	0.110	-0.526	0.373	-0.0786	0.0961	-0.0155	-0.0786	0.0961	-0.0155	1	1.00	0.1953	0.3686	-0.5543	1.659	1
125664	0.106	0.311	-0.409	3.94	-3.44	-8.44	-1.079	-5.262	5.365	0.109	-0.529	0.376	0.1200	-0.0020	-0.1200	0.1200	-0.0020	-0.1200	1	1.00	0.1953	0.3686	-0.5543	1.659	1
125672	-0.037	0.256	-0.212	-4.25	-8.83	1.56	-0.854	-4.425	4.470	0.108	-0.533	0.380	-0.0283	-0.1200	0.1200	-0.0283	-0.1200	0.1200	1	1.00	0.1953	0.3686	-0.5543	1.659	1
125680	0.030	0.354	-0.375	-4.10	1.65	-3.27	0.469	-5.053	3.853	0.109	-0.536	0.383	-0.0328	0.1200	-0.0715	-0.0328	0.1200	-0.0715	1	1.00	0.1953	0.3686	-0.5543	1.659	1
125688	0.161	0.241	-0.396	0.88	-6.09	-7.28	0.019	-5.309	4.636	0.109	-0.540	0.386	0.1200	-0.0502	-0.1191	0.1200	-0.0502	-0.1191	1	1.00	0.1953	0.3686	-0.5543	1.659	1
125696	0.001	0.211	-0.207	-6.88	-9.28	4.21	0.576	-4.175	3.393	0.109	-0.543	0.389	-0.0635	-0.1200	0.1200	-0.0635	-0.1200	0.1200	1	1.00	0.1953	0.3686	-0.5543	1.659	1
125704	0.050	0.380	-0.420	-4.07	3.70	-5.55	1.683	-5.143	3.163	0.110	-0.546	0.391	-0.0192	0.1200	-0.1200	-0.0192	0.1200	-0.1200	1	1.00	0.1953	0.3686	-0.5543	1.659	1
125712	0.122	0.291	-0.406	-0.71	-4.67	-6.05	1.264	-5.349	3.803	0.111	-0.550	0.394	0.1200	-0.0127	-0.1057	0.1200	-0.0127	-0.1057	1	1.00	0.1953	0.3686	-0.5543	1.659	1
125720	0.010	0.228	-0.232	-7.60	-9.72	6.95	1.809	-4.273	2.188	0.112	-0.553	0.395	-0.0861	-0.1200	0.1200	-0.0861	-0.1200	0.1200	1	1.00	0.1953	0.3686	-0.5543	1.659	1
125728	0.027	0.386	-0.402	-2.05	1.80	-4.09	2.486	-4.879	2.031	0.114	-0.557	0.397	0.0194	0.1200	-0.1200	0.0194	0.1200	-0.1200	1	1.00	0.1953	0.3686	-0.5543	1.659	1
125736	0.068	0.316	-0.376	-3.95	-3.59	-2.82	2.071	-5.391	2.642	0.116	-0.561	0.398	0.0289	0.0133	-0.0295	0.0289	0.0133	-0.0295	1	1.00	0.1953	0.3686	-0.5543	1.659	1
125744	-0.011	0.251	-0.233	-5.28	-10.34	5.04	2.619	-4.142	1.495	0.117	-0.564	0.399	-0.0239	-0.1200	0.1200	-0.0239	-0.1200	0.1200	1	1.00	0.1953	0.3686	-0.5543	1.659	1
125752	0.041	0.360	-0.391	-1.98	0.81	-6.12	2.881	-4.407	1.893	0.120	-0.567	0.400	0.0486	0.1167	-0.1200	0.0486	0.1167	-0.1200	1	1.00	0.1953	0.3686	-0.5543	1.659	1
125760	0.017	0.267	-0.277	-8.07	-6.40	-0.02	2.613	-5.132	2.745	0.122	-0.570	0.402	-0.0553	-0.0384	0.0955	-0.0553	-0.0384	0.0955	1	1.00	0.1953	0.3686	-0.5543	1.659	1
125768	-0.092	0.229	-0.131	-4.61	-8.74	4.04	2.670	-4.067	1.728	0.124	-0.573	0.403	-0.0360	-0.1200	0.1200	-0.0360	-0.1200	0.1200	1	1.00	0.1953	0.3686	-0.5543	1.659	1
125776	-0.096	0.390	-0.285	-2.26	1.38	-7.36	2.187	-4.837	2.879	0.125	-0.576	0.405	0.0182	0.1200	-0.1200	0.0182	0.1200	-0.1200	1	1.00	0.1953	0.3686	-0.5543	1.659	1
125784	-0.163	0.334	-0.163	-7.03	-6.29	0.95	2.031	-5.145	3.378	0.127	-0.580	0.407	-0.0886	-0.0395	0.1200	-0.0886	-0.0395	0.1200	1	1.00	0.1953	0.3686	-0.5543	1.659	1
125792	-0.138	0.314	-0.168	-0.02	-7.58	2.94	1.582	-4.149	2.614	0.128	-0.583	0.409	0.0272	-0.1200	0.1059	0.0272	-0.1200	0.1059	1	1.00	0.1953	0.3686	-0.5543	1.659	1
125800	-0.139	0.416	-0.267	-2.02	2.69	-7.87	0.731	-4.934	3.908	0.129	-0.586	0.412	0.0002	0.1200	-0.1200	0.0002	0.1200	-0.1200	1	1.00	0.1953	0.3686	-0.5543	1.659	1
125807	-0.214	0.297	-0.076	-7.10	-4.25	1.63	0.845	-5.515	4.458	0.129	-0.590	0.415	-0.1200	-0.0159	0.1200	-0.1200	-0.0159	0.1200	1	1.00	0.1953	0.3686	-0.5543	1.659	1
125815	-0.115	0.179	-0.059	3.96	-7.91	3.32	0.051	-4.294	3.530	0.130	-0.594	0.418	0.0913	-0.1200	0.1120	0.0913	-0.1200	0.1120	1	1.00	0.1953	0.3686	-0.5543	1.659	1
125823	-0.127	0.341	-0.206	0.77	-0.18	-5.99	-0.681	-4.917	4.812	0.129	-0.597	0.421	0.0349	0.0712	-0.1049	0.0349	0.0712	-0.1049	1	1.00	0.1953	0.3686	-0.5543	1.659	1
125831	-0.170	0.283	-0.105	-7.11	-2.33	-0.61	-0.138	-5.914	5.885	0.129	-0.601	0.425	-0.1200	0.0316	0.1012	-0.1200	0.0316	0.1012	1	1.00	0.1953	0.3686	-0.5543	1.659	1
125839	-0.107	0.131	-0.021	5.45	-7.74	0.91	-0.924	-5.106	5.186	0.128	-0.605	0.429	0.1186	-0.1200	0.0755	0.1186	-0.1200	0.0755	1	1.00	0.1953	0.3686	-0.5543	1.659	1
125846	-0.147	0.218	-0.065	-1.14	-3.09	-1.80	-1.778	-5.413	6.263	0.127	-0.608	0.433	-0.0223	-0.0295	0.0487	-0.0223	-0.0295	0.0487	1	1.00	0.1953	0.3686	-0.5543	1.659	1
125854	-0.198	0.257	-0.053	-6.56	2.94	-2.84	-0.609	-6.908	7.453	0.126	-0.613	0.439	-0.1200	0.1200	0.0339	-0.1200	0.1200	0.0339	1	1.00	0.1953	0.3686	-0.5543	1.659	1
125862	-0.053	0.052	0.002	6.95	-8.21	-4.46	-1.388	-6.479	7.812	0.125	-0.618	0.445	0.1200	-0.1200	-0.0085	0.1200	-0.1200	-0.0085	1	1.00	0.1953	0.3686	-0.5543	1.659	1
125870	-0.092	0.079	0.015	-2.35	-7.91	0.74	-1.898	-6.415	8.420	0.123	-0.622	0.451	-0.0216	-0.1200	0.1200	-0.0216	-0.1200	0.1200	1	1.00	0.1953	0.3686	-0.5543	1.659	1
125878	-0.153	0.246	-0.087	-7.76	3.22	-7.31	-0.436	-8.107	9.187	0.123	-0.628	0.458	-0.1200	0.1200	-0.0338	-0.1200	0.1200	-0.0338	1	1.00	0.1953	0.3686	-0.5543	1.659	1
125886	-0.039	0.042	-0.001	3.38	-5.08	-8.14	-1.165	-8.292	9.960	0.122	-0.634	0.465	0.1200	-0.1127	-0.0555	0.1200	-0.1127	-0.0555	1	1.00	0.1953	0.3686	-0.5543	1.659	1
125894	-0.091	0.054	0.038	-2.44	-6.52	0.07	-1.541	-7.781	9.248	0.120	-0.640	0.472	-0.0257	-0.1200	0.1200	-0.0257	-0.1200	0.1200	1	1.00	0.1953	0.3686	-0.5543	1.659	1
125902	-0.106	0.272	-0.159	-5.40	6.09	-7.99	-0.234	-9.383	9.491	0.120	-0.647	0.479	-0.1040	0.1200	-0.0999	-0.1040	0.1200	-0.0999	1	1.00	0.1953	0.3686	-0.5543	1.659	1
125910	0.016	0.111	-0.123	6.09	-5.68	-7.81	-1.361	-9.956	10.503	0.119	-0.654	0.487	0.1200	-0.1200	-0.0830	0.1200	-0.1200	-0.0830	1	1.00	0.1953	0.3686	-0.5543	1.659	1
125918	-0.130	0.094	0.038	-4.24	-6.10	3.26	-1.422	-9.044	9.109	0.118	-0.661	0.494	-0.0883	-0.1200	0.1200	-0.0883	-0.1200	0.1200	1	1.00	0.1953	0.3686	-0.5543	1.659	1
125926	-0.086	0.237	-0.145	-1.38	7.21	-4.36	-0.279	-10.397	8.676	0.117	-0.668	0.501	-0.0629	0.1200	-0.0755	-0.0629	0.1200	-0.0755	1	1.00	0.1953	0.3686	-0.5543	1.659	1
125934	0.073	0.151	-0.220	7.29	-0.56	-8.75	-1.385	-10.919	9.696	0.116	-0.677	0.508	0.1200	-0.0432	-0.1200	0.1200	-0.0432	-0.1200	1	1.00	0.1953	0.3686	-0.5543	1.659	1
125942	-0.095	0.127	-0.029	-4.49	-4.20	2.65	-0.962	-9.759	8.299	0.115	-0.684	0.515	-0.0861	-0.1033	0.1200	-0.0861	-0.1033	0.1200	1	1.00	0.1953	0.3686	-0.5543	1.659	1
125950	0.009	0.206	-0.210	0.93	5.42	-4.24	0.424	-10.507	7.814	0.115	-0.692	0.521	0.0327	0.0941	-0.0971	0.0327	0.0941	-0.0971	1	1.00	0.1953	0.3686	-0.5543	1.659	1
125957	0.058	0.124	-0.179	2.84	-2.40	-7.11	-0.257	-10.843	8.806	0.115	-0.700	0.527	0.1200	-0.0590	-0.0838	0.1200	-0.0590	-0.0838	1	1.00	0.1953	0.3686	-0.5543	1.659	1
125966	-0.118	0.073	0.046	-8.97	-5.76	5.43	0.830	-9.842	7.596	0.115	-0.707	0.533	-0.1200	-0.1200	0.1200	-0.1200	-0.1200	0.1200	1	1.00	0.1953	0.3686	-0.5543	1.659	1
125973	-0.017	0.123	-0.103	1.84	3.90	-5.22	1.649	-10.668	7.545	0.117	-0.715	0.538	0.0679	0.0457	-0.0940	0.0679	0.0457	-0.0940	1	1.00	0.1953	0.3686	-0.5543	1.659	1
125981	0.099	0.059	-0.156	1.26	-0.20	-7.41	0.908	-11.295	8.482	0.117	-0.723	0.545	0.1200	-0.0217	-0.0932	0.1200	-0.0217	-0.0932	1	1.00	0.1953	0.3686	-0.5543	1.659	1
125989	-0.036	0.017	0.019	-6.12	-4.22	3.88	2.037	-10.790	7.391	0.119	-0.732	0.550	-0.0833	-0.1200	0.1200	-0.0833	-0.1200	0.1200	1	1.00	0.1953	0.3686	-0.5543	1.659	1
125997	0.091	0.079	-0.168	-0.51	5.20	-3.65	2.490	-11.538	7.506	0.120	-0.740	0.556	0.0305	0.0609	-0.0706	0.0305	0.0609	-0.0706	1	1.00	0.1953	0.3686	-0.5543	1.659	1
126005	0.114	0.050	-0.163	-1.22	0.96	-5.46	2.092	-12.489	8.478	0.122	-0.749	0.562	0.0754	-0.0064	-0.0491	0.0754	-0.0064	-0.0491	1	1.00	0.1953	0.3686	-0.5543	1.659	1
126013	0.061	-0.004	-0.057	-4.75	-1.88	3.03	3.110	-12.151	7.484	0.124	-0.758	0.568	-0.0441	-0.1097	0.1200	-0.0441	-0.1097	0.1200	1	1.00	0.1953	0.3686	-0.5543	1.659	1
126021	0.120	0.104	-0.222	-0.16	6.29	-5.40	3.395	-13.028	8.002	0.127	-0.768	0.573	0.0556	0.0873	-0.1200	0.0556	0.0873	-0.1200	1	1.00	0.1953	0.3686	-0.5543	1.659	1
126029	0.074	0.056	-0.129	-3.74	-0.44	-1.32	3.249	-14.026	8.733	0.129	-0.778	0.580	0.0068	-0.0547	0.0657	0.0068	-0.0547	0.0657	1	1.00	0.1953	0.3686	-0.5543	1.659	1
126036	0.023	0.073	-0.095	-3.67	-1.62	3.28	3.988	-13.607	7.777	0.132	-0.789	0.586	-0.0305	-0.1095	0.1200	-0.0305	-0.1095	0.1200	1	1.00	0.1953	0.3686	-0.5543	1.659	1
126044	0.036	0.218	-0.248	0.97	7.39	-9.75	3.656	-14.381	9.051	0.135	-0.799	0.592	0.0896	0.1200	-0.1200	0.0896	0.1200	-0.1200	1	1.00	0.1953	0.3686	-0.5543	1.659	1
126052	-0.043	0.172	-0.125	-6.29	0.24	-1.25	3.676	-14.601	9.520	0.138	-0.810	0.599	-0.0682	-0.0038	0.0867	-0.0682	-0.0038	0.0867	1	1.00	0.1953	0.3686	-0.5543	1.659	1
126060	-0.064	0.179	-0.111	-2.80	-3.12	2.21	4.019	-13.538	8.856	0.141	-0.821	0.606	-0.0180	-0.1168	0.1200	-0.0180	-0.1168	0.1200	1	1.00	0.1953	0.3686	-0.5543	1.659	1
126068	-0.007	0.284	-0.269	-1.93	6.12	-11.28	3.472	-13.855	10.341	0.144	-0.831	0.613	0.0450	0.1200	-0.1200	0.0450	0.1200	-0.1200	1	1.00	0.1953	0.3686	-0.5543	1.659	1
126076	-0.086	0.192	-0.102	-7.70	-0.95	-1.82	3.536	-13.706	10.488	0.146	-0.842	0.622	-0.0973	-0.0046	0.1011	-0.0973	-0.0046	0.1011	1	1.00	0.1953	0.3686	-0.5543	1.659	1
126084	-0.031	0.183	-0.148	-0.83	-3.61	-1.90	3.226	-12.150	9.493	0.149	-0.851	0.629	0.0511	-0.1015	0.0424	0.0511	-0.1015	0.0424	1	1.00	0.1953	0.3686	-0.5543	1.659	1
126092	-0.027	0.331	-0.296	-3.54	6.63	-11.88	2.882	-12.462	10.633	0.151	-0.860	0.636	0.0039	0.1200	-0.1200	0.0039	0.1200	-0.1200	1	1.00	0.1953	0.3686	-0.5543	1.659	1
126100	-0.057	0.232	-0.170	-7.81	-0.76	-1.37	3.138	-12.505	10.417	0.154	-0.870	0.644	-0.1060	0.0104	0.0895	-0.1060	0.0104	0.0895	1	1.00	0.1953	0.3686	-0.5543	1.659	1
126108	0.002	0.184	-0.181	1.47	-4.65	-1.37	2.293	-11.070	9.429	0.156	-0.878	0.652	0.0945	-0.1200	0.0318	0.0945	-0.1200	0.0318	1	1.00	0.1953	0.3686	-0.5543	1.659	1
126116	-0.092	0.341	-0.240	-6.29	5.02	-7.09	2.259	-11.598	9.872	0.157	-0.886	0.659	-0.0871	0.1200	-0.0859	-0.0871	0.1200	-0.0859	1	1.00	0.1953	0.3686	-0.5543	1.659	1
126124	-0.119	0.291	-0.165	-5.34	0.51	-1.73	2.778	-12.081	9.727	0.159	-0.895	0.666	-0.0826	0.0333	0.0504	-0.0826	0.0333	0.0504	1	1.00	0.1953	0.3686	-0.5543	1.659	1
126131	0.007	0.226	-0.227	6.03	-5.55	-2.71	1.350	-10.962	8.833	0.161	-0.904	0.673	0.1200	-0.1200	-0.0295	0.1200	-0.1200	-0.0295	1	1.00	0.1953	0.3686	-0.5543	1.659	1
126139	-0.149	0.389	-0.229	-4.93	5.74	-2.83	1.407	-11.568	8.780	0.161	-0.912	0.679	-0.1142	0.1200	-0.0250	-0.1142	0.1200	-0.0250	1	1.00	0.1953	0.3686	-0.5543	1.659	1
126147	-0.097	0.385	-0.277	-0.26	3.27	-2.70	1.796	-12.362	8.560	0.163	-0.921	0.686	0.0025	0.0751	-0.0522	0.0025	0.0751	-0.0522	1	1.00	0.1953	0.3686	-0.5543	1.659	1
126155	-0.020	0.310	-0.282	6.74	-3.89	-0.11	0.391	-11.168	8.024	0.163	-0.929	0.692	0.1200	-0.1200	-0.0102	0.1200	-0.1200	-0.0102	1	1.00	0.1953	0.3686	-0.5543	1.659	1
126163	-0.132	0.467	-0.323	-4.42	3.93	1.65	0.885	-11.217	7.647	0.164	-0.938	0.697	-0.1200	0.1133	0.0436	-0.1200	0.1133	0.0436	1	1.00	0.1953	0.3686	-0.5543	1.659	1
126170	-0.085	0.465	-0.368	-0.77	7.10	-3.38	1.462	-12.065	7.987	0.165	-0.946	0.703	-0.0284	0.1200	-0.1103	-0.0284	0.1200	-0.1103	1	1.00	0.1953	0.3686	-0.5543	1.659	1
126178	-0.041	0.321	-0.272	6.74	-5.12	1.44	0.333	-10.648	7.640	0.165	-0.954	0.709	0.1200	-0.1200	0.0256	0.1200	-0.1200	0.0256	1	1.00	0.1953	0.3686	-0.5543	1.659	1
126186	-0.157	0.473	-0.304	-4.41	2.06	4.88	1.117	-10.341	6.619	0.165	-0.962	0.714	-0.1200	0.0596	0.1112	-0.1200	0.0596	0.1112	1	1.00	0.1953	0.3686	-0.5543	1.659	1
126194	-0.048	0.534	-0.472	0.95	6.16	-6.49	1.758	-11.304	7.598	0.167	-0.970	0.719	0.0430	0.1200	-0.1200	0.0430	0.1200	-0.1200	1	1.00	0.1953	0.3686	-0.5543	1.659	1
126202	-0.038	0.375	-0.328	3.66	-6.53	-1.36	0.605	-10.115	7.833	0.167	-0.978	0.725	0.1200	-0.1200	0.0019	0.1200	-0.1200	0.0019	1	1.00	0.1953	0.3686	-0.5543	1.659	1
126210	-0.217	0.450	-0.221	-8.42	-0.98	6.34	1.853	-8.998	6.264	0.168	-0.984	0.730	-0.1200	0.0241	0.1200	-0.1200	0.0241	0.1200	1	1.00	0.1953	0.3686	-0.5543	1.659	1
126218	-0.089	0.545	-0.442	1.63	6.13	-5.23	1.917	-9.900	7.070	0.170	-0.991	0.734	0.0300	0.1200	-0.1200	0.0300	0.1200	-0.1200	1	1.00	0.1953	0.3686	-0.5543	1.659	1
126226	-0.101	0.452	-0.340	3.40	-3.18	-3.29	0.357	-8.979	7.759	0.170	-0.998	0.740	0.1086	-0.0337	-0.0647	0.1086	-0.0337	-0.0647	1	1.00	0.1953	0.3686	-0.5543	1.659	1
126234	-0.276	0.480	-0.191	-7.41	-2.42	6.54	1.124	-7.808	6.208	0.171	-1.003	0.745	-0.1200	0.0011	0.1200	-0.1200	0.0011	0.1200	1	1.00	0.1953	0.3686	-0.5543	1.659	1
126241	-0.154	0.569	-0.399	0.51	4.41	-2.28	1.163	-8.048	6.335	0.172	-1.009	0.749	-0.0216	0.1200	-0.1097	-0.0216	0.1200	-0.1097	1	1.00	0.1953	0.3686	-0.5543	1.659	1
126249	-0.140	0.509	-0.356	2.00	-3.67	-2.14	-0.271	-7.272	7.121	0.172	-1.014	0.754	0.0479	-0.0180	-0.0381	0.0479	-0.0180	-0.0381	1	1.00	0.1953	0.3686	-0.5543	1.659	1
126257	-0.227	0.539	-0.298	-2.25	-2.27	5.04	0.036	-6.305	5.455	0.171	-1.019	0.758	-0.1021	-0.0025	0.1146	-0.1021	-0.0025	0.1146	1	1.00	0.1953	0.3686	-0.5543	1.659	1
126265	-0.101	0.588	-0.471	3.13	4.62	-4.16	-0.128	-6.543	5.837	0.171	-1.023	0.762	0.0265	0.1200	-0.1200	0.0265	0.1200	-0.1200	1	1.00	0.1953	0.3686	-0.5543	1.659	1
126273	-0.120	0.468	-0.336	1.91	-3.92	1.06	-0.991	-5.788	5.830	0.170	-1.027	0.766	0.0221	-0.0446	0.0185	0.0221	-0.0446	0.0185	1	1.00	0.1953	0.3686	-0.5543	1.659	1
126281	-0.187	0.490	-0.289	0.34	-3.48	7.37	-0.668	-5.095	4.566	0.170	-1.030	0.769	-0.0759	-0.0660	0.1200	-0.0759	-0.0660	0.1200	1	1.00	0.1953	0.3686	-0.5543	1.659	1
126289	-0.124	0.574	-0.435	5.12	5.33	-4.74	-1.108	-5.634	5.281	0.169	-1.034	0.773	0.0525	0.1200	-0.1200	0.0525	0.1200	-0.1200	1	1.00	0.1953	0.3686	-0.5543	1.659	1
126297	-0.111	0.417	-0.295	2.24	-4.67	0.84	-1.443	-5.304	5.388	0.168	-1.038	0.777	0.0376	-0.0648	0.0260	0.0376	-0.0648	0.0260	1	1.00	0.1953	0.3686	-0.5543	1.659	1
126304	-0.143	0.429	-0.275	0.12	-3.10	7.31	-1.092	-4.578	4.298	0.166	-1.040	0.780	-0.0748	-0.0651	0.1200	-0.0748	-0.0651	0.1200	1	1.00	0.1953	0.3686	-0.5543	1.659	1
126312	-0.040	0.495	-0.442	4.00	4.77	-7.19	-1.191	-5.409	5.240	0.165	-1.044	0.783	0.0764	0.1200	-0.1200	0.0764	0.1200	-0.1200	1	1.00	0.1953	0.3686	-0.5543	1.659	1
126320	-0.059	0.344	-0.276	-2.11	-5.41	1.39	-1.178	-5.276	5.467	0.164	-1.047	0.787	-0.0252	-0.0627	0.0834	-0.0252	-0.0627	0.0834	1	1.00	0.1953	0.3686	-0.5543	1.659	1
126328	-0.044	0.361	-0.307	0.35	-5.00	4.55	-0.386	-4.699	4.490	0.164	-1.050	0.790	-0.0094	-0.0963	0.0962	-0.0094	-0.0963	0.0962	1	1.00	0.1953	0.3686	-0.5543	1.659	1
126336	0.064	0.412	-0.465	1.31	2.15	-9.38	-0.356	-5.548	5.676	0.163	-1.054	0.793	0.0929	0.1200	-0.1200	0.0929	0.1200	-0.1200	1	1.00	0.1953	0.3686	-0.5543	1.659	1
126343	0.008	0.289	-0.290	-4.47	-7.47	0.20	0.179	-5.785	5.588	0.163	-1.057	0.797	-0.0041	-0.0889	0.0939	-0.0041	-0.0889	0.0939	1	1.00	0.1953	0.3686	-0.5543	1.659	1
126351	0.015	0.319	-0.326	-3.02	-6.52	-0.08	0.709	-4.964	4.854	0.163	-1.061	0.801	0.0166	-0.0716	0.0516	0.0166	-0.0716	0.0516	1	1.00	0.1953	0.3686	-0.5543	1.659	1
126359	0.030	0.375	-0.396	-3.53	1.76	-10.28	0.903	-5.906	5.542	0.164	-1.064	0.804	0.0347	0.1200	-0.1200	0.0347	0.1200	-0.1200	1	1.00	0.1953	0.3686	-0.5543	1.659	1
126367	-0.016	0.271	-0.248	-6.06	-6.71	0.61	1.479	-6.239	5.448	0.165	-1.068	0.808	-0.0422	-0.0748	0.1122	-0.0422	-0.0748	0.1122	1	1.00	0.1953	0.3686	-0.5543	1.659	1
126375	0.084	0.252	-0.329	1.58	-4.81	-3.97	1.363	-5.366	4.400	0.166	-1.072	0.811	0.1200	-0.0627	-0.0743	0.1200	-0.0627	-0.0743	1	1.00	0.1953	0.3686	-0.5543	1.659	1
126383	0.074	0.300	-0.366	-7.16	0.83	-5.41	1.689	-6.220	4.854	0.167	-1.076	0.814	-0.0480	0.1200	-0.0716	-0.0480	0.1200	-0.0716	1	1.00	0.1953	0.3686	-0.5543	1.659	1
126391	0.050	0.259	-0.302	-4.39	-4.97	1.74	2.169	-6.591	4.350	0.169	-1.080	0.817	-0.0157	-0.0692	0.0871	-0.0157	-0.0692	0.0871	1	1.00	0.1953	0.3686	-0.5543	1.659	1
126398	0.134	0.241	-0.369	1.51	-4.19	-4.30	1.538	-5.359	3.561	0.170	-1.084	0.820	0.1200	-0.0479	-0.0945	0.1200	-0.0479	-0.0945	1	1.00	0.1953	0.3686	-0.5543	1.659	1
126406	0.005	0.336	-0.332	-8.20	2.17	-1.06	2.328	-6.213	3.795	0.171	-1.088	0.822	-0.1200	0.1200	0.0034	-0.1200	0.1200	0.0034	1	1.00	0.1953	0.3686	-0.5543	1.659	1
126414	0.118	0.292	-0.403	-0.52	-4.02	-1.81	2.865	-6.182	3.323	0.173	-1.092	0.824	0.0931	-0.0450	-0.0454	0.0931	-0.0450	-0.0454	1	1.00	0.1953	0.3686	-0.5543	1.659	1
126422	0.092	0.259	-0.344	-0.09	-6.02	-2.25	1.896	-4.788	2.850	0.175	-1.095	0.826	0.1098	-0.0777	-0.0301	0.1098	-0.0777	-0.0301	1	1.00	0.1953	0.3686	-0.5543	1.659	1
126430	-0.040	0.407	-0.356	-11.52	0.54	1.88	3.102	-5.499	2.637	0.177	-1.099	0.827	-0.1200	0.1200	0.0829	-0.1200	0.1200	0.0829	1	1.00	0.1953	0.3686	-0.5543	1.659	1
126438	0.131	0.330	-0.451	-2.98	-0.15	-5.55	3.673	-5.699	2.570	0.180	-1.102	0.829	0.0569	0.0866	-0.1200	0.0569	0.0866	-0.1200	1	1.00	0.1953	0.3686	-0.5543	1.659	1
126445	0.120	0.206	-0.320	1.30	-11.91	0.14	2.635	-3.977	2.386	0.182	-1.105	0.830	0.1200	-0.1200	0.0436	0.1200	-0.1200	0.0436	1	1.00	0.1953	0.3686	-0.5543	1.659	1
126453	0.002	0.429	-0.420	-10.78	-2.34	0.53	3.629	-4.005	1.950	0.184	-1.107	0.831	-0.1200	0.0905	0.0520	-0.1200	0.0905	0.0520	1	1.00	0.1953	0.3686	-0.5543	1.659	1
126461	0.030	0.410	-0.429	-5.99	-0.31	-8.40	4.049	-4.552	2.349	0.187	-1.110	0.832	0.0070	0.1200	-0.1200	0.0070	0.1200	-0.1200	1	1.00	0.1953	0.3686	-0.5543	1.659	1
126469	0.034	0.240	-0.268	-2.11	-14.33	1.43	2.678	-2.932	2.046	0.190	-1.112	0.833	0.0954	-0.1200	0.1200	0.0954	-0.1200	0.1200	1	1.00	0.1953	0.3686	-0.5543	1.659	1
126477	-0.025	0.385	-0.350	-9.59	-4.35	-0.01	3.395	-2.521	1.239	0.192	-1.113	0.834	-0.1131	0.0481	0.0556	-0.1131	0.0481	0.0556	1	1.00	0.1953	0.3686	-0.5543	1.659	1
126485	0.047	0.380	-0.417	-3.05	-0.09	-10.08	3.297	-3.440	2.438	0.195	-1.115	0.835	0.0663	0.1200	-0.1200	0.0663	0.1200	-0.1200	1	1.00	0.1953	0.3686	-0.5543	1.659	1
126493	0.033	0.170	-0.200	-4.53	-14.36	0.81	2.301	-2.259	2.336	0.197	-1.116	0.836	0.0538	-0.1200	0.1200	0.0538	-0.1200	0.1200	1	1.00	0.1953	0.3686	-0.5543	1.659	1
126501	-0.054	0.265	-0.204	-11.84	-7.94	1.17	3.196	-1.497	1.205	0.199	-1.116	0.837	-0.1200	-0.0286	0.1200	-0.1200	-0.0286	0.1200	1	1.00	0.1953	0.3686	-0.5543	1.659	1
126508	0.083	0.315	-0.390	-1.54	1.47	-11.03	2.928	-2.673	2.332	0.201	-1.117	0.837	0.0905	0.1200	-0.1200	0.0905	0.1200	-0.1200	1	1.00	0.1953	0.3686	-0.5543	1.659	1
126516	0.002	0.200	-0.196	-5.29	-10.00	-2.69	1.770	-2.518	2.719	0.202	-1.118	0.839	0.0276	-0.1061	0.0615	0.0276	-0.1061	0.0615	1	1.00	0.1953	0.3686	-0.5543	1.659	1
126524	-0.112	0.187	-0.071	-8.92	-5.82	2.36	2.545	-1.889	1.487	0.204	-1.119	0.840	-0.1200	-0.0408	0.1200	-0.1200	-0.0408	0.1200	1	1.00	0.1953	0.3686	-0.5543	1.659	1
126532	0.009	0.201	-0.205	-0.92	-1.09	-5.71	2.348	-2.892	2.498	0.206	-1.120	0.841	0.0588	0.0418	-0.1094	0.0588	0.0418	-0.1094	1	1.00	0.1953	0.3686	-0.5543	1.659	1
126540	-0.007	0.129	-0.119	-2.94	-8.24	-2.57	1.507	-3.032	3.318	0.207	-1.122	0.843	0.0490	-0.1128	0.0480	0.0490	-0.1128	0.0480	1	1.00	0.1953	0.3686	-0.5543	1.659	1
126547	-0.128	0.125	0.006	-7.04	-1.93	3.58	2.066	-3.092	2.326	0.208	-1.123	0.844	-0.1200	-0.0148	0.1200	-0.1200	-0.0148	0.1200	1	1.00	0.1953	0.3686	-0.5543	1.659	1
126555	0.002	0.115	-0.114	2.03	1.62	-4.61	1.617	-4.172	3.120	0.210	-1.125	0.846	0.0777	0.0350	-0.1096	0.0777	0.0350	-0.1096	1	1.00	0.1953	0.3686	-0.5543	1.659	1
126563	-0.059	0.058	0.002	-2.87	-5.12	0.58	0.721	-4.060	3.815	0.210	-1.128	0.848	-0.0137	-0.1003	0.1106	-0.0137	-0.1003	0.1106	1	1.00	0.1953	0.3686	-0.5543	1.659	1
126571	-0.118	0.114	0.007	-4.48	1.58	4.58	1.566	-4.150	2.725	0.211	-1.130	0.850	-0.1200	0.0133	0.1200	-0.1200	0.0133	0.1200	1	1.00	0.1953	0.3686	-0.5543	1.659	1
126579	0.057	0.125	-0.179	6.71	4.08	-7.00	0.826	-4.974	3.964	0.212	-1.133	0.852	0.1200	0.0595	-0.1200	0.1200	0.0595	-0.1200	1	1.00	0.1953	0.3686	-0.5543	1.659	1
126587	-0.045	0.078	-0.031	-3.57	-3.76	1.41	0.387	-4.707	4.629	0.212	-1.136	0.855	-0.0433	-0.0766	0.1193	-0.0433	-0.0766	0.1193	1	1.00	0.1953	0.3686	-0.5543	1.659	1
126595	-0.136	0.101	0.037	-4.42	-0.04	3.92	1.607	-4.374	3.531	0.213	-1.139	0.857	-0.1200	-0.0176	0.1200	-0.1200	-0.0176	0.1200	1	1.00	0.1953	0.3686	-0.5543	1.659	1
126603	-0.002	0.171	-0.165	5.41	2.73	-6.88	0.769	-4.933	4.899	0.214	-1.142	0.860	0.1200	0.0515	-0.1200	0.1200	0.0515	-0.1200	1	1.00	0.1953	0.3686	-0.5543	1.659	1
126610	-0.119	0.163	-0.040	-3.08	-2.30	-1.29	0.375	-4.925	5.594	0.214	-1.145	0.864	-0.0426	-0.0183	0.0566	-0.0426	-0.0183	0.0566	1	1.00	0.1953	0.3686	-0.5543	1.659	1
126618	-0.205	0.178	0.032	-1.77	-0.98	2.11	1.110	-4.415	4.419	0.214	-1.147	0.867	-0.0757	-0.0273	0.0979	-0.0757	-0.0273	0.0979	1	1.00	0.1953	0.3686	-0.5543	1.659	1
126626	-0.087	0.227	-0.134	3.89	2.20	-5.78	0.123	-4.751	5.554	0.215	-1.150	0.870	0.0841	0.0576	-0.1200	0.0841	0.0576	-0.1200	1	1.00	0.1953	0.3686	-0.5543	1.659	1
126634	-0.178	0.219	-0.035	-4.38	-1.36	0.87	-0.308	-4.731	5.960	0.214	-1.153	0.874	-0.1200	0.0051	0.1017	-0.1200	0.0051	0.1017	1	1.00	0.1953	0.3686	-0.5543	1.659	1
126642	-0.160	0.197	-0.032	0.84	1.40	2.41	-0.004	-4.081	4.725	0.214	-1.156	0.878	-0.0582	-0.0006	0.0510	-0.0582	-0.0006	0.0510	1	1.00	0.1953	0.3686	-0.5543	1.659	1
126649	-0.039	0.260	-0.214	7.48	3.79	-5.14	-1.261	-4.231	5.654	0.213	-1.158	0.881	0.1153	0.0643	-0.1200	0.1153	0.0643	-0.1200	1	1.00	0.1953	0.3686	-0.5543	1.659	1
126657	-0.158	0.267	-0.102	-4.48	-0.21	2.78	-1.138	-4.200	5.629	0.212	-1.160	0.885	-0.1200	0.0271	0.1137	-0.1200	0.0271	0.1137	1	1.00	0.1953	0.3686	-0.5543	1.659	1
126665	-0.153	0.243	-0.083	2.53	-1.48	2.54	-0.942	-3.311	4.636	0.211	-1.162	0.888	-0.0163	-0.0522	0.0531	-0.0163	-0.0522	0.0531	1	1.00	0.1953	0.3686	-0.5543	1.659	1
126673	-0.073	0.285	-0.205	5.03	0.10	-5.13	-2.041	-3.117	5.810	0.209	-1.164	0.892	0.0899	0.0293	-0.1200	0.0899	0.0293	-0.1200	1	1.00	0.1953	0.3686	-0.5543	1.659	1
126681	-0.212	0.310	-0.090	-4.98	2.98	2.52	-1.382	-3.504	5.420	0.208	-1.166	0.896	-0.1200	0.1042	0.0863	-0.1200	0.1042	0.0863	1	1.00	0.1953	0.3686	-0.5543	1.659	1
126689	-0.049	0.232	-0.177	7.18	-2.59	1.85	-1.595	-2.779	4.429	0.207	-1.167	0.899	0.0976	-0.1027	-0.0101	0.0976	-0.1027	-0.0101	1	1.00	0.1953	0.3686	-0.5543	1.659	1
126696	-0.009	0.278	-0.262	2.39	-0.62	-2.83	-2.494	-2.500	5.569	0.205	-1.168	0.902	0.0408	0.0224	-0.0760	0.0408	0.0224	-0.0760	1	1.00	0.1953	0.3686	-0.5543	1.659	1
126705	-0.186	0.312	-0.118	-6.90	3.70	2.88	-1.499	-3.167	4.794	0.203	-1.170	0.906	-0.1200	0.1200	0.0964	-0.1200	0.1200	0.0964	1	1.00	0.1953	0.3686	-0.5543	1.659	1
126713	-0.011	0.217	-0.200	8.04	-4.34	0.10	-1.573	-2.417	4.151	0.202	-1.171	0.908	0.1200	-0.1200	-0.0404	0.1200	-0.1200	-0.0404	1	1.00	0.1953	0.3686	-0.5543	1.659	1
126721	0.007	0.299	-0.298	3.06	0.05	-3.64	-2.213	-2.111	4.961	0.200	-1.172	0.911	0.0590	0.0425	-0.1137	0.0590	0.0425	-0.1137	1	1.00	0.1953	0.3686	-0.5543	1.659	1
126728	-0.134	0.289	-0.147	-5.55	4.00	4.39	-0.953	-3.175	4.074	0.198	-1.173	0.914	-0.1200	0.1119	0.0973	-0.1200	0.1119	0.0973	1	1.00	0.1953	0.3686	-0.5543	1.659	1
126736	0.072	0.123	-0.192	4.82	-4.12	4.47	-1.121	-2.271	3.388	0.198	-1.174	0.916	0.0752	-0.1200	0.0592	0.0752	-0.1200	0.0592	1	1.00	0.1953	0.3686	-0.5543	1.659	1
126744	0.065	0.215	-0.273	4.98	0.50	-4.74	-2.026	-1.997	4.332	0.196	-1.175	0.919	0.1130	0.0281	-0.1200	0.1130	0.0281	-0.1200	1	1.00	0.1953	0.3686	-0.5543	1.659	1
126752	-0.132	0.221	-0.083	-7.05	5.30	3.54	-0.874	-3.375	4.043	0.195	-1.176	0.921	-0.1200	0.1200	0.0992	-0.1200	0.1200	0.0992	1	1.00	0.1953	0.3686	-0.5543	1.659	1
126760	0.041	0.060	-0.100	4.26	-4.78	6.86	-0.774	-2.580	3.087	0.194	-1.178	0.923	0.0471	-0.1200	0.1200	0.0471	-0.1200	0.1200	1	1.00	0.1953	0.3686	-0.5543	1.659	1
126767	0.104	0.128	-0.229	7.56	-4.12	-3.65	-2.058	-1.778	4.183	0.193	-1.178	0.926	0.1200	-0.1031	-0.1087	0.1200	-0.1031	-0.1087	1	1.00	0.1953	0.3686	-0.5543	1.659	1
126775	-0.185	0.297	-0.104	-9.16	7.27	-0.54	-0.994	-3.088	4.715	0.191	-1.179	0.929	-0.1200	0.1200	0.0271	-0.1200	0.1200	0.0271	1	1.00	0.1953	0.3686	-0.5543	1.659	1
126783	-0.074	0.152	-0.074	-0.37	0.57	4.86	-0.559	-3.197	3.596	0.191	-1.181	0.931	-0.0822	-0.0260	0.0995	-0.0822	-0.0260	0.0995	1	1.00	0.1953	0.3686	-0.5543	1.659	1
126791	0.106	0.109	-0.212	10.70	-5.25	-1.76	-1.966	-2.050	4.054	0.189	-1.182	0.933	0.1200	-0.1200	-0.0911	0.1200	-0.1200	-0.0911	1	1.00	0.1953	0.3686	-0.5543	1.659	1
126799	-0.072	0.259	-0.181	-3.29	3.30	-1.59	-1.707	-2.828	4.733	0.188	-1.183	0.936	-0.1059	0.1200	-0.0233	-0.1059	0.1200	-0.0233	1	1.00	0.1953	0.3686	-0.5543	1.659	1
126807	-0.076	0.199	-0.118	-0.85	4.60	4.82	-0.543	-3.717	3.683	0.187	-1.185	0.939	-0.1200	0.0590	0.0630	-0.1200	0.0590	0.0630	1	1.00	0.1953	0.3686	-0.5543	1.659	1
126815	0.178	0.069	-0.245	14.40	-5.17	0.91	-1.999	-2.525	3.626	0.185	-1.186	0.941	0.1200	-0.1200	-0.0840	0.1200	-0.1200	-0.0840	1	1.00	0.1953	0.3686	-0.5543	1.659	1
126822	0.061	0.159	-0.216	3.81	0.87	0.81	-2.111	-2.825	3.975	0.183	-1.188	0.943	0.0458	-0.0148	-0.0319	0.0458	-0.0148	-0.0319	1	1.00	0.1953	0.3686	-0.5543	1.659	1
126830	-0.006	0.204	-0.192	-3.68	6.88	4.93	-0.485	-3.888	3.106	0.183	-1.190	0.945	-0.1200	0.1200	0.0560	-0.1200	0.1200	0.0560	1	1.00	0.1953	0.3686	-0.5543	1.659	1
126838	0.205	0.035	-0.238	10.19	-3.37	0.99	-0.906	-3.220	3.239	0.182	-1.191	0.947	0.1200	-0.1200	-0.0613	0.1200	-0.1200	-0.0613	1	1.00	0.1953	0.3686	-0.5543	1.659	1
126846	0.188	0.055	-0.241	6.28	-3.93	-1.30	-1.486	-2.719	3.650	0.181	-1.193	0.949	0.1200	-0.1200	-0.0597	0.1200	-0.1200	-0.0597	1	1.00	0.1953	0.3686	-0.5543	1.659	1
126854	-0.045	0.214	-0.164	-8.60	9.97	6.98	0.360	-4.378	2.766	0.180	-1.195	0.951	-0.1200	0.1200	0.1129	-0.1200	0.1200	0.1129	1	1.00	0.1953	0.3686	-0.5543	1.659	1
126862	0.190	0.074	-0.263	5.12	3.47	1.35	0.504	-4.451	2.768	0.181	-1.197	0.952	0.1022	-0.0116	-0.0741	0.1022	-0.0116	-0.0741	1	1.00	0.1953	0.3686	-0.5543	1.659	1
126869	0.227	-0.008	-0.219	4.56	-5.33	-1.14	-0.324	-3.538	3.633	0.180	-1.200	0.954	0.1200	-0.1200	-0.0271	0.1200	-0.1200	-0.0271	1	1.00	0.1953	0.3686	-0.5543	1.659	1
126877	-0.008	0.185	-0.173	-8.76	5.52	5.56	1.249	-4.317	2.892	0.181	-1.202	0.956	-0.1200	0.1200	0.1200	-0.1200	0.1200	0.1200	1	1.00	0.1953	0.3686	-0.5543	1.659	1
126885	0.135	0.157	-0.287	1.58	2.41	-1.36	1.657	-4.765	3.036	0.182	-1.205	0.957	0.0653	0.0326	-0.0893	0.0653	0.0326	-0.0893	1	1.00	0.1953	0.3686	-0.5543	1.659	1
126893	0.163	0.033	-0.195	1.86	-5.18	-0.38	0.605	-3.619	3.714	0.183	-1.207	0.959	0.1198	-0.1200	0.0088	0.1198	-0.1200	0.0088	1	1.00	0.1953	0.3686	-0.5543	1.659	1
126901	-0.005	0.162	-0.152	-8.04	3.41	4.31	1.679	-3.878	2.815	0.183	-1.209	0.961	-0.1200	0.0889	0.1092	-0.1200	0.0889	0.1092	1	1.00	0.1953	0.3686	-0.5543	1.659	1
126909	0.140	0.117	-0.254	0.22	5.18	-1.18	1.836	-4.645	3.161	0.185	-1.211	0.963	0.0163	0.0838	-0.0922	0.0163	0.0838	-0.0922	1	1.00	0.1953	0.3686	-0.5543	1.659	1
126916	0.126	0.041	-0.167	3.94	-7.06	0.58	0.668	-3.660	3.769	0.186	-1.214	0.965	0.1200	-0.1200	0.0282	0.1200	-0.1200	0.0282	1	1.00	0.1953	0.3686	-0.5543	1.659	1
126924	-0.072	0.173	-0.097	-6.68	1.57	5.32	1.503	-3.581	2.774	0.186	-1.215	0.967	-0.1200	0.0397	0.1200	-0.1200	0.0397	0.1200	1	1.00	0.1953	0.3686	-0.5543	1.659	1
126932	0.014	0.223	-0.232	-1.20	5.28	-2.29	1.901	-4.512	3.379	0.188	-1.218	0.968	-0.0264	0.1200	-0.0955	-0.0264	0.1200	-0.0955	1	1.00	0.1953	0.3686	-0.5543	1.659	1
126940	0.055	0.058	-0.111	3.94	-7.69	-1.33	0.702	-3.583	4.144	0.188	-1.220	0.971	0.1200	-0.1200	0.0121	0.1200	-0.1200	0.0121	1	1.00	0.1953	0.3686	-0.5543	1.659	1
126948	-0.067	0.151	-0.079	-5.19	-2.43	3.91	1.256	-2.858	3.031	0.189	-1.221	0.973	-0.1101	-0.0357	0.1200	-0.1101	-0.0357	0.1200	1	1.00	0.1953	0.3686	-0.5543	1.659	1
126956	0.029	0.231	-0.255	-1.43	6.25	-4.18	1.770	-4.055	3.602	0.190	-1.223	0.975	-0.0226	0.1200	-0.1200	-0.0226	0.1200	-0.1200	1	1.00	0.1953	0.3686	-0.5543	1.659	1
126964	0.086	0.067	-0.151	4.14	-5.61	-1.07	0.449	-3.620	4.258	0.191	-1.226	0.977	0.1200	-0.1200	-0.0095	0.1200	-0.1200	-0.0095	1	1.00	0.1953	0.3686	-0.5543	1.659	1
126971	-0.053	0.110	-0.053	-3.48	-2.49	6.18	0.738	-2.812	2.953	0.191	-1.227	0.979	-0.0985	-0.0765	0.1200	-0.0985	-0.0765	0.1200	1	1.00	0.1953	0.3686	-0.5543	1.659	1
126979	-0.016	0.238	-0.216	-1.58	8.60	-1.74	1.348	-4.036	3.432	0.192	-1.229	0.981	-0.0761	0.1200	-0.1069	-0.0761	0.1200	-0.1069	1	1.00	0.1953	0.3686	-0.5543	1.659	1
126987	0.075	0.115	-0.186	8.10	-2.20	-1.04	-0.049	-3.888	4.113	0.192	-1.231	0.983	0.1200	-0.1119	-0.0768	0.1200	-0.1119	-0.0768	1	1.00	0.1953	0.3686	-0.5543	1.659	1
126995	-0.085	0.143	-0.054	-0.40	-0.96	9.18	-0.119	-3.115	2.747	0.192	-1.233	0.985	-0.1062	-0.0899	0.1200	-0.1062	-0.0899	0.1200	1	1.00	0.1953	0.3686	-0.5543	1.659	1
127003	-0.012	0.253	-0.234	2.45	11.38	0.86	0.433	-4.428	2.963	0.192	-1.235	0.986	-0.0492	0.1200	-0.1191	-0.0492	0.1200	-0.1191	1	1.00	0.1953	0.3686	-0.5543	1.659	1
127011	0.072	0.096	-0.165	8.96	1.02	3.13	-0.862	-4.450	3.609	0.191	-1.238	0.988	0.1200	-0.0968	-0.0285	0.1200	-0.0968	-0.0285	1	1.00	0.1953	0.3686	-0.5543	1.659	1
127019	-0.058	0.119	-0.058	2.86	1.28	11.51	-0.804	-3.654	2.343	0.190	-1.240	0.990	-0.0801	-0.0990	0.1200	-0.0801	-0.0990	0.1200	1	1.00	0.1953	0.3686	-0.5543	1.659	1
127027	-0.006	0.231	-0.219	4.22	13.99	0.28	-0.126	-4.948	3.072	0.190	-1.242	0.991	-0.0489	0.1200	-0.1200	-0.0489	0.1200	-0.1200	1	1.00	0.1953	0.3686	-0.5543	1.659	1
127035	0.070	0.078	-0.146	9.75	0.84	5.80	-1.152	-5.133	4.063	0.189	-1.245	0.993	0.1172	-0.1200	0.0215	0.1172	-0.1200	0.0215	1	1.00	0.1953	0.3686	-0.5543	1.659	1
127043	-0.074	0.094	-0.017	1.60	2.67	13.59	-0.844	-4.407	2.631	0.188	-1.248	0.995	-0.1200	-0.0896	0.1200	-0.1200	-0.0896	0.1200	1	1.00	0.1953	0.3686	-0.5543	1.659	1
127051	-0.046	0.241	-0.189	5.45	13.81	0.71	-0.203	-5.664	3.538	0.188	-1.251	0.997	-0.0371	0.1200	-0.1200	-0.0371	0.1200	-0.1200	1	1.00	0.1953	0.3686	-0.5543	1.659	1
127059	0.015	0.146	-0.158	9.15	2.53	5.33	-1.177	-5.563	4.391	0.187	-1.255	0.999	0.0862	-0.0846	0.0051	0.0862	-0.0846	0.0051	1	1.00	0.1953	0.3686	-0.5543	1.659	1
127067	-0.126	0.198	-0.067	2.62	3.17	12.60	-0.726	-4.884	2.688	0.186	-1.258	1.001	-0.1190	-0.0613	0.1200	-0.1190	-0.0613	0.1200	1	1.00	0.1953	0.3686	-0.5543	1.659	1
127075	-0.020	0.281	-0.254	8.80	13.71	0.33	-0.366	-5.890	3.396	0.186	-1.261	1.003	0.0320	0.1200	-0.1200	0.0320	0.1200	-0.1200	1	1.00	0.1953	0.3686	-0.5543	1.659	1
127082	0.025	0.140	-0.162	7.94	2.37	3.96	-1.163	-5.729	4.237	0.185	-1.265	1.005	0.0835	-0.0670	-0.0060	0.0835	-0.0670	-0.0060	1	1.00	0.1953	0.3686	-0.5543	1.659	1
127090	-0.100	0.139	-0.036	0.57	1.88	12.02	-0.251	-4.726	2.661	0.184	-1.268	1.007	-0.1200	-0.0759	0.1200	-0.1200	-0.0759	0.1200	1	1.00	0.1953	0.3686	-0.5543	1.659	1
127098	0.033	0.217	-0.244	8.27	12.61	0.79	-0.040	-5.701	3.124	0.184	-1.271	1.008	0.0424	0.1200	-0.1200	0.0424	0.1200	-0.1200	1	1.00	0.1953	0.3686	-0.5543	1.659	1
127106	0.052	0.147	-0.196	6.28	2.79	3.51	-0.711	-5.903	3.954	0.184	-1.275	1.011	0.0646	-0.0415	-0.0112	0.0646	-0.0415	-0.0112	1	1.00	0.1953	0.3686	-0.5543	1.659	1
127114	-0.033	0.110	-0.074	0.99	0.52	10.75	0.182	-4.933	2.574	0.183	-1.278	1.012	-0.0706	-0.1015	0.1200	-0.0706	-0.1015	0.1200	1	1.00	0.1953	0.3686	-0.5543	1.659	1
127121	0.019	0.195	-0.209	6.23	9.69	1.42	0.494	-5.717	2.972	0.184	-1.281	1.014	0.0384	0.1116	-0.1172	0.0384	0.1116	-0.1172	1	1.00	0.1953	0.3686	-0.5543	1.659	1
127129	0.047	0.116	-0.160	5.17	2.79	1.87	0.058	-6.264	4.042	0.183	-1.285	1.016	0.0760	-0.0295	-0.0241	0.0760	-0.0295	-0.0241	1	1.00	0.1953	0.3686	-0.5543	1.659	1
127137	-0.113	0.099	0.017	-3.02	-1.78	11.04	0.921	-5.071	2.925	0.184	-1.289	1.018	-0.1200	-0.1189	0.1200	-0.1200	-0.1189	0.1200	1	1.00	0.1953	0.3686	-0.5543	1.659	1
127145	-0.031	0.160	-0.125	4.56	8.12	-0.32	1.289	-5.909	3.333	0.185	-1.292	1.019	0.0284	0.0992	-0.1044	0.0284	0.0992	-0.1044	1	1.00	0.1953	0.3686	-0.5543	1.659	1
127153	-0.047	0.123	-0.073	3.22	2.67	-0.82	0.610	-6.618	4.377	0.185	-1.296	1.022	0.0507	0.0045	-0.0345	0.0507	0.0045	-0.0345	1	1.00	0.1953	0.3686	-0.5543	1.659	1
127161	-0.186	0.075	0.113	-4.37	-3.80	9.64	1.467	-5.471	3.269	0.186	-1.300	1.024	-0.1200	-0.1200	0.1200	-0.1200	-0.1200	0.1200	1	1.00	0.1953	0.3686	-0.5543	1.659	1
127169	-0.089	0.144	-0.051	4.17	5.42	-0.93	1.426	-6.047	3.662	0.187	-1.303	1.026	0.0372	0.0533	-0.0730	0.0372	0.0533	-0.0730	1	1.00	0.1953	0.3686	-0.5543	1.659	1
127177	-0.054	0.138	-0.081	2.65	3.57	-2.42	0.455	-6.918	4.758	0.188	-1.308	1.029	0.0458	0.0404	-0.0631	0.0458	0.0404	-0.0631	1	1.00	0.1953	0.3686	-0.5543	1.659	1
127185	-0.178	0.048	0.132	-2.88	-1.64	7.16	0.909	-6.040	3.792	0.188	-1.312	1.031	-0.1161	-0.1019	0.1200	-0.1161	-0.1019	0.1200	1	1.00	0.1953	0.3686	-0.5543	1.659	1
127192	-0.087	0.103	-0.014	4.02	4.95	2.23	0.735	-6.170	3.898	0.189	-1.315	1.033	0.0091	0.0121	-0.0007	0.0091	0.0121	-0.0007	1	1.00	0.1953	0.3686	-0.5543	1.659	1
127200	-0.056	0.140	-0.080	3.46	4.76	-3.05	-0.167	-7.037	5.154	0.188	-1.320	1.036	0.0365	0.0613	-0.0863	0.0365	0.0613	-0.0863	1	1.00	0.1953	0.3686	-0.5543	1.659	1
127208	-0.174	0.019	0.156	-1.07	-1.31	6.71	0.111	-6.333	4.318	0.188	-1.324	1.039	-0.0853	-0.1136	0.1200	-0.0853	-0.1136	0.1200	1	1.00	0.1953	0.3686	-0.5543	1.659	1
127217	-0.092	0.107	-0.012	5.08	5.68	2.88	-0.308	-6.411	4.277	0.188	-1.328	1.042	-0.0035	0.0134	0.0030	-0.0035	0.0134	0.0030	1	1.00	0.1953	0.3686	-0.5543	1.659	1
127224	-0.079	0.140	-0.057	4.45	6.85	-2.85	-0.992	-7.386	5.420	0.187	-1.333	1.045	0.0289	0.0901	-0.0976	0.0289	0.0901	-0.0976	1	1.00	0.1953	0.3686	-0.5543	1.659	1
127232	-0.172	0.015	0.157	1.20	-1.94	9.19	-0.855	-6.544	4.623	0.186	-1.337	1.048	-0.0803	-0.1200	0.1200	-0.0803	-0.1200	0.1200	1	1.00	0.1953	0.3686	-0.5543	1.659	1
127240	-0.158	0.139	0.023	7.22	4.40	3.07	-1.186	-6.327	4.608	0.185	-1.341	1.051	0.0253	-0.0203	0.0103	0.0253	-0.0203	0.0103	1	1.00	0.1953	0.3686	-0.5543	1.659	1
127248	-0.154	0.202	-0.043	2.88	9.64	-2.91	-1.527	-7.217	5.492	0.184	-1.346	1.054	-0.0382	0.1200	-0.1027	-0.0382	0.1200	-0.1027	1	1.00	0.1953	0.3686	-0.5543	1.659	1
127256	-0.188	0.065	0.125	3.81	-1.92	7.83	-1.406	-6.535	5.022	0.183	-1.350	1.057	-0.0297	-0.1200	0.1200	-0.0297	-0.1200	0.1200	1	1.00	0.1953	0.3686	-0.5543	1.659	1
127263	-0.139	0.179	-0.035	6.90	4.51	1.28	-1.815	-5.967	4.912	0.181	-1.354	1.060	0.0349	0.0102	-0.0283	0.0349	0.0102	-0.0283	1	1.00	0.1953	0.3686	-0.5543	1.659	1
127271	-0.140	0.207	-0.061	1.04	7.16	-3.66	-1.628	-6.902	6.014	0.180	-1.358	1.064	-0.0439	0.1200	-0.0822	-0.0439	0.1200	-0.0822	1	1.00	0.1953	0.3686	-0.5543	1.659	1
127279	-0.151	0.047	0.105	3.43	-3.05	6.70	-1.620	-6.239	5.639	0.178	-1.362	1.068	-0.0146	-0.1200	0.1200	-0.0146	-0.1200	0.1200	1	1.00	0.1953	0.3686	-0.5543	1.659	1
127287	-0.092	0.125	-0.030	5.43	2.98	-0.59	-2.079	-5.567	5.588	0.177	-1.366	1.071	0.0427	-0.0009	-0.0330	0.0427	-0.0009	-0.0330	1	1.00	0.1953	0.3686	-0.5543	1.659	1
127295	-0.122	0.159	-0.033	-0.51	6.44	-3.51	-1.722	-6.647	6.614	0.175	-1.370	1.076	-0.0673	0.1200	-0.0540	-0.0673	0.1200	-0.0540	1	1.00	0.1953	0.3686	-0.5543	1.659	1
127303	-0.115	0.051	0.065	4.02	-3.53	4.16	-1.915	-6.020	6.375	0.174	-1.373	1.080	0.0240	-0.1200	0.1200	0.0240	-0.1200	0.1200	1	1.00	0.1953	0.3686	-0.5543	1.659	1
127311	-0.065	0.125	-0.056	3.30	-0.74	-1.72	-2.292	-5.160	6.192	0.172	-1.377	1.084	0.0477	-0.0411	-0.0073	0.0477	-0.0411	-0.0073	1	1.00	0.1953	0.3686	-0.5543	1.659	1
127318	-0.124	0.221	-0.091	-4.46	5.91	-4.74	-1.465	-6.139	7.367	0.170	-1.380	1.089	-0.1200	0.1200	-0.0504	-0.1200	0.1200	-0.0504	1	1.00	0.1953	0.3686	-0.5543	1.659	1
127326	-0.067	0.087	-0.018	4.52	-4.02	-0.92	-1.865	-5.780	7.351	0.169	-1.384	1.094	0.0855	-0.1200	0.0328	0.0855	-0.1200	0.0328	1	1.00	0.1953	0.3686	-0.5543	1.659	1
127334	-0.086	0.114	-0.024	2.67	-1.79	0.18	-2.570	-5.074	6.693	0.166	-1.387	1.098	0.0203	-0.0735	0.0480	0.0203	-0.0735	0.0480	1	1.00	0.1953	0.3686	-0.5543	1.659	1
127342	-0.106	0.260	-0.147	-4.14	6.53	-2.92	-1.675	-6.216	7.528	0.165	-1.390	1.103	-0.1200	0.1200	-0.0372	-0.1200	0.1200	-0.0372	1	1.00	0.1953	0.3686	-0.5543	1.659	1
127350	-0.008	0.133	-0.122	3.83	-1.38	-5.10	-2.038	-6.276	8.111	0.163	-1.395	1.109	0.0996	-0.0388	-0.0717	0.0996	-0.0388	-0.0717	1	1.00	0.1953	0.3686	-0.5543	1.659	1
127358	-0.075	0.063	0.014	0.82	-4.79	3.23	-2.578	-5.269	7.159	0.161	-1.398	1.114	-0.0130	-0.1200	0.1200	-0.0130	-0.1200	0.1200	1	1.00	0.1953	0.3686	-0.5543	1.659	1
127365	-0.044	0.231	-0.181	-2.67	4.80	-3.19	-1.409	-6.264	7.384	0.160	-1.401	1.119	-0.0838	0.1200	-0.0489	-0.0838	0.1200	-0.0489	1	1.00	0.1953	0.3686	-0.5543	1.659	1
127373	0.066	0.143	-0.205	5.66	-0.13	-8.70	-2.060	-6.772	8.489	0.158	-1.406	1.125	0.1200	-0.0024	-0.1200	0.1200	-0.0024	-0.1200	1	1.00	0.1953	0.3686	-0.5543	1.659	1
127381	-0.042	0.065	-0.022	0.98	-6.69	3.06	-2.660	-5.543	7.297	0.156	-1.409	1.130	0.0153	-0.1200	0.1200	0.0153	-0.1200	0.1200	1	1.00	0.1953	0.3686	-0.5543	1.659	1
127389	-0.062	0.232	-0.164	-5.53	4.96	-1.12	-1.216	-6.189	6.766	0.154	-1.413	1.134	-0.1200	0.1200	0.0125	-0.1200	0.1200	0.0125	1	1.00	0.1953	0.3686	-0.5543	1.659	1
127397	0.112	0.169	-0.277	3.67	-0.10	-9.71	-1.692	-6.683	8.165	0.153	-1.417	1.140	0.1200	0.0290	-0.1200	0.1200	0.0290	-0.1200	1	1.00	0.1953	0.3686	-0.5543	1.659	1
127405	0.033	0.100	-0.130	-1.63	-8.07	-1.09	-2.044	-5.386	7.419	0.151	-1.421	1.145	0.0347	-0.1200	0.0963	0.0347	-0.1200	0.0963	1	1.00	0.1953	0.3686	-0.5543	1.659	1
127412	-0.015	0.229	-0.208	-6.61	0.93	-2.56	-0.355	-5.709	6.396	0.151	-1.424	1.149	-0.1141	0.0915	0.0146	-0.1141	0.0915	0.0146	1	1.00	0.1953	0.3686	-0.5543	1.659	1
127420	0.132	0.178	-0.305	1.61	-1.30	-9.19	-0.789	-6.565	7.523	0.150	-1.428	1.154	0.1200	0.0213	-0.1200	0.1200	0.0213	-0.1200	1	1.00	0.1953	0.3686	-0.5543	1.659	1
127428	0.018	0.128	-0.143	-4.12	-9.18	-1.51	-1.120	-5.482	6.863	0.149	-1.431	1.159	0.0071	-0.1200	0.1133	0.0071	-0.1200	0.1133	1	1.00	0.1953	0.3686	-0.5543	1.659	1
127436	-0.035	0.256	-0.215	-5.27	0.99	-3.96	0.291	-6.085	6.036	0.149	-1.435	1.163	-0.0621	0.0965	-0.0255	-0.0621	0.0965	-0.0255	1	1.00	0.1953	0.3686	-0.5543	1.659	1
127444	0.092	0.198	-0.285	0.84	-1.81	-9.61	-0.384	-6.689	7.111	0.149	-1.439	1.167	0.1200	0.0259	-0.1200	0.1200	0.0259	-0.1200	1	1.00	0.1953	0.3686	-0.5543	1.659	1
127452	0.040	0.095	-0.132	-5.67	-10.30	-0.21	-0.416	-5.620	6.109	0.148	-1.443	1.172	-0.0110	-0.1200	0.1200	-0.0110	-0.1200	0.1200	1	1.00	0.1953	0.3686	-0.5543	1.659	1
127459	-0.005	0.270	-0.257	-5.94	0.80	-5.11	0.345	-5.946	5.751	0.148	-1.446	1.175	-0.0543	0.1123	-0.0474	-0.0543	0.1123	-0.0474	1	1.00	0.1953	0.3686	-0.5543	1.659	1
127467	0.085	0.233	-0.312	-1.13	-2.81	-10.44	-0.077	-6.564	6.542	0.148	-1.450	1.179	0.1090	0.0399	-0.1200	0.1090	0.0399	-0.1200	1	1.00	0.1953	0.3686	-0.5543	1.659	1
127475	0.005	0.173	-0.173	-6.82	-10.33	0.97	0.074	-5.090	5.376	0.148	-1.453	1.183	-0.0314	-0.1200	0.1200	-0.0314	-0.1200	0.1200	1	1.00	0.1953	0.3686	-0.5543	1.659	1
127483	0.049	0.312	-0.353	-2.89	0.61	-6.18	0.739	-5.473	4.949	0.148	-1.456	1.186	0.0226	0.1042	-0.1172	0.0226	0.1042	-0.1172	1	1.00	0.1953	0.3686	-0.5543	1.659	1
127491	0.106	0.238	-0.338	-3.73	-3.29	-9.79	0.409	-6.047	5.792	0.148	-1.460	1.190	0.0843	0.0517	-0.1200	0.0843	0.0517	-0.1200	1	1.00	0.1953	0.3686	-0.5543	1.659	1
127498	0.021	0.140	-0.157	-7.74	-10.56	1.60	0.913	-4.829	4.334	0.149	-1.463	1.193	-0.0411	-0.1200	0.1200	-0.0411	-0.1200	0.1200	1	1.00	0.1953	0.3686	-0.5543	1.659	1
127506	0.102	0.262	-0.357	-3.89	-1.32	-7.58	1.645	-4.819	4.001	0.150	-1.465	1.195	0.0485	0.0813	-0.1200	0.0485	0.0813	-0.1200	1	1.00	0.1953	0.3686	-0.5543	1.659	1
127514	0.122	0.233	-0.349	-6.55	-3.27	-8.57	1.795	-5.592	4.717	0.151	-1.469	1.198	0.0333	0.0646	-0.0972	0.0333	0.0646	-0.0972	1	1.00	0.1953	0.3686	-0.5543	1.659	1
127522	0.093	0.121	-0.211	-6.78	-11.45	0.79	2.429	-4.438	3.280	0.153	-1.471	1.200	0.0102	-0.1200	0.1200	0.0102	-0.1200	0.1200	1	1.00	0.1953	0.3686	-0.5543	1.659	1
127530	0.156	0.245	-0.395	-3.92	-2.98	-9.59	2.663	-4.346	3.088	0.155	-1.474	1.201	0.0953	0.0660	-0.1200	0.0953	0.0660	-0.1200	1	1.00	0.1953	0.3686	-0.5543	1.659	1
127538	0.082	0.207	-0.284	-11.50	-4.64	-5.01	3.206	-5.367	3.609	0.157	-1.477	1.203	-0.0739	0.0459	0.0231	-0.0739	0.0459	0.0231	1	1.00	0.1953	0.3686	-0.5543	1.659	1
127546	0.069	0.140	-0.205	-4.69	-10.24	0.02	3.565	-4.432	2.345	0.160	-1.479	1.204	0.0440	-0.1200	0.1022	0.0440	-0.1200	0.1022	1	1.00	0.1953	0.3686	-0.5543	1.659	1
127554	0.110	0.227	-0.331	-1.89	-2.56	-10.89	3.006	-4.522	2.856	0.162	-1.481	1.205	0.1200	0.0627	-0.1200	0.1200	0.0627	-0.1200	1	1.00	0.1953	0.3686	-0.5543	1.659	1
127561	-0.023	0.249	-0.220	-12.92	-3.23	-4.89	3.826	-5.636	3.521	0.165	-1.485	1.207	-0.1200	0.0882	0.0370	-0.1200	0.0882	0.0370	1	1.00	0.1953	0.3686	-0.5543	1.659	1
127569	0.040	0.091	-0.129	-3.45	-12.03	1.00	3.801	-4.837	2.321	0.168	-1.487	1.208	0.0680	-0.1200	0.1200	0.0680	-0.1200	0.1200	1	1.00	0.1953	0.3686	-0.5543	1.659	1
127577	0.087	0.209	-0.291	-4.88	-4.45	-8.54	2.988	-4.591	2.971	0.170	-1.490	1.209	0.0700	0.0297	-0.1047	0.0700	0.0297	-0.1047	1	1.00	0.1953	0.3686	-0.5543	1.659	1
127585	-0.032	0.258	-0.219	-13.57	-1.50	-6.28	4.004	-5.793	3.874	0.173	-1.493	1.211	-0.1200	0.1200	0.0048	-0.1200	0.1200	0.0048	1	1.00	0.1953	0.3686	-0.5543	1.659	1
127593	0.090	0.077	-0.165	-4.13	-9.10	-1.68	3.875	-4.917	2.684	0.176	-1.496	1.213	0.0643	-0.1200	0.0676	0.0643	-0.1200	0.0676	1	1.00	0.1953	0.3686	-0.5543	1.659	1
127600	0.125	0.136	-0.257	-3.03	-7.81	-6.29	3.301	-4.551	2.788	0.179	-1.498	1.214	0.1185	-0.0816	-0.0497	0.1185	-0.0816	-0.0497	1	1.00	0.1953	0.3686	-0.5543	1.659	1
127608	0.023	0.264	-0.280	-15.57	0.69	-7.12	4.235	-5.922	3.448	0.182	-1.502	1.216	-0.1200	0.1200	-0.0237	-0.1200	0.1200	-0.0237	1	1.00	0.1953	0.3686	-0.5543	1.659	1
127616	0.090	0.078	-0.165	-4.70	-6.76	-3.66	4.464	-5.798	2.709	0.185	-1.505	1.217	0.0583	-0.0909	0.0205	0.0583	-0.0909	0.0205	1	1.00	0.1953	0.3686	-0.5543	1.659	1
127624	0.107	0.073	-0.178	-1.31	-9.17	-2.10	3.511	-4.943	2.379	0.188	-1.508	1.218	0.1200	-0.1200	0.0347	0.1200	-0.1200	0.0347	1	1.00	0.1953	0.3686	-0.5543	1.659	1
127632	-0.042	0.287	-0.237	-14.51	3.02	-5.22	4.461	-6.232	2.779	0.191	-1.512	1.219	-0.1200	0.1200	-0.0120	-0.1200	0.1200	-0.0120	1	1.00	0.1953	0.3686	-0.5543	1.659	1
127640	-0.031	0.207	-0.170	-8.68	0.13	-5.93	4.738	-6.562	3.005	0.195	-1.516	1.220	-0.0696	0.1089	-0.0387	-0.0696	0.1089	-0.0387	1	1.00	0.1953	0.3686	-0.5543	1.659	1
127647	0.027	0.086	-0.110	-0.69	-13.25	-0.65	3.455	-5.138	2.654	0.198	-1.519	1.222	0.1200	-0.1200	0.1045	0.1200	-0.1200	0.1045	1	1.00	0.1953	0.3686	-0.5543	1.659	1
127655	-0.150	0.343	-0.184	-12.38	-2.46	-4.41	3.708	-5.033	2.541	0.200	-1.522	1.223	-0.1200	0.1193	0.0378	-0.1200	0.1193	0.0378	1	1.00	0.1953	0.3686	-0.5543	1.659	1
127663	-0.134	0.367	-0.223	-8.06	0.07	-9.99	4.531	-6.241	3.818	0.204	-1.525	1.225	-0.0496	0.1200	-0.1200	-0.0496	0.1200	-0.1200	1	1.00	0.1953	0.3686	-0.5543	1.659	1
127671	-0.050	0.139	-0.085	1.06	-16.51	-2.10	2.808	-4.842	3.579	0.206	-1.528	1.227	0.1200	-0.1200	0.0999	0.1200	-0.1200	0.0999	1	1.00	0.1953	0.3686	-0.5543	1.659	1
127679	-0.168	0.245	-0.071	-7.48	-8.46	0.92	2.978	-4.486	2.339	0.208	-1.530	1.228	-0.0756	-0.0904	0.1200	-0.0756	-0.0904	0.1200	1	1.00	0.1953	0.3686	-0.5543	1.659	1
127687	-0.108	0.388	-0.270	-7.44	3.48	-9.79	3.636	-5.997	3.757	0.211	-1.534	1.229	-0.0664	0.1200	-0.1200	-0.0664	0.1200	-0.1200	1	1.00	0.1953	0.3686	-0.5543	1.659	1
127695	-0.026	0.187	-0.156	1.64	-6.94	-7.39	2.185	-5.994	4.441	0.213	-1.537	1.232	0.1200	-0.0920	-0.0807	0.1200	-0.0920	-0.0807	1	1.00	0.1953	0.3686	-0.5543	1.659	1
127703	-0.189	0.175	0.019	-6.08	-8.76	5.22	2.139	-4.971	2.878	0.214	-1.540	1.234	-0.0939	-0.1200	0.1200	-0.0939	-0.1200	0.1200	1	1.00	0.1953	0.3686	-0.5543	1.659	1
127711	-0.160	0.328	-0.160	-4.93	4.22	-2.04	2.810	-6.192	3.003	0.216	-1.544	1.235	-0.1058	0.1200	-0.0290	-0.1058	0.1200	-0.0290	1	1.00	0.1953	0.3686	-0.5543	1.659	1
127718	-0.028	0.288	-0.253	3.18	-1.45	-9.35	1.518	-6.665	4.504	0.218	-1.548	1.237	0.1200	0.0321	-0.1200	0.1200	0.0321	-0.1200	1	1.00	0.1953	0.3686	-0.5543	1.659	1
127726	-0.127	0.195	-0.064	-3.69	-8.64	-0.89	1.544	-5.295	3.676	0.219	-1.551	1.239	0.0112	-0.1200	0.1118	0.0112	-0.1200	0.1118	1	1.00	0.1953	0.3686	-0.5543	1.659	1
127734	-0.180	0.337	-0.148	-6.34	0.80	-2.18	2.605	-5.558	3.154	0.220	-1.554	1.241	-0.1083	0.1077	0.0108	-0.1083	0.1077	0.0108	1	1.00	0.1953	0.3686	-0.5543	1.659	1
127742	-0.019	0.272	-0.246	1.95	-3.72	-7.74	1.801	-6.078	4.389	0.222	-1.558	1.243	0.1200	-0.0142	-0.1200	0.1200	-0.0142	-0.1200	1	1.00	0.1953	0.3686	-0.5543	1.659	1
127750	-0.149	0.232	-0.076	-5.16	-9.11	0.53	1.632	-5.060	3.687	0.223	-1.561	1.245	-0.0289	-0.1200	0.1200	-0.0289	-0.1200	0.1200	1	1.00	0.1953	0.3686	-0.5543	1.659	1
127758	-0.181	0.369	-0.179	-4.92	2.64	-3.11	2.732	-5.701	3.130	0.225	-1.564	1.247	-0.0903	0.1200	-0.0401	-0.0903	0.1200	-0.0401	1	1.00	0.1953	0.3686	-0.5543	1.659	1
127765	-0.032	0.247	-0.208	1.99	-3.65	-8.17	2.074	-6.077	4.344	0.227	-1.568	1.249	0.1200	-0.0156	-0.1200	0.1200	-0.0156	-0.1200	1	1.00	0.1953	0.3686	-0.5543	1.659	1
127773	-0.173	0.192	-0.014	-5.25	-9.34	3.59	2.006	-4.858	3.203	0.228	-1.570	1.251	-0.0593	-0.1200	0.1200	-0.0593	-0.1200	0.1200	1	1.00	0.1953	0.3686	-0.5543	1.659	1
127781	-0.139	0.344	-0.196	-4.23	2.24	-4.04	2.916	-5.577	2.952	0.230	-1.573	1.252	-0.0576	0.1200	-0.0643	-0.0576	0.1200	-0.0643	1	1.00	0.1953	0.3686	-0.5543	1.659	1
127789	-0.075	0.241	-0.160	1.04	-2.57	-8.73	2.168	-5.953	4.182	0.232	-1.577	1.254	0.1200	0.0159	-0.1200	0.1200	0.0159	-0.1200	1	1.00	0.1953	0.3686	-0.5543	1.659	1
127797	-0.185	0.145	0.044	-6.15	-10.54	2.84	2.420	-4.515	2.874	0.233	-1.580	1.256	-0.0599	-0.1200	0.1200	-0.0599	-0.1200	0.1200	1	1.00	0.1953	0.3686	-0.5543	1.659	1
127805	-0.127	0.275	-0.141	-4.95	0.57	-4.40	3.290	-4.793	2.738	0.236	-1.582	1.257	-0.0533	0.0992	-0.0455	-0.0533	0.0992	-0.0455	1	1.00	0.1953	0.3686	-0.5543	1.659	1
127813	-0.022	0.233	-0.204	-0.04	-3.70	-9.78	2.487	-5.413	4.066	0.238	-1.585	1.259	0.1200	0.0127	-0.1200	0.1200	0.0127	-0.1200	1	1.00	0.1953	0.3686	-0.5543	1.659	1
127820	-0.120	0.154	-0.030	-9.76	-9.92	3.19	2.796	-4.154	2.855	0.239	-1.587	1.261	-0.1183	-0.1200	0.1200	-0.1183	-0.1200	0.1200	1	1.00	0.1953	0.3686	-0.5543	1.659	1
127828	-0.115	0.280	-0.157	-2.68	0.88	-3.91	3.475	-4.573	2.419	0.242	-1.590	1.262	-0.0184	0.0839	-0.0667	-0.0184	0.0839	-0.0667	1	1.00	0.1953	0.3686	-0.5543	1.659	1
127836	-0.011	0.243	-0.226	2.30	-2.56	-9.68	2.616	-5.228	3.535	0.244	-1.592	1.263	0.1200	0.0172	-0.1200	0.1200	0.0172	-0.1200	1	1.00	0.1953	0.3686	-0.5543	1.659	1
127844	-0.156	0.197	-0.035	-7.99	-8.23	5.65	3.013	-4.411	2.337	0.246	-1.595	1.264	-0.1200	-0.1200	0.1200	-0.1200	-0.1200	0.1200	1	1.00	0.1953	0.3686	-0.5543	1.659	1
127852	-0.086	0.271	-0.178	0.37	1.30	-2.73	3.389	-4.683	1.982	0.249	-1.597	1.265	0.0286	0.0555	-0.0811	0.0286	0.0555	-0.0811	1	1.00	0.1953	0.3686	-0.5543	1.659	1
127860	-0.032	0.255	-0.217	0.49	-0.49	-6.24	2.466	-5.378	2.993	0.251	-1.600	1.266	0.0865	0.0455	-0.1200	0.0865	0.0455	-0.1200	1	1.00	0.1953	0.3686	-0.5543	1.659	1
127867	-0.148	0.162	-0.010	-6.07	-6.40	6.02	3.101	-4.665	1.809	0.253	-1.603	1.267	-0.1072	-0.1200	0.1200	-0.1072	-0.1200	0.1200	1	1.00	0.1953	0.3686	-0.5543	1.659	1
127875	-0.036	0.234	-0.191	0.78	2.10	-1.83	3.276	-4.663	1.744	0.255	-1.605	1.267	0.0319	0.0529	-0.0790	0.0319	0.0529	-0.0790	1	1.00	0.1953	0.3686	-0.5543	1.659	1
127883	-0.029	0.212	-0.177	-0.26	0.13	-3.88	2.625	-5.505	2.697	0.257	-1.608	1.268	0.0500	0.0345	-0.0751	0.0500	0.0345	-0.0751	1	1.00	0.1953	0.3685	-0.5543	1.659	1
127891	-0.102	0.136	-0.030	-4.16	-4.76	7.13	3.250	-4.943	1.405	0.259	-1.611	1.268	-0.0852	-0.1200	0.1200	-0.0852	-0.1200	0.1200	1	1.00	0.1953	0.3685	-0.5543	1.659	1
127899	-0.039	0.213	-0.169	4.07	3.51	-1.45	2.913	-5.044	1.400	0.262	-1.614	1.268	0.0762	0.0446	-0.1056	0.0762	0.0446	-0.1056	1	1.00	0.1953	0.3685	-0.5543	1.659	1
127907	-0.077	0.219	-0.136	1.25	2.46	-1.38	2.618	-5.892	1.960	0.263	-1.617	1.269	0.0301	0.0458	-0.0556	0.0301	0.0458	-0.0556	1	1.00	0.1953	0.3685	-0.5543	1.659	1
127914	-0.129	0.152	-0.019	-3.08	-3.16	9.94	3.335	-5.404	0.858	0.266	-1.620	1.269	-0.1053	-0.1200	0.1200	-0.1053	-0.1200	0.1200	1	1.00	0.1953	0.3685	-0.5543	1.659	1
127922	-0.013	0.212	-0.193	6.57	4.54	-1.81	2.787	-5.333	1.262	0.268	-1.623	1.269	0.1200	0.0449	-0.1200	0.1200	0.0449	-0.1200	1	1.00	0.1953	0.3685	-0.5543	1.659	1
127930	-0.047	0.191	-0.140	-2.84	2.17	0.57	2.712	-6.270	2.014	0.270	-1.626	1.269	-0.0467	0.0510	0.0184	-0.0467	0.0510	0.0184	1	1.00	0.1953	0.3685	-0.5543	1.659	1
127938	-0.070	0.070	0.002	-1.34	-0.83	9.25	3.593	-5.894	0.964	0.272	-1.630	1.269	-0.0750	-0.1122	0.1200	-0.0750	-0.1122	0.1200	1	1.00	0.1953	0.3685	-0.5543	1.659	1
127946	0.067	0.105	-0.170	6.33	3.13	-1.22	2.753	-5.891	1.604	0.275	-1.633	1.269	0.1200	-0.0089	-0.1134	0.1200	-0.0089	-0.1134	1	1.00	0.1953	0.3685	-0.5543	1.659	1
127953	-0.072	0.115	-0.040	-4.70	2.88	4.67	3.073	-7.141	2.174	0.277	-1.637	1.270	-0.1200	0.0243	0.1200	-0.1200	0.0243	0.1200	1	1.00	0.1953	0.3685	-0.5543	1.659	1
127961	-0.022	0.068	-0.045	4.10	0.73	5.11	3.435	-6.996	1.553	0.279	-1.642	1.270	0.0551	-0.1007	0.0637	0.0551	-0.1007	0.0637	1	1.00	0.1953	0.3685	-0.5543	1.659	1
127969	-0.009	0.097	-0.086	4.38	3.02	-3.06	2.344	-6.876	2.614	0.281	-1.646	1.271	0.1094	0.0136	-0.0995	0.1094	0.0136	-0.0995	1	1.00	0.1953	0.3685	-0.5543	1.659	1
127977	-0.168	0.135	0.037	-9.68	2.65	5.13	3.347	-7.953	3.242	0.283	-1.651	1.273	-0.1200	0.0544	0.1200	-0.1200	0.0544	0.1200	1	1.00	0.1953	0.3685	-0.5543	1.659	1
127985	-0.039	-0.020	0.058	-1.54	0.66	2.99	3.859	-7.654	2.920	0.286	-1.656	1.274	-0.0293	-0.0639	0.1028	-0.0293	-0.0639	0.1028	1	1.00	0.1953	0.3685	-0.5543	1.659	1
127992	0.020	0.023	-0.042	5.20	-0.55	-5.49	2.508	-7.460	4.147	0.288	-1.660	1.276	0.1200	-0.0614	-0.1057	0.1200	-0.0614	-0.1057	1	1.00	0.1953	0.3685	-0.5543	1.659	1
128000	-0.208	0.096	0.114	-9.77	3.89	2.07	3.015	-8.663	4.694	0.290	-1.666	1.279	-0.1200	0.0888	0.1200	-0.1200	0.0888	0.1200	1	1.00	0.1953	0.3685	-0.5543	1.659	1
128008	-0.174	0.026	0.149	-1.71	1.07	1.69	3.535	-8.514	3.898	0.293	-1.671	1.281	-0.0527	-0.0400	0.1052	-0.0527	-0.0400	0.1052	1	1.00	0.1953	0.3685	-0.5543	1.659	1
128016	-0.124	0.129	-0.001	4.14	-1.33	-6.19	2.024	-7.907	5.207	0.295	-1.676	1.284	0.1200	-0.0423	-0.0863	0.1200	-0.0423	-0.0863	1	1.00	0.1953	0.3685	-0.5543	1.659	1
128024	-0.353	0.250	0.109	-10.77	1.80	-2.88	2.423	-8.711	6.164	0.296	-1.682	1.287	-0.1200	0.1200	0.1056	-0.1200	0.1200	0.1056	1	1.00	0.1953	0.3685	-0.5543	1.659	1
128032	-0.375	0.141	0.237	-2.79	-2.51	-1.46	2.816	-8.255	5.646	0.298	-1.687	1.291	-0.0661	-0.0483	0.1146	-0.0661	-0.0483	0.1146	1	1.00	0.1953	0.3685	-0.5543	1.659	1
128040	-0.237	0.127	0.114	2.86	-6.59	-7.80	1.346	-6.981	6.838	0.299	-1.692	1.295	0.1200	-0.1141	-0.0335	0.1200	-0.1141	-0.0335	1	1.00	0.1953	0.3685	-0.5543	1.659	1
128048	-0.429	0.338	0.100	-10.37	1.75	-10.52	1.347	-7.889	8.316	0.300	-1.696	1.300	-0.1200	0.1200	-0.0268	-0.1200	0.1200	-0.0268	1	1.00	0.1953	0.3685	-0.5543	1.659	1
128055	-0.445	0.187	0.264	-5.46	-3.52	-3.07	1.739	-7.829	7.823	0.301	-1.701	1.306	-0.1197	-0.0238	0.1200	-0.1197	-0.0238	0.1200	1	1.00	0.1953	0.3685	-0.5543	1.659	1
128064	-0.308	0.183	0.130	3.63	-8.01	-5.25	-0.133	-6.541	8.383	0.301	-1.706	1.311	0.0934	-0.1200	0.0263	0.0934	-0.1200	0.0263	1	1.00	0.1953	0.3685	-0.5543	1.659	1
128071	-0.439	0.388	0.061	-5.76	2.38	-13.43	-0.474	-7.390	9.973	0.301	-1.710	1.318	-0.1126	0.1200	-0.1200	-0.1126	0.1200	-0.1200	1	1.00	0.1953	0.3685	-0.5543	1.659	1
128079	-0.529	0.305	0.232	-6.58	1.20	-4.14	0.079	-7.460	9.649	0.300	-1.715	1.325	-0.1200	0.1055	0.0861	-0.1200	0.1055	0.0861	1	1.00	0.1953	0.3685	-0.5543	1.659	1
128087	-0.314	0.253	0.068	5.53	-10.19	-4.33	-1.534	-5.778	9.277	0.299	-1.718	1.331	0.1200	-0.1200	0.0357	0.1200	-0.1200	0.0357	1	1.00	0.1953	0.3685	-0.5543	1.659	1
128095	-0.369	0.476	-0.094	-5.15	-1.09	-12.79	-1.963	-5.753	10.816	0.297	-1.721	1.338	-0.0798	0.1200	-0.1187	-0.0798	0.1200	-0.1187	1	1.00	0.1953	0.3685	-0.5543	1.659	1
128103	-0.469	0.428	0.051	-7.88	-0.85	-5.44	-0.874	-6.110	10.619	0.296	-1.725	1.346	-0.1200	0.1200	0.0549	-0.1200	0.1200	0.0549	1	1.00	0.1953	0.3685	-0.5543	1.659	1
128111	-0.218	0.259	-0.034	5.76	-11.94	-2.28	-2.158	-4.613	9.451	0.295	-1.728	1.352	0.1200	-0.1200	0.0594	0.1200	-0.1200	0.0594	1	1.00	0.1953	0.3685	-0.5543	1.659	1
128119	-0.248	0.396	-0.138	-0.70	-4.36	-9.31	-2.718	-4.303	10.022	0.292	-1.729	1.359	0.0128	0.0376	-0.0856	0.0128	0.0376	-0.0856	1	1.00	0.1953	0.3685	-0.5543	1.659	1
128126	-0.388	0.423	-0.024	-6.38	0.39	-6.70	-1.685	-5.100	9.917	0.290	-1.732	1.366	-0.1200	0.1200	-0.0080	-0.1200	0.1200	-0.0080	1	1.00	0.1953	0.3685	-0.5543	1.659	1
128134	-0.253	0.270	-0.010	3.71	-9.43	-2.00	-2.488	-4.115	8.844	0.289	-1.734	1.372	0.0698	-0.1200	0.0652	0.0698	-0.1200	0.0652	1	1.00	0.1953	0.3685	-0.5543	1.659	1
128142	-0.199	0.376	-0.167	1.69	-5.49	-6.99	-3.332	-3.331	8.676	0.286	-1.736	1.378	0.0544	-0.0162	-0.0669	0.0544	-0.0162	-0.0669	1	1.00	0.1953	0.3685	-0.5543	1.659	1
128150	-0.373	0.516	-0.129	-7.37	3.75	-4.83	-2.417	-4.591	8.994	0.283	-1.738	1.384	-0.1200	0.1200	-0.0164	-0.1200	0.1200	-0.0164	1	1.00	0.1953	0.3685	-0.5543	1.659	1
128158	-0.206	0.315	-0.101	4.49	-6.67	-1.84	-2.964	-4.040	8.258	0.281	-1.740	1.390	0.0710	-0.1193	0.0206	0.0710	-0.1193	0.0206	1	1.00	0.1953	0.3685	-0.5543	1.659	1
128166	-0.220	0.328	-0.099	2.49	-4.21	-1.55	-3.700	-3.196	7.571	0.278	-1.741	1.395	0.0091	-0.0494	0.0223	0.0091	-0.0494	0.0223	1	1.00	0.1953	0.3685	-0.5543	1.659	1
128174	-0.269	0.490	-0.207	-4.06	4.34	-4.94	-2.408	-4.608	7.916	0.275	-1.743	1.400	-0.1200	0.1200	-0.0703	-0.1200	0.1200	-0.0703	1	1.00	0.1953	0.3685	-0.5543	1.659	1
128182	-0.109	0.307	-0.189	7.33	-4.53	-4.29	-2.931	-4.273	7.705	0.273	-1.745	1.405	0.1200	-0.0844	-0.0827	0.1200	-0.0844	-0.0827	1	1.00	0.1953	0.3685	-0.5543	1.659	1
128189	-0.166	0.282	-0.109	2.92	-4.38	4.42	-3.308	-3.605	6.301	0.270	-1.747	1.409	-0.0148	-0.1138	0.1188	-0.0148	-0.1138	0.1188	1	1.00	0.1953	0.3685	-0.5543	1.659	1
128198	-0.130	0.459	-0.317	-1.95	7.06	-2.58	-1.831	-5.011	6.286	0.268	-1.749	1.413	-0.1146	0.1200	-0.0975	-0.1146	0.1200	-0.0975	1	1.00	0.1953	0.3685	-0.5543	1.659	1
128205	0.021	0.289	-0.302	9.15	-1.46	-4.94	-2.335	-5.117	6.875	0.266	-1.752	1.418	0.1200	-0.0443	-0.1200	0.1200	-0.0443	-0.1200	1	1.00	0.1953	0.3685	-0.5543	1.659	1
128213	-0.056	0.236	-0.174	3.32	-5.75	7.61	-2.353	-4.161	5.452	0.264	-1.754	1.421	0.0065	-0.1200	0.1200	0.0065	-0.1200	0.1200	1	1.00	0.1953	0.3685	-0.5543	1.659	1
128221	0.006	0.387	-0.383	0.87	5.83	-0.36	-0.867	-5.022	5.109	0.263	-1.756	1.424	-0.0403	0.1200	-0.0953	-0.0403	0.1200	-0.0953	1	1.00	0.1953	0.3685	-0.5543	1.659	1
128229	0.165	0.290	-0.448	6.71	-0.20	-4.82	-1.264	-5.752	6.188	0.262	-1.759	1.428	0.1200	-0.0055	-0.1200	0.1200	-0.0055	-0.1200	1	1.00	0.1953	0.3685	-0.5543	1.659	1
128237	0.119	0.149	-0.264	2.66	-6.23	4.20	-1.077	-4.390	5.072	0.261	-1.762	1.431	0.0709	-0.1200	0.0909	0.0709	-0.1200	0.0909	1	1.00	0.1953	0.3685	-0.5543	1.659	1
128244	0.090	0.265	-0.348	-2.40	4.73	2.10	0.428	-5.040	4.249	0.260	-1.764	1.433	-0.0696	0.1008	-0.0158	-0.0696	0.1008	-0.0158	1	1.00	0.1953	0.3685	-0.5543	1.658	1
128253	0.285	0.181	-0.461	6.40	0.01	-2.71	0.257	-5.828	5.280	0.261	-1.767	1.436	0.1200	-0.0420	-0.1200	0.1200	-0.0420	-0.1200	1	1.00	0.1953	0.3685	-0.5543	1.658	1
128260	0.202	0.098	-0.298	0.56	-5.39	2.71	0.505	-4.743	4.520	0.261	-1.770	1.439	0.0811	-0.1200	0.0621	0.0811	-0.1200	0.0621	1	1.00	0.1953	0.3685	-0.5543	1.658	1
128268	0.123	0.206	-0.323	-3.59	2.95	3.60	2.070	-5.608	3.714	0.262	-1.773	1.441	-0.0738	0.0473	0.0337	-0.0738	0.0473	0.0337	1	1.00	0.1953	0.3685	-0.5543	1.658	1
128276	0.270	0.177	-0.443	3.16	1.58	-2.52	2.164	-6.467	4.433	0.263	-1.776	1.443	0.1200	0.0052	-0.1200	0.1200	0.0052	-0.1200	1	1.00	0.1953	0.3685	-0.5543	1.658	1
128284	0.214	0.084	-0.296	-2.04	-4.89	3.12	2.323	-5.662	3.948	0.265	-1.780	1.445	0.0412	-0.1200	0.0827	0.0412	-0.1200	0.0827	1	1.00	0.1953	0.3685	-0.5543	1.658	1
128292	0.176	0.190	-0.361	-3.32	2.69	3.16	3.886	-6.108	3.276	0.267	-1.783	1.447	-0.0454	0.0340	0.0095	-0.0454	0.0340	0.0095	1	1.00	0.1953	0.3685	-0.5543	1.658	1
128299	0.259	0.137	-0.393	0.73	3.00	-3.42	4.024	-7.236	4.168	0.270	-1.787	1.449	0.0992	0.0421	-0.1200	0.0992	0.0421	-0.1200	1	1.00	0.1953	0.3685	-0.5543	1.658	1
128307	0.190	0.000	-0.191	-1.89	-5.77	3.12	4.205	-6.560	3.581	0.273	-1.791	1.451	0.0552	-0.1200	0.1037	0.0552	-0.1200	0.1037	1	1.00	0.1953	0.3685	-0.5543	1.658	1
128315	0.183	0.074	-0.254	-5.28	0.91	2.36	5.567	-6.829	3.129	0.277	-1.795	1.452	-0.0489	-0.0074	0.0443	-0.0489	-0.0074	0.0443	1	1.00	0.1953	0.3685	-0.5543	1.658	1
128323	0.273	0.060	-0.332	-1.23	1.29	-6.41	5.670	-7.823	4.346	0.282	-1.800	1.454	0.1137	0.0280	-0.1200	0.1137	0.0280	-0.1200	1	1.00	0.1953	0.3685	-0.5543	1.658	1
128331	0.204	-0.048	-0.157	-5.69	-4.98	2.63	5.772	-7.365	3.981	0.286	-1.804	1.456	-0.0058	-0.1200	0.1200	-0.0058	-0.1200	0.1200	1	1.00	0.1953	0.3685	-0.5543	1.658	1
128338	0.149	0.052	-0.200	-4.52	1.96	1.18	6.654	-7.593	3.516	0.291	-1.809	1.458	-0.0385	0.0027	0.0174	-0.0385	0.0027	0.0174	1	1.00	0.1953	0.3685	-0.5543	1.658	1
128346	0.181	0.051	-0.231	-2.43	2.22	-4.34	6.174	-8.544	4.920	0.296	-1.814	1.460	0.0485	0.0292	-0.0951	0.0485	0.0292	-0.0951	1	1.00	0.1953	0.3685	-0.5543	1.658	1
128354	0.043	-0.010	-0.033	-4.73	-3.25	4.80	5.985	-8.200	4.477	0.300	-1.819	1.463	-0.0553	-0.1200	0.1200	-0.0553	-0.1200	0.1200	1	1.00	0.1953	0.3685	-0.5543	1.658	1
128362	0.065	0.080	-0.142	-1.00	4.76	0.79	6.100	-8.323	4.228	0.305	-1.824	1.465	-0.0167	0.0298	-0.0250	-0.0167	0.0298	-0.0250	1	1.00	0.1953	0.3685	-0.5543	1.658	1
128370	0.068	0.105	-0.170	-1.01	5.44	-3.80	5.288	-9.050	5.449	0.309	-1.830	1.468	0.0162	0.0819	-0.1047	0.0162	0.0819	-0.1047	1	1.00	0.1953	0.3685	-0.5543	1.658	1
128378	-0.029	0.028	0.002	-3.62	-2.25	6.92	5.170	-8.442	4.989	0.313	-1.835	1.471	-0.0812	-0.1200	0.1200	-0.0812	-0.1200	0.1200	1	1.00	0.1953	0.3685	-0.5543	1.658	1
128385	-0.012	0.132	-0.117	0.49	5.61	1.72	4.856	-8.382	4.588	0.317	-1.840	1.473	-0.0254	0.0389	-0.0162	-0.0254	0.0389	-0.0162	1	1.00	0.1953	0.3685	-0.5543	1.658	1
128393	-0.008	0.156	-0.143	1.68	7.18	-2.84	4.363	-9.188	5.597	0.320	-1.846	1.476	0.0222	0.0956	-0.1152	0.0222	0.0956	-0.1152	1	1.00	0.1953	0.3685	-0.5543	1.658	1
128401	-0.104	0.077	0.029	1.26	-1.05	9.51	4.014	-8.416	4.603	0.323	-1.852	1.479	-0.0457	-0.1200	0.1200	-0.0457	-0.1200	0.1200	1	1.00	0.1953	0.3685	-0.5543	1.658	1
128409	-0.073	0.222	-0.143	3.68	8.11	2.48	3.850	-8.105	4.095	0.326	-1.857	1.481	-0.0109	0.0760	-0.0544	-0.0109	0.0760	-0.0544	1	1.00	0.1953	0.3685	-0.5543	1.658	1
128417	-0.104	0.269	-0.157	2.16	9.15	-2.33	3.334	-9.196	5.458	0.329	-1.862	1.484	-0.0103	0.1200	-0.1200	-0.0103	0.1200	-0.1200	1	1.00	0.1953	0.3685	-0.5543	1.658	1
128425	-0.201	0.162	0.043	1.73	-1.58	11.91	2.986	-8.300	4.265	0.331	-1.868	1.487	-0.0740	-0.1200	0.1200	-0.0740	-0.1200	0.1200	1	1.00	0.1953	0.3685	-0.5543	1.658	1
128432	-0.143	0.272	-0.122	6.47	7.29	4.43	2.681	-7.836	3.753	0.333	-1.873	1.489	0.0116	0.0382	-0.0298	0.0116	0.0382	-0.0298	1	1.00	0.1953	0.3685	-0.5543	1.658	1
128440	-0.090	0.314	-0.216	5.10	9.86	-0.17	2.329	-9.003	5.071	0.334	-1.878	1.491	0.0177	0.1200	-0.1200	0.0177	0.1200	-0.1200	1	1.00	0.1953	0.3685	-0.5543	1.658	1
128448	-0.130	0.179	-0.044	3.82	1.48	9.70	2.150	-8.238	4.198	0.336	-1.883	1.494	-0.0302	-0.1096	0.1200	-0.0302	-0.1096	0.1200	1	1.00	0.1953	0.3685	-0.5543	1.658	1
128456	-0.103	0.265	-0.155	7.32	5.17	4.64	1.843	-7.374	3.638	0.337	-1.888	1.495	0.0480	-0.0055	-0.0202	0.0480	-0.0055	-0.0202	1	1.00	0.1953	0.3685	-0.5543	1.658	1
128464	-0.130	0.361	-0.222	0.78	9.51	0.08	1.959	-8.494	4.839	0.338	-1.893	1.498	-0.0651	0.1200	-0.0825	-0.0651	0.1200	-0.0825	1	1.00	0.1953	0.3685	-0.5543	1.658	1
128471	-0.135	0.217	-0.076	4.84	1.21	6.32	2.171	-7.972	4.170	0.340	-1.898	1.500	0.0179	-0.0857	0.0830	0.0179	-0.0857	0.0830	1	1.00	0.1953	0.3685	-0.5543	1.658	1
128479	-0.084	0.247	-0.157	8.80	2.54	4.09	1.652	-7.024	3.707	0.341	-1.902	1.502	0.1018	-0.0629	-0.0219	0.1018	-0.0629	-0.0219	1	1.00	0.1953	0.3685	-0.5543	1.658	1
128487	-0.162	0.380	-0.209	-0.42	8.46	0.84	2.081	-8.197	4.595	0.342	-1.907	1.504	-0.0901	0.1200	-0.0495	-0.0901	0.1200	-0.0495	1	1.00	0.1953	0.3685	-0.5543	1.658	1
128495	-0.146	0.254	-0.102	4.90	1.73	4.58	2.279	-7.913	4.105	0.344	-1.912	1.506	0.0283	-0.0545	0.0421	0.0283	-0.0545	0.0421	1	1.00	0.1953	0.3685	-0.5543	1.658	1
128503	-0.122	0.261	-0.132	6.55	1.04	6.04	1.525	-6.824	3.678	0.345	-1.916	1.508	0.0497	-0.0835	0.0495	0.0497	-0.0835	0.0495	1	1.00	0.1953	0.3685	-0.5543	1.658	1
128511	-0.155	0.407	-0.242	-1.12	9.60	0.08	2.259	-7.743	4.277	0.346	-1.920	1.510	-0.1041	0.1200	-0.0767	-0.1041	0.1200	-0.0767	1	1.00	0.1953	0.3685	-0.5543	1.658	1
128518	-0.100	0.243	-0.137	5.49	3.18	1.47	2.373	-7.488	4.280	0.348	-1.925	1.513	0.0603	-0.0087	-0.0394	0.0603	-0.0087	-0.0394	1	1.00	0.1953	0.3685	-0.5543	1.658	1
128527	-0.127	0.247	-0.114	5.15	-1.92	9.04	1.454	-6.076	3.373	0.349	-1.929	1.514	0.0202	-0.1200	0.1200	0.0202	-0.1200	0.1200	1	1.00	0.1953	0.3685	-0.5543	1.658	1
128534	-0.200	0.475	-0.262	-1.65	10.54	-0.55	2.109	-6.676	3.616	0.350	-1.932	1.516	-0.1200	0.1200	-0.1005	-0.1200	0.1200	-0.1005	1	1.00	0.1953	0.3685	-0.5543	1.658	1
128542	-0.167	0.334	-0.158	5.42	4.89	-0.81	1.931	-6.904	4.189	0.352	-1.936	1.518	0.0483	0.0650	-0.0972	0.0483	0.0650	-0.0972	1	1.00	0.1953	0.3685	-0.5543	1.658	1
128550	-0.133	0.194	-0.055	7.03	-5.19	10.54	1.214	-5.405	2.826	0.352	-1.939	1.519	0.0643	-0.1200	0.1200	0.0643	-0.1200	0.1200	1	1.00	0.1953	0.3685	-0.5543	1.658	1
128558	-0.126	0.366	-0.231	1.60	5.93	2.62	1.849	-5.458	2.614	0.353	-1.942	1.520	-0.0470	0.1047	-0.0366	-0.0470	0.1047	-0.0366	1	1.00	0.1953	0.3685	-0.5543	1.658	1
128566	-0.030	0.339	-0.300	4.42	3.62	-3.39	1.843	-6.112	3.898	0.355	-1.945	1.522	0.0909	0.0772	-0.1200	0.0909	0.0772	-0.1200	1	1.00	0.1953	0.3685	-0.5543	1.658	1
128573	-0.092	0.188	-0.091	1.73	-5.43	7.19	1.629	-4.809	2.986	0.356	-1.948	1.523	0.0107	-0.1200	0.1200	0.0107	-0.1200	0.1200	1	1.00	0.1953	0.3685	-0.5543	1.658	1
128581	-0.117	0.296	-0.171	0.66	4.17	4.58	2.323	-4.512	2.168	0.357	-1.950	1.524	-0.0669	0.0528	0.0239	-0.0669	0.0528	0.0239	1	1.00	0.1953	0.3685	-0.5543	1.658	1
128589	-0.016	0.340	-0.315	3.91	5.25	-2.29	2.154	-5.611	3.456	0.359	-1.953	1.525	0.0611	0.1041	-0.1200	0.0611	0.1041	-0.1200	1	1.00	0.1953	0.3685	-0.5543	1.658	1
128597	-0.052	0.183	-0.127	0.51	-3.78	4.43	2.009	-4.758	3.045	0.360	-1.955	1.526	0.0089	-0.1151	0.1034	0.0089	-0.1151	0.1034	1	1.00	0.1953	0.3685	-0.5543	1.658	1
128605	-0.065	0.224	-0.153	0.70	1.45	3.77	2.637	-4.335	2.268	0.362	-1.957	1.527	-0.0266	-0.0059	0.0335	-0.0266	-0.0059	0.0335	1	1.00	0.1953	0.3685	-0.5543	1.658	1
128613	0.018	0.264	-0.275	2.12	5.03	-3.88	2.464	-5.372	3.464	0.363	-1.960	1.528	0.0525	0.1124	-0.1200	0.0525	0.1124	-0.1200	1	1.00	0.1953	0.3685	-0.5543	1.658	1
128620	-0.051	0.137	-0.082	-0.66	-5.09	4.59	2.306	-4.878	3.168	0.365	-1.962	1.530	-0.0012	-0.1200	0.1200	-0.0012	-0.1200	0.1200	1	1.00	0.1953	0.3685	-0.5543	1.658	1
128628	-0.070	0.192	-0.117	0.24	-0.51	4.07	2.939	-4.264	2.352	0.367	-1.964	1.531	-0.0223	-0.0477	0.0646	-0.0223	-0.0477	0.0646	1	1.00	0.1953	0.3685	-0.5542	1.658	1
128636	-0.006	0.292	-0.278	1.68	6.25	-5.08	2.735	-5.579	3.609	0.369	-1.967	1.532	0.0410	0.1200	-0.1200	0.0410	0.1200	-0.1200	1	1.00	0.1953	0.3685	-0.5542	1.658	1
128644	-0.088	0.173	-0.080	0.45	-4.38	2.98	2.375	-5.215	3.469	0.371	-1.969	1.534	0.0189	-0.1198	0.0945	0.0189	-0.1198	0.0945	1	1.00	0.1953	0.3685	-0.5542	1.658	1
128652	-0.132	0.217	-0.079	0.27	0.42	6.81	2.728	-4.859	2.475	0.372	-1.972	1.535	-0.0646	-0.0508	0.1159	-0.0646	-0.0508	0.1159	1	1.00	0.1953	0.3685	-0.5542	1.658	1
128660	-0.059	0.313	-0.245	2.89	8.70	-4.19	2.454	-6.196	3.635	0.374	-1.975	1.536	0.0251	0.1200	-0.1200	0.0251	0.1200	-0.1200	1	1.00	0.1953	0.3685	-0.5542	1.658	1
128668	-0.116	0.212	-0.091	1.85	-2.11	2.47	1.981	-6.016	3.972	0.375	-1.978	1.538	0.0239	-0.0813	0.0592	0.0239	-0.0813	0.0592	1	1.00	0.1953	0.3685	-0.5542	1.658	1
128675	-0.175	0.260	-0.078	1.09	-0.46	6.35	2.241	-5.238	3.084	0.377	-1.981	1.539	-0.0497	-0.0627	0.1144	-0.0497	-0.0627	0.1144	1	1.00	0.1953	0.3685	-0.5542	1.658	1
128683	-0.093	0.351	-0.249	2.90	8.23	-4.58	2.030	-6.364	4.052	0.378	-1.984	1.541	0.0243	0.1200	-0.1200	0.0243	0.1200	-0.1200	1	1.00	0.1953	0.3685	-0.5542	1.658	1
128691	-0.113	0.228	-0.109	1.00	-0.51	3.21	1.567	-6.125	4.288	0.379	-1.987	1.543	-0.0120	-0.0479	0.0655	-0.0120	-0.0479	0.0655	1	1.00	0.1953	0.3685	-0.5542	1.658	1
128699	-0.169	0.249	-0.073	2.77	0.18	5.62	1.881	-5.141	2.860	0.380	-1.990	1.545	-0.0181	-0.0588	0.0835	-0.0181	-0.0588	0.0835	1	1.00	0.1953	0.3685	-0.5542	1.658	1
128707	-0.062	0.374	-0.302	4.49	8.93	-5.70	1.678	-5.917	3.759	0.382	-1.993	1.546	0.0609	0.1200	-0.1200	0.0609	0.1200	-0.1200	1	1.00	0.1953	0.3685	-0.5542	1.658	1
128715	-0.088	0.272	-0.176	-0.60	-0.71	1.10	1.674	-5.964	4.095	0.383	-1.996	1.548	-0.0127	-0.0106	0.0303	-0.0127	-0.0106	0.0303	1	1.00	0.1953	0.3685	-0.5542	1.658	1
128723	-0.133	0.212	-0.073	0.74	-4.09	5.67	2.094	-4.446	2.671	0.384	-1.999	1.550	-0.0120	-0.1200	0.1200	-0.0120	-0.1200	0.1200	1	1.00	0.1953	0.3685	-0.5542	1.658	1
128730	-0.076	0.385	-0.298	3.50	6.44	-4.13	1.844	-5.199	3.424	0.385	-2.001	1.551	0.0460	0.1200	-0.1200	0.0460	0.1200	-0.1200	1	1.00	0.1953	0.3685	-0.5542	1.658	1
128738	-0.131	0.346	-0.206	0.00	0.90	-1.53	1.814	-5.573	3.908	0.386	-2.004	1.553	-0.0021	0.0527	-0.0432	-0.0021	0.0527	-0.0432	1	1.00	0.1953	0.3685	-0.5542	1.658	1
128746	-0.147	0.275	-0.121	0.89	-5.09	7.59	1.945	-4.092	2.487	0.387	-2.006	1.554	-0.0221	-0.1200	0.1200	-0.0221	-0.1200	0.1200	1	1.00	0.1953	0.3685	-0.5542	1.658	1
128754	-0.097	0.443	-0.334	2.06	4.68	-3.14	1.696	-4.326	2.861	0.389	-2.007	1.555	0.0216	0.1200	-0.1200	0.0216	0.1200	-0.1200	1	1.00	0.1953	0.3685	-0.5542	1.658	1
128762	-0.137	0.388	-0.241	-1.09	0.72	-0.69	1.771	-4.748	3.240	0.390	-2.010	1.556	-0.0286	0.0657	-0.0295	-0.0286	0.0657	-0.0295	1	1.00	0.1953	0.3685	-0.5542	1.658	1
128770	-0.117	0.309	-0.183	3.31	-5.39	5.99	1.767	-3.270	1.932	0.391	-2.011	1.557	0.0408	-0.1200	0.0988	0.0408	-0.1200	0.0988	1	1.00	0.1953	0.3685	-0.5542	1.658	1
128778	-0.082	0.414	-0.321	2.61	4.31	-4.81	1.572	-3.202	2.098	0.392	-2.012	1.557	0.0504	0.1200	-0.1200	0.0504	0.1200	-0.1200	1	1.00	0.1953	0.3685	-0.5542	1.658	1
128786	-0.138	0.368	-0.220	-3.36	-0.25	1.28	1.901	-3.956	2.654	0.393	-2.013	1.558	-0.0782	0.0510	0.0313	-0.0782	0.0510	0.0313	1	1.00	0.1953	0.3685	-0.5542	1.658	1
128793	-0.071	0.244	-0.167	3.70	-4.12	5.19	1.621	-2.877	1.401	0.394	-2.014	1.558	0.0543	-0.1200	0.0721	0.0543	-0.1200	0.0721	1	1.00	0.1953	0.3685	-0.5542	1.658	1
128801	-0.050	0.326	-0.267	3.95	2.37	-1.99	1.412	-3.094	1.511	0.395	-2.015	1.558	0.0734	0.0646	-0.1200	0.0734	0.0646	-0.1200	1	1.00	0.1953	0.3685	-0.5542	1.658	1
128809	-0.065	0.296	-0.223	-2.93	0.74	2.61	2.157	-4.015	1.985	0.396	-2.016	1.558	-0.0719	0.0404	0.0393	-0.0719	0.0404	0.0393	1	1.00	0.1953	0.3685	-0.5542	1.658	1
128817	0.019	0.221	-0.234	5.31	-3.96	2.24	2.057	-3.067	1.189	0.397	-2.018	1.558	0.1200	-0.1198	-0.0101	0.1200	-0.1198	-0.0101	1	1.00	0.1953	0.3685	-0.5542	1.658	1
128825	-0.016	0.264	-0.241	-1.60	0.54	-0.53	2.198	-3.084	1.319	0.399	-2.018	1.558	-0.0105	0.0510	-0.0347	-0.0105	0.0510	-0.0347	1	1.00	0.1953	0.3685	-0.5542	1.658	1
128832	-0.056	0.249	-0.186	-3.92	2.80	2.60	3.281	-4.235	1.559	0.401	-2.020	1.558	-0.1001	0.0730	0.0323	-0.1001	0.0730	0.0323	1	1.00	0.1953	0.3685	-0.5542	1.658	1
128840	0.088	0.108	-0.194	6.07	-3.20	-0.02	2.670	-3.283	0.941	0.403	-2.021	1.557	0.1200	-0.1192	-0.0565	0.1200	-0.1192	-0.0565	1	1.00	0.1953	0.3685	-0.5542	1.658	1
128848	-0.017	0.186	-0.164	-2.10	0.97	3.88	2.781	-3.416	0.705	0.404	-2.022	1.557	-0.0569	0.0086	0.0552	-0.0569	0.0086	0.0552	1	1.00	0.1953	0.3685	-0.5542	1.658	1
128856	0.047	0.250	-0.291	-0.68	4.22	0.90	3.781	-4.728	0.768	0.407	-2.024	1.556	-0.0118	0.0855	-0.0609	-0.0118	0.0855	-0.0609	1	1.00	0.1953	0.3685	-0.5542	1.658	1
128864	0.111	0.067	-0.176	6.83	-3.36	2.24	2.683	-4.008	0.471	0.409	-2.026	1.555	0.1200	-0.1200	-0.0160	0.1200	-0.1200	-0.0160	1	1.00	0.1953	0.3685	-0.5542	1.658	1
128872	-0.003	0.140	-0.133	-3.24	0.71	9.93	3.124	-4.052	-0.359	0.411	-2.027	1.554	-0.1156	-0.0464	0.1200	-0.1156	-0.0464	0.1200	1	1.00	0.1953	0.3685	-0.5542	1.658	1
128880	0.072	0.241	-0.306	2.07	8.06	-1.05	4.171	-5.199	0.004	0.414	-2.030	1.552	0.0329	0.1200	-0.1200	0.0329	0.1200	-0.1200	1	1.00	0.1953	0.3685	-0.5542	1.658	1
128887	0.096	0.047	-0.141	7.33	-1.71	3.99	2.907	-4.832	0.219	0.416	-2.032	1.551	0.1200	-0.1200	0.0055	0.1200	-0.1200	0.0055	1	1.00	0.1953	0.3685	-0.5542	1.658	1
128895	-0.018	0.126	-0.104	-2.25	0.89	11.41	3.668	-4.375	-1.100	0.419	-2.034	1.550	-0.1099	-0.0673	0.1200	-0.1099	-0.0673	0.1200	1	1.00	0.1953	0.3685	-0.5542	1.658	1
128903	0.019	0.218	-0.231	0.35	11.10	0.70	4.504	-5.614	-0.582	0.422	-2.036	1.548	-0.0428	0.1200	-0.1200	-0.0428	0.1200	-0.1200	1	1.00	0.1953	0.3685	-0.5542	1.658	1
128911	0.072	0.066	-0.137	7.77	-0.74	5.55	3.344	-5.310	-0.155	0.424	-2.039	1.546	0.1200	-0.1200	0.0047	0.1200	-0.1200	0.0047	1	1.00	0.1953	0.3685	-0.5542	1.658	1
128919	-0.075	0.168	-0.089	0.33	3.48	11.31	3.725	-4.829	-1.626	0.427	-2.042	1.544	-0.0927	-0.0322	0.1200	-0.0927	-0.0322	0.1200	1	1.00	0.1953	0.3685	-0.5542	1.658	1
128927	-0.007	0.243	-0.230	3.04	11.72	0.37	4.414	-5.987	-0.863	0.430	-2.044	1.542	-0.0007	0.1200	-0.1200	-0.0007	0.1200	-0.1200	1	1.00	0.1953	0.3685	-0.5542	1.658	1
128934	0.027	0.053	-0.079	6.56	-1.67	4.20	3.265	-5.584	0.239	0.432	-2.047	1.541	0.1200	-0.1200	0.0309	0.1200	-0.1200	0.0309	1	1.00	0.1953	0.3685	-0.5542	1.658	1
128942	-0.155	0.122	0.037	-1.53	0.54	9.34	3.638	-4.892	-0.967	0.435	-2.050	1.539	-0.1019	-0.0652	0.1200	-0.1019	-0.0652	0.1200	1	1.00	0.1953	0.3685	-0.5542	1.658	1
128950	-0.074	0.204	-0.125	1.11	11.27	-0.33	4.235	-5.992	0.067	0.438	-2.053	1.537	-0.0430	0.1200	-0.1200	-0.0430	0.1200	-0.1200	1	1.00	0.1953	0.3685	-0.5542	1.658	1
128958	-0.007	0.046	-0.038	7.31	-0.82	1.86	2.774	-5.734	1.235	0.440	-2.056	1.537	0.1200	-0.1200	-0.0100	0.1200	-0.1200	-0.0100	1	1.00	0.1953	0.3685	-0.5542	1.658	1
128966	-0.160	0.125	0.038	-1.73	1.66	9.16	2.921	-5.102	-0.116	0.442	-2.058	1.536	-0.1186	-0.0425	0.1200	-0.1186	-0.0425	0.1200	1	1.00	0.1953	0.3685	-0.5542	1.658	1
128974	-0.089	0.208	-0.114	2.98	11.42	-0.34	3.296	-6.236	0.568	0.444	-2.061	1.535	-0.0177	0.1200	-0.1200	-0.0177	0.1200	-0.1200	1	1.00	0.1953	0.3685	-0.5542	1.658	1
128982	-0.033	0.094	-0.059	4.40	-0.04	2.72	2.018	-5.984	1.408	0.446	-2.065	1.535	0.0802	-0.0824	0.0267	0.0802	-0.0824	0.0267	1	1.00	0.1953	0.3685	-0.5542	1.658	1
128989	-0.157	0.147	0.014	-0.97	2.23	9.21	2.494	-5.206	-0.045	0.447	-2.067	1.534	-0.1103	-0.0334	0.1200	-0.1103	-0.0334	0.1200	1	1.00	0.1953	0.3685	-0.5542	1.658	1
128997	-0.087	0.230	-0.136	6.19	10.55	0.07	2.550	-6.267	0.679	0.449	-2.070	1.533	0.0401	0.1200	-0.1200	0.0401	0.1200	-0.1200	1	1.00	0.1953	0.3685	-0.5542	1.658	1
129005	-0.073	0.135	-0.059	5.21	0.48	3.40	1.593	-6.186	1.400	0.450	-2.074	1.533	0.0765	-0.0762	0.0303	0.0765	-0.0762	0.0303	1	1.00	0.1953	0.3685	-0.5542	1.658	1
129013	-0.220	0.128	0.096	-2.25	0.71	9.68	2.374	-5.349	-0.142	0.451	-2.077	1.532	-0.1200	-0.0579	0.1200	-0.1200	-0.0579	0.1200	1	1.00	0.1953	0.3685	-0.5542	1.658	1
129021	-0.090	0.193	-0.098	6.00	9.12	0.21	2.436	-6.317	0.559	0.453	-2.080	1.531	0.0482	0.1125	-0.1183	0.0482	0.1125	-0.1183	1	1.00	0.1953	0.3685	-0.5542	1.658	1
129028	-0.104	0.125	-0.018	4.89	0.95	3.79	1.304	-6.266	1.141	0.454	-2.083	1.530	0.0590	-0.0685	0.0464	0.0590	-0.0685	0.0464	1	1.00	0.1953	0.3685	-0.5542	1.658	1
129036	-0.221	0.169	0.057	-0.24	2.97	10.38	2.036	-5.586	-0.372	0.455	-2.086	1.529	-0.1200	-0.0298	0.1200	-0.1200	-0.0298	0.1200	1	1.00	0.1953	0.3685	-0.5542	1.658	1
129044	-0.153	0.239	-0.079	6.51	9.10	1.73	1.932	-6.455	0.400	0.456	-2.089	1.528	0.0319	0.1064	-0.0889	0.0319	0.1064	-0.0889	1	1.00	0.1953	0.3685	-0.5542	1.658	1
129052	-0.150	0.136	0.018	5.98	0.15	4.98	0.884	-6.208	0.975	0.457	-2.093	1.528	0.0644	-0.0975	0.0732	0.0644	-0.0975	0.0732	1	1.00	0.1953	0.3685	-0.5542	1.658	1
129060	-0.278	0.189	0.094	-2.17	3.21	8.38	1.589	-5.484	0.106	0.458	-2.096	1.527	-0.1200	0.0121	0.1200	-0.1200	0.0121	0.1200	1	1.00	0.1953	0.3685	-0.5542	1.658	1
129067	-0.168	0.214	-0.040	4.66	7.98	-2.06	1.607	-6.360	1.266	0.459	-2.099	1.526	0.0350	0.1200	-0.1172	0.0350	0.1200	-0.1172	1	1.00	0.1953	0.3685	-0.5542	1.658	1
129075	-0.218	0.120	0.101	3.01	-3.76	2.97	0.522	-5.565	2.154	0.459	-2.102	1.526	0.0400	-0.1200	0.1159	0.0400	-0.1200	0.1159	1	1.00	0.1953	0.3685	-0.5542	1.658	1
129083	-0.336	0.221	0.121	-2.93	1.92	3.98	1.305	-5.155	1.434	0.459	-2.104	1.526	-0.1200	0.0360	0.1200	-0.1200	0.0360	0.1200	1	1.00	0.1953	0.3685	-0.5542	1.658	1
129091	-0.261	0.261	0.007	2.89	5.74	-4.82	1.014	-6.077	2.999	0.460	-2.107	1.527	0.0171	0.1200	-0.1158	0.0171	0.1200	-0.1158	1	1.00	0.1953	0.3685	-0.5542	1.658	1
129099	-0.317	0.180	0.141	1.05	-7.25	3.03	-0.240	-5.127	3.616	0.460	-2.110	1.529	-0.0126	-0.1200	0.1200	-0.0126	-0.1200	0.1200	1	1.00	0.1953	0.3685	-0.5542	1.658	1
129106	-0.410	0.318	0.101	-1.34	-0.19	2.28	0.038	-4.586	2.941	0.459	-2.112	1.530	-0.1116	0.0198	0.1114	-0.1116	0.0198	0.1114	1	1.00	0.1953	0.3685	-0.5542	1.658	1
129114	-0.331	0.370	-0.028	3.80	5.62	-7.62	-0.717	-5.616	4.658	0.458	-2.114	1.532	0.0147	0.1200	-0.1200	0.0147	0.1200	-0.1200	1	1.00	0.1953	0.3685	-0.5542	1.658	1
129122	-0.370	0.218	0.158	1.79	-6.51	2.29	-1.914	-4.741	4.925	0.457	-2.117	1.535	-0.0222	-0.1200	0.1200	-0.0222	-0.1200	0.1200	1	1.00	0.1953	0.3685	-0.5542	1.658	1
129130	-0.416	0.312	0.112	0.04	-0.73	0.37	-1.841	-3.887	4.206	0.455	-2.118	1.537	-0.0938	0.0181	0.0815	-0.0938	0.0181	0.0815	1	1.00	0.1953	0.3685	-0.5542	1.658	1
129138	-0.309	0.334	-0.017	3.63	4.68	-7.78	-2.284	-5.125	5.751	0.453	-2.120	1.540	0.0150	0.1200	-0.1200	0.0150	0.1200	-0.1200	1	1.00	0.1953	0.3685	-0.5542	1.658	1
129146	-0.317	0.188	0.134	2.83	-7.12	1.86	-3.426	-4.294	5.864	0.450	-2.123	1.544	0.0062	-0.1200	0.1200	0.0062	-0.1200	0.1200	1	1.00	0.1953	0.3685	-0.5542	1.658	1
129154	-0.349	0.280	0.077	0.88	-1.67	0.90	-3.168	-3.441	4.770	0.447	-2.124	1.546	-0.0695	-0.0128	0.0895	-0.0695	-0.0128	0.0895	1	1.00	0.1953	0.3685	-0.5542	1.658	1
129161	-0.250	0.363	-0.104	2.32	5.35	-7.03	-3.245	-4.644	6.007	0.444	-2.125	1.550	-0.0127	0.1200	-0.1200	-0.0127	0.1200	-0.1200	1	1.00	0.1953	0.3685	-0.5542	1.658	1
129169	-0.228	0.207	0.026	3.88	-7.05	-1.80	-4.120	-4.000	6.307	0.441	-2.127	1.554	0.0703	-0.1200	0.0618	0.0703	-0.1200	0.0618	1	1.00	0.1953	0.3685	-0.5542	1.658	1
129177	-0.311	0.260	0.057	-0.62	-2.25	1.61	-3.725	-3.226	4.900	0.437	-2.128	1.557	-0.0912	-0.0185	0.1186	-0.0912	-0.0185	0.1186	1	1.00	0.1953	0.3685	-0.5542	1.658	1
129185	-0.215	0.330	-0.106	3.44	4.21	-7.22	-3.572	-4.434	5.872	0.434	-2.130	1.560	0.0243	0.1200	-0.1200	0.0243	0.1200	-0.1200	1	1.00	0.1953	0.3685	-0.5542	1.658	1
129193	-0.149	0.198	-0.044	3.82	-6.70	-3.78	-4.233	-3.939	6.247	0.430	-2.131	1.564	0.1005	-0.1097	0.0112	0.1005	-0.1097	0.0112	1	1.00	0.1953	0.3685	-0.5542	1.658	1
129201	-0.248	0.210	0.043	-2.18	-2.34	1.88	-3.521	-3.354	4.863	0.427	-2.132	1.566	-0.1054	-0.0207	0.1200	-0.1054	-0.0207	0.1200	1	1.00	0.1953	0.3685	-0.5542	1.658	1
129208	-0.062	0.231	-0.163	4.73	2.48	-8.17	-3.218	-4.468	5.397	0.424	-2.134	1.569	0.1046	0.0904	-0.1200	0.1046	0.0904	-0.1200	1	1.00	0.1953	0.3685	-0.5542	1.658	1
129216	-0.049	0.135	-0.082	1.60	-6.87	-4.03	-3.799	-4.107	5.762	0.421	-2.136	1.573	0.0911	-0.1056	0.0186	0.0911	-0.1056	0.0186	1	1.00	0.1953	0.3685	-0.5542	1.658	1
129224	-0.131	0.166	-0.030	-4.75	-2.46	1.93	-2.545	-3.722	4.320	0.418	-2.137	1.575	-0.1183	-0.0139	0.1200	-0.1183	-0.0139	0.1200	1	1.00	0.1953	0.3685	-0.5542	1.658	1
129232	0.026	0.197	-0.218	3.33	1.71	-8.42	-2.205	-4.760	5.128	0.416	-2.139	1.578	0.1117	0.0794	-0.1200	0.1117	0.0794	-0.1200	1	1.00	0.1953	0.3685	-0.5542	1.658	1
129240	0.005	0.124	-0.125	-0.94	-7.05	-5.33	-2.381	-4.437	5.309	0.414	-2.141	1.581	0.0781	-0.0837	0.0048	0.0781	-0.0837	0.0048	1	1.00	0.1953	0.3685	-0.5542	1.658	1
129247	-0.068	0.144	-0.073	-6.39	-5.87	0.85	-0.793	-4.128	4.171	0.412	-2.142	1.583	-0.0899	-0.0647	0.1200	-0.0899	-0.0647	0.1200	1	1.00	0.1953	0.3685	-0.5542	1.658	1
129255	0.089	0.188	-0.271	1.68	1.15	-11.92	-0.746	-4.992	4.828	0.412	-2.144	1.585	0.1200	0.1055	-0.1200	0.1200	0.1055	-0.1200	1	1.00	0.1953	0.3685	-0.5542	1.658	1
129263	0.065	0.119	-0.181	-4.38	-8.14	-6.51	-0.837	-5.090	5.183	0.410	-2.147	1.588	0.0576	-0.0732	0.0081	0.0576	-0.0732	0.0081	1	1.00	0.1953	0.3685	-0.5542	1.658	1
129271	-0.026	0.105	-0.076	-6.53	-6.47	0.42	0.581	-4.350	3.691	0.410	-2.149	1.590	-0.0535	-0.0832	0.1200	-0.0535	-0.0832	0.1200	1	1.00	0.1953	0.3685	-0.5542	1.658	1
129279	0.175	0.207	-0.376	0.82	2.01	-13.92	0.401	-5.505	4.533	0.410	-2.151	1.592	0.1200	0.1200	-0.1200	0.1200	0.1200	-0.1200	1	1.00	0.1953	0.3685	-0.5542	1.658	1
129287	0.192	0.039	-0.230	-6.77	-7.75	-6.20	0.461	-5.509	4.770	0.410	-2.154	1.595	0.0585	-0.0699	0.0157	0.0585	-0.0699	0.0157	1	1.00	0.1953	0.3685	-0.5542	1.658	1
129295	0.103	0.033	-0.136	-8.03	-9.24	-0.17	1.570	-4.935	3.602	0.411	-2.156	1.597	-0.0189	-0.1200	0.1200	-0.0189	-0.1200	0.1200	1	1.00	0.1953	0.3685	-0.5542	1.658	1
129303	0.236	0.106	-0.339	-5.88	1.83	-14.77	1.818	-5.867	4.617	0.412	-2.159	1.599	0.0829	0.1200	-0.1200	0.0829	0.1200	-0.1200	1	1.00	0.1953	0.3685	-0.5542	1.658	1
129311	0.198	0.012	-0.210	-9.47	-7.88	-6.23	2.230	-6.332	4.747	0.413	-2.162	1.602	0.0213	-0.0642	0.0386	0.0213	-0.0642	0.0386	1	1.00	0.1953	0.3685	-0.5542	1.658	1
129319	0.184	0.028	-0.211	-7.94	-9.35	-1.84	3.097	-5.588	3.498	0.415	-2.165	1.603	0.0210	-0.1200	0.1014	0.0210	-0.1200	0.1014	1	1.00	0.1953	0.3685	-0.5542	1.658	1
129326	0.262	0.151	-0.409	-7.14	0.56	-14.67	3.267	-6.735	4.379	0.418	-2.168	1.605	0.0846	0.1200	-0.1200	0.0846	0.1200	-0.1200	1	1.00	0.1953	0.3685	-0.5542	1.658	1
129334	0.169	0.092	-0.259	-12.07	-8.08	-7.65	3.909	-7.203	4.314	0.420	-2.173	1.608	-0.0051	-0.0252	0.0244	-0.0051	-0.0252	0.0244	1	1.00	0.1953	0.3685	-0.5542	1.658	1
129342	0.154	0.098	-0.249	-8.96	-10.98	-3.31	4.333	-6.089	3.178	0.423	-2.176	1.609	0.0306	-0.1200	0.0870	0.0306	-0.1200	0.0870	1	1.00	0.1953	0.3685	-0.5542	1.658	1
129350	0.155	0.234	-0.383	-9.96	0.22	-14.57	4.369	-6.945	3.904	0.426	-2.179	1.611	0.0216	0.1200	-0.1200	0.0216	0.1200	-0.1200	1	1.00	0.1953	0.3685	-0.5542	1.658	1
129358	0.128	0.162	-0.286	-13.61	-6.36	-6.46	5.060	-7.635	3.889	0.430	-2.184	1.613	-0.0592	0.0193	0.0337	-0.0592	0.0193	0.0337	1	1.00	0.1953	0.3685	-0.5542	1.658	1
129366	0.186	0.121	-0.303	-4.74	-11.41	-4.78	4.835	-6.298	2.441	0.434	-2.187	1.614	0.1200	-0.1200	0.0135	0.1200	-0.1200	0.0135	1	1.00	0.1953	0.3685	-0.5542	1.658	1
129374	0.155	0.287	-0.434	-12.94	-0.86	-12.73	4.915	-6.764	3.027	0.437	-2.191	1.615	-0.0318	0.1200	-0.1200	-0.0318	0.1200	-0.1200	1	1.00	0.1953	0.3685	-0.5542	1.658	1
129381	0.091	0.237	-0.321	-14.88	-6.46	-5.62	5.720	-7.430	2.755	0.441	-2.195	1.616	-0.0890	0.0391	0.0473	-0.0890	0.0391	0.0473	1	1.00	0.1953	0.3685	-0.5542	1.658	1
129389	0.167	0.193	-0.355	-3.22	-11.01	-3.95	5.028	-5.960	1.194	0.445	-2.198	1.616	0.1200	-0.1200	-0.0043	0.1200	-0.1200	-0.0043	1	1.00	0.1953	0.3685	-0.5542	1.658	1
129397	0.093	0.355	-0.439	-9.27	-2.66	-7.63	4.931	-6.322	1.199	0.449	-2.201	1.615	-0.0040	0.1151	-0.0977	-0.0040	0.1151	-0.0977	1	1.00	0.1953	0.3685	-0.5542	1.658	1
129405	0.080	0.359	-0.430	-11.33	-4.06	-4.37	5.660	-6.816	0.920	0.453	-2.205	1.615	-0.0543	0.0768	-0.0109	-0.0543	0.0768	-0.0109	1	1.00	0.1953	0.3685	-0.5542	1.658	1
129413	0.155	0.289	-0.437	-2.95	-11.17	-3.11	4.777	-5.192	-0.035	0.456	-2.208	1.614	0.1200	-0.1200	-0.0242	0.1200	-0.1200	-0.0242	1	1.00	0.1953	0.3685	-0.5542	1.658	1
129420	0.023	0.433	-0.445	-13.36	-2.53	-3.98	4.957	-4.889	-0.382	0.460	-2.210	1.612	-0.1200	0.1200	-0.0257	-0.1200	0.1200	-0.0257	1	1.00	0.1953	0.3685	-0.5542	1.658	1
129428	0.016	0.416	-0.421	-10.46	-0.77	-3.25	5.593	-5.545	-0.596	0.464	-2.213	1.610	-0.0892	0.1200	-0.0501	-0.0892	0.1200	-0.0501	1	1.00	0.1953	0.3685	-0.5542	1.658	1
129436	0.082	0.322	-0.396	3.09	-11.23	-1.27	4.275	-3.998	-1.331	0.467	-2.214	1.608	0.1200	-0.1200	-0.0469	0.1200	-0.1200	-0.0469	1	1.00	0.1953	0.3685	-0.5542	1.658	1
129444	-0.073	0.436	-0.352	-7.45	-3.17	2.37	4.166	-3.660	-2.241	0.470	-2.215	1.605	-0.0887	0.0480	0.0500	-0.0887	0.0480	0.0500	1	1.00	0.1953	0.3685	-0.5542	1.658	1
129452	-0.073	0.506	-0.420	-7.03	2.18	-1.27	4.535	-4.459	-2.191	0.473	-2.217	1.602	-0.0893	0.1200	-0.0731	-0.0893	0.1200	-0.0731	1	1.00	0.1953	0.3685	-0.5542	1.658	1
129460	-0.011	0.354	-0.334	2.20	-7.26	-1.18	3.256	-3.462	-2.066	0.476	-2.218	1.599	0.1200	-0.0912	-0.0557	0.1200	-0.0912	-0.0557	1	1.00	0.1953	0.3685	-0.5542	1.658	1
129467	-0.127	0.401	-0.263	-5.37	-6.04	5.81	3.039	-2.435	-3.175	0.478	-2.219	1.596	-0.0735	-0.0459	0.1200	-0.0735	-0.0459	0.1200	1	1.00	0.1953	0.3685	-0.5542	1.658	1
129475	-0.118	0.533	-0.401	-5.44	3.66	-0.75	3.567	-3.375	-2.724	0.480	-2.219	1.592	-0.0924	0.1200	-0.0884	-0.0924	0.1200	-0.0884	1	1.00	0.1953	0.3685	-0.5542	1.658	1
129483	-0.074	0.372	-0.288	1.78	-3.98	-1.71	2.439	-2.956	-1.918	0.482	-2.220	1.589	0.1052	-0.0158	-0.0773	0.1052	-0.0158	-0.0773	1	1.00	0.1953	0.3685	-0.5542	1.658	1
129491	-0.201	0.311	-0.102	-4.07	-7.44	9.08	2.176	-1.935	-3.324	0.483	-2.220	1.586	-0.0870	-0.1200	0.1200	-0.0870	-0.1200	0.1200	1	1.00	0.1953	0.3685	-0.5542	1.658	1
129499	-0.189	0.457	-0.256	-3.94	5.08	1.29	2.884	-2.793	-3.014	0.485	-2.220	1.582	-0.1145	0.1200	-0.0490	-0.1145	0.1200	-0.0490	1	1.00	0.1953	0.3685	-0.5542	1.658	1
129507	-0.099	0.355	-0.247	5.29	-2.45	-2.95	1.568	-2.877	-1.834	0.486	-2.221	1.579	0.1200	-0.0074	-0.1200	0.1200	-0.0074	-0.1200	1	1.00	0.1953	0.3685	-0.5542	1.658	1
129515	-0.293	0.298	0.002	-2.95	-7.60	11.51	1.321	-1.848	-3.067	0.487	-2.221	1.576	-0.1103	-0.1200	0.1200	-0.1103	-0.1200	0.1200	1	1.00	0.1953	0.3685	-0.5542	1.658	1
129522	-0.271	0.425	-0.143	-1.51	5.81	4.69	2.127	-2.563	-3.350	0.488	-2.221	1.572	-0.1200	0.1200	0.0073	-0.1200	0.1200	0.0073	1	1.00	0.1953	0.3685	-0.5542	1.658	1
129530	-0.169	0.288	-0.112	8.30	-0.86	-3.42	0.675	-3.061	-1.720	0.489	-2.222	1.569	0.1200	-0.0116	-0.1200	0.1200	-0.0116	-0.1200	1	1.00	0.1953	0.3685	-0.5542	1.658	1
129539	-0.379	0.192	0.192	-3.19	-8.28	11.89	0.557	-1.803	-2.336	0.489	-2.222	1.566	-0.1200	-0.1200	0.1200	-0.1200	-0.1200	0.1200	1	1.00	0.1953	0.3685	-0.5542	1.658	1
129547	-0.366	0.289	0.085	0.50	2.70	5.58	1.384	-2.287	-2.497	0.489	-2.221	1.562	-0.1017	0.0461	0.0810	-0.1017	0.0461	0.0810	1	1.00	0.1953	0.3685	-0.5542	1.658	1
129554	-0.218	0.229	-0.005	9.09	1.44	-3.54	-0.152	-2.954	-0.940	0.489	-2.222	1.560	0.1200	0.0128	-0.1200	0.1200	0.0128	-0.1200	1	1.00	0.1953	0.3685	-0.5542	1.658	1
129562	-0.413	0.143	0.274	-2.50	-6.97	12.86	-0.427	-2.571	-1.191	0.488	-2.222	1.558	-0.1200	-0.1200	0.1200	-0.1200	-0.1200	0.1200	1	1.00	0.1953	0.3685	-0.5542	1.658	1
129570	-0.367	0.184	0.187	3.60	0.02	9.38	-0.099	-2.993	-1.387	0.488	-2.223	1.555	-0.0804	-0.0832	0.1200	-0.0804	-0.0832	0.1200	1	1.00	0.1953	0.3685	-0.5542	1.658	1
129578	-0.263	0.215	0.054	9.44	3.63	-0.07	-1.547	-3.951	0.330	0.487	-2.224	1.554	0.0897	0.0144	-0.0654	0.0897	0.0144	-0.0654	1	1.00	0.1953	0.3685	-0.5542	1.658	1
129586	-0.366	0.147	0.223	0.63	-3.52	13.26	-1.812	-4.500	1.017	0.485	-2.226	1.554	-0.1200	-0.1200	0.1200	-0.1200	-0.1200	0.1200	1	1.00	0.1953	0.3685	-0.5542	1.658	1
129593	-0.333	0.131	0.206	3.52	0.87	10.31	-1.301	-4.877	1.345	0.483	-2.228	1.553	-0.0976	-0.0982	0.1200	-0.0976	-0.0982	0.1200	1	1.00	0.1953	0.3685	-0.5542	1.658	1
129601	-0.207	0.106	0.104	11.56	1.51	5.23	-2.456	-6.258	2.894	0.481	-2.231	1.554	0.1041	-0.1200	0.0552	0.1041	-0.1200	0.0552	1	1.00	0.1953	0.3685	-0.5542	1.658	1
129609	-0.268	0.067	0.204	3.52	0.54	12.12	-3.001	-7.638	4.375	0.478	-2.235	1.556	-0.1015	-0.1200	0.1200	-0.1015	-0.1200	0.1200	1	1.00	0.1953	0.3685	-0.5542	1.658	1
129617	-0.292	0.005	0.287	5.76	3.25	10.45	-2.493	-8.925	5.648	0.476	-2.240	1.559	-0.0764	-0.1200	0.1200	-0.0764	-0.1200	0.1200	1	1.00	0.1953	0.3685	-0.5542	1.658	1
129625	-0.233	-0.119	0.349	10.62	1.00	9.85	-3.403	-10.397	7.361	0.473	-2.246	1.563	0.0406	-0.1200	0.1200	0.0406	-0.1200	0.1200	1	1.00	0.1953	0.3685	-0.5542	1.658	1
129633	-0.305	-0.104	0.407	7.06	3.64	11.19	-3.864	-12.228	9.314	0.470	-2.253	1.569	-0.0713	-0.1200	0.1200	-0.0713	-0.1200	0.1200	1	1.00	0.1953	0.3685	-0.5542	1.658	1
129641	-0.338	-0.139	0.473	6.51	7.22	7.10	-3.900	-14.331	11.511	0.466	-2.263	1.576	-0.0822	-0.0979	0.1200	-0.0822	-0.0979	0.1200	1	1.00	0.1953	0.3685	-0.5542	1.658	1
129649	-0.271	-0.253	0.518	11.31	5.39	7.62	-4.683	-16.248	13.458	0.462	-2.273	1.585	0.0229	-0.1200	0.1200	0.0229	-0.1200	0.1200	1	1.00	0.1953	0.3685	-0.5542	1.658	1
129656	-0.298	-0.327	0.616	9.13	6.43	7.90	-5.129	-18.125	15.351	0.458	-2.286	1.596	-0.0323	-0.1200	0.1200	-0.0323	-0.1200	0.1200	1	1.00	0.1953	0.3685	-0.5542	1.658	1
129664	-0.346	-0.343	0.680	7.34	8.43	8.01	-5.076	-20.015	16.869	0.454	-2.299	1.608	-0.0892	-0.1200	0.1200	-0.0892	-0.1200	0.1200	1	1.00	0.1953	0.3685	-0.5542	1.658	1
129672	-0.264	-0.381	0.635	13.78	10.79	3.13	-6.028	-21.446	18.200	0.449	-2.314	1.621	0.0615	-0.1200	0.1200	0.0615	-0.1200	0.1200	1	1.00	0.1953	0.3685	-0.5542	1.658	1
129680	-0.272	-0.349	0.612	9.71	13.09	1.20	-6.419	-22.425	19.191	0.443	-2.330	1.635	-0.0121	-0.0596	0.1200	-0.0121	-0.0596	0.1200	1	1.00	0.1953	0.3685	-0.5542	1.658	1
129688	-0.284	-0.392	0.666	7.68	10.99	1.20	-6.181	-22.933	19.964	0.438	-2.347	1.649	-0.0329	-0.0951	0.1200	-0.0329	-0.0951	0.1200	1	1.00	0.1953	0.3685	-0.5542	1.658	1
129696	-0.218	-0.413	0.621	9.97	9.09	-0.87	-6.664	-23.236	21.223	0.432	-2.363	1.665	0.0482	-0.1200	0.1200	0.0482	-0.1200	0.1200	1	1.00	0.1953	0.3685	-0.5542	1.658	1
129704	-0.233	-0.328	0.553	5.53	13.29	-5.40	-6.630	-24.789	23.232	0.427	-2.381	1.681	-0.0281	0.0164	0.0696	-0.0281	0.0164	0.0696	1	1.00	0.1953	0.3685	-0.5542	1.658	1
129712	-0.208	-0.343	0.543	3.93	11.55	-7.02	-6.294	-26.924	25.950	0.421	-2.400	1.700	-0.0249	-0.0097	0.0816	-0.0249	-0.0097	0.0816	1	1.00	0.1953	0.3685	-0.5542	1.658	1
129720	-0.176	-0.365	0.531	6.96	3.68	-7.89	-6.724	-27.658	28.476	0.416	-2.420	1.721	0.0968	-0.1200	0.1127	0.0968	-0.1200	0.1127	1	1.00	0.1953	0.3685	-0.5542	1.658	1
129728	-0.163	-0.196	0.354	-1.93	9.88	-13.02	-6.255	-28.738	30.718	0.410	-2.441	1.744	-0.0653	0.0662	0.0219	-0.0653	0.0662	0.0219	1	1.00	0.1953	0.3685	-0.5542	1.658	1
129736	-0.166	-0.189	0.351	-1.09	8.96	-15.81	-5.731	-28.834	30.962	0.405	-2.462	1.767	-0.0191	0.0642	-0.0287	-0.0191	0.0642	-0.0287	1	1.00	0.1953	0.3685	-0.5542	1.658	1
129744	-0.107	-0.233	0.333	4.25	-1.38	-12.59	-6.398	-26.347	29.019	0.400	-2.482	1.789	0.1200	-0.1200	0.0505	0.1200	-0.1200	0.0505	1	1.00	0.1953	0.3685	-0.5542	1.658	1
129752	-0.137	0.087	0.052	-6.02	7.97	-14.95	-5.910	-25.479	28.036	0.395	-2.500	1.810	-0.0975	0.1200	-0.0423	-0.0975	0.1200	-0.0423	1	1.00	0.1953	0.3685	-0.5542	1.658	1
129759	-0.105	0.153	-0.044	-2.53	6.71	-20.78	-5.269	-25.873	28.973	0.390	-2.519	1.832	0.0293	0.1200	-0.1200	0.0293	0.1200	-0.1200	1	1.00	0.1953	0.3685	-0.5542	1.658	1
129768	-0.132	0.172	-0.035	2.92	-3.22	-12.91	-6.292	-25.285	29.486	0.385	-2.537	1.854	0.1200	-0.1200	-0.0090	0.1200	-0.1200	-0.0090	1	1.00	0.1953	0.3685	-0.5542	1.658	1
129776	-0.144	0.411	-0.256	-7.72	5.84	-12.61	-5.318	-25.939	29.469	0.380	-2.555	1.876	-0.1200	0.1200	-0.0316	-0.1200	0.1200	-0.0316	1	1.00	0.1953	0.3685	-0.5542	1.658	1
129783	-0.064	0.474	-0.398	-1.00	8.81	-19.22	-4.877	-27.061	29.517	0.376	-2.575	1.898	0.0363	0.1200	-0.1200	0.0363	0.1200	-0.1200	1	1.00	0.1953	0.3685	-0.5542	1.658	1
129792	-0.050	0.471	-0.409	3.58	-1.11	-14.63	-6.025	-25.521	27.083	0.371	-2.594	1.919	0.1200	-0.0036	-0.1200	0.1200	-0.0036	-0.1200	1	1.00	0.1953	0.3685	-0.5542	1.658	1
129799	-0.189	0.590	-0.386	-7.92	1.65	-6.09	-4.909	-23.712	23.748	0.366	-2.611	1.937	-0.1200	0.1107	0.0713	-0.1200	0.1107	0.0713	1	1.00	0.1953	0.3685	-0.5542	1.658	1
129808	-0.013	0.744	-0.712	-1.73	3.48	-14.75	-4.114	-22.472	22.170	0.363	-2.627	1.954	0.0592	0.1200	-0.1200	0.0592	0.1200	-0.1200	1	1.00	0.1953	0.3685	-0.5542	1.658	1
129815	0.020	0.730	-0.732	1.17	-2.86	-16.50	-5.119	-20.565	22.011	0.359	-2.642	1.970	0.1200	0.0870	-0.1200	0.1200	0.0870	-0.1200	1	1.00	0.1953	0.3685	-0.5542	1.658	1
129823	-0.187	0.827	-0.618	-9.88	-4.37	-8.16	-4.025	-19.002	21.097	0.355	-2.655	1.985	-0.1200	0.1074	0.0226	-0.1200	0.1074	0.0226	1	1.00	0.1953	0.3685	-0.5542	1.658	1
129831	-0.128	0.904	-0.753	-3.80	-3.59	-12.49	-3.265	-17.951	20.753	0.352	-2.668	2.000	0.0226	0.1200	-0.1200	0.0226	0.1200	-0.1200	1	1.00	0.1953	0.3685	-0.5542	1.658	1
129839	-0.079	1.010	-0.905	-1.65	-6.18	-16.06	-4.427	-16.868	21.355	0.348	-2.679	2.016	0.1133	0.1176	-0.1200	0.1133	0.1176	-0.1200	1	1.00	0.1953	0.3685	-0.5542	1.658	1
129847	-0.195	1.102	-0.878	-11.89	-6.51	-11.20	-3.636	-15.687	20.003	0.345	-2.690	2.030	-0.1200	0.1200	-0.0687	-0.1200	0.1200	-0.0687	1	1.00	0.1953	0.3685	-0.5542	1.658	1
129855	-0.088	1.058	-0.943	-6.27	-10.09	-9.43	-3.084	-14.112	18.037	0.342	-2.700	2.044	0.0109	0.0569	-0.0867	0.0109	0.0569	-0.0867	1	1.00	0.1953	0.3685	-0.5542	1.658	1
129863	0.042	1.079	-1.093	-0.58	-12.52	-11.20	-3.835	-12.779	16.552	0.339	-2.708	2.056	0.1200	-0.0030	-0.1200	0.1200	-0.0030	-0.1200	1	1.00	0.1953	0.3685	-0.5542	1.658	1
129871	-0.033	1.184	-1.120	-8.91	-4.19	-11.95	-3.049	-12.045	14.530	0.336	-2.715	2.066	-0.0403	0.1200	-0.1200	-0.0403	0.1200	-0.1200	1	1.00	0.1953	0.3685	-0.5542	1.658	1
129879	0.064	1.077	-1.113	-5.22	-9.54	-7.01	-2.180	-10.964	12.308	0.334	-2.722	2.075	0.0512	0.0702	-0.1200	0.0512	0.0702	-0.1200	1	1.00	0.1953	0.3685	-0.5542	1.658	1
129887	0.102	1.093	-1.166	-3.86	-14.43	-3.90	-2.321	-9.091	10.280	0.332	-2.728	2.082	0.0971	-0.0384	-0.0628	0.0971	-0.0384	-0.0628	1	1.00	0.1953	0.3685	-0.5542	1.658	1
129895	0.070	1.242	-1.279	-10.72	-6.24	-4.71	-1.040	-8.915	8.858	0.330	-2.733	2.087	-0.0800	0.1200	-0.1174	-0.0800	0.1200	-0.1174	1	1.00	0.1953	0.3685	-0.5542	1.658	1
129903	0.111	1.119	-1.200	-4.24	-9.17	-5.72	-0.119	-8.300	7.523	0.330	-2.737	2.092	0.0785	0.0857	-0.1200	0.0785	0.0857	-0.1200	1	1.00	0.1953	0.3685	-0.5542	1.658	1
129911	0.167	1.042	-1.181	-1.21	-16.76	-1.05	-0.283	-6.478	5.734	0.329	-2.741	2.095	0.1200	-0.1191	-0.0533	0.1200	-0.1191	-0.0533	1	1.00	0.1953	0.3685	-0.5542	1.658	1
129919	0.084	1.138	-1.192	-10.80	-5.52	-0.80	1.178	-6.258	4.334	0.329	-2.744	2.098	-0.0905	0.1200	-0.0709	-0.0905	0.1200	-0.0709	1	1.00	0.1953	0.3685	-0.5542	1.658	1
129927	0.201	1.055	-1.229	-4.07	-7.92	-3.54	1.973	-6.602	3.648	0.331	-2.747	2.099	0.1004	0.0881	-0.1200	0.1004	0.0881	-0.1200	1	1.00	0.1953	0.3685	-0.5542	1.658	1
129934	0.243	0.903	-1.123	-2.24	-16.72	1.74	1.638	-5.100	2.368	0.332	-2.749	2.099	0.1200	-0.1200	-0.0072	0.1200	-0.1200	-0.0072	1	1.00	0.1953	0.3685	-0.5542	1.658	1
129942	0.158	1.003	-1.135	-9.36	-7.29	2.17	2.997	-4.935	1.014	0.333	-2.751	2.099	-0.0488	0.0967	-0.0281	-0.0488	0.0967	-0.0281	1	1.00	0.1953	0.3685	-0.5542	1.658	1
129950	0.231	0.929	-1.136	-6.85	-5.73	-0.84	3.950	-5.602	0.954	0.336	-2.753	2.098	0.0278	0.1082	-0.1182	0.0278	0.1082	-0.1182	1	1.00	0.1953	0.3685	-0.5542	1.658	1
129958	0.269	0.757	-1.006	-0.58	-17.40	2.44	3.622	-4.443	0.200	0.339	-2.754	2.097	0.1200	-0.1200	0.0015	0.1200	-0.1200	0.0015	1	1.00	0.1953	0.3685	-0.5542	1.658	1
129966	0.179	0.830	-0.987	-9.17	-10.60	4.65	4.526	-4.182	-0.807	0.342	-2.756	2.095	-0.0282	-0.0181	0.0397	-0.0282	-0.0181	0.0397	1	1.00	0.1953	0.3685	-0.5542	1.658	1
129973	0.217	0.808	-1.003	-8.69	-4.26	-1.53	5.517	-5.253	-0.578	0.346	-2.757	2.092	-0.0048	0.1200	-0.1200	-0.0048	0.1200	-0.1200	1	1.00	0.1953	0.3685	-0.5542	1.658	1
129981	0.253	0.558	-0.796	-2.16	-15.62	1.82	5.015	-4.643	-0.678	0.350	-2.759	2.090	0.1200	-0.1200	0.0089	0.1200	-0.1200	0.0089	1	1.00	0.1953	0.3685	-0.5542	1.658	1
129989	0.117	0.604	-0.705	-9.97	-11.00	6.60	5.634	-4.185	-1.597	0.354	-2.760	2.087	-0.0638	-0.0832	0.1200	-0.0638	-0.0832	0.1200	1	1.00	0.1953	0.3685	-0.5542	1.658	1
129997	0.178	0.639	-0.800	-8.04	-2.86	-4.00	6.722	-5.596	-0.876	0.359	-2.762	2.085	0.0134	0.1200	-0.1200	0.0134	0.1200	-0.1200	1	1.00	0.1953	0.3685	-0.5542	1.658	1
130005	0.185	0.396	-0.571	-3.67	-14.36	0.69	5.819	-5.521	-0.277	0.363	-2.764	2.083	0.1200	-0.1200	0.0391	0.1200	-0.1200	0.0391	1	1.00	0.1953	0.3685	-0.5542	1.658	1
130013	0.063	0.384	-0.437	-10.25	-12.80	6.04	6.612	-5.035	-1.542	0.368	-2.766	2.080	-0.0543	-0.1200	0.1200	-0.0543	-0.1200	0.1200	1	1.00	0.1953	0.3685	-0.5542	1.658	1
130021	0.099	0.453	-0.540	-10.64	-1.57	-2.26	7.496	-6.461	-0.777	0.374	-2.769	2.078	-0.0694	0.1188	-0.0558	-0.0694	0.1188	-0.0558	1	1.00	0.1953	0.3685	-0.5542	1.658	1
130028	0.180	0.312	-0.484	-1.71	-11.41	-2.84	6.372	-6.977	0.246	0.379	-2.772	2.076	0.1200	-0.1200	-0.0251	0.1200	-0.1200	-0.0251	1	1.00	0.1953	0.3685	-0.5542	1.658	1
130036	-0.012	0.277	-0.258	-9.01	-9.85	5.12	6.592	-6.593	-0.754	0.384	-2.775	2.074	-0.0613	-0.1200	0.1200	-0.0613	-0.1200	0.1200	1	1.00	0.1953	0.3685	-0.5542	1.658	1
130044	0.015	0.317	-0.324	-8.83	0.59	-0.95	7.453	-8.066	-0.406	0.389	-2.779	2.072	-0.0794	0.0968	-0.0139	-0.0794	0.0968	-0.0139	1	1.00	0.1953	0.3685	-0.5542	1.658	1
130052	0.101	0.169	-0.266	0.63	-7.27	-3.51	6.260	-8.989	0.947	0.394	-2.784	2.071	0.1200	-0.1200	-0.0352	0.1200	-0.1200	-0.0352	1	1.00	0.1953	0.3685	-0.5542	1.658	1
130060	-0.026	0.107	-0.078	-5.79	-7.44	2.56	6.165	-8.854	0.273	0.399	-2.789	2.070	-0.0000	-0.1200	0.1200	-0.0000	-0.1200	0.1200	1	1.00	0.1953	0.3685	-0.5542	1.658	1
130067	-0.000	0.149	-0.145	-7.65	1.59	0.26	7.125	-10.370	0.501	0.404	-2.795	2.068	-0.0743	0.0498	0.0562	-0.0743	0.0498	0.0562	1	1.00	0.1953	0.3685	-0.5542	1.658	1
130075	0.122	0.078	-0.198	-0.53	-3.71	-5.81	6.374	-11.428	1.959	0.409	-2.801	2.068	0.1200	-0.0764	-0.0662	0.1200	-0.0764	-0.0662	1	1.00	0.1953	0.3685	-0.5542	1.658	1
130083	-0.029	0.033	-0.004	-6.59	-6.41	1.27	6.296	-11.256	1.846	0.413	-2.808	2.068	-0.0067	-0.1200	0.1200	-0.0067	-0.1200	0.1200	1	1.00	0.1953	0.3685	-0.5542	1.658	1
130091	-0.061	0.125	-0.061	-8.67	0.62	-1.56	7.621	-12.535	2.247	0.419	-2.815	2.068	-0.0772	0.0354	0.0711	-0.0772	0.0354	0.0711	1	1.00	0.1953	0.3685	-0.5542	1.658	1
130099	0.061	0.093	-0.151	-2.83	-3.69	-10.28	6.982	-13.113	3.960	0.424	-2.824	2.069	0.1200	-0.0315	-0.1045	0.1200	-0.0315	-0.1045	1	1.00	0.1953	0.3685	-0.5542	1.658	1
130107	-0.101	0.031	0.071	-10.77	-8.31	0.06	7.144	-12.600	3.832	0.430	-2.832	2.070	-0.0696	-0.1200	0.1200	-0.0696	-0.1200	0.1200	1	1.00	0.1953	0.3685	-0.5542	1.658	1
130115	-0.090	0.137	-0.044	-8.28	-0.25	-4.68	7.935	-13.349	3.955	0.436	-2.840	2.072	-0.0462	0.0346	0.0293	-0.0462	0.0346	0.0293	1	1.00	0.1953	0.3685	-0.5542	1.658	1
130123	-0.031	0.112	-0.078	-3.09	-1.37	-12.35	7.067	-13.864	5.487	0.441	-2.849	2.074	0.1200	0.0256	-0.1200	0.1200	0.0256	-0.1200	1	1.00	0.1953	0.3685	-0.5542	1.658	1
130131	-0.230	0.064	0.168	-11.80	-7.78	1.82	7.323	-13.166	4.901	0.446	-2.857	2.077	-0.1200	-0.1200	0.1200	-0.1200	-0.1200	0.1200	1	1.00	0.1953	0.3685	-0.5542	1.658	1
130138	-0.175	0.140	0.039	-4.94	0.48	-4.10	7.878	-13.412	4.743	0.452	-2.865	2.079	-0.0230	0.0126	0.0207	-0.0230	0.0126	0.0207	1	1.00	0.1953	0.3685	-0.5542	1.658	1
130146	-0.154	0.193	-0.033	-1.59	1.63	-12.62	6.687	-14.058	6.231	0.458	-2.874	2.082	0.0999	0.0846	-0.1200	0.0999	0.0846	-0.1200	1	1.00	0.1953	0.3685	-0.5542	1.658	1
130155	-0.372	0.158	0.218	-12.86	-6.49	2.34	7.277	-13.482	5.516	0.463	-2.883	2.085	-0.1200	-0.0983	0.1200	-0.1200	-0.0983	0.1200	1	1.00	0.1953	0.3685	-0.5542	1.658	1
130162	-0.322	0.263	0.066	-4.86	0.41	-4.43	7.627	-13.462	5.359	0.469	-2.891	2.087	-0.0520	0.0375	0.0233	-0.0520	0.0375	0.0233	1	1.00	0.1953	0.3685	-0.5542	1.658	1
130171	-0.236	0.286	-0.043	-0.10	0.35	-13.56	6.555	-14.337	6.951	0.474	-2.900	2.091	0.1200	0.0730	-0.1200	0.1200	0.0730	-0.1200	1	1.00	0.1953	0.3685	-0.5542	1.658	1
130178	-0.440	0.247	0.200	-13.68	-6.60	2.32	7.040	-14.055	6.379	0.479	-2.909	2.094	-0.1200	-0.0791	0.1200	-0.1200	-0.0791	0.1200	1	1.00	0.1953	0.3685	-0.5542	1.658	1
130186	-0.343	0.291	0.060	-4.08	-0.54	-5.20	7.287	-13.908	6.071	0.484	-2.918	2.097	-0.0298	0.0232	0.0150	-0.0298	0.0232	0.0150	1	1.00	0.1953	0.3685	-0.5542	1.658	1
130194	-0.294	0.335	-0.033	-0.55	-0.82	-13.43	6.097	-14.517	7.612	0.489	-2.927	2.101	0.1112	0.0634	-0.1200	0.1112	0.0634	-0.1200	1	1.00	0.1953	0.3685	-0.5542	1.658	1
130202	-0.446	0.319	0.136	-11.00	-5.41	-0.39	6.461	-14.398	6.850	0.494	-2.936	2.106	-0.1200	-0.0432	0.1200	-0.1200	-0.0432	0.1200	1	1.00	0.1953	0.3685	-0.5542	1.658	1
130210	-0.290	0.307	-0.010	-2.61	-1.16	-6.16	6.558	-13.655	6.616	0.499	-2.945	2.109	0.0148	0.0126	-0.0203	0.0148	0.0126	-0.0203	1	1.00	0.1953	0.3685	-0.5542	1.658	1
130218	-0.335	0.407	-0.062	-1.87	-0.50	-12.33	5.575	-13.715	7.721	0.503	-2.954	2.113	0.0618	0.0903	-0.1200	0.0618	0.0903	-0.1200	1	1.00	0.1953	0.3685	-0.5542	1.658	1
130226	-0.436	0.364	0.082	-9.60	-6.96	0.39	6.420	-12.922	6.617	0.507	-2.962	2.117	-0.1200	-0.0741	0.1200	-0.1200	-0.0741	0.1200	1	1.00	0.1953	0.3685	-0.5542	1.658	1
130234	-0.265	0.426	-0.150	0.56	-2.12	-8.27	6.153	-11.945	6.170	0.512	-2.969	2.121	0.0939	0.0199	-0.1135	0.0939	0.0199	-0.1135	1	1.00	0.1953	0.3685	-0.5542	1.658	1
130242	-0.266	0.445	-0.167	-4.51	-1.28	-10.27	5.462	-12.030	6.704	0.516	-2.976	2.124	0.0153	0.0988	-0.1072	0.0153	0.0988	-0.1072	1	1.00	0.1953	0.3685	-0.5542	1.658	1
130250	-0.315	0.371	-0.046	-8.00	-6.38	1.91	6.380	-11.261	5.083	0.520	-2.983	2.127	-0.1158	-0.0768	0.1200	-0.1158	-0.0768	0.1200	1	1.00	0.1953	0.3685	-0.5542	1.658	1
130257	-0.163	0.428	-0.254	3.71	-0.98	-7.91	5.818	-10.529	4.544	0.525	-2.989	2.129	0.1200	0.0235	-0.1200	0.1200	0.0235	-0.1200	1	1.00	0.1953	0.3685	-0.5542	1.658	1
130265	-0.237	0.478	-0.229	-5.34	1.06	-6.81	5.698	-11.000	4.939	0.529	-2.996	2.131	-0.0394	0.1200	-0.0819	-0.0394	0.1200	-0.0819	1	1.00	0.1953	0.3685	-0.5542	1.658	1
130273	-0.262	0.399	-0.126	-3.52	-6.84	2.65	6.415	-10.347	3.473	0.534	-3.002	2.133	-0.0265	-0.1143	0.1200	-0.0265	-0.1143	0.1200	1	1.00	0.1953	0.3685	-0.5542	1.658	1
130281	-0.162	0.491	-0.316	3.14	-1.27	-6.83	5.715	-9.495	2.974	0.538	-3.007	2.133	0.1200	0.0370	-0.1200	0.1200	0.0370	-0.1200	1	1.00	0.1953	0.3685	-0.5542	1.658	1
130289	-0.275	0.560	-0.270	-6.27	-0.27	-5.83	5.820	-10.564	3.843	0.542	-3.013	2.134	-0.0560	0.1200	-0.0577	-0.0560	0.1200	-0.0577	1	1.00	0.1953	0.3685	-0.5542	1.658	1
130297	-0.251	0.391	-0.130	-3.64	-4.53	2.04	6.207	-9.979	2.691	0.546	-3.019	2.135	-0.0379	-0.0628	0.1110	-0.0379	-0.0628	0.1110	1	1.00	0.1953	0.3685	-0.5542	1.658	1
130305	-0.162	0.417	-0.244	3.73	-2.96	-3.51	5.485	-9.048	2.161	0.551	-3.024	2.135	0.1200	-0.0366	-0.0891	0.1200	-0.0366	-0.0891	1	1.00	0.1953	0.3685	-0.5542	1.658	1
130312	-0.179	0.522	-0.329	-7.08	-0.22	-3.80	5.748	-10.065	3.054	0.555	-3.029	2.136	-0.0672	0.1200	-0.0313	-0.0672	0.1200	-0.0313	1	1.00	0.1953	0.3685	-0.5542	1.658	1
130320	-0.126	0.366	-0.230	-4.58	-3.12	-1.91	6.337	-9.830	2.220	0.559	-3.035	2.136	-0.0023	0.0004	0.0173	-0.0023	0.0004	0.0173	1	1.00	0.1953	0.3685	-0.5542	1.658	1
130328	-0.049	0.323	-0.266	1.74	-7.96	-2.97	5.692	-8.547	1.868	0.563	-3.039	2.136	0.1200	-0.1200	-0.0284	0.1200	-0.1200	-0.0284	1	1.00	0.1953	0.3685	-0.5542	1.658	1
130336	-0.128	0.506	-0.364	-10.61	0.45	-4.52	6.329	-9.347	2.181	0.568	-3.044	2.136	-0.1144	0.1200	-0.0330	-0.1144	0.1200	-0.0330	1	1.00	0.1953	0.3685	-0.5542	1.658	1
130344	-0.106	0.377	-0.261	-2.64	-1.37	-3.81	6.978	-9.608	1.450	0.573	-3.049	2.135	0.0415	0.0351	-0.0600	0.0415	0.0351	-0.0600	1	1.00	0.1953	0.3685	-0.5542	1.658	1
130352	-0.001	0.268	-0.260	2.47	-10.56	0.91	5.958	-8.421	0.892	0.577	-3.054	2.135	0.1200	-0.1200	0.0515	0.1200	-0.1200	0.0515	1	1.00	0.1953	0.3685	-0.5542	1.658	1
130359	-0.123	0.468	-0.333	-8.33	0.18	-3.58	6.694	-8.764	0.803	0.582	-3.058	2.133	-0.0753	0.1200	-0.0356	-0.0753	0.1200	-0.0356	1	1.00	0.1953	0.3684	-0.5542	1.658	1
130367	-0.085	0.380	-0.285	-4.41	-1.96	-4.83	7.469	-9.025	0.873	0.587	-3.063	2.132	0.0304	0.0510	-0.0682	0.0304	0.0510	-0.0682	1	1.00	0.1953	0.3684	-0.5542	1.658	1
130375	-0.008	0.262	-0.247	-0.04	-11.59	0.65	6.676	-7.389	0.299	0.592	-3.067	2.131	0.1200	-0.1200	0.0705	0.1200	-0.1200	0.0705	1	1.00	0.1953	0.3684	-0.5542	1.658	1
130383	-0.089	0.451	-0.350	-10.55	-1.22	-3.34	7.623	-7.572	0.057	0.598	-3.070	2.129	-0.0983	0.1200	-0.0180	-0.0983	0.1200	-0.0180	1	1.00	0.1953	0.3684	-0.5542	1.658	1
130391	-0.035	0.340	-0.295	-6.37	-1.95	-5.95	8.344	-8.236	0.683	0.604	-3.074	2.128	0.0141	0.0687	-0.0819	0.0141	0.0687	-0.0819	1	1.00	0.1953	0.3684	-0.5542	1.658	1
130399	0.021	0.173	-0.189	-0.11	-13.23	-1.14	7.647	-6.826	0.187	0.610	-3.078	2.127	0.1200	-0.1200	0.0567	0.1200	-0.1200	0.0567	1	1.00	0.1953	0.3684	-0.5542	1.658	1
130406	-0.099	0.335	-0.226	-10.68	-3.84	-1.01	8.586	-6.889	-0.314	0.616	-3.081	2.125	-0.1032	0.0359	0.0459	-0.1032	0.0359	0.0459	1	1.00	0.1953	0.3684	-0.5542	1.658	1
130414	-0.029	0.337	-0.299	-5.81	-0.54	-7.91	9.160	-7.734	0.528	0.623	-3.084	2.123	0.0291	0.1049	-0.1200	0.0291	0.1049	-0.1200	1	1.00	0.1953	0.3684	-0.5542	1.658	1
130422	-0.007	0.155	-0.145	-3.56	-11.95	-1.41	8.000	-6.796	0.443	0.629	-3.088	2.122	0.1043	-0.1200	0.0796	0.1043	-0.1200	0.0796	1	1.00	0.1953	0.3684	-0.5542	1.658	1
130430	-0.139	0.285	-0.138	-10.82	-4.15	1.87	8.889	-6.480	-0.663	0.635	-3.090	2.120	-0.1200	-0.0018	0.1129	-0.1200	-0.0018	0.1129	1	1.00	0.1953	0.3684	-0.5542	1.658	1
130438	-0.027	0.331	-0.295	-3.51	3.27	-9.37	9.115	-7.696	0.506	0.642	-3.094	2.119	0.0492	0.1200	-0.1200	0.0492	0.1200	-0.1200	1	1.00	0.1953	0.3684	-0.5542	1.658	1
130446	-0.039	0.175	-0.132	-3.18	-9.79	-2.36	7.866	-7.028	0.895	0.648	-3.097	2.118	0.0928	-0.1200	0.0466	0.0928	-0.1200	0.0466	1	1.00	0.1953	0.3684	-0.5542	1.658	1
130454	-0.197	0.254	-0.050	-10.63	-4.66	3.36	8.754	-6.465	-0.268	0.654	-3.100	2.116	-0.1200	-0.0324	0.1200	-0.1200	-0.0324	0.1200	1	1.00	0.1953	0.3684	-0.5542	1.658	1
130461	-0.117	0.338	-0.213	-5.18	3.51	-6.36	8.943	-7.696	0.721	0.661	-3.103	2.115	-0.0287	0.1200	-0.1200	-0.0287	0.1200	-0.1200	1	1.00	0.1953	0.3684	-0.5542	1.658	1
130469	-0.123	0.259	-0.129	-0.54	-8.51	-2.99	7.490	-7.381	1.307	0.667	-3.107	2.114	0.1146	-0.1200	0.0065	0.1146	-0.1200	0.0065	1	1.00	0.1953	0.3684	-0.5542	1.658	1
130477	-0.286	0.340	-0.045	-8.56	-2.21	4.33	8.023	-6.937	0.023	0.672	-3.110	2.113	-0.1200	0.0043	0.1200	-0.1200	0.0043	0.1200	1	1.00	0.1953	0.3684	-0.5542	1.658	1
130485	-0.171	0.383	-0.202	-1.69	4.57	-6.26	8.148	-8.073	0.647	0.678	-3.114	2.111	0.0120	0.1200	-0.1200	0.0120	0.1200	-0.1200	1	1.00	0.1953	0.3684	-0.5542	1.658	1
130493	-0.152	0.256	-0.097	0.07	-7.46	-1.17	6.381	-7.490	1.160	0.683	-3.117	2.110	0.0944	-0.1200	0.0371	0.0944	-0.1200	0.0371	1	1.00	0.1953	0.3684	-0.5542	1.658	1
130500	-0.297	0.366	-0.060	-8.17	-0.75	5.44	6.915	-6.869	-0.166	0.688	-3.120	2.109	-0.1200	0.0288	0.1200	-0.1200	0.0288	0.1200	1	1.00	0.1953	0.3684	-0.5542	1.658	1
130508	-0.180	0.415	-0.224	1.01	6.35	-5.78	6.814	-7.936	0.522	0.693	-3.124	2.107	0.0359	0.1200	-0.1200	0.0359	0.1200	-0.1200	1	1.00	0.1953	0.3684	-0.5542	1.658	1
130516	-0.185	0.294	-0.102	-0.10	-4.91	1.63	5.466	-7.178	0.762	0.697	-3.127	2.106	0.0378	-0.0968	0.0673	0.0378	-0.0968	0.0673	1	1.00	0.1953	0.3684	-0.5542	1.658	1
130524	-0.322	0.363	-0.032	-4.76	0.17	6.71	6.083	-6.413	-0.646	0.701	-3.130	2.104	-0.1200	0.0120	0.1200	-0.1200	0.0120	0.1200	1	1.00	0.1953	0.3684	-0.5542	1.658	1
130532	-0.230	0.449	-0.207	2.87	6.75	-3.49	5.739	-7.580	0.167	0.705	-3.133	2.103	0.0326	0.1200	-0.1200	0.0326	0.1200	-0.1200	1	1.00	0.1953	0.3684	-0.5542	1.658	1
130540	-0.277	0.372	-0.085	2.41	-3.73	2.80	4.710	-6.914	0.292	0.709	-3.137	2.101	0.0417	-0.0845	0.0608	0.0417	-0.0845	0.0608	1	1.00	0.1953	0.3684	-0.5542	1.658	1
130548	-0.394	0.433	-0.028	-2.12	0.25	8.33	5.147	-6.078	-0.864	0.712	-3.139	2.099	-0.1200	-0.0024	0.1200	-0.1200	-0.0024	0.1200	1	1.00	0.1953	0.3684	-0.5542	1.658	1
130555	-0.297	0.493	-0.183	5.02	6.83	-2.55	4.717	-7.006	0.058	0.716	-3.142	2.097	0.0428	0.1200	-0.1200	0.0428	0.1200	-0.1200	1	1.00	0.1953	0.3684	-0.5542	1.658	1
130563	-0.322	0.382	-0.050	1.58	-2.65	4.57	3.754	-6.287	0.313	0.718	-3.145	2.096	-0.0114	-0.0652	0.0989	-0.0114	-0.0652	0.0989	1	1.00	0.1953	0.3684	-0.5542	1.658	1
130571	-0.355	0.430	-0.063	0.18	0.36	8.77	4.165	-5.289	-0.860	0.721	-3.147	2.094	-0.1044	-0.0179	0.1200	-0.1044	-0.0179	0.1200	1	1.00	0.1953	0.3684	-0.5542	1.658	1
130579	-0.249	0.516	-0.253	6.48	6.48	-1.54	3.576	-6.045	0.212	0.723	-3.149	2.092	0.0638	0.1200	-0.1200	0.0638	0.1200	-0.1200	1	1.00	0.1953	0.3684	-0.5542	1.658	1
130587	-0.326	0.409	-0.072	2.98	-2.29	5.35	2.721	-5.528	0.411	0.725	-3.151	2.091	-0.0045	-0.0652	0.0940	-0.0045	-0.0652	0.0940	1	1.00	0.1953	0.3684	-0.5542	1.658	1
130594	-0.387	0.428	-0.029	1.37	-0.58	8.52	3.063	-4.407	-0.589	0.727	-3.152	2.089	-0.0881	-0.0371	0.1200	-0.0881	-0.0371	0.1200	1	1.00	0.1953	0.3684	-0.5542	1.658	1
130602	-0.320	0.502	-0.169	6.45	7.32	-2.24	2.560	-5.162	0.527	0.728	-3.153	2.087	0.0402	0.1200	-0.1200	0.0402	0.1200	-0.1200	1	1.00	0.1953	0.3684	-0.5542	1.658	1
130610	-0.349	0.368	-0.010	2.84	-2.64	6.04	1.865	-4.735	0.782	0.729	-3.155	2.086	-0.0224	-0.0801	0.1200	-0.0224	-0.0801	0.1200	1	1.00	0.1953	0.3684	-0.5542	1.658	1
130618	-0.361	0.407	-0.035	3.28	-0.09	6.76	1.966	-3.830	0.120	0.730	-3.156	2.085	-0.0471	-0.0303	0.0984	-0.0471	-0.0303	0.0984	1	1.00	0.1953	0.3684	-0.5542	1.658	1
130625	-0.283	0.409	-0.115	7.51	7.01	-3.41	1.444	-4.724	1.330	0.731	-3.157	2.084	0.0705	0.1200	-0.1200	0.0705	0.1200	-0.1200	1	1.00	0.1953	0.3684	-0.5542	1.658	1
130633	-0.354	0.280	0.082	1.89	-4.68	7.98	1.000	-4.150	1.373	0.731	-3.158	2.083	-0.0479	-0.1200	0.1200	-0.0479	-0.1200	0.1200	1	1.00	0.1953	0.3684	-0.5542	1.658	1
130641	-0.341	0.342	0.009	5.30	1.64	5.65	1.147	-3.559	0.873	0.732	-3.158	2.082	-0.0202	-0.0191	0.0593	-0.0202	-0.0191	0.0593	1	1.00	0.1953	0.3684	-0.5542	1.658	1
130649	-0.237	0.362	-0.116	7.42	7.50	-4.98	0.587	-4.607	2.306	0.732	-3.159	2.082	0.0812	0.1200	-0.1200	0.0812	0.1200	-0.1200	1	1.00	0.1953	0.3684	-0.5542	1.658	1
130657	-0.298	0.232	0.072	1.13	-4.70	6.33	0.678	-3.913	2.073	0.732	-3.160	2.082	-0.0402	-0.1200	0.1200	-0.0402	-0.1200	0.1200	1	1.00	0.1953	0.3684	-0.5542	1.658	1
130665	-0.263	0.290	-0.019	4.31	1.87	3.55	0.991	-3.457	1.593	0.732	-3.160	2.082	-0.0093	-0.0013	0.0256	-0.0093	-0.0013	0.0256	1	1.00	0.1953	0.3684	-0.5542	1.658	1
130673	-0.204	0.302	-0.090	4.16	5.06	-4.14	0.812	-4.562	2.731	0.732	-3.161	2.082	0.0425	0.1175	-0.1200	0.0425	0.1175	-0.1200	1	1.00	0.1953	0.3684	-0.5542	1.658	1
130681	-0.211	0.151	0.064	1.01	-5.38	6.60	1.183	-4.119	2.264	0.732	-3.162	2.082	-0.0209	-0.1200	0.1200	-0.0209	-0.1200	0.1200	1	1.00	0.1953	0.3684	-0.5542	1.658	1
130688	-0.138	0.201	-0.057	4.74	0.70	0.49	1.407	-3.647	1.894	0.733	-3.162	2.082	0.0611	-0.0223	-0.0301	0.0611	-0.0223	-0.0301	1	1.00	0.1953	0.3684	-0.5542	1.658	1
130696	-0.121	0.210	-0.084	0.88	3.86	-4.73	1.774	-4.660	2.928	0.733	-3.163	2.083	0.0192	0.1044	-0.1119	0.0192	0.1044	-0.1119	1	1.00	0.1953	0.3684	-0.5542	1.658	1
130704	-0.143	0.080	0.065	0.53	-6.18	7.45	2.116	-4.355	2.175	0.734	-3.164	2.083	-0.0138	-0.1200	0.1200	-0.0138	-0.1200	0.1200	1	1.00	0.1953	0.3684	-0.5542	1.658	1
130712	-0.072	0.151	-0.075	5.50	-0.33	0.76	1.935	-3.723	1.526	0.735	-3.165	2.083	0.0968	-0.0607	-0.0305	0.0968	-0.0607	-0.0305	1	1.00	0.1953	0.3684	-0.5542	1.658	1
130720	-0.123	0.256	-0.125	-2.39	6.17	-5.36	2.465	-4.811	2.646	0.737	-3.166	2.083	-0.0480	0.1200	-0.1200	-0.0480	0.1200	-0.1200	1	1.00	0.1953	0.3684	-0.5542	1.658	1
130727	-0.114	0.070	0.046	-0.80	-1.79	5.03	2.951	-4.585	1.994	0.738	-3.167	2.083	-0.0430	-0.0955	0.1200	-0.0430	-0.0955	0.1200	1	1.00	0.1953	0.3684	-0.5542	1.658	1
130735	-0.025	0.098	-0.070	7.58	-1.16	0.36	2.356	-3.609	1.332	0.740	-3.168	2.083	0.1200	-0.1016	-0.0516	0.1200	-0.1016	-0.0516	1	1.00	0.1953	0.3684	-0.5542	1.658	1
130743	-0.113	0.231	-0.112	-5.14	6.51	-2.52	2.849	-4.757	2.404	0.741	-3.169	2.083	-0.1200	0.1200	-0.0542	-0.1200	0.1200	-0.0542	1	1.00	0.1953	0.3684	-0.5542	1.658	1
130751	-0.081	0.105	-0.022	-0.82	-0.37	3.41	3.615	-5.038	1.921	0.743	-3.170	2.083	-0.0301	-0.0525	0.0814	-0.0301	-0.0525	0.0814	1	1.00	0.1953	0.3684	-0.5542	1.658	1
130759	-0.001	0.092	-0.089	8.74	-2.56	-0.26	2.463	-3.923	1.582	0.745	-3.171	2.082	0.1200	-0.1200	-0.0633	0.1200	-0.1200	-0.0633	1	1.00	0.1953	0.3684	-0.5542	1.658	1
130767	-0.167	0.250	-0.077	-4.75	5.63	-0.98	2.891	-4.735	2.287	0.747	-3.172	2.082	-0.1200	0.1200	-0.0171	-0.1200	0.1200	-0.0171	1	1.00	0.1953	0.3684	-0.5542	1.658	1
130775	-0.173	0.199	-0.020	-0.43	3.17	2.02	3.532	-5.279	2.028	0.749	-3.174	2.082	-0.0594	0.0388	0.0264	-0.0594	0.0388	0.0264	1	1.00	0.1953	0.3684	-0.5542	1.658	1
130783	-0.081	0.100	-0.016	8.81	-5.96	2.13	2.269	-4.038	1.718	0.750	-3.175	2.082	0.1200	-0.1200	0.0229	0.1200	-0.1200	0.0229	1	1.00	0.1953	0.3684	-0.5542	1.658	1
130790	-0.171	0.266	-0.088	-1.32	1.04	-0.14	2.794	-4.298	2.063	0.752	-3.175	2.082	-0.0423	0.0456	0.0007	-0.0423	0.0456	0.0007	1	1.00	0.1953	0.3684	-0.5542	1.658	1
130798	-0.121	0.262	-0.133	-0.40	4.22	-3.60	3.437	-5.110	2.391	0.754	-3.177	2.082	-0.0089	0.1173	-0.1023	-0.0089	0.1173	-0.1023	1	1.00	0.1953	0.3684	-0.5542	1.658	1
130806	-0.045	0.068	-0.021	5.96	-7.73	3.56	2.361	-3.948	1.935	0.755	-3.178	2.082	0.1200	-0.1200	0.0863	0.1200	-0.1200	0.0863	1	1.00	0.1953	0.3684	-0.5542	1.658	1
130814	-0.117	0.270	-0.145	-3.97	0.28	3.07	2.847	-3.912	1.586	0.757	-3.178	2.082	-0.0985	0.0309	0.0714	-0.0985	0.0309	0.0714	1	1.00	0.1953	0.3684	-0.5542	1.658	1
130822	-0.088	0.286	-0.190	-1.89	6.78	-4.67	3.884	-5.186	2.482	0.759	-3.180	2.082	-0.0395	0.1200	-0.1200	-0.0395	0.1200	-0.1200	1	1.00	0.1953	0.3684	-0.5542	1.658	1
130830	-0.026	0.069	-0.041	9.11	-7.33	3.62	2.383	-4.280	2.126	0.761	-3.181	2.082	0.1200	-0.1200	0.0531	0.1200	-0.1200	0.0531	1	1.00	0.1953	0.3684	-0.5542	1.658	1
130837	-0.138	0.204	-0.061	-0.40	-0.83	7.58	2.486	-4.004	1.040	0.762	-3.181	2.081	-0.0699	-0.0677	0.1200	-0.0699	-0.0677	0.1200	1	1.00	0.1953	0.3684	-0.5542	1.658	1
130845	-0.080	0.340	-0.251	-2.01	10.46	-4.11	3.558	-5.403	2.086	0.764	-3.183	2.081	-0.0726	0.1200	-0.1200	-0.0726	0.1200	-0.1200	1	1.00	0.1953	0.3684	-0.5542	1.658	1
130853	-0.025	0.118	-0.090	6.55	-2.32	-0.53	2.282	-5.223	2.743	0.766	-3.185	2.082	0.1200	-0.1128	-0.0408	0.1200	-0.1128	-0.0408	1	1.00	0.1953	0.3684	-0.5542	1.658	1
130861	-0.168	0.128	0.044	0.16	-2.86	10.32	2.173	-4.114	1.324	0.767	-3.186	2.081	-0.0756	-0.1200	0.1200	-0.0756	-0.1200	0.1200	1	1.00	0.1953	0.3684	-0.5542	1.658	1
130869	-0.141	0.312	-0.163	1.34	11.41	0.47	3.203	-5.410	1.558	0.768	-3.187	2.081	-0.0749	0.1200	-0.1134	-0.0749	0.1200	-0.1134	1	1.00	0.1953	0.3684	-0.5542	1.658	1
130877	-0.040	0.255	-0.209	6.65	2.56	-0.43	2.016	-6.044	2.639	0.770	-3.189	2.081	0.1165	0.0011	-0.0993	0.1165	0.0011	-0.0993	1	1.00	0.1953	0.3684	-0.5542	1.658	1
130884	-0.095	0.171	-0.072	0.10	-2.65	7.85	2.148	-4.765	1.369	0.771	-3.191	2.081	-0.0371	-0.1167	0.1200	-0.0371	-0.1167	0.1200	1	1.00	0.1953	0.3684	-0.5542	1.658	1
130892	-0.098	0.274	-0.169	2.17	7.80	2.73	3.211	-5.258	0.894	0.773	-3.192	2.080	-0.0384	0.1160	-0.0543	-0.0384	0.1160	-0.0543	1	1.00	0.1953	0.3684	-0.5542	1.658	1
130900	0.028	0.261	-0.283	6.08	2.60	-0.74	2.657	-5.809	1.972	0.774	-3.194	2.080	0.1200	0.0115	-0.1200	0.1200	0.0115	-0.1200	1	1.00	0.1953	0.3684	-0.5542	1.658	1
130908	-0.112	0.202	-0.085	-1.16	-2.46	8.28	3.065	-4.728	0.941	0.776	-3.196	2.079	-0.0646	-0.1016	0.1200	-0.0646	-0.1016	0.1200	1	1.00	0.1953	0.3684	-0.5542	1.658	1
130916	-0.084	0.307	-0.215	2.24	5.97	1.84	3.986	-4.913	0.518	0.778	-3.197	2.078	-0.0098	0.0962	-0.0710	-0.0098	0.0962	-0.0710	1	1.00	0.1953	0.3684	-0.5542	1.658	1
130924	-0.018	0.245	-0.220	5.38	2.51	-1.43	3.133	-5.472	1.684	0.780	-3.199	2.077	0.1122	0.0185	-0.1179	0.1122	0.0185	-0.1179	1	1.00	0.1953	0.3684	-0.5542	1.658	1
130932	-0.214	0.196	0.023	-5.11	-4.94	11.86	3.501	-4.185	0.463	0.782	-3.200	2.076	-0.1200	-0.1200	0.1200	-0.1200	-0.1200	0.1200	1	1.00	0.1953	0.3684	-0.5542	1.658	1
130939	-0.145	0.302	-0.148	2.77	7.00	3.56	4.200	-4.459	0.015	0.785	-3.201	2.074	-0.0372	0.0974	-0.0516	-0.0372	0.0974	-0.0516	1	1.00	0.1953	0.3684	-0.5542	1.658	1
130947	-0.041	0.295	-0.247	7.18	3.39	-1.69	2.936	-5.159	1.176	0.787	-3.202	2.074	0.1200	0.0357	-0.1200	0.1200	0.0357	-0.1200	1	1.00	0.1953	0.3684	-0.5542	1.658	1
130955	-0.150	0.212	-0.056	-2.58	-3.72	9.69	3.222	-3.847	0.015	0.789	-3.203	2.072	-0.0982	-0.1164	0.1200	-0.0982	-0.1164	0.1200	1	1.00	0.1953	0.3684	-0.5542	1.658	1
130963	-0.150	0.298	-0.140	1.55	6.64	5.35	3.870	-4.172	-0.451	0.791	-3.204	2.070	-0.0713	0.0894	-0.0154	-0.0713	0.0894	-0.0154	1	1.00	0.1953	0.3684	-0.5542	1.658	1
130971	-0.036	0.259	-0.216	6.67	2.65	0.41	2.894	-4.812	0.571	0.793	-3.205	2.069	0.1154	0.0049	-0.1015	0.1154	0.0049	-0.1015	1	1.00	0.1953	0.3684	-0.5542	1.658	1
130979	-0.162	0.208	-0.040	-0.34	-2.69	11.07	3.079	-3.748	-0.368	0.795	-3.206	2.067	-0.0819	-0.1200	0.1200	-0.0819	-0.1200	0.1200	1	1.00	0.1953	0.3684	-0.5542	1.658	1
130986	-0.151	0.275	-0.117	4.59	6.91	5.63	3.520	-4.293	-0.563	0.797	-3.206	2.065	-0.0233	0.0630	-0.0332	-0.0233	0.0630	-0.0332	1	1.00	0.1953	0.3684	-0.5542	1.658	1
130994	-0.090	0.235	-0.138	6.13	3.75	0.49	2.491	-4.890	0.661	0.799	-3.207	2.064	0.0846	0.0246	-0.0857	0.0846	0.0246	-0.0857	1	1.00	0.1953	0.3684	-0.5542	1.658	1
131002	-0.231	0.151	0.084	-0.05	-1.60	11.91	2.729	-4.081	-0.350	0.800	-3.208	2.062	-0.1068	-0.1200	0.1200	-0.1068	-0.1200	0.1200	1	1.00	0.1953	0.3684	-0.5542	1.658	1
131010	-0.143	0.220	-0.072	6.34	7.30	7.83	2.803	-4.417	-0.421	0.802	-3.209	2.060	-0.0159	0.0271	-0.0003	-0.0159	0.0271	-0.0003	1	1.00	0.1953	0.3684	-0.5542	1.658	1
131018	-0.104	0.233	-0.123	8.61	8.39	1.41	1.630	-5.263	0.762	0.803	-3.211	2.059	0.0771	0.0813	-0.1200	0.0771	0.0813	-0.1200	1	1.00	0.1953	0.3684	-0.5542	1.658	1
131026	-0.213	0.106	0.110	1.69	-0.07	15.94	1.853	-4.674	-0.188	0.803	-3.212	2.057	-0.1200	-0.1200	0.1200	-0.1200	-0.1200	0.1200	1	1.00	0.1953	0.3684	-0.5542	1.658	1
131034	-0.179	0.176	0.008	8.11	6.55	10.19	1.952	-4.477	-0.445	0.804	-3.213	2.055	-0.0084	-0.0275	0.0524	-0.0084	-0.0275	0.0524	1	1.00	0.1953	0.3684	-0.5542	1.658	1
131041	-0.121	0.202	-0.076	8.44	10.20	2.09	1.116	-5.671	0.889	0.805	-3.215	2.054	0.0501	0.1035	-0.1083	0.0501	0.1035	-0.1083	1	1.00	0.1953	0.3684	-0.5542	1.658	1
131049	-0.237	0.069	0.170	4.62	0.16	15.74	1.376	-5.213	0.351	0.805	-3.217	2.053	-0.0769	-0.1200	0.1200	-0.0769	-0.1200	0.1200	1	1.00	0.1953	0.3684	-0.5542	1.658	1
131057	-0.201	0.094	0.110	11.21	4.74	11.33	1.110	-4.882	0.160	0.806	-3.218	2.051	0.0430	-0.1136	0.1039	0.0430	-0.1136	0.1039	1	1.00	0.1953	0.3684	-0.5542	1.658	1
131065	-0.199	0.210	-0.005	8.50	11.83	3.46	0.309	-6.178	1.681	0.805	-3.220	2.050	0.0063	0.1200	-0.0761	0.0063	0.1200	-0.0761	1	1.00	0.1953	0.3684	-0.5542	1.658	1
131073	-0.282	0.087	0.197	4.49	-0.15	17.76	0.302	-6.403	2.095	0.805	-3.222	2.050	-0.1085	-0.1200	0.1200	-0.1085	-0.1200	0.1200	1	1.00	0.1953	0.3684	-0.5542	1.658	1
131080	-0.223	0.136	0.090	12.73	0.25	16.31	-0.515	-5.951	2.529	0.804	-3.225	2.051	0.0318	-0.1200	0.1200	0.0318	-0.1200	0.1200	1	1.00	0.1953	0.3684	-0.5542	1.658	1
131088	-0.231	0.266	-0.028	7.50	6.87	9.86	-1.117	-7.337	4.330	0.803	-3.228	2.052	-0.0597	-0.0112	0.0977	-0.0597	-0.0112	0.0977	1	1.00	0.1953	0.3684	-0.5542	1.658	1
131096	-0.188	0.236	-0.041	8.39	2.90	14.09	-1.186	-8.799	6.043	0.801	-3.232	2.055	-0.0426	-0.1200	0.1200	-0.0426	-0.1200	0.1200	1	1.00	0.1953	0.3684	-0.5542	1.658	1
131104	-0.126	0.099	0.030	10.74	-0.61	11.97	-2.294	-9.050	7.837	0.799	-3.236	2.059	0.0488	-0.1200	0.1200	0.0488	-0.1200	0.1200	1	1.00	0.1953	0.3684	-0.5542	1.658	1
131112	-0.241	0.049	0.193	3.51	-1.76	14.54	-2.263	-10.391	9.691	0.796	-3.242	2.065	-0.1154	-0.1200	0.1200	-0.1154	-0.1200	0.1200	1	1.00	0.1953	0.3684	-0.5542	1.658	1
131119	-0.213	-0.029	0.241	7.28	1.02	14.22	-2.278	-12.196	11.634	0.794	-3.248	2.072	-0.0678	-0.1200	0.1200	-0.0678	-0.1200	0.1200	1	1.00	0.1953	0.3684	-0.5542	1.658	1
131127	-0.145	-0.128	0.270	13.21	2.12	11.95	-3.973	-14.058	13.496	0.791	-3.257	2.081	0.0567	-0.1200	0.1200	0.0567	-0.1200	0.1200	1	1.00	0.1953	0.3684	-0.5542	1.658	1
131135	-0.221	-0.207	0.423	5.72	2.88	14.03	-4.304	-15.886	15.065	0.786	-3.266	2.091	-0.1112	-0.1200	0.1200	-0.1112	-0.1200	0.1200	1	1.00	0.1953	0.3684	-0.5542	1.658	1
131143	-0.191	-0.342	0.524	10.02	3.63	12.90	-4.368	-17.658	16.478	0.782	-3.278	2.102	-0.0263	-0.1200	0.1200	-0.0263	-0.1200	0.1200	1	1.00	0.1953	0.3684	-0.5542	1.658	1
131151	-0.136	-0.419	0.544	12.19	4.61	12.07	-5.682	-19.142	17.670	0.778	-3.290	2.114	0.0217	-0.1200	0.1200	0.0217	-0.1200	0.1200	1	1.00	0.1953	0.3684	-0.5542	1.658	1
131159	-0.208	-0.437	0.634	8.58	7.13	10.72	-5.696	-20.126	18.653	0.772	-3.303	2.127	-0.0643	-0.1200	0.1200	-0.0643	-0.1200	0.1200	1	1.00	0.1953	0.3684	-0.5542	1.658	1
131167	-0.205	-0.505	0.697	10.32	7.79	9.49	-5.810	-20.904	19.887	0.767	-3.317	2.141	-0.0319	-0.1200	0.1200	-0.0319	-0.1200	0.1200	1	1.00	0.1953	0.3684	-0.5542	1.658	1
131175	-0.136	-0.567	0.688	12.35	9.05	7.05	-6.492	-21.711	21.700	0.762	-3.332	2.156	0.0213	-0.1200	0.1200	0.0213	-0.1200	0.1200	1	1.00	0.1953	0.3684	-0.5542	1.658	1
131183	-0.195	-0.579	0.759	8.84	9.79	6.33	-6.662	-23.068	24.393	0.756	-3.347	2.173	-0.0597	-0.1200	0.1200	-0.0597	-0.1200	0.1200	1	1.00	0.1953	0.3684	-0.5542	1.658	1
131191	-0.141	-0.633	0.758	10.74	10.31	4.97	-6.697	-25.180	27.526	0.750	-3.364	2.193	-0.0155	-0.1200	0.1200	-0.0155	-0.1200	0.1200	1	1.00	0.1953	0.3684	-0.5542	1.658	1
131199	-0.059	-0.653	0.695	10.92	12.18	3.13	-7.287	-28.063	30.329	0.743	-3.383	2.215	0.0045	-0.1200	0.1200	0.0045	-0.1200	0.1200	1	1.00	0.1953	0.3684	-0.5542	1.658	1
131207	-0.057	-0.640	0.680	9.01	13.66	1.86	-7.298	-30.926	31.609	0.737	-3.404	2.238	-0.0194	-0.1200	0.1200	-0.0194	-0.1200	0.1200	1	1.00	0.1953	0.3684	-0.5542	1.658	1
131215	-0.049	-0.633	0.665	9.94	13.97	-0.33	-7.185	-32.689	31.296	0.731	-3.428	2.261	0.0283	-0.1200	0.1200	0.0283	-0.1200	0.1200	1	1.00	0.1953	0.3684	-0.5542	1.658	1
131223	-0.018	-0.634	0.636	8.58	14.85	-2.28	-7.258	-33.044	31.084	0.724	-3.451	2.284	0.0253	-0.1200	0.1200	0.0253	-0.1200	0.1200	1	1.00	0.1953	0.3684	-0.5542	1.658	1
131231	0.008	-0.602	0.579	6.52	15.84	-3.96	-6.840	-33.355	32.877	0.718	-3.475	2.308	-0.0069	-0.0791	0.1200	-0.0069	-0.0791	0.1200	1	1.00	0.1953	0.3684	-0.5542	1.658	1
131239	0.020	-0.576	0.541	6.46	13.68	-6.71	-6.440	-35.107	37.338	0.712	-3.500	2.335	0.0205	-0.1132	0.1015	0.0205	-0.1132	0.1015	1	1.00	0.1953	0.3684	-0.5542	1.658	1
131247	0.021	-0.498	0.464	4.88	14.93	-9.77	-6.302	-38.234	41.371	0.707	-3.527	2.366	0.0045	-0.0607	0.0567	0.0045	-0.0607	0.0567	1	1.00	0.1953	0.3684	-0.5542	1.658	1
131255	-0.027	-0.438	0.453	2.41	15.16	-9.53	-5.846	-40.470	41.337	0.701	-3.556	2.397	-0.0374	-0.0345	0.0886	-0.0374	-0.0345	0.0886	1	1.00	0.1953	0.3684	-0.5542	1.658	1
131263	0.007	-0.380	0.363	4.20	13.90	-11.12	-5.892	-39.371	39.627	0.696	-3.585	2.427	0.0300	-0.0370	0.0320	0.0300	-0.0370	0.0320	1	1.00	0.1953	0.3684	-0.5542	1.658	1
131270	-0.017	-0.251	0.261	1.36	14.80	-13.51	-5.824	-37.221	40.606	0.691	-3.612	2.457	-0.0284	0.0530	-0.0230	-0.0284	0.0530	-0.0230	1	1.00	0.1953	0.3684	-0.5542	1.658	1
131278	-0.009	-0.156	0.161	1.16	11.93	-12.24	-5.491	-36.892	43.888	0.686	-3.639	2.490	-0.0397	-0.0005	0.0028	-0.0397	-0.0005	0.0028	1	1.00	0.1953	0.3684	-0.5542	1.658	1
131286	0.018	-0.043	0.024	4.75	11.38	-13.48	-5.872	-38.664	44.984	0.681	-3.667	2.524	0.0467	-0.0152	-0.0608	0.0467	-0.0152	-0.0608	1	1.00	0.1953	0.3684	-0.5542	1.658	1
131294	-0.029	0.189	-0.156	0.68	16.47	-14.72	-6.016	-40.863	41.672	0.675	-3.696	2.556	-0.0294	0.1200	-0.1134	-0.0294	0.1200	-0.1134	1	1.00	0.1953	0.3684	-0.5542	1.658	1
131302	-0.030	0.312	-0.274	1.70	13.12	-10.38	-5.972	-39.414	37.615	0.670	-3.725	2.585	-0.0058	0.1145	-0.0560	-0.0058	0.1145	-0.0560	1	1.00	0.1953	0.3684	-0.5542	1.658	1
131310	0.053	0.439	-0.481	4.25	9.22	-10.08	-6.351	-35.733	37.338	0.664	-3.751	2.612	0.0648	0.0613	-0.1026	0.0648	0.0613	-0.1026	1	1.00	0.1953	0.3684	-0.5542	1.658	1
131318	0.063	0.662	-0.707	-0.34	12.52	-11.65	-5.866	-34.009	39.143	0.659	-3.776	2.641	-0.0466	0.1200	-0.1200	-0.0466	0.1200	-0.1200	1	1.00	0.1953	0.3684	-0.5542	1.658	1
131326	0.129	0.775	-0.884	3.01	11.30	-11.67	-5.604	-34.085	38.592	0.654	-3.800	2.670	0.0392	0.1200	-0.1200	0.0392	0.1200	-0.1200	1	1.00	0.1953	0.3684	-0.5542	1.658	1
131334	0.174	0.866	-1.018	3.25	7.89	-8.70	-5.976	-33.922	34.968	0.649	-3.824	2.697	0.0766	0.1200	-0.1200	0.0766	0.1200	-0.1200	1	1.00	0.1953	0.3684	-0.5542	1.658	1
131342	0.138	0.999	-1.111	-2.33	5.85	-5.84	-5.156	-32.226	30.882	0.644	-3.847	2.720	-0.0178	0.1200	-0.1030	-0.0178	0.1200	-0.1030	1	1.00	0.1953	0.3684	-0.5542	1.658	1
131350	0.186	1.095	-1.252	-0.36	5.56	-8.05	-4.634	-29.193	29.005	0.640	-3.868	2.742	0.0423	0.1200	-0.1200	0.0423	0.1200	-0.1200	1	1.00	0.1953	0.3684	-0.5542	1.658	1
131358	0.225	1.191	-1.385	-0.12	3.74	-8.16	-4.449	-26.091	28.706	0.635	-3.887	2.762	0.0543	0.1200	-0.1200	0.0543	0.1200	-0.1200	1	1.00	0.1953	0.3684	-0.5542	1.658	1
131366	0.250	1.281	-1.498	-3.51	3.24	-7.12	-3.755	-23.835	28.544	0.632	-3.903	2.783	-0.0156	0.1200	-0.1200	-0.0156	0.1200	-0.1200	1	1.00	0.1953	0.3684	-0.5542	1.658	1
131374	0.194	1.335	-1.495	-3.17	0.08	-5.36	-3.213	-22.311	27.467	0.629	-3.918	2.803	-0.0123	0.1200	-0.1200	-0.0123	0.1200	-0.1200	1	1.00	0.1953	0.3684	-0.5542	1.658	1
131382	0.221	1.386	-1.571	-1.52	-1.89	-3.98	-3.200	-21.362	24.889	0.626	-3.932	2.821	0.0364	0.1200	-0.1200	0.0364	0.1200	-0.1200	1	1.00	0.1953	0.3684	-0.5542	1.658	1
131390	0.218	1.466	-1.645	-3.08	-1.73	-3.22	-3.079	-20.605	22.037	0.623	-3.946	2.837	0.0148	0.1200	-0.1200	0.0148	0.1200	-0.1200	1	1.00	0.1953	0.3684	-0.5542	1.658	1
131398	0.165	1.525	-1.651	-5.17	-2.24	-2.10	-2.713	-19.405	19.284	0.620	-3.959	2.851	-0.0269	0.1200	-0.1200	-0.0269	0.1200	-0.1200	1	1.00	0.1953	0.3684	-0.5542	1.658	1
131406	0.193	1.504	-1.658	-2.84	-4.43	-0.33	-2.649	-17.917	16.931	0.617	-3.970	2.863	0.0272	0.1200	-0.1200	0.0272	0.1200	-0.1200	1	1.00	0.1953	0.3684	-0.5542	1.658	1
131414	0.202	1.504	-1.667	-1.74	-7.14	1.28	-2.779	-16.015	15.048	0.614	-3.980	2.873	0.0566	0.0782	-0.1113	0.0566	0.0782	-0.1113	1	1.00	0.1953	0.3684	-0.5542	1.658	1
131422	0.164	1.529	-1.652	-6.26	-5.29	3.11	-2.249	-14.102	13.483	0.612	-3.989	2.882	-0.0621	0.1200	-0.0673	-0.0621	0.1200	-0.0673	1	1.00	0.1953	0.3684	-0.5542	1.658	1
131430	0.194	1.529	-1.683	-2.18	-6.64	0.80	-2.003	-12.449	12.483	0.610	-3.996	2.890	0.0427	0.1191	-0.1200	0.0427	0.1191	-0.1200	1	1.00	0.1953	0.3684	-0.5542	1.658	1
131438	0.158	1.483	-1.602	-3.37	-9.20	2.64	-2.289	-10.517	11.351	0.608	-4.002	2.897	0.0154	0.0695	-0.0804	0.0154	0.0695	-0.0804	1	1.00	0.1953	0.3684	-0.5542	1.658	1
131446	0.115	1.467	-1.544	-7.10	-8.38	5.87	-1.529	-9.236	10.102	0.606	-4.006	2.903	-0.0929	0.0915	0.0007	-0.0929	0.0915	0.0007	1	1.00	0.1953	0.3684	-0.5542	1.658	1
131453	0.208	1.410	-1.580	-0.84	-10.05	1.18	-1.763	-8.049	9.570	0.604	-4.009	2.908	0.0857	0.0432	-0.1200	0.0857	0.0432	-0.1200	1	1.00	0.1953	0.3684	-0.5542	1.658	1
131461	0.127	1.330	-1.422	-5.28	-11.23	5.63	-2.202	-6.978	8.957	0.602	-4.012	2.913	-0.0401	0.0128	0.0190	-0.0401	0.0128	0.0190	1	1.00	0.1953	0.3684	-0.5542	1.658	1
131469	0.071	1.323	-1.360	-5.48	-8.52	7.46	-1.599	-6.481	7.761	0.600	-4.014	2.917	-0.0899	0.0508	0.0343	-0.0899	0.0508	0.0343	1	1.00	0.1953	0.3684	-0.5542	1.658	1
131477	0.128	1.238	-1.334	1.31	-10.29	2.33	-2.598	-5.927	7.998	0.598	-4.016	2.921	0.0939	-0.0083	-0.0919	0.0939	-0.0083	-0.0919	1	1.00	0.1953	0.3684	-0.5542	1.658	1
131485	0.015	1.173	-1.157	-5.58	-10.68	6.01	-2.642	-5.637	7.907	0.595	-4.017	2.926	-0.0784	-0.0005	0.0720	-0.0784	-0.0005	0.0720	1	1.00	0.1953	0.3684	-0.5542	1.658	1
131492	0.067	1.101	-1.140	-3.77	-10.02	6.40	-2.210	-5.582	7.394	0.593	-4.018	2.929	-0.0431	-0.0214	0.0567	-0.0431	-0.0214	0.0567	1	1.00	0.1953	0.3684	-0.5542	1.658	1
131500	0.143	0.987	-1.104	1.03	-10.70	0.81	-3.226	-5.417	8.278	0.590	-4.020	2.933	0.1038	-0.0499	-0.0639	0.1038	-0.0499	-0.0639	1	1.00	0.1953	0.3684	-0.5542	1.658	1
131508	-0.017	0.931	-0.890	-7.62	-8.42	5.79	-3.033	-5.930	8.474	0.587	-4.021	2.938	-0.1200	0.0077	0.1200	-0.1200	0.0077	0.1200	1	1.00	0.1953	0.3684	-0.5542	1.658	1
131516	0.054	0.786	-0.819	-1.17	-9.91	4.32	-2.519	-6.387	8.110	0.584	-4.023	2.942	0.0161	-0.0936	0.0689	0.0161	-0.0936	0.0689	1	1.00	0.1953	0.3684	-0.5542	1.658	1
131524	0.128	0.685	-0.795	1.17	-8.86	-1.19	-3.516	-6.625	9.460	0.581	-4.025	2.947	0.1046	-0.0711	-0.0422	0.1046	-0.0711	-0.0422	1	1.00	0.1953	0.3684	-0.5542	1.658	1
131532	-0.010	0.621	-0.594	-9.09	-4.95	1.79	-2.874	-7.967	9.923	0.578	-4.028	2.952	-0.1200	0.0390	0.1146	-0.1200	0.0390	0.1146	1	1.00	0.1953	0.3684	-0.5542	1.658	1
131540	0.066	0.502	-0.554	-2.79	-9.16	2.86	-2.457	-8.435	9.751	0.576	-4.031	2.958	-0.0009	-0.1200	0.1194	-0.0009	-0.1200	0.1194	1	1.00	0.1953	0.3684	-0.5542	1.658	1
131547	0.101	0.481	-0.570	1.95	-9.67	-2.84	-3.695	-8.614	11.067	0.573	-4.035	2.964	0.1200	-0.1200	-0.0104	0.1200	-0.1200	-0.0104	1	1.00	0.1953	0.3684	-0.5542	1.658	1
131555	-0.118	0.540	-0.408	-12.84	0.64	-3.65	-2.843	-10.321	11.937	0.570	-4.039	2.971	-0.1200	0.1200	0.0614	-0.1200	0.1200	0.0614	1	1.00	0.1953	0.3684	-0.5542	1.658	1
131563	-0.009	0.357	-0.339	-4.13	-8.63	-1.50	-2.589	-10.734	11.998	0.567	-4.045	2.978	-0.0043	-0.1151	0.1126	-0.0043	-0.1151	0.1126	1	1.00	0.1953	0.3684	-0.5542	1.658	1
131571	0.068	0.325	-0.385	-0.30	-11.16	-6.72	-4.184	-10.257	13.211	0.564	-4.050	2.986	0.1200	-0.1200	0.0086	0.1200	-0.1200	0.0086	1	1.00	0.1953	0.3684	-0.5542	1.658	1
131579	-0.107	0.447	-0.329	-14.97	-0.76	-8.58	-3.145	-11.893	14.468	0.560	-4.055	2.995	-0.1200	0.1200	0.0377	-0.1200	0.1200	0.0377	1	1.00	0.1953	0.3684	-0.5542	1.658	1
131587	-0.020	0.316	-0.288	-5.84	-9.43	-7.56	-2.770	-12.106	15.087	0.558	-4.062	3.004	0.0147	-0.0883	0.0535	0.0147	-0.0883	0.0535	1	1.00	0.1953	0.3684	-0.5542	1.658	1
131595	0.074	0.253	-0.320	-1.74	-11.09	-8.62	-4.203	-11.155	16.120	0.554	-4.068	3.015	0.1145	-0.1200	0.0094	0.1145	-0.1200	0.0094	1	1.00	0.1953	0.3684	-0.5542	1.658	1
131603	-0.095	0.463	-0.356	-14.22	-1.73	-10.15	-3.293	-12.221	17.327	0.551	-4.074	3.026	-0.1200	0.1200	0.0116	-0.1200	0.1200	0.0116	1	1.00	0.1953	0.3684	-0.5542	1.658	1
131611	-0.003	0.352	-0.339	-7.66	-6.48	-11.01	-2.721	-12.291	17.956	0.548	-4.081	3.038	-0.0238	0.0056	-0.0217	-0.0238	0.0056	-0.0217	1	1.00	0.1953	0.3684	-0.5542	1.658	1
131619	0.104	0.237	-0.335	-0.28	-13.86	-9.22	-4.148	-10.953	18.056	0.545	-4.086	3.050	0.1200	-0.1200	0.0063	0.1200	-0.1200	0.0063	1	1.00	0.1953	0.3684	-0.5542	1.658	1
131627	-0.030	0.429	-0.388	-10.86	-2.66	-9.53	-3.617	-11.326	17.414	0.541	-4.092	3.061	-0.1200	0.1141	-0.0103	-0.1200	0.1141	-0.0103	1	1.00	0.1953	0.3684	-0.5542	1.658	1
131635	0.063	0.366	-0.420	-6.29	-2.38	-10.88	-2.643	-12.148	16.950	0.539	-4.098	3.072	-0.0175	0.0744	-0.0857	-0.0175	0.0744	-0.0857	1	1.00	0.1953	0.3684	-0.5542	1.658	1
131643	0.237	0.176	-0.408	3.57	-14.46	-7.82	-3.987	-10.742	15.799	0.535	-4.104	3.083	0.1200	-0.1200	-0.0191	0.1200	-0.1200	-0.0191	1	1.00	0.1953	0.3684	-0.5542	1.658	1
131651	0.099	0.362	-0.452	-8.54	-4.06	-3.67	-3.210	-10.867	14.155	0.532	-4.109	3.092	-0.0900	0.0183	0.0597	-0.0900	0.0183	0.0597	1	1.00	0.1953	0.3684	-0.5542	1.658	1
131659	0.136	0.438	-0.562	-3.47	1.16	-11.33	-2.383	-12.008	13.860	0.530	-4.115	3.101	0.0386	0.1200	-0.1200	0.0386	0.1200	-0.1200	1	1.00	0.1953	0.3684	-0.5542	1.658	1
131667	0.198	0.265	-0.456	0.81	-10.67	-6.20	-3.258	-11.435	13.591	0.527	-4.121	3.109	0.1200	-0.1200	-0.0103	0.1200	-0.1200	-0.0103	1	1.00	0.1953	0.3684	-0.5542	1.658	1
131675	0.051	0.339	-0.381	-7.82	-5.08	-1.05	-2.368	-10.936	12.220	0.524	-4.127	3.117	-0.0898	-0.0293	0.1150	-0.0898	-0.0293	0.1150	1	1.00	0.1953	0.3684	-0.5542	1.658	1
131683	0.165	0.433	-0.586	-3.83	2.14	-10.35	-1.678	-12.453	13.016	0.522	-4.133	3.124	0.0295	0.1200	-0.1200	0.0295	0.1200	-0.1200	1	1.00	0.1953	0.3684	-0.5542	1.658	1
131691	0.169	0.285	-0.446	-2.42	-8.11	-7.43	-2.327	-12.262	13.676	0.520	-4.140	3.133	0.1094	-0.0975	-0.0225	0.1094	-0.0975	-0.0225	1	1.00	0.1953	0.3684	-0.5542	1.658	1
131698	0.086	0.355	-0.433	-9.72	-6.99	-1.15	-1.343	-11.640	12.552	0.518	-4.146	3.141	-0.0947	-0.0513	0.1200	-0.0947	-0.0513	0.1200	1	1.00	0.1953	0.3684	-0.5542	1.658	1
131707	0.228	0.432	-0.649	-5.43	2.34	-12.13	-0.546	-12.930	13.480	0.517	-4.153	3.149	0.0303	0.1200	-0.1200	0.0303	0.1200	-0.1200	1	1.00	0.1953	0.3684	-0.5542	1.658	1
131714	0.241	0.329	-0.561	-3.44	-8.53	-10.12	-1.112	-12.716	14.190	0.516	-4.160	3.157	0.1200	-0.0730	-0.0835	0.1200	-0.0730	-0.0835	1	1.00	0.1953	0.3684	-0.5542	1.658	1
131722	0.099	0.351	-0.441	-10.79	-7.89	0.29	-0.141	-11.891	12.766	0.515	-4.166	3.165	-0.1151	-0.0776	0.1200	-0.1151	-0.0776	0.1200	1	1.00	0.1953	0.3684	-0.5542	1.658	1
131730	0.196	0.473	-0.657	-5.27	2.92	-10.43	0.589	-12.852	12.746	0.515	-4.173	3.173	0.0269	0.1200	-0.1200	0.0269	0.1200	-0.1200	1	1.00	0.1953	0.3684	-0.5542	1.658	1
131738	0.225	0.369	-0.585	-2.49	-7.75	-8.99	-0.134	-12.371	12.864	0.515	-4.180	3.181	0.1200	-0.0654	-0.0936	0.1200	-0.0654	-0.0936	1	1.00	0.1953	0.3684	-0.5542	1.658	1
131747	0.072	0.432	-0.492	-10.94	-7.05	2.15	0.800	-11.356	10.814	0.515	-4.185	3.187	-0.1200	-0.0545	0.1200	-0.1200	-0.0545	0.1200	1	1.00	0.1953	0.3684	-0.5542	1.658	1
131754	0.218	0.537	-0.741	-3.05	2.05	-11.57	1.436	-11.813	10.532	0.516	-4.191	3.193	0.0954	0.1200	-0.1200	0.0954	0.1200	-0.1200	1	1.00	0.1953	0.3684	-0.5542	1.658	1
131762	0.247	0.420	-0.656	-5.12	-6.89	-7.97	0.814	-11.212	10.616	0.516	-4.197	3.199	0.1052	-0.0169	-0.0883	0.1052	-0.0169	-0.0883	1	1.00	0.1953	0.3684	-0.5542	1.658	1
131770	0.111	0.448	-0.547	-13.02	-8.66	2.87	2.084	-10.231	8.859	0.517	-4.202	3.204	-0.1200	-0.0625	0.1200	-0.1200	-0.0625	0.1200	1	1.00	0.1953	0.3684	-0.5542	1.658	1
131778	0.278	0.504	-0.768	-3.74	0.47	-10.05	2.434	-10.384	8.538	0.519	-4.207	3.208	0.1002	0.1200	-0.1200	0.1002	0.1200	-0.1200	1	1.00	0.1953	0.3684	-0.5542	1.658	1
131786	0.208	0.447	-0.643	-7.73	-7.63	-4.83	1.899	-10.403	8.702	0.520	-4.212	3.213	0.0382	-0.0232	-0.0147	0.0382	-0.0232	-0.0147	1	1.00	0.1953	0.3684	-0.5542	1.658	1
131794	0.156	0.406	-0.551	-12.35	-8.50	1.30	3.058	-9.488	7.249	0.521	-4.217	3.216	-0.0954	-0.0559	0.1200	-0.0954	-0.0559	0.1200	1	1.00	0.1953	0.3684	-0.5542	1.658	1
131802	0.230	0.495	-0.712	-3.81	-0.57	-11.68	3.050	-9.910	7.560	0.524	-4.221	3.220	0.1167	0.1200	-0.1200	0.1167	0.1200	-0.1200	1	1.00	0.1953	0.3684	-0.5542	1.658	1
131810	0.182	0.434	-0.604	-10.06	-9.86	-5.76	2.968	-9.909	7.674	0.525	-4.226	3.223	0.0249	-0.0375	0.0073	0.0249	-0.0375	0.0073	1	1.00	0.1953	0.3684	-0.5542	1.658	1
131818	0.065	0.476	-0.529	-11.63	-9.75	0.13	3.621	-9.099	6.695	0.528	-4.230	3.226	-0.0789	-0.0588	0.1200	-0.0789	-0.0588	0.1200	1	1.00	0.1953	0.3684	-0.5542	1.658	1
131826	0.094	0.566	-0.644	-6.49	-0.38	-13.31	3.253	-9.481	7.435	0.530	-4.234	3.229	0.0547	0.1200	-0.1200	0.0547	0.1200	-0.1200	1	1.00	0.1953	0.3684	-0.5542	1.658	1
131833	0.008	0.477	-0.473	-11.41	-8.62	-5.02	2.913	-9.704	7.898	0.532	-4.238	3.233	-0.0538	-0.0006	0.0481	-0.0538	-0.0006	0.0481	1	1.00	0.1953	0.3684	-0.5542	1.658	1
131841	-0.043	0.462	-0.408	-8.33	-9.96	0.54	2.866	-8.563	6.828	0.534	-4.242	3.236	-0.0513	-0.0925	0.1200	-0.0513	-0.0925	0.1200	1	1.00	0.1953	0.3684	-0.5542	1.658	1
131849	-0.003	0.572	-0.555	-5.92	-0.28	-11.66	2.106	-9.033	7.874	0.535	-4.245	3.239	0.0225	0.1200	-0.1200	0.0225	0.1200	-0.1200	1	1.00	0.1953	0.3684	-0.5542	1.658	1
131857	-0.095	0.497	-0.389	-11.00	-7.17	-4.44	1.757	-9.401	8.551	0.536	-4.250	3.244	-0.0924	0.0244	0.0651	-0.0924	0.0244	0.0651	1	1.00	0.1953	0.3684	-0.5542	1.658	1
131865	-0.080	0.435	-0.344	-5.19	-9.80	0.09	1.480	-8.029	7.364	0.537	-4.253	3.247	-0.0101	-0.1131	0.1141	-0.0101	-0.1131	0.1141	1	1.00	0.1953	0.3684	-0.5542	1.658	1
131873	-0.051	0.583	-0.517	-3.94	0.68	-11.64	0.612	-8.340	8.560	0.537	-4.256	3.251	0.0284	0.1200	-0.1200	0.0284	0.1200	-0.1200	1	1.00	0.1953	0.3684	-0.5542	1.658	1
131881	-0.157	0.518	-0.348	-9.53	-6.23	-4.53	0.723	-8.846	9.138	0.538	-4.260	3.256	-0.0951	0.0380	0.0543	-0.0951	0.0380	0.0543	1	1.00	0.1953	0.3684	-0.5542	1.658	1
131888	-0.160	0.454	-0.282	-1.42	-10.90	0.38	0.328	-7.369	7.925	0.538	-4.262	3.260	0.0361	-0.1200	0.1105	0.0361	-0.1200	0.1105	1	1.00	0.1953	0.3684	-0.5542	1.658	1
131896	-0.152	0.611	-0.442	-2.16	-1.13	-9.82	-0.852	-7.363	9.015	0.537	-4.265	3.264	0.0112	0.1200	-0.1200	0.0112	0.1200	-0.1200	1	1.00	0.1953	0.3684	-0.5542	1.658	1
131904	-0.280	0.588	-0.292	-9.86	-3.97	-2.45	-0.576	-7.778	9.477	0.536	-4.268	3.269	-0.1200	0.0859	0.0872	-0.1200	0.0859	0.0872	1	1.00	0.1953	0.3684	-0.5542	1.658	1
131912	-0.207	0.528	-0.307	0.79	-9.79	-0.93	-1.247	-6.197	8.330	0.535	-4.269	3.273	0.0399	-0.1200	0.0566	0.0399	-0.1200	0.0566	1	1.00	0.1953	0.3684	-0.5542	1.658	1
131920	-0.206	0.620	-0.398	-2.00	-0.76	-8.33	-2.315	-5.898	9.112	0.532	-4.271	3.278	-0.0240	0.1200	-0.1200	-0.0240	0.1200	-0.1200	1	1.00	0.1953	0.3684	-0.5542	1.658	1
131928	-0.283	0.584	-0.286	-7.80	-2.72	-0.78	-1.776	-6.514	8.934	0.530	-4.272	3.282	-0.1200	0.0873	0.0874	-0.1200	0.0873	0.0874	1	1.00	0.1953	0.3684	-0.5542	1.658	1
131935	-0.094	0.440	-0.335	4.06	-8.32	-0.07	-2.633	-5.254	7.726	0.528	-4.274	3.286	0.0959	-0.1200	0.0258	0.0959	-0.1200	0.0258	1	1.00	0.1953	0.3684	-0.5542	1.658	1
131943	-0.136	0.535	-0.385	0.70	-1.54	-5.91	-3.481	-5.101	8.183	0.525	-4.274	3.290	0.0211	0.0839	-0.1068	0.0211	0.0839	-0.1068	1	1.00	0.1953	0.3684	-0.5542	1.658	1
131951	-0.201	0.523	-0.307	-6.87	-1.74	-0.05	-2.378	-5.846	7.917	0.522	-4.275	3.294	-0.1200	0.0866	0.0773	-0.1200	0.0866	0.0773	1	1.00	0.1953	0.3684	-0.5542	1.658	1
131959	-0.068	0.421	-0.342	6.81	-8.51	-0.51	-2.873	-4.742	6.941	0.520	-4.276	3.297	0.1200	-0.1200	-0.0089	0.1200	-0.1200	-0.0089	1	1.00	0.1953	0.3684	-0.5542	1.658	1
131967	-0.073	0.465	-0.379	1.32	-3.95	-3.91	-3.487	-4.406	7.162	0.517	-4.276	3.300	0.0491	0.0099	-0.0615	0.0491	0.0099	-0.0615	1	1.00	0.1953	0.3684	-0.5542	1.658	1
131975	-0.216	0.546	-0.316	-7.14	3.08	-0.16	-2.035	-5.468	6.868	0.514	-4.277	3.303	-0.1200	0.1200	0.0300	-0.1200	0.1200	0.0300	1	1.00	0.1953	0.3684	-0.5542	1.658	1
131982	0.024	0.342	-0.358	6.52	-8.43	-1.04	-2.420	-4.791	6.312	0.512	-4.277	3.305	0.1200	-0.1200	-0.0223	0.1200	-0.1200	-0.0223	1	1.00	0.1953	0.3684	-0.5542	1.658	1
131990	0.018	0.342	-0.352	0.36	-6.13	-0.99	-2.637	-4.184	6.139	0.510	-4.277	3.308	0.0490	-0.0702	0.0139	0.0490	-0.0702	0.0139	1	1.00	0.1953	0.3684	-0.5542	1.658	1
131998	-0.071	0.474	-0.391	-7.37	4.82	-2.40	-1.174	-5.403	6.022	0.508	-4.278	3.310	-0.1200	0.1200	-0.0431	-0.1200	0.1200	-0.0431	1	1.00	0.1953	0.3684	-0.5542	1.658	1
132006	0.052	0.296	-0.341	3.49	-3.47	-2.03	-1.448	-5.262	5.902	0.507	-4.279	3.312	0.1046	-0.0563	-0.0542	0.1046	-0.0563	-0.0542	1	1.00	0.1953	0.3684	-0.5542	1.658	1
132014	0.051	0.232	-0.277	3.93	-8.94	2.69	-1.661	-4.609	4.939	0.505	-4.279	3.314	0.1175	-0.1200	0.0791	0.1175	-0.1200	0.0791	1	1.00	0.1953	0.3684	-0.5542	1.658	1
132021	0.012	0.414	-0.415	-8.00	4.79	-2.60	-0.147	-5.622	5.021	0.504	-4.280	3.315	-0.1200	0.1200	-0.0516	-0.1200	0.1200	-0.0516	1	1.00	0.1954	0.3684	-0.5542	1.658	1
132029	0.172	0.237	-0.403	3.07	-2.95	-5.82	-0.009	-5.965	5.643	0.504	-4.281	3.317	0.1200	-0.0306	-0.1200	0.1200	-0.0306	-0.1200	1	1.00	0.1954	0.3684	-0.5542	1.658	1
132037	0.105	0.145	-0.246	0.36	-10.27	2.84	-0.374	-4.689	4.680	0.503	-4.282	3.318	0.0804	-0.1200	0.1200	0.0804	-0.1200	0.1200	1	1.00	0.1954	0.3684	-0.5542	1.658	1
132045	0.029	0.385	-0.403	-8.11	3.59	-0.44	1.091	-5.525	4.223	0.503	-4.283	3.319	-0.1200	0.1200	-0.0097	-0.1200	0.1200	-0.0097	1	1.00	0.1954	0.3684	-0.5542	1.658	1
132053	0.158	0.328	-0.478	0.53	-0.76	-8.75	1.086	-6.160	5.453	0.504	-4.284	3.320	0.1200	0.0701	-0.1200	0.1200	0.0701	-0.1200	1	1.00	0.1954	0.3684	-0.5542	1.658	1
132061	0.104	0.181	-0.280	-2.30	-11.24	2.98	0.570	-4.963	4.709	0.504	-4.285	3.321	0.0600	-0.1200	0.1200	0.0600	-0.1200	0.1200	1	1.00	0.1954	0.3684	-0.5542	1.658	1
132068	0.040	0.325	-0.356	-7.44	-1.52	-0.11	1.852	-5.043	3.949	0.504	-4.285	3.322	-0.0894	0.0565	0.0353	-0.0894	0.0565	0.0353	1	1.00	0.1954	0.3684	-0.5542	1.658	1
132076	0.123	0.323	-0.438	-1.59	-0.35	-7.57	1.786	-6.181	5.344	0.506	-4.287	3.323	0.0834	0.0820	-0.1200	0.0834	0.0820	-0.1200	1	1.00	0.1954	0.3684	-0.5542	1.658	1
132084	0.121	0.147	-0.264	-3.74	-11.19	0.35	1.415	-5.169	4.857	0.506	-4.288	3.325	0.0634	-0.1200	0.1148	0.0634	-0.1200	0.1148	1	1.00	0.1954	0.3684	-0.5542	1.658	1
132092	0.040	0.257	-0.290	-8.25	-2.95	-0.32	2.672	-5.292	4.237	0.508	-4.288	3.326	-0.0892	0.0203	0.0613	-0.0892	0.0203	0.0613	1	1.00	0.1954	0.3684	-0.5542	1.658	1
132100	0.117	0.254	-0.365	-1.80	-0.44	-9.38	2.530	-6.350	5.584	0.510	-4.290	3.327	0.0957	0.0788	-0.1200	0.0957	0.0788	-0.1200	1	1.00	0.1954	0.3684	-0.5542	1.658	1
132108	0.100	0.112	-0.209	-5.93	-11.85	-0.39	2.137	-5.775	5.401	0.511	-4.291	3.329	0.0346	-0.1200	0.1200	0.0346	-0.1200	0.1200	1	1.00	0.1954	0.3684	-0.5542	1.658	1
132116	-0.007	0.231	-0.219	-8.66	-4.01	0.09	3.131	-5.826	4.767	0.513	-4.292	3.330	-0.1002	-0.0100	0.0965	-0.1002	-0.0100	0.0965	1	1.00	0.1954	0.3684	-0.5542	1.658	1
132124	0.142	0.205	-0.341	-1.16	-0.08	-12.81	2.897	-7.145	6.503	0.515	-4.294	3.332	0.1200	0.0910	-0.1200	0.1200	0.0910	-0.1200	1	1.00	0.1954	0.3684	-0.5542	1.658	1
132131	0.057	0.060	-0.116	-6.96	-10.86	-1.19	2.342	-6.498	6.550	0.516	-4.296	3.335	0.0041	-0.1200	0.1200	0.0041	-0.1200	0.1200	1	1.00	0.1954	0.3684	-0.5542	1.658	1
132139	-0.011	0.165	-0.149	-8.02	-4.48	-0.71	3.430	-6.504	5.834	0.518	-4.298	3.337	-0.0816	-0.0384	0.0982	-0.0816	-0.0384	0.0982	1	1.00	0.1954	0.3684	-0.5542	1.658	1
132147	0.092	0.221	-0.307	-1.95	1.87	-11.55	2.918	-7.799	7.467	0.520	-4.300	3.340	0.0849	0.1199	-0.1200	0.0849	0.1199	-0.1200	1	1.00	0.1954	0.3684	-0.5542	1.658	1
132155	-0.010	0.125	-0.112	-5.47	-10.27	-1.91	2.346	-7.305	7.405	0.522	-4.303	3.343	0.0169	-0.1200	0.1200	0.0169	-0.1200	0.1200	1	1.00	0.1954	0.3684	-0.5542	1.658	1
132163	-0.057	0.228	-0.165	-6.06	-3.86	-2.33	3.080	-6.918	6.674	0.524	-4.305	3.346	-0.0512	-0.0200	0.0494	-0.0512	-0.0200	0.0494	1	1.00	0.1954	0.3684	-0.5542	1.658	1
132170	-0.012	0.262	-0.243	-2.68	2.15	-12.04	2.687	-7.929	8.126	0.526	-4.308	3.350	0.0497	0.1200	-0.1200	0.0497	0.1200	-0.1200	1	1.00	0.1954	0.3684	-0.5542	1.658	1
132178	-0.053	0.139	-0.083	-6.03	-9.42	0.76	2.274	-7.305	7.647	0.527	-4.310	3.353	-0.0347	-0.1200	0.1200	-0.0347	-0.1200	0.1200	1	1.00	0.1954	0.3684	-0.5542	1.658	1
132186	-0.049	0.252	-0.196	-4.07	-2.75	-1.84	2.762	-6.746	6.519	0.529	-4.312	3.356	-0.0297	-0.0136	0.0247	-0.0297	-0.0136	0.0247	1	1.00	0.1954	0.3684	-0.5542	1.658	1
132194	0.074	0.302	-0.368	0.34	4.62	-13.30	2.355	-7.917	7.745	0.530	-4.315	3.359	0.1115	0.1200	-0.1200	0.1115	0.1200	-0.1200	1	1.00	0.1954	0.3684	-0.5542	1.658	1
132202	0.021	0.182	-0.198	-6.20	-8.13	-0.46	2.388	-7.310	7.142	0.532	-4.318	3.362	-0.0191	-0.1200	0.1191	-0.0191	-0.1200	0.1191	1	1.00	0.1954	0.3684	-0.5542	1.658	1
132210	-0.013	0.234	-0.214	-2.42	-3.03	-1.42	2.930	-6.531	5.924	0.534	-4.320	3.365	0.0069	-0.0374	0.0126	0.0069	-0.0374	0.0126	1	1.00	0.1954	0.3684	-0.5542	1.658	1
132218	0.008	0.354	-0.352	-2.83	3.66	-8.64	2.646	-7.674	7.132	0.535	-4.322	3.367	0.0122	0.1200	-0.1200	0.0122	0.1200	-0.1200	1	1.00	0.1954	0.3684	-0.5542	1.658	1
132226	-0.051	0.262	-0.204	-3.53	-4.81	-0.95	2.677	-7.216	6.463	0.537	-4.324	3.370	-0.0083	-0.0620	0.0543	-0.0083	-0.0620	0.0543	1	1.00	0.1954	0.3684	-0.5542	1.658	1
132234	-0.052	0.300	-0.240	-1.41	-2.91	0.94	2.874	-6.393	5.275	0.539	-4.326	3.372	-0.0030	-0.0467	0.0365	-0.0030	-0.0467	0.0365	1	1.00	0.1954	0.3684	-0.5542	1.658	1
132242	-0.012	0.416	-0.394	-1.12	4.25	-7.46	2.639	-7.301	6.101	0.541	-4.328	3.374	0.0259	0.1200	-0.1200	0.0259	0.1200	-0.1200	1	1.00	0.1954	0.3684	-0.5542	1.658	1
132250	-0.087	0.310	-0.215	-2.28	-3.97	-0.19	2.556	-6.898	5.533	0.542	-4.331	3.376	-0.0045	-0.0484	0.0445	-0.0045	-0.0484	0.0445	1	1.00	0.1954	0.3684	-0.5542	1.658	1
132258	-0.079	0.336	-0.248	-0.71	-3.41	2.85	2.762	-5.966	4.348	0.544	-4.332	3.377	-0.0064	-0.0650	0.0630	-0.0064	-0.0650	0.0630	1	1.00	0.1954	0.3684	-0.5541	1.658	1
132266	-0.025	0.479	-0.441	0.23	5.38	-6.77	2.661	-6.856	5.183	0.546	-4.334	3.378	0.0334	0.1200	-0.1200	0.0334	0.1200	-0.1200	1	1.00	0.1954	0.3684	-0.5541	1.658	1
132274	-0.075	0.354	-0.270	-0.37	-2.31	-0.27	2.560	-6.705	4.858	0.547	-4.336	3.379	0.0203	-0.0215	-0.0013	0.0203	-0.0215	-0.0013	1	1.00	0.1954	0.3684	-0.5541	1.658	1
132281	-0.108	0.351	-0.234	0.20	-5.12	6.84	2.638	-5.631	3.657	0.549	-4.337	3.380	-0.0164	-0.1200	0.1200	-0.0164	-0.1200	0.1200	1	1.00	0.1954	0.3684	-0.5541	1.658	1
132289	-0.042	0.532	-0.476	0.21	7.37	-6.09	2.742	-6.528	4.176	0.551	-4.339	3.380	0.0111	0.1200	-0.1200	0.0111	0.1200	-0.1200	1	1.00	0.1954	0.3684	-0.5541	1.658	1
132297	-0.059	0.408	-0.337	0.93	0.41	-2.92	2.739	-6.758	4.483	0.552	-4.341	3.381	0.0496	0.0507	-0.0965	0.0496	0.0507	-0.0965	1	1.00	0.1954	0.3684	-0.5541	1.658	1
132305	-0.102	0.335	-0.224	0.26	-6.84	9.87	2.777	-5.341	2.954	0.554	-4.342	3.381	-0.0244	-0.1200	0.1200	-0.0244	-0.1200	0.1200	1	1.00	0.1954	0.3684	-0.5541	1.658	1
132313	-0.084	0.537	-0.439	1.85	6.56	-2.59	2.956	-5.743	2.847	0.556	-4.343	3.381	0.0092	0.1200	-0.1200	0.0092	0.1200	-0.1200	1	1.00	0.1954	0.3684	-0.5541	1.658	1
132321	-0.058	0.483	-0.412	0.43	1.61	-1.39	2.928	-6.328	3.452	0.558	-4.344	3.381	0.0212	0.0841	-0.0957	0.0212	0.0841	-0.0957	1	1.00	0.1954	0.3684	-0.5541	1.658	1
132328	-0.061	0.380	-0.310	1.85	-5.47	8.38	3.143	-4.935	1.952	0.560	-4.345	3.380	0.0173	-0.1200	0.1200	0.0173	-0.1200	0.1200	1	1.00	0.1954	0.3684	-0.5541	1.658	1
132336	0.002	0.473	-0.463	3.21	4.22	-1.30	3.380	-4.537	1.324	0.562	-4.345	3.378	0.0607	0.1178	-0.1200	0.0607	0.1178	-0.1200	1	1.00	0.1954	0.3684	-0.5541	1.658	1
132344	-0.004	0.444	-0.429	-0.84	-0.32	2.02	3.635	-5.409	1.957	0.565	-4.346	3.377	0.0006	0.0291	-0.0238	0.0006	0.0291	-0.0238	1	1.00	0.1954	0.3684	-0.5541	1.658	1
132352	-0.012	0.368	-0.346	1.26	-4.30	6.01	3.867	-4.276	0.762	0.567	-4.346	3.375	0.0330	-0.1024	0.0669	0.0330	-0.1024	0.0669	1	1.00	0.1954	0.3684	-0.5541	1.658	1
132360	-0.016	0.458	-0.430	2.52	1.56	-0.16	3.990	-3.622	0.204	0.570	-4.346	3.373	0.0595	0.0677	-0.1200	0.0595	0.0677	-0.1200	1	1.00	0.1954	0.3684	-0.5541	1.658	1
132368	-0.032	0.512	-0.467	-2.55	1.35	4.70	4.392	-4.608	0.708	0.573	-4.346	3.371	-0.0696	0.0700	0.0054	-0.0696	0.0700	0.0054	1	1.00	0.1954	0.3684	-0.5541	1.658	1
132375	0.026	0.396	-0.411	3.75	-3.45	4.15	4.303	-3.745	-0.222	0.576	-4.345	3.368	0.0962	-0.0828	-0.0306	0.0962	-0.0828	-0.0306	1	1.00	0.1954	0.3684	-0.5541	1.658	1
132383	-0.006	0.404	-0.387	-0.24	-0.49	4.43	4.229	-3.090	-0.575	0.579	-4.344	3.365	-0.0081	0.0077	-0.0134	-0.0081	0.0077	-0.0134	1	1.00	0.1954	0.3684	-0.5541	1.658	1
132391	-0.019	0.491	-0.460	-2.64	3.07	4.44	4.896	-4.083	-0.254	0.582	-4.344	3.362	-0.0775	0.1036	-0.0347	-0.0775	0.1036	-0.0347	1	1.00	0.1954	0.3684	-0.5541	1.658	1
132399	0.136	0.281	-0.409	6.13	-1.77	1.35	4.546	-3.452	-0.816	0.585	-4.343	3.359	0.1200	-0.0704	-0.1180	0.1200	-0.0704	-0.1180	1	1.00	0.1954	0.3684	-0.5541	1.658	1
132407	0.031	0.267	-0.291	0.43	-3.01	13.06	4.580	-2.875	-1.696	0.588	-4.342	3.355	-0.0404	-0.1200	0.1200	-0.0404	-0.1200	0.1200	1	1.00	0.1954	0.3684	-0.5541	1.658	1
132415	0.098	0.432	-0.519	-0.83	8.39	3.87	5.409	-4.154	-1.799	0.592	-4.342	3.351	-0.0525	0.1200	-0.1200	-0.0525	0.1200	-0.1200	1	1.00	0.1954	0.3684	-0.5541	1.658	1
132423	0.190	0.204	-0.389	7.85	1.21	3.11	4.744	-4.307	-1.721	0.596	-4.342	3.347	0.1200	-0.0619	-0.1200	0.1200	-0.0619	-0.1200	1	1.00	0.1954	0.3684	-0.5541	1.658	1
132431	0.069	0.177	-0.241	0.57	-3.45	18.22	5.107	-3.333	-3.236	0.599	-4.341	3.342	-0.0608	-0.1200	0.1200	-0.0608	-0.1200	0.1200	1	1.00	0.1954	0.3684	-0.5541	1.658	1
132439	0.081	0.384	-0.455	2.50	9.64	6.58	5.929	-4.484	-3.126	0.603	-4.341	3.336	-0.0241	0.1200	-0.1064	-0.0241	0.1200	-0.1064	1	1.00	0.1954	0.3684	-0.5541	1.658	1
132447	0.103	0.230	-0.328	8.07	2.26	5.96	5.466	-4.968	-2.463	0.607	-4.342	3.332	0.1200	-0.0655	-0.0724	0.1200	-0.0655	-0.0724	1	1.00	0.1954	0.3684	-0.5541	1.658	1
132455	-0.052	0.181	-0.124	-0.50	-1.70	17.65	5.814	-3.846	-3.805	0.611	-4.341	3.326	-0.1066	-0.1200	0.1200	-0.1066	-0.1200	0.1200	1	1.00	0.1954	0.3684	-0.5541	1.658	1
132463	0.009	0.270	-0.271	5.94	10.19	7.24	6.554	-4.856	-3.454	0.616	-4.342	3.321	0.0132	0.0940	-0.0954	0.0132	0.0940	-0.0954	1	1.00	0.1954	0.3684	-0.5541	1.658	1
132470	0.045	0.152	-0.193	6.34	2.41	9.23	5.797	-5.332	-2.662	0.620	-4.342	3.316	0.0732	-0.0937	0.0255	0.0732	-0.0937	0.0255	1	1.00	0.1954	0.3684	-0.5541	1.658	1
132478	-0.051	0.154	-0.099	0.98	1.67	16.17	6.287	-4.844	-3.418	0.625	-4.343	3.311	-0.0927	-0.1172	0.1200	-0.0927	-0.1172	0.1200	1	1.00	0.1954	0.3684	-0.5541	1.658	1
132486	0.026	0.187	-0.208	5.80	11.56	6.02	6.392	-5.870	-2.419	0.629	-4.344	3.306	0.0131	0.1062	-0.1061	0.0131	0.1062	-0.1061	1	1.00	0.1954	0.3684	-0.5541	1.658	1
132494	-0.031	0.043	-0.011	3.96	1.94	11.98	5.945	-6.219	-1.754	0.634	-4.345	3.302	-0.0045	-0.1200	0.1200	-0.0045	-0.1200	0.1200	1	1.00	0.1954	0.3684	-0.5541	1.658	1
132502	-0.076	0.077	0.001	4.01	3.56	14.96	6.233	-5.828	-2.270	0.638	-4.346	3.297	-0.0529	-0.1200	0.1200	-0.0529	-0.1200	0.1200	1	1.00	0.1954	0.3684	-0.5541	1.658	1
132510	-0.058	0.165	-0.103	7.22	14.31	3.43	6.028	-7.196	-0.950	0.642	-4.348	3.293	0.0186	0.1200	-0.1200	0.0186	0.1200	-0.1200	1	1.00	0.1954	0.3684	-0.5541	1.658	1
132518	-0.095	0.004	0.091	4.80	3.24	13.11	5.605	-7.360	-0.533	0.646	-4.351	3.290	-0.0260	-0.1200	0.1200	-0.0260	-0.1200	0.1200	1	1.00	0.1954	0.3684	-0.5541	1.658	1
132525	-0.137	0.046	0.092	6.24	6.10	13.89	5.310	-6.806	-0.973	0.650	-4.353	3.287	-0.0424	-0.0965	0.1200	-0.0424	-0.0965	0.1200	1	1.00	0.1954	0.3684	-0.5541	1.658	1
132533	-0.141	0.140	0.005	6.28	16.25	2.01	5.255	-8.060	0.554	0.654	-4.356	3.284	-0.0232	0.1200	-0.1200	-0.0232	0.1200	-0.1200	1	1.00	0.1954	0.3684	-0.5541	1.658	1
132541	-0.191	-0.021	0.212	6.17	4.43	13.62	4.660	-8.323	1.161	0.657	-4.359	3.283	-0.0430	-0.1200	0.1200	-0.0430	-0.1200	0.1200	1	1.00	0.1954	0.3684	-0.5541	1.658	1
132549	-0.190	-0.010	0.199	9.60	6.37	13.31	4.115	-7.532	0.560	0.660	-4.361	3.281	0.0008	-0.1200	0.1200	0.0008	-0.1200	0.1200	1	1.00	0.1954	0.3684	-0.5541	1.658	1
132557	-0.216	0.148	0.073	6.62	15.59	4.12	3.907	-8.768	1.835	0.663	-4.365	3.279	-0.0509	0.1200	-0.0711	-0.0509	0.1200	-0.0711	1	1.00	0.1954	0.3684	-0.5541	1.658	1
132564	-0.210	0.096	0.117	6.53	8.19	9.08	3.202	-9.479	3.117	0.665	-4.369	3.279	-0.0375	-0.0268	0.0964	-0.0375	-0.0268	0.0964	1	1.00	0.1954	0.3684	-0.5541	1.658	1
132573	-0.331	0.054	0.279	8.75	4.65	10.39	2.655	-8.414	2.573	0.667	-4.372	3.278	-0.0095	-0.1200	0.1200	-0.0095	-0.1200	0.1200	1	1.00	0.1954	0.3684	-0.5541	1.658	1
132580	-0.325	0.203	0.128	6.18	11.34	6.17	2.660	-9.279	3.723	0.668	-4.376	3.278	-0.0727	0.0804	0.0280	-0.0727	0.0804	0.0280	1	1.00	0.1954	0.3684	-0.5541	1.658	1
132588	-0.284	0.186	0.103	8.34	10.35	4.58	1.849	-10.254	5.177	0.669	-4.380	3.280	-0.0084	0.0484	-0.0035	-0.0084	0.0484	-0.0035	1	1.00	0.1954	0.3684	-0.5541	1.658	1
132596	-0.397	0.085	0.314	9.57	2.64	7.78	1.036	-9.293	5.051	0.670	-4.384	3.281	0.0205	-0.1200	0.1200	0.0205	-0.1200	0.1200	1	1.00	0.1954	0.3684	-0.5541	1.658	1
132604	-0.417	0.193	0.229	4.97	10.43	6.49	0.919	-9.631	5.559	0.670	-4.388	3.283	-0.1178	0.0679	0.0873	-0.1178	0.0679	0.0873	1	1.00	0.1954	0.3684	-0.5541	1.658	1
132612	-0.386	0.261	0.132	9.09	11.49	-1.44	0.208	-10.793	7.349	0.670	-4.393	3.286	0.0173	0.1200	-0.1020	0.0173	0.1200	-0.1020	1	1.00	0.1954	0.3684	-0.5541	1.658	1
132619	-0.417	0.111	0.309	8.25	-0.06	6.21	-0.708	-9.646	7.334	0.669	-4.398	3.289	0.0020	-0.1200	0.1200	0.0020	-0.1200	0.1200	1	1.00	0.1954	0.3684	-0.5541	1.658	1
132627	-0.405	0.209	0.201	6.90	6.34	6.97	-0.750	-9.574	7.293	0.668	-4.402	3.292	-0.0802	-0.0234	0.1186	-0.0802	-0.0234	0.1186	1	1.00	0.1954	0.3684	-0.5541	1.658	1
132635	-0.300	0.287	0.021	9.36	11.90	-6.56	-1.431	-10.536	9.174	0.666	-4.407	3.296	0.0529	0.1200	-0.1200	0.0529	0.1200	-0.1200	1	1.00	0.1954	0.3684	-0.5541	1.658	1
132643	-0.350	0.117	0.236	5.39	0.58	5.99	-1.948	-9.797	9.392	0.664	-4.411	3.301	-0.0490	-0.1200	0.1200	-0.0490	-0.1200	0.1200	1	1.00	0.1954	0.3684	-0.5541	1.658	1
132651	-0.354	0.172	0.187	7.96	5.13	5.52	-1.661	-9.111	8.886	0.662	-4.415	3.306	-0.0416	-0.0506	0.0955	-0.0416	-0.0506	0.0955	1	1.00	0.1954	0.3684	-0.5541	1.658	1
132658	-0.267	0.267	0.007	8.69	11.54	-6.48	-2.147	-10.140	10.666	0.660	-4.419	3.311	0.0381	0.1200	-0.1200	0.0381	0.1200	-0.1200	1	1.00	0.1954	0.3684	-0.5541	1.658	1
132666	-0.299	0.166	0.138	6.35	0.18	3.52	-2.278	-9.699	11.071	0.658	-4.424	3.318	-0.0078	-0.1191	0.1169	-0.0078	-0.1191	0.1169	1	1.00	0.1954	0.3684	-0.5541	1.658	1
132674	-0.261	0.239	0.028	7.39	4.77	-0.20	-2.080	-9.053	10.428	0.656	-4.428	3.323	0.0130	0.0057	-0.0233	0.0130	0.0057	-0.0233	1	1.00	0.1954	0.3684	-0.5541	1.658	1
132682	-0.221	0.261	-0.033	5.54	8.28	-4.72	-2.195	-9.909	11.697	0.654	-4.432	3.330	-0.0021	0.1200	-0.1195	-0.0021	0.1200	-0.1195	1	1.00	0.1954	0.3684	-0.5541	1.658	1
132690	-0.229	0.123	0.109	5.89	-2.27	8.33	-2.272	-9.462	11.155	0.651	-4.436	3.336	-0.0260	-0.1200	0.1200	-0.0260	-0.1200	0.1200	1	1.00	0.1954	0.3684	-0.5541	1.658	1
132698	-0.149	0.174	-0.020	8.64	4.51	-0.45	-2.225	-8.952	10.322	0.649	-4.440	3.342	0.0616	-0.0197	-0.0466	0.0616	-0.0197	-0.0466	1	1.00	0.1954	0.3684	-0.5541	1.658	1
132706	-0.116	0.189	-0.069	5.73	9.64	-4.38	-1.887	-9.892	10.893	0.647	-4.444	3.348	0.0132	0.1200	-0.1200	0.0132	0.1200	-0.1200	1	1.00	0.1954	0.3684	-0.5541	1.658	1
132713	-0.082	0.079	0.005	5.10	-1.51	6.25	-1.715	-9.359	9.827	0.645	-4.448	3.353	0.0112	-0.1200	0.1200	0.0112	-0.1200	0.1200	1	1.00	0.1954	0.3684	-0.5541	1.658	1
132722	-0.020	0.191	-0.167	7.50	4.17	-0.46	-1.672	-8.726	8.739	0.643	-4.451	3.358	0.0810	-0.0082	-0.0696	0.0810	-0.0082	-0.0696	1	1.00	0.1954	0.3684	-0.5541	1.658	1
132729	-0.043	0.257	-0.207	1.18	9.54	-2.78	-0.908	-10.012	9.342	0.642	-4.456	3.362	-0.0518	0.1200	-0.1023	-0.0518	0.1200	-0.1023	1	1.00	0.1954	0.3684	-0.5541	1.658	1
132738	-0.014	0.122	-0.104	5.20	-0.96	4.54	-0.561	-9.529	8.130	0.641	-4.460	3.367	0.0503	-0.1200	0.0908	0.0503	-0.1200	0.0908	1	1.00	0.1954	0.3684	-0.5541	1.658	1
132745	0.052	0.238	-0.284	8.24	2.68	1.14	-0.812	-8.809	7.041	0.639	-4.463	3.370	0.1184	-0.0423	-0.0664	0.1184	-0.0423	-0.0664	1	1.00	0.1954	0.3684	-0.5541	1.658	1
132753	0.003	0.393	-0.385	-1.15	7.60	-1.47	0.533	-10.156	7.673	0.639	-4.468	3.373	-0.0488	0.1200	-0.0879	-0.0488	0.1200	-0.0879	1	1.00	0.1954	0.3684	-0.5541	1.658	1
132761	0.090	0.234	-0.317	3.69	-1.08	1.63	1.099	-9.925	6.967	0.639	-4.472	3.376	0.1008	-0.0879	0.0032	0.1008	-0.0879	0.0032	1	1.00	0.1954	0.3684	-0.5541	1.658	1
132769	0.081	0.226	-0.301	5.22	-1.03	3.74	0.934	-8.764	5.677	0.640	-4.476	3.378	0.1062	-0.1099	0.0217	0.1062	-0.1099	0.0217	1	1.00	0.1954	0.3684	-0.5541	1.658	1
132777	0.053	0.404	-0.447	-5.05	8.74	-1.46	2.403	-9.913	6.149	0.641	-4.480	3.380	-0.1055	0.1200	-0.0888	-0.1055	0.1200	-0.0888	1	1.00	0.1954	0.3684	-0.5541	1.658	1
132784	0.131	0.288	-0.411	1.00	3.18	-3.11	3.283	-10.278	6.021	0.643	-4.484	3.382	0.0795	0.0572	-0.1200	0.0795	0.0572	-0.1200	1	1.00	0.1954	0.3684	-0.5541	1.658	1
132792	0.145	0.139	-0.281	2.99	-9.01	7.08	3.014	-8.724	4.580	0.644	-4.488	3.384	0.1200	-0.1200	0.1200	0.1200	-0.1200	0.1200	1	1.00	0.1954	0.3684	-0.5541	1.658	1
132800	0.154	0.347	-0.491	-6.35	1.66	-0.59	4.384	-9.003	4.442	0.647	-4.492	3.385	-0.0478	0.0888	-0.0301	-0.0478	0.0888	-0.0301	1	1.00	0.1954	0.3684	-0.5541	1.658	1
132808	0.192	0.314	-0.497	-2.00	1.55	-9.59	5.242	-9.428	5.249	0.651	-4.496	3.386	0.1150	0.1112	-0.1200	0.1150	0.1112	-0.1200	1	1.00	0.1954	0.3684	-0.5541	1.658	1
132816	0.167	0.180	-0.342	-3.39	-9.97	4.38	5.029	-7.795	4.085	0.654	-4.499	3.387	0.0543	-0.1200	0.1200	0.0543	-0.1200	0.1200	1	1.00	0.1954	0.3684	-0.5541	1.658	1
132824	0.094	0.357	-0.442	-7.83	-1.65	-0.98	6.022	-7.518	3.731	0.658	-4.501	3.387	-0.0569	0.0482	-0.0040	-0.0569	0.0482	-0.0040	1	1.00	0.1954	0.3684	-0.5541	1.658	1
132832	0.127	0.342	-0.461	-5.27	-0.07	-7.33	6.107	-8.148	4.770	0.663	-4.504	3.388	0.0351	0.0992	-0.1200	0.0351	0.0992	-0.1200	1	1.00	0.1954	0.3684	-0.5541	1.658	1
132839	0.044	0.223	-0.262	-5.80	-10.11	4.50	5.550	-7.061	4.055	0.667	-4.506	3.389	-0.0158	-0.1200	0.1200	-0.0158	-0.1200	0.1200	1	1.00	0.1954	0.3684	-0.5541	1.658	1
132847	0.028	0.353	-0.372	-6.10	-1.01	-1.45	5.837	-6.778	3.427	0.671	-4.508	3.389	-0.0451	0.0529	-0.0223	-0.0451	0.0529	-0.0223	1	1.00	0.1954	0.3684	-0.5541	1.658	1
132855	0.026	0.350	-0.367	-5.27	1.12	-4.93	5.407	-7.661	4.550	0.675	-4.510	3.389	-0.0199	0.1074	-0.0977	-0.0199	0.1074	-0.0977	1	1.00	0.1954	0.3684	-0.5541	1.658	1
132863	-0.029	0.233	-0.198	-3.53	-10.36	3.65	4.761	-6.644	3.961	0.678	-4.512	3.390	0.0156	-0.1200	0.1200	0.0156	-0.1200	0.1200	1	1.00	0.1954	0.3684	-0.5541	1.658	1
132871	-0.075	0.368	-0.284	-4.37	-1.17	-0.05	4.634	-6.343	3.524	0.681	-4.514	3.390	-0.0520	0.0324	0.0103	-0.0520	0.0324	0.0103	1	1.00	0.1954	0.3684	-0.5541	1.658	1
132879	-0.050	0.375	-0.316	-3.98	1.27	-4.26	4.540	-7.429	4.842	0.684	-4.516	3.391	-0.0245	0.1019	-0.0846	-0.0245	0.1019	-0.0846	1	1.00	0.1954	0.3684	-0.5541	1.658	1
132886	-0.045	0.187	-0.137	-1.28	-8.49	3.11	3.612	-6.715	4.602	0.687	-4.518	3.392	0.0350	-0.1200	0.1200	0.0350	-0.1200	0.1200	1	1.00	0.1954	0.3684	-0.5541	1.658	1
132894	-0.086	0.245	-0.153	-2.36	-3.51	2.72	3.299	-6.222	4.025	0.689	-4.519	3.393	-0.0302	-0.0723	0.0940	-0.0302	-0.0723	0.0940	1	1.00	0.1954	0.3684	-0.5541	1.658	1
132902	-0.071	0.333	-0.254	-3.94	4.82	-7.00	3.420	-7.499	5.557	0.691	-4.521	3.394	-0.0385	0.1200	-0.1200	-0.0385	0.1200	-0.1200	1	1.00	0.1954	0.3684	-0.5541	1.658	1
132910	-0.093	0.136	-0.040	-1.27	-5.50	0.76	2.629	-7.307	5.968	0.693	-4.524	3.396	0.0154	-0.1200	0.1028	0.0154	-0.1200	0.1028	1	1.00	0.1954	0.3684	-0.5541	1.658	1
132918	-0.130	0.172	-0.037	-0.19	-3.61	4.02	2.240	-6.882	5.217	0.694	-4.525	3.398	-0.0178	-0.1200	0.1200	-0.0178	-0.1200	0.1200	1	1.00	0.1954	0.3684	-0.5541	1.658	1
132926	-0.135	0.294	-0.152	-2.92	6.05	-4.81	2.395	-8.408	6.548	0.696	-4.528	3.400	-0.0661	0.1200	-0.0906	-0.0661	0.1200	-0.0906	1	1.00	0.1954	0.3683	-0.5541	1.658	1
132933	-0.138	0.168	-0.026	0.93	-3.13	-0.33	1.707	-8.881	7.377	0.697	-4.532	3.403	0.0334	-0.0993	0.0629	0.0334	-0.0993	0.0629	1	1.00	0.1954	0.3683	-0.5541	1.658	1
132941	-0.179	0.171	0.013	-0.38	-2.38	3.19	1.393	-8.250	6.628	0.697	-4.535	3.406	-0.0352	-0.0973	0.1200	-0.0352	-0.0973	0.1200	1	1.00	0.1954	0.3683	-0.5541	1.658	1
132949	-0.142	0.276	-0.127	-2.28	5.20	-5.66	1.836	-9.535	7.705	0.698	-4.538	3.409	-0.0425	0.1200	-0.0875	-0.0425	0.1200	-0.0875	1	1.00	0.1954	0.3683	-0.5541	1.658	1
132957	-0.084	0.165	-0.077	1.20	-3.03	-3.34	1.340	-10.202	8.711	0.699	-4.543	3.413	0.0751	-0.0832	0.0085	0.0751	-0.0832	0.0085	1	1.00	0.1954	0.3683	-0.5541	1.658	1
132965	-0.081	0.100	-0.017	-0.98	-5.24	1.37	1.283	-9.151	7.542	0.699	-4.547	3.417	0.0153	-0.1200	0.1200	0.0153	-0.1200	0.1200	1	1.00	0.1954	0.3683	-0.5541	1.658	1
132973	-0.051	0.214	-0.158	-3.09	4.92	-5.84	1.780	-10.297	8.117	0.700	-4.551	3.420	-0.0318	0.1200	-0.0823	-0.0318	0.1200	-0.0823	1	1.00	0.1954	0.3683	-0.5541	1.658	1
132980	-0.005	0.137	-0.128	-0.60	-1.72	-6.34	1.499	-10.896	8.983	0.701	-4.556	3.424	0.0794	-0.0290	-0.0449	0.0794	-0.0290	-0.0449	1	1.00	0.1954	0.3683	-0.5541	1.658	1
132988	-0.079	0.094	-0.012	-4.30	-5.40	-0.33	1.634	-9.545	7.734	0.701	-4.560	3.428	-0.0227	-0.1151	0.1200	-0.0227	-0.1151	0.1200	1	1.00	0.1954	0.3683	-0.5541	1.658	1
132996	-0.065	0.272	-0.200	-4.80	3.69	-6.39	2.314	-10.168	7.909	0.702	-4.565	3.432	-0.0474	0.1200	-0.0783	-0.0474	0.1200	-0.0783	1	1.00	0.1954	0.3683	-0.5541	1.658	1
133004	0.006	0.233	-0.233	-1.48	-1.28	-8.85	2.077	-10.559	8.531	0.704	-4.570	3.436	0.0871	0.0282	-0.1108	0.0871	0.0282	-0.1108	1	1.00	0.1954	0.3683	-0.5541	1.658	1
133012	-0.093	0.168	-0.071	-4.88	-7.80	2.43	2.153	-9.200	7.140	0.705	-4.574	3.439	-0.0377	-0.1200	0.1200	-0.0377	-0.1200	0.1200	1	1.00	0.1954	0.3683	-0.5541	1.658	1
133019	-0.037	0.310	-0.265	-4.07	1.72	-5.35	2.668	-9.491	6.938	0.706	-4.577	3.442	-0.0193	0.0984	-0.0706	-0.0193	0.0984	-0.0706	1	1.00	0.1954	0.3683	-0.5541	1.658	1
133028	-0.001	0.256	-0.248	-2.64	-1.33	-9.76	2.394	-9.872	7.698	0.708	-4.582	3.445	0.0761	0.0537	-0.1200	0.0761	0.0537	-0.1200	1	1.00	0.1954	0.3683	-0.5541	1.658	1
133035	-0.075	0.153	-0.074	-5.90	-8.21	0.48	2.717	-8.465	6.560	0.709	-4.585	3.448	-0.0306	-0.1200	0.1200	-0.0306	-0.1200	0.1200	1	1.00	0.1954	0.3683	-0.5541	1.658	1
133043	0.001	0.294	-0.287	-3.44	1.07	-6.60	3.091	-8.587	6.347	0.711	-4.588	3.450	0.0147	0.0922	-0.1052	0.0147	0.0922	-0.1052	1	1.00	0.1954	0.3683	-0.5541	1.658	1
133051	0.013	0.266	-0.272	-5.63	-1.83	-7.33	2.757	-9.269	7.267	0.713	-4.592	3.453	0.0095	0.0538	-0.0631	0.0095	0.0538	-0.0631	1	1.00	0.1954	0.3683	-0.5541	1.658	1
133059	-0.036	0.176	-0.136	-6.04	-9.96	3.12	3.083	-8.211	6.129	0.714	-4.595	3.455	-0.0328	-0.1200	0.1200	-0.0328	-0.1200	0.1200	1	1.00	0.1954	0.3683	-0.5541	1.658	1
133067	0.023	0.288	-0.303	-1.70	-2.80	-3.74	3.003	-8.172	6.091	0.716	-4.598	3.457	0.0549	-0.0152	-0.0445	0.0549	-0.0152	-0.0445	1	1.00	0.1954	0.3683	-0.5541	1.658	1
133075	-0.026	0.394	-0.358	-6.56	-8.70	5.44	2.836	-9.284	7.130	0.718	-4.601	3.460	-0.0710	-0.1200	0.1200	-0.0710	-0.1200	0.1200	1	1.00	0.1954	0.3683	-0.5541	1.658	1
133082	-0.070	0.518	-0.434	-1.22	-9.26	7.43	2.685	-9.632	7.299	0.720	-4.605	3.463	-0.0013	-0.1200	0.1200	-0.0013	-0.1200	0.1200	1	1.00	0.1954	0.3683	-0.5541	1.658	1
133091	-0.068	0.702	-0.615	-1.24	-5.21	2.44	2.294	-11.220	8.988	0.721	-4.610	3.467	0.0087	-0.0472	0.0386	0.0087	-0.0472	0.0386	1	1.00	0.1954	0.3683	-0.5541	1.658	1
133098	-0.128	0.665	-0.519	-3.66	-9.28	8.73	2.222	-12.905	10.682	0.722	-4.616	3.472	-0.0680	-0.1200	0.1200	-0.0680	-0.1200	0.1200	1	1.00	0.1954	0.3683	-0.5541	1.658	1
133107	-0.105	0.470	-0.353	0.32	-13.36	12.53	1.873	-14.442	12.291	0.723	-4.624	3.479	0.0031	-0.1200	0.1200	0.0031	-0.1200	0.1200	1	1.00	0.1954	0.3683	-0.5541	1.658	1
133115	-0.131	0.250	-0.113	-0.81	-15.73	14.76	1.371	-16.269	14.150	0.724	-4.633	3.487	-0.0229	-0.1200	0.1200	-0.0229	-0.1200	0.1200	1	1.00	0.1954	0.3683	-0.5541	1.658	1
133122	-0.175	0.119	0.059	-1.31	-13.45	14.03	1.305	-18.060	16.111	0.724	-4.643	3.497	-0.0553	-0.1200	0.1200	-0.0553	-0.1200	0.1200	1	1.00	0.1954	0.3683	-0.5541	1.658	1
133131	-0.143	0.019	0.125	1.82	-9.94	10.03	0.770	-19.706	17.754	0.725	-4.655	3.508	0.0099	-0.1200	0.1200	0.0099	-0.1200	0.1200	1	1.00	0.1954	0.3683	-0.5541	1.658	1
133138	-0.141	-0.055	0.195	1.53	-7.18	6.40	0.342	-20.871	18.965	0.724	-4.667	3.520	0.0139	-0.1200	0.1200	0.0139	-0.1200	0.1200	1	1.00	0.1954	0.3683	-0.5541	1.658	1
133146	-0.167	-0.183	0.346	-0.65	-7.09	7.64	0.419	-21.543	19.783	0.724	-4.681	3.533	-0.0421	-0.1200	0.1200	-0.0421	-0.1200	0.1200	1	1.00	0.1954	0.3683	-0.5541	1.658	1
133154	-0.147	-0.360	0.497	1.20	-8.75	8.51	0.278	-22.142	20.531	0.724	-4.694	3.546	-0.0016	-0.1200	0.1200	-0.0016	-0.1200	0.1200	1	1.00	0.1954	0.3683	-0.5541	1.658	1
133162	-0.139	-0.456	0.583	1.57	-8.38	7.67	-0.045	-23.092	21.596	0.723	-4.709	3.560	-0.0044	-0.1200	0.1200	-0.0044	-0.1200	0.1200	1	1.00	0.1954	0.3683	-0.5541	1.658	1
133170	-0.156	-0.516	0.659	-0.14	-6.76	4.90	0.084	-24.941	23.723	0.723	-4.725	3.576	-0.0148	-0.1200	0.1200	-0.0148	-0.1200	0.1200	1	1.00	0.1954	0.3683	-0.5541	1.658	1
133177	-0.179	-0.588	0.751	-0.00	-4.49	2.61	0.080	-27.746	26.735	0.722	-4.742	3.594	-0.0181	-0.1200	0.1200	-0.0181	-0.1200	0.1200	1	1.00	0.1954	0.3683	-0.5541	1.658	1
133185	-0.105	-0.692	0.779	1.74	-3.85	-0.10	-0.120	-30.822	30.173	0.722	-4.763	3.614	0.0271	-0.1200	0.1200	0.0271	-0.1200	0.1200	1	1.00	0.1954	0.3683	-0.5541	1.658	1
133193	-0.144	-0.765	0.889	-1.56	-4.51	-0.05	-0.036	-33.040	32.622	0.721	-4.785	3.637	-0.0312	-0.1200	0.1200	-0.0312	-0.1200	0.1200	1	1.00	0.1954	0.3683	-0.5541	1.658	1
133201	-0.106	-0.855	0.939	-0.44	-4.47	-0.26	0.124	-33.646	33.236	0.720	-4.808	3.661	0.0096	-0.1200	0.1200	0.0096	-0.1200	0.1200	1	1.00	0.1954	0.3683	-0.5541	1.658	1
133209	-0.077	-0.883	0.937	-0.47	-3.19	-2.78	-0.022	-33.660	33.014	0.720	-4.831	3.684	0.0174	-0.1200	0.1200	0.0174	-0.1200	0.1200	1	1.00	0.1954	0.3683	-0.5541	1.658	1
133217	-0.044	-0.918	0.938	-2.56	-0.71	-6.76	0.178	-34.920	34.273	0.719	-4.854	3.708	0.0146	-0.1200	0.1200	0.0146	-0.1200	0.1200	1	1.00	0.1954	0.3683	-0.5541	1.658	1
133225	-0.030	-0.944	0.950	-3.30	-1.12	-8.89	0.487	-38.192	38.005	0.719	-4.880	3.735	0.0239	-0.1200	0.1200	0.0239	-0.1200	0.1200	1	1.00	0.1954	0.3683	-0.5541	1.658	1
133233	-0.001	-0.992	0.968	-4.07	-2.45	-9.86	0.726	-41.498	42.133	0.719	-4.909	3.765	0.0308	-0.1200	0.1200	0.0308	-0.1200	0.1200	1	1.00	0.1954	0.3683	-0.5541	1.658	1
133241	0.017	-0.972	0.930	-5.21	-3.06	-11.07	1.059	-42.026	42.838	0.719	-4.939	3.796	0.0304	-0.1200	0.1200	0.0304	-0.1200	0.1200	1	1.00	0.1954	0.3683	-0.5541	1.658	1
133248	0.034	-0.980	0.920	-6.30	-2.17	-14.14	1.303	-40.647	40.909	0.720	-4.967	3.826	0.0398	-0.1200	0.1200	0.0398	-0.1200	0.1200	1	1.00	0.1954	0.3683	-0.5541	1.658	1
133257	0.032	-0.877	0.822	-7.43	-0.68	-17.58	1.541	-41.491	41.645	0.720	-4.996	3.856	0.0396	-0.1200	0.1200	0.0396	-0.1200	0.1200	1	1.00	0.1954	0.3683	-0.5541	1.658	1
133264	0.043	-0.877	0.811	-8.83	-0.23	-19.79	1.859	-45.965	46.825	0.721	-5.028	3.889	0.0286	-0.1200	0.1200	0.0286	-0.1200	0.1200	1	1.00	0.1954	0.3683	-0.5541	1.658	1
133272	0.072	-0.874	0.778	-10.48	-1.20	-21.09	2.277	-49.655	50.880	0.722	-5.063	3.926	0.0234	-0.1200	0.1200	0.0234	-0.1200	0.1200	1	1.00	0.1954	0.3683	-0.5541	1.658	1
133280	0.108	-0.869	0.738	-10.52	-2.41	-22.80	2.716	-48.993	49.016	0.724	-5.098	3.962	0.0642	-0.1200	0.1200	0.0642	-0.1200	0.1200	1	1.00	0.1954	0.3683	-0.5541	1.658	1
133288	0.125	-0.809	0.662	-12.47	-1.41	-25.76	3.212	-49.079	48.629	0.726	-5.133	3.998	0.0564	-0.1200	0.1200	0.0564	-0.1200	0.1200	1	1.00	0.1954	0.3683	-0.5541	1.658	1
133296	0.118	-0.719	0.582	-14.68	0.41	-28.86	3.892	-53.634	54.645	0.728	-5.171	4.037	0.0198	-0.1200	0.0852	0.0198	-0.1200	0.0852	1	1.00	0.1954	0.3683	-0.5541	1.658	1
133304	0.142	-0.672	0.512	-14.39	0.87	-30.98	4.527	-56.160	57.905	0.731	-5.211	4.080	0.0401	-0.1200	0.0451	0.0401	-0.1200	0.0451	1	1.00	0.1954	0.3683	-0.5541	1.658	1
133312	0.164	-0.611	0.432	-14.75	1.70	-28.49	4.785	-53.085	53.425	0.734	-5.250	4.120	0.0189	-0.1200	0.0457	0.0189	-0.1200	0.0457	1	1.00	0.1954	0.3683	-0.5541	1.658	1
133320	0.150	-0.476	0.313	-14.79	4.25	-27.41	5.320	-53.559	53.399	0.738	-5.289	4.159	-0.0129	-0.0696	0.0210	-0.0129	-0.0696	0.0210	1	1.00	0.1954	0.3683	-0.5541	1.658	1
133327	0.180	-0.354	0.165	-11.44	6.23	-27.77	5.505	-59.808	59.642	0.741	-5.331	4.202	0.0353	-0.0751	-0.0203	0.0353	-0.0751	-0.0203	1	1.00	0.1954	0.3683	-0.5541	1.658	1
133335	0.165	-0.180	0.010	-11.57	10.01	-27.62	5.633	-60.544	58.490	0.745	-5.375	4.246	0.0086	0.0188	-0.0777	0.0086	0.0188	-0.0777	1	1.00	0.1954	0.3683	-0.5541	1.658	1
133343	0.135	-0.048	-0.089	-11.41	9.31	-23.91	6.039	-57.858	54.222	0.749	-5.418	4.287	-0.0114	0.0248	-0.0514	-0.0114	0.0248	-0.0514	1	1.00	0.1954	0.3683	-0.5541	1.658	1
133351	0.177	0.099	-0.273	-7.13	8.41	-22.84	6.077	-61.092	57.041	0.754	-5.461	4.328	0.0700	-0.0238	-0.0813	0.0700	-0.0238	-0.0813	1	1.00	0.1954	0.3683	-0.5541	1.658	1
133359	0.111	0.372	-0.473	-9.29	12.68	-22.73	6.179	-61.783	57.937	0.758	-5.506	4.371	-0.0187	0.1176	-0.1200	-0.0187	0.1176	-0.1200	1	1.00	0.1954	0.3683	-0.5541	1.658	1
133367	0.103	0.535	-0.625	-8.26	11.80	-21.29	6.613	-56.349	51.361	0.763	-5.548	4.411	0.0011	0.1200	-0.1200	0.0011	0.1200	-0.1200	1	1.00	0.1954	0.3683	-0.5541	1.658	1
133375	0.114	0.668	-0.765	-4.97	7.82	-17.33	6.286	-55.864	48.347	0.767	-5.588	4.446	0.0736	0.0649	-0.1200	0.0736	0.0649	-0.1200	1	1.00	0.1954	0.3683	-0.5541	1.658	1
133383	0.082	0.893	-0.952	-9.56	10.29	-16.27	6.905	-58.642	50.917	0.772	-5.630	4.482	-0.0407	0.1200	-0.1200	-0.0407	0.1200	-0.1200	1	1.00	0.1954	0.3683	-0.5541	1.658	1
133390	0.051	1.108	-1.130	-8.12	12.58	-17.46	7.349	-55.603	50.270	0.777	-5.671	4.520	-0.0448	0.1200	-0.1200	-0.0448	0.1200	-0.1200	1	1.00	0.1954	0.3683	-0.5541	1.658	1
133398	0.118	1.223	-1.309	-2.35	10.92	-16.70	6.802	-51.917	44.782	0.782	-5.709	4.553	0.0872	0.1200	-0.1200	0.0872	0.1200	-0.1200	1	1.00	0.1954	0.3683	-0.5541	1.658	1
133407	0.074	1.370	-1.409	-7.53	9.51	-12.34	6.946	-53.223	41.646	0.787	-5.746	4.583	-0.0096	0.1200	-0.1200	-0.0096	0.1200	-0.1200	1	1.00	0.1954	0.3683	-0.5541	1.658	1
133414	0.012	1.470	-1.444	-8.74	7.37	-9.30	7.751	-52.276	42.771	0.792	-5.784	4.613	-0.0645	0.1200	-0.1200	-0.0645	0.1200	-0.1200	1	1.00	0.1954	0.3683	-0.5541	1.658	1
133422	0.095	1.598	-1.651	-1.41	6.86	-9.57	7.155	-46.776	43.239	0.797	-5.818	4.644	0.0476	0.1200	-0.1200	0.0476	0.1200	-0.1200	1	1.00	0.1954	0.3683	-0.5541	1.658	1
133430	0.054	1.772	-1.780	-4.36	9.40	-9.04	6.764	-43.250	39.716	0.802	-5.849	4.673	-0.0364	0.1200	-0.1200	-0.0364	0.1200	-0.1200	1	1.00	0.1954	0.3683	-0.5541	1.658	1
133438	-0.043	1.935	-1.842	-4.40	10.35	-6.90	6.825	-44.184	34.995	0.807	-5.879	4.698	-0.0484	0.1200	-0.1200	-0.0484	0.1200	-0.1200	1	1.00	0.1954	0.3683	-0.5541	1.658	1
133446	-0.063	2.013	-1.897	-0.81	8.51	-3.56	6.092	-45.215	32.402	0.812	-5.910	4.721	0.0164	0.1200	-0.1200	0.0164	0.1200	-0.1200	1	1.00	0.1954	0.3683	-0.5541	1.658	1
133454	-0.128	2.042	-1.861	-1.98	7.75	0.69	5.473	-42.617	32.183	0.815	-5.940	4.743	-0.0639	0.1200	-0.1200	-0.0639	0.1200	-0.1200	1	1.00	0.1954	0.3683	-0.5541	1.658	1
133461	-0.182	2.179	-1.940	0.52	8.10	2.06	5.223	-38.706	32.574	0.819	-5.967	4.765	-0.0741	0.1200	-0.1200	-0.0741	0.1200	-0.1200	1	1.00	0.1954	0.3683	-0.5541	1.658	1
133469	-0.133	2.253	-2.061	5.74	10.27	2.40	4.068	-36.805	31.571	0.822	-5.992	4.787	-0.0023	0.1200	-0.1200	-0.0023	0.1200	-0.1200	1	1.00	0.1954	0.3683	-0.5541	1.658	1
133477	-0.204	2.359	-2.093	3.21	12.73	3.73	3.432	-37.036	28.873	0.824	-6.017	4.807	-0.0747	0.1200	-0.1200	-0.0747	0.1200	-0.1200	1	1.00	0.1954	0.3683	-0.5541	1.658	1
133485	-0.302	2.369	-2.006	4.43	11.15	8.21	3.144	-36.741	25.669	0.826	-6.042	4.824	-0.0829	0.1200	-0.1200	-0.0829	0.1200	-0.1200	1	1.00	0.1954	0.3683	-0.5541	1.658	1
133493	-0.256	2.375	-2.057	11.31	10.35	11.54	1.929	-34.302	22.919	0.827	-6.065	4.839	0.0222	0.1200	-0.1200	0.0222	0.1200	-0.1200	1	1.00	0.1954	0.3683	-0.5541	1.658	1
133501	-0.281	2.462	-2.117	9.00	11.86	14.24	1.093	-30.777	21.130	0.827	-6.086	4.853	-0.0700	0.1200	-0.1200	-0.0700	0.1200	-0.1200	1	1.00	0.1954	0.3683	-0.5541	1.658	1
133509	-0.297	2.528	-2.165	10.37	14.15	15.13	0.878	-27.920	19.931	0.828	-6.104	4.865	-0.0875	0.1200	-0.1200	-0.0875	0.1200	-0.1200	1	1.00	0.1954	0.3683	-0.5541	1.658	1
133516	-0.256	2.494	-2.172	16.50	14.03	16.74	-0.254	-26.362	18.812	0.827	-6.120	4.876	-0.0073	0.1200	-0.1200	-0.0073	0.1200	-0.1200	1	1.00	0.1954	0.3683	-0.5541	1.658	1
133524	-0.303	2.522	-2.153	16.12	15.24	20.02	-1.180	-25.772	17.508	0.826	-6.136	4.887	-0.0593	0.1200	-0.1200	-0.0593	0.1200	-0.1200	1	1.00	0.1954	0.3683	-0.5541	1.658	1
133532	-0.332	2.464	-2.067	17.60	14.57	24.71	-1.666	-25.297	15.904	0.824	-6.151	4.896	-0.0703	0.1200	-0.1044	-0.0703	0.1200	-0.1044	1	1.00	0.1954	0.3683	-0.5541	1.658	1
133540	-0.307	2.444	-2.073	20.49	14.87	27.34	-2.701	-24.215	14.050	0.821	-6.166	4.904	-0.0378	0.1200	-0.0910	-0.0378	0.1200	-0.0910	1	1.00	0.1954	0.3683	-0.5541	1.658	1
133548	-0.308	2.458	-2.086	20.06	16.93	27.40	-3.447	-22.618	12.180	0.818	-6.180	4.910	-0.0616	0.1200	-0.1125	-0.0616	0.1200	-0.1125	1	1.00	0.1954	0.3683	-0.5541	1.658	1
133556	-0.304	2.416	-2.049	22.85	17.39	29.23	-4.108	-20.449	10.406	0.814	-6.192	4.915	-0.0363	0.1200	-0.1128	-0.0363	0.1200	-0.1128	1	1.00	0.1954	0.3683	-0.5541	1.658	1
133564	-0.291	2.354	-2.002	23.16	16.98	31.76	-4.932	-18.174	8.432	0.810	-6.202	4.918	-0.0496	0.1200	-0.0691	-0.0496	0.1200	-0.0691	1	1.00	0.1954	0.3683	-0.5541	1.658	1
133572	-0.294	2.326	-1.971	24.36	16.01	32.59	-5.404	-16.098	6.643	0.805	-6.210	4.920	-0.0307	0.1200	-0.0617	-0.0307	0.1200	-0.0617	1	1.00	0.1954	0.3683	-0.5541	1.658	1
133580	-0.292	2.280	-1.929	24.34	15.87	32.11	-6.141	-14.202	5.527	0.799	-6.217	4.920	-0.0297	0.1200	-0.0677	-0.0297	0.1200	-0.0677	1	1.00	0.1954	0.3683	-0.5541	1.658	1
133587	-0.313	2.225	-1.854	23.11	14.88	30.95	-6.575	-12.526	4.593	0.794	-6.222	4.920	-0.0405	0.1200	-0.0602	-0.0405	0.1200	-0.0602	1	1.00	0.1954	0.3683	-0.5541	1.658	1
133595	-0.325	2.150	-1.769	22.60	12.78	31.87	-6.972	-10.878	3.700	0.788	-6.226	4.920	-0.0469	0.1200	-0.0123	-0.0469	0.1200	-0.0123	1	1.00	0.1954	0.3683	-0.5541	1.658	1
133603	-0.308	2.079	-1.717	22.56	11.37	31.41	-7.629	-9.317	2.952	0.781	-6.229	4.918	-0.0330	0.1200	-0.0031	-0.0330	0.1200	-0.0031	1	1.00	0.1954	0.3683	-0.5541	1.658	1
133611	-0.310	2.018	-1.656	21.01	9.62	27.84	-8.111	-7.753	2.791	0.774	-6.231	4.917	-0.0210	0.1200	-0.0288	-0.0210	0.1200	-0.0288	1	1.00	0.1954	0.3683	-0.5541	1.658	1
133619	-0.336	1.923	-1.537	18.22	6.01	26.31	-8.364	-6.195	2.707	0.767	-6.231	4.915	-0.0385	0.1200	0.0180	-0.0385	0.1200	0.0180	1	1.00	0.1954	0.3683	-0.5541	1.658	1
133627	-0.330	1.819	-1.441	17.39	1.85	25.70	-8.696	-4.464	2.483	0.759	-6.230	4.913	-0.0196	0.0492	0.0617	-0.0196	0.0492	0.0617	1	1.00	0.1954	0.3683	-0.5541	1.658	1
133634	-0.317	1.761	-1.397	15.29	2.68	21.26	-9.106	-3.142	2.656	0.751	-6.228	4.911	-0.0288	0.1126	0.0017	-0.0288	0.1126	0.0017	1	1.00	0.1954	0.3683	-0.5541	1.658	1
133642	-0.317	1.634	-1.274	13.86	-0.47	18.12	-9.220	-2.141	3.179	0.743	-6.225	4.910	-0.0073	0.0695	0.0083	-0.0073	0.0695	0.0083	1	1.00	0.1954	0.3683	-0.5541	1.658	1
133650	-0.306	1.486	-1.141	12.35	-5.56	17.96	-9.418	-0.558	3.366	0.735	-6.221	4.908	0.0031	-0.0343	0.0821	0.0031	-0.0343	0.0821	1	1.00	0.1954	0.3683	-0.5541	1.658	1
133658	-0.299	1.428	-1.092	8.57	-4.50	14.87	-9.336	0.190	3.743	0.727	-6.216	4.907	-0.0478	0.0477	0.0600	-0.0478	0.0477	0.0600	1	1.00	0.1954	0.3683	-0.5541	1.658	1
133666	-0.272	1.307	-1.000	8.90	-5.49	9.49	-9.458	0.400	4.737	0.719	-6.210	4.907	0.0130	0.0444	-0.0076	0.0130	0.0444	-0.0076	1	1.00	0.1954	0.3683	-0.5541	1.658	1
133674	-0.303	1.144	-0.811	6.46	-11.00	11.95	-9.583	1.358	5.016	0.711	-6.205	4.907	-0.0183	-0.0868	0.1200	-0.0183	-0.0868	0.1200	1	1.00	0.1954	0.3683	-0.5541	1.658	1
133682	-0.264	1.115	-0.822	5.06	-5.16	7.93	-9.119	1.404	5.299	0.703	-6.198	4.907	-0.0493	0.0561	0.0266	-0.0493	0.0561	0.0266	1	1.00	0.1954	0.3683	-0.5541	1.658	1
133690	-0.209	1.002	-0.766	7.08	-6.57	3.51	-9.216	0.620	6.682	0.695	-6.193	4.908	0.0444	0.0196	-0.0378	0.0444	0.0196	-0.0378	1	1.00	0.1954	0.3683	-0.5541	1.658	1
133698	-0.200	0.801	-0.581	5.25	-12.77	7.10	-9.201	0.922	6.797	0.687	-6.187	4.910	0.0326	-0.1200	0.1200	0.0326	-0.1200	0.1200	1	1.00	0.1954	0.3683	-0.5541	1.658	1
133706	-0.156	0.753	-0.577	3.10	-6.79	4.44	-8.655	0.400	6.989	0.680	-6.182	4.911	-0.0198	-0.0143	0.0526	-0.0198	-0.0143	0.0526	1	1.00	0.1954	0.3683	-0.5541	1.658	1
133714	-0.056	0.658	-0.585	4.84	-6.14	-1.12	-8.572	-1.101	8.544	0.672	-6.177	4.914	0.0748	-0.0175	-0.0562	0.0748	-0.0175	-0.0562	1	1.00	0.1954	0.3683	-0.5541	1.658	1
133722	-0.035	0.452	-0.406	2.62	-10.28	4.71	-8.640	-1.370	8.908	0.665	-6.173	4.917	0.0223	-0.1200	0.1200	0.0223	-0.1200	0.1200	1	1.00	0.1954	0.3683	-0.5541	1.658	1
133730	-0.010	0.402	-0.381	1.53	-6.88	4.82	-7.935	-2.045	9.002	0.658	-6.170	4.920	-0.0174	-0.1136	0.1200	-0.0174	-0.1136	0.1200	1	1.00	0.1954	0.3683	-0.5541	1.658	1
133738	0.085	0.370	-0.445	3.17	-2.05	-4.08	-7.787	-3.566	10.732	0.651	-6.168	4.924	0.0682	0.0161	-0.0870	0.0682	0.0161	-0.0870	1	1.00	0.1954	0.3683	-0.5541	1.658	1
133746	0.098	0.219	-0.311	1.40	-7.70	-0.03	-7.565	-4.524	11.760	0.644	-6.166	4.930	0.0510	-0.1200	0.0789	0.0510	-0.1200	0.0789	1	1.00	0.1954	0.3683	-0.5541	1.658	1
133754	0.165	0.156	-0.317	-0.90	-6.19	1.91	-6.850	-4.926	11.466	0.638	-6.165	4.935	-0.0003	-0.1200	0.1165	-0.0003	-0.1200	0.1165	1	1.00	0.1954	0.3683	-0.5541	1.658	1
133762	0.268	0.182	-0.446	0.11	-1.46	-7.11	-6.409	-6.458	13.048	0.632	-6.165	4.941	0.0794	0.0153	-0.1062	0.0794	0.0153	-0.1062	1	1.00	0.1954	0.3683	-0.5541	1.658	1
133770	0.225	0.087	-0.310	-3.27	-4.76	-3.81	-6.023	-7.816	13.893	0.627	-6.166	4.948	0.0141	-0.0728	0.0431	0.0141	-0.0728	0.0431	1	1.00	0.1954	0.3683	-0.5541	1.658	1
133777	0.256	-0.021	-0.235	-1.50	-5.83	1.09	-5.136	-7.904	12.715	0.622	-6.167	4.955	0.0233	-0.1200	0.1200	0.0233	-0.1200	0.1200	1	1.00	0.1954	0.3683	-0.5541	1.658	1
133786	0.354	0.084	-0.436	-0.92	0.15	-8.85	-4.761	-9.225	13.540	0.618	-6.169	4.961	0.0960	0.0299	-0.1200	0.0960	0.0299	-0.1200	1	1.00	0.1954	0.3683	-0.5541	1.658	1
133794	0.304	0.042	-0.345	-6.75	-1.74	-8.73	-3.845	-10.655	14.117	0.614	-6.173	4.969	0.0070	0.0244	-0.0390	0.0070	0.0244	-0.0390	1	1.00	0.1954	0.3683	-0.5541	1.658	1
133802	0.335	-0.085	-0.252	-3.26	-9.10	-0.53	-3.229	-9.907	12.450	0.611	-6.176	4.975	0.0672	-0.1200	0.1200	0.0672	-0.1200	0.1200	1	1.00	0.1954	0.3683	-0.5541	1.658	1
133810	0.411	0.064	-0.474	-6.19	-2.55	-8.18	-2.685	-10.258	12.277	0.608	-6.179	4.981	0.0505	0.0089	-0.0652	0.0505	0.0089	-0.0652	1	1.00	0.1954	0.3683	-0.5541	1.658	1
133817	0.379	0.141	-0.516	-10.25	0.18	-12.45	-1.550	-11.474	12.987	0.606	-6.183	4.987	-0.0060	0.1200	-0.1200	-0.0060	0.1200	-0.1200	1	1.00	0.1954	0.3683	-0.5541	1.658	1
133826	0.436	-0.077	-0.361	-5.05	-11.86	-4.24	-1.008	-10.293	11.521	0.605	-6.187	4.993	0.1200	-0.1200	0.0835	0.1200	-0.1200	0.0835	1	1.00	0.1954	0.3683	-0.5541	1.658	1
133834	0.462	0.065	-0.525	-9.81	-6.45	-6.47	-0.201	-9.619	10.698	0.604	-6.189	4.997	0.0246	-0.0468	-0.0006	0.0246	-0.0468	-0.0006	1	1.00	0.1954	0.3683	-0.5541	1.658	1
133842	0.411	0.216	-0.621	-13.29	1.51	-15.70	1.028	-10.756	11.735	0.604	-6.193	5.002	-0.0118	0.1200	-0.1200	-0.0118	0.1200	-0.1200	1	1.00	0.1954	0.3683	-0.5541	1.658	1
133849	0.419	0.028	-0.446	-8.56	-9.99	-8.51	1.032	-10.198	11.299	0.604	-6.196	5.008	0.1022	-0.1200	-0.0041	0.1022	-0.1200	-0.0041	1	1.00	0.1954	0.3683	-0.5541	1.658	1
133857	0.343	0.058	-0.399	-13.21	-8.67	-2.96	1.667	-9.115	9.886	0.605	-6.199	5.012	-0.0518	-0.0915	0.1200	-0.0518	-0.0915	0.1200	1	1.00	0.1954	0.3683	-0.5541	1.658	1
133865	0.363	0.283	-0.639	-11.19	2.16	-13.06	2.408	-10.215	10.800	0.606	-6.202	5.016	-0.0120	0.1200	-0.1200	-0.0120	0.1200	-0.1200	1	1.00	0.1954	0.3683	-0.5541	1.658	1
133874	0.319	0.219	-0.532	-7.44	-5.41	-11.89	1.763	-10.125	11.229	0.607	-6.205	5.021	0.0929	0.0187	-0.1200	0.0929	0.0187	-0.1200	1	1.00	0.1954	0.3683	-0.5541	1.658	1
133881	0.177	0.196	-0.368	-13.55	-9.73	1.50	1.996	-9.080	9.539	0.608	-6.207	5.025	-0.1200	-0.1164	0.1200	-0.1200	-0.1164	0.1200	1	1.00	0.1954	0.3683	-0.5541	1.658	1
133889	0.171	0.431	-0.591	-8.75	2.26	-8.83	2.177	-9.625	9.485	0.610	-6.210	5.029	-0.0445	0.1200	-0.1200	-0.0445	0.1200	-0.1200	1	1.00	0.1954	0.3683	-0.5541	1.658	1
133897	0.185	0.391	-0.566	-5.26	-0.97	-10.58	0.810	-9.919	10.111	0.610	-6.213	5.033	0.0585	0.1140	-0.1200	0.0585	0.1140	-0.1200	1	1.00	0.1954	0.3683	-0.5541	1.658	1
133905	-0.013	0.396	-0.373	-11.25	-9.41	4.91	0.822	-8.518	8.460	0.610	-6.215	5.036	-0.1200	-0.1066	0.1200	-0.1200	-0.1066	0.1200	1	1.00	0.1954	0.3683	-0.5541	1.658	1
133913	0.016	0.578	-0.580	-6.67	2.70	-7.02	0.887	-8.136	7.983	0.611	-6.217	5.038	-0.0611	0.1200	-0.1200	-0.0611	0.1200	-0.1200	1	1.00	0.1954	0.3683	-0.5541	1.658	1
133921	0.008	0.558	-0.552	-4.58	-2.35	-7.66	-0.242	-8.572	8.685	0.610	-6.218	5.041	0.0034	0.1074	-0.1154	0.0034	0.1074	-0.1154	1	1.00	0.1954	0.3683	-0.5541	1.658	1
133929	-0.090	0.469	-0.367	-6.84	-9.72	4.94	-0.552	-7.097	6.919	0.609	-6.220	5.043	-0.1052	-0.1187	0.1200	-0.1052	-0.1187	0.1200	1	1.00	0.1954	0.3683	-0.5541	1.658	1
133936	-0.037	0.582	-0.530	-2.47	1.78	-5.01	-0.820	-6.457	6.304	0.608	-6.220	5.044	-0.0273	0.1200	-0.1200	-0.0273	0.1200	-0.1200	1	1.00	0.1954	0.3683	-0.5541	1.658	1
133944	-0.035	0.573	-0.523	-2.95	-2.18	-3.96	-1.635	-6.962	6.971	0.607	-6.220	5.045	-0.0126	0.0858	-0.0644	-0.0126	0.0858	-0.0644	1	1.00	0.1954	0.3683	-0.5541	1.658	1
133952	-0.097	0.514	-0.404	-3.93	-8.06	4.17	-1.944	-5.570	5.669	0.605	-6.220	5.046	-0.0662	-0.0823	0.1200	-0.0662	-0.0823	0.1200	1	1.00	0.1954	0.3683	-0.5541	1.658	1
133960	-0.057	0.568	-0.496	0.65	0.43	-3.08	-2.620	-4.820	5.152	0.602	-6.219	5.046	0.0121	0.1122	-0.1070	0.0121	0.1122	-0.1070	1	1.00	0.1954	0.3683	-0.5541	1.658	1
133968	-0.102	0.588	-0.470	-4.53	-3.54	-0.49	-3.031	-5.438	6.135	0.599	-6.218	5.047	-0.0779	0.0618	0.0309	-0.0779	0.0618	0.0309	1	1.00	0.1954	0.3683	-0.5541	1.658	1
133976	-0.139	0.486	-0.334	-0.52	-6.69	2.77	-3.311	-4.511	5.111	0.596	-6.217	5.047	-0.0194	-0.0696	0.1004	-0.0194	-0.0696	0.1004	1	1.00	0.1954	0.3683	-0.5541	1.658	1
133984	-0.084	0.467	-0.371	2.88	-4.61	-3.44	-4.146	-3.500	5.258	0.593	-6.215	5.047	0.0813	-0.0061	-0.0630	0.0813	-0.0061	-0.0630	1	1.00	0.1954	0.3683	-0.5541	1.658	1
133991	-0.168	0.593	-0.410	-6.18	-1.21	-2.65	-4.173	-4.146	6.214	0.589	-6.213	5.048	-0.1200	0.1200	0.0011	-0.1200	0.1200	0.0011	1	1.00	0.1954	0.3683	-0.5541	1.658	1
133999	-0.155	0.458	-0.291	-0.90	-7.42	-0.55	-4.228	-3.601	5.608	0.585	-6.212	5.049	-0.0019	-0.0528	0.0628	-0.0019	-0.0528	0.0628	1	1.00	0.1954	0.3683	-0.5541	1.658	1
134007	-0.091	0.412	-0.310	2.99	-8.05	-1.27	-5.437	-2.623	5.750	0.580	-6.209	5.049	0.0819	-0.0932	0.0182	0.0819	-0.0932	0.0182	1	1.00	0.1954	0.3683	-0.5541	1.658	1
134016	-0.191	0.517	-0.313	-8.22	0.48	-4.83	-4.914	-3.548	6.457	0.576	-6.206	5.050	-0.1200	0.1200	-0.0109	-0.1200	0.1200	-0.0109	1	1.00	0.1954	0.3683	-0.5541	1.658	1
134024	-0.091	0.318	-0.218	1.21	-6.58	-3.30	-4.990	-3.422	6.343	0.572	-6.204	5.051	0.0587	-0.0605	0.0081	0.0587	-0.0605	0.0081	1	1.00	0.1954	0.3683	-0.5541	1.658	1
134031	-0.022	0.262	-0.232	0.81	-9.79	-0.74	-5.931	-2.536	6.144	0.567	-6.202	5.052	0.0655	-0.1200	0.0804	0.0655	-0.1200	0.0804	1	1.00	0.1954	0.3683	-0.5541	1.658	1
134039	-0.090	0.423	-0.322	-8.44	0.46	-6.92	-4.878	-3.559	6.784	0.562	-6.199	5.053	-0.1200	0.1200	-0.0465	-0.1200	0.1200	-0.0465	1	1.00	0.1954	0.3683	-0.5541	1.658	1
134047	0.018	0.255	-0.266	1.77	-6.42	-7.29	-4.925	-3.772	7.339	0.558	-6.197	5.055	0.1200	-0.0471	-0.0742	0.1200	-0.0471	-0.0742	1	1.00	0.1954	0.3683	-0.5541	1.658	1
134055	-0.005	0.190	-0.180	-2.79	-10.10	-0.00	-5.499	-2.767	6.536	0.553	-6.195	5.056	0.0026	-0.1200	0.1200	0.0026	-0.1200	0.1200	1	1.00	0.1954	0.3683	-0.5541	1.658	1
134063	0.014	0.352	-0.357	-6.96	0.30	-6.65	-4.031	-3.733	6.651	0.549	-6.192	5.058	-0.0867	0.1200	-0.0657	-0.0867	0.1200	-0.0657	1	1.00	0.1954	0.3683	-0.5541	1.658	1
134071	0.102	0.235	-0.331	0.84	-5.30	-11.19	-4.366	-4.235	7.907	0.545	-6.191	5.060	0.1200	0.0037	-0.1200	0.1200	0.0037	-0.1200	1	1.00	0.1954	0.3683	-0.5541	1.658	1
134079	-0.001	0.148	-0.144	-5.72	-12.92	0.56	-4.320	-3.017	6.863	0.541	-6.189	5.061	-0.0274	-0.1200	0.1200	-0.0274	-0.1200	0.1200	1	1.00	0.1954	0.3683	-0.5541	1.658	1
134086	0.030	0.280	-0.303	-4.94	-2.71	-4.82	-3.051	-3.570	6.473	0.538	-6.186	5.062	-0.0393	0.0579	-0.0233	-0.0393	0.0579	-0.0233	1	1.00	0.1954	0.3683	-0.5541	1.658	1
134094	0.156	0.263	-0.412	-1.06	-3.67	-13.03	-3.526	-4.237	7.799	0.535	-6.185	5.064	0.1200	0.0679	-0.1200	0.1200	0.0679	-0.1200	1	1.00	0.1954	0.3683	-0.5541	1.658	1
134102	0.087	0.156	-0.240	-8.10	-10.76	-3.86	-3.126	-3.299	7.003	0.532	-6.183	5.066	-0.0266	-0.0959	0.1027	-0.0266	-0.0959	0.1027	1	1.00	0.1954	0.3683	-0.5541	1.658	1
134110	0.108	0.206	-0.309	-5.71	-4.98	-6.21	-2.343	-3.278	6.581	0.529	-6.180	5.067	-0.0066	0.0177	-0.0282	-0.0066	0.0177	-0.0282	1	1.00	0.1954	0.3683	-0.5541	1.658	1
134118	0.180	0.201	-0.377	-3.87	-5.03	-11.61	-2.719	-3.935	7.693	0.527	-6.178	5.069	0.0862	0.0407	-0.1200	0.0862	0.0407	-0.1200	1	1.00	0.1954	0.3683	-0.5541	1.658	1
134126	0.070	0.119	-0.187	-9.44	-9.12	-1.00	-2.225	-3.570	6.733	0.524	-6.176	5.071	-0.0893	-0.0898	0.1200	-0.0893	-0.0898	0.1200	1	1.00	0.1954	0.3683	-0.5541	1.658	1
134134	0.157	0.176	-0.328	-4.07	-2.66	-6.91	-1.756	-3.619	6.329	0.523	-6.174	5.072	0.0219	0.0431	-0.0808	0.0219	0.0431	-0.0808	1	1.00	0.1954	0.3683	-0.5541	1.658	1
134142	0.189	0.180	-0.365	-3.79	-4.47	-9.92	-2.097	-4.130	7.151	0.521	-6.172	5.073	0.0740	0.0307	-0.1200	0.0740	0.0307	-0.1200	1	1.00	0.1954	0.3683	-0.5541	1.658	1
134149	0.060	0.161	-0.216	-9.48	-8.34	1.75	-1.535	-3.899	5.874	0.519	-6.171	5.074	-0.1159	-0.0905	0.1200	-0.1159	-0.0905	0.1200	1	1.00	0.1954	0.3683	-0.5541	1.658	1
134157	0.181	0.224	-0.399	-0.01	-1.86	-6.47	-1.489	-3.931	5.199	0.517	-6.169	5.074	0.0946	0.0318	-0.1200	0.0946	0.0318	-0.1200	1	1.00	0.1954	0.3683	-0.5541	1.658	1
134165	0.178	0.219	-0.391	-3.61	-2.57	-6.83	-2.004	-4.442	5.969	0.515	-6.167	5.075	0.0398	0.0485	-0.0911	0.0398	0.0485	-0.0911	1	1.00	0.1954	0.3683	-0.5541	1.658	1
134173	0.114	0.139	-0.249	-8.63	-5.07	4.93	-1.090	-4.176	4.285	0.514	-6.166	5.075	-0.1200	-0.0663	0.1200	-0.1200	-0.0663	0.1200	1	1.00	0.1954	0.3683	-0.5541	1.658	1
134181	0.286	0.168	-0.449	1.95	-2.15	-5.30	-1.279	-3.821	4.039	0.512	-6.164	5.074	0.1200	-0.0076	-0.1200	0.1200	-0.0076	-0.1200	1	1.00	0.1954	0.3683	-0.5541	1.658	1
134188	0.208	0.176	-0.380	-5.96	-1.42	-4.03	-1.312	-4.496	4.830	0.511	-6.163	5.074	-0.0215	0.0584	-0.0344	-0.0215	0.0584	-0.0344	1	1.00	0.1954	0.3683	-0.5541	1.658	1
134196	0.156	0.090	-0.243	-6.41	-4.91	3.81	-0.207	-4.351	3.292	0.510	-6.161	5.073	-0.0722	-0.0830	0.1200	-0.0722	-0.0830	0.1200	1	1.00	0.1954	0.3683	-0.5541	1.658	1
134204	0.277	0.120	-0.394	2.91	-2.97	-5.85	-0.788	-3.823	3.540	0.509	-6.159	5.071	0.1200	-0.0358	-0.1200	0.1200	-0.0358	-0.1200	1	1.00	0.1954	0.3683	-0.5541	1.658	1
134212	0.104	0.185	-0.285	-8.91	-0.51	-1.99	-0.441	-4.829	4.339	0.508	-6.158	5.071	-0.1139	0.0818	0.0355	-0.1139	0.0818	0.0355	1	1.00	0.1954	0.3683	-0.5541	1.658	1
134220	0.083	0.098	-0.178	-2.94	-4.93	3.01	0.060	-4.611	3.163	0.508	-6.157	5.069	-0.0034	-0.1056	0.1200	-0.0034	-0.1056	0.1200	1	1.00	0.1954	0.3683	-0.5541	1.658	1
134228	0.181	0.131	-0.309	1.87	-1.39	-6.93	-0.944	-4.260	3.973	0.507	-6.155	5.068	0.1200	0.0106	-0.1200	0.1200	0.0106	-0.1200	1	1.00	0.1954	0.3683	-0.5541	1.658	1
134236	0.028	0.158	-0.183	-9.94	-1.16	-2.63	-0.424	-5.300	4.909	0.506	-6.155	5.068	-0.1200	0.0746	0.0636	-0.1200	0.0746	0.0636	1	1.00	0.1954	0.3683	-0.5541	1.658	1
134244	0.064	0.020	-0.084	-4.22	-3.41	1.61	-0.410	-4.810	3.986	0.505	-6.154	5.067	-0.0486	-0.0736	0.1198	-0.0486	-0.0736	0.1198	1	1.00	0.1954	0.3683	-0.5541	1.658	1
134251	0.114	0.093	-0.205	2.00	-1.86	-7.22	-1.549	-4.554	4.970	0.504	-6.152	5.067	0.1200	-0.0072	-0.1197	0.1200	-0.0072	-0.1197	1	1.00	0.1954	0.3683	-0.5541	1.658	1
134259	-0.072	0.134	-0.058	-11.10	0.43	-1.28	-1.027	-5.560	5.520	0.503	-6.152	5.067	-0.1200	0.0958	0.1150	-0.1200	0.0958	0.1150	1	1.00	0.1954	0.3683	-0.5541	1.658	1
134267	0.014	0.042	-0.054	-1.08	-4.17	-2.25	-0.913	-5.085	4.803	0.502	-6.151	5.067	0.0324	-0.0790	0.0431	0.0324	-0.0790	0.0431	1	1.00	0.1954	0.3683	-0.5541	1.658	1
134275	-0.000	0.106	-0.103	-0.32	-7.35	-8.29	-2.150	-4.345	5.917	0.500	-6.150	5.067	0.1128	-0.0760	-0.0457	0.1128	-0.0760	-0.0457	1	1.00	0.1954	0.3683	-0.5541	1.658	1
134283	-0.177	0.233	-0.050	-13.21	1.21	-4.91	-1.079	-5.577	6.196	0.498	-6.149	5.068	-0.1200	0.1200	0.0685	-0.1200	0.1200	0.0685	1	1.00	0.1954	0.3683	-0.5541	1.658	1
134290	-0.051	0.092	-0.039	-1.86	-5.35	-5.15	-0.937	-5.334	5.658	0.497	-6.148	5.069	0.0386	-0.0629	0.0163	0.0386	-0.0629	0.0163	1	1.00	0.1954	0.3683	-0.5541	1.658	1
134298	0.016	0.107	-0.121	-0.52	-7.59	-6.37	-2.212	-4.529	6.372	0.495	-6.147	5.070	0.0955	-0.0966	-0.0108	0.0955	-0.0966	-0.0108	1	1.00	0.1954	0.3683	-0.5541	1.658	1
134306	-0.120	0.268	-0.141	-12.11	2.92	-6.66	-1.349	-5.733	6.483	0.493	-6.147	5.071	-0.1200	0.1200	-0.0020	-0.1200	0.1200	-0.0020	1	1.00	0.1954	0.3683	-0.5541	1.658	1
134314	-0.043	0.159	-0.111	-1.44	-2.94	-4.91	-1.407	-5.716	6.190	0.492	-6.146	5.072	0.0234	-0.0125	-0.0134	0.0234	-0.0125	-0.0134	1	1.00	0.1954	0.3683	-0.5541	1.658	1
134322	0.022	0.152	-0.170	-0.29	-7.30	-3.50	-2.830	-4.566	6.238	0.490	-6.145	5.073	0.0728	-0.1054	0.0274	0.0728	-0.1054	0.0274	1	1.00	0.1954	0.3683	-0.5541	1.658	1
134330	-0.110	0.349	-0.229	-9.39	4.22	-5.82	-2.071	-5.306	6.196	0.487	-6.144	5.074	-0.1200	0.1200	-0.0397	-0.1200	0.1200	-0.0397	1	1.00	0.1954	0.3683	-0.5541	1.658	1
134338	-0.023	0.233	-0.205	-3.47	-0.05	-5.14	-1.483	-5.719	6.186	0.486	-6.144	5.075	-0.0295	0.0748	-0.0420	-0.0295	0.0748	-0.0420	1	1.00	0.1954	0.3683	-0.5541	1.658	1
134346	0.126	0.100	-0.223	6.41	-11.55	-2.47	-2.844	-4.085	5.564	0.483	-6.143	5.075	0.1200	-0.1200	0.0058	0.1200	-0.1200	0.0058	1	1.00	0.1954	0.3683	-0.5541	1.658	1
134353	-0.021	0.315	-0.286	-4.84	1.14	-3.80	-2.530	-4.220	5.303	0.481	-6.141	5.075	-0.0785	0.1200	-0.0366	-0.0785	0.1200	-0.0366	1	1.00	0.1954	0.3683	-0.5541	1.658	1
134361	-0.005	0.313	-0.300	-4.08	1.32	-4.74	-1.481	-5.072	5.262	0.479	-6.140	5.075	-0.0495	0.1200	-0.0653	-0.0495	0.1200	-0.0653	1	1.00	0.1954	0.3683	-0.5541	1.658	1
134369	0.103	0.156	-0.255	5.47	-10.36	-1.03	-2.551	-3.574	4.630	0.477	-6.139	5.075	0.1200	-0.1200	0.0170	0.1200	-0.1200	0.0170	1	1.00	0.1954	0.3683	-0.5541	1.658	1
134377	0.066	0.271	-0.329	-1.02	-3.71	-0.02	-2.440	-2.906	3.669	0.474	-6.136	5.074	0.0137	-0.0249	0.0162	0.0137	-0.0249	0.0162	1	1.00	0.1954	0.3683	-0.5541	1.658	1
134385	0.091	0.365	-0.447	-3.53	4.44	-5.88	-1.522	-4.150	4.125	0.473	-6.134	5.073	-0.0347	0.1200	-0.1200	-0.0347	0.1200	-0.1200	1	1.00	0.1954	0.3683	-0.5541	1.658	1
134393	0.155	0.169	-0.319	3.27	-5.53	-0.27	-2.262	-3.538	3.800	0.471	-6.132	5.073	0.1200	-0.1165	-0.0070	0.1200	-0.1165	-0.0070	1	1.00	0.1954	0.3683	-0.5541	1.658	1
134400	0.076	0.202	-0.273	-3.87	-2.92	6.48	-1.926	-2.535	2.026	0.469	-6.129	5.071	-0.0906	-0.0500	0.1200	-0.0906	-0.0500	0.1200	1	1.00	0.1954	0.3683	-0.5541	1.658	1
134408	0.113	0.367	-0.470	-1.44	6.53	-2.76	-0.864	-3.707	2.479	0.467	-6.127	5.068	-0.0329	0.1200	-0.1200	-0.0329	0.1200	-0.1200	1	1.00	0.1954	0.3683	-0.5541	1.658	1
134416	0.200	0.245	-0.439	3.50	-2.70	-6.09	-1.371	-3.601	3.343	0.466	-6.125	5.067	0.1200	-0.0041	-0.1200	0.1200	-0.0041	-0.1200	1	1.00	0.1954	0.3683	-0.5541	1.658	1
134424	0.051	0.196	-0.242	-5.97	-7.48	7.01	-0.587	-2.351	1.779	0.465	-6.123	5.065	-0.0961	-0.1200	0.1200	-0.0961	-0.1200	0.1200	1	1.00	0.1954	0.3683	-0.5541	1.658	1
134432	0.109	0.301	-0.402	-2.21	2.14	-1.09	0.335	-3.114	1.474	0.465	-6.120	5.062	-0.0051	0.1037	-0.0739	-0.0051	0.1037	-0.0739	1	1.00	0.1954	0.3683	-0.5541	1.658	1
134440	0.195	0.236	-0.425	1.11	-4.09	-5.16	-0.347	-3.438	2.472	0.464	-6.118	5.059	0.1200	-0.0189	-0.1183	0.1200	-0.0189	-0.1183	1	1.00	0.1954	0.3683	-0.5541	1.658	1
134447	0.068	0.214	-0.276	-5.82	-7.73	4.25	0.430	-2.253	1.035	0.464	-6.115	5.057	-0.0421	-0.1037	0.1200	-0.0421	-0.1037	0.1200	1	1.00	0.1954	0.3683	-0.5541	1.658	1
134455	0.083	0.359	-0.433	-4.05	4.14	-2.73	1.220	-2.813	0.658	0.464	-6.112	5.053	-0.0401	0.1200	-0.1162	-0.0401	0.1200	-0.1162	1	1.00	0.1954	0.3683	-0.5541	1.658	1
134463	0.151	0.229	-0.374	-0.42	-4.46	-1.99	0.798	-3.071	1.253	0.465	-6.110	5.050	0.0999	-0.0393	-0.0467	0.0999	-0.0393	-0.0467	1	1.00	0.1954	0.3683	-0.5541	1.658	1
134471	0.066	0.221	-0.281	-6.36	-7.74	5.87	1.276	-2.020	-0.205	0.465	-6.107	5.046	-0.0592	-0.1093	0.1200	-0.0592	-0.1093	0.1200	1	1.00	0.1954	0.3683	-0.5541	1.658	1
134479	0.098	0.330	-0.420	-1.51	4.31	-5.33	1.905	-2.650	0.046	0.466	-6.104	5.042	0.0318	0.1200	-0.1200	0.0318	0.1200	-0.1200	1	1.00	0.1954	0.3683	-0.5541	1.658	1
134487	0.125	0.224	-0.344	-1.66	-3.33	-2.93	1.302	-3.033	0.889	0.467	-6.101	5.038	0.0746	-0.0017	-0.0585	0.0746	-0.0017	-0.0585	1	1.00	0.1954	0.3683	-0.5541	1.658	1
134494	-0.028	0.177	-0.145	-7.42	-8.16	8.82	1.689	-2.068	-0.517	0.468	-6.098	5.034	-0.1176	-0.1200	0.1200	-0.1176	-0.1200	0.1200	1	1.00	0.1954	0.3683	-0.5541	1.658	1
134502	0.032	0.265	-0.290	-0.02	3.74	-2.35	1.781	-2.693	-0.149	0.469	-6.095	5.030	0.0225	0.1196	-0.1200	0.0225	0.1196	-0.1200	1	1.00	0.1954	0.3683	-0.5541	1.658	1
134510	0.031	0.213	-0.238	-2.16	-2.95	-0.39	1.055	-3.156	0.739	0.470	-6.093	5.026	0.0218	-0.0134	0.0101	0.0218	-0.0134	0.0101	1	1.00	0.1954	0.3683	-0.5541	1.658	1
134518	-0.016	0.172	-0.151	-4.24	-5.28	5.40	1.537	-2.168	-0.480	0.470	-6.090	5.022	-0.0542	-0.0892	0.1200	-0.0542	-0.0892	0.1200	1	1.00	0.1954	0.3683	-0.5541	1.658	1
134526	0.017	0.284	-0.293	-0.19	3.22	-5.46	1.417	-2.585	0.328	0.471	-6.087	5.018	0.0455	0.1200	-0.1200	0.0455	0.1200	-0.1200	1	1.00	0.1954	0.3683	-0.5541	1.658	1
134534	-0.046	0.207	-0.156	-5.08	-5.51	1.28	1.041	-2.764	0.976	0.472	-6.084	5.015	-0.0409	-0.0500	0.1020	-0.0409	-0.0500	0.1020	1	1.00	0.1954	0.3683	-0.5541	1.658	1
134541	-0.092	0.225	-0.127	-2.59	-6.17	3.80	1.128	-1.777	0.169	0.472	-6.081	5.011	-0.0260	-0.0944	0.1200	-0.0260	-0.0944	0.1200	1	1.00	0.1954	0.3683	-0.5541	1.658	1
134549	-0.090	0.346	-0.246	-0.49	3.18	-9.13	0.638	-2.426	1.855	0.473	-6.078	5.008	0.0411	0.1200	-0.1200	0.0411	0.1200	-0.1200	1	1.00	0.1954	0.3683	-0.5541	1.658	1
134557	-0.169	0.216	-0.042	-5.75	-5.27	1.09	0.392	-2.503	2.337	0.473	-6.075	5.006	-0.0885	-0.0383	0.1200	-0.0885	-0.0383	0.1200	1	1.00	0.1954	0.3683	-0.5541	1.658	1
134566	-0.152	0.208	-0.051	0.72	-7.33	2.91	-0.078	-1.572	1.670	0.472	-6.072	5.003	0.0091	-0.1200	0.1149	0.0091	-0.1200	0.1149	1	1.00	0.1954	0.3683	-0.5541	1.658	1
134574	-0.166	0.370	-0.195	0.22	2.42	-9.30	-0.966	-2.394	3.352	0.471	-6.069	5.002	0.0193	0.1200	-0.1200	0.0193	0.1200	-0.1200	1	1.00	0.1954	0.3683	-0.5540	1.658	1
134581	-0.253	0.275	-0.015	-4.87	-4.48	0.58	-1.139	-2.635	3.733	0.470	-6.066	5.001	-0.1180	-0.0146	0.1200	-0.1180	-0.0146	0.1200	1	1.00	0.1954	0.3682	-0.5540	1.658	1
134589	-0.223	0.271	-0.041	3.85	-6.85	0.36	-1.905	-1.434	3.325	0.468	-6.063	4.999	0.0539	-0.1200	0.0524	0.0539	-0.1200	0.0524	1	1.00	0.1954	0.3682	-0.5540	1.658	1
134597	-0.227	0.377	-0.140	-0.67	3.35	-6.90	-2.409	-2.185	4.414	0.466	-6.059	4.999	-0.0473	0.1200	-0.1200	-0.0473	0.1200	-0.1200	1	1.00	0.1954	0.3682	-0.5540	1.658	1
134605	-0.215	0.272	-0.050	-1.42	-3.65	1.58	-2.114	-2.939	4.693	0.464	-6.057	4.998	-0.0722	-0.0386	0.1032	-0.0722	-0.0386	0.1032	1	1.00	0.1954	0.3682	-0.5540	1.658	1
134613	-0.093	0.204	-0.107	8.53	-7.15	-1.06	-3.282	-1.743	4.151	0.461	-6.053	4.998	0.1200	-0.1200	-0.0147	0.1200	-0.1200	-0.0147	1	1.00	0.1954	0.3682	-0.5540	1.658	1
134621	-0.148	0.356	-0.199	-1.34	0.47	-3.14	-2.933	-2.390	4.569	0.458	-6.050	4.997	-0.0522	0.0980	-0.0421	-0.0522	0.0980	-0.0421	1	1.00	0.1954	0.3682	-0.5540	1.658	1
134629	-0.080	0.331	-0.243	-0.25	-1.20	-2.14	-2.317	-3.033	4.663	0.456	-6.048	4.997	-0.0106	0.0398	-0.0297	-0.0106	0.0398	-0.0297	1	1.00	0.1954	0.3682	-0.5540	1.658	1
134637	0.003	0.211	-0.209	7.22	-6.19	0.14	-3.184	-2.055	4.017	0.453	-6.045	4.997	0.1200	-0.1200	-0.0105	0.1200	-0.1200	-0.0105	1	1.00	0.1954	0.3682	-0.5540	1.658	1
134645	-0.023	0.321	-0.289	-1.52	0.51	3.02	-2.592	-2.273	3.345	0.451	-6.042	4.995	-0.0788	0.0448	0.0420	-0.0788	0.0448	0.0420	1	1.00	0.1954	0.3682	-0.5540	1.658	1
134653	0.059	0.345	-0.395	3.33	1.24	-4.04	-2.197	-2.940	3.750	0.449	-6.039	4.994	0.0807	0.0761	-0.1200	0.0807	0.0761	-0.1200	1	1.00	0.1954	0.3682	-0.5540	1.658	1
134661	0.049	0.215	-0.258	2.75	-4.73	1.67	-2.531	-2.063	3.284	0.446	-6.036	4.993	0.0648	-0.0964	0.0296	0.0648	-0.0964	0.0296	1	1.00	0.1954	0.3682	-0.5540	1.658	1
134669	0.025	0.290	-0.308	-3.68	-0.01	6.98	-1.280	-2.141	1.915	0.445	-6.033	4.991	-0.1200	0.0147	0.1200	-0.1200	0.0147	0.1200	1	1.00	0.1954	0.3682	-0.5540	1.658	1
134677	0.219	0.291	-0.503	6.11	1.67	-6.29	-1.235	-2.902	2.842	0.443	-6.030	4.989	0.1200	0.0684	-0.1200	0.1200	0.0684	-0.1200	1	1.00	0.1954	0.3682	-0.5540	1.658	1
134685	0.121	0.157	-0.274	1.62	-6.77	-1.40	-1.524	-2.173	3.087	0.442	-6.027	4.987	0.1082	-0.1134	-0.0044	0.1082	-0.1134	-0.0044	1	1.00	0.1954	0.3682	-0.5540	1.658	1
134693	0.003	0.229	-0.225	-8.32	-1.69	7.90	0.046	-2.250	1.650	0.441	-6.024	4.985	-0.1200	-0.0015	0.1200	-0.1200	-0.0015	0.1200	1	1.00	0.1954	0.3682	-0.5540	1.658	1
134701	0.228	0.225	-0.447	3.28	2.08	-3.55	0.100	-3.355	2.258	0.441	-6.022	4.983	0.1200	0.0585	-0.1200	0.1200	0.0585	-0.1200	1	1.00	0.1954	0.3682	-0.5540	1.658	1
134709	0.207	0.089	-0.294	2.41	-8.14	0.77	-0.655	-3.019	2.647	0.440	-6.020	4.981	0.1200	-0.1200	0.0320	0.1200	-0.1200	0.0320	1	1.00	0.1954	0.3682	-0.5540	1.658	1
134717	0.063	0.182	-0.241	-6.25	-0.46	6.62	0.603	-3.164	1.412	0.440	-6.017	4.978	-0.1200	0.0001	0.1200	-0.1200	0.0001	0.1200	1	1.00	0.1954	0.3682	-0.5540	1.658	1
134724	0.169	0.202	-0.366	0.98	5.04	-4.64	1.143	-4.261	2.164	0.440	-6.016	4.976	0.0720	0.1200	-0.1200	0.0720	0.1200	-0.1200	1	1.00	0.1954	0.3682	-0.5540	1.658	1
134732	0.204	0.007	-0.211	2.38	-10.82	1.89	0.416	-3.721	2.814	0.441	-6.014	4.974	0.1200	-0.1200	0.0889	0.1200	-0.1200	0.0889	1	1.00	0.1954	0.3682	-0.5540	1.658	1
134740	0.048	0.105	-0.150	-7.65	-4.35	4.72	1.402	-3.488	1.988	0.441	-6.012	4.972	-0.1087	-0.0651	0.1200	-0.1087	-0.0651	0.1200	1	1.00	0.1954	0.3682	-0.5540	1.658	1
134748	0.153	0.122	-0.272	-2.16	4.18	-6.78	2.102	-4.947	3.120	0.442	-6.011	4.970	0.0404	0.1200	-0.1200	0.0404	0.1200	-0.1200	1	1.00	0.1954	0.3682	-0.5540	1.658	1
134756	0.195	-0.093	-0.104	-0.77	-11.24	0.80	1.249	-4.679	3.625	0.443	-6.010	4.969	0.1200	-0.1200	0.1200	0.1200	-0.1200	0.1200	1	1.00	0.1954	0.3682	-0.5540	1.658	1
134763	0.087	-0.008	-0.079	-7.04	-5.95	3.48	2.027	-4.294	2.637	0.444	-6.008	4.967	-0.0645	-0.1199	0.1200	-0.0645	-0.1199	0.1200	1	1.00	0.1954	0.3682	-0.5540	1.658	1
134771	0.154	0.064	-0.217	-5.49	5.57	-7.37	2.757	-5.880	3.736	0.446	-6.008	4.966	-0.0208	0.1200	-0.1200	-0.0208	0.1200	-0.1200	1	1.00	0.1954	0.3682	-0.5540	1.658	1
134779	0.188	-0.040	-0.149	-0.64	-8.38	-1.96	1.993	-6.334	4.464	0.447	-6.008	4.965	0.1200	-0.1200	0.0493	0.1200	-0.1200	0.0493	1	1.00	0.1954	0.3682	-0.5540	1.658	1
134787	0.040	-0.030	-0.012	-7.99	-6.37	4.11	2.593	-5.780	3.340	0.449	-6.008	4.964	-0.0875	-0.1200	0.1200	-0.0875	-0.1200	0.1200	1	1.00	0.1954	0.3682	-0.5540	1.658	1
134795	0.098	0.058	-0.154	-3.69	4.87	-5.30	3.222	-7.255	4.049	0.451	-6.009	4.963	-0.0080	0.1160	-0.0965	-0.0080	0.1160	-0.0965	1	1.00	0.1954	0.3682	-0.5540	1.658	1
134803	0.154	0.001	-0.155	-0.24	-3.02	-6.36	2.246	-8.084	5.333	0.453	-6.010	4.963	0.1200	-0.0633	-0.0672	0.1200	-0.0633	-0.0672	1	1.00	0.1954	0.3682	-0.5540	1.658	1
134811	-0.042	-0.064	0.105	-9.08	-7.36	6.51	2.758	-7.203	4.153	0.454	-6.011	4.963	-0.1200	-0.1200	0.1200	-0.1200	-0.1200	0.1200	1	1.00	0.1954	0.3682	-0.5540	1.658	1
134819	0.020	0.024	-0.044	-2.43	3.43	-3.11	3.478	-8.207	4.317	0.457	-6.013	4.962	-0.0059	0.0485	-0.0314	-0.0059	0.0485	-0.0314	1	1.00	0.1954	0.3682	-0.5540	1.658	1
134826	0.127	0.017	-0.143	0.76	1.54	-7.58	2.250	-9.303	5.719	0.458	-6.015	4.963	0.1200	0.0190	-0.1200	0.1200	0.0190	-0.1200	1	1.00	0.1954	0.3682	-0.5540	1.658	1
134835	-0.042	-0.084	0.124	-9.11	-5.74	6.93	2.741	-8.405	4.757	0.460	-6.017	4.963	-0.1200	-0.1200	0.1200	-0.1200	-0.1200	0.1200	1	1.00	0.1954	0.3682	-0.5540	1.658	1
134843	0.003	0.020	-0.022	-2.23	1.16	0.76	3.494	-8.869	4.663	0.462	-6.019	4.962	-0.0201	-0.0313	0.0608	-0.0201	-0.0313	0.0608	1	1.00	0.1954	0.3682	-0.5540	1.658	1
134851	0.076	0.056	-0.131	2.03	3.96	-10.00	2.321	-10.004	6.241	0.464	-6.022	4.963	0.1200	0.0761	-0.1200	0.1200	0.0761	-0.1200	1	1.00	0.1954	0.3682	-0.5540	1.658	1
134858	-0.121	-0.051	0.170	-7.92	-6.48	5.42	2.799	-9.372	5.964	0.466	-6.025	4.964	-0.1200	-0.1200	0.1200	-0.1200	-0.1200	0.1200	1	1.00	0.1954	0.3682	-0.5540	1.658	1
134866	-0.103	-0.001	0.105	-0.94	-0.89	1.84	3.243	-9.157	5.831	0.468	-6.028	4.965	-0.0183	-0.0972	0.1153	-0.0183	-0.0972	0.1153	1	1.00	0.1954	0.3682	-0.5540	1.658	1
134875	-0.076	0.144	-0.064	1.22	8.40	-11.51	2.192	-10.607	7.588	0.469	-6.031	4.966	0.0637	0.1200	-0.1200	0.0637	0.1200	-0.1200	1	1.00	0.1954	0.3682	-0.5540	1.658	1
134883	-0.248	0.016	0.232	-7.47	-3.16	3.65	2.662	-10.381	7.620	0.471	-6.035	4.969	-0.1200	-0.1038	0.1200	-0.1200	-0.1038	0.1200	1	1.00	0.1954	0.3682	-0.5540	1.658	1
134891	-0.264	0.078	0.189	2.60	-0.77	0.93	2.177	-9.855	7.589	0.473	-6.038	4.971	0.0087	-0.1057	0.0961	0.0087	-0.1057	0.0961	1	1.00	0.1954	0.3682	-0.5540	1.658	1
134898	-0.249	0.220	0.035	1.77	9.41	-12.55	1.413	-11.139	9.435	0.474	-6.042	4.974	0.0296	0.1200	-0.1200	0.0296	0.1200	-0.1200	1	1.00	0.1954	0.3682	-0.5540	1.658	1
134906	-0.391	0.120	0.275	-5.39	-0.79	2.06	1.928	-11.265	9.502	0.475	-6.046	4.978	-0.1200	-0.0506	0.1200	-0.1200	-0.0506	0.1200	1	1.00	0.1954	0.3682	-0.5540	1.658	1
134915	-0.260	0.143	0.121	4.58	-0.93	-1.21	1.120	-10.505	9.637	0.475	-6.050	4.981	0.0548	-0.0997	0.0407	0.0548	-0.0997	0.0407	1	1.00	0.1954	0.3682	-0.5540	1.658	1
134923	-0.332	0.307	0.033	-3.22	10.02	-9.96	0.658	-11.683	11.491	0.476	-6.054	4.986	-0.1116	0.1200	-0.1200	-0.1116	0.1200	-0.1200	1	1.00	0.1954	0.3682	-0.5540	1.658	1
134930	-0.394	0.173	0.226	-1.69	-1.56	3.36	1.061	-12.080	10.839	0.476	-6.059	4.991	-0.1142	-0.1002	0.1200	-0.1142	-0.1002	0.1200	1	1.00	0.1954	0.3682	-0.5540	1.658	1
134938	-0.279	0.249	0.037	9.19	0.46	-1.30	-0.256	-11.413	10.606	0.476	-6.063	4.995	0.1010	-0.0921	-0.0171	0.1010	-0.0921	-0.0171	1	1.00	0.1954	0.3682	-0.5540	1.658	1
134946	-0.276	0.331	-0.046	1.04	9.20	-8.54	-0.438	-12.664	11.485	0.475	-6.068	5.000	-0.0438	0.1200	-0.1200	-0.0438	0.1200	-0.1200	1	1.00	0.1954	0.3682	-0.5540	1.657	1
134955	-0.273	0.192	0.085	-0.86	-0.66	5.12	0.197	-13.064	10.724	0.475	-6.074	5.005	-0.0925	-0.1013	0.1200	-0.0925	-0.1013	0.1200	1	1.00	0.1954	0.3682	-0.5540	1.657	1
134963	-0.084	0.210	-0.120	10.81	0.59	-2.29	-0.929	-11.866	10.205	0.474	-6.078	5.009	0.1200	-0.1007	-0.0758	0.1200	-0.1007	-0.0758	1	1.00	0.1954	0.3682	-0.5540	1.657	1
134970	-0.182	0.345	-0.154	1.66	7.48	-3.53	-0.662	-12.894	10.486	0.473	-6.084	5.014	-0.0374	0.1200	-0.0744	-0.0374	0.1200	-0.0744	1	1.00	0.1954	0.3682	-0.5540	1.657	1
134978	-0.143	0.278	-0.129	0.98	1.91	6.20	0.029	-12.950	9.467	0.472	-6.089	5.017	-0.0625	-0.0557	0.1200	-0.0625	-0.0557	0.1200	1	1.00	0.1954	0.3682	-0.5540	1.657	1
134986	0.017	0.286	-0.296	11.29	2.50	-3.42	-0.822	-11.360	8.976	0.471	-6.094	5.021	0.1200	-0.0389	-0.1200	0.1200	-0.0389	-0.1200	1	1.00	0.1954	0.3682	-0.5540	1.657	1
134994	-0.087	0.359	-0.263	-0.01	6.31	-0.48	-0.320	-11.776	9.204	0.471	-6.098	5.024	-0.0624	0.1116	-0.0291	-0.0624	0.1116	-0.0291	1	1.00	0.1954	0.3682	-0.5540	1.657	1
135002	-0.046	0.282	-0.229	2.01	4.42	4.99	0.535	-11.645	8.232	0.471	-6.103	5.027	-0.0314	-0.0009	0.0621	-0.0314	-0.0009	0.0621	1	1.00	0.1954	0.3682	-0.5540	1.657	1
135010	0.099	0.236	-0.329	10.83	1.14	-1.49	0.039	-10.214	7.795	0.470	-6.106	5.029	0.1200	-0.0811	-0.1200	0.1200	-0.0811	-0.1200	1	1.00	0.1954	0.3682	-0.5540	1.657	1
135018	0.023	0.318	-0.333	0.35	4.01	1.46	0.714	-10.435	8.081	0.470	-6.110	5.031	-0.0160	0.0471	-0.0096	-0.0160	0.0471	-0.0096	1	1.00	0.1954	0.3681	-0.5540	1.657	1
135026	0.073	0.267	-0.333	-0.62	5.47	0.86	1.858	-10.722	7.376	0.471	-6.113	5.033	-0.0228	0.0737	-0.0294	-0.0228	0.0737	-0.0294	1	1.00	0.1954	0.3681	-0.5540	1.657	1
135034	0.166	0.153	-0.314	6.39	-2.89	2.00	1.770	-9.560	6.851	0.472	-6.116	5.035	0.1200	-0.1200	-0.0055	0.1200	-0.1200	-0.0055	1	1.00	0.1954	0.3681	-0.5540	1.657	1
135042	0.137	0.290	-0.420	-1.92	2.14	0.10	2.430	-9.743	6.879	0.474	-6.119	5.036	0.0016	0.0384	-0.0298	0.0016	0.0384	-0.0298	1	1.00	0.1954	0.3681	-0.5540	1.657	1
135050	0.111	0.334	-0.437	-3.62	7.10	-3.05	3.706	-10.677	6.841	0.476	-6.123	5.038	-0.0400	0.1200	-0.1162	-0.0400	0.1200	-0.1162	1	1.00	0.1954	0.3681	-0.5540	1.657	1
135057	0.176	0.131	-0.303	4.06	-5.38	6.08	3.408	-9.875	5.943	0.478	-6.126	5.039	0.1200	-0.1200	0.1001	0.1200	-0.1200	0.1001	1	1.00	0.1954	0.3681	-0.5540	1.657	1
135065	0.138	0.319	-0.449	-3.19	1.00	2.41	3.746	-9.892	5.517	0.481	-6.129	5.039	-0.0208	0.0146	0.0169	-0.0208	0.0146	0.0169	1	1.00	0.1954	0.3681	-0.5539	1.657	1
135073	0.087	0.349	-0.427	-3.66	7.32	-4.39	4.852	-11.324	6.323	0.484	-6.133	5.040	-0.0272	0.1200	-0.1200	-0.0272	0.1200	-0.1200	1	1.00	0.1954	0.3681	-0.5539	1.657	1
135081	0.116	0.145	-0.258	2.38	-5.82	5.56	4.403	-10.719	5.870	0.487	-6.137	5.041	0.1019	-0.1200	0.1185	0.1019	-0.1200	0.1185	1	1.00	0.1954	0.3681	-0.5539	1.657	1
135089	0.085	0.249	-0.327	-2.36	-2.00	4.69	4.582	-10.172	4.939	0.491	-6.140	5.041	-0.0071	-0.0825	0.0948	-0.0071	-0.0825	0.0948	1	1.00	0.1954	0.3681	-0.5539	1.657	1
135097	0.085	0.352	-0.428	-3.55	9.14	-7.06	5.227	-11.693	6.536	0.494	-6.144	5.042	-0.0159	0.1200	-0.1200	-0.0159	0.1200	-0.1200	1	1.00	0.1954	0.3681	-0.5539	1.657	1
135104	0.068	0.166	-0.230	-2.25	-2.16	1.03	4.638	-11.686	6.995	0.498	-6.149	5.043	0.0221	-0.0859	0.0626	0.0221	-0.0859	0.0626	1	1.00	0.1954	0.3681	-0.5539	1.657	1
135112	-0.034	0.169	-0.131	-2.30	-2.76	6.64	4.454	-10.754	5.739	0.501	-6.152	5.044	-0.0436	-0.1200	0.1200	-0.0436	-0.1200	0.1200	1	1.00	0.1954	0.3681	-0.5539	1.657	1
135120	0.002	0.331	-0.324	-2.51	8.00	-1.89	4.776	-11.808	6.666	0.504	-6.156	5.045	-0.0533	0.1200	-0.0909	-0.0533	0.1200	-0.0909	1	1.00	0.1954	0.3681	-0.5539	1.657	1
135128	0.001	0.267	-0.262	1.59	0.99	-1.62	4.019	-12.355	8.031	0.507	-6.161	5.048	0.0682	-0.0215	-0.0423	0.0682	-0.0215	-0.0423	1	1.00	0.1954	0.3681	-0.5539	1.657	1
135136	-0.116	0.201	-0.080	-2.00	-3.16	6.76	3.633	-10.942	6.831	0.510	-6.166	5.049	-0.0593	-0.1200	0.1200	-0.0593	-0.1200	0.1200	1	1.00	0.1954	0.3681	-0.5539	1.657	1
135144	-0.117	0.306	-0.180	-0.74	6.30	1.00	4.007	-11.413	7.023	0.513	-6.170	5.051	-0.0646	0.0873	-0.0108	-0.0646	0.0873	-0.0108	1	1.00	0.1954	0.3681	-0.5539	1.657	1
135151	-0.065	0.298	-0.224	3.21	3.07	-2.99	2.805	-11.840	8.402	0.515	-6.174	5.053	0.0706	0.0254	-0.0858	0.0706	0.0254	-0.0858	1	1.00	0.1954	0.3681	-0.5539	1.657	1
135159	-0.166	0.230	-0.057	-1.83	-2.28	5.49	2.597	-10.563	7.591	0.516	-6.178	5.055	-0.0703	-0.1066	0.1200	-0.0703	-0.1066	0.1200	1	1.00	0.1954	0.3681	-0.5539	1.657	1
135167	-0.224	0.372	-0.138	-0.19	6.13	2.31	2.775	-10.798	7.519	0.518	-6.181	5.057	-0.0950	0.0873	0.0210	-0.0950	0.0873	0.0210	1	1.00	0.1954	0.3681	-0.5539	1.657	1
135175	-0.148	0.361	-0.204	3.73	3.15	-4.55	1.779	-11.092	8.631	0.519	-6.185	5.060	0.0695	0.0543	-0.1113	0.0695	0.0543	-0.1113	1	1.00	0.1954	0.3681	-0.5539	1.657	1
135183	-0.261	0.309	-0.040	-1.32	-3.38	6.29	1.465	-9.892	7.879	0.520	-6.189	5.062	-0.0855	-0.1155	0.1200	-0.0855	-0.1155	0.1200	1	1.00	0.1954	0.3681	-0.5539	1.657	1
135190	-0.249	0.439	-0.179	1.91	6.08	-0.16	1.664	-10.059	7.537	0.521	-6.192	5.064	-0.0464	0.1102	-0.0456	-0.0464	0.1102	-0.0456	1	1.00	0.1954	0.3681	-0.5539	1.657	1
135198	-0.195	0.386	-0.180	4.49	3.20	-4.84	0.507	-10.550	8.461	0.521	-6.195	5.067	0.0722	0.0636	-0.1141	0.0722	0.0636	-0.1141	1	1.00	0.1954	0.3681	-0.5539	1.657	1
135206	-0.312	0.314	0.007	0.15	-4.58	7.60	0.292	-9.376	7.326	0.521	-6.198	5.069	-0.0729	-0.1200	0.1200	-0.0729	-0.1200	0.1200	1	1.00	0.1954	0.3681	-0.5539	1.657	1
135214	-0.238	0.432	-0.183	2.87	6.51	-0.17	0.389	-9.473	7.042	0.521	-6.200	5.071	-0.0327	0.1170	-0.0547	-0.0327	0.1170	-0.0547	1	1.00	0.1954	0.3681	-0.5539	1.657	1
135222	-0.163	0.395	-0.222	5.80	3.37	-4.94	-0.544	-9.946	7.846	0.520	-6.203	5.073	0.0843	0.0666	-0.1200	0.0843	0.0666	-0.1200	1	1.00	0.1954	0.3681	-0.5539	1.657	1
135230	-0.257	0.337	-0.071	-0.05	-3.80	8.20	-0.573	-8.639	6.700	0.519	-6.206	5.074	-0.0940	-0.1200	0.1200	-0.0940	-0.1200	0.1200	1	1.00	0.1954	0.3681	-0.5539	1.657	1
135238	-0.225	0.481	-0.244	3.70	6.34	-1.47	-0.449	-8.856	6.663	0.519	-6.208	5.075	-0.0201	0.1200	-0.0943	-0.0201	0.1200	-0.0943	1	1.00	0.1954	0.3681	-0.5539	1.657	1
135245	-0.173	0.412	-0.228	5.07	1.45	-1.33	-1.040	-9.332	7.292	0.518	-6.210	5.077	0.0529	0.0171	-0.0527	0.0529	0.0171	-0.0527	1	1.00	0.1954	0.3681	-0.5539	1.657	1
135253	-0.228	0.368	-0.131	2.25	-4.03	8.56	-0.903	-8.024	6.141	0.516	-6.212	5.078	-0.0503	-0.1200	0.1200	-0.0503	-0.1200	0.1200	1	1.00	0.1954	0.3681	-0.5539	1.657	1
135261	-0.169	0.486	-0.305	4.27	7.43	-3.66	-0.699	-8.344	6.461	0.515	-6.213	5.079	0.0100	0.1200	-0.1200	0.0100	0.1200	-0.1200	1	1.00	0.1954	0.3681	-0.5539	1.657	1
135269	-0.139	0.391	-0.242	2.52	1.42	-2.66	-0.864	-8.837	7.377	0.514	-6.215	5.081	0.0253	0.0455	-0.0586	0.0253	0.0455	-0.0586	1	1.00	0.1954	0.3681	-0.5539	1.657	1
135277	-0.195	0.277	-0.074	0.26	-5.26	7.44	-0.462	-7.540	6.169	0.513	-6.217	5.082	-0.0600	-0.1200	0.1200	-0.0600	-0.1200	0.1200	1	1.00	0.1954	0.3681	-0.5539	1.657	1
135284	-0.104	0.384	-0.270	3.73	4.47	-1.95	-0.272	-7.627	6.423	0.513	-6.218	5.083	0.0196	0.0888	-0.1010	0.0196	0.0888	-0.1010	1	1.00	0.1954	0.3681	-0.5539	1.657	1
135292	-0.078	0.348	-0.260	1.30	0.97	-2.58	-0.213	-8.424	7.355	0.512	-6.219	5.085	0.0181	0.0372	-0.0529	0.0181	0.0372	-0.0529	1	1.00	0.1954	0.3681	-0.5539	1.657	1
135300	-0.095	0.251	-0.150	0.24	-4.99	4.86	0.182	-7.289	6.286	0.512	-6.221	5.086	-0.0043	-0.1200	0.1200	-0.0043	-0.1200	0.1200	1	1.00	0.1954	0.3680	-0.5539	1.657	1
135308	-0.059	0.366	-0.298	1.72	3.32	-4.39	0.274	-7.057	6.452	0.512	-6.221	5.087	0.0394	0.1015	-0.1200	0.0394	0.1015	-0.1200	1	1.00	0.1954	0.3680	-0.5539	1.657	1
135316	-0.114	0.360	-0.236	-4.03	-1.86	-0.66	0.694	-7.760	7.423	0.512	-6.222	5.088	-0.0613	0.0158	0.0481	-0.0613	0.0158	0.0481	1	1.00	0.1954	0.3680	-0.5539	1.657	1
135324	-0.096	0.309	-0.204	1.15	-5.22	2.28	0.897	-6.699	6.424	0.512	-6.223	5.090	0.0324	-0.1176	0.0782	0.0324	-0.1176	0.0782	1	1.00	0.1954	0.3680	-0.5539	1.657	1
135332	-0.066	0.393	-0.317	0.57	3.08	-6.28	0.763	-6.733	7.040	0.512	-6.223	5.091	0.0324	0.1200	-0.1200	0.0324	0.1200	-0.1200	1	1.00	0.1954	0.3680	-0.5539	1.657	1
135339	-0.097	0.327	-0.221	-4.90	-1.73	-0.45	1.216	-7.523	7.719	0.513	-6.224	5.093	-0.0787	0.0144	0.0573	-0.0787	0.0144	0.0573	1	1.00	0.1954	0.3680	-0.5539	1.657	1
135347	-0.037	0.196	-0.154	1.64	-5.16	1.84	0.943	-6.466	6.344	0.513	-6.225	5.094	0.0555	-0.1200	0.0741	0.0555	-0.1200	0.0741	1	1.00	0.1954	0.3680	-0.5538	1.657	1
135355	-0.038	0.314	-0.268	0.38	2.36	-4.31	0.570	-6.798	7.174	0.513	-6.225	5.096	0.0223	0.0810	-0.1022	0.0223	0.0810	-0.1022	1	1.00	0.1954	0.3680	-0.5538	1.657	1
135363	-0.087	0.295	-0.201	-3.99	1.02	-0.19	1.020	-7.671	7.573	0.514	-6.226	5.098	-0.0854	0.0488	0.0360	-0.0854	0.0488	0.0360	1	1.00	0.1954	0.3680	-0.5538	1.657	1
135371	-0.053	0.183	-0.125	5.35	-4.37	2.20	0.586	-6.738	6.207	0.514	-6.227	5.099	0.1076	-0.1200	0.0493	0.1076	-0.1200	0.0493	1	1.00	0.1954	0.3680	-0.5538	1.657	1
135378	-0.100	0.316	-0.208	1.11	0.83	-0.56	-0.109	-6.873	6.849	0.513	-6.227	5.100	-0.0129	0.0196	-0.0147	-0.0129	0.0196	-0.0147	1	1.00	0.1954	0.3680	-0.5538	1.657	1
135386	-0.178	0.377	-0.189	-3.73	5.97	-1.29	0.360	-7.718	7.168	0.513	-6.228	5.102	-0.1200	0.1200	-0.0208	-0.1200	0.1200	-0.0208	1	1.00	0.1954	0.3680	-0.5538	1.657	1
135394	-0.137	0.219	-0.076	7.07	-3.83	2.58	-0.287	-6.954	6.393	0.513	-6.229	5.103	0.0950	-0.1200	0.0526	0.0950	-0.1200	0.0526	1	1.00	0.1954	0.3680	-0.5538	1.657	1
135402	-0.140	0.354	-0.205	2.54	1.08	2.10	-1.061	-6.799	6.594	0.512	-6.229	5.104	-0.0224	0.0021	0.0215	-0.0224	0.0021	0.0215	1	1.00	0.1954	0.3680	-0.5538	1.657	1
135410	-0.173	0.399	-0.216	-2.19	7.46	-2.83	-0.322	-7.975	6.994	0.511	-6.230	5.106	-0.1145	0.1200	-0.0736	-0.1145	0.1200	-0.0736	1	1.00	0.1954	0.3680	-0.5538	1.657	1
135417	-0.089	0.192	-0.098	8.10	-3.85	3.16	-1.209	-7.413	6.626	0.510	-6.232	5.107	0.1182	-0.1200	0.0574	0.1182	-0.1200	0.0574	1	1.00	0.1954	0.3680	-0.5538	1.657	1
135425	-0.096	0.270	-0.167	4.64	-0.94	3.81	-1.598	-7.085	5.989	0.508	-6.232	5.108	0.0289	-0.0806	0.0611	0.0289	-0.0806	0.0611	1	1.00	0.1954	0.3680	-0.5538	1.657	1
135433	-0.130	0.375	-0.236	-2.48	10.32	-3.60	-0.358	-8.616	6.704	0.507	-6.234	5.109	-0.1200	0.1200	-0.1088	-0.1200	0.1200	-0.1088	1	1.00	0.1954	0.3680	-0.5538	1.657	1
135441	0.013	0.122	-0.133	7.94	-2.04	1.61	-0.822	-8.533	6.821	0.506	-6.236	5.110	0.1200	-0.1200	0.0140	0.1200	-0.1200	0.0140	1	1.00	0.1954	0.3680	-0.5538	1.657	1
135449	-0.043	0.154	-0.107	3.54	-1.88	4.79	-1.025	-7.664	5.542	0.505	-6.237	5.111	0.0268	-0.1200	0.1075	0.0268	-0.1200	0.1075	1	1.00	0.1954	0.3680	-0.5538	1.657	1
135456	-0.085	0.354	-0.260	-4.85	11.25	-3.44	0.620	-9.151	6.147	0.505	-6.239	5.111	-0.1200	0.1200	-0.1009	-0.1200	0.1200	-0.1009	1	1.00	0.1954	0.3680	-0.5538	1.657	1
135464	0.014	0.237	-0.245	4.38	2.13	-4.59	0.354	-9.399	6.948	0.505	-6.242	5.113	0.1200	0.0221	-0.1200	0.1200	0.0221	-0.1200	1	1.00	0.1954	0.3680	-0.5538	1.657	1
135472	-0.099	0.161	-0.058	-0.88	-6.44	6.37	0.414	-8.166	5.598	0.504	-6.243	5.113	-0.0158	-0.1200	0.1200	-0.0158	-0.1200	0.1200	1	1.00	0.1954	0.3680	-0.5538	1.657	1
135480	-0.070	0.339	-0.261	-3.39	4.68	-1.29	1.927	-8.562	5.310	0.505	-6.245	5.114	-0.0726	0.1200	-0.0337	-0.0726	0.1200	-0.0337	1	1.00	0.1954	0.3680	-0.5538	1.657	1
135488	0.044	0.295	-0.331	3.87	1.98	-10.71	1.390	-9.135	6.914	0.506	-6.247	5.115	0.1200	0.0844	-0.1200	0.1200	0.0844	-0.1200	1	1.00	0.1954	0.3680	-0.5538	1.657	1
135496	-0.098	0.183	-0.080	-4.42	-9.43	2.44	1.434	-7.561	6.057	0.507	-6.249	5.116	-0.0204	-0.1200	0.1200	-0.0204	-0.1200	0.1200	1	1.00	0.1954	0.3680	-0.5538	1.657	1
135504	-0.104	0.289	-0.178	-5.06	-0.88	-1.13	2.756	-7.356	5.237	0.508	-6.250	5.116	-0.0683	0.0331	0.0364	-0.0683	0.0331	0.0364	1	1.00	0.1954	0.3680	-0.5538	1.657	1
135512	0.044	0.315	-0.351	0.09	0.77	-9.42	2.246	-8.113	6.543	0.510	-6.251	5.117	0.1076	0.0892	-0.1200	0.1076	0.0892	-0.1200	1	1.00	0.1954	0.3680	-0.5538	1.657	1
135519	-0.021	0.233	-0.206	-4.22	-8.85	-0.03	1.818	-7.109	6.243	0.511	-6.252	5.118	0.0127	-0.1200	0.1146	0.0127	-0.1200	0.1146	1	1.00	0.1954	0.3680	-0.5538	1.657	1
135527	-0.112	0.352	-0.231	-6.63	-1.48	-2.78	2.898	-7.015	5.624	0.513	-6.252	5.118	-0.0810	0.0618	0.0142	-0.0810	0.0618	0.0142	1	1.00	0.1954	0.3680	-0.5538	1.657	1
135535	0.006	0.313	-0.311	-1.14	-2.24	-7.08	2.465	-7.571	6.838	0.514	-6.253	5.119	0.0778	0.0249	-0.1125	0.0778	0.0249	-0.1125	1	1.00	0.1954	0.3680	-0.5538	1.657	1
135543	-0.077	0.246	-0.163	-5.61	-10.27	4.16	1.996	-6.645	6.296	0.516	-6.254	5.121	-0.0516	-0.1200	0.1200	-0.0516	-0.1200	0.1200	1	1.00	0.1954	0.3680	-0.5538	1.657	1
135551	-0.069	0.413	-0.333	-3.97	0.21	-2.15	2.724	-7.105	5.888	0.517	-6.254	5.121	-0.0481	0.0768	-0.0330	-0.0481	0.0768	-0.0330	1	1.00	0.1954	0.3680	-0.5538	1.657	1
135559	0.051	0.387	-0.427	-0.96	-3.04	-5.93	2.160	-7.909	7.401	0.519	-6.256	5.123	0.0850	0.0123	-0.1073	0.0850	0.0123	-0.1073	1	1.00	0.1954	0.3680	-0.5538	1.657	1
135567	-0.057	0.290	-0.225	-6.13	-11.72	6.65	2.026	-6.891	6.489	0.520	-6.256	5.124	-0.0663	-0.1200	0.1200	-0.0663	-0.1200	0.1200	1	1.00	0.1954	0.3680	-0.5538	1.657	1
135575	-0.073	0.420	-0.336	-1.59	-2.32	0.22	2.472	-7.316	6.484	0.521	-6.257	5.125	-0.0109	-0.0097	0.0101	-0.0109	-0.0097	0.0101	1	1.00	0.1954	0.3680	-0.5538	1.657	1
135582	0.005	0.413	-0.407	-0.92	-1.23	-5.25	1.866	-8.635	8.117	0.523	-6.259	5.127	0.0543	0.0406	-0.1007	0.0543	0.0406	-0.1007	1	1.00	0.1954	0.3680	-0.5538	1.657	1
135590	-0.073	0.221	-0.142	-4.63	-9.00	7.82	1.869	-8.244	7.303	0.524	-6.260	5.129	-0.0754	-0.1200	0.1200	-0.0754	-0.1200	0.1200	1	1.00	0.1954	0.3680	-0.5538	1.657	1
135598	-0.038	0.284	-0.238	-0.81	-3.42	5.09	1.895	-8.706	7.281	0.525	-6.262	5.131	-0.0227	-0.1110	0.1200	-0.0227	-0.1110	0.1200	1	1.00	0.1954	0.3680	-0.5538	1.657	1
135606	0.040	0.326	-0.357	0.83	2.24	-6.44	1.511	-10.479	9.007	0.526	-6.265	5.133	0.0775	0.0725	-0.1200	0.0775	0.0725	-0.1200	1	1.00	0.1954	0.3680	-0.5538	1.657	1
135614	-0.012	0.082	-0.068	-4.03	-8.72	7.68	1.681	-11.050	9.070	0.526	-6.269	5.137	-0.0482	-0.1200	0.1200	-0.0482	-0.1200	0.1200	1	1.00	0.1954	0.3680	-0.5538	1.657	1
135622	0.015	0.051	-0.064	0.53	-6.69	7.12	1.864	-11.252	8.689	0.528	-6.273	5.139	0.0263	-0.1200	0.1200	0.0263	-0.1200	0.1200	1	1.00	0.1954	0.3680	-0.5538	1.657	1
135630	0.062	0.113	-0.172	0.45	1.50	-5.43	1.681	-13.011	10.279	0.528	-6.278	5.143	0.0797	-0.0048	-0.0631	0.0797	-0.0048	-0.0631	1	1.00	0.1954	0.3680	-0.5538	1.657	1
135637	-0.018	0.014	0.005	-6.16	-3.91	3.53	2.120	-14.272	10.938	0.530	-6.284	5.148	-0.0814	-0.1200	0.1200	-0.0814	-0.1200	0.1200	1	1.00	0.1954	0.3680	-0.5538	1.657	1
135645	0.012	-0.032	0.019	-0.11	-2.46	0.57	2.243	-14.329	10.763	0.531	-6.290	5.152	0.0441	-0.1200	0.1200	0.0441	-0.1200	0.1200	1	1.00	0.1954	0.3680	-0.5538	1.657	1
135653	0.018	0.028	-0.046	-0.81	-0.37	-5.90	1.952	-15.581	11.960	0.532	-6.297	5.157	0.0744	-0.0580	-0.0031	0.0744	-0.0580	-0.0031	1	1.00	0.1954	0.3679	-0.5538	1.657	1
135661	-0.062	0.022	0.041	-8.16	-1.19	-0.48	2.630	-16.741	13.002	0.534	-6.306	5.163	-0.1089	-0.0682	0.1200	-0.1089	-0.0682	0.1200	1	1.00	0.1954	0.3679	-0.5538	1.657	1
135669	0.015	-0.039	0.023	1.02	-2.88	-3.63	2.377	-16.626	13.596	0.535	-6.314	5.170	0.1018	-0.1200	0.0590	0.1018	-0.1200	0.0590	1	1.00	0.1954	0.3679	-0.5538	1.657	1
135677	0.023	-0.025	0.001	-5.00	-2.07	-3.18	2.066	-17.129	15.107	0.536	-6.322	5.177	-0.0169	-0.1049	0.1164	-0.0169	-0.1049	0.1164	1	1.00	0.1954	0.3679	-0.5538	1.657	1
135685	-0.014	0.017	-0.003	-7.60	2.78	-5.75	2.920	-18.154	16.822	0.538	-6.332	5.186	-0.0911	0.0224	0.0559	-0.0911	0.0224	0.0559	1	1.00	0.1954	0.3679	-0.5538	1.657	1
135692	0.066	-0.100	0.030	0.17	-4.53	-5.79	2.276	-18.476	18.616	0.540	-6.341	5.197	0.1107	-0.1200	0.0606	0.1107	-0.1200	0.0606	1	1.00	0.1954	0.3679	-0.5538	1.657	1
135700	0.031	-0.031	-0.001	-6.76	-3.36	-2.56	2.060	-19.322	20.406	0.541	-6.351	5.208	-0.0603	-0.1200	0.1200	-0.0603	-0.1200	0.1200	1	1.00	0.1954	0.3679	-0.5538	1.657	1
135708	-0.033	0.090	-0.055	-7.18	2.92	-8.63	2.759	-21.609	22.334	0.543	-6.363	5.222	-0.0770	0.0291	0.0164	-0.0770	0.0291	0.0164	1	1.00	0.1954	0.3679	-0.5538	1.657	1
135716	0.024	-0.085	0.058	-1.28	-3.80	-5.38	1.819	-23.140	23.296	0.544	-6.376	5.236	0.0656	-0.1200	0.1141	0.0656	-0.1200	0.1141	1	1.00	0.1954	0.3679	-0.5538	1.657	1
135724	-0.031	0.010	0.021	-6.78	-0.13	-4.92	1.458	-24.494	23.293	0.545	-6.390	5.250	-0.0668	-0.0861	0.1200	-0.0668	-0.0861	0.1200	1	1.00	0.1954	0.3679	-0.5538	1.657	1
135732	-0.073	0.056	0.019	-6.24	3.77	-9.99	1.938	-26.263	23.735	0.546	-6.406	5.265	-0.0453	0.0226	0.0261	-0.0453	0.0226	0.0261	1	1.00	0.1954	0.3679	-0.5538	1.657	1
135740	-0.046	-0.051	0.095	-0.88	-3.60	-7.15	1.002	-26.044	24.120	0.546	-6.422	5.280	0.0844	-0.1200	0.1091	0.0844	-0.1200	0.1091	1	1.00	0.1954	0.3679	-0.5538	1.657	1
135748	-0.153	0.035	0.119	-6.78	-1.08	-6.19	0.795	-25.497	24.935	0.546	-6.437	5.296	-0.0771	-0.0945	0.1200	-0.0771	-0.0945	0.1200	1	1.00	0.1954	0.3679	-0.5538	1.657	1
135756	-0.172	0.071	0.102	-5.54	4.11	-10.83	1.188	-26.312	27.780	0.547	-6.453	5.313	-0.0747	0.0209	0.0275	-0.0747	0.0209	0.0275	1	1.00	0.1954	0.3679	-0.5538	1.657	1
135764	-0.149	0.025	0.124	0.63	-2.64	-10.14	-0.053	-27.057	30.943	0.547	-6.469	5.333	0.0558	-0.1200	0.0596	0.0558	-0.1200	0.0596	1	1.00	0.1954	0.3679	-0.5538	1.657	1
135772	-0.233	0.146	0.090	-4.42	0.44	-4.14	-0.442	-28.696	32.030	0.546	-6.486	5.354	-0.1200	-0.1136	0.1200	-0.1200	-0.1136	0.1200	1	1.00	0.1954	0.3679	-0.5538	1.657	1
135780	-0.201	0.245	-0.037	-0.78	5.61	-7.88	-0.486	-31.448	32.112	0.545	-6.506	5.375	-0.0525	-0.0082	0.0373	-0.0525	-0.0082	0.0373	1	1.00	0.1954	0.3679	-0.5538	1.657	1
135788	-0.154	0.270	-0.109	3.90	1.06	-8.02	-1.916	-32.290	31.237	0.544	-6.526	5.396	0.0874	-0.1181	0.0293	0.0874	-0.1181	0.0293	1	1.00	0.1954	0.3679	-0.5538	1.657	1
135795	-0.281	0.373	-0.082	-2.16	3.36	-1.93	-2.131	-31.430	30.247	0.541	-6.546	5.416	-0.1163	-0.0477	0.1200	-0.1163	-0.0477	0.1200	1	1.00	0.1954	0.3679	-0.5538	1.657	1
135803	-0.140	0.419	-0.268	0.91	4.05	-5.06	-1.927	-30.883	32.154	0.539	-6.566	5.437	-0.0277	-0.0309	0.0418	-0.0277	-0.0309	0.0418	1	1.00	0.1954	0.3679	-0.5538	1.657	1
135811	-0.092	0.410	-0.307	5.34	0.84	-6.28	-2.894	-30.684	35.917	0.537	-6.585	5.460	0.0706	-0.1200	0.0075	0.0706	-0.1200	0.0075	1	1.00	0.1954	0.3679	-0.5538	1.657	1
135819	-0.169	0.481	-0.299	-0.71	4.41	-1.16	-2.659	-32.781	37.877	0.534	-6.606	5.486	-0.1200	-0.0557	0.1200	-0.1200	-0.0557	0.1200	1	1.00	0.1954	0.3679	-0.5538	1.657	1
135827	-0.092	0.522	-0.416	5.30	7.55	-3.64	-2.760	-36.074	37.440	0.532	-6.628	5.512	0.0118	-0.0294	0.0053	0.0118	-0.0294	0.0053	1	1.00	0.1954	0.3679	-0.5538	1.657	1
135835	-0.065	0.493	-0.416	5.36	4.59	-2.96	-3.475	-37.630	36.095	0.529	-6.653	5.537	0.0551	-0.0922	0.0544	0.0551	-0.0922	0.0544	1	1.00	0.1954	0.3679	-0.5538	1.657	1
135843	-0.111	0.541	-0.415	1.46	6.97	-1.02	-3.030	-37.202	35.899	0.526	-6.678	5.561	-0.0600	-0.0230	0.0978	-0.0600	-0.0230	0.0978	1	1.00	0.1954	0.3679	-0.5538	1.657	1
135850	-0.021	0.524	-0.489	5.89	6.13	-5.99	-3.024	-36.276	38.999	0.523	-6.701	5.587	0.0612	-0.0454	-0.0391	0.0612	-0.0454	-0.0391	1	1.00	0.1954	0.3679	-0.5538	1.657	1
135858	-0.075	0.532	-0.443	4.06	5.77	-5.38	-3.512	-36.811	42.154	0.520	-6.725	5.615	-0.0007	-0.0514	0.0087	-0.0007	-0.0514	0.0087	1	1.00	0.1954	0.3679	-0.5538	1.657	1
135867	-0.079	0.597	-0.502	0.22	9.83	-2.02	-2.855	-39.455	40.397	0.517	-6.751	5.644	-0.1046	0.0344	0.0634	-0.1046	0.0344	0.0634	1	1.00	0.1954	0.3679	-0.5538	1.657	1
135874	0.015	0.625	-0.624	8.81	8.98	-6.15	-3.490	-40.720	37.513	0.514	-6.778	5.670	0.1200	-0.0040	-0.0923	0.1200	-0.0040	-0.0923	1	1.00	0.1954	0.3679	-0.5538	1.657	1
135882	-0.066	0.702	-0.617	2.90	8.87	-4.36	-4.059	-38.769	36.642	0.510	-6.804	5.695	-0.0073	0.0565	-0.0140	-0.0073	0.0565	-0.0140	1	1.00	0.1954	0.3679	-0.5538	1.657	1
135890	-0.066	0.738	-0.652	-0.09	8.96	-1.77	-2.514	-35.922	37.789	0.507	-6.828	5.720	-0.1065	0.0690	0.0239	-0.1065	0.0690	0.0239	1	1.00	0.1954	0.3679	-0.5538	1.657	1
135898	0.143	0.775	-0.897	11.45	5.61	-8.59	-3.235	-34.510	40.368	0.505	-6.850	5.747	0.1200	-0.0257	-0.1200	0.1200	-0.0257	-0.1200	1	1.00	0.1954	0.3679	-0.5538	1.657	1
135906	0.051	0.908	-0.935	2.55	11.05	-7.56	-3.400	-35.952	39.437	0.502	-6.873	5.775	-0.0127	0.1200	-0.1200	-0.0127	0.1200	-0.1200	1	1.00	0.1954	0.3679	-0.5538	1.657	1
135914	-0.046	0.973	-0.902	-1.37	10.94	0.28	-1.994	-37.772	35.149	0.499	-6.897	5.799	-0.1200	0.1200	0.0087	-0.1200	0.1200	0.0087	1	1.00	0.1954	0.3679	-0.5538	1.657	1
135922	0.169	0.946	-1.090	10.79	3.05	-1.67	-2.812	-36.269	32.617	0.497	-6.921	5.821	0.1200	-0.0683	-0.1127	0.1200	-0.0683	-0.1127	1	1.00	0.1954	0.3679	-0.5538	1.657	1
135929	0.079	1.086	-1.137	2.88	12.37	-4.35	-2.809	-34.023	32.931	0.494	-6.944	5.842	-0.0115	0.1200	-0.1200	-0.0115	0.1200	-0.1200	1	1.00	0.1954	0.3679	-0.5538	1.657	1
135937	0.040	1.178	-1.187	1.60	11.69	-0.38	-1.541	-32.497	33.456	0.492	-6.964	5.864	-0.0834	0.1200	-0.1200	-0.0834	0.1200	-0.1200	1	1.00	0.1954	0.3679	-0.5538	1.657	1
135945	0.199	1.094	-1.264	13.10	3.65	3.24	-2.327	-31.206	32.783	0.490	-6.984	5.886	0.1200	-0.0722	-0.1200	0.1200	-0.0722	-0.1200	1	1.00	0.1954	0.3679	-0.5538	1.657	1
135953	0.145	1.303	-1.414	6.14	10.37	4.74	-2.658	-31.460	30.205	0.488	-7.003	5.906	-0.0059	0.1200	-0.1200	-0.0059	0.1200	-0.1200	1	1.00	0.1954	0.3679	-0.5538	1.657	1
135961	0.043	1.416	-1.422	1.26	16.58	5.85	-1.430	-32.684	27.002	0.486	-7.024	5.924	-0.1200	0.1200	-0.1141	-0.1200	0.1200	-0.1141	1	1.00	0.1954	0.3679	-0.5538	1.657	1
135969	0.252	1.298	-1.517	15.43	9.98	7.37	-2.079	-31.056	23.948	0.484	-7.043	5.939	0.1200	0.0629	-0.1200	0.1200	0.0629	-0.1200	1	1.00	0.1954	0.3679	-0.5538	1.657	1
135976	0.182	1.340	-1.487	10.56	7.50	11.97	-2.410	-28.059	21.829	0.482	-7.061	5.952	0.0688	0.0483	-0.0553	0.0688	0.0483	-0.0553	1	1.00	0.1954	0.3679	-0.5538	1.657	1
135984	0.126	1.412	-1.501	2.59	12.61	11.98	-0.831	-26.056	20.874	0.480	-7.076	5.964	-0.1200	0.1200	-0.0511	-0.1200	0.1200	-0.0511	1	1.00	0.1954	0.3679	-0.5538	1.657	1
135992	0.233	1.391	-1.588	11.61	10.52	5.48	-0.920	-24.439	21.175	0.479	-7.091	5.976	0.1137	0.1200	-0.1200	0.1137	0.1200	-0.1200	1	1.00	0.1954	0.3679	-0.5538	1.657	1
136000	0.192	1.348	-1.505	8.21	4.40	8.86	-1.231	-23.065	20.879	0.478	-7.104	5.988	0.0621	0.0561	-0.1017	0.0621	0.0561	-0.1017	1	1.00	0.1954	0.3679	-0.5538	1.657	1
136008	0.080	1.408	-1.452	-0.06	6.42	13.64	0.358	-22.813	19.724	0.477	-7.116	5.999	-0.1200	0.1200	0.0370	-0.1200	0.1200	0.0370	1	1.00	0.1954	0.3679	-0.5538	1.657	1
136016	0.246	1.436	-1.645	9.30	4.66	5.81	0.157	-22.477	19.092	0.477	-7.129	6.010	0.1200	0.0992	-0.1200	0.1200	0.0992	-0.1200	1	1.00	0.1954	0.3679	-0.5538	1.657	1
136023	0.181	1.449	-1.593	5.61	1.60	4.22	-0.439	-21.321	18.315	0.477	-7.140	6.020	0.0883	0.0998	-0.1200	0.0883	0.0998	-0.1200	1	1.00	0.1954	0.3679	-0.5538	1.657	1
136031	0.037	1.479	-1.478	-4.91	2.78	12.82	1.038	-20.195	16.030	0.477	-7.151	6.029	-0.1200	0.1200	0.0709	-0.1200	0.1200	0.0709	1	1.00	0.1954	0.3679	-0.5538	1.657	1
136039	0.231	1.437	-1.630	5.91	-2.49	4.52	1.027	-18.296	14.661	0.477	-7.160	6.036	0.1200	0.0367	-0.1200	0.1200	0.0367	-0.1200	1	1.00	0.1954	0.3679	-0.5538	1.657	1
136047	0.142	1.410	-1.515	1.52	-1.67	4.39	0.399	-16.464	14.015	0.477	-7.168	6.042	0.0513	0.0949	-0.1200	0.0513	0.0949	-0.1200	1	1.00	0.1954	0.3679	-0.5538	1.657	1
136055	0.026	1.423	-1.413	-5.33	-0.25	12.46	1.641	-15.552	12.070	0.478	-7.175	6.048	-0.1200	0.1190	0.0737	-0.1200	0.1190	0.0737	1	1.00	0.1954	0.3679	-0.5538	1.657	1
136062	0.182	1.373	-1.519	5.10	-3.92	6.44	1.412	-13.950	10.886	0.479	-7.181	6.052	0.1200	0.0155	-0.1200	0.1200	0.0155	-0.1200	1	1.00	0.1954	0.3679	-0.5538	1.657	1
136070	0.066	1.373	-1.403	1.99	-5.78	5.71	0.585	-12.544	10.852	0.479	-7.185	6.056	0.0631	0.0222	-0.0714	0.0631	0.0222	-0.0714	1	1.00	0.1954	0.3679	-0.5538	1.657	1
136078	-0.097	1.453	-1.318	-8.93	0.86	10.62	1.888	-12.427	9.598	0.480	-7.190	6.059	-0.1200	0.1200	0.0634	-0.1200	0.1200	0.0634	1	1.00	0.1954	0.3679	-0.5538	1.657	1
136086	0.061	1.295	-1.322	2.56	-4.15	7.00	1.871	-11.617	8.828	0.481	-7.193	6.061	0.0539	0.0258	-0.0670	0.0539	0.0258	-0.0670	1	1.00	0.1954	0.3679	-0.5538	1.657	1
136094	0.063	1.219	-1.251	4.08	-9.19	6.28	0.748	-10.583	9.209	0.481	-7.196	6.063	0.1200	-0.0818	-0.0344	0.1200	-0.0818	-0.0344	1	1.00	0.1954	0.3679	-0.5538	1.657	1
136102	-0.071	1.324	-1.218	-7.65	1.31	7.62	1.848	-11.104	8.487	0.482	-7.199	6.066	-0.1200	0.1200	0.0084	-0.1200	0.1200	0.0084	1	1.00	0.1954	0.3679	-0.5538	1.657	1
136110	0.069	1.119	-1.158	3.21	-5.69	7.88	1.959	-11.064	8.121	0.484	-7.202	6.067	0.0725	-0.0474	-0.0155	0.0725	-0.0474	-0.0155	1	1.00	0.1954	0.3679	-0.5538	1.657	1
136118	0.096	1.065	-1.134	3.49	-8.11	7.27	0.523	-10.041	8.473	0.484	-7.205	6.069	0.0998	-0.0920	0.0003	0.0998	-0.0920	0.0003	1	1.00	0.1954	0.3679	-0.5538	1.657	1
136126	-0.116	1.183	-1.036	-8.69	4.23	7.43	1.535	-11.149	8.165	0.484	-7.208	6.071	-0.1200	0.1200	0.0291	-0.1200	0.1200	0.0291	1	1.00	0.1954	0.3679	-0.5538	1.657	1
136133	-0.001	0.985	-0.958	2.11	-3.26	7.30	1.931	-11.569	8.116	0.486	-7.211	6.073	0.0267	-0.0186	0.0080	0.0267	-0.0186	0.0080	1	1.00	0.1954	0.3679	-0.5538	1.657	1
136141	0.131	0.849	-0.958	5.25	-9.73	5.23	0.656	-10.164	8.534	0.486	-7.214	6.074	0.1200	-0.1200	-0.0010	0.1200	-0.1200	-0.0010	1	1.00	0.1954	0.3679	-0.5538	1.657	1
136149	-0.040	0.969	-0.904	-8.13	1.65	5.12	1.721	-10.868	8.639	0.487	-7.216	6.076	-0.1200	0.1200	0.0309	-0.1200	0.1200	0.0309	1	1.00	0.1954	0.3679	-0.5538	1.657	1
136157	-0.011	0.888	-0.853	-3.20	0.91	4.31	2.691	-11.696	8.657	0.488	-7.220	6.078	-0.0768	0.1015	-0.0125	-0.0768	0.1015	-0.0125	1	1.00	0.1954	0.3679	-0.5538	1.657	1
136165	0.101	0.732	-0.814	6.75	-13.25	3.97	1.150	-10.093	8.828	0.489	-7.223	6.081	0.1200	-0.1200	0.0199	0.1200	-0.1200	0.0199	1	1.00	0.1954	0.3679	-0.5538	1.657	1
136173	-0.102	0.858	-0.733	-5.57	-3.19	5.38	1.431	-9.899	8.532	0.490	-7.225	6.083	-0.1200	0.0431	0.0842	-0.1200	0.0431	0.0842	1	1.00	0.1954	0.3679	-0.5538	1.657	1
136181	-0.126	0.911	-0.761	-2.61	2.12	-0.45	2.244	-10.912	8.923	0.491	-7.228	6.085	-0.0640	0.1200	-0.0921	-0.0640	0.1200	-0.0921	1	1.00	0.1954	0.3679	-0.5538	1.657	1
136189	0.016	0.627	-0.626	5.76	-12.07	1.88	0.775	-9.766	9.197	0.492	-7.230	6.087	0.1200	-0.1200	0.0225	0.1200	-0.1200	0.0225	1	1.00	0.1954	0.3679	-0.5538	1.657	1
136196	-0.097	0.682	-0.567	-3.67	-7.00	7.29	0.865	-8.994	8.150	0.492	-7.231	6.089	-0.0766	-0.0880	0.1200	-0.0766	-0.0880	0.1200	1	1.00	0.1954	0.3679	-0.5538	1.657	1
136204	-0.064	0.788	-0.704	-3.10	2.48	-2.86	1.734	-10.189	8.861	0.493	-7.233	6.091	-0.0451	0.1200	-0.1200	-0.0451	0.1200	-0.1200	1	1.00	0.1954	0.3679	-0.5538	1.657	1
136212	-0.011	0.548	-0.523	2.26	-8.45	-0.35	0.712	-9.964	9.291	0.493	-7.236	6.094	0.1200	-0.1200	0.0079	0.1200	-0.1200	0.0079	1	1.00	0.1954	0.3679	-0.5538	1.657	1
136220	-0.106	0.595	-0.473	-4.06	-6.94	6.15	0.787	-8.774	7.786	0.493	-7.237	6.095	-0.0744	-0.0899	0.1200	-0.0744	-0.0899	0.1200	1	1.00	0.1954	0.3679	-0.5538	1.657	1
136228	-0.110	0.766	-0.636	-4.99	5.46	-2.89	1.529	-9.799	8.273	0.494	-7.239	6.097	-0.1109	0.1200	-0.1179	-0.1109	0.1200	-0.1179	1	1.00	0.1954	0.3679	-0.5538	1.657	1
136236	-0.044	0.631	-0.571	3.50	-3.61	-1.67	0.319	-9.925	8.886	0.494	-7.241	6.099	0.1098	-0.0261	-0.0749	0.1098	-0.0261	-0.0749	1	1.00	0.1954	0.3679	-0.5538	1.657	1
136243	-0.192	0.612	-0.404	-3.31	-5.52	8.95	0.046	-9.025	7.530	0.494	-7.243	6.101	-0.1163	-0.0875	0.1200	-0.1163	-0.0875	0.1200	1	1.00	0.1954	0.3679	-0.5538	1.657	1
136251	-0.142	0.709	-0.549	-0.04	5.47	-0.46	0.671	-9.879	7.645	0.494	-7.245	6.102	-0.0515	0.1200	-0.0983	-0.0515	0.1200	-0.0983	1	1.00	0.1954	0.3679	-0.5538	1.657	1
136259	-0.051	0.590	-0.524	5.62	-1.31	-4.20	-0.779	-10.216	8.705	0.493	-7.247	6.103	0.1200	0.0142	-0.1200	0.1200	0.0142	-0.1200	1	1.00	0.1954	0.3679	-0.5538	1.657	1
136267	-0.221	0.517	-0.283	-5.06	-7.28	10.66	-0.466	-9.129	7.448	0.492	-7.249	6.105	-0.1200	-0.1200	0.1200	-0.1200	-0.1200	0.1200	1	1.00	0.1954	0.3679	-0.5538	1.657	1
136275	-0.138	0.633	-0.478	1.32	4.53	0.50	0.240	-9.820	7.398	0.492	-7.251	6.106	-0.0275	0.1200	-0.0696	-0.0275	0.1200	-0.0696	1	1.00	0.1954	0.3679	-0.5538	1.657	1
136283	-0.028	0.521	-0.479	6.77	-1.47	-4.87	-1.126	-10.536	8.759	0.491	-7.253	6.108	0.1200	-0.0072	-0.1200	0.1200	-0.0072	-0.1200	1	1.00	0.1954	0.3679	-0.5538	1.657	1
136291	-0.209	0.431	-0.210	-5.56	-8.34	10.74	-0.573	-9.398	7.759	0.490	-7.255	6.109	-0.1200	-0.1200	0.1200	-0.1200	-0.1200	0.1200	1	1.00	0.1954	0.3679	-0.5538	1.657	1
136299	-0.110	0.486	-0.363	1.61	2.90	1.84	0.387	-9.991	7.435	0.490	-7.257	6.110	-0.0143	0.0531	-0.0120	-0.0143	0.0531	-0.0120	1	1.00	0.1954	0.3679	-0.5538	1.657	1
136307	0.011	0.464	-0.463	4.69	0.31	-4.99	-0.732	-10.790	9.023	0.489	-7.260	6.112	0.1200	0.0286	-0.1200	0.1200	0.0286	-0.1200	1	1.00	0.1954	0.3679	-0.5538	1.657	1
136315	-0.097	0.357	-0.251	-4.85	-6.62	5.46	-0.045	-9.974	8.325	0.488	-7.262	6.114	-0.0933	-0.1200	0.1200	-0.0933	-0.1200	0.1200	1	1.00	0.1954	0.3679	-0.5538	1.657	1
136323	0.008	0.416	-0.413	-0.36	1.74	-0.53	0.899	-10.312	8.159	0.488	-7.264	6.116	0.0055	0.0483	-0.0358	0.0055	0.0483	-0.0358	1	1.00	0.1954	0.3679	-0.5538	1.657	1
136331	0.097	0.380	-0.467	1.93	0.18	-6.23	0.218	-11.101	9.718	0.488	-7.267	6.118	0.1200	0.0352	-0.1200	0.1200	0.0352	-0.1200	1	1.00	0.1954	0.3679	-0.5538	1.657	1
136338	-0.006	0.253	-0.240	-6.83	-7.73	6.01	1.034	-10.313	8.550	0.489	-7.270	6.121	-0.0891	-0.1200	0.1200	-0.0891	-0.1200	0.1200	1	1.00	0.1954	0.3679	-0.5538	1.657	1
136346	0.102	0.291	-0.385	-0.81	0.36	-0.70	1.810	-10.516	8.319	0.490	-7.273	6.122	0.0308	-0.0022	-0.0215	0.0308	-0.0022	-0.0215	1	1.00	0.1954	0.3679	-0.5538	1.657	1
136355	0.161	0.280	-0.434	0.86	1.67	-7.49	1.158	-11.398	9.488	0.490	-7.276	6.125	0.1199	0.0574	-0.1200	0.1199	0.0574	-0.1200	1	1.00	0.1954	0.3679	-0.5538	1.657	1
136362	0.025	0.194	-0.214	-7.58	-5.98	5.43	1.997	-10.792	8.265	0.491	-7.279	6.127	-0.1000	-0.1200	0.1200	-0.1000	-0.1200	0.1200	1	1.00	0.1954	0.3679	-0.5538	1.657	1
136370	0.079	0.276	-0.348	-0.47	0.53	-3.02	2.709	-10.897	7.999	0.493	-7.281	6.128	0.0565	0.0110	-0.0618	0.0565	0.0110	-0.0618	1	1.00	0.1954	0.3679	-0.5537	1.657	1
136378	0.112	0.261	-0.366	-2.31	1.28	-6.57	2.359	-11.804	8.896	0.494	-7.285	6.130	0.0574	0.0618	-0.1078	0.0574	0.0618	-0.1078	1	1.00	0.1954	0.3679	-0.5537	1.657	1
136386	0.020	0.175	-0.190	-5.81	-6.29	5.56	3.074	-11.510	7.588	0.496	-7.288	6.132	-0.0601	-0.1200	0.1200	-0.0601	-0.1200	0.1200	1	1.00	0.1954	0.3679	-0.5537	1.657	1
136394	0.070	0.283	-0.345	1.27	3.00	-4.26	2.876	-11.597	7.378	0.498	-7.292	6.133	0.0827	0.0523	-0.1168	0.0827	0.0523	-0.1168	1	1.00	0.1954	0.3679	-0.5537	1.657	1
136401	0.006	0.291	-0.289	-5.20	2.30	-5.12	2.664	-12.787	8.159	0.500	-7.296	6.134	-0.0246	0.0965	-0.0460	-0.0246	0.0965	-0.0460	1	1.00	0.1954	0.3679	-0.5537	1.657	1
136409	-0.041	0.164	-0.118	-5.60	-2.88	5.10	3.076	-12.132	6.784	0.502	-7.300	6.135	-0.0853	-0.1004	0.1200	-0.0853	-0.1004	0.1200	1	1.00	0.1954	0.3679	-0.5537	1.657	1
136417	0.050	0.261	-0.304	2.72	1.26	-3.66	2.186	-11.868	7.015	0.504	-7.304	6.136	0.1163	0.0019	-0.0908	0.1163	0.0019	-0.0908	1	1.00	0.1954	0.3679	-0.5537	1.657	1
136425	-0.028	0.325	-0.288	-8.10	4.07	-3.26	2.170	-13.116	7.751	0.505	-7.308	6.137	-0.1086	0.1200	0.0021	-0.1086	0.1200	0.0021	1	1.00	0.1954	0.3679	-0.5537	1.657	1
136433	-0.042	0.185	-0.138	-2.89	-2.35	3.99	2.486	-12.565	6.748	0.506	-7.312	6.138	-0.0312	-0.0992	0.1200	-0.0312	-0.0992	0.1200	1	1.00	0.1954	0.3679	-0.5537	1.657	1
136441	0.039	0.249	-0.281	2.96	-2.73	-4.88	1.290	-11.592	7.320	0.507	-7.316	6.138	0.1200	-0.0618	-0.0708	0.1200	-0.0618	-0.0708	1	1.00	0.1954	0.3679	-0.5537	1.657	1
136449	-0.194	0.373	-0.169	-13.32	3.80	-3.69	1.940	-12.718	8.272	0.508	-7.320	6.140	-0.1200	0.1200	0.0689	-0.1200	0.1200	0.0689	1	1.00	0.1954	0.3679	-0.5537	1.657	1
136457	-0.130	0.240	-0.104	-5.32	-2.47	-0.87	2.305	-12.312	7.967	0.510	-7.324	6.141	-0.0544	-0.0316	0.1059	-0.0544	-0.0316	0.1059	1	1.00	0.1954	0.3679	-0.5537	1.657	1
136464	-0.047	0.237	-0.184	3.96	-7.69	-8.95	0.772	-10.786	8.954	0.510	-7.327	6.143	0.1200	-0.1200	-0.0875	0.1200	-0.1200	-0.0875	1	1.00	0.1954	0.3679	-0.5537	1.657	1
136472	-0.334	0.396	-0.052	-13.53	4.25	-4.35	0.932	-11.362	9.694	0.510	-7.330	6.146	-0.1200	0.1200	0.0791	-0.1200	0.1200	0.0791	1	1.00	0.1954	0.3679	-0.5537	1.657	1
136480	-0.270	0.392	-0.111	-8.59	0.77	-4.64	1.415	-11.522	9.560	0.511	-7.334	6.149	-0.1200	0.1181	0.0446	-0.1200	0.1181	0.0446	1	1.00	0.1954	0.3679	-0.5537	1.657	1
136488	-0.122	0.291	-0.161	5.72	-11.49	-9.55	-0.111	-9.795	10.643	0.511	-7.336	6.152	0.1200	-0.1200	-0.0756	0.1200	-0.1200	-0.0756	1	1.00	0.1954	0.3679	-0.5537	1.657	1
136496	-0.272	0.438	-0.154	-5.86	-6.01	-6.42	-0.589	-9.433	11.303	0.510	-7.338	6.156	-0.0681	0.0051	0.0397	-0.0681	0.0051	0.0397	1	1.00	0.1954	0.3679	-0.5537	1.657	1
136504	-0.306	0.502	-0.182	-10.15	2.99	-5.62	0.350	-10.167	10.922	0.510	-7.340	6.160	-0.1200	0.1200	0.0081	-0.1200	0.1200	0.0081	1	1.00	0.1954	0.3679	-0.5537	1.657	1
136511	-0.093	0.350	-0.248	3.96	-9.25	-8.44	-0.684	-9.328	11.318	0.509	-7.342	6.164	0.1200	-0.1200	-0.0763	0.1200	-0.1200	-0.0763	1	1.00	0.1954	0.3679	-0.5537	1.657	1
136519	-0.159	0.406	-0.236	-2.25	-6.98	-5.14	-1.608	-8.578	11.370	0.508	-7.343	6.168	0.0071	-0.0538	0.0212	0.0071	-0.0538	0.0212	1	1.00	0.1954	0.3679	-0.5537	1.657	1
136527	-0.253	0.535	-0.268	-9.96	4.99	-3.80	-0.535	-9.714	10.372	0.507	-7.344	6.172	-0.1200	0.1200	0.0052	-0.1200	0.1200	0.0052	1	1.00	0.1954	0.3679	-0.5537	1.657	1
136535	-0.078	0.422	-0.333	0.37	-2.00	-4.92	-1.039	-9.543	10.383	0.506	-7.346	6.175	0.0364	0.0140	-0.0599	0.0364	0.0140	-0.0599	1	1.00	0.1954	0.3679	-0.5537	1.657	1
136543	-0.116	0.441	-0.314	3.03	-7.64	-4.69	-2.278	-8.257	9.923	0.504	-7.347	6.178	0.1145	-0.0978	-0.0282	0.1145	-0.0978	-0.0282	1	1.00	0.1954	0.3679	-0.5537	1.657	1
136551	-0.325	0.652	-0.311	-12.28	6.32	-1.97	-1.243	-8.871	8.949	0.502	-7.348	6.181	-0.1200	0.1200	0.0362	-0.1200	0.1200	0.0362	1	1.00	0.1954	0.3679	-0.5537	1.657	1
136559	-0.163	0.591	-0.412	-4.02	1.10	-6.16	-1.029	-9.138	8.779	0.501	-7.350	6.183	-0.0630	0.1200	-0.0871	-0.0630	0.1200	-0.0871	1	1.00	0.1954	0.3679	-0.5537	1.657	1
136566	-0.093	0.441	-0.337	6.79	-12.48	-3.40	-2.497	-7.591	8.472	0.499	-7.350	6.185	0.1200	-0.1200	-0.0075	0.1200	-0.1200	-0.0075	1	1.00	0.1954	0.3679	-0.5537	1.657	1
136574	-0.230	0.606	-0.360	-3.77	-1.57	0.49	-2.222	-7.432	7.246	0.496	-7.350	6.186	-0.1116	0.0728	0.0542	-0.1116	0.0728	0.0542	1	1.00	0.1954	0.3679	-0.5537	1.657	1
136582	-0.188	0.654	-0.448	-1.79	4.13	-4.86	-1.790	-8.298	7.174	0.494	-7.351	6.187	-0.0632	0.1200	-0.1199	-0.0632	0.1200	-0.1199	1	1.00	0.1954	0.3679	-0.5537	1.657	1
136590	-0.074	0.477	-0.390	5.47	-7.96	-1.30	-3.125	-7.080	7.061	0.492	-7.351	6.187	0.1200	-0.1200	-0.0093	0.1200	-0.1200	-0.0093	1	1.00	0.1954	0.3679	-0.5537	1.657	1
136598	-0.146	0.554	-0.394	-3.45	-2.62	1.86	-3.052	-5.933	5.701	0.489	-7.350	6.187	-0.0921	0.0427	0.0717	-0.0921	0.0427	0.0717	1	1.00	0.1954	0.3679	-0.5537	1.657	1
136606	-0.097	0.639	-0.525	-0.65	3.65	-3.62	-2.295	-7.065	5.916	0.487	-7.350	6.187	-0.0320	0.1200	-0.1200	-0.0320	0.1200	-0.1200	1	1.00	0.1954	0.3679	-0.5537	1.657	1
136613	0.011	0.508	-0.505	5.38	-6.73	-1.39	-3.495	-6.132	5.987	0.484	-7.349	6.187	0.1200	-0.0886	-0.0481	0.1200	-0.0886	-0.0481	1	1.00	0.1954	0.3679	-0.5537	1.657	1
136621	-0.116	0.536	-0.406	-3.11	-3.93	5.04	-3.067	-5.213	4.618	0.481	-7.347	6.186	-0.0955	-0.0078	0.1200	-0.0955	-0.0078	0.1200	1	1.00	0.1954	0.3679	-0.5537	1.657	1
136629	-0.017	0.618	-0.585	-0.57	2.73	-4.05	-2.125	-5.843	4.960	0.478	-7.346	6.185	-0.0035	0.1200	-0.1200	-0.0035	0.1200	-0.1200	1	1.00	0.1954	0.3679	-0.5537	1.657	1
136637	0.036	0.460	-0.484	3.89	-6.92	-3.73	-3.349	-5.198	5.493	0.476	-7.345	6.184	0.1200	-0.0652	-0.0754	0.1200	-0.0652	-0.0754	1	1.00	0.1954	0.3679	-0.5537	1.657	1
136645	-0.113	0.486	-0.361	-4.51	-6.86	5.04	-2.857	-4.091	4.160	0.473	-7.342	6.183	-0.0975	-0.0549	0.1200	-0.0975	-0.0549	0.1200	1	1.00	0.1954	0.3679	-0.5537	1.657	1
136653	0.008	0.573	-0.566	-1.46	3.79	-3.59	-2.025	-5.047	4.270	0.471	-7.340	6.181	-0.0273	0.1200	-0.1200	-0.0273	0.1200	-0.1200	1	1.00	0.1954	0.3679	-0.5537	1.657	1
136660	0.093	0.408	-0.491	3.23	-6.97	-2.92	-3.060	-4.688	4.858	0.468	-7.338	6.180	0.1200	-0.0752	-0.0620	0.1200	-0.0752	-0.0620	1	1.00	0.1954	0.3679	-0.5537	1.657	1
136668	0.011	0.419	-0.419	-4.24	-6.47	7.24	-2.474	-3.607	3.282	0.466	-7.335	6.178	-0.0881	-0.0788	0.1200	-0.0881	-0.0788	0.1200	1	1.00	0.1954	0.3679	-0.5537	1.657	1
136676	0.039	0.545	-0.569	0.48	5.58	-4.04	-1.793	-4.744	3.471	0.464	-7.333	6.176	0.0043	0.1200	-0.1200	0.0043	0.1200	-0.1200	1	1.00	0.1954	0.3679	-0.5537	1.657	1
136684	0.114	0.383	-0.487	2.63	-5.45	-2.35	-2.339	-4.522	3.886	0.462	-7.331	6.174	0.1200	-0.0509	-0.0653	0.1200	-0.0509	-0.0653	1	1.00	0.1954	0.3679	-0.5537	1.657	1
136692	-0.020	0.376	-0.346	-6.00	-6.94	9.88	-1.310	-3.603	2.182	0.460	-7.328	6.171	-0.1200	-0.1039	0.1200	-0.1200	-0.1039	0.1200	1	1.00	0.1954	0.3679	-0.5537	1.657	1
136699	0.106	0.449	-0.543	3.45	4.13	-2.82	-0.927	-4.577	2.260	0.459	-7.326	6.168	0.0768	0.1200	-0.1200	0.0768	0.1200	-0.1200	1	1.00	0.1954	0.3679	-0.5537	1.657	1
136707	0.143	0.340	-0.474	-0.16	-4.62	-1.44	-1.502	-4.742	2.921	0.457	-7.324	6.165	0.0815	-0.0294	-0.0333	0.0815	-0.0294	-0.0333	1	1.00	0.1954	0.3679	-0.5537	1.657	1
136715	0.026	0.274	-0.293	-6.58	-5.92	7.54	-0.183	-3.811	1.597	0.456	-7.321	6.162	-0.1193	-0.0850	0.1200	-0.1193	-0.0850	0.1200	1	1.00	0.1954	0.3679	-0.5537	1.657	1
136723	0.150	0.314	-0.456	0.70	1.69	-2.91	-0.024	-4.211	1.964	0.456	-7.318	6.158	0.0650	0.0848	-0.1200	0.0650	0.0848	-0.1200	1	1.00	0.1954	0.3679	-0.5537	1.657	1
136731	0.107	0.256	-0.356	-4.11	-4.26	1.51	-0.361	-4.617	2.565	0.455	-7.316	6.155	-0.0213	-0.0345	0.0663	-0.0213	-0.0345	0.0663	1	1.00	0.1954	0.3679	-0.5537	1.657	1
136739	0.076	0.224	-0.293	-2.95	-5.10	5.42	0.273	-4.109	1.546	0.455	-7.314	6.152	-0.0167	-0.0958	0.1200	-0.0167	-0.0958	0.1200	1	1.00	0.1954	0.3679	-0.5537	1.657	1
136747	0.086	0.321	-0.398	-0.38	1.76	-7.50	-0.174	-4.378	2.783	0.455	-7.311	6.149	0.0661	0.1200	-0.1200	0.0661	0.1200	-0.1200	1	1.00	0.1954	0.3679	-0.5537	1.657	1
136755	-0.042	0.250	-0.202	-8.76	-7.48	1.76	0.007	-4.591	3.387	0.454	-7.309	6.147	-0.1018	-0.0614	0.1200	-0.1018	-0.0614	0.1200	1	1.00	0.1954	0.3679	-0.5537	1.657	1
136762	-0.060	0.259	-0.192	-2.96	-7.06	3.37	0.020	-3.754	2.734	0.454	-7.306	6.144	-0.0241	-0.1090	0.1200	-0.0241	-0.1090	0.1200	1	1.00	0.1954	0.3679	-0.5537	1.657	1
136770	-0.014	0.340	-0.318	-1.66	3.18	-9.97	-0.708	-4.554	4.278	0.453	-7.304	6.142	0.0254	0.1200	-0.1200	0.0254	0.1200	-0.1200	1	1.00	0.1954	0.3679	-0.5537	1.657	1
136778	-0.054	0.216	-0.157	-6.49	-5.12	-0.11	-0.867	-5.060	5.113	0.452	-7.302	6.141	-0.0867	-0.0338	0.1162	-0.0867	-0.0338	0.1162	1	1.00	0.1954	0.3679	-0.5537	1.657	1
136786	-0.016	0.133	-0.114	-2.10	-7.53	2.24	-1.230	-3.820	4.020	0.451	-7.300	6.140	-0.0059	-0.1200	0.1200	-0.0059	-0.1200	0.1200	1	1.00	0.1954	0.3679	-0.5537	1.657	1
136794	0.011	0.280	-0.284	-0.70	3.20	-10.63	-1.926	-4.577	5.463	0.449	-7.297	6.139	0.0444	0.1200	-0.1200	0.0444	0.1200	-0.1200	1	1.00	0.1954	0.3679	-0.5537	1.657	1
136801	-0.074	0.238	-0.159	-8.29	-4.09	-2.19	-1.958	-5.428	6.611	0.447	-7.296	6.139	-0.1191	0.0194	0.0980	-0.1191	0.0194	0.0980	1	1.00	0.1954	0.3679	-0.5537	1.657	1
136809	-0.104	0.130	-0.022	-0.15	-7.77	-0.32	-2.142	-4.299	5.640	0.445	-7.293	6.139	0.0266	-0.1200	0.1089	0.0266	-0.1200	0.1089	1	1.00	0.1954	0.3679	-0.5537	1.657	1
136817	-0.097	0.240	-0.136	0.36	-1.93	-6.77	-3.117	-4.518	6.695	0.443	-7.291	6.139	0.0400	0.0317	-0.0711	0.0400	0.0317	-0.0711	1	1.00	0.1954	0.3679	-0.5537	1.657	1
136825	-0.192	0.331	-0.130	-7.55	1.08	-4.19	-2.965	-5.609	7.756	0.440	-7.290	6.140	-0.1200	0.1200	0.0272	-0.1200	0.1200	0.0272	1	1.00	0.1954	0.3679	-0.5537	1.657	1
136833	-0.168	0.194	-0.020	1.64	-6.37	-1.08	-3.581	-4.705	6.689	0.437	-7.288	6.141	0.0341	-0.1157	0.0801	0.0341	-0.1157	0.0801	1	1.00	0.1954	0.3679	-0.5537	1.657	1
136841	-0.163	0.347	-0.175	0.76	-2.42	-4.25	-4.619	-4.495	7.441	0.433	-7.285	6.142	0.0090	0.0236	-0.0256	0.0090	0.0236	-0.0256	1	1.00	0.1954	0.3679	-0.5537	1.657	1
136849	-0.231	0.395	-0.153	-5.21	1.35	-6.17	-4.342	-5.422	7.967	0.429	-7.284	6.143	-0.1189	0.1200	-0.0275	-0.1189	0.1200	-0.0275	1	1.00	0.1954	0.3679	-0.5537	1.657	1
136857	-0.205	0.225	-0.014	5.10	-5.51	-0.22	-5.077	-4.407	7.028	0.425	-7.282	6.144	0.0656	-0.1200	0.0650	0.0656	-0.1200	0.0650	1	1.00	0.1954	0.3679	-0.5537	1.657	1
136865	-0.163	0.337	-0.165	0.62	-1.11	-2.67	-5.906	-4.264	7.332	0.420	-7.279	6.145	-0.0205	0.0392	0.0001	-0.0205	0.0392	0.0001	1	1.00	0.1954	0.3679	-0.5537	1.657	1
136872	-0.204	0.375	-0.162	-3.39	2.83	-6.41	-5.104	-5.243	7.738	0.415	-7.277	6.146	-0.0930	0.1200	-0.0590	-0.0930	0.1200	-0.0590	1	1.00	0.1954	0.3679	-0.5537	1.657	1
136880	-0.104	0.194	-0.085	5.52	-6.99	-0.32	-5.595	-4.255	7.146	0.411	-7.275	6.147	0.1050	-0.1200	0.0598	0.1050	-0.1200	0.0598	1	1.00	0.1954	0.3679	-0.5537	1.657	1
136888	-0.093	0.304	-0.202	0.27	-2.91	-2.32	-6.010	-4.031	6.925	0.406	-7.273	6.148	0.0012	0.0021	0.0159	0.0012	0.0021	0.0159	1	1.00	0.1954	0.3678	-0.5537	1.657	1
136896	-0.119	0.346	-0.218	-3.24	2.55	-8.07	-4.622	-5.037	7.210	0.401	-7.271	6.148	-0.0530	0.1200	-0.1029	-0.0530	0.1200	-0.1029	1	1.00	0.1954	0.3678	-0.5537	1.657	1
136904	-0.017	0.155	-0.134	4.73	-7.83	-0.90	-5.250	-4.402	6.971	0.397	-7.269	6.149	0.1200	-0.1200	0.0526	0.1200	-0.1200	0.0526	1	1.00	0.1954	0.3678	-0.5537	1.657	1
136912	-0.036	0.218	-0.176	-1.90	-5.32	-1.86	-4.880	-3.690	6.016	0.393	-7.266	6.149	-0.0033	-0.0446	0.0596	-0.0033	-0.0446	0.0596	1	1.00	0.1954	0.3678	-0.5537	1.657	1
136919	-0.049	0.317	-0.260	-5.28	3.39	-7.93	-3.575	-4.913	6.568	0.389	-7.264	6.149	-0.0780	0.1200	-0.1052	-0.0780	0.1200	-0.1052	1	1.00	0.1954	0.3678	-0.5537	1.657	1
136928	0.074	0.143	-0.213	4.31	-8.70	-5.23	-4.177	-4.486	6.757	0.386	-7.262	6.150	0.1200	-0.1200	-0.0328	0.1200	-0.1200	-0.0328	1	1.00	0.1954	0.3678	-0.5537	1.657	1
136935	-0.009	0.170	-0.157	-2.95	-6.54	-0.65	-3.876	-3.581	5.445	0.382	-7.259	6.150	-0.0128	-0.0791	0.0968	-0.0128	-0.0791	0.0968	1	1.00	0.1954	0.3678	-0.5537	1.657	1
136943	0.006	0.321	-0.319	-6.91	4.09	-6.80	-2.440	-4.942	5.801	0.380	-7.257	6.149	-0.1049	0.1200	-0.0969	-0.1049	0.1200	-0.0969	1	1.00	0.1954	0.3678	-0.5537	1.657	1
136951	0.158	0.166	-0.319	3.43	-7.69	-8.63	-3.092	-4.839	6.505	0.377	-7.255	6.149	0.1200	-0.0988	-0.1181	0.1200	-0.0988	-0.1181	1	1.00	0.1954	0.3678	-0.5537	1.657	1
136959	0.007	0.155	-0.158	-3.18	-7.79	2.84	-3.101	-3.819	5.103	0.374	-7.252	6.149	-0.0306	-0.1200	0.1200	-0.0306	-0.1200	0.1200	1	1.00	0.1954	0.3678	-0.5537	1.657	1
136967	0.071	0.295	-0.358	-5.25	5.38	-5.09	-1.621	-5.067	4.830	0.372	-7.250	6.148	-0.0828	0.1200	-0.1067	-0.0828	0.1200	-0.1067	1	1.00	0.1954	0.3678	-0.5537	1.657	1
136974	0.238	0.156	-0.390	3.62	-4.12	-8.69	-2.248	-5.581	5.885	0.370	-7.249	6.147	0.1200	-0.0406	-0.1200	0.1200	-0.0406	-0.1200	1	1.00	0.1954	0.3678	-0.5537	1.657	1
136983	0.073	0.120	-0.190	-4.44	-8.14	6.04	-2.311	-4.205	4.434	0.368	-7.247	6.146	-0.0577	-0.1200	0.1200	-0.0577	-0.1200	0.1200	1	1.00	0.1954	0.3678	-0.5537	1.657	1
136991	0.062	0.284	-0.339	-2.64	4.17	-2.68	-1.035	-5.198	3.820	0.367	-7.245	6.144	-0.0441	0.1200	-0.0787	-0.0441	0.1200	-0.0787	1	1.00	0.1954	0.3678	-0.5537	1.657	1
136999	0.142	0.222	-0.358	2.89	-0.55	-6.34	-1.796	-5.768	5.025	0.365	-7.244	6.143	0.1200	0.0251	-0.1200	0.1200	0.0251	-0.1200	1	1.00	0.1954	0.3678	-0.5537	1.657	1
137006	0.012	0.138	-0.146	-6.99	-10.41	6.53	-1.217	-4.412	3.854	0.364	-7.242	6.142	-0.0931	-0.1200	0.1200	-0.0931	-0.1200	0.1200	1	1.00	0.1954	0.3678	-0.5537	1.657	1
137014	0.071	0.241	-0.306	-0.37	-2.39	0.35	-0.098	-4.551	3.090	0.363	-7.239	6.139	0.0263	-0.0279	0.0049	0.0263	-0.0279	0.0049	1	1.00	0.1954	0.3678	-0.5537	1.657	1
137023	0.216	0.340	-0.548	-0.21	-7.75	3.75	-0.776	-5.749	4.473	0.363	-7.238	6.138	0.0720	-0.1200	0.0698	0.0720	-0.1200	0.0698	1	1.00	0.1954	0.3678	-0.5537	1.657	1
137031	0.115	0.384	-0.489	-5.02	-8.40	8.26	-0.112	-5.753	4.207	0.362	-7.237	6.136	-0.0642	-0.1200	0.1200	-0.0642	-0.1200	0.1200	1	1.00	0.1954	0.3678	-0.5537	1.657	1
137039	0.141	0.460	-0.589	0.21	-4.59	6.08	0.351	-6.962	5.241	0.362	-7.236	6.135	0.0346	-0.0932	0.0713	0.0346	-0.0932	0.0713	1	1.00	0.1954	0.3678	-0.5537	1.657	1
137046	0.156	0.426	-0.571	-1.12	-9.21	6.54	0.280	-8.345	7.092	0.362	-7.237	6.136	0.0468	-0.1200	0.1200	0.0468	-0.1200	0.1200	1	1.00	0.1954	0.3678	-0.5537	1.657	1
137054	0.096	0.261	-0.350	-4.09	-11.25	9.54	0.898	-9.521	8.445	0.362	-7.238	6.137	-0.0274	-0.1200	0.1200	-0.0274	-0.1200	0.1200	1	1.00	0.1954	0.3678	-0.5537	1.657	1
137063	0.118	0.025	-0.143	-1.81	-16.67	13.21	1.177	-10.855	10.373	0.363	-7.241	6.140	0.0241	-0.1200	0.1200	0.0241	-0.1200	0.1200	1	1.00	0.1954	0.3678	-0.5537	1.657	1
137071	0.075	-0.059	-0.017	-3.54	-16.47	11.68	1.219	-12.271	12.301	0.363	-7.245	6.145	-0.0057	-0.1200	0.1200	-0.0057	-0.1200	0.1200	1	1.00	0.1954	0.3678	-0.5537	1.657	1
137079	0.060	-0.097	0.034	-2.97	-13.51	9.10	1.448	-13.742	13.982	0.364	-7.250	6.151	-0.0028	-0.1200	0.1200	-0.0028	-0.1200	0.1200	1	1.00	0.1954	0.3678	-0.5537	1.657	1
137087	0.051	-0.133	0.079	-2.90	-12.12	8.15	1.002	-15.506	15.507	0.365	-7.256	6.158	-0.0061	-0.1200	0.1200	-0.0061	-0.1200	0.1200	1	1.00	0.1954	0.3678	-0.5537	1.657	1
137095	0.010	-0.239	0.223	-1.79	-13.49	10.85	0.585	-17.515	16.717	0.365	-7.263	6.166	-0.0044	-0.1200	0.1200	-0.0044	-0.1200	0.1200	1	1.00	0.1954	0.3678	-0.5537	1.657	1
137103	-0.006	-0.389	0.385	-2.82	-14.73	13.76	0.345	-19.740	17.691	0.365	-7.273	6.175	-0.0344	-0.1200	0.1200	-0.0344	-0.1200	0.1200	1	1.00	0.1954	0.3678	-0.5537	1.657	1
137111	-0.023	-0.504	0.514	-1.22	-14.56	13.68	-0.039	-22.110	18.649	0.365	-7.284	6.185	-0.0166	-0.1200	0.1200	-0.0166	-0.1200	0.1200	1	1.00	0.1954	0.3678	-0.5537	1.657	1
137118	-0.012	-0.603	0.599	0.18	-12.07	11.59	-0.463	-24.249	20.111	0.364	-7.297	6.195	0.0076	-0.1200	0.1200	0.0076	-0.1200	0.1200	1	1.00	0.1954	0.3678	-0.5537	1.657	1
137127	-0.026	-0.713	0.720	-0.94	-10.59	9.96	-0.609	-25.630	22.292	0.364	-7.312	6.208	-0.0181	-0.1200	0.1200	-0.0181	-0.1200	0.1200	1	1.00	0.1954	0.3678	-0.5537	1.657	1
137134	-0.053	-0.851	0.882	-0.24	-11.58	9.51	-0.593	-26.283	25.099	0.363	-7.327	6.222	-0.0134	-0.1200	0.1200	-0.0134	-0.1200	0.1200	1	1.00	0.1954	0.3678	-0.5537	1.657	1
137143	0.008	-0.994	0.960	0.57	-11.55	8.25	-0.837	-26.920	28.342	0.362	-7.342	6.239	0.0069	-0.1200	0.1200	0.0069	-0.1200	0.1200	1	1.00	0.1954	0.3678	-0.5537	1.657	1
137150	-0.035	-1.065	1.072	-1.69	-11.43	7.95	-0.765	-28.251	30.619	0.361	-7.359	6.258	-0.0452	-0.1200	0.1200	-0.0452	-0.1200	0.1200	1	1.00	0.1954	0.3678	-0.5537	1.657	1
137158	-0.017	-1.201	1.186	0.54	-9.80	6.31	-0.868	-30.829	31.287	0.360	-7.377	6.278	0.0086	-0.1200	0.1200	0.0086	-0.1200	0.1200	1	1.00	0.1954	0.3678	-0.5537	1.657	1
137166	-0.014	-1.288	1.269	-1.02	-8.56	4.20	-1.131	-34.023	31.088	0.359	-7.397	6.298	0.0118	-0.1200	0.1200	0.0118	-0.1200	0.1200	1	1.00	0.1954	0.3678	-0.5537	1.657	1
137174	-0.038	-1.363	1.365	-4.01	-8.39	3.43	-0.767	-36.039	31.829	0.358	-7.420	6.318	-0.0310	-0.1200	0.1200	-0.0310	-0.1200	0.1200	1	1.00	0.1954	0.3678	-0.5537	1.657	1
137182	-0.012	-1.495	1.468	-1.93	-10.43	2.01	-0.585	-35.914	34.916	0.357	-7.443	6.340	0.0195	-0.1200	0.1200	0.0195	-0.1200	0.1200	1	1.00	0.1954	0.3678	-0.5537	1.657	1
137190	0.034	-1.594	1.518	-1.80	-10.23	0.41	-0.547	-35.279	39.300	0.356	-7.465	6.366	0.0120	-0.1200	0.1200	0.0120	-0.1200	0.1200	1	1.00	0.1954	0.3678	-0.5537	1.657	1
137198	0.027	-1.645	1.575	-3.86	-9.78	-1.47	-0.101	-36.520	41.719	0.356	-7.488	6.394	-0.0188	-0.1200	0.1200	-0.0188	-0.1200	0.1200	1	1.00	0.1954	0.3678	-0.5537	1.657	1
137206	0.068	-1.670	1.558	-3.73	-9.50	-3.88	0.150	-40.338	40.537	0.356	-7.513	6.421	0.0582	-0.1200	0.1200	0.0582	-0.1200	0.1200	1	1.00	0.1954	0.3678	-0.5537	1.657	1
137213	0.066	-1.760	1.648	-7.01	-9.36	-4.76	0.458	-44.151	39.419	0.356	-7.542	6.448	0.0388	-0.1200	0.1200	0.0388	-0.1200	0.1200	1	1.00	0.1954	0.3678	-0.5537	1.657	1
137221	0.073	-1.817	1.697	-9.14	-11.01	-6.48	1.230	-44.661	42.545	0.356	-7.572	6.476	0.0173	-0.1200	0.1200	0.0173	-0.1200	0.1200	1	1.00	0.1954	0.3678	-0.5537	1.657	1
137229	0.148	-1.901	1.704	-7.90	-12.85	-8.74	1.738	-43.923	48.312	0.357	-7.601	6.508	0.0491	-0.1200	0.1200	0.0491	-0.1200	0.1200	1	1.00	0.1954	0.3678	-0.5537	1.657	1
137237	0.200	-1.965	1.713	-8.06	-13.39	-11.52	2.227	-46.284	50.037	0.359	-7.631	6.543	0.0907	-0.1200	0.1200	0.0907	-0.1200	0.1200	1	1.00	0.1954	0.3678	-0.5537	1.657	1
137245	0.188	-1.955	1.716	-12.76	-12.52	-13.41	2.947	-50.734	48.019	0.360	-7.664	6.576	0.0582	-0.1200	0.1200	0.0582	-0.1200	0.1200	1	1.00	0.1954	0.3678	-0.5537	1.657	1
137253	0.164	-1.984	1.768	-15.45	-13.01	-15.61	3.844	-51.151	50.329	0.363	-7.699	6.610	0.0199	-0.1200	0.1200	0.0199	-0.1200	0.1200	1	1.00	0.1954	0.3678	-0.5537	1.657	1
137260	0.224	-2.037	1.760	-14.53	-14.16	-17.71	4.473	-48.479	56.466	0.366	-7.733	6.649	0.0217	-0.1200	0.1200	0.0217	-0.1200	0.1200	1	1.00	0.1954	0.3678	-0.5537	1.657	1
137268	0.257	-2.053	1.742	-13.37	-14.72	-19.47	4.699	-50.354	56.097	0.370	-7.766	6.689	0.0830	-0.1200	0.1200	0.0830	-0.1200	0.1200	1	1.00	0.1954	0.3678	-0.5537	1.657	1
137276	0.215	-2.033	1.765	-18.46	-13.82	-21.41	5.375	-56.398	52.829	0.373	-7.803	6.726	0.0556	-0.1200	0.1200	0.0556	-0.1200	0.1200	1	1.00	0.1954	0.3678	-0.5537	1.657	1
137284	0.190	-2.006	1.763	-21.27	-14.45	-23.68	6.430	-57.394	57.749	0.378	-7.843	6.766	0.0041	-0.1200	0.1200	0.0041	-0.1200	0.1200	1	1.00	0.1954	0.3678	-0.5537	1.657	1
137292	0.273	-2.030	1.704	-18.23	-15.78	-27.51	7.159	-55.672	63.221	0.383	-7.882	6.810	0.0742	-0.1200	0.1200	0.0742	-0.1200	0.1200	1	1.00	0.1954	0.3678	-0.5537	1.657	1
137300	0.299	-1.998	1.647	-19.55	-16.79	-29.30	7.556	-60.218	59.585	0.389	-7.922	6.853	0.1200	-0.1200	0.1200	0.1200	-0.1200	0.1200	1	1.00	0.1954	0.3678	-0.5537	1.657	1
137308	0.248	-1.954	1.656	-26.47	-17.25	-30.69	8.817	-63.230	61.832	0.395	-7.966	6.896	0.0261	-0.1200	0.1200	0.0261	-0.1200	0.1200	1	1.00	0.1954	0.3678	-0.5537	1.657	1
137315	0.282	-1.945	1.613	-25.80	-19.20	-34.28	10.402	-59.352	69.170	0.403	-8.008	6.944	0.0243	-0.1200	0.1200	0.0243	-0.1200	0.1200	1	1.00	0.1954	0.3678	-0.5537	1.657	1
137323	0.363	-1.937	1.524	-23.97	-20.22	-37.10	10.847	-62.160	64.868	0.411	-8.050	6.992	0.1200	-0.1200	0.1200	0.1200	-0.1200	0.1200	1	1.00	0.1954	0.3678	-0.5537	1.657	1
137332	0.301	-1.857	1.507	-31.56	-19.64	-38.33	11.951	-68.428	66.344	0.420	-8.097	7.038	0.0451	-0.1200	0.1200	0.0451	-0.1200	0.1200	1	1.00	0.1954	0.3678	-0.5537	1.657	1
137340	0.282	-1.815	1.485	-33.43	-21.72	-42.21	13.531	-65.944	74.514	0.430	-8.144	7.091	-0.0037	-0.1200	0.1200	-0.0037	-0.1200	0.1200	1	1.00	0.1954	0.3678	-0.5537	1.657	1
137347	0.377	-1.827	1.402	-28.51	-24.08	-46.46	14.058	-69.502	70.361	0.441	-8.192	7.143	0.1200	-0.1200	0.1200	0.1200	-0.1200	0.1200	1	1.00	0.1954	0.3678	-0.5537	1.657	1
137355	0.394	-1.744	1.304	-31.49	-24.66	-49.45	14.444	-72.882	75.877	0.452	-8.244	7.196	0.1200	-0.1200	0.1200	0.1200	-0.1200	0.1200	1	1.00	0.1954	0.3678	-0.5537	1.657	1
137363	0.369	-1.657	1.245	-40.02	-24.15	-52.64	15.773	-67.530	78.243	0.464	-8.292	7.253	0.0053	-0.1200	0.1200	0.0053	-0.1200	0.1200	1	1.00	0.1954	0.3678	-0.5537	1.657	1
137372	0.437	-1.618	1.138	-33.89	-26.19	-57.78	16.177	-73.873	73.401	0.477	-8.343	7.306	0.1200	-0.1200	0.1200	0.1200	-0.1200	0.1200	1	1.00	0.1954	0.3678	-0.5537	1.657	1
137379	0.443	-1.502	1.020	-38.49	-25.38	-60.76	16.671	-76.552	83.133	0.490	-8.397	7.365	0.1200	-0.1200	0.1110	0.1200	-0.1200	0.1110	1	1.00	0.1954	0.3678	-0.5537	1.657	1
137387	0.402	-1.379	0.941	-43.64	-26.15	-63.08	18.438	-74.692	78.450	0.503	-8.450	7.423	0.1072	-0.1200	0.0944	0.1072	-0.1200	0.0944	1	1.00	0.1954	0.3678	-0.5537	1.657	1
137395	0.415	-1.302	0.853	-44.91	-27.90	-66.10	20.456	-81.659	83.871	0.519	-8.507	7.482	0.1200	-0.1200	0.0827	0.1200	-0.1200	0.0827	1	1.00	0.1954	0.3678	-0.5537	1.657	1
137403	0.521	-1.185	0.633	-45.65	-28.86	-70.09	23.091	-76.563	85.169	0.536	-8.563	7.545	0.1200	-0.1200	-0.0295	0.1200	-0.1200	-0.0295	1	1.00	0.1954	0.3678	-0.5537	1.657	1
137412	0.546	-1.076	0.501	-46.43	-29.68	-69.77	25.808	-81.472	81.280	0.556	-8.619	7.604	0.1200	-0.1200	-0.0278	0.1200	-0.1200	-0.0278	1	1.00	0.1954	0.3678	-0.5537	1.657	1
137419	0.592	-0.934	0.317	-47.77	-27.74	-67.83	27.926	-84.431	88.371	0.577	-8.680	7.667	0.1200	-0.1200	-0.0272	0.1200	-0.1200	-0.0272	1	1.00	0.1954	0.3678	-0.5537	1.657	1
137427	0.631	-0.752	0.101	-47.20	-24.38	-69.75	28.947	-84.029	81.422	0.600	-8.740	7.728	0.1200	-0.1200	-0.1200	0.1200	-0.1200	-0.1200	1	1.00	0.1954	0.3678	-0.5537	1.657	1
137436	0.686	-0.539	-0.162	-45.12	-18.63	-66.59	28.986	-88.462	87.712	0.623	-8.804	7.791	0.1200	-0.1200	-0.1200	0.1200	-0.1200	-0.1200	1	1.00	0.1954	0.3678	-0.5537	1.657	1
137444	0.730	-0.381	-0.359	-44.86	-14.88	-59.82	29.890	-83.330	77.085	0.646	-8.864	7.849	0.0971	-0.1172	-0.1200	0.0971	-0.1172	-0.1200	1	1.00	0.1954	0.3678	-0.5537	1.657	1
137452	0.725	-0.158	-0.571	-39.84	-10.21	-58.19	32.042	-92.985	79.795	0.670	-8.929	7.905	0.1200	-0.0923	-0.1200	0.1200	-0.0923	-0.1200	1	1.00	0.1954	0.3678	-0.5537	1.657	1
137460	0.764	0.069	-0.831	-37.83	-3.78	-54.79	35.505	-89.031	78.389	0.697	-8.994	7.963	0.1133	-0.0090	-0.1200	0.1133	-0.0090	-0.1200	1	1.00	0.1954	0.3678	-0.5537	1.657	1
137468	0.775	0.293	-1.060	-35.60	-3.05	-52.26	38.014	-96.126	72.096	0.727	-9.062	8.015	0.1200	-0.0027	-0.1200	0.1200	-0.0027	-0.1200	1	1.00	0.1954	0.3678	-0.5537	1.657	1
137476	0.799	0.468	-1.255	-35.44	-3.85	-49.51	38.200	-88.478	77.556	0.757	-9.128	8.069	0.1164	-0.0004	-0.1200	0.1164	-0.0004	-0.1200	1	1.00	0.1954	0.3678	-0.5537	1.657	1
137484	0.765	0.691	-1.438	-35.86	-1.30	-47.83	37.603	-95.157	69.160	0.786	-9.194	8.120	0.1200	0.0912	-0.1200	0.1200	0.0912	-0.1200	1	1.00	0.1954	0.3678	-0.5537	1.657	1
137492	0.716	0.896	-1.588	-35.48	-2.98	-46.74	39.381	-91.832	67.334	0.817	-9.262	8.167	0.1200	0.1028	-0.1200	0.1200	0.1028	-0.1200	1	1.00	0.1954	0.3678	-0.5537	1.657	1
137500	0.609	1.160	-1.739	-36.87	-6.21	-46.87	43.922	-94.293	71.793	0.850	-9.329	8.218	0.1200	0.0704	-0.1200	0.1200	0.0704	-0.1200	1	1.00	0.1954	0.3678	-0.5537	1.657	1
137508	0.502	1.482	-1.945	-40.49	-4.19	-50.14	47.589	-88.229	64.791	0.887	-9.394	8.265	0.0618	0.1200	-0.1200	0.0618	0.1200	-0.1200	1	1.00	0.1954	0.3678	-0.5537	1.657	1
137516	0.401	1.810	-2.163	-41.13	-3.44	-53.64	46.766	-86.991	64.743	0.924	-9.455	8.309	0.0500	0.1200	-0.1200	0.0500	0.1200	-0.1200	1	1.00	0.1954	0.3678	-0.5537	1.657	1
137524	0.311	2.054	-2.312	-41.46	-4.96	-52.32	45.609	-88.309	66.463	0.960	-9.519	8.356	0.0256	0.1200	-0.1200	0.0256	0.1200	-0.1200	1	1.00	0.1954	0.3678	-0.5537	1.657	1
137532	0.178	2.294	-2.412	-41.75	-7.08	-51.07	48.898	-83.484	58.277	0.997	-9.578	8.398	0.0246	0.1200	-0.1200	0.0246	0.1200	-0.1200	1	1.00	0.1954	0.3678	-0.5537	1.657	1
137540	0.079	2.529	-2.542	-42.48	-7.87	-50.39	51.053	-86.541	56.313	1.037	-9.640	8.436	0.0246	0.1200	-0.1200	0.0246	0.1200	-0.1200	1	1.00	0.1954	0.3678	-0.5537	1.657	1
137548	-0.022	2.798	-2.703	-42.18	-8.12	-51.61	48.289	-77.375	59.905	1.075	-9.696	8.476	-0.0548	0.1200	-0.1200	-0.0548	0.1200	-0.1200	1	1.00	0.1954	0.3678	-0.5537	1.657	1
137556	-0.074	3.041	-2.887	-37.84	-6.38	-51.86	45.732	-81.557	55.169	1.112	-9.752	8.515	0.0477	0.1200	-0.1200	0.0477	0.1200	-0.1200	1	1.00	0.1954	0.3678	-0.5537	1.657	1
137564	-0.214	3.284	-2.984	-38.54	-5.04	-50.09	48.635	-78.295	50.201	1.149	-9.808	8.549	-0.0039	0.1200	-0.1200	-0.0039	0.1200	-0.1200	1	1.00	0.1954	0.3678	-0.5537	1.657	1
137572	-0.318	3.479	-3.070	-39.10	-4.32	-47.29	51.735	-76.318	52.079	1.189	-9.861	8.583	-0.0886	0.1200	-0.1200	-0.0886	0.1200	-0.1200	1	1.00	0.1954	0.3678	-0.5537	1.657	1
137580	-0.328	3.655	-3.231	-32.19	-2.71	-45.86	48.418	-77.841	52.812	1.227	-9.916	8.619	0.0031	0.1200	-0.1200	0.0031	0.1200	-0.1200	1	1.00	0.1954	0.3678	-0.5537	1.657	1
137588	-0.381	3.886	-3.403	-32.10	0.31	-44.22	45.136	-68.973	47.165	1.263	-9.965	8.651	-0.0659	0.1200	-0.1200	-0.0659	0.1200	-0.1200	1	1.00	0.1954	0.3678	-0.5537	1.657	1
137596	-0.495	4.136	-3.533	-30.37	4.13	-42.47	47.041	-71.264	42.475	1.299	-10.013	8.679	-0.0631	0.1200	-0.1200	-0.0631	0.1200	-0.1200	1	1.00	0.1954	0.3678	-0.5537	1.657	1
137604	-0.563	4.317	-3.641	-25.69	6.34	-40.69	48.349	-71.728	43.402	1.336	-10.063	8.706	-0.0345	0.1200	-0.1200	-0.0345	0.1200	-0.1200	1	1.00	0.1954	0.3678	-0.5537	1.657	1
137612	-0.647	4.517	-3.752	-24.46	8.72	-38.39	45.594	-65.801	44.754	1.373	-10.108	8.735	-0.1183	0.1200	-0.1200	-0.1183	0.1200	-0.1200	1	1.00	0.1954	0.3678	-0.5537	1.657	1
137620	-0.735	4.724	-3.865	-19.02	10.72	-36.21	41.922	-68.364	41.994	1.406	-10.154	8.762	-0.0490	0.1200	-0.1200	-0.0490	0.1200	-0.1200	1	1.00	0.1954	0.3678	-0.5537	1.657	1
137627	-0.808	4.953	-4.015	-16.45	13.79	-34.87	41.765	-65.890	37.443	1.438	-10.200	8.786	-0.0442	0.1200	-0.1200	-0.0442	0.1200	-0.1200	1	1.00	0.1954	0.3678	-0.5537	1.657	1
137636	-0.856	5.165	-4.175	-17.11	18.99	-32.43	44.543	-59.269	35.098	1.472	-10.240	8.808	-0.1200	0.1200	-0.1200	-0.1200	0.1200	-0.1200	1	1.00	0.1954	0.3678	-0.5537	1.657	1
137644	-0.964	5.415	-4.309	-10.56	21.47	-30.46	43.817	-61.843	35.332	1.506	-10.280	8.829	-0.0912	0.1200	-0.1200	-0.0912	0.1200	-0.1200	1	1.00	0.1954	0.3678	-0.5537	1.657	1
137652	-0.972	5.591	-4.473	-6.63	25.76	-28.23	39.866	-62.051	35.216	1.538	-10.322	8.850	-0.0826	0.1200	-0.1200	-0.0826	0.1200	-0.1200	1	1.00	0.1954	0.3678	-0.5537	1.657	1
137659	-1.035	5.847	-4.659	-4.06	30.04	-24.82	37.534	-56.765	32.979	1.567	-10.360	8.870	-0.1200	0.1200	-0.1200	-0.1200	0.1200	-0.1200	1	1.00	0.1954	0.3678	-0.5537	1.657	1
137667	-1.082	6.052	-4.812	3.12	33.92	-23.61	37.267	-56.779	29.212	1.595	-10.397	8.887	-0.0455	0.1200	-0.1200	-0.0455	0.1200	-0.1200	1	1.00	0.1954	0.3678	-0.5537	1.657	1
137676	-1.162	6.302	-4.975	4.27	41.20	-20.63	37.439	-57.722	25.637	1.624	-10.435	8.901	-0.1025	0.1200	-0.1200	-0.1025	0.1200	-0.1200	1	1.00	0.1954	0.3678	-0.5537	1.657	1
137684	-1.127	6.523	-5.225	8.32	45.64	-18.34	36.160	-52.186	23.456	1.652	-10.470	8.913	-0.1054	0.1200	-0.1200	-0.1054	0.1200	-0.1200	1	1.00	0.1954	0.3678	-0.5537	1.657	1
137691	-1.090	6.722	-5.455	14.43	49.67	-15.26	32.515	-48.033	22.259	1.678	-10.501	8.924	-0.0756	0.1200	-0.1200	-0.0756	0.1200	-0.1200	1	1.00	0.1954	0.3678	-0.5537	1.657	1
137699	-1.122	6.955	-5.651	17.74	54.37	-12.27	29.458	-49.704	21.439	1.700	-10.532	8.934	-0.0789	0.1200	-0.1200	-0.0789	0.1200	-0.1200	1	1.00	0.1954	0.3678	-0.5537	1.657	1
137707	-1.117	7.216	-5.910	20.24	61.54	-10.53	28.220	-50.737	20.500	1.722	-10.564	8.944	-0.1001	0.1200	-0.1200	-0.1001	0.1200	-0.1200	1	1.00	0.1954	0.3678	-0.5537	1.657	1
137715	-1.059	7.435	-6.182	25.87	65.64	-10.12	28.164	-46.990	19.175	1.743	-10.594	8.952	-0.0452	0.1200	-0.1200	-0.0452	0.1200	-0.1200	1	1.00	0.1954	0.3678	-0.5537	1.657	1
137723	-1.049	7.705	-6.455	28.07	69.60	-9.52	28.464	-43.464	17.186	1.764	-10.621	8.959	-0.0529	0.1200	-0.1200	-0.0529	0.1200	-0.1200	1	1.00	0.1954	0.3678	-0.5537	1.657	1
137731	-0.945	7.954	-6.801	30.25	75.53	-8.42	28.386	-43.653	14.930	1.786	-10.647	8.965	-0.0391	0.1200	-0.1200	-0.0391	0.1200	-0.1200	1	1.00	0.1954	0.3678	-0.5537	1.657	1
137739	-0.910	8.181	-7.057	34.14	79.47	-8.33	26.910	-44.170	12.771	1.806	-10.674	8.968	0.0163	0.1200	-0.1200	0.0163	0.1200	-0.1200	1	1.00	0.1954	0.3678	-0.5537	1.657	1
137747	-0.833	8.444	-7.390	33.71	83.95	-8.15	25.294	-41.419	10.713	1.825	-10.699	8.970	-0.0191	0.1200	-0.1200	-0.0191	0.1200	-0.1200	1	1.00	0.1954	0.3678	-0.5537	1.657	1
137755	-0.709	8.674	-7.739	35.53	88.40	-9.12	24.114	-37.086	8.781	1.843	-10.721	8.970	-0.0057	0.1200	-0.1200	-0.0057	0.1200	-0.1200	1	1.00	0.1954	0.3678	-0.5537	1.657	1
137763	-0.622	8.940	-8.084	39.08	91.78	-9.60	23.305	-34.656	6.889	1.861	-10.741	8.969	0.0455	0.1200	-0.1200	0.0455	0.1200	-0.1200	1	1.00	0.1954	0.3678	-0.5537	1.657	1
137770	-0.572	9.259	-8.445	38.45	95.60	-11.54	23.566	-34.591	5.113	1.878	-10.760	8.966	0.0417	0.1200	-0.1200	0.0417	0.1200	-0.1200	1	1.00	0.1954	0.3678	-0.5537	1.657	1
137778	-0.486	9.580	-8.844	37.69	100.44	-14.45	24.925	-35.013	3.347	1.896	-10.779	8.962	0.0472	0.1200	-0.1200	0.0472	0.1200	-0.1200	1	1.00	0.1954	0.3678	-0.5537	1.657	1
137786	-0.329	9.917	-9.328	38.48	104.87	-17.34	26.424	-33.996	1.540	1.915	-10.798	8.957	0.0881	0.1200	-0.1200	0.0881	0.1200	-0.1200	1	1.00	0.1954	0.3678	-0.5537	1.657	1
137794	-0.246	10.302	-9.788	38.63	108.48	-20.79	27.452	-31.228	-0.222	1.935	-10.815	8.950	0.1043	0.1200	-0.1200	0.1043	0.1200	-0.1200	1	1.00	0.1954	0.3678	-0.5537	1.657	1
137802	-0.108	10.635	-10.249	36.50	112.82	-24.79	28.249	-28.387	-1.922	1.956	-10.830	8.942	0.0904	0.1200	-0.1200	0.0904	0.1200	-0.1200	1	1.00	0.1954	0.3678	-0.5537	1.657	1
137810	0.027	11.009	-10.749	37.50	115.16	-29.93	28.223	-26.414	-3.636	1.977	-10.842	8.932	0.1200	0.1200	-0.1200	0.1200	0.1200	-0.1200	1	1.00	0.1954	0.3678	-0.5537	1.657	1
137818	0.194	11.460	-11.354	35.76	120.27	-38.26	28.558	-25.355	-5.188	1.998	-10.854	8.921	0.1200	0.1200	-0.1200	0.1200	0.1200	-0.1200	1	1.00	0.1954	0.3678	-0.5537	1.657	1
137826	0.282	11.941	-11.911	34.79	123.41	-44.24	30.305	-24.667	-6.886	2.020	-10.865	8.909	0.1200	0.1200	-0.1200	0.1200	0.1200	-0.1200	1	1.00	0.1954	0.3678	-0.5537	1.657	1
137834	0.450	12.376	-12.503	32.99	126.84	-49.67	33.670	-23.699	-8.575	2.045	-10.876	8.895	0.1200	0.1200	-0.1200	0.1200	0.1200	-0.1200	1	1.00	0.1954	0.3678	-0.5537	1.657	1
137842	0.629	12.869	-13.162	31.59	131.38	-55.54	37.583	-22.096	-10.312	2.072	-10.885	8.880	0.1200	0.1200	-0.1200	0.1200	0.1200	-0.1200	1	1.00	0.1954	0.3678	-0.5537	1.657	1
137850	0.548	13.638	-13.830	33.55	137.67	-61.59	39.300	-20.082	-12.194	2.102	-10.893	8.864	0.1200	0.1200	-0.1200	0.1200	0.1200	-0.1200	1	1.00	0.1954	0.3678	-0.5537	1.657	1
137857	0.577	14.340	-14.543	37.59	140.99	-61.88	38.671	-17.800	-14.234	2.131	-10.899	8.846	0.1200	0.1200	-0.1200	0.1200	0.1200	-0.1200	1	1.00	0.1954	0.3678	-0.5537	1.657	1
137865	0.776	14.960	-15.345	49.82	143.22	-60.58	38.657	-15.516	-16.305	2.160	-10.903	8.826	0.1200	0.1200	-0.1200	0.1200	0.1200	-0.1200	1	1.00	0.1954	0.3678	-0.5537	1.657	1
137873	0.812	15.835	-16.234	64.23	146.30	-57.80	41.661	-13.586	-18.221	2.191	-10.906	8.805	0.1200	0.1200	-0.1200	0.1200	0.1200	-0.1200	1	1.00	0.1954	0.3678	-0.5537	1.657	1
137881	0.734	16.813	-17.107	90.23	124.47	-41.20	45.330	-11.520	-19.741	2.225	-10.907	8.782	0.1200	0.1200	-0.1200	0.1200	0.1200	-0.1200	1	1.00	0.1954	0.3678	-0.5537	1.657	1
137889	0.829	17.810	-18.174	91.26	124.92	-38.70	45.330	-9.631	-20.863	2.260	-10.906	8.759	0.1200	0.1200	-0.1200	0.0000	0.0000	0.0000	0	1.00	0.1954	0.3678	-0.5537	1.657	1
137897	1.307	18.634	-19.454	91.61	139.80	-40.61	43.499	-8.435	-21.303	2.293	-10.904	8.735	0.1200	0.1200	-0.1200	0.0000	0.0000	0.0000	0	1.00	0.1954	0.3678	-0.5537	1.657	1
137905	2.213	19.190	-20.902	95.93	135.89	-32.21	44.058	-8.265	-20.984	2.326	-10.902	8.711	0.1200	0.1200	-0.1200	0.0000	0.0000	0.0000	0	1.00	0.1954	0.3678	-0.5537	1.657	1
137913	3.409	19.453	-22.355	90.27	112.15	-28.09	47.698	-8.017	-21.173	2.362	-10.900	8.687	0.1200	0.1200	-0.1200	0.0000	0.0000	0.0000	0	1.00	0.1954	0.3678	-0.5537	1.657	1
137921	4.539	19.731	-23.755	71.61	80.97	-39.38	48.431	-7.598	-21.836	2.398	-10.898	8.663	0.1200	0.1200	-0.1200	0.0000	0.0000	0.0000	0	1.00	0.1954	0.3678	-0.5537	1.657	1
137929	5.225	19.984	-24.689	53.95	62.84	-40.67	45.290	-7.293	-22.922	2.434	-10.895	8.638	0.1200	0.1200	-0.1200	0.0000	0.0000	0.0000	0	1.00	0.1954	0.3678	-0.5537	1.657	1
137937	5.371	20.194	-25.039	37.94	52.55	-30.24	44.508	-7.058	-24.041	2.467	-10.892	8.612	0.1200	0.1200	-0.1200	0.0000	0.0000	0.0000	0	1.00	0.1954	0.3678	-0.5537	1.657	1
137945	5.484	20.386	-25.339	26.91	45.03	-23.96	47.584	-6.899	-24.423	2.502	-10.889	8.586	0.1200	0.1200	-0.1200	0.0000	0.0000	0.0000	0	1.00	0.1954	0.3678	-0.5537	1.657	1
137953	5.624	20.646	-25.732	28.66	42.18	-32.71	48.840	-6.925	-23.721	2.539	-10.886	8.560	0.1200	0.1200	-0.1200	0.0000	0.0000	0.0000	0	1.00	0.1954	0.3678	-0.5537	1.657	1
137961	5.723	20.864	-26.044	32.22	40.94	-41.80	45.762	-6.899	-22.503	2.575	-10.882	8.535	0.1200	0.1200	-0.1200	0.0000	0.0000	0.0000	0	1.00	0.1954	0.3678	-0.5537	1.657	1
137969	5.667	20.957	-26.078	31.60	32.37	-33.49	43.876	-6.866	-21.537	2.608	-10.879	8.510	0.1200	0.1200	-0.1200	0.0000	0.0000	0.0000	0	1.00	0.1954	0.3678	-0.5537	1.657	1
137977	5.628	21.019	-26.100	28.98	24.15	-19.83	46.489	-6.759	-21.328	2.642	-10.876	8.486	0.1200	0.1200	-0.1200	0.0000	0.0000	0.0000	0	1.00	0.1954	0.3678	-0.5537	1.657	1
137985	5.779	21.079	-26.309	29.91	21.12	-16.57	49.463	-6.699	-21.720	2.679	-10.873	8.462	0.1200	0.1200	-0.1200	0.0000	0.0000	0.0000	0	1.00	0.1954	0.3678	-0.5537	1.657	1
137993	5.982	21.121	-26.553	34.98	19.96	-22.91	47.440	-6.740	-22.431	2.716	-10.869	8.438	0.1200	0.1200	-0.1200	0.0000	0.0000	0.0000	0	1.00	0.1954	0.3678	-0.5537	1.657	1
138001	6.141	21.105	-26.696	34.93	14.49	-22.58	44.794	-6.538	-23.307	2.750	-10.866	8.413	0.1200	0.1200	-0.1200	0.0000	0.0000	0.0000	0	1.00	0.1954	0.3678	-0.5537	1.657	1
138009	6.259	21.080	-26.790	28.84	4.34	-15.02	46.378	-6.428	-23.933	2.784	-10.862	8.387	0.1200	0.1200	-0.1200	0.0000	0.0000	0.0000	0	1.00	0.1954	0.3678	-0.5537	1.657	1
138017	6.408	21.100	-26.959	17.67	-6.36	-7.10	49.026	-6.024	-23.783	2.821	-10.859	8.361	0.1200	0.1200	-0.1200	0.0000	0.0000	0.0000	0	1.00	0.1954	0.3678	-0.5537	1.657	1
138025	6.633	21.130	-27.213	10.64	-12.47	-5.67	47.100	-5.762	-22.816	2.857	-10.855	8.336	0.1200	0.1200	-0.1200	0.0000	0.0000	0.0000	0	1.00	0.1954	0.3678	-0.5537	1.657	1
138033	6.911	21.111	-27.472	5.25	-18.58	-5.79	43.824	-5.495	-21.562	2.890	-10.850	8.312	0.1200	0.1200	-0.1200	0.0000	0.0000	0.0000	0	1.00	0.1954	0.3678	-0.5537	1.657	1
138041	7.158	21.030	-27.640	1.80	-24.59	-3.46	45.286	-5.372	-20.711	2.923	-10.846	8.288	0.1200	0.1200	-0.1200	0.0000	0.0000	0.0000	0	1.00	0.1954	0.3678	-0.5537	1.657	1
138049	7.290	20.929	-27.673	-3.30	-30.10	1.98	49.001	-5.157	-20.554	2.959	-10.841	8.265	0.1200	0.1200	-0.1200	0.0000	0.0000	0.0000	0	1.00	0.1954	0.3678	-0.5537	1.657	1
138057	7.323	20.816	-27.597	-10.68	-35.77	8.39	48.526	-5.125	-21.225	2.996	-10.837	8.242	0.1200	0.1200	-0.1200	0.0000	0.0000	0.0000	0	1.00	0.1954	0.3678	-0.5537	1.657	1
138065	7.308	20.706	-27.475	-15.30	-39.18	11.35	45.099	-4.937	-22.333	3.031	-10.832	8.218	0.1200	0.1200	-0.1200	0.0000	0.0000	0.0000	0	1.00	0.1954	0.3678	-0.5537	1.657	1
138073	7.264	20.594	-27.322	-16.96	-39.34	12.22	45.114	-4.905	-23.463	3.064	-10.827	8.193	0.1200	0.1200	-0.1200	0.0000	0.0000	0.0000	0	1.00	0.1954	0.3678	-0.5537	1.657	1
138081	7.197	20.483	-27.146	-16.60	-38.86	12.45	48.120	-4.785	-24.063	3.099	-10.823	8.167	0.1200	0.1200	-0.1200	0.0000	0.0000	0.0000	0	1.00	0.1954	0.3678	-0.5537	1.657	1
138089	7.106	20.358	-26.933	-15.84	-38.02	13.72	48.266	-4.753	-23.721	3.136	-10.818	8.141	0.1200	0.1200	-0.1200	0.0000	0.0000	0.0000	0	1.00	0.1954	0.3678	-0.5537	1.657	1
138097	6.988	20.195	-26.657	-17.40	-38.77	16.44	44.942	-4.611	-22.829	3.170	-10.813	8.116	0.1200	0.1200	-0.1200	0.0000	0.0000	0.0000	0	1.00	0.1954	0.3678	-0.5537	1.657	1
138105	6.848	20.040	-26.366	-18.50	-38.09	17.92	44.094	-4.510	-21.716	3.203	-10.808	8.092	0.1200	0.1200	-0.1200	0.0000	0.0000	0.0000	0	1.00	0.1954	0.3678	-0.5537	1.657	1
138113	6.736	19.871	-26.090	-18.54	-37.33	18.26	47.470	-4.446	-20.922	3.237	-10.803	8.069	0.1200	0.1200	-0.1200	0.0000	0.0000	0.0000	0	1.00	0.1954	0.3678	-0.5537	1.657	1
138121	6.618	19.732	-25.837	-17.80	-35.40	18.13	49.396	-4.310	-20.832	3.274	-10.798	8.046	0.1200	0.1200	-0.1200	0.0000	0.0000	0.0000	0	1.00	0.1954	0.3678	-0.5537	1.657	1
138129	6.503	19.595	-25.587	-16.33	-32.16	18.71	46.701	-4.347	-21.381	3.309	-10.792	8.023	0.1200	0.1200	-0.1200	0.0000	0.0000	0.0000	0	1.00	0.1954	0.3678	-0.5537	1.657	1
138137	6.380	19.456	-25.329	-15.42	-30.24	21.16	44.788	-4.228	-22.337	3.343	-10.787	7.998	0.1200	0.1200	-0.1200	0.0000	0.0000	0.0000	0	1.00	0.1954	0.3678	-0.5537	1.657	1
138145	6.269	19.310	-25.077	-14.62	-27.53	23.35	47.109	-4.240	-23.339	3.377	-10.782	7.974	0.1200	0.1200	-0.1200	0.0000	0.0000	0.0000	0	1.00	0.1954	0.3678	-0.5537	1.657	1
138153	6.207	19.146	-24.855	-13.63	-25.09	24.68	48.787	-4.254	-23.671	3.413	-10.777	7.948	0.1200	0.1200	-0.1200	0.0000	0.0000	0.0000	0	1.00	0.1954	0.3678	-0.5537	1.657	1
138161	6.156	18.995	-24.657	-12.28	-22.56	25.14	45.895	-4.205	-23.137	3.448	-10.771	7.923	0.1200	0.1200	-0.1200	0.0000	0.0000	0.0000	0	1.00	0.1954	0.3678	-0.5537	1.657	1
138169	6.108	18.832	-24.450	-11.13	-20.65	26.11	43.192	-4.309	-22.135	3.480	-10.766	7.899	0.1200	0.1200	-0.1200	0.0000	0.0000	0.0000	0	1.00	0.1954	0.3678	-0.5537	1.657	1
138177	6.056	18.667	-24.237	-10.34	-20.55	27.44	45.167	-4.242	-21.068	3.513	-10.761	7.876	0.1200	0.1200	-0.1200	0.0000	0.0000	0.0000	0	1.00	0.1954	0.3678	-0.5537	1.657	1
138185	5.992	18.499	-24.009	-10.52	-18.90	28.41	48.521	-4.308	-20.361	3.548	-10.756	7.853	0.1200	0.1200	-0.1200	0.0000	0.0000	0.0000	0	1.00	0.1954	0.3678	-0.5537	1.657	1
138193	5.915	18.341	-23.778	-10.41	-19.17	29.52	47.197	-4.323	-20.439	3.584	-10.751	7.830	0.1200	0.1200	-0.1200	0.0000	0.0000	0.0000	0	1.00	0.1954	0.3678	-0.5537	1.657	1
138201	5.821	18.213	-23.559	-10.91	-18.98	28.77	43.957	-4.256	-21.087	3.617	-10.746	7.807	0.1200	0.1200	-0.1200	0.0000	0.0000	0.0000	0	1.00	0.1954	0.3678	-0.5537	1.657	1
138209	5.730	18.083	-23.341	-11.49	-19.50	28.59	44.305	-4.339	-22.119	3.649	-10.740	7.784	0.1200	0.1200	-0.1200	0.0000	0.0000	0.0000	0	1.00	0.1954	0.3678	-0.5537	1.657	1
138217	5.630	17.957	-23.120	-11.67	-20.76	28.45	47.172	-4.202	-23.111	3.683	-10.735	7.759	0.1200	0.1200	-0.1200	0.0000	0.0000	0.0000	0	1.00	0.1954	0.3678	-0.5537	1.657	1
138225	5.542	17.838	-22.916	-12.89	-21.66	27.82	47.215	-4.143	-23.493	3.718	-10.730	7.734	0.1200	0.1200	-0.1200	0.0000	0.0000	0.0000	0	1.00	0.1954	0.3678	-0.5537	1.657	1
138233	5.460	17.699	-22.697	-14.21	-23.41	26.76	43.931	-4.047	-23.090	3.751	-10.725	7.710	0.1200	0.1200	-0.1200	0.0000	0.0000	0.0000	0	1.00	0.1954	0.3678	-0.5537	1.657	1
138241	5.368	17.576	-22.486	-15.08	-25.24	26.40	43.129	-3.833	-22.184	3.782	-10.719	7.685	0.1200	0.1200	-0.1200	0.0000	0.0000	0.0000	0	1.00	0.1954	0.3678	-0.5537	1.657	1
138249	5.231	17.474	-22.250	-16.01	-27.13	26.15	46.259	-3.818	-21.179	3.815	-10.714	7.662	0.1200	0.1200	-0.1200	0.0000	0.0000	0.0000	0	1.00	0.1954	0.3678	-0.5537	1.657	1
138256	5.078	17.390	-22.014	-16.69	-29.47	25.35	48.446	-3.659	-20.519	3.851	-10.708	7.640	0.1200	0.1200	-0.1200	0.0000	0.0000	0.0000	0	1.00	0.1954	0.3678	-0.5537	1.657	1
138264	4.919	17.329	-21.797	-17.56	-30.46	24.78	46.151	-3.483	-20.491	3.885	-10.702	7.617	0.1200	0.1200	-0.1200	0.0000	0.0000	0.0000	0	1.00	0.1954	0.3678	-0.5537	1.657	1
138273	4.774	17.245	-21.570	-17.47	-31.62	24.47	43.933	-3.548	-21.068	3.918	-10.697	7.594	0.1200	0.1200	-0.1200	0.0000	0.0000	0.0000	0	1.00	0.1954	0.3678	-0.5537	1.657	1
138280	4.651	17.128	-21.332	-16.68	-34.43	24.68	45.771	-3.511	-21.879	3.951	-10.691	7.571	0.1200	0.1200	-0.1200	0.0000	0.0000	0.0000	0	1.00	0.1954	0.3678	-0.5537	1.657	1
138288	4.535	17.002	-21.094	-16.87	-36.70	25.25	47.930	-3.349	-22.627	3.985	-10.685	7.547	0.1200	0.1200	-0.1200	0.0000	0.0000	0.0000	0	1.00	0.1954	0.3678	-0.5537	1.657	1
138296	4.422	16.859	-20.842	-17.03	-37.80	25.87	45.787	-3.427	-22.825	4.019	-10.679	7.523	0.1200	0.1200	-0.1200	0.0000	0.0000	0.0000	0	1.00	0.1954	0.3678	-0.5537	1.657	1
138304	4.308	16.678	-20.551	-15.94	-40.25	27.22	42.629	-3.526	-22.275	4.051	-10.674	7.499	0.1200	0.1200	-0.1200	0.0000	0.0000	0.0000	0	1.00	0.1954	0.3678	-0.5537	1.657	1
138312	4.174	16.474	-20.219	-15.90	-43.07	28.63	43.762	-3.366	-21.254	4.082	-10.668	7.475	0.1200	0.1200	-0.1200	0.0000	0.0000	0.0000	0	1.00	0.1954	0.3678	-0.5537	1.657	1
138320	4.045	16.278	-19.899	-16.23	-44.64	30.00	47.273	-3.344	-20.231	4.116	-10.662	7.453	0.1200	0.1200	-0.1200	0.0000	0.0000	0.0000	0	1.00	0.1954	0.3678	-0.5537	1.657	1
138328	3.944	16.049	-19.575	-15.54	-46.74	31.10	47.114	-3.398	-19.546	4.151	-10.656	7.431	0.1200	0.1200	-0.1200	0.0000	0.0000	0.0000	0	1.00	0.1954	0.3678	-0.5537	1.657	1
138336	3.855	15.801	-19.244	-15.01	-48.82	31.70	43.781	-3.258	-19.445	4.183	-10.650	7.410	0.1200	0.1200	-0.1200	0.0000	0.0000	0.0000	0	1.00	0.1954	0.3678	-0.5537	1.657	1
138344	3.750	15.573	-18.917	-14.48	-50.12	31.08	42.912	-3.100	-19.959	4.214	-10.644	7.388	0.1200	0.1200	-0.1200	0.0000	0.0000	0.0000	0	1.00	0.1954	0.3678	-0.5537	1.657	1
138352	3.600	15.336	-18.536	-13.97	-50.62	31.28	45.644	-3.153	-20.877	4.246	-10.638	7.366	0.1200	0.1200	-0.1200	0.0000	0.0000	0.0000	0	1.00	0.1954	0.3678	-0.5537	1.657	1
138360	3.462	15.066	-18.136	-13.40	-52.03	32.21	46.815	-3.125	-21.899	4.280	-10.632	7.343	0.1200	0.1200	-0.1200	0.0000	0.0000	0.0000	0	1.00	0.1954	0.3678	-0.5537	1.657	1
138368	3.373	14.779	-17.767	-13.30	-53.60	32.20	44.093	-2.843	-22.468	4.313	-10.626	7.319	0.1200	0.1200	-0.1200	0.0000	0.0000	0.0000	0	1.00	0.1954	0.3678	-0.5537	1.657	1
138376	3.317	14.481	-17.420	-12.87	-52.77	32.52	42.091	-2.746	-22.299	4.343	-10.620	7.295	0.1200	0.1200	-0.1200	0.0000	0.0000	0.0000	0	1.00	0.1954	0.3678	-0.5537	1.657	1
138384	3.261	14.189	-17.080	-11.41	-51.22	32.26	43.946	-2.684	-21.594	4.375	-10.613	7.272	0.1200	0.1200	-0.1200	0.0000	0.0000	0.0000	0	1.00	0.1954	0.3678	-0.5537	1.657	1
138392	3.185	13.886	-16.709	-9.45	-50.70	32.53	47.130	-2.682	-20.596	4.408	-10.607	7.249	0.1200	0.1200	-0.1200	0.0000	0.0000	0.0000	0	1.00	0.1954	0.3678	-0.5537	1.657	1
138400	3.134	13.562	-16.343	-8.76	-50.44	33.06	46.356	-2.520	-19.702	4.442	-10.601	7.228	0.1200	0.1200	-0.1200	0.0000	0.0000	0.0000	0	1.00	0.1954	0.3678	-0.5537	1.657	1
138408	3.117	13.239	-16.011	-8.01	-49.09	34.24	43.335	-2.322	-19.362	4.474	-10.594	7.206	0.1200	0.1200	-0.1200	0.0000	0.0000	0.0000	0	1.00	0.1954	0.3678	-0.5537	1.657	1
138416	3.099	12.919	-15.681	-6.35	-46.69	34.41	43.480	-2.304	-19.560	4.505	-10.587	7.185	0.1200	0.1200	-0.1200	0.0000	0.0000	0.0000	0	1.00	0.1954	0.3678	-0.5537	1.657	1
138424	3.072	12.592	-15.336	-4.71	-45.14	34.50	46.193	-2.376	-20.188	4.537	-10.581	7.163	0.1200	0.1200	-0.1200	0.0000	0.0000	0.0000	0	1.00	0.1954	0.3678	-0.5537	1.657	1
138432	3.072	12.230	-14.983	-3.32	-45.39	34.52	46.151	-2.335	-21.070	4.571	-10.574	7.141	0.1200	0.1200	-0.1200	0.0000	0.0000	0.0000	0	1.00	0.1954	0.3678	-0.5537	1.657	1
138440	3.118	11.835	-14.645	-2.01	-45.82	34.28	42.797	-2.124	-21.791	4.602	-10.568	7.118	0.1200	0.1200	-0.1200	0.0000	0.0000	0.0000	0	1.00	0.1954	0.3678	-0.5537	1.657	1
138448	3.116	11.504	-14.320	-1.53	-44.49	34.06	41.404	-1.911	-21.918	4.632	-10.561	7.095	0.1200	0.1200	-0.1200	0.0000	0.0000	0.0000	0	1.00	0.1954	0.3678	-0.5537	1.657	1
138456	3.077	11.184	-13.970	-0.95	-42.10	34.05	44.184	-1.900	-21.351	4.663	-10.554	7.072	0.1200	0.1200	-0.1200	0.0000	0.0000	0.0000	0	1.00	0.1954	0.3678	-0.5537	1.657	1
138464	3.105	10.843	-13.666	0.32	-41.23	35.71	46.550	-2.020	-20.477	4.696	-10.547	7.050	0.1200	0.1200	-0.1200	0.0000	0.0000	0.0000	0	1.00	0.1954	0.3678	-0.5537	1.657	1
138472	3.140	10.522	-13.388	0.27	-40.19	32.61	44.656	-2.100	-19.483	4.728	-10.540	7.028	0.1200	0.1200	-0.1200	0.0000	0.0000	0.0000	0	1.00	0.1954	0.3678	-0.5537	1.657	1
138480	3.127	10.221	-13.082	-0.36	-40.28	31.75	41.837	-2.032	-18.814	4.759	-10.533	7.007	0.1200	0.1200	-0.1200	0.0000	0.0000	0.0000	0	1.00	0.1954	0.3678	-0.5537	1.657	1
138488	3.143	9.913	-12.798	-1.30	-40.50	32.48	42.385	-1.836	-18.742	4.788	-10.526	6.987	0.1200	0.1200	-0.1200	0.0000	0.0000	0.0000	0	1.00	0.1954	0.3678	-0.5537	1.657	1
138496	3.180	9.606	-12.536	-2.95	-38.92	31.91	45.077	-1.718	-19.120	4.820	-10.519	6.966	0.1200	0.1200	-0.1200	0.0000	0.0000	0.0000	0	1.00	0.1954	0.3678	-0.5537	1.657	1
138504	3.185	9.306	-12.249	-3.06	-37.72	31.99	45.238	-1.756	-19.923	4.852	-10.512	6.945	0.1200	0.1200	-0.1200	0.0000	0.0000	0.0000	0	1.00	0.1954	0.3678	-0.5537	1.657	1
138512	3.206	8.965	-11.938	-1.98	-36.88	33.45	42.201	-1.915	-20.886	4.883	-10.506	6.923	0.1200	0.1200	-0.1200	0.0000	0.0000	0.0000	0	1.00	0.1954	0.3678	-0.5537	1.657	1
138520	3.271	8.622	-11.668	-1.55	-36.14	33.25	40.993	-2.003	-21.533	4.912	-10.499	6.900	0.1200	0.1200	-0.1200	0.0000	0.0000	0.0000	0	1.00	0.1954	0.3678	-0.5537	1.657	1
138527	3.277	8.339	-11.400	-2.35	-34.96	31.50	43.452	-1.949	-21.534	4.942	-10.492	6.877	0.1200	0.1200	-0.1200	0.0000	0.0000	0.0000	0	1.00	0.1954	0.3678	-0.5537	1.657	1
138535	3.230	8.090	-11.109	-3.82	-33.36	31.47	46.158	-1.783	-21.041	4.974	-10.485	6.855	0.1200	0.1200	-0.1200	0.0000	0.0000	0.0000	0	1.00	0.1954	0.3678	-0.5537	1.657	1
138543	3.277	7.768	-10.843	-3.49	-31.28	32.86	44.859	-1.695	-20.226	5.007	-10.478	6.833	0.1200	0.1200	-0.1200	0.0000	0.0000	0.0000	0	1.00	0.1954	0.3678	-0.5537	1.657	1
138552	3.291	7.480	-10.576	-3.07	-29.24	32.84	42.170	-1.743	-19.359	5.037	-10.471	6.812	0.1200	0.1200	-0.1200	0.0000	0.0000	0.0000	0	1.00	0.1954	0.3678	-0.5537	1.657	1
138559	3.313	7.191	-10.317	-2.55	-27.97	32.74	42.649	-1.916	-18.847	5.067	-10.464	6.791	0.1200	0.1200	-0.1200	0.0000	0.0000	0.0000	0	1.00	0.1954	0.3678	-0.5537	1.657	1
138567	3.379	6.866	-10.067	-1.98	-27.84	32.37	45.221	-2.009	-18.827	5.098	-10.457	6.771	0.1200	0.1200	-0.1200	0.0000	0.0000	0.0000	0	1.00	0.1954	0.3678	-0.5537	1.657	1
138575	3.355	6.608	-9.791	-2.02	-27.88	32.34	45.115	-1.936	-19.259	5.131	-10.451	6.750	0.1200	0.1200	-0.1200	0.0000	0.0000	0.0000	0	1.00	0.1954	0.3678	-0.5537	1.657	1
138583	3.330	6.363	-9.527	-2.66	-26.82	31.93	41.828	-1.790	-19.948	5.161	-10.444	6.729	0.1200	0.1200	-0.1200	0.0000	0.0000	0.0000	0	1.00	0.1954	0.3678	-0.5537	1.657	1
138591	3.293	6.128	-9.262	-2.39	-23.85	32.49	40.503	-1.739	-20.638	5.189	-10.437	6.707	0.1200	0.1200	-0.1200	0.0000	0.0000	0.0000	0	1.00	0.1954	0.3678	-0.5537	1.657	1
138599	3.209	5.953	-9.007	-1.77	-21.27	31.62	43.123	-1.843	-20.911	5.219	-10.430	6.685	0.1200	0.1200	-0.1200	0.0000	0.0000	0.0000	0	1.00	0.1954	0.3678	-0.5537	1.657	1
138607	3.152	5.768	-8.769	-0.66	-20.72	31.22	45.551	-1.996	-20.680	5.251	-10.423	6.663	0.1200	0.1200	-0.1200	0.0000	0.0000	0.0000	0	1.00	0.1954	0.3678	-0.5537	1.657	1
138615	3.142	5.537	-8.535	-0.34	-21.47	31.86	43.995	-2.002	-19.961	5.282	-10.416	6.642	0.1200	0.1200	-0.1200	0.0000	0.0000	0.0000	0	1.00	0.1954	0.3678	-0.5537	1.657	1
138623	3.056	5.374	-8.290	-0.98	-21.73	31.60	41.036	-1.833	-19.067	5.311	-10.409	6.621	0.1200	0.1200	-0.1200	0.0000	0.0000	0.0000	0	1.00	0.1954	0.3678	-0.5537	1.657	1
138631	3.051	5.189	-8.106	-2.34	-21.27	30.06	41.288	-1.637	-18.194	5.340	-10.402	6.601	0.1200	0.1200	-0.1200	0.0000	0.0000	0.0000	0	1.00	0.1954	0.3678	-0.5537	1.657	1
138639	2.964	5.055	-7.887	-4.03	-21.10	29.37	43.966	-1.502	-17.708	5.370	-10.395	6.581	0.1200	0.1200	-0.1200	0.0000	0.0000	0.0000	0	1.00	0.1954	0.3678	-0.5537	1.657	1
138647	2.953	4.843	-7.670	-3.92	-21.81	31.34	44.516	-1.500	-17.728	5.401	-10.388	6.562	0.1200	0.1200	-0.1200	0.0000	0.0000	0.0000	0	1.00	0.1954	0.3678	-0.5537	1.657	1
138655	3.001	4.595	-7.477	-2.97	-23.81	31.76	41.914	-1.513	-18.179	5.431	-10.381	6.542	0.1200	0.1200	-0.1200	0.0000	0.0000	0.0000	0	1.00	0.1954	0.3678	-0.5537	1.657	1
138663	2.960	4.405	-7.251	-3.85	-25.75	31.19	40.096	-1.455	-18.941	5.459	-10.374	6.522	0.1200	0.1200	-0.1200	0.0000	0.0000	0.0000	0	1.00	0.1954	0.3678	-0.5537	1.657	1
138671	2.970	4.188	-7.049	-5.27	-26.74	30.97	41.948	-1.294	-19.755	5.488	-10.367	6.501	0.1200	0.0751	-0.1200	0.0000	0.0000	0.0000	0	1.00	0.1954	0.3678	-0.5537	1.657	1
138679	2.890	4.029	-6.815	-6.94	-27.26	31.14	44.931	-1.054	-20.316	5.519	-10.359	6.480	0.1200	0.0373	-0.1200	0.0000	0.0000	0.0000	0	1.00	0.1954	0.3678	-0.5537	1.657	1
138687	2.839	3.858	-6.598	-7.91	-27.31	30.90	44.602	-0.784	-20.327	5.550	-10.352	6.458	0.1200	0.0130	-0.1200	0.0000	0.0000	0.0000	0	1.00	0.1954	0.3678	-0.5537	1.657	1
138695	2.795	3.658	-6.359	-7.47	-28.03	31.91	41.831	-0.506	-19.922	5.580	-10.344	6.437	0.1200	-0.0442	-0.1200	0.0000	0.0000	0.0000	0	1.00	0.1954	0.3678	-0.5537	1.657	1
138703	2.755	3.443	-6.109	-6.45	-28.03	32.59	41.223	-0.293	-19.175	5.608	-10.336	6.417	0.1200	-0.1029	-0.1200	0.0000	0.0000	0.0000	0	1.00	0.1954	0.3678	-0.5537	1.657	1
138711	2.726	3.207	-5.850	-4.77	-28.61	33.39	43.649	-0.075	-18.341	5.638	-10.328	6.397	0.1200	-0.1200	-0.1200	0.0000	0.0000	0.0000	0	1.00	0.1954	0.3678	-0.5537	1.657	1
138719	2.612	3.030	-5.563	-4.34	-27.90	33.41	44.628	0.109	-17.712	5.669	-10.320	6.377	0.1200	-0.1200	-0.1200	0.0000	0.0000	0.0000	0	1.00	0.1954	0.3678	-0.5537	1.657	1
138727	2.579	2.803	-5.309	-3.85	-27.55	32.99	42.061	0.286	-17.513	5.699	-10.311	6.358	0.1200	-0.1200	-0.1200	0.0000	0.0000	0.0000	0	1.00	0.1954	0.3678	-0.5537	1.657	1
138735	2.484	2.606	-5.022	-3.51	-26.66	32.50	39.559	0.467	-17.707	5.727	-10.303	6.339	0.1200	-0.1200	-0.1200	0.0000	0.0000	0.0000	0	1.00	0.1954	0.3678	-0.5537	1.657	1
138742	2.464	2.352	-4.755	-2.70	-26.45	32.12	40.673	0.677	-18.215	5.754	-10.294	6.319	0.1200	-0.1200	-0.1200	0.0000	0.0000	0.0000	0	1.00	0.1954	0.3678	-0.5537	1.657	1
138750	2.437	2.085	-4.467	-2.34	-26.23	32.17	43.759	0.873	-18.871	5.784	-10.285	6.299	0.1200	-0.1200	-0.1200	0.0000	0.0000	0.0000	0	1.00	0.1954	0.3678	-0.5537	1.657	1
138758	2.373	1.870	-4.195	-2.02	-25.74	31.89	44.231	1.034	-19.513	5.815	-10.276	6.279	0.1200	-0.1200	-0.1200	0.0000	0.0000	0.0000	0	1.00	0.1954	0.3678	-0.5537	1.657	1
138766	2.387	1.621	-3.965	-1.99	-25.25	29.36	41.400	1.146	-19.639	5.844	-10.267	6.258	0.1200	-0.1200	-0.1200	0.0000	0.0000	0.0000	0	1.00	0.1954	0.3678	-0.5537	1.657	1
138774	2.332	1.407	-3.703	-2.12	-24.72	28.43	39.759	1.137	-19.425	5.871	-10.258	6.238	0.1200	-0.1200	-0.1200	0.0000	0.0000	0.0000	0	1.00	0.1954	0.3678	-0.5537	1.657	1
138782	2.352	1.130	-3.452	-2.80	-24.60	28.57	41.418	1.049	-18.827	5.899	-10.249	6.217	0.1200	-0.1200	-0.1200	0.0000	0.0000	0.0000	0	1.00	0.1954	0.3678	-0.5537	1.657	1
138790	2.275	0.929	-3.180	-3.45	-24.43	28.31	43.629	0.912	-18.057	5.929	-10.240	6.198	0.1200	-0.1200	-0.1200	0.0000	0.0000	0.0000	0	1.00	0.1954	0.3678	-0.5537	1.657	1
138798	2.295	0.668	-2.946	-2.81	-23.45	26.80	42.759	0.779	-17.277	5.959	-10.231	6.179	0.1200	-0.1200	-0.1200	0.0000	0.0000	0.0000	0	1.00	0.1954	0.3678	-0.5537	1.657	1
138806	2.214	0.482	-2.684	-2.05	-22.43	25.23	39.831	0.683	-16.763	5.986	-10.222	6.160	0.1200	-0.1200	-0.1200	0.0000	0.0000	0.0000	0	1.00	0.1954	0.3678	-0.5537	1.657	1
138814	2.188	0.279	-2.460	-1.71	-21.46	24.66	39.346	0.644	-16.733	6.013	-10.213	6.142	0.1200	-0.1200	-0.1200	0.0000	0.0000	0.0000	0	1.00	0.1954	0.3678	-0.5537	1.657	1
138822	2.119	0.120	-2.236	-1.75	-20.53	22.92	42.012	0.656	-16.984	6.041	-10.205	6.124	0.1200	-0.1200	-0.1200	0.0000	0.0000	0.0000	0	1.00	0.1954	0.3678	-0.5537	1.657	1
138830	2.136	-0.090	-2.049	-1.49	-19.96	23.15	44.196	0.734	-17.566	6.071	-10.196	6.105	0.1200	-0.1200	-0.1200	0.0000	0.0000	0.0000	0	1.00	0.1954	0.3678	-0.5537	1.657	1
138838	2.120	-0.259	-1.868	-1.11	-19.38	23.04	42.832	0.852	-18.327	6.101	-10.187	6.086	0.1200	-0.1200	-0.1096	0.0000	0.0000	0.0000	0	1.00	0.1954	0.3678	-0.5537	1.657	1
138846	2.147	-0.442	-1.717	0.06	-18.13	22.31	40.243	0.969	-18.951	6.129	-10.178	6.066	0.1200	-0.1200	-0.0976	0.0000	0.0000	0.0000	0	1.00	0.1954	0.3678	-0.5537	1.657	1
138854	2.093	-0.546	-1.561	-0.04	-17.68	21.53	40.627	1.058	-19.238	6.156	-10.169	6.045	0.1200	-0.1200	-0.0850	0.0000	0.0000	0.0000	0	1.00	0.1954	0.3678	-0.5537	1.657	1
138862	2.106	-0.713	-1.412	0.15	-16.36	20.87	43.070	1.064	-18.976	6.185	-10.160	6.025	0.1200	-0.1200	-0.0938	0.0000	0.0000	0.0000	0	1.00	0.1954	0.3678	-0.5537	1.657	1
138870	2.085	-0.849	-1.259	-1.06	-16.14	21.96	43.347	0.990	-18.502	6.215	-10.151	6.006	0.1200	-0.1200	-0.0357	0.0000	0.0000	0.0000	0	1.00	0.1954	0.3678	-0.5537	1.657	1
138878	2.112	-1.036	-1.103	-1.88	-16.83	23.69	40.568	0.812	-17.831	6.243	-10.143	5.986	0.1200	-0.1200	0.0577	0.0000	0.0000	0.0000	0	1.00	0.1954	0.3678	-0.5537	1.657	1
138886	2.127	-1.173	-0.985	-2.85	-17.76	23.26	38.559	0.627	-17.151	6.269	-10.134	5.968	0.1200	-0.1200	0.1054	0.0000	0.0000	0.0000	0	1.00	0.1954	0.3678	-0.5537	1.657	1
138894	2.094	-1.297	-0.831	-3.32	-18.08	24.58	40.314	0.399	-16.746	6.296	-10.126	5.950	0.1200	-0.1200	0.1200	0.0000	0.0000	0.0000	0	1.00	0.1954	0.3678	-0.5537	1.657	1
138902	2.075	-1.414	-0.698	-3.44	-17.96	26.16	43.187	0.153	-16.706	6.325	-10.117	5.931	0.1200	-0.1200	0.1200	0.0000	0.0000	0.0000	0	1.00	0.1954	0.3678	-0.5537	1.657	1
138910	2.001	-1.521	-0.519	-3.41	-17.43	27.19	42.912	-0.088	-17.013	6.354	-10.109	5.913	0.1200	-0.1200	0.1200	0.0000	0.0000	0.0000	0	1.00	0.1954	0.3678	-0.5537	1.657	1
138918	1.996	-1.676	-0.364	-3.64	-18.27	28.16	40.087	-0.316	-17.495	6.382	-10.101	5.895	0.1200	-0.1200	0.1200	0.0000	0.0000	0.0000	0	1.00	0.1954	0.3678	-0.5537	1.657	1
138926	1.928	-1.805	-0.171	-3.39	-19.08	28.29	38.874	-0.491	-18.066	6.408	-10.094	5.876	0.1200	-0.1200	0.1200	0.0000	0.0000	0.0000	0	1.00	0.1954	0.3678	-0.5537	1.657	1
138934	1.869	-1.963	0.042	-4.74	-20.52	28.23	40.745	-0.647	-18.529	6.435	-10.086	5.856	0.1200	-0.1200	0.1200	0.0000	0.0000	0.0000	0	1.00	0.1954	0.3678	-0.5537	1.657	1
138942	1.807	-2.104	0.242	-5.40	-21.66	27.60	42.719	-0.755	-18.515	6.464	-10.079	5.837	0.1200	-0.1200	0.1200	0.0000	0.0000	0.0000	0	1.00	0.1954	0.3678	-0.5537	1.657	1
138950	1.721	-2.255	0.476	-5.76	-22.19	26.38	41.556	-0.797	-18.224	6.492	-10.071	5.817	0.1200	-0.1200	0.1200	0.0000	0.0000	0.0000	0	1.00	0.1954	0.3678	-0.5537	1.657	1
138958	1.697	-2.449	0.687	-6.21	-23.26	26.09	38.896	-0.770	-17.641	6.519	-10.064	5.798	0.1200	-0.1200	0.1200	0.0000	0.0000	0.0000	0	1.00	0.1954	0.3678	-0.5537	1.657	1
138966	1.613	-2.592	0.911	-6.49	-23.76	24.55	38.486	-0.664	-16.920	6.544	-10.056	5.780	0.1200	-0.1200	0.1200	0.0000	0.0000	0.0000	0	1.00	0.1954	0.3678	-0.5537	1.657	1
138974	1.580	-2.780	1.127	-6.58	-23.63	23.65	41.053	-0.504	-16.182	6.571	-10.049	5.762	0.1200	-0.1200	0.1200	0.0000	0.0000	0.0000	0	1.00	0.1954	0.3678	-0.5537	1.657	1
138982	1.528	-2.954	1.348	-6.54	-23.47	22.08	43.260	-0.298	-15.707	6.600	-10.041	5.745	0.1200	-0.1200	0.1200	0.0000	0.0000	0.0000	0	1.00	0.1954	0.3678	-0.5537	1.657	1
138990	1.469	-3.129	1.578	-5.90	-23.25	22.40	41.914	-0.113	-15.546	6.629	-10.033	5.728	0.1200	-0.1200	0.1200	0.0000	0.0000	0.0000	0	1.00	0.1954	0.3678	-0.5537	1.657	1
138998	1.459	-3.311	1.765	-5.08	-23.28	21.07	39.438	0.105	-15.772	6.655	-10.025	5.711	0.1200	-0.1200	0.1200	0.0000	0.0000	0.0000	0	1.00	0.1954	0.3678	-0.5537	1.657	1
139006	1.404	-3.458	1.963	-3.89	-22.58	19.19	39.476	0.296	-16.209	6.682	-10.017	5.693	0.1200	-0.1200	0.1200	0.0000	0.0000	0.0000	0	1.00	0.1954	0.3678	-0.5537	1.657	1
139014	1.385	-3.640	2.159	-2.57	-22.15	19.02	41.790	0.445	-16.800	6.709	-10.008	5.676	0.1200	-0.1200	0.1200	0.0000	0.0000	0.0000	0	1.00	0.1954	0.3678	-0.5537	1.657	1
139022	1.376	-3.833	2.357	-1.46	-21.27	17.66	42.480	0.560	-17.429	6.738	-10.000	5.657	0.1200	-0.1200	0.1200	0.0000	0.0000	0.0000	0	1.00	0.1954	0.3678	-0.5537	1.657	1
139030	1.326	-3.978	2.548	-0.83	-20.70	17.63	39.960	0.585	-17.813	6.765	-9.991	5.639	0.1200	-0.1200	0.1200	0.0000	0.0000	0.0000	0	1.00	0.1954	0.3678	-0.5537	1.657	1
139038	1.349	-4.164	2.706	0.59	-19.86	15.89	37.643	0.578	-17.719	6.790	-9.983	5.620	0.1200	-0.1200	0.1200	0.0000	0.0000	0.0000	0	1.00	0.1954	0.3678	-0.5537	1.657	1
139046	1.362	-4.329	2.854	0.80	-19.12	15.26	38.518	0.483	-17.467	6.815	-9.975	5.601	0.1200	-0.1200	0.1200	0.0000	0.0000	0.0000	0	1.00	0.1954	0.3678	-0.5537	1.657	1
139054	1.352	-4.501	3.031	2.05	-17.94	14.20	41.424	0.345	-16.908	6.842	-9.966	5.583	0.1200	-0.1200	0.1200	0.0000	0.0000	0.0000	0	1.00	0.1954	0.3678	-0.5537	1.657	1
139062	1.394	-4.680	3.164	3.23	-15.98	14.44	42.238	0.177	-16.251	6.870	-9.958	5.566	0.1200	-0.1200	0.1200	0.0000	0.0000	0.0000	0	1.00	0.1954	0.3678	-0.5537	1.657	1
139070	1.390	-4.811	3.296	3.48	-13.95	12.17	39.881	-0.031	-15.608	6.897	-9.950	5.549	0.1200	-0.1200	0.1200	0.0000	0.0000	0.0000	0	1.00	0.1954	0.3678	-0.5537	1.657	1
139078	1.378	-4.955	3.447	4.00	-12.19	12.21	37.842	-0.211	-15.220	6.922	-9.942	5.532	0.1200	-0.1200	0.1200	0.0000	0.0000	0.0000	0	1.00	0.1954	0.3678	-0.5537	1.657	1
139086	1.423	-5.118	3.561	4.64	-11.22	9.23	38.605	-0.346	-15.065	6.947	-9.935	5.515	0.1200	-0.1200	0.1200	0.0000	0.0000	0.0000	0	1.00	0.1954	0.3678	-0.5537	1.657	1
139094	1.449	-5.248	3.662	4.13	-10.16	8.05	40.997	-0.436	-15.214	6.974	-9.927	5.499	0.1200	-0.1200	0.1200	0.0000	0.0000	0.0000	0	1.00	0.1954	0.3678	-0.5537	1.657	1
139102	1.459	-5.357	3.758	4.23	-9.14	3.64	41.263	-0.485	-15.495	7.002	-9.920	5.482	0.1200	-0.1200	0.1200	0.0000	0.0000	0.0000	0	1.00	0.1954	0.3678	-0.5537	1.657	1
139110	1.490	-5.472	3.839	3.82	-8.24	2.22	38.904	-0.467	-15.927	7.028	-9.912	5.465	0.1200	-0.1200	0.1200	0.0000	0.0000	0.0000	0	1.00	0.1954	0.3678	-0.5537	1.657	1
139118	1.542	-5.568	3.880	3.53	-7.31	0.40	37.201	-0.403	-16.381	7.052	-9.904	5.448	0.1200	-0.1200	0.1200	0.0000	0.0000	0.0000	0	1.00	0.1954	0.3678	-0.5537	1.657	1
139125	1.565	-5.628	3.916	3.25	-5.97	-1.19	38.201	-0.309	-16.702	7.077	-9.897	5.430	0.1200	-0.1200	0.1200	0.0000	0.0000	0.0000	0	1.00	0.1954	0.3678	-0.5537	1.657	1
139133	1.660	-5.704	3.894	3.74	-4.83	-3.76	40.921	-0.181	-16.706	7.103	-9.889	5.412	0.1200	-0.1200	0.1200	0.0000	0.0000	0.0000	0	1.00	0.1954	0.3678	-0.5537	1.657	1
139141	1.728	-5.756	3.878	4.00	-3.76	-5.52	41.904	-0.023	-16.411	7.131	-9.881	5.395	0.1200	-0.1200	0.1200	0.0000	0.0000	0.0000	0	1.00	0.1954	0.3678	-0.5537	1.657	1
139149	1.764	-5.763	3.849	3.27	-2.77	-5.57	39.766	0.121	-15.924	7.157	-9.873	5.378	0.1200	-0.1200	0.1200	0.0000	0.0000	0.0000	0	1.00	0.1954	0.3678	-0.5537	1.657	1
139157	1.809	-5.769	3.809	2.65	-1.03	-6.16	37.969	0.233	-15.376	7.182	-9.865	5.361	0.1200	-0.1200	0.1200	0.0000	0.0000	0.0000	0	1.00	0.1954	0.3678	-0.5537	1.657	1
139165	1.869	-5.767	3.747	2.47	-0.45	-5.93	38.876	0.315	-14.775	7.207	-9.857	5.345	0.1200	-0.1200	0.1200	0.0000	0.0000	0.0000	0	1.00	0.1954	0.3678	-0.5537	1.657	1
139173	1.912	-5.751	3.689	2.64	-0.32	-6.75	41.032	0.386	-14.281	7.234	-9.849	5.329	0.1200	-0.1200	0.1200	0.0000	0.0000	0.0000	0	1.00	0.1954	0.3678	-0.5537	1.657	1
139181	1.919	-5.705	3.637	2.48	0.93	-6.37	41.085	0.396	-14.038	7.261	-9.841	5.313	0.1200	-0.1200	0.1200	0.0000	0.0000	0.0000	0	1.00	0.1954	0.3678	-0.5537	1.657	1
139189	1.965	-5.663	3.550	1.70	2.10	-5.38	38.516	0.345	-14.139	7.287	-9.832	5.298	0.1200	-0.1200	0.1200	0.0000	0.0000	0.0000	0	1.00	0.1954	0.3678	-0.5537	1.657	1
139197	2.009	-5.616	3.459	2.09	3.34	-5.53	36.569	0.265	-14.330	7.311	-9.824	5.282	0.1200	-0.1200	0.1200	0.0000	0.0000	0.0000	0	1.00	0.1954	0.3678	-0.5537	1.657	1
139205	2.060	-5.571	3.365	1.86	4.00	-4.28	37.760	0.170	-14.740	7.335	-9.816	5.266	0.1200	-0.1200	0.1200	0.0000	0.0000	0.0000	0	1.00	0.1954	0.3678	-0.5537	1.657	1
139213	2.126	-5.549	3.277	1.86	3.81	-2.92	40.411	0.080	-15.274	7.360	-9.808	5.250	0.1200	-0.1200	0.1200	0.0000	0.0000	0.0000	0	1.00	0.1954	0.3678	-0.5537	1.657	1
139220	2.192	-5.527	3.190	1.44	4.11	-1.85	41.185	-0.020	-15.805	7.387	-9.801	5.233	0.1200	-0.1200	0.1200	0.0000	0.0000	0.0000	0	1.00	0.1954	0.3678	-0.5537	1.657	1
139228	2.210	-5.466	3.113	-0.33	4.49	0.07	39.051	-0.144	-16.217	7.413	-9.793	5.216	0.1200	-0.1200	0.1200	0.0000	0.0000	0.0000	0	1.00	0.1954	0.3678	-0.5537	1.657	1
139236	2.201	-5.403	3.060	-1.01	4.24	0.15	36.990	-0.225	-16.314	7.437	-9.785	5.199	0.1200	-0.1200	0.1200	0.0000	0.0000	0.0000	0	1.00	0.1954	0.3678	-0.5537	1.657	1
139244	2.204	-5.359	3.014	-0.99	3.20	2.12	37.436	-0.271	-16.172	7.461	-9.778	5.182	0.1200	-0.1200	0.1200	0.0000	0.0000	0.0000	0	1.00	0.1954	0.3678	-0.5537	1.657	1
139252	2.192	-5.299	2.969	-1.36	2.12	3.36	39.679	-0.264	-15.848	7.486	-9.770	5.165	0.1200	-0.1200	0.1200	0.0000	0.0000	0.0000	0	1.00	0.1954	0.3678	-0.5537	1.657	1
139260	2.134	-5.223	2.952	-1.20	1.47	3.74	40.497	-0.235	-15.403	7.513	-9.762	5.148	0.1200	-0.1200	0.1200	0.0000	0.0000	0.0000	0	1.00	0.1954	0.3678	-0.5537	1.657	1
139267	2.092	-5.153	2.927	-1.58	1.66	3.83	38.641	-0.183	-14.869	7.538	-9.755	5.132	0.1200	-0.1200	0.1200	0.0000	0.0000	0.0000	0	1.00	0.1954	0.3678	-0.5537	1.657	1
139275	2.067	-5.114	2.913	-2.55	1.20	4.30	36.489	-0.105	-14.395	7.562	-9.747	5.117	0.1200	-0.1200	0.1200	0.0000	0.0000	0.0000	0	1.00	0.1954	0.3678	-0.5537	1.657	1
139283	2.023	-5.087	2.931	-1.92	0.42	4.99	36.638	-0.032	-14.151	7.585	-9.739	5.101	0.1200	-0.1200	0.1200	0.0000	0.0000	0.0000	0	1.00	0.1954	0.3678	-0.5537	1.657	1
139291	1.990	-5.079	2.955	-2.07	-0.44	7.05	39.080	0.091	-14.153	7.609	-9.731	5.086	0.1200	-0.1200	0.1200	0.0000	0.0000	0.0000	0	1.00	0.1954	0.3678	-0.5537	1.657	1
139299	1.992	-5.068	2.943	-1.80	-1.51	7.01	40.948	0.167	-14.362	7.636	-9.723	5.070	0.1200	-0.1200	0.1200	0.0000	0.0000	0.0000	0	1.00	0.1954	0.3678	-0.5537	1.657	1
139307	1.969	-5.055	2.953	-1.65	-1.00	6.65	39.808	0.208	-14.625	7.662	-9.716	5.055	0.1200	-0.1200	0.1200	0.0000	0.0000	0.0000	0	1.00	0.1954	0.3678	-0.5537	1.657	1
139315	1.941	-5.053	2.980	-2.17	-1.09	8.54	37.543	0.218	-15.011	7.686	-9.708	5.039	0.1200	-0.1200	0.1200	0.0000	0.0000	0.0000	0	1.00	0.1954	0.3678	-0.5537	1.657	1
139323	1.891	-5.058	3.035	-3.02	-1.38	9.37	37.161	0.203	-15.451	7.710	-9.700	5.022	0.1200	-0.1200	0.1200	0.0000	0.0000	0.0000	0	1.00	0.1954	0.3678	-0.5537	1.657	1
139331	1.851	-5.076	3.092	-2.97	-1.96	9.90	39.113	0.167	-15.743	7.734	-9.692	5.006	0.1200	-0.1200	0.1200	0.0000	0.0000	0.0000	0	1.00	0.1954	0.3678	-0.5537	1.657	1
139339	1.833	-5.107	3.140	-3.22	-1.63	9.81	40.481	0.100	-15.661	7.760	-9.684	4.989	0.1200	-0.1200	0.1200	0.0000	0.0000	0.0000	0	1.00	0.1954	0.3678	-0.5537	1.657	1
139347	1.808	-5.151	3.208	-2.49	-1.47	9.02	38.806	0.032	-15.455	7.786	-9.676	4.973	0.1200	-0.1200	0.1200	0.0000	0.0000	0.0000	0	1.00	0.1954	0.3678	-0.5537	1.657	1
139355	1.773	-5.192	3.283	-2.85	-0.66	9.74	36.278	-0.039	-15.082	7.809	-9.668	4.957	0.1200	-0.1200	0.1200	0.0000	0.0000	0.0000	0	1.00	0.1954	0.3678	-0.5537	1.657	1
139363	1.722	-5.209	3.351	-3.60	0.14	10.11	35.834	-0.120	-14.605	7.831	-9.661	4.941	0.1200	-0.1200	0.1200	0.0000	0.0000	0.0000	0	1.00	0.1954	0.3678	-0.5537	1.657	1
139370	1.676	-5.230	3.418	-2.82	0.57	10.80	38.034	-0.180	-14.077	7.855	-9.653	4.926	0.1200	-0.1200	0.1200	0.0000	0.0000	0.0000	0	1.00	0.1954	0.3678	-0.5537	1.657	1
139379	1.617	-5.249	3.495	-2.21	1.35	9.00	40.212	-0.206	-13.535	7.880	-9.646	4.911	0.1200	-0.1200	0.1200	0.0000	0.0000	0.0000	0	1.00	0.1954	0.3678	-0.5537	1.657	1
139387	1.564	-5.276	3.575	-1.87	2.13	9.35	39.474	-0.207	-13.196	7.906	-9.638	4.896	0.1200	-0.1200	0.1200	0.0000	0.0000	0.0000	0	1.00	0.1954	0.3678	-0.5537	1.657	1
139395	1.525	-5.296	3.632	-1.91	2.90	9.69	36.876	-0.198	-13.070	7.930	-9.631	4.882	0.1200	-0.1200	0.1200	0.0000	0.0000	0.0000	0	1.00	0.1954	0.3678	-0.5537	1.657	1
139403	1.482	-5.307	3.686	-2.01	4.38	9.36	35.843	-0.151	-13.238	7.952	-9.623	4.867	0.1200	-0.1200	0.1200	0.0000	0.0000	0.0000	0	1.00	0.1954	0.3678	-0.5537	1.657	1
139410	1.437	-5.302	3.727	-2.19	5.56	8.56	37.281	-0.092	-13.460	7.975	-9.615	4.853	0.1200	-0.1200	0.1200	0.0000	0.0000	0.0000	0	1.00	0.1954	0.3678	-0.5537	1.657	1
139418	1.395	-5.301	3.767	-2.16	6.22	7.67	39.222	-0.006	-13.801	8.000	-9.608	4.838	0.1200	-0.1200	0.1200	0.0000	0.0000	0.0000	0	1.00	0.1954	0.3678	-0.5537	1.657	1
139426	1.326	-5.301	3.837	-2.11	6.58	7.26	38.981	0.074	-14.246	8.025	-9.600	4.823	0.1200	-0.1200	0.1200	0.0000	0.0000	0.0000	0	1.00	0.1954	0.3678	-0.5537	1.657	1
139434	1.279	-5.297	3.879	-2.22	7.53	7.27	36.754	0.149	-14.647	8.048	-9.592	4.807	0.1200	-0.1200	0.1200	0.0000	0.0000	0.0000	0	1.00	0.1954	0.3678	-0.5537	1.657	1
139442	1.230	-5.276	3.908	-2.65	8.74	7.44	35.308	0.166	-14.928	8.070	-9.584	4.792	0.1200	-0.1200	0.1200	0.0000	0.0000	0.0000	0	1.00	0.1954	0.3678	-0.5537	1.657	1
139450	1.193	-5.236	3.906	-2.52	9.93	6.64	36.169	0.176	-15.040	8.092	-9.577	4.776	0.1200	-0.1200	0.1200	0.0000	0.0000	0.0000	0	1.00	0.1954	0.3678	-0.5537	1.657	1
139458	1.128	-5.205	3.940	-2.38	11.16	6.75	38.629	0.164	-14.820	8.116	-9.569	4.760	0.1200	-0.1200	0.1200	0.0000	0.0000	0.0000	0	1.00	0.1954	0.3678	-0.5537	1.657	1
139465	1.057	-5.170	3.977	-2.70	12.23	6.53	39.866	0.143	-14.496	8.141	-9.561	4.745	0.1145	-0.1200	0.1200	0.0000	0.0000	0.0000	0	1.00	0.1954	0.3678	-0.5537	1.657	1
139473	0.987	-5.119	3.997	-3.22	12.84	6.97	38.338	0.078	-14.107	8.166	-9.553	4.729	0.0807	-0.1200	0.1200	0.0000	0.0000	0.0000	0	1.00	0.1954	0.3678	-0.5537	1.657	1
139481	0.918	-5.051	4.001	-3.34	13.64	6.39	36.296	0.036	-13.648	8.189	-9.546	4.715	0.0604	-0.1200	0.1200	0.0000	0.0000	0.0000	0	1.00	0.1954	0.3678	-0.5537	1.657	1
139489	0.863	-4.987	3.993	-3.62	14.37	5.83	36.277	-0.028	-13.161	8.211	-9.538	4.700	0.0405	-0.1200	0.1200	0.0000	0.0000	0.0000	0	1.00	0.1954	0.3678	-0.5537	1.657	1
139497	0.808	-4.918	3.981	-3.43	15.21	5.97	38.208	-0.070	-12.816	8.235	-9.530	4.686	0.0228	-0.1200	0.1200	0.0000	0.0000	0.0000	0	1.00	0.1954	0.3678	-0.5537	1.657	1
139505	0.742	-4.839	3.970	-3.85	14.71	7.11	39.360	-0.088	-12.690	8.259	-9.523	4.672	-0.0037	-0.1200	0.1200	0.0000	0.0000	0.0000	0	1.00	0.1954	0.3678	-0.5537	1.657	1
139513	0.662	-4.744	3.959	-3.96	14.76	7.58	37.880	-0.106	-12.709	8.284	-9.515	4.658	-0.0272	-0.1200	0.1200	0.0000	0.0000	0.0000	0	1.00	0.1954	0.3678	-0.5537	1.657	1
139520	0.581	-4.642	3.940	-4.46	14.96	6.83	35.410	-0.085	-12.832	8.306	-9.508	4.644	-0.0475	-0.1200	0.1200	0.0000	0.0000	0.0000	0	1.00	0.1954	0.3678	-0.5537	1.657	1
139528	0.486	-4.546	3.941	-4.70	14.70	6.48	34.730	-0.075	-13.050	8.327	-9.500	4.630	-0.0645	-0.1200	0.1200	0.0000	0.0000	0.0000	0	1.00	0.1954	0.3678	-0.5537	1.657	1
139536	0.380	-4.452	3.956	-5.67	13.68	6.15	36.640	-0.035	-13.337	8.349	-9.493	4.616	-0.0886	-0.1200	0.1200	0.0000	0.0000	0.0000	0	1.00	0.1954	0.3678	-0.5537	1.657	1
139544	0.249	-4.360	3.998	-6.82	12.24	6.52	38.952	0.014	-13.712	8.373	-9.485	4.601	-0.1200	-0.1200	0.1200	0.0000	0.0000	0.0000	0	1.00	0.1954	0.3678	-0.5537	1.657	1
139552	0.141	-4.262	4.010	-7.59	11.55	5.65	38.778	0.064	-13.999	8.398	-9.478	4.587	-0.1200	-0.1200	0.1200	0.0000	0.0000	0.0000	0	1.00	0.1954	0.3678	-0.5537	1.657	1
139560	0.034	-4.172	4.029	-7.01	10.89	3.61	36.524	0.077	-14.111	8.421	-9.470	4.572	-0.1200	-0.1200	0.1200	0.0000	0.0000	0.0000	0	1.00	0.1954	0.3678	-0.5537	1.657	1
139568	-0.067	-4.090	4.050	-6.59	10.74	2.51	34.918	0.081	-14.085	8.442	-9.462	4.557	-0.1200	-0.1200	0.1200	0.0000	0.0000	0.0000	0	1.00	0.1954	0.3678	-0.5537	1.657	1
139576	-0.164	-4.025	4.084	-6.12	10.59	2.71	35.661	0.082	-13.781	8.464	-9.455	4.542	-0.1200	-0.1200	0.1200	0.0000	0.0000	0.0000	0	1.00	0.1954	0.3678	-0.5537	1.657	1
139584	-0.251	-3.945	4.094	-5.75	10.65	3.55	37.683	0.049	-13.488	8.486	-9.447	4.528	-0.1200	-0.1200	0.1200	0.0000	0.0000	0.0000	0	1.00	0.1954	0.3678	-0.5537	1.657	1
139591	-0.323	-3.868	4.090	-5.74	11.07	3.44	38.354	-0.012	-13.100	8.510	-9.439	4.513	-0.1200	-0.1200	0.1200	0.0000	0.0000	0.0000	0	1.00	0.1954	0.3678	-0.5537	1.657	1
139599	-0.390	-3.781	4.073	-5.30	11.88	2.18	36.650	-0.045	-12.664	8.533	-9.432	4.500	-0.1200	-0.1200	0.1200	0.0000	0.0000	0.0000	0	1.00	0.1954	0.3678	-0.5537	1.657	1
139607	-0.470	-3.712	4.085	-4.01	11.49	1.71	34.589	-0.070	-12.216	8.554	-9.424	4.486	-0.1200	-0.1200	0.1200	0.0000	0.0000	0.0000	0	1.00	0.1954	0.3678	-0.5537	1.657	1
139615	-0.553	-3.650	4.108	-3.60	10.67	2.01	34.418	-0.075	-11.896	8.575	-9.417	4.473	-0.1200	-0.1200	0.1200	0.0000	0.0000	0.0000	0	1.00	0.1954	0.3678	-0.5537	1.657	1
139623	-0.648	-3.561	4.117	-3.64	10.49	2.87	36.516	-0.079	-11.748	8.597	-9.410	4.460	-0.1200	-0.1200	0.1200	0.0000	0.0000	0.0000	0	1.00	0.1954	0.3678	-0.5537	1.657	1
139631	-0.744	-3.455	4.109	-3.30	11.28	3.22	38.506	-0.075	-11.811	8.620	-9.402	4.447	-0.1200	-0.1200	0.1200	0.0000	0.0000	0.0000	0	1.00	0.1954	0.3678	-0.5537	1.657	1
139639	-0.826	-3.352	4.091	-2.85	11.74	2.63	38.186	-0.075	-11.917	8.644	-9.395	4.434	-0.1200	-0.1200	0.1200	0.0000	0.0000	0.0000	0	1.00	0.1954	0.3678	-0.5537	1.657	1
139647	-0.895	-3.275	4.085	-1.64	11.80	1.57	36.089	-0.031	-12.077	8.667	-9.387	4.421	-0.1200	-0.1200	0.1200	0.0000	0.0000	0.0000	0	1.00	0.1954	0.3678	-0.5537	1.657	1
139655	-0.962	-3.221	4.100	0.16	11.50	1.45	34.825	0.011	-12.369	8.688	-9.380	4.407	-0.1200	-0.1200	0.1200	0.0000	0.0000	0.0000	0	1.00	0.1954	0.3678	-0.5537	1.657	1
139663	-1.038	-3.148	4.104	-0.04	11.14	1.70	35.805	0.061	-12.747	8.709	-9.372	4.394	-0.1200	-0.1200	0.1200	0.0000	0.0000	0.0000	0	1.00	0.1954	0.3678	-0.5537	1.657	1
139670	-1.106	-3.062	4.088	0.39	11.44	1.39	37.721	0.086	-13.060	8.732	-9.365	4.380	-0.1200	-0.1200	0.1200	0.0000	0.0000	0.0000	0	1.00	0.1954	0.3678	-0.5537	1.657	1
139679	-1.147	-2.978	4.048	1.45	11.49	0.91	37.877	0.079	-13.314	8.755	-9.357	4.366	-0.1200	-0.1200	0.1200	0.0000	0.0000	0.0000	0	1.00	0.1954	0.3678	-0.5537	1.657	1
139687	-1.195	-2.911	4.030	2.26	11.03	0.46	35.673	0.088	-13.382	8.777	-9.349	4.352	-0.1200	-0.1200	0.1200	0.0000	0.0000	0.0000	0	1.00	0.1954	0.3678	-0.5537	1.657	1
139694	-1.237	-2.857	4.020	3.21	10.15	0.70	33.700	0.075	-13.240	8.798	-9.342	4.338	-0.1200	-0.1200	0.1200	0.0000	0.0000	0.0000	0	1.00	0.1954	0.3678	-0.5537	1.657	1
139702	-1.297	-2.797	4.021	3.32	9.85	1.10	33.906	0.074	-13.076	8.818	-9.334	4.324	-0.1200	-0.1200	0.1200	0.0000	0.0000	0.0000	0	1.00	0.1954	0.3678	-0.5537	1.657	1
139710	-1.333	-2.730	3.991	3.98	9.78	0.41	36.148	0.024	-12.807	8.839	-9.327	4.310	-0.1200	-0.1200	0.1200	0.0000	0.0000	0.0000	0	1.00	0.1954	0.3678	-0.5537	1.657	1
139718	-1.355	-2.655	3.941	4.17	10.06	-0.69	37.799	-0.012	-12.467	8.862	-9.319	4.296	-0.1200	-0.1200	0.1200	0.0000	0.0000	0.0000	0	1.00	0.1954	0.3678	-0.5537	1.657	1
139726	-1.336	-2.605	3.873	4.99	9.14	-1.87	37.072	-0.028	-12.067	8.885	-9.312	4.283	-0.1200	-0.1200	0.1200	0.0000	0.0000	0.0000	0	1.00	0.1954	0.3678	-0.5537	1.657	1
139734	-1.329	-2.562	3.824	5.43	8.48	-2.28	34.799	-0.054	-11.677	8.906	-9.305	4.270	-0.1200	-0.1200	0.1200	0.0000	0.0000	0.0000	0	1.00	0.1954	0.3678	-0.5537	1.657	1
139742	-1.345	-2.517	3.796	5.72	7.34	-1.00	33.608	-0.053	-11.456	8.926	-9.297	4.258	-0.1200	-0.1200	0.1200	0.0000	0.0000	0.0000	0	1.00	0.1954	0.3678	-0.5537	1.657	1
139750	-1.345	-2.459	3.740	5.01	6.42	-1.49	34.514	-0.062	-11.323	8.946	-9.290	4.245	-0.1200	-0.1200	0.1200	0.0000	0.0000	0.0000	0	1.00	0.1954	0.3678	-0.5537	1.657	1
139757	-1.341	-2.396	3.674	4.61	6.27	-2.00	36.412	-0.049	-11.326	8.967	-9.282	4.233	-0.1200	-0.1200	0.1200	0.0000	0.0000	0.0000	0	1.00	0.1954	0.3678	-0.5537	1.657	1
139765	-1.306	-2.353	3.599	5.16	5.41	-2.43	36.967	-0.054	-11.385	8.990	-9.275	4.220	-0.1102	-0.1200	0.1200	0.0000	0.0000	0.0000	0	1.00	0.1954	0.3678	-0.5537	1.657	1
139773	-1.302	-2.292	3.534	5.35	4.23	-2.07	35.405	-0.027	-11.517	9.011	-9.268	4.208	-0.0993	-0.1200	0.1200	0.0000	0.0000	0.0000	0	1.00	0.1954	0.3678	-0.5537	1.657	1
139781	-1.312	-2.234	3.488	5.67	2.47	-1.59	33.405	0.015	-11.722	9.031	-9.260	4.195	-0.0850	-0.1200	0.1200	0.0000	0.0000	0.0000	0	1.00	0.1954	0.3678	-0.5537	1.657	1
139789	-1.297	-2.199	3.438	5.12	0.97	-1.63	33.073	0.043	-11.941	9.051	-9.253	4.182	-0.0769	-0.1200	0.1200	0.0000	0.0000	0.0000	0	1.00	0.1954	0.3678	-0.5537	1.657	1
139797	-1.278	-2.166	3.388	3.59	-0.57	-3.00	34.865	0.092	-12.197	9.071	-9.245	4.169	-0.0712	-0.1200	0.1200	0.0000	0.0000	0.0000	0	1.00	0.1954	0.3678	-0.5537	1.657	1
139805	-1.219	-2.156	3.319	3.34	-2.13	-4.05	36.982	0.109	-12.376	9.093	-9.238	4.156	-0.0381	-0.1200	0.1200	0.0000	0.0000	0.0000	0	1.00	0.1954	0.3678	-0.5537	1.657	1
139813	-1.171	-2.145	3.261	3.40	-3.71	-4.43	37.135	0.108	-12.388	9.115	-9.230	4.143	-0.0100	-0.1200	0.1200	0.0000	0.0000	0.0000	0	1.00	0.1954	0.3678	-0.5537	1.657	1
139821	-1.129	-2.160	3.233	2.82	-5.49	-4.40	35.319	0.086	-12.332	9.136	-9.223	4.130	0.0026	-0.1200	0.1200	0.0000	0.0000	0.0000	0	1.00	0.1954	0.3678	-0.5537	1.657	1
139829	-1.085	-2.177	3.206	1.35	-6.24	-3.77	33.814	0.065	-12.096	9.156	-9.216	4.117	-0.0150	-0.1200	0.1200	0.0000	0.0000	0.0000	0	1.00	0.1954	0.3678	-0.5537	1.657	1
139837	-1.017	-2.205	3.165	0.36	-7.21	-3.29	34.245	0.021	-11.830	9.176	-9.208	4.104	-0.0151	-0.1200	0.1200	0.0000	0.0000	0.0000	0	1.00	0.1954	0.3678	-0.5537	1.657	1
139845	-0.944	-2.241	3.127	0.31	-7.28	-3.80	36.062	-0.026	-11.543	9.197	-9.201	4.091	0.0036	-0.1200	0.1200	0.0000	0.0000	0.0000	0	1.00	0.1954	0.3678	-0.5537	1.657	1
139853	-0.877	-2.285	3.103	0.51	-8.06	-3.97	36.890	-0.081	-11.159	9.219	-9.193	4.079	0.0272	-0.1200	0.1200	0.0000	0.0000	0.0000	0	1.00	0.1954	0.3678	-0.5537	1.657	1
139861	-0.827	-2.328	3.094	0.38	-8.59	-4.15	35.427	-0.111	-10.802	9.241	-9.186	4.067	0.0387	-0.1200	0.1200	0.0000	0.0000	0.0000	0	1.00	0.1954	0.3678	-0.5537	1.657	1
139869	-0.796	-2.366	3.100	-0.20	-9.75	-3.25	33.246	-0.138	-10.517	9.260	-9.179	4.055	0.0340	-0.1200	0.1200	0.0000	0.0000	0.0000	0	1.00	0.1954	0.3678	-0.5537	1.657	1
139877	-0.780	-2.397	3.114	-1.14	-9.64	-2.10	32.487	-0.129	-10.283	9.279	-9.172	4.044	0.0079	-0.1200	0.1200	0.0000	0.0000	0.0000	0	1.00	0.1954	0.3678	-0.5537	1.657	1
139885	-0.748	-2.426	3.111	-0.75	-9.88	-1.83	33.992	-0.116	-10.179	9.298	-9.164	4.032	0.0206	-0.1200	0.1200	0.0000	0.0000	0.0000	0	1.00	0.1954	0.3678	-0.5537	1.657	1
139893	-0.713	-2.458	3.107	1.98	-9.78	-1.39	36.185	-0.085	-10.180	9.319	-9.157	4.021	0.0704	-0.1200	0.1200	0.0000	0.0000	0.0000	0	1.00	0.1954	0.3678	-0.5537	1.657	1
139901	-0.701	-2.490	3.126	2.05	-9.22	-2.12	36.516	-0.051	-10.278	9.341	-9.150	4.009	0.0762	-0.1200	0.1200	0.0000	0.0000	0.0000	0	1.00	0.1954	0.3678	-0.5537	1.657	1
139909	-0.691	-2.544	3.169	1.85	-9.00	-1.82	34.780	-0.025	-10.385	9.362	-9.143	3.998	0.0699	-0.1200	0.1200	0.0000	0.0000	0.0000	0	1.00	0.1954	0.3678	-0.5537	1.657	1
139917	-0.663	-2.625	3.219	0.76	-10.67	-0.97	32.913	0.030	-10.575	9.381	-9.135	3.986	0.0636	-0.1200	0.1200	0.0000	0.0000	0.0000	0	1.00	0.1954	0.3678	-0.5537	1.657	1
139925	-0.584	-2.721	3.235	2.07	-11.68	-0.95	32.711	0.083	-10.825	9.400	-9.128	3.975	0.1114	-0.1200	0.1200	0.0000	0.0000	0.0000	0	1.00	0.1954	0.3678	-0.5537	1.657	1
139932	-0.495	-2.788	3.211	3.91	-11.50	-1.81	34.210	0.118	-11.084	9.419	-9.121	3.963	0.1200	-0.1200	0.1200	0.0000	0.0000	0.0000	0	1.00	0.1954	0.3678	-0.5537	1.657	1
139940	-0.447	-2.830	3.204	4.49	-10.26	-2.47	35.647	0.097	-11.298	9.440	-9.113	3.950	0.1200	-0.1200	0.1200	0.0000	0.0000	0.0000	0	1.00	0.1954	0.3678	-0.5537	1.657	1
139948	-0.411	-2.891	3.227	3.83	-9.13	-1.77	35.408	0.074	-11.439	9.461	-9.106	3.938	0.1200	-0.1200	0.1200	0.0000	0.0000	0.0000	0	1.00	0.1954	0.3678	-0.5537	1.657	1
139957	-0.363	-2.969	3.255	3.83	-9.50	-0.67	33.412	0.063	-11.489	9.480	-9.099	3.926	0.1200	-0.1200	0.1200	0.0000	0.0000	0.0000	0	1.00	0.1954	0.3678	-0.5537	1.657	1
139964	-0.294	-3.059	3.273	4.34	-10.04	0.00	32.028	0.054	-11.388	9.499	-9.091	3.914	0.1200	-0.1200	0.1200	0.0000	0.0000	0.0000	0	1.00	0.1954	0.3678	-0.5537	1.657	1
139972	-0.210	-3.136	3.265	4.65	-10.61	-0.48	32.358	0.027	-11.303	9.517	-9.084	3.901	0.1200	-0.1200	0.1200	0.0000	0.0000	0.0000	0	1.00	0.1954	0.3678	-0.5537	1.657	1
139980	-0.136	-3.189	3.242	5.16	-9.55	-1.42	34.346	-0.014	-11.084	9.536	-9.077	3.889	0.1200	-0.1200	0.1200	0.0000	0.0000	0.0000	0	1.00	0.1954	0.3678	-0.5537	1.657	1
139988	-0.086	-3.251	3.252	4.87	-8.70	-0.91	35.965	-0.058	-10.841	9.557	-9.069	3.877	0.1200	-0.1200	0.1200	0.0000	0.0000	0.0000	0	1.00	0.1954	0.3678	-0.5537	1.657	1
139996	-0.027	-3.339	3.278	4.90	-8.38	0.63	35.556	-0.074	-10.584	9.578	-9.062	3.866	0.1200	-0.1200	0.1200	0.0000	0.0000	0.0000	0	1.00	0.1954	0.3678	-0.5537	1.657	1
140004	0.040	-3.427	3.298	4.56	-8.47	1.06	33.683	-0.099	-10.278	9.598	-9.055	3.854	0.1200	-0.1200	0.1200	0.0000	0.0000	0.0000	0	1.00	0.1954	0.3678	-0.5537	1.657	1
140012	0.109	-3.502	3.301	4.97	-8.35	1.17	32.498	-0.084	-9.966	9.616	-9.048	3.843	0.1200	-0.1200	0.1200	0.0000	0.0000	0.0000	0	1.00	0.1954	0.3678	-0.5537	1.657	1
140020	0.172	-3.566	3.301	5.53	-7.80	0.69	33.140	-0.076	-9.743	9.635	-9.041	3.832	0.1200	-0.1200	0.1200	0.0000	0.0000	0.0000	0	1.00	0.1954	0.3678	-0.5537	1.657	1
140028	0.220	-3.631	3.316	5.08	-7.23	1.00	34.821	-0.053	-9.597	9.655	-9.034	3.822	0.1200	-0.1200	0.1200	0.0000	0.0000	0.0000	0	1.00	0.1954	0.3678	-0.5537	1.657	1
140036	0.256	-3.702	3.350	4.27	-7.54	1.48	35.572	-0.027	-9.555	9.675	-9.026	3.811	0.1200	-0.1200	0.1200	0.0000	0.0000	0.0000	0	1.00	0.1954	0.3678	-0.5537	1.657	1
140043	0.296	-3.782	3.387	4.07	-8.20	1.60	34.276	0.020	-9.548	9.695	-9.019	3.800	0.1200	-0.1200	0.1200	0.0000	0.0000	0.0000	0	1.00	0.1954	0.3678	-0.5537	1.657	1
