117372	0.189	-1.878	1.640	-0.48	-0.02	0.10	-0.004	-0.018	0.048	0.009	0.000	0.011	0.0000	0.0000	0.0000	0.0000	0.0000	0.0000	0	1.00	0.2624	0.2264	-0.4830	1.421	0	nan	nan	nan	nan	nan	nan
117380	0.188	-1.877	1.639	-0.35	0.03	-0.29	0.003	-0.018	0.028	0.009	0.000	0.011	0.0000	0.0000	0.0000	0.0000	0.0000	0.0000	0	1.00	0.2624	0.2264	-0.4830	1.421	0	nan	nan	nan	nan	nan	nan
t_ms	phi_x_deg	phi_y_deg	phi_z_deg	om_x_dps	om_y_dps	om_z_dps	rho_x	rho_y	rho_z	rho_x_lp	rho_y_lp	rho_z_lp	tau_x	tau_y	tau_z	tau_cmd_x	tau_cmd_y	tau_cmd_z	armed	gain_scale	trim_x_deg	trim_y_deg	trim_z_deg	trim_com_mm	trim_enabled	om_x_filt_dps	om_y_filt_d
117391	0.191	-1.891	1.651	-0.19	-0.13	0.34	0.011	-0.004	0.010	0.009	0.000	0.011	0.0000	0.0000	0.0000	0.0000	0.0000	0.0000	0	1.00	0.2624	0.2264	-0.4830	1.421	0	nan	nan	nan	nan	nan	nan
117399	0.191	-1.897	1.656	-0.02	-0.18	0.12	0.013	0.005	-0.003	0.009	0.000	0.011	0.0000	0.0000	0.0000	0.0000	0.0000	0.0000	0	1.00	0.2624	0.2264	-0.4830	1.421	0	nan	nan	nan	nan	nan	nan
117407	0.186	-1.892	1.657	-0.04	-0.29	0.35	0.005	0.001	-0.027	0.009	0.000	0.011	0.0000	0.0000	0.0000	0.0000	0.0000	0.0000	0	1.00	0.2624	0.2264	-0.4830	1.421	0	nan	nan	nan	nan	nan	nan
117415	0.181	-1.885	1.654	-0.15	0.34	-0.06	0.008	0.020	-0.032	0.009	0.000	0.011	0.0000	0.0000	0.0000	0.0000	0.0000	0.0000	0	1.00	0.2624	0.2264	-0.4830	1.421	0	nan	nan	nan	nan	nan	nan
117423	0.182	-1.883	1.652	0.03	0.34	-0.14	0.023	0.007	-0.035	0.009	0.000	0.011	0.0000	0.0000	0.0000	0.0000	0.0000	0.0000	0	1.00	0.2624	0.2264	-0.4830	1.421	0	nan	nan	nan	nan	nan	nan
117431	0.181	-1.886	1.656	0.14	0.15	0.27	0.005	0.015	-0.036	0.009	0.000	0.011	0.0000	0.0000	0.0000	0.0000	0.0000	0.0000	0	1.00	0.2624	0.2264	-0.4830	1.421	0	nan	nan	nan	nan	nan	nan
117440	0.180	-1.887	1.658	0.27	0.13	0.25	-0.011	0.021	-0.051	0.009	0.000	0.011	0.0000	0.0000	0.0000	0.0000	0.0000	0.0000	0	1.00	0.2624	0.2264	-0.4830	1.421	0	nan	nan	nan	nan	nan	nan
117448	0.178	-1.884	1.657	0.54	0.06	0.27	-0.010	0.021	-0.041	0.009	0.000	0.011	0.0000	0.0000	0.0000	0.0000	0.0000	0.0000	0	1.00	0.2624	0.2264	-0.4830	1.421	0	nan	nan	nan	nan	nan	nan
117456	0.171	-1.881	1.661	0.21	0.00	0.12	-0.006	0.008	-0.020	0.009	0.000	0.011	0.0000	0.0000	0.0000	0.0000	0.0000	0.0000	0	1.00	0.2624	0.2264	-0.4830	1.421	0	nan	nan	nan	nan	nan	nan
117464	0.175	-1.890	1.665	0.14	-0.35	0.03	-0.002	-0.005	0.003	0.009	0.000	0.011	0.0000	0.0000	0.0000	0.0000	0.0000	0.0000	0	1.00	0.2624	0.2264	-0.4830	1.421	0	nan	nan	nan	nan	nan	nan
117472	0.186	-1.901	1.665	0.74	-0.67	0.06	-0.010	0.012	0.019	0.009	0.000	0.011	0.0000	0.0000	0.0000	0.0000	0.0000	0.0000	0	1.00	0.2624	0.2264	-0.4830	1.421	0	nan	nan	nan	nan	nan	nan
117480	0.186	-1.911	1.675	0.47	-0.88	0.02	-0.010	0.010	0.052	0.009	0.000	0.011	0.0000	0.0000	0.0000	0.0000	0.0000	0.0000	0	1.00	0.2624	0.2264	-0.4830	1.421	0	nan	nan	nan	nan	nan	nan
117488	0.191	-1.912	1.671	0.40	-0.95	-0.48	-0.004	-0.016	0.065	0.009	0.000	0.011	0.0000	0.0000	0.0000	0.0000	0.0000	0.0000	0	1.00	0.2624	0.2264	-0.4830	1.421	0	nan	nan	nan	nan	nan	nan
117496	0.192	-1.912	1.671	0.18	-1.10	-0.64	0.001	-0.026	0.068	0.009	0.000	0.011	0.0000	0.0000	0.0000	0.0000	0.0000	0.0000	0	1.00	0.2624	0.2264	-0.4830	1.421	0	nan	nan	nan	nan	nan	nan
117504	0.201	-1.919	1.668	-0.03	-1.40	-0.76	0.010	-0.015	0.072	0.009	0.000	0.011	0.0000	0.0000	0.0000	0.0000	0.0000	0.0000	0	1.00	0.2624	0.2264	-0.4830	1.421	0	nan	nan	nan	nan	nan	nan
117512	0.208	-1.925	1.667	-0.03	-1.19	-0.98	0.015	-0.027	0.047	0.009	0.000	0.011	0.0000	0.0000	0.0000	0.0000	0.0000	0.0000	0	1.00	0.2624	0.2264	-0.4830	1.421	0	nan	nan	nan	nan	nan	nan
117520	0.215	-1.928	1.662	-0.23	-1.04	-0.92	0.003	-0.021	0.036	0.009	0.000	0.011	0.0000	0.0000	0.0000	0.0000	0.0000	0.0000	0	1.00	0.2624	0.2264	-0.4830	1.421	0	nan	nan	nan	nan	nan	nan
117529	0.211	-1.924	1.662	-0.68	-0.78	-0.74	-0.014	-0.020	0.007	0.009	0.000	0.011	0.0000	0.0000	0.0000	0.0000	0.0000	0.0000	0	1.00	0.2624	0.2264	-0.4830	1.421	0	nan	nan	nan	nan	nan	nan
117537	0.214	-1.923	1.658	-0.46	-0.19	-0.59	0.003	-0.031	-0.029	0.009	0.000	0.011	0.0000	0.0000	0.0000	0.0000	0.0000	0.0000	0	1.00	0.2624	0.2264	-0.4830	1.421	0	nan	nan	nan	nan	nan	nan
117545	0.222	-1.926	1.653	-0.48	-0.03	-0.94	-0.014	-0.019	-0.043	0.009	0.000	0.011	0.0000	0.0000	0.0000	0.0000	0.0000	0.0000	0	1.00	0.2624	0.2264	-0.4830	1.421	0	nan	nan	nan	nan	nan	nan
117553	0.227	-1.929	1.652	-0.22	-0.02	-0.58	-0.017	-0.011	-0.068	0.009	0.000	0.011	0.0000	0.0000	0.0000	0.0000	0.0000	0.0000	0	1.00	0.2624	0.2264	-0.4830	1.421	0	nan	nan	nan	nan	nan	nan
117561	0.229	-1.927	1.648	0.02	0.38	-0.80	-0.016	0.015	-0.081	0.009	0.000	0.011	0.0000	0.0000	0.0000	0.0000	0.0000	0.0000	0	1.00	0.2624	0.2264	-0.4830	1.421	0	nan	nan	nan	nan	nan	nan
117570	0.229	-1.926	1.647	-0.06	0.26	-0.39	-0.018	0.007	-0.078	0.009	0.000	0.011	0.0000	0.0000	0.0000	0.0000	0.0000	0.0000	0	1.00	0.2624	0.2264	-0.4830	1.421	0	nan	nan	nan	nan	nan	nan
117578	0.230	-1.927	1.646	0.10	0.13	-0.09	-0.004	0.031	-0.067	0.009	0.000	0.011	0.0000	0.0000	0.0000	0.0000	0.0000	0.0000	0	1.00	0.2624	0.2264	-0.4830	1.421	0	nan	nan	nan	nan	nan	nan
117586	0.235	-1.928	1.643	0.62	0.09	-0.05	-0.008	0.035	-0.044	0.009	0.000	0.011	0.0000	0.0000	0.0000	0.0000	0.0000	0.0000	0	1.00	0.2624	0.2264	-0.4830	1.421	0	nan	nan	nan	nan	nan	nan
117594	0.236	-1.928	1.641	0.46	-0.19	-0.24	0.016	0.056	-0.022	0.009	0.000	0.011	0.0000	0.0000	0.0000	0.0000	0.0000	0.0000	0	1.00	0.2624	0.2264	-0.4830	1.421	0	nan	nan	nan	nan	nan	nan
117602	0.241	-1.929	1.637	0.74	0.22	-0.09	0.016	0.031	-0.003	0.009	0.000	0.011	0.0000	0.0000	0.0000	0.0000	0.0000	0.0000	0	1.00	0.2624	0.2264	-0.4830	1.421	0	nan	nan	nan	nan	nan	nan
117610	0.240	-1.930	1.640	0.79	0.02	0.06	0.027	0.024	0.030	0.009	0.000	0.011	0.0000	0.0000	0.0000	0.0000	0.0000	0.0000	0	1.00	0.2624	0.2264	-0.4830	1.421	0	nan	nan	nan	nan	nan	nan
117618	0.240	-1.934	1.643	0.83	0.25	0.21	0.018	0.013	0.044	0.009	0.000	0.011	0.0000	0.0000	0.0000	0.0000	0.0000	0.0000	0	1.00	0.2624	0.2264	-0.4830	1.421	0	nan	nan	nan	nan	nan	nan
117626	0.239	-1.931	1.642	0.80	-0.04	-0.00	0.024	-0.016	0.048	0.009	0.000	0.011	0.0000	0.0000	0.0000	0.0000	0.0000	0.0000	0	1.00	0.2624	0.2264	-0.4830	1.421	0	nan	nan	nan	nan	nan	nan
117634	0.244	-1.932	1.638	1.22	0.44	0.05	0.001	-0.010	0.066	0.009	0.000	0.011	0.0000	0.0000	0.0000	0.0000	0.0000	0.0000	0	1.00	0.2624	0.2264	-0.4830	1.421	0	nan	nan	nan	nan	nan	nan
117642	0.246	-1.931	1.634	1.05	0.40	-0.26	0.004	-0.026	0.059	0.009	0.000	0.011	0.0000	0.0000	0.0000	0.0000	0.0000	0.0000	0	1.00	0.2624	0.2264	-0.4830	1.421	0	nan	nan	nan	nan	nan	nan
117650	0.249	-1.933	1.633	0.83	0.40	-0.25	-0.010	-0.022	0.059	0.009	0.000	0.011	0.0000	0.0000	0.0000	0.0000	0.0000	0.0000	0	1.00	0.2624	0.2264	-0.4830	1.421	0	nan	nan	nan	nan	nan	nan
117659	0.254	-1.934	1.629	0.41	0.50	-0.58	-0.019	-0.023	0.042	0.009	0.000	0.011	0.0000	0.0000	0.0000	0.0000	0.0000	0.0000	0	1.00	0.2624	0.2264	-0.4830	1.421	0	nan	nan	nan	nan	nan	nan
117667	0.263	-1.937	1.623	0.42	0.55	-0.62	-0.032	-0.022	0.033	0.009	0.000	0.011	0.0000	0.0000	0.0000	0.0000	0.0000	0.0000	0	1.00	0.2624	0.2264	-0.4830	1.421	0	nan	nan	nan	nan	nan	nan
117675	0.271	-1.939	1.616	0.40	0.80	-1.06	-0.025	0.006	0.021	0.009	0.000	0.011	0.0000	0.0000	0.0000	0.0000	0.0000	0.0000	0	1.00	0.2624	0.2264	-0.4830	1.421	0	nan	nan	nan	nan	nan	nan
117683	0.278	-1.939	1.611	0.54	0.44	-1.16	-0.025	0.020	0.002	0.009	0.000	0.011	0.0000	0.0000	0.0000	0.0000	0.0000	0.0000	0	1.00	0.2624	0.2264	-0.4830	1.421	0	nan	nan	nan	nan	nan	nan
117691	0.283	-1.936	1.602	0.12	0.41	-0.93	-0.010	0.020	-0.012	0.009	0.000	0.011	0.0000	0.0000	0.0000	0.0000	0.0000	0.0000	0	1.00	0.2624	0.2264	-0.4830	1.421	0	nan	nan	nan	nan	nan	nan
117699	0.283	-1.932	1.598	0.10	0.32	-1.02	-0.006	0.027	-0.035	0.009	0.000	0.011	0.0000	0.0000	0.0000	0.0000	0.0000	0.0000	0	1.00	0.2624	0.2264	-0.4830	1.421	0	nan	nan	nan	nan	nan	nan
117707	0.290	-1.930	1.590	0.17	0.39	-0.95	0.011	0.014	-0.037	0.009	0.000	0.011	0.0000	0.0000	0.0000	0.0000	0.0000	0.0000	0	1.00	0.2624	0.2264	-0.4830	1.421	0	nan	nan	nan	nan	nan	nan
117715	0.290	-1.921	1.581	0.10	0.44	-1.15	0.010	0.015	-0.046	0.009	0.000	0.011	0.0000	0.0000	0.0000	0.0000	0.0000	0.0000	0	1.00	0.2624	0.2264	-0.4830	1.421	0	nan	nan	nan	nan	nan	nan
117723	0.294	-1.918	1.573	0.54	0.35	-1.08	0.020	0.001	-0.041	0.009	0.000	0.011	0.0000	0.0000	0.0000	0.0000	0.0000	0.0000	0	1.00	0.2624	0.2264	-0.4830	1.421	0	nan	nan	nan	nan	nan	nan
117731	0.295	-1.914	1.569	0.23	0.60	-0.91	0.021	-0.008	-0.037	0.009	0.000	0.011	0.0000	0.0000	0.0000	0.0000	0.0000	0.0000	0	1.00	0.2624	0.2264	-0.4830	1.421	0	nan	nan	nan	nan	nan	nan
117739	0.296	-1.908	1.562	0.28	0.95	-0.99	0.013	-0.014	-0.019	0.009	0.000	0.011	0.0000	0.0000	0.0000	0.0000	0.0000	0.0000	0	1.00	0.2624	0.2264	-0.4830	1.421	0	nan	nan	nan	nan	nan	nan
117747	0.299	-1.902	1.554	0.74	0.58	-0.76	0.002	-0.040	-0.006	0.009	0.000	0.011	0.0000	0.0000	0.0000	0.0000	0.0000	0.0000	0	1.00	0.2624	0.2264	-0.4830	1.421	0	nan	nan	nan	nan	nan	nan
117756	0.299	-1.899	1.550	0.45	0.88	-0.89	-0.001	-0.048	0.006	0.009	0.000	0.011	0.0000	0.0000	0.0000	0.0000	0.0000	0.0000	0	1.00	0.2624	0.2264	-0.4830	1.421	0	nan	nan	nan	nan	nan	nan
117764	0.309	-1.889	1.531	0.74	0.58	-0.76	-0.008	-0.020	0.013	0.009	0.000	0.011	0.0000	0.0000	0.0000	0.0000	0.0000	0.0000	0	1.00	0.2624	0.2264	-0.4830	1.421	0	nan	nan	nan	nan	nan	nan
117772	0.312	-1.882	1.521	0.59	0.52	-0.99	-0.012	-0.023	0.020	0.009	0.000	0.011	0.0000	0.0000	0.0000	0.0000	0.0000	0.0000	0	1.00	0.2624	0.2264	-0.4830	1.421	0	nan	nan	nan	nan	nan	nan
117780	0.320	-1.878	1.509	0.77	0.61	-0.73	-0.012	0.001	0.015	0.009	0.000	0.011	0.0000	0.0000	0.0000	0.0000	0.0000	0.0000	0	1.00	0.2624	0.2264	-0.4830	1.421	0	nan	nan	nan	nan	nan	nan
117788	0.328	-1.877	1.500	0.87	0.35	-0.56	-0.006	-0.004	0.015	0.009	0.000	0.011	0.0000	0.0000	0.0000	0.0000	0.0000	0.0000	0	1.00	0.2624	0.2264	-0.4830	1.421	0	nan	nan	nan	nan	nan	nan
117796	0.332	-1.872	1.492	0.64	0.59	-0.67	-0.008	0.032	0.004	0.009	0.000	0.011	0.0000	0.0000	0.0000	0.0000	0.0000	0.0000	0	1.00	0.2624	0.2264	-0.4830	1.421	0	nan	nan	nan	nan	nan	nan
117804	0.337	-1.868	1.483	0.50	0.51	-0.57	-0.011	0.039	-0.004	0.009	0.000	0.011	0.0000	0.0000	0.0000	0.0000	0.0000	0.0000	0	1.00	0.2624	0.2264	-0.4830	1.421	0	nan	nan	nan	nan	nan	nan
117813	0.338	-1.869	1.482	0.18	0.27	-0.21	0.009	0.029	-0.005	0.009	0.000	0.011	0.0000	0.0000	0.0000	0.0000	0.0000	0.0000	0	1.00	0.2624	0.2264	-0.4830	1.421	0	nan	nan	nan	nan	nan	nan
117821	0.339	-1.864	1.477	0.39	0.49	-0.33	0.011	0.036	-0.022	0.009	0.000	0.011	0.0000	0.0000	0.0000	0.0000	0.0000	0.0000	0	1.00	0.2624	0.2264	-0.4830	1.421	0	nan	nan	nan	nan	nan	nan
117829	0.341	-1.862	1.473	0.34	0.43	-0.22	0.004	0.009	-0.025	0.009	0.000	0.011	0.0000	0.0000	0.0000	0.0000	0.0000	0.0000	0	1.00	0.2624	0.2264	-0.4830	1.421	0	nan	nan	nan	nan	nan	nan
117837	0.338	-1.858	1.472	0.27	0.78	-0.39	0.008	0.012	-0.018	0.009	0.000	0.011	0.0000	0.0000	0.0000	0.0000	0.0000	0.0000	0	1.00	0.2624	0.2264	-0.4830	1.421	0	nan	nan	nan	nan	nan	nan
117846	0.339	-1.851	1.463	-0.22	0.96	-0.82	0.009	-0.010	-0.007	0.009	0.000	0.011	0.0000	0.0000	0.0000	0.0000	0.0000	0.0000	0	1.00	0.2624	0.2264	-0.4830	1.421	0	nan	nan	nan	nan	nan	nan
117854	0.344	-1.850	1.458	-0.15	0.90	-0.62	0.004	-0.034	0.026	0.009	0.000	0.011	0.0000	0.0000	0.0000	0.0000	0.0000	0.0000	0	1.00	0.2624	0.2264	-0.4830	1.421	0	nan	nan	nan	nan	nan	nan
117862	0.343	-1.847	1.456	-0.20	0.71	-0.38	0.004	-0.029	-0.001	0.009	0.000	0.011	0.0000	0.0000	0.0000	0.0000	0.0000	0.0000	0	1.00	0.2624	0.2264	-0.4830	1.421	0	nan	nan	nan	nan	nan	nan
117870	0.348	-1.840	1.443	-0.01	0.95	-0.39	0.007	-0.048	0.022	0.009	0.000	0.011	0.0000	0.0000	0.0000	0.0000	0.0000	0.0000	0	1.00	0.2624	0.2264	-0.4830	1.421	0	nan	nan	nan	nan	nan	nan
117878	0.358	-1.835	1.430	0.49	0.57	-0.51	-0.006	-0.008	0.025	0.009	0.000	0.011	0.0000	0.0000	0.0000	0.0000	0.0000	0.0000	0	1.00	0.2624	0.2264	-0.4830	1.421	0	nan	nan	nan	nan	nan	nan
117886	0.361	-1.830	1.421	0.35	0.89	-0.37	0.003	-0.020	0.006	0.009	0.000	0.011	0.0000	0.0000	0.0000	0.0000	0.0000	0.0000	0	1.00	0.2624	0.2264	-0.4830	1.421	0	nan	nan	nan	nan	nan	nan
117894	0.357	-1.822	1.417	0.59	0.90	-0.19	-0.001	-0.004	0.014	0.009	0.000	0.011	0.0000	0.0000	0.0000	0.0000	0.0000	0.0000	0	1.00	0.2624	0.2264	-0.4830	1.421	0	nan	nan	nan	nan	nan	nan
117903	0.358	-1.818	1.413	0.69	0.79	0.13	-0.004	0.008	-0.005	0.009	0.000	0.011	0.0000	0.0000	0.0000	0.0000	0.0000	0.0000	0	1.00	0.2624	0.2264	-0.4830	1.421	0	nan	nan	nan	nan	nan	nan
117911	0.358	-1.810	1.405	0.53	0.96	0.22	-0.001	0.012	-0.021	0.009	0.000	0.011	0.0000	0.0000	0.0000	0.0000	0.0000	0.0000	0	1.00	0.2624	0.2264	-0.4830	1.421	0	nan	nan	nan	nan	nan	nan
117919	0.356	-1.806	1.403	0.45	0.65	0.08	-0.008	0.029	-0.019	0.009	0.000	0.011	0.0000	0.0000	0.0000	0.0000	0.0000	0.0000	0	1.00	0.2624	0.2264	-0.4830	1.421	0	nan	nan	nan	nan	nan	nan
117927	0.359	-1.809	1.402	0.30	0.60	0.29	0.001	0.037	-0.021	0.009	0.000	0.011	0.0000	0.0000	0.0000	0.0000	0.0000	0.0000	0	1.00	0.2624	0.2264	-0.4830	1.421	0	nan	nan	nan	nan	nan	nan
117935	0.361	-1.814	1.405	0.23	0.44	0.30	-0.006	0.054	-0.030	0.009	0.000	0.010	0.0000	0.0000	0.0000	0.0000	0.0000	0.0000	0	1.00	0.2624	0.2264	-0.4830	1.421	0	nan	nan	nan	nan	nan	nan
117943	0.361	-1.810	1.402	-0.11	0.63	-0.28	0.004	0.043	-0.013	0.009	0.000	0.010	0.0000	0.0000	0.0000	0.0000	0.0000	0.0000	0	1.00	0.2624	0.2264	-0.4830	1.421	0	nan	nan	nan	nan	nan	nan
117951	0.364	-1.810	1.399	-0.18	0.43	-0.22	-0.006	0.022	0.001	0.009	0.000	0.010	0.0000	0.0000	0.0000	0.0000	0.0000	0.0000	0	1.00	0.2624	0.2264	-0.4830	1.421	0	nan	nan	nan	nan	nan	nan
117959	0.359	-1.804	1.398	-0.50	-0.10	-0.32	-0.016	-0.008	0.009	0.009	0.000	0.010	0.0000	0.0000	0.0000	0.0000	0.0000	0.0000	0	1.00	0.2624	0.2264	-0.4830	1.421	0	nan	nan	nan	nan	nan	nan
117967	0.353	-1.795	1.395	-0.48	0.41	0.10	0.002	-0.012	0.016	0.009	0.000	0.010	0.0000	0.0000	0.0000	0.0000	0.0000	0.0000	0	1.00	0.2624	0.2264	-0.4830	1.421	0	nan	nan	nan	nan	nan	nan
117975	0.351	-1.788	1.390	-0.59	0.48	-0.18	0.004	-0.024	0.008	0.009	0.000	0.010	0.0000	0.0000	0.0000	0.0000	0.0000	0.0000	0	1.00	0.2624	0.2264	-0.4830	1.421	0	nan	nan	nan	nan	nan	nan
117983	0.351	-1.786	1.388	-0.29	0.24	-0.24	0.007	-0.036	0.012	0.009	0.000	0.010	0.0000	0.0000	0.0000	0.0000	0.0000	0.0000	0	1.00	0.2624	0.2264	-0.4830	1.421	0	nan	nan	nan	nan	nan	nan
117991	0.349	-1.784	1.388	-0.40	0.26	-0.05	0.015	-0.024	0.021	0.009	0.000	0.010	0.0000	0.0000	0.0000	0.0000	0.0000	0.0000	0	1.00	0.2624	0.2264	-0.4830	1.421	0	nan	nan	nan	nan	nan	nan
118000	0.345	-1.784	1.393	-0.47	0.39	-0.00	-0.002	-0.030	0.024	0.009	0.000	0.010	0.0000	0.0000	0.0000	0.0000	0.0000	0.0000	0	1.00	0.2624	0.2264	-0.4830	1.421	0	nan	nan	nan	nan	nan	nan
118008	0.343	-1.784	1.394	-0.21	0.38	0.07	-0.009	-0.026	0.000	0.009	0.000	0.010	0.0000	0.0000	0.0000	0.0000	0.0000	0.0000	0	1.00	0.2624	0.2264	-0.4830	1.421	0	nan	nan	nan	nan	nan	nan
118016	0.338	-1.779	1.394	-0.27	0.83	0.09	-0.006	-0.014	-0.006	0.009	0.000	0.010	0.0000	0.0000	0.0000	0.0000	0.0000	0.0000	0	1.00	0.2624	0.2264	-0.4830	1.421	0	nan	nan	nan	nan	nan	nan
118024	0.333	-1.778	1.399	-0.30	0.95	0.22	-0.029	0.008	-0.016	0.009	0.000	0.010	0.0000	0.0000	0.0000	0.0000	0.0000	0.0000	0	1.00	0.2624	0.2264	-0.4830	1.421	0	nan	nan	nan	nan	nan	nan
118032	0.332	-1.775	1.397	-0.12	0.91	0.18	-0.019	0.037	-0.027	0.009	0.000	0.010	0.0000	0.0000	0.0000	0.0000	0.0000	0.0000	0	1.00	0.2624	0.2264	-0.4830	1.421	0	nan	nan	nan	nan	nan	nan
118040	0.329	-1.775	1.400	-0.05	1.11	0.55	-0.023	0.036	-0.037	0.009	0.000	0.010	0.0000	0.0000	0.0000	0.0000	0.0000	0.0000	0	1.00	0.2624	0.2264	-0.4830	1.421	0	nan	nan	nan	nan	nan	nan
118048	0.326	-1.774	1.401	-0.49	1.12	0.56	-0.012	0.025	-0.033	0.009	0.000	0.010	0.0000	0.0000	0.0000	0.0000	0.0000	0.0000	0	1.00	0.2624	0.2264	-0.4830	1.421	0	nan	nan	nan	nan	nan	nan
118056	0.324	-1.773	1.403	-0.11	1.18	0.96	-0.005	0.022	-0.031	0.009	0.000	0.010	0.0000	0.0000	0.0000	0.0000	0.0000	0.0000	0	1.00	0.2624	0.2264	-0.4830	1.421	0	nan	nan	nan	nan	nan	nan
118064	0.318	-1.769	1.405	-0.27	1.19	0.79	0.011	0.006	-0.020	0.009	0.000	0.010	0.0000	0.0000	0.0000	0.0000	0.0000	0.0000	0	1.00	0.2624	0.2264	-0.4830	1.421	0	nan	nan	nan	nan	nan	nan
118072	0.313	-1.767	1.408	-0.03	1.32	0.84	0.026	-0.020	0.005	0.009	0.000	0.010	0.0000	0.0000	0.0000	0.0000	0.0000	0.0000	0	1.00	0.2624	0.2264	-0.4830	1.421	0	nan	nan	nan	nan	nan	nan
118080	0.310	-1.768	1.411	-0.35	1.48	0.48	0.015	-0.020	0.017	0.009	0.000	0.010	0.0000	0.0000	0.0000	0.0000	0.0000	0.0000	0	1.00	0.2624	0.2264	-0.4830	1.421	0	nan	nan	nan	nan	nan	nan
118088	0.302	-1.762	1.414	-0.61	1.70	0.19	0.024	-0.030	0.018	0.009	0.000	0.010	0.0000	0.0000	0.0000	0.0000	0.0000	0.0000	0	1.00	0.2624	0.2264	-0.4830	1.421	0	nan	nan	nan	nan	nan	nan
118096	0.293	-1.757	1.418	-0.76	1.61	0.44	0.014	-0.020	0.027	0.009	0.000	0.010	0.0000	0.0000	0.0000	0.0000	0.0000	0.0000	0	1.00	0.2624	0.2264	-0.4830	1.421	0	nan	nan	nan	nan	nan	nan
118105	0.290	-1.754	1.418	-1.20	1.67	0.08	0.014	-0.024	0.038	0.009	0.000	0.010	0.0000	0.0000	0.0000	0.0000	0.0000	0.0000	0	1.00	0.2624	0.2264	-0.4830	1.421	0	nan	nan	nan	nan	nan	nan
118113	0.286	-1.746	1.414	-1.01	1.59	-0.35	0.014	-0.008	0.030	0.009	0.000	0.010	0.0000	0.0000	0.0000	0.0000	0.0000	0.0000	0	1.00	0.2624	0.2264	-0.4830	1.421	0	nan	nan	nan	nan	nan	nan
118121	0.275	-1.735	1.414	-1.41	1.26	-0.68	0.002	-0.007	0.013	0.009	0.000	0.010	0.0000	0.0000	0.0000	0.0000	0.0000	0.0000	0	1.00	0.2624	0.2264	-0.4830	1.421	0	nan	nan	nan	nan	nan	nan
118129	0.264	-1.717	1.408	-1.61	1.06	-0.28	-0.016	0.007	-0.011	0.009	0.000	0.010	0.0000	0.0000	0.0000	0.0000	0.0000	0.0000	0	1.00	0.2624	0.2264	-0.4830	1.421	0	nan	nan	nan	nan	nan	nan
118137	0.253	-1.705	1.408	-1.35	1.29	-0.13	-0.027	0.020	-0.014	0.009	0.000	0.010	0.0000	0.0000	0.0000	0.0000	0.0000	0.0000	0	1.00	0.2624	0.2264	-0.4830	1.421	0	nan	nan	nan	nan	nan	nan
118145	0.236	-1.689	1.409	-1.43	1.28	-0.14	-0.025	-0.003	-0.029	0.009	0.000	0.010	0.0000	0.0000	0.0000	0.0000	0.0000	0.0000	0	1.00	0.2624	0.2264	-0.4830	1.421	0	nan	nan	nan	nan	nan	nan
118153	0.226	-1.677	1.408	-1.23	1.22	-0.28	-0.027	0.016	-0.023	0.009	0.000	0.010	0.0000	0.0000	0.0000	0.0000	0.0000	0.0000	0	1.00	0.2624	0.2264	-0.4830	1.421	0	nan	nan	nan	nan	nan	nan
118162	0.212	-1.661	1.406	-1.41	1.33	-0.00	-0.015	0.003	-0.022	0.009	0.000	0.010	0.0000	0.0000	0.0000	0.0000	0.0000	0.0000	0	1.00	0.2624	0.2264	-0.4830	1.421	0	nan	nan	nan	nan	nan	nan
118170	0.202	-1.650	1.406	-0.91	1.24	-0.10	-0.018	0.016	-0.022	0.009	0.000	0.010	0.0000	0.0000	0.0000	0.0000	0.0000	0.0000	0	1.00	0.2624	0.2264	-0.4830	1.421	0	nan	nan	nan	nan	nan	nan
118178	0.193	-1.640	1.405	-1.40	0.99	-0.09	-0.019	0.006	-0.015	0.009	0.000	0.010	0.0000	0.0000	0.0000	0.0000	0.0000	0.0000	0	1.00	0.2624	0.2264	-0.4830	1.421	0	nan	nan	nan	nan	nan	nan
118186	0.181	-1.630	1.406	-1.18	1.10	0.10	0.009	-0.011	-0.008	0.009	0.000	0.010	0.0000	0.0000	0.0000	0.0000	0.0000	0.0000	0	1.00	0.2624	0.2264	-0.4830	1.421	0	nan	nan	nan	nan	nan	nan
118194	0.177	-1.624	1.405	-1.33	1.21	0.14	0.010	-0.009	0.008	0.009	0.000	0.010	0.0000	0.0000	0.0000	0.0000	0.0000	0.0000	0	1.00	0.2624	0.2264	-0.4830	1.421	0	nan	nan	nan	nan	nan	nan
118202	0.165	-1.613	1.406	-1.09	1.11	0.11	0.028	-0.014	0.011	0.009	0.000	0.010	0.0000	0.0000	0.0000	0.0000	0.0000	0.0000	0	1.00	0.2624	0.2264	-0.4830	1.421	0	nan	nan	nan	nan	nan	nan
118210	0.143	-1.597	1.413	-1.20	1.09	-0.08	0.028	-0.035	0.008	0.009	0.000	0.010	0.0000	0.0000	0.0000	0.0000	0.0000	0.0000	0	1.00	0.2624	0.2264	-0.4830	1.421	0	nan	nan	nan	nan	nan	nan
118219	0.123	-1.576	1.412	-1.21	1.76	0.42	0.031	-0.008	0.021	0.009	0.000	0.010	0.0000	0.0000	0.0000	0.0000	0.0000	0.0000	0	1.00	0.2624	0.2264	-0.4830	1.421	0	nan	nan	nan	nan	nan	nan
118227	0.103	-1.559	1.415	-0.89	1.91	0.48	0.022	-0.014	-0.005	0.009	0.000	0.010	0.0000	0.0000	0.0000	0.0000	0.0000	0.0000	0	1.00	0.2624	0.2264	-0.4830	1.421	0	nan	nan	nan	nan	nan	nan
118235	0.088	-1.547	1.418	-0.50	1.77	0.34	-0.001	0.009	-0.013	0.009	0.000	0.010	0.0000	0.0000	0.0000	0.0000	0.0000	0.0000	0	1.00	0.2624	0.2264	-0.4830	1.421	0	nan	nan	nan	nan	nan	nan
118243	0.075	-1.532	1.417	-0.27	1.79	0.19	0.005	0.013	-0.006	0.009	0.000	0.010	0.0000	0.0000	0.0000	0.0000	0.0000	0.0000	0	1.00	0.2624	0.2264	-0.4830	1.421	0	nan	nan	nan	nan	nan	nan
118252	0.061	-1.515	1.414	0.22	1.83	0.40	-0.014	0.024	-0.003	0.009	0.000	0.010	0.0000	0.0000	0.0000	0.0000	0.0000	0.0000	0	1.00	0.2624	0.2264	-0.4830	1.421	0	nan	nan	nan	nan	nan	nan
118260	0.051	-1.507	1.416	0.39	1.59	0.68	-0.016	0.027	0.002	0.009	0.000	0.010	0.0000	0.0000	0.0000	0.0000	0.0000	0.0000	0	1.00	0.2624	0.2264	-0.4830	1.421	0	nan	nan	nan	nan	nan	nan
118268	0.043	-1.495	1.412	0.91	2.02	0.68	-0.028	0.032	0.011	0.009	0.000	0.010	0.0000	0.0000	0.0000	0.0000	0.0000	0.0000	0	1.00	0.2624	0.2264	-0.4830	1.421	0	nan	nan	nan	nan	nan	nan
118276	0.036	-1.488	1.413	0.86	1.51	0.51	-0.025	0.017	0.015	0.009	0.000	0.010	0.0000	0.0000	0.0000	0.0000	0.0000	0.0000	0	1.00	0.2624	0.2264	-0.4830	1.421	0	nan	nan	nan	nan	nan	nan
118284	0.035	-1.482	1.408	0.96	1.50	0.42	-0.016	0.021	0.014	0.009	0.000	0.010	0.0000	0.0000	0.0000	0.0000	0.0000	0.0000	0	1.00	0.2624	0.2264	-0.4830	1.421	0	nan	nan	nan	nan	nan	nan
118292	0.035	-1.475	1.402	1.06	1.04	0.47	-0.007	0.013	0.016	0.009	0.000	0.010	0.0000	0.0000	0.0000	0.0000	0.0000	0.0000	0	1.00	0.2624	0.2264	-0.4830	1.421	0	nan	nan	nan	nan	nan	nan
118300	0.031	-1.468	1.399	0.67	0.73	-0.00	0.005	0.007	0.007	0.009	0.000	0.010	0.0000	0.0000	0.0000	0.0000	0.0000	0.0000	0	1.00	0.2624	0.2264	-0.4830	1.421	0	nan	nan	nan	nan	nan	nan
118309	0.027	-1.465	1.400	0.65	0.97	-0.12	0.014	-0.016	0.002	0.009	0.000	0.010	0.0000	0.0000	0.0000	0.0000	0.0000	0.0000	0	1.00	0.2624	0.2264	-0.4830	1.421	0	nan	nan	nan	nan	nan	nan
118317	0.030	-1.466	1.398	0.62	0.56	-0.52	0.029	-0.020	-0.009	0.009	0.000	0.010	0.0000	0.0000	0.0000	0.0000	0.0000	0.0000	0	1.00	0.2624	0.2264	-0.4830	1.421	0	nan	nan	nan	nan	nan	nan
118325	0.034	-1.464	1.391	0.80	0.74	-0.35	0.031	-0.025	-0.002	0.009	0.000	0.010	0.0000	0.0000	0.0000	0.0000	0.0000	0.0000	0	1.00	0.2624	0.2264	-0.4830	1.421	0	nan	nan	nan	nan	nan	nan
118333	0.035	-1.462	1.389	0.70	0.59	-0.84	0.021	-0.038	0.012	0.009	0.000	0.010	0.0000	0.0000	0.0000	0.0000	0.0000	0.0000	0	1.00	0.2624	0.2264	-0.4830	1.421	0	nan	nan	nan	nan	nan	nan
118341	0.036	-1.456	1.383	0.12	0.33	-1.27	0.010	0.007	-0.006	0.009	0.000	0.010	0.0000	0.0000	0.0000	0.0000	0.0000	0.0000	0	1.00	0.2624	0.2264	-0.4830	1.421	0	nan	nan	nan	nan	nan	nan
118349	0.037	-1.452	1.377	0.41	0.48	-0.86	-0.002	-0.007	-0.009	0.009	0.000	0.010	0.0000	0.0000	0.0000	0.0000	0.0000	0.0000	0	1.00	0.2624	0.2264	-0.4830	1.421	0	nan	nan	nan	nan	nan	nan
118358	0.042	-1.450	1.370	-0.05	0.43	-1.42	-0.008	0.003	-0.015	0.009	0.000	0.010	0.0000	0.0000	0.0000	0.0000	0.0000	0.0000	0	1.00	0.2624	0.2264	-0.4830	1.421	0	nan	nan	nan	nan	nan	nan
118366	0.047	-1.443	1.358	-0.48	0.23	-1.63	-0.011	0.028	-0.002	0.009	0.000	0.010	0.0000	0.0000	0.0000	0.0000	0.0000	0.0000	0	1.00	0.2624	0.2264	-0.4830	1.421	0	nan	nan	nan	nan	nan	nan
118374	0.050	-1.441	1.353	-0.18	-0.09	-1.61	-0.034	0.024	0.004	0.008	0.000	0.010	0.0000	0.0000	0.0000	0.0000	0.0000	0.0000	0	1.00	0.2624	0.2264	-0.4830	1.421	0	nan	nan	nan	nan	nan	nan
118382	0.052	-1.442	1.353	-0.45	-0.02	-1.62	-0.028	0.016	0.003	0.008	0.000	0.010	0.0000	0.0000	0.0000	0.0000	0.0000	0.0000	0	1.00	0.2624	0.2264	-0.4830	1.421	0	nan	nan	nan	nan	nan	nan
118390	0.055	-1.441	1.349	-0.24	-0.01	-1.52	-0.021	0.031	-0.008	0.008	0.000	0.010	0.0000	0.0000	0.0000	0.0000	0.0000	0.0000	0	1.00	0.2624	0.2264	-0.4830	1.421	0	nan	nan	nan	nan	nan	nan
118399	0.061	-1.441	1.342	-0.48	0.23	-1.20	-0.004	0.007	-0.001	0.008	0.000	0.010	0.0000	0.0000	0.0000	0.0000	0.0000	0.0000	0	1.00	0.2624	0.2264	-0.4830	1.421	0	nan	nan	nan	nan	nan	nan
118407	0.068	-1.437	1.331	-0.33	0.39	-1.20	0.000	-0.003	-0.004	0.008	0.000	0.010	0.0000	0.0000	0.0000	0.0000	0.0000	0.0000	0	1.00	0.2624	0.2264	-0.4830	1.421	0	nan	nan	nan	nan	nan	nan
118415	0.071	-1.431	1.323	0.20	0.68	-1.18	0.005	-0.028	-0.002	0.008	0.000	0.010	0.0000	0.0000	0.0000	0.0000	0.0000	0.0000	0	1.00	0.2624	0.2264	-0.4830	1.421	0	nan	nan	nan	nan	nan	nan
118423	0.066	-1.425	1.321	0.39	0.42	-1.00	0.001	-0.015	0.008	0.008	0.000	0.010	0.0000	0.0000	0.0000	0.0000	0.0000	0.0000	0	1.00	0.2624	0.2264	-0.4830	1.421	0	nan	nan	nan	nan	nan	nan
118431	0.067	-1.420	1.316	0.22	0.56	-0.86	0.002	-0.025	0.007	0.008	0.000	0.010	0.0000	0.0000	0.0000	0.0000	0.0000	0.0000	0	1.00	0.2624	0.2264	-0.4830	1.421	0	nan	nan	nan	nan	nan	nan
118439	0.073	-1.414	1.305	0.24	1.34	-1.03	0.018	-0.007	0.000	0.008	0.000	0.010	0.0000	0.0000	0.0000	0.0000	0.0000	0.0000	0	1.00	0.2624	0.2264	-0.4830	1.421	0	nan	nan	nan	nan	nan	nan
118447	0.073	-1.404	1.295	0.42	1.30	-1.07	0.005	-0.020	0.010	0.008	0.000	0.010	0.0000	0.0000	0.0000	0.0000	0.0000	0.0000	0	1.00	0.2624	0.2264	-0.4830	1.421	0	nan	nan	nan	nan	nan	nan
118455	0.077	-1.395	1.282	0.62	1.45	-0.67	-0.000	-0.002	0.018	0.008	0.000	0.010	0.0000	0.0000	0.0000	0.0000	0.0000	0.0000	0	1.00	0.2624	0.2264	-0.4830	1.421	0	nan	nan	nan	nan	nan	nan
118463	0.084	-1.392	1.271	1.07	1.29	-0.65	-0.011	0.021	0.001	0.008	0.000	0.010	0.0000	0.0000	0.0000	0.0000	0.0000	0.0000	0	1.00	0.2624	0.2264	-0.4830	1.421	0	nan	nan	nan	nan	nan	nan
118471	0.088	-1.381	1.257	0.52	1.58	-0.70	-0.016	0.053	-0.007	0.008	0.000	0.010	0.0000	0.0000	0.0000	0.0000	0.0000	0.0000	0	1.00	0.2624	0.2264	-0.4830	1.421	0	nan	nan	nan	nan	nan	nan
118479	0.095	-1.375	1.244	0.88	1.30	-0.90	-0.018	0.064	-0.011	0.008	0.000	0.010	0.0000	0.0000	0.0000	0.0000	0.0000	0.0000	0	1.00	0.2624	0.2264	-0.4830	1.421	0	nan	nan	nan	nan	nan	nan
118487	0.105	-1.374	1.233	1.02	1.33	-0.95	-0.005	0.040	-0.014	0.008	0.000	0.010	0.0000	0.0000	0.0000	0.0000	0.0000	0.0000	0	1.00	0.2624	0.2264	-0.4830	1.421	0	nan	nan	nan	nan	nan	nan
118495	0.114	-1.373	1.223	1.15	1.27	-0.92	-0.015	0.038	-0.002	0.008	0.000	0.010	0.0000	0.0000	0.0000	0.0000	0.0000	0.0000	0	1.00	0.2624	0.2264	-0.4830	1.421	0	nan	nan	nan	nan	nan	nan
118504	0.122	-1.366	1.209	0.86	1.34	-1.12	0.016	0.046	-0.021	0.008	0.000	0.010	0.0000	0.0000	0.0000	0.0000	0.0000	0.0000	0	1.00	0.2624	0.2264	-0.4830	1.421	0	nan	nan	nan	nan	nan	nan
118512	0.123	-1.359	1.200	0.80	1.34	-0.95	0.035	0.010	0.006	0.008	0.000	0.010	0.0000	0.0000	0.0000	0.0000	0.0000	0.0000	0	1.00	0.2624	0.2264	-0.4830	1.421	0	nan	nan	nan	nan	nan	nan
118520	0.128	-1.352	1.189	0.83	1.39	-1.24	0.030	-0.023	0.008	0.008	0.000	0.010	0.0000	0.0000	0.0000	0.0000	0.0000	0.0000	0	1.00	0.2624	0.2264	-0.4830	1.421	0	nan	nan	nan	nan	nan	nan
118528	0.130	-1.342	1.177	0.63	1.64	-0.99	0.024	-0.033	0.009	0.008	0.000	0.010	0.0000	0.0000	0.0000	0.0000	0.0000	0.0000	0	1.00	0.2624	0.2264	-0.4830	1.421	0	nan	nan	nan	nan	nan	nan
118536	0.128	-1.331	1.168	0.73	1.64	-1.08	0.023	-0.045	0.008	0.008	0.000	0.010	0.0000	0.0000	0.0000	0.0000	0.0000	0.0000	0	1.00	0.2624	0.2264	-0.4830	1.421	0	nan	nan	nan	nan	nan	nan
118544	0.125	-1.315	1.156	0.19	1.80	-1.44	0.010	-0.072	0.025	0.008	0.000	0.010	0.0000	0.0000	0.0000	0.0000	0.0000	0.0000	0	1.00	0.2624	0.2264	-0.4830	1.421	0	nan	nan	nan	nan	nan	nan
118552	0.122	-1.302	1.146	-0.07	1.60	-1.29	0.011	-0.059	0.010	0.008	0.000	0.010	0.0000	0.0000	0.0000	0.0000	0.0000	0.0000	0	1.00	0.2624	0.2264	-0.4830	1.421	0	nan	nan	nan	nan	nan	nan
118560	0.125	-1.290	1.131	-0.35	1.77	-1.29	0.010	-0.047	0.014	0.008	0.000	0.010	0.0000	0.0000	0.0000	0.0000	0.0000	0.0000	0	1.00	0.2624	0.2264	-0.4830	1.421	0	nan	nan	nan	nan	nan	nan
118568	0.125	-1.275	1.117	-0.02	1.53	-1.28	0.000	-0.013	0.008	0.008	0.000	0.010	0.0000	0.0000	0.0000	0.0000	0.0000	0.0000	0	1.00	0.2624	0.2264	-0.4830	1.421	0	nan	nan	nan	nan	nan	nan
118576	0.121	-1.260	1.107	-0.02	1.70	-1.45	0.001	0.015	0.004	0.008	0.000	0.010	0.0000	0.0000	0.0000	0.0000	0.0000	0.0000	0	1.00	0.2624	0.2264	-0.4830	1.421	0	nan	nan	nan	nan	nan	nan
118584	0.115	-1.244	1.096	0.19	1.54	-1.18	-0.018	0.042	-0.007	0.008	0.000	0.010	0.0000	0.0000	0.0000	0.0000	0.0000	0.0000	0	1.00	0.2624	0.2264	-0.4830	1.421	0	nan	nan	nan	nan	nan	nan
118592	0.115	-1.230	1.083	0.49	1.13	-1.07	-0.014	0.048	-0.015	0.008	0.000	0.010	0.0000	0.0000	0.0000	0.0000	0.0000	0.0000	0	1.00	0.2624	0.2264	-0.4830	1.421	0	nan	nan	nan	nan	nan	nan
118601	0.118	-1.219	1.069	0.58	1.08	-0.69	-0.020	0.036	-0.024	0.008	0.000	0.010	0.0000	0.0000	0.0000	0.0000	0.0000	0.0000	0	1.00	0.2624	0.2264	-0.4830	1.421	0	nan	nan	nan	nan	nan	nan
118609	0.124	-1.213	1.058	0.91	1.56	-0.65	-0.010	0.031	-0.033	0.008	0.000	0.010	0.0000	0.0000	0.0000	0.0000	0.0000	0.0000	0	1.00	0.2624	0.2264	-0.4830	1.421	0	nan	nan	nan	nan	nan	nan
118617	0.132	-1.205	1.041	1.17	0.96	-0.73	-0.002	0.011	-0.027	0.008	0.000	0.010	0.0000	0.0000	0.0000	0.0000	0.0000	0.0000	0	1.00	0.2624	0.2264	-0.4830	1.421	0	nan	nan	nan	nan	nan	nan
118625	0.138	-1.202	1.032	0.79	0.77	-1.00	0.009	0.016	-0.015	0.008	0.000	0.010	0.0000	0.0000	0.0000	0.0000	0.0000	0.0000	0	1.00	0.2624	0.2264	-0.4830	1.421	0	nan	nan	nan	nan	nan	nan
118633	0.142	-1.198	1.024	0.94	0.52	-0.91	0.017	-0.001	0.005	0.008	0.000	0.010	0.0000	0.0000	0.0000	0.0000	0.0000	0.0000	0	1.00	0.2624	0.2264	-0.4830	1.421	0	nan	nan	nan	nan	nan	nan
118641	0.144	-1.195	1.020	0.38	0.27	-1.16	0.018	-0.021	0.012	0.008	0.000	0.010	0.0000	0.0000	0.0000	0.0000	0.0000	0.0000	0	1.00	0.2624	0.2264	-0.4830	1.421	0	nan	nan	nan	nan	nan	nan
118649	0.153	-1.194	1.011	0.36	-0.16	-1.24	0.011	-0.028	0.030	0.008	0.000	0.010	0.0000	0.0000	0.0000	0.0000	0.0000	0.0000	0	1.00	0.2624	0.2264	-0.4830	1.421	0	nan	nan	nan	nan	nan	nan
118657	0.162	-1.192	0.999	0.05	-0.23	-1.48	0.009	-0.010	0.030	0.008	0.000	0.010	0.0000	0.0000	0.0000	0.0000	0.0000	0.0000	0	1.00	0.2624	0.2264	-0.4830	1.421	0	nan	nan	nan	nan	nan	nan
118666	0.172	-1.188	0.985	0.06	-0.20	-1.63	0.012	-0.021	0.040	0.008	0.000	0.010	0.0000	0.0000	0.0000	0.0000	0.0000	0.0000	0	1.00	0.2624	0.2264	-0.4830	1.421	0	nan	nan	nan	nan	nan	nan
118674	0.175	-1.184	0.978	-0.42	-0.39	-1.81	-0.009	-0.024	0.020	0.008	0.000	0.010	0.0000	0.0000	0.0000	0.0000	0.0000	0.0000	0	1.00	0.2624	0.2264	-0.4830	1.421	0	nan	nan	nan	nan	nan	nan
118682	0.180	-1.181	0.970	-0.60	-0.28	-1.53	-0.020	-0.017	0.014	0.008	0.000	0.010	0.0000	0.0000	0.0000	0.0000	0.0000	0.0000	0	1.00	0.2624	0.2264	-0.4830	1.421	0	nan	nan	nan	nan	nan	nan
118690	0.186	-1.175	0.958	-0.72	-0.31	-1.91	-0.046	-0.007	-0.011	0.008	0.000	0.010	0.0000	0.0000	0.0000	0.0000	0.0000	0.0000	0	1.00	0.2624	0.2264	-0.4830	1.421	0	nan	nan	nan	nan	nan	nan
118698	0.194	-1.167	0.942	-1.02	-0.07	-1.84	-0.023	-0.010	-0.038	0.008	0.000	0.010	0.0000	0.0000	0.0000	0.0000	0.0000	0.0000	0	1.00	0.2624	0.2264	-0.4830	1.421	0	nan	nan	nan	nan	nan	nan
118706	0.199	-1.161	0.932	-0.56	-0.16	-1.59	-0.029	-0.002	-0.040	0.008	0.000	0.010	0.0000	0.0000	0.0000	0.0000	0.0000	0.0000	0	1.00	0.2624	0.2264	-0.4830	1.421	0	nan	nan	nan	nan	nan	nan
118714	0.202	-1.154	0.921	-0.63	-0.03	-1.11	-0.015	0.001	-0.042	0.008	0.000	0.010	0.0000	0.0000	0.0000	0.0000	0.0000	0.0000	0	1.00	0.2624	0.2264	-0.4830	1.421	0	nan	nan	nan	nan	nan	nan
118722	0.207	-1.146	0.909	-0.56	-0.30	-0.70	-0.001	0.005	-0.031	0.008	0.000	0.010	0.0000	0.0000	0.0000	0.0000	0.0000	0.0000	0	1.00	0.2624	0.2264	-0.4830	1.421	0	nan	nan	nan	nan	nan	nan
118730	0.205	-1.139	0.905	-0.49	-0.16	-0.39	0.009	-0.006	-0.023	0.008	0.000	0.010	0.0000	0.0000	0.0000	0.0000	0.0000	0.0000	0	1.00	0.2624	0.2264	-0.4830	1.421	0	nan	nan	nan	nan	nan	nan
118738	0.205	-1.135	0.900	-0.10	-0.01	-0.07	0.027	0.008	-0.014	0.008	0.000	0.010	0.0000	0.0000	0.0000	0.0000	0.0000	0.0000	0	1.00	0.2624	0.2264	-0.4830	1.421	0	nan	nan	nan	nan	nan	nan
118746	0.202	-1.131	0.900	-0.48	0.19	0.31	0.045	0.005	-0.006	0.008	0.000	0.010	0.0000	0.0000	0.0000	0.0000	0.0000	0.0000	0	1.00	0.2624	0.2264	-0.4830	1.421	0	nan	nan	nan	nan	nan	nan
118754	0.203	-1.127	0.895	-0.16	0.25	0.46	0.026	0.006	0.012	0.008	0.000	0.010	0.0000	0.0000	0.0000	0.0000	0.0000	0.0000	0	1.00	0.2624	0.2264	-0.4830	1.421	0	nan	nan	nan	nan	nan	nan
118762	0.201	-1.127	0.897	0.11	0.03	0.31	0.016	0.006	0.008	0.008	0.000	0.010	0.0000	0.0000	0.0000	0.0000	0.0000	0.0000	0	1.00	0.2624	0.2264	-0.4830	1.421	0	nan	nan	nan	nan	nan	nan
118770	0.200	-1.133	0.904	0.16	-0.06	0.66	0.014	-0.004	0.011	0.008	0.000	0.010	0.0000	0.0000	0.0000	0.0000	0.0000	0.0000	0	1.00	0.2624	0.2264	-0.4830	1.421	0	nan	nan	nan	nan	nan	nan
118778	0.196	-1.138	0.912	-0.41	0.26	0.38	0.019	0.002	0.022	0.008	0.000	0.010	0.0000	0.0000	0.0000	0.0000	0.0000	0.0000	0	1.00	0.2624	0.2264	-0.4830	1.421	0	nan	nan	nan	nan	nan	nan
118786	0.196	-1.142	0.915	-0.32	-0.16	0.39	-0.007	0.024	0.010	0.008	0.000	0.010	0.0000	0.0000	0.0000	0.0000	0.0000	0.0000	0	1.00	0.2624	0.2264	-0.4830	1.421	0	nan	nan	nan	nan	nan	nan
118795	0.199	-1.145	0.916	-0.47	0.18	0.21	-0.019	0.011	0.006	0.008	0.000	0.010	0.0000	0.0000	0.0000	0.0000	0.0000	0.0000	0	1.00	0.2624	0.2264	-0.4830	1.421	0	nan	nan	nan	nan	nan	nan
118803	0.201	-1.149	0.919	-0.07	-0.48	0.16	-0.032	-0.011	0.018	0.008	0.000	0.010	0.0000	0.0000	0.0000	0.0000	0.0000	0.0000	0	1.00	0.2624	0.2264	-0.4830	1.421	0	nan	nan	nan	nan	nan	nan
118811	0.194	-1.152	0.927	-0.63	-0.36	0.28	-0.017	-0.022	0.012	0.008	0.000	0.010	0.0000	0.0000	0.0000	0.0000	0.0000	0.0000	0	1.00	0.2624	0.2264	-0.4830	1.421	0	nan	nan	nan	nan	nan	nan
118819	0.190	-1.149	0.929	-0.16	-0.53	0.19	-0.033	0.001	0.023	0.008	0.000	0.010	0.0000	0.0000	0.0000	0.0000	0.0000	0.0000	0	1.00	0.2624	0.2264	-0.4830	1.421	0	nan	nan	nan	nan	nan	nan
118827	0.194	-1.153	0.929	-0.49	-0.46	0.35	-0.030	-0.007	0.011	0.008	0.000	0.010	0.0000	0.0000	0.0000	0.0000	0.0000	0.0000	0	1.00	0.2624	0.2264	-0.4830	1.421	0	nan	nan	nan	nan	nan	nan
118835	0.195	-1.154	0.929	-0.67	-0.64	0.17	-0.022	0.006	0.013	0.008	0.000	0.010	0.0000	0.0000	0.0000	0.0000	0.0000	0.0000	0	1.00	0.2624	0.2264	-0.4830	1.421	0	nan	nan	nan	nan	nan	nan
118843	0.187	-1.156	0.939	-0.57	-0.82	0.25	-0.012	-0.005	0.008	0.008	0.000	0.010	0.0000	0.0000	0.0000	0.0000	0.0000	0.0000	0	1.00	0.2624	0.2264	-0.4830	1.421	0	nan	nan	nan	nan	nan	nan
118851	0.183	-1.163	0.950	-1.01	-0.83	0.59	0.010	0.005	-0.005	0.008	0.000	0.010	0.0000	0.0000	0.0000	0.0000	0.0000	0.0000	0	1.00	0.2624	0.2264	-0.4830	1.421	0	nan	nan	nan	nan	nan	nan
118859	0.171	-1.160	0.960	-1.31	-1.07	0.08	0.012	0.008	-0.011	0.008	0.000	0.010	0.0000	0.0000	0.0000	0.0000	0.0000	0.0000	0	1.00	0.2624	0.2264	-0.4830	1.421	0	nan	nan	nan	nan	nan	nan
118867	0.165	-1.160	0.965	-1.05	-0.97	0.35	0.014	0.024	-0.007	0.008	0.000	0.010	0.0000	0.0000	0.0000	0.0000	0.0000	0.0000	0	1.00	0.2624	0.2264	-0.4830	1.421	0	nan	nan	nan	nan	nan	nan
118875	0.157	-1.161	0.973	-1.09	-0.62	0.36	0.020	0.006	-0.016	0.008	0.000	0.010	0.0000	0.0000	0.0000	0.0000	0.0000	0.0000	0	1.00	0.2624	0.2264	-0.4830	1.421	0	nan	nan	nan	nan	nan	nan
118883	0.152	-1.168	0.985	-1.07	-0.44	0.37	0.010	0.001	-0.016	0.008	0.000	0.010	0.0000	0.0000	0.0000	0.0000	0.0000	0.0000	0	1.00	0.2624	0.2264	-0.4830	1.421	0	nan	nan	nan	nan	nan	nan
118891	0.148	-1.174	0.996	-0.89	-0.65	0.51	0.004	-0.009	-0.023	0.008	0.000	0.010	0.0000	0.0000	0.0000	0.0000	0.0000	0.0000	0	1.00	0.2624	0.2264	-0.4830	1.421	0	nan	nan	nan	nan	nan	nan
118899	0.146	-1.180	1.003	-1.06	-0.50	0.31	0.020	-0.013	-0.001	0.008	0.000	0.010	0.0000	0.0000	0.0000	0.0000	0.0000	0.0000	0	1.00	0.2624	0.2264	-0.4830	1.421	0	nan	nan	nan	nan	nan	nan
118907	0.141	-1.181	1.009	-0.70	-0.39	0.16	0.008	-0.013	-0.004	0.008	0.000	0.010	0.0000	0.0000	0.0000	0.0000	0.0000	0.0000	0	1.00	0.2624	0.2264	-0.4830	1.421	0	nan	nan	nan	nan	nan	nan
118915	0.140	-1.187	1.017	-0.50	-0.38	0.26	-0.003	-0.032	-0.009	0.008	0.000	0.009	0.0000	0.0000	0.0000	0.0000	0.0000	0.0000	0	1.00	0.2624	0.2264	-0.4830	1.421	0	nan	nan	nan	nan	nan	nan
118924	0.143	-1.194	1.020	-0.77	-0.31	0.68	-0.018	-0.017	-0.004	0.008	0.000	0.009	0.0000	0.0000	0.0000	0.0000	0.0000	0.0000	0	1.00	0.2624	0.2264	-0.4830	1.421	0	nan	nan	nan	nan	nan	nan
118932	0.147	-1.206	1.027	-0.29	-0.54	0.54	-0.014	-0.000	0.009	0.008	0.000	0.009	0.0000	0.0000	0.0000	0.0000	0.0000	0.0000	0	1.00	0.2624	0.2264	-0.4830	1.421	0	nan	nan	nan	nan	nan	nan
118940	0.147	-1.213	1.035	-0.44	-0.29	0.44	0.001	-0.019	0.014	0.008	0.000	0.009	0.0000	0.0000	0.0000	0.0000	0.0000	0.0000	0	1.00	0.2624	0.2264	-0.4830	1.421	0	nan	nan	nan	nan	nan	nan
118948	0.147	-1.219	1.040	-0.05	-0.56	0.43	-0.002	-0.006	0.023	0.008	0.000	0.009	0.0000	0.0000	0.0000	0.0000	0.0000	0.0000	0	1.00	0.2624	0.2264	-0.4830	1.421	0	nan	nan	nan	nan	nan	nan
118956	0.143	-1.223	1.048	-0.19	-0.46	0.36	0.015	0.014	0.020	0.008	0.000	0.010	0.0000	0.0000	0.0000	0.0000	0.0000	0.0000	0	1.00	0.2624	0.2264	-0.4830	1.421	0	nan	nan	nan	nan	nan	nan
118964	0.144	-1.227	1.051	-0.41	-0.37	0.27	0.011	0.011	0.007	0.008	0.000	0.009	0.0000	0.0000	0.0000	0.0000	0.0000	0.0000	0	1.00	0.2624	0.2264	-0.4830	1.421	0	nan	nan	nan	nan	nan	nan
118973	0.138	-1.226	1.056	-0.69	-0.15	0.23	0.013	0.018	-0.004	0.008	0.000	0.009	0.0000	0.0000	0.0000	0.0000	0.0000	0.0000	0	1.00	0.2624	0.2264	-0.4830	1.421	0	nan	nan	nan	nan	nan	nan
118981	0.135	-1.233	1.066	-0.63	-0.07	-0.02	0.024	0.024	-0.018	0.008	0.000	0.009	0.0000	0.0000	0.0000	0.0000	0.0000	0.0000	0	1.00	0.2624	0.2264	-0.4830	1.421	0	nan	nan	nan	nan	nan	nan
118989	0.137	-1.245	1.075	-0.62	-0.04	0.26	0.010	0.009	-0.021	0.008	0.000	0.009	0.0000	0.0000	0.0000	0.0000	0.0000	0.0000	0	1.00	0.2624	0.2264	-0.4830	1.421	0	nan	nan	nan	nan	nan	nan
118997	0.136	-1.250	1.082	-0.60	0.23	0.19	0.002	0.019	-0.029	0.008	0.000	0.009	0.0000	0.0000	0.0000	0.0000	0.0000	0.0000	0	1.00	0.2624	0.2264	-0.4830	1.421	0	nan	nan	nan	nan	nan	nan
119005	0.132	-1.250	1.085	-0.93	0.21	-0.00	-0.010	0.004	-0.019	0.008	0.000	0.009	0.0000	0.0000	0.0000	0.0000	0.0000	0.0000	0	1.00	0.2624	0.2264	-0.4830	1.421	0	nan	nan	nan	nan	nan	nan
119013	0.128	-1.252	1.092	-0.60	0.53	-0.11	-0.026	-0.006	-0.028	0.008	0.000	0.009	0.0000	0.0000	0.0000	0.0000	0.0000	0.0000	0	1.00	0.2624	0.2264	-0.4830	1.421	0	nan	nan	nan	nan	nan	nan
119021	0.124	-1.253	1.096	-0.82	0.69	0.05	-0.011	0.009	-0.018	0.008	0.000	0.009	0.0000	0.0000	0.0000	0.0000	0.0000	0.0000	0	1.00	0.2624	0.2264	-0.4830	1.421	0	nan	nan	nan	nan	nan	nan
119029	0.125	-1.254	1.096	-0.58	0.66	-0.06	-0.018	-0.014	-0.008	0.008	0.000	0.009	0.0000	0.0000	0.0000	0.0000	0.0000	0.0000	0	1.00	0.2624	0.2264	-0.4830	1.421	0	nan	nan	nan	nan	nan	nan
119037	0.120	-1.251	1.098	-0.49	0.67	-0.48	-0.018	-0.010	0.007	0.008	0.000	0.009	0.0000	0.0000	0.0000	0.0000	0.0000	0.0000	0	1.00	0.2624	0.2264	-0.4830	1.421	0	nan	nan	nan	nan	nan	nan
119045	0.113	-1.246	1.100	-1.07	1.09	-0.42	-0.003	0.005	0.019	0.008	0.000	0.009	0.0000	0.0000	0.0000	0.0000	0.0000	0.0000	0	1.00	0.2624	0.2264	-0.4830	1.421	0	nan	nan	nan	nan	nan	nan
119053	0.104	-1.240	1.103	-0.84	0.82	-0.59	-0.008	-0.004	0.027	0.008	0.000	0.009	0.0000	0.0000	0.0000	0.0000	0.0000	0.0000	0	1.00	0.2624	0.2264	-0.4830	1.421	0	nan	nan	nan	nan	nan	nan
119061	0.097	-1.235	1.106	-0.75	0.99	-0.42	-0.006	0.004	0.018	0.008	0.000	0.009	0.0000	0.0000	0.0000	0.0000	0.0000	0.0000	0	1.00	0.2624	0.2264	-0.4830	1.421	0	nan	nan	nan	nan	nan	nan
119070	0.090	-1.222	1.100	-0.72	0.94	0.13	0.019	-0.012	0.020	0.008	0.000	0.009	0.0000	0.0000	0.0000	0.0000	0.0000	0.0000	0	1.00	0.2624	0.2264	-0.4830	1.421	0	nan	nan	nan	nan	nan	nan
119078	0.088	-1.213	1.094	-0.65	1.09	-0.32	0.013	-0.006	0.022	0.008	0.000	0.009	0.0000	0.0000	0.0000	0.0000	0.0000	0.0000	0	1.00	0.2624	0.2264	-0.4830	1.421	0	nan	nan	nan	nan	nan	nan
119086	0.076	-1.200	1.093	-0.64	1.34	-0.25	0.012	0.001	-0.001	0.008	0.000	0.009	0.0000	0.0000	0.0000	0.0000	0.0000	0.0000	0	1.00	0.2624	0.2264	-0.4830	1.421	0	nan	nan	nan	nan	nan	nan
119094	0.070	-1.190	1.088	-0.46	0.97	-0.27	0.021	0.006	-0.002	0.008	0.000	0.009	0.0000	0.0000	0.0000	0.0000	0.0000	0.0000	0	1.00	0.2624	0.2264	-0.4830	1.421	0	nan	nan	nan	nan	nan	nan
119102	0.067	-1.183	1.085	-0.60	0.90	-0.17	0.019	0.008	-0.015	0.008	0.000	0.009	0.0000	0.0000	0.0000	0.0000	0.0000	0.0000	0	1.00	0.2624	0.2264	-0.4830	1.421	0	nan	nan	nan	nan	nan	nan
119110	0.061	-1.169	1.077	-0.36	1.03	-0.13	-0.005	0.028	-0.011	0.008	0.000	0.009	0.0000	0.0000	0.0000	0.0000	0.0000	0.0000	0	1.00	0.2624	0.2264	-0.4830	1.421	0	nan	nan	nan	nan	nan	nan
119118	0.057	-1.161	1.074	-0.63	1.32	-0.36	-0.009	0.037	-0.015	0.008	0.000	0.009	0.0000	0.0000	0.0000	0.0000	0.0000	0.0000	0	1.00	0.2624	0.2264	-0.4830	1.421	0	nan	nan	nan	nan	nan	nan
119126	0.053	-1.154	1.070	-0.50	1.28	-0.22	-0.013	0.039	0.003	0.008	0.000	0.009	0.0000	0.0000	0.0000	0.0000	0.0000	0.0000	0	1.00	0.2624	0.2264	-0.4830	1.421	0	nan	nan	nan	nan	nan	nan
119134	0.046	-1.147	1.071	-0.75	1.58	-0.27	-0.031	0.001	-0.007	0.008	0.000	0.009	0.0000	0.0000	0.0000	0.0000	0.0000	0.0000	0	1.00	0.2624	0.2264	-0.4830	1.421	0	nan	nan	nan	nan	nan	nan
119142	0.042	-1.137	1.065	-0.92	1.34	-0.51	-0.018	0.013	-0.008	0.008	0.000	0.009	0.0000	0.0000	0.0000	0.0000	0.0000	0.0000	0	1.00	0.2624	0.2264	-0.4830	1.421	0	nan	nan	nan	nan	nan	nan
119151	0.032	-1.123	1.061	-0.75	1.53	-0.23	-0.021	0.012	-0.001	0.008	0.000	0.009	0.0000	0.0000	0.0000	0.0000	0.0000	0.0000	0	1.00	0.2624	0.2264	-0.4830	1.421	0	nan	nan	nan	nan	nan	nan
119159	0.028	-1.108	1.051	-0.57	1.62	-0.40	-0.016	-0.031	0.022	0.008	0.000	0.009	0.0000	0.0000	0.0000	0.0000	0.0000	0.0000	0	1.00	0.2624	0.2264	-0.4830	1.421	0	nan	nan	nan	nan	nan	nan
119167	0.013	-1.094	1.053	-0.77	1.64	-0.21	-0.005	-0.015	0.022	0.008	0.000	0.009	0.0000	0.0000	0.0000	0.0000	0.0000	0.0000	0	1.00	0.2624	0.2264	-0.4830	1.421	0	nan	nan	nan	nan	nan	nan
119175	0.001	-1.082	1.053	-0.73	1.37	-0.30	-0.005	-0.045	0.016	0.008	0.000	0.009	0.0000	0.0000	0.0000	0.0000	0.0000	0.0000	0	1.00	0.2624	0.2264	-0.4830	1.421	0	nan	nan	nan	nan	nan	nan
119183	-0.011	-1.063	1.046	-0.66	1.57	0.07	0.008	-0.016	-0.004	0.008	0.000	0.009	0.0000	0.0000	0.0000	0.0000	0.0000	0.0000	0	1.00	0.2624	0.2264	-0.4830	1.421	0	nan	nan	nan	nan	nan	nan
119191	-0.021	-1.042	1.036	-0.62	1.55	0.04	0.012	-0.008	0.008	0.008	0.000	0.009	0.0000	0.0000	0.0000	0.0000	0.0000	0.0000	0	1.00	0.2624	0.2264	-0.4830	1.421	0	nan	nan	nan	nan	nan	nan
119199	-0.033	-1.027	1.033	-0.84	1.55	0.05	0.000	0.006	-0.022	0.008	0.000	0.009	0.0000	0.0000	0.0000	0.0000	0.0000	0.0000	0	1.00	0.2624	0.2264	-0.4830	1.421	0	nan	nan	nan	nan	nan	nan
119208	-0.038	-1.024	1.035	-0.69	1.06	0.07	0.002	0.017	-0.010	0.008	0.000	0.009	0.0000	0.0000	0.0000	0.0000	0.0000	0.0000	0	1.00	0.2624	0.2264	-0.4830	1.421	0	nan	nan	nan	nan	nan	nan
119216	-0.043	-1.013	1.030	-0.58	0.71	-0.11	-0.003	0.055	-0.016	0.008	0.000	0.009	0.0000	0.0000	0.0000	0.0000	0.0000	0.0000	0	1.00	0.2624	0.2264	-0.4830	1.421	0	nan	nan	nan	nan	nan	nan
119224	-0.051	-1.006	1.031	-0.48	0.58	-0.07	0.000	0.044	-0.025	0.008	0.000	0.009	0.0000	0.0000	0.0000	0.0000	0.0000	0.0000	0	1.00	0.2624	0.2264	-0.4830	1.421	0	nan	nan	nan	nan	nan	nan
119232	-0.059	-0.995	1.028	-0.61	0.25	-0.14	0.002	0.035	-0.021	0.008	0.000	0.009	0.0000	0.0000	0.0000	0.0000	0.0000	0.0000	0	1.00	0.2624	0.2264	-0.4830	1.421	0	nan	nan	nan	nan	nan	nan
119240	-0.066	-0.988	1.029	-0.76	0.24	0.02	-0.009	0.029	-0.022	0.008	0.000	0.009	0.0000	0.0000	0.0000	0.0000	0.0000	0.0000	0	1.00	0.2624	0.2264	-0.4830	1.421	0	nan	nan	nan	nan	nan	nan
119248	-0.070	-0.983	1.028	-0.25	-0.06	-0.62	-0.006	0.023	-0.006	0.008	0.000	0.009	0.0000	0.0000	0.0000	0.0000	0.0000	0.0000	0	1.00	0.2624	0.2264	-0.4830	1.421	0	nan	nan	nan	nan	nan	nan
119256	-0.076	-0.977	1.027	-0.47	-0.15	-0.20	0.004	0.001	0.003	0.008	0.000	0.009	0.0000	0.0000	0.0000	0.0000	0.0000	0.0000	0	1.00	0.2624	0.2264	-0.4830	1.421	0	nan	nan	nan	nan	nan	nan
119265	-0.079	-0.971	1.025	-0.37	-0.33	-0.12	-0.003	-0.016	0.020	0.008	0.000	0.009	0.0000	0.0000	0.0000	0.0000	0.0000	0.0000	0	1.00	0.2624	0.2264	-0.4830	1.421	0	nan	nan	nan	nan	nan	nan
119273	-0.086	-0.968	1.029	-0.66	-0.23	-0.36	0.008	-0.021	0.026	0.008	0.000	0.009	0.0000	0.0000	0.0000	0.0000	0.0000	0.0000	0	1.00	0.2624	0.2264	-0.4830	1.421	0	nan	nan	nan	nan	nan	nan
119281	-0.087	-0.969	1.030	-0.91	-0.32	-0.02	0.011	-0.028	0.011	0.008	0.000	0.009	0.0000	0.0000	0.0000	0.0000	0.0000	0.0000	0	1.00	0.2624	0.2264	-0.4830	1.421	0	nan	nan	nan	nan	nan	nan
119289	-0.083	-0.964	1.022	-0.87	-0.84	0.15	0.021	-0.032	0.019	0.008	0.000	0.009	0.0000	0.0000	0.0000	0.0000	0.0000	0.0000	0	1.00	0.2624	0.2264	-0.4830	1.421	0	nan	nan	nan	nan	nan	nan
119297	-0.082	-0.966	1.023	-0.86	-0.89	0.19	0.027	-0.050	0.006	0.008	0.000	0.009	0.0000	0.0000	0.0000	0.0000	0.0000	0.0000	0	1.00	0.2624	0.2264	-0.4830	1.421	0	nan	nan	nan	nan	nan	nan
119305	-0.085	-0.967	1.027	-0.69	-0.82	0.17	0.014	-0.007	0.001	0.008	0.000	0.009	0.0000	0.0000	0.0000	0.0000	0.0000	0.0000	0	1.00	0.2624	0.2264	-0.4830	1.421	0	nan	nan	nan	nan	nan	nan
119313	-0.091	-0.966	1.032	-0.31	-0.72	0.53	0.019	-0.013	0.006	0.008	0.000	0.009	0.0000	0.0000	0.0000	0.0000	0.0000	0.0000	0	1.00	0.2624	0.2264	-0.4830	1.421	0	nan	nan	nan	nan	nan	nan
119321	-0.099	-0.964	1.037	-0.54	-0.83	0.33	0.014	0.017	-0.013	0.008	0.000	0.009	0.0000	0.0000	0.0000	0.0000	0.0000	0.0000	0	1.00	0.2624	0.2264	-0.4830	1.421	0	nan	nan	nan	nan	nan	nan
119330	-0.103	-0.966	1.044	-0.17	-1.05	0.71	0.004	0.014	-0.016	0.008	0.000	0.009	0.0000	0.0000	0.0000	0.0000	0.0000	0.0000	0	1.00	0.2624	0.2264	-0.4830	1.421	0	nan	nan	nan	nan	nan	nan
119338	-0.100	-0.977	1.051	0.09	-0.93	0.66	-0.018	0.027	-0.023	0.008	0.000	0.009	0.0000	0.0000	0.0000	0.0000	0.0000	0.0000	0	1.00	0.2624	0.2264	-0.4830	1.421	0	nan	nan	nan	nan	nan	nan
119346	-0.100	-0.982	1.057	0.02	-0.79	0.37	-0.020	0.008	-0.000	0.008	0.000	0.009	0.0000	0.0000	0.0000	0.0000	0.0000	0.0000	0	1.00	0.2624	0.2264	-0.4830	1.421	0	nan	nan	nan	nan	nan	nan
119354	-0.103	-0.992	1.069	0.24	-0.88	0.45	-0.046	0.018	0.010	0.008	0.000	0.009	0.0000	0.0000	0.0000	0.0000	0.0000	0.0000	0	1.00	0.2624	0.2264	-0.4830	1.421	0	nan	nan	nan	nan	nan	nan
119362	-0.100	-1.002	1.076	-0.11	-1.16	0.34	-0.014	0.021	0.022	0.008	0.000	0.009	0.0000	0.0000	0.0000	0.0000	0.0000	0.0000	0	1.00	0.2624	0.2264	-0.4830	1.421	0	nan	nan	nan	nan	nan	nan
119370	-0.096	-1.013	1.083	-0.24	-0.93	0.14	-0.010	-0.007	0.027	0.008	0.000	0.009	0.0000	0.0000	0.0000	0.0000	0.0000	0.0000	0	1.00	0.2624	0.2264	-0.4830	1.421	0	nan	nan	nan	nan	nan	nan
119378	-0.085	-1.020	1.079	0.23	-0.99	0.25	0.003	-0.007	0.020	0.008	0.000	0.009	0.0000	0.0000	0.0000	0.0000	0.0000	0.0000	0	1.00	0.2624	0.2264	-0.4830	1.421	0	nan	nan	nan	nan	nan	nan
119386	-0.079	-1.033	1.085	0.04	-1.26	-0.02	0.004	-0.005	0.035	0.008	0.000	0.009	0.0000	0.0000	0.0000	0.0000	0.0000	0.0000	0	1.00	0.2624	0.2264	-0.4830	1.421	0	nan	nan	nan	nan	nan	nan
119394	-0.071	-1.043	1.087	-0.20	-1.24	0.09	0.026	0.001	0.024	0.008	0.000	0.009	0.0000	0.0000	0.0000	0.0000	0.0000	0.0000	0	1.00	0.2624	0.2264	-0.4830	1.421	0	nan	nan	nan	nan	nan	nan
119402	-0.066	-1.050	1.089	-0.65	-1.26	0.24	0.029	-0.005	-0.002	0.008	0.000	0.009	0.0000	0.0000	0.0000	0.0000	0.0000	0.0000	0	1.00	0.2624	0.2264	-0.4830	1.421	0	nan	nan	nan	nan	nan	nan
119410	-0.059	-1.060	1.091	-0.91	-1.32	-0.07	0.025	-0.012	-0.018	0.008	0.000	0.009	0.0000	0.0000	0.0000	0.0000	0.0000	0.0000	0	1.00	0.2624	0.2264	-0.4830	1.421	0	nan	nan	nan	nan	nan	nan
119419	-0.053	-1.067	1.092	-0.69	-1.32	-0.08	0.024	-0.021	-0.020	0.008	0.000	0.009	0.0000	0.0000	0.0000	0.0000	0.0000	0.0000	0	1.00	0.2624	0.2264	-0.4830	1.421	0	nan	nan	nan	nan	nan	nan
119427	-0.053	-1.076	1.100	-0.69	-1.11	-0.29	0.022	-0.004	-0.036	0.008	0.000	0.009	0.0000	0.0000	0.0000	0.0000	0.0000	0.0000	0	1.00	0.2624	0.2264	-0.4830	1.421	0	nan	nan	nan	nan	nan	nan
119435	-0.052	-1.080	1.104	-0.91	-1.04	0.39	-0.014	-0.004	-0.040	0.008	0.000	0.009	0.0000	0.0000	0.0000	0.0000	0.0000	0.0000	0	1.00	0.2624	0.2264	-0.4830	1.421	0	nan	nan	nan	nan	nan	nan
119443	-0.060	-1.082	1.114	-1.21	-0.51	0.47	-0.011	-0.013	-0.048	0.008	0.000	0.009	0.0000	0.0000	0.0000	0.0000	0.0000	0.0000	0	1.00	0.2624	0.2264	-0.4830	1.421	0	nan	nan	nan	nan	nan	nan
119452	-0.064	-1.088	1.124	-1.28	-0.54	0.79	-0.034	-0.025	-0.033	0.008	0.000	0.009	0.0000	0.0000	0.0000	0.0000	0.0000	0.0000	0	1.00	0.2624	0.2264	-0.4830	1.421	0	nan	nan	nan	nan	nan	nan
119460	-0.067	-1.096	1.134	-0.82	-0.21	0.95	-0.040	0.003	-0.029	0.008	0.000	0.009	0.0000	0.0000	0.0000	0.0000	0.0000	0.0000	0	1.00	0.2624	0.2264	-0.4830	1.421	0	nan	nan	nan	nan	nan	nan
119468	-0.069	-1.099	1.139	-0.61	-0.57	0.68	-0.042	-0.011	-0.007	0.008	0.000	0.009	0.0000	0.0000	0.0000	0.0000	0.0000	0.0000	0	1.00	0.2624	0.2264	-0.4830	1.421	0	nan	nan	nan	nan	nan	nan
119476	-0.073	-1.101	1.145	-0.48	0.21	0.60	-0.031	0.003	0.016	0.008	0.000	0.009	0.0000	0.0000	0.0000	0.0000	0.0000	0.0000	0	1.00	0.2624	0.2264	-0.4830	1.421	0	nan	nan	nan	nan	nan	nan
119485	-0.084	-1.106	1.161	-0.59	0.02	1.02	-0.017	-0.004	0.019	0.008	0.000	0.009	0.0000	0.0000	0.0000	0.0000	0.0000	0.0000	0	1.00	0.2624	0.2264	-0.4830	1.421	0	nan	nan	nan	nan	nan	nan
119493	-0.088	-1.110	1.169	-0.44	0.27	1.35	-0.007	0.017	0.026	0.008	0.000	0.009	0.0000	0.0000	0.0000	0.0000	0.0000	0.0000	0	1.00	0.2624	0.2264	-0.4830	1.421	0	nan	nan	nan	nan	nan	nan
119501	-0.090	-1.114	1.175	-0.14	0.43	0.90	0.007	0.012	0.043	0.008	0.000	0.009	0.0000	0.0000	0.0000	0.0000	0.0000	0.0000	0	1.00	0.2624	0.2264	-0.4830	1.421	0	nan	nan	nan	nan	nan	nan
119509	-0.093	-1.112	1.176	0.10	0.52	0.99	0.014	-0.004	0.024	0.008	0.000	0.009	0.0000	0.0000	0.0000	0.0000	0.0000	0.0000	0	1.00	0.2624	0.2264	-0.4830	1.421	0	nan	nan	nan	nan	nan	nan
119517	-0.103	-1.105	1.179	0.37	1.03	0.73	0.033	-0.010	0.016	0.008	0.000	0.009	0.0000	0.0000	0.0000	0.0000	0.0000	0.0000	0	1.00	0.2624	0.2264	-0.4830	1.421	0	nan	nan	nan	nan	nan	nan
119525	-0.112	-1.099	1.182	0.50	1.15	1.02	0.034	-0.002	0.004	0.008	0.000	0.009	0.0000	0.0000	0.0000	0.0000	0.0000	0.0000	0	1.00	0.2624	0.2264	-0.4830	1.421	0	nan	nan	nan	nan	nan	nan
119533	-0.120	-1.102	1.194	0.33	1.08	1.04	0.036	-0.012	-0.012	0.008	0.000	0.009	0.0000	0.0000	0.0000	0.0000	0.0000	0.0000	0	1.00	0.2624	0.2264	-0.4830	1.421	0	nan	nan	nan	nan	nan	nan
119541	-0.128	-1.097	1.196	0.32	0.89	0.93	0.030	-0.032	-0.019	0.008	0.000	0.009	0.0000	0.0000	0.0000	0.0000	0.0000	0.0000	0	1.00	0.2624	0.2264	-0.4830	1.421	0	nan	nan	nan	nan	nan	nan
119549	-0.132	-1.094	1.198	0.40	0.83	0.70	0.013	-0.032	-0.023	0.008	0.000	0.009	0.0000	0.0000	0.0000	0.0000	0.0000	0.0000	0	1.00	0.2624	0.2264	-0.4830	1.421	0	nan	nan	nan	nan	nan	nan
119557	-0.137	-1.089	1.199	0.46	0.59	0.46	0.012	-0.027	-0.025	0.008	0.000	0.009	0.0000	0.0000	0.0000	0.0000	0.0000	0.0000	0	1.00	0.2624	0.2264	-0.4830	1.421	0	nan	nan	nan	nan	nan	nan
119565	-0.148	-1.084	1.204	0.53	0.74	0.44	-0.003	0.011	-0.011	0.008	0.000	0.009	0.0000	0.0000	0.0000	0.0000	0.0000	0.0000	0	1.00	0.2624	0.2264	-0.4830	1.421	0	nan	nan	nan	nan	nan	nan
119573	-0.153	-1.084	1.208	0.11	0.26	0.39	-0.014	0.015	-0.010	0.008	0.000	0.009	0.0000	0.0000	0.0000	0.0000	0.0000	0.0000	0	1.00	0.2624	0.2264	-0.4830	1.421	0	nan	nan	nan	nan	nan	nan
119582	-0.161	-1.082	1.215	-0.20	0.23	0.10	-0.021	-0.005	0.000	0.008	0.000	0.009	0.0000	0.0000	0.0000	0.0000	0.0000	0.0000	0	1.00	0.2624	0.2264	-0.4830	1.421	0	nan	nan	nan	nan	nan	nan
119590	-0.164	-1.079	1.215	0.03	-0.12	0.01	-0.023	0.020	0.002	0.008	0.000	0.009	0.0000	0.0000	0.0000	0.0000	0.0000	0.0000	0	1.00	0.2624	0.2264	-0.4830	1.421	0	nan	nan	nan	nan	nan	nan
119598	-0.167	-1.075	1.214	0.07	0.00	-0.47	-0.030	0.022	0.034	0.008	0.000	0.009	0.0000	0.0000	0.0000	0.0000	0.0000	0.0000	0	1.00	0.2624	0.2264	-0.4830	1.421	0	nan	nan	nan	nan	nan	nan
119606	-0.169	-1.074	1.215	0.40	0.06	-0.76	-0.032	0.029	0.047	0.008	0.000	0.009	0.0000	0.0000	0.0000	0.0000	0.0000	0.0000	0	1.00	0.2624	0.2264	-0.4830	1.421	0	nan	nan	nan	nan	nan	nan
119614	-0.172	-1.074	1.218	0.33	-0.31	-0.52	-0.020	0.029	0.037	0.007	0.000	0.009	0.0000	0.0000	0.0000	0.0000	0.0000	0.0000	0	1.00	0.2624	0.2264	-0.4830	1.421	0	nan	nan	nan	nan	nan	nan
119622	-0.170	-1.071	1.213	0.15	0.14	-0.59	-0.027	-0.009	0.029	0.007	0.000	0.009	0.0000	0.0000	0.0000	0.0000	0.0000	0.0000	0	1.00	0.2624	0.2264	-0.4830	1.421	0	nan	nan	nan	nan	nan	nan
119630	-0.158	-1.071	1.201	0.64	0.07	-0.58	-0.018	-0.009	0.018	0.007	0.000	0.009	0.0000	0.0000	0.0000	0.0000	0.0000	0.0000	0	1.00	0.2624	0.2264	-0.4830	1.421	0	nan	nan	nan	nan	nan	nan
119638	-0.148	-1.073	1.193	0.28	-0.07	-0.72	0.014	-0.007	0.004	0.007	0.000	0.009	0.0000	0.0000	0.0000	0.0000	0.0000	0.0000	0	1.00	0.2624	0.2264	-0.4830	1.421	0	nan	nan	nan	nan	nan	nan
119646	-0.143	-1.074	1.188	0.49	0.29	-0.96	0.019	-0.019	-0.002	0.007	0.000	0.009	0.0000	0.0000	0.0000	0.0000	0.0000	0.0000	0	1.00	0.2624	0.2264	-0.4830	1.421	0	nan	nan	nan	nan	nan	nan
119655	-0.135	-1.073	1.180	0.76	0.04	-0.78	0.032	0.011	-0.009	0.007	0.000	0.009	0.0000	0.0000	0.0000	0.0000	0.0000	0.0000	0	1.00	0.2624	0.2264	-0.4830	1.421	0	nan	nan	nan	nan	nan	nan
119663	-0.129	-1.071	1.172	0.52	0.19	-0.80	0.045	-0.005	-0.018	0.008	0.000	0.009	0.0000	0.0000	0.0000	0.0000	0.0000	0.0000	0	1.00	0.2624	0.2264	-0.4830	1.421	0	nan	nan	nan	nan	nan	nan
119671	-0.122	-1.075	1.169	0.71	0.20	-0.88	0.043	-0.011	-0.029	0.008	0.000	0.009	0.0000	0.0000	0.0000	0.0000	0.0000	0.0000	0	1.00	0.2624	0.2264	-0.4830	1.421	0	nan	nan	nan	nan	nan	nan
119679	-0.112	-1.079	1.163	0.81	0.14	-0.93	0.042	-0.005	-0.026	0.008	0.000	0.009	0.0000	0.0000	0.0000	0.0000	0.0000	0.0000	0	1.00	0.2624	0.2264	-0.4830	1.421	0	nan	nan	nan	nan	nan	nan
119687	-0.105	-1.081	1.157	0.68	0.14	-0.59	0.020	-0.002	-0.022	0.008	0.000	0.009	0.0000	0.0000	0.0000	0.0000	0.0000	0.0000	0	1.00	0.2624	0.2264	-0.4830	1.421	0	nan	nan	nan	nan	nan	nan
119695	-0.101	-1.080	1.153	0.50	0.10	-0.89	0.002	0.022	-0.018	0.008	0.000	0.009	0.0000	0.0000	0.0000	0.0000	0.0000	0.0000	0	1.00	0.2624	0.2264	-0.4830	1.421	0	nan	nan	nan	nan	nan	nan
119703	-0.091	-1.079	1.142	0.45	-0.01	-0.74	-0.028	0.023	-0.006	0.008	0.000	0.009	0.0000	0.0000	0.0000	0.0000	0.0000	0.0000	0	1.00	0.2624	0.2264	-0.4830	1.421	0	nan	nan	nan	nan	nan	nan
119711	-0.079	-1.079	1.130	0.55	0.24	-0.66	-0.048	0.019	0.002	0.008	0.000	0.009	0.0000	0.0000	0.0000	0.0000	0.0000	0.0000	0	1.00	0.2624	0.2264	-0.4830	1.421	0	nan	nan	nan	nan	nan	nan
119719	-0.069	-1.079	1.120	0.29	0.06	-0.85	-0.031	0.030	0.021	0.007	0.000	0.009	0.0000	0.0000	0.0000	0.0000	0.0000	0.0000	0	1.00	0.2624	0.2264	-0.4830	1.421	0	nan	nan	nan	nan	nan	nan
119727	-0.063	-1.077	1.112	0.32	0.46	-0.44	-0.050	0.023	0.045	0.007	0.000	0.009	0.0000	0.0000	0.0000	0.0000	0.0000	0.0000	0	1.00	0.2624	0.2264	-0.4830	1.421	0	nan	nan	nan	nan	nan	nan
119735	-0.059	-1.076	1.106	0.26	0.00	-0.56	-0.043	0.023	0.029	0.007	0.000	0.009	0.0000	0.0000	0.0000	0.0000	0.0000	0.0000	0	1.00	0.2624	0.2264	-0.4830	1.421	0	nan	nan	nan	nan	nan	nan
119744	-0.057	-1.071	1.100	0.11	0.16	-0.57	-0.030	0.007	0.023	0.007	0.000	0.009	0.0000	0.0000	0.0000	0.0000	0.0000	0.0000	0	1.00	0.2624	0.2264	-0.4830	1.421	0	nan	nan	nan	nan	nan	nan
119752	-0.047	-1.072	1.091	-0.29	-0.01	-0.74	-0.005	-0.004	0.010	0.007	0.000	0.009	0.0000	0.0000	0.0000	0.0000	0.0000	0.0000	0	1.00	0.2624	0.2264	-0.4830	1.421	0	nan	nan	nan	nan	nan	nan
119760	-0.044	-1.067	1.082	-0.13	0.79	-0.63	0.009	0.000	-0.005	0.007	0.000	0.009	0.0000	0.0000	0.0000	0.0000	0.0000	0.0000	0	1.00	0.2624	0.2264	-0.4830	1.421	0	nan	nan	nan	nan	nan	nan
119768	-0.044	-1.065	1.082	-0.22	0.19	-0.37	0.015	-0.010	-0.015	0.007	0.000	0.009	0.0000	0.0000	0.0000	0.0000	0.0000	0.0000	0	1.00	0.2624	0.2264	-0.4830	1.421	0	nan	nan	nan	nan	nan	nan
119776	-0.046	-1.063	1.081	-0.01	0.34	0.22	0.038	-0.011	-0.015	0.007	0.000	0.009	0.0000	0.0000	0.0000	0.0000	0.0000	0.0000	0	1.00	0.2624	0.2264	-0.4830	1.421	0	nan	nan	nan	nan	nan	nan
119784	-0.051	-1.052	1.075	-0.39	0.29	-0.19	0.033	-0.021	-0.014	0.007	0.000	0.009	0.0000	0.0000	0.0000	0.0000	0.0000	0.0000	0	1.00	0.2624	0.2264	-0.4830	1.421	0	nan	nan	nan	nan	nan	nan
119792	-0.056	-1.047	1.075	-0.13	0.39	0.08	0.046	-0.019	-0.009	0.007	0.000	0.009	0.0000	0.0000	0.0000	0.0000	0.0000	0.0000	0	1.00	0.2624	0.2264	-0.4830	1.421	0	nan	nan	nan	nan	nan	nan
119800	-0.056	-1.046	1.075	-0.19	0.56	0.08	0.045	-0.002	-0.016	0.007	0.000	0.009	0.0000	0.0000	0.0000	0.0000	0.0000	0.0000	0	1.00	0.2624	0.2264	-0.4830	1.421	0	nan	nan	nan	nan	nan	nan
119808	-0.058	-1.042	1.073	-0.28	0.59	0.03	0.031	-0.013	-0.006	0.007	0.000	0.009	0.0000	0.0000	0.0000	0.0000	0.0000	0.0000	0	1.00	0.2624	0.2264	-0.4830	1.421	0	nan	nan	nan	nan	nan	nan
119817	-0.064	-1.035	1.072	-0.11	0.57	0.09	0.006	-0.016	0.004	0.007	0.000	0.009	0.0000	0.0000	0.0000	0.0000	0.0000	0.0000	0	1.00	0.2624	0.2264	-0.4830	1.421	0	nan	nan	nan	nan	nan	nan
119825	-0.065	-1.033	1.072	-0.26	0.23	0.27	0.003	0.019	0.014	0.007	0.000	0.009	0.0000	0.0000	0.0000	0.0000	0.0000	0.0000	0	1.00	0.2624	0.2264	-0.4830	1.421	0	nan	nan	nan	nan	nan	nan
119833	-0.066	-1.031	1.070	-0.18	0.28	0.24	-0.018	0.027	0.029	0.007	0.000	0.009	0.0000	0.0000	0.0000	0.0000	0.0000	0.0000	0	1.00	0.2624	0.2264	-0.4830	1.421	0	nan	nan	nan	nan	nan	nan
119841	-0.067	-1.025	1.065	-0.08	0.49	-0.07	-0.018	0.008	0.017	0.007	0.000	0.009	0.0000	0.0000	0.0000	0.0000	0.0000	0.0000	0	1.00	0.2624	0.2264	-0.4830	1.421	0	nan	nan	nan	nan	nan	nan
119849	-0.073	-1.018	1.065	0.14	0.20	-0.10	-0.031	0.013	0.007	0.007	0.000	0.009	0.0000	0.0000	0.0000	0.0000	0.0000	0.0000	0	1.00	0.2624	0.2264	-0.4830	1.421	0	nan	nan	nan	nan	nan	nan
119857	-0.074	-1.011	1.058	0.21	-0.05	0.60	-0.031	0.025	0.007	0.007	0.000	0.009	0.0000	0.0000	0.0000	0.0000	0.0000	0.0000	0	1.00	0.2624	0.2264	-0.4830	1.421	0	nan	nan	nan	nan	nan	nan
119865	-0.079	-1.010	1.062	-0.16	-0.12	0.09	-0.022	0.015	0.007	0.007	0.000	0.009	0.0000	0.0000	0.0000	0.0000	0.0000	0.0000	0	1.00	0.2624	0.2264	-0.4830	1.421	0	nan	nan	nan	nan	nan	nan
119873	-0.079	-1.010	1.063	-0.01	-0.07	0.32	-0.020	0.006	0.010	0.007	0.000	0.009	0.0000	0.0000	0.0000	0.0000	0.0000	0.0000	0	1.00	0.2624	0.2264	-0.4830	1.421	0	nan	nan	nan	nan	nan	nan
119881	-0.084	-1.013	1.071	-0.18	-0.39	0.17	-0.011	0.009	-0.004	0.007	0.000	0.009	0.0000	0.0000	0.0000	0.0000	0.0000	0.0000	0	1.00	0.2624	0.2264	-0.4830	1.421	0	nan	nan	nan	nan	nan	nan
119889	-0.084	-1.015	1.073	-0.13	-0.28	0.01	0.008	0.005	0.004	0.007	0.000	0.009	0.0000	0.0000	0.0000	0.0000	0.0000	0.0000	0	1.00	0.2624	0.2264	-0.4830	1.421	0	nan	nan	nan	nan	nan	nan
119898	-0.086	-1.013	1.073	-0.13	-0.57	-0.01	0.014	-0.007	0.001	0.007	0.000	0.009	0.0000	0.0000	0.0000	0.0000	0.0000	0.0000	0	1.00	0.2624	0.2264	-0.4830	1.421	0	nan	nan	nan	nan	nan	nan
119906	-0.089	-1.017	1.080	0.00	-0.71	0.10	0.015	-0.005	-0.014	0.007	0.000	0.009	0.0000	0.0000	0.0000	0.0000	0.0000	0.0000	0	1.00	0.2624	0.2264	-0.4830	1.421	0	nan	nan	nan	nan	nan	nan
119914	-0.092	-1.014	1.080	-0.25	-0.33	-0.03	0.011	-0.018	-0.007	0.007	0.000	0.009	0.0000	0.0000	0.0000	0.0000	0.0000	0.0000	0	1.00	0.2624	0.2264	-0.4830	1.421	0	nan	nan	nan	nan	nan	nan
119922	-0.091	-1.017	1.081	0.18	-0.32	0.06	0.021	-0.007	-0.001	0.007	0.000	0.009	0.0000	0.0000	0.0000	0.0000	0.0000	0.0000	0	1.00	0.2624	0.2264	-0.4830	1.421	0	nan	nan	nan	nan	nan	nan
119930	-0.090	-1.026	1.090	-0.04	-0.27	0.02	0.013	-0.006	0.016	0.007	0.000	0.009	0.0000	0.0000	0.0000	0.0000	0.0000	0.0000	0	1.00	0.2624	0.2264	-0.4830	1.421	0	nan	nan	nan	nan	nan	nan
119939	-0.085	-1.030	1.088	0.25	-0.08	-0.04	0.002	0.005	0.013	0.007	0.000	0.009	0.0000	0.0000	0.0000	0.0000	0.0000	0.0000	0	1.00	0.2624	0.2264	-0.4830	1.421	0	nan	nan	nan	nan	nan	nan
119947	-0.089	-1.032	1.094	0.53	-0.17	-0.13	-0.008	-0.024	0.017	0.007	0.000	0.009	0.0000	0.0000	0.0000	0.0000	0.0000	0.0000	0	1.00	0.2624	0.2264	-0.4830	1.421	0	nan	nan	nan	nan	nan	nan
119955	-0.087	-1.034	1.094	0.30	-0.19	0.02	-0.006	-0.000	0.034	0.007	0.000	0.009	0.0000	0.0000	0.0000	0.0000	0.0000	0.0000	0	1.00	0.2624	0.2264	-0.4830	1.421	0	nan	nan	nan	nan	nan	nan
119963	-0.085	-1.040	1.097	0.50	-0.01	-0.05	-0.010	0.005	0.013	0.007	0.000	0.009	0.0000	0.0000	0.0000	0.0000	0.0000	0.0000	0	1.00	0.2624	0.2264	-0.4830	1.421	0	nan	nan	nan	nan	nan	nan
119971	-0.078	-1.045	1.096	0.65	-0.04	-0.17	-0.022	-0.001	-0.007	0.007	0.000	0.009	0.0000	0.0000	0.0000	0.0000	0.0000	0.0000	0	1.00	0.2624	0.2264	-0.4830	1.421	0	nan	nan	nan	nan	nan	nan
119979	-0.078	-1.040	1.091	1.09	-0.30	0.08	-0.011	0.010	0.011	0.007	0.000	0.009	0.0000	0.0000	0.0000	0.0000	0.0000	0.0000	0	1.00	0.2624	0.2264	-0.4830	1.421	0	nan	nan	nan	nan	nan	nan
119988	-0.076	-1.037	1.086	0.41	-0.08	-0.30	-0.008	0.002	-0.007	0.007	0.000	0.009	0.0000	0.0000	0.0000	0.0000	0.0000	0.0000	0	1.00	0.2624	0.2264	-0.4830	1.421	0	nan	nan	nan	nan	nan	nan
119996	-0.078	-1.039	1.090	0.48	0.07	-0.32	0.013	0.002	-0.017	0.007	0.000	0.009	0.0000	0.0000	0.0000	0.0000	0.0000	0.0000	0	1.00	0.2624	0.2264	-0.4830	1.421	0	nan	nan	nan	nan	nan	nan
120004	-0.076	-1.046	1.094	0.42	0.29	-0.36	0.010	-0.004	-0.021	0.007	0.000	0.009	0.0000	0.0000	0.0000	0.0000	0.0000	0.0000	0	1.00	0.2624	0.2264	-0.4830	1.421	0	nan	nan	nan	nan	nan	nan
120012	-0.070	-1.048	1.091	0.68	-0.11	-0.33	0.021	-0.011	-0.015	0.007	0.000	0.009	0.0000	0.0000	0.0000	0.0000	0.0000	0.0000	0	1.00	0.2624	0.2264	-0.4830	1.421	0	nan	nan	nan	nan	nan	nan
120020	-0.059	-1.051	1.083	0.84	-0.12	-0.60	0.011	-0.019	-0.006	0.007	0.000	0.009	0.0000	0.0000	0.0000	0.0000	0.0000	0.0000	0	1.00	0.2624	0.2264	-0.4830	1.421	0	nan	nan	nan	nan	nan	nan
120028	-0.058	-1.056	1.087	0.71	0.39	-0.77	0.002	-0.007	-0.013	0.007	0.000	0.009	0.0000	0.0000	0.0000	0.0000	0.0000	0.0000	0	1.00	0.2624	0.2264	-0.4830	1.421	0	nan	nan	nan	nan	nan	nan
120036	-0.049	-1.058	1.080	0.93	0.56	-0.51	-0.014	-0.006	-0.003	0.007	0.000	0.009	0.0000	0.0000	0.0000	0.0000	0.0000	0.0000	0	1.00	0.2624	0.2264	-0.4830	1.421	0	nan	nan	nan	nan	nan	nan
120045	-0.038	-1.062	1.072	0.77	0.33	-0.75	-0.004	0.008	0.013	0.007	0.000	0.009	0.0000	0.0000	0.0000	0.0000	0.0000	0.0000	0	1.00	0.2624	0.2264	-0.4830	1.421	0	nan	nan	nan	nan	nan	nan
120053	-0.029	-1.063	1.064	1.27	0.45	-1.06	-0.020	-0.004	0.000	0.007	0.000	0.009	0.0000	0.0000	0.0000	0.0000	0.0000	0.0000	0	1.00	0.2624	0.2264	-0.4830	1.421	0	nan	nan	nan	nan	nan	nan
120061	-0.018	-1.062	1.052	1.19	0.35	-0.98	-0.024	0.012	0.009	0.007	0.000	0.009	0.0000	0.0000	0.0000	0.0000	0.0000	0.0000	0	1.00	0.2624	0.2264	-0.4830	1.421	0	nan	nan	nan	nan	nan	nan
120069	-0.010	-1.067	1.049	1.34	-0.03	-1.19	-0.020	0.022	0.003	0.007	0.000	0.009	0.0000	0.0000	0.0000	0.0000	0.0000	0.0000	0	1.00	0.2624	0.2264	-0.4830	1.421	0	nan	nan	nan	nan	nan	nan
120077	-0.005	-1.065	1.042	0.90	0.15	-1.35	-0.001	0.023	0.003	0.007	0.000	0.009	0.0000	0.0000	0.0000	0.0000	0.0000	0.0000	0	1.00	0.2624	0.2264	-0.4830	1.421	0	nan	nan	nan	nan	nan	nan
120085	0.005	-1.066	1.033	1.05	0.28	-0.88	0.016	0.016	0.008	0.007	0.000	0.009	0.0000	0.0000	0.0000	0.0000	0.0000	0.0000	0	1.00	0.2624	0.2264	-0.4830	1.421	0	nan	nan	nan	nan	nan	nan
120093	0.014	-1.064	1.023	1.25	0.39	-1.20	0.025	0.003	0.010	0.007	0.000	0.009	0.0000	0.0000	0.0000	0.0000	0.0000	0.0000	0	1.00	0.2624	0.2264	-0.4830	1.421	0	nan	nan	nan	nan	nan	nan
120101	0.023	-1.060	1.009	1.13	0.48	-1.37	0.036	0.009	0.005	0.007	0.000	0.009	0.0000	0.0000	0.0000	0.0000	0.0000	0.0000	0	1.00	0.2624	0.2264	-0.4830	1.421	0	nan	nan	nan	nan	nan	nan
120110	0.030	-1.058	1.001	0.99	0.49	-1.36	0.035	-0.010	0.001	0.007	0.000	0.009	0.0000	0.0000	0.0000	0.0000	0.0000	0.0000	0	1.00	0.2624	0.2264	-0.4830	1.421	0	nan	nan	nan	nan	nan	nan
120118	0.035	-1.054	0.992	1.42	0.61	-1.06	0.032	0.004	0.007	0.007	0.000	0.009	0.0000	0.0000	0.0000	0.0000	0.0000	0.0000	0	1.00	0.2624	0.2264	-0.4830	1.421	0	nan	nan	nan	nan	nan	nan
120126	0.042	-1.048	0.979	1.18	0.78	-0.98	0.020	-0.006	-0.033	0.007	0.000	0.008	0.0000	0.0000	0.0000	0.0000	0.0000	0.0000	0	1.00	0.2624	0.2264	-0.4830	1.421	0	nan	nan	nan	nan	nan	nan
120134	0.057	-1.052	0.968	0.95	0.67	-1.18	-0.001	-0.014	-0.007	0.007	0.000	0.008	0.0000	0.0000	0.0000	0.0000	0.0000	0.0000	0	1.00	0.2624	0.2264	-0.4830	1.421	0	nan	nan	nan	nan	nan	nan
120143	0.063	-1.050	0.960	1.36	0.96	-1.24	-0.018	-0.011	-0.011	0.007	0.000	0.008	0.0000	0.0000	0.0000	0.0000	0.0000	0.0000	0	1.00	0.2624	0.2264	-0.4830	1.421	0	nan	nan	nan	nan	nan	nan
120151	0.073	-1.050	0.950	1.17	1.13	-0.90	-0.024	-0.007	-0.010	0.007	0.000	0.008	0.0000	0.0000	0.0000	0.0000	0.0000	0.0000	0	1.00	0.2624	0.2264	-0.4830	1.421	0	nan	nan	nan	nan	nan	nan
120159	0.085	-1.047	0.934	0.88	0.93	-0.83	-0.039	-0.003	-0.012	0.007	0.000	0.008	0.0000	0.0000	0.0000	0.0000	0.0000	0.0000	0	1.00	0.2624	0.2264	-0.4830	1.421	0	nan	nan	nan	nan	nan	nan
120167	0.098	-1.044	0.918	0.80	0.75	-1.10	-0.033	0.011	-0.004	0.007	0.000	0.008	0.0000	0.0000	0.0000	0.0000	0.0000	0.0000	0	1.00	0.2624	0.2264	-0.4830	1.421	0	nan	nan	nan	nan	nan	nan
120175	0.108	-1.032	0.897	1.24	0.84	-1.53	-0.022	0.015	-0.009	0.007	0.000	0.008	0.0000	0.0000	0.0000	0.0000	0.0000	0.0000	0	1.00	0.2624	0.2264	-0.4830	1.421	0	nan	nan	nan	nan	nan	nan
120183	0.120	-1.024	0.877	1.17	0.84	-1.36	-0.012	0.010	-0.000	0.007	0.000	0.008	0.0000	0.0000	0.0000	0.0000	0.0000	0.0000	0	1.00	0.2624	0.2264	-0.4830	1.421	0	nan	nan	nan	nan	nan	nan
120191	0.126	-1.018	0.865	1.22	0.77	-1.34	0.005	0.013	-0.009	0.007	0.000	0.008	0.0000	0.0000	0.0000	0.0000	0.0000	0.0000	0	1.00	0.2624	0.2264	-0.4830	1.421	0	nan	nan	nan	nan	nan	nan
120199	0.136	-1.011	0.849	1.24	0.78	-1.16	0.015	0.007	-0.001	0.007	0.000	0.008	0.0000	0.0000	0.0000	0.0000	0.0000	0.0000	0	1.00	0.2624	0.2264	-0.4830	1.421	0	nan	nan	nan	nan	nan	nan
120208	0.149	-1.011	0.836	1.60	0.50	-0.92	0.020	0.025	-0.001	0.007	0.000	0.008	0.0000	0.0000	0.0000	0.0000	0.0000	0.0000	0	1.00	0.2624	0.2264	-0.4830	1.421	0	nan	nan	nan	nan	nan	nan
120216	0.157	-1.007	0.823	1.50	0.56	-0.87	0.006	0.021	0.011	0.007	0.000	0.008	0.0000	0.0000	0.0000	0.0000	0.0000	0.0000	0	1.00	0.2624	0.2264	-0.4830	1.421	0	nan	nan	nan	nan	nan	nan
120224	0.169	-1.004	0.809	1.41	0.35	-0.99	0.018	0.014	0.010	0.007	0.000	0.008	0.0000	0.0000	0.0000	0.0000	0.0000	0.0000	0	1.00	0.2624	0.2264	-0.4830	1.421	0	nan	nan	nan	nan	nan	nan
120232	0.178	-1.002	0.798	1.50	0.30	-0.61	0.016	0.011	0.020	0.007	0.000	0.008	0.0000	0.0000	0.0000	0.0000	0.0000	0.0000	0	1.00	0.2624	0.2264	-0.4830	1.421	0	nan	nan	nan	nan	nan	nan
120240	0.188	-0.997	0.783	1.13	-0.04	-0.86	0.017	0.004	0.005	0.007	0.000	0.008	0.0000	0.0000	0.0000	0.0000	0.0000	0.0000	0	1.00	0.2624	0.2264	-0.4830	1.421	0	nan	nan	nan	nan	nan	nan
120248	0.194	-0.990	0.770	1.29	-0.09	-0.65	0.003	0.002	0.002	0.007	0.000	0.008	0.0000	0.0000	0.0000	0.0000	0.0000	0.0000	0	1.00	0.2624	0.2264	-0.4830	1.421	0	nan	nan	nan	nan	nan	nan
120256	0.202	-0.985	0.757	1.07	0.03	-0.45	-0.005	0.001	0.001	0.007	0.000	0.008	0.0000	0.0000	0.0000	0.0000	0.0000	0.0000	0	1.00	0.2624	0.2264	-0.4830	1.421	0	nan	nan	nan	nan	nan	nan
120264	0.208	-0.985	0.752	0.88	-0.08	-0.57	-0.000	0.002	-0.014	0.007	0.000	0.008	0.0000	0.0000	0.0000	0.0000	0.0000	0.0000	0	1.00	0.2624	0.2264	-0.4830	1.421	0	nan	nan	nan	nan	nan	nan
120272	0.215	-0.983	0.743	0.66	-0.15	-0.80	-0.021	-0.011	-0.004	0.007	0.000	0.008	0.0000	0.0000	0.0000	0.0000	0.0000	0.0000	0	1.00	0.2624	0.2264	-0.4830	1.421	0	nan	nan	nan	nan	nan	nan
120280	0.221	-0.987	0.741	0.32	-0.29	-0.43	-0.012	-0.031	-0.005	0.007	0.000	0.008	0.0000	0.0000	0.0000	0.0000	0.0000	0.0000	0	1.00	0.2624	0.2264	-0.4830	1.421	0	nan	nan	nan	nan	nan	nan
120288	0.225	-0.987	0.736	0.35	-0.46	-0.51	-0.010	-0.001	-0.005	0.007	0.000	0.008	0.0000	0.0000	0.0000	0.0000	0.0000	0.0000	0	1.00	0.2624	0.2264	-0.4830	1.421	0	nan	nan	nan	nan	nan	nan
120297	0.240	-0.994	0.728	0.49	-0.34	-0.65	0.003	0.022	-0.003	0.007	0.000	0.008	0.0000	0.0000	0.0000	0.0000	0.0000	0.0000	0	1.00	0.2624	0.2264	-0.4830	1.421	0	nan	nan	nan	nan	nan	nan
120305	0.247	-0.993	0.720	0.65	-0.52	-0.74	0.003	0.039	0.003	0.007	0.000	0.008	0.0000	0.0000	0.0000	0.0000	0.0000	0.0000	0	1.00	0.2624	0.2264	-0.4830	1.421	0	nan	nan	nan	nan	nan	nan
120313	0.253	-0.991	0.712	0.57	-0.42	-0.56	0.021	0.015	0.010	0.007	0.000	0.008	0.0000	0.0000	0.0000	0.0000	0.0000	0.0000	0	1.00	0.2624	0.2264	-0.4830	1.421	0	nan	nan	nan	nan	nan	nan
120321	0.263	-0.994	0.705	0.84	-0.58	-0.46	0.011	0.038	0.008	0.007	0.000	0.008	0.0000	0.0000	0.0000	0.0000	0.0000	0.0000	0	1.00	0.2624	0.2264	-0.4830	1.421	0	nan	nan	nan	nan	nan	nan
120329	0.273	-1.001	0.702	0.93	-0.32	0.05	0.013	0.028	0.000	0.007	0.000	0.008	0.0000	0.0000	0.0000	0.0000	0.0000	0.0000	0	1.00	0.2624	0.2264	-0.4830	1.421	0	nan	nan	nan	nan	nan	nan
120337	0.284	-1.007	0.697	1.25	-0.05	-0.02	0.001	0.009	-0.006	0.007	0.000	0.008	0.0000	0.0000	0.0000	0.0000	0.0000	0.0000	0	1.00	0.2624	0.2264	-0.4830	1.421	0	nan	nan	nan	nan	nan	nan
120345	0.293	-1.012	0.693	1.67	-0.24	-0.03	0.012	-0.018	-0.005	0.007	0.000	0.008	0.0000	0.0000	0.0000	0.0000	0.0000	0.0000	0	1.00	0.2624	0.2264	-0.4830	1.421	0	nan	nan	nan	nan	nan	nan
120354	0.300	-1.022	0.695	1.37	-0.25	-0.04	-0.005	-0.022	0.002	0.007	0.000	0.008	0.0000	0.0000	0.0000	0.0000	0.0000	0.0000	0	1.00	0.2624	0.2264	-0.4830	1.421	0	nan	nan	nan	nan	nan	nan
120362	0.305	-1.031	0.699	1.39	-0.15	0.06	-0.011	-0.040	0.011	0.007	0.000	0.008	0.0000	0.0000	0.0000	0.0000	0.0000	0.0000	0	1.00	0.2624	0.2264	-0.4830	1.421	0	nan	nan	nan	nan	nan	nan
120370	0.312	-1.037	0.698	1.27	0.17	-0.05	-0.003	-0.025	0.022	0.007	0.000	0.008	0.0000	0.0000	0.0000	0.0000	0.0000	0.0000	0	1.00	0.2624	0.2264	-0.4830	1.421	0	nan	nan	nan	nan	nan	nan
120378	0.321	-1.047	0.699	1.43	-0.16	-0.30	0.002	-0.036	0.012	0.007	0.000	0.008	0.0000	0.0000	0.0000	0.0000	0.0000	0.0000	0	1.00	0.2624	0.2264	-0.4830	1.421	0	nan	nan	nan	nan	nan	nan
120386	0.330	-1.052	0.694	1.04	-0.27	-0.23	0.001	-0.008	0.023	0.007	0.000	0.008	0.0000	0.0000	0.0000	0.0000	0.0000	0.0000	0	1.00	0.2624	0.2264	-0.4830	1.421	0	nan	nan	nan	nan	nan	nan
120394	0.343	-1.058	0.687	1.21	-0.12	-0.34	-0.007	-0.021	0.013	0.007	0.000	0.008	0.0000	0.0000	0.0000	0.0000	0.0000	0.0000	0	1.00	0.2624	0.2264	-0.4830	1.421	0	nan	nan	nan	nan	nan	nan
120402	0.349	-1.065	0.688	1.42	0.11	-0.45	-0.007	0.004	0.013	0.007	0.000	0.008	0.0000	0.0000	0.0000	0.0000	0.0000	0.0000	0	1.00	0.2624	0.2264	-0.4830	1.421	0	nan	nan	nan	nan	nan	nan
120411	0.352	-1.069	0.689	1.15	0.10	-0.38	-0.004	-0.007	-0.000	0.007	0.000	0.008	0.0000	0.0000	0.0000	0.0000	0.0000	0.0000	0	1.00	0.2624	0.2264	-0.4830	1.421	0	nan	nan	nan	nan	nan	nan
120419	0.362	-1.077	0.687	1.13	0.00	-0.47	-0.007	0.016	-0.002	0.007	0.000	0.008	0.0000	0.0000	0.0000	0.0000	0.0000	0.0000	0	1.00	0.2624	0.2264	-0.4830	1.421	0	nan	nan	nan	nan	nan	nan
120427	0.378	-1.083	0.677	1.37	0.39	-0.68	0.001	0.040	-0.004	0.007	0.000	0.008	0.0000	0.0000	0.0000	0.0000	0.0000	0.0000	0	1.00	0.2624	0.2264	-0.4830	1.421	0	nan	nan	nan	nan	nan	nan
120435	0.381	-1.083	0.674	1.23	0.58	-0.84	-0.004	0.020	-0.028	0.007	0.000	0.008	0.0000	0.0000	0.0000	0.0000	0.0000	0.0000	0	1.00	0.2624	0.2264	-0.4830	1.421	0	nan	nan	nan	nan	nan	nan
120443	0.386	-1.082	0.668	1.04	0.27	-1.07	-0.009	0.023	-0.016	0.007	0.000	0.008	0.0000	0.0000	0.0000	0.0000	0.0000	0.0000	0	1.00	0.2624	0.2264	-0.4830	1.421	0	nan	nan	nan	nan	nan	nan
120451	0.394	-1.081	0.659	1.01	0.67	-0.92	-0.002	0.026	-0.022	0.007	0.000	0.008	0.0000	0.0000	0.0000	0.0000	0.0000	0.0000	0	1.00	0.2624	0.2264	-0.4830	1.421	0	nan	nan	nan	nan	nan	nan
120459	0.401	-1.080	0.650	0.83	0.71	-0.88	0.002	0.002	-0.015	0.007	0.000	0.008	0.0000	0.0000	0.0000	0.0000	0.0000	0.0000	0	1.00	0.2624	0.2264	-0.4830	1.421	0	nan	nan	nan	nan	nan	nan
120467	0.415	-1.079	0.635	1.01	1.02	-0.84	0.018	0.015	0.003	0.007	0.000	0.008	0.0000	0.0000	0.0000	0.0000	0.0000	0.0000	0	1.00	0.2624	0.2264	-0.4830	1.421	0	nan	nan	nan	nan	nan	nan
120475	0.423	-1.076	0.625	0.87	1.00	-1.11	0.039	-0.010	0.023	0.007	0.000	0.008	0.0000	0.0000	0.0000	0.0000	0.0000	0.0000	0	1.00	0.2624	0.2264	-0.4830	1.421	0	nan	nan	nan	nan	nan	nan
120483	0.433	-1.075	0.614	0.95	0.84	-0.92	0.039	-0.013	0.045	0.007	0.000	0.008	0.0000	0.0000	0.0000	0.0000	0.0000	0.0000	0	1.00	0.2624	0.2264	-0.4830	1.421	0	nan	nan	nan	nan	nan	nan
120491	0.438	-1.070	0.604	1.23	0.86	-0.38	0.034	-0.028	0.038	0.007	0.000	0.008	0.0000	0.0000	0.0000	0.0000	0.0000	0.0000	0	1.00	0.2624	0.2264	-0.4830	1.421	0	nan	nan	nan	nan	nan	nan
120499	0.442	-1.066	0.596	1.09	1.07	-0.44	0.027	-0.016	0.027	0.007	0.000	0.008	0.0000	0.0000	0.0000	0.0000	0.0000	0.0000	0	1.00	0.2624	0.2264	-0.4830	1.421	0	nan	nan	nan	nan	nan	nan
120507	0.448	-1.059	0.583	1.26	1.35	-1.11	0.028	0.008	0.006	0.007	0.000	0.008	0.0000	0.0000	0.0000	0.0000	0.0000	0.0000	0	1.00	0.2624	0.2264	-0.4830	1.421	0	nan	nan	nan	nan	nan	nan
120515	0.451	-1.058	0.579	1.06	1.10	-0.66	0.009	-0.002	0.003	0.007	0.000	0.008	0.0000	0.0000	0.0000	0.0000	0.0000	0.0000	0	1.00	0.2624	0.2264	-0.4830	1.421	0	nan	nan	nan	nan	nan	nan
120523	0.458	-1.054	0.569	0.99	1.18	-1.19	0.004	0.014	-0.017	0.007	0.000	0.008	0.0000	0.0000	0.0000	0.0000	0.0000	0.0000	0	1.00	0.2624	0.2264	-0.4830	1.421	0	nan	nan	nan	nan	nan	nan
120532	0.462	-1.053	0.563	0.73	1.56	-0.89	-0.015	-0.001	-0.022	0.007	0.000	0.008	0.0000	0.0000	0.0000	0.0000	0.0000	0.0000	0	1.00	0.2624	0.2264	-0.4830	1.421	0	nan	nan	nan	nan	nan	nan
120540	0.460	-1.042	0.555	0.73	1.27	-1.35	-0.016	0.019	-0.019	0.007	0.000	0.008	0.0000	0.0000	0.0000	0.0000	0.0000	0.0000	0	1.00	0.2624	0.2264	-0.4830	1.421	0	nan	nan	nan	nan	nan	nan
120548	0.463	-1.033	0.543	0.58	1.00	-0.93	-0.037	0.028	-0.020	0.007	0.000	0.008	0.0000	0.0000	0.0000	0.0000	0.0000	0.0000	0	1.00	0.2624	0.2264	-0.4830	1.421	0	nan	nan	nan	nan	nan	nan
120556	0.461	-1.020	0.532	0.57	1.54	-1.35	-0.036	0.027	-0.018	0.007	0.000	0.008	0.0000	0.0000	0.0000	0.0000	0.0000	0.0000	0	1.00	0.2624	0.2264	-0.4830	1.421	0	nan	nan	nan	nan	nan	nan
120564	0.465	-1.008	0.517	0.53	1.22	-1.41	-0.031	0.011	-0.029	0.007	0.000	0.008	0.0000	0.0000	0.0000	0.0000	0.0000	0.0000	0	1.00	0.2624	0.2264	-0.4830	1.421	0	nan	nan	nan	nan	nan	nan
120572	0.467	-0.995	0.503	0.70	1.22	-1.06	-0.016	0.001	-0.041	0.007	0.000	0.008	0.0000	0.0000	0.0000	0.0000	0.0000	0.0000	0	1.00	0.2624	0.2264	-0.4830	1.421	0	nan	nan	nan	nan	nan	nan
120580	0.465	-0.981	0.489	0.79	1.56	-1.07	-0.024	-0.007	-0.032	0.007	0.000	0.008	0.0000	0.0000	0.0000	0.0000	0.0000	0.0000	0	1.00	0.2624	0.2264	-0.4830	1.421	0	nan	nan	nan	nan	nan	nan
120588	0.474	-0.974	0.475	0.79	1.48	-0.55	-0.013	-0.026	-0.030	0.007	0.000	0.008	0.0000	0.0000	0.0000	0.0000	0.0000	0.0000	0	1.00	0.2624	0.2264	-0.4830	1.421	0	nan	nan	nan	nan	nan	nan
120596	0.478	-0.963	0.460	0.69	1.35	-0.76	0.014	-0.021	-0.027	0.007	0.000	0.008	0.0000	0.0000	0.0000	0.0000	0.0000	0.0000	0	1.00	0.2624	0.2264	-0.4830	1.421	0	nan	nan	nan	nan	nan	nan
120604	0.485	-0.957	0.446	0.81	0.86	-0.48	0.011	-0.018	0.016	0.007	0.000	0.008	0.0000	0.0000	0.0000	0.0000	0.0000	0.0000	0	1.00	0.2624	0.2264	-0.4830	1.421	0	nan	nan	nan	nan	nan	nan
120612	0.487	-0.945	0.434	0.82	1.01	-0.76	0.018	-0.023	0.020	0.007	0.000	0.008	0.0000	0.0000	0.0000	0.0000	0.0000	0.0000	0	1.00	0.2624	0.2264	-0.4830	1.421	0	nan	nan	nan	nan	nan	nan
120620	0.483	-0.930	0.423	0.67	0.79	-0.38	0.016	0.008	0.031	0.007	0.000	0.008	0.0000	0.0000	0.0000	0.0000	0.0000	0.0000	0	1.00	0.2624	0.2264	-0.4830	1.421	0	nan	nan	nan	nan	nan	nan
120628	0.487	-0.924	0.413	0.76	0.71	-0.28	0.026	0.011	0.036	0.007	0.000	0.008	0.0000	0.0000	0.0000	0.0000	0.0000	0.0000	0	1.00	0.2624	0.2264	-0.4830	1.421	0	nan	nan	nan	nan	nan	nan
120636	0.486	-0.916	0.406	0.60	0.56	-0.61	0.019	0.019	0.040	0.007	0.000	0.008	0.0000	0.0000	0.0000	0.0000	0.0000	0.0000	0	1.00	0.2624	0.2264	-0.4830	1.421	0	nan	nan	nan	nan	nan	nan
120644	0.494	-0.910	0.393	0.65	0.45	-0.55	0.011	0.023	0.037	0.007	0.000	0.008	0.0000	0.0000	0.0000	0.0000	0.0000	0.0000	0	1.00	0.2624	0.2264	-0.4830	1.421	0	nan	nan	nan	nan	nan	nan
120652	0.491	-0.900	0.386	0.45	0.55	-0.45	0.001	0.036	0.029	0.007	0.000	0.008	0.0000	0.0000	0.0000	0.0000	0.0000	0.0000	0	1.00	0.2624	0.2264	-0.4830	1.421	0	nan	nan	nan	nan	nan	nan
120661	0.492	-0.900	0.385	0.80	0.16	-0.40	-0.016	0.027	0.011	0.007	0.000	0.008	0.0000	0.0000	0.0000	0.0000	0.0000	0.0000	0	1.00	0.2624	0.2264	-0.4830	1.421	0	nan	nan	nan	nan	nan	nan
120669	0.493	-0.898	0.381	0.45	-0.12	-0.52	-0.012	0.022	0.005	0.007	0.000	0.008	0.0000	0.0000	0.0000	0.0000	0.0000	0.0000	0	1.00	0.2624	0.2264	-0.4830	1.421	0	nan	nan	nan	nan	nan	nan
120677	0.503	-0.904	0.377	0.66	-0.76	-0.20	-0.016	0.002	-0.007	0.007	0.000	0.008	0.0000	0.0000	0.0000	0.0000	0.0000	0.0000	0	1.00	0.2624	0.2264	-0.4830	1.421	0	nan	nan	nan	nan	nan	nan
120685	0.510	-0.905	0.371	0.41	-0.70	-0.32	-0.033	-0.015	-0.021	0.007	0.000	0.008	0.0000	0.0000	0.0000	0.0000	0.0000	0.0000	0	1.00	0.2624	0.2264	-0.4830	1.421	0	nan	nan	nan	nan	nan	nan
120693	0.516	-0.911	0.371	0.48	-0.87	-0.75	-0.022	-0.027	-0.022	0.007	0.000	0.008	0.0000	0.0000	0.0000	0.0000	0.0000	0.0000	0	1.00	0.2624	0.2264	-0.4830	1.421	0	nan	nan	nan	nan	nan	nan
120701	0.522	-0.915	0.370	0.33	-0.95	-0.83	-0.008	-0.019	-0.006	0.007	0.000	0.008	0.0000	0.0000	0.0000	0.0000	0.0000	0.0000	0	1.00	0.2624	0.2264	-0.4830	1.421	0	nan	nan	nan	nan	nan	nan
120709	0.530	-0.919	0.366	0.30	-0.66	-0.88	-0.002	-0.040	-0.010	0.007	0.000	0.008	0.0000	0.0000	0.0000	0.0000	0.0000	0.0000	0	1.00	0.2624	0.2264	-0.4830	1.421	0	nan	nan	nan	nan	nan	nan
120717	0.536	-0.919	0.359	0.21	-1.52	-0.79	-0.002	-0.024	0.013	0.007	0.000	0.008	0.0000	0.0000	0.0000	0.0000	0.0000	0.0000	0	1.00	0.2624	0.2264	-0.4830	1.421	0	nan	nan	nan	nan	nan	nan
120726	0.545	-0.920	0.351	0.07	-1.42	-0.43	0.013	-0.034	-0.007	0.007	0.000	0.008	0.0000	0.0000	0.0000	0.0000	0.0000	0.0000	0	1.00	0.2624	0.2264	-0.4830	1.421	0	nan	nan	nan	nan	nan	nan
120734	0.554	-0.923	0.345	-0.01	-1.55	-0.31	0.013	-0.015	-0.010	0.007	0.000	0.008	0.0000	0.0000	0.0000	0.0000	0.0000	0.0000	0	1.00	0.2624	0.2264	-0.4830	1.421	0	nan	nan	nan	nan	nan	nan
120742	0.565	-0.937	0.347	0.06	-1.42	0.00	0.014	-0.008	-0.010	0.007	0.000	0.008	0.0000	0.0000	0.0000	0.0000	0.0000	0.0000	0	1.00	0.2624	0.2264	-0.4830	1.421	0	nan	nan	nan	nan	nan	nan
120750	0.570	-0.941	0.346	-0.16	-1.41	0.00	0.016	-0.013	0.006	0.007	0.000	0.008	0.0000	0.0000	0.0000	0.0000	0.0000	0.0000	0	1.00	0.2624	0.2264	-0.4830	1.421	0	nan	nan	nan	nan	nan	nan
120758	0.575	-0.947	0.347	-0.28	-1.24	0.17	0.022	0.017	-0.015	0.007	0.000	0.008	0.0000	0.0000	0.0000	0.0000	0.0000	0.0000	0	1.00	0.2624	0.2264	-0.4830	1.421	0	nan	nan	nan	nan	nan	nan
120766	0.581	-0.956	0.350	0.06	-1.09	0.41	0.011	0.003	-0.015	0.007	0.000	0.008	0.0000	0.0000	0.0000	0.0000	0.0000	0.0000	0	1.00	0.2624	0.2264	-0.4830	1.421	0	nan	nan	nan	nan	nan	nan
120774	0.588	-0.963	0.350	-0.18	-1.14	0.28	0.002	0.010	-0.025	0.007	0.000	0.008	0.0000	0.0000	0.0000	0.0000	0.0000	0.0000	0	1.00	0.2624	0.2264	-0.4830	1.421	0	nan	nan	nan	nan	nan	nan
120782	0.595	-0.974	0.354	-0.58	-1.11	0.65	-0.009	0.019	-0.017	0.007	0.000	0.008	0.0000	0.0000	0.0000	0.0000	0.0000	0.0000	0	1.00	0.2624	0.2264	-0.4830	1.421	0	nan	nan	nan	nan	nan	nan
120790	0.593	-0.983	0.363	-0.26	-1.03	0.90	-0.008	0.005	-0.027	0.007	0.000	0.008	0.0000	0.0000	0.0000	0.0000	0.0000	0.0000	0	1.00	0.2624	0.2264	-0.4830	1.421	0	nan	nan	nan	nan	nan	nan
120798	0.590	-0.989	0.373	-0.43	-0.58	0.40	-0.015	0.015	-0.025	0.007	0.000	0.008	0.0000	0.0000	0.0000	0.0000	0.0000	0.0000	0	1.00	0.2624	0.2264	-0.4830	1.421	0	nan	nan	nan	nan	nan	nan
120806	0.584	-0.995	0.385	-0.68	-0.63	0.70	-0.005	0.007	-0.024	0.007	0.000	0.008	0.0000	0.0000	0.0000	0.0000	0.0000	0.0000	0	1.00	0.2624	0.2264	-0.4830	1.421	0	nan	nan	nan	nan	nan	nan
120814	0.580	-1.002	0.396	-0.54	-0.32	0.67	-0.003	-0.002	-0.001	0.007	0.000	0.008	0.0000	0.0000	0.0000	0.0000	0.0000	0.0000	0	1.00	0.2624	0.2264	-0.4830	1.421	0	nan	nan	nan	nan	nan	nan
120822	0.569	-1.006	0.411	-0.01	-0.33	1.00	-0.008	-0.004	0.002	0.007	0.000	0.008	0.0000	0.0000	0.0000	0.0000	0.0000	0.0000	0	1.00	0.2624	0.2264	-0.4830	1.421	0	nan	nan	nan	nan	nan	nan
120830	0.562	-1.012	0.423	-0.18	0.15	0.79	-0.005	-0.025	0.014	0.007	0.000	0.008	0.0000	0.0000	0.0000	0.0000	0.0000	0.0000	0	1.00	0.2624	0.2264	-0.4830	1.421	0	nan	nan	nan	nan	nan	nan
120839	0.558	-1.012	0.427	0.14	0.18	0.65	-0.006	-0.026	0.032	0.007	0.000	0.008	0.0000	0.0000	0.0000	0.0000	0.0000	0.0000	0	1.00	0.2624	0.2264	-0.4830	1.421	0	nan	nan	nan	nan	nan	nan
120847	0.557	-1.019	0.435	-0.08	-0.10	0.63	0.007	-0.021	0.043	0.007	0.000	0.008	0.0000	0.0000	0.0000	0.0000	0.0000	0.0000	0	1.00	0.2624	0.2264	-0.4830	1.421	0	nan	nan	nan	nan	nan	nan
120855	0.548	-1.024	0.449	0.46	-0.55	0.53	0.010	-0.013	0.071	0.007	0.000	0.008	0.0000	0.0000	0.0000	0.0000	0.0000	0.0000	0	1.00	0.2624	0.2264	-0.4830	1.421	0	nan	nan	nan	nan	nan	nan
120863	0.544	-1.024	0.453	0.44	-0.38	0.18	0.019	-0.014	0.059	0.007	0.000	0.008	0.0000	0.0000	0.0000	0.0000	0.0000	0.0000	0	1.00	0.2624	0.2264	-0.4830	1.421	0	nan	nan	nan	nan	nan	nan
120871	0.541	-1.026	0.457	0.58	-0.57	0.33	0.018	0.002	0.063	0.007	0.000	0.008	0.0000	0.0000	0.0000	0.0000	0.0000	0.0000	0	1.00	0.2624	0.2264	-0.4830	1.421	0	nan	nan	nan	nan	nan	nan
120879	0.540	-1.026	0.459	0.87	-0.72	0.18	0.019	-0.010	0.054	0.007	0.000	0.008	0.0000	0.0000	0.0000	0.0000	0.0000	0.0000	0	1.00	0.2624	0.2264	-0.4830	1.421	0	nan	nan	nan	nan	nan	nan
120887	0.538	-1.027	0.462	1.04	-0.48	-0.01	0.010	-0.003	0.028	0.007	0.000	0.008	0.0000	0.0000	0.0000	0.0000	0.0000	0.0000	0	1.00	0.2624	0.2264	-0.4830	1.421	0	nan	nan	nan	nan	nan	nan
120895	0.540	-1.035	0.468	1.33	-0.53	-0.14	0.011	-0.008	-0.001	0.007	0.000	0.008	0.0000	0.0000	0.0000	0.0000	0.0000	0.0000	0	1.00	0.2624	0.2264	-0.4830	1.421	0	nan	nan	nan	nan	nan	nan
120903	0.537	-1.032	0.468	1.21	-0.62	-0.14	-0.014	0.015	-0.012	0.007	0.000	0.008	0.0000	0.0000	0.0000	0.0000	0.0000	0.0000	0	1.00	0.2624	0.2264	-0.4830	1.421	0	nan	nan	nan	nan	nan	nan
120911	0.540	-1.036	0.469	1.32	-0.68	-0.30	-0.006	0.020	-0.034	0.007	0.000	0.008	0.0000	0.0000	0.0000	0.0000	0.0000	0.0000	0	1.00	0.2624	0.2264	-0.4830	1.421	0	nan	nan	nan	nan	nan	nan
120920	0.543	-1.036	0.466	1.19	-0.88	-0.50	-0.016	0.018	-0.046	0.007	0.000	0.008	0.0000	0.0000	0.0000	0.0000	0.0000	0.0000	0	1.00	0.2624	0.2264	-0.4830	1.421	0	nan	nan	nan	nan	nan	nan
120928	0.552	-1.041	0.462	1.38	-0.85	-0.30	-0.026	0.031	-0.067	0.007	0.000	0.008	0.0000	0.0000	0.0000	0.0000	0.0000	0.0000	0	1.00	0.2624	0.2264	-0.4830	1.421	0	nan	nan	nan	nan	nan	nan
120936	0.564	-1.049	0.458	1.71	-1.08	-0.61	-0.028	0.012	-0.064	0.007	0.000	0.008	0.0000	0.0000	0.0000	0.0000	0.0000	0.0000	0	1.00	0.2624	0.2264	-0.4830	1.421	0	nan	nan	nan	nan	nan	nan
120944	0.575	-1.059	0.456	1.73	-0.98	-0.51	-0.023	-0.004	-0.061	0.007	0.000	0.008	0.0000	0.0000	0.0000	0.0000	0.0000	0.0000	0	1.00	0.2624	0.2264	-0.4830	1.421	0	nan	nan	nan	nan	nan	nan
120952	0.587	-1.064	0.449	2.01	-0.99	-0.69	-0.006	-0.012	-0.026	0.007	0.000	0.008	0.0000	0.0000	0.0000	0.0000	0.0000	0.0000	0	1.00	0.2624	0.2264	-0.4830	1.421	0	nan	nan	nan	nan	nan	nan
120960	0.602	-1.075	0.445	2.00	-1.10	-0.46	0.011	-0.013	-0.024	0.007	0.000	0.008	0.0000	0.0000	0.0000	0.0000	0.0000	0.0000	0	1.00	0.2624	0.2264	-0.4830	1.421	0	nan	nan	nan	nan	nan	nan
120968	0.615	-1.090	0.447	2.43	-1.61	-0.27	0.020	-0.015	0.006	0.007	0.000	0.008	0.0000	0.0000	0.0000	0.0000	0.0000	0.0000	0	1.00	0.2624	0.2264	-0.4830	1.421	0	nan	nan	nan	nan	nan	nan
120976	0.626	-1.104	0.449	1.97	-1.57	-0.49	0.022	-0.022	0.024	0.007	0.000	0.008	0.0000	0.0000	0.0000	0.0000	0.0000	0.0000	0	1.00	0.2624	0.2264	-0.4830	1.421	0	nan	nan	nan	nan	nan	nan
120984	0.642	-1.117	0.446	2.26	-1.53	-0.71	0.028	-0.018	0.028	0.007	0.000	0.008	0.0000	0.0000	0.0000	0.0000	0.0000	0.0000	0	1.00	0.2624	0.2264	-0.4830	1.421	0	nan	nan	nan	nan	nan	nan
120992	0.655	-1.129	0.445	2.17	-1.62	-0.63	0.030	-0.011	0.041	0.007	0.000	0.008	0.0000	0.0000	0.0000	0.0000	0.0000	0.0000	0	1.00	0.2624	0.2264	-0.4830	1.421	0	nan	nan	nan	nan	nan	nan
121001	0.669	-1.139	0.439	2.04	-1.61	-0.62	0.030	-0.028	0.032	0.007	0.000	0.008	0.0000	0.0000	0.0000	0.0000	0.0000	0.0000	0	1.00	0.2624	0.2264	-0.4830	1.421	0	nan	nan	nan	nan	nan	nan
121009	0.686	-1.148	0.432	2.00	-1.60	-0.70	0.024	0.008	0.038	0.007	0.000	0.008	0.0000	0.0000	0.0000	0.0000	0.0000	0.0000	0	1.00	0.2624	0.2264	-0.4830	1.421	0	nan	nan	nan	nan	nan	nan
121017	0.703	-1.152	0.418	1.92	-1.44	-0.88	0.005	-0.002	0.022	0.007	0.000	0.008	0.0000	0.0000	0.0000	0.0000	0.0000	0.0000	0	1.00	0.2624	0.2264	-0.4830	1.421	0	nan	nan	nan	nan	nan	nan
121025	0.726	-1.161	0.404	2.16	-1.15	-0.68	-0.004	0.020	-0.020	0.007	0.000	0.008	0.0000	0.0000	0.0000	0.0000	0.0000	0.0000	0	1.00	0.2624	0.2264	-0.4830	1.421	0	nan	nan	nan	nan	nan	nan
121033	0.754	-1.179	0.394	2.70	-1.46	-0.48	-0.017	0.028	-0.029	0.007	0.000	0.008	0.0000	0.0000	0.0000	0.0000	0.0000	0.0000	0	1.00	0.2624	0.2264	-0.4830	1.421	0	nan	nan	nan	nan	nan	nan
121041	0.785	-1.199	0.382	3.15	-1.30	-0.66	-0.026	0.013	-0.026	0.007	0.000	0.008	0.0000	0.0000	0.0000	0.0000	0.0000	0.0000	0	1.00	0.2624	0.2264	-0.4830	1.421	0	nan	nan	nan	nan	nan	nan
121050	0.810	-1.216	0.374	2.86	-1.63	-0.47	-0.034	0.019	-0.056	0.007	0.000	0.008	0.0000	0.0000	0.0000	0.0000	0.0000	0.0000	0	1.00	0.2624	0.2264	-0.4830	1.421	0	nan	nan	nan	nan	nan	nan
121058	0.842	-1.240	0.365	2.92	-1.63	-0.64	-0.048	0.005	-0.045	0.007	0.000	0.008	0.0000	0.0000	0.0000	0.0000	0.0000	0.0000	0	1.00	0.2624	0.2264	-0.4830	1.421	0	nan	nan	nan	nan	nan	nan
121066	0.876	-1.269	0.360	2.94	-1.99	-0.40	-0.031	0.002	-0.042	0.007	0.000	0.008	0.0000	0.0000	0.0000	0.0000	0.0000	0.0000	0	1.00	0.2624	0.2264	-0.4830	1.421	0	nan	nan	nan	nan	nan	nan
121074	0.904	-1.288	0.351	2.65	-2.01	-0.51	-0.016	-0.017	-0.030	0.007	0.000	0.008	0.0000	0.0000	0.0000	0.0000	0.0000	0.0000	0	1.00	0.2624	0.2264	-0.4830	1.421	0	nan	nan	nan	nan	nan	nan
121082	0.929	-1.305	0.342	2.16	-2.02	-0.43	0.009	-0.025	-0.018	0.007	0.000	0.008	0.0000	0.0000	0.0000	0.0000	0.0000	0.0000	0	1.00	0.2624	0.2264	-0.4830	1.421	0	nan	nan	nan	nan	nan	nan
121090	0.949	-1.322	0.338	2.11	-2.13	-0.28	0.020	-0.023	-0.010	0.007	0.000	0.008	0.0000	0.0000	0.0000	0.0000	0.0000	0.0000	0	1.00	0.2624	0.2264	-0.4830	1.421	0	nan	nan	nan	nan	nan	nan
121098	0.967	-1.336	0.334	1.48	-1.66	0.10	0.022	-0.040	0.006	0.007	0.000	0.008	0.0000	0.0000	0.0000	0.0000	0.0000	0.0000	0	1.00	0.2624	0.2264	-0.4830	1.421	0	nan	nan	nan	nan	nan	nan
121106	0.985	-1.350	0.330	1.69	-1.87	0.41	0.033	-0.037	0.014	0.007	0.000	0.008	0.0000	0.0000	0.0000	0.0000	0.0000	0.0000	0	1.00	0.2624	0.2264	-0.4830	1.421	0	nan	nan	nan	nan	nan	nan
121115	1.000	-1.361	0.325	1.52	-1.30	0.55	0.030	-0.029	0.028	0.007	0.000	0.008	0.0000	0.0000	0.0000	0.0000	0.0000	0.0000	0	1.00	0.2624	0.2264	-0.4830	1.421	0	nan	nan	nan	nan	nan	nan
121123	1.013	-1.373	0.324	1.51	-1.24	0.18	0.031	-0.017	0.032	0.007	0.000	0.008	0.0000	0.0000	0.0000	0.0000	0.0000	0.0000	0	1.00	0.2624	0.2264	-0.4830	1.421	0	nan	nan	nan	nan	nan	nan
121131	1.028	-1.388	0.324	1.54	-1.08	0.51	0.009	0.011	0.033	0.007	0.000	0.008	0.0000	0.0000	0.0000	0.0000	0.0000	0.0000	0	1.00	0.2624	0.2264	-0.4830	1.421	0	nan	nan	nan	nan	nan	nan
121139	1.043	-1.403	0.323	1.44	-0.94	0.48	-0.000	0.041	0.021	0.007	0.000	0.008	0.0000	0.0000	0.0000	0.0000	0.0000	0.0000	0	1.00	0.2624	0.2264	-0.4830	1.421	0	nan	nan	nan	nan	nan	nan
121147	1.056	-1.415	0.322	1.42	-0.95	0.29	-0.001	0.054	0.030	0.007	0.000	0.008	0.0000	0.0000	0.0000	0.0000	0.0000	0.0000	0	1.00	0.2624	0.2264	-0.4830	1.421	0	nan	nan	nan	nan	nan	nan
121155	1.069	-1.426	0.320	1.54	-0.95	0.38	-0.024	0.063	0.011	0.007	0.000	0.008	0.0000	0.0000	0.0000	0.0000	0.0000	0.0000	0	1.00	0.2624	0.2264	-0.4830	1.421	0	nan	nan	nan	nan	nan	nan
121163	1.081	-1.437	0.318	1.51	-0.83	0.50	-0.030	0.068	0.006	0.007	0.000	0.008	0.0000	0.0000	0.0000	0.0000	0.0000	0.0000	0	1.00	0.2624	0.2264	-0.4830	1.421	0	nan	nan	nan	nan	nan	nan
121171	1.091	-1.449	0.320	1.50	-0.73	0.52	-0.038	0.054	-0.005	0.007	0.000	0.008	0.0000	0.0000	0.0000	0.0000	0.0000	0.0000	0	1.00	0.2624	0.2264	-0.4830	1.421	0	nan	nan	nan	nan	nan	nan
121179	1.098	-1.459	0.323	1.29	-0.78	0.46	-0.034	0.043	-0.025	0.006	0.000	0.008	0.0000	0.0000	0.0000	0.0000	0.0000	0.0000	0	1.00	0.2624	0.2264	-0.4830	1.421	0	nan	nan	nan	nan	nan	nan
121187	1.104	-1.474	0.331	1.26	-1.12	0.30	-0.017	0.015	-0.025	0.006	0.000	0.008	0.0000	0.0000	0.0000	0.0000	0.0000	0.0000	0	1.00	0.2624	0.2264	-0.4830	1.421	0	nan	nan	nan	nan	nan	nan
121195	1.110	-1.483	0.334	1.09	-0.92	0.50	-0.008	-0.007	-0.034	0.006	0.000	0.008	0.0000	0.0000	0.0000	0.0000	0.0000	0.0000	0	1.00	0.2624	0.2264	-0.4830	1.421	0	nan	nan	nan	nan	nan	nan
121203	1.119	-1.501	0.342	1.01	-1.11	0.23	0.019	-0.037	-0.011	0.006	0.000	0.008	0.0000	0.0000	0.0000	0.0000	0.0000	0.0000	0	1.00	0.2624	0.2264	-0.4830	1.421	0	nan	nan	nan	nan	nan	nan
121211	1.128	-1.513	0.345	1.09	-1.21	0.04	0.027	-0.039	-0.020	0.006	0.000	0.008	0.0000	0.0000	0.0000	0.0000	0.0000	0.0000	0	1.00	0.2624	0.2264	-0.4830	1.421	0	nan	nan	nan	nan	nan	nan
121220	1.137	-1.519	0.342	0.78	-1.41	-0.08	0.036	-0.052	-0.009	0.006	0.000	0.008	0.0000	0.0000	0.0000	0.0000	0.0000	0.0000	0	1.00	0.2624	0.2264	-0.4830	1.421	0	nan	nan	nan	nan	nan	nan
121228	1.141	-1.524	0.342	0.83	-0.90	-0.34	0.030	-0.064	0.000	0.007	0.000	0.008	0.0000	0.0000	0.0000	0.0000	0.0000	0.0000	0	1.00	0.2624	0.2264	-0.4830	1.421	0	nan	nan	nan	nan	nan	nan
121236	1.151	-1.534	0.342	1.14	-0.93	-0.29	0.026	-0.050	0.015	0.007	0.000	0.008	0.0000	0.0000	0.0000	0.0000	0.0000	0.0000	0	1.00	0.2624	0.2264	-0.4830	1.421	0	nan	nan	nan	nan	nan	nan
121244	1.161	-1.542	0.341	1.41	-1.05	-0.23	0.016	-0.042	0.012	0.007	0.000	0.008	0.0000	0.0000	0.0000	0.0000	0.0000	0.0000	0	1.00	0.2624	0.2264	-0.4830	1.421	0	nan	nan	nan	nan	nan	nan
121252	1.173	-1.555	0.341	1.38	-0.56	-0.17	-0.001	-0.009	0.007	0.007	0.000	0.008	0.0000	0.0000	0.0000	0.0000	0.0000	0.0000	0	1.00	0.2624	0.2264	-0.4830	1.421	0	nan	nan	nan	nan	nan	nan
121260	1.180	-1.565	0.343	0.84	-0.48	-0.44	-0.009	-0.007	0.021	0.007	0.000	0.008	0.0000	0.0000	0.0000	0.0000	0.0000	0.0000	0	1.00	0.2624	0.2264	-0.4830	1.421	0	nan	nan	nan	nan	nan	nan
121268	1.188	-1.572	0.343	1.07	-0.59	-0.46	-0.019	0.024	0.015	0.007	0.000	0.008	0.0000	0.0000	0.0000	0.0000	0.0000	0.0000	0	1.00	0.2624	0.2264	-0.4830	1.421	0	nan	nan	nan	nan	nan	nan
121276	1.204	-1.581	0.336	1.08	-0.72	-0.76	-0.024	0.032	0.022	0.006	0.000	0.008	0.0000	0.0000	0.0000	0.0000	0.0000	0.0000	0	1.00	0.2624	0.2264	-0.4830	1.421	0	nan	nan	nan	nan	nan	nan
121285	1.220	-1.592	0.330	1.14	-0.68	-0.55	-0.040	0.044	0.019	0.006	0.000	0.008	0.0000	0.0000	0.0000	0.0000	0.0000	0.0000	0	1.00	0.2624	0.2264	-0.4830	1.421	0	nan	nan	nan	nan	nan	nan
121293	1.237	-1.598	0.319	0.90	-0.81	-0.60	-0.029	0.056	0.000	0.006	0.000	0.008	0.0000	0.0000	0.0000	0.0000	0.0000	0.0000	0	1.00	0.2624	0.2264	-0.4830	1.421	0	nan	nan	nan	nan	nan	nan
121301	1.253	-1.603	0.308	0.92	-0.50	-0.72	-0.012	0.033	-0.019	0.006	0.000	0.008	0.0000	0.0000	0.0000	0.0000	0.0000	0.0000	0	1.00	0.2624	0.2264	-0.4830	1.421	0	nan	nan	nan	nan	nan	nan
121309	1.265	-1.613	0.306	0.90	-0.18	-0.48	-0.021	-0.006	-0.038	0.006	0.000	0.007	0.0000	0.0000	0.0000	0.0000	0.0000	0.0000	0	1.00	0.2624	0.2264	-0.4830	1.421	0	nan	nan	nan	nan	nan	nan
121317	1.274	-1.617	0.301	0.79	-0.37	-0.50	-0.002	-0.009	-0.034	0.006	0.000	0.007	0.0000	0.0000	0.0000	0.0000	0.0000	0.0000	0	1.00	0.2624	0.2264	-0.4830	1.421	0	nan	nan	nan	nan	nan	nan
121325	1.283	-1.623	0.297	0.23	0.26	-0.47	0.005	-0.034	-0.036	0.006	0.000	0.007	0.0000	0.0000	0.0000	0.0000	0.0000	0.0000	0	1.00	0.2624	0.2264	-0.4830	1.421	0	nan	nan	nan	nan	nan	nan
121333	1.277	-1.619	0.300	0.22	-0.15	-0.37	0.014	-0.033	-0.027	0.006	0.000	0.007	0.0000	0.0000	0.0000	0.0000	0.0000	0.0000	0	1.00	0.2624	0.2264	-0.4830	1.421	0	nan	nan	nan	nan	nan	nan
121341	1.279	-1.616	0.294	0.10	0.13	0.00	0.035	-0.030	-0.021	0.006	0.000	0.007	0.0000	0.0000	0.0000	0.0000	0.0000	0.0000	0	1.00	0.2624	0.2264	-0.4830	1.421	0	nan	nan	nan	nan	nan	nan
121350	1.283	-1.607	0.282	-0.22	0.25	-0.32	0.041	-0.025	-0.001	0.006	0.000	0.007	0.0000	0.0000	0.0000	0.0000	0.0000	0.0000	0	1.00	0.2624	0.2264	-0.4830	1.421	0	nan	nan	nan	nan	nan	nan
121358	1.291	-1.609	0.276	-0.02	0.34	-0.31	0.035	-0.033	0.015	0.006	0.000	0.007	0.0000	0.0000	0.0000	0.0000	0.0000	0.0000	0	1.00	0.2624	0.2264	-0.4830	1.421	0	nan	nan	nan	nan	nan	nan
121366	1.294	-1.609	0.273	0.08	0.34	-0.40	0.030	0.008	0.037	0.006	0.000	0.007	0.0000	0.0000	0.0000	0.0000	0.0000	0.0000	0	1.00	0.2624	0.2264	-0.4830	1.421	0	nan	nan	nan	nan	nan	nan
121374	1.296	-1.608	0.269	-0.51	0.14	-0.34	0.026	0.021	0.047	0.006	0.000	0.007	0.0000	0.0000	0.0000	0.0000	0.0000	0.0000	0	1.00	0.2624	0.2264	-0.4830	1.421	0	nan	nan	nan	nan	nan	nan
121382	1.298	-1.604	0.264	-0.51	0.26	-0.47	0.008	0.007	0.057	0.006	0.000	0.007	0.0000	0.0000	0.0000	0.0000	0.0000	0.0000	0	1.00	0.2624	0.2264	-0.4830	1.421	0	nan	nan	nan	nan	nan	nan
121390	1.307	-1.607	0.257	-0.89	0.03	-0.70	-0.001	0.016	0.047	0.006	0.000	0.007	0.0000	0.0000	0.0000	0.0000	0.0000	0.0000	0	1.00	0.2624	0.2264	-0.4830	1.421	0	nan	nan	nan	nan	nan	nan
121398	1.310	-1.612	0.259	-1.23	-0.05	-0.70	-0.009	0.013	0.050	0.006	0.000	0.008	0.0000	0.0000	0.0000	0.0000	0.0000	0.0000	0	1.00	0.2624	0.2264	-0.4830	1.421	0	nan	nan	nan	nan	nan	nan
121406	1.305	-1.612	0.264	-1.67	0.17	-0.91	-0.018	0.009	0.019	0.006	0.000	0.008	0.0000	0.0000	0.0000	0.0000	0.0000	0.0000	0	1.00	0.2624	0.2264	-0.4830	1.421	0	nan	nan	nan	nan	nan	nan
121414	1.301	-1.612	0.268	-2.00	-0.15	-0.79	-0.022	0.001	0.000	0.006	0.000	0.008	0.0000	0.0000	0.0000	0.0000	0.0000	0.0000	0	1.00	0.2624	0.2264	-0.4830	1.421	0	nan	nan	nan	nan	nan	nan
121422	1.296	-1.606	0.268	-1.95	0.26	-0.82	-0.025	-0.004	-0.026	0.006	0.000	0.008	0.0000	0.0000	0.0000	0.0000	0.0000	0.0000	0	1.00	0.2624	0.2264	-0.4830	1.421	0	nan	nan	nan	nan	nan	nan
121430	1.288	-1.593	0.263	-2.25	0.45	-0.71	-0.019	-0.004	-0.049	0.006	0.000	0.007	0.0000	0.0000	0.0000	0.0000	0.0000	0.0000	0	1.00	0.2624	0.2264	-0.4830	1.421	0	nan	nan	nan	nan	nan	nan
121438	1.278	-1.583	0.263	-2.61	0.56	-0.78	-0.011	-0.011	-0.065	0.006	0.000	0.007	0.0000	0.0000	0.0000	0.0000	0.0000	0.0000	0	1.00	0.2624	0.2264	-0.4830	1.421	0	nan	nan	nan	nan	nan	nan
121446	1.270	-1.574	0.263	-2.25	0.56	-0.51	-0.012	-0.012	-0.060	0.006	0.000	0.007	0.0000	0.0000	0.0000	0.0000	0.0000	0.0000	0	1.00	0.2624	0.2264	-0.4830	1.421	0	nan	nan	nan	nan	nan	nan
121455	1.261	-1.567	0.264	-2.27	0.92	-0.32	-0.019	0.009	-0.065	0.006	0.000	0.007	0.0000	0.0000	0.0000	0.0000	0.0000	0.0000	0	1.00	0.2624	0.2264	-0.4830	1.421	0	nan	nan	nan	nan	nan	nan
121463	1.253	-1.559	0.265	-2.25	0.91	-0.43	-0.017	-0.001	-0.063	0.006	0.000	0.007	0.0000	0.0000	0.0000	0.0000	0.0000	0.0000	0	1.00	0.2624	0.2264	-0.4830	1.421	0	nan	nan	nan	nan	nan	nan
121471	1.236	-1.543	0.266	-2.23	1.20	-0.22	-0.000	-0.004	-0.040	0.006	0.000	0.007	0.0000	0.0000	0.0000	0.0000	0.0000	0.0000	0	1.00	0.2624	0.2264	-0.4830	1.421	0	nan	nan	nan	nan	nan	nan
121479	1.215	-1.527	0.271	-2.41	1.61	-0.24	0.004	0.004	0.004	0.006	0.000	0.007	0.0000	0.0000	0.0000	0.0000	0.0000	0.0000	0	1.00	0.2624	0.2264	-0.4830	1.421	0	nan	nan	nan	nan	nan	nan
121487	1.196	-1.511	0.275	-2.29	2.07	0.13	0.002	0.002	0.016	0.006	0.000	0.007	0.0000	0.0000	0.0000	0.0000	0.0000	0.0000	0	1.00	0.2624	0.2264	-0.4830	1.421	0	nan	nan	nan	nan	nan	nan
121495	1.176	-1.494	0.279	-2.40	2.10	0.33	0.010	0.020	0.060	0.006	0.000	0.007	0.0000	0.0000	0.0000	0.0000	0.0000	0.0000	0	1.00	0.2624	0.2264	-0.4830	1.421	0	nan	nan	nan	nan	nan	nan
121503	1.154	-1.470	0.277	-2.36	2.66	0.46	0.025	0.027	0.067	0.006	0.000	0.007	0.0000	0.0000	0.0000	0.0000	0.0000	0.0000	0	1.00	0.2624	0.2264	-0.4830	1.421	0	nan	nan	nan	nan	nan	nan
121511	1.136	-1.452	0.278	-2.12	2.84	0.46	0.021	-0.002	0.073	0.006	0.000	0.007	0.0000	0.0000	0.0000	0.0000	0.0000	0.0000	0	1.00	0.2624	0.2264	-0.4830	1.421	0	nan	nan	nan	nan	nan	nan
121520	1.113	-1.437	0.287	-2.22	3.01	0.82	0.016	-0.003	0.064	0.006	0.000	0.007	0.0000	0.0000	0.0000	0.0000	0.0000	0.0000	0	1.00	0.2624	0.2264	-0.4830	1.421	0	nan	nan	nan	nan	nan	nan
121528	1.090	-1.418	0.291	-2.23	2.90	0.62	-0.003	-0.004	0.050	0.006	0.000	0.007	0.0000	0.0000	0.0000	0.0000	0.0000	0.0000	0	1.00	0.2624	0.2264	-0.4830	1.421	0	nan	nan	nan	nan	nan	nan
121536	1.069	-1.400	0.294	-2.02	2.87	0.76	-0.003	-0.005	0.020	0.006	0.000	0.007	0.0000	0.0000	0.0000	0.0000	0.0000	0.0000	0	1.00	0.2624	0.2264	-0.4830	1.421	0	nan	nan	nan	nan	nan	nan
121544	1.048	-1.379	0.294	-2.07	2.98	0.27	-0.021	0.001	0.015	0.006	0.000	0.007	0.0000	0.0000	0.0000	0.0000	0.0000	0.0000	0	1.00	0.2624	0.2264	-0.4830	1.421	0	nan	nan	nan	nan	nan	nan
121552	1.028	-1.354	0.291	-2.22	2.99	0.10	-0.007	0.005	-0.018	0.006	0.000	0.007	0.0000	0.0000	0.0000	0.0000	0.0000	0.0000	0	1.00	0.2624	0.2264	-0.4830	1.421	0	nan	nan	nan	nan	nan	nan
121560	1.001	-1.331	0.294	-2.06	2.35	0.16	-0.028	0.004	-0.029	0.006	0.000	0.007	0.0000	0.0000	0.0000	0.0000	0.0000	0.0000	0	1.00	0.2624	0.2264	-0.4830	1.421	0	nan	nan	nan	nan	nan	nan
121568	0.975	-1.306	0.297	-1.83	2.53	0.16	-0.028	0.010	-0.053	0.006	0.000	0.007	0.0000	0.0000	0.0000	0.0000	0.0000	0.0000	0	1.00	0.2624	0.2264	-0.4830	1.421	0	nan	nan	nan	nan	nan	nan
121576	0.949	-1.276	0.293	-1.68	2.39	-0.16	-0.013	-0.003	-0.074	0.006	0.000	0.007	0.0000	0.0000	0.0000	0.0000	0.0000	0.0000	0	1.00	0.2624	0.2264	-0.4830	1.421	0	nan	nan	nan	nan	nan	nan
121584	0.919	-1.249	0.297	-1.73	2.61	-0.02	-0.015	-0.002	-0.081	0.006	0.000	0.007	0.0000	0.0000	0.0000	0.0000	0.0000	0.0000	0	1.00	0.2624	0.2264	-0.4830	1.421	0	nan	nan	nan	nan	nan	nan
121593	0.896	-1.220	0.292	-1.60	2.40	-0.14	-0.005	0.018	-0.054	0.006	0.000	0.007	0.0000	0.0000	0.0000	0.0000	0.0000	0.0000	0	1.00	0.2624	0.2264	-0.4830	1.421	0	nan	nan	nan	nan	nan	nan
121601	0.877	-1.200	0.291	-1.30	1.82	0.14	0.013	0.001	-0.026	0.006	0.000	0.007	0.0000	0.0000	0.0000	0.0000	0.0000	0.0000	0	1.00	0.2624	0.2264	-0.4830	1.421	0	nan	nan	nan	nan	nan	nan
121609	0.861	-1.184	0.291	-1.43	1.79	-0.24	0.017	0.016	0.003	0.006	0.000	0.007	0.0000	0.0000	0.0000	0.0000	0.0000	0.0000	0	1.00	0.2624	0.2264	-0.4830	1.421	0	nan	nan	nan	nan	nan	nan
121617	0.842	-1.163	0.291	-1.41	1.56	-0.55	0.034	0.011	0.040	0.006	0.000	0.007	0.0000	0.0000	0.0000	0.0000	0.0000	0.0000	0	1.00	0.2624	0.2264	-0.4830	1.421	0	nan	nan	nan	nan	nan	nan
121625	0.827	-1.147	0.291	-1.72	1.24	-0.87	0.037	0.021	0.066	0.006	0.000	0.007	0.0000	0.0000	0.0000	0.0000	0.0000	0.0000	0	1.00	0.2624	0.2264	-0.4830	1.421	0	nan	nan	nan	nan	nan	nan
121634	0.813	-1.134	0.291	-1.51	0.90	-0.53	0.033	-0.004	0.084	0.006	0.000	0.007	0.0000	0.0000	0.0000	0.0000	0.0000	0.0000	0	1.00	0.2624	0.2264	-0.4830	1.421	0	nan	nan	nan	nan	nan	nan
121642	0.808	-1.123	0.286	-1.51	0.81	-0.44	0.029	-0.019	0.076	0.006	0.000	0.007	0.0000	0.0000	0.0000	0.0000	0.0000	0.0000	0	1.00	0.2624	0.2264	-0.4830	1.421	0	nan	nan	nan	nan	nan	nan
121650	0.800	-1.113	0.284	-1.64	0.24	-0.59	0.016	-0.015	0.059	0.006	0.000	0.007	0.0000	0.0000	0.0000	0.0000	0.0000	0.0000	0	1.00	0.2624	0.2264	-0.4830	1.421	0	nan	nan	nan	nan	nan	nan
121658	0.792	-1.099	0.278	-1.67	0.42	-0.84	0.007	-0.009	0.049	0.006	0.000	0.007	0.0000	0.0000	0.0000	0.0000	0.0000	0.0000	0	1.00	0.2624	0.2264	-0.4830	1.421	0	nan	nan	nan	nan	nan	nan
121666	0.786	-1.090	0.275	-1.96	0.31	-0.86	0.005	-0.044	0.018	0.006	0.000	0.007	0.0000	0.0000	0.0000	0.0000	0.0000	0.0000	0	1.00	0.2624	0.2264	-0.4830	1.421	0	nan	nan	nan	nan	nan	nan
121674	0.782	-1.087	0.277	-2.01	0.20	-0.71	-0.017	-0.025	-0.024	0.006	0.000	0.007	0.0000	0.0000	0.0000	0.0000	0.0000	0.0000	0	1.00	0.2624	0.2264	-0.4830	1.421	0	nan	nan	nan	nan	nan	nan
121682	0.769	-1.078	0.282	-2.20	0.24	-0.67	-0.015	-0.015	-0.044	0.006	0.000	0.007	0.0000	0.0000	0.0000	0.0000	0.0000	0.0000	0	1.00	0.2624	0.2264	-0.4830	1.421	0	nan	nan	nan	nan	nan	nan
121690	0.761	-1.072	0.283	-2.47	0.31	-0.68	-0.018	-0.024	-0.065	0.006	0.000	0.007	0.0000	0.0000	0.0000	0.0000	0.0000	0.0000	0	1.00	0.2624	0.2264	-0.4830	1.421	0	nan	nan	nan	nan	nan	nan
121698	0.741	-1.060	0.291	-2.53	0.27	-0.47	-0.034	0.007	-0.069	0.006	0.000	0.007	0.0000	0.0000	0.0000	0.0000	0.0000	0.0000	0	1.00	0.2624	0.2264	-0.4830	1.421	0	nan	nan	nan	nan	nan	nan
121706	0.725	-1.050	0.298	-2.49	0.72	-0.53	-0.022	0.005	-0.074	0.006	0.000	0.007	0.0000	0.0000	0.0000	0.0000	0.0000	0.0000	0	1.00	0.2624	0.2264	-0.4830	1.421	0	nan	nan	nan	nan	nan	nan
121714	0.709	-1.035	0.298	-2.56	0.55	-0.19	-0.019	0.015	-0.039	0.006	0.000	0.007	0.0000	0.0000	0.0000	0.0000	0.0000	0.0000	0	1.00	0.2624	0.2264	-0.4830	1.421	0	nan	nan	nan	nan	nan	nan
121722	0.694	-1.019	0.298	-2.68	0.72	-0.02	-0.013	0.012	-0.033	0.006	0.000	0.007	0.0000	0.0000	0.0000	0.0000	0.0000	0.0000	0	1.00	0.2624	0.2264	-0.4830	1.421	0	nan	nan	nan	nan	nan	nan
121731	0.682	-1.005	0.297	-2.58	0.82	0.09	-0.006	0.035	-0.006	0.006	0.000	0.007	0.0000	0.0000	0.0000	0.0000	0.0000	0.0000	0	1.00	0.2624	0.2264	-0.4830	1.421	0	nan	nan	nan	nan	nan	nan
121739	0.675	-0.996	0.295	-2.35	1.02	0.19	0.003	0.012	0.019	0.006	0.000	0.007	0.0000	0.0000	0.0000	0.0000	0.0000	0.0000	0	1.00	0.2624	0.2264	-0.4830	1.421	0	nan	nan	nan	nan	nan	nan
121747	0.659	-0.983	0.298	-2.48	1.19	0.36	0.018	0.029	0.034	0.006	0.000	0.007	0.0000	0.0000	0.0000	0.0000	0.0000	0.0000	0	1.00	0.2624	0.2264	-0.4830	1.421	0	nan	nan	nan	nan	nan	nan
121755	0.647	-0.981	0.309	-2.34	0.98	0.85	0.022	0.025	0.059	0.006	0.000	0.007	0.0000	0.0000	0.0000	0.0000	0.0000	0.0000	0	1.00	0.2624	0.2264	-0.4830	1.421	0	nan	nan	nan	nan	nan	nan
121763	0.627	-0.971	0.319	-2.76	1.06	0.67	0.050	0.013	0.062	0.006	0.000	0.007	0.0000	0.0000	0.0000	0.0000	0.0000	0.0000	0	1.00	0.2624	0.2264	-0.4830	1.421	0	nan	nan	nan	nan	nan	nan
121771	0.618	-0.966	0.323	-2.98	1.35	0.70	0.044	0.023	0.065	0.006	0.000	0.007	0.0000	0.0000	0.0000	0.0000	0.0000	0.0000	0	1.00	0.2624	0.2264	-0.4830	1.421	0	nan	nan	nan	nan	nan	nan
121779	0.604	-0.958	0.328	-2.75	1.09	0.52	0.032	0.010	0.053	0.006	0.000	0.007	0.0000	0.0000	0.0000	0.0000	0.0000	0.0000	0	1.00	0.2624	0.2264	-0.4830	1.421	0	nan	nan	nan	nan	nan	nan
121788	0.583	-0.945	0.337	-2.77	1.28	0.88	0.028	-0.010	0.024	0.006	0.000	0.007	0.0000	0.0000	0.0000	0.0000	0.0000	0.0000	0	1.00	0.2624	0.2264	-0.4830	1.421	0	nan	nan	nan	nan	nan	nan
121796	0.558	-0.931	0.348	-2.58	1.31	1.09	0.012	-0.018	0.011	0.006	0.000	0.007	0.0000	0.0000	0.0000	0.0000	0.0000	0.0000	0	1.00	0.2624	0.2264	-0.4830	1.421	0	nan	nan	nan	nan	nan	nan
121804	0.535	-0.921	0.361	-2.44	1.40	1.27	-0.005	-0.030	-0.017	0.006	0.000	0.007	0.0000	0.0000	0.0000	0.0000	0.0000	0.0000	0	1.00	0.2624	0.2264	-0.4830	1.421	0	nan	nan	nan	nan	nan	nan
121812	0.518	-0.912	0.370	-2.18	1.46	1.59	-0.027	-0.041	-0.032	0.006	0.000	0.007	0.0000	0.0000	0.0000	0.0000	0.0000	0.0000	0	1.00	0.2624	0.2264	-0.4830	1.421	0	nan	nan	nan	nan	nan	nan
121820	0.494	-0.894	0.377	-1.89	1.63	1.24	-0.035	-0.006	-0.045	0.006	0.000	0.007	0.0000	0.0000	0.0000	0.0000	0.0000	0.0000	0	1.00	0.2624	0.2264	-0.4830	1.421	0	nan	nan	nan	nan	nan	nan
121828	0.465	-0.879	0.391	-1.73	1.50	1.10	-0.045	-0.022	-0.042	0.006	0.000	0.007	0.0000	0.0000	0.0000	0.0000	0.0000	0.0000	0	1.00	0.2624	0.2264	-0.4830	1.421	0	nan	nan	nan	nan	nan	nan
121836	0.438	-0.858	0.398	-1.91	1.65	1.34	-0.036	-0.001	-0.040	0.006	0.000	0.007	0.0000	0.0000	0.0000	0.0000	0.0000	0.0000	0	1.00	0.2624	0.2264	-0.4830	1.421	0	nan	nan	nan	nan	nan	nan
121844	0.409	-0.843	0.412	-1.95	1.68	0.94	-0.017	0.025	-0.029	0.006	0.000	0.007	0.0000	0.0000	0.0000	0.0000	0.0000	0.0000	0	1.00	0.2624	0.2264	-0.4830	1.421	0	nan	nan	nan	nan	nan	nan
121852	0.382	-0.830	0.426	-1.78	1.85	1.11	-0.013	0.048	-0.010	0.006	0.000	0.007	0.0000	0.0000	0.0000	0.0000	0.0000	0.0000	0	1.00	0.2624	0.2264	-0.4830	1.421	0	nan	nan	nan	nan	nan	nan
121860	0.363	-0.814	0.430	-1.43	1.85	0.77	0.000	0.027	0.005	0.006	0.000	0.007	0.0000	0.0000	0.0000	0.0000	0.0000	0.0000	0	1.00	0.2624	0.2264	-0.4830	1.421	0	nan	nan	nan	nan	nan	nan
121868	0.335	-0.798	0.443	-1.23	1.79	0.62	0.009	0.043	0.022	0.006	0.000	0.007	0.0000	0.0000	0.0000	0.0000	0.0000	0.0000	0	1.00	0.2624	0.2264	-0.4830	1.421	0	nan	nan	nan	nan	nan	nan
121876	0.311	-0.779	0.448	-0.89	1.42	0.34	0.018	0.020	0.029	0.006	0.000	0.007	0.0000	0.0000	0.0000	0.0000	0.0000	0.0000	0	1.00	0.2624	0.2264	-0.4830	1.421	0	nan	nan	nan	nan	nan	nan
121884	0.291	-0.770	0.459	-0.99	1.08	0.78	0.025	0.017	0.052	0.006	0.000	0.007	0.0000	0.0000	0.0000	0.0000	0.0000	0.0000	0	1.00	0.2624	0.2264	-0.4830	1.421	0	nan	nan	nan	nan	nan	nan
121892	0.273	-0.760	0.468	-0.40	0.96	0.31	0.037	-0.014	0.054	0.006	0.000	0.007	0.0000	0.0000	0.0000	0.0000	0.0000	0.0000	0	1.00	0.2624	0.2264	-0.4830	1.421	0	nan	nan	nan	nan	nan	nan
121900	0.260	-0.750	0.470	-0.17	0.70	0.13	0.015	-0.025	0.055	0.006	0.000	0.007	0.0000	0.0000	0.0000	0.0000	0.0000	0.0000	0	1.00	0.2624	0.2264	-0.4830	1.421	0	nan	nan	nan	nan	nan	nan
121908	0.248	-0.740	0.473	-0.32	0.42	-0.49	0.028	-0.038	0.045	0.006	0.000	0.007	0.0000	0.0000	0.0000	0.0000	0.0000	0.0000	0	1.00	0.2624	0.2264	-0.4830	1.421	0	nan	nan	nan	nan	nan	nan
121916	0.241	-0.737	0.476	-0.05	0.11	0.06	0.029	-0.031	0.012	0.006	0.000	0.007	0.0000	0.0000	0.0000	0.0000	0.0000	0.0000	0	1.00	0.2624	0.2264	-0.4830	1.421	0	nan	nan	nan	nan	nan	nan
121924	0.237	-0.735	0.479	0.17	-0.05	-0.53	0.016	-0.025	-0.012	0.006	0.000	0.007	0.0000	0.0000	0.0000	0.0000	0.0000	0.0000	0	1.00	0.2624	0.2264	-0.4830	1.421	0	nan	nan	nan	nan	nan	nan
121933	0.237	-0.731	0.475	0.55	-0.14	-0.28	-0.005	-0.039	-0.035	0.006	0.000	0.007	0.0000	0.0000	0.0000	0.0000	0.0000	0.0000	0	1.00	0.2624	0.2264	-0.4830	1.421	0	nan	nan	nan	nan	nan	nan
121941	0.243	-0.730	0.468	0.24	-0.63	-0.85	-0.011	-0.013	-0.048	0.006	0.000	0.007	0.0000	0.0000	0.0000	0.0000	0.0000	0.0000	0	1.00	0.2624	0.2264	-0.4830	1.421	0	nan	nan	nan	nan	nan	nan
121949	0.248	-0.730	0.463	0.26	-0.67	-0.63	-0.009	0.008	-0.051	0.006	0.000	0.007	0.0000	0.0000	0.0000	0.0000	0.0000	0.0000	0	1.00	0.2624	0.2264	-0.4830	1.421	0	nan	nan	nan	nan	nan	nan
121957	0.256	-0.731	0.456	0.26	-0.49	-0.80	-0.027	0.007	-0.046	0.006	0.000	0.007	0.0000	0.0000	0.0000	0.0000	0.0000	0.0000	0	1.00	0.2624	0.2264	-0.4830	1.421	0	nan	nan	nan	nan	nan	nan
121965	0.263	-0.731	0.449	0.37	-0.47	-0.61	-0.042	0.028	-0.052	0.006	0.000	0.007	0.0000	0.0000	0.0000	0.0000	0.0000	0.0000	0	1.00	0.2624	0.2264	-0.4830	1.421	0	nan	nan	nan	nan	nan	nan
121973	0.272	-0.736	0.444	0.17	-0.46	-0.42	-0.025	0.007	-0.045	0.006	0.000	0.007	0.0000	0.0000	0.0000	0.0000	0.0000	0.0000	0	1.00	0.2624	0.2264	-0.4830	1.421	0	nan	nan	nan	nan	nan	nan
121981	0.283	-0.740	0.438	-0.21	-0.37	-0.24	-0.034	0.012	-0.035	0.006	0.000	0.007	0.0000	0.0000	0.0000	0.0000	0.0000	0.0000	0	1.00	0.2624	0.2264	-0.4830	1.421	0	nan	nan	nan	nan	nan	nan
121989	0.296	-0.751	0.436	-0.11	-0.63	-0.08	-0.035	0.009	-0.021	0.006	0.000	0.007	0.0000	0.0000	0.0000	0.0000	0.0000	0.0000	0	1.00	0.2624	0.2264	-0.4830	1.421	0	nan	nan	nan	nan	nan	nan
121997	0.303	-0.756	0.433	-0.29	-0.74	0.42	-0.017	-0.006	-0.007	0.006	0.000	0.007	0.0000	0.0000	0.0000	0.0000	0.0000	0.0000	0	1.00	0.2624	0.2264	-0.4830	1.421	0	nan	nan	nan	nan	nan	nan
122005	0.309	-0.756	0.427	-0.45	-0.43	0.38	0.008	-0.002	-0.000	0.006	0.000	0.007	0.0000	0.0000	0.0000	0.0000	0.0000	0.0000	0	1.00	0.2624	0.2264	-0.4830	1.421	0	nan	nan	nan	nan	nan	nan
122013	0.315	-0.758	0.423	-0.77	-0.26	0.63	0.035	-0.007	0.009	0.006	0.000	0.007	0.0000	0.0000	0.0000	0.0000	0.0000	0.0000	0	1.00	0.2624	0.2264	-0.4830	1.421	0	nan	nan	nan	nan	nan	nan
122021	0.315	-0.767	0.432	-1.02	-0.60	0.90	0.040	-0.023	0.019	0.006	0.000	0.007	0.0000	0.0000	0.0000	0.0000	0.0000	0.0000	0	1.00	0.2624	0.2264	-0.4830	1.421	0	nan	nan	nan	nan	nan	nan
122029	0.312	-0.770	0.437	-0.91	-0.84	1.35	0.033	-0.022	0.033	0.006	0.000	0.007	0.0000	0.0000	0.0000	0.0000	0.0000	0.0000	0	1.00	0.2624	0.2264	-0.4830	1.421	0	nan	nan	nan	nan	nan	nan
122038	0.305	-0.772	0.446	-1.04	-0.54	1.39	0.025	-0.016	0.051	0.006	0.000	0.007	0.0000	0.0000	0.0000	0.0000	0.0000	0.0000	0	1.00	0.2624	0.2264	-0.4830	1.421	0	nan	nan	nan	nan	nan	nan
122046	0.300	-0.775	0.455	-1.47	-0.35	1.84	0.009	-0.001	0.049	0.006	0.000	0.007	0.0000	0.0000	0.0000	0.0000	0.0000	0.0000	0	1.00	0.2624	0.2264	-0.4830	1.421	0	nan	nan	nan	nan	nan	nan
122054	0.296	-0.780	0.463	-1.59	-0.26	1.67	-0.001	-0.002	0.048	0.006	0.000	0.007	0.0000	0.0000	0.0000	0.0000	0.0000	0.0000	0	1.00	0.2624	0.2264	-0.4830	1.421	0	nan	nan	nan	nan	nan	nan
122062	0.290	-0.791	0.480	-1.41	-0.42	1.43	-0.036	0.015	0.027	0.006	0.000	0.007	0.0000	0.0000	0.0000	0.0000	0.0000	0.0000	0	1.00	0.2624	0.2264	-0.4830	1.421	0	nan	nan	nan	nan	nan	nan
122070	0.281	-0.797	0.495	-1.30	-0.16	1.69	-0.033	-0.009	0.030	0.006	0.000	0.007	0.0000	0.0000	0.0000	0.0000	0.0000	0.0000	0	1.00	0.2624	0.2264	-0.4830	1.421	0	nan	nan	nan	nan	nan	nan
122078	0.264	-0.804	0.519	-1.05	-0.32	1.61	-0.037	-0.005	0.013	0.006	0.000	0.007	0.0000	0.0000	0.0000	0.0000	0.0000	0.0000	0	1.00	0.2624	0.2264	-0.4830	1.421	0	nan	nan	nan	nan	nan	nan
122086	0.250	-0.806	0.534	-1.43	-0.23	1.79	-0.038	0.032	0.003	0.006	0.000	0.007	0.0000	0.0000	0.0000	0.0000	0.0000	0.0000	0	1.00	0.2624	0.2264	-0.4830	1.421	0	nan	nan	nan	nan	nan	nan
122095	0.231	-0.804	0.552	-1.56	0.11	1.36	-0.013	0.012	-0.009	0.006	0.000	0.007	0.0000	0.0000	0.0000	0.0000	0.0000	0.0000	0	1.00	0.2624	0.2264	-0.4830	1.421	0	nan	nan	nan	nan	nan	nan
122103	0.222	-0.808	0.565	-1.17	-0.20	1.39	-0.004	0.004	-0.022	0.006	0.000	0.007	0.0000	0.0000	0.0000	0.0000	0.0000	0.0000	0	1.00	0.2624	0.2264	-0.4830	1.421	0	nan	nan	nan	nan	nan	nan
122111	0.218	-0.816	0.577	-1.08	-0.71	1.49	0.006	-0.008	-0.034	0.006	0.000	0.007	0.0000	0.0000	0.0000	0.0000	0.0000	0.0000	0	1.00	0.2624	0.2264	-0.4830	1.421	0	nan	nan	nan	nan	nan	nan
122119	0.209	-0.821	0.591	-1.35	-0.53	1.06	0.022	0.006	-0.047	0.006	0.000	0.007	0.0000	0.0000	0.0000	0.0000	0.0000	0.0000	0	1.00	0.2624	0.2264	-0.4830	1.421	0	nan	nan	nan	nan	nan	nan
122127	0.192	-0.826	0.611	-1.43	-0.14	1.28	0.009	-0.018	-0.034	0.006	0.000	0.007	0.0000	0.0000	0.0000	0.0000	0.0000	0.0000	0	1.00	0.2624	0.2264	-0.4830	1.421	0	nan	nan	nan	nan	nan	nan
122135	0.182	-0.831	0.627	-1.38	-0.50	1.27	0.022	0.007	-0.025	0.006	0.000	0.007	0.0000	0.0000	0.0000	0.0000	0.0000	0.0000	0	1.00	0.2624	0.2264	-0.4830	1.421	0	nan	nan	nan	nan	nan	nan
122143	0.173	-0.831	0.636	-1.31	-0.43	1.34	0.020	-0.007	-0.026	0.006	0.000	0.007	0.0000	0.0000	0.0000	0.0000	0.0000	0.0000	0	1.00	0.2624	0.2264	-0.4830	1.421	0	nan	nan	nan	nan	nan	nan
122151	0.158	-0.829	0.650	-1.21	-0.35	1.16	0.009	0.002	-0.004	0.006	0.000	0.007	0.0000	0.0000	0.0000	0.0000	0.0000	0.0000	0	1.00	0.2624	0.2264	-0.4830	1.421	0	nan	nan	nan	nan	nan	nan
122159	0.142	-0.828	0.664	-1.74	-0.42	0.92	0.000	-0.020	0.004	0.006	0.000	0.007	0.0000	0.0000	0.0000	0.0000	0.0000	0.0000	0	1.00	0.2624	0.2264	-0.4830	1.421	0	nan	nan	nan	nan	nan	nan
122167	0.129	-0.829	0.678	-1.65	-0.55	0.95	-0.002	-0.003	0.012	0.006	0.000	0.007	0.0000	0.0000	0.0000	0.0000	0.0000	0.0000	0	1.00	0.2624	0.2264	-0.4830	1.421	0	nan	nan	nan	nan	nan	nan
122176	0.116	-0.831	0.693	-1.63	-0.14	0.42	-0.021	0.007	0.010	0.006	0.000	0.007	0.0000	0.0000	0.0000	0.0000	0.0000	0.0000	0	1.00	0.2624	0.2264	-0.4830	1.421	0	nan	nan	nan	nan	nan	nan
122184	0.103	-0.832	0.707	-1.11	-0.14	0.42	-0.020	-0.013	0.030	0.006	0.000	0.007	0.0000	0.0000	0.0000	0.0000	0.0000	0.0000	0	1.00	0.2624	0.2264	-0.4830	1.421	0	nan	nan	nan	nan	nan	nan
122192	0.094	-0.829	0.713	-1.18	0.33	0.55	-0.023	0.000	0.016	0.006	0.000	0.007	0.0000	0.0000	0.0000	0.0000	0.0000	0.0000	0	1.00	0.2624	0.2264	-0.4830	1.421	0	nan	nan	nan	nan	nan	nan
122200	0.079	-0.825	0.725	-1.05	0.34	0.21	-0.023	-0.014	0.007	0.006	0.000	0.007	0.0000	0.0000	0.0000	0.0000	0.0000	0.0000	0	1.00	0.2624	0.2264	-0.4830	1.421	0	nan	nan	nan	nan	nan	nan
122208	0.073	-0.820	0.726	-1.07	0.57	0.10	-0.004	-0.003	0.011	0.006	0.000	0.007	0.0000	0.0000	0.0000	0.0000	0.0000	0.0000	0	1.00	0.2624	0.2264	-0.4830	1.421	0	nan	nan	nan	nan	nan	nan
122216	0.062	-0.818	0.734	-0.71	0.38	0.25	-0.001	0.004	0.003	0.006	0.000	0.007	0.0000	0.0000	0.0000	0.0000	0.0000	0.0000	0	1.00	0.2624	0.2264	-0.4830	1.421	0	nan	nan	nan	nan	nan	nan
122224	0.051	-0.811	0.739	-0.95	0.59	-0.14	0.021	0.005	-0.005	0.006	0.000	0.007	0.0000	0.0000	0.0000	0.0000	0.0000	0.0000	0	1.00	0.2624	0.2264	-0.4830	1.421	0	nan	nan	nan	nan	nan	nan
122232	0.046	-0.805	0.738	-0.22	0.72	0.16	0.020	0.029	-0.006	0.006	0.000	0.007	0.0000	0.0000	0.0000	0.0000	0.0000	0.0000	0	1.00	0.2624	0.2264	-0.4830	1.421	0	nan	nan	nan	nan	nan	nan
122240	0.039	-0.803	0.743	-0.32	0.65	0.01	0.032	0.025	-0.012	0.006	0.000	0.007	0.0000	0.0000	0.0000	0.0000	0.0000	0.0000	0	1.00	0.2624	0.2264	-0.4830	1.421	0	nan	nan	nan	nan	nan	nan
122248	0.036	-0.798	0.742	-0.66	0.70	-0.12	0.025	-0.012	-0.010	0.006	0.000	0.007	0.0000	0.0000	0.0000	0.0000	0.0000	0.0000	0	1.00	0.2624	0.2264	-0.4830	1.421	0	nan	nan	nan	nan	nan	nan
122256	0.033	-0.796	0.743	-0.39	0.58	-0.06	0.017	0.012	-0.004	0.006	0.000	0.007	0.0000	0.0000	0.0000	0.0000	0.0000	0.0000	0	1.00	0.2624	0.2264	-0.4830	1.421	0	nan	nan	nan	nan	nan	nan
122264	0.027	-0.787	0.739	-0.65	0.47	-0.01	0.017	-0.017	-0.006	0.006	0.000	0.007	0.0000	0.0000	0.0000	0.0000	0.0000	0.0000	0	1.00	0.2624	0.2264	-0.4830	1.421	0	nan	nan	nan	nan	nan	nan
122272	0.022	-0.780	0.738	-1.06	0.81	0.17	0.023	-0.013	0.005	0.006	0.000	0.007	0.0000	0.0000	0.0000	0.0000	0.0000	0.0000	0	1.00	0.2624	0.2264	-0.4830	1.421	0	nan	nan	nan	nan	nan	nan
122281	0.013	-0.775	0.742	-0.76	0.62	0.06	0.003	-0.011	0.003	0.006	0.000	0.007	0.0000	0.0000	0.0000	0.0000	0.0000	0.0000	0	1.00	0.2624	0.2264	-0.4830	1.421	0	nan	nan	nan	nan	nan	nan
122289	0.009	-0.765	0.736	-1.05	0.75	0.11	-0.003	-0.024	0.007	0.006	0.000	0.007	0.0000	0.0000	0.0000	0.0000	0.0000	0.0000	0	1.00	0.2624	0.2264	-0.4830	1.421	0	nan	nan	nan	nan	nan	nan
122297	0.008	-0.758	0.730	-0.89	1.08	0.26	-0.021	-0.003	-0.000	0.006	0.000	0.007	0.0000	0.0000	0.0000	0.0000	0.0000	0.0000	0	1.00	0.2624	0.2264	-0.4830	1.421	0	nan	nan	nan	nan	nan	nan
122305	0.002	-0.747	0.725	-1.02	1.00	0.36	-0.015	-0.020	-0.007	0.006	0.000	0.007	0.0000	0.0000	0.0000	0.0000	0.0000	0.0000	0	1.00	0.2624	0.2264	-0.4830	1.421	0	nan	nan	nan	nan	nan	nan
122313	-0.001	-0.737	0.719	-0.82	0.99	0.17	-0.021	0.013	-0.005	0.006	0.000	0.007	0.0000	0.0000	0.0000	0.0000	0.0000	0.0000	0	1.00	0.2624	0.2264	-0.4830	1.421	0	nan	nan	nan	nan	nan	nan
122321	-0.007	-0.730	0.718	-1.09	1.06	0.15	-0.016	0.003	-0.009	0.006	0.000	0.007	0.0000	0.0000	0.0000	0.0000	0.0000	0.0000	0	1.00	0.2624	0.2264	-0.4830	1.421	0	nan	nan	nan	nan	nan	nan
122329	-0.010	-0.725	0.716	-0.91	0.81	0.76	-0.015	0.016	-0.012	0.006	0.000	0.007	0.0000	0.0000	0.0000	0.0000	0.0000	0.0000	0	1.00	0.2624	0.2264	-0.4830	1.421	0	nan	nan	nan	nan	nan	nan
122337	-0.025	-0.716	0.722	-1.37	0.72	0.67	-0.004	0.018	-0.008	0.006	0.000	0.007	0.0000	0.0000	0.0000	0.0000	0.0000	0.0000	0	1.00	0.2624	0.2264	-0.4830	1.421	0	nan	nan	nan	nan	nan	nan
122345	-0.030	-0.708	0.720	-1.37	0.77	0.63	0.002	0.030	-0.013	0.006	0.000	0.007	0.0000	0.0000	0.0000	0.0000	0.0000	0.0000	0	1.00	0.2624	0.2264	-0.4830	1.421	0	nan	nan	nan	nan	nan	nan
122353	-0.036	-0.707	0.725	-1.51	0.54	0.58	0.001	0.024	-0.007	0.006	0.000	0.007	0.0000	0.0000	0.0000	0.0000	0.0000	0.0000	0	1.00	0.2624	0.2264	-0.4830	1.421	0	nan	nan	nan	nan	nan	nan
122361	-0.045	-0.704	0.731	-1.12	0.12	1.02	0.011	0.020	-0.005	0.006	0.000	0.007	0.0000	0.0000	0.0000	0.0000	0.0000	0.0000	0	1.00	0.2624	0.2264	-0.4830	1.421	0	nan	nan	nan	nan	nan	nan
122369	-0.062	-0.694	0.738	-1.86	0.28	1.18	0.026	0.013	0.002	0.006	0.000	0.007	0.0000	0.0000	0.0000	0.0000	0.0000	0.0000	0	1.00	0.2624	0.2264	-0.4830	1.421	0	nan	nan	nan	nan	nan	nan
122377	-0.076	-0.691	0.748	-1.85	0.22	1.12	0.018	0.000	0.011	0.006	0.000	0.007	0.0000	0.0000	0.0000	0.0000	0.0000	0.0000	0	1.00	0.2624	0.2264	-0.4830	1.421	0	nan	nan	nan	nan	nan	nan
122385	-0.083	-0.690	0.755	-1.54	-0.07	1.43	0.006	-0.014	0.013	0.006	0.000	0.007	0.0000	0.0000	0.0000	0.0000	0.0000	0.0000	0	1.00	0.2624	0.2264	-0.4830	1.421	0	nan	nan	nan	nan	nan	nan
122393	-0.093	-0.689	0.764	-1.71	-0.42	0.99	0.007	-0.015	0.020	0.006	0.000	0.007	0.0000	0.0000	0.0000	0.0000	0.0000	0.0000	0	1.00	0.2624	0.2264	-0.4830	1.421	0	nan	nan	nan	nan	nan	nan
122402	-0.110	-0.685	0.777	-1.68	-0.34	0.99	-0.011	-0.028	-0.000	0.006	0.000	0.007	0.0000	0.0000	0.0000	0.0000	0.0000	0.0000	0	1.00	0.2624	0.2264	-0.4830	1.421	0	nan	nan	nan	nan	nan	nan
122410	-0.129	-0.677	0.788	-2.01	-0.10	0.97	-0.010	-0.010	0.029	0.006	0.000	0.007	0.0000	0.0000	0.0000	0.0000	0.0000	0.0000	0	1.00	0.2624	0.2264	-0.4830	1.421	0	nan	nan	nan	nan	nan	nan
122418	-0.141	-0.675	0.799	-1.54	-0.44	1.06	-0.020	-0.018	0.020	0.006	0.000	0.007	0.0000	0.0000	0.0000	0.0000	0.0000	0.0000	0	1.00	0.2624	0.2264	-0.4830	1.421	0	nan	nan	nan	nan	nan	nan
122426	-0.152	-0.675	0.810	-1.78	-0.25	0.99	-0.033	0.002	0.008	0.006	0.000	0.007	0.0000	0.0000	0.0000	0.0000	0.0000	0.0000	0	1.00	0.2624	0.2264	-0.4830	1.421	0	nan	nan	nan	nan	nan	nan
122435	-0.171	-0.673	0.826	-1.78	-0.62	1.05	-0.020	0.003	0.021	0.006	0.000	0.007	0.0000	0.0000	0.0000	0.0000	0.0000	0.0000	0	1.00	0.2624	0.2264	-0.4830	1.421	0	nan	nan	nan	nan	nan	nan
122443	-0.186	-0.673	0.842	-2.05	-0.51	1.00	-0.004	0.013	0.009	0.006	0.000	0.007	0.0000	0.0000	0.0000	0.0000	0.0000	0.0000	0	1.00	0.2624	0.2264	-0.4830	1.421	0	nan	nan	nan	nan	nan	nan
122451	-0.202	-0.677	0.861	-2.70	-0.77	1.17	-0.011	0.015	0.001	0.006	0.000	0.007	0.0000	0.0000	0.0000	0.0000	0.0000	0.0000	0	1.00	0.2624	0.2264	-0.4830	1.421	0	nan	nan	nan	nan	nan	nan
122459	-0.221	-0.673	0.876	-2.49	-0.93	1.44	0.010	0.018	0.002	0.006	0.000	0.007	0.0000	0.0000	0.0000	0.0000	0.0000	0.0000	0	1.00	0.2624	0.2264	-0.4830	1.421	0	nan	nan	nan	nan	nan	nan
122467	-0.232	-0.675	0.889	-2.40	-1.09	1.19	0.017	0.005	-0.011	0.006	0.000	0.007	0.0000	0.0000	0.0000	0.0000	0.0000	0.0000	0	1.00	0.2624	0.2264	-0.4830	1.421	0	nan	nan	nan	nan	nan	nan
122475	-0.240	-0.678	0.900	-2.28	-1.04	1.23	0.010	-0.002	-0.024	0.006	0.000	0.007	0.0000	0.0000	0.0000	0.0000	0.0000	0.0000	0	1.00	0.2624	0.2264	-0.4830	1.421	0	nan	nan	nan	nan	nan	nan
122483	-0.250	-0.680	0.912	-2.17	-1.20	1.17	0.005	0.004	-0.017	0.006	0.000	0.007	0.0000	0.0000	0.0000	0.0000	0.0000	0.0000	0	1.00	0.2624	0.2264	-0.4830	1.421	0	nan	nan	nan	nan	nan	nan
122492	-0.264	-0.682	0.929	-2.09	-1.43	1.11	-0.009	0.008	-0.008	0.006	0.000	0.007	0.0000	0.0000	0.0000	0.0000	0.0000	0.0000	0	1.00	0.2624	0.2264	-0.4830	1.421	0	nan	nan	nan	nan	nan	nan
122500	-0.274	-0.688	0.944	-1.69	-1.43	1.45	-0.013	-0.004	-0.025	0.006	0.000	0.007	0.0000	0.0000	0.0000	0.0000	0.0000	0.0000	0	1.00	0.2624	0.2264	-0.4830	1.421	0	nan	nan	nan	nan	nan	nan
122508	-0.284	-0.695	0.961	-1.24	-1.50	1.81	-0.019	-0.021	-0.014	0.006	0.000	0.007	0.0000	0.0000	0.0000	0.0000	0.0000	0.0000	0	1.00	0.2624	0.2264	-0.4830	1.421	0	nan	nan	nan	nan	nan	nan
122516	-0.294	-0.701	0.976	-1.15	-1.57	1.48	-0.015	-0.016	-0.014	0.006	0.000	0.007	0.0000	0.0000	0.0000	0.0000	0.0000	0.0000	0	1.00	0.2624	0.2264	-0.4830	1.421	0	nan	nan	nan	nan	nan	nan
122524	-0.300	-0.709	0.990	-0.98	-1.29	1.24	-0.021	-0.011	0.008	0.006	0.000	0.007	0.0000	0.0000	0.0000	0.0000	0.0000	0.0000	0	1.00	0.2624	0.2264	-0.4830	1.421	0	nan	nan	nan	nan	nan	nan
122533	-0.310	-0.719	1.011	-1.22	-1.40	1.48	0.007	-0.004	0.036	0.006	0.000	0.007	0.0000	0.0000	0.0000	0.0000	0.0000	0.0000	0	1.00	0.2624	0.2264	-0.4830	1.421	0	nan	nan	nan	nan	nan	nan
122541	-0.322	-0.727	1.031	-1.25	-1.18	1.19	0.008	0.019	0.045	0.006	0.000	0.007	0.0000	0.0000	0.0000	0.0000	0.0000	0.0000	0	1.00	0.2624	0.2264	-0.4830	1.421	0	nan	nan	nan	nan	nan	nan
122549	-0.331	-0.735	1.046	-1.36	-1.37	1.17	0.032	0.014	0.043	0.006	0.000	0.007	0.0000	0.0000	0.0000	0.0000	0.0000	0.0000	0	1.00	0.2624	0.2264	-0.4830	1.421	0	nan	nan	nan	nan	nan	nan
122557	-0.339	-0.745	1.064	-1.20	-0.70	0.97	0.019	0.003	0.034	0.006	0.000	0.007	0.0000	0.0000	0.0000	0.0000	0.0000	0.0000	0	1.00	0.2624	0.2264	-0.4830	1.421	0	nan	nan	nan	nan	nan	nan
122565	-0.345	-0.754	1.079	-1.33	-0.36	0.97	0.029	0.008	0.041	0.006	0.000	0.007	0.0000	0.0000	0.0000	0.0000	0.0000	0.0000	0	1.00	0.2624	0.2264	-0.4830	1.421	0	nan	nan	nan	nan	nan	nan
122573	-0.356	-0.760	1.096	-1.10	-0.47	1.38	0.002	-0.003	0.027	0.006	0.000	0.007	0.0000	0.0000	0.0000	0.0000	0.0000	0.0000	0	1.00	0.2624	0.2264	-0.4830	1.421	0	nan	nan	nan	nan	nan	nan
122581	-0.366	-0.762	1.108	-0.96	-0.16	1.35	-0.001	-0.004	0.017	0.006	0.000	0.007	0.0000	0.0000	0.0000	0.0000	0.0000	0.0000	0	1.00	0.2624	0.2264	-0.4830	1.421	0	nan	nan	nan	nan	nan	nan
122589	-0.375	-0.761	1.116	-1.01	0.41	1.57	-0.009	0.003	-0.011	0.006	0.000	0.007	0.0000	0.0000	0.0000	0.0000	0.0000	0.0000	0	1.00	0.2624	0.2264	-0.4830	1.421	0	nan	nan	nan	nan	nan	nan
122597	-0.382	-0.762	1.125	-0.82	0.24	1.23	-0.027	-0.003	-0.029	0.006	0.000	0.007	0.0000	0.0000	0.0000	0.0000	0.0000	0.0000	0	1.00	0.2624	0.2264	-0.4830	1.421	0	nan	nan	nan	nan	nan	nan
122605	-0.389	-0.768	1.137	-0.95	-0.20	0.96	-0.032	-0.001	-0.032	0.006	0.000	0.007	0.0000	0.0000	0.0000	0.0000	0.0000	0.0000	0	1.00	0.2624	0.2264	-0.4830	1.421	0	nan	nan	nan	nan	nan	nan
122613	-0.396	-0.776	1.152	-0.80	0.01	0.91	-0.028	0.023	-0.038	0.006	0.000	0.007	0.0000	0.0000	0.0000	0.0000	0.0000	0.0000	0	1.00	0.2624	0.2264	-0.4830	1.421	0	nan	nan	nan	nan	nan	nan
122621	-0.405	-0.781	1.166	-0.73	0.08	0.99	-0.029	0.036	-0.029	0.006	0.000	0.007	0.0000	0.0000	0.0000	0.0000	0.0000	0.0000	0	1.00	0.2624	0.2264	-0.4830	1.421	0	nan	nan	nan	nan	nan	nan
122629	-0.413	-0.787	1.180	-1.09	0.00	0.48	-0.027	0.027	-0.021	0.006	0.000	0.007	0.0000	0.0000	0.0000	0.0000	0.0000	0.0000	0	1.00	0.2624	0.2264	-0.4830	1.421	0	nan	nan	nan	nan	nan	nan
122638	-0.420	-0.799	1.198	-0.54	-0.25	0.49	0.008	0.018	0.006	0.006	0.000	0.007	0.0000	0.0000	0.0000	0.0000	0.0000	0.0000	0	1.00	0.2624	0.2264	-0.4830	1.421	0	nan	nan	nan	nan	nan	nan
122646	-0.428	-0.796	1.204	-0.91	0.09	0.31	0.013	0.018	0.014	0.006	0.000	0.007	0.0000	0.0000	0.0000	0.0000	0.0000	0.0000	0	1.00	0.2624	0.2264	-0.4830	1.421	0	nan	nan	nan	nan	nan	nan
122654	-0.432	-0.792	1.204	-0.75	-0.16	-0.02	0.023	0.004	0.003	0.006	0.000	0.007	0.0000	0.0000	0.0000	0.0000	0.0000	0.0000	0	1.00	0.2624	0.2264	-0.4830	1.421	0	nan	nan	nan	nan	nan	nan
122662	-0.442	-0.783	1.205	-0.67	0.53	0.06	0.037	-0.008	0.025	0.006	0.000	0.007	0.0000	0.0000	0.0000	0.0000	0.0000	0.0000	0	1.00	0.2624	0.2264	-0.4830	1.421	0	nan	nan	nan	nan	nan	nan
122670	-0.443	-0.782	1.205	-0.48	0.66	-0.16	0.026	-0.030	0.017	0.006	0.000	0.007	0.0000	0.0000	0.0000	0.0000	0.0000	0.0000	0	1.00	0.2624	0.2264	-0.4830	1.421	0	nan	nan	nan	nan	nan	nan
122678	-0.439	-0.781	1.199	-0.13	0.51	-0.05	0.016	-0.037	0.026	0.006	0.000	0.007	0.0000	0.0000	0.0000	0.0000	0.0000	0.0000	0	1.00	0.2624	0.2264	-0.4830	1.421	0	nan	nan	nan	nan	nan	nan
122686	-0.443	-0.778	1.200	-0.41	0.90	-0.26	0.007	-0.048	0.008	0.006	0.000	0.007	0.0000	0.0000	0.0000	0.0000	0.0000	0.0000	0	1.00	0.2624	0.2264	-0.4830	1.421	0	nan	nan	nan	nan	nan	nan
122694	-0.444	-0.778	1.202	-0.41	0.64	0.00	0.015	-0.024	0.005	0.006	0.000	0.007	0.0000	0.0000	0.0000	0.0000	0.0000	0.0000	0	1.00	0.2624	0.2264	-0.4830	1.421	0	nan	nan	nan	nan	nan	nan
122703	-0.446	-0.777	1.203	-0.15	1.05	-0.03	0.004	-0.029	0.008	0.006	0.000	0.007	0.0000	0.0000	0.0000	0.0000	0.0000	0.0000	0	1.00	0.2624	0.2264	-0.4830	1.421	0	nan	nan	nan	nan	nan	nan
122711	-0.451	-0.775	1.206	-0.36	0.95	-0.04	-0.000	-0.008	-0.019	0.006	0.000	0.007	0.0000	0.0000	0.0000	0.0000	0.0000	0.0000	0	1.00	0.2624	0.2264	-0.4830	1.421	0	nan	nan	nan	nan	nan	nan
122719	-0.458	-0.764	1.203	-0.20	1.20	-0.13	-0.008	-0.005	-0.013	0.006	0.000	0.007	0.0000	0.0000	0.0000	0.0000	0.0000	0.0000	0	1.00	0.2624	0.2264	-0.4830	1.421	0	nan	nan	nan	nan	nan	nan
122727	-0.468	-0.755	1.203	-0.27	1.16	0.08	-0.003	0.006	-0.031	0.006	0.000	0.007	0.0000	0.0000	0.0000	0.0000	0.0000	0.0000	0	1.00	0.2624	0.2264	-0.4830	1.421	0	nan	nan	nan	nan	nan	nan
122735	-0.470	-0.751	1.201	0.06	1.26	0.18	-0.005	0.018	-0.023	0.006	0.000	0.007	0.0000	0.0000	0.0000	0.0000	0.0000	0.0000	0	1.00	0.2624	0.2264	-0.4830	1.421	0	nan	nan	nan	nan	nan	nan
122744	-0.477	-0.741	1.199	-0.27	1.67	-0.00	-0.002	0.024	-0.012	0.006	0.000	0.007	0.0000	0.0000	0.0000	0.0000	0.0000	0.0000	0	1.00	0.2624	0.2264	-0.4830	1.421	0	nan	nan	nan	nan	nan	nan
122752	-0.481	-0.731	1.193	-0.26	1.48	0.07	-0.013	0.018	0.010	0.006	0.000	0.007	0.0000	0.0000	0.0000	0.0000	0.0000	0.0000	0	1.00	0.2624	0.2264	-0.4830	1.421	0	nan	nan	nan	nan	nan	nan
122760	-0.487	-0.718	1.186	-0.20	1.57	-0.19	-0.003	0.012	0.024	0.006	0.000	0.007	0.0000	0.0000	0.0000	0.0000	0.0000	0.0000	0	1.00	0.2624	0.2264	-0.4830	1.421	0	nan	nan	nan	nan	nan	nan
122768	-0.490	-0.709	1.180	-0.21	1.55	-0.05	-0.009	0.012	0.047	0.006	0.000	0.007	0.0000	0.0000	0.0000	0.0000	0.0000	0.0000	0	1.00	0.2624	0.2264	-0.4830	1.421	0	nan	nan	nan	nan	nan	nan
122776	-0.493	-0.699	1.173	-0.27	1.80	-0.13	-0.012	0.015	0.033	0.006	0.000	0.007	0.0000	0.0000	0.0000	0.0000	0.0000	0.0000	0	1.00	0.2624	0.2264	-0.4830	1.421	0	nan	nan	nan	nan	nan	nan
122784	-0.499	-0.688	1.170	0.28	1.47	-0.04	0.006	-0.001	0.039	0.006	0.000	0.007	0.0000	0.0000	0.0000	0.0000	0.0000	0.0000	0	1.00	0.2624	0.2264	-0.4830	1.421	0	nan	nan	nan	nan	nan	nan
122792	-0.497	-0.681	1.161	0.21	1.62	-0.32	0.003	-0.021	0.021	0.006	0.000	0.007	0.0000	0.0000	0.0000	0.0000	0.0000	0.0000	0	1.00	0.2624	0.2264	-0.4830	1.421	0	nan	nan	nan	nan	nan	nan
122800	-0.496	-0.670	1.149	0.39	1.38	-0.48	0.007	-0.010	0.019	0.006	0.000	0.007	0.0000	0.0000	0.0000	0.0000	0.0000	0.0000	0	1.00	0.2624	0.2264	-0.4830	1.421	0	nan	nan	nan	nan	nan	nan
122808	-0.501	-0.660	1.144	0.11	1.54	-0.14	0.002	-0.022	-0.007	0.006	0.000	0.007	0.0000	0.0000	0.0000	0.0000	0.0000	0.0000	0	1.00	0.2624	0.2264	-0.4830	1.421	0	nan	nan	nan	nan	nan	nan
122816	-0.503	-0.649	1.136	0.32	1.16	-0.09	0.024	-0.007	-0.025	0.006	0.000	0.007	0.0000	0.0000	0.0000	0.0000	0.0000	0.0000	0	1.00	0.2624	0.2264	-0.4830	1.421	0	nan	nan	nan	nan	nan	nan
122824	-0.506	-0.639	1.128	0.30	0.82	-0.25	0.014	-0.016	-0.041	0.006	0.000	0.007	0.0000	0.0000	0.0000	0.0000	0.0000	0.0000	0	1.00	0.2624	0.2264	-0.4830	1.421	0	nan	nan	nan	nan	nan	nan
122832	-0.511	-0.626	1.120	-0.14	0.96	-0.37	0.004	-0.008	-0.055	0.006	0.000	0.007	0.0000	0.0000	0.0000	0.0000	0.0000	0.0000	0	1.00	0.2624	0.2264	-0.4830	1.421	0	nan	nan	nan	nan	nan	nan
122841	-0.515	-0.611	1.110	-0.14	0.79	-0.20	0.007	0.006	-0.047	0.006	0.000	0.007	0.0000	0.0000	0.0000	0.0000	0.0000	0.0000	0	1.00	0.2624	0.2264	-0.4830	1.421	0	nan	nan	nan	nan	nan	nan
122849	-0.522	-0.598	1.105	0.03	0.90	-0.27	0.005	0.001	-0.049	0.006	0.000	0.006	0.0000	0.0000	0.0000	0.0000	0.0000	0.0000	0	1.00	0.2624	0.2264	-0.4830	1.421	0	nan	nan	nan	nan	nan	nan
122857	-0.525	-0.591	1.101	-0.17	0.53	-0.13	-0.003	0.005	-0.029	0.006	0.000	0.006	0.0000	0.0000	0.0000	0.0000	0.0000	0.0000	0	1.00	0.2624	0.2264	-0.4830	1.421	0	nan	nan	nan	nan	nan	nan
122865	-0.530	-0.581	1.096	-0.17	0.78	0.05	-0.012	0.024	-0.018	0.006	0.000	0.006	0.0000	0.0000	0.0000	0.0000	0.0000	0.0000	0	1.00	0.2624	0.2264	-0.4830	1.421	0	nan	nan	nan	nan	nan	nan
122873	-0.533	-0.573	1.091	-0.35	0.65	-0.17	-0.021	0.013	0.008	0.006	0.000	0.006	0.0000	0.0000	0.0000	0.0000	0.0000	0.0000	0	1.00	0.2624	0.2264	-0.4830	1.421	0	nan	nan	nan	nan	nan	nan
122881	-0.533	-0.571	1.090	-0.52	0.54	-0.11	-0.012	0.009	0.034	0.005	0.000	0.006	0.0000	0.0000	0.0000	0.0000	0.0000	0.0000	0	1.00	0.2624	0.2264	-0.4830	1.421	0	nan	nan	nan	nan	nan	nan
122889	-0.534	-0.569	1.088	-0.44	-0.03	0.18	-0.022	-0.017	0.043	0.005	0.000	0.006	0.0000	0.0000	0.0000	0.0000	0.0000	0.0000	0	1.00	0.2624	0.2264	-0.4830	1.421	0	nan	nan	nan	nan	nan	nan
122898	-0.529	-0.565	1.080	-0.40	0.16	0.37	-0.005	-0.000	0.034	0.005	0.000	0.007	0.0000	0.0000	0.0000	0.0000	0.0000	0.0000	0	1.00	0.2624	0.2264	-0.4830	1.421	0	nan	nan	nan	nan	nan	nan
122906	-0.523	-0.565	1.073	-0.49	-0.16	0.05	-0.011	-0.000	0.038	0.005	0.000	0.007	0.0000	0.0000	0.0000	0.0000	0.0000	0.0000	0	1.00	0.2624	0.2264	-0.4830	1.421	0	nan	nan	nan	nan	nan	nan
122914	-0.521	-0.567	1.073	-0.71	-0.50	-0.04	-0.011	-0.002	0.025	0.005	0.000	0.007	0.0000	0.0000	0.0000	0.0000	0.0000	0.0000	0	1.00	0.2624	0.2264	-0.4830	1.421	0	nan	nan	nan	nan	nan	nan
122922	-0.524	-0.568	1.077	-0.96	-0.49	-0.11	0.010	0.009	0.011	0.005	0.000	0.007	0.0000	0.0000	0.0000	0.0000	0.0000	0.0000	0	1.00	0.2624	0.2264	-0.4830	1.421	0	nan	nan	nan	nan	nan	nan
122930	-0.522	-0.569	1.076	-0.95	-0.85	0.13	0.021	0.017	-0.003	0.005	0.000	0.007	0.0000	0.0000	0.0000	0.0000	0.0000	0.0000	0	1.00	0.2624	0.2264	-0.4830	1.421	0	nan	nan	nan	nan	nan	nan
122938	-0.526	-0.564	1.075	-0.93	-0.45	0.35	0.001	0.014	-0.020	0.005	0.000	0.007	0.0000	0.0000	0.0000	0.0000	0.0000	0.0000	0	1.00	0.2624	0.2264	-0.4830	1.421	0	nan	nan	nan	nan	nan	nan
122947	-0.532	-0.560	1.078	-0.88	-0.28	0.44	0.007	-0.000	-0.041	0.005	0.000	0.007	0.0000	0.0000	0.0000	0.0000	0.0000	0.0000	0	1.00	0.2624	0.2264	-0.4830	1.421	0	nan	nan	nan	nan	nan	nan
122955	-0.538	-0.560	1.083	-0.67	-0.27	0.54	0.013	0.004	-0.044	0.005	0.000	0.006	0.0000	0.0000	0.0000	0.0000	0.0000	0.0000	0	1.00	0.2624	0.2264	-0.4830	1.421	0	nan	nan	nan	nan	nan	nan
122963	-0.542	-0.560	1.087	-0.62	-0.51	0.73	0.006	0.005	-0.049	0.005	0.000	0.006	0.0000	0.0000	0.0000	0.0000	0.0000	0.0000	0	1.00	0.2624	0.2264	-0.4830	1.421	0	nan	nan	nan	nan	nan	nan
122971	-0.547	-0.565	1.097	-0.50	-0.29	0.60	-0.001	0.004	-0.034	0.005	0.000	0.006	0.0000	0.0000	0.0000	0.0000	0.0000	0.0000	0	1.00	0.2624	0.2264	-0.4830	1.421	0	nan	nan	nan	nan	nan	nan
122979	-0.555	-0.563	1.103	-0.43	-0.05	0.50	0.011	0.011	-0.026	0.005	0.000	0.006	0.0000	0.0000	0.0000	0.0000	0.0000	0.0000	0	1.00	0.2624	0.2264	-0.4830	1.421	0	nan	nan	nan	nan	nan	nan
122987	-0.563	-0.567	1.116	-1.05	0.09	0.03	0.019	0.019	0.019	0.005	0.000	0.006	0.0000	0.0000	0.0000	0.0000	0.0000	0.0000	0	1.00	0.2624	0.2264	-0.4830	1.421	0	nan	nan	nan	nan	nan	nan
122996	-0.572	-0.571	1.128	-0.47	-0.11	0.18	-0.004	-0.003	0.033	0.005	0.000	0.006	0.0000	0.0000	0.0000	0.0000	0.0000	0.0000	0	1.00	0.2624	0.2264	-0.4830	1.421	0	nan	nan	nan	nan	nan	nan
123004	-0.579	-0.578	1.143	-0.43	-0.05	0.07	-0.003	-0.003	0.038	0.005	0.000	0.006	0.0000	0.0000	0.0000	0.0000	0.0000	0.0000	0	1.00	0.2624	0.2264	-0.4830	1.421	0	nan	nan	nan	nan	nan	nan
123012	-0.583	-0.578	1.146	-0.21	-0.25	-0.04	0.001	-0.011	0.057	0.005	0.000	0.006	0.0000	0.0000	0.0000	0.0000	0.0000	0.0000	0	1.00	0.2624	0.2264	-0.4830	1.421	0	nan	nan	nan	nan	nan	nan
123020	-0.589	-0.569	1.143	-0.02	-0.05	-0.01	0.001	-0.006	0.036	0.005	0.000	0.006	0.0000	0.0000	0.0000	0.0000	0.0000	0.0000	0	1.00	0.2624	0.2264	-0.4830	1.421	0	nan	nan	nan	nan	nan	nan
123028	-0.591	-0.566	1.143	-0.28	0.05	-0.17	-0.003	-0.005	0.017	0.005	0.000	0.006	0.0000	0.0000	0.0000	0.0000	0.0000	0.0000	0	1.00	0.2624	0.2264	-0.4830	1.421	0	nan	nan	nan	nan	nan	nan
123036	-0.589	-0.569	1.143	0.11	0.02	-0.11	-0.002	-0.006	0.012	0.005	0.000	0.006	0.0000	0.0000	0.0000	0.0000	0.0000	0.0000	0	1.00	0.2624	0.2264	-0.4830	1.421	0	nan	nan	nan	nan	nan	nan
123044	-0.589	-0.561	1.136	0.07	0.59	-0.32	0.002	0.000	-0.003	0.005	0.000	0.006	0.0000	0.0000	0.0000	0.0000	0.0000	0.0000	0	1.00	0.2624	0.2264	-0.4830	1.421	0	nan	nan	nan	nan	nan	nan
123053	-0.585	-0.564	1.134	0.47	0.38	-0.19	0.006	0.003	-0.021	0.005	0.000	0.006	0.0000	0.0000	0.0000	0.0000	0.0000	0.0000	0	1.00	0.2624	0.2264	-0.4830	1.421	0	nan	nan	nan	nan	nan	nan
123061	-0.584	-0.557	1.126	0.66	0.42	-0.32	-0.002	0.009	-0.032	0.005	0.000	0.006	0.0000	0.0000	0.0000	0.0000	0.0000	0.0000	0	1.00	0.2624	0.2264	-0.4830	1.421	0	nan	nan	nan	nan	nan	nan
123069	-0.577	-0.558	1.121	0.73	0.58	-0.33	-0.008	0.019	-0.029	0.005	0.000	0.006	0.0000	0.0000	0.0000	0.0000	0.0000	0.0000	0	1.00	0.2624	0.2264	-0.4830	1.421	0	nan	nan	nan	nan	nan	nan
123077	-0.566	-0.560	1.112	0.73	0.66	-0.42	-0.009	0.032	-0.022	0.005	0.000	0.006	0.0000	0.0000	0.0000	0.0000	0.0000	0.0000	0	1.00	0.2624	0.2264	-0.4830	1.421	0	nan	nan	nan	nan	nan	nan
123085	-0.563	-0.557	1.106	0.82	0.59	-0.32	-0.016	0.025	-0.022	0.005	0.000	0.006	0.0000	0.0000	0.0000	0.0000	0.0000	0.0000	0	1.00	0.2624	0.2264	-0.4830	1.421	0	nan	nan	nan	nan	nan	nan
123093	-0.559	-0.557	1.102	0.53	0.87	-0.74	-0.019	0.022	-0.010	0.005	0.000	0.006	0.0000	0.0000	0.0000	0.0000	0.0000	0.0000	0	1.00	0.2624	0.2264	-0.4830	1.421	0	nan	nan	nan	nan	nan	nan
123101	-0.555	-0.558	1.099	0.14	0.85	-0.75	0.001	0.002	0.009	0.005	0.000	0.006	0.0000	0.0000	0.0000	0.0000	0.0000	0.0000	0	1.00	0.2624	0.2264	-0.4830	1.421	0	nan	nan	nan	nan	nan	nan
123109	-0.553	-0.555	1.093	-0.06	1.04	-0.74	0.012	-0.016	0.010	0.005	0.000	0.006	0.0000	0.0000	0.0000	0.0000	0.0000	0.0000	0	1.00	0.2624	0.2264	-0.4830	1.421	0	nan	nan	nan	nan	nan	nan
123117	-0.548	-0.554	1.087	0.40	1.08	-0.61	0.008	-0.030	0.026	0.005	0.000	0.006	0.0000	0.0000	0.0000	0.0000	0.0000	0.0000	0	1.00	0.2624	0.2264	-0.4830	1.421	0	nan	nan	nan	nan	nan	nan
123125	-0.550	-0.543	1.080	-0.21	1.27	-0.51	0.017	-0.037	0.023	0.005	0.000	0.006	0.0000	0.0000	0.0000	0.0000	0.0000	0.0000	0	1.00	0.2624	0.2264	-0.4830	1.421	0	nan	nan	nan	nan	nan	nan
123133	-0.553	-0.536	1.075	0.06	1.19	-0.49	0.020	-0.029	0.022	0.005	0.000	0.006	0.0000	0.0000	0.0000	0.0000	0.0000	0.0000	0	1.00	0.2624	0.2264	-0.4830	1.421	0	nan	nan	nan	nan	nan	nan
123141	-0.552	-0.528	1.066	-0.20	1.59	-0.53	0.017	-0.034	-0.002	0.005	0.000	0.006	0.0000	0.0000	0.0000	0.0000	0.0000	0.0000	0	1.00	0.2624	0.2264	-0.4830	1.421	0	nan	nan	nan	nan	nan	nan
123149	-0.554	-0.514	1.054	-0.16	1.41	-0.28	0.021	-0.005	-0.004	0.005	0.000	0.006	0.0000	0.0000	0.0000	0.0000	0.0000	0.0000	0	1.00	0.2624	0.2264	-0.4830	1.421	0	nan	nan	nan	nan	nan	nan
123158	-0.551	-0.505	1.042	-0.03	1.36	-0.25	0.010	0.008	-0.023	0.005	0.000	0.006	0.0000	0.0000	0.0000	0.0000	0.0000	0.0000	0	1.00	0.2624	0.2264	-0.4830	1.421	0	nan	nan	nan	nan	nan	nan
123166	-0.555	-0.494	1.036	0.24	1.50	-0.45	0.011	0.022	-0.022	0.005	0.000	0.006	0.0000	0.0000	0.0000	0.0000	0.0000	0.0000	0	1.00	0.2624	0.2264	-0.4830	1.421	0	nan	nan	nan	nan	nan	nan
123174	-0.556	-0.482	1.026	-0.05	1.52	-0.60	-0.015	0.033	-0.035	0.005	0.000	0.006	0.0000	0.0000	0.0000	0.0000	0.0000	0.0000	0	1.00	0.2624	0.2264	-0.4830	1.421	0	nan	nan	nan	nan	nan	nan
123182	-0.557	-0.468	1.012	0.18	1.21	-0.74	-0.018	0.041	-0.030	0.005	0.000	0.006	0.0000	0.0000	0.0000	0.0000	0.0000	0.0000	0	1.00	0.2624	0.2264	-0.4830	1.421	0	nan	nan	nan	nan	nan	nan
123190	-0.554	-0.463	1.004	0.18	0.96	-0.48	-0.023	0.013	-0.018	0.005	0.000	0.006	0.0000	0.0000	0.0000	0.0000	0.0000	0.0000	0	1.00	0.2624	0.2264	-0.4830	1.421	0	nan	nan	nan	nan	nan	nan
123198	-0.554	-0.449	0.991	0.21	1.01	-0.77	-0.032	0.002	0.001	0.005	0.000	0.006	0.0000	0.0000	0.0000	0.0000	0.0000	0.0000	0	1.00	0.2624	0.2264	-0.4830	1.421	0	nan	nan	nan	nan	nan	nan
123206	-0.551	-0.438	0.977	0.17	1.02	-0.85	-0.028	-0.008	0.011	0.005	0.000	0.006	0.0000	0.0000	0.0000	0.0000	0.0000	0.0000	0	1.00	0.2624	0.2264	-0.4830	1.421	0	nan	nan	nan	nan	nan	nan
123214	-0.555	-0.424	0.968	0.41	0.74	-0.70	-0.034	-0.006	0.029	0.005	0.000	0.006	0.0000	0.0000	0.0000	0.0000	0.0000	0.0000	0	1.00	0.2624	0.2264	-0.4830	1.421	0	nan	nan	nan	nan	nan	nan
123223	-0.558	-0.415	0.962	-0.20	0.60	-0.58	-0.019	-0.007	0.028	0.005	0.000	0.006	0.0000	0.0000	0.0000	0.0000	0.0000	0.0000	0	1.00	0.2624	0.2264	-0.4830	1.421	0	nan	nan	nan	nan	nan	nan
123231	-0.564	-0.407	0.961	-0.31	0.56	-0.01	-0.006	-0.014	0.038	0.005	0.000	0.006	0.0000	0.0000	0.0000	0.0000	0.0000	0.0000	0	1.00	0.2624	0.2264	-0.4830	1.421	0	nan	nan	nan	nan	nan	nan
123239	-0.567	-0.396	0.954	-0.66	0.45	-0.30	0.008	-0.014	0.035	0.005	0.000	0.006	0.0000	0.0000	0.0000	0.0000	0.0000	0.0000	0	1.00	0.2624	0.2264	-0.4830	1.421	0	nan	nan	nan	nan	nan	nan
123247	-0.569	-0.392	0.951	-0.28	0.31	-0.01	0.030	-0.000	0.034	0.005	0.000	0.006	0.0000	0.0000	0.0000	0.0000	0.0000	0.0000	0	1.00	0.2624	0.2264	-0.4830	1.421	0	nan	nan	nan	nan	nan	nan
123255	-0.569	-0.391	0.950	-0.51	0.16	-0.16	0.028	0.016	0.005	0.005	0.000	0.006	0.0000	0.0000	0.0000	0.0000	0.0000	0.0000	0	1.00	0.2624	0.2264	-0.4830	1.421	0	nan	nan	nan	nan	nan	nan
123264	-0.573	-0.386	0.950	-0.30	0.37	0.05	0.026	0.026	0.001	0.005	0.000	0.006	0.0000	0.0000	0.0000	0.0000	0.0000	0.0000	0	1.00	0.2624	0.2264	-0.4830	1.421	0	nan	nan	nan	nan	nan	nan
123272	-0.579	-0.382	0.951	-0.70	-0.13	-0.10	0.015	0.008	-0.021	0.005	0.000	0.006	0.0000	0.0000	0.0000	0.0000	0.0000	0.0000	0	1.00	0.2624	0.2264	-0.4830	1.421	0	nan	nan	nan	nan	nan	nan
123280	-0.580	-0.383	0.953	-0.51	-0.06	0.06	-0.008	0.003	-0.041	0.005	0.000	0.006	0.0000	0.0000	0.0000	0.0000	0.0000	0.0000	0	1.00	0.2624	0.2264	-0.4830	1.421	0	nan	nan	nan	nan	nan	nan
123288	-0.585	-0.376	0.951	-0.32	0.04	-0.11	-0.034	0.005	-0.044	0.005	0.000	0.006	0.0000	0.0000	0.0000	0.0000	0.0000	0.0000	0	1.00	0.2624	0.2264	-0.4830	1.421	0	nan	nan	nan	nan	nan	nan
123296	-0.590	-0.371	0.951	-0.44	0.02	0.13	-0.035	0.007	-0.044	0.005	0.000	0.006	0.0000	0.0000	0.0000	0.0000	0.0000	0.0000	0	1.00	0.2624	0.2264	-0.4830	1.421	0	nan	nan	nan	nan	nan	nan
123304	-0.601	-0.368	0.960	-0.70	-0.21	-0.01	-0.040	-0.001	-0.024	0.005	0.000	0.006	0.0000	0.0000	0.0000	0.0000	0.0000	0.0000	0	1.00	0.2624	0.2264	-0.4830	1.421	0	nan	nan	nan	nan	nan	nan
123312	-0.605	-0.365	0.960	-0.19	-0.15	0.05	-0.027	-0.016	-0.009	0.005	0.000	0.006	0.0000	0.0000	0.0000	0.0000	0.0000	0.0000	0	1.00	0.2624	0.2264	-0.4830	1.421	0	nan	nan	nan	nan	nan	nan
123320	-0.609	-0.362	0.962	-0.32	0.06	0.17	-0.023	-0.019	0.005	0.005	0.000	0.006	0.0000	0.0000	0.0000	0.0000	0.0000	0.0000	0	1.00	0.2624	0.2264	-0.4830	1.421	0	nan	nan	nan	nan	nan	nan
123328	-0.612	-0.366	0.968	-0.19	-0.28	0.18	0.002	-0.015	0.027	0.005	0.000	0.006	0.0000	0.0000	0.0000	0.0000	0.0000	0.0000	0	1.00	0.2624	0.2264	-0.4830	1.421	0	nan	nan	nan	nan	nan	nan
123336	-0.615	-0.367	0.972	0.45	-0.10	0.10	0.018	-0.033	0.038	0.005	0.000	0.006	0.0000	0.0000	0.0000	0.0000	0.0000	0.0000	0	1.00	0.2624	0.2264	-0.4830	1.421	0	nan	nan	nan	nan	nan	nan
123344	-0.615	-0.369	0.974	0.36	-0.10	-0.24	0.028	-0.022	0.022	0.005	0.000	0.006	0.0000	0.0000	0.0000	0.0000	0.0000	0.0000	0	1.00	0.2624	0.2264	-0.4830	1.421	0	nan	nan	nan	nan	nan	nan
123352	-0.612	-0.368	0.971	0.59	0.14	-0.18	0.031	-0.019	0.042	0.005	0.000	0.006	0.0000	0.0000	0.0000	0.0000	0.0000	0.0000	0	1.00	0.2624	0.2264	-0.4830	1.421	0	nan	nan	nan	nan	nan	nan
123360	-0.605	-0.377	0.972	0.82	-0.05	0.32	0.030	-0.016	0.028	0.005	0.000	0.006	0.0000	0.0000	0.0000	0.0000	0.0000	0.0000	0	1.00	0.2624	0.2264	-0.4830	1.421	0	nan	nan	nan	nan	nan	nan
123368	-0.598	-0.379	0.967	0.91	0.09	-0.23	0.015	-0.001	0.016	0.005	0.000	0.006	0.0000	0.0000	0.0000	0.0000	0.0000	0.0000	0	1.00	0.2624	0.2264	-0.4830	1.421	0	nan	nan	nan	nan	nan	nan
123377	-0.587	-0.390	0.967	0.85	-0.09	-0.32	-0.012	0.012	0.004	0.005	0.000	0.006	0.0000	0.0000	0.0000	0.0000	0.0000	0.0000	0	1.00	0.2624	0.2264	-0.4830	1.421	0	nan	nan	nan	nan	nan	nan
123385	-0.581	-0.394	0.964	0.57	0.09	-0.32	-0.011	0.024	-0.012	0.005	0.000	0.006	0.0000	0.0000	0.0000	0.0000	0.0000	0.0000	0	1.00	0.2624	0.2264	-0.4830	1.421	0	nan	nan	nan	nan	nan	nan
123393	-0.578	-0.396	0.964	0.60	-0.12	-0.35	-0.023	0.037	-0.019	0.005	0.000	0.006	0.0000	0.0000	0.0000	0.0000	0.0000	0.0000	0	1.00	0.2624	0.2264	-0.4830	1.421	0	nan	nan	nan	nan	nan	nan
123401	-0.573	-0.403	0.966	0.49	-0.18	-0.50	-0.035	0.032	-0.020	0.005	0.000	0.006	0.0000	0.0000	0.0000	0.0000	0.0000	0.0000	0	1.00	0.2624	0.2264	-0.4830	1.421	0	nan	nan	nan	nan	nan	nan
123409	-0.568	-0.408	0.965	0.47	-0.24	-0.64	-0.027	0.035	-0.039	0.005	0.000	0.006	0.0000	0.0000	0.0000	0.0000	0.0000	0.0000	0	1.00	0.2624	0.2264	-0.4830	1.421	0	nan	nan	nan	nan	nan	nan
123417	-0.562	-0.409	0.960	0.15	-0.08	-1.00	-0.035	0.029	-0.024	0.005	0.000	0.006	0.0000	0.0000	0.0000	0.0000	0.0000	0.0000	0	1.00	0.2624	0.2264	-0.4830	1.421	0	nan	nan	nan	nan	nan	nan
123425	-0.557	-0.410	0.956	-0.08	0.10	-0.73	-0.014	0.023	-0.018	0.005	0.000	0.006	0.0000	0.0000	0.0000	0.0000	0.0000	0.0000	0	1.00	0.2624	0.2264	-0.4830	1.421	0	nan	nan	nan	nan	nan	nan
123433	-0.549	-0.414	0.952	-0.27	0.39	-0.52	0.011	-0.001	-0.002	0.005	0.000	0.006	0.0000	0.0000	0.0000	0.0000	0.0000	0.0000	0	1.00	0.2624	0.2264	-0.4830	1.421	0	nan	nan	nan	nan	nan	nan
123441	-0.543	-0.415	0.947	-0.19	0.53	-0.64	0.015	-0.011	0.003	0.005	0.000	0.006	0.0000	0.0000	0.0000	0.0000	0.0000	0.0000	0	1.00	0.2624	0.2264	-0.4830	1.421	0	nan	nan	nan	nan	nan	nan
123449	-0.535	-0.414	0.938	-0.03	0.40	-0.34	0.032	-0.025	0.025	0.005	0.000	0.006	0.0000	0.0000	0.0000	0.0000	0.0000	0.0000	0	1.00	0.2624	0.2264	-0.4830	1.421	0	nan	nan	nan	nan	nan	nan
123458	-0.531	-0.406	0.927	-0.18	0.69	-0.49	0.050	-0.016	0.019	0.005	0.000	0.006	0.0000	0.0000	0.0000	0.0000	0.0000	0.0000	0	1.00	0.2624	0.2264	-0.4830	1.421	0	nan	nan	nan	nan	nan	nan
123466	-0.531	-0.397	0.917	-0.59	1.12	-0.40	0.036	-0.023	0.021	0.005	0.000	0.006	0.0000	0.0000	0.0000	0.0000	0.0000	0.0000	0	1.00	0.2624	0.2264	-0.4830	1.421	0	nan	nan	nan	nan	nan	nan
123474	-0.532	-0.393	0.914	-0.59	1.25	-0.53	0.029	-0.026	0.001	0.005	0.000	0.006	0.0000	0.0000	0.0000	0.0000	0.0000	0.0000	0	1.00	0.2624	0.2264	-0.4830	1.421	0	nan	nan	nan	nan	nan	nan
123482	-0.529	-0.393	0.912	-0.17	0.96	-0.13	0.005	-0.001	-0.000	0.005	0.000	0.006	0.0000	0.0000	0.0000	0.0000	0.0000	0.0000	0	1.00	0.2624	0.2264	-0.4830	1.421	0	nan	nan	nan	nan	nan	nan
123490	-0.528	-0.385	0.903	-0.39	1.43	-0.17	0.001	0.017	-0.008	0.005	0.000	0.006	0.0000	0.0000	0.0000	0.0000	0.0000	0.0000	0	1.00	0.2624	0.2264	-0.4830	1.421	0	nan	nan	nan	nan	nan	nan
123498	-0.532	-0.374	0.897	-0.29	1.06	-0.64	-0.002	0.012	-0.002	0.005	0.000	0.006	0.0000	0.0000	0.0000	0.0000	0.0000	0.0000	0	1.00	0.2624	0.2264	-0.4830	1.421	0	nan	nan	nan	nan	nan	nan
123506	-0.539	-0.365	0.895	-0.62	1.15	-0.19	-0.022	0.003	-0.018	0.005	0.000	0.006	0.0000	0.0000	0.0000	0.0000	0.0000	0.0000	0	1.00	0.2624	0.2264	-0.4830	1.421	0	nan	nan	nan	nan	nan	nan
123514	-0.547	-0.357	0.895	-0.97	1.16	0.15	-0.035	0.002	-0.019	0.005	0.000	0.006	0.0000	0.0000	0.0000	0.0000	0.0000	0.0000	0	1.00	0.2624	0.2264	-0.4830	1.421	0	nan	nan	nan	nan	nan	nan
123522	-0.555	-0.348	0.893	-0.82	1.04	0.12	-0.031	-0.005	-0.005	0.005	0.000	0.006	0.0000	0.0000	0.0000	0.0000	0.0000	0.0000	0	1.00	0.2624	0.2264	-0.4830	1.421	0	nan	nan	nan	nan	nan	nan
123530	-0.562	-0.339	0.892	-0.85	0.96	0.13	-0.036	-0.011	0.002	0.005	0.000	0.006	0.0000	0.0000	0.0000	0.0000	0.0000	0.0000	0	1.00	0.2624	0.2264	-0.4830	1.421	0	nan	nan	nan	nan	nan	nan
123538	-0.568	-0.331	0.891	-0.71	1.06	0.31	-0.032	-0.031	0.006	0.005	0.000	0.006	0.0000	0.0000	0.0000	0.0000	0.0000	0.0000	0	1.00	0.2624	0.2264	-0.4830	1.421	0	nan	nan	nan	nan	nan	nan
123547	-0.579	-0.322	0.893	-1.05	0.97	0.31	-0.015	-0.033	0.016	0.005	0.000	0.006	0.0000	0.0000	0.0000	0.0000	0.0000	0.0000	0	1.00	0.2624	0.2264	-0.4830	1.421	0	nan	nan	nan	nan	nan	nan
123555	-0.592	-0.313	0.897	-1.13	1.12	0.46	-0.005	-0.014	0.027	0.005	0.000	0.006	0.0000	0.0000	0.0000	0.0000	0.0000	0.0000	0	1.00	0.2624	0.2264	-0.4830	1.421	0	nan	nan	nan	nan	nan	nan
123563	-0.600	-0.303	0.895	-0.96	1.10	0.52	0.004	-0.032	0.025	0.005	0.000	0.006	0.0000	0.0000	0.0000	0.0000	0.0000	0.0000	0	1.00	0.2624	0.2264	-0.4830	1.421	0	nan	nan	nan	nan	nan	nan
123571	-0.603	-0.294	0.889	-0.80	0.72	0.32	0.019	-0.032	0.016	0.005	0.000	0.006	0.0000	0.0000	0.0000	0.0000	0.0000	0.0000	0	1.00	0.2624	0.2264	-0.4830	1.421	0	nan	nan	nan	nan	nan	nan
123579	-0.612	-0.288	0.893	-0.85	0.66	0.43	0.028	-0.011	0.002	0.005	0.000	0.006	0.0000	0.0000	0.0000	0.0000	0.0000	0.0000	0	1.00	0.2624	0.2264	-0.4830	1.421	0	nan	nan	nan	nan	nan	nan
123587	-0.626	-0.279	0.897	-0.53	0.76	0.53	0.020	-0.018	0.007	0.005	0.000	0.006	0.0000	0.0000	0.0000	0.0000	0.0000	0.0000	0	1.00	0.2624	0.2264	-0.4830	1.421	0	nan	nan	nan	nan	nan	nan
123595	-0.633	-0.274	0.899	-0.44	0.77	0.54	0.026	0.028	-0.019	0.005	0.000	0.006	0.0000	0.0000	0.0000	0.0000	0.0000	0.0000	0	1.00	0.2624	0.2264	-0.4830	1.421	0	nan	nan	nan	nan	nan	nan
123603	-0.645	-0.263	0.901	-0.53	0.50	0.79	0.026	0.021	-0.031	0.005	0.000	0.006	0.0000	0.0000	0.0000	0.0000	0.0000	0.0000	0	1.00	0.2624	0.2264	-0.4830	1.421	0	nan	nan	nan	nan	nan	nan
123611	-0.655	-0.259	0.907	0.07	0.75	0.69	-0.007	0.022	-0.038	0.005	0.000	0.006	0.0000	0.0000	0.0000	0.0000	0.0000	0.0000	0	1.00	0.2624	0.2264	-0.4830	1.421	0	nan	nan	nan	nan	nan	nan
123619	-0.665	-0.250	0.909	-0.25	0.41	0.70	0.002	0.041	-0.032	0.005	0.000	0.006	0.0000	0.0000	0.0000	0.0000	0.0000	0.0000	0	1.00	0.2624	0.2264	-0.4830	1.421	0	nan	nan	nan	nan	nan	nan
123627	-0.672	-0.246	0.911	-0.08	0.52	0.64	-0.010	0.030	-0.020	0.005	0.000	0.006	0.0000	0.0000	0.0000	0.0000	0.0000	0.0000	0	1.00	0.2624	0.2264	-0.4830	1.421	0	nan	nan	nan	nan	nan	nan
123635	-0.676	-0.245	0.915	-0.05	0.23	0.69	-0.029	0.031	0.005	0.005	0.000	0.006	0.0000	0.0000	0.0000	0.0000	0.0000	0.0000	0	1.00	0.2624	0.2264	-0.4830	1.421	0	nan	nan	nan	nan	nan	nan
123643	-0.680	-0.249	0.922	-0.20	-0.18	0.19	-0.032	0.014	0.014	0.005	0.000	0.006	0.0000	0.0000	0.0000	0.0000	0.0000	0.0000	0	1.00	0.2624	0.2264	-0.4830	1.421	0	nan	nan	nan	nan	nan	nan
123651	-0.680	-0.250	0.924	-0.19	-0.44	0.02	-0.037	-0.009	0.011	0.005	0.000	0.006	0.0000	0.0000	0.0000	0.0000	0.0000	0.0000	0	1.00	0.2624	0.2264	-0.4830	1.421	0	nan	nan	nan	nan	nan	nan
123659	-0.686	-0.249	0.929	-0.29	-0.56	0.24	-0.016	0.005	0.022	0.005	0.000	0.006	0.0000	0.0000	0.0000	0.0000	0.0000	0.0000	0	1.00	0.2624	0.2264	-0.4830	1.421	0	nan	nan	nan	nan	nan	nan
123667	-0.689	-0.245	0.928	-0.01	-0.39	-0.11	-0.009	-0.031	0.027	0.005	0.000	0.006	0.0000	0.0000	0.0000	0.0000	0.0000	0.0000	0	1.00	0.2624	0.2264	-0.4830	1.421	0	nan	nan	nan	nan	nan	nan
123676	-0.686	-0.246	0.926	0.11	-0.67	-0.04	0.011	-0.045	0.036	0.005	0.000	0.006	0.0000	0.0000	0.0000	0.0000	0.0000	0.0000	0	1.00	0.2624	0.2264	-0.4830	1.421	0	nan	nan	nan	nan	nan	nan
123684	-0.687	-0.248	0.929	0.09	-0.74	0.15	0.036	-0.039	0.015	0.005	0.000	0.006	0.0000	0.0000	0.0000	0.0000	0.0000	0.0000	0	1.00	0.2624	0.2264	-0.4830	1.421	0	nan	nan	nan	nan	nan	nan
123692	-0.687	-0.250	0.931	-0.04	-0.64	-0.36	0.039	-0.025	0.002	0.005	0.000	0.006	0.0000	0.0000	0.0000	0.0000	0.0000	0.0000	0	1.00	0.2624	0.2264	-0.4830	1.421	0	nan	nan	nan	nan	nan	nan
123700	-0.686	-0.255	0.934	0.06	-0.82	-0.28	0.056	-0.022	-0.003	0.005	0.000	0.006	0.0000	0.0000	0.0000	0.0000	0.0000	0.0000	0	1.00	0.2624	0.2264	-0.4830	1.421	0	nan	nan	nan	nan	nan	nan
123708	-0.686	-0.254	0.934	0.30	-0.73	-0.18	0.042	-0.016	-0.000	0.005	0.000	0.006	0.0000	0.0000	0.0000	0.0000	0.0000	0.0000	0	1.00	0.2624	0.2264	-0.4830	1.421	0	nan	nan	nan	nan	nan	nan
123717	-0.681	-0.264	0.939	0.25	-0.66	-0.20	0.017	0.021	-0.011	0.005	0.000	0.006	0.0000	0.0000	0.0000	0.0000	0.0000	0.0000	0	1.00	0.2624	0.2264	-0.4830	1.421	0	nan	nan	nan	nan	nan	nan
123725	-0.684	-0.267	0.944	0.08	-0.64	-0.27	-0.006	0.021	-0.020	0.005	0.000	0.006	0.0000	0.0000	0.0000	0.0000	0.0000	0.0000	0	1.00	0.2624	0.2264	-0.4830	1.421	0	nan	nan	nan	nan	nan	nan
123733	-0.674	-0.276	0.943	0.15	-0.64	-0.44	-0.015	0.048	-0.027	0.005	0.000	0.006	0.0000	0.0000	0.0000	0.0000	0.0000	0.0000	0	1.00	0.2624	0.2264	-0.4830	1.421	0	nan	nan	nan	nan	nan	nan
123741	-0.665	-0.289	0.946	0.47	-0.71	-0.16	-0.024	0.026	-0.027	0.005	0.000	0.006	0.0000	0.0000	0.0000	0.0000	0.0000	0.0000	0	1.00	0.2624	0.2264	-0.4830	1.421	0	nan	nan	nan	nan	nan	nan
123749	-0.657	-0.295	0.944	0.05	-0.50	-0.47	-0.038	0.041	-0.030	0.005	0.000	0.006	0.0000	0.0000	0.0000	0.0000	0.0000	0.0000	0	1.00	0.2624	0.2264	-0.4830	1.421	0	nan	nan	nan	nan	nan	nan
123757	-0.651	-0.299	0.943	0.02	-0.34	-0.40	-0.039	0.002	-0.036	0.005	0.000	0.006	0.0000	0.0000	0.0000	0.0000	0.0000	0.0000	0	1.00	0.2624	0.2264	-0.4830	1.421	0	nan	nan	nan	nan	nan	nan
123765	-0.652	-0.299	0.944	0.26	-0.29	-0.26	-0.019	-0.013	-0.030	0.005	0.000	0.006	0.0000	0.0000	0.0000	0.0000	0.0000	0.0000	0	1.00	0.2624	0.2264	-0.4830	1.421	0	nan	nan	nan	nan	nan	nan
123773	-0.649	-0.303	0.944	-0.11	-0.34	-0.05	-0.015	-0.032	-0.010	0.005	0.000	0.006	0.0000	0.0000	0.0000	0.0000	0.0000	0.0000	0	1.00	0.2624	0.2264	-0.4830	1.421	0	nan	nan	nan	nan	nan	nan
123781	-0.644	-0.305	0.941	-0.24	-0.07	-0.30	0.002	-0.037	-0.000	0.005	0.000	0.006	0.0000	0.0000	0.0000	0.0000	0.0000	0.0000	0	1.00	0.2624	0.2264	-0.4830	1.421	0	nan	nan	nan	nan	nan	nan
123789	-0.640	-0.309	0.941	-0.27	0.01	-0.13	0.003	-0.041	0.012	0.005	0.000	0.006	0.0000	0.0000	0.0000	0.0000	0.0000	0.0000	0	1.00	0.2624	0.2264	-0.4830	1.421	0	nan	nan	nan	nan	nan	nan
123797	-0.636	-0.308	0.936	-0.00	-0.20	0.01	0.008	-0.030	0.024	0.005	0.000	0.006	0.0000	0.0000	0.0000	0.0000	0.0000	0.0000	0	1.00	0.2624	0.2264	-0.4830	1.421	0	nan	nan	nan	nan	nan	nan
123806	-0.631	-0.314	0.936	-0.41	-0.37	0.27	0.012	-0.004	0.013	0.005	0.000	0.006	0.0000	0.0000	0.0000	0.0000	0.0000	0.0000	0	1.00	0.2624	0.2264	-0.4830	1.421	0	nan	nan	nan	nan	nan	nan
123814	-0.628	-0.318	0.938	-0.33	-0.13	0.17	0.010	-0.008	0.011	0.005	0.000	0.006	0.0000	0.0000	0.0000	0.0000	0.0000	0.0000	0	1.00	0.2624	0.2264	-0.4830	1.421	0	nan	nan	nan	nan	nan	nan
123822	-0.631	-0.312	0.935	-0.43	0.25	0.20	0.019	0.022	0.008	0.005	0.000	0.006	0.0000	0.0000	0.0000	0.0000	0.0000	0.0000	0	1.00	0.2624	0.2264	-0.4830	1.421	0	nan	nan	nan	nan	nan	nan
123830	-0.635	-0.311	0.938	-0.45	0.24	0.02	0.011	0.029	0.009	0.005	0.000	0.006	0.0000	0.0000	0.0000	0.0000	0.0000	0.0000	0	1.00	0.2624	0.2264	-0.4830	1.421	0	nan	nan	nan	nan	nan	nan
123838	-0.637	-0.311	0.940	-0.45	0.37	-0.11	-0.006	0.025	0.003	0.005	0.000	0.006	0.0000	0.0000	0.0000	0.0000	0.0000	0.0000	0	1.00	0.2624	0.2264	-0.4830	1.421	0	nan	nan	nan	nan	nan	nan
123846	-0.636	-0.308	0.936	-0.82	0.19	0.22	-0.006	0.018	-0.010	0.005	0.000	0.006	0.0000	0.0000	0.0000	0.0000	0.0000	0.0000	0	1.00	0.2624	0.2264	-0.4830	1.421	0	nan	nan	nan	nan	nan	nan
123854	-0.641	-0.305	0.938	-0.89	0.29	-0.02	-0.012	0.024	0.014	0.005	0.000	0.006	0.0000	0.0000	0.0000	0.0000	0.0000	0.0000	0	1.00	0.2624	0.2264	-0.4830	1.421	0	nan	nan	nan	nan	nan	nan
123862	-0.645	-0.303	0.940	-0.67	0.38	-0.11	-0.011	0.025	0.007	0.005	0.000	0.006	0.0000	0.0000	0.0000	0.0000	0.0000	0.0000	0	1.00	0.2624	0.2264	-0.4830	1.421	0	nan	nan	nan	nan	nan	nan
123870	-0.645	-0.298	0.936	-0.41	0.62	-0.29	-0.005	-0.010	-0.002	0.005	0.000	0.006	0.0000	0.0000	0.0000	0.0000	0.0000	0.0000	0	1.00	0.2624	0.2264	-0.4830	1.421	0	nan	nan	nan	nan	nan	nan
123879	-0.652	-0.294	0.939	-0.43	0.40	-0.26	0.012	-0.035	-0.010	0.005	0.000	0.006	0.0000	0.0000	0.0000	0.0000	0.0000	0.0000	0	1.00	0.2624	0.2264	-0.4830	1.421	0	nan	nan	nan	nan	nan	nan
123887	-0.653	-0.293	0.938	-0.45	0.46	-0.20	0.006	-0.012	-0.010	0.005	0.000	0.006	0.0000	0.0000	0.0000	0.0000	0.0000	0.0000	0	1.00	0.2624	0.2264	-0.4830	1.421	0	nan	nan	nan	nan	nan	nan
123895	-0.658	-0.288	0.939	-0.25	0.27	-0.21	0.027	-0.017	0.003	0.005	0.000	0.006	0.0000	0.0000	0.0000	0.0000	0.0000	0.0000	0	1.00	0.2624	0.2264	-0.4830	1.421	0	nan	nan	nan	nan	nan	nan
123903	-0.665	-0.283	0.941	-0.32	0.20	-0.28	0.034	-0.018	-0.003	0.005	0.000	0.006	0.0000	0.0000	0.0000	0.0000	0.0000	0.0000	0	1.00	0.2624	0.2264	-0.4830	1.421	0	nan	nan	nan	nan	nan	nan
123911	-0.671	-0.280	0.943	-0.09	0.10	-0.30	0.005	-0.021	-0.012	0.005	0.000	0.006	0.0000	0.0000	0.0000	0.0000	0.0000	0.0000	0	1.00	0.2624	0.2264	-0.4830	1.421	0	nan	nan	nan	nan	nan	nan
123919	-0.674	-0.278	0.945	-0.27	-0.10	0.28	-0.005	-0.012	-0.020	0.005	0.000	0.006	0.0000	0.0000	0.0000	0.0000	0.0000	0.0000	0	1.00	0.2624	0.2264	-0.4830	1.421	0	nan	nan	nan	nan	nan	nan
123927	-0.679	-0.275	0.947	-0.05	0.20	0.41	-0.005	-0.002	-0.015	0.005	0.000	0.006	0.0000	0.0000	0.0000	0.0000	0.0000	0.0000	0	1.00	0.2624	0.2264	-0.4830	1.421	0	nan	nan	nan	nan	nan	nan
123935	-0.679	-0.274	0.946	-0.03	0.12	0.24	-0.008	-0.012	-0.014	0.005	0.000	0.006	0.0000	0.0000	0.0000	0.0000	0.0000	0.0000	0	1.00	0.2624	0.2264	-0.4830	1.421	0	nan	nan	nan	nan	nan	nan
123943	-0.682	-0.267	0.942	0.41	0.46	0.32	-0.016	0.028	-0.014	0.005	0.000	0.006	0.0000	0.0000	0.0000	0.0000	0.0000	0.0000	0	1.00	0.2624	0.2264	-0.4830	1.421	0	nan	nan	nan	nan	nan	nan
123951	-0.686	-0.264	0.943	0.19	0.25	0.11	-0.014	0.004	-0.005	0.005	0.000	0.006	0.0000	0.0000	0.0000	0.0000	0.0000	0.0000	0	1.00	0.2624	0.2264	-0.4830	1.421	0	nan	nan	nan	nan	nan	nan
123960	-0.692	-0.261	0.946	0.24	0.23	0.08	-0.010	0.005	0.018	0.005	0.000	0.006	0.0000	0.0000	0.0000	0.0000	0.0000	0.0000	0	1.00	0.2624	0.2264	-0.4830	1.421	0	nan	nan	nan	nan	nan	nan
123968	-0.694	-0.259	0.947	0.43	0.19	0.04	0.007	0.016	0.020	0.005	0.000	0.006	0.0000	0.0000	0.0000	0.0000	0.0000	0.0000	0	1.00	0.2624	0.2264	-0.4830	1.421	0	nan	nan	nan	nan	nan	nan
123976	-0.691	-0.259	0.943	0.31	0.23	-0.09	0.004	-0.005	0.040	0.005	0.000	0.006	0.0000	0.0000	0.0000	0.0000	0.0000	0.0000	0	1.00	0.2624	0.2264	-0.4830	1.421	0	nan	nan	nan	nan	nan	nan
123984	-0.687	-0.257	0.938	0.39	0.41	-0.25	0.010	0.012	0.033	0.005	0.000	0.006	0.0000	0.0000	0.0000	0.0000	0.0000	0.0000	0	1.00	0.2624	0.2264	-0.4830	1.421	0	nan	nan	nan	nan	nan	nan
123992	-0.688	-0.257	0.938	0.58	0.37	-0.29	0.019	0.005	0.029	0.005	0.000	0.006	0.0000	0.0000	0.0000	0.0000	0.0000	0.0000	0	1.00	0.2624	0.2264	-0.4830	1.421	0	nan	nan	nan	nan	nan	nan
124000	-0.685	-0.260	0.939	0.27	-0.09	-0.15	0.016	0.010	-0.002	0.005	0.000	0.006	0.0000	0.0000	0.0000	0.0000	0.0000	0.0000	0	1.00	0.2624	0.2264	-0.4830	1.421	0	nan	nan	nan	nan	nan	nan
124008	-0.684	-0.264	0.941	0.49	-0.01	-0.24	0.005	-0.000	-0.012	0.005	0.000	0.006	0.0000	0.0000	0.0000	0.0000	0.0000	0.0000	0	1.00	0.2624	0.2264	-0.4830	1.421	0	nan	nan	nan	nan	nan	nan
124016	-0.678	-0.263	0.934	0.30	-0.56	-0.36	-0.004	-0.009	-0.007	0.005	0.000	0.006	0.0000	0.0000	0.0000	0.0000	0.0000	0.0000	0	1.00	0.2624	0.2264	-0.4830	1.421	0	nan	nan	nan	nan	nan	nan
124025	-0.673	-0.265	0.931	0.14	-0.84	-0.55	-0.006	-0.002	-0.019	0.005	0.000	0.006	0.0000	0.0000	0.0000	0.0000	0.0000	0.0000	0	1.00	0.2624	0.2264	-0.4830	1.421	0	nan	nan	nan	nan	nan	nan
124033	-0.675	-0.266	0.933	-0.06	-0.83	-0.36	0.000	0.023	-0.039	0.005	0.000	0.006	0.0000	0.0000	0.0000	0.0000	0.0000	0.0000	0	1.00	0.2624	0.2264	-0.4830	1.421	0	nan	nan	nan	nan	nan	nan
124041	-0.666	-0.273	0.932	-0.11	-0.91	-0.54	0.001	0.015	-0.045	0.005	0.000	0.006	0.0000	0.0000	0.0000	0.0000	0.0000	0.0000	0	1.00	0.2624	0.2264	-0.4830	1.421	0	nan	nan	nan	nan	nan	nan
124049	-0.665	-0.270	0.928	-0.18	-0.90	-0.69	-0.012	0.035	-0.040	0.005	0.000	0.006	0.0000	0.0000	0.0000	0.0000	0.0000	0.0000	0	1.00	0.2624	0.2264	-0.4830	1.421	0	nan	nan	nan	nan	nan	nan
124058	-0.660	-0.269	0.922	-0.08	-0.83	-0.55	-0.021	0.030	-0.034	0.005	0.000	0.006	0.0000	0.0000	0.0000	0.0000	0.0000	0.0000	0	1.00	0.2624	0.2264	-0.4830	1.421	0	nan	nan	nan	nan	nan	nan
124066	-0.652	-0.269	0.914	0.02	-0.41	-1.07	-0.019	0.009	-0.018	0.005	0.000	0.006	0.0000	0.0000	0.0000	0.0000	0.0000	0.0000	0	1.00	0.2624	0.2264	-0.4830	1.421	0	nan	nan	nan	nan	nan	nan
124074	-0.644	-0.272	0.909	-0.06	-0.76	-0.74	-0.017	0.002	-0.007	0.005	0.000	0.006	0.0000	0.0000	0.0000	0.0000	0.0000	0.0000	0	1.00	0.2624	0.2264	-0.4830	1.421	0	nan	nan	nan	nan	nan	nan
124082	-0.635	-0.275	0.903	0.10	-0.44	-0.59	-0.002	-0.001	0.023	0.005	0.000	0.006	0.0000	0.0000	0.0000	0.0000	0.0000	0.0000	0	1.00	0.2624	0.2264	-0.4830	1.421	0	nan	nan	nan	nan	nan	nan
124090	-0.623	-0.282	0.898	0.07	-0.32	-0.47	-0.006	-0.023	0.047	0.005	0.000	0.006	0.0000	0.0000	0.0000	0.0000	0.0000	0.0000	0	1.00	0.2624	0.2264	-0.4830	1.421	0	nan	nan	nan	nan	nan	nan
124098	-0.615	-0.287	0.895	-0.14	-0.25	-0.22	0.008	-0.037	0.046	0.005	0.000	0.006	0.0000	0.0000	0.0000	0.0000	0.0000	0.0000	0	1.00	0.2624	0.2264	-0.4830	1.421	0	nan	nan	nan	nan	nan	nan
124106	-0.606	-0.290	0.888	-0.09	0.10	0.12	-0.001	-0.041	0.035	0.005	0.000	0.006	0.0000	0.0000	0.0000	0.0000	0.0000	0.0000	0	1.00	0.2624	0.2264	-0.4830	1.421	0	nan	nan	nan	nan	nan	nan
124114	-0.600	-0.293	0.886	-0.44	-0.23	0.06	0.023	-0.005	0.033	0.005	0.000	0.006	0.0000	0.0000	0.0000	0.0000	0.0000	0.0000	0	1.00	0.2624	0.2264	-0.4830	1.421	0	nan	nan	nan	nan	nan	nan
124123	-0.602	-0.294	0.889	-0.72	0.19	0.56	0.028	-0.024	0.012	0.005	0.000	0.006	0.0000	0.0000	0.0000	0.0000	0.0000	0.0000	0	1.00	0.2624	0.2264	-0.4830	1.421	0	nan	nan	nan	nan	nan	nan
124131	-0.600	-0.302	0.895	-1.28	0.15	0.52	0.016	-0.030	0.003	0.005	0.000	0.006	0.0000	0.0000	0.0000	0.0000	0.0000	0.0000	0	1.00	0.2624	0.2264	-0.4830	1.421	0	nan	nan	nan	nan	nan	nan
124139	-0.602	-0.306	0.900	-1.50	-0.06	0.74	0.017	-0.008	-0.023	0.005	0.000	0.006	0.0000	0.0000	0.0000	0.0000	0.0000	0.0000	0	1.00	0.2624	0.2264	-0.4830	1.421	0	nan	nan	nan	nan	nan	nan
124147	-0.610	-0.306	0.909	-1.40	0.13	0.76	0.010	0.016	-0.026	0.005	0.000	0.006	0.0000	0.0000	0.0000	0.0000	0.0000	0.0000	0	1.00	0.2624	0.2264	-0.4830	1.421	0	nan	nan	nan	nan	nan	nan
124155	-0.616	-0.307	0.915	-1.51	0.32	0.79	-0.000	0.002	-0.017	0.005	0.000	0.006	0.0000	0.0000	0.0000	0.0000	0.0000	0.0000	0	1.00	0.2624	0.2264	-0.4830	1.421	0	nan	nan	nan	nan	nan	nan
124163	-0.629	-0.303	0.925	-1.80	0.20	1.09	0.003	0.017	-0.025	0.005	0.000	0.006	0.0000	0.0000	0.0000	0.0000	0.0000	0.0000	0	1.00	0.2624	0.2264	-0.4830	1.421	0	nan	nan	nan	nan	nan	nan
124171	-0.641	-0.297	0.930	-1.41	0.73	1.02	-0.013	0.008	-0.016	0.005	0.000	0.006	0.0000	0.0000	0.0000	0.0000	0.0000	0.0000	0	1.00	0.2624	0.2264	-0.4830	1.421	0	nan	nan	nan	nan	nan	nan
124179	-0.656	-0.296	0.945	-1.61	1.03	1.23	-0.022	-0.015	-0.015	0.005	0.000	0.006	0.0000	0.0000	0.0000	0.0000	0.0000	0.0000	0	1.00	0.2624	0.2264	-0.4830	1.421	0	nan	nan	nan	nan	nan	nan
124187	-0.675	-0.284	0.952	-0.94	0.93	0.88	-0.015	-0.001	0.001	0.005	0.000	0.006	0.0000	0.0000	0.0000	0.0000	0.0000	0.0000	0	1.00	0.2624	0.2264	-0.4830	1.421	0	nan	nan	nan	nan	nan	nan
124196	-0.694	-0.270	0.957	-1.05	0.96	1.07	-0.032	-0.018	0.016	0.005	0.000	0.006	0.0000	0.0000	0.0000	0.0000	0.0000	0.0000	0	1.00	0.2624	0.2264	-0.4830	1.421	0	nan	nan	nan	nan	nan	nan
124204	-0.711	-0.263	0.967	-0.84	1.17	0.85	-0.017	-0.015	0.039	0.005	0.000	0.006	0.0000	0.0000	0.0000	0.0000	0.0000	0.0000	0	1.00	0.2624	0.2264	-0.4830	1.421	0	nan	nan	nan	nan	nan	nan
124212	-0.722	-0.256	0.972	-0.50	0.80	1.00	-0.007	-0.002	0.033	0.005	0.000	0.006	0.0000	0.0000	0.0000	0.0000	0.0000	0.0000	0	1.00	0.2624	0.2264	-0.4830	1.421	0	nan	nan	nan	nan	nan	nan
124220	-0.730	-0.252	0.976	-0.17	0.60	0.97	0.009	-0.006	0.028	0.005	0.000	0.006	0.0000	0.0000	0.0000	0.0000	0.0000	0.0000	0	1.00	0.2624	0.2264	-0.4830	1.421	0	nan	nan	nan	nan	nan	nan
124228	-0.740	-0.249	0.983	0.12	0.66	1.04	0.012	-0.005	0.025	0.005	0.000	0.006	0.0000	0.0000	0.0000	0.0000	0.0000	0.0000	0	1.00	0.2624	0.2264	-0.4830	1.421	0	nan	nan	nan	nan	nan	nan
124236	-0.748	-0.250	0.992	0.27	0.54	1.01	0.026	0.002	0.002	0.005	0.000	0.006	0.0000	0.0000	0.0000	0.0000	0.0000	0.0000	0	1.00	0.2624	0.2264	-0.4830	1.421	0	nan	nan	nan	nan	nan	nan
124244	-0.759	-0.241	0.994	0.08	0.43	0.89	0.027	0.024	-0.009	0.005	0.000	0.006	0.0000	0.0000	0.0000	0.0000	0.0000	0.0000	0	1.00	0.2624	0.2264	-0.4830	1.421	0	nan	nan	nan	nan	nan	nan
124252	-0.772	-0.238	1.003	-0.05	0.12	0.49	0.042	0.015	-0.000	0.005	0.000	0.006	0.0000	0.0000	0.0000	0.0000	0.0000	0.0000	0	1.00	0.2624	0.2264	-0.4830	1.421	0	nan	nan	nan	nan	nan	nan
124260	-0.776	-0.244	1.014	0.07	-0.18	0.45	0.027	0.032	0.007	0.005	0.000	0.006	0.0000	0.0000	0.0000	0.0000	0.0000	0.0000	0	1.00	0.2624	0.2264	-0.4830	1.421	0	nan	nan	nan	nan	nan	nan
124269	-0.779	-0.241	1.014	-0.29	-0.19	0.19	0.020	0.026	-0.021	0.005	0.000	0.006	0.0000	0.0000	0.0000	0.0000	0.0000	0.0000	0	1.00	0.2624	0.2264	-0.4830	1.421	0	nan	nan	nan	nan	nan	nan
124277	-0.788	-0.237	1.018	-0.05	-0.17	-0.40	0.008	0.018	-0.022	0.005	0.000	0.006	0.0000	0.0000	0.0000	0.0000	0.0000	0.0000	0	1.00	0.2624	0.2264	-0.4830	1.421	0	nan	nan	nan	nan	nan	nan
124285	-0.797	-0.233	1.024	0.10	-0.29	-0.43	-0.012	-0.014	-0.018	0.005	0.000	0.006	0.0000	0.0000	0.0000	0.0000	0.0000	0.0000	0	1.00	0.2624	0.2264	-0.4830	1.421	0	nan	nan	nan	nan	nan	nan
124293	-0.797	-0.234	1.025	0.15	-0.35	-0.41	-0.029	-0.003	-0.010	0.005	0.000	0.006	0.0000	0.0000	0.0000	0.0000	0.0000	0.0000	0	1.00	0.2624	0.2264	-0.4830	1.421	0	nan	nan	nan	nan	nan	nan
124301	-0.795	-0.235	1.024	0.33	-0.46	-0.69	-0.040	-0.025	-0.001	0.005	0.000	0.006	0.0000	0.0000	0.0000	0.0000	0.0000	0.0000	0	1.00	0.2624	0.2264	-0.4830	1.421	0	nan	nan	nan	nan	nan	nan
124309	-0.795	-0.230	1.019	0.54	-0.54	-0.94	-0.044	-0.024	-0.002	0.005	0.000	0.006	0.0000	0.0000	0.0000	0.0000	0.0000	0.0000	0	1.00	0.2624	0.2264	-0.4830	1.421	0	nan	nan	nan	nan	nan	nan
124317	-0.791	-0.227	1.013	0.01	-0.48	-1.31	-0.025	-0.008	0.006	0.005	0.000	0.006	0.0000	0.0000	0.0000	0.0000	0.0000	0.0000	0	1.00	0.2624	0.2264	-0.4830	1.421	0	nan	nan	nan	nan	nan	nan
124326	-0.783	-0.230	1.008	0.27	-0.33	-1.08	-0.020	-0.008	0.031	0.005	0.000	0.006	0.0000	0.0000	0.0000	0.0000	0.0000	0.0000	0	1.00	0.2624	0.2264	-0.4830	1.421	0	nan	nan	nan	nan	nan	nan
124334	-0.778	-0.235	1.008	0.50	-0.90	-0.95	-0.006	-0.011	0.016	0.005	0.000	0.006	0.0000	0.0000	0.0000	0.0000	0.0000	0.0000	0	1.00	0.2624	0.2264	-0.4830	1.421	0	nan	nan	nan	nan	nan	nan
124342	-0.768	-0.235	0.998	0.23	-0.28	-0.77	-0.006	-0.021	0.017	0.005	0.000	0.006	0.0000	0.0000	0.0000	0.0000	0.0000	0.0000	0	1.00	0.2624	0.2264	-0.4830	1.421	0	nan	nan	nan	nan	nan	nan
124350	-0.757	-0.241	0.992	0.22	-0.31	-1.05	0.011	-0.017	0.001	0.005	0.000	0.006	0.0000	0.0000	0.0000	0.0000	0.0000	0.0000	0	1.00	0.2624	0.2264	-0.4830	1.421	0	nan	nan	nan	nan	nan	nan
124358	-0.745	-0.245	0.984	0.00	0.15	-0.77	0.016	-0.010	-0.006	0.005	0.000	0.006	0.0000	0.0000	0.0000	0.0000	0.0000	0.0000	0	1.00	0.2624	0.2264	-0.4830	1.421	0	nan	nan	nan	nan	nan	nan
124367	-0.740	-0.244	0.978	0.14	0.01	-0.65	0.027	0.023	-0.017	0.005	0.000	0.006	0.0000	0.0000	0.0000	0.0000	0.0000	0.0000	0	1.00	0.2624	0.2264	-0.4830	1.421	0	nan	nan	nan	nan	nan	nan
124375	-0.734	-0.248	0.975	0.56	0.02	-0.56	0.030	0.004	-0.026	0.005	0.000	0.006	0.0000	0.0000	0.0000	0.0000	0.0000	0.0000	0	1.00	0.2624	0.2264	-0.4830	1.421	0	nan	nan	nan	nan	nan	nan
124383	-0.723	-0.249	0.966	0.09	0.07	-0.67	0.018	0.010	-0.025	0.005	0.000	0.006	0.0000	0.0000	0.0000	0.0000	0.0000	0.0000	0	1.00	0.2624	0.2264	-0.4830	1.421	0	nan	nan	nan	nan	nan	nan
124391	-0.712	-0.254	0.959	0.50	0.51	-0.14	0.018	0.001	-0.030	0.005	0.000	0.006	0.0000	0.0000	0.0000	0.0000	0.0000	0.0000	0	1.00	0.2624	0.2264	-0.4830	1.421	0	nan	nan	nan	nan	nan	nan
124399	-0.700	-0.258	0.951	0.65	0.35	-0.13	0.002	0.012	-0.012	0.005	0.000	0.005	0.0000	0.0000	0.0000	0.0000	0.0000	0.0000	0	1.00	0.2624	0.2264	-0.4830	1.421	0	nan	nan	nan	nan	nan	nan
124407	-0.693	-0.260	0.946	0.38	0.51	-0.23	-0.016	-0.002	-0.009	0.005	0.000	0.005	0.0000	0.0000	0.0000	0.0000	0.0000	0.0000	0	1.00	0.2624	0.2264	-0.4830	1.421	0	nan	nan	nan	nan	nan	nan
124415	-0.686	-0.260	0.940	0.28	0.52	-0.14	-0.024	0.016	0.004	0.005	0.000	0.005	0.0000	0.0000	0.0000	0.0000	0.0000	0.0000	0	1.00	0.2624	0.2264	-0.4830	1.421	0	nan	nan	nan	nan	nan	nan
124423	-0.680	-0.259	0.932	-0.06	0.60	-0.31	-0.016	-0.008	0.009	0.005	0.000	0.005	0.0000	0.0000	0.0000	0.0000	0.0000	0.0000	0	1.00	0.2624	0.2264	-0.4830	1.421	0	nan	nan	nan	nan	nan	nan
124431	-0.677	-0.260	0.931	-0.01	0.04	-0.10	-0.020	-0.002	0.024	0.005	0.000	0.005	0.0000	0.0000	0.0000	0.0000	0.0000	0.0000	0	1.00	0.2624	0.2264	-0.4830	1.421	0	nan	nan	nan	nan	nan	nan
124440	-0.675	-0.256	0.924	-0.26	0.66	-0.17	0.001	-0.015	0.036	0.005	0.000	0.006	0.0000	0.0000	0.0000	0.0000	0.0000	0.0000	0	1.00	0.2624	0.2264	-0.4830	1.421	0	nan	nan	nan	nan	nan	nan
124448	-0.682	-0.248	0.923	-0.65	0.53	-0.38	0.017	0.004	0.032	0.005	0.000	0.006	0.0000	0.0000	0.0000	0.0000	0.0000	0.0000	0	1.00	0.2624	0.2264	-0.4830	1.421	0	nan	nan	nan	nan	nan	nan
124456	-0.687	-0.238	0.919	-1.07	1.09	0.00	0.021	-0.010	0.019	0.005	0.000	0.006	0.0000	0.0000	0.0000	0.0000	0.0000	0.0000	0	1.00	0.2624	0.2264	-0.4830	1.421	0	nan	nan	nan	nan	nan	nan
124464	-0.692	-0.227	0.913	-1.42	0.77	-0.06	0.007	-0.009	0.010	0.005	0.000	0.006	0.0000	0.0000	0.0000	0.0000	0.0000	0.0000	0	1.00	0.2624	0.2264	-0.4830	1.421	0	nan	nan	nan	nan	nan	nan
124472	-0.697	-0.221	0.913	-1.02	0.88	0.48	0.011	0.004	-0.001	0.005	0.000	0.006	0.0000	0.0000	0.0000	0.0000	0.0000	0.0000	0	1.00	0.2624	0.2264	-0.4830	1.421	0	nan	nan	nan	nan	nan	nan
124480	-0.705	-0.216	0.915	-0.90	0.84	0.61	0.016	-0.001	-0.019	0.005	0.000	0.006	0.0000	0.0000	0.0000	0.0000	0.0000	0.0000	0	1.00	0.2624	0.2264	-0.4830	1.421	0	nan	nan	nan	nan	nan	nan
124488	-0.714	-0.206	0.915	-1.32	0.94	0.71	0.005	0.017	-0.024	0.005	0.000	0.006	0.0000	0.0000	0.0000	0.0000	0.0000	0.0000	0	1.00	0.2624	0.2264	-0.4830	1.421	0	nan	nan	nan	nan	nan	nan
124496	-0.722	-0.200	0.917	-1.03	0.72	0.75	-0.011	0.001	-0.021	0.005	0.000	0.005	0.0000	0.0000	0.0000	0.0000	0.0000	0.0000	0	1.00	0.2624	0.2264	-0.4830	1.421	0	nan	nan	nan	nan	nan	nan
124504	-0.729	-0.192	0.916	-1.01	0.82	0.85	-0.011	0.022	-0.018	0.005	0.000	0.005	0.0000	0.0000	0.0000	0.0000	0.0000	0.0000	0	1.00	0.2624	0.2264	-0.4830	1.421	0	nan	nan	nan	nan	nan	nan
124512	-0.738	-0.183	0.917	-0.69	0.68	0.88	-0.005	-0.011	0.001	0.005	0.000	0.005	0.0000	0.0000	0.0000	0.0000	0.0000	0.0000	0	1.00	0.2624	0.2264	-0.4830	1.421	0	nan	nan	nan	nan	nan	nan
124520	-0.748	-0.176	0.920	-0.66	0.93	1.13	-0.021	0.004	0.015	0.005	0.000	0.005	0.0000	0.0000	0.0000	0.0000	0.0000	0.0000	0	1.00	0.2624	0.2264	-0.4830	1.421	0	nan	nan	nan	nan	nan	nan
124529	-0.757	-0.173	0.926	-0.14	0.93	1.13	-0.012	0.004	0.024	0.005	0.000	0.005	0.0000	0.0000	0.0000	0.0000	0.0000	0.0000	0	1.00	0.2624	0.2264	-0.4830	1.421	0	nan	nan	nan	nan	nan	nan
124537	-0.764	-0.170	0.930	-0.46	0.49	0.94	-0.008	-0.013	0.010	0.005	0.000	0.005	0.0000	0.0000	0.0000	0.0000	0.0000	0.0000	0	1.00	0.2624	0.2264	-0.4830	1.421	0	nan	nan	nan	nan	nan	nan
124545	-0.776	-0.166	0.938	-0.53	0.05	0.93	-0.003	-0.007	0.007	0.005	0.000	0.005	0.0000	0.0000	0.0000	0.0000	0.0000	0.0000	0	1.00	0.2624	0.2264	-0.4830	1.421	0	nan	nan	nan	nan	nan	nan
124553	-0.790	-0.162	0.948	-0.24	-0.10	0.79	0.009	-0.021	0.006	0.005	0.000	0.005	0.0000	0.0000	0.0000	0.0000	0.0000	0.0000	0	1.00	0.2624	0.2264	-0.4830	1.421	0	nan	nan	nan	nan	nan	nan
124561	-0.802	-0.159	0.957	-0.36	-0.52	0.37	0.001	-0.019	-0.003	0.005	0.000	0.005	0.0000	0.0000	0.0000	0.0000	0.0000	0.0000	0	1.00	0.2624	0.2264	-0.4830	1.421	0	nan	nan	nan	nan	nan	nan
124569	-0.815	-0.155	0.966	-0.58	-0.26	0.12	0.005	-0.015	0.002	0.005	0.000	0.005	0.0000	0.0000	0.0000	0.0000	0.0000	0.0000	0	1.00	0.2624	0.2264	-0.4830	1.421	0	nan	nan	nan	nan	nan	nan
124578	-0.827	-0.151	0.975	-0.36	-0.35	0.20	0.016	0.001	-0.014	0.005	0.000	0.005	0.0000	0.0000	0.0000	0.0000	0.0000	0.0000	0	1.00	0.2624	0.2264	-0.4830	1.421	0	nan	nan	nan	nan	nan	nan
124586	-0.834	-0.153	0.983	-0.41	-0.39	-0.02	0.009	0.007	-0.017	0.005	0.000	0.005	0.0000	0.0000	0.0000	0.0000	0.0000	0.0000	0	1.00	0.2624	0.2264	-0.4830	1.421	0	nan	nan	nan	nan	nan	nan
124594	-0.835	-0.157	0.987	-0.17	-0.60	-0.06	0.018	0.003	-0.014	0.005	0.000	0.005	0.0000	0.0000	0.0000	0.0000	0.0000	0.0000	0	1.00	0.2624	0.2264	-0.4830	1.421	0	nan	nan	nan	nan	nan	nan
124602	-0.834	-0.164	0.994	-0.33	-0.79	-0.33	0.021	0.010	-0.012	0.005	0.000	0.005	0.0000	0.0000	0.0000	0.0000	0.0000	0.0000	0	1.00	0.2624	0.2264	-0.4830	1.421	0	nan	nan	nan	nan	nan	nan
124610	-0.839	-0.168	1.003	-0.38	-0.86	-0.22	-0.004	0.021	0.004	0.005	0.000	0.005	0.0000	0.0000	0.0000	0.0000	0.0000	0.0000	0	1.00	0.2624	0.2264	-0.4830	1.421	0	nan	nan	nan	nan	nan	nan
124618	-0.838	-0.171	1.005	-0.06	-0.91	-0.28	-0.018	-0.010	-0.002	0.005	0.000	0.005	0.0000	0.0000	0.0000	0.0000	0.0000	0.0000	0	1.00	0.2624	0.2264	-0.4830	1.421	0	nan	nan	nan	nan	nan	nan
124626	-0.831	-0.176	1.003	0.11	-0.67	-0.47	-0.018	-0.013	0.009	0.005	0.000	0.005	0.0000	0.0000	0.0000	0.0000	0.0000	0.0000	0	1.00	0.2624	0.2264	-0.4830	1.421	0	nan	nan	nan	nan	nan	nan
124634	-0.825	-0.181	1.001	0.50	-0.57	-0.54	-0.039	-0.018	-0.007	0.005	0.000	0.005	0.0000	0.0000	0.0000	0.0000	0.0000	0.0000	0	1.00	0.2624	0.2264	-0.4830	1.421	0	nan	nan	nan	nan	nan	nan
124642	-0.821	-0.185	1.002	0.39	-0.46	-0.43	-0.038	-0.016	-0.012	0.005	0.000	0.005	0.0000	0.0000	0.0000	0.0000	0.0000	0.0000	0	1.00	0.2624	0.2264	-0.4830	1.421	0	nan	nan	nan	nan	nan	nan
124650	-0.814	-0.193	1.002	0.81	-0.61	-0.49	-0.029	-0.007	0.001	0.005	0.000	0.005	0.0000	0.0000	0.0000	0.0000	0.0000	0.0000	0	1.00	0.2624	0.2264	-0.4830	1.421	0	nan	nan	nan	nan	nan	nan
124658	-0.807	-0.197	0.999	0.82	-0.71	-0.51	-0.012	-0.022	-0.007	0.005	0.000	0.005	0.0000	0.0000	0.0000	0.0000	0.0000	0.0000	0	1.00	0.2624	0.2264	-0.4830	1.421	0	nan	nan	nan	nan	nan	nan
124666	-0.796	-0.208	0.998	0.45	-0.62	-0.76	0.003	-0.008	0.020	0.005	0.000	0.005	0.0000	0.0000	0.0000	0.0000	0.0000	0.0000	0	1.00	0.2624	0.2264	-0.4830	1.421	0	nan	nan	nan	nan	nan	nan
124674	-0.785	-0.210	0.990	0.15	-0.51	-0.57	0.019	-0.009	0.003	0.005	0.000	0.005	0.0000	0.0000	0.0000	0.0000	0.0000	0.0000	0	1.00	0.2624	0.2264	-0.4830	1.421	0	nan	nan	nan	nan	nan	nan
124683	-0.778	-0.216	0.988	0.23	-0.33	-0.73	0.026	-0.003	0.010	0.005	0.000	0.005	0.0000	0.0000	0.0000	0.0000	0.0000	0.0000	0	1.00	0.2624	0.2264	-0.4830	1.421	0	nan	nan	nan	nan	nan	nan
124691	-0.769	-0.220	0.983	0.09	-0.23	-0.37	0.033	0.000	0.005	0.005	0.000	0.005	0.0000	0.0000	0.0000	0.0000	0.0000	0.0000	0	1.00	0.2624	0.2264	-0.4830	1.421	0	nan	nan	nan	nan	nan	nan
124699	-0.765	-0.223	0.982	-0.00	0.06	-0.25	0.032	0.030	0.007	0.005	0.000	0.005	0.0000	0.0000	0.0000	0.0000	0.0000	0.0000	0	1.00	0.2624	0.2264	-0.4830	1.421	0	nan	nan	nan	nan	nan	nan
124707	-0.761	-0.222	0.977	-0.08	-0.01	0.11	0.018	0.027	0.001	0.005	0.000	0.005	0.0000	0.0000	0.0000	0.0000	0.0000	0.0000	0	1.00	0.2624	0.2264	-0.4830	1.421	0	nan	nan	nan	nan	nan	nan
124716	-0.757	-0.226	0.978	0.03	0.51	0.11	-0.005	0.016	-0.010	0.005	0.000	0.005	0.0000	0.0000	0.0000	0.0000	0.0000	0.0000	0	1.00	0.2624	0.2264	-0.4830	1.421	0	nan	nan	nan	nan	nan	nan
124724	-0.755	-0.226	0.975	-0.14	0.36	0.22	-0.006	0.021	-0.004	0.005	0.000	0.005	0.0000	0.0000	0.0000	0.0000	0.0000	0.0000	0	1.00	0.2624	0.2264	-0.4830	1.421	0	nan	nan	nan	nan	nan	nan
124732	-0.758	-0.223	0.976	-0.37	0.25	0.46	-0.025	0.008	0.003	0.005	0.000	0.005	0.0000	0.0000	0.0000	0.0000	0.0000	0.0000	0	1.00	0.2624	0.2264	-0.4830	1.421	0	nan	nan	nan	nan	nan	nan
124740	-0.758	-0.219	0.971	-0.46	0.46	0.23	-0.027	0.008	0.006	0.005	0.000	0.005	0.0000	0.0000	0.0000	0.0000	0.0000	0.0000	0	1.00	0.2624	0.2264	-0.4830	1.421	0	nan	nan	nan	nan	nan	nan
124748	-0.758	-0.215	0.968	-0.24	0.41	0.27	-0.026	0.008	0.026	0.005	0.000	0.005	0.0000	0.0000	0.0000	0.0000	0.0000	0.0000	0	1.00	0.2624	0.2264	-0.4830	1.421	0	nan	nan	nan	nan	nan	nan
124756	-0.764	-0.208	0.967	-0.48	0.24	0.26	-0.023	0.016	0.019	0.005	0.000	0.005	0.0000	0.0000	0.0000	0.0000	0.0000	0.0000	0	1.00	0.2624	0.2264	-0.4830	1.421	0	nan	nan	nan	nan	nan	nan
124764	-0.764	-0.204	0.963	-0.51	0.36	0.38	-0.001	-0.014	0.026	0.005	0.000	0.005	0.0000	0.0000	0.0000	0.0000	0.0000	0.0000	0	1.00	0.2624	0.2264	-0.4830	1.421	0	nan	nan	nan	nan	nan	nan
124772	-0.771	-0.199	0.965	-0.73	0.32	0.43	-0.000	-0.001	0.015	0.004	0.000	0.005	0.0000	0.0000	0.0000	0.0000	0.0000	0.0000	0	1.00	0.2624	0.2264	-0.4830	1.421	0	nan	nan	nan	nan	nan	nan
124781	-0.773	-0.197	0.965	-0.65	-0.00	0.46	0.020	-0.011	0.007	0.005	0.000	0.005	0.0000	0.0000	0.0000	0.0000	0.0000	0.0000	0	1.00	0.2624	0.2264	-0.4830	1.421	0	nan	nan	nan	nan	nan	nan
124789	-0.778	-0.195	0.968	-0.39	0.03	0.49	0.030	-0.021	0.002	0.005	0.000	0.005	0.0000	0.0000	0.0000	0.0000	0.0000	0.0000	0	1.00	0.2624	0.2264	-0.4830	1.421	0	nan	nan	nan	nan	nan	nan
124797	-0.781	-0.195	0.971	-0.43	-0.22	0.67	0.024	0.016	0.002	0.005	0.000	0.005	0.0000	0.0000	0.0000	0.0000	0.0000	0.0000	0	1.00	0.2624	0.2264	-0.4830	1.421	0	nan	nan	nan	nan	nan	nan
124806	-0.788	-0.196	0.979	-0.48	-0.61	0.80	0.017	-0.000	-0.004	0.005	0.000	0.005	0.0000	0.0000	0.0000	0.0000	0.0000	0.0000	0	1.00	0.2624	0.2264	-0.4830	1.421	0	nan	nan	nan	nan	nan	nan
124814	-0.792	-0.199	0.986	-0.72	-0.54	0.86	0.024	0.013	-0.001	0.005	0.000	0.005	0.0000	0.0000	0.0000	0.0000	0.0000	0.0000	0	1.00	0.2624	0.2264	-0.4830	1.421	0	nan	nan	nan	nan	nan	nan
124822	-0.792	-0.210	0.997	-0.88	-0.95	0.80	0.021	0.010	-0.021	0.005	0.000	0.005	0.0000	0.0000	0.0000	0.0000	0.0000	0.0000	0	1.00	0.2624	0.2264	-0.4830	1.421	0	nan	nan	nan	nan	nan	nan
124830	-0.796	-0.212	1.003	-0.66	-1.09	0.92	0.015	0.005	-0.020	0.005	0.000	0.005	0.0000	0.0000	0.0000	0.0000	0.0000	0.0000	0	1.00	0.2624	0.2264	-0.4830	1.421	0	nan	nan	nan	nan	nan	nan
124838	-0.805	-0.215	1.014	-0.74	-1.01	0.83	-0.004	-0.007	-0.005	0.005	0.000	0.005	0.0000	0.0000	0.0000	0.0000	0.0000	0.0000	0	1.00	0.2624	0.2264	-0.4830	1.421	0	nan	nan	nan	nan	nan	nan
124846	-0.816	-0.213	1.023	-0.79	-0.90	0.77	-0.007	0.016	-0.000	0.005	0.000	0.005	0.0000	0.0000	0.0000	0.0000	0.0000	0.0000	0	1.00	0.2624	0.2264	-0.4830	1.421	0	nan	nan	nan	nan	nan	nan
124854	-0.825	-0.215	1.034	-0.94	-0.84	1.17	-0.030	0.005	0.023	0.005	0.000	0.005	0.0000	0.0000	0.0000	0.0000	0.0000	0.0000	0	1.00	0.2624	0.2264	-0.4830	1.421	0	nan	nan	nan	nan	nan	nan
124862	-0.832	-0.215	1.041	-0.94	-0.91	0.93	-0.030	0.010	0.011	0.005	0.000	0.005	0.0000	0.0000	0.0000	0.0000	0.0000	0.0000	0	1.00	0.2624	0.2264	-0.4830	1.421	0	nan	nan	nan	nan	nan	nan
124870	-0.837	-0.216	1.048	-0.58	-0.77	0.63	-0.033	0.008	0.010	0.004	0.000	0.005	0.0000	0.0000	0.0000	0.0000	0.0000	0.0000	0	1.00	0.2624	0.2264	-0.4830	1.421	0	nan	nan	nan	nan	nan	nan
124878	-0.844	-0.219	1.058	-0.63	-1.05	0.96	-0.031	0.001	0.018	0.004	0.000	0.005	0.0000	0.0000	0.0000	0.0000	0.0000	0.0000	0	1.00	0.2624	0.2264	-0.4830	1.421	0	nan	nan	nan	nan	nan	nan
124886	-0.850	-0.221	1.065	-0.53	-0.84	0.65	-0.011	-0.009	0.023	0.004	0.000	0.005	0.0000	0.0000	0.0000	0.0000	0.0000	0.0000	0	1.00	0.2624	0.2264	-0.4830	1.421	0	nan	nan	nan	nan	nan	nan
124894	-0.854	-0.225	1.073	-0.63	-0.75	0.66	0.014	-0.013	0.025	0.004	0.000	0.005	0.0000	0.0000	0.0000	0.0000	0.0000	0.0000	0	1.00	0.2624	0.2264	-0.4830	1.421	0	nan	nan	nan	nan	nan	nan
124902	-0.858	-0.231	1.082	-0.45	-1.20	0.72	0.025	-0.002	0.027	0.004	0.000	0.005	0.0000	0.0000	0.0000	0.0000	0.0000	0.0000	0	1.00	0.2624	0.2264	-0.4830	1.421	0	nan	nan	nan	nan	nan	nan
124911	-0.859	-0.236	1.089	-0.40	-1.18	0.65	0.033	0.008	0.020	0.004	0.000	0.005	0.0000	0.0000	0.0000	0.0000	0.0000	0.0000	0	1.00	0.2624	0.2264	-0.4830	1.421	0	nan	nan	nan	nan	nan	nan
124919	-0.855	-0.248	1.097	-0.12	-1.01	0.74	0.033	0.008	0.002	0.005	0.000	0.005	0.0000	0.0000	0.0000	0.0000	0.0000	0.0000	0	1.00	0.2624	0.2264	-0.4830	1.421	0	nan	nan	nan	nan	nan	nan
124927	-0.854	-0.265	1.112	-0.05	-1.57	0.69	0.030	-0.004	-0.011	0.005	0.000	0.005	0.0000	0.0000	0.0000	0.0000	0.0000	0.0000	0	1.00	0.2624	0.2264	-0.4830	1.421	0	nan	nan	nan	nan	nan	nan
124935	-0.853	-0.276	1.122	0.06	-1.21	0.54	0.029	-0.019	-0.014	0.005	0.000	0.005	0.0000	0.0000	0.0000	0.0000	0.0000	0.0000	0	1.00	0.2624	0.2264	-0.4830	1.421	0	nan	nan	nan	nan	nan	nan
124943	-0.855	-0.291	1.138	-0.09	-0.94	0.73	0.024	-0.016	-0.028	0.005	0.000	0.005	0.0000	0.0000	0.0000	0.0000	0.0000	0.0000	0	1.00	0.2624	0.2264	-0.4830	1.421	0	nan	nan	nan	nan	nan	nan
124952	-0.857	-0.294	1.144	-0.11	-0.86	0.46	-0.014	0.005	-0.020	0.005	0.000	0.005	0.0000	0.0000	0.0000	0.0000	0.0000	0.0000	0	1.00	0.2624	0.2264	-0.4830	1.421	0	nan	nan	nan	nan	nan	nan
124960	-0.854	-0.309	1.155	0.27	-0.57	0.32	-0.019	-0.006	-0.024	0.005	0.000	0.005	0.0000	0.0000	0.0000	0.0000	0.0000	0.0000	0	1.00	0.2624	0.2264	-0.4830	1.421	0	nan	nan	nan	nan	nan	nan
124968	-0.854	-0.317	1.163	-0.05	-0.43	0.29	-0.016	-0.030	-0.022	0.005	0.000	0.005	0.0000	0.0000	0.0000	0.0000	0.0000	0.0000	0	1.00	0.2624	0.2264	-0.4830	1.421	0	nan	nan	nan	nan	nan	nan
124976	-0.855	-0.324	1.171	0.05	-0.39	0.16	-0.016	-0.021	-0.013	0.005	0.000	0.005	0.0000	0.0000	0.0000	0.0000	0.0000	0.0000	0	1.00	0.2624	0.2264	-0.4830	1.421	0	nan	nan	nan	nan	nan	nan
124984	-0.855	-0.326	1.173	0.13	-0.41	-0.12	-0.020	0.002	0.001	0.004	0.000	0.005	0.0000	0.0000	0.0000	0.0000	0.0000	0.0000	0	1.00	0.2624	0.2264	-0.4830	1.421	0	nan	nan	nan	nan	nan	nan
124992	-0.851	-0.327	1.169	-0.12	-0.07	-0.21	-0.005	0.007	0.009	0.004	0.000	0.005	0.0000	0.0000	0.0000	0.0000	0.0000	0.0000	0	1.00	0.2624	0.2264	-0.4830	1.421	0	nan	nan	nan	nan	nan	nan
125000	-0.852	-0.323	1.167	-0.04	-0.17	-0.40	0.003	-0.004	0.017	0.004	0.000	0.005	0.0000	0.0000	0.0000	0.0000	0.0000	0.0000	0	1.00	0.2624	0.2264	-0.4830	1.421	0	nan	nan	nan	nan	nan	nan
125008	-0.848	-0.327	1.166	0.05	-0.05	-0.19	-0.012	0.005	0.028	0.004	0.000	0.005	0.0000	0.0000	0.0000	0.0000	0.0000	0.0000	0	1.00	0.2624	0.2264	-0.4830	1.421	0	nan	nan	nan	nan	nan	nan
125017	-0.842	-0.323	1.157	0.04	-0.29	-0.26	-0.006	0.025	0.026	0.004	0.000	0.005	0.0000	0.0000	0.0000	0.0000	0.0000	0.0000	0	1.00	0.2624	0.2264	-0.4830	1.421	0	nan	nan	nan	nan	nan	nan
125025	-0.841	-0.323	1.155	-0.12	-0.20	-0.08	0.004	0.020	0.018	0.004	0.000	0.005	0.0000	0.0000	0.0000	0.0000	0.0000	0.0000	0	1.00	0.2624	0.2264	-0.4830	1.421	0	nan	nan	nan	nan	nan	nan
125033	-0.838	-0.326	1.156	0.01	-0.43	0.12	0.015	0.012	-0.010	0.004	0.000	0.005	0.0000	0.0000	0.0000	0.0000	0.0000	0.0000	0	1.00	0.2624	0.2264	-0.4830	1.421	0	nan	nan	nan	nan	nan	nan
125041	-0.828	-0.327	1.147	0.15	-0.40	0.06	0.006	0.000	-0.001	0.004	0.000	0.005	0.0000	0.0000	0.0000	0.0000	0.0000	0.0000	0	1.00	0.2624	0.2264	-0.4830	1.421	0	nan	nan	nan	nan	nan	nan
125049	-0.829	-0.329	1.149	-0.30	-0.67	0.04	-0.002	0.009	-0.030	0.004	0.000	0.005	0.0000	0.0000	0.0000	0.0000	0.0000	0.0000	0	1.00	0.2624	0.2264	-0.4830	1.421	0	nan	nan	nan	nan	nan	nan
125057	-0.824	-0.334	1.149	0.29	-0.80	0.00	-0.003	-0.024	-0.022	0.004	0.000	0.005	0.0000	0.0000	0.0000	0.0000	0.0000	0.0000	0	1.00	0.2624	0.2264	-0.4830	1.421	0	nan	nan	nan	nan	nan	nan
125065	-0.825	-0.340	1.157	0.02	-0.31	0.32	-0.011	-0.014	-0.017	0.004	0.000	0.005	0.0000	0.0000	0.0000	0.0000	0.0000	0.0000	0	1.00	0.2624	0.2264	-0.4830	1.421	0	nan	nan	nan	nan	nan	nan
125074	-0.822	-0.348	1.161	-0.15	-0.25	0.21	-0.003	-0.028	-0.007	0.004	0.000	0.005	0.0000	0.0000	0.0000	0.0000	0.0000	0.0000	0	1.00	0.2624	0.2264	-0.4830	1.421	0	nan	nan	nan	nan	nan	nan
125082	-0.823	-0.348	1.162	-0.06	-0.11	0.09	-0.009	-0.028	-0.002	0.004	0.000	0.005	0.0000	0.0000	0.0000	0.0000	0.0000	0.0000	0	1.00	0.2624	0.2264	-0.4830	1.421	0	nan	nan	nan	nan	nan	nan
125090	-0.825	-0.348	1.164	0.08	0.16	0.10	-0.000	-0.026	0.011	0.004	0.000	0.005	0.0000	0.0000	0.0000	0.0000	0.0000	0.0000	0	1.00	0.2624	0.2264	-0.4830	1.421	0	nan	nan	nan	nan	nan	nan
125098	-0.827	-0.349	1.167	0.27	-0.01	-0.24	-0.001	-0.035	-0.002	0.004	0.000	0.005	0.0000	0.0000	0.0000	0.0000	0.0000	0.0000	0	1.00	0.2624	0.2264	-0.4830	1.421	0	nan	nan	nan	nan	nan	nan
125106	-0.831	-0.348	1.169	0.42	0.46	-0.11	0.011	0.004	0.007	0.004	0.000	0.005	0.0000	0.0000	0.0000	0.0000	0.0000	0.0000	0	1.00	0.2624	0.2264	-0.4830	1.421	0	nan	nan	nan	nan	nan	nan
125114	-0.831	-0.348	1.170	0.43	0.23	0.00	0.004	-0.018	0.003	0.004	0.000	0.005	0.0000	0.0000	0.0000	0.0000	0.0000	0.0000	0	1.00	0.2624	0.2264	-0.4830	1.421	0	nan	nan	nan	nan	nan	nan
125122	-0.834	-0.344	1.169	0.67	0.41	0.01	-0.006	-0.004	0.009	0.004	0.000	0.005	0.0000	0.0000	0.0000	0.0000	0.0000	0.0000	0	1.00	0.2624	0.2264	-0.4830	1.421	0	nan	nan	nan	nan	nan	nan
125130	-0.834	-0.342	1.167	0.84	0.47	-0.02	-0.016	-0.002	0.006	0.004	0.000	0.005	0.0000	0.0000	0.0000	0.0000	0.0000	0.0000	0	1.00	0.2624	0.2264	-0.4830	1.421	0	nan	nan	nan	nan	nan	nan
125138	-0.834	-0.344	1.169	0.99	0.77	-0.15	-0.011	0.011	0.021	0.004	0.000	0.005	0.0000	0.0000	0.0000	0.0000	0.0000	0.0000	0	1.00	0.2624	0.2264	-0.4830	1.421	0	nan	nan	nan	nan	nan	nan
125146	-0.825	-0.352	1.168	0.85	0.38	-0.36	-0.010	0.020	0.015	0.004	0.000	0.005	0.0000	0.0000	0.0000	0.0000	0.0000	0.0000	0	1.00	0.2624	0.2264	-0.4830	1.421	0	nan	nan	nan	nan	nan	nan
125155	-0.816	-0.353	1.160	0.93	0.31	-0.26	-0.008	0.010	0.020	0.004	0.000	0.005	0.0000	0.0000	0.0000	0.0000	0.0000	0.0000	0	1.00	0.2624	0.2264	-0.4830	1.421	0	nan	nan	nan	nan	nan	nan
125163	-0.811	-0.351	1.153	0.92	0.28	-0.12	-0.005	0.028	-0.010	0.004	0.000	0.005	0.0000	0.0000	0.0000	0.0000	0.0000	0.0000	0	1.00	0.2624	0.2264	-0.4830	1.421	0	nan	nan	nan	nan	nan	nan
125171	-0.802	-0.351	1.144	0.52	-0.22	-0.27	0.001	0.034	-0.019	0.004	0.000	0.005	0.0000	0.0000	0.0000	0.0000	0.0000	0.0000	0	1.00	0.2624	0.2264	-0.4830	1.421	0	nan	nan	nan	nan	nan	nan
125179	-0.793	-0.351	1.135	0.21	-0.27	-0.24	-0.004	0.016	-0.021	0.004	0.000	0.005	0.0000	0.0000	0.0000	0.0000	0.0000	0.0000	0	1.00	0.2624	0.2264	-0.4830	1.421	0	nan	nan	nan	nan	nan	nan
125187	-0.780	-0.355	1.126	0.25	-0.11	-0.33	0.010	0.013	-0.020	0.004	0.000	0.005	0.0000	0.0000	0.0000	0.0000	0.0000	0.0000	0	1.00	0.2624	0.2264	-0.4830	1.421	0	nan	nan	nan	nan	nan	nan
125195	-0.775	-0.352	1.118	-0.26	-0.17	-0.40	0.015	0.028	-0.007	0.004	0.000	0.005	0.0000	0.0000	0.0000	0.0000	0.0000	0.0000	0	1.00	0.2624	0.2264	-0.4830	1.421	0	nan	nan	nan	nan	nan	nan
125203	-0.772	-0.353	1.116	-0.57	-0.46	-0.43	0.000	0.015	-0.009	0.004	0.000	0.005	0.0000	0.0000	0.0000	0.0000	0.0000	0.0000	0	1.00	0.2624	0.2264	-0.4830	1.421	0	nan	nan	nan	nan	nan	nan
125211	-0.767	-0.349	1.106	-0.21	-0.23	-0.38	0.001	-0.003	0.005	0.004	0.000	0.005	0.0000	0.0000	0.0000	0.0000	0.0000	0.0000	0	1.00	0.2624	0.2264	-0.4830	1.421	0	nan	nan	nan	nan	nan	nan
125219	-0.764	-0.347	1.102	-0.64	-0.11	-0.17	-0.002	-0.010	-0.004	0.004	0.000	0.005	0.0000	0.0000	0.0000	0.0000	0.0000	0.0000	0	1.00	0.2624	0.2264	-0.4830	1.421	0	nan	nan	nan	nan	nan	nan
125227	-0.759	-0.350	1.100	-0.20	0.16	0.28	-0.002	-0.041	-0.010	0.004	0.000	0.005	0.0000	0.0000	0.0000	0.0000	0.0000	0.0000	0	1.00	0.2624	0.2264	-0.4830	1.421	0	nan	nan	nan	nan	nan	nan
125235	-0.760	-0.344	1.095	-0.61	0.22	-0.01	-0.007	-0.027	-0.010	0.004	0.000	0.005	0.0000	0.0000	0.0000	0.0000	0.0000	0.0000	0	1.00	0.2624	0.2264	-0.4830	1.421	0	nan	nan	nan	nan	nan	nan
125243	-0.768	-0.337	1.096	-0.49	0.25	0.36	-0.001	-0.017	0.011	0.004	0.000	0.005	0.0000	0.0000	0.0000	0.0000	0.0000	0.0000	0	1.00	0.2624	0.2264	-0.4830	1.421	0	nan	nan	nan	nan	nan	nan
125251	-0.778	-0.331	1.101	-0.91	0.33	0.18	0.005	-0.007	0.007	0.004	0.000	0.005	0.0000	0.0000	0.0000	0.0000	0.0000	0.0000	0	1.00	0.2624	0.2264	-0.4830	1.421	0	nan	nan	nan	nan	nan	nan
125260	-0.788	-0.325	1.105	-0.66	0.91	0.41	0.016	-0.003	-0.009	0.004	0.000	0.005	0.0000	0.0000	0.0000	0.0000	0.0000	0.0000	0	1.00	0.2624	0.2264	-0.4830	1.421	0	nan	nan	nan	nan	nan	nan
125268	-0.795	-0.321	1.108	-0.61	0.62	0.65	-0.000	-0.005	-0.009	0.004	0.000	0.005	0.0000	0.0000	0.0000	0.0000	0.0000	0.0000	0	1.00	0.2624	0.2264	-0.4830	1.421	0	nan	nan	nan	nan	nan	nan
125276	-0.803	-0.318	1.113	-0.01	1.02	0.70	0.006	0.001	-0.005	0.004	0.000	0.005	0.0000	0.0000	0.0000	0.0000	0.0000	0.0000	0	1.00	0.2624	0.2264	-0.4830	1.421	0	nan	nan	nan	nan	nan	nan
125284	-0.812	-0.317	1.121	0.07	0.99	0.76	-0.007	0.002	0.005	0.004	0.000	0.005	0.0000	0.0000	0.0000	0.0000	0.0000	0.0000	0	1.00	0.2624	0.2264	-0.4830	1.421	0	nan	nan	nan	nan	nan	nan
125292	-0.821	-0.318	1.131	0.58	1.22	0.65	-0.018	-0.013	0.004	0.004	0.000	0.005	0.0000	0.0000	0.0000	0.0000	0.0000	0.0000	0	1.00	0.2624	0.2264	-0.4830	1.421	0	nan	nan	nan	nan	nan	nan
125300	-0.833	-0.314	1.139	0.77	1.43	0.68	-0.018	0.014	0.017	0.004	0.000	0.005	0.0000	0.0000	0.0000	0.0000	0.0000	0.0000	0	1.00	0.2624	0.2264	-0.4830	1.421	0	nan	nan	nan	nan	nan	nan
125308	-0.839	-0.309	1.140	0.75	1.69	-0.09	-0.021	0.016	0.017	0.004	0.000	0.005	0.0000	0.0000	0.0000	0.0000	0.0000	0.0000	0	1.00	0.2624	0.2264	-0.4830	1.421	0	nan	nan	nan	nan	nan	nan
125317	-0.847	-0.300	1.139	0.93	1.70	-0.17	-0.020	0.009	0.016	0.004	0.000	0.005	0.0000	0.0000	0.0000	0.0000	0.0000	0.0000	0	1.00	0.2624	0.2264	-0.4830	1.421	0	nan	nan	nan	nan	nan	nan
125325	-0.849	-0.297	1.139	1.08	1.42	-0.79	-0.001	0.002	0.013	0.004	0.000	0.005	0.0000	0.0000	0.0000	0.0000	0.0000	0.0000	0	1.00	0.2624	0.2264	-0.4830	1.421	0	nan	nan	nan	nan	nan	nan
125333	-0.851	-0.299	1.143	1.47	1.65	-0.99	0.000	-0.002	0.008	0.004	0.000	0.005	0.0000	0.0000	0.0000	0.0000	0.0000	0.0000	0	1.00	0.2624	0.2264	-0.4830	1.421	0	nan	nan	nan	nan	nan	nan
125341	-0.850	-0.294	1.137	1.82	1.76	-1.13	0.027	-0.022	0.003	0.004	0.000	0.005	0.0000	0.0000	0.0000	0.0000	0.0000	0.0000	0	1.00	0.2624	0.2264	-0.4830	1.421	0	nan	nan	nan	nan	nan	nan
125349	-0.853	-0.290	1.136	1.58	2.02	-1.57	0.014	-0.014	0.003	0.004	0.000	0.005	0.0000	0.0000	0.0000	0.0000	0.0000	0.0000	0	1.00	0.2624	0.2264	-0.4830	1.421	0	nan	nan	nan	nan	nan	nan
125357	-0.849	-0.278	1.120	1.51	2.08	-1.77	0.021	-0.021	-0.004	0.004	0.000	0.005	0.0000	0.0000	0.0000	0.0000	0.0000	0.0000	0	1.00	0.2624	0.2264	-0.4830	1.421	0	nan	nan	nan	nan	nan	nan
125365	-0.840	-0.263	1.096	1.33	2.00	-2.36	0.020	-0.002	-0.013	0.004	0.000	0.005	0.0000	0.0000	0.0000	0.0000	0.0000	0.0000	0	1.00	0.2624	0.2264	-0.4830	1.421	0	nan	nan	nan	nan	nan	nan
125373	-0.834	-0.250	1.078	1.69	2.27	-2.35	0.010	-0.012	-0.032	0.004	-0.000	0.005	0.0000	0.0000	0.0000	0.0000	0.0000	0.0000	0	1.00	0.2624	0.2264	-0.4830	1.421	0	nan	nan	nan	nan	nan	nan
125381	-0.826	-0.232	1.053	1.16	2.35	-2.44	0.001	0.012	-0.014	0.004	-0.000	0.005	0.0000	0.0000	0.0000	0.0000	0.0000	0.0000	0	1.00	0.2624	0.2264	-0.4830	1.421	0	nan	nan	nan	nan	nan	nan
125389	-0.813	-0.222	1.030	1.55	2.15	-2.21	-0.006	0.013	-0.024	0.004	0.000	0.005	0.0000	0.0000	0.0000	0.0000	0.0000	0.0000	0	1.00	0.2624	0.2264	-0.4830	1.421	0	nan	nan	nan	nan	nan	nan
125397	-0.800	-0.209	1.004	1.44	2.07	-2.64	-0.022	0.040	-0.019	0.004	0.000	0.005	0.0000	0.0000	0.0000	0.0000	0.0000	0.0000	0	1.00	0.2624	0.2264	-0.4830	1.421	0	nan	nan	nan	nan	nan	nan
125405	-0.789	-0.195	0.979	1.54	2.47	-2.41	-0.022	0.035	-0.014	0.004	0.000	0.005	0.0000	0.0000	0.0000	0.0000	0.0000	0.0000	0	1.00	0.2624	0.2264	-0.4830	1.421	0	nan	nan	nan	nan	nan	nan
125414	-0.773	-0.185	0.953	1.74	2.24	-2.38	-0.014	0.012	0.009	0.004	0.000	0.005	0.0000	0.0000	0.0000	0.0000	0.0000	0.0000	0	1.00	0.2624	0.2264	-0.4830	1.421	0	nan	nan	nan	nan	nan	nan
125422	-0.759	-0.170	0.925	1.73	1.74	-2.19	-0.022	0.017	0.012	0.004	0.000	0.005	0.0000	0.0000	0.0000	0.0000	0.0000	0.0000	0	1.00	0.2624	0.2264	-0.4830	1.421	0	nan	nan	nan	nan	nan	nan
125430	-0.747	-0.157	0.900	1.74	1.66	-2.10	-0.018	0.027	0.016	0.004	0.000	0.005	0.0000	0.0000	0.0000	0.0000	0.0000	0.0000	0	1.00	0.2624	0.2264	-0.4830	1.421	0	nan	nan	nan	nan	nan	nan
125438	-0.731	-0.143	0.871	1.76	1.45	-1.70	0.000	0.013	0.005	0.004	0.000	0.005	0.0000	0.0000	0.0000	0.0000	0.0000	0.0000	0	1.00	0.2624	0.2264	-0.4830	1.421	0	nan	nan	nan	nan	nan	nan
125446	-0.716	-0.129	0.842	1.38	1.55	-1.96	-0.011	-0.001	0.015	0.004	0.000	0.005	0.0000	0.0000	0.0000	0.0000	0.0000	0.0000	0	1.00	0.2624	0.2264	-0.4830	1.421	0	nan	nan	nan	nan	nan	nan
125455	-0.708	-0.115	0.820	1.13	1.47	-1.94	-0.002	-0.004	0.030	0.004	0.000	0.005	0.0000	0.0000	0.0000	0.0000	0.0000	0.0000	0	1.00	0.2624	0.2264	-0.4830	1.421	0	nan	nan	nan	nan	nan	nan
125463	-0.700	-0.099	0.796	0.79	1.33	-1.57	0.015	-0.027	-0.007	0.004	0.000	0.005	0.0000	0.0000	0.0000	0.0000	0.0000	0.0000	0	1.00	0.2624	0.2264	-0.4830	1.421	0	nan	nan	nan	nan	nan	nan
125471	-0.687	-0.088	0.773	0.48	1.21	-1.78	0.014	-0.019	-0.008	0.004	0.000	0.005	0.0000	0.0000	0.0000	0.0000	0.0000	0.0000	0	1.00	0.2624	0.2264	-0.4830	1.421	0	nan	nan	nan	nan	nan	nan
125479	-0.678	-0.074	0.750	0.47	1.10	-1.55	0.011	-0.011	-0.007	0.004	0.000	0.005	0.0000	0.0000	0.0000	0.0000	0.0000	0.0000	0	1.00	0.2624	0.2264	-0.4830	1.421	0	nan	nan	nan	nan	nan	nan
125487	-0.672	-0.059	0.729	0.50	1.01	-1.38	0.007	-0.021	0.005	0.004	0.000	0.005	0.0000	0.0000	0.0000	0.0000	0.0000	0.0000	0	1.00	0.2624	0.2264	-0.4830	1.421	0	nan	nan	nan	nan	nan	nan
125495	-0.666	-0.050	0.715	0.47	1.17	-0.87	0.001	0.007	-0.007	0.004	0.000	0.005	0.0000	0.0000	0.0000	0.0000	0.0000	0.0000	0	1.00	0.2624	0.2264	-0.4830	1.421	0	nan	nan	nan	nan	nan	nan
125504	-0.660	-0.047	0.707	0.13	0.57	-0.35	-0.014	0.019	-0.013	0.004	0.000	0.005	0.0000	0.0000	0.0000	0.0000	0.0000	0.0000	0	1.00	0.2624	0.2264	-0.4830	1.421	0	nan	nan	nan	nan	nan	nan
125512	-0.656	-0.041	0.696	-0.19	0.62	-0.30	-0.010	0.022	-0.015	0.004	0.000	0.005	0.0000	0.0000	0.0000	0.0000	0.0000	0.0000	0	1.00	0.2624	0.2264	-0.4830	1.421	0	nan	nan	nan	nan	nan	nan
125520	-0.651	-0.045	0.695	-0.45	0.24	0.01	0.008	0.020	-0.023	0.004	0.000	0.005	0.0000	0.0000	0.0000	0.0000	0.0000	0.0000	0	1.00	0.2624	0.2264	-0.4830	1.421	0	nan	nan	nan	nan	nan	nan
125528	-0.645	-0.044	0.688	-0.55	0.71	0.39	0.002	0.006	-0.017	0.004	0.000	0.005	0.0000	0.0000	0.0000	0.0000	0.0000	0.0000	0	1.00	0.2624	0.2264	-0.4830	1.421	0	nan	nan	nan	nan	nan	nan
125536	-0.647	-0.042	0.688	-0.69	0.52	0.29	0.009	0.008	-0.008	0.004	0.000	0.005	0.0000	0.0000	0.0000	0.0000	0.0000	0.0000	0	1.00	0.2624	0.2264	-0.4830	1.421	0	nan	nan	nan	nan	nan	nan
125544	-0.652	-0.038	0.690	-0.83	0.75	0.52	0.018	0.014	-0.006	0.004	0.000	0.005	0.0000	0.0000	0.0000	0.0000	0.0000	0.0000	0	1.00	0.2624	0.2264	-0.4830	1.421	0	nan	nan	nan	nan	nan	nan
125552	-0.663	-0.028	0.691	-0.98	1.00	0.42	0.012	-0.006	0.023	0.004	0.000	0.005	0.0000	0.0000	0.0000	0.0000	0.0000	0.0000	0	1.00	0.2624	0.2264	-0.4830	1.421	0	nan	nan	nan	nan	nan	nan
125560	-0.675	-0.021	0.696	-0.87	0.85	0.79	0.003	-0.006	0.030	0.004	0.000	0.005	0.0000	0.0000	0.0000	0.0000	0.0000	0.0000	0	1.00	0.2624	0.2264	-0.4830	1.421	0	nan	nan	nan	nan	nan	nan
125569	-0.686	-0.012	0.698	-0.51	1.27	0.95	-0.018	-0.012	0.034	0.004	0.000	0.005	0.0000	0.0000	0.0000	0.0000	0.0000	0.0000	0	1.00	0.2624	0.2264	-0.4830	1.421	0	nan	nan	nan	nan	nan	nan
125577	-0.694	-0.005	0.699	-0.66	1.22	1.15	-0.019	0.003	0.034	0.004	0.000	0.005	0.0000	0.0000	0.0000	0.0000	0.0000	0.0000	0	1.00	0.2624	0.2264	-0.4830	1.421	0	nan	nan	nan	nan	nan	nan
125585	-0.708	-0.001	0.709	-0.40	0.57	1.12	-0.039	-0.004	0.032	0.004	0.000	0.005	0.0000	0.0000	0.0000	0.0000	0.0000	0.0000	0	1.00	0.2624	0.2264	-0.4830	1.421	0	nan	nan	nan	nan	nan	nan
125593	-0.725	0.002	0.723	-0.46	0.62	0.81	-0.021	0.018	0.021	0.004	0.000	0.005	0.0000	0.0000	0.0000	0.0000	0.0000	0.0000	0	1.00	0.2624	0.2264	-0.4830	1.421	0	nan	nan	nan	nan	nan	nan
125601	-0.729	0.001	0.729	-0.71	0.63	0.74	-0.021	0.013	0.021	0.004	0.000	0.005	0.0000	0.0000	0.0000	0.0000	0.0000	0.0000	0	1.00	0.2624	0.2264	-0.4830	1.421	0	nan	nan	nan	nan	nan	nan
125610	-0.740	0.002	0.738	-0.39	-0.14	0.66	0.006	0.003	0.006	0.004	0.000	0.005	0.0000	0.0000	0.0000	0.0000	0.0000	0.0000	0	1.00	0.2624	0.2264	-0.4830	1.421	0	nan	nan	nan	nan	nan	nan
125618	-0.752	0.005	0.748	-0.46	0.07	0.62	0.008	0.013	0.003	0.004	0.000	0.005	0.0000	0.0000	0.0000	0.0000	0.0000	0.0000	0	1.00	0.2624	0.2264	-0.4830	1.421	0	nan	nan	nan	nan	nan	nan
125626	-0.759	0.003	0.757	-0.63	-0.19	0.53	0.023	0.005	-0.019	0.004	0.000	0.005	0.0000	0.0000	0.0000	0.0000	0.0000	0.0000	0	1.00	0.2624	0.2264	-0.4830	1.421	0	nan	nan	nan	nan	nan	nan
125634	-0.769	-0.001	0.771	-0.26	-0.48	0.24	0.028	0.006	-0.022	0.004	0.000	0.005	0.0000	0.0000	0.0000	0.0000	0.0000	0.0000	0	1.00	0.2624	0.2264	-0.4830	1.421	0	nan	nan	nan	nan	nan	nan
125642	-0.775	-0.003	0.778	-0.11	-0.34	-0.05	0.030	-0.015	-0.020	0.004	0.000	0.005	0.0000	0.0000	0.0000	0.0000	0.0000	0.0000	0	1.00	0.2624	0.2264	-0.4830	1.421	0	nan	nan	nan	nan	nan	nan
125650	-0.778	-0.003	0.781	0.01	-0.41	-0.21	0.012	-0.017	-0.022	0.004	0.000	0.005	0.0000	0.0000	0.0000	0.0000	0.0000	0.0000	0	1.00	0.2624	0.2264	-0.4830	1.421	0	nan	nan	nan	nan	nan	nan
125659	-0.784	-0.004	0.788	0.01	-0.45	-0.16	0.017	-0.018	-0.006	0.004	0.000	0.005	0.0000	0.0000	0.0000	0.0000	0.0000	0.0000	0	1.00	0.2624	0.2264	-0.4830	1.421	0	nan	nan	nan	nan	nan	nan
125667	-0.793	-0.003	0.796	-0.23	-0.26	-0.23	-0.001	-0.008	-0.006	0.004	0.000	0.005	0.0000	0.0000	0.0000	0.0000	0.0000	0.0000	0	1.00	0.2624	0.2264	-0.4830	1.421	0	nan	nan	nan	nan	nan	nan
125675	-0.792	-0.004	0.796	0.42	-0.10	0.02	-0.012	0.009	-0.010	0.004	0.000	0.005	0.0000	0.0000	0.0000	0.0000	0.0000	0.0000	0	1.00	0.2624	0.2264	-0.4830	1.421	0	nan	nan	nan	nan	nan	nan
125683	-0.793	-0.002	0.795	0.24	0.37	-0.37	-0.024	0.015	0.007	0.004	0.000	0.005	0.0000	0.0000	0.0000	0.0000	0.0000	0.0000	0	1.00	0.2624	0.2264	-0.4830	1.421	0	nan	nan	nan	nan	nan	nan
125691	-0.791	-0.004	0.795	0.39	0.21	-0.36	-0.036	0.015	0.023	0.004	0.000	0.005	0.0000	0.0000	0.0000	0.0000	0.0000	0.0000	0	1.00	0.2624	0.2264	-0.4830	1.421	0	nan	nan	nan	nan	nan	nan
125700	-0.784	-0.007	0.791	0.61	-0.05	-0.11	-0.022	0.022	0.024	0.004	0.000	0.005	0.0000	0.0000	0.0000	0.0000	0.0000	0.0000	0	1.00	0.2624	0.2264	-0.4830	1.421	0	nan	nan	nan	nan	nan	nan
125708	-0.775	-0.012	0.787	0.52	-0.00	-0.49	-0.012	0.024	0.016	0.004	0.000	0.005	0.0000	0.0000	0.0000	0.0000	0.0000	0.0000	0	1.00	0.2624	0.2264	-0.4830	1.421	0	nan	nan	nan	nan	nan	nan
125716	-0.766	-0.017	0.783	0.59	-0.28	-0.50	-0.012	0.016	0.020	0.004	0.000	0.005	0.0000	0.0000	0.0000	0.0000	0.0000	0.0000	0	1.00	0.2624	0.2264	-0.4830	1.421	0	nan	nan	nan	nan	nan	nan
125724	-0.756	-0.021	0.777	0.82	-0.46	-0.77	0.015	0.028	0.005	0.004	0.000	0.005	0.0000	0.0000	0.0000	0.0000	0.0000	0.0000	0	1.00	0.2624	0.2264	-0.4830	1.421	0	nan	nan	nan	nan	nan	nan
125732	-0.744	-0.028	0.772	0.55	-0.34	-0.82	0.023	-0.005	-0.006	0.004	0.000	0.005	0.0000	0.0000	0.0000	0.0000	0.0000	0.0000	0	1.00	0.2624	0.2264	-0.4830	1.421	0	nan	nan	nan	nan	nan	nan
125740	-0.733	-0.035	0.768	0.31	-0.89	-0.77	0.011	0.006	-0.014	0.004	0.000	0.005	0.0000	0.0000	0.0000	0.0000	0.0000	0.0000	0	1.00	0.2624	0.2264	-0.4830	1.421	0	nan	nan	nan	nan	nan	nan
125748	-0.730	-0.037	0.766	-0.08	-0.82	-0.87	0.002	-0.019	-0.006	0.004	0.000	0.005	0.0000	0.0000	0.0000	0.0000	0.0000	0.0000	0	1.00	0.2624	0.2264	-0.4830	1.421	0	nan	nan	nan	nan	nan	nan
125756	-0.721	-0.043	0.762	-0.03	-0.69	-0.74	0.010	-0.032	-0.023	0.004	0.000	0.005	0.0000	0.0000	0.0000	0.0000	0.0000	0.0000	0	1.00	0.2624	0.2264	-0.4830	1.421	0	nan	nan	nan	nan	nan	nan
125764	-0.712	-0.045	0.756	0.02	-0.59	-0.47	0.008	-0.017	-0.031	0.004	0.000	0.005	0.0000	0.0000	0.0000	0.0000	0.0000	0.0000	0	1.00	0.2624	0.2264	-0.4830	1.421	0	nan	nan	nan	nan	nan	nan
125772	-0.705	-0.051	0.755	-0.00	-0.68	-0.56	0.001	-0.047	-0.040	0.004	0.000	0.005	0.0000	0.0000	0.0000	0.0000	0.0000	0.0000	0	1.00	0.2624	0.2264	-0.4830	1.421	0	nan	nan	nan	nan	nan	nan
125780	-0.703	-0.059	0.760	-0.00	-0.68	-0.56	-0.007	-0.024	-0.046	0.004	0.000	0.005	0.0000	0.0000	0.0000	0.0000	0.0000	0.0000	0	1.00	0.2624	0.2264	-0.4830	1.421	0	nan	nan	nan	nan	nan	nan
125788	-0.700	-0.062	0.761	-0.40	-0.37	-0.16	-0.018	-0.008	-0.036	0.004	0.000	0.005	0.0000	0.0000	0.0000	0.0000	0.0000	0.0000	0	1.00	0.2624	0.2264	-0.4830	1.421	0	nan	nan	nan	nan	nan	nan
125796	-0.698	-0.065	0.762	-0.38	-0.00	-0.65	-0.023	-0.010	-0.008	0.004	0.000	0.005	0.0000	0.0000	0.0000	0.0000	0.0000	0.0000	0	1.00	0.2624	0.2264	-0.4830	1.421	0	nan	nan	nan	nan	nan	nan
125805	-0.698	-0.068	0.765	-0.42	0.25	-0.23	-0.014	0.018	0.006	0.004	0.000	0.005	0.0000	0.0000	0.0000	0.0000	0.0000	0.0000	0	1.00	0.2624	0.2264	-0.4830	1.421	0	nan	nan	nan	nan	nan	nan
125813	-0.694	-0.070	0.762	-0.45	0.30	-0.35	-0.009	-0.003	0.032	0.004	0.000	0.005	0.0000	0.0000	0.0000	0.0000	0.0000	0.0000	0	1.00	0.2624	0.2264	-0.4830	1.421	0	nan	nan	nan	nan	nan	nan
125821	-0.692	-0.065	0.755	-0.31	0.64	-0.10	-0.024	0.022	0.043	0.004	0.000	0.005	0.0000	0.0000	0.0000	0.0000	0.0000	0.0000	0	1.00	0.2624	0.2264	-0.4830	1.421	0	nan	nan	nan	nan	nan	nan
125829	-0.695	-0.063	0.756	-0.14	0.96	0.05	-0.008	0.027	0.032	0.004	0.000	0.005	0.0000	0.0000	0.0000	0.0000	0.0000	0.0000	0	1.00	0.2624	0.2264	-0.4830	1.421	0	nan	nan	nan	nan	nan	nan
125837	-0.698	-0.063	0.760	-0.02	1.01	0.10	0.002	0.016	0.045	0.004	0.000	0.005	0.0000	0.0000	0.0000	0.0000	0.0000	0.0000	0	1.00	0.2624	0.2264	-0.4830	1.421	0	nan	nan	nan	nan	nan	nan
125845	-0.700	-0.059	0.758	0.24	1.56	0.66	0.007	0.009	0.033	0.004	0.000	0.005	0.0000	0.0000	0.0000	0.0000	0.0000	0.0000	0	1.00	0.2624	0.2264	-0.4830	1.421	0	nan	nan	nan	nan	nan	nan
125853	-0.703	-0.054	0.756	0.49	1.09	0.44	0.010	0.011	0.021	0.004	0.000	0.005	0.0000	0.0000	0.0000	0.0000	0.0000	0.0000	0	1.00	0.2624	0.2264	-0.4830	1.421	0	nan	nan	nan	nan	nan	nan
125861	-0.711	-0.046	0.756	0.36	1.22	0.66	0.021	0.004	0.005	0.004	0.000	0.005	0.0000	0.0000	0.0000	0.0000	0.0000	0.0000	0	1.00	0.2624	0.2264	-0.4830	1.421	0	nan	nan	nan	nan	nan	nan
125869	-0.719	-0.037	0.755	0.28	1.56	0.30	0.005	0.017	0.000	0.004	0.000	0.005	0.0000	0.0000	0.0000	0.0000	0.0000	0.0000	0	1.00	0.2624	0.2264	-0.4830	1.421	0	nan	nan	nan	nan	nan	nan
125877	-0.723	-0.035	0.758	0.34	1.43	0.26	0.002	0.007	-0.000	0.004	0.000	0.005	0.0000	0.0000	0.0000	0.0000	0.0000	0.0000	0	1.00	0.2624	0.2264	-0.4830	1.421	0	nan	nan	nan	nan	nan	nan
125885	-0.728	-0.031	0.758	0.10	1.55	-0.05	-0.020	-0.012	-0.008	0.004	0.000	0.005	0.0000	0.0000	0.0000	0.0000	0.0000	0.0000	0	1.00	0.2624	0.2264	-0.4830	1.421	0	nan	nan	nan	nan	nan	nan
125893	-0.734	-0.021	0.755	0.59	1.35	0.09	-0.013	-0.007	-0.009	0.004	0.000	0.005	0.0000	0.0000	0.0000	0.0000	0.0000	0.0000	0	1.00	0.2624	0.2264	-0.4830	1.421	0	nan	nan	nan	nan	nan	nan
125901	-0.735	-0.015	0.750	0.44	1.09	-0.25	-0.027	-0.022	-0.005	0.004	0.000	0.005	0.0000	0.0000	0.0000	0.0000	0.0000	0.0000	0	1.00	0.2624	0.2264	-0.4830	1.421	0	nan	nan	nan	nan	nan	nan
125910	-0.736	-0.009	0.744	0.40	0.75	-0.59	-0.021	-0.008	-0.012	0.004	0.000	0.005	0.0000	0.0000	0.0000	0.0000	0.0000	0.0000	0	1.00	0.2624	0.2264	-0.4830	1.421	0	nan	nan	nan	nan	nan	nan
125918	-0.737	-0.002	0.739	0.37	1.00	-0.60	-0.007	-0.015	-0.019	0.004	0.000	0.005	0.0000	0.0000	0.0000	0.0000	0.0000	0.0000	0	1.00	0.2624	0.2264	-0.4830	1.421	0	nan	nan	nan	nan	nan	nan
125926	-0.737	0.007	0.730	0.47	0.64	-0.78	-0.004	-0.004	-0.016	0.004	0.000	0.005	0.0000	0.0000	0.0000	0.0000	0.0000	0.0000	0	1.00	0.2624	0.2264	-0.4830	1.421	0	nan	nan	nan	nan	nan	nan
125934	-0.735	0.014	0.722	0.06	0.58	-0.50	0.022	-0.001	-0.012	0.004	0.000	0.005	0.0000	0.0000	0.0000	0.0000	0.0000	0.0000	0	1.00	0.2624	0.2264	-0.4830	1.421	0	nan	nan	nan	nan	nan	nan
125942	-0.737	0.022	0.716	0.49	0.50	-0.75	0.009	0.012	-0.019	0.004	0.000	0.005	0.0000	0.0000	0.0000	0.0000	0.0000	0.0000	0	1.00	0.2624	0.2264	-0.4830	1.421	0	nan	nan	nan	nan	nan	nan
125951	-0.742	0.030	0.713	0.35	0.26	-0.48	0.024	0.025	-0.002	0.004	0.000	0.005	0.0000	0.0000	0.0000	0.0000	0.0000	0.0000	0	1.00	0.2624	0.2264	-0.4830	1.421	0	nan	nan	nan	nan	nan	nan
125959	-0.744	0.036	0.709	-0.04	-0.11	-0.15	0.026	0.025	0.011	0.004	0.000	0.005	0.0000	0.0000	0.0000	0.0000	0.0000	0.0000	0	1.00	0.2624	0.2264	-0.4830	1.421	0	nan	nan	nan	nan	nan	nan
125967	-0.739	0.038	0.702	-0.13	-0.44	-0.15	0.018	0.024	0.018	0.004	0.000	0.005	0.0000	0.0000	0.0000	0.0000	0.0000	0.0000	0	1.00	0.2624	0.2264	-0.4830	1.421	0	nan	nan	nan	nan	nan	nan
125975	-0.739	0.044	0.696	-0.27	-0.54	-0.33	0.021	0.027	0.013	0.004	0.000	0.005	0.0000	0.0000	0.0000	0.0000	0.0000	0.0000	0	1.00	0.2624	0.2264	-0.4830	1.421	0	nan	nan	nan	nan	nan	nan
125983	-0.728	0.045	0.684	-0.26	-1.23	-0.07	-0.004	0.012	0.013	0.004	0.000	0.005	0.0000	0.0000	0.0000	0.0000	0.0000	0.0000	0	1.00	0.2624	0.2264	-0.4830	1.421	0	nan	nan	nan	nan	nan	nan
125991	-0.724	0.046	0.679	-0.31	-1.33	0.08	-0.017	-0.000	0.009	0.004	0.000	0.005	0.0000	0.0000	0.0000	0.0000	0.0000	0.0000	0	1.00	0.2624	0.2264	-0.4830	1.421	0	nan	nan	nan	nan	nan	nan
125999	-0.717	0.041	0.677	-0.05	-1.82	0.20	-0.013	0.000	-0.010	0.004	0.000	0.005	0.0000	0.0000	0.0000	0.0000	0.0000	0.0000	0	1.00	0.2624	0.2264	-0.4830	1.421	0	nan	nan	nan	nan	nan	nan
126008	-0.715	0.029	0.687	-0.44	-2.05	0.40	-0.008	-0.029	-0.016	0.004	0.000	0.005	0.0000	0.0000	0.0000	0.0000	0.0000	0.0000	0	1.00	0.2624	0.2264	-0.4830	1.421	0	nan	nan	nan	nan	nan	nan
126016	-0.714	0.020	0.695	-0.47	-2.30	0.58	-0.015	-0.031	-0.025	0.004	0.000	0.005	0.0000	0.0000	0.0000	0.0000	0.0000	0.0000	0	1.00	0.2624	0.2264	-0.4830	1.421	0	nan	nan	nan	nan	nan	nan
126024	-0.709	0.009	0.700	-0.84	-2.55	0.24	0.001	-0.037	-0.023	0.004	0.000	0.005	0.0000	0.0000	0.0000	0.0000	0.0000	0.0000	0	1.00	0.2624	0.2264	-0.4830	1.421	0	nan	nan	nan	nan	nan	nan
126032	-0.710	0.002	0.707	-1.01	-2.81	0.15	-0.001	-0.043	-0.014	0.004	0.000	0.005	0.0000	0.0000	0.0000	0.0000	0.0000	0.0000	0	1.00	0.2624	0.2264	-0.4830	1.421	0	nan	nan	nan	nan	nan	nan
126040	-0.707	-0.012	0.719	-1.05	-3.32	0.59	0.002	-0.016	-0.019	0.004	0.000	0.005	0.0000	0.0000	0.0000	0.0000	0.0000	0.0000	0	1.00	0.2624	0.2264	-0.4830	1.421	0	nan	nan	nan	nan	nan	nan
126048	-0.709	-0.022	0.731	-1.13	-3.09	0.65	-0.004	-0.008	-0.006	0.004	0.000	0.005	0.0000	0.0000	0.0000	0.0000	0.0000	0.0000	0	1.00	0.2624	0.2264	-0.4830	1.421	0	nan	nan	nan	nan	nan	nan
126056	-0.712	-0.036	0.747	-0.82	-2.97	0.85	-0.003	-0.005	-0.014	0.004	0.000	0.005	0.0000	0.0000	0.0000	0.0000	0.0000	0.0000	0	1.00	0.2624	0.2264	-0.4830	1.421	0	nan	nan	nan	nan	nan	nan
126064	-0.710	-0.052	0.760	-1.05	-2.91	0.92	-0.003	0.026	0.004	0.004	0.000	0.005	0.0000	0.0000	0.0000	0.0000	0.0000	0.0000	0	1.00	0.2624	0.2264	-0.4830	1.421	0	nan	nan	nan	nan	nan	nan
126073	-0.712	-0.066	0.776	-1.06	-2.73	1.18	-0.009	0.043	0.013	0.004	0.000	0.005	0.0000	0.0000	0.0000	0.0000	0.0000	0.0000	0	1.00	0.2624	0.2264	-0.4830	1.421	0	nan	nan	nan	nan	nan	nan
126081	-0.712	-0.079	0.790	-1.42	-2.50	1.41	-0.011	0.036	0.022	0.004	0.000	0.005	0.0000	0.0000	0.0000	0.0000	0.0000	0.0000	0	1.00	0.2624	0.2264	-0.4830	1.421	0	nan	nan	nan	nan	nan	nan
126089	-0.709	-0.099	0.805	-1.08	-2.76	1.75	-0.003	0.017	0.021	0.004	0.000	0.005	0.0000	0.0000	0.0000	0.0000	0.0000	0.0000	0	1.00	0.2624	0.2264	-0.4830	1.421	0	nan	nan	nan	nan	nan	nan
126097	-0.709	-0.116	0.823	-1.03	-2.63	1.88	0.008	0.014	0.017	0.004	0.000	0.005	0.0000	0.0000	0.0000	0.0000	0.0000	0.0000	0	1.00	0.2624	0.2264	-0.4830	1.421	0	nan	nan	nan	nan	nan	nan
126105	-0.710	-0.134	0.840	-0.79	-2.57	1.69	0.007	-0.003	0.028	0.004	0.000	0.005	0.0000	0.0000	0.0000	0.0000	0.0000	0.0000	0	1.00	0.2624	0.2264	-0.4830	1.421	0	nan	nan	nan	nan	nan	nan
126113	-0.710	-0.151	0.857	-0.74	-2.31	1.69	0.006	-0.018	0.026	0.004	0.000	0.005	0.0000	0.0000	0.0000	0.0000	0.0000	0.0000	0	1.00	0.2624	0.2264	-0.4830	1.421	0	nan	nan	nan	nan	nan	nan
126121	-0.712	-0.169	0.877	-0.76	-2.69	1.57	0.025	0.002	0.018	0.004	0.000	0.005	0.0000	0.0000	0.0000	0.0000	0.0000	0.0000	0	1.00	0.2624	0.2264	-0.4830	1.421	0	nan	nan	nan	nan	nan	nan
126129	-0.714	-0.188	0.897	-0.44	-2.53	1.30	0.013	-0.025	0.002	0.004	0.000	0.005	0.0000	0.0000	0.0000	0.0000	0.0000	0.0000	0	1.00	0.2624	0.2264	-0.4830	1.421	0	nan	nan	nan	nan	nan	nan
126137	-0.708	-0.209	0.912	-0.90	-2.16	1.07	0.011	-0.015	-0.005	0.004	0.000	0.005	0.0000	0.0000	0.0000	0.0000	0.0000	0.0000	0	1.00	0.2624	0.2264	-0.4830	1.421	0	nan	nan	nan	nan	nan	nan
126145	-0.709	-0.227	0.930	-0.72	-2.31	0.83	0.009	-0.007	-0.023	0.004	0.000	0.005	0.0000	0.0000	0.0000	0.0000	0.0000	0.0000	0	1.00	0.2624	0.2264	-0.4830	1.421	0	nan	nan	nan	nan	nan	nan
126154	-0.709	-0.249	0.952	-0.56	-2.27	0.95	-0.005	0.003	-0.026	0.004	0.000	0.005	0.0000	0.0000	0.0000	0.0000	0.0000	0.0000	0	1.00	0.2624	0.2264	-0.4830	1.421	0	nan	nan	nan	nan	nan	nan
126162	-0.713	-0.262	0.968	-0.37	-1.85	0.77	0.001	0.021	-0.027	0.004	0.000	0.005	0.0000	0.0000	0.0000	0.0000	0.0000	0.0000	0	1.00	0.2624	0.2264	-0.4830	1.421	0	nan	nan	nan	nan	nan	nan
126170	-0.711	-0.277	0.981	-0.51	-1.78	0.41	-0.003	0.003	-0.017	0.004	0.000	0.005	0.0000	0.0000	0.0000	0.0000	0.0000	0.0000	0	1.00	0.2624	0.2264	-0.4830	1.421	0	nan	nan	nan	nan	nan	nan
126178	-0.707	-0.290	0.989	-0.29	-1.67	0.61	-0.015	0.007	-0.013	0.004	0.000	0.005	0.0000	0.0000	0.0000	0.0000	0.0000	0.0000	0	1.00	0.2624	0.2264	-0.4830	1.421	0	nan	nan	nan	nan	nan	nan
126186	-0.711	-0.299	1.002	-0.48	-1.42	0.86	-0.007	0.016	-0.006	0.004	0.000	0.005	0.0000	0.0000	0.0000	0.0000	0.0000	0.0000	0	1.00	0.2624	0.2264	-0.4830	1.421	0	nan	nan	nan	nan	nan	nan
126194	-0.711	-0.309	1.013	-0.10	-1.04	0.64	-0.014	0.011	0.002	0.004	0.000	0.005	0.0000	0.0000	0.0000	0.0000	0.0000	0.0000	0	1.00	0.2624	0.2264	-0.4830	1.421	0	nan	nan	nan	nan	nan	nan
126202	-0.713	-0.313	1.018	-0.56	-0.71	0.45	-0.027	-0.016	-0.010	0.004	0.000	0.005	0.0000	0.0000	0.0000	0.0000	0.0000	0.0000	0	1.00	0.2624	0.2264	-0.4830	1.421	0	nan	nan	nan	nan	nan	nan
126210	-0.716	-0.323	1.032	0.11	-0.70	0.72	-0.015	-0.023	0.001	0.004	0.000	0.005	0.0000	0.0000	0.0000	0.0000	0.0000	0.0000	0	1.00	0.2624	0.2264	-0.4830	1.421	0	nan	nan	nan	nan	nan	nan
126218	-0.718	-0.331	1.040	-0.16	-0.63	0.71	-0.018	-0.021	0.014	0.004	0.000	0.005	0.0000	0.0000	0.0000	0.0000	0.0000	0.0000	0	1.00	0.2624	0.2264	-0.4830	1.421	0	nan	nan	nan	nan	nan	nan
126226	-0.719	-0.339	1.049	0.24	-0.63	0.62	-0.001	0.002	0.004	0.004	0.000	0.005	0.0000	0.0000	0.0000	0.0000	0.0000	0.0000	0	1.00	0.2624	0.2264	-0.4830	1.421	0	nan	nan	nan	nan	nan	nan
126234	-0.715	-0.344	1.050	0.17	-0.35	0.20	0.004	0.000	0.013	0.004	0.000	0.005	0.0000	0.0000	0.0000	0.0000	0.0000	0.0000	0	1.00	0.2624	0.2264	-0.4830	1.421	0	nan	nan	nan	nan	nan	nan
126242	-0.712	-0.350	1.053	0.16	0.14	-0.17	0.021	0.004	0.027	0.004	0.000	0.005	0.0000	0.0000	0.0000	0.0000	0.0000	0.0000	0	1.00	0.2624	0.2264	-0.4830	1.421	0	nan	nan	nan	nan	nan	nan
126250	-0.713	-0.353	1.057	0.26	0.16	0.03	0.018	0.003	0.020	0.004	0.000	0.005	0.0000	0.0000	0.0000	0.0000	0.0000	0.0000	0	1.00	0.2624	0.2264	-0.4830	1.421	0	nan	nan	nan	nan	nan	nan
126258	-0.711	-0.356	1.059	0.74	0.43	0.12	0.037	0.012	0.008	0.004	0.000	0.005	0.0000	0.0000	0.0000	0.0000	0.0000	0.0000	0	1.00	0.2624	0.2264	-0.4830	1.421	0	nan	nan	nan	nan	nan	nan
126266	-0.711	-0.356	1.058	0.45	0.59	-0.49	0.033	-0.009	0.006	0.004	0.000	0.005	0.0000	0.0000	0.0000	0.0000	0.0000	0.0000	0	1.00	0.2624	0.2264	-0.4830	1.421	0	nan	nan	nan	nan	nan	nan
126274	-0.714	-0.350	1.055	0.64	0.88	-0.54	0.033	0.005	0.003	0.004	0.000	0.005	0.0000	0.0000	0.0000	0.0000	0.0000	0.0000	0	1.00	0.2624	0.2264	-0.4830	1.421	0	nan	nan	nan	nan	nan	nan
126282	-0.715	-0.346	1.053	0.58	0.84	-0.76	0.010	0.008	-0.004	0.004	0.000	0.005	0.0000	0.0000	0.0000	0.0000	0.0000	0.0000	0	1.00	0.2624	0.2264	-0.4830	1.421	0	nan	nan	nan	nan	nan	nan
126290	-0.714	-0.338	1.043	0.92	0.96	-0.81	0.004	0.009	0.004	0.004	0.000	0.005	0.0000	0.0000	0.0000	0.0000	0.0000	0.0000	0	1.00	0.2624	0.2264	-0.4830	1.421	0	nan	nan	nan	nan	nan	nan
126299	-0.710	-0.332	1.034	0.59	1.04	-0.65	-0.015	0.012	0.004	0.004	0.000	0.005	0.0000	0.0000	0.0000	0.0000	0.0000	0.0000	0	1.00	0.2624	0.2264	-0.4830	1.421	0	nan	nan	nan	nan	nan	nan
126307	-0.711	-0.325	1.028	0.57	1.20	-1.00	-0.011	0.024	0.012	0.004	0.000	0.005	0.0000	0.0000	0.0000	0.0000	0.0000	0.0000	0	1.00	0.2624	0.2264	-0.4830	1.421	0	nan	nan	nan	nan	nan	nan
126315	-0.710	-0.314	1.015	0.57	1.03	-0.83	-0.005	0.001	0.025	0.004	0.000	0.005	0.0000	0.0000	0.0000	0.0000	0.0000	0.0000	0	1.00	0.2624	0.2264	-0.4830	1.421	0	nan	nan	nan	nan	nan	nan
126323	-0.710	-0.302	1.004	0.41	0.65	-0.61	-0.006	0.000	0.004	0.004	0.000	0.005	0.0000	0.0000	0.0000	0.0000	0.0000	0.0000	0	1.00	0.2624	0.2264	-0.4830	1.421	0	nan	nan	nan	nan	nan	nan
126332	-0.710	-0.294	0.996	0.30	0.63	-0.80	0.003	-0.013	-0.007	0.004	0.000	0.005	0.0000	0.0000	0.0000	0.0000	0.0000	0.0000	0	1.00	0.2624	0.2264	-0.4830	1.421	0	nan	nan	nan	nan	nan	nan
126340	-0.704	-0.286	0.983	0.49	0.37	-0.63	0.008	-0.007	-0.007	0.004	0.000	0.005	0.0000	0.0000	0.0000	0.0000	0.0000	0.0000	0	1.00	0.2624	0.2264	-0.4830	1.421	0	nan	nan	nan	nan	nan	nan
126348	-0.702	-0.277	0.972	0.52	0.21	-0.70	0.001	-0.004	-0.012	0.004	0.000	0.005	0.0000	0.0000	0.0000	0.0000	0.0000	0.0000	0	1.00	0.2624	0.2264	-0.4830	1.421	0	nan	nan	nan	nan	nan	nan
126356	-0.696	-0.274	0.963	0.21	0.12	-0.62	0.009	-0.003	-0.027	0.004	0.000	0.005	0.0000	0.0000	0.0000	0.0000	0.0000	0.0000	0	1.00	0.2624	0.2264	-0.4830	1.421	0	nan	nan	nan	nan	nan	nan
126364	-0.697	-0.269	0.959	0.34	-0.18	-0.66	-0.002	0.001	-0.017	0.004	0.000	0.005	0.0000	0.0000	0.0000	0.0000	0.0000	0.0000	0	1.00	0.2624	0.2264	-0.4830	1.421	0	nan	nan	nan	nan	nan	nan
126372	-0.695	-0.262	0.950	0.29	-0.33	-0.47	0.011	0.010	-0.007	0.004	0.000	0.005	0.0000	0.0000	0.0000	0.0000	0.0000	0.0000	0	1.00	0.2624	0.2264	-0.4830	1.421	0	nan	nan	nan	nan	nan	nan
126380	-0.687	-0.264	0.945	0.24	-0.48	-0.27	0.001	0.016	-0.005	0.004	0.000	0.005	0.0000	0.0000	0.0000	0.0000	0.0000	0.0000	0	1.00	0.2624	0.2264	-0.4830	1.421	0	nan	nan	nan	nan	nan	nan
126388	-0.679	-0.262	0.935	0.17	-0.53	-0.67	-0.016	0.012	0.011	0.004	0.000	0.005	0.0000	0.0000	0.0000	0.0000	0.0000	0.0000	0	1.00	0.2624	0.2264	-0.4830	1.421	0	nan	nan	nan	nan	nan	nan
126396	-0.670	-0.264	0.928	-0.06	-0.35	-0.41	-0.026	-0.016	-0.002	0.004	0.000	0.005	0.0000	0.0000	0.0000	0.0000	0.0000	0.0000	0	1.00	0.2624	0.2264	-0.4830	1.421	0	nan	nan	nan	nan	nan	nan
126404	-0.667	-0.263	0.924	0.05	-0.72	-0.26	-0.031	0.000	-0.007	0.004	0.000	0.005	0.0000	0.0000	0.0000	0.0000	0.0000	0.0000	0	1.00	0.2624	0.2264	-0.4830	1.421	0	nan	nan	nan	nan	nan	nan
126412	-0.659	-0.266	0.919	-0.49	-0.66	-0.20	-0.026	-0.003	0.024	0.004	0.000	0.005	0.0000	0.0000	0.0000	0.0000	0.0000	0.0000	0	1.00	0.2624	0.2264	-0.4830	1.421	0	nan	nan	nan	nan	nan	nan
126420	-0.655	-0.266	0.914	-0.19	-0.57	0.15	-0.016	-0.001	0.015	0.004	0.000	0.005	0.0000	0.0000	0.0000	0.0000	0.0000	0.0000	0	1.00	0.2624	0.2264	-0.4830	1.421	0	nan	nan	nan	nan	nan	nan
126428	-0.651	-0.269	0.912	-0.24	-0.72	0.35	0.010	-0.004	0.001	0.004	0.000	0.005	0.0000	0.0000	0.0000	0.0000	0.0000	0.0000	0	1.00	0.2624	0.2264	-0.4830	1.421	0	nan	nan	nan	nan	nan	nan
126437	-0.645	-0.268	0.907	-0.46	-0.71	0.35	0.024	-0.013	-0.000	0.004	0.000	0.005	0.0000	0.0000	0.0000	0.0000	0.0000	0.0000	0	1.00	0.2624	0.2264	-0.4830	1.421	0	nan	nan	nan	nan	nan	nan
126445	-0.647	-0.269	0.908	-0.81	-0.75	0.74	0.034	0.007	-0.008	0.004	0.000	0.005	0.0000	0.0000	0.0000	0.0000	0.0000	0.0000	0	1.00	0.2624	0.2264	-0.4830	1.421	0	nan	nan	nan	nan	nan	nan
126453	-0.653	-0.273	0.919	-1.06	-0.97	1.21	0.028	0.015	-0.001	0.004	0.000	0.005	0.0000	0.0000	0.0000	0.0000	0.0000	0.0000	0	1.00	0.2624	0.2264	-0.4830	1.421	0	nan	nan	nan	nan	nan	nan
126461	-0.656	-0.277	0.926	-0.99	-0.64	1.45	0.028	-0.006	-0.008	0.004	0.000	0.005	0.0000	0.0000	0.0000	0.0000	0.0000	0.0000	0	1.00	0.2624	0.2264	-0.4830	1.421	0	nan	nan	nan	nan	nan	nan
126469	-0.659	-0.287	0.939	-0.89	-1.04	1.75	0.021	0.009	0.007	0.004	0.000	0.005	0.0000	0.0000	0.0000	0.0000	0.0000	0.0000	0	1.00	0.2624	0.2264	-0.4830	1.421	0	nan	nan	nan	nan	nan	nan
126477	-0.665	-0.296	0.954	-0.69	-1.23	1.73	0.007	0.007	-0.001	0.004	0.000	0.005	0.0000	0.0000	0.0000	0.0000	0.0000	0.0000	0	1.00	0.2624	0.2264	-0.4830	1.421	0	nan	nan	nan	nan	nan	nan
126485	-0.676	-0.303	0.972	-1.11	-0.88	1.91	-0.010	-0.004	-0.012	0.004	0.000	0.005	0.0000	0.0000	0.0000	0.0000	0.0000	0.0000	0	1.00	0.2624	0.2264	-0.4830	1.421	0	nan	nan	nan	nan	nan	nan
126493	-0.685	-0.311	0.988	-1.18	-1.36	1.94	-0.016	-0.014	-0.025	0.004	0.000	0.005	0.0000	0.0000	0.0000	0.0000	0.0000	0.0000	0	1.00	0.2624	0.2264	-0.4830	1.421	0	nan	nan	nan	nan	nan	nan
126501	-0.691	-0.324	1.006	-0.93	-1.08	1.71	-0.011	0.004	-0.027	0.004	0.000	0.005	0.0000	0.0000	0.0000	0.0000	0.0000	0.0000	0	1.00	0.2624	0.2264	-0.4830	1.421	0	nan	nan	nan	nan	nan	nan
126509	-0.699	-0.329	1.020	-0.69	-1.31	1.39	-0.011	-0.010	-0.014	0.004	0.000	0.005	0.0000	0.0000	0.0000	0.0000	0.0000	0.0000	0	1.00	0.2624	0.2264	-0.4830	1.421	0	nan	nan	nan	nan	nan	nan
126517	-0.709	-0.334	1.034	-1.04	-1.62	0.99	-0.013	0.013	0.001	0.004	0.000	0.005	0.0000	0.0000	0.0000	0.0000	0.0000	0.0000	0	1.00	0.2624	0.2264	-0.4830	1.421	0	nan	nan	nan	nan	nan	nan
126525	-0.721	-0.339	1.051	-0.60	-1.33	0.68	-0.002	0.016	0.012	0.004	0.000	0.005	0.0000	0.0000	0.0000	0.0000	0.0000	0.0000	0	1.00	0.2624	0.2264	-0.4830	1.421	0	nan	nan	nan	nan	nan	nan
126533	-0.727	-0.343	1.061	-0.94	-1.41	0.68	0.012	0.007	0.029	0.004	0.000	0.005	0.0000	0.0000	0.0000	0.0000	0.0000	0.0000	0	1.00	0.2624	0.2264	-0.4830	1.421	0	nan	nan	nan	nan	nan	nan
126542	-0.728	-0.350	1.069	-0.59	-1.52	0.75	0.018	0.025	0.034	0.004	0.000	0.005	0.0000	0.0000	0.0000	0.0000	0.0000	0.0000	0	1.00	0.2624	0.2264	-0.4830	1.421	0	nan	nan	nan	nan	nan	nan
126550	-0.732	-0.353	1.076	-0.80	-1.88	0.38	0.010	0.025	0.040	0.004	0.000	0.005	0.0000	0.0000	0.0000	0.0000	0.0000	0.0000	0	1.00	0.2624	0.2264	-0.4830	1.421	0	nan	nan	nan	nan	nan	nan
126558	-0.738	-0.362	1.090	-0.12	-2.06	0.73	-0.007	0.023	0.031	0.004	0.000	0.005	0.0000	0.0000	0.0000	0.0000	0.0000	0.0000	0	1.00	0.2624	0.2264	-0.4830	1.421	0	nan	nan	nan	nan	nan	nan
126566	-0.741	-0.368	1.100	-0.42	-1.91	0.44	-0.029	-0.004	0.018	0.004	0.000	0.005	0.0000	0.0000	0.0000	0.0000	0.0000	0.0000	0	1.00	0.2624	0.2264	-0.4830	1.421	0	nan	nan	nan	nan	nan	nan
126574	-0.738	-0.377	1.105	-0.20	-2.02	0.24	-0.017	-0.009	0.016	0.004	0.000	0.005	0.0000	0.0000	0.0000	0.0000	0.0000	0.0000	0	1.00	0.2624	0.2264	-0.4830	1.421	0	nan	nan	nan	nan	nan	nan
126582	-0.740	-0.389	1.119	0.10	-2.19	0.42	-0.017	-0.024	-0.002	0.004	0.000	0.005	0.0000	0.0000	0.0000	0.0000	0.0000	0.0000	0	1.00	0.2624	0.2264	-0.4830	1.421	0	nan	nan	nan	nan	nan	nan
126590	-0.743	-0.403	1.136	-0.06	-1.88	0.38	-0.002	-0.021	-0.006	0.004	0.000	0.005	0.0000	0.0000	0.0000	0.0000	0.0000	0.0000	0	1.00	0.2624	0.2264	-0.4830	1.421	0	nan	nan	nan	nan	nan	nan
126598	-0.734	-0.422	1.145	-0.07	-2.63	0.50	-0.011	-0.023	-0.022	0.004	0.000	0.005	0.0000	0.0000	0.0000	0.0000	0.0000	0.0000	0	1.00	0.2624	0.2264	-0.4830	1.421	0	nan	nan	nan	nan	nan	nan
126606	-0.726	-0.437	1.152	-0.00	-2.25	0.27	-0.000	-0.035	-0.022	0.004	0.000	0.005	0.0000	0.0000	0.0000	0.0000	0.0000	0.0000	0	1.00	0.2624	0.2264	-0.4830	1.421	0	nan	nan	nan	nan	nan	nan
126614	-0.717	-0.449	1.155	0.03	-1.83	-0.08	-0.004	-0.032	-0.016	0.004	0.000	0.005	0.0000	0.0000	0.0000	0.0000	0.0000	0.0000	0	1.00	0.2624	0.2264	-0.4830	1.421	0	nan	nan	nan	nan	nan	nan
126622	-0.709	-0.464	1.160	0.05	-1.78	0.06	0.020	-0.011	-0.049	0.004	0.000	0.005	0.0000	0.0000	0.0000	0.0000	0.0000	0.0000	0	1.00	0.2624	0.2264	-0.4830	1.421	0	nan	nan	nan	nan	nan	nan
126631	-0.701	-0.484	1.172	0.12	-1.71	0.13	-0.001	-0.008	-0.046	0.004	0.000	0.004	0.0000	0.0000	0.0000	0.0000	0.0000	0.0000	0	1.00	0.2624	0.2264	-0.4830	1.421	0	nan	nan	nan	nan	nan	nan
126639	-0.691	-0.494	1.172	0.36	-1.69	-0.02	0.020	0.005	-0.043	0.004	0.000	0.004	0.0000	0.0000	0.0000	0.0000	0.0000	0.0000	0	1.00	0.2624	0.2264	-0.4830	1.421	0	nan	nan	nan	nan	nan	nan
126647	-0.682	-0.508	1.177	0.20	-1.55	-0.32	0.020	-0.000	-0.043	0.004	0.000	0.004	0.0000	0.0000	0.0000	0.0000	0.0000	0.0000	0	1.00	0.2624	0.2264	-0.4830	1.421	0	nan	nan	nan	nan	nan	nan
126655	-0.681	-0.517	1.185	0.21	-1.44	-0.12	0.015	0.003	-0.021	0.004	0.000	0.004	0.0000	0.0000	0.0000	0.0000	0.0000	0.0000	0	1.00	0.2624	0.2264	-0.4830	1.421	0	nan	nan	nan	nan	nan	nan
126663	-0.674	-0.526	1.186	0.68	-1.20	0.12	0.002	0.013	-0.013	0.004	0.000	0.004	0.0000	0.0000	0.0000	0.0000	0.0000	0.0000	0	1.00	0.2624	0.2264	-0.4830	1.421	0	nan	nan	nan	nan	nan	nan
126671	-0.667	-0.536	1.189	0.47	-0.87	-0.32	0.006	-0.009	0.007	0.004	0.000	0.004	0.0000	0.0000	0.0000	0.0000	0.0000	0.0000	0	1.00	0.2624	0.2264	-0.4830	1.421	0	nan	nan	nan	nan	nan	nan
126679	-0.658	-0.547	1.191	0.51	-0.68	-0.13	-0.009	0.006	0.017	0.004	0.000	0.004	0.0000	0.0000	0.0000	0.0000	0.0000	0.0000	0	1.00	0.2624	0.2264	-0.4830	1.421	0	nan	nan	nan	nan	nan	nan
126687	-0.656	-0.550	1.192	0.63	-0.55	-0.17	-0.008	-0.001	0.037	0.004	0.000	0.004	0.0000	0.0000	0.0000	0.0000	0.0000	0.0000	0	1.00	0.2624	0.2264	-0.4830	1.421	0	nan	nan	nan	nan	nan	nan
126695	-0.648	-0.563	1.196	0.47	-0.50	0.05	-0.015	0.003	0.042	0.004	0.000	0.004	0.0000	0.0000	0.0000	0.0000	0.0000	0.0000	0	1.00	0.2624	0.2264	-0.4830	1.421	0	nan	nan	nan	nan	nan	nan
126703	-0.640	-0.565	1.191	0.68	-0.57	-0.19	-0.011	0.021	0.048	0.004	0.000	0.004	0.0000	0.0000	0.0000	0.0000	0.0000	0.0000	0	1.00	0.2624	0.2264	-0.4830	1.421	0	nan	nan	nan	nan	nan	nan
126711	-0.632	-0.568	1.185	0.41	0.06	-0.34	-0.010	0.016	0.038	0.004	0.000	0.005	0.0000	0.0000	0.0000	0.0000	0.0000	0.0000	0	1.00	0.2624	0.2264	-0.4830	1.421	0	nan	nan	nan	nan	nan	nan
126719	-0.623	-0.572	1.180	0.51	-0.22	0.15	-0.018	0.022	0.045	0.004	0.000	0.005	0.0000	0.0000	0.0000	0.0000	0.0000	0.0000	0	1.00	0.2624	0.2264	-0.4830	1.421	0	nan	nan	nan	nan	nan	nan
126727	-0.617	-0.575	1.178	0.50	0.10	-0.04	0.009	0.013	0.028	0.004	0.000	0.005	0.0000	0.0000	0.0000	0.0000	0.0000	0.0000	0	1.00	0.2624	0.2264	-0.4830	1.421	0	nan	nan	nan	nan	nan	nan
126736	-0.613	-0.574	1.172	-0.10	0.53	0.12	0.003	-0.001	0.015	0.004	0.000	0.005	0.0000	0.0000	0.0000	0.0000	0.0000	0.0000	0	1.00	0.2624	0.2264	-0.4830	1.421	0	nan	nan	nan	nan	nan	nan
126744	-0.608	-0.575	1.167	0.17	0.58	0.01	0.005	-0.015	0.004	0.004	0.000	0.005	0.0000	0.0000	0.0000	0.0000	0.0000	0.0000	0	1.00	0.2624	0.2264	-0.4830	1.421	0	nan	nan	nan	nan	nan	nan
126752	-0.600	-0.575	1.160	0.14	0.63	-0.11	0.005	-0.006	-0.017	0.004	0.000	0.005	0.0000	0.0000	0.0000	0.0000	0.0000	0.0000	0	1.00	0.2624	0.2264	-0.4830	1.421	0	nan	nan	nan	nan	nan	nan
126760	-0.595	-0.574	1.154	0.01	0.93	-0.07	-0.008	-0.003	-0.028	0.004	0.000	0.005	0.0000	0.0000	0.0000	0.0000	0.0000	0.0000	0	1.00	0.2624	0.2264	-0.4830	1.421	0	nan	nan	nan	nan	nan	nan
126768	-0.594	-0.573	1.153	0.06	0.69	0.12	-0.007	0.006	-0.030	0.004	0.000	0.005	0.0000	0.0000	0.0000	0.0000	0.0000	0.0000	0	1.00	0.2624	0.2264	-0.4830	1.421	0	nan	nan	nan	nan	nan	nan
126776	-0.596	-0.565	1.147	-0.26	0.96	-0.04	-0.005	-0.012	-0.045	0.004	0.000	0.004	0.0000	0.0000	0.0000	0.0000	0.0000	0.0000	0	1.00	0.2624	0.2264	-0.4830	1.421	0	nan	nan	nan	nan	nan	nan
126784	-0.596	-0.566	1.147	-0.25	0.86	-0.06	-0.009	-0.002	-0.040	0.004	0.000	0.004	0.0000	0.0000	0.0000	0.0000	0.0000	0.0000	0	1.00	0.2624	0.2264	-0.4830	1.421	0	nan	nan	nan	nan	nan	nan
126793	-0.594	-0.559	1.139	-0.25	0.73	0.07	-0.006	0.021	-0.018	0.004	0.000	0.004	0.0000	0.0000	0.0000	0.0000	0.0000	0.0000	0	1.00	0.2624	0.2264	-0.4830	1.421	0	nan	nan	nan	nan	nan	nan
126801	-0.599	-0.548	1.133	-0.62	0.70	-0.05	-0.004	0.018	-0.003	0.004	0.000	0.004	0.0000	0.0000	0.0000	0.0000	0.0000	0.0000	0	1.00	0.2624	0.2264	-0.4830	1.421	0	nan	nan	nan	nan	nan	nan
126809	-0.609	-0.532	1.127	-0.49	0.42	0.19	-0.005	0.017	0.007	0.004	0.000	0.004	0.0000	0.0000	0.0000	0.0000	0.0000	0.0000	0	1.00	0.2624	0.2264	-0.4830	1.421	0	nan	nan	nan	nan	nan	nan
126817	-0.621	-0.521	1.128	-1.40	0.28	0.30	-0.008	0.025	0.014	0.004	0.000	0.004	0.0000	0.0000	0.0000	0.0000	0.0000	0.0000	0	1.00	0.2624	0.2264	-0.4830	1.421	0	nan	nan	nan	nan	nan	nan
126825	-0.623	-0.514	1.124	-0.82	0.28	0.56	-0.006	0.027	0.023	0.004	0.000	0.004	0.0000	0.0000	0.0000	0.0000	0.0000	0.0000	0	1.00	0.2624	0.2264	-0.4830	1.421	0	nan	nan	nan	nan	nan	nan
126834	-0.629	-0.508	1.123	-0.80	0.38	0.66	-0.008	-0.000	0.029	0.004	0.000	0.004	0.0000	0.0000	0.0000	0.0000	0.0000	0.0000	0	1.00	0.2624	0.2264	-0.4830	1.421	0	nan	nan	nan	nan	nan	nan
126842	-0.636	-0.501	1.124	-0.93	-0.08	0.71	-0.010	-0.035	0.015	0.004	0.000	0.004	0.0000	0.0000	0.0000	0.0000	0.0000	0.0000	0	1.00	0.2624	0.2264	-0.4830	1.421	0	nan	nan	nan	nan	nan	nan
126850	-0.651	-0.493	1.131	-1.26	-0.14	1.00	-0.006	-0.029	0.009	0.004	0.000	0.004	0.0000	0.0000	0.0000	0.0000	0.0000	0.0000	0	1.00	0.2624	0.2264	-0.4830	1.421	0	nan	nan	nan	nan	nan	nan
126858	-0.664	-0.488	1.140	-1.36	-0.26	1.22	-0.001	-0.023	-0.006	0.004	0.000	0.004	0.0000	0.0000	0.0000	0.0000	0.0000	0.0000	0	1.00	0.2624	0.2264	-0.4830	1.421	0	nan	nan	nan	nan	nan	nan
126866	-0.671	-0.485	1.144	-1.45	-0.21	0.84	-0.011	-0.008	-0.007	0.004	0.000	0.004	0.0000	0.0000	0.0000	0.0000	0.0000	0.0000	0	1.00	0.2624	0.2264	-0.4830	1.421	0	nan	nan	nan	nan	nan	nan
126874	-0.679	-0.482	1.149	-1.71	-0.16	0.72	-0.010	-0.003	-0.004	0.004	0.000	0.004	0.0000	0.0000	0.0000	0.0000	0.0000	0.0000	0	1.00	0.2624	0.2264	-0.4830	1.421	0	nan	nan	nan	nan	nan	nan
126882	-0.690	-0.478	1.155	-1.54	-0.55	0.85	-0.019	0.019	-0.022	0.004	0.000	0.004	0.0000	0.0000	0.0000	0.0000	0.0000	0.0000	0	1.00	0.2624	0.2264	-0.4830	1.421	0	nan	nan	nan	nan	nan	nan
126890	-0.704	-0.471	1.163	-1.12	-0.58	0.98	-0.017	0.002	-0.017	0.004	0.000	0.004	0.0000	0.0000	0.0000	0.0000	0.0000	0.0000	0	1.00	0.2624	0.2264	-0.4830	1.421	0	nan	nan	nan	nan	nan	nan
126898	-0.719	-0.468	1.175	-0.76	-0.57	1.25	-0.005	0.016	-0.028	0.004	0.000	0.004	0.0000	0.0000	0.0000	0.0000	0.0000	0.0000	0	1.00	0.2624	0.2264	-0.4830	1.421	0	nan	nan	nan	nan	nan	nan
126906	-0.733	-0.474	1.195	-0.76	-0.92	1.60	-0.013	0.024	-0.023	0.004	0.000	0.004	0.0000	0.0000	0.0000	0.0000	0.0000	0.0000	0	1.00	0.2624	0.2264	-0.4830	1.421	0	nan	nan	nan	nan	nan	nan
126915	-0.735	-0.486	1.208	-0.42	-0.75	1.51	0.004	0.016	-0.013	0.004	0.000	0.004	0.0000	0.0000	0.0000	0.0000	0.0000	0.0000	0	1.00	0.2624	0.2264	-0.4830	1.421	0	nan	nan	nan	nan	nan	nan
126923	-0.749	-0.489	1.225	-0.25	-1.40	1.46	0.003	0.020	0.010	0.004	0.000	0.004	0.0000	0.0000	0.0000	0.0000	0.0000	0.0000	0	1.00	0.2624	0.2264	-0.4830	1.421	0	nan	nan	nan	nan	nan	nan
126931	-0.755	-0.498	1.241	-0.59	-1.49	1.46	0.001	0.002	0.010	0.004	0.000	0.004	0.0000	0.0000	0.0000	0.0000	0.0000	0.0000	0	1.00	0.2624	0.2264	-0.4830	1.421	0	nan	nan	nan	nan	nan	nan
126939	-0.759	-0.511	1.258	-0.36	-1.71	1.24	0.004	0.003	0.022	0.004	0.000	0.004	0.0000	0.0000	0.0000	0.0000	0.0000	0.0000	0	1.00	0.2624	0.2264	-0.4830	1.421	0	nan	nan	nan	nan	nan	nan
126947	-0.765	-0.521	1.273	-0.40	-1.68	0.84	0.021	0.001	0.036	0.004	0.000	0.004	0.0000	0.0000	0.0000	0.0000	0.0000	0.0000	0	1.00	0.2624	0.2264	-0.4830	1.421	0	nan	nan	nan	nan	nan	nan
126955	-0.768	-0.531	1.285	-0.50	-1.59	0.84	0.003	0.004	0.048	0.004	0.000	0.004	0.0000	0.0000	0.0000	0.0000	0.0000	0.0000	0	1.00	0.2624	0.2264	-0.4830	1.421	0	nan	nan	nan	nan	nan	nan
126963	-0.769	-0.541	1.296	-0.76	-1.60	0.49	0.004	-0.001	0.027	0.004	0.000	0.004	0.0000	0.0000	0.0000	0.0000	0.0000	0.0000	0	1.00	0.2624	0.2264	-0.4830	1.421	0	nan	nan	nan	nan	nan	nan
126971	-0.770	-0.553	1.308	-0.61	-1.31	0.35	0.011	-0.007	0.019	0.004	0.000	0.004	0.0000	0.0000	0.0000	0.0000	0.0000	0.0000	0	1.00	0.2624	0.2264	-0.4830	1.421	0	nan	nan	nan	nan	nan	nan
126980	-0.765	-0.570	1.320	-1.07	-1.74	0.61	0.003	-0.024	0.005	0.004	0.000	0.004	0.0000	0.0000	0.0000	0.0000	0.0000	0.0000	0	1.00	0.2624	0.2264	-0.4830	1.421	0	nan	nan	nan	nan	nan	nan
126988	-0.768	-0.579	1.332	-0.81	-1.62	0.55	0.000	-0.010	-0.013	0.004	0.000	0.004	0.0000	0.0000	0.0000	0.0000	0.0000	0.0000	0	1.00	0.2624	0.2264	-0.4830	1.421	0	nan	nan	nan	nan	nan	nan
126996	-0.764	-0.591	1.340	-0.66	-1.58	0.68	-0.005	-0.014	-0.029	0.004	0.000	0.004	0.0000	0.0000	0.0000	0.0000	0.0000	0.0000	0	1.00	0.2624	0.2264	-0.4830	1.421	0	nan	nan	nan	nan	nan	nan
127004	-0.765	-0.604	1.353	-0.73	-1.66	0.61	-0.012	-0.017	-0.035	0.004	0.000	0.004	0.0000	0.0000	0.0000	0.0000	0.0000	0.0000	0	1.00	0.2624	0.2264	-0.4830	1.421	0	nan	nan	nan	nan	nan	nan
127013	-0.764	-0.616	1.364	-0.58	-1.23	0.77	0.009	-0.008	-0.033	0.004	0.000	0.004	0.0000	0.0000	0.0000	0.0000	0.0000	0.0000	0	1.00	0.2624	0.2264	-0.4830	1.421	0	nan	nan	nan	nan	nan	nan
127021	-0.760	-0.628	1.372	-0.74	-1.60	0.67	0.007	-0.009	-0.033	0.004	0.000	0.004	0.0000	0.0000	0.0000	0.0000	0.0000	0.0000	0	1.00	0.2624	0.2264	-0.4830	1.421	0	nan	nan	nan	nan	nan	nan
127029	-0.760	-0.638	1.382	-0.36	-1.28	0.81	-0.010	0.002	-0.026	0.004	0.000	0.004	0.0000	0.0000	0.0000	0.0000	0.0000	0.0000	0	1.00	0.2624	0.2264	-0.4830	1.421	0	nan	nan	nan	nan	nan	nan
127037	-0.762	-0.651	1.397	-0.63	-1.25	0.84	-0.007	0.007	-0.016	0.004	0.000	0.004	0.0000	0.0000	0.0000	0.0000	0.0000	0.0000	0	1.00	0.2624	0.2264	-0.4830	1.421	0	nan	nan	nan	nan	nan	nan
127045	-0.767	-0.659	1.409	-0.89	-0.44	0.71	-0.008	-0.006	0.002	0.004	0.000	0.004	0.0000	0.0000	0.0000	0.0000	0.0000	0.0000	0	1.00	0.2624	0.2264	-0.4830	1.421	0	nan	nan	nan	nan	nan	nan
127053	-0.770	-0.674	1.426	-0.79	-0.53	0.70	0.002	-0.006	0.012	0.004	0.000	0.004	0.0000	0.0000	0.0000	0.0000	0.0000	0.0000	0	1.00	0.2624	0.2264	-0.4830	1.421	0	nan	nan	nan	nan	nan	nan
127061	-0.767	-0.685	1.435	-0.59	-0.43	1.15	0.006	-0.013	0.025	0.004	0.000	0.004	0.0000	0.0000	0.0000	0.0000	0.0000	0.0000	0	1.00	0.2624	0.2264	-0.4830	1.421	0	nan	nan	nan	nan	nan	nan
127069	-0.773	-0.690	1.446	-0.89	-0.18	0.88	-0.016	-0.010	0.035	0.004	0.000	0.004	0.0000	0.0000	0.0000	0.0000	0.0000	0.0000	0	1.00	0.2624	0.2264	-0.4830	1.421	0	nan	nan	nan	nan	nan	nan
127078	-0.780	-0.692	1.454	-0.72	-0.29	1.03	0.009	-0.023	0.040	0.004	-0.000	0.004	0.0000	0.0000	0.0000	0.0000	0.0000	0.0000	0	1.00	0.2624	0.2264	-0.4830	1.421	0	nan	nan	nan	nan	nan	nan
127086	-0.786	-0.692	1.460	-1.26	-0.14	1.01	0.016	-0.014	0.036	0.004	-0.000	0.004	0.0000	0.0000	0.0000	0.0000	0.0000	0.0000	0	1.00	0.2624	0.2264	-0.4830	1.421	0	nan	nan	nan	nan	nan	nan
127094	-0.789	-0.696	1.467	-1.11	-0.02	1.04	0.016	0.019	0.016	0.004	0.000	0.004	0.0000	0.0000	0.0000	0.0000	0.0000	0.0000	0	1.00	0.2624	0.2264	-0.4830	1.421	0	nan	nan	nan	nan	nan	nan
127102	-0.799	-0.691	1.472	-1.11	0.33	1.13	0.010	0.004	0.008	0.004	0.000	0.004	0.0000	0.0000	0.0000	0.0000	0.0000	0.0000	0	1.00	0.2624	0.2264	-0.4830	1.421	0	nan	nan	nan	nan	nan	nan
127110	-0.806	-0.690	1.477	-1.16	0.55	1.27	0.025	0.023	0.008	0.004	0.000	0.004	0.0000	0.0000	0.0000	0.0000	0.0000	0.0000	0	1.00	0.2624	0.2264	-0.4830	1.421	0	nan	nan	nan	nan	nan	nan
127118	-0.816	-0.683	1.481	-1.06	0.70	1.76	0.012	0.006	-0.010	0.004	0.000	0.004	0.0000	0.0000	0.0000	0.0000	0.0000	0.0000	0	1.00	0.2624	0.2264	-0.4830	1.421	0	nan	nan	nan	nan	nan	nan
127126	-0.832	-0.677	1.491	-1.15	0.62	1.51	-0.000	0.010	-0.024	0.004	0.000	0.004	0.0000	0.0000	0.0000	0.0000	0.0000	0.0000	0	1.00	0.2624	0.2264	-0.4830	1.421	0	nan	nan	nan	nan	nan	nan
127135	-0.842	-0.678	1.502	-1.15	0.69	1.75	0.005	0.017	-0.034	0.004	0.000	0.004	0.0000	0.0000	0.0000	0.0000	0.0000	0.0000	0	1.00	0.2624	0.2264	-0.4830	1.421	0	nan	nan	nan	nan	nan	nan
127143	-0.852	-0.677	1.511	-0.82	0.63	1.26	-0.005	0.004	-0.036	0.004	0.000	0.004	0.0000	0.0000	0.0000	0.0000	0.0000	0.0000	0	1.00	0.2624	0.2264	-0.4830	1.421	0	nan	nan	nan	nan	nan	nan
127151	-0.863	-0.674	1.520	-0.94	0.30	1.19	0.003	-0.006	-0.020	0.004	0.000	0.004	0.0000	0.0000	0.0000	0.0000	0.0000	0.0000	0	1.00	0.2624	0.2264	-0.4830	1.421	0	nan	nan	nan	nan	nan	nan
127159	-0.874	-0.673	1.530	-0.95	0.19	0.99	-0.006	0.003	-0.028	0.004	0.000	0.004	0.0000	0.0000	0.0000	0.0000	0.0000	0.0000	0	1.00	0.2624	0.2264	-0.4830	1.421	0	nan	nan	nan	nan	nan	nan
127167	-0.887	-0.672	1.542	-0.94	-0.02	0.78	0.003	0.001	0.001	0.004	0.000	0.004	0.0000	0.0000	0.0000	0.0000	0.0000	0.0000	0	1.00	0.2624	0.2264	-0.4830	1.421	0	nan	nan	nan	nan	nan	nan
127175	-0.899	-0.669	1.551	-0.70	0.07	0.87	0.004	0.000	0.001	0.004	0.000	0.004	0.0000	0.0000	0.0000	0.0000	0.0000	0.0000	0	1.00	0.2624	0.2264	-0.4830	1.421	0	nan	nan	nan	nan	nan	nan
127183	-0.906	-0.670	1.559	-0.83	-0.18	0.71	-0.018	-0.008	0.028	0.004	0.000	0.004	0.0000	0.0000	0.0000	0.0000	0.0000	0.0000	0	1.00	0.2624	0.2264	-0.4830	1.421	0	nan	nan	nan	nan	nan	nan
127191	-0.910	-0.672	1.564	-0.71	-0.11	0.43	-0.010	0.010	0.029	0.004	0.000	0.004	0.0000	0.0000	0.0000	0.0000	0.0000	0.0000	0	1.00	0.2624	0.2264	-0.4830	1.421	0	nan	nan	nan	nan	nan	nan
127199	-0.917	-0.671	1.571	-0.73	-0.27	0.71	0.002	-0.011	0.045	0.004	0.000	0.004	0.0000	0.0000	0.0000	0.0000	0.0000	0.0000	0	1.00	0.2624	0.2264	-0.4830	1.421	0	nan	nan	nan	nan	nan	nan
127207	-0.924	-0.671	1.577	-0.62	-0.29	0.51	0.003	0.005	0.020	0.004	0.000	0.004	0.0000	0.0000	0.0000	0.0000	0.0000	0.0000	0	1.00	0.2624	0.2264	-0.4830	1.421	0	nan	nan	nan	nan	nan	nan
127215	-0.933	-0.665	1.581	-0.62	-0.08	0.73	0.010	0.010	0.030	0.004	0.000	0.004	0.0000	0.0000	0.0000	0.0000	0.0000	0.0000	0	1.00	0.2624	0.2264	-0.4830	1.421	0	nan	nan	nan	nan	nan	nan
127223	-0.936	-0.662	1.582	-0.95	-0.22	0.67	0.010	0.019	0.005	0.004	0.000	0.004	0.0000	0.0000	0.0000	0.0000	0.0000	0.0000	0	1.00	0.2624	0.2264	-0.4830	1.421	0	nan	nan	nan	nan	nan	nan
127231	-0.946	-0.658	1.587	-0.78	-0.07	0.56	0.015	0.009	0.002	0.004	0.000	0.004	0.0000	0.0000	0.0000	0.0000	0.0000	0.0000	0	1.00	0.2624	0.2264	-0.4830	1.421	0	nan	nan	nan	nan	nan	nan
127239	-0.949	-0.658	1.589	-0.38	-0.33	0.73	-0.001	0.017	-0.030	0.004	0.000	0.004	0.0000	0.0000	0.0000	0.0000	0.0000	0.0000	0	1.00	0.2624	0.2264	-0.4830	1.421	0	nan	nan	nan	nan	nan	nan
127248	-0.952	-0.658	1.593	-0.36	-0.48	0.75	0.002	0.007	-0.023	0.004	0.000	0.004	0.0000	0.0000	0.0000	0.0000	0.0000	0.0000	0	1.00	0.2624	0.2264	-0.4830	1.421	0	nan	nan	nan	nan	nan	nan
127256	-0.962	-0.654	1.599	-0.31	-0.26	0.80	0.007	0.001	-0.033	0.004	0.000	0.004	0.0000	0.0000	0.0000	0.0000	0.0000	0.0000	0	1.00	0.2624	0.2264	-0.4830	1.421	0	nan	nan	nan	nan	nan	nan
127264	-0.962	-0.651	1.595	-0.26	-0.28	0.77	-0.000	0.005	-0.037	0.004	0.000	0.004	0.0000	0.0000	0.0000	0.0000	0.0000	0.0000	0	1.00	0.2624	0.2264	-0.4830	1.421	0	nan	nan	nan	nan	nan	nan
127272	-0.967	-0.648	1.599	-0.45	-0.64	0.59	-0.022	-0.016	-0.011	0.004	0.000	0.004	0.0000	0.0000	0.0000	0.0000	0.0000	0.0000	0	1.00	0.2624	0.2264	-0.4830	1.421	0	nan	nan	nan	nan	nan	nan
127280	-0.972	-0.646	1.601	-0.03	-0.80	0.85	-0.015	-0.010	-0.015	0.004	0.000	0.004	0.0000	0.0000	0.0000	0.0000	0.0000	0.0000	0	1.00	0.2624	0.2264	-0.4830	1.421	0	nan	nan	nan	nan	nan	nan
127288	-0.970	-0.650	1.603	-0.53	-0.95	0.45	-0.021	-0.018	-0.006	0.004	0.000	0.004	0.0000	0.0000	0.0000	0.0000	0.0000	0.0000	0	1.00	0.2624	0.2264	-0.4830	1.421	0	nan	nan	nan	nan	nan	nan
127296	-0.974	-0.645	1.603	-0.59	-0.86	0.10	-0.020	-0.009	0.005	0.003	0.000	0.004	0.0000	0.0000	0.0000	0.0000	0.0000	0.0000	0	1.00	0.2624	0.2264	-0.4830	1.421	0	nan	nan	nan	nan	nan	nan
127305	-0.974	-0.648	1.605	-0.30	-0.93	0.30	-0.008	-0.016	0.005	0.003	0.000	0.004	0.0000	0.0000	0.0000	0.0000	0.0000	0.0000	0	1.00	0.2624	0.2264	-0.4830	1.421	0	nan	nan	nan	nan	nan	nan
127313	-0.971	-0.651	1.605	-0.17	-0.81	0.58	-0.004	0.003	0.013	0.003	0.000	0.004	0.0000	0.0000	0.0000	0.0000	0.0000	0.0000	0	1.00	0.2624	0.2264	-0.4830	1.421	0	nan	nan	nan	nan	nan	nan
127321	-0.973	-0.657	1.613	-0.42	-0.93	0.21	-0.003	0.017	0.018	0.003	0.000	0.004	0.0000	0.0000	0.0000	0.0000	0.0000	0.0000	0	1.00	0.2624	0.2264	-0.4830	1.421	0	nan	nan	nan	nan	nan	nan
127329	-0.971	-0.669	1.622	-0.31	-1.08	0.57	-0.002	0.009	0.011	0.003	0.000	0.004	0.0000	0.0000	0.0000	0.0000	0.0000	0.0000	0	1.00	0.2624	0.2264	-0.4830	1.421	0	nan	nan	nan	nan	nan	nan
127337	-0.970	-0.678	1.631	-0.55	-1.69	1.00	0.006	0.016	0.013	0.003	0.000	0.004	0.0000	0.0000	0.0000	0.0000	0.0000	0.0000	0	1.00	0.2624	0.2264	-0.4830	1.421	0	nan	nan	nan	nan	nan	nan
127345	-0.960	-0.689	1.631	-0.59	-1.45	0.37	0.019	0.006	0.001	0.003	0.000	0.004	0.0000	0.0000	0.0000	0.0000	0.0000	0.0000	0	1.00	0.2624	0.2264	-0.4830	1.421	0	nan	nan	nan	nan	nan	nan
127353	-0.957	-0.694	1.633	-0.57	-1.44	0.56	0.016	0.015	0.008	0.003	0.000	0.004	0.0000	0.0000	0.0000	0.0000	0.0000	0.0000	0	1.00	0.2624	0.2264	-0.4830	1.421	0	nan	nan	nan	nan	nan	nan
127361	-0.957	-0.702	1.641	-0.61	-1.39	0.87	0.015	0.010	-0.011	0.003	0.000	0.004	0.0000	0.0000	0.0000	0.0000	0.0000	0.0000	0	1.00	0.2624	0.2264	-0.4830	1.421	0	nan	nan	nan	nan	nan	nan
127369	-0.959	-0.714	1.655	-0.69	-1.46	1.23	0.023	-0.007	-0.012	0.004	0.000	0.004	0.0000	0.0000	0.0000	0.0000	0.0000	0.0000	0	1.00	0.2624	0.2264	-0.4830	1.421	0	nan	nan	nan	nan	nan	nan
127377	-0.963	-0.722	1.666	-0.40	-1.09	0.99	0.001	-0.018	-0.030	0.004	0.000	0.004	0.0000	0.0000	0.0000	0.0000	0.0000	0.0000	0	1.00	0.2624	0.2264	-0.4830	1.421	0	nan	nan	nan	nan	nan	nan
127385	-0.963	-0.731	1.675	-0.47	-1.12	0.88	-0.020	-0.021	-0.029	0.003	0.000	0.004	0.0000	0.0000	0.0000	0.0000	0.0000	0.0000	0	1.00	0.2624	0.2264	-0.4830	1.421	0	nan	nan	nan	nan	nan	nan
127393	-0.960	-0.741	1.683	-0.73	-0.72	0.85	-0.019	-0.027	-0.004	0.003	0.000	0.004	0.0000	0.0000	0.0000	0.0000	0.0000	0.0000	0	1.00	0.2624	0.2264	-0.4830	1.421	0	nan	nan	nan	nan	nan	nan
127401	-0.965	-0.746	1.691	-0.46	-0.72	1.10	-0.014	-0.013	0.000	0.003	0.000	0.004	0.0000	0.0000	0.0000	0.0000	0.0000	0.0000	0	1.00	0.2624	0.2264	-0.4830	1.421	0	nan	nan	nan	nan	nan	nan
127410	-0.967	-0.755	1.703	-0.89	-1.06	1.02	-0.005	-0.024	0.004	0.003	0.000	0.004	0.0000	0.0000	0.0000	0.0000	0.0000	0.0000	0	1.00	0.2624	0.2264	-0.4830	1.421	0	nan	nan	nan	nan	nan	nan
127418	-0.968	-0.762	1.710	-0.79	-0.85	0.72	0.000	-0.003	0.008	0.003	0.000	0.004	0.0000	0.0000	0.0000	0.0000	0.0000	0.0000	0	1.00	0.2624	0.2264	-0.4830	1.421	0	nan	nan	nan	nan	nan	nan
127426	-0.967	-0.769	1.716	-0.97	-0.53	0.78	0.001	0.018	0.016	0.003	0.000	0.004	0.0000	0.0000	0.0000	0.0000	0.0000	0.0000	0	1.00	0.2624	0.2264	-0.4830	1.421	0	nan	nan	nan	nan	nan	nan
127434	-0.973	-0.773	1.726	-0.64	-0.69	1.14	0.003	0.023	0.019	0.003	0.000	0.004	0.0000	0.0000	0.0000	0.0000	0.0000	0.0000	0	1.00	0.2624	0.2264	-0.4830	1.421	0	nan	nan	nan	nan	nan	nan
127442	-0.977	-0.786	1.742	-0.81	-0.62	1.03	0.031	0.019	0.002	0.003	0.000	0.004	0.0000	0.0000	0.0000	0.0000	0.0000	0.0000	0	1.00	0.2624	0.2264	-0.4830	1.421	0	nan	nan	nan	nan	nan	nan
127450	-0.985	-0.790	1.755	-0.57	-0.92	1.51	0.034	0.032	0.007	0.003	0.000	0.004	0.0000	0.0000	0.0000	0.0000	0.0000	0.0000	0	1.00	0.2624	0.2264	-0.4830	1.421	0	nan	nan	nan	nan	nan	nan
127458	-0.988	-0.795	1.762	-0.95	-0.81	0.94	0.022	0.016	0.010	0.003	0.000	0.004	0.0000	0.0000	0.0000	0.0000	0.0000	0.0000	0	1.00	0.2624	0.2264	-0.4830	1.421	0	nan	nan	nan	nan	nan	nan
127466	-0.990	-0.801	1.770	-1.27	-0.55	1.10	0.006	0.006	0.001	0.003	0.000	0.004	0.0000	0.0000	0.0000	0.0000	0.0000	0.0000	0	1.00	0.2624	0.2264	-0.4830	1.421	0	nan	nan	nan	nan	nan	nan
127475	-0.997	-0.808	1.784	-0.82	-0.69	0.79	0.005	-0.015	-0.010	0.003	0.000	0.004	0.0000	0.0000	0.0000	0.0000	0.0000	0.0000	0	1.00	0.2624	0.2264	-0.4830	1.421	0	nan	nan	nan	nan	nan	nan
127483	-1.003	-0.810	1.792	-0.86	-0.77	1.23	-0.013	-0.005	-0.016	0.003	0.000	0.004	0.0000	0.0000	0.0000	0.0000	0.0000	0.0000	0	1.00	0.2624	0.2264	-0.4830	1.421	0	nan	nan	nan	nan	nan	nan
127491	-1.010	-0.807	1.796	-0.72	-0.46	1.20	-0.041	-0.024	-0.021	0.003	0.000	0.004	0.0000	0.0000	0.0000	0.0000	0.0000	0.0000	0	1.00	0.2624	0.2264	-0.4830	1.421	0	nan	nan	nan	nan	nan	nan
127499	-1.013	-0.807	1.799	-0.59	-0.04	1.18	-0.031	-0.037	-0.021	0.003	0.000	0.004	0.0000	0.0000	0.0000	0.0000	0.0000	0.0000	0	1.00	0.2624	0.2264	-0.4830	1.421	0	nan	nan	nan	nan	nan	nan
127507	-1.018	-0.808	1.805	-0.02	-0.06	1.16	-0.030	-0.024	-0.016	0.003	-0.000	0.004	0.0000	0.0000	0.0000	0.0000	0.0000	0.0000	0	1.00	0.2624	0.2264	-0.4830	1.421	0	nan	nan	nan	nan	nan	nan
127515	-1.029	-0.812	1.820	-0.17	0.14	1.11	-0.027	-0.019	-0.007	0.003	-0.000	0.004	0.0000	0.0000	0.0000	0.0000	0.0000	0.0000	0	1.00	0.2624	0.2264	-0.4830	1.421	0	nan	nan	nan	nan	nan	nan
127523	-1.038	-0.813	1.830	-0.28	0.05	0.67	0.000	0.008	-0.002	0.003	-0.000	0.004	0.0000	0.0000	0.0000	0.0000	0.0000	0.0000	0	1.00	0.2624	0.2264	-0.4830	1.421	0	nan	nan	nan	nan	nan	nan
127531	-1.044	-0.818	1.841	-0.10	0.14	0.51	0.027	0.007	0.019	0.003	-0.000	0.004	0.0000	0.0000	0.0000	0.0000	0.0000	0.0000	0	1.00	0.2624	0.2264	-0.4830	1.421	0	nan	nan	nan	nan	nan	nan
127539	-1.051	-0.823	1.853	0.09	0.06	0.51	0.043	0.010	0.020	0.003	-0.000	0.004	0.0000	0.0000	0.0000	0.0000	0.0000	0.0000	0	1.00	0.2624	0.2264	-0.4830	1.421	0	nan	nan	nan	nan	nan	nan
127547	-1.057	-0.826	1.862	0.44	0.21	0.32	0.046	0.014	0.020	0.003	0.000	0.004	0.0000	0.0000	0.0000	0.0000	0.0000	0.0000	0	1.00	0.2624	0.2264	-0.4830	1.421	0	nan	nan	nan	nan	nan	nan
127555	-1.061	-0.829	1.869	0.26	0.17	0.02	0.051	0.004	0.026	0.003	0.000	0.004	0.0000	0.0000	0.0000	0.0000	0.0000	0.0000	0	1.00	0.2624	0.2264	-0.4830	1.421	0	nan	nan	nan	nan	nan	nan
127564	-1.074	-0.827	1.880	0.51	-0.00	-0.06	0.030	0.010	0.031	0.003	0.000	0.004	0.0000	0.0000	0.0000	0.0000	0.0000	0.0000	0	1.00	0.2624	0.2264	-0.4830	1.421	0	nan	nan	nan	nan	nan	nan
127572	-1.082	-0.830	1.890	0.22	-0.11	-0.09	0.020	-0.006	0.012	0.004	0.000	0.004	0.0000	0.0000	0.0000	0.0000	0.0000	0.0000	0	1.00	0.2624	0.2264	-0.4830	1.421	0	nan	nan	nan	nan	nan	nan
127580	-1.081	-0.828	1.888	0.62	-0.24	-0.04	-0.001	0.003	0.004	0.004	0.000	0.004	0.0000	0.0000	0.0000	0.0000	0.0000	0.0000	0	1.00	0.2624	0.2264	-0.4830	1.421	0	nan	nan	nan	nan	nan	nan
127588	-1.080	-0.826	1.885	0.32	-0.16	-0.14	-0.026	0.011	-0.025	0.003	0.000	0.004	0.0000	0.0000	0.0000	0.0000	0.0000	0.0000	0	1.00	0.2624	0.2264	-0.4830	1.421	0	nan	nan	nan	nan	nan	nan
127596	-1.070	-0.825	1.874	0.66	-0.40	-0.55	-0.028	0.009	-0.012	0.003	0.000	0.004	0.0000	0.0000	0.0000	0.0000	0.0000	0.0000	0	1.00	0.2624	0.2264	-0.4830	1.421	0	nan	nan	nan	nan	nan	nan
127604	-1.065	-0.826	1.870	0.98	-0.37	-0.69	-0.048	-0.006	-0.014	0.003	0.000	0.004	0.0000	0.0000	0.0000	0.0000	0.0000	0.0000	0	1.00	0.2624	0.2264	-0.4830	1.421	0	nan	nan	nan	nan	nan	nan
127613	-1.055	-0.831	1.865	1.13	-0.62	-0.59	-0.044	-0.005	-0.021	0.003	0.000	0.004	0.0000	0.0000	0.0000	0.0000	0.0000	0.0000	0	1.00	0.2624	0.2264	-0.4830	1.421	0	nan	nan	nan	nan	nan	nan
127621	-1.045	-0.833	1.857	0.96	-0.42	-0.83	-0.046	-0.002	-0.023	0.003	0.000	0.004	0.0000	0.0000	0.0000	0.0000	0.0000	0.0000	0	1.00	0.2624	0.2264	-0.4830	1.421	0	nan	nan	nan	nan	nan	nan
127629	-1.028	-0.843	1.849	0.91	-0.27	-0.94	-0.056	-0.006	-0.013	0.003	0.000	0.004	0.0000	0.0000	0.0000	0.0000	0.0000	0.0000	0	1.00	0.2624	0.2264	-0.4830	1.421	0	nan	nan	nan	nan	nan	nan
127637	-1.013	-0.854	1.844	1.05	-0.24	-0.99	-0.023	-0.015	-0.011	0.003	0.000	0.004	0.0000	0.0000	0.0000	0.0000	0.0000	0.0000	0	1.00	0.2624	0.2264	-0.4830	1.421	0	nan	nan	nan	nan	nan	nan
127645	-1.002	-0.859	1.839	0.79	0.14	-0.70	-0.004	-0.014	-0.002	0.003	0.000	0.004	0.0000	0.0000	0.0000	0.0000	0.0000	0.0000	0	1.00	0.2624	0.2264	-0.4830	1.421	0	nan	nan	nan	nan	nan	nan
127653	-0.990	-0.860	1.827	0.75	0.80	-0.99	0.019	0.005	-0.006	0.003	0.000	0.004	0.0000	0.0000	0.0000	0.0000	0.0000	0.0000	0	1.00	0.2624	0.2264	-0.4830	1.421	0	nan	nan	nan	nan	nan	nan
127661	-0.984	-0.861	1.823	0.43	0.79	-0.57	0.043	-0.008	0.014	0.003	-0.000	0.004	0.0000	0.0000	0.0000	0.0000	0.0000	0.0000	0	1.00	0.2624	0.2264	-0.4830	1.421	0	nan	nan	nan	nan	nan	nan
127669	-0.976	-0.860	1.813	-0.06	1.08	-0.36	0.043	0.003	0.004	0.003	-0.000	0.004	0.0000	0.0000	0.0000	0.0000	0.0000	0.0000	0	1.00	0.2624	0.2264	-0.4830	1.421	0	nan	nan	nan	nan	nan	nan
127678	-0.968	-0.860	1.806	-0.02	1.44	-0.34	0.048	-0.012	0.021	0.003	-0.000	0.004	0.0000	0.0000	0.0000	0.0000	0.0000	0.0000	0	1.00	0.2624	0.2264	-0.4830	1.421	0	nan	nan	nan	nan	nan	nan
127686	-0.972	-0.848	1.798	-0.15	1.48	-0.04	0.012	-0.027	0.020	0.003	-0.000	0.004	0.0000	0.0000	0.0000	0.0000	0.0000	0.0000	0	1.00	0.2624	0.2264	-0.4830	1.421	0	nan	nan	nan	nan	nan	nan
127694	-0.976	-0.844	1.798	-0.32	2.12	0.33	-0.001	-0.019	0.027	0.003	-0.000	0.004	0.0000	0.0000	0.0000	0.0000	0.0000	0.0000	0	1.00	0.2624	0.2264	-0.4830	1.421	0	nan	nan	nan	nan	nan	nan
127702	-0.981	-0.839	1.798	-0.19	2.32	0.53	-0.031	-0.010	0.013	0.003	-0.000	0.004	0.0000	0.0000	0.0000	0.0000	0.0000	0.0000	0	1.00	0.2624	0.2264	-0.4830	1.421	0	nan	nan	nan	nan	nan	nan
127710	-0.992	-0.829	1.799	-0.15	2.60	0.64	-0.030	-0.006	0.018	0.003	-0.000	0.004	0.0000	0.0000	0.0000	0.0000	0.0000	0.0000	0	1.00	0.2624	0.2264	-0.4830	1.421	0	nan	nan	nan	nan	nan	nan
127719	-1.002	-0.815	1.796	-0.08	2.68	0.38	-0.034	-0.002	0.002	0.003	-0.000	0.004	0.0000	0.0000	0.0000	0.0000	0.0000	0.0000	0	1.00	0.2624	0.2264	-0.4830	1.421	0	nan	nan	nan	nan	nan	nan
127727	-1.009	-0.800	1.788	0.02	2.98	-0.01	-0.033	0.018	-0.003	0.003	-0.000	0.004	0.0000	0.0000	0.0000	0.0000	0.0000	0.0000	0	1.00	0.2624	0.2264	-0.4830	1.421	0	nan	nan	nan	nan	nan	nan
127735	-1.021	-0.789	1.790	-0.30	2.90	-0.26	-0.028	0.016	-0.002	0.003	-0.000	0.004	0.0000	0.0000	0.0000	0.0000	0.0000	0.0000	0	1.00	0.2624	0.2264	-0.4830	1.421	0	nan	nan	nan	nan	nan	nan
127743	-1.035	-0.769	1.783	0.66	3.24	-0.18	-0.016	0.013	-0.011	0.003	-0.000	0.004	0.0000	0.0000	0.0000	0.0000	0.0000	0.0000	0	1.00	0.2624	0.2264	-0.4830	1.421	0	nan	nan	nan	nan	nan	nan
127751	-1.047	-0.748	1.776	0.55	3.15	-0.61	-0.000	0.004	-0.018	0.003	-0.000	0.004	0.0000	0.0000	0.0000	0.0000	0.0000	0.0000	0	1.00	0.2624	0.2264	-0.4830	1.421	0	nan	nan	nan	nan	nan	nan
127759	-1.055	-0.730	1.766	0.93	3.45	-1.18	0.029	0.021	-0.023	0.003	-0.000	0.004	0.0000	0.0000	0.0000	0.0000	0.0000	0.0000	0	1.00	0.2624	0.2264	-0.4830	1.421	0	nan	nan	nan	nan	nan	nan
127768	-1.062	-0.714	1.758	0.82	3.47	-1.42	0.022	-0.010	-0.019	0.003	-0.000	0.004	0.0000	0.0000	0.0000	0.0000	0.0000	0.0000	0	1.00	0.2624	0.2264	-0.4830	1.421	0	nan	nan	nan	nan	nan	nan
127776	-1.068	-0.699	1.749	1.44	3.31	-1.66	0.033	-0.017	-0.009	0.003	-0.000	0.004	0.0000	0.0000	0.0000	0.0000	0.0000	0.0000	0	1.00	0.2624	0.2264	-0.4830	1.421	0	nan	nan	nan	nan	nan	nan
127784	-1.079	-0.675	1.737	1.16	3.31	-1.92	0.046	-0.027	-0.009	0.003	-0.000	0.004	0.0000	0.0000	0.0000	0.0000	0.0000	0.0000	0	1.00	0.2624	0.2264	-0.4830	1.421	0	nan	nan	nan	nan	nan	nan
127792	-1.082	-0.652	1.718	1.11	3.44	-2.31	0.044	-0.010	0.006	0.003	-0.000	0.004	0.0000	0.0000	0.0000	0.0000	0.0000	0.0000	0	1.00	0.2624	0.2264	-0.4830	1.421	0	nan	nan	nan	nan	nan	nan
127800	-1.080	-0.633	1.696	1.29	3.29	-2.97	0.024	-0.021	0.016	0.003	-0.000	0.004	0.0000	0.0000	0.0000	0.0000	0.0000	0.0000	0	1.00	0.2624	0.2264	-0.4830	1.421	0	nan	nan	nan	nan	nan	nan
127808	-1.080	-0.610	1.674	1.83	3.51	-2.57	-0.007	0.002	0.016	0.003	-0.000	0.004	0.0000	0.0000	0.0000	0.0000	0.0000	0.0000	0	1.00	0.2624	0.2264	-0.4830	1.421	0	nan	nan	nan	nan	nan	nan
127816	-1.075	-0.589	1.648	1.63	3.61	-2.47	-0.022	0.004	0.010	0.003	-0.000	0.004	0.0000	0.0000	0.0000	0.0000	0.0000	0.0000	0	1.00	0.2624	0.2264	-0.4830	1.421	0	nan	nan	nan	nan	nan	nan
127824	-1.073	-0.565	1.624	1.38	3.97	-2.89	-0.031	0.002	0.005	0.003	-0.000	0.004	0.0000	0.0000	0.0000	0.0000	0.0000	0.0000	0	1.00	0.2624	0.2264	-0.4830	1.421	0	nan	nan	nan	nan	nan	nan
127832	-1.066	-0.540	1.593	2.09	3.83	-2.52	-0.034	0.013	-0.008	0.003	-0.000	0.004	0.0000	0.0000	0.0000	0.0000	0.0000	0.0000	0	1.00	0.2624	0.2264	-0.4830	1.421	0	nan	nan	nan	nan	nan	nan
127840	-1.058	-0.517	1.562	2.21	3.94	-2.84	-0.030	0.036	-0.021	0.003	-0.000	0.004	0.0000	0.0000	0.0000	0.0000	0.0000	0.0000	0	1.00	0.2624	0.2264	-0.4830	1.421	0	nan	nan	nan	nan	nan	nan
127848	-1.049	-0.491	1.527	2.17	3.66	-3.38	-0.020	0.022	-0.008	0.003	0.000	0.004	0.0000	0.0000	0.0000	0.0000	0.0000	0.0000	0	1.00	0.2624	0.2264	-0.4830	1.421	0	nan	nan	nan	nan	nan	nan
127856	-1.038	-0.463	1.489	2.43	3.80	-3.15	-0.010	0.018	-0.009	0.003	0.000	0.004	0.0000	0.0000	0.0000	0.0000	0.0000	0.0000	0	1.00	0.2624	0.2264	-0.4830	1.421	0	nan	nan	nan	nan	nan	nan
127864	-1.026	-0.438	1.453	2.03	3.56	-3.56	0.010	0.005	0.001	0.003	0.000	0.004	0.0000	0.0000	0.0000	0.0000	0.0000	0.0000	0	1.00	0.2624	0.2264	-0.4830	1.421	0	nan	nan	nan	nan	nan	nan
127873	-1.020	-0.409	1.419	2.27	3.70	-3.52	0.020	0.010	0.019	0.003	0.000	0.004	0.0000	0.0000	0.0000	0.0000	0.0000	0.0000	0	1.00	0.2624	0.2264	-0.4830	1.421	0	nan	nan	nan	nan	nan	nan
127881	-1.006	-0.383	1.379	2.39	3.59	-3.63	0.018	0.000	0.010	0.003	0.000	0.004	0.0000	0.0000	0.0000	0.0000	0.0000	0.0000	0	1.00	0.2624	0.2264	-0.4830	1.421	0	nan	nan	nan	nan	nan	nan
127889	-0.991	-0.361	1.343	2.61	3.87	-3.60	0.025	-0.027	0.011	0.003	0.000	0.004	0.0000	0.0000	0.0000	0.0000	0.0000	0.0000	0	1.00	0.2624	0.2264	-0.4830	1.421	0	nan	nan	nan	nan	nan	nan
127897	-0.973	-0.334	1.299	2.46	3.77	-3.36	0.017	-0.025	0.000	0.003	0.000	0.004	0.0000	0.0000	0.0000	0.0000	0.0000	0.0000	0	1.00	0.2624	0.2264	-0.4830	1.421	0	nan	nan	nan	nan	nan	nan
127905	-0.957	-0.304	1.253	2.46	3.69	-3.27	0.022	-0.008	0.003	0.003	0.000	0.004	0.0000	0.0000	0.0000	0.0000	0.0000	0.0000	0	1.00	0.2624	0.2264	-0.4830	1.421	0	nan	nan	nan	nan	nan	nan
127913	-0.944	-0.278	1.214	2.25	3.39	-3.40	0.008	0.000	0.009	0.003	0.000	0.004	0.0000	0.0000	0.0000	0.0000	0.0000	0.0000	0	1.00	0.2624	0.2264	-0.4830	1.421	0	nan	nan	nan	nan	nan	nan
127921	-0.928	-0.254	1.176	2.56	3.21	-2.89	0.006	0.004	-0.012	0.003	0.000	0.004	0.0000	0.0000	0.0000	0.0000	0.0000	0.0000	0	1.00	0.2624	0.2264	-0.4830	1.421	0	nan	nan	nan	nan	nan	nan
127929	-0.914	-0.228	1.136	1.90	2.93	-2.91	-0.004	0.009	-0.017	0.003	0.000	0.004	0.0000	0.0000	0.0000	0.0000	0.0000	0.0000	0	1.00	0.2624	0.2264	-0.4830	1.421	0	nan	nan	nan	nan	nan	nan
127937	-0.896	-0.206	1.097	2.12	2.63	-2.61	0.005	0.036	-0.035	0.003	0.000	0.004	0.0000	0.0000	0.0000	0.0000	0.0000	0.0000	0	1.00	0.2624	0.2264	-0.4830	1.421	0	nan	nan	nan	nan	nan	nan
127945	-0.882	-0.182	1.059	2.29	2.56	-2.51	-0.007	0.023	-0.030	0.003	0.000	0.004	0.0000	0.0000	0.0000	0.0000	0.0000	0.0000	0	1.00	0.2624	0.2264	-0.4830	1.421	0	nan	nan	nan	nan	nan	nan
127953	-0.868	-0.165	1.028	1.85	2.18	-2.11	-0.000	0.035	-0.021	0.003	0.000	0.004	0.0000	0.0000	0.0000	0.0000	0.0000	0.0000	0	1.00	0.2624	0.2264	-0.4830	1.421	0	nan	nan	nan	nan	nan	nan
127961	-0.852	-0.153	1.002	1.71	1.83	-2.04	-0.017	0.024	-0.011	0.003	0.000	0.004	0.0000	0.0000	0.0000	0.0000	0.0000	0.0000	0	1.00	0.2624	0.2264	-0.4830	1.421	0	nan	nan	nan	nan	nan	nan
127970	-0.838	-0.140	0.974	1.33	1.79	-1.72	-0.019	0.016	0.005	0.003	0.000	0.004	0.0000	0.0000	0.0000	0.0000	0.0000	0.0000	0	1.00	0.2624	0.2264	-0.4830	1.421	0	nan	nan	nan	nan	nan	nan
127978	-0.825	-0.125	0.947	1.17	1.67	-1.76	-0.022	-0.004	0.007	0.003	0.000	0.004	0.0000	0.0000	0.0000	0.0000	0.0000	0.0000	0	1.00	0.2624	0.2264	-0.4830	1.421	0	nan	nan	nan	nan	nan	nan
127986	-0.809	-0.114	0.920	0.56	1.49	-1.60	0.001	-0.030	0.015	0.003	0.000	0.004	0.0000	0.0000	0.0000	0.0000	0.0000	0.0000	0	1.00	0.2624	0.2264	-0.4830	1.421	0	nan	nan	nan	nan	nan	nan
127994	-0.794	-0.108	0.899	0.59	1.28	-1.64	0.005	-0.046	0.020	0.003	0.000	0.004	0.0000	0.0000	0.0000	0.0000	0.0000	0.0000	0	1.00	0.2624	0.2264	-0.4830	1.421	0	nan	nan	nan	nan	nan	nan
128002	-0.784	-0.096	0.877	0.71	1.39	-0.92	0.013	-0.046	0.011	0.003	0.000	0.004	0.0000	0.0000	0.0000	0.0000	0.0000	0.0000	0	1.00	0.2624	0.2264	-0.4830	1.421	0	nan	nan	nan	nan	nan	nan
128011	-0.769	-0.091	0.858	0.64	1.28	-0.52	0.014	-0.041	0.020	0.003	-0.000	0.004	0.0000	0.0000	0.0000	0.0000	0.0000	0.0000	0	1.00	0.2624	0.2264	-0.4830	1.421	0	nan	nan	nan	nan	nan	nan
128019	-0.764	-0.086	0.847	0.45	1.23	-0.39	0.005	-0.038	0.000	0.003	-0.000	0.004	0.0000	0.0000	0.0000	0.0000	0.0000	0.0000	0	1.00	0.2624	0.2264	-0.4830	1.421	0	nan	nan	nan	nan	nan	nan
128027	-0.758	-0.079	0.835	0.36	1.09	0.16	0.012	-0.027	-0.014	0.003	-0.000	0.004	0.0000	0.0000	0.0000	0.0000	0.0000	0.0000	0	1.00	0.2624	0.2264	-0.4830	1.421	0	nan	nan	nan	nan	nan	nan
128035	-0.758	-0.074	0.830	0.15	0.78	0.36	-0.001	0.014	-0.022	0.003	-0.000	0.004	0.0000	0.0000	0.0000	0.0000	0.0000	0.0000	0	1.00	0.2624	0.2264	-0.4830	1.421	0	nan	nan	nan	nan	nan	nan
128043	-0.767	-0.067	0.831	-0.12	0.76	0.43	-0.016	0.015	-0.022	0.003	-0.000	0.004	0.0000	0.0000	0.0000	0.0000	0.0000	0.0000	0	1.00	0.2624	0.2264	-0.4830	1.421	0	nan	nan	nan	nan	nan	nan
128051	-0.775	-0.056	0.830	-0.32	0.82	0.57	-0.003	0.004	-0.008	0.003	-0.000	0.004	0.0000	0.0000	0.0000	0.0000	0.0000	0.0000	0	1.00	0.2624	0.2264	-0.4830	1.421	0	nan	nan	nan	nan	nan	nan
128059	-0.781	-0.049	0.828	-0.24	0.68	0.86	-0.007	0.027	0.000	0.003	-0.000	0.004	0.0000	0.0000	0.0000	0.0000	0.0000	0.0000	0	1.00	0.2624	0.2264	-0.4830	1.421	0	nan	nan	nan	nan	nan	nan
128067	-0.785	-0.047	0.831	-0.80	0.34	0.69	-0.013	0.037	0.012	0.003	0.000	0.004	0.0000	0.0000	0.0000	0.0000	0.0000	0.0000	0	1.00	0.2624	0.2264	-0.4830	1.421	0	nan	nan	nan	nan	nan	nan
128076	-0.793	-0.043	0.835	-0.43	0.80	0.81	-0.007	0.031	0.010	0.003	0.000	0.004	0.0000	0.0000	0.0000	0.0000	0.0000	0.0000	0	1.00	0.2624	0.2264	-0.4830	1.421	0	nan	nan	nan	nan	nan	nan
128084	-0.805	-0.043	0.847	-0.30	0.72	0.56	0.005	0.006	0.019	0.003	0.000	0.004	0.0000	0.0000	0.0000	0.0000	0.0000	0.0000	0	1.00	0.2624	0.2264	-0.4830	1.421	0	nan	nan	nan	nan	nan	nan
128092	-0.810	-0.046	0.854	-0.42	0.59	0.60	0.000	-0.016	0.023	0.003	0.000	0.004	0.0000	0.0000	0.0000	0.0000	0.0000	0.0000	0	1.00	0.2624	0.2264	-0.4830	1.421	0	nan	nan	nan	nan	nan	nan
128100	-0.816	-0.050	0.865	-0.44	0.49	0.50	0.021	-0.023	0.028	0.003	0.000	0.004	0.0000	0.0000	0.0000	0.0000	0.0000	0.0000	0	1.00	0.2624	0.2264	-0.4830	1.421	0	nan	nan	nan	nan	nan	nan
128108	-0.816	-0.055	0.870	0.29	0.76	0.35	0.008	-0.032	0.026	0.003	0.000	0.004	0.0000	0.0000	0.0000	0.0000	0.0000	0.0000	0	1.00	0.2624	0.2264	-0.4830	1.421	0	nan	nan	nan	nan	nan	nan
128116	-0.824	-0.057	0.879	-0.16	0.66	0.16	0.004	-0.036	0.020	0.003	-0.000	0.004	0.0000	0.0000	0.0000	0.0000	0.0000	0.0000	0	1.00	0.2624	0.2264	-0.4830	1.421	0	nan	nan	nan	nan	nan	nan
128124	-0.831	-0.052	0.882	0.05	0.84	-0.35	0.010	-0.037	0.004	0.003	-0.000	0.004	0.0000	0.0000	0.0000	0.0000	0.0000	0.0000	0	1.00	0.2624	0.2264	-0.4830	1.421	0	nan	nan	nan	nan	nan	nan
128132	-0.832	-0.054	0.885	0.10	0.64	-0.20	0.007	-0.012	0.013	0.003	-0.000	0.004	0.0000	0.0000	0.0000	0.0000	0.0000	0.0000	0	1.00	0.2624	0.2264	-0.4830	1.421	0	nan	nan	nan	nan	nan	nan
128140	-0.841	-0.050	0.890	0.46	0.87	-0.15	0.003	-0.005	-0.007	0.003	-0.000	0.004	0.0000	0.0000	0.0000	0.0000	0.0000	0.0000	0	1.00	0.2624	0.2264	-0.4830	1.421	0	nan	nan	nan	nan	nan	nan
128148	-0.843	-0.048	0.890	0.15	1.05	-0.65	0.001	0.030	-0.006	0.003	-0.000	0.004	0.0000	0.0000	0.0000	0.0000	0.0000	0.0000	0	1.00	0.2624	0.2264	-0.4830	1.421	0	nan	nan	nan	nan	nan	nan
128157	-0.847	-0.043	0.890	0.52	1.01	-0.77	-0.001	0.024	-0.015	0.003	-0.000	0.004	0.0000	0.0000	0.0000	0.0000	0.0000	0.0000	0	1.00	0.2624	0.2264	-0.4830	1.421	0	nan	nan	nan	nan	nan	nan
128165	-0.849	-0.040	0.888	0.41	1.25	-0.79	0.013	0.029	-0.030	0.003	0.000	0.004	0.0000	0.0000	0.0000	0.0000	0.0000	0.0000	0	1.00	0.2624	0.2264	-0.4830	1.421	0	nan	nan	nan	nan	nan	nan
128173	-0.853	-0.034	0.886	0.65	1.30	-0.66	-0.006	0.009	-0.042	0.003	0.000	0.004	0.0000	0.0000	0.0000	0.0000	0.0000	0.0000	0	1.00	0.2624	0.2264	-0.4830	1.421	0	nan	nan	nan	nan	nan	nan
128181	-0.851	-0.031	0.882	0.75	1.34	-0.79	-0.010	0.022	-0.019	0.003	0.000	0.004	0.0000	0.0000	0.0000	0.0000	0.0000	0.0000	0	1.00	0.2624	0.2264	-0.4830	1.421	0	nan	nan	nan	nan	nan	nan
128189	-0.846	-0.027	0.872	0.66	1.50	-0.98	-0.008	-0.021	-0.016	0.003	0.000	0.004	0.0000	0.0000	0.0000	0.0000	0.0000	0.0000	0	1.00	0.2624	0.2264	-0.4830	1.421	0	nan	nan	nan	nan	nan	nan
128197	-0.846	-0.017	0.863	1.16	1.75	-0.98	-0.007	-0.019	-0.006	0.003	0.000	0.004	0.0000	0.0000	0.0000	0.0000	0.0000	0.0000	0	1.00	0.2624	0.2264	-0.4830	1.421	0	nan	nan	nan	nan	nan	nan
128205	-0.842	-0.009	0.851	0.87	1.99	-1.35	-0.020	-0.022	0.017	0.003	-0.000	0.004	0.0000	0.0000	0.0000	0.0000	0.0000	0.0000	0	1.00	0.2624	0.2264	-0.4830	1.421	0	nan	nan	nan	nan	nan	nan
128213	-0.841	0.001	0.840	1.06	2.02	-1.15	-0.014	-0.011	0.035	0.003	-0.000	0.004	0.0000	0.0000	0.0000	0.0000	0.0000	0.0000	0	1.00	0.2624	0.2264	-0.4830	1.421	0	nan	nan	nan	nan	nan	nan
128222	-0.836	0.009	0.827	1.12	1.77	-1.39	-0.005	-0.019	0.043	0.003	-0.000	0.004	0.0000	0.0000	0.0000	0.0000	0.0000	0.0000	0	1.00	0.2624	0.2264	-0.4830	1.421	0	nan	nan	nan	nan	nan	nan
128230	-0.830	0.017	0.814	0.65	2.36	-1.41	-0.010	-0.015	0.032	0.003	-0.000	0.004	0.0000	0.0000	0.0000	0.0000	0.0000	0.0000	0	1.00	0.2624	0.2264	-0.4830	1.421	0	nan	nan	nan	nan	nan	nan
128238	-0.829	0.027	0.803	0.80	1.85	-1.05	-0.004	0.010	0.051	0.003	-0.000	0.004	0.0000	0.0000	0.0000	0.0000	0.0000	0.0000	0	1.00	0.2624	0.2264	-0.4830	1.421	0	nan	nan	nan	nan	nan	nan
128246	-0.825	0.038	0.788	1.14	2.08	-1.51	0.014	0.019	0.014	0.003	-0.000	0.004	0.0000	0.0000	0.0000	0.0000	0.0000	0.0000	0	1.00	0.2624	0.2264	-0.4830	1.421	0	nan	nan	nan	nan	nan	nan
128254	-0.824	0.051	0.774	0.43	2.23	-1.27	0.023	0.021	0.003	0.003	-0.000	0.004	0.0000	0.0000	0.0000	0.0000	0.0000	0.0000	0	1.00	0.2624	0.2264	-0.4830	1.421	0	nan	nan	nan	nan	nan	nan
128262	-0.819	0.062	0.759	0.89	2.29	-1.47	0.023	0.023	-0.004	0.003	0.000	0.004	0.0000	0.0000	0.0000	0.0000	0.0000	0.0000	0	1.00	0.2624	0.2264	-0.4830	1.421	0	nan	nan	nan	nan	nan	nan
128270	-0.812	0.075	0.738	0.91	2.17	-1.16	0.008	0.023	-0.030	0.003	0.000	0.004	0.0000	0.0000	0.0000	0.0000	0.0000	0.0000	0	1.00	0.2624	0.2264	-0.4830	1.421	0	nan	nan	nan	nan	nan	nan
128278	-0.803	0.085	0.720	1.29	2.29	-1.13	0.012	0.021	-0.043	0.003	0.000	0.004	0.0000	0.0000	0.0000	0.0000	0.0000	0.0000	0	1.00	0.2624	0.2264	-0.4830	1.421	0	nan	nan	nan	nan	nan	nan
128286	-0.799	0.099	0.703	0.87	2.31	-1.37	-0.001	0.014	-0.049	0.003	0.000	0.004	0.0000	0.0000	0.0000	0.0000	0.0000	0.0000	0	1.00	0.2624	0.2264	-0.4830	1.421	0	nan	nan	nan	nan	nan	nan
128295	-0.794	0.110	0.687	0.88	2.21	-0.95	-0.005	0.015	-0.052	0.003	0.000	0.004	0.0000	0.0000	0.0000	0.0000	0.0000	0.0000	0	1.00	0.2624	0.2264	-0.4830	1.421	0	nan	nan	nan	nan	nan	nan
128303	-0.789	0.120	0.672	0.86	2.16	-1.09	-0.006	0.010	-0.040	0.003	0.000	0.004	0.0000	0.0000	0.0000	0.0000	0.0000	0.0000	0	1.00	0.2624	0.2264	-0.4830	1.421	0	nan	nan	nan	nan	nan	nan
128311	-0.787	0.134	0.657	0.91	2.13	-1.12	-0.012	0.015	-0.025	0.003	0.000	0.004	0.0000	0.0000	0.0000	0.0000	0.0000	0.0000	0	1.00	0.2624	0.2264	-0.4830	1.421	0	nan	nan	nan	nan	nan	nan
128319	-0.784	0.146	0.642	0.64	2.20	-1.13	-0.017	-0.010	0.007	0.003	0.000	0.004	0.0000	0.0000	0.0000	0.0000	0.0000	0.0000	0	1.00	0.2624	0.2264	-0.4830	1.421	0	nan	nan	nan	nan	nan	nan
128327	-0.780	0.162	0.623	0.58	2.42	-1.18	-0.012	-0.017	0.019	0.003	0.000	0.004	0.0000	0.0000	0.0000	0.0000	0.0000	0.0000	0	1.00	0.2624	0.2264	-0.4830	1.421	0	nan	nan	nan	nan	nan	nan
128335	-0.779	0.179	0.605	0.32	2.21	-1.03	-0.021	-0.019	0.041	0.003	0.000	0.004	0.0000	0.0000	0.0000	0.0000	0.0000	0.0000	0	1.00	0.2624	0.2264	-0.4830	1.421	0	nan	nan	nan	nan	nan	nan
128343	-0.780	0.193	0.593	0.06	1.90	-1.09	-0.003	-0.006	0.049	0.003	0.000	0.004	0.0000	0.0000	0.0000	0.0000	0.0000	0.0000	0	1.00	0.2624	0.2264	-0.4830	1.421	0	nan	nan	nan	nan	nan	nan
128352	-0.778	0.204	0.580	0.18	2.07	-1.18	0.007	-0.003	0.052	0.003	0.000	0.004	0.0000	0.0000	0.0000	0.0000	0.0000	0.0000	0	1.00	0.2624	0.2264	-0.4830	1.421	0	nan	nan	nan	nan	nan	nan
128360	-0.782	0.223	0.565	-0.19	1.74	-0.99	0.001	-0.003	0.053	0.003	0.000	0.004	0.0000	0.0000	0.0000	0.0000	0.0000	0.0000	0	1.00	0.2624	0.2264	-0.4830	1.421	0	nan	nan	nan	nan	nan	nan
128368	-0.782	0.237	0.552	0.13	1.80	-0.85	0.002	0.016	0.039	0.003	0.000	0.004	0.0000	0.0000	0.0000	0.0000	0.0000	0.0000	0	1.00	0.2624	0.2264	-0.4830	1.421	0	nan	nan	nan	nan	nan	nan
128376	-0.786	0.248	0.545	-0.06	1.46	-0.75	0.017	0.014	0.008	0.003	0.000	0.004	0.0000	0.0000	0.0000	0.0000	0.0000	0.0000	0	1.00	0.2624	0.2264	-0.4830	1.421	0	nan	nan	nan	nan	nan	nan
128384	-0.791	0.263	0.535	-0.15	1.76	-0.63	-0.009	0.045	-0.022	0.003	0.000	0.004	0.0000	0.0000	0.0000	0.0000	0.0000	0.0000	0	1.00	0.2624	0.2264	-0.4830	1.421	0	nan	nan	nan	nan	nan	nan
128392	-0.789	0.269	0.527	0.22	1.49	-0.21	0.001	0.033	-0.044	0.003	0.000	0.004	0.0000	0.0000	0.0000	0.0000	0.0000	0.0000	0	1.00	0.2624	0.2264	-0.4830	1.421	0	nan	nan	nan	nan	nan	nan
128400	-0.793	0.280	0.521	-0.02	1.27	-0.17	0.002	0.040	-0.063	0.003	0.000	0.004	0.0000	0.0000	0.0000	0.0000	0.0000	0.0000	0	1.00	0.2624	0.2264	-0.4830	1.421	0	nan	nan	nan	nan	nan	nan
128408	-0.798	0.290	0.516	0.29	1.53	-0.42	0.001	0.025	-0.055	0.003	0.000	0.004	0.0000	0.0000	0.0000	0.0000	0.0000	0.0000	0	1.00	0.2624	0.2264	-0.4830	1.421	0	nan	nan	nan	nan	nan	nan
128416	-0.806	0.295	0.518	0.03	1.00	-0.26	0.001	0.001	-0.040	0.003	0.000	0.004	0.0000	0.0000	0.0000	0.0000	0.0000	0.0000	0	1.00	0.2624	0.2264	-0.4830	1.421	0	nan	nan	nan	nan	nan	nan
128424	-0.812	0.304	0.515	0.12	0.71	-0.38	0.004	0.001	-0.032	0.003	0.000	0.004	0.0000	0.0000	0.0000	0.0000	0.0000	0.0000	0	1.00	0.2624	0.2264	-0.4830	1.421	0	nan	nan	nan	nan	nan	nan
128432	-0.815	0.310	0.514	0.35	0.56	-0.36	0.008	0.002	-0.024	0.003	0.000	0.004	0.0000	0.0000	0.0000	0.0000	0.0000	0.0000	0	1.00	0.2624	0.2264	-0.4830	1.421	0	nan	nan	nan	nan	nan	nan
128440	-0.811	0.310	0.509	0.33	0.59	-0.59	0.007	-0.003	0.012	0.003	0.000	0.004	0.0000	0.0000	0.0000	0.0000	0.0000	0.0000	0	1.00	0.2624	0.2264	-0.4830	1.421	0	nan	nan	nan	nan	nan	nan
128448	-0.812	0.312	0.509	0.28	0.36	-0.30	0.002	-0.027	0.012	0.003	0.000	0.004	0.0000	0.0000	0.0000	0.0000	0.0000	0.0000	0	1.00	0.2624	0.2264	-0.4830	1.421	0	nan	nan	nan	nan	nan	nan
128457	-0.814	0.311	0.511	0.40	0.21	-0.37	0.010	-0.014	0.024	0.003	0.000	0.004	0.0000	0.0000	0.0000	0.0000	0.0000	0.0000	0	1.00	0.2624	0.2264	-0.4830	1.421	0	nan	nan	nan	nan	nan	nan
128465	-0.809	0.311	0.506	0.41	0.23	-0.51	0.019	-0.029	0.032	0.003	0.000	0.004	0.0000	0.0000	0.0000	0.0000	0.0000	0.0000	0	1.00	0.2624	0.2264	-0.4830	1.421	0	nan	nan	nan	nan	nan	nan
128473	-0.807	0.308	0.507	0.20	0.15	-0.85	0.001	-0.032	0.042	0.003	0.000	0.004	0.0000	0.0000	0.0000	0.0000	0.0000	0.0000	0	1.00	0.2624	0.2264	-0.4830	1.421	0	nan	nan	nan	nan	nan	nan
128481	-0.804	0.307	0.505	-0.03	0.17	-0.75	0.019	-0.014	0.031	0.003	0.000	0.004	0.0000	0.0000	0.0000	0.0000	0.0000	0.0000	0	1.00	0.2624	0.2264	-0.4830	1.421	0	nan	nan	nan	nan	nan	nan
128489	-0.801	0.302	0.507	0.21	0.17	-0.57	0.006	0.011	0.015	0.003	0.000	0.004	0.0000	0.0000	0.0000	0.0000	0.0000	0.0000	0	1.00	0.2624	0.2264	-0.4830	1.421	0	nan	nan	nan	nan	nan	nan
128497	-0.796	0.297	0.507	0.31	-0.05	-0.45	0.001	0.024	0.006	0.003	0.000	0.004	0.0000	0.0000	0.0000	0.0000	0.0000	0.0000	0	1.00	0.2624	0.2264	-0.4830	1.421	0	nan	nan	nan	nan	nan	nan
128505	-0.794	0.294	0.507	-0.15	0.32	-0.68	-0.012	0.002	-0.016	0.003	0.000	0.004	0.0000	0.0000	0.0000	0.0000	0.0000	0.0000	0	1.00	0.2624	0.2264	-0.4830	1.421	0	nan	nan	nan	nan	nan	nan
128513	-0.792	0.292	0.507	0.23	0.29	-0.19	-0.018	0.034	-0.027	0.003	0.000	0.004	0.0000	0.0000	0.0000	0.0000	0.0000	0.0000	0	1.00	0.2624	0.2264	-0.4830	1.421	0	nan	nan	nan	nan	nan	nan
128521	-0.791	0.291	0.508	-0.00	0.44	-0.21	-0.026	0.012	-0.031	0.003	0.000	0.004	0.0000	0.0000	0.0000	0.0000	0.0000	0.0000	0	1.00	0.2624	0.2264	-0.4830	1.421	0	nan	nan	nan	nan	nan	nan
128529	-0.787	0.292	0.503	0.32	0.72	-0.28	-0.030	0.019	-0.027	0.003	0.000	0.004	0.0000	0.0000	0.0000	0.0000	0.0000	0.0000	0	1.00	0.2624	0.2264	-0.4830	1.421	0	nan	nan	nan	nan	nan	nan
128538	-0.786	0.292	0.502	0.42	0.28	0.06	-0.026	-0.002	-0.020	0.003	0.000	0.004	0.0000	0.0000	0.0000	0.0000	0.0000	0.0000	0	1.00	0.2624	0.2264	-0.4830	1.421	0	nan	nan	nan	nan	nan	nan
128546	-0.785	0.295	0.499	0.36	0.71	-0.20	-0.014	-0.021	-0.014	0.003	0.000	0.004	0.0000	0.0000	0.0000	0.0000	0.0000	0.0000	0	1.00	0.2624	0.2264	-0.4830	1.421	0	nan	nan	nan	nan	nan	nan
128554	-0.790	0.299	0.499	0.15	0.95	-0.13	0.014	-0.022	0.001	0.003	0.000	0.004	0.0000	0.0000	0.0000	0.0000	0.0000	0.0000	0	1.00	0.2624	0.2264	-0.4830	1.421	0	nan	nan	nan	nan	nan	nan
128562	-0.788	0.299	0.497	0.21	1.08	-0.43	0.015	-0.015	0.013	0.003	0.000	0.004	0.0000	0.0000	0.0000	0.0000	0.0000	0.0000	0	1.00	0.2624	0.2264	-0.4830	1.421	0	nan	nan	nan	nan	nan	nan
128570	-0.789	0.303	0.494	0.52	1.03	-0.05	0.011	-0.023	0.039	0.003	0.000	0.004	0.0000	0.0000	0.0000	0.0000	0.0000	0.0000	0	1.00	0.2624	0.2264	-0.4830	1.421	0	nan	nan	nan	nan	nan	nan
128578	-0.790	0.309	0.489	0.20	1.02	-0.67	0.027	-0.005	0.044	0.003	0.000	0.004	0.0000	0.0000	0.0000	0.0000	0.0000	0.0000	0	1.00	0.2624	0.2264	-0.4830	1.421	0	nan	nan	nan	nan	nan	nan
128586	-0.786	0.311	0.484	0.13	1.16	-0.52	0.019	0.008	0.034	0.003	0.000	0.004	0.0000	0.0000	0.0000	0.0000	0.0000	0.0000	0	1.00	0.2624	0.2264	-0.4830	1.421	0	nan	nan	nan	nan	nan	nan
128594	-0.787	0.312	0.482	-0.08	1.10	-0.58	0.017	0.029	0.044	0.003	0.000	0.004	0.0000	0.0000	0.0000	0.0000	0.0000	0.0000	0	1.00	0.2624	0.2264	-0.4830	1.421	0	nan	nan	nan	nan	nan	nan
128602	-0.783	0.320	0.472	0.01	0.90	-0.35	0.014	0.035	0.032	0.003	0.000	0.004	0.0000	0.0000	0.0000	0.0000	0.0000	0.0000	0	1.00	0.2624	0.2264	-0.4830	1.421	0	nan	nan	nan	nan	nan	nan
128610	-0.782	0.323	0.468	0.45	0.93	-0.40	0.010	0.048	0.005	0.003	0.000	0.004	0.0000	0.0000	0.0000	0.0000	0.0000	0.0000	0	1.00	0.2624	0.2264	-0.4830	1.421	0	nan	nan	nan	nan	nan	nan
128618	-0.782	0.331	0.460	0.11	0.80	-0.36	-0.002	0.029	-0.010	0.003	0.000	0.004	0.0000	0.0000	0.0000	0.0000	0.0000	0.0000	0	1.00	0.2624	0.2264	-0.4830	1.421	0	nan	nan	nan	nan	nan	nan
128626	-0.780	0.332	0.456	0.13	1.12	-0.48	-0.003	0.015	-0.014	0.003	0.000	0.004	0.0000	0.0000	0.0000	0.0000	0.0000	0.0000	0	1.00	0.2624	0.2264	-0.4830	1.421	0	nan	nan	nan	nan	nan	nan
128634	-0.784	0.343	0.450	0.01	1.44	-0.59	0.003	0.008	-0.036	0.003	0.000	0.004	0.0000	0.0000	0.0000	0.0000	0.0000	0.0000	0	1.00	0.2624	0.2264	-0.4830	1.421	0	nan	nan	nan	nan	nan	nan
128642	-0.790	0.352	0.447	-0.01	1.22	-0.55	0.002	-0.018	-0.038	0.003	0.000	0.004	0.0000	0.0000	0.0000	0.0000	0.0000	0.0000	0	1.00	0.2624	0.2264	-0.4830	1.421	0	nan	nan	nan	nan	nan	nan
128651	-0.788	0.359	0.438	-0.00	1.50	-0.53	-0.001	-0.026	-0.031	0.003	0.000	0.004	0.0000	0.0000	0.0000	0.0000	0.0000	0.0000	0	1.00	0.2624	0.2264	-0.4830	1.421	0	nan	nan	nan	nan	nan	nan
128659	-0.788	0.366	0.432	0.06	1.09	-0.59	-0.011	-0.017	-0.014	0.003	0.000	0.004	0.0000	0.0000	0.0000	0.0000	0.0000	0.0000	0	1.00	0.2624	0.2264	-0.4830	1.421	0	nan	nan	nan	nan	nan	nan
128667	-0.793	0.378	0.426	-0.53	1.52	-0.86	-0.013	-0.022	-0.005	0.003	0.000	0.004	0.0000	0.0000	0.0000	0.0000	0.0000	0.0000	0	1.00	0.2624	0.2264	-0.4830	1.421	0	nan	nan	nan	nan	nan	nan
128675	-0.798	0.389	0.419	-0.28	1.33	-0.61	-0.015	-0.030	0.019	0.003	0.000	0.004	0.0000	0.0000	0.0000	0.0000	0.0000	0.0000	0	1.00	0.2624	0.2264	-0.4830	1.421	0	nan	nan	nan	nan	nan	nan
128684	-0.798	0.398	0.410	-0.18	1.20	-0.57	-0.015	-0.036	0.028	0.003	0.000	0.004	0.0000	0.0000	0.0000	0.0000	0.0000	0.0000	0	1.00	0.2624	0.2264	-0.4830	1.421	0	nan	nan	nan	nan	nan	nan
128692	-0.794	0.407	0.398	0.23	1.39	-0.55	-0.004	-0.011	0.036	0.003	0.000	0.004	0.0000	0.0000	0.0000	0.0000	0.0000	0.0000	0	1.00	0.2624	0.2264	-0.4830	1.421	0	nan	nan	nan	nan	nan	nan
128700	-0.795	0.421	0.385	0.18	1.42	-0.52	0.002	0.012	0.028	0.003	0.000	0.004	0.0000	0.0000	0.0000	0.0000	0.0000	0.0000	0	1.00	0.2624	0.2264	-0.4830	1.421	0	nan	nan	nan	nan	nan	nan
128708	-0.798	0.432	0.377	0.17	1.39	-0.38	-0.004	0.030	0.012	0.003	0.000	0.004	0.0000	0.0000	0.0000	0.0000	0.0000	0.0000	0	1.00	0.2624	0.2264	-0.4830	1.421	0	nan	nan	nan	nan	nan	nan
128716	-0.799	0.439	0.372	0.12	1.42	-0.35	0.014	0.023	0.022	0.003	0.000	0.004	0.0000	0.0000	0.0000	0.0000	0.0000	0.0000	0	1.00	0.2624	0.2264	-0.4830	1.421	0	nan	nan	nan	nan	nan	nan
128724	-0.804	0.453	0.364	0.19	1.62	-0.41	0.005	0.025	-0.002	0.003	0.000	0.004	0.0000	0.0000	0.0000	0.0000	0.0000	0.0000	0	1.00	0.2624	0.2264	-0.4830	1.421	0	nan	nan	nan	nan	nan	nan
128732	-0.807	0.462	0.357	0.37	1.45	-0.32	0.010	0.028	-0.008	0.003	0.000	0.004	0.0000	0.0000	0.0000	0.0000	0.0000	0.0000	0	1.00	0.2624	0.2264	-0.4830	1.421	0	nan	nan	nan	nan	nan	nan
128740	-0.815	0.473	0.355	0.49	1.56	-0.65	0.003	0.021	-0.009	0.003	0.000	0.004	0.0000	0.0000	0.0000	0.0000	0.0000	0.0000	0	1.00	0.2624	0.2264	-0.4830	1.421	0	nan	nan	nan	nan	nan	nan
128748	-0.823	0.480	0.356	0.52	1.50	-0.52	0.011	0.004	0.001	0.003	0.000	0.004	0.0000	0.0000	0.0000	0.0000	0.0000	0.0000	0	1.00	0.2624	0.2264	-0.4830	1.421	0	nan	nan	nan	nan	nan	nan
128756	-0.826	0.482	0.357	0.44	1.49	-0.53	0.005	-0.006	-0.020	0.003	0.000	0.004	0.0000	0.0000	0.0000	0.0000	0.0000	0.0000	0	1.00	0.2624	0.2264	-0.4830	1.421	0	nan	nan	nan	nan	nan	nan
128764	-0.826	0.492	0.347	0.50	1.45	-0.66	0.004	-0.009	-0.023	0.003	0.000	0.004	0.0000	0.0000	0.0000	0.0000	0.0000	0.0000	0	1.00	0.2624	0.2264	-0.4830	1.421	0	nan	nan	nan	nan	nan	nan
128772	-0.819	0.496	0.336	0.53	0.87	-1.07	-0.000	-0.016	-0.014	0.003	0.000	0.004	0.0000	0.0000	0.0000	0.0000	0.0000	0.0000	0	1.00	0.2624	0.2264	-0.4830	1.421	0	nan	nan	nan	nan	nan	nan
128781	-0.816	0.502	0.327	0.41	0.87	-1.16	0.000	-0.006	-0.006	0.003	0.000	0.004	0.0000	0.0000	0.0000	0.0000	0.0000	0.0000	0	1.00	0.2624	0.2264	-0.4830	1.421	0	nan	nan	nan	nan	nan	nan
128789	-0.815	0.506	0.323	0.66	0.79	-1.32	-0.006	-0.009	0.004	0.003	0.000	0.004	0.0000	0.0000	0.0000	0.0000	0.0000	0.0000	0	1.00	0.2624	0.2264	-0.4830	1.421	0	nan	nan	nan	nan	nan	nan
128797	-0.809	0.508	0.315	0.34	0.50	-0.92	-0.002	-0.009	-0.006	0.003	0.000	0.004	0.0000	0.0000	0.0000	0.0000	0.0000	0.0000	0	1.00	0.2624	0.2264	-0.4830	1.421	0	nan	nan	nan	nan	nan	nan
128805	-0.798	0.513	0.298	0.48	0.61	-1.07	-0.002	0.002	0.009	0.003	0.000	0.004	0.0000	0.0000	0.0000	0.0000	0.0000	0.0000	0	1.00	0.2624	0.2264	-0.4830	1.421	0	nan	nan	nan	nan	nan	nan
128813	-0.787	0.517	0.284	0.51	0.60	-0.99	-0.005	0.011	0.007	0.003	0.000	0.004	0.0000	0.0000	0.0000	0.0000	0.0000	0.0000	0	1.00	0.2624	0.2264	-0.4830	1.421	0	nan	nan	nan	nan	nan	nan
128821	-0.780	0.522	0.272	0.60	0.40	-0.76	-0.017	0.033	0.026	0.003	0.000	0.004	0.0000	0.0000	0.0000	0.0000	0.0000	0.0000	0	1.00	0.2624	0.2264	-0.4830	1.421	0	nan	nan	nan	nan	nan	nan
128829	-0.776	0.528	0.261	0.84	0.32	-0.50	-0.004	0.024	0.016	0.003	0.000	0.004	0.0000	0.0000	0.0000	0.0000	0.0000	0.0000	0	1.00	0.2624	0.2264	-0.4830	1.421	0	nan	nan	nan	nan	nan	nan
128837	-0.771	0.532	0.253	0.58	0.87	-0.38	0.002	0.006	-0.005	0.003	0.000	0.004	0.0000	0.0000	0.0000	0.0000	0.0000	0.0000	0	1.00	0.2624	0.2264	-0.4830	1.421	0	nan	nan	nan	nan	nan	nan
128845	-0.760	0.535	0.239	0.47	1.03	-0.31	0.001	-0.015	0.002	0.003	0.000	0.004	0.0000	0.0000	0.0000	0.0000	0.0000	0.0000	0	1.00	0.2624	0.2264	-0.4830	1.421	0	nan	nan	nan	nan	nan	nan
128853	-0.752	0.537	0.229	0.31	1.08	-0.52	0.004	-0.043	0.004	0.003	0.000	0.004	0.0000	0.0000	0.0000	0.0000	0.0000	0.0000	0	1.00	0.2624	0.2264	-0.4830	1.421	0	nan	nan	nan	nan	nan	nan
128861	-0.749	0.541	0.223	0.00	1.20	-0.23	0.016	-0.024	-0.002	0.003	0.000	0.004	0.0000	0.0000	0.0000	0.0000	0.0000	0.0000	0	1.00	0.2624	0.2264	-0.4830	1.421	0	nan	nan	nan	nan	nan	nan
128869	-0.749	0.546	0.218	0.12	0.79	-0.03	0.005	-0.030	-0.006	0.003	0.000	0.004	0.0000	0.0000	0.0000	0.0000	0.0000	0.0000	0	1.00	0.2624	0.2264	-0.4830	1.421	0	nan	nan	nan	nan	nan	nan
128877	-0.751	0.556	0.210	-0.23	1.22	-0.12	0.010	-0.003	-0.003	0.003	0.000	0.004	0.0000	0.0000	0.0000	0.0000	0.0000	0.0000	0	1.00	0.2624	0.2264	-0.4830	1.421	0	nan	nan	nan	nan	nan	nan
128886	-0.754	0.561	0.207	-0.52	1.14	0.14	0.003	-0.003	-0.002	0.003	0.000	0.004	0.0000	0.0000	0.0000	0.0000	0.0000	0.0000	0	1.00	0.2624	0.2264	-0.4830	1.421	0	nan	nan	nan	nan	nan	nan
128894	-0.752	0.567	0.200	-0.66	0.88	-0.20	-0.002	0.013	-0.003	0.003	0.000	0.004	0.0000	0.0000	0.0000	0.0000	0.0000	0.0000	0	1.00	0.2624	0.2264	-0.4830	1.421	0	nan	nan	nan	nan	nan	nan
128902	-0.756	0.573	0.198	-0.42	0.54	0.32	-0.002	0.023	0.007	0.003	0.000	0.004	0.0000	0.0000	0.0000	0.0000	0.0000	0.0000	0	1.00	0.2624	0.2264	-0.4830	1.421	0	nan	nan	nan	nan	nan	nan
128910	-0.762	0.584	0.194	-0.88	0.93	-0.24	-0.012	0.036	-0.000	0.003	0.000	0.004	0.0000	0.0000	0.0000	0.0000	0.0000	0.0000	0	1.00	0.2624	0.2264	-0.4830	1.421	0	nan	nan	nan	nan	nan	nan
128918	-0.770	0.586	0.200	-0.97	0.70	-0.03	-0.003	0.037	-0.000	0.003	0.000	0.004	0.0000	0.0000	0.0000	0.0000	0.0000	0.0000	0	1.00	0.2624	0.2264	-0.4830	1.421	0	nan	nan	nan	nan	nan	nan
128926	-0.783	0.593	0.206	-0.63	0.66	0.10	-0.015	0.020	-0.002	0.003	0.000	0.004	0.0000	0.0000	0.0000	0.0000	0.0000	0.0000	0	1.00	0.2624	0.2264	-0.4830	1.421	0	nan	nan	nan	nan	nan	nan
128935	-0.797	0.604	0.209	-0.68	1.10	0.45	-0.022	0.005	-0.024	0.003	0.000	0.004	0.0000	0.0000	0.0000	0.0000	0.0000	0.0000	0	1.00	0.2624	0.2264	-0.4830	1.421	0	nan	nan	nan	nan	nan	nan
128943	-0.807	0.616	0.207	-0.38	1.04	0.21	-0.012	-0.007	-0.020	0.003	0.000	0.004	0.0000	0.0000	0.0000	0.0000	0.0000	0.0000	0	1.00	0.2624	0.2264	-0.4830	1.421	0	nan	nan	nan	nan	nan	nan
128951	-0.818	0.622	0.213	-0.02	1.09	0.44	-0.004	-0.017	-0.006	0.003	0.000	0.004	0.0000	0.0000	0.0000	0.0000	0.0000	0.0000	0	1.00	0.2624	0.2264	-0.4830	1.421	0	nan	nan	nan	nan	nan	nan
128959	-0.827	0.628	0.215	-0.20	0.74	0.43	0.011	-0.029	-0.018	0.003	0.000	0.004	0.0000	0.0000	0.0000	0.0000	0.0000	0.0000	0	1.00	0.2624	0.2264	-0.4830	1.421	0	nan	nan	nan	nan	nan	nan
128967	-0.838	0.633	0.222	-0.25	0.89	0.33	0.014	-0.021	0.005	0.003	0.000	0.004	0.0000	0.0000	0.0000	0.0000	0.0000	0.0000	0	1.00	0.2624	0.2264	-0.4830	1.421	0	nan	nan	nan	nan	nan	nan
128975	-0.851	0.640	0.227	0.05	0.61	0.31	0.002	-0.036	0.006	0.003	0.000	0.004	0.0000	0.0000	0.0000	0.0000	0.0000	0.0000	0	1.00	0.2624	0.2264	-0.4830	1.421	0	nan	nan	nan	nan	nan	nan
128983	-0.859	0.649	0.227	-0.15	0.60	-0.22	0.005	-0.034	0.013	0.003	0.000	0.004	0.0000	0.0000	0.0000	0.0000	0.0000	0.0000	0	1.00	0.2624	0.2264	-0.4830	1.421	0	nan	nan	nan	nan	nan	nan
128991	-0.864	0.656	0.226	0.37	0.65	-0.26	-0.004	0.002	0.035	0.003	0.000	0.004	0.0000	0.0000	0.0000	0.0000	0.0000	0.0000	0	1.00	0.2624	0.2264	-0.4830	1.421	0	nan	nan	nan	nan	nan	nan
128999	-0.869	0.658	0.228	0.35	0.31	-0.42	0.008	-0.005	0.028	0.003	0.000	0.004	0.0000	0.0000	0.0000	0.0000	0.0000	0.0000	0	1.00	0.2624	0.2264	-0.4830	1.421	0	nan	nan	nan	nan	nan	nan
129007	-0.870	0.660	0.228	0.23	-0.17	-0.47	0.017	0.011	0.039	0.003	0.000	0.004	0.0000	0.0000	0.0000	0.0000	0.0000	0.0000	0	1.00	0.2624	0.2264	-0.4830	1.421	0	nan	nan	nan	nan	nan	nan
129015	-0.866	0.663	0.220	0.46	0.09	-0.73	0.008	0.034	0.028	0.003	0.000	0.004	0.0000	0.0000	0.0000	0.0000	0.0000	0.0000	0	1.00	0.2624	0.2264	-0.4830	1.421	0	nan	nan	nan	nan	nan	nan
129023	-0.867	0.670	0.214	-0.07	0.35	-0.99	0.000	0.029	0.016	0.003	0.000	0.004	0.0000	0.0000	0.0000	0.0000	0.0000	0.0000	0	1.00	0.2624	0.2264	-0.4830	1.421	0	nan	nan	nan	nan	nan	nan
129031	-0.860	0.669	0.209	0.08	0.27	-1.07	-0.006	0.024	0.012	0.003	0.000	0.004	0.0000	0.0000	0.0000	0.0000	0.0000	0.0000	0	1.00	0.2624	0.2264	-0.4830	1.421	0	nan	nan	nan	nan	nan	nan
129039	-0.853	0.664	0.206	-0.00	-0.22	-0.60	-0.005	0.008	-0.000	0.003	0.000	0.004	0.0000	0.0000	0.0000	0.0000	0.0000	0.0000	0	1.00	0.2624	0.2264	-0.4830	1.421	0	nan	nan	nan	nan	nan	nan
129047	-0.850	0.662	0.205	0.09	-0.52	-0.39	-0.016	-0.007	-0.007	0.003	0.000	0.004	0.0000	0.0000	0.0000	0.0000	0.0000	0.0000	0	1.00	0.2624	0.2264	-0.4830	1.421	0	nan	nan	nan	nan	nan	nan
129056	-0.842	0.662	0.198	0.15	-0.51	-0.89	-0.005	-0.020	-0.029	0.003	0.000	0.004	0.0000	0.0000	0.0000	0.0000	0.0000	0.0000	0	1.00	0.2624	0.2264	-0.4830	1.421	0	nan	nan	nan	nan	nan	nan
129064	-0.838	0.663	0.193	0.05	-0.33	-0.97	-0.001	-0.027	-0.033	0.003	0.000	0.004	0.0000	0.0000	0.0000	0.0000	0.0000	0.0000	0	1.00	0.2624	0.2264	-0.4830	1.421	0	nan	nan	nan	nan	nan	nan
129072	-0.834	0.663	0.189	0.23	-0.11	-0.84	0.002	-0.016	-0.040	0.003	0.000	0.004	0.0000	0.0000	0.0000	0.0000	0.0000	0.0000	0	1.00	0.2624	0.2264	-0.4830	1.421	0	nan	nan	nan	nan	nan	nan
129080	-0.832	0.661	0.188	0.46	-0.09	-0.99	-0.003	0.004	-0.051	0.003	0.000	0.004	0.0000	0.0000	0.0000	0.0000	0.0000	0.0000	0	1.00	0.2624	0.2264	-0.4830	1.421	0	nan	nan	nan	nan	nan	nan
129088	-0.828	0.660	0.186	0.48	-0.23	-0.96	-0.000	-0.018	-0.026	0.003	0.000	0.004	0.0000	0.0000	0.0000	0.0000	0.0000	0.0000	0	1.00	0.2624	0.2264	-0.4830	1.421	0	nan	nan	nan	nan	nan	nan
129096	-0.822	0.666	0.173	0.50	0.08	-1.09	0.001	0.010	-0.015	0.003	0.000	0.004	0.0000	0.0000	0.0000	0.0000	0.0000	0.0000	0	1.00	0.2624	0.2264	-0.4830	1.421	0	nan	nan	nan	nan	nan	nan
129104	-0.810	0.663	0.164	0.59	0.00	-0.99	-0.002	0.020	0.018	0.003	0.000	0.004	0.0000	0.0000	0.0000	0.0000	0.0000	0.0000	0	1.00	0.2624	0.2264	-0.4830	1.421	0	nan	nan	nan	nan	nan	nan
129112	-0.807	0.663	0.161	0.68	0.13	-0.78	0.002	0.015	0.032	0.003	0.000	0.004	0.0000	0.0000	0.0000	0.0000	0.0000	0.0000	0	1.00	0.2624	0.2264	-0.4830	1.421	0	nan	nan	nan	nan	nan	nan
129120	-0.803	0.659	0.161	0.58	0.42	-0.66	-0.003	0.022	0.032	0.003	0.000	0.004	0.0000	0.0000	0.0000	0.0000	0.0000	0.0000	0	1.00	0.2624	0.2264	-0.4830	1.421	0	nan	nan	nan	nan	nan	nan
129128	-0.798	0.659	0.156	0.36	0.38	-0.61	-0.015	0.020	0.030	0.003	0.000	0.004	0.0000	0.0000	0.0000	0.0000	0.0000	0.0000	0	1.00	0.2624	0.2264	-0.4830	1.421	0	nan	nan	nan	nan	nan	nan
129136	-0.790	0.657	0.150	0.61	0.84	-0.58	-0.008	0.020	0.038	0.003	0.000	0.004	0.0000	0.0000	0.0000	0.0000	0.0000	0.0000	0	1.00	0.2624	0.2264	-0.4830	1.421	0	nan	nan	nan	nan	nan	nan
129144	-0.780	0.651	0.147	0.43	0.82	-0.17	-0.006	0.009	0.027	0.003	0.000	0.004	0.0000	0.0000	0.0000	0.0000	0.0000	0.0000	0	1.00	0.2624	0.2264	-0.4830	1.421	0	nan	nan	nan	nan	nan	nan
129152	-0.771	0.648	0.140	0.03	1.12	-0.39	0.008	-0.013	-0.002	0.003	0.000	0.004	0.0000	0.0000	0.0000	0.0000	0.0000	0.0000	0	1.00	0.2624	0.2264	-0.4830	1.421	0	nan	nan	nan	nan	nan	nan
129160	-0.762	0.647	0.132	-0.00	0.91	-0.25	0.016	-0.005	-0.007	0.003	0.000	0.004	0.0000	0.0000	0.0000	0.0000	0.0000	0.0000	0	1.00	0.2624	0.2264	-0.4830	1.421	0	nan	nan	nan	nan	nan	nan
129168	-0.756	0.647	0.126	-0.49	1.24	-0.52	0.028	-0.027	-0.017	0.003	0.000	0.004	0.0000	0.0000	0.0000	0.0000	0.0000	0.0000	0	1.00	0.2624	0.2264	-0.4830	1.421	0	nan	nan	nan	nan	nan	nan
129176	-0.755	0.653	0.119	-0.36	1.03	-0.65	0.042	-0.035	-0.050	0.003	0.000	0.004	0.0000	0.0000	0.0000	0.0000	0.0000	0.0000	0	1.00	0.2624	0.2264	-0.4830	1.421	0	nan	nan	nan	nan	nan	nan
129185	-0.760	0.659	0.119	-0.61	1.20	-0.56	0.027	-0.041	-0.044	0.003	0.000	0.004	0.0000	0.0000	0.0000	0.0000	0.0000	0.0000	0	1.00	0.2624	0.2264	-0.4830	1.421	0	nan	nan	nan	nan	nan	nan
129193	-0.767	0.668	0.116	-0.69	1.50	-0.26	0.019	-0.031	-0.054	0.003	0.000	0.004	0.0000	0.0000	0.0000	0.0000	0.0000	0.0000	0	1.00	0.2624	0.2264	-0.4830	1.421	0	nan	nan	nan	nan	nan	nan
129201	-0.768	0.675	0.111	-0.90	1.57	-0.02	0.016	-0.015	-0.038	0.003	0.000	0.003	0.0000	0.0000	0.0000	0.0000	0.0000	0.0000	0	1.00	0.2624	0.2264	-0.4830	1.421	0	nan	nan	nan	nan	nan	nan
129209	-0.775	0.688	0.104	-1.02	1.70	-0.24	0.002	-0.011	-0.028	0.003	0.000	0.003	0.0000	0.0000	0.0000	0.0000	0.0000	0.0000	0	1.00	0.2624	0.2264	-0.4830	1.421	0	nan	nan	nan	nan	nan	nan
129217	-0.782	0.697	0.103	-0.61	1.70	-0.32	-0.010	0.006	-0.015	0.003	0.000	0.003	0.0000	0.0000	0.0000	0.0000	0.0000	0.0000	0	1.00	0.2624	0.2264	-0.4830	1.421	0	nan	nan	nan	nan	nan	nan
129225	-0.797	0.712	0.104	-0.92	1.26	0.10	-0.031	0.035	-0.003	0.003	0.000	0.003	0.0000	0.0000	0.0000	0.0000	0.0000	0.0000	0	1.00	0.2624	0.2264	-0.4830	1.421	0	nan	nan	nan	nan	nan	nan
129233	-0.809	0.729	0.099	-0.82	1.50	0.08	-0.036	0.031	0.027	0.003	0.000	0.003	0.0000	0.0000	0.0000	0.0000	0.0000	0.0000	0	1.00	0.2624	0.2264	-0.4830	1.421	0	nan	nan	nan	nan	nan	nan
129242	-0.823	0.745	0.098	-0.87	1.74	0.32	-0.044	0.024	0.039	0.003	0.000	0.003	0.0000	0.0000	0.0000	0.0000	0.0000	0.0000	0	1.00	0.2624	0.2264	-0.4830	1.421	0	nan	nan	nan	nan	nan	nan
129250	-0.836	0.758	0.097	-0.35	1.78	0.28	-0.040	0.022	0.063	0.003	0.000	0.004	0.0000	0.0000	0.0000	0.0000	0.0000	0.0000	0	1.00	0.2624	0.2264	-0.4830	1.421	0	nan	nan	nan	nan	nan	nan
129258	-0.844	0.769	0.095	-0.39	1.42	0.26	-0.022	0.033	0.054	0.003	0.000	0.004	0.0000	0.0000	0.0000	0.0000	0.0000	0.0000	0	1.00	0.2624	0.2264	-0.4830	1.421	0	nan	nan	nan	nan	nan	nan
129266	-0.856	0.784	0.093	-0.05	1.70	0.37	0.000	0.012	0.029	0.003	0.000	0.004	0.0000	0.0000	0.0000	0.0000	0.0000	0.0000	0	1.00	0.2624	0.2264	-0.4830	1.421	0	nan	nan	nan	nan	nan	nan
129274	-0.871	0.797	0.095	-0.05	1.79	0.29	0.014	0.005	0.031	0.003	0.000	0.004	0.0000	0.0000	0.0000	0.0000	0.0000	0.0000	0	1.00	0.2624	0.2264	-0.4830	1.421	0	nan	nan	nan	nan	nan	nan
129282	-0.884	0.805	0.100	-0.44	1.33	-0.34	0.024	-0.014	0.021	0.003	0.000	0.004	0.0000	0.0000	0.0000	0.0000	0.0000	0.0000	0	1.00	0.2624	0.2264	-0.4830	1.421	0	nan	nan	nan	nan	nan	nan
129290	-0.889	0.810	0.101	-0.01	0.74	-0.07	0.029	-0.039	0.001	0.003	0.000	0.004	0.0000	0.0000	0.0000	0.0000	0.0000	0.0000	0	1.00	0.2624	0.2264	-0.4830	1.421	0	nan	nan	nan	nan	nan	nan
129298	-0.894	0.816	0.100	0.00	0.70	-0.46	0.042	-0.013	-0.016	0.003	0.000	0.004	0.0000	0.0000	0.0000	0.0000	0.0000	0.0000	0	1.00	0.2624	0.2264	-0.4830	1.421	0	nan	nan	nan	nan	nan	nan
129306	-0.903	0.825	0.100	0.09	0.32	-0.49	0.022	-0.022	-0.011	0.003	0.000	0.004	0.0000	0.0000	0.0000	0.0000	0.0000	0.0000	0	1.00	0.2624	0.2264	-0.4830	1.421	0	nan	nan	nan	nan	nan	nan
129314	-0.914	0.835	0.102	-0.10	0.33	-0.74	0.014	-0.009	-0.036	0.003	0.000	0.004	0.0000	0.0000	0.0000	0.0000	0.0000	0.0000	0	1.00	0.2624	0.2264	-0.4830	1.421	0	nan	nan	nan	nan	nan	nan
129322	-0.916	0.840	0.099	-0.11	0.13	-0.85	0.004	-0.023	-0.032	0.003	0.000	0.004	0.0000	0.0000	0.0000	0.0000	0.0000	0.0000	0	1.00	0.2624	0.2264	-0.4830	1.421	0	nan	nan	nan	nan	nan	nan
129330	-0.912	0.839	0.095	0.10	0.06	-0.67	0.002	-0.026	-0.025	0.003	0.000	0.003	0.0000	0.0000	0.0000	0.0000	0.0000	0.0000	0	1.00	0.2624	0.2264	-0.4830	1.421	0	nan	nan	nan	nan	nan	nan
129338	-0.908	0.841	0.089	0.24	-0.46	-0.92	-0.023	-0.001	-0.032	0.003	0.000	0.003	0.0000	0.0000	0.0000	0.0000	0.0000	0.0000	0	1.00	0.2624	0.2264	-0.4830	1.421	0	nan	nan	nan	nan	nan	nan
129347	-0.909	0.847	0.085	0.12	-0.43	-0.73	-0.032	-0.013	-0.041	0.003	0.000	0.003	0.0000	0.0000	0.0000	0.0000	0.0000	0.0000	0	1.00	0.2624	0.2264	-0.4830	1.421	0	nan	nan	nan	nan	nan	nan
129355	-0.908	0.848	0.082	-0.18	-0.28	-0.58	-0.034	0.007	-0.014	0.003	0.000	0.003	0.0000	0.0000	0.0000	0.0000	0.0000	0.0000	0	1.00	0.2624	0.2264	-0.4830	1.421	0	nan	nan	nan	nan	nan	nan
129363	-0.907	0.856	0.073	-0.00	-0.15	-0.36	-0.023	0.024	-0.002	0.003	0.000	0.003	0.0000	0.0000	0.0000	0.0000	0.0000	0.0000	0	1.00	0.2624	0.2264	-0.4830	1.421	0	nan	nan	nan	nan	nan	nan
129371	-0.901	0.852	0.072	0.21	-0.35	-0.48	-0.015	0.031	0.005	0.003	0.000	0.003	0.0000	0.0000	0.0000	0.0000	0.0000	0.0000	0	1.00	0.2624	0.2264	-0.4830	1.421	0	nan	nan	nan	nan	nan	nan
129379	-0.897	0.851	0.068	0.50	-0.20	-0.06	-0.021	0.022	0.010	0.003	0.000	0.003	0.0000	0.0000	0.0000	0.0000	0.0000	0.0000	0	1.00	0.2624	0.2264	-0.4830	1.421	0	nan	nan	nan	nan	nan	nan
129387	-0.888	0.851	0.060	0.52	-0.34	-0.47	-0.013	0.022	0.013	0.003	0.000	0.003	0.0000	0.0000	0.0000	0.0000	0.0000	0.0000	0	1.00	0.2624	0.2264	-0.4830	1.421	0	nan	nan	nan	nan	nan	nan
129395	-0.881	0.848	0.056	0.22	-0.20	-0.32	0.014	0.008	0.030	0.003	0.000	0.003	0.0000	0.0000	0.0000	0.0000	0.0000	0.0000	0	1.00	0.2624	0.2264	-0.4830	1.421	0	nan	nan	nan	nan	nan	nan
129403	-0.873	0.837	0.059	0.56	-0.48	-0.26	0.026	0.018	0.017	0.003	0.000	0.003	0.0000	0.0000	0.0000	0.0000	0.0000	0.0000	0	1.00	0.2624	0.2264	-0.4830	1.421	0	nan	nan	nan	nan	nan	nan
129411	-0.867	0.828	0.061	0.22	-0.20	-0.32	0.020	0.008	0.032	0.003	0.000	0.003	0.0000	0.0000	0.0000	0.0000	0.0000	0.0000	0	1.00	0.2624	0.2264	-0.4830	1.421	0	nan	nan	nan	nan	nan	nan
129420	-0.867	0.830	0.059	-0.03	-0.07	-0.20	0.019	-0.021	0.027	0.003	0.000	0.003	0.0000	0.0000	0.0000	0.0000	0.0000	0.0000	0	1.00	0.2624	0.2264	-0.4830	1.421	0	nan	nan	nan	nan	nan	nan
129428	-0.867	0.830	0.058	-0.26	0.08	-0.22	0.005	-0.032	0.011	0.003	0.000	0.003	0.0000	0.0000	0.0000	0.0000	0.0000	0.0000	0	1.00	0.2624	0.2264	-0.4830	1.421	0	nan	nan	nan	nan	nan	nan
129436	-0.863	0.824	0.060	-0.15	0.30	0.09	0.004	-0.034	0.007	0.003	0.000	0.003	0.0000	0.0000	0.0000	0.0000	0.0000	0.0000	0	1.00	0.2624	0.2264	-0.4830	1.421	0	nan	nan	nan	nan	nan	nan
129444	-0.864	0.822	0.064	-0.20	0.32	0.11	0.007	-0.024	-0.015	0.003	0.000	0.003	0.0000	0.0000	0.0000	0.0000	0.0000	0.0000	0	1.00	0.2624	0.2264	-0.4830	1.421	0	nan	nan	nan	nan	nan	nan
129452	-0.861	0.823	0.060	-0.05	0.20	0.08	0.008	-0.026	-0.018	0.003	0.000	0.003	0.0000	0.0000	0.0000	0.0000	0.0000	0.0000	0	1.00	0.2624	0.2264	-0.4830	1.421	0	nan	nan	nan	nan	nan	nan
129460	-0.863	0.820	0.064	-0.32	0.19	0.15	-0.003	-0.020	-0.018	0.003	0.000	0.003	0.0000	0.0000	0.0000	0.0000	0.0000	0.0000	0	1.00	0.2624	0.2264	-0.4830	1.421	0	nan	nan	nan	nan	nan	nan
129468	-0.867	0.822	0.066	-0.31	0.39	0.27	-0.010	0.017	-0.023	0.003	0.000	0.003	0.0000	0.0000	0.0000	0.0000	0.0000	0.0000	0	1.00	0.2624	0.2264	-0.4830	1.421	0	nan	nan	nan	nan	nan	nan
129476	-0.866	0.819	0.068	-0.07	-0.07	0.16	-0.003	0.022	-0.038	0.003	0.000	0.003	0.0000	0.0000	0.0000	0.0000	0.0000	0.0000	0	1.00	0.2624	0.2264	-0.4830	1.421	0	nan	nan	nan	nan	nan	nan
129484	-0.867	0.816	0.072	-0.23	0.11	0.25	-0.016	0.036	-0.019	0.003	0.000	0.003	0.0000	0.0000	0.0000	0.0000	0.0000	0.0000	0	1.00	0.2624	0.2264	-0.4830	1.421	0	nan	nan	nan	nan	nan	nan
129492	-0.865	0.815	0.071	-0.18	-0.41	-0.02	-0.019	0.065	-0.005	0.003	0.000	0.003	0.0000	0.0000	0.0000	0.0000	0.0000	0.0000	0	1.00	0.2624	0.2264	-0.4830	1.421	0	nan	nan	nan	nan	nan	nan
129500	-0.871	0.823	0.070	-0.11	-0.26	-0.03	-0.010	0.039	0.002	0.003	0.000	0.003	0.0000	0.0000	0.0000	0.0000	0.0000	0.0000	0	1.00	0.2624	0.2264	-0.4830	1.421	0	nan	nan	nan	nan	nan	nan
129509	-0.869	0.826	0.065	-0.54	-0.59	-0.11	-0.002	0.023	0.024	0.003	0.000	0.003	0.0000	0.0000	0.0000	0.0000	0.0000	0.0000	0	1.00	0.2624	0.2264	-0.4830	1.421	0	nan	nan	nan	nan	nan	nan
129517	-0.869	0.823	0.067	-0.44	-0.32	-0.18	-0.004	-0.007	0.008	0.003	0.000	0.003	0.0000	0.0000	0.0000	0.0000	0.0000	0.0000	0	1.00	0.2624	0.2264	-0.4830	1.421	0	nan	nan	nan	nan	nan	nan
129525	-0.868	0.821	0.068	-0.47	-0.39	-0.17	0.004	-0.026	0.033	0.003	0.000	0.003	0.0000	0.0000	0.0000	0.0000	0.0000	0.0000	0	1.00	0.2624	0.2264	-0.4830	1.421	0	nan	nan	nan	nan	nan	nan
129533	-0.865	0.820	0.067	-0.68	-0.45	-0.23	0.004	-0.054	0.014	0.003	0.000	0.003	0.0000	0.0000	0.0000	0.0000	0.0000	0.0000	0	1.00	0.2624	0.2264	-0.4830	1.421	0	nan	nan	nan	nan	nan	nan
129541	-0.870	0.816	0.075	-0.13	-0.20	0.03	-0.000	-0.041	-0.004	0.003	0.000	0.003	0.0000	0.0000	0.0000	0.0000	0.0000	0.0000	0	1.00	0.2624	0.2264	-0.4830	1.421	0	nan	nan	nan	nan	nan	nan
129550	-0.867	0.811	0.077	-0.42	-0.25	-0.37	-0.004	-0.058	0.006	0.003	0.000	0.003	0.0000	0.0000	0.0000	0.0000	0.0000	0.0000	0	1.00	0.2624	0.2264	-0.4830	1.421	0	nan	nan	nan	nan	nan	nan
129558	-0.875	0.808	0.087	-0.88	-0.51	-0.28	0.005	-0.027	-0.004	0.003	0.000	0.003	0.0000	0.0000	0.0000	0.0000	0.0000	0.0000	0	1.00	0.2624	0.2264	-0.4830	1.421	0	nan	nan	nan	nan	nan	nan
129566	-0.881	0.808	0.095	-0.60	-0.05	-0.17	0.022	0.008	-0.002	0.003	0.000	0.003	0.0000	0.0000	0.0000	0.0000	0.0000	0.0000	0	1.00	0.2624	0.2264	-0.4830	1.421	0	nan	nan	nan	nan	nan	nan
129574	-0.884	0.806	0.099	0.11	0.06	-0.05	0.004	0.021	-0.016	0.003	0.000	0.003	0.0000	0.0000	0.0000	0.0000	0.0000	0.0000	0	1.00	0.2624	0.2264	-0.4830	1.421	0	nan	nan	nan	nan	nan	nan
129582	-0.886	0.804	0.104	-0.16	0.28	-0.52	0.007	0.023	-0.012	0.003	0.000	0.003	0.0000	0.0000	0.0000	0.0000	0.0000	0.0000	0	1.00	0.2624	0.2264	-0.4830	1.421	0	nan	nan	nan	nan	nan	nan
129590	-0.891	0.805	0.107	0.01	0.42	0.13	0.009	0.028	-0.029	0.003	0.000	0.003	0.0000	0.0000	0.0000	0.0000	0.0000	0.0000	0	1.00	0.2624	0.2264	-0.4830	1.421	0	nan	nan	nan	nan	nan	nan
129598	-0.896	0.811	0.106	0.57	1.00	-0.07	0.010	0.039	-0.019	0.003	0.000	0.003	0.0000	0.0000	0.0000	0.0000	0.0000	0.0000	0	1.00	0.2624	0.2264	-0.4830	1.421	0	nan	nan	nan	nan	nan	nan
129606	-0.901	0.816	0.107	0.39	0.99	0.02	-0.009	0.019	-0.010	0.003	0.000	0.003	0.0000	0.0000	0.0000	0.0000	0.0000	0.0000	0	1.00	0.2624	0.2264	-0.4830	1.421	0	nan	nan	nan	nan	nan	nan
129615	-0.900	0.815	0.107	0.86	0.95	-0.20	-0.001	0.021	-0.004	0.003	0.000	0.003	0.0000	0.0000	0.0000	0.0000	0.0000	0.0000	0	1.00	0.2624	0.2264	-0.4830	1.421	0	nan	nan	nan	nan	nan	nan
129623	-0.902	0.819	0.104	0.86	1.02	0.04	0.002	0.005	0.010	0.003	0.000	0.003	0.0000	0.0000	0.0000	0.0000	0.0000	0.0000	0	1.00	0.2624	0.2264	-0.4830	1.421	0	nan	nan	nan	nan	nan	nan
129631	-0.899	0.819	0.102	0.55	1.29	-0.55	0.008	-0.006	0.018	0.003	0.000	0.003	0.0000	0.0000	0.0000	0.0000	0.0000	0.0000	0	1.00	0.2624	0.2264	-0.4830	1.421	0	nan	nan	nan	nan	nan	nan
129639	-0.900	0.823	0.099	0.80	1.08	-0.59	-0.004	-0.019	0.006	0.003	0.000	0.003	0.0000	0.0000	0.0000	0.0000	0.0000	0.0000	0	1.00	0.2624	0.2264	-0.4830	1.421	0	nan	nan	nan	nan	nan	nan
129647	-0.899	0.829	0.091	0.63	1.10	-0.65	0.002	-0.027	0.009	0.003	0.000	0.003	0.0000	0.0000	0.0000	0.0000	0.0000	0.0000	0	1.00	0.2624	0.2264	-0.4830	1.421	0	nan	nan	nan	nan	nan	nan
129655	-0.895	0.834	0.084	1.06	0.81	-0.68	-0.009	-0.009	-0.002	0.003	0.000	0.003	0.0000	0.0000	0.0000	0.0000	0.0000	0.0000	0	1.00	0.2624	0.2264	-0.4830	1.421	0	nan	nan	nan	nan	nan	nan
129663	-0.892	0.840	0.074	0.99	0.71	-1.04	-0.007	-0.025	0.003	0.003	0.000	0.003	0.0000	0.0000	0.0000	0.0000	0.0000	0.0000	0	1.00	0.2624	0.2264	-0.4830	1.421	0	nan	nan	nan	nan	nan	nan
129671	-0.883	0.839	0.067	0.62	0.53	-1.13	-0.006	-0.022	0.000	0.003	0.000	0.003	0.0000	0.0000	0.0000	0.0000	0.0000	0.0000	0	1.00	0.2624	0.2264	-0.4830	1.421	0	nan	nan	nan	nan	nan	nan
129679	-0.878	0.842	0.058	0.42	0.47	-1.19	-0.013	-0.014	0.014	0.003	0.000	0.003	0.0000	0.0000	0.0000	0.0000	0.0000	0.0000	0	1.00	0.2624	0.2264	-0.4830	1.421	0	nan	nan	nan	nan	nan	nan
129687	-0.869	0.848	0.044	0.43	0.30	-1.45	-0.003	0.008	0.015	0.003	0.000	0.003	0.0000	0.0000	0.0000	0.0000	0.0000	0.0000	0	1.00	0.2624	0.2264	-0.4830	1.421	0	nan	nan	nan	nan	nan	nan
129695	-0.864	0.861	0.026	0.20	0.65	-1.36	-0.005	0.006	0.007	0.003	0.000	0.003	0.0000	0.0000	0.0000	0.0000	0.0000	0.0000	0	1.00	0.2624	0.2264	-0.4830	1.421	0	nan	nan	nan	nan	nan	nan
129703	-0.856	0.864	0.014	0.24	0.47	-1.11	0.018	0.005	-0.000	0.003	0.000	0.003	0.0000	0.0000	0.0000	0.0000	0.0000	0.0000	0	1.00	0.2624	0.2264	-0.4830	1.421	0	nan	nan	nan	nan	nan	nan
129712	-0.851	0.873	0.001	0.32	0.35	-0.97	0.007	0.024	0.008	0.003	0.000	0.003	0.0000	0.0000	0.0000	0.0000	0.0000	0.0000	0	1.00	0.2624	0.2264	-0.4830	1.421	0	nan	nan	nan	nan	nan	nan
129720	-0.841	0.877	-0.013	0.46	0.62	-0.96	0.002	0.006	-0.002	0.003	0.000	0.003	0.0000	0.0000	0.0000	0.0000	0.0000	0.0000	0	1.00	0.2624	0.2264	-0.4830	1.421	0	nan	nan	nan	nan	nan	nan
129728	-0.837	0.885	-0.025	0.26	0.90	-0.60	0.012	0.020	0.015	0.003	0.000	0.003	0.0000	0.0000	0.0000	0.0000	0.0000	0.0000	0	1.00	0.2624	0.2264	-0.4830	1.421	0	nan	nan	nan	nan	nan	nan
129736	-0.832	0.890	-0.035	0.44	0.90	-0.68	0.015	-0.004	0.021	0.003	0.000	0.003	0.0000	0.0000	0.0000	0.0000	0.0000	0.0000	0	1.00	0.2624	0.2264	-0.4830	1.421	0	nan	nan	nan	nan	nan	nan
129744	-0.827	0.896	-0.046	0.54	0.72	-0.61	-0.003	0.003	0.031	0.003	0.000	0.003	0.0000	0.0000	0.0000	0.0000	0.0000	0.0000	0	1.00	0.2624	0.2264	-0.4830	1.421	0	nan	nan	nan	nan	nan	nan
129752	-0.825	0.903	-0.054	0.57	0.63	-0.01	-0.001	0.001	0.016	0.003	0.000	0.003	0.0000	0.0000	0.0000	0.0000	0.0000	0.0000	0	1.00	0.2624	0.2264	-0.4830	1.421	0	nan	nan	nan	nan	nan	nan
129760	-0.821	0.902	-0.057	0.46	0.95	-0.55	-0.012	0.002	0.010	0.003	0.000	0.003	0.0000	0.0000	0.0000	0.0000	0.0000	0.0000	0	1.00	0.2624	0.2264	-0.4830	1.421	0	nan	nan	nan	nan	nan	nan
129768	-0.814	0.911	-0.073	0.23	0.80	-0.27	-0.016	0.011	0.001	0.003	0.000	0.003	0.0000	0.0000	0.0000	0.0000	0.0000	0.0000	0	1.00	0.2624	0.2264	-0.4830	1.421	0	nan	nan	nan	nan	nan	nan
129776	-0.812	0.916	-0.080	0.29	0.67	-0.31	-0.016	0.004	0.004	0.003	0.000	0.003	0.0000	0.0000	0.0000	0.0000	0.0000	0.0000	0	1.00	0.2624	0.2264	-0.4830	1.421	0	nan	nan	nan	nan	nan	nan
129784	-0.808	0.922	-0.089	0.41	0.76	-0.31	-0.025	-0.013	-0.009	0.003	0.000	0.003	0.0000	0.0000	0.0000	0.0000	0.0000	0.0000	0	1.00	0.2624	0.2264	-0.4830	1.421	0	nan	nan	nan	nan	nan	nan
129792	-0.809	0.920	-0.086	0.28	0.73	-0.25	-0.018	-0.023	-0.018	0.003	0.000	0.003	0.0000	0.0000	0.0000	0.0000	0.0000	0.0000	0	1.00	0.2624	0.2264	-0.4830	1.421	0	nan	nan	nan	nan	nan	nan
129800	-0.808	0.924	-0.092	-0.25	0.86	0.05	0.004	-0.012	-0.028	0.003	0.000	0.003	0.0000	0.0000	0.0000	0.0000	0.0000	0.0000	0	1.00	0.2624	0.2264	-0.4830	1.421	0	nan	nan	nan	nan	nan	nan
129808	-0.804	0.928	-0.100	0.02	0.66	-0.24	0.007	-0.018	-0.043	0.003	0.000	0.003	0.0000	0.0000	0.0000	0.0000	0.0000	0.0000	0	1.00	0.2624	0.2264	-0.4830	1.421	0	nan	nan	nan	nan	nan	nan
129816	-0.807	0.929	-0.097	-0.05	0.76	-0.48	0.037	0.007	-0.037	0.003	0.000	0.003	0.0000	0.0000	0.0000	0.0000	0.0000	0.0000	0	1.00	0.2624	0.2264	-0.4830	1.421	0	nan	nan	nan	nan	nan	nan
129825	-0.804	0.932	-0.103	0.04	0.73	-0.43	0.025	-0.010	-0.022	0.003	0.000	0.003	0.0000	0.0000	0.0000	0.0000	0.0000	0.0000	0	1.00	0.2624	0.2264	-0.4830	1.421	0	nan	nan	nan	nan	nan	nan
129833	-0.807	0.937	-0.105	-0.13	0.73	-0.16	0.028	-0.012	-0.026	0.003	0.000	0.003	0.0000	0.0000	0.0000	0.0000	0.0000	0.0000	0	1.00	0.2624	0.2264	-0.4830	1.421	0	nan	nan	nan	nan	nan	nan
129841	-0.813	0.948	-0.110	-0.39	1.02	-0.82	0.023	0.004	-0.001	0.003	0.000	0.003	0.0000	0.0000	0.0000	0.0000	0.0000	0.0000	0	1.00	0.2624	0.2264	-0.4830	1.421	0	nan	nan	nan	nan	nan	nan
129849	-0.817	0.955	-0.113	-0.38	0.92	-0.41	0.005	0.016	0.021	0.003	0.000	0.003	0.0000	0.0000	0.0000	0.0000	0.0000	0.0000	0	1.00	0.2624	0.2264	-0.4830	1.421	0	nan	nan	nan	nan	nan	nan
129857	-0.813	0.955	-0.116	0.11	0.67	-0.23	0.002	0.008	0.029	0.003	0.000	0.003	0.0000	0.0000	0.0000	0.0000	0.0000	0.0000	0	1.00	0.2624	0.2264	-0.4830	1.421	0	nan	nan	nan	nan	nan	nan
129865	-0.815	0.961	-0.120	-0.06	0.76	-0.05	-0.029	0.006	0.016	0.003	0.000	0.003	0.0000	0.0000	0.0000	0.0000	0.0000	0.0000	0	1.00	0.2624	0.2264	-0.4830	1.421	0	nan	nan	nan	nan	nan	nan
129873	-0.825	0.968	-0.118	-0.27	1.05	-0.02	-0.027	-0.011	0.019	0.003	0.000	0.003	0.0000	0.0000	0.0000	0.0000	0.0000	0.0000	0	1.00	0.2624	0.2264	-0.4830	1.421	0	nan	nan	nan	nan	nan	nan
129881	-0.836	0.980	-0.119	-0.15	1.10	0.03	-0.025	-0.005	0.010	0.003	0.000	0.003	0.0000	0.0000	0.0000	0.0000	0.0000	0.0000	0	1.00	0.2624	0.2264	-0.4830	1.421	0	nan	nan	nan	nan	nan	nan
129889	-0.838	0.987	-0.122	0.02	1.16	0.01	-0.041	0.002	0.018	0.003	0.000	0.003	0.0000	0.0000	0.0000	0.0000	0.0000	0.0000	0	1.00	0.2624	0.2264	-0.4830	1.421	0	nan	nan	nan	nan	nan	nan
129897	-0.843	0.998	-0.129	0.03	0.93	0.12	-0.034	-0.013	0.012	0.003	0.000	0.003	0.0000	0.0000	0.0000	0.0000	0.0000	0.0000	0	1.00	0.2624	0.2264	-0.4830	1.421	0	nan	nan	nan	nan	nan	nan
129905	-0.848	1.009	-0.134	0.33	0.95	-0.21	-0.007	-0.004	-0.006	0.003	0.000	0.003	0.0000	0.0000	0.0000	0.0000	0.0000	0.0000	0	1.00	0.2624	0.2264	-0.4830	1.421	0	nan	nan	nan	nan	nan	nan
129913	-0.850	1.021	-0.145	0.81	1.09	0.02	0.008	0.008	-0.011	0.003	0.000	0.003	0.0000	0.0000	0.0000	0.0000	0.0000	0.0000	0	1.00	0.2624	0.2264	-0.4830	1.421	0	nan	nan	nan	nan	nan	nan
129921	-0.856	1.030	-0.147	0.52	0.48	-0.24	0.006	0.018	-0.019	0.003	0.000	0.003	0.0000	0.0000	0.0000	0.0000	0.0000	0.0000	0	1.00	0.2624	0.2264	-0.4830	1.421	0	nan	nan	nan	nan	nan	nan
129929	-0.858	1.033	-0.149	0.59	0.70	-0.63	0.024	0.014	-0.019	0.003	0.000	0.003	0.0000	0.0000	0.0000	0.0000	0.0000	0.0000	0	1.00	0.2624	0.2264	-0.4830	1.421	0	nan	nan	nan	nan	nan	nan
129937	-0.858	1.035	-0.150	0.93	-0.24	-0.36	0.024	0.020	-0.019	0.003	0.000	0.003	0.0000	0.0000	0.0000	0.0000	0.0000	0.0000	0	1.00	0.2624	0.2264	-0.4830	1.421	0	nan	nan	nan	nan	nan	nan
129946	-0.855	1.039	-0.157	0.74	-0.01	-0.82	0.027	0.020	-0.009	0.003	0.000	0.003	0.0000	0.0000	0.0000	0.0000	0.0000	0.0000	0	1.00	0.2624	0.2264	-0.4830	1.421	0	nan	nan	nan	nan	nan	nan
129954	-0.859	1.045	-0.158	0.55	-0.25	-0.80	0.022	0.002	-0.021	0.003	0.000	0.003	0.0000	0.0000	0.0000	0.0000	0.0000	0.0000	0	1.00	0.2624	0.2264	-0.4830	1.421	0	nan	nan	nan	nan	nan	nan
129962	-0.851	1.047	-0.168	0.97	-0.53	-0.74	0.023	0.001	0.003	0.003	0.000	0.003	0.0000	0.0000	0.0000	0.0000	0.0000	0.0000	0	1.00	0.2624	0.2264	-0.4830	1.421	0	nan	nan	nan	nan	nan	nan
129970	-0.843	1.049	-0.178	1.04	-0.20	-0.93	0.021	-0.030	0.003	0.003	0.000	0.003	0.0000	0.0000	0.0000	0.0000	0.0000	0.0000	0	1.00	0.2624	0.2264	-0.4830	1.421	0	nan	nan	nan	nan	nan	nan
129978	-0.834	1.051	-0.189	1.11	-0.12	-0.86	-0.000	-0.023	0.015	0.003	0.000	0.003	0.0000	0.0000	0.0000	0.0000	0.0000	0.0000	0	1.00	0.2624	0.2264	-0.4830	1.421	0	nan	nan	nan	nan	nan	nan
129986	-0.820	1.048	-0.200	1.41	-0.29	-0.68	-0.006	-0.034	0.023	0.003	0.000	0.003	0.0000	0.0000	0.0000	0.0000	0.0000	0.0000	0	1.00	0.2624	0.2264	-0.4830	1.421	0	nan	nan	nan	nan	nan	nan
129994	-0.813	1.046	-0.206	1.21	-0.06	-0.28	-0.012	-0.017	0.036	0.003	0.000	0.003	0.0000	0.0000	0.0000	0.0000	0.0000	0.0000	0	1.00	0.2624	0.2264	-0.4830	1.421	0	nan	nan	nan	nan	nan	nan
130003	-0.800	1.040	-0.212	1.17	-0.27	-0.14	-0.024	-0.010	0.027	0.003	0.000	0.003	0.0000	0.0000	0.0000	0.0000	0.0000	0.0000	0	1.00	0.2624	0.2264	-0.4830	1.421	0	nan	nan	nan	nan	nan	nan
130011	-0.786	1.030	-0.217	1.01	0.08	-0.22	-0.013	0.016	0.004	0.003	0.000	0.003	0.0000	0.0000	0.0000	0.0000	0.0000	0.0000	0	1.00	0.2624	0.2264	-0.4830	1.421	0	nan	nan	nan	nan	nan	nan
130019	-0.773	1.024	-0.224	0.68	-0.11	-0.23	-0.023	0.010	0.006	0.003	0.000	0.003	0.0000	0.0000	0.0000	0.0000	0.0000	0.0000	0	1.00	0.2624	0.2264	-0.4830	1.421	0	nan	nan	nan	nan	nan	nan
130027	-0.763	1.018	-0.228	0.74	-0.11	0.02	-0.006	0.020	-0.003	0.003	0.000	0.003	0.0000	0.0000	0.0000	0.0000	0.0000	0.0000	0	1.00	0.2624	0.2264	-0.4830	1.421	0	nan	nan	nan	nan	nan	nan
130035	-0.753	1.014	-0.234	0.24	0.20	-0.10	-0.000	0.016	-0.012	0.003	0.000	0.003	0.0000	0.0000	0.0000	0.0000	0.0000	0.0000	0	1.00	0.2624	0.2264	-0.4830	1.421	0	nan	nan	nan	nan	nan	nan
130043	-0.745	1.010	-0.238	0.22	0.23	-0.32	0.010	0.018	-0.013	0.003	0.000	0.003	0.0000	0.0000	0.0000	0.0000	0.0000	0.0000	0	1.00	0.2624	0.2264	-0.4830	1.421	0	nan	nan	nan	nan	nan	nan
130051	-0.740	1.003	-0.236	0.25	0.10	-0.11	0.002	0.026	-0.027	0.003	0.000	0.003	0.0000	0.0000	0.0000	0.0000	0.0000	0.0000	0	1.00	0.2624	0.2264	-0.4830	1.421	0	nan	nan	nan	nan	nan	nan
130059	-0.739	1.006	-0.240	0.17	0.28	-0.01	-0.006	-0.009	-0.032	0.003	0.000	0.003	0.0000	0.0000	0.0000	0.0000	0.0000	0.0000	0	1.00	0.2624	0.2264	-0.4830	1.421	0	nan	nan	nan	nan	nan	nan
130067	-0.739	1.006	-0.240	0.20	0.34	-0.31	0.014	-0.012	-0.026	0.003	0.000	0.003	0.0000	0.0000	0.0000	0.0000	0.0000	0.0000	0	1.00	0.2624	0.2264	-0.4830	1.421	0	nan	nan	nan	nan	nan	nan
130075	-0.742	1.007	-0.239	0.05	0.61	0.31	-0.004	-0.017	-0.019	0.003	0.000	0.003	0.0000	0.0000	0.0000	0.0000	0.0000	0.0000	0	1.00	0.2624	0.2264	-0.4830	1.421	0	nan	nan	nan	nan	nan	nan
130084	-0.743	1.004	-0.235	0.02	0.57	-0.15	-0.005	-0.021	-0.017	0.003	0.000	0.003	0.0000	0.0000	0.0000	0.0000	0.0000	0.0000	0	1.00	0.2624	0.2264	-0.4830	1.421	0	nan	nan	nan	nan	nan	nan
130092	-0.745	1.006	-0.235	0.07	0.51	-0.13	0.002	-0.001	0.010	0.003	0.000	0.003	0.0000	0.0000	0.0000	0.0000	0.0000	0.0000	0	1.00	0.2624	0.2264	-0.4830	1.421	0	nan	nan	nan	nan	nan	nan
130100	-0.746	1.014	-0.241	0.58	0.83	0.10	-0.012	-0.014	0.017	0.003	0.000	0.003	0.0000	0.0000	0.0000	0.0000	0.0000	0.0000	0	1.00	0.2624	0.2264	-0.4830	1.421	0	nan	nan	nan	nan	nan	nan
130108	-0.747	1.018	-0.244	0.51	0.50	-0.14	-0.005	-0.005	0.019	0.003	0.000	0.003	0.0000	0.0000	0.0000	0.0000	0.0000	0.0000	0	1.00	0.2624	0.2264	-0.4830	1.421	0	nan	nan	nan	nan	nan	nan
130116	-0.751	1.023	-0.246	0.48	0.51	-0.22	0.000	0.001	0.019	0.003	0.000	0.003	0.0000	0.0000	0.0000	0.0000	0.0000	0.0000	0	1.00	0.2624	0.2264	-0.4830	1.421	0	nan	nan	nan	nan	nan	nan
130124	-0.756	1.031	-0.248	0.55	0.45	-0.02	-0.003	0.004	0.014	0.003	0.000	0.003	0.0000	0.0000	0.0000	0.0000	0.0000	0.0000	0	1.00	0.2624	0.2264	-0.4830	1.421	0	nan	nan	nan	nan	nan	nan
130132	-0.757	1.038	-0.254	0.63	0.50	-0.05	-0.004	0.031	0.006	0.003	0.000	0.003	0.0000	0.0000	0.0000	0.0000	0.0000	0.0000	0	1.00	0.2624	0.2264	-0.4830	1.421	0	nan	nan	nan	nan	nan	nan
130140	-0.757	1.039	-0.255	0.97	0.34	-0.13	0.005	0.043	0.009	0.003	0.000	0.003	0.0000	0.0000	0.0000	0.0000	0.0000	0.0000	0	1.00	0.2624	0.2264	-0.4830	1.421	0	nan	nan	nan	nan	nan	nan
130149	-0.758	1.042	-0.257	0.87	-0.02	-0.40	-0.003	0.022	0.007	0.003	0.000	0.003	0.0000	0.0000	0.0000	0.0000	0.0000	0.0000	0	1.00	0.2624	0.2264	-0.4830	1.421	0	nan	nan	nan	nan	nan	nan
130157	-0.761	1.049	-0.260	0.87	-0.19	-0.23	-0.001	0.007	-0.002	0.003	0.000	0.003	0.0000	0.0000	0.0000	0.0000	0.0000	0.0000	0	1.00	0.2624	0.2264	-0.4830	1.421	0	nan	nan	nan	nan	nan	nan
130165	-0.760	1.051	-0.263	1.02	-0.44	-0.56	0.003	0.026	-0.024	0.003	0.000	0.003	0.0000	0.0000	0.0000	0.0000	0.0000	0.0000	0	1.00	0.2624	0.2264	-0.4830	1.421	0	nan	nan	nan	nan	nan	nan
130173	-0.750	1.052	-0.273	1.01	-0.83	-0.79	-0.002	-0.009	-0.025	0.003	0.000	0.003	0.0000	0.0000	0.0000	0.0000	0.0000	0.0000	0	1.00	0.2624	0.2264	-0.4830	1.421	0	nan	nan	nan	nan	nan	nan
130182	-0.742	1.054	-0.284	1.02	-1.09	-0.96	-0.010	-0.005	-0.013	0.003	0.000	0.003	0.0000	0.0000	0.0000	0.0000	0.0000	0.0000	0	1.00	0.2624	0.2264	-0.4830	1.421	0	nan	nan	nan	nan	nan	nan
130190	-0.743	1.055	-0.284	1.27	-1.15	-0.41	-0.006	-0.006	-0.017	0.003	0.000	0.003	0.0000	0.0000	0.0000	0.0000	0.0000	0.0000	0	1.00	0.2624	0.2264	-0.4830	1.421	0	nan	nan	nan	nan	nan	nan
130198	-0.732	1.048	-0.289	1.15	-1.32	-0.76	0.001	-0.034	-0.013	0.003	0.000	0.003	0.0000	0.0000	0.0000	0.0000	0.0000	0.0000	0	1.00	0.2624	0.2264	-0.4830	1.421	0	nan	nan	nan	nan	nan	nan
130206	-0.716	1.040	-0.297	1.06	-1.62	-0.80	-0.000	-0.033	-0.006	0.003	0.000	0.003	0.0000	0.0000	0.0000	0.0000	0.0000	0.0000	0	1.00	0.2624	0.2264	-0.4830	1.421	0	nan	nan	nan	nan	nan	nan
130214	-0.703	1.029	-0.299	0.73	-1.92	-1.01	0.004	-0.024	0.006	0.003	0.000	0.003	0.0000	0.0000	0.0000	0.0000	0.0000	0.0000	0	1.00	0.2624	0.2264	-0.4830	1.421	0	nan	nan	nan	nan	nan	nan
130222	-0.691	1.016	-0.299	0.95	-2.68	-1.00	0.004	-0.014	0.015	0.003	0.000	0.003	0.0000	0.0000	0.0000	0.0000	0.0000	0.0000	0	1.00	0.2624	0.2264	-0.4830	1.421	0	nan	nan	nan	nan	nan	nan
130230	-0.676	1.005	-0.302	1.04	-2.71	-0.95	0.003	0.003	0.011	0.003	0.000	0.003	0.0000	0.0000	0.0000	0.0000	0.0000	0.0000	0	1.00	0.2624	0.2264	-0.4830	1.421	0	nan	nan	nan	nan	nan	nan
130238	-0.664	0.999	-0.309	1.09	-2.58	-0.82	0.023	0.007	0.013	0.003	0.000	0.003	0.0000	0.0000	0.0000	0.0000	0.0000	0.0000	0	1.00	0.2624	0.2264	-0.4830	1.421	0	nan	nan	nan	nan	nan	nan
130246	-0.646	0.994	-0.322	0.96	-2.91	-0.46	0.011	0.003	0.008	0.003	0.000	0.003	0.0000	0.0000	0.0000	0.0000	0.0000	0.0000	0	1.00	0.2624	0.2264	-0.4830	1.421	0	nan	nan	nan	nan	nan	nan
130254	-0.631	0.980	-0.323	1.12	-3.39	-0.25	0.009	0.001	0.021	0.003	0.000	0.003	0.0000	0.0000	0.0000	0.0000	0.0000	0.0000	0	1.00	0.2624	0.2264	-0.4830	1.421	0	nan	nan	nan	nan	nan	nan
130262	-0.614	0.965	-0.326	1.04	-3.61	-0.04	-0.003	0.014	0.012	0.003	0.000	0.003	0.0000	0.0000	0.0000	0.0000	0.0000	0.0000	0	1.00	0.2624	0.2264	-0.4830	1.421	0	nan	nan	nan	nan	nan	nan
130270	-0.600	0.953	-0.328	1.34	-3.32	0.42	-0.019	0.018	0.007	0.003	0.000	0.003	0.0000	0.0000	0.0000	0.0000	0.0000	0.0000	0	1.00	0.2624	0.2264	-0.4830	1.421	0	nan	nan	nan	nan	nan	nan
130279	-0.579	0.933	-0.330	1.43	-3.70	0.82	-0.008	0.013	0.017	0.003	0.000	0.003	0.0000	0.0000	0.0000	0.0000	0.0000	0.0000	0	1.00	0.2624	0.2264	-0.4830	1.421	0	nan	nan	nan	nan	nan	nan
130287	-0.561	0.913	-0.328	1.66	-3.59	0.58	-0.024	-0.010	-0.021	0.003	0.000	0.003	0.0000	0.0000	0.0000	0.0000	0.0000	0.0000	0	1.00	0.2624	0.2264	-0.4830	1.421	0	nan	nan	nan	nan	nan	nan
130295	-0.540	0.886	-0.322	1.68	-3.87	0.73	-0.001	-0.008	-0.022	0.003	0.000	0.003	0.0000	0.0000	0.0000	0.0000	0.0000	0.0000	0	1.00	0.2624	0.2264	-0.4830	1.421	0	nan	nan	nan	nan	nan	nan
130303	-0.521	0.857	-0.313	1.76	-4.70	0.85	-0.009	0.002	-0.017	0.003	0.000	0.003	0.0000	0.0000	0.0000	0.0000	0.0000	0.0000	0	1.00	0.2624	0.2264	-0.4830	1.421	0	nan	nan	nan	nan	nan	nan
130311	-0.506	0.830	-0.302	1.25	-4.62	0.33	0.018	0.008	-0.006	0.003	0.000	0.003	0.0000	0.0000	0.0000	0.0000	0.0000	0.0000	0	1.00	0.2624	0.2264	-0.4830	1.421	0	nan	nan	nan	nan	nan	nan
130319	-0.484	0.797	-0.292	1.02	-5.01	0.11	0.022	0.024	-0.003	0.003	0.000	0.003	0.0000	0.0000	0.0000	0.0000	0.0000	0.0000	0	1.00	0.2624	0.2264	-0.4830	1.421	0	nan	nan	nan	nan	nan	nan
130327	-0.459	0.760	-0.280	0.87	-5.65	0.15	0.027	0.020	0.011	0.003	0.000	0.003	0.0000	0.0000	0.0000	0.0000	0.0000	0.0000	0	1.00	0.2624	0.2264	-0.4830	1.421	0	nan	nan	nan	nan	nan	nan
130335	-0.437	0.719	-0.263	0.81	-5.74	-0.02	0.026	-0.007	0.013	0.003	0.000	0.003	0.0000	0.0000	0.0000	0.0000	0.0000	0.0000	0	1.00	0.2624	0.2264	-0.4830	1.421	0	nan	nan	nan	nan	nan	nan
130343	-0.417	0.680	-0.245	0.25	-5.74	0.33	0.012	-0.001	0.014	0.003	0.000	0.003	0.0000	0.0000	0.0000	0.0000	0.0000	0.0000	0	1.00	0.2624	0.2264	-0.4830	1.421	0	nan	nan	nan	nan	nan	nan
130351	-0.407	0.645	-0.222	-0.29	-5.48	0.50	0.005	-0.011	0.002	0.003	0.000	0.003	0.0000	0.0000	0.0000	0.0000	0.0000	0.0000	0	1.00	0.2624	0.2264	-0.4830	1.421	0	nan	nan	nan	nan	nan	nan
130359	-0.388	0.607	-0.203	-0.49	-5.54	0.45	-0.014	-0.026	-0.018	0.003	0.000	0.003	0.0000	0.0000	0.0000	0.0000	0.0000	0.0000	0	1.00	0.2624	0.2264	-0.4830	1.421	0	nan	nan	nan	nan	nan	nan
130368	-0.364	0.563	-0.184	-0.07	-5.70	0.72	-0.010	-0.009	-0.013	0.003	0.000	0.003	0.0000	0.0000	0.0000	0.0000	0.0000	0.0000	0	1.00	0.2624	0.2264	-0.4830	1.421	0	nan	nan	nan	nan	nan	nan
130376	-0.345	0.523	-0.165	-0.26	-5.47	0.69	-0.002	-0.014	-0.014	0.003	0.000	0.003	0.0000	0.0000	0.0000	0.0000	0.0000	0.0000	0	1.00	0.2624	0.2264	-0.4830	1.421	0	nan	nan	nan	nan	nan	nan
130384	-0.330	0.490	-0.147	-0.48	-5.25	0.47	-0.006	-0.015	-0.029	0.003	0.000	0.003	0.0000	0.0000	0.0000	0.0000	0.0000	0.0000	0	1.00	0.2624	0.2264	-0.4830	1.421	0	nan	nan	nan	nan	nan	nan
130392	-0.315	0.457	-0.130	-0.55	-4.97	1.10	0.001	-0.020	-0.025	0.003	0.000	0.003	0.0000	0.0000	0.0000	0.0000	0.0000	0.0000	0	1.00	0.2624	0.2264	-0.4830	1.421	0	nan	nan	nan	nan	nan	nan
130400	-0.306	0.426	-0.109	-0.79	-4.79	1.80	0.005	-0.008	-0.027	0.003	0.000	0.003	0.0000	0.0000	0.0000	0.0000	0.0000	0.0000	0	1.00	0.2624	0.2264	-0.4830	1.421	0	nan	nan	nan	nan	nan	nan
130408	-0.295	0.393	-0.087	-0.35	-4.74	1.42	-0.000	-0.008	-0.022	0.003	0.000	0.003	0.0000	0.0000	0.0000	0.0000	0.0000	0.0000	0	1.00	0.2624	0.2264	-0.4830	1.421	0	nan	nan	nan	nan	nan	nan
130417	-0.281	0.358	-0.067	-0.08	-4.40	1.33	0.003	0.007	0.001	0.003	0.000	0.003	0.0000	0.0000	0.0000	0.0000	0.0000	0.0000	0	1.00	0.2624	0.2264	-0.4830	1.421	0	nan	nan	nan	nan	nan	nan
130425	-0.273	0.328	-0.046	-0.02	-3.94	1.87	-0.010	0.022	-0.000	0.003	0.000	0.003	0.0000	0.0000	0.0000	0.0000	0.0000	0.0000	0	1.00	0.2624	0.2264	-0.4830	1.421	0	nan	nan	nan	nan	nan	nan
130433	-0.270	0.299	-0.022	-0.07	-3.76	2.05	0.010	0.021	0.005	0.003	0.000	0.003	0.0000	0.0000	0.0000	0.0000	0.0000	0.0000	0	1.00	0.2624	0.2264	-0.4830	1.421	0	nan	nan	nan	nan	nan	nan
130441	-0.267	0.268	0.006	-0.27	-3.82	2.00	0.011	0.027	0.018	0.003	0.000	0.003	0.0000	0.0000	0.0000	0.0000	0.0000	0.0000	0	1.00	0.2624	0.2264	-0.4830	1.421	0	nan	nan	nan	nan	nan	nan
130449	-0.262	0.236	0.033	0.20	-3.71	2.37	-0.003	0.023	0.033	0.003	0.000	0.003	0.0000	0.0000	0.0000	0.0000	0.0000	0.0000	0	1.00	0.2624	0.2264	-0.4830	1.421	0	nan	nan	nan	nan	nan	nan
130457	-0.255	0.204	0.057	0.34	-3.39	2.34	0.012	0.005	0.013	0.003	0.000	0.003	0.0000	0.0000	0.0000	0.0000	0.0000	0.0000	0	1.00	0.2624	0.2264	-0.4830	1.421	0	nan	nan	nan	nan	nan	nan
130465	-0.254	0.179	0.080	0.18	-2.84	2.37	0.018	0.010	0.010	0.003	0.000	0.003	0.0000	0.0000	0.0000	0.0000	0.0000	0.0000	0	1.00	0.2624	0.2264	-0.4830	1.421	0	nan	nan	nan	nan	nan	nan
130474	-0.250	0.149	0.105	0.75	-3.15	2.32	0.005	0.000	-0.003	0.003	0.000	0.003	0.0000	0.0000	0.0000	0.0000	0.0000	0.0000	0	1.00	0.2624	0.2264	-0.4830	1.421	0	nan	nan	nan	nan	nan	nan
130482	-0.251	0.124	0.130	0.58	-2.89	2.33	0.011	-0.026	-0.010	0.003	0.000	0.003	0.0000	0.0000	0.0000	0.0000	0.0000	0.0000	0	1.00	0.2624	0.2264	-0.4830	1.421	0	nan	nan	nan	nan	nan	nan
130490	-0.248	0.093	0.157	0.75	-3.07	2.24	0.017	-0.020	-0.021	0.003	0.000	0.003	0.0000	0.0000	0.0000	0.0000	0.0000	0.0000	0	1.00	0.2624	0.2264	-0.4830	1.421	0	nan	nan	nan	nan	nan	nan
130498	-0.242	0.071	0.173	1.04	-2.96	1.83	0.002	-0.032	-0.019	0.003	0.000	0.003	0.0000	0.0000	0.0000	0.0000	0.0000	0.0000	0	1.00	0.2624	0.2264	-0.4830	1.421	0	nan	nan	nan	nan	nan	nan
130506	-0.238	0.046	0.193	1.24	-3.26	1.62	-0.012	-0.017	-0.023	0.003	0.000	0.003	0.0000	0.0000	0.0000	0.0000	0.0000	0.0000	0	1.00	0.2624	0.2264	-0.4830	1.421	0	nan	nan	nan	nan	nan	nan
130514	-0.238	0.025	0.213	1.20	-3.21	1.50	-0.004	-0.016	-0.019	0.003	0.000	0.003	0.0000	0.0000	0.0000	0.0000	0.0000	0.0000	0	1.00	0.2624	0.2264	-0.4830	1.421	0	nan	nan	nan	nan	nan	nan
130522	-0.235	0.002	0.233	1.58	-3.26	1.27	-0.009	-0.001	-0.004	0.003	0.000	0.003	0.0000	0.0000	0.0000	0.0000	0.0000	0.0000	0	1.00	0.2624	0.2264	-0.4830	1.421	0	nan	nan	nan	nan	nan	nan
130530	-0.236	-0.013	0.249	1.54	-3.62	1.26	-0.021	0.013	-0.001	0.003	0.000	0.003	0.0000	0.0000	0.0000	0.0000	0.0000	0.0000	0	1.00	0.2624	0.2264	-0.4830	1.421	0	nan	nan	nan	nan	nan	nan
130538	-0.225	-0.037	0.261	1.63	-3.22	0.88	-0.019	0.029	0.010	0.003	0.000	0.003	0.0000	0.0000	0.0000	0.0000	0.0000	0.0000	0	1.00	0.2624	0.2264	-0.4830	1.421	0	nan	nan	nan	nan	nan	nan
130546	-0.212	-0.062	0.272	1.99	-3.39	0.89	-0.024	0.024	0.020	0.003	0.000	0.003	0.0000	0.0000	0.0000	0.0000	0.0000	0.0000	0	1.00	0.2624	0.2264	-0.4830	1.421	0	nan	nan	nan	nan	nan	nan
130554	-0.194	-0.091	0.283	2.30	-3.51	1.02	-0.017	0.040	0.035	0.003	0.000	0.003	0.0000	0.0000	0.0000	0.0000	0.0000	0.0000	0	1.00	0.2624	0.2264	-0.4830	1.421	0	nan	nan	nan	nan	nan	nan
130562	-0.176	-0.122	0.295	2.28	-3.30	0.63	-0.008	0.040	0.029	0.003	0.000	0.003	0.0000	0.0000	0.0000	0.0000	0.0000	0.0000	0	1.00	0.2624	0.2264	-0.4830	1.421	0	nan	nan	nan	nan	nan	nan
130570	-0.151	-0.153	0.299	2.43	-3.18	0.66	0.003	0.016	0.040	0.003	0.000	0.003	0.0000	0.0000	0.0000	0.0000	0.0000	0.0000	0	1.00	0.2624	0.2264	-0.4830	1.421	0	nan	nan	nan	nan	nan	nan
130579	-0.129	-0.182	0.307	2.37	-2.92	0.58	0.025	-0.003	0.028	0.003	0.000	0.003	0.0000	0.0000	0.0000	0.0000	0.0000	0.0000	0	1.00	0.2624	0.2264	-0.4830	1.421	0	nan	nan	nan	nan	nan	nan
130587	-0.106	-0.214	0.315	2.70	-2.56	0.42	0.034	-0.011	0.029	0.003	0.000	0.003	0.0000	0.0000	0.0000	0.0000	0.0000	0.0000	0	1.00	0.2624	0.2264	-0.4830	1.421	0	nan	nan	nan	nan	nan	nan
130595	-0.083	-0.247	0.324	2.54	-2.69	0.38	0.043	-0.015	0.016	0.003	0.000	0.003	0.0000	0.0000	0.0000	0.0000	0.0000	0.0000	0	1.00	0.2624	0.2264	-0.4830	1.421	0	nan	nan	nan	nan	nan	nan
130603	-0.060	-0.273	0.326	2.34	-2.53	0.11	0.041	-0.014	0.011	0.003	0.000	0.003	0.0000	0.0000	0.0000	0.0000	0.0000	0.0000	0	1.00	0.2624	0.2264	-0.4830	1.421	0	nan	nan	nan	nan	nan	nan
130611	-0.038	-0.298	0.329	2.32	-1.88	0.33	0.031	-0.028	-0.022	0.003	0.000	0.003	0.0000	0.0000	0.0000	0.0000	0.0000	0.0000	0	1.00	0.2624	0.2264	-0.4830	1.421	0	nan	nan	nan	nan	nan	nan
130619	-0.014	-0.321	0.327	2.50	-1.86	-0.08	0.031	-0.033	-0.031	0.003	0.000	0.003	0.0000	0.0000	0.0000	0.0000	0.0000	0.0000	0	1.00	0.2624	0.2264	-0.4830	1.421	0	nan	nan	nan	nan	nan	nan
130627	0.008	-0.341	0.324	2.53	-1.40	-0.05	-0.010	-0.023	-0.049	0.003	0.000	0.003	0.0000	0.0000	0.0000	0.0000	0.0000	0.0000	0	1.00	0.2624	0.2264	-0.4830	1.421	0	nan	nan	nan	nan	nan	nan
130635	0.034	-0.360	0.317	2.40	-1.19	0.08	-0.017	-0.016	-0.031	0.003	0.000	0.003	0.0000	0.0000	0.0000	0.0000	0.0000	0.0000	0	1.00	0.2624	0.2264	-0.4830	1.421	0	nan	nan	nan	nan	nan	nan
130643	0.058	-0.375	0.307	2.55	-0.96	-0.30	-0.028	0.013	-0.030	0.003	0.000	0.003	0.0000	0.0000	0.0000	0.0000	0.0000	0.0000	0	1.00	0.2624	0.2264	-0.4830	1.421	0	nan	nan	nan	nan	nan	nan
130651	0.078	-0.389	0.301	2.00	-0.84	-0.18	-0.036	-0.008	-0.021	0.003	0.000	0.003	0.0000	0.0000	0.0000	0.0000	0.0000	0.0000	0	1.00	0.2624	0.2264	-0.4830	1.421	0	nan	nan	nan	nan	nan	nan
130659	0.100	-0.403	0.292	2.00	-0.67	-0.36	-0.039	0.017	0.005	0.003	0.000	0.003	0.0000	0.0000	0.0000	0.0000	0.0000	0.0000	0	1.00	0.2624	0.2264	-0.4830	1.421	0	nan	nan	nan	nan	nan	nan
130667	0.118	-0.413	0.284	1.89	-0.89	-0.66	-0.040	0.020	0.027	0.003	0.000	0.003	0.0000	0.0000	0.0000	0.0000	0.0000	0.0000	0	1.00	0.2624	0.2264	-0.4830	1.421	0	nan	nan	nan	nan	nan	nan
130676	0.142	-0.427	0.274	2.12	-0.37	-0.57	-0.015	0.017	0.029	0.002	0.000	0.003	0.0000	0.0000	0.0000	0.0000	0.0000	0.0000	0	1.00	0.2624	0.2264	-0.4830	1.421	0	nan	nan	nan	nan	nan	nan
130684	0.161	-0.436	0.263	1.95	-0.34	-0.63	-0.013	0.011	0.027	0.002	0.000	0.003	0.0000	0.0000	0.0000	0.0000	0.0000	0.0000	0	1.00	0.2624	0.2264	-0.4830	1.421	0	nan	nan	nan	nan	nan	nan
130692	0.178	-0.440	0.251	1.60	-0.13	-0.50	0.003	0.023	0.028	0.002	0.000	0.003	0.0000	0.0000	0.0000	0.0000	0.0000	0.0000	0	1.00	0.2624	0.2264	-0.4830	1.421	0	nan	nan	nan	nan	nan	nan
130700	0.196	-0.446	0.238	1.40	-0.31	-0.43	0.021	0.024	0.021	0.002	0.000	0.003	0.0000	0.0000	0.0000	0.0000	0.0000	0.0000	0	1.00	0.2624	0.2264	-0.4830	1.421	0	nan	nan	nan	nan	nan	nan
130708	0.214	-0.451	0.225	1.47	-0.04	-0.25	0.032	0.032	-0.013	0.003	0.000	0.003	0.0000	0.0000	0.0000	0.0000	0.0000	0.0000	0	1.00	0.2624	0.2264	-0.4830	1.421	0	nan	nan	nan	nan	nan	nan
130717	0.228	-0.453	0.213	1.52	0.06	0.03	0.046	0.014	-0.007	0.003	0.000	0.003	0.0000	0.0000	0.0000	0.0000	0.0000	0.0000	0	1.00	0.2624	0.2264	-0.4830	1.421	0	nan	nan	nan	nan	nan	nan
130725	0.243	-0.457	0.202	1.07	0.29	0.25	0.042	-0.006	-0.025	0.003	0.000	0.003	0.0000	0.0000	0.0000	0.0000	0.0000	0.0000	0	1.00	0.2624	0.2264	-0.4830	1.421	0	nan	nan	nan	nan	nan	nan
130733	0.256	-0.457	0.189	1.18	0.05	0.27	0.040	-0.026	-0.027	0.003	0.000	0.003	0.0000	0.0000	0.0000	0.0000	0.0000	0.0000	0	1.00	0.2624	0.2264	-0.4830	1.421	0	nan	nan	nan	nan	nan	nan
130741	0.263	-0.461	0.186	0.81	-0.16	0.32	0.022	-0.029	-0.020	0.003	0.000	0.003	0.0000	0.0000	0.0000	0.0000	0.0000	0.0000	0	1.00	0.2624	0.2264	-0.4830	1.421	0	nan	nan	nan	nan	nan	nan
130749	0.263	-0.462	0.187	0.76	-0.13	0.35	0.013	-0.033	-0.012	0.003	0.000	0.003	0.0000	0.0000	0.0000	0.0000	0.0000	0.0000	0	1.00	0.2624	0.2264	-0.4830	1.421	0	nan	nan	nan	nan	nan	nan
130757	0.261	-0.456	0.183	0.39	0.21	0.17	0.007	-0.019	-0.005	0.003	0.000	0.003	0.0000	0.0000	0.0000	0.0000	0.0000	0.0000	0	1.00	0.2624	0.2264	-0.4830	1.421	0	nan	nan	nan	nan	nan	nan
130765	0.261	-0.454	0.181	-0.01	-0.05	0.08	-0.003	-0.019	0.007	0.003	0.000	0.003	0.0000	0.0000	0.0000	0.0000	0.0000	0.0000	0	1.00	0.2624	0.2264	-0.4830	1.421	0	nan	nan	nan	nan	nan	nan
130773	0.265	-0.457	0.180	-0.09	-0.19	0.20	-0.019	-0.035	0.017	0.003	0.000	0.003	0.0000	0.0000	0.0000	0.0000	0.0000	0.0000	0	1.00	0.2624	0.2264	-0.4830	1.421	0	nan	nan	nan	nan	nan	nan
130781	0.265	-0.456	0.179	-0.05	-0.24	-0.11	-0.033	-0.005	0.032	0.003	0.000	0.003	0.0000	0.0000	0.0000	0.0000	0.0000	0.0000	0	1.00	0.2624	0.2264	-0.4830	1.421	0	nan	nan	nan	nan	nan	nan
130789	0.263	-0.449	0.173	-0.21	-0.11	0.02	-0.040	0.005	0.047	0.003	0.000	0.003	0.0000	0.0000	0.0000	0.0000	0.0000	0.0000	0	1.00	0.2624	0.2264	-0.4830	1.421	0	nan	nan	nan	nan	nan	nan
130797	0.264	-0.447	0.171	-0.59	-0.49	0.25	-0.035	0.020	0.042	0.003	0.000	0.003	0.0000	0.0000	0.0000	0.0000	0.0000	0.0000	0	1.00	0.2624	0.2264	-0.4830	1.421	0	nan	nan	nan	nan	nan	nan
130805	0.261	-0.440	0.168	-0.77	-0.29	0.44	-0.034	0.037	0.039	0.003	0.000	0.003	0.0000	0.0000	0.0000	0.0000	0.0000	0.0000	0	1.00	0.2624	0.2264	-0.4830	1.421	0	nan	nan	nan	nan	nan	nan
130813	0.262	-0.440	0.166	-1.06	-0.61	0.63	-0.031	0.048	0.023	0.002	0.000	0.003	0.0000	0.0000	0.0000	0.0000	0.0000	0.0000	0	1.00	0.2624	0.2264	-0.4830	1.421	0	nan	nan	nan	nan	nan	nan
130822	0.258	-0.436	0.166	-0.62	-1.04	0.73	-0.018	0.048	-0.004	0.002	0.000	0.003	0.0000	0.0000	0.0000	0.0000	0.0000	0.0000	0	1.00	0.2624	0.2264	-0.4830	1.421	0	nan	nan	nan	nan	nan	nan
130830	0.253	-0.433	0.169	-0.98	-1.02	0.75	-0.006	0.042	-0.022	0.002	0.000	0.003	0.0000	0.0000	0.0000	0.0000	0.0000	0.0000	0	1.00	0.2624	0.2264	-0.4830	1.421	0	nan	nan	nan	nan	nan	nan
130838	0.243	-0.430	0.176	-0.89	-1.26	1.01	0.017	0.032	-0.038	0.002	0.000	0.003	0.0000	0.0000	0.0000	0.0000	0.0000	0.0000	0	1.00	0.2624	0.2264	-0.4830	1.421	0	nan	nan	nan	nan	nan	nan
130846	0.236	-0.436	0.188	-0.57	-1.62	1.26	0.021	0.022	-0.062	0.002	0.000	0.003	0.0000	0.0000	0.0000	0.0000	0.0000	0.0000	0	1.00	0.2624	0.2264	-0.4830	1.421	0	nan	nan	nan	nan	nan	nan
130854	0.232	-0.441	0.197	-0.96	-0.94	1.60	0.023	0.003	-0.060	0.002	0.000	0.003	0.0000	0.0000	0.0000	0.0000	0.0000	0.0000	0	1.00	0.2624	0.2264	-0.4830	1.421	0	nan	nan	nan	nan	nan	nan
130862	0.229	-0.451	0.210	-0.60	-1.08	1.71	0.021	-0.031	-0.059	0.002	0.000	0.003	0.0000	0.0000	0.0000	0.0000	0.0000	0.0000	0	1.00	0.2624	0.2264	-0.4830	1.421	0	nan	nan	nan	nan	nan	nan
130870	0.225	-0.462	0.225	-0.61	-1.28	1.60	0.013	-0.025	-0.043	0.003	0.000	0.003	0.0000	0.0000	0.0000	0.0000	0.0000	0.0000	0	1.00	0.2624	0.2264	-0.4830	1.421	0	nan	nan	nan	nan	nan	nan
130878	0.212	-0.467	0.243	-0.63	-1.05	1.49	0.015	-0.052	-0.028	0.003	0.000	0.003	0.0000	0.0000	0.0000	0.0000	0.0000	0.0000	0	1.00	0.2624	0.2264	-0.4830	1.421	0	nan	nan	nan	nan	nan	nan
130886	0.205	-0.475	0.257	-0.85	-1.29	1.42	0.003	-0.053	0.013	0.003	0.000	0.003	0.0000	0.0000	0.0000	0.0000	0.0000	0.0000	0	1.00	0.2624	0.2264	-0.4830	1.421	0	nan	nan	nan	nan	nan	nan
130894	0.196	-0.485	0.276	-0.77	-1.56	1.41	0.004	-0.073	0.032	0.003	0.000	0.003	0.0000	0.0000	0.0000	0.0000	0.0000	0.0000	0	1.00	0.2624	0.2264	-0.4830	1.421	0	nan	nan	nan	nan	nan	nan
130902	0.190	-0.493	0.290	-0.61	-1.48	1.06	-0.005	-0.055	0.058	0.003	0.000	0.003	0.0000	0.0000	0.0000	0.0000	0.0000	0.0000	0	1.00	0.2624	0.2264	-0.4830	1.421	0	nan	nan	nan	nan	nan	nan
130910	0.183	-0.498	0.302	-0.64	-1.32	1.13	-0.012	-0.019	0.077	0.003	0.000	0.003	0.0000	0.0000	0.0000	0.0000	0.0000	0.0000	0	1.00	0.2624	0.2264	-0.4830	1.421	0	nan	nan	nan	nan	nan	nan
130919	0.175	-0.506	0.318	-0.33	-0.98	1.12	-0.020	-0.006	0.089	0.002	0.000	0.003	0.0000	0.0000	0.0000	0.0000	0.0000	0.0000	0	1.00	0.2624	0.2264	-0.4830	1.421	0	nan	nan	nan	nan	nan	nan
130927	0.169	-0.515	0.333	-0.50	-1.00	1.10	-0.032	0.008	0.084	0.002	0.000	0.003	0.0000	0.0000	0.0000	0.0000	0.0000	0.0000	0	1.00	0.2624	0.2264	-0.4830	1.421	0	nan	nan	nan	nan	nan	nan
130935	0.159	-0.519	0.347	-0.52	-1.01	0.92	-0.031	0.013	0.074	0.002	0.000	0.003	0.0000	0.0000	0.0000	0.0000	0.0000	0.0000	0	1.00	0.2624	0.2264	-0.4830	1.421	0	nan	nan	nan	nan	nan	nan
130943	0.155	-0.525	0.357	-0.58	-0.84	0.92	-0.013	0.013	0.048	0.002	0.000	0.003	0.0000	0.0000	0.0000	0.0000	0.0000	0.0000	0	1.00	0.2624	0.2264	-0.4830	1.421	0	nan	nan	nan	nan	nan	nan
130951	0.157	-0.535	0.364	-0.31	-1.00	1.02	-0.005	0.036	0.017	0.002	0.000	0.003	0.0000	0.0000	0.0000	0.0000	0.0000	0.0000	0	1.00	0.2624	0.2264	-0.4830	1.421	0	nan	nan	nan	nan	nan	nan
130959	0.156	-0.545	0.375	-0.04	-0.81	0.78	0.008	0.009	-0.011	0.002	0.000	0.003	0.0000	0.0000	0.0000	0.0000	0.0000	0.0000	0	1.00	0.2624	0.2264	-0.4830	1.421	0	nan	nan	nan	nan	nan	nan
130968	0.153	-0.549	0.382	-0.17	-0.69	0.99	0.020	0.014	-0.031	0.002	0.000	0.003	0.0000	0.0000	0.0000	0.0000	0.0000	0.0000	0	1.00	0.2624	0.2264	-0.4830	1.421	0	nan	nan	nan	nan	nan	nan
130976	0.151	-0.553	0.387	-0.18	-0.47	1.20	0.025	0.013	-0.050	0.002	0.000	0.003	0.0000	0.0000	0.0000	0.0000	0.0000	0.0000	0	1.00	0.2624	0.2264	-0.4830	1.421	0	nan	nan	nan	nan	nan	nan
130984	0.154	-0.560	0.391	-0.14	-0.51	0.57	0.027	0.012	-0.054	0.002	0.000	0.003	0.0000	0.0000	0.0000	0.0000	0.0000	0.0000	0	1.00	0.2624	0.2264	-0.4830	1.421	0	nan	nan	nan	nan	nan	nan
130992	0.153	-0.564	0.396	0.01	-0.45	0.36	0.026	-0.015	-0.059	0.002	0.000	0.003	0.0000	0.0000	0.0000	0.0000	0.0000	0.0000	0	1.00	0.2624	0.2264	-0.4830	1.421	0	nan	nan	nan	nan	nan	nan
131000	0.158	-0.570	0.398	0.03	-0.27	0.37	0.020	-0.008	-0.063	0.003	0.000	0.003	0.0000	0.0000	0.0000	0.0000	0.0000	0.0000	0	1.00	0.2624	0.2264	-0.4830	1.421	0	nan	nan	nan	nan	nan	nan
131008	0.152	-0.571	0.404	-0.08	-0.12	0.01	0.017	-0.004	-0.039	0.003	0.000	0.003	0.0000	0.0000	0.0000	0.0000	0.0000	0.0000	0	1.00	0.2624	0.2264	-0.4830	1.421	0	nan	nan	nan	nan	nan	nan
131016	0.150	-0.574	0.409	-0.23	0.09	-0.05	0.009	-0.015	-0.020	0.003	0.000	0.003	0.0000	0.0000	0.0000	0.0000	0.0000	0.0000	0	1.00	0.2624	0.2264	-0.4830	1.421	0	nan	nan	nan	nan	nan	nan
131024	0.147	-0.575	0.414	-0.36	0.23	-0.16	-0.012	-0.023	0.005	0.003	0.000	0.003	0.0000	0.0000	0.0000	0.0000	0.0000	0.0000	0	1.00	0.2624	0.2264	-0.4830	1.421	0	nan	nan	nan	nan	nan	nan
131032	0.149	-0.581	0.416	-0.12	0.15	0.10	-0.017	-0.036	0.012	0.002	0.000	0.003	0.0000	0.0000	0.0000	0.0000	0.0000	0.0000	0	1.00	0.2624	0.2264	-0.4830	1.421	0	nan	nan	nan	nan	nan	nan
131040	0.148	-0.580	0.416	-0.52	0.28	-0.37	-0.012	-0.019	0.030	0.002	0.000	0.003	0.0000	0.0000	0.0000	0.0000	0.0000	0.0000	0	1.00	0.2624	0.2264	-0.4830	1.421	0	nan	nan	nan	nan	nan	nan
131048	0.154	-0.577	0.408	-0.28	0.17	-0.39	-0.018	-0.006	0.054	0.002	0.000	0.003	0.0000	0.0000	0.0000	0.0000	0.0000	0.0000	0	1.00	0.2624	0.2264	-0.4830	1.421	0	nan	nan	nan	nan	nan	nan
131056	0.152	-0.578	0.410	-0.46	0.45	-0.28	-0.013	0.005	0.042	0.002	0.000	0.003	0.0000	0.0000	0.0000	0.0000	0.0000	0.0000	0	1.00	0.2624	0.2264	-0.4830	1.421	0	nan	nan	nan	nan	nan	nan
131065	0.145	-0.571	0.411	-0.60	0.29	-0.10	0.004	0.028	0.037	0.002	0.000	0.003	0.0000	0.0000	0.0000	0.0000	0.0000	0.0000	0	1.00	0.2624	0.2264	-0.4830	1.421	0	nan	nan	nan	nan	nan	nan
131073	0.144	-0.565	0.406	-0.50	0.62	0.22	-0.007	0.030	0.016	0.002	0.000	0.003	0.0000	0.0000	0.0000	0.0000	0.0000	0.0000	0	1.00	0.2624	0.2264	-0.4830	1.421	0	nan	nan	nan	nan	nan	nan
131081	0.142	-0.555	0.399	-0.16	1.11	0.55	-0.005	0.027	-0.001	0.002	0.000	0.003	0.0000	0.0000	0.0000	0.0000	0.0000	0.0000	0	1.00	0.2624	0.2264	-0.4830	1.421	0	nan	nan	nan	nan	nan	nan
131089	0.136	-0.543	0.392	-0.10	0.87	-0.12	-0.004	0.022	-0.014	0.002	0.000	0.003	0.0000	0.0000	0.0000	0.0000	0.0000	0.0000	0	1.00	0.2624	0.2264	-0.4830	1.421	0	nan	nan	nan	nan	nan	nan
131097	0.123	-0.533	0.396	-0.07	1.21	0.04	-0.011	0.005	-0.015	0.002	0.000	0.003	0.0000	0.0000	0.0000	0.0000	0.0000	0.0000	0	1.00	0.2624	0.2264	-0.4830	1.421	0	nan	nan	nan	nan	nan	nan
131105	0.112	-0.519	0.393	-0.46	1.40	0.57	-0.008	0.001	-0.038	0.002	0.000	0.003	0.0000	0.0000	0.0000	0.0000	0.0000	0.0000	0	1.00	0.2624	0.2264	-0.4830	1.421	0	nan	nan	nan	nan	nan	nan
131113	0.100	-0.505	0.392	-0.09	1.27	0.53	0.003	0.003	-0.030	0.002	0.000	0.003	0.0000	0.0000	0.0000	0.0000	0.0000	0.0000	0	1.00	0.2624	0.2264	-0.4830	1.421	0	nan	nan	nan	nan	nan	nan
131121	0.097	-0.499	0.389	0.05	0.91	0.43	0.003	-0.003	-0.032	0.002	0.000	0.003	0.0000	0.0000	0.0000	0.0000	0.0000	0.0000	0	1.00	0.2624	0.2264	-0.4830	1.421	0	nan	nan	nan	nan	nan	nan
131129	0.092	-0.485	0.380	0.06	1.22	-0.30	0.022	-0.016	-0.023	0.002	0.000	0.003	0.0000	0.0000	0.0000	0.0000	0.0000	0.0000	0	1.00	0.2624	0.2264	-0.4830	1.421	0	nan	nan	nan	nan	nan	nan
131138	0.079	-0.472	0.381	0.05	0.93	-0.33	0.012	0.007	-0.008	0.002	0.000	0.003	0.0000	0.0000	0.0000	0.0000	0.0000	0.0000	0	1.00	0.2624	0.2264	-0.4830	1.421	0	nan	nan	nan	nan	nan	nan
131146	0.070	-0.471	0.389	0.02	0.55	-0.45	0.007	0.002	0.006	0.002	0.000	0.003	0.0000	0.0000	0.0000	0.0000	0.0000	0.0000	0	1.00	0.2624	0.2264	-0.4830	1.421	0	nan	nan	nan	nan	nan	nan
131154	0.061	-0.461	0.389	0.06	0.63	-0.45	0.004	0.013	0.033	0.002	0.000	0.003	0.0000	0.0000	0.0000	0.0000	0.0000	0.0000	0	1.00	0.2624	0.2264	-0.4830	1.421	0	nan	nan	nan	nan	nan	nan
131162	0.060	-0.458	0.386	0.32	0.15	-0.34	-0.018	0.011	0.025	0.002	0.000	0.003	0.0000	0.0000	0.0000	0.0000	0.0000	0.0000	0	1.00	0.2624	0.2264	-0.4830	1.421	0	nan	nan	nan	nan	nan	nan
131170	0.064	-0.455	0.379	0.40	0.07	-0.24	-0.010	-0.004	0.024	0.002	0.000	0.003	0.0000	0.0000	0.0000	0.0000	0.0000	0.0000	0	1.00	0.2624	0.2264	-0.4830	1.421	0	nan	nan	nan	nan	nan	nan
131178	0.068	-0.450	0.370	0.48	0.01	-0.47	-0.010	0.002	0.005	0.002	0.000	0.003	0.0000	0.0000	0.0000	0.0000	0.0000	0.0000	0	1.00	0.2624	0.2264	-0.4830	1.421	0	nan	nan	nan	nan	nan	nan
131186	0.068	-0.443	0.363	0.54	-0.44	-0.50	-0.015	0.008	0.015	0.002	0.000	0.003	0.0000	0.0000	0.0000	0.0000	0.0000	0.0000	0	1.00	0.2624	0.2264	-0.4830	1.421	0	nan	nan	nan	nan	nan	nan
131194	0.070	-0.440	0.359	0.46	-0.25	-0.40	-0.010	-0.020	0.020	0.002	0.000	0.003	0.0000	0.0000	0.0000	0.0000	0.0000	0.0000	0	1.00	0.2624	0.2264	-0.4830	1.421	0	nan	nan	nan	nan	nan	nan
131202	0.074	-0.439	0.354	0.43	-0.46	-0.26	0.006	-0.018	-0.010	0.002	0.000	0.003	0.0000	0.0000	0.0000	0.0000	0.0000	0.0000	0	1.00	0.2624	0.2264	-0.4830	1.421	0	nan	nan	nan	nan	nan	nan
131210	0.080	-0.440	0.348	0.45	0.18	0.03	-0.003	-0.014	-0.042	0.002	0.000	0.003	0.0000	0.0000	0.0000	0.0000	0.0000	0.0000	0	1.00	0.2624	0.2264	-0.4830	1.421	0	nan	nan	nan	nan	nan	nan
131218	0.098	-0.444	0.334	0.56	0.33	-0.34	0.009	-0.011	-0.034	0.002	0.000	0.003	0.0000	0.0000	0.0000	0.0000	0.0000	0.0000	0	1.00	0.2624	0.2264	-0.4830	1.421	0	nan	nan	nan	nan	nan	nan
131226	0.112	-0.450	0.326	0.24	-0.01	0.11	0.020	-0.017	-0.040	0.002	0.000	0.003	0.0000	0.0000	0.0000	0.0000	0.0000	0.0000	0	1.00	0.2624	0.2264	-0.4830	1.421	0	nan	nan	nan	nan	nan	nan
131234	0.122	-0.455	0.321	0.07	-0.12	0.17	0.022	-0.021	-0.041	0.002	0.000	0.003	0.0000	0.0000	0.0000	0.0000	0.0000	0.0000	0	1.00	0.2624	0.2264	-0.4830	1.421	0	nan	nan	nan	nan	nan	nan
131242	0.124	-0.455	0.319	-0.37	-0.02	0.52	0.038	0.001	-0.039	0.002	0.000	0.003	0.0000	0.0000	0.0000	0.0000	0.0000	0.0000	0	1.00	0.2624	0.2264	-0.4830	1.421	0	nan	nan	nan	nan	nan	nan
131250	0.130	-0.458	0.316	-0.37	0.26	0.55	0.014	0.009	-0.029	0.002	0.000	0.003	0.0000	0.0000	0.0000	0.0000	0.0000	0.0000	0	1.00	0.2624	0.2264	-0.4830	1.421	0	nan	nan	nan	nan	nan	nan
131259	0.126	-0.456	0.318	-0.85	0.58	0.61	0.006	0.021	-0.012	0.002	0.000	0.003	0.0000	0.0000	0.0000	0.0000	0.0000	0.0000	0	1.00	0.2624	0.2264	-0.4830	1.421	0	nan	nan	nan	nan	nan	nan
131267	0.121	-0.457	0.323	-1.36	0.22	0.85	0.016	0.019	-0.008	0.002	0.000	0.003	0.0000	0.0000	0.0000	0.0000	0.0000	0.0000	0	1.00	0.2624	0.2264	-0.4830	1.421	0	nan	nan	nan	nan	nan	nan
131275	0.111	-0.454	0.331	-1.09	0.47	1.28	0.006	0.023	0.021	0.002	0.000	0.003	0.0000	0.0000	0.0000	0.0000	0.0000	0.0000	0	1.00	0.2624	0.2264	-0.4830	1.421	0	nan	nan	nan	nan	nan	nan
131283	0.101	-0.449	0.336	-1.43	0.59	1.39	-0.012	0.014	0.023	0.002	0.000	0.003	0.0000	0.0000	0.0000	0.0000	0.0000	0.0000	0	1.00	0.2624	0.2264	-0.4830	1.421	0	nan	nan	nan	nan	nan	nan
131291	0.094	-0.447	0.341	-1.38	0.32	1.30	-0.013	0.012	0.024	0.002	0.000	0.003	0.0000	0.0000	0.0000	0.0000	0.0000	0.0000	0	1.00	0.2624	0.2264	-0.4830	1.421	0	nan	nan	nan	nan	nan	nan
131299	0.082	-0.439	0.346	-1.26	0.19	1.51	-0.041	-0.002	0.025	0.002	0.000	0.003	0.0000	0.0000	0.0000	0.0000	0.0000	0.0000	0	1.00	0.2624	0.2264	-0.4830	1.421	0	nan	nan	nan	nan	nan	nan
131307	0.073	-0.438	0.353	-1.13	0.20	1.17	-0.020	-0.010	0.015	0.002	0.000	0.003	0.0000	0.0000	0.0000	0.0000	0.0000	0.0000	0	1.00	0.2624	0.2264	-0.4830	1.421	0	nan	nan	nan	nan	nan	nan
131315	0.061	-0.438	0.366	-1.10	-0.18	1.31	-0.030	-0.013	0.010	0.002	0.000	0.003	0.0000	0.0000	0.0000	0.0000	0.0000	0.0000	0	1.00	0.2624	0.2264	-0.4830	1.421	0	nan	nan	nan	nan	nan	nan
131323	0.047	-0.437	0.378	-1.05	-0.25	0.90	-0.010	-0.019	0.022	0.002	0.000	0.003	0.0000	0.0000	0.0000	0.0000	0.0000	0.0000	0	1.00	0.2624	0.2264	-0.4830	1.421	0	nan	nan	nan	nan	nan	nan
131331	0.038	-0.435	0.386	-0.88	-0.76	0.39	0.009	-0.015	0.003	0.002	0.000	0.003	0.0000	0.0000	0.0000	0.0000	0.0000	0.0000	0	1.00	0.2624	0.2264	-0.4830	1.421	0	nan	nan	nan	nan	nan	nan
131339	0.030	-0.436	0.395	-0.70	-0.71	0.26	0.002	-0.004	0.023	0.002	0.000	0.003	0.0000	0.0000	0.0000	0.0000	0.0000	0.0000	0	1.00	0.2624	0.2264	-0.4830	1.421	0	nan	nan	nan	nan	nan	nan
131347	0.015	-0.432	0.406	-0.55	-0.94	0.04	0.013	-0.011	0.007	0.002	0.000	0.003	0.0000	0.0000	0.0000	0.0000	0.0000	0.0000	0	1.00	0.2624	0.2264	-0.4830	1.421	0	nan	nan	nan	nan	nan	nan
131355	0.003	-0.434	0.420	-0.30	-0.99	0.15	0.024	-0.019	0.004	0.002	0.000	0.003	0.0000	0.0000	0.0000	0.0000	0.0000	0.0000	0	1.00	0.2624	0.2264	-0.4830	1.421	0	nan	nan	nan	nan	nan	nan
131364	-0.005	-0.433	0.427	-0.34	-1.10	-0.12	0.031	-0.011	-0.011	0.002	0.000	0.003	0.0000	0.0000	0.0000	0.0000	0.0000	0.0000	0	1.00	0.2624	0.2264	-0.4830	1.421	0	nan	nan	nan	nan	nan	nan
131372	-0.014	-0.435	0.438	0.09	-0.89	0.09	0.022	0.003	-0.026	0.002	0.000	0.003	0.0000	0.0000	0.0000	0.0000	0.0000	0.0000	0	1.00	0.2624	0.2264	-0.4830	1.421	0	nan	nan	nan	nan	nan	nan
131380	-0.018	-0.435	0.441	-0.05	-0.57	-0.20	0.005	0.000	-0.032	0.002	0.000	0.003	0.0000	0.0000	0.0000	0.0000	0.0000	0.0000	0	1.00	0.2624	0.2264	-0.4830	1.421	0	nan	nan	nan	nan	nan	nan
131388	-0.023	-0.434	0.446	-0.06	-0.69	-0.40	-0.001	0.016	-0.022	0.002	0.000	0.003	0.0000	0.0000	0.0000	0.0000	0.0000	0.0000	0	1.00	0.2624	0.2264	-0.4830	1.421	0	nan	nan	nan	nan	nan	nan
131396	-0.023	-0.445	0.456	0.31	-0.89	0.08	0.008	0.019	-0.009	0.002	0.000	0.003	0.0000	0.0000	0.0000	0.0000	0.0000	0.0000	0	1.00	0.2624	0.2264	-0.4830	1.421	0	nan	nan	nan	nan	nan	nan
131404	-0.025	-0.447	0.461	0.10	-0.78	-0.14	-0.000	0.011	-0.009	0.002	0.000	0.003	0.0000	0.0000	0.0000	0.0000	0.0000	0.0000	0	1.00	0.2624	0.2264	-0.4830	1.421	0	nan	nan	nan	nan	nan	nan
131413	-0.016	-0.455	0.459	0.11	-0.67	-0.38	-0.020	0.006	-0.003	0.002	0.000	0.003	0.0000	0.0000	0.0000	0.0000	0.0000	0.0000	0	1.00	0.2624	0.2264	-0.4830	1.421	0	nan	nan	nan	nan	nan	nan
131421	-0.005	-0.462	0.455	0.48	-0.44	-0.33	-0.025	-0.014	0.013	0.002	0.000	0.003	0.0000	0.0000	0.0000	0.0000	0.0000	0.0000	0	1.00	0.2624	0.2264	-0.4830	1.421	0	nan	nan	nan	nan	nan	nan
131429	0.004	-0.469	0.453	0.36	-1.03	-0.57	-0.028	-0.032	0.028	0.002	0.000	0.003	0.0000	0.0000	0.0000	0.0000	0.0000	0.0000	0	1.00	0.2624	0.2264	-0.4830	1.421	0	nan	nan	nan	nan	nan	nan
131437	0.010	-0.474	0.452	0.27	-0.70	-0.50	-0.032	-0.009	0.014	0.002	0.000	0.003	0.0000	0.0000	0.0000	0.0000	0.0000	0.0000	0	1.00	0.2624	0.2264	-0.4830	1.421	0	nan	nan	nan	nan	nan	nan
131445	0.013	-0.471	0.445	0.71	-0.42	-0.48	-0.030	-0.022	0.014	0.002	0.000	0.003	0.0000	0.0000	0.0000	0.0000	0.0000	0.0000	0	1.00	0.2624	0.2264	-0.4830	1.421	0	nan	nan	nan	nan	nan	nan
131453	0.023	-0.472	0.438	0.80	0.00	-0.57	-0.023	-0.024	0.012	0.002	0.000	0.003	0.0000	0.0000	0.0000	0.0000	0.0000	0.0000	0	1.00	0.2624	0.2264	-0.4830	1.421	0	nan	nan	nan	nan	nan	nan
131461	0.027	-0.474	0.434	1.08	0.13	-0.45	-0.019	-0.006	0.009	0.002	0.000	0.003	0.0000	0.0000	0.0000	0.0000	0.0000	0.0000	0	1.00	0.2624	0.2264	-0.4830	1.421	0	nan	nan	nan	nan	nan	nan
131469	0.038	-0.481	0.430	0.72	0.15	-0.43	0.000	-0.008	-0.003	0.002	0.000	0.003	0.0000	0.0000	0.0000	0.0000	0.0000	0.0000	0	1.00	0.2624	0.2264	-0.4830	1.421	0	nan	nan	nan	nan	nan	nan
131477	0.042	-0.483	0.428	1.14	0.13	-0.62	0.026	0.006	-0.016	0.002	0.000	0.003	0.0000	0.0000	0.0000	0.0000	0.0000	0.0000	0	1.00	0.2624	0.2264	-0.4830	1.421	0	nan	nan	nan	nan	nan	nan
131485	0.047	-0.486	0.427	0.70	0.15	-0.94	0.032	0.001	0.002	0.002	0.000	0.003	0.0000	0.0000	0.0000	0.0000	0.0000	0.0000	0	1.00	0.2624	0.2264	-0.4830	1.421	0	nan	nan	nan	nan	nan	nan
131493	0.052	-0.482	0.417	0.39	0.19	-0.98	0.031	0.034	0.000	0.002	0.000	0.003	0.0000	0.0000	0.0000	0.0000	0.0000	0.0000	0	1.00	0.2624	0.2264	-0.4830	1.421	0	nan	nan	nan	nan	nan	nan
131501	0.062	-0.484	0.409	0.67	0.19	-0.73	0.021	0.009	-0.002	0.002	0.000	0.003	0.0000	0.0000	0.0000	0.0000	0.0000	0.0000	0	1.00	0.2624	0.2264	-0.4830	1.421	0	nan	nan	nan	nan	nan	nan
131509	0.068	-0.483	0.403	0.43	0.21	-0.62	0.019	0.018	-0.007	0.002	0.000	0.003	0.0000	0.0000	0.0000	0.0000	0.0000	0.0000	0	1.00	0.2624	0.2264	-0.4830	1.421	0	nan	nan	nan	nan	nan	nan
131518	0.069	-0.478	0.396	0.46	-0.08	-0.57	0.007	0.029	-0.004	0.002	0.000	0.003	0.0000	0.0000	0.0000	0.0000	0.0000	0.0000	0	1.00	0.2624	0.2264	-0.4830	1.421	0	nan	nan	nan	nan	nan	nan
131526	0.073	-0.474	0.389	0.52	0.25	0.10	0.002	0.018	-0.001	0.002	0.000	0.003	0.0000	0.0000	0.0000	0.0000	0.0000	0.0000	0	1.00	0.2624	0.2264	-0.4830	1.421	0	nan	nan	nan	nan	nan	nan
131534	0.086	-0.473	0.374	0.07	-0.01	-0.24	-0.006	0.010	0.006	0.002	0.000	0.003	0.0000	0.0000	0.0000	0.0000	0.0000	0.0000	0	1.00	0.2624	0.2264	-0.4830	1.421	0	nan	nan	nan	nan	nan	nan
131542	0.093	-0.474	0.369	-0.05	-0.40	0.06	-0.023	0.002	0.005	0.002	0.000	0.003	0.0000	0.0000	0.0000	0.0000	0.0000	0.0000	0	1.00	0.2624	0.2264	-0.4830	1.421	0	nan	nan	nan	nan	nan	nan
131550	0.091	-0.470	0.367	-0.19	-0.30	-0.02	-0.022	-0.006	0.001	0.002	0.000	0.003	0.0000	0.0000	0.0000	0.0000	0.0000	0.0000	0	1.00	0.2624	0.2264	-0.4830	1.421	0	nan	nan	nan	nan	nan	nan
131558	0.089	-0.467	0.366	-0.29	-0.25	0.03	-0.034	-0.011	-0.004	0.002	0.000	0.003	0.0000	0.0000	0.0000	0.0000	0.0000	0.0000	0	1.00	0.2624	0.2264	-0.4830	1.421	0	nan	nan	nan	nan	nan	nan
131566	0.092	-0.466	0.362	-0.41	-0.17	-0.14	-0.021	-0.006	-0.002	0.002	0.000	0.003	0.0000	0.0000	0.0000	0.0000	0.0000	0.0000	0	1.00	0.2624	0.2264	-0.4830	1.421	0	nan	nan	nan	nan	nan	nan
131574	0.098	-0.466	0.357	-0.37	-0.05	-0.19	-0.014	-0.015	0.002	0.002	0.000	0.003	0.0000	0.0000	0.0000	0.0000	0.0000	0.0000	0	1.00	0.2624	0.2264	-0.4830	1.421	0	nan	nan	nan	nan	nan	nan
131582	0.102	-0.471	0.357	-0.28	-0.55	-0.10	-0.005	-0.004	0.008	0.002	0.000	0.003	0.0000	0.0000	0.0000	0.0000	0.0000	0.0000	0	1.00	0.2624	0.2264	-0.4830	1.421	0	nan	nan	nan	nan	nan	nan
131590	0.103	-0.472	0.357	-0.19	-0.41	-0.22	0.001	0.014	0.005	0.002	0.000	0.003	0.0000	0.0000	0.0000	0.0000	0.0000	0.0000	0	1.00	0.2624	0.2264	-0.4830	1.421	0	nan	nan	nan	nan	nan	nan
131598	0.105	-0.474	0.356	-0.29	-0.49	-0.04	0.006	0.015	-0.002	0.002	0.000	0.003	0.0000	0.0000	0.0000	0.0000	0.0000	0.0000	0	1.00	0.2624	0.2264	-0.4830	1.421	0	nan	nan	nan	nan	nan	nan
131607	0.104	-0.477	0.360	-0.83	-0.35	-0.07	0.009	0.018	-0.012	0.002	0.000	0.003	0.0000	0.0000	0.0000	0.0000	0.0000	0.0000	0	1.00	0.2624	0.2264	-0.4830	1.421	0	nan	nan	nan	nan	nan	nan
131615	0.108	-0.482	0.361	-0.57	-0.91	-0.19	0.027	0.024	-0.015	0.002	0.000	0.003	0.0000	0.0000	0.0000	0.0000	0.0000	0.0000	0	1.00	0.2624	0.2264	-0.4830	1.421	0	nan	nan	nan	nan	nan	nan
131623	0.111	-0.481	0.357	-0.52	-0.73	-0.10	0.021	0.018	-0.022	0.002	0.000	0.003	0.0000	0.0000	0.0000	0.0000	0.0000	0.0000	0	1.00	0.2624	0.2264	-0.4830	1.421	0	nan	nan	nan	nan	nan	nan
131631	0.106	-0.479	0.361	-0.70	-0.61	-0.15	0.021	0.005	0.002	0.002	0.000	0.003	0.0000	0.0000	0.0000	0.0000	0.0000	0.0000	0	1.00	0.2624	0.2264	-0.4830	1.421	0	nan	nan	nan	nan	nan	nan
131639	0.100	-0.477	0.364	-1.03	-0.55	0.34	0.021	0.005	0.003	0.002	0.000	0.003	0.0000	0.0000	0.0000	0.0000	0.0000	0.0000	0	1.00	0.2624	0.2264	-0.4830	1.421	0	nan	nan	nan	nan	nan	nan
131647	0.092	-0.480	0.376	-0.97	-0.22	0.58	0.021	0.004	0.006	0.002	0.000	0.003	0.0000	0.0000	0.0000	0.0000	0.0000	0.0000	0	1.00	0.2624	0.2264	-0.4830	1.421	0	nan	nan	nan	nan	nan	nan
131655	0.087	-0.480	0.381	-0.79	-0.00	0.71	0.016	-0.015	-0.004	0.002	0.000	0.003	0.0000	0.0000	0.0000	0.0000	0.0000	0.0000	0	1.00	0.2624	0.2264	-0.4830	1.421	0	nan	nan	nan	nan	nan	nan
131663	0.080	-0.477	0.385	-0.41	0.19	0.99	-0.005	-0.028	-0.005	0.002	0.000	0.003	0.0000	0.0000	0.0000	0.0000	0.0000	0.0000	0	1.00	0.2624	0.2264	-0.4830	1.421	0	nan	nan	nan	nan	nan	nan
131671	0.073	-0.472	0.386	-0.51	0.34	0.19	-0.014	-0.022	-0.008	0.002	0.000	0.003	0.0000	0.0000	0.0000	0.0000	0.0000	0.0000	0	1.00	0.2624	0.2264	-0.4830	1.421	0	nan	nan	nan	nan	nan	nan
131679	0.061	-0.470	0.397	-0.55	0.39	0.50	-0.026	-0.031	0.006	0.002	0.000	0.003	0.0000	0.0000	0.0000	0.0000	0.0000	0.0000	0	1.00	0.2624	0.2264	-0.4830	1.421	0	nan	nan	nan	nan	nan	nan
131688	0.053	-0.472	0.407	0.01	0.56	0.41	-0.038	-0.017	0.023	0.002	0.000	0.003	0.0000	0.0000	0.0000	0.0000	0.0000	0.0000	0	1.00	0.2624	0.2264	-0.4830	1.421	0	nan	nan	nan	nan	nan	nan
131696	0.047	-0.477	0.417	0.23	0.34	0.19	-0.044	-0.004	0.011	0.002	0.000	0.003	0.0000	0.0000	0.0000	0.0000	0.0000	0.0000	0	1.00	0.2624	0.2264	-0.4830	1.421	0	nan	nan	nan	nan	nan	nan
131704	0.044	-0.479	0.423	0.58	0.16	0.02	-0.027	-0.013	0.023	0.002	0.000	0.003	0.0000	0.0000	0.0000	0.0000	0.0000	0.0000	0	1.00	0.2624	0.2264	-0.4830	1.421	0	nan	nan	nan	nan	nan	nan
131712	0.050	-0.484	0.422	0.73	0.19	-0.47	-0.019	-0.001	0.024	0.002	0.000	0.003	0.0000	0.0000	0.0000	0.0000	0.0000	0.0000	0	1.00	0.2624	0.2264	-0.4830	1.421	0	nan	nan	nan	nan	nan	nan
131720	0.053	-0.485	0.419	0.74	0.35	-0.75	0.008	0.042	0.025	0.002	0.000	0.003	0.0000	0.0000	0.0000	0.0000	0.0000	0.0000	0	1.00	0.2624	0.2264	-0.4830	1.421	0	nan	nan	nan	nan	nan	nan
131728	0.056	-0.486	0.416	1.13	-0.05	-1.06	0.031	0.041	0.019	0.002	0.000	0.003	0.0000	0.0000	0.0000	0.0000	0.0000	0.0000	0	1.00	0.2624	0.2264	-0.4830	1.421	0	nan	nan	nan	nan	nan	nan
131736	0.057	-0.480	0.410	0.90	-0.12	-0.86	0.044	0.059	0.004	0.002	0.000	0.003	0.0000	0.0000	0.0000	0.0000	0.0000	0.0000	0	1.00	0.2624	0.2264	-0.4830	1.421	0	nan	nan	nan	nan	nan	nan
131744	0.058	-0.477	0.406	0.74	0.06	-1.20	0.039	0.051	0.003	0.002	0.000	0.003	0.0000	0.0000	0.0000	0.0000	0.0000	0.0000	0	1.00	0.2624	0.2264	-0.4830	1.421	0	nan	nan	nan	nan	nan	nan
131752	0.061	-0.474	0.400	0.75	0.13	-0.96	0.044	0.035	-0.007	0.002	0.000	0.003	0.0000	0.0000	0.0000	0.0000	0.0000	0.0000	0	1.00	0.2624	0.2264	-0.4830	1.421	0	nan	nan	nan	nan	nan	nan
131760	0.067	-0.472	0.393	0.68	0.17	-0.83	0.061	0.040	-0.011	0.002	0.000	0.003	0.0000	0.0000	0.0000	0.0000	0.0000	0.0000	0	1.00	0.2624	0.2264	-0.4830	1.421	0	nan	nan	nan	nan	nan	nan
131768	0.077	-0.472	0.383	1.07	0.06	-0.69	0.033	0.004	-0.022	0.002	0.000	0.003	0.0000	0.0000	0.0000	0.0000	0.0000	0.0000	0	1.00	0.2624	0.2264	-0.4830	1.421	0	nan	nan	nan	nan	nan	nan
131776	0.089	-0.473	0.372	0.48	0.40	-0.86	0.002	-0.021	-0.027	0.002	0.000	0.003	0.0000	0.0000	0.0000	0.0000	0.0000	0.0000	0	1.00	0.2624	0.2264	-0.4830	1.421	0	nan	nan	nan	nan	nan	nan
131784	0.095	-0.474	0.367	0.31	0.08	-0.58	-0.019	-0.028	-0.013	0.002	0.000	0.003	0.0000	0.0000	0.0000	0.0000	0.0000	0.0000	0	1.00	0.2624	0.2264	-0.4830	1.421	0	nan	nan	nan	nan	nan	nan
131792	0.104	-0.476	0.360	0.21	0.06	-0.77	-0.009	-0.049	-0.005	0.002	0.000	0.003	0.0000	0.0000	0.0000	0.0000	0.0000	0.0000	0	1.00	0.2624	0.2264	-0.4830	1.421	0	nan	nan	nan	nan	nan	nan
131800	0.109	-0.473	0.352	-0.15	0.08	-0.76	-0.034	-0.054	-0.014	0.002	0.000	0.003	0.0000	0.0000	0.0000	0.0000	0.0000	0.0000	0	1.00	0.2624	0.2264	-0.4830	1.421	0	nan	nan	nan	nan	nan	nan
131808	0.115	-0.469	0.342	0.58	0.26	-0.40	-0.059	-0.042	-0.004	0.002	0.000	0.003	0.0000	0.0000	0.0000	0.0000	0.0000	0.0000	0	1.00	0.2624	0.2264	-0.4830	1.421	0	nan	nan	nan	nan	nan	nan
131817	0.118	-0.461	0.331	-0.03	0.75	-0.60	-0.063	-0.047	0.012	0.002	0.000	0.003	0.0000	0.0000	0.0000	0.0000	0.0000	0.0000	0	1.00	0.2624	0.2264	-0.4830	1.421	0	nan	nan	nan	nan	nan	nan
131825	0.121	-0.460	0.327	0.49	0.80	-0.21	-0.035	-0.031	0.017	0.002	0.000	0.003	0.0000	0.0000	0.0000	0.0000	0.0000	0.0000	0	1.00	0.2624	0.2264	-0.4830	1.421	0	nan	nan	nan	nan	nan	nan
131833	0.126	-0.459	0.321	0.21	0.39	-0.36	-0.010	-0.007	0.014	0.002	0.000	0.003	0.0000	0.0000	0.0000	0.0000	0.0000	0.0000	0	1.00	0.2624	0.2264	-0.4830	1.421	0	nan	nan	nan	nan	nan	nan
131841	0.128	-0.454	0.314	0.33	0.35	-0.23	-0.001	0.011	0.022	0.002	0.000	0.003	0.0000	0.0000	0.0000	0.0000	0.0000	0.0000	0	1.00	0.2624	0.2264	-0.4830	1.421	0	nan	nan	nan	nan	nan	nan
131849	0.128	-0.445	0.305	0.34	0.46	-0.46	0.015	0.029	0.010	0.002	0.000	0.003	0.0000	0.0000	0.0000	0.0000	0.0000	0.0000	0	1.00	0.2624	0.2264	-0.4830	1.421	0	nan	nan	nan	nan	nan	nan
131857	0.130	-0.440	0.299	-0.06	0.66	-0.26	0.035	0.025	0.010	0.002	0.000	0.003	0.0000	0.0000	0.0000	0.0000	0.0000	0.0000	0	1.00	0.2624	0.2264	-0.4830	1.421	0	nan	nan	nan	nan	nan	nan
131865	0.125	-0.438	0.301	-0.18	0.14	0.17	0.049	0.021	-0.001	0.002	0.000	0.003	0.0000	0.0000	0.0000	0.0000	0.0000	0.0000	0	1.00	0.2624	0.2264	-0.4830	1.421	0	nan	nan	nan	nan	nan	nan
131873	0.126	-0.439	0.301	0.14	0.04	0.15	0.042	0.027	-0.015	0.002	0.000	0.003	0.0000	0.0000	0.0000	0.0000	0.0000	0.0000	0	1.00	0.2624	0.2264	-0.4830	1.421	0	nan	nan	nan	nan	nan	nan
131881	0.125	-0.434	0.297	0.21	0.17	-0.15	0.040	0.029	-0.020	0.002	0.000	0.003	0.0000	0.0000	0.0000	0.0000	0.0000	0.0000	0	1.00	0.2624	0.2264	-0.4830	1.421	0	nan	nan	nan	nan	nan	nan
131889	0.126	-0.432	0.295	0.12	-0.01	0.02	0.024	0.025	-0.022	0.002	0.000	0.003	0.0000	0.0000	0.0000	0.0000	0.0000	0.0000	0	1.00	0.2624	0.2264	-0.4830	1.421	0	nan	nan	nan	nan	nan	nan
131897	0.119	-0.431	0.301	-0.30	-0.32	-0.21	-0.007	0.003	-0.014	0.002	0.000	0.003	0.0000	0.0000	0.0000	0.0000	0.0000	0.0000	0	1.00	0.2624	0.2264	-0.4830	1.421	0	nan	nan	nan	nan	nan	nan
131905	0.118	-0.435	0.306	-0.47	-0.30	0.16	-0.015	-0.009	-0.004	0.002	0.000	0.003	0.0000	0.0000	0.0000	0.0000	0.0000	0.0000	0	1.00	0.2624	0.2264	-0.4830	1.421	0	nan	nan	nan	nan	nan	nan
131913	0.122	-0.438	0.304	-0.70	-0.45	0.01	-0.024	0.006	0.007	0.002	0.000	0.003	0.0000	0.0000	0.0000	0.0000	0.0000	0.0000	0	1.00	0.2624	0.2264	-0.4830	1.421	0	nan	nan	nan	nan	nan	nan
131921	0.118	-0.432	0.303	-0.51	-0.29	0.08	-0.031	-0.028	0.015	0.002	0.000	0.003	0.0000	0.0000	0.0000	0.0000	0.0000	0.0000	0	1.00	0.2624	0.2264	-0.4830	1.421	0	nan	nan	nan	nan	nan	nan
131929	0.118	-0.432	0.303	-0.42	-0.28	0.09	-0.015	-0.030	0.014	0.002	0.000	0.003	0.0000	0.0000	0.0000	0.0000	0.0000	0.0000	0	1.00	0.2624	0.2264	-0.4830	1.421	0	nan	nan	nan	nan	nan	nan
131938	0.118	-0.436	0.306	-0.41	-0.38	0.07	-0.032	-0.022	0.003	0.002	0.000	0.003	0.0000	0.0000	0.0000	0.0000	0.0000	0.0000	0	1.00	0.2624	0.2264	-0.4830	1.421	0	nan	nan	nan	nan	nan	nan
131946	0.116	-0.438	0.310	-0.49	-0.65	-0.11	-0.007	-0.014	-0.002	0.002	0.000	0.003	0.0000	0.0000	0.0000	0.0000	0.0000	0.0000	0	1.00	0.2624	0.2264	-0.4830	1.421	0	nan	nan	nan	nan	nan	nan
131954	0.113	-0.439	0.314	-0.81	-0.77	0.12	-0.006	-0.010	-0.002	0.002	0.000	0.003	0.0000	0.0000	0.0000	0.0000	0.0000	0.0000	0	1.00	0.2624	0.2264	-0.4830	1.421	0	nan	nan	nan	nan	nan	nan
131962	0.113	-0.437	0.312	-0.32	-0.96	-0.07	0.010	-0.005	-0.004	0.002	0.000	0.003	0.0000	0.0000	0.0000	0.0000	0.0000	0.0000	0	1.00	0.2624	0.2264	-0.4830	1.421	0	nan	nan	nan	nan	nan	nan
131971	0.113	-0.440	0.315	-0.42	-1.17	0.24	0.012	0.011	-0.007	0.002	0.000	0.003	0.0000	0.0000	0.0000	0.0000	0.0000	0.0000	0	1.00	0.2624	0.2264	-0.4830	1.421	0	nan	nan	nan	nan	nan	nan
131979	0.118	-0.445	0.315	-0.28	-0.90	0.25	0.019	0.013	0.007	0.002	0.000	0.003	0.0000	0.0000	0.0000	0.0000	0.0000	0.0000	0	1.00	0.2624	0.2264	-0.4830	1.421	0	nan	nan	nan	nan	nan	nan
131987	0.117	-0.451	0.322	-0.29	-1.47	0.20	0.035	0.010	-0.005	0.002	0.000	0.003	0.0000	0.0000	0.0000	0.0000	0.0000	0.0000	0	1.00	0.2624	0.2264	-0.4830	1.421	0	nan	nan	nan	nan	nan	nan
131995	0.112	-0.456	0.332	-0.32	-1.43	0.40	0.014	0.014	-0.003	0.002	0.000	0.003	0.0000	0.0000	0.0000	0.0000	0.0000	0.0000	0	1.00	0.2624	0.2264	-0.4830	1.421	0	nan	nan	nan	nan	nan	nan
132003	0.113	-0.461	0.336	-0.17	-1.52	0.66	0.022	0.016	0.000	0.002	0.000	0.003	0.0000	0.0000	0.0000	0.0000	0.0000	0.0000	0	1.00	0.2624	0.2264	-0.4830	1.421	0	nan	nan	nan	nan	nan	nan
132011	0.111	-0.466	0.343	-0.14	-1.60	0.49	0.016	0.010	-0.006	0.002	0.000	0.003	0.0000	0.0000	0.0000	0.0000	0.0000	0.0000	0	1.00	0.2624	0.2264	-0.4830	1.421	0	nan	nan	nan	nan	nan	nan
132019	0.112	-0.472	0.348	-0.51	-1.81	0.54	0.012	-0.019	0.001	0.002	0.000	0.003	0.0000	0.0000	0.0000	0.0000	0.0000	0.0000	0	1.00	0.2624	0.2264	-0.4830	1.421	0	nan	nan	nan	nan	nan	nan
132027	0.115	-0.487	0.360	-0.39	-1.82	0.96	-0.005	-0.010	-0.001	0.002	0.000	0.003	0.0000	0.0000	0.0000	0.0000	0.0000	0.0000	0	1.00	0.2624	0.2264	-0.4830	1.421	0	nan	nan	nan	nan	nan	nan
132035	0.119	-0.500	0.368	-0.63	-1.98	0.63	-0.037	0.006	-0.005	0.002	0.000	0.003	0.0000	0.0000	0.0000	0.0000	0.0000	0.0000	0	1.00	0.2624	0.2264	-0.4830	1.421	0	nan	nan	nan	nan	nan	nan
132043	0.118	-0.509	0.378	-0.73	-2.06	0.81	-0.036	-0.013	0.009	0.002	0.000	0.003	0.0000	0.0000	0.0000	0.0000	0.0000	0.0000	0	1.00	0.2624	0.2264	-0.4830	1.421	0	nan	nan	nan	nan	nan	nan
132051	0.119	-0.521	0.389	-0.72	-1.75	1.12	-0.030	-0.027	0.006	0.002	0.000	0.003	0.0000	0.0000	0.0000	0.0000	0.0000	0.0000	0	1.00	0.2624	0.2264	-0.4830	1.421	0	nan	nan	nan	nan	nan	nan
132059	0.126	-0.535	0.395	-0.12	-1.55	1.06	-0.027	-0.016	0.008	0.002	0.000	0.003	0.0000	0.0000	0.0000	0.0000	0.0000	0.0000	0	1.00	0.2624	0.2264	-0.4830	1.421	0	nan	nan	nan	nan	nan	nan
132067	0.129	-0.548	0.405	-0.22	-1.26	1.18	-0.009	-0.002	0.013	0.002	0.000	0.003	0.0000	0.0000	0.0000	0.0000	0.0000	0.0000	0	1.00	0.2624	0.2264	-0.4830	1.421	0	nan	nan	nan	nan	nan	nan
132075	0.125	-0.557	0.417	-0.35	-1.83	1.04	-0.006	0.007	-0.001	0.002	0.000	0.003	0.0000	0.0000	0.0000	0.0000	0.0000	0.0000	0	1.00	0.2624	0.2264	-0.4830	1.421	0	nan	nan	nan	nan	nan	nan
132084	0.121	-0.569	0.433	-0.62	-1.54	0.81	0.010	-0.005	0.004	0.002	0.000	0.003	0.0000	0.0000	0.0000	0.0000	0.0000	0.0000	0	1.00	0.2624	0.2264	-0.4830	1.421	0	nan	nan	nan	nan	nan	nan
132092	0.122	-0.581	0.443	-0.42	-1.31	1.12	0.016	0.007	0.014	0.002	0.000	0.003	0.0000	0.0000	0.0000	0.0000	0.0000	0.0000	0	1.00	0.2624	0.2264	-0.4830	1.421	0	nan	nan	nan	nan	nan	nan
132100	0.127	-0.592	0.450	-0.08	-1.14	1.04	0.013	-0.000	0.013	0.002	0.000	0.003	0.0000	0.0000	0.0000	0.0000	0.0000	0.0000	0	1.00	0.2624	0.2264	-0.4830	1.421	0	nan	nan	nan	nan	nan	nan
132108	0.130	-0.607	0.462	0.06	-0.96	1.13	0.021	0.007	-0.002	0.002	0.000	0.003	0.0000	0.0000	0.0000	0.0000	0.0000	0.0000	0	1.00	0.2624	0.2264	-0.4830	1.421	0	nan	nan	nan	nan	nan	nan
132116	0.128	-0.616	0.472	0.13	-0.80	1.12	0.018	0.009	-0.001	0.002	0.000	0.003	0.0000	0.0000	0.0000	0.0000	0.0000	0.0000	0	1.00	0.2624	0.2264	-0.4830	1.421	0	nan	nan	nan	nan	nan	nan
132125	0.130	-0.629	0.483	0.28	-0.68	1.16	0.016	0.002	-0.009	0.002	0.000	0.003	0.0000	0.0000	0.0000	0.0000	0.0000	0.0000	0	1.00	0.2624	0.2264	-0.4830	1.421	0	nan	nan	nan	nan	nan	nan
132133	0.130	-0.635	0.488	0.02	-0.74	0.84	0.011	0.006	-0.003	0.002	0.000	0.003	0.0000	0.0000	0.0000	0.0000	0.0000	0.0000	0	1.00	0.2624	0.2264	-0.4830	1.421	0	nan	nan	nan	nan	nan	nan
132141	0.132	-0.642	0.494	0.03	-0.32	0.74	0.012	0.022	-0.013	0.002	0.000	0.003	0.0000	0.0000	0.0000	0.0000	0.0000	0.0000	0	1.00	0.2624	0.2264	-0.4830	1.421	0	nan	nan	nan	nan	nan	nan
132149	0.130	-0.645	0.498	0.03	-0.37	0.78	0.000	0.016	-0.000	0.002	0.000	0.003	0.0000	0.0000	0.0000	0.0000	0.0000	0.0000	0	1.00	0.2624	0.2264	-0.4830	1.421	0	nan	nan	nan	nan	nan	nan
132157	0.130	-0.653	0.506	-0.45	-0.18	0.54	0.001	0.026	0.003	0.002	0.000	0.003	0.0000	0.0000	0.0000	0.0000	0.0000	0.0000	0	1.00	0.2624	0.2264	-0.4830	1.421	0	nan	nan	nan	nan	nan	nan
132165	0.123	-0.660	0.520	-0.53	-0.06	0.40	0.002	0.024	-0.011	0.002	0.000	0.003	0.0000	0.0000	0.0000	0.0000	0.0000	0.0000	0	1.00	0.2624	0.2264	-0.4830	1.421	0	nan	nan	nan	nan	nan	nan
132173	0.115	-0.660	0.527	-0.56	0.36	0.22	-0.001	-0.005	-0.010	0.002	0.000	0.003	0.0000	0.0000	0.0000	0.0000	0.0000	0.0000	0	1.00	0.2624	0.2264	-0.4830	1.421	0	nan	nan	nan	nan	nan	nan
132181	0.116	-0.661	0.527	-0.60	0.46	0.05	-0.003	0.002	0.001	0.002	0.000	0.003	0.0000	0.0000	0.0000	0.0000	0.0000	0.0000	0	1.00	0.2624	0.2264	-0.4830	1.421	0	nan	nan	nan	nan	nan	nan
132189	0.115	-0.659	0.527	-0.42	0.35	-0.23	-0.003	-0.014	0.002	0.002	0.000	0.003	0.0000	0.0000	0.0000	0.0000	0.0000	0.0000	0	1.00	0.2624	0.2264	-0.4830	1.421	0	nan	nan	nan	nan	nan	nan
132197	0.111	-0.655	0.526	-0.18	0.07	-0.08	0.002	-0.011	-0.005	0.002	0.000	0.003	0.0000	0.0000	0.0000	0.0000	0.0000	0.0000	0	1.00	0.2624	0.2264	-0.4830	1.421	0	nan	nan	nan	nan	nan	nan
132205	0.105	-0.649	0.527	-0.56	0.04	-0.20	-0.002	-0.010	0.011	0.002	0.000	0.003	0.0000	0.0000	0.0000	0.0000	0.0000	0.0000	0	1.00	0.2624	0.2264	-0.4830	1.421	0	nan	nan	nan	nan	nan	nan
132213	0.106	-0.642	0.520	-0.29	0.18	-0.40	0.003	-0.008	0.006	0.002	0.000	0.003	0.0000	0.0000	0.0000	0.0000	0.0000	0.0000	0	1.00	0.2624	0.2264	-0.4830	1.421	0	nan	nan	nan	nan	nan	nan
132222	0.107	-0.640	0.517	-0.25	0.11	0.05	0.003	-0.017	-0.011	0.002	0.000	0.003	0.0000	0.0000	0.0000	0.0000	0.0000	0.0000	0	1.00	0.2624	0.2264	-0.4830	1.421	0	nan	nan	nan	nan	nan	nan
132230	0.107	-0.639	0.515	0.07	0.07	-0.33	0.003	0.011	-0.016	0.002	0.000	0.003	0.0000	0.0000	0.0000	0.0000	0.0000	0.0000	0	1.00	0.2624	0.2264	-0.4830	1.421	0	nan	nan	nan	nan	nan	nan
132238	0.099	-0.635	0.519	-0.02	0.06	-0.34	-0.018	0.003	-0.028	0.002	0.000	0.003	0.0000	0.0000	0.0000	0.0000	0.0000	0.0000	0	1.00	0.2624	0.2264	-0.4830	1.421	0	nan	nan	nan	nan	nan	nan
132246	0.096	-0.635	0.522	-0.15	0.02	0.05	0.003	0.016	-0.007	0.002	0.000	0.003	0.0000	0.0000	0.0000	0.0000	0.0000	0.0000	0	1.00	0.2624	0.2264	-0.4830	1.421	0	nan	nan	nan	nan	nan	nan
132254	0.095	-0.628	0.517	-0.03	0.45	-0.30	-0.012	0.012	-0.005	0.002	0.000	0.003	0.0000	0.0000	0.0000	0.0000	0.0000	0.0000	0	1.00	0.2624	0.2264	-0.4830	1.421	0	nan	nan	nan	nan	nan	nan
132262	0.095	-0.625	0.514	-0.02	0.65	-0.18	-0.004	0.022	0.000	0.002	0.000	0.003	0.0000	0.0000	0.0000	0.0000	0.0000	0.0000	0	1.00	0.2624	0.2264	-0.4830	1.421	0	nan	nan	nan	nan	nan	nan
132270	0.095	-0.621	0.511	0.04	0.58	-0.60	-0.001	0.003	-0.003	0.002	0.000	0.003	0.0000	0.0000	0.0000	0.0000	0.0000	0.0000	0	1.00	0.2624	0.2264	-0.4830	1.421	0	nan	nan	nan	nan	nan	nan
132278	0.087	-0.614	0.511	0.13	0.66	-0.35	-0.010	0.009	0.011	0.002	0.000	0.003	0.0000	0.0000	0.0000	0.0000	0.0000	0.0000	0	1.00	0.2624	0.2264	-0.4830	1.421	0	nan	nan	nan	nan	nan	nan
132287	0.087	-0.610	0.506	0.18	0.79	-0.21	-0.000	0.001	0.022	0.002	0.000	0.003	0.0000	0.0000	0.0000	0.0000	0.0000	0.0000	0	1.00	0.2624	0.2264	-0.4830	1.421	0	nan	nan	nan	nan	nan	nan
132295	0.085	-0.601	0.500	0.72	0.82	-0.36	0.027	0.001	0.020	0.002	0.000	0.003	0.0000	0.0000	0.0000	0.0000	0.0000	0.0000	0	1.00	0.2624	0.2264	-0.4830	1.421	0	nan	nan	nan	nan	nan	nan
132303	0.080	-0.594	0.499	0.59	0.75	-0.26	0.012	-0.007	0.012	0.002	0.000	0.003	0.0000	0.0000	0.0000	0.0000	0.0000	0.0000	0	1.00	0.2624	0.2264	-0.4830	1.421	0	nan	nan	nan	nan	nan	nan
132311	0.083	-0.595	0.496	1.25	0.61	-0.14	0.024	-0.001	0.011	0.002	0.000	0.003	0.0000	0.0000	0.0000	0.0000	0.0000	0.0000	0	1.00	0.2624	0.2264	-0.4830	1.421	0	nan	nan	nan	nan	nan	nan
132319	0.089	-0.593	0.488	1.07	0.43	-0.32	0.019	0.014	0.007	0.002	0.000	0.003	0.0000	0.0000	0.0000	0.0000	0.0000	0.0000	0	1.00	0.2624	0.2264	-0.4830	1.421	0	nan	nan	nan	nan	nan	nan
132327	0.093	-0.588	0.480	1.10	-0.03	-0.09	0.015	0.024	-0.001	0.002	0.000	0.003	0.0000	0.0000	0.0000	0.0000	0.0000	0.0000	0	1.00	0.2624	0.2264	-0.4830	1.421	0	nan	nan	nan	nan	nan	nan
132335	0.100	-0.586	0.471	0.42	0.15	-0.44	0.008	0.016	-0.002	0.002	0.000	0.003	0.0000	0.0000	0.0000	0.0000	0.0000	0.0000	0	1.00	0.2624	0.2264	-0.4830	1.421	0	nan	nan	nan	nan	nan	nan
132343	0.107	-0.586	0.464	0.86	-0.04	-0.27	-0.013	0.021	-0.004	0.002	0.000	0.003	0.0000	0.0000	0.0000	0.0000	0.0000	0.0000	0	1.00	0.2624	0.2264	-0.4830	1.421	0	nan	nan	nan	nan	nan	nan
132351	0.117	-0.585	0.452	0.51	-0.36	-0.34	-0.026	0.007	-0.018	0.002	0.000	0.003	0.0000	0.0000	0.0000	0.0000	0.0000	0.0000	0	1.00	0.2624	0.2264	-0.4830	1.421	0	nan	nan	nan	nan	nan	nan
132359	0.126	-0.580	0.438	0.32	-0.37	-0.87	-0.022	0.019	-0.011	0.002	0.000	0.003	0.0000	0.0000	0.0000	0.0000	0.0000	0.0000	0	1.00	0.2624	0.2264	-0.4830	1.421	0	nan	nan	nan	nan	nan	nan
132367	0.137	-0.581	0.429	-0.13	-0.61	-0.93	-0.024	0.012	-0.013	0.002	0.000	0.003	0.0000	0.0000	0.0000	0.0000	0.0000	0.0000	0	1.00	0.2624	0.2264	-0.4830	1.421	0	nan	nan	nan	nan	nan	nan
132376	0.149	-0.581	0.417	0.01	-0.94	-0.32	-0.023	0.000	-0.012	0.002	0.000	0.003	0.0000	0.0000	0.0000	0.0000	0.0000	0.0000	0	1.00	0.2624	0.2264	-0.4830	1.421	0	nan	nan	nan	nan	nan	nan
132384	0.155	-0.580	0.410	-0.10	-1.05	0.01	-0.027	-0.024	0.003	0.002	0.000	0.003	0.0000	0.0000	0.0000	0.0000	0.0000	0.0000	0	1.00	0.2624	0.2264	-0.4830	1.421	0	nan	nan	nan	nan	nan	nan
132392	0.165	-0.584	0.404	-0.55	-1.15	0.25	-0.011	-0.036	-0.008	0.002	0.000	0.003	0.0000	0.0000	0.0000	0.0000	0.0000	0.0000	0	1.00	0.2624	0.2264	-0.4830	1.421	0	nan	nan	nan	nan	nan	nan
132400	0.170	-0.584	0.399	-0.78	-0.80	0.34	-0.011	-0.032	0.010	0.002	0.000	0.003	0.0000	0.0000	0.0000	0.0000	0.0000	0.0000	0	1.00	0.2624	0.2264	-0.4830	1.421	0	nan	nan	nan	nan	nan	nan
132408	0.177	-0.587	0.395	-0.63	-1.31	0.69	0.012	-0.049	0.009	0.002	0.000	0.003	0.0000	0.0000	0.0000	0.0000	0.0000	0.0000	0	1.00	0.2624	0.2264	-0.4830	1.421	0	nan	nan	nan	nan	nan	nan
132416	0.176	-0.593	0.401	-1.17	-1.16	0.66	0.021	-0.057	0.013	0.002	0.000	0.003	0.0000	0.0000	0.0000	0.0000	0.0000	0.0000	0	1.00	0.2624	0.2264	-0.4830	1.421	0	nan	nan	nan	nan	nan	nan
132424	0.172	-0.598	0.410	-0.92	-1.26	1.25	0.033	-0.019	0.007	0.002	0.000	0.003	0.0000	0.0000	0.0000	0.0000	0.0000	0.0000	0	1.00	0.2624	0.2264	-0.4830	1.421	0	nan	nan	nan	nan	nan	nan
132432	0.174	-0.602	0.412	-1.00	-0.87	1.47	0.046	-0.006	0.008	0.002	0.000	0.003	0.0000	0.0000	0.0000	0.0000	0.0000	0.0000	0	1.00	0.2624	0.2264	-0.4830	1.421	0	nan	nan	nan	nan	nan	nan
132440	0.170	-0.608	0.423	-1.45	-1.59	1.27	0.043	-0.001	0.003	0.002	0.000	0.003	0.0000	0.0000	0.0000	0.0000	0.0000	0.0000	0	1.00	0.2624	0.2264	-0.4830	1.421	0	nan	nan	nan	nan	nan	nan
132448	0.159	-0.611	0.436	-1.26	-1.30	1.21	0.016	0.009	0.003	0.002	0.000	0.003	0.0000	0.0000	0.0000	0.0000	0.0000	0.0000	0	1.00	0.2624	0.2264	-0.4830	1.421	0	nan	nan	nan	nan	nan	nan
132456	0.153	-0.621	0.451	-1.26	-1.47	1.38	-0.009	0.039	-0.007	0.002	0.000	0.003	0.0000	0.0000	0.0000	0.0000	0.0000	0.0000	0	1.00	0.2624	0.2264	-0.4830	1.421	0	nan	nan	nan	nan	nan	nan
132465	0.146	-0.629	0.466	-1.46	-1.30	1.72	-0.023	0.040	-0.018	0.002	0.000	0.003	0.0000	0.0000	0.0000	0.0000	0.0000	0.0000	0	1.00	0.2624	0.2264	-0.4830	1.421	0	nan	nan	nan	nan	nan	nan
132473	0.136	-0.637	0.485	-1.40	-1.34	2.03	-0.031	0.051	0.000	0.002	0.000	0.003	0.0000	0.0000	0.0000	0.0000	0.0000	0.0000	0	1.00	0.2624	0.2264	-0.4830	1.421	0	nan	nan	nan	nan	nan	nan
132481	0.133	-0.650	0.499	-1.17	-1.78	2.02	-0.024	0.038	-0.010	0.002	0.000	0.003	0.0000	0.0000	0.0000	0.0000	0.0000	0.0000	0	1.00	0.2624	0.2264	-0.4830	1.421	0	nan	nan	nan	nan	nan	nan
132489	0.127	-0.660	0.515	-1.48	-1.70	1.93	-0.027	0.043	-0.001	0.002	0.000	0.003	0.0000	0.0000	0.0000	0.0000	0.0000	0.0000	0	1.00	0.2624	0.2264	-0.4830	1.421	0	nan	nan	nan	nan	nan	nan
132497	0.114	-0.664	0.533	-1.43	-2.01	1.88	-0.009	-0.008	0.009	0.002	0.000	0.003	0.0000	0.0000	0.0000	0.0000	0.0000	0.0000	0	1.00	0.2624	0.2264	-0.4830	1.421	0	nan	nan	nan	nan	nan	nan
132505	0.101	-0.670	0.551	-1.70	-1.81	1.74	0.009	-0.020	0.013	0.002	0.000	0.003	0.0000	0.0000	0.0000	0.0000	0.0000	0.0000	0	1.00	0.2624	0.2264	-0.4830	1.421	0	nan	nan	nan	nan	nan	nan
132513	0.087	-0.675	0.570	-1.71	-1.89	2.25	0.022	-0.019	0.009	0.002	0.000	0.003	0.0000	0.0000	0.0000	0.0000	0.0000	0.0000	0	1.00	0.2624	0.2264	-0.4830	1.421	0	nan	nan	nan	nan	nan	nan
132521	0.078	-0.685	0.589	-1.46	-2.34	1.71	0.031	-0.031	0.015	0.002	0.000	0.003	0.0000	0.0000	0.0000	0.0000	0.0000	0.0000	0	1.00	0.2624	0.2264	-0.4830	1.421	0	nan	nan	nan	nan	nan	nan
132529	0.066	-0.694	0.610	-1.27	-2.18	1.79	0.010	-0.038	0.027	0.002	0.000	0.003	0.0000	0.0000	0.0000	0.0000	0.0000	0.0000	0	1.00	0.2624	0.2264	-0.4830	1.421	0	nan	nan	nan	nan	nan	nan
132537	0.053	-0.706	0.634	-0.97	-2.55	1.85	0.013	-0.032	0.028	0.002	0.000	0.003	0.0000	0.0000	0.0000	0.0000	0.0000	0.0000	0	1.00	0.2624	0.2264	-0.4830	1.421	0	nan	nan	nan	nan	nan	nan
132546	0.041	-0.718	0.658	-0.90	-2.28	2.04	0.006	-0.021	0.005	0.002	0.000	0.003	0.0000	0.0000	0.0000	0.0000	0.0000	0.0000	0	1.00	0.2624	0.2264	-0.4830	1.421	0	nan	nan	nan	nan	nan	nan
132554	0.032	-0.730	0.678	-1.12	-2.43	1.89	-0.011	0.005	-0.013	0.002	0.000	0.003	0.0000	0.0000	0.0000	0.0000	0.0000	0.0000	0	1.00	0.2624	0.2264	-0.4830	1.421	0	nan	nan	nan	nan	nan	nan
132562	0.033	-0.751	0.699	-0.39	-2.22	2.10	-0.024	0.036	-0.006	0.002	0.000	0.003	0.0000	0.0000	0.0000	0.0000	0.0000	0.0000	0	1.00	0.2624	0.2264	-0.4830	1.421	0	nan	nan	nan	nan	nan	nan
132570	0.031	-0.771	0.720	-0.14	-2.30	1.93	-0.033	0.048	-0.015	0.002	0.000	0.003	0.0000	0.0000	0.0000	0.0000	0.0000	0.0000	0	1.00	0.2624	0.2264	-0.4830	1.421	0	nan	nan	nan	nan	nan	nan
132578	0.021	-0.787	0.746	-0.35	-1.92	1.88	-0.036	0.052	-0.026	0.002	0.000	0.003	0.0000	0.0000	0.0000	0.0000	0.0000	0.0000	0	1.00	0.2624	0.2264	-0.4830	1.421	0	nan	nan	nan	nan	nan	nan
132586	0.014	-0.802	0.768	-0.66	-1.60	2.29	-0.001	0.044	-0.024	0.002	0.000	0.003	0.0000	0.0000	0.0000	0.0000	0.0000	0.0000	0	1.00	0.2624	0.2264	-0.4830	1.421	0	nan	nan	nan	nan	nan	nan
132594	0.015	-0.826	0.790	-0.40	-1.70	2.02	0.010	0.025	-0.022	0.002	0.000	0.002	0.0000	0.0000	0.0000	0.0000	0.0000	0.0000	0	1.00	0.2624	0.2264	-0.4830	1.421	0	nan	nan	nan	nan	nan	nan
132602	0.021	-0.848	0.806	-0.24	-1.67	2.14	-0.003	0.015	-0.017	0.002	0.000	0.002	0.0000	0.0000	0.0000	0.0000	0.0000	0.0000	0	1.00	0.2624	0.2264	-0.4830	1.421	0	nan	nan	nan	nan	nan	nan
132611	0.021	-0.869	0.825	-0.04	-1.48	2.07	0.015	-0.016	0.001	0.002	0.000	0.002	0.0000	0.0000	0.0000	0.0000	0.0000	0.0000	0	1.00	0.2624	0.2264	-0.4830	1.421	0	nan	nan	nan	nan	nan	nan
132619	0.015	-0.885	0.847	-0.10	-1.31	2.07	0.024	-0.009	0.017	0.002	0.000	0.002	0.0000	0.0000	0.0000	0.0000	0.0000	0.0000	0	1.00	0.2624	0.2264	-0.4830	1.421	0	nan	nan	nan	nan	nan	nan
132627	0.008	-0.896	0.864	-0.33	-0.94	1.83	0.033	-0.039	0.008	0.002	0.000	0.002	0.0000	0.0000	0.0000	0.0000	0.0000	0.0000	0	1.00	0.2624	0.2264	-0.4830	1.421	0	nan	nan	nan	nan	nan	nan
132635	0.008	-0.910	0.878	-0.27	-0.94	1.66	0.019	-0.061	0.012	0.002	0.000	0.002	0.0000	0.0000	0.0000	0.0000	0.0000	0.0000	0	1.00	0.2624	0.2264	-0.4830	1.421	0	nan	nan	nan	nan	nan	nan
132643	0.008	-0.926	0.894	0.02	-0.88	1.72	0.023	-0.057	0.021	0.002	0.000	0.003	0.0000	0.0000	0.0000	0.0000	0.0000	0.0000	0	1.00	0.2624	0.2264	-0.4830	1.421	0	nan	nan	nan	nan	nan	nan
132651	0.006	-0.935	0.905	0.14	-0.75	1.68	0.001	-0.048	0.019	0.002	0.000	0.003	0.0000	0.0000	0.0000	0.0000	0.0000	0.0000	0	1.00	0.2624	0.2264	-0.4830	1.421	0	nan	nan	nan	nan	nan	nan
132659	0.002	-0.944	0.917	0.09	-0.51	1.49	0.006	-0.017	0.005	0.002	0.000	0.003	0.0000	0.0000	0.0000	0.0000	0.0000	0.0000	0	1.00	0.2624	0.2264	-0.4830	1.421	0	nan	nan	nan	nan	nan	nan
132667	-0.004	-0.950	0.930	-0.31	-0.29	1.37	-0.002	0.002	0.004	0.002	0.000	0.003	0.0000	0.0000	0.0000	0.0000	0.0000	0.0000	0	1.00	0.2624	0.2264	-0.4830	1.421	0	nan	nan	nan	nan	nan	nan
132675	-0.012	-0.961	0.948	0.01	-0.30	1.27	-0.007	0.018	0.008	0.002	0.000	0.003	0.0000	0.0000	0.0000	0.0000	0.0000	0.0000	0	1.00	0.2624	0.2264	-0.4830	1.421	0	nan	nan	nan	nan	nan	nan
132683	-0.012	-0.971	0.958	0.23	-0.00	0.96	-0.002	0.045	-0.027	0.002	0.000	0.003	0.0000	0.0000	0.0000	0.0000	0.0000	0.0000	0	1.00	0.2624	0.2264	-0.4830	1.421	0	nan	nan	nan	nan	nan	nan
132691	-0.013	-0.979	0.966	0.47	0.16	1.30	-0.007	0.062	-0.020	0.002	0.000	0.003	0.0000	0.0000	0.0000	0.0000	0.0000	0.0000	0	1.00	0.2624	0.2264	-0.4830	1.421	0	nan	nan	nan	nan	nan	nan
132700	-0.018	-0.984	0.976	0.33	0.32	0.85	-0.009	0.054	-0.010	0.002	0.000	0.002	0.0000	0.0000	0.0000	0.0000	0.0000	0.0000	0	1.00	0.2624	0.2264	-0.4830	1.421	0	nan	nan	nan	nan	nan	nan
132708	-0.024	-0.992	0.990	0.26	0.55	0.48	-0.012	0.042	-0.019	0.002	0.000	0.002	0.0000	0.0000	0.0000	0.0000	0.0000	0.0000	0	1.00	0.2624	0.2264	-0.4830	1.421	0	nan	nan	nan	nan	nan	nan
132716	-0.025	-0.996	0.995	0.40	0.86	0.45	0.014	0.042	-0.007	0.002	0.000	0.002	0.0000	0.0000	0.0000	0.0000	0.0000	0.0000	0	1.00	0.2624	0.2264	-0.4830	1.421	0	nan	nan	nan	nan	nan	nan
132724	-0.030	-1.000	1.004	0.15	1.17	0.08	0.018	0.023	-0.006	0.002	0.000	0.002	0.0000	0.0000	0.0000	0.0000	0.0000	0.0000	0	1.00	0.2624	0.2264	-0.4830	1.421	0	nan	nan	nan	nan	nan	nan
132732	-0.036	-0.999	1.009	0.17	1.31	-0.30	0.003	-0.010	0.016	0.002	0.000	0.002	0.0000	0.0000	0.0000	0.0000	0.0000	0.0000	0	1.00	0.2624	0.2264	-0.4830	1.421	0	nan	nan	nan	nan	nan	nan
132740	-0.042	-0.998	1.013	0.22	1.72	-0.76	0.014	-0.024	0.036	0.002	0.000	0.002	0.0000	0.0000	0.0000	0.0000	0.0000	0.0000	0	1.00	0.2624	0.2264	-0.4830	1.421	0	nan	nan	nan	nan	nan	nan
132748	-0.043	-0.994	1.010	0.17	1.84	-1.14	0.004	-0.046	0.045	0.002	0.000	0.003	0.0000	0.0000	0.0000	0.0000	0.0000	0.0000	0	1.00	0.2624	0.2264	-0.4830	1.421	0	nan	nan	nan	nan	nan	nan
132756	-0.046	-0.984	1.004	0.18	1.80	-1.53	-0.006	-0.045	0.062	0.002	0.000	0.003	0.0000	0.0000	0.0000	0.0000	0.0000	0.0000	0	1.00	0.2624	0.2264	-0.4830	1.421	0	nan	nan	nan	nan	nan	nan
132764	-0.053	-0.974	1.002	0.13	2.15	-1.52	-0.017	-0.059	0.051	0.002	0.000	0.003	0.0000	0.0000	0.0000	0.0000	0.0000	0.0000	0	1.00	0.2624	0.2264	-0.4830	1.421	0	nan	nan	nan	nan	nan	nan
132772	-0.062	-0.955	0.991	0.67	2.14	-1.62	-0.032	-0.044	0.032	0.002	0.000	0.003	0.0000	0.0000	0.0000	0.0000	0.0000	0.0000	0	1.00	0.2624	0.2264	-0.4830	1.421	0	nan	nan	nan	nan	nan	nan
132780	-0.060	-0.943	0.978	0.76	2.69	-1.85	-0.033	-0.027	0.001	0.002	0.000	0.003	0.0000	0.0000	0.0000	0.0000	0.0000	0.0000	0	1.00	0.2624	0.2264	-0.4830	1.421	0	nan	nan	nan	nan	nan	nan
132788	-0.059	-0.925	0.960	0.77	2.68	-1.95	-0.040	-0.018	-0.049	0.002	0.000	0.003	0.0000	0.0000	0.0000	0.0000	0.0000	0.0000	0	1.00	0.2624	0.2264	-0.4830	1.421	0	nan	nan	nan	nan	nan	nan
132796	-0.065	-0.900	0.941	0.92	2.99	-1.98	-0.038	-0.009	-0.061	0.002	0.000	0.003	0.0000	0.0000	0.0000	0.0000	0.0000	0.0000	0	1.00	0.2624	0.2264	-0.4830	1.421	0	nan	nan	nan	nan	nan	nan
132805	-0.061	-0.881	0.920	0.77	2.98	-2.25	-0.019	0.020	-0.077	0.002	0.000	0.003	0.0000	0.0000	0.0000	0.0000	0.0000	0.0000	0	1.00	0.2624	0.2264	-0.4830	1.421	0	nan	nan	nan	nan	nan	nan
132813	-0.061	-0.859	0.897	1.11	2.82	-2.32	-0.005	0.042	-0.065	0.002	0.000	0.002	0.0000	0.0000	0.0000	0.0000	0.0000	0.0000	0	1.00	0.2624	0.2264	-0.4830	1.421	0	nan	nan	nan	nan	nan	nan
132821	-0.063	-0.834	0.874	1.01	2.96	-2.36	0.007	0.037	-0.067	0.002	0.000	0.002	0.0000	0.0000	0.0000	0.0000	0.0000	0.0000	0	1.00	0.2624	0.2264	-0.4830	1.421	0	nan	nan	nan	nan	nan	nan
132829	-0.062	-0.809	0.849	0.99	2.95	-2.54	0.027	0.045	-0.058	0.002	0.000	0.002	0.0000	0.0000	0.0000	0.0000	0.0000	0.0000	0	1.00	0.2624	0.2264	-0.4830	1.421	0	nan	nan	nan	nan	nan	nan
132837	-0.059	-0.785	0.823	1.09	3.23	-2.61	0.029	0.046	-0.012	0.002	0.000	0.002	0.0000	0.0000	0.0000	0.0000	0.0000	0.0000	0	1.00	0.2624	0.2264	-0.4830	1.421	0	nan	nan	nan	nan	nan	nan
132845	-0.046	-0.766	0.792	1.46	3.08	-2.93	0.034	0.035	0.013	0.002	0.000	0.002	0.0000	0.0000	0.0000	0.0000	0.0000	0.0000	0	1.00	0.2624	0.2264	-0.4830	1.421	0	nan	nan	nan	nan	nan	nan
132853	-0.045	-0.739	0.765	1.39	3.04	-2.71	0.021	0.023	0.040	0.002	0.000	0.002	0.0000	0.0000	0.0000	0.0000	0.0000	0.0000	0	1.00	0.2624	0.2264	-0.4830	1.421	0	nan	nan	nan	nan	nan	nan
132861	-0.042	-0.712	0.736	1.26	3.22	-2.87	-0.008	-0.008	0.065	0.002	0.000	0.002	0.0000	0.0000	0.0000	0.0000	0.0000	0.0000	0	1.00	0.2624	0.2264	-0.4830	1.421	0	nan	nan	nan	nan	nan	nan
132869	-0.042	-0.685	0.709	1.27	3.41	-2.43	-0.020	-0.041	0.077	0.002	0.000	0.002	0.0000	0.0000	0.0000	0.0000	0.0000	0.0000	0	1.00	0.2624	0.2264	-0.4830	1.421	0	nan	nan	nan	nan	nan	nan
132877	-0.038	-0.658	0.679	0.88	3.42	-2.16	-0.014	-0.051	0.074	0.002	0.000	0.003	0.0000	0.0000	0.0000	0.0000	0.0000	0.0000	0	1.00	0.2624	0.2264	-0.4830	1.421	0	nan	nan	nan	nan	nan	nan
132885	-0.029	-0.631	0.644	1.12	3.52	-2.40	-0.022	-0.057	0.058	0.002	0.000	0.003	0.0000	0.0000	0.0000	0.0000	0.0000	0.0000	0	1.00	0.2624	0.2264	-0.4830	1.421	0	nan	nan	nan	nan	nan	nan
132894	-0.020	-0.609	0.613	1.57	3.34	-2.67	-0.016	-0.038	0.041	0.002	0.000	0.003	0.0000	0.0000	0.0000	0.0000	0.0000	0.0000	0	1.00	0.2624	0.2264	-0.4830	1.421	0	nan	nan	nan	nan	nan	nan
132902	-0.014	-0.586	0.585	1.09	3.32	-2.70	-0.009	-0.027	0.029	0.002	0.000	0.003	0.0000	0.0000	0.0000	0.0000	0.0000	0.0000	0	1.00	0.2624	0.2264	-0.4830	1.421	0	nan	nan	nan	nan	nan	nan
132910	-0.010	-0.561	0.556	0.94	3.09	-2.32	0.015	-0.010	-0.016	0.002	0.000	0.003	0.0000	0.0000	0.0000	0.0000	0.0000	0.0000	0	1.00	0.2624	0.2264	-0.4830	1.421	0	nan	nan	nan	nan	nan	nan
132918	-0.003	-0.540	0.529	1.12	2.81	-2.43	0.009	0.017	-0.052	0.002	0.000	0.003	0.0000	0.0000	0.0000	0.0000	0.0000	0.0000	0	1.00	0.2624	0.2264	-0.4830	1.421	0	nan	nan	nan	nan	nan	nan
132926	0.005	-0.520	0.502	1.09	2.58	-1.97	0.007	0.030	-0.059	0.002	0.000	0.003	0.0000	0.0000	0.0000	0.0000	0.0000	0.0000	0	1.00	0.2624	0.2264	-0.4830	1.421	0	nan	nan	nan	nan	nan	nan
132934	0.009	-0.498	0.476	1.04	2.61	-1.94	0.006	0.024	-0.072	0.002	0.000	0.002	0.0000	0.0000	0.0000	0.0000	0.0000	0.0000	0	1.00	0.2624	0.2264	-0.4830	1.421	0	nan	nan	nan	nan	nan	nan
132942	0.014	-0.482	0.455	1.14	2.39	-1.82	0.005	0.040	-0.073	0.002	0.000	0.002	0.0000	0.0000	0.0000	0.0000	0.0000	0.0000	0	1.00	0.2624	0.2264	-0.4830	1.421	0	nan	nan	nan	nan	nan	nan
132950	0.015	-0.461	0.434	0.95	2.82	-1.74	0.005	0.030	-0.053	0.002	0.000	0.002	0.0000	0.0000	0.0000	0.0000	0.0000	0.0000	0	1.00	0.2624	0.2264	-0.4830	1.421	0	nan	nan	nan	nan	nan	nan
132958	0.017	-0.447	0.418	0.91	2.41	-1.71	-0.004	0.005	-0.026	0.002	0.000	0.002	0.0000	0.0000	0.0000	0.0000	0.0000	0.0000	0	1.00	0.2624	0.2264	-0.4830	1.421	0	nan	nan	nan	nan	nan	nan
132966	0.023	-0.430	0.395	0.75	2.20	-1.66	-0.007	-0.009	0.006	0.002	0.000	0.002	0.0000	0.0000	0.0000	0.0000	0.0000	0.0000	0	1.00	0.2624	0.2264	-0.4830	1.421	0	nan	nan	nan	nan	nan	nan
132974	0.034	-0.418	0.373	0.84	2.30	-1.74	-0.006	-0.011	0.036	0.002	0.000	0.002	0.0000	0.0000	0.0000	0.0000	0.0000	0.0000	0	1.00	0.2624	0.2264	-0.4830	1.421	0	nan	nan	nan	nan	nan	nan
132982	0.039	-0.404	0.355	0.71	2.18	-1.60	0.004	-0.020	0.055	0.002	0.000	0.002	0.0000	0.0000	0.0000	0.0000	0.0000	0.0000	0	1.00	0.2624	0.2264	-0.4830	1.421	0	nan	nan	nan	nan	nan	nan
132990	0.043	-0.392	0.339	0.37	2.22	-1.72	-0.001	-0.009	0.082	0.002	0.000	0.002	0.0000	0.0000	0.0000	0.0000	0.0000	0.0000	0	1.00	0.2624	0.2264	-0.4830	1.421	0	nan	nan	nan	nan	nan	nan
132999	0.053	-0.382	0.319	0.03	2.10	-1.68	0.003	-0.014	0.083	0.002	0.000	0.002	0.0000	0.0000	0.0000	0.0000	0.0000	0.0000	0	1.00	0.2624	0.2264	-0.4830	1.421	0	nan	nan	nan	nan	nan	nan
133007	0.059	-0.367	0.299	-0.06	2.09	-1.69	0.005	-0.013	0.069	0.002	0.000	0.003	0.0000	0.0000	0.0000	0.0000	0.0000	0.0000	0	1.00	0.2624	0.2264	-0.4830	1.421	0	nan	nan	nan	nan	nan	nan
133015	0.064	-0.355	0.281	-0.13	1.73	-1.79	0.015	-0.001	0.041	0.002	0.000	0.003	0.0000	0.0000	0.0000	0.0000	0.0000	0.0000	0	1.00	0.2624	0.2264	-0.4830	1.421	0	nan	nan	nan	nan	nan	nan
133023	0.068	-0.333	0.256	-0.32	1.99	-1.96	0.011	-0.004	0.034	0.002	0.000	0.003	0.0000	0.0000	0.0000	0.0000	0.0000	0.0000	0	1.00	0.2624	0.2264	-0.4830	1.421	0	nan	nan	nan	nan	nan	nan
133031	0.070	-0.318	0.240	-0.55	1.88	-1.73	0.008	0.014	0.007	0.002	0.000	0.003	0.0000	0.0000	0.0000	0.0000	0.0000	0.0000	0	1.00	0.2624	0.2264	-0.4830	1.421	0	nan	nan	nan	nan	nan	nan
133039	0.067	-0.302	0.227	-1.01	1.95	-1.66	0.009	0.018	-0.015	0.002	0.000	0.003	0.0000	0.0000	0.0000	0.0000	0.0000	0.0000	0	1.00	0.2624	0.2264	-0.4830	1.421	0	nan	nan	nan	nan	nan	nan
133047	0.068	-0.289	0.213	-1.00	1.82	-1.53	0.023	0.029	-0.044	0.002	0.000	0.003	0.0000	0.0000	0.0000	0.0000	0.0000	0.0000	0	1.00	0.2624	0.2264	-0.4830	1.421	0	nan	nan	nan	nan	nan	nan
133055	0.070	-0.280	0.203	-0.85	1.59	-1.15	0.008	0.028	-0.067	0.002	0.000	0.003	0.0000	0.0000	0.0000	0.0000	0.0000	0.0000	0	1.00	0.2624	0.2264	-0.4830	1.421	0	nan	nan	nan	nan	nan	nan
133063	0.064	-0.265	0.194	-0.86	2.07	-0.76	-0.003	0.006	-0.077	0.002	0.000	0.002	0.0000	0.0000	0.0000	0.0000	0.0000	0.0000	0	1.00	0.2624	0.2264	-0.4830	1.421	0	nan	nan	nan	nan	nan	nan
133071	0.056	-0.248	0.186	-0.86	2.05	-0.43	-0.022	-0.001	-0.089	0.002	0.000	0.002	0.0000	0.0000	0.0000	0.0000	0.0000	0.0000	0	1.00	0.2624	0.2264	-0.4830	1.421	0	nan	nan	nan	nan	nan	nan
133079	0.048	-0.229	0.176	-0.82	2.07	-0.07	-0.020	-0.032	-0.084	0.002	0.000	0.002	0.0000	0.0000	0.0000	0.0000	0.0000	0.0000	0	1.00	0.2624	0.2264	-0.4830	1.421	0	nan	nan	nan	nan	nan	nan
133087	0.037	-0.216	0.173	-0.56	1.96	0.42	-0.030	-0.022	-0.069	0.002	0.000	0.002	0.0000	0.0000	0.0000	0.0000	0.0000	0.0000	0	1.00	0.2624	0.2264	-0.4830	1.421	0	nan	nan	nan	nan	nan	nan
133095	0.027	-0.202	0.170	-0.68	2.00	0.29	-0.020	-0.020	-0.027	0.002	0.000	0.002	0.0000	0.0000	0.0000	0.0000	0.0000	0.0000	0	1.00	0.2624	0.2264	-0.4830	1.421	0	nan	nan	nan	nan	nan	nan
133104	0.019	-0.191	0.167	-0.19	1.92	0.73	-0.011	-0.023	0.006	0.002	0.000	0.002	0.0000	0.0000	0.0000	0.0000	0.0000	0.0000	0	1.00	0.2624	0.2264	-0.4830	1.421	0	nan	nan	nan	nan	nan	nan
133112	0.008	-0.177	0.164	-0.39	1.78	0.33	0.007	-0.005	0.042	0.002	0.000	0.002	0.0000	0.0000	0.0000	0.0000	0.0000	0.0000	0	1.00	0.2624	0.2264	-0.4830	1.421	0	nan	nan	nan	nan	nan	nan
133120	-0.003	-0.170	0.168	-0.64	1.06	0.56	0.011	-0.004	0.053	0.002	0.000	0.002	0.0000	0.0000	0.0000	0.0000	0.0000	0.0000	0	1.00	0.2624	0.2264	-0.4830	1.421	0	nan	nan	nan	nan	nan	nan
133129	-0.017	-0.154	0.167	-0.67	1.18	0.68	0.023	0.005	0.059	0.002	0.000	0.002	0.0000	0.0000	0.0000	0.0000	0.0000	0.0000	0	1.00	0.2624	0.2264	-0.4830	1.421	0	nan	nan	nan	nan	nan	nan
133137	-0.024	-0.148	0.168	-0.80	0.85	0.60	0.027	0.017	0.081	0.002	0.000	0.002	0.0000	0.0000	0.0000	0.0000	0.0000	0.0000	0	1.00	0.2624	0.2264	-0.4830	1.421	0	nan	nan	nan	nan	nan	nan
133145	-0.038	-0.139	0.173	-0.89	0.77	0.35	0.029	0.030	0.084	0.002	0.000	0.002	0.0000	0.0000	0.0000	0.0000	0.0000	0.0000	0	1.00	0.2624	0.2264	-0.4830	1.421	0	nan	nan	nan	nan	nan	nan
133153	-0.050	-0.132	0.179	-0.72	0.55	0.30	0.021	0.019	0.067	0.002	0.000	0.003	0.0000	0.0000	0.0000	0.0000	0.0000	0.0000	0	1.00	0.2624	0.2264	-0.4830	1.421	0	nan	nan	nan	nan	nan	nan
133161	-0.059	-0.127	0.182	-0.87	0.32	0.25	0.025	0.037	0.049	0.002	0.000	0.003	0.0000	0.0000	0.0000	0.0000	0.0000	0.0000	0	1.00	0.2624	0.2264	-0.4830	1.421	0	nan	nan	nan	nan	nan	nan
133169	-0.066	-0.124	0.187	-1.22	0.30	0.31	0.011	0.049	0.019	0.002	0.000	0.003	0.0000	0.0000	0.0000	0.0000	0.0000	0.0000	0	1.00	0.2624	0.2264	-0.4830	1.421	0	nan	nan	nan	nan	nan	nan
133177	-0.078	-0.121	0.195	-0.99	0.28	0.20	-0.001	0.024	-0.008	0.002	0.000	0.003	0.0000	0.0000	0.0000	0.0000	0.0000	0.0000	0	1.00	0.2624	0.2264	-0.4830	1.421	0	nan	nan	nan	nan	nan	nan
133185	-0.080	-0.119	0.196	-0.81	-0.03	-0.19	-0.014	0.005	-0.036	0.002	0.000	0.003	0.0000	0.0000	0.0000	0.0000	0.0000	0.0000	0	1.00	0.2624	0.2264	-0.4830	1.421	0	nan	nan	nan	nan	nan	nan
133194	-0.085	-0.118	0.200	-0.67	0.05	0.32	-0.018	-0.043	-0.073	0.002	0.000	0.002	0.0000	0.0000	0.0000	0.0000	0.0000	0.0000	0	1.00	0.2624	0.2264	-0.4830	1.421	0	nan	nan	nan	nan	nan	nan
133202	-0.090	-0.114	0.201	-0.66	-0.21	0.15	-0.025	-0.035	-0.076	0.002	0.000	0.002	0.0000	0.0000	0.0000	0.0000	0.0000	0.0000	0	1.00	0.2624	0.2264	-0.4830	1.421	0	nan	nan	nan	nan	nan	nan
133210	-0.100	-0.111	0.208	-0.43	0.07	0.17	-0.019	-0.048	-0.078	0.002	0.000	0.002	0.0000	0.0000	0.0000	0.0000	0.0000	0.0000	0	1.00	0.2624	0.2264	-0.4830	1.421	0	nan	nan	nan	nan	nan	nan
133218	-0.108	-0.109	0.215	-0.60	-0.12	0.32	-0.016	-0.060	-0.076	0.002	0.000	0.002	0.0000	0.0000	0.0000	0.0000	0.0000	0.0000	0	1.00	0.2624	0.2264	-0.4830	1.421	0	nan	nan	nan	nan	nan	nan
133226	-0.114	-0.111	0.223	-0.40	-0.05	0.05	-0.005	-0.052	-0.055	0.002	0.000	0.002	0.0000	0.0000	0.0000	0.0000	0.0000	0.0000	0	1.00	0.2624	0.2264	-0.4830	1.421	0	nan	nan	nan	nan	nan	nan
133235	-0.118	-0.113	0.228	-0.38	-0.21	-0.02	-0.001	-0.028	-0.042	0.002	0.000	0.002	0.0000	0.0000	0.0000	0.0000	0.0000	0.0000	0	1.00	0.2624	0.2264	-0.4830	1.421	0	nan	nan	nan	nan	nan	nan
133243	-0.123	-0.115	0.235	-0.09	-0.28	0.17	0.006	0.002	0.011	0.002	0.000	0.002	0.0000	0.0000	0.0000	0.0000	0.0000	0.0000	0	1.00	0.2624	0.2264	-0.4830	1.421	0	nan	nan	nan	nan	nan	nan
133251	-0.132	-0.116	0.245	-0.01	-0.64	0.24	0.012	0.019	0.024	0.002	0.000	0.002	0.0000	0.0000	0.0000	0.0000	0.0000	0.0000	0	1.00	0.2624	0.2264	-0.4830	1.421	0	nan	nan	nan	nan	nan	nan
133259	-0.134	-0.116	0.248	-0.39	-0.54	0.43	0.020	0.033	0.060	0.002	0.000	0.002	0.0000	0.0000	0.0000	0.0000	0.0000	0.0000	0	1.00	0.2624	0.2264	-0.4830	1.421	0	nan	nan	nan	nan	nan	nan
133267	-0.131	-0.120	0.248	0.06	-0.57	0.31	0.007	0.035	0.066	0.002	0.000	0.002	0.0000	0.0000	0.0000	0.0000	0.0000	0.0000	0	1.00	0.2624	0.2264	-0.4830	1.421	0	nan	nan	nan	nan	nan	nan
133275	-0.127	-0.125	0.249	0.20	-0.58	0.30	0.011	0.049	0.070	0.002	0.000	0.002	0.0000	0.0000	0.0000	0.0000	0.0000	0.0000	0	1.00	0.2624	0.2264	-0.4830	1.421	0	nan	nan	nan	nan	nan	nan
133283	-0.132	-0.125	0.254	0.07	-0.11	0.17	-0.002	0.032	0.053	0.002	0.000	0.002	0.0000	0.0000	0.0000	0.0000	0.0000	0.0000	0	1.00	0.2624	0.2264	-0.4830	1.421	0	nan	nan	nan	nan	nan	nan
133291	-0.132	-0.128	0.257	0.27	-0.01	0.18	-0.006	0.007	0.053	0.002	0.000	0.002	0.0000	0.0000	0.0000	0.0000	0.0000	0.0000	0	1.00	0.2624	0.2264	-0.4830	1.421	0	nan	nan	nan	nan	nan	nan
133300	-0.136	-0.126	0.259	0.03	0.03	-0.04	-0.004	0.023	0.030	0.002	0.000	0.002	0.0000	0.0000	0.0000	0.0000	0.0000	0.0000	0	1.00	0.2624	0.2264	-0.4830	1.421	0	nan	nan	nan	nan	nan	nan
133308	-0.136	-0.134	0.266	0.20	0.01	0.02	0.004	-0.005	0.012	0.002	0.000	0.003	0.0000	0.0000	0.0000	0.0000	0.0000	0.0000	0	1.00	0.2624	0.2264	-0.4830	1.421	0	nan	nan	nan	nan	nan	nan
133316	-0.133	-0.137	0.267	0.44	-0.12	0.33	-0.015	-0.022	-0.018	0.002	0.000	0.002	0.0000	0.0000	0.0000	0.0000	0.0000	0.0000	0	1.00	0.2624	0.2264	-0.4830	1.421	0	nan	nan	nan	nan	nan	nan
133324	-0.133	-0.141	0.270	0.58	-0.05	0.23	0.005	-0.026	-0.033	0.002	0.000	0.002	0.0000	0.0000	0.0000	0.0000	0.0000	0.0000	0	1.00	0.2624	0.2264	-0.4830	1.421	0	nan	nan	nan	nan	nan	nan
133332	-0.130	-0.149	0.276	0.51	-0.36	-0.34	-0.009	-0.036	-0.043	0.002	0.000	0.002	0.0000	0.0000	0.0000	0.0000	0.0000	0.0000	0	1.00	0.2624	0.2264	-0.4830	1.421	0	nan	nan	nan	nan	nan	nan
133340	-0.130	-0.155	0.280	0.40	-0.25	-0.23	-0.018	-0.035	-0.029	0.002	0.000	0.002	0.0000	0.0000	0.0000	0.0000	0.0000	0.0000	0	1.00	0.2624	0.2264	-0.4830	1.421	0	nan	nan	nan	nan	nan	nan
133348	-0.125	-0.161	0.282	0.17	-0.49	-0.29	-0.016	-0.038	-0.037	0.002	0.000	0.002	0.0000	0.0000	0.0000	0.0000	0.0000	0.0000	0	1.00	0.2624	0.2264	-0.4830	1.421	0	nan	nan	nan	nan	nan	nan
133356	-0.119	-0.171	0.286	0.17	-0.40	-0.38	0.001	-0.027	-0.020	0.002	0.000	0.002	0.0000	0.0000	0.0000	0.0000	0.0000	0.0000	0	1.00	0.2624	0.2264	-0.4830	1.421	0	nan	nan	nan	nan	nan	nan
133364	-0.110	-0.180	0.285	0.33	-0.63	-0.43	-0.004	-0.008	-0.003	0.002	0.000	0.002	0.0000	0.0000	0.0000	0.0000	0.0000	0.0000	0	1.00	0.2624	0.2264	-0.4830	1.421	0	nan	nan	nan	nan	nan	nan
133372	-0.104	-0.186	0.285	-0.49	-0.72	-0.78	0.005	-0.014	-0.003	0.002	0.000	0.002	0.0000	0.0000	0.0000	0.0000	0.0000	0.0000	0	1.00	0.2624	0.2264	-0.4830	1.421	0	nan	nan	nan	nan	nan	nan
133380	-0.100	-0.194	0.289	-0.45	-0.51	-0.92	0.020	0.018	-0.008	0.002	0.000	0.002	0.0000	0.0000	0.0000	0.0000	0.0000	0.0000	0	1.00	0.2624	0.2264	-0.4830	1.421	0	nan	nan	nan	nan	nan	nan
133388	-0.097	-0.198	0.290	-0.19	-0.33	-0.73	0.016	0.031	0.005	0.002	0.000	0.002	0.0000	0.0000	0.0000	0.0000	0.0000	0.0000	0	1.00	0.2624	0.2264	-0.4830	1.421	0	nan	nan	nan	nan	nan	nan
133397	-0.099	-0.197	0.291	-0.29	-0.06	-0.90	0.013	0.038	-0.007	0.002	0.000	0.002	0.0000	0.0000	0.0000	0.0000	0.0000	0.0000	0	1.00	0.2624	0.2264	-0.4830	1.421	0	nan	nan	nan	nan	nan	nan
133405	-0.096	-0.197	0.287	-0.05	-0.01	-0.76	0.012	0.030	0.016	0.002	0.000	0.002	0.0000	0.0000	0.0000	0.0000	0.0000	0.0000	0	1.00	0.2624	0.2264	-0.4830	1.421	0	nan	nan	nan	nan	nan	nan
133413	-0.091	-0.198	0.284	-0.07	0.29	-0.20	0.003	0.027	0.017	0.002	0.000	0.002	0.0000	0.0000	0.0000	0.0000	0.0000	0.0000	0	1.00	0.2624	0.2264	-0.4830	1.421	0	nan	nan	nan	nan	nan	nan
133421	-0.091	-0.197	0.283	0.37	0.41	-0.34	-0.011	-0.004	0.016	0.002	0.000	0.002	0.0000	0.0000	0.0000	0.0000	0.0000	0.0000	0	1.00	0.2624	0.2264	-0.4830	1.421	0	nan	nan	nan	nan	nan	nan
133429	-0.092	-0.192	0.279	0.40	0.75	-0.17	-0.018	0.011	-0.000	0.002	0.000	0.002	0.0000	0.0000	0.0000	0.0000	0.0000	0.0000	0	1.00	0.2624	0.2264	-0.4830	1.421	0	nan	nan	nan	nan	nan	nan
133438	-0.089	-0.190	0.275	0.47	0.79	-0.39	-0.018	-0.008	0.001	0.002	0.000	0.002	0.0000	0.0000	0.0000	0.0000	0.0000	0.0000	0	1.00	0.2624	0.2264	-0.4830	1.421	0	nan	nan	nan	nan	nan	nan
133446	-0.085	-0.189	0.269	0.57	0.77	-0.15	-0.024	-0.028	-0.004	0.002	0.000	0.002	0.0000	0.0000	0.0000	0.0000	0.0000	0.0000	0	1.00	0.2624	0.2264	-0.4830	1.421	0	nan	nan	nan	nan	nan	nan
133454	-0.075	-0.196	0.266	0.45	0.52	-0.31	-0.002	-0.030	-0.001	0.002	0.000	0.002	0.0000	0.0000	0.0000	0.0000	0.0000	0.0000	0	1.00	0.2624	0.2264	-0.4830	1.421	0	nan	nan	nan	nan	nan	nan
133462	-0.071	-0.196	0.262	0.38	0.69	-0.31	0.008	-0.029	0.007	0.002	0.000	0.002	0.0000	0.0000	0.0000	0.0000	0.0000	0.0000	0	1.00	0.2624	0.2264	-0.4830	1.421	0	nan	nan	nan	nan	nan	nan
133470	-0.070	-0.196	0.260	0.11	0.56	-0.44	0.018	-0.019	0.012	0.002	0.000	0.002	0.0000	0.0000	0.0000	0.0000	0.0000	0.0000	0	1.00	0.2624	0.2264	-0.4830	1.421	0	nan	nan	nan	nan	nan	nan
133478	-0.073	-0.194	0.261	-0.16	0.51	-0.32	0.044	-0.000	0.025	0.002	0.000	0.002	0.0000	0.0000	0.0000	0.0000	0.0000	0.0000	0	1.00	0.2624	0.2264	-0.4830	1.421	0	nan	nan	nan	nan	nan	nan
133486	-0.081	-0.186	0.262	0.04	0.61	-0.31	0.043	0.011	0.023	0.002	0.000	0.002	0.0000	0.0000	0.0000	0.0000	0.0000	0.0000	0	1.00	0.2624	0.2264	-0.4830	1.421	0	nan	nan	nan	nan	nan	nan
133494	-0.083	-0.181	0.259	0.37	0.62	-0.12	0.037	0.018	0.010	0.002	0.000	0.002	0.0000	0.0000	0.0000	0.0000	0.0000	0.0000	0	1.00	0.2624	0.2264	-0.4830	1.421	0	nan	nan	nan	nan	nan	nan
133503	-0.083	-0.176	0.254	0.27	0.59	0.02	0.020	0.019	0.013	0.002	0.000	0.002	0.0000	0.0000	0.0000	0.0000	0.0000	0.0000	0	1.00	0.2624	0.2264	-0.4830	1.421	0	nan	nan	nan	nan	nan	nan
133511	-0.087	-0.167	0.249	0.61	0.67	0.01	-0.001	-0.010	0.007	0.002	0.000	0.002	0.0000	0.0000	0.0000	0.0000	0.0000	0.0000	0	1.00	0.2624	0.2264	-0.4830	1.421	0	nan	nan	nan	nan	nan	nan
133519	-0.085	-0.163	0.244	0.58	0.53	0.39	-0.004	0.005	-0.006	0.002	0.000	0.002	0.0000	0.0000	0.0000	0.0000	0.0000	0.0000	0	1.00	0.2624	0.2264	-0.4830	1.421	0	nan	nan	nan	nan	nan	nan
133527	-0.090	-0.156	0.242	0.40	0.70	-0.13	-0.011	-0.016	-0.006	0.002	0.000	0.002	0.0000	0.0000	0.0000	0.0000	0.0000	0.0000	0	1.00	0.2624	0.2264	-0.4830	1.421	0	nan	nan	nan	nan	nan	nan
133535	-0.086	-0.150	0.232	0.45	0.42	0.10	-0.027	0.003	0.001	0.002	0.000	0.002	0.0000	0.0000	0.0000	0.0000	0.0000	0.0000	0	1.00	0.2624	0.2264	-0.4830	1.421	0	nan	nan	nan	nan	nan	nan
133543	-0.085	-0.147	0.229	0.36	0.14	-0.69	-0.029	-0.000	0.001	0.002	0.000	0.002	0.0000	0.0000	0.0000	0.0000	0.0000	0.0000	0	1.00	0.2624	0.2264	-0.4830	1.421	0	nan	nan	nan	nan	nan	nan
133551	-0.081	-0.145	0.222	0.33	0.26	-0.57	-0.018	0.008	0.003	0.002	0.000	0.002	0.0000	0.0000	0.0000	0.0000	0.0000	0.0000	0	1.00	0.2624	0.2264	-0.4830	1.421	0	nan	nan	nan	nan	nan	nan
133560	-0.079	-0.145	0.220	0.56	-0.16	-0.90	-0.027	0.005	-0.002	0.002	0.000	0.002	0.0000	0.0000	0.0000	0.0000	0.0000	0.0000	0	1.00	0.2624	0.2264	-0.4830	1.421	0	nan	nan	nan	nan	nan	nan
133568	-0.069	-0.145	0.210	0.61	-0.27	-0.84	-0.011	0.009	-0.001	0.002	0.000	0.002	0.0000	0.0000	0.0000	0.0000	0.0000	0.0000	0	1.00	0.2624	0.2264	-0.4830	1.421	0	nan	nan	nan	nan	nan	nan
133576	-0.061	-0.144	0.201	0.55	-0.53	-0.84	-0.010	0.015	0.000	0.002	0.000	0.002	0.0000	0.0000	0.0000	0.0000	0.0000	0.0000	0	1.00	0.2624	0.2264	-0.4830	1.421	0	nan	nan	nan	nan	nan	nan
133584	-0.054	-0.149	0.199	0.67	-0.61	-0.67	-0.004	0.001	-0.012	0.002	0.000	0.002	0.0000	0.0000	0.0000	0.0000	0.0000	0.0000	0	1.00	0.2624	0.2264	-0.4830	1.421	0	nan	nan	nan	nan	nan	nan
133593	-0.049	-0.153	0.199	0.54	-0.56	-0.70	0.035	-0.015	-0.003	0.002	0.000	0.002	0.0000	0.0000	0.0000	0.0000	0.0000	0.0000	0	1.00	0.2624	0.2264	-0.4830	1.421	0	nan	nan	nan	nan	nan	nan
133601	-0.043	-0.158	0.197	0.11	-0.78	-0.58	0.012	-0.006	-0.011	0.002	0.000	0.002	0.0000	0.0000	0.0000	0.0000	0.0000	0.0000	0	1.00	0.2624	0.2264	-0.4830	1.421	0	nan	nan	nan	nan	nan	nan
133609	-0.038	-0.161	0.196	0.05	-0.78	-0.41	0.039	0.010	-0.019	0.002	0.000	0.002	0.0000	0.0000	0.0000	0.0000	0.0000	0.0000	0	1.00	0.2624	0.2264	-0.4830	1.421	0	nan	nan	nan	nan	nan	nan
133617	-0.027	-0.162	0.186	-0.09	-0.59	-0.56	0.018	-0.018	-0.011	0.002	0.000	0.002	0.0000	0.0000	0.0000	0.0000	0.0000	0.0000	0	1.00	0.2624	0.2264	-0.4830	1.421	0	nan	nan	nan	nan	nan	nan
133625	-0.021	-0.165	0.182	0.13	-0.80	-0.68	0.028	-0.021	-0.019	0.002	0.000	0.002	0.0000	0.0000	0.0000	0.0000	0.0000	0.0000	0	1.00	0.2624	0.2264	-0.4830	1.421	0	nan	nan	nan	nan	nan	nan
133633	-0.017	-0.167	0.180	-0.46	-0.77	-0.23	-0.001	-0.008	-0.003	0.002	0.000	0.002	0.0000	0.0000	0.0000	0.0000	0.0000	0.0000	0	1.00	0.2624	0.2264	-0.4830	1.421	0	nan	nan	nan	nan	nan	nan
133641	-0.016	-0.170	0.181	-0.52	-0.66	0.14	-0.002	0.004	0.009	0.002	0.000	0.002	0.0000	0.0000	0.0000	0.0000	0.0000	0.0000	0	1.00	0.2624	0.2264	-0.4830	1.421	0	nan	nan	nan	nan	nan	nan
133649	-0.011	-0.169	0.176	-0.49	-0.35	0.02	-0.021	0.014	0.013	0.002	0.000	0.002	0.0000	0.0000	0.0000	0.0000	0.0000	0.0000	0	1.00	0.2624	0.2264	-0.4830	1.421	0	nan	nan	nan	nan	nan	nan
133657	-0.011	-0.165	0.172	-0.10	-0.18	0.19	-0.036	0.031	0.016	0.002	0.000	0.002	0.0000	0.0000	0.0000	0.0000	0.0000	0.0000	0	1.00	0.2624	0.2264	-0.4830	1.421	0	nan	nan	nan	nan	nan	nan
133665	-0.009	-0.167	0.172	-0.34	-0.43	-0.05	-0.021	0.015	0.007	0.002	0.000	0.002	0.0000	0.0000	0.0000	0.0000	0.0000	0.0000	0	1.00	0.2624	0.2264	-0.4830	1.421	0	nan	nan	nan	nan	nan	nan
133673	-0.008	-0.171	0.174	-0.46	-0.45	0.19	-0.034	0.023	0.004	0.002	0.000	0.002	0.0000	0.0000	0.0000	0.0000	0.0000	0.0000	0	1.00	0.2624	0.2264	-0.4830	1.421	0	nan	nan	nan	nan	nan	nan
133681	-0.009	-0.171	0.175	-0.59	-0.43	0.20	-0.022	0.027	-0.003	0.002	0.000	0.002	0.0000	0.0000	0.0000	0.0000	0.0000	0.0000	0	1.00	0.2624	0.2264	-0.4830	1.421	0	nan	nan	nan	nan	nan	nan
133690	-0.008	-0.170	0.173	-0.38	-0.35	0.54	-0.026	0.008	-0.029	0.002	0.000	0.002	0.0000	0.0000	0.0000	0.0000	0.0000	0.0000	0	1.00	0.2624	0.2264	-0.4830	1.421	0	nan	nan	nan	nan	nan	nan
133698	-0.006	-0.174	0.175	-0.59	-0.30	0.07	-0.008	-0.027	-0.016	0.002	0.000	0.002	0.0000	0.0000	0.0000	0.0000	0.0000	0.0000	0	1.00	0.2624	0.2264	-0.4830	1.421	0	nan	nan	nan	nan	nan	nan
133706	-0.018	-0.173	0.187	-0.45	-0.46	0.51	0.013	-0.010	-0.018	0.002	0.000	0.002	0.0000	0.0000	0.0000	0.0000	0.0000	0.0000	0	1.00	0.2624	0.2264	-0.4830	1.421	0	nan	nan	nan	nan	nan	nan
133714	-0.026	-0.173	0.194	-0.40	-0.66	0.66	0.004	-0.031	-0.006	0.002	0.000	0.002	0.0000	0.0000	0.0000	0.0000	0.0000	0.0000	0	1.00	0.2624	0.2264	-0.4830	1.421	0	nan	nan	nan	nan	nan	nan
133722	-0.028	-0.173	0.196	-0.18	-0.45	0.44	0.013	-0.015	-0.011	0.002	0.000	0.002	0.0000	0.0000	0.0000	0.0000	0.0000	0.0000	0	1.00	0.2624	0.2264	-0.4830	1.421	0	nan	nan	nan	nan	nan	nan
133730	-0.040	-0.172	0.208	-0.20	-0.34	0.46	0.009	-0.036	-0.004	0.002	0.000	0.002	0.0000	0.0000	0.0000	0.0000	0.0000	0.0000	0	1.00	0.2624	0.2264	-0.4830	1.421	0	nan	nan	nan	nan	nan	nan
133738	-0.047	-0.174	0.217	-0.39	-0.46	0.34	0.003	-0.010	0.003	0.002	0.000	0.002	0.0000	0.0000	0.0000	0.0000	0.0000	0.0000	0	1.00	0.2624	0.2264	-0.4830	1.421	0	nan	nan	nan	nan	nan	nan
133746	-0.057	-0.174	0.226	-0.11	-0.46	0.17	0.013	0.005	0.014	0.002	0.000	0.002	0.0000	0.0000	0.0000	0.0000	0.0000	0.0000	0	1.00	0.2624	0.2264	-0.4830	1.421	0	nan	nan	nan	nan	nan	nan
133754	-0.061	-0.178	0.235	-0.05	-0.33	0.30	0.012	-0.005	0.019	0.002	0.000	0.002	0.0000	0.0000	0.0000	0.0000	0.0000	0.0000	0	1.00	0.2624	0.2264	-0.4830	1.421	0	nan	nan	nan	nan	nan	nan
133763	-0.067	-0.179	0.241	-0.26	0.00	-0.14	0.007	0.003	0.037	0.002	0.000	0.002	0.0000	0.0000	0.0000	0.0000	0.0000	0.0000	0	1.00	0.2624	0.2264	-0.4830	1.421	0	nan	nan	nan	nan	nan	nan
133771	-0.072	-0.176	0.243	-0.23	-0.33	-0.05	-0.000	0.018	0.030	0.002	0.000	0.002	0.0000	0.0000	0.0000	0.0000	0.0000	0.0000	0	1.00	0.2624	0.2264	-0.4830	1.421	0	nan	nan	nan	nan	nan	nan
133779	-0.068	-0.182	0.245	0.16	-0.28	-0.07	-0.003	-0.008	0.013	0.002	0.000	0.002	0.0000	0.0000	0.0000	0.0000	0.0000	0.0000	0	1.00	0.2624	0.2264	-0.4830	1.421	0	nan	nan	nan	nan	nan	nan
133787	-0.065	-0.185	0.245	0.47	-0.18	-0.15	-0.002	-0.003	0.027	0.002	0.000	0.002	0.0000	0.0000	0.0000	0.0000	0.0000	0.0000	0	1.00	0.2624	0.2264	-0.4830	1.421	0	nan	nan	nan	nan	nan	nan
133795	-0.058	-0.189	0.242	0.68	-0.21	-0.44	-0.017	-0.003	0.015	0.002	0.000	0.002	0.0000	0.0000	0.0000	0.0000	0.0000	0.0000	0	1.00	0.2624	0.2264	-0.4830	1.421	0	nan	nan	nan	nan	nan	nan
133803	-0.052	-0.192	0.240	0.58	-0.16	-0.39	-0.016	0.016	0.004	0.002	0.000	0.002	0.0000	0.0000	0.0000	0.0000	0.0000	0.0000	0	1.00	0.2624	0.2264	-0.4830	1.421	0	nan	nan	nan	nan	nan	nan
133811	-0.049	-0.195	0.238	0.28	-0.43	-0.57	-0.020	-0.001	-0.006	0.002	0.000	0.002	0.0000	0.0000	0.0000	0.0000	0.0000	0.0000	0	1.00	0.2624	0.2264	-0.4830	1.421	0	nan	nan	nan	nan	nan	nan
133819	-0.037	-0.203	0.235	0.43	-0.57	-0.89	0.003	0.013	-0.022	0.002	0.000	0.002	0.0000	0.0000	0.0000	0.0000	0.0000	0.0000	0	1.00	0.2624	0.2264	-0.4830	1.421	0	nan	nan	nan	nan	nan	nan
133827	-0.025	-0.212	0.231	0.60	-0.81	-0.61	0.002	-0.002	-0.025	0.002	0.000	0.002	0.0000	0.0000	0.0000	0.0000	0.0000	0.0000	0	1.00	0.2624	0.2264	-0.4830	1.421	0	nan	nan	nan	nan	nan	nan
133835	-0.018	-0.216	0.229	0.25	-0.75	-1.06	0.010	0.010	-0.023	0.002	0.000	0.002	0.0000	0.0000	0.0000	0.0000	0.0000	0.0000	0	1.00	0.2624	0.2264	-0.4830	1.421	0	nan	nan	nan	nan	nan	nan
133843	-0.012	-0.220	0.226	0.27	-1.03	-0.91	0.000	-0.002	-0.011	0.002	0.000	0.002	0.0000	0.0000	0.0000	0.0000	0.0000	0.0000	0	1.00	0.2624	0.2264	-0.4830	1.421	0	nan	nan	nan	nan	nan	nan
133851	-0.008	-0.223	0.225	-0.22	-0.75	-0.81	0.017	-0.013	-0.020	0.002	0.000	0.002	0.0000	0.0000	0.0000	0.0000	0.0000	0.0000	0	1.00	0.2624	0.2264	-0.4830	1.421	0	nan	nan	nan	nan	nan	nan
133859	-0.008	-0.220	0.222	-0.24	-0.52	-0.49	0.015	-0.011	-0.020	0.002	0.000	0.002	0.0000	0.0000	0.0000	0.0000	0.0000	0.0000	0	1.00	0.2624	0.2264	-0.4830	1.421	0	nan	nan	nan	nan	nan	nan
133868	-0.004	-0.219	0.217	0.15	-0.24	-0.73	0.006	-0.019	-0.016	0.002	0.000	0.002	0.0000	0.0000	0.0000	0.0000	0.0000	0.0000	0	1.00	0.2624	0.2264	-0.4830	1.421	0	nan	nan	nan	nan	nan	nan
133876	-0.004	-0.213	0.211	0.44	-0.00	-0.84	-0.013	-0.017	-0.018	0.002	0.000	0.002	0.0000	0.0000	0.0000	0.0000	0.0000	0.0000	0	1.00	0.2624	0.2264	-0.4830	1.421	0	nan	nan	nan	nan	nan	nan
133884	-0.001	-0.209	0.205	0.62	0.46	-0.63	-0.010	0.001	-0.020	0.002	0.000	0.002	0.0000	0.0000	0.0000	0.0000	0.0000	0.0000	0	1.00	0.2624	0.2264	-0.4830	1.421	0	nan	nan	nan	nan	nan	nan
133892	-0.005	-0.204	0.203	0.34	0.37	-0.37	-0.009	-0.005	-0.033	0.002	0.000	0.002	0.0000	0.0000	0.0000	0.0000	0.0000	0.0000	0	1.00	0.2624	0.2264	-0.4830	1.421	0	nan	nan	nan	nan	nan	nan
133900	-0.005	-0.198	0.198	0.45	0.75	0.09	-0.015	0.008	-0.016	0.002	0.000	0.002	0.0000	0.0000	0.0000	0.0000	0.0000	0.0000	0	1.00	0.2624	0.2264	-0.4830	1.421	0	nan	nan	nan	nan	nan	nan
133908	0.003	-0.201	0.193	0.61	0.59	0.10	-0.011	0.013	-0.016	0.002	0.000	0.002	0.0000	0.0000	0.0000	0.0000	0.0000	0.0000	0	1.00	0.2624	0.2264	-0.4830	1.421	0	nan	nan	nan	nan	nan	nan
133916	0.011	-0.203	0.188	0.61	0.28	-0.03	-0.000	0.044	-0.002	0.002	0.000	0.002	0.0000	0.0000	0.0000	0.0000	0.0000	0.0000	0	1.00	0.2624	0.2264	-0.4830	1.421	0	nan	nan	nan	nan	nan	nan
133924	0.021	-0.206	0.180	0.60	0.43	-0.06	0.013	0.048	0.020	0.002	0.000	0.002	0.0000	0.0000	0.0000	0.0000	0.0000	0.0000	0	1.00	0.2624	0.2264	-0.4830	1.421	0	nan	nan	nan	nan	nan	nan
133932	0.026	-0.210	0.178	0.32	0.02	-0.21	0.003	0.052	0.019	0.002	0.000	0.002	0.0000	0.0000	0.0000	0.0000	0.0000	0.0000	0	1.00	0.2624	0.2264	-0.4830	1.421	0	nan	nan	nan	nan	nan	nan
133940	0.029	-0.209	0.175	0.21	0.13	-0.10	0.004	0.028	0.035	0.002	0.000	0.002	0.0000	0.0000	0.0000	0.0000	0.0000	0.0000	0	1.00	0.2624	0.2264	-0.4830	1.421	0	nan	nan	nan	nan	nan	nan
133948	0.029	-0.213	0.178	-0.30	0.32	-0.42	-0.009	0.033	0.046	0.002	0.000	0.002	0.0000	0.0000	0.0000	0.0000	0.0000	0.0000	0	1.00	0.2624	0.2264	-0.4830	1.421	0	nan	nan	nan	nan	nan	nan
133956	0.035	-0.215	0.175	-0.38	-0.12	-0.43	0.005	0.022	0.049	0.002	0.000	0.002	0.0000	0.0000	0.0000	0.0000	0.0000	0.0000	0	1.00	0.2624	0.2264	-0.4830	1.421	0	nan	nan	nan	nan	nan	nan
133964	0.035	-0.217	0.176	-0.29	0.18	-0.39	0.004	0.009	0.046	0.002	0.000	0.002	0.0000	0.0000	0.0000	0.0000	0.0000	0.0000	0	1.00	0.2624	0.2264	-0.4830	1.421	0	nan	nan	nan	nan	nan	nan
133972	0.032	-0.215	0.177	-0.68	-0.10	-0.15	0.011	-0.027	0.030	0.002	0.000	0.002	0.0000	0.0000	0.0000	0.0000	0.0000	0.0000	0	1.00	0.2624	0.2264	-0.4830	1.421	0	nan	nan	nan	nan	nan	nan
133980	0.031	-0.213	0.176	-0.83	0.19	-0.29	0.006	-0.033	0.010	0.002	0.000	0.002	0.0000	0.0000	0.0000	0.0000	0.0000	0.0000	0	1.00	0.2624	0.2264	-0.4830	1.421	0	nan	nan	nan	nan	nan	nan
133988	0.029	-0.210	0.176	-0.65	0.52	0.04	0.002	-0.035	0.003	0.002	0.000	0.002	0.0000	0.0000	0.0000	0.0000	0.0000	0.0000	0	1.00	0.2624	0.2264	-0.4830	1.421	0	nan	nan	nan	nan	nan	nan
133997	0.023	-0.204	0.176	-0.71	0.44	0.30	-0.013	-0.040	-0.014	0.002	0.000	0.002	0.0000	0.0000	0.0000	0.0000	0.0000	0.0000	0	1.00	0.2624	0.2264	-0.4830	1.421	0	nan	nan	nan	nan	nan	nan
134005	0.024	-0.200	0.170	-0.43	0.86	0.12	0.008	-0.025	-0.027	0.002	0.000	0.002	0.0000	0.0000	0.0000	0.0000	0.0000	0.0000	0	1.00	0.2624	0.2264	-0.4830	1.421	0	nan	nan	nan	nan	nan	nan
134013	0.021	-0.198	0.172	-0.50	0.32	0.52	-0.005	-0.018	-0.046	0.002	0.000	0.002	0.0000	0.0000	0.0000	0.0000	0.0000	0.0000	0	1.00	0.2624	0.2264	-0.4830	1.421	0	nan	nan	nan	nan	nan	nan
134021	0.013	-0.194	0.176	-0.68	0.69	0.55	0.004	0.008	-0.049	0.002	0.000	0.002	0.0000	0.0000	0.0000	0.0000	0.0000	0.0000	0	1.00	0.2624	0.2264	-0.4830	1.421	0	nan	nan	nan	nan	nan	nan
134029	0.000	-0.187	0.182	-0.34	0.77	0.55	0.003	0.013	-0.050	0.002	0.000	0.002	0.0000	0.0000	0.0000	0.0000	0.0000	0.0000	0	1.00	0.2624	0.2264	-0.4830	1.421	0	nan	nan	nan	nan	nan	nan
134037	-0.010	-0.181	0.186	-0.41	0.57	0.60	-0.002	0.036	-0.035	0.002	0.000	0.002	0.0000	0.0000	0.0000	0.0000	0.0000	0.0000	0	1.00	0.2624	0.2264	-0.4830	1.421	0	nan	nan	nan	nan	nan	nan
134045	-0.015	-0.181	0.191	-0.44	0.19	0.48	0.000	0.049	-0.018	0.002	0.000	0.002	0.0000	0.0000	0.0000	0.0000	0.0000	0.0000	0	1.00	0.2624	0.2264	-0.4830	1.421	0	nan	nan	nan	nan	nan	nan
134054	-0.025	-0.178	0.198	-0.67	0.41	0.70	-0.008	0.047	-0.005	0.002	0.000	0.002	0.0000	0.0000	0.0000	0.0000	0.0000	0.0000	0	1.00	0.2624	0.2264	-0.4830	1.421	0	nan	nan	nan	nan	nan	nan
134062	-0.032	-0.173	0.200	-0.95	0.37	0.49	-0.014	0.030	0.011	0.002	0.000	0.002	0.0000	0.0000	0.0000	0.0000	0.0000	0.0000	0	1.00	0.2624	0.2264	-0.4830	1.421	0	nan	nan	nan	nan	nan	nan
134070	-0.043	-0.166	0.204	-0.78	0.26	0.64	-0.013	0.006	0.022	0.002	0.000	0.002	0.0000	0.0000	0.0000	0.0000	0.0000	0.0000	0	1.00	0.2624	0.2264	-0.4830	1.421	0	nan	nan	nan	nan	nan	nan
134078	-0.048	-0.161	0.205	-0.63	0.45	0.31	-0.015	-0.025	0.029	0.002	0.000	0.002	0.0000	0.0000	0.0000	0.0000	0.0000	0.0000	0	1.00	0.2624	0.2264	-0.4830	1.421	0	nan	nan	nan	nan	nan	nan
134086	-0.051	-0.159	0.206	-0.41	0.10	0.65	-0.015	-0.029	0.026	0.002	0.000	0.002	0.0000	0.0000	0.0000	0.0000	0.0000	0.0000	0	1.00	0.2624	0.2264	-0.4830	1.421	0	nan	nan	nan	nan	nan	nan
134094	-0.063	-0.154	0.212	-0.36	-0.04	0.42	0.000	-0.035	0.033	0.002	0.000	0.002	0.0000	0.0000	0.0000	0.0000	0.0000	0.0000	0	1.00	0.2624	0.2264	-0.4830	1.421	0	nan	nan	nan	nan	nan	nan
134102	-0.068	-0.154	0.218	0.08	-0.11	0.79	-0.005	-0.029	0.016	0.002	0.000	0.002	0.0000	0.0000	0.0000	0.0000	0.0000	0.0000	0	1.00	0.2624	0.2264	-0.4830	1.421	0	nan	nan	nan	nan	nan	nan
134110	-0.079	-0.149	0.224	0.04	-0.08	0.38	0.015	-0.027	0.020	0.002	0.000	0.002	0.0000	0.0000	0.0000	0.0000	0.0000	0.0000	0	1.00	0.2624	0.2264	-0.4830	1.421	0	nan	nan	nan	nan	nan	nan
134118	-0.087	-0.146	0.229	0.14	-0.22	0.42	0.004	-0.034	0.021	0.002	0.000	0.002	0.0000	0.0000	0.0000	0.0000	0.0000	0.0000	0	1.00	0.2624	0.2264	-0.4830	1.421	0	nan	nan	nan	nan	nan	nan
134126	-0.090	-0.148	0.234	-0.14	-0.21	0.16	0.005	-0.008	-0.001	0.002	0.000	0.002	0.0000	0.0000	0.0000	0.0000	0.0000	0.0000	0	1.00	0.2624	0.2264	-0.4830	1.421	0	nan	nan	nan	nan	nan	nan
134134	-0.096	-0.148	0.240	-0.33	-0.46	0.18	0.006	0.001	-0.008	0.002	0.000	0.002	0.0000	0.0000	0.0000	0.0000	0.0000	0.0000	0	1.00	0.2624	0.2264	-0.4830	1.421	0	nan	nan	nan	nan	nan	nan
134142	-0.105	-0.151	0.252	-0.05	-0.50	0.04	-0.003	0.023	0.005	0.002	0.000	0.002	0.0000	0.0000	0.0000	0.0000	0.0000	0.0000	0	1.00	0.2624	0.2264	-0.4830	1.421	0	nan	nan	nan	nan	nan	nan
134150	-0.104	-0.153	0.253	-0.07	-0.60	-0.05	0.006	0.024	0.007	0.002	0.000	0.002	0.0000	0.0000	0.0000	0.0000	0.0000	0.0000	0	1.00	0.2624	0.2264	-0.4830	1.421	0	nan	nan	nan	nan	nan	nan
134158	-0.103	-0.160	0.259	-0.04	-0.85	-0.04	-0.001	0.066	-0.000	0.002	0.000	0.002	0.0000	0.0000	0.0000	0.0000	0.0000	0.0000	0	1.00	0.2624	0.2264	-0.4830	1.421	0	nan	nan	nan	nan	nan	nan
134166	-0.102	-0.167	0.265	-0.19	-0.85	-0.21	-0.003	0.051	-0.001	0.002	0.000	0.002	0.0000	0.0000	0.0000	0.0000	0.0000	0.0000	0	1.00	0.2624	0.2264	-0.4830	1.421	0	nan	nan	nan	nan	nan	nan
134175	-0.098	-0.172	0.266	0.18	-0.81	-0.09	0.010	0.043	-0.005	0.002	0.000	0.002	0.0000	0.0000	0.0000	0.0000	0.0000	0.0000	0	1.00	0.2624	0.2264	-0.4830	1.421	0	nan	nan	nan	nan	nan	nan
134183	-0.100	-0.171	0.266	0.26	-0.33	-0.12	-0.004	0.012	-0.001	0.002	0.000	0.002	0.0000	0.0000	0.0000	0.0000	0.0000	0.0000	0	1.00	0.2624	0.2264	-0.4830	1.421	0	nan	nan	nan	nan	nan	nan
134191	-0.096	-0.176	0.267	0.37	-0.57	-0.10	-0.007	-0.007	-0.014	0.002	0.000	0.002	0.0000	0.0000	0.0000	0.0000	0.0000	0.0000	0	1.00	0.2624	0.2264	-0.4830	1.421	0	nan	nan	nan	nan	nan	nan
134199	-0.093	-0.180	0.268	0.48	-0.42	-0.04	-0.002	-0.036	-0.024	0.002	0.000	0.002	0.0000	0.0000	0.0000	0.0000	0.0000	0.0000	0	1.00	0.2624	0.2264	-0.4830	1.421	0	nan	nan	nan	nan	nan	nan
134207	-0.085	-0.190	0.270	0.10	-0.58	-0.03	-0.012	-0.040	-0.009	0.002	0.000	0.002	0.0000	0.0000	0.0000	0.0000	0.0000	0.0000	0	1.00	0.2624	0.2264	-0.4830	1.421	0	nan	nan	nan	nan	nan	nan
134215	-0.073	-0.199	0.266	0.18	-0.60	-0.30	-0.006	-0.054	-0.006	0.002	0.000	0.002	0.0000	0.0000	0.0000	0.0000	0.0000	0.0000	0	1.00	0.2624	0.2264	-0.4830	1.421	0	nan	nan	nan	nan	nan	nan
134223	-0.066	-0.202	0.263	0.04	-0.74	-0.44	0.007	-0.034	-0.009	0.002	0.000	0.002	0.0000	0.0000	0.0000	0.0000	0.0000	0.0000	0	1.00	0.2624	0.2264	-0.4830	1.421	0	nan	nan	nan	nan	nan	nan
134232	-0.065	-0.202	0.262	-0.11	-0.49	-0.54	0.012	-0.020	-0.002	0.002	0.000	0.002	0.0000	0.0000	0.0000	0.0000	0.0000	0.0000	0	1.00	0.2624	0.2264	-0.4830	1.421	0	nan	nan	nan	nan	nan	nan
134240	-0.061	-0.200	0.255	-0.16	-0.60	-0.39	0.009	-0.006	0.004	0.002	0.000	0.002	0.0000	0.0000	0.0000	0.0000	0.0000	0.0000	0	1.00	0.2624	0.2264	-0.4830	1.421	0	nan	nan	nan	nan	nan	nan
134248	-0.055	-0.204	0.253	0.12	-0.43	-0.31	-0.001	0.010	0.010	0.002	0.000	0.002	0.0000	0.0000	0.0000	0.0000	0.0000	0.0000	0	1.00	0.2624	0.2264	-0.4830	1.421	0	nan	nan	nan	nan	nan	nan
134256	-0.047	-0.207	0.248	-0.03	-0.22	-0.36	-0.004	0.014	0.002	0.002	0.000	0.002	0.0000	0.0000	0.0000	0.0000	0.0000	0.0000	0	1.00	0.2624	0.2264	-0.4830	1.421	0	nan	nan	nan	nan	nan	nan
134264	-0.046	-0.205	0.246	0.19	0.02	0.14	0.006	0.043	0.012	0.002	0.000	0.002	0.0000	0.0000	0.0000	0.0000	0.0000	0.0000	0	1.00	0.2624	0.2264	-0.4830	1.421	0	nan	nan	nan	nan	nan	nan
134272	-0.046	-0.207	0.248	0.40	0.27	0.30	0.005	0.056	0.020	0.002	0.000	0.002	0.0000	0.0000	0.0000	0.0000	0.0000	0.0000	0	1.00	0.2624	0.2264	-0.4830	1.421	0	nan	nan	nan	nan	nan	nan
134280	-0.043	-0.210	0.248	0.10	0.13	0.43	-0.011	0.048	0.015	0.002	0.000	0.002	0.0000	0.0000	0.0000	0.0000	0.0000	0.0000	0	1.00	0.2624	0.2264	-0.4830	1.421	0	nan	nan	nan	nan	nan	nan
134288	-0.037	-0.216	0.247	0.50	0.13	0.34	-0.014	0.031	0.011	0.002	0.000	0.002	0.0000	0.0000	0.0000	0.0000	0.0000	0.0000	0	1.00	0.2624	0.2264	-0.4830	1.421	0	nan	nan	nan	nan	nan	nan
134296	-0.030	-0.220	0.245	0.13	0.25	0.37	-0.010	0.032	-0.001	0.002	0.000	0.002	0.0000	0.0000	0.0000	0.0000	0.0000	0.0000	0	1.00	0.2624	0.2264	-0.4830	1.421	0	nan	nan	nan	nan	nan	nan
134304	-0.022	-0.223	0.240	0.13	0.17	0.46	-0.003	0.006	-0.001	0.002	0.000	0.002	0.0000	0.0000	0.0000	0.0000	0.0000	0.0000	0	1.00	0.2624	0.2264	-0.4830	1.421	0	nan	nan	nan	nan	nan	nan
134313	-0.020	-0.227	0.241	-0.11	0.21	0.24	-0.022	0.007	-0.004	0.002	0.000	0.002	0.0000	0.0000	0.0000	0.0000	0.0000	0.0000	0	1.00	0.2624	0.2264	-0.4830	1.421	0	nan	nan	nan	nan	nan	nan
134321	-0.024	-0.224	0.243	-0.26	0.28	0.31	-0.010	-0.041	-0.011	0.002	0.000	0.002	0.0000	0.0000	0.0000	0.0000	0.0000	0.0000	0	1.00	0.2624	0.2264	-0.4830	1.421	0	nan	nan	nan	nan	nan	nan
134329	-0.028	-0.223	0.246	-0.36	0.20	0.49	0.001	-0.046	-0.017	0.002	0.000	0.002	0.0000	0.0000	0.0000	0.0000	0.0000	0.0000	0	1.00	0.2624	0.2264	-0.4830	1.421	0	nan	nan	nan	nan	nan	nan
134337	-0.024	-0.222	0.240	-0.61	0.39	0.25	0.006	-0.058	-0.007	0.002	0.000	0.002	0.0000	0.0000	0.0000	0.0000	0.0000	0.0000	0	1.00	0.2624	0.2264	-0.4830	1.421	0	nan	nan	nan	nan	nan	nan
134345	-0.029	-0.219	0.242	-0.75	0.66	0.00	0.003	-0.056	-0.010	0.002	0.000	0.002	0.0000	0.0000	0.0000	0.0000	0.0000	0.0000	0	1.00	0.2624	0.2264	-0.4830	1.421	0	nan	nan	nan	nan	nan	nan
134353	-0.037	-0.216	0.247	-0.65	0.39	0.17	0.003	-0.037	0.008	0.002	0.000	0.002	0.0000	0.0000	0.0000	0.0000	0.0000	0.0000	0	1.00	0.2624	0.2264	-0.4830	1.421	0	nan	nan	nan	nan	nan	nan
134361	-0.040	-0.214	0.248	-0.65	0.39	0.17	-0.004	-0.014	0.015	0.002	0.000	0.002	0.0000	0.0000	0.0000	0.0000	0.0000	0.0000	0	1.00	0.2624	0.2264	-0.4830	1.421	0	nan	nan	nan	nan	nan	nan
134369	-0.048	-0.209	0.252	-0.67	0.47	0.33	-0.000	0.011	0.019	0.002	0.000	0.002	0.0000	0.0000	0.0000	0.0000	0.0000	0.0000	0	1.00	0.2624	0.2264	-0.4830	1.421	0	nan	nan	nan	nan	nan	nan
134377	-0.057	-0.203	0.254	-0.59	0.48	0.34	-0.013	0.028	0.027	0.002	0.000	0.002	0.0000	0.0000	0.0000	0.0000	0.0000	0.0000	0	1.00	0.2624	0.2264	-0.4830	1.421	0	nan	nan	nan	nan	nan	nan
134385	-0.063	-0.198	0.255	-0.29	0.33	0.19	-0.009	0.054	0.016	0.002	0.000	0.002	0.0000	0.0000	0.0000	0.0000	0.0000	0.0000	0	1.00	0.2624	0.2264	-0.4830	1.421	0	nan	nan	nan	nan	nan	nan
134393	-0.073	-0.195	0.263	-0.49	0.17	0.55	-0.007	0.041	0.022	0.002	0.000	0.002	0.0000	0.0000	0.0000	0.0000	0.0000	0.0000	0	1.00	0.2624	0.2264	-0.4830	1.421	0	nan	nan	nan	nan	nan	nan
134401	-0.079	-0.190	0.264	-0.31	0.31	0.34	-0.009	0.049	0.011	0.002	0.000	0.002	0.0000	0.0000	0.0000	0.0000	0.0000	0.0000	0	1.00	0.2624	0.2264	-0.4830	1.421	0	nan	nan	nan	nan	nan	nan
134409	-0.087	-0.189	0.271	-0.58	-0.04	0.43	0.005	0.047	0.003	0.002	0.000	0.002	0.0000	0.0000	0.0000	0.0000	0.0000	0.0000	0	1.00	0.2624	0.2264	-0.4830	1.421	0	nan	nan	nan	nan	nan	nan
134418	-0.092	-0.186	0.273	-0.59	0.15	-0.07	-0.003	0.021	-0.014	0.002	0.000	0.002	0.0000	0.0000	0.0000	0.0000	0.0000	0.0000	0	1.00	0.2624	0.2264	-0.4830	1.421	0	nan	nan	nan	nan	nan	nan
134426	-0.094	-0.188	0.278	-0.42	-0.41	-0.21	0.000	0.009	-0.010	0.002	0.000	0.002	0.0000	0.0000	0.0000	0.0000	0.0000	0.0000	0	1.00	0.2624	0.2264	-0.4830	1.421	0	nan	nan	nan	nan	nan	nan
134434	-0.100	-0.184	0.280	-0.38	-0.16	-0.39	0.007	-0.021	-0.033	0.002	0.000	0.002	0.0000	0.0000	0.0000	0.0000	0.0000	0.0000	0	1.00	0.2624	0.2264	-0.4830	1.421	0	nan	nan	nan	nan	nan	nan
134442	-0.102	-0.184	0.281	-0.49	-0.27	-0.49	0.008	-0.033	-0.024	0.002	0.000	0.002	0.0000	0.0000	0.0000	0.0000	0.0000	0.0000	0	1.00	0.2624	0.2264	-0.4830	1.421	0	nan	nan	nan	nan	nan	nan
134450	-0.105	-0.181	0.281	-0.39	0.05	-0.17	0.011	-0.062	-0.043	0.002	0.000	0.002	0.0000	0.0000	0.0000	0.0000	0.0000	0.0000	0	1.00	0.2624	0.2264	-0.4830	1.421	0	nan	nan	nan	nan	nan	nan
134459	-0.107	-0.177	0.279	-0.48	-0.11	-0.34	-0.002	-0.046	-0.014	0.002	0.000	0.002	0.0000	0.0000	0.0000	0.0000	0.0000	0.0000	0	1.00	0.2624	0.2264	-0.4830	1.421	0	nan	nan	nan	nan	nan	nan
134467	-0.112	-0.174	0.281	-0.11	-0.16	-0.13	-0.007	-0.041	-0.012	0.002	0.000	0.002	0.0000	0.0000	0.0000	0.0000	0.0000	0.0000	0	1.00	0.2624	0.2264	-0.4830	1.421	0	nan	nan	nan	nan	nan	nan
134475	-0.114	-0.172	0.281	-0.05	-0.08	0.04	-0.001	-0.030	0.004	0.002	0.000	0.002	0.0000	0.0000	0.0000	0.0000	0.0000	0.0000	0	1.00	0.2624	0.2264	-0.4830	1.421	0	nan	nan	nan	nan	nan	nan
134483	-0.112	-0.170	0.278	0.16	-0.06	-0.29	0.006	0.006	0.001	0.002	0.000	0.002	0.0000	0.0000	0.0000	0.0000	0.0000	0.0000	0	1.00	0.2624	0.2264	-0.4830	1.421	0	nan	nan	nan	nan	nan	nan
134491	-0.113	-0.168	0.277	0.09	-0.26	-0.23	-0.014	0.033	0.007	0.002	0.000	0.002	0.0000	0.0000	0.0000	0.0000	0.0000	0.0000	0	1.00	0.2624	0.2264	-0.4830	1.421	0	nan	nan	nan	nan	nan	nan
134499	-0.116	-0.166	0.278	0.05	-0.21	0.08	-0.013	0.032	0.009	0.002	0.000	0.002	0.0000	0.0000	0.0000	0.0000	0.0000	0.0000	0	1.00	0.2624	0.2264	-0.4830	1.421	0	nan	nan	nan	nan	nan	nan
134507	-0.112	-0.168	0.276	0.10	0.07	-0.25	-0.012	0.047	0.022	0.002	0.000	0.002	0.0000	0.0000	0.0000	0.0000	0.0000	0.0000	0	1.00	0.2624	0.2264	-0.4830	1.421	0	nan	nan	nan	nan	nan	nan
134515	-0.107	-0.176	0.279	0.44	-0.08	0.30	-0.001	0.050	0.026	0.002	0.000	0.002	0.0000	0.0000	0.0000	0.0000	0.0000	0.0000	0	1.00	0.2624	0.2264	-0.4830	1.421	0	nan	nan	nan	nan	nan	nan
134524	-0.103	-0.180	0.278	0.23	-0.12	-0.09	0.006	0.046	0.021	0.002	0.000	0.002	0.0000	0.0000	0.0000	0.0000	0.0000	0.0000	0	1.00	0.2624	0.2264	-0.4830	1.421	0	nan	nan	nan	nan	nan	nan
134532	-0.103	-0.188	0.285	0.47	-0.03	0.00	0.016	0.024	0.026	0.002	0.000	0.002	0.0000	0.0000	0.0000	0.0000	0.0000	0.0000	0	1.00	0.2624	0.2264	-0.4830	1.421	0	nan	nan	nan	nan	nan	nan
134540	-0.100	-0.187	0.282	0.09	0.11	0.14	0.016	0.002	0.012	0.002	0.000	0.002	0.0000	0.0000	0.0000	0.0000	0.0000	0.0000	0	1.00	0.2624	0.2264	-0.4830	1.421	0	nan	nan	nan	nan	nan	nan
134548	-0.102	-0.190	0.287	0.35	0.38	0.24	0.009	-0.022	0.002	0.002	0.000	0.002	0.0000	0.0000	0.0000	0.0000	0.0000	0.0000	0	1.00	0.2624	0.2264	-0.4830	1.421	0	nan	nan	nan	nan	nan	nan
134556	-0.094	-0.193	0.281	0.35	0.22	0.09	0.008	-0.039	-0.004	0.002	0.000	0.002	0.0000	0.0000	0.0000	0.0000	0.0000	0.0000	0	1.00	0.2624	0.2264	-0.4830	1.421	0	nan	nan	nan	nan	nan	nan
134564	-0.092	-0.192	0.280	0.39	-0.09	0.04	0.012	-0.047	-0.027	0.002	0.000	0.002	0.0000	0.0000	0.0000	0.0000	0.0000	0.0000	0	1.00	0.2624	0.2264	-0.4830	1.421	0	nan	nan	nan	nan	nan	nan
134573	-0.093	-0.187	0.275	0.18	-0.08	-0.39	-0.010	-0.042	-0.017	0.002	0.000	0.002	0.0000	0.0000	0.0000	0.0000	0.0000	0.0000	0	1.00	0.2624	0.2264	-0.4830	1.421	0	nan	nan	nan	nan	nan	nan
134581	-0.091	-0.188	0.275	0.09	-0.33	-0.47	-0.006	-0.043	-0.013	0.002	0.000	0.002	0.0000	0.0000	0.0000	0.0000	0.0000	0.0000	0	1.00	0.2624	0.2264	-0.4830	1.421	0	nan	nan	nan	nan	nan	nan
134589	-0.088	-0.185	0.269	0.04	-0.22	-0.53	-0.016	-0.024	-0.025	0.002	0.000	0.002	0.0000	0.0000	0.0000	0.0000	0.0000	0.0000	0	1.00	0.2624	0.2264	-0.4830	1.421	0	nan	nan	nan	nan	nan	nan
134597	-0.092	-0.182	0.269	-0.09	0.04	-0.45	-0.015	-0.012	-0.024	0.002	0.000	0.002	0.0000	0.0000	0.0000	0.0000	0.0000	0.0000	0	1.00	0.2624	0.2264	-0.4830	1.421	0	nan	nan	nan	nan	nan	nan
134605	-0.085	-0.184	0.264	0.03	-0.25	-0.82	-0.018	0.010	-0.011	0.002	0.000	0.002	0.0000	0.0000	0.0000	0.0000	0.0000	0.0000	0	1.00	0.2624	0.2264	-0.4830	1.421	0	nan	nan	nan	nan	nan	nan
134613	-0.084	-0.182	0.261	0.40	-0.08	-0.83	-0.018	0.021	0.007	0.002	0.000	0.002	0.0000	0.0000	0.0000	0.0000	0.0000	0.0000	0	1.00	0.2624	0.2264	-0.4830	1.421	0	nan	nan	nan	nan	nan	nan
134621	-0.083	-0.176	0.255	0.38	-0.01	-0.66	-0.001	0.035	0.027	0.002	0.000	0.002	0.0000	0.0000	0.0000	0.0000	0.0000	0.0000	0	1.00	0.2624	0.2264	-0.4830	1.421	0	nan	nan	nan	nan	nan	nan
134630	-0.087	-0.173	0.256	-0.26	-0.03	-0.43	-0.012	0.010	0.026	0.002	0.000	0.002	0.0000	0.0000	0.0000	0.0000	0.0000	0.0000	0	1.00	0.2624	0.2264	-0.4830	1.421	0	nan	nan	nan	nan	nan	nan
134638	-0.086	-0.176	0.258	0.55	0.08	-0.40	-0.001	0.019	0.035	0.002	0.000	0.002	0.0000	0.0000	0.0000	0.0000	0.0000	0.0000	0	1.00	0.2624	0.2264	-0.4830	1.421	0	nan	nan	nan	nan	nan	nan
134646	-0.079	-0.179	0.253	0.51	0.13	-0.09	0.017	-0.002	0.031	0.002	0.000	0.002	0.0000	0.0000	0.0000	0.0000	0.0000	0.0000	0	1.00	0.2624	0.2264	-0.4830	1.421	0	nan	nan	nan	nan	nan	nan
134654	-0.069	-0.180	0.244	0.33	0.04	-0.35	0.020	0.012	0.031	0.002	0.000	0.002	0.0000	0.0000	0.0000	0.0000	0.0000	0.0000	0	1.00	0.2624	0.2264	-0.4830	1.421	0	nan	nan	nan	nan	nan	nan
134662	-0.069	-0.177	0.241	0.18	0.20	-0.37	0.017	-0.011	0.010	0.002	0.000	0.002	0.0000	0.0000	0.0000	0.0000	0.0000	0.0000	0	1.00	0.2624	0.2264	-0.4830	1.421	0	nan	nan	nan	nan	nan	nan
134670	-0.067	-0.180	0.243	0.19	0.36	-0.21	0.017	-0.008	-0.005	0.002	0.000	0.002	0.0000	0.0000	0.0000	0.0000	0.0000	0.0000	0	1.00	0.2624	0.2264	-0.4830	1.421	0	nan	nan	nan	nan	nan	nan
134678	-0.065	-0.175	0.236	0.30	0.03	-0.10	0.002	-0.024	-0.017	0.002	0.000	0.002	0.0000	0.0000	0.0000	0.0000	0.0000	0.0000	0	1.00	0.2624	0.2264	-0.4830	1.421	0	nan	nan	nan	nan	nan	nan
134686	-0.056	-0.173	0.225	0.28	-0.02	-0.24	0.008	-0.006	-0.024	0.002	0.000	0.002	0.0000	0.0000	0.0000	0.0000	0.0000	0.0000	0	1.00	0.2624	0.2264	-0.4830	1.421	0	nan	nan	nan	nan	nan	nan
134694	-0.054	-0.170	0.219	0.18	-0.04	-0.44	0.020	-0.001	-0.023	0.002	0.000	0.002	0.0000	0.0000	0.0000	0.0000	0.0000	0.0000	0	1.00	0.2624	0.2264	-0.4830	1.421	0	nan	nan	nan	nan	nan	nan
134702	-0.055	-0.162	0.212	0.39	0.35	-0.40	0.009	-0.020	-0.035	0.002	0.000	0.002	0.0000	0.0000	0.0000	0.0000	0.0000	0.0000	0	1.00	0.2624	0.2264	-0.4830	1.421	0	nan	nan	nan	nan	nan	nan
134710	-0.055	-0.161	0.211	0.05	0.26	-0.40	-0.007	-0.001	-0.017	0.002	0.000	0.002	0.0000	0.0000	0.0000	0.0000	0.0000	0.0000	0	1.00	0.2624	0.2264	-0.4830	1.421	0	nan	nan	nan	nan	nan	nan
134719	-0.057	-0.158	0.211	0.03	0.24	-0.25	-0.001	0.004	-0.017	0.002	0.000	0.002	0.0000	0.0000	0.0000	0.0000	0.0000	0.0000	0	1.00	0.2624	0.2264	-0.4830	1.421	0	nan	nan	nan	nan	nan	nan
134727	-0.053	-0.157	0.206	-0.08	0.30	-0.10	-0.006	0.005	-0.007	0.002	0.000	0.002	0.0000	0.0000	0.0000	0.0000	0.0000	0.0000	0	1.00	0.2624	0.2264	-0.4830	1.421	0	nan	nan	nan	nan	nan	nan
134735	-0.050	-0.153	0.199	0.48	0.51	-0.23	-0.018	0.022	-0.004	0.002	0.000	0.002	0.0000	0.0000	0.0000	0.0000	0.0000	0.0000	0	1.00	0.2624	0.2264	-0.4830	1.421	0	nan	nan	nan	nan	nan	nan
134743	-0.051	-0.149	0.196	0.40	0.40	0.17	-0.024	0.019	0.006	0.002	0.000	0.002	0.0000	0.0000	0.0000	0.0000	0.0000	0.0000	0	1.00	0.2624	0.2264	-0.4830	1.421	0	nan	nan	nan	nan	nan	nan
134751	-0.053	-0.149	0.198	-0.04	0.32	0.27	-0.021	0.014	0.010	0.002	0.000	0.002	0.0000	0.0000	0.0000	0.0000	0.0000	0.0000	0	1.00	0.2624	0.2264	-0.4830	1.421	0	nan	nan	nan	nan	nan	nan
134759	-0.052	-0.151	0.199	0.32	0.37	0.49	-0.012	-0.027	0.008	0.002	0.000	0.002	0.0000	0.0000	0.0000	0.0000	0.0000	0.0000	0	1.00	0.2624	0.2264	-0.4830	1.421	0	nan	nan	nan	nan	nan	nan
134767	-0.049	-0.149	0.194	0.94	0.26	0.20	-0.011	-0.043	0.011	0.002	0.000	0.002	0.0000	0.0000	0.0000	0.0000	0.0000	0.0000	0	1.00	0.2624	0.2264	-0.4830	1.421	0	nan	nan	nan	nan	nan	nan
134775	-0.053	-0.147	0.196	0.49	0.50	-0.34	-0.001	-0.044	0.020	0.002	0.000	0.002	0.0000	0.0000	0.0000	0.0000	0.0000	0.0000	0	1.00	0.2624	0.2264	-0.4830	1.421	0	nan	nan	nan	nan	nan	nan
134783	-0.057	-0.146	0.199	0.19	0.43	0.03	0.005	-0.037	0.022	0.002	0.000	0.002	0.0000	0.0000	0.0000	0.0000	0.0000	0.0000	0	1.00	0.2624	0.2264	-0.4830	1.421	0	nan	nan	nan	nan	nan	nan
134791	-0.053	-0.147	0.196	0.66	0.06	-0.17	0.021	-0.030	0.029	0.002	0.000	0.002	0.0000	0.0000	0.0000	0.0000	0.0000	0.0000	0	1.00	0.2624	0.2264	-0.4830	1.421	0	nan	nan	nan	nan	nan	nan
134799	-0.052	-0.147	0.195	0.15	-0.13	-0.10	0.028	-0.016	0.030	0.002	0.000	0.002	0.0000	0.0000	0.0000	0.0000	0.0000	0.0000	0	1.00	0.2624	0.2264	-0.4830	1.421	0	nan	nan	nan	nan	nan	nan
134807	-0.052	-0.146	0.194	0.17	-0.28	-0.51	0.019	0.013	0.007	0.002	0.000	0.002	0.0000	0.0000	0.0000	0.0000	0.0000	0.0000	0	1.00	0.2624	0.2264	-0.4830	1.421	0	nan	nan	nan	nan	nan	nan
134815	-0.056	-0.140	0.192	0.52	-0.25	-0.57	0.000	0.020	0.008	0.002	0.000	0.002	0.0000	0.0000	0.0000	0.0000	0.0000	0.0000	0	1.00	0.2624	0.2264	-0.4830	1.421	0	nan	nan	nan	nan	nan	nan
134823	-0.053	-0.141	0.190	0.67	-0.46	-0.51	0.010	0.019	0.007	0.002	0.000	0.002	0.0000	0.0000	0.0000	0.0000	0.0000	0.0000	0	1.00	0.2624	0.2264	-0.4830	1.421	0	nan	nan	nan	nan	nan	nan
134832	-0.048	-0.144	0.187	0.83	-0.46	-0.34	-0.002	0.033	-0.005	0.002	0.000	0.002	0.0000	0.0000	0.0000	0.0000	0.0000	0.0000	0	1.00	0.2624	0.2264	-0.4830	1.421	0	nan	nan	nan	nan	nan	nan
134840	-0.042	-0.149	0.187	0.98	-0.25	0.04	-0.015	0.030	-0.020	0.002	0.000	0.002	0.0000	0.0000	0.0000	0.0000	0.0000	0.0000	0	1.00	0.2624	0.2264	-0.4830	1.421	0	nan	nan	nan	nan	nan	nan
134848	-0.031	-0.152	0.179	1.23	-0.20	-0.26	-0.027	0.014	-0.025	0.002	0.000	0.002	0.0000	0.0000	0.0000	0.0000	0.0000	0.0000	0	1.00	0.2624	0.2264	-0.4830	1.421	0	nan	nan	nan	nan	nan	nan
134856	-0.024	-0.156	0.176	1.09	-0.23	-0.20	-0.016	0.001	-0.030	0.002	0.000	0.002	0.0000	0.0000	0.0000	0.0000	0.0000	0.0000	0	1.00	0.2624	0.2264	-0.4830	1.421	0	nan	nan	nan	nan	nan	nan
134864	-0.014	-0.166	0.175	1.13	-0.41	-0.38	-0.014	-0.005	-0.035	0.002	0.000	0.002	0.0000	0.0000	0.0000	0.0000	0.0000	0.0000	0	1.00	0.2624	0.2264	-0.4830	1.421	0	nan	nan	nan	nan	nan	nan
134873	-0.005	-0.172	0.172	0.67	-0.67	-0.30	-0.009	-0.012	-0.028	0.002	0.000	0.002	0.0000	0.0000	0.0000	0.0000	0.0000	0.0000	0	1.00	0.2624	0.2264	-0.4830	1.421	0	nan	nan	nan	nan	nan	nan
134881	0.007	-0.178	0.166	0.57	-0.61	-0.57	-0.011	-0.018	-0.022	0.002	0.000	0.002	0.0000	0.0000	0.0000	0.0000	0.0000	0.0000	0	1.00	0.2624	0.2264	-0.4830	1.421	0	nan	nan	nan	nan	nan	nan
134889	0.018	-0.184	0.162	0.39	-0.44	-0.67	-0.019	-0.018	0.001	0.002	0.000	0.002	0.0000	0.0000	0.0000	0.0000	0.0000	0.0000	0	1.00	0.2624	0.2264	-0.4830	1.421	0	nan	nan	nan	nan	nan	nan
134897	0.032	-0.195	0.159	0.02	-0.82	-0.87	-0.001	-0.006	0.004	0.002	0.000	0.002	0.0000	0.0000	0.0000	0.0000	0.0000	0.0000	0	1.00	0.2624	0.2264	-0.4830	1.421	0	nan	nan	nan	nan	nan	nan
134905	0.047	-0.201	0.148	-0.31	-0.68	-0.47	0.005	0.006	0.022	0.002	0.000	0.002	0.0000	0.0000	0.0000	0.0000	0.0000	0.0000	0	1.00	0.2624	0.2264	-0.4830	1.421	0	nan	nan	nan	nan	nan	nan
134913	0.055	-0.206	0.145	-0.53	-1.00	-0.45	0.021	0.011	0.028	0.002	0.000	0.002	0.0000	0.0000	0.0000	0.0000	0.0000	0.0000	0	1.00	0.2624	0.2264	-0.4830	1.421	0	nan	nan	nan	nan	nan	nan
134921	0.063	-0.205	0.137	-0.62	-0.62	-0.42	0.021	0.011	0.018	0.002	0.000	0.002	0.0000	0.0000	0.0000	0.0000	0.0000	0.0000	0	1.00	0.2624	0.2264	-0.4830	1.421	0	nan	nan	nan	nan	nan	nan
134929	0.067	-0.207	0.135	-0.65	-0.15	0.40	0.018	0.011	0.007	0.002	0.000	0.002	0.0000	0.0000	0.0000	0.0000	0.0000	0.0000	0	1.00	0.2624	0.2264	-0.4830	1.421	0	nan	nan	nan	nan	nan	nan
134937	0.067	-0.210	0.137	-0.75	-0.01	0.36	0.028	0.017	0.003	0.002	0.000	0.002	0.0000	0.0000	0.0000	0.0000	0.0000	0.0000	0	1.00	0.2624	0.2264	-0.4830	1.421	0	nan	nan	nan	nan	nan	nan
134945	0.057	-0.205	0.142	-0.42	0.16	0.71	0.008	0.009	0.001	0.002	0.000	0.002	0.0000	0.0000	0.0000	0.0000	0.0000	0.0000	0	1.00	0.2624	0.2264	-0.4830	1.421	0	nan	nan	nan	nan	nan	nan
134953	0.051	-0.207	0.150	-0.65	0.07	1.23	-0.001	0.006	-0.006	0.002	0.000	0.002	0.0000	0.0000	0.0000	0.0000	0.0000	0.0000	0	1.00	0.2624	0.2264	-0.4830	1.421	0	nan	nan	nan	nan	nan	nan
134961	0.050	-0.211	0.156	-0.38	0.43	0.81	-0.011	-0.004	-0.006	0.002	0.000	0.002	0.0000	0.0000	0.0000	0.0000	0.0000	0.0000	0	1.00	0.2624	0.2264	-0.4830	1.421	0	nan	nan	nan	nan	nan	nan
134969	0.044	-0.215	0.165	-0.31	0.05	1.03	-0.012	-0.003	-0.017	0.002	0.000	0.002	0.0000	0.0000	0.0000	0.0000	0.0000	0.0000	0	1.00	0.2624	0.2264	-0.4830	1.421	0	nan	nan	nan	nan	nan	nan
134978	0.036	-0.211	0.170	-1.01	0.71	0.75	-0.017	-0.005	0.006	0.002	0.000	0.002	0.0000	0.0000	0.0000	0.0000	0.0000	0.0000	0	1.00	0.2624	0.2264	-0.4830	1.421	0	nan	nan	nan	nan	nan	nan
134986	0.028	-0.210	0.177	-0.33	0.58	0.61	-0.007	0.010	0.006	0.002	0.000	0.002	0.0000	0.0000	0.0000	0.0000	0.0000	0.0000	0	1.00	0.2624	0.2264	-0.4830	1.421	0	nan	nan	nan	nan	nan	nan
134994	0.020	-0.210	0.185	-0.33	0.67	0.53	0.002	-0.005	0.007	0.002	0.000	0.002	0.0000	0.0000	0.0000	0.0000	0.0000	0.0000	0	1.00	0.2624	0.2264	-0.4830	1.421	0	nan	nan	nan	nan	nan	nan
135002	0.014	-0.210	0.191	-0.47	0.40	0.52	-0.007	-0.041	0.008	0.002	0.000	0.002	0.0000	0.0000	0.0000	0.0000	0.0000	0.0000	0	1.00	0.2624	0.2264	-0.4830	1.421	0	nan	nan	nan	nan	nan	nan
135010	0.004	-0.205	0.195	-0.45	0.49	0.61	0.005	-0.024	0.020	0.002	0.000	0.002	0.0000	0.0000	0.0000	0.0000	0.0000	0.0000	0	1.00	0.2624	0.2264	-0.4830	1.421	0	nan	nan	nan	nan	nan	nan
135019	0.001	-0.203	0.196	-0.32	0.38	0.07	0.012	-0.010	0.011	0.002	0.000	0.002	0.0000	0.0000	0.0000	0.0000	0.0000	0.0000	0	1.00	0.2624	0.2264	-0.4830	1.421	0	nan	nan	nan	nan	nan	nan
135027	-0.010	-0.201	0.206	0.01	0.55	-0.02	0.010	0.010	0.023	0.002	0.000	0.002	0.0000	0.0000	0.0000	0.0000	0.0000	0.0000	0	1.00	0.2624	0.2264	-0.4830	1.421	0	nan	nan	nan	nan	nan	nan
135035	-0.019	-0.200	0.214	-0.38	-0.05	0.24	0.016	0.017	0.005	0.002	0.000	0.002	0.0000	0.0000	0.0000	0.0000	0.0000	0.0000	0	1.00	0.2624	0.2264	-0.4830	1.421	0	nan	nan	nan	nan	nan	nan
135043	-0.028	-0.194	0.217	0.04	0.15	-0.16	0.013	0.018	0.007	0.002	0.000	0.002	0.0000	0.0000	0.0000	0.0000	0.0000	0.0000	0	1.00	0.2624	0.2264	-0.4830	1.421	0	nan	nan	nan	nan	nan	nan
135051	-0.031	-0.190	0.216	-0.27	0.23	-0.25	0.011	0.026	0.001	0.002	0.000	0.002	0.0000	0.0000	0.0000	0.0000	0.0000	0.0000	0	1.00	0.2624	0.2264	-0.4830	1.421	0	nan	nan	nan	nan	nan	nan
135059	-0.036	-0.189	0.220	-0.08	-0.20	-0.34	0.014	0.011	0.003	0.002	0.000	0.002	0.0000	0.0000	0.0000	0.0000	0.0000	0.0000	0	1.00	0.2624	0.2264	-0.4830	1.421	0	nan	nan	nan	nan	nan	nan
135067	-0.039	-0.192	0.226	0.01	-0.15	-0.37	0.002	-0.004	-0.007	0.002	0.000	0.002	0.0000	0.0000	0.0000	0.0000	0.0000	0.0000	0	1.00	0.2624	0.2264	-0.4830	1.421	0	nan	nan	nan	nan	nan	nan
135075	-0.041	-0.191	0.227	-0.01	-0.13	-0.26	0.004	-0.002	-0.020	0.002	0.000	0.002	0.0000	0.0000	0.0000	0.0000	0.0000	0.0000	0	1.00	0.2624	0.2264	-0.4830	1.421	0	nan	nan	nan	nan	nan	nan
135083	-0.039	-0.192	0.226	-0.07	0.13	-0.35	-0.012	0.005	-0.020	0.002	0.000	0.002	0.0000	0.0000	0.0000	0.0000	0.0000	0.0000	0	1.00	0.2624	0.2264	-0.4830	1.421	0	nan	nan	nan	nan	nan	nan
135092	-0.041	-0.192	0.228	0.23	0.09	-0.30	-0.020	-0.009	-0.019	0.002	0.000	0.002	0.0000	0.0000	0.0000	0.0000	0.0000	0.0000	0	1.00	0.2624	0.2264	-0.4830	1.421	0	nan	nan	nan	nan	nan	nan
135100	-0.039	-0.189	0.224	0.35	-0.06	-0.37	-0.014	-0.019	-0.020	0.002	0.000	0.002	0.0000	0.0000	0.0000	0.0000	0.0000	0.0000	0	1.00	0.2624	0.2264	-0.4830	1.421	0	nan	nan	nan	nan	nan	nan
135108	-0.039	-0.187	0.222	0.36	-0.32	-0.54	-0.015	-0.003	-0.009	0.002	0.000	0.002	0.0000	0.0000	0.0000	0.0000	0.0000	0.0000	0	1.00	0.2624	0.2264	-0.4830	1.421	0	nan	nan	nan	nan	nan	nan
135116	-0.038	-0.185	0.218	0.27	-0.07	-0.81	-0.022	-0.018	-0.012	0.002	0.000	0.002	0.0000	0.0000	0.0000	0.0000	0.0000	0.0000	0	1.00	0.2624	0.2264	-0.4830	1.421	0	nan	nan	nan	nan	nan	nan
135124	-0.037	-0.182	0.214	0.21	-0.29	-0.42	0.001	-0.022	0.011	0.002	0.000	0.002	0.0000	0.0000	0.0000	0.0000	0.0000	0.0000	0	1.00	0.2624	0.2264	-0.4830	1.421	0	nan	nan	nan	nan	nan	nan
135132	-0.035	-0.181	0.211	0.91	-0.07	-0.29	0.009	-0.005	-0.010	0.002	0.000	0.002	0.0000	0.0000	0.0000	0.0000	0.0000	0.0000	0	1.00	0.2624	0.2264	-0.4830	1.421	0	nan	nan	nan	nan	nan	nan
135140	-0.026	-0.184	0.205	0.79	-0.03	-0.42	0.009	-0.003	-0.000	0.002	0.000	0.002	0.0000	0.0000	0.0000	0.0000	0.0000	0.0000	0	1.00	0.2624	0.2264	-0.4830	1.421	0	nan	nan	nan	nan	nan	nan
135148	-0.025	-0.179	0.199	0.64	0.16	-0.15	0.017	0.013	-0.007	0.002	0.000	0.002	0.0000	0.0000	0.0000	0.0000	0.0000	0.0000	0	1.00	0.2624	0.2264	-0.4830	1.421	0	nan	nan	nan	nan	nan	nan
135157	-0.020	-0.175	0.190	0.56	0.11	-0.12	0.017	0.035	-0.001	0.002	0.000	0.002	0.0000	0.0000	0.0000	0.0000	0.0000	0.0000	0	1.00	0.2624	0.2264	-0.4830	1.421	0	nan	nan	nan	nan	nan	nan
135165	-0.013	-0.182	0.190	0.75	0.09	0.13	0.018	0.029	0.003	0.002	0.000	0.002	0.0000	0.0000	0.0000	0.0000	0.0000	0.0000	0	1.00	0.2624	0.2264	-0.4830	1.421	0	nan	nan	nan	nan	nan	nan
135173	-0.004	-0.188	0.188	0.62	0.35	0.21	0.029	0.007	0.001	0.002	0.000	0.002	0.0000	0.0000	0.0000	0.0000	0.0000	0.0000	0	1.00	0.2624	0.2264	-0.4830	1.421	0	nan	nan	nan	nan	nan	nan
135181	0.008	-0.192	0.179	0.48	0.29	-0.01	0.014	0.028	0.015	0.002	0.000	0.002	0.0000	0.0000	0.0000	0.0000	0.0000	0.0000	0	1.00	0.2624	0.2264	-0.4830	1.421	0	nan	nan	nan	nan	nan	nan
135189	0.014	-0.193	0.174	0.41	0.14	0.00	0.016	0.009	0.001	0.002	0.000	0.002	0.0000	0.0000	0.0000	0.0000	0.0000	0.0000	0	1.00	0.2624	0.2264	-0.4830	1.421	0	nan	nan	nan	nan	nan	nan
135197	0.019	-0.195	0.171	-0.08	0.17	0.03	0.004	0.010	0.015	0.002	0.000	0.002	0.0000	0.0000	0.0000	0.0000	0.0000	0.0000	0	1.00	0.2624	0.2264	-0.4830	1.421	0	nan	nan	nan	nan	nan	nan
135205	0.027	-0.195	0.163	-0.20	0.08	0.03	0.000	-0.026	0.016	0.002	0.000	0.002	0.0000	0.0000	0.0000	0.0000	0.0000	0.0000	0	1.00	0.2624	0.2264	-0.4830	1.421	0	nan	nan	nan	nan	nan	nan
135213	0.035	-0.196	0.155	0.01	-0.03	0.26	0.003	-0.019	0.003	0.002	0.000	0.002	0.0000	0.0000	0.0000	0.0000	0.0000	0.0000	0	1.00	0.2624	0.2264	-0.4830	1.421	0	nan	nan	nan	nan	nan	nan
135221	0.036	-0.196	0.155	-0.31	0.24	0.10	0.000	-0.035	0.001	0.002	0.000	0.002	0.0000	0.0000	0.0000	0.0000	0.0000	0.0000	0	1.00	0.2624	0.2264	-0.4830	1.421	0	nan	nan	nan	nan	nan	nan
135229	0.036	-0.194	0.153	-0.41	0.17	-0.05	-0.014	-0.020	0.012	0.002	0.000	0.002	0.0000	0.0000	0.0000	0.0000	0.0000	0.0000	0	1.00	0.2624	0.2264	-0.4830	1.421	0	nan	nan	nan	nan	nan	nan
135237	0.031	-0.193	0.157	-0.68	0.40	0.09	-0.006	-0.035	0.004	0.002	0.000	0.002	0.0000	0.0000	0.0000	0.0000	0.0000	0.0000	0	1.00	0.2624	0.2264	-0.4830	1.421	0	nan	nan	nan	nan	nan	nan
135246	0.026	-0.192	0.160	-0.65	0.11	0.14	-0.018	-0.016	-0.003	0.002	0.000	0.002	0.0000	0.0000	0.0000	0.0000	0.0000	0.0000	0	1.00	0.2624	0.2264	-0.4830	1.421	0	nan	nan	nan	nan	nan	nan
135254	0.022	-0.190	0.162	-0.34	0.27	0.30	-0.014	-0.001	-0.009	0.002	0.000	0.002	0.0000	0.0000	0.0000	0.0000	0.0000	0.0000	0	1.00	0.2624	0.2264	-0.4830	1.421	0	nan	nan	nan	nan	nan	nan
135262	0.017	-0.186	0.164	-0.81	-0.02	0.10	-0.012	0.025	-0.012	0.002	0.000	0.002	0.0000	0.0000	0.0000	0.0000	0.0000	0.0000	0	1.00	0.2624	0.2264	-0.4830	1.421	0	nan	nan	nan	nan	nan	nan
135270	0.010	-0.183	0.168	-0.64	0.05	0.08	-0.013	0.014	-0.023	0.002	0.000	0.002	0.0000	0.0000	0.0000	0.0000	0.0000	0.0000	0	1.00	0.2624	0.2264	-0.4830	1.421	0	nan	nan	nan	nan	nan	nan
135278	0.005	-0.183	0.173	-0.53	0.11	0.23	-0.025	0.000	-0.033	0.002	0.000	0.002	0.0000	0.0000	0.0000	0.0000	0.0000	0.0000	0	1.00	0.2624	0.2264	-0.4830	1.421	0	nan	nan	nan	nan	nan	nan
135286	-0.004	-0.181	0.180	-0.26	-0.18	0.46	-0.025	0.022	-0.028	0.002	0.000	0.002	0.0000	0.0000	0.0000	0.0000	0.0000	0.0000	0	1.00	0.2624	0.2264	-0.4830	1.421	0	nan	nan	nan	nan	nan	nan
135294	-0.012	-0.182	0.189	-0.53	0.20	0.15	-0.006	0.006	-0.034	0.002	0.000	0.002	0.0000	0.0000	0.0000	0.0000	0.0000	0.0000	0	1.00	0.2624	0.2264	-0.4830	1.421	0	nan	nan	nan	nan	nan	nan
135302	-0.020	-0.182	0.197	-0.30	0.00	0.21	0.002	0.016	-0.018	0.002	0.000	0.002	0.0000	0.0000	0.0000	0.0000	0.0000	0.0000	0	1.00	0.2624	0.2264	-0.4830	1.421	0	nan	nan	nan	nan	nan	nan
135311	-0.020	-0.183	0.199	-0.18	-0.11	0.10	0.003	-0.011	-0.003	0.002	0.000	0.002	0.0000	0.0000	0.0000	0.0000	0.0000	0.0000	0	1.00	0.2624	0.2264	-0.4830	1.421	0	nan	nan	nan	nan	nan	nan
135319	-0.028	-0.181	0.204	0.02	-0.05	0.16	0.019	0.001	0.003	0.002	0.000	0.002	0.0000	0.0000	0.0000	0.0000	0.0000	0.0000	0	1.00	0.2624	0.2264	-0.4830	1.421	0	nan	nan	nan	nan	nan	nan
135327	-0.038	-0.177	0.210	-0.07	-0.13	-0.09	0.016	-0.008	0.010	0.002	0.000	0.002	0.0000	0.0000	0.0000	0.0000	0.0000	0.0000	0	1.00	0.2624	0.2264	-0.4830	1.421	0	nan	nan	nan	nan	nan	nan
135335	-0.040	-0.175	0.210	0.01	-0.15	-0.37	0.016	-0.018	0.025	0.002	0.000	0.002	0.0000	0.0000	0.0000	0.0000	0.0000	0.0000	0	1.00	0.2624	0.2264	-0.4830	1.421	0	nan	nan	nan	nan	nan	nan
135343	-0.042	-0.176	0.213	-0.05	-0.39	-0.70	0.008	-0.028	0.039	0.002	0.000	0.002	0.0000	0.0000	0.0000	0.0000	0.0000	0.0000	0	1.00	0.2624	0.2264	-0.4830	1.421	0	nan	nan	nan	nan	nan	nan
135352	-0.040	-0.178	0.213	0.54	-0.40	-0.54	0.003	-0.029	0.037	0.002	0.000	0.002	0.0000	0.0000	0.0000	0.0000	0.0000	0.0000	0	1.00	0.2624	0.2264	-0.4830	1.421	0	nan	nan	nan	nan	nan	nan
135360	-0.043	-0.173	0.212	0.34	-0.22	-0.52	0.004	-0.006	0.025	0.002	0.000	0.002	0.0000	0.0000	0.0000	0.0000	0.0000	0.0000	0	1.00	0.2624	0.2264	-0.4830	1.421	0	nan	nan	nan	nan	nan	nan
135368	-0.038	-0.171	0.205	0.27	-0.24	-0.64	-0.014	0.002	0.006	0.002	0.000	0.002	0.0000	0.0000	0.0000	0.0000	0.0000	0.0000	0	1.00	0.2624	0.2264	-0.4830	1.421	0	nan	nan	nan	nan	nan	nan
135376	-0.039	-0.172	0.207	0.62	-0.43	-0.48	0.002	0.005	-0.018	0.002	0.000	0.002	0.0000	0.0000	0.0000	0.0000	0.0000	0.0000	0	1.00	0.2624	0.2264	-0.4830	1.421	0	nan	nan	nan	nan	nan	nan
135384	-0.032	-0.178	0.206	0.69	-0.52	-0.57	-0.011	-0.004	-0.002	0.002	0.000	0.002	0.0000	0.0000	0.0000	0.0000	0.0000	0.0000	0	1.00	0.2624	0.2264	-0.4830	1.421	0	nan	nan	nan	nan	nan	nan
135392	-0.026	-0.183	0.205	0.58	-0.71	-0.59	-0.015	-0.004	-0.021	0.002	0.000	0.002	0.0000	0.0000	0.0000	0.0000	0.0000	0.0000	0	1.00	0.2624	0.2264	-0.4830	1.421	0	nan	nan	nan	nan	nan	nan
135401	-0.023	-0.186	0.204	0.58	-0.67	-0.63	-0.010	0.003	-0.013	0.002	0.000	0.002	0.0000	0.0000	0.0000	0.0000	0.0000	0.0000	0	1.00	0.2624	0.2264	-0.4830	1.421	0	nan	nan	nan	nan	nan	nan
135409	-0.018	-0.185	0.199	0.71	-0.17	-0.73	-0.002	0.012	0.001	0.002	0.000	0.002	0.0000	0.0000	0.0000	0.0000	0.0000	0.0000	0	1.00	0.2624	0.2264	-0.4830	1.421	0	nan	nan	nan	nan	nan	nan
135417	-0.009	-0.192	0.196	0.54	-0.40	-0.54	0.003	0.019	0.010	0.002	0.000	0.002	0.0000	0.0000	0.0000	0.0000	0.0000	0.0000	0	1.00	0.2624	0.2264	-0.4830	1.421	0	nan	nan	nan	nan	nan	nan
135425	0.004	-0.198	0.189	0.66	-0.27	-0.58	0.010	-0.010	0.002	0.002	0.000	0.002	0.0000	0.0000	0.0000	0.0000	0.0000	0.0000	0	1.00	0.2624	0.2264	-0.4830	1.421	0	nan	nan	nan	nan	nan	nan
135433	0.016	-0.203	0.181	0.64	-0.41	-0.63	0.016	0.004	0.007	0.002	0.000	0.002	0.0000	0.0000	0.0000	0.0000	0.0000	0.0000	0	1.00	0.2624	0.2264	-0.4830	1.421	0	nan	nan	nan	nan	nan	nan
135441	0.027	-0.209	0.176	0.92	-0.13	-0.35	-0.009	0.004	0.001	0.002	0.000	0.002	0.0000	0.0000	0.0000	0.0000	0.0000	0.0000	0	1.00	0.2624	0.2264	-0.4830	1.421	0	nan	nan	nan	nan	nan	nan
135449	0.040	-0.212	0.166	0.76	-0.41	-0.54	0.008	0.006	0.012	0.002	0.000	0.002	0.0000	0.0000	0.0000	0.0000	0.0000	0.0000	0	1.00	0.2624	0.2264	-0.4830	1.421	0	nan	nan	nan	nan	nan	nan
135457	0.053	-0.219	0.160	0.43	-0.08	-0.64	0.007	0.006	0.012	0.002	0.000	0.002	0.0000	0.0000	0.0000	0.0000	0.0000	0.0000	0	1.00	0.2624	0.2264	-0.4830	1.421	0	nan	nan	nan	nan	nan	nan
# gArmed = TRUE (no arm-gate check -- operator's call)
135466	0.074	-0.231	0.151	0.86	-0.07	-0.55	0.005	0.000	0.007	0.002	0.000	0.002	0.0000	0.0000	0.0000	0.0000	0.0000	0.0000	0	1.00	0.2624	0.2264	-0.4830	1.421	0	nan	nan	nan	nan	nan	nan
135474	0.084	-0.234	0.144	0.48	-0.15	-0.63	-0.009	-0.004	0.005	0.002	0.000	0.002	0.0000	0.0000	0.0000	0.0000	0.0000	0.0000	0	1.00	0.2624	0.2264	-0.4830	1.421	0	nan	nan	nan	nan	nan	nan
135482	0.091	-0.232	0.135	0.36	0.09	-0.22	-0.008	-0.026	-0.008	0.002	0.000	0.002	0.0000	0.0000	0.0000	0.0000	0.0000	0.0000	0	1.00	0.2624	0.2264	-0.4830	1.421	0	nan	nan	nan	nan	nan	nan
135490	0.102	-0.234	0.127	-0.08	0.23	-0.34	-0.022	-0.022	-0.010	0.002	0.000	0.002	0.0000	0.0000	0.0000	0.0000	0.0000	0.0000	0	1.00	0.2624	0.2264	-0.4830	1.421	0	nan	nan	nan	nan	nan	nan
135498	0.108	-0.234	0.120	0.01	0.44	-0.22	0.003	-0.020	-0.015	0.002	0.000	0.002	0.0000	0.0000	0.0000	0.0000	0.0000	0.0000	0	1.00	0.2624	0.2264	-0.4830	1.421	0	nan	nan	nan	nan	nan	nan
135506	0.105	-0.234	0.122	-0.05	0.31	0.09	-0.006	-0.002	-0.019	0.002	0.000	0.002	0.0000	0.0000	0.0000	0.0000	0.0000	0.0000	0	1.00	0.2624	0.2264	-0.4830	1.421	0	nan	nan	nan	nan	nan	nan
135514	0.101	-0.232	0.125	-0.12	0.37	-0.11	0.005	-0.007	-0.022	0.002	0.000	0.002	0.0000	0.0000	0.0000	0.0000	0.0000	0.0000	0	1.00	0.2624	0.2264	-0.4830	1.421	0	nan	nan	nan	nan	nan	nan
135522	0.103	-0.233	0.124	-0.31	0.15	0.18	0.010	0.017	-0.021	0.002	0.000	0.002	0.0000	0.0000	0.0000	0.0000	0.0000	0.0000	0	1.00	0.2624	0.2264	-0.4830	1.421	0	nan	nan	nan	nan	nan	nan
135530	0.106	-0.234	0.122	-0.47	0.24	0.36	0.009	0.021	-0.022	0.002	0.000	0.002	0.0000	0.0000	0.0000	0.0000	0.0000	0.0000	0	1.00	0.2624	0.2264	-0.4830	1.421	0	nan	nan	nan	nan	nan	nan
135538	0.107	-0.239	0.126	-0.47	0.28	0.32	0.007	0.021	-0.023	0.002	0.000	0.002	0.0000	0.0000	0.0000	0.0000	0.0000	0.0000	0	1.00	0.2624	0.2264	-0.4830	1.421	0	nan	nan	nan	nan	nan	nan
135546	0.113	-0.239	0.120	-0.11	-0.08	0.21	0.003	0.030	-0.002	0.002	0.000	0.002	0.0000	0.0000	0.0000	0.0000	0.0000	0.0000	0	1.00	0.2624	0.2264	-0.4830	1.421	0	nan	nan	nan	nan	nan	nan
135554	0.112	-0.240	0.122	-0.29	0.21	-0.01	-0.004	0.026	0.003	0.002	0.000	0.002	0.0000	0.0000	0.0000	0.0000	0.0000	0.0000	0	1.00	0.2624	0.2264	-0.4830	1.421	0	nan	nan	nan	nan	nan	nan
135563	0.105	-0.231	0.120	-0.41	0.41	0.02	-0.019	0.006	0.024	0.002	0.000	0.002	0.0000	0.0000	0.0000	0.0000	0.0000	0.0000	0	1.00	0.2624	0.2264	-0.4830	1.421	0	nan	nan	nan	nan	nan	nan
135571	0.097	-0.223	0.121	-0.73	0.34	0.20	-0.004	0.005	0.020	0.002	0.000	0.002	0.0000	0.0000	0.0000	0.0000	0.0000	0.0000	0	1.00	0.2624	0.2264	-0.4830	1.421	0	nan	nan	nan	nan	nan	nan
135579	0.091	-0.220	0.123	-0.51	0.38	0.15	-0.010	-0.008	0.027	0.002	0.000	0.002	0.0000	0.0000	0.0000	0.0000	0.0000	0.0000	0	1.00	0.2624	0.2264	-0.4830	1.421	0	nan	nan	nan	nan	nan	nan
135587	0.087	-0.216	0.124	-0.83	0.39	0.25	-0.003	-0.013	0.015	0.002	0.000	0.002	0.0000	0.0000	0.0000	0.0000	0.0000	0.0000	0	1.00	0.2624	0.2264	-0.4830	1.421	0	nan	nan	nan	nan	nan	nan
135595	0.077	-0.209	0.127	-0.76	0.41	0.36	0.002	-0.041	0.011	0.002	0.000	0.002	0.0000	0.0000	0.0000	0.0000	0.0000	0.0000	0	1.00	0.2624	0.2264	-0.4830	1.421	0	nan	nan	nan	nan	nan	nan
135603	0.065	-0.200	0.129	-0.71	0.22	0.51	-0.004	-0.016	0.001	0.002	0.000	0.002	0.0000	0.0000	0.0000	0.0000	0.0000	0.0000	0	1.00	0.2624	0.2264	-0.4830	1.421	0	nan	nan	nan	nan	nan	nan
135612	0.058	-0.196	0.132	-0.67	0.75	0.36	-0.004	-0.023	-0.005	0.002	0.000	0.002	0.0000	0.0000	0.0000	0.0000	0.0000	0.0000	0	1.00	0.2624	0.2264	-0.4830	1.421	0	nan	nan	nan	nan	nan	nan
135620	0.053	-0.198	0.140	-0.27	0.04	0.68	-0.005	-0.002	-0.016	0.002	0.000	0.002	0.0000	0.0000	0.0000	0.0000	0.0000	0.0000	0	1.00	0.2624	0.2264	-0.4830	1.421	0	nan	nan	nan	nan	nan	nan
135628	0.047	-0.201	0.149	-0.24	-0.15	0.31	0.006	0.011	-0.010	0.002	0.000	0.002	0.0000	0.0000	0.0000	0.0000	0.0000	0.0000	0	1.00	0.2624	0.2264	-0.4830	1.421	0	nan	nan	nan	nan	nan	nan
135636	0.041	-0.196	0.149	-0.39	-0.21	0.09	-0.001	0.033	-0.003	0.002	0.000	0.002	0.0000	0.0000	0.0000	0.0000	0.0000	0.0000	0	1.00	0.2624	0.2264	-0.4830	1.421	0	nan	nan	nan	nan	nan	nan
135644	0.041	-0.201	0.154	-0.29	-0.46	-0.07	0.006	0.032	-0.006	0.002	0.000	0.002	0.0000	0.0000	0.0000	0.0000	0.0000	0.0000	0	1.00	0.2624	0.2264	-0.4830	1.421	0	nan	nan	nan	nan	nan	nan
135652	0.036	-0.201	0.160	-0.28	-0.02	0.11	0.019	0.025	0.007	0.002	0.000	0.002	0.0000	0.0000	0.0000	0.0000	0.0000	0.0000	0	1.00	0.2624	0.2264	-0.4830	1.421	0	nan	nan	nan	nan	nan	nan
135660	0.030	-0.199	0.164	-0.10	-0.43	0.13	0.010	0.022	0.004	0.002	0.000	0.002	0.0000	0.0000	0.0000	0.0000	0.0000	0.0000	0	1.00	0.2624	0.2264	-0.4830	1.421	0	nan	nan	nan	nan	nan	nan
135668	0.024	-0.196	0.166	0.07	-0.15	-0.11	0.001	-0.006	0.009	0.002	0.000	0.002	0.0000	0.0000	0.0000	0.0000	0.0000	0.0000	0	1.00	0.2624	0.2264	-0.4830	1.421	0	nan	nan	nan	nan	nan	nan
135676	0.026	-0.193	0.162	-0.07	-0.13	-0.10	0.003	-0.016	0.000	0.002	0.000	0.002	0.0000	0.0000	0.0000	0.0000	0.0000	0.0000	0	1.00	0.2624	0.2264	-0.4830	1.421	0	nan	nan	nan	nan	nan	nan
135684	0.019	-0.189	0.165	0.05	-0.13	-0.01	-0.014	-0.006	0.004	0.002	0.000	0.002	0.0000	0.0000	0.0000	0.0000	0.0000	0.0000	0	1.00	0.2624	0.2264	-0.4830	1.421	0	nan	nan	nan	nan	nan	nan
135693	0.013	-0.187	0.169	-0.12	-0.19	0.02	-0.022	-0.029	0.009	0.002	0.000	0.002	0.0000	0.0000	0.0000	0.0000	0.0000	0.0000	0	1.00	0.2624	0.2264	-0.4830	1.421	0	nan	nan	nan	nan	nan	nan
135701	0.010	-0.191	0.176	0.17	-0.63	-0.16	-0.021	-0.016	0.007	0.002	0.000	0.002	0.0000	0.0000	0.0000	0.0000	0.0000	0.0000	0	1.00	0.2624	0.2264	-0.4830	1.421	0	nan	nan	nan	nan	nan	nan
135709	0.015	-0.195	0.174	-0.16	-0.23	-0.02	-0.006	0.007	0.004	0.002	0.000	0.002	0.0000	0.0000	0.0000	0.0000	0.0000	0.0000	0	1.00	0.2624	0.2264	-0.4830	1.421	0	nan	nan	nan	nan	nan	nan
135717	0.015	-0.193	0.172	-0.15	-0.60	-0.39	-0.016	0.017	-0.001	0.001	0.000	0.002	0.0000	0.0000	0.0000	0.0000	0.0000	0.0000	0	1.00	0.2624	0.2264	-0.4830	1.421	0	nan	nan	nan	nan	nan	nan
135725	0.020	-0.199	0.173	-0.03	-0.64	-0.26	-0.006	0.007	0.006	0.001	0.000	0.002	0.0000	0.0000	0.0000	0.0000	0.0000	0.0000	0	1.00	0.2624	0.2264	-0.4830	1.421	0	nan	nan	nan	nan	nan	nan
135733	0.020	-0.204	0.179	-0.18	-0.65	-0.10	0.006	-0.001	-0.007	0.001	0.000	0.002	0.0000	0.0000	0.0000	0.0000	0.0000	0.0000	0	1.00	0.2624	0.2264	-0.4830	1.421	0	nan	nan	nan	nan	nan	nan
135741	0.021	-0.210	0.183	-0.12	-0.74	-0.18	0.020	0.003	-0.012	0.002	0.000	0.002	0.0000	0.0000	0.0000	0.0000	0.0000	0.0000	0	1.00	0.2624	0.2264	-0.4830	1.421	0	nan	nan	nan	nan	nan	nan
135749	0.027	-0.214	0.182	0.10	-0.61	-0.31	0.018	0.013	-0.015	0.002	0.000	0.002	0.0000	0.0000	0.0000	0.0000	0.0000	0.0000	0	1.00	0.2624	0.2264	-0.4830	1.421	0	nan	nan	nan	nan	nan	nan
135757	0.030	-0.214	0.178	-0.12	-0.61	-0.31	0.005	-0.006	-0.014	0.002	0.000	0.002	0.0000	0.0000	0.0000	0.0000	0.0000	0.0000	0	1.00	0.2624	0.2264	-0.4830	1.421	0	nan	nan	nan	nan	nan	nan
135765	0.026	-0.211	0.180	-0.14	-0.16	-0.21	0.011	-0.014	-0.002	0.002	0.000	0.002	0.0000	0.0000	0.0000	0.0000	0.0000	0.0000	0	1.00	0.2624	0.2264	-0.4830	1.421	0	nan	nan	nan	nan	nan	nan
135774	0.027	-0.211	0.178	-0.12	0.11	-0.28	-0.011	-0.005	-0.008	0.002	0.000	0.002	0.0000	0.0000	0.0000	0.0000	0.0000	0.0000	0	1.00	0.2624	0.2264	-0.4830	1.421	0	nan	nan	nan	nan	nan	nan
135782	0.031	-0.210	0.174	-0.56	0.07	-0.23	-0.012	-0.015	0.002	0.002	0.000	0.002	0.0000	0.0000	0.0000	0.0000	0.0000	0.0000	0	1.00	0.2624	0.2264	-0.4830	1.421	0	nan	nan	nan	nan	nan	nan
135790	0.030	-0.205	0.170	-0.42	0.17	-0.05	-0.003	-0.012	-0.004	0.002	0.000	0.002	0.0000	0.0000	0.0000	0.0000	0.0000	0.0000	0	1.00	0.2624	0.2264	-0.4830	1.421	0	nan	nan	nan	nan	nan	nan
135798	0.029	-0.209	0.174	0.07	0.18	-0.13	-0.021	0.005	0.014	0.002	0.000	0.002	0.0000	0.0000	0.0000	0.0000	0.0000	0.0000	0	1.00	0.2624	0.2264	-0.4830	1.421	0	nan	nan	nan	nan	nan	nan
135806	0.028	-0.211	0.177	-0.28	0.20	-0.11	-0.020	0.007	0.006	0.001	0.000	0.002	0.0000	0.0000	0.0000	0.0000	0.0000	0.0000	0	1.00	0.2624	0.2264	-0.4830	1.421	0	nan	nan	nan	nan	nan	nan
135814	0.024	-0.209	0.180	0.18	0.24	0.02	-0.012	0.021	-0.001	0.001	0.000	0.002	0.0000	0.0000	0.0000	0.0000	0.0000	0.0000	0	1.00	0.2624	0.2264	-0.4830	1.421	0	nan	nan	nan	nan	nan	nan
135822	0.021	-0.206	0.179	-0.09	0.19	0.14	-0.011	0.035	0.007	0.001	0.000	0.002	0.0000	0.0000	0.0000	0.0000	0.0000	0.0000	0	1.00	0.2624	0.2264	-0.4830	1.421	0	nan	nan	nan	nan	nan	nan
135830	0.022	-0.204	0.176	-0.13	0.24	0.02	-0.003	0.033	0.022	0.001	0.000	0.002	0.0000	0.0000	0.0000	0.0000	0.0000	0.0000	0	1.00	0.2624	0.2264	-0.4830	1.421	0	nan	nan	nan	nan	nan	nan
135838	0.022	-0.201	0.174	-0.15	0.01	0.05	0.012	0.032	0.013	0.001	0.000	0.002	0.0000	0.0000	0.0000	0.0000	0.0000	0.0000	0	1.00	0.2624	0.2264	-0.4830	1.421	0	nan	nan	nan	nan	nan	nan
135846	0.018	-0.196	0.172	0.10	0.22	0.34	0.011	0.004	0.006	0.001	0.000	0.002	0.0000	0.0000	0.0000	0.0000	0.0000	0.0000	0	1.00	0.2624	0.2264	-0.4830	1.421	0	nan	nan	nan	nan	nan	nan
135854	0.013	-0.192	0.174	-0.04	0.25	0.03	0.017	0.007	0.007	0.001	0.000	0.002	0.0000	0.0000	0.0000	0.0000	0.0000	0.0000	0	1.00	0.2624	0.2264	-0.4830	1.421	0	nan	nan	nan	nan	nan	nan
135862	0.009	-0.186	0.172	-0.11	0.34	0.11	0.023	-0.023	-0.018	0.002	0.000	0.002	0.0000	0.0000	0.0000	0.0000	0.0000	0.0000	0	1.00	0.2624	0.2264	-0.4830	1.421	0	nan	nan	nan	nan	nan	nan
135870	0.006	-0.185	0.174	-0.41	0.03	0.41	0.031	-0.025	-0.005	0.002	0.000	0.002	0.0000	0.0000	0.0000	0.0000	0.0000	0.0000	0	1.00	0.2624	0.2264	-0.4830	1.421	0	nan	nan	nan	nan	nan	nan
135878	0.003	-0.185	0.177	-0.20	0.13	-0.01	0.009	-0.027	-0.026	0.002	0.000	0.002	0.0000	0.0000	0.0000	0.0000	0.0000	0.0000	0	1.00	0.2624	0.2264	-0.4830	1.421	0	nan	nan	nan	nan	nan	nan
135887	0.002	-0.180	0.173	0.07	0.14	-0.08	0.006	-0.038	-0.018	0.002	0.000	0.002	0.0000	0.0000	0.0000	0.0000	0.0000	0.0000	0	1.00	0.2624	0.2264	-0.4830	1.421	0	nan	nan	nan	nan	nan	nan
135895	-0.004	-0.175	0.174	-0.30	0.18	0.04	0.012	-0.020	-0.014	0.002	0.000	0.002	0.0000	0.0000	0.0000	0.0000	0.0000	0.0000	0	1.00	0.2624	0.2264	-0.4830	1.421	0	nan	nan	nan	nan	nan	nan
135903	-0.009	-0.171	0.175	-0.39	0.05	-0.17	0.004	-0.006	-0.007	0.002	0.000	0.002	0.0000	0.0000	0.0000	0.0000	0.0000	0.0000	0	1.00	0.2624	0.2264	-0.4830	1.421	0	nan	nan	nan	nan	nan	nan
135911	-0.007	-0.172	0.174	-0.00	0.03	-0.11	-0.005	-0.013	0.008	0.002	0.000	0.002	0.0000	0.0000	0.0000	0.0000	0.0000	0.0000	0	1.00	0.2624	0.2264	-0.4830	1.421	0	nan	nan	nan	nan	nan	nan
135919	-0.007	-0.175	0.177	0.03	0.06	-0.07	-0.007	0.011	0.001	0.002	0.000	0.002	0.0000	0.0000	0.0000	0.0000	0.0000	0.0000	0	1.00	0.2624	0.2264	-0.4830	1.421	0	nan	nan	nan	nan	nan	nan
135927	-0.005	-0.174	0.175	-0.33	-0.12	-0.17	-0.018	0.022	0.019	0.002	0.000	0.002	0.0000	0.0000	0.0000	0.0000	0.0000	0.0000	0	1.00	0.2624	0.2264	-0.4830	1.421	0	nan	nan	nan	nan	nan	nan
135935	-0.007	-0.169	0.172	-0.24	-0.06	-0.20	-0.026	0.026	0.007	0.002	0.000	0.002	0.0000	0.0000	0.0000	0.0000	0.0000	0.0000	0	1.00	0.2624	0.2264	-0.4830	1.421	0	nan	nan	nan	nan	nan	nan
135943	-0.009	-0.167	0.171	-0.49	-0.22	-0.53	-0.028	0.034	-0.011	0.001	0.000	0.002	0.0000	0.0000	0.0000	0.0000	0.0000	0.0000	0	1.00	0.2624	0.2264	-0.4830	1.421	0	nan	nan	nan	nan	nan	nan
135951	-0.006	-0.169	0.171	-0.28	-0.38	-0.26	-0.016	0.041	0.001	0.001	0.000	0.002	0.0000	0.0000	0.0000	0.0000	0.0000	0.0000	0	1.00	0.2624	0.2264	-0.4830	1.421	0	nan	nan	nan	nan	nan	nan
135959	-0.002	-0.168	0.165	-0.16	0.03	-0.28	0.001	0.002	-0.012	0.001	0.000	0.002	0.0000	0.0000	0.0000	0.0000	0.0000	0.0000	0	1.00	0.2624	0.2264	-0.4830	1.421	0	nan	nan	nan	nan	nan	nan
135967	-0.002	-0.162	0.160	0.05	0.00	-0.14	-0.013	0.009	-0.009	0.001	0.000	0.002	0.0000	0.0000	0.0000	0.0000	0.0000	0.0000	0	1.00	0.2624	0.2264	-0.4830	1.421	0	nan	nan	nan	nan	nan	nan
135975	0.001	-0.167	0.162	0.00	0.05	0.17	0.003	-0.007	-0.000	0.001	0.000	0.002	0.0000	0.0000	0.0000	0.0000	0.0000	0.0000	0	1.00	0.2624	0.2264	-0.4830	1.421	0	nan	nan	nan	nan	nan	nan
135983	-0.001	-0.168	0.164	-0.39	-0.01	0.20	0.009	-0.024	0.003	0.001	0.000	0.002	0.0000	0.0000	0.0000	0.0000	0.0000	0.0000	0	1.00	0.2624	0.2264	-0.4830	1.421	0	nan	nan	nan	nan	nan	nan
135992	0.002	-0.169	0.163	0.27	0.07	0.53	0.004	-0.031	-0.009	0.001	0.000	0.002	0.0000	0.0000	0.0000	0.0000	0.0000	0.0000	0	1.00	0.2624	0.2264	-0.4830	1.421	0	nan	nan	nan	nan	nan	nan
136000	0.004	-0.168	0.159	0.31	0.26	0.72	0.000	-0.004	-0.004	0.001	0.000	0.002	0.0000	0.0000	0.0000	0.0000	0.0000	0.0000	0	1.00	0.2624	0.2264	-0.4830	1.421	0	nan	nan	nan	nan	nan	nan
136008	0.003	-0.164	0.157	0.39	0.33	0.36	0.001	-0.002	0.008	0.001	0.000	0.002	0.0000	0.0000	0.0000	0.0000	0.0000	0.0000	0	1.00	0.2624	0.2264	-0.4830	1.421	0	nan	nan	nan	nan	nan	nan
136016	0.002	-0.162	0.156	0.13	0.21	0.42	0.009	-0.006	0.015	0.001	0.000	0.002	0.0000	0.0000	0.0000	0.0000	0.0000	0.0000	0	1.00	0.2624	0.2264	-0.4830	1.421	0	nan	nan	nan	nan	nan	nan
136024	-0.007	-0.160	0.163	-0.37	0.13	0.68	0.014	0.004	0.007	0.001	0.000	0.002	0.0000	0.0000	0.0000	0.0000	0.0000	0.0000	0	1.00	0.2624	0.2264	-0.4830	1.421	0	nan	nan	nan	nan	nan	nan
136032	-0.008	-0.159	0.163	-0.02	0.29	0.49	0.023	0.010	0.004	0.001	0.000	0.002	0.0000	0.0000	0.0000	0.0000	0.0000	0.0000	0	1.00	0.2624	0.2264	-0.4830	1.421	0	nan	nan	nan	nan	nan	nan
136040	-0.010	-0.154	0.161	-0.00	0.23	0.43	0.013	0.028	-0.016	0.001	0.000	0.002	0.0000	0.0000	0.0000	0.0000	0.0000	0.0000	0	1.00	0.2624	0.2264	-0.4830	1.421	0	nan	nan	nan	nan	nan	nan
136048	-0.011	-0.154	0.161	0.13	0.23	0.09	0.023	0.015	-0.017	0.002	0.000	0.002	0.0000	0.0000	0.0000	0.0000	0.0000	0.0000	0	1.00	0.2624	0.2264	-0.4830	1.421	0	nan	nan	nan	nan	nan	nan
136056	-0.018	-0.152	0.166	-0.07	0.33	0.19	0.013	0.011	-0.016	0.002	0.000	0.002	0.0000	0.0000	0.0000	0.0000	0.0000	0.0000	0	1.00	0.2624	0.2264	-0.4830	1.421	0	nan	nan	nan	nan	nan	nan
136064	-0.026	-0.152	0.173	-0.20	0.28	0.58	0.011	0.012	-0.014	0.002	0.000	0.002	0.0000	0.0000	0.0000	0.0000	0.0000	0.0000	0	1.00	0.2624	0.2264	-0.4830	1.421	0	nan	nan	nan	nan	nan	nan
136073	-0.030	-0.150	0.176	-0.19	0.27	0.47	-0.002	0.008	-0.008	0.002	0.000	0.002	0.0000	0.0000	0.0000	0.0000	0.0000	0.0000	0	1.00	0.2624	0.2264	-0.4830	1.421	0	nan	nan	nan	nan	nan	nan
136081	-0.033	-0.150	0.179	-0.44	-0.00	-0.06	-0.023	-0.021	0.010	0.002	0.000	0.002	0.0000	0.0000	0.0000	0.0000	0.0000	0.0000	0	1.00	0.2624	0.2264	-0.4830	1.421	0	nan	nan	nan	nan	nan	nan
136089	-0.036	-0.148	0.180	-0.13	-0.21	-0.27	-0.019	-0.010	0.026	0.002	0.000	0.002	0.0000	0.0000	0.0000	0.0000	0.0000	0.0000	0	1.00	0.2624	0.2264	-0.4830	1.421	0	nan	nan	nan	nan	nan	nan
136097	-0.032	-0.151	0.179	0.19	-0.40	-0.19	-0.027	-0.010	0.017	0.001	0.000	0.002	0.0000	0.0000	0.0000	0.0000	0.0000	0.0000	0	1.00	0.2624	0.2264	-0.4830	1.421	0	nan	nan	nan	nan	nan	nan
136105	-0.031	-0.152	0.179	0.14	-0.67	0.13	-0.028	-0.031	0.035	0.001	0.000	0.002	0.0000	0.0000	0.0000	0.0000	0.0000	0.0000	0	1.00	0.2624	0.2264	-0.4830	1.421	0	nan	nan	nan	nan	nan	nan
136113	-0.027	-0.154	0.177	0.36	-0.38	-0.17	-0.006	-0.011	0.022	0.001	0.000	0.002	0.0000	0.0000	0.0000	0.0000	0.0000	0.0000	0	1.00	0.2624	0.2264	-0.4830	1.421	0	nan	nan	nan	nan	nan	nan
136121	-0.018	-0.154	0.167	0.65	-0.22	-0.19	-0.020	-0.015	0.011	0.001	0.000	0.002	0.0000	0.0000	0.0000	0.0000	0.0000	0.0000	0	1.00	0.2624	0.2264	-0.4830	1.421	0	nan	nan	nan	nan	nan	nan
136129	-0.014	-0.159	0.169	0.75	-0.36	-0.16	-0.001	0.005	-0.003	0.001	0.000	0.002	0.0000	0.0000	0.0000	0.0000	0.0000	0.0000	0	1.00	0.2624	0.2264	-0.4830	1.421	0	nan	nan	nan	nan	nan	nan
136137	-0.010	-0.164	0.170	0.16	-0.41	0.06	0.010	-0.013	-0.018	0.001	0.000	0.002	0.0000	0.0000	0.0000	0.0000	0.0000	0.0000	0	1.00	0.2624	0.2264	-0.4830	1.421	0	nan	nan	nan	nan	nan	nan
136145	-0.006	-0.163	0.165	0.22	-0.65	-0.19	0.006	-0.001	-0.021	0.001	0.000	0.002	0.0000	0.0000	0.0000	0.0000	0.0000	0.0000	0	1.00	0.2624	0.2264	-0.4830	1.421	0	nan	nan	nan	nan	nan	nan
136153	0.000	-0.169	0.165	0.09	-0.42	-0.39	0.032	-0.014	-0.025	0.001	0.000	0.002	0.0000	0.0000	0.0000	0.0000	0.0000	0.0000	0	1.00	0.2624	0.2264	-0.4830	1.421	0	nan	nan	nan	nan	nan	nan
136161	0.010	-0.180	0.165	-0.16	-0.55	-0.00	0.046	-0.008	-0.032	0.001	0.000	0.002	0.0000	0.0000	0.0000	0.0000	0.0000	0.0000	0	1.00	0.2624	0.2264	-0.4830	1.421	0	nan	nan	nan	nan	nan	nan
136169	0.018	-0.186	0.163	0.06	-0.56	-0.01	0.039	0.007	-0.038	0.002	0.000	0.002	0.0000	0.0000	0.0000	0.0000	0.0000	0.0000	0	1.00	0.2624	0.2264	-0.4830	1.421	0	nan	nan	nan	nan	nan	nan
136177	0.024	-0.190	0.161	-0.20	-0.80	0.18	0.026	0.026	-0.032	0.002	0.000	0.002	0.0000	0.0000	0.0000	0.0000	0.0000	0.0000	0	1.00	0.2624	0.2264	-0.4830	1.421	0	nan	nan	nan	nan	nan	nan
136186	0.025	-0.191	0.162	-0.90	-0.44	0.20	0.021	0.011	-0.021	0.002	0.000	0.002	0.0000	0.0000	0.0000	0.0000	0.0000	0.0000	0	1.00	0.2624	0.2264	-0.4830	1.421	0	nan	nan	nan	nan	nan	nan
136194	0.024	-0.198	0.170	-1.03	-0.51	0.30	-0.002	0.027	-0.007	0.002	0.000	0.002	0.0000	0.0000	0.0000	0.0000	0.0000	0.0000	0	1.00	0.2624	0.2264	-0.4830	1.421	0	nan	nan	nan	nan	nan	nan
136202	0.022	-0.201	0.173	-0.84	-0.39	0.41	-0.023	0.025	0.027	0.002	0.000	0.002	0.0000	0.0000	0.0000	0.0000	0.0000	0.0000	0	1.00	0.2624	0.2264	-0.4830	1.421	0	nan	nan	nan	nan	nan	nan
136211	0.012	-0.197	0.180	-0.67	-0.26	0.63	-0.044	0.016	0.028	0.002	0.000	0.002	0.0000	0.0000	0.0000	0.0000	0.0000	0.0000	0	1.00	0.2624	0.2264	-0.4830	1.421	0	nan	nan	nan	nan	nan	nan
136219	0.003	-0.196	0.187	-0.77	-0.34	0.81	-0.057	0.004	0.028	0.001	0.000	0.002	0.0000	0.0000	0.0000	0.0000	0.0000	0.0000	0	1.00	0.2624	0.2264	-0.4830	1.421	0	nan	nan	nan	nan	nan	nan
136227	-0.006	-0.196	0.197	-0.61	-0.13	0.76	-0.059	-0.003	0.038	0.001	0.000	0.002	0.0000	0.0000	0.0000	0.0000	0.0000	0.0000	0	1.00	0.2624	0.2264	-0.4830	1.421	0	nan	nan	nan	nan	nan	nan
136235	-0.019	-0.194	0.208	-0.31	-0.12	0.77	-0.064	-0.017	0.036	0.001	0.000	0.002	0.0000	0.0000	0.0000	0.0000	0.0000	0.0000	0	1.00	0.2624	0.2264	-0.4830	1.421	0	nan	nan	nan	nan	nan	nan
136243	-0.028	-0.192	0.215	-0.15	0.00	0.81	-0.035	-0.027	0.024	0.001	0.000	0.002	0.0000	0.0000	0.0000	0.0000	0.0000	0.0000	0	1.00	0.2624	0.2264	-0.4830	1.421	0	nan	nan	nan	nan	nan	nan
136251	-0.034	-0.193	0.222	-0.12	0.01	0.56	-0.004	-0.023	0.027	0.001	0.000	0.002	0.0000	0.0000	0.0000	0.0000	0.0000	0.0000	0	1.00	0.2624	0.2264	-0.4830	1.421	0	nan	nan	nan	nan	nan	nan
136259	-0.046	-0.192	0.233	-0.22	0.10	0.57	0.010	-0.017	0.019	0.001	0.000	0.002	0.0000	0.0000	0.0000	0.0000	0.0000	0.0000	0	1.00	0.2624	0.2264	-0.4830	1.421	0	nan	nan	nan	nan	nan	nan
136268	-0.051	-0.194	0.239	0.12	0.27	0.05	0.036	-0.034	0.006	0.001	0.000	0.002	0.0000	0.0000	0.0000	0.0000	0.0000	0.0000	0	1.00	0.2624	0.2264	-0.4830	1.421	0	nan	nan	nan	nan	nan	nan
136276	-0.058	-0.190	0.243	-0.11	0.21	0.24	0.052	0.007	-0.005	0.001	0.000	0.002	0.0000	0.0000	0.0000	0.0000	0.0000	0.0000	0	1.00	0.2624	0.2264	-0.4830	1.421	0	nan	nan	nan	nan	nan	nan
136284	-0.057	-0.191	0.243	0.13	-0.18	-0.24	0.064	0.003	-0.015	0.001	0.000	0.002	0.0000	0.0000	0.0000	0.0000	0.0000	0.0000	0	1.00	0.2624	0.2264	-0.4830	1.421	0	nan	nan	nan	nan	nan	nan
136292	-0.063	-0.190	0.248	0.37	0.08	-0.32	0.055	0.018	-0.024	0.001	0.000	0.002	0.0000	0.0000	0.0000	0.0000	0.0000	0.0000	0	1.00	0.2624	0.2264	-0.4830	1.421	0	nan	nan	nan	nan	nan	nan
136300	-0.069	-0.190	0.254	0.17	-0.19	-0.59	0.056	0.022	-0.021	0.002	0.000	0.002	0.0000	0.0000	0.0000	0.0000	0.0000	0.0000	0	1.00	0.2624	0.2264	-0.4830	1.421	0	nan	nan	nan	nan	nan	nan
136308	-0.067	-0.190	0.252	0.49	-0.46	-0.43	0.029	0.022	-0.013	0.002	0.000	0.002	0.0000	0.0000	0.0000	0.0000	0.0000	0.0000	0	1.00	0.2624	0.2264	-0.4830	1.421	0	nan	nan	nan	nan	nan	nan
136316	-0.063	-0.191	0.249	0.44	-0.76	-0.82	0.011	0.034	-0.014	0.002	0.000	0.002	0.0000	0.0000	0.0000	0.0000	0.0000	0.0000	0	1.00	0.2624	0.2264	-0.4830	1.421	0	nan	nan	nan	nan	nan	nan
136324	-0.062	-0.190	0.247	0.40	-0.71	-0.94	-0.033	0.031	-0.007	0.002	0.000	0.002	0.0000	0.0000	0.0000	0.0000	0.0000	0.0000	0	1.00	0.2624	0.2264	-0.4830	1.421	0	nan	nan	nan	nan	nan	nan
136332	-0.059	-0.191	0.245	0.56	-0.65	-0.53	-0.023	0.025	-0.005	0.002	0.000	0.002	0.0000	0.0000	0.0000	0.0000	0.0000	0.0000	0	1.00	0.2624	0.2264	-0.4830	1.421	0	nan	nan	nan	nan	nan	nan
136340	-0.052	-0.194	0.242	0.34	-0.54	-0.94	-0.044	0.001	0.004	0.001	0.000	0.002	0.0000	0.0000	0.0000	0.0000	0.0000	0.0000	0	1.00	0.2624	0.2264	-0.4830	1.421	0	nan	nan	nan	nan	nan	nan
136348	-0.040	-0.199	0.234	0.78	-0.46	-1.03	-0.051	-0.008	0.013	0.001	0.000	0.002	0.0000	0.0000	0.0000	0.0000	0.0000	0.0000	0	1.00	0.2624	0.2264	-0.4830	1.421	0	nan	nan	nan	nan	nan	nan
136356	-0.033	-0.206	0.234	0.49	-0.63	-0.68	-0.049	-0.025	0.003	0.001	0.000	0.002	0.0000	0.0000	0.0000	0.0000	0.0000	0.0000	0	1.00	0.2624	0.2264	-0.4830	1.421	0	nan	nan	nan	nan	nan	nan
136364	-0.026	-0.211	0.231	0.51	-0.43	-1.00	-0.037	-0.039	-0.001	0.001	0.000	0.002	0.0000	0.0000	0.0000	0.0000	0.0000	0.0000	0	1.00	0.2624	0.2264	-0.4830	1.421	0	nan	nan	nan	nan	nan	nan
136373	-0.014	-0.216	0.224	0.79	-0.15	-0.72	-0.032	-0.028	0.004	0.001	0.000	0.002	0.0000	0.0000	0.0000	0.0000	0.0000	0.0000	0	1.00	0.2624	0.2264	-0.4830	1.421	0	nan	nan	nan	nan	nan	nan
136381	-0.007	-0.217	0.218	0.67	-0.11	-0.85	-0.008	-0.032	0.015	0.001	0.000	0.002	0.0000	0.0000	0.0000	0.0000	0.0000	0.0000	0	1.00	0.2624	0.2264	-0.4830	1.421	0	nan	nan	nan	nan	nan	nan
136389	0.009	-0.226	0.211	0.79	-0.20	-0.68	0.015	-0.006	0.014	0.001	0.000	0.002	0.0000	0.0000	0.0000	0.0000	0.0000	0.0000	0	1.00	0.2624	0.2264	-0.4830	1.421	0	nan	nan	nan	nan	nan	nan
136397	0.017	-0.225	0.203	0.92	-0.26	-0.22	0.016	0.006	0.025	0.001	0.000	0.002	0.0000	0.0000	0.0000	0.0000	0.0000	0.0000	0	1.00	0.2624	0.2264	-0.4830	1.421	0	nan	nan	nan	nan	nan	nan
136405	0.025	-0.227	0.197	0.44	-0.07	-0.46	0.036	0.015	0.009	0.001	0.000	0.002	0.0000	0.0000	0.0000	0.0000	0.0000	0.0000	0	1.00	0.2624	0.2264	-0.4830	1.421	0	nan	nan	nan	nan	nan	nan
136413	0.037	-0.228	0.185	0.54	-0.03	-0.17	0.050	0.018	0.010	0.001	0.000	0.002	0.0000	0.0000	0.0000	0.0000	0.0000	0.0000	0	1.00	0.2624	0.2264	-0.4830	1.421	0	nan	nan	nan	nan	nan	nan
136421	0.050	-0.234	0.179	0.39	0.09	-0.14	0.038	0.030	-0.012	0.001	0.000	0.002	0.0000	0.0000	0.0000	0.0000	0.0000	0.0000	0	1.00	0.2624	0.2264	-0.4830	1.421	0	nan	nan	nan	nan	nan	nan
136429	0.059	-0.234	0.169	0.32	0.15	-0.34	0.029	0.040	-0.025	0.001	0.000	0.002	0.0000	0.0000	0.0000	0.0000	0.0000	0.0000	0	1.00	0.2624	0.2264	-0.4830	1.421	0	nan	nan	nan	nan	nan	nan
136437	0.068	-0.234	0.160	0.31	0.15	0.09	0.015	0.019	-0.040	0.001	0.000	0.002	0.0000	0.0000	0.0000	0.0000	0.0000	0.0000	0	1.00	0.2624	0.2264	-0.4830	1.421	0	nan	nan	nan	nan	nan	nan
136445	0.075	-0.231	0.150	0.13	0.19	0.13	0.015	0.003	-0.021	0.001	0.000	0.002	0.0000	0.0000	0.0000	0.0000	0.0000	0.0000	0	1.00	0.2624	0.2264	-0.4830	1.421	0	nan	nan	nan	nan	nan	nan
136453	0.082	-0.234	0.146	-0.19	0.07	0.36	0.019	0.007	-0.038	0.001	0.000	0.002	0.0000	0.0000	0.0000	0.0000	0.0000	0.0000	0	1.00	0.2624	0.2264	-0.4830	1.421	0	nan	nan	nan	nan	nan	nan
136462	0.090	-0.236	0.140	-0.81	0.12	-0.03	0.014	-0.010	-0.012	0.002	0.000	0.002	0.0000	0.0000	0.0000	0.0000	0.0000	0.0000	0	1.00	0.2624	0.2264	-0.4830	1.421	0	nan	nan	nan	nan	nan	nan
136470	0.090	-0.235	0.140	-0.58	-0.04	0.43	0.008	-0.012	-0.013	0.002	0.000	0.002	0.0000	0.0000	0.0000	0.0000	0.0000	0.0000	0	1.00	0.2624	0.2264	-0.4830	1.421	0	nan	nan	nan	nan	nan	nan
136478	0.087	-0.232	0.139	-0.89	0.26	0.55	-0.021	-0.039	-0.000	0.002	0.000	0.002	0.0000	0.0000	0.0000	0.0000	0.0000	0.0000	0	1.00	0.2624	0.2264	-0.4830	1.421	0	nan	nan	nan	nan	nan	nan
136486	0.083	-0.235	0.146	-1.17	0.13	0.42	-0.022	-0.037	0.027	0.001	0.000	0.002	0.0000	0.0000	0.0000	0.0000	0.0000	0.0000	0	1.00	0.2624	0.2264	-0.4830	1.421	0	nan	nan	nan	nan	nan	nan
136494	0.076	-0.236	0.153	-0.87	0.14	0.86	-0.038	-0.027	0.044	0.001	0.000	0.002	0.0000	0.0000	0.0000	0.0000	0.0000	0.0000	0	1.00	0.2624	0.2264	-0.4830	1.421	0	nan	nan	nan	nan	nan	nan
136502	0.067	-0.233	0.160	-1.38	0.41	0.78	-0.054	-0.030	0.044	0.001	0.000	0.002	0.0000	0.0000	0.0000	0.0000	0.0000	0.0000	0	1.00	0.2624	0.2264	-0.4830	1.421	0	nan	nan	nan	nan	nan	nan
136510	0.053	-0.229	0.169	-1.29	0.29	0.92	-0.042	-0.001	0.041	0.001	0.000	0.002	0.0000	0.0000	0.0000	0.0000	0.0000	0.0000	0	1.00	0.2624	0.2264	-0.4830	1.421	0	nan	nan	nan	nan	nan	nan
136518	0.043	-0.224	0.175	-1.39	0.21	1.10	-0.039	0.024	0.036	0.001	0.000	0.002	0.0000	0.0000	0.0000	0.0000	0.0000	0.0000	0	1.00	0.2624	0.2264	-0.4830	1.421	0	nan	nan	nan	nan	nan	nan
136527	0.034	-0.225	0.185	-1.38	0.62	1.00	-0.031	0.017	0.034	0.001	0.000	0.002	0.0000	0.0000	0.0000	0.0000	0.0000	0.0000	0	1.00	0.2624	0.2264	-0.4830	1.421	0	nan	nan	nan	nan	nan	nan
136535	0.025	-0.221	0.190	-0.94	0.48	1.12	0.000	0.031	0.016	0.001	0.000	0.002	0.0000	0.0000	0.0000	0.0000	0.0000	0.0000	0	1.00	0.2624	0.2264	-0.4830	1.421	0	nan	nan	nan	nan	nan	nan
136543	0.011	-0.222	0.205	-1.14	0.45	1.35	0.032	0.024	0.017	0.001	0.000	0.002	0.0000	0.0000	0.0000	0.0000	0.0000	0.0000	0	1.00	0.2624	0.2264	-0.4830	1.421	0	nan	nan	nan	nan	nan	nan
136551	-0.011	-0.213	0.219	-1.27	0.54	1.17	0.028	0.032	-0.003	0.001	0.000	0.002	0.0000	0.0000	0.0000	0.0000	0.0000	0.0000	0	1.00	0.2624	0.2264	-0.4830	1.421	0	nan	nan	nan	nan	nan	nan
136559	-0.026	-0.209	0.230	-1.23	0.57	1.21	0.034	0.016	-0.025	0.001	0.000	0.002	0.0000	0.0000	0.0000	0.0000	0.0000	0.0000	0	1.00	0.2624	0.2264	-0.4830	1.421	0	nan	nan	nan	nan	nan	nan
136567	-0.039	-0.211	0.244	-1.03	0.60	0.98	0.037	0.004	-0.035	0.001	0.000	0.002	0.0000	0.0000	0.0000	0.0000	0.0000	0.0000	0	1.00	0.2624	0.2264	-0.4830	1.421	0	nan	nan	nan	nan	nan	nan
136575	-0.052	-0.209	0.256	-0.61	0.50	0.88	0.038	-0.022	-0.030	0.001	0.000	0.002	0.0000	0.0000	0.0000	0.0000	0.0000	0.0000	0	1.00	0.2624	0.2264	-0.4830	1.421	0	nan	nan	nan	nan	nan	nan
136583	-0.065	-0.207	0.267	-0.66	0.51	1.23	0.032	-0.021	-0.027	0.001	0.000	0.002	0.0000	0.0000	0.0000	0.0000	0.0000	0.0000	0	1.00	0.2624	0.2264	-0.4830	1.421	0	nan	nan	nan	nan	nan	nan
136591	-0.079	-0.205	0.279	-0.50	0.09	1.07	0.010	-0.024	-0.032	0.001	0.000	0.002	0.0000	0.0000	0.0000	0.0000	0.0000	0.0000	0	1.00	0.2624	0.2264	-0.4830	1.421	0	nan	nan	nan	nan	nan	nan
136599	-0.098	-0.205	0.297	-0.46	-0.25	0.74	-0.010	-0.017	-0.022	0.001	0.000	0.002	0.0000	0.0000	0.0000	0.0000	0.0000	0.0000	0	1.00	0.2624	0.2264	-0.4830	1.421	0	nan	nan	nan	nan	nan	nan
136607	-0.108	-0.200	0.303	-0.52	0.01	0.22	-0.028	-0.018	-0.017	0.001	0.000	0.002	0.0000	0.0000	0.0000	0.0000	0.0000	0.0000	0	1.00	0.2624	0.2264	-0.4830	1.421	0	nan	nan	nan	nan	nan	nan
136616	-0.115	-0.205	0.314	0.02	-0.11	0.53	-0.038	-0.011	-0.001	0.001	0.000	0.002	0.0000	0.0000	0.0000	0.0000	0.0000	0.0000	0	1.00	0.2624	0.2264	-0.4830	1.421	0	nan	nan	nan	nan	nan	nan
136624	-0.120	-0.207	0.322	0.20	-0.42	0.14	-0.022	-0.016	0.021	0.001	0.000	0.002	0.0000	0.0000	0.0000	0.0000	0.0000	0.0000	0	1.00	0.2624	0.2264	-0.4830	1.421	0	nan	nan	nan	nan	nan	nan
136632	-0.127	-0.206	0.327	0.72	-0.33	0.05	-0.008	-0.004	0.018	0.001	0.000	0.002	0.0000	0.0000	0.0000	0.0000	0.0000	0.0000	0	1.00	0.2624	0.2264	-0.4830	1.421	0	nan	nan	nan	nan	nan	nan
136640	-0.133	-0.200	0.328	0.05	-0.50	-0.37	-0.018	0.004	0.009	0.001	0.000	0.002	0.0000	0.0000	0.0000	0.0000	0.0000	0.0000	0	1.00	0.2624	0.2264	-0.4830	1.421	0	nan	nan	nan	nan	nan	nan
136648	-0.135	-0.200	0.330	0.15	-0.43	-0.22	-0.007	0.012	0.016	0.001	0.000	0.002	0.0000	0.0000	0.0000	0.0000	0.0000	0.0000	0	1.00	0.2624	0.2264	-0.4830	1.421	0	nan	nan	nan	nan	nan	nan
136656	-0.133	-0.204	0.332	0.40	-0.56	-0.35	-0.008	0.017	0.001	0.001	0.000	0.002	0.0000	0.0000	0.0000	0.0000	0.0000	0.0000	0	1.00	0.2624	0.2264	-0.4830	1.421	0	nan	nan	nan	nan	nan	nan
136665	-0.127	-0.209	0.331	0.33	-0.46	-0.59	0.014	0.018	0.000	0.001	0.000	0.002	0.0000	0.0000	0.0000	0.0000	0.0000	0.0000	0	1.00	0.2624	0.2264	-0.4830	1.421	0	nan	nan	nan	nan	nan	nan
136673	-0.120	-0.214	0.329	0.58	-0.32	-0.97	0.004	0.021	-0.014	0.001	0.000	0.002	0.0000	0.0000	0.0000	0.0000	0.0000	0.0000	0	1.00	0.2624	0.2264	-0.4830	1.421	0	nan	nan	nan	nan	nan	nan
136681	-0.115	-0.212	0.321	0.31	-0.55	-0.69	0.003	0.004	-0.019	0.001	0.000	0.002	0.0000	0.0000	0.0000	0.0000	0.0000	0.0000	0	1.00	0.2624	0.2264	-0.4830	1.421	0	nan	nan	nan	nan	nan	nan
136689	-0.108	-0.210	0.312	0.28	-0.22	-0.78	-0.002	-0.021	-0.024	0.001	0.000	0.002	0.0000	0.0000	0.0000	0.0000	0.0000	0.0000	0	1.00	0.2624	0.2264	-0.4830	1.421	0	nan	nan	nan	nan	nan	nan
136697	-0.098	-0.214	0.306	0.41	-0.19	-0.41	-0.001	-0.020	-0.024	0.001	0.000	0.002	0.0000	0.0000	0.0000	0.0000	0.0000	0.0000	0	1.00	0.2624	0.2264	-0.4830	1.421	0	nan	nan	nan	nan	nan	nan
136705	-0.088	-0.217	0.299	0.59	-0.49	-0.19	-0.008	-0.022	-0.020	0.001	0.000	0.002	0.0000	0.0000	0.0000	0.0000	0.0000	0.0000	0	1.00	0.2624	0.2264	-0.4830	1.421	0	nan	nan	nan	nan	nan	nan
136713	-0.080	-0.223	0.297	1.05	-0.55	-0.26	-0.006	-0.015	-0.033	0.001	0.000	0.002	0.0000	0.0000	0.0000	0.0000	0.0000	0.0000	0	1.00	0.2624	0.2264	-0.4830	1.421	0	nan	nan	nan	nan	nan	nan
136721	-0.072	-0.228	0.294	0.88	-0.33	-0.21	-0.010	-0.022	-0.012	0.001	0.000	0.002	0.0000	0.0000	0.0000	0.0000	0.0000	0.0000	0	1.00	0.2624	0.2264	-0.4830	1.421	0	nan	nan	nan	nan	nan	nan
136729	-0.065	-0.234	0.293	0.06	-0.06	-0.19	-0.002	-0.007	-0.003	0.001	0.000	0.002	0.0000	0.0000	0.0000	0.0000	0.0000	0.0000	0	1.00	0.2624	0.2264	-0.4830	1.421	0	nan	nan	nan	nan	nan	nan
136737	-0.056	-0.239	0.288	0.64	-0.14	0.16	0.002	0.001	-0.006	0.001	0.000	0.002	0.0000	0.0000	0.0000	0.0000	0.0000	0.0000	0	1.00	0.2624	0.2264	-0.4830	1.421	0	nan	nan	nan	nan	nan	nan
136745	-0.045	-0.243	0.282	0.06	-0.23	-0.02	0.022	-0.001	0.027	0.001	0.000	0.002	0.0000	0.0000	0.0000	0.0000	0.0000	0.0000	0	1.00	0.2624	0.2264	-0.4830	1.421	0	nan	nan	nan	nan	nan	nan
136754	-0.041	-0.245	0.280	-0.05	-0.03	0.00	0.010	0.021	0.026	0.001	0.000	0.002	0.0000	0.0000	0.0000	0.0000	0.0000	0.0000	0	1.00	0.2624	0.2264	-0.4830	1.421	0	nan	nan	nan	nan	nan	nan
136762	-0.033	-0.249	0.275	-0.26	0.58	0.02	0.002	0.019	0.032	0.001	0.000	0.002	0.0000	0.0000	0.0000	0.0000	0.0000	0.0000	0	1.00	0.2624	0.2264	-0.4830	1.421	0	nan	nan	nan	nan	nan	nan
136770	-0.032	-0.249	0.274	-0.29	0.20	0.33	-0.001	0.020	0.033	0.001	0.000	0.002	0.0000	0.0000	0.0000	0.0000	0.0000	0.0000	0	1.00	0.2624	0.2264	-0.4830	1.421	0	nan	nan	nan	nan	nan	nan
136778	-0.027	-0.247	0.267	-0.39	0.54	0.40	-0.015	0.010	0.011	0.001	0.000	0.002	0.0000	0.0000	0.0000	0.0000	0.0000	0.0000	0	1.00	0.2624	0.2264	-0.4830	1.421	0	nan	nan	nan	nan	nan	nan
136786	-0.029	-0.246	0.269	-0.22	0.34	0.64	-0.027	0.021	0.001	0.001	0.000	0.002	0.0000	0.0000	0.0000	0.0000	0.0000	0.0000	0	1.00	0.2624	0.2264	-0.4830	1.421	0	nan	nan	nan	nan	nan	nan
136794	-0.031	-0.243	0.267	-0.53	0.61	0.47	-0.012	0.009	-0.002	0.001	0.000	0.002	0.0000	0.0000	0.0000	0.0000	0.0000	0.0000	0	1.00	0.2624	0.2264	-0.4830	1.421	0	nan	nan	nan	nan	nan	nan
136802	-0.037	-0.241	0.272	-0.38	0.26	0.99	-0.027	0.009	-0.014	0.001	0.000	0.002	0.0000	0.0000	0.0000	0.0000	0.0000	0.0000	0	1.00	0.2624	0.2264	-0.4830	1.421	0	nan	nan	nan	nan	nan	nan
136810	-0.046	-0.236	0.275	-0.88	0.87	0.56	-0.001	0.007	-0.015	0.001	0.000	0.002	0.0000	0.0000	0.0000	0.0000	0.0000	0.0000	0	1.00	0.2624	0.2264	-0.4830	1.421	0	nan	nan	nan	nan	nan	nan
136818	-0.052	-0.231	0.276	-0.55	0.63	0.58	0.002	-0.027	-0.015	0.001	0.000	0.002	0.0000	0.0000	0.0000	0.0000	0.0000	0.0000	0	1.00	0.2624	0.2264	-0.4830	1.421	0	nan	nan	nan	nan	nan	nan
136826	-0.059	-0.227	0.279	-0.56	0.77	0.55	0.010	-0.017	-0.009	0.001	0.000	0.002	0.0000	0.0000	0.0000	0.0000	0.0000	0.0000	0	1.00	0.2624	0.2264	-0.4830	1.421	0	nan	nan	nan	nan	nan	nan
136835	-0.063	-0.224	0.282	-0.86	0.64	0.24	0.010	-0.022	-0.009	0.001	0.000	0.002	0.0000	0.0000	0.0000	0.0000	0.0000	0.0000	0	1.00	0.2624	0.2264	-0.4830	1.421	0	nan	nan	nan	nan	nan	nan
136843	-0.076	-0.218	0.288	-0.49	0.50	0.54	0.006	-0.018	0.006	0.001	0.000	0.002	0.0000	0.0000	0.0000	0.0000	0.0000	0.0000	0	1.00	0.2624	0.2264	-0.4830	1.421	0	nan	nan	nan	nan	nan	nan
136851	-0.089	-0.207	0.291	-0.77	0.81	0.41	0.004	-0.017	0.000	0.001	0.000	0.002	0.0000	0.0000	0.0000	0.0000	0.0000	0.0000	0	1.00	0.2624	0.2264	-0.4830	1.421	0	nan	nan	nan	nan	nan	nan
136859	-0.098	-0.202	0.294	-0.59	0.64	0.50	0.011	-0.021	-0.001	0.001	0.000	0.002	0.0000	0.0000	0.0000	0.0000	0.0000	0.0000	0	1.00	0.2624	0.2264	-0.4830	1.421	0	nan	nan	nan	nan	nan	nan
136867	-0.101	-0.203	0.299	-0.15	0.37	0.75	-0.016	-0.000	0.017	0.001	0.000	0.002	0.0000	0.0000	0.0000	0.0000	0.0000	0.0000	0	1.00	0.2624	0.2264	-0.4830	1.421	0	nan	nan	nan	nan	nan	nan
136875	-0.105	-0.202	0.302	-0.37	0.30	0.51	-0.009	-0.014	0.014	0.001	0.000	0.002	0.0000	0.0000	0.0000	0.0000	0.0000	0.0000	0	1.00	0.2624	0.2264	-0.4830	1.421	0	nan	nan	nan	nan	nan	nan
136883	-0.115	-0.196	0.306	-0.32	0.37	0.40	-0.005	0.000	0.003	0.001	0.000	0.002	0.0000	0.0000	0.0000	0.0000	0.0000	0.0000	0	1.00	0.2624	0.2264	-0.4830	1.421	0	nan	nan	nan	nan	nan	nan
136891	-0.122	-0.192	0.309	-0.48	0.07	0.54	0.000	0.009	0.016	0.001	0.000	0.002	0.0000	0.0000	0.0000	0.0000	0.0000	0.0000	0	1.00	0.2624	0.2264	-0.4830	1.421	0	nan	nan	nan	nan	nan	nan
136899	-0.129	-0.193	0.317	-0.17	0.16	0.46	0.014	-0.002	0.014	0.001	0.000	0.002	0.0000	0.0000	0.0000	0.0000	0.0000	0.0000	0	1.00	0.2624	0.2264	-0.4830	1.421	0	nan	nan	nan	nan	nan	nan
136907	-0.139	-0.189	0.323	-0.01	-0.14	0.50	0.018	-0.016	0.011	0.001	0.000	0.002	0.0000	0.0000	0.0000	0.0000	0.0000	0.0000	0	1.00	0.2624	0.2264	-0.4830	1.421	0	nan	nan	nan	nan	nan	nan
136916	-0.146	-0.187	0.328	-0.22	-0.20	0.44	0.007	-0.010	0.012	0.001	0.000	0.002	0.0000	0.0000	0.0000	0.0000	0.0000	0.0000	0	1.00	0.2624	0.2264	-0.4830	1.421	0	nan	nan	nan	nan	nan	nan
136924	-0.153	-0.185	0.334	-0.05	-0.08	-0.38	-0.008	-0.007	-0.000	0.001	0.000	0.002	0.0000	0.0000	0.0000	0.0000	0.0000	0.0000	0	1.00	0.2624	0.2264	-0.4830	1.421	0	nan	nan	nan	nan	nan	nan
136932	-0.161	-0.183	0.339	-0.25	-0.11	-0.15	-0.027	-0.002	0.002	0.001	0.000	0.002	0.0000	0.0000	0.0000	0.0000	0.0000	0.0000	0	1.00	0.2624	0.2264	-0.4830	1.421	0	nan	nan	nan	nan	nan	nan
136940	-0.161	-0.183	0.339	-0.19	0.03	-0.02	-0.013	-0.001	-0.014	0.001	0.000	0.002	0.0000	0.0000	0.0000	0.0000	0.0000	0.0000	0	1.00	0.2624	0.2264	-0.4830	1.421	0	nan	nan	nan	nan	nan	nan
136948	-0.160	-0.182	0.337	-0.33	-0.12	-0.17	-0.021	0.014	-0.013	0.001	0.000	0.002	0.0000	0.0000	0.0000	0.0000	0.0000	0.0000	0	1.00	0.2624	0.2264	-0.4830	1.421	0	nan	nan	nan	nan	nan	nan
136956	-0.157	-0.184	0.336	0.01	-0.32	-0.62	-0.020	0.000	-0.028	0.001	0.000	0.002	0.0000	0.0000	0.0000	0.0000	0.0000	0.0000	0	1.00	0.2624	0.2264	-0.4830	1.421	0	nan	nan	nan	nan	nan	nan
136964	-0.153	-0.187	0.335	-0.03	-0.11	-0.16	-0.002	0.009	-0.028	0.001	0.000	0.002	0.0000	0.0000	0.0000	0.0000	0.0000	0.0000	0	1.00	0.2624	0.2264	-0.4830	1.421	0	nan	nan	nan	nan	nan	nan
136972	-0.152	-0.184	0.331	-0.22	0.15	0.10	-0.006	0.008	-0.023	0.001	0.000	0.002	0.0000	0.0000	0.0000	0.0000	0.0000	0.0000	0	1.00	0.2624	0.2264	-0.4830	1.421	0	nan	nan	nan	nan	nan	nan
136980	-0.151	-0.187	0.333	0.10	-0.04	0.17	0.017	0.032	-0.025	0.001	0.000	0.002	0.0000	0.0000	0.0000	0.0000	0.0000	0.0000	0	1.00	0.2624	0.2264	-0.4830	1.421	0	nan	nan	nan	nan	nan	nan
136988	-0.156	-0.182	0.334	0.01	-0.31	0.85	0.027	0.009	-0.010	0.001	0.000	0.002	0.0000	0.0000	0.0000	0.0000	0.0000	0.0000	0	1.00	0.2624	0.2264	-0.4830	1.421	0	nan	nan	nan	nan	nan	nan
136996	-0.158	-0.181	0.334	0.34	-0.03	0.35	0.027	0.011	-0.019	0.001	0.000	0.002	0.0000	0.0000	0.0000	0.0000	0.0000	0.0000	0	1.00	0.2624	0.2264	-0.4830	1.421	0	nan	nan	nan	nan	nan	nan
137004	-0.162	-0.180	0.337	0.55	0.05	0.69	0.029	0.013	-0.008	0.001	0.000	0.002	0.0000	0.0000	0.0000	0.0000	0.0000	0.0000	0	1.00	0.2624	0.2264	-0.4830	1.421	0	nan	nan	nan	nan	nan	nan
137012	-0.160	-0.181	0.336	0.70	0.02	0.57	0.037	-0.013	0.007	0.001	0.000	0.002	0.0000	0.0000	0.0000	0.0000	0.0000	0.0000	0	1.00	0.2624	0.2264	-0.4830	1.421	0	nan	nan	nan	nan	nan	nan
137021	-0.159	-0.184	0.338	0.48	-0.09	0.38	0.009	-0.011	0.012	0.001	0.000	0.002	0.0000	0.0000	0.0000	0.0000	0.0000	0.0000	0	1.00	0.2624	0.2264	-0.4830	1.421	0	nan	nan	nan	nan	nan	nan
137029	-0.161	-0.184	0.340	0.55	0.02	-0.03	0.018	0.004	0.027	0.001	0.000	0.002	0.0000	0.0000	0.0000	0.0000	0.0000	0.0000	0	1.00	0.2624	0.2264	-0.4830	1.421	0	nan	nan	nan	nan	nan	nan
137037	-0.159	-0.192	0.345	0.74	-0.27	0.19	-0.010	-0.028	0.031	0.001	0.000	0.002	0.0000	0.0000	0.0000	0.0000	0.0000	0.0000	0	1.00	0.2624	0.2264	-0.4830	1.421	0	nan	nan	nan	nan	nan	nan
137045	-0.151	-0.200	0.346	0.80	-0.19	-0.06	-0.022	-0.020	0.034	0.001	0.000	0.002	0.0000	0.0000	0.0000	0.0000	0.0000	0.0000	0	1.00	0.2624	0.2264	-0.4830	1.421	0	nan	nan	nan	nan	nan	nan
137053	-0.144	-0.202	0.341	0.55	-0.13	-0.18	-0.017	-0.001	0.023	0.001	0.000	0.002	0.0000	0.0000	0.0000	0.0000	0.0000	0.0000	0	1.00	0.2624	0.2264	-0.4830	1.421	0	nan	nan	nan	nan	nan	nan
137061	-0.136	-0.203	0.334	0.44	-0.11	-0.42	-0.012	-0.030	0.017	0.001	0.000	0.002	0.0000	0.0000	0.0000	0.0000	0.0000	0.0000	0	1.00	0.2624	0.2264	-0.4830	1.421	0	nan	nan	nan	nan	nan	nan
137069	-0.130	-0.207	0.332	0.32	-0.40	-0.53	-0.011	0.001	0.009	0.001	0.000	0.002	0.0000	0.0000	0.0000	0.0000	0.0000	0.0000	0	1.00	0.2624	0.2264	-0.4830	1.421	0	nan	nan	nan	nan	nan	nan
137077	-0.121	-0.213	0.328	0.27	-0.42	-0.46	0.009	-0.007	-0.006	0.001	0.000	0.002	0.0000	0.0000	0.0000	0.0000	0.0000	0.0000	0	1.00	0.2624	0.2264	-0.4830	1.421	0	nan	nan	nan	nan	nan	nan
137085	-0.117	-0.218	0.329	0.17	-0.25	-0.22	0.018	-0.008	-0.002	0.001	0.000	0.002	0.0000	0.0000	0.0000	0.0000	0.0000	0.0000	0	1.00	0.2624	0.2264	-0.4830	1.421	0	nan	nan	nan	nan	nan	nan
137094	-0.116	-0.216	0.326	0.17	-0.37	-0.41	0.023	0.008	-0.034	0.001	0.000	0.002	0.0000	0.0000	0.0000	0.0000	0.0000	0.0000	0	1.00	0.2624	0.2264	-0.4830	1.421	0	nan	nan	nan	nan	nan	nan
137102	-0.112	-0.214	0.321	-0.05	-0.16	-0.30	0.016	-0.014	-0.046	0.001	0.000	0.002	0.0000	0.0000	0.0000	0.0000	0.0000	0.0000	0	1.00	0.2624	0.2264	-0.4830	1.421	0	nan	nan	nan	nan	nan	nan
137110	-0.106	-0.215	0.316	-0.38	-0.05	-0.18	0.007	-0.004	-0.029	0.001	0.000	0.002	0.0000	0.0000	0.0000	0.0000	0.0000	0.0000	0	1.00	0.2624	0.2264	-0.4830	1.421	0	nan	nan	nan	nan	nan	nan
137118	-0.103	-0.213	0.311	-0.13	-0.43	-0.05	0.008	0.009	-0.035	0.001	0.000	0.002	0.0000	0.0000	0.0000	0.0000	0.0000	0.0000	0	1.00	0.2624	0.2264	-0.4830	1.421	0	nan	nan	nan	nan	nan	nan
137126	-0.103	-0.209	0.306	-0.36	-0.17	0.12	-0.005	0.022	-0.029	0.001	0.000	0.002	0.0000	0.0000	0.0000	0.0000	0.0000	0.0000	0	1.00	0.2624	0.2264	-0.4830	1.421	0	nan	nan	nan	nan	nan	nan
137134	-0.100	-0.203	0.299	-0.03	0.02	0.14	-0.012	0.008	0.002	0.001	0.000	0.002	0.0000	0.0000	0.0000	0.0000	0.0000	0.0000	0	1.00	0.2624	0.2264	-0.4830	1.421	0	nan	nan	nan	nan	nan	nan
137142	-0.095	-0.204	0.293	-0.19	0.28	-0.29	-0.032	-0.012	0.006	0.001	0.000	0.002	0.0000	0.0000	0.0000	0.0000	0.0000	0.0000	0	1.00	0.2624	0.2264	-0.4830	1.421	0	nan	nan	nan	nan	nan	nan
137150	-0.099	-0.201	0.295	0.21	0.07	0.27	-0.047	-0.001	0.018	0.001	0.000	0.002	0.0000	0.0000	0.0000	0.0000	0.0000	0.0000	0	1.00	0.2624	0.2264	-0.4830	1.421	0	nan	nan	nan	nan	nan	nan
137158	-0.100	-0.202	0.296	-0.02	0.00	0.04	-0.040	-0.001	0.020	0.001	0.000	0.002	0.0000	0.0000	0.0000	0.0000	0.0000	0.0000	0	1.00	0.2624	0.2264	-0.4830	1.421	0	nan	nan	nan	nan	nan	nan
137166	-0.104	-0.200	0.298	-0.12	0.35	0.21	-0.030	0.013	0.039	0.001	0.000	0.002	0.0000	0.0000	0.0000	0.0000	0.0000	0.0000	0	1.00	0.2624	0.2264	-0.4830	1.421	0	nan	nan	nan	nan	nan	nan
137175	-0.105	-0.196	0.296	-0.07	0.29	-0.20	-0.002	0.005	0.027	0.001	0.000	0.002	0.0000	0.0000	0.0000	0.0000	0.0000	0.0000	0	1.00	0.2624	0.2264	-0.4830	1.421	0	nan	nan	nan	nan	nan	nan
137183	-0.105	-0.197	0.297	0.05	0.22	-0.35	0.017	0.000	0.038	0.001	0.000	0.002	0.0000	0.0000	0.0000	0.0000	0.0000	0.0000	0	1.00	0.2624	0.2264	-0.4830	1.421	0	nan	nan	nan	nan	nan	nan
137191	-0.111	-0.197	0.303	0.13	0.32	-0.43	0.038	0.011	0.022	0.001	0.000	0.002	0.0000	0.0000	0.0000	0.0000	0.0000	0.0000	0	1.00	0.2624	0.2264	-0.4830	1.421	0	nan	nan	nan	nan	nan	nan
137200	-0.119	-0.192	0.306	0.21	-0.00	-0.40	0.053	-0.011	0.010	0.001	0.000	0.002	0.0000	0.0000	0.0000	0.0000	0.0000	0.0000	0	1.00	0.2624	0.2264	-0.4830	1.421	0	nan	nan	nan	nan	nan	nan
137208	-0.127	-0.186	0.308	0.16	0.11	-0.46	0.058	-0.013	-0.016	0.001	0.000	0.002	0.0000	0.0000	0.0000	0.0000	0.0000	0.0000	0	1.00	0.2624	0.2264	-0.4830	1.421	0	nan	nan	nan	nan	nan	nan
137216	-0.129	-0.185	0.309	0.46	0.05	-0.69	0.038	-0.033	-0.019	0.001	0.000	0.002	0.0000	0.0000	0.0000	0.0000	0.0000	0.0000	0	1.00	0.2624	0.2264	-0.4830	1.421	0	nan	nan	nan	nan	nan	nan
137224	-0.130	-0.178	0.303	0.71	0.14	-1.03	0.015	-0.013	-0.037	0.001	0.000	0.002	0.0000	0.0000	0.0000	0.0000	0.0000	0.0000	0	1.00	0.2624	0.2264	-0.4830	1.421	0	nan	nan	nan	nan	nan	nan
137232	-0.129	-0.180	0.304	0.51	-0.45	-0.67	0.005	-0.015	-0.039	0.001	0.000	0.002	0.0000	0.0000	0.0000	0.0000	0.0000	0.0000	0	1.00	0.2624	0.2264	-0.4830	1.421	0	nan	nan	nan	nan	nan	nan
137240	-0.129	-0.179	0.303	0.88	-0.43	-1.17	-0.012	0.010	-0.036	0.001	0.000	0.002	0.0000	0.0000	0.0000	0.0000	0.0000	0.0000	0	1.00	0.2624	0.2264	-0.4830	1.421	0	nan	nan	nan	nan	nan	nan
137248	-0.126	-0.174	0.295	0.77	-0.07	-0.99	-0.046	-0.004	-0.023	0.001	0.000	0.002	0.0000	0.0000	0.0000	0.0000	0.0000	0.0000	0	1.00	0.2624	0.2264	-0.4830	1.421	0	nan	nan	nan	nan	nan	nan
137256	-0.118	-0.172	0.285	0.77	-0.12	-0.95	-0.041	0.019	-0.015	0.001	0.000	0.002	0.0000	0.0000	0.0000	0.0000	0.0000	0.0000	0	1.00	0.2624	0.2264	-0.4830	1.421	0	nan	nan	nan	nan	nan	nan
137264	-0.106	-0.177	0.278	1.20	0.00	-0.65	-0.032	-0.000	0.008	0.001	0.000	0.002	0.0000	0.0000	0.0000	0.0000	0.0000	0.0000	0	1.00	0.2624	0.2264	-0.4830	1.421	0	nan	nan	nan	nan	nan	nan
137272	-0.093	-0.179	0.268	1.30	-0.00	-0.75	-0.036	0.024	0.020	0.001	0.000	0.002	0.0000	0.0000	0.0000	0.0000	0.0000	0.0000	0	1.00	0.2624	0.2264	-0.4830	1.421	0	nan	nan	nan	nan	nan	nan
137280	-0.086	-0.179	0.261	0.95	0.17	-0.57	-0.023	0.017	0.033	0.001	0.000	0.002	0.0000	0.0000	0.0000	0.0000	0.0000	0.0000	0	1.00	0.2624	0.2264	-0.4830	1.421	0	nan	nan	nan	nan	nan	nan
137288	-0.073	-0.184	0.253	0.97	0.27	-0.48	-0.019	0.021	0.042	0.001	0.000	0.002	0.0000	0.0000	0.0000	0.0000	0.0000	0.0000	0	1.00	0.2624	0.2264	-0.4830	1.421	0	nan	nan	nan	nan	nan	nan
137296	-0.056	-0.186	0.237	0.60	0.23	-0.60	0.001	-0.003	0.040	0.001	0.000	0.002	0.0000	0.0000	0.0000	0.0000	0.0000	0.0000	0	1.00	0.2624	0.2264	-0.4830	1.421	0	nan	nan	nan	nan	nan	nan
137305	-0.040	-0.189	0.224	0.28	0.37	-0.63	0.010	-0.026	0.027	0.001	0.000	0.002	0.0000	0.0000	0.0000	0.0000	0.0000	0.0000	0	1.00	0.2624	0.2264	-0.4830	1.421	0	nan	nan	nan	nan	nan	nan
137313	-0.027	-0.191	0.213	0.17	0.27	-0.31	0.007	-0.035	0.013	0.001	0.000	0.002	0.0000	0.0000	0.0000	0.0000	0.0000	0.0000	0	1.00	0.2624	0.2264	-0.4830	1.421	0	nan	nan	nan	nan	nan	nan
137321	-0.017	-0.195	0.207	-0.04	0.08	-0.23	0.026	-0.021	0.012	0.001	0.000	0.002	0.0000	0.0000	0.0000	0.0000	0.0000	0.0000	0	1.00	0.2624	0.2264	-0.4830	1.421	0	nan	nan	nan	nan	nan	nan
137329	-0.016	-0.191	0.202	-0.36	0.35	0.04	0.022	-0.029	-0.005	0.001	0.000	0.002	0.0000	0.0000	0.0000	0.0000	0.0000	0.0000	0	1.00	0.2624	0.2264	-0.4830	1.421	0	nan	nan	nan	nan	nan	nan
137338	-0.014	-0.185	0.194	-0.82	0.33	0.19	0.034	-0.005	-0.013	0.001	0.000	0.002	0.0000	0.0000	0.0000	0.0000	0.0000	0.0000	0	1.00	0.2624	0.2264	-0.4830	1.421	0	nan	nan	nan	nan	nan	nan
137346	-0.012	-0.177	0.184	-0.97	0.28	0.39	0.033	-0.002	-0.033	0.001	0.000	0.002	0.0000	0.0000	0.0000	0.0000	0.0000	0.0000	0	1.00	0.2624	0.2264	-0.4830	1.421	0	nan	nan	nan	nan	nan	nan
137354	-0.022	-0.168	0.185	-1.07	0.54	0.66	0.016	0.010	-0.046	0.001	0.000	0.002	0.0000	0.0000	0.0000	0.0000	0.0000	0.0000	0	1.00	0.2624	0.2264	-0.4830	1.421	0	nan	nan	nan	nan	nan	nan
137362	-0.036	-0.157	0.189	-1.27	0.54	1.17	0.017	0.033	-0.040	0.001	0.000	0.002	0.0000	0.0000	0.0000	0.0000	0.0000	0.0000	0	1.00	0.2624	0.2264	-0.4830	1.421	0	nan	nan	nan	nan	nan	nan
137370	-0.048	-0.151	0.195	-1.08	0.59	1.05	-0.007	0.018	-0.039	0.001	0.000	0.002	0.0000	0.0000	0.0000	0.0000	0.0000	0.0000	0	1.00	0.2624	0.2264	-0.4830	1.421	0	nan	nan	nan	nan	nan	nan
137378	-0.058	-0.155	0.209	-0.83	0.20	1.18	-0.020	0.036	-0.035	0.001	0.000	0.002	0.0000	0.0000	0.0000	0.0000	0.0000	0.0000	0	1.00	0.2624	0.2264	-0.4830	1.421	0	nan	nan	nan	nan	nan	nan
137386	-0.054	-0.169	0.218	0.01	-0.61	1.15	-0.030	0.025	-0.008	0.001	0.000	0.002	0.0000	0.0000	0.0000	0.0000	0.0000	0.0000	0	1.00	0.2624	0.2264	-0.4830	1.421	0	nan	nan	nan	nan	nan	nan
137394	-0.057	-0.180	0.233	0.05	-1.16	1.03	-0.034	0.018	0.022	0.001	0.000	0.002	0.0000	0.0000	0.0000	0.0000	0.0000	0.0000	0	1.00	0.2624	0.2264	-0.4830	1.421	0	nan	nan	nan	nan	nan	nan
137402	-0.070	-0.181	0.247	-0.09	-0.74	0.33	-0.023	0.009	0.045	0.001	0.000	0.002	0.0000	0.0000	0.0000	0.0000	0.0000	0.0000	0	1.00	0.2624	0.2264	-0.4830	1.421	0	nan	nan	nan	nan	nan	nan
137410	-0.085	-0.180	0.260	-0.47	-0.86	0.29	-0.005	-0.016	0.050	0.001	0.000	0.002	0.0000	0.0000	0.0000	0.0000	0.0000	0.0000	0	1.00	0.2624	0.2264	-0.4830	1.421	0	nan	nan	nan	nan	nan	nan
137418	-0.094	-0.181	0.270	-0.75	-0.68	-0.13	0.005	-0.034	0.062	0.001	0.000	0.002	0.0000	0.0000	0.0000	0.0000	0.0000	0.0000	0	1.00	0.2624	0.2264	-0.4830	1.421	0	nan	nan	nan	nan	nan	nan
137426	-0.101	-0.181	0.278	-0.73	-0.59	-0.04	0.033	-0.041	0.032	0.001	0.000	0.002	0.0000	0.0000	0.0000	0.0000	0.0000	0.0000	0	1.00	0.2624	0.2264	-0.4830	1.421	0	nan	nan	nan	nan	nan	nan
137435	-0.106	-0.181	0.282	-0.66	-0.33	-0.47	0.030	-0.063	0.030	0.001	0.000	0.002	0.0000	0.0000	0.0000	0.0000	0.0000	0.0000	0	1.00	0.2624	0.2264	-0.4830	1.421	0	nan	nan	nan	nan	nan	nan
137443	-0.114	-0.176	0.286	-0.42	-0.06	-0.55	0.034	-0.054	0.004	0.001	0.000	0.002	0.0000	0.0000	0.0000	0.0000	0.0000	0.0000	0	1.00	0.2624	0.2264	-0.4830	1.421	0	nan	nan	nan	nan	nan	nan
137451	-0.122	-0.168	0.286	-0.60	0.04	-0.27	0.016	-0.051	-0.027	0.001	-0.000	0.002	0.0000	0.0000	0.0000	0.0000	0.0000	0.0000	0	1.00	0.2624	0.2264	-0.4830	1.421	0	nan	nan	nan	nan	nan	nan
137459	-0.126	-0.166	0.288	-0.63	0.21	-0.19	0.011	-0.025	-0.038	0.001	-0.000	0.002	0.0000	0.0000	0.0000	0.0000	0.0000	0.0000	0	1.00	0.2624	0.2264	-0.4830	1.421	0	nan	nan	nan	nan	nan	nan
137467	-0.122	-0.172	0.289	-0.47	-0.23	-0.02	0.002	0.014	-0.062	0.001	-0.000	0.002	0.0000	0.0000	0.0000	0.0000	0.0000	0.0000	0	1.00	0.2624	0.2264	-0.4830	1.421	0	nan	nan	nan	nan	nan	nan
137475	-0.124	-0.171	0.290	-0.31	-0.48	-0.36	-0.022	0.035	-0.065	0.001	-0.000	0.002	0.0000	0.0000	0.0000	0.0000	0.0000	0.0000	0	1.00	0.2624	0.2264	-0.4830	1.421	0	nan	nan	nan	nan	nan	nan
137484	-0.127	-0.167	0.290	0.02	-0.59	-0.04	-0.025	0.063	-0.047	0.001	0.000	0.002	0.0000	0.0000	0.0000	0.0000	0.0000	0.0000	0	1.00	0.2624	0.2264	-0.4830	1.421	0	nan	nan	nan	nan	nan	nan
137492	-0.124	-0.170	0.290	-0.31	-1.06	-0.08	-0.022	0.086	-0.038	0.001	0.000	0.002	0.0000	0.0000	0.0000	0.0000	0.0000	0.0000	0	1.00	0.2624	0.2264	-0.4830	1.421	0	nan	nan	nan	nan	nan	nan
137500	-0.125	-0.171	0.291	-0.31	-1.36	0.22	-0.024	0.065	-0.008	0.001	0.000	0.002	0.0000	0.0000	0.0000	0.0000	0.0000	0.0000	0	1.00	0.2624	0.2264	-0.4830	1.421	0	nan	nan	nan	nan	nan	nan
137508	-0.124	-0.169	0.289	-0.18	-1.08	-0.10	-0.009	0.045	0.032	0.001	0.000	0.002	0.0000	0.0000	0.0000	0.0000	0.0000	0.0000	0	1.00	0.2624	0.2264	-0.4830	1.421	0	nan	nan	nan	nan	nan	nan
137516	-0.123	-0.174	0.292	0.04	-1.12	-0.06	-0.002	0.031	0.040	0.001	0.000	0.002	0.0000	0.0000	0.0000	0.0000	0.0000	0.0000	0	1.00	0.2624	0.2264	-0.4830	1.421	0	nan	nan	nan	nan	nan	nan
137524	-0.123	-0.172	0.290	-0.15	-0.56	-0.54	0.004	-0.003	0.060	0.001	0.000	0.002	0.0000	0.0000	0.0000	0.0000	0.0000	0.0000	0	1.00	0.2624	0.2264	-0.4830	1.421	0	nan	nan	nan	nan	nan	nan
137532	-0.118	-0.176	0.290	0.05	-0.88	0.01	0.017	-0.032	0.045	0.001	0.000	0.002	0.0000	0.0000	0.0000	0.0000	0.0000	0.0000	0	1.00	0.2624	0.2264	-0.4830	1.421	0	nan	nan	nan	nan	nan	nan
137540	-0.115	-0.182	0.292	0.21	-0.93	-0.21	0.005	-0.067	0.046	0.001	0.000	0.002	0.0000	0.0000	0.0000	0.0000	0.0000	0.0000	0	1.00	0.2624	0.2264	-0.4830	1.421	0	nan	nan	nan	nan	nan	nan
137549	-0.105	-0.191	0.291	0.47	-0.92	0.15	0.010	-0.060	0.032	0.001	0.000	0.002	0.0000	0.0000	0.0000	0.0000	0.0000	0.0000	0	1.00	0.2624	0.2264	-0.4830	1.421	0	nan	nan	nan	nan	nan	nan
137557	-0.094	-0.202	0.291	0.67	-0.84	-0.12	-0.002	-0.055	0.016	0.001	0.000	0.002	0.0000	0.0000	0.0000	0.0000	0.0000	0.0000	0	1.00	0.2624	0.2264	-0.4830	1.421	0	nan	nan	nan	nan	nan	nan
137565	-0.086	-0.210	0.291	0.45	-0.95	-0.32	0.013	-0.057	-0.008	0.001	0.000	0.002	0.0000	0.0000	0.0000	0.0000	0.0000	0.0000	0	1.00	0.2624	0.2264	-0.4830	1.421	0	nan	nan	nan	nan	nan	nan
137573	-0.075	-0.222	0.291	0.43	-1.15	0.00	0.015	-0.013	-0.029	0.001	-0.000	0.002	0.0000	0.0000	0.0000	0.0000	0.0000	0.0000	0	1.00	0.2624	0.2264	-0.4830	1.421	0	nan	nan	nan	nan	nan	nan
137581	-0.072	-0.232	0.298	0.45	-1.34	0.07	0.003	-0.013	-0.034	0.001	-0.000	0.002	0.0000	0.0000	0.0000	0.0000	0.0000	0.0000	0	1.00	0.2624	0.2264	-0.4830	1.421	0	nan	nan	nan	nan	nan	nan
137589	-0.064	-0.243	0.300	0.38	-1.08	-0.02	-0.004	0.017	-0.038	0.001	-0.000	0.002	0.0000	0.0000	0.0000	0.0000	0.0000	0.0000	0	1.00	0.2624	0.2264	-0.4830	1.421	0	nan	nan	nan	nan	nan	nan
137598	-0.063	-0.243	0.300	-0.32	-0.89	0.18	-0.007	0.042	-0.033	0.001	0.000	0.002	0.0000	0.0000	0.0000	0.0000	0.0000	0.0000	0	1.00	0.2624	0.2264	-0.4830	1.421	0	nan	nan	nan	nan	nan	nan
137606	-0.061	-0.253	0.308	-0.31	-0.86	0.03	-0.001	0.044	-0.030	0.001	0.000	0.002	0.0000	0.0000	0.0000	0.0000	0.0000	0.0000	0	1.00	0.2624	0.2264	-0.4830	1.421	0	nan	nan	nan	nan	nan	nan
137614	-0.059	-0.254	0.306	-0.34	-0.53	-0.07	-0.001	0.063	-0.023	0.001	0.000	0.002	0.0000	0.0000	0.0000	0.0000	0.0000	0.0000	0	1.00	0.2624	0.2264	-0.4830	1.421	0	nan	nan	nan	nan	nan	nan
137622	-0.056	-0.256	0.305	-0.64	-0.66	0.06	-0.001	0.036	-0.015	0.001	0.000	0.002	0.0000	0.0000	0.0000	0.0000	0.0000	0.0000	0	1.00	0.2624	0.2264	-0.4830	1.421	0	nan	nan	nan	nan	nan	nan
137630	-0.056	-0.258	0.307	-0.81	-0.10	0.19	-0.001	0.032	-0.002	0.001	0.000	0.002	0.0000	0.0000	0.0000	0.0000	0.0000	0.0000	0	1.00	0.2624	0.2264	-0.4830	1.421	0	nan	nan	nan	nan	nan	nan
137638	-0.055	-0.256	0.305	-0.98	0.14	-0.09	-0.007	-0.003	0.011	0.001	0.000	0.002	0.0000	0.0000	0.0000	0.0000	0.0000	0.0000	0	1.00	0.2624	0.2264	-0.4830	1.421	0	nan	nan	nan	nan	nan	nan
137647	-0.049	-0.259	0.301	-0.55	0.39	0.08	-0.020	-0.021	0.011	0.001	0.000	0.002	0.0000	0.0000	0.0000	0.0000	0.0000	0.0000	0	1.00	0.2624	0.2264	-0.4830	1.421	0	nan	nan	nan	nan	nan	nan
137655	-0.046	-0.264	0.303	-0.59	0.40	0.43	-0.011	-0.033	0.016	0.001	0.000	0.002	0.0000	0.0000	0.0000	0.0000	0.0000	0.0000	0	1.00	0.2624	0.2264	-0.4830	1.421	0	nan	nan	nan	nan	nan	nan
137663	-0.042	-0.268	0.302	-0.52	0.47	0.50	-0.005	-0.047	0.022	0.001	0.000	0.002	0.0000	0.0000	0.0000	0.0000	0.0000	0.0000	0	1.00	0.2624	0.2264	-0.4830	1.421	0	nan	nan	nan	nan	nan	nan
137671	-0.045	-0.267	0.304	-0.58	0.59	0.11	-0.006	-0.035	0.021	0.001	0.000	0.002	0.0000	0.0000	0.0000	0.0000	0.0000	0.0000	0	1.00	0.2624	0.2264	-0.4830	1.421	0	nan	nan	nan	nan	nan	nan
137679	-0.046	-0.269	0.308	-0.70	0.63	0.41	0.017	-0.042	0.023	0.001	0.000	0.002	0.0000	0.0000	0.0000	0.0000	0.0000	0.0000	0	1.00	0.2624	0.2264	-0.4830	1.421	0	nan	nan	nan	nan	nan	nan
137687	-0.048	-0.267	0.309	-0.83	0.56	0.08	0.013	-0.036	0.030	0.001	-0.000	0.002	0.0000	0.0000	0.0000	0.0000	0.0000	0.0000	0	1.00	0.2624	0.2264	-0.4830	1.421	0	nan	nan	nan	nan	nan	nan
137695	-0.057	-0.263	0.313	-0.72	0.69	0.47	-0.001	-0.020	0.011	0.001	-0.000	0.002	0.0000	0.0000	0.0000	0.0000	0.0000	0.0000	0	1.00	0.2624	0.2264	-0.4830	1.421	0	nan	nan	nan	nan	nan	nan
137703	-0.065	-0.257	0.315	-1.14	0.73	0.33	-0.000	0.003	0.000	0.001	-0.000	0.002	0.0000	0.0000	0.0000	0.0000	0.0000	0.0000	0	1.00	0.2624	0.2264	-0.4830	1.421	0	nan	nan	nan	nan	nan	nan
137712	-0.074	-0.247	0.315	-0.94	1.04	0.13	0.018	0.038	-0.020	0.001	0.000	0.002	0.0000	0.0000	0.0000	0.0000	0.0000	0.0000	0	1.00	0.2624	0.2264	-0.4830	1.421	0	nan	nan	nan	nan	nan	nan
137720	-0.089	-0.239	0.321	-1.15	1.03	0.46	-0.007	0.018	-0.033	0.001	0.000	0.002	0.0000	0.0000	0.0000	0.0000	0.0000	0.0000	0	1.00	0.2624	0.2264	-0.4830	1.421	0	nan	nan	nan	nan	nan	nan
137728	-0.105	-0.227	0.326	-1.14	1.06	0.31	-0.001	0.045	-0.035	0.001	0.000	0.002	0.0000	0.0000	0.0000	0.0000	0.0000	0.0000	0	1.00	0.2624	0.2264	-0.4830	1.421	0	nan	nan	nan	nan	nan	nan
137736	-0.119	-0.218	0.331	-1.20	1.23	0.31	-0.010	0.025	-0.033	0.001	0.000	0.002	0.0000	0.0000	0.0000	0.0000	0.0000	0.0000	0	1.00	0.2624	0.2264	-0.4830	1.421	0	nan	nan	nan	nan	nan	nan
137744	-0.132	-0.209	0.335	-1.03	1.36	0.53	-0.017	0.014	-0.033	0.001	0.000	0.002	0.0000	0.0000	0.0000	0.0000	0.0000	0.0000	0	1.00	0.2624	0.2264	-0.4830	1.421	0	nan	nan	nan	nan	nan	nan
137753	-0.145	-0.197	0.337	-0.71	1.14	0.65	-0.011	-0.012	-0.028	0.001	0.000	0.002	0.0000	0.0000	0.0000	0.0000	0.0000	0.0000	0	1.00	0.2624	0.2264	-0.4830	1.421	0	nan	nan	nan	nan	nan	nan
137761	-0.157	-0.184	0.336	-1.15	1.08	0.42	-0.032	-0.017	-0.016	0.001	0.000	0.001	0.0000	0.0000	0.0000	0.0000	0.0000	0.0000	0	1.00	0.2624	0.2264	-0.4830	1.421	0	nan	nan	nan	nan	nan	nan
137769	-0.169	-0.176	0.340	-0.49	0.85	0.19	-0.016	-0.022	-0.001	0.001	0.000	0.002	0.0000	0.0000	0.0000	0.0000	0.0000	0.0000	0	1.00	0.2624	0.2264	-0.4830	1.421	0	nan	nan	nan	nan	nan	nan
137777	-0.181	-0.170	0.346	-0.18	0.81	0.24	0.000	-0.002	0.040	0.001	0.000	0.002	0.0000	0.0000	0.0000	0.0000	0.0000	0.0000	0	1.00	0.2624	0.2264	-0.4830	1.421	0	nan	nan	nan	nan	nan	nan
137785	-0.188	-0.167	0.350	-0.28	0.58	-0.17	0.004	0.005	0.037	0.001	0.000	0.002	0.0000	0.0000	0.0000	0.0000	0.0000	0.0000	0	1.00	0.2624	0.2264	-0.4830	1.421	0	nan	nan	nan	nan	nan	nan
137793	-0.191	-0.159	0.345	0.07	0.38	-0.01	0.006	0.001	0.037	0.001	0.000	0.002	0.0000	0.0000	0.0000	0.0000	0.0000	0.0000	0	1.00	0.2624	0.2264	-0.4830	1.421	0	nan	nan	nan	nan	nan	nan
137801	-0.197	-0.152	0.345	0.16	0.02	-0.37	0.009	0.016	0.035	0.001	0.000	0.002	0.0000	0.0000	0.0000	0.0000	0.0000	0.0000	0	1.00	0.2624	0.2264	-0.4830	1.421	0	nan	nan	nan	nan	nan	nan
137809	-0.208	-0.141	0.346	-0.07	-0.08	-0.57	0.015	-0.002	0.015	0.001	0.000	0.002	0.0000	0.0000	0.0000	0.0000	0.0000	0.0000	0	1.00	0.2624	0.2264	-0.4830	1.421	0	nan	nan	nan	nan	nan	nan
137817	-0.208	-0.141	0.345	0.30	0.12	-0.19	0.005	0.011	0.013	0.001	0.000	0.002	0.0000	0.0000	0.0000	0.0000	0.0000	0.0000	0	1.00	0.2624	0.2264	-0.4830	1.421	0	nan	nan	nan	nan	nan	nan
137825	-0.207	-0.139	0.343	0.52	-0.47	-0.35	0.011	-0.003	-0.012	0.001	0.000	0.002	0.0000	0.0000	0.0000	0.0000	0.0000	0.0000	0	1.00	0.2624	0.2264	-0.4830	1.421	0	nan	nan	nan	nan	nan	nan
137833	-0.205	-0.135	0.337	0.89	-0.17	-0.06	0.011	0.024	-0.018	0.001	0.000	0.002	0.0000	0.0000	0.0000	0.0000	0.0000	0.0000	0	1.00	0.2624	0.2264	-0.4830	1.421	0	nan	nan	nan	nan	nan	nan
137842	-0.203	-0.135	0.334	0.98	-0.21	-0.44	-0.001	0.007	-0.014	0.001	0.000	0.002	0.0000	0.0000	0.0000	0.0000	0.0000	0.0000	0	1.00	0.2624	0.2264	-0.4830	1.421	0	nan	nan	nan	nan	nan	nan
137850	-0.200	-0.136	0.332	0.57	-0.23	-0.63	-0.010	0.005	-0.020	0.001	0.000	0.002	0.0000	0.0000	0.0000	0.0000	0.0000	0.0000	0	1.00	0.2624	0.2264	-0.4830	1.421	0	nan	nan	nan	nan	nan	nan
137858	-0.198	-0.139	0.333	0.27	-0.33	-0.55	-0.001	0.006	-0.032	0.001	0.000	0.002	0.0000	0.0000	0.0000	0.0000	0.0000	0.0000	0	1.00	0.2624	0.2264	-0.4830	1.421	0	nan	nan	nan	nan	nan	nan
137866	-0.188	-0.147	0.331	0.52	-0.49	-0.63	0.003	0.005	-0.021	0.001	0.000	0.002	0.0000	0.0000	0.0000	0.0000	0.0000	0.0000	0	1.00	0.2624	0.2264	-0.4830	1.421	0	nan	nan	nan	nan	nan	nan
137874	-0.178	-0.150	0.324	0.71	-0.83	-0.80	0.014	-0.021	-0.017	0.001	0.000	0.002	0.0000	0.0000	0.0000	0.0000	0.0000	0.0000	0	1.00	0.2624	0.2264	-0.4830	1.421	0	nan	nan	nan	nan	nan	nan
137882	-0.175	-0.152	0.324	0.55	-1.00	-0.80	0.005	0.001	-0.001	0.001	0.000	0.002	0.0000	0.0000	0.0000	0.0000	0.0000	0.0000	0	1.00	0.2624	0.2264	-0.4830	1.421	0	nan	nan	nan	nan	nan	nan
137890	-0.169	-0.154	0.319	0.35	-0.86	-0.74	0.011	-0.003	0.014	0.001	0.000	0.002	0.0000	0.0000	0.0000	0.0000	0.0000	0.0000	0	1.00	0.2624	0.2264	-0.4830	1.421	0	nan	nan	nan	nan	nan	nan
137899	-0.159	-0.161	0.316	0.33	-0.67	-0.38	-0.005	-0.005	0.019	0.001	0.000	0.002	0.0000	0.0000	0.0000	0.0000	0.0000	0.0000	0	1.00	0.2624	0.2264	-0.4830	1.421	0	nan	nan	nan	nan	nan	nan
137907	-0.146	-0.168	0.309	0.31	-0.81	-0.43	-0.010	0.001	0.043	0.001	0.000	0.002	0.0000	0.0000	0.0000	0.0000	0.0000	0.0000	0	1.00	0.2624	0.2264	-0.4830	1.421	0	nan	nan	nan	nan	nan	nan
137915	-0.132	-0.175	0.303	0.06	-0.88	-0.42	-0.005	-0.001	0.039	0.001	0.000	0.002	0.0000	0.0000	0.0000	0.0000	0.0000	0.0000	0	1.00	0.2624	0.2264	-0.4830	1.421	0	nan	nan	nan	nan	nan	nan
137923	-0.123	-0.181	0.300	-0.45	-0.83	-0.28	-0.014	0.003	0.032	0.001	0.000	0.002	0.0000	0.0000	0.0000	0.0000	0.0000	0.0000	0	1.00	0.2624	0.2264	-0.4830	1.421	0	nan	nan	nan	nan	nan	nan
137931	-0.123	-0.180	0.298	-0.43	-0.74	-0.19	-0.012	0.019	0.007	0.001	0.000	0.002	0.0000	0.0000	0.0000	0.0000	0.0000	0.0000	0	1.00	0.2624	0.2264	-0.4830	1.421	0	nan	nan	nan	nan	nan	nan
137939	-0.117	-0.184	0.296	-0.68	-0.61	0.37	-0.003	0.009	-0.015	0.001	0.000	0.002	0.0000	0.0000	0.0000	0.0000	0.0000	0.0000	0	1.00	0.2624	0.2264	-0.4830	1.421	0	nan	nan	nan	nan	nan	nan
137947	-0.108	-0.190	0.293	-1.17	-0.54	0.35	0.000	0.021	-0.040	0.001	0.000	0.002	0.0000	0.0000	0.0000	0.0000	0.0000	0.0000	0	1.00	0.2624	0.2264	-0.4830	1.421	0	nan	nan	nan	nan	nan	nan
137955	-0.105	-0.194	0.294	-0.68	-0.20	0.69	-0.007	-0.012	-0.043	0.001	0.000	0.002	0.0000	0.0000	0.0000	0.0000	0.0000	0.0000	0	1.00	0.2624	0.2264	-0.4830	1.421	0	nan	nan	nan	nan	nan	nan
137963	-0.105	-0.200	0.300	-0.72	-0.15	0.57	0.011	0.016	-0.037	0.001	0.000	0.002	0.0000	0.0000	0.0000	0.0000	0.0000	0.0000	0	1.00	0.2624	0.2264	-0.4830	1.421	0	nan	nan	nan	nan	nan	nan
137971	-0.111	-0.203	0.308	-0.56	-0.24	0.82	-0.001	0.006	-0.029	0.001	0.000	0.002	0.0000	0.0000	0.0000	0.0000	0.0000	0.0000	0	1.00	0.2624	0.2264	-0.4830	1.421	0	nan	nan	nan	nan	nan	nan
137980	-0.117	-0.202	0.314	-0.94	-0.10	0.96	0.012	0.005	-0.016	0.001	0.000	0.001	0.0000	0.0000	0.0000	0.0000	0.0000	0.0000	0	1.00	0.2624	0.2264	-0.4830	1.421	0	nan	nan	nan	nan	nan	nan
137988	-0.121	-0.208	0.323	-0.68	-0.50	0.99	0.008	-0.002	0.009	0.001	0.000	0.001	0.0000	0.0000	0.0000	0.0000	0.0000	0.0000	0	1.00	0.2624	0.2264	-0.4830	1.421	0	nan	nan	nan	nan	nan	nan
137996	-0.136	-0.203	0.334	-0.56	-0.20	0.78	0.001	-0.017	0.037	0.001	0.000	0.002	0.0000	0.0000	0.0000	0.0000	0.0000	0.0000	0	1.00	0.2624	0.2264	-0.4830	1.421	0	nan	nan	nan	nan	nan	nan
138004	-0.144	-0.206	0.345	-0.45	0.24	0.87	0.012	-0.018	0.045	0.001	0.000	0.002	0.0000	0.0000	0.0000	0.0000	0.0000	0.0000	0	1.00	0.2624	0.2264	-0.4830	1.421	0	nan	nan	nan	nan	nan	nan
138012	-0.156	-0.208	0.359	-0.80	-0.05	0.76	0.011	-0.011	0.058	0.001	0.000	0.002	0.0000	0.0000	0.0000	0.0000	0.0000	0.0000	0	1.00	0.2624	0.2264	-0.4830	1.421	0	nan	nan	nan	nan	nan	nan
138020	-0.165	-0.208	0.367	-0.63	0.15	0.61	0.020	-0.011	0.054	0.001	0.000	0.002	0.0000	0.0000	0.0000	0.0000	0.0000	0.0000	0	1.00	0.2624	0.2264	-0.4830	1.421	0	nan	nan	nan	nan	nan	nan
138028	-0.173	-0.207	0.375	-0.66	0.37	0.32	0.010	0.005	0.047	0.001	0.000	0.002	0.0000	0.0000	0.0000	0.0000	0.0000	0.0000	0	1.00	0.2624	0.2264	-0.4830	1.421	0	nan	nan	nan	nan	nan	nan
138036	-0.178	-0.208	0.380	-0.24	0.14	0.34	0.017	0.022	0.034	0.001	0.000	0.002	0.0000	0.0000	0.0000	0.0000	0.0000	0.0000	0	1.00	0.2624	0.2264	-0.4830	1.421	0	nan	nan	nan	nan	nan	nan
138044	-0.181	-0.208	0.384	-0.36	0.22	0.17	-0.005	0.016	0.017	0.001	0.000	0.002	0.0000	0.0000	0.0000	0.0000	0.0000	0.0000	0	1.00	0.2624	0.2264	-0.4830	1.421	0	nan	nan	nan	nan	nan	nan
138052	-0.187	-0.204	0.386	-0.50	0.23	0.18	-0.018	-0.001	-0.008	0.001	0.000	0.002	0.0000	0.0000	0.0000	0.0000	0.0000	0.0000	0	1.00	0.2624	0.2264	-0.4830	1.421	0	nan	nan	nan	nan	nan	nan
138060	-0.192	-0.203	0.390	-0.55	0.02	-0.29	-0.016	0.004	-0.019	0.001	0.000	0.002	0.0000	0.0000	0.0000	0.0000	0.0000	0.0000	0	1.00	0.2624	0.2264	-0.4830	1.421	0	nan	nan	nan	nan	nan	nan
138068	-0.188	-0.210	0.393	-0.73	-0.05	0.16	-0.037	0.000	-0.037	0.001	0.000	0.002	0.0000	0.0000	0.0000	0.0000	0.0000	0.0000	0	1.00	0.2624	0.2264	-0.4830	1.421	0	nan	nan	nan	nan	nan	nan
138076	-0.188	-0.209	0.391	-0.54	-0.33	-0.38	-0.043	0.011	-0.032	0.001	0.000	0.002	0.0000	0.0000	0.0000	0.0000	0.0000	0.0000	0	1.00	0.2624	0.2264	-0.4830	1.421	0	nan	nan	nan	nan	nan	nan
138084	-0.187	-0.209	0.390	-0.96	-0.42	-0.39	-0.025	-0.003	-0.018	0.001	0.000	0.002	0.0000	0.0000	0.0000	0.0000	0.0000	0.0000	0	1.00	0.2624	0.2264	-0.4830	1.421	0	nan	nan	nan	nan	nan	nan
138093	-0.194	-0.200	0.388	-0.77	-0.26	-0.32	-0.014	0.005	-0.019	0.001	0.000	0.002	0.0000	0.0000	0.0000	0.0000	0.0000	0.0000	0	1.00	0.2624	0.2264	-0.4830	1.421	0	nan	nan	nan	nan	nan	nan
138101	-0.195	-0.197	0.387	-0.48	-0.20	-0.25	-0.012	0.003	-0.021	0.001	0.000	0.002	0.0000	0.0000	0.0000	0.0000	0.0000	0.0000	0	1.00	0.2624	0.2264	-0.4830	1.421	0	nan	nan	nan	nan	nan	nan
138109	-0.199	-0.193	0.387	-0.17	0.05	-0.18	-0.009	0.009	-0.032	0.001	0.000	0.002	0.0000	0.0000	0.0000	0.0000	0.0000	0.0000	0	1.00	0.2624	0.2264	-0.4830	1.421	0	nan	nan	nan	nan	nan	nan
138117	-0.204	-0.192	0.391	-0.05	-0.05	0.33	0.009	-0.032	-0.026	0.001	0.000	0.002	0.0000	0.0000	0.0000	0.0000	0.0000	0.0000	0	1.00	0.2624	0.2264	-0.4830	1.421	0	nan	nan	nan	nan	nan	nan
138125	-0.207	-0.188	0.391	0.07	0.21	0.16	0.022	-0.017	-0.005	0.001	0.000	0.002	0.0000	0.0000	0.0000	0.0000	0.0000	0.0000	0	1.00	0.2624	0.2264	-0.4830	1.421	0	nan	nan	nan	nan	nan	nan
138133	-0.206	-0.184	0.385	0.23	-0.16	-0.05	0.017	0.002	0.010	0.001	0.000	0.002	0.0000	0.0000	0.0000	0.0000	0.0000	0.0000	0	1.00	0.2624	0.2264	-0.4830	1.421	0	nan	nan	nan	nan	nan	nan
138141	-0.208	-0.182	0.385	0.24	0.04	0.06	0.027	-0.001	0.021	0.001	0.000	0.002	0.0000	0.0000	0.0000	0.0000	0.0000	0.0000	0	1.00	0.2624	0.2264	-0.4830	1.421	0	nan	nan	nan	nan	nan	nan
138149	-0.206	-0.183	0.384	0.40	-0.01	-0.16	0.027	0.007	0.043	0.001	0.000	0.002	0.0000	0.0000	0.0000	0.0000	0.0000	0.0000	0	1.00	0.2624	0.2264	-0.4830	1.421	0	nan	nan	nan	nan	nan	nan
138157	-0.200	-0.187	0.383	0.17	-0.21	0.17	0.029	0.004	0.020	0.001	0.000	0.002	0.0000	0.0000	0.0000	0.0000	0.0000	0.0000	0	1.00	0.2624	0.2264	-0.4830	1.421	0	nan	nan	nan	nan	nan	nan
138165	-0.195	-0.190	0.380	0.38	-0.11	-0.25	0.026	-0.002	0.016	0.001	0.000	0.002	0.0000	0.0000	0.0000	0.0000	0.0000	0.0000	0	1.00	0.2624	0.2264	-0.4830	1.421	0	nan	nan	nan	nan	nan	nan
138174	-0.194	-0.188	0.377	-0.08	-0.19	-0.34	0.013	-0.008	0.001	0.001	0.000	0.002	0.0000	0.0000	0.0000	0.0000	0.0000	0.0000	0	1.00	0.2624	0.2264	-0.4830	1.421	0	nan	nan	nan	nan	nan	nan
138182	-0.190	-0.186	0.372	-0.06	-0.21	-0.44	0.007	-0.009	0.007	0.001	0.000	0.002	0.0000	0.0000	0.0000	0.0000	0.0000	0.0000	0	1.00	0.2624	0.2264	-0.4830	1.421	0	nan	nan	nan	nan	nan	nan
138190	-0.189	-0.187	0.371	-0.19	0.13	-0.45	0.006	0.000	-0.002	0.001	0.000	0.002	0.0000	0.0000	0.0000	0.0000	0.0000	0.0000	0	1.00	0.2624	0.2264	-0.4830	1.421	0	nan	nan	nan	nan	nan	nan
138198	-0.184	-0.190	0.369	0.23	-0.28	-0.25	-0.017	-0.007	-0.022	0.001	0.000	0.002	0.0000	0.0000	0.0000	0.0000	0.0000	0.0000	0	1.00	0.2624	0.2264	-0.4830	1.421	0	nan	nan	nan	nan	nan	nan
138206	-0.176	-0.192	0.362	0.04	-0.15	-0.29	-0.035	0.012	-0.023	0.001	0.000	0.002	0.0000	0.0000	0.0000	0.0000	0.0000	0.0000	0	1.00	0.2624	0.2264	-0.4830	1.421	0	nan	nan	nan	nan	nan	nan
138214	-0.175	-0.188	0.359	0.08	-0.20	-0.17	-0.041	-0.000	-0.019	0.001	0.000	0.002	0.0000	0.0000	0.0000	0.0000	0.0000	0.0000	0	1.00	0.2624	0.2264	-0.4830	1.421	0	nan	nan	nan	nan	nan	nan
138223	-0.179	-0.190	0.364	0.08	-0.17	0.11	-0.034	-0.021	-0.016	0.001	0.000	0.002	0.0000	0.0000	0.0000	0.0000	0.0000	0.0000	0	1.00	0.2624	0.2264	-0.4830	1.421	0	nan	nan	nan	nan	nan	nan
138231	-0.180	-0.190	0.365	0.03	-0.11	0.09	-0.042	-0.020	-0.008	0.001	0.000	0.002	0.0000	0.0000	0.0000	0.0000	0.0000	0.0000	0	1.00	0.2624	0.2264	-0.4830	1.421	0	nan	nan	nan	nan	nan	nan
138239	-0.185	-0.189	0.370	0.12	0.03	-0.02	-0.038	0.001	0.003	0.001	0.000	0.002	0.0000	0.0000	0.0000	0.0000	0.0000	0.0000	0	1.00	0.2624	0.2264	-0.4830	1.421	0	nan	nan	nan	nan	nan	nan
138247	-0.179	-0.194	0.368	0.30	-0.14	0.07	-0.008	0.011	0.024	0.001	0.000	0.002	0.0000	0.0000	0.0000	0.0000	0.0000	0.0000	0	1.00	0.2624	0.2264	-0.4830	1.421	0	nan	nan	nan	nan	nan	nan
138255	-0.175	-0.196	0.366	0.12	0.12	-0.11	-0.007	0.003	0.006	0.001	0.000	0.002	0.0000	0.0000	0.0000	0.0000	0.0000	0.0000	0	1.00	0.2624	0.2264	-0.4830	1.421	0	nan	nan	nan	nan	nan	nan
138263	-0.180	-0.193	0.369	0.31	0.24	0.00	0.020	0.012	0.011	0.001	0.000	0.002	0.0000	0.0000	0.0000	0.0000	0.0000	0.0000	0	1.00	0.2624	0.2264	-0.4830	1.421	0	nan	nan	nan	nan	nan	nan
138271	-0.177	-0.192	0.364	0.23	0.35	-0.14	0.054	0.009	-0.003	0.001	0.000	0.002	0.0000	0.0000	0.0000	0.0000	0.0000	0.0000	0	1.00	0.2624	0.2264	-0.4830	1.421	0	nan	nan	nan	nan	nan	nan
138279	-0.175	-0.191	0.360	0.65	0.28	0.05	0.039	0.027	-0.000	0.001	0.000	0.002	0.0000	0.0000	0.0000	0.0000	0.0000	0.0000	0	1.00	0.2624	0.2264	-0.4830	1.421	0	nan	nan	nan	nan	nan	nan
138287	-0.171	-0.193	0.359	0.47	0.32	0.09	0.047	-0.005	-0.012	0.001	0.000	0.002	0.0000	0.0000	0.0000	0.0000	0.0000	0.0000	0	1.00	0.2624	0.2264	-0.4830	1.421	0	nan	nan	nan	nan	nan	nan
138296	-0.176	-0.190	0.361	0.46	0.75	0.09	0.044	0.031	-0.025	0.001	0.000	0.002	0.0000	0.0000	0.0000	0.0000	0.0000	0.0000	0	1.00	0.2624	0.2264	-0.4830	1.421	0	nan	nan	nan	nan	nan	nan
138304	-0.179	-0.190	0.364	0.71	0.23	-0.08	0.032	0.004	-0.028	0.001	0.000	0.002	0.0000	0.0000	0.0000	0.0000	0.0000	0.0000	0	1.00	0.2624	0.2264	-0.4830	1.421	0	nan	nan	nan	nan	nan	nan
138312	-0.179	-0.192	0.366	0.49	0.37	-0.21	0.015	-0.000	-0.025	0.001	0.000	0.001	0.0000	0.0000	0.0000	0.0000	0.0000	0.0000	0	1.00	0.2624	0.2264	-0.4830	1.421	0	nan	nan	nan	nan	nan	nan
138320	-0.179	-0.192	0.366	0.30	0.21	-0.28	0.014	-0.006	-0.010	0.001	0.000	0.001	0.0000	0.0000	0.0000	0.0000	0.0000	0.0000	0	1.00	0.2624	0.2264	-0.4830	1.421	0	nan	nan	nan	nan	nan	nan
138328	-0.177	-0.193	0.365	0.55	-0.11	-0.51	-0.008	-0.001	0.005	0.001	0.000	0.001	0.0000	0.0000	0.0000	0.0000	0.0000	0.0000	0	1.00	0.2624	0.2264	-0.4830	1.421	0	nan	nan	nan	nan	nan	nan
138336	-0.176	-0.193	0.363	0.62	0.04	-0.53	-0.035	0.011	0.026	0.001	0.000	0.001	0.0000	0.0000	0.0000	0.0000	0.0000	0.0000	0	1.00	0.2624	0.2264	-0.4830	1.421	0	nan	nan	nan	nan	nan	nan
138344	-0.175	-0.191	0.361	0.67	-0.03	-0.94	-0.052	0.005	0.035	0.001	0.000	0.002	0.0000	0.0000	0.0000	0.0000	0.0000	0.0000	0	1.00	0.2624	0.2264	-0.4830	1.421	0	nan	nan	nan	nan	nan	nan
138352	-0.172	-0.190	0.358	0.30	-0.16	-0.65	-0.042	-0.002	0.041	0.001	0.000	0.002	0.0000	0.0000	0.0000	0.0000	0.0000	0.0000	0	1.00	0.2624	0.2264	-0.4830	1.421	0	nan	nan	nan	nan	nan	nan
138361	-0.169	-0.190	0.354	0.92	-0.32	-0.89	-0.040	0.001	0.052	0.001	0.000	0.002	0.0000	0.0000	0.0000	0.0000	0.0000	0.0000	0	1.00	0.2624	0.2264	-0.4830	1.421	0	nan	nan	nan	nan	nan	nan
138369	-0.163	-0.187	0.345	1.08	-0.24	-0.81	-0.024	-0.019	0.041	0.001	0.000	0.002	0.0000	0.0000	0.0000	0.0000	0.0000	0.0000	0	1.00	0.2624	0.2264	-0.4830	1.421	0	nan	nan	nan	nan	nan	nan
138377	-0.147	-0.189	0.331	0.99	-0.36	-1.02	-0.013	-0.014	0.033	0.001	0.000	0.002	0.0000	0.0000	0.0000	0.0000	0.0000	0.0000	0	1.00	0.2624	0.2264	-0.4830	1.421	0	nan	nan	nan	nan	nan	nan
138385	-0.138	-0.186	0.319	1.26	-0.48	-0.97	0.001	0.002	0.018	0.001	0.000	0.002	0.0000	0.0000	0.0000	0.0000	0.0000	0.0000	0	1.00	0.2624	0.2264	-0.4830	1.421	0	nan	nan	nan	nan	nan	nan
138393	-0.132	-0.178	0.306	1.48	-0.27	-1.19	0.030	-0.013	-0.010	0.001	0.000	0.002	0.0000	0.0000	0.0000	0.0000	0.0000	0.0000	0	1.00	0.2624	0.2264	-0.4830	1.421	0	nan	nan	nan	nan	nan	nan
138401	-0.117	-0.186	0.298	1.58	-0.33	-0.91	0.037	0.005	-0.024	0.001	0.000	0.002	0.0000	0.0000	0.0000	0.0000	0.0000	0.0000	0	1.00	0.2624	0.2264	-0.4830	1.421	0	nan	nan	nan	nan	nan	nan
138409	-0.101	-0.197	0.292	1.52	-0.22	-0.54	0.038	0.021	-0.039	0.001	0.000	0.002	0.0000	0.0000	0.0000	0.0000	0.0000	0.0000	0	1.00	0.2624	0.2264	-0.4830	1.421	0	nan	nan	nan	nan	nan	nan
138417	-0.085	-0.202	0.282	1.61	-0.21	-0.53	0.031	0.008	-0.039	0.001	0.000	0.002	0.0000	0.0000	0.0000	0.0000	0.0000	0.0000	0	1.00	0.2624	0.2264	-0.4830	1.421	0	nan	nan	nan	nan	nan	nan
138425	-0.074	-0.201	0.269	1.29	0.06	-0.69	0.025	0.014	-0.048	0.001	0.000	0.002	0.0000	0.0000	0.0000	0.0000	0.0000	0.0000	0	1.00	0.2624	0.2264	-0.4830	1.421	0	nan	nan	nan	nan	nan	nan
138433	-0.061	-0.203	0.258	1.31	-0.35	-0.41	0.012	-0.006	-0.050	0.001	0.000	0.001	0.0000	0.0000	0.0000	0.0000	0.0000	0.0000	0	1.00	0.2624	0.2264	-0.4830	1.421	0	nan	nan	nan	nan	nan	nan
138441	-0.047	-0.212	0.253	1.26	-0.28	-0.42	0.010	-0.005	-0.043	0.001	0.000	0.001	0.0000	0.0000	0.0000	0.0000	0.0000	0.0000	0	1.00	0.2624	0.2264	-0.4830	1.421	0	nan	nan	nan	nan	nan	nan
138449	-0.029	-0.226	0.249	0.87	-0.47	-0.27	-0.005	-0.011	-0.022	0.001	0.000	0.001	0.0000	0.0000	0.0000	0.0000	0.0000	0.0000	0	1.00	0.2624	0.2264	-0.4830	1.421	0	nan	nan	nan	nan	nan	nan
138457	-0.018	-0.229	0.242	0.24	-0.34	-0.31	-0.005	-0.012	-0.001	0.001	0.000	0.001	0.0000	0.0000	0.0000	0.0000	0.0000	0.0000	0	1.00	0.2624	0.2264	-0.4830	1.421	0	nan	nan	nan	nan	nan	nan
138466	-0.009	-0.232	0.235	0.15	-0.42	-0.56	-0.034	-0.024	0.026	0.001	0.000	0.001	0.0000	0.0000	0.0000	0.0000	0.0000	0.0000	0	1.00	0.2624	0.2264	-0.4830	1.421	0	nan	nan	nan	nan	nan	nan
138474	0.001	-0.238	0.231	0.20	-0.27	-0.33	-0.035	-0.006	0.044	0.001	0.000	0.001	0.0000	0.0000	0.0000	0.0000	0.0000	0.0000	0	1.00	0.2624	0.2264	-0.4830	1.421	0	nan	nan	nan	nan	nan	nan
138482	0.009	-0.241	0.226	0.05	-0.15	-0.30	-0.024	-0.017	0.043	0.001	0.000	0.002	0.0000	0.0000	0.0000	0.0000	0.0000	0.0000	0	1.00	0.2624	0.2264	-0.4830	1.421	0	nan	nan	nan	nan	nan	nan
138490	0.014	-0.239	0.219	0.33	0.04	0.07	-0.016	0.002	0.027	0.001	0.000	0.002	0.0000	0.0000	0.0000	0.0000	0.0000	0.0000	0	1.00	0.2624	0.2264	-0.4830	1.421	0	nan	nan	nan	nan	nan	nan
138498	0.020	-0.237	0.212	0.39	-0.17	0.12	-0.005	-0.005	0.024	0.001	0.000	0.002	0.0000	0.0000	0.0000	0.0000	0.0000	0.0000	0	1.00	0.2624	0.2264	-0.4830	1.421	0	nan	nan	nan	nan	nan	nan
138506	0.022	-0.235	0.207	0.46	0.12	-0.03	-0.003	0.019	-0.003	0.001	0.000	0.002	0.0000	0.0000	0.0000	0.0000	0.0000	0.0000	0	1.00	0.2624	0.2264	-0.4830	1.421	0	nan	nan	nan	nan	nan	nan
138514	0.020	-0.235	0.209	0.65	-0.22	0.23	0.000	0.007	-0.008	0.001	0.000	0.002	0.0000	0.0000	0.0000	0.0000	0.0000	0.0000	0	1.00	0.2624	0.2264	-0.4830	1.421	0	nan	nan	nan	nan	nan	nan
138522	0.026	-0.238	0.206	0.58	-0.38	0.25	0.015	0.032	-0.034	0.001	0.000	0.002	0.0000	0.0000	0.0000	0.0000	0.0000	0.0000	0	1.00	0.2624	0.2264	-0.4830	1.421	0	nan	nan	nan	nan	nan	nan
138530	0.026	-0.241	0.209	0.84	-0.32	0.56	0.013	0.030	-0.030	0.001	0.000	0.001	0.0000	0.0000	0.0000	0.0000	0.0000	0.0000	0	1.00	0.2624	0.2264	-0.4830	1.421	0	nan	nan	nan	nan	nan	nan
138538	0.019	-0.233	0.207	0.73	-0.04	0.07	0.014	0.014	-0.024	0.001	0.000	0.001	0.0000	0.0000	0.0000	0.0000	0.0000	0.0000	0	1.00	0.2624	0.2264	-0.4830	1.421	0	nan	nan	nan	nan	nan	nan
138546	0.020	-0.238	0.212	1.02	-0.39	-0.19	0.024	0.003	-0.010	0.001	0.000	0.001	0.0000	0.0000	0.0000	0.0000	0.0000	0.0000	0	1.00	0.2624	0.2264	-0.4830	1.421	0	nan	nan	nan	nan	nan	nan
138554	0.022	-0.244	0.216	0.87	-0.64	-0.10	0.030	0.006	-0.021	0.001	0.000	0.001	0.0000	0.0000	0.0000	0.0000	0.0000	0.0000	0	1.00	0.2624	0.2264	-0.4830	1.421	0	nan	nan	nan	nan	nan	nan
138562	0.029	-0.249	0.213	0.87	-1.14	-0.34	0.024	0.003	0.003	0.001	0.000	0.001	0.0000	0.0000	0.0000	0.0000	0.0000	0.0000	0	1.00	0.2624	0.2264	-0.4830	1.421	0	nan	nan	nan	nan	nan	nan
138570	0.032	-0.250	0.211	1.03	-0.89	-0.86	0.019	-0.016	0.002	0.001	0.000	0.001	0.0000	0.0000	0.0000	0.0000	0.0000	0.0000	0	1.00	0.2624	0.2264	-0.4830	1.421	0	nan	nan	nan	nan	nan	nan
138578	0.039	-0.256	0.210	0.77	-0.95	-1.18	0.014	-0.031	0.025	0.001	0.000	0.001	0.0000	0.0000	0.0000	0.0000	0.0000	0.0000	0	1.00	0.2624	0.2264	-0.4830	1.421	0	nan	nan	nan	nan	nan	nan
138586	0.040	-0.262	0.215	1.49	-1.00	-0.89	-0.005	-0.026	0.035	0.001	0.000	0.001	0.0000	0.0000	0.0000	0.0000	0.0000	0.0000	0	1.00	0.2624	0.2264	-0.4830	1.421	0	nan	nan	nan	nan	nan	nan
138595	0.048	-0.265	0.210	1.36	-0.92	-0.63	-0.029	-0.031	0.022	0.001	0.000	0.001	0.0000	0.0000	0.0000	0.0000	0.0000	0.0000	0	1.00	0.2624	0.2264	-0.4830	1.421	0	nan	nan	nan	nan	nan	nan
138603	0.062	-0.271	0.202	1.47	-1.11	-0.65	-0.026	-0.031	0.023	0.001	0.000	0.002	0.0000	0.0000	0.0000	0.0000	0.0000	0.0000	0	1.00	0.2624	0.2264	-0.4830	1.421	0	nan	nan	nan	nan	nan	nan
138611	0.076	-0.275	0.192	1.46	-1.25	-1.14	-0.040	0.002	0.015	0.001	0.000	0.002	0.0000	0.0000	0.0000	0.0000	0.0000	0.0000	0	1.00	0.2624	0.2264	-0.4830	1.421	0	nan	nan	nan	nan	nan	nan
138619	0.090	-0.281	0.183	1.45	-0.99	-0.97	-0.037	-0.005	0.004	0.001	0.000	0.002	0.0000	0.0000	0.0000	0.0000	0.0000	0.0000	0	1.00	0.2624	0.2264	-0.4830	1.421	0	nan	nan	nan	nan	nan	nan
138627	0.103	-0.288	0.177	1.55	-1.11	-1.26	-0.027	0.007	-0.011	0.001	0.000	0.002	0.0000	0.0000	0.0000	0.0000	0.0000	0.0000	0	1.00	0.2624	0.2264	-0.4830	1.421	0	nan	nan	nan	nan	nan	nan
138635	0.116	-0.296	0.172	1.55	-1.28	-1.09	-0.014	0.018	-0.009	0.001	0.000	0.001	0.0000	0.0000	0.0000	0.0000	0.0000	0.0000	0	1.00	0.2624	0.2264	-0.4830	1.421	0	nan	nan	nan	nan	nan	nan
138643	0.130	-0.305	0.167	1.36	-1.37	-0.92	0.011	0.034	-0.019	0.001	0.000	0.001	0.0000	0.0000	0.0000	0.0000	0.0000	0.0000	0	1.00	0.2624	0.2264	-0.4830	1.421	0	nan	nan	nan	nan	nan	nan
138651	0.146	-0.311	0.157	1.43	-1.35	-0.80	0.020	0.038	-0.025	0.001	0.000	0.001	0.0000	0.0000	0.0000	0.0000	0.0000	0.0000	0	1.00	0.2624	0.2264	-0.4830	1.421	0	nan	nan	nan	nan	nan	nan
138660	0.168	-0.323	0.146	1.72	-1.43	-0.89	0.021	0.018	-0.013	0.001	0.000	0.001	0.0000	0.0000	0.0000	0.0000	0.0000	0.0000	0	1.00	0.2624	0.2264	-0.4830	1.421	0	nan	nan	nan	nan	nan	nan
138668	0.189	-0.335	0.137	1.74	-1.25	-0.88	0.038	0.012	-0.011	0.001	0.000	0.001	0.0000	0.0000	0.0000	0.0000	0.0000	0.0000	0	1.00	0.2624	0.2264	-0.4830	1.421	0	nan	nan	nan	nan	nan	nan
138676	0.207	-0.345	0.129	1.35	-1.14	-1.03	0.026	-0.010	-0.012	0.001	0.000	0.001	0.0000	0.0000	0.0000	0.0000	0.0000	0.0000	0	1.00	0.2624	0.2264	-0.4830	1.421	0	nan	nan	nan	nan	nan	nan
138684	0.222	-0.350	0.119	1.22	-1.10	-0.73	0.009	0.002	-0.002	0.001	0.000	0.001	0.0000	0.0000	0.0000	0.0000	0.0000	0.0000	0	1.00	0.2624	0.2264	-0.4830	1.421	0	nan	nan	nan	nan	nan	nan
138692	0.239	-0.359	0.111	1.31	-0.85	-0.65	0.008	-0.016	0.002	0.001	0.000	0.001	0.0000	0.0000	0.0000	0.0000	0.0000	0.0000	0	1.00	0.2624	0.2264	-0.4830	1.421	0	nan	nan	nan	nan	nan	nan
138700	0.259	-0.370	0.102	1.34	-0.55	-0.45	-0.002	-0.002	0.005	0.001	0.000	0.001	0.0000	0.0000	0.0000	0.0000	0.0000	0.0000	0	1.00	0.2624	0.2264	-0.4830	1.421	0	nan	nan	nan	nan	nan	nan
138708	0.278	-0.380	0.091	1.28	-0.47	-0.79	-0.018	0.006	0.021	0.001	0.000	0.001	0.0000	0.0000	0.0000	0.0000	0.0000	0.0000	0	1.00	0.2624	0.2264	-0.4830	1.421	0	nan	nan	nan	nan	nan	nan
138716	0.286	-0.388	0.092	1.16	-0.47	-0.45	-0.027	0.009	0.011	0.001	0.000	0.001	0.0000	0.0000	0.0000	0.0000	0.0000	0.0000	0	1.00	0.2624	0.2264	-0.4830	1.421	0	nan	nan	nan	nan	nan	nan
138724	0.295	-0.394	0.088	0.91	-0.32	-0.04	-0.024	0.011	0.031	0.001	0.000	0.001	0.0000	0.0000	0.0000	0.0000	0.0000	0.0000	0	1.00	0.2624	0.2264	-0.4830	1.421	0	nan	nan	nan	nan	nan	nan
138732	0.309	-0.401	0.082	0.80	-0.04	-0.10	-0.021	0.000	0.011	0.001	0.000	0.001	0.0000	0.0000	0.0000	0.0000	0.0000	0.0000	0	1.00	0.2624	0.2264	-0.4830	1.421	0	nan	nan	nan	nan	nan	nan
138740	0.322	-0.411	0.077	0.67	0.19	-0.30	-0.017	-0.024	0.025	0.001	0.000	0.001	0.0000	0.0000	0.0000	0.0000	0.0000	0.0000	0	1.00	0.2624	0.2264	-0.4830	1.421	0	nan	nan	nan	nan	nan	nan
138748	0.331	-0.415	0.072	1.03	0.28	-0.12	-0.012	-0.015	0.005	0.001	0.000	0.002	0.0000	0.0000	0.0000	0.0000	0.0000	0.0000	0	1.00	0.2624	0.2264	-0.4830	1.421	0	nan	nan	nan	nan	nan	nan
138756	0.335	-0.418	0.071	0.62	0.11	0.14	0.000	-0.015	-0.017	0.001	0.000	0.001	0.0000	0.0000	0.0000	0.0000	0.0000	0.0000	0	1.00	0.2624	0.2264	-0.4830	1.421	0	nan	nan	nan	nan	nan	nan
138764	0.342	-0.424	0.071	0.42	0.23	-0.09	0.014	-0.009	-0.033	0.001	0.000	0.001	0.0000	0.0000	0.0000	0.0000	0.0000	0.0000	0	1.00	0.2624	0.2264	-0.4830	1.421	0	nan	nan	nan	nan	nan	nan
138772	0.348	-0.429	0.069	0.39	0.22	0.16	0.019	0.005	-0.044	0.001	0.000	0.001	0.0000	0.0000	0.0000	0.0000	0.0000	0.0000	0	1.00	0.2624	0.2264	-0.4830	1.421	0	nan	nan	nan	nan	nan	nan
138780	0.351	-0.428	0.065	0.37	0.25	-0.07	0.011	0.021	-0.039	0.001	0.000	0.001	0.0000	0.0000	0.0000	0.0000	0.0000	0.0000	0	1.00	0.2624	0.2264	-0.4830	1.421	0	nan	nan	nan	nan	nan	nan
138788	0.353	-0.431	0.066	0.01	0.44	-0.22	0.014	0.004	-0.039	0.001	0.000	0.001	0.0000	0.0000	0.0000	0.0000	0.0000	0.0000	0	1.00	0.2624	0.2264	-0.4830	1.421	0	nan	nan	nan	nan	nan	nan
138796	0.355	-0.429	0.062	-0.23	0.31	-0.27	0.011	0.046	-0.033	0.001	0.000	0.001	0.0000	0.0000	0.0000	0.0000	0.0000	0.0000	0	1.00	0.2624	0.2264	-0.4830	1.421	0	nan	nan	nan	nan	nan	nan
138804	0.353	-0.425	0.061	-0.52	0.37	-0.47	0.005	0.027	-0.013	0.001	0.000	0.001	0.0000	0.0000	0.0000	0.0000	0.0000	0.0000	0	1.00	0.2624	0.2264	-0.4830	1.421	0	nan	nan	nan	nan	nan	nan
138813	0.350	-0.418	0.057	-0.28	0.59	-0.50	-0.013	0.037	0.015	0.001	0.000	0.001	0.0000	0.0000	0.0000	0.0000	0.0000	0.0000	0	1.00	0.2624	0.2264	-0.4830	1.421	0	nan	nan	nan	nan	nan	nan
138821	0.347	-0.412	0.054	-0.62	0.51	-0.07	-0.006	0.015	0.023	0.001	0.000	0.001	0.0000	0.0000	0.0000	0.0000	0.0000	0.0000	0	1.00	0.2624	0.2264	-0.4830	1.421	0	nan	nan	nan	nan	nan	nan
138829	0.347	-0.407	0.049	-0.62	0.77	-0.33	-0.021	-0.006	0.029	0.001	0.000	0.001	0.0000	0.0000	0.0000	0.0000	0.0000	0.0000	0	1.00	0.2624	0.2264	-0.4830	1.421	0	nan	nan	nan	nan	nan	nan
138837	0.348	-0.403	0.045	-0.84	0.73	-0.28	-0.020	-0.006	0.030	0.001	0.000	0.001	0.0000	0.0000	0.0000	0.0000	0.0000	0.0000	0	1.00	0.2624	0.2264	-0.4830	1.421	0	nan	nan	nan	nan	nan	nan
138845	0.347	-0.400	0.042	-0.78	0.51	-0.24	-0.010	-0.006	0.046	0.001	0.000	0.001	0.0000	0.0000	0.0000	0.0000	0.0000	0.0000	0	1.00	0.2624	0.2264	-0.4830	1.421	0	nan	nan	nan	nan	nan	nan
138853	0.338	-0.390	0.042	-0.38	0.60	0.02	0.001	-0.014	0.024	0.001	0.000	0.001	0.0000	0.0000	0.0000	0.0000	0.0000	0.0000	0	1.00	0.2624	0.2264	-0.4830	1.421	0	nan	nan	nan	nan	nan	nan
138861	0.332	-0.379	0.037	-0.43	0.74	0.24	-0.005	-0.032	0.029	0.001	0.000	0.001	0.0000	0.0000	0.0000	0.0000	0.0000	0.0000	0	1.00	0.2624	0.2264	-0.4830	1.421	0	nan	nan	nan	nan	nan	nan
138869	0.323	-0.373	0.040	-0.75	0.46	0.31	0.014	-0.024	0.030	0.001	0.000	0.002	0.0000	0.0000	0.0000	0.0000	0.0000	0.0000	0	1.00	0.2624	0.2264	-0.4830	1.421	0	nan	nan	nan	nan	nan	nan
138877	0.321	-0.368	0.038	-0.45	0.68	0.10	0.012	-0.011	-0.001	0.001	0.000	0.002	0.0000	0.0000	0.0000	0.0000	0.0000	0.0000	0	1.00	0.2624	0.2264	-0.4830	1.421	0	nan	nan	nan	nan	nan	nan
138886	0.309	-0.365	0.046	-0.27	0.64	0.50	0.014	0.010	-0.015	0.001	0.000	0.002	0.0000	0.0000	0.0000	0.0000	0.0000	0.0000	0	1.00	0.2624	0.2264	-0.4830	1.421	0	nan	nan	nan	nan	nan	nan
138894	0.298	-0.360	0.052	-0.19	0.24	0.61	0.013	0.012	-0.026	0.001	0.000	0.001	0.0000	0.0000	0.0000	0.0000	0.0000	0.0000	0	1.00	0.2624	0.2264	-0.4830	1.421	0	nan	nan	nan	nan	nan	nan
138902	0.291	-0.350	0.049	-0.37	0.28	0.22	0.007	0.019	-0.048	0.001	0.000	0.001	0.0000	0.0000	0.0000	0.0000	0.0000	0.0000	0	1.00	0.2624	0.2264	-0.4830	1.421	0	nan	nan	nan	nan	nan	nan
138910	0.280	-0.344	0.055	-0.46	0.36	0.12	-0.000	0.031	-0.058	0.001	0.000	0.001	0.0000	0.0000	0.0000	0.0000	0.0000	0.0000	0	1.00	0.2624	0.2264	-0.4830	1.421	0	nan	nan	nan	nan	nan	nan
138918	0.276	-0.346	0.061	0.06	-0.01	0.18	0.000	0.033	-0.053	0.001	0.000	0.001	0.0000	0.0000	0.0000	0.0000	0.0000	0.0000	0	1.00	0.2624	0.2264	-0.4830	1.421	0	nan	nan	nan	nan	nan	nan
138926	0.273	-0.347	0.065	0.20	-0.11	0.26	-0.014	0.014	-0.038	0.001	0.000	0.001	0.0000	0.0000	0.0000	0.0000	0.0000	0.0000	0	1.00	0.2624	0.2264	-0.4830	1.421	0	nan	nan	nan	nan	nan	nan
138934	0.269	-0.345	0.067	0.40	-0.26	-0.23	-0.016	0.019	-0.012	0.001	0.000	0.001	0.0000	0.0000	0.0000	0.0000	0.0000	0.0000	0	1.00	0.2624	0.2264	-0.4830	1.421	0	nan	nan	nan	nan	nan	nan
138943	0.262	-0.343	0.072	0.03	-0.29	-0.35	-0.017	0.008	0.012	0.001	0.000	0.001	0.0000	0.0000	0.0000	0.0000	0.0000	0.0000	0	1.00	0.2624	0.2264	-0.4830	1.421	0	nan	nan	nan	nan	nan	nan
138951	0.263	-0.346	0.074	0.07	-0.43	-0.57	-0.012	0.006	0.043	0.001	0.000	0.001	0.0000	0.0000	0.0000	0.0000	0.0000	0.0000	0	1.00	0.2624	0.2264	-0.4830	1.421	0	nan	nan	nan	nan	nan	nan
138959	0.262	-0.344	0.073	0.05	-0.56	-0.63	-0.005	-0.016	0.050	0.001	0.000	0.001	0.0000	0.0000	0.0000	0.0000	0.0000	0.0000	0	1.00	0.2624	0.2264	-0.4830	1.421	0	nan	nan	nan	nan	nan	nan
138967	0.265	-0.340	0.066	0.06	-0.54	-0.77	0.006	-0.015	0.052	0.001	0.000	0.001	0.0000	0.0000	0.0000	0.0000	0.0000	0.0000	0	1.00	0.2624	0.2264	-0.4830	1.421	0	nan	nan	nan	nan	nan	nan
138975	0.263	-0.335	0.063	0.22	-0.21	-0.62	-0.002	-0.042	0.027	0.001	0.000	0.001	0.0000	0.0000	0.0000	0.0000	0.0000	0.0000	0	1.00	0.2624	0.2264	-0.4830	1.421	0	nan	nan	nan	nan	nan	nan
138983	0.266	-0.335	0.061	0.52	-0.49	-0.64	0.018	-0.026	0.004	0.001	0.000	0.001	0.0000	0.0000	0.0000	0.0000	0.0000	0.0000	0	1.00	0.2624	0.2264	-0.4830	1.421	0	nan	nan	nan	nan	nan	nan
138991	0.272	-0.336	0.056	0.51	-0.45	-0.25	0.013	-0.021	-0.015	0.001	0.000	0.001	0.0000	0.0000	0.0000	0.0000	0.0000	0.0000	0	1.00	0.2624	0.2264	-0.4830	1.421	0	nan	nan	nan	nan	nan	nan
138999	0.274	-0.339	0.055	0.72	-0.31	-0.28	0.013	-0.036	-0.014	0.001	0.000	0.001	0.0000	0.0000	0.0000	0.0000	0.0000	0.0000	0	1.00	0.2624	0.2264	-0.4830	1.421	0	nan	nan	nan	nan	nan	nan
139007	0.282	-0.345	0.054	0.88	-0.77	-0.40	0.016	-0.007	-0.044	0.001	0.000	0.001	0.0000	0.0000	0.0000	0.0000	0.0000	0.0000	0	1.00	0.2624	0.2264	-0.4830	1.421	0	nan	nan	nan	nan	nan	nan
139015	0.290	-0.352	0.053	1.10	-0.66	-0.21	0.014	0.008	-0.041	0.001	0.000	0.001	0.0000	0.0000	0.0000	0.0000	0.0000	0.0000	0	1.00	0.2624	0.2264	-0.4830	1.421	0	nan	nan	nan	nan	nan	nan
139024	0.300	-0.361	0.052	0.98	-0.58	0.05	0.017	0.022	-0.041	0.001	0.000	0.001	0.0000	0.0000	0.0000	0.0000	0.0000	0.0000	0	1.00	0.2624	0.2264	-0.4830	1.421	0	nan	nan	nan	nan	nan	nan
139032	0.304	-0.366	0.052	0.42	-0.66	-0.38	0.016	0.026	-0.045	0.001	0.000	0.001	0.0000	0.0000	0.0000	0.0000	0.0000	0.0000	0	1.00	0.2624	0.2264	-0.4830	1.421	0	nan	nan	nan	nan	nan	nan
139040	0.310	-0.371	0.052	0.47	-0.81	-0.27	-0.001	0.026	-0.028	0.001	0.000	0.001	0.0000	0.0000	0.0000	0.0000	0.0000	0.0000	0	1.00	0.2624	0.2264	-0.4830	1.421	0	nan	nan	nan	nan	nan	nan
139048	0.313	-0.378	0.055	0.19	-0.55	-0.35	0.004	0.016	-0.001	0.001	0.000	0.001	0.0000	0.0000	0.0000	0.0000	0.0000	0.0000	0	1.00	0.2624	0.2264	-0.4830	1.421	0	nan	nan	nan	nan	nan	nan
139057	0.319	-0.385	0.056	0.02	-0.36	-0.59	-0.010	0.008	0.018	0.001	0.000	0.001	0.0000	0.0000	0.0000	0.0000	0.0000	0.0000	0	1.00	0.2624	0.2264	-0.4830	1.421	0	nan	nan	nan	nan	nan	nan
139065	0.324	-0.384	0.049	0.12	-0.04	-0.27	-0.010	0.006	0.047	0.001	0.000	0.001	0.0000	0.0000	0.0000	0.0000	0.0000	0.0000	0	1.00	0.2624	0.2264	-0.4830	1.421	0	nan	nan	nan	nan	nan	nan
139073	0.326	-0.382	0.046	0.16	-0.17	-0.49	-0.008	-0.018	0.057	0.001	0.000	0.001	0.0000	0.0000	0.0000	0.0000	0.0000	0.0000	0	1.00	0.2624	0.2264	-0.4830	1.421	0	nan	nan	nan	nan	nan	nan
139081	0.331	-0.379	0.038	0.46	0.13	-0.36	0.002	-0.006	0.048	0.001	0.000	0.001	0.0000	0.0000	0.0000	0.0000	0.0000	0.0000	0	1.00	0.2624	0.2264	-0.4830	1.421	0	nan	nan	nan	nan	nan	nan
139089	0.336	-0.376	0.031	0.17	0.18	-0.23	-0.011	-0.031	0.057	0.001	0.000	0.001	0.0000	0.0000	0.0000	0.0000	0.0000	0.0000	0	1.00	0.2624	0.2264	-0.4830	1.421	0	nan	nan	nan	nan	nan	nan
139097	0.343	-0.379	0.026	0.09	0.13	-0.19	-0.007	-0.006	0.041	0.001	0.000	0.001	0.0000	0.0000	0.0000	0.0000	0.0000	0.0000	0	1.00	0.2624	0.2264	-0.4830	1.421	0	nan	nan	nan	nan	nan	nan
139105	0.344	-0.383	0.029	0.19	0.12	-0.29	0.004	-0.010	0.037	0.001	0.000	0.001	0.0000	0.0000	0.0000	0.0000	0.0000	0.0000	0	1.00	0.2624	0.2264	-0.4830	1.421	0	nan	nan	nan	nan	nan	nan
139114	0.350	-0.387	0.026	-0.09	-0.27	-0.15	0.015	0.019	0.017	0.001	0.000	0.002	0.0000	0.0000	0.0000	0.0000	0.0000	0.0000	0	1.00	0.2624	0.2264	-0.4830	1.421	0	nan	nan	nan	nan	nan	nan
139122	0.359	-0.392	0.022	-0.09	-0.46	-0.27	0.016	0.022	-0.001	0.001	0.000	0.002	0.0000	0.0000	0.0000	0.0000	0.0000	0.0000	0	1.00	0.2624	0.2264	-0.4830	1.421	0	nan	nan	nan	nan	nan	nan
139130	0.363	-0.393	0.020	-0.65	-0.17	-0.32	0.012	0.033	-0.023	0.001	0.000	0.001	0.0000	0.0000	0.0000	0.0000	0.0000	0.0000	0	1.00	0.2624	0.2264	-0.4830	1.421	0	nan	nan	nan	nan	nan	nan
139138	0.369	-0.395	0.016	-0.70	-0.39	-0.37	0.012	0.030	-0.045	0.001	0.000	0.001	0.0000	0.0000	0.0000	0.0000	0.0000	0.0000	0	1.00	0.2624	0.2264	-0.4830	1.421	0	nan	nan	nan	nan	nan	nan
139146	0.373	-0.400	0.016	-0.69	-0.24	-0.21	-0.003	0.039	-0.044	0.001	0.000	0.001	0.0000	0.0000	0.0000	0.0000	0.0000	0.0000	0	1.00	0.2624	0.2264	-0.4830	1.421	0	nan	nan	nan	nan	nan	nan
139154	0.369	-0.398	0.019	-0.70	-0.06	0.05	-0.013	0.031	-0.054	0.001	0.000	0.001	0.0000	0.0000	0.0000	0.0000	0.0000	0.0000	0	1.00	0.2624	0.2264	-0.4830	1.421	0	nan	nan	nan	nan	nan	nan
139162	0.367	-0.395	0.017	-0.85	0.47	0.41	-0.014	-0.005	-0.035	0.001	0.000	0.001	0.0000	0.0000	0.0000	0.0000	0.0000	0.0000	0	1.00	0.2624	0.2264	-0.4830	1.421	0	nan	nan	nan	nan	nan	nan
139170	0.365	-0.392	0.016	-0.97	0.49	0.60	-0.012	-0.009	-0.035	0.001	0.000	0.001	0.0000	0.0000	0.0000	0.0000	0.0000	0.0000	0	1.00	0.2624	0.2264	-0.4830	1.421	0	nan	nan	nan	nan	nan	nan
139178	0.362	-0.391	0.019	-0.90	0.54	0.39	-0.011	-0.035	-0.005	0.001	0.000	0.001	0.0000	0.0000	0.0000	0.0000	0.0000	0.0000	0	1.00	0.2624	0.2264	-0.4830	1.421	0	nan	nan	nan	nan	nan	nan
139187	0.355	-0.391	0.025	-0.83	0.52	0.55	-0.014	-0.034	0.014	0.001	0.000	0.001	0.0000	0.0000	0.0000	0.0000	0.0000	0.0000	0	1.00	0.2624	0.2264	-0.4830	1.421	0	nan	nan	nan	nan	nan	nan
139195	0.346	-0.386	0.031	-0.79	0.80	0.65	-0.012	-0.024	0.012	0.001	0.000	0.001	0.0000	0.0000	0.0000	0.0000	0.0000	0.0000	0	1.00	0.2624	0.2264	-0.4830	1.421	0	nan	nan	nan	nan	nan	nan
139203	0.327	-0.379	0.043	-1.10	0.66	0.77	0.002	-0.045	0.027	0.001	0.000	0.001	0.0000	0.0000	0.0000	0.0000	0.0000	0.0000	0	1.00	0.2624	0.2264	-0.4830	1.421	0	nan	nan	nan	nan	nan	nan
139211	0.318	-0.372	0.045	-0.97	0.99	0.84	0.002	-0.010	0.036	0.001	0.000	0.001	0.0000	0.0000	0.0000	0.0000	0.0000	0.0000	0	1.00	0.2624	0.2264	-0.4830	1.421	0	nan	nan	nan	nan	nan	nan
139219	0.313	-0.372	0.049	-0.75	0.40	0.69	0.019	0.013	0.043	0.001	0.000	0.001	0.0000	0.0000	0.0000	0.0000	0.0000	0.0000	0	1.00	0.2624	0.2264	-0.4830	1.421	0	nan	nan	nan	nan	nan	nan
139228	0.300	-0.367	0.057	-1.19	0.34	0.45	0.012	0.022	0.041	0.001	0.000	0.001	0.0000	0.0000	0.0000	0.0000	0.0000	0.0000	0	1.00	0.2624	0.2264	-0.4830	1.421	0	nan	nan	nan	nan	nan	nan
139236	0.285	-0.359	0.064	-1.27	0.57	0.51	0.021	0.048	0.037	0.001	0.000	0.001	0.0000	0.0000	0.0000	0.0000	0.0000	0.0000	0	1.00	0.2624	0.2264	-0.4830	1.421	0	nan	nan	nan	nan	nan	nan
139244	0.273	-0.355	0.073	-1.02	0.58	0.26	0.010	0.048	0.025	0.001	0.000	0.001	0.0000	0.0000	0.0000	0.0000	0.0000	0.0000	0	1.00	0.2624	0.2264	-0.4830	1.421	0	nan	nan	nan	nan	nan	nan
139252	0.261	-0.347	0.077	-0.98	0.60	0.19	0.004	0.046	-0.006	0.001	0.000	0.001	0.0000	0.0000	0.0000	0.0000	0.0000	0.0000	0	1.00	0.2624	0.2264	-0.4830	1.421	0	nan	nan	nan	nan	nan	nan
139260	0.254	-0.345	0.081	-0.62	0.40	0.34	-0.006	0.026	-0.018	0.001	0.000	0.001	0.0000	0.0000	0.0000	0.0000	0.0000	0.0000	0	1.00	0.2624	0.2264	-0.4830	1.421	0	nan	nan	nan	nan	nan	nan
139268	0.250	-0.342	0.084	-0.79	0.51	0.19	-0.004	0.026	-0.031	0.001	0.000	0.001	0.0000	0.0000	0.0000	0.0000	0.0000	0.0000	0	1.00	0.2624	0.2264	-0.4830	1.421	0	nan	nan	nan	nan	nan	nan
139276	0.238	-0.338	0.091	-0.91	0.49	0.43	-0.013	0.013	-0.046	0.001	0.000	0.001	0.0000	0.0000	0.0000	0.0000	0.0000	0.0000	0	1.00	0.2624	0.2264	-0.4830	1.421	0	nan	nan	nan	nan	nan	nan
139284	0.233	-0.335	0.093	-1.01	0.39	0.33	-0.016	-0.001	-0.061	0.001	0.000	0.001	0.0000	0.0000	0.0000	0.0000	0.0000	0.0000	0	1.00	0.2624	0.2264	-0.4830	1.421	0	nan	nan	nan	nan	nan	nan
139292	0.231	-0.333	0.093	-1.08	0.45	0.13	-0.021	-0.014	-0.060	0.001	0.000	0.001	0.0000	0.0000	0.0000	0.0000	0.0000	0.0000	0	1.00	0.2624	0.2264	-0.4830	1.421	0	nan	nan	nan	nan	nan	nan
139300	0.227	-0.331	0.095	-1.09	0.20	0.06	-0.002	-0.022	-0.044	0.001	0.000	0.001	0.0000	0.0000	0.0000	0.0000	0.0000	0.0000	0	1.00	0.2624	0.2264	-0.4830	1.421	0	nan	nan	nan	nan	nan	nan
139308	0.222	-0.331	0.101	-1.05	0.31	0.34	0.012	-0.028	-0.014	0.001	0.000	0.001	0.0000	0.0000	0.0000	0.0000	0.0000	0.0000	0	1.00	0.2624	0.2264	-0.4830	1.421	0	nan	nan	nan	nan	nan	nan
139317	0.209	-0.326	0.108	-1.15	0.32	0.43	0.015	-0.046	-0.009	0.001	0.000	0.001	0.0000	0.0000	0.0000	0.0000	0.0000	0.0000	0	1.00	0.2624	0.2264	-0.4830	1.421	0	nan	nan	nan	nan	nan	nan
139325	0.203	-0.316	0.105	-1.07	0.80	0.40	0.012	-0.053	-0.002	0.001	0.000	0.001	0.0000	0.0000	0.0000	0.0000	0.0000	0.0000	0	1.00	0.2624	0.2264	-0.4830	1.421	0	nan	nan	nan	nan	nan	nan
139333	0.199	-0.312	0.104	-1.18	0.78	0.63	-0.004	-0.031	0.018	0.001	0.000	0.001	0.0000	0.0000	0.0000	0.0000	0.0000	0.0000	0	1.00	0.2624	0.2264	-0.4830	1.421	0	nan	nan	nan	nan	nan	nan
139341	0.193	-0.310	0.109	-1.03	1.03	0.54	-0.007	-0.012	0.037	0.001	0.000	0.001	0.0000	0.0000	0.0000	0.0000	0.0000	0.0000	0	1.00	0.2624	0.2264	-0.4830	1.421	0	nan	nan	nan	nan	nan	nan
139349	0.184	-0.300	0.109	-0.96	1.06	0.66	-0.026	0.013	0.031	0.001	0.000	0.001	0.0000	0.0000	0.0000	0.0000	0.0000	0.0000	0	1.00	0.2624	0.2264	-0.4830	1.421	0	nan	nan	nan	nan	nan	nan
139357	0.171	-0.294	0.115	-1.01	1.17	0.60	-0.018	0.059	0.036	0.001	0.000	0.001	0.0000	0.0000	0.0000	0.0000	0.0000	0.0000	0	1.00	0.2624	0.2264	-0.4830	1.421	0	nan	nan	nan	nan	nan	nan
139365	0.166	-0.289	0.115	-1.14	1.27	0.52	-0.015	0.052	0.037	0.001	0.000	0.001	0.0000	0.0000	0.0000	0.0000	0.0000	0.0000	0	1.00	0.2624	0.2264	-0.4830	1.421	0	nan	nan	nan	nan	nan	nan
139373	0.158	-0.284	0.119	-1.18	1.04	0.38	-0.017	0.062	0.038	0.001	0.000	0.001	0.0000	0.0000	0.0000	0.0000	0.0000	0.0000	0	1.00	0.2624	0.2264	-0.4830	1.421	0	nan	nan	nan	nan	nan	nan
139381	0.148	-0.279	0.124	-1.28	1.17	0.34	-0.006	0.045	0.022	0.001	0.000	0.001	0.0000	0.0000	0.0000	0.0000	0.0000	0.0000	0	1.00	0.2624	0.2264	-0.4830	1.421	0	nan	nan	nan	nan	nan	nan
139389	0.139	-0.272	0.125	-1.11	1.11	0.45	0.016	0.054	0.018	0.001	0.000	0.001	0.0000	0.0000	0.0000	0.0000	0.0000	0.0000	0	1.00	0.2624	0.2264	-0.4830	1.421	0	nan	nan	nan	nan	nan	nan
139398	0.128	-0.267	0.132	-1.20	0.94	0.28	0.017	0.022	0.004	0.001	0.000	0.001	0.0000	0.0000	0.0000	0.0000	0.0000	0.0000	0	1.00	0.2624	0.2264	-0.4830	1.421	0	nan	nan	nan	nan	nan	nan
139406	0.120	-0.261	0.133	-1.70	0.60	0.37	0.015	-0.005	-0.001	0.001	0.000	0.001	0.0000	0.0000	0.0000	0.0000	0.0000	0.0000	0	1.00	0.2624	0.2264	-0.4830	1.421	0	nan	nan	nan	nan	nan	nan
139414	0.107	-0.253	0.140	-1.98	1.02	0.45	0.024	-0.035	-0.019	0.001	0.000	0.001	0.0000	0.0000	0.0000	0.0000	0.0000	0.0000	0	1.00	0.2624	0.2264	-0.4830	1.421	0	nan	nan	nan	nan	nan	nan
139422	0.095	-0.247	0.145	-1.44	0.83	0.52	0.012	-0.040	-0.048	0.001	0.000	0.001	0.0000	0.0000	0.0000	0.0000	0.0000	0.0000	0	1.00	0.2624	0.2264	-0.4830	1.421	0	nan	nan	nan	nan	nan	nan
139430	0.087	-0.236	0.143	-1.63	0.85	0.27	0.012	-0.052	-0.044	0.001	0.000	0.001	0.0000	0.0000	0.0000	0.0000	0.0000	0.0000	0	1.00	0.2624	0.2264	-0.4830	1.421	0	nan	nan	nan	nan	nan	nan
139438	0.075	-0.224	0.143	-2.06	0.97	0.48	-0.011	-0.054	-0.041	0.001	0.000	0.001	0.0000	0.0000	0.0000	0.0000	0.0000	0.0000	0	1.00	0.2624	0.2264	-0.4830	1.421	0	nan	nan	nan	nan	nan	nan
139446	0.063	-0.214	0.146	-2.30	0.84	0.43	-0.005	-0.034	-0.019	0.001	0.000	0.001	0.0000	0.0000	0.0000	0.0000	0.0000	0.0000	0	1.00	0.2624	0.2264	-0.4830	1.421	0	nan	nan	nan	nan	nan	nan
139454	0.045	-0.201	0.151	-2.28	0.89	0.57	-0.011	-0.032	-0.012	0.001	0.000	0.001	0.0000	0.0000	0.0000	0.0000	0.0000	0.0000	0	1.00	0.2624	0.2264	-0.4830	1.421	0	nan	nan	nan	nan	nan	nan
139462	0.029	-0.191	0.157	-1.95	1.03	0.63	-0.021	-0.017	0.022	0.001	0.000	0.001	0.0000	0.0000	0.0000	0.0000	0.0000	0.0000	0	1.00	0.2624	0.2264	-0.4830	1.421	0	nan	nan	nan	nan	nan	nan
139470	0.012	-0.181	0.164	-1.87	0.74	0.94	-0.031	0.003	0.013	0.001	0.000	0.001	0.0000	0.0000	0.0000	0.0000	0.0000	0.0000	0	1.00	0.2624	0.2264	-0.4830	1.421	0	nan	nan	nan	nan	nan	nan
139478	-0.009	-0.165	0.169	-2.35	0.73	0.58	-0.022	0.009	0.031	0.001	0.000	0.001	0.0000	0.0000	0.0000	0.0000	0.0000	0.0000	0	1.00	0.2624	0.2264	-0.4830	1.421	0	nan	nan	nan	nan	nan	nan
139486	-0.024	-0.148	0.169	-1.80	0.94	0.88	-0.027	0.034	0.025	0.001	0.000	0.001	0.0000	0.0000	0.0000	0.0000	0.0000	0.0000	0	1.00	0.2624	0.2264	-0.4830	1.421	0	nan	nan	nan	nan	nan	nan
139494	-0.041	-0.139	0.177	-1.56	1.03	0.97	-0.007	0.031	0.027	0.001	0.000	0.001	0.0000	0.0000	0.0000	0.0000	0.0000	0.0000	0	1.00	0.2624	0.2264	-0.4830	1.421	0	nan	nan	nan	nan	nan	nan
139503	-0.055	-0.134	0.185	-1.59	1.00	0.93	-0.010	0.047	0.023	0.001	0.000	0.001	0.0000	0.0000	0.0000	0.0000	0.0000	0.0000	0	1.00	0.2624	0.2264	-0.4830	1.421	0	nan	nan	nan	nan	nan	nan
139511	-0.074	-0.125	0.196	-1.40	0.61	0.81	0.003	0.038	0.021	0.001	0.000	0.001	0.0000	0.0000	0.0000	0.0000	0.0000	0.0000	0	1.00	0.2624	0.2264	-0.4830	1.421	0	nan	nan	nan	nan	nan	nan
139519	-0.090	-0.120	0.207	-1.31	0.45	0.56	0.031	0.025	0.016	0.001	0.000	0.001	0.0000	0.0000	0.0000	0.0000	0.0000	0.0000	0	1.00	0.2624	0.2264	-0.4830	1.421	0	nan	nan	nan	nan	nan	nan
139527	-0.110	-0.109	0.216	-1.35	0.29	0.66	0.038	0.022	0.005	0.001	0.000	0.001	0.0000	0.0000	0.0000	0.0000	0.0000	0.0000	0	1.00	0.2624	0.2264	-0.4830	1.421	0	nan	nan	nan	nan	nan	nan
139535	-0.127	-0.102	0.227	-1.55	0.15	0.69	0.025	-0.023	0.000	0.001	0.000	0.001	0.0000	0.0000	0.0000	0.0000	0.0000	0.0000	0	1.00	0.2624	0.2264	-0.4830	1.421	0	nan	nan	nan	nan	nan	nan
139543	-0.138	-0.098	0.234	-1.61	-0.16	0.73	0.026	-0.021	-0.006	0.001	0.000	0.001	0.0000	0.0000	0.0000	0.0000	0.0000	0.0000	0	1.00	0.2624	0.2264	-0.4830	1.421	0	nan	nan	nan	nan	nan	nan
139551	-0.158	-0.094	0.249	-1.28	-0.12	0.16	0.026	-0.046	-0.035	0.001	0.000	0.001	0.0000	0.0000	0.0000	0.0000	0.0000	0.0000	0	1.00	0.2624	0.2264	-0.4830	1.421	0	nan	nan	nan	nan	nan	nan
139559	-0.174	-0.087	0.259	-1.55	-0.11	0.52	0.020	-0.052	-0.028	0.001	0.000	0.001	0.0000	0.0000	0.0000	0.0000	0.0000	0.0000	0	1.00	0.2624	0.2264	-0.4830	1.421	0	nan	nan	nan	nan	nan	nan
139567	-0.191	-0.081	0.269	-1.55	-0.33	0.73	-0.005	-0.034	-0.031	0.001	0.000	0.001	0.0000	0.0000	0.0000	0.0000	0.0000	0.0000	0	1.00	0.2624	0.2264	-0.4830	1.421	0	nan	nan	nan	nan	nan	nan
139575	-0.199	-0.073	0.271	-1.28	-0.22	0.57	-0.007	-0.039	-0.035	0.001	0.000	0.001	0.0000	0.0000	0.0000	0.0000	0.0000	0.0000	0	1.00	0.2624	0.2264	-0.4830	1.421	0	nan	nan	nan	nan	nan	nan
139583	-0.206	-0.075	0.279	-0.55	-0.30	0.76	-0.021	-0.013	-0.025	0.001	0.000	0.001	0.0000	0.0000	0.0000	0.0000	0.0000	0.0000	0	1.00	0.2624	0.2264	-0.4830	1.421	0	nan	nan	nan	nan	nan	nan
139591	-0.209	-0.075	0.282	-0.33	-0.13	0.58	-0.050	-0.011	-0.009	0.001	0.000	0.001	0.0000	0.0000	0.0000	0.0000	0.0000	0.0000	0	1.00	0.2624	0.2264	-0.4830	1.421	0	nan	nan	nan	nan	nan	nan
139599	-0.216	-0.077	0.290	-0.23	-0.09	0.45	-0.054	-0.010	-0.008	0.001	0.000	0.001	0.0000	0.0000	0.0000	0.0000	0.0000	0.0000	0	1.00	0.2624	0.2264	-0.4830	1.421	0	nan	nan	nan	nan	nan	nan
139607	-0.219	-0.085	0.303	-0.19	-0.33	1.07	-0.048	0.024	-0.003	0.001	0.000	0.001	0.0000	0.0000	0.0000	0.0000	0.0000	0.0000	0	1.00	0.2624	0.2264	-0.4830	1.421	0	nan	nan	nan	nan	nan	nan
139615	-0.222	-0.090	0.310	-0.44	-0.41	1.08	-0.031	0.019	0.021	0.001	0.000	0.001	0.0000	0.0000	0.0000	0.0000	0.0000	0.0000	0	1.00	0.2624	0.2264	-0.4830	1.421	0	nan	nan	nan	nan	nan	nan
139623	-0.224	-0.095	0.317	-0.75	-0.27	0.62	-0.008	0.025	0.032	0.001	0.000	0.001	0.0000	0.0000	0.0000	0.0000	0.0000	0.0000	0	1.00	0.2624	0.2264	-0.4830	1.421	0	nan	nan	nan	nan	nan	nan
139632	-0.227	-0.102	0.326	-0.57	-0.61	0.88	0.018	0.033	0.035	0.001	0.000	0.001	0.0000	0.0000	0.0000	0.0000	0.0000	0.0000	0	1.00	0.2624	0.2264	-0.4830	1.421	0	nan	nan	nan	nan	nan	nan
139640	-0.229	-0.107	0.334	-0.89	-0.81	1.19	0.043	0.018	0.039	0.001	0.000	0.001	0.0000	0.0000	0.0000	0.0000	0.0000	0.0000	0	1.00	0.2624	0.2264	-0.4830	1.421	0	nan	nan	nan	nan	nan	nan
139648	-0.240	-0.109	0.345	-1.14	-0.56	1.19	0.052	0.014	0.026	0.001	0.000	0.001	0.0000	0.0000	0.0000	0.0000	0.0000	0.0000	0	1.00	0.2624	0.2264	-0.4830	1.421	0	nan	nan	nan	nan	nan	nan
139656	-0.247	-0.114	0.358	-1.00	-0.63	1.55	0.052	-0.003	0.011	0.001	0.000	0.001	0.0000	0.0000	0.0000	0.0000	0.0000	0.0000	0	1.00	0.2624	0.2264	-0.4830	1.421	0	nan	nan	nan	nan	nan	nan
139664	-0.246	-0.120	0.363	-1.14	-0.43	1.49	0.038	-0.008	0.002	0.001	0.000	0.001	0.0000	0.0000	0.0000	0.0000	0.0000	0.0000	0	1.00	0.2624	0.2264	-0.4830	1.421	0	nan	nan	nan	nan	nan	nan
139672	-0.249	-0.127	0.373	-1.06	-0.66	1.43	0.010	-0.011	-0.006	0.001	0.000	0.001	0.0000	0.0000	0.0000	0.0000	0.0000	0.0000	0	1.00	0.2624	0.2264	-0.4830	1.421	0	nan	nan	nan	nan	nan	nan
139680	-0.256	-0.138	0.390	-0.83	-0.77	1.41	0.005	-0.019	-0.012	0.001	0.000	0.001	0.0000	0.0000	0.0000	0.0000	0.0000	0.0000	0	1.00	0.2624	0.2264	-0.4830	1.421	0	nan	nan	nan	nan	nan	nan
139689	-0.265	-0.141	0.402	-1.16	-0.53	1.40	-0.004	-0.020	-0.025	0.001	0.000	0.001	0.0000	0.0000	0.0000	0.0000	0.0000	0.0000	0	1.00	0.2624	0.2264	-0.4830	1.421	0	nan	nan	nan	nan	nan	nan
139697	-0.279	-0.143	0.418	-1.08	-0.47	1.36	-0.028	-0.005	-0.012	0.001	0.000	0.001	0.0000	0.0000	0.0000	0.0000	0.0000	0.0000	0	1.00	0.2624	0.2264	-0.4830	1.421	0	nan	nan	nan	nan	nan	nan
139705	-0.292	-0.147	0.434	-0.96	-0.43	1.41	-0.031	0.000	-0.014	0.001	0.000	0.001	0.0000	0.0000	0.0000	0.0000	0.0000	0.0000	0	1.00	0.2624	0.2264	-0.4830	1.421	0	nan	nan	nan	nan	nan	nan
139713	-0.302	-0.150	0.447	-0.49	-0.30	1.02	-0.035	0.017	-0.013	0.001	0.000	0.001	0.0000	0.0000	0.0000	0.0000	0.0000	0.0000	0	1.00	0.2624	0.2264	-0.4830	1.421	0	nan	nan	nan	nan	nan	nan
139721	-0.312	-0.151	0.459	-0.42	-0.31	1.18	-0.034	0.026	-0.001	0.001	0.000	0.001	0.0000	0.0000	0.0000	0.0000	0.0000	0.0000	0	1.00	0.2624	0.2264	-0.4830	1.421	0	nan	nan	nan	nan	nan	nan
139729	-0.318	-0.151	0.465	-0.62	0.05	1.02	-0.025	0.021	0.008	0.001	0.000	0.001	0.0000	0.0000	0.0000	0.0000	0.0000	0.0000	0	1.00	0.2624	0.2264	-0.4830	1.421	0	nan	nan	nan	nan	nan	nan
139737	-0.330	-0.154	0.480	-0.34	-0.11	0.69	0.003	0.013	0.021	0.001	0.000	0.001	0.0000	0.0000	0.0000	0.0000	0.0000	0.0000	0	1.00	0.2624	0.2264	-0.4830	1.421	0	nan	nan	nan	nan	nan	nan
139745	-0.337	-0.157	0.490	-0.29	-0.48	0.58	-0.006	0.010	0.036	0.001	0.000	0.001	0.0000	0.0000	0.0000	0.0000	0.0000	0.0000	0	1.00	0.2624	0.2264	-0.4830	1.421	0	nan	nan	nan	nan	nan	nan
139753	-0.342	-0.161	0.499	-0.18	-0.33	0.64	0.018	0.014	0.022	0.001	0.000	0.001	0.0000	0.0000	0.0000	0.0000	0.0000	0.0000	0	1.00	0.2624	0.2264	-0.4830	1.421	0	nan	nan	nan	nan	nan	nan
139761	-0.344	-0.166	0.506	0.03	-0.15	0.14	0.021	-0.002	-0.002	0.001	0.000	0.001	0.0000	0.0000	0.0000	0.0000	0.0000	0.0000	0	1.00	0.2624	0.2264	-0.4830	1.421	0	nan	nan	nan	nan	nan	nan
139769	-0.341	-0.172	0.509	0.20	-0.28	0.00	0.017	-0.005	-0.001	0.001	0.000	0.001	0.0000	0.0000	0.0000	0.0000	0.0000	0.0000	0	1.00	0.2624	0.2264	-0.4830	1.421	0	nan	nan	nan	nan	nan	nan
139778	-0.344	-0.177	0.516	-0.46	-0.19	-0.07	0.027	-0.008	-0.014	0.001	0.000	0.001	0.0000	0.0000	0.0000	0.0000	0.0000	0.0000	0	1.00	0.2624	0.2264	-0.4830	1.421	0	nan	nan	nan	nan	nan	nan
139786	-0.349	-0.179	0.524	-0.28	-0.38	-0.26	0.006	-0.004	-0.022	0.001	0.000	0.001	0.0000	0.0000	0.0000	0.0000	0.0000	0.0000	0	1.00	0.2624	0.2264	-0.4830	1.421	0	nan	nan	nan	nan	nan	nan
139794	-0.353	-0.178	0.526	-0.02	-0.24	-0.03	-0.003	-0.033	-0.031	0.001	0.000	0.001	0.0000	0.0000	0.0000	0.0000	0.0000	0.0000	0	1.00	0.2624	0.2264	-0.4830	1.421	0	nan	nan	nan	nan	nan	nan
139802	-0.351	-0.175	0.522	0.18	0.12	-0.28	-0.011	-0.013	-0.029	0.001	0.000	0.001	0.0000	0.0000	0.0000	0.0000	0.0000	0.0000	0	1.00	0.2624	0.2264	-0.4830	1.421	0	nan	nan	nan	nan	nan	nan
139810	-0.355	-0.167	0.518	-0.02	0.15	-0.42	-0.016	-0.024	-0.014	0.001	0.000	0.001	0.0000	0.0000	0.0000	0.0000	0.0000	0.0000	0	1.00	0.2624	0.2264	-0.4830	1.421	0	nan	nan	nan	nan	nan	nan
139818	-0.359	-0.162	0.518	-0.20	0.13	-0.44	-0.008	-0.020	-0.018	0.001	0.000	0.001	0.0000	0.0000	0.0000	0.0000	0.0000	0.0000	0	1.00	0.2624	0.2264	-0.4830	1.421	0	nan	nan	nan	nan	nan	nan
139826	-0.360	-0.160	0.516	-0.07	0.42	-0.33	-0.010	0.005	-0.023	0.001	0.000	0.001	0.0000	0.0000	0.0000	0.0000	0.0000	0.0000	0	1.00	0.2624	0.2264	-0.4830	1.421	0	nan	nan	nan	nan	nan	nan
139834	-0.358	-0.159	0.513	0.45	0.48	-0.70	-0.000	0.005	-0.006	0.001	0.000	0.001	0.0000	0.0000	0.0000	0.0000	0.0000	0.0000	0	1.00	0.2624	0.2264	-0.4830	1.421	0	nan	nan	nan	nan	nan	nan
139842	-0.354	-0.157	0.507	0.10	0.41	-0.59	0.008	0.027	0.000	0.001	0.000	0.001	0.0000	0.0000	0.0000	0.0000	0.0000	0.0000	0	1.00	0.2624	0.2264	-0.4830	1.421	0	nan	nan	nan	nan	nan	nan
139850	-0.351	-0.156	0.503	0.07	0.49	-0.43	-0.001	0.028	0.023	0.001	0.000	0.001	0.0000	0.0000	0.0000	0.0000	0.0000	0.0000	0	1.00	0.2624	0.2264	-0.4830	1.421	0	nan	nan	nan	nan	nan	nan
139859	-0.349	-0.153	0.498	0.42	0.45	-0.73	0.007	0.031	0.034	0.001	0.000	0.001	0.0000	0.0000	0.0000	0.0000	0.0000	0.0000	0	1.00	0.2624	0.2264	-0.4830	1.421	0	nan	nan	nan	nan	nan	nan
139867	-0.348	-0.149	0.493	0.66	0.58	-0.68	0.011	0.024	0.023	0.001	0.000	0.001	0.0000	0.0000	0.0000	0.0000	0.0000	0.0000	0	1.00	0.2624	0.2264	-0.4830	1.421	0	nan	nan	nan	nan	nan	nan
139875	-0.346	-0.143	0.485	1.00	0.78	-0.49	0.006	0.009	0.025	0.001	0.000	0.001	0.0000	0.0000	0.0000	0.0000	0.0000	0.0000	0	1.00	0.2624	0.2264	-0.4830	1.421	0	nan	nan	nan	nan	nan	nan
139883	-0.340	-0.137	0.474	0.79	1.02	-0.41	-0.013	-0.004	0.025	0.001	0.000	0.001	0.0000	0.0000	0.0000	0.0000	0.0000	0.0000	0	1.00	0.2624	0.2264	-0.4830	1.421	0	nan	nan	nan	nan	nan	nan
139892	-0.324	-0.139	0.459	0.80	0.98	-0.80	0.000	-0.004	0.016	0.001	0.000	0.001	0.0000	0.0000	0.0000	0.0000	0.0000	0.0000	0	1.00	0.2624	0.2264	-0.4830	1.421	0	nan	nan	nan	nan	nan	nan
139900	-0.315	-0.143	0.454	0.63	0.66	-0.52	-0.005	-0.021	-0.001	0.001	0.000	0.001	0.0000	0.0000	0.0000	0.0000	0.0000	0.0000	0	1.00	0.2624	0.2264	-0.4830	1.421	0	nan	nan	nan	nan	nan	nan
139908	-0.305	-0.140	0.441	0.79	0.52	-0.66	-0.007	-0.001	-0.005	0.001	0.000	0.001	0.0000	0.0000	0.0000	0.0000	0.0000	0.0000	0	1.00	0.2624	0.2264	-0.4830	1.421	0	nan	nan	nan	nan	nan	nan
139916	-0.298	-0.139	0.434	0.57	0.52	-0.22	-0.010	-0.012	-0.015	0.001	0.000	0.001	0.0000	0.0000	0.0000	0.0000	0.0000	0.0000	0	1.00	0.2624	0.2264	-0.4830	1.421	0	nan	nan	nan	nan	nan	nan
139924	-0.292	-0.136	0.424	0.50	0.63	-0.47	-0.008	-0.005	-0.019	0.001	0.000	0.001	0.0000	0.0000	0.0000	0.0000	0.0000	0.0000	0	1.00	0.2624	0.2264	-0.4830	1.421	0	nan	nan	nan	nan	nan	nan
139932	-0.286	-0.131	0.414	-0.07	0.26	-0.49	0.007	-0.003	-0.029	0.001	0.000	0.001	0.0000	0.0000	0.0000	0.0000	0.0000	0.0000	0	1.00	0.2624	0.2264	-0.4830	1.421	0	nan	nan	nan	nan	nan	nan
139941	-0.283	-0.127	0.407	-0.25	0.34	-0.49	0.012	-0.019	-0.012	0.001	0.000	0.001	0.0000	0.0000	0.0000	0.0000	0.0000	0.0000	0	1.00	0.2624	0.2264	-0.4830	1.421	0	nan	nan	nan	nan	nan	nan
139949	-0.282	-0.123	0.401	-0.25	0.74	0.17	-0.005	-0.007	-0.021	0.001	0.000	0.001	0.0000	0.0000	0.0000	0.0000	0.0000	0.0000	0	1.00	0.2624	0.2264	-0.4830	1.421	0	nan	nan	nan	nan	nan	nan
139957	-0.281	-0.118	0.396	-0.48	0.59	0.01	-0.002	-0.017	-0.008	0.001	0.000	0.001	0.0000	0.0000	0.0000	0.0000	0.0000	0.0000	0	1.00	0.2624	0.2264	-0.4830	1.421	0	nan	nan	nan	nan	nan	nan
139965	-0.282	-0.113	0.391	-0.50	0.28	0.13	-0.007	-0.028	0.013	0.001	0.000	0.001	0.0000	0.0000	0.0000	0.0000	0.0000	0.0000	0	1.00	0.2624	0.2264	-0.4830	1.421	0	nan	nan	nan	nan	nan	nan
139973	-0.285	-0.105	0.388	-0.35	0.71	0.30	0.013	-0.018	0.013	0.001	0.000	0.001	0.0000	0.0000	0.0000	0.0000	0.0000	0.0000	0	1.00	0.2624	0.2264	-0.4830	1.421	0	nan	nan	nan	nan	nan	nan
139981	-0.294	-0.099	0.391	-0.48	0.62	0.73	0.019	-0.008	0.014	0.001	0.000	0.001	0.0000	0.0000	0.0000	0.0000	0.0000	0.0000	0	1.00	0.2624	0.2264	-0.4830	1.421	0	nan	nan	nan	nan	nan	nan
139989	-0.296	-0.095	0.389	-0.38	0.24	0.69	0.024	0.009	0.037	0.001	0.000	0.001	0.0000	0.0000	0.0000	0.0000	0.0000	0.0000	0	1.00	0.2624	0.2264	-0.4830	1.421	0	nan	nan	nan	nan	nan	nan
139997	-0.302	-0.094	0.393	-0.81	0.15	0.69	0.006	0.015	0.014	0.001	0.000	0.001	0.0000	0.0000	0.0000	0.0000	0.0000	0.0000	0	1.00	0.2624	0.2264	-0.4830	1.421	0	nan	nan	nan	nan	nan	nan
140006	-0.310	-0.089	0.396	-0.33	0.30	0.58	-0.001	0.033	0.022	0.001	0.000	0.001	0.0000	0.0000	0.0000	0.0000	0.0000	0.0000	0	1.00	0.2624	0.2264	-0.4830	1.421	0	nan	nan	nan	nan	nan	nan
140014	-0.317	-0.087	0.402	-0.43	-0.17	0.72	-0.016	0.036	0.014	0.001	0.000	0.001	0.0000	0.0000	0.0000	0.0000	0.0000	0.0000	0	1.00	0.2624	0.2264	-0.4830	1.421	0	nan	nan	nan	nan	nan	nan
140022	-0.322	-0.086	0.407	-0.33	-0.46	0.60	0.002	0.034	-0.006	0.001	0.000	0.001	0.0000	0.0000	0.0000	0.0000	0.0000	0.0000	0	1.00	0.2624	0.2264	-0.4830	1.421	0	nan	nan	nan	nan	nan	nan
140030	-0.325	-0.092	0.415	-0.45	-0.50	0.56	-0.005	0.005	-0.009	0.001	0.000	0.001	0.0000	0.0000	0.0000	0.0000	0.0000	0.0000	0	1.00	0.2624	0.2264	-0.4830	1.421	0	nan	nan	nan	nan	nan	nan
140038	-0.327	-0.091	0.415	-0.24	-0.53	0.27	-0.009	0.022	-0.025	0.001	0.000	0.001	0.0000	0.0000	0.0000	0.0000	0.0000	0.0000	0	1.00	0.2624	0.2264	-0.4830	1.421	0	nan	nan	nan	nan	nan	nan
140047	-0.334	-0.089	0.421	-0.24	-0.62	0.35	-0.011	-0.005	-0.031	0.001	0.000	0.001	0.0000	0.0000	0.0000	0.0000	0.0000	0.0000	0	1.00	0.2624	0.2264	-0.4830	1.421	0	nan	nan	nan	nan	nan	nan
140055	-0.345	-0.088	0.431	-0.51	-0.42	0.21	0.003	-0.014	-0.016	0.001	0.000	0.001	0.0000	0.0000	0.0000	0.0000	0.0000	0.0000	0	1.00	0.2624	0.2264	-0.4830	1.421	0	nan	nan	nan	nan	nan	nan
140063	-0.349	-0.093	0.440	-0.33	-0.54	0.26	0.013	-0.024	-0.015	0.001	0.000	0.001	0.0000	0.0000	0.0000	0.0000	0.0000	0.0000	0	1.00	0.2624	0.2264	-0.4830	1.421	0	nan	nan	nan	nan	nan	nan
140071	-0.349	-0.097	0.444	-0.23	-0.51	0.12	0.024	-0.044	-0.010	0.001	0.000	0.001	0.0000	0.0000	0.0000	0.0000	0.0000	0.0000	0	1.00	0.2624	0.2264	-0.4830	1.421	0	nan	nan	nan	nan	nan	nan
140079	-0.354	-0.101	0.452	-0.19	-0.77	0.46	0.026	-0.035	-0.002	0.001	0.000	0.001	0.0000	0.0000	0.0000	0.0000	0.0000	0.0000	0	1.00	0.2624	0.2264	-0.4830	1.421	0	nan	nan	nan	nan	nan	nan
140087	-0.356	-0.103	0.456	-0.26	-0.67	0.22	0.024	-0.019	-0.003	0.001	0.000	0.001	0.0000	0.0000	0.0000	0.0000	0.0000	0.0000	0	1.00	0.2624	0.2264	-0.4830	1.421	0	nan	nan	nan	nan	nan	nan
140096	-0.360	-0.103	0.461	-0.33	-1.04	0.02	0.008	-0.016	0.020	0.001	0.000	0.001	0.0000	0.0000	0.0000	0.0000	0.0000	0.0000	0	1.00	0.2624	0.2264	-0.4830	1.421	0	nan	nan	nan	nan	nan	nan
140104	-0.364	-0.105	0.467	0.06	-0.51	-0.05	0.016	0.014	0.006	0.001	0.000	0.001	0.0000	0.0000	0.0000	0.0000	0.0000	0.0000	0	1.00	0.2624	0.2264	-0.4830	1.421	0	nan	nan	nan	nan	nan	nan
140112	-0.364	-0.112	0.472	0.16	-0.45	0.10	-0.003	0.024	0.022	0.001	0.000	0.001	0.0000	0.0000	0.0000	0.0000	0.0000	0.0000	0	1.00	0.2624	0.2264	-0.4830	1.421	0	nan	nan	nan	nan	nan	nan
140120	-0.368	-0.113	0.479	0.37	-0.56	-0.11	-0.019	0.031	0.003	0.001	0.000	0.001	0.0000	0.0000	0.0000	0.0000	0.0000	0.0000	0	1.00	0.2624	0.2264	-0.4830	1.421	0	nan	nan	nan	nan	nan	nan
140128	-0.367	-0.116	0.480	0.47	-0.61	-0.16	-0.030	0.044	0.020	0.001	0.000	0.001	0.0000	0.0000	0.0000	0.0000	0.0000	0.0000	0	1.00	0.2624	0.2264	-0.4830	1.421	0	nan	nan	nan	nan	nan	nan
140136	-0.364	-0.119	0.479	0.70	-0.70	-0.51	-0.022	0.032	0.007	0.001	0.000	0.001	0.0000	0.0000	0.0000	0.0000	0.0000	0.0000	0	1.00	0.2624	0.2264	-0.4830	1.421	0	nan	nan	nan	nan	nan	nan
140145	-0.356	-0.126	0.479	0.78	-0.72	-0.78	-0.016	0.032	0.000	0.001	0.000	0.001	0.0000	0.0000	0.0000	0.0000	0.0000	0.0000	0	1.00	0.2624	0.2264	-0.4830	1.421	0	nan	nan	nan	nan	nan	nan
140153	-0.351	-0.133	0.480	0.67	-0.95	-0.76	0.003	0.022	0.005	0.001	0.000	0.001	0.0000	0.0000	0.0000	0.0000	0.0000	0.0000	0	1.00	0.2624	0.2264	-0.4830	1.421	0	nan	nan	nan	nan	nan	nan
140161	-0.342	-0.139	0.478	0.82	-0.90	-0.96	0.029	0.025	0.002	0.001	0.000	0.001	0.0000	0.0000	0.0000	0.0000	0.0000	0.0000	0	1.00	0.2624	0.2264	-0.4830	1.421	0	nan	nan	nan	nan	nan	nan
140169	-0.337	-0.142	0.476	0.68	-0.91	-1.23	0.035	0.006	0.005	0.001	0.000	0.001	0.0000	0.0000	0.0000	0.0000	0.0000	0.0000	0	1.00	0.2624	0.2264	-0.4830	1.421	0	nan	nan	nan	nan	nan	nan
140177	-0.325	-0.144	0.466	0.86	-0.58	-0.90	0.036	-0.009	0.009	0.001	0.000	0.001	0.0000	0.0000	0.0000	0.0000	0.0000	0.0000	0	1.00	0.2624	0.2264	-0.4830	1.421	0	nan	nan	nan	nan	nan	nan
140185	-0.319	-0.149	0.465	1.11	-0.66	-1.07	0.050	-0.048	-0.009	0.001	0.000	0.001	0.0000	0.0000	0.0000	0.0000	0.0000	0.0000	0	1.00	0.2624	0.2264	-0.4830	1.421	0	nan	nan	nan	nan	nan	nan
140194	-0.304	-0.154	0.454	0.94	-0.35	-0.67	0.036	-0.058	0.003	0.001	0.000	0.001	0.0000	0.0000	0.0000	0.0000	0.0000	0.0000	0	1.00	0.2624	0.2264	-0.4830	1.421	0	nan	nan	nan	nan	nan	nan
140202	-0.291	-0.160	0.447	0.59	-0.33	-0.65	0.026	-0.042	-0.011	0.001	0.000	0.001	0.0000	0.0000	0.0000	0.0000	0.0000	0.0000	0	1.00	0.2624	0.2264	-0.4830	1.421	0	nan	nan	nan	nan	nan	nan
140210	-0.278	-0.163	0.437	0.64	-0.29	-0.44	0.003	-0.044	-0.021	0.001	0.000	0.001	0.0000	0.0000	0.0000	0.0000	0.0000	0.0000	0	1.00	0.2624	0.2264	-0.4830	1.421	0	nan	nan	nan	nan	nan	nan
140218	-0.273	-0.163	0.432	0.46	0.14	-0.79	-0.023	-0.038	-0.025	0.001	0.000	0.001	0.0000	0.0000	0.0000	0.0000	0.0000	0.0000	0	1.00	0.2624	0.2264	-0.4830	1.421	0	nan	nan	nan	nan	nan	nan
140226	-0.260	-0.168	0.424	0.87	0.16	-0.59	-0.030	-0.008	-0.019	0.001	0.000	0.001	0.0000	0.0000	0.0000	0.0000	0.0000	0.0000	0	1.00	0.2624	0.2264	-0.4830	1.421	0	nan	nan	nan	nan	nan	nan
140234	-0.255	-0.167	0.418	0.65	0.30	-0.71	-0.025	0.009	-0.005	0.001	0.000	0.001	0.0000	0.0000	0.0000	0.0000	0.0000	0.0000	0	1.00	0.2624	0.2264	-0.4830	1.421	0	nan	nan	nan	nan	nan	nan
140242	-0.244	-0.166	0.405	0.42	0.47	-0.02	-0.031	0.030	0.007	0.001	0.000	0.001	0.0000	0.0000	0.0000	0.0000	0.0000	0.0000	0	1.00	0.2624	0.2264	-0.4830	1.421	0	nan	nan	nan	nan	nan	nan
140250	-0.236	-0.169	0.400	0.45	0.27	-0.05	-0.026	0.052	0.012	0.001	0.000	0.001	0.0000	0.0000	0.0000	0.0000	0.0000	0.0000	0	1.00	0.2624	0.2264	-0.4830	1.421	0	nan	nan	nan	nan	nan	nan
140258	-0.229	-0.169	0.393	0.63	0.40	-0.27	-0.005	0.067	0.028	0.001	0.000	0.001	0.0000	0.0000	0.0000	0.0000	0.0000	0.0000	0	1.00	0.2624	0.2264	-0.4830	1.421	0	nan	nan	nan	nan	nan	nan
140266	-0.225	-0.166	0.387	0.10	0.74	-0.18	0.011	0.047	0.025	0.001	0.000	0.001	0.0000	0.0000	0.0000	0.0000	0.0000	0.0000	0	1.00	0.2624	0.2264	-0.4830	1.421	0	nan	nan	nan	nan	nan	nan
140274	-0.220	-0.163	0.379	0.38	0.65	-0.27	0.020	0.044	0.031	0.001	0.000	0.001	0.0000	0.0000	0.0000	0.0000	0.0000	0.0000	0	1.00	0.2624	0.2264	-0.4830	1.421	0	nan	nan	nan	nan	nan	nan
140282	-0.215	-0.163	0.374	0.62	0.37	-0.12	0.033	0.021	0.015	0.001	0.000	0.001	0.0000	0.0000	0.0000	0.0000	0.0000	0.0000	0	1.00	0.2624	0.2264	-0.4830	1.421	0	nan	nan	nan	nan	nan	nan
140291	-0.216	-0.162	0.373	0.31	0.54	-0.30	0.025	0.011	0.012	0.001	0.000	0.001	0.0000	0.0000	0.0000	0.0000	0.0000	0.0000	0	1.00	0.2624	0.2264	-0.4830	1.421	0	nan	nan	nan	nan	nan	nan
140299	-0.219	-0.156	0.371	-0.09	0.58	-0.26	0.040	-0.035	0.005	0.001	0.000	0.001	0.0000	0.0000	0.0000	0.0000	0.0000	0.0000	0	1.00	0.2624	0.2264	-0.4830	1.421	0	nan	nan	nan	nan	nan	nan
140307	-0.222	-0.149	0.367	-0.05	0.86	-0.15	0.019	-0.042	-0.000	0.001	0.000	0.001	0.0000	0.0000	0.0000	0.0000	0.0000	0.0000	0	1.00	0.2624	0.2264	-0.4830	1.421	0	nan	nan	nan	nan	nan	nan
140315	-0.224	-0.138	0.358	-0.42	0.63	-0.82	0.010	-0.043	-0.012	0.001	0.000	0.001	0.0000	0.0000	0.0000	0.0000	0.0000	0.0000	0	1.00	0.2624	0.2264	-0.4830	1.421	0	nan	nan	nan	nan	nan	nan
140323	-0.224	-0.129	0.349	-0.35	0.44	-0.49	0.018	-0.047	-0.020	0.001	0.000	0.001	0.0000	0.0000	0.0000	0.0000	0.0000	0.0000	0	1.00	0.2624	0.2264	-0.4830	1.421	0	nan	nan	nan	nan	nan	nan
140331	-0.226	-0.119	0.342	-0.48	0.57	-0.27	-0.008	-0.028	-0.018	0.001	0.000	0.001	0.0000	0.0000	0.0000	0.0000	0.0000	0.0000	0	1.00	0.2624	0.2264	-0.4830	1.421	0	nan	nan	nan	nan	nan	nan
140339	-0.234	-0.113	0.344	-0.74	0.36	-0.13	-0.024	-0.013	-0.032	0.001	0.000	0.001	0.0000	0.0000	0.0000	0.0000	0.0000	0.0000	0	1.00	0.2624	0.2264	-0.4830	1.421	0	nan	nan	nan	nan	nan	nan
140347	-0.239	-0.106	0.342	-0.57	0.43	-0.16	-0.035	-0.010	-0.032	0.001	0.000	0.001	0.0000	0.0000	0.0000	0.0000	0.0000	0.0000	0	1.00	0.2624	0.2264	-0.4830	1.421	0	nan	nan	nan	nan	nan	nan
140355	-0.242	-0.099	0.338	-0.28	0.08	0.01	-0.025	0.006	-0.035	0.001	0.000	0.001	0.0000	0.0000	0.0000	0.0000	0.0000	0.0000	0	1.00	0.2624	0.2264	-0.4830	1.421	0	nan	nan	nan	nan	nan	nan
140364	-0.247	-0.099	0.344	-0.40	0.28	0.04	-0.020	0.042	-0.002	0.001	0.000	0.001	0.0000	0.0000	0.0000	0.0000	0.0000	0.0000	0	1.00	0.2624	0.2264	-0.4830	1.421	0	nan	nan	nan	nan	nan	nan
140372	-0.249	-0.096	0.343	-0.35	0.36	-0.40	-0.006	0.026	-0.001	0.001	0.000	0.001	0.0000	0.0000	0.0000	0.0000	0.0000	0.0000	0	1.00	0.2624	0.2264	-0.4830	1.421	0	nan	nan	nan	nan	nan	nan
140380	-0.254	-0.093	0.345	0.14	0.00	0.20	-0.004	0.043	-0.004	0.001	0.000	0.001	0.0000	0.0000	0.0000	0.0000	0.0000	0.0000	0	1.00	0.2624	0.2264	-0.4830	1.421	0	nan	nan	nan	nan	nan	nan
140388	-0.253	-0.092	0.342	0.03	0.67	-0.26	0.003	0.023	-0.001	0.001	0.000	0.001	0.0000	0.0000	0.0000	0.0000	0.0000	0.0000	0	1.00	0.2624	0.2264	-0.4830	1.421	0	nan	nan	nan	nan	nan	nan
140396	-0.250	-0.092	0.339	0.31	0.54	-0.30	0.018	-0.002	0.027	0.001	0.000	0.001	0.0000	0.0000	0.0000	0.0000	0.0000	0.0000	0	1.00	0.2624	0.2264	-0.4830	1.421	0	nan	nan	nan	nan	nan	nan
140405	-0.254	-0.088	0.340	0.06	0.47	-0.29	0.029	-0.001	0.032	0.001	0.000	0.001	0.0000	0.0000	0.0000	0.0000	0.0000	0.0000	0	1.00	0.2624	0.2264	-0.4830	1.421	0	nan	nan	nan	nan	nan	nan
140413	-0.258	-0.084	0.340	0.32	0.52	0.03	0.009	-0.032	0.036	0.001	0.000	0.001	0.0000	0.0000	0.0000	0.0000	0.0000	0.0000	0	1.00	0.2624	0.2264	-0.4830	1.421	0	nan	nan	nan	nan	nan	nan
140421	-0.254	-0.082	0.334	0.16	0.29	-0.21	0.011	-0.036	0.033	0.001	0.000	0.001	0.0000	0.0000	0.0000	0.0000	0.0000	0.0000	0	1.00	0.2624	0.2264	-0.4830	1.421	0	nan	nan	nan	nan	nan	nan
140429	-0.253	-0.077	0.328	0.35	0.40	-0.09	0.008	-0.044	0.030	0.001	0.000	0.001	0.0000	0.0000	0.0000	0.0000	0.0000	0.0000	0	1.00	0.2624	0.2264	-0.4830	1.421	0	nan	nan	nan	nan	nan	nan
140437	-0.253	-0.077	0.328	0.12	-0.33	-0.40	0.006	-0.035	0.014	0.001	0.000	0.001	0.0000	0.0000	0.0000	0.0000	0.0000	0.0000	0	1.00	0.2624	0.2264	-0.4830	1.421	0	nan	nan	nan	nan	nan	nan
140445	-0.257	-0.074	0.329	0.13	-0.20	0.08	0.003	-0.019	-0.008	0.001	0.000	0.001	0.0000	0.0000	0.0000	0.0000	0.0000	0.0000	0	1.00	0.2624	0.2264	-0.4830	1.421	0	nan	nan	nan	nan	nan	nan
140454	-0.258	-0.073	0.329	0.03	-0.43	0.11	-0.005	-0.003	-0.024	0.001	0.000	0.001	0.0000	0.0000	0.0000	0.0000	0.0000	0.0000	0	1.00	0.2624	0.2264	-0.4830	1.421	0	nan	nan	nan	nan	nan	nan
140462	-0.262	-0.066	0.326	0.01	-0.48	-0.03	-0.006	0.001	-0.030	0.001	0.000	0.001	0.0000	0.0000	0.0000	0.0000	0.0000	0.0000	0	1.00	0.2624	0.2264	-0.4830	1.421	0	nan	nan	nan	nan	nan	nan
140470	-0.261	-0.068	0.327	-0.09	-0.22	-0.20	-0.010	0.026	-0.028	0.001	0.000	0.001	0.0000	0.0000	0.0000	0.0000	0.0000	0.0000	0	1.00	0.2624	0.2264	-0.4830	1.421	0	nan	nan	nan	nan	nan	nan
140478	-0.263	-0.068	0.329	0.01	-0.58	0.38	-0.024	0.009	-0.026	0.001	0.000	0.001	0.0000	0.0000	0.0000	0.0000	0.0000	0.0000	0	1.00	0.2624	0.2264	-0.4830	1.421	0	nan	nan	nan	nan	nan	nan
140486	-0.266	-0.065	0.329	0.06	-0.76	-0.23	-0.022	0.037	-0.012	0.001	0.000	0.001	0.0000	0.0000	0.0000	0.0000	0.0000	0.0000	0	1.00	0.2624	0.2264	-0.4830	1.421	0	nan	nan	nan	nan	nan	nan
140494	-0.263	-0.069	0.330	0.27	-0.75	-0.13	-0.010	0.019	0.010	0.001	0.000	0.001	0.0000	0.0000	0.0000	0.0000	0.0000	0.0000	0	1.00	0.2624	0.2264	-0.4830	1.421	0	nan	nan	nan	nan	nan	nan
140502	-0.261	-0.071	0.331	0.03	-0.67	-0.39	-0.004	0.019	0.003	0.001	0.000	0.001	0.0000	0.0000	0.0000	0.0000	0.0000	0.0000	0	1.00	0.2624	0.2264	-0.4830	1.421	0	nan	nan	nan	nan	nan	nan
140510	-0.262	-0.076	0.337	0.49	-0.84	-0.05	0.011	0.017	0.015	0.001	0.000	0.001	0.0000	0.0000	0.0000	0.0000	0.0000	0.0000	0	1.00	0.2624	0.2264	-0.4830	1.421	0	nan	nan	nan	nan	nan	nan
140519	-0.256	-0.087	0.340	0.69	-0.83	0.05	0.014	0.003	0.019	0.001	0.000	0.001	0.0000	0.0000	0.0000	0.0000	0.0000	0.0000	0	1.00	0.2624	0.2264	-0.4830	1.421	0	nan	nan	nan	nan	nan	nan
140527	-0.248	-0.098	0.343	0.47	-1.05	-0.77	0.017	0.009	0.024	0.001	0.000	0.001	0.0000	0.0000	0.0000	0.0000	0.0000	0.0000	0	1.00	0.2624	0.2264	-0.4830	1.421	0	nan	nan	nan	nan	nan	nan
140535	-0.243	-0.105	0.346	0.77	-0.92	-0.46	0.009	-0.023	0.020	0.001	0.000	0.001	0.0000	0.0000	0.0000	0.0000	0.0000	0.0000	0	1.00	0.2624	0.2264	-0.4830	1.421	0	nan	nan	nan	nan	nan	nan
140543	-0.236	-0.118	0.350	0.92	-0.88	-0.34	0.017	-0.044	0.006	0.001	0.000	0.001	0.0000	0.0000	0.0000	0.0000	0.0000	0.0000	0	1.00	0.2624	0.2264	-0.4830	1.421	0	nan	nan	nan	nan	nan	nan
140551	-0.229	-0.126	0.352	0.69	-0.60	-0.49	0.016	-0.027	0.002	0.001	0.000	0.001	0.0000	0.0000	0.0000	0.0000	0.0000	0.0000	0	1.00	0.2624	0.2264	-0.4830	1.421	0	nan	nan	nan	nan	nan	nan
140559	-0.219	-0.132	0.348	0.82	-0.61	-0.50	-0.005	-0.031	-0.015	0.001	0.000	0.001	0.0000	0.0000	0.0000	0.0000	0.0000	0.0000	0	1.00	0.2624	0.2264	-0.4830	1.421	0	nan	nan	nan	nan	nan	nan
140567	-0.206	-0.140	0.343	0.97	-0.56	-0.71	-0.010	-0.027	-0.024	0.001	0.000	0.001	0.0000	0.0000	0.0000	0.0000	0.0000	0.0000	0	1.00	0.2624	0.2264	-0.4830	1.421	0	nan	nan	nan	nan	nan	nan
140575	-0.199	-0.145	0.340	0.87	-0.60	-0.57	-0.021	-0.014	-0.022	0.001	0.000	0.001	0.0000	0.0000	0.0000	0.0000	0.0000	0.0000	0	1.00	0.2624	0.2264	-0.4830	1.421	0	nan	nan	nan	nan	nan	nan
140584	-0.191	-0.151	0.338	0.45	-0.58	-0.38	-0.017	-0.025	-0.011	0.001	0.000	0.001	0.0000	0.0000	0.0000	0.0000	0.0000	0.0000	0	1.00	0.2624	0.2264	-0.4830	1.421	0	nan	nan	nan	nan	nan	nan
140592	-0.184	-0.154	0.334	0.30	-0.55	-0.26	-0.015	-0.006	0.010	0.001	0.000	0.001	0.0000	0.0000	0.0000	0.0000	0.0000	0.0000	0	1.00	0.2624	0.2264	-0.4830	1.421	0	nan	nan	nan	nan	nan	nan
140600	-0.178	-0.153	0.327	0.60	-0.05	-0.63	-0.009	-0.021	-0.003	0.001	0.000	0.001	0.0000	0.0000	0.0000	0.0000	0.0000	0.0000	0	1.00	0.2624	0.2264	-0.4830	1.421	0	nan	nan	nan	nan	nan	nan
140608	-0.168	-0.154	0.317	0.83	0.34	-0.41	-0.015	0.019	0.004	0.001	0.000	0.001	0.0000	0.0000	0.0000	0.0000	0.0000	0.0000	0	1.00	0.2624	0.2264	-0.4830	1.421	0	nan	nan	nan	nan	nan	nan
140616	-0.159	-0.157	0.312	1.08	0.29	-0.29	-0.008	0.017	-0.003	0.001	0.000	0.001	0.0000	0.0000	0.0000	0.0000	0.0000	0.0000	0	1.00	0.2624	0.2264	-0.4830	1.421	0	nan	nan	nan	nan	nan	nan
140624	-0.151	-0.159	0.306	0.86	0.66	0.08	-0.013	0.023	-0.011	0.001	0.000	0.001	0.0000	0.0000	0.0000	0.0000	0.0000	0.0000	0	1.00	0.2624	0.2264	-0.4830	1.421	0	nan	nan	nan	nan	nan	nan
140632	-0.148	-0.161	0.306	0.85	0.68	0.19	-0.003	0.028	-0.017	0.001	0.000	0.001	0.0000	0.0000	0.0000	0.0000	0.0000	0.0000	0	1.00	0.2624	0.2264	-0.4830	1.421	0	nan	nan	nan	nan	nan	nan
140640	-0.138	-0.164	0.298	0.98	0.66	0.17	0.002	0.031	0.001	0.001	0.000	0.001	0.0000	0.0000	0.0000	0.0000	0.0000	0.0000	0	1.00	0.2624	0.2264	-0.4830	1.421	0	nan	nan	nan	nan	nan	nan
140648	-0.129	-0.169	0.293	0.74	0.70	-0.05	0.022	0.038	0.009	0.001	0.000	0.001	0.0000	0.0000	0.0000	0.0000	0.0000	0.0000	0	1.00	0.2624	0.2264	-0.4830	1.421	0	nan	nan	nan	nan	nan	nan
140656	-0.127	-0.169	0.292	0.69	0.40	-0.01	0.024	0.022	0.004	0.001	0.000	0.001	0.0000	0.0000	0.0000	0.0000	0.0000	0.0000	0	1.00	0.2624	0.2264	-0.4830	1.421	0	nan	nan	nan	nan	nan	nan
140665	-0.126	-0.172	0.294	0.58	0.35	-0.48	0.027	-0.004	0.010	0.001	0.000	0.001	0.0000	0.0000	0.0000	0.0000	0.0000	0.0000	0	1.00	0.2624	0.2264	-0.4830	1.421	0	nan	nan	nan	nan	nan	nan
140673	-0.127	-0.170	0.293	0.62	0.11	-0.29	0.045	-0.011	0.007	0.001	0.000	0.001	0.0000	0.0000	0.0000	0.0000	0.0000	0.0000	0	1.00	0.2624	0.2264	-0.4830	1.421	0	nan	nan	nan	nan	nan	nan
140681	-0.126	-0.164	0.285	0.60	0.45	-0.82	0.023	-0.017	0.027	0.001	0.000	0.001	0.0000	0.0000	0.0000	0.0000	0.0000	0.0000	0	1.00	0.2624	0.2264	-0.4830	1.421	0	nan	nan	nan	nan	nan	nan
140689	-0.123	-0.162	0.281	0.72	0.88	-1.16	0.008	-0.050	0.024	0.001	0.000	0.001	0.0000	0.0000	0.0000	0.0000	0.0000	0.0000	0	1.00	0.2624	0.2264	-0.4830	1.421	0	nan	nan	nan	nan	nan	nan
140697	-0.121	-0.156	0.273	1.09	0.54	-0.98	-0.002	-0.053	0.021	0.001	0.000	0.001	0.0000	0.0000	0.0000	0.0000	0.0000	0.0000	0	1.00	0.2624	0.2264	-0.4830	1.421	0	nan	nan	nan	nan	nan	nan
140705	-0.117	-0.160	0.273	0.95	0.95	-0.92	-0.035	-0.048	0.019	0.001	0.000	0.001	0.0000	0.0000	0.0000	0.0000	0.0000	0.0000	0	1.00	0.2624	0.2264	-0.4830	1.421	0	nan	nan	nan	nan	nan	nan
140713	-0.116	-0.157	0.269	0.88	1.07	-0.88	-0.028	-0.036	0.007	0.001	-0.000	0.001	0.0000	0.0000	0.0000	0.0000	0.0000	0.0000	0	1.00	0.2624	0.2264	-0.4830	1.421	0	nan	nan	nan	nan	nan	nan
140721	-0.108	-0.155	0.259	1.03	1.00	-0.95	-0.031	-0.020	0.001	0.001	-0.000	0.001	0.0000	0.0000	0.0000	0.0000	0.0000	0.0000	0	1.00	0.2624	0.2264	-0.4830	1.421	0	nan	nan	nan	nan	nan	nan
140729	-0.096	-0.150	0.242	1.21	1.24	-1.15	-0.030	0.016	0.004	0.001	-0.000	0.001	0.0000	0.0000	0.0000	0.0000	0.0000	0.0000	0	1.00	0.2624	0.2264	-0.4830	1.421	0	nan	nan	nan	nan	nan	nan
140737	-0.084	-0.149	0.229	1.49	1.19	-1.28	-0.019	0.038	-0.005	0.001	-0.000	0.001	0.0000	0.0000	0.0000	0.0000	0.0000	0.0000	0	1.00	0.2624	0.2264	-0.4830	1.421	0	nan	nan	nan	nan	nan	nan
140745	-0.077	-0.140	0.213	1.45	1.20	-0.93	-0.026	0.062	-0.022	0.001	0.000	0.001	0.0000	0.0000	0.0000	0.0000	0.0000	0.0000	0	1.00	0.2624	0.2264	-0.4830	1.421	0	nan	nan	nan	nan	nan	nan
140754	-0.069	-0.135	0.200	1.02	1.10	-0.94	-0.005	0.049	-0.034	0.001	0.000	0.001	0.0000	0.0000	0.0000	0.0000	0.0000	0.0000	0	1.00	0.2624	0.2264	-0.4830	1.421	0	nan	nan	nan	nan	nan	nan
140762	-0.059	-0.128	0.183	0.62	1.34	-0.78	0.007	0.064	-0.035	0.001	0.000	0.001	0.0000	0.0000	0.0000	0.0000	0.0000	0.0000	0	1.00	0.2624	0.2264	-0.4830	1.421	0	nan	nan	nan	nan	nan	nan
140770	-0.047	-0.124	0.167	1.00	1.38	-0.66	0.022	0.041	-0.039	0.001	0.000	0.001	0.0000	0.0000	0.0000	0.0000	0.0000	0.0000	0	1.00	0.2624	0.2264	-0.4830	1.421	0	nan	nan	nan	nan	nan	nan
140778	-0.031	-0.118	0.146	0.66	1.29	-0.66	0.012	0.012	-0.021	0.001	0.000	0.001	0.0000	0.0000	0.0000	0.0000	0.0000	0.0000	0	1.00	0.2624	0.2264	-0.4830	1.421	0	nan	nan	nan	nan	nan	nan
140786	-0.030	-0.109	0.137	0.39	1.08	-0.70	0.004	-0.017	-0.019	0.001	0.000	0.001	0.0000	0.0000	0.0000	0.0000	0.0000	0.0000	0	1.00	0.2624	0.2264	-0.4830	1.421	0	nan	nan	nan	nan	nan	nan
140794	-0.033	-0.099	0.129	-0.15	1.12	-0.32	0.009	-0.035	0.005	0.001	0.000	0.001	0.0000	0.0000	0.0000	0.0000	0.0000	0.0000	0	1.00	0.2624	0.2264	-0.4830	1.421	0	nan	nan	nan	nan	nan	nan
140802	-0.026	-0.090	0.114	-0.33	1.25	-0.37	0.002	-0.046	0.016	0.001	0.000	0.001	0.0000	0.0000	0.0000	0.0000	0.0000	0.0000	0	1.00	0.2624	0.2264	-0.4830	1.421	0	nan	nan	nan	nan	nan	nan
140810	-0.024	-0.078	0.100	-0.22	0.88	-0.22	0.009	-0.052	0.040	0.001	0.000	0.001	0.0000	0.0000	0.0000	0.0000	0.0000	0.0000	0	1.00	0.2624	0.2264	-0.4830	1.421	0	nan	nan	nan	nan	nan	nan
140819	-0.024	-0.067	0.089	0.08	0.82	-0.46	-0.013	-0.044	0.049	0.001	0.000	0.001	0.0000	0.0000	0.0000	0.0000	0.0000	0.0000	0	1.00	0.2624	0.2264	-0.4830	1.421	0	nan	nan	nan	nan	nan	nan
140827	-0.027	-0.061	0.086	-0.16	0.80	0.13	-0.002	-0.026	0.033	0.001	0.000	0.001	0.0000	0.0000	0.0000	0.0000	0.0000	0.0000	0	1.00	0.2624	0.2264	-0.4830	1.421	0	nan	nan	nan	nan	nan	nan
140835	-0.037	-0.048	0.084	-0.49	0.54	-0.13	-0.019	-0.020	0.024	0.001	0.000	0.001	0.0000	0.0000	0.0000	0.0000	0.0000	0.0000	0	1.00	0.2624	0.2264	-0.4830	1.421	0	nan	nan	nan	nan	nan	nan
140843	-0.043	-0.040	0.082	-0.17	0.81	-0.20	-0.020	0.001	0.012	0.001	0.000	0.001	0.0000	0.0000	0.0000	0.0000	0.0000	0.0000	0	1.00	0.2624	0.2264	-0.4830	1.421	0	nan	nan	nan	nan	nan	nan
140851	-0.051	-0.032	0.082	-0.24	0.53	-0.06	-0.004	0.044	-0.002	0.001	0.000	0.001	0.0000	0.0000	0.0000	0.0000	0.0000	0.0000	0	1.00	0.2624	0.2264	-0.4830	1.421	0	nan	nan	nan	nan	nan	nan
140859	-0.051	-0.028	0.078	0.01	0.23	-0.01	0.009	0.031	-0.009	0.001	0.000	0.001	0.0000	0.0000	0.0000	0.0000	0.0000	0.0000	0	1.00	0.2624	0.2264	-0.4830	1.421	0	nan	nan	nan	nan	nan	nan
140867	-0.055	-0.024	0.079	-0.38	0.30	-0.11	0.014	0.032	-0.014	0.001	0.000	0.001	0.0000	0.0000	0.0000	0.0000	0.0000	0.0000	0	1.00	0.2624	0.2264	-0.4830	1.421	0	nan	nan	nan	nan	nan	nan
140875	-0.068	-0.023	0.091	-0.44	0.17	-0.24	0.009	0.027	-0.030	0.001	0.000	0.001	0.0000	0.0000	0.0000	0.0000	0.0000	0.0000	0	1.00	0.2624	0.2264	-0.4830	1.421	0	nan	nan	nan	nan	nan	nan
140883	-0.075	-0.020	0.094	-0.23	0.23	-0.18	0.014	0.007	-0.046	0.001	0.000	0.001	0.0000	0.0000	0.0000	0.0000	0.0000	0.0000	0	1.00	0.2624	0.2264	-0.4830	1.421	0	nan	nan	nan	nan	nan	nan
140891	-0.076	-0.015	0.091	-0.18	0.37	-0.38	0.014	-0.017	-0.033	0.001	0.000	0.001	0.0000	0.0000	0.0000	0.0000	0.0000	0.0000	0	1.00	0.2624	0.2264	-0.4830	1.421	0	nan	nan	nan	nan	nan	nan
140899	-0.071	-0.015	0.086	0.14	0.06	-0.18	0.009	-0.019	-0.019	0.001	0.000	0.001	0.0000	0.0000	0.0000	0.0000	0.0000	0.0000	0	1.00	0.2624	0.2264	-0.4830	1.421	0	nan	nan	nan	nan	nan	nan
140907	-0.068	-0.015	0.083	0.13	-0.14	-0.29	-0.005	-0.025	-0.004	0.001	0.000	0.001	0.0000	0.0000	0.0000	0.0000	0.0000	0.0000	0	1.00	0.2624	0.2264	-0.4830	1.421	0	nan	nan	nan	nan	nan	nan
140916	-0.073	-0.010	0.084	0.37	-0.39	0.15	-0.004	-0.027	0.007	0.001	0.000	0.001	0.0000	0.0000	0.0000	0.0000	0.0000	0.0000	0	1.00	0.2624	0.2264	-0.4830	1.421	0	nan	nan	nan	nan	nan	nan
140924	-0.078	-0.009	0.087	0.15	-0.43	0.19	-0.010	-0.033	0.016	0.001	0.000	0.001	0.0000	0.0000	0.0000	0.0000	0.0000	0.0000	0	1.00	0.2624	0.2264	-0.4830	1.421	0	nan	nan	nan	nan	nan	nan
140932	-0.073	-0.017	0.090	0.19	-0.89	-0.01	-0.013	-0.020	0.021	0.001	0.000	0.001	0.0000	0.0000	0.0000	0.0000	0.0000	0.0000	0	1.00	0.2624	0.2264	-0.4830	1.421	0	nan	nan	nan	nan	nan	nan
140940	-0.068	-0.027	0.094	0.56	-0.76	-0.31	0.006	0.009	0.049	0.001	0.000	0.001	0.0000	0.0000	0.0000	0.0000	0.0000	0.0000	0	1.00	0.2624	0.2264	-0.4830	1.421	0	nan	nan	nan	nan	nan	nan
140948	-0.065	-0.035	0.099	0.43	-0.74	-0.72	-0.002	0.018	0.033	0.001	0.000	0.001	0.0000	0.0000	0.0000	0.0000	0.0000	0.0000	0	1.00	0.2624	0.2264	-0.4830	1.421	0	nan	nan	nan	nan	nan	nan
140956	-0.062	-0.039	0.100	0.23	-0.73	-0.54	0.009	0.009	0.024	0.001	0.000	0.001	0.0000	0.0000	0.0000	0.0000	0.0000	0.0000	0	1.00	0.2624	0.2264	-0.4830	1.421	0	nan	nan	nan	nan	nan	nan
140964	-0.062	-0.041	0.102	0.30	-0.32	-0.81	-0.009	0.003	0.012	0.001	0.000	0.001	0.0000	0.0000	0.0000	0.0000	0.0000	0.0000	0	1.00	0.2624	0.2264	-0.4830	1.421	0	nan	nan	nan	nan	nan	nan
140972	-0.062	-0.049	0.109	0.07	-0.40	-0.29	-0.009	0.011	0.009	0.001	0.000	0.001	0.0000	0.0000	0.0000	0.0000	0.0000	0.0000	0	1.00	0.2624	0.2264	-0.4830	1.421	0	nan	nan	nan	nan	nan	nan
140980	-0.054	-0.052	0.105	0.30	-0.58	-0.55	0.012	0.003	-0.003	0.001	0.000	0.001	0.0000	0.0000	0.0000	0.0000	0.0000	0.0000	0	1.00	0.2624	0.2264	-0.4830	1.421	0	nan	nan	nan	nan	nan	nan
140988	-0.049	-0.059	0.106	0.49	-0.44	-0.76	0.008	0.016	-0.016	0.001	0.000	0.001	0.0000	0.0000	0.0000	0.0000	0.0000	0.0000	0	1.00	0.2624	0.2264	-0.4830	1.421	0	nan	nan	nan	nan	nan	nan
140996	-0.043	-0.061	0.103	0.36	0.05	-0.61	0.014	0.015	-0.035	0.001	0.000	0.001	0.0000	0.0000	0.0000	0.0000	0.0000	0.0000	0	1.00	0.2624	0.2264	-0.4830	1.421	0	nan	nan	nan	nan	nan	nan
141004	-0.039	-0.066	0.103	0.50	0.04	-0.62	0.005	-0.006	-0.045	0.001	0.000	0.001	0.0000	0.0000	0.0000	0.0000	0.0000	0.0000	0	1.00	0.2624	0.2264	-0.4830	1.421	0	nan	nan	nan	nan	nan	nan
141012	-0.027	-0.069	0.094	0.79	0.11	-0.56	0.008	-0.009	-0.040	0.001	0.000	0.001	0.0000	0.0000	0.0000	0.0000	0.0000	0.0000	0	1.00	0.2624	0.2264	-0.4830	1.421	0	nan	nan	nan	nan	nan	nan
141020	-0.016	-0.076	0.090	0.81	0.13	-0.70	0.008	0.001	-0.031	0.001	0.000	0.001	0.0000	0.0000	0.0000	0.0000	0.0000	0.0000	0	1.00	0.2624	0.2264	-0.4830	1.421	0	nan	nan	nan	nan	nan	nan
141029	-0.011	-0.075	0.084	0.84	0.08	-0.58	-0.002	-0.003	-0.031	0.001	0.000	0.001	0.0000	0.0000	0.0000	0.0000	0.0000	0.0000	0	1.00	0.2624	0.2264	-0.4830	1.421	0	nan	nan	nan	nan	nan	nan
141037	-0.002	-0.080	0.081	1.20	-0.03	-0.51	-0.004	0.015	-0.019	0.001	0.000	0.001	0.0000	0.0000	0.0000	0.0000	0.0000	0.0000	0	1.00	0.2624	0.2264	-0.4830	1.421	0	nan	nan	nan	nan	nan	nan
141045	0.005	-0.083	0.076	0.98	0.22	-0.44	0.007	0.006	-0.002	0.001	0.000	0.001	0.0000	0.0000	0.0000	0.0000	0.0000	0.0000	0	1.00	0.2624	0.2264	-0.4830	1.421	0	nan	nan	nan	nan	nan	nan
141053	0.009	-0.082	0.071	1.15	0.33	-0.51	-0.008	-0.000	0.009	0.001	0.000	0.001	0.0000	0.0000	0.0000	0.0000	0.0000	0.0000	0	1.00	0.2624	0.2264	-0.4830	1.421	0	nan	nan	nan	nan	nan	nan
141062	0.015	-0.078	0.061	0.98	0.52	-0.74	-0.018	-0.022	0.021	0.001	0.000	0.001	0.0000	0.0000	0.0000	0.0000	0.0000	0.0000	0	1.00	0.2624	0.2264	-0.4830	1.421	0	nan	nan	nan	nan	nan	nan
141070	0.021	-0.079	0.055	0.75	0.54	-0.63	-0.009	-0.022	0.036	0.001	0.000	0.001	0.0000	0.0000	0.0000	0.0000	0.0000	0.0000	0	1.00	0.2624	0.2264	-0.4830	1.421	0	nan	nan	nan	nan	nan	nan
141078	0.025	-0.079	0.052	0.46	0.59	-0.50	0.005	-0.008	0.045	0.001	0.000	0.001	0.0000	0.0000	0.0000	0.0000	0.0000	0.0000	0	1.00	0.2624	0.2264	-0.4830	1.421	0	nan	nan	nan	nan	nan	nan
141086	0.033	-0.084	0.048	0.36	0.48	-0.61	0.020	0.002	0.036	0.001	0.000	0.001	0.0000	0.0000	0.0000	0.0000	0.0000	0.0000	0	1.00	0.2624	0.2264	-0.4830	1.421	0	nan	nan	nan	nan	nan	nan
141094	0.043	-0.083	0.039	0.23	0.25	-1.09	0.025	-0.013	0.033	0.001	0.000	0.001	0.0000	0.0000	0.0000	0.0000	0.0000	0.0000	0	1.00	0.2624	0.2264	-0.4830	1.421	0	nan	nan	nan	nan	nan	nan
141102	0.050	-0.082	0.029	-0.02	0.53	-0.81	0.022	0.001	0.022	0.001	0.000	0.001	0.0000	0.0000	0.0000	0.0000	0.0000	0.0000	0	1.00	0.2624	0.2264	-0.4830	1.421	0	nan	nan	nan	nan	nan	nan
141110	0.050	-0.077	0.025	-0.15	0.59	-0.84	0.019	0.003	0.018	0.001	0.000	0.001	0.0000	0.0000	0.0000	0.0000	0.0000	0.0000	0	1.00	0.2624	0.2264	-0.4830	1.421	0	nan	nan	nan	nan	nan	nan
141118	0.056	-0.074	0.017	-0.31	0.12	-0.54	0.009	0.000	-0.000	0.001	0.000	0.001	0.0000	0.0000	0.0000	0.0000	0.0000	0.0000	0	1.00	0.2624	0.2264	-0.4830	1.421	0	nan	nan	nan	nan	nan	nan
141126	0.058	-0.069	0.010	-0.30	0.32	-0.42	-0.018	0.017	-0.027	0.001	0.000	0.001	0.0000	0.0000	0.0000	0.0000	0.0000	0.0000	0	1.00	0.2624	0.2264	-0.4830	1.421	0	nan	nan	nan	nan	nan	nan
141134	0.057	-0.064	0.005	-0.24	0.61	-0.14	-0.031	-0.003	-0.035	0.001	0.000	0.001	0.0000	0.0000	0.0000	0.0000	0.0000	0.0000	0	1.00	0.2624	0.2264	-0.4830	1.421	0	nan	nan	nan	nan	nan	nan
141142	0.060	-0.062	0.001	-0.82	0.32	-0.43	-0.037	0.011	-0.036	0.001	0.000	0.001	0.0000	0.0000	0.0000	0.0000	0.0000	0.0000	0	1.00	0.2624	0.2264	-0.4830	1.421	0	nan	nan	nan	nan	nan	nan
141150	0.058	-0.057	-0.003	-0.85	0.64	-0.19	-0.038	-0.003	-0.050	0.001	0.000	0.001	0.0000	0.0000	0.0000	0.0000	0.0000	0.0000	0	1.00	0.2624	0.2264	-0.4830	1.421	0	nan	nan	nan	nan	nan	nan
141158	0.056	-0.049	-0.008	-0.90	0.66	0.26	-0.034	-0.018	-0.038	0.001	0.000	0.001	0.0000	0.0000	0.0000	0.0000	0.0000	0.0000	0	1.00	0.2624	0.2264	-0.4830	1.421	0	nan	nan	nan	nan	nan	nan
141167	0.048	-0.042	-0.007	-0.97	0.66	0.43	-0.021	0.014	-0.027	0.001	0.000	0.001	0.0000	0.0000	0.0000	0.0000	0.0000	0.0000	0	1.00	0.2624	0.2264	-0.4830	1.421	0	nan	nan	nan	nan	nan	nan
141175	0.037	-0.030	-0.008	-1.03	0.66	0.60	-0.013	0.005	-0.014	0.001	0.000	0.001	0.0000	0.0000	0.0000	0.0000	0.0000	0.0000	0	1.00	0.2624	0.2264	-0.4830	1.421	0	nan	nan	nan	nan	nan	nan
141183	0.027	-0.016	-0.011	-0.67	0.93	0.61	0.006	0.018	0.016	0.001	0.000	0.001	0.0000	0.0000	0.0000	0.0000	0.0000	0.0000	0	1.00	0.2624	0.2264	-0.4830	1.421	0	nan	nan	nan	nan	nan	nan
141191	0.019	-0.010	-0.009	-0.95	0.33	0.96	0.018	0.023	0.007	0.001	0.000	0.001	0.0000	0.0000	0.0000	0.0000	0.0000	0.0000	0	1.00	0.2624	0.2264	-0.4830	1.421	0	nan	nan	nan	nan	nan	nan
141199	0.012	-0.010	-0.002	-0.47	0.64	1.01	0.020	0.007	0.029	0.001	0.000	0.001	0.0000	0.0000	0.0000	0.0000	0.0000	0.0000	0	1.00	0.2624	0.2264	-0.4830	1.421	0	nan	nan	nan	nan	nan	nan
141208	-0.001	-0.000	0.001	-0.95	0.46	0.83	0.023	0.027	0.050	0.001	0.000	0.001	0.0000	0.0000	0.0000	0.0000	0.0000	0.0000	0	1.00	0.2624	0.2264	-0.4830	1.421	0	nan	nan	nan	nan	nan	nan
141216	-0.016	0.007	0.009	-0.74	0.21	0.76	0.029	0.020	0.051	0.001	0.000	0.001	0.0000	0.0000	0.0000	0.0000	0.0000	0.0000	0	1.00	0.2624	0.2264	-0.4830	1.421	0	nan	nan	nan	nan	nan	nan
141224	-0.030	0.010	0.020	-0.78	-0.15	0.74	0.037	-0.001	0.037	0.001	0.000	0.001	0.0000	0.0000	0.0000	0.0000	0.0000	0.0000	0	1.00	0.2624	0.2264	-0.4830	1.421	0	nan	nan	nan	nan	nan	nan
141232	-0.041	0.009	0.032	-0.69	-0.05	0.23	0.013	-0.002	0.020	0.001	0.000	0.001	0.0000	0.0000	0.0000	0.0000	0.0000	0.0000	0	1.00	0.2624	0.2264	-0.4830	1.421	0	nan	nan	nan	nan	nan	nan
141240	-0.045	0.007	0.038	-0.73	-0.33	0.56	-0.003	-0.009	0.004	0.001	0.000	0.001	0.0000	0.0000	0.0000	0.0000	0.0000	0.0000	0	1.00	0.2624	0.2264	-0.4830	1.421	0	nan	nan	nan	nan	nan	nan
141248	-0.052	0.010	0.042	-0.64	-0.45	0.27	-0.027	0.002	0.002	0.001	0.000	0.001	0.0000	0.0000	0.0000	0.0000	0.0000	0.0000	0	1.00	0.2624	0.2264	-0.4830	1.421	0	nan	nan	nan	nan	nan	nan
141256	-0.063	0.011	0.052	-0.46	-0.60	0.03	-0.029	-0.007	-0.018	0.001	0.000	0.001	0.0000	0.0000	0.0000	0.0000	0.0000	0.0000	0	1.00	0.2624	0.2264	-0.4830	1.421	0	nan	nan	nan	nan	nan	nan
141264	-0.072	0.009	0.063	-0.66	-0.76	-0.04	-0.027	-0.018	-0.033	0.001	0.000	0.001	0.0000	0.0000	0.0000	0.0000	0.0000	0.0000	0	1.00	0.2624	0.2264	-0.4830	1.421	0	nan	nan	nan	nan	nan	nan
141273	-0.080	0.011	0.070	-0.51	-0.92	-0.03	-0.027	0.003	-0.024	0.001	0.000	0.001	0.0000	0.0000	0.0000	0.0000	0.0000	0.0000	0	1.00	0.2624	0.2264	-0.4830	1.421	0	nan	nan	nan	nan	nan	nan
141281	-0.081	0.006	0.074	-0.32	-0.87	-0.16	-0.019	0.010	-0.030	0.001	0.000	0.001	0.0000	0.0000	0.0000	0.0000	0.0000	0.0000	0	1.00	0.2624	0.2264	-0.4830	1.421	0	nan	nan	nan	nan	nan	nan
141289	-0.083	0.002	0.081	-0.03	-0.98	0.08	-0.008	0.019	-0.023	0.001	0.000	0.001	0.0000	0.0000	0.0000	0.0000	0.0000	0.0000	0	1.00	0.2624	0.2264	-0.4830	1.421	0	nan	nan	nan	nan	nan	nan
141297	-0.089	-0.000	0.089	-0.02	-1.13	0.11	0.012	0.013	-0.017	0.001	0.000	0.001	0.0000	0.0000	0.0000	0.0000	0.0000	0.0000	0	1.00	0.2624	0.2264	-0.4830	1.421	0	nan	nan	nan	nan	nan	nan
141305	-0.085	-0.005	0.089	0.25	-1.07	-0.01	0.013	0.003	0.011	0.001	0.000	0.001	0.0000	0.0000	0.0000	0.0000	0.0000	0.0000	0	1.00	0.2624	0.2264	-0.4830	1.421	0	nan	nan	nan	nan	nan	nan
141313	-0.082	-0.012	0.093	0.62	-1.06	-0.17	0.023	-0.003	0.007	0.001	0.000	0.001	0.0000	0.0000	0.0000	0.0000	0.0000	0.0000	0	1.00	0.2624	0.2264	-0.4830	1.421	0	nan	nan	nan	nan	nan	nan
141321	-0.082	-0.017	0.098	0.50	-1.15	-0.17	0.014	-0.005	0.024	0.001	0.000	0.001	0.0000	0.0000	0.0000	0.0000	0.0000	0.0000	0	1.00	0.2624	0.2264	-0.4830	1.421	0	nan	nan	nan	nan	nan	nan
141329	-0.073	-0.027	0.100	0.22	-0.97	-0.60	0.021	-0.001	0.022	0.001	0.000	0.001	0.0000	0.0000	0.0000	0.0000	0.0000	0.0000	0	1.00	0.2624	0.2264	-0.4830	1.421	0	nan	nan	nan	nan	nan	nan
141337	-0.065	-0.038	0.102	0.18	-0.84	-0.38	0.020	0.005	0.018	0.001	0.000	0.001	0.0000	0.0000	0.0000	0.0000	0.0000	0.0000	0	1.00	0.2624	0.2264	-0.4830	1.421	0	nan	nan	nan	nan	nan	nan
141345	-0.056	-0.046	0.101	0.19	-0.90	-0.44	0.003	-0.007	0.019	0.001	0.000	0.001	0.0000	0.0000	0.0000	0.0000	0.0000	0.0000	0	1.00	0.2624	0.2264	-0.4830	1.421	0	nan	nan	nan	nan	nan	nan
141353	-0.047	-0.055	0.101	0.20	-1.07	-0.70	-0.006	0.003	0.020	0.001	0.000	0.001	0.0000	0.0000	0.0000	0.0000	0.0000	0.0000	0	1.00	0.2624	0.2264	-0.4830	1.421	0	nan	nan	nan	nan	nan	nan
141361	-0.034	-0.066	0.098	0.51	-0.82	-0.19	-0.010	-0.018	0.009	0.001	0.000	0.001	0.0000	0.0000	0.0000	0.0000	0.0000	0.0000	0	1.00	0.2624	0.2264	-0.4830	1.421	0	nan	nan	nan	nan	nan	nan
141370	-0.030	-0.073	0.101	0.49	-0.63	-0.26	-0.013	-0.014	-0.004	0.001	0.000	0.001	0.0000	0.0000	0.0000	0.0000	0.0000	0.0000	0	1.00	0.2624	0.2264	-0.4830	1.421	0	nan	nan	nan	nan	nan	nan
141378	-0.019	-0.080	0.096	-0.12	-0.80	-0.43	-0.015	-0.009	-0.015	0.001	0.000	0.001	0.0000	0.0000	0.0000	0.0000	0.0000	0.0000	0	1.00	0.2624	0.2264	-0.4830	1.421	0	nan	nan	nan	nan	nan	nan
141386	-0.007	-0.088	0.093	0.19	-0.43	-0.48	-0.012	0.002	-0.024	0.001	0.000	0.001	0.0000	0.0000	0.0000	0.0000	0.0000	0.0000	0	1.00	0.2624	0.2264	-0.4830	1.421	0	nan	nan	nan	nan	nan	nan
141394	0.002	-0.100	0.095	0.20	-0.70	-0.32	-0.016	-0.016	-0.027	0.001	0.000	0.001	0.0000	0.0000	0.0000	0.0000	0.0000	0.0000	0	1.00	0.2624	0.2264	-0.4830	1.421	0	nan	nan	nan	nan	nan	nan
141402	0.014	-0.104	0.087	-0.40	-0.47	-0.27	-0.003	0.007	-0.026	0.001	0.000	0.001	0.0000	0.0000	0.0000	0.0000	0.0000	0.0000	0	1.00	0.2624	0.2264	-0.4830	1.421	0	nan	nan	nan	nan	nan	nan
141410	0.014	-0.102	0.085	-0.54	-0.20	-0.08	0.014	-0.011	-0.047	0.001	0.000	0.001	0.0000	0.0000	0.0000	0.0000	0.0000	0.0000	0	1.00	0.2624	0.2264	-0.4830	1.421	0	nan	nan	nan	nan	nan	nan
141419	0.019	-0.104	0.082	-0.05	-0.23	-0.12	0.018	-0.004	-0.032	0.001	0.000	0.001	0.0000	0.0000	0.0000	0.0000	0.0000	0.0000	0	1.00	0.2624	0.2264	-0.4830	1.421	0	nan	nan	nan	nan	nan	nan
141427	0.022	-0.106	0.081	-0.06	0.02	0.06	0.020	0.015	-0.010	0.001	0.000	0.001	0.0000	0.0000	0.0000	0.0000	0.0000	0.0000	0	1.00	0.2624	0.2264	-0.4830	1.421	0	nan	nan	nan	nan	nan	nan
141435	0.018	-0.104	0.082	-0.00	0.15	0.19	0.035	0.014	0.004	0.001	0.000	0.001	0.0000	0.0000	0.0000	0.0000	0.0000	0.0000	0	1.00	0.2624	0.2264	-0.4830	1.421	0	nan	nan	nan	nan	nan	nan
141443	0.012	-0.100	0.085	-0.24	0.31	0.17	0.015	0.014	0.010	0.001	0.000	0.001	0.0000	0.0000	0.0000	0.0000	0.0000	0.0000	0	1.00	0.2624	0.2264	-0.4830	1.421	0	nan	nan	nan	nan	nan	nan
141451	0.006	-0.096	0.087	-0.63	0.66	0.52	0.013	0.005	0.028	0.001	0.000	0.001	0.0000	0.0000	0.0000	0.0000	0.0000	0.0000	0	1.00	0.2624	0.2264	-0.4830	1.421	0	nan	nan	nan	nan	nan	nan
141459	0.002	-0.095	0.091	-0.30	0.63	0.32	-0.011	0.015	0.027	0.001	0.000	0.001	0.0000	0.0000	0.0000	0.0000	0.0000	0.0000	0	1.00	0.2624	0.2264	-0.4830	1.421	0	nan	nan	nan	nan	nan	nan
141467	0.000	-0.094	0.091	-0.40	0.61	0.13	-0.025	0.020	0.028	0.001	0.000	0.001	0.0000	0.0000	0.0000	0.0000	0.0000	0.0000	0	1.00	0.2624	0.2264	-0.4830	1.421	0	nan	nan	nan	nan	nan	nan
141475	-0.009	-0.090	0.097	-0.30	0.43	0.21	-0.029	0.004	0.038	0.001	0.000	0.001	0.0000	0.0000	0.0000	0.0000	0.0000	0.0000	0	1.00	0.2624	0.2264	-0.4830	1.421	0	nan	nan	nan	nan	nan	nan
141483	-0.011	-0.088	0.097	-0.40	0.73	0.33	-0.022	0.006	0.008	0.001	0.000	0.001	0.0000	0.0000	0.0000	0.0000	0.0000	0.0000	0	1.00	0.2624	0.2264	-0.4830	1.421	0	nan	nan	nan	nan	nan	nan
141491	-0.016	-0.082	0.096	-0.52	0.94	0.02	-0.014	-0.012	0.010	0.001	0.000	0.001	0.0000	0.0000	0.0000	0.0000	0.0000	0.0000	0	1.00	0.2624	0.2264	-0.4830	1.421	0	nan	nan	nan	nan	nan	nan
141499	-0.014	-0.083	0.096	-0.27	0.73	-0.01	-0.004	0.001	-0.009	0.001	0.000	0.001	0.0000	0.0000	0.0000	0.0000	0.0000	0.0000	0	1.00	0.2624	0.2264	-0.4830	1.421	0	nan	nan	nan	nan	nan	nan
141507	-0.012	-0.080	0.090	-0.22	0.29	0.06	-0.024	-0.005	-0.009	0.001	0.000	0.001	0.0000	0.0000	0.0000	0.0000	0.0000	0.0000	0	1.00	0.2624	0.2264	-0.4830	1.421	0	nan	nan	nan	nan	nan	nan
141515	-0.016	-0.075	0.088	-0.17	0.44	-0.13	0.003	0.005	-0.001	0.001	0.000	0.001	0.0000	0.0000	0.0000	0.0000	0.0000	0.0000	0	1.00	0.2624	0.2264	-0.4830	1.421	0	nan	nan	nan	nan	nan	nan
141524	-0.019	-0.071	0.088	-0.02	0.32	-0.17	0.008	-0.001	-0.006	0.001	0.000	0.001	0.0000	0.0000	0.0000	0.0000	0.0000	0.0000	0	1.00	0.2624	0.2264	-0.4830	1.421	0	nan	nan	nan	nan	nan	nan
141532	-0.025	-0.065	0.087	0.07	0.40	-0.35	0.030	0.000	-0.012	0.001	0.000	0.001	0.0000	0.0000	0.0000	0.0000	0.0000	0.0000	0	1.00	0.2624	0.2264	-0.4830	1.421	0	nan	nan	nan	nan	nan	nan
141540	-0.029	-0.061	0.088	0.02	0.25	-0.15	0.021	0.004	-0.013	0.001	0.000	0.001	0.0000	0.0000	0.0000	0.0000	0.0000	0.0000	0	1.00	0.2624	0.2264	-0.4830	1.421	0	nan	nan	nan	nan	nan	nan
141548	-0.034	-0.054	0.087	-0.13	0.33	-0.07	0.015	-0.005	-0.013	0.001	0.000	0.001	0.0000	0.0000	0.0000	0.0000	0.0000	0.0000	0	1.00	0.2624	0.2264	-0.4830	1.421	0	nan	nan	nan	nan	nan	nan
141556	-0.037	-0.042	0.078	0.04	0.54	-0.55	0.028	0.001	-0.013	0.001	0.000	0.001	0.0000	0.0000	0.0000	0.0000	0.0000	0.0000	0	1.00	0.2624	0.2264	-0.4830	1.421	0	nan	nan	nan	nan	nan	nan
141564	-0.036	-0.041	0.076	0.27	0.21	-0.36	0.015	0.004	-0.010	0.001	0.000	0.001	0.0000	0.0000	0.0000	0.0000	0.0000	0.0000	0	1.00	0.2624	0.2264	-0.4830	1.421	0	nan	nan	nan	nan	nan	nan
141572	-0.036	-0.046	0.081	0.09	0.12	-0.19	-0.005	-0.008	-0.011	0.001	0.000	0.001	0.0000	0.0000	0.0000	0.0000	0.0000	0.0000	0	1.00	0.2624	0.2264	-0.4830	1.421	0	nan	nan	nan	nan	nan	nan
141580	-0.036	-0.044	0.078	0.08	-0.12	-0.26	-0.022	-0.010	0.003	0.001	0.000	0.001	0.0000	0.0000	0.0000	0.0000	0.0000	0.0000	0	1.00	0.2624	0.2264	-0.4830	1.421	0	nan	nan	nan	nan	nan	nan
141588	-0.034	-0.042	0.075	0.21	-0.07	-0.64	-0.022	-0.012	0.004	0.001	0.000	0.001	0.0000	0.0000	0.0000	0.0000	0.0000	0.0000	0	1.00	0.2624	0.2264	-0.4830	1.421	0	nan	nan	nan	nan	nan	nan
141596	-0.034	-0.040	0.072	0.14	-0.07	-0.47	-0.029	-0.012	-0.005	0.001	0.000	0.001	0.0000	0.0000	0.0000	0.0000	0.0000	0.0000	0	1.00	0.2624	0.2264	-0.4830	1.421	0	nan	nan	nan	nan	nan	nan
141604	-0.026	-0.045	0.070	0.12	-0.21	-0.52	-0.031	0.013	0.001	0.001	0.000	0.001	0.0000	0.0000	0.0000	0.0000	0.0000	0.0000	0	1.00	0.2624	0.2264	-0.4830	1.421	0	nan	nan	nan	nan	nan	nan
141613	-0.019	-0.050	0.068	-0.07	-0.46	-0.51	-0.012	-0.002	-0.002	0.001	0.000	0.001	0.0000	0.0000	0.0000	0.0000	0.0000	0.0000	0	1.00	0.2624	0.2264	-0.4830	1.421	0	nan	nan	nan	nan	nan	nan
141621	-0.016	-0.048	0.063	-0.07	-0.50	-0.47	-0.018	0.018	-0.007	0.001	0.000	0.001	0.0000	0.0000	0.0000	0.0000	0.0000	0.0000	0	1.00	0.2624	0.2264	-0.4830	1.421	0	nan	nan	nan	nan	nan	nan
141629	-0.013	-0.043	0.054	-0.12	-0.39	-0.53	0.009	0.004	-0.009	0.001	0.000	0.001	0.0000	0.0000	0.0000	0.0000	0.0000	0.0000	0	1.00	0.2624	0.2264	-0.4830	1.421	0	nan	nan	nan	nan	nan	nan
141637	-0.012	-0.038	0.048	-0.09	-0.29	-0.44	0.022	0.005	-0.011	0.001	0.000	0.001	0.0000	0.0000	0.0000	0.0000	0.0000	0.0000	0	1.00	0.2624	0.2264	-0.4830	1.421	0	nan	nan	nan	nan	nan	nan
141645	-0.013	-0.036	0.048	-0.10	-0.12	-0.18	0.019	-0.008	-0.014	0.001	0.000	0.001	0.0000	0.0000	0.0000	0.0000	0.0000	0.0000	0	1.00	0.2624	0.2264	-0.4830	1.421	0	nan	nan	nan	nan	nan	nan
141654	-0.011	-0.039	0.049	0.00	-0.19	0.10	0.015	-0.010	-0.017	0.001	0.000	0.001	0.0000	0.0000	0.0000	0.0000	0.0000	0.0000	0	1.00	0.2624	0.2264	-0.4830	1.421	0	nan	nan	nan	nan	nan	nan
141662	-0.014	-0.036	0.049	0.24	-0.05	0.15	0.002	-0.018	-0.016	0.001	0.000	0.001	0.0000	0.0000	0.0000	0.0000	0.0000	0.0000	0	1.00	0.2624	0.2264	-0.4830	1.421	0	nan	nan	nan	nan	nan	nan
141670	-0.009	-0.041	0.049	0.02	-0.01	0.11	0.007	-0.009	-0.000	0.001	0.000	0.001	0.0000	0.0000	0.0000	0.0000	0.0000	0.0000	0	1.00	0.2624	0.2264	-0.4830	1.421	0	nan	nan	nan	nan	nan	nan
141678	-0.012	-0.042	0.053	0.06	0.14	0.34	-0.001	-0.005	-0.004	0.001	0.000	0.001	0.0000	0.0000	0.0000	0.0000	0.0000	0.0000	0	1.00	0.2624	0.2264	-0.4830	1.421	0	nan	nan	nan	nan	nan	nan
141686	-0.009	-0.045	0.053	-0.01	-0.02	0.36	-0.006	0.013	0.012	0.001	0.000	0.001	0.0000	0.0000	0.0000	0.0000	0.0000	0.0000	0	1.00	0.2624	0.2264	-0.4830	1.421	0	nan	nan	nan	nan	nan	nan
141694	-0.011	-0.043	0.053	0.00	-0.14	0.06	-0.000	0.009	0.012	0.001	0.000	0.001	0.0000	0.0000	0.0000	0.0000	0.0000	0.0000	0	1.00	0.2624	0.2264	-0.4830	1.421	0	nan	nan	nan	nan	nan	nan
141702	-0.007	-0.049	0.055	-0.31	-0.35	-0.06	-0.010	0.010	0.015	0.001	0.000	0.001	0.0000	0.0000	0.0000	0.0000	0.0000	0.0000	0	1.00	0.2624	0.2264	-0.4830	1.421	0	nan	nan	nan	nan	nan	nan
141710	-0.003	-0.056	0.057	-0.20	-0.20	0.00	-0.011	0.022	0.019	0.001	0.000	0.001	0.0000	0.0000	0.0000	0.0000	0.0000	0.0000	0	1.00	0.2624	0.2264	-0.4830	1.421	0	nan	nan	nan	nan	nan	nan
141718	-0.003	-0.057	0.058	-0.36	-0.27	-0.41	-0.016	0.028	0.013	0.001	0.000	0.001	0.0000	0.0000	0.0000	0.0000	0.0000	0.0000	0	1.00	0.2624	0.2264	-0.4830	1.421	0	nan	nan	nan	nan	nan	nan
# gArmed = TRUE (no arm-gate check -- operator's call)
141727	-0.006	-0.058	0.063	-0.46	-0.22	-0.36	-0.006	0.013	0.005	0.001	0.000	0.001	0.0000	0.0000	0.0000	0.0000	0.0000	0.0000	0	1.00	0.2624	0.2264	-0.4830	1.421	0	nan	nan	nan	nan	nan	nan
141735	-0.005	-0.059	0.062	-0.56	-0.25	-0.22	-0.013	0.002	-0.001	0.001	0.000	0.001	0.0000	0.0000	0.0000	0.0000	0.0000	0.0000	0	1.00	0.2624	0.2264	-0.4830	1.421	0	nan	nan	nan	nan	nan	nan
141743	0.000	-0.056	0.054	-0.63	-0.24	-0.38	-0.012	-0.017	0.009	0.001	0.000	0.001	0.0000	0.0000	0.0000	0.0000	0.0000	0.0000	0	1.00	0.2624	0.2264	-0.4830	1.421	0	nan	nan	nan	nan	nan	nan
141751	-0.002	-0.057	0.057	-0.23	0.09	-0.05	-0.002	-0.038	-0.006	0.001	0.000	0.001	0.0000	0.0000	0.0000	0.0000	0.0000	0.0000	0	1.00	0.2624	0.2264	-0.4830	1.421	0	nan	nan	nan	nan	nan	nan
141759	-0.004	-0.052	0.055	-0.42	0.06	-0.25	0.007	-0.027	-0.002	0.001	0.000	0.001	0.0000	0.0000	0.0000	0.0000	0.0000	0.0000	0	1.00	0.2624	0.2264	-0.4830	1.421	0	nan	nan	nan	nan	nan	nan
141767	-0.006	-0.049	0.053	-0.30	0.06	-0.16	0.011	-0.008	-0.001	0.001	0.000	0.001	0.0000	0.0000	0.0000	0.0000	0.0000	0.0000	0	1.00	0.2624	0.2264	-0.4830	1.421	0	nan	nan	nan	nan	nan	nan
141775	-0.016	-0.039	0.054	-0.56	-0.05	-0.11	0.007	-0.014	-0.009	0.001	0.000	0.001	0.0000	0.0000	0.0000	0.0000	0.0000	0.0000	0	1.00	0.2624	0.2264	-0.4830	1.421	0	nan	nan	nan	nan	nan	nan
141783	-0.021	-0.035	0.054	-0.28	0.14	0.26	0.012	0.005	-0.019	0.001	0.000	0.001	0.0000	0.0000	0.0000	0.0000	0.0000	0.0000	0	1.00	0.2624	0.2264	-0.4830	1.421	0	nan	nan	nan	nan	nan	nan
141792	-0.024	-0.038	0.061	-0.24	0.27	0.21	-0.001	0.014	-0.010	0.001	0.000	0.001	0.0000	0.0000	0.0000	0.0000	0.0000	0.0000	0	1.00	0.2624	0.2264	-0.4830	1.421	0	nan	nan	nan	nan	nan	nan
141800	-0.027	-0.039	0.065	-0.35	0.29	0.40	-0.012	0.017	-0.005	0.001	0.000	0.001	0.0000	0.0000	0.0000	0.0000	0.0000	0.0000	0	1.00	0.2624	0.2264	-0.4830	1.421	0	nan	nan	nan	nan	nan	nan
141808	-0.031	-0.041	0.071	-0.13	-0.13	0.07	-0.012	0.048	-0.015	0.001	0.000	0.001	0.0000	0.0000	0.0000	0.0000	0.0000	0.0000	0	1.00	0.2624	0.2264	-0.4830	1.421	0	nan	nan	nan	nan	nan	nan
141816	-0.031	-0.046	0.075	-0.08	0.06	-0.17	-0.007	0.030	-0.015	0.001	0.000	0.001	0.0000	0.0000	0.0000	0.0000	0.0000	0.0000	0	1.00	0.2624	0.2264	-0.4830	1.421	0	nan	nan	nan	nan	nan	nan
141824	-0.030	-0.046	0.074	-0.21	0.19	0.05	-0.003	0.012	0.006	0.001	0.000	0.001	0.0000	0.0000	0.0000	0.0000	0.0000	0.0000	0	1.00	0.2624	0.2264	-0.4830	1.421	0	nan	nan	nan	nan	nan	nan
141832	-0.034	-0.044	0.076	-0.24	0.07	-0.33	-0.014	0.028	0.013	0.001	0.000	0.001	0.0000	0.0000	0.0000	0.0000	0.0000	0.0000	0	1.00	0.2624	0.2264	-0.4830	1.421	0	nan	nan	nan	nan	nan	nan
141840	-0.037	-0.043	0.079	-0.01	-0.04	0.08	-0.000	0.006	0.025	0.001	0.000	0.001	0.0000	0.0000	0.0000	0.0000	0.0000	0.0000	0	1.00	0.2624	0.2264	-0.4830	1.421	0	nan	nan	nan	nan	nan	nan
141848	-0.038	-0.046	0.082	-0.16	0.12	0.07	0.010	-0.000	0.036	0.001	0.000	0.001	0.0000	0.0000	0.0000	0.0000	0.0000	0.0000	0	1.00	0.2624	0.2264	-0.4830	1.421	0	nan	nan	nan	nan	nan	nan
141856	-0.043	-0.042	0.083	-0.09	0.15	0.18	0.003	-0.020	0.027	0.001	0.000	0.001	0.0000	0.0000	0.0000	0.0000	0.0000	0.0000	0	1.00	0.2624	0.2264	-0.4830	1.421	0	nan	nan	nan	nan	nan	nan
141864	-0.044	-0.041	0.084	-0.17	0.46	0.15	0.004	-0.014	0.013	0.001	0.000	0.001	0.0000	0.0000	0.0000	0.0000	0.0000	0.0000	0	1.00	0.2624	0.2264	-0.4830	1.421	0	nan	nan	nan	nan	nan	nan
141872	-0.042	-0.039	0.080	-0.14	0.54	0.14	-0.007	-0.014	0.021	0.001	0.000	0.001	0.0000	0.0000	0.0000	0.0000	0.0000	0.0000	0	1.00	0.2624	0.2264	-0.4830	1.421	0	nan	nan	nan	nan	nan	nan
141880	-0.038	-0.037	0.073	0.04	0.39	0.34	-0.005	-0.004	0.004	0.001	0.000	0.001	0.0000	0.0000	0.0000	0.0000	0.0000	0.0000	0	1.00	0.2624	0.2264	-0.4830	1.421	0	nan	nan	nan	nan	nan	nan
141888	-0.037	-0.035	0.072	-0.01	0.46	-0.11	-0.010	0.024	-0.017	0.001	0.000	0.001	0.0000	0.0000	0.0000	0.0000	0.0000	0.0000	0	1.00	0.2624	0.2264	-0.4830	1.421	0	nan	nan	nan	nan	nan	nan
141896	-0.039	-0.035	0.073	0.17	-0.08	0.04	0.002	0.027	-0.021	0.001	0.000	0.001	0.0000	0.0000	0.0000	0.0000	0.0000	0.0000	0	1.00	0.2624	0.2264	-0.4830	1.421	0	nan	nan	nan	nan	nan	nan
141904	-0.042	-0.034	0.075	0.19	-0.14	-0.02	0.000	0.007	-0.021	0.001	0.000	0.001	0.0000	0.0000	0.0000	0.0000	0.0000	0.0000	0	1.00	0.2624	0.2264	-0.4830	1.421	0	nan	nan	nan	nan	nan	nan
141913	-0.040	-0.036	0.075	0.50	-0.44	-0.15	0.024	0.000	-0.022	0.001	0.000	0.001	0.0000	0.0000	0.0000	0.0000	0.0000	0.0000	0	1.00	0.2624	0.2264	-0.4830	1.421	0	nan	nan	nan	nan	nan	nan
141921	-0.037	-0.036	0.072	0.04	-0.27	-0.49	0.020	-0.012	-0.020	0.001	0.000	0.001	0.0000	0.0000	0.0000	0.0000	0.0000	0.0000	0	1.00	0.2624	0.2264	-0.4830	1.421	0	nan	nan	nan	nan	nan	nan
141929	-0.033	-0.035	0.067	0.09	-0.25	-0.56	0.012	-0.025	-0.019	0.001	0.000	0.001	0.0000	0.0000	0.0000	0.0000	0.0000	0.0000	0	1.00	0.2624	0.2264	-0.4830	1.421	0	nan	nan	nan	nan	nan	nan
141937	-0.036	-0.030	0.065	0.18	-0.41	-0.81	0.016	-0.032	0.004	0.001	0.000	0.001	0.0000	0.0000	0.0000	0.0000	0.0000	0.0000	0	1.00	0.2624	0.2264	-0.4830	1.421	0	nan	nan	nan	nan	nan	nan
141945	-0.033	-0.028	0.060	-0.02	-0.18	-0.84	0.004	-0.018	0.013	0.001	0.000	0.001	0.0000	0.0000	0.0000	0.0000	0.0000	0.0000	0	1.00	0.2624	0.2264	-0.4830	1.421	0	nan	nan	nan	nan	nan	nan
141953	-0.026	-0.029	0.055	0.09	-0.16	-0.65	-0.004	-0.034	0.018	0.001	0.000	0.001	0.0000	0.0000	0.0000	0.0000	0.0000	0.0000	0	1.00	0.2624	0.2264	-0.4830	1.421	0	nan	nan	nan	nan	nan	nan
141961	-0.023	-0.031	0.053	0.28	-0.17	-0.40	-0.022	-0.010	0.010	0.001	0.000	0.001	0.0000	0.0000	0.0000	0.0000	0.0000	0.0000	0	1.00	0.2624	0.2264	-0.4830	1.421	0	nan	nan	nan	nan	nan	nan
141969	-0.020	-0.028	0.047	0.04	0.24	-0.25	-0.025	0.004	0.008	0.001	0.000	0.001	0.0000	0.0000	0.0000	0.0000	0.0000	0.0000	0	1.00	0.2624	0.2264	-0.4830	1.421	0	nan	nan	nan	nan	nan	nan
141977	-0.014	-0.029	0.042	0.49	0.34	-0.49	-0.023	0.022	0.006	0.001	0.000	0.001	0.0000	0.0000	0.0000	0.0000	0.0000	0.0000	0	1.00	0.2624	0.2264	-0.4830	1.421	0	nan	nan	nan	nan	nan	nan
141985	-0.006	-0.034	0.039	0.33	0.13	-0.01	-0.027	0.019	0.002	0.001	0.000	0.001	0.0000	0.0000	0.0000	0.0000	0.0000	0.0000	0	1.00	0.2624	0.2264	-0.4830	1.421	0	nan	nan	nan	nan	nan	nan
141993	0.001	-0.037	0.034	0.08	0.30	0.07	-0.019	0.027	-0.009	0.001	0.000	0.001	0.0000	0.0000	0.0000	0.0000	0.0000	0.0000	0	1.00	0.2624	0.2264	-0.4830	1.421	0	nan	nan	nan	nan	nan	nan
142001	0.009	-0.044	0.034	0.05	-0.26	0.55	-0.019	0.023	-0.028	0.001	0.000	0.001	0.0000	0.0000	0.0000	0.0000	0.0000	0.0000	0	1.00	0.2624	0.2264	-0.4830	1.421	0	nan	nan	nan	nan	nan	nan
142010	0.016	-0.049	0.031	-0.56	-0.27	0.54	-0.014	0.016	-0.008	0.001	0.000	0.001	0.0000	0.0000	0.0000	0.0000	0.0000	0.0000	0	1.00	0.2624	0.2264	-0.4830	1.421	0	nan	nan	nan	nan	nan	nan
142018	0.021	-0.053	0.031	-0.60	-0.50	0.39	-0.007	0.015	0.000	0.001	0.000	0.001	0.0000	0.0000	0.0000	0.0000	0.0000	0.0000	0	1.00	0.2624	0.2264	-0.4830	1.421	0	nan	nan	nan	nan	nan	nan
142026	0.026	-0.060	0.033	-0.70	-0.41	0.39	0.013	-0.013	-0.003	0.001	0.000	0.001	0.0000	0.0000	0.0000	0.0000	0.0000	0.0000	0	1.00	0.2624	0.2264	-0.4830	1.421	0	nan	nan	nan	nan	nan	nan
142034	0.027	-0.063	0.034	-0.48	-0.59	0.56	-0.007	-0.022	0.001	0.001	0.000	0.001	0.0000	0.0000	0.0000	0.0000	0.0000	0.0000	0	1.00	0.2624	0.2264	-0.4830	1.421	0	nan	nan	nan	nan	nan	nan
142042	0.026	-0.062	0.034	-0.79	-0.08	0.47	0.014	-0.043	-0.000	0.001	0.000	0.001	0.0000	0.0000	0.0000	0.0000	0.0000	0.0000	0	1.00	0.2624	0.2264	-0.4830	1.421	0	nan	nan	nan	nan	nan	nan
142050	0.024	-0.058	0.032	-0.53	0.37	0.40	0.001	-0.042	-0.002	0.001	0.000	0.001	0.0000	0.0000	0.0000	0.0000	0.0000	0.0000	0	1.00	0.2624	0.2264	-0.4830	1.421	0	nan	nan	nan	nan	nan	nan
142058	0.012	-0.053	0.040	-0.29	0.20	0.75	0.016	-0.029	0.008	0.001	0.000	0.001	0.0000	0.0000	0.0000	0.0000	0.0000	0.0000	0	1.00	0.2624	0.2264	-0.4830	1.421	0	nan	nan	nan	nan	nan	nan
142066	0.002	-0.051	0.048	-0.65	0.31	0.68	0.008	-0.023	-0.009	0.001	0.000	0.001	0.0000	0.0000	0.0000	0.0000	0.0000	0.0000	0	1.00	0.2624	0.2264	-0.4830	1.421	0	nan	nan	nan	nan	nan	nan
142074	-0.008	-0.049	0.056	-0.39	0.30	0.75	0.002	-0.012	0.006	0.001	0.000	0.001	0.0000	0.0000	0.0000	0.0000	0.0000	0.0000	0	1.00	0.2624	0.2264	-0.4830	1.421	0	nan	nan	nan	nan	nan	nan
142082	-0.018	-0.050	0.067	-0.40	0.05	0.69	-0.006	0.012	0.015	0.001	0.000	0.001	0.0000	0.0000	0.0000	0.0000	0.0000	0.0000	0	1.00	0.2624	0.2264	-0.4830	1.421	0	nan	nan	nan	nan	nan	nan
142090	-0.031	-0.046	0.076	-0.61	0.13	0.50	0.004	0.016	0.022	0.001	0.000	0.001	0.0000	0.0000	0.0000	0.0000	0.0000	0.0000	0	1.00	0.2624	0.2264	-0.4830	1.421	0	nan	nan	nan	nan	nan	nan
142098	-0.037	-0.050	0.086	-0.42	0.09	0.46	0.015	0.038	0.031	0.001	0.000	0.001	0.0000	0.0000	0.0000	0.0000	0.0000	0.0000	0	1.00	0.2624	0.2264	-0.4830	1.421	0	nan	nan	nan	nan	nan	nan
142106	-0.046	-0.049	0.094	-0.39	0.01	0.30	0.009	0.044	0.028	0.001	0.000	0.001	0.0000	0.0000	0.0000	0.0000	0.0000	0.0000	0	1.00	0.2624	0.2264	-0.4830	1.421	0	nan	nan	nan	nan	nan	nan
142114	-0.050	-0.059	0.107	-0.05	0.14	0.26	0.013	0.031	0.028	0.001	0.000	0.001	0.0000	0.0000	0.0000	0.0000	0.0000	0.0000	0	1.00	0.2624	0.2264	-0.4830	1.421	0	nan	nan	nan	nan	nan	nan
142122	-0.054	-0.059	0.112	-0.03	-0.11	0.27	0.006	0.014	0.007	0.001	0.000	0.001	0.0000	0.0000	0.0000	0.0000	0.0000	0.0000	0	1.00	0.2624	0.2264	-0.4830	1.421	0	nan	nan	nan	nan	nan	nan
142131	-0.062	-0.061	0.121	-0.20	-0.33	0.13	0.002	0.020	-0.002	0.001	0.000	0.001	0.0000	0.0000	0.0000	0.0000	0.0000	0.0000	0	1.00	0.2624	0.2264	-0.4830	1.421	0	nan	nan	nan	nan	nan	nan
142139	-0.066	-0.062	0.126	0.05	-0.24	-0.21	0.002	0.016	-0.018	0.001	0.000	0.001	0.0000	0.0000	0.0000	0.0000	0.0000	0.0000	0	1.00	0.2624	0.2264	-0.4830	1.421	0	nan	nan	nan	nan	nan	nan
142147	-0.066	-0.063	0.128	-0.36	-0.40	-0.27	-0.000	0.009	-0.019	0.001	0.000	0.001	0.0000	0.0000	0.0000	0.0000	0.0000	0.0000	0	1.00	0.2624	0.2264	-0.4830	1.421	0	nan	nan	nan	nan	nan	nan
142155	-0.067	-0.063	0.128	0.13	-0.39	-0.78	-0.009	-0.020	-0.015	0.001	0.000	0.001	0.0000	0.0000	0.0000	0.0000	0.0000	0.0000	0	1.00	0.2624	0.2264	-0.4830	1.421	0	nan	nan	nan	nan	nan	nan
142163	-0.063	-0.064	0.125	0.08	-0.32	-0.80	-0.013	-0.040	-0.021	0.001	0.000	0.001	0.0000	0.0000	0.0000	0.0000	0.0000	0.0000	0	1.00	0.2624	0.2264	-0.4830	1.421	0	nan	nan	nan	nan	nan	nan
142171	-0.055	-0.064	0.117	0.35	-0.39	-0.79	-0.025	-0.015	0.002	0.001	0.000	0.001	0.0000	0.0000	0.0000	0.0000	0.0000	0.0000	0	1.00	0.2624	0.2264	-0.4830	1.421	0	nan	nan	nan	nan	nan	nan
142179	-0.051	-0.060	0.110	0.28	-0.49	-1.14	-0.019	-0.009	-0.002	0.001	0.000	0.001	0.0000	0.0000	0.0000	0.0000	0.0000	0.0000	0	1.00	0.2624	0.2264	-0.4830	1.421	0	nan	nan	nan	nan	nan	nan
142188	-0.052	-0.057	0.107	0.29	-0.26	-0.74	-0.015	-0.017	-0.003	0.001	0.000	0.001	0.0000	0.0000	0.0000	0.0000	0.0000	0.0000	0	1.00	0.2624	0.2264	-0.4830	1.421	0	nan	nan	nan	nan	nan	nan
142196	-0.044	-0.059	0.101	0.74	-0.16	-0.99	-0.015	-0.016	0.001	0.001	0.000	0.001	0.0000	0.0000	0.0000	0.0000	0.0000	0.0000	0	1.00	0.2624	0.2264	-0.4830	1.421	0	nan	nan	nan	nan	nan	nan
142204	-0.034	-0.061	0.093	0.82	0.20	-0.89	0.007	0.004	-0.001	0.001	0.000	0.001	0.0000	0.0000	0.0000	0.0000	0.0000	0.0000	0	1.00	0.2624	0.2264	-0.4830	1.421	0	nan	nan	nan	nan	nan	nan
142212	-0.021	-0.068	0.087	0.76	-0.19	-0.76	0.001	0.021	0.021	0.001	0.000	0.001	0.0000	0.0000	0.0000	0.0000	0.0000	0.0000	0	1.00	0.2624	0.2264	-0.4830	1.421	0	nan	nan	nan	nan	nan	nan
142220	-0.014	-0.066	0.077	0.40	-0.09	-0.40	0.016	0.031	0.016	0.001	0.000	0.001	0.0000	0.0000	0.0000	0.0000	0.0000	0.0000	0	1.00	0.2624	0.2264	-0.4830	1.421	0	nan	nan	nan	nan	nan	nan
142228	-0.006	-0.067	0.071	0.71	-0.21	-0.26	0.020	0.042	0.002	0.001	0.000	0.001	0.0000	0.0000	0.0000	0.0000	0.0000	0.0000	0	1.00	0.2624	0.2264	-0.4830	1.421	0	nan	nan	nan	nan	nan	nan
142236	0.002	-0.068	0.064	0.45	-0.20	-0.34	0.009	0.024	-0.008	0.001	0.000	0.001	0.0000	0.0000	0.0000	0.0000	0.0000	0.0000	0	1.00	0.2624	0.2264	-0.4830	1.421	0	nan	nan	nan	nan	nan	nan
142244	0.011	-0.073	0.060	0.27	0.26	-0.40	0.004	0.010	0.001	0.001	0.000	0.001	0.0000	0.0000	0.0000	0.0000	0.0000	0.0000	0	1.00	0.2624	0.2264	-0.4830	1.421	0	nan	nan	nan	nan	nan	nan
142252	0.018	-0.074	0.054	0.14	-0.03	-0.09	0.001	0.005	-0.020	0.001	0.000	0.001	0.0000	0.0000	0.0000	0.0000	0.0000	0.0000	0	1.00	0.2624	0.2264	-0.4830	1.421	0	nan	nan	nan	nan	nan	nan
142260	0.020	-0.071	0.049	0.26	0.10	-0.13	-0.001	0.005	-0.018	0.001	0.000	0.001	0.0000	0.0000	0.0000	0.0000	0.0000	0.0000	0	1.00	0.2624	0.2264	-0.4830	1.421	0	nan	nan	nan	nan	nan	nan
142268	0.025	-0.072	0.045	0.16	0.19	-0.12	-0.009	-0.030	-0.012	0.001	0.000	0.001	0.0000	0.0000	0.0000	0.0000	0.0000	0.0000	0	1.00	0.2624	0.2264	-0.4830	1.421	0	nan	nan	nan	nan	nan	nan
142276	0.026	-0.072	0.044	0.03	0.36	0.05	-0.007	-0.029	-0.011	0.001	0.000	0.001	0.0000	0.0000	0.0000	0.0000	0.0000	0.0000	0	1.00	0.2624	0.2264	-0.4830	1.421	0	nan	nan	nan	nan	nan	nan
142284	0.034	-0.076	0.039	0.11	0.35	-0.23	-0.019	-0.032	0.007	0.001	0.000	0.001	0.0000	0.0000	0.0000	0.0000	0.0000	0.0000	0	1.00	0.2624	0.2264	-0.4830	1.421	0	nan	nan	nan	nan	nan	nan
142293	0.034	-0.073	0.037	-0.01	0.17	-0.14	-0.017	-0.018	0.000	0.001	0.000	0.001	0.0000	0.0000	0.0000	0.0000	0.0000	0.0000	0	1.00	0.2624	0.2264	-0.4830	1.421	0	nan	nan	nan	nan	nan	nan
142301	0.038	-0.077	0.036	0.01	-0.11	0.01	-0.010	-0.004	0.014	0.001	0.000	0.001	0.0000	0.0000	0.0000	0.0000	0.0000	0.0000	0	1.00	0.2624	0.2264	-0.4830	1.421	0	nan	nan	nan	nan	nan	nan
142309	0.041	-0.078	0.035	0.21	-0.05	0.07	-0.006	0.038	0.013	0.001	0.000	0.001	0.0000	0.0000	0.0000	0.0000	0.0000	0.0000	0	1.00	0.2624	0.2264	-0.4830	1.421	0	nan	nan	nan	nan	nan	nan
142317	0.041	-0.081	0.038	0.16	0.02	0.05	-0.014	0.037	0.010	0.001	0.000	0.001	0.0000	0.0000	0.0000	0.0000	0.0000	0.0000	0	1.00	0.2624	0.2264	-0.4830	1.421	0	nan	nan	nan	nan	nan	nan
142325	0.041	-0.082	0.038	0.38	-0.49	0.24	-0.005	0.019	-0.002	0.001	0.000	0.001	0.0000	0.0000	0.0000	0.0000	0.0000	0.0000	0	1.00	0.2624	0.2264	-0.4830	1.421	0	nan	nan	nan	nan	nan	nan
142333	0.045	-0.080	0.033	-0.02	0.40	-0.25	0.002	0.016	-0.007	0.001	0.000	0.001	0.0000	0.0000	0.0000	0.0000	0.0000	0.0000	0	1.00	0.2624	0.2264	-0.4830	1.421	0	nan	nan	nan	nan	nan	nan
142341	0.042	-0.078	0.035	-0.07	-0.09	0.29	0.012	0.011	-0.001	0.001	0.000	0.001	0.0000	0.0000	0.0000	0.0000	0.0000	0.0000	0	1.00	0.2624	0.2264	-0.4830	1.421	0	nan	nan	nan	nan	nan	nan
142349	0.039	-0.079	0.038	-0.21	0.06	0.17	0.030	-0.001	-0.016	0.001	0.000	0.001	0.0000	0.0000	0.0000	0.0000	0.0000	0.0000	0	1.00	0.2624	0.2264	-0.4830	1.421	0	nan	nan	nan	nan	nan	nan
142357	0.034	-0.078	0.042	-0.58	0.11	-0.03	0.025	-0.011	-0.019	0.001	0.000	0.001	0.0000	0.0000	0.0000	0.0000	0.0000	0.0000	0	1.00	0.2624	0.2264	-0.4830	1.421	0	nan	nan	nan	nan	nan	nan
142365	0.035	-0.084	0.047	-0.97	-0.17	0.21	0.025	-0.028	-0.012	0.001	0.000	0.001	0.0000	0.0000	0.0000	0.0000	0.0000	0.0000	0	1.00	0.2624	0.2264	-0.4830	1.421	0	nan	nan	nan	nan	nan	nan
142373	0.032	-0.086	0.051	-0.76	0.04	0.42	0.017	-0.026	-0.002	0.001	0.000	0.001	0.0000	0.0000	0.0000	0.0000	0.0000	0.0000	0	1.00	0.2624	0.2264	-0.4830	1.421	0	nan	nan	nan	nan	nan	nan
142381	0.025	-0.088	0.061	-0.81	0.11	0.40	0.015	-0.026	-0.005	0.001	0.000	0.001	0.0000	0.0000	0.0000	0.0000	0.0000	0.0000	0	1.00	0.2624	0.2264	-0.4830	1.421	0	nan	nan	nan	nan	nan	nan
142390	0.017	-0.084	0.066	-1.02	0.14	0.26	-0.003	-0.022	0.000	0.001	0.000	0.001	0.0000	0.0000	0.0000	0.0000	0.0000	0.0000	0	1.00	0.2624	0.2264	-0.4830	1.421	0	nan	nan	nan	nan	nan	nan
142398	0.012	-0.083	0.068	-0.69	0.20	0.41	-0.018	-0.016	0.004	0.001	0.000	0.001	0.0000	0.0000	0.0000	0.0000	0.0000	0.0000	0	1.00	0.2624	0.2264	-0.4830	1.421	0	nan	nan	nan	nan	nan	nan
142406	0.017	-0.082	0.063	-0.67	0.01	0.47	-0.026	0.010	-0.006	0.001	0.000	0.001	0.0000	0.0000	0.0000	0.0000	0.0000	0.0000	0	1.00	0.2624	0.2264	-0.4830	1.421	0	nan	nan	nan	nan	nan	nan
142414	0.011	-0.075	0.063	-0.90	-0.10	0.28	-0.031	0.010	0.010	0.001	0.000	0.001	0.0000	0.0000	0.0000	0.0000	0.0000	0.0000	0	1.00	0.2624	0.2264	-0.4830	1.421	0	nan	nan	nan	nan	nan	nan
142422	0.007	-0.077	0.068	-0.52	-0.15	0.49	-0.027	0.023	0.012	0.001	0.000	0.001	0.0000	0.0000	0.0000	0.0000	0.0000	0.0000	0	1.00	0.2624	0.2264	-0.4830	1.421	0	nan	nan	nan	nan	nan	nan
142430	0.003	-0.076	0.071	-0.45	-0.21	0.25	-0.012	0.021	0.011	0.001	0.000	0.001	0.0000	0.0000	0.0000	0.0000	0.0000	0.0000	0	1.00	0.2624	0.2264	-0.4830	1.421	0	nan	nan	nan	nan	nan	nan
142438	-0.000	-0.075	0.073	-0.18	0.15	0.27	0.012	0.017	0.024	0.001	0.000	0.001	0.0000	0.0000	0.0000	0.0000	0.0000	0.0000	0	1.00	0.2624	0.2264	-0.4830	1.421	0	nan	nan	nan	nan	nan	nan
142447	-0.005	-0.071	0.075	-0.22	0.07	0.28	0.018	0.011	0.012	0.001	0.000	0.001	0.0000	0.0000	0.0000	0.0000	0.0000	0.0000	0	1.00	0.2624	0.2264	-0.4830	1.421	0	nan	nan	nan	nan	nan	nan
142455	-0.011	-0.070	0.079	0.12	0.29	0.15	0.018	-0.008	-0.002	0.001	0.000	0.001	0.0000	0.0000	0.0000	0.0000	0.0000	0.0000	0	1.00	0.2624	0.2264	-0.4830	1.421	0	nan	nan	nan	nan	nan	nan
142463	-0.023	-0.061	0.082	0.17	0.26	0.12	0.023	0.000	-0.001	0.001	0.000	0.001	0.0000	0.0000	0.0000	0.0000	0.0000	0.0000	0	1.00	0.2624	0.2264	-0.4830	1.421	0	nan	nan	nan	nan	nan	nan
142471	-0.029	-0.058	0.086	0.29	0.35	0.12	0.025	-0.017	-0.002	0.001	0.000	0.001	0.0000	0.0000	0.0000	0.0000	0.0000	0.0000	0	1.00	0.2624	0.2264	-0.4830	1.421	0	nan	nan	nan	nan	nan	nan
142480	-0.035	-0.056	0.089	0.56	0.61	0.12	0.031	-0.017	-0.007	0.001	0.000	0.001	0.0000	0.0000	0.0000	0.0000	0.0000	0.0000	0	1.00	0.2624	0.2264	-0.4830	1.421	0	nan	nan	nan	nan	nan	nan
142488	-0.040	-0.054	0.092	0.30	0.16	0.19	0.020	-0.015	-0.008	0.001	0.000	0.001	0.0000	0.0000	0.0000	0.0000	0.0000	0.0000	0	1.00	0.2624	0.2264	-0.4830	1.421	0	nan	nan	nan	nan	nan	nan
142496	-0.036	-0.058	0.092	0.37	0.03	-0.28	-0.002	0.003	0.004	0.001	0.000	0.001	0.0000	0.0000	0.0000	0.0000	0.0000	0.0000	0	1.00	0.2624	0.2264	-0.4830	1.421	0	nan	nan	nan	nan	nan	nan
142504	-0.041	-0.059	0.098	0.12	0.04	-0.35	-0.009	0.006	0.011	0.001	0.000	0.001	0.0000	0.0000	0.0000	0.0000	0.0000	0.0000	0	1.00	0.2624	0.2264	-0.4830	1.421	0	nan	nan	nan	nan	nan	nan
142512	-0.039	-0.061	0.098	0.13	-0.23	-0.20	-0.013	0.018	0.000	0.001	0.000	0.001	0.0000	0.0000	0.0000	0.0000	0.0000	0.0000	0	1.00	0.2624	0.2264	-0.4830	1.421	0	nan	nan	nan	nan	nan	nan
142520	-0.038	-0.052	0.089	0.25	-0.25	-0.82	-0.024	0.023	0.013	0.001	0.000	0.001	0.0000	0.0000	0.0000	0.0000	0.0000	0.0000	0	1.00	0.2624	0.2264	-0.4830	1.421	0	nan	nan	nan	nan	nan	nan
142528	-0.034	-0.050	0.083	-0.05	-0.72	-1.12	-0.028	0.028	0.006	0.001	0.000	0.001	0.0000	0.0000	0.0000	0.0000	0.0000	0.0000	0	1.00	0.2624	0.2264	-0.4830	1.421	0	nan	nan	nan	nan	nan	nan
142536	-0.027	-0.053	0.078	0.03	-0.53	-0.85	-0.022	0.006	-0.003	0.001	0.000	0.001	0.0000	0.0000	0.0000	0.0000	0.0000	0.0000	0	1.00	0.2624	0.2264	-0.4830	1.421	0	nan	nan	nan	nan	nan	nan
142544	-0.022	-0.049	0.070	0.05	-0.44	-0.75	-0.009	0.001	-0.003	0.001	0.000	0.001	0.0000	0.0000	0.0000	0.0000	0.0000	0.0000	0	1.00	0.2624	0.2264	-0.4830	1.421	0	nan	nan	nan	nan	nan	nan
142552	-0.023	-0.040	0.061	-0.01	-0.40	-1.06	-0.000	0.005	-0.027	0.001	0.000	0.001	0.0000	0.0000	0.0000	0.0000	0.0000	0.0000	0	1.00	0.2624	0.2264	-0.4830	1.421	0	nan	nan	nan	nan	nan	nan
142560	-0.023	-0.034	0.055	0.25	-0.08	-0.57	0.004	-0.009	-0.035	0.001	0.000	0.001	0.0000	0.0000	0.0000	0.0000	0.0000	0.0000	0	1.00	0.2624	0.2264	-0.4830	1.421	0	nan	nan	nan	nan	nan	nan
142569	-0.019	-0.028	0.046	0.15	0.10	-0.65	0.012	-0.019	-0.041	0.001	0.000	0.001	0.0000	0.0000	0.0000	0.0000	0.0000	0.0000	0	1.00	0.2624	0.2264	-0.4830	1.421	0	nan	nan	nan	nan	nan	nan
142577	-0.015	-0.029	0.044	0.42	0.10	-0.39	0.018	-0.020	-0.032	0.001	0.000	0.001	0.0000	0.0000	0.0000	0.0000	0.0000	0.0000	0	1.00	0.2624	0.2264	-0.4830	1.421	0	nan	nan	nan	nan	nan	nan
142585	-0.005	-0.035	0.038	0.34	-0.04	-0.27	0.016	-0.017	-0.027	0.001	0.000	0.001	0.0000	0.0000	0.0000	0.0000	0.0000	0.0000	0	1.00	0.2624	0.2264	-0.4830	1.421	0	nan	nan	nan	nan	nan	nan
142593	-0.001	-0.037	0.037	0.61	-0.07	-0.30	0.014	-0.020	-0.015	0.001	0.000	0.001	0.0000	0.0000	0.0000	0.0000	0.0000	0.0000	0	1.00	0.2624	0.2264	-0.4830	1.421	0	nan	nan	nan	nan	nan	nan
142601	0.002	-0.035	0.033	0.27	-0.07	-0.39	0.011	-0.008	-0.000	0.001	0.000	0.001	0.0000	0.0000	0.0000	0.0000	0.0000	0.0000	0	1.00	0.2624	0.2264	-0.4830	1.421	0	nan	nan	nan	nan	nan	nan
142609	0.007	-0.039	0.031	-0.00	-0.17	-0.23	0.011	0.013	0.015	0.001	0.000	0.001	0.0000	0.0000	0.0000	0.0000	0.0000	0.0000	0	1.00	0.2624	0.2264	-0.4830	1.421	0	nan	nan	nan	nan	nan	nan
142618	0.013	-0.042	0.028	0.32	-0.14	-0.37	0.021	0.039	0.031	0.001	0.000	0.001	0.0000	0.0000	0.0000	0.0000	0.0000	0.0000	0	1.00	0.2624	0.2264	-0.4830	1.421	0	nan	nan	nan	nan	nan	nan
142626	0.018	-0.041	0.022	0.35	-0.52	-0.23	0.009	0.038	0.040	0.001	0.000	0.001	0.0000	0.0000	0.0000	0.0000	0.0000	0.0000	0	1.00	0.2624	0.2264	-0.4830	1.421	0	nan	nan	nan	nan	nan	nan
142634	0.024	-0.040	0.015	0.15	-0.37	-0.18	-0.010	0.017	0.035	0.001	0.000	0.001	0.0000	0.0000	0.0000	0.0000	0.0000	0.0000	0	1.00	0.2624	0.2264	-0.4830	1.421	0	nan	nan	nan	nan	nan	nan
142642	0.022	-0.038	0.015	-0.12	0.41	-0.16	-0.013	0.005	0.030	0.001	0.000	0.001	0.0000	0.0000	0.0000	0.0000	0.0000	0.0000	0	1.00	0.2624	0.2264	-0.4830	1.421	0	nan	nan	nan	nan	nan	nan
142650	0.020	-0.036	0.015	-0.14	0.17	0.20	-0.019	-0.019	0.024	0.001	0.000	0.001	0.0000	0.0000	0.0000	0.0000	0.0000	0.0000	0	1.00	0.2624	0.2264	-0.4830	1.421	0	nan	nan	nan	nan	nan	nan
142658	0.029	-0.039	0.008	0.18	0.20	0.06	-0.005	-0.027	0.009	0.001	0.000	0.001	0.0000	0.0000	0.0000	0.0000	0.0000	0.0000	0	1.00	0.2624	0.2264	-0.4830	1.421	0	nan	nan	nan	nan	nan	nan
142666	0.032	-0.041	0.007	0.52	0.12	0.23	-0.017	-0.035	-0.006	0.001	0.000	0.001	0.0000	0.0000	0.0000	0.0000	0.0000	0.0000	0	1.00	0.2624	0.2264	-0.4830	1.421	0	nan	nan	nan	nan	nan	nan
142674	0.031	-0.044	0.012	-0.02	-0.11	0.26	0.006	-0.035	-0.006	0.001	0.000	0.001	0.0000	0.0000	0.0000	0.0000	0.0000	0.0000	0	1.00	0.2624	0.2264	-0.4830	1.421	0	nan	nan	nan	nan	nan	nan
142682	0.034	-0.049	0.014	-0.07	-0.09	0.29	0.017	-0.050	-0.017	0.001	0.000	0.001	0.0000	0.0000	0.0000	0.0000	0.0000	0.0000	0	1.00	0.2624	0.2264	-0.4830	1.421	0	nan	nan	nan	nan	nan	nan
142691	0.040	-0.053	0.012	-0.36	0.05	0.33	0.009	-0.032	-0.031	0.001	0.000	0.001	0.0000	0.0000	0.0000	0.0000	0.0000	0.0000	0	1.00	0.2624	0.2264	-0.4830	1.421	0	nan	nan	nan	nan	nan	nan
142699	0.042	-0.059	0.016	-0.28	-0.49	0.58	0.008	-0.016	-0.037	0.001	0.000	0.001	0.0000	0.0000	0.0000	0.0000	0.0000	0.0000	0	1.00	0.2624	0.2264	-0.4830	1.421	0	nan	nan	nan	nan	nan	nan
142707	0.040	-0.058	0.016	0.08	-0.59	0.64	-0.002	0.016	-0.021	0.001	0.000	0.001	0.0000	0.0000	0.0000	0.0000	0.0000	0.0000	0	1.00	0.2624	0.2264	-0.4830	1.421	0	nan	nan	nan	nan	nan	nan
142715	0.039	-0.061	0.020	-0.47	-0.47	0.33	-0.003	0.021	-0.007	0.001	0.000	0.001	0.0000	0.0000	0.0000	0.0000	0.0000	0.0000	0	1.00	0.2624	0.2264	-0.4830	1.421	0	nan	nan	nan	nan	nan	nan
142723	0.038	-0.065	0.024	-0.50	-0.35	0.45	0.011	0.036	-0.008	0.001	0.000	0.001	0.0000	0.0000	0.0000	0.0000	0.0000	0.0000	0	1.00	0.2624	0.2264	-0.4830	1.421	0	nan	nan	nan	nan	nan	nan
142731	0.042	-0.063	0.019	0.07	-0.49	0.66	0.000	0.029	-0.011	0.001	0.000	0.001	0.0000	0.0000	0.0000	0.0000	0.0000	0.0000	0	1.00	0.2624	0.2264	-0.4830	1.421	0	nan	nan	nan	nan	nan	nan
142739	0.044	-0.067	0.021	-0.47	-0.35	0.63	0.009	0.043	0.022	0.001	0.000	0.001	0.0000	0.0000	0.0000	0.0000	0.0000	0.0000	0	1.00	0.2624	0.2264	-0.4830	1.421	0	nan	nan	nan	nan	nan	nan
142747	0.041	-0.070	0.028	-0.43	0.02	0.65	0.002	0.036	0.028	0.001	0.000	0.001	0.0000	0.0000	0.0000	0.0000	0.0000	0.0000	0	1.00	0.2624	0.2264	-0.4830	1.421	0	nan	nan	nan	nan	nan	nan
142755	0.039	-0.069	0.028	-1.01	-0.24	0.64	0.004	0.014	0.043	0.001	0.000	0.001	0.0000	0.0000	0.0000	0.0000	0.0000	0.0000	0	1.00	0.2624	0.2264	-0.4830	1.421	0	nan	nan	nan	nan	nan	nan
142763	0.035	-0.072	0.035	-1.51	-0.54	0.69	-0.005	0.016	0.051	0.001	0.000	0.001	0.0000	0.0000	0.0000	0.0000	0.0000	0.0000	0	1.00	0.2624	0.2264	-0.4830	1.421	0	nan	nan	nan	nan	nan	nan
142771	0.032	-0.073	0.039	-1.79	-0.45	0.78	-0.007	0.003	0.048	0.001	0.000	0.001	0.0000	0.0000	0.0000	0.0000	0.0000	0.0000	0	1.00	0.2624	0.2264	-0.4830	1.421	0	nan	nan	nan	nan	nan	nan
142779	0.030	-0.077	0.045	-1.76	-0.70	0.79	-0.009	-0.005	0.016	0.001	0.000	0.001	0.0000	0.0000	0.0000	0.0000	0.0000	0.0000	0	1.00	0.2624	0.2264	-0.4830	1.421	0	nan	nan	nan	nan	nan	nan
142787	0.025	-0.080	0.052	-2.63	-0.57	0.58	-0.006	-0.033	0.008	0.001	0.000	0.001	0.0000	0.0000	0.0000	0.0000	0.0000	0.0000	0	1.00	0.2624	0.2264	-0.4830	1.421	0	nan	nan	nan	nan	nan	nan
142796	0.019	-0.084	0.063	-2.87	-0.79	0.61	0.001	-0.009	-0.001	0.001	0.000	0.001	0.0000	0.0000	0.0000	0.0000	0.0000	0.0000	0	1.00	0.2624	0.2264	-0.4830	1.421	0	nan	nan	nan	nan	nan	nan
142804	0.009	-0.086	0.076	-3.09	-1.12	0.63	-0.014	-0.007	-0.025	0.001	0.000	0.001	0.0000	0.0000	0.0000	0.0000	0.0000	0.0000	0	1.00	0.2624	0.2264	-0.4830	1.421	0	nan	nan	nan	nan	nan	nan
142812	-0.000	-0.087	0.085	-3.79	-1.23	1.13	-0.016	0.009	-0.034	0.001	0.000	0.001	0.0000	0.0000	0.0000	0.0000	0.0000	0.0000	0	1.00	0.2624	0.2264	-0.4830	1.421	0	nan	nan	nan	nan	nan	nan
142820	-0.009	-0.083	0.091	-3.88	-1.06	0.94	-0.024	-0.004	-0.054	0.001	0.000	0.001	0.0000	0.0000	0.0000	0.0000	0.0000	0.0000	0	1.00	0.2624	0.2264	-0.4830	1.421	0	nan	nan	nan	nan	nan	nan
142829	-0.033	-0.066	0.097	-4.04	-0.84	0.99	-0.018	0.004	-0.056	0.001	0.000	0.001	0.0000	0.0000	0.0000	0.0000	0.0000	0.0000	0	1.00	0.2624	0.2264	-0.4830	1.421	0	nan	nan	nan	nan	nan	nan
142837	-0.058	-0.054	0.111	-3.83	-0.30	1.62	-0.024	-0.011	-0.065	0.001	0.000	0.001	0.0000	0.0000	0.0000	0.0000	0.0000	0.0000	0	1.00	0.2624	0.2264	-0.4830	1.421	0	nan	nan	nan	nan	nan	nan
142845	-0.084	-0.049	0.132	-3.11	-0.15	2.02	-0.010	-0.018	-0.059	0.001	0.000	0.001	0.0000	0.0000	0.0000	0.0000	0.0000	0.0000	0	1.00	0.2624	0.2264	-0.4830	1.421	0	nan	nan	nan	nan	nan	nan
142853	-0.108	-0.044	0.152	-2.97	-0.53	2.68	-0.001	-0.002	-0.062	0.001	0.000	0.001	0.0000	0.0000	0.0000	0.0000	0.0000	0.0000	0	1.00	0.2624	0.2264	-0.4830	1.421	0	nan	nan	nan	nan	nan	nan
142861	-0.140	-0.035	0.174	-2.70	-0.36	3.19	0.009	-0.001	-0.004	0.001	0.000	0.001	0.0000	0.0000	0.0000	0.0000	0.0000	0.0000	0	1.00	0.2624	0.2264	-0.4830	1.421	0	nan	nan	nan	nan	nan	nan
142869	-0.170	-0.024	0.193	-2.79	-0.28	3.09	0.008	-0.006	0.014	0.001	0.000	0.001	0.0000	0.0000	0.0000	0.0000	0.0000	0.0000	0	1.00	0.2624	0.2264	-0.4830	1.421	0	nan	nan	nan	nan	nan	nan
142877	-0.203	-0.020	0.222	-2.69	-0.46	3.17	0.035	-0.016	0.044	0.001	0.000	0.001	0.0000	0.0000	0.0000	0.0000	0.0000	0.0000	0	1.00	0.2624	0.2264	-0.4830	1.421	0	nan	nan	nan	nan	nan	nan
142885	-0.232	-0.020	0.251	-2.37	-1.20	3.81	0.031	-0.016	0.038	0.001	0.000	0.001	0.0000	0.0000	0.0000	0.0000	0.0000	0.0000	0	1.00	0.2624	0.2264	-0.4830	1.421	0	nan	nan	nan	nan	nan	nan
142893	-0.258	-0.023	0.280	-2.18	-1.56	3.97	0.035	0.010	0.034	0.001	0.000	0.001	0.0000	0.0000	0.0000	0.0000	0.0000	0.0000	0	1.00	0.2624	0.2264	-0.4830	1.421	0	nan	nan	nan	nan	nan	nan
142901	-0.284	-0.024	0.307	-2.27	-2.03	4.11	0.023	0.024	0.045	0.001	0.000	0.001	0.0000	0.0000	0.0000	0.0000	0.0000	0.0000	0	1.00	0.2624	0.2264	-0.4830	1.421	0	nan	nan	nan	nan	nan	nan
142909	-0.308	-0.023	0.331	-2.71	-2.26	3.61	0.031	0.020	0.037	0.001	0.000	0.001	0.0000	0.0000	0.0000	0.0000	0.0000	0.0000	0	1.00	0.2624	0.2264	-0.4830	1.421	0	nan	nan	nan	nan	nan	nan
142918	-0.339	-0.027	0.365	-2.52	-2.86	4.13	0.019	0.033	0.039	0.001	0.000	0.001	0.0000	0.0000	0.0000	0.0000	0.0000	0.0000	0	1.00	0.2624	0.2264	-0.4830	1.421	0	nan	nan	nan	nan	nan	nan
142926	-0.362	-0.036	0.397	-2.27	-3.54	4.57	0.011	0.016	0.023	0.001	0.000	0.001	0.0000	0.0000	0.0000	0.0000	0.0000	0.0000	0	1.00	0.2624	0.2264	-0.4830	1.421	0	nan	nan	nan	nan	nan	nan
142934	-0.383	-0.054	0.435	-2.29	-3.95	5.10	-0.006	0.001	-0.005	0.001	0.000	0.001	0.0000	0.0000	0.0000	0.0000	0.0000	0.0000	0	1.00	0.2624	0.2264	-0.4830	1.421	0	nan	nan	nan	nan	nan	nan
142942	-0.408	-0.069	0.476	-2.27	-4.36	4.96	-0.023	0.001	-0.018	0.001	0.000	0.001	0.0000	0.0000	0.0000	0.0000	0.0000	0.0000	0	1.00	0.2624	0.2264	-0.4830	1.421	0	nan	nan	nan	nan	nan	nan
142950	-0.434	-0.084	0.516	-2.20	-4.96	4.96	-0.028	-0.007	-0.023	0.001	0.000	0.001	0.0000	0.0000	0.0000	0.0000	0.0000	0.0000	0	1.00	0.2624	0.2264	-0.4830	1.421	0	nan	nan	nan	nan	nan	nan
142958	-0.459	-0.108	0.564	-2.30	-5.56	4.61	-0.031	-0.012	-0.013	0.001	0.000	0.001	0.0000	0.0000	0.0000	0.0000	0.0000	0.0000	0	1.00	0.2624	0.2264	-0.4830	1.421	0	nan	nan	nan	nan	nan	nan
142966	-0.489	-0.134	0.620	-2.31	-6.65	4.65	-0.026	-0.009	-0.015	0.001	0.000	0.001	0.0000	0.0000	0.0000	0.0000	0.0000	0.0000	0	1.00	0.2624	0.2264	-0.4830	1.421	0	nan	nan	nan	nan	nan	nan
142974	-0.511	-0.165	0.672	-1.79	-7.46	4.10	-0.031	0.015	0.015	0.001	0.000	0.001	0.0000	0.0000	0.0000	0.0000	0.0000	0.0000	0	1.00	0.2624	0.2264	-0.4830	1.421	0	nan	nan	nan	nan	nan	nan
142982	-0.524	-0.208	0.726	-1.56	-8.87	3.89	-0.029	-0.004	0.019	0.001	0.000	0.001	0.0000	0.0000	0.0000	0.0000	0.0000	0.0000	0	1.00	0.2624	0.2264	-0.4830	1.421	0	nan	nan	nan	nan	nan	nan
142991	-0.532	-0.245	0.770	-1.04	-9.99	3.97	-0.007	0.002	0.019	0.001	0.000	0.001	0.0000	0.0000	0.0000	0.0000	0.0000	0.0000	0	1.00	0.2624	0.2264	-0.4830	1.421	0	nan	nan	nan	nan	nan	nan
142999	-0.532	-0.288	0.813	-0.30	-10.91	3.83	0.005	0.000	0.012	0.001	0.000	0.001	0.0000	0.0000	0.0000	0.0000	0.0000	0.0000	0	1.00	0.2624	0.2264	-0.4830	1.421	0	nan	nan	nan	nan	nan	nan
143007	-0.530	-0.332	0.853	0.29	-11.20	3.96	0.020	0.006	-0.013	0.001	0.000	0.001	0.0000	0.0000	0.0000	0.0000	0.0000	0.0000	0	1.00	0.2624	0.2264	-0.4830	1.421	0	nan	nan	nan	nan	nan	nan
143015	-0.515	-0.401	0.905	0.62	-11.66	4.19	0.019	-0.007	-0.023	0.001	0.000	0.001	0.0000	0.0000	0.0000	0.0000	0.0000	0.0000	0	1.00	0.2624	0.2264	-0.4830	1.421	0	nan	nan	nan	nan	nan	nan
143023	-0.490	-0.479	0.956	0.34	-12.33	4.30	0.026	-0.010	-0.018	0.001	0.000	0.001	0.0000	0.0000	0.0000	0.0000	0.0000	0.0000	0	1.00	0.2624	0.2264	-0.4830	1.421	0	nan	nan	nan	nan	nan	nan
143031	-0.464	-0.566	1.015	0.12	-13.00	4.23	0.040	-0.011	-0.026	0.001	0.000	0.001	0.0000	0.0000	0.0000	0.0000	0.0000	0.0000	0	1.00	0.2624	0.2264	-0.4830	1.421	0	nan	nan	nan	nan	nan	nan
143039	-0.432	-0.650	1.065	-1.46	-13.23	3.83	0.049	0.003	-0.027	0.001	0.000	0.001	0.0000	0.0000	0.0000	0.0000	0.0000	0.0000	0	1.00	0.2624	0.2264	-0.4830	1.421	0	nan	nan	nan	nan	nan	nan
143047	-0.388	-0.740	1.109	-1.95	-13.63	4.29	0.063	0.005	-0.045	0.001	0.000	0.001	0.0000	0.0000	0.0000	0.0000	0.0000	0.0000	0	1.00	0.2624	0.2264	-0.4830	1.421	0	nan	nan	nan	nan	nan	nan
143055	-0.346	-0.824	1.148	-2.67	-14.29	4.41	0.060	-0.007	-0.051	0.001	0.000	0.001	0.0000	0.0000	0.0000	0.0000	0.0000	0.0000	0	1.00	0.2624	0.2264	-0.4830	1.421	0	nan	nan	nan	nan	nan	nan
143063	-0.303	-0.909	1.189	-3.77	-15.23	4.33	0.053	0.007	-0.063	0.001	0.000	0.001	0.0000	0.0000	0.0000	0.0000	0.0000	0.0000	0	1.00	0.2624	0.2264	-0.4830	1.421	0	nan	nan	nan	nan	nan	nan
143072	-0.277	-1.000	1.251	-5.60	-16.72	3.95	0.031	-0.004	-0.028	0.001	0.000	0.001	0.0000	0.0000	0.0000	0.0000	0.0000	0.0000	0	1.00	0.2624	0.2264	-0.4830	1.421	0	nan	nan	nan	nan	nan	nan
143080	-0.264	-1.091	1.326	-6.87	-17.92	3.36	0.027	0.007	0.019	0.001	0.000	0.001	0.0000	0.0000	0.0000	0.0000	0.0000	0.0000	0	1.00	0.2624	0.2264	-0.4830	1.421	0	nan	nan	nan	nan	nan	nan
143088	-0.258	-1.176	1.404	-7.92	-20.17	2.75	-0.004	0.009	0.047	0.001	0.000	0.001	0.0000	0.0000	0.0000	0.0000	0.0000	0.0000	0	1.00	0.2624	0.2264	-0.4830	1.421	0	nan	nan	nan	nan	nan	nan
143096	-0.266	-1.260	1.493	-8.37	-22.03	2.52	-0.029	0.041	0.085	0.001	0.000	0.001	0.0000	0.0000	0.0000	0.0000	0.0000	0.0000	0	1.00	0.2624	0.2264	-0.4830	1.421	0	nan	nan	nan	nan	nan	nan
143104	-0.271	-1.349	1.585	-8.70	-24.09	1.84	-0.057	0.048	0.151	0.001	0.000	0.001	0.0000	0.0000	0.0000	0.0000	0.0000	0.0000	0	1.00	0.2624	0.2264	-0.4830	1.421	0	nan	nan	nan	nan	nan	nan
143112	-0.272	-1.449	1.683	-8.28	-26.66	-0.13	-0.097	0.058	0.210	0.001	0.000	0.001	0.0000	0.0000	0.0000	0.0000	0.0000	0.0000	0	1.00	0.2624	0.2264	-0.4830	1.421	0	nan	nan	nan	nan	nan	nan
143120	-0.287	-1.558	1.804	-7.82	-28.78	-2.59	-0.112	0.069	0.284	0.001	0.000	0.001	0.0000	0.0000	0.0000	0.0000	0.0000	0.0000	0	1.00	0.2624	0.2264	-0.4830	1.421	0	nan	nan	nan	nan	nan	nan
143128	-0.322	-1.670	1.949	-7.06	-31.72	-3.79	-0.178	0.065	0.381	0.001	0.000	0.002	0.0000	0.0000	0.0000	0.0000	0.0000	0.0000	0	1.00	0.2624	0.2264	-0.4830	1.421	0	nan	nan	nan	nan	nan	nan
143136	-0.337	-1.765	2.056	-5.60	-33.62	-5.36	-0.268	0.052	0.546	0.000	0.000	0.002	0.0000	0.0000	0.0000	0.0000	0.0000	0.0000	0	1.00	0.2624	0.2264	-0.4830	1.421	0	nan	nan	nan	nan	nan	nan
143145	-0.322	-1.850	2.123	-3.19	-35.48	-7.92	-0.331	0.030	0.833	0.000	0.000	0.003	0.0000	0.0000	0.0000	0.0000	0.0000	0.0000	0	1.00	0.2624	0.2264	-0.4830	1.421	0	nan	nan	nan	nan	nan	nan
143153	-0.282	-1.920	2.152	-1.70	-37.88	-11.02	-0.344	-0.014	1.186	-0.000	0.000	0.003	0.0000	0.0000	0.0000	0.0000	0.0000	0.0000	0	1.00	0.2624	0.2264	-0.4830	1.421	0	nan	nan	nan	nan	nan	nan
143161	-0.244	-2.030	2.221	-1.02	-41.72	-12.20	-0.308	0.005	1.578	-0.000	0.000	0.005	0.0000	0.0000	0.0000	0.0000	0.0000	0.0000	0	1.00	0.2624	0.2264	-0.4830	1.421	0	nan	nan	nan	nan	nan	nan
143169	-0.173	-2.179	2.296	-0.00	-46.81	-13.41	-0.236	0.023	2.059	-0.001	0.000	0.006	0.0000	0.0000	0.0000	0.0000	0.0000	0.0000	0	1.00	0.2624	0.2264	-0.4830	1.421	0	nan	nan	nan	nan	nan	nan
143177	-0.104	-2.344	2.387	0.15	-50.68	-14.87	-0.154	0.045	2.526	-0.001	0.001	0.008	0.0000	0.0000	0.0000	0.0000	0.0000	0.0000	0	1.00	0.2624	0.2264	-0.4830	1.421	0	nan	nan	nan	nan	nan	nan
143185	0.014	-2.523	2.442	1.86	-52.97	-15.87	-0.045	0.040	2.952	-0.001	0.001	0.010	0.0000	0.0000	0.0000	0.0000	0.0000	0.0000	0	1.00	0.2624	0.2264	-0.4830	1.421	0	nan	nan	nan	nan	nan	nan
143193	0.195	-2.765	2.497	4.48	-53.53	-14.97	0.038	-0.017	2.859	-0.001	0.001	0.013	0.0000	0.0000	0.0000	0.0000	0.0000	0.0000	0	1.00	0.2624	0.2264	-0.4830	1.421	0	nan	nan	nan	nan	nan	nan
143202	0.395	-3.098	2.622	4.32	-46.10	-11.66	0.077	-0.167	2.598	-0.001	0.000	0.015	0.0000	0.0000	0.0000	0.0000	0.0000	0.0000	0	1.00	0.2624	0.2264	-0.4830	1.421	0	nan	nan	nan	nan	nan	nan
143210	0.676	-3.509	2.742	4.52	-32.80	-5.92	0.119	-0.425	2.434	-0.001	0.000	0.017	0.0000	0.0000	0.0000	0.0000	0.0000	0.0000	0	1.00	0.2624	0.2264	-0.4830	1.421	0	nan	nan	nan	nan	nan	nan
143218	1.048	-3.947	2.796	9.70	-22.34	0.61	0.138	-0.636	2.253	-0.001	-0.000	0.019	0.0000	0.0000	0.0000	0.0000	0.0000	0.0000	0	1.00	0.2624	0.2264	-0.4830	1.421	0	nan	nan	nan	nan	nan	nan
143226	1.423	-4.345	2.808	15.99	-18.12	6.49	0.134	-0.659	1.904	-0.000	-0.001	0.020	0.0000	0.0000	0.0000	0.0000	0.0000	0.0000	0	1.00	0.2624	0.2264	-0.4830	1.421	0	nan	nan	nan	nan	nan	nan
143234	1.688	-4.656	2.846	19.04	-17.88	11.24	0.109	-0.513	1.372	-0.000	-0.001	0.021	0.0000	0.0000	0.0000	0.0000	0.0000	0.0000	0	1.00	0.2624	0.2264	-0.4830	1.421	0	nan	nan	nan	nan	nan	nan
143242	1.782	-4.866	2.957	17.96	-16.21	15.93	0.027	-0.344	0.760	-0.000	-0.002	0.022	0.0000	0.0000	0.0000	0.0000	0.0000	0.0000	0	1.00	0.2624	0.2264	-0.4830	1.421	0	nan	nan	nan	nan	nan	nan
143250	1.805	-5.018	3.082	16.06	-11.84	19.27	-0.052	-0.210	0.150	-0.000	-0.002	0.022	0.0000	0.0000	0.0000	0.0000	0.0000	0.0000	0	1.00	0.2624	0.2264	-0.4830	1.421	0	nan	nan	nan	nan	nan	nan
143258	1.852	-5.129	3.142	16.58	-2.46	20.36	-0.093	-0.183	-0.303	-0.000	-0.002	0.022	0.0000	0.0000	0.0000	0.0000	0.0000	0.0000	0	1.00	0.2624	0.2264	-0.4830	1.421	0	nan	nan	nan	nan	nan	nan
143267	1.935	-5.225	3.153	19.38	6.87	18.38	-0.173	-0.155	-0.412	-0.001	-0.002	0.022	0.0000	0.0000	0.0000	0.0000	0.0000	0.0000	0	1.00	0.2624	0.2264	-0.4830	1.421	0	nan	nan	nan	nan	nan	nan
143275	2.005	-5.310	3.166	22.02	12.98	13.96	-0.233	-0.105	-0.300	-0.001	-0.002	0.021	0.0000	0.0000	0.0000	0.0000	0.0000	0.0000	0	1.00	0.2624	0.2264	-0.4830	1.421	0	nan	nan	nan	nan	nan	nan
143283	2.023	-5.359	3.196	21.65	15.03	11.02	-0.264	0.014	-0.151	-0.001	-0.002	0.021	0.0000	0.0000	0.0000	0.0000	0.0000	0.0000	0	1.00	0.2624	0.2264	-0.4830	1.421	0	nan	nan	nan	nan	nan	nan
143291	1.980	-5.300	3.181	18.66	18.34	7.43	-0.246	0.146	-0.046	-0.001	-0.002	0.021	0.0000	0.0000	0.0000	0.0000	0.0000	0.0000	0	1.00	0.2624	0.2264	-0.4830	1.421	0	nan	nan	nan	nan	nan	nan
143299	1.981	-5.195	3.078	16.64	22.23	3.54	-0.202	0.241	0.055	-0.001	-0.002	0.021	0.0000	0.0000	0.0000	0.0000	0.0000	0.0000	0	1.00	0.2624	0.2264	-0.4830	1.421	0	nan	nan	nan	nan	nan	nan
143308	2.046	-5.100	2.921	17.29	24.49	-0.43	-0.129	0.318	0.129	-0.001	-0.002	0.021	0.0000	0.0000	0.0000	0.0000	0.0000	0.0000	0	1.00	0.2624	0.2264	-0.4830	1.421	0	nan	nan	nan	nan	nan	nan
143316	2.141	-5.012	2.739	19.32	25.07	-3.56	-0.009	0.431	0.100	-0.001	-0.001	0.021	0.0000	0.0000	0.0000	0.0000	0.0000	0.0000	0	1.00	0.2624	0.2264	-0.4830	1.421	0	nan	nan	nan	nan	nan	nan
143324	2.247	-4.920	2.545	21.81	24.68	-6.73	0.132	0.564	-0.005	-0.001	-0.001	0.021	0.0000	0.0000	0.0000	0.0000	0.0000	0.0000	0	1.00	0.2624	0.2264	-0.4830	1.421	0	nan	nan	nan	nan	nan	nan
143332	2.349	-4.831	2.355	23.73	23.77	-9.01	0.268	0.629	-0.148	-0.001	-0.000	0.021	0.0000	0.0000	0.0000	0.0000	0.0000	0.0000	0	1.00	0.2624	0.2264	-0.4830	1.421	0	nan	nan	nan	nan	nan	nan
143340	2.466	-4.747	2.156	26.10	21.83	-12.51	0.315	0.666	-0.263	-0.001	0.000	0.021	0.0000	0.0000	0.0000	0.0000	0.0000	0.0000	0	1.00	0.2624	0.2264	-0.4830	1.421	0	nan	nan	nan	nan	nan	nan
143348	2.599	-4.668	1.947	27.95	19.93	-16.05	0.312	0.641	-0.273	-0.001	0.001	0.021	0.0000	0.0000	0.0000	0.0000	0.0000	0.0000	0	1.00	0.2624	0.2264	-0.4830	1.421	0	nan	nan	nan	nan	nan	nan
143356	2.772	-4.602	1.709	31.08	17.56	-19.98	0.269	0.587	-0.227	-0.000	0.001	0.021	0.0000	0.0000	0.0000	0.0000	0.0000	0.0000	0	1.00	0.2624	0.2264	-0.4830	1.421	0	nan	nan	nan	nan	nan	nan
143364	2.986	-4.550	1.444	33.00	13.44	-24.87	0.234	0.505	-0.193	-0.000	0.002	0.020	0.0000	0.0000	0.0000	0.0000	0.0000	0.0000	0	1.00	0.2624	0.2264	-0.4830	1.421	0	nan	nan	nan	nan	nan	nan
143373	3.240	-4.507	1.149	34.52	8.92	-28.53	0.230	0.334	-0.181	-0.000	0.002	0.020	0.0000	0.0000	0.0000	0.0000	0.0000	0.0000	0	1.00	0.2624	0.2264	-0.4830	1.421	0	nan	nan	nan	nan	nan	nan
143381	3.522	-4.475	0.836	36.40	3.76	-31.28	0.236	0.175	-0.189	0.000	0.002	0.020	0.0000	0.0000	0.0000	0.0000	0.0000	0.0000	0	1.00	0.2624	0.2264	-0.4830	1.421	0	nan	nan	nan	nan	nan	nan
143389	3.855	-4.457	0.484	38.10	-0.87	-33.00	0.206	0.025	-0.228	0.000	0.002	0.020	0.0000	0.0000	0.0000	0.0000	0.0000	0.0000	0	1.00	0.2624	0.2264	-0.4830	1.421	0	nan	nan	nan	nan	nan	nan
143397	4.212	-4.454	0.126	41.76	-4.41	-33.96	0.138	-0.158	-0.303	0.000	0.002	0.020	0.0000	0.0000	0.0000	0.0000	0.0000	0.0000	0	1.00	0.2624	0.2264	-0.4830	1.421	0	nan	nan	nan	nan	nan	nan
143405	4.593	-4.478	-0.232	44.08	-7.08	-34.57	0.080	-0.340	-0.352	0.000	0.002	0.019	0.0000	0.0000	0.0000	0.0000	0.0000	0.0000	0	1.00	0.2624	0.2264	-0.4830	1.421	0	nan	nan	nan	nan	nan	nan
143414	4.991	-4.528	-0.582	46.36	-9.76	-33.64	0.063	-0.477	-0.426	0.001	0.001	0.019	0.0000	0.0000	0.0000	0.0000	0.0000	0.0000	0	1.00	0.2624	0.2264	-0.4830	1.421	0	nan	nan	nan	nan	nan	nan
143422	5.366	-4.595	-0.893	47.61	-11.71	-32.32	0.077	-0.552	-0.506	0.001	0.001	0.019	0.0000	0.0000	0.0000	0.0000	0.0000	0.0000	0	1.00	0.2624	0.2264	-0.4830	1.421	0	nan	nan	nan	nan	nan	nan
143430	5.770	-4.691	-1.203	49.39	-13.36	-29.06	0.064	-0.572	-0.569	0.001	0.001	0.018	0.0000	0.0000	0.0000	0.0000	0.0000	0.0000	0	1.00	0.2624	0.2264	-0.4830	1.421	0	nan	nan	nan	nan	nan	nan
143438	6.215	-4.825	-1.517	51.57	-15.73	-26.86	0.066	-0.527	-0.613	0.001	0.000	0.018	0.0000	0.0000	0.0000	0.0000	0.0000	0.0000	0	1.00	0.2624	0.2264	-0.4830	1.421	0	nan	nan	nan	nan	nan	nan
143446	6.709	-4.998	-1.843	54.90	-18.03	-24.51	0.055	-0.440	-0.587	0.001	-0.000	0.017	0.0000	0.0000	0.0000	0.0000	0.0000	0.0000	0	1.00	0.2624	0.2264	-0.4830	1.421	0	nan	nan	nan	nan	nan	nan
143454	7.227	-5.191	-2.174	58.01	-19.80	-22.68	0.001	-0.298	-0.514	0.001	-0.001	0.017	0.0000	0.0000	0.0000	0.0000	0.0000	0.0000	0	1.00	0.2624	0.2264	-0.4830	1.421	0	nan	nan	nan	nan	nan	nan
143462	7.769	-5.415	-2.498	60.35	-21.22	-20.22	-0.032	-0.131	-0.422	0.001	-0.001	0.016	0.0000	0.0000	0.0000	0.0000	0.0000	0.0000	0	1.00	0.2624	0.2264	-0.4830	1.421	0	nan	nan	nan	nan	nan	nan
143471	8.282	-5.648	-2.783	61.38	-21.97	-18.92	-0.028	0.039	-0.253	0.001	-0.001	0.016	0.0000	0.0000	0.0000	0.0000	0.0000	0.0000	0	1.00	0.2624	0.2264	-0.4830	1.421	0	nan	nan	nan	nan	nan	nan
143479	8.843	-5.927	-3.073	62.44	-24.35	-19.40	0.037	0.175	-0.059	0.001	-0.001	0.016	0.0000	0.0000	0.0000	0.0000	0.0000	0.0000	0	1.00	0.2624	0.2264	-0.4830	1.421	0	nan	nan	nan	nan	nan	nan
143487	9.367	-6.190	-3.341	62.52	-25.84	-20.64	0.079	0.314	0.161	0.001	-0.000	0.016	0.0000	0.0000	0.0000	0.0000	0.0000	0.0000	0	1.00	0.2624	0.2264	-0.4830	1.421	0	nan	nan	nan	nan	nan	nan
143495	9.920	-6.473	-3.618	62.10	-26.93	-22.51	0.138	0.404	0.420	0.001	-0.000	0.016	0.0000	0.0000	0.0000	0.0000	0.0000	0.0000	0	1.00	0.2624	0.2264	-0.4830	1.421	0	nan	nan	nan	nan	nan	nan
143503	10.454	-6.736	-3.896	61.93	-27.20	-24.09	0.256	0.427	0.656	0.001	0.000	0.017	0.0000	0.0000	0.0000	0.0000	0.0000	0.0000	0	1.00	0.2624	0.2264	-0.4830	1.421	0	nan	nan	nan	nan	nan	nan
143511	10.965	-6.977	-4.172	60.45	-26.40	-25.20	0.363	0.382	0.859	0.001	0.001	0.017	0.0000	0.0000	0.0000	0.0000	0.0000	0.0000	0	1.00	0.2624	0.2264	-0.4830	1.421	0	nan	nan	nan	nan	nan	nan
143519	11.493	-7.215	-4.469	58.74	-24.89	-26.28	0.416	0.261	0.991	0.002	0.001	0.018	0.0000	0.0000	0.0000	0.0000	0.0000	0.0000	0	1.00	0.2624	0.2264	-0.4830	1.421	0	nan	nan	nan	nan	nan	nan
143528	12.014	-7.412	-4.798	58.03	-22.49	-27.44	0.427	0.134	1.048	0.002	0.001	0.019	0.0000	0.0000	0.0000	0.0000	0.0000	0.0000	0	1.00	0.2624	0.2264	-0.4830	1.421	0	nan	nan	nan	nan	nan	nan
143536	12.494	-7.606	-5.089	54.90	-18.66	-27.84	0.420	-0.059	0.981	0.002	0.001	0.020	0.0000	0.0000	0.0000	0.0000	0.0000	0.0000	0	1.00	0.2624	0.2264	-0.4830	1.421	0	nan	nan	nan	nan	nan	nan
143544	12.967	-7.810	-5.364	50.84	-15.70	-28.33	0.415	-0.228	0.828	0.003	0.001	0.021	0.0000	0.0000	0.0000	0.0000	0.0000	0.0000	0	1.00	0.2624	0.2264	-0.4830	1.421	0	nan	nan	nan	nan	nan	nan
143552	13.374	-7.950	-5.634	45.93	-9.04	-27.63	0.457	-0.393	0.599	0.003	0.001	0.021	0.0000	0.0000	0.0000	0.0000	0.0000	0.0000	0	1.00	0.2624	0.2264	-0.4830	1.421	0	nan	nan	nan	nan	nan	nan
143560	13.655	-8.022	-5.846	41.94	-1.47	-25.40	0.542	-0.555	0.351	0.003	0.000	0.021	0.0000	0.0000	0.0000	0.0000	0.0000	0.0000	0	1.00	0.2624	0.2264	-0.4830	1.421	0	nan	nan	nan	nan	nan	nan
143568	13.909	-8.047	-6.074	35.75	5.28	-24.79	0.592	-0.614	0.110	0.004	-0.000	0.021	0.0000	0.0000	0.0000	0.0000	0.0000	0.0000	0	1.00	0.2624	0.2264	-0.4830	1.421	0	nan	nan	nan	nan	nan	nan
143577	14.147	-8.053	-6.307	32.16	9.74	-25.68	0.573	-0.602	-0.103	0.004	-0.001	0.021	0.0000	0.0000	0.0000	0.0000	0.0000	0.0000	0	1.00	0.2624	0.2264	-0.4830	1.421	0	nan	nan	nan	nan	nan	nan
143585	14.397	-8.042	-6.568	30.31	13.21	-29.72	0.544	-0.498	-0.247	0.005	-0.001	0.021	0.0000	0.0000	0.0000	0.0000	0.0000	0.0000	0	1.00	0.2624	0.2264	-0.4830	1.421	0	nan	nan	nan	nan	nan	nan
143593	14.632	-8.014	-6.831	30.60	14.95	-33.75	0.488	-0.358	-0.338	0.005	-0.002	0.021	0.0000	0.0000	0.0000	0.0000	0.0000	0.0000	0	1.00	0.2624	0.2264	-0.4830	1.421	0	nan	nan	nan	nan	nan	nan
143601	14.870	-7.990	-7.092	31.61	14.39	-39.39	0.497	-0.168	-0.315	0.006	-0.002	0.021	0.0000	0.0000	0.0000	0.0000	0.0000	0.0000	0	1.00	0.2624	0.2264	-0.4830	1.421	0	nan	nan	nan	nan	nan	nan
143609	15.099	-7.997	-7.313	32.28	10.75	-44.13	0.495	0.049	-0.227	0.006	-0.002	0.020	0.0000	0.0000	0.0000	0.0000	0.0000	0.0000	0	1.00	0.2624	0.2264	-0.4830	1.421	0	nan	nan	nan	nan	nan	nan
143617	15.293	-8.028	-7.478	32.32	5.70	-46.29	0.686	0.309	-0.098	0.006	-0.002	0.020	0.0000	0.0000	0.0000	0.0000	0.0000	0.0000	0	1.00	0.2624	0.2264	-0.4830	1.421	0	nan	nan	nan	nan	nan	nan
143625	15.453	-8.069	-7.599	30.19	-0.65	-46.56	0.872	0.571	0.053	0.007	-0.001	0.020	0.0000	0.0000	0.0000	0.0000	0.0000	0.0000	0	1.00	0.2624	0.2264	-0.4830	1.421	0	nan	nan	nan	nan	nan	nan
143633	15.641	-8.182	-7.676	28.69	-9.09	-41.68	1.031	0.805	0.163	0.008	-0.001	0.020	0.0000	0.0000	0.0000	0.0000	0.0000	0.0000	0	1.00	0.2624	0.2264	-0.4830	1.421	0	nan	nan	nan	nan	nan	nan
143642	15.852	-8.342	-7.731	27.78	-16.97	-36.48	1.059	0.999	0.274	0.009	0.000	0.021	0.0000	0.0000	0.0000	0.0000	0.0000	0.0000	0	1.00	0.2624	0.2264	-0.4830	1.421	0	nan	nan	nan	nan	nan	nan
143650	16.067	-8.511	-7.782	28.96	-23.32	-31.92	0.954	1.053	0.352	0.009	0.001	0.021	0.0000	0.0000	0.0000	0.0000	0.0000	0.0000	0	1.00	0.2624	0.2264	-0.4830	1.421	0	nan	nan	nan	nan	nan	nan
143658	16.288	-8.656	-7.862	31.77	-26.31	-29.72	0.767	0.963	0.388	0.010	0.002	0.021	0.0000	0.0000	0.0000	0.0000	0.0000	0.0000	0	1.00	0.2624	0.2264	-0.4830	1.421	0	nan	nan	nan	nan	nan	nan
143667	16.627	-8.870	-7.993	36.14	-30.94	-30.10	0.549	0.796	0.513	0.011	0.002	0.021	0.0000	0.0000	0.0000	0.0000	0.0000	0.0000	0	1.00	0.2624	0.2264	-0.4830	1.421	0	nan	nan	nan	nan	nan	nan
143675	16.894	-8.993	-8.139	37.29	-32.64	-34.30	0.387	0.554	0.678	0.011	0.003	0.022	0.0000	0.0000	0.0000	0.0000	0.0000	0.0000	0	1.00	0.2624	0.2264	-0.4830	1.421	0	nan	nan	nan	nan	nan	nan
143683	17.169	-9.068	-8.342	33.90	-32.48	-39.41	0.356	0.257	0.900	0.011	0.003	0.023	0.0000	0.0000	0.0000	0.0000	0.0000	0.0000	0	1.00	0.2624	0.2264	-0.4830	1.421	0	nan	nan	nan	nan	nan	nan
143691	17.534	-9.188	-8.589	33.49	-33.22	-41.43	0.382	-0.051	1.133	0.012	0.003	0.023	0.0000	0.0000	0.0000	0.0000	0.0000	0.0000	0	1.00	0.2624	0.2264	-0.4830	1.421	0	nan	nan	nan	nan	nan	nan
143699	17.911	-9.311	-8.847	34.92	-34.87	-41.10	0.370	-0.316	1.322	0.012	0.003	0.024	0.0000	0.0000	0.0000	0.0000	0.0000	0.0000	0	1.00	0.2624	0.2264	-0.4830	1.421	0	nan	nan	nan	nan	nan	nan
143707	18.287	-9.469	-9.070	36.59	-37.75	-38.62	0.367	-0.548	1.421	0.012	0.003	0.026	0.0000	0.0000	0.0000	0.0000	0.0000	0.0000	0	1.00	0.2624	0.2264	-0.4830	1.421	0	nan	nan	nan	nan	nan	nan
143715	18.645	-9.659	-9.242	37.80	-40.77	-34.38	0.400	-0.719	1.346	0.012	0.002	0.027	0.0000	0.0000	0.0000	0.0000	0.0000	0.0000	0	1.00	0.2624	0.2264	-0.4830	1.421	0	nan	nan	nan	nan	nan	nan
143723	18.951	-9.846	-9.366	36.65	-43.10	-30.58	0.474	-0.835	1.113	0.013	0.002	0.028	0.0000	0.0000	0.0000	0.0000	0.0000	0.0000	0	1.00	0.2624	0.2264	-0.4830	1.421	0	nan	nan	nan	nan	nan	nan
143732	19.212	-10.017	-9.461	34.09	-41.88	-27.02	0.657	-0.931	0.726	0.013	0.001	0.028	0.0000	0.0000	0.0000	0.0000	0.0000	0.0000	0	1.00	0.2624	0.2264	-0.4830	1.421	0	nan	nan	nan	nan	nan	nan
143740	19.419	-10.167	-9.522	29.83	-40.19	-24.03	0.914	-0.985	0.360	0.014	-0.000	0.029	0.0000	0.0000	0.0000	0.0000	0.0000	0.0000	0	1.00	0.2624	0.2264	-0.4830	1.421	0	nan	nan	nan	nan	nan	nan
143748	19.681	-10.349	-9.607	26.12	-40.69	-23.92	1.154	-0.891	0.151	0.015	-0.001	0.029	0.0000	0.0000	0.0000	0.0000	0.0000	0.0000	0	1.00	0.2624	0.2264	-0.4830	1.421	0	nan	nan	nan	nan	nan	nan
143756	19.898	-10.502	-9.674	23.42	-42.69	-26.08	1.306	-0.712	0.100	0.016	-0.001	0.029	0.0000	0.0000	0.0000	0.0000	0.0000	0.0000	0	1.00	0.2624	0.2264	-0.4830	1.421	0	nan	nan	nan	nan	nan	nan
143764	20.120	-10.657	-9.745	23.21	-45.73	-29.71	1.281	-0.483	0.222	0.017	-0.002	0.029	0.0000	0.0000	0.0000	0.0000	0.0000	0.0000	0	1.00	0.2624	0.2264	-0.4830	1.421	0	nan	nan	nan	nan	nan	nan
143773	20.323	-10.760	-9.849	23.50	-45.76	-35.35	1.164	-0.257	0.449	0.018	-0.002	0.029	0.0000	0.0000	0.0000	0.0000	0.0000	0.0000	0	1.00	0.2624	0.2264	-0.4830	1.421	0	nan	nan	nan	nan	nan	nan
143781	20.609	-10.908	-9.991	28.02	-45.98	-36.68	1.032	-0.106	0.698	0.019	-0.002	0.030	0.0000	0.0000	0.0000	0.0000	0.0000	0.0000	0	1.00	0.2624	0.2264	-0.4830	1.421	0	nan	nan	nan	nan	nan	nan
143789	20.868	-11.018	-10.143	36.17	-43.18	-38.96	0.822	0.085	0.987	0.019	-0.002	0.030	0.0000	0.0000	0.0000	0.0000	0.0000	0.0000	0	1.00	0.2624	0.2264	-0.4830	1.421	0	nan	nan	nan	nan	nan	nan
143797	21.264	-11.179	-10.381	42.88	-40.81	-42.12	0.648	0.200	1.249	0.020	-0.002	0.031	0.0000	0.0000	0.0000	0.0000	0.0000	0.0000	0	1.00	0.2624	0.2264	-0.4830	1.421	0	nan	nan	nan	nan	nan	nan
143805	21.699	-11.303	-10.695	50.94	-44.35	-48.76	0.469	0.371	1.563	0.020	-0.002	0.032	0.0000	0.0000	0.0000	0.0000	0.0000	0.0000	0	1.00	0.2624	0.2264	-0.4830	1.421	0	nan	nan	nan	nan	nan	nan
143813	22.170	-11.391	-11.082	50.65	-41.67	-56.97	0.389	0.507	1.847	0.020	-0.001	0.034	0.0000	0.0000	0.0000	0.0000	0.0000	0.0000	0	1.00	0.2624	0.2264	-0.4830	1.421	0	nan	nan	nan	nan	nan	nan
143822	22.656	-11.449	-11.511	51.13	-38.31	-62.93	0.470	0.555	1.927	0.021	-0.001	0.035	0.0000	0.0000	0.0000	0.0000	0.0000	0.0000	0	1.00	0.2624	0.2264	-0.4830	1.421	0	nan	nan	nan	nan	nan	nan
143830	23.120	-11.506	-11.919	49.31	-32.71	-65.45	0.670	0.514	1.673	0.021	-0.001	0.037	0.0000	0.0000	0.0000	0.0000	0.0000	0.0000	0	1.00	0.2624	0.2264	-0.4830	1.421	0	nan	nan	nan	nan	nan	nan
143838	23.643	-11.569	-12.381	50.80	-27.74	-62.38	0.783	0.445	1.153	0.022	-0.000	0.038	0.0000	0.0000	0.0000	0.0000	0.0000	0.0000	0	1.00	0.2624	0.2264	-0.4830	1.421	0	nan	nan	nan	nan	nan	nan
143846	24.176	-11.648	-12.838	51.65	-21.93	-58.90	0.803	0.345	0.478	0.023	0.000	0.038	0.0000	0.0000	0.0000	0.0000	0.0000	0.0000	0	1.00	0.2624	0.2264	-0.4830	1.421	0	nan	nan	nan	nan	nan	nan
143854	24.591	-11.657	-13.243	48.99	-13.50	-55.48	0.691	0.171	-0.149	0.023	0.000	0.038	0.0000	0.0000	0.0000	0.0000	0.0000	0.0000	0	1.00	0.2624	0.2264	-0.4830	1.421	0	nan	nan	nan	nan	nan	nan
143862	24.857	-11.591	-13.574	40.61	-7.23	-53.79	0.634	-0.019	-0.565	0.024	0.000	0.038	0.0000	0.0000	0.0000	0.0000	0.0000	0.0000	0	1.00	0.2624	0.2264	-0.4830	1.421	0	nan	nan	nan	nan	nan	nan
143871	25.019	-11.460	-13.864	31.83	-2.13	-54.12	0.662	-0.178	-0.694	0.024	0.000	0.037	0.0000	0.0000	0.0000	0.0000	0.0000	0.0000	0	1.00	0.2624	0.2264	-0.4830	1.421	0	nan	nan	nan	nan	nan	nan
143879	25.098	-11.300	-14.099	26.13	4.50	-51.46	0.647	-0.310	-0.653	0.025	0.000	0.037	0.0000	0.0000	0.0000	0.0000	0.0000	0.0000	0	1.00	0.2624	0.2264	-0.4830	1.421	0	nan	nan	nan	nan	nan	nan
143887	25.158	-11.135	-14.320	19.68	10.07	-48.04	0.502	-0.403	-0.466	0.025	-0.000	0.036	0.0000	0.0000	0.0000	0.0000	0.0000	0.0000	0	1.00	0.2624	0.2264	-0.4830	1.421	0	nan	nan	nan	nan	nan	nan
143895	25.208	-10.968	-14.531	11.52	16.34	-44.44	0.289	-0.408	-0.227	0.025	-0.001	0.036	0.0000	0.0000	0.0000	0.0000	0.0000	0.0000	0	1.00	0.2624	0.2264	-0.4830	1.421	0	nan	nan	nan	nan	nan	nan
143903	25.204	-10.797	-14.695	6.43	19.88	-38.98	0.086	-0.401	-0.065	0.025	-0.001	0.036	0.0000	0.0000	0.0000	0.0000	0.0000	0.0000	0	1.00	0.2624	0.2264	-0.4830	1.421	0	nan	nan	nan	nan	nan	nan
143911	25.180	-10.635	-14.828	-0.97	21.12	-30.48	-0.057	-0.305	0.006	0.025	-0.001	0.036	0.0000	0.0000	0.0000	0.0000	0.0000	0.0000	0	1.00	0.2624	0.2264	-0.4830	1.421	0	nan	nan	nan	nan	nan	nan
143919	25.143	-10.489	-14.933	-5.08	21.41	-23.27	-0.103	-0.144	0.001	0.025	-0.001	0.036	0.0000	0.0000	0.0000	0.0000	0.0000	0.0000	0	1.00	0.2624	0.2264	-0.4830	1.421	0	nan	nan	nan	nan	nan	nan
143928	25.067	-10.331	-15.011	-9.14	20.10	-14.82	-0.105	0.046	-0.043	0.025	-0.001	0.036	0.0000	0.0000	0.0000	0.0000	0.0000	0.0000	0	1.00	0.2624	0.2264	-0.4830	1.421	0	nan	nan	nan	nan	nan	nan
143936	24.969	-10.117	-15.121	-14.03	19.66	-11.30	-0.090	0.211	-0.014	0.025	-0.001	0.036	0.0000	0.0000	0.0000	0.0000	0.0000	0.0000	0	1.00	0.2624	0.2264	-0.4830	1.421	0	nan	nan	nan	nan	nan	nan
143944	24.863	-9.914	-15.213	-17.28	20.29	-8.26	-0.099	0.339	0.035	0.025	-0.001	0.036	0.0000	0.0000	0.0000	0.0000	0.0000	0.0000	0	1.00	0.2624	0.2264	-0.4830	1.421	0	nan	nan	nan	nan	nan	nan
143952	24.744	-9.725	-15.278	-18.82	18.49	-7.14	-0.136	0.442	0.050	0.025	-0.001	0.036	0.0000	0.0000	0.0000	0.0000	0.0000	0.0000	0	1.00	0.2624	0.2264	-0.4830	1.421	0	nan	nan	nan	nan	nan	nan
143961	24.634	-9.528	-15.360	-18.79	15.90	-6.28	-0.157	0.534	0.013	0.025	-0.000	0.036	0.0000	0.0000	0.0000	0.0000	0.0000	0.0000	0	1.00	0.2624	0.2264	-0.4830	1.421	0	nan	nan	nan	nan	nan	nan
143969	24.574	-9.339	-15.484	-18.17	11.97	-6.68	-0.170	0.626	-0.036	0.025	0.000	0.036	0.0000	0.0000	0.0000	0.0000	0.0000	0.0000	0	1.00	0.2624	0.2264	-0.4830	1.421	0	nan	nan	nan	nan	nan	nan
143977	24.545	-9.140	-15.649	-15.36	7.19	-9.59	-0.194	0.636	-0.029	0.024	0.001	0.036	0.0000	0.0000	0.0000	0.0000	0.0000	0.0000	0	1.00	0.2624	0.2264	-0.4830	1.421	0	nan	nan	nan	nan	nan	nan
143985	24.528	-8.919	-15.848	-12.60	3.33	-14.43	-0.196	0.578	0.103	0.024	0.001	0.036	0.0000	0.0000	0.0000	0.0000	0.0000	0.0000	0	1.00	0.2624	0.2264	-0.4830	1.421	0	nan	nan	nan	nan	nan	nan
143993	24.530	-8.684	-16.078	-9.00	1.93	-18.87	-0.160	0.443	0.221	0.024	0.002	0.036	0.0000	0.0000	0.0000	0.0000	0.0000	0.0000	0	1.00	0.2624	0.2264	-0.4830	1.421	0	nan	nan	nan	nan	nan	nan
144002	24.568	-8.429	-16.364	-6.77	1.38	-26.27	-0.101	0.226	0.251	0.024	0.002	0.036	0.0000	0.0000	0.0000	0.0000	0.0000	0.0000	0	1.00	0.2624	0.2264	-0.4830	1.421	0	nan	nan	nan	nan	nan	nan
144010	24.596	-8.168	-16.647	-5.70	1.13	-32.40	-0.001	-0.006	0.238	0.024	0.002	0.036	0.0000	0.0000	0.0000	0.0000	0.0000	0.0000	0	1.00	0.2624	0.2264	-0.4830	1.421	0	nan	nan	nan	nan	nan	nan
144018	24.637	-7.914	-16.936	-3.90	1.35	-37.39	0.087	-0.254	0.179	0.024	0.002	0.036	0.0000	0.0000	0.0000	0.0000	0.0000	0.0000	0	1.00	0.2624	0.2264	-0.4830	1.421	0	nan	nan	nan	nan	nan	nan
144026	24.705	-7.673	-17.237	-1.82	2.58	-41.34	0.126	-0.458	0.086	0.024	0.001	0.036	0.0000	0.0000	0.0000	0.0000	0.0000	0.0000	0	1.00	0.2624	0.2264	-0.4830	1.421	0	nan	nan	nan	nan	nan	nan
144034	24.803	-7.429	-17.573	-2.05	2.78	-46.50	0.144	-0.580	0.007	0.024	0.001	0.036	0.0000	0.0000	0.0000	0.0000	0.0000	0.0000	0	1.00	0.2624	0.2264	-0.4830	1.421	0	nan	nan	nan	nan	nan	nan
144042	24.886	-7.167	-17.911	-1.44	3.17	-51.21	0.121	-0.680	-0.031	0.024	0.000	0.036	0.0000	0.0000	0.0000	0.0000	0.0000	0.0000	0	1.00	0.2624	0.2264	-0.4830	1.421	0	nan	nan	nan	nan	nan	nan
144050	24.949	-6.903	-18.231	-0.30	4.04	-53.97	0.136	-0.689	-0.037	0.024	-0.000	0.036	0.0000	0.0000	0.0000	0.0000	0.0000	0.0000	0	1.00	0.2624	0.2264	-0.4830	1.421	0	nan	nan	nan	nan	nan	nan
144058	25.029	-6.660	-18.548	1.11	3.80	-55.24	0.121	-0.605	-0.017	0.024	-0.001	0.036	0.0000	0.0000	0.0000	0.0000	0.0000	0.0000	0	1.00	0.2624	0.2264	-0.4830	1.421	0	nan	nan	nan	nan	nan	nan
144067	25.111	-6.430	-18.855	1.44	1.77	-55.97	0.099	-0.442	0.023	0.024	-0.001	0.036	0.0000	0.0000	0.0000	0.0000	0.0000	0.0000	0	1.00	0.2624	0.2264	-0.4830	1.421	0	nan	nan	nan	nan	nan	nan
144075	25.170	-6.245	-19.093	4.23	0.76	-53.09	0.050	-0.247	0.029	0.024	-0.001	0.036	0.0000	0.0000	0.0000	0.0000	0.0000	0.0000	0	1.00	0.2624	0.2264	-0.4830	1.421	0	nan	nan	nan	nan	nan	nan
144083	25.279	-6.098	-19.345	4.10	-2.86	-50.48	-0.011	-0.034	-0.005	0.024	-0.001	0.036	0.0000	0.0000	0.0000	0.0000	0.0000	0.0000	0	1.00	0.2624	0.2264	-0.4830	1.421	0	nan	nan	nan	nan	nan	nan
144091	25.394	-5.913	-19.640	1.48	-5.49	-49.05	-0.032	0.198	-0.045	0.024	-0.001	0.036	0.0000	0.0000	0.0000	0.0000	0.0000	0.0000	0	1.00	0.2624	0.2264	-0.4830	1.421	0	nan	nan	nan	nan	nan	nan
144099	25.503	-5.738	-19.921	-1.37	-7.52	-46.59	-0.039	0.373	-0.036	0.024	-0.001	0.036	0.0000	0.0000	0.0000	0.0000	0.0000	0.0000	0	1.00	0.2624	0.2264	-0.4830	1.421	0	nan	nan	nan	nan	nan	nan
144108	25.581	-5.581	-20.151	-3.20	-7.79	-42.37	-0.039	0.484	-0.056	0.024	-0.001	0.036	0.0000	0.0000	0.0000	0.0000	0.0000	0.0000	0	1.00	0.2624	0.2264	-0.4830	1.421	0	nan	nan	nan	nan	nan	nan
144116	25.634	-5.453	-20.330	-3.70	-6.84	-35.20	-0.062	0.504	-0.166	0.024	-0.000	0.036	0.0000	0.0000	0.0000	0.0000	0.0000	0.0000	0	1.00	0.2624	0.2264	-0.4830	1.421	0	nan	nan	nan	nan	nan	nan
144124	25.754	-5.364	-20.536	7.14	-9.50	-39.58	-0.171	0.517	-0.169	0.024	0.000	0.036	0.0000	0.0000	0.0000	0.0000	0.0000	0.0000	0	1.00	0.2624	0.2264	-0.4830	1.421	0	nan	nan	nan	nan	nan	nan
144132	25.971	-5.358	-20.759	24.71	-18.69	-49.53	-0.473	0.595	-0.151	0.024	0.001	0.035	0.0000	0.0000	0.0000	0.0000	0.0000	0.0000	0	1.00	0.2624	0.2264	-0.4830	1.421	0	nan	nan	nan	nan	nan	nan
144140	26.093	-5.351	-20.887	25.67	-19.96	-45.08	-0.674	0.562	-0.513	0.023	0.001	0.035	0.0000	0.0000	0.0000	0.0000	0.0000	0.0000	0	1.00	0.2624	0.2264	-0.4830	1.421	0	nan	nan	nan	nan	nan	nan
144148	26.126	-5.277	-20.992	12.53	-13.25	-32.84	-0.466	0.309	-0.912	0.023	0.001	0.034	0.0000	0.0000	0.0000	0.0000	0.0000	0.0000	0	1.00	0.2624	0.2264	-0.4830	1.421	0	nan	nan	nan	nan	nan	nan
144156	26.129	-5.226	-21.045	2.77	-5.94	-20.34	-0.171	-0.024	-1.066	0.023	0.002	0.034	0.0000	0.0000	0.0000	0.0000	0.0000	0.0000	0	1.00	0.2624	0.2264	-0.4830	1.421	0	nan	nan	nan	nan	nan	nan
144165	26.222	-5.221	-21.143	-3.98	-3.71	-12.32	0.075	-0.277	-0.915	0.023	0.001	0.033	0.0000	0.0000	0.0000	0.0000	0.0000	0.0000	0	1.00	0.2624	0.2264	-0.4830	1.421	0	nan	nan	nan	nan	nan	nan
144173	26.356	-5.225	-21.273	-2.63	-4.76	-12.51	0.228	-0.398	-0.517	0.023	0.001	0.032	0.0000	0.0000	0.0000	0.0000	0.0000	0.0000	0	1.00	0.2624	0.2264	-0.4830	1.421	0	nan	nan	nan	nan	nan	nan
144181	26.494	-5.270	-21.367	5.05	-5.80	-12.16	0.213	-0.474	-0.163	0.023	0.001	0.032	0.0000	0.0000	0.0000	0.0000	0.0000	0.0000	0	1.00	0.2624	0.2264	-0.4830	1.421	0	nan	nan	nan	nan	nan	nan
144189	26.559	-5.332	-21.372	9.18	-7.02	-8.20	0.148	-0.487	-0.042	0.023	0.000	0.032	0.0000	0.0000	0.0000	0.0000	0.0000	0.0000	0	1.00	0.2624	0.2264	-0.4830	1.421	0	nan	nan	nan	nan	nan	nan
144197	26.598	-5.384	-21.360	9.13	-7.82	-2.26	0.143	-0.440	-0.094	0.023	-0.000	0.032	0.0000	0.0000	0.0000	0.0000	0.0000	0.0000	0	1.00	0.2624	0.2264	-0.4830	1.421	0	nan	nan	nan	nan	nan	nan
144205	26.644	-5.481	-21.312	7.67	-7.04	4.66	0.180	-0.401	-0.261	0.023	-0.000	0.032	0.0000	0.0000	0.0000	0.0000	0.0000	0.0000	0	1.00	0.2624	0.2264	-0.4830	1.421	0	nan	nan	nan	nan	nan	nan
144214	26.662	-5.636	-21.179	4.73	-6.73	16.71	0.210	-0.298	-0.446	0.023	-0.001	0.031	0.0000	0.0000	0.0000	0.0000	0.0000	0.0000	0	1.00	0.2624	0.2264	-0.4830	1.421	0	nan	nan	nan	nan	nan	nan
144222	26.686	-5.775	-21.068	3.19	-6.22	21.02	0.236	-0.166	-0.513	0.023	-0.001	0.031	0.0000	0.0000	0.0000	0.0000	0.0000	0.0000	0	1.00	0.2624	0.2264	-0.4830	1.421	0	nan	nan	nan	nan	nan	nan
144230	26.735	-5.879	-21.015	6.12	-5.79	18.07	0.173	-0.026	-0.409	0.024	-0.001	0.030	0.0000	0.0000	0.0000	0.0000	0.0000	0.0000	0	1.00	0.2624	0.2264	-0.4830	1.421	0	nan	nan	nan	nan	nan	nan
144239	26.808	-5.938	-21.031	12.44	-5.52	9.78	0.013	0.117	-0.245	0.024	-0.001	0.030	0.0000	0.0000	0.0000	0.0000	0.0000	0.0000	0	1.00	0.2624	0.2264	-0.4830	1.421	0	nan	nan	nan	nan	nan	nan
144247	26.885	-5.995	-21.052	16.33	-5.56	3.69	-0.126	0.240	-0.180	0.024	-0.001	0.030	0.0000	0.0000	0.0000	0.0000	0.0000	0.0000	0	1.00	0.2624	0.2264	-0.4830	1.421	0	nan	nan	nan	nan	nan	nan
144255	26.982	-6.038	-21.108	16.13	-6.61	-0.13	-0.178	0.338	-0.263	0.023	-0.000	0.030	0.0000	0.0000	0.0000	0.0000	0.0000	0.0000	0	1.00	0.2624	0.2264	-0.4830	1.421	0	nan	nan	nan	nan	nan	nan
144263	27.104	-6.021	-21.246	15.38	-6.85	-3.07	-0.166	0.400	-0.355	0.023	-0.000	0.029	0.0000	0.0000	0.0000	0.0000	0.0000	0.0000	0	1.00	0.2624	0.2264	-0.4830	1.421	0	nan	nan	nan	nan	nan	nan
144272	27.283	-5.951	-21.493	16.30	-6.87	-11.41	-0.132	0.406	-0.417	0.023	0.000	0.029	0.0000	0.0000	0.0000	0.0000	0.0000	0.0000	0	1.00	0.2624	0.2264	-0.4830	1.421	0	nan	nan	nan	nan	nan	nan
144280	27.462	-5.794	-21.825	18.99	-3.57	-23.86	-0.126	0.314	-0.427	0.023	0.000	0.029	0.0000	0.0000	0.0000	0.0000	0.0000	0.0000	0	1.00	0.2624	0.2264	-0.4830	1.421	0	nan	nan	nan	nan	nan	nan
144288	27.621	-5.666	-22.109	21.35	-1.40	-33.28	-0.107	0.208	-0.438	0.023	0.001	0.028	0.0000	0.0000	0.0000	0.0000	0.0000	0.0000	0	1.00	0.2624	0.2264	-0.4830	1.421	0	nan	nan	nan	nan	nan	nan
144297	27.781	-5.628	-22.306	22.26	-2.13	-36.41	-0.082	0.078	-0.579	0.023	0.001	0.028	0.0000	0.0000	0.0000	0.0000	0.0000	0.0000	0	1.00	0.2624	0.2264	-0.4830	1.421	0	nan	nan	nan	nan	nan	nan
144305	27.956	-5.654	-22.455	21.82	-6.59	-34.47	0.008	0.022	-0.764	0.023	0.001	0.027	0.0000	0.0000	0.0000	0.0000	0.0000	0.0000	0	1.00	0.2624	0.2264	-0.4830	1.421	0	nan	nan	nan	nan	nan	nan
144313	28.117	-5.652	-22.618	21.64	-7.07	-33.90	0.098	-0.070	-0.839	0.023	0.001	0.027	0.0000	0.0000	0.0000	0.0000	0.0000	0.0000	0	1.00	0.2624	0.2264	-0.4830	1.421	0	nan	nan	nan	nan	nan	nan
144321	28.318	-5.621	-22.850	23.25	-6.41	-36.27	0.117	-0.173	-0.751	0.023	0.001	0.026	0.0000	0.0000	0.0000	0.0000	0.0000	0.0000	0	1.00	0.2624	0.2264	-0.4830	1.421	0	nan	nan	nan	nan	nan	nan
144330	28.521	-5.574	-23.099	24.19	-6.83	-39.97	0.142	-0.234	-0.516	0.023	0.000	0.026	0.0000	0.0000	0.0000	0.0000	0.0000	0.0000	0	1.00	0.2624	0.2264	-0.4830	1.421	0	nan	nan	nan	nan	nan	nan
144338	28.664	-5.516	-23.298	22.65	-8.62	-42.44	0.153	-0.225	-0.318	0.023	0.000	0.025	0.0000	0.0000	0.0000	0.0000	0.0000	0.0000	0	1.00	0.2624	0.2264	-0.4830	1.421	0	nan	nan	nan	nan	nan	nan
144346	28.810	-5.434	-23.524	20.28	-12.46	-44.37	0.186	-0.191	-0.130	0.023	0.000	0.025	0.0000	0.0000	0.0000	0.0000	0.0000	0.0000	0	1.00	0.2624	0.2264	-0.4830	1.421	0	nan	nan	nan	nan	nan	nan
144355	28.985	-5.347	-23.783	20.24	-15.59	-46.38	0.186	-0.087	0.056	0.023	0.000	0.025	0.0000	0.0000	0.0000	0.0000	0.0000	0.0000	0	1.00	0.2624	0.2264	-0.4830	1.421	0	nan	nan	nan	nan	nan	nan
144363	29.158	-5.229	-24.072	21.36	-16.41	-49.02	0.120	-0.039	0.271	0.023	-0.000	0.025	0.0000	0.0000	0.0000	0.0000	0.0000	0.0000	0	1.00	0.2624	0.2264	-0.4830	1.421	0	nan	nan	nan	nan	nan	nan
144371	29.334	-5.098	-24.375	23.42	-14.46	-52.08	0.053	-0.013	0.515	0.023	-0.000	0.026	0.0000	0.0000	0.0000	0.0000	0.0000	0.0000	0	1.00	0.2624	0.2264	-0.4830	1.421	0	nan	nan	nan	nan	nan	nan
144379	29.477	-4.980	-24.633	24.85	-14.31	-52.18	-0.054	0.008	0.705	0.023	-0.000	0.026	0.0000	0.0000	0.0000	0.0000	0.0000	0.0000	0	1.00	0.2624	0.2264	-0.4830	1.421	0	nan	nan	nan	nan	nan	nan
144387	29.674	-4.892	-24.916	26.35	-13.33	-51.80	-0.126	0.024	0.798	0.023	-0.000	0.027	0.0000	0.0000	0.0000	0.0000	0.0000	0.0000	0	1.00	0.2624	0.2264	-0.4830	1.421	0	nan	nan	nan	nan	nan	nan
144396	29.875	-4.825	-25.182	26.28	-13.49	-53.25	-0.169	0.050	0.882	0.023	0.000	0.027	0.0000	0.0000	0.0000	0.0000	0.0000	0.0000	0	1.00	0.2624	0.2264	-0.4830	1.421	0	nan	nan	nan	nan	nan	nan
144404	30.080	-4.756	-25.455	28.00	-15.78	-53.21	-0.182	0.103	0.946	0.023	0.000	0.028	0.0000	0.0000	0.0000	0.0000	0.0000	0.0000	0	1.00	0.2624	0.2264	-0.4830	1.421	0	nan	nan	nan	nan	nan	nan
144412	30.313	-4.680	-25.761	29.79	-15.32	-52.49	-0.208	0.099	0.980	0.023	0.000	0.029	0.0000	0.0000	0.0000	0.0000	0.0000	0.0000	0	1.00	0.2624	0.2264	-0.4830	1.421	0	nan	nan	nan	nan	nan	nan
144420	30.533	-4.586	-26.073	30.93	-10.33	-49.22	-0.178	0.027	1.040	0.023	0.000	0.030	0.0000	0.0000	0.0000	0.0000	0.0000	0.0000	0	1.00	0.2624	0.2264	-0.4830	1.421	0	nan	nan	nan	nan	nan	nan
144428	30.775	-4.542	-26.358	32.33	-7.32	-45.27	-0.133	-0.070	1.172	0.023	0.000	0.030	0.0000	0.0000	0.0000	0.0000	0.0000	0.0000	0	1.00	0.2624	0.2264	-0.4830	1.421	0	nan	nan	nan	nan	nan	nan
144436	31.055	-4.555	-26.626	34.16	-4.08	-39.35	-0.079	-0.117	1.297	0.022	0.000	0.031	0.0000	0.0000	0.0000	0.0000	0.0000	0.0000	0	1.00	0.2624	0.2264	-0.4830	1.421	0	nan	nan	nan	nan	nan	nan
144445	31.301	-4.583	-26.844	33.88	-2.89	-34.55	-0.015	-0.159	1.268	0.022	-0.000	0.032	0.0000	0.0000	0.0000	0.0000	0.0000	0.0000	0	1.00	0.2624	0.2264	-0.4830	1.421	0	nan	nan	nan	nan	nan	nan
144453	31.517	-4.609	-27.034	32.82	0.40	-29.80	0.077	-0.145	1.083	0.022	-0.000	0.033	0.0000	0.0000	0.0000	0.0000	0.0000	0.0000	0	1.00	0.2624	0.2264	-0.4830	1.421	0	nan	nan	nan	nan	nan	nan
144461	31.725	-4.631	-27.222	31.83	1.07	-26.20	0.160	-0.108	0.733	0.022	-0.000	0.034	0.0000	0.0000	0.0000	0.0000	0.0000	0.0000	0	1.00	0.2624	0.2264	-0.4830	1.421	0	nan	nan	nan	nan	nan	nan
144469	31.904	-4.632	-27.400	30.48	1.99	-23.55	0.206	-0.058	0.260	0.023	-0.000	0.034	0.0000	0.0000	0.0000	0.0000	0.0000	0.0000	0	1.00	0.2624	0.2264	-0.4830	1.421	0	nan	nan	nan	nan	nan	nan
144477	32.072	-4.607	-27.593	28.33	3.84	-22.84	0.257	-0.016	-0.186	0.023	-0.000	0.034	0.0000	0.0000	0.0000	0.0000	0.0000	0.0000	0	1.00	0.2624	0.2264	-0.4830	1.421	0	nan	nan	nan	nan	nan	nan
144485	32.270	-4.612	-27.786	27.47	3.81	-23.22	0.255	0.039	-0.447	0.023	-0.000	0.034	0.0000	0.0000	0.0000	0.0000	0.0000	0.0000	0	1.00	0.2624	0.2264	-0.4830	1.421	0	nan	nan	nan	nan	nan	nan
144493	32.452	-4.637	-27.943	26.35	4.11	-22.93	0.226	0.117	-0.483	0.023	-0.000	0.033	0.0000	0.0000	0.0000	0.0000	0.0000	0.0000	0	1.00	0.2624	0.2264	-0.4830	1.421	0	nan	nan	nan	nan	nan	nan
144501	32.620	-4.687	-28.062	24.15	4.16	-20.98	0.182	0.155	-0.348	0.023	-0.000	0.033	0.0000	0.0000	0.0000	0.0000	0.0000	0.0000	0	1.00	0.2624	0.2264	-0.4830	1.421	0	nan	nan	nan	nan	nan	nan
144510	32.781	-4.727	-28.184	21.23	3.70	-18.76	0.135	0.190	-0.134	0.023	0.000	0.033	0.0000	0.0000	0.0000	0.0000	0.0000	0.0000	0	1.00	0.2624	0.2264	-0.4830	1.421	0	nan	nan	nan	nan	nan	nan
144518	32.909	-4.745	-28.296	20.24	3.84	-17.59	0.077	0.171	0.026	0.023	0.000	0.033	0.0000	0.0000	0.0000	0.0000	0.0000	0.0000	0	1.00	0.2624	0.2264	-0.4830	1.421	0	nan	nan	nan	nan	nan	nan
144526	33.020	-4.741	-28.410	19.35	5.77	-16.53	0.007	0.138	0.106	0.023	0.000	0.033	0.0000	0.0000	0.0000	0.0000	0.0000	0.0000	0	1.00	0.2624	0.2264	-0.4830	1.421	0	nan	nan	nan	nan	nan	nan
144534	33.137	-4.743	-28.526	18.67	6.03	-16.53	-0.088	0.057	0.096	0.023	0.000	0.033	0.0000	0.0000	0.0000	0.0000	0.0000	0.0000	0	1.00	0.2624	0.2264	-0.4830	1.421	0	nan	nan	nan	nan	nan	nan
144542	33.253	-4.747	-28.637	17.09	5.65	-16.48	-0.150	0.008	0.035	0.023	0.000	0.033	0.0000	0.0000	0.0000	0.0000	0.0000	0.0000	0	1.00	0.2624	0.2264	-0.4830	1.421	0	nan	nan	nan	nan	nan	nan
144550	33.356	-4.707	-28.779	12.42	5.55	-19.01	-0.168	-0.026	0.022	0.023	0.000	0.033	0.0000	0.0000	0.0000	0.0000	0.0000	0.0000	0	1.00	0.2624	0.2264	-0.4830	1.421	0	nan	nan	nan	nan	nan	nan
144559	33.457	-4.659	-28.927	5.78	6.65	-22.66	-0.119	-0.090	0.039	0.023	0.000	0.033	0.0000	0.0000	0.0000	0.0000	0.0000	0.0000	0	1.00	0.2624	0.2264	-0.4830	1.421	0	nan	nan	nan	nan	nan	nan
144567	33.564	-4.669	-29.025	2.66	6.79	-17.86	-0.054	-0.130	-0.087	0.023	0.000	0.033	0.0000	0.0000	0.0000	0.0000	0.0000	0.0000	0	1.00	0.2624	0.2264	-0.4830	1.421	0	nan	nan	nan	nan	nan	nan
144575	33.623	-4.666	-29.086	-0.65	4.66	-16.10	-0.026	-0.104	-0.133	0.023	0.000	0.033	0.0000	0.0000	0.0000	0.0000	0.0000	0.0000	0	1.00	0.2624	0.2264	-0.4830	1.421	0	nan	nan	nan	nan	nan	nan
144583	33.645	-4.642	-29.131	-1.89	3.12	-16.59	-0.003	-0.070	-0.090	0.023	0.000	0.033	0.0000	0.0000	0.0000	0.0000	0.0000	0.0000	0	1.00	0.2624	0.2264	-0.4830	1.421	0	nan	nan	nan	nan	nan	nan
144591	33.649	-4.580	-29.196	-0.51	2.86	-15.81	-0.020	-0.039	-0.034	0.023	-0.000	0.033	0.0000	0.0000	0.0000	0.0000	0.0000	0.0000	0	1.00	0.2624	0.2264	-0.4830	1.421	0	nan	nan	nan	nan	nan	nan
144600	33.639	-4.472	-29.291	-0.53	3.60	-17.48	-0.054	-0.015	0.026	0.023	-0.000	0.033	0.0000	0.0000	0.0000	0.0000	0.0000	0.0000	0	1.00	0.2624	0.2264	-0.4830	1.421	0	nan	nan	nan	nan	nan	nan
144608	33.626	-4.379	-29.369	-0.67	5.39	-19.24	-0.045	-0.027	0.043	0.023	-0.000	0.033	0.0000	0.0000	0.0000	0.0000	0.0000	0.0000	0	1.00	0.2624	0.2264	-0.4830	1.421	0	nan	nan	nan	nan	nan	nan
144616	33.624	-4.310	-29.433	-0.06	5.09	-19.96	-0.054	-0.004	0.042	0.023	-0.000	0.033	0.0000	0.0000	0.0000	0.0000	0.0000	0.0000	0	1.00	0.2624	0.2264	-0.4830	1.421	0	nan	nan	nan	nan	nan	nan
144624	33.637	-4.233	-29.523	1.10	3.77	-21.70	-0.066	0.053	0.025	0.023	-0.000	0.033	0.0000	0.0000	0.0000	0.0000	0.0000	0.0000	0	1.00	0.2624	0.2264	-0.4830	1.421	0	nan	nan	nan	nan	nan	nan
144632	33.641	-4.119	-29.637	1.29	4.40	-23.58	-0.063	0.070	0.017	0.023	0.000	0.033	0.0000	0.0000	0.0000	0.0000	0.0000	0.0000	0	1.00	0.2624	0.2264	-0.4830	1.421	0	nan	nan	nan	nan	nan	nan
144640	33.642	-3.993	-29.761	0.74	5.21	-24.58	-0.049	0.065	-0.000	0.022	0.000	0.033	0.0000	0.0000	0.0000	0.0000	0.0000	0.0000	0	1.00	0.2624	0.2264	-0.4830	1.421	0	nan	nan	nan	nan	nan	nan
144648	33.641	-3.867	-29.882	0.52	5.12	-25.97	0.006	0.059	-0.016	0.022	0.000	0.033	0.0000	0.0000	0.0000	0.0000	0.0000	0.0000	0	1.00	0.2624	0.2264	-0.4830	1.421	0	nan	nan	nan	nan	nan	nan
144656	33.645	-3.738	-30.012	0.16	4.57	-26.43	0.031	0.067	-0.034	0.022	0.000	0.033	0.0000	0.0000	0.0000	0.0000	0.0000	0.0000	0	1.00	0.2624	0.2264	-0.4830	1.421	0	nan	nan	nan	nan	nan	nan
144665	33.663	-3.622	-30.143	-0.02	4.32	-26.85	0.034	0.035	-0.045	0.022	0.000	0.032	0.0000	0.0000	0.0000	0.0000	0.0000	0.0000	0	1.00	0.2624	0.2264	-0.4830	1.421	0	nan	nan	nan	nan	nan	nan
144673	33.677	-3.512	-30.264	-0.72	3.99	-27.61	0.076	0.002	-0.058	0.022	0.000	0.032	0.0000	0.0000	0.0000	0.0000	0.0000	0.0000	0	1.00	0.2624	0.2264	-0.4830	1.421	0	nan	nan	nan	nan	nan	nan
144681	33.691	-3.413	-30.374	-1.25	4.02	-28.26	0.089	-0.022	-0.047	0.023	0.000	0.032	0.0000	0.0000	0.0000	0.0000	0.0000	0.0000	0	1.00	0.2624	0.2264	-0.4830	1.421	0	nan	nan	nan	nan	nan	nan
144689	33.733	-3.339	-30.488	-2.65	2.84	-30.63	0.101	-0.040	0.087	0.023	0.000	0.032	0.0000	0.0000	0.0000	0.0000	0.0000	0.0000	0	1.00	0.2624	0.2264	-0.4830	1.421	0	nan	nan	nan	nan	nan	nan
144697	33.746	-3.231	-30.607	-1.83	2.34	-31.04	0.073	-0.036	0.220	0.023	0.000	0.032	0.0000	0.0000	0.0000	0.0000	0.0000	0.0000	0	1.00	0.2624	0.2264	-0.4830	1.421	0	nan	nan	nan	nan	nan	nan
144706	33.748	-3.071	-30.764	-1.75	3.94	-33.67	0.030	-0.072	0.214	0.023	0.000	0.033	0.0000	0.0000	0.0000	0.0000	0.0000	0.0000	0	1.00	0.2624	0.2264	-0.4830	1.421	0	nan	nan	nan	nan	nan	nan
144714	33.758	-2.889	-30.951	-0.69	5.31	-38.00	-0.016	-0.082	0.181	0.023	0.000	0.033	0.0000	0.0000	0.0000	0.0000	0.0000	0.0000	0	1.00	0.2624	0.2264	-0.4830	1.421	0	nan	nan	nan	nan	nan	nan
144722	33.752	-2.717	-31.113	1.16	5.42	-40.38	-0.075	-0.056	0.184	0.023	0.000	0.033	0.0000	0.0000	0.0000	0.0000	0.0000	0.0000	0	1.00	0.2624	0.2264	-0.4830	1.421	0	nan	nan	nan	nan	nan	nan
144730	33.734	-2.505	-31.302	1.56	7.08	-43.30	-0.118	-0.060	0.133	0.022	-0.000	0.033	0.0000	0.0000	0.0000	0.0000	0.0000	0.0000	0	1.00	0.2624	0.2264	-0.4830	1.421	0	nan	nan	nan	nan	nan	nan
144738	33.731	-2.283	-31.514	1.27	8.45	-48.39	-0.113	-0.059	0.077	0.022	-0.000	0.033	0.0000	0.0000	0.0000	0.0000	0.0000	0.0000	0	1.00	0.2624	0.2264	-0.4830	1.421	0	nan	nan	nan	nan	nan	nan
144746	33.753	-2.076	-31.739	2.73	10.94	-53.93	-0.108	-0.053	0.040	0.022	-0.000	0.033	0.0000	0.0000	0.0000	0.0000	0.0000	0.0000	0	1.00	0.2624	0.2264	-0.4830	1.421	0	nan	nan	nan	nan	nan	nan
144755	33.788	-1.849	-31.994	2.00	12.93	-59.61	-0.091	-0.055	0.081	0.022	-0.000	0.033	0.0000	0.0000	0.0000	0.0000	0.0000	0.0000	0	1.00	0.2624	0.2264	-0.4830	1.421	0	nan	nan	nan	nan	nan	nan
144763	33.832	-1.592	-32.289	1.83	15.86	-66.17	-0.041	-0.055	0.162	0.022	-0.000	0.033	0.0000	0.0000	0.0000	0.0000	0.0000	0.0000	0	1.00	0.2624	0.2264	-0.4830	1.421	0	nan	nan	nan	nan	nan	nan
144771	33.871	-1.315	-32.598	0.57	19.01	-72.17	0.012	-0.063	0.205	0.022	-0.000	0.033	0.0000	0.0000	0.0000	0.0000	0.0000	0.0000	0	1.00	0.2624	0.2264	-0.4830	1.421	0	nan	nan	nan	nan	nan	nan
144779	33.919	-1.021	-32.932	-1.65	20.83	-79.48	0.067	-0.030	0.241	0.022	-0.000	0.033	0.0000	0.0000	0.0000	0.0000	0.0000	0.0000	0	1.00	0.2624	0.2264	-0.4830	1.421	0	nan	nan	nan	nan	nan	nan
144787	33.951	-0.675	-33.301	-5.26	22.19	-84.93	0.123	0.015	0.236	0.022	-0.000	0.034	0.0000	0.0000	0.0000	0.0000	0.0000	0.0000	0	1.00	0.2624	0.2264	-0.4830	1.421	0	nan	nan	nan	nan	nan	nan
