# gyro bias (body, rad/s): -0.001636	0.000448	0.001663
# corner resolved: [-1,+1,+1]  place_offset=3.097 deg  (best_dot=0.6135 runner_up=[-1,-1,+1] dot=0.6033)
# WARNING: best and runner-up corners are close -- cube may not
#   be resting stably on a single corner yet. Recheck before Stage 2.
t_ms	pulse_wheel	tau_Nm	pulse_active	phi_x_deg	phi_y_deg	phi_z_deg	om_x_dps	om_y_dps	om_z_dps	rho_x	rho_y	rho_z
# send c to re-resolve the corner candidate, w<0/1/2> to pick
# a wheel (0=X 1=Y 2=Z), p to fire a pulse, t<Nm> to change its
# size (try t0.08 if 0.05 doesn't move it)
# HOLD/BRACE THE CUBE FIRMLY BEFORE SENDING p
# WiFi build: d<N> sets telht pulse is CANCELLED
#   if no line arrives on Serial1 for 300 ms.
t_ms	pulse_wheel	tau_Nm	pulse_active	phi_x_deg	phi_y_deg	phi_z_deg	om_x_dps	om_y_dps	om_z_dps	rho_x	rho_y	rho_z
6759	0	0.0000	0	-33.073	-30.872	0.958	0.02	-0.33	0.12	-0.016	0.005	-0.006
6767	0	0.0000	0	-33.091	-30.875	0.945	0.61	-0.75	-0.38	-0.027	0.019	-0.010
6774	0	0.0000	0	-33.087	-30.892	0.965	1.44	-1.60	0.49	-0.032	0.028	-0.008
6781	0	0.0000	0	-33.082	-30.909	0.985	1.04	-1.60	0.58	-0.005	0.019	-0.003
6788	0	0.0000	0	-33.074	-30.912	0.995	0.49	-0.77	0.29	-0.001	0.002	0.004
6795	0	0.0000	0	-33.070	-30.916	1.003	0.48	-0.71	-0.08	0.018	-0.007	0.003
6802	0	0.0000	0	-33.060	-30.922	1.018	0.35	-0.65	-0.11	0.012	-0.015	0.004
6809	0	0.0000	0	-33.058	-30.928	1.025	0.02	-0.37	-0.16	0.008	-0.025	0.019
6816	0	0.0000	0	-33.058	-30.932	1.029	0.48	-0.13	-0.97	0.008	-0.026	0.020
6823	0	0.0000	0	-33.064	-30.941	1.033	0.61	-0.24	-0.89	-0.005	-0.019	0.014
6830	0	0.0000	0	-33.072	-30.953	1.038	0.58	-0.36	-0.84	-0.013	-0.032	-0.002
6837	0	0.0000	0	-33.079	-30.973	1.051	0.52	-0.57	0.16	-0.004	-0.008	-0.021
6844	0	0.0000	0	-33.093	-30.982	1.047	0.80	-0.79	0.20	-0.002	-0.001	-0.021
6851	0	0.0000	0	-33.113	-30.985	1.032	1.11	-0.50	0.23	-0.004	0.005	-0.005
6858	0	0.0000	0	-33.122	-31.002	1.041	1.58	-0.68	-0.29	-0.016	0.011	-0.012
6865	0	0.0000	0	-33.121	-31.021	1.061	2.55	-1.07	0.09	-0.021	0.036	-0.032
6872	0	0.0000	0	-33.124	-31.029	1.066	2.69	-2.92	1.79	-0.016	0.064	-0.041
6879	0	0.0000	0	-33.130	-31.023	1.055	3.28	-3.10	2.12	-0.017	0.056	-0.041
6886	0	0.0000	0	-33.122	-31.011	1.051	3.98	-3.27	1.60	-0.022	0.047	-0.017
6893	0	0.0000	0	-33.106	-31.008	1.062	4.86	-4.16	0.97	-0.017	0.043	-0.010
6900	0	0.0000	0	-33.080	-31.009	1.085	5.83	-4.84	-0.15	-0.016	0.038	0.006
6907	0	0.0000	0	-33.049	-31.017	1.120	6.37	-5.55	-1.04	-0.003	0.005	0.015
6914	0	0.0000	0	-33.014	-31.039	1.172	7.57	-6.74	-1.79	-0.012	-0.005	0.021
6921	0	0.0000	0	-32.974	-31.069	1.237	8.39	-7.00	-2.14	-0.000	-0.038	0.012
6928	0	0.0000	0	-32.930	-31.107	1.313	7.82	-7.41	-1.69	0.035	-0.058	0.014
6935	0	0.0000	0	-32.886	-31.149	1.392	6.83	-6.33	-1.46	0.067	-0.103	-0.006
6942	0	0.0000	0	-32.837	-31.195	1.480	5.50	-5.16	-1.41	0.099	-0.113	-0.010
6949	0	0.0000	0	-32.789	-31.239	1.565	5.32	-4.61	-1.46	0.109	-0.104	0.003
6956	0	0.0000	0	-32.742	-31.283	1.649	4.94	-3.84	-1.64	0.110	-0.089	0.004
6963	0	0.0000	0	-32.705	-31.320	1.719	4.19	-3.18	-2.18	0.084	-0.058	0.016
6970	0	0.0000	0	-32.676	-31.357	1.779	4.14	-3.08	-3.72	0.058	-0.026	0.022
6977	0	0.0000	0	-32.653	-31.394	1.836	5.10	-3.50	-5.42	-0.003	0.055	0.052
6984	0	0.0000	0	-32.643	-31.433	1.883	5.93	-4.20	-6.20	-0.053	0.118	0.058
6991	0	0.0000	0	-32.642	-31.470	1.920	7.60	-5.17	-7.86	-0.100	0.165	0.053
6998	0	0.0000	0	-32.644	-31.508	1.955	9.34	-6.77	-9.80	-0.155	0.188	0.067
7004	0	0.0000	0	-32.641	-31.552	2.000	10.91	-7.95	-11.58	-0.184	0.200	0.069
7011	0	0.0000	0	-32.631	-31.593	2.049	11.49	-8.26	-12.50	-0.171	0.164	0.045
7018	0	0.0000	0	-32.617	-31.630	2.098	11.60	-7.84	-13.88	-0.133	0.092	0.024
7025	0	0.0000	0	-32.596	-31.669	2.153	11.50	-7.43	-14.94	-0.093	0.019	-0.004
7032	0	0.0000	0	-32.568	-31.707	2.215	11.13	-6.36	-16.28	-0.034	-0.046	-0.016
7039	0	0.0000	0	-32.531	-31.741	2.281	10.62	-6.15	-17.36	0.035	-0.094	-0.037
7046	0	0.0000	0	-32.491	-31.776	2.351	9.37	-5.85	-18.53	0.122	-0.122	-0.034
7053	0	0.0000	0	-32.444	-31.818	2.432	8.49	-6.76	-20.13	0.169	-0.132	-0.047
7060	0	0.0000	0	-32.389	-31.867	2.529	8.27	-7.88	-22.28	0.189	-0.122	-0.022
7067	0	0.0000	0	-32.330	-31.917	2.629	7.74	-7.86	-23.98	0.194	-0.103	-0.001
7075	0	0.0000	0	-32.269	-31.973	2.738	6.69	-8.19	-26.20	0.180	-0.081	0.000
7082	0	0.0000	0	-32.220	-32.032	2.838	5.06	-8.54	-27.93	0.179	-0.028	0.007
7089	0	0.0000	0	-32.179	-32.090	2.930	3.41	-9.16	-29.14	0.143	0.027	0.011
7096	0	0.0000	0	-32.140	-32.152	3.025	1.73	-9.55	-30.47	0.102	0.049	0.013
7103	0	0.0000	0	-32.107	-32.212	3.113	0.81	-9.58	-31.10	0.050	0.073	-0.001
7110	0	0.0000	0	-32.077	-32.266	3.191	-0.69	-9.16	-32.14	-0.012	0.088	-0.010
7117	0	0.0000	0	-32.056	-32.307	3.251	-2.26	-8.54	-33.08	-0.059	0.072	-0.017
7124	0	0.0000	0	-32.051	-32.345	3.292	-4.04	-7.18	-33.52	-0.096	0.030	-0.039
7131	0	0.0000	0	-32.054	-32.373	3.316	-5.72	-5.70	-33.43	-0.113	-0.005	-0.074
7138	0	0.0000	0	-32.065	-32.397	3.330	-7.27	-4.70	-32.77	-0.134	-0.028	-0.099
7145	0	0.0000	0	-32.074	-32.417	3.342	-7.73	-4.89	-32.01	-0.171	-0.043	-0.121
7152	0	0.0000	0	-32.073	-32.432	3.357	-6.67	-5.55	-31.46	-0.202	-0.023	-0.124
7159	0	0.0000	0	-32.059	-32.444	3.381	-5.10	-5.87	-31.01	-0.238	0.002	-0.117
7166	0	0.0000	0	-32.036	-32.451	3.409	-2.45	-6.80	-29.87	-0.253	0.012	-0.126
7173	0	0.0000	0	-32.012	-32.454	3.432	-0.56	-7.65	-28.99	-0.252	0.010	-0.100
7180	0	0.0000	0	-31.992	-32.450	3.446	1.20	-7.17	-27.74	-0.217	0.011	-0.054
7187	0	0.0000	0	-31.966	-32.448	3.467	2.91	-7.29	-26.14	-0.153	0.005	-0.037
7194	0	0.0000	0	-31.935	-32.450	3.496	4.37	-8.07	-24.08	-0.085	0.008	-0.022
7202	0	0.0000	0	-31.899	-32.458	3.536	4.69	-8.99	-21.47	-0.015	0.015	0.015
7209	0	0.0000	0	-31.856	-32.475	3.590	4.72	-10.29	-19.23	0.084	0.027	0.047
7215	0	0.0000	0	-31.804	-32.500	3.661	4.82	-11.72	-17.90	0.169	0.045	0.059
7222	0	0.0000	0	-31.732	-32.547	3.769	5.32	-13.65	-16.03	0.206	0.059	0.095
7229	0	0.0000	0	-31.644	-32.608	3.906	5.96	-16.25	-15.01	0.240	0.068	0.116
7236	0	0.0000	0	-31.543	-32.687	4.072	6.42	-18.78	-13.99	0.259	0.101	0.129
7243	0	0.0000	0	-31.432	-32.782	4.262	6.41	-20.54	-13.17	0.239	0.120	0.112
7250	0	0.0000	0	-31.307	-32.892	4.478	7.16	-23.55	-11.85	0.197	0.116	0.098
7258	0	0.0000	0	-31.169	-33.022	4.728	8.13	-27.20	-10.32	0.154	0.083	0.076
7265	0	0.0000	0	-31.053	-33.145	4.949	8.55	-30.02	-8.65	0.083	0.054	0.072
7272	0	0.0000	0	-30.934	-33.274	5.180	9.27	-32.39	-8.16	0.023	0.025	0.048
7279	0	0.0000	0	-30.816	-33.412	5.418	9.54	-33.90	-7.77	-0.058	-0.028	0.039
7286	0	0.0000	0	-30.713	-33.546	5.638	10.94	-36.36	-8.07	-0.120	-0.065	0.032
7293	0	0.0000	0	-30.614	-33.688	5.864	11.56	-37.66	-9.71	-0.161	-0.105	0.052
7300	0	0.0000	0	-30.513	-33.841	6.102	12.12	-40.29	-11.66	-0.195	-0.133	0.050
7307	0	0.0000	0	-30.431	-33.993	6.323	12.11	-42.10	-14.06	-0.183	-0.137	0.059
7314	0	0.0000	0	-30.345	-34.153	6.554	11.52	-43.07	-15.47	-0.137	-0.120	0.064
7321	0	0.0000	0	-30.259	-34.312	6.785	10.71	-45.39	-18.05	-0.092	-0.093	0.047
7328	0	0.0000	0	-30.163	-34.487	7.039	10.32	-47.90	-20.21	-0.048	-0.044	0.044
7335	0	0.0000	0	-30.082	-34.668	7.287	10.57	-51.48	-21.97	0.004	0.018	0.021
7342	0	0.0000	0	-30.002	-34.852	7.537	9.92	-53.34	-23.05	0.053	0.072	0.017
7349	0	0.0000	0	-29.879	-35.057	7.845	11.50	-56.06	-26.46	0.058	0.117	0.027
7356	0	0.0000	0	-29.753	-35.262	8.155	12.33	-57.88	-30.01	0.073	0.109	0.026
7363	0	0.0000	0	-29.622	-35.477	8.479	13.60	-60.08	-32.89	0.080	0.103	0.003
7370	0	0.0000	0	-29.503	-35.672	8.774	13.14	-60.23	-35.03	0.113	0.053	-0.005
7377	0	0.0000	0	-29.304	-35.900	9.172	14.07	-60.00	-38.94	0.092	0.018	0.016
7384	0	0.0000	0	-29.180	-36.086	9.462	15.71	-61.27	-40.37	0.087	-0.042	0.003
7391	0	0.0000	0	-29.001	-36.292	9.820	14.42	-60.14	-42.00	0.052	-0.090	-0.018
7398	0	0.0000	0	-28.836	-36.480	10.148	18.48	-62.33	-44.10	0.017	-0.116	-0.049
7405	0	0.0000	0	-28.668	-36.674	10.485	16.88	-61.39	-43.76	-0.005	-0.135	-0.089
7412	0	0.0000	0	-28.465	-36.870	10.855	17.99	-61.70	-44.24	-0.036	-0.108	-0.125
7419	0	0.0000	0	-28.317	-37.035	11.147	17.76	-61.56	-43.93	-0.042	-0.135	-0.142
7426	0	0.0000	0	-28.113	-37.215	11.500	18.19	-61.34	-44.48	-0.057	-0.112	-0.139
7434	0	0.0000	0	-27.926	-37.391	11.837	18.25	-61.21	-44.35	-0.056	-0.089	-0.136
7441	0	0.0000	0	-27.730	-37.557	12.171	19.46	-61.28	-44.85	-0.073	-0.048	-0.101
7448	0	0.0000	0	-27.567	-37.701	12.454	19.50	-60.97	-44.46	-0.063	0.001	-0.068
7455	0	0.0000	0	-27.425	-37.841	12.716	19.15	-59.98	-43.74	-0.066	0.027	-0.044
7462	0	0.0000	0	-27.271	-37.973	12.980	19.64	-59.44	-43.29	-0.053	0.076	-0.005
7469	0	0.0000	0	-27.169	-38.080	13.174	19.62	-58.18	-42.30	-0.025	0.066	0.028
7476	0	0.0000	0	-27.040	-38.199	13.403	21.88	-58.69	-42.47	-0.020	0.117	0.053
7483	0	0.0000	0	-26.927	-38.299	13.600	23.26	-58.36	-42.07	-0.008	0.089	0.061
7490	0	0.0000	0	-26.792	-38.407	13.824	22.21	-56.32	-40.20	0.044	0.046	0.061
7497	0	0.0000	0	-26.696	-38.498	13.997	22.13	-55.28	-37.46	0.074	0.018	0.017
7504	0	0.0000	0	-26.592	-38.591	14.179	21.33	-53.52	-34.93	0.105	-0.020	-0.007
7511	0	0.0000	0	-26.468	-38.685	14.380	21.19	-52.18	-32.64	0.140	-0.042	-0.044
7519	0	0.0000	0	-26.341	-38.791	14.595	20.25	-51.44	-28.64	0.134	-0.050	-0.070
7526	0	0.0000	0	-26.239	-38.860	14.752	20.10	-49.88	-27.18	0.086	-0.058	-0.070
7533	0	0.0000	0	-26.123	-38.928	14.919	20.38	-48.42	-25.65	0.042	-0.071	-0.056
7540	0	0.0000	0	-25.983	-39.019	15.132	22.10	-47.77	-23.88	-0.019	-0.038	-0.069
7547	0	0.0000	0	-25.858	-39.106	15.327	24.27	-48.64	-21.48	-0.090	0.004	-0.069
7554	0	0.0000	0	-25.709	-39.190	15.540	23.27	-46.47	-19.06	-0.093	0.002	-0.040
7561	0	0.0000	0	-25.563	-39.274	15.750	24.38	-45.70	-17.87	-0.146	0.004	-0.010
7569	0	0.0000	0	-25.470	-39.330	15.886	23.75	-43.26	-17.34	-0.121	-0.032	0.049
7576	0	0.0000	0	-25.371	-39.377	16.019	20.60	-38.19	-17.47	-0.088	-0.047	0.096
7583	0	0.0000	0	-25.304	-39.416	16.116	22.70	-38.06	-17.69	-0.072	-0.053	0.130
7590	0	0.0000	0	-25.227	-39.466	16.233	19.63	-34.59	-17.25	-0.013	-0.058	0.177
7597	0	0.0000	0	-25.143	-39.509	16.349	20.66	-34.23	-18.63	0.016	-0.021	0.180
7604	0	0.0000	0	-25.156	-39.537	16.365	17.63	-30.79	-19.25	0.075	-0.008	0.176
7611	0	0.0000	0	-25.093	-39.593	16.475	15.42	-29.80	-18.35	0.095	0.052	0.148
7618	0	0.0000	0	-25.105	-39.640	16.509	17.50	-32.72	-19.12	0.124	0.113	0.089
7625	0	0.0000	0	-25.164	-39.692	16.508	12.02	-30.58	-16.73	0.174	0.093	0.034
7632	0	0.0000	0	-25.122	-39.744	16.596	12.93	-31.15	-17.91	0.151	0.147	0.007
7639	0	0.0000	0	-25.102	-39.801	16.669	13.87	-32.48	-18.38	0.095	0.175	-0.069
7646	0	0.0000	0	-25.187	-39.862	16.654	10.49	-33.28	-15.90	0.100	0.142	-0.148
7653	0	0.0000	0	-25.283	-39.928	16.634	5.77	-32.50	-12.71	0.122	0.093	-0.218
7660	0	0.0000	0	-25.384	-39.990	16.605	2.17	-32.65	-10.87	0.095	0.064	-0.226
7667	0	0.0000	0	-25.463	-40.058	16.601	2.15	-34.41	-10.57	0.033	0.039	-0.208
7674	0	0.0000	0	-25.477	-40.130	16.659	1.87	-36.33	-10.08	-0.051	0.020	-0.167
7681	0	0.0000	0	-25.422	-40.211	16.786	2.92	-39.21	-10.03	-0.145	0.022	-0.107
7688	0	0.0000	0	-25.308	-40.289	16.963	4.97	-42.18	-10.59	-0.221	0.008	-0.027
7695	0	0.0000	0	-25.144	-40.372	17.188	7.52	-45.52	-10.84	-0.286	0.003	0.046
7702	0	0.0000	0	-24.937	-40.457	17.453	9.34	-47.80	-11.22	-0.339	0.014	0.104
7709	0	0.0000	0	-24.691	-40.545	17.755	11.25	-50.52	-11.45	-0.339	-0.018	0.135
7716	0	0.0000	0	-24.414	-40.640	18.091	12.57	-52.47	-11.24	-0.301	-0.036	0.178
7723	0	0.0000	0	-24.139	-40.730	18.422	13.40	-53.60	-11.35	-0.237	-0.064	0.205
7730	0	0.0000	0	-23.858	-40.825	18.761	14.12	-55.01	-11.38	-0.164	-0.087	0.192
7738	0	0.0000	0	-23.571	-40.929	19.115	15.32	-56.50	-10.98	-0.086	-0.081	0.169
7745	0	0.0000	0	-23.302	-41.034	19.453	16.41	-58.27	-10.50	-0.007	-0.041	0.121
7752	0	0.0000	0	-23.057	-41.144	19.777	17.06	-60.63	-9.85	0.061	-0.005	0.066
7759	0	0.0000	0	-22.832	-41.259	20.086	18.08	-62.50	-8.79	0.160	0.023	-0.012
7766	0	0.0000	0	-22.631	-41.376	20.377	18.28	-63.78	-7.39	0.224	0.030	-0.078
7773	0	0.0000	0	-22.450	-41.493	20.651	18.06	-64.14	-6.28	0.296	0.037	-0.135
7780	0	0.0000	0	-22.271	-41.613	20.925	17.55	-64.40	-5.08	0.333	0.022	-0.181
7787	0	0.0000	0	-22.087	-41.730	21.201	17.22	-64.30	-4.64	0.323	-0.008	-0.194
7793	0	0.0000	0	-21.890	-41.845	21.486	18.42	-64.03	-5.05	0.289	-0.026	-0.161
7800	0	0.0000	0	-21.669	-41.961	21.794	19.69	-64.32	-5.51	0.210	-0.035	-0.121
7807	0	0.0000	0	-21.426	-42.074	22.118	21.71	-64.33	-6.99	0.108	-0.048	-0.063
7814	0	0.0000	0	-21.168	-42.183	22.452	23.33	-64.11	-8.31	0.020	-0.067	-0.012
7821	0	0.0000	0	-20.908	-42.291	22.785	23.07	-62.29	-9.77	-0.038	-0.097	0.052
7828	0	0.0000	0	-20.645	-42.400	23.122	21.30	-59.95	-10.87	-0.075	-0.132	0.081
7835	0	0.0000	0	-20.384	-42.508	23.458	19.58	-58.68	-10.96	-0.085	-0.116	0.105
7842	0	0.0000	0	-20.122	-42.617	23.795	16.91	-57.42	-11.15	-0.094	-0.090	0.110
7850	0	0.0000	0	-19.849	-42.726	24.141	15.20	-57.46	-11.42	-0.118	-0.012	0.102
7856	0	0.0000	0	-19.565	-42.828	24.490	15.53	-58.81	-12.42	-0.140	0.067	0.088
7864	0	0.0000	0	-19.264	-42.925	24.850	15.59	-59.86	-12.92	-0.165	0.126	0.099
7870	0	0.0000	0	-18.955	-43.011	25.206	16.12	-60.78	-14.86	-0.144	0.163	0.110
7878	0	0.0000	0	-18.628	-43.085	25.565	16.71	-60.92	-17.75	-0.141	0.173	0.114
7885	0	0.0000	0	-18.314	-43.146	25.901	16.67	-59.87	-20.57	-0.099	0.140	0.105
7892	0	0.0000	0	-18.009	-43.196	26.218	16.05	-57.94	-23.47	-0.047	0.080	0.087
7899	0	0.0000	0	-17.708	-43.239	26.525	15.10	-56.32	-25.20	0.020	0.008	0.064
7906	0	0.0000	0	-17.418	-43.276	26.816	13.48	-53.67	-27.82	0.078	-0.072	0.024
7913	0	0.0000	0	-17.129	-43.308	27.102	12.39	-52.26	-29.93	0.132	-0.107	-0.014
7920	0	0.0000	0	-16.840	-43.337	27.384	11.74	-51.66	-30.96	0.160	-0.136	-0.070
7927	0	0.0000	0	-16.553	-43.361	27.660	10.93	-51.43	-31.76	0.176	-0.121	-0.120
7934	0	0.0000	0	-16.249	-43.382	27.948	10.58	-51.37	-32.11	0.169	-0.097	-0.151
7941	0	0.0000	0	-15.961	-43.396	28.215	9.28	-51.15	-32.40	0.165	-0.073	-0.181
7948	0	0.0000	0	-15.674	-43.402	28.473	7.02	-50.23	-32.77	0.160	-0.040	-0.182
7955	0	0.0000	0	-15.394	-43.401	28.719	3.47	-48.40	-33.36	0.166	-0.016	-0.158
7962	0	0.0000	0	-15.117	-43.393	28.955	-0.11	-46.43	-33.98	0.140	0.002	-0.124
7969	0	0.0000	0	-14.840	-43.379	29.186	-2.64	-45.36	-35.06	0.128	0.031	-0.082
7976	0	0.0000	0	-14.564	-43.361	29.411	-5.54	-44.32	-36.27	0.075	0.067	-0.036
7983	0	0.0000	0	-14.282	-43.338	29.636	-7.70	-44.51	-38.35	0.007	0.107	0.039
7990	0	0.0000	0	-13.999	-43.314	29.862	-9.22	-44.99	-40.05	-0.066	0.159	0.107
7997	0	0.0000	0	-13.711	-43.289	30.092	-10.73	-46.13	-41.53	-0.147	0.185	0.134
8004	0	0.0000	0	-13.454	-43.269	30.298	-11.80	-46.89	-42.03	-0.167	0.182	0.146
8011	0	0.0000	0	-13.225	-43.253	30.484	-15.30	-47.35	-42.93	-0.172	0.158	0.129
8018	0	0.0000	0	-13.022	-43.241	30.651	-19.23	-47.38	-43.73	-0.141	0.104	0.113
8025	0	0.0000	0	-12.838	-43.232	30.804	-23.00	-47.35	-44.74	-0.099	0.043	0.096
8032	0	0.0000	0	-12.678	-43.227	30.940	-26.85	-47.36	-46.91	-0.049	-0.017	0.091
8039	0	0.0000	0	-12.526	-43.224	31.071	-28.88	-47.73	-48.22	-0.018	-0.053	0.078
8046	0	0.0000	0	-12.376	-43.222	31.201	-30.99	-49.50	-50.68	0.017	-0.070	0.037
8054	0	0.0000	0	-12.217	-43.219	31.338	-32.30	-51.95	-52.95	0.022	-0.071	0.014
8061	0	0.0000	0	-12.075	-43.218	31.462	-34.48	-53.93	-54.60	0.055	-0.068	-0.036
8068	0	0.0000	0	-11.946	-43.219	31.576	-37.79	-56.11	-55.14	0.112	-0.046	-0.096
8075	0	0.0000	0	-11.814	-43.220	31.694	-40.37	-58.30	-55.43	0.117	-0.028	-0.116
8082	0	0.0000	0	-11.684	-43.217	31.805	-42.05	-59.05	-56.70	0.108	-0.017	-0.099
8089	0	0.0000	0	-11.555	-43.210	31.913	-44.00	-60.16	-59.03	0.079	-0.022	-0.081
8096	0	0.0000	0	-11.427	-43.202	32.017	-46.20	-60.62	-62.08	0.038	-0.018	-0.049
8104	0	0.0000	0	-11.299	-43.194	32.122	-48.66	-60.62	-64.17	0.010	-0.027	-0.019
8111	0	0.0000	0	-11.184	-43.190	32.219	-51.32	-61.14	-65.21	-0.011	-0.014	-0.013
8118	0	0.0000	0	-11.076	-43.190	32.314	-52.98	-61.83	-65.30	-0.039	0.002	-0.004
8125	0	0.0000	0	-10.955	-43.192	32.422	-54.34	-64.29	-65.27	-0.080	0.040	-0.007
8132	0	0.0000	0	-10.820	-43.193	32.542	-54.51	-67.38	-65.51	-0.141	0.065	0.012
8139	0	0.0000	0	-10.683	-43.192	32.662	-54.05	-69.93	-67.11	-0.169	0.079	0.049
8146	0	0.0000	0	-10.544	-43.191	32.783	-53.59	-71.95	-69.56	-0.190	0.081	0.071
8153	0	0.0000	0	-10.408	-43.189	32.901	-54.10	-73.37	-71.24	-0.175	0.042	0.092
8161	0	0.0000	0	-10.280	-43.188	33.013	-54.75	-74.22	-72.27	-0.134	0.000	0.070
8168	0	0.0000	0	-10.166	-43.191	33.115	-56.50	-74.89	-72.69	-0.070	-0.044	0.034
8175	0	0.0000	0	-10.053	-43.193	33.217	-58.91	-75.33	-72.27	0.013	-0.092	-0.010
8182	0	0.0000	0	-9.936	-43.194	33.321	-61.25	-76.05	-71.44	0.076	-0.128	-0.048
8189	0	0.0000	0	-9.803	-43.190	33.435	-63.21	-76.47	-70.74	0.135	-0.115	-0.095
8196	0	0.0000	0	-9.649	-43.180	33.560	-64.15	-77.38	-70.37	0.163	-0.111	-0.117
8203	0	0.0000	0	-9.459	-43.159	33.707	-64.59	-78.42	-70.37	0.144	-0.079	-0.120
8211	0	0.0000	0	-9.245	-43.130	33.867	-63.79	-79.80	-71.16	0.110	-0.044	-0.090
8218	0	0.0000	0	-9.029	-43.097	34.025	-62.71	-80.67	-73.07	0.038	0.004	-0.034
8225	0	0.0000	0	-8.814	-43.065	34.183	-61.44	-81.36	-75.24	-0.028	0.042	0.016
8232	0	0.0000	0	-8.612	-43.037	34.334	-60.19	-81.90	-77.42	-0.083	0.057	0.048
8239	0	0.0000	0	-8.427	-43.015	34.475	-60.11	-82.55	-77.81	-0.102	0.088	0.036
8246	0	0.0000	0	-8.268	-43.003	34.603	-61.46	-83.26	-76.79	-0.081	0.084	0.010
8253	0	0.0000	0	-8.123	-42.997	34.725	-63.79	-83.53	-74.73	-0.047	0.072	-0.030
8260	0	0.0000	0	-7.986	-42.991	34.840	-66.16	-83.00	-73.41	-0.003	0.050	-0.035
8267	0	0.0000	0	-7.824	-42.976	34.968	-66.99	-82.33	-73.78	0.015	0.003	-0.001
8274	0	0.0000	0	-7.654	-42.954	35.096	-67.60	-81.31	-74.83	0.026	-0.039	0.031
8281	0	0.0000	0	-7.466	-42.923	35.231	-68.01	-80.19	-75.43	0.034	-0.055	0.034
8288	0	0.0000	0	-7.265	-42.887	35.373	-68.11	-79.51	-75.27	0.037	-0.088	0.012
8295	0	0.0000	0	-7.047	-42.843	35.522	-67.59	-78.84	-74.77	0.031	-0.076	0.006
8302	0	0.0000	0	-6.806	-42.790	35.683	-65.61	-78.41	-75.28	-0.035	-0.068	0.023
8309	0	0.0000	0	-6.551	-42.730	35.849	-63.72	-77.91	-76.51	-0.095	-0.055	0.036
8316	0	0.0000	0	-6.301	-42.670	36.010	-61.13	-77.91	-77.63	-0.135	-0.023	0.038
8323	0	0.0000	0	-6.061	-42.611	36.165	-59.38	-78.16	-77.01	-0.131	0.015	-0.001
8330	0	0.0000	0	-5.846	-42.560	36.303	-58.90	-77.84	-75.48	-0.095	0.021	-0.044
8337	0	0.0000	0	-5.654	-42.514	36.428	-59.61	-76.62	-74.51	-0.041	0.016	-0.067
8344	0	0.0000	0	-5.477	-42.471	36.542	-60.94	-73.75	-74.05	0.034	-0.011	-0.063
8351	0	0.0000	0	-5.317	-42.430	36.643	-62.60	-70.20	-74.03	0.100	-0.051	-0.079
8358	0	0.0000	0	-5.151	-42.386	36.745	-64.08	-66.99	-73.33	0.163	-0.059	-0.095
8365	0	0.0000	0	-4.971	-42.334	36.854	-64.50	-64.65	-72.62	0.145	-0.061	-0.096
8373	0	0.0000	0	-4.752	-42.268	36.982	-63.04	-63.49	-72.06	0.104	-0.014	-0.062
8380	0	0.0000	0	-4.522	-42.196	37.114	-61.37	-62.83	-71.65	0.050	0.001	-0.028
8387	0	0.0000	0	-4.285	-42.118	37.247	-58.55	-62.31	-72.24	-0.027	0.059	0.014
8394	0	0.0000	0	-4.050	-42.039	37.377	-55.37	-61.73	-72.00	-0.087	0.069	0.030
8401	0	0.0000	0	-3.855	-41.973	37.483	-53.16	-60.80	-70.90	-0.132	0.072	0.024
8408	0	0.0000	0	-3.688	-41.914	37.574	-52.03	-59.67	-68.72	-0.154	0.065	0.023
8415	0	0.0000	0	-3.553	-41.865	37.645	-51.89	-58.27	-66.98	-0.124	0.017	-0.004
8422	0	0.0000	0	-3.449	-41.825	37.698	-52.35	-55.24	-64.04	-0.092	-0.035	-0.035
8429	0	0.0000	0	-3.363	-41.790	37.739	-53.22	-51.87	-61.36	-0.019	-0.077	-0.027
8436	0	0.0000	0	-3.275	-41.752	37.779	-52.93	-48.11	-60.03	0.003	-0.129	-0.008
8443	0	0.0000	0	-3.166	-41.704	37.829	-51.28	-45.01	-60.13	0.022	-0.125	0.045
8450	0	0.0000	0	-3.035	-41.647	37.889	-49.47	-42.83	-60.63	0.027	-0.120	0.078
8457	0	0.0000	0	-2.890	-41.586	37.957	-45.99	-40.42	-61.76	-0.006	-0.088	0.123
8464	0	0.0000	0	-2.735	-41.524	38.032	-42.08	-38.70	-62.10	-0.027	-0.024	0.115
8471	0	0.0000	0	-2.589	-41.466	38.105	-38.90	-37.34	-61.15	-0.019	0.027	0.087
8478	0	0.0000	0	-2.463	-41.417	38.168	-37.26	-35.62	-58.38	-0.017	0.080	0.021
8485	0	0.0000	0	-2.361	-41.378	38.220	-36.64	-34.51	-56.30	0.019	0.091	-0.035
8492	0	0.0000	0	-2.270	-41.342	38.265	-36.02	-31.71	-53.06	0.042	0.082	-0.076
8499	0	0.0000	0	-2.183	-41.303	38.303	-35.30	-28.79	-50.04	0.054	0.055	-0.129
8507	0	0.0000	0	-2.098	-41.260	38.336	-33.51	-25.60	-47.72	0.057	0.043	-0.131
8514	0	0.0000	0	-2.001	-41.207	38.370	-29.44	-23.52	-46.58	0.007	0.029	-0.115
8521	0	0.0000	0	-1.893	-41.145	38.404	-26.10	-22.38	-45.98	-0.051	0.015	-0.085
8528	0	0.0000	0	-1.797	-41.083	38.429	-22.06	-20.34	-44.12	-0.091	-0.008	-0.061
8535	0	0.0000	0	-1.707	-41.021	38.448	-17.66	-17.93	-42.06	-0.125	-0.027	-0.052
8542	0	0.0000	0	-1.628	-40.963	38.460	-14.67	-16.27	-38.78	-0.137	-0.042	-0.043
8549	0	0.0000	0	-1.572	-40.914	38.462	-13.11	-14.73	-35.53	-0.112	-0.043	-0.049
8556	0	0.0000	0	-1.530	-40.871	38.457	-11.23	-12.26	-31.53	-0.094	-0.053	-0.032
8563	0	0.0000	0	-1.497	-40.833	38.450	-9.57	-9.06	-27.82	-0.048	-0.067	-0.021
8570	0	0.0000	0	-1.468	-40.799	38.441	-7.62	-6.32	-25.00	-0.007	-0.046	0.010
8577	0	0.0000	0	-1.425	-40.762	38.444	-4.94	-3.44	-23.26	0.016	-0.046	0.062
8584	0	0.0000	0	-1.367	-40.721	38.455	-3.09	-1.52	-22.81	0.049	-0.016	0.113
8591	0	0.0000	0	-1.299	-40.682	38.476	-0.48	1.35	-22.26	0.062	0.016	0.151
8598	0	0.0000	0	-1.227	-40.647	38.506	2.60	3.24	-21.74	0.069	0.077	0.159
8605	0	0.0000	0	-1.149	-40.613	38.541	6.17	3.85	-19.99	0.072	0.118	0.138
8612	0	0.0000	0	-1.075	-40.584	38.578	9.40	3.67	-17.55	0.060	0.161	0.106
8619	0	0.0000	0	-1.013	-40.560	38.610	11.24	3.38	-15.50	0.046	0.184	0.035
8626	0	0.0000	0	-0.964	-40.540	38.633	13.31	4.28	-12.25	0.050	0.150	-0.019
8633	0	0.0000	0	-0.926	-40.517	38.644	14.20	6.16	-9.50	0.057	0.086	-0.077
8640	0	0.0000	0	-0.893	-40.490	38.646	15.32	8.95	-7.49	0.076	0.003	-0.109
8647	0	0.0000	0	-0.854	-40.452	38.644	16.97	12.14	-6.64	0.055	-0.073	-0.101
8654	0	0.0000	0	-0.805	-40.404	38.640	18.15	14.55	-6.83	0.038	-0.132	-0.071
8661	0	0.0000	0	-0.744	-40.346	38.637	20.98	17.72	-8.08	-0.007	-0.189	-0.031
8668	0	0.0000	0	-0.674	-40.282	38.637	23.60	20.68	-9.53	-0.026	-0.210	0.030
8675	0	0.0000	0	-0.600	-40.218	38.640	26.05	22.38	-10.52	-0.059	-0.188	0.065
8682	0	0.0000	0	-0.529	-40.160	38.645	27.75	22.52	-10.55	-0.041	-0.109	0.093
8689	0	0.0000	0	-0.467	-40.111	38.653	27.82	23.20	-10.04	-0.025	-0.034	0.081
8696	0	0.0000	0	-0.412	-40.072	38.663	28.31	22.88	-9.47	0.007	0.081	0.080
8703	0	0.0000	0	-0.362	-40.036	38.672	27.98	22.35	-8.70	0.055	0.158	0.063
8710	0	0.0000	0	-0.311	-40.003	38.684	28.28	22.16	-7.75	0.069	0.229	0.038
8717	0	0.0000	0	-0.255	-39.966	38.698	29.17	21.25	-7.00	0.073	0.263	0.014
8724	0	0.0000	0	-0.186	-39.919	38.713	30.27	20.63	-6.85	0.049	0.262	-0.022
8731	0	0.0000	0	-0.105	-39.864	38.731	31.50	19.96	-6.56	0.023	0.253	-0.030
8738	0	0.0000	0	-0.015	-39.798	38.746	32.00	19.52	-5.88	0.012	0.193	-0.061
8745	0	0.0000	0	0.087	-39.721	38.761	32.08	19.55	-4.83	0.010	0.131	-0.104
8752	0	0.0000	0	0.199	-39.635	38.775	32.11	19.64	-2.94	-0.009	0.051	-0.134
8759	0	0.0000	0	0.321	-39.538	38.789	32.17	19.77	-1.02	0.003	-0.029	-0.124
8766	0	0.0000	0	0.449	-39.438	38.804	32.61	20.43	-0.21	-0.024	-0.113	-0.109
8773	0	0.0000	0	0.586	-39.333	38.822	33.32	21.39	-0.83	-0.022	-0.180	-0.041
8780	0	0.0000	0	0.727	-39.228	38.843	33.77	21.35	-1.24	-0.036	-0.241	-0.003
8787	0	0.0000	0	0.866	-39.127	38.868	34.14	21.69	-1.00	-0.027	-0.256	0.037
8794	0	0.0000	0	0.988	-39.043	38.893	33.19	21.42	-0.41	-0.001	-0.212	0.071
8802	0	0.0000	0	1.103	-38.969	38.923	32.17	20.41	0.66	0.033	-0.163	0.099
8808	0	0.0000	0	1.197	-38.915	38.953	30.63	18.86	1.96	0.064	-0.090	0.102
8815	0	0.0000	0	1.281	-38.872	38.984	28.72	17.94	2.78	0.110	-0.007	0.088
8823	0	0.0000	0	1.359	-38.837	39.018	26.33	16.60	4.29	0.118	0.056	0.083
8830	0	0.0000	0	1.439	-38.797	39.050	25.02	15.87	3.57	0.104	0.126	0.083
8837	0	0.0000	0	1.522	-38.756	39.083	24.21	14.27	2.50	0.072	0.181	0.109
8844	0	0.0000	0	1.605	-38.711	39.113	23.49	14.17	0.25	0.049	0.174	0.123
8851	0	0.0000	0	1.685	-38.665	39.139	22.73	14.31	-0.82	0.011	0.166	0.129
8858	0	0.0000	0	1.761	-38.618	39.160	21.67	13.96	-2.89	-0.008	0.123	0.102
8865	0	0.0000	0	1.829	-38.573	39.176	20.29	13.50	-4.13	-0.027	0.091	0.060
8872	0	0.0000	0	1.884	-38.534	39.186	17.95	13.36	-3.75	-0.026	0.024	0.004
8879	0	0.0000	0	1.934	-38.495	39.192	15.44	14.06	-3.64	-0.030	-0.045	-0.068
8886	0	0.0000	0	1.987	-38.456	39.200	14.56	13.82	-3.37	-0.043	-0.096	-0.099
8893	0	0.0000	0	2.039	-38.414	39.206	13.69	13.75	-3.70	-0.060	-0.129	-0.127
8900	0	0.0000	0	2.112	-38.360	39.217	13.58	12.87	-4.40	-0.064	-0.130	-0.129
8907	0	0.0000	0	2.187	-38.304	39.229	12.91	11.50	-3.63	-0.065	-0.115	-0.140
8914	0	0.0000	0	2.263	-38.246	39.239	12.05	11.25	-4.22	-0.054	-0.126	-0.124
8921	0	0.0000	0	2.337	-38.187	39.246	11.55	11.71	-4.80	-0.058	-0.096	-0.090
8928	0	0.0000	0	2.396	-38.135	39.248	10.82	10.70	-5.39	-0.033	-0.027	-0.041
8935	0	0.0000	0	2.445	-38.090	39.247	10.15	10.10	-5.39	-0.011	0.005	-0.008
8942	0	0.0000	0	2.479	-38.051	39.239	9.19	9.43	-5.46	0.027	0.064	0.040
8950	0	0.0000	0	2.495	-38.023	39.226	7.91	8.95	-5.60	0.047	0.095	0.064
8957	0	0.0000	0	2.504	-38.000	39.212	7.10	8.61	-5.51	0.069	0.095	0.080
8964	0	0.0000	0	2.505	-37.983	39.196	6.14	8.21	-5.83	0.080	0.108	0.097
8971	0	0.0000	0	2.503	-37.971	39.182	4.93	7.78	-5.57	0.085	0.085	0.084
8978	0	0.0000	0	2.502	-37.959	39.170	4.10	7.30	-5.10	0.074	0.076	0.057
8985	0	0.0000	0	2.509	-37.946	39.163	4.02	6.60	-4.85	0.039	0.060	0.035
8991	0	0.0000	0	2.521	-37.929	39.158	4.64	5.20	-4.60	0.003	0.045	0.008
8999	0	0.0000	0	2.542	-37.908	39.155	5.33	4.58	-5.31	-0.046	0.008	-0.002
9006	0	0.0000	0	2.568	-37.883	39.154	6.05	4.44	-6.41	-0.083	-0.023	0.017
9013	0	0.0000	0	2.593	-37.858	39.151	6.64	4.82	-8.44	-0.113	-0.052	0.015
9020	0	0.0000	0	2.612	-37.834	39.144	6.81	5.16	-9.48	-0.126	-0.082	0.013
9027	0	0.0000	0	2.622	-37.816	39.136	7.03	5.30	-10.37	-0.136	-0.099	-0.004
9034	0	0.0000	0	2.627	-37.804	39.129	6.59	5.18	-10.66	-0.093	-0.112	-0.021
9041	0	0.0000	0	2.627	-37.796	39.120	5.74	5.34	-11.01	-0.042	-0.110	-0.050
9048	0	0.0000	0	2.640	-37.782	39.119	5.67	4.62	-10.86	-0.021	-0.077	-0.064
9055	0	0.0000	0	2.667	-37.762	39.123	6.19	3.70	-10.99	-0.013	-0.007	-0.050
9062	0	0.0000	0	2.708	-37.732	39.130	6.79	2.23	-11.17	0.028	0.018	-0.050
9069	0	0.0000	0	2.757	-37.696	39.138	7.04	1.17	-11.10	0.048	0.068	-0.036
9076	0	0.0000	0	2.812	-37.654	39.145	7.50	-0.11	-10.39	0.070	0.095	-0.055
9083	0	0.0000	0	2.869	-37.606	39.149	8.03	-1.03	-10.20	0.068	0.102	-0.033
9090	0	0.0000	0	2.932	-37.551	39.151	8.84	-1.29	-10.56	0.068	0.115	0.007
9097	0	0.0000	0	2.997	-37.492	39.151	9.68	-1.36	-10.90	0.061	0.062	0.029
9104	0	0.0000	0	3.063	-37.430	39.148	9.94	-1.03	-10.85	0.061	0.039	0.047
9111	0	0.0000	0	3.122	-37.375	39.146	9.40	-0.31	-10.40	0.066	-0.019	0.040
9118	0	0.0000	0	3.183	-37.320	39.147	8.70	-0.32	-8.95	0.069	-0.049	0.030
9125	0	0.0000	0	3.248	-37.271	39.156	8.59	-0.53	-8.21	0.048	-0.063	0.023
9132	0	0.0000	0	3.325	-37.222	39.177	9.09	-1.28	-6.90	0.011	-0.060	0.007
9139	0	0.0000	0	3.406	-37.175	39.202	9.93	-2.34	-6.58	-0.022	-0.049	0.004
9146	0	0.0000	0	3.497	-37.128	39.236	10.63	-3.18	-6.12	-0.050	-0.035	-0.007
9153	0	0.0000	0	3.590	-37.083	39.274	10.97	-3.84	-6.00	-0.064	-0.016	0.003
9160	0	0.0000	0	3.678	-37.043	39.313	11.27	-4.36	-5.48	-0.059	-0.009	-0.009
9167	0	0.0000	0	3.751	-37.011	39.346	10.01	-4.61	-4.17	-0.042	-0.020	-0.037
9174	0	0.0000	0	3.815	-36.984	39.376	8.24	-4.47	-1.70	-0.000	-0.008	-0.062
9181	0	0.0000	0	3.874	-36.959	39.404	6.99	-4.39	-0.42	0.026	-0.017	-0.072
9188	0	0.0000	0	3.938	-36.929	39.431	5.15	-4.26	1.61	0.043	-0.007	-0.071
9195	0	0.0000	0	4.012	-36.891	39.459	4.73	-3.82	1.79	0.036	-0.013	-0.038
9202	0	0.0000	0	4.095	-36.846	39.488	4.94	-3.11	1.19	0.019	-0.013	0.016
9209	0	0.0000	0	4.181	-36.798	39.517	5.80	-2.43	-0.03	0.004	-0.016	0.057
9216	0	0.0000	0	4.261	-36.755	39.545	6.14	-2.07	-0.63	-0.013	-0.018	0.091
9223	0	0.0000	0	4.320	-36.726	39.570	5.98	-1.74	-0.38	-0.028	-0.014	0.082
9230	0	0.0000	0	4.355	-36.715	39.589	5.16	-2.04	0.96	-0.020	0.021	0.038
9237	0	0.0000	0	4.364	-36.723	39.605	4.18	-2.37	3.22	0.009	0.021	-0.000
9244	0	0.0000	0	4.359	-36.741	39.619	2.90	-2.58	4.92	0.035	0.027	-0.031
9251	0	0.0000	0	4.347	-36.764	39.630	1.52	-2.33	6.99	0.045	0.023	-0.064
9258	0	0.0000	0	4.334	-36.785	39.639	0.43	-1.97	8.47	0.032	0.023	-0.059
9265	0	0.0000	0	4.329	-36.799	39.648	0.21	-1.12	7.94	0.020	-0.003	-0.034
9272	0	0.0000	0	4.335	-36.803	39.658	0.64	-0.16	7.09	-0.016	-0.037	0.018
9279	0	0.0000	0	4.349	-36.802	39.668	1.32	1.23	5.54	-0.033	-0.064	0.060
9286	0	0.0000	0	4.358	-36.803	39.678	1.24	2.99	3.76	-0.053	-0.076	0.098
9293	0	0.0000	0	4.357	-36.812	39.685	0.74	4.55	3.44	-0.053	-0.075	0.086
9300	0	0.0000	0	4.340	-36.834	39.692	0.05	5.55	3.76	-0.047	-0.056	0.075
9307	0	0.0000	0	4.309	-36.868	39.698	-0.63	5.99	4.64	-0.038	-0.042	0.040
9314	0	0.0000	0	4.270	-36.908	39.702	-1.20	5.74	6.30	-0.031	0.008	0.000
9321	0	0.0000	0	4.227	-36.950	39.705	-1.53	5.40	7.62	-0.036	0.052	-0.034
9328	0	0.0000	0	4.185	-36.988	39.706	-1.12	5.36	8.19	-0.027	0.089	-0.060
9334	0	0.0000	0	4.149	-37.016	39.701	-0.93	5.99	7.79	-0.044	0.090	-0.047
9341	0	0.0000	0	4.108	-37.038	39.687	-0.89	8.04	6.56	-0.032	0.046	-0.024
9348	0	0.0000	0	4.063	-37.056	39.664	-0.56	10.67	4.44	-0.014	0.011	0.005
9355	0	0.0000	0	4.012	-37.073	39.636	-1.18	12.93	3.33	-0.005	-0.038	0.019
9362	0	0.0000	0	3.954	-37.094	39.605	-1.48	13.84	3.04	0.012	-0.037	0.015
9369	0	0.0000	0	3.890	-37.118	39.573	-1.56	14.39	3.51	0.014	-0.030	0.003
9376	0	0.0000	0	3.831	-37.144	39.545	-1.52	13.50	4.78	0.033	-0.005	-0.010
9383	0	0.0000	0	3.769	-37.172	39.518	-0.83	12.66	6.10	0.042	0.028	-0.052
9390	0	0.0000	0	3.712	-37.196	39.491	-0.51	12.07	6.90	0.034	0.040	-0.045
9397	0	0.0000	0	3.652	-37.219	39.462	0.09	12.13	7.30	0.016	0.058	-0.041
9404	0	0.0000	0	3.590	-37.240	39.426	0.57	12.96	6.83	0.013	0.044	-0.017
9411	0	0.0000	0	3.523	-37.258	39.386	1.30	14.15	5.76	-0.013	0.013	0.009
9418	0	0.0000	0	3.451	-37.278	39.342	1.73	15.68	4.96	-0.015	-0.034	0.023
9425	0	0.0000	0	3.375	-37.301	39.297	1.96	16.26	4.68	-0.026	-0.035	0.043
9432	0	0.0000	0	3.300	-37.325	39.254	2.69	16.61	4.77	-0.043	-0.049	0.019
9439	0	0.0000	0	3.223	-37.352	39.214	3.36	16.65	5.33	-0.037	-0.021	-0.000
9446	0	0.0000	0	3.152	-37.381	39.179	4.13	15.92	5.81	-0.043	-0.005	-0.016
9453	0	0.0000	0	3.084	-37.409	39.146	4.93	15.66	6.33	-0.040	0.028	-0.029
9460	0	0.0000	0	3.022	-37.433	39.116	5.10	15.84	6.51	-0.020	0.030	-0.026
9467	0	0.0000	0	2.973	-37.449	39.089	6.08	15.60	6.62	0.003	0.041	-0.024
9474	0	0.0000	0	2.932	-37.462	39.064	7.18	15.58	6.60	0.009	0.046	-0.023
9481	0	0.0000	0	2.897	-37.469	39.040	7.51	15.41	6.86	0.018	0.042	-0.010
9488	0	0.0000	0	2.864	-37.473	39.016	7.60	15.51	6.78	0.033	0.042	-0.002
9495	0	0.0000	0	2.838	-37.474	38.993	8.03	15.63	7.07	0.059	0.041	-0.001
9502	0	0.0000	0	2.817	-37.470	38.971	8.23	15.60	7.21	0.054	0.039	0.008
9509	0	0.0000	0	2.802	-37.464	38.951	8.82	15.95	7.13	0.063	0.004	0.028
9516	0	0.0000	0	2.787	-37.457	38.932	8.97	16.01	6.92	0.052	-0.009	0.028
9523	0	0.0000	0	2.774	-37.452	38.916	9.65	16.18	6.91	0.040	-0.027	0.049
9530	0	0.0000	0	2.761	-37.447	38.899	10.09	16.21	6.86	0.014	-0.053	0.040
9537	0	0.0000	0	2.746	-37.445	38.884	10.39	16.22	6.87	-0.002	-0.049	0.028
9544	0	0.0000	0	2.728	-37.449	38.872	10.40	16.16	7.24	-0.015	-0.037	0.014
9551	0	0.0000	0	2.705	-37.454	38.857	10.43	16.10	7.37	-0.004	-0.023	-0.003
9558	0	0.0000	0	2.681	-37.462	38.843	10.05	16.20	7.55	-0.008	-0.025	-0.001
9565	0	0.0000	0	2.660	-37.466	38.828	9.07	17.31	7.63	0.010	-0.024	-0.019
9572	0	0.0000	0	2.635	-37.470	38.811	7.72	18.50	7.78	0.029	-0.036	-0.019
9579	0	0.0000	0	2.623	-37.467	38.797	7.60	18.58	8.04	0.012	-0.007	-0.018
9586	0	0.0000	0	2.624	-37.457	38.789	7.72	18.25	7.71	-0.007	0.009	0.008
9593	0	0.0000	0	2.631	-37.443	38.781	8.10	18.99	6.81	-0.007	0.021	0.010
9600	0	0.0000	0	2.638	-37.428	38.772	8.10	19.76	6.03	-0.029	0.028	0.021
9607	0	0.0000	0	2.638	-37.415	38.759	7.56	20.05	5.55	-0.031	0.028	0.025
9614	0	0.0000	0	2.631	-37.406	38.745	7.48	19.98	5.91	-0.010	0.036	0.018
9621	0	0.0000	0	2.611	-37.404	38.726	6.45	20.01	6.80	0.009	0.043	-0.014
9628	0	0.0000	0	2.578	-37.409	38.701	5.07	20.01	7.76	0.026	0.037	-0.008
9635	0	0.0000	0	2.536	-37.417	38.672	3.81	20.02	8.37	0.051	0.044	-0.049
9642	0	0.0000	0	2.493	-37.422	38.639	3.56	20.49	8.58	0.049	0.020	-0.053
9649	0	0.0000	0	2.448	-37.425	38.602	2.80	21.07	8.12	0.033	-0.008	-0.033
9657	0	0.0000	0	2.409	-37.421	38.564	3.40	22.27	6.64	0.008	-0.040	0.011
9663	0	0.0000	0	2.362	-37.421	38.523	3.04	23.43	5.21	-0.025	-0.082	0.021
9670	0	0.0000	0	2.305	-37.429	38.480	2.74	24.20	5.47	-0.038	-0.070	0.008
9677	0	0.0000	0	2.244	-37.442	38.440	2.57	24.08	6.30	-0.036	-0.048	-0.019
9684	0	0.0000	0	2.176	-37.462	38.399	1.77	23.35	8.25	-0.026	-0.016	-0.052
9691	0	0.0000	0	2.101	-37.485	38.355	0.88	22.70	10.11	-0.024	0.024	-0.071
9698	0	0.0000	0	2.031	-37.503	38.311	0.39	22.79	11.14	-0.007	0.035	-0.054
9705	0	0.0000	0	1.957	-37.517	38.260	0.30	23.86	10.48	-0.016	0.024	-0.007
9713	0	0.0000	0	1.894	-37.521	38.208	0.90	24.93	9.12	-0.024	0.003	0.051
9720	0	0.0000	0	1.829	-37.523	38.152	0.98	26.64	7.55	-0.020	-0.022	0.079
9727	0	0.0000	0	1.758	-37.531	38.098	0.56	27.93	7.21	-0.015	-0.027	0.083
9734	0	0.0000	0	1.676	-37.547	38.042	-0.39	29.10	8.03	0.011	-0.034	0.058
9741	0	0.0000	0	1.587	-37.571	37.988	-1.08	29.03	9.86	0.021	-0.015	0.039
9748	0	0.0000	0	1.494	-37.602	37.935	-1.26	29.29	10.73	0.025	0.008	-0.017
9754	0	0.0000	0	1.400	-37.633	37.882	-1.51	29.30	11.71	0.017	0.013	-0.028
9761	0	0.0000	0	1.304	-37.662	37.826	-1.08	29.08	12.35	-0.002	0.024	-0.038
9768	0	0.0000	0	1.207	-37.689	37.767	-0.16	28.88	12.58	-0.029	0.025	-0.035
9775	0	0.0000	0	1.105	-37.714	37.701	0.21	28.80	12.50	-0.027	0.032	-0.036
9782	0	0.0000	0	0.992	-37.741	37.629	0.65	28.88	12.41	-0.038	0.024	-0.022
9790	0	0.0000	0	0.865	-37.768	37.544	0.67	29.58	11.90	-0.039	-0.001	-0.008
9797	0	0.0000	0	0.733	-37.795	37.454	0.63	30.07	11.34	-0.020	-0.026	-0.009
9804	0	0.0000	0	0.599	-37.821	37.360	0.23	30.14	11.24	-0.011	-0.032	0.020
9811	0	0.0000	0	0.460	-37.849	37.266	0.33	30.13	11.47	0.005	-0.034	-0.004
9818	0	0.0000	0	0.325	-37.877	37.174	0.58	29.20	11.41	-0.001	-0.013	0.013
9825	0	0.0000	0	0.196	-37.906	37.089	1.40	27.78	11.80	-0.018	0.030	0.003
9831	0	0.0000	0	0.073	-37.934	37.008	2.75	25.43	12.37	-0.031	0.080	0.009
9839	0	0.0000	0	-0.044	-37.961	36.931	5.12	22.57	12.97	-0.045	0.118	0.011
9846	0	0.0000	0	-0.161	-37.989	36.855	6.48	21.16	12.92	-0.055	0.105	0.022
9853	0	0.0000	0	-0.275	-38.016	36.782	7.99	19.88	12.16	-0.053	0.089	0.051
9860	0	0.0000	0	-0.386	-38.040	36.707	9.32	19.57	11.14	-0.043	0.042	0.056
9867	0	0.0000	0	-0.490	-38.064	36.639	9.99	19.41	10.73	-0.017	-0.018	0.051
9874	0	0.0000	0	-0.594	-38.090	36.573	9.77	19.34	10.39	0.012	-0.068	0.031
9881	0	0.0000	0	-0.679	-38.111	36.518	10.15	18.90	10.55	0.052	-0.087	0.001
9888	0	0.0000	0	-0.740	-38.127	36.480	11.30	17.15	11.48	0.063	-0.067	-0.027
9895	0	0.0000	0	-0.776	-38.135	36.456	12.82	15.12	11.78	0.044	-0.047	-0.060
9902	0	0.0000	0	-0.788	-38.133	36.443	14.13	13.68	11.80	0.041	-0.034	-0.061
9909	0	0.0000	0	-0.774	-38.117	36.440	16.60	11.95	10.85	0.008	-0.020	-0.058
9916	0	0.0000	0	-0.745	-38.093	36.442	18.71	11.05	9.85	-0.001	-0.005	-0.031
9923	0	0.0000	0	-0.717	-38.069	36.444	20.23	10.57	8.59	-0.015	-0.010	-0.016
9930	0	0.0000	0	-0.692	-38.048	36.445	20.91	10.13	7.72	-0.006	0.009	0.011
9937	0	0.0000	0	-0.669	-38.030	36.448	21.27	9.73	7.66	0.010	0.023	0.017
9944	0	0.0000	0	-0.651	-38.020	36.454	20.89	9.35	7.89	0.030	0.025	-0.004
9950	0	0.0000	0	-0.628	-38.013	36.468	20.70	8.40	8.92	0.035	0.042	-0.020
9957	0	0.0000	0	-0.590	-38.004	36.493	20.68	7.44	9.69	0.052	0.037	-0.033
9964	0	0.0000	0	-0.536	-37.990	36.527	21.24	6.65	10.12	0.047	0.035	-0.021
9971	0	0.0000	0	-0.459	-37.967	36.572	22.42	5.27	10.12	0.022	0.045	-0.015
9979	0	0.0000	0	-0.357	-37.933	36.628	23.98	3.80	9.61	-0.013	0.018	-0.005
9986	0	0.0000	0	-0.249	-37.894	36.685	25.55	2.91	8.71	-0.043	-0.006	0.028
9993	0	0.0000	0	-0.143	-37.851	36.737	26.54	2.47	7.84	-0.055	-0.014	0.052
10000	0	0.0000	0	-0.039	-37.810	36.788	26.76	2.53	7.46	-0.048	-0.062	0.073
10007	0	0.0000	0	0.057	-37.771	36.835	26.29	2.59	6.92	-0.019	-0.077	0.057
10013	0	0.0000	0	0.147	-37.737	36.881	25.24	3.00	7.24	0.019	-0.100	0.055
10020	0	0.0000	0	0.240	-37.702	36.929	24.12	3.63	7.52	0.051	-0.106	0.032
10027	0	0.0000	0	0.338	-37.666	36.979	23.45	3.98	7.62	0.070	-0.096	0.005
10034	0	0.0000	0	0.453	-37.625	37.041	23.14	3.95	7.33	0.088	-0.068	0.000
10041	0	0.0000	0	0.584	-37.578	37.111	23.22	3.70	6.66	0.073	-0.015	-0.005
10048	0	0.0000	0	0.727	-37.527	37.187	23.83	3.31	6.02	0.044	0.036	-0.008
10055	0	0.0000	0	0.878	-37.473	37.267	24.41	3.14	5.08	0.008	0.073	-0.019
10062	0	0.0000	0	1.018	-37.424	37.343	24.74	3.39	4.29	-0.019	0.083	-0.045
10069	0	0.0000	0	1.150	-37.380	37.415	24.52	3.62	3.75	-0.029	0.086	-0.030
10076	0	0.0000	0	1.264	-37.342	37.480	23.53	4.37	3.57	-0.039	0.078	-0.046
10083	0	0.0000	0	1.365	-37.310	37.538	22.31	5.23	3.40	-0.025	0.061	-0.055
10090	0	0.0000	0	1.455	-37.281	37.587	21.59	5.79	3.03	-0.019	0.018	-0.026
10097	0	0.0000	0	1.542	-37.249	37.634	20.29	7.04	3.07	-0.008	-0.023	-0.016
10104	0	0.0000	0	1.633	-37.213	37.679	19.76	7.40	2.83	0.005	-0.041	0.004
10111	0	0.0000	0	1.733	-37.170	37.725	19.21	8.27	2.51	-0.004	-0.053	0.015
10119	0	0.0000	0	1.840	-37.120	37.770	19.01	8.70	1.65	-0.006	-0.069	0.032
10126	0	0.0000	0	1.950	-37.065	37.813	18.70	8.79	1.23	-0.003	-0.049	0.053
10132	0	0.0000	0	2.057	-37.009	37.853	18.68	9.00	0.83	-0.016	-0.031	0.049
10139	0	0.0000	0	2.160	-36.951	37.888	18.16	8.88	0.62	-0.013	-0.020	0.028
10146	0	0.0000	0	2.255	-36.894	37.916	17.74	8.90	0.81	0.010	0.013	0.025
10153	0	0.0000	0	2.337	-36.840	37.935	17.33	9.16	1.07	0.012	0.025	0.013
10160	0	0.0000	0	2.407	-36.789	37.947	16.20	9.77	1.16	0.025	0.039	0.001
10167	0	0.0000	0	2.468	-36.741	37.954	15.01	10.20	1.50	0.034	0.040	-0.026
10174	0	0.0000	0	2.523	-36.695	37.958	14.02	10.66	1.60	0.031	0.027	-0.043
10181	0	0.0000	0	2.578	-36.650	37.962	13.75	10.90	1.85	0.012	0.027	-0.037
10188	0	0.0000	0	2.634	-36.606	37.968	13.52	10.58	1.86	-0.003	0.041	-0.049
10195	0	0.0000	0	2.692	-36.563	37.978	13.54	10.09	2.23	-0.022	0.037	-0.050
10202	0	0.0000	0	2.744	-36.527	37.988	13.69	9.34	2.52	-0.046	0.029	-0.045
10209	0	0.0000	0	2.789	-36.497	37.998	13.57	8.55	3.53	-0.054	0.027	-0.053
10216	0	0.0000	0	2.833	-36.467	38.008	13.03	7.93	3.95	-0.040	0.042	-0.037
10223	0	0.0000	0	2.862	-36.447	38.014	12.24	7.24	5.33	-0.034	0.031	-0.046
10230	0	0.0000	0	2.889	-36.426	38.017	11.29	6.95	6.25	-0.006	0.003	-0.025
10237	0	0.0000	0	2.915	-36.405	38.020	10.29	6.32	6.82	0.011	-0.018	-0.004
10244	0	0.0000	0	2.946	-36.379	38.022	10.38	6.40	7.06	0.035	-0.042	0.039
10251	0	0.0000	0	2.982	-36.353	38.028	9.89	6.16	7.07	0.037	-0.068	0.069
10258	0	0.0000	0	3.020	-36.326	38.035	10.14	5.79	6.87	0.028	-0.068	0.088
10265	0	0.0000	0	3.053	-36.304	38.044	10.36	5.20	6.71	0.023	-0.076	0.081
10272	0	0.0000	0	3.084	-36.288	38.055	10.31	4.55	6.66	0.022	-0.063	0.089
10279	0	0.0000	0	3.107	-36.280	38.068	10.65	4.21	7.09	0.003	-0.044	0.079
10286	0	0.0000	0	3.119	-36.282	38.080	10.10	3.44	7.35	0.009	-0.011	0.061
10293	0	0.0000	0	3.127	-36.288	38.093	9.57	3.48	7.74	0.002	-0.001	0.020
10300	0	0.0000	0	3.129	-36.299	38.105	9.06	2.88	8.53	-0.002	0.021	-0.016
10307	0	0.0000	0	3.128	-36.311	38.116	8.50	2.72	8.62	0.004	0.039	-0.034
10314	0	0.0000	0	3.131	-36.321	38.128	8.18	2.47	8.98	-0.000	0.042	-0.052
10321	0	0.0000	0	3.141	-36.326	38.142	8.12	2.12	9.07	-0.019	0.052	-0.033
10328	0	0.0000	0	3.160	-36.327	38.159	8.17	1.77	8.63	-0.010	0.045	-0.046
10335	0	0.0000	0	3.184	-36.324	38.178	8.56	1.43	7.94	-0.032	0.027	-0.036
10342	0	0.0000	0	3.212	-36.319	38.197	8.94	1.29	7.80	-0.036	0.021	-0.022
10349	0	0.0000	0	3.237	-36.316	38.217	9.28	0.85	7.27	-0.035	0.003	-0.006
10356	0	0.0000	0	3.257	-36.318	38.237	8.94	0.76	7.28	-0.026	-0.002	0.012
10363	0	0.0000	0	3.277	-36.322	38.257	8.11	0.54	7.49	-0.025	-0.014	0.002
10370	0	0.0000	0	3.286	-36.332	38.275	7.10	0.86	7.54	0.010	-0.018	0.012
10377	0	0.0000	0	3.294	-36.344	38.294	6.08	0.97	7.92	0.042	-0.025	0.002
10384	0	0.0000	0	3.304	-36.355	38.313	4.77	1.02	8.24	0.053	-0.019	0.007
10391	0	0.0000	0	3.322	-36.360	38.334	4.42	0.65	8.21	0.046	-0.014	0.013
10398	0	0.0000	0	3.347	-36.363	38.359	4.38	0.30	7.87	0.051	0.005	0.021
10405	0	0.0000	0	3.377	-36.362	38.384	4.32	0.34	7.56	0.028	0.018	0.019
10412	0	0.0000	0	3.407	-36.358	38.407	4.41	-0.05	6.91	0.014	0.017	0.014
10419	0	0.0000	0	3.431	-36.358	38.428	4.06	-0.20	6.67	-0.010	0.017	0.004
10426	0	0.0000	0	3.441	-36.363	38.442	3.31	0.38	6.22	-0.004	0.015	-0.005
10433	0	0.0000	0	3.444	-36.372	38.453	2.55	0.52	6.19	0.007	-0.020	-0.016
10440	0	0.0000	0	3.433	-36.387	38.459	1.31	1.32	6.21	0.013	-0.031	-0.017
10447	0	0.0000	0	3.417	-36.406	38.463	0.28	1.75	5.96	0.024	-0.044	-0.028
10454	0	0.0000	0	3.397	-36.427	38.466	-0.58	2.12	5.82	-0.010	-0.041	-0.007
10461	0	0.0000	0	3.381	-36.447	38.471	-0.77	2.09	5.62	-0.023	-0.038	-0.010
10468	0	0.0000	0	3.367	-36.465	38.476	-0.95	1.89	5.16	-0.036	-0.013	-0.013
10475	0	0.0000	0	3.352	-36.484	38.482	-1.00	1.68	4.36	-0.053	-0.002	0.009
10482	0	0.0000	0	3.336	-36.501	38.484	-0.86	1.51	3.76	-0.063	-0.003	0.028
10489	0	0.0000	0	3.315	-36.519	38.483	-1.76	1.65	3.03	-0.050	0.005	0.021
10496	0	0.0000	0	3.290	-36.538	38.480	-1.81	1.73	2.69	-0.048	0.014	0.036
10503	0	0.0000	0	3.256	-36.560	38.471	-2.92	2.16	2.00	-0.015	0.026	0.018
10510	0	0.0000	0	3.216	-36.583	38.458	-3.78	2.40	1.98	0.014	0.015	0.011
10517	0	0.0000	0	3.177	-36.604	38.445	-4.18	2.44	1.60	0.034	0.016	0.013
10524	0	0.0000	0	3.147	-36.619	38.433	-4.28	2.14	0.95	0.039	0.010	-0.007
10531	0	0.0000	0	3.121	-36.631	38.421	-3.98	2.32	0.78	0.023	0.025	0.016
10538	0	0.0000	0	3.095	-36.640	38.408	-3.60	1.87	-0.10	0.024	0.018	0.017
10545	0	0.0000	0	3.071	-36.649	38.395	-3.34	1.57	-0.49	0.009	0.027	-0.002
10552	0	0.0000	0	3.045	-36.658	38.381	-3.47	1.26	-0.88	0.004	0.017	-0.014
10559	0	0.0000	0	3.016	-36.669	38.365	-3.62	1.25	-0.72	-0.001	0.014	-0.031
10566	0	0.0000	0	2.980	-36.682	38.347	-3.92	0.79	-0.40	0.006	-0.001	-0.034
10573	0	0.0000	0	2.942	-36.695	38.326	-4.52	0.98	-0.30	0.004	-0.019	-0.034
10580	0	0.0000	0	2.906	-36.706	38.306	-5.25	0.87	0.01	0.001	-0.010	-0.046
10587	0	0.0000	0	2.871	-36.718	38.286	-5.45	0.51	-0.17	-0.003	-0.021	-0.035
10594	0	0.0000	0	2.847	-36.723	38.270	-5.52	0.40	-0.20	0.007	-0.001	-0.024
10601	0	0.0000	0	2.827	-36.727	38.256	-5.31	-0.22	-0.22	-0.019	-0.001	-0.026
10608	0	0.0000	0	2.811	-36.730	38.244	-5.27	-0.60	-0.51	0.007	0.002	0.013
10614	0	0.0000	0	2.799	-36.731	38.235	-5.41	-0.81	-0.90	-0.028	0.017	0.013
10621	0	0.0000	0	2.784	-36.736	38.228	-5.19	-1.28	-0.86	-0.018	0.018	0.022
10628	0	0.0000	0	2.763	-36.748	38.219	-5.51	-1.82	-0.53	-0.008	0.031	0.023
10635	0	0.0000	0	2.735	-36.763	38.210	-5.82	-2.12	-0.23	-0.002	0.033	0.021
10642	0	0.0000	0	2.704	-36.780	38.199	-6.05	-2.08	0.16	0.012	0.023	0.022
10649	0	0.0000	0	2.672	-36.799	38.190	-6.89	-2.15	0.34	0.029	0.027	0.013
10656	0	0.0000	0	2.638	-36.820	38.180	-7.65	-2.35	0.66	0.051	-0.001	0.007
10663	0	0.0000	0	2.608	-36.838	38.172	-7.52	-2.56	0.54	0.043	-0.007	-0.003
10670	0	0.0000	0	2.586	-36.852	38.166	-7.41	-2.72	0.47	0.040	-0.021	-0.010
10677	0	0.0000	0	2.565	-36.864	38.159	-7.53	-2.57	-0.08	0.036	-0.030	-0.012
10684	0	0.0000	0	2.543	-36.878	38.153	-7.40	-2.92	-0.08	0.012	-0.025	-0.010
10691	0	0.0000	0	2.520	-36.893	38.147	-7.66	-2.95	-0.11	-0.015	-0.036	-0.010
10698	0	0.0000	0	2.493	-36.908	38.139	-8.03	-2.87	-0.03	-0.023	-0.036	-0.005
10705	0	0.0000	0	2.465	-36.926	38.130	-8.43	-2.87	0.06	-0.030	-0.035	-0.009
10712	0	0.0000	0	2.428	-36.947	38.119	-9.08	-2.96	0.49	-0.035	-0.013	-0.002
10719	0	0.0000	0	2.390	-36.970	38.108	-9.57	-2.64	0.55	-0.037	0.004	-0.007
10726	0	0.0000	0	2.354	-36.992	38.098	-10.17	-2.91	0.36	-0.044	0.026	0.007
10733	0	0.0000	0	2.316	-37.014	38.086	-10.05	-2.85	0.08	-0.038	0.029	0.010
10740	0	0.0000	0	2.279	-37.036	38.075	-10.21	-3.02	0.08	-0.042	0.047	0.021
10747	0	0.0000	0	2.239	-37.060	38.063	-10.19	-3.04	-0.02	-0.043	0.036	0.016
10754	0	0.0000	0	2.199	-37.084	38.051	-10.25	-3.25	-0.06	-0.029	0.033	-0.000
10761	0	0.0000	0	2.159	-37.107	38.038	-10.49	-3.52	0.02	-0.022	0.016	-0.003
10768	0	0.0000	0	2.113	-37.133	38.023	-10.64	-3.36	0.01	0.008	0.001	-0.009
10775	0	0.0000	0	2.069	-37.158	38.008	-10.96	-3.30	0.06	0.010	-0.015	-0.008
10782	0	0.0000	0	2.021	-37.184	37.992	-11.13	-3.67	0.39	0.039	-0.033	-0.018
10789	0	0.0000	0	1.974	-37.210	37.976	-11.17	-3.66	0.31	0.037	-0.019	-0.014
10796	0	0.0000	0	1.925	-37.237	37.959	-11.29	-3.69	-0.07	0.050	-0.024	-0.000
10803	0	0.0000	0	1.879	-37.263	37.944	-11.03	-3.96	-0.16	0.025	-0.023	0.019
10810	0	0.0000	0	1.836	-37.286	37.928	-11.05	-3.84	-0.48	0.023	-0.017	0.018
10818	0	0.0000	0	1.785	-37.314	37.911	-10.96	-4.00	-0.72	-0.000	-0.011	0.026
10825	0	0.0000	0	1.737	-37.342	37.896	-10.87	-4.08	-0.63	0.009	0.010	0.022
10832	0	0.0000	0	1.682	-37.374	37.879	-11.33	-4.27	-0.30	-0.012	0.026	0.017
10839	0	0.0000	0	1.627	-37.406	37.861	-11.28	-4.25	-0.36	-0.015	0.015	0.028
10846	0	0.0000	0	1.569	-37.438	37.842	-10.98	-4.44	-0.47	-0.029	0.032	0.004
10853	0	0.0000	0	1.515	-37.469	37.824	-10.51	-4.33	-0.53	-0.044	0.028	-0.003
10860	0	0.0000	0	1.465	-37.497	37.808	-10.32	-4.78	-0.89	-0.035	0.023	0.005
10867	0	0.0000	0	1.418	-37.524	37.793	-10.09	-4.58	-1.22	-0.036	0.003	0.006
10874	0	0.0000	0	1.371	-37.551	37.778	-9.95	-4.81	-1.45	-0.026	-0.002	-0.012
10881	0	0.0000	0	1.330	-37.576	37.765	-9.94	-4.92	-1.46	-0.005	-0.023	-0.017
10888	0	0.0000	0	1.286	-37.601	37.751	-9.62	-5.23	-1.26	-0.003	-0.029	-0.022
10895	0	0.0000	0	1.251	-37.623	37.742	-9.06	-5.74	-1.42	0.006	-0.028	-0.020
10902	0	0.0000	0	1.221	-37.641	37.733	-8.37	-6.50	-1.66	0.012	-0.027	-0.010
10909	0	0.0000	0	1.189	-37.661	37.724	-7.97	-6.65	-1.90	0.016	-0.016	0.015
10916	0	0.0000	0	1.160	-37.677	37.714	-7.46	-6.99	-2.50	0.016	-0.009	0.016
10923	0	0.0000	0	1.127	-37.695	37.703	-7.07	-7.25	-2.94	0.004	0.005	0.019
10930	0	0.0000	0	1.091	-37.715	37.690	-6.87	-6.81	-3.27	0.016	-0.006	0.014
10937	0	0.0000	0	1.056	-37.734	37.678	-7.24	-7.16	-3.19	0.032	0.015	0.019
10944	0	0.0000	0	1.022	-37.755	37.669	-7.14	-7.38	-3.07	0.030	0.007	0.021
10951	0	0.0000	0	0.999	-37.771	37.664	-7.01	-7.48	-2.99	0.032	0.014	0.001
10958	0	0.0000	0	0.983	-37.784	37.663	-6.46	-8.23	-2.79	0.005	0.020	-0.002
10965	0	0.0000	0	0.981	-37.791	37.668	-5.56	-8.52	-3.08	-0.018	0.031	-0.022
10972	0	0.0000	0	0.986	-37.794	37.675	-4.98	-8.91	-3.48	-0.025	0.017	-0.002
10979	0	0.0000	0	0.994	-37.797	37.685	-4.41	-9.05	-3.70	-0.045	0.018	-0.013
10986	0	0.0000	0	1.004	-37.798	37.695	-3.81	-9.39	-3.96	-0.049	0.000	-0.013
10993	0	0.0000	0	1.013	-37.800	37.704	-3.48	-9.68	-3.90	-0.048	-0.008	-0.020
11000	0	0.0000	0	1.022	-37.802	37.714	-3.43	-9.79	-3.84	-0.017	-0.027	-0.015
11008	0	0.0000	0	1.033	-37.803	37.725	-3.54	-9.96	-4.19	0.001	-0.016	-0.009
11014	0	0.0000	0	1.043	-37.805	37.735	-3.60	-9.85	-3.82	0.019	-0.010	-0.008
11021	0	0.0000	0	1.057	-37.804	37.747	-3.60	-9.76	-3.90	0.047	-0.011	0.010
11028	0	0.0000	0	1.077	-37.802	37.763	-3.33	-9.90	-4.56	0.055	-0.011	0.017
11036	0	0.0000	0	1.104	-37.798	37.782	-2.75	-10.01	-4.93	0.057	-0.008	0.033
11043	0	0.0000	0	1.134	-37.792	37.804	-2.63	-9.91	-5.25	0.037	0.014	0.037
11050	0	0.0000	0	1.164	-37.787	37.825	-1.99	-10.43	-5.69	0.031	0.015	0.025
11057	0	0.0000	0	1.193	-37.783	37.846	-2.08	-10.23	-5.48	0.034	0.005	0.012
11064	0	0.0000	0	1.218	-37.781	37.867	-2.08	-10.36	-5.35	0.003	0.002	-0.009
11071	0	0.0000	0	1.242	-37.777	37.884	-2.09	-9.93	-5.35	0.000	-0.004	-0.016
11078	0	0.0000	0	1.269	-37.771	37.902	-1.99	-9.65	-5.42	-0.014	-0.013	-0.028
11085	0	0.0000	0	1.302	-37.762	37.922	-1.87	-9.46	-5.83	-0.040	-0.021	-0.031
11092	0	0.0000	0	1.337	-37.750	37.941	-1.99	-9.00	-6.07	-0.034	-0.020	-0.015
11099	0	0.0000	0	1.376	-37.736	37.962	-1.98	-8.79	-6.71	-0.029	-0.018	-0.032
11106	0	0.0000	0	1.418	-37.720	37.983	-1.71	-8.60	-6.96	-0.023	-0.006	-0.001
11113	0	0.0000	0	1.459	-37.704	38.003	-1.60	-8.65	-7.01	-0.021	-0.009	-0.005
11120	0	0.0000	0	1.501	-37.687	38.024	-1.64	-8.47	-7.26	-0.001	-0.003	0.015
11127	0	0.0000	0	1.544	-37.670	38.045	-1.57	-8.27	-7.32	0.006	0.003	0.001
11134	0	0.0000	0	1.587	-37.652	38.066	-1.96	-8.16	-7.46	0.016	-0.000	0.004
11141	0	0.0000	0	1.627	-37.636	38.085	-1.91	-7.89	-7.36	0.031	-0.004	0.002
11148	0	0.0000	0	1.666	-37.619	38.103	-2.52	-7.66	-7.30	0.036	0.004	-0.003
11155	0	0.0000	0	1.705	-37.602	38.121	-2.34	-7.68	-7.24	0.028	-0.007	-0.007
11162	0	0.0000	0	1.743	-37.584	38.137	-2.48	-7.41	-7.49	0.018	-0.009	-0.024
11169	0	0.0000	0	1.779	-37.566	38.151	-2.56	-7.18	-7.43	0.013	-0.010	-0.009
11176	0	0.0000	0	1.814	-37.547	38.164	-2.39	-6.68	-7.45	-0.003	-0.022	-0.006
11183	0	0.0000	0	1.848	-37.529	38.175	-2.44	-6.42	-7.36	-0.011	-0.016	0.006
11190	0	0.0000	0	1.878	-37.510	38.184	-2.68	-6.25	-7.28	-0.018	-0.027	0.004
11197	0	0.0000	0	1.907	-37.493	38.192	-2.86	-6.18	-6.95	-0.022	-0.005	0.008
11204	0	0.0000	0	1.935	-37.477	38.201	-2.85	-6.16	-6.67	-0.021	0.008	0.005
11212	0	0.0000	0	1.963	-37.460	38.209	-2.97	-5.96	-6.65	-0.036	0.012	0.004
11219	0	0.0000	0	1.988	-37.444	38.216	-2.93	-6.05	-6.49	-0.036	0.010	0.016
11226	0	0.0000	0	2.012	-37.429	38.223	-2.70	-5.82	-6.42	-0.029	0.011	0.013
11233	0	0.0000	0	2.035	-37.415	38.229	-2.97	-5.42	-6.45	-0.009	0.018	0.009
11239	0	0.0000	0	2.055	-37.403	38.236	-3.03	-5.16	-6.54	0.009	0.020	-0.004
11246	0	0.0000	0	2.072	-37.394	38.241	-3.39	-4.97	-6.26	0.025	0.018	-0.007
11254	0	0.0000	0	2.092	-37.383	38.248	-3.32	-4.61	-6.17	0.036	0.007	-0.022
11261	0	0.0000	0	2.111	-37.375	38.256	-3.46	-4.64	-5.68	0.041	-0.014	-0.019
11268	0	0.0000	0	2.128	-37.367	38.265	-3.28	-4.68	-5.29	0.039	0.011	-0.023
11275	0	0.0000	0	2.147	-37.359	38.273	-3.10	-4.55	-5.07	0.034	0.010	-0.008
11282	0	0.0000	0	2.163	-37.351	38.280	-3.10	-4.59	-5.02	0.026	-0.008	-0.015
11289	0	0.0000	0	2.177	-37.343	38.284	-3.32	-4.39	-4.91	0.017	-0.000	-0.004
11296	0	0.0000	0	2.190	-37.335	38.287	-3.14	-4.13	-4.82	0.009	-0.009	0.001
11303	0	0.0000	0	2.197	-37.327	38.286	-3.36	-3.54	-4.66	-0.012	-0.022	0.006
11310	0	0.0000	0	2.203	-37.320	38.285	-3.47	-3.23	-4.44	-0.009	-0.010	0.015
11317	0	0.0000	0	2.206	-37.315	38.282	-3.88	-3.05	-4.09	-0.019	-0.018	0.006
11324	0	0.0000	0	2.210	-37.308	38.279	-3.99	-2.79	-3.83	-0.043	-0.010	0.000
11331	0	0.0000	0	2.216	-37.302	38.279	-4.01	-2.69	-3.38	-0.044	-0.009	0.013
11338	0	0.0000	0	2.222	-37.296	38.278	-3.82	-2.40	-3.44	-0.043	0.005	0.009
11345	0	0.0000	0	2.229	-37.290	38.277	-3.42	-2.61	-3.31	-0.049	0.024	0.007
11352	0	0.0000	0	2.231	-37.285	38.275	-3.51	-2.41	-3.11	-0.038	0.033	0.012
11359	0	0.0000	0	2.231	-37.284	38.274	-3.87	-2.22	-2.83	-0.039	0.033	0.005
11366	0	0.0000	0	2.227	-37.285	38.272	-3.78	-2.70	-2.02	-0.003	0.030	-0.004
11373	0	0.0000	0	2.220	-37.288	38.269	-3.96	-2.50	-1.82	0.019	0.018	-0.010
11380	0	0.0000	0	2.207	-37.295	38.264	-4.41	-2.23	-1.64	0.033	0.007	-0.017
11387	0	0.0000	0	2.196	-37.301	38.260	-4.08	-2.28	-1.08	0.043	0.010	-0.005
11394	0	0.0000	0	2.188	-37.305	38.257	-4.05	-2.10	-1.07	0.049	-0.002	-0.016
11401	0	0.0000	0	2.180	-37.310	38.255	-3.78	-1.97	-0.95	0.048	-0.011	-0.012
11408	0	0.0000	0	2.172	-37.314	38.251	-3.44	-2.09	-1.06	0.030	-0.039	-0.005
11415	0	0.0000	0	2.164	-37.318	38.248	-3.32	-1.74	-1.32	0.022	-0.028	0.014
11421	0	0.0000	0	2.153	-37.323	38.243	-3.10	-1.87	-1.19	0.014	-0.033	0.020
11428	0	0.0000	0	2.142	-37.329	38.240	-2.95	-1.70	-1.20	-0.003	-0.051	0.036
11435	0	0.0000	0	2.124	-37.338	38.232	-3.28	-1.35	-1.02	-0.010	-0.042	0.019
11442	0	0.0000	0	2.107	-37.347	38.226	-3.51	-1.13	-0.79	-0.024	-0.024	0.011
11449	0	0.0000	0	2.089	-37.356	38.219	-3.60	-0.83	-0.67	-0.028	-0.015	0.006
11456	0	0.0000	0	2.073	-37.365	38.214	-3.73	-0.58	-0.59	-0.017	0.005	-0.011
11464	0	0.0000	0	2.059	-37.372	38.209	-3.73	-0.45	-0.72	-0.030	0.018	-0.013
11471	0	0.0000	0	2.049	-37.377	38.205	-3.54	-0.23	-1.02	-0.024	0.027	-0.022
11478	0	0.0000	0	2.041	-37.380	38.200	-3.01	-0.16	-1.21	-0.032	0.027	-0.020
11485	0	0.0000	0	2.035	-37.383	38.198	-2.76	0.02	-1.63	-0.006	0.036	-0.026
11492	0	0.0000	0	2.028	-37.386	38.195	-2.65	0.16	-1.57	-0.004	0.050	-0.018
11499	0	0.0000	0	2.014	-37.392	38.189	-2.86	0.15	-1.24	0.010	0.028	-0.042
11506	0	0.0000	0	2.000	-37.398	38.182	-2.91	0.29	-1.01	0.018	0.031	-0.029
11513	0	0.0000	0	1.984	-37.404	38.174	-3.23	0.51	-1.13	0.033	0.014	-0.027
11520	0	0.0000	0	1.969	-37.410	38.166	-3.19	0.75	-0.98	0.034	0.000	-0.021
11527	0	0.0000	0	1.956	-37.413	38.158	-3.08	0.94	-0.96	0.044	-0.002	-0.009
11534	0	0.0000	0	1.941	-37.416	38.148	-3.01	1.10	-0.98	0.032	-0.010	0.011
11541	0	0.0000	0	1.925	-37.419	38.137	-2.90	1.16	-1.26	0.027	-0.010	0.007
11548	0	0.0000	0	1.912	-37.422	38.128	-2.36	0.89	-1.10	-0.005	-0.036	0.023
11555	0	0.0000	0	1.896	-37.424	38.116	-2.21	0.94	-1.31	-0.016	-0.024	0.029
11562	0	0.0000	0	1.883	-37.428	38.107	-1.73	0.71	-1.02	-0.035	-0.012	0.029
11569	0	0.0000	0	1.867	-37.432	38.097	-1.81	0.99	-1.01	-0.047	-0.012	0.028
11576	0	0.0000	0	1.845	-37.439	38.085	-2.13	1.07	-0.67	-0.040	-0.000	0.017
11583	0	0.0000	0	1.822	-37.447	38.072	-2.20	1.37	-0.37	-0.039	0.002	0.008
11590	0	0.0000	0	1.802	-37.453	38.061	-2.01	1.49	-0.25	-0.040	0.001	-0.005
11597	0	0.0000	0	1.786	-37.458	38.052	-1.79	1.27	-0.47	-0.019	0.013	-0.010
11604	0	0.0000	0	1.775	-37.460	38.044	-1.47	1.08	-0.39	0.003	0.019	-0.011
11611	0	0.0000	0	1.769	-37.461	38.040	-1.27	0.79	-0.61	0.009	0.018	-0.013
11618	0	0.0000	0	1.764	-37.461	38.036	-0.98	1.07	-0.76	0.019	0.031	-0.036
11625	0	0.0000	0	1.761	-37.462	38.034	-0.50	0.45	-0.51	0.021	0.041	-0.028
11632	0	0.0000	0	1.757	-37.463	38.031	-0.29	0.37	-0.33	0.030	0.025	-0.035
11639	0	0.0000	0	1.749	-37.465	38.026	-0.56	0.62	-0.51	0.031	0.011	-0.028
11646	0	0.0000	0	1.741	-37.467	38.021	-0.51	0.84	-0.47	0.044	0.007	-0.004
11653	0	0.0000	0	1.735	-37.466	38.015	-0.35	0.96	-0.43	0.039	-0.009	-0.007
11660	0	0.0000	0	1.730	-37.467	38.011	-0.52	1.22	-0.43	0.039	-0.012	0.014
11667	0	0.0000	0	1.734	-37.463	38.011	-0.54	1.22	-0.61	0.033	-0.008	0.024
11674	0	0.0000	0	1.731	-37.463	38.009	-0.30	0.98	-0.50	0.018	-0.019	0.033
11681	0	0.0000	0	1.731	-37.463	38.008	-0.18	1.18	-0.30	0.008	-0.020	0.029
11688	0	0.0000	0	1.731	-37.462	38.008	0.19	0.84	-0.12	-0.008	-0.023	0.023
11695	0	0.0000	0	1.732	-37.462	38.008	0.44	0.84	-0.37	-0.027	-0.025	0.029
11702	0	0.0000	0	1.730	-37.462	38.007	0.41	0.81	-0.41	-0.030	-0.023	0.021
11709	0	0.0000	0	1.726	-37.463	38.004	0.54	1.23	-0.85	-0.037	-0.011	0.039
11716	0	0.0000	0	1.720	-37.464	38.000	0.68	1.54	-0.88	-0.040	-0.015	0.009
11722	0	0.0000	0	1.709	-37.467	37.993	0.66	1.79	-1.32	-0.024	-0.006	0.006
11729	0	0.0000	0	1.699	-37.469	37.986	0.63	2.34	-1.63	-0.023	0.001	-0.000
11737	0	0.0000	0	1.693	-37.469	37.981	0.46	2.36	-1.70	-0.004	0.003	-0.011
11744	0	0.0000	0	1.693	-37.467	37.979	0.86	2.45	-1.87	-0.006	0.002	-0.021
11751	0	0.0000	0	1.694	-37.465	37.977	1.01	2.50	-2.07	-0.014	0.008	-0.030
11758	0	0.0000	0	1.701	-37.458	37.978	1.48	2.33	-2.15	-0.011	0.023	-0.031
11765	0	0.0000	0	1.712	-37.450	37.979	1.82	2.17	-2.23	-0.010	0.029	-0.027
11771	0	0.0000	0	1.724	-37.440	37.980	2.19	2.09	-2.30	-0.005	0.025	-0.016
11778	0	0.0000	0	1.735	-37.429	37.979	2.24	2.14	-2.09	-0.004	0.020	-0.025
11785	0	0.0000	0	1.748	-37.417	37.978	2.58	2.15	-2.33	0.008	0.006	-0.019
11792	0	0.0000	0	1.760	-37.404	37.976	2.94	2.33	-2.24	0.020	0.004	0.005
11799	0	0.0000	0	1.767	-37.391	37.970	3.06	2.68	-2.50	0.025	-0.002	0.011
11806	0	0.0000	0	1.774	-37.378	37.963	3.15	2.68	-2.59	0.026	-0.013	0.023
11814	0	0.0000	0	1.780	-37.365	37.956	3.36	2.95	-2.75	0.018	-0.027	0.027
11820	0	0.0000	0	1.788	-37.352	37.950	3.61	3.07	-2.80	0.011	-0.026	0.030
11827	0	0.0000	0	1.797	-37.340	37.947	3.83	3.11	-2.85	0.003	-0.007	0.035
11834	0	0.0000	0	1.811	-37.327	37.946	4.22	2.69	-2.40	-0.018	0.008	0.013
11841	0	0.0000	0	1.829	-37.314	37.949	4.43	2.88	-2.48	-0.001	0.008	0.009
11848	0	0.0000	0	1.841	-37.302	37.949	4.25	3.07	-2.28	-0.007	0.009	0.007
11855	0	0.0000	0	1.862	-37.287	37.952	4.39	3.17	-2.10	-0.011	0.025	-0.009
11862	0	0.0000	0	1.886	-37.271	37.958	4.27	3.28	-1.99	-0.012	0.020	-0.004
11869	0	0.0000	0	1.912	-37.253	37.963	4.35	3.63	-1.89	-0.019	0.012	-0.008
11876	0	0.0000	0	1.945	-37.231	37.971	4.77	4.11	-1.84	-0.008	-0.010	-0.002
11883	0	0.0000	0	1.981	-37.207	37.979	5.26	4.88	-1.93	-0.004	-0.034	-0.007
11890	0	0.0000	0	2.015	-37.184	37.987	5.20	5.31	-2.19	0.007	-0.026	-0.009
11897	0	0.0000	0	2.049	-37.161	37.995	5.55	6.05	-2.23	0.013	-0.025	0.004
11904	0	0.0000	0	2.083	-37.139	38.002	5.57	6.31	-1.87	0.019	-0.017	-0.008
11911	0	0.0000	0	2.103	-37.124	38.005	5.64	7.28	-0.90	0.022	-0.009	-0.040
11918	0	0.0000	0	2.122	-37.109	38.007	5.52	8.05	0.03	0.027	-0.002	-0.037
11925	0	0.0000	0	2.136	-37.095	38.007	5.34	8.89	1.06	0.012	0.004	-0.048
11932	0	0.0000	0	2.151	-37.080	38.004	5.68	9.33	1.76	0.007	0.004	-0.059
11939	0	0.0000	0	2.165	-37.062	37.999	6.25	10.34	2.93	-0.020	0.011	-0.049
11947	0	0.0000	0	2.178	-37.042	37.992	7.05	11.31	3.38	-0.041	-0.014	-0.011
11954	0	0.0000	0	2.185	-37.022	37.978	7.55	13.13	3.91	-0.055	-0.011	-0.003
11961	0	0.0000	0	2.190	-37.003	37.964	8.70	14.20	4.54	-0.070	-0.012	0.014
11968	0	0.0000	0	2.192	-36.986	37.949	9.49	15.02	4.84	-0.073	-0.007	0.019
11974	0	0.0000	0	2.190	-36.974	37.935	10.87	16.05	6.13	-0.072	0.010	0.025
11981	0	0.0000	0	2.179	-36.966	37.919	11.35	16.87	7.47	-0.046	0.020	0.021
11988	0	0.0000	0	2.166	-36.962	37.903	12.08	18.01	9.73	-0.035	0.013	0.010
11995	0	0.0000	0	2.150	-36.961	37.887	12.56	18.33	10.83	0.005	0.033	0.025
12003	0	0.0000	0	2.132	-36.958	37.870	13.78	19.35	13.14	0.016	0.013	0.000
12010	0	0.0000	0	2.120	-36.954	37.855	14.34	19.94	14.42	0.039	0.007	-0.008
12017	0	0.0000	0	2.115	-36.945	37.842	15.76	20.79	15.95	0.052	-0.004	0.008
12024	0	0.0000	0	2.113	-36.933	37.829	17.22	21.38	17.40	0.036	-0.008	0.006
12031	0	0.0000	0	2.114	-36.920	37.816	18.82	22.47	18.30	0.021	-0.016	0.015
12038	0	0.0000	0	2.111	-36.907	37.802	19.74	23.13	19.04	0.009	-0.017	0.029
12045	0	0.0000	0	2.107	-36.897	37.788	21.23	24.54	19.85	0.005	-0.026	0.015
12052	0	0.0000	0	2.096	-36.891	37.773	22.54	25.67	20.89	0.002	-0.011	0.010
12059	0	0.0000	0	2.079	-36.893	37.759	23.09	26.74	22.13	-0.014	-0.015	0.002
12066	0	0.0000	0	2.058	-36.899	37.747	23.41	27.76	22.80	-0.007	-0.016	-0.015
12073	0	0.0000	0	2.038	-36.909	37.739	23.75	28.29	24.46	-0.007	0.003	-0.016
12080	0	0.0000	0	2.022	-36.917	37.733	24.43	29.10	25.61	0.001	0.014	-0.018
12087	0	0.0000	0	2.013	-36.925	37.732	25.55	29.11	26.49	-0.013	0.039	-0.018
12094	0	0.0000	0	2.010	-36.930	37.735	26.35	29.31	27.29	-0.026	0.059	0.010
12101	0	0.0000	0	2.012	-36.933	37.740	27.10	28.96	27.64	-0.031	0.040	0.024
12108	0	0.0000	0	2.017	-36.932	37.742	28.18	29.04	28.06	-0.020	0.031	0.032
12115	0	0.0000	0	2.020	-36.929	37.742	28.95	29.31	28.59	-0.023	0.007	0.042
12122	0	0.0000	0	2.020	-36.927	37.740	29.37	29.97	28.47	-0.004	-0.005	0.053
12129	0	0.0000	0	2.012	-36.926	37.733	29.36	30.66	28.21	0.010	-0.021	0.060
12136	0	0.0000	0	2.002	-36.926	37.723	29.47	31.18	28.21	0.036	-0.035	0.054
12143	0	0.0000	0	1.989	-36.930	37.716	29.70	31.29	28.41	0.043	-0.027	0.033
12150	0	0.0000	0	1.978	-36.935	37.711	29.60	31.33	28.79	0.056	-0.017	0.028
12157	0	0.0000	0	1.968	-36.941	37.709	29.80	30.95	29.28	0.043	-0.002	-0.010
12164	0	0.0000	0	1.962	-36.947	37.709	30.09	30.80	29.56	0.033	0.021	-0.012
12171	0	0.0000	0	1.960	-36.951	37.711	30.15	29.96	29.92	0.026	0.034	-0.042
12178	0	0.0000	0	1.964	-36.951	37.714	30.22	29.64	30.38	0.027	0.039	-0.041
12185	0	0.0000	0	1.971	-36.949	37.719	30.22	29.30	30.73	0.020	0.032	-0.057
12192	0	0.0000	0	1.982	-36.943	37.722	30.42	29.15	30.67	0.006	0.017	-0.037
12198	0	0.0000	0	1.997	-36.933	37.726	30.45	29.21	30.37	-0.015	-0.015	-0.028
12205	0	0.0000	0	2.010	-36.925	37.730	30.56	29.55	29.50	-0.033	-0.035	0.004
12213	0	0.0000	0	2.024	-36.916	37.733	30.62	30.13	28.44	-0.046	-0.053	0.028
12220	0	0.0000	0	2.034	-36.912	37.739	30.96	30.23	27.68	-0.059	-0.040	0.067
12227	0	0.0000	0	2.039	-36.915	37.746	31.28	30.36	27.12	-0.042	-0.051	0.088
12234	0	0.0000	0	2.036	-36.924	37.752	31.10	30.47	26.98	-0.033	-0.040	0.076
12241	0	0.0000	0	2.029	-36.938	37.759	30.92	30.58	27.69	-0.015	-0.012	0.053
12248	0	0.0000	0	2.021	-36.955	37.768	30.48	30.26	28.34	-0.008	0.017	0.018
12255	0	0.0000	0	2.013	-36.971	37.778	30.38	30.12	28.89	0.011	0.037	-0.011
12262	0	0.0000	0	2.014	-36.981	37.789	30.26	29.61	29.00	0.031	0.074	-0.032
12269	0	0.0000	0	2.029	-36.981	37.801	30.79	29.68	29.24	0.031	0.057	-0.041
12276	0	0.0000	0	2.049	-36.974	37.812	31.23	29.56	28.60	0.015	0.062	-0.036
12283	0	0.0000	0	2.076	-36.959	37.821	32.37	29.46	27.98	-0.003	0.062	-0.034
12290	0	0.0000	0	2.106	-36.939	37.828	32.37	29.57	27.57	0.001	0.037	-0.047
12297	0	0.0000	0	2.133	-36.917	37.830	32.94	29.94	27.15	-0.007	0.006	-0.036
12304	0	0.0000	0	2.152	-36.898	37.829	32.35	30.45	27.23	-0.000	-0.034	-0.039
12311	0	0.0000	0	2.168	-36.883	37.828	31.79	31.29	27.38	0.019	-0.045	-0.027
12318	0	0.0000	0	2.180	-36.872	37.828	31.07	31.92	28.00	0.014	-0.069	-0.024
12325	0	0.0000	0	2.193	-36.862	37.830	30.57	31.79	27.88	0.029	-0.076	-0.010
12332	0	0.0000	0	2.213	-36.851	37.837	30.89	31.96	27.60	0.010	-0.058	0.003
12339	0	0.0000	0	2.237	-36.842	37.849	31.47	31.97	27.54	-0.005	-0.046	0.029
12346	0	0.0000	0	2.260	-36.835	37.862	32.06	31.43	27.17	-0.025	-0.024	0.025
12353	0	0.0000	0	2.282	-36.831	37.878	32.24	31.21	27.74	-0.021	0.021	0.028
12360	0	0.0000	0	2.298	-36.829	37.890	32.35	31.36	27.80	-0.015	0.041	0.021
12367	0	0.0000	0	2.301	-36.834	37.898	31.78	31.61	28.66	-0.009	0.037	0.004
12374	0	0.0000	0	2.305	-36.836	37.903	31.27	32.03	29.17	0.013	0.021	-0.009
12381	0	0.0000	0	2.310	-36.834	37.905	30.48	32.82	29.79	0.023	0.026	-0.011
12388	0	0.0000	0	2.316	-36.828	37.905	30.35	33.43	29.96	0.052	-0.001	-0.009
12395	0	0.0000	0	2.329	-36.816	37.905	30.28	33.94	30.04	0.024	-0.018	0.004
12402	0	0.0000	0	2.348	-36.801	37.907	30.85	34.44	29.93	0.009	-0.031	0.008
12409	0	0.0000	0	2.374	-36.781	37.910	31.56	34.53	29.76	-0.006	-0.026	0.009
12416	0	0.0000	0	2.393	-36.766	37.912	31.57	35.10	29.81	-0.024	-0.032	0.009
12423	0	0.0000	0	2.407	-36.753	37.912	31.31	35.54	29.73	-0.023	-0.031	-0.004
12430	0	0.0000	0	2.415	-36.746	37.911	31.08	36.39	30.06	-0.021	-0.024	-0.003
12438	0	0.0000	0	2.411	-36.746	37.908	30.47	36.70	30.47	-0.001	-0.008	0.004
12445	0	0.0000	0	2.402	-36.748	37.902	30.07	37.38	30.19	0.004	0.012	0.019
12452	0	0.0000	0	2.388	-36.754	37.896	30.22	37.82	30.03	0.002	0.022	0.025
12459	0	0.0000	0	2.372	-36.762	37.889	30.57	38.14	29.67	0.003	0.034	0.010
12466	0	0.0000	0	2.350	-36.773	37.881	30.29	38.69	29.62	-0.000	0.055	0.018
12473	0	0.0000	0	2.325	-36.784	37.870	30.81	38.36	29.64	-0.005	0.044	0.008
12480	0	0.0000	0	2.302	-36.793	37.859	30.89	38.84	29.61	-0.008	0.028	0.005
12487	0	0.0000	0	2.279	-36.802	37.847	30.97	39.07	29.41	-0.000	0.009	-0.015
12494	0	0.0000	0	2.252	-36.809	37.830	31.26	39.56	29.04	-0.014	-0.003	-0.013
12501	0	0.0000	0	2.230	-36.811	37.812	31.48	39.78	28.82	0.001	-0.029	-0.014
12508	0	0.0000	0	2.212	-36.808	37.794	31.76	40.29	28.13	-0.018	-0.036	-0.019
12515	0	0.0000	0	2.197	-36.801	37.774	32.09	40.57	27.63	0.002	-0.029	-0.016
12522	0	0.0000	0	2.186	-36.791	37.753	32.39	41.11	26.79	0.009	-0.039	0.003
12529	0	0.0000	0	2.175	-36.779	37.732	32.52	41.45	26.10	0.012	-0.015	0.008
12536	0	0.0000	0	2.167	-36.765	37.712	33.04	41.72	25.85	0.011	-0.015	0.010
12543	0	0.0000	0	2.164	-36.750	37.695	33.08	41.84	25.80	0.026	-0.005	-0.013
12550	0	0.0000	0	2.160	-36.736	37.677	32.38	41.80	26.53	0.038	0.011	-0.041
12557	0	0.0000	0	2.162	-36.717	37.661	32.07	41.43	27.63	0.042	0.047	-0.051
12564	0	0.0000	0	2.166	-36.698	37.646	31.85	41.06	27.69	0.040	0.052	-0.053
12571	0	0.0000	0	2.179	-36.669	37.629	31.79	41.39	27.84	0.031	0.046	-0.028
12578	0	0.0000	0	2.206	-36.630	37.614	32.09	41.59	27.78	0.022	0.041	-0.008
12586	0	0.0000	0	2.237	-36.584	37.598	31.99	41.68	27.78	-0.019	0.047	0.011
12593	0	0.0000	0	2.263	-36.543	37.580	31.84	41.65	27.65	-0.023	0.028	0.022
12600	0	0.0000	0	2.287	-36.504	37.564	31.79	41.54	28.23	-0.039	0.005	0.029
12607	0	0.0000	0	2.300	-36.473	37.545	31.21	41.15	28.35	-0.040	-0.024	0.046
12614	0	0.0000	0	2.301	-36.450	37.523	30.86	41.16	28.69	-0.026	-0.033	0.032
12621	0	0.0000	0	2.294	-36.432	37.500	30.14	40.78	29.26	-0.025	-0.036	0.016
12628	0	0.0000	0	2.280	-36.422	37.477	30.27	40.36	29.35	-0.012	-0.036	0.008
12635	0	0.0000	0	2.258	-36.418	37.454	30.28	39.54	29.31	0.000	-0.031	0.019
12642	0	0.0000	0	2.232	-36.419	37.432	30.00	38.57	29.71	0.020	0.002	0.007
12649	0	0.0000	0	2.202	-36.423	37.410	28.95	37.74	30.53	0.051	0.014	-0.015
12656	0	0.0000	0	2.171	-36.430	37.389	28.18	37.20	31.20	0.043	0.029	-0.024
12663	0	0.0000	0	2.140	-36.433	37.365	27.49	36.58	31.78	0.053	0.042	-0.028
12670	0	0.0000	0	2.116	-36.432	37.344	27.06	36.51	31.44	0.035	0.033	-0.013
12677	0	0.0000	0	2.103	-36.424	37.324	27.91	36.13	30.54	0.002	0.030	0.003
12685	0	0.0000	0	2.098	-36.411	37.306	28.94	35.27	29.41	-0.031	0.025	0.013
12692	0	0.0000	0	2.094	-36.400	37.292	29.16	34.78	28.84	-0.052	0.008	0.012
12699	0	0.0000	0	2.084	-36.394	37.278	29.31	34.11	28.93	-0.056	-0.011	0.008
12706	0	0.0000	0	2.069	-36.393	37.264	28.79	33.75	29.61	-0.044	-0.002	-0.009
12713	0	0.0000	0	2.050	-36.399	37.252	27.52	33.10	30.25	-0.018	-0.029	-0.027
12720	0	0.0000	0	2.030	-36.406	37.243	26.47	32.24	31.11	0.010	-0.022	-0.032
12727	0	0.0000	0	2.018	-36.411	37.236	25.83	31.54	31.28	0.033	-0.021	-0.023
12734	0	0.0000	0	2.015	-36.411	37.233	25.46	30.79	31.13	0.043	-0.020	0.002
12741	0	0.0000	0	2.018	-36.407	37.233	25.71	30.60	30.76	0.030	-0.018	0.026
12748	0	0.0000	0	2.030	-36.399	37.235	25.94	30.22	29.95	0.020	-0.011	0.055
12754	0	0.0000	0	2.037	-36.395	37.237	25.63	30.08	29.03	0.013	-0.027	0.051
12761	0	0.0000	0	2.038	-36.394	37.237	24.79	30.43	28.78	0.018	-0.015	0.037
12768	0	0.0000	0	2.030	-36.401	37.237	23.98	30.15	28.93	0.008	-0.011	0.022
12776	0	0.0000	0	2.015	-36.414	37.237	22.98	29.89	29.44	0.018	0.005	-0.007
12782	0	0.0000	0	1.994	-36.432	37.236	23.00	29.42	30.10	0.017	0.038	-0.030
12789	0	0.0000	0	1.974	-36.450	37.236	22.94	28.93	29.70	-0.000	0.051	-0.029
12796	0	0.0000	0	1.952	-36.468	37.234	23.25	28.78	28.69	-0.034	0.042	-0.030
12803	0	0.0000	0	1.932	-36.482	37.229	23.81	28.75	28.06	-0.055	0.025	-0.008
12811	0	0.0000	0	1.905	-36.499	37.222	24.25	28.82	26.92	-0.062	-0.001	0.004
12818	0	0.0000	0	1.866	-36.520	37.209	24.13	29.03	26.19	-0.047	-0.015	0.004
12825	0	0.0000	0	1.830	-36.541	37.197	23.62	28.97	26.13	-0.030	-0.034	0.001
12832	0	0.0000	0	1.788	-36.565	37.184	22.63	29.08	26.59	-0.002	-0.058	-0.020
12839	0	0.0000	0	1.756	-36.585	37.175	22.12	28.87	26.99	0.022	-0.034	-0.030
12846	0	0.0000	0	1.735	-36.599	37.171	22.25	28.10	27.42	0.008	-0.018	-0.042
12853	0	0.0000	0	1.731	-36.603	37.171	22.87	27.42	27.69	0.016	-0.017	-0.041
12861	0	0.0000	0	1.737	-36.599	37.172	23.86	26.98	26.82	-0.002	-0.003	-0.014
12868	0	0.0000	0	1.747	-36.590	37.172	24.77	26.88	25.59	-0.022	0.005	-0.011
12875	0	0.0000	0	1.754	-36.579	37.168	25.45	26.87	24.71	-0.009	0.011	0.014
12882	0	0.0000	0	1.756	-36.570	37.160	25.48	27.38	24.27	-0.025	-0.012	0.026
12889	0	0.0000	0	1.742	-36.569	37.148	25.33	28.10	23.70	-0.013	-0.017	0.019
12896	0	0.0000	0	1.717	-36.577	37.133	25.17	28.85	23.85	0.004	-0.032	0.011
12903	0	0.0000	0	1.692	-36.587	37.121	25.05	29.14	24.22	0.017	-0.015	-0.006
12910	0	0.0000	0	1.672	-36.599	37.115	25.20	28.70	24.82	0.014	0.004	-0.020
12917	0	0.0000	0	1.659	-36.611	37.114	25.48	28.13	25.21	0.025	0.029	-0.029
12924	0	0.0000	0	1.662	-36.611	37.118	26.50	27.43	25.11	-0.010	0.042	-0.018
12931	0	0.0000	0	1.673	-36.605	37.121	26.87	26.98	24.66	-0.010	0.057	-0.014
12938	0	0.0000	0	1.692	-36.592	37.126	26.84	27.03	24.54	-0.022	0.038	-0.001
12945	0	0.0000	0	1.717	-36.573	37.129	26.97	27.12	24.10	-0.009	0.014	0.018
12952	0	0.0000	0	1.745	-36.551	37.132	27.03	27.51	23.54	0.007	0.003	0.037
12959	0	0.0000	0	1.776	-36.527	37.136	26.88	28.32	22.88	0.016	-0.025	0.045
12966	0	0.0000	0	1.807	-36.505	37.142	26.97	28.33	22.89	0.004	-0.040	0.032
12973	0	0.0000	0	1.842	-36.486	37.154	27.76	27.77	22.34	-0.010	-0.023	0.030
12980	0	0.0000	0	1.875	-36.472	37.169	28.65	27.15	22.49	-0.020	-0.017	0.009
12987	0	0.0000	0	1.900	-36.464	37.184	29.59	26.17	22.21	-0.029	0.003	0.002
12994	0	0.0000	0	1.919	-36.461	37.198	29.89	25.68	22.41	-0.028	0.027	-0.037
13001	0	0.0000	0	1.927	-36.463	37.207	29.30	25.24	23.02	-0.008	-0.007	-0.041
13008	0	0.0000	0	1.925	-36.467	37.209	28.67	25.62	23.48	0.018	-0.019	-0.056
13015	0	0.0000	0	1.925	-36.468	37.210	27.53	26.11	23.71	0.040	-0.028	-0.063
13022	0	0.0000	0	1.935	-36.460	37.211	26.31	27.21	23.61	0.058	-0.029	-0.036
13029	0	0.0000	0	1.957	-36.444	37.215	25.60	28.49	23.15	0.042	-0.037	-0.017
13036	0	0.0000	0	1.994	-36.418	37.223	25.07	29.17	22.89	0.030	-0.040	0.013
13043	0	0.0000	0	2.048	-36.384	37.237	24.79	29.95	22.29	0.011	-0.030	0.025
13050	0	0.0000	0	2.116	-36.347	37.260	24.44	30.05	22.22	-0.030	0.011	0.024
13057	0	0.0000	0	2.189	-36.309	37.287	24.18	30.14	22.92	-0.027	0.023	0.023
13064	0	0.0000	0	2.261	-36.272	37.315	23.63	30.02	24.01	-0.033	0.064	0.005
13071	0	0.0000	0	2.321	-36.240	37.337	23.20	30.18	24.60	-0.028	0.063	-0.002
13078	0	0.0000	0	2.368	-36.214	37.353	22.53	31.10	24.57	-0.012	0.038	0.004
13084	0	0.0000	0	2.404	-36.187	37.358	22.28	32.62	22.98	-0.020	0.006	0.024
13092	0	0.0000	0	2.420	-36.167	37.353	20.95	33.57	23.24	0.013	-0.026	-0.003
13099	0	0.0000	0	2.408	-36.165	37.340	18.77	34.13	25.19	0.056	-0.020	-0.042
13106	0	0.0000	0	2.370	-36.178	37.319	17.52	34.56	26.74	0.092	0.010	-0.082
13113	0	0.0000	0	2.319	-36.197	37.293	16.11	33.68	29.57	0.087	0.006	-0.088
13120	0	0.0000	0	2.270	-36.211	37.263	15.78	33.28	29.77	0.063	0.002	-0.055
13127	0	0.0000	0	2.216	-36.220	37.225	17.18	33.49	28.16	-0.002	-0.000	0.030
13134	0	0.0000	0	2.160	-36.228	37.183	18.54	33.57	26.93	-0.072	0.000	0.084
13141	0	0.0000	0	2.093	-36.239	37.134	20.41	34.06	25.09	-0.109	-0.001	0.119
13148	0	0.0000	0	1.998	-36.265	37.076	20.86	34.68	24.66	-0.109	0.009	0.107
13155	0	0.0000	0	1.869	-36.311	37.008	20.34	35.06	25.65	-0.089	-0.008	0.078
13162	0	0.0000	0	1.741	-36.360	36.944	19.25	35.07	27.99	-0.037	-0.016	0.021
13169	0	0.0000	0	1.614	-36.414	36.884	18.57	34.64	29.63	-0.013	-0.006	-0.034
13176	0	0.0000	0	1.516	-36.455	36.837	18.59	34.01	31.51	0.005	0.002	-0.063
13183	0	0.0000	0	1.460	-36.474	36.807	19.78	33.14	32.36	-0.015	0.030	-0.068
13190	0	0.0000	0	1.443	-36.474	36.791	22.46	32.00	31.98	-0.038	0.049	-0.049
13197	0	0.0000	0	1.453	-36.459	36.786	25.19	30.80	31.30	-0.049	0.047	-0.024
13204	0	0.0000	0	1.482	-36.434	36.787	26.78	30.63	30.61	-0.046	0.029	-0.010
13212	0	0.0000	0	1.502	-36.412	36.783	27.15	31.36	30.46	-0.010	-0.013	0.003
13219	0	0.0000	0	1.512	-36.400	36.780	25.67	32.61	31.02	0.042	-0.044	-0.006
13226	0	0.0000	0	1.503	-36.400	36.772	24.12	34.83	31.08	0.101	-0.097	0.018
13232	0	0.0000	0	1.487	-36.408	36.766	21.60	37.27	31.37	0.167	-0.121	0.011
13240	0	0.0000	0	1.462	-36.429	36.764	19.59	37.91	32.53	0.206	-0.117	-0.027
13247	0	0.0000	0	1.439	-36.456	36.770	17.55	37.80	35.11	0.198	-0.062	-0.036
13254	0	0.0000	0	1.432	-36.477	36.785	17.52	36.75	36.83	0.162	-0.000	-0.051
13261	0	0.0000	0	1.428	-36.495	36.800	17.47	35.59	37.40	0.091	0.062	-0.043
13268	0	0.0000	0	1.432	-36.503	36.810	17.98	35.32	37.48	0.026	0.107	-0.009
13275	0	0.0000	0	1.419	-36.508	36.804	18.55	35.54	36.58	-0.057	0.115	0.029
13282	0	0.0000	0	1.380	-36.516	36.776	18.73	36.14	34.84	-0.105	0.113	0.076
13289	0	0.0000	0	1.302	-36.534	36.726	18.04	37.84	33.42	-0.151	0.074	0.090
13296	0	0.0000	0	1.191	-36.567	36.661	16.64	39.33	33.01	-0.152	0.034	0.100
13303	0	0.0000	0	1.037	-36.623	36.580	14.79	40.47	33.29	-0.148	0.004	0.090
13310	0	0.0000	0	0.879	-36.684	36.500	14.05	40.75	34.08	-0.116	-0.008	0.035
13317	0	0.0000	0	0.711	-36.756	36.423	12.84	40.11	35.60	-0.097	-0.000	-0.013
13324	0	0.0000	0	0.561	-36.825	36.357	12.52	38.34	37.37	-0.082	0.006	-0.047
13331	0	0.0000	0	0.435	-36.884	36.304	13.79	35.76	38.16	-0.072	0.047	-0.071
13338	0	0.0000	0	0.332	-36.929	36.257	15.95	33.22	37.69	-0.081	0.057	-0.051
13345	0	0.0000	0	0.250	-36.962	36.216	17.36	31.88	36.77	-0.080	0.060	-0.018
13352	0	0.0000	0	0.169	-36.989	36.172	18.96	30.55	35.34	-0.043	0.032	0.016
13359	0	0.0000	0	0.081	-37.015	36.120	19.65	30.11	34.03	0.010	0.000	0.022
13366	0	0.0000	0	-0.019	-37.046	36.062	18.60	30.03	33.68	0.066	-0.026	0.015
13373	0	0.0000	0	-0.127	-37.082	36.001	17.27	30.19	34.01	0.125	-0.071	0.008
13380	0	0.0000	0	-0.235	-37.121	35.945	15.84	30.14	34.21	0.165	-0.076	-0.003
13387	0	0.0000	0	-0.330	-37.158	35.897	14.73	29.88	34.21	0.186	-0.089	0.002
13394	0	0.0000	0	-0.409	-37.193	35.861	14.84	28.45	34.06	0.159	-0.038	0.009
13401	0	0.0000	0	-0.458	-37.220	35.846	15.90	26.58	32.97	0.124	-0.000	0.011
13408	0	0.0000	0	-0.491	-37.245	35.841	16.25	25.44	32.27	0.081	0.033	0.019
13415	0	0.0000	0	-0.513	-37.270	35.846	17.04	22.93	31.57	0.026	0.068	0.005
13422	0	0.0000	0	-0.541	-37.301	35.850	17.29	21.75	31.00	-0.021	0.067	0.011
13429	0	0.0000	0	-0.582	-37.339	35.852	16.63	20.69	30.29	-0.048	0.049	-0.001
13436	0	0.0000	0	-0.633	-37.381	35.848	16.16	20.47	29.73	-0.055	0.026	-0.004
13443	0	0.0000	0	-0.692	-37.426	35.839	14.66	20.33	28.82	-0.052	0.001	-0.022
13450	0	0.0000	0	-0.761	-37.472	35.824	13.75	20.13	27.50	-0.055	-0.036	-0.014
13457	0	0.0000	0	-0.824	-37.514	35.810	13.38	19.50	25.75	-0.071	-0.041	0.009
13464	0	0.0000	0	-0.878	-37.550	35.797	13.77	18.34	23.99	-0.077	-0.025	0.010
13471	0	0.0000	0	-0.928	-37.583	35.784	14.12	17.35	22.83	-0.074	-0.014	0.045
13478	0	0.0000	0	-0.975	-37.614	35.773	14.22	16.25	20.87	-0.061	-0.010	0.046
13485	0	0.0000	0	-1.023	-37.642	35.759	13.57	15.95	19.28	-0.034	-0.021	0.049
13492	0	0.0000	0	-1.069	-37.669	35.744	12.13	15.92	17.78	-0.002	-0.035	0.042
13499	0	0.0000	0	-1.110	-37.691	35.730	10.66	16.66	16.20	0.030	-0.030	0.033
13506	0	0.0000	0	-1.138	-37.708	35.721	9.65	16.45	15.30	0.054	-0.026	0.026
13513	0	0.0000	0	-1.149	-37.720	35.724	8.79	15.44	14.73	0.065	0.003	0.002
13520	0	0.0000	0	-1.141	-37.725	35.736	8.97	13.93	13.74	0.067	0.038	-0.016
13528	0	0.0000	0	-1.117	-37.722	35.754	9.80	12.55	12.28	0.040	0.073	-0.028
13535	0	0.0000	0	-1.086	-37.713	35.772	10.64	11.33	10.55	0.006	0.075	-0.018
13542	0	0.0000	0	-1.058	-37.703	35.787	11.05	10.77	9.22	-0.019	0.062	-0.019
13549	0	0.0000	0	-1.049	-37.697	35.789	10.65	10.72	7.87	-0.013	0.030	-0.020
13556	0	0.0000	0	-1.056	-37.696	35.782	9.31	11.43	6.60	-0.004	-0.013	-0.020
13563	0	0.0000	0	-1.086	-37.702	35.762	7.38	12.22	5.83	0.016	-0.055	-0.036
13570	0	0.0000	0	-1.118	-37.710	35.741	6.28	12.67	5.43	0.024	-0.068	-0.037
13577	0	0.0000	0	-1.144	-37.715	35.723	4.89	12.34	4.93	0.032	-0.082	-0.030
13584	0	0.0000	0	-1.165	-37.717	35.707	4.74	11.95	4.72	0.027	-0.045	-0.037
13591	0	0.0000	0	-1.172	-37.712	35.696	4.40	10.67	4.13	-0.015	-0.012	-0.015
13598	0	0.0000	0	-1.164	-37.700	35.691	4.88	9.23	3.38	-0.038	0.020	0.005
13605	0	0.0000	0	-1.149	-37.683	35.688	5.66	8.37	2.95	-0.047	0.040	0.023
13612	0	0.0000	0	-1.131	-37.659	35.681	5.90	7.78	1.92	-0.082	0.029	0.046
13619	0	0.0000	0	-1.118	-37.637	35.670	6.15	7.19	0.47	-0.073	0.034	0.055
13626	0	0.0000	0	-1.114	-37.616	35.654	6.18	7.29	-0.30	-0.048	0.015	0.041
13633	0	0.0000	0	-1.118	-37.599	35.633	5.62	6.90	-1.04	-0.040	0.001	0.033
13640	0	0.0000	0	-1.131	-37.588	35.611	4.54	7.35	-0.94	-0.002	-0.001	0.005
13647	0	0.0000	0	-1.144	-37.577	35.589	4.24	6.95	-0.99	0.008	-0.012	-0.019
13654	0	0.0000	0	-1.151	-37.564	35.570	4.00	6.11	-1.06	0.026	-0.021	-0.026
13661	0	0.0000	0	-1.145	-37.551	35.563	4.05	5.51	-1.57	0.032	-0.031	-0.036
13668	0	0.0000	0	-1.128	-37.531	35.558	5.13	4.82	-2.60	0.036	-0.021	-0.018
13675	0	0.0000	0	-1.107	-37.510	35.556	4.86	4.78	-3.25	0.015	-0.033	-0.021
13682	0	0.0000	0	-1.074	-37.486	35.562	6.13	3.37	-3.63	0.004	0.011	-0.014
13689	0	0.0000	0	-1.048	-37.467	35.566	6.60	1.85	-3.42	-0.021	0.016	-0.022
13696	0	0.0000	0	-1.023	-37.449	35.571	7.12	0.38	-2.99	-0.029	0.051	-0.029
13703	0	0.0000	0	-1.001	-37.429	35.571	7.53	-0.27	-2.87	-0.029	0.055	-0.003
13710	0	0.0000	0	-0.985	-37.409	35.565	7.65	-0.94	-2.85	-0.024	0.031	-0.004
13717	0	0.0000	0	-0.974	-37.388	35.554	7.34	-0.85	-2.94	0.005	0.010	0.024
13725	0	0.0000	0	-0.958	-37.360	35.541	7.11	-0.45	-2.90	0.012	-0.020	0.033
13732	0	0.0000	0	-0.931	-37.330	35.536	7.15	-0.73	-2.67	0.027	-0.047	0.026
13739	0	0.0000	0	-0.886	-37.296	35.542	6.94	-0.70	-2.38	0.026	-0.060	0.031
13746	0	0.0000	0	-0.828	-37.258	35.556	7.32	-0.83	-2.09	0.015	-0.054	0.021
13753	0	0.0000	0	-0.752	-37.219	35.586	7.94	-1.68	-1.65	-0.002	-0.030	0.002
13760	0	0.0000	0	-0.664	-37.181	35.625	9.35	-3.00	-1.42	-0.019	-0.006	-0.021
13767	0	0.0000	0	-0.569	-37.142	35.671	10.20	-4.18	-0.78	-0.020	0.022	-0.030
13774	0	0.0000	0	-0.478	-37.108	35.719	10.59	-5.23	-0.02	-0.044	0.048	-0.046
13781	0	0.0000	0	-0.392	-37.080	35.767	10.75	-5.71	0.62	-0.021	0.037	-0.049
13788	0	0.0000	0	-0.321	-37.054	35.804	9.84	-5.20	1.13	-0.003	0.006	-0.051
13795	0	0.0000	0	-0.260	-37.032	35.836	8.75	-4.41	1.74	0.028	-0.025	-0.038
13802	0	0.0000	0	-0.206	-37.013	35.865	7.48	-3.47	1.55	0.064	-0.035	-0.023
13809	0	0.0000	0	-0.153	-36.992	35.891	6.79	-3.21	1.56	0.086	-0.062	0.003
13816	0	0.0000	0	-0.096	-36.972	35.922	6.04	-2.40	1.93	0.087	-0.070	0.010
13823	0	0.0000	0	-0.025	-36.950	35.963	5.20	-1.81	2.18	0.081	-0.062	0.004
13830	0	0.0000	0	0.049	-36.930	36.009	4.83	-2.28	2.49	0.076	-0.030	0.015
13837	0	0.0000	0	0.127	-36.911	36.060	5.11	-2.63	3.09	0.046	-0.003	0.014
13844	0	0.0000	0	0.206	-36.896	36.114	5.36	-3.24	3.44	0.001	0.033	0.007
13851	0	0.0000	0	0.278	-36.885	36.166	5.45	-3.82	3.72	-0.031	0.059	0.012
13858	0	0.0000	0	0.335	-36.878	36.210	5.62	-3.93	3.87	-0.054	0.084	0.010
13865	0	0.0000	0	0.371	-36.876	36.240	5.58	-3.41	3.71	-0.075	0.065	0.014
13872	0	0.0000	0	0.388	-36.881	36.260	5.03	-3.01	3.86	-0.076	0.040	0.002
13879	0	0.0000	0	0.386	-36.892	36.268	3.70	-1.55	3.93	-0.055	-0.015	0.005
13886	0	0.0000	0	0.372	-36.905	36.269	2.19	-0.03	3.72	-0.026	-0.052	-0.008
13893	0	0.0000	0	0.355	-36.919	36.268	0.79	1.43	4.41	0.010	-0.074	-0.018
13900	0	0.0000	0	0.351	-36.928	36.273	-0.02	2.06	4.26	0.042	-0.080	-0.012
13907	0	0.0000	0	0.359	-36.935	36.286	-0.86	2.31	4.86	0.065	-0.043	-0.017
13914	0	0.0000	0	0.384	-36.935	36.309	-1.15	1.69	5.02	0.057	-0.008	-0.018
13921	0	0.0000	0	0.424	-36.930	36.339	-0.87	1.16	4.75	0.044	0.015	0.012
13928	0	0.0000	0	0.465	-36.923	36.368	-0.60	0.51	4.28	0.023	0.038	0.026
13935	0	0.0000	0	0.504	-36.914	36.394	-0.56	0.64	3.90	0.000	0.045	0.042
13942	0	0.0000	0	0.523	-36.914	36.411	-1.12	1.08	3.39	-0.010	0.055	0.034
13948	0	0.0000	0	0.524	-36.920	36.417	-1.95	1.31	3.88	-0.017	0.043	0.012
13955	0	0.0000	0	0.499	-36.935	36.409	-3.35	1.98	4.29	-0.029	0.030	-0.013
13962	0	0.0000	0	0.456	-36.956	36.392	-3.88	2.61	4.40	-0.011	0.005	-0.026
13969	0	0.0000	0	0.401	-36.977	36.364	-6.17	5.54	4.82	-0.013	-0.044	-0.025
13976	0	0.0000	0	0.340	-37.002	36.336	-7.50	6.41	5.18	-0.015	-0.050	-0.048
13983	0	0.0000	0	0.290	-37.023	36.312	-6.72	5.97	5.68	-0.045	-0.025	-0.045
13990	0	0.0000	0	0.249	-37.041	36.293	-5.36	4.63	5.99	-0.075	0.004	-0.028
13997	0	0.0000	0	0.209	-37.058	36.274	-3.88	3.36	6.19	-0.109	0.029	-0.009
14004	0	0.0000	0	0.166	-37.078	36.255	-2.19	2.54	6.06	-0.130	0.052	0.005
14011	0	0.0000	0	0.111	-37.100	36.229	-1.27	2.28	5.62	-0.110	0.051	0.014
14018	0	0.0000	0	0.035	-37.132	36.194	-1.32	2.45	6.56	-0.085	0.022	0.018
14025	0	0.0000	0	-0.051	-37.168	36.152	-1.90	2.96	7.15	-0.025	-0.004	0.022
14032	0	0.0000	0	-0.148	-37.211	36.109	-2.92	4.01	8.28	0.012	-0.042	0.014
14039	0	0.0000	0	-0.234	-37.250	36.071	-3.21	4.73	8.48	0.047	-0.064	0.025
14046	0	0.0000	0	-0.300	-37.282	36.044	-2.37	4.77	8.35	0.055	-0.065	0.040
14053	0	0.0000	0	-0.346	-37.308	36.029	-1.12	4.21	7.96	0.059	-0.037	0.058
14060	0	0.0000	0	-0.371	-37.329	36.027	0.82	3.05	7.93	0.041	0.004	0.040
14067	0	0.0000	0	-0.387	-37.349	36.033	3.05	1.84	7.76	0.012	0.039	0.027
14074	0	0.0000	0	-0.397	-37.369	36.044	5.13	0.95	7.73	0.001	0.048	0.038
14081	0	0.0000	0	-0.410	-37.388	36.050	5.92	1.14	7.49	-0.014	0.033	0.002
14088	0	0.0000	0	-0.439	-37.411	36.047	5.17	2.73	8.13	0.023	0.007	-0.036
14095	0	0.0000	0	-0.466	-37.430	36.042	4.45	4.20	8.23	0.027	-0.005	-0.033
14102	0	0.0000	0	-0.492	-37.447	36.036	4.90	5.31	8.47	0.023	-0.028	-0.038
14109	0	0.0000	0	-0.510	-37.460	36.033	6.16	5.54	7.93	-0.005	-0.021	-0.027
14116	0	0.0000	0	-0.509	-37.465	36.039	8.56	5.44	7.74	-0.034	0.003	-0.026
14123	0	0.0000	0	-0.499	-37.467	36.050	10.61	4.76	7.75	-0.078	0.028	-0.011
14130	0	0.0000	0	-0.490	-37.469	36.060	12.56	4.45	7.79	-0.082	0.036	-0.019
14137	0	0.0000	0	-0.487	-37.475	36.068	14.21	4.38	8.33	-0.079	0.030	-0.006
14144	0	0.0000	0	-0.489	-37.483	36.074	14.65	4.19	8.82	-0.058	0.022	-0.014
14151	0	0.0000	0	-0.498	-37.493	36.076	14.23	4.52	9.76	-0.010	0.004	-0.023
14158	0	0.0000	0	-0.508	-37.502	36.075	13.69	5.29	11.21	0.047	-0.017	-0.014
14165	0	0.0000	0	-0.507	-37.504	36.078	13.85	5.34	12.38	0.078	-0.026	-0.001
14172	0	0.0000	0	-0.479	-37.494	36.093	13.65	5.68	12.98	0.105	-0.037	0.005
14179	0	0.0000	0	-0.437	-37.476	36.113	13.64	6.20	12.89	0.121	-0.054	0.020
14186	0	0.0000	0	-0.367	-37.445	36.145	13.29	7.13	13.04	0.120	-0.046	0.034
14193	0	0.0000	0	-0.275	-37.409	36.190	13.93	7.21	12.86	0.097	-0.031	0.035
14200	0	0.0000	0	-0.171	-37.370	36.244	16.20	6.21	12.55	0.032	0.013	0.052
14207	0	0.0000	0	-0.069	-37.336	36.301	18.33	4.57	12.89	-0.022	0.065	0.033
14214	0	0.0000	0	0.014	-37.316	36.353	18.92	3.43	13.56	-0.050	0.099	0.011
14222	0	0.0000	0	0.069	-37.308	36.394	19.19	2.72	15.27	-0.065	0.088	-0.033
14229	0	0.0000	0	0.093	-37.311	36.419	18.49	2.66	16.76	-0.065	0.068	-0.046
14236	0	0.0000	0	0.095	-37.323	36.432	17.24	3.19	17.80	-0.049	0.019	-0.072
14243	0	0.0000	0	0.085	-37.337	36.438	16.17	4.32	18.58	-0.000	-0.040	-0.053
14249	0	0.0000	0	0.078	-37.345	36.438	14.15	7.41	18.47	0.035	-0.092	-0.037
14257	0	0.0000	0	0.090	-37.346	36.450	13.32	10.20	17.46	0.055	-0.146	0.011
14264	0	0.0000	0	0.131	-37.341	36.481	13.92	11.42	16.69	0.035	-0.121	0.019
14271	0	0.0000	0	0.194	-37.334	36.529	16.06	11.43	16.45	-0.003	-0.080	0.029
14278	0	0.0000	0	0.273	-37.325	36.590	17.42	10.45	17.13	-0.036	-0.005	0.023
14285	0	0.0000	0	0.354	-37.323	36.660	19.30	9.33	18.26	-0.060	0.040	0.004
14292	0	0.0000	0	0.413	-37.336	36.724	20.86	7.90	20.56	-0.065	0.088	-0.018
14299	0	0.0000	0	0.445	-37.357	36.773	21.42	8.53	22.24	-0.060	0.095	-0.028
14306	0	0.0000	0	0.451	-37.384	36.805	21.36	9.82	23.54	-0.023	0.067	-0.041
14313	0	0.0000	0	0.438	-37.412	36.820	21.67	11.99	24.24	-0.005	0.036	-0.033
14320	0	0.0000	0	0.410	-37.437	36.820	21.52	14.57	24.66	0.026	-0.032	-0.007
14327	0	0.0000	0	0.389	-37.450	36.815	22.15	17.23	25.07	0.035	-0.065	0.004
14334	0	0.0000	0	0.380	-37.454	36.810	23.07	19.87	25.63	0.035	-0.092	0.020
14341	0	0.0000	0	0.385	-37.452	36.813	24.76	21.44	26.07	0.008	-0.083	0.025
14348	0	0.0000	0	0.396	-37.449	36.819	26.76	21.83	26.11	-0.019	-0.058	0.046
14355	0	0.0000	0	0.425	-37.442	36.838	29.38	22.17	26.97	-0.046	-0.028	0.029
14362	0	0.0000	0	0.461	-37.434	36.863	31.46	22.67	28.08	-0.054	0.016	0.009
14369	0	0.0000	0	0.492	-37.433	36.889	33.48	23.20	29.65	-0.064	0.038	-0.000
14376	0	0.0000	0	0.522	-37.435	36.917	34.50	24.47	31.17	-0.062	0.083	-0.025
14384	0	0.0000	0	0.544	-37.441	36.943	35.41	25.41	32.81	-0.040	0.075	-0.037
14391	0	0.0000	0	0.562	-37.449	36.966	36.11	26.57	33.80	-0.018	0.058	-0.030
14398	0	0.0000	0	0.584	-37.453	36.989	37.16	27.63	34.86	0.010	0.055	-0.026
14405	0	0.0000	0	0.612	-37.451	37.011	38.12	28.71	35.68	0.033	0.017	-0.022
14412	0	0.0000	0	0.642	-37.448	37.035	39.18	29.89	36.18	0.063	0.006	-0.004
14419	0	0.0000	0	0.680	-37.441	37.061	39.71	30.77	36.36	0.064	-0.024	0.007
14426	0	0.0000	0	0.731	-37.428	37.094	40.36	31.47	36.81	0.088	-0.041	0.024
14433	0	0.0000	0	0.782	-37.416	37.127	41.30	32.41	37.14	0.082	-0.060	0.037
14440	0	0.0000	0	0.837	-37.403	37.163	42.05	33.10	37.50	0.066	-0.054	0.037
14447	0	0.0000	0	0.889	-37.392	37.199	42.90	34.01	37.97	0.043	-0.050	0.053
14454	0	0.0000	0	0.942	-37.383	37.236	43.21	34.54	38.51	0.030	-0.031	0.032
14461	0	0.0000	0	0.989	-37.376	37.270	43.07	34.88	38.94	0.024	0.004	0.023
14468	0	0.0000	0	1.029	-37.369	37.299	43.02	35.60	39.32	0.004	0.017	0.010
14475	0	0.0000	0	1.068	-37.361	37.326	43.02	36.40	39.69	-0.003	0.031	-0.005
14482	0	0.0000	0	1.106	-37.352	37.350	43.03	36.92	39.78	-0.016	0.045	-0.008
14490	0	0.0000	0	1.144	-37.339	37.371	42.78	38.07	39.63	-0.023	0.045	-0.010
14497	0	0.0000	0	1.182	-37.326	37.392	42.89	38.34	39.56	-0.016	0.029	-0.013
14504	0	0.0000	0	1.223	-37.309	37.412	42.91	39.17	38.92	-0.013	0.019	-0.011
14511	0	0.0000	0	1.259	-37.295	37.429	42.95	39.77	38.40	-0.012	0.004	0.005
14518	0	0.0000	0	1.295	-37.281	37.447	42.81	40.25	37.94	-0.016	0.007	-0.003
14525	0	0.0000	0	1.324	-37.272	37.464	42.50	40.31	37.99	-0.007	0.008	-0.008
14532	0	0.0000	0	1.351	-37.265	37.481	42.25	40.43	38.12	0.009	0.004	-0.019
14539	0	0.0000	0	1.370	-37.262	37.495	42.05	40.05	38.70	-0.005	0.017	-0.015
14546	0	0.0000	0	1.387	-37.261	37.508	42.09	39.22	39.16	0.011	0.020	-0.010
14553	0	0.0000	0	1.402	-37.258	37.519	42.16	38.62	39.60	0.018	0.028	-0.025
14560	0	0.0000	0	1.417	-37.251	37.526	41.95	38.17	39.93	0.008	0.025	-0.004
14567	0	0.0000	0	1.430	-37.241	37.527	41.95	38.54	39.25	0.004	-0.009	0.015
14574	0	0.0000	0	1.445	-37.226	37.526	41.85	38.96	38.19	0.001	-0.014	0.031
14581	0	0.0000	0	1.458	-37.210	37.521	41.38	39.06	37.60	0.012	-0.032	0.047
14588	0	0.0000	0	1.473	-37.195	37.520	41.07	38.95	37.40	0.011	-0.026	0.052
14595	0	0.0000	0	1.492	-37.180	37.522	41.01	39.08	37.43	0.022	-0.027	0.048
14602	0	0.0000	0	1.511	-37.167	37.526	40.33	38.78	37.14	0.020	-0.014	0.027
14609	0	0.0000	0	1.535	-37.157	37.538	40.02	38.27	37.32	0.018	0.023	0.013
14616	0	0.0000	0	1.564	-37.147	37.553	39.70	37.48	37.91	0.003	0.037	-0.019
14623	0	0.0000	0	1.592	-37.141	37.572	39.40	36.54	38.09	-0.008	0.050	-0.036
14630	0	0.0000	0	1.616	-37.137	37.589	39.36	36.00	38.24	-0.029	0.062	-0.044
14637	0	0.0000	0	1.644	-37.129	37.607	39.73	35.08	38.27	-0.029	0.062	-0.054
14644	0	0.0000	0	1.668	-37.122	37.621	39.16	34.43	38.22	-0.031	0.039	-0.062
14651	0	0.0000	0	1.688	-37.116	37.632	38.65	34.12	38.09	-0.031	0.023	-0.065
14658	0	0.0000	0	1.700	-37.111	37.638	38.36	34.10	37.97	-0.021	-0.007	-0.029
14666	0	0.0000	0	1.711	-37.107	37.644	38.38	33.96	37.57	0.000	-0.028	-0.019
14672	0	0.0000	0	1.718	-37.104	37.647	37.84	34.19	37.45	0.015	-0.037	0.007
14679	0	0.0000	0	1.721	-37.106	37.651	36.88	33.94	37.28	0.026	-0.044	0.029
14686	0	0.0000	0	1.725	-37.107	37.656	36.99	33.12	37.58	0.033	-0.045	0.025
14694	0	0.0000	0	1.733	-37.110	37.666	36.85	32.24	38.17	0.036	-0.028	0.028
14701	0	0.0000	0	1.743	-37.113	37.678	36.99	31.69	37.96	0.037	0.003	0.032
14708	0	0.0000	0	1.760	-37.114	37.694	37.09	30.92	37.88	0.021	0.014	0.035
14715	0	0.0000	0	1.773	-37.118	37.709	37.18	30.67	37.72	0.020	0.014	0.041
14721	0	0.0000	0	1.788	-37.122	37.727	36.94	30.04	37.86	0.016	0.024	0.046
14729	0	0.0000	0	1.803	-37.128	37.745	36.51	29.64	38.15	0.008	0.022	0.016
14736	0	0.0000	0	1.815	-37.135	37.763	35.86	29.38	38.75	-0.005	0.023	0.004
14743	0	0.0000	0	1.825	-37.145	37.780	34.95	29.47	38.93	-0.002	0.012	-0.006
14750	0	0.0000	0	1.837	-37.153	37.799	34.06	29.25	38.87	-0.003	0.005	-0.021
14757	0	0.0000	0	1.857	-37.158	37.822	34.17	29.00	38.28	-0.006	-0.016	-0.024
14764	0	0.0000	0	1.879	-37.164	37.847	34.25	28.81	38.18	-0.028	-0.013	-0.015
14771	0	0.0000	0	1.902	-37.171	37.874	33.93	28.16	37.88	-0.023	-0.023	-0.011
14778	0	0.0000	0	1.922	-37.180	37.901	33.21	27.59	37.90	-0.024	-0.023	-0.029
14785	0	0.0000	0	1.934	-37.194	37.924	32.62	27.12	37.79	-0.014	-0.016	-0.011
14792	0	0.0000	0	1.937	-37.211	37.944	31.67	26.96	37.54	-0.002	-0.019	-0.014
14799	0	0.0000	0	1.933	-37.231	37.960	30.74	26.74	37.84	0.033	-0.007	-0.010
14806	0	0.0000	0	1.923	-37.254	37.973	29.46	26.47	37.48	0.043	0.004	-0.002
14813	0	0.0000	0	1.908	-37.279	37.985	28.52	26.25	37.17	0.054	0.015	0.012
14820	0	0.0000	0	1.896	-37.300	37.995	27.48	26.00	36.23	0.041	0.024	0.038
14827	0	0.0000	0	1.883	-37.321	38.004	26.88	25.87	35.16	0.042	0.017	0.047
14834	0	0.0000	0	1.871	-37.340	38.012	26.75	25.78	34.54	0.016	0.019	0.053
14841	0	0.0000	0	1.858	-37.362	38.022	26.22	25.18	33.77	0.003	0.018	0.049
14848	0	0.0000	0	1.843	-37.385	38.030	25.20	24.77	33.19	-0.002	0.034	0.045
14855	0	0.0000	0	1.821	-37.411	38.037	24.53	24.01	32.61	-0.025	0.023	0.033
14862	0	0.0000	0	1.795	-37.439	38.042	24.27	23.94	32.62	-0.042	0.018	0.013
14869	0	0.0000	0	1.765	-37.468	38.043	23.31	23.63	31.89	-0.052	0.007	-0.004
14876	0	0.0000	0	1.734	-37.497	38.044	22.83	23.25	31.16	-0.037	-0.011	-0.001
14883	0	0.0000	0	1.697	-37.529	38.042	21.69	23.25	30.39	-0.030	-0.026	-0.026
14890	0	0.0000	0	1.661	-37.557	38.039	20.59	23.09	29.54	-0.031	-0.033	-0.030
14897	0	0.0000	0	1.625	-37.587	38.035	20.12	22.91	28.93	-0.014	-0.035	-0.022
14904	0	0.0000	0	1.595	-37.612	38.034	19.23	22.40	28.42	0.018	-0.024	-0.014
14911	0	0.0000	0	1.567	-37.636	38.032	18.70	21.17	27.54	0.013	0.003	-0.033
14918	0	0.0000	0	1.539	-37.660	38.031	18.29	20.07	26.61	0.022	0.020	-0.025
14925	0	0.0000	0	1.515	-37.681	38.030	17.96	19.23	26.20	0.025	0.052	-0.014
14932	0	0.0000	0	1.487	-37.700	38.025	17.84	18.41	25.13	0.010	0.038	-0.001
14939	0	0.0000	0	1.448	-37.724	38.014	16.84	17.82	24.18	0.011	0.033	0.012
14946	0	0.0000	0	1.410	-37.746	38.002	16.29	17.26	23.19	-0.001	0.034	0.023
14953	0	0.0000	0	1.369	-37.770	37.988	15.65	16.62	22.55	-0.011	0.009	0.019
14960	0	0.0000	0	1.324	-37.795	37.973	15.09	16.36	21.69	-0.018	0.009	0.010
14967	0	0.0000	0	1.277	-37.822	37.959	14.68	15.58	21.07	-0.025	-0.009	0.007
14975	0	0.0000	0	1.235	-37.848	37.946	14.40	14.41	20.94	-0.025	-0.015	-0.008
14982	0	0.0000	0	1.194	-37.873	37.935	14.21	13.43	20.21	-0.032	-0.006	-0.001
14989	0	0.0000	0	1.164	-37.895	37.930	13.86	12.46	18.99	-0.038	-0.003	0.000
14996	0	0.0000	0	1.139	-37.914	37.926	14.02	11.80	18.33	-0.030	-0.014	0.008
15003	0	0.0000	0	1.119	-37.931	37.925	13.73	11.27	16.93	-0.024	-0.014	0.012
15009	0	0.0000	0	1.097	-37.949	37.924	13.24	10.54	15.51	-0.022	-0.001	0.006
15016	0	0.0000	0	1.081	-37.965	37.926	12.77	10.07	14.44	0.003	-0.004	0.004
15023	0	0.0000	0	1.063	-37.982	37.926	12.00	9.49	13.78	0.021	0.003	-0.005
15030	0	0.0000	0	1.051	-37.999	37.932	11.20	8.45	13.08	0.047	0.003	-0.018
15037	0	0.0000	0	1.047	-38.011	37.940	10.75	7.20	11.93	0.056	0.029	-0.018
15044	0	0.0000	0	1.052	-38.019	37.952	10.35	6.19	10.49	0.034	0.024	0.018
15051	0	0.0000	0	1.061	-38.022	37.963	10.24	5.38	8.98	0.031	0.015	0.019
15058	0	0.0000	0	1.072	-38.024	37.974	10.01	5.07	8.25	0.011	0.004	0.034
15065	0	0.0000	0	1.083	-38.022	37.982	9.33	4.45	6.16	-0.008	-0.010	0.038
15072	0	0.0000	0	1.094	-38.019	37.990	8.82	4.22	4.47	-0.015	-0.022	0.044
15079	0	0.0000	0	1.103	-38.018	37.996	8.07	3.46	3.44	-0.018	-0.021	0.020
15086	0	0.0000	0	1.114	-38.016	38.004	7.16	2.91	2.47	-0.026	-0.029	0.009
15093	0	0.0000	0	1.126	-38.012	38.010	6.21	2.33	1.46	-0.019	-0.021	-0.009
15100	0	0.0000	0	1.141	-38.007	38.019	5.48	1.03	0.85	-0.029	0.001	-0.023
15107	0	0.0000	0	1.160	-37.999	38.028	4.84	0.39	-0.40	-0.022	0.013	-0.036
15114	0	0.0000	0	1.184	-37.987	38.037	4.05	-0.29	-1.59	-0.028	0.015	-0.031
15121	0	0.0000	0	1.219	-37.967	38.048	3.85	-0.51	-3.27	-0.018	0.020	-0.028
15128	0	0.0000	0	1.253	-37.946	38.058	3.20	-0.83	-5.15	-0.003	0.004	-0.012
15135	0	0.0000	0	1.290	-37.924	38.069	2.56	-1.19	-6.81	0.016	0.007	-0.009
15142	0	0.0000	0	1.327	-37.901	38.079	1.93	-2.15	-7.85	0.020	0.011	0.009
15149	0	0.0000	0	1.366	-37.879	38.092	1.75	-2.77	-8.21	0.034	-0.009	0.001
15156	0	0.0000	0	1.396	-37.862	38.101	0.86	-3.54	-8.46	0.026	-0.010	-0.007
15163	0	0.0000	0	1.430	-37.843	38.113	0.01	-4.73	-8.53	0.032	-0.006	-0.013
15170	0	0.0000	0	1.469	-37.820	38.125	-0.56	-5.43	-8.96	0.030	-0.003	-0.015
15177	0	0.0000	0	1.505	-37.797	38.134	-1.01	-5.81	-9.18	0.024	-0.002	-0.017
15184	0	0.0000	0	1.543	-37.769	38.141	-1.46	-6.23	-10.11	0.000	-0.018	-0.010
15191	0	0.0000	0	1.587	-37.738	38.149	-1.68	-6.58	-10.81	-0.037	-0.010	-0.005
15198	0	0.0000	0	1.637	-37.701	38.158	-1.36	-6.72	-11.83	-0.045	0.002	0.004
15205	0	0.0000	0	1.685	-37.666	38.165	-1.44	-7.04	-13.01	-0.057	-0.002	0.023
15213	0	0.0000	0	1.730	-37.632	38.172	-1.56	-7.63	-13.26	-0.061	-0.001	0.007
15220	0	0.0000	0	1.771	-37.601	38.178	-1.60	-7.88	-13.08	-0.057	0.009	0.013
15227	0	0.0000	0	1.809	-37.574	38.185	-2.06	-8.72	-12.72	-0.044	0.007	-0.018
15234	0	0.0000	0	1.846	-37.549	38.193	-2.60	-9.48	-11.84	-0.028	0.018	-0.028
15241	0	0.0000	0	1.884	-37.525	38.204	-2.59	-10.52	-11.67	-0.007	0.003	-0.036
15248	0	0.0000	0	1.933	-37.495	38.217	-2.30	-10.69	-11.68	0.004	0.003	-0.038
15255	0	0.0000	0	1.984	-37.464	38.232	-2.05	-10.95	-11.67	0.012	-0.022	-0.016
15262	0	0.0000	0	2.039	-37.431	38.248	-1.72	-11.04	-12.55	0.026	-0.032	-0.010
15269	0	0.0000	0	2.093	-37.399	38.264	-1.67	-10.83	-13.12	0.032	-0.042	-0.001
15276	0	0.0000	0	2.148	-37.368	38.282	-1.37	-11.07	-13.18	0.055	-0.029	0.014
15283	0	0.0000	0	2.200	-37.340	38.301	-1.55	-11.63	-12.97	0.050	-0.009	0.009
15290	0	0.0000	0	2.252	-37.316	38.323	-1.66	-11.76	-12.32	0.036	-0.004	-0.008
15297	0	0.0000	0	2.307	-37.290	38.347	-1.51	-12.56	-11.66	0.029	-0.001	-0.022
15304	0	0.0000	0	2.360	-37.266	38.370	-1.41	-13.17	-11.15	0.000	0.012	-0.000
15311	0	0.0000	0	2.422	-37.236	38.395	-1.10	-12.82	-11.49	-0.022	0.002	0.016
15318	0	0.0000	0	2.479	-37.206	38.417	-1.34	-12.02	-12.16	-0.041	-0.004	0.032
15325	0	0.0000	0	2.537	-37.174	38.436	-1.12	-11.67	-12.83	-0.055	-0.004	0.058
15333	0	0.0000	0	2.600	-37.139	38.458	-0.98	-10.79	-13.43	-0.044	-0.034	0.052
15340	0	0.0000	0	2.659	-37.108	38.480	-1.06	-10.30	-13.63	-0.036	-0.024	0.028
15347	0	0.0000	0	2.720	-37.079	38.505	-1.05	-10.54	-13.08	-0.008	-0.016	0.015
15354	0	0.0000	0	2.784	-37.050	38.533	-0.75	-10.95	-12.97	-0.009	0.000	-0.025
15361	0	0.0000	0	2.848	-37.023	38.563	-0.61	-11.41	-12.22	0.003	0.009	-0.054
15368	0	0.0000	0	2.911	-36.994	38.590	-0.55	-11.63	-11.75	0.013	0.037	-0.064
15375	0	0.0000	0	2.971	-36.965	38.615	-0.41	-11.66	-11.43	0.012	0.022	-0.059
15382	0	0.0000	0	3.031	-36.934	38.637	-0.69	-10.87	-11.42	0.020	0.004	-0.049
15389	0	0.0000	0	3.095	-36.898	38.658	-0.84	-10.19	-11.52	0.025	-0.011	-0.024
15396	0	0.0000	0	3.156	-36.860	38.675	-0.83	-9.56	-11.84	0.022	-0.026	-0.003
15403	0	0.0000	0	3.217	-36.821	38.690	-1.06	-8.58	-12.07	0.014	-0.038	0.003
15410	0	0.0000	0	3.277	-36.783	38.707	-0.98	-8.10	-12.11	0.012	-0.038	0.022
15418	0	0.0000	0	3.335	-36.748	38.724	-1.29	-6.97	-11.76	0.006	-0.033	0.023
15425	0	0.0000	0	3.391	-36.715	38.740	-1.39	-6.93	-11.28	-0.013	0.004	0.027
15432	0	0.0000	0	3.444	-36.684	38.757	-1.26	-6.83	-10.66	-0.013	0.021	0.012
15439	0	0.0000	0	3.498	-36.655	38.776	-1.43	-6.41	-9.64	-0.033	0.046	-0.004
15446	0	0.0000	0	3.544	-36.629	38.792	-1.75	-6.09	-8.80	-0.015	0.023	-0.008
15453	0	0.0000	0	3.591	-36.602	38.807	-2.08	-5.91	-8.01	-0.017	0.032	-0.011
15460	0	0.0000	0	3.634	-36.577	38.820	-2.44	-5.11	-7.30	-0.005	0.020	-0.010
15467	0	0.0000	0	3.670	-36.553	38.829	-2.38	-4.39	-7.01	-0.004	0.003	-0.012
15474	0	0.0000	0	3.706	-36.529	38.837	-2.36	-3.88	-6.59	-0.018	-0.011	-0.004
15481	0	0.0000	0	3.735	-36.508	38.842	-2.84	-3.23	-6.55	-0.006	-0.019	0.001
15488	0	0.0000	0	3.756	-36.490	38.843	-3.17	-2.83	-5.98	0.001	-0.028	-0.007
15495	0	0.0000	0	3.770	-36.477	38.843	-3.74	-2.41	-5.30	0.001	-0.022	0.007
15502	0	0.0000	0	3.779	-36.467	38.841	-4.06	-2.38	-4.49	0.014	-0.019	0.011
15509	0	0.0000	0	3.784	-36.459	38.838	-4.39	-2.06	-4.26	0.010	-0.018	0.018
15517	0	0.0000	0	3.789	-36.452	38.835	-4.86	-1.61	-3.72	0.017	-0.006	0.018
15524	0	0.0000	0	3.789	-36.448	38.831	-5.39	-1.37	-3.22	0.021	0.014	0.015
15531	0	0.0000	0	3.784	-36.447	38.826	-5.94	-1.01	-2.61	0.017	0.014	-0.006
15538	0	0.0000	0	3.777	-36.448	38.820	-6.42	-0.75	-2.18	0.017	0.017	-0.008
15545	0	0.0000	0	3.766	-36.451	38.814	-6.45	-0.68	-1.58	0.015	0.027	-0.008
15552	0	0.0000	0	3.750	-36.458	38.806	-6.98	-0.76	-1.07	-0.001	0.033	-0.002
15559	0	0.0000	0	3.725	-36.468	38.794	-7.45	-0.26	-1.00	-0.004	0.029	-0.004
15566	0	0.0000	0	3.695	-36.482	38.781	-7.69	0.14	-0.85	-0.010	0.008	0.001
15573	0	0.0000	0	3.661	-36.497	38.765	-8.15	0.52	-0.65	-0.011	0.001	0.003
15580	0	0.0000	0	3.619	-36.516	38.748	-8.53	0.68	-0.23	0.002	-0.015	0.005
15587	0	0.0000	0	3.573	-36.538	38.729	-9.37	1.02	-0.15	0.004	-0.015	-0.007
15594	0	0.0000	0	3.529	-36.559	38.710	-9.60	1.19	0.12	0.017	-0.006	0.002
15601	0	0.0000	0	3.482	-36.581	38.691	-10.10	1.37	0.12	0.008	-0.011	0.008
15608	0	0.0000	0	3.439	-36.601	38.672	-10.11	1.65	-0.03	-0.007	-0.003	0.022
15615	0	0.0000	0	3.390	-36.624	38.651	-10.47	1.62	0.03	-0.021	-0.004	0.031
15622	0	0.0000	0	3.337	-36.649	38.629	-10.60	1.51	0.17	-0.024	0.002	0.009
15629	0	0.0000	0	3.284	-36.675	38.607	-10.96	1.44	0.28	-0.019	0.016	-0.005
15636	0	0.0000	0	3.224	-36.704	38.583	-10.89	1.21	0.65	-0.029	0.010	-0.015
15643	0	0.0000	0	3.161	-36.735	38.557	-11.43	1.40	0.58	-0.023	-0.001	-0.028
15650	0	0.0000	0	3.091	-36.767	38.527	-11.78	1.37	0.65	-0.016	0.009	-0.040
15657	0	0.0000	0	3.020	-36.800	38.498	-12.46	1.57	0.59	0.009	0.004	-0.046
15664	0	0.0000	0	2.949	-36.833	38.467	-13.20	1.86	0.62	0.026	-0.000	-0.032
15671	0	0.0000	0	2.875	-36.866	38.434	-13.56	1.60	0.61	0.023	-0.011	-0.018
15678	0	0.0000	0	2.803	-36.900	38.403	-13.85	1.75	0.33	0.028	0.010	-0.003
15685	0	0.0000	0	2.730	-36.933	38.371	-13.96	1.55	0.31	0.005	0.002	0.016
15692	0	0.0000	0	2.658	-36.966	38.340	-14.08	1.44	0.02	-0.003	0.003	0.036
15699	0	0.0000	0	2.587	-36.997	38.308	-14.24	1.46	-0.47	0.000	-0.002	0.056
15706	0	0.0000	0	2.510	-37.033	38.275	-14.59	1.33	-0.43	-0.007	-0.003	0.052
15713	0	0.0000	0	2.431	-37.069	38.241	-15.08	1.38	-0.72	-0.006	-0.006	0.042
15720	0	0.0000	0	2.350	-37.106	38.205	-15.65	1.43	-0.41	-0.005	-0.003	0.025
15727	0	0.0000	0	2.267	-37.144	38.169	-16.13	0.82	-0.16	0.004	0.005	-0.003
15734	0	0.0000	0	2.190	-37.178	38.135	-16.30	0.32	0.29	-0.001	0.018	-0.022
15741	0	0.0000	0	2.112	-37.213	38.100	-16.19	0.34	0.05	0.003	0.010	-0.025
15748	0	0.0000	0	2.035	-37.246	38.064	-16.17	0.28	-0.44	-0.010	0.020	-0.026
15755	0	0.0000	0	1.957	-37.278	38.027	-16.14	-0.28	-1.17	-0.022	0.019	-0.025
15762	0	0.0000	0	1.872	-37.315	37.989	-15.99	-0.44	-1.16	-0.022	0.024	-0.024
15769	0	0.0000	0	1.790	-37.350	37.950	-16.01	-0.75	-1.47	0.006	0.022	-0.023
15776	0	0.0000	0	1.698	-37.392	37.911	-16.68	-0.71	-1.35	0.027	0.000	-0.025
15783	0	0.0000	0	1.603	-37.436	37.869	-17.34	-0.67	-1.06	0.032	-0.022	-0.020
15790	0	0.0000	0	1.510	-37.479	37.830	-18.14	-0.80	-1.18	0.046	-0.048	-0.010
15797	0	0.0000	0	1.419	-37.523	37.792	-18.64	-0.80	-1.43	0.027	-0.056	0.004
15804	0	0.0000	0	1.336	-37.563	37.758	-18.92	-0.82	-1.97	0.037	-0.051	0.024
15811	0	0.0000	0	1.260	-37.598	37.725	-18.80	-0.83	-2.93	0.027	-0.050	0.035
15818	0	0.0000	0	1.185	-37.632	37.692	-18.68	-0.77	-3.64	-0.009	-0.034	0.044
15826	0	0.0000	0	1.110	-37.667	37.661	-18.70	-1.02	-3.89	-0.012	-0.015	0.057
15833	0	0.0000	0	1.034	-37.704	37.629	-19.02	-1.34	-4.21	-0.031	0.006	0.035
15840	0	0.0000	0	0.956	-37.741	37.597	-19.30	-1.60	-4.20	-0.034	0.029	0.015
15847	0	0.0000	0	0.869	-37.782	37.560	-19.87	-2.14	-3.61	-0.030	0.038	-0.012
15854	0	0.0000	0	0.777	-37.822	37.518	-20.37	-2.06	-3.19	-0.032	0.055	-0.034
15861	0	0.0000	0	0.688	-37.858	37.475	-20.88	-2.55	-2.82	-0.018	0.044	-0.042
15868	0	0.0000	0	0.596	-37.893	37.428	-20.43	-3.09	-2.42	-0.020	0.044	-0.062
15875	0	0.0000	0	0.509	-37.922	37.380	-20.42	-3.48	-2.47	0.001	0.033	-0.058
15882	0	0.0000	0	0.418	-37.951	37.328	-19.94	-3.75	-2.57	-0.019	0.015	-0.043
15889	0	0.0000	0	0.331	-37.977	37.277	-19.17	-4.06	-2.81	-0.007	0.009	-0.017
15896	0	0.0000	0	0.239	-38.007	37.224	-18.56	-4.69	-2.59	-0.008	-0.023	-0.006
15903	0	0.0000	0	0.143	-38.042	37.174	-18.28	-5.06	-2.70	-0.000	-0.038	0.016
15910	0	0.0000	0	0.042	-38.083	37.126	-18.17	-5.23	-2.01	-0.003	-0.039	0.003
15917	0	0.0000	0	-0.062	-38.130	37.080	-18.26	-5.97	-1.29	0.008	-0.036	0.006
15924	0	0.0000	0	-0.169	-38.183	37.037	-17.96	-6.82	-0.42	0.014	-0.013	-0.006
15931	0	0.0000	0	-0.269	-38.235	36.999	-17.87	-7.47	0.14	0.023	0.007	0.003
15938	0	0.0000	0	-0.364	-38.287	36.966	-17.33	-8.05	0.60	0.012	0.014	0.013
15945	0	0.0000	0	-0.447	-38.333	36.938	-17.17	-8.64	0.61	0.012	0.044	0.022
15952	0	0.0000	0	-0.522	-38.377	36.916	-16.23	-9.17	0.94	0.004	0.042	0.010
15959	0	0.0000	0	-0.586	-38.417	36.899	-15.50	-9.91	1.06	-0.022	0.034	0.025
15966	0	0.0000	0	-0.644	-38.456	36.885	-14.40	-11.12	1.49	-0.033	0.043	0.016
15973	0	0.0000	0	-0.701	-38.493	36.871	-13.39	-11.83	1.82	-0.039	0.044	0.009
15980	0	0.0000	0	-0.757	-38.530	36.857	-12.36	-12.69	2.07	-0.040	0.031	0.021
15987	0	0.0000	0	-0.814	-38.567	36.844	-11.34	-12.81	2.12	-0.035	-0.021	0.011
15994	0	0.0000	0	-0.868	-38.604	36.832	-10.86	-12.71	1.96	-0.025	-0.027	0.012
16001	0	0.0000	0	-0.924	-38.643	36.820	-10.43	-12.65	1.58	-0.015	-0.069	-0.006
16008	0	0.0000	0	-0.979	-38.684	36.812	-9.70	-12.81	1.86	0.001	-0.081	-0.014
16016	0	0.0000	0	-1.030	-38.729	36.811	-9.31	-12.83	1.92	0.004	-0.076	-0.020
16023	0	0.0000	0	-1.070	-38.770	36.816	-8.46	-13.62	2.17	0.013	-0.051	-0.036
16030	0	0.0000	0	-1.100	-38.808	36.827	-7.56	-14.26	2.23	0.021	-0.022	-0.028
16037	0	0.0000	0	-1.121	-38.845	36.844	-6.77	-14.74	1.92	0.013	-0.011	-0.030
16044	0	0.0000	0	-1.134	-38.878	36.865	-6.15	-14.73	1.50	0.021	0.016	-0.013
16051	0	0.0000	0	-1.143	-38.907	36.886	-5.61	-14.75	0.97	0.030	0.033	-0.003
16057	0	0.0000	0	-1.143	-38.933	36.910	-4.54	-15.09	0.46	0.021	0.048	0.001
16064	0	0.0000	0	-1.144	-38.959	36.935	-3.70	-15.64	0.17	0.028	0.059	0.021
16072	0	0.0000	0	-1.138	-38.981	36.962	-2.75	-16.38	-0.04	0.005	0.072	0.028
16079	0	0.0000	0	-1.130	-39.001	36.988	-1.94	-16.42	-0.17	-0.003	0.057	0.030
16086	0	0.0000	0	-1.121	-39.016	37.011	-0.92	-16.71	-0.37	-0.021	0.029	0.029
16093	0	0.0000	0	-1.106	-39.029	37.036	-0.12	-16.69	-0.88	-0.036	0.012	0.041
16100	0	0.0000	0	-1.088	-39.037	37.060	0.84	-16.68	-1.64	-0.020	-0.022	0.049
16107	0	0.0000	0	-1.061	-39.041	37.088	1.50	-16.47	-1.87	-0.027	-0.043	0.030
16114	0	0.0000	0	-1.030	-39.045	37.120	2.41	-16.74	-2.31	-0.016	-0.055	0.033
16121	0	0.0000	0	-0.988	-39.046	37.157	3.34	-17.11	-2.76	-0.002	-0.052	0.012
16128	0	0.0000	0	-0.934	-39.043	37.201	4.17	-17.34	-3.25	0.012	-0.057	0.016
16135	0	0.0000	0	-0.871	-39.037	37.251	5.06	-17.44	-3.61	0.038	-0.064	-0.002
16142	0	0.0000	0	-0.800	-39.029	37.306	5.15	-17.56	-3.90	0.042	-0.058	-0.036
16149	0	0.0000	0	-0.721	-39.017	37.364	5.90	-17.52	-4.38	0.055	-0.030	-0.027
16156	0	0.0000	0	-0.629	-38.999	37.427	6.18	-17.50	-5.21	0.066	0.016	-0.033
16163	0	0.0000	0	-0.531	-38.976	37.491	6.51	-17.34	-5.91	0.072	0.029	-0.023
16170	0	0.0000	0	-0.427	-38.950	37.557	6.49	-16.87	-6.99	0.067	0.046	-0.016
16177	0	0.0000	0	-0.321	-38.921	37.623	6.48	-16.67	-7.39	0.062	0.062	-0.013
16184	0	0.0000	0	-0.211	-38.890	37.689	6.59	-16.14	-8.15	0.051	0.036	-0.002
16191	0	0.0000	0	-0.096	-38.856	37.756	6.33	-15.64	-9.02	0.034	0.046	0.016
16198	0	0.0000	0	0.021	-38.818	37.822	6.39	-15.15	-10.00	0.010	0.015	0.021
16205	0	0.0000	0	0.137	-38.779	37.888	6.06	-14.56	-10.35	-0.019	-0.021	0.028
16212	0	0.0000	0	0.252	-38.740	37.951	5.81	-13.82	-11.16	-0.028	-0.025	0.024
16219	0	0.0000	0	0.368	-38.699	38.013	5.12	-13.22	-11.50	-0.043	-0.047	0.020
16226	0	0.0000	0	0.485	-38.656	38.074	4.72	-12.95	-12.00	-0.055	-0.032	0.015
16233	0	0.0000	0	0.604	-38.611	38.134	4.43	-12.59	-12.50	-0.031	-0.035	-0.004
16240	0	0.0000	0	0.722	-38.563	38.192	3.96	-12.32	-12.83	-0.030	-0.031	0.007
16247	0	0.0000	0	0.840	-38.512	38.246	3.79	-12.11	-13.39	-0.032	-0.012	-0.005
16254	0	0.0000	0	0.953	-38.461	38.296	3.71	-12.06	-14.21	-0.026	0.012	-0.003
16261	0	0.0000	0	1.062	-38.408	38.340	3.31	-11.79	-15.14	-0.004	-0.003	-0.016
16268	0	0.0000	0	1.168	-38.354	38.381	2.67	-10.90	-15.81	0.025	0.015	-0.008
16275	0	0.0000	0	1.261	-38.303	38.413	2.32	-10.49	-16.61	0.031	0.019	-0.016
16282	0	0.0000	0	1.352	-38.252	38.443	1.64	-9.97	-17.30	0.041	0.019	-0.019
16289	0	0.0000	0	1.437	-38.203	38.471	0.79	-9.32	-17.42	0.049	0.017	-0.017
16296	0	0.0000	0	1.522	-38.155	38.498	0.37	-9.37	-17.47	0.047	0.017	-0.030
16303	0	0.0000	0	1.607	-38.105	38.524	0.06	-9.40	-17.76	0.026	0.019	-0.007
16310	0	0.0000	0	1.693	-38.054	38.550	-0.20	-9.59	-17.95	-0.002	0.026	-0.033
16317	0	0.0000	0	1.779	-38.003	38.576	-0.19	-9.89	-18.08	-0.023	0.036	-0.016
16325	0	0.0000	0	1.869	-37.949	38.603	-0.12	-10.56	-18.32	-0.043	0.036	-0.011
16332	0	0.0000	0	1.950	-37.899	38.625	-0.28	-10.67	-18.69	-0.061	0.032	-0.013
16339	0	0.0000	0	2.033	-37.846	38.648	-0.52	-10.69	-18.54	-0.065	0.034	0.002
16345	0	0.0000	0	2.112	-37.794	38.666	-0.96	-10.62	-18.91	-0.062	0.002	0.016
16352	0	0.0000	0	2.186	-37.744	38.682	-1.66	-10.43	-19.15	-0.051	-0.015	0.018
16359	0	0.0000	0	2.256	-37.694	38.695	-2.04	-10.73	-19.62	-0.032	-0.031	0.035
16366	0	0.0000	0	2.332	-37.643	38.712	-2.10	-10.81	-19.80	-0.029	-0.040	0.042
16373	0	0.0000	0	2.408	-37.593	38.730	-2.53	-11.11	-19.92	-0.005	0.001	0.046
16381	0	0.0000	0	2.490	-37.539	38.751	-2.36	-11.67	-20.06	0.017	0.004	0.045
16388	0	0.0000	0	2.572	-37.486	38.771	-2.23	-12.00	-20.82	0.032	0.006	0.063
16395	0	0.0000	0	2.650	-37.435	38.790	-2.23	-12.44	-21.43	0.023	0.011	0.043
16402	0	0.0000	0	2.722	-37.388	38.808	-2.16	-12.39	-22.07	0.049	0.002	0.036
16409	0	0.0000	0	2.792	-37.343	38.825	-2.22	-12.55	-22.49	0.044	-0.012	0.007
16416	0	0.0000	0	2.860	-37.299	38.842	-2.61	-12.48	-22.59	0.047	-0.002	-0.022
16423	0	0.0000	0	2.925	-37.256	38.858	-2.75	-12.77	-22.27	0.039	0.006	-0.030
16430	0	0.0000	0	2.991	-37.213	38.874	-3.11	-12.78	-22.54	0.018	-0.021	-0.060
16437	0	0.0000	0	3.058	-37.167	38.888	-3.04	-12.77	-23.14	-0.002	-0.006	-0.049
16444	0	0.0000	0	3.138	-37.115	38.907	-2.82	-12.92	-24.06	-0.036	-0.001	-0.040
16451	0	0.0000	0	3.221	-37.056	38.923	-1.95	-12.81	-25.25	-0.054	-0.002	-0.014
16458	0	0.0000	0	3.305	-36.997	38.940	-0.99	-12.81	-26.63	-0.079	-0.005	-0.002
16465	0	0.0000	0	3.388	-36.938	38.956	-0.90	-12.87	-27.72	-0.084	0.008	0.011
16472	0	0.0000	0	3.468	-36.881	38.970	-0.64	-13.17	-28.10	-0.072	0.005	-0.001
16479	0	0.0000	0	3.546	-36.825	38.984	-0.75	-13.37	-27.79	-0.058	0.008	0.004
16486	0	0.0000	0	3.623	-36.769	38.998	-1.07	-13.52	-27.84	-0.015	0.020	-0.005
16494	0	0.0000	0	3.712	-36.705	39.013	-1.11	-13.81	-27.62	0.003	0.017	-0.001
16501	0	0.0000	0	3.809	-36.635	39.030	-0.92	-13.78	-27.42	0.038	-0.003	-0.015
16508	0	0.0000	0	3.909	-36.562	39.047	-0.63	-13.83	-27.98	0.041	-0.015	-0.010
16515	0	0.0000	0	4.020	-36.481	39.066	0.36	-13.76	-28.61	0.028	0.001	0.001
16522	0	0.0000	0	4.138	-36.394	39.086	1.26	-14.14	-28.82	0.028	-0.010	0.002
16529	0	0.0000	0	4.259	-36.305	39.106	2.39	-14.26	-29.29	0.016	-0.023	0.013
16536	0	0.0000	0	4.376	-36.219	39.125	3.17	-14.32	-29.61	0.005	-0.031	0.022
16543	0	0.0000	0	4.487	-36.136	39.142	3.72	-13.89	-29.53	-0.001	-0.050	0.007
16550	0	0.0000	0	4.593	-36.055	39.156	3.79	-13.40	-29.13	-0.006	-0.040	0.004
16558	0	0.0000	0	4.704	-35.971	39.172	3.21	-13.01	-28.73	0.020	-0.046	-0.019
16565	0	0.0000	0	4.805	-35.896	39.188	2.46	-12.61	-27.64	0.021	-0.054	-0.017
16572	0	0.0000	0	4.914	-35.818	39.208	1.94	-12.10	-26.79	0.029	-0.031	-0.056
16579	0	0.0000	0	5.037	-35.733	39.233	2.39	-12.18	-25.67	0.023	0.002	-0.066
16586	0	0.0000	0	5.176	-35.638	39.263	2.36	-11.94	-25.68	0.020	0.007	-0.056
16593	0	0.0000	0	5.327	-35.534	39.295	2.62	-11.43	-25.69	0.012	0.050	-0.034
16600	0	0.0000	0	5.482	-35.429	39.329	3.22	-10.98	-26.01	-0.006	0.044	-0.014
16607	0	0.0000	0	5.638	-35.322	39.361	3.93	-10.54	-26.10	-0.020	0.052	-0.002
16614	0	0.0000	0	5.781	-35.220	39.389	3.72	-9.68	-25.59	-0.017	0.046	0.004
16620	0	0.0000	0	5.914	-35.129	39.417	3.95	-9.42	-24.81	-0.035	0.027	0.001
16628	0	0.0000	0	6.025	-35.049	39.436	2.89	-8.83	-23.18	0.003	0.019	-0.008
16634	0	0.0000	0	6.120	-34.978	39.451	1.42	-8.53	-21.06	0.033	0.008	-0.032
16641	0	0.0000	0	6.212	-34.909	39.464	0.49	-7.69	-19.27	0.029	-0.018	-0.031
16648	0	0.0000	0	6.307	-34.835	39.476	0.17	-7.07	-18.31	0.043	-0.037	-0.028
16655	0	0.0000	0	6.403	-34.757	39.484	0.11	-6.11	-18.05	0.030	-0.054	0.001
16662	0	0.0000	0	6.504	-34.673	39.492	0.40	-4.98	-17.87	0.002	-0.054	0.027
16670	0	0.0000	0	6.605	-34.589	39.499	1.00	-4.24	-18.17	-0.024	-0.052	0.065
16677	0	0.0000	0	6.694	-34.516	39.506	1.58	-3.82	-17.58	-0.050	-0.034	0.074
16684	0	0.0000	0	6.765	-34.455	39.509	1.36	-3.55	-16.36	-0.063	0.003	0.049
16691	0	0.0000	0	6.824	-34.404	39.512	1.01	-3.61	-15.21	-0.055	0.025	0.033
16698	0	0.0000	0	6.866	-34.364	39.510	0.24	-3.28	-13.50	-0.022	0.032	0.005
16705	0	0.0000	0	6.898	-34.330	39.505	-0.46	-2.72	-11.56	-0.027	0.050	-0.031
16712	0	0.0000	0	6.933	-34.292	39.498	-0.90	-2.40	-10.38	0.002	0.058	-0.040
16719	0	0.0000	0	6.966	-34.254	39.490	-1.20	-1.94	-9.49	0.022	0.053	-0.053
16726	0	0.0000	0	6.999	-34.216	39.483	-2.00	-1.25	-8.21	0.034	0.026	-0.055
16733	0	0.0000	0	7.039	-34.172	39.475	-2.42	-0.42	-7.04	0.046	0.003	-0.056
16740	0	0.0000	0	7.082	-34.129	39.471	-2.42	-0.07	-5.91	0.053	-0.003	-0.052
16747	0	0.0000	0	7.128	-34.083	39.466	-3.00	0.54	-5.31	0.056	-0.018	-0.031
16754	0	0.0000	0	7.170	-34.043	39.465	-3.19	1.17	-4.69	0.045	-0.039	-0.006
16761	0	0.0000	0	7.205	-34.011	39.464	-3.47	1.63	-4.23	0.030	-0.044	-0.007
16768	0	0.0000	0	7.226	-33.992	39.464	-3.93	1.59	-2.89	0.021	-0.030	0.019
16775	0	0.0000	0	7.232	-33.985	39.462	-4.84	1.60	-1.58	0.015	-0.012	0.021
16782	0	0.0000	0	7.221	-33.989	39.457	-6.13	1.32	-0.31	0.016	0.002	0.033
16789	0	0.0000	0	7.201	-33.997	39.447	-7.01	1.49	0.29	0.018	0.032	0.048
16796	0	0.0000	0	7.167	-34.014	39.433	-8.75	2.19	0.91	0.012	0.023	0.051
16803	0	0.0000	0	7.123	-34.033	39.414	-10.46	2.67	0.44	0.006	0.016	0.078
16810	0	0.0000	0	7.076	-34.055	39.393	-11.05	3.03	-0.06	-0.007	0.031	0.102
16817	0	0.0000	0	7.027	-34.078	39.373	-11.31	2.69	-0.84	-0.023	0.028	0.120
16824	0	0.0000	0	6.972	-34.105	39.351	-12.46	2.48	-2.34	-0.032	0.031	0.117
16831	0	0.0000	0	6.907	-34.141	39.328	-13.82	2.03	-2.95	-0.029	0.038	0.078
16838	0	0.0000	0	6.826	-34.188	39.303	-15.27	0.98	-3.31	-0.022	0.042	0.042
16845	0	0.0000	0	6.741	-34.238	39.278	-16.92	-0.26	-4.02	-0.003	0.045	0.014
16852	0	0.0000	0	6.648	-34.292	39.248	-18.36	-0.72	-4.64	0.007	0.042	-0.016
16859	0	0.0000	0	6.547	-34.348	39.213	-20.17	-1.60	-5.87	0.025	0.034	-0.038
16866	0	0.0000	0	6.451	-34.397	39.176	-22.28	-2.61	-7.30	0.035	0.020	-0.045
16873	0	0.0000	0	6.356	-34.441	39.136	-23.73	-4.27	-8.52	0.040	0.018	-0.055
16880	0	0.0000	0	6.261	-34.483	39.093	-24.67	-5.19	-9.19	0.026	-0.009	-0.054
16887	0	0.0000	0	6.166	-34.519	39.044	-26.18	-6.25	-10.85	0.011	-0.006	-0.042
16894	0	0.0000	0	6.073	-34.547	38.989	-27.64	-6.33	-12.49	0.003	-0.035	-0.006
16901	0	0.0000	0	5.976	-34.576	38.932	-28.98	-6.82	-13.93	0.008	-0.045	0.007
16908	0	0.0000	0	5.876	-34.606	38.874	-30.40	-7.51	-14.88	-0.008	-0.057	0.007
16915	0	0.0000	0	5.769	-34.641	38.814	-31.28	-7.86	-15.24	-0.002	-0.056	0.001
16923	0	0.0000	0	5.655	-34.682	38.753	-32.84	-8.51	-15.46	-0.010	-0.061	-0.006
16930	0	0.0000	0	5.544	-34.723	38.696	-34.18	-8.70	-16.16	-0.013	-0.054	-0.011
16937	0	0.0000	0	5.433	-34.766	38.640	-35.15	-8.76	-16.39	-0.025	-0.031	-0.014
16944	0	0.0000	0	5.320	-34.814	38.587	-35.44	-9.61	-16.73	-0.035	0.003	-0.025
16951	0	0.0000	0	5.201	-34.867	38.534	-35.51	-10.16	-16.75	-0.057	0.026	-0.028
16958	0	0.0000	0	5.082	-34.921	38.482	-35.08	-11.20	-16.66	-0.063	0.058	-0.030
16965	0	0.0000	0	4.954	-34.980	38.427	-34.52	-12.57	-15.96	-0.081	0.075	-0.030
16972	0	0.0000	0	4.817	-35.043	38.367	-34.29	-13.02	-15.63	-0.066	0.058	-0.033
16979	0	0.0000	0	4.669	-35.105	38.298	-34.60	-12.26	-16.08	-0.052	0.037	-0.020
16986	0	0.0000	0	4.515	-35.166	38.222	-34.54	-11.70	-16.81	-0.020	-0.015	0.019
16993	0	0.0000	0	4.361	-35.225	38.143	-34.59	-10.22	-17.93	0.009	-0.047	0.043
17000	0	0.0000	0	4.210	-35.281	38.065	-34.43	-9.29	-18.81	0.014	-0.076	0.059
17007	0	0.0000	0	4.061	-35.337	37.988	-33.83	-8.98	-19.71	0.026	-0.086	0.062
17014	0	0.0000	0	3.931	-35.389	37.924	-32.67	-9.63	-20.01	0.034	-0.051	0.062
17021	0	0.0000	0	3.808	-35.441	37.867	-31.60	-10.25	-19.93	0.012	-0.020	0.041
17028	0	0.0000	0	3.695	-35.488	37.814	-30.07	-11.41	-19.88	-0.009	0.027	0.048
17035	0	0.0000	0	3.591	-35.533	37.765	-29.10	-12.21	-20.58	-0.009	0.057	0.016
17042	0	0.0000	0	3.482	-35.577	37.712	-27.90	-12.95	-21.15	-0.019	0.065	0.009
17049	0	0.0000	0	3.378	-35.615	37.658	-27.52	-13.36	-22.07	-0.007	0.060	-0.002
17056	0	0.0000	0	3.267	-35.656	37.600	-27.67	-13.94	-22.82	-0.012	0.063	-0.005
17063	0	0.0000	0	3.173	-35.682	37.543	-26.12	-15.32	-24.89	-0.014	0.051	0.009
17071	0	0.0000	0	3.079	-35.707	37.485	-25.85	-16.23	-27.01	0.021	0.040	0.007
17078	0	0.0000	0	2.991	-35.728	37.427	-27.25	-16.69	-28.42	0.054	0.010	-0.001
17085	0	0.0000	0	2.909	-35.745	37.372	-29.09	-17.32	-29.23	0.092	-0.009	-0.023
17092	0	0.0000	0	2.838	-35.759	37.323	-29.41	-18.90	-29.76	0.107	0.002	-0.041
17099	0	0.0000	0	2.790	-35.760	37.282	-29.88	-21.05	-30.63	0.098	-0.010	-0.055
17106	0	0.0000	0	2.764	-35.747	37.247	-30.78	-22.51	-32.18	0.082	-0.022	-0.034
17113	0	0.0000	0	2.749	-35.727	37.214	-31.82	-23.87	-33.80	0.074	-0.028	-0.026
17120	0	0.0000	0	2.748	-35.699	37.185	-32.26	-24.96	-34.80	0.052	-0.033	-0.034
17127	0	0.0000	0	2.748	-35.669	37.156	-33.58	-26.66	-35.91	0.028	-0.022	-0.024
17134	0	0.0000	0	2.749	-35.640	37.129	-34.71	-28.89	-36.24	0.004	0.000	-0.030
17141	0	0.0000	0	2.746	-35.614	37.102	-36.28	-31.07	-37.05	-0.012	0.026	-0.034
17148	0	0.0000	0	2.738	-35.592	37.072	-37.87	-32.91	-37.95	-0.020	0.043	-0.019
17155	0	0.0000	0	2.719	-35.573	37.037	-38.42	-34.08	-38.34	-0.037	0.047	0.002
17162	0	0.0000	0	2.685	-35.564	36.998	-39.77	-35.83	-39.58	-0.050	0.048	0.012
17169	0	0.0000	0	2.642	-35.561	36.958	-41.03	-37.22	-40.73	-0.076	0.034	0.031
17176	0	0.0000	0	2.590	-35.567	36.918	-42.28	-38.78	-41.94	-0.085	0.007	0.056
17183	0	0.0000	0	2.531	-35.582	36.880	-43.19	-39.98	-43.32	-0.081	-0.008	0.055
17190	0	0.0000	0	2.468	-35.604	36.846	-43.96	-41.16	-43.37	-0.068	-0.023	0.047
17197	0	0.0000	0	2.405	-35.631	36.818	-44.81	-42.61	-44.04	-0.040	-0.036	0.024
17204	0	0.0000	0	2.337	-35.666	36.792	-46.58	-43.91	-44.04	-0.021	-0.043	-0.007
17211	0	0.0000	0	2.278	-35.698	36.771	-47.55	-44.89	-44.41	0.014	-0.046	-0.015
17218	0	0.0000	0	2.228	-35.722	36.751	-48.21	-46.03	-45.46	0.014	-0.053	-0.030
17225	0	0.0000	0	2.191	-35.738	36.733	-48.23	-46.48	-46.26	0.008	-0.059	-0.016
17232	0	0.0000	0	2.168	-35.743	36.718	-47.92	-47.30	-48.71	0.024	-0.052	0.002
17239	0	0.0000	0	2.148	-35.743	36.701	-47.97	-47.25	-51.25	0.009	-0.045	0.032
17246	0	0.0000	0	2.126	-35.742	36.680	-48.41	-47.09	-53.50	0.009	-0.035	0.044
17253	0	0.0000	0	2.099	-35.745	36.659	-49.20	-47.33	-54.69	0.021	-0.012	0.040
17260	0	0.0000	0	2.063	-35.756	36.638	-49.98	-48.41	-55.16	0.042	0.025	0.024
17267	0	0.0000	0	2.029	-35.766	36.618	-51.01	-50.21	-54.97	0.055	0.070	-0.009
17274	0	0.0000	0	2.001	-35.772	36.599	-52.37	-52.29	-54.71	0.061	0.110	-0.050
17282	0	0.0000	0	1.976	-35.771	36.577	-53.52	-54.37	-54.64	0.054	0.104	-0.048
17289	0	0.0000	0	1.962	-35.758	36.551	-53.62	-56.82	-56.75	0.036	0.122	-0.030
17296	0	0.0000	0	1.960	-35.734	36.526	-53.70	-59.00	-57.56	0.000	0.120	-0.032
17303	0	0.0000	0	1.928	-35.723	36.487	-56.42	-60.11	-58.60	0.029	0.066	-0.003
17310	0	0.0000	0	1.887	-35.717	36.445	-59.39	-59.54	-60.63	0.040	-0.004	0.005
17317	0	0.0000	0	1.824	-35.726	36.398	-62.04	-60.04	-61.39	0.036	-0.068	0.010
17324	0	0.0000	0	1.757	-35.750	36.363	-63.20	-60.23	-61.41	0.007	-0.112	-0.018
17331	0	0.0000	0	1.683	-35.789	36.335	-64.22	-61.27	-60.63	-0.019	-0.132	-0.037
17338	0	0.0000	0	1.617	-35.834	36.321	-64.48	-62.86	-58.67	-0.062	-0.128	-0.064
17345	0	0.0000	0	1.568	-35.873	36.316	-63.37	-64.18	-57.82	-0.123	-0.104	-0.065
17352	0	0.0000	0	1.535	-35.901	36.314	-61.29	-65.55	-58.42	-0.176	-0.080	-0.026
17359	0	0.0000	0	1.511	-35.918	36.310	-60.04	-65.83	-59.39	-0.196	-0.052	0.009
17366	0	0.0000	0	1.486	-35.926	36.296	-58.27	-65.27	-61.94	-0.213	-0.055	0.058
17373	0	0.0000	0	1.443	-35.939	36.271	-57.18	-63.96	-64.34	-0.181	-0.039	0.091
17380	0	0.0000	0	1.379	-35.960	36.235	-57.29	-62.29	-66.21	-0.125	-0.020	0.107
17387	0	0.0000	0	1.302	-35.988	36.195	-57.21	-61.31	-66.86	-0.052	-0.007	0.089
17394	0	0.0000	0	1.214	-36.033	36.161	-57.55	-60.65	-66.54	0.037	0.025	0.056
17401	0	0.0000	0	1.137	-36.079	36.138	-57.94	-60.57	-66.02	0.093	0.069	0.002
17408	0	0.0000	0	1.083	-36.121	36.131	-57.01	-61.83	-64.85	0.127	0.108	-0.051
17415	0	0.0000	0	1.056	-36.150	36.135	-55.54	-62.81	-63.75	0.140	0.134	-0.096
17422	0	0.0000	0	1.053	-36.164	36.147	-54.08	-62.99	-63.66	0.107	0.117	-0.102
17429	0	0.0000	0	1.073	-36.160	36.160	-51.50	-62.53	-64.48	0.087	0.084	-0.079
17436	0	0.0000	0	1.107	-36.137	36.167	-48.93	-60.95	-66.62	0.051	0.011	-0.042
17443	0	0.0000	0	1.137	-36.110	36.167	-47.08	-58.42	-68.57	0.026	-0.051	-0.007
17450	0	0.0000	0	1.158	-36.077	36.154	-46.54	-55.77	-70.59	-0.009	-0.132	0.016
17458	0	0.0000	0	1.166	-36.046	36.132	-46.43	-53.20	-72.33	-0.004	-0.176	0.064
17465	0	0.0000	0	1.169	-36.019	36.107	-47.03	-51.87	-73.06	0.001	-0.182	0.074
17472	0	0.0000	0	1.169	-35.995	36.084	-47.98	-51.21	-73.08	-0.000	-0.136	0.037
17479	0	0.0000	0	1.173	-35.973	36.066	-49.06	-52.00	-72.49	0.024	-0.077	0.004
17486	0	0.0000	0	1.193	-35.942	36.054	-49.65	-53.77	-71.92	0.012	0.026	-0.010
17493	0	0.0000	0	1.228	-35.902	36.045	-49.36	-55.44	-71.60	-0.014	0.119	-0.019
17500	0	0.0000	0	1.279	-35.848	36.038	-48.19	-57.72	-72.07	-0.032	0.182	-0.016
17507	0	0.0000	0	1.337	-35.780	36.022	-47.43	-59.34	-73.43	-0.074	0.190	0.004
17513	0	0.0000	0	1.387	-35.707	35.995	-47.05	-59.68	-75.17	-0.062	0.186	-0.001
17521	0	0.0000	0	1.422	-35.632	35.953	-47.37	-58.84	-75.90	-0.062	0.151	-0.017
17528	0	0.0000	0	1.440	-35.567	35.905	-47.94	-58.61	-75.77	-0.009	0.076	-0.038
17535	0	0.0000	0	1.444	-35.511	35.855	-49.06	-57.93	-74.06	0.020	0.015	-0.087
17542	0	0.0000	0	1.452	-35.461	35.813	-49.54	-56.76	-71.69	0.053	-0.072	-0.123
17549	0	0.0000	0	1.471	-35.411	35.781	-49.25	-55.62	-68.67	0.050	-0.135	-0.152
17556	0	0.0000	0	1.508	-35.358	35.763	-47.22	-54.26	-66.88	0.035	-0.201	-0.131
17563	0	0.0000	0	1.562	-35.301	35.754	-45.24	-52.71	-66.28	-0.013	-0.225	-0.100
17570	0	0.0000	0	1.629	-35.240	35.754	-42.09	-51.00	-65.44	-0.062	-0.212	-0.040
17577	0	0.0000	0	1.692	-35.184	35.755	-39.68	-49.06	-65.13	-0.069	-0.180	0.001
17584	0	0.0000	0	1.739	-35.140	35.753	-38.26	-47.71	-62.30	-0.075	-0.091	0.003
17591	0	0.0000	0	1.763	-35.111	35.746	-38.70	-46.95	-57.66	-0.022	0.000	-0.012
17598	0	0.0000	0	1.771	-35.089	35.731	-39.47	-46.48	-54.60	0.007	0.062	-0.033
17605	0	0.0000	0	1.766	-35.071	35.709	-40.95	-45.44	-49.93	0.058	0.123	-0.037
17612	0	0.0000	0	1.764	-35.041	35.679	-41.79	-43.77	-47.16	0.083	0.160	-0.004
17619	0	0.0000	0	1.774	-34.998	35.646	-41.47	-41.16	-46.29	0.083	0.150	0.068
17626	0	0.0000	0	1.798	-34.942	35.612	-40.24	-38.84	-47.09	0.069	0.120	0.140
17633	0	0.0000	0	1.825	-34.887	35.582	-39.13	-37.75	-47.91	0.016	0.087	0.188
17641	0	0.0000	0	1.849	-34.841	35.558	-37.31	-36.75	-48.29	-0.004	0.070	0.196
17648	0	0.0000	0	1.858	-34.819	35.545	-35.96	-36.82	-46.72	-0.035	0.048	0.171
17654	0	0.0000	0	1.848	-34.817	35.534	-34.87	-37.50	-43.86	-0.056	0.032	0.111
17661	0	0.0000	0	1.813	-34.836	35.522	-34.78	-37.71	-40.78	-0.033	0.007	0.039
17668	0	0.0000	0	1.757	-34.868	35.504	-34.97	-38.33	-37.85	-0.011	-0.014	-0.037
17675	0	0.0000	0	1.690	-34.903	35.479	-35.50	-38.76	-34.57	0.010	-0.039	-0.111
17682	0	0.0000	0	1.621	-34.932	35.447	-36.77	-37.87	-31.87	0.041	-0.085	-0.151
17689	0	0.0000	0	1.554	-34.949	35.404	-37.59	-35.42	-31.16	0.062	-0.144	-0.144
17696	0	0.0000	0	1.502	-34.950	35.360	-37.60	-33.87	-31.86	0.059	-0.177	-0.098
17704	0	0.0000	0	1.467	-34.941	35.320	-37.02	-32.29	-33.49	0.043	-0.154	-0.039
17711	0	0.0000	0	1.446	-34.932	35.292	-35.98	-31.40	-34.68	0.003	-0.112	0.026
17718	0	0.0000	0	1.428	-34.931	35.276	-34.97	-32.55	-34.97	-0.037	-0.030	0.034
17725	0	0.0000	0	1.406	-34.947	35.272	-33.54	-35.06	-34.10	-0.057	0.074	0.053
17732	0	0.0000	0	1.370	-34.983	35.275	-32.65	-37.11	-32.52	-0.075	0.161	0.036
17739	0	0.0000	0	1.312	-35.034	35.274	-32.27	-39.60	-30.61	-0.069	0.205	0.023
17746	0	0.0000	0	1.228	-35.095	35.259	-31.87	-40.68	-30.04	-0.058	0.211	0.057
17753	0	0.0000	0	1.131	-35.158	35.235	-31.86	-40.72	-30.86	-0.043	0.179	0.075
17760	0	0.0000	0	1.023	-35.218	35.198	-32.51	-39.67	-32.74	0.003	0.096	0.110
17767	0	0.0000	0	0.919	-35.271	35.159	-33.28	-39.39	-32.89	0.036	0.033	0.110
17774	0	0.0000	0	0.825	-35.322	35.126	-34.24	-39.07	-34.04	0.080	-0.028	0.106
17781	0	0.0000	0	0.753	-35.364	35.104	-35.24	-39.28	-35.37	0.109	-0.066	0.079
17788	0	0.0000	0	0.709	-35.397	35.096	-35.32	-40.71	-36.19	0.124	-0.082	0.053
17795	0	0.0000	0	0.690	-35.422	35.104	-35.35	-42.29	-36.48	0.103	-0.059	0.021
17802	0	0.0000	0	0.702	-35.437	35.129	-35.16	-44.99	-36.41	0.076	-0.051	-0.020
17809	0	0.0000	0	0.726	-35.446	35.160	-34.77	-47.29	-35.86	0.042	-0.027	-0.058
17816	0	0.0000	0	0.763	-35.449	35.195	-34.90	-48.41	-35.78	0.008	-0.034	-0.102
17823	0	0.0000	0	0.798	-35.444	35.221	-34.53	-47.65	-35.96	-0.017	-0.047	-0.119
17830	0	0.0000	0	0.829	-35.438	35.242	-34.52	-46.33	-36.55	-0.055	-0.085	-0.105
17837	0	0.0000	0	0.846	-35.436	35.256	-34.49	-43.71	-36.87	-0.074	-0.142	-0.109
17844	0	0.0000	0	0.849	-35.447	35.268	-34.46	-40.90	-36.64	-0.094	-0.149	-0.103
17851	0	0.0000	0	0.839	-35.469	35.281	-34.30	-38.19	-36.34	-0.095	-0.144	-0.093
17858	0	0.0000	0	0.806	-35.509	35.292	-33.63	-36.56	-35.57	-0.097	-0.123	-0.081
17865	0	0.0000	0	0.770	-35.554	35.303	-34.30	-36.04	-35.64	-0.070	-0.040	-0.063
17872	0	0.0000	0	0.714	-35.618	35.316	-35.38	-37.14	-34.30	-0.033	0.075	-0.054
17879	0	0.0000	0	0.650	-35.688	35.328	-37.03	-38.43	-32.73	0.029	0.123	-0.042
17886	0	0.0000	0	0.599	-35.746	35.340	-38.25	-38.78	-32.12	0.069	0.171	-0.004
17893	0	0.0000	0	0.568	-35.783	35.348	-38.61	-38.91	-32.58	0.086	0.183	0.058
17900	0	0.0000	0	0.551	-35.799	35.349	-38.72	-38.59	-33.73	0.089	0.183	0.129
17907	0	0.0000	0	0.546	-35.793	35.338	-38.62	-36.84	-36.64	0.085	0.128	0.195
17914	0	0.0000	0	0.540	-35.774	35.315	-38.64	-34.24	-39.75	0.069	0.074	0.264
17921	0	0.0000	0	0.535	-35.754	35.291	-38.76	-32.37	-42.03	0.026	-0.006	0.249
17928	0	0.0000	0	0.511	-35.745	35.262	-39.92	-31.44	-42.74	0.020	-0.059	0.209
17935	0	0.0000	0	0.465	-35.758	35.234	-40.96	-31.31	-42.26	0.025	-0.077	0.128
17942	0	0.0000	0	0.405	-35.786	35.209	-41.90	-31.60	-42.20	-0.003	-0.080	0.051
17949	0	0.0000	0	0.329	-35.830	35.184	-42.50	-32.92	-41.34	-0.026	-0.037	-0.031
17956	0	0.0000	0	0.243	-35.882	35.159	-42.34	-35.48	-40.09	-0.057	-0.005	-0.118
17963	0	0.0000	0	0.151	-35.938	35.132	-42.62	-37.30	-39.58	-0.066	0.038	-0.180
17970	0	0.0000	0	0.053	-35.988	35.096	-42.74	-38.89	-39.26	-0.069	0.042	-0.195
17977	0	0.0000	0	-0.049	-36.028	35.044	-43.36	-38.71	-40.81	-0.051	0.021	-0.192
17984	0	0.0000	0	-0.154	-36.056	34.979	-44.93	-37.66	-43.05	-0.018	-0.014	-0.145
17991	0	0.0000	0	-0.259	-36.077	34.907	-46.03	-36.67	-44.74	0.015	-0.045	-0.076
17998	0	0.0000	0	-0.362	-36.096	34.834	-47.66	-35.42	-46.69	0.062	-0.059	-0.031
18005	0	0.0000	0	-0.458	-36.114	34.768	-49.21	-35.08	-48.33	0.085	-0.049	0.014
18013	0	0.0000	0	-0.537	-36.131	34.715	-50.03	-36.29	-49.37	0.087	0.001	0.059
18020	0	0.0000	0	-0.602	-36.150	34.676	-50.25	-38.63	-49.55	0.080	0.034	0.058
18027	0	0.0000	0	-0.660	-36.174	34.648	-49.92	-40.71	-49.38	0.027	0.103	0.080
18034	0	0.0000	0	-0.720	-36.201	34.622	-49.51	-43.71	-49.44	-0.008	0.126	0.100
18041	0	0.0000	0	-0.788	-36.229	34.589	-49.09	-45.56	-50.34	-0.060	0.118	0.103
18048	0	0.0000	0	-0.871	-36.258	34.544	-49.60	-45.97	-51.53	-0.069	0.081	0.107
18055	0	0.0000	0	-0.976	-36.289	34.483	-51.06	-45.59	-52.88	-0.070	0.013	0.089
18062	0	0.0000	0	-1.096	-36.323	34.410	-52.19	-44.88	-53.73	-0.047	-0.056	0.069
18069	0	0.0000	0	-1.220	-36.357	34.335	-53.53	-44.28	-54.16	-0.023	-0.107	0.029
18076	0	0.0000	0	-1.334	-36.394	34.270	-54.16	-44.38	-54.27	-0.010	-0.121	-0.005
18083	0	0.0000	0	-1.436	-36.430	34.214	-54.32	-45.55	-54.31	0.004	-0.114	-0.063
18090	0	0.0000	0	-1.517	-36.461	34.173	-53.25	-47.01	-54.14	0.003	-0.081	-0.100
18097	0	0.0000	0	-1.580	-36.489	34.145	-52.51	-48.52	-54.00	-0.021	-0.036	-0.120
18104	0	0.0000	0	-1.638	-36.515	34.120	-51.85	-50.12	-54.22	-0.014	-0.016	-0.128
18111	0	0.0000	0	-1.696	-36.539	34.093	-51.77	-50.96	-53.68	-0.020	0.016	-0.144
18118	0	0.0000	0	-1.761	-36.564	34.060	-51.69	-51.92	-53.00	0.002	0.049	-0.134
18125	0	0.0000	0	-1.834	-36.590	34.021	-52.12	-51.85	-52.43	0.025	0.041	-0.113
18132	0	0.0000	0	-1.912	-36.616	33.976	-53.08	-51.10	-52.55	0.038	0.032	-0.090
18139	0	0.0000	0	-1.997	-36.644	33.930	-54.42	-50.27	-51.72	0.046	0.005	-0.054
18146	0	0.0000	0	-2.070	-36.671	33.891	-55.76	-49.06	-50.52	0.063	-0.016	-0.018
18153	0	0.0000	0	-2.137	-36.696	33.857	-56.15	-48.75	-49.70	0.055	-0.019	-0.005
18160	0	0.0000	0	-2.189	-36.721	33.836	-55.94	-48.77	-48.52	0.040	-0.003	0.038
18167	0	0.0000	0	-2.235	-36.750	33.823	-55.39	-49.63	-47.47	0.004	0.001	0.027
18174	0	0.0000	0	-2.271	-36.779	33.820	-54.33	-50.70	-46.39	-0.034	0.030	0.054
18181	0	0.0000	0	-2.313	-36.817	33.820	-52.87	-51.78	-45.40	-0.065	0.033	0.055
18188	0	0.0000	0	-2.367	-36.858	33.812	-52.77	-51.76	-44.78	-0.072	0.020	0.075
18196	0	0.0000	0	-2.447	-36.912	33.795	-53.24	-50.67	-44.13	-0.052	-0.013	0.078
18203	0	0.0000	0	-2.543	-36.973	33.769	-54.37	-49.70	-43.76	-0.016	-0.051	0.076
18210	0	0.0000	0	-2.658	-37.044	33.738	-55.96	-47.47	-43.34	0.004	-0.080	0.067
18217	0	0.0000	0	-2.782	-37.124	33.706	-57.89	-46.19	-42.49	0.051	-0.089	0.049
18224	0	0.0000	0	-2.899	-37.208	33.685	-58.79	-45.45	-41.90	0.051	-0.076	0.031
18231	0	0.0000	0	-3.009	-37.292	33.669	-59.05	-45.37	-41.30	0.038	-0.049	0.003
18238	0	0.0000	0	-3.101	-37.370	33.666	-58.89	-45.26	-41.26	0.028	-0.007	-0.007
18245	0	0.0000	0	-3.182	-37.444	33.666	-57.40	-45.55	-41.29	0.002	0.040	-0.026
18252	0	0.0000	0	-3.267	-37.519	33.663	-56.76	-45.74	-41.63	-0.035	0.050	-0.020
18259	0	0.0000	0	-3.365	-37.596	33.653	-56.52	-44.57	-42.62	-0.033	0.061	-0.023
18266	0	0.0000	0	-3.477	-37.669	33.626	-57.69	-42.76	-43.05	-0.014	0.040	-0.009
18273	0	0.0000	0	-3.610	-37.746	33.583	-58.60	-41.41	-43.07	0.007	0.010	-0.024
18280	0	0.0000	0	-3.757	-37.825	33.531	-59.92	-39.58	-43.05	0.036	-0.007	-0.022
18287	0	0.0000	0	-3.912	-37.904	33.471	-60.74	-38.52	-42.76	0.025	-0.008	-0.016
18294	0	0.0000	0	-4.064	-37.981	33.413	-60.85	-37.96	-42.79	0.021	-0.009	-0.019
18302	0	0.0000	0	-4.219	-38.058	33.351	-60.48	-37.67	-42.93	-0.001	0.006	0.012
18309	0	0.0000	0	-4.360	-38.125	33.292	-60.08	-37.31	-43.69	-0.039	0.013	0.022
18316	0	0.0000	0	-4.503	-38.191	33.231	-58.59	-37.12	-44.62	-0.068	0.011	0.050
18323	0	0.0000	0	-4.647	-38.256	33.167	-57.18	-36.91	-45.61	-0.089	0.017	0.060
18330	0	0.0000	0	-4.798	-38.322	33.099	-56.51	-36.38	-46.28	-0.098	0.010	0.063
18337	0	0.0000	0	-4.963	-38.396	33.025	-55.31	-36.45	-46.78	-0.099	0.026	0.042
18344	0	0.0000	0	-5.132	-38.471	32.950	-53.80	-36.77	-47.44	-0.107	0.031	0.040
18351	0	0.0000	0	-5.304	-38.548	32.873	-51.04	-37.56	-48.57	-0.124	0.027	0.022
18358	0	0.0000	0	-5.485	-38.625	32.789	-49.31	-37.24	-49.89	-0.098	0.021	0.023
18365	0	0.0000	0	-5.662	-38.697	32.703	-47.91	-36.49	-50.77	-0.072	-0.003	0.016
18372	0	0.0000	0	-5.830	-38.763	32.620	-47.40	-35.42	-51.08	-0.005	-0.026	-0.020
18379	0	0.0000	0	-5.988	-38.823	32.540	-47.51	-35.13	-50.52	0.055	-0.041	-0.041
18386	0	0.0000	0	-6.110	-38.870	32.477	-46.88	-35.07	-49.00	0.108	-0.037	-0.087
18393	0	0.0000	0	-6.198	-38.902	32.431	-46.68	-35.24	-46.92	0.140	-0.038	-0.131
18400	0	0.0000	0	-6.251	-38.916	32.398	-45.45	-34.93	-45.07	0.141	-0.009	-0.145
18407	0	0.0000	0	-6.266	-38.910	32.379	-43.89	-35.40	-43.73	0.128	-0.005	-0.132
18414	0	0.0000	0	-6.242	-38.882	32.372	-40.74	-35.56	-42.70	0.075	0.004	-0.117
18421	0	0.0000	0	-6.195	-38.837	32.371	-37.51	-34.75	-42.60	0.013	-0.010	-0.067
18428	0	0.0000	0	-6.156	-38.793	32.362	-34.79	-33.05	-42.47	-0.027	-0.023	-0.024
18435	0	0.0000	0	-6.132	-38.758	32.349	-33.00	-31.60	-40.95	-0.056	-0.046	0.003
18442	0	0.0000	0	-6.139	-38.745	32.331	-31.96	-30.12	-38.71	-0.056	-0.056	0.009
18449	0	0.0000	0	-6.162	-38.748	32.313	-31.60	-29.49	-36.53	-0.052	-0.047	0.010
18456	0	0.0000	0	-6.211	-38.773	32.294	-31.81	-27.96	-33.53	-0.029	-0.038	0.007
18464	0	0.0000	0	-6.273	-38.811	32.277	-32.32	-26.40	-29.82	-0.014	-0.026	-0.007
18471	0	0.0000	0	-6.334	-38.855	32.266	-32.19	-25.50	-25.98	-0.003	-0.003	-0.028
18478	0	0.0000	0	-6.387	-38.899	32.262	-31.67	-25.14	-23.37	0.010	0.043	-0.033
18485	0	0.0000	0	-6.425	-38.940	32.269	-29.92	-24.75	-20.12	-0.007	0.060	-0.022
18492	0	0.0000	0	-6.445	-38.968	32.278	-27.42	-24.38	-18.03	-0.049	0.068	0.023
18499	0	0.0000	0	-6.453	-38.988	32.291	-23.67	-23.40	-17.05	-0.065	0.068	0.050
18506	0	0.0000	0	-6.463	-39.003	32.297	-20.21	-21.95	-16.98	-0.095	0.035	0.096
18513	0	0.0000	0	-6.488	-39.020	32.290	-16.71	-19.79	-16.30	-0.134	-0.007	0.121
18520	0	0.0000	0	-6.531	-39.042	32.274	-15.09	-18.28	-15.31	-0.111	-0.045	0.108
18527	0	0.0000	0	-6.598	-39.078	32.250	-13.21	-16.05	-13.17	-0.081	-0.083	0.075
18535	0	0.0000	0	-6.677	-39.122	32.224	-12.34	-13.16	-10.71	-0.016	-0.101	0.026
18542	0	0.0000	0	-6.750	-39.165	32.201	-11.27	-10.37	-7.91	0.029	-0.116	-0.009
18549	0	0.0000	0	-6.811	-39.206	32.188	-9.44	-8.47	-5.83	0.059	-0.098	-0.036
18556	0	0.0000	0	-6.841	-39.235	32.189	-6.50	-7.22	-3.89	0.070	-0.048	-0.071
18563	0	0.0000	0	-6.844	-39.254	32.206	-3.83	-6.51	-2.83	0.052	0.005	-0.082
18570	0	0.0000	0	-6.821	-39.261	32.232	0.51	-6.26	-1.28	0.028	0.062	-0.073
18577	0	0.0000	0	-6.785	-39.260	32.263	5.04	-5.47	-0.05	-0.007	0.104	-0.065
18584	0	0.0000	0	-6.746	-39.249	32.287	8.44	-3.89	1.00	-0.023	0.093	-0.036
18591	0	0.0000	0	-6.717	-39.235	32.298	10.85	-1.22	1.51	-0.016	0.071	-0.013
18598	0	0.0000	0	-6.701	-39.221	32.300	12.26	1.49	1.63	0.003	0.010	0.035
18605	0	0.0000	0	-6.692	-39.209	32.296	12.69	5.16	2.27	0.047	-0.033	0.053
18612	0	0.0000	0	-6.681	-39.201	32.298	13.06	8.53	3.83	0.099	-0.056	0.048
18619	0	0.0000	0	-6.656	-39.196	32.314	13.51	10.25	5.56	0.114	-0.031	0.040
18626	0	0.0000	0	-6.612	-39.190	32.347	14.45	11.02	7.12	0.111	-0.007	0.013
18633	0	0.0000	0	-6.539	-39.180	32.402	16.30	10.81	9.08	0.105	0.052	-0.002
18641	0	0.0000	0	-6.435	-39.161	32.475	19.33	10.10	10.89	0.058	0.101	0.006
18648	0	0.0000	0	-6.323	-39.131	32.544	22.06	9.98	11.98	0.002	0.113	0.002
18655	0	0.0000	0	-6.219	-39.099	32.605	24.07	10.01	12.79	-0.015	0.110	0.013
18662	0	0.0000	0	-6.130	-39.062	32.647	25.42	11.48	13.57	-0.048	0.070	0.004
18669	0	0.0000	0	-6.059	-39.020	32.669	25.10	13.24	14.03	-0.027	0.004	0.014
18676	0	0.0000	0	-6.006	-38.975	32.672	24.09	16.71	14.21	-0.004	-0.068	0.009
18683	0	0.0000	0	-5.965	-38.928	32.662	22.72	20.50	14.11	0.030	-0.132	0.027
18690	0	0.0000	0	-5.924	-38.881	32.652	21.73	23.87	13.85	0.046	-0.168	0.030
18697	0	0.0000	0	-5.869	-38.833	32.654	21.31	25.21	13.89	0.057	-0.163	0.039
18704	0	0.0000	0	-5.795	-38.784	32.672	21.56	26.38	13.95	0.036	-0.099	0.038
18711	0	0.0000	0	-5.703	-38.741	32.710	22.47	25.72	14.33	0.016	-0.020	0.005
18718	0	0.0000	0	-5.610	-38.705	32.757	23.36	24.71	14.55	-0.017	0.060	0.006
18725	0	0.0000	0	-5.524	-38.673	32.801	23.64	24.11	15.08	-0.012	0.135	0.004
18732	0	0.0000	0	-5.455	-38.645	32.835	23.12	24.22	15.28	-0.013	0.162	-0.015
18739	0	0.0000	0	-5.410	-38.620	32.850	22.16	24.63	15.62	-0.000	0.156	-0.020
18746	0	0.0000	0	-5.380	-38.591	32.848	20.14	25.89	15.85	0.050	0.140	-0.018
18753	0	0.0000	0	-5.364	-38.560	32.832	17.72	27.59	15.73	0.077	0.095	-0.022
18760	0	0.0000	0	-5.354	-38.524	32.806	15.24	29.44	15.51	0.090	0.026	-0.005
18767	0	0.0000	0	-5.337	-38.480	32.778	13.12	30.57	15.34	0.100	-0.024	0.012
18774	0	0.0000	0	-5.311	-38.432	32.754	12.00	30.75	15.44	0.086	-0.047	0.012
18781	0	0.0000	0	-5.277	-38.378	32.732	11.09	30.82	15.33	0.062	-0.049	0.028
18789	0	0.0000	0	-5.235	-38.321	32.713	11.00	29.19	15.25	0.002	-0.043	0.030
18796	0	0.0000	0	-5.200	-38.267	32.691	11.49	27.80	14.46	-0.046	-0.008	0.039
18802	0	0.0000	0	-5.181	-38.219	32.661	11.38	26.51	13.86	-0.089	0.005	0.055
18810	0	0.0000	0	-5.191	-38.178	32.612	10.52	25.70	12.35	-0.097	0.027	0.079
18816	0	0.0000	0	-5.238	-38.148	32.543	8.62	25.84	11.27	-0.082	0.004	0.082
18824	0	0.0000	0	-5.323	-38.130	32.450	5.72	26.14	10.27	-0.040	-0.011	0.063
18831	0	0.0000	0	-5.427	-38.125	32.354	2.85	26.02	9.45	-0.008	0.007	0.059
18838	0	0.0000	0	-5.541	-38.129	32.257	1.04	25.97	8.88	0.040	0.018	0.045
18845	0	0.0000	0	-5.656	-38.136	32.162	-0.22	24.34	7.86	0.047	0.045	0.032
18852	0	0.0000	0	-5.752	-38.143	32.085	-0.40	21.63	6.63	0.033	0.086	0.005
18859	0	0.0000	0	-5.830	-38.148	32.021	-0.08	18.20	5.18	0.010	0.130	-0.007
18866	0	0.0000	0	-5.901	-38.149	31.960	0.30	14.73	4.04	-0.021	0.156	-0.020
18873	0	0.0000	0	-5.970	-38.151	31.900	0.07	12.05	2.83	-0.041	0.143	-0.045
18880	0	0.0000	0	-6.042	-38.150	31.837	-0.65	10.35	2.08	-0.028	0.123	-0.035
18887	0	0.0000	0	-6.115	-38.146	31.767	-2.05	8.80	0.69	-0.006	0.057	-0.041
18894	0	0.0000	0	-6.191	-38.137	31.692	-3.87	7.86	-0.35	0.016	0.026	-0.060
18901	0	0.0000	0	-6.258	-38.123	31.620	-5.24	6.26	-1.18	0.029	-0.031	-0.042
18908	0	0.0000	0	-6.317	-38.108	31.553	-6.02	4.69	-1.90	0.016	-0.058	-0.038
18915	0	0.0000	0	-6.349	-38.090	31.507	-6.08	2.59	-3.23	0.005	-0.079	-0.017
18922	0	0.0000	0	-6.367	-38.071	31.473	-5.92	0.36	-4.86	-0.026	-0.088	-0.014
18930	0	0.0000	0	-6.377	-38.056	31.449	-5.53	-2.47	-6.32	-0.036	-0.085	0.025
18937	0	0.0000	0	-6.389	-38.048	31.431	-5.48	-5.37	-7.07	-0.058	-0.072	0.024
18944	0	0.0000	0	-6.407	-38.048	31.415	-5.87	-6.89	-7.38	-0.041	-0.064	0.014
18951	0	0.0000	0	-6.440	-38.059	31.397	-7.32	-8.45	-7.65	-0.016	-0.060	0.008
18957	0	0.0000	0	-6.483	-38.079	31.379	-9.02	-9.30	-7.64	0.008	-0.046	-0.005
18965	0	0.0000	0	-6.530	-38.101	31.360	-10.25	-10.39	-7.96	0.036	-0.024	-0.014
18972	0	0.0000	0	-6.569	-38.124	31.347	-10.81	-11.37	-8.85	0.033	-0.004	-0.023
18979	0	0.0000	0	-6.599	-38.144	31.340	-11.41	-12.18	-9.23	0.035	0.021	-0.025
18986	0	0.0000	0	-6.613	-38.161	31.344	-11.14	-13.71	-9.98	0.014	0.052	-0.021
18993	0	0.0000	0	-6.621	-38.178	31.354	-10.99	-14.77	-10.87	0.001	0.068	-0.020
19000	0	0.0000	0	-6.619	-38.195	31.372	-10.17	-16.49	-11.55	-0.025	0.082	-0.014
19007	0	0.0000	0	-6.613	-38.215	31.396	-9.31	-18.87	-11.94	-0.069	0.100	-0.021
19014	0	0.0000	0	-6.609	-38.236	31.421	-9.12	-19.97	-12.09	-0.063	0.080	-0.010
19021	0	0.0000	0	-6.606	-38.256	31.443	-9.15	-20.74	-12.87	-0.049	0.044	-0.007
19028	0	0.0000	0	-6.615	-38.280	31.459	-9.26	-21.22	-13.35	-0.045	-0.001	0.013
19036	0	0.0000	0	-6.628	-38.306	31.472	-10.10	-21.15	-14.05	-0.010	-0.064	0.013
19043	0	0.0000	0	-6.642	-38.330	31.483	-11.07	-20.54	-14.65	0.019	-0.116	0.017
19050	0	0.0000	0	-6.641	-38.350	31.503	-11.65	-20.21	-14.93	0.045	-0.145	0.014
19057	0	0.0000	0	-6.632	-38.370	31.532	-11.72	-20.31	-15.28	0.046	-0.137	0.025
19064	0	0.0000	0	-6.605	-38.388	31.572	-11.19	-20.94	-15.39	0.024	-0.130	0.011
19071	0	0.0000	0	-6.560	-38.402	31.626	-9.89	-22.07	-16.00	0.011	-0.077	-0.002
19078	0	0.0000	0	-6.513	-38.415	31.680	-8.49	-23.37	-16.09	-0.022	-0.027	-0.011
19085	0	0.0000	0	-6.462	-38.426	31.735	-7.65	-24.05	-15.82	-0.028	0.026	-0.027
19092	0	0.0000	0	-6.419	-38.438	31.784	-7.32	-24.07	-16.35	-0.034	0.057	-0.026
19099	0	0.0000	0	-6.385	-38.449	31.825	-7.85	-23.55	-16.87	0.002	0.052	-0.022
19106	0	0.0000	0	-6.365	-38.461	31.854	-8.65	-22.55	-17.07	0.018	0.052	-0.007
19113	0	0.0000	0	-6.349	-38.473	31.880	-10.04	-21.16	-17.07	0.041	0.029	-0.017
19120	0	0.0000	0	-6.332	-38.486	31.908	-10.65	-20.34	-16.85	0.051	0.009	-0.012
19127	0	0.0000	0	-6.300	-38.497	31.947	-11.08	-20.24	-16.32	0.043	-0.004	-0.007
19134	0	0.0000	0	-6.246	-38.502	31.999	-10.38	-20.74	-15.78	0.020	0.015	-0.005
19141	0	0.0000	0	-6.182	-38.505	32.059	-9.11	-22.09	-15.48	-0.009	0.037	0.005
19148	0	0.0000	0	-6.109	-38.506	32.124	-8.06	-22.85	-15.03	-0.051	0.039	-0.003
19155	0	0.0000	0	-6.038	-38.504	32.185	-7.69	-23.47	-14.88	-0.063	0.034	-0.003
19162	0	0.0000	0	-5.979	-38.503	32.236	-7.84	-23.50	-13.96	-0.059	0.020	-0.009
19169	0	0.0000	0	-5.942	-38.504	32.269	-8.81	-22.84	-13.13	-0.027	-0.025	-0.006
19176	0	0.0000	0	-5.912	-38.507	32.298	-10.04	-22.81	-12.34	0.003	-0.035	-0.003
19183	0	0.0000	0	-5.890	-38.509	32.320	-10.86	-22.07	-11.43	0.014	-0.051	-0.022
19190	0	0.0000	0	-5.864	-38.511	32.345	-11.32	-22.32	-10.91	0.032	-0.041	-0.005
19197	0	0.0000	0	-5.835	-38.514	32.374	-11.49	-22.23	-10.74	0.037	-0.024	0.018
19205	0	0.0000	0	-5.806	-38.521	32.405	-11.34	-22.41	-11.02	0.035	-0.014	0.022
19212	0	0.0000	0	-5.778	-38.529	32.438	-11.51	-22.20	-11.58	0.026	-0.018	0.033
19219	0	0.0000	0	-5.751	-38.547	32.479	-11.90	-22.39	-11.43	0.027	0.001	0.042
19226	0	0.0000	0	-5.729	-38.571	32.522	-12.81	-22.75	-11.10	0.030	0.010	-0.000
19233	0	0.0000	0	-5.719	-38.606	32.565	-14.50	-22.77	-9.82	0.028	0.035	0.001
19240	0	0.0000	0	-5.709	-38.646	32.612	-15.79	-23.41	-8.64	0.038	0.058	-0.028
19247	0	0.0000	0	-5.698	-38.686	32.661	-16.79	-24.09	-8.02	0.028	0.071	-0.030
19254	0	0.0000	0	-5.681	-38.722	32.710	-17.56	-24.36	-7.50	0.014	0.051	-0.019
19261	0	0.0000	0	-5.669	-38.758	32.757	-18.25	-24.51	-7.40	-0.018	0.055	-0.009
19268	0	0.0000	0	-5.652	-38.789	32.802	-19.09	-24.62	-7.50	-0.020	0.019	-0.005
19275	0	0.0000	0	-5.643	-38.818	32.838	-20.23	-23.90	-7.82	-0.022	-0.023	0.014
19282	0	0.0000	0	-5.645	-38.848	32.866	-21.79	-22.80	-8.63	-0.015	-0.068	0.027
19289	0	0.0000	0	-5.657	-38.880	32.887	-23.71	-21.64	-9.45	-0.003	-0.086	0.036
19296	0	0.0000	0	-5.683	-38.919	32.901	-24.54	-21.18	-9.93	0.012	-0.086	0.034
19303	0	0.0000	0	-5.714	-38.963	32.916	-25.86	-20.46	-10.17	0.016	-0.074	0.031
19310	0	0.0000	0	-5.761	-39.019	32.929	-27.28	-20.68	-10.55	0.010	-0.045	0.011
19317	0	0.0000	0	-5.815	-39.081	32.942	-28.03	-20.92	-10.61	0.009	-0.017	0.009
19325	0	0.0000	0	-5.882	-39.153	32.953	-28.31	-21.17	-10.93	-0.012	0.036	-0.009
19332	0	0.0000	0	-5.953	-39.222	32.959	-29.00	-21.79	-11.11	-0.018	0.051	-0.016
19339	0	0.0000	0	-6.039	-39.293	32.953	-29.70	-21.55	-11.38	-0.019	0.082	-0.012
19346	0	0.0000	0	-6.140	-39.365	32.933	-30.76	-20.59	-12.66	-0.025	0.065	-0.013
19353	0	0.0000	0	-6.249	-39.432	32.902	-31.60	-19.33	-13.81	-0.007	0.014	-0.004
19360	0	0.0000	0	-6.360	-39.496	32.867	-32.57	-17.78	-15.35	-0.017	-0.017	0.014
19367	0	0.0000	0	-6.471	-39.557	32.829	-32.78	-16.84	-16.40	0.004	-0.038	0.016
19374	0	0.0000	0	-6.575	-39.616	32.795	-33.52	-16.13	-16.80	0.006	-0.042	0.017
19381	0	0.0000	0	-6.671	-39.672	32.765	-33.49	-15.97	-16.89	-0.021	-0.042	0.002
19388	0	0.0000	0	-6.765	-39.728	32.737	-32.86	-16.82	-16.87	-0.038	-0.008	-0.015
19395	0	0.0000	0	-6.848	-39.780	32.714	-31.69	-17.95	-17.13	-0.045	0.006	-0.030
19402	0	0.0000	0	-6.928	-39.824	32.686	-30.82	-18.49	-17.24	-0.073	0.037	-0.029
19409	0	0.0000	0	-7.012	-39.863	32.651	-29.45	-19.27	-18.36	-0.074	0.017	-0.020
19416	0	0.0000	0	-7.109	-39.902	32.603	-29.16	-18.59	-19.33	-0.056	0.006	-0.011
19423	0	0.0000	0	-7.219	-39.939	32.543	-29.51	-17.68	-19.89	-0.031	-0.021	-0.009
19430	0	0.0000	0	-7.338	-39.979	32.476	-30.52	-16.64	-20.24	0.010	-0.033	0.004
19437	0	0.0000	0	-7.458	-40.018	32.409	-30.77	-16.60	-20.46	0.032	-0.034	0.011
19444	0	0.0000	0	-7.565	-40.054	32.350	-29.95	-16.74	-20.60	0.026	-0.008	0.005
19451	0	0.0000	0	-7.653	-40.085	32.303	-28.94	-17.34	-21.12	0.027	-0.001	0.000
19458	0	0.0000	0	-7.731	-40.116	32.264	-27.74	-18.00	-21.34	0.029	0.013	-0.016
19466	0	0.0000	0	-7.800	-40.146	32.233	-26.59	-18.56	-21.30	0.019	0.033	-0.014
19473	0	0.0000	0	-7.862	-40.173	32.205	-26.13	-18.80	-21.63	0.009	0.031	-0.023
19480	0	0.0000	0	-7.915	-40.200	32.184	-24.45	-19.82	-21.44	-0.011	0.041	-0.032
19487	0	0.0000	0	-7.967	-40.224	32.162	-23.53	-20.01	-21.64	-0.010	0.019	-0.020
19494	0	0.0000	0	-8.018	-40.247	32.140	-22.84	-19.79	-21.50	-0.020	0.004	-0.033
19501	0	0.0000	0	-8.063	-40.268	32.120	-21.93	-19.59	-21.22	-0.011	-0.015	-0.019
19508	0	0.0000	0	-8.104	-40.288	32.104	-21.64	-19.46	-20.92	0.001	-0.029	-0.022
19515	0	0.0000	0	-8.135	-40.307	32.094	-21.59	-18.85	-20.83	0.009	-0.051	0.002
19522	0	0.0000	0	-8.153	-40.322	32.093	-21.12	-17.99	-20.58	0.016	-0.065	-0.002
19529	0	0.0000	0	-8.158	-40.334	32.101	-20.19	-17.47	-19.70	0.008	-0.067	0.015
19536	0	0.0000	0	-8.155	-40.347	32.116	-19.81	-17.19	-19.51	-0.013	-0.038	0.011
19543	0	0.0000	0	-8.138	-40.358	32.142	-17.76	-17.51	-18.70	-0.008	-0.012	0.011
19550	0	0.0000	0	-8.117	-40.368	32.170	-15.77	-18.22	-17.77	-0.040	0.031	-0.000
19557	0	0.0000	0	-8.097	-40.375	32.194	-13.65	-18.43	-16.60	-0.040	0.050	-0.024
19564	0	0.0000	0	-8.091	-40.383	32.207	-12.29	-18.14	-14.76	-0.049	0.070	-0.028
19571	0	0.0000	0	-8.099	-40.389	32.206	-11.39	-16.92	-13.72	-0.025	0.046	-0.029
19578	0	0.0000	0	-8.117	-40.393	32.195	-10.52	-16.06	-13.13	-0.011	0.021	-0.035
19585	0	0.0000	0	-8.149	-40.397	32.170	-10.53	-14.11	-11.36	0.017	-0.012	-0.050
19592	0	0.0000	0	-8.172	-40.396	32.149	-10.08	-12.31	-10.01	0.038	-0.042	-0.050
19599	0	0.0000	0	-8.189	-40.394	32.131	-9.24	-10.63	-8.51	0.051	-0.056	-0.032
19606	0	0.0000	0	-8.193	-40.389	32.124	-8.04	-10.15	-7.77	0.034	-0.066	0.019
19613	0	0.0000	0	-8.167	-40.377	32.135	-5.13	-7.85	-9.80	-0.006	-0.075	0.061
19620	0	0.0000	0	-8.139	-40.377	32.160	-3.51	-6.95	-8.20	-0.002	-0.045	0.059
19628	0	0.0000	0	-8.096	-40.380	32.200	-1.60	-6.42	-6.72	-0.018	0.006	0.029
19635	0	0.0000	0	-8.060	-40.395	32.247	0.16	-8.13	-2.98	-0.017	0.062	-0.013
19642	0	0.0000	0	-8.029	-40.415	32.293	1.72	-8.86	0.11	-0.019	0.103	-0.031
19649	0	0.0000	0	-7.997	-40.429	32.335	2.82	-8.53	0.79	-0.005	0.087	-0.025
19656	0	0.0000	0	-7.970	-40.436	32.366	3.49	-6.31	1.71	0.014	0.054	-0.008
19663	0	0.0000	0	-7.944	-40.435	32.387	4.27	-3.20	1.20	0.035	-0.001	0.037
19670	0	0.0000	0	-7.922	-40.431	32.403	5.29	-0.41	0.45	0.028	-0.055	0.064
19677	0	0.0000	0	-7.898	-40.423	32.417	6.16	1.35	0.57	0.039	-0.080	0.050
19684	0	0.0000	0	-7.873	-40.417	32.433	6.59	1.96	1.43	0.030	-0.067	0.048
19691	0	0.0000	0	-7.840	-40.413	32.457	7.70	2.49	2.23	0.025	-0.038	0.006
19698	0	0.0000	0	-7.808	-40.407	32.480	8.90	2.55	3.50	0.012	0.001	0.000
19705	0	0.0000	0	-7.772	-40.401	32.506	10.28	3.18	3.71	-0.003	0.010	-0.009
19712	0	0.0000	0	-7.729	-40.388	32.531	11.21	3.90	3.65	-0.014	0.027	-0.015
19719	0	0.0000	0	-7.693	-40.372	32.547	12.05	5.21	3.40	-0.037	0.029	-0.004
19726	0	0.0000	0	-7.664	-40.356	32.557	13.03	6.19	3.35	-0.030	0.036	0.006
19733	0	0.0000	0	-7.637	-40.338	32.564	13.52	7.40	3.44	-0.021	0.030	-0.008
19740	0	0.0000	0	-7.613	-40.321	32.568	14.08	8.26	4.13	-0.004	0.020	-0.011
19747	0	0.0000	0	-7.586	-40.303	32.574	14.21	8.82	4.60	-0.004	0.002	-0.020
19754	0	0.0000	0	-7.553	-40.282	32.582	15.36	9.47	5.34	0.010	0.022	-0.025
19761	0	0.0000	0	-7.513	-40.257	32.593	16.46	9.91	5.60	0.015	0.008	-0.019
19768	0	0.0000	0	-7.465	-40.229	32.608	17.83	10.31	5.41	0.001	-0.006	-0.005
19775	0	0.0000	0	-7.415	-40.200	32.624	18.72	10.87	5.44	0.007	0.002	0.002
19782	0	0.0000	0	-7.361	-40.170	32.642	19.95	10.92	5.75	-0.004	-0.016	0.006
19789	0	0.0000	0	-7.310	-40.141	32.659	20.97	10.89	6.34	0.007	-0.010	0.003
19796	0	0.0000	0	-7.258	-40.109	32.674	21.87	11.46	7.42	0.027	-0.021	-0.012
19803	0	0.0000	0	-7.205	-40.076	32.689	21.98	11.53	8.61	0.030	-0.026	-0.022
19810	0	0.0000	0	-7.150	-40.042	32.704	21.93	11.83	9.42	0.050	-0.015	-0.024
19817	0	0.0000	0	-7.087	-40.001	32.719	22.01	12.41	10.34	0.066	-0.006	-0.033
19824	0	0.0000	0	-7.014	-39.956	32.739	22.29	12.68	11.38	0.042	0.014	-0.040
19831	0	0.0000	0	-6.937	-39.908	32.760	22.98	12.63	11.59	0.042	0.017	-0.006
19838	0	0.0000	0	-6.851	-39.855	32.785	24.00	12.33	12.14	0.031	0.029	0.011
19845	0	0.0000	0	-6.760	-39.802	32.812	24.41	12.44	12.24	-0.005	0.034	0.027
19852	0	0.0000	0	-6.671	-39.752	32.842	25.33	12.08	12.65	-0.020	0.053	0.036
19859	0	0.0000	0	-6.590	-39.706	32.869	25.45	12.04	12.78	-0.020	0.038	0.042
19866	0	0.0000	0	-6.519	-39.667	32.894	25.22	11.96	13.73	-0.025	0.025	0.026
19874	0	0.0000	0	-6.454	-39.634	32.919	24.56	11.87	14.58	-0.003	0.005	0.006
19881	0	0.0000	0	-6.396	-39.608	32.944	24.11	11.49	15.41	-0.002	0.007	-0.008
19888	0	0.0000	0	-6.338	-39.586	32.974	23.13	11.71	16.07	0.025	0.003	-0.011
19895	0	0.0000	0	-6.274	-39.564	33.010	22.81	10.95	16.94	0.026	-0.028	-0.012
19902	0	0.0000	0	-6.204	-39.542	33.049	22.88	10.04	17.24	0.001	-0.015	-0.012
19909	0	0.0000	0	-6.128	-39.520	33.095	23.46	9.08	17.41	0.006	-0.011	-0.009
19916	0	0.0000	0	-6.044	-39.496	33.145	24.25	7.73	17.34	-0.026	0.011	0.021
19923	0	0.0000	0	-5.966	-39.473	33.192	24.74	6.91	17.04	-0.029	0.015	0.023
19930	0	0.0000	0	-5.897	-39.453	33.232	24.71	6.53	16.92	-0.043	0.001	0.019
19937	0	0.0000	0	-5.842	-39.436	33.265	24.06	6.44	16.91	-0.011	-0.019	0.029
19944	0	0.0000	0	-5.792	-39.421	33.294	23.44	6.66	16.79	0.012	-0.023	0.015
19951	0	0.0000	0	-5.749	-39.408	33.319	22.51	6.99	16.86	0.038	-0.032	0.027
19958	0	0.0000	0	-5.700	-39.396	33.350	21.82	7.10	16.70	0.024	-0.032	0.031
19965	0	0.0000	0	-5.645	-39.382	33.385	21.76	6.90	16.33	0.025	-0.007	0.023
19971	0	0.0000	0	-5.578	-39.367	33.430	21.97	6.74	16.17	0.010	-0.008	0.014
19978	0	0.0000	0	-5.510	-39.355	33.478	22.48	5.93	16.05	-0.011	0.025	0.005
19985	0	0.0000	0	-5.438	-39.344	33.530	23.21	5.03	16.01	-0.020	0.037	-0.006
19993	0	0.0000	0	-5.368	-39.333	33.581	23.45	4.75	15.74	-0.030	0.024	-0.014
19999	0	0.0000	0	-5.306	-39.323	33.626	23.21	4.98	15.63	-0.029	0.021	-0.023
20006	0	0.0000	0	-5.254	-39.316	33.666	22.43	5.42	15.12	-0.006	0.004	-0.024
20014	0	0.0000	0	-5.207	-39.312	33.703	21.23	6.17	15.26	0.001	-0.021	-0.031
20021	0	0.0000	0	-5.162	-39.307	33.738	20.25	7.25	14.63	0.026	-0.048	-0.007
20028	0	0.0000	0	-5.108	-39.300	33.778	19.62	7.96	13.70	0.040	-0.049	-0.011
20035	0	0.0000	0	-5.040	-39.288	33.826	19.40	7.93	13.42	0.023	-0.035	0.008
20042	0	0.0000	0	-4.955	-39.272	33.886	20.16	6.80	12.63	0.026	0.001	0.013
20048	0	0.0000	0	-4.864	-39.255	33.950	20.88	5.75	12.11	-0.005	0.040	0.039
20055	0	0.0000	0	-4.775	-39.240	34.013	21.40	4.81	11.69	-0.011	0.055	0.047
20062	0	0.0000	0	-4.691	-39.226	34.073	21.08	4.40	11.47	-0.015	0.046	0.056
20069	0	0.0000	0	-4.620	-39.214	34.124	21.13	4.39	11.11	-0.010	0.016	0.046
20076	0	0.0000	0	-4.560	-39.202	34.164	19.87	5.06	10.32	0.010	-0.011	0.040
20084	0	0.0000	0	-4.506	-39.188	34.199	18.78	6.06	9.68	0.031	-0.036	0.027
20090	0	0.0000	0	-4.459	-39.173	34.226	17.55	7.20	8.92	0.050	-0.052	0.013
20097	0	0.0000	0	-4.409	-39.155	34.252	16.81	7.83	8.61	0.049	-0.070	0.001
20104	0	0.0000	0	-4.358	-39.136	34.279	16.08	8.33	7.99	0.068	-0.078	-0.018
20111	0	0.0000	0	-4.297	-39.112	34.309	15.27	8.60	7.58	0.073	-0.058	-0.024
20118	0	0.0000	0	-4.232	-39.086	34.341	14.64	8.25	6.97	0.044	-0.019	-0.039
20126	0	0.0000	0	-4.160	-39.057	34.375	14.56	8.14	6.00	0.006	0.014	-0.031
20133	0	0.0000	0	-4.094	-39.028	34.405	14.46	7.62	5.56	-0.017	0.065	-0.041
20140	0	0.0000	0	-4.032	-38.998	34.431	14.47	7.55	4.46	-0.041	0.074	-0.026
20147	0	0.0000	0	-3.982	-38.970	34.448	13.53	7.80	3.67	-0.050	0.070	-0.012
20154	0	0.0000	0	-3.944	-38.947	34.459	12.47	8.30	2.54	-0.045	0.065	0.002
20160	0	0.0000	0	-3.916	-38.926	34.464	11.46	8.85	1.62	-0.030	0.058	0.008
20167	0	0.0000	0	-3.892	-38.909	34.467	9.95	9.32	0.97	-0.013	0.022	0.026
20174	0	0.0000	0	-3.868	-38.895	34.474	8.37	9.68	0.29	0.010	0.010	0.028
20181	0	0.0000	0	-3.841	-38.881	34.485	7.48	9.25	-0.30	0.017	-0.012	0.031
20188	0	0.0000	0	-3.806	-38.867	34.502	7.17	8.58	-0.27	0.018	-0.009	0.028
20195	0	0.0000	0	-3.759	-38.848	34.525	7.01	7.34	-0.99	0.003	-0.001	0.015
20202	0	0.0000	0	-3.714	-38.828	34.545	6.93	6.12	-1.59	0.000	-0.014	-0.005
20209	0	0.0000	0	-3.675	-38.804	34.556	6.20	5.58	-2.22	-0.004	-0.017	0.003
20216	0	0.0000	0	-3.648	-38.778	34.555	5.48	5.69	-2.88	-0.009	-0.023	-0.003
20223	0	0.0000	0	-3.631	-38.752	34.544	4.43	5.54	-3.47	0.003	-0.049	-0.004
20230	0	0.0000	0	-3.622	-38.722	34.523	2.90	5.99	-3.98	0.023	-0.041	-0.016
20237	0	0.0000	0	-3.622	-38.692	34.494	1.32	6.72	-4.29	0.036	-0.058	-0.033
20244	0	0.0000	0	-3.620	-38.661	34.465	-0.24	6.54	-4.56	0.036	-0.030	-0.048
20251	0	0.0000	0	-3.616	-38.628	34.438	-0.72	6.32	-4.70	0.028	-0.018	-0.045
20258	0	0.0000	0	-3.602	-38.593	34.415	-1.15	5.53	-5.07	-0.008	0.033	-0.042
20265	0	0.0000	0	-3.584	-38.559	34.398	-0.67	3.97	-5.26	-0.040	0.059	-0.052
20272	0	0.0000	0	-3.567	-38.530	34.384	-0.32	2.28	-5.40	-0.058	0.094	-0.027
20279	0	0.0000	0	-3.559	-38.506	34.369	-0.03	1.06	-5.85	-0.069	0.117	-0.034
20286	0	0.0000	0	-3.562	-38.489	34.349	-0.02	0.59	-5.81	-0.068	0.105	-0.024
20293	0	0.0000	0	-3.581	-38.482	34.326	-0.63	-0.43	-5.54	-0.073	0.082	-0.022
20300	0	0.0000	0	-3.614	-38.483	34.297	-1.52	-0.76	-5.18	-0.036	0.046	-0.012
20307	0	0.0000	0	-3.652	-38.488	34.269	-2.66	-1.20	-4.76	0.002	0.016	-0.009
20314	0	0.0000	0	-3.689	-38.495	34.243	-3.51	-1.52	-4.65	0.029	-0.028	0.002
20321	0	0.0000	0	-3.715	-38.501	34.226	-3.30	-2.12	-4.04	0.044	-0.060	0.011
20328	0	0.0000	0	-3.724	-38.499	34.216	-3.22	-3.07	-4.13	0.025	-0.061	0.029
20335	0	0.0000	0	-3.715	-38.494	34.219	-2.02	-4.94	-4.19	0.005	-0.066	0.035
20342	0	0.0000	0	-3.694	-38.484	34.228	-0.78	-6.57	-4.44	-0.015	-0.044	0.045
20349	0	0.0000	0	-3.670	-38.474	34.239	-0.13	-7.43	-4.96	-0.029	-0.032	0.044
20357	0	0.0000	0	-3.653	-38.464	34.244	0.59	-8.11	-5.22	-0.030	-0.034	0.047
20364	0	0.0000	0	-3.646	-38.456	34.243	0.31	-8.52	-5.37	-0.027	-0.033	0.031
20371	0	0.0000	0	-3.648	-38.452	34.237	-0.39	-7.99	-5.20	0.014	-0.047	0.010
20378	0	0.0000	0	-3.652	-38.451	34.233	-1.33	-7.77	-4.90	0.036	-0.030	-0.010
20385	0	0.0000	0	-3.653	-38.452	34.232	-1.87	-7.51	-4.73	0.055	-0.016	-0.027
20392	0	0.0000	0	-3.641	-38.450	34.241	-1.91	-8.11	-4.20	0.048	0.010	-0.041
20399	0	0.0000	0	-3.610	-38.443	34.262	-1.38	-8.91	-4.14	0.020	0.047	-0.030
20406	0	0.0000	0	-3.568	-38.437	34.293	-0.48	-9.90	-4.36	0.009	0.053	-0.021
20413	0	0.0000	0	-3.511	-38.427	34.334	0.72	-11.02	-4.87	-0.041	0.072	-0.010
20420	0	0.0000	0	-3.459	-38.420	34.372	1.48	-11.33	-5.00	-0.057	0.044	-0.010
20427	0	0.0000	0	-3.417	-38.419	34.408	1.68	-11.73	-5.23	-0.074	0.022	0.009
20434	0	0.0000	0	-3.383	-38.420	34.439	1.38	-11.49	-5.17	-0.054	-0.020	0.007
20441	0	0.0000	0	-3.358	-38.426	34.467	1.17	-11.29	-5.05	-0.040	-0.025	0.003
20448	0	0.0000	0	-3.339	-38.434	34.492	0.66	-11.15	-4.99	-0.027	-0.055	0.032
20455	0	0.0000	0	-3.316	-38.442	34.519	0.31	-10.85	-4.95	-0.021	-0.054	0.022
20462	0	0.0000	0	-3.285	-38.446	34.551	0.01	-10.77	-5.47	0.011	-0.068	0.050
20469	0	0.0000	0	-3.245	-38.446	34.586	0.68	-10.86	-6.15	0.027	-0.046	0.068
20476	0	0.0000	0	-3.198	-38.441	34.623	1.33	-10.71	-7.38	0.020	-0.033	0.078
20483	0	0.0000	0	-3.145	-38.433	34.662	1.68	-10.11	-8.33	0.030	-0.021	0.070
20490	0	0.0000	0	-3.092	-38.425	34.700	1.92	-9.83	-9.17	0.040	-0.002	0.060
20497	0	0.0000	0	-3.043	-38.417	34.736	1.70	-9.09	-9.47	0.046	0.016	0.045
20504	0	0.0000	0	-2.996	-38.410	34.770	1.37	-8.74	-9.71	0.050	0.021	0.003
20511	0	0.0000	0	-2.948	-38.401	34.804	1.14	-8.27	-9.32	0.057	0.014	-0.042
20518	0	0.0000	0	-2.893	-38.388	34.839	1.03	-8.07	-9.29	0.047	0.029	-0.066
20525	0	0.0000	0	-2.838	-38.373	34.873	0.95	-7.73	-9.03	0.026	0.030	-0.086
20532	0	0.0000	0	-2.772	-38.350	34.909	2.06	-7.84	-9.40	0.003	0.032	-0.095
20539	0	0.0000	0	-2.700	-38.320	34.943	2.69	-7.42	-9.92	-0.047	0.033	-0.095
20546	0	0.0000	0	-2.632	-38.288	34.971	3.06	-7.43	-10.37	-0.067	0.024	-0.056
20553	0	0.0000	0	-2.570	-38.255	34.995	3.43	-6.97	-10.69	-0.071	0.006	-0.043
20560	0	0.0000	0	-2.516	-38.227	35.015	3.67	-6.40	-11.07	-0.076	-0.016	-0.029
20567	0	0.0000	0	-2.466	-38.200	35.032	3.53	-5.93	-10.77	-0.048	-0.024	-0.021
20574	0	0.0000	0	-2.424	-38.177	35.046	3.09	-5.42	-10.52	-0.033	-0.017	0.010
20581	0	0.0000	0	-2.387	-38.156	35.059	2.94	-5.47	-10.31	0.021	-0.013	0.032
20588	0	0.0000	0	-2.345	-38.133	35.074	2.51	-5.20	-9.95	0.029	-0.006	0.036
20595	0	0.0000	0	-2.298	-38.107	35.090	2.63	-5.24	-9.82	0.046	-0.006	0.045
20602	0	0.0000	0	-2.243	-38.078	35.110	3.11	-5.18	-9.51	0.037	0.007	0.037
20609	0	0.0000	0	-2.182	-38.045	35.131	3.75	-5.29	-9.62	0.033	0.008	0.054
20616	0	0.0000	0	-2.112	-38.007	35.155	4.31	-5.50	-9.65	0.018	0.011	0.043
20623	0	0.0000	0	-2.045	-37.969	35.177	4.98	-5.46	-9.10	-0.001	0.032	0.016
20630	0	0.0000	0	-1.978	-37.931	35.199	5.49	-5.57	-8.87	-0.001	0.013	-0.002
20637	0	0.0000	0	-1.920	-37.897	35.218	5.90	-5.45	-8.32	-0.015	0.003	-0.019
20644	0	0.0000	0	-1.864	-37.864	35.235	5.88	-5.19	-7.72	-0.008	-0.024	-0.050
20651	0	0.0000	0	-1.812	-37.835	35.252	5.91	-4.70	-7.40	-0.005	-0.019	-0.057
20658	0	0.0000	0	-1.761	-37.806	35.269	5.75	-4.58	-6.94	-0.007	-0.028	-0.061
20665	0	0.0000	0	-1.707	-37.777	35.288	6.03	-4.55	-6.40	-0.001	-0.027	-0.059
20673	0	0.0000	0	-1.650	-37.750	35.312	6.20	-4.92	-5.56	0.002	-0.011	-0.056
20680	0	0.0000	0	-1.590	-37.723	35.338	6.64	-5.55	-4.64	-0.011	-0.001	-0.038
20687	0	0.0000	0	-1.526	-37.696	35.369	7.13	-6.06	-4.20	-0.004	0.020	-0.035
20694	0	0.0000	0	-1.456	-37.666	35.401	7.63	-6.52	-3.80	-0.025	0.021	0.000
20701	0	0.0000	0	-1.385	-37.633	35.431	8.25	-6.95	-3.46	-0.032	0.021	0.038
20708	0	0.0000	0	-1.319	-37.602	35.460	8.67	-6.99	-2.90	-0.024	0.019	0.059
20715	0	0.0000	0	-1.256	-37.572	35.485	8.67	-6.87	-2.70	-0.016	0.011	0.065
20722	0	0.0000	0	-1.195	-37.542	35.510	8.45	-6.58	-2.24	0.005	-0.002	0.078
20729	0	0.0000	0	-1.139	-37.516	35.534	8.01	-6.04	-1.71	0.031	-0.014	0.071
20736	0	0.0000	0	-1.081	-37.492	35.561	7.58	-5.65	-0.72	0.056	-0.026	0.057
20743	0	0.0000	0	-1.020	-37.470	35.594	7.21	-5.46	-0.01	0.070	-0.023	0.008
20750	0	0.0000	0	-0.952	-37.448	35.633	7.01	-5.42	0.89	0.054	-0.008	-0.030
20757	0	0.0000	0	-0.879	-37.429	35.678	7.44	-5.52	1.83	0.050	0.010	-0.040
20764	0	0.0000	0	-0.801	-37.409	35.728	7.39	-5.64	2.74	0.022	0.020	-0.073
20771	0	0.0000	0	-0.728	-37.393	35.776	7.18	-5.61	3.46	0.011	0.029	-0.068
20778	0	0.0000	0	-0.651	-37.377	35.828	6.90	-5.26	4.33	-0.007	0.031	-0.070
20785	0	0.0000	0	-0.584	-37.365	35.876	7.01	-5.37	4.66	-0.009	0.017	-0.054
20792	0	0.0000	0	-0.520	-37.354	35.921	6.24	-4.76	5.35	-0.026	-0.001	-0.018
20799	0	0.0000	0	-0.464	-37.346	35.962	5.95	-4.00	5.93	-0.028	-0.019	-0.002
20806	0	0.0000	0	-0.417	-37.342	36.000	5.32	-3.26	6.77	-0.020	-0.038	0.028
20813	0	0.0000	0	-0.375	-37.340	36.035	4.47	-2.56	7.03	-0.010	-0.052	0.034
20820	0	0.0000	0	-0.339	-37.339	36.065	4.06	-2.15	7.45	0.001	-0.058	0.061
20827	0	0.0000	0	-0.306	-37.339	36.095	3.49	-1.34	7.74	0.009	-0.061	0.070
20834	0	0.0000	0	-0.281	-37.345	36.123	2.86	-0.75	8.42	0.017	-0.064	0.080
20841	0	0.0000	0	-0.261	-37.354	36.149	2.13	-0.03	9.06	0.009	-0.033	0.067
20848	0	0.0000	0	-0.253	-37.367	36.169	1.92	0.24	9.41	0.014	-0.010	0.044
20855	0	0.0000	0	-0.252	-37.384	36.186	1.54	0.75	9.93	0.013	0.021	0.028
20863	0	0.0000	0	-0.259	-37.405	36.200	1.13	1.31	9.88	0.006	0.033	0.003
20870	0	0.0000	0	-0.276	-37.430	36.210	0.91	1.64	10.30	0.013	0.048	0.000
20877	0	0.0000	0	-0.302	-37.457	36.213	0.63	2.86	10.32	0.005	0.054	-0.029
20884	0	0.0000	0	-0.336	-37.489	36.214	0.26	3.28	10.05	-0.009	0.043	-0.056
20891	0	0.0000	0	-0.374	-37.521	36.213	-0.09	4.09	9.91	-0.008	0.023	-0.056
20898	0	0.0000	0	-0.418	-37.556	36.208	-0.10	4.82	9.61	-0.023	0.019	-0.067
20905	0	0.0000	0	-0.462	-37.592	36.203	-0.14	4.84	9.21	-0.024	0.006	-0.038
20912	0	0.0000	0	-0.505	-37.625	36.199	0.34	4.95	8.72	-0.035	0.008	-0.019
20919	0	0.0000	0	-0.552	-37.660	36.191	0.76	4.93	8.53	-0.045	0.014	0.007
20925	0	0.0000	0	-0.598	-37.694	36.183	1.25	4.70	7.96	-0.042	0.012	0.031
20932	0	0.0000	0	-0.648	-37.726	36.171	1.39	5.05	7.46	-0.030	0.012	0.053
20939	0	0.0000	0	-0.700	-37.757	36.155	1.62	4.79	7.28	-0.015	-0.007	0.051
20946	0	0.0000	0	-0.754	-37.787	36.136	1.37	4.46	7.13	0.013	0.003	0.036
20953	0	0.0000	0	-0.805	-37.812	36.116	1.81	4.32	6.82	0.022	-0.006	0.039
20960	0	0.0000	0	-0.849	-37.830	36.095	2.37	4.34	6.14	0.013	-0.000	0.048
20968	0	0.0000	0	-0.888	-37.844	36.074	3.12	4.22	5.08	0.013	-0.022	0.025
20974	0	0.0000	0	-0.919	-37.852	36.055	4.21	4.50	4.14	-0.001	0.001	0.027
20981	0	0.0000	0	-0.946	-37.859	36.038	5.03	4.29	3.32	-0.021	-0.024	0.012
20988	0	0.0000	0	-0.968	-37.865	36.024	5.84	4.17	2.52	-0.012	-0.019	-0.001
20995	0	0.0000	0	-0.991	-37.873	36.013	6.35	4.00	2.08	-0.001	-0.030	-0.013
21002	0	0.0000	0	-1.014	-37.885	36.002	6.10	3.78	2.12	-0.004	-0.019	-0.043
21009	0	0.0000	0	-1.029	-37.893	35.997	6.19	3.74	1.75	0.007	-0.007	-0.050
21016	0	0.0000	0	-1.038	-37.899	35.996	5.98	3.47	1.91	0.024	0.014	-0.044
21023	0	0.0000	0	-1.033	-37.899	36.000	6.06	2.89	2.20	0.034	0.010	-0.049
21030	0	0.0000	0	-1.011	-37.890	36.011	6.32	2.25	2.16	0.027	0.023	-0.050
21037	0	0.0000	0	-0.976	-37.873	36.024	6.95	1.75	1.83	0.012	0.028	-0.020
21044	0	0.0000	0	-0.934	-37.850	36.040	7.39	1.11	1.70	0.005	0.028	-0.008
21051	0	0.0000	0	-0.885	-37.823	36.057	8.18	0.80	1.65	-0.022	0.022	-0.004
21058	0	0.0000	0	-0.835	-37.794	36.072	8.11	0.43	1.88	-0.024	0.018	0.004
21065	0	0.0000	0	-0.790	-37.766	36.084	8.06	0.43	1.61	-0.014	-0.007	0.019
21072	0	0.0000	0	-0.749	-37.740	36.096	7.89	0.24	1.76	-0.013	-0.026	0.012
21079	0	0.0000	0	-0.718	-37.721	36.103	7.53	0.30	1.73	0.026	-0.031	0.023
21086	0	0.0000	0	-0.691	-37.704	36.112	7.18	0.39	1.99	0.040	-0.041	0.023
21093	0	0.0000	0	-0.667	-37.692	36.121	6.81	0.47	2.50	0.048	-0.038	0.013
21100	0	0.0000	0	-0.645	-37.683	36.132	6.37	-0.08	2.64	0.067	-0.019	0.003
21107	0	0.0000	0	-0.620	-37.677	36.147	6.03	-0.22	3.45	0.067	0.006	-0.008
21114	0	0.0000	0	-0.591	-37.672	36.168	5.73	-0.83	4.04	0.055	0.015	-0.023
21121	0	0.0000	0	-0.556	-37.663	36.191	5.16	-0.83	4.39	0.043	0.042	-0.027
21128	0	0.0000	0	-0.516	-37.652	36.215	5.40	-1.07	4.50	0.017	0.058	-0.043
21135	0	0.0000	0	-0.476	-37.640	36.238	5.25	-1.21	4.79	-0.014	0.052	-0.023
21142	0	0.0000	0	-0.431	-37.624	36.263	5.30	-1.06	4.59	-0.042	0.043	-0.015
21149	0	0.0000	0	-0.398	-37.614	36.282	4.53	-0.61	5.12	-0.045	0.013	-0.011
21156	0	0.0000	0	-0.371	-37.607	36.298	3.29	0.19	5.14	-0.046	-0.006	0.002
21163	0	0.0000	0	-0.347	-37.601	36.314	2.78	0.75	5.19	-0.037	-0.031	0.008
21170	0	0.0000	0	-0.323	-37.598	36.332	1.64	1.11	5.98	-0.022	-0.040	0.019
21177	0	0.0000	0	-0.302	-37.600	36.353	0.65	1.22	6.86	-0.017	-0.057	0.010
21184	0	0.0000	0	-0.283	-37.604	36.373	0.05	1.14	7.22	-0.010	-0.043	0.018
21191	0	0.0000	0	-0.266	-37.611	36.395	-0.34	0.99	7.76	-0.005	-0.022	0.027
21199	0	0.0000	0	-0.251	-37.618	36.415	-0.74	0.86	7.98	0.002	-0.005	0.027
21206	0	0.0000	0	-0.243	-37.627	36.431	-0.91	0.84	7.96	-0.001	-0.017	0.029
21213	0	0.0000	0	-0.249	-37.641	36.439	-1.89	1.25	8.11	0.012	-0.005	0.022
21220	0	0.0000	0	-0.266	-37.659	36.442	-2.84	1.98	8.32	0.019	0.004	0.016
21227	0	0.0000	0	-0.303	-37.685	36.434	-4.19	2.75	8.58	0.030	-0.013	0.005
21234	0	0.0000	0	-0.349	-37.713	36.421	-5.14	3.24	8.73	0.035	-0.008	-0.016
21241	0	0.0000	0	-0.401	-37.743	36.405	-6.10	3.95	9.09	0.037	0.003	-0.023
21248	0	0.0000	0	-0.454	-37.775	36.389	-7.11	4.09	9.32	0.037	0.017	-0.017
21254	0	0.0000	0	-0.506	-37.805	36.372	-7.56	4.24	9.30	0.019	0.032	-0.019
21261	0	0.0000	0	-0.561	-37.837	36.356	-7.70	4.26	9.31	-0.022	0.040	-0.015
21268	0	0.0000	0	-0.614	-37.869	36.339	-7.98	4.32	9.12	-0.044	0.045	-0.009
21276	0	0.0000	0	-0.680	-37.906	36.318	-8.50	4.43	9.31	-0.027	0.022	-0.016
21283	0	0.0000	0	-0.749	-37.944	36.294	-9.22	4.55	9.70	-0.041	0.015	-0.029
21290	0	0.0000	0	-0.829	-37.986	36.264	-9.97	4.64	10.04	-0.024	0.007	-0.029
21297	0	0.0000	0	-0.914	-38.029	36.232	-10.22	4.72	10.21	-0.006	-0.001	-0.018
21303	0	0.0000	0	-1.004	-38.074	36.196	-10.76	4.95	10.10	0.002	-0.036	0.001
21310	0	0.0000	0	-1.099	-38.121	36.158	-11.61	5.02	9.82	0.019	-0.027	0.014
21317	0	0.0000	0	-1.197	-38.168	36.117	-11.98	4.90	9.36	0.026	-0.047	0.024
21324	0	0.0000	0	-1.297	-38.217	36.078	-11.90	4.87	9.41	0.022	-0.038	0.045
21332	0	0.0000	0	-1.411	-38.272	36.031	-12.01	4.74	9.02	0.023	-0.017	0.033
21339	0	0.0000	0	-1.519	-38.324	35.987	-12.12	4.56	8.25	0.023	-0.008	0.056
21346	0	0.0000	0	-1.636	-38.381	35.939	-12.08	4.62	7.52	0.008	0.007	0.062
21353	0	0.0000	0	-1.746	-38.435	35.894	-12.37	4.59	6.99	-0.005	0.022	0.042
21360	0	0.0000	0	-1.864	-38.493	35.848	-12.68	4.52	6.74	-0.012	0.021	0.019
21367	0	0.0000	0	-1.978	-38.549	35.801	-12.96	4.13	6.88	-0.008	0.058	-0.000
21374	0	0.0000	0	-2.093	-38.604	35.754	-13.42	3.96	6.88	-0.009	0.053	-0.022
21381	0	0.0000	0	-2.201	-38.656	35.709	-13.26	3.37	6.46	-0.027	0.045	-0.055
21388	0	0.0000	0	-2.304	-38.702	35.664	-13.29	3.05	5.97	-0.030	0.034	-0.040
21395	0	0.0000	0	-2.403	-38.746	35.619	-13.11	2.64	5.56	-0.029	0.018	-0.029
21402	0	0.0000	0	-2.497	-38.784	35.573	-12.92	2.23	5.15	-0.041	-0.004	-0.043
21410	0	0.0000	0	-2.593	-38.820	35.524	-12.61	1.93	3.98	-0.042	-0.025	-0.027
21417	0	0.0000	0	-2.688	-38.853	35.473	-12.65	1.57	3.53	-0.030	-0.042	-0.011
21424	0	0.0000	0	-2.780	-38.888	35.426	-12.73	1.36	2.98	-0.022	-0.032	0.008
21431	0	0.0000	0	-2.877	-38.926	35.377	-12.84	1.06	2.33	-0.005	-0.048	0.027
21438	0	0.0000	0	-2.975	-38.966	35.330	-12.78	0.56	1.91	0.006	-0.053	0.035
21445	0	0.0000	0	-3.067	-39.005	35.287	-12.70	0.18	1.27	0.011	-0.034	0.047
21452	0	0.0000	0	-3.159	-39.046	35.247	-12.57	-0.28	0.65	0.039	-0.011	0.046
21459	0	0.0000	0	-3.247	-39.088	35.209	-12.63	-1.37	0.42	0.043	0.017	0.023
21466	0	0.0000	0	-3.334	-39.130	35.174	-12.22	-2.02	0.12	0.037	0.043	0.020
21473	0	0.0000	0	-3.412	-39.169	35.143	-12.27	-2.91	0.01	0.035	0.067	-0.004
21480	0	0.0000	0	-3.485	-39.204	35.113	-11.74	-3.58	-0.48	0.033	0.073	-0.025
21487	0	0.0000	0	-3.554	-39.234	35.082	-11.82	-4.02	-0.49	0.026	0.065	-0.030
21494	0	0.0000	0	-3.613	-39.260	35.055	-11.50	-4.22	-1.13	0.006	0.029	-0.025
21501	0	0.0000	0	-3.673	-39.283	35.025	-11.50	-4.46	-1.64	-0.014	0.025	-0.027
21508	0	0.0000	0	-3.723	-39.302	34.999	-11.58	-4.43	-2.12	-0.028	-0.017	-0.022
21515	0	0.0000	0	-3.772	-39.321	34.974	-11.78	-4.18	-2.48	-0.026	-0.034	-0.025
21522	0	0.0000	0	-3.813	-39.339	34.956	-12.08	-4.75	-2.36	-0.025	-0.047	-0.032
21529	0	0.0000	0	-3.847	-39.356	34.942	-12.06	-5.26	-2.70	-0.019	-0.053	-0.021
21536	0	0.0000	0	-3.879	-39.374	34.932	-12.05	-5.65	-2.75	-0.012	-0.042	-0.013
21543	0	0.0000	0	-3.904	-39.390	34.926	-12.22	-6.05	-2.71	-0.010	-0.037	-0.009
21550	0	0.0000	0	-3.932	-39.408	34.918	-12.14	-6.45	-2.59	0.004	-0.026	0.018
21558	0	0.0000	0	-3.960	-39.427	34.912	-12.11	-6.99	-3.04	0.008	-0.012	0.030
21564	0	0.0000	0	-3.990	-39.445	34.904	-12.27	-7.01	-3.50	0.003	0.002	0.022
21572	0	0.0000	0	-4.031	-39.468	34.889	-12.54	-6.72	-3.73	0.021	0.013	0.035
21579	0	0.0000	0	-4.074	-39.491	34.874	-12.75	-6.69	-3.87	0.034	0.030	0.023
21586	0	0.0000	0	-4.120	-39.515	34.857	-13.41	-6.55	-3.98	0.029	0.026	0.017
21593	0	0.0000	0	-4.169	-39.541	34.839	-13.85	-6.30	-3.90	0.018	0.020	0.001
21600	0	0.0000	0	-4.217	-39.567	34.822	-14.41	-6.20	-3.64	0.016	0.014	-0.016
21606	0	0.0000	0	-4.260	-39.592	34.809	-14.27	-5.93	-3.63	0.004	0.024	-0.029
21613	0	0.0000	0	-4.297	-39.616	34.800	-14.31	-6.39	-3.56	-0.015	0.024	-0.032
21620	0	0.0000	0	-4.325	-39.636	34.795	-14.07	-6.50	-4.01	-0.030	0.017	-0.023
21627	0	0.0000	0	-4.355	-39.656	34.788	-13.52	-6.94	-4.11	-0.038	0.030	-0.008
21634	0	0.0000	0	-4.390	-39.678	34.779	-13.49	-7.07	-4.23	-0.052	0.020	-0.016
21642	0	0.0000	0	-4.429	-39.700	34.765	-13.48	-6.69	-4.29	-0.027	0.012	-0.006
21649	0	0.0000	0	-4.475	-39.723	34.747	-14.00	-6.45	-4.22	-0.013	-0.021	-0.002
21656	0	0.0000	0	-4.526	-39.747	34.726	-14.49	-6.29	-4.32	0.014	-0.030	-0.006
21663	0	0.0000	0	-4.577	-39.771	34.704	-14.62	-5.90	-4.36	0.023	-0.066	-0.003
21670	0	0.0000	0	-4.629	-39.794	34.680	-14.82	-5.50	-4.57	0.034	-0.061	0.008
21677	0	0.0000	0	-4.681	-39.817	34.657	-14.69	-5.09	-5.01	0.023	-0.050	0.010
21684	0	0.0000	0	-4.730	-39.839	34.636	-14.38	-5.55	-4.96	0.008	-0.031	0.019
21691	0	0.0000	0	-4.775	-39.861	34.617	-13.84	-5.77	-5.18	0.009	-0.014	0.008
21698	0	0.0000	0	-4.821	-39.884	34.599	-13.74	-5.66	-5.07	-0.007	0.004	0.006
21705	0	0.0000	0	-4.868	-39.907	34.581	-13.30	-5.97	-4.77	-0.020	0.035	0.004
21712	0	0.0000	0	-4.912	-39.929	34.563	-13.53	-6.04	-5.01	-0.026	0.030	-0.009
21719	0	0.0000	0	-4.960	-39.950	34.542	-13.33	-5.81	-4.70	-0.028	0.027	-0.014
21726	0	0.0000	0	-5.003	-39.970	34.523	-13.16	-5.75	-4.72	-0.028	0.028	-0.024
21733	0	0.0000	0	-5.049	-39.989	34.501	-13.02	-5.60	-4.58	-0.040	0.020	-0.019
21740	0	0.0000	0	-5.091	-40.006	34.481	-12.36	-5.20	-4.69	-0.031	0.013	-0.022
21747	0	0.0000	0	-5.128	-40.021	34.463	-12.04	-5.21	-4.79	-0.045	-0.010	-0.017
21754	0	0.0000	0	-5.166	-40.036	34.443	-11.70	-5.17	-4.75	-0.042	-0.012	-0.010
21761	0	0.0000	0	-5.207	-40.053	34.424	-11.80	-5.16	-4.66	-0.013	-0.026	-0.013
21769	0	0.0000	0	-5.247	-40.070	34.405	-11.44	-5.15	-4.39	0.008	-0.040	0.005
21776	0	0.0000	0	-5.283	-40.086	34.389	-11.23	-5.07	-4.05	0.013	-0.034	0.009
21783	0	0.0000	0	-5.318	-40.103	34.375	-10.95	-5.03	-3.84	0.033	-0.034	0.003
21790	0	0.0000	0	-5.348	-40.117	34.363	-10.60	-4.79	-3.68	0.025	-0.013	0.007
21797	0	0.0000	0	-5.378	-40.132	34.350	-9.97	-4.64	-3.62	0.026	-0.006	0.018
21804	0	0.0000	0	-5.409	-40.147	34.338	-9.66	-4.39	-3.54	0.023	0.010	0.010
21811	0	0.0000	0	-5.436	-40.162	34.328	-9.44	-4.50	-3.13	0.009	0.011	-0.006
21818	0	0.0000	0	-5.469	-40.177	34.315	-9.03	-3.93	-2.73	0.002	0.022	-0.003
21825	0	0.0000	0	-5.505	-40.194	34.299	-9.00	-3.51	-2.66	0.001	0.027	0.003
21832	0	0.0000	0	-5.534	-40.207	34.286	-8.67	-2.97	-1.94	-0.008	0.028	-0.009
21839	0	0.0000	0	-5.563	-40.221	34.274	-8.41	-2.74	-1.80	-0.034	0.024	-0.004
21846	0	0.0000	0	-5.590	-40.232	34.262	-8.07	-2.24	-1.47	-0.024	0.013	-0.002
21853	0	0.0000	0	-5.614	-40.243	34.252	-7.32	-1.93	-1.16	-0.033	0.015	0.006
21860	0	0.0000	0	-5.639	-40.254	34.240	-6.63	-1.73	-0.88	-0.027	0.006	-0.003
21867	0	0.0000	0	-5.661	-40.264	34.230	-6.06	-1.21	-0.71	-0.012	0.001	-0.003
21874	0	0.0000	0	-5.687	-40.275	34.218	-5.74	-0.85	-0.43	-0.017	-0.009	-0.004
21881	0	0.0000	0	-5.713	-40.286	34.205	-5.18	-0.12	-0.04	0.001	-0.018	-0.007
21888	0	0.0000	0	-5.740	-40.297	34.193	-4.99	0.41	0.40	0.014	-0.028	-0.011
21895	0	0.0000	0	-5.769	-40.309	34.179	-4.33	0.75	1.09	0.013	-0.032	-0.011
21902	0	0.0000	0	-5.795	-40.320	34.167	-4.32	1.41	1.49	0.018	-0.045	-0.014
21909	0	0.0000	0	-5.822	-40.330	34.153	-3.61	1.66	1.91	0.009	-0.020	-0.004
21916	0	0.0000	0	-5.848	-40.340	34.140	-3.06	2.06	2.32	0.003	-0.000	-0.002
21923	0	0.0000	0	-5.872	-40.348	34.126	-2.30	2.50	2.50	-0.010	0.010	0.005
21930	0	0.0000	0	-5.895	-40.354	34.112	-1.52	2.82	2.99	-0.023	0.020	0.006
21937	0	0.0000	0	-5.918	-40.361	34.099	-0.87	3.22	3.30	-0.017	0.037	0.011
21944	0	0.0000	0	-5.944	-40.370	34.084	-0.33	3.75	3.40	-0.024	0.021	0.015
21951	0	0.0000	0	-5.970	-40.378	34.069	-0.01	4.27	3.83	-0.018	0.014	-0.014
21958	0	0.0000	0	-6.001	-40.386	34.050	0.25	4.91	4.30	-0.015	0.010	-0.000
21965	0	0.0000	0	-6.026	-40.392	34.034	0.69	5.65	4.60	-0.025	-0.013	-0.006
21972	0	0.0000	0	-6.048	-40.397	34.019	1.03	6.15	4.93	-0.001	-0.009	-0.007
21979	0	0.0000	0	-6.063	-40.400	34.009	1.29	6.12	5.33	-0.001	-0.014	-0.001
21986	0	0.0000	0	-6.076	-40.401	33.999	2.10	6.57	5.44	0.008	-0.011	0.003
21993	0	0.0000	0	-6.087	-40.402	33.990	2.48	6.93	5.54	0.021	-0.015	0.007
22000	0	0.0000	0	-6.096	-40.402	33.981	3.07	7.02	5.29	0.015	-0.016	0.001
22007	0	0.0000	0	-6.110	-40.403	33.971	3.44	7.23	5.67	0.023	-0.004	-0.003
22014	0	0.0000	0	-6.127	-40.405	33.958	3.86	7.62	5.81	0.016	-0.009	0.003
22021	0	0.0000	0	-6.149	-40.409	33.942	3.83	7.90	6.08	0.026	-0.003	0.008
22028	0	0.0000	0	-6.176	-40.412	33.922	3.70	8.07	6.25	0.029	0.012	0.003
22035	0	0.0000	0	-6.200	-40.415	33.903	3.76	8.31	6.58	0.026	0.013	0.002
22042	0	0.0000	0	-6.226	-40.418	33.882	3.82	8.62	6.54	0.018	0.022	-0.001
22049	0	0.0000	0	-6.251	-40.419	33.862	3.93	8.38	6.99	0.009	0.028	0.000
22056	0	0.0000	0	-6.269	-40.417	33.844	4.45	8.21	7.17	0.007	0.038	-0.002
22063	0	0.0000	0	-6.287	-40.415	33.826	4.93	8.02	6.98	-0.009	0.016	0.017
22070	0	0.0000	0	-6.298	-40.409	33.811	5.23	8.09	6.61	-0.028	0.020	0.025
22077	0	0.0000	0	-6.309	-40.404	33.796	5.70	7.92	6.52	-0.031	0.017	0.030
22084	0	0.0000	0	-6.322	-40.400	33.781	6.13	7.50	6.62	-0.043	0.015	0.036
22091	0	0.0000	0	-6.335	-40.398	33.768	6.32	7.29	6.75	-0.030	-0.010	0.024
22098	0	0.0000	0	-6.348	-40.397	33.755	6.34	7.00	7.23	-0.025	-0.007	0.007
22105	0	0.0000	0	-6.358	-40.396	33.745	6.60	6.60	7.26	-0.014	-0.011	0.001
22112	0	0.0000	0	-6.365	-40.396	33.739	6.63	6.39	7.23	-0.007	-0.012	0.003
22119	0	0.0000	0	-6.369	-40.393	33.733	7.04	5.96	7.14	-0.015	-0.010	0.008
22126	0	0.0000	0	-6.371	-40.390	33.728	7.47	5.51	6.95	0.010	-0.008	0.004
22133	0	0.0000	0	-6.368	-40.384	33.725	7.78	5.43	6.61	0.021	-0.020	0.010
22140	0	0.0000	0	-6.366	-40.380	33.723	7.76	5.51	6.34	0.022	-0.012	0.014
22147	0	0.0000	0	-6.364	-40.375	33.720	7.65	5.45	6.20	0.029	-0.002	0.011
22155	0	0.0000	0	-6.361	-40.372	33.720	7.49	5.26	5.92	0.026	-0.010	-0.008
22162	0	0.0000	0	-6.358	-40.370	33.721	7.32	5.02	6.11	0.042	-0.001	-0.018
22168	0	0.0000	0	-6.350	-40.367	33.724	7.20	4.93	6.11	0.046	0.014	-0.015
22176	0	0.0000	0	-6.338	-40.363	33.730	7.41	4.40	6.01	0.037	0.017	-0.019
22182	0	0.0000	0	-6.321	-40.357	33.740	7.30	3.84	6.05	0.027	0.023	-0.021
22189	0	0.0000	0	-6.301	-40.350	33.752	7.73	3.39	5.86	0.008	0.022	-0.010
22196	0	0.0000	0	-6.278	-40.343	33.764	7.94	2.94	5.67	-0.007	0.013	0.001
22203	0	0.0000	0	-6.252	-40.334	33.778	8.34	2.70	5.09	-0.023	0.009	-0.001
22210	0	0.0000	0	-6.231	-40.327	33.790	8.09	2.41	5.31	-0.027	0.009	-0.008
22217	0	0.0000	0	-6.213	-40.322	33.801	7.51	2.41	5.05	-0.035	-0.013	-0.011
22225	0	0.0000	0	-6.196	-40.316	33.809	7.14	2.57	5.04	-0.042	-0.029	0.000
22231	0	0.0000	0	-6.182	-40.312	33.819	6.88	2.52	4.73	-0.018	-0.043	0.008
22239	0	0.0000	0	-6.163	-40.309	33.832	6.20	2.43	4.65	-0.013	-0.035	0.018
22246	0	0.0000	0	-6.143	-40.305	33.846	5.82	2.37	4.24	0.007	-0.028	0.016
22253	0	0.0000	0	-6.118	-40.300	33.864	5.58	1.76	4.24	0.011	-0.007	0.024
22260	0	0.0000	0	-6.089	-40.294	33.883	5.54	1.54	3.76	0.008	0.017	0.026
22267	0	0.0000	0	-6.062	-40.288	33.901	5.55	1.41	3.46	0.020	0.019	0.019
22274	0	0.0000	0	-6.036	-40.281	33.917	5.48	0.93	3.06	0.007	0.033	0.006
22281	0	0.0000	0	-6.012	-40.274	33.931	5.07	1.20	2.56	0.024	0.016	0.006
22288	0	0.0000	0	-5.996	-40.269	33.940	4.41	1.39	2.40	0.021	0.026	-0.012
22295	0	0.0000	0	-5.986	-40.267	33.947	3.59	1.53	2.55	0.034	0.021	-0.028
22302	0	0.0000	0	-5.979	-40.266	33.952	2.96	1.43	2.44	0.026	0.013	-0.026
22309	0	0.0000	0	-5.968	-40.263	33.959	2.36	1.48	2.24	0.011	-0.006	-0.029
22316	0	0.0000	0	-5.950	-40.258	33.969	2.35	1.30	1.80	0.003	-0.006	-0.020
22323	0	0.0000	0	-5.930	-40.251	33.981	2.51	0.97	1.55	-0.001	-0.016	-0.004
22330	0	0.0000	0	-5.908	-40.246	33.995	2.69	0.64	1.48	-0.028	-0.005	0.010
22337	0	0.0000	0	-5.887	-40.240	34.008	2.57	0.28	0.69	-0.051	-0.016	0.020
22344	0	0.0000	0	-5.873	-40.239	34.019	2.43	0.01	0.68	-0.045	-0.007	0.027
22351	0	0.0000	0	-5.864	-40.238	34.027	1.76	0.08	0.32	-0.026	-0.004	0.012
22358	0	0.0000	0	-5.863	-40.240	34.029	1.12	0.03	0.28	-0.013	-0.007	0.017
22365	0	0.0000	0	-5.866	-40.243	34.029	0.47	0.03	0.19	0.009	0.001	0.012
22372	0	0.0000	0	-5.869	-40.245	34.029	-0.10	0.31	-0.05	0.037	-0.004	0.006
22379	0	0.0000	0	-5.870	-40.245	34.028	-0.66	0.36	-0.17	0.040	0.007	-0.008
22386	0	0.0000	0	-5.869	-40.244	34.028	-0.60	0.12	-0.84	0.040	0.017	-0.009
22393	0	0.0000	0	-5.859	-40.239	34.032	-0.59	0.08	-1.23	0.025	0.020	-0.027
22400	0	0.0000	0	-5.847	-40.233	34.036	-0.22	-0.16	-1.47	0.007	0.024	-0.008
22407	0	0.0000	0	-5.839	-40.228	34.038	-0.15	-0.37	-1.85	0.015	0.011	-0.013
22414	0	0.0000	0	-5.834	-40.225	34.040	-0.50	-0.31	-1.88	-0.015	0.016	-0.016
22421	0	0.0000	0	-5.835	-40.223	34.038	-0.27	-0.55	-1.77	-0.007	0.004	-0.018
22428	0	0.0000	0	-5.839	-40.224	34.034	-0.63	-0.77	-1.82	-0.017	-0.006	-0.015
22435	0	0.0000	0	-5.847	-40.226	34.030	-1.12	-0.67	-1.54	0.003	-0.020	-0.015
22442	0	0.0000	0	-5.848	-40.223	34.026	-1.34	-0.75	-1.45	-0.006	-0.025	-0.001
22449	0	0.0000	0	-5.849	-40.220	34.022	-1.53	-0.99	-1.44	0.001	-0.022	0.003
22456	0	0.0000	0	-5.849	-40.218	34.019	-1.56	-1.11	-1.39	-0.002	-0.011	0.018
22463	0	0.0000	0	-5.846	-40.214	34.019	-1.55	-1.50	-1.44	-0.011	-0.001	0.027
22470	0	0.0000	0	-5.837	-40.208	34.021	-1.24	-1.88	-1.47	-0.011	0.008	0.016
22477	0	0.0000	0	-5.832	-40.204	34.022	-1.47	-1.99	-1.24	-0.013	0.014	0.023
22484	0	0.0000	0	-5.825	-40.201	34.024	-1.64	-1.97	-1.30	-0.006	0.010	0.027
22491	0	0.0000	0	-5.820	-40.198	34.026	-1.84	-2.04	-1.03	0.006	0.011	0.015
22498	0	0.0000	0	-5.821	-40.197	34.024	-2.33	-1.50	-0.76	0.021	-0.007	0.002
22505	0	0.0000	0	-5.817	-40.195	34.026	-2.44	-1.41	-0.32	0.009	-0.004	-0.007
22512	0	0.0000	0	-5.816	-40.197	34.028	-2.96	-1.30	-0.12	0.024	-0.011	-0.010
22519	0	0.0000	0	-5.811	-40.198	34.033	-3.07	-1.15	-0.06	-0.001	-0.019	-0.013
22526	0	0.0000	0	-5.807	-40.198	34.038	-3.08	-1.00	-0.09	-0.010	-0.018	-0.019
22533	0	0.0000	0	-5.800	-40.199	34.045	-2.59	-0.95	-0.21	-0.027	-0.004	-0.028
22541	0	0.0000	0	-5.797	-40.202	34.050	-2.70	-1.02	0.08	-0.039	-0.009	-0.031
22548	0	0.0000	0	-5.806	-40.210	34.050	-2.88	-0.65	0.10	-0.049	-0.007	-0.033
22555	0	0.0000	0	-5.816	-40.219	34.050	-3.15	-0.62	0.13	-0.027	0.007	-0.031
22562	0	0.0000	0	-5.837	-40.231	34.043	-3.64	-0.09	0.41	-0.023	0.001	-0.022
22569	0	0.0000	0	-5.865	-40.244	34.032	-4.04	0.02	0.69	0.017	0.011	-0.020
22576	0	0.0000	0	-5.889	-40.256	34.021	-4.77	0.64	0.70	0.028	0.014	0.002
22583	0	0.0000	0	-5.910	-40.265	34.012	-4.73	0.83	0.90	0.041	0.018	0.014
22590	0	0.0000	0	-5.931	-40.275	34.003	-4.68	0.85	0.83	0.033	0.002	0.044
22597	0	0.0000	0	-5.946	-40.281	33.996	-4.63	0.69	0.93	0.038	0.019	0.040
22604	0	0.0000	0	-5.961	-40.288	33.989	-4.87	0.51	0.93	0.019	0.012	0.031
22611	0	0.0000	0	-5.980	-40.294	33.979	-4.95	0.66	1.07	0.026	-0.003	0.033
22618	0	0.0000	0	-6.003	-40.302	33.966	-5.15	0.89	1.47	-0.002	-0.000	0.022
22625	0	0.0000	0	-6.028	-40.309	33.951	-5.42	0.94	1.78	0.002	-0.020	0.018
22631	0	0.0000	0	-6.055	-40.317	33.935	-5.97	1.35	2.36	-0.011	-0.021	-0.009
22638	0	0.0000	0	-6.089	-40.325	33.913	-6.41	1.51	2.95	-0.001	-0.028	-0.030
22645	0	0.0000	0	-6.122	-40.334	33.892	-6.74	1.65	3.35	0.005	-0.028	-0.017
22653	0	0.0000	0	-6.153	-40.341	33.872	-6.82	2.06	3.23	-0.022	-0.026	-0.025
22659	0	0.0000	0	-6.186	-40.349	33.851	-6.82	1.80	3.49	-0.042	-0.010	-0.024
22666	0	0.0000	0	-6.220	-40.360	33.831	-6.69	2.02	3.36	-0.033	0.007	-0.025
22673	0	0.0000	0	-6.263	-40.374	33.807	-6.94	1.97	3.23	-0.039	0.002	-0.020
22680	0	0.0000	0	-6.311	-40.393	33.783	-6.96	2.22	3.22	-0.030	0.012	-0.013
22687	0	0.0000	0	-6.363	-40.414	33.759	-7.30	2.16	3.51	-0.014	0.015	-0.012
22694	0	0.0000	0	-6.426	-40.440	33.728	-7.76	2.06	3.75	0.002	0.017	-0.008
22701	0	0.0000	0	-6.486	-40.468	33.703	-8.35	2.01	3.96	0.032	0.006	0.008
22708	0	0.0000	0	-6.549	-40.496	33.675	-8.46	1.82	4.38	0.039	0.011	0.008
22715	0	0.0000	0	-6.608	-40.523	33.649	-8.46	1.95	4.25	0.051	0.010	0.043
22722	0	0.0000	0	-6.667	-40.551	33.624	-8.40	1.45	4.27	0.040	0.011	0.045
22729	0	0.0000	0	-6.721	-40.574	33.598	-8.08	1.30	3.87	0.026	0.005	0.038
22736	0	0.0000	0	-6.775	-40.596	33.573	-7.73	1.17	3.65	0.005	-0.006	0.042
22743	0	0.0000	0	-6.828	-40.617	33.547	-7.60	1.05	3.44	-0.011	-0.006	0.040
22750	0	0.0000	0	-6.888	-40.640	33.516	-7.46	1.45	3.32	-0.023	-0.022	0.034
22757	0	0.0000	0	-6.948	-40.660	33.484	-7.48	1.55	3.34	-0.040	-0.031	0.012
22764	0	0.0000	0	-7.013	-40.683	33.448	-7.72	1.89	2.82	-0.033	-0.025	-0.017
22771	0	0.0000	0	-7.078	-40.704	33.412	-7.99	1.92	2.85	-0.040	-0.014	-0.019
22778	0	0.0000	0	-7.138	-40.724	33.379	-7.72	2.07	2.65	-0.039	-0.016	-0.016
22785	0	0.0000	0	-7.195	-40.745	33.349	-7.79	1.74	2.40	-0.051	0.020	-0.032
22792	0	0.0000	0	-7.250	-40.765	33.320	-7.44	1.63	1.86	-0.045	0.020	-0.035
22799	0	0.0000	0	-7.300	-40.784	33.294	-6.85	0.98	1.91	-0.040	0.027	-0.031
22806	0	0.0000	0	-7.352	-40.805	33.269	-6.62	0.42	2.03	-0.023	0.039	-0.023
22813	0	0.0000	0	-7.399	-40.823	33.245	-6.43	0.27	1.37	-0.022	0.039	-0.015
22820	0	0.0000	0	-7.450	-40.842	33.219	-6.25	-0.03	1.59	0.019	0.040	0.004
22827	0	0.0000	0	-7.501	-40.860	33.192	-6.37	-0.21	1.67	0.031	0.017	0.000
22834	0	0.0000	0	-7.550	-40.878	33.166	-6.28	-0.34	1.71	0.049	0.011	0.013
22841	0	0.0000	0	-7.596	-40.894	33.141	-6.22	-0.17	1.80	0.059	-0.019	0.022
22848	0	0.0000	0	-7.637	-40.909	33.119	-6.09	-0.29	1.58	0.054	-0.027	0.028
22855	0	0.0000	0	-7.675	-40.923	33.099	-5.53	-0.34	1.27	0.055	-0.043	0.031
22862	0	0.0000	0	-7.705	-40.934	33.084	-5.09	-0.46	1.07	0.046	-0.039	0.036
22869	0	0.0000	0	-7.733	-40.945	33.070	-4.87	-0.68	0.85	0.021	-0.038	0.010
22876	0	0.0000	0	-7.758	-40.956	33.059	-3.77	-0.57	0.70	-0.000	-0.031	0.019
22883	0	0.0000	0	-7.784	-40.970	33.049	-3.39	-0.87	0.40	-0.025	-0.017	0.023
22890	0	0.0000	0	-7.816	-40.987	33.037	-2.97	-0.69	0.33	-0.030	-0.007	-0.008
22897	0	0.0000	0	-7.845	-41.000	33.025	-2.73	-0.27	0.84	-0.050	0.001	-0.028
22904	0	0.0000	0	-7.877	-41.015	33.011	-2.80	-0.29	0.72	-0.055	0.019	-0.035
22911	0	0.0000	0	-7.906	-41.027	32.997	-2.68	0.01	0.51	-0.052	0.015	-0.034
22918	0	0.0000	0	-7.930	-41.036	32.985	-2.38	0.19	0.35	-0.048	0.036	-0.032
22925	0	0.0000	0	-7.952	-41.043	32.973	-1.97	0.06	-0.04	-0.039	0.044	-0.017
22932	0	0.0000	0	-7.964	-41.047	32.966	-1.37	-0.13	-0.14	-0.028	0.029	-0.002
22939	0	0.0000	0	-7.971	-41.049	32.961	-0.95	-0.06	-0.42	-0.013	0.021	0.015
22946	0	0.0000	0	-7.978	-41.051	32.957	-0.27	-0.09	-0.53	0.011	-0.004	0.020
22954	0	0.0000	0	-7.977	-41.051	32.958	0.23	-0.31	-0.50	0.021	0.002	0.015
22961	0	0.0000	0	-7.979	-41.052	32.958	0.73	-0.23	-0.33	0.050	-0.020	0.021
22968	0	0.0000	0	-7.977	-41.052	32.960	0.76	-0.33	-0.17	0.048	-0.044	0.010
22975	0	0.0000	0	-7.976	-41.052	32.960	0.85	-0.07	-0.09	0.069	-0.035	0.018
22982	0	0.0000	0	-7.971	-41.050	32.963	1.30	0.10	0.34	0.049	-0.049	0.006
22988	0	0.0000	0	-7.963	-41.046	32.965	1.54	0.17	0.15	0.042	-0.052	0.006
22995	0	0.0000	0	-7.954	-41.042	32.970	1.80	0.22	0.47	0.039	-0.031	0.013
23002	0	0.0000	0	-7.938	-41.036	32.978	2.21	0.26	0.33	-0.004	-0.018	0.017
23009	0	0.0000	0	-7.926	-41.029	32.982	2.75	0.54	0.26	-0.014	0.016	0.010
23016	0	0.0000	0	-7.912	-41.023	32.988	3.10	0.78	0.41	-0.024	0.025	0.005
23024	0	0.0000	0	-7.899	-41.015	32.992	3.22	0.95	0.33	-0.036	0.051	0.005
23031	0	0.0000	0	-7.890	-41.009	32.994	3.26	1.32	0.35	-0.045	0.069	-0.018
23037	0	0.0000	0	-7.884	-41.006	32.997	3.05	1.63	0.66	-0.042	0.070	-0.019
23044	0	0.0000	0	-7.874	-41.002	33.001	3.31	1.73	0.93	-0.019	0.075	-0.035
23051	0	0.0000	0	-7.862	-40.998	33.008	3.33	1.74	1.12	-0.007	0.053	-0.029
23058	0	0.0000	0	-7.846	-40.992	33.016	3.58	1.70	1.34	0.005	0.037	-0.023
23065	0	0.0000	0	-7.825	-40.985	33.027	3.89	1.45	1.17	-0.002	0.015	-0.017
23072	0	0.0000	0	-7.801	-40.975	33.039	4.67	1.31	1.37	0.002	-0.007	-0.013
23079	0	0.0000	0	-7.779	-40.966	33.049	4.97	1.61	1.51	0.013	-0.033	-0.000
23086	0	0.0000	0	-7.761	-40.958	33.058	5.42	1.63	1.35	0.026	-0.055	0.004
23093	0	0.0000	0	-7.747	-40.950	33.063	5.35	1.98	1.61	0.028	-0.081	0.019
23100	0	0.0000	0	-7.737	-40.944	33.066	4.94	2.15	1.96	0.029	-0.078	0.016
23107	0	0.0000	0	-7.727	-40.938	33.068	4.93	2.65	2.20	0.026	-0.080	0.005
23114	0	0.0000	0	-7.717	-40.932	33.071	4.79	2.67	2.64	0.017	-0.060	-0.014
23121	0	0.0000	0	-7.696	-40.923	33.080	5.01	2.72	2.27	0.006	-0.027	0.014
23128	0	0.0000	0	-7.675	-40.912	33.089	5.62	2.60	2.41	-0.008	0.009	0.004
23135	0	0.0000	0	-7.650	-40.902	33.101	5.86	2.54	1.91	-0.021	0.042	0.012
23142	0	0.0000	0	-7.623	-40.890	33.113	6.10	2.56	1.76	-0.023	0.062	0.014
23149	0	0.0000	0	-7.600	-40.878	33.122	6.35	2.85	1.53	-0.012	0.065	0.014
23156	0	0.0000	0	-7.581	-40.869	33.129	6.17	3.09	1.68	-0.015	0.059	0.018
23163	0	0.0000	0	-7.566	-40.862	33.136	6.09	3.19	1.87	-0.011	0.051	-0.004
23170	0	0.0000	0	-7.551	-40.855	33.142	5.80	3.58	2.09	-0.003	0.026	-0.014
23177	0	0.0000	0	-7.533	-40.847	33.151	6.17	3.42	2.10	-0.010	0.007	-0.016
23184	0	0.0000	0	-7.515	-40.839	33.158	6.36	3.53	2.22	-0.011	-0.025	-0.019
23191	0	0.0000	0	-7.494	-40.828	33.167	6.94	3.46	2.24	-0.032	-0.024	-0.027
23198	0	0.0000	0	-7.470	-40.819	33.178	7.45	3.15	1.93	-0.027	-0.043	-0.010
23206	0	0.0000	0	-7.448	-40.809	33.188	7.92	2.81	2.01	-0.029	-0.046	-0.006
23213	0	0.0000	0	-7.429	-40.799	33.195	8.06	2.41	1.96	-0.016	-0.061	-0.006
23220	0	0.0000	0	-7.410	-40.787	33.200	8.29	2.09	2.15	0.002	-0.028	-0.005
23227	0	0.0000	0	-7.391	-40.776	33.206	8.58	2.00	2.06	0.013	-0.020	-0.005
23234	0	0.0000	0	-7.374	-40.764	33.209	8.85	1.97	2.03	0.003	-0.012	0.010
23241	0	0.0000	0	-7.350	-40.748	33.216	9.31	1.58	1.12	0.012	0.002	0.020
23248	0	0.0000	0	-7.326	-40.734	33.222	9.77	0.91	1.22	0.003	0.025	0.021
23255	0	0.0000	0	-7.301	-40.720	33.230	10.55	0.50	0.64	0.005	0.039	0.028
23262	0	0.0000	0	-7.271	-40.705	33.243	11.07	-0.08	0.49	0.000	0.049	0.031
23269	0	0.0000	0	-7.244	-40.694	33.255	11.28	-0.57	0.35	0.002	0.064	0.029
23276	0	0.0000	0	-7.214	-40.681	33.270	11.67	-1.02	0.41	-0.001	0.051	0.026
23283	0	0.0000	0	-7.179	-40.668	33.288	12.22	-1.51	0.35	-0.010	0.045	0.009
23290	0	0.0000	0	-7.136	-40.654	33.312	12.59	-1.76	0.01	0.003	0.042	0.003
23297	0	0.0000	0	-7.086	-40.640	33.342	13.19	-2.19	-0.16	0.004	-0.004	-0.003
23304	0	0.0000	0	-7.024	-40.620	33.377	14.15	-2.56	-0.53	-0.009	-0.011	-0.001
23311	0	0.0000	0	-6.956	-40.598	33.416	15.00	-2.90	-1.04	-0.017	-0.035	-0.012
23318	0	0.0000	0	-6.879	-40.575	33.461	15.95	-3.33	-1.56	-0.025	-0.065	-0.024
23325	0	0.0000	0	-6.797	-40.550	33.509	16.46	-3.42	-2.08	-0.002	-0.071	-0.008
23332	0	0.0000	0	-6.708	-40.523	33.561	17.34	-3.64	-2.64	-0.012	-0.067	-0.017
23339	0	0.0000	0	-6.619	-40.498	33.615	17.78	-3.78	-2.95	-0.002	-0.055	-0.021
23346	0	0.0000	0	-6.528	-40.472	33.670	18.35	-3.81	-3.59	0.007	-0.032	-0.017
23353	0	0.0000	0	-6.427	-40.443	33.730	18.64	-3.70	-3.99	0.024	-0.019	-0.024
23360	0	0.0000	0	-6.324	-40.411	33.790	19.01	-3.64	-4.53	0.032	-0.002	-0.010
23367	0	0.0000	0	-6.220	-40.379	33.850	19.20	-3.65	-4.71	0.028	0.015	-0.004
23374	0	0.0000	0	-6.109	-40.342	33.912	19.75	-3.58	-5.33	0.025	0.036	0.001
23382	0	0.0000	0	-5.986	-40.300	33.979	20.38	-3.62	-6.13	0.018	0.030	-0.004
23389	0	0.0000	0	-5.861	-40.256	34.046	21.10	-3.31	-6.95	0.002	0.030	0.014
23396	0	0.0000	0	-5.732	-40.209	34.114	21.71	-3.28	-7.69	-0.009	0.022	0.027
23403	0	0.0000	0	-5.598	-40.160	34.184	21.98	-3.10	-7.94	0.004	0.024	0.033
23410	0	0.0000	0	-5.465	-40.109	34.252	22.16	-3.12	-8.30	0.009	0.027	0.020
23417	0	0.0000	0	-5.332	-40.058	34.320	22.17	-3.18	-8.36	-0.002	0.007	0.026
23424	0	0.0000	0	-5.184	-40.000	34.393	22.27	-2.85	-8.80	-0.005	-0.000	0.011
23431	0	0.0000	0	-5.037	-39.939	34.463	22.34	-2.73	-8.77	-0.006	-0.018	0.007
23438	0	0.0000	0	-4.890	-39.879	34.534	22.58	-2.54	-9.10	-0.018	-0.027	-0.006
23445	0	0.0000	0	-4.734	-39.812	34.606	22.73	-2.19	-9.60	-0.027	-0.041	-0.000
23452	0	0.0000	0	-4.579	-39.744	34.676	22.88	-2.00	-9.94	-0.014	-0.038	-0.002
23459	0	0.0000	0	-4.423	-39.676	34.748	22.66	-2.00	-9.94	0.012	-0.009	-0.034
23466	0	0.0000	0	-4.265	-39.607	34.820	22.60	-2.29	-10.22	0.001	0.001	-0.008
23473	0	0.0000	0	-4.106	-39.537	34.891	22.49	-2.12	-10.49	0.005	0.011	-0.020
23480	0	0.0000	0	-3.945	-39.464	34.961	22.54	-1.93	-10.73	0.013	0.011	-0.018
23487	0	0.0000	0	-3.791	-39.392	35.027	22.51	-1.79	-10.94	0.018	0.026	-0.021
23494	0	0.0000	0	-3.636	-39.321	35.094	22.08	-1.70	-11.45	0.024	0.033	-0.005
23501	0	0.0000	0	-3.478	-39.247	35.161	22.02	-1.66	-11.75	0.008	0.015	0.008
23508	0	0.0000	0	-3.329	-39.176	35.223	22.19	-1.42	-11.95	0.008	0.017	0.008
23515	0	0.0000	0	-3.174	-39.103	35.288	22.18	-1.78	-12.21	-0.004	0.018	0.021
23522	0	0.0000	0	-3.027	-39.032	35.349	22.16	-2.09	-12.09	0.011	0.018	0.009
23529	0	0.0000	0	-2.870	-38.955	35.413	21.86	-2.86	-12.08	0.009	0.021	0.013
23536	0	0.0000	0	-2.721	-38.882	35.472	21.48	-2.72	-11.94	0.000	0.002	0.008
23543	0	0.0000	0	-2.574	-38.808	35.529	20.63	-2.71	-11.85	0.014	-0.011	-0.011
23550	0	0.0000	0	-2.427	-38.729	35.582	19.96	-2.63	-11.78	-0.001	-0.018	-0.016
23557	0	0.0000	0	-2.279	-38.649	35.634	19.52	-2.67	-11.73	0.014	-0.027	-0.021
23565	0	0.0000	0	-2.125	-38.565	35.688	19.49	-3.17	-11.30	-0.004	-0.021	-0.026
23572	0	0.0000	0	-1.969	-38.481	35.743	19.17	-3.32	-11.36	-0.017	-0.017	-0.016
23579	0	0.0000	0	-1.814	-38.397	35.798	19.54	-3.85	-11.30	-0.022	0.002	-0.028
23586	0	0.0000	0	-1.659	-38.313	35.852	19.25	-4.24	-11.78	-0.038	0.003	0.007
23593	0	0.0000	0	-1.500	-38.228	35.910	19.13	-4.42	-11.70	-0.038	0.008	0.030
23600	0	0.0000	0	-1.357	-38.152	35.961	18.30	-4.01	-11.38	-0.023	-0.003	0.013
23607	0	0.0000	0	-1.224	-38.082	36.011	17.75	-4.06	-11.09	0.005	-0.005	0.005
23614	0	0.0000	0	-1.092	-38.016	36.062	17.02	-3.97	-10.57	0.024	0.008	-0.007
23621	0	0.0000	0	-0.958	-37.952	36.119	16.23	-4.26	-9.91	0.034	0.007	-0.017
23628	0	0.0000	0	-0.820	-37.888	36.177	16.33	-4.18	-9.66	0.033	0.012	-0.020
23635	0	0.0000	0	-0.679	-37.824	36.239	16.27	-4.66	-9.44	0.029	0.030	-0.016
23642	0	0.0000	0	-0.535	-37.758	36.301	16.61	-5.08	-9.26	0.032	0.047	0.000
23649	0	0.0000	0	-0.399	-37.694	36.359	16.90	-5.27	-8.93	-0.003	0.038	-0.017
23656	0	0.0000	0	-0.271	-37.632	36.411	16.88	-5.21	-8.44	0.004	0.025	-0.008
23663	0	0.0000	0	-0.144	-37.567	36.459	16.21	-4.68	-8.09	0.001	0.002	-0.020
23670	0	0.0000	0	-0.030	-37.507	36.501	16.00	-4.19	-7.95	-0.003	-0.026	-0.018
23677	0	0.0000	0	0.077	-37.448	36.538	15.18	-3.47	-7.32	-0.001	-0.049	-0.010
23684	0	0.0000	0	0.187	-37.389	36.577	14.80	-2.83	-6.94	-0.010	-0.058	-0.016
23691	0	0.0000	0	0.301	-37.328	36.618	14.23	-2.58	-6.09	-0.010	-0.053	-0.016
23698	0	0.0000	0	0.410	-37.272	36.659	14.21	-2.52	-5.60	-0.018	-0.050	-0.007
23705	0	0.0000	0	0.528	-37.211	36.705	14.27	-2.32	-5.23	-0.024	-0.030	-0.003
23712	0	0.0000	0	0.644	-37.154	36.751	14.30	-2.38	-4.68	-0.031	-0.012	-0.008
23719	0	0.0000	0	0.767	-37.094	36.801	14.08	-2.37	-4.25	-0.021	0.020	0.007
23726	0	0.0000	0	0.878	-37.041	36.846	13.74	-2.56	-3.40	-0.008	0.037	-0.000
23733	0	0.0000	0	0.981	-36.989	36.886	13.34	-2.36	-3.20	-0.001	0.052	0.020
23740	0	0.0000	0	1.079	-36.941	36.926	13.29	-2.34	-2.75	0.019	0.052	0.023
23747	0	0.0000	0	1.167	-36.897	36.961	12.83	-1.68	-2.53	0.029	0.021	0.038
23754	0	0.0000	0	1.253	-36.855	36.996	12.31	-1.14	-2.33	0.032	0.016	0.033
23761	0	0.0000	0	1.330	-36.819	37.028	12.23	-1.06	-1.81	0.033	-0.001	0.026
23768	0	0.0000	0	1.401	-36.786	37.058	12.06	-0.65	-1.84	0.024	-0.021	0.036
23775	0	0.0000	0	1.471	-36.757	37.091	11.93	-0.61	-1.53	0.002	-0.023	0.028
23782	0	0.0000	0	1.536	-36.730	37.122	11.64	-0.39	-1.14	-0.007	-0.040	0.022
23789	0	0.0000	0	1.599	-36.705	37.154	11.59	-0.21	-0.96	-0.014	-0.031	0.007
23796	0	0.0000	0	1.658	-36.680	37.182	11.04	-0.27	-0.67	-0.022	-0.028	-0.014
23803	0	0.0000	0	1.716	-36.657	37.210	10.86	-0.29	-0.26	-0.009	-0.012	-0.019
23810	0	0.0000	0	1.778	-36.629	37.238	10.77	0.05	-0.18	-0.015	-0.000	-0.012
23817	0	0.0000	0	1.836	-36.601	37.261	10.31	0.20	-0.20	-0.018	0.005	-0.024
23824	0	0.0000	0	1.896	-36.569	37.283	10.27	0.16	-0.85	-0.012	0.001	-0.009
23831	0	0.0000	0	1.954	-36.538	37.304	10.39	0.50	-1.11	-0.016	0.022	-0.003
23838	0	0.0000	0	2.009	-36.507	37.322	10.09	0.41	-1.46	-0.002	0.017	0.007
23845	0	0.0000	0	2.061	-36.480	37.341	10.12	0.55	-1.84	0.001	0.017	0.016
23852	0	0.0000	0	2.111	-36.456	37.362	10.02	0.49	-1.99	0.000	0.033	0.027
23859	0	0.0000	0	2.155	-36.435	37.380	9.42	0.46	-2.10	0.019	0.035	0.033
23866	0	0.0000	0	2.196	-36.417	37.398	9.39	0.49	-1.89	0.030	0.046	0.013
23873	0	0.0000	0	2.234	-36.401	37.416	8.85	0.33	-1.61	0.009	0.030	0.013
23880	0	0.0000	0	2.276	-36.383	37.437	8.59	0.04	-1.39	0.004	0.035	0.002
23887	0	0.0000	0	2.324	-36.362	37.458	8.62	-0.04	-1.55	-0.001	0.024	-0.002
23894	0	0.0000	0	2.371	-36.339	37.477	8.84	-0.45	-1.45	-0.014	0.030	-0.018
23901	0	0.0000	0	2.416	-36.315	37.493	8.45	-0.60	-1.77	-0.024	0.015	-0.002
23908	0	0.0000	0	2.465	-36.287	37.508	8.67	-0.39	-1.99	-0.043	-0.018	-0.020
23915	0	0.0000	0	2.514	-36.257	37.523	8.66	-0.48	-2.52	-0.024	-0.011	-0.016
23922	0	0.0000	0	2.561	-36.227	37.535	8.24	-0.45	-2.66	-0.012	-0.054	-0.017
23929	0	0.0000	0	2.604	-36.199	37.546	7.86	-0.26	-2.99	0.003	-0.048	-0.008
23936	0	0.0000	0	2.648	-36.172	37.558	7.55	-0.22	-3.04	0.031	-0.039	-0.020
23943	0	0.0000	0	2.688	-36.149	37.571	7.29	-0.32	-3.31	0.028	-0.043	-0.012
23950	0	0.0000	0	2.730	-36.127	37.586	6.88	-0.46	-3.71	0.025	-0.023	0.002
23957	0	0.0000	0	2.771	-36.104	37.600	6.78	-0.72	-3.79	0.019	0.009	-0.012
23964	0	0.0000	0	2.812	-36.083	37.616	6.74	-0.86	-4.02	0.013	0.018	0.008
23971	0	0.0000	0	2.853	-36.063	37.633	6.28	-1.24	-4.13	-0.005	0.033	0.014
23978	0	0.0000	0	2.892	-36.044	37.647	5.82	-1.38	-3.85	0.007	0.029	-0.002
23985	0	0.0000	0	2.930	-36.024	37.662	5.64	-1.69	-3.89	0.003	0.045	0.002
23991	0	0.0000	0	2.969	-36.002	37.675	5.23	-1.93	-3.88	-0.013	0.042	0.003
23999	0	0.0000	0	3.011	-35.975	37.686	4.85	-2.03	-4.24	-0.005	0.033	0.002
24006	0	0.0000	0	3.050	-35.949	37.695	4.76	-2.27	-4.65	-0.006	0.014	0.004
24013	0	0.0000	0	3.091	-35.920	37.703	4.64	-2.05	-5.38	-0.005	0.013	0.016
24020	0	0.0000	0	3.126	-35.895	37.708	4.49	-1.96	-5.64	-0.012	-0.013	0.014
24027	0	0.0000	0	3.160	-35.871	37.715	4.33	-1.74	-6.02	-0.013	-0.035	0.000
24034	0	0.0000	0	3.195	-35.848	37.723	3.62	-2.16	-6.27	-0.004	-0.048	-0.008
24041	0	0.0000	0	3.225	-35.831	37.733	3.00	-2.46	-5.87	0.004	-0.049	-0.034
24048	0	0.0000	0	3.254	-35.814	37.743	2.61	-2.47	-5.89	0.000	-0.039	-0.043
24055	0	0.0000	0	3.289	-35.795	37.755	1.93	-2.94	-5.58	0.010	-0.015	-0.038
24062	0	0.0000	0	3.326	-35.776	37.769	2.01	-3.85	-5.71	0.020	-0.003	-0.014
24069	0	0.0000	0	3.364	-35.753	37.780	1.79	-3.96	-6.34	0.034	0.016	0.010
24076	0	0.0000	0	3.402	-35.727	37.789	1.44	-4.35	-6.65	0.024	0.019	0.016
24083	0	0.0000	0	3.437	-35.702	37.795	0.96	-4.10	-7.26	0.021	0.032	0.036
24090	0	0.0000	0	3.469	-35.677	37.798	0.77	-4.05	-7.55	0.011	0.028	0.031
24097	0	0.0000	0	3.494	-35.656	37.800	0.17	-3.73	-7.58	0.021	0.015	0.032
24104	0	0.0000	0	3.515	-35.638	37.801	-0.81	-3.49	-7.69	0.031	0.016	0.010
24111	0	0.0000	0	3.535	-35.620	37.801	-1.27	-3.38	-7.66	0.028	0.016	0.005
24118	0	0.0000	0	3.555	-35.604	37.803	-2.14	-3.38	-7.32	0.009	0.008	-0.026
24125	0	0.0000	0	3.578	-35.588	37.807	-2.14	-3.77	-6.93	-0.012	0.007	-0.033
24132	0	0.0000	0	3.604	-35.568	37.811	-2.23	-4.15	-6.88	-0.034	-0.014	-0.037
24139	0	0.0000	0	3.632	-35.548	37.817	-2.00	-4.46	-7.01	-0.046	-0.012	-0.029
24146	0	0.0000	0	3.657	-35.531	37.822	-2.07	-4.53	-7.08	-0.068	-0.034	-0.012
24153	0	0.0000	0	3.676	-35.515	37.824	-1.91	-4.77	-7.42	-0.062	-0.043	-0.007
24160	0	0.0000	0	3.689	-35.503	37.823	-2.16	-4.65	-7.29	-0.058	-0.039	-0.007
24167	0	0.0000	0	3.693	-35.495	37.818	-2.74	-4.45	-7.44	-0.029	-0.036	0.006
24174	0	0.0000	0	3.687	-35.491	37.810	-3.41	-4.22	-7.21	-0.011	-0.028	0.006
24181	0	0.0000	0	3.680	-35.489	37.801	-4.03	-4.30	-7.04	0.012	-0.030	0.018
24188	0	0.0000	0	3.673	-35.486	37.792	-4.62	-4.11	-6.75	0.024	0.008	0.028
24195	0	0.0000	0	3.669	-35.483	37.785	-4.84	-4.32	-6.53	0.043	0.012	0.019
24202	0	0.0000	0	3.672	-35.476	37.781	-4.59	-4.40	-6.70	0.039	0.025	0.029
24209	0	0.0000	0	3.684	-35.464	37.780	-4.47	-4.70	-6.31	0.024	0.045	0.029
24216	0	0.0000	0	3.695	-35.452	37.778	-4.31	-5.03	-6.56	0.007	0.046	0.019
24223	0	0.0000	0	3.701	-35.444	37.775	-3.82	-4.98	-6.68	-0.001	0.050	0.021
24230	0	0.0000	0	3.705	-35.437	37.773	-3.74	-4.64	-6.26	0.006	0.008	-0.014
24237	0	0.0000	0	3.706	-35.431	37.768	-3.80	-4.60	-6.13	0.011	-0.002	-0.023
24244	0	0.0000	0	3.703	-35.428	37.762	-4.41	-3.87	-5.83	0.019	-0.029	-0.046
24251	0	0.0000	0	3.696	-35.426	37.754	-4.95	-3.52	-5.31	0.031	-0.044	-0.062
24258	0	0.0000	0	3.693	-35.426	37.751	-5.03	-3.18	-4.62	0.004	-0.055	-0.054
24265	0	0.0000	0	3.693	-35.422	37.748	-5.15	-3.11	-4.47	-0.004	-0.044	-0.061
24272	0	0.0000	0	3.695	-35.419	37.746	-5.10	-2.88	-4.32	-0.031	-0.040	-0.038
24279	0	0.0000	0	3.697	-35.415	37.745	-4.66	-2.93	-4.29	-0.039	-0.021	-0.026
24286	0	0.0000	0	3.699	-35.413	37.744	-4.22	-3.16	-4.08	-0.045	-0.004	0.005
24293	0	0.0000	0	3.696	-35.412	37.740	-4.57	-3.03	-3.87	-0.049	0.014	0.017
24300	0	0.0000	0	3.684	-35.417	37.734	-4.66	-2.82	-3.66	-0.039	0.032	0.020
24307	0	0.0000	0	3.664	-35.424	37.724	-4.92	-2.48	-3.32	-0.023	0.028	0.030
24314	0	0.0000	0	3.640	-35.433	37.712	-5.59	-2.05	-2.98	0.007	0.035	0.052
24321	0	0.0000	0	3.616	-35.442	37.699	-5.94	-1.66	-2.59	0.025	0.035	0.037
24328	0	0.0000	0	3.591	-35.451	37.686	-5.80	-1.19	-2.46	0.047	0.022	0.048
24335	0	0.0000	0	3.574	-35.458	37.677	-5.71	-1.07	-1.82	0.043	0.033	0.050
24342	0	0.0000	0	3.555	-35.464	37.667	-5.23	-1.09	-2.19	0.047	0.017	0.040
24349	0	0.0000	0	3.542	-35.469	37.660	-4.77	-1.13	-1.97	0.017	0.012	0.023
24356	0	0.0000	0	3.529	-35.475	37.654	-3.95	-1.06	-1.90	-0.015	-0.002	0.013
24363	0	0.0000	0	3.512	-35.481	37.646	-3.72	-0.71	-1.64	-0.034	-0.009	-0.018
24370	0	0.0000	0	3.490	-35.490	37.636	-3.64	-0.37	-1.21	-0.037	-0.041	-0.032
24378	0	0.0000	0	3.456	-35.507	37.621	-3.87	-0.30	-0.53	-0.033	-0.052	-0.054
24385	0	0.0000	0	3.420	-35.523	37.605	-4.40	0.70	-0.05	-0.024	-0.047	-0.080
24391	0	0.0000	0	3.388	-35.537	37.591	-4.42	1.15	0.05	-0.006	-0.039	-0.071
24398	0	0.0000	0	3.360	-35.549	37.578	-4.15	1.41	0.48	0.007	-0.027	-0.059
24405	0	0.0000	0	3.336	-35.558	37.565	-4.09	1.45	0.27	0.000	-0.008	-0.047
24412	0	0.0000	0	3.321	-35.564	37.558	-3.65	1.23	0.47	0.002	0.031	-0.036
24419	0	0.0000	0	3.305	-35.570	37.550	-2.87	0.93	0.52	-0.002	0.036	-0.006
24426	0	0.0000	0	3.287	-35.577	37.541	-2.33	0.73	0.92	0.011	0.060	0.010
24433	0	0.0000	0	3.265	-35.587	37.532	-2.27	0.93	1.29	0.016	0.042	0.027
24440	0	0.0000	0	3.236	-35.600	37.519	-2.37	1.31	1.76	0.019	0.037	0.034
24447	0	0.0000	0	3.201	-35.616	37.503	-2.43	1.45	2.41	0.029	0.017	0.035
24454	0	0.0000	0	3.168	-35.631	37.489	-2.46	1.65	2.88	0.020	0.006	0.044
24461	0	0.0000	0	3.134	-35.646	37.473	-2.54	2.00	3.14	0.008	-0.028	0.034
24468	0	0.0000	0	3.105	-35.659	37.460	-2.02	2.42	3.46	-0.006	-0.032	0.036
24475	0	0.0000	0	3.083	-35.668	37.450	-1.07	2.39	3.60	-0.024	-0.039	0.036
24482	0	0.0000	0	3.062	-35.680	37.443	-0.13	2.37	3.85	-0.034	-0.033	0.024
24489	0	0.0000	0	3.044	-35.690	37.438	0.37	2.10	3.93	-0.046	-0.017	0.019
24496	0	0.0000	0	3.022	-35.704	37.432	0.53	1.88	4.31	-0.046	-0.013	-0.004
24503	0	0.0000	0	2.996	-35.722	37.426	1.09	1.78	4.80	-0.036	0.012	-0.029
24510	0	0.0000	0	2.968	-35.739	37.418	0.89	1.83	4.95	-0.009	0.019	-0.022
24517	0	0.0000	0	2.936	-35.760	37.411	1.01	1.99	5.19	0.013	0.034	-0.039
24524	0	0.0000	0	2.910	-35.775	37.402	1.10	2.46	5.06	0.032	0.038	-0.030
24532	0	0.0000	0	2.885	-35.793	37.397	1.33	2.35	5.47	0.029	0.035	-0.022
24539	0	0.0000	0	2.869	-35.805	37.394	1.54	2.37	5.14	0.054	0.031	0.003
24546	0	0.0000	0	2.858	-35.815	37.395	1.75	2.29	4.89	0.046	0.011	0.008
24552	0	0.0000	0	2.853	-35.823	37.398	2.28	2.47	4.72	0.038	0.002	0.030
24559	0	0.0000	0	2.851	-35.829	37.403	2.54	2.02	4.79	0.023	-0.011	0.042
24566	0	0.0000	0	2.852	-35.836	37.411	3.08	1.85	4.54	0.008	-0.028	0.038
24573	0	0.0000	0	2.851	-35.844	37.417	3.27	1.49	4.70	-0.011	-0.031	0.034
24580	0	0.0000	0	2.843	-35.856	37.423	3.67	1.49	5.04	-0.004	-0.036	0.025
24588	0	0.0000	0	2.837	-35.868	37.428	3.06	1.78	4.73	0.012	-0.039	0.013
24595	0	0.0000	0	2.829	-35.880	37.433	3.06	1.70	4.82	-0.001	-0.036	-0.007
24602	0	0.0000	0	2.820	-35.891	37.435	2.69	2.19	4.79	-0.013	-0.025	-0.018
24609	0	0.0000	0	2.818	-35.896	37.439	2.40	2.42	4.43	0.001	-0.013	-0.018
24616	0	0.0000	0	2.818	-35.901	37.444	2.42	2.41	4.32	0.001	0.017	-0.024
24622	0	0.0000	0	2.824	-35.902	37.450	2.58	2.25	3.90	0.006	0.023	-0.013
24629	0	0.0000	0	2.832	-35.903	37.457	2.44	2.45	3.42	-0.010	0.033	-0.009
24637	0	0.0000	0	2.839	-35.904	37.465	2.33	2.21	3.44	-0.008	0.058	-0.016
24644	0	0.0000	0	2.844	-35.906	37.472	2.40	2.13	3.36	-0.006	0.041	-0.015
24651	0	0.0000	0	2.846	-35.910	37.477	2.00	1.87	3.27	-0.005	0.034	-0.021
24658	0	0.0000	0	2.846	-35.914	37.481	1.72	2.04	3.27	0.010	0.010	-0.003
24665	0	0.0000	0	2.841	-35.920	37.482	1.65	2.06	3.12	0.002	-0.003	0.005
24672	0	0.0000	0	2.839	-35.924	37.485	1.45	2.33	3.05	0.008	-0.035	0.013
24679	0	0.0000	0	2.838	-35.927	37.486	1.22	2.50	2.26	-0.005	-0.064	0.014
24686	0	0.0000	0	2.834	-35.931	37.487	1.01	2.48	2.17	-0.010	-0.068	0.029
24693	0	0.0000	0	2.827	-35.937	37.486	1.30	2.39	2.08	-0.015	-0.065	0.029
24700	0	0.0000	0	2.818	-35.944	37.486	0.81	2.34	1.77	-0.019	-0.045	0.033
24707	0	0.0000	0	2.810	-35.951	37.485	0.49	2.37	1.54	0.001	-0.026	0.011
24714	0	0.0000	0	2.799	-35.959	37.484	0.14	2.00	1.52	-0.003	-0.017	-0.004
24721	0	0.0000	0	2.789	-35.965	37.480	-0.15	2.15	1.23	0.011	0.007	-0.021
24728	0	0.0000	0	2.778	-35.971	37.476	-0.01	2.13	1.22	-0.009	0.027	-0.021
24735	0	0.0000	0	2.770	-35.973	37.472	-0.29	2.22	0.88	-0.005	0.029	-0.010
24742	0	0.0000	0	2.765	-35.973	37.467	-0.25	2.10	0.33	-0.005	0.042	-0.017
24749	0	0.0000	0	2.758	-35.972	37.461	-0.38	1.64	0.38	-0.022	0.044	-0.010
24756	0	0.0000	0	2.751	-35.972	37.454	-0.12	1.89	-0.23	-0.010	0.023	0.015
24763	0	0.0000	0	2.743	-35.971	37.447	-0.29	1.54	-0.24	-0.008	0.022	0.020
24770	0	0.0000	0	2.732	-35.972	37.438	-0.23	1.63	-0.49	-0.015	-0.009	0.021
24777	0	0.0000	0	2.723	-35.973	37.429	-0.19	1.40	-0.63	-0.016	-0.019	0.027
24784	0	0.0000	0	2.711	-35.974	37.421	-0.49	0.81	-0.79	-0.011	-0.006	0.018
24791	0	0.0000	0	2.702	-35.975	37.414	-0.06	0.61	-0.91	0.008	-0.017	0.007
24798	0	0.0000	0	2.693	-35.977	37.408	0.40	0.02	-0.90	-0.004	-0.010	-0.003
24805	0	0.0000	0	2.684	-35.979	37.402	0.19	-0.32	-0.98	0.005	-0.005	-0.006
24812	0	0.0000	0	2.675	-35.980	37.395	0.33	-0.72	-1.04	-0.001	-0.005	-0.016
24819	0	0.0000	0	2.666	-35.980	37.387	0.13	-0.90	-0.96	0.001	0.002	-0.019
24826	0	0.0000	0	2.661	-35.976	37.379	0.13	-1.03	-1.27	-0.000	0.002	-0.029
24833	0	0.0000	0	2.662	-35.971	37.375	0.33	-1.59	-1.22	0.008	0.011	-0.012
24840	0	0.0000	0	2.665	-35.965	37.371	0.38	-1.85	-1.75	0.030	0.016	-0.019
24847	0	0.0000	0	2.672	-35.958	37.371	0.75	-2.49	-1.70	0.009	0.022	-0.014
24854	0	0.0000	0	2.686	-35.950	37.375	1.05	-2.42	-2.06	0.027	0.017	-0.004
24861	0	0.0000	0	2.697	-35.943	37.378	1.03	-2.56	-2.12	-0.007	0.027	0.006
24868	0	0.0000	0	2.713	-35.936	37.385	1.18	-2.72	-2.10	-0.011	0.024	0.022
24875	0	0.0000	0	2.727	-35.931	37.394	1.44	-2.89	-2.62	-0.024	0.002	0.032
24882	0	0.0000	0	2.743	-35.926	37.402	1.10	-2.91	-2.37	-0.030	-0.002	0.022
24889	0	0.0000	0	2.757	-35.924	37.412	1.11	-3.05	-1.91	-0.024	-0.021	0.023
24896	0	0.0000	0	2.776	-35.921	37.426	0.88	-2.95	-1.89	-0.009	-0.037	0.003
24903	0	0.0000	0	2.796	-35.916	37.439	0.82	-2.84	-1.52	0.008	-0.032	-0.007
24910	0	0.0000	0	2.821	-35.908	37.454	0.73	-2.98	-1.40	-0.004	-0.031	-0.034
24917	0	0.0000	0	2.852	-35.898	37.470	0.85	-3.18	-1.42	-0.013	-0.008	-0.020
24924	0	0.0000	0	2.883	-35.882	37.482	0.86	-2.98	-1.31	-0.004	-0.020	-0.021
24931	0	0.0000	0	2.916	-35.866	37.495	0.96	-3.03	-1.37	-0.001	-0.018	-0.016
24938	0	0.0000	0	2.942	-35.851	37.505	0.76	-2.78	-1.72	0.014	-0.015	-0.002
24945	0	0.0000	0	2.963	-35.839	37.511	0.25	-2.26	-1.63	0.032	-0.019	0.008
24952	0	0.0000	0	2.983	-35.828	37.518	-0.18	-2.02	-1.23	0.040	-0.013	-0.011
24959	0	0.0000	0	2.998	-35.822	37.525	-0.99	-1.74	-0.60	0.041	0.007	-0.010
24966	0	0.0000	0	3.010	-35.818	37.532	-1.45	-1.60	0.14	0.029	0.005	-0.005
24973	0	0.0000	0	3.021	-35.815	37.539	-2.29	-1.35	0.74	0.035	0.014	-0.007
24980	0	0.0000	0	3.034	-35.811	37.546	-2.68	-1.21	1.31	0.026	0.013	-0.012
24987	0	0.0000	0	3.047	-35.808	37.555	-2.85	-0.82	1.61	-0.002	0.028	0.005
24994	0	0.0000	0	3.057	-35.806	37.562	-3.12	-0.71	1.99	-0.019	0.026	0.006
25001	0	0.0000	0	3.067	-35.803	37.568	-3.51	-0.48	2.47	-0.019	0.011	0.007
25008	0	0.0000	0	3.068	-35.806	37.571	-4.22	0.25	2.86	-0.020	0.003	0.004
25015	0	0.0000	0	3.062	-35.811	37.571	-4.46	0.49	3.18	-0.024	-0.005	0.017
25022	0	0.0000	0	3.048	-35.822	37.569	-5.48	1.37	3.54	-0.018	-0.016	0.002
25029	0	0.0000	0	3.026	-35.837	37.564	-6.22	1.70	3.95	-0.012	-0.020	0.008
25036	0	0.0000	0	2.997	-35.857	37.558	-7.05	2.30	4.39	-0.011	-0.033	-0.003
25043	0	0.0000	0	2.965	-35.878	37.550	-7.52	2.73	4.64	-0.003	-0.021	0.004
25050	0	0.0000	0	2.923	-35.904	37.539	-7.84	3.02	4.77	-0.005	-0.014	0.005
25057	0	0.0000	0	2.881	-35.931	37.529	-8.29	2.96	4.97	-0.007	0.002	-0.004
25064	0	0.0000	0	2.833	-35.961	37.515	-8.60	3.30	5.05	0.004	0.007	0.017
25071	0	0.0000	0	2.773	-35.997	37.498	-9.40	3.54	5.29	0.007	0.022	0.008
25078	0	0.0000	0	2.710	-36.034	37.478	-9.74	3.74	5.32	0.017	0.028	0.003
25085	0	0.0000	0	2.637	-36.074	37.453	-10.68	4.25	5.75	0.019	0.027	-0.006
25092	0	0.0000	0	2.558	-36.116	37.424	-11.70	4.48	6.33	0.048	0.026	-0.009
25099	0	0.0000	0	2.475	-36.158	37.392	-12.34	5.05	6.72	0.045	0.023	-0.017
25106	0	0.0000	0	2.394	-36.197	37.359	-12.82	5.32	6.82	0.040	0.017	-0.026
25113	0	0.0000	0	2.316	-36.233	37.326	-13.21	5.46	6.96	0.026	0.027	-0.028
25120	0	0.0000	0	2.240	-36.267	37.292	-13.13	5.53	7.03	-0.007	0.017	-0.008
25127	0	0.0000	0	2.161	-36.303	37.257	-13.23	5.74	7.23	-0.031	0.038	0.008
25134	0	0.0000	0	2.078	-36.341	37.221	-13.26	5.71	7.19	-0.063	0.010	0.010
25141	0	0.0000	0	1.980	-36.386	37.179	-13.63	5.53	7.53	-0.071	0.012	0.005
25148	0	0.0000	0	1.876	-36.435	37.135	-13.97	5.64	8.08	-0.069	0.010	0.005
25155	0	0.0000	0	1.763	-36.489	37.087	-14.46	6.00	8.52	-0.058	-0.028	0.008
25162	0	0.0000	0	1.648	-36.543	37.040	-15.23	6.27	9.13	-0.045	-0.028	0.003
25169	0	0.0000	0	1.527	-36.602	36.991	-15.81	6.42	9.45	-0.032	-0.013	0.020
25176	0	0.0000	0	1.412	-36.660	36.946	-15.93	6.16	9.62	-0.015	-0.026	0.015
25183	0	0.0000	0	1.298	-36.718	36.901	-15.68	5.82	9.72	0.008	-0.011	0.030
25190	0	0.0000	0	1.186	-36.774	36.858	-15.44	5.11	9.87	0.018	0.024	0.035
25197	0	0.0000	0	1.062	-36.837	36.810	-15.30	4.62	9.90	0.020	0.009	0.030
25204	0	0.0000	0	0.944	-36.897	36.764	-15.04	4.48	10.10	0.054	0.024	0.009
25211	0	0.0000	0	0.818	-36.958	36.713	-15.12	4.41	10.03	0.032	0.015	0.002
25219	0	0.0000	0	0.681	-37.024	36.657	-15.28	4.33	10.38	0.048	0.004	-0.019
25226	0	0.0000	0	0.546	-37.090	36.602	-15.44	4.54	10.76	0.024	-0.018	-0.022
25233	0	0.0000	0	0.412	-37.155	36.548	-15.56	4.61	10.91	0.025	-0.026	-0.029
25240	0	0.0000	0	0.275	-37.221	36.492	-15.73	4.70	11.09	0.005	-0.051	-0.035
25247	0	0.0000	0	0.144	-37.287	36.440	-15.72	4.77	10.90	-0.006	-0.025	-0.029
25254	0	0.0000	0	0.019	-37.350	36.392	-15.26	4.53	11.00	-0.032	-0.025	-0.018
25261	0	0.0000	0	-0.102	-37.414	36.347	-15.04	4.10	11.00	-0.038	-0.009	0.006
25268	0	0.0000	0	-0.219	-37.477	36.305	-15.05	3.70	10.78	-0.051	0.010	0.012
25275	0	0.0000	0	-0.340	-37.545	36.266	-14.85	3.54	11.05	-0.049	0.016	0.026
25282	0	0.0000	0	-0.454	-37.608	36.227	-15.10	3.40	11.43	-0.034	0.029	0.034
25289	0	0.0000	0	-0.571	-37.674	36.187	-15.32	3.15	11.70	-0.020	0.013	0.055
25296	0	0.0000	0	-0.688	-37.738	36.147	-15.63	3.32	11.95	-0.011	0.002	0.039
25303	0	0.0000	0	-0.800	-37.799	36.108	-16.05	3.29	12.19	-0.008	0.006	0.035
25310	0	0.0000	0	-0.913	-37.859	36.066	-15.93	3.09	12.16	-0.001	-0.023	0.026
25317	0	0.0000	0	-1.024	-37.917	36.025	-16.23	3.37	12.18	0.006	-0.029	0.030
25324	0	0.0000	0	-1.133	-37.976	35.987	-15.78	2.98	12.13	0.013	-0.028	0.018
25331	0	0.0000	0	-1.243	-38.035	35.948	-15.86	2.92	11.73	0.009	-0.019	0.001
25338	0	0.0000	0	-1.356	-38.094	35.906	-15.99	3.09	11.90	0.015	-0.006	-0.009
25345	0	0.0000	0	-1.477	-38.157	35.860	-16.33	3.14	11.77	0.013	-0.003	-0.023
25352	0	0.0000	0	-1.607	-38.224	35.812	-16.95	3.21	12.11	0.024	0.004	-0.034
25359	0	0.0000	0	-1.737	-38.292	35.764	-17.78	3.12	12.19	0.032	0.020	-0.038
25366	0	0.0000	0	-1.868	-38.361	35.715	-18.50	3.37	12.44	0.038	0.014	-0.034
25373	0	0.0000	0	-2.001	-38.430	35.666	-19.27	3.49	12.13	0.037	0.012	-0.035
25380	0	0.0000	0	-2.129	-38.498	35.619	-19.77	3.50	12.31	0.026	0.018	-0.015
25386	0	0.0000	0	-2.253	-38.565	35.575	-20.02	3.47	11.85	0.002	0.013	0.006
25393	0	0.0000	0	-2.376	-38.630	35.530	-19.84	3.29	11.33	-0.009	0.008	0.022
25401	0	0.0000	0	-2.507	-38.699	35.483	-19.63	3.17	11.13	-0.020	-0.006	0.038
25408	0	0.0000	0	-2.638	-38.768	35.434	-19.84	3.01	10.55	-0.017	0.009	0.047
25415	0	0.0000	0	-2.774	-38.838	35.382	-20.48	3.04	10.31	-0.019	-0.013	0.026
25422	0	0.0000	0	-2.917	-38.910	35.327	-21.49	3.39	10.33	-0.007	-0.010	0.022
25429	0	0.0000	0	-3.069	-38.984	35.266	-22.43	3.71	10.22	0.016	-0.023	0.015
25436	0	0.0000	0	-3.223	-39.060	35.204	-23.55	3.94	9.84	0.012	-0.021	0.016
25443	0	0.0000	0	-3.373	-39.133	35.142	-24.15	3.95	9.69	0.026	-0.020	-0.001
25450	0	0.0000	0	-3.520	-39.202	35.080	-24.90	4.27	9.06	0.021	-0.001	0.002
25457	0	0.0000	0	-3.669	-39.270	35.015	-25.22	4.38	8.31	0.021	0.009	-0.002
25464	0	0.0000	0	-3.814	-39.335	34.951	-25.65	4.30	7.98	-0.007	0.012	0.002
25471	0	0.0000	0	-3.956	-39.398	34.887	-25.94	4.34	7.50	-0.003	0.029	-0.022
25478	0	0.0000	0	-4.103	-39.462	34.820	-26.44	4.56	7.03	-0.004	0.029	-0.023
25485	0	0.0000	0	-4.259	-39.527	34.746	-27.29	4.73	6.34	-0.002	0.021	-0.025
25492	0	0.0000	0	-4.418	-39.592	34.669	-28.02	4.84	6.11	0.003	0.020	-0.027
25499	0	0.0000	0	-4.586	-39.660	34.588	-28.87	4.57	5.75	-0.004	0.008	-0.027
25506	0	0.0000	0	-4.755	-39.728	34.506	-29.63	4.97	5.47	0.006	0.001	-0.020
25513	0	0.0000	0	-4.924	-39.796	34.423	-30.53	4.98	5.31	0.007	-0.017	-0.006
25520	0	0.0000	0	-5.096	-39.863	34.337	-31.33	4.74	4.98	0.015	-0.019	-0.013
25527	0	0.0000	0	-5.272	-39.932	34.249	-32.01	4.61	4.51	-0.002	-0.013	0.017
25534	0	0.0000	0	-5.447	-40.000	34.161	-32.41	4.41	4.05	-0.007	-0.010	0.033
25541	0	0.0000	0	-5.623	-40.067	34.071	-32.66	4.14	3.52	-0.014	-0.006	0.028
25548	0	0.0000	0	-5.806	-40.135	33.977	-32.73	3.70	3.08	-0.008	-0.010	0.036
25555	0	0.0000	0	-5.986	-40.201	33.882	-33.34	3.66	2.35	-0.041	0.017	0.033
25562	0	0.0000	0	-6.173	-40.267	33.782	-33.42	3.43	2.13	-0.018	0.008	0.041
25569	0	0.0000	0	-6.369	-40.336	33.677	-33.97	3.40	1.66	-0.014	0.011	0.025
25576	0	0.0000	0	-6.571	-40.405	33.567	-34.52	3.43	1.44	-0.022	0.009	0.013
25583	0	0.0000	0	-6.774	-40.475	33.455	-34.88	3.30	0.87	-0.009	0.008	0.004
25590	0	0.0000	0	-6.975	-40.542	33.344	-34.40	2.91	0.57	-0.018	0.007	-0.000
25597	0	0.0000	0	-7.177	-40.609	33.232	-33.87	2.67	-0.36	-0.040	0.001	-0.015
25604	0	0.0000	0	-7.381	-40.679	33.121	-33.42	2.03	-0.91	-0.040	0.007	-0.034
25611	0	0.0000	0	-7.576	-40.745	33.013	-32.64	1.64	-0.87	-0.025	0.002	-0.046
25618	0	0.0000	0	-7.769	-40.809	32.906	-32.37	1.15	-1.18	-0.032	0.000	-0.055
25625	0	0.0000	0	-7.961	-40.873	32.798	-32.29	1.21	-1.21	-0.015	-0.001	-0.056
25632	0	0.0000	0	-8.146	-40.931	32.693	-32.23	1.25	-1.43	-0.013	-0.011	-0.037
25639	0	0.0000	0	-8.328	-40.988	32.589	-31.94	1.45	-1.49	0.016	-0.024	-0.031
25646	0	0.0000	0	-8.503	-41.042	32.487	-31.34	1.65	-1.97	0.034	-0.019	-0.015
25653	0	0.0000	0	-8.666	-41.092	32.392	-30.75	1.66	-2.14	0.029	-0.004	0.008
25660	0	0.0000	0	-8.826	-41.142	32.300	-30.24	1.42	-2.21	0.031	-0.006	0.032
25668	0	0.0000	0	-8.979	-41.189	32.211	-29.19	1.40	-2.49	0.012	0.007	0.047
25675	0	0.0000	0	-9.121	-41.233	32.129	-28.10	1.55	-2.68	-0.003	-0.010	0.041
25682	0	0.0000	0	-9.259	-41.274	32.048	-26.86	1.97	-2.86	-0.004	-0.013	0.042
25689	0	0.0000	0	-9.400	-41.317	31.965	-25.58	2.50	-2.77	-0.023	-0.005	0.022
25696	0	0.0000	0	-9.545	-41.358	31.878	-24.67	2.56	-2.36	-0.049	-0.009	0.006
25702	0	0.0000	0	-9.688	-41.400	31.792	-23.64	3.06	-1.68	-0.045	-0.001	-0.016
25709	0	0.0000	0	-9.836	-41.441	31.702	-22.54	3.81	-0.67	-0.064	-0.018	-0.044
25717	0	0.0000	0	-9.985	-41.481	31.610	-21.32	4.86	0.12	-0.051	-0.036	-0.055
25724	0	0.0000	0	-10.121	-41.514	31.522	-20.00	5.52	0.78	-0.040	-0.022	-0.066
25731	0	0.0000	0	-10.245	-41.541	31.440	-18.74	6.07	1.41	-0.042	-0.002	-0.079
25738	0	0.0000	0	-10.366	-41.565	31.357	-17.43	6.36	2.56	-0.028	-0.005	-0.069
25745	0	0.0000	0	-10.474	-41.585	31.281	-16.04	6.65	3.10	-0.005	-0.009	-0.048
25752	0	0.0000	0	-10.574	-41.600	31.207	-14.31	7.18	3.80	-0.003	0.010	-0.028
25759	0	0.0000	0	-10.671	-41.614	31.136	-12.95	7.76	4.29	0.024	0.007	0.010
25766	0	0.0000	0	-10.765	-41.626	31.065	-12.31	8.11	4.47	0.026	0.009	0.025
25773	0	0.0000	0	-10.857	-41.639	30.996	-10.81	8.83	5.10	0.037	0.018	0.052
25780	0	0.0000	0	-10.948	-41.654	30.930	-9.46	9.24	5.77	0.055	0.007	0.049
25787	0	0.0000	0	-11.040	-41.670	30.865	-8.30	9.49	6.79	0.046	-0.003	0.053
25794	0	0.0000	0	-11.133	-41.686	30.800	-7.53	9.57	7.21	0.041	0.006	0.052
25801	0	0.0000	0	-11.219	-41.703	30.739	-5.73	9.95	8.20	0.034	0.004	0.041
25808	0	0.0000	0	-11.307	-41.719	30.679	-4.52	10.22	9.16	0.031	-0.005	0.026
25815	0	0.0000	0	-11.391	-41.734	30.619	-3.21	10.61	9.89	0.011	-0.011	0.015
25822	0	0.0000	0	-11.471	-41.747	30.561	-2.54	10.95	10.15	0.002	-0.004	0.000
25829	0	0.0000	0	-11.547	-41.757	30.504	-1.24	11.39	10.84	-0.015	-0.008	-0.011
25836	0	0.0000	0	-11.617	-41.765	30.450	-0.08	11.65	11.11	-0.027	-0.006	-0.019
25843	0	0.0000	0	-11.681	-41.771	30.399	0.93	12.17	11.27	-0.028	-0.005	-0.026
25849	0	0.0000	0	-11.740	-41.773	30.349	1.94	12.35	11.46	-0.037	0.006	-0.019
25857	0	0.0000	0	-11.790	-41.774	30.306	2.58	12.62	11.72	-0.022	0.013	-0.021
25864	0	0.0000	0	-11.837	-41.776	30.267	3.50	12.75	11.94	-0.008	0.018	-0.016
25871	0	0.0000	0	-11.877	-41.777	30.233	3.97	12.57	11.85	0.012	0.033	-0.004
25878	0	0.0000	0	-11.913	-41.777	30.201	4.62	12.65	11.75	0.020	0.041	0.001
25884	0	0.0000	0	-11.942	-41.776	30.175	5.11	12.61	12.15	0.028	0.037	0.004
25891	0	0.0000	0	-11.973	-41.774	30.146	5.33	12.39	11.93	0.042	0.024	0.006
25898	0	0.0000	0	-11.998	-41.772	30.121	5.59	12.25	12.13	0.052	0.028	0.011
25905	0	0.0000	0	-12.023	-41.768	30.096	6.09	12.00	11.88	0.044	0.012	0.017
25912	0	0.0000	0	-12.046	-41.764	30.071	6.68	11.66	12.06	0.047	0.006	0.034
25919	0	0.0000	0	-12.067	-41.758	30.048	7.35	11.19	11.33	0.020	0.004	0.048
25927	0	0.0000	0	-12.084	-41.749	30.024	8.34	10.82	11.13	-0.008	-0.016	0.037
25934	0	0.0000	0	-12.104	-41.741	29.998	8.50	10.41	10.54	-0.006	-0.023	0.036
25941	0	0.0000	0	-12.128	-41.735	29.971	8.49	10.23	10.10	-0.004	-0.029	0.029
25948	0	0.0000	0	-12.152	-41.732	29.947	8.43	9.92	10.14	-0.008	-0.017	0.029
25954	0	0.0000	0	-12.173	-41.726	29.923	8.47	9.55	9.85	-0.006	-0.009	0.023
25961	0	0.0000	0	-12.185	-41.722	29.908	8.96	8.51	9.33	-0.016	0.000	-0.003
25968	0	0.0000	0	-12.193	-41.716	29.895	9.50	7.63	8.62	-0.016	0.037	0.006
25975	0	0.0000	0	-12.194	-41.710	29.888	10.03	6.67	8.10	-0.020	0.025	0.002
25983	0	0.0000	0	-12.190	-41.702	29.884	10.21	6.24	7.40	-0.009	0.031	-0.008
25990	0	0.0000	0	-12.181	-41.695	29.885	10.03	5.36	6.87	-0.002	0.035	-0.022
25997	0	0.0000	0	-12.167	-41.686	29.889	9.59	4.91	6.60	0.009	0.022	-0.039
26004	0	0.0000	0	-12.151	-41.678	29.896	9.29	4.19	6.56	0.009	0.013	-0.042
26011	0	0.0000	0	-12.127	-41.667	29.906	8.90	3.63	6.35	0.018	0.013	-0.040
26018	0	0.0000	0	-12.092	-41.654	29.925	8.85	3.17	5.80	0.013	-0.007	-0.020
26025	0	0.0000	0	-12.043	-41.638	29.951	9.03	2.45	5.08	0.004	-0.031	-0.004
26032	0	0.0000	0	-11.989	-41.621	29.982	9.45	1.86	4.40	-0.007	-0.024	0.013
26039	0	0.0000	0	-11.934	-41.605	30.015	9.14	0.96	3.50	-0.001	-0.024	0.029
26046	0	0.0000	0	-11.874	-41.588	30.051	8.87	0.09	3.06	-0.012	-0.014	0.037
26053	0	0.0000	0	-11.827	-41.576	30.081	8.83	-0.10	2.86	0.011	-0.014	0.043
26060	0	0.0000	0	-11.786	-41.566	30.107	8.12	-0.56	2.66	0.031	-0.008	0.039
26067	0	0.0000	0	-11.746	-41.559	30.136	7.37	-1.09	2.13	0.039	-0.006	0.022
26074	0	0.0000	0	-11.711	-41.553	30.161	6.73	-1.64	1.85	0.045	0.014	0.015
26081	0	0.0000	0	-11.675	-41.549	30.188	6.22	-2.23	1.26	0.039	0.011	0.011
26088	0	0.0000	0	-11.641	-41.547	30.217	5.85	-2.35	0.79	0.037	0.009	-0.018
26095	0	0.0000	0	-11.601	-41.544	30.250	5.26	-2.67	0.22	0.022	0.020	-0.022
26102	0	0.0000	0	-11.560	-41.542	30.283	4.53	-3.10	-0.21	0.015	0.024	-0.027
26109	0	0.0000	0	-11.519	-41.540	30.317	4.09	-3.62	-0.73	0.003	0.010	-0.023
26116	0	0.0000	0	-11.476	-41.536	30.351	3.52	-3.72	-1.01	-0.000	0.004	-0.031
26123	0	0.0000	0	-11.432	-41.531	30.385	3.09	-3.96	-1.50	-0.004	0.011	-0.033
26130	0	0.0000	0	-11.386	-41.527	30.421	2.60	-4.39	-1.75	-0.021	-0.022	-0.023
26137	0	0.0000	0	-11.339	-41.520	30.456	2.30	-4.62	-2.59	-0.029	-0.022	0.003
26144	0	0.0000	0	-11.295	-41.514	30.489	1.64	-4.68	-3.25	-0.036	-0.028	0.007
26151	0	0.0000	0	-11.254	-41.508	30.520	1.48	-4.65	-3.74	-0.037	-0.054	0.024
26158	0	0.0000	0	-11.215	-41.503	30.549	1.23	-4.93	-4.28	-0.036	-0.043	0.023
26165	0	0.0000	0	-11.178	-41.501	30.580	0.89	-5.04	-4.99	-0.018	-0.041	0.038
26172	0	0.0000	0	-11.144	-41.501	30.610	0.38	-5.13	-5.34	-0.012	-0.020	0.028
26180	0	0.0000	0	-11.113	-41.502	30.637	-0.14	-5.46	-5.75	-0.002	0.000	0.033
26187	0	0.0000	0	-11.088	-41.502	30.660	-0.17	-5.85	-5.87	0.008	0.019	0.019
26194	0	0.0000	0	-11.066	-41.502	30.679	-0.37	-6.06	-6.51	0.010	0.036	0.017
26201	0	0.0000	0	-11.041	-41.501	30.700	-0.29	-6.53	-7.07	0.001	0.034	-0.017
26208	0	0.0000	0	-11.016	-41.499	30.720	0.07	-6.68	-7.39	-0.008	0.037	-0.031
26215	0	0.0000	0	-10.992	-41.494	30.737	0.30	-6.86	-7.65	-0.014	0.036	-0.039
26222	0	0.0000	0	-10.967	-41.490	30.755	0.29	-6.92	-7.90	-0.005	0.019	-0.063
26229	0	0.0000	0	-10.943	-41.484	30.770	0.32	-6.87	-8.62	-0.004	-0.007	-0.060
26236	0	0.0000	0	-10.915	-41.476	30.787	0.85	-6.44	-9.05	0.003	-0.020	-0.065
26243	0	0.0000	0	-10.884	-41.469	30.807	1.09	-6.50	-9.55	-0.000	-0.048	-0.053
26250	0	0.0000	0	-10.844	-41.460	30.833	1.54	-6.61	-9.57	-0.012	-0.040	-0.042
26257	0	0.0000	0	-10.799	-41.449	30.862	1.89	-6.96	-9.57	-0.005	-0.035	-0.016
26264	0	0.0000	0	-10.751	-41.440	30.896	2.41	-7.40	-9.75	-0.026	-0.030	-0.007
26271	0	0.0000	0	-10.697	-41.428	30.931	3.73	-7.55	-9.65	-0.033	-0.019	0.015
26278	0	0.0000	0	-10.638	-41.414	30.970	4.77	-8.16	-10.08	-0.057	0.004	0.029
26285	0	0.0000	0	-10.579	-41.398	31.006	6.20	-8.37	-10.46	-0.056	0.009	0.054
26292	0	0.0000	0	-10.524	-41.383	31.040	6.84	-8.86	-10.61	-0.062	0.021	0.061
26300	0	0.0000	0	-10.468	-41.366	31.072	7.88	-8.58	-11.19	-0.047	0.018	0.051
26307	0	0.0000	0	-10.419	-41.351	31.101	8.90	-8.20	-11.33	-0.039	0.023	0.052
26314	0	0.0000	0	-10.369	-41.334	31.129	9.49	-7.86	-11.51	-0.025	0.030	0.036
26321	0	0.0000	0	-10.314	-41.317	31.161	10.25	-7.85	-11.33	-0.007	0.013	0.019
26327	0	0.0000	0	-10.248	-41.297	31.199	11.14	-7.82	-11.82	0.017	0.011	0.013
26334	0	0.0000	0	-10.169	-41.274	31.247	12.72	-8.12	-11.94	0.026	0.028	-0.002
26342	0	0.0000	0	-10.071	-41.245	31.305	14.68	-8.38	-12.38	0.016	0.009	-0.008
26349	0	0.0000	0	-9.968	-41.216	31.366	16.79	-9.09	-12.82	0.015	-0.001	-0.029
26356	0	0.0000	0	-9.847	-41.180	31.438	18.71	-9.00	-13.25	0.008	0.002	-0.033
26363	0	0.0000	0	-9.727	-41.143	31.508	19.92	-9.11	-13.71	0.017	-0.010	-0.036
26370	0	0.0000	0	-9.600	-41.103	31.581	21.72	-9.09	-13.85	-0.000	-0.023	-0.029
26377	0	0.0000	0	-9.465	-41.060	31.657	22.78	-8.80	-14.25	0.005	-0.039	-0.018
26384	0	0.0000	0	-9.325	-41.013	31.735	24.23	-8.84	-14.29	0.019	-0.031	-0.024
26391	0	0.0000	0	-9.181	-40.965	31.815	24.82	-8.66	-14.63	0.013	-0.032	-0.015
26398	0	0.0000	0	-9.019	-40.912	31.906	26.44	-8.42	-14.91	0.003	-0.026	0.007
26405	0	0.0000	0	-8.839	-40.851	32.005	27.92	-8.49	-15.15	0.002	-0.018	0.014
26412	0	0.0000	0	-8.655	-40.789	32.107	29.38	-8.49	-15.23	-0.010	0.017	0.007
# pulse wheel = Z
26420	2	0.0000	0	-8.450	-40.717	32.217	30.78	-8.66	-15.41	0.004	0.043	0.015
26427	2	0.0000	0	-8.248	-40.646	32.325	32.53	-8.82	-15.31	0.008	0.032	0.018
26434	2	0.0000	0	-8.033	-40.569	32.440	33.44	-9.13	-15.27	0.027	0.039	0.006
26441	2	0.0000	0	-7.812	-40.486	32.554	34.55	-8.96	-15.18	0.021	0.042	0.019
26448	2	0.0000	0	-7.582	-40.400	32.673	36.15	-8.57	-15.06	0.014	0.015	0.017
26455	2	0.0000	0	-7.336	-40.306	32.797	36.99	-8.10	-15.20	0.019	0.011	0.008
26462	2	0.0000	0	-7.096	-40.213	32.918	37.85	-7.97	-15.24	0.023	-0.021	-0.001
26469	2	0.0000	0	-6.846	-40.116	33.043	38.58	-7.78	-14.88	0.019	-0.033	-0.008
26476	2	0.0000	0	-6.589	-40.016	33.172	39.07	-7.36	-14.63	0.026	-0.050	-0.012
26483	2	0.0000	0	-6.327	-39.914	33.303	39.34	-6.86	-14.14	0.038	-0.038	-0.026
26490	2	0.0000	0	-6.060	-39.809	33.437	39.59	-6.53	-13.98	0.046	-0.040	-0.029
26497	2	0.0000	0	-5.790	-39.704	33.572	39.54	-6.48	-13.24	0.041	-0.024	-0.040
26504	2	0.0000	0	-5.503	-39.592	33.715	39.51	-6.45	-12.61	0.036	-0.011	-0.054
26511	2	0.0000	0	-5.214	-39.477	33.857	40.00	-6.66	-12.04	0.020	0.024	-0.040
26518	2	0.0000	0	-4.920	-39.357	34.000	40.08	-7.22	-12.09	0.012	0.050	-0.038
26525	2	0.0000	0	-4.616	-39.233	34.146	40.31	-7.20	-11.81	0.006	0.044	-0.017
26532	2	0.0000	0	-4.335	-39.115	34.279	39.89	-7.42	-11.69	-0.006	0.049	0.003
26539	2	0.0000	0	-4.048	-38.992	34.411	39.51	-7.20	-11.21	-0.007	0.049	-0.001
26546	2	0.0000	0	-3.789	-38.880	34.530	38.36	-7.11	-11.21	-0.001	0.026	0.029
26553	2	0.0000	0	-3.538	-38.773	34.646	37.96	-6.94	-11.30	-0.007	0.008	0.045
26560	2	0.0000	0	-3.290	-38.667	34.761	37.94	-6.73	-11.70	-0.008	-0.026	0.066
26567	2	0.0000	0	-3.046	-38.564	34.876	37.62	-6.83	-12.23	-0.023	-0.027	0.072
26575	2	0.0000	0	-2.795	-38.461	34.997	37.76	-7.02	-12.07	-0.008	-0.028	0.063
26581	2	0.0000	0	-2.557	-38.367	35.115	37.40	-7.68	-11.69	0.001	-0.017	0.028
26588	2	0.0000	0	-2.327	-38.275	35.227	36.70	-8.09	-11.32	-0.001	-0.012	0.013
26596	2	0.0000	0	-2.084	-38.176	35.345	36.54	-8.11	-11.34	-0.005	0.004	-0.007
26603	2	0.0000	0	-1.844	-38.077	35.460	36.54	-8.16	-11.30	-0.010	-0.006	-0.021
26610	2	0.0000	0	-1.597	-37.971	35.575	36.23	-7.72	-12.07	0.003	0.009	-0.021
26617	2	0.0000	0	-1.344	-37.860	35.689	36.43	-7.65	-12.34	-0.003	-0.004	-0.025
26624	2	0.0000	0	-1.086	-37.744	35.803	36.10	-7.15	-12.62	-0.009	0.000	-0.026
26631	2	0.0000	0	-0.817	-37.621	35.919	35.41	-6.58	-12.49	0.009	0.004	-0.020
26638	2	0.0000	0	-0.562	-37.502	36.028	34.99	-6.40	-12.47	0.010	-0.009	-0.038
26645	2	0.0000	0	-0.305	-37.382	36.137	34.04	-5.80	-11.70	0.035	-0.023	-0.038
26652	2	0.0000	0	-0.052	-37.262	36.244	32.63	-5.15	-10.71	0.032	-0.016	-0.037
26659	2	0.0000	0	0.212	-37.137	36.354	31.70	-4.80	-9.50	0.052	-0.014	-0.057
26666	2	0.0000	0	0.460	-37.017	36.455	30.74	-4.36	-8.45	0.046	-0.006	-0.049
26673	2	0.0000	0	0.702	-36.897	36.552	30.15	-4.10	-8.11	0.031	0.001	-0.025
26680	2	0.0000	0	0.950	-36.774	36.650	29.50	-3.83	-7.32	0.013	-0.006	-0.001
26687	2	0.0000	0	1.185	-36.657	36.742	28.72	-3.36	-6.69	0.011	0.003	0.007
26694	2	0.0000	0	1.413	-36.541	36.830	27.17	-2.20	-5.88	0.010	-0.004	0.037
26701	2	0.0000	0	1.618	-36.435	36.908	25.49	-1.61	-4.78	0.008	-0.011	0.031
26708	2	0.0000	0	1.807	-36.338	36.979	24.40	-1.15	-4.15	0.014	-0.005	0.045
26715	2	0.0000	0	1.992	-36.244	37.050	23.01	-0.63	-3.28	0.001	0.002	0.045
26722	2	0.0000	0	2.158	-36.159	37.114	22.25	0.17	-2.48	-0.016	0.010	0.054
26729	2	0.0000	0	2.309	-36.082	37.172	21.34	0.33	-2.67	-0.032	0.021	0.057
26736	2	0.0000	0	2.446	-36.013	37.226	20.58	0.73	-2.96	-0.042	0.029	0.054
26743	2	0.0000	0	2.570	-35.954	37.277	20.24	0.86	-2.74	-0.041	0.026	0.044
26751	2	0.0000	0	2.683	-35.901	37.324	18.98	0.95	-2.21	-0.022	0.024	0.020
26757	2	0.0000	0	2.774	-35.859	37.364	17.61	1.24	-1.66	-0.017	0.014	-0.004
26765	2	0.0000	0	2.854	-35.823	37.399	16.31	1.48	-1.33	0.007	0.011	-0.018
26771	2	0.0000	0	2.927	-35.789	37.431	15.65	1.95	-1.04	0.014	0.008	-0.038
26778	2	0.0000	0	3.000	-35.755	37.462	14.91	1.93	-0.70	0.029	-0.000	-0.038
26785	2	0.0000	0	3.072	-35.719	37.490	13.89	2.06	-1.09	0.024	-0.007	-0.031
26792	2	0.0000	0	3.144	-35.680	37.516	13.27	2.16	-1.08	0.018	-0.015	-0.031
26799	2	0.0000	0	3.219	-35.638	37.541	12.78	2.15	-1.01	0.009	-0.006	-0.024
26806	2	0.0000	0	3.293	-35.594	37.563	12.42	2.10	-1.23	0.004	-0.014	-0.033
26813	2	0.0000	0	3.365	-35.552	37.586	11.87	2.13	-1.03	-0.018	-0.008	-0.022
26820	2	0.0000	0	3.431	-35.511	37.604	11.15	2.14	-1.28	-0.037	-0.015	-0.014
26827	2	0.0000	0	3.494	-35.471	37.620	10.26	2.00	-0.99	-0.045	-0.007	-0.005
26834	2	0.0000	0	3.551	-35.433	37.634	10.24	1.79	-1.28	-0.051	0.006	0.016
26841	2	0.0000	0	3.604	-35.399	37.646	9.97	1.61	-1.04	-0.040	0.018	0.028
26848	2	0.0000	0	3.649	-35.369	37.657	9.16	1.50	-1.50	-0.042	0.024	0.038
26855	2	0.0000	0	3.689	-35.342	37.666	8.58	0.94	-1.20	-0.020	0.025	0.054
26862	2	0.0000	0	3.719	-35.322	37.673	7.98	0.69	-1.10	-0.005	0.027	0.027
26869	2	0.0000	0	3.746	-35.303	37.678	7.72	0.53	-1.00	0.018	0.031	0.020
26876	2	0.0000	0	3.768	-35.288	37.683	7.69	0.11	-1.08	0.019	0.028	0.018
26883	2	0.0000	0	3.788	-35.278	37.691	7.54	-0.44	-1.11	0.012	0.025	0.009
26890	2	0.0000	0	3.806	-35.268	37.697	7.57	-1.32	-1.22	0.018	0.019	0.012
26897	2	0.0000	0	3.825	-35.258	37.704	7.61	-1.84	-1.05	0.009	0.003	-0.007
26904	2	0.0000	0	3.845	-35.247	37.711	7.83	-2.22	-1.42	0.012	-0.007	-0.020
26911	2	0.0000	0	3.864	-35.236	37.717	7.81	-2.98	-1.59	-0.002	-0.025	-0.016
26918	2	0.0000	0	3.888	-35.224	37.725	7.68	-3.23	-1.75	-0.000	-0.037	-0.002
26925	2	0.0000	0	3.911	-35.210	37.733	7.94	-3.54	-1.80	-0.022	-0.048	0.000
26932	2	0.0000	0	3.936	-35.198	37.743	7.62	-3.48	-1.75	-0.023	-0.043	0.001
26939	2	0.0000	0	3.965	-35.184	37.755	7.48	-3.88	-2.06	-0.020	-0.036	-0.002
26946	2	0.0000	0	4.002	-35.168	37.772	7.34	-4.39	-2.14	-0.012	-0.011	-0.011
26953	2	0.0000	0	4.049	-35.146	37.792	7.69	-5.04	-2.27	-0.027	0.012	0.008
26960	2	0.0000	0	4.100	-35.124	37.815	7.90	-5.27	-2.67	-0.027	0.016	0.002
26967	2	0.0000	0	4.153	-35.102	37.840	8.08	-6.13	-2.94	-0.007	0.025	0.017
26974	2	0.0000	0	4.206	-35.078	37.864	8.27	-6.30	-3.28	0.001	0.014	0.003
26981	2	0.0000	0	4.257	-35.057	37.888	8.00	-6.27	-3.25	0.028	0.016	-0.003
26988	2	0.0000	0	4.307	-35.036	37.912	7.36	-6.45	-3.60	0.042	-0.001	0.015
26995	2	0.0000	0	4.355	-35.018	37.937	7.16	-6.31	-3.54	0.038	0.002	0.010
27002	2	0.0000	0	4.406	-34.999	37.963	6.61	-6.06	-3.55	0.062	-0.007	-0.002
27009	2	0.0000	0	4.459	-34.980	37.991	6.17	-6.07	-3.21	0.057	-0.017	-0.016
27016	2	0.0000	0	4.517	-34.957	38.019	5.85	-5.93	-3.24	0.041	-0.006	-0.024
27023	2	0.0000	0	4.579	-34.932	38.050	5.69	-5.99	-3.65	0.022	-0.019	-0.003
27030	2	0.0000	0	4.640	-34.907	38.079	5.35	-5.86	-3.43	-0.003	-0.010	-0.009
27037	2	0.0000	0	4.701	-34.882	38.109	5.26	-5.88	-3.44	-0.007	-0.006	-0.016
27044	2	0.0000	0	4.758	-34.857	38.135	4.81	-5.77	-3.42	-0.028	0.004	-0.011
27051	2	0.0000	0	4.815	-34.830	38.159	4.61	-5.78	-3.52	-0.037	0.014	-0.002
27058	2	0.0000	0	4.866	-34.807	38.181	4.02	-5.44	-3.69	-0.017	0.022	0.014
27065	2	0.0000	0	4.911	-34.786	38.200	3.49	-5.01	-3.70	-0.025	0.012	0.027
27072	2	0.0000	0	4.949	-34.768	38.216	2.73	-4.64	-3.94	-0.013	0.006	0.026
27079	2	0.0000	0	4.977	-34.757	38.229	2.02	-4.31	-4.20	-0.014	0.001	0.029
27086	2	0.0000	0	5.005	-34.747	38.245	1.69	-3.99	-3.97	0.019	-0.005	0.024
27093	2	0.0000	0	5.032	-34.737	38.259	1.56	-4.02	-3.91	0.017	0.000	0.015
27100	2	0.0000	0	5.056	-34.728	38.272	1.05	-3.72	-4.03	0.027	-0.012	0.004
27107	2	0.0000	0	5.079	-34.719	38.283	1.00	-4.04	-3.66	0.028	-0.003	-0.009
27114	2	0.0000	0	5.101	-34.710	38.293	1.12	-4.08	-3.53	0.031	-0.016	-0.021
27121	2	0.0000	0	5.121	-34.699	38.300	0.76	-3.71	-3.42	0.011	-0.021	-0.033
27128	2	0.0000	0	5.140	-34.687	38.305	0.57	-3.24	-3.82	-0.003	-0.027	-0.033
27135	2	0.0000	0	5.157	-34.673	38.307	0.34	-2.94	-3.68	-0.021	-0.037	-0.048
27142	2	0.0000	0	5.169	-34.661	38.305	-0.53	-2.50	-3.77	-0.026	-0.016	-0.043
27149	2	0.0000	0	5.179	-34.651	38.304	-0.79	-2.21	-3.39	-0.010	-0.016	-0.032
27156	2	0.0000	0	5.186	-34.644	38.303	-1.34	-2.10	-2.94	-0.015	-0.001	-0.030
27163	2	0.0000	0	5.195	-34.635	38.303	-2.02	-1.75	-3.02	-0.034	0.028	-0.008
27170	2	0.0000	0	5.206	-34.626	38.304	-1.82	-2.17	-2.49	-0.019	0.044	0.005
27177	2	0.0000	0	5.215	-34.619	38.305	-1.75	-2.35	-2.49	-0.020	0.055	0.016
27184	2	0.0000	0	5.225	-34.613	38.307	-1.76	-2.50	-2.65	-0.009	0.048	0.036
27191	2	0.0000	0	5.225	-34.611	38.306	-1.91	-2.68	-2.32	-0.013	0.054	0.036
27198	2	0.0000	0	5.217	-34.615	38.302	-1.57	-2.86	-2.06	0.005	0.040	0.033
27205	2	0.0000	0	5.205	-34.620	38.297	-2.19	-2.70	-1.81	0.021	0.026	0.019
27213	2	0.0000	0	5.185	-34.629	38.289	-2.16	-2.38	-1.32	0.030	0.003	0.007
27220	2	0.0000	0	5.162	-34.641	38.280	-2.59	-2.21	-1.15	0.038	-0.033	-0.001
27227	2	0.0000	0	5.140	-34.651	38.270	-2.59	-2.05	-1.00	0.034	-0.052	-0.003
27234	2	0.0000	0	5.121	-34.661	38.263	-2.52	-1.85	-1.06	0.022	-0.056	0.001
27240	2	0.0000	0	5.108	-34.667	38.257	-2.10	-1.83	-1.29	0.009	-0.058	-0.008
27247	2	0.0000	0	5.091	-34.676	38.251	-1.92	-1.86	-1.33	-0.003	-0.059	0.003
27255	2	0.0000	0	5.081	-34.685	38.250	-1.39	-2.25	-1.37	-0.031	-0.030	0.004
27262	2	0.0000	0	5.065	-34.696	38.247	-1.71	-2.11	-1.40	-0.045	-0.014	0.001
27269	2	0.0000	0	5.052	-34.706	38.246	-1.03	-2.20	-1.14	-0.043	0.021	-0.009
27276	2	0.0000	0	5.036	-34.719	38.244	-1.42	-1.93	-1.13	-0.043	0.016	0.001
27283	2	0.0000	0	5.021	-34.729	38.241	-1.58	-1.86	-0.62	-0.042	0.045	0.005
27290	2	0.0000	0	5.007	-34.739	38.239	-1.63	-1.94	-0.80	-0.017	0.052	0.008
27297	2	0.0000	0	5.000	-34.745	38.238	-1.36	-1.99	-0.50	0.006	0.054	0.014
27304	2	0.0000	0	4.997	-34.748	38.238	-0.74	-2.02	-0.87	0.015	0.060	0.015
27311	2	0.0000	0	4.997	-34.749	38.239	-0.42	-2.07	-0.93	0.029	0.048	-0.001
27318	2	0.0000	0	5.001	-34.745	38.239	0.16	-2.03	-0.71	0.026	0.039	0.007
27325	2	0.0000	0	5.001	-34.744	38.238	0.43	-1.99	-0.50	0.029	0.008	-0.008
27332	2	0.0000	0	5.001	-34.745	38.239	0.38	-1.53	-0.47	0.039	-0.020	-0.026
27339	2	0.0000	0	4.999	-34.746	38.238	0.59	-1.40	-0.17	0.026	-0.054	-0.024
27346	2	0.0000	0	4.995	-34.747	38.236	0.56	-1.00	-0.03	0.027	-0.073	-0.022
27353	2	0.0000	0	4.989	-34.751	38.234	0.50	-0.54	-0.00	-0.003	-0.079	-0.007
27360	2	0.0000	0	4.982	-34.756	38.234	0.47	-0.29	-0.01	-0.004	-0.070	-0.003
27367	2	0.0000	0	4.980	-34.761	38.236	0.70	-0.18	0.18	-0.025	-0.050	0.007
27374	2	0.0000	0	4.981	-34.763	38.240	0.85	-0.30	0.15	-0.031	-0.019	0.009
27381	2	0.0000	0	4.985	-34.767	38.246	1.05	-0.57	0.23	-0.040	0.016	0.017
27387	2	0.0000	0	4.988	-34.769	38.251	1.35	-0.44	0.11	-0.038	0.024	0.022
27395	2	0.0000	0	4.990	-34.771	38.255	1.50	-0.25	-0.23	-0.031	0.036	0.015
27402	2	0.0000	0	4.990	-34.774	38.258	1.47	0.17	-0.41	-0.010	0.057	0.015
27409	2	0.0000	0	4.991	-34.776	38.260	1.19	0.54	-0.29	0.015	0.041	-0.002
27416	2	0.0000	0	4.993	-34.777	38.263	1.12	0.80	-0.38	0.010	0.038	-0.007
27423	2	0.0000	0	4.991	-34.777	38.261	1.05	0.99	-0.27	0.036	0.016	-0.007
27430	2	0.0000	0	4.992	-34.776	38.262	1.25	1.00	-0.17	0.040	0.005	-0.015
27437	2	0.0000	0	4.998	-34.772	38.263	1.49	0.85	-0.15	0.043	-0.004	-0.025
27444	2	0.0000	0	5.005	-34.766	38.263	1.78	1.24	-0.10	0.038	-0.010	-0.034
27451	2	0.0000	0	5.013	-34.759	38.263	2.00	1.17	-0.35	0.031	-0.034	-0.025
27458	2	0.0000	0	5.018	-34.752	38.261	2.20	1.40	-0.47	0.022	-0.045	-0.035
27465	2	0.0000	0	5.018	-34.748	38.257	2.04	1.66	-0.46	0.010	-0.049	-0.021
27472	2	0.0000	0	5.015	-34.746	38.252	1.91	1.92	-0.38	0.013	-0.026	-0.016
27479	2	0.0000	0	5.014	-34.743	38.249	1.62	1.79	-0.07	0.003	-0.027	-0.005
27486	2	0.0000	0	5.015	-34.742	38.248	1.64	1.89	0.02	-0.006	-0.014	0.004
27493	2	0.0000	0	5.017	-34.737	38.246	1.73	2.01	0.23	-0.020	0.002	0.020
27500	2	0.0000	0	5.021	-34.732	38.244	1.56	2.08	0.13	-0.030	0.008	0.012
27506	2	0.0000	0	5.026	-34.727	38.244	1.90	1.88	0.10	-0.046	0.023	0.035
27513	2	0.0000	0	5.033	-34.720	38.243	2.07	1.94	0.07	-0.047	0.027	0.032
27520	2	0.0000	0	5.039	-34.714	38.243	2.07	2.01	0.32	-0.049	0.036	0.034
27527	2	0.0000	0	5.043	-34.710	38.242	2.14	1.67	0.49	-0.035	0.050	0.017
27535	2	0.0000	0	5.041	-34.708	38.239	1.84	2.19	0.58	-0.016	0.046	0.003
27542	2	0.0000	0	5.042	-34.704	38.236	1.81	2.22	0.79	-0.004	0.025	-0.003
27549	2	0.0000	0	5.039	-34.703	38.232	1.86	2.24	0.72	0.020	-0.001	-0.007
27556	2	0.0000	0	5.044	-34.697	38.230	2.09	2.22	1.04	0.041	-0.012	-0.014
27562	2	0.0000	0	5.050	-34.693	38.231	1.84	2.13	1.38	0.030	-0.037	-0.010
27569	2	0.0000	0	5.059	-34.687	38.233	2.15	2.12	1.71	0.035	-0.052	-0.013
27576	2	0.0000	0	5.064	-34.682	38.234	2.28	2.04	1.46	0.023	-0.043	-0.024
27583	2	0.0000	0	5.073	-34.676	38.236	2.39	2.19	1.52	0.032	-0.039	-0.027
27590	2	0.0000	0	5.080	-34.672	38.237	2.40	2.13	1.46	0.028	-0.051	-0.003
27597	2	0.0000	0	5.086	-34.667	38.239	2.39	2.10	1.60	0.014	-0.038	-0.021
27604	2	0.0000	0	5.086	-34.667	38.238	2.11	2.22	1.98	-0.012	0.007	-0.006
27611	2	0.0000	0	5.085	-34.669	38.239	1.79	2.10	2.20	-0.009	0.033	0.012
27618	2	0.0000	0	5.082	-34.671	38.238	1.82	2.18	2.63	-0.040	0.043	0.004
27625	2	0.0000	0	5.079	-34.673	38.237	1.84	2.01	2.55	-0.038	0.050	0.025
27632	2	0.0000	0	5.077	-34.672	38.235	1.84	2.40	2.16	-0.037	0.037	0.038
27639	2	0.0000	0	5.074	-34.673	38.234	1.57	2.23	2.08	-0.033	0.049	0.050
27646	2	0.0000	0	5.072	-34.674	38.233	1.62	2.28	2.29	-0.036	0.040	0.044
27653	2	0.0000	0	5.069	-34.677	38.233	1.52	1.83	2.53	-0.025	0.042	0.042
27660	2	0.0000	0	5.065	-34.683	38.235	1.91	1.50	2.90	-0.023	0.007	0.026
27667	2	0.0000	0	5.057	-34.688	38.233	1.62	1.54	3.03	-0.009	-0.007	0.029
27674	2	0.0000	0	5.053	-34.693	38.234	1.81	1.46	3.03	0.002	-0.029	0.010
27681	2	0.0000	0	5.050	-34.698	38.236	1.59	1.55	2.95	0.007	-0.046	-0.012
27688	2	0.0000	0	5.046	-34.703	38.239	1.49	1.67	3.24	0.010	-0.030	-0.024
27695	2	0.0000	0	5.047	-34.705	38.241	1.83	1.47	3.21	0.029	-0.054	-0.034
27702	2	0.0000	0	5.047	-34.708	38.244	1.64	1.47	3.30	0.020	-0.049	-0.035
27709	2	0.0000	0	5.048	-34.711	38.247	1.71	1.38	3.21	0.025	-0.026	-0.033
27716	2	0.0000	0	5.045	-34.716	38.249	1.72	1.32	3.15	0.006	-0.020	-0.034
27723	2	0.0000	0	5.044	-34.719	38.252	1.75	1.33	2.90	0.013	0.000	-0.043
27730	2	0.0000	0	5.039	-34.725	38.254	1.41	1.38	2.77	0.007	0.019	-0.031
27738	2	0.0000	0	5.033	-34.733	38.256	0.99	1.28	2.77	0.001	0.031	-0.020
27745	2	0.0000	0	5.026	-34.740	38.256	0.82	1.55	2.77	0.011	0.045	-0.004
27751	2	0.0000	0	5.022	-34.745	38.258	0.60	1.44	2.58	-0.015	0.029	0.006
27758	2	0.0000	0	5.019	-34.750	38.261	0.46	1.36	2.68	-0.015	0.041	0.033
27765	2	0.0000	0	5.018	-34.755	38.264	0.34	1.45	2.50	-0.013	0.018	0.045
27772	2	0.0000	0	5.015	-34.759	38.265	0.32	1.20	2.25	-0.021	-0.002	0.062
27779	2	0.0000	0	5.012	-34.763	38.267	0.25	1.34	1.97	-0.010	-0.013	0.061
27786	2	0.0000	0	5.008	-34.769	38.269	0.20	1.28	2.08	-0.012	-0.003	0.053
27793	2	0.0000	0	5.000	-34.776	38.268	0.09	1.09	2.06	-0.008	-0.014	0.032
27800	2	0.0000	0	4.987	-34.785	38.266	-0.38	1.30	2.10	0.013	-0.019	0.014
27807	2	0.0000	0	4.975	-34.794	38.264	-0.78	1.17	2.32	0.024	-0.013	-0.017
27814	2	0.0000	0	4.965	-34.801	38.262	-0.79	1.19	1.99	0.029	-0.014	-0.029
27821	2	0.0000	0	4.954	-34.807	38.259	-0.99	1.38	2.00	0.047	-0.025	-0.053
27828	2	0.0000	0	4.942	-34.814	38.255	-1.12	0.98	1.69	0.036	-0.015	-0.042
27835	2	0.0000	0	4.934	-34.818	38.251	-1.02	0.97	1.60	0.028	-0.003	-0.029
27842	2	0.0000	0	4.928	-34.820	38.248	-1.13	0.79	1.25	0.005	0.005	-0.036
27849	2	0.0000	0	4.919	-34.826	38.245	-1.39	0.89	1.09	-0.005	0.009	-0.009
27856	2	0.0000	0	4.906	-34.832	38.240	-1.65	0.66	0.95	-0.016	0.013	-0.007
27863	2	0.0000	0	4.887	-34.842	38.233	-1.74	0.96	1.06	-0.024	0.015	0.003
27870	2	0.0000	0	4.865	-34.853	38.225	-2.21	0.91	0.93	-0.026	0.011	0.002
27877	2	0.0000	0	4.846	-34.864	38.219	-2.60	0.98	0.83	-0.031	0.005	0.012
27884	2	0.0000	0	4.826	-34.876	38.213	-2.58	0.79	0.90	-0.025	0.008	0.007
27891	2	0.0000	0	4.807	-34.887	38.206	-2.82	0.96	0.55	-0.021	0.000	0.029
27898	2	0.0000	0	4.792	-34.896	38.202	-2.78	0.62	0.22	-0.031	0.003	0.029
27905	2	0.0000	0	4.776	-34.905	38.197	-2.67	0.56	0.07	-0.019	0.006	0.004
27912	2	0.0000	0	4.756	-34.917	38.191	-2.63	0.20	0.06	-0.020	0.010	0.003
27919	2	0.0000	0	4.738	-34.926	38.185	-2.77	0.10	-0.12	-0.004	0.004	-0.013
27926	2	0.0000	0	4.720	-34.936	38.177	-2.79	0.05	-0.26	0.013	-0.006	-0.025
27933	2	0.0000	0	4.700	-34.944	38.168	-2.88	0.30	-0.53	0.028	0.003	-0.029
27940	2	0.0000	0	4.680	-34.952	38.159	-2.88	0.10	-0.64	0.034	-0.013	-0.024
27947	2	0.0000	0	4.660	-34.960	38.149	-2.83	-0.01	-0.58	0.040	0.008	-0.023
27954	2	0.0000	0	4.644	-34.967	38.141	-2.72	-0.25	-0.56	0.047	0.015	-0.023
27961	2	0.0000	0	4.630	-34.973	38.134	-2.83	-0.61	-0.41	0.040	0.020	-0.015
27968	2	0.0000	0	4.617	-34.977	38.127	-2.71	-0.72	-0.52	0.025	0.018	-0.000
27975	2	0.0000	0	4.604	-34.979	38.118	-2.30	-1.32	-0.44	0.006	0.025	-0.003
27982	2	0.0000	0	4.593	-34.981	38.110	-2.13	-1.47	-0.24	-0.014	0.023	0.007
27989	2	0.0000	0	4.578	-34.986	38.102	-2.07	-1.73	-0.16	-0.023	0.012	0.004
27996	2	0.0000	0	4.561	-34.992	38.092	-2.07	-1.81	-0.07	-0.026	0.014	0.007
28003	2	0.0000	0	4.545	-34.999	38.085	-2.01	-2.07	0.45	-0.042	-0.003	0.014
28010	2	0.0000	0	4.529	-35.005	38.077	-2.48	-2.37	0.57	-0.029	-0.006	0.009
28017	2	0.0000	0	4.516	-35.012	38.073	-2.29	-2.64	1.08	-0.036	-0.003	-0.000
28024	2	0.0000	0	4.505	-35.019	38.070	-2.42	-2.93	1.39	-0.022	-0.007	-0.009
28031	2	0.0000	0	4.499	-35.025	38.070	-2.51	-3.35	1.48	-0.007	-0.011	0.015
28038	2	0.0000	0	4.494	-35.029	38.070	-2.09	-3.84	1.77	0.012	-0.013	0.019
28045	2	0.0000	0	4.497	-35.034	38.077	-1.94	-4.19	2.28	0.019	-0.007	0.011
28052	2	0.0000	0	4.497	-35.040	38.083	-1.98	-4.47	2.17	0.028	-0.004	0.006
28059	2	0.0000	0	4.496	-35.048	38.090	-1.75	-4.66	2.67	0.036	-0.010	0.007
28066	2	0.0000	0	4.496	-35.057	38.098	-1.81	-4.88	3.05	0.038	-0.022	0.004
28073	2	0.0000	0	4.491	-35.067	38.104	-2.13	-5.04	3.32	0.050	-0.017	0.002
28080	2	0.0000	0	4.487	-35.080	38.113	-2.55	-4.82	3.62	0.033	-0.024	-0.003
28087	2	0.0000	0	4.481	-35.094	38.122	-2.62	-4.44	3.84	0.034	-0.034	0.005
28094	2	0.0000	0	4.476	-35.111	38.133	-3.05	-4.19	3.92	0.013	-0.022	0.001
28101	2	0.0000	0	4.469	-35.129	38.145	-3.23	-3.86	3.98	0.000	-0.014	-0.000
28108	2	0.0000	0	4.466	-35.147	38.159	-3.27	-3.47	3.95	-0.014	-0.002	0.004
28115	2	0.0000	0	4.459	-35.167	38.173	-3.74	-3.24	3.66	-0.021	0.010	-0.005
28122	2	0.0000	0	4.450	-35.189	38.187	-3.29	-3.44	3.73	-0.037	0.021	0.008
28129	2	0.0000	0	4.436	-35.215	38.199	-3.27	-3.24	3.41	-0.030	0.024	0.012
28136	2	0.0000	0	4.422	-35.241	38.213	-3.49	-2.94	3.11	-0.033	0.030	0.016
28143	2	0.0000	0	4.401	-35.268	38.221	-3.61	-2.66	3.05	-0.029	0.028	0.011
28150	2	0.0000	0	4.375	-35.297	38.226	-3.92	-2.48	2.55	-0.020	0.017	0.012
28157	2	0.0000	0	4.347	-35.325	38.229	-4.39	-1.83	2.16	-0.007	0.004	0.013
28164	2	0.0000	0	4.316	-35.354	38.230	-4.63	-1.30	2.19	0.005	-0.008	0.003
28171	2	0.0000	0	4.284	-35.383	38.229	-4.51	-1.04	2.02	0.012	-0.027	0.003
28178	2	0.0000	0	4.257	-35.405	38.228	-4.36	-0.53	1.67	0.025	-0.031	-0.004
28185	2	0.0000	0	4.233	-35.425	38.225	-4.46	-0.24	1.18	0.020	-0.033	-0.007
28192	2	0.0000	0	4.212	-35.441	38.223	-4.18	-0.15	0.59	0.009	-0.025	0.010
28199	2	0.0000	0	4.191	-35.456	38.219	-3.79	0.17	-0.12	0.006	-0.036	0.002
28206	2	0.0000	0	4.169	-35.469	38.213	-3.75	0.42	-0.30	-0.013	-0.033	0.001
28213	2	0.0000	0	4.146	-35.483	38.206	-3.91	0.86	-0.47	-0.017	-0.007	-0.012
28220	2	0.0000	0	4.124	-35.496	38.199	-4.31	1.19	-0.40	-0.024	-0.006	-0.006
28227	2	0.0000	0	4.097	-35.509	38.188	-4.37	1.47	-0.20	-0.021	0.011	-0.002
28234	2	0.0000	0	4.074	-35.518	38.177	-4.54	1.71	-0.48	-0.026	0.020	-0.007
28241	2	0.0000	0	4.053	-35.527	38.166	-4.34	1.89	-0.55	-0.031	0.026	-0.013
28248	2	0.0000	0	4.033	-35.532	38.154	-4.02	2.03	-1.11	-0.020	0.030	-0.001
28255	2	0.0000	0	4.012	-35.537	38.140	-3.65	2.21	-1.45	-0.031	0.030	-0.001
28262	2	0.0000	0	3.991	-35.542	38.127	-3.51	2.06	-1.76	-0.013	0.023	-0.005
28270	2	0.0000	0	3.970	-35.547	38.113	-3.37	2.51	-1.92	-0.008	0.017	-0.001
28277	2	0.0000	0	3.947	-35.553	38.098	-3.35	2.73	-1.96	0.009	0.013	-0.005
28284	2	0.0000	0	3.918	-35.562	38.082	-3.97	2.69	-1.82	0.026	0.004	-0.013
28291	2	0.0000	0	3.893	-35.570	38.068	-3.59	2.79	-1.46	0.036	-0.005	-0.016
28298	2	0.0000	0	3.871	-35.575	38.053	-3.51	2.76	-1.40	0.037	-0.009	-0.007
28305	2	0.0000	0	3.849	-35.580	38.038	-3.61	2.61	-1.47	0.035	-0.010	-0.013
28311	2	0.0000	0	3.833	-35.579	38.023	-3.20	2.55	-1.18	0.033	-0.010	0.007
28319	2	0.0000	0	3.818	-35.576	38.007	-2.75	2.44	-1.21	0.006	-0.006	0.024
28326	2	0.0000	0	3.804	-35.571	37.991	-2.55	2.34	-1.31	0.000	0.000	-0.002
28333	2	0.0000	0	3.791	-35.568	37.975	-2.44	2.45	-1.21	-0.013	0.007	0.008
28340	2	0.0000	0	3.778	-35.563	37.959	-2.57	2.36	-0.78	-0.003	0.009	0.004
28347	2	0.0000	0	3.760	-35.560	37.941	-2.71	2.58	-0.23	-0.011	0.008	0.006
28354	2	0.0000	0	3.743	-35.559	37.925	-2.94	2.67	0.12	0.001	0.000	0.011
28361	2	0.0000	0	3.726	-35.558	37.909	-2.78	2.58	0.37	-0.006	0.001	-0.008
28368	2	0.0000	0	3.714	-35.556	37.897	-2.43	2.22	0.70	-0.015	-0.007	-0.006
28375	2	0.0000	0	3.706	-35.554	37.887	-2.11	1.60	1.20	-0.020	0.010	0.003
28382	2	0.0000	0	3.696	-35.554	37.878	-1.50	1.12	1.40	-0.015	0.016	-0.005
28389	2	0.0000	0	3.684	-35.556	37.869	-1.15	0.88	1.60	-0.021	0.002	-0.002
28396	2	0.0000	0	3.670	-35.559	37.860	-0.99	0.92	1.72	-0.017	-0.006	-0.005
28403	2	0.0000	0	3.646	-35.568	37.848	-0.92	0.61	2.18	-0.024	-0.007	0.005
28410	2	0.0000	0	3.624	-35.577	37.838	-1.26	0.59	2.42	0.016	-0.022	0.005
28417	2	0.0000	0	3.600	-35.589	37.828	-1.38	0.55	2.38	0.026	-0.030	0.008
28424	2	0.0000	0	3.580	-35.599	37.820	-1.13	0.43	2.25	0.026	-0.020	0.012
28431	2	0.0000	0	3.563	-35.610	37.816	-1.37	0.29	2.20	0.038	-0.021	0.023
28438	2	0.0000	0	3.551	-35.619	37.814	-0.78	0.34	1.56	0.017	0.004	0.004
28446	2	0.0000	0	3.542	-35.628	37.815	-0.18	-0.35	1.65	0.005	0.003	0.016
28453	2	0.0000	0	3.534	-35.638	37.818	-0.17	-0.83	1.69	-0.012	0.018	0.005
28460	2	0.0000	0	3.525	-35.649	37.821	-0.10	-1.01	2.02	-0.019	0.026	-0.001
28466	2	0.0000	0	3.520	-35.658	37.825	-0.06	-1.32	1.97	-0.013	0.016	0.001
28473	2	0.0000	0	3.513	-35.667	37.828	-0.43	-1.37	2.18	-0.013	0.014	-0.006
28480	2	0.0000	0	3.510	-35.672	37.829	-0.35	-1.22	1.73	-0.016	0.018	0.003
28487	2	0.0000	0	3.510	-35.673	37.831	-0.39	-1.19	1.33	-0.016	0.004	-0.000
28495	2	0.0000	0	3.512	-35.676	37.835	-0.16	-1.46	1.15	-0.007	-0.008	0.000
28502	2	0.0000	0	3.515	-35.677	37.839	-0.20	-1.34	0.66	-0.017	0.004	0.006
28508	2	0.0000	0	3.520	-35.678	37.844	-0.23	-1.58	0.08	-0.009	0.003	0.014
28515	2	0.0000	0	3.525	-35.680	37.850	-0.23	-1.71	0.21	0.001	-0.011	0.007
28522	2	0.0000	0	3.528	-35.684	37.857	-0.15	-1.77	-0.02	0.012	-0.014	-0.011
28529	2	0.0000	0	3.531	-35.688	37.864	-0.43	-2.11	0.07	0.025	-0.005	-0.007
28536	2	0.0000	0	3.533	-35.694	37.871	-0.56	-2.31	0.30	0.014	-0.011	-0.023
28543	2	0.0000	0	3.533	-35.699	37.876	-0.72	-2.31	0.13	0.006	-0.017	-0.005
28550	2	0.0000	0	3.538	-35.700	37.881	-0.92	-2.15	-0.14	0.016	-0.018	-0.001
28557	2	0.0000	0	3.541	-35.699	37.883	-1.14	-2.53	-0.18	-0.002	-0.014	-0.003
28564	2	0.0000	0	3.547	-35.696	37.886	-1.14	-2.39	-0.64	0.004	-0.008	0.006
28571	2	0.0000	0	3.552	-35.693	37.887	-1.26	-2.09	-1.03	-0.004	-0.002	0.009
28578	2	0.0000	0	3.554	-35.693	37.888	-1.52	-2.27	-1.22	0.001	0.015	0.016
28585	2	0.0000	0	3.554	-35.694	37.890	-1.67	-2.11	-1.23	0.016	0.028	0.002
28592	2	0.0000	0	3.555	-35.697	37.893	-2.01	-2.07	-1.36	-0.005	0.031	0.000
28599	2	0.0000	0	3.560	-35.697	37.898	-2.13	-2.24	-1.27	-0.001	0.038	-0.014
28606	2	0.0000	0	3.566	-35.698	37.904	-2.18	-2.81	-1.40	-0.007	0.051	-0.005
28613	2	0.0000	0	3.573	-35.699	37.911	-2.03	-2.84	-1.52	-0.017	0.034	-0.015
28620	2	0.0000	0	3.579	-35.700	37.917	-1.91	-3.08	-1.50	-0.018	0.031	-0.014
28627	2	0.0000	0	3.583	-35.700	37.922	-1.90	-3.18	-1.08	-0.011	0.008	-0.013
28634	2	0.0000	0	3.587	-35.701	37.926	-2.04	-3.21	-1.03	-0.016	-0.002	-0.013
28641	2	0.0000	0	3.591	-35.700	37.928	-1.82	-3.43	-0.82	-0.007	-0.026	-0.008
28648	2	0.0000	0	3.592	-35.700	37.929	-1.98	-3.10	-0.57	0.018	-0.056	-0.005
28655	2	0.0000	0	3.591	-35.700	37.929	-1.94	-3.06	-0.54	0.012	-0.049	-0.002
28662	2	0.0000	0	3.591	-35.700	37.928	-1.91	-3.02	-0.07	0.019	-0.061	-0.005
28669	2	0.0000	0	3.591	-35.701	37.929	-2.01	-2.82	0.13	0.021	-0.049	0.001
28676	2	0.0000	0	3.591	-35.702	37.930	-1.81	-2.80	0.66	-0.004	-0.041	-0.016
28683	2	0.0000	0	3.588	-35.706	37.932	-1.67	-2.92	1.06	-0.021	-0.007	-0.010
28690	2	0.0000	0	3.587	-35.710	37.934	-0.95	-2.86	1.55	-0.035	0.004	-0.006
28698	2	0.0000	0	3.588	-35.712	37.937	-0.20	-2.71	1.70	-0.037	0.036	0.010
28704	2	0.0000	0	3.587	-35.716	37.940	0.48	-2.75	1.91	-0.053	0.049	0.000
28711	2	0.0000	0	3.582	-35.722	37.942	1.23	-2.51	1.98	-0.056	0.059	0.009
28718	2	0.0000	0	3.571	-35.733	37.943	1.68	-2.62	2.39	-0.050	0.069	0.002
28725	2	0.0000	0	3.560	-35.744	37.944	2.16	-2.41	2.85	-0.036	0.044	0.016
28732	2	0.0000	0	3.551	-35.756	37.947	2.41	-2.01	3.26	-0.017	0.018	0.002
28739	2	0.0000	0	3.547	-35.766	37.954	3.01	-1.78	3.48	-0.005	-0.012	-0.003
28746	2	0.0000	0	3.547	-35.776	37.964	3.37	-1.65	3.62	0.015	-0.009	0.003
28753	2	0.0000	0	3.557	-35.782	37.978	4.24	-1.52	3.58	0.025	-0.032	0.005
28760	2	0.0000	0	3.569	-35.789	37.996	4.91	-1.72	3.64	0.048	-0.032	0.019
28767	2	0.0000	0	3.589	-35.794	38.018	5.68	-1.72	3.82	0.034	-0.028	0.009
28774	2	0.0000	0	3.612	-35.796	38.040	6.10	-1.62	3.83	0.047	-0.044	0.003
28781	2	0.0000	0	3.640	-35.797	38.065	6.60	-1.76	4.21	0.032	-0.030	-0.015
28788	2	0.0000	0	3.665	-35.798	38.089	7.19	-1.82	4.42	0.021	-0.015	-0.012
28795	2	0.0000	0	3.691	-35.797	38.111	7.42	-1.80	4.70	0.015	-0.010	-0.021
28802	2	0.0000	0	3.715	-35.795	38.131	7.49	-1.68	4.73	0.004	0.005	-0.010
28809	2	0.0000	0	3.737	-35.793	38.147	7.58	-1.30	4.68	-0.009	0.018	-0.004
28816	2	0.0000	0	3.765	-35.786	38.165	8.00	-1.32	4.48	-0.006	0.031	0.002
28823	2	0.0000	0	3.793	-35.779	38.183	8.40	-1.19	4.27	-0.004	0.036	0.014
28830	2	0.0000	0	3.825	-35.768	38.201	8.61	-0.87	4.06	-0.012	0.036	0.020
28837	2	0.0000	0	3.858	-35.758	38.220	9.38	-0.87	3.81	-0.007	0.026	0.022
28844	2	0.0000	0	3.894	-35.748	38.242	9.91	-0.99	3.51	-0.021	0.017	0.030
28851	2	0.0000	0	3.930	-35.740	38.266	10.35	-1.13	3.63	-0.002	-0.003	0.024
28858	2	0.0000	0	3.967	-35.731	38.290	10.67	-1.14	3.54	0.009	-0.006	0.023
28865	2	0.0000	0	4.005	-35.723	38.315	11.02	-1.20	3.56	-0.001	-0.015	0.005
28872	2	0.0000	0	4.044	-35.714	38.341	11.23	-1.11	3.58	0.019	-0.027	0.009
28879	2	0.0000	0	4.085	-35.705	38.367	11.52	-0.82	3.43	0.022	-0.040	0.010
28886	2	0.0000	0	4.128	-35.694	38.395	11.70	-0.91	3.44	0.015	-0.029	0.002
28893	2	0.0000	0	4.177	-35.681	38.425	12.27	-0.41	3.33	0.014	-0.028	-0.003
28900	2	0.0000	0	4.227	-35.664	38.453	12.32	-0.27	3.13	0.016	-0.025	-0.005
28907	2	0.0000	0	4.283	-35.646	38.485	12.62	-0.03	2.59	-0.005	-0.012	-0.010
28914	2	0.0000	0	4.340	-35.628	38.517	12.92	-0.02	2.60	-0.005	-0.006	-0.020
28921	2	0.0000	0	4.400	-35.607	38.550	13.72	-0.18	2.71	-0.021	0.009	-0.019
28928	2	0.0000	0	4.462	-35.585	38.583	13.83	-0.12	2.42	-0.020	0.018	-0.032
28935	2	0.0000	0	4.525	-35.562	38.616	14.32	-0.16	2.39	-0.013	0.031	-0.034
28942	2	0.0000	0	4.587	-35.540	38.649	14.96	-0.48	2.50	-0.027	0.025	-0.021
28949	2	0.0000	0	4.649	-35.516	38.680	15.45	-0.34	2.30	-0.019	0.026	-0.028
28956	2	0.0000	0	4.709	-35.491	38.709	15.59	-0.23	1.72	-0.016	0.017	-0.004
28963	2	0.0000	0	4.773	-35.463	38.738	15.85	-0.37	1.93	0.005	0.007	0.011
28970	2	0.0000	0	4.833	-35.436	38.765	15.76	-0.33	1.87	0.022	0.005	0.026
28977	2	0.0000	0	4.897	-35.406	38.792	15.93	-0.36	1.94	0.037	0.016	0.041
28984	2	0.0000	0	4.963	-35.373	38.818	16.25	-0.15	1.62	0.029	0.011	0.036
28991	2	0.0000	0	5.038	-35.335	38.846	16.48	-0.30	1.64	0.029	0.007	0.044
28998	2	0.0000	0	5.116	-35.295	38.876	17.01	-0.21	1.56	0.024	-0.014	0.031
29005	2	0.0000	0	5.195	-35.255	38.906	17.26	-0.05	1.46	0.024	-0.006	0.010
29011	2	0.0000	0	5.278	-35.212	38.938	17.46	0.20	1.01	-0.013	-0.018	0.015
29018	2	0.0000	0	5.359	-35.172	38.971	17.65	0.18	1.26	-0.013	-0.036	-0.006
29025	2	0.0000	0	5.446	-35.131	39.007	17.71	0.27	1.43	-0.010	-0.020	-0.027
29033	2	0.0000	0	5.534	-35.092	39.046	17.69	0.24	2.01	-0.025	0.001	-0.045
29040	2	0.0000	0	5.625	-35.052	39.088	17.93	0.03	2.40	-0.042	0.005	-0.062
29047	2	0.0000	0	5.720	-35.011	39.131	18.22	0.18	2.38	-0.040	0.010	-0.053
29054	2	0.0000	0	5.821	-34.963	39.174	17.95	0.30	2.33	-0.029	0.006	-0.047
29061	2	0.0000	0	5.921	-34.917	39.216	17.57	0.76	2.88	-0.005	0.005	-0.046
29068	2	0.0000	0	6.023	-34.870	39.260	17.00	0.64	3.36	0.004	0.011	-0.033
29075	2	0.0000	0	6.124	-34.824	39.304	16.88	0.31	4.33	0.022	0.000	-0.017
29082	2	0.0000	0	6.228	-34.774	39.348	16.82	0.35	4.45	0.037	-0.004	0.003
29089	2	0.0000	0	6.336	-34.721	39.391	16.98	0.13	4.83	0.040	-0.014	0.047
29096	2	0.0000	0	6.433	-34.673	39.429	16.93	0.39	4.31	0.047	-0.013	0.054
29103	2	0.0000	0	6.527	-34.625	39.465	16.73	0.92	4.41	0.034	-0.017	0.077
29110	2	0.0000	0	6.608	-34.585	39.497	16.30	1.45	4.51	0.025	-0.031	0.077
29117	2	0.0000	0	6.678	-34.550	39.525	15.93	1.75	4.37	0.019	-0.017	0.060
29124	2	0.0000	0	6.740	-34.524	39.555	15.18	2.34	4.96	0.016	-0.021	0.038
29131	2	0.0000	0	6.796	-34.504	39.584	14.65	2.97	5.07	0.009	-0.014	0.031
29138	2	0.0000	0	6.855	-34.481	39.614	14.35	3.20	5.14	-0.002	-0.007	-0.003
29145	2	0.0000	0	6.915	-34.459	39.645	14.42	3.27	5.21	-0.024	0.002	-0.009
29151	2	0.0000	0	6.975	-34.438	39.677	14.43	3.27	5.21	-0.043	0.026	-0.020
29158	2	0.0000	0	7.033	-34.419	39.709	14.08	3.39	5.43	-0.058	0.022	-0.031
29165	2	0.0000	0	7.091	-34.397	39.740	13.80	3.48	5.52	-0.040	0.021	-0.042
29173	2	0.0000	0	7.146	-34.377	39.768	13.50	3.67	5.63	-0.035	0.023	-0.040
29180	2	0.0000	0	7.200	-34.355	39.795	13.10	3.78	5.91	-0.008	0.016	-0.027
29186	2	0.0000	0	7.251	-34.334	39.819	12.58	3.81	6.19	0.003	0.009	-0.025
29193	2	0.0000	0	7.302	-34.310	39.840	11.80	4.08	6.29	0.028	-0.006	-0.031
29200	2	0.0000	0	7.352	-34.285	39.860	11.45	4.42	6.29	0.044	-0.017	-0.000
29207	2	0.0000	0	7.401	-34.260	39.879	11.20	4.29	6.67	0.044	-0.029	0.005
29214	2	0.0000	0	7.450	-34.235	39.898	10.79	4.56	6.60	0.047	-0.021	0.014
29221	2	0.0000	0	7.491	-34.215	39.915	10.46	4.64	6.75	0.024	-0.011	0.020
29228	2	0.0000	0	7.529	-34.197	39.931	9.97	4.37	7.09	0.018	-0.002	0.015
29235	2	0.0000	0	7.566	-34.181	39.947	9.93	4.20	7.18	0.009	0.020	0.016
29242	2	0.0000	0	7.596	-34.169	39.962	9.30	4.09	7.50	-0.005	0.023	0.007
29249	2	0.0000	0	7.616	-34.164	39.975	8.86	4.04	7.88	-0.013	0.034	0.002
29256	2	0.0000	0	7.630	-34.162	39.986	8.54	4.10	8.36	-0.014	0.031	-0.002
29263	2	0.0000	0	7.641	-34.163	39.996	8.19	4.19	8.62	-0.016	0.028	-0.017
29270	2	0.0000	0	7.649	-34.165	40.004	7.51	4.52	8.44	-0.007	0.009	-0.010
29277	2	0.0000	0	7.652	-34.170	40.012	6.97	4.66	8.41	-0.015	-0.005	-0.004
29284	2	0.0000	0	7.657	-34.175	40.022	6.57	4.97	8.19	-0.007	-0.028	-0.007
29291	2	0.0000	0	7.659	-34.182	40.031	6.06	5.29	7.74	-0.011	-0.019	0.019
29298	2	0.0000	0	7.666	-34.187	40.042	5.65	5.14	7.67	0.001	-0.009	0.013
29305	2	0.0000	0	7.667	-34.197	40.052	5.25	5.44	7.46	-0.003	-0.009	0.023
29312	2	0.0000	0	7.670	-34.207	40.065	4.97	5.09	7.55	-0.002	-0.011	0.027
29319	2	0.0000	0	7.672	-34.218	40.077	4.41	4.98	7.27	0.008	-0.010	0.022
29327	2	0.0000	0	7.668	-34.232	40.086	3.53	5.34	6.95	0.011	-0.021	0.011
29334	2	0.0000	0	7.661	-34.245	40.094	3.16	5.29	7.16	0.019	-0.009	0.015
29340	2	0.0000	0	7.657	-34.258	40.102	2.22	5.43	7.22	0.022	-0.004	0.004
29347	2	0.0000	0	7.650	-34.270	40.108	1.42	5.72	6.99	0.024	0.013	0.001
29354	2	0.0000	0	7.641	-34.280	40.110	0.78	5.84	6.77	0.021	0.016	-0.004
29361	2	0.0000	0	7.632	-34.290	40.111	0.24	5.87	6.54	0.016	0.027	-0.003
29368	2	0.0000	0	7.622	-34.296	40.109	-0.12	6.08	6.06	0.007	0.031	-0.004
29375	2	0.0000	0	7.605	-34.306	40.104	-0.81	6.27	5.82	-0.007	0.012	-0.016
29382	2	0.0000	0	7.582	-34.318	40.095	-1.36	6.43	5.46	-0.022	0.008	-0.027
29389	2	0.0000	0	7.552	-34.332	40.083	-1.99	6.50	5.18	-0.022	-0.000	-0.011
29396	2	0.0000	0	7.512	-34.353	40.068	-2.27	7.02	4.83	-0.033	-0.013	0.006
29403	2	0.0000	0	7.465	-34.378	40.050	-3.26	7.28	4.40	-0.023	-0.025	0.016
# PULSE START on wheel Z: 0.0500 N*m for 1000 ms
29411	2	0.0500	1	7.409	-34.409	40.032	-4.24	7.52	4.30	-0.019	-0.032	0.065
29418	2	0.0500	1	7.363	-34.429	40.011	-4.63	7.90	2.09	-0.011	-0.029	0.560
29425	2	0.0500	1	7.316	-34.448	39.987	-5.73	7.33	-0.89	0.009	-0.013	1.163
29432	2	0.0500	1	7.263	-34.472	39.964	-7.01	6.35	-1.70	0.024	0.040	1.669
29438	2	0.0500	1	7.198	-34.508	39.943	-8.65	4.75	-1.74	0.045	0.057	2.165
29446	2	0.0500	1	7.130	-34.546	39.919	-10.45	3.46	-2.25	0.072	0.062	2.741
29453	2	0.0500	1	7.064	-34.580	39.895	-12.15	2.33	-4.06	0.077	0.063	3.431
29460	2	0.0500	1	7.002	-34.610	39.869	-13.19	0.85	-5.88	0.074	0.071	4.005
29467	2	0.0500	1	6.939	-34.642	39.845	-14.30	-0.30	-5.73	0.052	0.063	4.478
29474	2	0.0500	1	6.887	-34.660	39.816	-14.99	-1.03	-7.58	0.031	0.027	5.189
29481	2	0.0500	1	6.835	-34.674	39.784	-15.82	-1.97	-10.25	0.001	0.000	5.783
29488	2	0.0500	1	6.776	-34.690	39.748	-16.63	-2.59	-11.99	-0.026	-0.009	6.377
29495	2	0.0500	1	6.708	-34.708	39.706	-17.70	-3.28	-12.68	-0.048	-0.039	6.889
29502	2	0.0500	1	6.640	-34.724	39.661	-19.02	-3.89	-13.81	-0.034	-0.059	7.455
29509	2	0.0500	1	6.568	-34.744	39.618	-20.22	-4.76	-14.59	-0.035	-0.058	8.021
29516	2	0.0500	1	6.502	-34.761	39.576	-21.44	-5.52	-15.36	-0.048	-0.050	8.563
29523	2	0.0500	1	6.438	-34.776	39.534	-21.80	-6.67	-17.02	-0.028	-0.046	9.230
29530	2	0.0500	1	6.385	-34.782	39.494	-22.02	-7.28	-17.89	-0.039	-0.012	9.943
29537	2	0.0500	1	6.340	-34.782	39.454	-22.29	-8.60	-19.04	-0.053	-0.003	10.801
29544	2	0.0500	1	6.291	-34.785	39.413	-22.80	-10.10	-20.20	-0.040	0.017	11.718
29551	2	0.0500	1	6.237	-34.788	39.368	-23.97	-11.35	-20.85	-0.017	0.042	12.640
29558	2	0.0500	1	6.183	-34.789	39.322	-24.51	-12.29	-21.27	0.010	0.053	13.502
29565	2	0.0500	1	6.125	-34.795	39.277	-24.74	-12.16	-22.44	0.018	0.043	14.340
29572	2	0.0500	1	6.058	-34.801	39.223	-25.79	-12.62	-22.73	0.041	0.024	15.117
29579	2	0.0500	1	6.001	-34.797	39.170	-26.45	-13.03	-24.10	0.039	0.007	15.741
29586	2	0.0500	1	5.952	-34.793	39.123	-27.24	-13.91	-24.64	0.046	0.002	16.137
29593	2	0.0500	1	5.900	-34.794	39.079	-27.06	-14.80	-24.58	0.024	0.001	16.266
29600	2	0.0500	1	5.857	-34.792	39.038	-27.14	-15.20	-25.24	0.021	-0.016	16.219
29607	2	0.0500	1	5.813	-34.791	38.999	-27.56	-16.29	-24.69	-0.003	-0.012	16.206
29614	2	0.0500	1	5.780	-34.783	38.962	-27.49	-17.24	-25.39	-0.027	-0.030	16.359
29621	2	0.0500	1	5.741	-34.784	38.928	-27.68	-18.27	-24.60	-0.032	-0.029	16.555
29628	2	0.0500	1	5.701	-34.787	38.896	-28.13	-18.80	-24.36	-0.058	-0.038	17.239
29636	2	0.0500	1	5.661	-34.788	38.862	-28.55	-19.04	-23.91	-0.064	-0.041	18.231
29643	2	0.0500	1	5.624	-34.786	38.828	-28.99	-19.46	-23.47	-0.059	-0.028	19.575
29650	2	0.0500	1	5.593	-34.779	38.793	-29.67	-20.02	-23.09	-0.045	-0.019	21.024
29657	2	0.0500	1	5.558	-34.777	38.761	-30.25	-20.47	-22.16	-0.029	-0.001	22.366
29664	2	0.0500	1	5.526	-34.773	38.728	-30.30	-20.87	-21.71	-0.011	0.004	23.216
29671	2	0.0500	1	5.491	-34.768	38.693	-30.60	-20.66	-21.93	0.002	0.012	23.562
29678	2	0.0500	1	5.453	-34.765	38.657	-30.70	-20.70	-21.80	0.014	0.031	23.331
29685	2	0.0500	1	5.402	-34.771	38.618	-31.37	-21.02	-21.02	0.023	0.020	22.939
29692	2	0.0500	1	5.345	-34.783	38.578	-31.64	-20.66	-20.58	0.027	0.025	22.839
29699	2	0.0500	1	5.282	-34.798	38.539	-31.46	-20.83	-20.06	0.021	0.014	23.350
29706	2	0.0500	1	5.211	-34.826	38.503	-31.92	-20.84	-18.86	0.040	0.010	24.555
29713	2	0.0500	1	5.136	-34.858	38.468	-31.73	-20.65	-18.07	0.026	-0.001	26.339
29720	2	0.0500	1	5.057	-34.895	38.434	-31.99	-20.66	-17.38	0.007	-0.014	28.024
29727	2	0.0500	1	4.976	-34.938	38.405	-31.94	-21.39	-15.96	0.011	-0.003	28.961
29734	2	0.0500	1	4.897	-34.981	38.378	-31.92	-21.18	-15.23	-0.005	-0.002	28.737
29741	2	0.0500	1	4.829	-35.021	38.356	-31.51	-21.76	-14.43	-0.024	0.010	27.710
29748	2	0.0500	1	4.767	-35.057	38.337	-30.67	-21.74	-13.81	-0.032	0.019	26.800
29755	2	0.0500	1	4.697	-35.100	38.318	-30.16	-21.93	-13.82	-0.045	0.008	26.896
29762	2	0.0500	1	4.624	-35.141	38.293	-29.23	-21.51	-14.00	-0.026	-0.006	28.164
29769	2	0.0500	1	4.553	-35.180	38.268	-28.76	-21.22	-13.81	-0.023	-0.015	30.413
29776	2	0.0500	1	4.467	-35.229	38.240	-28.78	-20.66	-13.50	0.001	-0.035	32.652
29783	2	0.0500	1	4.376	-35.283	38.213	-28.62	-20.07	-12.56	0.006	-0.038	33.440
29790	2	0.0500	1	4.284	-35.337	38.185	-28.73	-19.73	-12.05	0.033	-0.044	32.665
29797	2	0.0500	1	4.197	-35.392	38.161	-28.30	-19.11	-11.52	0.044	-0.040	31.394
29804	2	0.0500	1	4.114	-35.443	38.138	-27.76	-18.54	-11.46	0.036	-0.033	31.037
29812	2	0.0500	1	4.036	-35.493	38.118	-27.26	-18.24	-10.90	0.026	-0.011	32.527
29819	2	0.0500	1	3.974	-35.533	38.103	-26.39	-17.87	-10.44	0.001	0.008	35.247
29826	2	0.0500	1	3.915	-35.572	38.089	-25.65	-17.41	-10.15	-0.002	0.015	37.430
29833	2	0.0500	1	3.861	-35.607	38.076	-24.96	-16.81	-9.55	-0.019	0.031	37.452
29840	2	0.0500	1	3.807	-35.642	38.061	-24.59	-16.77	-9.43	-0.029	0.031	35.569
29847	2	0.0500	1	3.749	-35.678	38.046	-24.11	-15.89	-8.46	-0.047	0.023	33.982
29854	2	0.0500	1	3.688	-35.715	38.028	-23.92	-15.12	-7.94	-0.038	0.007	34.613
29861	2	0.0500	1	3.627	-35.753	38.012	-23.75	-14.10	-7.44	-0.033	0.005	37.526
29868	2	0.0500	1	3.564	-35.792	37.994	-23.77	-13.61	-7.38	-0.021	-0.004	40.622
29875	2	0.0500	1	3.503	-35.831	37.979	-23.47	-12.56	-6.93	-0.002	0.003	41.313
29882	2	0.0500	1	3.440	-35.874	37.965	-23.46	-12.29	-6.58	0.009	0.012	39.547
29889	2	0.0500	1	3.378	-35.916	37.951	-22.92	-12.07	-6.18	0.012	0.015	38.301
29896	2	0.0500	1	3.313	-35.963	37.939	-22.58	-11.94	-6.22	0.028	0.020	39.784
29903	2	0.0500	1	3.250	-36.004	37.924	-21.85	-11.80	-6.25	0.036	0.033	43.249
29910	2	0.0500	1	3.174	-36.055	37.907	-21.36	-11.46	-5.91	0.039	0.007	44.998
29917	2	0.0500	1	3.102	-36.100	37.887	-20.97	-10.84	-5.45	0.042	-0.008	42.953
29924	2	0.0500	1	3.022	-36.146	37.862	-21.11	-10.23	-5.28	0.051	-0.033	40.339
29931	2	0.0500	1	2.936	-36.195	37.833	-21.58	-9.49	-4.70	0.048	-0.053	40.908
29938	2	0.0500	1	2.856	-36.236	37.804	-21.57	-8.66	-4.48	0.041	-0.053	44.769
29945	2	0.0500	1	2.774	-36.279	37.773	-21.75	-7.88	-4.56	0.002	-0.053	47.641
29952	2	0.0500	1	2.694	-36.319	37.742	-21.36	-7.15	-4.52	0.001	-0.047	46.262
29959	2	0.0500	1	2.622	-36.353	37.711	-20.88	-6.73	-4.88	-0.024	-0.021	43.654
29966	2	0.0500	1	2.553	-36.387	37.683	-20.49	-6.33	-5.25	-0.045	0.006	44.625
29973	2	0.0500	1	2.478	-36.424	37.653	-19.52	-5.72	-5.25	-0.067	0.028	48.912
29980	2	0.0500	1	2.404	-36.461	37.625	-19.26	-5.65	-5.26	-0.075	0.061	50.979
29987	2	0.0500	1	2.325	-36.503	37.596	-19.23	-5.37	-4.72	-0.055	0.059	48.046
29994	2	0.0500	1	2.245	-36.546	37.568	-19.34	-5.32	-4.24	-0.040	0.084	45.264
30001	2	0.0500	1	2.157	-36.595	37.538	-19.25	-5.33	-3.90	-0.026	0.064	47.756
30008	2	0.0500	1	2.080	-36.639	37.512	-19.59	-5.22	-3.35	0.005	0.058	52.599
30015	2	0.0500	1	2.000	-36.680	37.483	-19.43	-5.44	-3.40	0.027	0.041	53.088
30022	2	0.0500	1	1.934	-36.713	37.457	-18.72	-5.82	-3.09	0.032	0.024	49.903
30030	2	0.0500	1	1.858	-36.751	37.427	-17.68	-6.30	-3.23	0.036	-0.010	50.361
30037	2	0.0500	1	1.795	-36.781	37.400	-17.35	-6.61	-3.45	0.034	-0.039	55.108
30044	2	0.0500	1	1.728	-36.808	37.368	-16.83	-6.81	-4.00	0.034	-0.048	56.175
30050	2	0.0500	1	1.656	-36.839	37.335	-16.24	-6.93	-4.04	0.025	-0.063	51.843
30057	2	0.0500	1	1.576	-36.872	37.296	-15.90	-6.50	-4.39	0.029	-0.069	50.617
30065	2	0.0500	1	1.497	-36.905	37.258	-16.44	-6.83	-4.37	0.032	-0.057	55.460
30072	2	0.0500	1	1.412	-36.942	37.220	-16.52	-6.31	-3.85	0.023	-0.048	58.439
30078	2	0.0500	1	1.331	-36.980	37.185	-16.38	-6.59	-3.71	0.019	-0.019	54.843
30086	2	0.0500	1	1.256	-37.015	37.155	-16.11	-6.95	-3.72	-0.001	0.009	53.604
30093	2	0.0500	1	1.189	-37.049	37.128	-15.84	-7.37	-3.80	-0.020	0.026	58.876
30100	2	0.0500	1	1.129	-37.081	37.106	-14.87	-7.67	-3.50	-0.032	0.054	60.998
30107	2	0.0500	1	1.076	-37.111	37.089	-14.69	-7.97	-3.28	-0.051	0.069	56.093
30114	2	0.0500	1	1.027	-37.142	37.076	-14.12	-8.32	-3.29	-0.043	0.068	55.041
30121	2	0.0500	1	0.985	-37.169	37.066	-13.91	-8.48	-3.45	-0.031	0.076	61.205
30128	2	0.0500	1	0.948	-37.196	37.059	-13.59	-8.58	-3.46	-0.024	0.056	62.962
30135	2	0.0500	1	0.909	-37.226	37.053	-13.63	-9.08	-3.34	0.012	0.018	58.750
30142	2	0.0500	1	0.873	-37.254	37.050	-13.29	-8.98	-4.10	0.021	-0.018	60.565
30149	2	0.0500	1	0.841	-37.283	37.049	-12.74	-9.25	-4.38	0.042	-0.044	66.079
30156	2	0.0500	1	0.814	-37.307	37.049	-12.44	-9.56	-4.68	0.040	-0.082	62.439
30163	2	0.0500	1	0.784	-37.332	37.047	-12.27	-9.95	-4.98	0.044	-0.086	58.786
30170	2	0.0500	1	0.757	-37.354	37.045	-12.05	-10.09	-4.86	0.044	-0.082	64.206
30177	2	0.0500	1	0.726	-37.377	37.041	-12.09	-9.65	-5.37	0.035	-0.074	67.160
30184	2	0.0500	1	0.689	-37.399	37.029	-12.46	-9.23	-5.63	0.027	-0.059	62.128
30191	2	0.0500	1	0.652	-37.418	37.015	-12.59	-7.75	-5.71	0.018	-0.044	63.776
30198	2	0.0500	1	0.614	-37.437	36.999	-12.70	-7.17	-6.08	0.001	-0.017	69.947
30205	2	0.0500	1	0.574	-37.454	36.981	-13.14	-6.53	-6.39	-0.030	0.020	65.605
30213	2	0.0500	1	0.542	-37.472	36.971	-13.01	-6.20	-6.31	-0.046	0.062	62.675
30220	2	0.0500	1	0.518	-37.486	36.963	-12.91	-5.95	-6.67	-0.065	0.075	69.838
30227	2	0.0500	1	0.504	-37.499	36.964	-12.20	-6.19	-6.81	-0.057	0.105	70.601
30234	2	0.0500	1	0.497	-37.512	36.970	-11.69	-6.87	-7.06	-0.072	0.119	66.281
30240	2	0.0500	1	0.488	-37.526	36.976	-11.21	-6.89	-7.42	-0.063	0.106	71.643
30247	2	0.0500	1	0.485	-37.539	36.985	-11.01	-7.07	-7.76	-0.045	0.067	73.157
30255	2	0.0500	1	0.471	-37.553	36.988	-11.05	-7.35	-8.29	-0.002	0.038	66.564
30262	2	0.0500	1	0.453	-37.564	36.982	-10.94	-6.90	-8.53	0.020	-0.026	70.454
30269	2	0.0500	1	0.430	-37.571	36.968	-10.89	-6.23	-9.24	0.063	-0.072	75.160
30276	2	0.0500	1	0.402	-37.576	36.949	-11.21	-5.46	-9.60	0.090	-0.108	69.347
30283	2	0.0500	1	0.372	-37.580	36.926	-11.37	-4.43	-10.04	0.069	-0.120	72.542
30290	2	0.0500	1	0.333	-37.586	36.897	-11.76	-3.52	-10.25	0.052	-0.095	77.696
30297	2	0.0500	1	0.295	-37.589	36.867	-11.71	-2.91	-10.16	0.049	-0.062	70.527
30304	2	0.0500	1	0.260	-37.594	36.840	-11.97	-2.27	-10.12	0.036	-0.033	72.756
30311	2	0.0500	1	0.230	-37.596	36.817	-11.59	-2.32	-10.35	0.008	0.023	79.401
30318	2	0.0500	1	0.208	-37.600	36.801	-11.37	-2.74	-10.68	-0.022	0.069	73.894
30325	2	0.0500	1	0.195	-37.600	36.791	-10.77	-3.28	-11.04	-0.035	0.089	77.740
30332	2	0.0500	1	0.188	-37.598	36.782	-10.12	-4.24	-11.48	-0.046	0.121	80.855
30339	2	0.0500	1	0.185	-37.594	36.775	-9.50	-5.16	-11.71	-0.060	0.112	73.266
30346	2	0.0500	1	0.177	-37.588	36.762	-9.23	-5.15	-11.78	-0.063	0.086	78.509
30353	2	0.0500	1	0.160	-37.584	36.743	-9.11	-5.18	-11.65	-0.073	0.051	81.395
30360	2	0.0500	1	0.133	-37.579	36.715	-9.42	-4.57	-11.21	-0.034	0.012	75.511
30367	2	0.0500	1	0.106	-37.570	36.683	-10.03	-3.67	-10.66	-0.030	-0.025	82.792
30374	2	0.0500	1	0.077	-37.561	36.648	-10.33	-2.77	-10.20	0.003	-0.058	81.593
30381	2	0.0500	1	0.048	-37.552	36.614	-11.04	-2.25	-9.60	0.019	-0.072	76.143
30388	2	0.0500	1	0.027	-37.540	36.583	-11.16	-2.09	-9.10	0.035	-0.079	85.462
30395	2	0.0500	1	0.022	-37.530	36.569	-10.66	-2.58	-9.42	0.048	-0.042	81.751
30402	2	0.0500	1	0.022	-37.520	36.559	-10.04	-3.74	-10.15	0.046	-0.036	82.629
# PULSE END
30409	2	0.0000	0	0.042	-37.505	36.563	-9.33	-4.94	-10.40	0.048	-0.006	87.949
30416	2	0.0000	0	0.053	-37.501	36.568	-8.24	-6.18	-10.26	0.055	0.006	79.157
30424	2	0.0000	0	0.043	-37.515	36.573	-8.13	-7.25	-7.18	0.026	0.014	84.804
30430	2	0.0000	0	0.025	-37.526	36.569	-8.16	-6.29	-3.88	0.015	0.004	85.113
30437	2	0.0000	0	-0.010	-37.535	36.546	-8.29	-4.06	-2.18	-0.017	-0.045	79.893
30444	2	0.0000	0	-0.047	-37.535	36.514	-8.22	-2.19	-1.79	-0.033	-0.083	87.973
30452	2	0.0000	0	-0.078	-37.522	36.473	-7.73	0.80	-1.57	-0.063	-0.089	80.977
30459	2	0.0000	0	-0.105	-37.509	36.437	-7.23	3.26	-0.94	-0.068	-0.075	80.686
30466	2	0.0000	0	-0.123	-37.497	36.410	-6.10	4.56	0.01	-0.093	-0.056	87.424
30473	2	0.0000	0	-0.124	-37.489	36.401	-4.85	4.84	0.28	-0.088	-0.025	80.711
30480	2	0.0000	0	-0.126	-37.489	36.399	-3.80	4.79	0.76	-0.060	0.028	86.088
30487	2	0.0000	0	-0.122	-37.496	36.409	-2.47	3.73	1.34	-0.036	0.071	84.717
30494	2	0.0000	0	-0.130	-37.514	36.420	-1.62	3.16	2.86	-0.017	0.100	78.257
30501	2	0.0000	0	-0.142	-37.533	36.428	-0.88	2.88	4.31	0.018	0.101	86.332
30508	2	0.0000	0	-0.172	-37.558	36.426	-0.93	3.69	5.65	0.052	0.083	81.197
30515	2	0.0000	0	-0.224	-37.585	36.406	-1.26	5.08	7.03	0.078	0.049	81.289
30522	2	0.0000	0	-0.280	-37.608	36.379	-1.86	6.93	8.63	0.101	-0.004	87.051
30529	2	0.0000	0	-0.345	-37.628	36.341	-2.51	8.96	9.79	0.109	-0.023	78.213
30536	2	0.0000	0	-0.403	-37.644	36.307	-2.38	10.52	10.74	0.089	-0.060	82.857
30543	2	0.0000	0	-0.446	-37.651	36.276	-1.44	11.40	10.83	0.068	-0.048	85.356
30550	2	0.0000	0	-0.470	-37.655	36.258	-0.27	11.25	10.76	0.021	-0.045	79.845
30557	2	0.0000	0	-0.484	-37.656	36.247	1.56	11.26	10.08	-0.028	-0.027	87.150
30564	2	0.0000	0	-0.492	-37.661	36.244	3.46	10.51	9.68	-0.063	-0.003	81.074
30571	2	0.0000	0	-0.509	-37.673	36.242	4.83	10.26	10.13	-0.083	0.017	79.022
30578	2	0.0000	0	-0.542	-37.693	36.232	5.11	10.29	11.10	-0.081	0.032	86.138
30585	2	0.0000	0	-0.603	-37.723	36.207	4.63	10.86	12.28	-0.064	0.016	79.164
30592	2	0.0000	0	-0.680	-37.757	36.173	3.60	12.12	14.06	-0.047	0.003	82.334
30599	2	0.0000	0	-0.779	-37.796	36.124	2.49	13.91	15.59	-0.011	0.012	85.050
30606	2	0.0000	0	-0.865	-37.829	36.080	2.03	15.01	16.86	-0.006	0.004	76.758
30613	2	0.0000	0	-0.941	-37.855	36.038	1.92	15.50	16.91	0.026	0.012	83.698
30621	2	0.0000	0	-0.991	-37.871	36.010	3.46	15.47	16.87	0.014	0.028	83.136
30628	2	0.0000	0	-1.014	-37.878	35.997	5.22	14.75	15.72	-0.010	0.052	79.864
30635	2	0.0000	0	-1.021	-37.885	35.997	7.63	13.65	15.05	0.000	0.058	86.754
30642	2	0.0000	0	-1.033	-37.895	35.996	9.70	12.66	14.50	-0.006	0.058	79.201
30649	2	0.0000	0	-1.049	-37.908	35.995	10.36	12.30	14.83	0.019	0.040	79.375
30655	2	0.0000	0	-1.086	-37.929	35.983	10.84	12.51	15.30	0.023	-0.007	85.065
30663	2	0.0000	0	-1.147	-37.958	35.958	10.19	13.52	16.74	0.058	-0.056	77.774
30670	2	0.0000	0	-1.220	-37.991	35.925	8.93	14.97	18.02	0.079	-0.090	83.126
30677	2	0.0000	0	-1.297	-38.021	35.886	7.83	16.85	19.04	0.088	-0.110	82.951
30684	2	0.0000	0	-1.368	-38.046	35.849	7.40	17.89	19.39	0.083	-0.118	76.165
30691	2	0.0000	0	-1.419	-38.064	35.821	7.93	18.14	19.46	0.056	-0.080	84.262
30698	2	0.0000	0	-1.441	-38.073	35.811	9.33	17.85	18.65	-0.003	-0.041	81.713
30705	2	0.0000	0	-1.445	-38.079	35.814	11.16	16.70	17.77	-0.041	0.021	79.744
30712	2	0.0000	0	-1.437	-38.083	35.823	13.48	15.34	17.02	-0.077	0.049	86.110
30719	2	0.0000	0	-1.430	-38.088	35.835	14.30	14.82	16.93	-0.097	0.082	77.823
30726	2	0.0000	0	-1.433	-38.097	35.841	15.24	14.00	16.81	-0.106	0.079	79.591
30733	2	0.0000	0	-1.459	-38.112	35.833	15.10	14.43	17.15	-0.076	0.055	84.360
30740	2	0.0000	0	-1.501	-38.129	35.812	14.12	15.79	17.73	-0.050	0.019	77.164
30747	2	0.0000	0	-1.563	-38.150	35.779	12.70	17.48	18.30	-0.014	0.007	82.825
30754	2	0.0000	0	-1.621	-38.165	35.742	12.15	18.33	19.06	0.021	-0.022	82.676
30761	2	0.0000	0	-1.667	-38.177	35.712	11.77	19.13	19.59	0.044	-0.027	75.561
30768	2	0.0000	0	-1.687	-38.178	35.696	12.31	19.29	19.32	0.050	-0.013	83.423
30775	2	0.0000	0	-1.691	-38.175	35.690	13.98	18.69	18.46	0.023	0.009	81.075
30782	2	0.0000	0	-1.666	-38.167	35.703	15.92	17.21	17.67	0.009	0.029	79.140
30789	2	0.0000	0	-1.633	-38.157	35.724	17.38	16.25	17.06	-0.021	0.032	85.502
30796	2	0.0000	0	-1.608	-38.153	35.741	19.02	15.27	16.09	-0.012	0.026	77.507
30803	2	0.0000	0	-1.600	-38.157	35.752	19.63	14.94	16.45	-0.010	0.011	78.924
30811	2	0.0000	0	-1.606	-38.165	35.755	19.12	15.14	17.18	0.023	-0.032	83.836
30818	2	0.0000	0	-1.626	-38.173	35.745	18.32	15.87	17.99	0.030	-0.048	76.630
30825	2	0.0000	0	-1.663	-38.183	35.723	16.71	17.26	18.95	0.063	-0.084	81.799
30832	2	0.0000	0	-1.701	-38.190	35.696	15.42	19.03	19.84	0.065	-0.084	82.552
30839	2	0.0000	0	-1.718	-38.187	35.677	14.70	19.71	20.09	0.042	-0.076	74.952
30846	2	0.0000	0	-1.713	-38.174	35.670	15.72	19.74	19.26	0.006	-0.030	82.513
30853	2	0.0000	0	-1.685	-38.154	35.675	16.79	19.66	18.48	-0.034	0.015	81.329
30860	2	0.0000	0	-1.638	-38.131	35.693	18.68	18.23	17.39	-0.069	0.062	78.015
30867	2	0.0000	0	-1.581	-38.109	35.722	20.72	16.83	16.43	-0.087	0.104	84.931
30874	2	0.0000	0	-1.536	-38.097	35.750	21.65	15.61	16.08	-0.079	0.125	77.657
30881	2	0.0000	0	-1.510	-38.093	35.769	21.55	15.40	16.39	-0.064	0.095	77.257
30888	2	0.0000	0	-1.503	-38.096	35.779	20.84	15.79	17.13	-0.010	0.051	83.620
30895	2	0.0000	0	-1.521	-38.104	35.771	19.14	16.94	18.11	0.026	-0.008	76.454
30902	2	0.0000	0	-1.545	-38.110	35.756	17.47	18.39	18.86	0.062	-0.056	80.207
30909	2	0.0000	0	-1.569	-38.114	35.738	16.22	19.86	19.38	0.068	-0.092	82.903
30916	2	0.0000	0	-1.575	-38.107	35.725	16.15	20.58	19.58	0.078	-0.076	74.622
30923	2	0.0000	0	-1.555	-38.090	35.727	16.30	20.60	19.09	0.049	-0.066	80.696
30930	2	0.0000	0	-1.512	-38.065	35.740	18.03	19.59	18.16	0.002	-0.012	81.818
30937	2	0.0000	0	-1.453	-38.039	35.767	19.76	18.23	17.15	-0.022	0.027	76.877
30944	2	0.0000	0	-1.400	-38.016	35.792	20.89	16.64	16.34	-0.050	0.060	83.789
30951	2	0.0000	0	-1.360	-38.002	35.813	21.97	15.72	16.28	-0.051	0.068	78.986
30958	2	0.0000	0	-1.333	-37.993	35.828	21.64	15.47	16.03	-0.035	0.068	75.446
30965	2	0.0000	0	-1.335	-37.995	35.828	20.06	16.16	16.81	-0.008	0.022	82.969
30972	2	0.0000	0	-1.355	-37.999	35.814	18.40	17.42	17.63	0.024	0.011	77.227
30979	2	0.0000	0	-1.381	-38.002	35.795	16.89	18.73	18.25	0.060	-0.028	77.542
30986	2	0.0000	0	-1.402	-38.000	35.774	15.70	19.87	18.62	0.059	-0.045	83.263
30994	2	0.0000	0	-1.407	-37.990	35.759	15.75	20.24	18.20	0.026	-0.049	74.901
31001	2	0.0000	0	-1.390	-37.974	35.759	16.59	20.29	17.73	-0.021	-0.031	77.967
31008	2	0.0000	0	-1.352	-37.953	35.771	18.13	19.25	16.60	-0.056	0.012	82.628
31015	2	0.0000	0	-1.308	-37.932	35.790	19.55	17.84	16.06	-0.074	0.037	76.211
31022	2	0.0000	0	-1.269	-37.919	35.812	20.54	16.51	15.77	-0.074	0.065	81.650
31029	2	0.0000	0	-1.232	-37.909	35.835	20.72	15.59	15.55	-0.059	0.072	80.728
31036	2	0.0000	0	-1.214	-37.908	35.850	20.40	14.84	15.67	-0.024	0.054	73.920
31043	2	0.0000	0	-1.209	-37.909	35.855	19.18	15.02	16.19	0.011	0.022	81.096
31050	2	0.0000	0	-1.215	-37.907	35.848	17.84	16.02	16.42	0.064	-0.034	78.762
31057	2	0.0000	0	-1.222	-37.903	35.838	16.63	17.03	16.73	0.108	-0.052	75.236
31064	2	0.0000	0	-1.224	-37.891	35.824	16.13	17.58	16.67	0.090	-0.075	82.702
31071	2	0.0000	0	-1.217	-37.874	35.814	15.80	18.26	16.22	0.070	-0.071	77.066
31078	2	0.0000	0	-1.198	-37.852	35.810	16.26	18.28	15.63	0.029	-0.048	74.586
31085	2	0.0000	0	-1.164	-37.829	35.817	17.31	17.75	15.11	0.018	-0.003	82.371
31092	2	0.0000	0	-1.130	-37.810	35.829	17.52	17.02	14.89	-0.017	0.045	77.267
31099	2	0.0000	0	-1.094	-37.798	35.847	18.42	15.88	14.71	-0.028	0.087	78.053
31106	2	0.0000	0	-1.059	-37.788	35.869	18.42	14.63	14.59	-0.039	0.089	82.746
31113	2	0.0000	0	-1.034	-37.784	35.887	18.14	13.57	14.65	-0.039	0.071	74.375
31120	2	0.0000	0	-1.023	-37.783	35.897	17.38	13.42	14.93	-0.027	0.040	77.138
31127	2	0.0000	0	-1.015	-37.779	35.899	16.74	13.57	15.00	-0.031	0.001	81.278
31134	2	0.0000	0	-1.014	-37.774	35.895	15.95	14.56	15.12	-0.020	-0.061	74.179
31141	2	0.0000	0	-1.019	-37.765	35.882	15.17	15.53	15.14	-0.019	-0.094	79.653
31148	2	0.0000	0	-1.019	-37.752	35.869	14.59	16.38	14.77	-0.024	-0.094	80.294
31155	2	0.0000	0	-1.010	-37.736	35.862	14.64	16.74	14.35	-0.007	-0.089	72.762
31162	2	0.0000	0	-1.000	-37.724	35.859	14.62	16.73	14.17	-0.025	-0.060	79.517
31169	2	0.0000	0	-0.980	-37.711	35.864	14.96	15.95	13.55	-0.016	-0.010	79.898
31176	2	0.0000	0	-0.950	-37.701	35.881	15.39	14.58	13.23	-0.009	0.018	75.221
31184	2	0.0000	0	-0.916	-37.695	35.904	16.14	12.90	13.10	0.010	0.075	81.999
31191	2	0.0000	0	-0.888	-37.692	35.927	16.31	11.70	12.86	0.024	0.099	77.456
31198	2	0.0000	0	-0.866	-37.691	35.944	16.22	10.94	12.97	0.039	0.106	73.471
31205	2	0.0000	0	-0.855	-37.689	35.952	15.94	10.82	12.85	0.059	0.082	80.954
31212	2	0.0000	0	-0.848	-37.683	35.952	15.26	11.24	12.57	0.064	0.039	76.368
31219	2	0.0000	0	-0.850	-37.674	35.943	14.47	12.31	12.61	0.052	-0.006	74.906
31226	2	0.0000	0	-0.854	-37.662	35.927	14.01	13.36	12.44	0.045	-0.049	81.777
31233	2	0.0000	0	-0.858	-37.651	35.913	13.54	13.87	12.51	0.002	-0.053	74.824
31240	2	0.0000	0	-0.854	-37.638	35.904	13.15	14.20	12.15	-0.003	-0.057	74.372
31247	2	0.0000	0	-0.836	-37.625	35.907	13.78	13.78	11.73	-0.031	-0.045	81.304
31254	2	0.0000	0	-0.808	-37.612	35.918	14.43	12.58	11.22	-0.070	-0.021	75.266
31261	2	0.0000	0	-0.769	-37.600	35.941	15.32	11.13	10.72	-0.066	0.033	77.840
31268	2	0.0000	0	-0.727	-37.590	35.969	15.67	10.08	10.37	-0.053	0.045	81.122
31275	2	0.0000	0	-0.693	-37.584	35.993	16.18	8.55	10.22	-0.057	0.068	72.841
31282	2	0.0000	0	-0.664	-37.581	36.015	15.73	7.90	10.27	-0.019	0.043	76.573
31289	2	0.0000	0	-0.645	-37.575	36.027	14.96	8.13	10.16	0.011	0.033	79.875
31296	2	0.0000	0	-0.635	-37.568	36.028	14.09	8.68	10.27	0.034	-0.011	73.023
31303	2	0.0000	0	-0.629	-37.557	36.023	13.05	9.60	10.41	0.055	-0.050	78.501
31310	2	0.0000	0	-0.625	-37.544	36.014	12.07	10.50	10.69	0.065	-0.068	79.189
31317	2	0.0000	0	-0.608	-37.525	36.010	11.81	10.90	10.23	0.050	-0.058	71.648
31324	2	0.0000	0	-0.575	-37.504	36.019	12.24	10.47	9.71	0.036	-0.049	78.011
31331	2	0.0000	0	-0.532	-37.482	36.034	12.86	9.76	9.26	-0.000	-0.014	79.087
31338	2	0.0000	0	-0.478	-37.460	36.061	13.82	8.18	8.72	-0.011	0.019	73.864
31345	2	0.0000	0	-0.429	-37.447	36.091	14.33	6.76	8.16	-0.015	0.060	80.208
31352	2	0.0000	0	-0.381	-37.437	36.124	14.64	5.20	8.24	-0.028	0.075	77.551
31359	2	0.0000	0	-0.350	-37.435	36.150	14.19	4.70	8.44	0.006	0.067	71.733
31366	2	0.0000	0	-0.331	-37.435	36.166	13.50	4.51	8.60	0.015	0.030	78.966
31373	2	0.0000	0	-0.319	-37.433	36.175	12.16	5.14	8.88	0.021	0.000	76.749
31380	2	0.0000	0	-0.313	-37.428	36.175	11.12	6.12	8.83	0.027	-0.031	72.712
31387	2	0.0000	0	-0.306	-37.419	36.173	10.56	7.22	8.71	0.010	-0.040	79.954
31394	2	0.0000	0	-0.295	-37.407	36.170	9.95	7.60	8.31	-0.019	-0.059	76.104
31401	2	0.0000	0	-0.268	-37.387	36.176	9.90	7.73	7.91	-0.043	-0.051	71.444
31408	2	0.0000	0	-0.231	-37.369	36.190	10.39	7.41	7.42	-0.051	-0.021	79.182
31415	2	0.0000	0	-0.182	-37.351	36.215	11.08	6.12	7.08	-0.062	-0.011	76.694
31422	2	0.0000	0	-0.127	-37.337	36.250	11.50	5.05	6.88	-0.048	0.035	74.025
31429	2	0.0000	0	-0.077	-37.328	36.285	11.82	3.71	6.32	-0.043	0.050	80.627
31436	2	0.0000	0	-0.032	-37.324	36.321	12.03	2.15	6.50	-0.029	0.065	74.547
31443	2	0.0000	0	0.007	-37.321	36.353	11.77	1.49	6.36	0.018	0.044	72.502
31450	2	0.0000	0	0.031	-37.318	36.371	10.93	1.80	6.15	0.033	0.010	79.482
31457	2	0.0000	0	0.045	-37.314	36.380	10.01	2.33	6.33	0.049	-0.031	74.142
31464	2	0.0000	0	0.054	-37.308	36.381	8.80	3.38	6.17	0.070	-0.047	73.508
31471	2	0.0000	0	0.061	-37.299	36.379	7.94	4.43	6.09	0.066	-0.073	80.011
31478	2	0.0000	0	0.074	-37.286	36.377	7.30	4.97	5.76	0.068	-0.059	73.176
31485	2	0.0000	0	0.101	-37.270	36.386	7.23	4.92	5.36	0.031	-0.046	72.264
31492	2	0.0000	0	0.137	-37.253	36.401	7.77	4.31	5.10	0.006	-0.027	79.519
31500	2	0.0000	0	0.189	-37.236	36.430	8.56	3.26	4.74	-0.028	0.027	74.262
31507	2	0.0000	0	0.236	-37.225	36.462	8.82	2.30	3.96	-0.049	0.063	75.339
31514	2	0.0000	0	0.277	-37.222	36.494	9.07	0.78	3.74	-0.056	0.073	79.874
31521	2	0.0000	0	0.310	-37.222	36.522	8.69	0.16	3.90	-0.044	0.071	72.023
31528	2	0.0000	0	0.338	-37.222	36.548	7.88	0.17	3.75	-0.009	0.041	73.340
31535	2	0.0000	0	0.358	-37.219	36.563	7.01	0.59	3.99	0.010	0.014	78.899
31542	2	0.0000	0	0.371	-37.214	36.569	5.57	1.07	3.78	0.018	-0.022	72.450
31549	2	0.0000	0	0.384	-37.206	36.572	4.64	2.05	3.63	0.017	-0.064	74.223
31556	2	0.0000	0	0.397	-37.194	36.572	4.10	2.50	3.30	0.026	-0.076	79.252
31562	2	0.0000	0	0.415	-37.176	36.571	3.70	3.39	2.81	0.008	-0.061	71.637
31569	2	0.0000	0	0.443	-37.161	36.581	3.66	3.30	2.20	-0.012	-0.036	72.631
31577	2	0.0000	0	0.474	-37.146	36.593	3.78	2.64	1.89	-0.014	0.008	78.945
31584	2	0.0000	0	0.506	-37.138	36.613	3.90	1.64	1.93	-0.010	0.044	73.126
31591	2	0.0000	0	0.532	-37.134	36.633	3.98	1.08	1.45	-0.004	0.072	75.077
31598	2	0.0000	0	0.560	-37.136	36.659	3.77	-0.41	1.78	0.000	0.077	79.136
31604	2	0.0000	0	0.574	-37.141	36.676	3.39	-1.36	1.96	0.010	0.079	71.275
31611	2	0.0000	0	0.583	-37.144	36.687	2.76	-1.52	1.89	0.015	0.038	72.819
31618	2	0.0000	0	0.584	-37.146	36.690	2.26	-1.64	1.77	0.033	-0.002	78.273
31625	2	0.0000	0	0.578	-37.145	36.684	1.05	-0.63	1.65	0.041	-0.046	71.917
31632	2	0.0000	0	0.572	-37.140	36.674	0.11	0.58	1.39	0.030	-0.087	73.414
31639	2	0.0000	0	0.565	-37.132	36.659	-1.00	1.47	0.97	0.006	-0.111	78.623
31646	2	0.0000	0	0.555	-37.125	36.645	-1.07	2.12	0.93	-0.009	-0.095	70.982
31653	2	0.0000	0	0.549	-37.120	36.635	-1.92	2.27	0.56	-0.034	-0.076	72.110
31660	2	0.0000	0	0.557	-37.119	36.639	-1.67	1.56	0.28	-0.051	-0.013	78.381
31667	2	0.0000	0	0.565	-37.121	36.649	-1.52	0.39	0.24	-0.051	0.042	72.729
31674	2	0.0000	0	0.577	-37.125	36.664	-1.50	-1.22	-0.07	-0.065	0.102	74.191
31681	2	0.0000	0	0.587	-37.134	36.681	-1.63	-2.22	-0.20	-0.035	0.120	78.741
31688	2	0.0000	0	0.589	-37.145	36.693	-1.95	-3.17	-0.20	-0.009	0.119	71.092
31695	2	0.0000	0	0.583	-37.156	36.699	-2.52	-3.50	-0.26	0.018	0.089	71.735
31702	2	0.0000	0	0.568	-37.165	36.695	-3.48	-3.32	-0.43	0.053	0.029	77.729
31709	2	0.0000	0	0.544	-37.174	36.682	-4.39	-2.81	-0.35	0.066	-0.019	71.529
31716	2	0.0000	0	0.516	-37.179	36.663	-5.53	-1.71	-0.73	0.085	-0.063	72.525
31723	2	0.0000	0	0.485	-37.183	36.639	-6.51	-0.58	-0.99	0.088	-0.104	78.169
31730	2	0.0000	0	0.457	-37.184	36.615	-6.90	0.38	-1.24	0.054	-0.105	70.663
31738	2	0.0000	0	0.430	-37.190	36.597	-6.95	-0.01	-1.54	0.028	-0.087	71.069
31745	2	0.0000	0	0.415	-37.195	36.588	-6.82	-0.46	-1.74	-0.028	-0.062	77.740
31752	2	0.0000	0	0.406	-37.203	36.589	-6.16	-1.61	-2.11	-0.036	-0.011	72.547
31758	2	0.0000	0	0.393	-37.218	36.592	-5.81	-2.96	-2.16	-0.063	0.038	73.022
31765	2	0.0000	0	0.376	-37.236	36.595	-5.67	-4.37	-2.26	-0.079	0.077	78.169
31773	2	0.0000	0	0.352	-37.259	36.596	-5.75	-5.27	-2.13	-0.070	0.079	70.712
31780	2	0.0000	0	0.317	-37.282	36.587	-6.17	-5.38	-2.23	-0.066	0.077	70.874
31787	2	0.0000	0	0.277	-37.303	36.573	-6.85	-5.24	-2.53	-0.036	0.049	77.155
31794	2	0.0000	0	0.231	-37.322	36.551	-7.74	-4.53	-2.77	-0.018	0.018	71.366
31801	2	0.0000	0	0.185	-37.335	36.523	-8.40	-3.67	-3.30	0.019	-0.027	71.392
31808	2	0.0000	0	0.147	-37.344	36.498	-8.92	-2.95	-3.71	0.024	-0.046	77.611
31815	2	0.0000	0	0.111	-37.350	36.473	-8.67	-2.75	-3.85	0.048	-0.055	71.336
31822	2	0.0000	0	0.082	-37.357	36.454	-8.68	-3.06	-4.16	0.026	-0.035	69.361
31829	2	0.0000	0	0.066	-37.364	36.446	-7.78	-3.76	-4.35	0.023	-0.016	76.787
31836	2	0.0000	0	0.055	-37.374	36.447	-6.94	-4.95	-4.33	0.009	0.026	72.929
31843	2	0.0000	0	0.047	-37.386	36.450	-6.44	-6.00	-4.51	0.004	0.038	71.503
31850	2	0.0000	0	0.041	-37.402	36.461	-6.09	-7.33	-4.28	0.006	0.057	77.680
31857	2	0.0000	0	0.029	-37.419	36.467	-6.02	-8.13	-4.39	0.017	0.054	71.380
31864	2	0.0000	0	0.009	-37.434	36.464	-6.33	-8.22	-4.31	0.020	0.040	69.236
31871	2	0.0000	0	-0.011	-37.446	36.459	-6.78	-7.89	-4.50	0.010	-0.001	76.215
31878	2	0.0000	0	-0.039	-37.456	36.444	-7.12	-7.23	-4.62	0.011	-0.035	72.281
31885	2	0.0000	0	-0.067	-37.462	36.425	-7.62	-6.29	-5.06	-0.008	-0.062	69.638
31892	2	0.0000	0	-0.088	-37.463	36.407	-7.68	-5.40	-5.04	-0.014	-0.062	76.623
31899	2	0.0000	0	-0.103	-37.464	36.395	-7.75	-5.16	-5.41	-0.028	-0.061	72.425
31906	2	0.0000	0	-0.111	-37.463	36.387	-7.28	-5.21	-5.63	-0.038	-0.027	67.957
31914	2	0.0000	0	-0.115	-37.465	36.386	-6.89	-5.19	-5.61	-0.039	-0.002	75.419
31920	2	0.0000	0	-0.112	-37.472	36.395	-6.27	-6.11	-5.84	-0.036	0.029	73.788
31927	2	0.0000	0	-0.107	-37.481	36.408	-5.46	-7.31	-5.56	-0.025	0.061	70.039
31934	2	0.0000	0	-0.108	-37.495	36.421	-5.12	-8.40	-5.44	-0.009	0.074	76.263
31941	2	0.0000	0	-0.109	-37.510	36.435	-4.99	-9.31	-5.30	0.010	0.072	73.393
31948	2	0.0000	0	-0.113	-37.524	36.445	-4.92	-9.41	-5.06	0.029	0.044	67.717
31956	2	0.0000	0	-0.121	-37.534	36.447	-5.27	-9.19	-4.93	0.049	0.015	74.189
31963	2	0.0000	0	-0.129	-37.538	36.444	-5.38	-8.41	-5.18	0.045	-0.035	73.788
31970	2	0.0000	0	-0.136	-37.536	36.436	-5.77	-6.90	-5.23	0.025	-0.077	68.395
31977	2	0.0000	0	-0.144	-37.530	36.424	-5.93	-5.89	-5.35	0.028	-0.098	74.402
31984	2	0.0000	0	-0.147	-37.524	36.415	-6.51	-5.43	-5.33	-0.002	-0.094	74.244
31991	2	0.0000	0	-0.144	-37.517	36.410	-6.14	-4.92	-5.26	-0.019	-0.059	67.208
31998	2	0.0000	0	-0.135	-37.513	36.414	-5.72	-5.13	-4.95	-0.048	-0.033	72.096
32005	2	0.0000	0	-0.121	-37.511	36.425	-5.08	-5.74	-4.86	-0.054	0.022	75.291
32012	2	0.0000	0	-0.103	-37.511	36.441	-4.70	-6.26	-4.94	-0.049	0.078	69.355
32019	2	0.0000	0	-0.085	-37.515	36.461	-3.90	-7.09	-4.91	-0.049	0.100	73.441
32026	2	0.0000	0	-0.070	-37.523	36.482	-3.66	-7.72	-4.84	-0.016	0.107	75.335
32033	2	0.0000	0	-0.066	-37.534	36.496	-3.88	-7.84	-4.70	0.006	0.090	67.668
32040	2	0.0000	0	-0.066	-37.543	36.505	-4.29	-7.46	-4.57	0.021	0.077	70.561
32047	2	0.0000	0	-0.071	-37.550	36.507	-4.37	-6.97	-4.77	0.049	0.020	75.082
32054	2	0.0000	0	-0.082	-37.552	36.500	-5.12	-5.92	-4.76	0.073	-0.035	68.820
32061	2	0.0000	0	-0.086	-37.549	36.492	-5.38	-4.38	-4.44	0.066	-0.077	70.263
32068	2	0.0000	0	-0.090	-37.544	36.485	-5.40	-3.52	-4.44	0.063	-0.100	75.649
32075	2	0.0000	0	-0.091	-37.540	36.480	-5.44	-2.97	-4.32	0.025	-0.107	68.459
32082	2	0.0000	0	-0.087	-37.536	36.479	-4.57	-2.97	-4.24	0.000	-0.081	68.337
32089	2	0.0000	0	-0.081	-37.532	36.480	-4.30	-3.13	-4.14	-0.024	-0.041	75.143
32096	2	0.0000	0	-0.071	-37.533	36.490	-3.41	-3.84	-3.89	-0.044	0.007	70.826
32104	2	0.0000	0	-0.059	-37.535	36.503	-3.02	-4.54	-3.90	-0.039	0.051	69.704
32110	2	0.0000	0	-0.054	-37.542	36.515	-2.66	-5.03	-3.44	-0.043	0.072	75.666
32117	2	0.0000	0	-0.052	-37.549	36.522	-3.05	-5.18	-3.33	-0.026	0.064	70.369
32124	2	0.0000	0	-0.056	-37.556	36.526	-3.10	-5.13	-3.02	-0.006	0.052	66.863
32131	2	0.0000	0	-0.063	-37.558	36.522	-3.53	-4.46	-3.04	-0.002	0.034	73.796
32139	2	0.0000	0	-0.066	-37.556	36.517	-3.66	-3.65	-3.09	0.010	0.011	71.215
32146	2	0.0000	0	-0.071	-37.551	36.508	-4.16	-2.46	-3.03	0.013	-0.022	67.318
32153	2	0.0000	0	-0.075	-37.544	36.497	-4.29	-1.66	-3.19	0.003	-0.031	73.668
32160	2	0.0000	0	-0.077	-37.535	36.488	-4.49	-0.93	-2.98	0.006	-0.036	72.421
32167	2	0.0000	0	-0.080	-37.531	36.481	-4.32	-0.43	-3.00	0.002	-0.036	65.905
32174	2	0.0000	0	-0.078	-37.528	36.479	-4.01	-0.62	-2.49	0.002	-0.006	71.133
32181	2	0.0000	0	-0.076	-37.531	36.483	-3.51	-1.02	-2.28	0.011	0.022	73.860
32188	2	0.0000	0	-0.075	-37.538	36.492	-3.20	-1.49	-1.80	0.003	0.048	68.110
32195	2	0.0000	0	-0.074	-37.546	36.500	-2.92	-1.99	-1.79	0.019	0.058	71.872
32202	2	0.0000	0	-0.074	-37.556	36.511	-2.72	-2.36	-1.62	0.010	0.058	74.245
32209	2	0.0000	0	-0.077	-37.566	36.517	-2.51	-2.60	-1.70	0.006	0.033	66.627
32216	2	0.0000	0	-0.088	-37.573	36.514	-2.82	-2.35	-1.53	-0.006	-0.016	68.703
32223	2	0.0000	0	-0.104	-37.577	36.504	-2.74	-1.36	-1.75	0.002	-0.048	73.832
32230	2	0.0000	0	-0.122	-37.577	36.489	-3.32	-0.71	-1.62	-0.008	-0.092	68.082
32237	2	0.0000	0	-0.139	-37.574	36.470	-3.53	0.13	-1.39	0.002	-0.086	68.091
32244	2	0.0000	0	-0.161	-37.571	36.448	-3.77	0.90	-0.97	-0.016	-0.079	74.239
32251	2	0.0000	0	-0.178	-37.568	36.430	-4.04	1.19	-0.78	-0.026	-0.053	68.679
32258	2	0.0000	0	-0.189	-37.563	36.415	-3.56	1.63	-0.85	-0.032	-0.013	65.740
32265	2	0.0000	0	-0.195	-37.561	36.408	-3.16	1.33	-0.64	-0.037	0.033	72.825
32272	2	0.0000	0	-0.201	-37.563	36.405	-2.59	0.64	-0.63	-0.034	0.051	71.149
32279	2	0.0000	0	-0.207	-37.569	36.406	-2.22	0.18	-0.32	-0.019	0.085	67.314
32286	2	0.0000	0	-0.211	-37.578	36.411	-2.35	-0.42	-0.13	0.016	0.097	73.104
32293	2	0.0000	0	-0.217	-37.590	36.418	-2.42	-1.03	0.03	0.039	0.081	71.668
32300	2	0.0000	0	-0.226	-37.600	36.419	-2.14	-1.17	-0.01	0.053	0.074	65.259
32307	2	0.0000	0	-0.240	-37.609	36.417	-2.05	-1.11	-0.04	0.068	0.037	69.814
32315	2	0.0000	0	-0.257	-37.616	36.407	-2.28	-0.44	0.03	0.061	-0.006	72.342
32321	2	0.0000	0	-0.280	-37.621	36.392	-2.21	-0.02	-0.24	0.042	-0.042	66.229
32329	2	0.0000	0	-0.308	-37.626	36.372	-2.25	1.08	0.07	0.011	-0.063	69.549
32336	2	0.0000	0	-0.334	-37.629	36.353	-2.37	1.88	-0.08	-0.022	-0.099	73.348
32343	2	0.0000	0	-0.355	-37.632	36.337	-2.05	2.44	0.31	-0.032	-0.087	66.388
32350	2	0.0000	0	-0.378	-37.638	36.323	-2.07	2.63	0.24	-0.052	-0.059	66.239
32357	2	0.0000	0	-0.394	-37.645	36.315	-1.78	2.44	0.57	-0.063	-0.027	72.921
32364	2	0.0000	0	-0.401	-37.651	36.315	-1.48	1.57	0.82	-0.052	0.024	69.298
32371	2	0.0000	0	-0.403	-37.659	36.320	-0.70	0.58	1.13	-0.045	0.072	67.354
32378	2	0.0000	0	-0.403	-37.666	36.327	-0.30	-0.16	0.74	-0.037	0.091	73.324
32385	2	0.0000	0	-0.401	-37.670	36.334	0.15	-0.73	0.86	-0.009	0.081	69.155
32392	2	0.0000	0	-0.407	-37.675	36.333	0.29	-1.29	0.65	0.012	0.060	64.627
32399	2	0.0000	0	-0.418	-37.677	36.325	0.06	-0.81	0.61	0.030	0.018	70.671
32406	2	0.0000	0	-0.440	-37.680	36.309	-0.15	-0.23	0.66	0.037	-0.016	70.926
32413	2	0.0000	0	-0.459	-37.678	36.290	-0.88	0.79	0.89	0.050	-0.054	65.279
32420	2	0.0000	0	-0.484	-37.678	36.269	-1.06	1.55	0.96	0.057	-0.076	69.454
32427	2	0.0000	0	-0.501	-37.676	36.251	-1.39	2.36	0.99	0.048	-0.086	72.401
32434	2	0.0000	0	-0.520	-37.677	36.236	-1.45	2.65	1.19	0.038	-0.071	64.983
32441	2	0.0000	0	-0.525	-37.679	36.234	-0.81	2.50	1.56	0.006	-0.030	66.363
32448	2	0.0000	0	-0.519	-37.679	36.238	0.14	1.66	1.76	-0.019	0.012	72.451
32455	2	0.0000	0	-0.517	-37.687	36.248	0.84	0.29	1.68	-0.044	0.062	67.850
32462	2	0.0000	0	-0.512	-37.695	36.261	1.28	-0.20	2.15	-0.055	0.067	67.003
32469	2	0.0000	0	-0.510	-37.707	36.274	1.62	-0.96	2.26	-0.044	0.089	72.794
32476	2	0.0000	0	-0.508	-37.717	36.285	1.52	-1.20	2.28	-0.021	0.068	68.411
32483	2	0.0000	0	-0.513	-37.728	36.291	1.47	-1.09	2.22	-0.007	0.048	63.969
32490	2	0.0000	0	-0.521	-37.733	36.290	1.00	-0.54	2.25	0.007	0.003	70.242
32498	2	0.0000	0	-0.535	-37.736	36.279	0.72	0.27	1.93	0.021	-0.051	69.996
32504	2	0.0000	0	-0.548	-37.734	36.267	0.44	1.03	1.66	0.047	-0.079	64.577
32512	2	0.0000	0	-0.558	-37.732	36.255	0.44	1.88	1.55	0.019	-0.087	68.962
32519	2	0.0000	0	-0.558	-37.724	36.248	0.69	2.43	1.49	0.011	-0.061	71.665
32525	2	0.0000	0	-0.554	-37.719	36.246	0.86	2.49	1.47	-0.021	-0.052	64.650
32532	2	0.0000	0	-0.550	-37.717	36.249	1.14	2.14	1.64	-0.027	-0.014	65.220
32539	2	0.0000	0	-0.546	-37.720	36.254	1.76	1.90	1.91	-0.036	0.031	71.590
32546	2	0.0000	0	-0.541	-37.725	36.264	1.88	1.18	1.98	-0.030	0.052	67.932
32553	2	0.0000	0	-0.536	-37.732	36.275	2.11	0.77	2.26	-0.032	0.076	65.684
32560	2	0.0000	0	-0.535	-37.742	36.286	1.92	0.09	2.71	-0.015	0.076	71.601
32567	2	0.0000	0	-0.532	-37.750	36.296	2.07	-0.27	2.61	0.004	0.064	68.977
32574	2	0.0000	0	-0.527	-37.754	36.304	1.61	0.05	2.42	0.015	0.041	63.227
32581	2	0.0000	0	-0.523	-37.754	36.307	1.55	0.23	2.42	0.035	0.013	68.034
32588	2	0.0000	0	-0.524	-37.752	36.304	1.51	0.54	2.03	0.039	-0.022	70.447
32595	2	0.0000	0	-0.521	-37.746	36.302	1.62	0.95	1.84	0.038	-0.064	64.513
32602	2	0.0000	0	-0.515	-37.736	36.297	1.69	1.87	1.80	0.029	-0.078	66.363
32609	2	0.0000	0	-0.519	-37.732	36.290	1.62	2.08	1.75	0.020	-0.088	71.485
32616	2	0.0000	0	-0.520	-37.729	36.285	1.66	2.40	1.81	0.022	-0.073	65.924
32623	2	0.0000	0	-0.519	-37.729	36.287	1.50	2.49	1.99	0.014	-0.045	62.990
32630	2	0.0000	0	-0.520	-37.732	36.289	1.83	2.34	2.35	-0.006	-0.020	69.761
32637	2	0.0000	0	-0.527	-37.742	36.292	1.93	1.72	2.44	-0.020	0.018	69.153
32644	2	0.0000	0	-0.530	-37.751	36.298	1.83	1.31	2.63	-0.012	0.064	64.550
32651	2	0.0000	0	-0.531	-37.761	36.308	1.96	0.58	2.60	-0.011	0.073	69.278
32658	2	0.0000	0	-0.528	-37.767	36.316	2.36	0.05	2.42	-0.028	0.072	70.350
32665	2	0.0000	0	-0.527	-37.773	36.322	2.33	-0.03	1.99	-0.003	0.043	63.427
32672	2	0.0000	0	-0.515	-37.770	36.331	2.37	0.01	1.60	0.001	0.036	64.995
32679	2	0.0000	0	-0.511	-37.766	36.330	2.26	0.29	1.53	0.003	0.012	70.418
32686	2	0.0000	0	-0.511	-37.760	36.324	1.74	0.92	1.21	0.023	-0.010	65.799
32693	2	0.0000	0	-0.510	-37.752	36.317	1.74	1.47	1.41	0.005	-0.049	63.729
32700	2	0.0000	0	-0.508	-37.744	36.312	1.36	2.15	1.31	0.002	-0.066	69.885
32707	2	0.0000	0	-0.508	-37.738	36.306	1.38	2.34	1.32	0.004	-0.059	68.155
32714	2	0.0000	0	-0.507	-37.734	36.302	1.51	2.74	1.63	-0.008	-0.058	62.022
32721	2	0.0000	0	-0.504	-37.731	36.302	1.34	2.50	1.83	-0.003	-0.026	66.126
32728	2	0.0000	0	-0.495	-37.732	36.311	1.57	1.65	1.93	-0.014	0.010	70.132
32735	2	0.0000	0	-0.481	-37.734	36.325	1.68	0.90	2.14	-0.001	0.047	64.813
32742	2	0.0000	0	-0.470	-37.738	36.340	2.24	0.39	1.98	0.015	0.072	65.727
32749	2	0.0000	0	-0.457	-37.744	36.357	2.16	-0.25	1.86	0.007	0.084	70.792
32756	2	0.0000	0	-0.455	-37.750	36.364	2.35	-0.72	1.82	0.018	0.067	65.738
32763	2	0.0000	0	-0.452	-37.754	36.371	2.17	-0.64	1.38	0.014	0.033	62.205
32770	2	0.0000	0	-0.450	-37.752	36.370	2.00	-0.18	0.89	0.009	0.010	68.254
32777	2	0.0000	0	-0.453	-37.751	36.366	1.72	0.37	0.83	0.016	-0.038	67.986
32784	2	0.0000	0	-0.462	-37.746	36.354	1.18	1.36	0.70	0.024	-0.061	62.640
32791	2	0.0000	0	-0.468	-37.741	36.343	0.72	2.08	0.55	0.015	-0.078	66.220
32798	2	0.0000	0	-0.470	-37.735	36.336	0.51	2.48	0.78	-0.001	-0.077	69.907
32805	2	0.0000	0	-0.471	-37.733	36.333	0.68	2.50	0.80	-0.016	-0.056	63.634
32812	2	0.0000	0	-0.468	-37.730	36.333	0.77	2.47	0.85	-0.038	-0.031	62.188
32819	2	0.0000	0	-0.459	-37.728	36.339	1.12	1.82	1.15	-0.056	0.025	68.750
32826	2	0.0000	0	-0.447	-37.729	36.350	1.46	1.23	1.08	-0.059	0.052	67.432
32833	2	0.0000	0	-0.436	-37.733	36.364	1.74	0.55	1.27	-0.059	0.079	63.178
32840	2	0.0000	0	-0.429	-37.737	36.374	1.81	-0.30	1.20	-0.041	0.099	68.016
32847	2	0.0000	0	-0.423	-37.741	36.383	1.83	-0.88	1.23	-0.011	0.092	68.946
32854	2	0.0000	0	-0.421	-37.744	36.388	1.42	-0.82	0.95	0.014	0.065	62.173
32861	2	0.0000	0	-0.420	-37.742	36.388	0.85	-0.42	0.91	0.046	0.042	63.235
32868	2	0.0000	0	-0.424	-37.738	36.380	0.83	-0.02	0.62	0.066	-0.026	68.964
32875	2	0.0000	0	-0.424	-37.730	36.372	0.36	0.68	0.19	0.063	-0.066	64.948
32882	2	0.0000	0	-0.425	-37.722	36.363	0.43	1.35	0.08	0.053	-0.091	62.063
32889	2	0.0000	0	-0.430	-37.716	36.353	0.15	1.82	0.11	0.030	-0.093	67.754
32896	2	0.0000	0	-0.430	-37.712	36.348	0.25	1.72	0.10	0.010	-0.092	67.838
32903	2	0.0000	0	-0.430	-37.710	36.346	0.27	1.65	0.37	0.002	-0.065	61.128
32910	2	0.0000	0	-0.433	-37.713	36.348	0.32	1.43	0.85	-0.021	-0.022	63.530
32917	2	0.0000	0	-0.430	-37.717	36.353	0.55	0.65	1.19	-0.036	0.021	68.934
32924	2	0.0000	0	-0.425	-37.722	36.363	0.72	0.34	1.23	-0.043	0.075	64.847
32931	2	0.0000	0	-0.422	-37.728	36.371	0.66	-0.29	1.29	-0.050	0.092	63.050
32938	2	0.0000	0	-0.425	-37.735	36.376	0.86	-0.70	1.06	-0.048	0.102	68.782
32945	2	0.0000	0	-0.424	-37.738	36.379	1.02	-0.99	0.77	-0.028	0.087	66.461
32952	2	0.0000	0	-0.423	-37.739	36.382	0.52	-0.81	0.35	-0.016	0.065	60.686
32959	2	0.0000	0	-0.426	-37.738	36.378	0.86	-0.70	0.02	-0.003	0.015	64.326
32966	2	0.0000	0	-0.427	-37.735	36.374	0.48	-0.56	-0.28	0.027	-0.022	68.177
32973	2	0.0000	0	-0.426	-37.729	36.369	0.32	0.16	-0.42	0.026	-0.056	62.934
32980	2	0.0000	0	-0.428	-37.724	36.362	0.28	0.60	-0.50	0.026	-0.075	62.464
32987	2	0.0000	0	-0.428	-37.720	36.358	0.17	0.76	-0.43	0.027	-0.078	68.297
32994	2	0.0000	0	-0.428	-37.717	36.355	0.04	1.04	-0.06	0.033	-0.088	64.887
33001	2	0.0000	0	-0.430	-37.717	36.353	0.28	1.09	0.07	0.006	-0.073	59.956
33008	2	0.0000	0	-0.429	-37.719	36.357	0.38	0.86	0.20	0.008	-0.033	64.818
33015	2	0.0000	0	-0.427	-37.724	36.363	0.80	0.24	0.61	-0.011	-0.005	67.921
33022	2	0.0000	0	-0.419	-37.727	36.373	0.77	-0.43	0.46	-0.021	0.035	62.597
33030	2	0.0000	0	-0.410	-37.729	36.383	0.96	-0.90	0.43	-0.037	0.062	64.031
33037	2	0.0000	0	-0.405	-37.731	36.390	1.16	-1.05	0.37	-0.024	0.062	68.642
33044	2	0.0000	0	-0.397	-37.729	36.394	1.32	-1.42	0.17	-0.028	0.056	63.549
33051	2	0.0000	0	-0.394	-37.727	36.395	1.06	-1.22	-0.41	-0.036	0.046	60.060
33058	2	0.0000	0	-0.393	-37.721	36.390	0.96	-0.78	-0.75	-0.001	0.021	65.541
33065	2	0.0000	0	-0.394	-37.716	36.384	0.89	-0.35	-1.01	-0.010	-0.015	66.634
33072	2	0.0000	0	-0.398	-37.709	36.374	0.32	0.27	-1.26	0.018	-0.042	61.101
33079	2	0.0000	0	-0.401	-37.705	36.368	0.06	0.74	-1.05	0.027	-0.055	63.083
33086	2	0.0000	0	-0.401	-37.700	36.362	0.12	0.91	-0.97	0.026	-0.074	67.977
33093	2	0.0000	0	-0.398	-37.696	36.362	0.28	0.98	-0.56	0.010	-0.041	62.813
33100	2	0.0000	0	-0.387	-37.692	36.368	0.32	0.71	-0.22	0.008	-0.030	59.520
33107	2	0.0000	0	-0.378	-37.691	36.374	0.72	0.12	-0.03	-0.005	0.010	65.330
33114	2	0.0000	0	-0.362	-37.690	36.388	1.31	-0.44	0.36	-0.016	0.027	66.588
33121	2	0.0000	0	-0.350	-37.691	36.398	1.43	-0.90	0.17	-0.021	0.054	61.509
33128	2	0.0000	0	-0.337	-37.691	36.410	1.73	-1.26	0.23	-0.029	0.047	63.767
33135	2	0.0000	0	-0.327	-37.693	36.421	1.89	-1.43	-0.19	-0.008	0.052	67.908
33142	2	0.0000	0	-0.322	-37.691	36.423	1.60	-1.15	-0.60	0.006	0.024	62.614
33149	2	0.0000	0	-0.315	-37.686	36.425	1.24	-0.74	-0.97	0.011	-0.002	59.611
33156	2	0.0000	0	-0.311	-37.681	36.423	1.03	-0.15	-1.24	0.020	-0.032	65.309
33163	2	0.0000	0	-0.310	-37.674	36.418	0.83	0.30	-1.49	0.019	-0.052	65.634
33170	2	0.0000	0	-0.308	-37.669	36.415	0.65	0.54	-1.33	0.011	-0.069	60.277
33178	2	0.0000	0	-0.303	-37.663	36.413	0.46	1.04	-1.01	0.006	-0.058	62.686
33185	2	0.0000	0	-0.298	-37.657	36.411	0.67	0.96	-0.82	-0.008	-0.016	67.234
33192	2	0.0000	0	-0.284	-37.649	36.416	0.93	0.98	-0.47	-0.020	0.007	62.311
33199	2	0.0000	0	-0.274	-37.644	36.421	0.80	0.76	0.09	-0.017	0.029	58.790
33205	2	0.0000	0	-0.258	-37.639	36.429	0.81	0.82	0.33	-0.033	0.050	64.663
33213	2	0.0000	0	-0.245	-37.636	36.437	0.75	0.43	0.89	-0.024	0.055	66.007
33220	2	0.0000	0	-0.232	-37.632	36.445	0.55	0.58	0.95	-0.011	0.057	60.934
33227	2	0.0000	0	-0.220	-37.628	36.451	0.98	0.58	1.04	-0.001	0.035	62.690
33234	2	0.0000	0	-0.210	-37.623	36.456	0.88	0.59	1.14	0.006	0.011	67.147
33241	2	0.0000	0	-0.194	-37.618	36.465	1.06	0.63	1.01	-0.006	-0.008	62.032
33248	2	0.0000	0	-0.180	-37.611	36.470	1.50	1.01	-0.43	-0.005	-0.048	58.801
33255	2	0.0000	0	-0.176	-37.608	36.471	1.49	1.78	-0.78	-0.001	-0.058	64.539
33263	2	0.0000	0	-0.179	-37.609	36.469	1.26	2.24	-0.05	0.017	-0.075	64.900
33270	2	0.0000	0	-0.193	-37.616	36.464	0.33	2.03	1.72	0.043	-0.068	59.520
33277	2	0.0000	0	-0.204	-37.621	36.459	-0.20	2.02	3.53	0.047	-0.062	61.406
33284	2	0.0000	0	-0.216	-37.624	36.452	-0.38	2.55	4.13	0.040	-0.038	66.311
33291	2	0.0000	0	-0.215	-37.619	36.447	-0.34	3.20	4.61	0.017	-0.018	62.175
33297	2	0.0000	0	-0.209	-37.609	36.442	0.52	3.99	4.02	-0.011	0.009	57.878
33304	2	0.0000	0	-0.203	-37.599	36.438	1.37	4.70	3.51	-0.041	0.024	62.566
33312	2	0.0000	0	-0.199	-37.589	36.432	2.09	5.12	2.89	-0.059	0.050	65.690
33319	2	0.0000	0	-0.198	-37.587	36.431	2.71	5.00	3.03	-0.078	0.070	60.602
33326	2	0.0000	0	-0.216	-37.596	36.424	2.51	4.96	3.59	-0.058	0.078	61.112
33333	2	0.0000	0	-0.234	-37.611	36.423	2.40	4.73	5.10	-0.026	0.070	66.125
33340	2	0.0000	0	-0.259	-37.630	36.420	1.80	4.79	6.37	-0.015	0.068	62.819
33347	2	0.0000	0	-0.282	-37.649	36.418	1.11	4.86	7.31	0.013	0.041	57.802
33354	2	0.0000	0	-0.302	-37.662	36.412	0.99	5.26	7.88	0.028	0.020	61.646
33361	2	0.0000	0	-0.320	-37.670	36.405	1.35	5.90	8.26	0.039	-0.007	65.120
33368	2	0.0000	0	-0.327	-37.669	36.398	1.98	6.81	8.30	0.028	-0.042	60.173
33375	2	0.0000	0	-0.332	-37.663	36.387	2.67	7.94	8.39	0.002	-0.072	59.072
33382	2	0.0000	0	-0.341	-37.656	36.373	3.13	8.57	8.67	-0.004	-0.097	64.603
33389	2	0.0000	0	-0.355	-37.654	36.358	3.94	9.88	9.29	-0.012	-0.095	63.633
33396	2	0.0000	0	-0.384	-37.663	36.342	4.02	10.89	10.21	-0.020	-0.102	57.615
33403	2	0.0000	0	-0.418	-37.677	36.326	4.10	11.59	11.34	-0.008	-0.064	59.391
33410	2	0.0000	0	-0.463	-37.700	36.308	4.18	11.86	12.57	-0.015	-0.031	64.859
33417	2	0.0000	0	-0.507	-37.726	36.295	3.96	12.26	13.23	0.008	0.012	61.911
33424	2	0.0000	0	-0.543	-37.752	36.288	4.49	12.19	14.36	0.010	0.059	58.865
33431	2	0.0000	0	-0.584	-37.779	36.278	4.89	11.80	15.10	0.003	0.075	63.382
33439	2	0.0000	0	-0.617	-37.801	36.271	5.82	11.69	15.86	0.014	0.102	64.490
33445	2	0.0000	0	-0.651	-37.819	36.258	6.11	11.91	16.51	0.004	0.100	58.328
33452	2	0.0000	0	-0.684	-37.833	36.243	6.70	12.40	16.91	0.013	0.069	57.981
33459	2	0.0000	0	-0.717	-37.842	36.223	6.82	13.24	17.22	0.018	0.025	63.577
33466	2	0.0000	0	-0.756	-37.851	36.197	7.01	14.43	18.06	0.023	-0.030	62.436
33473	2	0.0000	0	-0.802	-37.861	36.166	7.40	15.32	18.68	-0.003	-0.055	57.634
33480	2	0.0000	0	-0.846	-37.869	36.135	7.82	16.20	19.39	0.006	-0.086	60.205
33487	2	0.0000	0	-0.897	-37.883	36.104	8.06	17.17	20.09	-0.001	-0.087	64.611
33495	2	0.0000	0	-0.948	-37.902	36.078	8.72	17.71	20.89	-0.027	-0.079	59.703
33502	2	0.0000	0	-0.996	-37.927	36.060	9.21	17.90	22.11	-0.038	-0.056	56.291
33509	2	0.0000	0	-1.049	-37.959	36.045	10.14	17.37	23.31	-0.026	0.006	61.298
33516	2	0.0000	0	-1.101	-37.997	36.035	10.82	17.02	23.82	-0.039	0.051	63.817
33523	2	0.0000	0	-1.151	-38.035	36.029	11.26	16.26	24.88	-0.022	0.090	59.085
33530	2	0.0000	0	-1.203	-38.074	36.021	11.87	16.21	25.70	0.000	0.110	58.955
33537	2	0.0000	0	-1.262	-38.116	36.010	12.41	16.42	26.43	0.010	0.098	64.249
33545	2	0.0000	0	-1.317	-38.149	35.994	12.37	16.62	26.89	0.041	0.079	61.057
33552	2	0.0000	0	-1.371	-38.181	35.977	12.31	17.50	27.25	0.052	0.037	56.128
33559	2	0.0000	0	-1.423	-38.207	35.958	12.41	18.23	27.46	0.055	-0.004	59.195
33566	2	0.0000	0	-1.467	-38.229	35.940	12.50	19.25	27.52	0.048	-0.063	63.380
33573	2	0.0000	0	-1.503	-38.245	35.923	13.08	20.27	27.51	0.041	-0.085	59.426
33580	2	0.0000	0	-1.541	-38.263	35.907	13.51	21.15	27.78	-0.002	-0.110	56.643
33586	2	0.0000	0	-1.580	-38.282	35.892	13.92	22.01	28.20	0.006	-0.106	61.334
33593	2	0.0000	0	-1.623	-38.308	35.879	14.11	22.04	28.84	-0.014	-0.089	63.083
33601	2	0.0000	0	-1.675	-38.342	35.866	14.55	22.38	29.53	-0.020	-0.052	57.118
33608	2	0.0000	0	-1.727	-38.378	35.856	14.46	22.48	30.15	-0.031	-0.023	56.218
33615	2	0.0000	0	-1.786	-38.418	35.843	14.98	23.04	30.03	-0.018	-0.004	61.937
33622	2	0.0000	0	-1.855	-38.463	35.825	15.13	23.62	30.35	-0.015	0.041	62.041
33629	2	0.0000	0	-1.920	-38.506	35.811	15.08	23.51	30.51	0.005	0.070	57.426
33636	2	0.0000	0	-1.986	-38.548	35.793	15.24	23.33	30.42	0.012	0.100	59.175
33643	2	0.0000	0	-2.052	-38.588	35.774	15.09	23.23	30.67	0.027	0.115	63.517
33650	2	0.0000	0	-2.114	-38.624	35.755	15.49	23.27	30.54	0.023	0.090	59.887
33657	2	0.0000	0	-2.172	-38.653	35.732	16.35	23.18	30.10	0.003	0.071	55.286
33664	2	0.0000	0	-2.223	-38.677	35.710	16.77	23.27	30.11	-0.007	0.022	59.104
33671	2	0.0000	0	-2.276	-38.698	35.684	17.40	23.49	29.37	-0.005	-0.022	62.517
33678	2	0.0000	0	-2.334	-38.716	35.651	18.03	23.87	28.89	-0.021	-0.053	58.163
33685	2	0.0000	0	-2.392	-38.735	35.618	18.50	24.71	28.86	-0.012	-0.096	56.047
33692	2	0.0000	0	-2.455	-38.755	35.582	18.24	25.33	29.22	-0.014	-0.109	60.937
33699	2	0.0000	0	-2.518	-38.776	35.548	18.10	25.57	29.02	-0.024	-0.105	62.193
33706	2	0.0000	0	-2.572	-38.799	35.522	18.34	25.53	29.24	-0.008	-0.086	56.488
33713	2	0.0000	0	-2.626	-38.822	35.498	18.66	25.13	29.54	-0.012	-0.045	55.506
33721	2	0.0000	0	-2.674	-38.845	35.478	19.20	24.67	28.82	-0.032	0.003	61.127
33728	2	0.0000	0	-2.713	-38.867	35.464	19.94	23.97	28.47	-0.028	0.045	61.367
33735	2	0.0000	0	-2.750	-38.888	35.453	20.49	23.22	28.24	-0.013	0.095	56.792
33742	2	0.0000	0	-2.786	-38.908	35.441	20.89	22.56	27.76	-0.009	0.120	58.218
33749	2	0.0000	0	-2.821	-38.928	35.428	21.02	21.98	27.26	0.028	0.115	62.700
33755	2	0.0000	0	-2.854	-38.944	35.415	20.64	21.70	27.08	0.041	0.111	59.605
33762	2	0.0000	0	-2.886	-38.958	35.400	20.44	21.46	27.09	0.055	0.090	54.748
33769	2	0.0000	0	-2.913	-38.968	35.386	20.07	21.51	26.88	0.072	0.051	57.299
33776	2	0.0000	0	-2.929	-38.970	35.375	20.12	21.66	26.68	0.047	0.014	61.761
33783	2	0.0000	0	-2.937	-38.969	35.367	20.11	21.72	26.31	0.028	-0.018	58.402
33791	2	0.0000	0	-2.940	-38.966	35.361	20.37	21.67	26.43	0.023	-0.056	55.092
33797	2	0.0000	0	-2.943	-38.963	35.355	20.21	21.46	26.47	-0.009	-0.069	59.014
33804	2	0.0000	0	-2.950	-38.964	35.350	20.33	21.18	26.53	-0.026	-0.082	62.016
33811	2	0.0000	0	-2.954	-38.963	35.346	20.47	20.86	26.82	-0.051	-0.067	57.089
33818	2	0.0000	0	-2.962	-38.969	35.344	20.24	20.32	27.06	-0.051	-0.067	54.067
33825	2	0.0000	0	-2.976	-38.976	35.339	19.86	20.08	27.15	-0.041	-0.047	58.661
33832	2	0.0000	0	-2.992	-38.987	35.335	19.43	19.77	27.79	-0.025	-0.034	61.521
33839	2	0.0000	0	-3.007	-38.999	35.334	18.65	19.40	27.34	-0.003	-0.003	57.266
33846	2	0.0000	0	-3.027	-39.013	35.330	18.54	18.77	27.14	0.024	0.011	56.207
33854	2	0.0000	0	-3.041	-39.026	35.330	18.06	18.00	26.80	0.038	0.040	60.976
33861	2	0.0000	0	-3.053	-39.038	35.332	17.89	17.39	26.63	0.030	0.066	60.625
33868	2	0.0000	0	-3.064	-39.049	35.333	18.25	16.68	25.82	0.035	0.081	54.931
33875	2	0.0000	0	-3.073	-39.058	35.334	18.82	16.19	24.90	0.041	0.067	54.881
33882	2	0.0000	0	-3.089	-39.069	35.330	18.64	16.27	24.47	0.027	0.030	60.116
33889	2	0.0000	0	-3.115	-39.083	35.320	18.41	16.12	24.31	0.033	0.007	59.734
33895	2	0.0000	0	-3.142	-39.097	35.311	17.68	16.44	24.20	0.022	-0.030	54.971
33902	2	0.0000	0	-3.174	-39.116	35.301	17.16	16.72	24.22	0.010	-0.036	55.952
33909	2	0.0000	0	-3.204	-39.135	35.293	17.04	16.80	24.05	-0.006	-0.039	60.893
33917	2	0.0000	0	-3.230	-39.155	35.290	17.45	16.54	23.79	-0.041	-0.066	58.842
33924	2	0.0000	0	-3.244	-39.170	35.292	17.65	16.03	23.80	-0.064	-0.039	53.611
33931	2	0.0000	0	-3.253	-39.185	35.299	18.47	15.51	23.28	-0.094	-0.031	55.446
33938	2	0.0000	0	-3.256	-39.199	35.310	19.06	15.02	22.54	-0.093	0.013	60.566
33945	2	0.0000	0	-3.254	-39.211	35.323	19.61	14.27	22.31	-0.085	0.023	58.887
33952	2	0.0000	0	-3.258	-39.224	35.332	19.46	14.19	22.24	-0.077	0.034	55.006
33959	2	0.0000	0	-3.260	-39.234	35.341	19.15	13.49	21.45	-0.032	0.048	57.628
33966	2	0.0000	0	-3.265	-39.246	35.347	19.19	13.49	20.77	0.005	0.042	61.299
33973	2	0.0000	0	-3.262	-39.249	35.354	18.77	13.72	19.70	0.050	0.031	57.388
33980	2	0.0000	0	-3.255	-39.249	35.360	18.78	13.98	19.01	0.060	0.006	53.249
33987	2	0.0000	0	-3.244	-39.246	35.366	18.56	13.85	18.71	0.080	-0.012	56.508
33994	2	0.0000	0	-3.230	-39.242	35.374	18.92	14.27	18.26	0.088	-0.022	60.330
34001	2	0.0000	0	-3.209	-39.233	35.384	19.42	14.53	17.49	0.073	-0.027	56.800
34008	2	0.0000	0	-3.192	-39.228	35.394	19.49	14.93	17.54	0.056	-0.024	53.714
34015	2	0.0000	0	-3.172	-39.221	35.405	19.50	14.79	18.00	0.034	-0.028	57.463
34022	2	0.0000	0	-3.155	-39.218	35.416	19.31	15.45	18.59	0.023	-0.022	60.543
34029	2	0.0000	0	-3.137	-39.212	35.427	19.45	15.90	18.43	-0.001	-0.014	56.063
34036	2	0.0000	0	-3.121	-39.208	35.438	19.65	16.62	18.55	-0.022	-0.009	52.580
34043	2	0.0000	0	-3.098	-39.203	35.453	19.52	16.79	19.15	-0.057	0.009	56.444
34050	2	0.0000	0	-3.077	-39.199	35.468	19.38	16.53	20.19	-0.071	0.018	60.118
34057	2	0.0000	0	-3.049	-39.192	35.486	19.75	16.30	21.00	-0.074	0.045	56.527
34064	2	0.0000	0	-3.016	-39.181	35.504	19.78	16.25	21.55	-0.065	0.050	54.213
34071	2	0.0000	0	-2.985	-39.168	35.518	19.97	16.40	21.62	-0.050	0.029	58.267
34078	2	0.0000	0	-2.959	-39.155	35.528	19.92	16.69	21.81	-0.047	0.021	60.093
34085	2	0.0000	0	-2.929	-39.136	35.537	20.30	17.46	21.19	-0.011	-0.005	54.975
34092	2	0.0000	0	-2.908	-39.121	35.540	19.99	18.60	20.78	0.014	-0.036	52.531
34099	2	0.0000	0	-2.899	-39.111	35.538	19.37	19.41	20.81	0.046	-0.048	56.791
34106	2	0.0000	0	-2.897	-39.105	35.535	18.92	20.05	21.36	0.070	-0.066	59.215
34113	2	0.0000	0	-2.896	-39.103	35.533	18.70	20.16	21.56	0.090	-0.049	54.627
34120	2	0.0000	0	-2.900	-39.103	35.530	18.65	20.51	22.00	0.083	-0.037	53.229
34127	2	0.0000	0	-2.905	-39.105	35.527	19.11	20.49	21.89	0.062	-0.010	57.873
34134	2	0.0000	0	-2.914	-39.110	35.524	19.22	20.88	22.02	0.033	0.001	59.254
34141	2	0.0000	0	-2.925	-39.116	35.520	19.16	21.55	21.83	0.007	0.015	54.121
34148	2	0.0000	0	-2.946	-39.126	35.512	18.92	21.97	21.23	0.007	0.019	52.059
34155	2	0.0000	0	-2.971	-39.137	35.501	18.12	22.84	21.16	-0.007	0.043	56.692
34162	2	0.0000	0	-2.992	-39.148	35.492	17.81	23.01	21.41	-0.025	0.058	59.205
34169	2	0.0000	0	-3.010	-39.157	35.485	17.21	22.59	21.69	-0.037	0.044	55.119
34176	2	0.0000	0	-3.019	-39.161	35.481	17.29	22.24	21.43	-0.042	0.050	53.895
34183	2	0.0000	0	-3.022	-39.161	35.479	17.28	22.05	20.99	-0.043	0.046	58.321
34190	2	0.0000	0	-3.012	-39.151	35.477	17.56	22.24	20.31	-0.030	0.017	58.846
34197	2	0.0000	0	-3.006	-39.139	35.471	17.62	22.36	18.96	-0.035	-0.009	53.528
34204	2	0.0000	0	-3.012	-39.127	35.455	17.18	22.86	17.74	-0.022	-0.036	52.120
34211	2	0.0000	0	-3.021	-39.115	35.435	16.68	23.53	16.94	0.005	-0.082	56.718
34218	2	0.0000	0	-3.035	-39.104	35.412	15.88	23.99	16.54	0.028	-0.087	58.401
34225	2	0.0000	0	-3.056	-39.095	35.384	15.02	24.16	16.28	0.041	-0.061	53.831
34232	2	0.0000	0	-3.086	-39.092	35.356	14.33	24.14	15.82	0.053	-0.053	52.665
34239	2	0.0000	0	-3.111	-39.087	35.328	13.75	24.25	15.76	0.059	-0.012	57.206
34246	2	0.0000	0	-3.144	-39.086	35.298	13.34	23.88	15.91	0.053	0.006	58.603
34253	2	0.0000	0	-3.171	-39.081	35.270	13.32	23.76	15.10	0.033	0.055	53.585
34260	2	0.0000	0	-3.199	-39.077	35.241	13.66	23.36	14.53	0.010	0.062	51.383
34267	2	0.0000	0	-3.227	-39.071	35.211	13.98	22.98	14.06	-0.015	0.075	55.773
34274	2	0.0000	0	-3.258	-39.067	35.179	13.93	22.47	13.56	-0.019	0.075	58.592
34281	2	0.0000	0	-3.291	-39.064	35.148	13.84	22.09	13.18	-0.039	0.067	54.865
34288	2	0.0000	0	-3.321	-39.060	35.116	13.55	21.66	12.74	-0.047	0.059	52.943
34296	2	0.0000	0	-3.354	-39.052	35.081	13.55	21.29	12.37	-0.043	0.043	57.131
34303	2	0.0000	0	-3.373	-39.041	35.053	13.80	20.68	11.67	-0.041	0.019	58.465
34310	2	0.0000	0	-3.391	-39.026	35.023	13.96	19.89	11.14	-0.035	-0.011	53.375
34317	2	0.0000	0	-3.412	-39.013	34.991	14.24	19.43	10.68	-0.031	-0.032	51.285
34324	2	0.0000	0	-3.428	-38.997	34.961	14.43	18.68	10.61	-0.009	-0.049	55.463
34331	2	0.0000	0	-3.436	-38.977	34.935	14.31	18.05	10.41	-0.003	-0.051	57.938
34338	2	0.0000	0	-3.449	-38.957	34.904	14.14	17.40	10.28	0.011	-0.061	53.964
34345	2	0.0000	0	-3.452	-38.933	34.878	14.46	17.35	10.22	0.035	-0.050	51.742
34352	2	0.0000	0	-3.453	-38.905	34.850	14.51	17.29	9.80	0.047	-0.062	55.832
34359	2	0.0000	0	-3.448	-38.879	34.829	14.64	17.01	9.43	0.050	-0.046	58.181
34366	2	0.0000	0	-3.441	-38.853	34.810	14.77	16.59	9.09	0.042	-0.022	53.651
34373	2	0.0000	0	-3.431	-38.830	34.797	15.31	15.60	9.22	0.027	0.016	50.563
34380	2	0.0000	0	-3.416	-38.810	34.790	15.91	14.54	9.37	-0.009	0.066	54.156
34387	2	0.0000	0	-3.398	-38.791	34.787	16.42	13.91	9.69	-0.015	0.070	57.874
34394	2	0.0000	0	-3.379	-38.773	34.787	16.61	12.68	10.10	-0.020	0.082	55.025
34401	2	0.0000	0	-3.360	-38.756	34.787	16.88	11.55	10.43	-0.033	0.090	52.040
34408	2	0.0000	0	-3.340	-38.738	34.787	16.71	11.23	10.71	-0.028	0.066	55.229
34415	2	0.0000	0	-3.317	-38.720	34.790	16.95	10.43	10.95	-0.015	0.037	58.164
34422	2	0.0000	0	-3.290	-38.701	34.795	16.71	10.39	10.81	-0.005	0.013	53.945
34430	2	0.0000	0	-3.251	-38.674	34.803	16.87	10.30	10.63	0.014	-0.024	50.390
34437	2	0.0000	0	-3.208	-38.646	34.813	17.26	10.16	10.49	-0.002	-0.064	53.167
34444	2	0.0000	0	-3.160	-38.618	34.829	17.83	9.84	10.77	-0.002	-0.094	57.118
34451	2	0.0000	0	-3.111	-38.591	34.846	18.36	9.54	11.07	-0.007	-0.101	54.641
34458	2	0.0000	0	-3.052	-38.563	34.870	18.75	9.00	11.65	-0.018	-0.095	50.896
34465	2	0.0000	0	-2.999	-38.539	34.894	19.30	8.58	12.26	-0.019	-0.080	53.035
34472	2	0.0000	0	-2.951	-38.520	34.918	19.66	8.53	13.33	-0.014	-0.064	57.196
34479	2	0.0000	0	-2.910	-38.504	34.938	20.18	8.60	14.00	-0.007	-0.025	55.096
34486	2	0.0000	0	-2.866	-38.488	34.960	20.60	8.87	14.27	0.002	-0.004	50.078
34493	2	0.0000	0	-2.825	-38.474	34.983	20.54	9.24	14.38	0.011	0.006	51.220
34500	2	0.0000	0	-2.784	-38.460	35.006	20.82	9.89	15.03	0.013	0.025	56.057
34507	2	0.0000	0	-2.733	-38.446	35.036	21.47	9.64	14.95	0.024	0.068	55.960
34514	2	0.0000	0	-2.683	-38.432	35.067	21.82	9.86	15.43	0.023	0.063	51.877
34521	2	0.0000	0	-2.623	-38.418	35.106	22.41	10.06	15.81	0.014	0.083	52.077
34528	2	0.0000	0	-2.559	-38.405	35.150	23.02	9.64	16.25	-0.012	0.069	56.315
34535	2	0.0000	0	-2.490	-38.391	35.197	23.62	10.08	16.70	-0.010	0.044	56.122
34542	2	0.0000	0	-2.426	-38.377	35.239	24.13	10.36	17.59	-0.005	0.014	51.067
34549	2	0.0000	0	-2.354	-38.357	35.283	24.43	11.45	17.99	-0.020	-0.041	49.802
34556	2	0.0000	0	-2.283	-38.336	35.325	24.25	12.10	18.47	-0.008	-0.072	54.139
34563	2	0.0000	0	-2.216	-38.313	35.363	24.21	13.54	18.87	-0.015	-0.098	55.985
34570	2	0.0000	0	-2.150	-38.293	35.400	24.39	14.79	19.78	-0.014	-0.124	52.036
34577	2	0.0000	0	-2.080	-38.268	35.438	24.33	16.07	20.45	-0.002	-0.118	49.922
34584	2	0.0000	0	-2.012	-38.246	35.477	24.72	16.41	20.88	-0.006	-0.095	53.752
34591	2	0.0000	0	-1.940	-38.221	35.516	25.01	17.39	21.52	-0.002	-0.057	56.364
34598	2	0.0000	0	-1.876	-38.200	35.551	25.53	18.15	21.93	0.011	-0.014	52.551
34605	2	0.0000	0	-1.823	-38.183	35.581	26.06	18.94	22.20	0.001	0.033	48.800
34612	2	0.0000	0	-1.775	-38.168	35.609	26.63	19.41	22.42	0.019	0.054	51.438
34620	2	0.0000	0	-1.734	-38.156	35.634	26.84	20.23	22.46	0.021	0.091	55.664
34627	2	0.0000	0	-1.698	-38.148	35.657	27.41	20.70	22.68	0.016	0.104	54.189
34634	2	0.0000	0	-1.679	-38.147	35.674	27.72	21.52	23.25	0.018	0.107	50.480
34640	2	0.0000	0	-1.657	-38.146	35.692	27.60	22.28	24.19	0.018	0.081	51.718
34648	2	0.0000	0	-1.647	-38.149	35.703	27.18	23.04	24.69	-0.001	0.056	55.826
34655	2	0.0000	0	-1.624	-38.142	35.717	27.88	23.86	24.66	0.009	0.020	54.401
34662	2	0.0000	0	-1.596	-38.131	35.731	28.17	24.49	24.16	0.011	-0.017	49.527
34669	2	0.0000	0	-1.564	-38.117	35.745	29.03	25.20	24.27	-0.020	-0.053	49.227
34676	2	0.0000	0	-1.524	-38.097	35.761	29.87	25.67	24.14	-0.023	-0.076	53.783
34683	2	0.0000	0	-1.476	-38.072	35.779	30.74	26.41	24.53	-0.035	-0.085	54.802
34690	2	0.0000	0	-1.440	-38.050	35.790	31.01	26.79	24.40	-0.030	-0.078	50.751
34697	2	0.0000	0	-1.408	-38.030	35.798	31.37	27.19	24.71	-0.023	-0.070	49.150
34704	2	0.0000	0	-1.376	-38.007	35.804	31.78	28.17	25.00	-0.018	-0.066	53.026
34711	2	0.0000	0	-1.348	-37.984	35.806	32.04	28.82	25.47	0.005	-0.042	55.437
34718	2	0.0000	0	-1.316	-37.959	35.809	32.14	29.47	25.78	0.012	-0.001	51.676
34725	2	0.0000	0	-1.290	-37.938	35.812	32.50	29.91	25.61	0.021	0.030	48.009
34732	2	0.0000	0	-1.262	-37.917	35.817	32.78	30.45	25.64	0.030	0.060	50.243
34739	2	0.0000	0	-1.227	-37.893	35.823	33.41	30.62	25.37	0.039	0.066	54.596
34746	2	0.0000	0	-1.192	-37.870	35.833	34.25	30.58	24.99	0.031	0.084	53.714
34753	2	0.0000	0	-1.146	-37.842	35.845	34.69	30.05	25.07	0.030	0.096	49.909
34760	2	0.0000	0	-1.102	-37.816	35.859	35.28	29.97	24.99	0.013	0.083	50.373
34767	2	0.0000	0	-1.061	-37.794	35.873	35.96	29.55	25.26	0.007	0.066	54.375
34774	2	0.0000	0	-1.013	-37.765	35.888	36.27	29.67	25.47	-0.014	0.035	54.245
34781	2	0.0000	0	-0.974	-37.740	35.897	36.42	29.62	25.68	-0.007	-0.017	49.484
34788	2	0.0000	0	-0.937	-37.713	35.904	36.44	30.32	25.17	-0.005	-0.068	47.980
34795	2	0.0000	0	-0.887	-37.676	35.912	37.39	31.24	24.36	-0.027	-0.090	51.708
34802	2	0.0000	0	-0.835	-37.639	35.922	37.13	31.28	25.01	-0.013	-0.085	54.347
34809	2	0.0000	0	-0.781	-37.601	35.932	36.72	31.31	25.81	-0.003	-0.098	51.238
34816	2	0.0000	0	-0.722	-37.559	35.942	36.68	31.82	26.40	-0.003	-0.066	48.209
34823	2	0.0000	0	-0.655	-37.514	35.958	36.66	31.42	26.60	-0.016	-0.036	50.448
34830	2	0.0000	0	-0.574	-37.463	35.980	37.69	31.20	26.64	-0.018	-0.008	54.296
34837	2	0.0000	0	-0.486	-37.407	36.003	38.53	31.03	26.38	-0.032	0.045	52.567
34844	2	0.0000	0	-0.405	-37.357	36.025	39.03	30.57	26.35	-0.042	0.072	47.989
34851	2	0.0000	0	-0.332	-37.311	36.044	39.36	30.39	26.42	-0.033	0.090	47.900
34858	2	0.0000	0	-0.264	-37.268	36.062	39.11	30.38	26.24	-0.019	0.098	52.312
34865	2	0.0000	0	-0.208	-37.234	36.078	38.49	30.33	26.70	-0.006	0.095	53.945
34872	2	0.0000	0	-0.152	-37.203	36.098	38.20	29.96	27.37	0.016	0.079	50.318
34879	2	0.0000	0	-0.099	-37.174	36.116	37.71	29.48	27.49	0.031	0.054	48.636
34886	2	0.0000	0	-0.042	-37.148	36.141	37.73	29.07	27.78	0.043	0.042	51.908
34893	2	0.0000	0	0.023	-37.118	36.169	37.47	28.20	28.28	0.045	0.014	54.317
34900	2	0.0000	0	0.094	-37.086	36.200	37.48	27.38	28.67	0.029	-0.018	50.830
34907	2	0.0000	0	0.167	-37.050	36.230	37.46	26.89	28.96	0.008	-0.051	47.128
34914	2	0.0000	0	0.253	-37.007	36.263	37.05	26.44	29.19	0.007	-0.066	48.602
34921	2	0.0000	0	0.333	-36.964	36.291	37.07	26.68	28.82	-0.002	-0.086	52.781
34928	2	0.0000	0	0.412	-36.918	36.317	36.50	27.03	28.82	-0.003	-0.124	52.531
34935	2	0.0000	0	0.489	-36.876	36.343	35.55	27.16	28.59	-0.010	-0.124	48.534
34942	2	0.0000	0	0.564	-36.836	36.371	34.54	27.49	28.32	-0.001	-0.102	47.700
34949	2	0.0000	0	0.633	-36.803	36.400	34.34	27.30	28.39	-0.002	-0.077	51.463
34956	2	0.0000	0	0.697	-36.777	36.431	33.58	26.65	28.86	-0.013	-0.004	53.562
34963	2	0.0000	0	0.757	-36.759	36.466	32.75	25.73	29.76	-0.015	0.040	49.882
34970	2	0.0000	0	0.817	-36.741	36.501	32.14	24.70	30.02	-0.017	0.111	46.382
34977	2	0.0000	0	0.869	-36.729	36.535	31.33	23.46	30.07	-0.003	0.128	48.236
34984	2	0.0000	0	0.916	-36.719	36.567	30.89	23.09	29.71	0.006	0.148	52.519
34991	2	0.0000	0	0.957	-36.710	36.594	30.77	22.50	29.46	0.006	0.144	52.367
34998	2	0.0000	0	0.996	-36.701	36.619	29.99	21.82	29.03	0.018	0.123	48.670
35006	2	0.0000	0	1.031	-36.694	36.643	29.54	21.40	28.10	0.015	0.092	48.331
35013	2	0.0000	0	1.057	-36.693	36.664	29.12	20.89	27.33	0.017	0.042	52.115
35020	2	0.0000	0	1.083	-36.689	36.685	28.52	20.68	26.78	0.005	0.001	53.147
35027	2	0.0000	0	1.105	-36.692	36.706	28.19	19.95	26.56	0.001	-0.051	48.947
35034	2	0.0000	0	1.127	-36.694	36.728	27.94	19.16	26.55	-0.010	-0.093	46.206
35041	2	0.0000	0	1.146	-36.699	36.749	27.78	18.67	26.14	-0.037	-0.121	48.623
35048	2	0.0000	0	1.174	-36.700	36.775	27.54	17.86	26.03	-0.023	-0.140	52.370
35055	2	0.0000	0	1.199	-36.701	36.798	27.29	17.74	25.65	-0.038	-0.121	51.134
35062	2	0.0000	0	1.230	-36.697	36.821	26.86	17.38	25.29	-0.026	-0.111	47.316
35069	2	0.0000	0	1.260	-36.693	36.844	26.73	17.27	25.00	-0.016	-0.086	47.241
35076	2	0.0000	0	1.293	-36.691	36.871	26.37	17.22	24.78	-0.010	-0.042	51.187
35083	2	0.0000	0	1.332	-36.685	36.899	26.28	16.71	24.53	-0.009	0.001	52.540
35090	2	0.0000	0	1.370	-36.681	36.930	26.26	16.37	24.36	0.001	0.048	48.630
35097	2	0.0000	0	1.410	-36.678	36.961	26.50	15.75	24.43	0.008	0.086	45.601
35104	2	0.0000	0	1.452	-36.675	36.995	26.40	14.95	25.01	0.013	0.098	47.900
35111	2	0.0000	0	1.494	-36.673	37.030	26.50	14.25	25.18	0.015	0.108	51.914
35118	2	0.0000	0	1.535	-36.670	37.063	26.45	14.08	25.09	0.032	0.092	51.418
35125	2	0.0000	0	1.573	-36.668	37.095	26.14	13.70	25.14	0.045	0.062	47.792
35132	2	0.0000	0	1.614	-36.664	37.128	26.24	13.61	25.13	0.036	0.019	47.430
35139	2	0.0000	0	1.650	-36.663	37.158	26.10	13.93	24.85	0.055	-0.030	50.986
35146	2	0.0000	0	1.691	-36.660	37.191	25.84	14.33	24.82	0.035	-0.073	52.460
35153	2	0.0000	0	1.734	-36.659	37.228	25.24	14.60	24.40	0.025	-0.106	48.570
35160	2	0.0000	0	1.777	-36.659	37.266	25.08	14.82	24.45	0.017	-0.118	45.494
35167	2	0.0000	0	1.825	-36.656	37.305	25.03	14.60	24.40	-0.001	-0.110	47.223
35174	2	0.0000	0	1.869	-36.656	37.344	24.38	14.25	24.66	-0.007	-0.100	51.162
35181	2	0.0000	0	1.912	-36.659	37.384	23.90	14.28	24.69	-0.015	-0.070	50.820
35188	2	0.0000	0	1.956	-36.659	37.423	22.98	14.00	24.93	-0.007	-0.024	47.026
35195	2	0.0000	0	1.991	-36.663	37.458	22.46	14.13	24.80	-0.018	0.017	45.983
35202	2	0.0000	0	2.027	-36.665	37.492	22.15	14.09	24.51	-0.016	0.058	49.601
35209	2	0.0000	0	2.060	-36.668	37.523	21.33	14.21	23.94	-0.018	0.080	51.901
35216	2	0.0000	0	2.084	-36.675	37.551	21.05	14.19	23.40	-0.021	0.088	48.764
35223	2	0.0000	0	2.099	-36.684	37.574	20.08	14.25	23.04	-0.014	0.099	45.061
35230	2	0.0000	0	2.112	-36.695	37.595	19.08	13.98	22.51	-0.010	0.093	46.039
35237	2	0.0000	0	2.119	-36.710	37.616	18.60	13.43	22.39	0.013	0.094	50.192
35244	2	0.0000	0	2.124	-36.726	37.636	18.13	12.97	22.36	0.005	0.060	51.276
35251	2	0.0000	0	2.129	-36.740	37.655	17.85	11.97	22.05	0.016	0.042	48.020
35258	2	0.0000	0	2.129	-36.757	37.671	17.01	11.28	21.36	0.020	0.012	46.161
35265	2	0.0000	0	2.128	-36.773	37.686	16.13	11.07	20.55	0.021	-0.015	48.767
35272	2	0.0000	0	2.124	-36.789	37.698	15.35	10.76	20.06	0.027	-0.049	51.731
35279	2	0.0000	0	2.116	-36.806	37.707	14.59	10.34	19.12	0.026	-0.060	49.658
35286	2	0.0000	0	2.115	-36.819	37.719	14.02	9.88	18.15	0.022	-0.084	45.479
35293	2	0.0000	0	2.115	-36.828	37.728	13.41	9.35	16.85	0.006	-0.074	45.149
35300	2	0.0000	0	2.117	-36.839	37.741	13.19	8.55	15.87	0.003	-0.054	48.818
35307	2	0.0000	0	2.120	-36.850	37.753	12.68	8.03	15.52	-0.013	-0.042	50.934
35314	2	0.0000	0	2.125	-36.861	37.769	12.53	6.99	14.91	-0.014	-0.019	48.189
35321	2	0.0000	0	2.120	-36.878	37.780	11.77	6.14	14.41	-0.023	0.006	45.208
35328	2	0.0000	0	2.121	-36.893	37.796	10.83	5.36	13.90	-0.009	0.015	46.530
35335	2	0.0000	0	2.120	-36.907	37.809	10.77	4.95	13.74	-0.002	0.025	50.291
35342	2	0.0000	0	2.118	-36.921	37.821	10.03	4.49	13.03	-0.001	0.031	50.318
35349	2	0.0000	0	2.118	-36.935	37.834	9.15	4.16	12.35	0.001	0.039	46.164
35356	2	0.0000	0	2.122	-36.945	37.848	8.78	3.47	11.40	-0.004	0.027	44.158
35363	2	0.0000	0	2.127	-36.955	37.863	8.10	3.01	10.95	0.007	0.026	46.944
35370	2	0.0000	0	2.129	-36.968	37.876	7.81	2.40	10.68	0.003	0.017	50.514
35377	2	0.0000	0	2.137	-36.978	37.894	7.46	1.51	10.13	0.006	0.011	49.642
35384	2	0.0000	0	2.145	-36.987	37.909	6.68	1.03	9.49	0.015	-0.002	46.255
35391	2	0.0000	0	2.155	-36.994	37.924	6.05	0.77	8.79	0.013	-0.017	45.939
35398	2	0.0000	0	2.161	-37.002	37.938	5.35	0.18	8.28	0.011	-0.027	49.347
35405	2	0.0000	0	2.169	-37.007	37.950	4.75	0.42	7.58	0.006	-0.029	51.014
35412	2	0.0000	0	2.182	-37.011	37.965	4.01	-0.23	6.75	0.006	-0.047	47.536
35419	2	0.0000	0	2.189	-37.019	37.979	3.68	-0.43	6.13	0.013	-0.038	44.220
35426	2	0.0000	0	2.197	-37.026	37.993	3.40	-1.01	5.72	-0.004	-0.026	45.291
35433	2	0.0000	0	2.212	-37.028	38.008	3.04	-1.22	5.34	-0.002	-0.017	49.174
35440	2	0.0000	0	2.220	-37.033	38.020	2.44	-1.58	5.24	-0.015	-0.007	49.826
35447	2	0.0000	0	2.226	-37.040	38.032	1.96	-2.10	4.97	-0.010	0.021	46.432
35454	2	0.0000	0	2.228	-37.049	38.042	1.15	-2.59	4.57	-0.012	0.030	44.376
35461	2	0.0000	0	2.228	-37.056	38.050	0.93	-2.61	4.29	-0.025	0.018	46.679
35468	2	0.0000	0	2.229	-37.063	38.057	0.16	-2.94	3.70	-0.022	0.018	50.073
35475	2	0.0000	0	2.228	-37.071	38.064	-0.32	-3.50	3.14	-0.008	0.024	49.243
35482	2	0.0000	0	2.218	-37.084	38.068	-0.63	-3.61	2.94	-0.015	0.010	45.045
35489	2	0.0000	0	2.208	-37.097	38.072	-1.12	-4.24	2.58	0.003	0.010	43.540
35496	2	0.0000	0	2.202	-37.108	38.076	-1.58	-4.69	2.12	-0.009	0.000	46.537
35503	2	0.0000	0	2.196	-37.117	38.080	-1.86	-5.10	1.97	0.006	0.001	49.846
35510	2	0.0000	0	2.185	-37.130	38.084	-2.31	-5.75	1.58	0.004	-0.002	48.711
35516	2	0.0000	0	2.173	-37.145	38.088	-2.68	-6.13	1.37	0.012	-0.014	45.430
35523	2	0.0000	0	2.167	-37.156	38.093	-2.70	-6.46	1.21	-0.002	0.000	45.250
35530	2	0.0000	0	2.168	-37.163	38.100	-2.96	-6.91	0.85	-0.007	-0.013	48.563
35537	2	0.0000	0	2.168	-37.170	38.107	-3.52	-6.77	0.64	-0.025	-0.008	50.184
35544	2	0.0000	0	2.171	-37.177	38.116	-3.59	-6.91	0.32	-0.020	-0.003	47.071
35551	2	0.0000	0	2.175	-37.183	38.126	-3.44	-6.99	0.25	-0.017	0.005	43.529
35559	2	0.0000	0	2.180	-37.189	38.137	-3.40	-7.37	-0.04	-0.025	0.000	44.325
35566	2	0.0000	0	2.187	-37.195	38.148	-3.04	-7.86	-0.02	-0.043	0.007	48.026
35573	2	0.0000	0	2.190	-37.204	38.160	-2.89	-8.08	0.36	-0.040	0.001	49.161
35579	2	0.0000	0	2.189	-37.213	38.168	-2.75	-8.18	0.43	-0.030	-0.006	46.056
35586	2	0.0000	0	2.187	-37.223	38.176	-3.12	-7.90	0.62	-0.010	-0.015	43.625
35593	2	0.0000	0	2.184	-37.233	38.183	-3.05	-7.62	0.48	-0.001	-0.013	45.303
35600	2	0.0000	0	2.183	-37.241	38.190	-3.32	-7.52	0.14	0.009	-0.029	48.777
35607	2	0.0000	0	2.177	-37.254	38.197	-3.01	-7.02	-0.05	0.029	-0.043	48.881
35614	2	0.0000	0	2.171	-37.267	38.204	-3.20	-7.02	0.04	0.029	-0.029	45.081
35621	2	0.0000	0	2.172	-37.278	38.215	-3.35	-7.23	0.09	0.025	-0.014	42.583
35629	2	0.0000	0	2.171	-37.291	38.228	-3.26	-7.87	0.31	0.024	0.010	44.788
35635	2	0.0000	0	2.178	-37.301	38.244	-2.89	-8.47	0.75	0.007	0.034	48.408
35642	2	0.0000	0	2.185	-37.310	38.258	-2.59	-8.70	0.69	0.009	0.034	48.490
35649	2	0.0000	0	2.190	-37.320	38.273	-2.88	-8.81	0.67	0.012	0.042	45.292
35656	2	0.0000	0	2.189	-37.332	38.283	-2.86	-8.13	0.49	-0.012	0.019	43.941
35663	2	0.0000	0	2.188	-37.341	38.291	-3.19	-7.63	0.21	-0.006	0.012	46.452
35670	2	0.0000	0	2.185	-37.349	38.297	-3.37	-6.91	-0.11	-0.015	-0.011	49.199
35677	2	0.0000	0	2.189	-37.355	38.306	-3.65	-6.65	-0.19	-0.013	-0.017	47.385
35685	2	0.0000	0	2.194	-37.362	38.318	-3.39	-6.21	-0.26	-0.014	-0.016	43.311
35692	2	0.0000	0	2.205	-37.368	38.333	-3.31	-6.31	-0.45	-0.017	-0.020	42.710
35699	2	0.0000	0	2.220	-37.371	38.349	-2.99	-5.87	-0.70	-0.013	-0.012	45.844
35706	2	0.0000	0	2.226	-37.378	38.362	-2.81	-5.69	-0.52	-0.005	-0.015	48.431
35713	2	0.0000	0	2.231	-37.386	38.373	-2.66	-4.97	-0.65	-0.004	-0.000	46.587
35720	2	0.0000	0	2.235	-37.392	38.383	-2.43	-4.94	-0.37	0.019	-0.003	43.320
35727	2	0.0000	0	2.230	-37.403	38.389	-2.41	-4.31	-0.51	0.013	-0.012	43.256
35734	2	0.0000	0	2.230	-37.409	38.395	-2.40	-3.61	-0.15	0.008	-0.010	46.511
35741	2	0.0000	0	2.228	-37.417	38.401	-2.72	-2.99	-0.66	0.017	-0.018	48.581
35748	2	0.0000	0	2.225	-37.424	38.405	-2.62	-2.59	-0.85	0.003	-0.012	46.034
35755	2	0.0000	0	2.218	-37.433	38.408	-2.38	-1.95	-0.56	-0.003	0.002	42.425
35762	2	0.0000	0	2.214	-37.440	38.411	-2.62	-1.49	-1.21	0.015	-0.005	42.355
35769	2	0.0000	0	2.207	-37.447	38.412	-2.39	-1.01	-1.08	0.003	0.014	45.771
35776	2	0.0000	0	2.199	-37.456	38.413	-2.44	-0.61	-0.68	-0.002	0.013	48.140
35783	2	0.0000	0	2.193	-37.463	38.415	-2.41	-0.45	-0.77	-0.009	0.026	46.280
35790	2	0.0000	0	2.186	-37.469	38.415	-2.31	-0.20	-0.69	-0.020	0.032	43.375
35797	2	0.0000	0	2.184	-37.471	38.415	-2.22	0.14	-0.70	-0.036	0.026	43.724
35804	2	0.0000	0	2.183	-37.471	38.414	-1.92	0.38	-1.23	-0.024	0.027	46.889
35811	2	0.0000	0	2.182	-37.467	38.409	-1.76	0.35	-0.74	-0.031	0.014	48.235
35818	2	0.0000	0	2.175	-37.464	38.400	-1.32	1.04	-1.44	-0.036	0.007	45.254
35825	2	0.0000	0	2.167	-37.463	38.391	-1.12	1.48	-1.77	-0.006	-0.009	41.947
35832	2	0.0000	0	2.156	-37.459	38.379	-0.81	1.92	-2.20	-0.004	-0.034	42.335
35839	2	0.0000	0	2.139	-37.458	38.362	-0.86	2.32	-2.24	0.018	-0.042	45.725
35846	2	0.0000	0	2.123	-37.458	38.348	-0.68	2.80	-2.36	0.032	-0.035	47.492
35853	2	0.0000	0	2.110	-37.456	38.335	-0.54	2.68	-1.96	0.043	-0.046	45.095
35860	2	0.0000	0	2.090	-37.458	38.320	-0.36	2.34	-1.70	0.064	-0.015	42.176
35867	2	0.0000	0	2.075	-37.461	38.309	-0.16	2.27	-1.51	0.058	-0.010	42.781
35874	2	0.0000	0	2.062	-37.461	38.298	0.17	2.03	-1.07	0.058	0.015	46.147
35881	2	0.0000	0	2.050	-37.461	38.287	0.29	1.99	-0.93	0.049	0.043	47.485
35888	2	0.0000	0	2.046	-37.456	38.278	0.27	1.79	-0.62	0.013	0.040	44.578
35895	2	0.0000	0	2.047	-37.448	38.271	0.55	1.75	-0.32	0.002	0.042	41.284
35902	2	0.0000	0	2.047	-37.440	38.265	0.53	1.74	-0.50	-0.004	0.030	41.640
35909	2	0.0000	0	2.046	-37.435	38.258	0.30	1.96	-0.28	-0.019	0.027	45.053
35916	2	0.0000	0	2.050	-37.425	38.252	0.29	1.59	-0.23	-0.044	0.006	47.192
35923	2	0.0000	0	2.059	-37.414	38.249	0.17	1.30	-0.34	-0.031	0.022	45.349
35930	2	0.0000	0	2.066	-37.403	38.245	-0.25	1.25	-0.40	-0.032	0.010	42.377
35937	2	0.0000	0	2.071	-37.396	38.242	-0.48	1.06	-0.51	-0.021	-0.006	42.911
35945	2	0.0000	0	2.080	-37.388	38.242	-0.98	0.74	-0.74	0.000	-0.009	46.155
35952	2	0.0000	0	2.086	-37.380	38.239	-1.33	0.34	-1.05	0.013	-0.004	47.284
35958	2	0.0000	0	2.093	-37.373	38.239	-1.53	0.18	-0.70	0.014	-0.024	44.349
35965	2	0.0000	0	2.094	-37.370	38.238	-2.09	-0.22	-1.11	0.027	-0.024	41.118
35972	2	0.0000	0	2.097	-37.368	38.237	-2.16	-0.49	-1.29	0.000	-0.021	41.327
35979	2	0.0000	0	2.093	-37.368	38.234	-2.52	-0.59	-1.47	0.014	-0.017	44.562
35986	2	0.0000	0	2.090	-37.365	38.229	-2.75	-0.65	-1.71	0.018	0.008	46.559
35994	2	0.0000	0	2.079	-37.369	38.222	-3.03	-0.93	-1.99	0.018	-0.007	44.437
36001	2	0.0000	0	2.066	-37.371	38.214	-3.42	-0.95	-2.01	0.011	-0.018	41.491
36008	2	0.0000	0	2.047	-37.378	38.204	-3.55	-1.02	-2.34	0.003	-0.011	41.523
36015	2	0.0000	0	2.034	-37.382	38.196	-3.90	-1.13	-2.19	-0.003	-0.008	44.555
36022	2	0.0000	0	2.011	-37.393	38.186	-4.25	-1.24	-2.47	-0.006	-0.007	46.680
36029	2	0.0000	0	1.993	-37.400	38.178	-4.21	-1.59	-2.48	-0.011	-0.002	44.743
36036	2	0.0000	0	1.977	-37.407	38.170	-4.28	-1.75	-2.46	-0.011	0.014	41.181
36042	2	0.0000	0	1.968	-37.409	38.165	-3.95	-2.06	-2.69	-0.029	0.019	40.257
36050	2	0.0000	0	1.954	-37.416	38.159	-3.93	-2.30	-3.01	-0.030	0.032	43.317
36057	2	0.0000	0	1.942	-37.422	38.154	-3.68	-2.68	-2.87	-0.039	0.029	46.112
36064	2	0.0000	0	1.936	-37.422	38.149	-3.62	-2.63	-3.09	-0.048	0.029	45.260
36071	2	0.0000	0	1.927	-37.425	38.144	-3.35	-2.82	-3.27	-0.027	0.011	42.273
36078	2	0.0000	0	1.918	-37.428	38.139	-3.41	-2.82	-3.53	-0.034	0.011	41.421
36085	2	0.0000	0	1.911	-37.429	38.133	-3.40	-2.53	-3.93	-0.023	-0.007	43.836
36092	2	0.0000	0	1.912	-37.424	38.130	-3.15	-2.73	-4.30	-0.009	-0.016	46.344
36099	2	0.0000	0	1.908	-37.424	38.126	-3.18	-2.65	-4.57	0.021	-0.029	45.116
36106	2	0.0000	0	1.907	-37.424	38.125	-3.04	-2.71	-4.54	0.018	-0.033	41.382
36113	2	0.0000	0	1.913	-37.419	38.125	-2.86	-2.94	-4.69	0.035	-0.018	39.903
36120	2	0.0000	0	1.913	-37.419	38.126	-2.64	-2.99	-4.65	0.033	-0.016	41.959
36127	2	0.0000	0	1.910	-37.419	38.124	-2.61	-2.91	-4.66	0.052	0.001	45.085
36134	2	0.0000	0	1.915	-37.414	38.123	-2.49	-2.70	-4.79	0.040	0.003	45.021
36141	2	0.0000	0	1.920	-37.409	38.122	-2.43	-2.61	-4.61	0.044	0.014	42.037
36148	2	0.0000	0	1.920	-37.408	38.121	-2.48	-2.30	-4.56	0.036	0.004	40.178
36155	2	0.0000	0	1.931	-37.400	38.123	-2.29	-2.05	-4.57	0.021	0.006	41.663
36162	2	0.0000	0	1.941	-37.391	38.123	-2.20	-1.93	-4.36	0.012	0.003	44.816
36169	2	0.0000	0	1.947	-37.386	38.123	-1.79	-1.65	-3.99	-0.009	-0.001	45.323
36177	2	0.0000	0	1.951	-37.381	38.122	-1.90	-1.88	-3.97	-0.011	0.006	42.225
36184	2	0.0000	0	1.958	-37.375	38.122	-2.03	-1.88	-3.63	-0.034	0.017	39.400
36191	2	0.0000	0	1.960	-37.374	38.123	-1.99	-1.65	-3.48	-0.037	0.019	40.073
36198	2	0.0000	0	1.966	-37.367	38.122	-1.79	-1.51	-3.08	-0.028	0.012	43.320
36205	2	0.0000	0	1.974	-37.361	38.123	-1.99	-1.28	-3.11	-0.038	0.010	45.225
36212	2	0.0000	0	1.979	-37.354	38.121	-1.65	-1.41	-2.90	-0.040	-0.009	43.530
36219	2	0.0000	0	1.993	-37.341	38.119	-1.85	-1.03	-3.38	-0.020	-0.001	40.828
36226	2	0.0000	0	2.001	-37.333	38.119	-1.82	-1.04	-3.31	-0.001	-0.007	40.736
36233	2	0.0000	0	2.002	-37.329	38.116	-1.70	-1.02	-3.55	0.012	-0.010	43.517
36240	2	0.0000	0	2.005	-37.324	38.114	-1.91	-1.12	-3.56	0.028	-0.010	45.403
36247	2	0.0000	0	2.003	-37.323	38.112	-1.96	-0.91	-4.03	0.028	0.002	43.583
36254	2	0.0000	0	2.004	-37.320	38.109	-2.02	-1.08	-4.12	0.025	0.006	39.983
36261	2	0.0000	0	2.011	-37.315	38.110	-2.30	-1.36	-4.40	0.025	0.021	39.040
36268	2	0.0000	0	2.008	-37.317	38.110	-2.37	-1.57	-4.34	0.040	0.013	41.287
36275	2	0.0000	0	2.008	-37.315	38.108	-2.72	-1.66	-4.95	0.025	0.007	44.182
36282	2	0.0000	0	2.000	-37.319	38.105	-2.76	-1.83	-4.86	0.014	0.011	43.994
36289	2	0.0000	0	1.994	-37.319	38.099	-2.93	-2.13	-5.33	0.005	0.007	41.014
36296	2	0.0000	0	1.997	-37.312	38.096	-3.08	-2.43	-5.63	-0.003	-0.007	39.264
36303	2	0.0000	0	1.989	-37.314	38.090	-3.39	-2.37	-6.00	-0.016	-0.019	40.694
36310	2	0.0000	0	1.989	-37.308	38.084	-3.35	-2.58	-6.47	-0.020	-0.020	43.879
36318	2	0.0000	0	1.990	-37.303	38.080	-3.34	-2.92	-6.99	-0.034	-0.031	44.460
36325	2	0.0000	0	1.993	-37.295	38.075	-3.43	-3.09	-7.15	-0.041	-0.023	41.655
36332	2	0.0000	0	1.997	-37.285	38.069	-3.90	-3.46	-7.27	-0.049	-0.014	38.735
36339	2	0.0000	0	1.999	-37.279	38.065	-3.87	-3.95	-7.76	-0.036	-0.022	39.074
36346	2	0.0000	0	2.014	-37.263	38.063	-4.22	-4.04	-8.37	-0.027	-0.002	42.120
36353	2	0.0000	0	2.027	-37.251	38.062	-4.41	-4.82	-8.88	-0.012	0.011	44.277
36360	2	0.0000	0	2.039	-37.237	38.059	-4.96	-4.61	-9.28	0.016	0.012	42.999
36367	2	0.0000	0	2.064	-37.219	38.064	-5.07	-5.16	-10.00	0.025	0.032	40.310
36374	2	0.0000	0	2.084	-37.203	38.065	-5.34	-5.60	-10.87	0.027	0.050	39.668
36381	2	0.0000	0	2.105	-37.185	38.067	-6.00	-6.04	-11.14	0.032	0.050	41.923
36388	2	0.0000	0	2.127	-37.169	38.071	-6.39	-6.76	-11.51	0.039	0.048	44.304
36395	2	0.0000	0	2.148	-37.153	38.073	-6.38	-7.23	-11.90	0.031	0.031	43.458
36402	2	0.0000	0	2.159	-37.142	38.072	-7.05	-7.86	-12.18	0.040	0.015	39.981
36409	2	0.0000	0	2.176	-37.125	38.071	-7.48	-8.41	-12.48	0.043	-0.005	38.187
36416	2	0.0000	0	2.185	-37.114	38.068	-8.25	-8.87	-12.51	0.027	-0.005	39.446
36423	2	0.0000	0	2.196	-37.100	38.064	-9.14	-9.08	-12.89	0.008	-0.036	42.479
36430	2	0.0000	0	2.207	-37.086	38.060	-9.30	-9.32	-13.13	0.006	-0.052	43.593
36438	2	0.0000	0	2.219	-37.070	38.055	-9.54	-9.49	-13.56	-0.003	-0.043	41.337
36445	2	0.0000	0	2.237	-37.051	38.053	-10.16	-10.10	-13.92	-0.007	-0.033	38.803
36452	2	0.0000	0	2.252	-37.035	38.049	-10.73	-10.41	-14.31	-0.017	-0.037	38.906
36459	2	0.0000	0	2.270	-37.017	38.048	-11.14	-10.30	-14.64	-0.031	-0.028	41.701
36466	2	0.0000	0	2.282	-37.003	38.044	-11.71	-10.84	-14.49	-0.020	-0.025	43.737
36473	2	0.0000	0	2.301	-36.985	38.044	-12.16	-11.31	-14.62	-0.006	-0.011	42.410
36480	2	0.0000	0	2.311	-36.976	38.044	-12.71	-11.71	-14.41	-0.007	0.002	39.135
36487	2	0.0000	0	2.323	-36.965	38.044	-13.26	-12.42	-14.52	-0.011	0.030	37.513
36494	2	0.0000	0	2.336	-36.954	38.045	-13.98	-12.83	-14.66	0.006	0.044	39.154
36501	2	0.0000	0	2.352	-36.940	38.045	-14.06	-13.10	-14.85	-0.019	0.059	42.239
36508	2	0.0000	0	2.354	-36.937	38.044	-14.59	-13.58	-14.99	0.003	0.065	43.235
36515	2	0.0000	0	2.360	-36.927	38.040	-15.00	-14.20	-15.34	-0.013	0.052	41.056
36522	2	0.0000	0	2.359	-36.924	38.036	-15.62	-14.69	-15.49	-0.008	0.046	38.789
36529	2	0.0000	0	2.356	-36.920	38.030	-16.02	-14.91	-15.62	-0.005	0.027	39.228
36536	2	0.0000	0	2.348	-36.920	38.023	-16.13	-15.18	-15.56	0.008	0.011	41.866
36543	2	0.0000	0	2.340	-36.918	38.013	-16.40	-15.35	-15.64	-0.021	-0.008	43.471
36550	2	0.0000	0	2.326	-36.921	38.004	-17.08	-15.52	-15.64	-0.005	-0.026	41.670
36557	2	0.0000	0	2.315	-36.922	37.995	-17.01	-15.78	-15.98	-0.009	-0.037	38.446
36564	2	0.0000	0	2.302	-36.923	37.985	-17.47	-15.65	-16.28	-0.006	-0.057	37.256
36572	2	0.0000	0	2.289	-36.926	37.977	-17.64	-15.71	-16.69	-0.018	-0.060	39.224
36579	2	0.0000	0	2.281	-36.927	37.970	-17.98	-15.84	-16.65	-0.003	-0.045	42.059
36586	2	0.0000	0	2.273	-36.930	37.966	-18.38	-16.54	-16.91	0.023	-0.023	42.357
36593	2	0.0000	0	2.269	-36.931	37.963	-18.45	-17.02	-17.31	0.011	-0.015	39.890
36600	2	0.0000	0	2.262	-36.933	37.960	-18.51	-17.44	-17.47	0.007	0.003	37.616
36607	2	0.0000	0	2.256	-36.934	37.956	-18.43	-17.89	-17.74	0.011	0.011	38.193
36614	2	0.0000	0	2.252	-36.936	37.953	-18.55	-17.72	-18.00	0.016	0.012	40.958
36622	2	0.0000	0	2.244	-36.936	37.946	-18.84	-17.85	-18.31	-0.008	0.014	42.733
36629	2	0.0000	0	2.231	-36.940	37.939	-18.58	-17.82	-18.71	0.002	0.007	41.101
36636	2	0.0000	0	2.219	-36.943	37.931	-18.81	-17.88	-18.95	-0.016	-0.004	37.990
36643	2	0.0000	0	2.202	-36.949	37.922	-19.10	-18.04	-18.93	-0.000	-0.004	36.581
36650	2	0.0000	0	2.189	-36.954	37.915	-19.40	-17.76	-18.90	-0.009	-0.006	38.262
36657	2	0.0000	0	2.182	-36.955	37.910	-19.40	-17.84	-18.82	0.003	-0.009	41.211
36664	2	0.0000	0	2.176	-36.958	37.908	-19.64	-18.19	-18.65	-0.013	0.022	42.235
36671	2	0.0000	0	2.176	-36.957	37.907	-19.38	-18.55	-18.66	-0.011	0.012	40.305
36678	2	0.0000	0	2.181	-36.953	37.908	-19.50	-18.97	-18.65	-0.006	0.028	37.908
36685	2	0.0000	0	2.189	-36.947	37.909	-19.34	-19.06	-18.82	-0.003	0.011	38.054
36692	2	0.0000	0	2.198	-36.940	37.910	-19.19	-19.18	-18.86	-0.001	0.005	40.467
36699	2	0.0000	0	2.206	-36.934	37.911	-19.30	-19.53	-19.03	0.005	0.008	42.354
36706	2	0.0000	0	2.214	-36.925	37.910	-19.38	-19.32	-19.26	0.017	0.010	41.209
36713	2	0.0000	0	2.221	-36.918	37.908	-19.71	-19.25	-19.54	0.014	-0.011	38.146
36720	2	0.0000	0	2.224	-36.913	37.906	-19.82	-19.05	-19.51	0.032	-0.015	36.368
36728	2	0.0000	0	2.225	-36.907	37.901	-19.97	-18.59	-19.83	0.022	-0.010	37.410
36735	2	0.0000	0	2.219	-36.906	37.896	-20.61	-18.35	-19.85	0.022	-0.020	40.167
36741	2	0.0000	0	2.220	-36.903	37.893	-20.62	-18.01	-19.76	0.012	-0.013	41.583
36748	2	0.0000	0	2.220	-36.902	37.893	-20.77	-17.81	-19.82	0.007	-0.018	39.997
36755	2	0.0000	0	2.216	-36.905	37.892	-20.69	-17.74	-19.74	-0.010	-0.007	37.390
36762	2	0.0000	0	2.209	-36.909	37.890	-21.24	-17.80	-19.88	-0.011	0.008	36.598
36769	2	0.0000	0	2.203	-36.915	37.889	-21.42	-17.89	-19.71	0.000	0.025	38.417
36776	2	0.0000	0	2.194	-36.920	37.886	-22.24	-17.96	-19.78	-0.003	0.038	40.976
36784	2	0.0000	0	2.181	-36.925	37.880	-22.65	-18.03	-19.93	0.010	0.036	41.376
36791	2	0.0000	0	2.167	-36.929	37.872	-22.94	-17.95	-20.45	0.008	0.019	38.839
36798	2	0.0000	0	2.153	-36.932	37.863	-23.40	-17.69	-21.32	-0.009	0.012	36.205
36805	2	0.0000	0	2.139	-36.933	37.851	-24.22	-17.55	-22.21	0.002	-0.012	35.960
36812	2	0.0000	0	2.119	-36.937	37.837	-24.77	-17.68	-23.03	-0.003	-0.025	38.281
36819	2	0.0000	0	2.097	-36.941	37.821	-25.66	-17.74	-23.86	0.004	-0.027	40.860
36826	2	0.0000	0	2.076	-36.944	37.807	-26.30	-18.05	-24.08	-0.009	-0.032	40.956
36833	2	0.0000	0	2.056	-36.950	37.795	-26.81	-18.77	-24.54	-0.008	-0.016	38.669
36840	2	0.0000	0	2.031	-36.955	37.778	-27.64	-19.48	-25.33	-0.023	-0.007	36.805
36847	2	0.0000	0	2.007	-36.957	37.759	-27.90	-20.24	-26.00	-0.005	0.014	37.462
36854	2	0.0000	0	1.985	-36.958	37.740	-28.44	-20.45	-27.16	-0.009	0.021	39.924
36861	2	0.0000	0	1.960	-36.959	37.718	-29.17	-20.92	-27.54	-0.011	0.058	41.433
36868	2	0.0000	0	1.931	-36.958	37.693	-29.94	-21.39	-28.62	0.014	0.034	39.961
36875	2	0.0000	0	1.896	-36.960	37.664	-31.07	-21.52	-29.70	0.029	0.037	36.977
36882	2	0.0000	0	1.860	-36.962	37.634	-31.99	-21.80	-30.50	0.039	0.047	35.531
36889	2	0.0000	0	1.825	-36.962	37.604	-32.74	-21.89	-31.03	0.030	0.036	36.617
36896	2	0.0000	0	1.794	-36.963	37.577	-33.44	-22.49	-31.53	0.035	0.020	39.273
36903	2	0.0000	0	1.761	-36.965	37.550	-34.32	-23.26	-32.21	0.013	0.006	40.706
36911	2	0.0000	0	1.732	-36.966	37.525	-34.61	-23.89	-32.76	0.008	-0.004	39.154
36918	2	0.0000	0	1.703	-36.967	37.500	-35.17	-24.33	-33.45	-0.027	-0.039	36.611
36925	2	0.0000	0	1.673	-36.968	37.475	-35.37	-24.82	-33.51	-0.026	-0.041	35.769
36932	2	0.0000	0	1.636	-36.971	37.445	-36.13	-25.71	-33.54	-0.037	-0.058	37.415
36939	2	0.0000	0	1.593	-36.974	37.410	-36.10	-26.11	-33.08	-0.039	-0.063	39.966
36946	2	0.0000	0	1.541	-36.980	37.370	-36.20	-25.92	-32.11	-0.050	-0.079	40.619
36953	2	0.0000	0	1.477	-36.985	37.320	-36.20	-24.84	-31.39	-0.053	-0.072	38.508
36960	2	0.0000	0	1.403	-36.993	37.261	-35.82	-24.13	-29.83	-0.072	-0.084	35.634
36967	2	0.0000	0	1.317	-37.002	37.195	-34.66	-22.51	-28.39	-0.082	-0.082	34.897
36974	2	0.0000	0	1.251	-37.008	37.142	-32.11	-21.05	-26.68	-0.095	-0.064	36.853
36981	2	0.0000	0	1.213	-37.009	37.110	-29.16	-21.02	-25.44	-0.115	0.002	39.481
36988	2	0.0000	0	1.192	-37.011	37.094	-26.33	-22.03	-24.30	-0.136	0.047	40.049
36995	2	0.0000	0	1.185	-37.018	37.094	-24.02	-23.39	-22.81	-0.128	0.120	38.188
37002	2	0.0000	0	1.172	-37.032	37.096	-22.97	-24.47	-21.73	-0.075	0.152	36.016
37009	2	0.0000	0	1.151	-37.049	37.095	-22.59	-25.16	-20.26	-0.022	0.151	35.839
37017	2	0.0000	0	1.120	-37.070	37.087	-22.62	-25.07	-18.62	0.038	0.116	37.867
37024	2	0.0000	0	1.080	-37.092	37.074	-23.28	-24.25	-18.05	0.112	0.066	39.865
37031	2	0.0000	0	1.043	-37.108	37.058	-23.60	-22.80	-17.91	0.153	-0.001	39.568
37038	2	0.0000	0	1.018	-37.117	37.043	-23.22	-21.92	-18.32	0.179	-0.054	37.021
37045	2	0.0000	0	1.006	-37.119	37.035	-22.68	-20.67	-18.63	0.173	-0.100	34.665
37052	2	0.0000	0	1.004	-37.119	37.034	-21.95	-20.01	-19.18	0.171	-0.125	34.540
37059	2	0.0000	0	1.005	-37.123	37.038	-21.17	-19.48	-18.91	0.141	-0.116	36.551
37066	2	0.0000	0	1.007	-37.131	37.047	-20.63	-19.63	-18.45	0.103	-0.100	38.920
37073	2	0.0000	0	1.005	-37.145	37.060	-20.15	-19.59	-17.37	0.064	-0.070	38.984
37080	2	0.0000	0	0.991	-37.168	37.070	-19.86	-19.91	-15.87	0.019	-0.036	36.835
37087	2	0.0000	0	0.975	-37.190	37.078	-19.96	-19.90	-14.30	-0.024	-0.013	34.756
37094	2	0.0000	0	0.951	-37.215	37.080	-20.05	-19.14	-13.28	-0.060	0.009	34.708
37101	2	0.0000	0	0.925	-37.237	37.079	-20.02	-18.67	-13.24	-0.086	0.037	36.689
37108	2	0.0000	0	0.902	-37.252	37.073	-20.06	-17.51	-12.68	-0.095	0.049	38.841
37115	2	0.0000	0	0.877	-37.264	37.062	-19.95	-16.38	-12.85	-0.118	0.032	38.970
37122	2	0.0000	0	0.857	-37.272	37.053	-19.83	-15.15	-13.26	-0.117	0.043	36.686
37129	2	0.0000	0	0.843	-37.278	37.046	-19.40	-14.24	-12.70	-0.094	0.034	34.241
37136	2	0.0000	0	0.829	-37.284	37.040	-19.04	-14.00	-12.98	-0.063	0.041	33.667
37143	2	0.0000	0	0.816	-37.293	37.038	-18.32	-14.03	-12.40	-0.044	0.028	35.482
37150	2	0.0000	0	0.801	-37.307	37.038	-17.80	-13.93	-12.38	-0.023	0.037	37.956
37157	2	0.0000	0	0.782	-37.324	37.037	-17.40	-14.41	-11.99	-0.003	0.029	38.769
37164	2	0.0000	0	0.755	-37.345	37.035	-17.29	-14.47	-11.71	0.038	0.022	37.185
37171	2	0.0000	0	0.722	-37.371	37.031	-16.64	-14.44	-11.34	0.069	0.006	35.049
37178	2	0.0000	0	0.680	-37.399	37.022	-16.92	-14.49	-11.55	0.078	-0.001	34.484
37185	2	0.0000	0	0.639	-37.428	37.013	-16.95	-14.17	-11.31	0.088	-0.022	36.006
37192	2	0.0000	0	0.599	-37.455	37.004	-16.48	-13.80	-11.19	0.100	-0.034	38.264
37200	2	0.0000	0	0.561	-37.479	36.994	-16.11	-13.29	-11.55	0.064	-0.028	38.669
37207	2	0.0000	0	0.528	-37.498	36.984	-15.62	-13.19	-11.71	0.051	-0.027	36.667
37214	2	0.0000	0	0.497	-37.516	36.974	-15.10	-13.15	-11.75	0.005	-0.035	34.109
37221	2	0.0000	0	0.466	-37.532	36.963	-14.29	-12.47	-11.85	-0.014	-0.036	33.180
37228	2	0.0000	0	0.441	-37.546	36.953	-13.69	-12.20	-11.67	-0.041	-0.018	34.377
37235	2	0.0000	0	0.417	-37.558	36.944	-13.14	-12.04	-11.76	-0.050	-0.010	36.725
37242	2	0.0000	0	0.400	-37.567	36.938	-12.82	-11.93	-11.22	-0.087	0.006	38.030
37249	2	0.0000	0	0.377	-37.578	36.929	-12.50	-11.49	-11.03	-0.074	0.011	36.931
37256	2	0.0000	0	0.361	-37.583	36.920	-12.03	-11.00	-10.72	-0.081	0.009	34.619
37263	2	0.0000	0	0.350	-37.587	36.914	-11.58	-10.72	-11.14	-0.059	0.010	33.344
37270	2	0.0000	0	0.345	-37.589	36.911	-10.99	-10.68	-11.35	-0.043	0.006	34.205
37277	2	0.0000	0	0.342	-37.590	36.910	-10.76	-10.61	-11.54	-0.005	0.016	36.483
37284	2	0.0000	0	0.343	-37.591	36.912	-10.40	-10.76	-11.43	0.013	0.004	38.001
37291	2	0.0000	0	0.344	-37.592	36.914	-9.98	-10.78	-11.62	0.025	0.004	37.263
37298	2	0.0000	0	0.347	-37.593	36.917	-10.28	-11.05	-11.80	0.058	-0.000	34.790
37305	2	0.0000	0	0.353	-37.593	36.922	-9.84	-11.30	-11.87	0.066	0.003	32.749
37312	2	0.0000	0	0.359	-37.591	36.925	-10.04	-11.21	-11.45	0.076	0.009	32.779
37319	2	0.0000	0	0.364	-37.591	36.930	-9.76	-10.96	-11.45	0.076	-0.001	34.865
37326	2	0.0000	0	0.372	-37.588	36.934	-9.94	-11.25	-11.82	0.058	-0.018	37.121
37333	2	0.0000	0	0.381	-37.585	36.939	-9.87	-10.92	-12.01	0.040	-0.019	37.501
37340	2	0.0000	0	0.387	-37.581	36.940	-10.08	-10.85	-12.20	0.005	-0.023	35.858
37347	2	0.0000	0	0.388	-37.581	36.941	-9.87	-10.79	-12.14	-0.001	-0.022	33.903
37354	2	0.0000	0	0.395	-37.576	36.942	-9.79	-10.69	-12.22	-0.019	-0.004	33.462
37361	2	0.0000	0	0.401	-37.571	36.943	-9.83	-10.80	-12.49	-0.032	0.006	34.935
37368	2	0.0000	0	0.408	-37.565	36.943	-10.00	-10.82	-12.51	-0.046	0.012	37.004
37375	2	0.0000	0	0.411	-37.560	36.941	-10.07	-10.63	-12.84	-0.052	0.026	37.618
37383	2	0.0000	0	0.416	-37.554	36.939	-10.12	-10.52	-12.90	-0.037	0.034	35.790
37390	2	0.0000	0	0.423	-37.547	36.939	-10.03	-10.57	-12.52	-0.039	0.024	33.297
37397	2	0.0000	0	0.436	-37.538	36.942	-9.91	-10.48	-12.52	-0.024	0.041	32.158
37404	2	0.0000	0	0.447	-37.531	36.944	-9.98	-10.46	-12.68	-0.001	0.023	32.923
37411	2	0.0000	0	0.459	-37.522	36.946	-9.86	-10.49	-12.87	0.014	0.013	35.095
37418	2	0.0000	0	0.469	-37.515	36.948	-9.77	-10.32	-12.71	0.009	-0.001	36.730
37425	2	0.0000	0	0.484	-37.507	36.954	-9.21	-10.50	-12.46	0.022	0.000	36.303
37432	2	0.0000	0	0.493	-37.502	36.957	-9.38	-10.57	-12.43	0.044	-0.020	34.244
37439	2	0.0000	0	0.502	-37.497	36.960	-9.07	-10.54	-12.14	0.040	-0.030	32.494
37446	2	0.0000	0	0.509	-37.493	36.962	-9.36	-10.60	-12.21	0.054	-0.048	32.502
37453	2	0.0000	0	0.518	-37.486	36.963	-9.53	-10.60	-11.94	0.055	-0.043	34.228
37460	2	0.0000	0	0.526	-37.478	36.963	-9.71	-10.47	-11.99	0.030	-0.031	36.272
37467	2	0.0000	0	0.536	-37.470	36.964	-9.62	-10.55	-11.89	0.010	-0.022	36.677
37474	2	0.0000	0	0.546	-37.460	36.962	-9.70	-10.49	-12.10	-0.004	0.000	35.012
37481	2	0.0000	0	0.556	-37.449	36.960	-9.83	-10.34	-12.21	-0.026	0.013	32.643
37488	2	0.0000	0	0.565	-37.438	36.958	-9.93	-10.32	-12.45	-0.022	0.023	31.378
37495	2	0.0000	0	0.570	-37.432	36.957	-10.44	-10.18	-12.40	-0.032	0.035	32.192
37502	2	0.0000	0	0.578	-37.426	36.958	-11.00	-10.13	-12.52	-0.032	0.043	34.354
37509	2	0.0000	0	0.587	-37.421	36.960	-11.31	-10.14	-12.10	-0.014	0.029	36.166
37516	2	0.0000	0	0.597	-37.415	36.963	-11.90	-9.97	-12.10	-0.031	0.034	35.981
37523	2	0.0000	0	0.608	-37.411	36.969	-12.03	-10.39	-11.65	-0.030	0.029	34.177
37530	2	0.0000	0	0.619	-37.407	36.975	-12.30	-10.40	-11.58	-0.023	0.017	32.469
37537	2	0.0000	0	0.629	-37.401	36.978	-12.56	-10.68	-11.68	-0.013	0.015	32.386
37544	2	0.0000	0	0.635	-37.397	36.980	-12.59	-10.76	-11.68	-0.010	-0.015	33.939
37551	2	0.0000	0	0.640	-37.394	36.981	-12.82	-11.07	-11.98	0.013	-0.013	35.855
37558	2	0.0000	0	0.639	-37.391	36.977	-12.46	-10.71	-12.06	0.018	-0.030	36.272
37565	2	0.0000	0	0.628	-37.391	36.968	-12.90	-10.49	-12.27	0.028	-0.024	34.545
37573	2	0.0000	0	0.612	-37.396	36.958	-12.85	-10.56	-12.25	0.022	-0.036	32.192
37580	2	0.0000	0	0.590	-37.404	36.946	-13.03	-10.23	-12.19	0.031	-0.039	31.047
37587	2	0.0000	0	0.567	-37.412	36.934	-13.16	-9.93	-12.14	0.031	-0.039	31.580
37594	2	0.0000	0	0.543	-37.423	36.924	-12.95	-10.06	-11.59	0.034	-0.007	33.527
37601	2	0.0000	0	0.519	-37.433	36.913	-13.19	-10.17	-11.35	0.013	0.003	35.291
37608	2	0.0000	0	0.498	-37.442	36.902	-13.13	-9.91	-11.35	0.009	0.022	35.287
37615	2	0.0000	0	0.478	-37.448	36.891	-12.62	-9.89	-11.24	-0.010	0.028	33.564
37622	2	0.0000	0	0.459	-37.453	36.879	-12.02	-9.88	-10.80	-0.032	0.027	31.661
37629	2	0.0000	0	0.438	-37.458	36.865	-11.82	-9.19	-10.63	-0.055	0.017	31.118
37636	2	0.0000	0	0.419	-37.462	36.852	-11.08	-8.82	-10.26	-0.047	0.005	32.376
37643	2	0.0000	0	0.405	-37.464	36.842	-10.66	-8.14	-9.67	-0.062	-0.004	34.371
37650	2	0.0000	0	0.393	-37.467	36.835	-10.39	-8.10	-9.45	-0.060	-0.021	35.463
37657	2	0.0000	0	0.385	-37.469	36.830	-9.85	-7.37	-8.81	-0.048	-0.017	34.596
37664	2	0.0000	0	0.375	-37.471	36.823	-9.23	-7.05	-8.49	-0.055	-0.031	32.282
37671	2	0.0000	0	0.370	-37.473	36.820	-8.30	-6.95	-7.62	-0.031	-0.007	30.510
37679	2	0.0000	0	0.363	-37.477	36.818	-7.95	-6.73	-7.13	-0.019	0.002	30.358
37686	2	0.0000	0	0.351	-37.483	36.813	-7.81	-6.30	-6.54	0.005	0.005	31.902
37693	2	0.0000	0	0.340	-37.487	36.808	-6.92	-6.31	-5.94	0.015	0.025	33.947
37700	2	0.0000	0	0.331	-37.492	36.804	-6.47	-6.22	-5.42	0.028	0.032	34.941
37707	2	0.0000	0	0.322	-37.496	36.800	-6.06	-5.91	-4.77	0.035	0.023	34.078
37714	2	0.0000	0	0.314	-37.499	36.796	-5.74	-5.09	-4.21	0.031	0.019	32.216
37721	2	0.0000	0	0.308	-37.500	36.791	-5.38	-4.54	-3.74	0.037	-0.001	30.958
37728	2	0.0000	0	0.301	-37.502	36.788	-4.90	-4.29	-3.32	0.018	-0.005	31.296
37735	2	0.0000	0	0.299	-37.503	36.786	-4.28	-4.01	-2.95	0.027	-0.020	33.016
37742	2	0.0000	0	0.297	-37.505	36.788	-3.63	-3.94	-2.19	-0.008	-0.021	34.582
37749	2	0.0000	0	0.296	-37.509	36.789	-3.15	-3.88	-1.88	-0.015	-0.005	34.594
37756	2	0.0000	0	0.295	-37.510	36.790	-2.46	-3.77	-1.51	-0.020	-0.006	32.852
37763	2	0.0000	0	0.292	-37.513	36.791	-2.32	-3.98	-1.03	-0.031	0.013	30.705
37770	2	0.0000	0	0.292	-37.515	36.793	-1.91	-3.67	-0.80	-0.018	0.006	29.687
37778	2	0.0000	0	0.289	-37.521	36.796	-1.53	-3.18	-0.40	-0.020	0.002	30.249
37785	2	0.0000	0	0.288	-37.524	36.798	-1.42	-2.67	-0.07	0.000	-0.005	32.152
37792	2	0.0000	0	0.289	-37.527	36.801	-0.95	-2.34	0.09	0.020	-0.016	33.791
37799	2	0.0000	0	0.286	-37.531	36.803	-0.97	-2.00	0.61	0.034	-0.027	33.821
37806	2	0.0000	0	0.285	-37.535	36.806	-0.50	-1.88	0.98	0.043	-0.021	32.344
37813	2	0.0000	0	0.282	-37.543	36.810	-0.28	-1.52	1.35	0.039	-0.010	30.540
37820	2	0.0000	0	0.279	-37.550	36.815	-0.36	-1.37	1.49	0.051	-0.002	29.725
37827	2	0.0000	0	0.279	-37.555	36.820	0.58	-1.10	1.76	0.048	0.004	30.387
37834	2	0.0000	0	0.280	-37.560	36.826	0.93	-0.78	1.83	0.020	-0.003	32.172
37841	2	0.0000	0	0.279	-37.567	36.832	1.10	-0.93	2.02	0.004	-0.006	33.649
37848	2	0.0000	0	0.278	-37.575	36.839	1.56	-0.73	2.31	-0.013	0.019	33.685
37855	2	0.0000	0	0.277	-37.581	36.844	1.55	-0.47	2.48	-0.033	0.024	32.027
37862	2	0.0000	0	0.276	-37.589	36.850	1.51	-0.42	2.79	-0.038	0.016	29.956
37869	2	0.0000	0	0.274	-37.596	36.856	1.63	-0.25	2.71	-0.040	0.008	28.860
37876	2	0.0000	0	0.272	-37.604	36.861	1.21	0.05	2.93	-0.033	0.001	29.386
37883	2	0.0000	0	0.276	-37.604	36.865	1.41	0.04	2.74	-0.043	0.005	31.110
37890	2	0.0000	0	0.279	-37.606	36.869	1.66	0.02	2.20	-0.043	0.008	32.973
37897	2	0.0000	0	0.282	-37.607	36.873	1.88	0.64	1.88	-0.030	-0.010	33.464
37904	2	0.0000	0	0.283	-37.610	36.877	1.69	0.70	1.59	-0.004	-0.013	32.447
37911	2	0.0000	0	0.286	-37.611	36.881	1.83	1.01	1.56	0.001	-0.005	30.709
37918	2	0.0000	0	0.290	-37.613	36.886	1.83	0.81	1.45	0.021	0.005	29.641
37925	2	0.0000	0	0.287	-37.618	36.889	1.61	0.84	1.74	0.026	0.013	29.973
37932	2	0.0000	0	0.296	-37.619	36.897	1.56	0.54	1.78	0.031	0.020	31.548
37939	2	0.0000	0	0.303	-37.619	36.903	1.63	0.41	1.31	0.030	0.031	33.093
37946	2	0.0000	0	0.307	-37.620	36.907	1.36	0.61	1.17	0.033	0.042	33.361
37953	2	0.0000	0	0.310	-37.621	36.911	1.39	0.33	0.89	0.038	0.021	32.027
37960	2	0.0000	0	0.316	-37.618	36.915	1.22	0.18	1.00	0.028	0.016	30.003
37967	2	0.0000	0	0.321	-37.617	36.917	0.95	0.43	0.81	0.023	0.006	28.645
37974	2	0.0000	0	0.320	-37.616	36.916	0.88	0.49	0.61	0.014	-0.009	28.596
37981	2	0.0000	0	0.318	-37.617	36.914	0.70	0.60	0.46	0.006	-0.018	29.860
37988	2	0.0000	0	0.321	-37.612	36.913	0.83	0.43	0.29	-0.011	-0.016	31.661
37995	2	0.0000	0	0.320	-37.612	36.911	0.95	0.28	0.22	-0.006	-0.029	32.640
38002	2	0.0000	0	0.317	-37.611	36.908	0.76	0.16	0.11	-0.016	-0.014	32.139
38009	2	0.0000	0	0.318	-37.610	36.908	0.81	-0.08	0.30	-0.022	-0.016	30.459
38016	2	0.0000	0	0.317	-37.610	36.907	0.49	-0.24	0.14	-0.013	-0.016	28.941
38023	2	0.0000	0	0.311	-37.613	36.904	0.34	-0.41	0.14	0.004	-0.013	28.545
38030	2	0.0000	0	0.314	-37.612	36.907	0.37	-0.70	0.19	0.005	-0.012	29.506
38037	2	0.0000	0	0.323	-37.607	36.909	0.07	-0.90	-0.79	-0.009	-0.017	31.209
38044	2	0.0000	0	0.327	-37.606	36.912	0.09	-0.72	-0.78	0.014	-0.022	32.469
38051	2	0.0000	0	0.338	-37.602	36.918	-0.08	-0.66	-0.89	0.015	-0.007	32.330
38058	2	0.0000	0	0.345	-37.599	36.921	-0.09	-0.73	-0.70	0.016	-0.008	30.784
38065	2	0.0000	0	0.347	-37.601	36.925	-0.36	-0.79	-0.58	0.003	-0.010	28.854
38072	2	0.0000	0	0.353	-37.599	36.928	-0.69	-0.71	-0.42	0.008	-0.007	27.746
38079	2	0.0000	0	0.359	-37.599	36.933	-0.37	-0.94	-0.30	0.000	-0.004	28.091
38086	2	0.0000	0	0.363	-37.600	36.938	-0.68	-0.78	-0.48	-0.006	0.011	29.573
38093	2	0.0000	0	0.370	-37.598	36.942	-0.60	-0.64	-0.17	-0.036	0.014	31.270
38100	2	0.0000	0	0.371	-37.600	36.945	-0.51	-0.89	-0.33	-0.039	0.031	32.122
38107	2	0.0000	0	0.371	-37.603	36.948	-0.36	-1.09	-0.28	-0.046	0.029	31.489
38114	2	0.0000	0	0.374	-37.604	36.951	-0.38	-1.39	-0.48	-0.039	0.012	29.847
38121	2	0.0000	0	0.372	-37.607	36.953	-0.29	-1.22	-0.32	-0.036	0.009	28.601
38128	2	0.0000	0	0.372	-37.608	36.953	-0.10	-1.32	0.01	-0.053	0.007	28.467
38135	2	0.0000	0	0.368	-37.610	36.952	-0.05	-1.14	0.10	-0.021	-0.013	29.501
38142	2	0.0000	0	0.363	-37.612	36.949	-0.26	-1.40	-0.07	-0.015	-0.009	31.102
38149	2	0.0000	0	0.363	-37.611	36.949	-0.39	-1.38	-0.05	0.028	-0.014	32.012
38156	2	0.0000	0	0.366	-37.609	36.949	-0.25	-1.20	0.04	0.042	-0.016	31.512
38163	2	0.0000	0	0.371	-37.605	36.950	-0.58	-1.08	-0.27	0.051	-0.011	29.850
38170	2	0.0000	0	0.377	-37.603	36.953	-0.37	-1.07	-0.18	0.052	0.002	28.063
38177	2	0.0000	0	0.380	-37.600	36.953	-0.38	-1.14	-0.42	0.056	0.012	27.267
38184	2	0.0000	0	0.388	-37.598	36.958	-0.31	-0.98	-0.44	0.045	0.003	27.686
38191	2	0.0000	0	0.389	-37.599	36.959	-0.40	-0.73	-0.27	0.043	0.006	29.119
38198	2	0.0000	0	0.392	-37.600	36.964	-0.68	-0.86	0.03	0.017	0.010	30.639
38205	2	0.0000	0	0.393	-37.603	36.967	-0.63	-0.82	0.25	0.012	0.003	31.246
38212	2	0.0000	0	0.391	-37.609	36.971	-0.87	-0.87	0.12	0.012	-0.003	30.462
38219	2	0.0000	0	0.395	-37.611	36.976	-0.72	-1.07	0.17	-0.015	-0.024	28.825
38226	2	0.0000	0	0.396	-37.615	36.982	-0.73	-1.16	0.69	-0.014	-0.020	27.538
38233	2	0.0000	0	0.400	-37.616	36.986	-0.48	-1.24	0.52	-0.024	-0.019	27.294
38240	2	0.0000	0	0.399	-37.620	36.989	-0.78	-1.25	0.52	-0.027	-0.018	28.199
38247	2	0.0000	0	0.397	-37.622	36.989	-0.65	-1.09	0.33	-0.031	-0.005	29.763
38254	2	0.0000	0	0.397	-37.624	36.990	-0.75	-1.37	0.40	-0.016	-0.002	30.940
38261	2	0.0000	0	0.392	-37.626	36.988	-1.13	-1.31	0.19	-0.023	-0.003	30.984
38268	2	0.0000	0	0.390	-37.627	36.988	-1.31	-1.10	0.06	-0.023	-0.008	29.711
38275	2	0.0000	0	0.383	-37.632	36.986	-1.22	-1.35	-0.11	-0.005	0.009	27.915
38282	2	0.0000	0	0.384	-37.631	36.987	-1.12	-1.27	-0.29	0.003	0.016	26.663
38289	2	0.0000	0	0.382	-37.633	36.987	-1.70	-1.23	-0.59	-0.003	0.021	26.573
38296	2	0.0000	0	0.380	-37.636	36.988	-1.71	-1.10	-0.29	0.011	0.032	27.634
38303	2	0.0000	0	0.379	-37.638	36.989	-1.81	-1.42	-0.18	0.014	0.035	29.277
38310	2	0.0000	0	0.381	-37.640	36.993	-1.59	-1.34	-0.27	0.010	0.029	30.485
38317	2	0.0000	0	0.380	-37.642	36.994	-1.91	-1.07	-0.43	0.024	0.016	30.553
38324	2	0.0000	0	0.379	-37.646	36.997	-2.20	-1.48	-0.15	0.010	0.017	29.416
38331	2	0.0000	0	0.375	-37.650	36.997	-2.28	-1.38	0.04	-0.010	0.004	27.965
38338	2	0.0000	0	0.370	-37.656	36.998	-2.32	-1.42	0.00	-0.003	-0.002	27.085
38345	2	0.0000	0	0.371	-37.657	37.000	-2.38	-1.20	-0.04	-0.008	-0.012	27.289
38352	2	0.0000	0	0.366	-37.660	36.999	-2.64	-1.39	-0.23	-0.023	-0.026	28.474
38359	2	0.0000	0	0.361	-37.664	36.998	-2.60	-1.31	-0.24	-0.030	-0.022	29.903
38366	2	0.0000	0	0.347	-37.673	36.995	-2.86	-1.34	-0.27	-0.008	-0.009	30.585
38373	2	0.0000	0	0.340	-37.675	36.991	-2.97	-0.97	-0.42	-0.004	-0.045	29.968
38380	2	0.0000	0	0.326	-37.683	36.986	-3.06	-0.98	-0.43	-0.003	-0.031	28.390
38387	2	0.0000	0	0.311	-37.691	36.980	-3.41	-1.14	-0.24	-0.008	-0.027	26.747
38394	2	0.0000	0	0.294	-37.700	36.974	-3.55	-1.25	-0.09	0.000	-0.015	25.997
38401	2	0.0000	0	0.280	-37.709	36.971	-3.58	-1.22	0.11	0.019	0.019	26.214
38408	2	0.0000	0	0.266	-37.714	36.964	-3.42	-1.47	-0.22	0.026	0.047	27.453
38415	2	0.0000	0	0.255	-37.718	36.958	-3.39	-1.74	-0.93	0.022	0.032	28.942
38422	2	0.0000	0	0.245	-37.721	36.952	-2.99	-1.68	-1.39	0.022	0.018	29.769
38429	2	0.0000	0	0.234	-37.725	36.946	-2.86	-1.59	-1.82	0.026	0.010	29.380
38436	2	0.0000	0	0.225	-37.728	36.941	-2.68	-1.50	-1.99	0.022	0.016	28.038
38443	2	0.0000	0	0.207	-37.737	36.933	-2.76	-1.57	-1.62	-0.001	-0.009	26.634
38450	2	0.0000	0	0.188	-37.746	36.926	-2.75	-1.76	-1.55	-0.003	-0.027	25.970
38457	2	0.0000	0	0.171	-37.756	36.921	-2.93	-2.00	-0.93	-0.007	-0.017	26.297
38464	2	0.0000	0	0.157	-37.764	36.916	-2.90	-1.87	-0.54	-0.004	-0.027	27.497
38471	2	0.0000	0	0.139	-37.776	36.912	-2.87	-2.05	-0.29	-0.008	-0.036	28.910
38478	2	0.0000	0	0.130	-37.780	36.908	-2.44	-2.09	-0.15	-0.028	-0.026	29.612
38485	2	0.0000	0	0.121	-37.784	36.904	-1.97	-1.91	-0.59	-0.019	-0.021	29.126
38492	2	0.0000	0	0.117	-37.784	36.901	-1.01	-1.73	-1.09	-0.029	-0.024	27.671
38499	2	0.0000	0	0.108	-37.787	36.895	-0.76	-1.61	-1.15	-0.029	-0.017	26.116
38506	2	0.0000	0	0.102	-37.789	36.892	-0.02	-1.40	-1.37	-0.037	-0.008	25.151
38513	2	0.0000	0	0.096	-37.792	36.890	0.41	-1.43	-1.23	-0.044	0.005	25.351
38520	2	0.0000	0	0.089	-37.798	36.889	0.60	-1.40	-1.03	-0.035	0.022	26.447
38527	2	0.0000	0	0.087	-37.801	36.890	0.67	-1.46	-0.82	-0.016	0.037	27.927
38534	2	0.0000	0	0.073	-37.814	36.890	0.64	-1.57	-0.16	-0.005	0.050	28.954
38542	2	0.0000	0	0.078	-37.815	36.896	0.55	-1.20	-0.12	0.016	0.049	28.952
38549	2	0.0000	0	0.091	-37.809	36.902	1.02	-1.19	-0.38	0.014	0.041	27.936
38555	2	0.0000	0	0.104	-37.805	36.910	1.33	-0.86	-0.39	0.022	0.039	26.597
38562	2	0.0000	0	0.122	-37.795	36.916	1.71	-0.90	-0.95	0.019	0.022	25.732
38569	2	0.0000	0	0.138	-37.788	36.923	1.96	-0.61	-1.18	-0.000	0.016	25.794
38576	2	0.0000	0	0.166	-37.776	36.936	2.11	-0.64	-1.29	0.020	-0.003	26.744
38583	2	0.0000	0	0.187	-37.766	36.945	1.83	-0.51	-1.25	0.016	-0.027	28.030
38590	2	0.0000	0	0.205	-37.760	36.955	1.54	-0.79	-1.10	0.022	-0.018	28.860
38597	2	0.0000	0	0.226	-37.750	36.963	1.41	-0.49	-1.06	0.031	-0.022	28.767
38604	2	0.0000	0	0.241	-37.746	36.972	1.04	-0.83	-0.88	0.020	-0.033	27.618
38611	2	0.0000	0	0.255	-37.741	36.980	0.79	-0.53	-0.92	0.012	-0.026	26.011
38618	2	0.0000	0	0.269	-37.733	36.984	0.40	-0.33	-1.16	0.016	-0.029	24.841
38626	2	0.0000	0	0.283	-37.724	36.989	0.46	-0.12	-1.11	0.006	-0.016	24.594
38633	2	0.0000	0	0.301	-37.713	36.993	0.29	-0.14	-1.14	-0.003	0.003	25.241
38640	2	0.0000	0	0.317	-37.703	36.997	0.01	-0.05	-1.48	-0.021	0.002	26.517
38647	2	0.0000	0	0.333	-37.694	37.003	0.23	0.03	-1.57	-0.004	-0.005	27.702
38654	2	0.0000	0	0.348	-37.685	37.007	-0.01	0.11	-1.40	-0.009	0.007	28.181
38661	2	0.0000	0	0.359	-37.679	37.010	-0.28	0.38	-1.30	-0.000	-0.002	27.621
38667	2	0.0000	0	0.363	-37.678	37.013	-0.31	0.13	-1.12	0.005	0.004	26.286
38675	2	0.0000	0	0.371	-37.671	37.014	-0.77	0.59	-1.01	0.001	-0.009	25.084
38682	2	0.0000	0	0.373	-37.668	37.013	-0.64	0.66	-1.11	0.008	-0.013	24.538
38689	2	0.0000	0	0.366	-37.671	37.009	-0.92	0.86	-0.82	0.010	-0.025	24.848
38696	2	0.0000	0	0.361	-37.671	37.006	-1.09	1.51	-0.78	0.017	-0.036	25.910
38703	2	0.0000	0	0.353	-37.673	37.000	-1.17	1.16	-0.87	0.000	-0.041	27.201
38710	2	0.0000	0	0.340	-37.677	36.993	-1.14	1.54	-0.75	0.011	-0.030	27.961
38717	2	0.0000	0	0.333	-37.676	36.985	-1.09	1.64	-0.90	0.003	-0.013	27.753
38724	2	0.0000	0	0.328	-37.673	36.978	-1.00	1.65	-1.33	-0.006	0.012	26.599
38731	2	0.0000	0	0.315	-37.675	36.969	-0.57	1.71	-1.27	-0.011	0.034	25.113
38738	2	0.0000	0	0.304	-37.675	36.959	-0.82	1.66	-0.98	-0.005	0.035	24.042
38745	2	0.0000	0	0.295	-37.674	36.950	-0.94	1.66	-1.07	-0.019	0.060	23.734
38752	2	0.0000	0	0.278	-37.679	36.939	-0.85	2.04	-1.11	-0.021	0.051	24.366
38759	2	0.0000	0	0.266	-37.680	36.930	-0.96	1.76	-1.05	-0.020	0.064	25.609
38766	2	0.0000	0	0.257	-37.677	36.920	-0.99	2.07	-1.43	-0.027	0.053	26.834
38773	2	0.0000	0	0.244	-37.679	36.910	-0.53	2.19	-1.06	-0.028	0.033	27.472
38780	2	0.0000	0	0.236	-37.678	36.901	-0.44	1.68	-0.96	-0.029	0.035	27.214
38787	2	0.0000	0	0.232	-37.673	36.894	0.15	1.64	-1.09	-0.026	0.018	26.171
38794	2	0.0000	0	0.228	-37.670	36.887	0.89	1.52	-1.29	-0.035	-0.009	24.990
38801	2	0.0000	0	0.223	-37.669	36.882	0.88	1.41	-1.49	-0.033	-0.028	24.249
38808	2	0.0000	0	0.222	-37.665	36.877	1.25	1.51	-1.31	-0.009	-0.047	24.319
38815	2	0.0000	0	0.222	-37.660	36.872	1.16	1.28	-1.10	0.007	-0.050	25.100
38822	2	0.0000	0	0.214	-37.659	36.865	1.08	1.38	-0.91	0.016	-0.044	26.264
38829	2	0.0000	0	0.209	-37.659	36.860	1.09	1.31	-0.21	0.031	-0.035	27.085
38836	2	0.0000	0	0.215	-37.652	36.858	0.77	1.28	-0.07	0.048	-0.019	27.232
38843	2	0.0000	0	0.220	-37.644	36.854	1.09	1.14	-0.04	0.043	0.007	26.422
38850	2	0.0000	0	0.226	-37.635	36.852	1.21	1.10	0.09	0.043	0.002	25.052
38857	2	0.0000	0	0.235	-37.626	36.850	1.53	0.91	0.16	0.037	0.019	23.777
38864	2	0.0000	0	0.249	-37.612	36.849	1.94	1.05	-0.06	0.014	0.023	23.164
38871	2	0.0000	0	0.263	-37.600	36.850	1.97	0.88	-0.13	0.006	0.032	23.277
38879	2	0.0000	0	0.269	-37.595	36.850	2.07	0.73	0.23	-0.010	0.023	24.154
38886	2	0.0000	0	0.275	-37.590	36.851	1.85	0.65	0.32	-0.013	0.021	25.352
38892	2	0.0000	0	0.279	-37.587	36.852	2.15	0.39	-0.03	-0.007	0.002	26.346
38899	2	0.0000	0	0.284	-37.585	36.853	2.42	0.10	-0.23	-0.028	-0.006	26.466
38906	2	0.0000	0	0.286	-37.587	36.857	2.79	-0.27	-0.76	-0.017	-0.018	25.805
38913	2	0.0000	0	0.287	-37.591	36.862	2.75	-0.72	-0.69	-0.018	-0.021	24.655
38920	2	0.0000	0	0.287	-37.595	36.865	2.29	-0.60	-0.67	-0.008	-0.031	23.586
38927	2	0.0000	0	0.286	-37.598	36.868	2.07	-0.97	-1.03	0.011	-0.048	23.044
38934	2	0.0000	0	0.284	-37.603	36.871	1.80	-0.86	-1.09	0.009	-0.045	23.213
38941	2	0.0000	0	0.290	-37.602	36.875	1.59	-0.83	-0.80	0.043	-0.031	24.087
38948	2	0.0000	0	0.304	-37.596	36.882	1.38	-0.99	-1.48	0.038	-0.026	25.255
38955	2	0.0000	0	0.329	-37.584	36.892	1.64	-1.25	-1.91	0.027	-0.006	26.095
38962	2	0.0000	0	0.361	-37.566	36.903	1.63	-1.26	-2.09	0.018	0.015	26.318
38969	2	0.0000	0	0.396	-37.547	36.915	1.43	-1.49	-2.41	0.008	0.018	25.633
38976	2	0.0000	0	0.432	-37.527	36.928	1.79	-1.88	-2.80	-0.006	0.039	24.310
38984	2	0.0000	0	0.462	-37.510	36.938	1.29	-1.83	-2.67	-0.015	0.030	23.089
38990	2	0.0000	0	0.484	-37.498	36.944	1.02	-1.97	-2.46	-0.006	0.024	22.309
38997	2	0.0000	0	0.504	-37.486	36.950	0.02	-1.50	-2.25	-0.007	0.025	22.363
39005	2	0.0000	0	0.523	-37.475	36.957	-0.41	-2.02	-1.83	-0.020	0.011	23.083
39012	2	0.0000	0	0.539	-37.468	36.964	-0.98	-1.96	-1.85	-0.008	0.018	24.209
39019	2	0.0000	0	0.559	-37.459	36.972	-1.21	-2.24	-1.87	-0.021	-0.012	25.235
39026	2	0.0000	0	0.574	-37.454	36.981	-1.29	-2.55	-1.58	-0.027	0.002	25.750
39033	2	0.0000	0	0.589	-37.448	36.989	-1.43	-2.82	-1.60	-0.032	-0.009	25.501
39040	2	0.0000	0	0.600	-37.444	36.994	-1.48	-3.04	-1.64	-0.038	-0.010	24.547
39047	2	0.0000	0	0.605	-37.444	36.999	-1.89	-3.24	-1.67	-0.020	-0.013	23.499
39054	2	0.0000	0	0.608	-37.446	37.003	-1.91	-3.42	-2.11	-0.019	-0.001	22.786
39061	2	0.0000	0	0.606	-37.450	37.006	-1.93	-3.34	-2.37	-0.017	0.006	22.703
39068	2	0.0000	0	0.600	-37.457	37.007	-2.06	-3.55	-2.57	-0.007	-0.007	23.252
39075	2	0.0000	0	0.595	-37.464	37.009	-2.10	-3.65	-2.85	0.004	-0.012	24.246
39082	2	0.0000	0	0.589	-37.471	37.011	-2.26	-3.69	-2.54	-0.003	0.011	25.173
39089	2	0.0000	0	0.579	-37.480	37.011	-2.12	-4.06	-2.31	0.020	-0.009	25.585
39096	2	0.0000	0	0.571	-37.487	37.010	-2.37	-3.59	-2.53	0.035	0.011	25.184
39103	2	0.0000	0	0.564	-37.489	37.006	-2.38	-3.36	-2.64	0.026	0.006	24.151
39110	2	0.0000	0	0.563	-37.491	37.007	-2.25	-3.38	-2.66	0.023	0.005	22.900
39117	2	0.0000	0	0.566	-37.489	37.009	-1.60	-2.94	-3.00	0.025	-0.001	21.975
39124	2	0.0000	0	0.575	-37.486	37.013	-1.18	-2.89	-2.95	0.010	-0.003	21.642
39131	2	0.0000	0	0.584	-37.485	37.020	-0.61	-2.78	-2.67	0.005	-0.006	21.845
39138	2	0.0000	0	0.596	-37.483	37.028	-0.45	-2.46	-2.52	0.010	-0.014	22.709
39145	2	0.0000	0	0.603	-37.481	37.034	0.05	-2.44	-1.98	0.005	-0.023	23.742
39152	2	0.0000	0	0.617	-37.478	37.042	0.03	-2.25	-1.62	0.001	-0.018	24.588
39159	2	0.0000	0	0.631	-37.473	37.049	0.15	-1.79	-1.24	0.006	-0.011	24.733
39166	2	0.0000	0	0.646	-37.467	37.057	0.38	-1.70	-0.72	-0.001	-0.008	24.202
39173	2	0.0000	0	0.660	-37.461	37.064	0.56	-1.44	-0.63	-0.016	-0.020	23.216
39180	2	0.0000	0	0.671	-37.456	37.068	0.66	-1.25	-0.61	0.005	-0.005	22.164
39188	2	0.0000	0	0.685	-37.449	37.074	0.92	-1.04	-0.75	-0.001	-0.005	21.553
39195	2	0.0000	0	0.698	-37.441	37.078	1.08	-1.29	-1.09	0.000	-0.009	21.525
39202	2	0.0000	0	0.704	-37.439	37.081	1.06	-1.27	-0.99	0.012	0.006	22.041
39208	2	0.0000	0	0.711	-37.437	37.085	1.17	-0.95	-1.10	0.014	0.005	22.989
39215	2	0.0000	0	0.719	-37.434	37.090	1.15	-0.72	-1.21	0.021	-0.016	23.955
39223	2	0.0000	0	0.726	-37.433	37.095	0.89	-0.71	-0.85	-0.006	-0.002	24.480
39230	2	0.0000	0	0.731	-37.433	37.099	0.61	-0.66	-0.72	0.013	0.012	24.366
39237	2	0.0000	0	0.740	-37.430	37.104	0.71	-0.80	-0.68	0.007	0.021	23.606
39244	2	0.0000	0	0.751	-37.427	37.111	0.99	-1.02	-0.64	-0.012	0.026	22.396
39251	2	0.0000	0	0.758	-37.426	37.116	0.95	-0.97	-0.33	-0.021	0.028	21.383
39258	2	0.0000	0	0.769	-37.421	37.121	0.85	-0.55	-0.34	-0.013	0.009	20.744
39265	2	0.0000	0	0.782	-37.415	37.127	0.99	-0.43	-0.48	-0.033	-0.009	20.747
39272	2	0.0000	0	0.796	-37.409	37.133	0.89	-0.10	0.02	-0.024	-0.020	21.327
39279	2	0.0000	0	0.815	-37.401	37.141	0.75	-0.07	-0.29	-0.021	-0.024	22.286
39286	2	0.0000	0	0.830	-37.394	37.149	0.77	0.03	-0.20	-0.034	-0.027	23.248
39293	2	0.0000	0	0.850	-37.387	37.159	0.71	0.14	0.17	-0.026	-0.029	23.845
39300	2	0.0000	0	0.870	-37.378	37.168	0.72	0.18	0.13	-0.016	-0.016	23.893
39307	2	0.0000	0	0.883	-37.373	37.174	0.38	0.29	0.24	-0.016	-0.008	23.287
39314	2	0.0000	0	0.889	-37.373	37.179	-0.13	0.31	0.53	0.004	0.014	22.357
39321	2	0.0000	0	0.891	-37.373	37.182	-0.52	0.32	0.80	0.008	0.017	21.506
39328	2	0.0000	0	0.893	-37.372	37.182	-0.74	0.43	0.39	0.020	0.037	21.032
39335	2	0.0000	0	0.897	-37.370	37.183	-1.28	0.57	0.36	0.040	0.050	21.069
39342	2	0.0000	0	0.894	-37.370	37.181	-1.61	0.47	0.25	0.043	0.048	21.592
39349	2	0.0000	0	0.889	-37.370	37.176	-1.76	0.57	0.00	0.039	0.047	22.484
39356	2	0.0000	0	0.881	-37.371	37.170	-1.97	0.57	-0.43	0.035	0.044	23.258
39363	2	0.0000	0	0.869	-37.375	37.163	-2.29	0.58	-0.33	0.016	0.025	23.677
39369	2	0.0000	0	0.856	-37.378	37.156	-2.77	0.73	-0.53	0.011	0.022	23.517
39376	2	0.0000	0	0.843	-37.384	37.149	-2.86	0.60	-0.74	0.007	0.001	22.746
39383	2	0.0000	0	0.825	-37.393	37.142	-3.30	0.37	-0.80	-0.009	-0.026	21.669
39391	2	0.0000	0	0.806	-37.402	37.135	-3.44	0.25	-0.65	-0.023	-0.033	20.655
39398	2	0.0000	0	0.789	-37.410	37.127	-3.59	-0.30	-0.69	-0.034	-0.027	20.077
39405	2	0.0000	0	0.769	-37.421	37.120	-3.64	-0.41	-0.53	-0.040	-0.046	19.973
39412	2	0.0000	0	0.746	-37.431	37.110	-3.79	-0.40	-0.70	-0.038	-0.039	20.356
39419	2	0.0000	0	0.726	-37.439	37.100	-4.04	-0.53	-0.75	-0.020	-0.038	21.164
39425	2	0.0000	0	0.711	-37.444	37.092	-4.00	-0.50	-0.71	-0.017	-0.014	22.062
39433	2	0.0000	0	0.692	-37.451	37.082	-4.21	-0.42	-0.90	0.008	-0.018	22.752
39439	2	0.0000	0	0.676	-37.456	37.073	-4.42	-0.64	-1.11	0.024	0.001	22.856
39447	2	0.0000	0	0.661	-37.459	37.063	-4.59	-0.53	-1.26	0.042	0.022	22.397
39454	2	0.0000	0	0.642	-37.464	37.051	-4.67	-0.49	-1.32	0.025	0.025	21.551
39461	2	0.0000	0	0.628	-37.468	37.043	-4.80	-0.75	-0.72	0.046	0.032	20.645
39468	2	0.0000	0	0.607	-37.476	37.032	-4.98	-0.80	-1.02	0.056	0.027	19.994
39475	2	0.0000	0	0.591	-37.481	37.023	-5.05	-0.83	-1.14	0.031	0.014	19.789
39482	2	0.0000	0	0.570	-37.491	37.013	-5.07	-1.10	-1.06	0.026	0.023	20.011
39489	2	0.0000	0	0.547	-37.502	37.004	-5.05	-1.20	-1.08	0.007	0.010	20.667
39496	2	0.0000	0	0.525	-37.509	36.992	-5.04	-1.41	-1.29	-0.015	0.000	21.520
39503	2	0.0000	0	0.498	-37.521	36.980	-5.21	-1.32	-1.11	-0.033	-0.004	22.251
39510	2	0.0000	0	0.467	-37.537	36.967	-5.35	-1.44	-0.97	-0.040	-0.014	22.566
39517	2	0.0000	0	0.442	-37.547	36.956	-5.36	-1.79	-1.24	-0.048	-0.011	22.342
39524	2	0.0000	0	0.414	-37.561	36.944	-5.39	-2.00	-1.10	-0.036	-0.026	21.605
39532	2	0.0000	0	0.390	-37.572	36.935	-5.13	-2.31	-1.15	-0.042	-0.012	20.593
39539	2	0.0000	0	0.365	-37.585	36.925	-4.73	-2.61	-0.94	-0.041	-0.003	19.727
39546	2	0.0000	0	0.344	-37.594	36.915	-4.97	-2.69	-1.79	-0.026	-0.002	19.163
39553	2	0.0000	0	0.317	-37.607	36.904	-4.72	-2.98	-1.74	-0.005	0.013	19.010
39560	2	0.0000	0	0.296	-37.617	36.895	-4.65	-2.87	-1.71	0.002	0.011	19.395
39567	2	0.0000	0	0.272	-37.628	36.885	-4.86	-3.29	-1.71	0.020	0.021	20.149
39574	2	0.0000	0	0.246	-37.641	36.875	-4.43	-3.91	-2.16	0.036	0.020	21.012
39581	2	0.0000	0	0.222	-37.655	36.866	-4.02	-4.43	-2.16	0.046	0.020	21.657
39588	2	0.0000	0	0.199	-37.665	36.856	-3.62	-4.13	-2.54	0.039	0.004	22.004
39595	2	0.0000	0	0.181	-37.673	36.848	-3.38	-3.93	-2.87	0.031	-0.012	21.839
39602	2	0.0000	0	0.165	-37.683	36.844	-3.03	-4.04	-2.80	0.024	-0.022	21.202
39609	2	0.0000	0	0.150	-37.693	36.840	-2.94	-4.00	-2.50	0.008	-0.020	20.378
39616	2	0.0000	0	0.139	-37.700	36.838	-2.86	-4.25	-2.23	-0.018	-0.032	19.682
39623	2	0.0000	0	0.129	-37.707	36.836	-2.64	-4.03	-2.45	-0.014	-0.023	19.272
39630	2	0.0000	0	0.131	-37.709	36.840	-2.40	-4.29	-2.02	-0.042	-0.022	19.286
39637	2	0.0000	0	0.133	-37.712	36.844	-1.75	-4.39	-1.51	-0.061	-0.001	19.657
39644	2	0.0000	0	0.141	-37.711	36.850	-1.54	-4.16	-1.63	-0.055	0.022	20.394
39651	2	0.0000	0	0.152	-37.707	36.856	-1.12	-4.18	-1.82	-0.050	0.030	21.108
39658	2	0.0000	0	0.164	-37.704	36.863	-0.97	-4.60	-1.55	-0.033	0.049	21.534
39665	2	0.0000	0	0.175	-37.702	36.871	-0.77	-4.54	-1.49	-0.026	0.065	21.629
39672	2	0.0000	0	0.193	-37.696	36.882	-0.52	-4.45	-1.83	0.003	0.055	21.215
39679	2	0.0000	0	0.209	-37.693	36.893	-0.56	-4.53	-1.40	0.025	0.033	20.394
39686	2	0.0000	0	0.226	-37.692	36.907	-0.63	-4.44	-0.88	0.061	0.022	19.468
39693	2	0.0000	0	0.242	-37.692	36.921	-0.75	-4.59	-0.51	0.071	-0.002	18.718
39700	2	0.0000	0	0.259	-37.691	36.935	-0.68	-4.33	-0.94	0.074	-0.022	18.273
39707	2	0.0000	0	0.272	-37.693	36.948	-0.86	-4.14	-0.74	0.078	-0.041	18.212
39714	2	0.0000	0	0.283	-37.694	36.959	-0.70	-3.73	-0.68	0.071	-0.060	18.507
39721	2	0.0000	0	0.297	-37.693	36.970	-0.53	-3.54	-0.83	0.058	-0.059	19.172
39728	2	0.0000	0	0.310	-37.692	36.980	-0.45	-3.60	-1.06	0.035	-0.063	19.934
39735	2	0.0000	0	0.318	-37.694	36.990	-0.74	-3.16	-0.89	-0.000	-0.050	20.511
39742	2	0.0000	0	0.324	-37.698	36.999	-0.58	-2.80	-0.78	-0.001	-0.034	20.793
39749	2	0.0000	0	0.330	-37.702	37.008	-0.83	-2.66	-0.98	-0.028	-0.019	20.702
39756	2	0.0000	0	0.334	-37.706	37.016	-0.87	-2.70	-1.02	-0.056	0.011	20.113
39764	2	0.0000	0	0.339	-37.711	37.024	-0.86	-2.71	-0.69	-0.058	0.023	19.330
39771	2	0.0000	0	0.344	-37.714	37.032	-0.95	-2.21	-0.78	-0.052	0.027	18.618
39778	2	0.0000	0	0.349	-37.717	37.039	-1.09	-1.98	-0.98	-0.058	0.027	18.151
39785	2	0.0000	0	0.353	-37.717	37.043	-1.01	-1.45	-1.06	-0.057	0.030	17.970
39792	2	0.0000	0	0.358	-37.718	37.048	-1.26	-1.41	-0.85	-0.044	0.009	18.153
39799	2	0.0000	0	0.356	-37.720	37.049	-1.18	-1.02	-0.79	-0.011	0.004	18.663
39806	2	0.0000	0	0.353	-37.720	37.046	-1.41	-0.36	-1.01	0.014	-0.002	19.361
39813	2	0.0000	0	0.353	-37.721	37.047	-1.53	0.13	-0.85	0.027	-0.005	20.006
39820	2	0.0000	0	0.357	-37.720	37.049	-1.24	0.35	-0.63	0.037	-0.021	20.315
39827	2	0.0000	0	0.359	-37.718	37.050	-1.20	0.52	-0.73	0.040	-0.034	20.436
39834	2	0.0000	0	0.362	-37.717	37.051	-0.76	0.64	-0.86	0.029	-0.036	20.045
39841	2	0.0000	0	0.365	-37.716	37.052	0.04	0.72	-0.69	0.019	-0.024	19.333
39848	2	0.0000	0	0.365	-37.716	37.052	0.09	1.02	-0.30	0.007	-0.014	18.484
39855	2	0.0000	0	0.360	-37.717	37.049	0.33	1.31	-0.10	-0.016	-0.012	17.795
39862	2	0.0000	0	0.352	-37.721	37.046	0.22	1.38	0.06	-0.020	0.006	17.317
39869	2	0.0000	0	0.336	-37.727	37.038	0.09	1.68	0.10	-0.014	-0.003	17.136
39876	2	0.0000	0	0.322	-37.733	37.031	0.02	2.05	0.64	-0.026	0.010	17.343
39883	2	0.0000	0	0.311	-37.735	37.023	0.15	2.30	0.80	-0.022	0.039	17.884
39890	2	0.0000	0	0.306	-37.732	37.017	-0.04	2.55	0.62	-0.020	0.035	18.582
39897	2	0.0000	0	0.305	-37.729	37.012	0.49	2.55	0.62	-0.007	0.041	19.198
39904	2	0.0000	0	0.305	-37.724	37.007	0.85	2.65	0.80	-0.005	0.030	19.714
39911	2	0.0000	0	0.306	-37.718	37.003	1.11	2.46	0.62	-0.013	0.036	19.766
39918	2	0.0000	0	0.309	-37.711	36.998	1.26	2.48	0.45	0.012	0.033	19.540
39925	2	0.0000	0	0.308	-37.709	36.996	1.14	2.04	0.80	0.022	0.027	18.952
39932	2	0.0000	0	0.306	-37.708	36.992	1.15	2.20	0.95	0.021	0.031	18.283
39939	2	0.0000	0	0.302	-37.708	36.989	0.79	2.26	1.36	0.030	-0.000	17.704
39947	2	0.0000	0	0.299	-37.706	36.984	0.53	2.23	1.33	0.016	-0.003	17.309
39954	2	0.0000	0	0.296	-37.704	36.981	0.38	2.11	1.29	0.007	-0.033	17.199
39961	2	0.0000	0	0.294	-37.702	36.977	0.64	1.99	1.78	0.002	-0.036	17.362
39967	2	0.0000	0	0.291	-37.701	36.973	0.43	2.06	1.59	-0.005	-0.037	17.831
39974	2	0.0000	0	0.289	-37.698	36.968	0.39	1.85	1.11	-0.014	-0.044	18.421
39981	2	0.0000	0	0.288	-37.695	36.965	0.55	1.80	0.89	-0.000	-0.018	18.937
39988	2	0.0000	0	0.283	-37.696	36.960	0.49	1.63	1.24	-0.023	-0.002	19.214
39995	2	0.0000	0	0.277	-37.695	36.955	0.31	1.45	1.06	0.009	0.031	19.319
40002	2	0.0000	0	0.267	-37.696	36.947	-0.02	1.31	1.00	0.008	0.024	19.013
40009	2	0.0000	0	0.256	-37.700	36.940	-0.36	1.31	0.92	0.004	0.040	18.432
40016	2	0.0000	0	0.247	-37.703	36.936	-0.58	1.19	1.05	0.004	0.042	17.623
40023	2	0.0000	0	0.235	-37.710	36.932	-0.55	0.63	1.36	0.012	0.030	16.943
40030	2	0.0000	0	0.228	-37.712	36.928	-0.54	0.68	0.89	-0.002	0.014	16.448
40037	2	0.0000	0	0.225	-37.713	36.926	-0.64	0.53	0.39	-0.001	0.010	16.274
40044	2	0.0000	0	0.216	-37.716	36.921	-0.62	0.58	0.53	-0.012	0.003	16.215
40051	2	0.0000	0	0.207	-37.721	36.918	-0.64	0.29	0.32	-0.012	-0.021	16.478
40058	2	0.0000	0	0.196	-37.726	36.914	-0.80	0.29	0.16	-0.013	-0.040	17.005
40065	2	0.0000	0	0.186	-37.732	36.910	-0.98	-0.04	-0.17	-0.016	-0.029	17.596
40072	2	0.0000	0	0.178	-37.736	36.907	-1.09	-0.36	-0.06	-0.015	-0.036	18.111
40079	2	0.0000	0	0.170	-37.743	36.907	-1.31	-0.31	-0.10	-0.002	-0.034	18.499
40086	2	0.0000	0	0.163	-37.748	36.905	-1.06	-0.07	-0.29	-0.012	-0.021	18.461
40093	2	0.0000	0	0.157	-37.750	36.903	-1.34	-0.26	-0.65	-0.011	-0.025	18.235
40100	2	0.0000	0	0.150	-37.753	36.900	-1.36	-0.14	-0.96	0.009	-0.023	17.690
40107	2	0.0000	0	0.141	-37.758	36.897	-1.64	0.06	-0.67	0.020	-0.006	17.065
40114	2	0.0000	0	0.138	-37.759	36.895	-1.85	0.15	-1.19	0.034	0.002	16.510
40121	2	0.0000	0	0.141	-37.757	36.895	-1.73	-0.05	-1.21	0.035	0.011	16.110
40128	2	0.0000	0	0.143	-37.756	36.895	-1.48	-0.13	-1.38	0.025	0.029	15.921
40135	2	0.0000	0	0.146	-37.754	36.897	-1.14	-0.09	-1.34	0.011	0.011	15.956
40142	2	0.0000	0	0.153	-37.751	36.900	-0.84	-0.30	-1.12	0.010	0.017	16.255
40150	2	0.0000	0	0.160	-37.747	36.902	-0.38	-0.24	-1.32	-0.011	-0.001	16.774
40157	2	0.0000	0	0.166	-37.744	36.905	-0.07	-0.54	-1.44	-0.035	-0.016	17.321
40164	2	0.0000	0	0.164	-37.745	36.904	0.29	0.01	-0.97	-0.022	-0.044	17.748
40171	2	0.0000	0	0.160	-37.749	36.904	0.42	0.15	-0.40	-0.021	-0.044	17.909
40178	2	0.0000	0	0.156	-37.749	36.900	0.98	0.41	-0.58	-0.030	-0.042	18.010
40185	2	0.0000	0	0.155	-37.748	36.899	0.92	0.49	-0.49	-0.025	-0.038	17.749
40192	2	0.0000	0	0.156	-37.746	36.898	0.99	0.63	-0.18	-0.016	-0.026	17.213
40199	2	0.0000	0	0.162	-37.743	36.899	1.91	0.65	-0.16	-0.018	0.000	16.555
40206	2	0.0000	0	0.161	-37.742	36.899	2.11	0.73	0.61	-0.006	0.024	15.906
40213	2	0.0000	0	0.161	-37.739	36.895	2.98	0.48	0.52	-0.004	0.036	15.446
40220	2	0.0000	0	0.159	-37.734	36.889	3.04	1.02	0.55	-0.011	0.025	15.095
40227	2	0.0000	0	0.145	-37.736	36.878	3.09	1.83	0.75	0.000	0.033	15.016
40234	2	0.0000	0	0.127	-37.737	36.863	2.90	2.81	1.03	0.018	0.006	15.175
40240	2	0.0000	0	0.114	-37.736	36.851	2.79	3.29	0.65	0.049	-0.015	15.545
40247	2	0.0000	0	0.110	-37.730	36.842	2.76	3.45	0.73	0.049	-0.022	16.058
40254	2	0.0000	0	0.111	-37.727	36.839	2.79	3.70	0.98	0.029	-0.020	16.573
40261	2	0.0000	0	0.121	-37.723	36.844	3.21	3.34	1.13	0.003	-0.003	16.965
40268	2	0.0000	0	0.143	-37.716	36.857	4.19	2.71	1.63	-0.019	0.018	17.213
40276	2	0.0000	0	0.177	-37.703	36.875	5.00	2.19	1.97	-0.044	0.038	17.267
40283	2	0.0000	0	0.209	-37.692	36.892	5.42	1.61	2.34	-0.062	0.040	17.052
40290	2	0.0000	0	0.235	-37.683	36.905	5.86	1.53	2.09	-0.048	0.039	16.585
40297	2	0.0000	0	0.251	-37.676	36.913	5.44	2.12	2.77	-0.039	0.038	16.052
40303	2	0.0000	0	0.264	-37.666	36.916	5.02	2.87	2.65	-0.013	0.007	15.591
40310	2	0.0000	0	0.268	-37.660	36.912	4.72	3.24	2.59	0.003	-0.024	15.232
40317	2	0.0000	0	0.275	-37.652	36.911	4.20	4.13	2.00	0.022	-0.027	15.049
40324	2	0.0000	0	0.284	-37.643	36.910	3.94	4.68	2.13	0.026	-0.045	15.023
40331	2	0.0000	0	0.303	-37.631	36.916	4.04	4.85	1.86	0.055	-0.045	15.148
40338	2	0.0000	0	0.316	-37.625	36.921	3.98	4.97	1.90	0.040	-0.006	15.507
40345	2	0.0000	0	0.344	-37.613	36.934	4.33	4.38	1.40	0.046	0.015	15.973
40352	2	0.0000	0	0.361	-37.607	36.943	4.72	4.01	1.81	0.029	0.038	16.366
40359	2	0.0000	0	0.382	-37.599	36.953	4.47	3.84	1.91	0.015	0.040	16.666
40366	2	0.0000	0	0.386	-37.596	36.955	4.43	4.22	2.20	0.003	0.052	16.790
40373	2	0.0000	0	0.389	-37.592	36.953	4.30	4.45	2.00	-0.027	0.042	16.721
40380	2	0.0000	0	0.381	-37.589	36.943	3.82	4.56	1.84	-0.002	0.022	16.423
40387	2	0.0000	0	0.384	-37.579	36.936	3.42	5.19	1.61	-0.034	-0.003	15.929
40394	2	0.0000	0	0.369	-37.579	36.923	3.21	5.81	1.62	-0.033	-0.005	15.329
40401	2	0.0000	0	0.365	-37.573	36.913	3.14	5.52	1.77	-0.026	-0.014	14.770
40408	2	0.0000	0	0.368	-37.563	36.906	3.16	5.55	1.62	-0.025	-0.019	14.357
40415	2	0.0000	0	0.373	-37.556	36.904	3.44	4.93	1.00	-0.028	-0.015	14.076
40422	2	0.0000	0	0.375	-37.553	36.902	3.57	4.24	0.92	-0.034	-0.003	14.003
40429	2	0.0000	0	0.384	-37.548	36.905	4.03	3.61	1.41	-0.023	0.011	13.975
40436	2	0.0000	0	0.390	-37.543	36.907	3.98	2.95	2.13	0.010	0.008	14.216
40443	2	0.0000	0	0.395	-37.539	36.906	3.95	2.41	1.85	0.026	0.011	14.609
40450	2	0.0000	0	0.399	-37.531	36.902	3.56	2.37	1.12	0.035	0.010	15.041
40457	2	0.0000	0	0.403	-37.525	36.900	3.52	2.14	0.97	0.055	0.007	15.450
40464	2	0.0000	0	0.406	-37.519	36.896	3.17	2.49	0.97	0.063	-0.001	15.692
40471	2	0.0000	0	0.407	-37.514	36.892	2.70	2.40	1.32	0.077	-0.024	15.820
40478	2	0.0000	0	0.423	-37.499	36.892	2.71	2.10	0.75	0.062	-0.018	15.814
40485	2	0.0000	0	0.435	-37.485	36.889	3.04	1.96	0.35	0.046	-0.028	15.610
40492	2	0.0000	0	0.455	-37.471	36.893	3.38	1.26	0.08	-0.002	-0.020	15.203
40499	2	0.0000	0	0.469	-37.460	36.895	3.74	0.97	0.65	-0.007	0.014	14.710
40506	2	0.0000	0	0.477	-37.457	36.899	3.66	0.27	0.90	-0.020	-0.010	14.252
40513	2	0.0000	0	0.481	-37.451	36.896	3.31	0.19	1.33	-0.026	-0.006	13.885
40519	2	0.0000	0	0.481	-37.450	36.895	2.92	-0.03	1.20	-0.031	-0.028	13.663
40526	2	0.0000	0	0.473	-37.454	36.892	2.33	0.17	1.48	-0.022	-0.022	13.515
40534	2	0.0000	0	0.475	-37.451	36.891	1.43	0.49	2.06	-0.022	-0.019	13.535
40541	2	0.0000	0	0.479	-37.454	36.898	1.06	0.31	2.83	-0.008	-0.016	13.705
40548	2	0.0000	0	0.497	-37.447	36.906	0.83	-0.10	3.37	-0.017	-0.004	14.017
40555	2	0.0000	0	0.527	-37.434	36.921	1.27	-0.64	2.83	-0.021	0.014	14.432
40561	2	0.0000	0	0.557	-37.423	36.936	1.24	-1.35	2.72	-0.024	0.023	14.772
40569	2	0.0000	0	0.591	-37.409	36.952	1.85	-1.59	2.99	-0.017	0.024	15.046
40575	2	0.0000	0	0.615	-37.405	36.969	1.80	-1.94	3.07	-0.019	0.014	15.082
40582	2	0.0000	0	0.631	-37.401	36.979	1.12	-1.68	2.64	0.024	-0.007	15.225
40589	2	0.0000	0	0.635	-37.403	36.986	0.72	-1.48	2.84	0.058	-0.011	15.074
40596	2	0.0000	0	0.626	-37.414	36.989	-0.71	-0.84	2.79	0.063	-0.022	14.723
40604	2	0.0000	0	0.620	-37.423	36.992	-1.96	-0.72	3.60	0.073	-0.043	14.282
40611	2	0.0000	0	0.618	-37.432	36.999	-2.64	-0.56	4.02	0.064	-0.033	13.740
40618	2	0.0000	0	0.606	-37.450	37.006	-2.79	-0.40	4.01	0.033	-0.015	13.321
40625	2	0.0000	0	0.606	-37.459	37.014	-2.97	-0.31	3.24	0.012	-0.018	12.997
40632	2	0.0000	0	0.608	-37.468	37.025	-2.71	-0.56	2.82	-0.041	0.009	12.763
40639	2	0.0000	0	0.594	-37.487	37.032	-2.83	-0.81	2.66	-0.063	0.021	12.599
40646	2	0.0000	0	0.584	-37.500	37.035	-2.68	-0.67	2.37	-0.097	0.027	12.639
40653	2	0.0000	0	0.562	-37.519	37.033	-2.97	-0.63	2.51	-0.075	0.017	12.825
40660	2	0.0000	0	0.527	-37.543	37.026	-3.57	-0.34	1.76	-0.087	0.024	13.128
40667	2	0.0000	0	0.493	-37.562	37.015	-4.19	0.14	0.95	-0.067	-0.006	13.505
40674	2	0.0000	0	0.452	-37.585	37.001	-4.87	0.79	0.14	-0.039	-0.026	13.894
40681	2	0.0000	0	0.402	-37.615	36.986	-4.93	0.90	0.08	-0.013	-0.027	14.171
40688	2	0.0000	0	0.360	-37.640	36.974	-5.19	1.02	-0.41	0.024	-0.020	14.422
40695	2	0.0000	0	0.330	-37.659	36.966	-5.14	0.72	-1.21	0.028	-0.007	14.476
40702	2	0.0000	0	0.296	-37.679	36.956	-4.79	0.43	-2.02	0.051	0.012	14.506
40709	2	0.0000	0	0.268	-37.695	36.947	-4.50	0.14	-3.08	0.039	0.015	14.306
40716	2	0.0000	0	0.251	-37.704	36.940	-3.96	-0.09	-2.96	0.050	0.032	13.961
40723	2	0.0000	0	0.231	-37.711	36.929	-4.07	-0.07	-3.19	0.028	0.019	13.588
40730	2	0.0000	0	0.205	-37.719	36.914	-4.56	-0.02	-3.49	0.041	0.012	13.210
40738	2	0.0000	0	0.177	-37.721	36.892	-4.69	0.46	-4.05	0.016	0.029	12.916
40744	2	0.0000	0	0.161	-37.715	36.872	-5.05	0.51	-4.69	0.009	0.007	12.714
40751	2	0.0000	0	0.139	-37.713	36.850	-4.73	1.22	-5.19	-0.003	-0.005	12.551
40758	2	0.0000	0	0.120	-37.710	36.831	-5.23	1.23	-5.02	-0.023	-0.021	12.544
40765	2	0.0000	0	0.108	-37.706	36.816	-5.48	1.29	-4.52	-0.018	-0.001	12.612
40773	2	0.0000	0	0.098	-37.700	36.801	-5.32	1.03	-4.10	-0.048	-0.003	12.819
40780	2	0.0000	0	0.086	-37.696	36.788	-5.54	0.84	-4.64	-0.045	0.010	13.148
40787	2	0.0000	0	0.076	-37.695	36.778	-5.09	0.14	-4.39	-0.036	0.025	13.424
40794	2	0.0000	0	0.070	-37.692	36.769	-5.28	-0.13	-3.61	-0.023	0.019	13.634
40801	2	0.0000	0	0.064	-37.687	36.759	-5.12	-0.15	-3.12	-0.020	0.025	13.790
40808	2	0.0000	0	0.048	-37.685	36.743	-5.26	-0.16	-2.96	-0.002	-0.003	13.837
40815	2	0.0000	0	0.032	-37.682	36.727	-5.19	-0.22	-3.19	0.008	-0.014	13.837
40822	2	0.0000	0	0.014	-37.678	36.706	-5.00	-0.04	-3.45	0.020	-0.012	13.667
40829	2	0.0000	0	-0.006	-37.675	36.686	-4.89	-0.02	-3.69	0.008	-0.015	13.348
40836	2	0.0000	0	-0.032	-37.680	36.668	-5.02	-0.43	-3.25	0.022	-0.027	12.955
40844	2	0.0000	0	-0.068	-37.692	36.647	-5.42	-0.33	-2.63	0.018	0.002	12.500
40851	2	0.0000	0	-0.098	-37.698	36.628	-5.03	-0.66	-2.27	0.024	0.004	12.112
40858	2	0.0000	0	-0.121	-37.701	36.611	-5.11	-1.23	-2.15	0.025	0.005	11.813
40865	2	0.0000	0	-0.149	-37.710	36.594	-4.82	-0.84	-2.72	0.018	0.011	11.608
40871	2	0.0000	0	-0.182	-37.724	36.579	-4.78	-1.34	-2.27	0.019	0.016	11.469
40878	2	0.0000	0	-0.206	-37.731	36.565	-4.43	-1.62	-1.59	0.013	0.028	11.377
40885	2	0.0000	0	-0.227	-37.737	36.552	-4.33	-1.88	-1.43	-0.008	0.026	11.395
40893	2	0.0000	0	-0.248	-37.740	36.536	-3.90	-1.91	-1.72	0.005	0.014	11.542
40900	2	0.0000	0	-0.265	-37.744	36.526	-3.02	-1.63	-2.04	-0.036	-0.005	11.801
40907	2	0.0000	0	-0.285	-37.754	36.517	-3.00	-1.95	-2.28	-0.033	-0.016	12.084
40914	2	0.0000	0	-0.308	-37.766	36.509	-2.39	-2.24	-1.96	-0.026	-0.019	12.337
40921	2	0.0000	0	-0.320	-37.771	36.503	-2.20	-2.09	-1.56	-0.034	-0.034	12.536
40928	2	0.0000	0	-0.332	-37.779	36.500	-1.73	-2.35	-1.56	-0.038	-0.025	12.660
40935	2	0.0000	0	-0.344	-37.788	36.499	-1.49	-2.39	-1.33	-0.024	-0.035	12.789
40942	2	0.0000	0	-0.349	-37.793	36.499	-1.32	-2.15	-1.53	-0.023	-0.023	12.742
40949	2	0.0000	0	-0.351	-37.795	36.499	-0.67	-2.23	-1.78	-0.015	-0.030	12.681
40956	2	0.0000	0	-0.350	-37.796	36.501	-0.41	-2.55	-1.41	-0.003	-0.005	12.466
40963	2	0.0000	0	-0.344	-37.794	36.504	-0.22	-2.60	-1.12	0.009	-0.016	12.130
40970	2	0.0000	0	-0.336	-37.791	36.508	-0.04	-2.43	-0.94	0.028	-0.007	11.783
40977	2	0.0000	0	-0.326	-37.785	36.511	0.30	-2.10	-0.88	0.045	-0.011	11.482
40984	2	0.0000	0	-0.321	-37.786	36.517	0.96	-2.03	-0.98	0.043	-0.012	11.212
40991	2	0.0000	0	-0.316	-37.785	36.521	1.08	-1.46	-1.45	0.061	-0.006	11.033
40998	2	0.0000	0	-0.301	-37.777	36.526	0.94	-1.84	-0.62	0.057	0.006	10.885
41005	2	0.0000	0	-0.291	-37.776	36.534	0.73	-1.56	-0.26	0.057	0.004	10.762
41012	2	0.0000	0	-0.283	-37.775	36.540	1.16	-1.29	0.62	0.052	0.006	10.738
41019	2	0.0000	0	-0.271	-37.774	36.549	1.22	-1.22	1.13	0.044	0.016	10.781
41027	2	0.0000	0	-0.256	-37.772	36.560	2.01	-1.07	1.36	0.007	0.011	10.922
41033	2	0.0000	0	-0.243	-37.773	36.573	2.22	-1.32	1.29	-0.023	0.007	11.144
41040	2	0.0000	0	-0.228	-37.773	36.586	2.99	-1.10	1.25	-0.035	0.000	11.386
41047	2	0.0000	0	-0.220	-37.776	36.597	3.08	-1.24	1.72	-0.052	-0.002	11.594
41054	2	0.0000	0	-0.215	-37.779	36.603	2.98	-0.92	2.56	-0.053	0.001	11.726
41061	2	0.0000	0	-0.209	-37.780	36.610	3.12	-0.33	1.94	-0.043	-0.005	11.836
41069	2	0.0000	0	-0.198	-37.780	36.619	3.38	0.10	2.19	-0.027	-0.012	11.797
41076	2	0.0000	0	-0.182	-37.771	36.625	3.66	0.74	1.80	-0.033	-0.018	11.942
41083	2	0.0000	0	-0.162	-37.760	36.632	3.93	0.91	1.27	-0.035	-0.018	11.887
41090	2	0.0000	0	-0.146	-37.756	36.642	4.42	1.11	1.30	-0.020	-0.009	11.724
41097	2	0.0000	0	-0.133	-37.755	36.652	4.39	0.89	1.77	-0.011	-0.004	11.477
41104	2	0.0000	0	-0.121	-37.758	36.665	4.27	0.52	2.79	0.005	0.010	11.170
41111	2	0.0000	0	-0.115	-37.763	36.676	4.25	0.32	3.11	0.012	0.008	10.819
41118	2	0.0000	0	-0.105	-37.763	36.684	4.29	0.47	3.34	0.026	-0.000	10.510
41125	2	0.0000	0	-0.091	-37.759	36.693	4.06	0.92	3.02	0.035	0.008	10.262
41132	2	0.0000	0	-0.069	-37.749	36.702	4.69	1.43	2.41	0.038	0.009	10.078
41139	2	0.0000	0	-0.050	-37.741	36.712	4.46	1.87	2.41	0.039	0.004	9.912
41146	2	0.0000	0	-0.029	-37.733	36.722	4.24	1.99	3.05	0.034	0.012	9.704
41153	2	0.0000	0	-0.009	-37.726	36.733	3.78	2.08	3.83	0.027	0.013	9.698
41160	2	0.0000	0	0.012	-37.719	36.745	4.05	1.71	4.15	0.004	0.011	9.717
41167	2	0.0000	0	0.030	-37.715	36.756	4.45	2.50	3.38	0.017	0.019	9.809
41174	2	0.0000	0	0.052	-37.707	36.769	4.86	2.54	2.82	-0.008	0.012	9.958
41181	2	0.0000	0	0.069	-37.701	36.777	5.01	2.89	2.32	-0.012	-0.003	10.158
41188	2	0.0000	0	0.075	-37.702	36.784	4.80	3.10	2.44	-0.035	0.003	10.360
41195	2	0.0000	0	0.080	-37.702	36.787	4.14	2.77	3.84	-0.024	-0.006	10.534
41202	2	0.0000	0	0.075	-37.710	36.792	3.60	2.73	4.31	-0.023	-0.002	10.697
41209	2	0.0000	0	0.068	-37.720	36.795	2.98	3.23	4.65	-0.021	-0.003	10.771
41216	2	0.0000	0	0.068	-37.722	36.797	3.36	3.44	4.16	-0.007	-0.011	10.916
41223	2	0.0000	0	0.074	-37.721	36.801	3.63	3.60	3.20	-0.015	-0.014	10.862
41230	2	0.0000	0	0.094	-37.708	36.806	3.60	3.52	3.21	-0.008	-0.000	10.934
41237	2	0.0000	0	0.107	-37.698	36.808	3.70	3.14	3.17	-0.027	0.010	10.856
41244	2	0.0000	0	0.117	-37.692	36.810	3.54	2.89	3.26	-0.008	0.014	10.691
41250	2	0.0000	0	0.118	-37.689	36.809	3.00	2.73	3.54	0.024	0.011	10.430
41257	2	0.0000	0	0.117	-37.688	36.806	3.30	3.75	2.22	0.035	0.022	10.186
41264	2	0.0000	0	0.120	-37.680	36.802	2.63	3.93	2.49	0.037	0.017	9.932
41272	2	0.0000	0	0.125	-37.672	36.798	2.12	3.70	2.60	0.036	0.006	9.769
41279	2	0.0000	0	0.126	-37.668	36.795	1.81	3.24	2.74	0.018	0.000	9.605
41286	2	0.0000	0	0.123	-37.670	36.794	2.30	3.11	1.75	0.016	0.006	9.456
41293	2	0.0000	0	0.129	-37.666	36.796	2.71	2.86	1.16	0.001	0.016	9.345
41300	2	0.0000	0	0.141	-37.659	36.800	2.67	2.57	1.39	-0.017	0.002	9.246
41307	2	0.0000	0	0.139	-37.661	36.800	2.08	2.13	1.99	-0.031	-0.009	9.227
41314	2	0.0000	0	0.131	-37.664	36.796	1.42	1.54	2.60	-0.037	-0.019	9.202
41320	2	0.0000	0	0.119	-37.673	36.794	1.86	1.52	1.55	-0.014	-0.036	9.241
41327	2	0.0000	0	0.117	-37.671	36.790	1.63	1.94	0.84	-0.012	-0.022	9.345
41334	2	0.0000	0	0.107	-37.674	36.785	0.97	2.08	0.72	-0.010	-0.026	9.521
41341	2	0.0000	0	0.109	-37.670	36.782	-0.09	1.45	1.47	-0.003	-0.001	9.700
41349	2	0.0000	0	0.099	-37.676	36.779	-0.22	0.66	1.11	0.015	0.033	9.824
41356	2	0.0000	0	0.100	-37.676	36.780	-0.15	0.44	0.73	0.036	0.039	9.899
41362	2	0.0000	0	0.115	-37.665	36.783	-0.04	0.44	0.63	0.023	0.042	9.956
41369	2	0.0000	0	0.119	-37.662	36.784	-0.44	0.20	1.26	0.004	0.052	10.015
41376	2	0.0000	0	0.110	-37.669	36.782	-0.76	-0.74	1.26	0.004	0.054	9.907
41383	2	0.0000	0	0.104	-37.672	36.779	-0.37	-0.24	0.05	0.018	0.010	9.993
41390	2	0.0000	0	0.109	-37.667	36.779	-0.79	0.26	-0.24	0.013	-0.003	9.950
41397	2	0.0000	0	0.096	-37.674	36.775	-1.86	0.30	0.58	-0.005	-0.022	9.828
41404	2	0.0000	0	0.085	-37.681	36.772	-3.09	-0.12	1.37	0.012	-0.036	9.637
41411	2	0.0000	0	0.066	-37.696	36.770	-2.93	-0.48	0.41	0.004	-0.054	9.395
41418	2	0.0000	0	0.061	-37.703	36.772	-2.90	-0.40	0.83	0.001	-0.050	9.155
41425	2	0.0000	0	0.061	-37.708	36.777	-3.15	-1.08	1.45	-0.028	-0.042	8.886
41432	2	0.0000	0	0.055	-37.716	36.779	-3.26	-1.69	1.53	-0.030	-0.020	8.634
41439	2	0.0000	0	0.046	-37.723	36.778	-2.46	-1.44	0.06	-0.030	0.006	8.489
41446	2	0.0000	0	0.046	-37.723	36.779	-2.45	-1.61	-0.20	-0.035	0.024	8.371
41453	2	0.0000	0	0.032	-37.731	36.773	-3.19	-1.85	-0.70	-0.024	0.038	8.259
41460	2	0.0000	0	0.004	-37.745	36.763	-4.17	-1.90	-1.26	0.011	0.045	8.157
41467	2	0.0000	0	-0.022	-37.757	36.752	-4.48	-1.53	-0.90	0.016	0.051	8.096
41474	2	0.0000	0	-0.049	-37.772	36.743	-4.79	-1.66	-0.34	0.021	0.044	7.984
41481	2	0.0000	0	-0.077	-37.789	36.735	-4.96	-1.64	-0.83	0.029	0.037	7.927
41488	2	0.0000	0	-0.095	-37.798	36.728	-5.00	-1.43	-1.74	0.005	0.000	7.921
41495	2	0.0000	0	-0.108	-37.806	36.724	-4.33	-1.66	-1.97	-0.009	-0.014	8.012
41502	2	0.0000	0	-0.116	-37.813	36.723	-4.06	-1.99	-2.13	-0.010	-0.021	8.097
41509	2	0.0000	0	-0.132	-37.822	36.718	-3.98	-2.21	-2.51	-0.014	-0.027	8.264
41516	2	0.0000	0	-0.141	-37.827	36.715	-4.28	-2.73	-2.43	-0.008	-0.049	8.368
41523	2	0.0000	0	-0.156	-37.836	36.710	-4.66	-2.76	-2.12	0.001	-0.029	8.451
41530	2	0.0000	0	-0.181	-37.850	36.702	-4.80	-2.46	-2.08	0.010	-0.038	8.541
41537	2	0.0000	0	-0.201	-37.858	36.693	-5.43	-2.24	-1.77	0.024	-0.043	8.603
41544	2	0.0000	0	-0.211	-37.862	36.687	-5.30	-2.33	-2.03	0.029	-0.016	8.585
41551	2	0.0000	0	-0.225	-37.867	36.680	-5.06	-1.85	-2.33	0.023	-0.005	8.610
41558	2	0.0000	0	-0.235	-37.869	36.673	-4.85	-1.51	-2.24	0.003	0.024	8.700
41565	2	0.0000	0	-0.238	-37.868	36.670	-5.00	-1.94	-3.03	-0.004	0.011	8.614
41572	2	0.0000	0	-0.249	-37.871	36.663	-4.53	-1.87	-3.04	-0.012	0.017	8.667
41579	2	0.0000	0	-0.260	-37.874	36.656	-4.78	-2.38	-2.60	-0.022	0.035	8.626
41586	2	0.0000	0	-0.277	-37.881	36.648	-4.83	-2.48	-2.44	-0.016	0.027	8.466
41593	2	0.0000	0	-0.300	-37.892	36.639	-5.24	-2.69	-2.14	0.008	0.026	8.305
41600	2	0.0000	0	-0.323	-37.902	36.628	-5.58	-2.60	-1.27	0.010	0.002	8.076
41607	2	0.0000	0	-0.344	-37.911	36.618	-5.39	-2.20	-1.74	0.010	-0.012	7.875
41614	2	0.0000	0	-0.362	-37.918	36.610	-5.02	-2.08	-1.71	0.002	-0.030	7.713
41621	2	0.0000	0	-0.378	-37.922	36.599	-4.98	-2.00	-1.71	-0.002	-0.036	7.553
41628	2	0.0000	0	-0.388	-37.926	36.594	-4.21	-2.20	-2.51	-0.004	-0.026	7.437
41635	2	0.0000	0	-0.405	-37.934	36.588	-4.29	-2.09	-2.32	-0.017	-0.038	7.358
41642	2	0.0000	0	-0.419	-37.939	36.579	-4.31	-2.26	-2.66	-0.021	-0.029	7.268
41649	2	0.0000	0	-0.439	-37.950	36.572	-4.02	-2.28	-2.94	-0.013	-0.023	7.171
41656	2	0.0000	0	-0.462	-37.964	36.565	-4.37	-2.41	-2.03	-0.018	-0.008	7.067
41663	2	0.0000	0	-0.480	-37.975	36.560	-4.46	-2.42	-2.04	0.006	-0.009	6.992
41670	2	0.0000	0	-0.507	-37.994	36.555	-4.20	-2.40	-1.67	-0.003	0.019	6.955
41677	2	0.0000	0	-0.523	-38.004	36.552	-4.47	-2.61	-1.10	-0.000	0.019	6.866
41684	2	0.0000	0	-0.529	-38.008	36.551	-3.41	-2.30	-1.83	-0.011	0.016	6.877
41692	2	0.0000	0	-0.532	-38.010	36.549	-2.97	-2.35	-1.80	-0.022	0.016	6.900
41699	2	0.0000	0	-0.535	-38.007	36.544	-3.07	-2.22	-1.83	0.001	0.010	6.968
41706	2	0.0000	0	-0.539	-38.006	36.539	-2.62	-2.31	-2.19	-0.004	-0.012	7.102
41713	2	0.0000	0	-0.548	-38.009	36.534	-2.86	-2.07	-1.87	0.013	-0.025	7.179
41720	2	0.0000	0	-0.556	-38.012	36.529	-3.01	-1.91	-1.88	0.031	0.000	7.283
41727	2	0.0000	0	-0.568	-38.018	36.525	-2.96	-2.04	-1.49	0.020	-0.002	7.288
41734	2	0.0000	0	-0.574	-38.021	36.523	-3.03	-1.74	-1.19	0.033	0.000	7.319
41741	2	0.0000	0	-0.585	-38.028	36.520	-2.78	-1.54	-0.90	0.029	-0.013	7.296
41748	2	0.0000	0	-0.592	-38.033	36.519	-2.37	-1.38	-0.83	0.009	-0.003	7.292
41755	2	0.0000	0	-0.591	-38.033	36.519	-1.91	-1.38	-0.65	-0.022	-0.013	7.307
41762	2	0.0000	0	-0.587	-38.031	36.522	-1.57	-1.62	-0.64	-0.027	0.014	7.286
41769	2	0.0000	0	-0.588	-38.031	36.521	-1.11	-1.54	-0.55	-0.049	0.007	7.361
41776	2	0.0000	0	-0.596	-38.035	36.518	-1.13	-1.56	-0.41	-0.043	0.029	7.306
41783	2	0.0000	0	-0.603	-38.038	36.513	-1.45	-1.12	-0.74	-0.046	0.012	7.336
41790	2	0.0000	0	-0.616	-38.044	36.509	-1.52	-1.16	-0.53	-0.034	0.014	7.246
41797	2	0.0000	0	-0.627	-38.050	36.505	-1.61	-0.96	-0.32	-0.013	-0.001	7.168
41804	2	0.0000	0	-0.635	-38.058	36.505	-1.37	-1.21	0.12	-0.017	0.007	7.018
41810	2	0.0000	0	-0.644	-38.065	36.504	-1.32	-1.15	0.01	-0.007	-0.006	6.883
41817	2	0.0000	0	-0.647	-38.069	36.505	-0.81	-0.89	0.61	-0.023	0.008	6.691
41824	2	0.0000	0	-0.647	-38.069	36.506	-0.74	-0.73	0.60	-0.006	-0.008	6.515
41832	2	0.0000	0	-0.645	-38.071	36.509	-0.08	-1.18	1.01	-0.018	-0.008	6.346
41839	2	0.0000	0	-0.640	-38.070	36.513	0.29	-1.08	0.76	-0.001	-0.005	6.209
41846	2	0.0000	0	-0.637	-38.069	36.514	0.58	-1.06	0.87	0.002	-0.010	6.069
41853	2	0.0000	0	-0.633	-38.066	36.515	0.66	-0.92	0.75	0.015	-0.008	6.001
41860	2	0.0000	0	-0.637	-38.069	36.514	0.41	-0.75	0.83	0.015	-0.009	5.935
41867	2	0.0000	0	-0.637	-38.068	36.514	0.43	-0.48	0.75	0.050	-0.005	5.879
41874	2	0.0000	0	-0.646	-38.075	36.513	0.02	-0.48	1.27	0.046	0.008	5.818
41881	2	0.0000	0	-0.650	-38.080	36.514	-0.21	-0.50	1.42	0.051	0.022	5.737
41888	2	0.0000	0	-0.653	-38.087	36.518	-0.12	-0.60	1.85	0.033	0.005	5.629
41895	2	0.0000	0	-0.651	-38.090	36.523	0.27	-0.71	2.00	0.033	0.015	5.480
41902	2	0.0000	0	-0.648	-38.096	36.530	0.70	-0.63	2.33	0.010	0.015	5.438
41909	2	0.0000	0	-0.635	-38.093	36.539	1.21	-0.49	2.31	-0.009	-0.004	5.405
41916	2	0.0000	0	-0.628	-38.093	36.546	1.66	-0.42	2.54	-0.017	-0.001	5.348
41923	2	0.0000	0	-0.624	-38.092	36.548	1.38	0.21	2.40	-0.011	-0.009	5.363
41930	2	0.0000	0	-0.625	-38.094	36.549	1.55	0.32	2.33	-0.029	-0.004	5.361
41937	2	0.0000	0	-0.622	-38.093	36.550	1.38	0.77	1.83	-0.015	-0.015	5.429
41944	2	0.0000	0	-0.628	-38.098	36.550	1.10	0.71	2.38	-0.017	-0.006	5.429
41951	2	0.0000	0	-0.633	-38.102	36.550	1.07	1.15	1.87	-0.015	-0.002	5.548
41958	2	0.0000	0	-0.633	-38.107	36.555	1.02	0.70	1.94	-0.016	0.009	5.549
41965	2	0.0000	0	-0.638	-38.115	36.558	1.19	0.64	2.05	-0.022	0.021	5.620
41972	2	0.0000	0	-0.639	-38.122	36.564	1.29	0.21	2.06	-0.015	0.017	5.626
41979	2	0.0000	0	-0.642	-38.130	36.569	1.43	0.14	2.42	-0.016	0.035	5.670
41986	2	0.0000	0	-0.642	-38.135	36.574	1.43	0.40	2.16	-0.010	0.026	5.640
41993	2	0.0000	0	-0.648	-38.141	36.575	1.36	0.35	2.38	-0.002	0.011	5.622
42000	2	0.0000	0	-0.643	-38.139	36.577	1.68	0.31	1.99	-0.003	0.005	5.635
42007	2	0.0000	0	-0.648	-38.141	36.575	1.84	0.68	2.10	0.007	-0.005	5.544
42014	2	0.0000	0	-0.645	-38.139	36.575	2.10	0.58	1.83	0.013	-0.003	5.604
42021	2	0.0000	0	-0.646	-38.138	36.574	2.21	1.04	1.16	0.003	-0.016	5.524
42028	2	0.0000	0	-0.642	-38.136	36.575	2.28	1.25	0.77	0.015	-0.022	5.662
42035	2	0.0000	0	-0.637	-38.133	36.577	2.23	1.21	0.12	0.034	-0.011	5.547
42042	2	0.0000	0	-0.637	-38.135	36.579	2.23	1.21	0.12	0.021	-0.016	5.600
42049	2	0.0000	0	-0.633	-38.135	36.582	2.01	0.97	-0.37	0.040	-0.004	5.672
42056	2	0.0000	0	-0.635	-38.143	36.588	2.18	0.51	0.13	0.037	0.009	5.599
42063	2	0.0000	0	-0.631	-38.145	36.593	2.13	0.17	-0.22	0.018	0.021	5.629
42070	2	0.0000	0	-0.630	-38.149	36.599	2.33	-0.24	-0.01	0.003	0.033	5.470
42077	2	0.0000	0	-0.627	-38.152	36.604	2.74	-0.30	0.27	-0.021	0.033	5.410
42084	2	0.0000	0	-0.617	-38.147	36.608	2.93	-0.02	-0.83	-0.027	0.014	5.294
42091	2	0.0000	0	-0.611	-38.144	36.610	3.00	0.21	-0.60	-0.042	0.003	5.084
42098	2	0.0000	0	-0.600	-38.134	36.611	3.42	0.71	-1.31	-0.049	-0.021	5.040
42105	2	0.0000	0	-0.586	-38.124	36.612	3.53	0.90	-1.72	-0.055	-0.025	4.859
42112	2	0.0000	0	-0.571	-38.113	36.615	3.86	1.05	-1.66	-0.042	-0.013	4.774
42120	2	0.0000	0	-0.547	-38.095	36.620	3.63	1.13	-2.36	-0.025	-0.019	4.703
42127	2	0.0000	0	-0.529	-38.086	36.625	3.81	0.83	-2.14	-0.022	-0.006	4.605
42133	2	0.0000	0	-0.506	-38.072	36.633	3.77	0.73	-2.42	-0.005	0.011	4.624
42140	2	0.0000	0	-0.485	-38.060	36.639	3.64	0.35	-2.44	0.020	0.012	4.526
42147	2	0.0000	0	-0.462	-38.048	36.649	3.74	-0.22	-1.55	0.031	0.029	4.449
42154	2	0.0000	0	-0.429	-38.030	36.659	3.41	-0.30	-1.98	0.049	0.027	4.483
42161	2	0.0000	0	-0.405	-38.018	36.669	3.16	-0.81	-1.96	0.065	0.034	4.394
42168	2	0.0000	0	-0.375	-38.002	36.679	3.31	-0.73	-1.45	0.060	0.015	4.340
42175	2	0.0000	0	-0.340	-37.981	36.690	3.49	-0.63	-1.62	0.052	0.003	4.308
42182	2	0.0000	0	-0.315	-37.965	36.696	3.27	-0.72	-1.10	0.030	-0.002	4.193
42189	2	0.0000	0	-0.281	-37.943	36.704	3.58	-0.51	-0.99	0.026	-0.015	4.165
42196	2	0.0000	0	-0.251	-37.923	36.711	3.36	-0.20	-1.29	0.014	-0.039	4.094
42203	2	0.0000	0	-0.226	-37.908	36.720	3.44	-0.29	-0.43	-0.007	-0.045	3.928
42210	2	0.0000	0	-0.194	-37.890	36.730	3.94	-0.04	-0.44	-0.029	-0.048	3.981
42217	2	0.0000	0	-0.167	-37.876	36.740	3.90	-0.10	-0.76	-0.039	-0.041	3.885
42224	2	0.0000	0	-0.148	-37.870	36.751	3.66	-0.45	0.45	-0.034	-0.022	3.741
42231	2	0.0000	0	-0.128	-37.862	36.760	3.53	-0.32	0.66	-0.044	0.002	3.737
42238	2	0.0000	0	-0.110	-37.854	36.769	3.27	-0.68	0.65	-0.019	0.015	3.711
42245	2	0.0000	0	-0.095	-37.850	36.777	3.38	-0.59	1.08	-0.005	0.024	3.584
42252	2	0.0000	0	-0.077	-37.843	36.787	3.23	-0.31	1.70	0.001	0.055	3.612
42259	2	0.0000	0	-0.057	-37.832	36.794	3.11	-0.21	1.19	0.002	0.040	3.678
42266	2	0.0000	0	-0.041	-37.827	36.803	3.00	-0.45	1.22	0.003	0.027	3.605
42273	2	0.0000	0	-0.025	-37.822	36.812	3.15	-0.19	1.56	0.017	0.030	3.622
42280	2	0.0000	0	-0.000	-37.809	36.821	3.07	-0.10	0.70	0.024	0.009	3.733
42287	2	0.0000	0	0.018	-37.802	36.831	3.09	-0.33	0.38	0.028	0.011	3.747
42294	2	0.0000	0	0.031	-37.802	36.842	2.88	-0.58	1.26	0.022	-0.008	3.683
42301	2	0.0000	0	0.046	-37.799	36.852	2.38	-0.53	1.39	0.026	-0.033	3.750
42308	2	0.0000	0	0.062	-37.798	36.866	2.35	-0.44	1.23	0.010	-0.034	3.730
42315	2	0.0000	0	0.071	-37.804	36.879	2.58	-0.74	2.14	-0.004	-0.032	3.594
42322	2	0.0000	0	0.081	-37.806	36.890	2.42	-0.53	2.52	-0.011	-0.041	3.548
42329	2	0.0000	0	0.101	-37.799	36.902	2.56	-0.58	1.79	-0.023	-0.040	3.610
42336	2	0.0000	0	0.117	-37.797	36.913	2.46	-0.57	1.88	-0.022	-0.029	3.481
42343	2	0.0000	0	0.122	-37.799	36.919	2.50	-0.40	2.83	-0.031	-0.002	3.286
42350	2	0.0000	0	0.133	-37.796	36.926	2.16	-0.04	3.45	-0.024	-0.005	3.262
42357	2	0.0000	0	0.149	-37.787	36.931	2.16	0.34	2.01	-0.022	0.010	3.311
42364	2	0.0000	0	0.160	-37.782	36.936	1.96	0.33	1.91	0.001	0.029	3.205
42371	2	0.0000	0	0.161	-37.782	36.938	1.68	0.73	2.74	0.004	0.042	3.046
42377	2	0.0000	0	0.165	-37.781	36.940	1.08	1.23	3.15	0.017	0.043	3.034
42385	2	0.0000	0	0.172	-37.778	36.943	0.57	1.57	2.37	0.035	0.032	3.093
42392	2	0.0000	0	0.178	-37.778	36.948	0.34	1.59	2.48	0.043	0.021	3.020
42399	2	0.0000	0	0.181	-37.782	36.955	0.21	1.24	3.17	0.052	0.028	2.872
42406	2	0.0000	0	0.187	-37.786	36.963	0.02	1.05	4.18	0.050	-0.004	2.779
42413	2	0.0000	0	0.195	-37.785	36.970	0.02	0.78	3.40	0.010	-0.003	2.931
42420	2	0.0000	0	0.200	-37.786	36.975	0.16	0.28	2.81	0.011	-0.019	3.056
42427	2	0.0000	0	0.199	-37.792	36.980	-0.01	0.04	3.01	-0.011	-0.039	2.889
42434	2	0.0000	0	0.183	-37.807	36.980	-0.73	0.09	4.52	-0.015	-0.034	2.722
42441	2	0.0000	0	0.163	-37.820	36.976	-1.11	0.43	4.77	-0.012	-0.052	2.740
42448	2	0.0000	0	0.145	-37.828	36.968	-1.59	0.74	3.35	-0.000	-0.043	2.884
42455	2	0.0000	0	0.124	-37.839	36.960	-2.23	0.71	2.55	-0.003	-0.021	2.945
42462	2	0.0000	0	0.094	-37.858	36.952	-2.87	0.71	3.50	0.016	0.001	2.822
42469	2	0.0000	0	0.062	-37.881	36.946	-3.48	0.29	4.21	0.007	0.027	2.686
42476	2	0.0000	0	0.039	-37.896	36.941	-3.84	-0.02	4.67	0.004	0.043	2.665
42483	2	0.0000	0	0.021	-37.909	36.938	-3.71	0.05	3.53	-0.008	0.058	2.725
42490	2	0.0000	0	0.004	-37.920	36.934	-3.55	-0.33	3.32	-0.006	0.053	2.672
42497	2	0.0000	0	-0.021	-37.939	36.929	-3.93	-0.50	3.33	-0.021	0.071	2.501
42504	2	0.0000	0	-0.051	-37.958	36.922	-3.98	-0.62	4.25	-0.019	0.051	2.350
42512	2	0.0000	0	-0.076	-37.973	36.915	-4.19	-0.44	3.65	-0.011	0.020	2.353
42519	2	0.0000	0	-0.100	-37.985	36.905	-4.00	0.08	2.61	0.002	-0.005	2.409
42526	2	0.0000	0	-0.131	-38.003	36.896	-4.33	-0.00	2.19	0.001	-0.024	2.349
42533	2	0.0000	0	-0.167	-38.025	36.885	-4.67	0.22	2.93	0.000	-0.031	2.148
42540	2	0.0000	0	-0.209	-38.052	36.874	-5.08	-0.08	3.75	-0.011	-0.046	1.918
42547	2	0.0000	0	-0.250	-38.078	36.864	-4.92	0.10	4.36	0.013	-0.047	1.784
42553	2	0.0000	0	-0.279	-38.096	36.856	-4.69	0.31	3.71	0.004	-0.045	1.782
42561	2	0.0000	0	-0.307	-38.111	36.846	-4.63	0.30	2.49	-0.000	-0.027	1.862
42568	2	0.0000	0	-0.337	-38.128	36.835	-4.76	-0.01	2.09	0.008	-0.004	1.878
42575	2	0.0000	0	-0.373	-38.149	36.824	-4.80	-0.59	2.29	0.023	0.021	1.783
42582	2	0.0000	0	-0.418	-38.177	36.812	-5.34	-0.65	3.53	0.023	0.023	1.591
42589	2	0.0000	0	-0.465	-38.206	36.799	-5.49	-0.61	4.69	0.017	0.024	1.335
42596	2	0.0000	0	-0.508	-38.231	36.786	-5.34	-0.32	4.99	0.015	0.003	1.167
42603	2	0.0000	0	-0.544	-38.250	36.773	-5.24	0.39	4.92	-0.003	-0.010	1.083
42610	2	0.0000	0	-0.567	-38.260	36.762	-4.53	0.65	3.53	-0.031	-0.002	1.087
42617	2	0.0000	0	-0.589	-38.269	36.752	-3.74	0.86	2.53	-0.045	-0.006	1.138
42624	2	0.0000	0	-0.615	-38.280	36.739	-2.80	0.40	1.73	-0.050	0.003	1.222
42631	2	0.0000	0	-0.648	-38.298	36.727	-2.77	-0.18	1.76	-0.038	0.024	1.256
42638	2	0.0000	0	-0.689	-38.323	36.715	-2.88	-0.47	2.15	-0.024	0.016	1.256
42645	2	0.0000	0	-0.744	-38.355	36.699	-3.68	-0.66	2.83	-0.003	0.036	1.151
42652	2	0.0000	0	-0.804	-38.390	36.680	-3.88	-0.81	3.81	0.012	0.007	1.002
42659	2	0.0000	0	-0.858	-38.421	36.662	-3.83	-0.39	4.40	0.034	-0.004	0.832
42666	2	0.0000	0	-0.904	-38.446	36.647	-3.23	-0.41	4.56	0.033	-0.037	0.672
42673	2	0.0000	0	-0.933	-38.460	36.635	-2.26	-0.02	3.73	0.014	-0.035	0.533
42680	2	0.0000	0	-0.944	-38.465	36.630	-0.34	0.39	2.67	-0.019	-0.053	0.424
42687	2	0.0000	0	-0.952	-38.467	36.625	0.96	0.72	1.36	-0.019	-0.062	0.347
42694	2	0.0000	0	-0.960	-38.470	36.621	1.83	0.73	0.68	-0.019	-0.053	0.250
42701	2	0.0000	0	-0.973	-38.478	36.617	2.33	0.62	0.92	-0.005	-0.034	0.182
42708	2	0.0000	0	-0.993	-38.492	36.613	1.80	0.58	1.40	-0.012	-0.009	0.137
42715	2	0.0000	0	-1.014	-38.507	36.610	1.19	0.33	1.93	0.024	0.037	0.071
42722	2	0.0000	0	-1.032	-38.522	36.608	0.99	0.30	2.16	0.037	0.034	0.027
42729	2	0.0000	0	-1.042	-38.533	36.609	1.23	0.31	2.34	0.047	0.062	0.016
42736	2	0.0000	0	-1.044	-38.539	36.614	1.27	0.47	1.82	0.033	0.060	-0.004
42743	2	0.0000	0	-1.031	-38.536	36.622	1.90	0.31	1.14	0.024	0.049	-0.026
42750	2	0.0000	0	-1.012	-38.529	36.632	2.54	0.13	0.79	0.016	0.041	-0.048
42757	2	0.0000	0	-0.986	-38.518	36.644	2.89	-0.00	0.57	-0.001	0.023	-0.087
42764	2	0.0000	0	-0.960	-38.505	36.654	3.15	-0.27	0.47	-0.020	0.008	-0.112
42771	2	0.0000	0	-0.943	-38.494	36.659	2.99	-0.09	0.56	-0.015	-0.011	-0.147
42778	2	0.0000	0	-0.931	-38.487	36.662	2.83	-0.15	1.19	-0.035	-0.028	-0.177
42785	2	0.0000	0	-0.920	-38.479	36.664	2.70	-0.10	1.49	-0.015	-0.044	-0.223
42792	2	0.0000	0	-0.917	-38.475	36.663	2.25	0.17	1.67	-0.017	-0.056	-0.283
42799	2	0.0000	0	-0.912	-38.473	36.665	2.04	0.31	2.16	-0.006	-0.058	-0.363
42806	2	0.0000	0	-0.898	-38.468	36.672	1.96	0.08	2.36	-0.011	-0.045	-0.433
42813	2	0.0000	0	-0.883	-38.462	36.680	2.07	0.02	2.64	-0.012	-0.024	-0.548
42820	2	0.0000	0	-0.865	-38.455	36.690	2.20	-0.50	2.81	-0.004	-0.012	-0.650
42827	2	0.0000	0	-0.849	-38.452	36.701	2.29	-0.63	3.28	-0.012	0.004	-0.761
42834	2	0.0000	0	-0.832	-38.447	36.711	2.60	-0.60	3.57	0.008	0.031	-0.866
42841	2	0.0000	0	-0.817	-38.443	36.719	2.42	-0.73	3.78	0.010	0.039	-0.925
42848	2	0.0000	0	-0.806	-38.439	36.726	2.47	-0.67	3.67	0.026	0.056	-0.903
42855	2	0.0000	0	-0.798	-38.437	36.731	2.18	-0.78	3.64	0.028	0.054	-0.853
42862	2	0.0000	0	-0.794	-38.437	36.734	1.61	-0.78	2.95	0.025	0.053	-0.736
42869	2	0.0000	0	-0.797	-38.441	36.736	1.12	-1.25	2.74	0.032	0.053	-0.603
42876	2	0.0000	0	-0.801	-38.448	36.740	0.71	-1.49	2.76	0.037	0.027	-0.454
42883	2	0.0000	0	-0.808	-38.460	36.744	0.23	-1.60	2.82	0.026	0.024	-0.293
42890	2	0.0000	0	-0.815	-38.473	36.751	-0.33	-2.19	2.58	0.021	0.007	-0.144
42897	2	0.0000	0	-0.821	-38.488	36.760	-0.43	-2.92	2.37	0.008	0.005	0.030
42904	2	0.0000	0	-0.824	-38.501	36.770	-0.31	-3.47	2.26	-0.021	-0.025	0.175
42911	2	0.0000	0	-0.828	-38.513	36.778	-0.38	-3.82	1.73	-0.027	-0.043	0.329
42918	2	0.0000	0	-0.827	-38.522	36.788	-0.53	-3.97	0.98	-0.032	-0.039	0.461
42925	2	0.0000	0	-0.826	-38.530	36.797	-0.56	-4.01	0.51	-0.034	-0.053	0.586
42932	2	0.0000	0	-0.827	-38.538	36.804	-0.87	-3.78	-0.03	-0.034	-0.065	0.680
42939	2	0.0000	0	-0.831	-38.546	36.808	-1.34	-3.51	-0.79	-0.025	-0.051	0.740
42946	2	0.0000	0	-0.834	-38.553	36.813	-1.65	-3.45	-1.17	-0.021	-0.044	0.752
42953	2	0.0000	0	-0.834	-38.559	36.817	-1.93	-3.28	-1.17	-0.011	-0.035	0.689
42960	2	0.0000	0	-0.831	-38.563	36.824	-1.73	-3.01	-1.32	-0.010	0.001	0.599
42967	2	0.0000	0	-0.828	-38.567	36.831	-1.49	-3.03	-1.43	0.003	0.011	0.470
42974	2	0.0000	0	-0.815	-38.566	36.842	-1.02	-3.25	-1.47	-0.012	0.031	0.323
42981	2	0.0000	0	-0.797	-38.562	36.854	-0.58	-3.21	-1.53	-0.005	0.060	0.182
42988	2	0.0000	0	-0.780	-38.557	36.863	0.05	-2.89	-1.63	-0.008	0.068	0.006
42995	2	0.0000	0	-0.767	-38.552	36.870	0.14	-2.46	-1.73	0.001	0.058	-0.156
43002	2	0.0000	0	-0.759	-38.547	36.873	0.39	-2.13	-1.57	0.008	0.046	-0.305
43009	2	0.0000	0	-0.753	-38.544	36.874	0.23	-1.71	-1.41	0.019	0.020	-0.428
43016	2	0.0000	0	-0.747	-38.540	36.876	0.06	-1.49	-0.93	0.018	0.001	-0.521
43023	2	0.0000	0	-0.737	-38.533	36.878	0.06	-1.33	-0.77	0.030	-0.019	-0.593
43030	2	0.0000	0	-0.730	-38.528	36.879	-0.05	-1.31	-0.58	0.018	-0.019	-0.617
43037	2	0.0000	0	-0.720	-38.522	36.883	0.11	-1.48	-0.67	0.005	-0.036	-0.596
43044	2	0.0000	0	-0.705	-38.515	36.888	0.07	-1.98	-0.56	-0.001	-0.030	-0.539
43051	2	0.0000	0	-0.691	-38.507	36.894	0.12	-2.33	-0.57	-0.011	-0.016	-0.433
43058	2	0.0000	0	-0.681	-38.504	36.899	-0.35	-2.96	-0.43	-0.012	0.003	-0.324
43065	2	0.0000	0	-0.671	-38.500	36.904	-0.69	-3.46	-0.32	-0.019	0.000	-0.196
43072	2	0.0000	0	-0.666	-38.499	36.907	-1.31	-3.88	-0.23	-0.005	0.002	-0.057
43079	2	0.0000	0	-0.665	-38.500	36.909	-1.88	-3.90	-0.60	0.018	0.014	0.095
43087	2	0.0000	0	-0.657	-38.500	36.916	-2.44	-4.22	-0.66	0.016	-0.003	0.224
43094	2	0.0000	0	-0.652	-38.501	36.921	-2.85	-4.21	-0.90	0.015	0.003	0.337
43101	2	0.0000	0	-0.646	-38.503	36.930	-3.13	-4.33	-1.03	0.005	0.005	0.427
43108	2	0.0000	0	-0.641	-38.507	36.938	-3.61	-4.71	-1.32	0.018	-0.004	0.484
43115	2	0.0000	0	-0.633	-38.511	36.948	-3.50	-5.08	-1.18	-0.010	-0.011	0.499
43122	2	0.0000	0	-0.630	-38.518	36.958	-3.20	-5.28	-1.28	-0.003	-0.003	0.504
43129	2	0.0000	0	-0.630	-38.526	36.966	-2.84	-5.56	-1.04	-0.027	-0.008	0.456
43136	2	0.0000	0	-0.630	-38.534	36.973	-2.50	-5.43	-1.08	-0.024	-0.025	0.383
43143	2	0.0000	0	-0.634	-38.543	36.978	-2.50	-5.06	-1.14	-0.033	-0.024	0.263
43150	2	0.0000	0	-0.643	-38.552	36.980	-2.53	-5.07	-0.89	-0.029	-0.021	0.149
43157	2	0.0000	0	-0.648	-38.559	36.981	-2.29	-4.72	-1.06	-0.030	-0.029	0.022
43164	2	0.0000	0	-0.655	-38.565	36.982	-1.95	-4.22	-1.17	-0.020	-0.031	-0.105
43171	2	0.0000	0	-0.658	-38.570	36.984	-1.81	-3.93	-1.48	-0.012	-0.018	-0.210
43178	2	0.0000	0	-0.659	-38.573	36.986	-1.29	-3.62	-1.78	-0.011	-0.006	-0.296
43185	2	0.0000	0	-0.657	-38.575	36.989	-1.15	-3.25	-2.18	0.002	0.023	-0.356
43192	2	0.0000	0	-0.652	-38.575	36.993	-0.82	-3.41	-2.25	0.004	0.034	-0.390
43199	2	0.0000	0	-0.644	-38.573	36.999	-0.82	-3.28	-2.38	0.017	0.047	-0.384
43206	2	0.0000	0	-0.633	-38.570	37.006	-0.66	-3.37	-2.56	0.027	0.047	-0.361
43213	2	0.0000	0	-0.622	-38.568	37.013	-0.70	-3.52	-2.80	0.038	0.044	-0.292
43220	2	0.0000	0	-0.612	-38.566	37.020	-0.60	-3.48	-2.93	0.025	0.022	-0.212
43227	2	0.0000	0	-0.600	-38.562	37.027	-0.94	-3.51	-3.30	0.031	0.014	-0.127
43234	2	0.0000	0	-0.586	-38.558	37.036	-0.82	-3.79	-3.67	0.032	-0.000	-0.002
43241	2	0.0000	0	-0.572	-38.555	37.044	-0.79	-4.00	-3.70	0.026	-0.024	0.082
43248	2	0.0000	0	-0.561	-38.551	37.051	-1.03	-4.04	-3.84	0.021	-0.029	0.172
43255	2	0.0000	0	-0.547	-38.547	37.060	-0.73	-4.54	-4.07	-0.001	-0.033	0.242
43262	2	0.0000	0	-0.533	-38.544	37.068	-0.48	-4.58	-4.28	-0.006	-0.030	0.274
43269	2	0.0000	0	-0.520	-38.539	37.075	-0.02	-4.91	-4.52	-0.017	-0.019	0.301
43277	2	0.0000	0	-0.506	-38.535	37.083	0.18	-5.00	-4.62	-0.035	-0.012	0.286
43284	2	0.0000	0	-0.493	-38.529	37.089	0.10	-4.64	-4.69	-0.026	-0.008	0.248
43290	2	0.0000	0	-0.482	-38.522	37.092	0.32	-4.47	-4.87	-0.032	-0.002	0.203
43297	2	0.0000	0	-0.470	-38.514	37.095	0.23	-4.01	-4.92	-0.026	0.010	0.131
43304	2	0.0000	0	-0.453	-38.504	37.100	0.45	-3.55	-5.07	-0.038	0.008	0.067
43311	2	0.0000	0	-0.428	-38.490	37.108	1.23	-3.43	-5.12	-0.032	0.025	-0.024
43318	2	0.0000	0	-0.403	-38.475	37.116	1.29	-3.17	-5.12	-0.032	0.018	-0.094
43326	2	0.0000	0	-0.366	-38.455	37.129	1.84	-2.95	-5.59	-0.033	0.015	-0.158
43333	2	0.0000	0	-0.329	-38.435	37.142	2.40	-2.61	-5.85	-0.033	0.007	-0.181
43339	2	0.0000	0	-0.290	-38.415	37.157	2.98	-2.35	-5.85	-0.020	-0.007	-0.214
43346	2	0.0000	0	-0.255	-38.398	37.170	3.18	-2.82	-5.89	-0.008	-0.012	-0.205
43353	2	0.0000	0	-0.216	-38.379	37.187	3.72	-2.42	-6.09	-0.003	-0.016	-0.186
43360	2	0.0000	0	-0.183	-38.364	37.201	4.10	-2.47	-5.89	0.004	-0.024	-0.140
43367	2	0.0000	0	-0.151	-38.351	37.216	4.01	-2.73	-5.96	0.023	-0.003	-0.108
43374	2	0.0000	0	-0.117	-38.335	37.231	4.03	-2.55	-5.95	0.047	0.006	-0.059
43381	2	0.0000	0	-0.087	-38.319	37.242	3.79	-2.52	-5.84	0.042	0.012	0.007
43388	2	0.0000	0	-0.050	-38.301	37.257	3.70	-2.66	-5.72	0.047	0.017	0.056
43395	2	0.0000	0	-0.006	-38.277	37.272	3.92	-2.45	-5.94	0.041	0.017	0.105
43402	2	0.0000	0	0.040	-38.252	37.288	3.99	-2.04	-5.79	0.022	0.022	0.140
43409	2	0.0000	0	0.088	-38.224	37.304	4.23	-2.03	-5.61	0.009	0.013	0.120
43416	2	0.0000	0	0.140	-38.194	37.320	4.58	-1.84	-5.42	-0.008	-0.006	0.128
43423	2	0.0000	0	0.195	-38.160	37.335	4.51	-1.34	-5.01	-0.014	-0.022	0.120
43430	2	0.0000	0	0.250	-38.126	37.350	4.54	-0.95	-4.89	-0.021	-0.030	0.090
43437	2	0.0000	0	0.307	-38.092	37.367	5.02	-0.77	-4.71	-0.022	-0.033	0.064
43444	2	0.0000	0	0.359	-38.060	37.382	4.97	-0.42	-4.27	-0.038	-0.028	0.024
43451	2	0.0000	0	0.407	-38.031	37.396	5.26	-0.24	-3.58	-0.024	-0.021	-0.014
43458	2	0.0000	0	0.452	-38.004	37.410	4.99	0.20	-3.22	-0.016	-0.015	-0.048
43465	2	0.0000	0	0.497	-37.979	37.425	5.06	0.32	-2.76	-0.012	0.010	-0.087
43472	2	0.0000	0	0.537	-37.958	37.439	4.87	0.55	-2.18	0.002	0.013	-0.101
43479	2	0.0000	0	0.576	-37.938	37.454	4.73	0.57	-1.74	0.009	0.037	-0.113
43486	2	0.0000	0	0.614	-37.919	37.469	4.74	0.71	-1.25	0.025	0.031	-0.124
43493	2	0.0000	0	0.651	-37.899	37.482	4.71	1.02	-0.59	0.031	0.034	-0.101
43500	2	0.0000	0	0.683	-37.883	37.495	4.38	1.05	-0.39	0.043	0.027	-0.087
43507	2	0.0000	0	0.712	-37.867	37.504	4.33	1.36	0.09	0.039	-0.004	-0.055
43514	2	0.0000	0	0.742	-37.850	37.515	4.21	1.69	0.42	0.050	-0.009	-0.029
43521	2	0.0000	0	0.769	-37.835	37.524	3.55	1.94	0.93	0.043	-0.025	0.008
43528	2	0.0000	0	0.797	-37.821	37.534	3.24	2.30	1.29	0.037	-0.023	0.037
43535	2	0.0000	0	0.821	-37.807	37.542	3.09	2.29	1.45	0.012	-0.015	0.068
43542	2	0.0000	0	0.845	-37.794	37.551	3.00	2.80	1.78	-0.002	-0.020	0.094
43549	2	0.0000	0	0.865	-37.783	37.557	2.66	2.83	1.98	-0.022	-0.006	0.122
43556	2	0.0000	0	0.880	-37.775	37.563	2.28	3.88	2.26	-0.021	-0.014	0.111
43563	2	0.0000	0	0.886	-37.772	37.566	1.64	3.96	2.08	-0.017	0.001	0.098
43570	2	0.0000	0	0.888	-37.771	37.567	1.43	4.62	2.48	-0.023	0.006	0.082
43577	2	0.0000	0	0.890	-37.770	37.567	0.67	5.18	2.79	-0.014	0.014	0.057
43584	2	0.0000	0	0.887	-37.772	37.566	0.40	5.32	3.02	-0.013	0.011	0.014
43591	2	0.0000	0	0.883	-37.774	37.565	0.26	5.52	2.96	-0.016	0.014	-0.027
43598	2	0.0000	0	0.874	-37.778	37.561	0.15	6.00	3.01	-0.014	0.016	-0.050
43605	2	0.0000	0	0.866	-37.781	37.557	0.25	5.99	2.92	0.001	-0.004	-0.062
43612	2	0.0000	0	0.847	-37.789	37.548	0.34	6.59	2.66	-0.013	-0.008	-0.070
43619	2	0.0000	0	0.829	-37.795	37.538	-0.01	6.82	2.46	0.002	-0.019	-0.081
43626	2	0.0000	0	0.801	-37.805	37.523	-0.32	7.12	2.15	0.021	-0.003	-0.075
43633	2	0.0000	0	0.770	-37.815	37.505	-0.55	7.44	1.96	0.032	-0.008	-0.064
43640	2	0.0000	0	0.731	-37.827	37.483	-0.89	7.64	1.99	0.040	0.013	-0.058
43647	2	0.0000	0	0.692	-37.839	37.461	-1.05	7.65	1.82	0.022	0.011	-0.014
43654	2	0.0000	0	0.655	-37.850	37.437	-1.24	7.37	1.55	0.014	0.018	0.005
43660	2	0.0000	0	0.615	-37.861	37.413	-1.06	7.29	1.56	-0.004	0.016	0.035
43667	2	0.0000	0	0.579	-37.869	37.390	-1.02	7.37	1.12	-0.001	0.016	0.039
43675	2	0.0000	0	0.541	-37.877	37.364	-0.98	7.32	0.81	-0.018	0.014	0.060
43682	2	0.0000	0	0.506	-37.881	37.337	-1.27	7.21	0.79	-0.013	0.015	0.070
43688	2	0.0000	0	0.469	-37.888	37.312	-1.13	7.24	0.73	-0.032	-0.001	0.069
43695	2	0.0000	0	0.437	-37.892	37.287	-1.23	7.12	0.52	-0.009	-0.019	0.064
43702	2	0.0000	0	0.405	-37.896	37.263	-1.20	6.96	0.44	-0.013	-0.033	0.042
43710	2	0.0000	0	0.375	-37.899	37.240	-1.01	6.92	0.40	-0.010	-0.023	0.034
43716	2	0.0000	0	0.347	-37.902	37.218	-0.80	6.80	0.20	-0.000	-0.028	0.004
43723	2	0.0000	0	0.319	-37.905	37.196	-0.59	6.45	-0.07	0.001	-0.024	-0.014
43730	2	0.0000	0	0.291	-37.908	37.174	-0.09	6.40	-0.21	0.004	-0.030	-0.048
43737	2	0.0000	0	0.263	-37.911	37.153	-0.01	5.78	-0.31	-0.004	0.002	-0.049
43744	2	0.0000	0	0.231	-37.917	37.130	0.06	5.85	-0.24	0.002	-0.007	-0.063
43751	2	0.0000	0	0.201	-37.921	37.108	-0.06	5.35	-0.57	0.019	0.004	-0.062
43758	2	0.0000	0	0.175	-37.924	37.087	-0.16	5.23	-0.35	0.013	-0.004	-0.056
43765	2	0.0000	0	0.146	-37.927	37.065	-0.25	5.02	-0.47	0.023	0.007	-0.037
43772	2	0.0000	0	0.123	-37.927	37.045	-0.36	5.00	-0.66	0.030	-0.011	-0.008
43779	2	0.0000	0	0.108	-37.923	37.028	-0.20	4.76	-0.99	0.018	0.003	0.007
43786	2	0.0000	0	0.099	-37.917	37.014	0.28	4.20	-1.12	0.008	0.002	0.029
43793	2	0.0000	0	0.092	-37.912	37.003	0.94	3.47	-1.16	0.002	0.012	0.049
43801	2	0.0000	0	0.086	-37.904	36.990	0.82	2.97	-1.49	-0.012	0.012	0.062
43808	2	0.0000	0	0.082	-37.897	36.979	1.28	2.64	-1.74	-0.028	0.020	0.057
43815	2	0.0000	0	0.069	-37.895	36.966	1.11	2.49	-1.63	-0.028	0.013	0.067
43822	2	0.0000	0	0.059	-37.891	36.953	1.34	2.21	-1.47	-0.035	0.014	0.062
43828	2	0.0000	0	0.046	-37.889	36.940	0.82	2.52	-1.78	-0.011	0.004	0.039
43835	2	0.0000	0	0.034	-37.888	36.929	0.68	2.23	-1.46	-0.009	-0.000	0.017
43842	2	0.0000	0	0.025	-37.886	36.918	0.68	2.19	-1.42	-0.002	0.003	-0.009
43849	2	0.0000	0	0.027	-37.880	36.915	0.69	1.63	-1.29	0.007	0.002	-0.010
43856	2	0.0000	0	0.033	-37.873	36.913	1.16	0.94	-1.29	0.003	0.009	-0.039
43863	2	0.0000	0	0.047	-37.863	36.916	1.56	0.44	-1.19	0.002	0.006	-0.023
43870	2	0.0000	0	0.061	-37.853	36.919	2.00	0.14	-1.22	-0.004	0.022	-0.040
43877	2	0.0000	0	0.078	-37.843	36.923	2.40	-0.23	-1.25	-0.001	0.002	-0.040
43884	2	0.0000	0	0.086	-37.834	36.922	2.34	-0.57	-1.16	-0.013	-0.000	-0.044
43891	2	0.0000	0	0.093	-37.826	36.921	1.74	0.03	-1.17	-0.000	-0.022	-0.036
43898	2	0.0000	0	0.095	-37.821	36.917	1.49	0.15	-1.04	0.014	-0.030	-0.035
43905	2	0.0000	0	0.101	-37.814	36.916	1.00	0.40	-1.23	0.027	-0.039	-0.035
43912	2	0.0000	0	0.114	-37.809	36.922	0.89	0.50	-0.79	0.038	-0.019	-0.024
43919	2	0.0000	0	0.129	-37.803	36.929	0.89	0.21	-0.81	0.023	-0.008	-0.019
43926	2	0.0000	0	0.149	-37.796	36.940	1.10	-0.38	-0.54	0.016	0.008	-0.014
43934	2	0.0000	0	0.171	-37.788	36.952	1.48	-0.68	-0.41	-0.009	0.019	0.002
43941	2	0.0000	0	0.193	-37.779	36.963	1.68	-0.91	-0.38	-0.005	0.025	0.006
43947	2	0.0000	0	0.210	-37.774	36.973	1.58	-0.66	-0.21	-0.010	0.019	0.018
43954	2	0.0000	0	0.218	-37.771	36.977	1.40	-0.28	-0.52	-0.021	-0.001	0.022
43961	2	0.0000	0	0.225	-37.769	36.980	1.23	-0.10	0.00	-0.026	-0.012	0.033
43968	2	0.0000	0	0.229	-37.767	36.982	0.80	0.11	-0.31	-0.017	-0.029	0.023
43975	2	0.0000	0	0.230	-37.767	36.983	0.48	0.66	-0.01	-0.017	-0.032	0.021
43982	2	0.0000	0	0.233	-37.766	36.986	0.28	0.89	-0.04	-0.015	-0.017	0.031
43989	2	0.0000	0	0.244	-37.763	36.992	0.34	0.76	-0.08	-0.017	-0.012	0.031
43996	2	0.0000	0	0.254	-37.761	36.998	0.59	0.85	0.01	-0.006	-0.002	0.036
44003	2	0.0000	0	0.269	-37.756	37.007	0.58	0.61	-0.06	-0.010	0.011	0.016
44010	2	0.0000	0	0.280	-37.754	37.014	0.87	0.84	-0.17	0.008	0.016	0.000
44017	2	0.0000	0	0.289	-37.750	37.018	0.74	0.86	-0.15	0.009	0.018	-0.013
44024	2	0.0000	0	0.294	-37.748	37.021	0.49	0.94	0.02	0.018	0.014	-0.020
44031	2	0.0000	0	0.290	-37.749	37.019	0.23	1.38	-0.06	0.018	0.015	-0.026
44038	2	0.0000	0	0.281	-37.750	37.012	-0.42	1.97	0.01	0.007	0.009	-0.039
44045	2	0.0000	0	0.275	-37.751	37.007	-0.35	2.17	-0.05	0.001	-0.001	-0.044
44052	2	0.0000	0	0.268	-37.751	37.001	-0.42	2.77	-0.05	-0.006	-0.008	-0.051
44059	2	0.0000	0	0.263	-37.751	36.997	-0.71	2.79	-0.20	-0.016	0.001	-0.026
44066	2	0.0000	0	0.262	-37.749	36.994	-0.41	2.84	-0.24	-0.014	-0.003	-0.022
44073	2	0.0000	0	0.260	-37.748	36.992	-0.44	2.93	-0.40	-0.022	0.007	-0.014
44080	2	0.0000	0	0.258	-37.748	36.990	-0.61	2.86	-0.38	-0.026	0.005	-0.005
44087	2	0.0000	0	0.256	-37.747	36.986	-0.49	2.95	-0.38	-0.017	0.012	0.017
44094	2	0.0000	0	0.250	-37.747	36.982	-0.44	2.84	-0.32	-0.039	0.015	0.021
44101	2	0.0000	0	0.240	-37.750	36.975	-0.72	2.80	-0.10	-0.012	0.013	0.028
44108	2	0.0000	0	0.234	-37.748	36.967	-0.91	3.01	-0.23	-0.014	0.014	0.035
44116	2	0.0000	0	0.220	-37.748	36.956	-1.12	3.08	0.02	0.009	-0.010	0.030
44122	2	0.0000	0	0.208	-37.746	36.944	-1.02	3.47	-0.47	0.022	-0.023	0.038
44130	2	0.0000	0	0.196	-37.744	36.931	-1.04	3.79	-0.67	0.028	-0.034	0.041
44137	2	0.0000	0	0.184	-37.742	36.918	-1.41	3.91	-0.63	0.035	-0.020	0.029
44144	2	0.0000	0	0.176	-37.738	36.907	-1.04	3.79	-0.67	0.023	-0.003	0.012
44151	2	0.0000	0	0.164	-37.737	36.896	-1.09	3.81	-0.64	0.016	0.015	-0.013
44158	2	0.0000	0	0.151	-37.737	36.885	-0.94	3.74	-0.72	0.000	0.035	-0.025
44165	2	0.0000	0	0.132	-37.741	36.871	-0.98	3.83	-0.45	-0.005	0.032	-0.039
44171	2	0.0000	0	0.113	-37.745	36.859	-0.90	3.75	-0.35	-0.017	0.036	-0.044
44178	2	0.0000	0	0.091	-37.749	36.843	-0.89	3.65	0.06	-0.023	0.027	-0.061
44185	2	0.0000	0	0.067	-37.754	36.828	-1.11	3.53	-0.23	-0.013	0.025	-0.055
44193	2	0.0000	0	0.045	-37.758	36.812	-1.19	3.60	-0.33	-0.026	0.024	-0.016
44200	2	0.0000	0	0.029	-37.759	36.799	-0.98	3.27	-0.32	-0.004	0.003	-0.009
44207	2	0.0000	0	0.013	-37.760	36.785	-1.11	3.31	-0.02	-0.016	-0.017	0.010
44214	2	0.0000	0	-0.002	-37.761	36.773	-1.01	3.02	-0.14	-0.009	-0.020	0.027
44221	2	0.0000	0	-0.010	-37.759	36.764	-0.85	2.89	-0.27	-0.005	-0.028	0.050
44228	2	0.0000	0	-0.017	-37.755	36.754	-0.68	2.91	-0.25	0.003	-0.039	0.052
44235	2	0.0000	0	-0.029	-37.755	36.744	-0.41	2.62	-0.02	0.012	-0.022	0.053
44241	2	0.0000	0	-0.035	-37.751	36.735	-0.02	2.22	-0.34	0.008	-0.006	0.047
44248	2	0.0000	0	-0.050	-37.752	36.722	-0.12	2.16	-0.49	0.020	0.026	0.054
44255	2	0.0000	0	-0.062	-37.752	36.712	-0.09	2.03	-0.28	0.030	0.028	0.045
44262	2	0.0000	0	-0.078	-37.752	36.698	-0.19	2.08	-0.23	0.014	0.026	0.021
44269	2	0.0000	0	-0.093	-37.753	36.685	-0.38	2.25	-0.32	0.014	0.022	0.011
44276	2	0.0000	0	-0.108	-37.755	36.675	-0.78	2.21	-0.19	0.021	0.015	-0.021
44283	2	0.0000	0	-0.119	-37.756	36.666	-0.48	1.76	-0.04	0.020	0.004	-0.045
44290	2	0.0000	0	-0.126	-37.756	36.659	-0.22	1.77	0.32	-0.006	0.002	-0.077
44297	2	0.0000	0	-0.132	-37.755	36.653	0.18	1.42	0.58	-0.003	-0.016	-0.076
44304	2	0.0000	0	-0.135	-37.754	36.649	0.32	1.37	0.18	-0.017	-0.003	-0.085
44311	2	0.0000	0	-0.134	-37.751	36.648	0.51	1.24	0.22	-0.027	-0.016	-0.072
44318	2	0.0000	0	-0.130	-37.748	36.647	0.43	1.10	-0.09	-0.031	-0.013	-0.053
44325	2	0.0000	0	-0.132	-37.746	36.644	0.11	1.20	-0.08	-0.021	-0.016	-0.032
44332	2	0.0000	0	-0.138	-37.748	36.641	0.21	0.85	0.18	-0.022	-0.019	-0.018
44339	2	0.0000	0	-0.138	-37.748	36.641	0.02	0.58	-0.10	-0.010	-0.000	-0.005
44346	2	0.0000	0	-0.140	-37.748	36.639	0.20	0.28	0.12	0.009	-0.000	0.015
44353	2	0.0000	0	-0.139	-37.748	36.639	0.04	0.26	-0.33	0.007	0.015	0.044
44360	2	0.0000	0	-0.140	-37.747	36.638	0.08	0.14	-0.88	0.010	0.017	0.079
44367	2	0.0000	0	-0.144	-37.748	36.635	0.16	0.28	-1.00	0.035	0.005	0.087
44374	2	0.0000	0	-0.147	-37.748	36.633	0.22	0.21	-1.41	0.019	0.003	0.083
44381	2	0.0000	0	-0.151	-37.749	36.630	-0.02	0.40	-1.48	0.041	-0.002	0.068
44388	2	0.0000	0	-0.157	-37.752	36.628	-0.18	0.36	-1.17	0.052	-0.003	0.063
44395	2	0.0000	0	-0.156	-37.751	36.628	-0.05	0.11	-1.25	0.028	-0.000	0.031
44402	2	0.0000	0	-0.154	-37.750	36.629	0.09	0.29	-1.15	0.010	0.000	-0.003
44409	2	0.0000	0	-0.146	-37.744	36.630	0.12	0.04	-1.14	0.007	0.006	-0.018
44416	2	0.0000	0	-0.138	-37.739	36.632	0.32	0.10	-1.09	-0.014	0.004	-0.053
44423	2	0.0000	0	-0.128	-37.731	36.634	0.57	-0.03	-1.21	-0.032	-0.000	-0.061
44430	2	0.0000	0	-0.121	-37.726	36.634	0.45	-0.23	-1.41	-0.036	-0.008	-0.066
44437	2	0.0000	0	-0.110	-37.716	36.635	0.75	0.04	-1.67	-0.042	-0.007	-0.066
44444	2	0.0000	0	-0.104	-37.710	36.634	0.48	0.15	-1.73	-0.033	-0.007	-0.050
44451	2	0.0000	0	-0.099	-37.703	36.632	0.30	0.28	-1.77	-0.025	-0.006	-0.040
44458	2	0.0000	0	-0.097	-37.700	36.630	0.23	0.17	-1.80	-0.008	0.004	-0.025
44465	2	0.0000	0	-0.094	-37.698	36.631	-0.35	-0.05	-1.85	-0.001	0.019	-0.006
44472	2	0.0000	0	-0.083	-37.693	36.635	-0.29	-0.27	-1.80	0.022	0.027	0.005
44479	2	0.0000	0	-0.078	-37.690	36.638	-0.16	-0.53	-1.88	0.021	0.031	0.028
44486	2	0.0000	0	-0.073	-37.688	36.640	0.07	-0.63	-1.91	0.016	0.036	0.035
44493	2	0.0000	0	-0.064	-37.683	36.643	0.09	-0.48	-2.18	0.018	0.024	0.051
44500	2	0.0000	0	-0.057	-37.678	36.644	0.28	-0.73	-2.44	0.012	0.008	0.060
44507	2	0.0000	0	-0.053	-37.675	36.645	0.20	-0.75	-2.45	0.017	-0.020	0.045
44513	2	0.0000	0	-0.050	-37.672	36.644	0.30	-0.60	-2.38	0.017	-0.030	0.039
44520	2	0.0000	0	-0.048	-37.669	36.643	0.10	-0.54	-2.24	0.010	-0.041	0.025
44527	2	0.0000	0	-0.046	-37.666	36.642	0.24	-0.42	-2.38	0.007	-0.034	0.014
44534	2	0.0000	0	-0.043	-37.662	36.641	-0.10	-0.14	-2.44	0.004	-0.030	-0.010
44542	2	0.0000	0	-0.035	-37.656	36.642	0.16	-0.43	-1.78	-0.004	-0.024	-0.035
44549	2	0.0000	0	-0.023	-37.649	36.645	0.36	-0.78	-1.62	-0.015	-0.021	-0.042
44556	2	0.0000	0	-0.005	-37.637	36.650	0.29	-0.64	-1.91	-0.024	0.007	-0.054
44563	2	0.0000	0	0.010	-37.626	36.653	0.44	-0.84	-1.86	-0.027	0.018	-0.047
44570	2	0.0000	0	0.026	-37.614	36.655	0.30	-1.07	-1.91	-0.019	0.031	-0.051
44577	2	0.0000	0	0.042	-37.602	36.657	0.26	-0.67	-1.95	-0.011	0.036	-0.030
44583	2	0.0000	0	0.053	-37.592	36.657	0.10	-0.58	-1.77	-0.000	0.029	-0.011
44590	2	0.0000	0	0.062	-37.584	36.657	-0.14	-0.21	-1.58	0.022	0.014	0.004
44597	2	0.0000	0	0.072	-37.578	36.660	-0.55	-0.30	-1.41	0.024	0.006	0.002
44604	2	0.0000	0	0.081	-37.573	36.663	-0.93	-0.20	-1.22	0.035	-0.005	0.014
44611	2	0.0000	0	0.091	-37.567	36.666	-0.81	0.21	-0.81	0.027	-0.004	0.020
44619	2	0.0000	0	0.105	-37.560	36.672	-0.99	-0.44	-0.51	0.013	-0.000	0.020
44626	2	0.0000	0	0.116	-37.557	36.678	-0.66	-0.43	-0.32	0.004	-0.015	0.010
44632	2	0.0000	0	0.126	-37.553	36.683	-0.83	-0.53	-0.26	-0.017	-0.013	0.024
44639	2	0.0000	0	0.132	-37.550	36.685	-0.84	-0.34	-0.33	-0.007	-0.015	0.025
44646	2	0.0000	0	0.134	-37.549	36.687	-1.00	-0.21	-0.62	-0.008	-0.021	0.020
44653	2	0.0000	0	0.126	-37.552	36.682	-1.27	0.36	-0.40	-0.010	-0.021	0.013
44660	2	0.0000	0	0.115	-37.556	36.676	-1.59	0.63	-0.56	0.008	-0.030	0.018
44667	2	0.0000	0	0.104	-37.560	36.671	-1.93	1.01	-0.27	0.003	-0.034	0.006
44675	2	0.0000	0	0.093	-37.565	36.666	-2.08	1.04	-0.15	0.013	-0.005	0.006
44682	2	0.0000	0	0.082	-37.571	36.662	-1.96	0.62	-0.39	-0.007	0.011	-0.011
44689	2	0.0000	0	0.073	-37.577	36.660	-2.03	0.84	-0.00	-0.017	0.040	-0.013
44696	2	0.0000	0	0.066	-37.581	36.658	-1.92	0.60	0.02	-0.031	0.047	-0.002
44703	2	0.0000	0	0.058	-37.584	36.654	-1.95	0.69	-0.15	-0.047	0.054	-0.015
44710	2	0.0000	0	0.046	-37.588	36.647	-2.22	0.72	-0.12	-0.034	0.054	0.008
44717	2	0.0000	0	0.031	-37.591	36.637	-2.48	0.82	-0.28	-0.035	0.035	-0.010
44724	2	0.0000	0	0.013	-37.596	36.626	-2.66	1.06	-0.13	-0.017	0.008	0.003
44731	2	0.0000	0	-0.003	-37.600	36.615	-2.90	1.40	-0.22	0.005	-0.018	-0.000
44738	2	0.0000	0	-0.019	-37.603	36.605	-3.25	1.70	-0.17	0.018	-0.026	0.013
44745	2	0.0000	0	-0.033	-37.608	36.597	-3.59	1.64	0.11	0.016	-0.051	0.011
44752	2	0.0000	0	-0.044	-37.612	36.591	-3.25	1.57	-0.05	0.017	-0.051	-0.020
44759	2	0.0000	0	-0.052	-37.615	36.587	-3.12	1.19	0.00	0.023	-0.039	-0.010
44766	2	0.0000	0	-0.061	-37.619	36.583	-3.14	0.70	0.29	0.015	-0.017	-0.002
44773	2	0.0000	0	-0.074	-37.626	36.578	-3.13	0.64	0.23	0.016	-0.006	-0.022
44780	2	0.0000	0	-0.090	-37.632	36.571	-3.24	0.84	0.26	0.012	0.012	-0.013
44787	2	0.0000	0	-0.113	-37.640	36.558	-3.80	0.71	0.31	0.013	0.016	-0.012
44794	2	0.0000	0	-0.144	-37.651	36.540	-3.92	1.08	0.16	0.009	0.024	-0.000
44801	2	0.0000	0	-0.177	-37.661	36.522	-4.51	1.43	0.41	0.018	0.023	-0.009
44808	2	0.0000	0	-0.210	-37.672	36.503	-4.86	1.73	0.46	0.007	0.017	-0.004
44815	2	0.0000	0	-0.244	-37.685	36.486	-5.00	1.75	0.47	-0.008	0.021	0.004
44822	2	0.0000	0	-0.270	-37.695	36.473	-4.91	1.61	0.94	-0.019	0.005	0.003
44829	2	0.0000	0	-0.296	-37.705	36.461	-4.80	1.39	0.63	-0.031	0.021	-0.013
44836	2	0.0000	0	-0.317	-37.715	36.450	-4.50	0.94	0.78	-0.031	0.010	-0.008
44843	2	0.0000	0	-0.340	-37.725	36.441	-4.21	0.54	1.00	-0.033	0.007	-0.014
44850	2	0.0000	0	-0.366	-37.736	36.429	-4.26	0.44	1.15	-0.039	0.014	-0.008
44856	2	0.0000	0	-0.397	-37.749	36.414	-4.35	0.34	1.23	-0.024	-0.009	-0.018
44863	2	0.0000	0	-0.431	-37.763	36.397	-4.40	0.35	1.58	-0.012	-0.024	-0.010
44870	2	0.0000	0	-0.468	-37.776	36.378	-4.74	0.36	1.49	0.003	-0.026	-0.009
44878	2	0.0000	0	-0.507	-37.790	36.357	-5.07	0.39	1.69	0.019	-0.032	0.008
44885	2	0.0000	0	-0.542	-37.804	36.340	-4.88	0.59	1.72	0.023	-0.017	0.007
44892	2	0.0000	0	-0.575	-37.817	36.323	-4.90	0.41	1.71	0.036	-0.013	0.011
44899	2	0.0000	0	-0.605	-37.830	36.310	-4.88	0.00	1.57	0.034	0.016	0.030
44905	2	0.0000	0	-0.633	-37.845	36.299	-4.43	-0.19	1.63	0.039	0.029	0.024
44912	2	0.0000	0	-0.661	-37.859	36.289	-4.38	-0.24	1.32	0.024	0.034	0.048
44919	2	0.0000	0	-0.687	-37.873	36.279	-4.25	-0.46	1.19	0.023	0.023	0.034
44926	2	0.0000	0	-0.716	-37.889	36.270	-4.22	-0.16	0.97	0.004	0.015	0.038
44933	2	0.0000	0	-0.747	-37.908	36.260	-4.21	-0.09	1.21	-0.005	-0.000	0.040
44940	2	0.0000	0	-0.779	-37.926	36.250	-4.10	0.18	0.71	-0.009	-0.006	0.033
44947	2	0.0000	0	-0.816	-37.946	36.237	-4.48	0.15	0.60	-0.006	-0.016	0.023
44955	2	0.0000	0	-0.851	-37.967	36.227	-4.52	0.63	0.48	-0.014	-0.027	0.005
44962	2	0.0000	0	-0.882	-37.987	36.219	-4.14	0.66	0.17	-0.016	-0.030	0.001
44969	2	0.0000	0	-0.908	-38.003	36.211	-4.21	0.92	0.08	-0.031	-0.023	-0.010
44976	2	0.0000	0	-0.930	-38.017	36.206	-3.83	0.79	-0.38	-0.020	-0.030	-0.019
44982	2	0.0000	0	-0.952	-38.031	36.200	-3.58	0.84	-0.68	-0.007	-0.005	-0.030
44990	2	0.0000	0	-0.972	-38.041	36.193	-3.47	0.73	-0.79	-0.021	-0.001	-0.031
44996	2	0.0000	0	-0.992	-38.049	36.183	-3.47	0.94	-1.00	0.007	0.001	-0.038
45004	2	0.0000	0	-1.016	-38.058	36.169	-3.55	1.02	-1.10	-0.003	0.008	-0.037
45011	2	0.0000	0	-1.036	-38.062	36.157	-3.64	1.23	-0.89	0.019	0.006	-0.035
45018	2	0.0000	0	-1.055	-38.064	36.142	-3.98	1.21	-0.65	0.013	0.022	-0.029
45025	2	0.0000	0	-1.073	-38.064	36.125	-4.06	1.46	-0.92	0.045	0.021	-0.022
45032	2	0.0000	0	-1.089	-38.063	36.110	-3.86	1.15	-0.81	0.028	0.020	-0.008
45039	2	0.0000	0	-1.103	-38.060	36.096	-3.52	1.48	-0.74	0.022	0.014	0.000
45046	2	0.0000	0	-1.120	-38.059	36.080	-3.01	1.34	-0.79	0.011	0.006	0.015
45053	2	0.0000	0	-1.136	-38.058	36.065	-2.71	1.22	-0.66	-0.003	-0.005	0.022
45060	2	0.0000	0	-1.155	-38.060	36.049	-2.44	1.15	-0.65	-0.003	-0.016	0.032
45067	2	0.0000	0	-1.177	-38.063	36.033	-2.62	1.04	-0.15	-0.030	-0.024	0.030
45074	2	0.0000	0	-1.206	-38.072	36.016	-2.41	1.13	0.19	-0.025	-0.045	0.009
45081	2	0.0000	0	-1.233	-38.082	36.002	-2.44	1.29	0.27	-0.021	-0.063	0.015
45088	2	0.0000	0	-1.257	-38.092	35.991	-2.24	1.19	0.17	-0.020	-0.054	0.003
45095	2	0.0000	0	-1.276	-38.101	35.983	-1.90	1.10	0.34	-0.032	-0.020	-0.004
45102	2	0.0000	0	-1.294	-38.109	35.975	-1.83	1.22	0.37	-0.014	-0.018	-0.020
45110	2	0.0000	0	-1.312	-38.118	35.968	-1.50	0.88	0.47	-0.021	0.016	-0.013
45117	2	0.0000	0	-1.326	-38.123	35.961	-1.07	0.89	0.57	0.004	0.020	-0.028
45124	2	0.0000	0	-1.337	-38.128	35.956	-0.70	0.51	0.79	-0.001	0.032	-0.013
45131	2	0.0000	0	-1.347	-38.132	35.951	-0.36	0.86	0.53	0.003	0.033	-0.012
45138	2	0.0000	0	-1.357	-38.135	35.945	-0.13	1.41	0.91	0.020	0.019	-0.026
45145	2	0.0000	0	-1.368	-38.138	35.938	-0.08	1.30	0.97	0.040	0.007	-0.006
45152	2	0.0000	0	-1.376	-38.139	35.932	-0.05	1.72	1.05	0.047	0.008	-0.001
45159	2	0.0000	0	-1.382	-38.139	35.927	0.10	2.00	1.67	0.043	0.002	0.006
45166	2	0.0000	0	-1.382	-38.138	35.926	0.58	2.40	2.07	0.028	-0.005	0.007
45173	2	0.0000	0	-1.380	-38.139	35.928	1.04	2.38	3.00	0.016	0.007	-0.003
45180	2	0.0000	0	-1.375	-38.135	35.929	1.15	2.49	3.72	0.012	-0.013	0.005
45187	2	0.0000	0	-1.372	-38.132	35.929	1.64	2.88	4.44	-0.003	-0.029	-0.014
45194	2	0.0000	0	-1.363	-38.126	35.931	1.89	3.56	5.30	-0.018	-0.044	-0.009
45201	2	0.0000	0	-1.360	-38.121	35.928	1.80	3.84	5.74	-0.021	-0.038	-0.002
45208	2	0.0000	0	-1.360	-38.117	35.925	1.70	4.50	6.66	-0.020	-0.029	-0.009
45215	2	0.0000	0	-1.363	-38.115	35.920	1.88	4.71	7.55	-0.006	-0.017	-0.023
45222	2	0.0000	0	-1.370	-38.117	35.915	2.11	5.24	8.69	-0.013	0.005	-0.021
45229	2	0.0000	0	-1.379	-38.119	35.910	2.09	5.30	9.18	-0.016	0.040	0.004
45236	2	0.0000	0	-1.394	-38.126	35.903	2.61	5.52	9.39	-0.011	0.036	0.001
45243	2	0.0000	0	-1.409	-38.133	35.897	2.96	5.91	9.70	-0.005	0.050	-0.009
45250	2	0.0000	0	-1.430	-38.143	35.888	3.40	6.23	10.10	-0.001	0.044	0.008
45257	2	0.0000	0	-1.460	-38.159	35.878	3.75	6.09	10.65	0.002	0.025	0.018
45263	2	0.0000	0	-1.495	-38.180	35.867	3.70	6.18	10.91	0.006	0.011	0.006
45270	2	0.0000	0	-1.532	-38.204	35.858	4.11	6.36	11.27	0.018	0.008	0.014
45278	2	0.0000	0	-1.571	-38.231	35.850	4.23	6.82	11.65	0.015	-0.009	0.019
45285	2	0.0000	0	-1.614	-38.261	35.841	4.45	6.89	11.89	0.019	-0.012	0.014
45292	2	0.0000	0	-1.649	-38.288	35.837	4.98	6.80	11.98	0.007	-0.028	0.013
45299	2	0.0000	0	-1.680	-38.310	35.832	5.51	7.00	12.09	0.006	-0.025	0.025
45305	2	0.0000	0	-1.706	-38.331	35.829	6.04	6.83	11.84	-0.005	-0.030	0.037
45313	2	0.0000	0	-1.730	-38.351	35.827	6.75	7.20	11.70	-0.030	-0.009	0.027
45319	2	0.0000	0	-1.749	-38.366	35.825	7.29	7.16	11.31	-0.037	-0.010	0.024
45326	2	0.0000	0	-1.768	-38.380	35.822	7.45	7.53	10.99	-0.040	0.000	0.017
45333	2	0.0000	0	-1.786	-38.394	35.820	7.78	7.89	10.83	-0.029	0.009	0.003
45340	2	0.0000	0	-1.801	-38.405	35.816	8.00	8.43	10.60	-0.032	0.013	-0.016
45347	2	0.0000	0	-1.816	-38.415	35.814	7.77	9.17	10.30	-0.015	0.009	-0.022
45354	2	0.0000	0	-1.827	-38.424	35.813	7.96	9.41	10.29	-0.014	0.004	-0.021
45361	2	0.0000	0	-1.834	-38.431	35.814	8.08	9.63	10.16	0.007	0.010	-0.027
45368	2	0.0000	0	-1.831	-38.434	35.820	8.51	10.02	9.87	-0.009	0.015	-0.030
45375	2	0.0000	0	-1.827	-38.436	35.825	9.06	10.16	9.93	0.013	0.008	-0.039
45382	2	0.0000	0	-1.821	-38.437	35.831	9.34	10.15	9.75	0.026	0.006	-0.050
45389	2	0.0000	0	-1.812	-38.435	35.836	9.73	10.47	9.90	0.014	0.002	-0.047
45396	2	0.0000	0	-1.804	-38.431	35.840	9.71	10.57	9.92	0.023	-0.008	-0.026
45403	2	0.0000	0	-1.803	-38.429	35.839	9.64	11.09	10.00	0.035	-0.013	-0.020
45410	2	0.0000	0	-1.805	-38.426	35.834	9.58	11.37	10.20	0.041	-0.017	-0.015
45417	2	0.0000	0	-1.806	-38.421	35.829	9.56	11.82	10.30	0.021	-0.011	0.009
45424	2	0.0000	0	-1.810	-38.418	35.821	9.52	12.00	10.05	0.011	0.006	0.047
45431	2	0.0000	0	-1.811	-38.412	35.815	9.85	12.36	9.89	0.006	0.006	0.045
45438	2	0.0000	0	-1.812	-38.406	35.808	10.28	12.48	10.18	-0.020	0.011	0.064
45445	2	0.0000	0	-1.816	-38.401	35.800	10.13	12.52	10.30	-0.045	0.028	0.055
45452	2	0.0000	0	-1.827	-38.400	35.789	10.56	12.31	10.61	-0.039	0.032	0.036
45459	2	0.0000	0	-1.831	-38.396	35.782	10.97	12.42	10.72	-0.043	0.024	0.048
45466	2	0.0000	0	-1.841	-38.395	35.772	11.41	12.57	10.87	-0.040	0.029	0.033
45473	2	0.0000	0	-1.850	-38.392	35.762	11.59	12.66	10.70	-0.031	0.012	0.005
45480	2	0.0000	0	-1.856	-38.389	35.753	11.75	13.09	10.44	-0.006	0.004	-0.001
45487	2	0.0000	0	-1.863	-38.386	35.744	12.05	12.98	10.25	0.006	-0.007	-0.018
45494	2	0.0000	0	-1.868	-38.382	35.735	12.44	13.20	10.38	0.009	0.000	-0.041
45501	2	0.0000	0	-1.870	-38.377	35.729	12.78	13.37	10.29	0.023	-0.026	-0.060
45508	2	0.0000	0	-1.868	-38.371	35.725	12.98	13.23	10.23	0.028	-0.034	-0.066
45515	2	0.0000	0	-1.863	-38.364	35.723	12.99	13.38	9.96	0.039	-0.035	-0.071
45522	2	0.0000	0	-1.850	-38.355	35.725	13.26	13.24	9.73	0.049	-0.011	-0.055
45529	2	0.0000	0	-1.833	-38.343	35.729	13.63	13.11	9.70	0.036	-0.011	-0.057
45536	2	0.0000	0	-1.814	-38.331	35.733	13.46	12.96	9.80	0.017	0.017	-0.043
45543	2	0.0000	0	-1.794	-38.316	35.736	13.65	13.08	9.92	0.012	0.033	-0.021
45550	2	0.0000	0	-1.775	-38.301	35.739	13.61	12.91	10.01	-0.003	0.034	-0.001
45557	2	0.0000	0	-1.758	-38.284	35.737	13.50	13.20	9.95	0.001	0.045	0.015
45564	2	0.0000	0	-1.740	-38.267	35.736	13.00	13.38	9.96	-0.019	0.034	0.037
45572	2	0.0000	0	-1.724	-38.249	35.732	13.20	13.52	9.92	-0.032	0.019	0.051
45579	2	0.0000	0	-1.710	-38.232	35.729	13.22	13.66	9.97	-0.013	0.015	0.057
45586	2	0.0000	0	-1.696	-38.216	35.725	13.13	13.80	9.94	-0.002	-0.011	0.051
45593	2	0.0000	0	-1.679	-38.200	35.725	12.94	14.01	9.80	0.001	-0.023	0.037
45600	2	0.0000	0	-1.662	-38.186	35.726	13.24	13.60	9.91	-0.001	-0.022	0.029
45607	2	0.0000	0	-1.645	-38.172	35.728	13.63	13.53	10.01	0.001	-0.042	0.021
45614	2	0.0000	0	-1.627	-38.158	35.729	13.27	13.01	10.27	-0.012	-0.027	0.018
45621	2	0.0000	0	-1.613	-38.146	35.730	13.51	12.90	10.24	0.008	-0.031	0.019
45628	2	0.0000	0	-1.600	-38.133	35.729	13.02	13.10	10.11	0.014	-0.028	0.004
45635	2	0.0000	0	-1.588	-38.121	35.728	13.39	12.98	10.07	0.011	-0.021	-0.003
45642	2	0.0000	0	-1.579	-38.110	35.725	13.19	13.08	10.17	0.017	-0.002	-0.012
45649	2	0.0000	0	-1.571	-38.098	35.721	12.86	12.98	10.07	0.030	0.013	-0.021
45656	2	0.0000	0	-1.557	-38.083	35.719	12.69	13.05	9.96	0.023	0.016	-0.018
45663	2	0.0000	0	-1.543	-38.069	35.717	12.72	12.86	9.60	0.020	0.028	-0.024
45670	2	0.0000	0	-1.523	-38.054	35.720	12.80	12.80	9.36	0.007	0.039	-0.001
45677	2	0.0000	0	-1.507	-38.040	35.721	12.65	12.87	9.44	-0.007	0.040	-0.016
45684	2	0.0000	0	-1.490	-38.027	35.723	12.94	12.44	9.26	-0.030	0.032	-0.020
45691	2	0.0000	0	-1.476	-38.013	35.722	12.89	12.34	9.42	-0.025	0.027	-0.006
45698	2	0.0000	0	-1.463	-38.003	35.723	12.45	12.30	9.47	-0.024	0.017	-0.010
45705	2	0.0000	0	-1.447	-37.990	35.725	12.40	12.41	9.41	-0.018	-0.008	0.010
45712	2	0.0000	0	-1.436	-37.979	35.724	12.23	12.30	9.47	-0.015	-0.026	0.010
45719	2	0.0000	0	-1.422	-37.968	35.725	11.88	12.48	9.65	-0.017	-0.043	-0.002
45726	2	0.0000	0	-1.408	-37.957	35.727	11.95	12.22	9.73	-0.006	-0.042	0.008
45733	2	0.0000	0	-1.387	-37.942	35.730	11.75	12.12	9.29	0.001	-0.039	0.002
45740	2	0.0000	0	-1.366	-37.926	35.733	12.25	11.66	9.25	-0.013	-0.039	0.004
45747	2	0.0000	0	-1.344	-37.909	35.737	12.25	11.59	9.01	-0.002	-0.035	0.015
45754	2	0.0000	0	-1.324	-37.893	35.738	12.34	11.47	8.72	-0.014	0.005	0.000
45761	2	0.0000	0	-1.315	-37.881	35.735	12.01	11.67	8.31	0.006	0.032	-0.007
45768	2	0.0000	0	-1.308	-37.870	35.730	11.74	11.79	8.26	0.017	0.022	-0.005
45775	2	0.0000	0	-1.301	-37.858	35.725	11.35	11.94	8.07	0.023	0.030	-0.012
45782	2	0.0000	0	-1.299	-37.850	35.718	11.26	12.28	8.14	0.025	0.046	0.002
45789	2	0.0000	0	-1.294	-37.842	35.715	11.09	12.60	7.78	0.016	0.041	0.017
45796	2	0.0000	0	-1.285	-37.833	35.714	11.27	12.45	7.54	0.017	0.023	0.011
45803	2	0.0000	0	-1.277	-37.826	35.714	11.58	12.15	7.42	0.001	0.007	0.027
45810	2	0.0000	0	-1.263	-37.816	35.717	12.39	12.06	7.33	-0.026	-0.002	0.011
45817	2	0.0000	0	-1.249	-37.807	35.720	13.33	11.70	7.49	-0.027	-0.016	-0.002
45824	2	0.0000	0	-1.237	-37.797	35.722	13.25	11.59	7.90	-0.037	-0.038	0.000
45831	2	0.0000	0	-1.228	-37.788	35.720	13.40	11.97	8.11	-0.016	-0.053	-0.009
45838	2	0.0000	0	-1.220	-37.777	35.717	13.56	12.25	8.30	-0.022	-0.049	-0.027
45845	2	0.0000	0	-1.207	-37.762	35.714	13.91	12.91	8.35	-0.023	-0.064	-0.025
45852	2	0.0000	0	-1.187	-37.741	35.711	13.91	13.84	8.16	-0.020	-0.068	-0.031
45859	2	0.0000	0	-1.166	-37.720	35.709	14.07	14.25	8.23	-0.003	-0.054	-0.018
45866	2	0.0000	0	-1.137	-37.693	35.709	14.32	14.61	8.67	0.016	-0.041	-0.020
45873	2	0.0000	0	-1.104	-37.667	35.711	14.73	14.56	8.62	0.016	-0.002	-0.020
45880	2	0.0000	0	-1.062	-37.637	35.719	14.80	14.79	9.28	0.026	0.012	-0.032
45887	2	0.0000	0	-1.026	-37.610	35.725	14.78	14.92	10.01	0.030	0.049	-0.040
45894	2	0.0000	0	-0.989	-37.583	35.730	14.82	15.07	10.68	0.032	0.064	-0.019
45901	2	0.0000	0	-0.956	-37.556	35.734	14.74	15.56	10.47	0.038	0.051	-0.003
45908	2	0.0000	0	-0.916	-37.524	35.739	15.18	15.81	10.63	0.021	0.060	0.022
45915	2	0.0000	0	-0.887	-37.501	35.741	15.55	16.01	10.58	0.005	0.047	0.029
45922	2	0.0000	0	-0.862	-37.480	35.743	15.81	16.13	10.52	-0.027	0.043	0.033
45929	2	0.0000	0	-0.847	-37.464	35.741	16.17	16.24	10.38	-0.025	0.028	0.043
45936	2	0.0000	0	-0.837	-37.453	35.739	16.35	16.01	10.84	-0.041	-0.014	0.041
45944	2	0.0000	0	-0.834	-37.445	35.733	16.29	15.92	11.10	-0.038	-0.017	0.020
45950	2	0.0000	0	-0.835	-37.440	35.727	16.04	15.99	11.60	-0.025	-0.038	0.008
45957	2	0.0000	0	-0.836	-37.433	35.719	15.86	16.20	11.46	-0.001	-0.043	0.013
45965	2	0.0000	0	-0.833	-37.421	35.711	15.99	16.21	11.74	0.016	-0.032	0.007
45972	2	0.0000	0	-0.825	-37.406	35.703	16.04	16.25	11.34	0.017	-0.047	-0.001
45979	2	0.0000	0	-0.808	-37.387	35.699	15.97	16.23	10.79	0.014	-0.025	-0.002
45986	2	0.0000	0	-0.779	-37.361	35.700	16.64	16.21	10.35	0.008	-0.003	0.006
45993	2	0.0000	0	-0.750	-37.336	35.701	16.82	16.21	9.65	0.010	0.007	-0.000
46000	2	0.0000	0	-0.715	-37.310	35.707	16.91	16.17	9.27	0.005	0.040	0.011
46006	2	0.0000	0	-0.678	-37.284	35.714	16.98	16.17	9.10	0.009	0.041	0.001
46013	2	0.0000	0	-0.642	-37.260	35.722	17.03	16.15	9.08	-0.001	0.031	-0.006
46020	2	0.0000	0	-0.608	-37.238	35.731	16.79	15.84	9.20	0.011	0.016	-0.019
46027	2	0.0000	0	-0.573	-37.215	35.739	16.37	16.14	9.42	-0.004	0.003	-0.034
46034	2	0.0000	0	-0.540	-37.192	35.746	16.21	16.23	9.60	-0.005	-0.010	-0.060
46041	2	0.0000	0	-0.504	-37.167	35.753	16.42	16.53	10.15	0.010	-0.026	-0.059
46048	2	0.0000	0	-0.474	-37.141	35.753	16.87	17.25	10.78	-0.015	-0.020	-0.070
46055	2	0.0000	0	-0.451	-37.112	35.746	17.72	17.66	11.63	-0.021	-0.018	-0.061
46062	2	0.0000	0	-0.434	-37.083	35.733	18.64	18.67	12.45	-0.027	-0.039	-0.057
46069	2	0.0000	0	-0.428	-37.054	35.709	20.11	20.11	13.97	-0.035	-0.056	-0.060
46076	2	0.0000	0	-0.423	-37.025	35.686	21.82	21.62	15.73	-0.045	-0.057	-0.057
46083	2	0.0000	0	-0.405	-36.996	35.673	24.26	23.01	17.29	-0.069	-0.061	-0.039
46090	2	0.0000	0	-0.369	-36.967	35.677	27.04	23.11	18.85	-0.104	-0.025	-0.014
46097	2	0.0000	0	-0.317	-36.941	35.698	28.84	22.79	19.49	-0.116	0.015	0.017
46104	2	0.0000	0	-0.259	-36.920	35.728	31.12	21.66	21.29	-0.112	0.047	0.034
46111	2	0.0000	0	-0.195	-36.901	35.766	32.75	20.53	23.44	-0.097	0.097	0.044
46118	2	0.0000	0	-0.138	-36.885	35.800	33.86	20.06	25.23	-0.046	0.099	0.053
46125	2	0.0000	0	-0.090	-36.870	35.828	33.51	20.49	26.52	0.023	0.078	0.075
46132	2	0.0000	0	-0.046	-36.849	35.847	32.84	21.92	27.77	0.077	0.041	0.080
46139	2	0.0000	0	0.006	-36.819	35.863	32.97	23.66	28.55	0.135	-0.018	0.087
46146	2	0.0000	0	0.070	-36.781	35.882	33.09	25.57	28.21	0.167	-0.059	0.106
46153	2	0.0000	0	0.150	-36.735	35.908	34.09	27.08	27.81	0.157	-0.075	0.090
46160	2	0.0000	0	0.244	-36.686	35.942	35.00	27.28	27.75	0.136	-0.085	0.081
46168	2	0.0000	0	0.348	-36.638	35.987	36.61	27.45	28.09	0.079	-0.051	0.058
46175	2	0.0000	0	0.435	-36.606	36.033	37.42	27.26	28.85	0.045	-0.017	0.024
46182	2	0.0000	0	0.513	-36.584	36.080	37.63	26.80	30.04	0.005	0.019	-0.019
46188	2	0.0000	0	0.575	-36.573	36.124	37.80	26.70	31.67	-0.020	0.063	-0.064
46196	2	0.0000	0	0.627	-36.569	36.165	37.37	26.59	32.42	-0.029	0.073	-0.093
46203	2	0.0000	0	0.672	-36.565	36.202	36.79	27.18	33.37	-0.055	0.069	-0.088
46210	2	0.0000	0	0.708	-36.563	36.232	36.09	28.00	33.24	-0.050	0.036	-0.073
46218	2	0.0000	0	0.758	-36.552	36.265	36.03	28.54	33.18	-0.049	0.037	-0.048
46224	2	0.0000	0	0.808	-36.537	36.294	35.50	29.03	32.38	-0.052	0.018	-0.005
46231	2	0.0000	0	0.865	-36.517	36.325	35.31	29.15	31.72	-0.041	-0.004	0.005
46238	2	0.0000	0	0.922	-36.497	36.355	35.12	29.25	31.38	-0.020	-0.022	0.044
46246	2	0.0000	0	0.986	-36.473	36.389	34.77	28.98	30.94	0.007	-0.037	0.078
46253	2	0.0000	0	1.046	-36.452	36.421	33.72	28.82	30.35	0.040	-0.045	0.088
46260	2	0.0000	0	1.103	-36.432	36.452	32.71	28.74	29.75	0.072	-0.031	0.097
46267	2	0.0000	0	1.161	-36.413	36.484	31.81	28.34	28.93	0.086	-0.017	0.087
46274	2	0.0000	0	1.219	-36.395	36.517	31.75	27.68	28.71	0.074	0.003	0.073
46281	2	0.0000	0	1.275	-36.376	36.548	30.93	26.84	27.61	0.067	0.017	0.057
46288	2	0.0000	0	1.327	-36.359	36.577	30.66	25.93	26.79	0.056	0.047	0.046
46295	2	0.0000	0	1.373	-36.344	36.603	30.22	25.26	26.11	0.039	0.049	0.023
46302	2	0.0000	0	1.408	-36.334	36.624	29.67	24.87	25.56	0.019	0.058	-0.007
46309	2	0.0000	0	1.437	-36.324	36.640	28.58	24.74	24.56	0.008	0.044	-0.018
46316	2	0.0000	0	1.464	-36.315	36.655	27.50	24.60	23.14	-0.019	0.020	-0.053
46323	2	0.0000	0	1.488	-36.306	36.667	26.46	24.07	22.18	-0.024	0.010	-0.037
46329	2	0.0000	0	1.509	-36.297	36.677	25.80	23.52	21.27	-0.041	0.002	-0.050
46337	2	0.0000	0	1.529	-36.290	36.688	24.86	22.66	20.85	-0.050	-0.019	-0.035
46344	2	0.0000	0	1.553	-36.279	36.698	24.16	21.48	20.19	-0.068	-0.019	-0.037
46351	2	0.0000	0	1.577	-36.267	36.707	23.53	20.43	19.23	-0.081	-0.022	-0.019
46358	2	0.0000	0	1.605	-36.249	36.715	22.91	19.63	17.90	-0.073	-0.024	-0.004
46365	2	0.0000	0	1.634	-36.229	36.721	22.51	19.32	16.81	-0.049	-0.019	0.005
46371	2	0.0000	0	1.660	-36.211	36.727	21.73	18.78	15.50	-0.033	-0.013	0.025
46379	2	0.0000	0	1.686	-36.193	36.732	20.80	18.05	14.51	0.006	-0.001	0.023
46386	2	0.0000	0	1.715	-36.175	36.740	20.12	17.18	13.73	0.025	0.004	0.020
46393	2	0.0000	0	1.751	-36.155	36.752	19.25	16.33	13.13	0.039	0.018	0.017
46400	2	0.0000	0	1.785	-36.137	36.765	18.53	15.54	12.94	0.046	0.048	0.008
46407	2	0.0000	0	1.823	-36.119	36.780	18.14	14.53	12.55	0.051	0.031	-0.007
46414	2	0.0000	0	1.861	-36.099	36.794	17.53	13.69	11.88	0.043	0.025	-0.013
46421	2	0.0000	0	1.902	-36.077	36.809	17.05	12.72	11.43	0.045	0.010	-0.021
46428	2	0.0000	0	1.942	-36.056	36.823	16.64	12.24	10.94	0.018	-0.006	-0.021
46435	2	0.0000	0	1.982	-36.032	36.835	16.50	12.10	10.80	0.000	-0.025	-0.031
46442	2	0.0000	0	2.017	-36.012	36.847	15.91	11.53	10.49	-0.017	-0.040	-0.032
46449	2	0.0000	0	2.053	-35.989	36.856	15.39	11.24	10.03	-0.046	-0.041	-0.042
46456	2	0.0000	0	2.085	-35.970	36.866	14.78	10.56	9.94	-0.023	-0.043	-0.039
46463	2	0.0000	0	2.119	-35.949	36.876	14.23	10.31	9.69	-0.033	-0.026	-0.012
46470	2	0.0000	0	2.148	-35.934	36.886	13.70	9.94	9.31	-0.029	-0.014	-0.002
46477	2	0.0000	0	2.178	-35.919	36.897	12.95	9.54	9.09	-0.014	-0.006	0.005
46484	2	0.0000	0	2.206	-35.906	36.909	12.04	9.15	8.70	-0.011	0.011	0.025
46491	2	0.0000	0	2.230	-35.896	36.921	11.04	8.58	8.47	0.011	0.035	0.029
46498	2	0.0000	0	2.255	-35.887	36.934	10.55	8.07	8.31	0.025	0.037	0.041
46505	2	0.0000	0	2.280	-35.878	36.948	9.93	7.48	8.25	0.025	0.026	0.034
46512	2	0.0000	0	2.305	-35.870	36.963	9.57	6.35	8.06	0.032	0.035	0.009
46519	2	0.0000	0	2.329	-35.862	36.975	9.24	5.83	8.06	0.007	0.031	0.009
46527	2	0.0000	0	2.353	-35.854	36.989	8.85	5.18	7.93	-0.001	0.029	-0.002
46534	2	0.0000	0	2.372	-35.847	36.999	8.87	4.91	8.08	-0.009	-0.006	-0.005
46540	2	0.0000	0	2.390	-35.840	37.007	8.31	4.96	7.53	-0.009	-0.021	-0.002
46547	2	0.0000	0	2.400	-35.835	37.012	7.99	4.99	7.29	-0.004	-0.046	-0.009
46555	2	0.0000	0	2.412	-35.830	37.017	7.46	4.96	7.01	-0.015	-0.063	-0.016
46562	2	0.0000	0	2.422	-35.826	37.023	7.10	4.78	6.48	-0.016	-0.063	-0.019
46568	2	0.0000	0	2.431	-35.824	37.028	6.52	4.74	6.26	-0.019	-0.047	-0.001
46575	2	0.0000	0	2.436	-35.825	37.034	6.37	4.44	6.40	-0.013	-0.041	-0.019
46583	2	0.0000	0	2.443	-35.829	37.043	6.10	3.71	6.44	-0.013	-0.018	-0.016
46590	2	0.0000	0	2.450	-35.834	37.054	6.02	2.89	6.49	-0.017	0.029	-0.016
46597	2	0.0000	0	2.456	-35.839	37.065	5.69	2.62	6.57	-0.001	0.062	-0.019
46604	2	0.0000	0	2.460	-35.844	37.073	5.71	2.30	6.77	0.011	0.058	-0.012
46611	2	0.0000	0	2.466	-35.847	37.081	5.56	2.16	6.62	0.011	0.053	-0.002
46618	2	0.0000	0	2.476	-35.848	37.091	5.48	1.82	6.20	0.022	0.063	0.006
46625	2	0.0000	0	2.483	-35.850	37.099	4.86	1.72	5.66	0.030	0.037	0.034
46632	2	0.0000	0	2.490	-35.853	37.108	4.38	1.62	5.39	0.019	0.037	0.047
46639	2	0.0000	0	2.497	-35.856	37.117	3.89	1.41	4.92	0.035	0.023	0.052
46646	2	0.0000	0	2.500	-35.862	37.126	3.49	1.21	4.47	0.033	-0.004	0.057
46653	2	0.0000	0	2.500	-35.870	37.134	3.03	0.50	4.27	0.015	-0.018	0.045
46660	2	0.0000	0	2.505	-35.876	37.144	2.97	-0.05	4.24	0.007	-0.041	0.036
46667	2	0.0000	0	2.507	-35.883	37.152	2.69	-0.29	3.92	-0.015	-0.058	0.007
46674	2	0.0000	0	2.510	-35.888	37.160	2.36	-0.72	3.40	-0.015	-0.048	0.012
46681	2	0.0000	0	2.510	-35.895	37.166	2.02	-1.00	3.29	-0.031	-0.054	-0.019
46688	2	0.0000	0	2.511	-35.899	37.172	1.76	-1.23	2.72	-0.023	-0.031	-0.038
46695	2	0.0000	0	2.511	-35.905	37.178	1.63	-1.30	2.82	-0.026	-0.018	-0.048
46702	2	0.0000	0	2.514	-35.908	37.183	1.17	-1.30	2.21	-0.036	-0.015	-0.052
46709	2	0.0000	0	2.521	-35.909	37.190	1.27	-1.29	1.79	-0.030	0.008	-0.055
46715	2	0.0000	0	2.526	-35.912	37.198	0.84	-1.46	1.54	-0.050	0.018	-0.034
46723	2	0.0000	0	2.531	-35.916	37.206	0.68	-1.74	1.35	-0.016	0.034	-0.031
46730	2	0.0000	0	2.538	-35.919	37.215	0.71	-2.16	1.10	-0.019	0.026	-0.009
46737	2	0.0000	0	2.544	-35.923	37.224	0.31	-2.53	0.82	-0.010	0.030	-0.010
46744	2	0.0000	0	2.549	-35.929	37.234	0.22	-2.87	0.82	0.001	0.030	-0.002
46751	2	0.0000	0	2.550	-35.936	37.242	-0.01	-3.24	0.89	0.010	0.030	0.003
46758	2	0.0000	0	2.553	-35.942	37.250	-0.19	-3.87	0.86	0.036	0.018	0.029
46765	2	0.0000	0	2.557	-35.946	37.257	-0.09	-3.92	0.81	0.043	0.005	0.022
46772	2	0.0000	0	2.560	-35.948	37.263	-0.27	-4.21	0.43	0.033	-0.022	0.015
46779	2	0.0000	0	2.561	-35.951	37.267	-0.53	-4.39	0.25	0.026	-0.028	0.012
46786	2	0.0000	0	2.562	-35.953	37.269	-0.63	-4.04	-0.01	0.016	-0.044	0.003
46793	2	0.0000	0	2.563	-35.955	37.272	-1.00	-4.16	-0.47	0.008	-0.039	-0.001
46800	2	0.0000	0	2.565	-35.957	37.275	-1.00	-4.24	-0.39	0.011	-0.048	-0.011
46807	2	0.0000	0	2.564	-35.961	37.279	-1.25	-4.45	-0.68	-0.006	-0.050	0.004
46814	2	0.0000	0	2.567	-35.964	37.284	-1.35	-4.61	-0.41	0.002	-0.034	-0.008
46821	2	0.0000	0	2.568	-35.971	37.292	-1.46	-4.72	-0.08	-0.017	-0.013	-0.019
46828	2	0.0000	0	2.571	-35.977	37.300	-1.56	-5.23	0.09	0.006	0.004	-0.015
46835	2	0.0000	0	2.575	-35.983	37.309	-1.22	-5.77	0.41	-0.001	0.026	-0.014
46842	2	0.0000	0	2.583	-35.986	37.320	-1.01	-6.19	0.51	-0.017	0.026	-0.013
46849	2	0.0000	0	2.592	-35.990	37.331	-1.02	-6.76	0.46	-0.023	0.047	0.003
46856	2	0.0000	0	2.601	-35.993	37.343	-1.20	-6.81	0.15	-0.014	0.034	-0.001
46863	2	0.0000	0	2.609	-35.996	37.353	-1.44	-6.75	-0.40	0.001	0.039	0.012
46870	2	0.0000	0	2.611	-36.002	37.360	-1.80	-7.40	-0.45	0.004	0.022	0.015
46877	2	0.0000	0	2.614	-36.010	37.371	-2.24	-7.53	-0.31	0.018	0.015	-0.014
46883	2	0.0000	0	2.620	-36.017	37.383	-2.71	-7.47	-0.42	0.026	0.011	-0.007
46890	2	0.0000	0	2.625	-36.026	37.395	-3.62	-7.66	-0.70	0.028	-0.013	-0.005
46897	2	0.0000	0	2.630	-36.035	37.409	-4.11	-8.11	-1.24	0.050	-0.013	0.000
46904	2	0.0000	0	2.637	-36.043	37.423	-4.58	-8.44	-1.39	0.037	-0.016	-0.006
46911	2	0.0000	0	2.644	-36.051	37.436	-5.11	-8.51	-1.64	0.034	-0.027	-0.007
46918	2	0.0000	0	2.656	-36.057	37.453	-5.48	-9.00	-2.04	0.031	-0.015	-0.012
46926	2	0.0000	0	2.668	-36.064	37.471	-6.05	-9.85	-2.20	0.004	-0.010	-0.020
46932	2	0.0000	0	2.679	-36.072	37.488	-6.42	-10.41	-2.23	0.003	-0.010	-0.002
46939	2	0.0000	0	2.685	-36.081	37.503	-6.95	-11.26	-2.74	-0.016	0.023	-0.000
46947	2	0.0000	0	2.693	-36.089	37.516	-7.53	-11.72	-3.29	-0.027	0.015	0.013
46954	2	0.0000	0	2.693	-36.099	37.527	-7.63	-12.92	-3.80	-0.021	0.019	0.027
46961	2	0.0000	0	2.689	-36.110	37.534	-8.51	-13.47	-4.69	-0.023	0.020	0.021
46968	2	0.0000	0	2.679	-36.123	37.538	-9.18	-14.14	-5.36	-0.016	0.013	0.020
46975	2	0.0000	0	2.662	-36.139	37.538	-10.14	-14.46	-5.77	0.009	0.012	0.010
46982	2	0.0000	0	2.645	-36.156	37.540	-11.30	-15.19	-5.99	0.009	0.011	0.001
46989	2	0.0000	0	2.624	-36.177	37.542	-11.98	-15.93	-6.47	0.023	-0.000	0.007
46996	2	0.0000	0	2.606	-36.197	37.545	-12.91	-17.11	-6.70	0.025	-0.008	-0.002
47003	2	0.0000	0	2.592	-36.215	37.551	-13.80	-18.12	-7.02	0.029	0.007	-0.007
47010	2	0.0000	0	2.587	-36.230	37.561	-14.66	-19.23	-7.79	0.042	0.003	0.016
47017	2	0.0000	0	2.585	-36.243	37.571	-15.46	-19.77	-8.25	0.021	-0.011	0.009
47024	2	0.0000	0	2.589	-36.252	37.584	-16.50	-20.63	-9.62	0.016	-0.015	0.024
47031	2	0.0000	0	2.595	-36.262	37.599	-17.31	-21.01	-10.87	0.013	-0.021	0.022
47038	2	0.0000	0	2.603	-36.272	37.616	-18.74	-22.19	-11.96	0.015	-0.016	0.029
47045	2	0.0000	0	2.611	-36.288	37.638	-19.58	-23.17	-12.67	0.000	-0.011	0.011
47052	2	0.0000	0	2.615	-36.306	37.659	-20.27	-24.28	-13.09	-0.010	0.015	-0.010
47059	2	0.0000	0	2.616	-36.326	37.679	-21.23	-25.48	-13.68	-0.005	0.024	-0.034
47066	2	0.0000	0	2.609	-36.350	37.697	-22.01	-26.64	-14.06	-0.020	0.018	-0.029
47073	2	0.0000	0	2.596	-36.374	37.709	-23.16	-27.25	-14.41	-0.022	0.020	-0.024
47080	2	0.0000	0	2.572	-36.401	37.714	-24.32	-26.98	-14.91	-0.022	-0.003	-0.028
47087	2	0.0000	0	2.541	-36.427	37.713	-25.03	-27.09	-15.03	-0.020	-0.033	-0.041
47094	2	0.0000	0	2.505	-36.453	37.706	-25.77	-26.52	-14.98	-0.017	-0.060	-0.050
47101	2	0.0000	0	2.465	-36.479	37.696	-26.32	-25.14	-15.07	-0.023	-0.087	-0.040
47108	2	0.0000	0	2.428	-36.505	37.688	-26.42	-23.87	-15.18	-0.031	-0.092	-0.034
47116	2	0.0000	0	2.395	-36.532	37.686	-25.94	-23.30	-14.95	-0.035	-0.065	-0.029
47123	2	0.0000	0	2.365	-36.561	37.688	-25.09	-23.54	-14.51	-0.054	-0.006	-0.038
47130	2	0.0000	0	2.342	-36.592	37.698	-24.16	-24.15	-13.98	-0.070	0.031	-0.033
47137	2	0.0000	0	2.320	-36.625	37.710	-22.76	-25.16	-13.00	-0.088	0.061	-0.025
47144	2	0.0000	0	2.297	-36.659	37.724	-21.81	-25.50	-12.56	-0.074	0.087	0.005
47151	2	0.0000	0	2.266	-36.695	37.731	-21.32	-25.03	-12.35	-0.048	0.050	0.039
47158	2	0.0000	0	2.222	-36.732	37.729	-21.48	-23.35	-12.39	-0.020	0.025	0.054
47165	2	0.0000	0	2.171	-36.771	37.722	-22.09	-20.75	-12.47	0.022	-0.019	0.052
47172	2	0.0000	0	2.123	-36.807	37.714	-22.96	-18.54	-12.23	0.064	-0.065	0.062
47179	2	0.0000	0	2.081	-36.840	37.709	-22.90	-16.71	-11.69	0.071	-0.082	0.053
47186	2	0.0000	0	2.055	-36.865	37.711	-22.79	-15.99	-11.15	0.085	-0.066	0.021
47193	2	0.0000	0	2.046	-36.885	37.722	-21.16	-15.53	-10.16	0.063	-0.050	-0.007
47200	2	0.0000	0	2.049	-36.899	37.739	-19.60	-15.60	-9.54	0.028	0.005	-0.029
47207	2	0.0000	0	2.049	-36.914	37.753	-17.49	-15.49	-9.33	-0.018	0.032	-0.044
47214	2	0.0000	0	2.042	-36.929	37.762	-15.93	-14.88	-9.07	-0.026	0.026	-0.042
47221	2	0.0000	0	2.021	-36.947	37.761	-14.71	-14.07	-8.77	-0.056	0.049	-0.039
47228	2	0.0000	0	1.973	-36.975	37.746	-13.99	-12.75	-8.49	-0.065	0.020	-0.039
47235	2	0.0000	0	1.902	-37.011	37.718	-13.29	-10.65	-8.12	-0.062	0.009	-0.028
47242	2	0.0000	0	1.820	-37.052	37.686	-12.81	-8.75	-7.85	-0.050	-0.000	-0.003
47249	2	0.0000	0	1.733	-37.096	37.652	-12.23	-7.28	-7.68	-0.033	-0.017	0.019
47256	2	0.0000	0	1.652	-37.137	37.622	-11.65	-6.49	-7.15	-0.006	-0.018	0.024
47263	2	0.0000	0	1.587	-37.175	37.601	-10.26	-6.05	-6.44	-0.007	-0.016	0.009
47270	2	0.0000	0	1.538	-37.204	37.587	-8.50	-6.08	-5.42	0.006	0.002	-0.007
47277	2	0.0000	0	1.511	-37.224	37.582	-6.74	-6.21	-4.00	-0.012	0.024	-0.008
47284	2	0.0000	0	1.502	-37.233	37.583	-5.63	-6.09	-3.10	0.010	0.045	-0.001
47291	2	0.0000	0	1.509	-37.229	37.586	-4.16	-5.42	-2.18	0.004	0.032	0.001
47298	2	0.0000	0	1.525	-37.218	37.588	-2.88	-4.39	-1.84	0.021	0.018	0.006
47305	2	0.0000	0	1.540	-37.203	37.587	-2.01	-2.72	-1.64	0.013	-0.022	0.025
47312	2	0.0000	0	1.557	-37.183	37.583	-1.21	-1.39	-1.97	0.027	-0.034	0.047
47319	2	0.0000	0	1.575	-37.166	37.582	-0.50	0.53	-1.43	0.041	-0.071	0.040
47326	2	0.0000	0	1.588	-37.154	37.582	0.11	1.83	-0.91	0.045	-0.067	0.020
47333	2	0.0000	0	1.598	-37.148	37.584	0.52	2.92	0.01	0.049	-0.057	0.006
47340	2	0.0000	0	1.606	-37.147	37.590	0.55	3.28	0.90	0.051	-0.003	-0.009
47347	2	0.0000	0	1.610	-37.152	37.599	1.41	3.25	2.50	0.044	0.010	-0.032
47354	2	0.0000	0	1.614	-37.160	37.610	1.88	2.86	4.11	0.033	0.062	-0.066
47361	2	0.0000	0	1.616	-37.167	37.619	2.36	2.66	5.73	0.008	0.091	-0.069
47368	2	0.0000	0	1.617	-37.173	37.625	3.03	2.49	6.93	0.005	0.094	-0.071
47375	2	0.0000	0	1.614	-37.176	37.626	3.25	3.05	7.41	-0.001	0.094	-0.057
47382	2	0.0000	0	1.604	-37.178	37.619	3.70	3.62	7.88	-0.012	0.056	-0.028
47389	2	0.0000	0	1.596	-37.175	37.609	4.13	4.68	7.98	-0.021	0.032	-0.003
47396	2	0.0000	0	1.583	-37.173	37.596	4.26	5.71	7.97	-0.018	-0.003	0.047
47403	2	0.0000	0	1.567	-37.172	37.581	4.70	6.08	8.33	-0.039	-0.039	0.062
47410	2	0.0000	0	1.548	-37.177	37.569	4.85	6.46	8.54	-0.042	-0.040	0.067
47417	2	0.0000	0	1.528	-37.188	37.562	5.32	6.39	9.41	-0.032	-0.040	0.058
47423	2	0.0000	0	1.507	-37.201	37.556	5.92	5.71	10.55	-0.026	-0.040	0.039
47430	2	0.0000	0	1.485	-37.220	37.555	6.24	5.08	11.38	-0.015	-0.020	0.031
47437	2	0.0000	0	1.467	-37.238	37.557	6.98	4.19	11.96	-0.026	-0.001	0.014
47444	2	0.0000	0	1.450	-37.254	37.557	7.38	3.76	12.73	-0.011	0.016	0.005
47452	2	0.0000	0	1.429	-37.271	37.555	8.00	3.63	12.77	0.012	0.017	-0.004
47459	2	0.0000	0	1.410	-37.286	37.553	7.98	3.90	12.61	0.029	0.004	0.005
47466	2	0.0000	0	1.393	-37.299	37.551	8.09	4.51	12.53	0.034	0.005	-0.005
47473	2	0.0000	0	1.383	-37.308	37.551	8.01	4.81	12.22	0.047	-0.003	0.007
47480	2	0.0000	0	1.383	-37.315	37.558	8.45	5.02	11.99	0.036	-0.003	-0.002
47486	2	0.0000	0	1.387	-37.325	37.571	8.66	4.64	12.05	0.028	-0.002	-0.005
47493	2	0.0000	0	1.397	-37.333	37.588	9.12	4.29	12.56	0.029	0.027	-0.018
47500	2	0.0000	0	1.414	-37.344	37.613	9.67	3.46	12.85	0.021	0.019	-0.010
47507	2	0.0000	0	1.428	-37.358	37.639	9.89	2.60	13.39	0.004	0.043	-0.006
47514	2	0.0000	0	1.440	-37.372	37.664	10.06	2.48	13.86	-0.001	0.018	-0.015
47522	2	0.0000	0	1.453	-37.387	37.689	9.71	2.52	14.17	-0.007	0.020	-0.010
47529	2	0.0000	0	1.459	-37.401	37.708	9.26	2.59	14.24	-0.008	0.003	0.006
47536	2	0.0000	0	1.463	-37.413	37.724	8.75	3.33	14.12	-0.006	-0.023	0.013
47543	2	0.0000	0	1.468	-37.424	37.739	8.34	3.98	13.99	-0.001	-0.043	0.006
47550	2	0.0000	0	1.475	-37.434	37.755	8.10	4.34	13.75	0.001	-0.053	0.015
47557	2	0.0000	0	1.483	-37.444	37.771	8.22	4.58	13.29	-0.002	-0.040	0.022
47564	2	0.0000	0	1.488	-37.455	37.786	8.20	4.65	13.02	-0.015	-0.033	0.019
47571	2	0.0000	0	1.500	-37.463	37.805	8.46	4.68	12.62	-0.021	-0.009	0.028
47578	2	0.0000	0	1.502	-37.477	37.821	8.37	4.32	12.35	-0.016	0.009	0.029
47585	2	0.0000	0	1.500	-37.495	37.835	7.95	4.46	12.41	-0.012	0.027	0.014
47592	2	0.0000	0	1.491	-37.515	37.848	7.68	4.36	12.57	0.009	0.026	0.008
47599	2	0.0000	0	1.481	-37.536	37.859	7.19	4.43	12.56	0.016	0.034	-0.003
47605	2	0.0000	0	1.467	-37.556	37.866	7.19	4.78	12.22	0.018	0.038	-0.008
47612	2	0.0000	0	1.456	-37.573	37.873	6.59	5.35	11.50	0.036	0.004	-0.016
47619	2	0.0000	0	1.445	-37.590	37.880	6.50	5.53	10.99	0.021	0.014	0.002
47626	2	0.0000	0	1.439	-37.603	37.888	6.49	5.91	9.99	0.009	-0.016	-0.001
47633	2	0.0000	0	1.437	-37.613	37.895	6.77	6.16	9.56	0.001	-0.032	0.001
47640	2	0.0000	0	1.434	-37.622	37.902	6.58	6.28	8.90	-0.014	-0.029	0.005
47647	2	0.0000	0	1.429	-37.632	37.908	6.57	6.27	8.29	-0.039	-0.022	0.013
47654	2	0.0000	0	1.421	-37.643	37.910	6.70	6.47	8.06	-0.036	-0.015	0.012
47662	2	0.0000	0	1.412	-37.653	37.912	6.53	6.55	7.19	-0.042	-0.010	0.013
47668	2	0.0000	0	1.398	-37.663	37.910	6.51	6.77	6.04	-0.035	-0.025	0.017
47675	2	0.0000	0	1.381	-37.673	37.904	6.30	7.36	5.34	-0.037	-0.007	0.030
47682	2	0.0000	0	1.360	-37.683	37.896	6.20	7.60	4.89	-0.022	-0.014	0.013
47689	2	0.0000	0	1.339	-37.693	37.888	5.97	8.14	4.05	-0.005	0.001	0.020
47696	2	0.0000	0	1.324	-37.699	37.880	6.07	8.35	3.31	0.011	0.013	0.006
47703	2	0.0000	0	1.316	-37.701	37.875	5.89	8.41	2.59	0.025	0.016	-0.004
47710	2	0.0000	0	1.315	-37.700	37.872	6.11	8.50	2.18	0.033	0.024	0.001
47717	2	0.0000	0	1.317	-37.693	37.868	6.73	8.23	1.30	0.026	0.028	0.003
47724	2	0.0000	0	1.328	-37.682	37.867	7.56	8.34	0.46	0.018	0.025	0.001
47731	2	0.0000	0	1.339	-37.672	37.867	8.75	8.24	0.11	-0.002	0.020	0.002
47738	2	0.0000	0	1.349	-37.660	37.864	9.05	8.48	-0.43	-0.001	0.004	-0.033
47745	2	0.0000	0	1.360	-37.646	37.860	9.40	8.68	-0.66	-0.011	-0.024	-0.015
47752	2	0.0000	0	1.367	-37.632	37.852	9.70	9.40	-0.63	-0.007	-0.049	-0.032
47759	2	0.0000	0	1.375	-37.616	37.844	9.80	10.20	-0.78	-0.005	-0.053	-0.031
47766	2	0.0000	0	1.381	-37.600	37.834	9.85	11.09	-0.66	0.019	-0.053	-0.035
47773	2	0.0000	0	1.393	-37.580	37.824	9.97	11.81	-0.98	0.005	-0.047	-0.017
47780	2	0.0000	0	1.414	-37.554	37.818	10.40	12.62	-0.94	0.020	-0.047	-0.012
47787	2	0.0000	0	1.444	-37.523	37.814	11.06	13.49	-1.10	0.017	-0.034	0.001
47794	2	0.0000	0	1.481	-37.487	37.812	11.08	14.48	-1.16	0.017	-0.011	0.002
47801	2	0.0000	0	1.527	-37.446	37.812	11.24	15.54	-0.70	0.019	-0.004	-0.008
47808	2	0.0000	0	1.568	-37.407	37.810	11.24	16.12	-0.54	0.019	0.013	0.004
47815	2	0.0000	0	1.613	-37.365	37.809	11.53	17.19	0.01	0.004	0.030	0.014
47822	2	0.0000	0	1.655	-37.325	37.806	11.81	17.94	0.24	0.004	0.037	0.010
47829	2	0.0000	0	1.701	-37.280	37.804	12.26	18.63	0.59	0.004	0.048	0.021
47836	2	0.0000	0	1.739	-37.239	37.797	12.54	19.46	1.07	-0.013	0.060	0.007
47843	2	0.0000	0	1.772	-37.201	37.789	12.80	19.43	1.47	-0.026	0.047	-0.010
47850	2	0.0000	0	1.794	-37.167	37.775	13.25	20.25	1.68	-0.023	0.049	-0.006
47857	2	0.0000	0	1.809	-37.134	37.757	13.76	20.90	1.90	-0.017	0.019	-0.013
47864	2	0.0000	0	1.816	-37.107	37.737	14.20	21.03	2.81	-0.034	0.005	-0.017
47871	2	0.0000	0	1.814	-37.085	37.713	14.45	21.14	3.18	-0.012	0.000	-0.032
47878	2	0.0000	0	1.807	-37.065	37.687	15.22	21.03	4.11	-0.011	-0.008	-0.028
47885	2	0.0000	0	1.793	-37.046	37.657	15.37	21.27	4.77	0.007	-0.013	-0.043
47892	2	0.0000	0	1.780	-37.025	37.625	15.55	21.26	5.45	0.026	-0.018	-0.033
47899	2	0.0000	0	1.773	-36.997	37.592	16.10	21.35	5.87	0.042	-0.039	-0.011
47906	2	0.0000	0	1.772	-36.965	37.559	16.48	21.74	6.26	0.029	-0.012	-0.007
47913	2	0.0000	0	1.781	-36.926	37.529	16.96	22.27	6.52	0.026	-0.032	0.018
47920	2	0.0000	0	1.797	-36.883	37.502	17.44	22.54	6.61	0.015	-0.029	0.023
47927	2	0.0000	0	1.820	-36.837	37.477	18.05	22.63	6.86	0.014	-0.010	0.047
47934	2	0.0000	0	1.851	-36.790	37.458	18.85	22.22	7.22	-0.006	-0.003	0.054
47941	2	0.0000	0	1.887	-36.742	37.444	19.78	21.92	7.43	-0.039	0.029	0.040
47948	2	0.0000	0	1.923	-36.700	37.434	20.56	21.52	7.89	-0.054	0.059	0.034
47955	2	0.0000	0	1.955	-36.662	37.425	21.63	20.82	8.48	-0.058	0.066	0.006
47962	2	0.0000	0	1.986	-36.628	37.419	21.96	20.56	9.26	-0.049	0.064	0.004
47969	2	0.0000	0	2.014	-36.597	37.414	22.15	20.14	10.22	-0.042	0.062	-0.021
47976	2	0.0000	0	2.043	-36.569	37.413	23.02	19.94	11.56	-0.023	0.059	-0.037
47983	2	0.0000	0	2.072	-36.542	37.411	23.07	19.77	12.43	-0.007	0.019	-0.030
47990	2	0.0000	0	2.102	-36.514	37.411	23.18	20.02	13.01	0.004	-0.021	-0.031
47997	2	0.0000	0	2.141	-36.484	37.415	23.81	20.21	13.47	0.015	-0.033	-0.015
48004	2	0.0000	0	2.187	-36.452	37.424	24.33	20.61	14.12	0.035	-0.071	-0.013
48011	2	0.0000	0	2.236	-36.418	37.435	24.45	21.37	14.62	0.047	-0.092	0.006
48018	2	0.0000	0	2.292	-36.383	37.450	24.89	21.95	14.77	0.060	-0.084	0.024
48025	2	0.0000	0	2.352	-36.346	37.466	25.22	22.34	14.89	0.035	-0.080	0.033
48032	2	0.0000	0	2.413	-36.313	37.488	26.29	22.09	15.34	0.008	-0.053	0.025
48039	2	0.0000	0	2.472	-36.280	37.508	27.24	22.41	16.61	0.003	-0.033	0.029
48046	2	0.0000	0	2.523	-36.254	37.528	27.75	22.65	17.54	-0.022	-0.027	0.008
48053	2	0.0000	0	2.567	-36.228	37.542	27.87	23.48	18.29	-0.018	-0.022	0.001
48060	2	0.0000	0	2.605	-36.206	37.553	27.74	24.52	19.07	-0.011	-0.009	-0.017
48067	2	0.0000	0	2.636	-36.183	37.558	27.36	26.02	19.96	-0.016	0.008	-0.021
48073	2	0.0000	0	2.668	-36.159	37.563	27.41	27.95	20.51	-0.003	0.023	-0.014
48080	2	0.0000	0	2.707	-36.133	37.571	27.29	28.69	20.73	-0.004	0.028	-0.024
48087	2	0.0000	0	2.752	-36.103	37.582	27.77	29.96	21.31	-0.008	0.038	-0.022
48095	2	0.0000	0	2.800	-36.076	37.598	27.96	30.62	22.06	-0.007	0.062	-0.025
48102	2	0.0000	0	2.853	-36.048	37.618	28.77	30.84	23.14	-0.012	0.072	-0.033
48109	2	0.0000	0	2.906	-36.025	37.641	29.45	30.67	24.53	-0.010	0.073	-0.045
48115	2	0.0000	0	2.952	-36.003	37.662	29.67	30.99	25.37	0.025	0.067	-0.040
48122	2	0.0000	0	2.991	-35.983	37.676	29.55	31.67	26.40	0.036	0.046	-0.024
48129	2	0.0000	0	3.017	-35.968	37.683	29.51	32.67	26.80	0.059	0.009	-0.015
48136	2	0.0000	0	3.035	-35.953	37.685	29.57	33.89	26.90	0.060	-0.030	0.020
48143	2	0.0000	0	3.043	-35.943	37.682	29.63	34.85	27.25	0.060	-0.059	0.037
48150	2	0.0000	0	3.039	-35.936	37.673	29.34	35.92	27.54	0.050	-0.088	0.052
48157	2	0.0000	0	3.029	-35.933	37.660	28.99	36.92	27.94	0.051	-0.085	0.055
48164	2	0.0000	0	3.017	-35.931	37.648	29.11	37.50	28.51	0.034	-0.085	0.042
48171	2	0.0000	0	3.004	-35.931	37.636	29.17	37.70	29.31	0.006	-0.059	0.029
48178	2	0.0000	0	2.991	-35.931	37.625	29.38	37.72	30.03	-0.019	-0.028	0.020
48185	2	0.0000	0	2.984	-35.927	37.615	29.83	37.86	30.17	-0.032	-0.009	0.010
48192	2	0.0000	0	2.982	-35.919	37.605	30.47	37.83	30.74	-0.061	0.031	0.011
48199	2	0.0000	0	2.983	-35.909	37.596	30.76	38.01	31.00	-0.051	0.049	0.005
48206	2	0.0000	0	2.981	-35.900	37.587	30.72	38.03	31.02	-0.066	0.066	-0.001
48213	2	0.0000	0	2.979	-35.889	37.574	30.99	38.66	31.39	-0.063	0.084	-0.002
48220	2	0.0000	0	2.975	-35.881	37.562	30.97	38.68	31.49	-0.047	0.081	-0.013
48227	2	0.0000	0	2.967	-35.875	37.550	31.05	38.43	32.19	-0.030	0.063	-0.016
48234	2	0.0000	0	2.958	-35.872	37.539	31.01	38.31	32.67	-0.018	0.041	-0.025
48242	2	0.0000	0	2.947	-35.873	37.530	31.27	37.83	32.79	-0.017	0.019	-0.019
48249	2	0.0000	0	2.937	-35.875	37.524	32.11	37.52	32.99	0.008	-0.000	-0.038
48256	2	0.0000	0	2.924	-35.880	37.516	32.51	36.61	34.24	0.036	-0.022	-0.026
48263	2	0.0000	0	2.909	-35.887	37.510	32.06	36.23	35.07	0.048	-0.040	-0.038
48270	2	0.0000	0	2.892	-35.894	37.502	31.54	35.94	35.98	0.068	-0.061	-0.030
48277	2	0.0000	0	2.871	-35.903	37.493	31.32	35.95	35.99	0.081	-0.060	-0.011
48284	2	0.0000	0	2.859	-35.905	37.484	31.27	35.93	36.05	0.068	-0.056	0.005
48291	2	0.0000	0	2.855	-35.903	37.479	31.39	35.65	35.68	0.067	-0.048	0.018
48298	2	0.0000	0	2.857	-35.901	37.478	32.14	34.91	35.36	0.047	-0.026	0.044
48305	2	0.0000	0	2.863	-35.897	37.479	32.49	34.82	35.10	0.009	0.001	0.042
48312	2	0.0000	0	2.866	-35.899	37.484	32.69	34.08	35.22	-0.031	0.025	0.035
48319	2	0.0000	0	2.866	-35.906	37.491	32.68	33.75	35.66	-0.028	0.047	0.026
48326	2	0.0000	0	2.857	-35.920	37.496	31.74	33.62	36.31	-0.027	0.040	-0.001
48333	2	0.0000	0	2.845	-35.937	37.502	31.19	33.38	37.10	-0.034	0.057	-0.019
48340	2	0.0000	0	2.835	-35.954	37.511	30.60	33.20	37.45	-0.031	0.048	-0.021
48347	2	0.0000	0	2.830	-35.969	37.521	30.50	33.29	37.45	-0.028	0.043	-0.017
48354	2	0.0000	0	2.831	-35.983	37.534	30.06	33.32	37.13	-0.011	0.008	-0.006
48361	2	0.0000	0	2.833	-35.994	37.547	29.63	33.48	36.86	-0.006	-0.009	0.009
48369	2	0.0000	0	2.839	-36.005	37.563	29.58	33.69	36.39	-0.007	-0.026	0.012
48375	2	0.0000	0	2.842	-36.018	37.579	28.87	33.44	36.40	0.010	-0.045	0.006
48382	2	0.0000	0	2.843	-36.035	37.596	28.60	33.30	36.60	0.033	-0.055	0.020
48389	2	0.0000	0	2.837	-36.054	37.610	27.75	33.06	36.63	0.042	-0.054	0.013
48396	2	0.0000	0	2.824	-36.077	37.621	26.92	32.81	36.55	0.058	-0.034	0.016
48403	2	0.0000	0	2.807	-36.102	37.629	26.21	32.47	36.22	0.061	-0.025	0.022
48411	2	0.0000	0	2.785	-36.125	37.633	25.64	32.73	35.27	0.054	-0.014	0.020
48418	2	0.0000	0	2.756	-36.148	37.630	25.09	32.56	34.93	0.055	0.010	0.028
48425	2	0.0000	0	2.721	-36.173	37.623	24.31	32.50	34.18	0.046	0.041	0.026
48432	2	0.0000	0	2.679	-36.200	37.613	23.57	32.27	33.68	0.028	0.049	0.010
48439	2	0.0000	0	2.634	-36.229	37.601	22.36	32.31	33.47	0.012	0.057	0.013
48446	2	0.0000	0	2.588	-36.256	37.587	21.89	31.96	33.03	-0.012	0.060	-0.002
48453	2	0.0000	0	2.542	-36.284	37.574	21.29	31.69	32.41	-0.029	0.050	-0.003
48460	2	0.0000	0	2.497	-36.311	37.560	20.71	31.01	32.08	-0.046	0.039	0.014
48467	2	0.0000	0	2.452	-36.337	37.547	20.43	30.03	31.45	-0.069	0.028	0.009
48474	2	0.0000	0	2.408	-36.364	37.534	20.08	29.56	30.46	-0.066	0.026	-0.002
48481	2	0.0000	0	2.359	-36.393	37.519	19.74	28.76	30.44	-0.080	-0.006	0.005
48488	2	0.0000	0	2.311	-36.420	37.503	19.38	28.12	29.02	-0.059	-0.011	-0.016
48495	2	0.0000	0	2.254	-36.454	37.486	18.34	26.92	29.03	-0.030	-0.023	-0.013
48502	2	0.0000	0	2.200	-36.484	37.467	17.97	25.60	27.97	-0.002	-0.024	-0.018
48509	2	0.0000	0	2.145	-36.512	37.446	17.20	24.73	27.18	0.021	-0.032	-0.018
48516	2	0.0000	0	2.089	-36.538	37.423	16.65	24.11	26.56	0.050	-0.020	-0.009
48523	2	0.0000	0	2.035	-36.565	37.401	15.85	23.08	25.10	0.050	-0.007	-0.003
48530	2	0.0000	0	1.986	-36.589	37.381	15.09	22.44	23.76	0.073	-0.019	0.011
48537	2	0.0000	0	1.940	-36.613	37.365	14.33	21.58	22.21	0.068	-0.002	0.006
48544	2	0.0000	0	1.895	-36.638	37.350	13.80	20.68	21.31	0.078	0.001	0.025
48551	2	0.0000	0	1.859	-36.660	37.339	13.74	19.63	19.57	0.042	0.020	0.016
48558	2	0.0000	0	1.825	-36.687	37.335	12.64	18.01	19.43	0.016	0.031	0.007
48565	2	0.0000	0	1.790	-36.715	37.332	11.91	17.14	18.39	-0.005	0.062	0.012
48572	2	0.0000	0	1.763	-36.738	37.330	10.81	16.09	17.69	-0.029	0.059	0.016
48579	2	0.0000	0	1.734	-36.761	37.327	10.16	15.47	17.16	-0.045	0.039	-0.003
48586	2	0.0000	0	1.713	-36.777	37.325	9.26	14.75	15.92	-0.071	0.042	0.022
48593	2	0.0000	0	1.693	-36.792	37.321	8.52	13.94	14.51	-0.075	0.012	0.011
48600	2	0.0000	0	1.676	-36.803	37.317	7.86	13.18	12.45	-0.059	-0.023	0.022
48607	2	0.0000	0	1.657	-36.812	37.310	7.44	12.71	11.64	-0.048	-0.038	0.039
48614	2	0.0000	0	1.643	-36.819	37.303	7.16	11.79	10.20	-0.044	-0.048	0.029
48621	2	0.0000	0	1.618	-36.830	37.292	6.16	10.66	8.73	-0.028	-0.033	0.020
48628	2	0.0000	0	1.591	-36.843	37.282	5.25	9.40	7.73	0.025	-0.019	0.003
48635	2	0.0000	0	1.559	-36.858	37.268	4.44	8.70	7.12	0.026	-0.010	-0.015
48641	2	0.0000	0	1.528	-36.873	37.255	3.67	7.43	6.11	0.060	0.002	-0.017
48648	2	0.0000	0	1.491	-36.887	37.236	2.70	6.12	4.89	0.065	0.020	-0.025
48655	2	0.0000	0	1.462	-36.896	37.219	1.76	5.05	3.64	0.075	0.023	-0.030
48662	2	0.0000	0	1.438	-36.903	37.204	1.32	4.10	3.12	0.077	0.025	-0.030
48669	2	0.0000	0	1.420	-36.905	37.191	0.81	2.90	1.66	0.063	0.025	-0.029
48676	2	0.0000	0	1.414	-36.901	37.182	0.39	1.39	0.83	0.049	0.013	-0.021
48683	2	0.0000	0	1.410	-36.894	37.172	-0.31	0.93	0.20	-0.003	-0.004	-0.003
48690	2	0.0000	0	1.409	-36.882	37.159	-1.04	0.61	-0.65	-0.017	-0.011	-0.004
48697	2	0.0000	0	1.412	-36.865	37.145	-1.33	1.10	-1.28	-0.022	-0.027	0.013
48704	2	0.0000	0	1.416	-36.847	37.131	-1.88	2.07	-1.70	-0.055	-0.078	0.004
48711	2	0.0000	0	1.422	-36.835	37.124	-1.72	2.28	-1.75	-0.080	-0.084	-0.012
48718	2	0.0000	0	1.430	-36.836	37.133	-1.94	1.31	-1.08	-0.091	-0.037	-0.017
48725	2	0.0000	0	1.441	-36.847	37.153	-1.41	-0.36	-0.58	-0.092	0.008	-0.043
48732	2	0.0000	0	1.450	-36.866	37.179	-1.91	-2.55	1.04	-0.061	0.049	-0.071
48739	2	0.0000	0	1.456	-36.884	37.203	-3.15	-4.12	2.07	-0.032	0.079	-0.070
48746	2	0.0000	0	1.458	-36.897	37.217	-4.51	-4.68	2.29	0.006	0.073	-0.054
48753	2	0.0000	0	1.457	-36.904	37.223	-5.14	-4.40	1.79	0.058	0.037	-0.020
48760	2	0.0000	0	1.459	-36.898	37.218	-6.10	-3.12	-0.22	0.068	-0.018	0.034
48767	2	0.0000	0	1.460	-36.885	37.207	-6.23	-1.73	-2.63	0.080	-0.062	0.089
48774	2	0.0000	0	1.460	-36.872	37.194	-6.87	-1.05	-4.90	0.061	-0.077	0.116
48781	2	0.0000	0	1.456	-36.867	37.186	-6.99	-1.11	-5.99	0.047	-0.078	0.123
48788	2	0.0000	0	1.438	-36.874	37.177	-6.82	-1.72	-6.08	0.017	-0.039	0.097
48795	2	0.0000	0	1.409	-36.892	37.169	-7.50	-3.17	-5.53	0.002	-0.004	0.054
48802	2	0.0000	0	1.368	-36.921	37.161	-8.10	-4.92	-3.92	-0.020	0.037	-0.007
48809	2	0.0000	0	1.318	-36.954	37.149	-8.70	-6.49	-2.80	-0.036	0.071	-0.061
48817	2	0.0000	0	1.269	-36.982	37.133	-9.07	-7.56	-2.32	-0.059	0.085	-0.103
48824	2	0.0000	0	1.224	-37.001	37.112	-9.08	-7.38	-2.49	-0.058	0.079	-0.103
48831	2	0.0000	0	1.189	-37.009	37.089	-9.65	-7.05	-3.21	-0.071	0.040	-0.088
48838	2	0.0000	0	1.159	-37.008	37.062	-9.82	-5.93	-4.68	-0.060	-0.016	-0.051
48845	2	0.0000	0	1.141	-37.002	37.040	-9.65	-5.06	-6.25	-0.062	-0.053	-0.025
48852	2	0.0000	0	1.128	-36.997	37.024	-9.38	-4.73	-6.95	-0.063	-0.074	-0.001
48859	2	0.0000	0	1.121	-36.994	37.015	-9.39	-4.93	-7.07	-0.033	-0.059	0.014
48865	2	0.0000	0	1.116	-37.000	37.016	-9.32	-5.71	-6.46	-0.033	-0.041	0.019
48872	2	0.0000	0	1.111	-37.009	37.021	-8.85	-6.96	-5.46	-0.015	-0.016	-0.001
48879	2	0.0000	0	1.105	-37.023	37.028	-8.41	-8.05	-4.39	0.008	0.011	-0.001
48887	2	0.0000	0	1.094	-37.040	37.035	-8.15	-8.56	-3.51	0.026	0.009	-0.006
48894	2	0.0000	0	1.080	-37.057	37.040	-7.88	-8.56	-2.83	0.045	0.014	-0.005
48901	2	0.0000	0	1.064	-37.071	37.039	-7.85	-7.72	-2.85	0.048	-0.002	0.013
48908	2	0.0000	0	1.047	-37.082	37.036	-8.02	-6.55	-3.32	0.062	-0.035	0.035
48915	2	0.0000	0	1.029	-37.094	37.031	-8.10	-5.90	-3.36	0.055	-0.034	0.047
48922	2	0.0000	0	1.011	-37.107	37.028	-8.03	-5.27	-3.42	0.045	-0.025	0.047
48929	2	0.0000	0	0.994	-37.122	37.028	-8.21	-4.67	-3.33	0.039	-0.015	0.022
48935	2	0.0000	0	0.984	-37.136	37.032	-8.01	-4.61	-2.84	0.025	-0.001	0.018
48942	2	0.0000	0	0.971	-37.151	37.035	-7.56	-4.79	-2.06	-0.006	0.025	-0.005
48950	2	0.0000	0	0.958	-37.166	37.039	-6.90	-4.89	-1.56	-0.031	0.043	-0.042
48957	2	0.0000	0	0.946	-37.179	37.041	-6.44	-4.78	-1.18	-0.070	0.044	-0.060
48964	2	0.0000	0	0.930	-37.192	37.040	-5.68	-4.94	-0.40	-0.077	0.047	-0.063
48971	2	0.0000	0	0.911	-37.203	37.033	-5.49	-4.48	-0.63	-0.068	0.038	-0.056
48978	2	0.0000	0	0.887	-37.215	37.023	-4.88	-3.96	-0.38	-0.080	0.003	-0.046
48985	2	0.0000	0	0.858	-37.228	37.012	-4.81	-3.59	-0.61	-0.058	0.007	-0.027
48992	2	0.0000	0	0.824	-37.243	36.996	-4.65	-3.15	-0.26	-0.046	-0.033	-0.016
48999	2	0.0000	0	0.789	-37.259	36.981	-4.37	-2.57	-0.28	-0.026	-0.048	0.001
49006	2	0.0000	0	0.758	-37.275	36.969	-3.94	-2.57	0.14	0.006	-0.050	0.011
49013	2	0.0000	0	0.733	-37.290	36.961	-3.83	-2.31	0.40	0.032	-0.043	0.025
49020	2	0.0000	0	0.717	-37.302	36.959	-3.37	-2.57	0.84	0.043	-0.032	0.031
49027	2	0.0000	0	0.709	-37.312	36.962	-2.75	-2.70	1.31	0.062	-0.017	0.043
49034	2	0.0000	0	0.705	-37.321	36.967	-1.90	-3.08	1.88	0.067	-0.005	0.049
49041	2	0.0000	0	0.703	-37.330	36.974	-1.38	-3.46	2.27	0.055	0.013	0.047
49048	2	0.0000	0	0.706	-37.336	36.982	-0.96	-3.39	2.43	0.050	0.054	0.034
49055	2	0.0000	0	0.702	-37.344	36.987	-0.70	-3.12	2.53	0.052	0.035	0.026
49062	2	0.0000	0	0.696	-37.353	36.991	-0.07	-2.93	2.55	0.040	0.029	0.029
49069	2	0.0000	0	0.691	-37.360	36.993	0.07	-2.53	2.43	-0.004	0.022	0.034
49076	2	0.0000	0	0.684	-37.369	36.995	0.46	-2.40	2.65	-0.012	0.006	0.019
49083	2	0.0000	0	0.676	-37.380	36.999	0.51	-2.25	2.45	-0.021	0.013	0.008
49090	2	0.0000	0	0.667	-37.393	37.004	0.33	-2.14	2.73	-0.015	0.001	-0.012
49097	2	0.0000	0	0.661	-37.405	37.010	0.28	-1.96	3.34	-0.015	-0.000	-0.023
49104	2	0.0000	0	0.656	-37.418	37.018	0.18	-2.04	3.52	-0.014	-0.009	-0.034
49111	2	0.0000	0	0.660	-37.427	37.030	0.35	-2.15	3.67	-0.012	-0.004	-0.029
49118	2	0.0000	0	0.671	-37.431	37.045	0.61	-2.21	3.36	-0.009	0.007	-0.036
49125	2	0.0000	0	0.683	-37.435	37.058	1.11	-2.20	3.28	-0.006	0.005	-0.019
49132	2	0.0000	0	0.695	-37.437	37.071	1.51	-2.10	2.78	-0.012	0.005	-0.001
49139	2	0.0000	0	0.706	-37.440	37.084	1.73	-2.06	2.73	-0.013	0.006	0.000
49146	2	0.0000	0	0.713	-37.445	37.094	1.95	-1.73	2.71	0.002	-0.008	0.019
49153	2	0.0000	0	0.717	-37.449	37.102	1.88	-1.67	2.51	0.013	-0.015	0.000
49160	2	0.0000	0	0.714	-37.457	37.107	1.54	-1.56	3.06	0.020	-0.021	0.002
49167	2	0.0000	0	0.711	-37.465	37.113	1.92	-1.33	3.29	0.016	-0.013	0.016
49174	2	0.0000	0	0.709	-37.474	37.120	2.05	-1.34	3.28	0.007	-0.006	0.005
49181	2	0.0000	0	0.712	-37.481	37.129	2.09	-1.37	3.69	-0.000	0.004	0.007
49188	2	0.0000	0	0.718	-37.487	37.141	2.21	-1.45	3.86	-0.015	0.005	-0.007
49195	2	0.0000	0	0.727	-37.491	37.153	2.40	-1.54	3.87	-0.026	-0.006	-0.007
49202	2	0.0000	0	0.741	-37.494	37.167	2.52	-1.36	3.78	-0.028	0.005	0.001
49209	2	0.0000	0	0.756	-37.498	37.184	2.39	-1.30	3.75	-0.030	-0.001	0.006
49216	2	0.0000	0	0.775	-37.499	37.202	2.43	-0.73	3.56	-0.019	-0.010	0.010
49223	2	0.0000	0	0.792	-37.499	37.217	2.32	-0.62	3.23	-0.000	-0.004	-0.003
49230	2	0.0000	0	0.804	-37.503	37.232	2.33	-0.36	2.98	0.017	0.004	0.003
49237	2	0.0000	0	0.820	-37.505	37.247	2.41	-0.68	2.57	0.019	0.016	0.002
49244	2	0.0000	0	0.830	-37.508	37.259	2.39	-0.09	2.22	0.051	0.018	0.009
49251	2	0.0000	0	0.836	-37.513	37.270	2.38	-0.07	1.89	0.031	0.009	0.000
49257	2	0.0000	0	0.844	-37.518	37.280	2.14	-0.04	1.67	0.035	0.015	0.007
49264	2	0.0000	0	0.847	-37.523	37.288	1.79	0.05	1.94	0.024	0.021	-0.001
49271	2	0.0000	0	0.843	-37.530	37.292	1.60	0.22	1.85	0.009	0.014	-0.002
49278	2	0.0000	0	0.844	-37.532	37.295	1.71	0.17	1.37	-0.009	0.010	0.019
49285	2	0.0000	0	0.840	-37.537	37.296	1.71	-0.16	1.39	-0.030	-0.012	0.011
49292	2	0.0000	0	0.839	-37.538	37.296	1.77	0.23	0.83	-0.026	-0.020	0.014
49299	2	0.0000	0	0.841	-37.537	37.297	1.71	-0.07	0.87	-0.040	-0.031	0.000
49306	2	0.0000	0	0.842	-37.536	37.298	1.93	-0.01	0.49	-0.033	-0.021	0.005
49313	2	0.0000	0	0.845	-37.534	37.298	2.05	-0.27	0.41	-0.045	-0.036	-0.004
49320	2	0.0000	0	0.847	-37.532	37.297	2.01	-0.44	-0.11	-0.029	-0.010	-0.011
49327	2	0.0000	0	0.848	-37.533	37.299	1.92	-0.45	-0.12	-0.020	0.005	-0.017
49334	2	0.0000	0	0.851	-37.532	37.301	1.74	-0.59	-0.34	0.004	0.013	-0.020
49341	2	0.0000	0	0.856	-37.531	37.304	1.56	-0.92	-0.67	0.015	0.019	-0.017
49348	2	0.0000	0	0.863	-37.529	37.309	1.28	-1.13	-0.71	0.026	0.040	-0.012
49355	2	0.0000	0	0.876	-37.525	37.316	1.38	-1.64	-1.04	0.042	0.030	-0.008
49362	2	0.0000	0	0.893	-37.518	37.324	1.17	-2.00	-1.41	0.047	0.035	-0.004
49369	2	0.0000	0	0.916	-37.508	37.335	1.28	-2.18	-1.76	0.032	0.022	-0.005
49376	2	0.0000	0	0.937	-37.498	37.343	1.30	-2.46	-2.04	0.034	0.008	-0.002
49383	2	0.0000	0	0.958	-37.487	37.352	1.44	-2.73	-2.23	0.015	-0.017	-0.006
49390	2	0.0000	0	0.977	-37.478	37.359	1.22	-2.97	-2.29	0.022	-0.014	0.015
49397	2	0.0000	0	0.997	-37.468	37.367	1.21	-3.45	-2.43	0.010	-0.014	0.010
49404	2	0.0000	0	1.015	-37.461	37.375	0.97	-3.72	-2.35	-0.005	-0.015	0.012
49411	2	0.0000	0	1.028	-37.456	37.383	0.76	-4.20	-1.98	-0.011	-0.023	-0.010
49418	2	0.0000	0	1.046	-37.449	37.392	0.60	-4.46	-1.88	-0.012	-0.031	-0.008
49425	2	0.0000	0	1.064	-37.442	37.401	0.04	-4.41	-1.58	-0.009	-0.022	-0.015
49432	2	0.0000	0	1.087	-37.433	37.412	-0.22	-4.35	-1.70	-0.011	-0.023	-0.016
49439	2	0.0000	0	1.111	-37.424	37.424	-0.71	-4.23	-1.75	-0.015	-0.008	-0.020
49446	2	0.0000	0	1.137	-37.415	37.438	-0.84	-4.00	-1.95	-0.013	-0.022	-0.003
49453	2	0.0000	0	1.168	-37.404	37.455	-1.21	-3.75	-2.05	-0.011	-0.007	0.018
49460	2	0.0000	0	1.201	-37.392	37.473	-1.65	-3.69	-2.41	0.010	0.010	0.001
49467	2	0.0000	0	1.227	-37.383	37.487	-1.87	-3.77	-2.32	0.006	0.016	0.008
49474	2	0.0000	0	1.252	-37.376	37.502	-2.09	-4.07	-2.01	0.016	0.022	0.001
49481	2	0.0000	0	1.273	-37.371	37.516	-2.43	-4.35	-2.13	0.013	0.038	-0.001
49488	2	0.0000	0	1.288	-37.370	37.528	-2.38	-4.51	-2.02	0.016	0.040	0.005
49495	2	0.0000	0	1.295	-37.371	37.535	-2.65	-4.85	-1.93	0.016	0.042	0.001
49502	2	0.0000	0	1.296	-37.373	37.538	-2.65	-4.89	-1.89	0.013	0.039	-0.014
49509	2	0.0000	0	1.290	-37.377	37.536	-2.75	-5.26	-2.17	0.006	0.016	-0.008
49516	2	0.0000	0	1.278	-37.383	37.531	-3.07	-5.16	-2.16	0.008	-0.009	-0.008
49523	2	0.0000	0	1.267	-37.389	37.528	-3.28	-5.17	-2.26	0.003	-0.022	0.002
49530	2	0.0000	0	1.255	-37.395	37.523	-3.64	-5.06	-2.32	-0.005	-0.025	0.007
49537	2	0.0000	0	1.245	-37.400	37.519	-3.73	-4.92	-2.79	-0.017	-0.044	0.007
49545	2	0.0000	0	1.242	-37.405	37.521	-3.74	-4.82	-2.77	-0.015	-0.044	0.014
49551	2	0.0000	0	1.241	-37.410	37.525	-3.79	-4.84	-2.70	-0.024	-0.042	0.003
49558	2	0.0000	0	1.244	-37.415	37.532	-3.73	-5.10	-2.62	-0.023	-0.021	0.008
49565	2	0.0000	0	1.254	-37.418	37.544	-3.52	-5.43	-2.17	-0.016	0.001	0.002
49572	2	0.0000	0	1.262	-37.420	37.554	-3.60	-5.75	-2.31	-0.018	0.016	-0.007
49579	2	0.0000	0	1.271	-37.421	37.563	-3.54	-5.53	-2.27	-0.018	0.023	-0.008
49586	2	0.0000	0	1.282	-37.421	37.572	-3.22	-5.50	-2.41	-0.009	0.013	0.015
49593	2	0.0000	0	1.288	-37.421	37.577	-3.25	-5.21	-2.46	-0.002	0.013	0.005
49600	2	0.0000	0	1.293	-37.422	37.583	-3.05	-5.15	-2.40	0.006	-0.003	0.012
49607	2	0.0000	0	1.293	-37.424	37.585	-3.02	-4.75	-2.61	0.019	-0.008	0.012
49614	2	0.0000	0	1.289	-37.429	37.587	-2.79	-4.70	-2.48	0.026	-0.007	0.002
49621	2	0.0000	0	1.286	-37.435	37.589	-2.80	-4.90	-2.16	0.026	-0.013	0.009
49628	2	0.0000	0	1.284	-37.440	37.592	-2.87	-4.82	-2.07	0.024	-0.004	-0.011
49635	2	0.0000	0	1.283	-37.444	37.596	-2.53	-4.69	-1.68	0.032	-0.008	-0.008
49642	2	0.0000	0	1.280	-37.450	37.599	-2.44	-4.91	-1.13	-0.002	0.003	-0.023
49649	2	0.0000	0	1.280	-37.454	37.602	-2.08	-4.47	-1.29	0.011	-0.014	-0.023
49656	2	0.0000	0	1.285	-37.454	37.608	-1.98	-4.44	-1.43	0.017	-0.012	-0.000
49663	2	0.0000	0	1.291	-37.454	37.613	-1.89	-3.88	-1.65	-0.016	-0.008	-0.006
49670	2	0.0000	0	1.300	-37.454	37.620	-1.34	-3.41	-1.62	-0.005	-0.009	-0.006
49678	2	0.0000	0	1.307	-37.454	37.626	-1.22	-3.15	-1.79	-0.019	-0.008	-0.003
49685	2	0.0000	0	1.315	-37.454	37.633	-1.26	-3.06	-1.52	-0.027	-0.005	-0.005
49692	2	0.0000	0	1.319	-37.456	37.639	-0.71	-2.59	-1.48	-0.023	0.006	0.002
49699	2	0.0000	0	1.322	-37.460	37.645	-0.73	-2.71	-1.25	-0.031	0.002	-0.003
49706	2	0.0000	0	1.325	-37.463	37.651	-0.60	-2.50	-1.05	-0.024	0.003	0.003
49713	2	0.0000	0	1.328	-37.467	37.658	-0.42	-2.59	-0.61	-0.022	-0.005	0.010
49720	2	0.0000	0	1.333	-37.468	37.663	-0.11	-2.17	-0.71	-0.014	0.016	0.013
49727	2	0.0000	0	1.332	-37.471	37.664	-0.20	-1.50	-0.65	-0.002	0.008	0.009
49734	2	0.0000	0	1.337	-37.469	37.667	-0.34	-1.10	-1.02	-0.009	-0.005	0.022
49741	2	0.0000	0	1.345	-37.465	37.671	-0.05	-0.41	-0.84	0.016	-0.016	0.031
49748	2	0.0000	0	1.355	-37.461	37.675	-0.18	-0.22	-1.00	0.019	-0.026	0.031
49755	2	0.0000	0	1.366	-37.456	37.680	-0.22	0.13	-0.99	0.035	-0.022	0.011
49762	2	0.0000	0	1.380	-37.451	37.687	0.05	0.26	-0.87	0.031	-0.007	0.021
49769	2	0.0000	0	1.393	-37.447	37.695	0.59	-0.15	-0.58	0.032	0.004	-0.002
49776	2	0.0000	0	1.408	-37.440	37.702	0.75	0.02	-0.58	0.022	0.003	-0.019
49783	2	0.0000	0	1.420	-37.436	37.709	0.88	0.17	-0.34	0.020	0.016	-0.018
49790	2	0.0000	0	1.425	-37.432	37.709	0.85	0.60	-0.52	0.007	0.024	-0.020
49797	2	0.0000	0	1.422	-37.431	37.705	0.80	0.91	-0.47	0.003	0.016	-0.020
49804	2	0.0000	0	1.418	-37.429	37.699	0.49	1.42	-0.56	-0.011	0.017	-0.020
49811	2	0.0000	0	1.412	-37.426	37.692	0.69	1.43	-0.46	-0.025	0.008	-0.026
49818	2	0.0000	0	1.406	-37.425	37.685	0.81	1.61	-0.55	-0.043	0.012	-0.020
49825	2	0.0000	0	1.402	-37.424	37.681	1.13	1.34	-0.39	-0.036	0.006	-0.010
49832	2	0.0000	0	1.401	-37.422	37.678	1.32	1.17	-0.30	-0.042	0.019	-0.007
49839	2	0.0000	0	1.399	-37.421	37.674	1.23	1.03	-0.18	-0.029	0.015	0.009
49846	2	0.0000	0	1.398	-37.418	37.672	1.44	1.05	-0.08	-0.023	0.008	0.012
49853	2	0.0000	0	1.398	-37.417	37.670	1.72	0.79	0.00	-0.007	0.010	0.013
49860	2	0.0000	0	1.398	-37.414	37.668	1.51	1.08	-0.40	-0.004	-0.000	0.018
49867	2	0.0000	0	1.400	-37.411	37.666	1.57	1.23	0.02	0.018	-0.015	0.028
49874	2	0.0000	0	1.406	-37.405	37.666	1.31	1.22	-0.34	0.031	-0.022	0.035
49881	2	0.0000	0	1.415	-37.399	37.668	1.27	1.70	-0.46	0.042	-0.035	0.022
49888	2	0.0000	0	1.427	-37.392	37.671	1.12	1.82	-0.43	0.051	-0.021	0.019
49895	2	0.0000	0	1.437	-37.385	37.673	0.96	2.13	-0.47	0.055	-0.020	0.012
49902	2	0.0000	0	1.449	-37.378	37.677	1.03	2.11	-0.31	0.052	-0.021	-0.019
49909	2	0.0000	0	1.467	-37.370	37.685	1.22	2.07	-0.35	0.030	-0.013	-0.015
49916	2	0.0000	0	1.479	-37.364	37.690	1.18	2.25	-0.60	0.005	-0.003	-0.022
49923	2	0.0000	0	1.490	-37.356	37.692	1.25	2.31	-0.53	-0.008	0.011	-0.044
49930	2	0.0000	0	1.496	-37.352	37.693	1.09	2.41	-0.35	-0.020	0.025	-0.065
49937	2	0.0000	0	1.497	-37.349	37.691	0.94	2.50	-0.61	-0.019	0.021	-0.048
49944	2	0.0000	0	1.490	-37.348	37.685	0.93	2.45	-0.56	-0.043	0.037	-0.044
49951	2	0.0000	0	1.481	-37.347	37.675	0.61	2.55	-0.55	-0.037	0.010	-0.035
49958	2	0.0000	0	1.470	-37.345	37.664	0.58	2.85	-0.60	-0.031	0.014	0.003
49965	2	0.0000	0	1.464	-37.342	37.656	0.42	2.61	-0.84	-0.014	0.026	0.016
49972	2	0.0000	0	1.458	-37.338	37.647	0.29	2.63	-0.83	-0.003	0.036	0.022
49979	2	0.0000	0	1.453	-37.334	37.638	0.29	2.33	-0.96	0.002	0.018	0.029
49987	2	0.0000	0	1.450	-37.329	37.631	0.12	2.31	-0.98	0.018	0.008	0.038
49994	2	0.0000	0	1.453	-37.322	37.626	0.23	2.04	-1.24	0.013	0.002	0.034
50001	2	0.0000	0	1.453	-37.317	37.621	0.49	1.90	-1.04	0.021	-0.019	0.033
50008	2	0.0000	0	1.455	-37.310	37.617	0.30	1.91	-1.29	0.034	-0.032	0.029
50015	2	0.0000	0	1.455	-37.305	37.612	0.16	1.80	-1.14	0.029	-0.041	0.013
50021	2	0.0000	0	1.456	-37.300	37.608	0.06	1.89	-1.14	0.029	-0.031	0.009
50028	2	0.0000	0	1.456	-37.297	37.604	-0.30	1.71	-1.23	0.035	-0.025	-0.004
50035	2	0.0000	0	1.458	-37.292	37.601	-0.15	1.81	-1.48	0.025	-0.005	-0.008
50042	2	0.0000	0	1.457	-37.289	37.597	-0.51	1.54	-1.48	0.018	0.006	-0.024
50049	2	0.0000	0	1.456	-37.284	37.592	-0.68	1.61	-1.59	0.026	0.013	-0.024
50057	2	0.0000	0	1.454	-37.281	37.587	-0.84	1.41	-1.87	0.010	0.021	-0.018
50064	2	0.0000	0	1.455	-37.276	37.584	-1.19	1.35	-2.20	-0.000	0.036	-0.029
50070	2	0.0000	0	1.455	-37.272	37.580	-1.31	1.21	-2.16	-0.020	0.014	-0.003
50077	2	0.0000	0	1.459	-37.267	37.578	-1.40	0.92	-2.19	-0.035	0.018	0.007
50084	2	0.0000	0	1.456	-37.265	37.573	-1.42	0.48	-1.94	-0.041	0.019	0.004
50091	2	0.0000	0	1.448	-37.264	37.566	-1.88	0.02	-1.97	-0.028	0.020	0.014
50098	2	0.0000	0	1.441	-37.263	37.559	-1.70	-0.19	-1.84	-0.025	0.008	0.012
50105	2	0.0000	0	1.430	-37.263	37.549	-2.10	-0.53	-1.84	-0.027	-0.002	0.021
50113	2	0.0000	0	1.421	-37.259	37.537	-2.23	-0.69	-1.65	-0.014	-0.006	0.024
50120	2	0.0000	0	1.411	-37.255	37.524	-2.07	-1.11	-1.82	-0.011	-0.019	0.007
50127	2	0.0000	0	1.402	-37.251	37.512	-2.34	-1.03	-1.83	-0.003	-0.014	0.004
50134	2	0.0000	0	1.393	-37.247	37.501	-2.66	-1.23	-1.95	0.012	-0.018	-0.001
50141	2	0.0000	0	1.387	-37.244	37.492	-2.46	-1.33	-2.05	0.016	-0.016	-0.023
50148	2	0.0000	0	1.379	-37.242	37.484	-2.66	-1.47	-2.02	0.025	-0.023	-0.037
50155	2	0.0000	0	1.379	-37.240	37.481	-2.60	-1.86	-1.81	0.034	-0.005	-0.047
50162	2	0.0000	0	1.380	-37.240	37.482	-3.16	-2.40	-1.66	0.021	-0.006	-0.053
50169	2	0.0000	0	1.379	-37.243	37.484	-3.36	-2.64	-1.21	0.025	0.020	-0.063
50176	2	0.0000	0	1.379	-37.246	37.487	-3.23	-3.39	-0.49	0.011	0.018	-0.047
50183	2	0.0000	0	1.381	-37.250	37.493	-3.36	-3.94	0.08	-0.002	0.030	-0.044
50190	2	0.0000	0	1.381	-37.252	37.495	-3.48	-4.61	-0.08	-0.012	0.032	-0.019
50197	2	0.0000	0	1.378	-37.255	37.495	-3.82	-4.61	-0.16	-0.022	0.029	-0.005
50204	2	0.0000	0	1.373	-37.259	37.494	-3.94	-4.85	-0.32	-0.022	0.019	0.003
50211	2	0.0000	0	1.366	-37.263	37.492	-4.54	-4.91	-0.72	-0.014	0.013	0.060
50218	2	0.0000	0	1.353	-37.270	37.488	-4.88	-4.91	-1.24	-0.002	-0.001	0.070
50225	2	0.0000	0	1.340	-37.280	37.486	-5.46	-5.58	-1.57	0.004	-0.012	0.069
50233	2	0.0000	0	1.322	-37.294	37.484	-6.03	-6.06	-1.79	0.024	0.001	0.061
50240	2	0.0000	0	1.310	-37.309	37.488	-6.16	-6.85	-1.71	0.011	-0.005	0.051
50247	2	0.0000	0	1.291	-37.328	37.490	-6.43	-7.66	-1.58	0.010	-0.002	0.031
50254	2	0.0000	0	1.275	-37.346	37.493	-6.88	-8.10	-1.75	0.001	-0.011	0.013
50260	2	0.0000	0	1.262	-37.362	37.497	-7.06	-8.73	-2.21	0.001	-0.012	-0.019
50267	2	0.0000	0	1.248	-37.378	37.501	-7.60	-8.87	-2.70	0.004	-0.027	-0.017
50274	2	0.0000	0	1.239	-37.390	37.504	-7.91	-8.76	-3.45	0.011	-0.003	-0.027
50281	2	0.0000	0	1.233	-37.400	37.509	-8.46	-9.04	-4.41	0.017	-0.003	-0.008
50289	2	0.0000	0	1.227	-37.411	37.514	-8.66	-9.29	-5.44	0.012	-0.012	-0.014
50296	2	0.0000	0	1.222	-37.423	37.521	-8.81	-9.94	-6.01	0.001	0.008	-0.013
50303	2	0.0000	0	1.213	-37.438	37.528	-8.81	-10.82	-6.62	-0.017	0.021	-0.010
50310	2	0.0000	0	1.208	-37.451	37.536	-9.04	-11.45	-7.34	-0.016	0.029	0.006
50317	2	0.0000	0	1.197	-37.466	37.541	-9.16	-12.04	-7.58	-0.025	0.026	0.008
50324	2	0.0000	0	1.183	-37.483	37.545	-9.37	-12.30	-8.18	-0.015	0.004	0.025
50331	2	0.0000	0	1.167	-37.499	37.546	-9.67	-12.03	-9.20	-0.009	-0.028	0.041
50338	2	0.0000	0	1.150	-37.513	37.546	-10.21	-11.61	-10.24	-0.009	-0.064	0.044
50345	2	0.0000	0	1.136	-37.525	37.545	-10.43	-11.50	-11.08	0.003	-0.068	0.063
50352	2	0.0000	0	1.128	-37.534	37.547	-10.62	-11.04	-12.51	-0.003	-0.070	0.040
50359	2	0.0000	0	1.128	-37.538	37.550	-10.35	-10.99	-13.67	-0.013	-0.046	0.049
50366	2	0.0000	0	1.136	-37.538	37.558	-9.97	-11.16	-14.52	-0.019	-0.026	0.020
50373	2	0.0000	0	1.149	-37.537	37.568	-9.38	-11.60	-15.30	-0.013	0.028	0.006
50380	2	0.0000	0	1.158	-37.536	37.574	-9.25	-11.73	-15.94	-0.020	0.055	-0.020
50387	2	0.0000	0	1.170	-37.530	37.581	-8.94	-11.25	-16.84	-0.019	0.066	-0.025
50394	2	0.0000	0	1.183	-37.523	37.584	-8.85	-10.75	-18.06	0.002	0.066	-0.033
50401	2	0.0000	0	1.193	-37.511	37.582	-8.57	-9.59	-19.40	-0.010	0.028	-0.014
50408	2	0.0000	0	1.208	-37.496	37.580	-8.34	-8.78	-20.65	-0.002	0.017	-0.007
50416	2	0.0000	0	1.223	-37.478	37.576	-8.00	-7.74	-22.03	0.006	-0.012	-0.014
50423	2	0.0000	0	1.245	-37.456	37.574	-7.60	-7.00	-23.17	0.004	-0.020	-0.015
50430	2	0.0000	0	1.273	-37.430	37.574	-7.21	-6.99	-24.20	0.007	-0.031	-0.002
50437	2	0.0000	0	1.308	-37.402	37.576	-6.24	-6.91	-24.72	0.007	-0.029	-0.005
50444	2	0.0000	0	1.349	-37.369	37.580	-5.46	-7.08	-25.23	-0.002	-0.031	0.001
50451	2	0.0000	0	1.387	-37.334	37.580	-4.83	-7.00	-25.83	-0.017	-0.021	0.008
50458	2	0.0000	0	1.430	-37.295	37.580	-3.76	-6.80	-26.57	-0.006	-0.019	-0.001
50465	2	0.0000	0	1.477	-37.247	37.574	-3.38	-5.95	-27.70	0.004	-0.007	0.011
50472	2	0.0000	0	1.519	-37.198	37.563	-3.09	-5.00	-28.83	0.029	-0.015	0.010
50479	2	0.0000	0	1.560	-37.147	37.550	-2.89	-4.21	-29.50	0.032	-0.015	0.008
50486	2	0.0000	0	1.611	-37.087	37.536	-2.58	-3.19	-30.63	0.024	-0.014	0.008
50493	2	0.0000	0	1.674	-37.020	37.526	-2.09	-2.64	-31.56	0.015	0.012	0.006
50500	2	0.0000	0	1.741	-36.949	37.517	-1.26	-2.20	-31.98	0.005	0.026	-0.011
50507	2	0.0000	0	1.820	-36.872	37.511	-0.47	-2.27	-31.96	-0.012	0.050	-0.021
50514	2	0.0000	0	1.903	-36.792	37.507	0.45	-2.17	-32.03	-0.020	0.060	-0.029
50521	2	0.0000	0	1.989	-36.708	37.501	0.91	-2.26	-31.77	-0.027	0.062	-0.033
50528	2	0.0000	0	2.078	-36.621	37.493	1.54	-1.82	-31.68	-0.014	0.049	-0.046
50535	2	0.0000	0	2.168	-36.527	37.481	1.88	-1.34	-31.64	-0.008	0.035	-0.029
50542	2	0.0000	0	2.258	-36.431	37.467	2.22	-0.54	-32.05	-0.005	0.001	-0.031
50549	2	0.0000	0	2.349	-36.332	37.451	2.16	0.52	-32.20	0.016	-0.040	-0.012
50556	2	0.0000	0	2.438	-36.233	37.432	2.47	1.70	-32.75	0.022	-0.065	0.004
50563	2	0.0000	0	2.532	-36.131	37.416	2.94	2.31	-33.18	0.026	-0.080	0.010
50570	2	0.0000	0	2.627	-36.030	37.402	3.32	2.45	-32.87	0.025	-0.079	0.016
50577	2	0.0000	0	2.728	-35.930	37.393	3.57	2.60	-32.20	0.017	-0.043	-0.001
50584	2	0.0000	0	2.830	-35.830	37.385	3.98	2.32	-31.27	0.018	-0.015	-0.016
50590	2	0.0000	0	2.932	-35.728	37.376	4.11	2.17	-30.73	0.026	-0.003	-0.007
50597	2	0.0000	0	3.033	-35.625	37.364	4.33	2.37	-30.19	0.006	0.030	-0.014
50605	2	0.0000	0	3.131	-35.518	37.346	4.33	2.91	-30.00	0.006	0.034	-0.004
50612	2	0.0000	0	3.225	-35.408	37.321	4.17	3.89	-30.40	0.002	0.029	0.002
50619	2	0.0000	0	3.308	-35.303	37.292	4.21	4.63	-30.01	-0.003	0.023	0.016
50626	2	0.0000	0	3.393	-35.195	37.262	3.98	5.66	-29.86	-0.009	-0.001	0.018
50633	2	0.0000	0	3.477	-35.088	37.232	3.64	6.32	-29.55	0.009	0.008	0.007
50640	2	0.0000	0	3.551	-34.986	37.198	2.67	7.20	-28.93	0.011	-0.009	0.009
50646	2	0.0000	0	3.630	-34.883	37.167	2.45	7.61	-28.17	0.011	-0.000	-0.006
50653	2	0.0000	0	3.710	-34.781	37.138	2.36	7.63	-27.46	0.015	0.009	-0.013
50660	2	0.0000	0	3.796	-34.677	37.112	2.61	7.25	-26.90	-0.008	0.023	-0.021
50667	2	0.0000	0	3.881	-34.573	37.086	2.84	7.14	-26.49	-0.035	0.032	-0.025
50674	2	0.0000	0	3.964	-34.469	37.057	3.15	6.65	-25.69	-0.027	0.038	-0.038
50682	2	0.0000	0	4.041	-34.363	37.022	2.73	6.66	-24.74	-0.022	0.027	-0.050
50689	2	0.0000	0	4.100	-34.270	36.984	1.83	6.46	-23.22	-0.028	0.017	-0.054
50696	2	0.0000	0	4.152	-34.180	36.942	0.92	6.37	-22.11	0.010	0.023	-0.065
50702	2	0.0000	0	4.194	-34.096	36.897	0.43	6.20	-20.82	0.005	0.018	-0.053
50709	2	0.0000	0	4.235	-34.007	36.846	-0.55	6.16	-19.92	0.038	-0.004	-0.036
50716	2	0.0000	0	4.273	-33.921	36.796	-1.15	6.04	-19.19	0.043	0.002	-0.006
50723	2	0.0000	0	4.311	-33.837	36.747	-1.53	6.09	-18.97	0.048	-0.016	0.032
50731	2	0.0000	0	4.342	-33.756	36.696	-1.90	5.55	-18.58	0.041	0.002	0.053
50738	2	0.0000	0	4.369	-33.685	36.650	-2.50	5.09	-17.84	0.020	-0.006	0.069
50745	2	0.0000	0	4.388	-33.621	36.605	-3.06	4.56	-17.08	0.002	0.005	0.065
50752	2	0.0000	0	4.406	-33.565	36.566	-3.75	3.68	-16.24	0.005	0.018	0.061
50759	2	0.0000	0	4.414	-33.520	36.529	-4.63	2.83	-15.36	-0.006	0.018	0.044
50766	2	0.0000	0	4.417	-33.482	36.494	-5.06	2.27	-14.89	-0.012	0.020	0.019
50773	2	0.0000	0	4.417	-33.446	36.460	-5.89	0.98	-13.94	-0.031	0.022	0.009
50780	2	0.0000	0	4.412	-33.416	36.427	-6.59	-0.21	-12.80	-0.026	0.040	-0.019
50787	2	0.0000	0	4.409	-33.388	36.396	-7.17	-1.72	-11.55	-0.025	0.035	-0.045
50794	2	0.0000	0	4.398	-33.363	36.362	-8.05	-2.28	-11.26	-0.023	0.031	-0.048
50800	2	0.0000	0	4.387	-33.335	36.326	-8.80	-2.95	-10.90	-0.017	0.002	-0.053
50807	2	0.0000	0	4.373	-33.311	36.290	-9.85	-3.63	-10.98	0.008	-0.024	-0.043
50815	2	0.0000	0	4.356	-33.289	36.253	-10.85	-4.28	-11.12	0.032	-0.023	-0.019
50822	2	0.0000	0	4.330	-33.274	36.216	-11.64	-5.17	-11.24	0.033	-0.050	-0.007
50829	2	0.0000	0	4.303	-33.264	36.182	-12.29	-5.64	-10.86	0.041	-0.027	-0.003
50836	2	0.0000	0	4.269	-33.264	36.153	-13.21	-7.52	-10.06	0.027	-0.009	0.018
50843	2	0.0000	0	4.232	-33.272	36.127	-14.30	-9.43	-9.29	0.019	0.013	0.008
50850	2	0.0000	0	4.188	-33.285	36.102	-15.39	-11.33	-8.09	0.002	0.037	0.014
50856	2	0.0000	0	4.141	-33.301	36.076	-15.65	-12.46	-7.76	0.003	0.056	0.025
50864	2	0.0000	0	4.087	-33.321	36.049	-16.91	-13.99	-7.40	-0.015	0.042	0.024
50871	2	0.0000	0	4.033	-33.343	36.021	-17.79	-15.15	-7.27	-0.020	0.024	0.037
50878	2	0.0000	0	3.976	-33.367	35.995	-19.14	-16.04	-7.14	-0.020	0.007	0.037
50885	2	0.0000	0	3.913	-33.396	35.967	-20.33	-16.81	-7.40	-0.025	-0.015	0.027
50892	2	0.0000	0	3.850	-33.430	35.945	-21.28	-17.71	-7.35	-0.022	-0.023	0.025
50899	2	0.0000	0	3.783	-33.473	35.928	-22.60	-19.75	-7.06	-0.008	-0.008	0.004
50906	2	0.0000	0	3.715	-33.525	35.919	-23.69	-22.37	-6.31	-0.016	0.006	-0.016
50913	2	0.0000	0	3.650	-33.580	35.916	-24.53	-25.27	-5.85	0.006	0.032	-0.028
50920	2	0.0000	0	3.584	-33.641	35.917	-25.03	-27.91	-5.56	0.020	0.037	-0.033
50927	2	0.0000	0	3.517	-33.703	35.918	-25.64	-29.26	-5.71	0.024	0.032	-0.023
50934	2	0.0000	0	3.439	-33.771	35.916	-26.45	-30.94	-6.70	0.020	0.009	0.014
50941	2	0.0000	0	3.356	-33.840	35.910	-28.34	-31.92	-7.86	0.045	-0.018	0.040
50948	2	0.0000	0	3.265	-33.914	35.902	-29.97	-32.62	-8.91	0.053	-0.038	0.062
50955	2	0.0000	0	3.170	-33.995	35.898	-31.91	-33.49	-10.12	0.046	-0.051	0.067
50962	2	0.0000	0	3.075	-34.082	35.898	-33.09	-34.52	-10.55	0.054	-0.052	0.053
50969	2	0.0000	0	2.983	-34.175	35.908	-34.80	-36.61	-10.99	0.044	-0.025	0.037
50976	2	0.0000	0	2.898	-34.270	35.926	-36.00	-39.21	-11.09	0.007	0.012	0.021
50983	2	0.0000	0	2.819	-34.368	35.952	-37.23	-41.50	-10.95	-0.014	0.040	-0.018
50991	2	0.0000	0	2.745	-34.465	35.981	-37.59	-44.06	-11.52	-0.053	0.046	-0.032
50998	2	0.0000	0	2.673	-34.560	36.010	-38.20	-45.45	-11.95	-0.079	0.055	-0.026
51005	2	0.0000	0	2.600	-34.650	36.034	-38.88	-46.93	-13.18	-0.091	0.022	-0.038
51012	2	0.0000	0	2.521	-34.738	36.050	-40.00	-47.56	-14.49	-0.079	-0.007	-0.017
51019	2	0.0000	0	2.434	-34.831	36.063	-41.42	-48.21	-15.49	-0.063	-0.039	-0.024
51026	2	0.0000	0	2.335	-34.931	36.074	-43.00	-48.68	-16.39	-0.019	-0.082	-0.027
51033	2	0.0000	0	2.231	-35.035	36.084	-43.67	-48.78	-16.57	-0.005	-0.081	-0.009
51040	2	0.0000	0	2.124	-35.141	36.092	-45.20	-49.64	-16.83	0.026	-0.085	-0.047
51048	2	0.0000	0	2.004	-35.251	36.094	-45.57	-49.24	-14.53	0.020	-0.072	-0.061
51055	2	0.0000	0	1.906	-35.348	36.103	-44.70	-48.45	-13.13	-0.007	-0.070	-0.063
51062	2	0.0000	0	1.827	-35.444	36.127	-43.21	-48.76	-12.84	-0.026	-0.043	-0.026
51069	2	0.0000	0	1.765	-35.540	36.166	-41.93	-49.89	-13.19	-0.050	0.018	-0.014
51076	2	0.0000	0	1.709	-35.638	36.211	-41.33	-51.47	-12.95	-0.048	0.075	0.010
51083	2	0.0000	0	1.648	-35.744	36.261	-41.57	-53.22	-12.44	-0.030	0.121	0.018
51090	2	0.0000	0	1.571	-35.855	36.301	-42.93	-54.19	-12.12	0.018	0.125	0.030
51098	2	0.0000	0	1.477	-35.969	36.330	-44.63	-54.59	-12.86	0.057	0.113	0.073
51105	2	0.0000	0	1.378	-36.078	36.349	-46.06	-54.44	-13.92	0.095	0.080	0.092
51112	2	0.0000	0	1.277	-36.186	36.365	-47.68	-53.56	-15.19	0.113	0.027	0.105
51119	2	0.0000	0	1.179	-36.290	36.380	-48.62	-53.14	-16.15	0.109	-0.020	0.117
51126	2	0.0000	0	1.086	-36.393	36.398	-49.57	-52.57	-17.13	0.100	-0.084	0.107
51133	2	0.0000	0	1.003	-36.499	36.428	-49.95	-52.29	-17.88	0.059	-0.121	0.098
51140	2	0.0000	0	0.925	-36.610	36.468	-50.22	-52.34	-18.52	0.021	-0.123	0.052
51148	2	0.0000	0	0.856	-36.722	36.517	-50.25	-52.93	-18.75	-0.034	-0.109	-0.001
51155	2	0.0000	0	0.787	-36.830	36.561	-50.84	-53.05	-18.77	-0.075	-0.084	-0.040
51162	2	0.0000	0	0.716	-36.936	36.602	-51.23	-53.27	-18.89	-0.097	-0.049	-0.083
51169	2	0.0000	0	0.644	-37.040	36.640	-51.33	-52.80	-19.27	-0.109	-0.026	-0.095
51176	2	0.0000	0	0.565	-37.142	36.670	-51.75	-52.01	-19.85	-0.105	0.005	-0.103
51183	2	0.0000	0	0.482	-37.238	36.690	-52.32	-51.39	-20.43	-0.100	0.056	-0.117
51190	2	0.0000	0	0.389	-37.335	36.702	-52.00	-50.82	-20.80	-0.098	0.062	-0.106
51197	2	0.0000	0	0.295	-37.425	36.707	-51.74	-50.37	-20.87	-0.088	0.064	-0.088
51204	2	0.0000	0	0.198	-37.512	36.707	-51.40	-49.55	-21.60	-0.069	0.066	-0.059
51211	2	0.0000	0	0.099	-37.599	36.704	-50.75	-48.62	-22.13	-0.031	0.046	-0.017
51218	2	0.0000	0	-0.002	-37.685	36.699	-50.12	-47.71	-22.08	-0.008	0.034	-0.006
51225	2	0.0000	0	-0.102	-37.772	36.696	-49.96	-46.80	-22.21	0.033	0.011	0.018
51232	2	0.0000	0	-0.203	-37.861	36.694	-49.41	-46.07	-21.99	0.042	-0.005	0.053
51239	2	0.0000	0	-0.293	-37.948	36.699	-48.95	-46.05	-21.53	0.063	-0.007	0.051
51246	2	0.0000	0	-0.384	-38.036	36.705	-47.97	-46.35	-21.05	0.051	-0.028	0.071
51253	2	0.0000	0	-0.471	-38.124	36.713	-46.79	-46.19	-20.80	0.048	-0.050	0.063
51260	2	0.0000	0	-0.554	-38.206	36.721	-45.67	-45.79	-20.74	0.060	-0.033	0.071
51267	2	0.0000	0	-0.634	-38.284	36.726	-45.32	-45.47	-21.10	0.036	-0.054	0.063
51274	2	0.0000	0	-0.718	-38.361	36.727	-44.96	-44.05	-21.49	0.035	-0.056	0.054
51281	2	0.0000	0	-0.802	-38.433	36.724	-44.62	-42.52	-22.63	0.036	-0.045	0.055
51289	2	0.0000	0	-0.885	-38.505	36.721	-44.10	-40.94	-23.46	0.020	-0.029	0.044
51296	2	0.0000	0	-0.955	-38.568	36.721	-43.62	-39.31	-23.98	-0.010	-0.025	0.025
51303	2	0.0000	0	-1.017	-38.627	36.723	-43.38	-38.33	-24.46	-0.038	-0.015	0.003
51310	2	0.0000	0	-1.073	-38.684	36.729	-42.60	-37.03	-24.96	-0.054	0.019	-0.033
51317	2	0.0000	0	-1.119	-38.734	36.737	-41.27	-35.88	-25.53	-0.078	0.062	-0.042
51324	2	0.0000	0	-1.161	-38.782	36.747	-39.02	-35.31	-26.24	-0.100	0.060	-0.052
51331	2	0.0000	0	-1.197	-38.826	36.758	-36.76	-34.84	-26.97	-0.126	0.085	-0.057
51338	2	0.0000	0	-1.233	-38.867	36.766	-35.33	-34.13	-27.20	-0.127	0.067	-0.055
51345	2	0.0000	0	-1.273	-38.906	36.769	-33.86	-32.93	-27.55	-0.109	0.039	-0.048
51352	2	0.0000	0	-1.322	-38.946	36.765	-32.98	-31.43	-28.03	-0.058	-0.012	-0.049
51360	2	0.0000	0	-1.377	-38.984	36.755	-32.73	-29.66	-28.24	-0.005	-0.028	-0.033
51366	2	0.0000	0	-1.420	-39.015	36.747	-32.61	-28.57	-28.18	0.059	-0.061	-0.023
51373	2	0.0000	0	-1.453	-39.037	36.740	-32.23	-27.97	-28.00	0.091	-0.053	-0.031
51381	2	0.0000	0	-1.475	-39.053	36.735	-31.91	-27.87	-27.90	0.125	-0.047	-0.027
51388	2	0.0000	0	-1.484	-39.059	36.733	-31.59	-27.66	-27.78	0.147	-0.021	-0.018
51395	2	0.0000	0	-1.478	-39.057	36.736	-31.58	-27.78	-27.04	0.157	0.008	0.001
51402	2	0.0000	0	-1.468	-39.048	36.736	-31.74	-27.82	-26.74	0.149	0.032	-0.004
51409	2	0.0000	0	-1.452	-39.032	36.735	-32.23	-27.41	-26.34	0.155	0.033	0.013
51416	2	0.0000	0	-1.437	-39.016	36.732	-32.84	-27.09	-25.95	0.129	0.040	0.008
51423	2	0.0000	0	-1.429	-39.001	36.725	-33.26	-26.65	-25.01	0.082	0.025	0.005
51430	2	0.0000	0	-1.426	-38.988	36.715	-33.61	-26.45	-24.12	0.037	0.017	0.006
51437	2	0.0000	0	-1.431	-38.980	36.702	-34.06	-25.91	-22.73	-0.014	0.015	-0.004
51444	2	0.0000	0	-1.444	-38.980	36.690	-34.31	-25.60	-21.31	-0.055	0.012	-0.025
51451	2	0.0000	0	-1.462	-38.984	36.679	-33.99	-26.19	-20.09	-0.103	0.012	-0.034
51458	2	0.0000	0	-1.491	-38.997	36.666	-34.04	-26.30	-18.14	-0.138	0.011	-0.051
51465	2	0.0000	0	-1.527	-39.019	36.656	-33.51	-27.15	-16.23	-0.154	0.026	-0.054
51472	2	0.0000	0	-1.572	-39.047	36.644	-33.27	-28.41	-14.05	-0.133	0.034	-0.048
51479	2	0.0000	0	-1.625	-39.083	36.632	-32.88	-29.18	-12.50	-0.117	0.038	-0.045
51486	2	0.0000	0	-1.684	-39.123	36.619	-33.26	-29.83	-11.26	-0.077	0.034	-0.011
51493	2	0.0000	0	-1.749	-39.167	36.605	-33.47	-30.75	-10.02	-0.046	0.016	0.013
51500	2	0.0000	0	-1.820	-39.217	36.591	-33.75	-31.77	-9.25	0.004	0.011	0.020
51507	2	0.0000	0	-1.890	-39.270	36.581	-34.69	-33.20	-8.78	0.040	0.006	0.072
51514	2	0.0000	0	-1.963	-39.325	36.570	-34.80	-34.48	-8.77	0.086	-0.008	0.087
51521	2	0.0000	0	-2.034	-39.382	36.563	-35.66	-36.08	-8.74	0.109	-0.002	0.133
51528	2	0.0000	0	-2.105	-39.441	36.559	-36.26	-37.61	-9.15	0.122	-0.014	0.120
51535	2	0.0000	0	-2.173	-39.502	36.557	-37.11	-39.44	-9.00	0.125	-0.022	0.127
51542	2	0.0000	0	-2.243	-39.564	36.557	-37.56	-40.28	-9.50	0.113	-0.025	0.112
51549	2	0.0000	0	-2.309	-39.628	36.561	-37.90	-41.65	-10.01	0.085	-0.017	0.090
51556	2	0.0000	0	-2.370	-39.692	36.570	-38.09	-42.64	-10.74	0.055	-0.006	0.057
51563	2	0.0000	0	-2.424	-39.756	36.584	-38.07	-43.48	-11.50	0.022	-0.017	0.033
51570	2	0.0000	0	-2.471	-39.819	36.604	-37.46	-44.43	-12.01	-0.038	-0.002	-0.018
51577	2	0.0000	0	-2.518	-39.881	36.623	-36.72	-45.08	-12.41	-0.087	-0.008	-0.048
51584	2	0.0000	0	-2.558	-39.942	36.647	-36.00	-45.58	-13.16	-0.135	-0.008	-0.069
51591	2	0.0000	0	-2.596	-40.006	36.676	-34.94	-46.27	-14.37	-0.171	-0.004	-0.078
51599	2	0.0000	0	-2.628	-40.069	36.709	-33.44	-46.94	-16.06	-0.192	-0.003	-0.076
51606	2	0.0000	0	-2.657	-40.129	36.742	-32.11	-47.47	-17.80	-0.191	-0.004	-0.060
51613	2	0.0000	0	-2.685	-40.188	36.775	-30.90	-47.77	-19.99	-0.160	-0.002	-0.038
51620	2	0.0000	0	-2.710	-40.246	36.810	-30.51	-48.11	-21.52	-0.116	0.003	-0.009
51627	2	0.0000	0	-2.726	-40.300	36.849	-29.64	-48.40	-23.36	-0.062	-0.008	0.012
51634	2	0.0000	0	-2.731	-40.351	36.893	-29.59	-49.33	-24.70	-0.007	0.007	0.023
51641	2	0.0000	0	-2.720	-40.395	36.947	-29.54	-49.84	-26.15	0.057	0.019	0.047
51648	2	0.0000	0	-2.685	-40.426	37.008	-28.92	-50.21	-27.98	0.091	0.003	0.078
51655	2	0.0000	0	-2.630	-40.444	37.073	-28.24	-49.99	-30.25	0.114	0.006	0.098
51662	2	0.0000	0	-2.548	-40.446	37.148	-26.86	-49.28	-32.98	0.130	-0.018	0.106
51669	2	0.0000	0	-2.442	-40.434	37.228	-25.53	-48.35	-36.19	0.117	-0.034	0.116
51676	2	0.0000	0	-2.330	-40.414	37.308	-23.94	-47.36	-38.46	0.087	-0.052	0.090
51683	2	0.0000	0	-2.204	-40.386	37.391	-22.77	-46.42	-40.36	0.075	-0.056	0.048
51691	2	0.0000	0	-2.072	-40.353	37.475	-22.02	-45.06	-41.41	0.049	-0.060	0.017
51698	2	0.0000	0	-1.940	-40.316	37.556	-21.36	-43.48	-43.01	0.031	-0.063	-0.047
51705	2	0.0000	0	-1.807	-40.274	37.632	-21.32	-41.21	-43.84	0.018	-0.051	-0.083
51712	2	0.0000	0	-1.668	-40.227	37.709	-21.58	-39.30	-44.34	0.013	-0.058	-0.124
51719	2	0.0000	0	-1.517	-40.172	37.788	-21.74	-37.54	-44.03	0.013	-0.026	-0.163
51726	2	0.0000	0	-1.357	-40.109	37.867	-21.92	-36.54	-43.90	-0.006	0.007	-0.188
51733	2	0.0000	0	-1.172	-40.031	37.954	-21.44	-35.69	-43.22	-0.038	0.049	-0.195
51740	2	0.0000	0	-0.973	-39.942	38.043	-20.70	-35.44	-43.05	-0.048	0.085	-0.205
51747	2	0.0000	0	-0.761	-39.843	38.133	-19.54	-35.21	-42.65	-0.074	0.111	-0.160
51754	2	0.0000	0	-0.559	-39.742	38.213	-18.86	-34.67	-42.29	-0.072	0.105	-0.136
51761	2	0.0000	0	-0.368	-39.643	38.285	-18.92	-34.12	-41.93	-0.060	0.084	-0.100
51768	2	0.0000	0	-0.196	-39.549	38.344	-19.04	-33.07	-40.54	-0.024	0.058	-0.071
51775	2	0.0000	0	-0.045	-39.463	38.393	-19.91	-31.75	-38.98	0.005	0.008	-0.015
51782	2	0.0000	0	0.090	-39.384	38.435	-20.94	-30.47	-37.11	0.046	-0.020	0.019
51789	2	0.0000	0	0.209	-39.313	38.470	-21.74	-29.55	-35.76	0.071	-0.076	0.055
51796	2	0.0000	0	0.318	-39.248	38.503	-22.56	-27.99	-33.43	0.101	-0.092	0.059
51803	2	0.0000	0	0.416	-39.189	38.532	-23.69	-26.22	-30.90	0.094	-0.128	0.071
51810	2	0.0000	0	0.509	-39.134	38.559	-24.43	-24.09	-28.69	0.080	-0.132	0.060
51817	2	0.0000	0	0.602	-39.080	38.589	-24.30	-22.73	-26.39	0.057	-0.121	0.058
51824	2	0.0000	0	0.687	-39.032	38.618	-24.46	-21.91	-24.71	0.005	-0.082	0.036
51831	2	0.0000	0	0.769	-38.988	38.646	-23.65	-21.28	-21.93	-0.010	-0.026	0.014
51838	2	0.0000	0	0.845	-38.948	38.675	-22.80	-21.15	-19.21	-0.059	0.024	0.002
51845	2	0.0000	0	0.904	-38.917	38.697	-22.04	-20.78	-16.43	-0.087	0.078	-0.020
51852	2	0.0000	0	0.945	-38.896	38.712	-21.62	-19.69	-13.71	-0.103	0.102	-0.034
51859	2	0.0000	0	0.973	-38.881	38.722	-21.71	-19.14	-12.05	-0.113	0.115	-0.030
51866	2	0.0000	0	0.976	-38.879	38.723	-22.08	-17.81	-9.95	-0.080	0.095	-0.044
51873	2	0.0000	0	0.966	-38.884	38.719	-22.37	-16.77	-7.54	-0.043	0.088	-0.035
51880	2	0.0000	0	0.933	-38.901	38.707	-23.25	-15.30	-5.38	-0.012	0.061	-0.017
51887	2	0.0000	0	0.891	-38.924	38.692	-23.31	-14.53	-4.19	0.012	0.020	-0.001
51894	2	0.0000	0	0.841	-38.952	38.676	-23.57	-13.31	-2.19	0.038	-0.011	0.019
51902	2	0.0000	0	0.779	-38.990	38.657	-23.18	-12.78	-0.46	0.055	-0.038	0.042
51908	2	0.0000	0	0.713	-39.030	38.639	-22.57	-12.26	0.84	0.051	-0.053	0.049
51915	2	0.0000	0	0.640	-39.076	38.619	-21.61	-11.74	1.79	0.053	-0.067	0.062
51922	2	0.0000	0	0.562	-39.125	38.597	-20.88	-11.48	2.39	0.023	-0.049	0.089
51929	2	0.0000	0	0.474	-39.179	38.574	-20.00	-11.44	3.38	0.009	-0.029	0.104
51937	2	0.0000	0	0.375	-39.242	38.548	-19.04	-11.14	4.12	-0.011	-0.024	0.088
51944	2	0.0000	0	0.273	-39.306	38.520	-18.80	-10.48	4.70	-0.030	-0.015	0.092
51951	2	0.0000	0	0.167	-39.372	38.491	-17.90	-9.51	4.63	-0.041	0.007	0.075
51958	2	0.0000	0	0.061	-39.436	38.460	-17.60	-8.74	4.20	-0.037	0.003	0.068
51965	2	0.0000	0	-0.034	-39.496	38.434	-16.32	-7.53	3.61	-0.070	0.009	0.054
51972	2	0.0000	0	-0.128	-39.554	38.409	-15.24	-6.76	2.92	-0.057	0.026	0.041
51979	2	0.0000	0	-0.220	-39.612	38.384	-13.56	-5.91	2.30	-0.065	0.028	0.017
51986	2	0.0000	0	-0.309	-39.668	38.361	-11.72	-5.64	1.98	-0.063	0.053	-0.021
51993	2	0.0000	0	-0.394	-39.723	38.339	-10.76	-5.43	1.77	-0.054	0.050	-0.038
52000	2	0.0000	0	-0.483	-39.779	38.316	-9.65	-5.21	1.39	-0.030	0.033	-0.063
52007	2	0.0000	0	-0.567	-39.830	38.291	-8.78	-3.99	0.89	-0.013	0.015	-0.067
52014	2	0.0000	0	-0.646	-39.875	38.265	-7.60	-2.60	-0.21	0.019	-0.027	-0.058
52021	2	0.0000	0	-0.721	-39.914	38.237	-6.23	-0.68	-1.48	0.039	-0.053	-0.029
52028	2	0.0000	0	-0.781	-39.945	38.215	-5.06	0.45	-2.93	0.040	-0.074	0.009
52035	2	0.0000	0	-0.831	-39.970	38.194	-3.12	1.88	-4.51	0.022	-0.080	0.031
52042	2	0.0000	0	-0.873	-39.990	38.177	-1.12	2.93	-5.87	0.029	-0.052	0.054
52049	2	0.0000	0	-0.909	-40.008	38.163	0.83	3.11	-6.63	0.024	-0.028	0.061
52056	2	0.0000	0	-0.939	-40.022	38.151	1.81	3.43	-7.07	0.023	0.013	0.044
52063	2	0.0000	0	-0.958	-40.030	38.142	3.39	3.77	-7.51	0.025	0.050	0.037
52070	2	0.0000	0	-0.974	-40.034	38.131	4.88	3.78	-8.27	0.022	0.073	0.016
52077	2	0.0000	0	-0.981	-40.030	38.121	6.21	4.45	-8.80	0.016	0.102	0.017
52084	2	0.0000	0	-0.977	-40.016	38.112	7.74	4.93	-9.95	0.004	0.088	0.001
52091	2	0.0000	0	-0.964	-39.995	38.102	8.65	5.52	-10.49	-0.017	0.069	0.002
52098	2	0.0000	0	-0.938	-39.964	38.094	10.00	6.02	-11.72	-0.030	0.050	-0.003
52105	2	0.0000	0	-0.904	-39.927	38.089	11.53	6.20	-12.58	-0.036	0.025	-0.017
52112	2	0.0000	0	-0.861	-39.884	38.085	12.49	6.17	-13.30	-0.026	-0.007	-0.033
52119	2	0.0000	0	-0.811	-39.838	38.083	13.10	6.58	-13.68	-0.016	-0.023	-0.041
52126	2	0.0000	0	-0.743	-39.782	38.089	13.67	5.99	-14.19	-0.001	-0.027	-0.044
52133	2	0.0000	0	-0.671	-39.727	38.099	14.35	5.49	-14.26	-0.004	-0.025	-0.041
52140	2	0.0000	0	-0.588	-39.667	38.114	15.12	4.74	-14.50	0.015	-0.021	-0.046
52147	2	0.0000	0	-0.499	-39.606	38.133	15.63	3.85	-14.53	0.028	-0.010	-0.046
52154	2	0.0000	0	-0.396	-39.539	38.157	16.22	3.51	-14.36	0.041	-0.003	-0.032
52161	2	0.0000	0	-0.288	-39.469	38.185	16.92	2.43	-14.41	0.046	0.011	-0.025
52168	2	0.0000	0	-0.175	-39.397	38.214	17.74	1.31	-13.89	0.050	0.018	-0.019
52175	2	0.0000	0	-0.055	-39.321	38.246	18.25	0.65	-13.43	0.046	0.009	-0.004
52182	2	0.0000	0	0.069	-39.244	38.280	18.67	0.32	-12.99	0.037	0.018	-0.004
52190	2	0.0000	0	0.213	-39.155	38.321	19.57	-0.42	-11.67	0.030	0.023	0.004
52197	2	0.0000	0	0.353	-39.070	38.361	19.79	-1.02	-11.07	0.006	0.007	0.012
52204	2	0.0000	0	0.486	-38.990	38.399	20.29	-1.23	-9.57	-0.003	0.003	-0.003
52211	2	0.0000	0	0.621	-38.909	38.439	20.57	-1.89	-8.34	-0.028	-0.011	-0.005
52218	2	0.0000	0	0.755	-38.830	38.480	20.97	-2.34	-6.81	-0.016	-0.020	-0.009
52225	2	0.0000	0	0.893	-38.751	38.525	21.37	-3.21	-5.29	-0.034	-0.027	-0.010
52232	2	0.0000	0	1.032	-38.674	38.572	21.56	-3.50	-4.03	-0.049	-0.011	-0.005
52239	2	0.0000	0	1.177	-38.595	38.623	21.60	-3.95	-2.77	-0.034	-0.027	-0.005
52246	2	0.0000	0	1.315	-38.523	38.675	21.66	-4.76	-0.65	-0.017	-0.010	-0.021
52253	2	0.0000	0	1.451	-38.454	38.727	21.52	-5.36	1.16	-0.011	-0.004	-0.023
52260	2	0.0000	0	1.591	-38.387	38.785	21.46	-6.21	3.23	0.002	0.006	-0.035
52267	2	0.0000	0	1.724	-38.326	38.843	21.90	-6.76	4.49	-0.001	0.020	-0.031
52274	2	0.0000	0	1.860	-38.267	38.905	22.15	-7.80	6.02	0.009	0.026	-0.030
52281	2	0.0000	0	1.996	-38.209	38.968	23.41	-8.78	7.11	0.014	0.033	-0.013
52288	2	0.0000	0	2.121	-38.159	39.029	24.05	-8.94	7.80	0.014	0.028	0.027
52296	2	0.0000	0	2.243	-38.113	39.092	24.63	-8.56	8.43	0.011	-0.016	0.023
52302	2	0.0000	0	2.352	-38.076	39.152	24.55	-8.13	9.03	0.019	-0.020	0.044
52310	2	0.0000	0	2.446	-38.051	39.210	24.28	-7.16	9.92	0.031	-0.046	0.036
52317	2	0.0000	0	2.535	-38.035	39.272	23.71	-6.16	10.33	0.033	-0.074	0.051
52324	2	0.0000	0	2.626	-38.018	39.337	24.24	-4.81	10.04	0.041	-0.083	0.075
52331	2	0.0000	0	2.723	-38.005	39.410	24.29	-4.40	10.63	0.032	-0.076	0.045
52338	2	0.0000	0	2.830	-37.988	39.487	24.16	-3.48	10.79	0.040	-0.051	0.030
52345	2	0.0000	0	2.945	-37.969	39.569	23.18	-2.64	12.00	0.017	-0.026	0.014
52352	2	0.0000	0	3.066	-37.945	39.652	23.10	-2.35	12.74	0.007	0.031	-0.022
52359	2	0.0000	0	3.202	-37.912	39.740	23.79	-2.50	13.04	-0.011	0.069	-0.034
52366	2	0.0000	0	3.341	-37.870	39.822	25.32	-2.71	12.57	-0.036	0.106	-0.030
52373	2	0.0000	0	3.468	-37.827	39.891	25.99	-2.47	12.29	-0.058	0.114	-0.020
52380	2	0.0000	0	3.575	-37.787	39.947	26.52	-1.80	11.93	-0.060	0.096	-0.010
52387	2	0.0000	0	3.652	-37.755	39.984	25.36	-1.22	12.93	-0.029	0.071	-0.023
52394	2	0.0000	0	3.706	-37.733	40.009	23.63	-0.44	14.83	0.019	0.037	-0.052
52401	2	0.0000	0	3.746	-37.716	40.028	22.01	0.36	15.87	0.058	-0.000	-0.049
52408	2	0.0000	0	3.781	-37.700	40.043	20.16	1.82	15.94	0.071	-0.050	-0.022
52415	2	0.0000	0	3.826	-37.679	40.063	19.23	3.92	14.66	0.075	-0.096	0.040
52422	2	0.0000	0	3.882	-37.657	40.090	18.89	6.10	11.66	0.064	-0.135	0.098
52429	2	0.0000	0	3.953	-37.633	40.130	18.90	7.08	9.19	0.032	-0.115	0.135
52436	2	0.0000	0	4.031	-37.614	40.179	18.65	6.73	8.42	0.020	-0.082	0.103
52443	2	0.0000	0	4.106	-37.605	40.237	17.92	4.77	9.94	-0.004	0.003	0.053
52450	2	0.0000	0	4.175	-37.606	40.298	16.82	1.71	11.99	-0.003	0.110	-0.009
52457	2	0.0000	0	4.230	-37.614	40.354	16.00	-0.86	14.11	-0.005	0.179	-0.039
52464	2	0.0000	0	4.276	-37.621	40.402	15.22	-2.03	14.16	-0.000	0.192	-0.052
52471	2	0.0000	0	4.310	-37.624	40.435	13.95	-1.71	13.10	-0.012	0.147	-0.024
52478	2	0.0000	0	4.336	-37.617	40.451	12.80	-0.07	10.50	-0.001	0.071	0.007
52485	2	0.0000	0	4.353	-37.606	40.455	10.80	2.92	7.71	0.017	-0.019	0.051
52492	2	0.0000	0	4.358	-37.596	40.450	9.60	4.64	6.13	0.004	-0.103	0.069
52499	2	0.0000	0	4.362	-37.586	40.443	7.93	6.83	4.34	0.026	-0.150	0.068
52506	2	0.0000	0	4.367	-37.579	40.441	6.46	7.31	3.01	0.007	-0.154	0.035
52513	2	0.0000	0	4.378	-37.574	40.446	6.43	6.64	2.86	-0.009	-0.125	0.007
52520	2	0.0000	0	4.398	-37.570	40.460	7.01	4.30	2.61	-0.058	-0.046	-0.010
52527	2	0.0000	0	4.420	-37.570	40.479	7.57	2.79	2.40	-0.074	0.030	-0.047
52534	2	0.0000	0	4.438	-37.574	40.499	8.57	-0.14	2.42	-0.090	0.103	-0.049
52541	2	0.0000	0	4.450	-37.580	40.516	8.89	-2.08	2.46	-0.091	0.140	-0.074
52548	2	0.0000	0	4.446	-37.591	40.522	8.52	-2.96	2.02	-0.069	0.136	-0.052
52555	2	0.0000	0	4.426	-37.606	40.519	7.86	-2.64	1.30	-0.021	0.101	-0.030
52562	2	0.0000	0	4.402	-37.616	40.508	6.60	-1.47	-0.29	0.016	0.034	-0.010
52569	2	0.0000	0	4.376	-37.621	40.490	5.18	0.54	-1.83	0.053	-0.033	0.030
52576	2	0.0000	0	4.359	-37.618	40.472	4.27	1.95	-4.13	0.076	-0.102	0.046
52583	2	0.0000	0	4.363	-37.605	40.463	4.10	2.77	-5.74	0.087	-0.141	0.063
52590	2	0.0000	0	4.389	-37.583	40.465	5.08	2.33	-6.17	0.050	-0.128	0.054
52597	2	0.0000	0	4.442	-37.551	40.480	6.64	0.54	-7.10	0.021	-0.084	0.045
52604	2	0.0000	0	4.510	-37.515	40.505	8.53	-1.56	-7.21	-0.022	-0.038	0.014
52611	2	0.0000	0	4.579	-37.480	40.531	9.57	-3.65	-6.79	-0.052	0.015	-0.014
52618	2	0.0000	0	4.645	-37.447	40.557	10.16	-5.27	-6.08	-0.043	0.052	-0.053
52625	2	0.0000	0	4.703	-37.417	40.579	9.91	-5.79	-5.74	-0.040	0.064	-0.085
52632	2	0.0000	0	4.750	-37.390	40.595	9.02	-6.03	-5.03	-0.006	0.055	-0.090
52639	2	0.0000	0	4.796	-37.359	40.605	7.60	-5.27	-4.89	0.022	0.028	-0.099
52646	2	0.0000	0	4.845	-37.324	40.614	6.67	-4.71	-5.36	0.050	-0.007	-0.074
52653	2	0.0000	0	4.905	-37.282	40.626	5.89	-4.15	-5.68	0.068	-0.028	-0.042
52660	2	0.0000	0	4.975	-37.235	40.642	5.87	-3.98	-6.04	0.045	-0.058	0.003
52667	2	0.0000	0	5.060	-37.182	40.664	6.25	-4.09	-6.84	0.042	-0.046	0.008
52674	2	0.0000	0	5.151	-37.128	40.692	6.73	-4.56	-7.06	0.005	-0.003	0.044
52681	2	0.0000	0	5.240	-37.078	40.723	7.13	-5.70	-7.07	-0.011	0.004	0.042
52688	2	0.0000	0	5.324	-37.035	40.753	7.39	-6.34	-7.11	-0.029	0.035	0.040
52695	2	0.0000	0	5.394	-37.001	40.783	7.22	-7.08	-6.72	-0.034	0.054	0.040
52702	2	0.0000	0	5.446	-36.978	40.806	6.51	-7.15	-6.27	-0.014	0.042	0.035
52709	2	0.0000	0	5.497	-36.955	40.828	5.39	-6.50	-6.31	-0.000	0.013	0.032
52716	2	0.0000	0	5.542	-36.934	40.847	4.19	-5.26	-6.36	0.032	-0.018	0.016
52723	2	0.0000	0	5.585	-36.913	40.864	3.39	-4.50	-6.63	0.024	-0.046	0.015
52730	2	0.0000	0	5.644	-36.881	40.886	2.68	-3.14	-7.17	0.027	-0.070	0.017
52737	2	0.0000	0	5.714	-36.845	40.911	2.30	-2.03	-7.70	0.013	-0.087	0.009
52744	2	0.0000	0	5.798	-36.800	40.941	2.09	-1.23	-8.18	0.010	-0.071	-0.001
52751	2	0.0000	0	5.889	-36.750	40.974	2.25	-1.10	-8.47	-0.021	-0.048	-0.012
52758	2	0.0000	0	5.975	-36.704	41.004	2.48	-0.94	-8.65	-0.038	-0.032	-0.013
52765	2	0.0000	0	6.058	-36.658	41.032	2.22	-0.21	-8.70	-0.031	0.005	-0.026
52772	2	0.0000	0	6.125	-36.619	41.054	1.71	0.56	-8.86	-0.030	0.026	-0.029
52779	2	0.0000	0	6.174	-36.588	41.066	0.97	1.54	-9.09	-0.006	0.021	-0.027
52786	2	0.0000	0	6.206	-36.564	41.071	-0.34	3.02	-9.16	0.021	0.019	-0.007
52793	2	0.0000	0	6.218	-36.548	41.066	-1.81	5.28	-9.74	0.040	0.010	-0.004
52800	2	0.0000	0	6.223	-36.534	41.058	-3.20	7.52	-10.27	0.057	0.016	0.013
52807	2	0.0000	0	6.228	-36.520	41.048	-4.27	8.89	-10.78	0.066	-0.006	0.028
52814	2	0.0000	0	6.232	-36.505	41.037	-5.00	10.28	-11.12	0.045	-0.014	0.024
52821	2	0.0000	0	6.244	-36.486	41.029	-5.09	11.12	-11.56	0.015	0.004	0.034
52828	2	0.0000	0	6.256	-36.466	41.020	-4.79	11.44	-12.18	-0.011	0.017	0.029
52835	2	0.0000	0	6.267	-36.445	41.009	-4.55	11.96	-12.52	-0.036	0.017	0.031
52842	2	0.0000	0	6.271	-36.426	40.994	-4.34	12.49	-12.93	-0.068	0.013	0.018
52849	2	0.0000	0	6.257	-36.410	40.967	-4.60	13.64	-13.41	-0.064	0.016	0.012
52856	2	0.0000	0	6.231	-36.400	40.934	-5.83	14.94	-13.58	-0.036	-0.011	-0.007
52863	2	0.0000	0	6.194	-36.393	40.894	-7.67	17.05	-13.54	0.000	-0.013	-0.027
52870	2	0.0000	0	6.143	-36.388	40.845	-9.52	19.07	-13.59	0.036	-0.026	-0.049
52877	2	0.0000	0	6.093	-36.380	40.792	-10.57	20.20	-13.67	0.066	-0.027	-0.064
52884	2	0.0000	0	6.057	-36.361	40.743	-11.79	21.28	-14.06	0.062	-0.008	-0.059
52891	2	0.0000	0	6.026	-36.340	40.695	-12.07	21.54	-14.15	0.058	0.029	-0.038
52898	2	0.0000	0	6.002	-36.314	40.648	-12.04	21.76	-14.19	0.016	0.052	-0.035
52905	2	0.0000	0	5.970	-36.289	40.596	-11.74	21.06	-14.11	-0.017	0.078	-0.016
52912	2	0.0000	0	5.930	-36.270	40.542	-11.89	21.01	-13.91	-0.035	0.086	-0.006
52919	2	0.0000	0	5.865	-36.264	40.479	-12.16	20.65	-13.49	-0.060	0.085	0.016
52926	2	0.0000	0	5.777	-36.269	40.406	-12.74	20.87	-12.93	-0.055	0.071	0.028
52933	2	0.0000	0	5.665	-36.285	40.323	-13.84	21.31	-12.58	-0.030	0.039	0.026
52940	2	0.0000	0	5.542	-36.305	40.235	-14.38	21.73	-12.25	-0.017	-0.010	0.036
52947	2	0.0000	0	5.409	-36.330	40.141	-15.52	21.94	-12.05	0.007	-0.026	0.034
52954	2	0.0000	0	5.279	-36.353	40.050	-15.51	21.37	-11.60	0.002	-0.028	0.034
52961	2	0.0000	0	5.152	-36.374	39.959	-15.18	20.57	-11.02	-0.014	-0.035	0.024
52969	2	0.0000	0	5.029	-36.391	39.866	-14.11	19.19	-10.93	-0.030	-0.018	0.011
52976	2	0.0000	0	4.918	-36.403	39.781	-13.48	18.76	-11.03	-0.048	-0.018	0.021
52983	2	0.0000	0	4.814	-36.411	39.697	-12.45	17.53	-11.15	-0.049	-0.011	0.021
52990	2	0.0000	0	4.713	-36.418	39.615	-11.53	16.79	-11.11	-0.046	-0.011	0.002
52997	2	0.0000	0	4.601	-36.431	39.529	-10.98	16.47	-11.02	-0.035	-0.018	0.004
53004	2	0.0000	0	4.489	-36.447	39.446	-10.45	15.77	-10.43	-0.035	-0.000	-0.022
53011	2	0.0000	0	4.378	-36.465	39.365	-10.05	15.58	-9.58	-0.014	-0.000	-0.049
53018	2	0.0000	0	4.272	-36.482	39.289	-9.88	14.82	-8.46	-0.000	0.010	-0.069
53025	2	0.0000	0	4.176	-36.495	39.217	-9.63	14.14	-7.41	0.030	0.031	-0.084
53032	2	0.0000	0	4.092	-36.504	39.152	-9.38	13.56	-6.02	0.047	0.021	-0.092
53039	2	0.0000	0	4.024	-36.507	39.096	-8.39	12.57	-4.85	0.053	0.019	-0.069
53046	2	0.0000	0	3.969	-36.504	39.044	-7.58	11.99	-4.14	0.055	0.013	-0.049
53053	2	0.0000	0	3.924	-36.496	38.997	-6.62	11.30	-3.03	0.025	0.009	-0.029
53060	2	0.0000	0	3.888	-36.485	38.955	-5.20	10.24	-2.12	0.009	0.003	0.001
53067	2	0.0000	0	3.855	-36.475	38.916	-4.27	9.75	-0.97	-0.018	-0.002	0.029
53074	2	0.0000	0	3.816	-36.472	38.878	-3.57	9.20	-0.07	-0.031	-0.023	0.042
53081	2	0.0000	0	3.769	-36.474	38.838	-3.25	9.11	0.96	-0.023	-0.028	0.067
53088	2	0.0000	0	3.704	-36.486	38.793	-3.21	9.10	2.41	-0.020	-0.043	0.077
53095	2	0.0000	0	3.637	-36.504	38.752	-3.21	9.07	3.93	0.000	-0.043	0.087
53102	2	0.0000	0	3.571	-36.526	38.715	-3.38	9.22	5.11	0.008	-0.042	0.074
53109	2	0.0000	0	3.513	-36.547	38.685	-2.75	9.40	5.89	0.008	-0.032	0.032
53116	2	0.0000	0	3.458	-36.570	38.658	-2.32	9.00	6.70	0.003	-0.017	0.029
53123	2	0.0000	0	3.411	-36.592	38.639	-1.56	8.83	7.48	-0.013	-0.011	0.013
53130	2	0.0000	0	3.368	-36.615	38.623	-0.34	8.21	8.15	-0.026	0.007	-0.013
53137	2	0.0000	0	3.327	-36.638	38.610	0.47	7.98	8.96	-0.017	0.022	-0.018
53144	2	0.0000	0	3.283	-36.665	38.597	0.98	7.82	9.24	-0.023	0.022	-0.022
53151	2	0.0000	0	3.234	-36.695	38.583	1.73	7.57	10.11	-0.020	0.012	-0.037
53158	2	0.0000	0	3.181	-36.728	38.569	2.05	8.30	10.75	0.000	0.018	-0.028
53165	2	0.0000	0	3.126	-36.763	38.554	2.26	8.56	10.92	0.006	-0.012	-0.016
53172	2	0.0000	0	3.075	-36.794	38.540	2.49	8.95	11.15	0.031	-0.039	-0.027
53179	2	0.0000	0	3.023	-36.827	38.526	2.90	9.39	11.24	0.036	-0.025	-0.008
53186	2	0.0000	0	2.979	-36.857	38.516	3.23	9.90	11.24	0.035	-0.023	0.006
53193	2	0.0000	0	2.940	-36.886	38.510	4.18	10.36	10.58	0.037	-0.012	0.024
53200	2	0.0000	0	2.906	-36.913	38.506	5.04	10.44	10.59	0.036	0.001	0.031
53207	2	0.0000	0	2.874	-36.939	38.504	5.55	10.55	10.61	0.022	0.006	0.040
53214	2	0.0000	0	2.843	-36.964	38.501	6.18	10.65	10.72	0.022	0.007	0.038
53221	2	0.0000	0	2.812	-36.989	38.498	6.79	10.96	10.43	0.017	0.013	0.036
53228	2	0.0000	0	2.781	-37.011	38.492	6.97	11.70	10.05	0.010	0.006	0.027
53235	2	0.0000	0	2.746	-37.034	38.484	7.01	12.36	9.77	0.000	0.016	0.027
53242	2	0.0000	0	2.710	-37.054	38.472	7.04	13.24	9.71	-0.015	0.011	0.006
53249	2	0.0000	0	2.681	-37.071	38.463	7.35	13.86	9.72	-0.009	0.013	-0.025
53256	2	0.0000	0	2.655	-37.084	38.452	7.53	14.29	9.64	-0.020	0.017	-0.038
53263	2	0.0000	0	2.638	-37.092	38.444	7.87	14.38	9.64	-0.026	0.009	-0.034
53270	2	0.0000	0	2.623	-37.097	38.437	8.62	13.94	9.64	-0.027	0.025	-0.039
53277	2	0.0000	0	2.616	-37.098	38.432	9.66	13.42	9.55	-0.027	0.027	-0.026
53284	2	0.0000	0	2.614	-37.096	38.428	10.46	13.10	9.06	-0.037	0.024	-0.024
53291	2	0.0000	0	2.608	-37.094	38.420	11.19	12.96	8.58	-0.026	0.009	-0.018
53298	2	0.0000	0	2.596	-37.094	38.411	11.11	12.91	8.61	0.009	0.004	-0.009
53305	2	0.0000	0	2.576	-37.099	38.397	10.75	13.56	8.74	0.033	-0.024	0.002
53312	2	0.0000	0	2.552	-37.103	38.380	10.10	13.97	8.98	0.059	-0.046	-0.004
53319	2	0.0000	0	2.530	-37.108	38.365	9.24	14.66	9.58	0.081	-0.067	0.000
53326	2	0.0000	0	2.519	-37.107	38.355	8.85	15.05	9.89	0.081	-0.054	0.022
53333	2	0.0000	0	2.518	-37.104	38.351	8.83	14.81	10.68	0.063	-0.026	0.018
53340	2	0.0000	0	2.526	-37.096	38.351	8.92	14.39	11.12	0.029	0.001	0.021
53347	2	0.0000	0	2.542	-37.087	38.355	9.68	13.63	11.75	0.000	0.022	0.013
53354	2	0.0000	0	2.562	-37.074	38.361	10.30	13.17	11.80	-0.035	0.046	0.011
53361	2	0.0000	0	2.579	-37.063	38.365	10.47	12.99	11.70	-0.054	0.061	0.018
53368	2	0.0000	0	2.583	-37.056	38.362	10.49	13.65	11.67	-0.043	0.037	0.014
53375	2	0.0000	0	2.573	-37.057	38.354	9.89	14.16	11.75	-0.028	0.012	0.008
53382	2	0.0000	0	2.551	-37.065	38.342	9.20	14.75	12.17	-0.029	0.000	0.003
53389	2	0.0000	0	2.521	-37.079	38.329	8.43	15.01	12.77	-0.013	-0.013	-0.014
53396	2	0.0000	0	2.489	-37.095	38.317	7.95	15.07	13.09	-0.004	-0.018	-0.021
53403	2	0.0000	0	2.460	-37.112	38.308	8.37	14.28	13.68	-0.002	-0.020	-0.023
53410	2	0.0000	0	2.432	-37.129	38.300	8.17	13.49	13.93	-0.007	-0.001	-0.015
53417	2	0.0000	0	2.408	-37.146	38.295	8.45	12.57	14.05	0.005	0.007	-0.005
53424	2	0.0000	0	2.379	-37.164	38.287	8.40	12.03	14.20	0.014	0.009	0.003
53431	2	0.0000	0	2.353	-37.179	38.278	8.41	11.69	14.11	0.026	0.005	0.025
53438	2	0.0000	0	2.328	-37.191	38.269	8.12	11.42	13.50	0.015	-0.014	0.036
53445	2	0.0000	0	2.300	-37.205	38.257	7.62	11.45	12.92	0.020	-0.026	0.040
53452	2	0.0000	0	2.271	-37.217	38.244	7.43	11.64	12.50	0.029	-0.028	0.050
53459	2	0.0000	0	2.242	-37.231	38.232	6.38	12.15	11.98	0.018	-0.023	0.033
53466	2	0.0000	0	2.214	-37.246	38.222	6.17	11.94	11.77	0.021	-0.020	0.013
53473	2	0.0000	0	2.187	-37.262	38.214	5.67	11.65	11.82	0.011	-0.016	-0.001
53480	2	0.0000	0	2.166	-37.278	38.211	5.44	11.45	12.14	0.008	0.017	-0.028
53486	2	0.0000	0	2.146	-37.295	38.210	5.36	10.59	12.24	-0.000	0.030	-0.054
53494	2	0.0000	0	2.127	-37.311	38.209	5.19	9.68	12.36	-0.019	0.037	-0.058
53500	2	0.0000	0	2.111	-37.326	38.209	5.30	8.74	12.03	-0.020	0.037	-0.060
53507	2	0.0000	0	2.091	-37.342	38.207	5.22	8.49	11.52	-0.023	0.038	-0.044
53514	2	0.0000	0	2.070	-37.356	38.203	5.16	8.50	10.93	-0.025	0.026	-0.024
53521	2	0.0000	0	2.038	-37.373	38.190	4.57	9.29	9.56	-0.020	-0.000	0.011
53528	2	0.0000	0	2.000	-37.391	38.175	3.96	9.86	8.23	-0.007	-0.027	0.044
53535	2	0.0000	0	1.961	-37.410	38.159	3.24	10.23	7.31	0.013	-0.047	0.055
53542	2	0.0000	0	1.922	-37.433	38.147	2.98	10.17	7.00	0.030	-0.051	0.062
53549	2	0.0000	0	1.883	-37.458	38.137	2.69	9.73	6.57	0.020	-0.030	0.067
53556	2	0.0000	0	1.851	-37.481	38.131	2.49	9.00	6.02	0.023	-0.005	0.051
53563	2	0.0000	0	1.818	-37.505	38.126	2.82	8.10	5.64	-0.004	0.029	0.043
53570	2	0.0000	0	1.789	-37.524	38.119	3.03	7.45	4.91	-0.009	0.045	0.037
53577	2	0.0000	0	1.763	-37.539	38.110	2.95	7.26	3.60	-0.015	0.040	0.023
53584	2	0.0000	0	1.740	-37.547	38.098	2.98	7.20	2.68	-0.008	0.045	0.016
53591	2	0.0000	0	1.716	-37.551	38.081	2.35	7.60	1.01	-0.028	0.010	0.012
53598	2	0.0000	0	1.688	-37.555	38.060	1.85	7.93	-0.30	-0.026	-0.000	-0.004
53605	2	0.0000	0	1.666	-37.555	38.041	1.31	7.85	-1.16	-0.031	-0.006	-0.018
53612	2	0.0000	0	1.647	-37.552	38.021	1.47	7.40	-2.47	-0.012	-0.007	-0.020
53619	2	0.0000	0	1.638	-37.544	38.006	1.67	7.10	-4.15	-0.019	-0.019	-0.029
53626	2	0.0000	0	1.638	-37.532	37.994	2.31	5.76	-5.57	-0.016	-0.004	-0.036
53633	2	0.0000	0	1.639	-37.521	37.984	2.87	5.01	-6.23	-0.015	0.010	-0.046
53640	2	0.0000	0	1.640	-37.511	37.975	2.79	3.67	-7.14	-0.008	0.022	-0.047
53647	2	0.0000	0	1.638	-37.502	37.965	2.48	2.60	-7.43	0.003	0.028	-0.056
53654	2	0.0000	0	1.638	-37.492	37.955	1.57	1.90	-7.95	0.006	0.028	-0.023
53661	2	0.0000	0	1.637	-37.481	37.943	0.93	1.40	-8.71	0.036	0.015	-0.028
53668	2	0.0000	0	1.649	-37.461	37.934	0.50	0.97	-9.75	0.044	0.004	0.008
53675	2	0.0000	0	1.667	-37.435	37.925	0.11	0.60	-10.90	0.054	-0.009	0.018
53682	2	0.0000	0	1.697	-37.402	37.919	-0.35	0.18	-12.44	0.040	-0.017	0.046
53689	2	0.0000	0	1.735	-37.364	37.916	-0.22	-0.54	-13.86	0.037	-0.011	0.040
53696	2	0.0000	0	1.775	-37.326	37.914	-0.69	-1.20	-14.43	0.018	-0.009	0.038
53703	2	0.0000	0	1.824	-37.287	37.918	-0.90	-2.03	-15.08	0.004	0.001	0.031
53710	2	0.0000	0	1.869	-37.248	37.921	-1.79	-2.74	-15.70	-0.012	0.007	0.002
53717	2	0.0000	0	1.918	-37.210	37.926	-2.37	-3.70	-16.06	-0.010	0.003	-0.013
53724	2	0.0000	0	1.965	-37.171	37.930	-2.77	-4.16	-16.26	-0.024	-0.001	-0.025
53731	2	0.0000	0	2.013	-37.133	37.934	-3.55	-5.02	-16.95	-0.027	-0.009	-0.036
53738	2	0.0000	0	2.063	-37.090	37.937	-4.06	-5.82	-17.32	-0.028	-0.016	-0.049
53745	2	0.0000	0	2.112	-37.048	37.939	-4.58	-6.83	-17.81	-0.016	0.005	-0.051
53752	2	0.0000	0	2.162	-37.003	37.940	-4.64	-7.60	-18.67	-0.005	-0.009	-0.035
53759	2	0.0000	0	2.209	-36.961	37.940	-5.25	-8.15	-18.88	-0.011	0.003	-0.013
53766	2	0.0000	0	2.253	-36.917	37.936	-5.49	-9.28	-19.41	-0.008	0.006	-0.003
53773	2	0.0000	0	2.295	-36.876	37.933	-5.78	-10.09	-19.79	0.001	0.001	0.019
53781	2	0.0000	0	2.337	-36.835	37.930	-6.28	-10.97	-19.90	-0.009	0.016	0.013
53788	2	0.0000	0	2.374	-36.797	37.925	-6.62	-11.88	-20.12	0.002	0.009	0.027
53795	2	0.0000	0	2.407	-36.761	37.919	-7.20	-12.64	-20.37	-0.015	0.015	0.021
53802	2	0.0000	0	2.440	-36.725	37.914	-7.69	-13.10	-20.58	-0.015	-0.004	0.021
53809	2	0.0000	0	2.479	-36.688	37.912	-8.22	-13.89	-20.85	-0.010	-0.008	0.012
53815	2	0.0000	0	2.521	-36.650	37.912	-8.53	-14.76	-21.04	0.013	-0.016	0.008
53823	2	0.0000	0	2.569	-36.611	37.916	-9.44	-15.41	-21.17	0.015	-0.008	-0.015
53830	2	0.0000	0	2.619	-36.575	37.925	-9.98	-16.29	-20.93	0.027	-0.007	-0.022
53837	2	0.0000	0	2.677	-36.535	37.937	-10.59	-17.34	-20.95	0.022	-0.005	-0.028
53844	2	0.0000	0	2.746	-36.488	37.952	-11.11	-18.17	-21.18	0.016	0.003	-0.025
53851	2	0.0000	0	2.813	-36.445	37.970	-11.42	-19.27	-21.16	0.004	0.004	-0.022
53858	2	0.0000	0	2.877	-36.405	37.987	-12.06	-20.01	-21.56	0.012	-0.002	-0.008
53865	2	0.0000	0	2.940	-36.366	38.004	-12.36	-20.36	-21.66	0.001	-0.008	0.001
53873	2	0.0000	0	2.998	-36.331	38.020	-13.05	-20.63	-22.18	-0.010	-0.026	0.003
53880	2	0.0000	0	3.044	-36.302	38.034	-14.16	-20.51	-22.14	0.012	-0.036	-0.001
53887	2	0.0000	0	3.085	-36.281	38.048	-15.44	-20.49	-22.04	0.017	-0.042	-0.006
53894	2	0.0000	0	3.124	-36.262	38.065	-16.54	-20.64	-21.84	0.016	-0.025	0.004
53901	2	0.0000	0	3.160	-36.247	38.081	-17.45	-21.14	-21.39	0.003	-0.015	0.011
53908	2	0.0000	0	3.195	-36.232	38.097	-18.03	-21.71	-21.09	-0.005	-0.005	-0.006
53915	2	0.0000	0	3.231	-36.215	38.112	-18.29	-22.07	-21.10	-0.018	0.009	0.013
53922	2	0.0000	0	3.262	-36.200	38.125	-18.93	-22.33	-21.36	-0.027	0.012	0.010
53929	2	0.0000	0	3.291	-36.183	38.134	-19.39	-22.53	-21.65	-0.021	0.028	-0.003
53936	2	0.0000	0	3.313	-36.166	38.138	-20.12	-22.29	-22.01	-0.020	0.021	0.010
53943	2	0.0000	0	3.329	-36.153	38.138	-21.10	-22.03	-22.45	-0.003	0.013	0.016
53950	2	0.0000	0	3.337	-36.140	38.133	-21.75	-21.82	-22.75	-0.004	-0.005	0.014
53957	2	0.0000	0	3.338	-36.133	38.128	-22.39	-21.48	-23.19	0.023	-0.006	0.006
53964	2	0.0000	0	3.338	-36.128	38.122	-23.21	-21.92	-23.20	0.021	-0.029	0.012
53971	2	0.0000	0	3.332	-36.127	38.116	-24.31	-22.03	-23.05	0.036	0.001	0.002
53978	2	0.0000	0	3.323	-36.128	38.110	-24.92	-22.60	-22.50	0.037	0.006	-0.013
53985	2	0.0000	0	3.312	-36.132	38.104	-26.38	-22.82	-21.77	0.046	-0.003	-0.036
53992	2	0.0000	0	3.302	-36.135	38.098	-27.65	-23.77	-20.82	0.037	0.023	-0.042
53999	2	0.0000	0	3.293	-36.139	38.093	-28.33	-24.48	-19.54	0.040	0.007	-0.052
54006	2	0.0000	0	3.288	-36.135	38.086	-29.24	-24.68	-19.06	0.007	0.002	-0.044
54013	2	0.0000	0	3.283	-36.132	38.078	-29.58	-24.85	-18.54	-0.006	0.001	-0.044
54020	2	0.0000	0	3.271	-36.130	38.066	-29.73	-25.15	-18.42	-0.028	-0.014	-0.011
54027	2	0.0000	0	3.251	-36.134	38.051	-30.28	-25.05	-17.97	-0.036	-0.023	-0.023
54034	2	0.0000	0	3.223	-36.142	38.035	-30.77	-25.01	-17.95	-0.043	-0.015	0.012
54041	2	0.0000	0	3.185	-36.159	38.018	-31.18	-24.95	-17.80	-0.056	-0.021	0.035
54048	2	0.0000	0	3.130	-36.189	37.999	-31.63	-24.46	-17.84	-0.049	-0.016	0.033
54056	2	0.0000	0	3.059	-36.232	37.978	-32.29	-24.43	-17.54	-0.043	-0.001	0.046
54063	2	0.0000	0	2.980	-36.283	37.958	-32.76	-24.00	-17.71	-0.024	0.006	0.057
54070	2	0.0000	0	2.898	-36.340	37.941	-32.77	-24.37	-17.64	-0.025	0.015	0.057
54077	2	0.0000	0	2.814	-36.400	37.926	-32.48	-24.63	-17.98	-0.020	0.030	0.034
54084	2	0.0000	0	2.731	-36.460	37.911	-31.82	-25.26	-18.43	-0.016	0.044	0.039
54091	2	0.0000	0	2.646	-36.520	37.894	-31.12	-25.29	-18.79	-0.019	0.034	0.045
54098	2	0.0000	0	2.559	-36.579	37.877	-30.38	-25.32	-19.50	-0.020	0.037	0.025
54105	2	0.0000	0	2.476	-36.635	37.857	-29.73	-25.14	-20.01	-0.009	0.016	0.018
54112	2	0.0000	0	2.392	-36.689	37.837	-29.40	-24.95	-20.42	0.009	-0.001	-0.011
54119	2	0.0000	0	2.313	-36.735	37.811	-28.72	-24.31	-21.32	0.006	-0.030	-0.030
54126	2	0.0000	0	2.243	-36.776	37.790	-27.54	-23.63	-22.02	-0.010	-0.032	-0.021
54133	2	0.0000	0	2.186	-36.808	37.770	-26.38	-23.29	-23.31	-0.004	-0.056	-0.039
54140	2	0.0000	0	2.144	-36.833	37.758	-24.24	-23.03	-23.91	-0.014	-0.038	-0.034
54147	2	0.0000	0	2.112	-36.852	37.749	-23.26	-22.84	-24.24	-0.030	-0.043	-0.039
54154	2	0.0000	0	2.086	-36.868	37.741	-22.01	-22.48	-24.47	-0.018	-0.027	-0.054
54161	2	0.0000	0	2.066	-36.880	37.735	-20.99	-22.14	-24.56	-0.006	-0.008	-0.037
54168	2	0.0000	0	2.051	-36.887	37.729	-20.19	-21.40	-23.99	0.011	-0.003	-0.051
54175	2	0.0000	0	2.047	-36.887	37.725	-19.12	-20.69	-23.45	0.013	0.018	-0.024
54182	2	0.0000	0	2.052	-36.880	37.723	-18.65	-20.16	-23.18	0.022	0.024	-0.020
54189	2	0.0000	0	2.067	-36.865	37.722	-17.64	-19.43	-22.80	0.021	0.023	-0.012
54196	2	0.0000	0	2.096	-36.840	37.723	-16.34	-18.01	-22.67	0.028	0.006	-0.015
54203	2	0.0000	0	2.128	-36.812	37.724	-15.28	-17.15	-22.16	0.022	-0.014	0.016
54210	2	0.0000	0	2.163	-36.782	37.725	-14.67	-16.52	-21.71	0.022	-0.038	0.004
54217	2	0.0000	0	2.200	-36.751	37.728	-13.84	-15.18	-20.80	0.004	-0.032	0.006
54224	2	0.0000	0	2.234	-36.723	37.731	-13.19	-14.24	-19.86	0.001	-0.034	-0.004
54231	2	0.0000	0	2.266	-36.696	37.732	-12.42	-13.05	-18.76	-0.005	-0.045	0.001
54238	2	0.0000	0	2.297	-36.672	37.736	-11.62	-12.44	-17.63	-0.005	-0.026	-0.001
54245	2	0.0000	0	2.324	-36.652	37.740	-11.07	-11.90	-16.92	-0.007	-0.024	0.002
54253	2	0.0000	0	2.345	-36.635	37.743	-10.39	-10.88	-15.98	-0.011	-0.002	-0.007
54260	2	0.0000	0	2.362	-36.622	37.745	-10.08	-10.02	-15.03	0.007	0.005	0.001
54267	2	0.0000	0	2.374	-36.610	37.744	-9.89	-9.20	-14.13	0.003	0.011	-0.018
54274	2	0.0000	0	2.386	-36.599	37.744	-9.62	-8.40	-12.89	0.011	0.036	-0.016
54281	2	0.0000	0	2.400	-36.586	37.743	-9.36	-7.67	-12.07	0.006	0.020	-0.019
54288	2	0.0000	0	2.414	-36.571	37.740	-9.11	-7.18	-11.76	-0.002	0.032	-0.004
54295	2	0.0000	0	2.430	-36.554	37.738	-7.92	-6.86	-11.79	-0.020	0.022	0.015
54302	2	0.0000	0	2.447	-36.535	37.735	-6.93	-6.56	-11.92	-0.015	0.030	0.022
54309	2	0.0000	0	2.460	-36.519	37.731	-6.41	-6.12	-11.92	-0.020	0.005	0.033
54316	2	0.0000	0	2.464	-36.508	37.723	-6.17	-5.68	-11.13	-0.012	-0.000	0.022
54323	2	0.0000	0	2.462	-36.499	37.713	-5.89	-5.31	-10.93	0.006	-0.030	0.020
54330	2	0.0000	0	2.452	-36.496	37.701	-6.25	-4.35	-10.05	0.032	-0.040	0.013
54337	2	0.0000	0	2.441	-36.490	37.685	-6.37	-3.56	-9.44	0.041	-0.043	-0.005
54345	2	0.0000	0	2.433	-36.482	37.671	-6.63	-3.15	-8.86	0.052	-0.037	0.001
54352	2	0.0000	0	2.432	-36.471	37.659	-6.54	-2.56	-8.70	0.048	-0.022	0.012
54359	2	0.0000	0	2.436	-36.457	37.649	-6.13	-2.36	-8.67	0.030	0.006	0.018
54366	2	0.0000	0	2.449	-36.439	37.643	-5.78	-1.88	-8.45	0.012	0.026	0.019
54373	2	0.0000	0	2.461	-36.423	37.637	-5.56	-1.54	-8.37	0.003	0.041	0.003
54380	2	0.0000	0	2.473	-36.407	37.633	-5.53	-1.13	-7.97	-0.022	0.026	0.006
54387	2	0.0000	0	2.485	-36.393	37.630	-5.46	-0.85	-8.11	-0.019	0.028	0.010
54394	2	0.0000	0	2.494	-36.383	37.628	-5.53	-0.29	-7.64	-0.028	0.043	-0.001
54401	2	0.0000	0	2.498	-36.376	37.624	-5.94	0.08	-7.18	-0.011	0.038	-0.010
54408	2	0.0000	0	2.497	-36.371	37.619	-6.10	0.58	-6.67	-0.018	0.006	-0.006
54415	2	0.0000	0	2.494	-36.367	37.612	-6.33	1.06	-6.71	-0.002	0.008	-0.001
54422	2	0.0000	0	2.488	-36.362	37.602	-6.74	1.71	-6.84	0.009	-0.020	-0.004
54429	2	0.0000	0	2.475	-36.359	37.588	-6.98	2.33	-6.90	0.004	-0.039	0.009
54436	2	0.0000	0	2.456	-36.359	37.571	-7.72	3.24	-7.19	0.023	-0.049	0.016
54443	2	0.0000	0	2.436	-36.357	37.551	-8.52	4.05	-7.51	0.039	-0.036	0.025
54450	2	0.0000	0	2.417	-36.351	37.529	-9.18	4.75	-7.75	0.038	-0.044	0.020
54457	2	0.0000	0	2.393	-36.346	37.503	-9.60	5.15	-7.95	0.034	-0.016	0.015
54464	2	0.0000	0	2.372	-36.339	37.478	-9.92	5.42	-8.11	0.010	0.013	0.009
54471	2	0.0000	0	2.347	-36.331	37.448	-9.98	5.48	-8.75	0.002	0.029	0.011
54478	2	0.0000	0	2.316	-36.325	37.415	-10.32	5.74	-9.09	-0.005	0.059	0.016
54485	2	0.0000	0	2.275	-36.324	37.378	-10.41	5.67	-9.67	-0.012	0.055	0.003
54492	2	0.0000	0	2.232	-36.321	37.337	-10.90	5.97	-9.89	0.017	0.056	-0.013
54499	2	0.0000	0	2.177	-36.324	37.292	-11.81	6.23	-9.89	-0.002	0.049	-0.024
54506	2	0.0000	0	2.113	-36.332	37.243	-12.66	6.37	-9.92	0.008	0.022	-0.022
54513	2	0.0000	0	2.047	-36.342	37.195	-12.77	6.26	-8.22	0.002	0.004	-0.065
54520	2	0.0000	0	1.976	-36.357	37.148	-12.13	6.62	-5.52	-0.025	-0.025	-0.088
54527	2	0.0000	0	1.916	-36.359	37.096	-11.86	7.34	-5.24	-0.041	-0.038	-0.083
54534	2	0.0000	0	1.871	-36.348	37.045	-11.28	7.86	-5.07	-0.055	-0.062	-0.044
54541	2	0.0000	0	1.831	-36.332	36.994	-10.87	8.58	-5.57	-0.070	-0.042	-0.004
54548	2	0.0000	0	1.750	-36.349	36.940	-9.67	7.48	-1.75	-0.227	-0.024	-0.046
54555	2	0.0000	0	1.682	-36.357	36.889	-8.72	8.71	-1.39	-0.277	-0.040	-0.014
54562	2	0.0000	0	1.594	-36.370	36.823	-7.39	10.39	-1.44	-0.265	-0.029	0.001
54569	2	0.0000	0	1.517	-36.374	36.759	-5.89	10.82	0.53	-0.289	-0.013	0.037
54576	2	0.0000	0	1.441	-36.379	36.697	-4.81	12.11	1.12	-0.238	0.006	0.053
54583	2	0.0000	0	1.378	-36.377	36.640	-3.51	12.26	1.78	-0.169	0.017	0.070
54590	2	0.0000	0	1.334	-36.366	36.591	-2.00	13.42	1.55	-0.083	0.025	0.075
54597	2	0.0000	0	1.299	-36.352	36.546	-0.15	13.22	1.69	0.013	0.049	0.079
54604	2	0.0000	0	1.260	-36.346	36.506	0.79	13.24	2.22	0.130	0.064	0.063
54611	2	0.0000	0	1.220	-36.343	36.468	1.66	13.33	2.83	0.204	0.061	0.036
54618	2	0.0000	0	1.180	-36.347	36.436	2.20	13.22	3.58	0.277	0.061	0.006
54625	2	0.0000	0	1.131	-36.357	36.403	2.66	12.94	4.34	0.337	0.034	-0.020
54632	2	0.0000	0	1.085	-36.366	36.372	2.46	13.11	5.12	0.390	0.015	-0.041
54639	2	0.0000	0	1.041	-36.376	36.343	2.08	13.58	5.24	0.411	-0.005	-0.054
54646	2	0.0000	0	1.006	-36.382	36.317	2.05	13.57	5.49	0.417	-0.026	-0.061
54653	2	0.0000	0	0.976	-36.387	36.296	1.74	13.36	5.37	0.411	-0.029	-0.055
54660	2	0.0000	0	0.963	-36.386	36.283	2.25	12.38	5.43	0.351	-0.020	-0.032
54667	2	0.0000	0	0.948	-36.388	36.272	2.59	11.24	5.16	0.274	-0.001	-0.008
54674	2	0.0000	0	0.933	-36.389	36.260	3.10	10.69	4.78	0.172	-0.005	0.020
54681	2	0.0000	0	0.909	-36.394	36.243	3.37	10.12	4.55	0.054	0.020	0.041
54688	2	0.0000	0	0.874	-36.401	36.220	2.97	10.01	4.01	-0.032	0.016	0.065
54695	2	0.0000	0	0.831	-36.411	36.192	2.30	9.95	3.78	-0.123	0.002	0.052
54702	2	0.0000	0	0.781	-36.422	36.159	1.02	9.96	3.78	-0.208	0.007	0.055
54709	2	0.0000	0	0.731	-36.433	36.126	0.62	9.91	3.48	-0.270	-0.005	0.053
54716	2	0.0000	0	0.683	-36.443	36.092	-0.19	9.85	2.99	-0.324	-0.003	0.046
54723	2	0.0000	0	0.647	-36.447	36.064	-0.14	9.17	2.56	-0.357	-0.011	0.053
54730	2	0.0000	0	0.617	-36.446	36.038	0.21	8.18	1.40	-0.381	0.019	0.058
54737	2	0.0000	0	0.601	-36.441	36.018	0.86	7.25	0.21	-0.371	0.027	0.046
54744	2	0.0000	0	0.588	-36.434	36.000	1.11	6.29	-0.57	-0.320	0.029	0.027
54751	2	0.0000	0	0.571	-36.430	35.981	1.00	5.45	-0.99	-0.283	0.020	0.008
54758	2	0.0000	0	0.548	-36.429	35.960	-0.07	5.15	-1.63	-0.186	0.013	-0.020
54765	2	0.0000	0	0.526	-36.429	35.941	-0.89	4.91	-1.53	-0.089	-0.008	-0.038
54772	2	0.0000	0	0.502	-36.432	35.922	-1.63	4.45	-1.81	0.006	-0.002	-0.057
54779	2	0.0000	0	0.476	-36.439	35.906	-1.43	3.52	-0.76	0.044	0.003	-0.081
54786	2	0.0000	0	0.466	-36.439	35.897	-0.67	2.94	-0.30	0.088	-0.021	-0.099
54793	2	0.0000	0	0.467	-36.432	35.892	0.13	2.30	-0.77	0.120	-0.017	-0.069
54800	2	0.0000	0	0.464	-36.425	35.882	0.48	2.19	-0.70	0.100	-0.022	-0.049
54807	2	0.0000	0	0.468	-36.417	35.878	0.29	1.60	-0.35	0.051	-0.017	-0.029
54814	2	0.0000	0	0.465	-36.411	35.870	0.29	1.46	0.54	-0.007	-0.028	-0.022
54821	2	0.0000	0	0.458	-36.408	35.861	-0.28	1.49	1.18	-0.079	-0.027	-0.000
54828	2	0.0000	0	0.459	-36.399	35.853	-0.10	1.50	1.52	-0.166	-0.038	0.012
54835	2	0.0000	0	0.470	-36.385	35.848	0.07	1.78	1.28	-0.256	-0.029	0.055
54842	2	0.0000	0	0.488	-36.367	35.846	0.40	1.72	0.79	-0.346	-0.006	0.058
54849	2	0.0000	0	0.508	-36.348	35.845	0.31	1.58	0.29	-0.395	-0.007	0.071
54856	2	0.0000	0	0.522	-36.333	35.844	-0.12	1.24	0.21	-0.464	0.018	0.073
54863	2	0.0000	0	0.533	-36.322	35.843	-0.71	1.26	0.05	-0.502	0.024	0.064
54871	2	0.0000	0	0.538	-36.319	35.844	-1.37	0.64	-0.05	-0.540	0.046	0.037
54877	2	0.0000	0	0.536	-36.322	35.845	-1.85	0.13	-0.21	-0.577	0.064	0.021
54884	2	0.0000	0	0.528	-36.328	35.844	-2.18	-0.52	-0.51	-0.618	0.059	-0.008
54891	2	0.0000	0	0.516	-36.338	35.843	-1.73	-1.55	-0.67	-0.689	0.054	-0.007
54898	2	0.0000	0	0.495	-36.354	35.840	-1.65	-2.11	-1.14	-0.787	0.052	-0.039
54905	2	0.0000	0	0.471	-36.371	35.836	-1.61	-2.46	-1.15	-0.936	0.026	-0.042
54912	2	0.0000	0	0.443	-36.389	35.829	-1.70	-2.56	-1.07	-1.116	-0.009	-0.040
54919	2	0.0000	0	0.413	-36.408	35.821	-1.83	-2.34	-0.94	-1.337	-0.046	-0.046
54927	2	0.0000	0	0.383	-36.428	35.814	-2.22	-2.07	-0.50	-1.570	-0.077	-0.066
54934	2	0.0000	0	0.359	-36.444	35.808	-2.87	-2.01	0.09	-1.704	-0.080	-0.057
54941	2	0.0000	0	0.342	-36.457	35.806	-3.20	-2.11	-0.01	-1.787	-0.083	-0.045
54948	2	0.0000	0	0.333	-36.466	35.807	-3.62	-2.46	-0.20	-1.805	-0.065	-0.019
54955	2	0.0000	0	0.343	-36.466	35.816	-3.28	-3.11	-0.84	-1.806	-0.033	-0.004
54962	2	0.0000	0	0.369	-36.457	35.830	-2.45	-4.04	-1.69	-1.919	0.017	0.028
54969	2	0.0000	0	0.405	-36.443	35.848	-1.12	-4.61	-1.91	-2.103	0.049	0.050
54976	2	0.0000	0	0.442	-36.426	35.863	-0.33	-4.42	-2.16	-2.323	0.054	0.060
54983	2	0.0000	0	0.462	-36.415	35.871	-0.86	-4.04	-2.12	-2.420	0.049	0.057
54990	2	0.0000	0	0.462	-36.414	35.870	-2.28	-3.37	-1.89	-2.339	0.029	0.046
54997	2	0.0000	0	0.448	-36.421	35.864	-4.75	-2.60	-1.46	-2.198	-0.001	0.042
55004	2	0.0000	0	0.436	-36.429	35.861	-6.08	-1.93	-1.65	-2.135	-0.028	0.027
55011	2	0.0000	0	0.432	-36.434	35.863	-5.97	-1.85	-2.26	-2.205	-0.032	0.010
55018	2	0.0000	0	0.434	-36.440	35.871	-5.45	-2.29	-2.44	-2.311	-0.034	-0.028
55025	2	0.0000	0	0.430	-36.452	35.879	-5.11	-2.67	-2.30	-2.301	-0.032	-0.040
55032	2	0.0000	0	0.408	-36.475	35.881	-5.59	-3.48	-1.54	-2.123	-0.031	-0.065
55039	2	0.0000	0	0.364	-36.505	35.873	-6.32	-3.27	-0.81	-1.772	-0.026	-0.093
55046	2	0.0000	0	0.321	-36.536	35.864	-6.49	-2.96	-0.85	-1.475	-0.039	-0.094
55053	2	0.0000	0	0.288	-36.558	35.858	-5.75	-2.44	0.11	-1.207	-0.021	-0.083
55060	2	0.0000	0	0.268	-36.570	35.851	-4.54	-1.68	0.26	-1.025	-0.017	-0.073
55067	2	0.0000	0	0.254	-36.576	35.844	-2.70	-1.09	1.11	-0.865	-0.002	-0.042
55074	2	0.0000	0	0.249	-36.577	35.841	-1.36	-0.52	1.42	-0.698	-0.001	-0.010
55081	2	0.0000	0	0.250	-36.574	35.839	-0.03	0.27	1.95	-0.524	0.014	0.008
55088	2	0.0000	0	0.253	-36.569	35.837	1.06	1.47	2.19	-0.324	0.008	0.031
55095	2	0.0000	0	0.245	-36.571	35.831	1.59	2.74	3.03	-0.138	-0.002	0.040
55102	2	0.0000	0	0.229	-36.578	35.824	1.66	3.51	3.89	0.060	-0.004	0.047
55109	2	0.0000	0	0.216	-36.584	35.819	2.28	4.90	4.94	0.265	-0.001	0.056
55116	2	0.0000	0	0.209	-36.588	35.817	3.23	5.74	5.69	0.478	0.005	0.058
55123	2	0.0000	0	0.207	-36.592	35.819	4.56	6.23	6.52	0.637	0.019	0.054
55130	2	0.0000	0	0.212	-36.594	35.825	6.00	6.51	7.32	0.782	0.030	0.042
55137	2	0.0000	0	0.215	-36.599	35.833	6.87	6.74	8.24	0.902	0.036	0.016
55144	2	0.0000	0	0.218	-36.603	35.839	8.08	7.29	9.66	1.045	0.035	-0.008
55151	2	0.0000	0	0.222	-36.607	35.846	9.03	7.91	10.19	1.196	0.030	-0.013
55158	2	0.0000	0	0.222	-36.610	35.850	9.09	8.98	10.75	1.415	0.017	-0.021
55165	2	0.0000	0	0.218	-36.614	35.849	8.77	9.21	10.63	1.679	-0.014	-0.025
55171	2	0.0000	0	0.220	-36.615	35.852	7.94	10.00	10.56	1.922	-0.007	-0.002
55179	2	0.0000	0	0.230	-36.613	35.860	7.87	9.84	10.58	2.080	-0.008	0.006
55186	2	0.0000	0	0.259	-36.605	35.878	8.16	9.55	9.94	2.031	0.002	0.016
55193	2	0.0000	0	0.287	-36.600	35.896	8.85	8.92	10.00	1.883	0.019	0.013
55200	2	0.0000	0	0.308	-36.596	35.912	9.12	8.60	9.94	1.701	0.023	-0.000
55207	2	0.0000	0	0.309	-36.603	35.919	8.36	8.32	10.35	1.610	0.013	0.002
55214	2	0.0000	0	0.289	-36.616	35.915	6.51	8.25	10.46	1.596	0.010	0.003
55221	2	0.0000	0	0.260	-36.631	35.903	4.57	8.50	9.94	1.636	-0.002	0.014
55227	2	0.0000	0	0.226	-36.643	35.885	3.43	8.81	9.29	1.642	-0.028	0.024
55234	2	0.0000	0	0.203	-36.650	35.872	2.85	9.17	7.92	1.508	-0.024	0.028
55241	2	0.0000	0	0.191	-36.653	35.864	2.99	8.51	6.75	1.250	-0.007	0.028
55248	2	0.0000	0	0.188	-36.653	35.861	3.60	7.70	6.11	0.900	0.003	0.007
55256	2	0.0000	0	0.184	-36.655	35.860	4.32	7.36	5.94	0.450	0.013	-0.012
55263	2	0.0000	0	0.177	-36.657	35.856	4.91	6.73	5.66	0.034	0.018	-0.018
55270	2	0.0000	0	0.161	-36.664	35.849	4.56	6.42	5.27	-0.364	0.002	-0.033
55277	2	0.0000	0	0.136	-36.672	35.834	3.64	6.86	5.53	-0.693	-0.002	-0.032
55284	2	0.0000	0	0.104	-36.682	35.816	2.47	6.94	5.35	-0.978	-0.033	-0.041
55291	2	0.0000	0	0.064	-36.694	35.792	1.33	7.47	5.11	-1.159	-0.022	-0.035
55298	2	0.0000	0	0.032	-36.701	35.771	-0.14	7.22	4.51	-1.237	-0.013	-0.013
55305	2	0.0000	0	0.009	-36.707	35.756	-1.19	6.49	3.44	-1.248	-0.003	-0.003
55312	2	0.0000	0	-0.008	-36.709	35.744	-1.67	5.22	2.86	-1.210	0.029	0.022
55319	2	0.0000	0	-0.015	-36.712	35.740	-1.78	3.69	1.76	-1.132	0.060	0.035
55326	2	0.0000	0	-0.012	-36.708	35.740	-1.38	2.77	1.53	-1.069	0.070	0.036
55333	2	0.0000	0	-0.007	-36.706	35.742	-1.18	1.06	0.94	-1.053	0.073	0.051
55340	2	0.0000	0	-0.001	-36.702	35.743	-0.40	-0.17	0.74	-1.082	0.066	0.040
55347	2	0.0000	0	-0.002	-36.697	35.737	-0.03	-0.75	0.42	-1.169	0.023	0.028
55354	2	0.0000	0	-0.017	-36.696	35.723	-0.67	-0.21	0.10	-1.249	-0.006	0.016
55361	2	0.0000	0	-0.044	-36.698	35.702	-0.90	0.08	-0.06	-1.264	-0.049	-0.009
55368	2	0.0000	0	-0.084	-36.707	35.674	-2.13	0.77	-0.06	-1.247	-0.090	-0.028
55375	2	0.0000	0	-0.129	-36.721	35.649	-3.42	0.92	-0.08	-1.164	-0.107	-0.045
55382	2	0.0000	0	-0.171	-36.737	35.628	-4.55	0.70	-0.31	-1.013	-0.098	-0.032
55389	2	0.0000	0	-0.209	-36.754	35.611	-4.64	0.40	-0.34	-0.761	-0.054	-0.049
55396	2	0.0000	0	-0.224	-36.763	35.605	-4.70	-0.97	-1.03	-0.470	-0.017	-0.031
55403	2	0.0000	0	-0.227	-36.771	35.612	-4.13	-2.94	-1.52	-0.172	0.027	-0.028
55410	2	0.0000	0	-0.219	-36.776	35.623	-3.39	-4.36	-1.91	0.110	0.082	-0.004
55417	2	0.0000	0	-0.212	-36.782	35.634	-2.78	-5.81	-2.23	0.393	0.106	0.001
55424	2	0.0000	0	-0.210	-36.789	35.643	-2.59	-6.57	-2.30	0.596	0.108	0.007
55432	2	0.0000	0	-0.212	-36.795	35.647	-2.40	-6.78	-2.59	0.785	0.080	0.020
55439	2	0.0000	0	-0.218	-36.800	35.648	-2.90	-6.60	-3.02	0.872	0.040	0.032
55446	2	0.0000	0	-0.225	-36.805	35.645	-3.14	-6.21	-3.59	0.877	-0.008	0.027
55453	2	0.0000	0	-0.231	-36.809	35.645	-3.26	-5.91	-3.98	0.822	-0.058	0.044
55460	2	0.0000	0	-0.231	-36.812	35.647	-3.31	-5.80	-4.04	0.690	-0.060	0.033
55467	2	0.0000	0	-0.233	-36.818	35.651	-3.20	-5.91	-4.15	0.528	-0.088	0.027
55473	2	0.0000	0	-0.231	-36.822	35.657	-3.01	-6.51	-4.06	0.349	-0.081	0.002
55480	2	0.0000	0	-0.228	-36.827	35.665	-2.82	-6.65	-3.68	0.159	-0.081	-0.008
55488	2	0.0000	0	-0.225	-36.833	35.673	-2.81	-7.00	-3.77	-0.040	-0.066	-0.025
55495	2	0.0000	0	-0.227	-36.840	35.678	-3.18	-6.88	-3.73	-0.216	-0.035	-0.041
55502	2	0.0000	0	-0.223	-36.843	35.685	-3.40	-6.72	-4.18	-0.376	-0.004	-0.033
55509	2	0.0000	0	-0.219	-36.844	35.690	-3.77	-6.47	-4.28	-0.515	0.007	-0.027
55516	2	0.0000	0	-0.213	-36.843	35.693	-3.96	-6.07	-4.91	-0.600	0.031	-0.008
55523	2	0.0000	0	-0.206	-36.841	35.698	-4.60	-5.79	-4.98	-0.662	0.049	0.016
55530	2	0.0000	0	-0.195	-36.840	35.706	-4.83	-5.88	-5.50	-0.673	0.058	0.024
55537	2	0.0000	0	-0.180	-36.838	35.717	-5.04	-5.75	-6.05	-0.632	0.069	0.040
55544	2	0.0000	0	-0.162	-36.836	35.732	-5.26	-6.21	-6.33	-0.563	0.058	0.041
55550	2	0.0000	0	-0.142	-36.837	35.750	-5.45	-6.46	-6.32	-0.429	0.044	0.026
55558	2	0.0000	0	-0.118	-36.835	35.769	-5.24	-7.06	-6.66	-0.278	0.033	0.045
55565	2	0.0000	0	-0.099	-36.836	35.786	-5.47	-7.54	-6.79	-0.136	0.010	0.014
55572	2	0.0000	0	-0.083	-36.836	35.800	-5.65	-7.75	-7.25	0.031	-0.010	0.000
55579	2	0.0000	0	-0.070	-36.833	35.809	-5.91	-7.89	-7.48	0.184	-0.019	0.001
55586	2	0.0000	0	-0.062	-36.829	35.813	-5.88	-7.80	-7.82	0.307	-0.037	-0.002
55593	2	0.0000	0	-0.056	-36.826	35.815	-6.15	-7.42	-8.14	0.416	-0.059	-0.020
55599	2	0.0000	0	-0.058	-36.822	35.809	-6.56	-6.82	-8.65	0.455	-0.077	-0.021
55606	2	0.0000	0	-0.065	-36.818	35.799	-6.82	-5.78	-9.00	0.481	-0.091	-0.015
55613	2	0.0000	0	-0.075	-36.814	35.787	-7.08	-5.21	-9.21	0.450	-0.090	-0.027
55620	2	0.0000	0	-0.084	-36.811	35.775	-7.41	-4.51	-9.37	0.399	-0.077	-0.021
55627	2	0.0000	0	-0.090	-36.809	35.768	-7.16	-4.09	-9.29	0.319	-0.039	-0.028
55634	2	0.0000	0	-0.093	-36.808	35.764	-7.00	-4.03	-8.88	0.202	0.015	-0.027
55641	2	0.0000	0	-0.093	-36.806	35.763	-6.47	-4.22	-8.38	0.080	0.060	-0.038
55648	2	0.0000	0	-0.093	-36.807	35.764	-6.17	-4.38	-7.77	-0.046	0.087	-0.022
55655	2	0.0000	0	-0.093	-36.803	35.760	-5.99	-3.75	-7.74	-0.169	0.092	-0.015
55662	2	0.0000	0	-0.095	-36.800	35.755	-5.93	-3.21	-7.71	-0.260	0.091	0.011
55669	2	0.0000	0	-0.102	-36.795	35.744	-5.89	-2.54	-7.56	-0.335	0.085	0.022
55676	2	0.0000	0	-0.109	-36.791	35.734	-5.92	-2.21	-7.66	-0.369	0.055	0.025
55683	2	0.0000	0	-0.117	-36.787	35.724	-5.95	-1.54	-7.34	-0.385	0.039	0.036
55690	2	0.0000	0	-0.124	-36.782	35.712	-5.98	-1.38	-7.26	-0.357	0.014	0.027
55697	2	0.0000	0	-0.131	-36.776	35.700	-5.76	-0.88	-7.46	-0.315	-0.026	0.040
55704	2	0.0000	0	-0.135	-36.768	35.689	-4.95	-0.97	-7.55	-0.251	-0.037	0.016
55711	2	0.0000	0	-0.140	-36.760	35.677	-4.82	-1.10	-7.76	-0.164	-0.032	0.021
55718	2	0.0000	0	-0.148	-36.754	35.663	-4.41	-1.23	-7.72	-0.057	-0.062	0.012
55725	2	0.0000	0	-0.157	-36.746	35.648	-5.15	-0.90	-7.73	0.050	-0.067	-0.009
55732	2	0.0000	0	-0.171	-36.740	35.630	-5.68	-0.66	-7.23	0.183	-0.070	-0.028
55739	2	0.0000	0	-0.183	-36.733	35.613	-6.37	-0.48	-7.14	0.295	-0.058	-0.033
55746	2	0.0000	0	-0.191	-36.723	35.596	-6.98	0.05	-6.96	0.359	-0.058	-0.044
55753	2	0.0000	0	-0.191	-36.709	35.582	-7.13	-0.12	-6.95	0.389	-0.033	-0.043
55760	2	0.0000	0	-0.181	-36.690	35.572	-6.92	-0.15	-6.81	0.361	-0.007	-0.018
55767	2	0.0000	0	-0.169	-36.670	35.563	-6.49	-0.35	-6.94	0.325	0.029	-0.007
55774	2	0.0000	0	-0.165	-36.655	35.553	-6.39	-0.62	-6.34	0.256	0.055	-0.012
55781	2	0.0000	0	-0.167	-36.644	35.540	-5.92	-0.94	-5.97	0.164	0.067	0.006
55788	2	0.0000	0	-0.187	-36.642	35.521	-5.95	-0.82	-5.85	0.082	0.067	0.019
55795	2	0.0000	0	-0.217	-36.644	35.496	-6.38	-0.37	-5.66	-0.023	0.058	0.025
55802	2	0.0000	0	-0.255	-36.650	35.468	-6.50	-0.04	-5.34	-0.121	0.032	0.025
55809	2	0.0000	0	-0.302	-36.661	35.438	-6.71	0.11	-4.85	-0.193	0.019	0.020
55816	2	0.0000	0	-0.353	-36.675	35.406	-7.04	0.36	-4.25	-0.256	0.004	0.027
55823	2	0.0000	0	-0.402	-36.690	35.378	-6.88	-0.12	-4.04	-0.287	-0.008	0.027
55830	2	0.0000	0	-0.446	-36.703	35.352	-6.37	-0.57	-3.46	-0.304	-0.003	0.011
55837	2	0.0000	0	-0.484	-36.713	35.329	-6.43	-0.99	-3.61	-0.285	0.003	0.015
55844	2	0.0000	0	-0.512	-36.717	35.308	-6.21	-1.12	-3.49	-0.240	-0.004	0.005
55851	2	0.0000	0	-0.533	-36.718	35.291	-5.95	-1.85	-3.44	-0.189	0.012	0.014
55858	2	0.0000	0	-0.548	-36.717	35.275	-5.63	-2.66	-3.48	-0.091	-0.003	-0.002
55866	2	0.0000	0	-0.562	-36.714	35.260	-5.45	-2.98	-3.55	-0.009	0.011	-0.007
55873	2	0.0000	0	-0.577	-36.711	35.245	-5.56	-3.39	-3.35	0.087	0.000	-0.025
55880	2	0.0000	0	-0.586	-36.708	35.234	-5.72	-3.84	-3.38	0.177	0.000	-0.030
55887	2	0.0000	0	-0.593	-36.703	35.224	-5.84	-3.84	-3.47	0.234	-0.006	-0.026
55894	2	0.0000	0	-0.605	-36.705	35.214	-6.13	-3.99	-3.45	0.275	-0.016	-0.018
55901	2	0.0000	0	-0.617	-36.709	35.208	-6.04	-4.06	-3.35	0.287	-0.023	-0.007
55908	2	0.0000	0	-0.626	-36.716	35.206	-6.26	-4.10	-3.31	0.279	-0.004	-0.020
55915	2	0.0000	0	-0.639	-36.726	35.205	-6.11	-4.91	-2.65	0.237	0.014	-0.035
55922	2	0.0000	0	-0.650	-36.741	35.209	-5.76	-5.78	-2.13	0.156	0.033	-0.022
55929	2	0.0000	0	-0.665	-36.756	35.211	-5.49	-6.46	-1.51	0.090	0.030	-0.016
55936	2	0.0000	0	-0.682	-36.773	35.212	-5.10	-6.70	-1.24	-0.007	0.010	-0.005
55943	2	0.0000	0	-0.705	-36.791	35.209	-5.12	-6.68	-1.13	-0.085	0.004	0.009
55950	2	0.0000	0	-0.732	-36.807	35.201	-5.12	-6.63	-1.18	-0.138	-0.021	0.029
55957	2	0.0000	0	-0.763	-36.823	35.190	-5.54	-6.29	-1.00	-0.192	-0.033	0.028
55964	2	0.0000	0	-0.792	-36.839	35.180	-5.61	-6.11	-1.01	-0.208	-0.037	0.042
55971	2	0.0000	0	-0.817	-36.855	35.174	-5.58	-6.27	-1.08	-0.214	-0.038	0.033
55978	2	0.0000	0	-0.837	-36.871	35.171	-5.54	-6.50	-1.22	-0.201	-0.016	0.024
55986	2	0.0000	0	-0.849	-36.885	35.175	-5.07	-6.87	-1.42	-0.165	0.016	0.023
55993	2	0.0000	0	-0.859	-36.903	35.183	-5.16	-7.68	-1.37	-0.113	0.024	0.011
56000	2	0.0000	0	-0.863	-36.920	35.196	-4.78	-8.32	-1.32	-0.060	0.038	-0.005
56007	2	0.0000	0	-0.866	-36.938	35.211	-4.55	-8.98	-1.10	0.000	0.052	-0.018
56014	2	0.0000	0	-0.866	-36.955	35.228	-4.16	-9.46	-1.33	0.060	0.053	-0.039
56020	2	0.0000	0	-0.869	-36.972	35.242	-4.17	-9.66	-1.01	0.120	0.019	-0.046
56027	2	0.0000	0	-0.872	-36.990	35.256	-4.20	-9.74	-1.43	0.152	0.004	-0.039
56034	2	0.0000	0	-0.876	-37.005	35.267	-4.19	-9.41	-1.45	0.175	-0.028	-0.019
56041	2	0.0000	0	-0.879	-37.018	35.278	-4.50	-9.29	-1.58	0.183	-0.073	-0.028
56048	2	0.0000	0	-0.879	-37.030	35.289	-4.78	-8.89	-1.80	0.177	-0.091	-0.009
56055	2	0.0000	0	-0.876	-37.043	35.305	-4.78	-8.61	-1.77	0.120	-0.075	-0.011
56063	2	0.0000	0	-0.870	-37.055	35.322	-4.73	-8.72	-1.71	0.078	-0.060	0.017
56070	2	0.0000	0	-0.865	-37.067	35.338	-4.50	-8.56	-1.88	0.022	-0.044	0.019
56077	2	0.0000	0	-0.858	-37.079	35.356	-4.33	-8.54	-2.29	-0.043	-0.020	0.022
56084	2	0.0000	0	-0.854	-37.092	35.372	-4.13	-8.42	-2.61	-0.098	-0.001	0.017
56091	2	0.0000	0	-0.850	-37.106	35.389	-4.13	-7.99	-2.61	-0.138	0.036	0.014
56098	2	0.0000	0	-0.849	-37.121	35.404	-4.47	-7.84	-2.53	-0.142	0.046	0.027
56105	2	0.0000	0	-0.852	-37.137	35.417	-4.65	-7.58	-2.71	-0.149	0.058	-0.000
56112	2	0.0000	0	-0.855	-37.154	35.431	-4.60	-7.37	-2.66	-0.139	0.076	-0.003
56119	2	0.0000	0	-0.856	-37.168	35.443	-4.75	-7.28	-2.91	-0.114	0.063	-0.016
56126	2	0.0000	0	-0.853	-37.180	35.458	-4.87	-7.07	-3.22	-0.081	0.060	-0.025
56133	2	0.0000	0	-0.848	-37.188	35.470	-4.57	-7.06	-3.21	-0.035	0.043	-0.039
56140	2	0.0000	0	-0.843	-37.195	35.481	-4.33	-6.91	-3.49	-0.005	0.022	-0.033
56147	2	0.0000	0	-0.836	-37.200	35.493	-4.01	-6.72	-3.47	0.047	-0.020	-0.015
56154	2	0.0000	0	-0.832	-37.204	35.500	-3.81	-6.26	-3.70	0.086	-0.044	-0.001
56161	2	0.0000	0	-0.828	-37.206	35.506	-3.63	-5.96	-4.09	0.113	-0.057	0.006
56168	2	0.0000	0	-0.829	-37.210	35.509	-3.70	-5.61	-3.83	0.125	-0.072	0.014
56175	2	0.0000	0	-0.834	-37.216	35.510	-3.50	-5.23	-3.36	0.133	-0.084	0.010
56182	2	0.0000	0	-0.833	-37.218	35.513	-3.72	-4.77	-3.50	0.119	-0.073	0.000
56189	2	0.0000	0	-0.836	-37.222	35.514	-3.65	-4.50	-2.89	0.082	-0.056	0.001
56196	2	0.0000	0	-0.835	-37.223	35.517	-3.75	-4.03	-2.51	0.045	-0.029	0.006
56203	2	0.0000	0	-0.827	-37.221	35.521	-3.59	-3.95	-2.43	-0.007	-0.010	0.009
56210	2	0.0000	0	-0.821	-37.221	35.527	-3.43	-4.09	-2.13	-0.059	0.029	0.006
56217	2	0.0000	0	-0.811	-37.218	35.533	-2.87	-3.51	-2.33	-0.081	0.033	0.005
56224	2	0.0000	0	-0.804	-37.217	35.538	-2.42	-3.36	-2.19	-0.117	0.059	0.010
56231	2	0.0000	0	-0.801	-37.218	35.541	-2.68	-3.00	-2.17	-0.119	0.068	0.005
56238	2	0.0000	0	-0.802	-37.222	35.545	-2.78	-3.04	-2.04	-0.102	0.058	-0.002
56245	2	0.0000	0	-0.811	-37.230	35.544	-3.30	-2.41	-1.31	-0.081	0.045	-0.019
56252	2	0.0000	0	-0.820	-37.238	35.544	-3.35	-2.18	-0.74	-0.048	0.025	-0.016
56259	2	0.0000	0	-0.826	-37.246	35.547	-3.64	-2.14	-0.18	-0.007	0.009	-0.023
56266	2	0.0000	0	-0.824	-37.249	35.551	-3.18	-2.27	0.12	-0.008	0.003	-0.018
56273	2	0.0000	0	-0.822	-37.252	35.555	-2.69	-2.21	0.00	0.001	-0.011	0.001
56280	2	0.0000	0	-0.819	-37.252	35.558	-2.04	-2.45	-0.41	0.033	-0.016	0.024
56287	2	0.0000	0	-0.822	-37.253	35.557	-1.50	-2.16	-0.81	0.037	-0.027	0.032
56294	2	0.0000	0	-0.830	-37.257	35.554	-1.33	-2.14	-0.79	0.057	-0.041	0.035
56301	2	0.0000	0	-0.849	-37.265	35.545	-1.30	-1.69	-0.43	0.070	-0.049	0.034
56308	2	0.0000	0	-0.877	-37.278	35.533	-2.19	-1.59	-0.07	0.090	-0.028	0.023
56315	2	0.0000	0	-0.905	-37.291	35.522	-2.36	-1.08	0.44	0.087	-0.016	0.007
56322	2	0.0000	0	-0.928	-37.304	35.513	-2.30	-0.92	0.86	0.062	-0.000	0.000
56329	2	0.0000	0	-0.939	-37.311	35.510	-1.93	-0.83	0.61	0.040	0.021	0.003
56336	2	0.0000	0	-0.938	-37.313	35.512	-1.41	-1.04	0.82	0.002	0.029	-0.016
56343	2	0.0000	0	-0.929	-37.311	35.519	-0.28	-1.56	0.74	-0.035	0.036	-0.008
56350	2	0.0000	0	-0.922	-37.310	35.524	0.41	-1.75	0.98	-0.065	0.059	-0.011
56357	2	0.0000	0	-0.915	-37.310	35.531	0.72	-1.96	1.20	-0.070	0.042	-0.019
56364	2	0.0000	0	-0.915	-37.311	35.532	0.66	-1.72	1.44	-0.080	0.009	-0.029
56371	2	0.0000	0	-0.923	-37.318	35.531	0.49	-1.34	2.07	-0.067	-0.012	-0.022
56378	2	0.0000	0	-0.930	-37.321	35.528	0.13	-0.64	2.59	-0.037	-0.029	-0.017
56385	2	0.0000	0	-0.939	-37.325	35.524	-0.49	0.15	2.52	-0.014	-0.041	-0.010
56392	2	0.0000	0	-0.943	-37.328	35.523	-0.39	0.69	2.62	0.009	-0.060	0.017
56399	2	0.0000	0	-0.941	-37.329	35.527	-0.25	0.71	2.57	0.029	-0.050	0.015
56406	2	0.0000	0	-0.933	-37.331	35.535	0.40	0.33	2.61	0.028	-0.021	0.013
56413	2	0.0000	0	-0.925	-37.334	35.545	0.75	0.37	2.65	0.040	-0.001	0.014
56420	2	0.0000	0	-0.918	-37.337	35.554	1.12	0.27	2.90	0.042	0.031	0.007
56427	2	0.0000	0	-0.914	-37.343	35.563	1.60	0.04	3.19	0.038	0.034	0.018
56434	2	0.0000	0	-0.916	-37.350	35.569	1.77	0.17	3.41	0.043	0.038	0.003
56441	2	0.0000	0	-0.924	-37.358	35.569	2.08	0.59	3.74	0.035	0.032	-0.005
56448	2	0.0000	0	-0.933	-37.365	35.568	2.05	1.17	3.72	0.023	0.016	-0.005
56455	2	0.0000	0	-0.946	-37.374	35.565	2.16	1.73	3.68	0.008	0.003	-0.002
56462	2	0.0000	0	-0.959	-37.382	35.562	2.32	2.14	3.74	-0.002	-0.020	0.000
56469	2	0.0000	0	-0.969	-37.390	35.561	2.70	2.48	3.56	-0.019	-0.017	-0.000
56476	2	0.0000	0	-0.976	-37.397	35.561	3.01	2.64	3.29	-0.049	-0.023	0.013
56483	2	0.0000	0	-0.979	-37.403	35.564	3.38	2.43	3.34	-0.049	-0.014	0.015
56490	2	0.0000	0	-0.981	-37.409	35.569	4.02	2.69	3.61	-0.049	0.020	0.012
56497	2	0.0000	0	-0.977	-37.411	35.574	3.89	2.25	3.34	-0.048	0.019	0.019
56504	2	0.0000	0	-0.970	-37.412	35.581	4.01	2.08	3.60	-0.044	0.023	0.016
56511	2	0.0000	0	-0.965	-37.412	35.586	3.99	2.44	3.36	-0.032	0.024	0.019
56518	2	0.0000	0	-0.962	-37.411	35.588	4.06	2.23	3.40	-0.002	0.018	0.012
56525	2	0.0000	0	-0.955	-37.408	35.591	4.14	2.45	3.20	0.005	0.013	0.031
56532	2	0.0000	0	-0.945	-37.402	35.593	3.92	2.80	2.86	0.035	-0.006	0.023
56539	2	0.0000	0	-0.934	-37.394	35.596	3.84	3.05	2.59	0.042	-0.009	0.013
56546	2	0.0000	0	-0.921	-37.387	35.600	3.64	3.15	2.69	0.054	-0.006	0.011
56553	2	0.0000	0	-0.910	-37.381	35.603	3.59	3.12	3.08	0.058	-0.005	0.001
56560	2	0.0000	0	-0.896	-37.375	35.611	3.56	3.04	3.09	0.038	-0.010	-0.012
56567	2	0.0000	0	-0.880	-37.369	35.618	3.80	2.84	3.15	0.021	-0.001	-0.019
56574	2	0.0000	0	-0.864	-37.361	35.625	3.90	2.84	3.06	0.012	0.001	-0.013
56581	2	0.0000	0	-0.850	-37.352	35.629	3.86	2.84	2.98	-0.015	0.015	-0.021
56587	2	0.0000	0	-0.844	-37.350	35.632	4.05	2.89	2.86	-0.021	0.017	-0.020
56595	2	0.0000	0	-0.842	-37.348	35.632	3.83	3.01	3.06	-0.032	-0.005	-0.008
56602	2	0.0000	0	-0.844	-37.347	35.630	3.48	3.48	2.93	-0.030	-0.024	-0.009
56609	2	0.0000	0	-0.852	-37.349	35.624	3.13	3.44	3.32	-0.024	-0.036	-0.020
56616	2	0.0000	0	-0.853	-37.349	35.623	3.04	3.78	3.40	-0.004	-0.040	-0.017
56623	2	0.0000	0	-0.853	-37.348	35.622	2.90	3.75	3.45	0.002	-0.019	-0.004
56630	2	0.0000	0	-0.848	-37.345	35.624	3.42	3.60	3.30	-0.017	-0.008	0.000
56637	2	0.0000	0	-0.838	-37.339	35.627	3.86	3.56	3.01	-0.016	0.016	0.005
56644	2	0.0000	0	-0.827	-37.333	35.631	4.08	3.60	2.96	-0.021	0.021	0.022
56651	2	0.0000	0	-0.819	-37.329	35.634	4.54	3.27	2.72	-0.035	0.024	0.017
56658	2	0.0000	0	-0.819	-37.328	35.633	4.46	3.42	2.86	-0.009	0.029	0.025
56665	2	0.0000	0	-0.826	-37.329	35.628	3.95	3.77	3.13	0.006	0.024	0.033
56672	2	0.0000	0	-0.831	-37.330	35.624	3.73	4.19	3.03	0.023	0.007	0.024
56679	2	0.0000	0	-0.833	-37.331	35.623	3.80	4.15	2.90	0.031	-0.001	0.009
56686	2	0.0000	0	-0.832	-37.330	35.622	4.14	4.28	2.86	0.016	-0.012	0.011
56693	2	0.0000	0	-0.827	-37.326	35.624	4.38	4.08	2.49	0.029	-0.013	0.003
56700	2	0.0000	0	-0.816	-37.320	35.627	4.35	3.83	2.24	0.011	-0.010	0.004
56707	2	0.0000	0	-0.803	-37.313	35.632	4.76	3.64	2.66	0.010	-0.015	0.012
56714	2	0.0000	0	-0.786	-37.305	35.639	5.03	3.63	2.30	0.021	-0.007	0.003
56721	2	0.0000	0	-0.770	-37.295	35.644	5.31	3.54	2.21	0.008	-0.004	-0.015
56728	2	0.0000	0	-0.752	-37.285	35.649	5.25	3.62	2.30	0.008	-0.009	-0.021
56735	2	0.0000	0	-0.739	-37.274	35.651	4.92	3.89	2.56	-0.000	-0.001	-0.020
56742	2	0.0000	0	-0.727	-37.264	35.652	5.06	3.88	2.55	-0.009	0.017	-0.008
56749	2	0.0000	0	-0.718	-37.256	35.651	4.52	4.27	2.59	-0.022	-0.002	-0.016
56756	2	0.0000	0	-0.708	-37.244	35.648	4.34	4.65	2.28	-0.016	0.001	-0.004
56763	2	0.0000	0	-0.698	-37.233	35.647	4.12	4.70	2.24	-0.014	0.009	0.003
56770	2	0.0000	0	-0.686	-37.223	35.647	4.07	4.72	2.27	-0.009	0.020	-0.001
56777	2	0.0000	0	-0.671	-37.212	35.650	4.14	4.77	2.05	0.001	0.015	0.003
56784	2	0.0000	0	-0.652	-37.200	35.654	3.86	4.36	1.90	-0.012	0.029	0.011
56791	2	0.0000	0	-0.640	-37.193	35.659	3.89	3.80	2.21	-0.007	0.027	-0.017
56798	2	0.0000	0	-0.628	-37.188	35.664	3.94	3.39	2.57	0.012	0.028	-0.010
56805	2	0.0000	0	-0.618	-37.183	35.669	3.92	3.12	2.65	0.006	0.010	-0.012
56812	2	0.0000	0	-0.612	-37.178	35.669	3.77	3.15	2.77	0.012	-0.001	-0.007
56819	2	0.0000	0	-0.611	-37.174	35.666	3.44	3.05	2.67	0.034	-0.018	0.004
56826	2	0.0000	0	-0.613	-37.170	35.660	3.04	3.47	2.65	0.039	-0.038	0.003
56833	2	0.0000	0	-0.614	-37.165	35.654	2.64	3.56	2.65	0.025	-0.053	0.011
56840	2	0.0000	0	-0.613	-37.161	35.651	2.64	3.21	2.56	0.017	-0.028	0.011
56847	2	0.0000	0	-0.610	-37.157	35.649	3.02	3.07	2.85	-0.002	-0.030	0.011
56854	2	0.0000	0	-0.608	-37.153	35.648	3.13	3.01	2.70	-0.014	-0.031	0.004
56861	2	0.0000	0	-0.604	-37.150	35.648	3.55	2.60	2.90	-0.037	-0.007	0.004
56868	2	0.0000	0	-0.601	-37.148	35.649	3.36	2.31	2.96	-0.042	0.007	-0.010
56875	2	0.0000	0	-0.605	-37.149	35.647	3.16	2.46	3.01	-0.050	0.022	-0.006
56882	2	0.0000	0	-0.604	-37.149	35.648	3.22	2.54	3.19	-0.042	0.041	-0.009
56889	2	0.0000	0	-0.607	-37.151	35.647	2.76	2.61	3.25	-0.040	0.048	-0.012
56896	2	0.0000	0	-0.605	-37.151	35.648	2.83	2.61	3.08	-0.013	0.029	-0.014
56903	2	0.0000	0	-0.601	-37.148	35.649	3.07	2.58	3.30	-0.010	0.027	-0.010
56910	2	0.0000	0	-0.599	-37.147	35.650	3.20	2.49	3.05	-0.004	0.013	0.004
56917	2	0.0000	0	-0.592	-37.142	35.651	3.33	2.32	2.88	0.010	0.008	0.005
56924	2	0.0000	0	-0.582	-37.138	35.656	4.09	2.09	2.99	-0.000	0.007	0.014
56931	2	0.0000	0	-0.579	-37.137	35.657	3.89	1.84	3.00	0.008	-0.013	0.006
56938	2	0.0000	0	-0.574	-37.136	35.662	4.40	1.71	2.95	0.018	-0.043	0.006
56945	2	0.0000	0	-0.575	-37.139	35.663	4.02	1.83	3.42	0.019	-0.028	0.017
56952	2	0.0000	0	-0.574	-37.141	35.666	3.99	1.86	3.62	0.035	-0.047	0.015
56959	2	0.0000	0	-0.577	-37.145	35.667	3.75	2.06	3.56	0.032	-0.041	0.008
56966	2	0.0000	0	-0.576	-37.149	35.672	3.76	1.95	3.97	0.029	-0.034	-0.000
56972	2	0.0000	0	-0.566	-37.146	35.678	3.66	2.20	4.14	0.019	-0.015	-0.001
56980	2	0.0000	0	-0.551	-37.141	35.686	3.68	2.19	4.03	0.006	-0.014	0.011
56987	2	0.0000	0	-0.533	-37.134	35.695	4.03	2.10	3.77	-0.011	0.004	-0.008
56994	2	0.0000	0	-0.514	-37.125	35.704	4.21	1.90	3.57	-0.018	0.013	-0.002
57001	2	0.0000	0	-0.493	-37.117	35.714	4.60	1.88	3.63	-0.030	0.040	-0.006
57008	2	0.0000	0	-0.480	-37.114	35.723	4.53	1.76	3.60	-0.038	0.057	-0.003
57015	2	0.0000	0	-0.472	-37.112	35.727	3.96	2.20	3.52	-0.018	0.046	-0.029
57022	2	0.0000	0	-0.466	-37.111	35.732	3.65	2.50	3.65	-0.001	0.042	-0.029
57028	2	0.0000	0	-0.463	-37.115	35.738	3.22	2.66	3.81	0.008	0.017	-0.027
57035	2	0.0000	0	-0.458	-37.117	35.744	3.08	2.72	3.78	0.014	0.012	-0.028
57042	2	0.0000	0	-0.454	-37.120	35.751	2.88	2.75	3.64	0.020	-0.013	-0.013
57049	2	0.0000	0	-0.448	-37.122	35.758	2.84	2.58	3.74	-0.003	-0.013	0.006
57056	2	0.0000	0	-0.436	-37.121	35.768	3.22	2.24	3.49	-0.002	-0.011	0.012
57064	2	0.0000	0	-0.426	-37.122	35.778	3.29	2.07	3.49	-0.013	-0.029	0.041
57071	2	0.0000	0	-0.420	-37.123	35.784	3.42	1.64	3.58	-0.010	-0.030	0.040
57078	2	0.0000	0	-0.421	-37.125	35.785	2.97	1.65	3.59	-0.006	-0.031	0.040
57085	2	0.0000	0	-0.421	-37.125	35.785	2.95	1.77	3.27	0.001	-0.016	0.053
57091	2	0.0000	0	-0.428	-37.128	35.782	2.34	2.52	3.25	0.013	-0.023	0.047
57098	2	0.0000	0	-0.431	-37.128	35.779	2.05	2.58	3.05	-0.001	-0.013	0.029
57105	2	0.0000	0	-0.434	-37.129	35.777	1.71	2.58	2.96	0.015	-0.014	0.005
57112	2	0.0000	0	-0.432	-37.128	35.778	2.01	2.63	2.93	-0.009	-0.006	-0.028
57119	2	0.0000	0	-0.427	-37.128	35.782	1.83	2.47	2.85	-0.014	0.020	-0.037
57126	2	0.0000	0	-0.420	-37.126	35.787	2.05	2.04	2.85	-0.008	0.031	-0.048
57133	2	0.0000	0	-0.415	-37.125	35.791	2.06	1.56	2.89	-0.013	0.043	-0.067
57141	2	0.0000	0	-0.411	-37.124	35.793	1.87	1.44	2.78	-0.002	0.036	-0.061
57148	2	0.0000	0	-0.411	-37.124	35.793	1.63	1.35	2.68	0.016	0.027	-0.047
57155	2	0.0000	0	-0.414	-37.126	35.793	1.16	1.66	2.64	0.012	0.009	-0.035
57161	2	0.0000	0	-0.420	-37.129	35.790	0.65	1.38	2.79	0.025	-0.003	-0.019
57168	2	0.0000	0	-0.427	-37.133	35.787	0.35	1.46	2.70	0.020	-0.010	0.004
57175	2	0.0000	0	-0.430	-37.136	35.788	0.32	1.12	2.54	0.023	-0.014	0.021
57183	2	0.0000	0	-0.434	-37.140	35.788	0.49	0.64	2.32	0.008	-0.017	0.047
57189	2	0.0000	0	-0.436	-37.142	35.789	0.55	0.42	1.75	-0.007	-0.027	0.065
57197	2	0.0000	0	-0.439	-37.146	35.790	0.39	-0.08	1.34	-0.016	-0.028	0.061
57204	2	0.0000	0	-0.444	-37.152	35.791	0.54	-0.32	1.44	-0.013	-0.016	0.065
57211	2	0.0000	0	-0.454	-37.161	35.791	0.58	-0.33	1.52	-0.015	-0.009	0.051
57218	2	0.0000	0	-0.464	-37.168	35.790	0.02	-0.41	1.52	-0.021	-0.014	0.042
57224	2	0.0000	0	-0.476	-37.177	35.787	0.07	-0.15	1.52	-0.015	-0.009	0.009
57231	2	0.0000	0	-0.487	-37.184	35.784	-0.48	-0.38	1.56	0.003	-0.014	-0.006
57239	2	0.0000	0	-0.495	-37.189	35.783	-0.43	-0.32	1.45	-0.008	0.001	-0.032
57246	2	0.0000	0	-0.499	-37.192	35.782	-0.38	-0.32	1.09	0.007	0.000	-0.062
57253	2	0.0000	0	-0.502	-37.196	35.783	-0.45	-0.57	1.19	-0.004	0.006	-0.065
57260	2	0.0000	0	-0.499	-37.197	35.786	-0.34	-0.66	0.76	0.001	0.014	-0.064
57267	2	0.0000	0	-0.494	-37.196	35.790	-0.34	-0.83	0.50	0.006	0.012	-0.070
57274	2	0.0000	0	-0.491	-37.197	35.794	-0.22	-1.07	0.52	0.009	0.006	-0.046
57281	2	0.0000	0	-0.489	-37.198	35.796	-0.33	-0.96	0.19	0.014	0.002	-0.035
57288	2	0.0000	0	-0.490	-37.199	35.797	-0.41	-1.10	0.31	0.027	0.003	-0.011
57295	2	0.0000	0	-0.494	-37.205	35.799	-0.70	-1.26	0.33	0.021	-0.001	0.003
57302	2	0.0000	0	-0.500	-37.211	35.799	-1.05	-1.04	0.47	0.032	-0.016	0.027
57309	2	0.0000	0	-0.505	-37.216	35.800	-1.26	-1.01	0.32	0.020	-0.015	0.036
57316	2	0.0000	0	-0.505	-37.221	35.805	-1.09	-1.32	0.36	0.012	-0.020	0.057
57323	2	0.0000	0	-0.507	-37.226	35.808	-1.27	-1.66	0.36	0.003	-0.000	0.052
57330	2	0.0000	0	-0.505	-37.228	35.812	-0.88	-1.52	0.25	-0.017	-0.006	0.044
57337	2	0.0000	0	-0.506	-37.231	35.813	-0.68	-1.53	0.06	-0.028	0.005	0.023
57344	2	0.0000	0	-0.510	-37.234	35.813	-1.22	-1.39	0.03	-0.028	0.009	0.017
57351	2	0.0000	0	-0.514	-37.237	35.812	-1.10	-1.08	-0.18	-0.029	0.002	-0.006
57358	2	0.0000	0	-0.520	-37.239	35.809	-1.32	-0.73	-0.52	-0.040	0.002	-0.008
57365	2	0.0000	0	-0.528	-37.243	35.806	-1.43	-0.58	-0.46	-0.012	0.014	-0.029
57373	2	0.0000	0	-0.533	-37.246	35.804	-1.65	-0.45	-0.58	-0.007	0.004	-0.021
57380	2	0.0000	0	-0.533	-37.249	35.807	-1.42	-0.50	-0.97	-0.009	0.015	-0.024
57387	2	0.0000	0	-0.532	-37.252	35.811	-1.38	-0.68	-1.15	0.003	0.026	-0.014
57394	2	0.0000	0	-0.533	-37.255	35.814	-1.29	-1.01	-1.23	0.002	0.028	-0.011
57401	2	0.0000	0	-0.532	-37.258	35.817	-1.02	-0.91	-1.39	0.012	0.007	-0.008
57408	2	0.0000	0	-0.535	-37.263	35.819	-0.95	-0.76	-1.40	0.018	0.001	0.002
57415	2	0.0000	0	-0.539	-37.266	35.818	-1.02	-0.83	-1.47	0.025	-0.020	0.014
57423	2	0.0000	0	-0.547	-37.270	35.816	-0.82	-0.47	-1.28	0.023	-0.020	0.012
57429	2	0.0000	0	-0.556	-37.273	35.811	-0.96	-0.37	-1.35	0.043	-0.028	0.015
57436	2	0.0000	0	-0.562	-37.274	35.806	-1.19	-0.22	-1.38	0.033	-0.034	0.018
57444	2	0.0000	0	-0.567	-37.272	35.800	-0.99	0.01	-1.49	0.035	-0.025	0.022
57451	2	0.0000	0	-0.567	-37.268	35.796	-0.55	0.22	-1.72	0.005	-0.002	0.024
57458	2	0.0000	0	-0.567	-37.264	35.791	-0.31	0.15	-1.78	-0.010	-0.008	0.010
57465	2	0.0000	0	-0.565	-37.257	35.787	0.04	0.18	-1.85	-0.016	0.002	-0.002
57472	2	0.0000	0	-0.565	-37.253	35.783	0.13	0.13	-1.46	-0.028	0.012	-0.016
57479	2	0.0000	0	-0.561	-37.247	35.781	0.02	0.20	-1.31	-0.041	-0.009	-0.028
57486	2	0.0000	0	-0.561	-37.243	35.777	0.07	0.54	-0.97	-0.033	0.030	-0.027
57493	2	0.0000	0	-0.560	-37.240	35.775	0.31	0.46	-0.70	-0.033	0.032	-0.017
57500	2	0.0000	0	-0.558	-37.235	35.772	0.34	0.20	-0.37	-0.019	0.029	-0.027
57507	2	0.0000	0	-0.549	-37.228	35.773	0.85	0.19	-0.55	-0.017	0.028	-0.037
57514	2	0.0000	0	-0.543	-37.222	35.773	1.12	0.10	-0.20	-0.015	0.022	-0.029
57521	2	0.0000	0	-0.531	-37.214	35.775	1.36	0.02	0.06	-0.006	0.007	-0.014
57528	2	0.0000	0	-0.526	-37.210	35.776	1.20	0.20	0.15	0.015	-0.017	-0.010
57535	2	0.0000	0	-0.523	-37.206	35.774	1.61	0.05	0.52	0.039	-0.019	0.007
57542	2	0.0000	0	-0.516	-37.201	35.776	1.52	0.13	0.85	0.050	-0.031	0.027
57549	2	0.0000	0	-0.513	-37.200	35.777	1.23	0.18	0.99	0.057	-0.037	0.037
57556	2	0.0000	0	-0.507	-37.197	35.779	1.35	-0.11	1.05	0.059	-0.023	0.040
57563	2	0.0000	0	-0.497	-37.193	35.784	1.62	-0.35	1.23	0.035	-0.010	0.057
57570	2	0.0000	0	-0.483	-37.188	35.792	1.97	-0.61	1.14	0.027	0.006	0.053
57577	2	0.0000	0	-0.474	-37.185	35.797	2.12	-0.73	1.11	-0.005	0.018	0.055
57584	2	0.0000	0	-0.470	-37.185	35.800	2.00	-0.60	0.89	-0.020	0.027	0.035
57591	2	0.0000	0	-0.464	-37.183	35.803	1.90	-0.46	0.86	-0.027	0.037	0.020
57598	2	0.0000	0	-0.463	-37.186	35.808	1.82	-0.54	1.22	-0.035	0.042	-0.001
57605	2	0.0000	0	-0.464	-37.188	35.809	1.28	-0.15	1.26	-0.020	0.014	-0.036
57612	2	0.0000	0	-0.461	-37.190	35.813	1.38	-0.24	1.25	-0.032	0.017	-0.047
57619	2	0.0000	0	-0.455	-37.191	35.819	1.43	-0.05	1.01	-0.033	0.004	-0.063
57626	2	0.0000	0	-0.441	-37.188	35.829	1.62	-0.35	0.80	-0.025	0.004	-0.042
57633	2	0.0000	0	-0.426	-37.185	35.839	2.04	-0.70	0.63	-0.026	0.010	-0.048
57640	2	0.0000	0	-0.411	-37.182	35.850	1.97	-0.72	0.52	-0.009	-0.005	-0.034
57647	2	0.0000	0	-0.398	-37.181	35.860	1.95	-0.95	0.55	0.012	-0.004	-0.030
57654	2	0.0000	0	-0.390	-37.182	35.868	1.52	-1.18	0.67	0.030	-0.003	-0.023
57661	2	0.0000	0	-0.382	-37.182	35.875	1.22	-0.94	0.73	0.041	-0.018	0.003
57668	2	0.0000	0	-0.375	-37.182	35.881	0.92	-1.16	0.94	0.042	-0.004	0.025
57675	2	0.0000	0	-0.370	-37.183	35.887	0.73	-1.04	0.90	0.034	-0.015	0.032
57682	2	0.0000	0	-0.362	-37.181	35.892	0.51	-0.97	0.53	0.018	-0.017	0.041
57689	2	0.0000	0	-0.351	-37.179	35.899	0.53	-0.92	0.67	0.009	-0.000	0.057
57696	2	0.0000	0	-0.338	-37.175	35.907	0.33	-1.15	0.78	-0.000	0.001	0.039
57704	2	0.0000	0	-0.331	-37.173	35.912	0.18	-0.83	0.93	-0.013	-0.006	0.029
57711	2	0.0000	0	-0.321	-37.170	35.917	0.28	-1.05	1.05	-0.021	0.007	0.037
57718	2	0.0000	0	-0.314	-37.169	35.922	-0.02	-1.06	1.04	-0.030	0.002	0.030
57725	2	0.0000	0	-0.307	-37.167	35.926	-0.29	-0.81	0.85	-0.027	-0.000	0.020
57732	2	0.0000	0	-0.299	-37.166	35.932	-0.24	-0.95	0.63	-0.028	0.017	0.016
57739	2	0.0000	0	-0.297	-37.167	35.936	-0.64	-0.65	-0.02	-0.023	0.005	-0.003
57746	2	0.0000	0	-0.297	-37.171	35.939	-0.86	-0.60	-0.05	-0.017	0.001	-0.021
57753	2	0.0000	0	-0.300	-37.176	35.941	-1.22	-0.61	-0.32	-0.001	-0.005	-0.029
57760	2	0.0000	0	-0.307	-37.185	35.944	-1.35	-0.36	-0.23	0.004	-0.004	-0.042
57767	2	0.0000	0	-0.316	-37.195	35.946	-1.67	-0.55	-0.25	0.022	0.016	-0.058
57774	2	0.0000	0	-0.323	-37.203	35.947	-2.01	-0.76	-0.55	0.009	0.012	-0.048
57781	2	0.0000	0	-0.331	-37.212	35.949	-1.93	-0.95	-0.65	0.024	0.012	-0.039
57788	2	0.0000	0	-0.338	-37.218	35.948	-2.10	-0.96	-0.99	0.006	0.007	-0.025
57795	2	0.0000	0	-0.346	-37.223	35.946	-1.97	-1.10	-0.88	0.009	-0.007	-0.009
57802	2	0.0000	0	-0.354	-37.228	35.944	-2.25	-0.88	-0.92	0.016	-0.010	0.015
57809	2	0.0000	0	-0.363	-37.231	35.940	-2.79	-0.82	-0.86	0.011	-0.033	0.024
57816	2	0.0000	0	-0.373	-37.235	35.935	-2.87	-0.63	-0.76	-0.009	-0.039	0.035
57823	2	0.0000	0	-0.380	-37.237	35.930	-2.72	-0.62	-0.92	-0.019	-0.031	0.025
57830	2	0.0000	0	-0.382	-37.235	35.926	-2.96	-0.51	-0.90	-0.030	-0.023	0.034
57837	2	0.0000	0	-0.384	-37.232	35.921	-2.86	-0.39	-1.12	-0.034	-0.016	0.023
57844	2	0.0000	0	-0.395	-37.232	35.912	-2.93	-0.07	-1.15	-0.026	-0.013	0.022
57851	2	0.0000	0	-0.401	-37.231	35.905	-2.76	0.10	-0.98	-0.018	-0.009	-0.028
57858	2	0.0000	0	-0.413	-37.232	35.896	-2.89	0.23	-0.76	-0.004	-0.012	-0.018
57865	2	0.0000	0	-0.426	-37.233	35.886	-2.90	0.66	-0.33	0.009	-0.008	-0.038
57872	2	0.0000	0	-0.436	-37.236	35.880	-3.02	0.90	-0.35	0.025	0.027	-0.028
57879	2	0.0000	0	-0.449	-37.241	35.873	-2.95	0.84	-0.15	0.010	0.018	-0.028
57887	2	0.0000	0	-0.462	-37.246	35.867	-2.55	0.73	-0.01	0.021	0.030	-0.023
57894	2	0.0000	0	-0.479	-37.253	35.858	-2.72	0.91	0.08	0.014	0.033	-0.021
57901	2	0.0000	0	-0.499	-37.262	35.850	-2.19	0.89	0.41	0.002	0.020	-0.002
57907	2	0.0000	0	-0.517	-37.269	35.841	-2.28	1.14	0.58	0.009	0.024	0.006
57915	2	0.0000	0	-0.541	-37.280	35.830	-2.40	1.29	0.64	0.015	0.002	0.008
57922	2	0.0000	0	-0.564	-37.291	35.820	-2.25	1.68	0.86	-0.003	-0.001	0.017
57929	2	0.0000	0	-0.588	-37.300	35.809	-2.46	1.58	0.84	-0.005	-0.021	0.030
57936	2	0.0000	0	-0.605	-37.307	35.801	-2.15	1.65	1.09	-0.018	-0.028	0.018
57943	2	0.0000	0	-0.622	-37.314	35.793	-1.48	1.75	1.28	-0.034	-0.028	0.048
57950	2	0.0000	0	-0.642	-37.322	35.782	-1.10	1.70	1.05	-0.034	-0.017	0.036
57957	2	0.0000	0	-0.659	-37.327	35.772	-0.86	1.68	0.94	-0.059	-0.010	0.030
57964	2	0.0000	0	-0.680	-37.334	35.760	-0.77	1.76	0.77	-0.035	-0.016	0.015
57971	2	0.0000	0	-0.700	-37.339	35.748	-0.66	2.11	0.94	-0.017	-0.006	0.008
57978	2	0.0000	0	-0.719	-37.344	35.736	-0.91	2.28	1.02	-0.009	-0.017	-0.010
57985	2	0.0000	0	-0.740	-37.350	35.724	-0.95	2.50	1.16	0.020	0.001	-0.022
57992	2	0.0000	0	-0.757	-37.355	35.713	-0.98	2.62	1.28	0.026	0.001	-0.027
57998	2	0.0000	0	-0.768	-37.356	35.705	-1.04	2.58	1.06	0.037	0.009	-0.040
58005	2	0.0000	0	-0.770	-37.354	35.701	-0.62	2.26	1.17	0.025	0.031	-0.041
58012	2	0.0000	0	-0.772	-37.354	35.699	-0.34	1.88	1.06	0.028	0.006	-0.042
58020	2	0.0000	0	-0.771	-37.350	35.696	0.10	1.68	0.94	0.014	0.027	-0.038
58027	2	0.0000	0	-0.775	-37.350	35.692	0.49	1.61	1.04	0.007	0.033	-0.033
58034	2	0.0000	0	-0.785	-37.352	35.687	0.33	1.61	0.87	-0.002	0.016	0.004
58040	2	0.0000	0	-0.799	-37.358	35.679	0.33	1.44	1.05	-0.003	0.025	0.015
58047	2	0.0000	0	-0.819	-37.364	35.667	-0.20	1.83	1.09	-0.002	-0.001	0.030
58054	2	0.0000	0	-0.841	-37.371	35.655	-0.55	1.96	1.30	-0.002	-0.001	0.034
58061	2	0.0000	0	-0.859	-37.378	35.646	-0.77	1.95	1.64	-0.009	-0.013	0.051
58068	2	0.0000	0	-0.874	-37.384	35.639	-0.61	2.03	1.72	-0.024	-0.014	0.033
58075	2	0.0000	0	-0.881	-37.388	35.636	-0.29	1.30	1.60	-0.015	-0.010	0.030
58082	2	0.0000	0	-0.883	-37.389	35.636	0.01	1.31	1.60	-0.025	-0.009	0.022
58090	2	0.0000	0	-0.882	-37.387	35.634	0.46	1.04	1.42	-0.031	0.001	0.014
58097	2	0.0000	0	-0.883	-37.385	35.631	1.08	0.68	1.06	-0.019	0.003	-0.007
58103	2	0.0000	0	-0.886	-37.384	35.628	1.03	0.84	0.95	-0.002	0.006	-0.012
58111	2	0.0000	0	-0.894	-37.384	35.622	0.84	1.01	0.86	0.017	0.014	-0.025
58118	2	0.0000	0	-0.904	-37.386	35.614	0.68	1.10	0.61	0.018	-0.001	-0.016
58125	2	0.0000	0	-0.913	-37.388	35.609	0.43	1.16	0.49	0.038	0.001	-0.007
58132	2	0.0000	0	-0.920	-37.391	35.605	0.74	0.99	0.24	0.050	-0.011	-0.013
58139	2	0.0000	0	-0.924	-37.395	35.605	0.84	0.85	0.28	0.035	-0.014	-0.004
58146	2	0.0000	0	-0.925	-37.399	35.608	1.06	0.04	0.34	0.046	0.008	-0.020
58153	2	0.0000	0	-0.922	-37.401	35.613	1.30	-0.04	0.60	0.044	0.015	-0.017
58160	2	0.0000	0	-0.920	-37.404	35.618	1.30	-0.58	0.40	0.023	-0.008	-0.013
58167	2	0.0000	0	-0.921	-37.406	35.619	1.33	-0.92	0.50	0.001	0.002	-0.005
58174	2	0.0000	0	-0.916	-37.405	35.622	1.48	-1.03	0.47	0.006	0.012	0.004
58181	2	0.0000	0	-0.913	-37.402	35.622	1.29	-1.06	0.26	-0.012	0.006	0.018
58188	2	0.0000	0	-0.906	-37.397	35.623	1.12	-1.34	0.50	-0.011	0.002	0.031
58195	2	0.0000	0	-0.903	-37.394	35.622	0.79	-1.31	0.27	-0.031	0.001	0.040
58202	2	0.0000	0	-0.890	-37.385	35.625	0.81	-1.07	-0.09	-0.039	-0.018	0.030
58209	2	0.0000	0	-0.876	-37.377	35.630	0.89	-0.97	-0.17	-0.043	-0.009	0.031
58216	2	0.0000	0	-0.861	-37.370	35.637	1.30	-0.84	-0.39	-0.041	0.000	0.022
58223	2	0.0000	0	-0.847	-37.365	35.644	1.08	-1.10	-0.13	-0.030	-0.007	0.002
58230	2	0.0000	0	-0.825	-37.360	35.659	1.38	-1.51	-0.02	-0.013	-0.005	-0.007
58237	2	0.0000	0	-0.809	-37.358	35.671	1.28	-1.79	0.05	-0.010	-0.010	-0.030
58244	2	0.0000	0	-0.795	-37.358	35.683	1.20	-1.81	0.37	0.014	0.010	-0.036
58251	2	0.0000	0	-0.784	-37.359	35.693	1.43	-1.79	0.22	0.015	0.007	-0.047
58258	2	0.0000	0	-0.775	-37.361	35.704	1.37	-1.88	0.48	0.052	-0.002	-0.028
58265	2	0.0000	0	-0.768	-37.362	35.711	1.25	-1.80	0.30	0.050	-0.002	-0.033
58272	2	0.0000	0	-0.759	-37.362	35.718	1.02	-1.73	-0.06	0.040	-0.005	-0.023
58279	2	0.0000	0	-0.751	-37.361	35.725	1.25	-1.58	-0.34	0.046	-0.004	-0.009
58286	2	0.0000	0	-0.742	-37.359	35.730	1.09	-1.23	-0.42	0.033	-0.007	0.016
58293	2	0.0000	0	-0.735	-37.359	35.737	1.23	-1.55	-0.57	0.021	-0.013	0.028
58300	2	0.0000	0	-0.726	-37.357	35.743	1.49	-1.39	-0.67	-0.004	-0.010	0.059
58307	2	0.0000	0	-0.716	-37.355	35.749	1.28	-1.31	-0.85	-0.015	-0.011	0.042
58314	2	0.0000	0	-0.709	-37.355	35.756	1.40	-1.31	-0.76	-0.029	-0.009	0.042
58321	2	0.0000	0	-0.699	-37.354	35.763	1.37	-1.28	-0.55	-0.029	0.020	0.028
58328	2	0.0000	0	-0.687	-37.352	35.772	0.90	-1.32	-0.25	-0.031	0.022	0.011
58335	2	0.0000	0	-0.674	-37.348	35.780	1.15	-1.12	0.04	-0.032	0.017	0.012
58342	2	0.0000	0	-0.660	-37.343	35.787	1.52	-1.11	-0.13	-0.037	0.013	-0.021
58349	2	0.0000	0	-0.640	-37.334	35.796	1.77	-1.11	-0.38	-0.042	0.004	-0.019
58356	2	0.0000	0	-0.620	-37.325	35.805	1.81	-1.09	-0.02	-0.043	0.017	-0.035
58364	2	0.0000	0	-0.599	-37.315	35.813	2.24	-1.04	0.03	-0.033	-0.006	-0.049
58371	2	0.0000	0	-0.580	-37.306	35.822	1.99	-0.96	0.20	-0.028	-0.011	-0.055
58377	2	0.0000	0	-0.567	-37.300	35.827	2.04	-0.61	0.54	-0.017	-0.032	-0.033
58384	2	0.0000	0	-0.557	-37.295	35.832	1.76	-0.39	0.50	-0.001	-0.026	-0.046
58391	2	0.0000	0	-0.546	-37.293	35.839	1.56	-0.14	0.76	0.022	-0.002	-0.027
58398	2	0.0000	0	-0.536	-37.291	35.845	1.60	0.05	0.95	0.029	0.005	-0.009
58405	2	0.0000	0	-0.523	-37.288	35.854	1.78	-0.49	1.10	0.038	0.009	0.008
58413	2	0.0000	0	-0.508	-37.287	35.866	2.53	-0.71	1.31	0.033	0.030	0.018
58420	2	0.0000	0	-0.492	-37.282	35.876	2.60	-0.59	1.34	0.008	0.036	0.032
58427	2	0.0000	0	-0.483	-37.283	35.884	2.54	-0.98	1.47	0.020	0.042	0.042
58434	2	0.0000	0	-0.476	-37.283	35.891	2.69	-0.81	1.89	0.007	0.020	0.038
58441	2	0.0000	0	-0.471	-37.283	35.895	2.63	-0.36	1.92	0.013	0.010	0.038
58448	2	0.0000	0	-0.467	-37.283	35.898	2.28	-0.34	1.94	-0.007	0.001	0.026
58455	2	0.0000	0	-0.460	-37.281	35.903	2.47	0.06	2.08	-0.000	-0.023	0.008
58462	2	0.0000	0	-0.451	-37.279	35.909	2.42	-0.20	2.08	-0.025	-0.013	-0.013
58469	2	0.0000	0	-0.439	-37.276	35.916	2.51	0.27	1.94	-0.030	-0.025	-0.027
58476	2	0.0000	0	-0.425	-37.272	35.925	2.43	0.13	1.63	-0.034	-0.011	-0.022
58483	2	0.0000	0	-0.410	-37.268	35.934	2.70	-0.31	1.70	-0.018	-0.008	-0.044
58490	2	0.0000	0	-0.393	-37.264	35.945	2.32	-0.43	1.67	-0.002	-0.006	-0.037
58497	2	0.0000	0	-0.381	-37.263	35.955	2.39	-0.36	1.74	0.017	-0.021	-0.021
58504	2	0.0000	0	-0.370	-37.262	35.963	1.93	-0.69	1.58	0.026	0.012	-0.009
58511	2	0.0000	0	-0.364	-37.263	35.969	1.69	-0.41	1.43	0.048	0.014	0.020
58517	2	0.0000	0	-0.355	-37.262	35.977	1.68	-0.59	0.99	0.050	0.009	0.030
58524	2	0.0000	0	-0.344	-37.262	35.986	1.19	-0.67	0.82	0.046	0.009	0.050
58531	2	0.0000	0	-0.337	-37.262	35.993	0.84	-0.57	0.33	0.037	0.002	0.052
58538	2	0.0000	0	-0.329	-37.264	36.001	0.86	-0.65	0.59	0.035	-0.003	0.038
58545	2	0.0000	0	-0.316	-37.263	36.012	0.42	-0.88	0.53	0.021	0.022	0.025
58552	2	0.0000	0	-0.307	-37.262	36.019	0.39	-1.06	0.96	-0.022	0.008	0.004
58559	2	0.0000	0	-0.295	-37.261	36.028	0.40	-1.32	0.78	-0.038	0.016	-0.012
58566	2	0.0000	0	-0.287	-37.258	36.032	0.50	-1.11	0.47	-0.051	-0.012	-0.021
58573	2	0.0000	0	-0.284	-37.256	36.033	0.17	-1.04	0.20	-0.050	-0.020	-0.017
58580	2	0.0000	0	-0.283	-37.254	36.032	-0.01	-0.61	-0.15	-0.039	-0.039	-0.048
58587	2	0.0000	0	-0.282	-37.252	36.031	-0.20	-0.40	-0.28	-0.041	-0.050	-0.026
58594	2	0.0000	0	-0.287	-37.254	36.029	-0.74	-0.37	-0.51	-0.012	-0.040	-0.040
58601	2	0.0000	0	-0.291	-37.256	36.027	-0.88	-0.55	-0.61	0.006	-0.029	-0.037
58608	2	0.0000	0	-0.291	-37.259	36.029	-1.27	-0.81	-1.13	0.013	-0.008	-0.026
58615	2	0.0000	0	-0.291	-37.261	36.033	-1.45	-1.07	-1.21	0.013	0.010	0.005
58622	2	0.0000	0	-0.292	-37.265	36.035	-1.53	-1.59	-1.47	0.020	0.034	0.004
58629	2	0.0000	0	-0.291	-37.268	36.039	-1.20	-2.29	-1.30	0.020	0.047	0.011
58636	2	0.0000	0	-0.294	-37.273	36.041	-1.48	-2.24	-1.60	0.019	0.050	0.022
58643	2	0.0000	0	-0.295	-37.275	36.042	-1.43	-2.31	-1.58	0.013	0.025	0.041
58650	2	0.0000	0	-0.302	-37.277	36.039	-1.53	-2.00	-1.79	0.006	0.019	0.049
58658	2	0.0000	0	-0.304	-37.277	36.036	-1.48	-1.81	-2.03	-0.005	-0.001	0.061
58665	2	0.0000	0	-0.309	-37.277	36.032	-1.84	-1.88	-1.93	-0.017	-0.022	0.039
58672	2	0.0000	0	-0.313	-37.276	36.027	-1.67	-1.55	-2.21	-0.019	-0.048	0.018
58679	2	0.0000	0	-0.318	-37.275	36.022	-1.71	-1.41	-1.99	-0.032	-0.049	0.011
58686	2	0.0000	0	-0.315	-37.272	36.022	-1.68	-1.58	-2.06	-0.030	-0.039	-0.013
58693	2	0.0000	0	-0.310	-37.270	36.023	-1.36	-1.76	-1.99	-0.028	-0.033	-0.018
58700	2	0.0000	0	-0.304	-37.268	36.027	-0.91	-2.20	-2.00	-0.037	-0.013	-0.012
58707	2	0.0000	0	-0.302	-37.267	36.029	-0.66	-2.58	-1.86	-0.024	0.002	-0.036
58714	2	0.0000	0	-0.297	-37.266	36.032	-0.54	-2.67	-1.69	-0.014	0.029	-0.039
58721	2	0.0000	0	-0.297	-37.266	36.032	-0.96	-2.87	-1.71	0.017	0.034	-0.029
58729	2	0.0000	0	-0.300	-37.266	36.029	-1.18	-2.64	-1.49	0.044	0.023	-0.030
58736	2	0.0000	0	-0.304	-37.267	36.026	-1.24	-2.53	-1.12	0.052	0.014	-0.017
58743	2	0.0000	0	-0.306	-37.268	36.025	-1.22	-2.69	-1.20	0.074	0.006	-0.028
58750	2	0.0000	0	-0.303	-37.266	36.026	-1.02	-2.53	-1.13	0.062	0.002	-0.021
58757	2	0.0000	0	-0.299	-37.265	36.028	-0.93	-2.74	-1.34	0.048	0.003	-0.009
58764	2	0.0000	0	-0.288	-37.263	36.036	-0.57	-2.86	-0.94	0.028	0.007	0.003
58771	2	0.0000	0	-0.280	-37.262	36.042	-0.28	-3.21	-1.20	0.005	-0.001	0.002
58778	2	0.0000	0	-0.274	-37.262	36.048	0.02	-3.20	-0.76	-0.023	-0.008	0.012
58785	2	0.0000	0	-0.266	-37.263	36.056	0.18	-3.12	-0.68	-0.041	-0.008	0.003
58792	2	0.0000	0	-0.260	-37.264	36.062	0.07	-3.20	-0.50	-0.057	-0.011	0.020
58799	2	0.0000	0	-0.256	-37.265	36.067	0.17	-2.92	-0.14	-0.053	-0.014	0.028
58806	2	0.0000	0	-0.249	-37.265	36.073	-0.04	-2.76	0.02	-0.054	-0.009	0.029
58814	2	0.0000	0	-0.243	-37.266	36.079	0.18	-2.74	0.30	-0.060	-0.008	0.028
58820	2	0.0000	0	-0.235	-37.266	36.087	-0.06	-2.94	0.01	-0.031	0.013	0.036
58827	2	0.0000	0	-0.222	-37.266	36.097	0.37	-2.82	0.30	-0.012	0.017	0.015
58834	2	0.0000	0	-0.210	-37.264	36.106	0.62	-2.95	0.18	0.003	0.036	0.026
58841	2	0.0000	0	-0.199	-37.264	36.116	0.63	-2.92	0.03	0.027	0.026	0.019
58849	2	0.0000	0	-0.185	-37.263	36.127	0.68	-2.95	0.01	0.057	0.018	0.004
58856	2	0.0000	0	-0.174	-37.263	36.136	0.68	-2.73	-0.21	0.063	0.016	-0.007
58863	2	0.0000	0	-0.166	-37.264	36.145	0.58	-2.81	-0.03	0.063	-0.017	-0.017
58870	2	0.0000	0	-0.158	-37.265	36.154	0.46	-2.60	0.10	0.059	-0.014	-0.026
58877	2	0.0000	0	-0.149	-37.269	36.164	0.56	-2.67	0.38	0.034	-0.025	-0.024
58884	2	0.0000	0	-0.142	-37.271	36.173	0.22	-2.58	0.21	0.024	-0.020	-0.029
58891	2	0.0000	0	-0.134	-37.273	36.182	0.20	-2.80	0.24	-0.008	-0.016	-0.033
58898	2	0.0000	0	-0.125	-37.275	36.191	-0.02	-2.67	0.12	-0.025	-0.004	-0.016
58905	2	0.0000	0	-0.117	-37.277	36.201	-0.16	-2.85	0.02	-0.021	-0.001	-0.015
58912	2	0.0000	0	-0.106	-37.277	36.211	-0.19	-2.80	-0.10	-0.038	-0.005	0.007
58919	2	0.0000	0	-0.093	-37.277	36.222	-0.54	-2.96	-0.34	-0.039	0.000	0.007
58926	2	0.0000	0	-0.085	-37.278	36.230	-0.76	-2.87	-0.43	-0.040	-0.018	0.004
58933	2	0.0000	0	-0.077	-37.279	36.237	-1.15	-2.89	-0.44	-0.039	-0.003	0.016
58940	2	0.0000	0	-0.069	-37.279	36.245	-1.42	-3.23	-0.35	-0.018	0.008	0.019
58947	2	0.0000	0	-0.063	-37.281	36.252	-1.61	-3.39	-0.43	-0.002	0.017	0.013
58954	2	0.0000	0	-0.056	-37.283	36.260	-1.67	-3.30	-0.77	0.015	0.013	0.028
58961	2	0.0000	0	-0.050	-37.285	36.267	-2.08	-3.59	-0.71	0.021	0.020	0.035
58968	2	0.0000	0	-0.046	-37.288	36.274	-2.32	-3.55	-0.93	0.040	0.011	0.024
58975	2	0.0000	0	-0.042	-37.290	36.279	-2.61	-3.57	-1.04	0.046	0.017	0.019
58982	2	0.0000	0	-0.044	-37.294	36.282	-2.66	-3.63	-0.93	0.049	0.003	0.018
58989	2	0.0000	0	-0.048	-37.299	36.282	-2.85	-3.41	-1.39	0.043	0.021	0.022
58996	2	0.0000	0	-0.053	-37.305	36.284	-2.92	-3.61	-1.33	0.015	0.007	0.007
59003	2	0.0000	0	-0.056	-37.310	36.286	-3.38	-3.48	-1.64	0.012	-0.011	0.003
59010	2	0.0000	0	-0.062	-37.317	36.289	-3.42	-3.38	-1.80	-0.019	-0.001	-0.006
59017	2	0.0000	0	-0.069	-37.325	36.290	-3.96	-3.35	-2.03	-0.019	0.003	-0.014
59024	2	0.0000	0	-0.077	-37.334	36.291	-4.04	-3.92	-1.91	-0.023	0.011	-0.037
59031	2	0.0000	0	-0.086	-37.343	36.293	-4.18	-3.98	-2.13	-0.035	0.005	-0.033
59038	2	0.0000	0	-0.096	-37.353	36.293	-4.39	-4.02	-2.52	-0.024	0.011	-0.037
59045	2	0.0000	0	-0.104	-37.360	36.293	-4.19	-4.03	-2.70	-0.018	0.022	-0.029
59052	2	0.0000	0	-0.117	-37.368	36.289	-4.53	-4.03	-2.79	-0.014	-0.000	-0.034
59059	2	0.0000	0	-0.127	-37.373	36.285	-4.80	-4.07	-3.43	-0.009	-0.002	-0.022
59066	2	0.0000	0	-0.137	-37.377	36.281	-4.99	-4.01	-3.72	-0.007	-0.004	-0.024
59073	2	0.0000	0	-0.146	-37.382	36.277	-5.35	-4.04	-3.66	0.003	-0.009	-0.015
59080	2	0.0000	0	-0.156	-37.386	36.273	-5.61	-4.18	-3.89	0.009	-0.012	0.008
59087	2	0.0000	0	-0.165	-37.392	36.271	-6.02	-4.45	-4.15	0.027	-0.006	0.026
59094	2	0.0000	0	-0.168	-37.397	36.272	-6.03	-4.86	-4.05	0.020	0.007	0.022
59102	2	0.0000	0	-0.177	-37.403	36.271	-5.83	-4.92	-4.19	0.024	0.002	0.042
59108	2	0.0000	0	-0.183	-37.407	36.269	-5.98	-5.22	-4.49	0.008	0.009	0.034
59115	2	0.0000	0	-0.187	-37.410	36.268	-5.86	-5.08	-4.53	0.015	-0.006	0.029
59123	2	0.0000	0	-0.195	-37.414	36.265	-5.97	-5.28	-4.12	0.008	-0.006	0.018
59129	2	0.0000	0	-0.206	-37.418	36.260	-6.07	-5.10	-4.20	-0.007	-0.003	0.013
59136	2	0.0000	0	-0.215	-37.421	36.254	-6.28	-5.19	-4.21	-0.010	-0.011	-0.008
59143	2	0.0000	0	-0.225	-37.424	36.249	-6.03	-4.86	-4.05	-0.027	-0.003	-0.018
59150	2	0.0000	0	-0.237	-37.428	36.243	-6.08	-4.88	-3.98	-0.023	-0.010	-0.020
59158	2	0.0000	0	-0.250	-37.432	36.235	-6.02	-4.66	-4.37	-0.050	-0.017	-0.021
59165	2	0.0000	0	-0.263	-37.437	36.228	-6.02	-4.88	-4.16	-0.032	-0.012	-0.028
59172	2	0.0000	0	-0.277	-37.445	36.223	-5.71	-4.91	-4.11	-0.030	-0.006	-0.016
59179	2	0.0000	0	-0.294	-37.455	36.218	-5.72	-5.15	-4.18	-0.026	0.001	-0.004
59186	2	0.0000	0	-0.314	-37.468	36.213	-5.82	-5.28	-3.95	-0.015	0.009	-0.003
59193	2	0.0000	0	-0.333	-37.480	36.208	-5.76	-5.69	-4.02	0.013	0.009	-0.006
59200	2	0.0000	0	-0.351	-37.492	36.204	-5.80	-5.72	-4.05	0.031	0.028	0.002
59207	2	0.0000	0	-0.366	-37.502	36.201	-5.80	-5.81	-3.97	0.028	0.040	0.003
59214	2	0.0000	0	-0.374	-37.508	36.199	-5.68	-5.85	-3.83	0.038	0.020	0.019
59221	2	0.0000	0	-0.381	-37.513	36.199	-5.55	-6.04	-3.68	0.033	-0.004	0.018
59228	2	0.0000	0	-0.386	-37.515	36.196	-5.30	-6.20	-3.76	0.033	-0.020	0.025
59235	2	0.0000	0	-0.384	-37.515	36.198	-5.05	-6.22	-3.25	0.027	-0.028	0.006
59242	2	0.0000	0	-0.383	-37.516	36.200	-5.07	-6.61	-3.05	0.014	-0.032	0.018
59249	2	0.0000	0	-0.380	-37.516	36.202	-4.66	-6.63	-2.81	0.001	-0.033	-0.002
59256	2	0.0000	0	-0.374	-37.515	36.206	-4.52	-6.62	-2.54	-0.009	-0.025	-0.013
59263	2	0.0000	0	-0.373	-37.516	36.208	-4.53	-6.68	-2.35	-0.012	-0.004	-0.010
59270	2	0.0000	0	-0.376	-37.519	36.209	-4.65	-6.49	-2.33	-0.030	-0.011	-0.025
59277	2	0.0000	0	-0.381	-37.524	36.209	-4.79	-6.38	-1.97	-0.018	0.001	-0.023
59284	2	0.0000	0	-0.388	-37.531	36.210	-4.80	-6.47	-1.46	-0.026	0.022	-0.032
59291	2	0.0000	0	-0.396	-37.540	36.211	-4.93	-6.38	-1.20	-0.013	0.041	-0.034
59298	2	0.0000	0	-0.405	-37.550	36.213	-4.89	-6.26	-1.25	0.005	0.045	-0.028
59305	2	0.0000	0	-0.410	-37.561	36.219	-4.84	-6.59	-0.97	-0.017	0.060	-0.022
59312	2	0.0000	0	-0.416	-37.574	36.227	-4.76	-6.54	-1.01	-0.005	0.045	-0.008
59319	2	0.0000	0	-0.420	-37.587	36.236	-4.29	-6.36	-1.44	-0.007	0.042	0.020
59326	2	0.0000	0	-0.423	-37.601	36.247	-4.02	-6.09	-1.77	-0.003	0.031	0.039
59333	2	0.0000	0	-0.428	-37.618	36.258	-3.69	-6.32	-2.08	-0.019	0.006	0.033
59340	2	0.0000	0	-0.438	-37.638	36.270	-3.51	-6.28	-2.20	-0.012	-0.017	0.027
59347	2	0.0000	0	-0.448	-37.656	36.279	-3.13	-6.22	-1.79	-0.032	-0.038	0.032
59354	2	0.0000	0	-0.458	-37.676	36.289	-3.35	-6.26	-1.74	-0.027	-0.040	0.011
59361	2	0.0000	0	-0.465	-37.693	36.300	-3.22	-6.10	-1.49	-0.022	-0.042	-0.004
59368	2	0.0000	0	-0.472	-37.708	36.308	-2.95	-5.83	-1.82	-0.005	-0.057	0.013
59375	2	0.0000	0	-0.472	-37.716	36.315	-2.90	-5.36	-2.04	0.005	-0.033	-0.008
59382	2	0.0000	0	-0.469	-37.720	36.322	-2.93	-5.22	-2.24	0.012	-0.033	-0.018
59389	2	0.0000	0	-0.461	-37.720	36.330	-2.37	-4.88	-2.51	0.009	-0.018	-0.018
59396	2	0.0000	0	-0.450	-37.718	36.337	-2.22	-4.59	-2.64	0.013	-0.003	-0.039
59403	2	0.0000	0	-0.438	-37.714	36.344	-2.08	-4.60	-2.66	0.032	0.024	-0.048
59411	2	0.0000	0	-0.420	-37.707	36.353	-1.58	-4.39	-2.62	0.045	0.035	-0.036
59418	2	0.0000	0	-0.406	-37.702	36.360	-1.78	-4.29	-2.53	0.048	0.038	-0.030
59425	2	0.0000	0	-0.389	-37.697	36.370	-1.36	-3.98	-2.73	0.037	0.058	-0.018
59432	2	0.0000	0	-0.380	-37.695	36.376	-1.25	-3.85	-2.34	0.041	0.037	-0.006
59439	2	0.0000	0	-0.371	-37.693	36.382	-1.13	-3.54	-2.13	0.013	0.025	0.003
59446	2	0.0000	0	-0.364	-37.693	36.389	-1.34	-3.27	-1.77	0.004	0.011	0.016
59453	2	0.0000	0	-0.358	-37.694	36.394	-1.21	-3.03	-1.61	-0.018	-0.015	0.028
59460	2	0.0000	0	-0.352	-37.694	36.400	-1.07	-2.73	-1.31	-0.031	-0.036	0.030
59467	2	0.0000	0	-0.343	-37.695	36.409	-0.77	-2.73	-0.87	-0.052	-0.059	0.034
59474	2	0.0000	0	-0.333	-37.695	36.417	-0.37	-2.77	-0.92	-0.053	-0.051	0.039
59481	2	0.0000	0	-0.323	-37.695	36.426	0.10	-2.64	-0.87	-0.042	-0.058	0.038
59488	2	0.0000	0	-0.311	-37.693	36.435	0.40	-2.92	-0.89	-0.056	-0.040	0.044
59495	2	0.0000	0	-0.302	-37.693	36.443	0.66	-2.28	-0.85	-0.034	-0.024	0.024
59502	2	0.0000	0	-0.298	-37.695	36.448	0.91	-2.33	-0.30	-0.014	-0.017	0.013
59509	2	0.0000	0	-0.295	-37.697	36.454	0.58	-2.11	0.01	0.009	0.008	-0.014
59516	2	0.0000	0	-0.296	-37.700	36.455	0.41	-1.58	0.19	0.030	0.019	-0.017
59523	2	0.0000	0	-0.295	-37.700	36.456	0.20	-1.05	0.29	0.056	0.032	-0.034
59530	2	0.0000	0	-0.289	-37.697	36.459	0.35	-0.71	0.54	0.053	0.040	-0.033
59537	2	0.0000	0	-0.281	-37.693	36.462	0.47	-0.41	0.33	0.055	0.037	-0.032
59544	2	0.0000	0	-0.271	-37.688	36.465	0.98	-0.27	0.63	0.058	0.044	-0.009
59551	2	0.0000	0	-0.262	-37.684	36.469	0.94	0.04	0.68	0.020	0.025	-0.006
59558	2	0.0000	0	-0.249	-37.678	36.475	1.45	0.27	0.57	0.001	0.019	-0.007
59565	2	0.0000	0	-0.240	-37.673	36.479	1.81	0.36	0.75	-0.032	0.017	0.006
59572	2	0.0000	0	-0.232	-37.672	36.485	1.82	0.47	0.95	-0.052	0.006	0.023
59579	2	0.0000	0	-0.225	-37.673	36.491	2.13	0.72	1.02	-0.070	-0.013	0.021
59586	2	0.0000	0	-0.225	-37.677	36.495	1.89	1.13	1.17	-0.064	-0.012	0.029
59592	2	0.0000	0	-0.222	-37.679	36.500	1.86	1.29	1.25	-0.056	-0.020	0.026
59599	2	0.0000	0	-0.216	-37.680	36.507	1.81	1.39	1.52	-0.047	-0.025	0.014
59607	2	0.0000	0	-0.205	-37.681	36.517	2.04	1.45	1.76	-0.011	-0.015	0.006
59613	2	0.0000	0	-0.195	-37.681	36.526	2.39	0.97	1.89	0.001	-0.013	0.006
59620	2	0.0000	0	-0.182	-37.678	36.534	2.90	0.62	1.62	0.021	0.004	0.009
59628	2	0.0000	0	-0.171	-37.676	36.542	3.28	0.56	1.83	0.029	-0.007	0.012
59635	2	0.0000	0	-0.167	-37.672	36.542	3.26	0.73	1.47	0.053	0.013	0.015
59642	2	0.0000	0	-0.167	-37.671	36.541	3.14	0.73	1.38	0.062	-0.014	0.005
59648	2	0.0000	0	-0.171	-37.669	36.535	2.91	1.12	1.43	0.067	-0.015	0.002
59655	2	0.0000	0	-0.180	-37.669	36.527	2.45	1.91	1.52	0.078	-0.011	-0.014
59662	2	0.0000	0	-0.187	-37.667	36.519	2.00	2.18	1.71	0.065	-0.020	-0.019
59669	2	0.0000	0	-0.187	-37.664	36.517	2.07	2.25	1.77	0.062	-0.011	-0.025
59676	2	0.0000	0	-0.180	-37.659	36.517	2.36	2.23	1.93	0.042	0.016	-0.013
59683	2	0.0000	0	-0.167	-37.652	36.521	2.75	1.79	1.66	0.019	0.024	-0.029
59690	2	0.0000	0	-0.151	-37.644	36.529	3.25	1.50	1.45	-0.004	0.038	-0.019
59697	2	0.0000	0	-0.131	-37.635	36.537	3.60	1.15	1.45	-0.049	0.022	-0.026
59704	2	0.0000	0	-0.110	-37.628	36.549	3.92	0.92	1.57	-0.064	0.015	-0.018
59711	2	0.0000	0	-0.095	-37.624	36.558	3.94	0.82	1.55	-0.059	0.002	-0.015
59718	2	0.0000	0	-0.087	-37.623	36.563	3.40	0.79	1.70	-0.060	-0.007	-0.005
59725	2	0.0000	0	-0.080	-37.622	36.569	3.33	1.00	1.65	-0.065	-0.020	-0.014
59732	2	0.0000	0	-0.078	-37.623	36.572	2.90	1.12	1.86	-0.039	-0.051	0.001
59739	2	0.0000	0	-0.071	-37.622	36.577	2.62	0.95	1.78	-0.020	-0.037	0.005
59746	2	0.0000	0	-0.059	-37.618	36.584	2.42	0.68	1.94	-0.017	-0.024	0.040
59753	2	0.0000	0	-0.045	-37.615	36.593	2.52	0.13	1.64	0.009	-0.009	0.048
59760	2	0.0000	0	-0.027	-37.611	36.605	2.59	-0.21	1.82	0.008	0.014	0.044
59767	2	0.0000	0	-0.013	-37.606	36.612	2.60	-0.23	1.71	0.021	0.014	0.042
59774	2	0.0000	0	-0.004	-37.602	36.617	2.45	-0.40	1.72	0.043	0.013	0.022
59781	2	0.0000	0	0.006	-37.599	36.622	2.14	-0.47	1.47	0.041	0.021	0.014
59788	2	0.0000	0	0.007	-37.598	36.622	1.90	-0.15	1.27	0.050	0.032	-0.005
59795	2	0.0000	0	0.008	-37.598	36.623	1.45	0.18	1.08	0.035	0.012	-0.022
59802	2	0.0000	0	0.009	-37.595	36.621	1.25	0.45	1.01	0.013	0.001	-0.018
59809	2	0.0000	0	0.019	-37.589	36.624	1.11	0.36	0.83	0.010	-0.016	-0.033
59816	2	0.0000	0	0.028	-37.585	36.629	0.99	0.48	0.61	-0.006	-0.004	-0.043
59823	2	0.0000	0	0.038	-37.583	36.636	1.01	0.21	0.33	-0.024	-0.018	-0.039
59830	2	0.0000	0	0.054	-37.579	36.646	1.03	0.19	0.23	-0.033	-0.005	-0.016
59837	2	0.0000	0	0.068	-37.577	36.656	1.09	-0.10	0.03	-0.034	0.001	-0.007
59844	2	0.0000	0	0.078	-37.578	36.665	0.62	-0.38	-0.17	-0.021	0.017	0.005
59851	2	0.0000	0	0.081	-37.581	36.671	0.38	-0.11	0.11	-0.019	0.001	0.004
59858	2	0.0000	0	0.082	-37.584	36.675	-0.03	-0.26	0.05	-0.004	-0.007	0.024
59865	2	0.0000	0	0.077	-37.589	36.675	-0.65	-0.26	-0.29	0.017	-0.008	0.023
59872	2	0.0000	0	0.072	-37.593	36.674	-1.21	-0.10	-0.22	0.017	-0.010	0.020
59879	2	0.0000	0	0.065	-37.596	36.672	-1.22	0.05	-0.24	0.026	-0.012	0.012
59886	2	0.0000	0	0.062	-37.597	36.670	-1.49	0.29	-0.43	0.023	-0.009	0.007
59893	2	0.0000	0	0.059	-37.597	36.668	-1.81	0.15	-0.49	0.025	-0.014	0.007
59900	2	0.0000	0	0.060	-37.595	36.666	-1.68	0.02	-0.70	0.003	-0.003	-0.002
59907	2	0.0000	0	0.062	-37.591	36.664	-1.67	0.14	-0.94	-0.002	0.007	-0.015
59914	2	0.0000	0	0.066	-37.587	36.663	-1.33	-0.07	-0.96	-0.011	0.016	-0.001
59921	2	0.0000	0	0.063	-37.586	36.660	-1.40	-0.27	-1.34	-0.023	0.029	0.010
59928	2	0.0000	0	0.056	-37.586	36.654	-1.69	-0.24	-1.49	-0.013	0.044	0.012
59935	2	0.0000	0	0.048	-37.588	36.648	-1.76	-0.36	-1.52	-0.017	0.034	0.026
59942	2	0.0000	0	0.035	-37.592	36.641	-2.04	-0.05	-1.64	-0.013	0.041	0.006
59949	2	0.0000	0	0.021	-37.596	36.633	-2.18	-0.08	-1.58	-0.009	0.022	0.018
59956	2	0.0000	0	0.007	-37.601	36.626	-2.60	-0.06	-1.39	0.011	0.010	0.005
59963	2	0.0000	0	-0.004	-37.605	36.619	-2.63	0.03	-1.56	0.012	-0.004	-0.001
59970	2	0.0000	0	-0.017	-37.608	36.612	-2.95	0.04	-1.46	0.028	-0.008	-0.009
59977	2	0.0000	0	-0.025	-37.610	36.606	-2.65	-0.04	-1.37	0.007	-0.030	-0.006
59984	2	0.0000	0	-0.028	-37.610	36.603	-2.28	-0.33	-1.23	0.001	-0.020	-0.032
59991	2	0.0000	0	-0.031	-37.608	36.599	-2.18	-0.50	-1.48	-0.026	-0.025	-0.034
59998	2	0.0000	0	-0.037	-37.609	36.594	-1.80	-0.76	-1.49	-0.019	-0.030	-0.024
60005	2	0.0000	0	-0.047	-37.609	36.586	-2.13	-0.56	-1.46	-0.005	-0.022	-0.018
60012	2	0.0000	0	-0.061	-37.612	36.577	-2.30	-0.68	-1.07	0.006	-0.019	-0.005
60020	2	0.0000	0	-0.077	-37.616	36.565	-2.61	-0.84	-1.23	0.022	-0.004	0.017
60027	2	0.0000	0	-0.094	-37.619	36.554	-3.18	-0.62	-1.10	0.030	0.016	0.018
60034	2	0.0000	0	-0.103	-37.620	36.546	-3.17	-0.51	-0.90	0.036	0.019	0.025
60041	2	0.0000	0	-0.105	-37.618	36.543	-3.14	-0.72	-0.93	0.028	0.033	0.018
60048	2	0.0000	0	-0.106	-37.616	36.541	-2.74	-0.96	-1.09	0.002	0.041	0.018
60055	2	0.0000	0	-0.107	-37.616	36.539	-2.34	-1.39	-0.75	-0.030	0.045	0.014
60062	2	0.0000	0	-0.108	-37.614	36.537	-2.17	-1.31	-1.10	-0.036	0.017	0.026
60070	2	0.0000	0	-0.114	-37.616	36.533	-2.00	-1.13	-0.92	-0.033	0.015	0.022
60077	2	0.0000	0	-0.129	-37.621	36.525	-2.19	-1.07	-1.21	-0.014	-0.010	0.013
60084	2	0.0000	0	-0.147	-37.630	36.518	-2.58	-0.81	-0.77	-0.020	-0.022	0.004
60091	2	0.0000	0	-0.170	-37.643	36.510	-3.08	-0.64	-0.43	0.007	-0.021	-0.016
60098	2	0.0000	0	-0.193	-37.656	36.503	-3.15	-0.47	-0.43	-0.010	-0.024	-0.035
60105	2	0.0000	0	-0.210	-37.668	36.499	-3.26	-0.79	-0.32	0.008	-0.019	-0.023
60112	2	0.0000	0	-0.222	-37.676	36.496	-3.05	-0.91	-0.09	-0.006	0.002	-0.030
60119	2	0.0000	0	-0.232	-37.682	36.494	-2.55	-1.33	-0.17	0.006	0.008	-0.031
60126	2	0.0000	0	-0.236	-37.686	36.494	-1.94	-1.61	-0.61	-0.022	0.014	0.005
60133	2	0.0000	0	-0.243	-37.688	36.490	-1.77	-1.78	-1.14	0.007	0.020	0.007
60140	2	0.0000	0	-0.254	-37.692	36.484	-1.67	-1.75	-1.27	0.002	0.009	0.012
60147	2	0.0000	0	-0.270	-37.698	36.476	-1.78	-1.50	-1.29	0.022	-0.005	0.012
60154	2	0.0000	0	-0.290	-37.706	36.467	-2.52	-1.02	-1.15	0.020	-0.017	0.005
60161	2	0.0000	0	-0.305	-37.711	36.458	-2.58	-1.06	-1.37	0.033	-0.021	0.007
60168	2	0.0000	0	-0.314	-37.714	36.453	-2.78	-1.18	-1.05	0.029	-0.029	0.012
60175	2	0.0000	0	-0.318	-37.717	36.452	-2.34	-1.23	-1.02	0.008	-0.014	-0.002
60182	2	0.0000	0	-0.311	-37.715	36.457	-1.59	-1.82	-1.18	-0.008	-0.003	0.001
60189	2	0.0000	0	-0.302	-37.713	36.462	-1.17	-2.23	-0.98	-0.041	0.002	-0.002
60196	2	0.0000	0	-0.291	-37.708	36.468	-0.92	-2.35	-1.11	-0.034	0.010	-0.001
60203	2	0.0000	0	-0.287	-37.708	36.471	-1.02	-2.47	-0.88	-0.043	0.001	-0.010
60211	2	0.0000	0	-0.292	-37.711	36.469	-1.31	-2.12	-0.62	-0.025	0.004	-0.013
60217	2	0.0000	0	-0.295	-37.711	36.467	-1.69	-1.74	-0.41	-0.014	0.005	-0.009
60225	2	0.0000	0	-0.301	-37.712	36.462	-2.10	-1.22	-0.41	-0.010	-0.007	-0.014
60232	2	0.0000	0	-0.309	-37.713	36.457	-2.23	-0.83	-0.46	0.019	-0.014	-0.014
60239	2	0.0000	0	-0.310	-37.714	36.456	-2.43	-0.89	-0.52	0.012	-0.003	-0.003
60246	2	0.0000	0	-0.310	-37.716	36.458	-2.23	-0.84	-0.46	0.013	0.013	0.017
60253	2	0.0000	0	-0.300	-37.715	36.466	-1.61	-1.08	-0.62	0.010	0.013	0.017
60260	2	0.0000	0	-0.290	-37.715	36.475	-1.19	-1.60	-0.62	-0.005	0.019	0.004
60267	2	0.0000	0	-0.284	-37.719	36.485	-0.85	-1.78	-0.36	-0.010	0.011	-0.001
60274	2	0.0000	0	-0.283	-37.726	36.491	-0.70	-1.87	-0.11	-0.005	0.004	-0.007
60281	2	0.0000	0	-0.284	-37.733	36.498	-0.44	-2.02	0.10	-0.003	0.005	-0.012
60288	2	0.0000	0	-0.285	-37.738	36.502	-0.51	-1.85	0.10	-0.001	-0.016	-0.009
60295	2	0.0000	0	-0.292	-37.745	36.503	-0.76	-1.33	-0.17	0.016	-0.020	0.002
60302	2	0.0000	0	-0.301	-37.752	36.501	-0.91	-1.41	-0.25	0.018	-0.020	-0.005
60309	2	0.0000	0	-0.308	-37.756	36.498	-0.85	-0.87	-0.22	0.020	-0.004	-0.006
60316	2	0.0000	0	-0.316	-37.760	36.496	-1.02	-0.85	-0.28	0.007	-0.007	-0.001
60323	2	0.0000	0	-0.324	-37.764	36.493	-1.15	-0.46	-0.33	-0.003	-0.004	-0.010
60330	2	0.0000	0	-0.328	-37.768	36.493	-1.13	-0.36	-0.23	0.009	0.004	0.002
60337	2	0.0000	0	-0.328	-37.769	36.494	-1.02	-0.22	-0.60	0.000	0.013	0.012
60344	2	0.0000	0	-0.328	-37.769	36.494	-0.87	-0.25	-0.72	-0.027	0.011	0.011
60351	2	0.0000	0	-0.327	-37.768	36.494	-0.66	-0.41	-0.45	-0.017	0.012	-0.004
60358	2	0.0000	0	-0.326	-37.769	36.496	-0.49	-0.30	-0.51	-0.024	0.004	0.007
60365	2	0.0000	0	-0.327	-37.768	36.494	-0.70	-0.06	-0.44	-0.016	0.003	-0.016
60372	2	0.0000	0	-0.331	-37.769	36.492	-0.51	-0.24	-0.02	-0.008	-0.005	0.015
60379	2	0.0000	0	-0.332	-37.768	36.489	-0.72	-0.08	-0.29	-0.006	0.007	0.007
60386	2	0.0000	0	-0.334	-37.766	36.485	-0.58	-0.09	-0.31	0.002	-0.017	0.005
60392	2	0.0000	0	-0.333	-37.763	36.483	-0.49	0.12	-0.19	0.000	0.009	0.020
60399	2	0.0000	0	-0.332	-37.761	36.482	-0.43	0.09	-0.64	0.002	-0.002	0.013
60407	2	0.0000	0	-0.330	-37.758	36.482	0.06	-0.20	-0.42	0.024	0.015	0.012
60414	2	0.0000	0	-0.330	-37.757	36.481	0.22	-0.16	-0.73	0.010	0.014	0.018
60421	2	0.0000	0	-0.331	-37.758	36.480	0.42	-0.24	-0.54	0.003	0.015	0.003
60428	2	0.0000	0	-0.339	-37.763	36.478	0.42	-0.15	-0.63	0.019	0.002	-0.010
60435	2	0.0000	0	-0.350	-37.769	36.475	0.19	-0.15	-0.19	0.009	-0.004	-0.016
60442	2	0.0000	0	-0.360	-37.776	36.472	0.31	-0.19	-0.06	0.004	-0.001	-0.013
60449	2	0.0000	0	-0.369	-37.782	36.470	0.32	-0.25	0.32	-0.001	-0.018	-0.017
60456	2	0.0000	0	-0.373	-37.785	36.469	0.29	-0.34	0.22	0.006	-0.009	-0.021
60463	2	0.0000	0	-0.378	-37.787	36.467	0.32	-0.57	-0.10	-0.002	-0.014	0.008
60470	2	0.0000	0	-0.372	-37.785	36.471	0.66	-0.40	-0.19	-0.006	-0.013	0.008
60477	2	0.0000	0	-0.367	-37.780	36.471	0.92	-0.33	-0.63	-0.011	-0.012	0.009
60484	2	0.0000	0	-0.359	-37.775	36.473	0.87	-0.67	-0.55	-0.016	-0.002	0.012
60491	2	0.0000	0	-0.349	-37.770	36.477	1.19	-0.77	-0.56	-0.020	0.006	0.014
60498	2	0.0000	0	-0.339	-37.765	36.480	1.19	-0.79	-0.23	-0.017	0.010	0.014
60505	2	0.0000	0	-0.327	-37.758	36.484	0.95	-0.86	-0.65	0.003	0.006	0.009
60512	2	0.0000	0	-0.318	-37.753	36.487	1.14	-0.40	-0.88	0.011	0.032	0.007
60519	2	0.0000	0	-0.310	-37.750	36.491	1.01	-0.60	-1.08	0.002	0.028	-0.004
60526	2	0.0000	0	-0.299	-37.746	36.497	1.00	-0.59	-0.98	0.014	0.010	-0.010
60532	2	0.0000	0	-0.289	-37.744	36.504	1.22	-0.76	-0.81	0.020	0.015	-0.007
60539	2	0.0000	0	-0.282	-37.744	36.510	1.26	-0.79	-0.83	0.015	0.000	-0.017
60547	2	0.0000	0	-0.273	-37.743	36.518	1.29	-1.30	-0.56	0.018	-0.004	-0.012
60553	2	0.0000	0	-0.264	-37.743	36.525	1.51	-1.29	-0.89	0.001	0.007	-0.004
60560	2	0.0000	0	-0.257	-37.740	36.529	1.41	-1.06	-1.02	-0.004	-0.007	-0.007
60567	2	0.0000	0	-0.251	-37.739	36.532	1.44	-1.07	-0.94	-0.007	-0.019	0.001
60574	2	0.0000	0	-0.244	-37.735	36.535	1.18	-0.93	-0.71	-0.001	-0.021	0.002
60581	2	0.0000	0	-0.233	-37.730	36.540	1.38	-1.16	-0.68	-0.014	-0.012	0.017
60588	2	0.0000	0	-0.225	-37.724	36.541	1.09	-1.09	-0.88	-0.015	-0.011	0.025
60595	2	0.0000	0	-0.214	-37.716	36.543	1.53	-0.89	-1.10	-0.019	-0.016	0.024
60602	2	0.0000	0	-0.204	-37.709	36.545	1.37	-0.75	-1.40	-0.018	-0.002	0.020
60609	2	0.0000	0	-0.191	-37.701	36.548	1.66	-0.64	-1.38	-0.021	0.007	0.014
60616	2	0.0000	0	-0.175	-37.694	36.555	1.58	-0.52	-1.51	-0.004	0.024	-0.014
60624	2	0.0000	0	-0.160	-37.687	36.562	1.28	-0.35	-1.08	0.002	0.029	-0.026
60631	2	0.0000	0	-0.141	-37.679	36.571	1.08	-0.53	-1.01	-0.003	0.019	-0.036
60638	2	0.0000	0	-0.120	-37.670	36.580	1.52	-0.63	-0.93	0.026	0.020	-0.026
60645	2	0.0000	0	-0.100	-37.662	36.590	1.44	-0.64	-0.94	0.023	0.007	-0.027
60652	2	0.0000	0	-0.081	-37.653	36.599	1.54	-0.43	-1.25	0.023	0.001	-0.015
60659	2	0.0000	0	-0.064	-37.646	36.607	1.81	-0.50	-1.24	0.030	0.001	-0.007
60666	2	0.0000	0	-0.050	-37.640	36.613	1.64	-0.24	-1.23	0.036	-0.015	-0.008
60672	2	0.0000	0	-0.043	-37.638	36.617	1.56	-0.18	-1.00	0.032	-0.029	0.000
60679	2	0.0000	0	-0.033	-37.634	36.622	1.34	0.04	-0.78	0.037	-0.016	0.007
60686	2	0.0000	0	-0.024	-37.629	36.626	1.28	0.36	-0.62	0.033	-0.022	0.018
60694	2	0.0000	0	-0.015	-37.625	36.629	1.37	0.20	-0.87	0.017	-0.016	0.019
60701	2	0.0000	0	-0.004	-37.619	36.633	1.63	0.10	-0.71	0.003	-0.008	0.009
60707	2	0.0000	0	0.005	-37.614	36.637	1.73	0.01	-0.72	-0.013	0.009	0.019
60714	2	0.0000	0	0.017	-37.606	36.639	2.15	0.04	-0.95	-0.029	0.016	0.012
60721	2	0.0000	0	0.025	-37.600	36.640	2.07	-0.21	-0.85	-0.030	0.029	0.008
60728	2	0.0000	0	0.034	-37.593	36.641	2.17	0.13	-0.86	-0.031	0.022	0.003
60735	2	0.0000	0	0.043	-37.585	36.641	1.78	0.45	-0.89	-0.033	0.011	0.003
60742	2	0.0000	0	0.050	-37.578	36.641	1.99	0.55	-0.88	-0.034	0.017	-0.013
60749	2	0.0000	0	0.065	-37.567	36.643	1.89	0.73	-0.96	-0.011	0.008	-0.011
60756	2	0.0000	0	0.082	-37.556	36.647	1.99	0.74	-0.77	0.000	0.012	-0.010
60763	2	0.0000	0	0.102	-37.544	36.653	2.03	0.65	-0.60	0.008	-0.003	-0.020
60771	2	0.0000	0	0.121	-37.534	36.660	2.18	0.27	-0.38	0.025	-0.013	-0.009
60778	2	0.0000	0	0.141	-37.524	36.669	2.25	0.14	-0.42	0.031	0.004	-0.003
60785	2	0.0000	0	0.163	-37.514	36.678	2.27	0.15	-0.24	0.040	-0.010	-0.001
60792	2	0.0000	0	0.176	-37.508	36.684	2.35	0.01	-0.38	0.030	-0.009	0.001
60798	2	0.0000	0	0.186	-37.503	36.687	2.17	0.29	-0.27	0.026	-0.011	0.010
60805	2	0.0000	0	0.194	-37.499	36.691	2.19	0.30	-0.09	0.014	-0.008	0.002
60812	2	0.0000	0	0.203	-37.495	36.694	1.85	0.24	0.19	0.003	0.000	-0.009
60820	2	0.0000	0	0.212	-37.491	36.699	1.89	0.06	0.45	-0.011	0.010	-0.007
60827	2	0.0000	0	0.219	-37.487	36.702	1.64	0.27	0.48	-0.020	0.017	0.003
60834	2	0.0000	0	0.230	-37.481	36.705	1.76	0.29	0.24	-0.027	0.000	-0.003
60841	2	0.0000	0	0.242	-37.474	36.708	1.97	0.13	0.08	-0.030	0.007	0.019
60848	2	0.0000	0	0.253	-37.468	36.712	2.30	0.23	-0.25	-0.025	0.008	0.020
60855	2	0.0000	0	0.264	-37.462	36.716	2.33	0.07	-0.33	-0.017	0.007	0.028
60862	2	0.0000	0	0.272	-37.458	36.720	2.42	0.21	-0.44	-0.022	0.006	0.019
60869	2	0.0000	0	0.277	-37.457	36.722	2.32	0.34	-0.48	-0.002	-0.010	0.010
60875	2	0.0000	0	0.279	-37.457	36.725	1.95	0.25	-0.23	-0.003	-0.015	0.002
60882	2	0.0000	0	0.282	-37.457	36.727	1.70	0.42	-0.14	0.002	-0.024	-0.022
60890	2	0.0000	0	0.288	-37.455	36.730	1.88	0.12	0.08	0.014	-0.023	-0.026
60897	2	0.0000	0	0.295	-37.452	36.734	2.07	0.08	-0.39	0.021	-0.021	-0.013
60904	2	0.0000	0	0.308	-37.447	36.740	1.86	-0.22	-0.52	0.007	-0.002	-0.002
60911	2	0.0000	0	0.323	-37.439	36.746	2.20	-0.25	-0.72	0.009	0.003	-0.007
60918	2	0.0000	0	0.340	-37.431	36.752	2.29	-0.58	-0.80	0.006	0.017	0.002
60925	2	0.0000	0	0.355	-37.422	36.756	2.51	-0.58	-0.80	0.018	0.021	0.009
60931	2	0.0000	0	0.369	-37.413	36.761	2.30	-0.42	-0.64	0.005	0.011	0.022
60938	2	0.0000	0	0.380	-37.406	36.764	1.90	0.25	-0.92	0.011	0.011	0.011
60945	2	0.0000	0	0.392	-37.399	36.767	1.31	0.20	-0.71	0.012	0.002	0.009
60952	2	0.0000	0	0.407	-37.391	36.773	1.32	0.14	-0.33	0.004	-0.007	-0.001
60959	2	0.0000	0	0.425	-37.382	36.781	1.18	0.29	-0.45	-0.006	-0.005	-0.009
60966	2	0.0000	0	0.452	-37.372	36.793	1.70	0.00	-0.48	-0.009	-0.002	-0.003
60973	2	0.0000	0	0.474	-37.361	36.803	2.10	0.02	-0.46	-0.022	-0.013	-0.003
60980	2	0.0000	0	0.494	-37.352	36.811	2.27	0.04	-0.44	-0.029	-0.018	-0.012
60987	2	0.0000	0	0.505	-37.348	36.818	2.18	-0.26	-0.47	-0.028	-0.012	-0.017
60994	2	0.0000	0	0.508	-37.346	36.818	1.71	0.16	-0.32	-0.012	-0.011	-0.023
61001	2	0.0000	0	0.511	-37.344	36.819	1.60	0.22	-0.17	0.003	-0.010	-0.011
61008	2	0.0000	0	0.515	-37.340	36.819	1.14	0.40	-0.51	0.010	-0.003	-0.017
61015	2	0.0000	0	0.519	-37.337	36.820	1.44	0.57	-0.68	0.023	0.003	-0.007
61022	2	0.0000	0	0.525	-37.333	36.820	1.41	0.71	-0.89	0.023	0.008	-0.004
61029	2	0.0000	0	0.531	-37.328	36.821	1.40	0.56	-1.04	0.021	0.009	0.013
61036	2	0.0000	0	0.538	-37.325	36.824	1.53	0.30	-1.12	0.012	0.015	0.014
61043	2	0.0000	0	0.546	-37.322	36.828	1.77	0.26	-0.90	-0.002	0.018	0.010
61050	2	0.0000	0	0.550	-37.319	36.829	1.54	0.44	-0.64	0.006	0.001	0.023
61057	2	0.0000	0	0.555	-37.316	36.829	1.27	0.34	-0.48	-0.009	-0.015	0.014
61064	2	0.0000	0	0.557	-37.312	36.828	1.09	0.79	-0.54	-0.007	-0.029	0.014
61071	2	0.0000	0	0.565	-37.306	36.829	0.99	0.75	-0.41	-0.010	-0.029	0.026
61078	2	0.0000	0	0.577	-37.297	36.831	1.11	0.89	-0.45	-0.017	-0.029	0.009
61085	2	0.0000	0	0.590	-37.287	36.833	1.00	1.13	-0.47	0.001	-0.010	0.001
61092	2	0.0000	0	0.608	-37.275	36.836	1.12	1.13	-0.38	-0.008	-0.001	-0.003
61099	2	0.0000	0	0.624	-37.263	36.840	1.12	1.02	-0.58	-0.009	-0.003	-0.023
61106	2	0.0000	0	0.637	-37.255	36.842	1.00	1.21	-0.56	-0.018	0.008	-0.014
61113	2	0.0000	0	0.648	-37.247	36.844	0.74	1.18	-0.16	-0.013	0.016	-0.019
61120	2	0.0000	0	0.658	-37.240	36.847	0.71	1.36	-0.41	-0.003	0.026	-0.025
61127	2	0.0000	0	0.663	-37.236	36.848	0.39	1.48	-0.12	0.001	0.012	-0.019
61134	2	0.0000	0	0.667	-37.234	36.848	0.28	1.33	0.25	0.016	0.020	-0.020
61141	2	0.0000	0	0.671	-37.231	36.849	0.38	1.24	0.24	0.014	0.016	-0.007
61148	2	0.0000	0	0.674	-37.228	36.849	0.16	1.09	0.09	0.028	0.012	-0.003
61155	2	0.0000	0	0.674	-37.226	36.847	0.25	0.91	0.17	0.025	0.007	0.011
61161	2	0.0000	0	0.672	-37.224	36.844	0.22	0.88	0.14	0.028	0.012	0.012
61168	2	0.0000	0	0.669	-37.222	36.839	0.13	0.87	0.13	0.012	-0.002	0.019
61175	2	0.0000	0	0.661	-37.224	36.835	0.11	0.84	0.70	0.006	-0.020	0.012
61182	2	0.0000	0	0.655	-37.226	36.831	-0.24	0.73	0.85	-0.003	-0.027	0.018
61189	2	0.0000	0	0.649	-37.227	36.826	-0.23	0.67	0.79	-0.012	-0.030	0.011
61196	2	0.0000	0	0.645	-37.228	36.823	-0.08	0.51	0.80	-0.034	-0.053	0.005
61203	2	0.0000	0	0.641	-37.226	36.818	-0.07	0.71	0.48	-0.043	-0.053	0.005
61210	2	0.0000	0	0.641	-37.224	36.816	-0.17	0.78	0.20	-0.027	-0.039	-0.004
61217	2	0.0000	0	0.636	-37.223	36.811	-0.42	0.53	-0.04	-0.014	-0.022	-0.006
61224	2	0.0000	0	0.629	-37.224	36.805	-0.33	0.78	0.04	-0.005	0.017	-0.012
61231	2	0.0000	0	0.623	-37.227	36.802	-0.71	0.71	0.39	0.003	0.024	-0.021
61238	2	0.0000	0	0.612	-37.231	36.798	-1.14	0.57	0.43	0.024	0.029	-0.016
61245	2	0.0000	0	0.605	-37.235	36.795	-1.36	0.33	0.36	0.027	0.056	-0.015
61252	2	0.0000	0	0.598	-37.238	36.792	-1.45	0.49	0.18	0.030	0.055	-0.024
61259	2	0.0000	0	0.593	-37.240	36.789	-1.54	0.28	0.06	0.027	0.063	-0.020
61266	2	0.0000	0	0.589	-37.243	36.789	-1.30	0.29	0.23	0.023	0.058	-0.017
61273	2	0.0000	0	0.586	-37.246	36.788	-1.32	0.02	0.31	0.014	0.040	-0.011
61280	2	0.0000	0	0.581	-37.250	36.789	-1.25	-0.37	0.53	-0.008	0.014	-0.012
61287	2	0.0000	0	0.574	-37.254	36.787	-1.32	-0.24	0.57	-0.010	-0.013	-0.002
61294	2	0.0000	0	0.568	-37.259	36.786	-1.19	-0.75	0.74	-0.017	-0.014	0.014
61301	2	0.0000	0	0.559	-37.266	36.784	-1.21	-1.02	0.82	-0.006	-0.032	0.011
61308	2	0.0000	0	0.547	-37.271	36.780	-1.31	-0.89	0.78	-0.012	-0.054	0.018
61315	2	0.0000	0	0.537	-37.276	36.775	-1.60	-1.05	1.13	-0.003	-0.058	0.032
61322	2	0.0000	0	0.525	-37.279	36.768	-1.94	-1.16	0.85	0.012	-0.073	0.051
61329	2	0.0000	0	0.512	-37.283	36.760	-2.16	-0.91	0.92	0.021	-0.068	0.037
61336	2	0.0000	0	0.501	-37.288	36.755	-2.01	-0.95	0.80	0.003	-0.039	0.039
61343	2	0.0000	0	0.492	-37.293	36.752	-1.89	-1.10	0.73	0.003	-0.025	0.026
61350	2	0.0000	0	0.482	-37.297	36.748	-2.00	-1.23	0.34	0.000	0.003	0.020
61357	2	0.0000	0	0.472	-37.301	36.743	-2.16	-1.22	0.18	-0.016	0.008	0.001
61364	2	0.0000	0	0.464	-37.309	36.743	-1.84	-1.41	0.25	-0.014	0.037	-0.021
61371	2	0.0000	0	0.454	-37.317	36.742	-1.91	-1.61	0.31	-0.011	0.031	-0.027
61378	2	0.0000	0	0.442	-37.326	36.740	-2.09	-1.52	-0.12	-0.017	0.034	-0.055
61386	2	0.0000	0	0.430	-37.336	36.740	-2.57	-1.38	0.11	-0.024	0.016	-0.044
61393	2	0.0000	0	0.422	-37.345	36.742	-2.44	-1.70	0.40	-0.019	0.015	-0.040
61399	2	0.0000	0	0.414	-37.356	36.745	-2.59	-1.74	0.27	0.011	0.007	-0.009
61406	2	0.0000	0	0.408	-37.366	36.749	-2.60	-1.89	0.12	-0.003	0.004	-0.020
61413	2	0.0000	0	0.403	-37.375	36.754	-2.28	-2.28	0.08	0.008	0.010	0.002
61420	2	0.0000	0	0.395	-37.384	36.755	-2.14	-2.27	-0.08	0.012	0.003	0.029
61427	2	0.0000	0	0.387	-37.393	36.757	-2.26	-2.51	-0.23	0.013	0.001	0.045
61434	2	0.0000	0	0.377	-37.401	36.757	-2.13	-2.44	-0.33	0.010	0.006	0.036
61441	2	0.0000	0	0.364	-37.411	36.755	-2.43	-2.31	-0.47	-0.003	-0.003	0.033
61448	2	0.0000	0	0.351	-37.418	36.751	-2.46	-2.06	-0.48	0.006	-0.009	0.040
61455	2	0.0000	0	0.336	-37.425	36.744	-3.12	-1.83	-0.68	-0.004	-0.025	0.045
61462	2	0.0000	0	0.325	-37.430	36.738	-3.03	-1.63	-0.56	-0.016	-0.021	0.034
61469	2	0.0000	0	0.313	-37.434	36.732	-3.17	-1.39	-0.76	-0.020	-0.031	0.031
61476	2	0.0000	0	0.308	-37.436	36.730	-3.25	-1.45	-0.73	-0.008	-0.028	0.015
# pulse wheel = X
61483	0	0.0000	0	0.303	-37.437	36.727	-3.22	-1.41	-0.69	-0.016	-0.009	0.002
61490	0	0.0000	0	0.301	-37.439	36.727	-3.11	-1.59	-1.05	-0.022	-0.002	-0.015
61497	0	0.0000	0	0.302	-37.442	36.730	-2.78	-1.58	-0.86	-0.017	0.007	-0.032
61504	0	0.0000	0	0.298	-37.446	36.730	-2.85	-1.69	-0.88	-0.018	0.018	-0.042
61511	0	0.0000	0	0.291	-37.453	36.731	-2.87	-1.68	-0.78	-0.015	0.034	-0.047
61518	0	0.0000	0	0.283	-37.459	36.731	-2.66	-1.66	-0.68	0.004	0.036	-0.040
61525	0	0.0000	0	0.273	-37.465	36.727	-3.21	-1.33	-0.78	0.012	0.018	-0.042
61532	0	0.0000	0	0.261	-37.472	36.723	-3.31	-1.62	-0.81	0.030	0.009	-0.031
61539	0	0.0000	0	0.246	-37.480	36.718	-3.35	-1.27	-0.81	0.026	-0.017	-0.022
61546	0	0.0000	0	0.235	-37.485	36.713	-3.34	-1.25	-0.95	0.033	-0.022	-0.001
61553	0	0.0000	0	0.224	-37.491	36.708	-3.15	-1.41	-0.86	0.022	-0.037	0.001
61560	0	0.0000	0	0.211	-37.497	36.704	-2.98	-1.61	-0.63	0.018	-0.034	0.017
61567	0	0.0000	0	0.199	-37.505	36.701	-2.71	-1.55	-0.74	-0.013	-0.028	0.029
61575	0	0.0000	0	0.180	-37.514	36.693	-2.61	-1.40	-0.68	-0.016	-0.015	0.040
61581	0	0.0000	0	0.164	-37.523	36.687	-2.73	-1.53	-0.64	-0.029	-0.015	0.025
61588	0	0.0000	0	0.143	-37.533	36.679	-3.09	-1.23	-0.16	-0.034	-0.011	0.020
61595	0	0.0000	0	0.125	-37.543	36.673	-3.24	-1.11	-0.13	-0.023	0.009	0.015
61602	0	0.0000	0	0.108	-37.553	36.667	-3.27	-1.03	0.04	-0.022	0.026	0.012
61609	0	0.0000	0	0.096	-37.560	36.664	-3.20	-1.05	0.19	-0.016	0.037	-0.002
61616	0	0.0000	0	0.086	-37.566	36.661	-2.81	-1.12	0.30	-0.013	0.046	0.000
61623	0	0.0000	0	0.080	-37.569	36.659	-2.49	-1.20	-0.04	0.009	0.041	-0.018
61630	0	0.0000	0	0.075	-37.572	36.658	-2.24	-0.95	-0.23	0.010	0.040	-0.003
61637	0	0.0000	0	0.069	-37.576	36.655	-2.30	-0.95	-0.06	0.032	0.024	-0.016
61644	0	0.0000	0	0.059	-37.580	36.650	-2.26	-0.59	-0.04	0.044	-0.001	-0.006
61651	0	0.0000	0	0.048	-37.585	36.645	-2.42	-0.13	0.08	0.055	-0.021	-0.013
61658	0	0.0000	0	0.036	-37.589	36.640	-2.57	-0.27	0.37	0.059	-0.035	-0.018
61665	0	0.0000	0	0.026	-37.595	36.636	-2.16	-0.16	0.48	0.040	-0.039	-0.013
61672	0	0.0000	0	0.021	-37.597	36.633	-2.05	0.08	0.45	0.008	-0.031	-0.008
61679	0	0.0000	0	0.016	-37.600	36.632	-1.74	-0.00	0.55	-0.003	-0.032	-0.007
61686	0	0.0000	0	0.008	-37.605	36.630	-1.27	-0.11	0.70	-0.020	-0.009	-0.014
61693	0	0.0000	0	-0.000	-37.611	36.629	-0.95	-0.33	0.82	-0.036	0.000	-0.023
61700	0	0.0000	0	-0.012	-37.618	36.625	-1.03	-0.17	0.64	-0.056	0.003	-0.019
61707	0	0.0000	0	-0.030	-37.627	36.618	-1.16	-0.13	0.94	-0.051	0.002	-0.016
61714	0	0.0000	0	-0.053	-37.639	36.610	-1.49	0.27	1.08	-0.043	0.011	-0.013
61721	0	0.0000	0	-0.077	-37.651	36.601	-1.67	0.25	1.49	-0.016	0.009	0.001
61728	0	0.0000	0	-0.098	-37.663	36.594	-1.93	0.35	1.33	-0.006	0.026	0.016
61735	0	0.0000	0	-0.114	-37.672	36.588	-1.88	0.22	1.72	0.012	0.035	0.014
61742	0	0.0000	0	-0.124	-37.679	36.586	-1.65	-0.13	1.63	0.013	0.041	0.030
61749	0	0.0000	0	-0.128	-37.682	36.585	-1.30	-0.35	1.50	0.017	0.021	0.044
61756	0	0.0000	0	-0.133	-37.685	36.583	-1.08	-0.42	1.25	0.017	0.022	0.044
61763	0	0.0000	0	-0.136	-37.685	36.581	-0.80	-0.51	1.16	0.028	0.019	0.036
61770	0	0.0000	0	-0.141	-37.688	36.579	-0.80	-0.29	0.95	0.013	-0.003	0.040
61777	0	0.0000	0	-0.146	-37.690	36.578	-0.56	-0.35	0.88	0.018	-0.022	0.021
61784	0	0.0000	0	-0.157	-37.696	36.573	-0.59	-0.19	0.96	0.003	-0.040	-0.003
61791	0	0.0000	0	-0.165	-37.701	36.571	-0.81	-0.32	1.09	0.007	-0.037	-0.008
61798	0	0.0000	0	-0.174	-37.707	36.569	-0.90	-0.11	0.87	0.003	-0.019	-0.025
61805	0	0.0000	0	-0.183	-37.714	36.568	-0.82	0.07	1.14	-0.015	-0.024	-0.026
61812	0	0.0000	0	-0.193	-37.719	36.565	-0.85	-0.31	1.01	-0.013	-0.007	-0.029
61819	0	0.0000	0	-0.200	-37.727	36.565	-0.75	-0.49	1.10	-0.015	0.007	-0.034
61826	0	0.0000	0	-0.208	-37.735	36.566	-0.87	-0.28	0.79	-0.005	0.016	-0.030
61833	0	0.0000	0	-0.217	-37.741	36.565	-0.76	-0.63	0.61	0.002	0.027	-0.028
61840	0	0.0000	0	-0.231	-37.750	36.562	-1.00	-0.56	0.68	-0.005	0.023	-0.012
61847	0	0.0000	0	-0.244	-37.759	36.558	-0.98	-0.67	0.23	0.008	0.014	0.009
61854	0	0.0000	0	-0.259	-37.769	36.554	-1.44	-0.95	0.03	0.023	0.021	0.022
61861	0	0.0000	0	-0.269	-37.777	36.553	-1.23	-1.00	0.07	0.012	0.022	0.036
61868	0	0.0000	0	-0.279	-37.785	36.553	-1.23	-1.28	0.05	0.020	-0.002	0.042
61875	0	0.0000	0	-0.282	-37.791	36.556	-1.24	-1.60	-0.26	0.007	-0.009	0.040
61882	0	0.0000	0	-0.279	-37.792	36.560	-0.89	-2.20	-0.44	0.015	-0.006	0.029
61889	0	0.0000	0	-0.277	-37.793	36.562	-0.08	-2.50	-0.31	-0.012	-0.017	0.022
61896	0	0.0000	0	-0.273	-37.792	36.565	-0.10	-2.63	-0.69	-0.006	-0.035	-0.017
61904	0	0.0000	0	-0.269	-37.790	36.567	0.04	-2.74	-0.72	0.002	-0.027	-0.018
61910	0	0.0000	0	-0.266	-37.788	36.566	-0.10	-2.92	-0.82	0.018	-0.016	-0.048
61917	0	0.0000	0	-0.265	-37.785	36.566	-0.11	-2.78	-0.85	0.025	-0.015	-0.037
61924	0	0.0000	0	-0.265	-37.782	36.563	-0.74	-2.84	-1.00	0.019	-0.004	-0.030
61931	0	0.0000	0	-0.261	-37.779	36.563	-0.86	-3.01	-0.92	0.024	-0.012	-0.031
61938	0	0.0000	0	-0.257	-37.777	36.564	-1.05	-2.89	-0.97	0.024	0.017	-0.023
61945	0	0.0000	0	-0.253	-37.777	36.568	-1.28	-3.21	-0.94	0.004	0.020	-0.009
61952	0	0.0000	0	-0.245	-37.777	36.575	-1.17	-3.69	-0.99	-0.022	0.018	0.012
61959	0	0.0000	0	-0.239	-37.780	36.583	-1.20	-3.81	-0.94	-0.011	0.046	0.018
61966	0	0.0000	0	-0.230	-37.782	36.593	-0.92	-4.27	-0.97	-0.026	0.028	0.036
61973	0	0.0000	0	-0.218	-37.784	36.605	-0.86	-4.40	-1.01	-0.025	0.014	0.043
61980	0	0.0000	0	-0.210	-37.789	36.617	-0.83	-4.96	-0.70	-0.015	0.007	0.032
61987	0	0.0000	0	-0.204	-37.795	36.629	-0.87	-5.08	-0.65	-0.024	-0.005	0.036
61994	0	0.0000	0	-0.197	-37.800	36.640	-0.53	-5.32	-0.63	-0.026	-0.020	0.023
62001	0	0.0000	0	-0.188	-37.804	36.652	-0.43	-5.46	-0.60	-0.012	-0.039	0.018
62008	0	0.0000	0	-0.176	-37.807	36.665	-0.16	-5.25	-0.56	-0.021	-0.031	-0.008
62015	0	0.0000	0	-0.164	-37.808	36.677	-0.20	-5.63	-0.86	-0.013	-0.038	-0.009
62022	0	0.0000	0	-0.152	-37.808	36.687	-0.05	-5.75	-0.89	-0.004	-0.010	-0.019
62029	0	0.0000	0	-0.143	-37.808	36.695	-0.25	-5.91	-0.53	-0.005	-0.004	-0.025
62037	0	0.0000	0	-0.131	-37.808	36.705	0.33	-6.19	-0.73	-0.004	-0.003	-0.028
62044	0	0.0000	0	-0.113	-37.803	36.716	1.11	-6.77	-1.57	-0.004	0.024	-0.011
62051	0	0.0000	0	-0.097	-37.799	36.726	1.57	-6.53	-2.37	-0.007	0.027	0.009
62058	0	0.0000	0	-0.084	-37.796	36.736	0.97	-5.87	-2.75	0.005	0.030	0.003
62065	0	0.0000	0	-0.082	-37.802	36.742	0.50	-6.17	-2.18	0.021	0.032	0.007
62072	0	0.0000	0	-0.079	-37.810	36.753	0.18	-6.74	-1.20	0.033	0.055	0.001
62079	0	0.0000	0	-0.065	-37.814	36.770	0.16	-7.53	-0.60	0.026	0.047	0.001
62086	0	0.0000	0	-0.044	-37.815	36.790	0.39	-7.42	-0.41	0.026	0.036	0.006
62092	0	0.0000	0	-0.015	-37.813	36.812	0.52	-7.85	-0.75	0.002	0.024	0.009
62099	0	0.0000	0	0.026	-37.804	36.839	1.61	-8.18	-1.08	-0.019	0.004	0.027
62106	0	0.0000	0	0.072	-37.792	36.869	2.08	-8.42	-1.41	-0.030	-0.003	0.028
62113	0	0.0000	0	0.116	-37.783	36.898	2.03	-8.83	-0.96	-0.018	-0.033	0.009
62120	0	0.0000	0	0.154	-37.775	36.924	1.74	-8.87	-0.31	-0.010	-0.038	-0.007
62127	0	0.0000	0	0.188	-37.770	36.948	1.43	-8.98	0.53	0.018	-0.049	-0.031
62135	0	0.0000	0	0.223	-37.764	36.974	1.09	-8.86	1.08	0.031	-0.044	-0.035
62142	0	0.0000	0	0.258	-37.757	36.998	0.69	-8.86	1.16	0.044	-0.046	-0.027
62149	0	0.0000	0	0.290	-37.753	37.022	0.49	-8.65	1.46	0.043	-0.037	-0.041
62155	0	0.0000	0	0.330	-37.744	37.048	0.51	-8.92	1.61	0.028	-0.012	-0.033
62163	0	0.0000	0	0.373	-37.736	37.079	0.34	-8.90	1.54	0.016	0.002	-0.018
62170	0	0.0000	0	0.413	-37.731	37.109	0.64	-9.42	1.45	0.001	0.029	0.007
62177	0	0.0000	0	0.444	-37.730	37.136	1.01	-9.59	1.46	-0.002	0.042	0.017
62184	0	0.0000	0	0.468	-37.736	37.162	0.84	-9.70	1.52	-0.025	0.044	0.013
62190	0	0.0000	0	0.484	-37.747	37.187	0.79	-9.84	1.72	-0.008	0.046	0.030
62197	0	0.0000	0	0.494	-37.761	37.210	0.13	-9.46	2.11	-0.014	0.024	0.026
62205	0	0.0000	0	0.497	-37.779	37.230	-0.12	-9.14	2.35	-0.000	0.012	0.047
62211	0	0.0000	0	0.503	-37.796	37.252	-0.38	-9.08	2.23	-0.002	-0.004	0.040
62218	0	0.0000	0	0.511	-37.813	37.275	-0.38	-8.85	1.69	-0.007	-0.023	0.045
62225	0	0.0000	0	0.527	-37.825	37.302	0.37	-9.07	1.48	-0.018	-0.028	0.055
62232	0	0.0000	0	0.550	-37.836	37.332	0.92	-9.26	1.12	-0.020	-0.036	0.022
62239	0	0.0000	0	0.578	-37.843	37.363	1.00	-9.54	1.10	-0.022	-0.024	0.016
62246	0	0.0000	0	0.601	-37.852	37.393	1.33	-9.77	0.79	-0.011	-0.025	-0.005
62253	0	0.0000	0	0.623	-37.859	37.419	1.65	-9.95	0.44	-0.020	-0.016	-0.031
62260	0	0.0000	0	0.648	-37.863	37.445	1.94	-9.87	0.18	-0.016	-0.006	-0.061
62267	0	0.0000	0	0.668	-37.868	37.467	2.35	-10.39	0.18	-0.011	0.004	-0.061
62274	0	0.0000	0	0.689	-37.872	37.490	2.43	-10.27	-0.23	-0.006	0.013	-0.063
62281	0	0.0000	0	0.706	-37.875	37.507	2.45	-9.91	-0.82	0.008	0.012	-0.038
62288	0	0.0000	0	0.729	-37.874	37.527	2.39	-9.90	-1.41	0.021	-0.021	-0.028
62295	0	0.0000	0	0.751	-37.873	37.545	2.18	-9.52	-1.90	0.047	-0.020	-0.013
62302	0	0.0000	0	0.781	-37.870	37.568	2.23	-9.33	-2.13	0.052	-0.011	0.006
62309	0	0.0000	0	0.818	-37.864	37.595	2.17	-9.63	-2.09	0.044	-0.011	0.014
62316	0	0.0000	0	0.866	-37.855	37.628	2.42	-10.06	-1.91	0.041	0.000	0.028
62323	0	0.0000	0	0.920	-37.843	37.665	2.74	-10.62	-1.78	0.015	0.019	0.027
62330	0	0.0000	0	0.983	-37.828	37.706	3.26	-10.86	-1.85	0.005	0.028	0.036
62337	0	0.0000	0	1.047	-37.812	37.746	3.89	-11.43	-1.81	-0.018	0.039	0.044
62344	0	0.0000	0	1.116	-37.792	37.788	4.37	-11.56	-1.94	-0.042	0.027	0.035
62351	0	0.0000	0	1.180	-37.774	37.826	4.90	-11.77	-2.15	-0.040	0.013	0.024
62358	0	0.0000	0	1.242	-37.755	37.862	4.77	-11.67	-2.23	-0.047	0.002	0.014
62366	0	0.0000	0	1.294	-37.740	37.894	4.30	-11.43	-1.90	-0.029	-0.012	-0.017
62373	0	0.0000	0	1.343	-37.728	37.925	4.18	-11.23	-1.45	-0.021	-0.030	-0.023
62380	0	0.0000	0	1.391	-37.715	37.955	4.04	-10.91	-1.30	-0.006	-0.026	-0.044
62387	0	0.0000	0	1.442	-37.702	37.986	4.21	-11.36	-1.24	0.006	-0.016	-0.047
62394	0	0.0000	0	1.498	-37.686	38.021	4.41	-11.13	-0.93	0.005	-0.016	-0.038
62401	0	0.0000	0	1.557	-37.670	38.056	4.51	-11.25	-1.22	-0.008	-0.011	-0.028
62408	0	0.0000	0	1.619	-37.653	38.095	5.04	-11.51	-1.39	-0.004	0.009	-0.025
62415	0	0.0000	0	1.684	-37.635	38.135	5.59	-11.72	-1.42	0.001	0.026	-0.015
62422	0	0.0000	0	1.747	-37.619	38.174	5.78	-11.84	-1.38	0.015	0.039	0.018
62429	0	0.0000	0	1.805	-37.606	38.212	5.94	-12.28	-1.21	0.011	0.048	0.025
62436	0	0.0000	0	1.859	-37.595	38.249	5.91	-12.11	-1.13	0.016	0.023	0.032
62443	0	0.0000	0	1.914	-37.584	38.287	5.90	-11.99	-0.83	0.026	0.026	0.044
62450	0	0.0000	0	1.971	-37.571	38.325	5.80	-11.72	-0.99	0.018	-0.006	0.043
62457	0	0.0000	0	2.031	-37.556	38.363	5.91	-11.27	-1.23	0.014	-0.028	0.040
62464	0	0.0000	0	2.096	-37.538	38.403	6.41	-11.06	-1.20	0.007	-0.028	0.044
62471	0	0.0000	0	2.163	-37.520	38.444	6.59	-10.97	-1.37	-0.021	-0.070	0.016
62478	0	0.0000	0	2.234	-37.500	38.487	6.99	-10.63	-1.37	-0.022	-0.058	0.002
62485	0	0.0000	0	2.306	-37.480	38.531	7.09	-10.14	-1.22	-0.025	-0.068	-0.025
62492	0	0.0000	0	2.383	-37.458	38.577	7.45	-10.00	-1.08	-0.032	-0.047	-0.053
62499	0	0.0000	0	2.455	-37.437	38.620	7.70	-9.86	-0.42	-0.029	-0.019	-0.064
62506	0	0.0000	0	2.527	-37.414	38.662	7.76	-9.56	-0.46	-0.022	0.010	-0.063
62513	0	0.0000	0	2.597	-37.392	38.702	8.11	-9.45	-0.18	-0.014	0.030	-0.061
62520	0	0.0000	0	2.663	-37.371	38.739	8.09	-9.34	-0.16	0.004	0.051	-0.056
62527	0	0.0000	0	2.725	-37.350	38.773	7.77	-8.94	-0.02	0.018	0.052	-0.033
62534	0	0.0000	0	2.786	-37.328	38.806	7.93	-8.42	0.24	0.042	0.048	-0.013
62541	0	0.0000	0	2.848	-37.306	38.838	7.51	-7.89	0.34	0.048	0.035	0.005
62548	0	0.0000	0	2.907	-37.284	38.869	7.37	-7.29	0.51	0.052	0.028	0.039
62555	0	0.0000	0	2.968	-37.263	38.902	7.38	-7.17	0.71	0.040	0.021	0.063
62562	0	0.0000	0	3.033	-37.241	38.938	7.61	-6.94	0.77	0.022	-0.000	0.070
62569	0	0.0000	0	3.094	-37.222	38.973	7.75	-6.73	1.15	0.010	-0.017	0.066
62576	0	0.0000	0	3.154	-37.204	39.008	7.64	-6.03	1.42	-0.009	-0.037	0.062
62583	0	0.0000	0	3.213	-37.186	39.044	7.32	-5.65	1.89	-0.022	-0.041	0.038
62590	0	0.0000	0	3.270	-37.171	39.078	7.19	-5.28	2.60	-0.033	-0.041	0.025
62597	0	0.0000	0	3.322	-37.156	39.110	6.86	-5.21	2.76	-0.038	-0.042	0.005
62604	0	0.0000	0	3.375	-37.141	39.141	7.13	-5.13	3.36	-0.048	-0.023	-0.021
62611	0	0.0000	0	3.428	-37.125	39.172	7.22	-4.88	3.44	-0.040	-0.007	-0.030
62618	0	0.0000	0	3.479	-37.108	39.201	7.39	-4.69	3.28	-0.040	-0.010	-0.026
62625	0	0.0000	0	3.526	-37.091	39.226	7.71	-4.27	2.75	-0.041	0.013	-0.030
62632	0	0.0000	0	3.567	-37.077	39.248	7.57	-4.11	2.31	-0.016	0.016	-0.015
62639	0	0.0000	0	3.599	-37.067	39.267	7.52	-3.45	2.02	0.011	0.013	-0.018
62646	0	0.0000	0	3.625	-37.061	39.284	7.15	-2.98	1.71	0.028	0.021	-0.020
62653	0	0.0000	0	3.646	-37.058	39.300	6.71	-2.52	2.00	0.059	0.022	-0.008
62660	0	0.0000	0	3.666	-37.057	39.316	6.52	-2.65	2.22	0.070	0.039	-0.002
62667	0	0.0000	0	3.691	-37.054	39.335	6.54	-2.73	2.49	0.083	0.043	0.003
62674	0	0.0000	0	3.720	-37.048	39.355	6.99	-3.04	2.35	0.050	0.037	0.009
62681	0	0.0000	0	3.753	-37.041	39.377	7.62	-2.91	2.13	0.020	0.020	0.016
62688	0	0.0000	0	3.787	-37.031	39.397	8.10	-2.63	1.47	0.003	-0.015	0.023
62695	0	0.0000	0	3.819	-37.020	39.415	8.23	-2.00	1.24	-0.024	-0.044	0.009
62702	0	0.0000	0	3.850	-37.009	39.431	7.79	-0.94	1.26	-0.025	-0.075	-0.003
62709	0	0.0000	0	3.878	-36.997	39.444	7.13	-0.06	1.45	-0.012	-0.092	-0.008
62716	0	0.0000	0	3.907	-36.986	39.458	6.22	0.36	2.05	-0.020	-0.081	-0.035
62723	0	0.0000	0	3.938	-36.973	39.473	5.49	0.81	2.23	-0.010	-0.064	-0.030
62730	0	0.0000	0	3.981	-36.954	39.493	5.36	0.80	2.57	-0.024	-0.031	-0.049
62737	0	0.0000	0	4.032	-36.930	39.514	5.31	0.95	2.89	-0.024	0.005	-0.032
62744	0	0.0000	0	4.084	-36.904	39.535	5.41	0.92	2.51	-0.024	0.046	-0.008
62751	0	0.0000	0	4.135	-36.879	39.555	5.02	0.99	2.41	-0.011	0.088	0.009
62758	0	0.0000	0	4.180	-36.857	39.573	5.03	0.94	2.45	0.003	0.094	0.015
62765	0	0.0000	0	4.204	-36.843	39.581	4.11	1.73	2.37	0.025	0.105	0.034
62772	0	0.0000	0	4.215	-36.837	39.584	3.03	2.54	2.84	0.036	0.074	0.033
62779	0	0.0000	0	4.213	-36.838	39.584	1.90	3.32	3.09	0.054	0.057	0.033
62786	0	0.0000	0	4.204	-36.843	39.580	1.56	3.73	3.33	0.051	0.020	0.030
62793	0	0.0000	0	4.190	-36.850	39.576	0.88	4.52	3.43	0.045	-0.011	0.043
62800	0	0.0000	0	4.174	-36.860	39.571	0.82	4.78	3.35	0.028	-0.031	0.014
62807	0	0.0000	0	4.157	-36.870	39.566	0.95	4.65	3.13	-0.001	-0.032	0.018
62814	0	0.0000	0	4.137	-36.882	39.560	1.32	4.74	2.88	-0.035	-0.053	-0.003
62821	0	0.0000	0	4.116	-36.894	39.553	1.50	4.88	2.67	-0.059	-0.038	-0.007
62828	0	0.0000	0	4.091	-36.906	39.543	1.30	5.32	2.43	-0.068	-0.043	-0.027
62835	0	0.0000	0	4.061	-36.921	39.531	1.05	5.70	2.30	-0.057	-0.043	-0.037
62842	0	0.0000	0	4.028	-36.934	39.515	0.39	6.30	2.47	-0.056	-0.020	-0.042
62849	0	0.0000	0	3.995	-36.948	39.499	-0.14	6.35	2.42	-0.025	-0.001	-0.042
62856	0	0.0000	0	3.966	-36.958	39.483	-0.72	6.54	2.27	-0.012	0.015	-0.031
62863	0	0.0000	0	3.940	-36.965	39.467	-0.70	6.57	2.13	-0.009	0.039	-0.032
62870	0	0.0000	0	3.922	-36.967	39.453	-0.17	6.33	1.63	0.014	0.060	-0.035
62877	0	0.0000	0	3.907	-36.966	39.439	-0.01	6.15	1.53	0.014	0.059	-0.008
62884	0	0.0000	0	3.892	-36.964	39.424	0.36	5.96	1.25	0.010	0.047	0.009
62891	0	0.0000	0	3.872	-36.967	39.409	0.80	5.52	1.24	0.021	0.054	0.035
62898	0	0.0000	0	3.844	-36.972	39.390	0.32	5.76	1.39	0.021	0.036	0.034
62905	0	0.0000	0	3.810	-36.983	39.371	-0.07	5.90	1.53	0.021	-0.001	0.026
62912	0	0.0000	0	3.770	-36.997	39.349	-0.67	5.81	2.22	0.033	-0.005	0.020
62919	0	0.0000	0	3.733	-37.010	39.329	-0.71	5.98	2.72	0.033	-0.021	-0.000
62925	0	0.0000	0	3.698	-37.021	39.309	-0.61	5.34	2.95	0.005	-0.038	0.003
62932	0	0.0000	0	3.673	-37.028	39.294	0.02	4.36	2.66	-0.026	-0.029	0.001
62939	0	0.0000	0	3.652	-37.032	39.279	1.08	3.89	2.70	-0.050	-0.018	0.004
62946	0	0.0000	0	3.637	-37.034	39.268	1.89	2.89	2.05	-0.065	-0.009	0.022
62954	0	0.0000	0	3.616	-37.038	39.253	2.97	2.19	1.77	-0.073	-0.005	0.027
62961	0	0.0000	0	3.589	-37.045	39.237	3.51	1.70	0.67	-0.065	0.014	0.026
62968	0	0.0000	0	3.561	-37.054	39.220	3.84	1.63	0.51	-0.060	-0.007	0.025
62974	0	0.0000	0	3.526	-37.067	39.203	4.19	1.38	-0.00	-0.029	-0.013	0.026
62981	0	0.0000	0	3.489	-37.084	39.186	3.82	1.37	-0.27	0.013	0.001	0.001
62988	0	0.0000	0	3.458	-37.099	39.174	3.91	1.08	-0.38	0.022	0.000	-0.000
62995	0	0.0000	0	3.433	-37.113	39.165	4.39	0.64	-0.31	0.040	-0.003	-0.024
63002	0	0.0000	0	3.431	-37.116	39.166	4.85	0.27	-0.50	0.061	0.007	-0.024
63009	0	0.0000	0	3.446	-37.112	39.176	5.69	-0.83	-0.56	0.045	0.018	-0.038
63016	0	0.0000	0	3.475	-37.101	39.191	6.86	-1.61	-0.74	0.029	0.020	-0.020
63023	0	0.0000	0	3.516	-37.083	39.209	7.78	-2.31	-0.75	-0.000	0.024	-0.035
63030	0	0.0000	0	3.569	-37.058	39.231	8.82	-2.83	-1.27	-0.028	0.030	-0.023
63037	0	0.0000	0	3.627	-37.028	39.253	9.68	-3.10	-1.54	-0.021	0.011	-0.001
63044	0	0.0000	0	3.681	-36.998	39.271	10.00	-3.11	-2.07	-0.028	-0.022	0.016
63051	0	0.0000	0	3.735	-36.967	39.289	10.00	-2.76	-2.42	-0.006	-0.045	0.012
63058	0	0.0000	0	3.786	-36.940	39.307	9.82	-2.18	-2.61	0.001	-0.074	0.026
63065	0	0.0000	0	3.836	-36.912	39.325	9.22	-1.36	-2.83	0.017	-0.073	0.012
63072	0	0.0000	0	3.888	-36.885	39.344	8.61	-0.96	-2.51	0.026	-0.068	0.001
63079	0	0.0000	0	3.947	-36.856	39.368	8.60	-1.07	-2.28	0.030	-0.027	-0.012
63086	0	0.0000	0	4.016	-36.824	39.397	8.64	-1.38	-2.33	0.012	0.001	-0.009
63093	0	0.0000	0	4.102	-36.783	39.433	9.30	-1.80	-2.57	0.002	0.032	-0.013
63101	0	0.0000	0	4.188	-36.743	39.470	9.51	-2.29	-2.71	0.003	0.054	-0.009
63108	0	0.0000	0	4.264	-36.706	39.500	9.62	-2.30	-3.24	0.004	0.056	-0.004
63115	0	0.0000	0	4.338	-36.669	39.529	9.35	-1.75	-3.73	0.002	0.051	-0.003
63121	0	0.0000	0	4.397	-36.639	39.552	8.60	-1.32	-4.16	0.014	0.037	-0.010
63128	0	0.0000	0	4.445	-36.614	39.570	7.77	-0.78	-3.96	0.006	0.005	-0.008
63135	0	0.0000	0	4.490	-36.590	39.586	6.87	-0.02	-4.14	0.029	-0.015	-0.011
63142	0	0.0000	0	4.533	-36.567	39.602	5.90	0.77	-4.48	0.041	-0.038	-0.002
63150	0	0.0000	0	4.580	-36.541	39.618	4.73	1.47	-4.98	0.053	-0.059	0.002
63156	0	0.0000	0	4.626	-36.514	39.632	4.25	1.76	-5.20	0.038	-0.060	0.010
63163	0	0.0000	0	4.677	-36.486	39.650	3.27	1.74	-5.05	0.021	-0.055	0.003
63170	0	0.0000	0	4.741	-36.451	39.672	3.34	1.26	-4.74	0.001	-0.001	0.000
63177	0	0.0000	0	4.804	-36.415	39.692	2.79	0.66	-4.65	-0.021	0.021	0.003
63184	0	0.0000	0	4.863	-36.378	39.708	2.80	0.53	-4.96	-0.033	0.050	0.020
63191	0	0.0000	0	4.914	-36.342	39.717	2.85	0.43	-5.23	-0.044	0.057	0.022
63198	0	0.0000	0	4.951	-36.310	39.720	1.55	0.79	-5.65	-0.051	0.044	0.033
63205	0	0.0000	0	4.974	-36.283	39.714	0.74	1.68	-5.63	-0.022	0.021	0.026
63212	0	0.0000	0	4.984	-36.263	39.703	-0.96	2.63	-5.63	0.007	-0.007	0.003
63219	0	0.0000	0	4.989	-36.244	39.688	-2.06	3.16	-5.37	0.036	-0.030	-0.015
63226	0	0.0000	0	4.991	-36.228	39.675	-3.43	3.67	-5.04	0.043	-0.051	-0.031
63233	0	0.0000	0	5.003	-36.210	39.667	-4.23	4.04	-4.93	0.026	-0.051	-0.054
63240	0	0.0000	0	5.013	-36.195	39.662	-4.82	3.66	-4.70	0.027	-0.020	-0.043
63247	0	0.0000	0	5.026	-36.181	39.660	-4.95	2.87	-4.62	-0.001	-0.008	-0.046
63254	0	0.0000	0	5.041	-36.166	39.658	-5.00	2.56	-4.58	-0.014	0.014	-0.025
63261	0	0.0000	0	5.040	-36.159	39.651	-5.67	2.37	-4.25	-0.024	0.022	-0.020
63268	0	0.0000	0	5.027	-36.158	39.639	-6.72	2.53	-4.10	-0.020	0.022	0.001
63275	0	0.0000	0	5.000	-36.165	39.621	-8.17	2.81	-3.56	-0.007	0.012	0.008
63282	0	0.0000	0	4.966	-36.173	39.599	-8.98	3.35	-3.19	-0.005	0.004	0.028
63289	0	0.0000	0	4.923	-36.186	39.573	-10.54	4.24	-3.16	0.005	-0.006	0.026
63296	0	0.0000	0	4.879	-36.198	39.547	-11.47	4.59	-3.42	-0.005	-0.019	0.034
63303	0	0.0000	0	4.841	-36.206	39.521	-11.47	4.76	-3.59	-0.021	-0.014	0.045
63310	0	0.0000	0	4.798	-36.216	39.493	-11.40	4.89	-3.89	-0.030	0.002	0.038
63317	0	0.0000	0	4.755	-36.227	39.466	-11.30	4.86	-4.27	-0.052	0.004	0.042
63324	0	0.0000	0	4.700	-36.245	39.435	-11.36	4.68	-4.36	-0.045	0.014	0.028
63331	0	0.0000	0	4.638	-36.267	39.402	-11.78	4.83	-4.30	-0.035	0.008	0.010
63338	0	0.0000	0	4.566	-36.295	39.366	-12.38	5.00	-3.87	-0.004	0.007	-0.018
63345	0	0.0000	0	4.485	-36.327	39.326	-12.75	5.45	-3.41	0.025	-0.011	-0.035
63352	0	0.0000	0	4.400	-36.359	39.282	-13.59	6.03	-3.26	0.036	-0.027	-0.052
63359	0	0.0000	0	4.316	-36.389	39.237	-14.04	6.23	-3.32	0.035	-0.039	-0.039
63366	0	0.0000	0	4.236	-36.416	39.194	-14.37	6.78	-3.03	0.049	-0.033	-0.055
63373	0	0.0000	0	4.158	-36.441	39.148	-14.47	6.89	-3.35	0.026	-0.035	-0.060
63380	0	0.0000	0	4.091	-36.459	39.108	-14.18	7.05	-3.37	0.011	-0.016	-0.035
63387	0	0.0000	0	4.022	-36.479	39.067	-13.94	7.27	-3.41	-0.006	-0.001	-0.011
63394	0	0.0000	0	3.952	-36.500	39.025	-13.70	7.44	-3.41	-0.018	-0.001	-0.014
63401	0	0.0000	0	3.880	-36.522	38.983	-13.80	7.49	-3.36	-0.017	0.020	-0.021
63408	0	0.0000	0	3.802	-36.548	38.940	-13.94	7.79	-2.88	-0.041	0.028	-0.014
63415	0	0.0000	0	3.717	-36.576	38.892	-14.25	8.22	-2.89	-0.051	0.018	0.006
63422	0	0.0000	0	3.627	-36.606	38.843	-14.56	8.71	-2.65	-0.034	0.035	0.014
63429	0	0.0000	0	3.538	-36.636	38.793	-14.88	9.27	-2.36	-0.027	0.024	0.027
63436	0	0.0000	0	3.441	-36.670	38.741	-15.33	9.32	-1.96	-0.008	0.017	0.044
63443	0	0.0000	0	3.348	-36.702	38.690	-15.59	9.72	-1.99	0.007	0.007	0.044
63450	0	0.0000	0	3.260	-36.732	38.642	-15.43	9.87	-1.67	0.004	0.002	0.053
63457	0	0.0000	0	3.173	-36.761	38.594	-15.14	9.85	-1.51	0.013	-0.004	0.054
63464	0	0.0000	0	3.083	-36.791	38.544	-14.88	9.90	-1.20	0.013	-0.009	0.031
63471	0	0.0000	0	2.989	-36.823	38.492	-14.75	9.93	-0.82	0.014	-0.014	0.022
63478	0	0.0000	0	2.893	-36.854	38.439	-14.61	10.10	-0.40	-0.008	-0.018	0.001
63485	0	0.0000	0	2.797	-36.885	38.383	-14.48	10.52	-0.41	-0.002	-0.006	-0.018
63492	0	0.0000	0	2.692	-36.918	38.323	-14.36	10.98	-0.04	0.002	-0.020	-0.022
63499	0	0.0000	0	2.588	-36.951	38.264	-14.43	11.20	-0.08	-0.003	-0.025	-0.045
63506	0	0.0000	0	2.481	-36.984	38.202	-14.50	11.54	0.17	0.006	-0.015	-0.025
63513	0	0.0000	0	2.373	-37.019	38.141	-14.65	11.66	0.20	0.020	-0.013	-0.037
63520	0	0.0000	0	2.266	-37.054	38.081	-14.71	12.06	0.60	0.019	0.002	-0.038
63527	0	0.0000	0	2.161	-37.090	38.024	-14.70	12.00	0.97	0.020	0.031	-0.034
63534	0	0.0000	0	2.059	-37.127	37.969	-14.33	11.66	1.15	0.007	0.024	-0.016
63541	0	0.0000	0	1.959	-37.161	37.915	-13.89	11.35	1.45	-0.009	0.042	-0.018
63548	0	0.0000	0	1.858	-37.197	37.861	-13.33	11.54	1.64	-0.006	0.030	0.014
63555	0	0.0000	0	1.756	-37.232	37.805	-13.22	11.39	2.01	-0.015	0.017	0.012
63562	0	0.0000	0	1.648	-37.269	37.746	-13.38	11.35	1.88	-0.001	-0.002	0.030
63569	0	0.0000	0	1.538	-37.306	37.685	-13.41	11.84	2.37	-0.008	0.001	0.034
63576	0	0.0000	0	1.425	-37.343	37.623	-13.88	12.04	2.74	-0.000	-0.039	0.031
63583	0	0.0000	0	1.314	-37.383	37.563	-14.17	12.00	3.40	0.020	-0.042	0.023
63590	0	0.0000	0	1.213	-37.417	37.508	-14.06	11.98	3.63	0.012	-0.035	0.017
63597	0	0.0000	0	1.113	-37.449	37.450	-14.17	12.16	3.98	0.017	-0.019	0.022
63604	0	0.0000	0	1.019	-37.479	37.397	-13.64	12.27	4.18	0.002	-0.004	0.016
63611	0	0.0000	0	0.930	-37.507	37.346	-13.32	12.09	4.25	-0.007	0.024	-0.006
63618	0	0.0000	0	0.834	-37.535	37.290	-12.63	11.91	4.16	-0.030	0.042	-0.001
63625	0	0.0000	0	0.738	-37.566	37.235	-12.53	11.99	3.98	-0.026	0.057	-0.006
63632	0	0.0000	0	0.630	-37.603	37.176	-12.55	12.14	4.39	-0.017	0.058	-0.025
63639	0	0.0000	0	0.506	-37.648	37.110	-13.04	12.70	4.95	-0.003	0.038	-0.037
63646	0	0.0000	0	0.376	-37.694	37.041	-13.73	13.08	5.58	0.009	0.026	-0.037
63653	0	0.0000	0	0.252	-37.739	36.976	-14.23	13.22	6.25	0.025	0.007	-0.028
63660	0	0.0000	0	0.132	-37.784	36.913	-14.13	13.04	6.33	0.012	0.005	-0.029
63667	0	0.0000	0	0.018	-37.825	36.853	-14.00	13.07	6.70	0.020	-0.003	-0.024
63674	0	0.0000	0	-0.090	-37.864	36.796	-13.46	12.71	6.95	0.009	-0.009	0.003
63681	0	0.0000	0	-0.197	-37.901	36.738	-12.93	12.28	6.95	-0.009	-0.022	0.015
63688	0	0.0000	0	-0.304	-37.939	36.680	-12.59	12.11	7.20	-0.015	-0.025	0.023
63696	0	0.0000	0	-0.421	-37.980	36.618	-12.76	12.05	7.22	-0.009	-0.024	0.032
63703	0	0.0000	0	-0.542	-38.022	36.552	-13.21	12.40	7.75	-0.005	-0.047	0.038
63710	0	0.0000	0	-0.664	-38.065	36.487	-13.85	12.67	8.01	0.015	-0.048	0.029
63717	0	0.0000	0	-0.789	-38.110	36.420	-14.64	13.26	8.53	0.015	-0.045	0.021
63724	0	0.0000	0	-0.914	-38.155	36.355	-15.01	13.30	8.65	0.032	-0.034	0.024
# PULSE START on wheel X: 0.0500 N*m for 1000 ms
63731	0	0.0500	1	-1.031	-38.198	36.294	-15.04	12.92	8.96	0.017	-0.010	0.018
63738	0	0.0500	1	-1.168	-38.252	36.225	-15.80	12.96	9.35	0.323	0.004	0.004
63745	0	0.0500	1	-1.319	-38.311	36.150	-18.21	12.38	8.85	0.937	0.031	-0.013
63752	0	0.0500	1	-1.454	-38.363	36.081	-19.33	11.54	7.75	1.517	0.045	0.021
63758	0	0.0500	1	-1.572	-38.406	36.019	-19.85	10.85	6.63	2.067	0.067	0.022
63765	0	0.0500	1	-1.691	-38.449	35.957	-19.93	9.66	4.84	2.654	0.078	0.041
63773	0	0.0500	1	-1.823	-38.498	35.889	-20.48	8.37	2.77	3.404	0.075	0.045
63780	0	0.0500	1	-1.948	-38.546	35.824	-21.63	6.64	1.31	4.115	0.068	0.057
63787	0	0.0500	1	-2.073	-38.593	35.761	-21.87	5.28	-0.05	4.621	0.054	0.045
63793	0	0.0500	1	-2.209	-38.646	35.693	-22.72	4.72	-0.44	5.163	0.012	0.036
63800	0	0.0500	1	-2.364	-38.708	35.616	-24.34	4.08	-1.24	5.734	-0.017	0.024
63807	0	0.0500	1	-2.524	-38.770	35.536	-25.98	3.58	-1.75	6.193	-0.052	0.002
63814	0	0.0500	1	-2.689	-38.833	35.453	-27.41	2.73	-2.85	6.716	-0.059	-0.013
63821	0	0.0500	1	-2.842	-38.891	35.374	-27.90	2.11	-3.64	7.189	-0.076	-0.022
63829	0	0.0500	1	-3.002	-38.952	35.293	-28.78	0.70	-5.05	7.680	-0.067	-0.015
63836	0	0.0500	1	-3.137	-39.002	35.222	-28.90	-0.99	-6.73	8.163	-0.035	-0.007
63843	0	0.0500	1	-3.269	-39.050	35.153	-29.05	-2.60	-8.25	8.637	-0.013	-0.017
63850	0	0.0500	1	-3.400	-39.097	35.084	-29.61	-4.27	-9.93	9.165	0.012	-0.014
63857	0	0.0500	1	-3.531	-39.142	35.012	-31.58	-5.06	-10.55	9.737	0.023	-0.019
63863	0	0.0500	1	-3.661	-39.189	34.943	-32.71	-6.40	-11.46	10.255	0.043	-0.034
63871	0	0.0500	1	-3.804	-39.238	34.866	-33.71	-6.96	-12.44	10.797	0.034	-0.033
63878	0	0.0500	1	-3.935	-39.282	34.793	-34.80	-7.52	-13.01	11.460	0.036	-0.042
63885	0	0.0500	1	-4.070	-39.327	34.718	-36.12	-8.68	-14.34	12.197	0.019	-0.033
63892	0	0.0500	1	-4.185	-39.363	34.652	-37.14	-9.67	-14.65	13.016	0.004	-0.022
63899	0	0.0500	1	-4.310	-39.404	34.581	-38.26	-10.31	-15.64	13.949	0.008	-0.000
63906	0	0.0500	1	-4.422	-39.442	34.520	-38.36	-11.60	-17.10	14.817	0.000	0.024
63913	0	0.0500	1	-4.522	-39.479	34.468	-38.49	-13.20	-18.01	15.632	-0.004	0.026
63920	0	0.0500	1	-4.629	-39.520	34.415	-38.66	-14.36	-19.43	16.305	-0.003	0.024
63927	0	0.0500	1	-4.749	-39.568	34.355	-38.73	-15.15	-19.53	16.780	-0.008	0.045
63934	0	0.0500	1	-4.881	-39.623	34.292	-39.27	-16.40	-20.69	17.162	-0.012	0.044
63941	0	0.0500	1	-5.017	-39.681	34.229	-39.28	-17.76	-21.87	17.234	-0.002	0.046
63948	0	0.0500	1	-5.153	-39.742	34.168	-38.44	-18.67	-22.86	17.255	-0.004	0.025
63955	0	0.0500	1	-5.292	-39.804	34.108	-38.03	-19.19	-22.86	17.252	0.007	0.002
63962	0	0.0500	1	-5.440	-39.869	34.041	-37.92	-19.77	-22.92	17.495	-0.007	-0.025
63969	0	0.0500	1	-5.582	-39.932	33.977	-38.15	-20.18	-22.80	17.926	-0.012	-0.051
63976	0	0.0500	1	-5.714	-39.987	33.914	-37.62	-20.03	-22.31	18.796	-0.029	-0.078
63983	0	0.0500	1	-5.831	-40.034	33.856	-37.30	-19.43	-21.97	19.955	-0.021	-0.074
63990	0	0.0500	1	-5.939	-40.074	33.801	-37.45	-18.94	-21.57	21.385	-0.016	-0.058
63997	0	0.0500	1	-6.012	-40.100	33.761	-36.08	-18.74	-21.55	22.614	-0.031	-0.057
64005	0	0.0500	1	-6.064	-40.117	33.732	-34.69	-18.28	-21.18	23.568	-0.018	-0.052
64012	0	0.0500	1	-6.111	-40.131	33.706	-33.34	-17.86	-20.42	23.981	-0.020	-0.026
64019	0	0.0500	1	-6.144	-40.143	33.687	-32.03	-17.49	-19.97	23.823	-0.000	-0.028
64026	0	0.0500	1	-6.178	-40.157	33.671	-30.87	-17.10	-19.41	23.370	0.015	-0.010
64033	0	0.0500	1	-6.219	-40.174	33.652	-29.96	-16.43	-18.56	23.194	0.014	0.017
64040	0	0.0500	1	-6.271	-40.200	33.631	-28.64	-15.88	-17.68	23.484	0.040	0.011
64047	0	0.0500	1	-6.334	-40.231	33.606	-27.27	-15.05	-16.50	24.387	0.034	0.013
64054	0	0.0500	1	-6.409	-40.269	33.576	-26.59	-13.68	-14.86	25.891	0.003	0.004
64061	0	0.0500	1	-6.495	-40.310	33.541	-25.09	-12.34	-13.35	27.425	-0.005	-0.020
64068	0	0.0500	1	-6.581	-40.353	33.507	-24.42	-11.54	-11.76	28.377	-0.012	-0.030
64075	0	0.0500	1	-6.664	-40.394	33.475	-23.63	-10.07	-9.69	28.595	-0.039	-0.041
64082	0	0.0500	1	-6.753	-40.438	33.438	-21.57	-8.73	-7.49	27.947	-0.049	-0.056
64089	0	0.0500	1	-6.820	-40.469	33.410	-19.30	-7.61	-6.02	27.286	-0.056	-0.060
64096	0	0.0500	1	-6.877	-40.496	33.385	-17.45	-6.41	-4.73	27.383	-0.065	-0.042
64103	0	0.0500	1	-6.928	-40.516	33.361	-17.17	-5.49	-3.29	28.321	-0.037	-0.036
64110	0	0.0500	1	-6.982	-40.535	33.331	-14.87	-4.52	-1.90	30.253	-0.033	0.001
64117	0	0.0500	1	-7.022	-40.545	33.306	-12.43	-3.30	-1.54	32.378	-0.024	0.020
64124	0	0.0500	1	-7.068	-40.555	33.276	-10.57	-2.18	-1.03	33.569	-0.004	0.050
64131	0	0.0500	1	-7.112	-40.562	33.244	-11.56	-1.15	-0.01	33.328	0.001	0.058
64138	0	0.0500	1	-7.168	-40.576	33.208	-10.70	-0.01	1.47	32.331	0.013	0.066
64145	0	0.0500	1	-7.236	-40.599	33.170	-10.57	1.70	1.97	31.821	0.021	0.095
64152	0	0.0500	1	-7.289	-40.615	33.140	-9.66	2.76	2.42	32.727	0.034	0.081
64159	0	0.0500	1	-7.341	-40.634	33.112	-8.20	2.63	2.04	34.747	0.047	0.090
64166	0	0.0500	1	-7.389	-40.656	33.092	-7.49	2.60	3.05	36.680	0.059	0.074
64173	0	0.0500	1	-7.434	-40.682	33.076	-6.42	2.35	3.92	36.920	0.066	0.056
64180	0	0.0500	1	-7.490	-40.711	33.056	-6.22	2.27	4.11	35.623	0.092	0.029
64187	0	0.0500	1	-7.525	-40.733	33.046	-6.43	2.72	4.73	34.298	0.076	0.012
64194	0	0.0500	1	-7.565	-40.756	33.034	-5.58	2.77	4.88	34.749	0.062	-0.010
64201	0	0.0500	1	-7.602	-40.775	33.019	-4.49	3.01	5.03	37.220	0.013	-0.030
64208	0	0.0500	1	-7.645	-40.793	33.000	-3.93	3.16	5.27	40.049	0.010	-0.052
64215	0	0.0500	1	-7.701	-40.812	32.969	-3.58	4.03	5.54	40.845	-0.035	-0.056
64222	0	0.0500	1	-7.749	-40.826	32.940	-3.65	4.74	5.73	39.254	-0.069	-0.062
64229	0	0.0500	1	-7.795	-40.839	32.913	-3.46	5.58	5.88	37.862	-0.076	-0.041
64236	0	0.0500	1	-7.835	-40.849	32.887	-3.05	5.77	5.90	38.546	-0.069	-0.035
64243	0	0.0500	1	-7.876	-40.857	32.858	-2.95	6.31	6.00	41.248	-0.058	-0.024
64250	0	0.0500	1	-7.904	-40.862	32.838	-2.63	6.33	6.19	43.284	-0.030	-0.007
64258	0	0.0500	1	-7.925	-40.864	32.823	-2.23	6.17	6.38	42.643	0.014	0.004
64265	0	0.0500	1	-7.960	-40.871	32.798	-1.98	6.30	5.99	40.645	0.024	0.027
64271	0	0.0500	1	-7.986	-40.873	32.778	-1.45	6.13	5.74	40.471	0.045	0.046
64278	0	0.0500	1	-8.022	-40.880	32.752	-1.67	6.23	5.65	43.128	0.056	0.047
64286	0	0.0500	1	-8.077	-40.892	32.716	-1.81	6.03	5.88	46.802	0.058	0.050
64293	0	0.0500	1	-8.108	-40.896	32.693	-2.31	6.42	5.67	47.114	0.047	0.040
64300	0	0.0500	1	-8.146	-40.905	32.668	-2.88	6.23	5.91	44.942	0.036	0.033
64307	0	0.0500	1	-8.188	-40.918	32.643	-3.17	5.95	6.06	44.345	0.038	0.018
64314	0	0.0500	1	-8.223	-40.928	32.622	-3.39	5.54	5.74	47.003	0.017	0.008
64320	0	0.0500	1	-8.260	-40.940	32.601	-3.01	5.48	5.51	49.705	0.001	-0.007
64327	0	0.0500	1	-8.288	-40.949	32.585	-3.34	4.85	5.32	48.504	0.007	-0.014
64334	0	0.0500	1	-8.318	-40.960	32.569	-3.01	4.30	4.59	45.696	-0.005	-0.004
64341	0	0.0500	1	-8.348	-40.972	32.555	-2.01	3.80	3.66	46.250	-0.017	-0.002
64348	0	0.0500	1	-8.384	-40.983	32.535	-1.81	3.58	3.36	50.398	-0.037	-0.014
64356	0	0.0500	1	-8.427	-40.999	32.511	-1.64	3.13	3.43	52.739	-0.040	-0.002
64362	0	0.0500	1	-8.480	-41.016	32.482	-1.64	2.89	2.93	50.291	-0.044	0.004
64369	0	0.0500	1	-8.533	-41.034	32.452	-1.91	3.20	2.99	48.410	-0.050	-0.007
64376	0	0.0500	1	-8.590	-41.050	32.418	-2.11	3.48	2.92	50.924	-0.034	0.002
64383	0	0.0500	1	-8.636	-41.063	32.390	-1.70	3.31	2.57	54.254	-0.025	-0.001
64390	0	0.0500	1	-8.669	-41.069	32.366	-1.63	2.85	2.12	53.122	0.000	-0.020
64397	0	0.0500	1	-8.687	-41.070	32.352	-1.07	2.78	1.52	50.287	0.036	0.002
64404	0	0.0500	1	-8.701	-41.067	32.336	-0.20	2.41	0.81	51.765	0.049	-0.006
64411	0	0.0500	1	-8.703	-41.061	32.329	0.23	2.13	0.44	56.707	0.071	0.012
64418	0	0.0500	1	-8.703	-41.054	32.323	0.89	1.81	-0.31	57.525	0.053	0.013
64425	0	0.0500	1	-8.705	-41.047	32.314	1.05	1.52	-0.60	54.247	0.044	-0.000
64432	0	0.0500	1	-8.714	-41.044	32.303	1.41	1.14	-0.38	54.980	0.028	-0.013
64439	0	0.0500	1	-8.719	-41.043	32.297	0.66	0.95	-0.49	59.174	0.012	-0.024
64446	0	0.0500	1	-8.731	-41.044	32.288	0.18	1.09	-0.26	58.522	-0.020	-0.031
64453	0	0.0500	1	-8.740	-41.044	32.280	-0.01	0.72	-0.11	54.607	-0.031	-0.038
64460	0	0.0500	1	-8.742	-41.046	32.280	0.25	0.40	-0.17	56.301	-0.046	-0.031
64467	0	0.0500	1	-8.731	-41.044	32.288	0.45	-0.48	-0.54	61.716	-0.036	-0.017
64474	0	0.0500	1	-8.719	-41.044	32.299	0.34	-0.72	-0.51	60.794	-0.039	-0.013
64481	0	0.0500	1	-8.703	-41.043	32.311	0.94	-1.39	-1.18	57.204	-0.043	0.012
64488	0	0.0500	1	-8.686	-41.042	32.325	1.48	-1.81	-1.94	59.640	-0.040	0.035
64495	0	0.0500	1	-8.671	-41.040	32.336	1.57	-2.08	-2.39	63.480	-0.019	0.026
64502	0	0.0500	1	-8.656	-41.037	32.347	1.17	-1.99	-2.82	60.569	-0.007	0.044
64509	0	0.0500	1	-8.645	-41.034	32.354	0.43	-1.42	-2.33	58.634	-0.013	0.036
64516	0	0.0500	1	-8.635	-41.031	32.360	0.23	-1.35	-2.95	63.688	-0.006	0.053
64523	0	0.0500	1	-8.620	-41.025	32.367	0.06	-1.02	-3.31	66.684	0.005	0.040
64530	0	0.0500	1	-8.601	-41.017	32.376	0.32	-0.61	-3.67	62.798	0.003	0.012
64537	0	0.0500	1	-8.574	-41.005	32.388	0.09	-1.00	-3.89	63.772	0.015	0.006
64544	0	0.0500	1	-8.550	-40.994	32.399	0.01	-0.84	-4.51	68.244	0.029	-0.013
64551	0	0.0500	1	-8.526	-40.983	32.409	0.30	-0.69	-4.53	64.858	0.046	-0.042
64558	0	0.0500	1	-8.506	-40.975	32.419	0.54	-0.90	-4.13	62.381	0.050	-0.064
64565	0	0.0500	1	-8.499	-40.971	32.422	0.98	-0.98	-4.38	68.601	0.039	-0.073
64572	0	0.0500	1	-8.490	-40.968	32.426	1.57	-1.29	-3.92	69.513	0.023	-0.091
64579	0	0.0500	1	-8.479	-40.964	32.432	1.75	-1.88	-3.73	64.865	0.018	-0.077
64586	0	0.0500	1	-8.463	-40.958	32.440	2.03	-2.29	-3.80	67.956	-0.009	-0.072
64593	0	0.0500	1	-8.446	-40.951	32.449	1.92	-2.24	-3.32	71.257	-0.033	-0.036
64600	0	0.0500	1	-8.417	-40.940	32.463	2.25	-2.40	-3.39	66.621	-0.031	-0.011
64607	0	0.0500	1	-8.385	-40.926	32.478	2.06	-2.34	-3.68	67.857	-0.056	0.025
64614	0	0.0500	1	-8.355	-40.910	32.488	1.93	-2.20	-3.80	74.341	-0.048	0.064
64621	0	0.0500	1	-8.320	-40.892	32.501	1.83	-2.14	-3.75	71.446	-0.045	0.094
64627	0	0.0500	1	-8.283	-40.872	32.515	1.27	-1.92	-4.05	70.249	-0.036	0.101
64635	0	0.0500	1	-8.243	-40.853	32.532	0.99	-1.92	-3.87	75.694	0.001	0.098
64642	0	0.0500	1	-8.202	-40.837	32.551	0.85	-1.82	-3.52	71.598	0.025	0.073
64649	0	0.0500	1	-8.163	-40.823	32.572	0.69	-1.77	-3.30	70.045	0.035	0.034
64656	0	0.0500	1	-8.141	-40.816	32.585	0.78	-1.56	-3.17	77.226	0.050	0.017
64663	0	0.0500	1	-8.118	-40.811	32.600	0.85	-1.88	-2.72	74.609	0.035	-0.023
64669	0	0.0500	1	-8.092	-40.806	32.619	1.16	-1.66	-2.92	72.071	0.033	-0.050
64676	0	0.0500	1	-8.061	-40.801	32.641	1.39	-1.81	-2.90	77.996	0.013	-0.051
64683	0	0.0500	1	-8.029	-40.795	32.663	1.67	-1.93	-3.28	75.061	0.003	-0.038
64690	0	0.0500	1	-7.995	-40.787	32.685	2.02	-1.83	-4.04	73.180	-0.014	-0.037
64697	0	0.0500	1	-7.968	-40.781	32.703	2.08	-1.92	-4.12	80.834	-0.023	-0.018
64704	0	0.0500	1	-7.946	-40.774	32.716	1.85	-2.31	-4.34	78.397	-0.019	-0.003
64712	0	0.0500	1	-7.930	-40.768	32.725	1.59	-2.54	-4.48	77.500	-0.024	0.008
64719	0	0.0500	1	-7.911	-40.761	32.734	1.18	-2.65	-4.60	82.532	-0.006	-0.002
64725	0	0.0500	1	-7.910	-40.757	32.731	1.00	-2.59	-4.70	76.483	0.000	-0.010
# PULSE END
64733	0	0.0000	0	-7.914	-40.756	32.726	0.83	-2.65	-4.68	79.393	0.011	-0.015
64740	0	0.0000	0	-7.876	-40.743	32.747	2.22	-3.52	-4.77	83.807	0.037	-0.009
64747	0	0.0000	0	-7.837	-40.728	32.767	5.72	-3.79	-4.52	77.179	0.021	-0.018
64754	0	0.0000	0	-7.797	-40.713	32.788	7.34	-3.76	-4.15	80.790	0.018	-0.019
64761	0	0.0000	0	-7.765	-40.702	32.805	9.58	-3.17	-3.39	81.082	-0.007	-0.031
64768	0	0.0000	0	-7.738	-40.689	32.816	10.57	-2.41	-1.86	75.798	-0.026	-0.013
64775	0	0.0000	0	-7.721	-40.675	32.818	10.38	-0.93	-0.72	82.811	-0.096	-0.014
64782	0	0.0000	0	-7.701	-40.660	32.821	10.26	0.54	0.57	81.329	-0.093	-0.006
64789	0	0.0000	0	-7.679	-40.644	32.825	10.36	1.35	1.46	78.306	-0.099	0.006
64796	0	0.0000	0	-7.636	-40.619	32.838	11.37	2.20	2.04	83.484	-0.053	0.020
64803	0	0.0000	0	-7.574	-40.591	32.865	13.00	2.76	1.74	77.252	-0.017	0.025
64810	0	0.0000	0	-7.506	-40.563	32.897	15.65	2.90	2.13	78.319	0.041	0.008
64817	0	0.0000	0	-7.425	-40.535	32.942	18.09	2.55	2.57	83.266	0.085	0.003
64824	0	0.0000	0	-7.341	-40.510	32.992	19.53	2.14	3.02	76.789	0.113	-0.016
64831	0	0.0000	0	-7.260	-40.490	33.043	21.40	1.67	4.37	79.400	0.097	-0.034
64838	0	0.0000	0	-7.191	-40.474	33.089	22.10	1.97	5.80	81.007	0.103	-0.031
64845	0	0.0000	0	-7.119	-40.454	33.132	22.74	2.59	6.76	75.118	0.053	-0.026
64852	0	0.0000	0	-7.041	-40.429	33.176	23.03	3.36	7.61	80.670	0.013	-0.028
64859	0	0.0000	0	-6.961	-40.401	33.219	23.35	4.00	7.91	81.897	-0.033	0.000
64866	0	0.0000	0	-6.878	-40.365	33.257	23.66	5.43	8.30	77.020	-0.060	0.002
64874	0	0.0000	0	-6.782	-40.323	33.301	24.30	5.98	8.58	82.399	-0.069	0.026
64881	0	0.0000	0	-6.682	-40.280	33.347	25.29	6.31	8.74	78.078	-0.063	0.012
64888	0	0.0000	0	-6.576	-40.237	33.398	26.24	6.54	9.05	75.642	-0.049	0.017
64895	0	0.0000	0	-6.469	-40.197	33.454	26.91	6.53	9.65	82.647	-0.048	-0.012
64902	0	0.0000	0	-6.362	-40.160	33.513	27.63	6.67	10.48	77.509	-0.009	-0.009
64909	0	0.0000	0	-6.257	-40.127	33.572	27.94	6.95	11.27	76.917	-0.009	-0.031
64916	0	0.0000	0	-6.152	-40.096	33.634	27.52	7.12	12.05	81.353	0.009	-0.016
64923	0	0.0000	0	-6.044	-40.062	33.696	26.70	7.62	12.90	75.400	0.019	-0.008
64930	0	0.0000	0	-5.934	-40.025	33.757	26.30	7.86	13.48	77.922	0.028	0.004
64937	0	0.0000	0	-5.812	-39.981	33.822	25.55	7.90	13.87	82.431	0.039	0.038
64944	0	0.0000	0	-5.693	-39.937	33.883	25.33	7.90	13.87	76.706	0.048	0.053
64951	0	0.0000	0	-5.566	-39.888	33.948	25.40	8.16	13.44	80.346	0.055	0.074
64958	0	0.0000	0	-5.458	-39.845	34.000	25.00	8.29	13.39	79.860	0.058	0.077
64965	0	0.0000	0	-5.368	-39.811	34.047	24.86	8.80	13.03	74.142	0.039	0.052
64972	0	0.0000	0	-5.294	-39.787	34.089	24.01	9.06	13.30	80.596	0.006	0.016
64979	0	0.0000	0	-5.236	-39.773	34.126	23.31	9.44	13.93	79.658	0.002	-0.014
64986	0	0.0000	0	-5.181	-39.763	34.164	22.12	9.14	14.68	75.005	-0.036	-0.033
64993	0	0.0000	0	-5.126	-39.755	34.206	21.58	8.98	14.96	80.525	-0.061	-0.044
65000	0	0.0000	0	-5.070	-39.747	34.247	21.45	8.95	15.02	77.091	-0.073	-0.035
65007	0	0.0000	0	-4.999	-39.732	34.295	21.22	8.48	14.13	74.694	-0.071	-0.004
65014	0	0.0000	0	-4.928	-39.713	34.340	21.32	8.96	12.80	81.784	-0.063	0.018
65021	0	0.0000	0	-4.861	-39.693	34.378	20.98	9.39	11.24	78.315	-0.049	0.040
65028	0	0.0000	0	-4.797	-39.671	34.412	20.28	9.90	10.37	77.015	-0.031	0.048
65035	0	0.0000	0	-4.740	-39.649	34.442	19.20	10.55	9.64	81.484	-0.005	0.052
65042	0	0.0000	0	-4.699	-39.632	34.461	17.95	11.07	9.31	74.879	0.026	0.032
65049	0	0.0000	0	-4.670	-39.621	34.477	16.79	11.25	9.66	77.007	0.049	0.006
65057	0	0.0000	0	-4.637	-39.610	34.495	15.98	11.24	9.83	81.388	0.077	-0.027
65064	0	0.0000	0	-4.599	-39.598	34.516	16.10	10.87	9.55	75.009	0.075	-0.034
65071	0	0.0000	0	-4.551	-39.579	34.540	16.24	10.37	8.97	77.589	0.066	-0.057
65078	0	0.0000	0	-4.494	-39.554	34.566	16.94	9.95	7.95	79.535	0.066	-0.039
65085	0	0.0000	0	-4.432	-39.524	34.591	17.25	9.52	6.91	73.568	0.034	-0.025
65092	0	0.0000	0	-4.373	-39.492	34.612	17.30	9.77	6.29	78.475	0.011	0.007
65099	0	0.0000	0	-4.326	-39.463	34.625	16.72	9.89	5.90	80.705	-0.013	0.014
65106	0	0.0000	0	-4.293	-39.438	34.630	15.45	9.90	5.90	75.399	-0.021	0.011
65113	0	0.0000	0	-4.272	-39.416	34.627	13.60	10.25	6.34	80.181	-0.037	-0.004
65120	0	0.0000	0	-4.252	-39.396	34.625	12.15	10.00	7.29	77.824	-0.049	-0.027
65127	0	0.0000	0	-4.231	-39.375	34.623	11.55	9.84	7.74	73.406	-0.052	-0.051
65134	0	0.0000	0	-4.203	-39.352	34.626	11.41	9.07	7.91	80.283	-0.041	-0.052
65141	0	0.0000	0	-4.163	-39.326	34.635	11.79	8.35	7.61	77.614	-0.029	-0.040
65148	0	0.0000	0	-4.119	-39.300	34.648	12.62	7.42	7.20	74.250	-0.010	-0.015
65155	0	0.0000	0	-4.075	-39.273	34.661	12.91	6.83	6.43	79.713	-0.019	0.020
65162	0	0.0000	0	-4.037	-39.250	34.673	12.98	6.46	5.89	75.511	-0.009	0.049
65169	0	0.0000	0	-4.001	-39.229	34.684	12.29	6.39	5.91	74.159	-0.019	0.060
65176	0	0.0000	0	-3.979	-39.216	34.689	10.92	6.64	6.07	80.944	0.003	0.047
65183	0	0.0000	0	-3.972	-39.208	34.688	9.33	6.66	6.17	76.854	0.011	0.052
65190	0	0.0000	0	-3.967	-39.202	34.686	8.02	6.80	6.39	76.238	0.012	0.034
65197	0	0.0000	0	-3.958	-39.194	34.687	7.42	6.72	6.32	80.452	0.023	0.023
65204	0	0.0000	0	-3.945	-39.187	34.692	7.05	6.15	6.00	73.684	0.034	0.006
65211	0	0.0000	0	-3.926	-39.180	34.702	7.58	5.73	5.67	75.728	0.045	-0.007
65218	0	0.0000	0	-3.906	-39.174	34.713	8.03	5.18	5.04	80.389	0.042	-0.016
65225	0	0.0000	0	-3.885	-39.170	34.728	8.86	4.53	4.65	74.199	0.026	-0.027
65233	0	0.0000	0	-3.867	-39.168	34.742	8.73	4.00	4.03	76.209	-0.002	-0.037
65240	0	0.0000	0	-3.856	-39.169	34.753	8.88	3.83	4.05	78.668	-0.034	-0.036
65247	0	0.0000	0	-3.850	-39.171	34.760	7.80	4.21	3.91	72.749	-0.055	-0.014
65253	0	0.0000	0	-3.846	-39.170	34.762	6.78	4.54	3.64	76.445	-0.078	-0.006
65260	0	0.0000	0	-3.837	-39.164	34.764	5.94	4.81	3.48	80.239	-0.081	0.017
65267	0	0.0000	0	-3.828	-39.155	34.763	5.58	4.85	3.17	74.617	-0.059	0.036
65275	0	0.0000	0	-3.813	-39.141	34.763	5.03	5.03	2.48	78.362	-0.032	0.046
65282	0	0.0000	0	-3.792	-39.123	34.765	4.99	4.98	1.40	77.987	0.006	0.050
65289	0	0.0000	0	-3.770	-39.107	34.768	5.01	4.88	0.95	72.131	0.044	0.029
65296	0	0.0000	0	-3.751	-39.093	34.771	5.49	4.53	0.61	78.229	0.085	-0.003
65303	0	0.0000	0	-3.741	-39.085	34.771	5.66	4.23	0.64	78.037	0.087	-0.035
65310	0	0.0000	0	-3.737	-39.081	34.772	5.60	4.14	0.47	72.831	0.085	-0.038
65317	0	0.0000	0	-3.732	-39.078	34.773	5.43	3.93	0.95	77.624	0.058	-0.066
65324	0	0.0000	0	-3.725	-39.075	34.777	5.19	3.96	0.74	76.480	0.019	-0.055
65331	0	0.0000	0	-3.712	-39.068	34.781	4.96	3.86	0.54	72.056	-0.010	-0.038
65338	0	0.0000	0	-3.698	-39.058	34.783	5.01	3.80	0.23	78.687	-0.046	0.005
65345	0	0.0000	0	-3.679	-39.042	34.784	4.61	3.94	-0.24	77.643	-0.055	0.034
65352	0	0.0000	0	-3.654	-39.020	34.786	4.42	3.66	-0.52	73.997	-0.070	0.036
65359	0	0.0000	0	-3.633	-38.999	34.783	4.19	3.70	-1.17	79.147	-0.067	0.032
65366	0	0.0000	0	-3.623	-38.983	34.776	3.84	3.49	-1.04	75.133	-0.046	0.023
65373	0	0.0000	0	-3.621	-38.969	34.764	3.62	3.50	-1.04	72.194	-0.032	0.018
65380	0	0.0000	0	-3.618	-38.958	34.757	3.52	3.46	-0.90	79.028	-0.004	0.001
65387	0	0.0000	0	-3.617	-38.950	34.749	3.08	3.36	-1.09	75.716	0.007	-0.014
65395	0	0.0000	0	-3.613	-38.941	34.744	3.08	2.84	-1.00	73.085	0.020	-0.021
65402	0	0.0000	0	-3.603	-38.931	34.744	3.32	2.65	-0.94	78.207	0.021	-0.017
65408	0	0.0000	0	-3.585	-38.920	34.748	3.46	2.42	-1.17	73.568	0.030	-0.011
65415	0	0.0000	0	-3.558	-38.904	34.757	3.81	1.87	-1.28	72.459	0.035	-0.003
65422	0	0.0000	0	-3.533	-38.889	34.764	3.84	1.36	-1.45	79.144	0.045	0.009
65429	0	0.0000	0	-3.514	-38.874	34.766	3.86	0.81	-1.75	75.603	0.044	0.008
65436	0	0.0000	0	-3.494	-38.857	34.767	3.52	0.81	-1.84	74.161	0.036	0.011
65443	0	0.0000	0	-3.482	-38.842	34.763	3.25	0.80	-1.77	78.842	0.024	0.008
65450	0	0.0000	0	-3.478	-38.830	34.755	2.81	0.81	-1.76	73.291	0.004	-0.001
65457	0	0.0000	0	-3.483	-38.823	34.744	2.28	1.18	-1.39	72.548	-0.016	-0.026
65464	0	0.0000	0	-3.483	-38.816	34.736	2.09	1.07	-1.51	78.897	-0.035	-0.030
65471	0	0.0000	0	-3.476	-38.809	34.736	2.04	0.83	-1.22	73.929	-0.041	-0.030
65478	0	0.0000	0	-3.461	-38.800	34.740	2.75	0.29	-1.50	72.954	-0.027	-0.021
65485	0	0.0000	0	-3.436	-38.789	34.752	3.50	-0.34	-1.62	77.641	-0.032	-0.020
65492	0	0.0000	0	-3.407	-38.778	34.767	4.14	-0.86	-2.05	72.660	-0.018	0.003
65499	0	0.0000	0	-3.376	-38.766	34.783	4.12	-1.55	-2.30	72.192	-0.006	0.026
65506	0	0.0000	0	-3.345	-38.751	34.796	4.18	-1.66	-2.67	78.674	-0.006	0.036
65513	0	0.0000	0	-3.325	-38.740	34.802	3.56	-1.87	-2.80	74.780	0.009	0.042
65520	0	0.0000	0	-3.309	-38.729	34.805	3.03	-1.74	-2.50	73.696	0.000	0.029
65527	0	0.0000	0	-3.299	-38.721	34.806	2.44	-1.48	-2.59	78.211	0.001	0.021
65534	0	0.0000	0	-3.291	-38.712	34.805	1.75	-1.32	-2.17	72.367	0.004	-0.009
65541	0	0.0000	0	-3.280	-38.705	34.808	1.65	-1.31	-2.08	72.257	0.007	-0.027
65548	0	0.0000	0	-3.258	-38.696	34.818	2.20	-1.63	-2.31	78.262	0.035	-0.036
65555	0	0.0000	0	-3.233	-38.688	34.832	2.83	-2.31	-2.47	73.285	0.017	-0.042
65562	0	0.0000	0	-3.199	-38.676	34.851	3.12	-2.57	-2.82	72.302	0.031	-0.041
65569	0	0.0000	0	-3.163	-38.667	34.873	4.06	-3.11	-3.10	77.027	0.028	-0.023
65576	0	0.0000	0	-3.126	-38.656	34.895	4.63	-3.72	-3.28	72.192	0.021	0.011
65583	0	0.0000	0	-3.092	-38.644	34.914	4.26	-3.72	-3.44	71.389	-0.005	0.028
65590	0	0.0000	0	-3.057	-38.631	34.932	4.16	-3.54	-3.52	77.948	-0.020	0.057
65597	0	0.0000	0	-3.034	-38.620	34.942	3.37	-2.92	-3.77	74.462	-0.057	0.058
65604	0	0.0000	0	-3.012	-38.609	34.949	2.67	-2.31	-3.68	73.051	-0.050	0.051
65611	0	0.0000	0	-2.991	-38.599	34.958	1.98	-2.26	-3.46	77.610	-0.049	0.043
65618	0	0.0000	0	-2.965	-38.587	34.970	1.70	-2.09	-3.45	71.898	-0.026	0.015
65625	0	0.0000	0	-2.934	-38.575	34.986	1.53	-2.21	-3.06	71.513	0.011	-0.023
65632	0	0.0000	0	-2.897	-38.561	35.004	2.29	-2.45	-2.95	77.623	0.031	-0.047
65639	0	0.0000	0	-2.856	-38.547	35.027	2.99	-2.80	-3.30	72.939	0.038	-0.047
65646	0	0.0000	0	-2.813	-38.532	35.050	3.44	-3.20	-3.35	71.430	0.051	-0.057
65653	0	0.0000	0	-2.775	-38.518	35.070	3.71	-2.97	-3.64	76.372	0.029	-0.045
65660	0	0.0000	0	-2.734	-38.501	35.090	3.76	-2.74	-3.92	71.675	0.008	-0.024
65667	0	0.0000	0	-2.701	-38.488	35.105	3.27	-2.14	-4.02	70.935	-0.033	-0.003
65675	0	0.0000	0	-2.672	-38.476	35.120	2.70	-1.64	-3.86	77.349	-0.034	0.010
65682	0	0.0000	0	-2.649	-38.466	35.131	2.08	-0.96	-3.70	73.815	-0.054	0.021
65689	0	0.0000	0	-2.624	-38.454	35.140	1.71	-0.80	-3.70	72.247	-0.043	0.028
65696	0	0.0000	0	-2.597	-38.440	35.151	1.34	-0.69	-3.34	76.985	-0.032	0.013
65703	0	0.0000	0	-2.568	-38.425	35.162	1.23	-0.74	-3.39	71.969	-0.014	0.005
65710	0	0.0000	0	-2.539	-38.412	35.174	1.75	-0.87	-3.26	70.306	0.007	-0.017
65716	0	0.0000	0	-2.514	-38.400	35.185	1.87	-1.06	-3.28	76.743	0.033	-0.030
65724	0	0.0000	0	-2.491	-38.389	35.194	1.77	-1.06	-3.19	73.096	0.040	-0.019
65731	0	0.0000	0	-2.467	-38.376	35.203	1.95	-0.97	-2.92	70.605	0.032	-0.020
65738	0	0.0000	0	-2.451	-38.366	35.208	1.67	-0.64	-2.77	75.670	0.016	-0.010
65745	0	0.0000	0	-2.433	-38.354	35.212	1.66	-0.38	-2.59	72.049	-0.008	-0.002
65752	0	0.0000	0	-2.411	-38.339	35.216	1.58	0.03	-2.71	69.551	-0.018	0.017
65759	0	0.0000	0	-2.388	-38.322	35.220	1.23	0.09	-2.73	76.058	-0.023	0.029
65766	0	0.0000	0	-2.369	-38.308	35.223	1.18	0.53	-2.81	74.516	-0.029	0.036
65773	0	0.0000	0	-2.350	-38.293	35.225	1.23	0.81	-2.71	70.983	-0.013	0.040
65780	0	0.0000	0	-2.332	-38.280	35.229	1.18	0.79	-2.64	76.011	-0.014	0.022
65787	0	0.0000	0	-2.324	-38.275	35.230	0.83	0.62	-2.12	72.271	0.010	0.011
65794	0	0.0000	0	-2.322	-38.270	35.227	0.48	0.73	-1.58	69.099	0.016	-0.026
65801	0	0.0000	0	-2.321	-38.267	35.224	0.33	0.38	-1.07	75.540	0.038	-0.049
65808	0	0.0000	0	-2.319	-38.265	35.225	0.66	0.18	-0.67	73.765	0.039	-0.043
65815	0	0.0000	0	-2.311	-38.260	35.227	0.85	-0.17	-0.40	69.413	0.050	-0.024
65822	0	0.0000	0	-2.305	-38.254	35.226	1.14	-0.38	-0.80	74.103	0.026	-0.012
65829	0	0.0000	0	-2.295	-38.244	35.226	1.75	-0.13	-0.72	73.158	-0.009	0.001
65836	0	0.0000	0	-2.285	-38.235	35.225	1.80	0.15	-1.04	68.454	-0.014	0.021
65843	0	0.0000	0	-2.279	-38.226	35.223	1.45	0.34	-1.20	73.964	-0.041	0.038
65851	0	0.0000	0	-2.271	-38.216	35.219	1.25	0.57	-1.23	75.045	-0.056	0.037
65858	0	0.0000	0	-2.263	-38.207	35.218	0.97	0.73	-0.90	70.241	-0.048	0.038
65864	0	0.0000	0	-2.258	-38.202	35.217	1.07	0.51	-0.78	74.262	-0.022	0.018
65871	0	0.0000	0	-2.258	-38.200	35.216	0.40	0.57	-0.38	73.927	0.005	0.009
65878	0	0.0000	0	-2.256	-38.200	35.217	0.56	0.39	-0.04	68.187	0.025	-0.025
65885	0	0.0000	0	-2.252	-38.200	35.221	0.50	0.08	0.01	72.718	0.022	-0.031
65892	0	0.0000	0	-2.252	-38.202	35.222	1.42	-0.16	0.28	75.140	0.046	-0.037
65900	0	0.0000	0	-2.250	-38.203	35.225	1.35	-0.49	0.04	69.096	0.035	-0.033
65907	0	0.0000	0	-2.248	-38.204	35.228	1.60	-0.24	0.29	72.113	0.020	-0.037
65914	0	0.0000	0	-2.244	-38.205	35.232	1.48	-0.22	0.49	73.896	0.001	-0.019
65921	0	0.0000	0	-2.235	-38.201	35.236	1.46	-0.35	0.43	68.325	-0.015	-0.025
65928	0	0.0000	0	-2.220	-38.193	35.242	1.65	-0.39	0.39	70.847	-0.029	0.005
65935	0	0.0000	0	-2.206	-38.184	35.245	1.50	-0.02	0.16	75.677	-0.033	0.030
65942	0	0.0000	0	-2.190	-38.174	35.249	1.35	0.03	-0.05	70.819	-0.044	0.040
65949	0	0.0000	0	-2.177	-38.165	35.252	1.39	-0.10	-0.27	71.228	-0.027	0.052
65956	0	0.0000	0	-2.167	-38.159	35.255	1.11	0.16	-0.36	75.007	-0.020	0.047
65962	0	0.0000	0	-2.166	-38.157	35.254	0.94	0.44	-0.68	69.362	0.001	0.023
65969	0	0.0000	0	-2.169	-38.159	35.253	0.95	0.36	0.02	68.984	0.029	0.017
65976	0	0.0000	0	-2.179	-38.167	35.252	0.98	0.11	0.03	75.111	0.047	-0.005
65984	0	0.0000	0	-2.192	-38.179	35.253	0.92	-0.04	0.23	70.847	0.053	-0.019
65991	0	0.0000	0	-2.199	-38.187	35.255	0.68	0.20	0.56	68.726	0.032	-0.020
65998	0	0.0000	0	-2.201	-38.193	35.258	1.05	0.25	0.35	73.664	0.015	-0.030
66005	0	0.0000	0	-2.200	-38.194	35.261	1.15	0.53	0.28	70.711	0.012	-0.024
66011	0	0.0000	0	-2.186	-38.190	35.269	1.46	0.25	-0.17	67.423	-0.014	-0.012
66018	0	0.0000	0	-2.169	-38.183	35.276	1.70	0.61	-0.66	73.345	-0.029	0.010
66025	0	0.0000	0	-2.153	-38.174	35.282	1.64	0.61	-0.92	73.618	-0.043	0.006
66032	0	0.0000	0	-2.138	-38.165	35.286	1.51	0.74	-0.71	69.016	-0.048	0.015
66039	0	0.0000	0	-2.127	-38.155	35.286	1.15	0.82	-0.63	72.961	-0.047	0.007
66046	0	0.0000	0	-2.122	-38.148	35.284	1.20	1.12	-0.68	72.585	-0.031	-0.003
66054	0	0.0000	0	-2.120	-38.143	35.282	1.08	0.95	-0.59	66.945	-0.029	-0.012
66061	0	0.0000	0	-2.122	-38.143	35.279	0.99	1.02	-0.26	71.464	0.008	-0.012
66067	0	0.0000	0	-2.122	-38.142	35.279	0.75	1.35	-0.45	73.913	0.013	0.001
66074	0	0.0000	0	-2.121	-38.142	35.280	0.99	0.89	-0.13	68.181	0.047	-0.019
66081	0	0.0000	0	-2.117	-38.141	35.281	1.26	1.08	-0.37	69.926	0.047	-0.023
66088	0	0.0000	0	-2.112	-38.140	35.285	1.73	0.82	-0.37	73.176	0.056	-0.005
66095	0	0.0000	0	-2.107	-38.136	35.286	1.68	1.06	-0.56	67.909	0.051	-0.002
66103	0	0.0000	0	-2.100	-38.131	35.287	1.59	1.05	-0.57	68.582	0.038	0.028
66110	0	0.0000	0	-2.094	-38.124	35.286	1.76	1.37	-0.85	74.424	0.011	0.036
66117	0	0.0000	0	-2.091	-38.118	35.283	1.26	1.55	-0.84	70.304	0.010	0.037
66124	0	0.0000	0	-2.085	-38.110	35.280	0.92	1.76	-0.82	69.296	-0.003	0.020
66131	0	0.0000	0	-2.081	-38.102	35.275	0.76	1.85	-0.64	73.793	-0.016	0.021
66138	0	0.0000	0	-2.082	-38.096	35.269	1.15	1.74	-0.49	69.316	-0.023	-0.006
66145	0	0.0000	0	-2.085	-38.093	35.264	1.40	1.14	-0.14	66.830	-0.007	-0.011
66152	0	0.0000	0	-2.088	-38.091	35.259	1.06	1.42	-0.20	73.039	-0.000	-0.036
66159	0	0.0000	0	-2.092	-38.089	35.254	1.35	1.28	0.08	71.239	-0.014	-0.032
66166	0	0.0000	0	-2.092	-38.087	35.252	1.54	0.89	-0.05	66.995	-0.007	-0.043
66173	0	0.0000	0	-2.091	-38.087	35.253	1.90	0.66	0.15	71.704	-0.018	-0.042
66180	0	0.0000	0	-2.080	-38.082	35.257	1.93	0.69	0.19	70.742	-0.026	-0.035
66187	0	0.0000	0	-2.070	-38.076	35.260	2.33	0.49	-0.01	66.089	-0.017	-0.015
66194	0	0.0000	0	-2.058	-38.069	35.264	2.15	0.58	-0.02	70.353	-0.010	-0.001
66201	0	0.0000	0	-2.047	-38.061	35.265	1.68	0.71	0.11	73.414	0.007	0.021
66208	0	0.0000	0	-2.032	-38.050	35.267	1.62	0.59	-0.35	68.352	0.017	0.036
66215	0	0.0000	0	-2.017	-38.039	35.271	1.50	0.46	-0.31	69.948	0.015	0.049
66222	0	0.0000	0	-2.003	-38.029	35.272	1.24	0.22	-0.13	72.844	0.038	0.042
66229	0	0.0000	0	-1.998	-38.021	35.270	1.35	0.41	-0.11	66.845	0.038	0.035
66236	0	0.0000	0	-1.994	-38.019	35.271	1.33	0.56	-0.13	67.743	0.025	0.024
66243	0	0.0000	0	-1.999	-38.021	35.269	1.34	0.54	0.20	73.180	0.012	-0.013
66250	0	0.0000	0	-2.002	-38.024	35.270	0.70	0.52	0.43	68.973	0.008	-0.021
66257	0	0.0000	0	-2.002	-38.028	35.273	1.12	0.52	0.53	66.811	-0.020	-0.022
66264	0	0.0000	0	-2.000	-38.032	35.279	1.68	0.26	0.87	71.589	-0.023	-0.034
66271	0	0.0000	0	-1.990	-38.032	35.287	1.63	0.17	0.70	69.259	-0.029	-0.037
66278	0	0.0000	0	-1.983	-38.031	35.293	1.88	-0.21	0.83	65.443	-0.019	-0.030
66285	0	0.0000	0	-1.972	-38.029	35.300	1.84	-0.41	0.64	70.614	-0.017	-0.028
66292	0	0.0000	0	-1.965	-38.025	35.303	1.66	-0.58	0.46	72.266	-0.019	0.008
66299	0	0.0000	0	-1.953	-38.018	35.306	1.15	-0.18	0.69	67.271	-0.004	0.011
66306	0	0.0000	0	-1.949	-38.012	35.304	1.04	0.01	0.28	70.062	-0.010	0.021
66313	0	0.0000	0	-1.946	-38.006	35.301	0.80	-0.16	0.27	71.761	-0.017	0.027
66320	0	0.0000	0	-1.947	-38.004	35.298	0.38	0.12	0.20	65.825	-0.003	0.041
66327	0	0.0000	0	-1.952	-38.004	35.294	0.49	0.26	0.26	67.511	0.004	0.023
66334	0	0.0000	0	-1.957	-38.006	35.291	0.29	0.36	0.36	72.573	0.013	0.004
66341	0	0.0000	0	-1.955	-38.009	35.296	0.25	0.07	0.59	68.060	0.030	0.000
66348	0	0.0000	0	-1.952	-38.014	35.304	0.27	-0.25	0.79	66.287	0.038	-0.014
66355	0	0.0000	0	-1.945	-38.017	35.313	0.62	-0.60	0.79	71.033	0.024	-0.020
66362	0	0.0000	0	-1.934	-38.018	35.323	0.95	-0.80	0.76	68.519	0.030	-0.013
66369	0	0.0000	0	-1.924	-38.017	35.331	1.12	-0.82	0.82	64.871	0.017	0.002
66376	0	0.0000	0	-1.914	-38.014	35.337	0.60	-0.48	0.48	70.022	-0.014	-0.004
66383	0	0.0000	0	-1.906	-38.010	35.340	0.63	-0.36	0.42	71.561	-0.019	0.011
66390	0	0.0000	0	-1.902	-38.007	35.340	-0.02	0.24	0.16	66.688	-0.039	0.024
66397	0	0.0000	0	-1.903	-38.004	35.336	-0.52	0.46	0.12	69.442	-0.031	0.031
66404	0	0.0000	0	-1.908	-38.003	35.332	-0.64	0.46	0.03	71.302	-0.028	0.014
66411	0	0.0000	0	-1.911	-38.003	35.329	-0.71	0.63	0.03	65.439	-0.021	0.011
66418	0	0.0000	0	-1.916	-38.009	35.330	-0.66	0.39	0.22	66.827	-0.003	0.000
66425	0	0.0000	0	-1.917	-38.012	35.333	-0.49	0.02	0.63	71.934	0.005	-0.001
66432	0	0.0000	0	-1.920	-38.019	35.336	-0.22	-0.46	0.75	67.581	0.035	-0.014
66439	0	0.0000	0	-1.924	-38.026	35.340	-0.44	-0.76	1.06	65.556	0.038	-0.006
66446	0	0.0000	0	-1.923	-38.031	35.346	-0.01	-1.19	1.16	70.250	0.028	-0.018
66453	0	0.0000	0	-1.927	-38.035	35.346	0.05	-0.93	0.73	68.191	0.005	-0.008
66460	0	0.0000	0	-1.934	-38.038	35.342	-0.25	-0.46	0.24	64.243	-0.019	0.009
66467	0	0.0000	0	-1.943	-38.040	35.336	-0.54	-0.19	0.16	68.886	-0.040	0.031
66474	0	0.0000	0	-1.955	-38.042	35.328	-0.69	0.27	-0.15	71.367	-0.040	0.017
66481	0	0.0000	0	-1.964	-38.042	35.320	-1.13	0.45	-0.32	66.454	-0.036	0.025
66488	0	0.0000	0	-1.971	-38.044	35.315	-0.97	0.45	-0.15	68.196	-0.024	0.021
66495	0	0.0000	0	-1.974	-38.044	35.314	-0.80	0.01	-0.41	71.028	-0.001	0.020
66502	0	0.0000	0	-1.974	-38.046	35.316	-0.32	-0.51	-0.59	65.523	0.029	0.003
66509	0	0.0000	0	-1.972	-38.048	35.319	-0.01	-0.80	-0.71	65.061	0.028	-0.010
66516	0	0.0000	0	-1.971	-38.051	35.323	0.39	-1.13	-0.78	70.878	0.040	-0.030
66523	0	0.0000	0	-1.979	-38.060	35.325	0.66	-1.05	-0.61	68.095	0.046	-0.051
66530	0	0.0000	0	-1.986	-38.067	35.325	0.45	-0.85	-0.49	64.515	0.023	-0.044
66537	0	0.0000	0	-1.994	-38.073	35.324	0.26	-0.81	-0.45	68.750	-0.002	-0.039
66544	0	0.0000	0	-1.998	-38.078	35.324	0.06	-0.58	-0.48	68.736	-0.034	-0.036
66551	0	0.0000	0	-1.997	-38.076	35.324	-0.04	-0.14	-0.81	63.835	-0.051	-0.013
66558	0	0.0000	0	-1.986	-38.071	35.328	-0.01	-0.13	-1.06	66.710	-0.053	0.015
66565	0	0.0000	0	-1.973	-38.062	35.332	0.54	-0.19	-1.55	71.129	-0.039	0.041
66572	0	0.0000	0	-1.952	-38.050	35.338	0.56	-0.45	-2.16	66.824	-0.021	0.062
66579	0	0.0000	0	-1.933	-38.039	35.344	0.94	-0.59	-2.30	66.143	-0.000	0.061
66586	0	0.0000	0	-1.920	-38.030	35.348	0.80	-0.77	-2.40	70.467	0.023	0.054
66593	0	0.0000	0	-1.911	-38.024	35.350	0.34	-0.66	-1.94	66.525	0.023	0.030
66600	0	0.0000	0	-1.911	-38.023	35.349	0.13	-0.59	-1.69	63.454	0.038	-0.009
66607	0	0.0000	0	-1.919	-38.028	35.346	-0.12	-0.44	-1.28	69.010	0.033	-0.036
66614	0	0.0000	0	-1.923	-38.030	35.345	-0.20	-0.47	-0.96	69.324	0.025	-0.055
66621	0	0.0000	0	-1.924	-38.030	35.344	0.04	-0.31	-1.24	64.131	0.015	-0.059
66628	0	0.0000	0	-1.922	-38.029	35.344	0.45	-0.16	-1.61	66.633	-0.003	-0.070
66635	0	0.0000	0	-1.910	-38.022	35.348	1.16	-0.22	-1.93	69.185	-0.023	-0.055
66642	0	0.0000	0	-1.894	-38.014	35.354	1.35	-0.48	-2.18	64.207	-0.014	-0.041
66649	0	0.0000	0	-1.876	-38.004	35.360	1.72	-0.45	-2.68	64.405	-0.021	-0.004
66656	0	0.0000	0	-1.862	-37.995	35.364	1.81	-0.70	-2.84	70.091	-0.003	0.013
66663	0	0.0000	0	-1.844	-37.984	35.369	1.27	-0.56	-2.87	67.800	0.002	0.033
66670	0	0.0000	0	-1.834	-37.976	35.371	0.84	-0.26	-3.27	64.644	0.005	0.032
66678	0	0.0000	0	-1.832	-37.970	35.366	0.27	0.04	-2.78	69.015	0.007	0.037
66684	0	0.0000	0	-1.830	-37.964	35.362	-0.41	0.12	-2.71	67.868	0.018	0.026
66691	0	0.0000	0	-1.823	-37.957	35.361	-0.87	0.43	-2.14	62.712	0.023	0.013
66698	0	0.0000	0	-1.820	-37.951	35.359	-0.57	0.11	-2.12	66.226	0.030	0.007
66705	0	0.0000	0	-1.806	-37.944	35.364	0.09	-0.12	-1.92	69.818	0.027	0.008
66712	0	0.0000	0	-1.793	-37.935	35.366	0.65	-0.33	-1.95	64.923	0.031	-0.008
66719	0	0.0000	0	-1.778	-37.925	35.370	1.16	-0.81	-2.09	63.990	0.020	0.005
66726	0	0.0000	0	-1.759	-37.915	35.377	1.60	-0.65	-2.27	68.462	0.013	-0.010
66733	0	0.0000	0	-1.742	-37.905	35.382	1.72	-0.69	-2.14	65.959	-0.018	-0.004
66740	0	0.0000	0	-1.732	-37.896	35.383	1.57	-0.65	-2.02	62.332	-0.023	-0.003
66747	0	0.0000	0	-1.723	-37.888	35.382	1.02	-0.41	-2.03	67.002	-0.021	0.005
66754	0	0.0000	0	-1.715	-37.882	35.383	1.09	-0.25	-2.05	69.390	-0.036	0.012
66761	0	0.0000	0	-1.710	-37.876	35.382	0.68	0.18	-1.96	64.631	-0.036	-0.008
66768	0	0.0000	0	-1.705	-37.869	35.379	0.17	0.32	-1.91	65.673	-0.041	0.003
66775	0	0.0000	0	-1.700	-37.863	35.378	0.09	0.14	-1.75	69.174	-0.025	-0.003
66782	0	0.0000	0	-1.693	-37.858	35.380	0.12	-0.07	-1.78	64.542	-0.001	-0.003
66789	0	0.0000	0	-1.675	-37.847	35.385	0.10	-0.09	-1.64	62.438	0.018	-0.006
66796	0	0.0000	0	-1.661	-37.840	35.390	0.34	-0.55	-1.31	68.065	0.036	-0.003
66803	0	0.0000	0	-1.651	-37.835	35.394	0.68	-0.68	-1.10	67.600	0.036	-0.014
66810	0	0.0000	0	-1.643	-37.832	35.398	0.85	-0.79	-0.95	62.714	0.035	-0.001
66817	0	0.0000	0	-1.631	-37.826	35.402	0.89	-0.75	-1.35	65.510	0.019	-0.008
66824	0	0.0000	0	-1.631	-37.824	35.401	1.29	-0.58	-1.17	67.795	-0.005	0.003
66831	0	0.0000	0	-1.629	-37.819	35.399	0.90	-0.25	-1.54	62.947	-0.006	0.018
66838	0	0.0000	0	-1.621	-37.815	35.401	0.83	-0.12	-1.49	62.726	-0.019	0.022
66845	0	0.0000	0	-1.614	-37.809	35.401	0.62	0.04	-1.33	68.418	-0.017	0.021
66853	0	0.0000	0	-1.607	-37.804	35.403	0.45	0.02	-1.35	66.762	-0.031	0.042
66860	0	0.0000	0	-1.596	-37.800	35.408	0.05	0.26	-1.20	63.265	0.002	0.029
66867	0	0.0000	0	-1.582	-37.794	35.414	0.44	-0.18	-1.04	67.045	0.005	0.009
66874	0	0.0000	0	-1.571	-37.788	35.418	0.34	-0.31	-0.81	67.177	0.010	-0.002
66881	0	0.0000	0	-1.559	-37.781	35.423	0.54	-0.58	-0.74	61.736	0.015	-0.015
66888	0	0.0000	0	-1.554	-37.778	35.424	1.14	-0.68	-0.93	63.794	0.010	-0.026
66895	0	0.0000	0	-1.555	-37.777	35.422	1.09	-0.65	-0.90	68.512	-0.003	-0.054
66902	0	0.0000	0	-1.558	-37.777	35.419	1.02	-0.39	-0.56	64.712	-0.012	-0.057
66909	0	0.0000	0	-1.563	-37.778	35.416	0.78	-0.42	-0.41	62.178	-0.008	-0.068
66916	0	0.0000	0	-1.568	-37.778	35.411	0.75	-0.12	-0.46	66.546	-0.009	-0.051
66923	0	0.0000	0	-1.567	-37.777	35.412	0.42	-0.05	-0.30	65.734	-0.017	-0.026
66930	0	0.0000	0	-1.557	-37.771	35.414	0.69	0.09	-0.50	61.141	-0.007	0.001
66937	0	0.0000	0	-1.543	-37.763	35.419	0.88	-0.12	-0.80	64.307	0.006	0.041
66944	0	0.0000	0	-1.525	-37.755	35.427	1.16	-0.36	-1.05	68.368	0.012	0.050
66951	0	0.0000	0	-1.507	-37.746	35.434	1.39	-0.67	-1.18	64.382	0.015	0.052
66958	0	0.0000	0	-1.496	-37.741	35.439	1.14	-0.50	-1.10	63.169	0.021	0.056
66965	0	0.0000	0	-1.488	-37.738	35.443	1.11	-0.43	-0.94	67.422	0.018	0.041
66973	0	0.0000	0	-1.488	-37.738	35.443	0.69	-0.41	-0.75	64.807	0.020	0.030
66980	0	0.0000	0	-1.494	-37.742	35.441	0.20	-0.00	-0.34	60.645	0.006	0.001
66987	0	0.0000	0	-1.498	-37.745	35.441	0.45	-0.23	-0.05	65.215	0.014	-0.009
66994	0	0.0000	0	-1.501	-37.747	35.440	0.64	-0.12	0.07	67.381	0.003	-0.034
67001	0	0.0000	0	-1.495	-37.745	35.444	1.32	-0.40	-0.22	62.324	-0.001	-0.032
67008	0	0.0000	0	-1.489	-37.743	35.446	1.96	-0.88	-0.27	62.294	-0.014	-0.055
67015	0	0.0000	0	-1.476	-37.738	35.453	2.36	-1.08	-0.47	66.500	-0.015	-0.050
67022	0	0.0000	0	-1.463	-37.732	35.459	2.76	-1.08	-0.56	63.872	-0.018	-0.039
67029	0	0.0000	0	-1.450	-37.725	35.464	2.70	-1.08	-0.39	60.385	-0.020	-0.021
67036	0	0.0000	0	-1.439	-37.719	35.468	2.63	-0.87	-0.43	64.690	-0.040	0.005
67043	0	0.0000	0	-1.429	-37.714	35.472	2.25	-0.94	-0.51	67.439	-0.042	0.031
67050	0	0.0000	0	-1.414	-37.705	35.476	2.36	-0.71	-0.53	62.840	-0.024	0.041
67057	0	0.0000	0	-1.398	-37.698	35.483	2.22	-1.06	-0.46	63.128	-0.005	0.067
67064	0	0.0000	0	-1.387	-37.693	35.487	2.33	-1.22	-0.52	67.009	0.004	0.063
67071	0	0.0000	0	-1.372	-37.685	35.494	2.26	-1.33	-0.55	63.504	0.031	0.055
67078	0	0.0000	0	-1.360	-37.682	35.501	2.43	-1.44	-0.40	60.011	0.046	0.035
67085	0	0.0000	0	-1.347	-37.680	35.510	2.59	-1.33	-0.04	64.577	0.060	0.030
67092	0	0.0000	0	-1.335	-37.676	35.517	2.74	-1.19	-0.33	66.662	0.052	0.002
67099	0	0.0000	0	-1.321	-37.672	35.526	3.12	-1.11	-0.25	61.590	0.032	-0.026
67106	0	0.0000	0	-1.301	-37.666	35.537	3.20	-1.23	-0.11	61.621	0.013	-0.037
67113	0	0.0000	0	-1.281	-37.660	35.550	3.70	-0.98	-0.12	65.825	-0.008	-0.038
67120	0	0.0000	0	-1.252	-37.651	35.566	4.12	-1.00	-0.31	63.041	-0.012	-0.031
67127	0	0.0000	0	-1.224	-37.641	35.580	4.19	-0.84	-0.32	59.688	-0.054	-0.030
67134	0	0.0000	0	-1.194	-37.631	35.598	4.42	-0.98	-0.63	63.782	-0.044	-0.007
67141	0	0.0000	0	-1.170	-37.625	35.612	4.59	-0.79	-0.78	66.753	-0.047	0.003
67148	0	0.0000	0	-1.147	-37.618	35.626	4.25	-0.54	-0.36	62.417	-0.047	0.018
67155	0	0.0000	0	-1.127	-37.613	35.639	3.71	-0.49	-0.30	62.050	-0.011	0.011
67162	0	0.0000	0	-1.109	-37.609	35.651	3.41	-0.64	0.15	66.202	0.009	0.011
67169	0	0.0000	0	-1.091	-37.602	35.660	2.91	-0.35	0.36	63.178	0.023	-0.005
67176	0	0.0000	0	-1.071	-37.594	35.670	2.24	0.01	0.45	59.299	0.037	-0.002
67183	0	0.0000	0	-1.048	-37.583	35.679	2.23	0.11	0.47	63.456	0.047	-0.007
67190	0	0.0000	0	-1.026	-37.572	35.688	2.58	0.73	0.56	66.136	0.056	-0.010
67197	0	0.0000	0	-0.994	-37.557	35.702	2.83	0.36	0.37	61.469	0.048	-0.012
67204	0	0.0000	0	-0.961	-37.542	35.716	2.85	0.41	0.50	60.417	0.046	0.013
67211	0	0.0000	0	-0.931	-37.528	35.729	3.31	0.58	0.50	64.632	0.004	0.014
67218	0	0.0000	0	-0.905	-37.515	35.739	3.10	0.87	0.53	63.444	-0.015	0.020
67225	0	0.0000	0	-0.881	-37.503	35.749	3.08	1.32	0.63	59.207	-0.038	0.031
67232	0	0.0000	0	-0.869	-37.499	35.755	2.53	1.65	0.54	61.587	-0.055	0.048
67239	0	0.0000	0	-0.857	-37.495	35.761	2.28	2.21	0.23	66.162	-0.090	0.045
67246	0	0.0000	0	-0.853	-37.495	35.765	1.74	2.94	0.36	62.908	-0.077	0.040
67253	0	0.0000	0	-0.851	-37.496	35.768	1.20	2.99	0.42	60.668	-0.058	0.036
67260	0	0.0000	0	-0.853	-37.500	35.770	0.53	3.38	0.81	64.622	-0.041	0.005
67267	0	0.0000	0	-0.857	-37.504	35.770	0.56	3.80	0.89	64.332	-0.017	-0.017
67274	0	0.0000	0	-0.859	-37.506	35.770	0.48	3.78	0.88	59.169	0.021	-0.026
67281	0	0.0000	0	-0.862	-37.507	35.769	0.81	3.84	0.59	60.559	0.042	-0.036
67288	0	0.0000	0	-0.864	-37.506	35.767	0.93	4.03	0.18	65.457	0.059	-0.038
67294	0	0.0000	0	-0.868	-37.504	35.761	1.64	3.82	-0.12	62.885	0.066	-0.037
67301	0	0.0000	0	-0.874	-37.502	35.754	1.70	4.34	-0.37	59.168	0.061	-0.033
67309	0	0.0000	0	-0.883	-37.499	35.743	1.87	4.66	-0.65	62.449	0.040	-0.015
67316	0	0.0000	0	-0.894	-37.495	35.729	1.94	4.91	-0.75	64.111	0.028	-0.013
67323	0	0.0000	0	-0.904	-37.491	35.716	1.78	5.04	-1.05	59.524	-0.005	0.013
67330	0	0.0000	0	-0.906	-37.481	35.705	1.94	5.38	-1.23	59.186	-0.019	0.029
67337	0	0.0000	0	-0.909	-37.470	35.692	1.50	5.63	-1.15	64.426	-0.032	0.029
67344	0	0.0000	0	-0.907	-37.458	35.682	1.38	5.61	-0.48	64.275	-0.044	0.036
67351	0	0.0000	0	-0.904	-37.447	35.673	1.23	5.14	-0.17	60.049	-0.017	0.036
67358	0	0.0000	0	-0.897	-37.432	35.665	1.72	4.72	-0.25	61.894	-0.004	0.022
67365	0	0.0000	0	-0.898	-37.420	35.653	1.91	4.30	0.10	64.842	-0.007	0.007
67371	0	0.0000	0	-0.898	-37.406	35.639	2.01	4.06	0.54	60.660	0.007	-0.007
67378	0	0.0000	0	-0.906	-37.395	35.622	1.77	3.67	0.75	58.107	0.004	-0.018
67386	0	0.0000	0	-0.916	-37.388	35.605	1.56	3.62	1.13	63.028	0.013	-0.046
67393	0	0.0000	0	-0.930	-37.382	35.588	1.62	3.86	1.45	64.312	0.017	-0.047
67399	0	0.0000	0	-0.941	-37.376	35.572	1.62	3.69	1.63	59.518	0.019	-0.050
67406	0	0.0000	0	-0.951	-37.370	35.557	1.50	3.52	1.71	59.425	0.001	-0.044
67413	0	0.0000	0	-0.955	-37.363	35.547	1.48	3.12	1.91	63.461	-0.011	-0.017
67420	0	0.0000	0	-0.958	-37.360	35.541	1.70	2.73	2.30	61.731	0.013	-0.011
67427	0	0.0000	0	-0.952	-37.356	35.543	1.92	1.84	2.44	57.777	0.007	0.022
67434	0	0.0000	0	-0.943	-37.350	35.545	2.18	1.61	2.73	60.332	0.014	0.031
67441	0	0.0000	0	-0.934	-37.346	35.549	2.29	0.70	2.68	64.669	0.008	0.039
67448	0	0.0000	0	-0.925	-37.342	35.553	2.02	0.17	3.26	61.573	-0.002	0.054
67455	0	0.0000	0	-0.927	-37.342	35.551	1.46	0.05	3.31	59.188	0.006	0.043
67462	0	0.0000	0	-0.934	-37.344	35.548	1.05	-0.28	3.42	62.954	0.008	0.040
67469	0	0.0000	0	-0.945	-37.349	35.542	0.65	0.01	3.53	63.185	-0.006	0.017
67476	0	0.0000	0	-0.955	-37.354	35.539	0.58	-0.19	3.59	58.191	-0.003	0.011
67483	0	0.0000	0	-0.966	-37.361	35.535	0.16	0.00	3.60	58.576	-0.009	-0.009
67490	0	0.0000	0	-0.976	-37.371	35.536	0.22	-0.54	3.66	63.648	0.004	-0.024
67497	0	0.0000	0	-0.979	-37.381	35.543	0.14	-0.85	3.96	62.368	-0.011	-0.034
67504	0	0.0000	0	-0.980	-37.391	35.553	0.33	-1.24	3.83	58.019	0.002	-0.033
67511	0	0.0000	0	-0.978	-37.401	35.564	0.93	-1.45	3.45	59.888	0.014	-0.027
67518	0	0.0000	0	-0.980	-37.415	35.575	1.15	-2.13	3.37	63.061	0.005	-0.025
67525	0	0.0000	0	-0.978	-37.426	35.588	1.26	-2.33	3.35	59.494	0.004	-0.020
67532	0	0.0000	0	-0.983	-37.439	35.596	0.87	-2.16	2.84	57.054	-0.009	-0.006
67539	0	0.0000	0	-0.992	-37.451	35.600	0.30	-1.81	2.41	61.241	-0.029	0.014
67546	0	0.0000	0	-0.999	-37.464	35.606	-0.13	-1.30	2.23	63.886	-0.031	0.041
67553	0	0.0000	0	-1.006	-37.476	35.612	-0.49	-1.26	1.92	59.914	-0.013	0.040
67560	0	0.0000	0	-1.010	-37.485	35.618	-0.58	-1.27	1.91	58.946	-0.002	0.024
67567	0	0.0000	0	-1.013	-37.496	35.625	-0.89	-1.48	1.80	62.872	-0.001	0.029
67574	0	0.0000	0	-1.015	-37.504	35.632	-1.13	-1.68	1.51	61.692	0.020	0.016
67581	0	0.0000	0	-1.008	-37.509	35.642	-0.75	-1.98	1.21	56.929	0.025	-0.004
67588	0	0.0000	0	-1.001	-37.514	35.654	-0.24	-2.29	0.90	58.660	0.044	-0.018
67595	0	0.0000	0	-0.994	-37.518	35.664	-0.05	-2.37	0.48	63.337	0.034	-0.022
67602	0	0.0000	0	-0.990	-37.521	35.670	0.02	-2.42	0.35	60.716	0.020	-0.021
67609	0	0.0000	0	-0.995	-37.529	35.674	-0.38	-1.96	0.29	57.142	0.004	-0.041
67616	0	0.0000	0	-1.003	-37.539	35.676	-0.85	-1.40	-0.01	59.938	-0.027	-0.036
67623	0	0.0000	0	-1.011	-37.548	35.678	-1.39	-0.97	-0.01	62.306	-0.030	-0.044
67630	0	0.0000	0	-1.012	-37.554	35.682	-1.93	-0.48	0.05	58.403	-0.048	-0.036
67637	0	0.0000	0	-1.007	-37.556	35.688	-2.37	-0.32	0.21	56.532	-0.052	-0.031
67644	0	0.0000	0	-0.998	-37.554	35.694	-2.51	-0.70	0.00	60.975	-0.039	-0.005
67651	0	0.0000	0	-0.988	-37.551	35.702	-2.39	-0.81	-0.11	63.018	-0.020	0.021
67658	0	0.0000	0	-0.978	-37.548	35.706	-2.17	-1.02	-0.66	58.947	-0.007	0.046
67665	0	0.0000	0	-0.972	-37.545	35.709	-2.36	-0.88	-1.04	58.487	0.000	0.035
67672	0	0.0000	0	-0.973	-37.544	35.708	-2.49	-0.45	-1.12	62.320	-0.000	0.044
67679	0	0.0000	0	-0.990	-37.551	35.699	-3.56	-0.30	-0.72	60.693	0.012	0.028
67686	0	0.0000	0	-1.016	-37.563	35.688	-4.02	0.02	-0.48	56.162	0.015	-0.003
67693	0	0.0000	0	-1.050	-37.579	35.673	-4.47	0.49	-0.19	58.226	0.016	-0.009
67700	0	0.0000	0	-1.078	-37.590	35.660	-4.38	0.41	-0.09	62.616	0.019	-0.017
67707	0	0.0000	0	-1.106	-37.602	35.647	-4.50	0.35	0.19	60.148	0.030	-0.035
67713	0	0.0000	0	-1.130	-37.615	35.639	-4.01	0.03	0.14	56.486	0.017	-0.018
67720	0	0.0000	0	-1.153	-37.627	35.630	-3.48	-0.10	-0.16	58.987	0.008	-0.015
67727	0	0.0000	0	-1.172	-37.636	35.621	-2.93	-0.11	-0.70	61.617	0.011	-0.009
67735	0	0.0000	0	-1.195	-37.645	35.611	-2.76	-0.31	-0.89	57.881	-0.003	0.009
67742	0	0.0000	0	-1.217	-37.653	35.598	-2.87	-0.24	-0.74	55.768	-0.015	0.001
67749	0	0.0000	0	-1.243	-37.661	35.584	-3.41	0.02	-0.57	59.915	-0.019	0.014
67756	0	0.0000	0	-1.272	-37.673	35.569	-3.81	0.19	-0.65	62.425	-0.027	0.019
67762	0	0.0000	0	-1.295	-37.680	35.556	-3.79	0.64	-0.90	58.593	-0.022	0.033
67769	0	0.0000	0	-1.309	-37.684	35.547	-3.71	0.14	-1.13	57.460	-0.008	0.029
67776	0	0.0000	0	-1.322	-37.684	35.537	-4.24	0.70	-1.26	61.245	-0.001	0.012
67783	0	0.0000	0	-1.339	-37.688	35.525	-3.87	0.75	-1.47	60.650	0.011	0.011
67790	0	0.0000	0	-1.351	-37.690	35.517	-3.40	0.54	-1.52	55.885	0.019	0.011
67797	0	0.0000	0	-1.366	-37.694	35.507	-3.02	0.49	-1.74	56.629	0.036	-0.021
67804	0	0.0000	0	-1.376	-37.696	35.501	-2.78	0.42	-1.81	61.463	0.041	-0.040
67811	0	0.0000	0	-1.391	-37.700	35.491	-2.83	0.10	-1.43	60.185	0.041	-0.041
67818	0	0.0000	0	-1.410	-37.705	35.480	-2.71	0.06	-1.30	56.026	0.034	-0.036
67825	0	0.0000	0	-1.428	-37.712	35.470	-2.69	-0.06	-0.99	57.460	0.008	-0.033
67832	0	0.0000	0	-1.445	-37.717	35.460	-1.76	0.33	-1.46	60.843	-0.032	-0.022
67839	0	0.0000	0	-1.459	-37.719	35.450	-1.85	0.32	-1.47	58.361	-0.045	-0.016
67846	0	0.0000	0	-1.470	-37.719	35.441	-1.84	0.26	-1.53	54.990	-0.061	-0.006
67853	0	0.0000	0	-1.476	-37.718	35.434	-1.82	0.07	-1.47	57.685	-0.055	0.008
67860	0	0.0000	0	-1.483	-37.716	35.426	-1.35	-0.06	-1.59	61.729	-0.046	0.019
67868	0	0.0000	0	-1.490	-37.714	35.418	-1.47	-0.44	-1.30	58.705	-0.028	0.030
67875	0	0.0000	0	-1.495	-37.711	35.411	-1.72	-0.69	-1.54	56.317	-0.005	0.027
67882	0	0.0000	0	-1.500	-37.708	35.403	-1.70	-0.77	-1.28	59.636	0.029	0.031
67889	0	0.0000	0	-1.508	-37.707	35.395	-1.66	-0.69	-1.29	60.697	0.038	0.033
67896	0	0.0000	0	-1.516	-37.704	35.385	-1.35	-0.74	-1.34	56.149	0.049	0.026
67903	0	0.0000	0	-1.524	-37.703	35.378	-1.66	-0.60	-1.80	54.929	0.048	0.010
67910	0	0.0000	0	-1.536	-37.704	35.368	-1.42	-0.63	-1.58	59.534	0.048	0.003
67917	0	0.0000	0	-1.543	-37.705	35.363	-1.36	-0.26	-1.38	60.662	0.021	0.007
67924	0	0.0000	0	-1.546	-37.707	35.362	-0.79	-0.53	-1.48	56.058	0.018	-0.006
67931	0	0.0000	0	-1.543	-37.709	35.366	0.07	-0.73	-1.50	55.777	-0.003	-0.012
67938	0	0.0000	0	-1.540	-37.709	35.369	0.30	-0.86	-1.81	59.566	-0.012	-0.012
67945	0	0.0000	0	-1.531	-37.708	35.376	0.56	-0.89	-1.40	58.686	-0.031	-0.013
67952	0	0.0000	0	-1.527	-37.713	35.385	0.87	-1.23	-1.05	54.638	-0.040	-0.010
67959	0	0.0000	0	-1.514	-37.711	35.393	1.24	-1.61	-1.26	55.546	-0.039	-0.015
67966	0	0.0000	0	-1.505	-37.708	35.399	1.22	-1.62	-1.44	60.232	-0.030	-0.027
67973	0	0.0000	0	-1.495	-37.703	35.403	0.84	-1.37	-1.10	59.713	-0.027	0.001
67980	0	0.0000	0	-1.492	-37.699	35.402	0.27	-1.48	-0.95	55.828	-0.013	0.001
67988	0	0.0000	0	-1.483	-37.694	35.404	0.64	-1.31	-0.96	57.297	0.001	0.012
67995	0	0.0000	0	-1.476	-37.685	35.402	0.61	-0.79	-1.56	60.331	0.002	0.025
68002	0	0.0000	0	-1.467	-37.675	35.400	0.72	-0.94	-1.63	57.323	0.030	0.033
68009	0	0.0000	0	-1.457	-37.666	35.400	0.20	-0.78	-1.47	53.761	0.042	0.017
68016	0	0.0000	0	-1.449	-37.659	35.401	0.50	-0.89	-1.24	56.605	0.057	0.022
68022	0	0.0000	0	-1.437	-37.654	35.406	0.99	-1.05	-1.14	60.312	0.039	0.010
68029	0	0.0000	0	-1.424	-37.651	35.414	1.26	-1.17	-1.08	57.605	0.030	-0.009
68036	0	0.0000	0	-1.417	-37.647	35.417	0.71	-0.89	-0.81	54.238	0.025	-0.025
68044	0	0.0000	0	-1.407	-37.646	35.425	1.31	-0.84	-0.41	56.793	0.005	-0.020
68051	0	0.0000	0	-1.396	-37.646	35.434	1.69	-1.11	-0.42	59.250	-0.011	-0.030
68058	0	0.0000	0	-1.378	-37.642	35.446	2.02	-0.83	-0.49	55.970	-0.026	-0.032
68065	0	0.0000	0	-1.364	-37.641	35.458	1.85	-0.90	-0.46	53.451	-0.029	-0.009
68072	0	0.0000	0	-1.355	-37.639	35.463	1.71	-0.76	-0.15	56.696	-0.031	-0.001
68079	0	0.0000	0	-1.346	-37.636	35.469	1.83	-0.45	-0.36	60.116	-0.033	0.003
68086	0	0.0000	0	-1.332	-37.632	35.477	1.93	-0.24	-0.67	57.333	-0.021	0.003
68093	0	0.0000	0	-1.320	-37.629	35.484	1.32	-0.06	-0.57	54.745	-0.020	0.004
68100	0	0.0000	0	-1.317	-37.627	35.486	0.55	0.18	-0.25	57.815	-0.008	0.018
68107	0	0.0000	0	-1.310	-37.626	35.490	0.76	0.28	-0.23	59.198	0.004	0.022
68114	0	0.0000	0	-1.300	-37.621	35.495	0.99	0.34	-0.43	54.968	0.020	0.027
68121	0	0.0000	0	-1.284	-37.614	35.501	1.11	0.23	-0.54	53.253	0.022	0.024
68128	0	0.0000	0	-1.276	-37.611	35.506	1.22	0.42	-0.52	57.408	0.045	0.015
68135	0	0.0000	0	-1.267	-37.608	35.511	1.24	0.67	-0.27	59.354	0.029	0.007
68142	0	0.0000	0	-1.261	-37.606	35.515	2.00	0.52	-0.24	55.477	0.018	-0.016
68149	0	0.0000	0	-1.247	-37.601	35.522	1.90	0.70	-0.32	53.569	0.005	-0.017
68156	0	0.0000	0	-1.241	-37.600	35.526	1.60	1.11	0.00	56.858	-0.011	-0.022
68163	0	0.0000	0	-1.228	-37.595	35.532	1.72	1.14	0.38	58.085	-0.006	-0.030
68170	0	0.0000	0	-1.217	-37.589	35.536	2.04	1.17	0.24	54.169	-0.025	-0.022
68178	0	0.0000	0	-1.197	-37.579	35.545	2.34	1.10	-0.00	53.002	-0.024	-0.023
68184	0	0.0000	0	-1.176	-37.569	35.553	2.40	1.32	0.04	57.111	-0.014	-0.026
68191	0	0.0000	0	-1.166	-37.561	35.555	2.14	1.20	0.53	59.143	-0.017	0.004
68198	0	0.0000	0	-1.157	-37.554	35.555	2.05	1.06	0.65	55.658	-0.016	0.010
68205	0	0.0000	0	-1.145	-37.545	35.557	2.13	1.13	0.29	54.137	-0.021	0.011
68212	0	0.0000	0	-1.141	-37.538	35.554	1.50	1.36	0.59	57.460	-0.021	0.015
68219	0	0.0000	0	-1.142	-37.533	35.549	0.81	1.36	0.85	58.056	0.003	0.014
68227	0	0.0000	0	-1.143	-37.530	35.544	1.12	1.57	0.97	53.571	0.009	0.016
68234	0	0.0000	0	-1.141	-37.526	35.541	1.11	1.76	0.90	52.746	0.035	0.019
68241	0	0.0000	0	-1.134	-37.522	35.545	1.58	1.58	0.82	57.337	0.025	0.010
68248	0	0.0000	0	-1.131	-37.519	35.544	0.97	1.68	1.00	58.202	0.043	-0.000
68255	0	0.0000	0	-1.126	-37.517	35.546	1.43	1.55	1.30	54.137	0.045	-0.006
68262	0	0.0000	0	-1.118	-37.517	35.553	1.94	1.29	1.38	53.020	0.034	-0.011
68269	0	0.0000	0	-1.112	-37.516	35.558	2.12	1.07	1.52	56.424	0.024	-0.032
68276	0	0.0000	0	-1.108	-37.514	35.559	1.90	1.04	1.56	57.245	-0.007	-0.034
68283	0	0.0000	0	-1.104	-37.515	35.564	2.19	1.06	1.67	53.232	-0.006	-0.014
68290	0	0.0000	0	-1.106	-37.517	35.564	2.33	1.22	1.49	52.217	-0.030	-0.016
68297	0	0.0000	0	-1.108	-37.517	35.562	2.10	1.50	0.91	56.185	-0.046	-0.004
68304	0	0.0000	0	-1.110	-37.517	35.560	1.45	1.80	0.94	58.368	-0.053	0.012
68311	0	0.0000	0	-1.119	-37.520	35.556	1.60	1.79	1.11	55.005	-0.044	0.012
68318	0	0.0000	0	-1.120	-37.521	35.555	1.48	1.92	0.89	53.277	-0.015	0.017
68325	0	0.0000	0	-1.123	-37.522	35.554	1.07	1.76	0.83	56.419	0.001	0.020
68332	0	0.0000	0	-1.125	-37.522	35.552	0.61	2.00	1.15	57.626	0.029	0.023
68339	0	0.0000	0	-1.124	-37.521	35.551	0.91	1.68	1.18	53.612	0.036	0.014
68346	0	0.0000	0	-1.118	-37.517	35.553	1.32	1.51	0.83	51.579	0.053	0.018
68353	0	0.0000	0	-1.111	-37.511	35.554	1.31	1.44	1.02	55.454	0.061	0.008
68360	0	0.0000	0	-1.103	-37.506	35.556	1.55	1.40	1.24	57.833	0.037	0.006
68367	0	0.0000	0	-1.099	-37.504	35.557	1.87	1.39	1.14	54.474	0.032	-0.009
68374	0	0.0000	0	-1.096	-37.502	35.558	2.34	1.00	0.84	51.929	0.011	-0.028
68381	0	0.0000	0	-1.098	-37.502	35.556	1.72	1.72	0.96	54.639	0.002	-0.024
68388	0	0.0000	0	-1.101	-37.502	35.554	1.92	1.39	1.40	56.846	-0.010	-0.034
68395	0	0.0000	0	-1.102	-37.502	35.553	1.88	1.31	1.84	53.903	-0.014	-0.036
68402	0	0.0000	0	-1.099	-37.502	35.555	1.52	1.18	1.71	51.207	-0.017	-0.014
68409	0	0.0000	0	-1.094	-37.499	35.557	1.16	1.02	1.90	53.855	-0.030	0.003
68416	0	0.0000	0	-1.083	-37.493	35.561	1.35	1.07	1.77	57.544	-0.035	0.018
68423	0	0.0000	0	-1.072	-37.487	35.564	1.68	0.87	1.74	55.788	-0.033	0.019
68430	0	0.0000	0	-1.060	-37.479	35.568	1.20	0.73	1.51	52.555	-0.020	0.026
68437	0	0.0000	0	-1.050	-37.475	35.572	1.18	0.42	1.63	54.079	-0.006	0.027
68444	0	0.0000	0	-1.051	-37.473	35.569	1.37	0.60	1.38	57.027	0.005	0.050
68451	0	0.0000	0	-1.052	-37.473	35.568	1.25	0.60	1.29	54.619	0.002	0.034
68458	0	0.0000	0	-1.058	-37.476	35.566	0.69	0.82	0.99	50.914	0.027	0.029
68465	0	0.0000	0	-1.064	-37.480	35.565	0.63	1.26	1.35	52.573	0.037	-0.004
68472	0	0.0000	0	-1.076	-37.487	35.561	0.39	1.12	1.30	56.688	0.016	-0.018
68478	0	0.0000	0	-1.080	-37.493	35.564	0.05	1.04	1.30	55.760	0.030	-0.039
68486	0	0.0000	0	-1.084	-37.502	35.569	-0.03	0.96	1.66	51.854	0.024	-0.049
68492	0	0.0000	0	-1.086	-37.506	35.572	0.57	0.62	1.41	51.973	0.007	-0.054
68499	0	0.0000	0	-1.078	-37.509	35.581	0.82	0.49	1.29	55.372	0.012	-0.051
68506	0	0.0000	0	-1.067	-37.509	35.590	0.95	0.21	0.92	55.262	-0.013	-0.026
68513	0	0.0000	0	-1.061	-37.508	35.594	0.73	0.43	0.71	51.477	-0.029	-0.009
68520	0	0.0000	0	-1.058	-37.506	35.596	1.02	0.67	0.60	50.804	-0.037	0.006
68527	0	0.0000	0	-1.055	-37.505	35.597	0.61	0.69	0.36	54.650	-0.057	0.016
68534	0	0.0000	0	-1.059	-37.506	35.595	-0.17	0.98	0.31	56.803	-0.038	0.041
68541	0	0.0000	0	-1.062	-37.507	35.593	-0.69	0.98	0.31	53.673	-0.034	0.037
68548	0	0.0000	0	-1.072	-37.510	35.587	-0.91	0.85	0.44	51.760	-0.030	0.047
68555	0	0.0000	0	-1.072	-37.507	35.584	-1.42	0.84	0.33	54.638	0.009	0.052
68562	0	0.0000	0	-1.075	-37.505	35.579	-1.38	0.87	-0.06	56.144	0.029	0.051
68569	0	0.0000	0	-1.077	-37.502	35.575	-1.00	0.79	-0.57	52.561	0.030	0.044
68576	0	0.0000	0	-1.084	-37.502	35.568	-0.58	0.86	-0.85	50.011	0.037	0.030
68583	0	0.0000	0	-1.088	-37.501	35.563	-0.94	1.14	-1.09	52.976	0.031	0.014
68590	0	0.0000	0	-1.101	-37.503	35.554	-0.60	1.24	-1.42	56.263	0.025	-0.002
68597	0	0.0000	0	-1.112	-37.506	35.548	-0.57	1.66	-1.77	54.034	0.004	-0.030
68604	0	0.0000	0	-1.133	-37.517	35.540	-0.89	1.85	-1.84	50.635	-0.004	-0.035
68611	0	0.0000	0	-1.146	-37.524	35.535	-1.01	1.93	-2.02	51.847	-0.013	-0.053
68618	0	0.0000	0	-1.158	-37.530	35.531	-0.97	1.95	-1.65	55.051	-0.007	-0.045
68625	0	0.0000	0	-1.157	-37.533	35.534	-0.87	1.48	-2.03	53.781	-0.002	-0.043
68632	0	0.0000	0	-1.156	-37.534	35.536	-0.63	1.11	-1.79	50.189	-0.006	-0.033
68639	0	0.0000	0	-1.149	-37.528	35.537	-0.65	1.01	-2.31	50.564	-0.009	-0.010
68646	0	0.0000	0	-1.141	-37.519	35.535	-0.18	0.84	-2.40	54.721	-0.007	0.007
68653	0	0.0000	0	-1.132	-37.507	35.532	-0.48	1.05	-2.62	55.683	-0.006	0.031
68660	0	0.0000	0	-1.131	-37.495	35.520	-0.78	1.22	-2.80	52.255	-0.004	0.037
68667	0	0.0000	0	-1.131	-37.481	35.507	-1.25	1.82	-3.15	51.116	-0.023	0.032
68674	0	0.0000	0	-1.135	-37.468	35.490	-1.91	2.12	-3.11	54.179	-0.026	0.053
68681	0	0.0000	0	-1.146	-37.457	35.470	-2.48	2.69	-2.89	55.061	-0.034	0.034
68688	0	0.0000	0	-1.151	-37.446	35.455	-2.32	2.56	-3.03	51.221	-0.023	0.017
68696	0	0.0000	0	-1.152	-37.434	35.443	-2.01	2.44	-2.90	49.357	-0.015	0.013
68702	0	0.0000	0	-1.153	-37.425	35.433	-1.61	2.15	-3.01	52.756	0.024	-0.010
68709	0	0.0000	0	-1.151	-37.419	35.429	-1.23	1.80	-2.93	55.458	0.042	-0.035
68716	0	0.0000	0	-1.153	-37.414	35.422	-0.80	1.50	-2.97	52.836	0.037	-0.037
68723	0	0.0000	0	-1.162	-37.414	35.415	-0.91	1.40	-2.64	49.771	0.025	-0.051
68730	0	0.0000	0	-1.173	-37.415	35.406	-1.57	1.18	-2.08	51.344	0.014	-0.056
68737	0	0.0000	0	-1.191	-37.421	35.396	-1.60	1.08	-1.31	54.351	0.017	-0.047
68745	0	0.0000	0	-1.197	-37.419	35.389	-1.46	1.31	-1.26	52.712	-0.004	-0.034
68752	0	0.0000	0	-1.204	-37.417	35.380	-1.74	1.40	-1.60	49.289	-0.016	0.008
68759	0	0.0000	0	-1.207	-37.412	35.373	-1.45	1.48	-1.86	49.990	-0.019	0.032
68766	0	0.0000	0	-1.210	-37.406	35.364	-0.77	1.36	-2.33	54.032	-0.026	0.058
68773	0	0.0000	0	-1.209	-37.398	35.357	-0.79	1.40	-2.55	54.800	-0.025	0.070
68780	0	0.0000	0	-1.211	-37.391	35.349	-0.99	1.50	-2.45	51.460	-0.035	0.076
68787	0	0.0000	0	-1.219	-37.387	35.338	-0.85	1.23	-2.64	50.318	-0.025	0.067
68794	0	0.0000	0	-1.229	-37.383	35.325	-1.26	1.69	-2.27	53.372	-0.007	0.044
68801	0	0.0000	0	-1.242	-37.379	35.310	-1.86	1.96	-2.26	54.328	0.000	0.030
68808	0	0.0000	0	-1.256	-37.377	35.296	-2.03	1.97	-1.99	50.663	0.023	-0.004
68815	0	0.0000	0	-1.267	-37.375	35.283	-1.92	2.07	-1.89	48.508	0.026	-0.028
68822	0	0.0000	0	-1.274	-37.370	35.273	-2.03	2.05	-1.65	51.540	0.021	-0.034
68829	0	0.0000	0	-1.275	-37.364	35.267	-1.27	2.06	-1.47	54.580	0.037	-0.040
68836	0	0.0000	0	-1.275	-37.357	35.260	-0.67	1.63	-1.64	52.507	0.045	-0.055
68843	0	0.0000	0	-1.278	-37.354	35.254	-0.59	1.40	-1.70	49.174	0.034	-0.046
68850	0	0.0000	0	-1.281	-37.351	35.248	-0.52	1.43	-1.58	50.151	0.013	-0.034
68857	0	0.0000	0	-1.285	-37.349	35.242	-0.23	1.23	-1.26	53.254	-0.010	-0.042
68864	0	0.0000	0	-1.293	-37.349	35.236	-0.80	1.46	-1.12	52.524	-0.023	-0.022
68871	0	0.0000	0	-1.298	-37.348	35.231	-1.38	1.35	-0.54	48.908	-0.026	-0.012
68878	0	0.0000	0	-1.311	-37.353	35.224	-1.55	1.22	-0.14	48.608	-0.027	-0.011
68885	0	0.0000	0	-1.315	-37.350	35.218	-1.93	1.32	0.04	52.235	-0.030	0.008
68892	0	0.0000	0	-1.314	-37.347	35.215	-2.06	1.16	0.22	54.298	-0.021	0.021
68899	0	0.0000	0	-1.312	-37.340	35.210	-1.58	0.82	-0.12	51.543	0.002	0.046
68906	0	0.0000	0	-1.304	-37.329	35.206	-1.22	0.71	-0.49	49.286	-0.002	0.056
68913	0	0.0000	0	-1.303	-37.320	35.198	-1.51	0.97	-1.19	51.355	0.007	0.080
68921	0	0.0000	0	-1.312	-37.315	35.185	-1.34	1.42	-1.60	53.788	0.002	0.079
68928	0	0.0000	0	-1.334	-37.316	35.168	-1.46	2.01	-1.96	51.292	0.009	0.071
68935	0	0.0000	0	-1.358	-37.322	35.152	-1.91	2.36	-1.87	47.793	0.011	0.028
68942	0	0.0000	0	-1.390	-37.334	35.136	-2.27	2.55	-1.59	49.315	0.007	-0.020
68949	0	0.0000	0	-1.414	-37.346	35.126	-2.28	2.51	-1.11	53.160	0.009	-0.043
68956	0	0.0000	0	-1.434	-37.358	35.121	-2.20	2.52	-1.10	52.985	0.033	-0.065
68963	0	0.0000	0	-1.449	-37.370	35.119	-2.02	2.21	-0.87	49.329	0.036	-0.092
68970	0	0.0000	0	-1.459	-37.378	35.118	-1.18	1.50	-0.89	48.288	0.019	-0.096
68977	0	0.0000	0	-1.460	-37.379	35.118	-0.90	1.20	-0.76	51.245	0.016	-0.084
68984	0	0.0000	0	-1.461	-37.379	35.117	-0.54	0.83	-0.44	52.650	0.006	-0.080
68991	0	0.0000	0	-1.464	-37.376	35.112	-0.21	0.61	-0.75	49.633	-0.025	-0.040
68998	0	0.0000	0	-1.464	-37.368	35.104	-0.10	0.54	-0.90	47.362	-0.023	0.000
69005	0	0.0000	0	-1.468	-37.361	35.093	-0.41	0.84	-0.78	49.355	-0.043	0.020
69012	0	0.0000	0	-1.480	-37.357	35.078	-0.59	0.92	-1.22	52.997	-0.053	0.049
69019	0	0.0000	0	-1.490	-37.348	35.062	-0.86	1.33	-1.25	52.550	-0.056	0.074
69026	0	0.0000	0	-1.497	-37.340	35.047	-1.20	1.46	-1.47	49.282	-0.047	0.078
69033	0	0.0000	0	-1.499	-37.333	35.039	-1.16	1.57	-1.19	48.891	-0.031	0.084
69040	0	0.0000	0	-1.505	-37.329	35.030	-1.21	1.35	-1.24	52.037	0.007	0.073
69047	0	0.0000	0	-1.502	-37.323	35.026	-0.98	0.83	-1.16	52.457	0.038	0.052
69054	0	0.0000	0	-1.502	-37.320	35.024	-0.84	0.29	-1.08	48.889	0.062	0.032
69061	0	0.0000	0	-1.503	-37.318	35.020	0.08	0.18	-0.94	46.862	0.070	0.009
69068	0	0.0000	0	-1.510	-37.320	35.016	0.12	-0.25	-0.86	49.534	0.063	-0.026
69075	0	0.0000	0	-1.515	-37.321	35.012	0.19	-0.10	-0.87	52.711	0.050	-0.045
69082	0	0.0000	0	-1.532	-37.327	35.004	0.25	0.23	-0.63	51.284	0.034	-0.068
69089	0	0.0000	0	-1.545	-37.333	34.998	-0.12	0.34	-0.26	47.862	0.014	-0.085
69096	0	0.0000	0	-1.552	-37.338	34.997	-0.07	0.31	-0.29	47.778	-0.010	-0.080
69103	0	0.0000	0	-1.556	-37.341	34.997	-0.08	0.07	0.08	50.812	-0.018	-0.073
69110	0	0.0000	0	-1.547	-37.339	35.002	0.22	-0.27	0.43	51.521	-0.025	-0.053
69117	0	0.0000	0	-1.536	-37.338	35.011	0.52	-0.66	0.21	48.427	-0.045	-0.017
69124	0	0.0000	0	-1.519	-37.332	35.020	0.82	-0.90	0.14	46.521	-0.044	0.019
69131	0	0.0000	0	-1.505	-37.328	35.029	0.90	-1.39	0.34	48.766	-0.051	0.043
69138	0	0.0000	0	-1.483	-37.318	35.038	0.71	-1.38	0.10	52.185	-0.043	0.074
69145	0	0.0000	0	-1.473	-37.311	35.041	0.91	-1.32	0.15	51.545	-0.029	0.091
69152	0	0.0000	0	-1.467	-37.306	35.041	0.25	-0.50	0.10	48.347	-0.042	0.087
69159	0	0.0000	0	-1.464	-37.301	35.039	-0.25	0.07	-0.28	48.033	-0.040	0.070
69166	0	0.0000	0	-1.469	-37.301	35.035	-0.75	0.40	-0.12	50.945	-0.037	0.064
69173	0	0.0000	0	-1.473	-37.303	35.032	-0.96	0.74	-0.13	51.709	0.003	0.043
69180	0	0.0000	0	-1.476	-37.306	35.034	-1.23	0.85	-0.19	48.268	0.020	0.009
69187	0	0.0000	0	-1.478	-37.311	35.036	-0.47	0.57	-0.03	46.037	0.043	-0.021
69194	0	0.0000	0	-1.473	-37.314	35.043	-0.17	0.29	-0.05	48.512	0.054	-0.043
69201	0	0.0000	0	-1.473	-37.321	35.050	0.47	0.22	-0.20	51.733	0.074	-0.074
69208	0	0.0000	0	-1.470	-37.325	35.056	0.59	0.18	-0.07	50.665	0.062	-0.085
69215	0	0.0000	0	-1.473	-37.332	35.061	0.46	0.43	0.02	47.228	0.043	-0.069
69222	0	0.0000	0	-1.479	-37.341	35.064	0.55	0.47	0.32	46.734	0.011	-0.086
69229	0	0.0000	0	-1.483	-37.346	35.065	0.13	0.60	0.71	49.537	-0.006	-0.064
69236	0	0.0000	0	-1.487	-37.349	35.066	-0.17	0.75	0.86	50.865	-0.014	-0.038
69243	0	0.0000	0	-1.487	-37.349	35.065	-0.22	0.87	0.47	48.187	-0.037	-0.005
69250	0	0.0000	0	-1.480	-37.343	35.065	-0.08	1.32	0.31	45.797	-0.042	0.030
69257	0	0.0000	0	-1.471	-37.335	35.066	-0.07	1.53	-0.34	47.150	-0.055	0.056
69264	0	0.0000	0	-1.461	-37.326	35.066	0.41	1.36	-0.86	50.755	-0.049	0.082
69271	0	0.0000	0	-1.458	-37.318	35.060	0.24	1.84	-0.64	51.218	-0.044	0.085
69278	0	0.0000	0	-1.457	-37.310	35.054	0.17	1.86	-0.80	48.203	-0.025	0.077
69285	0	0.0000	0	-1.462	-37.307	35.047	0.04	2.27	-0.56	46.794	-0.022	0.053
69292	0	0.0000	0	-1.477	-37.309	35.034	-0.72	2.81	-0.54	49.119	-0.011	0.029
69299	0	0.0000	0	-1.486	-37.309	35.027	-0.68	2.83	-0.61	51.068	0.013	0.023
69306	0	0.0000	0	-1.501	-37.311	35.016	-1.05	3.21	-0.40	48.711	0.035	-0.008
69313	0	0.0000	0	-1.512	-37.311	35.006	-1.10	3.30	-0.13	45.504	0.052	-0.026
69320	0	0.0000	0	-1.519	-37.310	34.999	-0.99	3.28	0.10	46.134	0.039	-0.032
69327	0	0.0000	0	-1.521	-37.308	34.995	-0.37	3.20	-0.23	49.662	0.041	-0.062
69334	0	0.0000	0	-1.525	-37.307	34.991	-0.07	2.99	-0.01	50.824	0.039	-0.049
69341	0	0.0000	0	-1.530	-37.309	34.988	0.13	2.65	-0.17	47.867	0.039	-0.062
69348	0	0.0000	0	-1.538	-37.309	34.981	0.37	2.85	0.12	45.589	0.019	-0.048
69355	0	0.0000	0	-1.551	-37.309	34.970	0.09	3.07	0.08	47.059	-0.007	-0.051
69362	0	0.0000	0	-1.561	-37.308	34.960	0.09	3.29	-0.14	49.728	-0.028	-0.022
69369	0	0.0000	0	-1.573	-37.309	34.950	-0.22	3.70	0.18	49.157	-0.051	0.008
69375	0	0.0000	0	-1.579	-37.305	34.942	-0.55	4.15	-0.05	45.935	-0.056	0.031
69383	0	0.0000	0	-1.586	-37.302	34.933	-0.66	4.63	0.00	44.981	-0.056	0.047
69390	0	0.0000	0	-1.589	-37.298	34.925	-0.34	5.01	-0.48	47.728	-0.048	0.077
69397	0	0.0000	0	-1.589	-37.290	34.918	-0.54	5.26	-0.84	50.568	-0.039	0.066
69404	0	0.0000	0	-1.593	-37.284	34.909	-0.12	5.78	-1.26	49.370	-0.031	0.071
69411	0	0.0000	0	-1.592	-37.276	34.902	-0.23	6.45	-1.71	46.421	-0.010	0.059
69417	0	0.0000	0	-1.595	-37.269	34.892	0.34	7.37	-2.25	46.346	-0.008	0.034
69424	0	0.0000	0	-1.615	-37.269	34.875	0.23	7.78	-2.88	49.109	0.004	0.011
69431	0	0.0000	0	-1.636	-37.270	34.857	0.32	8.97	-2.98	49.896	0.008	-0.005
69438	0	0.0000	0	-1.656	-37.269	34.838	0.58	9.87	-3.20	46.917	0.025	-0.038
69445	0	0.0000	0	-1.680	-37.271	34.820	0.44	10.51	-3.07	44.327	0.046	-0.076
69452	0	0.0000	0	-1.705	-37.272	34.798	0.25	10.93	-2.98	45.947	0.055	-0.078
69460	0	0.0000	0	-1.727	-37.268	34.775	0.88	11.54	-3.06	49.561	0.045	-0.091
69467	0	0.0000	0	-1.741	-37.258	34.752	1.40	12.23	-3.31	49.386	0.048	-0.091
69474	0	0.0000	0	-1.742	-37.236	34.731	2.40	12.43	-3.46	46.161	0.039	-0.060
69481	0	0.0000	0	-1.747	-37.213	34.704	3.12	13.35	-3.83	44.662	0.032	-0.037
69488	0	0.0000	0	-1.752	-37.189	34.676	3.24	13.43	-3.83	46.671	0.002	-0.022
69495	0	0.0000	0	-1.757	-37.159	34.642	3.92	14.32	-3.81	48.935	-0.005	0.009
69502	0	0.0000	0	-1.764	-37.128	34.606	4.15	15.10	-3.97	47.745	-0.011	0.045
69509	0	0.0000	0	-1.774	-37.094	34.564	4.03	16.06	-3.97	44.658	-0.048	0.063
69516	0	0.0000	0	-1.783	-37.056	34.519	4.36	16.71	-3.67	44.222	-0.049	0.055
69523	0	0.0000	0	-1.798	-37.020	34.470	4.41	17.56	-3.51	47.361	-0.042	0.062
69530	0	0.0000	0	-1.803	-36.980	34.428	4.36	18.04	-3.20	49.643	-0.045	0.077
69537	0	0.0000	0	-1.806	-36.939	34.386	4.63	18.97	-3.14	47.977	-0.043	0.035
69544	0	0.0000	0	-1.803	-36.897	34.347	5.01	19.59	-2.87	45.273	-0.030	0.036
69551	0	0.0000	0	-1.798	-36.854	34.309	5.25	20.36	-2.71	45.563	0.006	0.004
69558	0	0.0000	0	-1.795	-36.814	34.273	5.67	20.45	-2.70	48.261	0.027	-0.015
69565	0	0.0000	0	-1.794	-36.776	34.237	6.15	21.05	-2.19	48.794	0.042	-0.037
69572	0	0.0000	0	-1.793	-36.738	34.201	6.55	21.46	-1.51	45.811	0.056	-0.060
69580	0	0.0000	0	-1.795	-36.697	34.159	6.90	22.05	-0.66	43.363	0.062	-0.077
69587	0	0.0000	0	-1.794	-36.656	34.120	6.94	22.94	-0.12	45.115	0.051	-0.076
69594	0	0.0000	0	-1.805	-36.621	34.076	7.33	23.24	0.36	48.415	0.046	-0.090
69601	0	0.0000	0	-1.817	-36.582	34.028	7.26	24.11	1.14	48.491	0.017	-0.069
69607	0	0.0000	0	-1.827	-36.541	33.979	7.65	24.92	1.43	45.468	-0.012	-0.036
69614	0	0.0000	0	-1.829	-36.495	33.933	8.19	25.64	2.06	43.702	-0.020	-0.028
69621	0	0.0000	0	-1.826	-36.445	33.886	8.35	26.12	2.80	45.337	-0.031	0.014
69628	0	0.0000	0	-1.821	-36.393	33.840	8.65	26.43	2.93	47.761	-0.043	0.024
69635	0	0.0000	0	-1.820	-36.342	33.791	9.04	26.80	4.08	47.191	-0.018	0.036
69642	0	0.0000	0	-1.826	-36.295	33.740	9.08	27.37	4.64	44.262	-0.021	0.031
69649	0	0.0000	0	-1.832	-36.245	33.686	9.37	27.79	5.40	43.043	-0.010	0.037
69656	0	0.0000	0	-1.841	-36.196	33.631	9.36	28.08	6.29	45.259	-0.006	0.035
69663	0	0.0000	0	-1.844	-36.145	33.578	9.29	28.45	7.26	48.254	-0.003	0.022
69670	0	0.0000	0	-1.858	-36.097	33.519	9.41	28.68	8.17	47.921	0.011	0.004
69677	0	0.0000	0	-1.864	-36.047	33.465	9.68	28.96	9.31	45.112	0.019	0.009
69684	0	0.0000	0	-1.879	-36.002	33.408	10.06	29.04	9.39	44.003	0.023	-0.007
69691	0	0.0000	0	-1.897	-35.958	33.349	10.23	29.35	9.86	46.106	0.021	0.005
69698	0	0.0000	0	-1.915	-35.916	33.293	10.65	29.60	10.46	48.017	0.009	-0.011
69705	0	0.0000	0	-1.940	-35.880	33.236	10.84	30.05	10.98	46.418	-0.003	-0.025
69712	0	0.0000	0	-1.971	-35.850	33.179	10.83	30.03	11.74	43.268	0.002	-0.008
69719	0	0.0000	0	-1.992	-35.819	33.130	10.68	29.89	12.03	42.739	0.002	-0.012
69726	0	0.0000	0	-2.023	-35.795	33.080	11.01	29.55	12.90	45.593	-0.012	0.006
69733	0	0.0000	0	-2.051	-35.774	33.035	11.64	28.68	13.67	47.907	-0.009	-0.002
69740	0	0.0000	0	-2.076	-35.751	32.991	12.11	27.64	14.01	46.502	0.008	0.004
69747	0	0.0000	0	-2.097	-35.725	32.946	12.27	27.34	14.48	43.538	0.010	0.022
69754	0	0.0000	0	-2.111	-35.697	32.907	12.74	26.74	14.40	43.003	0.021	0.028
69761	0	0.0000	0	-2.132	-35.666	32.859	12.78	26.52	14.26	45.346	0.023	0.051
69768	0	0.0000	0	-2.156	-35.637	32.809	12.39	26.81	13.94	46.997	-0.006	0.044
69776	0	0.0000	0	-2.180	-35.607	32.758	11.73	26.91	13.86	45.255	0.001	0.046
69783	0	0.0000	0	-2.197	-35.577	32.713	11.42	27.12	13.64	42.478	-0.002	0.046
69790	0	0.0000	0	-2.210	-35.550	32.677	11.31	26.77	13.46	42.433	-0.010	0.016
69797	0	0.0000	0	-2.220	-35.524	32.643	11.24	26.44	13.65	45.275	-0.004	0.012
69804	0	0.0000	0	-2.223	-35.499	32.616	11.16	25.54	13.79	47.587	0.004	-0.012
69811	0	0.0000	0	-2.220	-35.473	32.593	11.13	24.79	13.73	46.374	0.008	-0.028
69818	0	0.0000	0	-2.217	-35.447	32.571	11.06	24.46	13.92	43.614	0.021	-0.045
69825	0	0.0000	0	-2.218	-35.423	32.546	10.92	23.65	13.70	43.343	0.017	-0.068
69832	0	0.0000	0	-2.230	-35.401	32.514	10.70	23.11	13.94	45.729	0.017	-0.047
69839	0	0.0000	0	-2.243	-35.378	32.480	10.32	22.88	13.28	47.043	0.002	-0.023
69846	0	0.0000	0	-2.263	-35.357	32.443	9.61	22.61	12.57	44.822	-0.001	-0.003
69853	0	0.0000	0	-2.288	-35.336	32.400	9.07	22.95	12.66	42.012	-0.013	0.013
69860	0	0.0000	0	-2.321	-35.323	32.358	8.45	22.63	12.33	42.161	-0.010	0.045
69867	0	0.0000	0	-2.354	-35.314	32.320	7.68	21.79	11.93	45.156	-0.023	0.032
69874	0	0.0000	0	-2.382	-35.306	32.287	7.10	21.43	12.34	47.086	0.011	0.040
69881	0	0.0000	0	-2.405	-35.299	32.260	7.09	20.31	12.09	45.282	0.006	0.040
69888	0	0.0000	0	-2.419	-35.290	32.239	6.92	19.62	12.00	42.507	0.025	0.045
69895	0	0.0000	0	-2.433	-35.281	32.218	7.07	18.80	11.62	42.255	0.029	0.032
69902	0	0.0000	0	-2.444	-35.269	32.197	7.24	17.78	11.20	44.578	0.020	0.019
69909	0	0.0000	0	-2.462	-35.257	32.170	6.86	17.26	10.94	46.132	0.009	0.005
69916	0	0.0000	0	-2.475	-35.244	32.145	7.16	16.64	10.83	44.486	-0.006	-0.008
69923	0	0.0000	0	-2.499	-35.232	32.113	6.43	16.34	10.27	41.799	-0.010	-0.025
69930	0	0.0000	0	-2.527	-35.221	32.078	6.06	15.78	9.20	41.505	-0.040	-0.035
69937	0	0.0000	0	-2.553	-35.208	32.041	5.59	15.99	8.19	44.053	-0.052	-0.033
69944	0	0.0000	0	-2.573	-35.191	32.007	5.22	15.87	7.73	46.594	-0.064	-0.021
69951	0	0.0000	0	-2.594	-35.178	31.976	4.70	15.20	7.23	45.845	-0.043	-0.026
69958	0	0.0000	0	-2.619	-35.173	31.950	4.44	14.40	6.60	43.195	-0.017	-0.013
69965	0	0.0000	0	-2.633	-35.166	31.930	3.91	13.32	5.87	42.301	0.010	-0.016
69972	0	0.0000	0	-2.648	-35.162	31.913	3.69	12.13	5.28	44.281	0.027	-0.002
69979	0	0.0000	0	-2.662	-35.158	31.897	3.76	11.04	4.72	46.165	0.053	0.019
69986	0	0.0000	0	-2.682	-35.156	31.878	3.55	9.98	4.18	44.817	0.071	0.037
69993	0	0.0000	0	-2.711	-35.157	31.853	2.53	9.20	3.66	41.838	0.061	0.037
70000	0	0.0000	0	-2.732	-35.155	31.832	2.14	8.44	2.90	40.897	0.045	0.042
70007	0	0.0000	0	-2.750	-35.150	31.812	1.12	7.86	2.49	43.386	0.027	0.059
70014	0	0.0000	0	-2.774	-35.147	31.788	0.76	7.40	1.94	45.969	0.016	0.037
70021	0	0.0000	0	-2.789	-35.139	31.766	0.37	6.64	1.18	45.397	0.005	0.031
70028	0	0.0000	0	-2.786	-35.122	31.753	0.56	5.75	0.20	42.556	-0.017	0.023
70035	0	0.0000	0	-2.790	-35.110	31.737	0.30	4.82	-0.73	41.127	-0.038	0.018
70042	0	0.0000	0	-2.791	-35.099	31.726	0.16	4.39	-1.33	42.664	-0.046	-0.007
70049	0	0.0000	0	-2.790	-35.088	31.716	-0.24	3.80	-2.44	44.920	-0.062	-0.027
70056	0	0.0000	0	-2.795	-35.080	31.705	-0.93	3.23	-3.09	44.777	-0.067	-0.036
70063	0	0.0000	0	-2.805	-35.075	31.691	-2.09	2.81	-3.51	42.209	-0.071	-0.056
70070	0	0.0000	0	-2.819	-35.073	31.677	-3.10	2.88	-3.95	40.569	-0.046	-0.057
70077	0	0.0000	0	-2.823	-35.068	31.668	-3.77	1.88	-4.60	41.739	-0.024	-0.063
70084	0	0.0000	0	-2.830	-35.064	31.657	-4.17	1.31	-5.43	44.690	0.000	-0.048
70091	0	0.0000	0	-2.840	-35.059	31.644	-4.67	0.50	-6.67	45.845	0.030	-0.020
70098	0	0.0000	0	-2.848	-35.054	31.632	-4.67	-0.27	-7.69	43.842	0.055	-0.000
70105	0	0.0000	0	-2.862	-35.048	31.614	-4.93	-0.52	-8.55	41.663	0.074	0.034
70112	0	0.0000	0	-2.888	-35.049	31.592	-5.22	-1.07	-9.62	42.088	0.072	0.063
70119	0	0.0000	0	-2.915	-35.049	31.569	-5.99	-1.69	-10.24	44.459	0.063	0.034
70126	0	0.0000	0	-2.948	-35.051	31.541	-6.81	-1.70	-10.68	45.295	0.059	0.054
70133	0	0.0000	0	-2.987	-35.056	31.512	-7.25	-1.69	-11.10	43.081	0.035	0.043
70140	0	0.0000	0	-3.016	-35.057	31.488	-7.88	-1.96	-11.36	40.457	-0.002	0.032
70147	0	0.0000	0	-3.036	-35.054	31.466	-7.94	-2.83	-11.80	40.549	-0.028	0.015
70154	0	0.0000	0	-3.058	-35.050	31.443	-7.91	-3.19	-12.42	43.294	-0.022	-0.022
70161	0	0.0000	0	-3.069	-35.040	31.424	-7.51	-3.94	-12.82	45.315	-0.053	-0.022
70168	0	0.0000	0	-3.072	-35.026	31.408	-7.45	-4.09	-13.14	44.088	-0.041	-0.040
70175	0	0.0000	0	-3.089	-35.016	31.383	-7.52	-4.32	-13.80	41.303	-0.064	-0.041
70182	0	0.0000	0	-3.093	-34.999	31.363	-7.55	-4.72	-14.21	40.392	-0.063	-0.044
70189	0	0.0000	0	-3.102	-34.982	31.338	-8.06	-4.33	-14.42	42.245	-0.045	-0.041
70196	0	0.0000	0	-3.120	-34.971	31.311	-8.43	-4.19	-14.71	44.270	-0.018	-0.035
70203	0	0.0000	0	-3.131	-34.955	31.287	-8.99	-4.05	-14.92	43.588	0.011	-0.058
70210	0	0.0000	0	-3.141	-34.942	31.265	-9.12	-4.81	-14.56	40.986	0.027	-0.043
70217	0	0.0000	0	-3.156	-34.933	31.244	-9.08	-5.50	-14.55	39.738	0.045	-0.030
70224	0	0.0000	0	-3.163	-34.921	31.225	-8.96	-5.78	-14.49	41.201	0.079	-0.020
70231	0	0.0000	0	-3.174	-34.910	31.205	-8.68	-6.24	-14.52	44.067	0.077	-0.004
70238	0	0.0000	0	-3.188	-34.897	31.181	-8.94	-6.47	-14.66	44.898	0.049	0.009
70245	0	0.0000	0	-3.196	-34.881	31.157	-9.27	-6.02	-14.57	42.780	0.016	0.022
70252	0	0.0000	0	-3.219	-34.871	31.127	-10.03	-5.76	-13.96	40.754	-0.016	0.026
70259	0	0.0000	0	-3.238	-34.862	31.102	-10.46	-5.61	-13.47	41.279	-0.041	0.033
70266	0	0.0000	0	-3.253	-34.852	31.079	-10.84	-5.45	-13.05	43.638	-0.037	0.027
70273	0	0.0000	0	-3.271	-34.845	31.056	-10.83	-5.85	-12.33	44.330	-0.050	0.028
70280	0	0.0000	0	-3.270	-34.834	31.046	-10.53	-6.35	-11.71	42.066	-0.044	0.010
70287	0	0.0000	0	-3.276	-34.826	31.033	-10.05	-6.64	-11.05	39.550	-0.033	0.005
70294	0	0.0000	0	-3.284	-34.819	31.019	-9.54	-6.92	-10.65	39.588	-0.030	-0.007
70301	0	0.0000	0	-3.295	-34.810	31.001	-9.36	-6.96	-10.26	42.183	-0.011	-0.018
70309	0	0.0000	0	-3.324	-34.812	30.978	-9.51	-7.23	-9.84	44.275	-0.005	-0.026
70316	0	0.0000	0	-3.347	-34.813	30.958	-9.31	-7.43	-9.09	43.193	0.021	-0.045
70323	0	0.0000	0	-3.383	-34.820	30.933	-9.54	-7.36	-8.42	40.473	0.034	-0.043
70330	0	0.0000	0	-3.416	-34.828	30.912	-9.08	-7.61	-7.99	39.414	0.046	-0.054
70337	0	0.0000	0	-3.456	-34.838	30.887	-8.65	-7.60	-7.89	40.976	0.035	-0.040
70344	0	0.0000	0	-3.492	-34.848	30.864	-8.47	-7.77	-7.80	43.045	0.023	-0.028
70351	0	0.0000	0	-3.522	-34.857	30.847	-8.34	-7.58	-7.27	42.994	0.019	-0.016
70358	0	0.0000	0	-3.553	-34.871	30.833	-7.77	-7.69	-6.78	40.644	0.007	-0.002
70365	0	0.0000	0	-3.575	-34.886	30.828	-7.21	-8.39	-6.44	38.835	-0.007	0.011
70372	0	0.0000	0	-3.600	-34.905	30.824	-6.81	-8.52	-5.97	39.600	-0.003	0.016
70379	0	0.0000	0	-3.612	-34.919	30.829	-5.94	-9.55	-5.28	42.250	0.003	0.034
70386	0	0.0000	0	-3.626	-34.937	30.833	-5.53	-10.54	-4.37	43.866	-0.014	0.023
70393	0	0.0000	0	-3.636	-34.954	30.841	-4.80	-10.89	-3.60	42.570	-0.018	0.031
70400	0	0.0000	0	-3.649	-34.970	30.846	-4.64	-11.20	-3.13	40.213	-0.018	0.024
70407	0	0.0000	0	-3.664	-34.986	30.848	-4.59	-11.32	-2.74	39.619	-0.031	0.019
70414	0	0.0000	0	-3.675	-35.001	30.852	-4.69	-10.94	-2.28	41.457	-0.034	0.023
70421	0	0.0000	0	-3.682	-35.013	30.858	-4.33	-10.82	-1.81	43.203	-0.032	0.004
70428	0	0.0000	0	-3.682	-35.024	30.869	-3.69	-11.14	-1.71	42.302	-0.038	0.006
70435	0	0.0000	0	-3.674	-35.036	30.888	-3.49	-11.67	-1.38	39.608	-0.015	-0.008
70442	0	0.0000	0	-3.660	-35.050	30.914	-2.32	-12.29	-0.97	38.061	0.016	-0.012
70449	0	0.0000	0	-3.652	-35.075	30.945	-1.80	-12.72	-0.54	39.530	0.031	-0.007
70456	0	0.0000	0	-3.641	-35.099	30.978	-1.14	-13.37	-0.23	42.138	0.041	-0.020
70463	0	0.0000	0	-3.637	-35.129	31.011	-0.88	-13.50	0.59	43.035	0.052	-0.035
70470	0	0.0000	0	-3.632	-35.161	31.046	-0.72	-14.20	1.45	41.126	0.041	-0.031
70477	0	0.0000	0	-3.630	-35.197	31.082	-0.67	-14.54	2.05	38.779	0.029	-0.034
70484	0	0.0000	0	-3.619	-35.227	31.122	-0.41	-15.02	2.60	38.523	0.015	-0.017
70491	0	0.0000	0	-3.609	-35.258	31.160	-0.15	-15.48	3.00	40.421	-0.000	0.015
70498	0	0.0000	0	-3.591	-35.285	31.203	0.24	-15.75	2.99	42.136	-0.016	0.011
70505	0	0.0000	0	-3.569	-35.312	31.249	0.61	-15.87	2.96	41.341	-0.049	0.028
70512	0	0.0000	0	-3.539	-35.335	31.297	0.79	-16.00	3.00	38.928	-0.036	0.037
70519	0	0.0000	0	-3.509	-35.362	31.351	1.20	-16.13	3.04	37.673	-0.049	0.033
70526	0	0.0000	0	-3.475	-35.390	31.408	1.33	-16.14	3.46	38.704	-0.042	0.026
70533	0	0.0000	0	-3.436	-35.419	31.470	1.40	-16.66	3.38	41.236	-0.034	0.032
70541	0	0.0000	0	-3.402	-35.456	31.536	1.44	-16.89	3.67	42.654	-0.030	0.031
70548	0	0.0000	0	-3.365	-35.490	31.602	1.57	-17.19	3.63	41.255	0.012	0.027
70555	0	0.0000	0	-3.330	-35.528	31.669	1.62	-17.30	3.69	38.991	0.034	0.014
70562	0	0.0000	0	-3.294	-35.563	31.735	1.56	-17.39	3.52	38.565	0.018	0.028
70569	0	0.0000	0	-3.263	-35.603	31.801	1.53	-17.56	3.19	40.353	0.021	0.011
70576	0	0.0000	0	-3.229	-35.637	31.864	1.77	-17.38	3.19	41.994	0.032	-0.008
70583	0	0.0000	0	-3.197	-35.674	31.929	1.68	-17.33	2.81	41.302	0.012	-0.008
70590	0	0.0000	0	-3.164	-35.709	31.992	1.80	-17.18	2.44	38.786	0.004	-0.014
70597	0	0.0000	0	-3.127	-35.745	32.059	1.95	-17.61	2.29	37.024	-0.012	-0.007
70604	0	0.0000	0	-3.094	-35.781	32.123	2.06	-17.55	2.44	38.016	-0.012	-0.028
70611	0	0.0000	0	-3.058	-35.817	32.190	2.21	-17.58	2.32	40.562	-0.012	-0.007
70618	0	0.0000	0	-3.020	-35.851	32.257	1.83	-17.44	2.03	41.948	-0.011	-0.026
70625	0	0.0000	0	-2.980	-35.881	32.321	1.68	-17.46	2.19	40.524	-0.016	-0.009
70632	0	0.0000	0	-2.938	-35.905	32.382	1.25	-16.95	2.01	38.119	-0.030	-0.013
70639	0	0.0000	0	-2.892	-35.926	32.443	0.93	-16.85	2.02	37.307	-0.008	0.011
70646	0	0.0000	0	-2.844	-35.947	32.506	0.96	-16.30	1.97	38.720	-0.021	0.017
70653	0	0.0000	0	-2.788	-35.963	32.569	1.04	-16.10	1.48	40.606	-0.019	0.020
70660	0	0.0000	0	-2.732	-35.978	32.634	0.85	-15.57	1.15	40.869	-0.024	0.020
70667	0	0.0000	0	-2.678	-35.995	32.698	1.16	-15.20	1.09	38.891	-0.017	0.021
70674	0	0.0000	0	-2.626	-36.013	32.761	1.17	-14.81	0.71	36.904	-0.004	0.023
70681	0	0.0000	0	-2.578	-36.033	32.823	0.99	-14.15	0.43	36.937	-0.002	0.018
70688	0	0.0000	0	-2.536	-36.059	32.886	0.59	-13.48	0.16	39.048	-0.001	0.009
70695	0	0.0000	0	-2.504	-36.086	32.940	0.47	-12.64	-0.03	41.242	-0.006	-0.008
70702	0	0.0000	0	-2.474	-36.114	32.993	-0.01	-11.69	-0.29	41.220	-0.001	-0.009
70709	0	0.0000	0	-2.447	-36.140	33.043	-0.07	-11.02	-0.48	39.157	-0.005	-0.014
70717	0	0.0000	0	-2.420	-36.167	33.093	0.28	-10.34	-1.08	37.489	-0.006	-0.006
70724	0	0.0000	0	-2.397	-36.190	33.135	0.24	-9.82	-1.67	38.033	-0.004	-0.008
70730	0	0.0000	0	-2.377	-36.212	33.174	0.41	-9.41	-2.04	40.016	0.018	-0.006
70737	0	0.0000	0	-2.357	-36.230	33.210	0.75	-9.12	-2.25	40.977	0.018	0.011
70745	0	0.0000	0	-2.341	-36.247	33.240	0.87	-8.64	-2.63	39.452	0.019	-0.002
70752	0	0.0000	0	-2.335	-36.260	33.258	0.81	-7.67	-3.13	37.034	0.008	-0.002
70759	0	0.0000	0	-2.320	-36.264	33.275	0.58	-6.52	-3.53	36.056	-0.004	-0.004
70766	0	0.0000	0	-2.305	-36.264	33.288	0.16	-5.18	-3.91	37.539	-0.009	-0.004
70773	0	0.0000	0	-2.290	-36.263	33.301	0.07	-4.52	-3.85	39.950	-0.020	0.002
70780	0	0.0000	0	-2.267	-36.258	33.317	0.21	-3.66	-3.69	40.859	-0.009	-0.008
70787	0	0.0000	0	-2.226	-36.246	33.341	0.34	-3.33	-3.62	39.259	0.007	-0.009
70793	0	0.0000	0	-2.183	-36.231	33.364	0.59	-3.00	-3.46	37.000	0.021	-0.018
70800	0	0.0000	0	-2.137	-36.216	33.389	1.11	-2.91	-3.11	36.287	0.022	-0.025
70807	0	0.0000	0	-2.090	-36.197	33.412	1.55	-2.51	-2.79	37.630	0.030	-0.029
70814	0	0.0000	0	-2.045	-36.176	33.431	1.85	-2.03	-2.40	39.501	0.024	-0.039
70821	0	0.0000	0	-2.011	-36.157	33.443	1.65	-1.10	-2.08	39.821	0.014	-0.033
70828	0	0.0000	0	-1.985	-36.140	33.449	1.76	-0.04	-1.88	38.043	-0.016	-0.049
70835	0	0.0000	0	-1.967	-36.124	33.450	1.21	0.83	-1.45	36.036	-0.014	-0.038
70842	0	0.0000	0	-1.956	-36.112	33.448	0.81	1.53	-1.01	35.737	-0.039	-0.018
70849	0	0.0000	0	-1.947	-36.099	33.443	0.47	2.37	-1.20	37.440	-0.036	-0.005
70856	0	0.0000	0	-1.941	-36.091	33.440	0.68	3.13	-0.79	39.730	-0.032	0.008
70863	0	0.0000	0	-1.937	-36.083	33.436	0.77	3.31	-0.95	40.338	-0.023	0.028
70870	0	0.0000	0	-1.934	-36.077	33.433	1.47	3.49	-0.77	38.744	-0.018	0.032
70877	0	0.0000	0	-1.933	-36.072	33.429	1.81	3.73	-0.62	36.798	-0.000	0.036
70884	0	0.0000	0	-1.937	-36.068	33.422	1.88	3.88	-0.20	36.458	0.008	0.030
70891	0	0.0000	0	-1.943	-36.064	33.412	2.09	4.10	0.01	38.042	0.011	0.025
70898	0	0.0000	0	-1.951	-36.059	33.400	2.13	4.63	-0.14	39.629	0.018	0.025
70905	0	0.0000	0	-1.965	-36.054	33.383	2.08	5.03	-0.18	39.365	0.015	0.014
70912	0	0.0000	0	-1.978	-36.049	33.366	2.47	5.46	-0.26	37.198	0.007	-0.003
70919	0	0.0000	0	-1.986	-36.039	33.351	2.80	5.81	-0.09	35.281	0.005	0.013
70926	0	0.0000	0	-1.992	-36.029	33.335	2.97	6.00	-0.24	35.334	0.008	-0.011
70933	0	0.0000	0	-1.993	-36.015	33.321	3.27	6.01	0.19	37.323	0.002	-0.007
70940	0	0.0000	0	-1.992	-36.000	33.307	3.89	6.05	0.06	39.364	0.004	-0.023
70947	0	0.0000	0	-1.985	-35.983	33.296	4.52	5.96	0.05	39.380	0.007	-0.023
70954	0	0.0000	0	-1.971	-35.962	33.288	5.30	5.97	0.41	37.316	0.022	-0.011
70961	0	0.0000	0	-1.961	-35.944	33.279	5.45	5.94	0.30	35.476	0.032	-0.029
70968	0	0.0000	0	-1.947	-35.921	33.270	5.98	5.88	0.67	35.340	0.024	-0.025
70975	0	0.0000	0	-1.934	-35.899	33.259	5.84	6.33	0.68	36.911	0.019	-0.026
70982	0	0.0000	0	-1.919	-35.875	33.249	6.28	6.35	0.96	38.474	0.000	-0.037
70989	0	0.0000	0	-1.909	-35.853	33.237	6.34	6.83	0.74	38.443	-0.009	-0.022
70996	0	0.0000	0	-1.891	-35.828	33.228	6.53	6.90	0.90	36.606	-0.020	-0.008
71003	0	0.0000	0	-1.875	-35.805	33.219	6.76	6.67	1.01	34.800	-0.023	0.016
71010	0	0.0000	0	-1.856	-35.783	33.216	6.87	6.47	1.41	34.618	-0.033	0.006
71017	0	0.0000	0	-1.837	-35.763	33.213	7.14	6.38	1.75	36.199	-0.018	0.007
71024	0	0.0000	0	-1.811	-35.740	33.213	7.18	6.25	1.96	38.521	-0.017	0.017
71031	0	0.0000	0	-1.791	-35.720	33.211	7.27	5.91	1.89	39.004	-0.012	0.007
71038	0	0.0000	0	-1.770	-35.701	33.211	7.47	5.84	2.50	37.544	-0.009	0.002
71045	0	0.0000	0	-1.747	-35.681	33.211	7.42	5.91	2.48	35.676	0.001	0.013
71052	0	0.0000	0	-1.719	-35.659	33.214	7.16	5.62	2.71	35.192	-0.003	0.009
71059	0	0.0000	0	-1.693	-35.634	33.214	7.38	5.45	2.88	36.550	0.012	0.014
71066	0	0.0000	0	-1.663	-35.611	33.217	7.46	5.06	2.66	38.147	0.009	0.012
71073	0	0.0000	0	-1.637	-35.586	33.217	7.84	4.71	2.74	38.297	0.011	0.001
71080	0	0.0000	0	-1.610	-35.564	33.218	7.94	4.66	2.68	36.427	0.008	-0.005
71087	0	0.0000	0	-1.587	-35.545	33.220	7.96	4.50	3.04	34.420	0.019	0.002
71094	0	0.0000	0	-1.561	-35.526	33.225	7.63	4.48	3.28	33.905	0.005	-0.003
71101	0	0.0000	0	-1.536	-35.510	33.232	7.83	4.08	3.48	35.391	0.002	-0.004
71108	0	0.0000	0	-1.513	-35.497	33.239	7.10	3.84	3.92	37.492	0.008	-0.018
71115	0	0.0000	0	-1.487	-35.481	33.246	7.29	3.58	4.10	38.361	0.008	-0.023
71122	0	0.0000	0	-1.454	-35.466	33.260	7.17	3.15	4.44	37.169	0.016	-0.027
71129	0	0.0000	0	-1.423	-35.452	33.274	6.86	2.80	4.78	34.969	-0.000	-0.021
71136	0	0.0000	0	-1.392	-35.438	33.288	6.71	2.54	4.87	34.016	0.019	-0.002
71143	0	0.0000	0	-1.360	-35.424	33.303	6.99	2.37	4.87	34.783	0.008	0.015
71150	0	0.0000	0	-1.330	-35.413	33.318	6.84	2.29	4.78	36.582	0.017	0.004
71157	0	0.0000	0	-1.300	-35.402	33.333	6.68	2.38	4.53	37.522	0.005	0.015
71164	0	0.0000	0	-1.275	-35.393	33.347	6.44	2.29	4.44	36.601	-0.022	0.024
71171	0	0.0000	0	-1.254	-35.387	33.359	6.22	2.42	4.31	34.680	-0.028	0.018
71178	0	0.0000	0	-1.237	-35.386	33.373	5.70	2.59	4.14	33.487	-0.040	0.021
71185	0	0.0000	0	-1.217	-35.384	33.389	5.87	2.96	3.82	33.840	-0.042	0.009
71192	0	0.0000	0	-1.196	-35.385	33.408	5.32	2.75	3.52	35.766	-0.038	0.006
71199	0	0.0000	0	-1.176	-35.386	33.427	5.44	2.96	3.40	37.562	-0.034	-0.004
71206	0	0.0000	0	-1.161	-35.389	33.444	5.28	2.75	3.45	37.735	-0.023	-0.013
71213	0	0.0000	0	-1.136	-35.388	33.464	5.17	2.62	3.06	36.126	-0.001	-0.017
71220	0	0.0000	0	-1.117	-35.387	33.480	5.28	2.48	2.67	34.462	0.016	-0.022
71227	0	0.0000	0	-1.099	-35.385	33.494	4.87	2.58	2.34	34.169	0.017	-0.012
71234	0	0.0000	0	-1.088	-35.382	33.500	4.59	2.84	1.83	35.560	0.028	-0.004
71241	0	0.0000	0	-1.073	-35.374	33.506	4.39	3.00	1.55	37.049	0.012	0.004
71248	0	0.0000	0	-1.062	-35.365	33.507	3.95	3.40	1.17	37.161	-0.005	0.005
71255	0	0.0000	0	-1.051	-35.357	33.508	3.59	3.80	0.81	35.341	0.011	0.011
71262	0	0.0000	0	-1.041	-35.348	33.510	3.10	3.88	0.80	33.411	0.012	0.004
71269	0	0.0000	0	-1.029	-35.340	33.511	2.78	3.74	0.74	32.846	0.017	0.022
71276	0	0.0000	0	-1.017	-35.331	33.513	2.86	3.44	1.05	34.148	0.030	0.024
71283	0	0.0000	0	-1.001	-35.320	33.517	2.72	2.89	1.01	36.193	0.041	-0.000
71290	0	0.0000	0	-0.981	-35.306	33.521	3.14	2.52	1.17	37.227	0.043	0.001
71297	0	0.0000	0	-0.968	-35.293	33.520	2.86	2.27	1.17	36.363	0.022	-0.014
71304	0	0.0000	0	-0.952	-35.277	33.518	2.89	2.15	1.05	34.339	0.017	-0.016
71311	0	0.0000	0	-0.948	-35.264	33.508	2.25	2.61	0.81	33.075	-0.001	-0.040
71318	0	0.0000	0	-0.945	-35.251	33.499	1.99	2.79	0.99	33.408	-0.021	-0.014
71325	0	0.0000	0	-0.942	-35.239	33.490	1.11	2.94	0.88	34.989	-0.030	-0.026
71332	0	0.0000	0	-0.936	-35.227	33.484	1.03	2.89	0.91	36.272	-0.031	-0.030
71339	0	0.0000	0	-0.932	-35.219	33.479	0.64	2.70	1.06	36.090	-0.018	-0.020
71346	0	0.0000	0	-0.927	-35.215	33.479	0.72	1.99	1.05	34.416	-0.015	-0.020
71353	0	0.0000	0	-0.919	-35.209	33.481	0.44	1.24	1.24	32.763	-0.000	-0.010
71360	0	0.0000	0	-0.909	-35.205	33.486	0.45	0.76	1.28	32.447	0.024	-0.001
71367	0	0.0000	0	-0.909	-35.206	33.487	0.11	0.46	1.50	33.658	0.025	0.019
71374	0	0.0000	0	-0.914	-35.209	33.485	-0.35	0.13	1.34	35.653	0.014	0.037
71381	0	0.0000	0	-0.920	-35.211	33.481	-0.56	0.08	1.29	36.779	-0.001	0.044
71388	0	0.0000	0	-0.935	-35.216	33.474	-1.28	0.31	1.25	36.068	0.009	0.035
71395	0	0.0000	0	-0.947	-35.221	33.467	-1.59	0.04	1.51	34.250	-0.008	0.043
71402	0	0.0000	0	-0.964	-35.229	33.461	-1.79	-0.31	1.32	33.096	-0.023	0.036
71409	0	0.0000	0	-0.976	-35.236	33.457	-1.66	-0.61	1.28	33.500	-0.026	0.019
71416	0	0.0000	0	-0.990	-35.243	33.452	-1.85	-0.97	1.09	35.073	-0.011	0.022
71423	0	0.0000	0	-0.999	-35.248	33.448	-1.31	-1.37	0.95	36.133	-0.018	0.009
71430	0	0.0000	0	-1.013	-35.257	33.445	-1.40	-1.87	0.80	35.702	-0.014	0.011
71437	0	0.0000	0	-1.025	-35.265	33.442	-1.30	-2.33	0.42	33.715	-0.005	-0.018
71445	0	0.0000	0	-1.047	-35.278	33.435	-1.56	-2.71	0.74	32.058	0.012	-0.002
71452	0	0.0000	0	-1.063	-35.289	33.432	-1.76	-2.89	0.38	31.958	0.017	-0.024
71458	0	0.0000	0	-1.085	-35.303	33.426	-2.19	-2.85	0.24	33.593	0.018	-0.027
71466	0	0.0000	0	-1.104	-35.316	33.423	-2.50	-3.19	0.25	35.378	0.021	-0.021
71473	0	0.0000	0	-1.117	-35.328	33.422	-2.34	-3.19	-0.01	36.032	0.019	-0.014
71480	0	0.0000	0	-1.132	-35.344	33.424	-2.31	-3.57	0.13	34.890	0.045	-0.014
71487	0	0.0000	0	-1.141	-35.356	33.429	-2.33	-4.21	-0.17	33.014	0.021	-0.006
71494	0	0.0000	0	-1.147	-35.368	33.436	-2.31	-3.99	-0.20	31.956	0.007	-0.004
71501	0	0.0000	0	-1.147	-35.379	33.445	-2.11	-4.42	-0.28	32.348	-0.010	0.003
71508	0	0.0000	0	-1.148	-35.390	33.456	-2.43	-4.32	-0.27	33.917	-0.028	-0.002
71515	0	0.0000	0	-1.142	-35.397	33.468	-1.96	-4.62	-0.23	35.075	-0.031	0.003
71522	0	0.0000	0	-1.139	-35.406	33.479	-2.34	-4.40	-0.60	34.871	-0.036	0.005
71529	0	0.0000	0	-1.136	-35.415	33.490	-2.14	-4.37	-0.83	33.273	-0.040	0.014
71536	0	0.0000	0	-1.131	-35.422	33.501	-2.26	-4.11	-0.75	31.703	-0.025	0.016
71543	0	0.0000	0	-1.127	-35.428	33.511	-2.27	-3.97	-1.21	31.305	-0.032	0.004
71550	0	0.0000	0	-1.131	-35.437	33.517	-2.27	-3.71	-1.46	32.288	-0.018	0.020
71557	0	0.0000	0	-1.134	-35.447	33.523	-2.21	-3.36	-1.55	34.155	0.010	-0.000
71564	0	0.0000	0	-1.140	-35.456	33.528	-2.35	-2.83	-2.05	35.450	0.012	-0.009
71571	0	0.0000	0	-1.150	-35.467	33.529	-2.63	-2.83	-2.31	35.054	0.007	-0.018
71578	0	0.0000	0	-1.163	-35.481	33.531	-2.48	-2.45	-2.09	33.379	0.009	-0.030
71585	0	0.0000	0	-1.176	-35.495	33.534	-2.54	-2.45	-2.35	32.077	0.014	-0.037
71592	0	0.0000	0	-1.185	-35.508	33.538	-2.35	-2.19	-2.69	31.986	0.015	-0.026
71599	0	0.0000	0	-1.193	-35.519	33.541	-1.86	-2.53	-2.85	33.226	0.011	-0.020
71606	0	0.0000	0	-1.196	-35.524	33.544	-1.76	-2.45	-3.03	34.622	0.017	-0.009
71613	0	0.0000	0	-1.201	-35.529	33.544	-1.37	-2.65	-2.80	34.815	-0.008	-0.001
71620	0	0.0000	0	-1.204	-35.530	33.543	-1.59	-2.30	-3.14	33.483	-0.002	0.021
71628	0	0.0000	0	-1.206	-35.527	33.538	-1.81	-2.03	-3.39	31.574	-0.006	0.028
71635	0	0.0000	0	-1.210	-35.524	33.531	-2.00	-1.49	-3.11	30.580	-0.018	0.042
71642	0	0.0000	0	-1.207	-35.515	33.526	-2.17	-1.34	-3.31	31.228	-0.013	0.038
71649	0	0.0000	0	-1.205	-35.508	33.521	-1.60	-1.30	-3.27	32.963	-0.013	0.039
71656	0	0.0000	0	-1.191	-35.496	33.521	-1.06	-1.28	-3.41	34.511	0.015	0.036
71663	0	0.0000	0	-1.181	-35.486	33.520	-0.82	-1.44	-3.07	34.580	0.010	0.003
71670	0	0.0000	0	-1.168	-35.475	33.521	-0.36	-1.31	-3.02	33.207	0.026	-0.008
71677	0	0.0000	0	-1.162	-35.468	33.519	-0.12	-1.31	-2.85	31.442	0.013	-0.026
71684	0	0.0000	0	-1.160	-35.462	33.515	-0.21	-1.07	-2.36	30.684	0.021	-0.028
71691	0	0.0000	0	-1.163	-35.459	33.509	-0.31	-0.74	-1.85	31.264	0.008	-0.044
71698	0	0.0000	0	-1.166	-35.456	33.504	-0.75	-0.53	-1.73	32.752	0.009	-0.054
71705	0	0.0000	0	-1.161	-35.450	33.503	0.16	-0.47	-1.32	33.772	-0.007	-0.054
71712	0	0.0000	0	-1.155	-35.445	33.503	-0.07	-0.32	-1.34	33.545	-0.014	-0.031
71719	0	0.0000	0	-1.144	-35.436	33.504	0.45	-0.47	-1.50	32.055	-0.016	-0.022
71726	0	0.0000	0	-1.136	-35.431	33.506	1.24	-0.78	-1.55	30.539	-0.018	0.009
71733	0	0.0000	0	-1.128	-35.427	33.509	1.48	-0.95	-1.63	30.035	-0.013	0.026
71740	0	0.0000	0	-1.123	-35.427	33.513	1.86	-1.18	-1.25	30.808	-0.003	0.034
71747	0	0.0000	0	-1.125	-35.428	33.513	1.59	-1.32	-1.05	32.498	0.001	0.042
71754	0	0.0000	0	-1.128	-35.431	33.513	1.85	-0.98	-0.71	33.850	0.014	0.032
71761	0	0.0000	0	-1.136	-35.434	33.509	1.84	-0.83	-0.73	33.922	0.020	0.035
71768	0	0.0000	0	-1.135	-35.432	33.508	2.12	-0.96	-0.78	32.644	0.026	0.023
71775	0	0.0000	0	-1.132	-35.426	33.505	1.96	-0.50	-0.66	31.145	0.025	0.031
71782	0	0.0000	0	-1.119	-35.417	33.507	2.28	-0.42	-0.85	30.512	0.010	-0.010
71789	0	0.0000	0	-1.102	-35.406	33.511	2.57	-0.20	-0.63	31.181	-0.008	-0.004
71796	0	0.0000	0	-1.079	-35.393	33.519	3.12	-0.34	-0.60	32.578	-0.013	-0.004
71803	0	0.0000	0	-1.050	-35.378	33.530	3.61	-0.68	-0.33	33.443	-0.025	-0.017
71810	0	0.0000	0	-1.022	-35.367	33.544	3.75	-0.54	-0.19	33.043	-0.033	-0.016
71817	0	0.0000	0	-0.988	-35.354	33.562	3.94	-0.81	0.31	31.453	-0.014	-0.029
71824	0	0.0000	0	-0.958	-35.344	33.577	3.84	-1.11	0.71	29.879	0.010	-0.023
71831	0	0.0000	0	-0.933	-35.335	33.592	4.02	-1.02	0.97	29.280	0.021	-0.020
71838	0	0.0000	0	-0.907	-35.324	33.604	4.39	-1.11	1.22	30.105	0.023	-0.007
71845	0	0.0000	0	-0.885	-35.316	33.615	3.84	-0.65	0.99	31.761	0.034	0.018
71852	0	0.0000	0	-0.862	-35.306	33.625	3.75	-0.37	1.44	33.113	0.022	0.026
71859	0	0.0000	0	-0.847	-35.301	33.634	3.53	-0.37	1.87	33.144	0.021	0.038
71866	0	0.0000	0	-0.823	-35.293	33.647	3.55	-0.12	2.12	31.895	0.028	0.032
71873	0	0.0000	0	-0.801	-35.288	33.662	3.47	-0.19	2.48	30.306	0.002	0.025
71880	0	0.0000	0	-0.772	-35.281	33.681	3.67	-0.24	2.77	29.426	-0.006	0.013
71887	0	0.0000	0	-0.740	-35.274	33.702	4.28	-0.19	2.74	29.775	-0.014	0.010
71894	0	0.0000	0	-0.713	-35.267	33.718	4.49	-0.26	2.92	30.996	-0.017	-0.002
71901	0	0.0000	0	-0.682	-35.259	33.738	4.81	-0.23	2.78	32.095	-0.014	-0.002
71908	0	0.0000	0	-0.669	-35.257	33.748	4.58	-0.18	3.18	32.362	-0.016	-0.014
71915	0	0.0000	0	-0.657	-35.259	33.760	4.01	0.45	3.21	31.341	-0.024	-0.013
71922	0	0.0000	0	-0.651	-35.261	33.767	3.62	1.20	3.18	29.864	-0.019	-0.010
71929	0	0.0000	0	-0.650	-35.267	33.774	3.35	1.22	3.21	28.891	-0.020	-0.022
71936	0	0.0000	0	-0.641	-35.268	33.783	3.26	1.56	3.28	28.935	-0.028	-0.023
71943	0	0.0000	0	-0.631	-35.270	33.794	2.87	1.63	3.18	30.130	0.001	-0.009
71950	0	0.0000	0	-0.612	-35.271	33.811	3.15	1.42	2.89	31.671	0.006	-0.002
71957	0	0.0000	0	-0.592	-35.270	33.828	3.37	1.37	2.93	32.670	0.026	0.013
71964	0	0.0000	0	-0.572	-35.268	33.843	3.24	1.22	2.69	32.282	0.027	0.011
71971	0	0.0000	0	-0.551	-35.265	33.859	3.19	1.20	2.76	30.895	0.018	0.014
71978	0	0.0000	0	-0.539	-35.265	33.869	2.93	1.12	3.20	29.672	-0.005	0.031
71985	0	0.0000	0	-0.525	-35.260	33.878	2.43	1.52	2.99	29.261	-0.002	0.027
71991	0	0.0000	0	-0.519	-35.260	33.883	2.15	1.63	3.37	30.013	-0.022	0.028
71998	0	0.0000	0	-0.518	-35.262	33.885	1.33	2.08	3.21	31.297	-0.023	0.041
72005	0	0.0000	0	-0.512	-35.259	33.888	1.31	2.14	3.27	32.110	-0.025	0.034
72012	0	0.0000	0	-0.507	-35.258	33.891	0.84	2.11	3.24	31.782	-0.007	0.014
72019	0	0.0000	0	-0.501	-35.256	33.895	0.56	2.20	3.33	30.369	0.016	0.013
72027	0	0.0000	0	-0.495	-35.254	33.897	0.96	1.92	3.22	28.698	0.032	0.002
72034	0	0.0000	0	-0.497	-35.254	33.896	0.84	1.96	3.09	28.084	0.040	0.002
72041	0	0.0000	0	-0.501	-35.256	33.895	0.58	1.95	2.73	28.726	0.049	-0.010
72048	0	0.0000	0	-0.510	-35.262	33.892	0.54	2.13	2.47	30.228	0.052	-0.007
72055	0	0.0000	0	-0.523	-35.268	33.887	0.14	2.30	2.39	31.564	0.023	-0.014
72062	0	0.0000	0	-0.544	-35.279	33.879	-0.22	2.30	2.74	31.902	0.010	-0.023
72069	0	0.0000	0	-0.558	-35.288	33.875	-0.58	2.58	2.93	31.023	0.005	-0.030
72076	0	0.0000	0	-0.577	-35.300	33.871	-0.72	2.44	2.79	29.506	-0.007	-0.021
72083	0	0.0000	0	-0.590	-35.312	33.870	-0.72	1.94	2.55	28.363	-0.011	-0.009
72090	0	0.0000	0	-0.599	-35.319	33.870	-0.50	1.56	2.17	28.270	0.003	0.008
72097	0	0.0000	0	-0.612	-35.328	33.867	-0.22	1.23	2.02	29.227	-0.014	0.004
72104	0	0.0000	0	-0.624	-35.335	33.864	-0.28	1.36	2.06	30.470	-0.005	0.018
72111	0	0.0000	0	-0.639	-35.343	33.858	-0.66	1.24	2.03	31.101	-0.008	0.008
72118	0	0.0000	0	-0.660	-35.352	33.848	-0.70	0.96	1.92	30.699	-0.011	0.015
72125	0	0.0000	0	-0.673	-35.356	33.840	-1.08	1.06	1.67	29.392	-0.018	0.005
72132	0	0.0000	0	-0.690	-35.359	33.828	-1.43	1.16	1.60	28.120	-0.012	-0.002
72139	0	0.0000	0	-0.701	-35.361	33.821	-1.50	0.96	1.23	27.616	-0.015	0.002
72146	0	0.0000	0	-0.711	-35.362	33.813	-1.08	0.92	0.75	27.985	-0.009	-0.007
72153	0	0.0000	0	-0.718	-35.362	33.806	-1.12	0.60	0.69	29.340	-0.001	-0.003
72160	0	0.0000	0	-0.726	-35.364	33.801	-0.95	0.21	0.38	30.690	-0.000	-0.025
72167	0	0.0000	0	-0.743	-35.371	33.794	-0.99	-0.33	0.54	31.327	0.007	-0.004
72174	0	0.0000	0	-0.752	-35.375	33.790	-1.08	-0.38	0.57	30.754	-0.006	-0.014
72181	0	0.0000	0	-0.763	-35.381	33.785	-0.80	-0.51	0.53	29.410	-0.003	-0.009
72188	0	0.0000	0	-0.779	-35.389	33.780	-1.08	-0.97	0.42	28.327	-0.011	-0.014
72195	0	0.0000	0	-0.790	-35.397	33.777	-1.26	-1.30	0.09	28.012	-0.006	-0.007
72202	0	0.0000	0	-0.808	-35.406	33.770	-1.18	-1.57	0.07	28.729	-0.004	0.008
72209	0	0.0000	0	-0.821	-35.415	33.767	-1.27	-1.71	0.19	29.906	-0.001	0.016
72216	0	0.0000	0	-0.834	-35.424	33.765	-1.00	-2.02	-0.30	30.683	-0.005	0.014
72223	0	0.0000	0	-0.843	-35.429	33.763	-1.03	-2.52	-0.62	30.380	-0.018	0.027
72230	0	0.0000	0	-0.851	-35.435	33.761	-0.79	-2.73	-0.66	29.090	-0.004	0.015
72237	0	0.0000	0	-0.853	-35.438	33.761	-0.76	-2.80	-0.82	27.678	-0.010	0.032
72244	0	0.0000	0	-0.863	-35.445	33.760	-0.92	-3.04	-1.06	26.827	-0.003	0.032
72251	0	0.0000	0	-0.861	-35.447	33.763	-0.54	-3.18	-1.19	27.168	0.002	0.011
72258	0	0.0000	0	-0.867	-35.456	33.766	-0.76	-3.34	-1.02	28.379	0.012	0.003
72265	0	0.0000	0	-0.861	-35.457	33.773	-0.61	-3.51	-1.01	29.745	0.028	-0.013
72273	0	0.0000	0	-0.855	-35.459	33.780	-0.30	-3.54	-0.96	30.470	0.026	-0.014
72280	0	0.0000	0	-0.846	-35.460	33.790	-0.31	-3.66	-1.15	30.031	0.036	-0.021
72287	0	0.0000	0	-0.826	-35.456	33.804	0.19	-3.90	-1.40	28.721	0.015	-0.035
72294	0	0.0000	0	-0.810	-35.453	33.815	0.33	-4.05	-1.29	27.451	-0.001	-0.044
72301	0	0.0000	0	-0.791	-35.450	33.828	0.06	-3.82	-1.15	26.856	-0.012	-0.032
72308	0	0.0000	0	-0.777	-35.449	33.839	0.36	-3.60	-0.93	27.175	-0.030	-0.025
72315	0	0.0000	0	-0.760	-35.447	33.852	0.12	-3.60	-1.11	28.213	-0.037	-0.007
72321	0	0.0000	0	-0.746	-35.447	33.865	0.08	-3.34	-1.01	29.258	-0.027	-0.005
72329	0	0.0000	0	-0.734	-35.448	33.876	-0.12	-3.07	-1.08	29.617	-0.036	-0.000
72336	0	0.0000	0	-0.727	-35.452	33.886	-0.04	-2.84	-1.29	28.987	-0.013	0.018
72343	0	0.0000	0	-0.715	-35.454	33.899	0.21	-3.01	-1.37	27.721	-0.003	0.018
72350	0	0.0000	0	-0.709	-35.460	33.910	0.33	-3.08	-1.52	26.604	0.020	0.030
72357	0	0.0000	0	-0.695	-35.460	33.923	0.25	-2.85	-1.46	26.260	0.037	0.029
72364	0	0.0000	0	-0.694	-35.466	33.930	0.71	-2.76	-1.37	26.631	0.037	0.019
72371	0	0.0000	0	-0.688	-35.471	33.940	0.78	-2.61	-1.39	27.868	0.029	0.017
72378	0	0.0000	0	-0.678	-35.471	33.948	1.07	-2.28	-1.58	29.058	0.023	0.013
72385	0	0.0000	0	-0.674	-35.472	33.953	1.20	-2.08	-1.81	29.764	-0.011	-0.012
72392	0	0.0000	0	-0.670	-35.471	33.955	0.72	-1.48	-1.72	29.336	-0.025	-0.008
72399	0	0.0000	0	-0.662	-35.469	33.960	1.17	-1.07	-1.83	28.134	-0.042	-0.028
72406	0	0.0000	0	-0.650	-35.465	33.967	1.22	-0.81	-1.83	27.044	-0.050	-0.017
72413	0	0.0000	0	-0.634	-35.459	33.975	1.23	-0.40	-1.94	26.557	-0.040	-0.017
72420	0	0.0000	0	-0.607	-35.447	33.987	1.40	-0.47	-1.83	26.921	-0.021	-0.001
72427	0	0.0000	0	-0.594	-35.442	33.994	1.36	-0.33	-1.60	27.942	-0.009	-0.001
72434	0	0.0000	0	-0.562	-35.427	34.007	1.49	-0.76	-1.52	28.895	0.008	-0.019
72441	0	0.0000	0	-0.542	-35.418	34.016	1.58	-0.21	-1.31	29.140	0.025	0.017
72448	0	0.0000	0	-0.522	-35.404	34.021	1.34	-0.18	-1.20	28.464	0.020	0.005
72455	0	0.0000	0	-0.508	-35.394	34.023	1.38	0.27	-0.84	27.123	0.031	0.013
72462	0	0.0000	0	-0.503	-35.386	34.019	1.03	0.44	-0.67	25.964	0.025	0.007
72469	0	0.0000	0	-0.490	-35.373	34.018	1.07	1.09	-0.62	25.418	0.020	0.013
72476	0	0.0000	0	-0.481	-35.361	34.014	0.98	1.43	-0.55	25.889	0.020	0.005
72483	0	0.0000	0	-0.466	-35.347	34.014	1.22	1.41	-0.66	27.057	0.018	0.017
72490	0	0.0000	0	-0.457	-35.336	34.011	1.20	1.47	-0.60	28.239	-0.005	0.014
72497	0	0.0000	0	-0.445	-35.326	34.012	1.27	1.69	0.06	28.873	0.017	0.008
72504	0	0.0000	0	-0.437	-35.319	34.012	1.39	1.41	0.12	28.594	0.007	0.002
72511	0	0.0000	0	-0.431	-35.312	34.011	1.51	1.20	0.43	27.495	0.008	0.002
72518	0	0.0000	0	-0.422	-35.307	34.014	1.93	0.92	0.49	26.276	0.001	-0.008
72524	0	0.0000	0	-0.420	-35.306	34.014	1.54	0.89	0.81	25.537	-0.003	-0.010
72532	0	0.0000	0	-0.418	-35.303	34.014	1.94	1.28	0.76	25.539	-0.006	-0.020
72539	0	0.0000	0	-0.424	-35.304	34.009	1.49	1.46	1.03	26.341	-0.030	-0.018
72546	0	0.0000	0	-0.430	-35.306	34.006	0.95	1.50	1.42	27.402	-0.027	-0.026
72553	0	0.0000	0	-0.419	-35.298	34.008	1.30	1.91	1.40	27.992	-0.029	-0.022
72560	0	0.0000	0	-0.417	-35.295	34.006	0.98	1.92	1.49	27.960	-0.032	-0.018
72567	0	0.0000	0	-0.407	-35.288	34.009	1.15	1.90	1.56	27.051	-0.022	-0.012
72574	0	0.0000	0	-0.390	-35.280	34.015	1.70	1.58	1.32	25.871	-0.018	-0.010
72581	0	0.0000	0	-0.386	-35.277	34.016	1.50	1.44	1.35	25.003	-0.010	0.002
72588	0	0.0000	0	-0.367	-35.266	34.023	2.04	1.68	0.99	24.821	0.018	0.009
72595	0	0.0000	0	-0.361	-35.263	34.024	1.57	1.60	1.34	25.353	0.025	0.010
72602	0	0.0000	0	-0.368	-35.264	34.020	1.22	1.53	1.44	26.513	0.013	0.010
72609	0	0.0000	0	-0.361	-35.260	34.022	1.17	1.84	1.49	27.564	0.020	0.006
72616	0	0.0000	0	-0.371	-35.263	34.016	0.70	1.88	1.71	28.213	-0.005	0.006
72623	0	0.0000	0	-0.376	-35.264	34.013	0.10	2.66	1.53	27.874	0.000	-0.000
72630	0	0.0000	0	-0.376	-35.262	34.011	0.79	2.65	1.27	26.830	-0.025	0.008
72637	0	0.0000	0	-0.385	-35.265	34.005	1.07	2.41	1.03	25.802	-0.029	0.016
72644	0	0.0000	0	-0.385	-35.264	34.004	1.34	2.09	0.54	25.200	-0.020	0.016
72651	0	0.0000	0	-0.383	-35.264	34.006	2.13	1.91	0.36	25.259	-0.009	0.025
72658	0	0.0000	0	-0.392	-35.268	34.002	1.83	1.73	0.53	26.044	-0.023	0.011
72665	0	0.0000	0	-0.404	-35.276	33.999	1.76	1.86	0.57	27.042	0.007	0.012
72672	0	0.0000	0	-0.408	-35.277	33.997	1.37	2.00	0.71	27.552	-0.002	0.021
72679	0	0.0000	0	-0.427	-35.284	33.987	0.75	2.09	0.72	27.300	0.007	0.007
72686	0	0.0000	0	-0.437	-35.286	33.980	0.70	2.29	0.57	26.261	0.007	0.013
72693	0	0.0000	0	-0.435	-35.278	33.974	0.92	2.24	0.61	25.071	0.018	0.012
72700	0	0.0000	0	-0.437	-35.274	33.968	1.06	1.92	0.46	24.264	0.026	0.001
72707	0	0.0000	0	-0.422	-35.262	33.970	1.25	1.84	0.03	24.054	0.039	0.015
72714	0	0.0000	0	-0.403	-35.249	33.974	1.65	1.64	-0.17	24.656	0.035	0.006
72721	0	0.0000	0	-0.392	-35.239	33.974	1.39	1.63	-0.10	25.790	0.030	0.028
72728	0	0.0000	0	-0.382	-35.229	33.974	1.68	1.65	0.01	26.762	0.007	-0.004
72735	0	0.0000	0	-0.373	-35.221	33.973	1.40	1.85	0.30	27.283	-0.005	-0.011
72742	0	0.0000	0	-0.368	-35.214	33.970	0.96	1.86	0.31	26.962	-0.016	-0.017
72749	0	0.0000	0	-0.358	-35.205	33.970	0.93	1.83	0.27	25.955	-0.018	-0.022
72756	0	0.0000	0	-0.360	-35.201	33.965	0.39	1.74	0.79	24.840	-0.016	-0.011
72763	0	0.0000	0	-0.363	-35.198	33.960	0.45	2.00	0.79	24.142	-0.010	-0.010
72770	0	0.0000	0	-0.362	-35.194	33.956	0.97	1.80	0.68	23.998	-0.004	-0.014
72777	0	0.0000	0	-0.370	-35.196	33.951	0.60	1.45	0.76	24.600	0.021	-0.014
72784	0	0.0000	0	-0.377	-35.198	33.947	0.53	1.10	0.66	25.495	0.028	-0.021
72790	0	0.0000	0	-0.377	-35.196	33.945	1.10	0.92	0.48	26.246	0.039	-0.017
72797	0	0.0000	0	-0.387	-35.200	33.940	1.01	0.69	0.69	26.468	0.027	-0.015
72804	0	0.0000	0	-0.400	-35.205	33.934	0.63	0.53	0.70	25.998	0.026	-0.018
72811	0	0.0000	0	-0.407	-35.206	33.929	0.80	0.72	0.55	24.985	0.021	-0.014
72818	0	0.0000	0	-0.415	-35.209	33.924	0.39	0.73	0.63	24.032	-0.018	-0.006
72826	0	0.0000	0	-0.424	-35.215	33.922	-0.18	0.96	0.44	23.481	-0.030	-0.001
72833	0	0.0000	0	-0.422	-35.215	33.925	0.12	0.73	0.38	23.461	-0.042	-0.000
72840	0	0.0000	0	-0.420	-35.215	33.926	0.10	0.33	0.59	24.137	-0.054	0.023
72846	0	0.0000	0	-0.414	-35.214	33.930	0.17	-0.06	0.37	25.177	-0.037	0.012
72853	0	0.0000	0	-0.403	-35.211	33.937	1.00	-0.46	0.48	26.031	-0.042	0.009
72860	0	0.0000	0	-0.393	-35.206	33.940	0.94	-0.72	0.48	26.530	-0.027	0.014
72867	0	0.0000	0	-0.389	-35.202	33.941	0.57	-0.71	0.32	26.245	-0.018	0.009
72874	0	0.0000	0	-0.385	-35.198	33.940	0.65	-0.70	0.33	25.333	-0.008	0.004
72881	0	0.0000	0	-0.388	-35.196	33.936	0.26	-0.50	0.09	24.392	-0.000	0.003
72888	0	0.0000	0	-0.396	-35.197	33.929	-0.59	0.03	0.10	23.762	0.006	0.014
72896	0	0.0000	0	-0.399	-35.195	33.925	-0.29	0.08	0.06	23.676	0.029	0.012
72902	0	0.0000	0	-0.404	-35.197	33.922	-0.91	0.12	0.11	24.259	0.019	0.004
72909	0	0.0000	0	-0.408	-35.200	33.922	-0.97	-0.09	0.07	25.106	0.034	0.003
72916	0	0.0000	0	-0.400	-35.202	33.931	-0.16	-0.81	0.30	25.757	0.031	-0.002
72923	0	0.0000	0	-0.399	-35.205	33.934	-0.10	-0.98	0.30	25.915	0.027	-0.013
72931	0	0.0000	0	-0.398	-35.209	33.940	0.01	-1.35	0.45	25.319	0.004	-0.027
72938	0	0.0000	0	-0.394	-35.212	33.946	0.35	-1.47	0.34	24.244	-0.010	-0.018
72944	0	0.0000	0	-0.400	-35.217	33.945	0.28	-1.42	0.47	23.263	-0.024	-0.022
72951	0	0.0000	0	-0.407	-35.223	33.945	-0.19	-1.25	0.55	22.645	-0.048	-0.002
72958	0	0.0000	0	-0.407	-35.223	33.945	-0.01	-0.82	0.47	22.598	-0.050	-0.015
72966	0	0.0000	0	-0.412	-35.226	33.944	-0.24	-0.47	0.56	23.227	-0.053	0.010
72972	0	0.0000	0	-0.416	-35.231	33.945	-0.90	-0.11	0.23	24.254	-0.043	0.017
72979	0	0.0000	0	-0.414	-35.234	33.949	-0.90	-0.28	0.40	25.098	0.005	0.031
72986	0	0.0000	0	-0.409	-35.237	33.956	-0.70	-0.60	0.52	25.576	0.025	0.022
72993	0	0.0000	0	-0.403	-35.239	33.964	-0.72	-0.72	0.14	25.358	0.070	0.029
73000	0	0.0000	0	-0.391	-35.240	33.976	-0.25	-1.07	0.22	24.511	0.083	0.020
73007	0	0.0000	0	-0.383	-35.241	33.983	-0.01	-1.15	0.49	23.494	0.086	0.006
73014	0	0.0000	0	-0.385	-35.245	33.986	-0.41	-0.74	0.47	22.760	0.076	-0.010
73021	0	0.0000	0	-0.388	-35.249	33.987	-0.86	-0.38	0.57	22.454	0.050	-0.018
73028	0	0.0000	0	-0.391	-35.251	33.986	-1.15	0.25	0.85	22.702	0.016	-0.033
73035	0	0.0000	0	-0.400	-35.254	33.981	-1.56	0.70	0.61	23.438	-0.013	-0.059
73042	0	0.0000	0	-0.395	-35.251	33.983	-1.41	0.87	0.60	24.215	-0.040	-0.053
73049	0	0.0000	0	-0.393	-35.250	33.984	-1.04	0.79	0.96	24.620	-0.063	-0.039
73056	0	0.0000	0	-0.397	-35.253	33.982	-1.02	1.01	0.49	24.673	-0.056	-0.042
73063	0	0.0000	0	-0.397	-35.254	33.985	-0.79	0.88	0.19	24.032	-0.061	-0.032
73071	0	0.0000	0	-0.394	-35.255	33.988	-0.59	0.58	-0.03	23.106	-0.042	-0.007
73078	0	0.0000	0	-0.411	-35.265	33.982	-1.03	1.29	0.34	22.300	-0.040	0.000
73085	0	0.0000	0	-0.429	-35.274	33.976	-1.79	1.13	0.62	21.901	-0.026	0.008
73092	0	0.0000	0	-0.451	-35.287	33.968	-1.67	1.26	0.58	21.877	-0.015	0.015
73099	0	0.0000	0	-0.477	-35.299	33.958	-2.23	1.51	0.57	22.484	0.009	0.014
73106	0	0.0000	0	-0.499	-35.308	33.947	-2.42	1.70	0.15	23.405	0.029	0.019
73113	0	0.0000	0	-0.508	-35.311	33.941	-1.98	1.40	0.12	24.167	0.047	0.032
73120	0	0.0000	0	-0.523	-35.314	33.932	-2.03	1.69	-0.12	24.703	0.041	0.019
73127	0	0.0000	0	-0.538	-35.318	33.923	-2.24	1.72	-0.26	24.615	0.042	0.022
73134	0	0.0000	0	-0.544	-35.317	33.916	-1.60	1.44	-0.20	23.928	0.033	0.016
73141	0	0.0000	0	-0.558	-35.320	33.907	-1.68	1.30	-0.08	23.036	0.023	0.017
73148	0	0.0000	0	-0.577	-35.327	33.897	-1.87	1.16	0.14	22.348	0.011	0.008
73155	0	0.0000	0	-0.591	-35.330	33.888	-1.86	1.10	0.08	21.999	-0.013	-0.004
73162	0	0.0000	0	-0.605	-35.333	33.878	-1.74	1.11	0.16	22.138	-0.023	-0.007
73169	0	0.0000	0	-0.624	-35.335	33.863	-2.11	1.27	0.16	22.786	-0.034	-0.013
73176	0	0.0000	0	-0.639	-35.335	33.850	-2.50	1.30	0.10	23.531	-0.035	-0.014
73183	0	0.0000	0	-0.652	-35.336	33.840	-2.29	0.97	0.54	23.972	-0.035	-0.014
73190	0	0.0000	0	-0.669	-35.338	33.827	-2.69	1.10	0.50	24.081	-0.016	-0.005
73197	0	0.0000	0	-0.682	-35.336	33.813	-2.90	1.09	0.40	23.556	0.011	-0.001
73204	0	0.0000	0	-0.690	-35.332	33.803	-2.46	0.80	0.36	22.611	0.019	0.012
73211	0	0.0000	0	-0.701	-35.332	33.793	-1.95	0.82	0.03	21.734	0.016	0.016
73218	0	0.0000	0	-0.715	-35.336	33.784	-2.43	0.72	-0.24	21.139	0.035	0.034
73225	0	0.0000	0	-0.729	-35.340	33.775	-2.01	0.44	-0.17	20.915	0.033	0.031
73232	0	0.0000	0	-0.749	-35.348	33.766	-1.90	0.46	0.02	21.339	0.038	0.012
73239	0	0.0000	0	-0.773	-35.361	33.758	-2.10	0.35	0.34	22.182	0.048	0.001
73246	0	0.0000	0	-0.797	-35.374	33.749	-2.20	0.01	0.35	22.996	0.039	-0.004
73253	0	0.0000	0	-0.819	-35.388	33.743	-1.79	-0.47	0.74	23.618	0.018	-0.016
73260	0	0.0000	0	-0.843	-35.401	33.735	-2.19	-0.44	0.68	23.719	-0.002	-0.019
73267	0	0.0000	0	-0.864	-35.412	33.726	-1.97	-0.53	0.76	23.277	-0.001	-0.013
73274	0	0.0000	0	-0.878	-35.417	33.720	-1.65	-0.54	0.66	22.451	-0.010	-0.012
73281	0	0.0000	0	-0.894	-35.424	33.712	-1.77	-0.91	0.64	21.619	-0.010	-0.003
73288	0	0.0000	0	-0.907	-35.429	33.705	-1.92	-0.66	0.54	21.054	-0.033	0.019
73295	0	0.0000	0	-0.912	-35.429	33.700	-1.66	-0.80	0.31	20.776	-0.011	0.017
73302	0	0.0000	0	-0.916	-35.429	33.697	-1.33	-1.00	0.28	21.025	-0.009	0.009
73309	0	0.0000	0	-0.931	-35.435	33.690	-1.75	-0.97	0.14	21.633	-0.009	-0.002
73316	0	0.0000	0	-0.937	-35.437	33.687	-1.51	-0.92	0.27	22.310	-0.006	-0.020
73323	0	0.0000	0	-0.938	-35.440	33.689	-1.26	-1.13	0.24	22.741	-0.001	-0.022
73330	0	0.0000	0	-0.947	-35.448	33.690	-1.65	-1.12	0.50	22.898	0.005	-0.034
73337	0	0.0000	0	-0.954	-35.458	33.693	-1.82	-1.10	0.87	22.562	-0.003	-0.030
73344	0	0.0000	0	-0.954	-35.464	33.698	-1.47	-1.45	0.87	21.784	0.006	-0.022
73351	0	0.0000	0	-0.955	-35.470	33.703	-1.06	-1.42	0.64	21.006	0.003	-0.011
73358	0	0.0000	0	-0.965	-35.478	33.703	-1.36	-1.43	0.63	20.377	-0.001	-0.000
73365	0	0.0000	0	-0.969	-35.486	33.707	-1.15	-1.42	0.30	20.197	-0.000	0.026
73372	0	0.0000	0	-0.976	-35.491	33.706	-0.96	-1.37	0.17	20.236	-0.030	0.004
73379	0	0.0000	0	-0.990	-35.500	33.702	-1.22	-0.77	0.26	20.826	-0.016	0.014
73386	0	0.0000	0	-1.002	-35.510	33.701	-1.40	-0.62	0.50	21.611	-0.024	0.007
73393	0	0.0000	0	-1.011	-35.517	33.700	-1.35	-0.64	0.47	22.267	-0.002	0.001
73400	0	0.0000	0	-1.024	-35.526	33.697	-1.60	-0.56	0.64	22.751	-0.015	-0.003
73407	0	0.0000	0	-1.037	-35.536	33.696	-1.80	-0.42	0.70	22.794	-0.004	0.004
73414	0	0.0000	0	-1.039	-35.539	33.696	-1.52	-0.60	0.69	22.293	-0.012	0.001
73421	0	0.0000	0	-1.037	-35.543	33.701	-0.98	-0.85	0.52	21.541	0.001	-0.006
73428	0	0.0000	0	-1.039	-35.547	33.704	-0.88	-0.75	0.63	20.866	-0.002	-0.008
73435	0	0.0000	0	-1.041	-35.551	33.707	-1.17	-0.43	0.61	20.366	0.011	-0.006
73442	0	0.0000	0	-1.041	-35.554	33.709	-0.95	-0.43	0.60	20.210	0.002	0.004
73449	0	0.0000	0	-1.043	-35.556	33.710	-1.02	-0.13	0.47	20.506	-0.010	0.014
73456	0	0.0000	0	-1.054	-35.563	33.707	-1.15	0.08	0.60	21.097	-0.014	0.014
73463	0	0.0000	0	-1.054	-35.566	33.709	-1.27	0.12	0.47	21.710	-0.003	0.025
73470	0	0.0000	0	-1.059	-35.570	33.709	-0.97	0.43	0.60	22.020	-0.015	0.030
73477	0	0.0000	0	-1.073	-35.578	33.705	-1.39	0.66	0.58	22.134	-0.002	0.030
73484	0	0.0000	0	-1.083	-35.586	33.703	-1.34	0.77	0.42	21.758	0.011	0.012
73491	0	0.0000	0	-1.089	-35.588	33.700	-1.23	0.83	0.57	20.976	0.018	0.017
73498	0	0.0000	0	-1.097	-35.592	33.698	-1.03	0.86	0.34	20.164	0.017	0.017
73505	0	0.0000	0	-1.110	-35.598	33.691	-1.14	1.04	0.70	19.544	0.021	0.011
73512	0	0.0000	0	-1.120	-35.602	33.687	-1.13	0.95	0.35	19.134	0.023	-0.000
73519	0	0.0000	0	-1.126	-35.602	33.681	-0.51	0.86	0.35	19.282	0.007	0.002
73526	0	0.0000	0	-1.140	-35.605	33.672	-0.18	1.09	0.32	19.801	-0.001	-0.025
73533	0	0.0000	0	-1.156	-35.611	33.664	-0.54	1.41	0.04	20.557	0.013	-0.032
73540	0	0.0000	0	-1.169	-35.615	33.656	-0.20	1.45	0.08	21.194	-0.014	-0.027
73547	0	0.0000	0	-1.178	-35.616	33.649	0.10	1.29	0.26	21.677	-0.015	-0.029
73554	0	0.0000	0	-1.195	-35.621	33.640	-0.59	1.55	0.26	21.695	-0.009	-0.030
73561	0	0.0000	0	-1.206	-35.625	33.633	-0.52	1.08	0.56	21.313	-0.008	-0.024
73568	0	0.0000	0	-1.206	-35.623	33.632	-0.24	0.90	0.56	20.610	-0.003	-0.016
73575	0	0.0000	0	-1.206	-35.624	33.632	-0.07	0.62	0.88	19.869	0.017	-0.003
73582	0	0.0000	0	-1.210	-35.624	33.629	-0.49	0.74	0.66	19.305	0.009	0.005
73589	0	0.0000	0	-1.203	-35.619	33.630	0.08	0.46	0.89	19.018	0.025	0.009
73596	0	0.0000	0	-1.193	-35.612	33.632	0.39	0.42	0.94	18.993	0.021	0.010
73603	0	0.0000	0	-1.191	-35.608	33.630	0.77	-0.00	0.77	19.405	0.018	0.000
73610	0	0.0000	0	-1.188	-35.605	33.629	0.48	0.11	0.54	19.968	0.009	0.011
73617	0	0.0000	0	-1.184	-35.601	33.629	0.75	0.29	0.29	20.471	0.008	0.006
73624	0	0.0000	0	-1.184	-35.599	33.627	1.33	-0.00	0.42	20.694	-0.007	0.009
73631	0	0.0000	0	-1.199	-35.605	33.620	0.53	0.28	0.62	20.862	-0.017	-0.003
73638	0	0.0000	0	-1.208	-35.610	33.617	0.26	0.34	0.94	20.546	-0.013	-0.009
73645	0	0.0000	0	-1.209	-35.612	33.618	0.53	0.15	0.75	19.895	-0.009	-0.014
73652	0	0.0000	0	-1.213	-35.616	33.619	0.73	0.14	0.57	19.203	-0.009	-0.005
73659	0	0.0000	0	-1.213	-35.617	33.619	0.80	-0.18	0.59	18.695	0.008	0.005
73666	0	0.0000	0	-1.208	-35.616	33.623	1.07	-0.45	0.50	18.367	-0.001	0.005
73673	0	0.0000	0	-1.197	-35.613	33.630	1.91	-0.61	0.24	18.308	0.005	-0.006
73680	0	0.0000	0	-1.191	-35.611	33.633	2.02	-0.64	0.05	18.563	0.002	0.004
73687	0	0.0000	0	-1.191	-35.613	33.634	1.47	-0.47	-0.31	19.157	-0.013	-0.012
73694	0	0.0000	0	-1.187	-35.614	33.639	1.49	-0.62	-0.28	19.771	-0.003	0.002
73701	0	0.0000	0	-1.183	-35.616	33.644	1.30	-0.30	0.22	20.288	-0.017	-0.009
73708	0	0.0000	0	-1.177	-35.618	33.652	1.07	-0.28	0.33	20.630	-0.021	-0.017
73715	0	0.0000	0	-1.174	-35.623	33.660	0.92	-0.13	0.64	20.643	-0.003	-0.015
73722	0	0.0000	0	-1.156	-35.622	33.674	1.23	-0.76	0.54	20.239	0.003	0.007
73729	0	0.0000	0	-1.132	-35.615	33.689	1.78	-1.12	0.35	19.585	0.000	-0.013
73736	0	0.0000	0	-1.119	-35.613	33.698	1.97	-1.29	0.44	18.999	0.003	0.006
73743	0	0.0000	0	-1.104	-35.610	33.708	1.94	-1.13	0.52	18.539	-0.015	0.006
73750	0	0.0000	0	-1.090	-35.603	33.714	1.68	-0.90	0.23	18.288	0.002	0.014
73757	0	0.0000	0	-1.079	-35.596	33.716	1.84	-0.36	0.16	18.307	-0.018	0.027
73764	0	0.0000	0	-1.075	-35.591	33.716	1.12	-0.13	0.13	18.679	-0.022	0.017
73771	0	0.0000	0	-1.069	-35.586	33.716	0.84	0.33	0.16	19.221	-0.025	0.024
73778	0	0.0000	0	-1.055	-35.578	33.720	1.05	0.47	0.12	19.664	-0.032	0.021
73785	0	0.0000	0	-1.039	-35.570	33.726	1.80	0.23	-0.38	19.841	-0.012	0.019
73792	0	0.0000	0	-1.031	-35.567	33.731	1.47	0.08	-0.44	19.973	-0.004	0.017
73799	0	0.0000	0	-1.020	-35.565	33.739	1.34	0.05	-0.38	19.656	0.020	0.006
73806	0	0.0000	0	-1.008	-35.564	33.749	1.69	-0.34	-0.34	19.017	0.019	-0.009
73813	0	0.0000	0	-0.998	-35.565	33.758	2.21	-0.47	-0.20	18.351	0.034	-0.011
73820	0	0.0000	0	-0.998	-35.569	33.762	1.64	-0.33	0.02	17.798	0.044	-0.021
73827	0	0.0000	0	-1.001	-35.573	33.764	1.37	-0.34	0.09	17.450	0.029	-0.032
73834	0	0.0000	0	-0.993	-35.571	33.768	1.27	-0.08	-0.07	17.237	0.022	-0.018
73841	0	0.0000	0	-0.984	-35.568	33.773	1.82	-0.20	-0.19	17.422	0.011	-0.020
73848	0	0.0000	0	-0.978	-35.565	33.775	1.44	0.07	-0.18	17.912	-0.000	-0.023
73855	0	0.0000	0	-0.967	-35.559	33.779	0.90	0.34	-0.34	18.535	-0.020	-0.020
73862	0	0.0000	0	-0.948	-35.549	33.786	1.68	0.26	-0.51	19.012	-0.004	-0.001
73869	0	0.0000	0	-0.927	-35.539	33.794	1.91	0.09	-0.77	19.400	0.005	0.005
73876	0	0.0000	0	-0.910	-35.530	33.801	1.88	-0.01	-0.43	19.509	0.011	0.012
73883	0	0.0000	0	-0.895	-35.521	33.805	1.30	0.01	-0.41	19.367	0.009	0.003
73890	0	0.0000	0	-0.881	-35.511	33.809	1.69	-0.14	-0.22	18.842	-0.007	0.001
73897	0	0.0000	0	-0.868	-35.503	33.813	1.67	0.02	-0.15	18.209	-0.019	0.017
73904	0	0.0000	0	-0.863	-35.499	33.812	1.15	0.55	-0.05	17.672	-0.011	-0.003
73911	0	0.0000	0	-0.860	-35.493	33.809	0.43	0.69	0.00	17.276	-0.013	-0.001
73918	0	0.0000	0	-0.854	-35.489	33.810	0.70	0.73	0.21	17.014	-0.008	0.001
73925	0	0.0000	0	-0.846	-35.485	33.814	1.03	0.37	0.03	16.983	0.009	-0.014
73932	0	0.0000	0	-0.836	-35.481	33.819	1.02	0.39	0.13	17.310	0.027	-0.010
73939	0	0.0000	0	-0.836	-35.482	33.820	1.12	0.08	0.34	17.749	0.017	-0.016
73946	0	0.0000	0	-0.832	-35.482	33.823	1.13	-0.09	0.08	18.157	0.033	-0.005
73953	0	0.0000	0	-0.829	-35.481	33.825	1.63	-0.18	-0.01	18.477	0.026	-0.002
73960	0	0.0000	0	-0.834	-35.487	33.826	1.32	-0.10	0.33	18.650	0.005	-0.002
# pulse wheel = Y
73967	1	0.0000	0	-0.844	-35.491	33.822	0.33	0.44	0.35	18.605	-0.008	0.010
73974	1	0.0000	0	-0.839	-35.488	33.823	-0.06	0.55	0.21	18.234	-0.004	0.004
73981	1	0.0000	0	-0.830	-35.482	33.825	0.36	0.43	0.43	17.662	-0.009	0.008
73988	1	0.0000	0	-0.825	-35.477	33.825	0.91	0.00	0.00	17.120	-0.017	0.006
73995	1	0.0000	0	-0.817	-35.471	33.825	0.76	0.19	0.27	16.685	-0.020	0.006
74002	1	0.0000	0	-0.808	-35.464	33.827	0.89	0.10	0.02	16.376	-0.019	0.015
74009	1	0.0000	0	-0.793	-35.455	33.832	1.32	-0.21	-0.30	16.294	-0.018	0.025
74016	1	0.0000	0	-0.785	-35.452	33.835	1.31	-0.41	0.01	16.351	-0.022	0.013
74023	1	0.0000	0	-0.790	-35.455	33.834	0.85	-0.17	-0.09	16.737	-0.019	0.008
74030	1	0.0000	0	-0.791	-35.459	33.837	-0.11	-0.31	0.38	17.239	-0.017	-0.008
74037	1	0.0000	0	-0.790	-35.461	33.840	0.11	-0.53	0.59	17.698	-0.008	-0.018
74044	1	0.0000	0	-0.784	-35.463	33.847	0.30	-0.49	0.46	18.051	0.010	-0.013
74051	1	0.0000	0	-0.786	-35.466	33.849	0.25	-0.63	0.66	18.322	-0.004	-0.019
74058	1	0.0000	0	-0.786	-35.468	33.850	0.12	-0.83	0.46	18.374	0.012	-0.022
74065	1	0.0000	0	-0.781	-35.467	33.853	0.11	-0.73	0.04	18.086	0.003	-0.004
74072	1	0.0000	0	-0.774	-35.462	33.855	0.56	-0.96	-0.18	17.577	0.001	0.010
74079	1	0.0000	0	-0.775	-35.461	33.853	0.38	-0.70	-0.36	17.060	-0.004	0.022
74086	1	0.0000	0	-0.781	-35.462	33.849	-0.20	-0.50	-0.51	16.691	-0.025	0.007
74093	1	0.0000	0	-0.780	-35.462	33.849	-0.18	-0.58	-0.24	16.371	-0.015	0.026
74099	1	0.0000	0	-0.775	-35.461	33.852	0.21	-0.59	-0.51	16.137	-0.009	0.033
74106	1	0.0000	0	-0.771	-35.459	33.855	0.34	-0.69	-0.44	16.202	-0.020	0.021
74114	1	0.0000	0	-0.773	-35.462	33.856	0.22	-0.87	-0.35	16.501	0.002	0.013
74121	1	0.0000	0	-0.769	-35.464	33.862	0.02	-0.88	-0.45	16.899	0.010	-0.005
74128	1	0.0000	0	-0.761	-35.464	33.868	-0.07	-0.98	-0.37	17.263	0.020	-0.017
74135	1	0.0000	0	-0.750	-35.463	33.877	0.87	-1.24	-0.63	17.488	0.022	-0.022
74141	1	0.0000	0	-0.748	-35.466	33.881	0.76	-1.25	-0.82	17.586	0.018	-0.013
74148	1	0.0000	0	-0.752	-35.470	33.882	0.21	-1.18	-0.66	17.562	0.009	-0.012
74155	1	0.0000	0	-0.753	-35.471	33.882	0.29	-1.37	-0.76	17.230	0.009	-0.011
74162	1	0.0000	0	-0.750	-35.471	33.885	0.26	-1.16	-0.73	16.678	-0.013	-0.011
74169	1	0.0000	0	-0.749	-35.473	33.887	0.56	-0.90	-0.98	16.134	-0.030	-0.008
74176	1	0.0000	0	-0.758	-35.477	33.884	0.09	-0.90	-0.72	15.704	-0.015	-0.004
74183	1	0.0000	0	-0.759	-35.477	33.882	-0.38	-0.68	-0.68	15.373	-0.017	-0.000
74191	1	0.0000	0	-0.750	-35.472	33.886	-0.23	-0.78	-1.04	15.093	-0.008	0.025
74198	1	0.0000	0	-0.730	-35.462	33.893	0.77	-1.17	-1.34	15.158	0.003	0.034
74204	1	0.0000	0	-0.721	-35.456	33.895	0.63	-1.20	-1.28	15.384	0.022	0.032
74211	1	0.0000	0	-0.713	-35.451	33.898	0.46	-1.30	-1.22	15.809	0.022	0.022
74218	1	0.0000	0	-0.705	-35.448	33.901	0.49	-1.08	-1.25	16.295	0.035	0.009
74225	1	0.0000	0	-0.693	-35.440	33.905	0.75	-1.06	-0.89	16.630	0.015	0.009
74232	1	0.0000	0	-0.687	-35.436	33.906	0.85	-0.78	-0.96	16.850	0.008	-0.028
74239	1	0.0000	0	-0.688	-35.435	33.905	0.45	-0.58	-0.76	17.034	-0.019	-0.045
74247	1	0.0000	0	-0.692	-35.436	33.902	-0.18	-0.19	-0.63	17.003	-0.019	-0.044
74254	1	0.0000	0	-0.683	-35.434	33.907	0.29	-0.19	-0.88	16.653	-0.003	-0.033
74261	1	0.0000	0	-0.669	-35.428	33.914	0.92	-0.33	-1.28	16.172	-0.004	-0.017
74268	1	0.0000	0	-0.661	-35.428	33.922	1.46	-0.80	-1.23	15.660	0.006	-0.020
74275	1	0.0000	0	-0.666	-35.434	33.922	0.84	-0.68	-0.94	15.294	0.013	-0.010
74282	1	0.0000	0	-0.664	-35.438	33.928	0.72	-0.90	-0.81	15.003	0.028	0.005
74289	1	0.0000	0	-0.662	-35.438	33.930	1.02	-0.94	-0.76	14.789	0.028	0.013
74296	1	0.0000	0	-0.657	-35.437	33.934	1.84	-1.04	-0.95	14.725	0.026	0.017
74303	1	0.0000	0	-0.661	-35.437	33.929	1.04	-0.60	-0.60	14.887	0.004	0.015
74310	1	0.0000	0	-0.653	-35.431	33.931	0.74	-0.24	-0.66	15.237	-0.005	0.016
74317	1	0.0000	0	-0.647	-35.424	33.929	0.42	-0.21	-0.89	15.608	-0.018	0.006
74324	1	0.0000	0	-0.627	-35.411	33.935	1.54	-0.12	-1.15	15.841	-0.038	0.012
74331	1	0.0000	0	-0.602	-35.396	33.942	1.74	0.11	-1.27	15.988	-0.026	-0.009
74338	1	0.0000	0	-0.575	-35.381	33.952	1.81	-0.06	-1.27	16.138	-0.018	-0.013
74345	1	0.0000	0	-0.565	-35.374	33.954	1.43	0.19	-0.93	16.077	-0.014	-0.024
74352	1	0.0000	0	-0.550	-35.367	33.959	1.73	0.04	-1.08	15.843	0.004	-0.022
74359	1	0.0000	0	-0.531	-35.357	33.967	1.83	0.41	-0.80	15.402	-0.001	-0.025
74366	1	0.0000	0	-0.519	-35.351	33.971	1.90	0.43	-0.69	14.926	0.004	-0.026
74373	1	0.0000	0	-0.508	-35.345	33.975	1.67	0.44	-0.25	14.607	0.010	-0.004
74380	1	0.0000	0	-0.501	-35.343	33.980	0.85	0.46	0.03	14.303	0.017	-0.003
74387	1	0.0000	0	-0.489	-35.338	33.985	1.30	0.30	0.04	14.084	0.020	0.011
74394	1	0.0000	0	-0.474	-35.330	33.990	1.38	0.28	-0.23	14.005	0.017	0.018
74401	1	0.0000	0	-0.450	-35.319	34.000	1.87	0.21	-0.22	13.989	0.030	0.009
74408	1	0.0000	0	-0.446	-35.315	34.001	1.27	0.52	-0.25	14.229	0.008	0.019
74415	1	0.0000	0	-0.435	-35.310	34.006	1.01	0.73	0.22	14.607	0.003	0.018
74422	1	0.0000	0	-0.418	-35.300	34.011	0.97	0.54	0.03	14.949	-0.010	0.018
74429	1	0.0000	0	-0.404	-35.294	34.016	0.71	0.74	-0.12	15.212	-0.020	0.021
74436	1	0.0000	0	-0.387	-35.285	34.023	1.34	1.09	0.06	15.439	-0.026	0.004
74443	1	0.0000	0	-0.384	-35.282	34.023	0.79	1.17	0.22	15.641	-0.026	-0.003
74450	1	0.0000	0	-0.382	-35.280	34.022	0.91	1.00	0.48	15.721	-0.028	-0.002
74457	1	0.0000	0	-0.375	-35.274	34.022	0.81	0.43	0.09	15.552	-0.008	0.009
74464	1	0.0000	0	-0.374	-35.268	34.018	0.59	0.90	-0.05	15.184	-0.013	0.012
74471	1	0.0000	0	-0.369	-35.263	34.017	0.81	0.98	-0.14	14.788	0.001	-0.002
74478	1	0.0000	0	-0.383	-35.266	34.008	0.23	1.42	0.21	14.440	-0.002	0.003
74485	1	0.0000	0	-0.388	-35.266	34.004	-0.19	1.15	0.37	14.183	0.010	0.000
74492	1	0.0000	0	-0.398	-35.268	33.997	-0.51	0.96	-0.07	13.929	0.003	-0.014
74499	1	0.0000	0	-0.393	-35.265	33.998	-0.02	1.06	-0.24	13.738	0.009	0.004
74506	1	0.0000	0	-0.390	-35.264	34.000	0.32	0.77	-0.18	13.661	0.019	-0.007
74513	1	0.0000	0	-0.393	-35.264	33.998	0.22	0.73	-0.04	13.799	0.022	-0.014
74520	1	0.0000	0	-0.400	-35.267	33.994	-0.13	0.24	0.06	14.101	0.028	-0.024
74527	1	0.0000	0	-0.396	-35.262	33.993	-0.24	-0.02	-0.20	14.373	0.007	-0.011
74534	1	0.0000	0	-0.392	-35.256	33.990	-0.44	0.42	-0.44	14.612	-0.003	-0.003
74541	1	0.0000	0	-0.387	-35.250	33.989	-0.33	0.74	-0.56	14.746	-0.023	0.015
74548	1	0.0000	0	-0.387	-35.244	33.983	-0.38	0.84	-0.29	14.736	-0.019	0.018
74555	1	0.0000	0	-0.399	-35.245	33.974	-1.27	0.96	-0.26	14.891	0.003	0.019
74562	1	0.0000	0	-0.392	-35.237	33.971	-1.33	0.97	-0.85	14.739	-0.013	0.036
74569	1	0.0000	0	-0.397	-35.235	33.966	-0.92	0.67	-1.06	14.406	-0.007	0.040
74576	1	0.0000	0	-0.395	-35.232	33.964	-0.56	0.35	-1.21	13.961	0.008	0.037
74584	1	0.0000	0	-0.395	-35.231	33.964	-0.44	-0.02	-1.06	13.536	0.011	0.027
74591	1	0.0000	0	-0.404	-35.236	33.961	-0.86	-0.23	-0.33	13.234	0.009	0.021
74597	1	0.0000	0	-0.430	-35.249	33.950	-1.37	-0.30	-0.39	13.004	0.018	0.008
74604	1	0.0000	0	-0.441	-35.256	33.948	-1.42	-0.27	-0.36	12.824	0.017	-0.018
74611	1	0.0000	0	-0.451	-35.260	33.942	-1.01	-0.62	-0.53	12.632	0.011	-0.027
74618	1	0.0000	0	-0.460	-35.264	33.938	-0.79	-0.79	-0.37	12.690	0.005	-0.049
74625	1	0.0000	0	-0.462	-35.263	33.936	-0.81	-0.97	-0.37	12.866	0.007	-0.058
74632	1	0.0000	0	-0.465	-35.263	33.932	-1.11	-1.02	-0.34	13.169	-0.005	-0.030
74640	1	0.0000	0	-0.475	-35.265	33.927	-1.17	-0.98	-0.64	13.522	-0.011	-0.009
74647	1	0.0000	0	-0.478	-35.265	33.923	-0.87	-1.09	-0.84	13.753	-0.007	-0.004
74654	1	0.0000	0	-0.473	-35.259	33.923	-0.33	-0.93	-1.11	13.943	-0.007	0.004
74661	1	0.0000	0	-0.478	-35.261	33.919	-0.13	-1.17	-0.75	14.109	0.020	0.025
74668	1	0.0000	0	-0.489	-35.264	33.913	-0.48	-1.07	-0.82	14.164	0.003	0.026
74675	1	0.0000	0	-0.490	-35.266	33.914	-1.01	-1.31	-0.89	14.158	0.010	0.029
74682	1	0.0000	0	-0.487	-35.265	33.915	-0.59	-1.33	-1.08	13.984	0.006	0.043
74689	1	0.0000	0	-0.482	-35.264	33.919	-0.12	-1.37	-1.30	13.626	0.003	0.021
74696	1	0.0000	0	-0.471	-35.260	33.925	0.40	-1.20	-1.47	13.216	-0.001	0.005
74703	1	0.0000	0	-0.467	-35.259	33.927	0.47	-1.47	-1.05	12.888	0.014	-0.016
74710	1	0.0000	0	-0.473	-35.265	33.928	0.05	-1.28	-1.03	12.652	0.019	-0.022
74717	1	0.0000	0	-0.480	-35.270	33.926	-0.02	-1.44	-1.02	12.465	0.017	-0.020
74724	1	0.0000	0	-0.473	-35.270	33.933	0.15	-1.20	-1.21	12.256	0.015	-0.038
74731	1	0.0000	0	-0.465	-35.270	33.940	0.42	-1.16	-1.00	12.129	0.014	-0.024
74738	1	0.0000	0	-0.472	-35.276	33.939	0.63	-0.95	-0.78	12.104	0.011	-0.026
74745	1	0.0000	0	-0.484	-35.285	33.938	0.45	-1.21	-0.44	12.256	0.011	-0.032
74752	1	0.0000	0	-0.482	-35.288	33.942	-0.04	-0.98	-0.29	12.508	0.025	-0.027
74759	1	0.0000	0	-0.478	-35.288	33.946	-0.24	-1.00	-0.39	12.727	0.004	-0.009
74766	1	0.0000	0	-0.470	-35.287	33.952	0.02	-1.09	-0.66	12.902	0.005	0.004
74773	1	0.0000	0	-0.454	-35.282	33.961	0.67	-1.09	-0.57	13.012	0.001	0.009
74780	1	0.0000	0	-0.437	-35.273	33.967	1.07	-0.92	-0.40	13.078	-0.009	0.029
74787	1	0.0000	0	-0.420	-35.264	33.974	0.85	-0.76	-0.24	13.172	-0.027	0.026
74794	1	0.0000	0	-0.412	-35.259	33.975	0.47	-0.53	-0.19	13.168	-0.040	0.019
74801	1	0.0000	0	-0.400	-35.249	33.976	0.41	-0.02	-0.54	13.072	-0.041	0.030
74808	1	0.0000	0	-0.381	-35.237	33.982	0.53	0.40	-0.56	12.778	-0.048	0.034
74815	1	0.0000	0	-0.359	-35.226	33.990	1.22	0.44	-0.43	12.428	-0.035	0.015
74822	1	0.0000	0	-0.342	-35.217	33.997	1.49	0.63	-0.68	12.110	-0.023	0.001
74829	1	0.0000	0	-0.340	-35.216	33.997	1.32	0.24	-0.02	11.885	0.004	-0.013
74836	1	0.0000	0	-0.340	-35.218	33.999	0.55	0.82	-0.05	11.686	0.019	-0.013
74843	1	0.0000	0	-0.343	-35.220	33.999	0.18	0.75	-0.12	11.490	0.040	-0.021
74850	1	0.0000	0	-0.338	-35.219	34.002	0.57	1.13	-0.16	11.363	0.057	-0.027
74857	1	0.0000	0	-0.335	-35.221	34.006	0.99	0.86	-0.09	11.276	0.064	-0.014
74864	1	0.0000	0	-0.344	-35.227	34.004	0.79	1.11	0.59	11.234	0.047	-0.020
74871	1	0.0000	0	-0.356	-35.234	34.001	0.35	1.36	0.67	11.384	0.031	-0.014
74878	1	0.0000	0	-0.366	-35.241	33.998	-0.39	1.35	1.00	11.632	0.002	0.001
74885	1	0.0000	0	-0.363	-35.241	34.001	-0.53	1.55	0.95	11.868	-0.015	0.017
74892	1	0.0000	0	-0.348	-35.233	34.007	0.10	1.28	0.69	12.046	-0.049	0.018
74899	1	0.0000	0	-0.335	-35.226	34.012	1.28	1.03	0.60	12.160	-0.062	0.043
74906	1	0.0000	0	-0.321	-35.217	34.015	1.77	0.71	0.54	12.289	-0.068	0.024
74913	1	0.0000	0	-0.314	-35.210	34.015	1.60	0.72	0.81	12.506	-0.071	0.027
74920	1	0.0000	0	-0.304	-35.200	34.014	1.12	1.21	0.69	12.526	-0.054	0.033
74927	1	0.0000	0	-0.300	-35.192	34.009	1.48	1.02	0.41	12.553	-0.060	0.022
74934	1	0.0000	0	-0.298	-35.185	34.004	1.20	1.41	0.20	12.409	-0.028	0.021
74941	1	0.0000	0	-0.295	-35.178	34.000	1.18	1.65	0.09	12.175	-0.011	0.006
74948	1	0.0000	0	-0.294	-35.173	33.995	1.61	1.87	-0.03	11.852	0.030	-0.012
74955	1	0.0000	0	-0.286	-35.170	34.001	0.84	1.69	0.39	11.624	0.068	-0.028
74962	1	0.0000	0	-0.287	-35.170	33.999	0.74	1.52	0.23	11.388	0.084	-0.024
74969	1	0.0000	0	-0.284	-35.170	34.001	0.67	1.04	0.26	11.252	0.098	-0.032
74976	1	0.0000	0	-0.286	-35.172	34.002	0.60	1.05	0.10	11.044	0.084	-0.022
74983	1	0.0000	0	-0.283	-35.173	34.005	1.25	0.71	0.11	10.860	0.081	-0.026
74990	1	0.0000	0	-0.291	-35.177	34.003	0.89	0.78	0.09	10.741	0.038	-0.021
74997	1	0.0000	0	-0.300	-35.184	34.000	1.32	0.59	0.68	10.695	0.002	-0.009
75004	1	0.0000	0	-0.322	-35.193	33.990	0.70	0.80	0.89	10.794	-0.037	-0.013
75011	1	0.0000	0	-0.333	-35.197	33.985	0.04	0.94	0.77	10.995	-0.058	-0.001
75018	1	0.0000	0	-0.337	-35.198	33.983	-0.17	0.73	0.56	11.165	-0.082	0.008
75025	1	0.0000	0	-0.329	-35.193	33.984	1.02	0.00	0.09	11.289	-0.088	0.011
75032	1	0.0000	0	-0.306	-35.180	33.991	1.64	-0.44	-0.18	11.356	-0.083	0.021
75039	1	0.0000	0	-0.280	-35.164	34.000	2.36	-0.74	-0.40	11.365	-0.052	0.027
# PULSE START on wheel Y: 0.0500 N*m for 1000 ms
75046	1	0.0500	1	-0.270	-35.157	34.001	2.49	-1.25	-0.22	11.430	-0.030	0.023
75053	1	0.0500	1	-0.266	-35.154	34.002	0.93	-0.53	-0.02	11.466	0.262	0.003
75060	1	0.0500	1	-0.261	-35.158	34.010	0.16	-2.41	-0.43	11.528	0.855	0.010
75067	1	0.0500	1	-0.260	-35.160	34.012	-0.91	-3.82	-1.76	11.454	1.437	0.039
75074	1	0.0500	1	-0.253	-35.154	34.013	-1.36	-4.91	-2.76	11.268	1.993	0.034
75081	1	0.0500	1	-0.250	-35.149	34.012	-1.79	-5.68	-3.88	11.008	2.652	0.020
75088	1	0.0500	1	-0.235	-35.141	34.016	-1.95	-7.16	-4.68	10.720	3.404	0.026
75095	1	0.0500	1	-0.233	-35.136	34.014	-3.77	-7.98	-5.84	10.456	4.097	0.014
75102	1	0.0500	1	-0.249	-35.137	34.001	-5.85	-7.53	-6.86	10.305	4.567	0.018
75109	1	0.0500	1	-0.260	-35.139	33.993	-7.47	-7.53	-7.56	10.186	5.123	-0.000
75116	1	0.0500	1	-0.276	-35.147	33.987	-7.63	-8.10	-8.21	10.058	5.605	-0.009
75123	1	0.0500	1	-0.274	-35.152	33.993	-7.37	-8.88	-9.16	9.940	6.017	-0.029
75130	1	0.0500	1	-0.259	-35.163	34.017	-6.80	-11.28	-9.66	9.710	6.542	-0.036
75137	1	0.0500	1	-0.249	-35.177	34.039	-6.01	-12.57	-9.48	9.709	6.956	-0.053
75144	1	0.0500	1	-0.234	-35.193	34.068	-7.16	-13.96	-9.05	9.746	7.490	-0.058
75151	1	0.0500	1	-0.238	-35.214	34.085	-8.20	-15.01	-8.88	9.886	7.983	-0.073
75158	1	0.0500	1	-0.263	-35.237	34.086	-10.02	-15.24	-9.89	10.107	8.489	-0.043
75165	1	0.0500	1	-0.269	-35.246	34.089	-10.94	-15.46	-11.06	10.318	9.034	-0.017
75172	1	0.0500	1	-0.279	-35.248	34.081	-11.85	-15.40	-12.64	10.488	9.513	0.009
75179	1	0.0500	1	-0.277	-35.238	34.073	-12.25	-15.12	-13.58	10.596	9.930	0.043
75186	1	0.0500	1	-0.278	-35.227	34.063	-13.37	-14.37	-14.48	10.661	10.356	0.045
75193	1	0.0500	1	-0.282	-35.221	34.054	-13.95	-14.29	-14.83	10.709	10.855	0.049
75200	1	0.0500	1	-0.279	-35.220	34.055	-14.68	-14.85	-14.70	10.901	11.452	0.045
75207	1	0.0500	1	-0.278	-35.230	34.065	-14.90	-15.78	-14.50	10.874	12.179	0.047
75214	1	0.0500	1	-0.272	-35.244	34.084	-13.69	-17.40	-15.25	10.870	13.052	0.026
75221	1	0.0500	1	-0.270	-35.259	34.101	-14.53	-18.31	-15.30	10.745	13.900	0.008
75228	1	0.0500	1	-0.272	-35.271	34.110	-15.41	-18.14	-15.12	10.527	14.684	-0.027
75235	1	0.0500	1	-0.284	-35.290	34.119	-16.73	-17.07	-14.66	10.294	15.373	-0.038
75242	1	0.0500	1	-0.300	-35.311	34.125	-17.92	-17.04	-13.50	10.049	16.053	-0.067
75249	1	0.0500	1	-0.333	-35.338	34.122	-17.52	-17.11	-14.25	9.856	16.651	-0.073
75256	1	0.0500	1	-0.357	-35.353	34.116	-18.16	-17.40	-14.80	9.740	17.009	-0.055
75263	1	0.0500	1	-0.372	-35.357	34.107	-19.10	-16.42	-15.90	9.594	17.082	-0.025
75270	1	0.0500	1	-0.387	-35.365	34.101	-18.79	-16.57	-16.48	9.454	17.048	0.002
75277	1	0.0500	1	-0.415	-35.382	34.093	-18.49	-16.04	-16.99	9.335	17.105	0.015
75284	1	0.0500	1	-0.445	-35.402	34.086	-17.54	-17.11	-17.62	9.171	17.336	0.042
75291	1	0.0500	1	-0.484	-35.424	34.073	-17.74	-16.62	-17.90	9.109	17.716	0.028
75298	1	0.0500	1	-0.543	-35.456	34.053	-18.80	-15.99	-17.36	9.102	18.319	0.005
75305	1	0.0500	1	-0.616	-35.496	34.027	-21.04	-15.96	-16.63	9.214	19.444	0.008
75313	1	0.0500	1	-0.695	-35.532	33.992	-22.80	-15.23	-16.24	9.409	20.756	0.008
75320	1	0.0500	1	-0.771	-35.565	33.959	-22.25	-14.35	-17.35	9.535	22.003	0.004
75327	1	0.0500	1	-0.819	-35.584	33.934	-22.38	-14.01	-17.35	9.643	23.034	-0.008
75334	1	0.0500	1	-0.857	-35.600	33.916	-21.63	-14.97	-17.88	9.671	23.699	-0.004
75341	1	0.0500	1	-0.881	-35.607	33.902	-20.75	-15.06	-18.14	9.688	23.747	0.004
75348	1	0.0500	1	-0.916	-35.620	33.884	-19.75	-14.76	-18.70	9.708	23.452	0.010
75355	1	0.0500	1	-0.949	-35.633	33.867	-18.69	-15.32	-19.00	9.709	23.274	-0.023
75362	1	0.0500	1	-0.992	-35.648	33.844	-19.74	-15.28	-19.05	9.771	23.414	-0.027
75369	1	0.0500	1	-1.062	-35.675	33.809	-21.65	-14.47	-18.15	9.874	24.164	-0.019
75376	1	0.0500	1	-1.127	-35.702	33.779	-22.67	-14.28	-17.53	9.835	25.533	-0.016
75383	1	0.0500	1	-1.191	-35.730	33.748	-22.02	-14.17	-18.71	9.718	27.025	-0.005
75390	1	0.0500	1	-1.235	-35.744	33.724	-22.04	-13.81	-18.53	9.505	28.192	-0.019
75397	1	0.0500	1	-1.278	-35.762	33.703	-22.32	-14.24	-17.92	9.280	28.581	-0.002
75404	1	0.0500	1	-1.330	-35.778	33.673	-21.59	-14.07	-17.66	9.041	28.001	0.004
75411	1	0.0500	1	-1.382	-35.794	33.643	-21.04	-14.39	-17.89	8.845	27.190	-0.003
75418	1	0.0500	1	-1.436	-35.807	33.608	-21.16	-14.93	-18.18	8.729	26.812	-0.015
75425	1	0.0500	1	-1.495	-35.819	33.569	-22.12	-14.38	-17.98	8.660	27.409	0.002
75433	1	0.0500	1	-1.571	-35.842	33.524	-22.37	-13.88	-17.91	8.539	29.167	0.015
75440	1	0.0500	1	-1.634	-35.858	33.483	-21.71	-13.92	-18.65	8.386	31.385	0.016
75447	1	0.0500	1	-1.696	-35.873	33.443	-21.18	-14.09	-18.90	8.274	33.073	0.015
75454	1	0.0500	1	-1.749	-35.887	33.410	-21.15	-14.10	-18.39	8.209	33.473	0.014
75460	1	0.0500	1	-1.811	-35.907	33.375	-19.78	-14.27	-18.31	8.024	32.672	0.001
75468	1	0.0500	1	-1.869	-35.930	33.347	-19.51	-14.89	-18.50	8.008	31.903	-0.027
75475	1	0.0500	1	-1.933	-35.955	33.315	-20.40	-14.96	-17.96	8.084	32.208	-0.013
75482	1	0.0500	1	-1.997	-35.982	33.285	-20.82	-15.04	-17.36	8.214	33.912	-0.013
75489	1	0.0500	1	-2.068	-36.012	33.252	-20.46	-15.23	-17.63	8.357	36.026	-0.014
75496	1	0.0500	1	-2.115	-36.029	33.227	-20.31	-15.74	-17.28	8.468	36.906	-0.007
75503	1	0.0500	1	-2.155	-36.045	33.208	-19.68	-16.55	-17.31	8.499	36.004	0.009
75510	1	0.0500	1	-2.197	-36.061	33.187	-18.57	-16.83	-17.50	8.523	34.448	0.022
75517	1	0.0500	1	-2.244	-36.079	33.162	-18.02	-16.90	-17.66	8.558	34.193	0.016
75524	1	0.0500	1	-2.289	-36.096	33.139	-18.39	-16.92	-17.17	8.584	35.880	0.009
75531	1	0.0500	1	-2.347	-36.119	33.110	-18.55	-17.17	-16.65	8.618	38.790	-0.006
75538	1	0.0500	1	-2.410	-36.144	33.079	-19.15	-16.76	-16.15	8.800	40.631	-0.011
75545	1	0.0500	1	-2.464	-36.168	33.055	-20.26	-16.68	-16.07	8.773	40.089	-0.010
75552	1	0.0500	1	-2.505	-36.187	33.038	-19.60	-17.25	-15.95	8.825	38.506	0.013
75559	1	0.0500	1	-2.534	-36.200	33.025	-18.98	-17.41	-16.20	8.764	38.351	0.011
75566	1	0.0500	1	-2.541	-36.209	33.027	-17.89	-17.81	-16.78	8.613	40.460	0.023
75573	1	0.0500	1	-2.547	-36.219	33.031	-16.28	-18.51	-17.05	8.421	43.063	0.015
75580	1	0.0500	1	-2.560	-36.235	33.036	-16.03	-19.33	-16.48	8.204	43.306	0.003
75587	1	0.0500	1	-2.582	-36.256	33.036	-15.35	-19.31	-16.03	8.001	41.143	-0.002
75594	1	0.0500	1	-2.617	-36.285	33.034	-15.93	-18.91	-15.63	7.844	39.546	-0.026
75601	1	0.0500	1	-2.675	-36.317	33.014	-17.22	-17.69	-14.50	7.782	41.014	-0.016
75608	1	0.0500	1	-2.729	-36.349	32.997	-18.22	-16.85	-14.35	7.690	44.735	-0.043
75615	1	0.0500	1	-2.780	-36.378	32.981	-18.73	-16.54	-14.04	7.687	47.037	-0.021
75622	1	0.0500	1	-2.809	-36.396	32.973	-18.72	-16.58	-14.43	7.589	45.870	-0.002
75629	1	0.0500	1	-2.813	-36.411	32.985	-17.43	-17.19	-14.69	7.430	44.130	0.025
75636	1	0.0500	1	-2.818	-36.425	32.994	-16.24	-17.75	-14.90	7.331	45.171	0.037
75643	1	0.0500	1	-2.815	-36.435	33.006	-14.74	-18.01	-15.07	7.153	48.317	0.037
75650	1	0.0500	1	-2.828	-36.456	33.015	-14.24	-18.41	-14.86	7.057	49.237	0.027
75657	1	0.0500	1	-2.866	-36.481	33.006	-14.81	-17.99	-14.18	6.999	46.516	0.009
75664	1	0.0500	1	-2.905	-36.509	33.000	-15.72	-17.78	-13.80	6.995	45.016	-0.024
75671	1	0.0500	1	-2.962	-36.543	32.982	-17.54	-16.72	-12.83	7.086	47.576	-0.022
75678	1	0.0500	1	-3.015	-36.574	32.965	-19.03	-15.77	-12.40	7.179	51.594	-0.022
75685	1	0.0500	1	-3.055	-36.600	32.955	-19.00	-15.67	-12.74	7.282	51.641	-0.009
75692	1	0.0500	1	-3.073	-36.616	32.956	-18.66	-15.90	-13.05	7.347	49.014	0.010
75699	1	0.0500	1	-3.061	-36.621	32.970	-17.09	-16.28	-14.03	7.302	49.463	0.032
75706	1	0.0500	1	-3.054	-36.629	32.984	-15.42	-17.09	-14.67	7.324	53.095	0.047
75713	1	0.0500	1	-3.048	-36.642	33.003	-14.06	-17.65	-14.10	7.241	54.111	0.039
75720	1	0.0500	1	-3.055	-36.660	33.013	-14.02	-17.61	-14.50	7.215	50.717	0.014
75727	1	0.0500	1	-3.087	-36.687	33.012	-14.69	-16.75	-13.11	7.157	49.293	0.003
75734	1	0.0500	1	-3.134	-36.722	33.005	-15.90	-16.11	-12.12	7.186	53.327	-0.032
75741	1	0.0500	1	-3.197	-36.760	32.986	-17.35	-14.38	-10.92	7.217	57.247	-0.050
75749	1	0.0500	1	-3.257	-36.795	32.968	-18.88	-13.25	-10.31	7.308	55.389	-0.052
75756	1	0.0500	1	-3.308	-36.822	32.949	-19.40	-12.67	-10.15	7.343	53.527	-0.025
75763	1	0.0500	1	-3.331	-36.840	32.947	-18.68	-12.79	-10.54	7.281	56.527	0.007
75770	1	0.0500	1	-3.343	-36.854	32.949	-17.22	-13.10	-11.36	7.233	59.092	0.033
75777	1	0.0500	1	-3.348	-36.867	32.958	-15.49	-13.46	-11.89	7.029	55.766	0.067
75784	1	0.0500	1	-3.359	-36.882	32.963	-14.86	-14.23	-11.97	6.872	53.835	0.065
75791	1	0.0500	1	-3.382	-36.902	32.962	-14.22	-14.31	-11.79	6.666	58.153	0.056
75798	1	0.0500	1	-3.436	-36.935	32.946	-14.76	-13.42	-11.50	6.511	61.570	0.031
75805	1	0.0500	1	-3.508	-36.973	32.919	-16.27	-12.16	-10.41	6.321	58.435	0.003
75812	1	0.0500	1	-3.591	-37.016	32.889	-17.99	-11.12	-9.63	6.235	57.721	-0.035
75819	1	0.0500	1	-3.663	-37.052	32.861	-18.50	-10.02	-9.05	6.096	62.187	-0.040
75826	1	0.0500	1	-3.721	-37.086	32.842	-18.07	-10.40	-8.57	6.080	62.200	-0.025
75833	1	0.0500	1	-3.752	-37.107	32.836	-17.30	-9.84	-8.95	6.022	57.618	-0.038
75840	1	0.0500	1	-3.764	-37.118	32.837	-15.91	-10.48	-10.02	5.976	59.095	-0.021
75847	1	0.0500	1	-3.766	-37.123	32.840	-13.62	-10.88	-10.43	5.879	65.137	-0.015
75854	1	0.0500	1	-3.768	-37.130	32.845	-12.28	-12.07	-10.15	5.799	64.278	-0.003
75861	1	0.0500	1	-3.789	-37.141	32.837	-11.21	-11.80	-10.22	5.681	61.594	0.008
75869	1	0.0500	1	-3.839	-37.166	32.817	-12.00	-11.25	-9.67	5.624	65.576	-0.007
75876	1	0.0500	1	-3.913	-37.199	32.783	-13.30	-9.74	-8.51	5.403	66.690	-0.023
75883	1	0.0500	1	-4.009	-37.241	32.740	-15.08	-8.36	-7.47	5.445	61.638	0.001
75890	1	0.0500	1	-4.091	-37.279	32.706	-16.30	-7.09	-6.37	5.370	63.546	-0.002
75897	1	0.0500	1	-4.167	-37.315	32.673	-17.27	-7.04	-5.98	5.346	69.282	0.016
75904	1	0.0500	1	-4.210	-37.342	32.661	-16.17	-7.71	-5.35	5.291	66.816	0.019
75911	1	0.0500	1	-4.232	-37.364	32.664	-14.91	-8.39	-5.60	5.356	65.102	0.044
75918	1	0.0500	1	-4.234	-37.377	32.674	-12.74	-9.76	-6.19	5.373	70.215	0.057
75925	1	0.0500	1	-4.224	-37.385	32.691	-11.15	-10.14	-6.66	5.492	68.575	0.058
75932	1	0.0500	1	-4.212	-37.389	32.706	-9.42	-10.48	-7.52	5.524	64.225	0.048
75939	1	0.0500	1	-4.219	-37.395	32.706	-8.61	-9.98	-7.88	5.576	69.576	0.032
75946	1	0.0500	1	-4.255	-37.412	32.691	-8.65	-8.58	-7.87	5.581	73.134	0.006
75953	1	0.0500	1	-4.315	-37.434	32.659	-9.71	-6.71	-7.20	5.589	68.894	-0.040
75960	1	0.0500	1	-4.399	-37.463	32.613	-10.81	-5.23	-6.84	5.584	71.645	-0.073
75968	1	0.0500	1	-4.485	-37.498	32.571	-11.79	-3.89	-5.93	5.483	73.951	-0.083
75974	1	0.0500	1	-4.565	-37.533	32.535	-12.63	-3.33	-5.02	5.476	68.355	-0.110
75981	1	0.0500	1	-4.620	-37.562	32.515	-12.28	-3.41	-4.24	5.344	71.263	-0.098
75988	1	0.0500	1	-4.660	-37.591	32.509	-11.42	-4.93	-3.68	5.351	76.586	-0.081
75995	1	0.0500	1	-4.675	-37.613	32.517	-10.23	-6.03	-3.66	5.247	72.193	-0.037
76003	1	0.0500	1	-4.676	-37.626	32.528	-7.89	-7.22	-4.07	5.207	74.164	0.004
76010	1	0.0500	1	-4.674	-37.637	32.541	-7.05	-8.15	-4.31	5.377	77.690	0.053
76016	1	0.0500	1	-4.669	-37.642	32.549	-6.23	-7.65	-4.67	5.334	71.511	0.076
76023	1	0.0500	1	-4.678	-37.645	32.544	-6.08	-6.75	-4.98	5.375	73.770	0.096
76030	1	0.0500	1	-4.697	-37.645	32.528	-6.34	-5.86	-4.88	5.407	80.166	0.082
76037	1	0.0500	1	-4.730	-37.646	32.500	-6.64	-4.27	-4.68	5.389	75.790	0.085
76044	1	0.0500	1	-4.771	-37.649	32.467	-7.71	-2.56	-4.78	5.375	77.765	0.052
# PULSE END
76051	1	0.0000	0	-4.807	-37.654	32.440	-7.29	-1.59	-4.16	5.218	80.572	0.041
76058	1	0.0000	0	-4.868	-37.660	32.392	-7.67	0.40	-4.51	5.155	73.749	0.009
76065	1	0.0000	0	-4.912	-37.666	32.359	-7.45	2.93	-3.45	4.960	77.596	-0.033
76072	1	0.0000	0	-4.940	-37.683	32.351	-5.30	3.01	-1.03	4.744	80.678	-0.075
76079	1	0.0000	0	-4.957	-37.706	32.359	-3.19	2.34	1.33	4.633	75.314	-0.127
76086	1	0.0000	0	-4.945	-37.725	32.388	0.27	2.01	3.17	4.424	79.458	-0.151
76093	1	0.0000	0	-4.922	-37.739	32.422	2.04	1.72	4.01	4.289	78.685	-0.147
76100	1	0.0000	0	-4.901	-37.747	32.449	4.39	1.89	5.40	4.211	72.561	-0.128
76107	1	0.0000	0	-4.882	-37.745	32.463	6.68	3.21	6.55	4.037	78.625	-0.092
76114	1	0.0000	0	-4.885	-37.737	32.452	7.19	5.44	7.30	4.016	79.947	-0.048
76121	1	0.0000	0	-4.911	-37.725	32.418	6.56	8.06	7.32	4.105	75.286	0.004
76128	1	0.0000	0	-4.941	-37.705	32.372	6.33	11.48	7.62	4.057	79.988	0.063
76135	1	0.0000	0	-4.978	-37.690	32.325	5.63	13.45	8.46	4.083	76.773	0.099
76142	1	0.0000	0	-5.011	-37.680	32.286	5.27	14.63	9.55	4.128	72.838	0.141
76149	1	0.0000	0	-5.017	-37.670	32.270	7.10	15.19	10.11	4.014	79.612	0.167
76156	1	0.0000	0	-5.005	-37.664	32.276	8.38	14.49	10.81	3.958	77.601	0.166
76163	1	0.0000	0	-4.983	-37.665	32.296	10.61	13.70	11.58	3.917	74.874	0.132
76170	1	0.0000	0	-4.943	-37.660	32.326	13.87	12.62	12.58	3.740	80.051	0.104
76177	1	0.0000	0	-4.911	-37.657	32.352	15.98	12.23	14.35	3.605	75.092	0.049
76184	1	0.0000	0	-4.892	-37.655	32.366	16.79	12.61	15.16	3.557	72.568	-0.016
76191	1	0.0000	0	-4.875	-37.638	32.365	17.98	14.45	16.14	3.383	79.847	-0.059
76198	1	0.0000	0	-4.875	-37.616	32.344	18.76	16.85	17.41	3.211	76.791	-0.103
76205	1	0.0000	0	-4.891	-37.591	32.305	17.74	20.17	17.44	3.185	75.390	-0.126
76212	1	0.0000	0	-4.905	-37.559	32.261	17.60	22.69	17.80	3.113	79.639	-0.104
76219	1	0.0000	0	-4.902	-37.520	32.226	18.34	23.50	18.16	2.899	73.653	-0.088
76226	1	0.0000	0	-4.895	-37.492	32.205	18.98	24.16	18.65	2.779	73.439	-0.069
76233	1	0.0000	0	-4.877	-37.471	32.200	19.44	23.86	19.12	2.815	79.677	-0.033
76240	1	0.0000	0	-4.836	-37.454	32.221	20.72	22.34	20.20	2.779	74.934	0.011
76247	1	0.0000	0	-4.777	-37.439	32.257	22.79	20.75	20.69	2.609	75.529	0.027
76254	1	0.0000	0	-4.706	-37.422	32.304	25.23	19.88	21.64	2.493	79.111	0.054
76261	1	0.0000	0	-4.654	-37.410	32.337	25.97	19.62	22.34	2.546	72.377	0.042
76268	1	0.0000	0	-4.609	-37.394	32.361	25.59	20.15	23.13	2.685	73.538	0.064
76275	1	0.0000	0	-4.566	-37.364	32.370	25.90	21.06	23.60	2.710	79.600	0.065
76282	1	0.0000	0	-4.527	-37.324	32.366	25.95	22.22	23.45	2.671	74.648	0.065
76289	1	0.0000	0	-4.500	-37.279	32.345	25.72	24.68	23.23	2.726	75.853	0.067
76296	1	0.0000	0	-4.476	-37.231	32.319	24.21	26.42	22.80	2.863	78.254	0.058
76303	1	0.0000	0	-4.447	-37.189	32.304	23.86	26.96	22.91	2.898	71.709	0.042
76310	1	0.0000	0	-4.401	-37.150	32.307	24.95	26.81	22.40	2.832	74.376	0.040
76317	1	0.0000	0	-4.350	-37.121	32.323	25.74	26.15	22.70	2.827	78.790	0.013
76324	1	0.0000	0	-4.295	-37.102	32.353	25.88	25.37	22.70	2.908	73.358	-0.015
76332	1	0.0000	0	-4.225	-37.089	32.402	26.82	23.63	23.92	2.916	76.155	-0.050
76339	1	0.0000	0	-4.150	-37.073	32.453	28.81	22.21	24.83	2.770	77.521	-0.089
76346	1	0.0000	0	-4.071	-37.053	32.502	30.10	21.62	25.29	2.616	70.723	-0.100
76353	1	0.0000	0	-4.016	-37.032	32.530	30.18	22.09	25.59	2.593	74.696	-0.103
76360	1	0.0000	0	-3.968	-37.000	32.542	29.53	23.68	25.70	2.612	78.553	-0.082
76367	1	0.0000	0	-3.925	-36.956	32.537	29.09	25.47	25.42	2.484	73.312	-0.052
76374	1	0.0000	0	-3.880	-36.903	32.525	28.94	27.16	24.93	2.263	76.098	-0.008
76381	1	0.0000	0	-3.834	-36.849	32.512	28.85	28.60	24.21	2.049	76.954	0.040
76388	1	0.0000	0	-3.801	-36.805	32.499	28.28	29.59	24.33	1.970	70.537	0.055
76395	1	0.0000	0	-3.765	-36.772	32.498	27.07	29.70	24.79	1.968	74.921	0.081
76402	1	0.0000	0	-3.719	-36.747	32.514	26.94	28.48	25.30	1.946	77.613	0.083
76409	1	0.0000	0	-3.647	-36.723	32.554	28.35	26.60	25.66	1.820	72.377	0.078
76416	1	0.0000	0	-3.555	-36.696	32.609	29.70	25.64	26.01	1.585	75.992	0.071
76423	1	0.0000	0	-3.455	-36.669	32.670	31.69	24.19	26.21	1.330	76.322	0.042
76430	1	0.0000	0	-3.367	-36.641	32.721	33.15	23.50	26.82	1.134	69.872	0.003
76437	1	0.0000	0	-3.293	-36.608	32.755	33.27	23.85	27.61	1.008	74.210	-0.029
76444	1	0.0000	0	-3.240	-36.571	32.765	32.00	25.34	27.61	0.963	77.817	-0.073
76451	1	0.0000	0	-3.201	-36.528	32.757	30.34	26.74	27.54	1.007	72.637	-0.059
76458	1	0.0000	0	-3.167	-36.480	32.741	28.38	28.83	27.21	1.056	75.321	-0.049
76465	1	0.0000	0	-3.128	-36.431	32.726	27.13	29.95	26.59	1.098	76.333	-0.048
76472	1	0.0000	0	-3.074	-36.382	32.726	26.89	29.81	25.49	1.117	70.051	-0.020
76479	1	0.0000	0	-3.002	-36.334	32.742	27.63	29.21	24.72	1.098	73.641	0.016
76486	1	0.0000	0	-2.914	-36.295	32.783	28.81	27.17	24.32	0.988	77.222	0.035
76493	1	0.0000	0	-2.823	-36.270	32.839	30.12	24.62	24.71	0.844	71.977	0.032
76500	1	0.0000	0	-2.739	-36.251	32.894	30.96	22.91	25.69	0.698	74.744	0.012
76507	1	0.0000	0	-2.674	-36.241	32.942	30.88	22.06	26.40	0.555	76.369	-0.004
76514	1	0.0000	0	-2.615	-36.226	32.979	30.00	21.71	27.53	0.422	69.658	-0.031
76521	1	0.0000	0	-2.573	-36.208	32.998	28.71	22.82	28.03	0.290	72.453	-0.031
76528	1	0.0000	0	-2.529	-36.178	33.008	27.62	24.76	27.80	0.185	77.441	-0.001
76535	1	0.0000	0	-2.484	-36.136	33.007	26.97	26.51	27.13	0.060	72.493	0.016
76542	1	0.0000	0	-2.435	-36.085	33.000	26.75	27.47	26.18	-0.053	73.820	0.048
76549	1	0.0000	0	-2.371	-36.031	33.004	26.92	27.95	25.01	-0.170	76.422	0.051
76556	1	0.0000	0	-2.304	-35.985	33.017	27.17	27.34	24.31	-0.275	70.082	0.056
76563	1	0.0000	0	-2.237	-35.951	33.044	27.39	26.09	24.18	-0.383	71.640	0.048
76570	1	0.0000	0	-2.174	-35.932	33.080	27.62	24.67	24.41	-0.480	76.958	0.011
76577	1	0.0000	0	-2.119	-35.925	33.121	27.36	23.03	24.94	-0.568	72.213	-0.013
76584	1	0.0000	0	-2.078	-35.928	33.161	26.91	21.67	26.01	-0.645	72.779	-0.040
76590	1	0.0000	0	-2.033	-35.930	33.203	25.84	21.01	26.47	-0.694	76.476	-0.041
76598	1	0.0000	0	-1.983	-35.922	33.238	25.25	20.96	26.69	-0.719	70.184	-0.043
76605	1	0.0000	0	-1.939	-35.905	33.261	24.53	21.10	26.31	-0.740	70.173	-0.039
76612	1	0.0000	0	-1.884	-35.870	33.275	24.05	21.83	25.65	-0.692	76.806	-0.020
76619	1	0.0000	0	-1.817	-35.820	33.285	23.32	22.79	23.83	-0.643	72.791	0.015
76626	1	0.0000	0	-1.760	-35.772	33.289	23.07	23.22	22.28	-0.546	72.172	0.029
76633	1	0.0000	0	-1.707	-35.728	33.293	22.01	23.45	20.68	-0.430	76.218	0.053
76640	1	0.0000	0	-1.660	-35.691	33.298	21.70	22.76	19.99	-0.293	70.812	0.082
76647	1	0.0000	0	-1.628	-35.674	33.309	20.49	21.59	19.51	-0.151	69.664	0.075
76654	1	0.0000	0	-1.603	-35.672	33.330	19.17	19.93	19.42	0.018	76.187	0.050
76661	1	0.0000	0	-1.580	-35.683	33.361	18.11	18.05	19.62	0.176	72.712	0.014
76668	1	0.0000	0	-1.561	-35.697	33.392	17.66	16.60	19.73	0.310	71.132	0.007
76675	1	0.0000	0	-1.538	-35.710	33.424	17.23	15.06	20.10	0.415	75.971	-0.020
76682	1	0.0000	0	-1.505	-35.709	33.453	16.60	14.08	19.38	0.495	71.077	-0.025
76689	1	0.0000	0	-1.466	-35.697	33.475	16.66	13.86	18.38	0.527	68.489	-0.024
76696	1	0.0000	0	-1.426	-35.672	33.485	16.93	14.25	16.87	0.547	75.274	-0.032
76703	1	0.0000	0	-1.387	-35.637	33.485	16.76	14.36	15.67	0.542	73.981	-0.023
76710	1	0.0000	0	-1.356	-35.598	33.475	16.19	15.09	14.24	0.487	70.650	-0.009
76717	1	0.0000	0	-1.333	-35.563	33.461	14.97	15.90	12.96	0.442	75.356	-0.017
76724	1	0.0000	0	-1.329	-35.540	33.443	13.68	16.37	12.30	0.363	72.068	-0.015
76731	1	0.0000	0	-1.336	-35.535	33.432	12.34	15.99	12.54	0.265	68.210	-0.030
76739	1	0.0000	0	-1.338	-35.539	33.434	11.70	15.21	12.80	0.174	74.372	-0.036
76746	1	0.0000	0	-1.333	-35.552	33.450	10.94	13.58	13.07	0.055	73.896	-0.027
76753	1	0.0000	0	-1.318	-35.567	33.478	11.34	11.46	13.73	-0.070	69.883	-0.022
76760	1	0.0000	0	-1.291	-35.577	33.511	11.66	9.47	13.82	-0.194	74.399	-0.017
76767	1	0.0000	0	-1.257	-35.577	33.542	12.21	8.11	13.58	-0.324	73.027	-0.009
76774	1	0.0000	0	-1.219	-35.568	33.566	12.12	8.03	13.33	-0.393	67.360	0.005
76780	1	0.0000	0	-1.187	-35.550	33.577	11.60	7.92	12.26	-0.438	72.304	0.028
76787	1	0.0000	0	-1.161	-35.522	33.573	10.93	8.70	10.88	-0.454	75.261	0.061
76794	1	0.0000	0	-1.144	-35.491	33.557	9.73	9.70	9.28	-0.433	70.303	0.070
76801	1	0.0000	0	-1.140	-35.462	33.533	8.72	10.60	8.44	-0.364	72.743	0.101
76808	1	0.0000	0	-1.144	-35.442	33.510	6.95	11.19	6.87	-0.275	74.313	0.082
76815	1	0.0000	0	-1.155	-35.438	33.495	5.23	10.52	6.19	-0.173	68.156	0.062
76822	1	0.0000	0	-1.162	-35.444	33.496	4.44	8.74	6.23	-0.067	70.200	0.048
76829	1	0.0000	0	-1.164	-35.461	33.511	3.83	6.96	6.19	0.053	75.224	0.010
76836	1	0.0000	0	-1.154	-35.482	33.540	4.10	4.09	6.78	0.122	70.654	-0.030
76843	1	0.0000	0	-1.137	-35.500	33.573	4.39	1.65	6.50	0.196	70.821	-0.065
76850	1	0.0000	0	-1.116	-35.515	33.606	4.70	-0.29	6.22	0.251	74.864	-0.072
76857	1	0.0000	0	-1.095	-35.520	33.629	4.59	-0.99	5.34	0.281	69.050	-0.063
76865	1	0.0000	0	-1.078	-35.511	33.635	3.80	-0.34	4.00	0.286	68.339	-0.072
76872	1	0.0000	0	-1.074	-35.497	33.625	3.45	0.12	3.16	0.266	74.831	-0.059
76879	1	0.0000	0	-1.081	-35.479	33.601	1.82	1.67	1.33	0.222	72.031	-0.038
76885	1	0.0000	0	-1.094	-35.463	33.574	0.43	3.10	-0.18	0.203	69.780	-0.020
76892	1	0.0000	0	-1.110	-35.453	33.551	-0.66	3.84	-1.00	0.140	74.297	-0.002
76899	1	0.0000	0	-1.127	-35.454	33.537	-1.23	3.19	-1.48	0.070	70.805	0.012
76906	1	0.0000	0	-1.144	-35.467	33.534	-1.66	2.09	-1.53	0.001	67.090	0.014
76914	1	0.0000	0	-1.155	-35.489	33.546	-1.74	-0.03	-1.23	-0.073	73.439	0.023
76921	1	0.0000	0	-1.158	-35.514	33.567	-1.58	-2.67	-0.66	-0.137	72.539	0.000
76928	1	0.0000	0	-1.167	-35.544	33.589	-1.72	-4.76	-0.33	-0.185	68.825	0.011
76935	1	0.0000	0	-1.167	-35.568	33.612	-2.07	-5.49	-0.62	-0.213	73.380	0.012
76942	1	0.0000	0	-1.168	-35.581	33.624	-2.50	-6.04	-0.91	-0.216	71.967	0.032
76949	1	0.0000	0	-1.164	-35.577	33.623	-3.08	-5.64	-1.89	-0.220	66.292	0.050
76956	1	0.0000	0	-1.163	-35.561	33.609	-4.10	-4.51	-3.27	-0.189	70.928	0.057
76963	1	0.0000	0	-1.162	-35.539	33.589	-4.41	-3.39	-4.41	-0.149	74.217	0.071
76970	1	0.0000	0	-1.159	-35.514	33.566	-5.18	-2.38	-5.91	-0.099	69.240	0.071
76977	1	0.0000	0	-1.158	-35.491	33.545	-5.77	-1.87	-7.31	-0.048	71.438	0.049
76984	1	0.0000	0	-1.161	-35.481	33.533	-6.03	-2.54	-8.07	0.003	73.239	0.018
76991	1	0.0000	0	-1.172	-35.485	33.527	-6.48	-3.62	-8.02	0.063	67.192	-0.013
76998	1	0.0000	0	-1.192	-35.505	33.529	-7.37	-5.33	-7.65	0.132	68.809	-0.071
77005	1	0.0000	0	-1.214	-35.532	33.535	-7.80	-7.03	-7.10	0.154	74.049	-0.097
77012	1	0.0000	0	-1.240	-35.563	33.543	-8.28	-8.54	-6.70	0.168	69.796	-0.108
77019	1	0.0000	0	-1.262	-35.591	33.551	-8.91	-9.62	-6.14	0.178	69.294	-0.119
77026	1	0.0000	0	-1.285	-35.612	33.551	-9.20	-9.91	-6.42	0.174	73.630	-0.090
77033	1	0.0000	0	-1.297	-35.619	33.547	-9.04	-10.41	-6.50	0.129	68.346	-0.075
77041	1	0.0000	0	-1.299	-35.610	33.537	-8.93	-9.68	-7.76	0.084	66.419	-0.026
77048	1	0.0000	0	-1.297	-35.593	33.522	-8.50	-9.13	-8.95	0.009	72.932	0.017
77055	1	0.0000	0	-1.303	-35.576	33.500	-8.69	-8.02	-10.60	-0.040	71.784	0.059
77062	1	0.0000	0	-1.318	-35.564	33.475	-8.82	-7.70	-11.32	-0.087	68.236	0.087
77068	1	0.0000	0	-1.340	-35.562	33.454	-9.48	-7.38	-11.61	-0.109	72.472	0.081
77075	1	0.0000	0	-1.375	-35.576	33.436	-10.28	-7.62	-11.33	-0.130	71.105	0.067
77082	1	0.0000	0	-1.415	-35.602	33.427	-11.02	-8.74	-10.63	-0.114	65.843	0.048
77090	1	0.0000	0	-1.458	-35.636	33.422	-11.79	-9.98	-9.88	-0.104	70.372	0.034
77097	1	0.0000	0	-1.494	-35.673	33.426	-11.85	-11.89	-9.28	-0.099	72.700	-0.005
77104	1	0.0000	0	-1.516	-35.703	33.436	-11.78	-13.10	-8.67	-0.067	67.777	-0.024
77111	1	0.0000	0	-1.529	-35.725	33.446	-11.91	-13.68	-8.81	-0.047	70.417	-0.044
77118	1	0.0000	0	-1.537	-35.737	33.451	-11.63	-14.31	-8.67	-0.019	72.461	-0.048
77125	1	0.0000	0	-1.531	-35.732	33.451	-11.34	-14.21	-9.70	0.002	66.257	-0.039
77132	1	0.0000	0	-1.527	-35.719	33.443	-10.92	-13.57	-10.54	0.003	67.090	-0.031
77139	1	0.0000	0	-1.531	-35.703	33.423	-10.94	-13.39	-11.23	0.016	73.120	-0.030
77146	1	0.0000	0	-1.540	-35.690	33.403	-10.94	-12.71	-11.60	0.040	69.905	-0.004
77153	1	0.0000	0	-1.564	-35.683	33.375	-11.75	-11.93	-12.20	0.065	68.379	0.009
77160	1	0.0000	0	-1.597	-35.691	33.354	-12.36	-11.76	-12.39	0.088	72.588	0.011
77167	1	0.0000	0	-1.633	-35.711	33.341	-13.23	-12.45	-11.78	0.107	68.462	0.001
77174	1	0.0000	0	-1.677	-35.745	33.336	-13.52	-13.34	-11.03	0.099	65.451	-0.003
77181	1	0.0000	0	-1.713	-35.784	33.342	-13.72	-14.91	-10.00	0.091	71.356	0.000
77188	1	0.0000	0	-1.747	-35.830	33.357	-13.70	-16.73	-9.05	0.072	71.219	-0.007
77195	1	0.0000	0	-1.774	-35.871	33.373	-13.43	-18.42	-8.15	0.033	66.948	0.012
77202	1	0.0000	0	-1.793	-35.906	33.390	-12.51	-19.27	-7.70	0.001	70.722	0.013
77209	1	0.0000	0	-1.801	-35.928	33.405	-12.37	-18.98	-8.02	-0.050	71.128	0.019
77217	1	0.0000	0	-1.803	-35.940	33.414	-11.71	-19.15	-8.19	-0.092	64.814	0.028
77224	1	0.0000	0	-1.809	-35.943	33.412	-11.19	-18.32	-9.01	-0.112	67.879	0.021
77231	1	0.0000	0	-1.817	-35.943	33.406	-10.98	-17.44	-9.78	-0.119	72.626	0.028
77238	1	0.0000	0	-1.830	-35.945	33.396	-11.48	-16.41	-10.31	-0.115	68.295	0.015
77245	1	0.0000	0	-1.857	-35.954	33.382	-11.60	-15.99	-10.51	-0.081	68.119	-0.007
77252	1	0.0000	0	-1.886	-35.977	33.378	-12.10	-15.83	-10.17	-0.050	71.967	-0.017
77259	1	0.0000	0	-1.919	-36.013	33.383	-12.74	-16.37	-9.41	-0.026	66.974	-0.049
77266	1	0.0000	0	-1.946	-36.056	33.401	-12.75	-17.73	-8.36	0.021	65.245	-0.061
77273	1	0.0000	0	-1.966	-36.104	33.430	-12.27	-19.46	-7.32	0.049	71.388	-0.065
77280	1	0.0000	0	-1.976	-36.151	33.468	-11.39	-21.78	-6.52	0.049	69.866	-0.051
77287	1	0.0000	0	-1.973	-36.192	33.511	-10.60	-22.94	-6.04	0.054	66.362	-0.040
77294	1	0.0000	0	-1.966	-36.224	33.548	-9.71	-23.89	-6.29	0.058	70.623	-0.025
77301	1	0.0000	0	-1.962	-36.248	33.574	-9.36	-23.81	-6.73	0.044	69.978	0.001
77308	1	0.0000	0	-1.962	-36.267	33.593	-8.87	-23.03	-7.26	0.026	64.120	0.021
77315	1	0.0000	0	-1.960	-36.277	33.605	-9.48	-21.69	-7.57	0.026	67.304	0.043
77323	1	0.0000	0	-1.964	-36.289	33.613	-9.55	-20.52	-8.13	0.009	71.893	0.060
77329	1	0.0000	0	-1.970	-36.302	33.620	-9.82	-19.10	-8.44	0.009	67.348	0.072
77337	1	0.0000	0	-1.976	-36.322	33.635	-9.64	-18.45	-8.74	-0.017	67.714	0.067
77344	1	0.0000	0	-1.978	-36.351	33.660	-9.14	-19.02	-8.36	-0.035	71.308	0.047
77351	1	0.0000	0	-1.984	-36.386	33.690	-8.53	-19.94	-8.15	-0.046	66.448	0.031
77358	1	0.0000	0	-1.981	-36.428	33.734	-7.88	-21.13	-7.61	-0.048	64.485	-0.006
77365	1	0.0000	0	-1.972	-36.473	33.785	-7.49	-22.48	-6.97	-0.038	70.415	-0.027
77372	1	0.0000	0	-1.966	-36.518	33.835	-7.22	-23.38	-6.13	-0.027	69.620	-0.059
77379	1	0.0000	0	-1.957	-36.562	33.885	-6.91	-24.11	-5.82	-0.012	65.646	-0.060
77386	1	0.0000	0	-1.941	-36.596	33.932	-6.93	-23.88	-5.50	0.004	69.588	-0.056
77393	1	0.0000	0	-1.912	-36.616	33.978	-6.63	-23.66	-5.71	0.016	69.383	-0.036
77400	1	0.0000	0	-1.870	-36.624	34.022	-5.76	-22.88	-6.40	0.025	63.521	-0.015
77407	1	0.0000	0	-1.826	-36.626	34.062	-5.23	-21.92	-7.35	0.001	66.285	0.024
77414	1	0.0000	0	-1.778	-36.620	34.099	-4.64	-21.01	-8.43	0.014	71.229	0.034
77421	1	0.0000	0	-1.733	-36.614	34.132	-3.89	-20.34	-8.80	0.008	67.334	0.052
77428	1	0.0000	0	-1.697	-36.617	34.167	-4.16	-19.46	-8.87	0.020	66.346	0.050
77435	1	0.0000	0	-1.674	-36.630	34.200	-4.11	-19.33	-8.74	0.026	70.474	0.052
77442	1	0.0000	0	-1.652	-36.651	34.240	-4.37	-19.43	-7.97	0.031	66.692	0.018
77449	1	0.0000	0	-1.632	-36.680	34.286	-4.77	-19.96	-7.03	0.045	63.392	-0.004
77457	1	0.0000	0	-1.611	-36.715	34.339	-4.39	-20.58	-6.26	0.052	68.933	-0.033
77464	1	0.0000	0	-1.586	-36.750	34.394	-4.10	-21.38	-5.32	0.034	69.547	-0.054
77470	1	0.0000	0	-1.547	-36.774	34.452	-3.49	-21.98	-4.71	0.017	65.023	-0.042
77477	1	0.0000	0	-1.500	-36.788	34.507	-2.55	-22.04	-4.85	-0.000	67.795	-0.026
77484	1	0.0000	0	-1.442	-36.789	34.560	-1.44	-21.84	-5.52	-0.023	69.760	-0.010
77491	1	0.0000	0	-1.380	-36.783	34.608	-0.59	-21.25	-6.22	-0.063	63.914	0.008
77499	1	0.0000	0	-1.317	-36.772	34.652	-0.24	-20.16	-6.61	-0.071	63.903	0.026
77506	1	0.0000	0	-1.261	-36.759	34.690	0.07	-18.84	-6.86	-0.072	69.950	0.026
77513	1	0.0000	0	-1.209	-36.751	34.727	0.23	-17.76	-6.72	-0.057	68.008	0.018
77520	1	0.0000	0	-1.159	-36.744	34.765	0.01	-17.12	-6.61	-0.046	64.899	0.005
77526	1	0.0000	0	-1.117	-36.748	34.805	-0.03	-16.76	-5.99	-0.034	68.881	-0.022
77534	1	0.0000	0	-1.074	-36.758	34.853	-0.11	-16.49	-5.54	-0.012	68.041	-0.027
77541	1	0.0000	0	-1.035	-36.772	34.901	0.13	-16.68	-4.86	0.019	62.732	-0.046
77547	1	0.0000	0	-0.988	-36.786	34.956	0.50	-17.32	-4.37	0.027	65.550	-0.054
77554	1	0.0000	0	-0.938	-36.799	35.013	-0.03	-17.37	-3.90	0.061	69.867	-0.049
77561	1	0.0000	0	-0.880	-36.809	35.073	0.60	-18.07	-3.29	0.068	65.744	-0.032
77568	1	0.0000	0	-0.816	-36.816	35.136	0.99	-18.50	-2.52	0.077	64.891	-0.019
77575	1	0.0000	0	-0.753	-36.818	35.194	1.43	-18.60	-2.01	0.061	69.255	-0.011
77582	1	0.0000	0	-0.678	-36.808	35.250	2.16	-18.59	-1.91	0.046	66.128	0.022
77589	1	0.0000	0	-0.608	-36.790	35.295	3.01	-17.59	-1.96	0.025	61.717	0.034
77596	1	0.0000	0	-0.533	-36.768	35.339	3.53	-16.51	-2.61	0.008	66.430	0.045
77603	1	0.0000	0	-0.466	-36.747	35.377	3.84	-14.95	-2.79	-0.030	69.404	0.039
77610	1	0.0000	0	-0.406	-36.729	35.413	3.50	-13.77	-2.56	-0.039	64.932	0.038
77617	1	0.0000	0	-0.359	-36.719	35.445	3.16	-12.61	-2.01	-0.043	65.496	0.018
77624	1	0.0000	0	-0.318	-36.720	35.481	2.48	-11.97	-1.02	-0.026	68.962	-0.010
77631	1	0.0000	0	-0.279	-36.729	35.524	2.27	-12.02	0.40	-0.020	64.649	-0.035
77638	1	0.0000	0	-0.233	-36.740	35.575	2.12	-12.78	2.06	-0.024	61.982	-0.031
77645	1	0.0000	0	-0.189	-36.755	35.628	2.65	-13.52	2.79	-0.016	67.270	-0.061
77652	1	0.0000	0	-0.135	-36.769	35.690	3.32	-14.29	3.41	-0.008	68.147	-0.054
77659	1	0.0000	0	-0.078	-36.780	35.751	4.59	-15.05	3.86	-0.018	63.622	-0.024
77666	1	0.0000	0	-0.018	-36.784	35.808	4.95	-15.11	3.89	-0.017	65.946	-0.009
77673	1	0.0000	0	0.039	-36.786	35.860	5.14	-14.75	4.07	-0.003	68.415	0.019
77680	1	0.0000	0	0.091	-36.786	35.905	5.45	-14.11	4.19	-0.007	63.085	0.026
77687	1	0.0000	0	0.137	-36.783	35.943	5.78	-13.05	4.38	0.022	61.647	0.038
77694	1	0.0000	0	0.175	-36.782	35.976	5.28	-11.58	4.46	0.044	67.549	0.048
77701	1	0.0000	0	0.217	-36.781	36.012	5.28	-10.88	4.81	0.047	67.545	0.047
77708	1	0.0000	0	0.261	-36.779	36.048	5.23	-9.81	5.28	0.044	63.389	0.036
77715	1	0.0000	0	0.298	-36.783	36.085	5.37	-9.25	5.75	0.041	65.945	0.013
77722	1	0.0000	0	0.342	-36.790	36.130	5.88	-8.97	6.64	0.029	67.813	0.004
77729	1	0.0000	0	0.387	-36.797	36.177	5.72	-9.01	6.94	0.011	62.526	-0.008
77736	1	0.0000	0	0.424	-36.814	36.226	6.68	-10.12	7.73	-0.005	61.959	-0.013
77743	1	0.0000	0	0.461	-36.836	36.280	7.38	-10.51	8.48	-0.013	67.565	-0.017
77750	1	0.0000	0	0.496	-36.857	36.332	7.62	-11.09	8.50	-0.020	66.387	-0.017
77757	1	0.0000	0	0.525	-36.880	36.379	7.90	-10.94	8.91	-0.010	62.592	-0.019
77764	1	0.0000	0	0.557	-36.902	36.429	8.22	-10.15	8.76	-0.010	65.843	-0.008
77771	1	0.0000	0	0.588	-36.919	36.473	8.32	-9.57	8.82	-0.020	67.238	0.022
77778	1	0.0000	0	0.628	-36.931	36.519	8.95	-8.75	8.53	-0.034	61.474	0.022
77785	1	0.0000	0	0.677	-36.934	36.566	9.48	-8.07	8.16	-0.042	61.489	0.020
77792	1	0.0000	0	0.726	-36.934	36.609	10.03	-7.73	8.33	-0.038	67.315	0.035
77799	1	0.0000	0	0.780	-36.932	36.654	10.68	-7.30	7.99	-0.042	66.160	0.023
77806	1	0.0000	0	0.833	-36.929	36.698	11.13	-6.76	7.75	-0.016	62.537	0.024
77813	1	0.0000	0	0.877	-36.930	36.738	11.14	-6.02	7.63	-0.016	65.759	0.020
77820	1	0.0000	0	0.919	-36.933	36.777	11.00	-5.37	7.76	0.022	66.631	0.018
77827	1	0.0000	0	0.957	-36.940	36.817	10.71	-4.90	7.89	0.043	61.248	0.003
77834	1	0.0000	0	0.990	-36.952	36.859	9.97	-4.67	8.29	0.057	61.554	-0.020
77840	1	0.0000	0	1.033	-36.963	36.907	9.96	-4.50	8.55	0.062	66.915	-0.022
77848	1	0.0000	0	1.084	-36.971	36.959	10.33	-4.84	8.74	0.061	65.186	-0.029
77855	1	0.0000	0	1.144	-36.974	37.015	11.15	-4.98	8.70	0.033	61.750	-0.042
77861	1	0.0000	0	1.216	-36.967	37.072	11.91	-5.00	8.59	0.024	65.225	-0.035
77868	1	0.0000	0	1.289	-36.959	37.128	12.81	-4.74	7.74	-0.001	66.258	-0.021
77875	1	0.0000	0	1.362	-36.946	37.180	13.45	-4.16	7.37	-0.028	60.761	-0.008
77882	1	0.0000	0	1.423	-36.933	37.221	13.52	-3.33	6.99	-0.043	60.782	0.015
77890	1	0.0000	0	1.481	-36.918	37.258	13.39	-2.16	6.60	-0.050	66.440	0.010
77897	1	0.0000	0	1.526	-36.908	37.288	13.10	-1.14	6.50	-0.040	65.317	0.025
77904	1	0.0000	0	1.565	-36.901	37.315	12.66	-0.04	6.47	-0.027	61.670	0.015
77911	1	0.0000	0	1.599	-36.896	37.340	12.17	0.75	6.49	-0.016	65.040	0.014
77918	1	0.0000	0	1.632	-36.892	37.365	12.07	1.30	6.35	0.003	65.611	0.011
77925	1	0.0000	0	1.669	-36.888	37.394	11.56	1.82	6.45	0.008	60.323	0.007
77932	1	0.0000	0	1.708	-36.885	37.425	11.56	1.61	6.67	0.021	60.727	-0.013
77939	1	0.0000	0	1.757	-36.877	37.461	11.71	0.81	6.57	0.041	66.023	-0.013
77946	1	0.0000	0	1.807	-36.871	37.498	12.13	0.07	6.78	0.043	64.536	-0.010
77953	1	0.0000	0	1.868	-36.857	37.538	12.58	-0.41	6.82	0.030	60.968	-0.015
77960	1	0.0000	0	1.927	-36.840	37.574	12.98	-0.48	6.49	0.021	64.045	0.007
77967	1	0.0000	0	1.984	-36.820	37.605	13.16	0.08	5.85	0.015	65.683	0.021
77974	1	0.0000	0	2.039	-36.798	37.632	12.92	1.10	5.39	0.012	60.433	0.032
77981	1	0.0000	0	2.092	-36.774	37.655	12.82	2.21	5.12	0.007	59.521	0.024
77988	1	0.0000	0	2.135	-36.750	37.670	12.81	2.77	4.99	-0.004	65.093	0.030
77995	1	0.0000	0	2.177	-36.729	37.686	12.31	3.41	4.85	-0.006	65.105	0.024
78002	1	0.0000	0	2.218	-36.710	37.703	12.40	3.95	5.38	-0.028	61.075	-0.005
78009	1	0.0000	0	2.257	-36.693	37.721	12.51	4.01	5.53	-0.030	63.052	-0.024
78016	1	0.0000	0	2.292	-36.679	37.739	12.61	4.05	5.39	-0.039	65.544	-0.035
78023	1	0.0000	0	2.332	-36.665	37.760	12.65	3.57	5.52	-0.041	60.932	-0.033
78030	1	0.0000	0	2.363	-36.658	37.780	12.50	3.25	5.98	-0.027	58.952	-0.037
78037	1	0.0000	0	2.392	-36.650	37.799	11.88	2.91	5.99	0.011	64.434	-0.030
78044	1	0.0000	0	2.425	-36.643	37.821	11.34	2.58	6.43	0.031	64.718	-0.018
78051	1	0.0000	0	2.458	-36.634	37.841	10.91	2.79	6.56	0.047	60.488	-0.019
78058	1	0.0000	0	2.496	-36.624	37.864	10.37	2.67	6.79	0.055	62.068	0.007
78065	1	0.0000	0	2.545	-36.604	37.888	10.29	3.29	6.89	0.038	65.281	0.016
78072	1	0.0000	0	2.603	-36.579	37.914	10.45	3.85	6.49	0.028	60.947	0.023
78079	1	0.0000	0	2.665	-36.548	37.940	10.74	4.17	6.29	0.011	57.946	0.053
78086	1	0.0000	0	2.728	-36.517	37.964	10.82	4.66	6.26	-0.002	62.636	0.038
78093	1	0.0000	0	2.782	-36.489	37.985	10.61	5.73	6.55	-0.003	65.305	0.023
78101	1	0.0000	0	2.824	-36.469	38.002	9.55	6.66	7.22	-0.013	60.958	-0.004
78108	1	0.0000	0	2.851	-36.458	38.016	8.57	7.34	8.16	-0.007	61.059	-0.041
78114	1	0.0000	0	2.869	-36.451	38.024	7.65	8.35	8.91	-0.006	64.670	-0.057
78121	1	0.0000	0	2.882	-36.448	38.033	7.34	7.84	9.52	0.001	61.974	-0.061
78128	1	0.0000	0	2.885	-36.451	38.039	7.07	8.19	9.53	-0.009	57.899	-0.052
78135	1	0.0000	0	2.883	-36.456	38.041	6.97	8.07	9.75	-0.010	60.996	-0.039
78142	1	0.0000	0	2.872	-36.467	38.042	7.10	7.57	9.60	-0.022	64.857	-0.032
78149	1	0.0000	0	2.856	-36.479	38.040	6.42	7.78	9.55	0.012	61.362	-0.002
78156	1	0.0000	0	2.838	-36.494	38.039	6.48	7.60	9.98	-0.010	59.564	0.019
78163	1	0.0000	0	2.819	-36.511	38.038	6.02	7.24	10.48	0.013	63.452	0.032
78170	1	0.0000	0	2.795	-36.527	38.033	5.85	7.59	10.83	-0.003	62.956	0.035
78177	1	0.0000	0	2.776	-36.539	38.028	6.06	7.80	11.04	-0.001	57.776	0.042
78184	1	0.0000	0	2.756	-36.547	38.017	5.97	8.73	10.84	-0.015	58.657	0.068
78191	1	0.0000	0	2.740	-36.551	38.008	6.18	9.13	10.55	-0.014	63.946	0.074
78198	1	0.0000	0	2.724	-36.554	37.997	6.58	9.82	9.77	-0.016	62.966	0.058
78205	1	0.0000	0	2.707	-36.557	37.985	6.64	10.30	9.55	-0.016	59.332	0.065
78212	1	0.0000	0	2.691	-36.561	37.975	6.27	10.97	9.35	-0.013	61.744	0.038
78219	1	0.0000	0	2.657	-36.577	37.960	5.51	11.45	9.75	-0.001	63.787	0.003
78226	1	0.0000	0	2.622	-36.596	37.948	4.77	11.29	10.97	0.020	59.293	-0.024
78233	1	0.0000	0	2.586	-36.619	37.939	4.23	10.85	11.83	0.032	57.315	-0.058
78240	1	0.0000	0	2.554	-36.643	37.935	4.46	9.70	12.23	0.028	62.163	-0.074
78247	1	0.0000	0	2.534	-36.659	37.932	4.64	9.40	12.45	0.026	63.521	-0.071
78254	1	0.0000	0	2.519	-36.673	37.932	5.21	9.13	12.36	-0.000	59.343	-0.064
78261	1	0.0000	0	2.504	-36.684	37.930	5.31	9.06	12.02	-0.008	59.625	-0.046
78268	1	0.0000	0	2.486	-36.694	37.924	5.49	9.19	11.81	-0.017	63.410	-0.018
78275	1	0.0000	0	2.467	-36.705	37.918	5.13	9.55	11.91	-0.021	60.974	0.001
78282	1	0.0000	0	2.441	-36.717	37.907	4.87	10.28	11.86	-0.020	56.369	0.012
78289	1	0.0000	0	2.405	-36.735	37.892	4.76	11.02	12.09	-0.012	59.222	0.032
78296	1	0.0000	0	2.367	-36.751	37.875	4.09	12.10	11.78	-0.002	63.727	0.044
78304	1	0.0000	0	2.332	-36.768	37.861	4.28	12.65	11.89	-0.026	60.797	0.044
78310	1	0.0000	0	2.289	-36.788	37.842	4.24	12.53	11.94	-0.016	58.539	0.035
78317	1	0.0000	0	2.247	-36.810	37.826	4.40	12.48	11.72	-0.013	61.908	0.037
78324	1	0.0000	0	2.200	-36.834	37.809	4.40	12.48	11.73	-0.013	62.341	0.030
78331	1	0.0000	0	2.150	-36.862	37.792	4.41	12.20	11.88	0.005	57.469	-0.006
78338	1	0.0000	0	2.096	-36.892	37.774	4.01	12.31	12.17	0.013	57.134	-0.020
78345	1	0.0000	0	2.043	-36.922	37.756	4.01	11.68	12.49	0.033	62.290	-0.029
78352	1	0.0000	0	1.992	-36.952	37.740	4.10	11.22	12.55	0.015	62.024	-0.041
78360	1	0.0000	0	1.944	-36.980	37.725	4.53	10.97	12.47	0.015	57.922	-0.048
78367	1	0.0000	0	1.901	-37.001	37.708	5.13	10.89	11.96	0.016	59.784	-0.026
78374	1	0.0000	0	1.864	-37.017	37.691	5.31	11.11	11.66	-0.006	62.743	-0.017
78381	1	0.0000	0	1.831	-37.029	37.673	5.82	10.89	11.26	-0.009	59.016	0.002
78388	1	0.0000	0	1.798	-37.041	37.656	6.09	11.08	11.01	-0.018	55.521	0.016
78395	1	0.0000	0	1.763	-37.052	37.636	6.40	11.50	10.92	-0.025	59.239	0.016
78402	1	0.0000	0	1.729	-37.060	37.615	6.24	12.44	10.56	-0.017	62.937	0.016
78408	1	0.0000	0	1.691	-37.072	37.592	5.64	12.93	10.36	-0.015	59.792	0.018
78415	1	0.0000	0	1.653	-37.085	37.571	5.71	13.00	10.43	-0.004	57.773	0.019
78422	1	0.0000	0	1.617	-37.099	37.554	5.80	12.32	10.70	0.006	61.164	0.001
78430	1	0.0000	0	1.583	-37.113	37.538	6.29	11.86	11.09	-0.004	61.436	0.002
78437	1	0.0000	0	1.552	-37.128	37.524	6.21	11.50	11.00	-0.002	56.577	-0.002
78444	1	0.0000	0	1.522	-37.144	37.514	6.79	10.76	10.95	0.001	56.487	-0.012
78450	1	0.0000	0	1.488	-37.164	37.503	6.96	9.89	11.12	0.009	61.414	-0.006
78457	1	0.0000	0	1.457	-37.182	37.494	6.88	9.45	11.11	0.015	61.429	-0.002
78464	1	0.0000	0	1.432	-37.194	37.484	6.74	9.36	10.93	0.020	57.401	-0.009
78471	1	0.0000	0	1.404	-37.208	37.472	6.39	9.75	10.88	0.024	58.399	0.004
78478	1	0.0000	0	1.377	-37.219	37.459	5.94	10.03	10.31	0.027	61.900	0.011
78485	1	0.0000	0	1.363	-37.224	37.451	6.43	10.17	10.10	0.017	59.034	0.020
78492	1	0.0000	0	1.360	-37.223	37.448	7.22	10.21	9.70	-0.005	54.873	0.022
78499	1	0.0000	0	1.359	-37.219	37.443	7.78	10.55	9.43	-0.015	57.640	0.029
78506	1	0.0000	0	1.359	-37.216	37.441	8.83	10.82	8.42	-0.037	62.011	0.041
78513	1	0.0000	0	1.352	-37.216	37.434	9.51	11.16	7.20	-0.050	59.868	0.030
78520	1	0.0000	0	1.338	-37.222	37.427	9.73	11.24	7.11	-0.054	56.925	0.005
78527	1	0.0000	0	1.310	-37.237	37.417	9.06	11.25	7.56	-0.036	59.562	-0.024
78534	1	0.0000	0	1.275	-37.257	37.406	8.34	10.97	8.66	-0.010	61.329	-0.071
78541	1	0.0000	0	1.246	-37.272	37.395	7.40	10.32	9.83	0.019	57.094	-0.109
78548	1	0.0000	0	1.219	-37.287	37.387	6.94	9.61	10.67	0.039	54.961	-0.115
78556	1	0.0000	0	1.210	-37.291	37.382	7.47	9.16	10.39	0.044	59.698	-0.076
78563	1	0.0000	0	1.217	-37.285	37.382	7.74	8.90	9.53	0.054	61.226	-0.051
78570	1	0.0000	0	1.236	-37.269	37.383	8.61	8.77	8.26	0.029	57.332	-0.001
78576	1	0.0000	0	1.260	-37.248	37.385	9.13	8.86	6.80	0.019	56.827	0.052
78583	1	0.0000	0	1.282	-37.228	37.384	9.33	8.94	6.53	-0.001	60.559	0.075
78590	1	0.0000	0	1.298	-37.215	37.386	9.30	8.78	6.62	0.019	59.777	0.077
78597	1	0.0000	0	1.304	-37.210	37.385	8.37	9.30	7.23	0.028	54.989	0.070
78604	1	0.0000	0	1.303	-37.207	37.383	7.17	9.61	7.80	0.024	55.119	0.052
78611	1	0.0000	0	1.306	-37.206	37.384	6.22	10.26	8.54	0.007	60.091	0.025
78618	1	0.0000	0	1.310	-37.208	37.389	6.56	10.11	9.08	-0.008	60.572	0.013
78625	1	0.0000	0	1.318	-37.206	37.394	6.08	10.42	9.14	-0.030	56.515	-0.014
78632	1	0.0000	0	1.326	-37.205	37.400	6.18	10.63	9.26	-0.059	57.446	-0.027
78639	1	0.0000	0	1.331	-37.203	37.403	6.35	10.28	8.91	-0.062	60.632	-0.029
78646	1	0.0000	0	1.334	-37.202	37.405	6.32	9.90	9.22	-0.067	58.148	-0.034
78653	1	0.0000	0	1.332	-37.203	37.404	6.52	9.62	9.29	-0.053	54.220	-0.038
78660	1	0.0000	0	1.314	-37.213	37.397	5.88	9.39	9.74	-0.023	56.256	-0.023
78667	1	0.0000	0	1.285	-37.224	37.382	4.68	9.50	9.77	0.012	60.530	-0.009
78674	1	0.0000	0	1.246	-37.242	37.365	4.19	9.36	9.98	0.050	58.763	-0.007
78681	1	0.0000	0	1.213	-37.257	37.351	3.73	8.97	10.19	0.061	55.459	0.006
78688	1	0.0000	0	1.183	-37.268	37.336	3.57	9.70	10.05	0.078	57.566	0.021
78695	1	0.0000	0	1.155	-37.278	37.320	3.35	10.31	9.45	0.060	60.225	0.042
78702	1	0.0000	0	1.130	-37.283	37.304	3.32	10.62	9.07	0.031	56.468	0.048
78709	1	0.0000	0	1.119	-37.285	37.297	3.50	10.66	8.94	0.032	53.226	0.039
78716	1	0.0000	0	1.109	-37.290	37.293	4.00	10.87	8.98	0.014	56.515	0.019
78723	1	0.0000	0	1.095	-37.297	37.287	4.04	11.06	9.17	-0.010	60.405	-0.004
78730	1	0.0000	0	1.073	-37.307	37.277	4.17	11.04	9.58	-0.034	58.010	-0.016
78737	1	0.0000	0	1.048	-37.317	37.265	4.25	10.88	10.20	-0.043	55.341	-0.039
78744	1	0.0000	0	1.015	-37.332	37.250	4.11	10.64	10.47	-0.048	57.888	-0.046
78751	1	0.0000	0	0.975	-37.350	37.232	3.56	10.97	10.37	-0.039	59.718	-0.070
78758	1	0.0000	0	0.928	-37.370	37.211	2.65	11.28	10.34	-0.028	55.770	-0.043
78765	1	0.0000	0	0.879	-37.390	37.187	2.08	11.29	10.69	-0.021	53.321	-0.031
78772	1	0.0000	0	0.833	-37.409	37.165	1.68	11.10	11.28	0.010	57.085	-0.005
78779	1	0.0000	0	0.790	-37.431	37.149	1.40	11.02	11.11	0.013	59.829	0.006
78786	1	0.0000	0	0.747	-37.452	37.131	1.18	10.56	11.26	0.017	56.610	0.029
78793	1	0.0000	0	0.717	-37.467	37.120	1.39	10.10	11.40	0.018	54.640	0.044
78800	1	0.0000	0	0.687	-37.481	37.107	2.17	9.55	11.71	0.000	57.808	0.037
78807	1	0.0000	0	0.661	-37.493	37.096	2.24	9.76	11.32	-0.003	59.116	0.050
78814	1	0.0000	0	0.629	-37.505	37.079	2.41	10.24	11.19	-0.006	54.876	0.030
78821	1	0.0000	0	0.594	-37.515	37.058	2.48	10.75	10.83	-0.022	52.513	0.040
78828	1	0.0000	0	0.553	-37.527	37.034	2.55	11.51	10.64	-0.033	56.437	0.009
78834	1	0.0000	0	0.507	-37.544	37.010	2.56	12.08	10.69	-0.035	59.545	0.012
78842	1	0.0000	0	0.452	-37.564	36.981	2.09	13.01	10.33	-0.042	56.475	-0.016
78849	1	0.0000	0	0.394	-37.588	36.954	2.08	13.01	10.76	-0.043	54.539	-0.032
78856	1	0.0000	0	0.341	-37.612	36.930	2.47	12.14	11.36	-0.029	57.486	-0.044
78863	1	0.0000	0	0.288	-37.638	36.909	2.98	11.34	11.85	-0.023	58.657	-0.061
78870	1	0.0000	0	0.234	-37.668	36.890	3.25	11.37	11.45	-0.005	54.536	-0.052
78876	1	0.0000	0	0.177	-37.697	36.869	3.31	10.39	11.52	0.000	52.579	-0.029
78883	1	0.0000	0	0.125	-37.725	36.850	3.62	9.77	10.98	0.017	56.357	-0.013
78890	1	0.0000	0	0.065	-37.754	36.825	3.63	9.86	10.47	0.037	58.976	0.026
78897	1	0.0000	0	0.005	-37.780	36.797	3.19	10.64	9.70	0.053	55.837	0.046
78904	1	0.0000	0	-0.051	-37.802	36.770	3.06	10.79	9.16	0.058	53.861	0.067
78911	1	0.0000	0	-0.099	-37.819	36.744	3.13	10.95	8.71	0.060	56.951	0.069
78918	1	0.0000	0	-0.138	-37.835	36.726	3.97	10.96	8.29	0.023	58.274	0.070
78925	1	0.0000	0	-0.168	-37.845	36.708	4.37	11.13	8.03	0.014	54.106	0.058
78932	1	0.0000	0	-0.186	-37.849	36.697	5.43	10.54	7.88	-0.044	51.722	0.023
78939	1	0.0000	0	-0.202	-37.853	36.687	6.85	10.01	7.52	-0.071	55.396	-0.004
78946	1	0.0000	0	-0.215	-37.853	36.676	7.52	9.96	7.11	-0.069	58.738	-0.022
78953	1	0.0000	0	-0.234	-37.855	36.661	7.27	10.04	6.85	-0.088	56.197	-0.033
78960	1	0.0000	0	-0.262	-37.863	36.643	7.30	9.88	6.78	-0.077	53.702	-0.068
78967	1	0.0000	0	-0.289	-37.867	36.624	7.51	9.46	6.88	-0.046	56.141	-0.063
78974	1	0.0000	0	-0.317	-37.873	36.605	7.44	9.63	6.87	-0.021	58.045	-0.065
78981	1	0.0000	0	-0.347	-37.879	36.584	6.82	9.57	6.29	0.010	54.345	-0.057
78988	1	0.0000	0	-0.363	-37.880	36.571	6.88	8.60	6.36	0.033	51.725	-0.028
78995	1	0.0000	0	-0.372	-37.879	36.562	6.84	7.82	6.01	0.063	54.731	-0.012
79002	1	0.0000	0	-0.372	-37.876	36.560	7.27	7.33	5.86	0.067	58.200	0.009
79009	1	0.0000	0	-0.369	-37.871	36.558	7.44	6.57	5.61	0.071	55.881	0.020
79016	1	0.0000	0	-0.357	-37.862	36.559	7.50	5.77	5.50	0.056	53.066	0.023
79023	1	0.0000	0	-0.339	-37.852	36.565	7.85	5.22	5.39	0.073	55.228	0.050
79030	1	0.0000	0	-0.319	-37.840	36.570	8.13	5.06	5.05	0.040	57.785	0.045
79037	1	0.0000	0	-0.296	-37.826	36.578	7.86	5.26	4.91	0.028	54.761	0.058
79044	1	0.0000	0	-0.274	-37.813	36.585	7.93	4.96	4.61	0.004	51.015	0.052
79051	1	0.0000	0	-0.251	-37.799	36.591	8.06	5.34	4.64	-0.009	53.442	0.040
79058	1	0.0000	0	-0.229	-37.786	36.597	7.92	5.65	4.78	-0.027	57.597	0.003
79065	1	0.0000	0	-0.208	-37.776	36.606	7.92	5.68	5.06	-0.048	56.525	-0.010
79072	1	0.0000	0	-0.186	-37.765	36.615	7.42	5.14	5.04	-0.056	53.200	-0.024
79079	1	0.0000	0	-0.167	-37.759	36.626	7.95	5.43	5.50	-0.062	54.265	-0.028
79086	1	0.0000	0	-0.150	-37.754	36.636	7.60	4.80	5.74	-0.058	57.236	-0.031
79093	1	0.0000	0	-0.134	-37.749	36.646	7.63	4.16	6.14	-0.049	55.401	-0.026
79100	1	0.0000	0	-0.122	-37.748	36.655	7.55	3.20	6.64	-0.019	51.389	-0.031
79107	1	0.0000	0	-0.111	-37.745	36.662	7.13	3.19	6.55	0.002	52.228	-0.028
79114	1	0.0000	0	-0.102	-37.743	36.667	6.44	2.78	6.48	0.020	56.596	-0.009
79121	1	0.0000	0	-0.092	-37.738	36.672	5.90	2.39	6.25	0.052	56.417	0.010
79128	1	0.0000	0	-0.078	-37.733	36.679	5.43	2.53	6.05	0.069	52.853	0.023
79135	1	0.0000	0	-0.061	-37.725	36.686	5.52	3.02	5.59	0.080	53.040	0.039
79142	1	0.0000	0	-0.037	-37.716	36.698	4.97	3.09	5.31	0.057	56.431	0.050
79149	1	0.0000	0	-0.011	-37.706	36.712	5.15	2.77	5.25	0.048	55.831	0.041
79156	1	0.0000	0	0.020	-37.699	36.733	5.63	2.75	5.32	0.020	51.504	0.031
79163	1	0.0000	0	0.050	-37.694	36.754	5.96	2.94	5.33	-0.012	50.618	0.013
79170	1	0.0000	0	0.078	-37.691	36.775	6.21	2.35	5.35	-0.037	54.807	0.000
79177	1	0.0000	0	0.097	-37.693	36.794	6.16	2.31	5.75	-0.063	57.030	-0.015
79183	1	0.0000	0	0.105	-37.700	36.808	6.12	2.58	5.85	-0.074	53.994	-0.043
79191	1	0.0000	0	0.105	-37.709	36.817	5.37	3.25	5.92	-0.058	52.180	-0.044
79197	1	0.0000	0	0.097	-37.720	36.820	4.76	2.98	6.17	-0.037	54.850	-0.050
79204	1	0.0000	0	0.084	-37.731	36.820	4.14	3.51	6.36	0.000	56.344	-0.033
79211	1	0.0000	0	0.070	-37.742	36.818	3.62	3.94	5.93	0.021	52.839	-0.016
79218	1	0.0000	0	0.062	-37.747	36.816	3.05	3.92	5.56	0.021	50.180	0.004
79225	1	0.0000	0	0.062	-37.750	36.819	3.16	3.41	5.23	0.032	52.780	0.029
79232	1	0.0000	0	0.069	-37.748	36.823	3.26	3.41	5.13	0.033	56.362	0.047
79239	1	0.0000	0	0.079	-37.746	36.830	3.35	2.67	4.40	0.016	54.756	0.054
79246	1	0.0000	0	0.091	-37.743	36.837	3.63	2.26	4.33	0.010	51.570	0.049
79253	1	0.0000	0	0.100	-37.742	36.844	3.97	2.38	4.28	0.006	52.814	0.046
79260	1	0.0000	0	0.106	-37.741	36.848	3.66	2.59	4.06	-0.007	55.877	0.048
79267	1	0.0000	0	0.104	-37.743	36.849	3.34	2.95	3.81	-0.002	54.279	0.019
79274	1	0.0000	0	0.104	-37.747	36.853	3.14	3.13	3.82	0.002	50.154	-0.008
79281	1	0.0000	0	0.099	-37.751	36.852	3.21	4.01	3.84	0.010	50.303	-0.026
79288	1	0.0000	0	0.095	-37.756	36.854	2.86	4.53	3.67	0.006	54.545	-0.039
79295	1	0.0000	0	0.093	-37.761	36.857	2.98	4.37	3.60	-0.021	55.922	-0.056
79302	1	0.0000	0	0.094	-37.765	36.862	3.16	4.89	3.43	-0.017	52.671	-0.060
79309	1	0.0000	0	0.093	-37.769	36.864	3.12	5.03	3.23	-0.024	51.401	-0.053
79316	1	0.0000	0	0.089	-37.772	36.864	3.32	4.80	3.26	-0.024	54.235	-0.037
79323	1	0.0000	0	0.082	-37.776	36.862	2.99	4.36	3.18	-0.008	55.323	-0.025
79329	1	0.0000	0	0.073	-37.782	36.860	2.59	4.48	3.46	-0.002	51.748	-0.011
79337	1	0.0000	0	0.058	-37.787	36.851	1.96	4.59	3.14	0.023	49.338	0.022
79344	1	0.0000	0	0.048	-37.788	36.843	1.63	4.27	3.25	0.024	52.086	0.032
79350	1	0.0000	0	0.040	-37.788	36.836	1.49	4.39	2.85	0.027	55.528	0.061
79358	1	0.0000	0	0.028	-37.787	36.825	1.15	4.69	2.46	0.036	53.580	0.062
79365	1	0.0000	0	0.027	-37.779	36.817	1.36	4.42	2.10	0.025	50.638	0.067
79372	1	0.0000	0	0.028	-37.775	36.813	1.33	4.21	1.81	0.012	51.990	0.061
79379	1	0.0000	0	0.031	-37.767	36.808	1.67	4.43	1.68	0.005	54.962	0.046
79385	1	0.0000	0	0.029	-37.764	36.803	1.83	4.38	1.89	-0.010	53.458	0.013
79392	1	0.0000	0	0.028	-37.763	36.801	1.80	4.30	1.89	-0.021	49.393	-0.006
79399	1	0.0000	0	0.023	-37.763	36.797	1.92	4.54	2.05	-0.037	49.181	-0.030
79406	1	0.0000	0	0.011	-37.766	36.790	2.03	4.48	2.33	-0.052	53.312	-0.048
79413	1	0.0000	0	0.006	-37.766	36.785	2.16	4.55	2.23	-0.065	55.156	-0.062
79420	1	0.0000	0	-0.003	-37.767	36.778	2.03	4.95	1.86	-0.054	52.250	-0.063
79427	1	0.0000	0	-0.016	-37.769	36.768	2.07	5.05	2.14	-0.042	50.430	-0.050
79434	1	0.0000	0	-0.033	-37.772	36.756	1.80	4.96	2.29	-0.033	52.834	-0.064
79441	1	0.0000	0	-0.053	-37.778	36.745	1.55	4.69	2.38	-0.015	54.608	-0.033
79448	1	0.0000	0	-0.076	-37.782	36.729	1.32	4.84	2.36	0.011	51.706	-0.009
79455	1	0.0000	0	-0.093	-37.784	36.715	0.95	4.38	2.24	0.026	48.599	-0.002
79462	1	0.0000	0	-0.108	-37.786	36.704	0.81	4.11	2.22	0.045	50.183	0.011
79469	1	0.0000	0	-0.115	-37.784	36.696	0.95	3.90	1.66	0.048	54.077	0.044
79476	1	0.0000	0	-0.121	-37.781	36.688	1.06	3.63	1.40	0.058	53.694	0.064
79483	1	0.0000	0	-0.126	-37.779	36.682	1.23	2.98	1.35	0.048	50.308	0.073
79490	1	0.0000	0	-0.132	-37.778	36.675	1.26	2.90	1.19	0.040	50.303	0.054
79497	1	0.0000	0	-0.137	-37.777	36.670	1.36	2.90	1.09	0.023	53.408	0.046
79504	1	0.0000	0	-0.141	-37.777	36.666	1.48	2.73	1.35	0.009	53.592	0.025
79511	1	0.0000	0	-0.140	-37.773	36.664	1.63	2.65	1.28	0.001	49.681	0.002
79518	1	0.0000	0	-0.141	-37.773	36.662	1.44	3.02	1.73	-0.013	47.760	-0.016
79525	1	0.0000	0	-0.143	-37.773	36.661	1.82	2.90	1.27	-0.043	50.865	-0.038
79532	1	0.0000	0	-0.146	-37.772	36.658	1.99	3.33	1.61	-0.060	54.249	-0.047
79539	1	0.0000	0	-0.146	-37.771	36.656	1.85	3.39	1.59	-0.045	52.751	-0.057
79546	1	0.0000	0	-0.147	-37.767	36.651	1.61	3.51	1.28	-0.057	49.766	-0.054
79553	1	0.0000	0	-0.151	-37.766	36.647	1.56	3.24	1.61	-0.040	50.671	-0.049
79560	1	0.0000	0	-0.157	-37.764	36.641	1.48	3.40	1.42	-0.024	53.505	-0.024
79567	1	0.0000	0	-0.168	-37.765	36.631	0.93	2.96	1.67	-0.010	52.547	-0.009
79574	1	0.0000	0	-0.177	-37.765	36.623	0.75	2.52	1.75	0.024	48.583	0.031
79581	1	0.0000	0	-0.186	-37.764	36.615	0.48	2.49	1.54	0.048	48.084	0.030
79588	1	0.0000	0	-0.192	-37.763	36.607	0.25	2.25	1.47	0.054	51.683	0.044
79595	1	0.0000	0	-0.201	-37.762	36.599	0.04	2.19	1.42	0.059	53.736	0.057
79602	1	0.0000	0	-0.204	-37.760	36.595	0.24	1.90	1.20	0.063	51.151	0.058
79609	1	0.0000	0	-0.205	-37.760	36.593	0.42	1.74	0.97	0.044	48.856	0.064
79616	1	0.0000	0	-0.206	-37.760	36.593	0.51	1.15	1.15	0.014	50.718	0.037
79623	1	0.0000	0	-0.209	-37.762	36.592	0.48	1.37	0.85	-0.017	53.295	0.035
79630	1	0.0000	0	-0.209	-37.763	36.594	0.98	1.02	1.02	-0.040	51.324	0.012
79637	1	0.0000	0	-0.211	-37.765	36.594	0.99	0.87	1.48	-0.057	47.559	-0.015
79644	1	0.0000	0	-0.216	-37.769	36.592	1.28	1.07	1.42	-0.063	47.721	-0.025
79651	1	0.0000	0	-0.222	-37.771	36.589	1.33	1.24	1.50	-0.077	51.683	-0.052
79658	1	0.0000	0	-0.230	-37.775	36.587	1.00	1.44	1.53	-0.065	53.346	-0.050
79665	1	0.0000	0	-0.237	-37.778	36.583	0.77	1.97	1.45	-0.040	50.604	-0.042
79672	1	0.0000	0	-0.244	-37.781	36.580	0.36	2.18	1.32	-0.030	48.695	-0.049
79679	1	0.0000	0	-0.247	-37.782	36.578	0.63	2.02	1.42	-0.010	50.862	-0.040
79686	1	0.0000	0	-0.247	-37.781	36.577	0.46	1.68	1.42	0.020	52.816	-0.003
79693	1	0.0000	0	-0.243	-37.779	36.579	0.70	1.22	1.31	0.036	50.392	0.007
79700	1	0.0000	0	-0.244	-37.780	36.578	0.55	0.73	0.90	0.055	47.105	0.004
79707	1	0.0000	0	-0.245	-37.780	36.578	0.34	0.39	0.82	0.068	47.869	0.010
79714	1	0.0000	0	-0.247	-37.779	36.575	0.45	0.36	0.62	0.074	51.624	0.031
79721	1	0.0000	0	-0.254	-37.782	36.571	0.45	0.28	0.71	0.082	52.584	0.007
79728	1	0.0000	0	-0.268	-37.788	36.565	-0.12	0.17	0.43	0.080	49.583	0.017
79735	1	0.0000	0	-0.277	-37.793	36.562	-0.33	0.63	0.29	0.073	47.981	0.007
79741	1	0.0000	0	-0.286	-37.798	36.559	-0.27	0.42	0.33	0.046	50.459	0.009
79749	1	0.0000	0	-0.286	-37.801	36.562	0.00	0.35	0.35	0.021	52.362	0.012
79756	1	0.0000	0	-0.280	-37.802	36.568	0.44	0.05	0.31	-0.018	49.763	-0.008
79763	1	0.0000	0	-0.271	-37.803	36.577	0.93	-0.16	0.45	-0.061	46.369	-0.025
79770	1	0.0000	0	-0.263	-37.803	36.585	1.23	-0.39	0.39	-0.075	47.127	-0.016
79777	1	0.0000	0	-0.253	-37.801	36.591	1.50	-0.34	0.28	-0.092	51.027	-0.016
79784	1	0.0000	0	-0.250	-37.800	36.594	1.47	-0.22	0.40	-0.081	52.387	-0.021
79791	1	0.0000	0	-0.248	-37.798	36.593	1.15	0.30	0.30	-0.064	49.606	0.005
79798	1	0.0000	0	-0.251	-37.797	36.589	0.14	0.83	0.15	-0.046	47.816	-0.000
79805	1	0.0000	0	-0.258	-37.797	36.583	-0.04	1.07	0.30	-0.007	49.840	0.006
79812	1	0.0000	0	-0.263	-37.795	36.577	-0.53	1.19	0.24	0.024	51.911	0.012
79819	1	0.0000	0	-0.259	-37.793	36.578	-0.83	1.10	0.32	0.038	49.814	0.006
79826	1	0.0000	0	-0.254	-37.787	36.577	-0.86	0.63	0.29	0.048	46.378	0.006
79833	1	0.0000	0	-0.247	-37.785	36.580	-0.68	0.43	0.09	0.047	46.756	0.013
79840	1	0.0000	0	-0.236	-37.780	36.586	-0.15	-0.20	-0.02	0.029	50.409	0.004
79847	1	0.0000	0	-0.228	-37.778	36.591	-0.04	-0.68	-0.07	0.023	51.832	-0.007
79854	1	0.0000	0	-0.226	-37.780	36.595	-0.06	-0.97	-0.28	0.016	49.050	0.003
79861	1	0.0000	0	-0.228	-37.783	36.596	-0.11	-1.16	-0.04	0.018	47.133	-0.016
79868	1	0.0000	0	-0.241	-37.791	36.592	-0.23	-0.88	-0.10	0.011	49.018	-0.011
79875	1	0.0000	0	-0.254	-37.795	36.585	-0.60	-0.50	-0.32	-0.009	51.454	-0.004
79882	1	0.0000	0	-0.262	-37.800	36.583	-0.79	-0.24	-0.50	0.006	49.474	0.013
79889	1	0.0000	0	-0.266	-37.802	36.581	-0.90	0.45	-0.66	-0.011	45.923	0.010
79896	1	0.0000	0	-0.266	-37.803	36.582	-0.78	0.47	-0.90	-0.020	45.747	0.016
79903	1	0.0000	0	-0.261	-37.801	36.584	-0.26	0.19	-0.92	-0.034	49.330	0.019
79910	1	0.0000	0	-0.256	-37.800	36.588	0.11	-0.02	-0.87	-0.035	51.553	0.007
79917	1	0.0000	0	-0.249	-37.797	36.591	0.17	-0.28	-0.79	-0.035	49.387	0.000
79924	1	0.0000	0	-0.244	-37.797	36.595	0.21	-0.29	-0.71	-0.026	47.012	0.001
79931	1	0.0000	0	-0.242	-37.796	36.595	-0.01	-0.26	-0.42	-0.013	48.290	-0.002
79938	1	0.0000	0	-0.242	-37.792	36.592	-0.03	-0.14	-0.73	0.006	50.811	0.009
79945	1	0.0000	0	-0.246	-37.790	36.587	-0.57	-0.12	-0.63	0.023	49.688	-0.002
79952	1	0.0000	0	-0.249	-37.788	36.582	-0.65	0.37	-0.83	0.032	46.141	-0.000
79959	1	0.0000	0	-0.249	-37.784	36.578	-1.01	0.15	-0.88	0.024	45.304	-0.007
79966	1	0.0000	0	-0.250	-37.781	36.575	-0.66	-0.15	-0.93	0.037	48.316	-0.005
79973	1	0.0000	0	-0.249	-37.779	36.573	-0.49	-0.63	-0.72	0.037	50.951	0.003
79980	1	0.0000	0	-0.243	-37.777	36.577	-0.45	-1.23	-0.79	0.011	49.202	0.006
79987	1	0.0000	0	-0.238	-37.776	36.581	0.02	-1.25	-0.72	0.003	46.462	-0.006
79994	1	0.0000	0	-0.238	-37.777	36.581	-0.13	-1.17	-0.65	-0.001	47.090	0.004
80002	1	0.0000	0	-0.235	-37.777	36.583	0.06	-1.17	-0.73	-0.014	50.004	0.000
80009	1	0.0000	0	-0.235	-37.777	36.584	0.15	-1.22	-0.78	-0.011	49.898	0.004
80016	1	0.0000	0	-0.233	-37.776	36.584	0.01	-0.64	-0.89	-0.015	46.401	-0.009
80023	1	0.0000	0	-0.235	-37.777	36.584	-0.19	-0.45	-0.88	-0.007	44.318	-0.007
80030	1	0.0000	0	-0.232	-37.776	36.586	0.05	-0.45	-0.70	-0.014	46.526	0.006
80036	1	0.0000	0	-0.228	-37.775	36.588	-0.29	-0.36	-0.87	-0.021	49.998	0.014
80043	1	0.0000	0	-0.217	-37.773	36.596	0.49	-0.83	-0.65	-0.015	50.057	0.006
80050	1	0.0000	0	-0.209	-37.772	36.602	0.79	-1.03	-0.76	0.002	47.187	0.012
80057	1	0.0000	0	-0.203	-37.768	36.604	0.88	-1.12	-0.76	-0.003	46.143	0.013
80064	1	0.0000	0	-0.200	-37.767	36.605	0.86	-1.47	-0.60	-0.006	48.368	0.010
80071	1	0.0000	0	-0.199	-37.765	36.605	0.82	-1.07	-0.64	0.012	50.017	0.009
80078	1	0.0000	0	-0.196	-37.763	36.604	0.53	-1.01	-0.83	0.018	47.721	0.002
80085	1	0.0000	0	-0.193	-37.760	36.604	0.61	-1.04	-0.78	0.020	44.622	-0.003
80092	1	0.0000	0	-0.192	-37.757	36.602	0.26	-0.81	-0.98	0.037	44.971	-0.011
80099	1	0.0000	0	-0.186	-37.752	36.602	0.12	-0.75	-1.00	0.024	48.350	-0.008
80106	1	0.0000	0	-0.180	-37.748	36.604	-0.03	-0.70	-1.22	0.036	49.983	-0.021
80113	1	0.0000	0	-0.172	-37.744	36.607	-0.27	-0.89	-0.89	0.018	47.628	-0.035
80120	1	0.0000	0	-0.163	-37.742	36.613	-0.08	-0.99	-0.56	-0.012	45.339	-0.024
80128	1	0.0000	0	-0.148	-37.738	36.622	-0.17	-1.29	-0.60	-0.009	46.694	-0.027
80135	1	0.0000	0	-0.138	-37.736	36.629	-0.16	-1.18	-0.40	-0.026	49.322	-0.031
80142	1	0.0000	0	-0.121	-37.731	36.640	0.06	-1.53	-0.06	-0.031	48.549	-0.023
80149	1	0.0000	0	-0.109	-37.728	36.647	0.08	-1.22	-0.18	-0.047	45.039	-0.017
80156	1	0.0000	0	-0.095	-37.723	36.654	0.23	-0.86	-0.25	-0.041	43.481	0.005
80163	1	0.0000	0	-0.085	-37.722	36.662	0.13	-0.73	-0.29	-0.026	45.970	0.019
80170	1	0.0000	0	-0.076	-37.721	36.669	0.28	-0.59	-0.58	-0.025	49.225	0.026
80177	1	0.0000	0	-0.066	-37.719	36.676	0.31	-0.29	-0.37	-0.014	48.875	0.036
80184	1	0.0000	0	-0.061	-37.719	36.681	0.05	-0.24	-0.49	-0.008	45.993	0.045
80191	1	0.0000	0	-0.058	-37.719	36.683	0.08	0.14	-0.37	0.016	45.290	0.045
80198	1	0.0000	0	-0.054	-37.718	36.685	-0.28	0.16	-0.35	0.018	47.621	0.031
80205	1	0.0000	0	-0.058	-37.719	36.683	-0.29	0.59	-0.35	0.023	48.972	0.036
80212	1	0.0000	0	-0.063	-37.719	36.679	-0.58	0.65	-0.54	0.036	46.681	0.015
80219	1	0.0000	0	-0.066	-37.718	36.675	-0.61	0.73	-0.38	0.028	43.688	0.003
80226	1	0.0000	0	-0.074	-37.718	36.667	-0.52	0.87	-0.50	0.035	43.936	-0.016
80233	1	0.0000	0	-0.081	-37.717	36.660	-0.79	1.16	-0.73	0.033	47.282	-0.021
80240	1	0.0000	0	-0.092	-37.720	36.654	-0.78	0.97	-0.66	0.025	48.943	-0.032
80247	1	0.0000	0	-0.102	-37.723	36.648	-0.92	1.13	-1.10	0.033	46.814	-0.025
80255	1	0.0000	0	-0.108	-37.726	36.645	-0.63	0.70	-0.85	0.017	44.421	-0.029
80261	1	0.0000	0	-0.110	-37.727	36.645	-0.54	0.47	-0.72	0.007	45.402	-0.030
80268	1	0.0000	0	-0.111	-37.729	36.646	-0.35	0.48	-0.80	-0.015	48.033	-0.012
80275	1	0.0000	0	-0.109	-37.729	36.648	-0.27	0.10	0.03	-0.020	47.990	-0.006
80282	1	0.0000	0	-0.113	-37.731	36.647	-0.44	0.36	0.03	-0.027	44.789	0.006
80289	1	0.0000	0	-0.108	-37.730	36.649	-0.48	0.58	0.17	-0.022	42.522	0.021
80296	1	0.0000	0	-0.106	-37.727	36.649	-0.27	0.64	0.23	-0.044	44.068	0.027
80303	1	0.0000	0	-0.103	-37.721	36.645	-0.74	1.11	0.01	-0.027	47.537	0.037
80311	1	0.0000	0	-0.099	-37.716	36.644	-0.82	1.47	-0.06	-0.032	48.296	0.031
80318	1	0.0000	0	-0.097	-37.710	36.639	-0.60	2.10	0.04	-0.021	45.717	0.030
80325	1	0.0000	0	-0.096	-37.703	36.634	-0.65	2.26	-0.06	-0.012	44.106	0.027
80332	1	0.0000	0	-0.103	-37.698	36.623	-0.88	2.06	0.26	-0.011	45.654	0.009
80339	1	0.0000	0	-0.111	-37.697	36.615	-1.15	2.09	0.29	0.013	47.831	0.006
80346	1	0.0000	0	-0.125	-37.698	36.604	-1.27	2.16	0.44	0.018	46.921	-0.017
80353	1	0.0000	0	-0.143	-37.703	36.593	-1.57	2.01	0.89	0.035	43.702	-0.035
80360	1	0.0000	0	-0.159	-37.709	36.584	-1.74	1.94	0.91	0.035	42.431	-0.029
80367	1	0.0000	0	-0.176	-37.715	36.575	-1.89	1.73	0.96	0.033	44.722	-0.036
80374	1	0.0000	0	-0.196	-37.722	36.565	-1.69	1.83	0.97	0.021	47.686	-0.037
80381	1	0.0000	0	-0.210	-37.728	36.558	-1.44	1.62	0.94	0.007	47.061	-0.013
80388	1	0.0000	0	-0.228	-37.736	36.550	-1.46	1.74	0.63	-0.019	44.309	0.004
80395	1	0.0000	0	-0.251	-37.745	36.538	-1.31	1.97	0.25	-0.030	43.466	0.010
80402	1	0.0000	0	-0.275	-37.755	36.527	-1.26	1.84	0.64	-0.035	45.560	0.016
80409	1	0.0000	0	-0.301	-37.767	36.515	-1.54	2.23	0.43	-0.050	47.421	0.023
80416	1	0.0000	0	-0.325	-37.779	36.506	-1.61	2.02	0.82	-0.043	45.878	0.015
80423	1	0.0000	0	-0.342	-37.788	36.500	-1.44	1.86	1.01	-0.048	42.584	0.014
80431	1	0.0000	0	-0.358	-37.796	36.494	-0.87	1.88	0.95	-0.048	41.766	0.016
80437	1	0.0000	0	-0.368	-37.800	36.489	-0.77	1.72	0.70	-0.022	44.549	0.006
80444	1	0.0000	0	-0.377	-37.802	36.483	-0.03	1.72	0.70	-0.017	47.271	0.006
80451	1	0.0000	0	-0.387	-37.802	36.474	0.31	1.52	0.24	-0.012	46.698	0.003
80458	1	0.0000	0	-0.398	-37.801	36.464	0.35	1.90	-0.07	0.014	44.080	0.009
80465	1	0.0000	0	-0.408	-37.799	36.453	0.11	1.85	-0.21	0.038	43.203	-0.012
80472	1	0.0000	0	-0.422	-37.799	36.441	-0.34	2.21	-0.11	0.054	45.133	-0.002
80479	1	0.0000	0	-0.440	-37.802	36.427	-0.76	2.27	0.03	0.061	46.903	-0.016
80486	1	0.0000	0	-0.455	-37.802	36.414	-0.86	2.15	0.26	0.064	45.323	-0.021
80493	1	0.0000	0	-0.464	-37.800	36.404	-1.00	2.16	0.27	0.057	42.259	-0.024
80500	1	0.0000	0	-0.469	-37.797	36.397	-0.78	2.13	-0.02	0.048	41.555	-0.018
80507	1	0.0000	0	-0.469	-37.794	36.394	-0.42	1.55	0.09	0.013	43.966	-0.010
80514	1	0.0000	0	-0.469	-37.791	36.392	0.13	1.07	0.03	-0.004	46.625	-0.017
80521	1	0.0000	0	-0.468	-37.790	36.392	0.37	0.28	-0.06	-0.028	46.101	-0.002
80528	1	0.0000	0	-0.470	-37.792	36.392	0.95	-0.52	0.26	-0.037	43.447	-0.008
80535	1	0.0000	0	-0.474	-37.798	36.393	0.61	-0.64	0.31	-0.067	42.472	0.003
80542	1	0.0000	0	-0.485	-37.806	36.392	0.58	-0.74	0.65	-0.060	44.343	0.009
80549	1	0.0000	0	-0.498	-37.811	36.385	0.08	-0.64	0.31	-0.056	46.363	0.004
80556	1	0.0000	0	-0.509	-37.816	36.380	-0.17	-0.39	0.30	-0.046	45.139	0.033
80564	1	0.0000	0	-0.512	-37.816	36.378	-0.34	0.14	0.05	-0.039	41.874	0.036
80571	1	0.0000	0	-0.511	-37.815	36.378	-0.26	-0.01	-0.10	-0.022	40.675	0.034
80578	1	0.0000	0	-0.499	-37.810	36.383	0.14	-0.12	-0.38	-0.017	42.863	0.041
80585	1	0.0000	0	-0.490	-37.805	36.386	0.81	-0.44	-0.52	0.004	45.827	0.030
80591	1	0.0000	0	-0.474	-37.797	36.393	1.08	-0.93	-0.41	0.008	46.162	0.025
80598	1	0.0000	0	-0.464	-37.792	36.397	1.32	-1.05	-0.10	0.030	43.730	0.008
80605	1	0.0000	0	-0.455	-37.787	36.400	0.73	-0.84	-0.15	0.039	42.178	-0.007
80613	1	0.0000	0	-0.453	-37.785	36.400	0.78	-0.79	0.07	0.056	43.534	-0.020
80620	1	0.0000	0	-0.454	-37.784	36.398	0.09	-0.40	-0.06	0.066	45.727	-0.023
80627	1	0.0000	0	-0.452	-37.782	36.398	0.10	-0.33	0.18	0.060	45.117	-0.030
80634	1	0.0000	0	-0.451	-37.780	36.397	0.19	-0.19	0.06	0.056	42.176	-0.036
80641	1	0.0000	0	-0.445	-37.779	36.402	0.12	-0.65	0.38	0.023	40.478	-0.037
80648	1	0.0000	0	-0.436	-37.779	36.409	0.42	-0.93	0.36	0.003	41.809	-0.037
80655	1	0.0000	0	-0.430	-37.779	36.414	0.51	-1.43	0.46	-0.020	44.824	-0.012
80662	1	0.0000	0	-0.422	-37.779	36.422	0.88	-1.99	0.85	-0.039	45.721	-0.010
80669	1	0.0000	0	-0.416	-37.782	36.429	0.45	-1.83	0.59	-0.044	43.342	0.008
80676	1	0.0000	0	-0.412	-37.785	36.436	0.52	-2.00	0.59	-0.062	41.466	0.024
80683	1	0.0000	0	-0.413	-37.786	36.436	0.41	-1.47	0.59	-0.047	42.377	0.040
80690	1	0.0000	0	-0.414	-37.789	36.438	0.24	-1.45	0.53	-0.035	44.687	0.053
80697	1	0.0000	0	-0.411	-37.789	36.441	0.12	-1.12	0.42	-0.024	45.067	0.047
80704	1	0.0000	0	-0.407	-37.788	36.443	0.24	-1.19	0.27	-0.006	42.495	0.060
80711	1	0.0000	0	-0.397	-37.787	36.451	0.18	-0.89	0.14	0.016	39.981	0.048
80718	1	0.0000	0	-0.384	-37.786	36.461	0.50	-0.87	0.33	0.018	40.236	0.032
80725	1	0.0000	0	-0.370	-37.782	36.470	0.87	-0.87	0.16	0.018	43.103	0.012
80733	1	0.0000	0	-0.356	-37.779	36.479	1.04	-0.72	0.49	0.020	45.351	-0.025
80740	1	0.0000	0	-0.347	-37.778	36.486	0.92	-0.72	0.40	0.024	44.126	-0.044
80747	1	0.0000	0	-0.342	-37.778	36.491	0.86	-0.52	0.68	0.030	41.716	-0.060
80754	1	0.0000	0	-0.342	-37.780	36.493	0.73	-0.27	0.76	0.021	41.280	-0.064
80761	1	0.0000	0	-0.344	-37.783	36.494	0.19	0.12	0.81	0.027	43.212	-0.053
80768	1	0.0000	0	-0.348	-37.785	36.492	0.16	0.32	0.84	0.018	44.734	-0.043
80774	1	0.0000	0	-0.352	-37.789	36.492	-0.12	0.54	0.80	-0.004	43.475	-0.043
80781	1	0.0000	0	-0.355	-37.788	36.489	-0.22	0.81	0.63	-0.016	40.600	-0.021
80788	1	0.0000	0	-0.358	-37.789	36.487	-0.03	0.17	0.77	-0.012	39.483	-0.005
80796	1	0.0000	0	-0.357	-37.790	36.489	0.47	-0.08	0.52	-0.018	41.299	0.014
80802	1	0.0000	0	-0.355	-37.790	36.491	0.65	-0.36	0.41	-0.029	44.016	0.032
80809	1	0.0000	0	-0.353	-37.792	36.495	0.72	-0.49	0.37	-0.029	44.442	0.041
80816	1	0.0000	0	-0.354	-37.793	36.495	0.45	-0.46	0.40	-0.019	42.218	0.061
80823	1	0.0000	0	-0.357	-37.796	36.496	-0.17	-0.56	0.47	-0.018	40.408	0.043
80830	1	0.0000	0	-0.360	-37.799	36.495	-0.44	-0.32	0.72	-0.005	41.183	0.033
80837	1	0.0000	0	-0.360	-37.798	36.494	-0.40	-0.17	0.95	0.002	43.424	0.026
80844	1	0.0000	0	-0.359	-37.797	36.494	-0.56	-0.16	0.78	0.018	44.085	0.022
80851	1	0.0000	0	-0.350	-37.792	36.497	-0.30	0.08	0.60	0.008	41.851	-0.016
80858	1	0.0000	0	-0.341	-37.787	36.500	0.01	-0.04	0.73	0.005	39.170	-0.018
80865	1	0.0000	0	-0.330	-37.782	36.504	0.17	0.17	0.25	-0.001	38.959	-0.036
80872	1	0.0000	0	-0.326	-37.778	36.505	0.36	0.16	0.49	0.005	41.511	-0.045
80879	1	0.0000	0	-0.326	-37.779	36.505	0.32	0.34	0.67	0.014	43.933	-0.049
80886	1	0.0000	0	-0.331	-37.781	36.504	-0.04	0.44	1.04	0.024	43.726	-0.045
80893	1	0.0000	0	-0.343	-37.788	36.499	-0.48	0.61	1.20	0.026	41.409	-0.034
80900	1	0.0000	0	-0.354	-37.794	36.495	-0.69	0.81	1.32	0.040	40.071	-0.014
80907	1	0.0000	0	-0.368	-37.800	36.489	-0.79	1.15	1.40	0.029	41.197	-0.005
80914	1	0.0000	0	-0.375	-37.804	36.487	-0.75	1.09	1.52	0.012	43.248	0.014
80921	1	0.0000	0	-0.382	-37.809	36.485	-0.54	0.78	1.20	-0.020	43.329	0.023
80928	1	0.0000	0	-0.388	-37.814	36.485	-0.25	0.46	1.23	-0.022	40.826	0.040
80935	1	0.0000	0	-0.393	-37.817	36.484	-0.05	0.36	1.13	-0.045	38.646	0.034
80942	1	0.0000	0	-0.404	-37.825	36.482	0.18	0.14	0.91	-0.031	39.068	0.058
80949	1	0.0000	0	-0.415	-37.831	36.478	-0.04	0.27	0.78	-0.027	41.645	0.035
80956	1	0.0000	0	-0.428	-37.838	36.473	-0.40	0.12	0.97	-0.026	43.504	0.027
80963	1	0.0000	0	-0.444	-37.844	36.465	-0.45	0.29	0.54	-0.008	42.538	0.019
80970	1	0.0000	0	-0.452	-37.848	36.462	-0.40	0.44	0.35	0.007	40.182	0.020
80977	1	0.0000	0	-0.459	-37.850	36.458	-0.29	0.87	0.43	0.006	39.309	0.012
80984	1	0.0000	0	-0.463	-37.853	36.457	-0.12	0.65	-0.05	0.018	40.806	0.001
80991	1	0.0000	0	-0.464	-37.854	36.457	-0.18	0.35	-0.00	0.006	42.854	-0.019
80998	1	0.0000	0	-0.459	-37.853	36.461	0.47	0.35	0.09	-0.002	42.558	-0.029
81005	1	0.0000	0	-0.454	-37.853	36.465	0.48	-0.04	0.05	0.003	40.017	-0.034
81012	1	0.0000	0	-0.448	-37.852	36.469	0.92	-0.26	0.25	0.005	37.820	-0.030
81019	1	0.0000	0	-0.447	-37.851	36.469	0.85	0.12	0.04	0.002	38.246	-0.033
81026	1	0.0000	0	-0.448	-37.850	36.467	0.82	0.00	0.09	0.025	40.847	-0.029
81033	1	0.0000	0	-0.451	-37.849	36.463	0.64	0.33	0.15	0.041	42.950	-0.031
81040	1	0.0000	0	-0.452	-37.847	36.461	0.47	0.48	-0.04	0.037	42.365	-0.041
81047	1	0.0000	0	-0.451	-37.844	36.458	0.64	0.67	-0.19	0.028	40.138	-0.012
81054	1	0.0000	0	-0.451	-37.841	36.456	0.56	0.91	-0.14	0.042	38.986	0.012
81061	1	0.0000	0	-0.446	-37.836	36.456	0.84	0.70	-0.42	0.029	40.139	0.017
81067	1	0.0000	0	-0.441	-37.833	36.457	1.03	0.32	-0.55	0.015	42.160	0.028
81075	1	0.0000	0	-0.435	-37.830	36.459	1.28	0.11	-0.59	-0.014	42.179	0.030
81082	1	0.0000	0	-0.433	-37.829	36.460	1.38	0.06	-0.64	-0.016	39.888	0.024
81089	1	0.0000	0	-0.432	-37.828	36.461	1.28	-0.02	-0.46	-0.018	37.670	0.008
81096	1	0.0000	0	-0.438	-37.833	36.459	0.93	-0.06	-0.07	-0.027	37.806	-0.020
81103	1	0.0000	0	-0.440	-37.834	36.459	0.89	-0.25	-0.26	-0.031	40.089	-0.031
81110	1	0.0000	0	-0.439	-37.836	36.461	1.12	-0.49	-0.15	-0.036	42.214	-0.035
81117	1	0.0000	0	-0.432	-37.833	36.465	1.43	-0.70	-0.36	-0.049	41.818	-0.003
81124	1	0.0000	0	-0.423	-37.829	36.469	1.85	-0.74	-0.83	-0.026	39.606	0.006
81131	1	0.0000	0	-0.407	-37.822	36.476	1.95	-0.95	-1.47	-0.028	38.257	0.005
81137	1	0.0000	0	-0.393	-37.813	36.480	2.31	-1.18	-1.70	-0.006	39.189	0.023
81144	1	0.0000	0	-0.378	-37.808	36.488	2.28	-1.13	-1.82	0.003	41.188	0.022
81151	1	0.0000	0	-0.368	-37.804	36.493	2.28	-1.22	-2.17	0.008	41.842	0.016
81159	1	0.0000	0	-0.355	-37.798	36.499	2.42	-1.28	-2.14	0.019	39.809	0.016
81166	1	0.0000	0	-0.343	-37.794	36.505	2.28	-1.09	-2.30	0.023	37.344	0.012
81173	1	0.0000	0	-0.332	-37.789	36.510	2.27	-1.11	-2.15	0.027	36.688	-0.000
81180	1	0.0000	0	-0.312	-37.781	36.520	2.60	-1.06	-2.43	0.036	38.594	-0.007
81186	1	0.0000	0	-0.291	-37.770	36.528	2.82	-1.15	-2.35	0.010	41.085	0.003
81193	1	0.0000	0	-0.266	-37.758	36.538	3.30	-1.21	-2.24	0.011	41.844	-0.024
81201	1	0.0000	0	-0.240	-37.744	36.548	3.39	-1.37	-2.49	0.010	40.013	-0.018
81208	1	0.0000	0	-0.214	-37.730	36.557	3.57	-1.71	-2.23	0.006	38.200	-0.013
81215	1	0.0000	0	-0.189	-37.715	36.564	3.91	-1.91	-2.26	-0.009	38.229	-0.024
81222	1	0.0000	0	-0.162	-37.702	36.574	3.69	-2.12	-2.04	0.003	40.184	-0.007
81229	1	0.0000	0	-0.138	-37.687	36.581	3.65	-2.41	-1.81	0.007	41.339	-0.002
81236	1	0.0000	0	-0.108	-37.671	36.592	3.47	-2.37	-1.78	-0.007	40.200	-0.012
81243	1	0.0000	0	-0.084	-37.655	36.598	3.30	-2.22	-1.97	-0.013	37.716	-0.006
81250	1	0.0000	0	-0.054	-37.640	36.610	3.46	-2.91	-1.55	-0.009	36.414	-0.005
81257	1	0.0000	0	-0.022	-37.624	36.622	3.48	-3.32	-1.26	-0.019	37.490	-0.022
81264	1	0.0000	0	0.011	-37.608	36.636	3.41	-3.47	-1.25	-0.022	39.990	0.001
81271	1	0.0000	0	0.042	-37.595	36.651	3.32	-3.61	-1.13	-0.013	41.258	0.011
81278	1	0.0000	0	0.076	-37.582	36.668	3.06	-3.84	-1.27	0.006	39.888	0.012
81285	1	0.0000	0	0.112	-37.570	36.688	3.15	-4.22	-0.88	-0.001	37.826	0.010
81292	1	0.0000	0	0.148	-37.560	36.709	2.92	-4.46	-0.51	0.012	37.241	0.004
81299	1	0.0000	0	0.185	-37.549	36.731	2.76	-4.36	0.28	0.021	38.686	-0.015
81306	1	0.0000	0	0.223	-37.538	36.754	2.35	-4.43	0.56	0.020	40.513	-0.013
81313	1	0.0000	0	0.258	-37.530	36.777	2.49	-4.55	0.95	0.012	40.471	-0.003
81320	1	0.0000	0	0.300	-37.518	36.802	2.59	-4.64	0.95	0.010	38.157	-0.007
81327	1	0.0000	0	0.336	-37.508	36.825	2.70	-4.19	0.71	0.003	36.030	-0.003
81334	1	0.0000	0	0.365	-37.501	36.844	2.71	-3.71	0.84	0.002	35.770	0.021
81342	1	0.0000	0	0.394	-37.496	36.863	2.20	-3.34	0.78	0.010	38.066	0.028
81349	1	0.0000	0	0.415	-37.493	36.879	1.93	-3.33	1.14	0.018	40.251	0.026
81356	1	0.0000	0	0.432	-37.495	36.896	1.59	-3.04	1.51	0.005	40.540	0.018
81363	1	0.0000	0	0.447	-37.497	36.911	1.58	-2.91	1.81	0.009	38.720	0.014
81370	1	0.0000	0	0.457	-37.502	36.926	1.40	-2.74	1.73	0.009	37.064	0.017
81377	1	0.0000	0	0.471	-37.506	36.941	1.70	-2.91	1.91	0.009	37.157	0.009
81384	1	0.0000	0	0.487	-37.508	36.957	1.80	-2.88	1.77	-0.003	38.882	0.010
81391	1	0.0000	0	0.499	-37.511	36.971	2.19	-2.43	1.36	-0.005	40.106	0.019
81398	1	0.0000	0	0.507	-37.517	36.983	2.09	-2.41	1.12	-0.014	39.034	0.012
81405	1	0.0000	0	0.514	-37.522	36.995	1.97	-1.87	0.80	-0.019	36.659	0.007
81412	1	0.0000	0	0.517	-37.529	37.004	1.72	-1.86	0.73	-0.019	35.315	-0.010
81419	1	0.0000	0	0.519	-37.537	37.014	1.85	-2.04	0.89	-0.010	36.032	-0.006
81426	1	0.0000	0	0.525	-37.543	37.025	1.76	-2.18	1.01	-0.015	38.282	-0.023
81433	1	0.0000	0	0.534	-37.548	37.037	1.49	-2.14	0.71	-0.012	39.966	-0.016
81440	1	0.0000	0	0.547	-37.548	37.049	1.65	-2.27	0.58	-0.010	39.322	-0.014
81447	1	0.0000	0	0.563	-37.545	37.060	1.95	-2.08	0.08	0.008	37.343	-0.006
81454	1	0.0000	0	0.582	-37.541	37.072	1.93	-2.00	-0.18	0.004	36.061	0.006
81461	1	0.0000	0	0.597	-37.537	37.082	1.66	-1.41	-0.72	0.007	36.810	0.028
81468	1	0.0000	0	0.615	-37.531	37.092	1.44	-1.32	-0.80	0.021	38.664	0.019
81475	1	0.0000	0	0.634	-37.525	37.104	1.35	-1.16	-0.55	0.035	39.478	0.007
81482	1	0.0000	0	0.656	-37.520	37.117	1.20	-1.13	-0.43	0.029	38.188	0.012
81489	1	0.0000	0	0.678	-37.513	37.130	1.30	-1.03	0.11	0.036	35.822	-0.009
81496	1	0.0000	0	0.705	-37.503	37.144	1.45	-1.30	-0.08	0.016	34.410	-0.014
81503	1	0.0000	0	0.729	-37.492	37.155	1.66	-1.01	0.04	-0.003	35.384	-0.012
81510	1	0.0000	0	0.752	-37.481	37.164	1.75	-0.91	-0.03	-0.013	37.697	-0.018
81518	1	0.0000	0	0.769	-37.472	37.170	1.69	-0.24	-0.23	-0.024	39.403	-0.008
81525	1	0.0000	0	0.778	-37.466	37.173	1.30	-0.04	-0.46	-0.015	38.788	-0.024
81532	1	0.0000	0	0.783	-37.463	37.174	0.99	0.50	-0.27	-0.008	36.840	-0.003
81539	1	0.0000	0	0.784	-37.462	37.174	0.71	0.62	0.11	0.006	35.662	-0.014
81546	1	0.0000	0	0.779	-37.464	37.171	0.19	0.90	0.13	-0.011	36.250	-0.003
81552	1	0.0000	0	0.781	-37.465	37.174	0.32	0.43	0.27	-0.012	37.965	0.004
81560	1	0.0000	0	0.784	-37.466	37.178	0.60	0.21	0.74	-0.004	38.850	0.013
81566	1	0.0000	0	0.788	-37.466	37.181	0.71	-0.32	0.73	-0.021	37.696	0.036
81573	1	0.0000	0	0.788	-37.467	37.182	0.66	-0.29	0.32	-0.021	35.471	0.033
81580	1	0.0000	0	0.789	-37.467	37.183	1.02	-0.27	0.26	-0.015	34.193	0.024
81587	1	0.0000	0	0.783	-37.469	37.180	0.58	-0.04	0.06	-0.003	34.794	0.033
81594	1	0.0000	0	0.777	-37.472	37.177	0.53	-0.02	0.08	0.006	36.918	0.027
81602	1	0.0000	0	0.772	-37.473	37.174	0.11	0.50	0.08	0.016	38.584	0.023
81608	1	0.0000	0	0.768	-37.474	37.172	0.26	0.23	-0.11	0.018	38.210	0.006
81615	1	0.0000	0	0.768	-37.474	37.171	0.26	0.32	-0.19	0.026	36.377	-0.008
81622	1	0.0000	0	0.773	-37.472	37.174	0.25	0.07	-0.26	0.009	34.948	-0.021
81629	1	0.0000	0	0.778	-37.471	37.177	0.56	-0.14	-0.04	-0.008	35.223	-0.018
81636	1	0.0000	0	0.785	-37.470	37.182	0.54	-0.08	0.02	-0.006	36.881	-0.025
81643	1	0.0000	0	0.791	-37.468	37.186	1.09	-0.44	-0.17	-0.008	38.168	-0.025
81650	1	0.0000	0	0.801	-37.464	37.190	0.96	-0.51	-0.07	-0.002	37.614	-0.031
81657	1	0.0000	0	0.801	-37.463	37.190	0.44	-0.07	0.11	0.001	35.476	-0.020
81664	1	0.0000	0	0.804	-37.461	37.190	-0.05	0.05	0.06	0.013	33.654	-0.034
81671	1	0.0000	0	0.802	-37.460	37.187	-0.22	0.62	0.20	0.006	33.505	-0.021
81678	1	0.0000	0	0.808	-37.455	37.188	-0.53	0.95	0.27	0.015	35.294	0.002
81685	1	0.0000	0	0.813	-37.450	37.188	-0.65	1.00	0.14	0.010	37.438	0.010
81693	1	0.0000	0	0.821	-37.446	37.191	-0.42	0.97	0.46	0.004	38.130	0.012
81700	1	0.0000	0	0.827	-37.444	37.194	-0.15	0.94	0.44	-0.013	36.763	0.032
81707	1	0.0000	0	0.833	-37.442	37.197	-0.41	0.71	0.29	-0.010	35.042	0.024
81713	1	0.0000	0	0.833	-37.443	37.198	-0.49	0.60	0.70	-0.012	34.455	0.021
81721	1	0.0000	0	0.826	-37.447	37.196	-0.56	1.03	0.87	-0.011	35.515	0.024
81727	1	0.0000	0	0.816	-37.452	37.192	-1.03	1.16	1.00	-0.015	37.057	0.029
81734	1	0.0000	0	0.800	-37.459	37.185	-1.44	1.22	0.71	0.007	37.470	0.021
81741	1	0.0000	0	0.785	-37.466	37.179	-1.96	1.57	0.98	-0.011	36.052	0.018
81748	1	0.0000	0	0.770	-37.472	37.171	-1.92	2.06	0.87	-0.015	33.938	-0.004
81755	1	0.0000	0	0.756	-37.477	37.164	-2.04	1.93	0.91	-0.006	32.961	0.002
81762	1	0.0000	0	0.741	-37.483	37.157	-1.94	2.05	0.69	-0.012	33.750	-0.019
81769	1	0.0000	0	0.729	-37.491	37.153	-1.92	1.82	0.80	-0.010	35.764	-0.021
81776	1	0.0000	0	0.717	-37.496	37.148	-1.82	1.85	0.66	-0.013	37.267	-0.038
81783	1	0.0000	0	0.706	-37.502	37.144	-1.86	1.53	0.60	-0.011	36.947	-0.031
81790	1	0.0000	0	0.686	-37.511	37.135	-1.86	1.45	0.69	-0.009	35.199	-0.020
81797	1	0.0000	0	0.666	-37.519	37.126	-1.70	1.48	0.38	0.009	33.798	-0.003
81804	1	0.0000	0	0.644	-37.527	37.114	-1.74	1.54	0.26	0.027	33.862	0.011
81811	1	0.0000	0	0.625	-37.535	37.105	-1.67	1.49	0.13	0.022	35.347	0.025
81818	1	0.0000	0	0.600	-37.545	37.092	-2.02	1.88	0.09	0.023	36.737	0.027
81825	1	0.0000	0	0.574	-37.555	37.079	-1.87	1.81	0.02	0.024	36.566	0.043
81832	1	0.0000	0	0.551	-37.563	37.067	-2.09	1.51	-0.10	0.018	34.789	0.033
81839	1	0.0000	0	0.531	-37.570	37.056	-1.71	1.55	0.02	0.019	32.847	0.027
81846	1	0.0000	0	0.516	-37.574	37.047	-1.76	1.66	-0.05	0.005	32.078	0.011
81853	1	0.0000	0	0.503	-37.575	37.037	-1.51	1.58	-0.21	0.000	33.188	0.030
81860	1	0.0000	0	0.490	-37.577	37.027	-1.45	1.32	-0.13	-0.012	35.349	0.001
81867	1	0.0000	0	0.479	-37.577	37.017	-1.21	1.41	-0.04	-0.024	36.753	-0.001
81874	1	0.0000	0	0.469	-37.577	37.008	-1.28	1.43	-0.19	-0.016	36.369	-0.003
81881	1	0.0000	0	0.457	-37.577	36.997	-1.18	1.47	-0.33	-0.016	34.657	-0.011
81889	1	0.0000	0	0.441	-37.579	36.986	-1.57	1.41	-0.30	-0.016	33.343	-0.035
81895	1	0.0000	0	0.427	-37.580	36.975	-1.39	1.91	-0.15	0.005	33.482	-0.044
81902	1	0.0000	0	0.414	-37.583	36.966	-1.74	1.54	-0.17	-0.004	34.887	-0.034
81909	1	0.0000	0	0.403	-37.585	36.958	-1.53	1.39	0.10	-0.001	36.152	-0.048
81917	1	0.0000	0	0.396	-37.588	36.955	-1.76	1.10	0.08	-0.004	35.882	-0.050
81923	1	0.0000	0	0.387	-37.591	36.950	-1.46	0.87	0.02	-0.003	34.142	-0.025
81930	1	0.0000	0	0.381	-37.592	36.946	-1.24	0.69	0.19	-0.004	32.347	-0.019
81937	1	0.0000	0	0.373	-37.595	36.941	-1.65	0.32	0.33	-0.008	31.830	0.003
81945	1	0.0000	0	0.364	-37.598	36.937	-1.88	0.34	0.44	-0.023	32.989	0.003
81952	1	0.0000	0	0.352	-37.603	36.932	-2.11	-0.20	0.68	-0.011	34.953	0.020
81959	1	0.0000	0	0.341	-37.608	36.926	-2.24	0.06	0.76	-0.019	36.075	0.033
81966	1	0.0000	0	0.330	-37.615	36.923	-2.14	-0.19	0.60	-0.010	35.489	0.042
81973	1	0.0000	0	0.319	-37.620	36.919	-2.06	-0.09	0.52	-0.015	33.788	0.039
81980	1	0.0000	0	0.306	-37.627	36.913	-2.35	-0.10	0.08	-0.005	32.515	0.030
81987	1	0.0000	0	0.291	-37.632	36.906	-2.32	0.50	-0.44	0.001	32.689	0.042
81994	1	0.0000	0	0.281	-37.637	36.902	-2.45	0.51	-0.43	-0.002	34.101	0.014
82001	1	0.0000	0	0.263	-37.645	36.893	-2.53	0.74	-0.80	0.016	35.475	0.020
82008	1	0.0000	0	0.249	-37.653	36.889	-2.37	1.24	-0.39	0.004	35.280	0.008
82015	1	0.0000	0	0.237	-37.660	36.886	-2.30	1.11	-0.86	0.013	33.639	-0.022
82022	1	0.0000	0	0.227	-37.668	36.884	-2.32	1.05	-1.00	0.021	31.780	-0.028
82029	1	0.0000	0	0.214	-37.676	36.880	-2.22	1.09	-1.13	0.009	30.886	-0.028
82036	1	0.0000	0	0.199	-37.684	36.875	-1.93	1.37	-1.28	0.001	31.814	-0.030
82043	1	0.0000	0	0.186	-37.691	36.871	-1.87	1.34	-1.73	-0.004	33.679	-0.015
82050	1	0.0000	0	0.169	-37.696	36.861	-1.83	1.96	-1.97	-0.022	35.187	-0.022
82057	1	0.0000	0	0.157	-37.699	36.853	-1.66	2.16	-2.12	-0.004	35.311	-0.007
82064	1	0.0000	0	0.138	-37.702	36.839	-1.82	2.46	-2.59	-0.009	33.920	0.000
82071	1	0.0000	0	0.123	-37.704	36.828	-2.08	2.69	-2.45	-0.011	32.402	-0.004
82078	1	0.0000	0	0.107	-37.704	36.814	-2.22	2.71	-2.43	-0.007	31.935	0.011
82085	1	0.0000	0	0.095	-37.703	36.802	-2.20	2.59	-2.12	0.002	32.828	0.010
82092	1	0.0000	0	0.087	-37.698	36.790	-2.07	2.42	-2.29	-0.000	34.236	0.012
82099	1	0.0000	0	0.082	-37.690	36.778	-1.93	2.32	-2.22	-0.001	34.825	0.018
82106	1	0.0000	0	0.077	-37.682	36.766	-1.88	1.71	-2.41	-0.013	33.935	0.016
82113	1	0.0000	0	0.072	-37.672	36.752	-1.64	2.10	-2.62	-0.010	32.077	0.012
82120	1	0.0000	0	0.064	-37.664	36.737	-1.61	1.90	-2.65	0.001	30.707	0.007
82127	1	0.0000	0	0.047	-37.660	36.718	-1.97	1.87	-2.59	0.004	30.683	-0.004
82134	1	0.0000	0	0.031	-37.658	36.702	-1.95	1.84	-2.37	0.012	32.024	-0.016
82141	1	0.0000	0	0.015	-37.655	36.685	-2.27	1.66	-2.38	0.015	33.826	-0.021
82148	1	0.0000	0	-0.000	-37.656	36.672	-2.30	1.47	-1.96	0.020	34.679	-0.014
82155	1	0.0000	0	-0.013	-37.656	36.661	-2.54	1.04	-2.14	0.026	33.979	-0.021
82162	1	0.0000	0	-0.022	-37.654	36.652	-2.16	0.90	-1.85	0.013	32.385	-0.017
82169	1	0.0000	0	-0.029	-37.653	36.644	-2.20	0.49	-1.82	-0.004	31.241	-0.011
82176	1	0.0000	0	-0.033	-37.649	36.636	-1.71	0.42	-1.81	-0.008	31.346	0.002
82183	1	0.0000	0	-0.038	-37.647	36.631	-1.76	0.27	-1.62	-0.015	32.601	-0.003
82190	1	0.0000	0	-0.047	-37.646	36.622	-1.69	0.08	-1.29	-0.011	33.852	0.005
82197	1	0.0000	0	-0.054	-37.646	36.615	-1.90	0.07	-1.39	0.013	34.086	0.020
82204	1	0.0000	0	-0.060	-37.643	36.608	-2.08	-0.06	-1.18	-0.000	32.836	0.028
82211	1	0.0000	0	-0.066	-37.641	36.601	-2.11	0.13	-0.82	0.022	30.943	0.017
82218	1	0.0000	0	-0.071	-37.642	36.596	-2.20	-0.04	-0.98	0.004	29.751	0.013
82225	1	0.0000	0	-0.074	-37.638	36.591	-2.25	-0.18	-0.79	0.009	29.988	0.016
82232	1	0.0000	0	-0.078	-37.638	36.587	-1.96	-0.45	-0.70	0.025	31.529	0.011
82239	1	0.0000	0	-0.083	-37.638	36.582	-1.99	-0.45	-0.45	0.014	33.245	0.011
82246	1	0.0000	0	-0.086	-37.637	36.578	-1.58	-0.34	-0.34	0.011	34.089	-0.011
82253	1	0.0000	0	-0.095	-37.638	36.572	-1.99	-0.63	-0.28	0.013	33.406	-0.003
82260	1	0.0000	0	-0.105	-37.642	36.566	-2.17	-0.02	0.24	0.007	31.899	-0.014
82266	1	0.0000	0	-0.117	-37.647	36.561	-2.38	-0.37	0.49	0.010	30.814	-0.032
82273	1	0.0000	0	-0.133	-37.653	36.553	-2.45	-0.03	0.74	0.002	30.837	-0.030
82281	1	0.0000	0	-0.145	-37.661	36.550	-2.58	-0.03	1.09	-0.007	32.000	-0.030
82288	1	0.0000	0	-0.151	-37.664	36.548	-2.44	-0.13	1.16	-0.014	33.148	-0.027
82295	1	0.0000	0	-0.160	-37.669	36.545	-2.32	0.13	0.99	-0.030	33.370	-0.035
82302	1	0.0000	0	-0.165	-37.674	36.545	-1.91	-0.35	0.94	-0.047	32.250	-0.017
82309	1	0.0000	0	-0.178	-37.681	36.541	-2.02	-0.19	1.01	-0.026	30.435	0.018
82316	1	0.0000	0	-0.193	-37.692	36.538	-2.13	-0.59	0.88	-0.037	29.373	0.014
82323	1	0.0000	0	-0.210	-37.703	36.534	-2.25	-0.35	0.86	-0.021	29.488	0.023
82330	1	0.0000	0	-0.231	-37.717	36.529	-2.40	-0.36	1.02	-0.017	30.818	0.025
82337	1	0.0000	0	-0.255	-37.731	36.522	-2.74	-0.53	1.11	0.000	32.530	0.053
82344	1	0.0000	0	-0.275	-37.744	36.516	-2.68	-0.18	1.03	0.026	33.229	0.043
82351	1	0.0000	0	-0.293	-37.756	36.512	-2.81	-0.56	1.00	0.025	32.566	0.030
82358	1	0.0000	0	-0.307	-37.765	36.509	-2.66	-0.42	0.71	0.017	31.088	0.032
82365	1	0.0000	0	-0.319	-37.773	36.506	-2.14	-0.70	0.69	0.020	29.952	0.019
82372	1	0.0000	0	-0.330	-37.779	36.502	-2.05	-0.23	0.55	0.031	29.877	0.013
82379	1	0.0000	0	-0.343	-37.786	36.498	-2.25	0.13	0.39	0.014	30.949	-0.010
82386	1	0.0000	0	-0.349	-37.789	36.495	-2.14	0.02	0.28	0.004	32.195	-0.028
82393	1	0.0000	0	-0.364	-37.795	36.488	-2.12	0.33	0.59	0.005	32.669	-0.043
82401	1	0.0000	0	-0.379	-37.802	36.481	-2.25	0.41	0.85	-0.016	31.766	-0.046
82408	1	0.0000	0	-0.391	-37.808	36.477	-2.13	0.80	0.55	-0.021	30.055	-0.056
82415	1	0.0000	0	-0.401	-37.814	36.474	-2.50	0.84	0.67	-0.014	28.732	-0.050
82421	1	0.0000	0	-0.410	-37.816	36.468	-2.13	0.89	0.46	-0.021	28.386	-0.030
82429	1	0.0000	0	-0.418	-37.822	36.467	-2.05	1.20	0.60	-0.012	29.448	-0.014
82436	1	0.0000	0	-0.427	-37.827	36.464	-2.05	0.64	0.73	-0.001	31.067	0.010
82442	1	0.0000	0	-0.438	-37.832	36.459	-2.07	0.84	0.77	0.006	32.309	0.023
82449	1	0.0000	0	-0.450	-37.839	36.455	-1.88	0.48	0.93	0.013	32.446	0.012
82457	1	0.0000	0	-0.465	-37.844	36.447	-1.98	1.01	0.93	0.013	31.291	0.037
82464	1	0.0000	0	-0.479	-37.848	36.439	-2.10	0.92	0.93	0.023	29.956	0.039
82471	1	0.0000	0	-0.497	-37.855	36.429	-2.50	1.29	0.95	0.025	29.264	0.054
82477	1	0.0000	0	-0.517	-37.861	36.418	-2.57	1.90	0.52	0.014	29.619	0.026
82484	1	0.0000	0	-0.539	-37.868	36.406	-2.67	1.82	0.70	0.017	30.795	0.039
82491	1	0.0000	0	-0.561	-37.877	36.395	-2.57	1.68	0.74	-0.000	31.799	0.017
82498	1	0.0000	0	-0.578	-37.885	36.387	-2.72	1.80	0.77	-0.003	31.789	0.003
82505	1	0.0000	0	-0.598	-37.893	36.377	-2.21	1.66	0.72	-0.023	30.678	-0.011
82512	1	0.0000	0	-0.618	-37.902	36.368	-2.21	1.79	0.59	-0.014	29.075	-0.018
82519	1	0.0000	0	-0.634	-37.909	36.361	-2.00	1.46	0.60	-0.024	28.044	-0.042
82526	1	0.0000	0	-0.658	-37.918	36.349	-1.97	1.92	0.21	-0.056	28.045	-0.032
82533	1	0.0000	0	-0.678	-37.928	36.341	-1.97	1.88	0.25	-0.059	29.180	-0.039
82540	1	0.0000	0	-0.702	-37.938	36.329	-2.08	1.75	-0.14	-0.051	30.708	-0.029
82547	1	0.0000	0	-0.726	-37.946	36.317	-2.14	2.03	0.06	-0.019	31.630	-0.014
82555	1	0.0000	0	-0.746	-37.955	36.307	-2.16	1.98	-0.07	-0.015	31.371	-0.010
82562	1	0.0000	0	-0.765	-37.959	36.295	-2.36	2.17	-0.06	-0.001	30.084	-0.009
82569	1	0.0000	0	-0.778	-37.963	36.287	-2.35	2.12	-0.45	0.013	28.837	-0.007
82576	1	0.0000	0	-0.789	-37.966	36.281	-2.20	1.87	-0.35	0.021	28.370	0.012
82583	1	0.0000	0	-0.798	-37.964	36.271	-2.24	2.16	-1.02	0.045	28.941	0.023
82590	1	0.0000	0	-0.803	-37.965	36.266	-1.97	1.54	-1.20	0.054	30.139	0.022
82597	1	0.0000	0	-0.813	-37.964	36.257	-1.81	1.88	-1.38	0.054	31.111	0.034
82604	1	0.0000	0	-0.822	-37.964	36.250	-1.65	1.83	-1.60	0.069	30.986	0.027
82611	1	0.0000	0	-0.838	-37.967	36.238	-1.75	1.88	-1.55	0.055	29.775	0.008
82618	1	0.0000	0	-0.852	-37.967	36.226	-1.78	2.09	-1.52	0.050	28.193	0.015
82625	1	0.0000	0	-0.872	-37.972	36.213	-2.17	2.16	-1.62	0.031	27.169	0.014
82632	1	0.0000	0	-0.893	-37.974	36.197	-2.16	2.60	-1.44	0.010	27.096	0.003
82639	1	0.0000	0	-0.911	-37.980	36.186	-1.92	2.65	-1.30	0.003	28.190	-0.009
82646	1	0.0000	0	-0.930	-37.983	36.172	-1.81	2.24	-1.11	-0.024	29.704	-0.011
82653	1	0.0000	0	-0.944	-37.983	36.160	-1.68	2.65	-1.12	-0.044	30.768	-0.014
82660	1	0.0000	0	-0.956	-37.983	36.149	-1.39	2.05	-1.13	-0.067	30.867	-0.021
82667	1	0.0000	0	-0.969	-37.981	36.136	-1.44	2.13	-1.47	-0.068	29.803	-0.020
82674	1	0.0000	0	-0.979	-37.977	36.124	-1.22	2.50	-1.54	-0.060	28.578	-0.020
82681	1	0.0000	0	-0.991	-37.974	36.110	-1.36	2.32	-1.64	-0.062	27.893	-0.018
82688	1	0.0000	0	-1.000	-37.969	36.098	-1.30	2.84	-1.89	-0.043	28.051	-0.008
82695	1	0.0000	0	-1.009	-37.965	36.086	-1.35	2.43	-1.87	-0.016	29.089	-0.001
82702	1	0.0000	0	-1.019	-37.963	36.075	-1.60	2.62	-2.12	-0.002	30.022	-0.002
82709	1	0.0000	0	-1.031	-37.961	36.062	-1.37	2.55	-2.18	0.017	30.321	0.003
82716	1	0.0000	0	-1.037	-37.961	36.057	-1.39	2.04	-2.17	0.038	29.640	0.030
82723	1	0.0000	0	-1.042	-37.956	36.048	-1.49	2.05	-2.08	0.045	28.178	0.027
82730	1	0.0000	0	-1.045	-37.953	36.042	-1.18	1.62	-2.07	0.048	26.942	0.011
82737	1	0.0000	0	-1.048	-37.949	36.036	-1.43	1.16	-2.10	0.045	26.538	0.019
82744	1	0.0000	0	-1.052	-37.946	36.030	-1.01	1.30	-1.71	0.037	27.037	0.014
82751	1	0.0000	0	-1.057	-37.943	36.022	-1.04	0.76	-1.98	0.019	28.344	0.013
82758	1	0.0000	0	-1.065	-37.940	36.011	-1.06	0.74	-1.84	0.015	29.614	0.008
82765	1	0.0000	0	-1.081	-37.937	35.996	-1.05	1.11	-1.90	0.008	30.149	-0.011
82772	1	0.0000	0	-1.094	-37.937	35.984	-1.55	0.82	-1.85	-0.001	29.598	-0.004
82779	1	0.0000	0	-1.109	-37.934	35.967	-1.47	1.56	-2.14	-0.020	28.366	-0.017
82786	1	0.0000	0	-1.118	-37.931	35.957	-1.76	1.57	-1.97	-0.011	27.331	-0.008
82793	1	0.0000	0	-1.130	-37.931	35.946	-1.67	1.02	-1.83	-0.024	26.931	-0.022
82800	1	0.0000	0	-1.134	-37.928	35.940	-1.68	1.08	-1.77	-0.023	27.486	-0.024
82807	1	0.0000	0	-1.136	-37.926	35.936	-1.56	0.27	-1.62	-0.042	28.576	-0.020
82814	1	0.0000	0	-1.129	-37.920	35.936	-1.05	0.05	-1.58	-0.033	29.431	-0.007
82821	1	0.0000	0	-1.123	-37.916	35.937	-0.73	-0.59	-1.79	-0.031	29.542	0.012
82828	1	0.0000	0	-1.117	-37.911	35.938	-0.28	-1.12	-1.71	-0.020	28.651	0.009
82835	1	0.0000	0	-1.122	-37.908	35.930	-0.48	-0.63	-2.00	0.013	27.136	0.024
82842	1	0.0000	0	-1.122	-37.905	35.928	-0.59	-0.90	-1.94	0.015	26.042	0.027
82849	1	0.0000	0	-1.130	-37.902	35.918	-0.79	-0.59	-2.05	0.040	25.610	0.033
82856	1	0.0000	0	-1.136	-37.900	35.910	-1.21	-0.18	-2.25	0.043	26.281	0.039
82864	1	0.0000	0	-1.137	-37.896	35.906	-0.92	-0.41	-1.88	0.043	27.658	0.019
82871	1	0.0000	0	-1.139	-37.895	35.903	-1.13	0.00	-1.98	0.043	28.882	0.005
82878	1	0.0000	0	-1.134	-37.892	35.904	-0.82	-0.08	-1.89	0.017	29.440	-0.002
82885	1	0.0000	0	-1.131	-37.888	35.903	-0.31	-0.82	-1.77	0.008	28.987	-0.021
82892	1	0.0000	0	-1.126	-37.886	35.906	-0.02	-0.55	-1.59	-0.016	27.874	-0.026
82899	1	0.0000	0	-1.120	-37.884	35.909	0.50	-1.27	-1.18	-0.045	26.855	-0.050
82906	1	0.0000	0	-1.113	-37.882	35.914	0.26	-1.36	-1.27	-0.048	26.398	-0.046
82913	1	0.0000	0	-1.113	-37.880	35.911	0.51	-0.96	-0.87	-0.028	26.738	-0.066
82920	1	0.0000	0	-1.113	-37.879	35.910	0.18	-1.64	-0.70	-0.037	27.785	-0.056
82927	1	0.0000	0	-1.113	-37.877	35.908	0.22	-1.28	-0.68	-0.028	28.587	-0.025
82934	1	0.0000	0	-1.111	-37.876	35.909	0.12	-1.56	-0.61	-0.012	28.787	-0.018
82941	1	0.0000	0	-1.096	-37.871	35.917	0.32	-1.87	-0.50	0.003	27.985	-0.002
82948	1	0.0000	0	-1.087	-37.863	35.918	0.21	-1.79	-1.11	0.020	26.651	0.026
82955	1	0.0000	0	-1.071	-37.857	35.926	0.57	-2.15	-1.21	0.039	25.558	0.036
82962	1	0.0000	0	-1.055	-37.851	35.934	0.59	-2.60	-1.32	0.032	25.172	0.040
82969	1	0.0000	0	-1.044	-37.847	35.940	0.66	-2.49	-0.86	0.029	25.492	0.049
82976	1	0.0000	0	-1.030	-37.847	35.953	0.81	-2.99	-0.50	0.023	26.635	0.047
82983	1	0.0000	0	-1.020	-37.845	35.960	0.68	-3.08	-0.50	0.026	27.823	0.041
82990	1	0.0000	0	-1.014	-37.845	35.964	0.28	-2.58	-0.17	0.024	28.513	0.025
82997	1	0.0000	0	-1.004	-37.845	35.973	0.40	-3.08	-0.33	0.008	28.300	0.018
83005	1	0.0000	0	-0.994	-37.842	35.979	0.91	-2.38	-0.15	-0.008	27.232	0.003
83012	1	0.0000	0	-0.984	-37.843	35.989	0.55	-2.52	-0.29	-0.013	26.167	-0.006
83019	1	0.0000	0	-0.970	-37.842	36.001	1.12	-2.96	-0.21	-0.029	25.542	-0.024
83026	1	0.0000	0	-0.963	-37.841	36.005	1.15	-2.21	-0.15	-0.036	25.599	-0.033
83033	1	0.0000	0	-0.947	-37.842	36.020	0.86	-2.45	-0.04	-0.028	26.422	-0.060
83040	1	0.0000	0	-0.930	-37.841	36.035	1.31	-2.80	-0.13	-0.022	27.390	-0.057
83047	1	0.0000	0	-0.914	-37.840	36.047	1.27	-2.25	-0.01	-0.005	27.977	-0.031
83054	1	0.0000	0	-0.887	-37.837	36.069	1.60	-2.52	-0.28	-0.003	27.736	-0.022
83061	1	0.0000	0	-0.874	-37.839	36.082	1.83	-2.76	-0.17	0.008	26.647	-0.004
83068	1	0.0000	0	-0.856	-37.836	36.095	1.38	-2.31	-0.49	0.014	25.343	0.024
83075	1	0.0000	0	-0.839	-37.835	36.108	1.40	-2.63	-0.29	0.025	24.499	0.035
83082	1	0.0000	0	-0.832	-37.833	36.113	1.69	-2.19	-0.29	0.038	24.146	0.042
83089	1	0.0000	0	-0.821	-37.831	36.120	1.26	-1.85	-0.30	0.053	24.756	0.040
83096	1	0.0000	0	-0.810	-37.830	36.129	1.48	-1.94	-0.21	0.045	25.884	0.043
83103	1	0.0000	0	-0.800	-37.827	36.136	1.46	-1.49	-0.54	0.035	27.062	0.047
83110	1	0.0000	0	-0.788	-37.823	36.142	1.41	-1.25	-0.73	0.027	27.701	0.021
83117	1	0.0000	0	-0.769	-37.820	36.155	1.73	-1.48	-0.61	0.013	27.515	0.011
83124	1	0.0000	0	-0.754	-37.814	36.163	1.79	-1.19	-0.33	0.009	26.507	-0.004
83131	1	0.0000	0	-0.736	-37.809	36.174	1.92	-0.93	-0.50	-0.017	25.537	-0.023
83138	1	0.0000	0	-0.718	-37.802	36.183	1.83	-0.81	-0.64	-0.020	24.915	-0.029
83145	1	0.0000	0	-0.706	-37.798	36.189	1.86	-0.87	-0.09	-0.037	24.873	-0.051
83152	1	0.0000	0	-0.689	-37.791	36.198	1.71	-0.53	-0.27	-0.046	25.532	-0.044
83159	1	0.0000	0	-0.670	-37.785	36.209	1.85	-0.48	-0.04	-0.038	26.408	-0.025
83167	1	0.0000	0	-0.651	-37.777	36.218	1.84	-0.09	0.00	-0.032	27.048	-0.014
83173	1	0.0000	0	-0.633	-37.773	36.229	1.47	-0.47	0.23	-0.037	26.910	-0.013
83180	1	0.0000	0	-0.616	-37.766	36.238	1.35	-0.30	-0.04	-0.027	26.060	-0.010
83188	1	0.0000	0	-0.598	-37.760	36.247	1.26	0.10	0.28	-0.021	24.851	-0.000
83195	1	0.0000	0	-0.586	-37.757	36.256	1.19	-0.38	0.31	-0.016	23.924	0.028
83202	1	0.0000	0	-0.577	-37.753	36.259	1.27	-0.12	0.07	0.007	23.548	0.046
83208	1	0.0000	0	-0.571	-37.749	36.261	1.03	0.48	-0.28	0.035	23.768	0.031
83215	1	0.0000	0	-0.568	-37.750	36.264	0.80	0.25	-0.35	0.047	24.704	0.053
83222	1	0.0000	0	-0.568	-37.749	36.263	0.78	0.22	-0.20	0.049	25.755	0.033
83230	1	0.0000	0	-0.570	-37.748	36.260	0.65	0.99	-0.20	0.038	26.500	0.009
83237	1	0.0000	0	-0.569	-37.748	36.262	0.60	0.63	-0.22	0.043	26.632	-0.007
83243	1	0.0000	0	-0.566	-37.748	36.264	0.73	0.50	-0.00	0.015	25.976	-0.019
83250	1	0.0000	0	-0.564	-37.747	36.265	0.85	0.63	-0.04	-0.010	24.937	-0.026
83257	1	0.0000	0	-0.558	-37.747	36.271	1.05	0.36	0.03	-0.022	24.145	-0.042
83264	1	0.0000	0	-0.554	-37.745	36.272	1.04	0.38	-0.30	-0.027	23.782	-0.041
83271	1	0.0000	0	-0.553	-37.742	36.270	0.97	0.77	-0.08	-0.021	24.032	-0.034
83278	1	0.0000	0	-0.548	-37.742	36.274	0.71	0.69	-0.07	-0.024	24.824	-0.018
83285	1	0.0000	0	-0.548	-37.741	36.273	0.65	0.58	-0.53	-0.015	25.623	-0.008
83293	1	0.0000	0	-0.548	-37.737	36.269	0.56	1.11	-0.34	0.006	26.077	0.018
83300	1	0.0000	0	-0.543	-37.734	36.271	0.74	0.83	-0.45	0.009	25.868	0.022
83306	1	0.0000	0	-0.540	-37.731	36.270	0.47	0.44	-0.75	0.020	24.994	0.031
83314	1	0.0000	0	-0.539	-37.729	36.269	0.60	0.82	-0.72	0.007	23.811	0.039
83321	1	0.0000	0	-0.534	-37.725	36.270	0.70	0.42	-0.42	0.023	22.959	0.029
83328	1	0.0000	0	-0.532	-37.722	36.269	1.03	0.22	-0.45	0.008	22.494	0.012
83334	1	0.0000	0	-0.533	-37.717	36.262	0.75	0.57	-0.62	0.023	22.742	0.008
83341	1	0.0000	0	-0.533	-37.715	36.262	1.00	0.34	-0.33	0.009	23.624	0.000
83348	1	0.0000	0	-0.533	-37.715	36.261	0.95	0.26	-0.51	0.010	24.683	-0.021
83355	1	0.0000	0	-0.537	-37.711	36.253	0.70	0.67	-0.36	0.027	25.460	-0.025
83362	1	0.0000	0	-0.536	-37.711	36.254	0.79	0.07	-0.17	0.010	25.886	-0.020
83369	1	0.0000	0	-0.530	-37.706	36.254	0.89	-0.04	-0.47	0.000	25.471	-0.021
83376	1	0.0000	0	-0.530	-37.702	36.250	1.08	0.12	-0.39	-0.022	24.565	-0.007
83383	1	0.0000	0	-0.527	-37.703	36.255	1.08	-0.23	-0.05	-0.028	23.758	-0.008
83390	1	0.0000	0	-0.523	-37.701	36.256	1.49	-0.66	-0.13	-0.035	23.214	-0.022
83397	1	0.0000	0	-0.522	-37.698	36.255	1.69	-0.69	0.44	-0.031	23.152	0.003
83404	1	0.0000	0	-0.516	-37.695	36.256	1.14	-0.61	0.17	-0.030	23.718	0.001
83411	1	0.0000	0	-0.511	-37.692	36.258	1.25	-1.01	0.03	-0.027	24.512	0.003
83418	1	0.0000	0	-0.507	-37.689	36.259	1.25	-0.29	-0.37	-0.016	25.001	0.012
83425	1	0.0000	0	-0.498	-37.685	36.263	0.86	-0.39	-0.30	-0.015	25.185	0.004
83432	1	0.0000	0	-0.486	-37.682	36.270	1.30	-0.99	-0.04	-0.026	24.756	0.009
83439	1	0.0000	0	-0.474	-37.678	36.277	1.09	-1.20	-0.25	-0.033	23.733	0.005
83446	1	0.0000	0	-0.458	-37.673	36.286	1.26	-1.35	-0.06	-0.030	22.752	0.013
83453	1	0.0000	0	-0.443	-37.671	36.297	1.84	-1.96	-0.23	-0.007	22.073	0.013
83460	1	0.0000	0	-0.429	-37.665	36.304	1.73	-1.94	-0.47	-0.002	21.932	0.013
83467	1	0.0000	0	-0.419	-37.663	36.312	1.42	-1.56	-0.43	0.001	22.281	-0.006
83474	1	0.0000	0	-0.410	-37.662	36.318	1.59	-1.95	-0.74	0.026	23.155	-0.009
83481	1	0.0000	0	-0.407	-37.663	36.321	1.55	-1.94	-0.82	0.026	24.063	0.002
83488	1	0.0000	0	-0.402	-37.662	36.325	1.37	-1.88	-0.49	0.045	24.637	-0.005
83495	1	0.0000	0	-0.397	-37.665	36.332	1.32	-2.22	-0.41	0.040	24.842	-0.007
83502	1	0.0000	0	-0.386	-37.664	36.341	1.80	-2.84	-0.16	0.028	24.289	-0.003
83509	1	0.0000	0	-0.379	-37.663	36.347	1.75	-2.47	-0.48	0.012	23.339	-0.003
83517	1	0.0000	0	-0.363	-37.662	36.359	1.91	-3.02	-0.51	0.004	22.592	0.000
83524	1	0.0000	0	-0.347	-37.657	36.368	2.06	-3.14	-0.54	-0.002	22.178	0.013
83530	1	0.0000	0	-0.335	-37.652	36.374	1.76	-2.47	-0.91	-0.011	22.188	0.015
83537	1	0.0000	0	-0.316	-37.645	36.384	1.83	-2.49	-0.76	-0.019	22.750	0.017
83544	1	0.0000	0	-0.293	-37.636	36.396	2.06	-2.84	-0.85	-0.020	23.524	0.011
83551	1	0.0000	0	-0.274	-37.627	36.404	1.73	-2.26	-0.88	-0.024	24.031	0.022
83558	1	0.0000	0	-0.250	-37.618	36.416	1.68	-2.02	-1.07	-0.003	24.243	0.011
83565	1	0.0000	0	-0.221	-37.609	36.432	2.13	-2.46	-1.08	-0.001	23.867	0.000
83573	1	0.0000	0	-0.194	-37.599	36.447	2.06	-2.12	-1.26	0.007	22.943	-0.005
83580	1	0.0000	0	-0.166	-37.588	36.461	2.12	-1.86	-1.26	0.014	21.945	-0.004
83587	1	0.0000	0	-0.138	-37.582	36.479	2.05	-2.32	-0.94	0.021	21.250	-0.009
83594	1	0.0000	0	-0.113	-37.578	36.497	2.13	-2.81	-0.74	0.010	20.843	-0.006
83601	1	0.0000	0	-0.097	-37.575	36.509	2.09	-2.00	-0.44	0.022	21.060	-0.023
83608	1	0.0000	0	-0.079	-37.573	36.523	1.95	-2.16	-0.26	0.022	21.783	-0.027
83614	1	0.0000	0	-0.061	-37.571	36.536	1.72	-2.06	-0.23	0.014	22.704	-0.013
83622	1	0.0000	0	-0.048	-37.567	36.543	1.54	-1.34	-0.56	0.028	23.469	-0.019
83629	1	0.0000	0	-0.032	-37.562	36.553	1.52	-0.77	-0.58	0.029	23.888	-0.013
83636	1	0.0000	0	-0.018	-37.558	36.561	1.21	-1.06	-0.61	0.017	23.794	-0.001
83643	1	0.0000	0	-0.006	-37.555	36.568	1.01	-0.42	-0.75	0.003	23.083	0.016
83650	1	0.0000	0	0.008	-37.551	36.577	1.06	-0.11	-0.36	0.001	22.292	0.008
83657	1	0.0000	0	0.027	-37.547	36.591	1.24	-0.61	-0.25	-0.019	21.701	0.023
83663	1	0.0000	0	0.044	-37.543	36.601	1.14	-0.48	-0.29	-0.011	21.323	0.012
83670	1	0.0000	0	0.059	-37.536	36.607	0.99	0.11	-0.30	-0.037	21.364	0.001
83677	1	0.0000	0	0.074	-37.530	36.616	0.89	0.20	-0.29	-0.028	21.901	0.009
83684	1	0.0000	0	0.088	-37.524	36.621	1.10	0.30	-0.71	-0.027	22.552	-0.007
83691	1	0.0000	0	0.092	-37.518	36.619	0.50	0.82	-0.63	-0.020	22.985	-0.012
83698	1	0.0000	0	0.102	-37.512	36.622	0.18	1.26	-0.53	-0.020	23.148	-0.021
83705	1	0.0000	0	0.107	-37.507	36.622	0.46	1.21	-0.66	-0.009	22.864	-0.016
83713	1	0.0000	0	0.112	-37.502	36.621	0.18	1.43	-0.70	0.001	22.086	-0.025
83719	1	0.0000	0	0.114	-37.499	36.620	-0.25	1.64	-0.58	-0.001	21.173	-0.031
83726	1	0.0000	0	0.118	-37.496	36.620	0.07	1.45	-0.51	0.009	20.508	-0.005
83733	1	0.0000	0	0.116	-37.495	36.619	0.16	1.03	-0.50	0.014	20.142	0.011
83740	1	0.0000	0	0.111	-37.493	36.612	-0.00	1.47	-0.66	0.020	20.122	0.022
83747	1	0.0000	0	0.108	-37.495	36.610	-0.37	1.70	-0.43	0.023	20.618	0.013
83754	1	0.0000	0	0.102	-37.495	36.606	-0.23	1.02	-0.51	0.030	21.423	0.026
83761	1	0.0000	0	0.092	-37.496	36.598	-0.19	1.21	-0.32	0.030	22.145	0.022
83768	1	0.0000	0	0.082	-37.495	36.588	-0.61	1.53	-0.43	0.016	22.585	0.033
83775	1	0.0000	0	0.072	-37.498	36.582	-0.43	1.36	-0.34	0.002	22.733	0.029
83782	1	0.0000	0	0.067	-37.496	36.576	-0.28	0.83	-0.27	-0.009	22.330	0.027
83789	1	0.0000	0	0.056	-37.494	36.564	-0.51	1.31	-0.31	-0.035	21.573	0.029
83796	1	0.0000	0	0.051	-37.492	36.558	-0.38	1.08	-0.11	-0.026	20.903	0.019
83803	1	0.0000	0	0.048	-37.490	36.553	-0.23	0.46	0.05	-0.035	20.421	0.005
83810	1	0.0000	0	0.045	-37.486	36.546	-0.21	0.30	-0.03	-0.030	20.178	0.002
83817	1	0.0000	0	0.039	-37.483	36.538	-0.06	0.60	0.26	-0.027	20.367	-0.012
83824	1	0.0000	0	0.036	-37.482	36.534	-0.10	0.23	0.24	-0.006	20.934	-0.016
83831	1	0.0000	0	0.032	-37.480	36.530	-0.18	-0.21	0.23	0.002	21.600	-0.025
83838	1	0.0000	0	0.025	-37.480	36.523	-0.22	0.36	0.02	0.016	21.932	-0.029
83845	1	0.0000	0	0.026	-37.478	36.523	0.03	0.35	0.10	0.015	22.091	-0.021
83852	1	0.0000	0	0.024	-37.481	36.523	0.04	-0.41	0.12	0.032	21.870	-0.025
83859	1	0.0000	0	0.019	-37.483	36.521	0.26	-0.50	0.20	0.029	21.133	-0.006
83866	1	0.0000	0	0.009	-37.487	36.517	0.10	-0.25	0.10	0.025	20.268	-0.002
83873	1	0.0000	0	0.004	-37.493	36.518	0.94	-1.02	0.45	0.033	19.615	0.019
83880	1	0.0000	0	-0.004	-37.498	36.515	0.88	-1.52	0.39	0.024	19.172	0.019
83887	1	0.0000	0	-0.014	-37.501	36.510	0.85	-1.01	0.12	0.044	18.996	0.030
83894	1	0.0000	0	-0.022	-37.504	36.506	1.07	-0.92	0.03	0.028	19.340	0.026
83901	1	0.0000	0	-0.025	-37.508	36.506	1.09	-1.30	0.17	0.026	20.105	0.033
83908	1	0.0000	0	-0.024	-37.507	36.506	1.19	-1.27	0.03	0.022	20.799	0.026
83915	1	0.0000	0	-0.024	-37.506	36.505	1.16	-1.01	0.02	0.008	21.413	0.016
83922	1	0.0000	0	-0.014	-37.502	36.511	1.67	-1.37	0.19	-0.011	21.789	-0.000
83929	1	0.0000	0	-0.001	-37.498	36.518	2.03	-1.69	0.04	-0.034	21.740	-0.029
83936	1	0.0000	0	0.015	-37.493	36.527	2.04	-2.01	0.23	-0.039	21.208	-0.026
83943	1	0.0000	0	0.031	-37.488	36.537	2.36	-1.56	0.42	-0.043	20.523	-0.058
83950	1	0.0000	0	0.052	-37.483	36.550	2.51	-1.94	0.65	-0.044	19.982	-0.046
83957	1	0.0000	0	0.072	-37.478	36.563	2.59	-2.26	0.68	-0.053	19.554	-0.040
83963	1	0.0000	0	0.087	-37.472	36.570	2.30	-1.47	0.51	-0.049	19.337	-0.024
83971	1	0.0000	0	0.105	-37.468	36.581	1.92	-0.86	0.17	-0.035	19.557	-0.012
83978	1	0.0000	0	0.121	-37.465	36.593	1.88	-1.24	0.48	-0.009	20.117	0.000
83985	1	0.0000	0	0.139	-37.462	36.607	1.85	-1.37	0.53	0.011	20.613	0.011
83991	1	0.0000	0	0.151	-37.461	36.615	1.43	-0.85	0.53	0.042	20.879	0.018
83999	1	0.0000	0	0.172	-37.457	36.630	1.80	-0.89	0.84	0.031	21.020	0.028
84006	1	0.0000	0	0.197	-37.454	36.649	2.01	-1.85	0.74	0.028	20.840	0.044
84013	1	0.0000	0	0.215	-37.449	36.660	1.96	-1.39	0.77	0.025	20.222	0.030
84019	1	0.0000	0	0.231	-37.444	36.670	2.22	-1.04	0.78	0.023	19.445	0.024
84026	1	0.0000	0	0.243	-37.443	36.679	2.37	-1.15	0.75	0.004	18.791	0.012
84033	1	0.0000	0	0.253	-37.442	36.687	2.50	-1.25	0.82	-0.002	18.387	-0.010
84040	1	0.0000	0	0.255	-37.442	36.689	1.77	-0.64	0.83	0.002	18.189	-0.017
84047	1	0.0000	0	0.255	-37.442	36.689	1.71	-0.05	0.73	-0.004	18.307	-0.019
84055	1	0.0000	0	0.262	-37.443	36.695	1.84	-0.39	0.73	-0.015	18.866	-0.032
84062	1	0.0000	0	0.268	-37.442	36.700	1.97	-0.41	0.72	-0.029	19.521	-0.030
84069	1	0.0000	0	0.274	-37.441	36.705	1.76	0.14	0.49	-0.031	20.046	-0.032
84076	1	0.0000	0	0.287	-37.439	36.713	2.06	0.10	0.54	-0.036	20.351	-0.033
84083	1	0.0000	0	0.303	-37.436	36.726	1.99	-0.14	0.64	-0.042	20.572	-0.020
84090	1	0.0000	0	0.320	-37.434	36.738	2.10	-1.00	0.65	-0.021	20.298	-0.008
84096	1	0.0000	0	0.329	-37.431	36.743	1.76	-0.25	0.88	-0.012	19.643	0.001
84104	1	0.0000	0	0.340	-37.428	36.750	1.60	0.27	0.63	-0.008	19.004	0.016
84111	1	0.0000	0	0.355	-37.423	36.758	1.51	-0.29	0.85	-0.013	18.530	0.008
84118	1	0.0000	0	0.366	-37.417	36.763	1.23	-0.02	0.33	0.010	18.219	0.042
84125	1	0.0000	0	0.373	-37.412	36.763	1.04	0.41	0.41	0.025	18.158	0.040
84132	1	0.0000	0	0.385	-37.406	36.768	0.95	0.96	0.27	0.042	18.429	0.038
84139	1	0.0000	0	0.400	-37.400	36.776	1.16	0.08	0.09	0.032	18.936	0.012
84146	1	0.0000	0	0.411	-37.396	36.782	1.23	0.02	0.72	0.038	19.408	0.002
84153	1	0.0000	0	0.416	-37.393	36.782	0.70	0.95	0.53	0.027	19.672	0.001
84160	1	0.0000	0	0.424	-37.392	36.789	0.98	0.73	1.00	0.025	19.812	-0.017
84167	1	0.0000	0	0.432	-37.392	36.796	1.05	0.12	1.00	0.015	19.713	-0.030
84174	1	0.0000	0	0.437	-37.391	36.799	0.99	0.17	1.13	-0.000	19.208	-0.023
84181	1	0.0000	0	0.435	-37.391	36.798	0.63	1.03	1.04	-0.007	18.453	-0.022
84188	1	0.0000	0	0.433	-37.393	36.798	0.47	1.38	0.96	-0.003	17.799	-0.013
84195	1	0.0000	0	0.428	-37.398	36.798	0.56	0.96	0.97	-0.024	17.329	0.011
84202	1	0.0000	0	0.424	-37.400	36.797	0.25	0.91	1.01	-0.020	16.993	0.022
84209	1	0.0000	0	0.410	-37.404	36.788	-0.20	2.00	0.37	-0.009	16.920	0.032
84216	1	0.0000	0	0.403	-37.407	36.785	-0.21	2.52	0.72	-0.031	17.241	0.036
84223	1	0.0000	0	0.401	-37.411	36.787	-0.22	1.64	0.97	-0.018	17.797	0.032
84230	1	0.0000	0	0.397	-37.414	36.786	-0.07	1.18	0.85	-0.016	18.432	0.032
84237	1	0.0000	0	0.390	-37.416	36.783	-0.07	1.85	0.92	-0.015	18.893	0.018
84244	1	0.0000	0	0.388	-37.418	36.782	-0.02	1.71	0.70	-0.020	19.207	0.015
84251	1	0.0000	0	0.391	-37.419	36.787	0.26	1.47	0.46	0.002	19.412	0.010
84258	1	0.0000	0	0.389	-37.420	36.785	0.11	1.24	0.40	-0.003	19.166	-0.004
84265	1	0.0000	0	0.377	-37.421	36.776	0.22	1.98	0.19	0.029	18.598	-0.002
84272	1	0.0000	0	0.370	-37.420	36.768	-0.29	2.30	-0.26	0.045	18.088	-0.025
84279	1	0.0000	0	0.363	-37.422	36.764	-0.24	1.98	0.01	0.051	17.675	-0.032
84286	1	0.0000	0	0.356	-37.422	36.758	-0.34	2.00	-0.22	0.045	17.310	-0.016
84293	1	0.0000	0	0.345	-37.421	36.747	-0.69	2.43	-0.31	0.032	17.101	-0.020
84300	1	0.0000	0	0.336	-37.419	36.738	-0.83	2.79	-0.21	0.032	17.186	-0.019
84307	1	0.0000	0	0.335	-37.418	36.736	-0.56	2.09	-0.30	0.012	17.564	-0.031
84314	1	0.0000	0	0.333	-37.416	36.732	-0.40	1.57	-0.05	0.006	18.010	-0.021
84321	1	0.0000	0	0.326	-37.413	36.723	-0.60	1.68	-0.28	-0.019	18.333	-0.010
84328	1	0.0000	0	0.318	-37.411	36.714	-0.52	2.15	0.01	-0.040	18.502	0.001
84335	1	0.0000	0	0.310	-37.410	36.707	-0.48	1.34	0.15	-0.037	18.591	-0.001
84342	1	0.0000	0	0.303	-37.409	36.699	-0.54	0.76	0.17	-0.039	18.420	-0.001
84349	1	0.0000	0	0.288	-37.408	36.685	-0.95	1.06	-0.05	-0.044	17.914	0.017
84356	1	0.0000	0	0.272	-37.409	36.671	-1.19	1.69	-0.11	-0.018	17.254	0.008
84363	1	0.0000	0	0.263	-37.409	36.664	-1.16	1.59	0.05	-0.018	16.720	0.006
84370	1	0.0000	0	0.255	-37.413	36.660	-1.33	0.53	0.02	-0.009	16.358	0.006
84377	1	0.0000	0	0.249	-37.416	36.658	-0.98	-0.03	0.23	-0.007	16.080	-0.001
84384	1	0.0000	0	0.239	-37.418	36.652	-0.97	0.17	-0.08	0.009	15.984	0.001
84391	1	0.0000	0	0.232	-37.419	36.646	-0.71	0.02	0.12	0.004	16.153	-0.007
84398	1	0.0000	0	0.229	-37.423	36.647	-0.44	-0.52	0.18	-0.011	16.607	-0.021
84404	1	0.0000	0	0.222	-37.428	36.646	-0.43	-0.91	0.13	-0.001	17.169	0.001
84412	1	0.0000	0	0.210	-37.430	36.637	-0.57	-0.79	-0.27	0.009	17.558	-0.011
84419	1	0.0000	0	0.198	-37.434	36.630	-0.66	0.13	-0.47	0.019	17.852	-0.001
84426	1	0.0000	0	0.185	-37.441	36.625	-0.64	-0.45	-0.44	0.010	18.069	0.005
84433	1	0.0000	0	0.177	-37.445	36.623	-0.51	-1.00	-0.22	0.001	18.007	0.005
84440	1	0.0000	0	0.168	-37.450	36.619	-0.54	-0.95	-0.77	0.007	17.639	0.003
84447	1	0.0000	0	0.160	-37.452	36.615	-0.21	-0.63	-0.89	-0.013	17.106	0.011
84454	1	0.0000	0	0.158	-37.453	36.614	-0.02	-0.93	-1.10	-0.014	16.646	0.014
84461	1	0.0000	0	0.162	-37.456	36.620	0.52	-2.01	-0.88	-0.016	16.301	0.007
84468	1	0.0000	0	0.166	-37.456	36.624	0.67	-2.43	-0.61	-0.017	16.047	0.004
84475	1	0.0000	0	0.164	-37.457	36.623	0.25	-1.85	-0.98	-0.011	15.877	-0.003
84482	1	0.0000	0	0.164	-37.455	36.620	0.11	-1.03	-1.03	0.013	15.940	-0.006
84489	1	0.0000	0	0.173	-37.451	36.625	0.30	-1.59	-0.98	0.012	16.293	-0.010
84496	1	0.0000	0	0.182	-37.448	36.630	0.19	-1.94	-1.15	0.014	16.712	-0.019
84503	1	0.0000	0	0.192	-37.442	36.633	0.25	-1.55	-1.28	0.024	17.009	0.000
84510	1	0.0000	0	0.204	-37.435	36.636	-0.04	-1.11	-1.54	0.041	17.155	0.003
84517	1	0.0000	0	0.219	-37.427	36.643	0.19	-0.92	-1.43	0.026	17.289	-0.004
84524	1	0.0000	0	0.241	-37.421	36.656	0.40	-1.78	-1.51	0.016	17.256	0.016
84531	1	0.0000	0	0.263	-37.414	36.669	0.62	-2.30	-1.00	0.016	16.955	0.009
84537	1	0.0000	0	0.275	-37.413	36.678	0.42	-1.75	-1.05	0.002	16.387	0.009
84544	1	0.0000	0	0.284	-37.410	36.684	0.56	-1.00	-1.08	0.010	15.777	0.011
84552	1	0.0000	0	0.297	-37.409	36.694	0.58	-1.97	-0.66	0.009	15.351	0.016
84559	1	0.0000	0	0.305	-37.410	36.701	0.18	-2.23	-0.75	0.003	15.064	0.004
84565	1	0.0000	0	0.309	-37.408	36.703	0.06	-1.56	-0.77	-0.008	14.780	0.020
84573	1	0.0000	0	0.302	-37.408	36.697	-0.21	-0.68	-0.84	-0.005	14.650	0.023
84579	1	0.0000	0	0.305	-37.404	36.695	-0.18	-0.43	-1.02	-0.013	14.822	0.005
84586	1	0.0000	0	0.316	-37.401	36.703	0.10	-0.89	-1.05	-0.015	15.205	0.000
84593	1	0.0000	0	0.326	-37.397	36.708	0.36	-0.73	-1.15	-0.008	15.682	-0.008
84600	1	0.0000	0	0.331	-37.395	36.710	0.56	-0.83	-1.25	-0.018	16.024	-0.029
84607	1	0.0000	0	0.332	-37.390	36.705	0.52	-0.06	-1.35	-0.010	16.330	-0.040
84614	1	0.0000	0	0.338	-37.387	36.709	0.48	-0.25	-1.54	0.004	16.531	-0.034
84622	1	0.0000	0	0.346	-37.387	36.715	0.80	-0.46	-1.13	0.001	16.770	-0.033
84629	1	0.0000	0	0.354	-37.384	36.720	0.85	-1.37	-1.01	0.014	16.634	-0.023
84636	1	0.0000	0	0.351	-37.384	36.717	0.22	-0.35	-0.76	0.027	16.203	-0.014
84643	1	0.0000	0	0.352	-37.380	36.714	0.05	0.70	-1.10	0.027	15.721	-0.014
84650	1	0.0000	0	0.367	-37.376	36.723	0.01	-0.27	-0.95	0.035	15.367	-0.006
84657	1	0.0000	0	0.384	-37.370	36.732	0.43	-0.79	-0.95	0.024	15.113	0.016
84664	1	0.0000	0	0.395	-37.366	36.738	0.24	-0.67	-0.56	0.015	14.849	0.023
84670	1	0.0000	0	0.400	-37.360	36.736	-0.00	0.50	-0.86	0.017	14.681	0.015
84677	1	0.0000	0	0.421	-37.350	36.745	0.27	0.06	-0.79	0.002	14.647	0.018
84684	1	0.0000	0	0.432	-37.344	36.749	0.34	0.04	-0.63	-0.011	14.847	0.014
84691	1	0.0000	0	0.447	-37.340	36.758	0.23	-0.89	0.08	-0.027	15.237	-0.001
84699	1	0.0000	0	0.451	-37.335	36.757	-0.28	0.27	0.29	-0.010	15.518	-0.011
84706	1	0.0000	0	0.464	-37.327	36.760	-0.46	0.87	-0.24	-0.017	15.593	-0.010
84713	1	0.0000	0	0.460	-37.322	36.752	-0.74	1.83	0.03	-0.029	15.707	-0.030
84719	1	0.0000	0	0.470	-37.316	36.755	-0.57	1.09	0.07	-0.031	15.742	-0.019
84726	1	0.0000	0	0.472	-37.315	36.756	-0.63	1.07	0.57	-0.028	15.735	-0.019
84733	1	0.0000	0	0.476	-37.310	36.755	-1.05	1.50	0.04	-0.014	15.418	-0.025
84740	1	0.0000	0	0.474	-37.314	36.757	-1.20	1.70	-0.01	-0.024	14.928	-0.012
84747	1	0.0000	0	0.463	-37.315	36.748	-1.26	1.96	-0.10	-0.013	14.425	-0.006
84754	1	0.0000	0	0.454	-37.321	36.747	-0.99	1.37	0.43	-0.001	14.060	-0.001
84761	1	0.0000	0	0.444	-37.325	36.741	-0.86	1.01	0.76	-0.007	13.821	0.005
84768	1	0.0000	0	0.430	-37.329	36.733	-1.15	1.16	0.48	0.013	13.596	0.021
84775	1	0.0000	0	0.409	-37.337	36.721	-1.43	1.57	0.55	0.015	13.467	0.026
84782	1	0.0000	0	0.386	-37.342	36.707	-1.58	2.19	0.40	0.024	13.419	0.026
84789	1	0.0000	0	0.371	-37.348	36.700	-1.24	1.06	0.56	0.022	13.663	0.030
84796	1	0.0000	0	0.354	-37.354	36.690	-1.14	0.88	0.64	0.027	14.034	0.018
84803	1	0.0000	0	0.342	-37.360	36.685	-1.20	0.75	0.51	0.024	14.381	0.020
84810	1	0.0000	0	0.325	-37.362	36.672	-1.48	1.65	0.10	0.013	14.614	0.028
84817	1	0.0000	0	0.306	-37.364	36.658	-1.43	1.88	-0.18	-0.005	14.835	0.009
84824	1	0.0000	0	0.298	-37.372	36.658	-1.17	1.57	0.20	-0.020	14.899	0.002
84831	1	0.0000	0	0.290	-37.374	36.653	-0.96	1.15	0.30	-0.020	15.125	-0.010
84838	1	0.0000	0	0.281	-37.378	36.649	-0.91	0.49	0.59	-0.018	15.057	-0.010
84845	1	0.0000	0	0.272	-37.380	36.643	-0.97	0.66	0.16	-0.023	14.716	-0.015
84852	1	0.0000	0	0.252	-37.379	36.624	-1.06	1.63	-0.09	-0.031	14.298	-0.031
84859	1	0.0000	0	0.240	-37.379	36.614	-0.88	1.38	0.09	-0.018	13.918	-0.026
84866	1	0.0000	0	0.233	-37.381	36.609	-0.99	0.99	-0.04	-0.013	13.700	-0.005
84873	1	0.0000	0	0.222	-37.382	36.601	-1.06	0.74	0.06	0.002	13.460	-0.018
84880	1	0.0000	0	0.209	-37.383	36.591	-1.45	1.29	-0.52	0.006	13.284	-0.005
84887	1	0.0000	0	0.197	-37.385	36.582	-1.31	1.52	-0.46	0.008	13.121	0.017
84894	1	0.0000	0	0.183	-37.387	36.572	-1.23	1.68	-0.91	0.025	13.118	0.034
84901	1	0.0000	0	0.175	-37.391	36.568	-1.07	1.15	-0.66	0.024	13.285	0.025
84908	1	0.0000	0	0.168	-37.397	36.569	-0.69	-0.01	-0.09	0.025	13.619	0.012
84915	1	0.0000	0	0.153	-37.401	36.559	-0.64	-0.58	-0.31	0.032	13.915	-0.002
84922	1	0.0000	0	0.138	-37.405	36.550	-0.76	-0.08	-0.16	0.016	14.036	-0.007
84929	1	0.0000	0	0.124	-37.410	36.542	-0.68	0.07	-0.28	0.015	14.066	-0.014
84936	1	0.0000	0	0.113	-37.415	36.538	-0.47	-0.09	-0.00	-0.001	14.225	-0.006
84943	1	0.0000	0	0.107	-37.420	36.538	-0.28	-0.82	0.22	0.001	14.228	-0.011
84949	1	0.0000	0	0.105	-37.427	36.542	-0.32	-1.15	0.16	-0.036	14.158	0.000
84956	1	0.0000	0	0.098	-37.429	36.538	-0.31	-1.45	0.03	-0.017	13.880	0.001
84963	1	0.0000	0	0.087	-37.429	36.528	-0.26	-0.67	-0.49	-0.020	13.428	0.015
84970	1	0.0000	0	0.087	-37.428	36.528	-0.06	-0.35	-0.70	-0.028	13.003	0.028
84978	1	0.0000	0	0.088	-37.429	36.529	-0.06	-0.52	-0.52	-0.015	12.664	0.021
84985	1	0.0000	0	0.086	-37.429	36.528	0.10	-1.49	-0.45	-0.002	12.461	0.026
84992	1	0.0000	0	0.094	-37.427	36.532	-0.17	-1.37	-0.51	0.011	12.325	0.020
84999	1	0.0000	0	0.097	-37.423	36.531	-0.05	-1.28	-0.94	0.019	12.087	0.029
85006	1	0.0000	0	0.096	-37.416	36.524	-0.02	-0.94	-0.78	0.025	11.943	0.019
85013	1	0.0000	0	0.102	-37.409	36.522	0.32	-1.07	-0.56	0.015	12.001	-0.006
85020	1	0.0000	0	0.117	-37.408	36.534	0.37	-0.97	-0.72	0.020	12.263	-0.021
85027	1	0.0000	0	0.134	-37.407	36.549	0.77	-1.97	-0.42	0.016	12.580	-0.018
85034	1	0.0000	0	0.145	-37.405	36.555	0.75	-2.41	-0.17	0.003	12.868	-0.027
85041	1	0.0000	0	0.147	-37.404	36.557	0.74	-2.24	-0.35	0.006	13.082	-0.033
85048	1	0.0000	0	0.150	-37.404	36.560	0.73	-1.68	-0.04	0.004	13.208	-0.034
85055	1	0.0000	0	0.154	-37.408	36.566	0.90	-1.46	0.09	0.016	13.379	-0.034
85062	1	0.0000	0	0.160	-37.412	36.575	0.71	-2.10	0.49	0.006	13.542	-0.021
85069	1	0.0000	0	0.164	-37.416	36.583	0.57	-2.41	0.53	-0.005	13.631	-0.012
85075	1	0.0000	0	0.171	-37.417	36.591	0.44	-2.01	0.15	-0.010	13.506	0.022
85082	1	0.0000	0	0.174	-37.417	36.593	0.37	-1.90	-0.09	-0.015	13.180	0.019
85089	1	0.0000	0	0.176	-37.415	36.593	0.11	-0.85	-0.16	-0.006	12.787	0.038
85096	1	0.0000	0	0.183	-37.413	36.597	0.26	-0.64	0.23	-0.022	12.511	0.037
85103	1	0.0000	0	0.198	-37.411	36.609	0.27	-1.07	0.23	-0.024	12.338	0.021
85110	1	0.0000	0	0.213	-37.410	36.620	0.57	-1.78	0.64	-0.009	12.171	0.018
85118	1	0.0000	0	0.225	-37.407	36.628	0.79	-1.73	0.26	-0.020	11.964	0.018
85124	1	0.0000	0	0.234	-37.399	36.629	0.79	-0.97	-0.19	-0.007	11.782	-0.000
85131	1	0.0000	0	0.239	-37.395	36.629	0.56	0.07	-0.36	-0.006	11.627	0.001
85138	1	0.0000	0	0.243	-37.396	36.633	0.92	0.12	-0.13	-0.013	11.697	-0.014
85145	1	0.0000	0	0.250	-37.399	36.642	0.66	-0.26	0.18	0.002	11.849	-0.043
85152	1	0.0000	0	0.255	-37.405	36.652	0.54	-0.89	0.42	0.016	12.120	-0.042
85159	1	0.0000	0	0.254	-37.407	36.654	0.42	-0.98	0.41	0.024	12.293	-0.035
85166	1	0.0000	0	0.251	-37.409	36.653	0.46	-0.24	0.37	0.039	12.361	-0.050
85173	1	0.0000	0	0.250	-37.411	36.654	-0.10	0.74	0.06	0.041	12.360	-0.034
85180	1	0.0000	0	0.254	-37.413	36.660	0.13	0.76	0.34	0.026	12.385	-0.022
85187	1	0.0000	0	0.261	-37.413	36.665	0.24	-0.00	0.88	0.028	12.457	-0.023
85194	1	0.0000	0	0.264	-37.411	36.666	0.43	-0.76	0.81	0.010	12.510	-0.005
85201	1	0.0000	0	0.265	-37.410	36.666	-0.36	0.25	0.18	-0.006	12.363	0.006
85208	1	0.0000	0	0.266	-37.407	36.664	-0.18	0.85	-0.08	-0.031	12.078	0.023
85215	1	0.0000	0	0.260	-37.404	36.656	-0.28	1.88	-0.26	-0.027	11.698	0.045
85222	1	0.0000	0	0.257	-37.401	36.650	-0.54	2.39	-0.10	-0.034	11.330	0.047
85229	1	0.0000	0	0.252	-37.396	36.642	-0.71	2.29	-0.03	-0.039	11.091	0.035
85236	1	0.0000	0	0.250	-37.394	36.637	-0.55	1.76	0.22	-0.028	10.935	0.011
85243	1	0.0000	0	0.246	-37.394	36.635	-0.52	0.63	0.37	-0.036	10.803	0.017
85250	1	0.0000	0	0.248	-37.395	36.636	-0.10	0.56	0.23	-0.012	10.660	-0.011
85257	1	0.0000	0	0.242	-37.395	36.631	0.02	1.39	-0.07	-0.012	10.513	-0.019
85264	1	0.0000	0	0.234	-37.396	36.625	0.43	0.81	0.30	-0.004	10.339	-0.027
85271	1	0.0000	0	0.229	-37.397	36.622	0.23	0.87	0.87	0.025	10.358	-0.041
85278	1	0.0000	0	0.227	-37.401	36.625	0.24	0.17	1.13	0.024	10.546	-0.054
85285	1	0.0000	0	0.219	-37.406	36.622	0.28	-0.44	1.38	0.032	10.797	-0.049
85292	1	0.0000	0	0.209	-37.410	36.616	-0.94	1.08	0.57	0.032	11.003	-0.029
85299	1	0.0000	0	0.199	-37.411	36.609	-0.85	1.13	0.10	0.019	11.150	-0.015
85306	1	0.0000	0	0.185	-37.412	36.597	-0.93	1.86	-0.03	0.033	11.216	-0.014
85313	1	0.0000	0	0.177	-37.413	36.591	-1.04	2.19	-0.14	0.039	11.262	-0.005
85320	1	0.0000	0	0.171	-37.416	36.590	-0.22	0.81	0.64	0.008	11.345	0.016
85326	1	0.0000	0	0.175	-37.420	36.597	0.27	-0.20	0.84	0.007	11.466	0.024
85333	1	0.0000	0	0.182	-37.425	36.608	0.66	-1.17	1.09	-0.014	11.576	0.042
85341	1	0.0000	0	0.183	-37.427	36.610	0.81	-1.70	1.16	-0.012	11.523	0.037
85348	1	0.0000	0	0.178	-37.428	36.607	0.62	-1.31	0.86	-0.032	11.346	0.046
85355	1	0.0000	0	0.167	-37.428	36.598	-0.38	0.31	0.23	-0.033	10.998	0.038
85361	1	0.0000	0	0.153	-37.428	36.585	-0.66	1.29	0.17	-0.030	10.658	0.018
85368	1	0.0000	0	0.144	-37.430	36.579	-1.11	1.43	0.48	-0.024	10.450	0.007
85375	1	0.0000	0	0.140	-37.430	36.576	-0.83	0.80	0.63	-0.017	10.318	-0.019
85382	1	0.0000	0	0.148	-37.431	36.584	-0.17	0.02	0.63	-0.010	10.257	-0.020
85389	1	0.0000	0	0.157	-37.430	36.591	-0.11	0.04	0.13	-0.008	10.135	-0.015
85396	1	0.0000	0	0.160	-37.429	36.592	-0.37	0.72	-0.92	0.005	9.980	-0.008
85403	1	0.0000	0	0.157	-37.429	36.590	-0.23	0.99	-0.91	0.019	9.795	-0.024
85410	1	0.0000	0	0.150	-37.433	36.588	-0.10	0.67	-0.62	0.036	9.701	-0.019
85417	1	0.0000	0	0.144	-37.440	36.589	0.12	0.23	-0.19	0.041	9.686	-0.038
85424	1	0.0000	0	0.142	-37.450	36.597	-0.05	-0.18	0.18	0.050	9.815	-0.034
85431	1	0.0000	0	0.140	-37.458	36.603	0.05	-0.65	0.24	0.032	10.001	-0.034
85438	1	0.0000	0	0.136	-37.463	36.605	-0.47	-0.61	-0.24	0.026	10.191	-0.001
85445	1	0.0000	0	0.127	-37.468	36.601	-0.24	-1.13	-0.15	0.023	10.306	0.019
85452	1	0.0000	0	0.120	-37.468	36.596	0.11	-0.80	-0.52	0.010	10.321	0.049
85459	1	0.0000	0	0.111	-37.465	36.584	0.14	-0.16	-0.66	0.011	10.272	0.052
85466	1	0.0000	0	0.099	-37.462	36.572	-0.50	1.65	-1.19	0.002	10.241	0.063
85473	1	0.0000	0	0.096	-37.459	36.565	-0.91	1.56	-1.02	-0.022	10.339	0.067
85479	1	0.0000	0	0.101	-37.454	36.565	-0.43	0.24	-0.70	-0.035	10.299	0.041
85487	1	0.0000	0	0.107	-37.449	36.566	0.19	-0.96	-0.34	-0.043	10.367	0.042
85494	1	0.0000	0	0.117	-37.446	36.571	0.26	-0.48	-0.99	-0.050	10.315	0.017
85500	1	0.0000	0	0.119	-37.438	36.565	-0.13	0.24	-1.74	-0.038	10.090	0.000
85507	1	0.0000	0	0.109	-37.431	36.550	-0.27	1.02	-1.74	-0.034	9.764	-0.013
85514	1	0.0000	0	0.105	-37.427	36.542	-0.46	1.34	-1.25	-0.011	9.469	-0.041
85521	1	0.0000	0	0.101	-37.425	36.537	-0.28	0.70	-0.25	0.001	9.212	-0.051
85528	1	0.0000	0	0.099	-37.427	36.537	-0.83	1.49	-0.49	0.019	9.030	-0.072
85535	1	0.0000	0	0.104	-37.426	36.540	-0.51	0.80	-0.66	0.033	8.932	-0.062
85542	1	0.0000	0	0.116	-37.425	36.550	0.26	-1.17	-0.30	0.034	8.901	-0.067
85549	1	0.0000	0	0.131	-37.424	36.563	0.74	-1.92	0.08	0.039	8.839	-0.032
85556	1	0.0000	0	0.132	-37.424	36.563	0.49	-1.19	-0.40	0.050	8.695	-0.006
85563	1	0.0000	0	0.116	-37.425	36.550	0.00	-0.12	-1.41	0.060	8.425	0.013
85570	1	0.0000	0	0.097	-37.427	36.534	-0.38	0.26	-1.20	0.067	8.326	0.026
85577	1	0.0000	0	0.081	-37.432	36.526	-0.61	0.25	-0.00	0.065	8.302	0.051
