140828,37.2828,-40.9308,-4.2882,-1.675,1.329,-0.272,-0.008,0.002,-0.005,0.000,0.000,-0.000,0.12000,-0.12000,-0.12000,0.00000,0.00000,0.00000,0,1.000
140836,37.2828,-40.9339,-4.2910,-1.687,1.103,-0.669,0.004,-0.014,-0.014,0.000,0.000,-0.000,0.12000,-0.12000,-0.12000,0.00000,0.00000,0.00000,0,1.000
140843,37.2839,-40.9371,-4.2930,-2.260,0.841,-1.103,0.018,-0.015,-0.022,0.000,0.000,-0.000,0.12000,-0.12000,-0.12000,0.00000,0.00000,0.00000,0,1.000
140851,37.2899,-40.9369,-4.2875,-2.363,0.450,-1.667,0.026,-0.034,-0.025,0.000,0.000,-0.000,0.12000,-0.12000,-0.12000,0.00000,0.00000,0.00000,0,1.000
140859,37.2966,-40.9356,-4.2804,-2.474,0.103,-1.842,0.019,-0.028,-0.027,0.000,-0.000,-0.000,0.12000,-0.12000,-0.12000,0.00000,0.00000,0.00000,0,1.000
140867,37.3067,-40.9331,-4.2693,-2.586,-0.114,-2.147,0.006,-0.025,-0.020,0.000,-0.000,-0.000,0.12000,-0.12000,-0.12000,0.00000,0.00000,0.00000,0,1.000
140874,37.3136,-40.9349,-4.2649,-2.800,-0.212,-1.729,0.015,-0.015,-0.016,0.000,-0.000,-0.000,0.12000,-0.12000,-0.12000,0.00000,0.00000,0.00000,0,1.000
140882,37.3231,-40.9342,-4.2558,-2.836,-0.332,-1.679,-0.008,-0.012,-0.005,0.000,-0.000,-0.000,0.12000,-0.12000,-0.12000,0.00000,0.00000,0.00000,0,1.000
140890,37.3302,-40.9352,-4.2506,-2.965,-0.204,-1.466,-0.011,0.002,-0.013,0.000,-0.000,-0.000,0.12000,-0.12000,-0.12000,0.00000,0.00000,0.00000,0,1.000
140898,37.3371,-40.9368,-4.2459,-2.818,0.008,-1.084,-0.025,-0.006,-0.011,0.000,-0.000,-0.000,0.12000,-0.12000,-0.12000,0.00000,0.00000,0.00000,0,1.000
140906,37.3442,-40.9372,-4.2399,-2.613,0.065,-1.029,-0.034,-0.006,-0.013,0.000,-0.000,-0.000,0.12000,-0.12000,-0.12000,0.00000,0.00000,0.00000,0,1.000
140913,37.3498,-40.9411,-4.2385,-2.666,0.419,-0.590,-0.040,0.007,-0.009,0.000,-0.000,-0.000,0.12000,-0.12000,-0.12000,0.00000,0.00000,0.00000,0,1.000
140921,37.3551,-40.9425,-4.2352,-2.404,0.434,-0.232,-0.025,0.011,-0.016,0.000,-0.000,-0.000,0.12000,-0.12000,-0.12000,0.00000,0.00000,0.00000,0,1.000
140929,37.3592,-40.9454,-4.2341,-2.392,0.659,0.164,-0.021,0.009,-0.007,0.000,-0.000,-0.000,0.12000,-0.12000,-0.12000,0.00000,0.00000,0.00000,0,1.000
140936,37.3598,-40.9495,-4.2373,-2.110,0.726,0.662,-0.013,0.021,0.004,0.000,-0.000,-0.000,0.12000,-0.12000,-0.12000,0.00000,0.00000,0.00000,0,1.000
140944,37.3589,-40.9544,-4.2427,-1.977,0.953,1.148,-0.002,0.012,0.034,0.000,-0.000,-0.000,0.12000,-0.12000,-0.12000,0.00000,0.00000,0.00000,0,1.000
140952,37.3555,-40.9604,-4.2510,-1.637,0.908,1.275,0.003,-0.001,0.026,0.000,-0.000,-0.000,0.12000,-0.12000,-0.12000,0.00000,0.00000,0.00000,0,1.000
140960,37.3512,-40.9663,-4.2602,-1.126,0.883,1.424,0.011,-0.007,0.016,0.000,-0.000,-0.000,0.12000,-0.12000,-0.12000,0.00000,0.00000,0.00000,0,1.000
140968,37.3452,-40.9745,-4.2729,-0.871,0.526,1.843,0.019,-0.023,0.028,0.000,-0.000,-0.000,0.12000,-0.12000,-0.12000,0.00000,0.00000,0.00000,0,1.000
140975,37.3393,-40.9829,-4.2857,-0.432,0.647,1.706,0.029,-0.016,0.017,0.000,-0.000,-0.000,0.12000,-0.12000,-0.12000,0.00000,0.00000,0.00000,0,1.000
140983,37.3347,-40.9924,-4.2984,-0.170,0.377,1.608,0.013,-0.024,0.024,0.000,-0.000,-0.000,0.12000,-0.12000,-0.12000,0.00000,0.00000,0.00000,0,1.000
140991,37.3293,-41.0013,-4.3112,-0.122,0.439,1.498,0.010,-0.028,0.012,0.000,-0.000,-0.000,0.12000,-0.12000,-0.12000,0.00000,0.00000,0.00000,0,1.000
140999,37.3246,-41.0115,-4.3246,0.026,0.452,1.338,0.022,-0.015,-0.002,0.000,-0.000,-0.000,0.12000,-0.12000,-0.12000,0.00000,0.00000,0.00000,0,1.000
141006,37.3217,-41.0196,-4.3345,0.513,0.376,1.349,0.013,-0.006,0.006,0.000,-0.000,-0.000,0.12000,-0.12000,-0.12000,0.00000,0.00000,0.00000,0,1.000
141014,37.3176,-41.0276,-4.3453,0.371,0.409,1.036,0.008,0.010,0.004,0.000,-0.000,-0.000,0.12000,-0.12000,-0.12000,0.00000,0.00000,0.00000,0,1.000
141022,37.3175,-41.0323,-4.3497,0.363,0.470,0.665,0.003,0.027,0.013,0.000,-0.000,0.000,0.12000,-0.12000,-0.12000,0.00000,0.00000,0.00000,0,1.000
141030,37.3169,-41.0347,-4.3524,0.861,0.179,0.460,0.002,0.039,0.011,0.000,-0.000,0.000,0.12000,-0.12000,-0.12000,0.00000,0.00000,0.00000,0,1.000
141038,37.3173,-41.0348,-4.3521,0.810,0.376,0.312,-0.022,0.046,-0.002,0.000,-0.000,0.000,0.12000,-0.12000,-0.12000,0.00000,0.00000,0.00000,0,1.000
141045,37.3152,-41.0355,-4.3545,0.810,0.247,0.442,-0.028,0.040,0.001,0.000,0.000,0.000,0.12000,-0.12000,-0.12000,0.00000,0.00000,0.00000,0,1.000
141053,37.3152,-41.0349,-4.3541,0.910,0.154,0.436,-0.019,0.026,-0.011,0.000,0.000,0.000,0.12000,-0.12000,-0.12000,0.00000,0.00000,0.00000,0,1.000
141061,37.3140,-41.0336,-4.3539,1.039,0.242,0.007,-0.010,0.018,-0.012,0.000,0.000,0.000,0.12000,-0.12000,-0.12000,0.00000,0.00000,0.00000,0,1.000
141068,37.3115,-41.0308,-4.3536,1.139,-0.154,0.302,0.006,0.005,-0.030,0.000,0.000,-0.000,0.12000,-0.12000,-0.12000,0.00000,0.00000,0.00000,0,1.000
141076,37.3116,-41.0260,-4.3492,0.844,-0.204,-0.093,-0.002,-0.019,-0.029,0.000,0.000,-0.000,0.12000,-0.12000,-0.12000,0.00000,0.00000,0.00000,0,1.000
141084,37.3103,-41.0220,-4.3466,1.299,-0.144,-0.291,0.019,-0.013,-0.016,0.000,0.000,-0.000,0.12000,-0.12000,-0.12000,0.00000,0.00000,0.00000,0,1.000
141092,37.3089,-41.0184,-4.3446,0.910,-0.377,-0.091,0.018,-0.021,-0.034,0.000,0.000,-0.000,0.12000,-0.12000,-0.12000,0.00000,0.00000,0.00000,0,1.000
141100,37.3072,-41.0145,-4.3426,0.755,-0.373,-0.258,0.022,-0.023,0.002,0.000,0.000,-0.000,0.12000,-0.12000,-0.12000,0.00000,0.00000,0.00000,0,1.000
141108,37.3053,-41.0108,-4.3409,0.721,-0.366,-0.337,0.024,-0.031,0.011,0.000,-0.000,-0.000,0.12000,-0.12000,-0.12000,0.00000,0.00000,0.00000,0,1.000
141115,37.3034,-41.0089,-4.3408,0.244,-0.367,0.353,0.019,-0.022,-0.001,0.000,-0.000,-0.000,0.12000,-0.12000,-0.12000,0.00000,0.00000,0.00000,0,1.000
141123,37.3017,-41.0074,-4.3410,0.080,-0.147,0.401,0.028,-0.020,-0.006,0.000,-0.000,-0.000,0.12000,-0.12000,-0.12000,0.00000,0.00000,0.00000,0,1.000
141131,37.3032,-41.0051,-4.3377,-0.294,-0.353,0.453,0.013,-0.008,0.014,0.000,-0.000,-0.000,0.12000,-0.12000,-0.12000,0.00000,0.00000,0.00000,0,1.000
141139,37.3059,-41.0029,-4.3333,-0.352,0.018,0.563,0.003,0.014,0.024,0.000,-0.000,-0.000,0.12000,-0.12000,-0.12000,0.00000,0.00000,0.00000,0,1.000
141147,37.3093,-40.9993,-4.3270,-0.627,0.064,0.263,-0.002,0.008,0.015,0.000,-0.000,-0.000,0.12000,-0.12000,-0.12000,0.00000,0.00000,0.00000,0,1.000
141154,37.3081,-41.0010,-4.3296,-0.683,0.149,-0.083,-0.028,0.021,0.026,0.000,-0.000,0.000,0.12000,-0.12000,-0.12000,0.00000,0.00000,0.00000,0,1.000
141162,37.3057,-41.0025,-4.3331,-0.902,0.196,-0.122,-0.031,0.012,0.018,0.000,-0.000,0.000,0.12000,-0.12000,-0.12000,0.00000,0.00000,0.00000,0,1.000
141170,37.3040,-41.0058,-4.3376,-1.222,0.379,-0.197,-0.045,0.009,0.008,0.000,-0.000,0.000,0.12000,-0.12000,-0.12000,0.00000,0.00000,0.00000,0,1.000
141178,37.2975,-41.0117,-4.3486,-1.316,0.367,0.225,-0.038,0.008,-0.003,0.000,0.000,0.000,0.12000,-0.12000,-0.12000,0.00000,0.00000,0.00000,0,1.000
141186,37.2943,-41.0169,-4.3561,-1.536,0.285,0.316,-0.025,0.008,-0.018,0.000,0.000,0.000,0.12000,-0.12000,-0.12000,0.00000,0.00000,0.00000,0,1.000
141193,37.2895,-41.0225,-4.3654,-1.671,0.256,0.375,-0.012,0.005,-0.013,0.000,0.000,0.000,0.12000,-0.12000,-0.12000,0.00000,0.00000,0.00000,0,1.000
141201,37.2882,-41.0244,-4.3683,-1.556,0.318,0.092,-0.004,0.026,-0.001,0.000,0.000,0.000,0.12000,-0.12000,-0.12000,0.00000,0.00000,0.00000,0,1.000
141209,37.2886,-41.0262,-4.3696,-1.499,0.621,0.050,0.002,0.015,0.004,0.000,0.000,0.000,0.12000,-0.12000,-0.12000,0.00000,0.00000,0.00000,0,1.000
141217,37.2888,-41.0285,-4.3715,-1.364,0.822,-0.181,0.009,0.022,-0.013,0.000,0.000,0.000,0.12000,-0.12000,-0.12000,0.00000,0.00000,0.00000,0,1.000
141224,37.2894,-41.0315,-4.3737,-1.089,0.775,0.118,0.020,-0.003,-0.001,0.000,0.000,0.000,0.12000,-0.12000,-0.12000,0.00000,0.00000,0.00000,0,1.000
141232,37.2905,-41.0366,-4.3774,-1.496,1.018,0.706,0.019,-0.003,-0.008,0.000,0.000,0.000,0.12000,-0.12000,-0.12000,0.00000,0.00000,0.00000,0,1.000
141240,37.2886,-41.0440,-4.3857,-1.647,1.180,0.695,0.025,-0.020,-0.018,0.000,0.000,-0.000,0.12000,-0.12000,-0.12000,0.00000,0.00000,0.00000,0,1.000
141248,37.2884,-41.0506,-4.3919,-1.647,1.094,0.782,0.019,-0.023,-0.010,0.000,0.000,-0.000,0.12000,-0.12000,-0.12000,0.00000,0.00000,0.00000,0,1.000
141255,37.2895,-41.0566,-4.3963,-1.443,1.323,0.665,0.016,-0.037,0.000,0.000,-0.000,-0.000,0.12000,-0.12000,-0.12000,0.00000,0.00000,0.00000,0,1.000
141263,37.2910,-41.0619,-4.3998,-2.018,1.519,0.516,-0.005,-0.032,-0.001,0.000,-0.000,-0.000,0.12000,-0.12000,-0.12000,0.00000,0.00000,0.00000,0,1.000
141271,37.2919,-41.0661,-4.4029,-1.549,1.606,0.171,0.001,-0.010,0.002,0.000,-0.000,-0.000,0.12000,-0.12000,-0.12000,0.00000,0.00000,0.00000,0,1.000
141279,37.2949,-41.0681,-4.4020,-1.299,1.610,-0.083,-0.023,-0.005,0.007,0.000,-0.000,-0.000,0.12000,-0.12000,-0.12000,0.00000,0.00000,0.00000,0,1.000
141286,37.2961,-41.0722,-4.4046,-1.256,1.387,-0.220,-0.020,0.015,0.006,0.000,-0.000,-0.000,0.12000,-0.12000,-0.12000,0.00000,0.00000,0.00000,0,1.000
141294,37.2967,-41.0764,-4.4080,-1.306,1.455,-0.237,-0.019,0.033,0.012,0.000,-0.000,-0.000,0.12000,-0.12000,-0.12000,0.00000,0.00000,0.00000,0,1.000
141302,37.2989,-41.0822,-4.4113,-1.463,1.331,-0.274,-0.017,0.057,0.009,0.000,0.000,0.000,0.12000,-0.12000,-0.12000,0.00000,0.00000,0.00000,0,1.000
141309,37.2978,-41.0888,-4.4182,-1.391,0.814,-0.358,-0.003,0.064,0.005,0.000,0.000,0.000,0.12000,-0.12000,-0.12000,0.00000,0.00000,0.00000,0,1.000
141317,37.2986,-41.0933,-4.4216,-1.363,0.738,-0.521,-0.000,0.052,0.010,0.000,0.000,0.000,0.12000,-0.12000,-0.12000,0.00000,0.00000,0.00000,0,1.000
141325,37.2980,-41.0979,-4.4263,-1.241,0.369,-0.803,0.001,0.047,0.010,0.000,0.000,0.000,0.12000,-0.12000,-0.12000,0.00000,0.00000,0.00000,0,1.000
141333,37.2993,-41.1010,-4.4280,-1.013,0.020,-0.893,0.002,0.028,-0.006,0.000,0.000,0.000,0.12000,-0.12000,-0.12000,0.00000,0.00000,0.00000,0,1.000
141340,37.3017,-41.1029,-4.4276,-1.070,-0.067,-1.066,0.013,-0.004,-0.007,0.000,0.000,0.000,0.12000,-0.12000,-0.12000,0.00000,0.00000,0.00000,0,1.000
141348,37.3074,-41.1021,-4.4218,-0.921,-0.011,-1.271,0.016,-0.030,-0.012,0.000,0.000,0.000,0.12000,-0.12000,-0.12000,0.00000,0.00000,0.00000,0,1.000
141356,37.3144,-41.1009,-4.4146,-0.807,-0.034,-1.467,0.019,-0.058,-0.007,0.000,0.000,0.000,0.12000,-0.12000,-0.12000,0.00000,0.00000,0.00000,0,1.000
141364,37.3219,-41.0974,-4.4048,-0.587,0.222,-1.731,0.024,-0.078,-0.009,0.000,0.000,-0.000,0.12000,-0.12000,-0.12000,0.00000,0.00000,0.00000,0,1.000
141372,37.3309,-41.0921,-4.3921,-0.446,0.363,-1.591,0.019,-0.080,-0.004,0.000,-0.000,-0.000,0.12000,-0.12000,-0.12000,0.00000,0.00000,0.00000,0,1.000
141379,37.3409,-41.0858,-4.3776,-0.454,0.579,-1.376,0.004,-0.080,0.004,0.000,-0.000,-0.000,0.12000,-0.12000,-0.12000,0.00000,0.00000,0.00000,0,1.000
141387,37.3486,-41.0798,-4.3654,-0.426,0.614,-0.910,0.003,-0.060,-0.018,0.000,-0.000,-0.000,0.12000,-0.12000,-0.12000,0.00000,0.00000,0.00000,0,1.000
141395,37.3554,-41.0748,-4.3548,-0.299,0.858,-0.753,0.006,-0.030,0.001,0.000,-0.000,-0.000,0.12000,-0.12000,-0.12000,0.00000,0.00000,0.00000,0,1.000
141403,37.3616,-41.0701,-4.3452,-0.506,1.087,-0.352,-0.009,0.000,-0.004,0.000,-0.000,-0.000,0.12000,-0.12000,-0.12000,0.00000,0.00000,0.00000,0,1.000
141410,37.3669,-41.0673,-4.3380,-0.449,1.088,-0.092,-0.006,0.045,-0.008,0.000,-0.000,-0.000,0.12000,-0.12000,-0.12000,0.00000,0.00000,0.00000,0,1.000
141418,37.3690,-41.0668,-4.3357,-0.683,0.850,0.274,-0.015,0.083,-0.004,0.000,-0.000,-0.000,0.12000,-0.12000,-0.12000,0.00000,0.00000,0.00000,0,1.000
141426,37.3691,-41.0682,-4.3368,-0.648,0.713,0.482,-0.013,0.089,-0.022,0.000,-0.000,-0.000,0.12000,-0.12000,-0.12000,0.00000,0.00000,0.00000,0,1.000
141434,37.3690,-41.0709,-4.3394,-0.762,0.564,0.850,-0.005,0.093,-0.005,0.000,0.000,-0.000,0.12000,-0.12000,-0.12000,0.00000,0.00000,0.00000,0,1.000
141441,37.3683,-41.0740,-4.3428,-0.677,0.575,0.860,-0.019,0.071,0.018,0.000,0.000,-0.000,0.12000,-0.12000,-0.12000,0.00000,0.00000,0.00000,0,1.000
141449,37.3689,-41.0771,-4.3451,-0.692,0.420,1.136,0.001,0.053,-0.005,0.000,0.000,-0.000,0.12000,-0.12000,-0.12000,0.00000,0.00000,0.00000,0,1.000
141457,37.3682,-41.0810,-4.3492,-0.619,-0.053,1.007,0.007,0.022,0.008,0.000,0.000,-0.000,0.12000,-0.12000,-0.12000,0.00000,0.00000,0.00000,0,1.000
141465,37.3696,-41.0822,-4.3491,-0.372,0.324,1.124,0.005,-0.013,0.013,0.000,0.000,-0.000,0.12000,-0.12000,-0.12000,0.00000,0.00000,0.00000,0,1.000
141472,37.3692,-41.0863,-4.3532,-0.224,0.251,1.049,0.007,-0.044,-0.006,0.000,0.000,-0.000,0.12000,-0.12000,-0.12000,0.00000,0.00000,0.00000,0,1.000
141480,37.3664,-41.0903,-4.3592,-0.131,0.132,0.758,0.001,-0.057,-0.001,0.000,0.000,-0.000,0.12000,-0.12000,-0.12000,0.00000,0.00000,0.00000,0,1.000
141488,37.3637,-41.0957,-4.3664,-0.273,-0.009,0.617,-0.002,-0.082,0.001,0.000,0.000,-0.000,0.12000,-0.12000,-0.12000,0.00000,0.00000,0.00000,0,1.000
141496,37.3578,-41.1021,-4.3775,-0.415,-0.020,0.348,-0.000,-0.071,-0.009,0.000,0.000,-0.000,0.12000,-0.12000,-0.12000,0.00000,0.00000,0.00000,0,1.000
141503,37.3525,-41.1078,-4.3873,-0.272,-0.164,0.032,-0.012,-0.039,-0.012,0.000,-0.000,-0.000,0.12000,-0.12000,-0.12000,0.00000,0.00000,0.00000,0,1.000
141511,37.3464,-41.1135,-4.3979,-0.505,-0.644,-0.101,0.001,-0.022,-0.002,0.000,-0.000,-0.000,0.12000,-0.12000,-0.12000,0.00000,0.00000,0.00000,0,1.000
141519,37.3400,-41.1181,-4.4076,-0.576,-0.586,-0.300,0.009,0.012,0.000,0.000,-0.000,-0.000,0.12000,-0.12000,-0.12000,0.00000,0.00000,0.00000,0,1.000
141527,37.3363,-41.1205,-4.4131,-0.228,-0.717,-0.517,0.006,0.027,-0.004,0.000,-0.000,-0.000,0.12000,-0.12000,-0.12000,0.00000,0.00000,0.00000,0,1.000
141535,37.3318,-41.1211,-4.4177,0.021,-0.929,-0.554,0.000,0.035,-0.004,0.000,-0.000,-0.000,0.12000,-0.12000,-0.12000,0.00000,0.00000,0.00000,0,1.000
141542,37.3288,-41.1211,-4.4202,0.015,-0.826,-0.968,-0.002,0.037,0.014,0.000,0.000,-0.000,0.12000,-0.12000,-0.12000,0.00000,0.00000,0.00000,0,1.000
141550,37.3293,-41.1185,-4.4174,0.256,-0.605,-1.007,-0.000,0.028,-0.001,0.000,0.000,-0.000,0.12000,-0.12000,-0.12000,0.00000,0.00000,0.00000,0,1.000
141558,37.3297,-41.1162,-4.4150,0.332,-0.466,-0.694,-0.003,0.013,0.001,0.000,0.000,-0.000,0.12000,-0.12000,-0.12000,0.00000,0.00000,0.00000,0,1.000
141566,37.3311,-41.1144,-4.4121,0.564,-0.116,-0.430,-0.007,-0.013,0.002,0.000,0.000,-0.000,0.12000,-0.12000,-0.12000,0.00000,0.00000,0.00000,0,1.000
141573,37.3330,-41.1117,-4.4079,0.536,0.047,-0.353,0.003,-0.027,-0.003,0.000,0.000,-0.000,0.12000,-0.12000,-0.12000,0.00000,0.00000,0.00000,0,1.000
141581,37.3390,-41.1057,-4.3973,0.683,0.344,-0.058,-0.000,-0.033,-0.011,0.000,0.000,-0.000,0.12000,-0.12000,-0.12000,0.00000,0.00000,0.00000,0,1.000
141589,37.3453,-41.1001,-4.3867,0.883,0.461,-0.374,0.004,-0.039,-0.004,0.000,-0.000,-0.000,0.12000,-0.12000,-0.12000,0.00000,0.00000,0.00000,0,1.000
141597,37.3527,-41.0937,-4.3744,0.848,0.555,-0.540,0.019,-0.021,0.006,0.000,-0.000,-0.000,0.12000,-0.12000,-0.12000,0.00000,0.00000,0.00000,0,1.000
141605,37.3590,-41.0895,-4.3650,0.543,0.765,-0.762,0.008,-0.015,0.008,0.000,-0.000,-0.000,0.12000,-0.12000,-0.12000,0.00000,0.00000,0.00000,0,1.000
141612,37.3614,-41.0872,-4.3608,-0.037,0.589,-0.851,0.013,-0.015,0.007,0.000,-0.000,-0.000,0.12000,-0.12000,-0.12000,0.00000,0.00000,0.00000,0,1.000
141620,37.3610,-41.0879,-4.3618,-0.337,0.609,-0.571,0.017,-0.004,-0.006,0.000,-0.000,-0.000,0.12000,-0.12000,-0.12000,0.00000,0.00000,0.00000,0,1.000
141628,37.3596,-41.0881,-4.3632,-0.471,0.493,-0.427,0.026,0.022,-0.004,0.000,-0.000,-0.000,0.12000,-0.12000,-0.12000,0.00000,0.00000,0.00000,0,1.000
141635,37.3603,-41.0876,-4.3621,-0.450,0.415,-0.159,0.014,0.005,-0.004,0.000,-0.000,-0.000,0.12000,-0.12000,-0.12000,0.00000,0.00000,0.00000,0,1.000
141643,37.3591,-41.0873,-4.3630,-0.300,0.253,-0.147,0.010,0.018,0.001,0.000,-0.000,-0.000,0.12000,-0.12000,-0.12000,0.00000,0.00000,0.00000,0,1.000
141651,37.3610,-41.0849,-4.3591,0.140,0.288,-0.199,-0.013,0.023,0.012,0.000,-0.000,-0.000,0.12000,-0.12000,-0.12000,0.00000,0.00000,0.00000,0,1.000
141659,37.3626,-41.0823,-4.3553,0.944,0.131,-0.529,-0.038,0.028,0.017,0.000,-0.000,-0.000,0.12000,-0.12000,-0.12000,0.00000,0.00000,0.00000,0,1.000
141666,37.3624,-41.0818,-4.3550,1.263,-0.010,-0.496,-0.048,0.014,0.019,0.000,0.000,-0.000,0.12000,-0.12000,-0.12000,0.00000,0.00000,0.00000,0,1.000
141674,37.3625,-41.0816,-4.3547,1.270,-0.311,-0.624,-0.058,0.012,0.013,0.000,0.000,-0.000,0.12000,-0.12000,-0.12000,0.00000,0.00000,0.00000,0,1.000
141682,37.3613,-41.0847,-4.3586,0.963,-0.230,-0.715,-0.029,0.006,0.018,0.000,0.000,0.000,0.12000,-0.12000,-0.12000,0.00000,0.00000,0.00000,0,1.000
141690,37.3622,-41.0854,-4.3584,0.361,-0.414,-0.986,-0.018,-0.003,0.013,0.000,0.000,0.000,0.12000,-0.12000,-0.12000,0.00000,0.00000,0.00000,0,1.000
141697,37.3618,-41.0853,-4.3587,0.466,-0.222,-0.966,-0.004,-0.003,0.007,0.000,0.000,0.000,0.12000,-0.12000,-0.12000,0.00000,0.00000,0.00000,0,1.000
141705,37.3646,-41.0809,-4.3523,0.481,-0.196,-1.112,-0.001,-0.018,0.005,0.000,0.000,0.000,0.12000,-0.12000,-0.12000,0.00000,0.00000,0.00000,0,1.000
141713,37.3704,-41.0742,-4.3410,0.834,0.372,-0.976,0.032,-0.020,-0.008,0.000,0.000,0.000,0.12000,-0.12000,-0.12000,0.00000,0.00000,0.00000,0,1.000
141721,37.3777,-41.0653,-4.3267,1.161,0.602,-1.005,0.023,-0.039,-0.019,0.000,-0.000,0.000,0.12000,-0.12000,-0.12000,0.00000,0.00000,0.00000,0,1.000
141728,37.3861,-41.0551,-4.3099,1.303,1.045,-1.167,0.034,-0.011,-0.021,0.000,-0.000,0.000,0.12000,-0.12000,-0.12000,0.00000,0.00000,0.00000,0,1.000
141736,37.3923,-41.0464,-4.2966,2.034,0.929,-0.937,0.029,-0.008,-0.025,0.000,-0.000,-0.000,0.12000,-0.12000,-0.12000,0.00000,0.00000,0.00000,0,1.000
141744,37.4012,-41.0390,-4.2821,1.721,1.053,-0.642,0.034,0.002,-0.021,0.000,-0.000,-0.000,0.12000,-0.12000,-0.12000,0.00000,0.00000,0.00000,0,1.000
141752,37.4060,-41.0327,-4.2722,1.566,0.713,-0.464,0.028,0.016,-0.029,0.000,-0.000,-0.000,0.12000,-0.12000,-0.12000,0.00000,0.00000,0.00000,0,1.000
141759,37.4083,-41.0290,-4.2667,1.211,0.343,-0.057,0.020,0.031,-0.021,0.000,-0.000,-0.000,0.12000,-0.12000,-0.12000,0.00000,0.00000,0.00000,0,1.000
141767,37.4103,-41.0270,-4.2632,0.657,0.376,0.148,0.022,0.043,-0.016,0.000,0.000,-0.000,0.12000,-0.12000,-0.12000,0.00000,0.00000,0.00000,0,1.000
141775,37.4139,-41.0235,-4.2568,0.566,-0.135,0.327,0.010,0.036,0.006,0.000,0.000,-0.000,0.12000,-0.12000,-0.12000,0.00000,0.00000,0.00000,0,1.000
141783,37.4176,-41.0202,-4.2506,0.176,-0.237,0.396,-0.007,0.031,0.011,0.000,0.000,-0.000,0.12000,-0.12000,-0.12000,0.00000,0.00000,0.00000,0,1.000
141790,37.4241,-41.0145,-4.2397,0.468,-0.213,0.504,-0.026,-0.002,0.022,0.000,0.000,-0.000,0.12000,-0.12000,-0.12000,0.00000,0.00000,0.00000,0,1.000
141798,37.4309,-41.0093,-4.2290,0.205,-0.027,0.687,-0.036,-0.018,0.028,0.000,0.000,-0.000,0.12000,-0.12000,-0.12000,0.00000,0.00000,0.00000,0,1.000
141806,37.4381,-41.0040,-4.2179,0.431,-0.047,1.009,-0.045,-0.033,0.025,0.000,0.000,-0.000,0.12000,-0.12000,-0.12000,0.00000,0.00000,0.00000,0,1.000
141814,37.4411,-41.0020,-4.2134,0.180,0.536,1.417,-0.050,-0.037,0.025,0.000,0.000,0.000,0.12000,-0.12000,-0.12000,0.00000,0.00000,0.00000,0,1.000
141821,37.4444,-41.0001,-4.2089,0.249,0.719,2.116,-0.042,-0.037,0.027,0.000,-0.000,0.000,0.12000,-0.12000,-0.12000,0.00000,0.00000,0.00000,0,1.000
141829,37.4443,-41.0005,-4.2093,0.271,0.815,2.211,-0.041,-0.044,0.017,0.000,-0.000,0.000,0.12000,-0.12000,-0.12000,0.00000,0.00000,0.00000,0,1.000
141837,37.4429,-41.0017,-4.2116,0.298,1.023,2.504,-0.002,0.002,0.011,-0.000,-0.000,0.000,0.12000,-0.12000,-0.12000,0.00000,0.00000,0.00000,0,1.000
141845,37.4349,-41.0061,-4.2226,0.094,0.664,2.750,0.011,0.015,-0.008,-0.000,-0.000,0.000,0.12000,-0.12000,-0.12000,0.00000,0.00000,0.00000,0,1.000
141852,37.4283,-41.0105,-4.2323,0.123,0.629,2.544,0.040,0.043,-0.012,0.000,-0.000,0.000,0.12000,-0.12000,-0.12000,0.00000,0.00000,0.00000,0,1.000
141860,37.4182,-41.0168,-4.2470,0.168,0.447,2.364,0.028,0.051,-0.013,0.000,0.000,0.000,0.12000,-0.12000,-0.12000,0.00000,0.00000,0.00000,0,1.000
141868,37.4093,-41.0240,-4.2613,-0.009,0.228,2.231,0.051,0.046,-0.022,0.000,0.000,0.000,0.12000,-0.12000,-0.12000,0.00000,0.00000,0.00000,0,1.000
141876,37.3987,-41.0326,-4.2785,-0.441,-0.109,2.154,0.050,0.028,-0.026,0.000,0.000,0.000,0.12000,-0.12000,-0.12000,0.00000,0.00000,0.00000,0,1.000
141883,37.3871,-41.0428,-4.2979,-0.782,-0.237,2.200,0.040,0.022,-0.030,0.000,0.000,-0.000,0.12000,-0.12000,-0.12000,0.00000,0.00000,0.00000,0,1.000
141891,37.3797,-41.0501,-4.3111,-1.392,-0.077,2.016,0.027,-0.005,-0.027,0.000,0.000,-0.000,0.12000,-0.12000,-0.12000,0.00000,0.00000,0.00000,0,1.000
141899,37.3704,-41.0579,-4.3263,-1.702,-0.240,1.854,0.015,-0.052,-0.021,0.000,0.000,-0.000,0.12000,-0.12000,-0.12000,0.00000,0.00000,0.00000,0,1.000
141907,37.3614,-41.0657,-4.3414,-1.857,-0.278,1.730,-0.006,-0.034,-0.007,0.000,0.000,-0.000,0.12000,-0.12000,-0.12000,0.00000,0.00000,0.00000,0,1.000
141915,37.3510,-41.0722,-4.3563,-1.842,-0.210,1.541,-0.033,-0.053,0.008,0.000,0.000,-0.000,0.12000,-0.12000,-0.12000,0.00000,0.00000,0.00000,0,1.000
141922,37.3384,-41.0801,-4.3746,-2.067,-0.190,1.218,-0.070,-0.065,0.017,0.000,-0.000,-0.000,0.12000,-0.12000,-0.12000,0.00000,0.00000,0.00000,0,1.000
141930,37.3247,-41.0903,-4.3958,-1.712,0.005,0.984,-0.075,-0.056,0.044,0.000,-0.000,-0.000,0.12000,-0.12000,-0.12000,0.00000,0.00000,0.00000,0,1.000
141938,37.3131,-41.1004,-4.4153,-2.187,0.020,0.916,-0.067,-0.065,0.049,0.000,-0.000,0.000,0.12000,-0.12000,-0.12000,0.00000,0.00000,0.00000,0,1.000
141945,37.3009,-41.1131,-4.4375,-2.226,0.441,1.167,-0.053,-0.036,0.064,-0.000,-0.000,0.000,0.12000,-0.12000,-0.12000,0.00000,0.00000,0.00000,0,1.000
141953,37.2904,-41.1235,-4.4562,-2.382,0.747,0.699,-0.015,-0.020,0.044,-0.000,-0.000,0.000,0.12000,-0.12000,-0.12000,0.00000,0.00000,0.00000,0,1.000
141961,37.2825,-41.1321,-4.4709,-2.253,0.749,0.357,0.024,0.015,0.040,-0.000,-0.000,0.000,0.12000,-0.12000,-0.12000,0.00000,0.00000,0.00000,0,1.000
141969,37.2777,-41.1397,-4.4821,-2.238,0.947,0.039,0.033,0.050,0.014,-0.000,-0.000,0.000,0.12000,-0.12000,-0.12000,0.00000,0.00000,0.00000,0,1.000
141976,37.2745,-41.1465,-4.4911,-2.017,0.829,-0.594,0.040,0.055,0.001,0.000,-0.000,0.000,0.12000,-0.12000,-0.12000,0.00000,0.00000,0.00000,0,1.000
141984,37.2749,-41.1507,-4.4946,-1.809,0.988,-1.384,0.052,0.077,-0.004,0.000,-0.000,0.000,0.12000,-0.12000,-0.12000,0.00000,0.00000,0.00000,0,1.000
141992,37.2780,-41.1543,-4.4950,-1.711,1.154,-1.648,0.043,0.077,-0.014,0.000,0.000,0.000,0.12000,-0.12000,-0.12000,0.00000,0.00000,0.00000,0,1.000
142000,37.2816,-41.1591,-4.4963,-1.753,1.093,-1.967,0.043,0.061,-0.013,0.000,0.000,0.000,0.12000,-0.12000,-0.12000,0.00000,0.00000,0.00000,0,1.000
142008,37.2844,-41.1646,-4.4987,-1.861,0.902,-1.985,0.024,0.067,-0.027,0.000,0.000,0.000,0.12000,-0.12000,-0.12000,0.00000,0.00000,0.00000,0,1.000
142015,37.2886,-41.1688,-4.4989,-1.954,0.780,-2.193,-0.013,0.043,-0.036,0.000,0.000,0.000,0.12000,-0.12000,-0.12000,0.00000,0.00000,0.00000,0,1.000
142023,37.2953,-41.1709,-4.4948,-2.081,0.536,-2.351,0.002,0.015,-0.044,0.000,0.000,0.000,0.12000,-0.12000,-0.12000,0.00000,0.00000,0.00000,0,1.000
142031,37.3050,-41.1704,-4.4858,-1.883,0.481,-2.494,-0.010,-0.003,-0.032,0.000,0.000,0.000,0.12000,-0.12000,-0.12000,0.00000,0.00000,0.00000,0,1.000
142039,37.3186,-41.1646,-4.4686,-1.710,0.175,-2.888,-0.043,-0.050,-0.030,0.000,0.000,-0.000,0.12000,-0.12000,-0.12000,0.00000,0.00000,0.00000,0,1.000
142046,37.3311,-41.1595,-4.4530,-1.370,0.389,-3.020,-0.045,-0.064,-0.015,0.000,0.000,-0.000,0.12000,-0.12000,-0.12000,0.00000,0.00000,0.00000,0,1.000
142054,37.3431,-41.1545,-4.4380,-1.024,0.501,-2.738,-0.062,-0.076,0.000,0.000,0.000,-0.000,0.12000,-0.12000,-0.12000,0.00000,0.00000,0.00000,0,1.000
142062,37.3536,-41.1502,-4.4247,-0.757,0.671,-2.223,-0.049,-0.085,-0.004,0.000,-0.000,-0.000,0.12000,-0.12000,-0.12000,0.00000,0.00000,0.00000,0,1.000
142070,37.3634,-41.1460,-4.4123,-0.645,0.588,-1.617,-0.031,-0.079,-0.018,-0.000,-0.000,-0.000,0.12000,-0.12000,-0.12000,0.00000,0.00000,0.00000,0,1.000
142077,37.3717,-41.1428,-4.4022,-0.463,0.661,-1.027,-0.025,-0.056,-0.007,-0.000,-0.000,-0.000,0.12000,-0.12000,-0.12000,0.00000,0.00000,0.00000,0,1.000
142085,37.3814,-41.1380,-4.3893,-0.386,0.673,-0.586,0.013,-0.029,-0.019,-0.000,-0.000,-0.000,0.12000,-0.12000,-0.12000,0.00000,0.00000,0.00000,0,1.000
142093,37.3925,-41.1303,-4.3725,0.211,0.702,-0.472,0.012,-0.004,-0.003,-0.000,-0.000,-0.000,0.12000,-0.12000,-0.12000,0.00000,0.00000,0.00000,0,1.000
142101,37.4012,-41.1249,-4.3599,0.495,0.441,-0.390,0.037,0.021,0.013,-0.000,-0.000,-0.000,0.12000,-0.12000,-0.12000,0.00000,0.00000,0.00000,0,1.000
142108,37.4091,-41.1212,-4.3496,0.885,0.674,-0.590,0.034,0.037,0.033,0.000,-0.000,-0.000,0.12000,-0.12000,-0.12000,0.00000,0.00000,0.00000,0,1.000
142116,37.4154,-41.1191,-4.3422,1.096,0.801,-0.292,0.040,0.054,0.029,0.000,-0.000,-0.000,0.12000,-0.12000,-0.12000,0.00000,0.00000,0.00000,0,1.000
142124,37.4196,-41.1194,-4.3387,1.569,0.699,-0.136,0.023,0.075,0.046,0.000,-0.000,0.000,0.12000,-0.12000,-0.12000,0.00000,0.00000,0.00000,0,1.000
142132,37.4205,-41.1210,-4.3395,1.644,0.797,0.221,0.009,0.082,0.033,0.000,0.000,0.000,0.12000,-0.12000,-0.12000,0.00000,0.00000,0.00000,0,1.000
142139,37.4230,-41.1227,-4.3388,1.599,0.935,0.445,0.011,0.070,0.014,0.000,0.000,0.000,0.12000,-0.12000,-0.12000,0.00000,0.00000,0.00000,0,1.000
142147,37.4314,-41.1192,-4.3282,1.428,0.830,0.510,0.002,0.035,0.008,0.000,0.000,0.000,0.12000,-0.12000,-0.12000,0.00000,0.00000,0.00000,0,1.000
142155,37.4375,-41.1177,-4.3215,1.583,0.739,0.763,-0.009,0.013,-0.013,0.000,0.000,0.000,0.12000,-0.12000,-0.12000,0.00000,0.00000,0.00000,0,1.000
142162,37.4432,-41.1147,-4.3137,1.547,0.748,0.684,-0.023,-0.014,-0.015,0.000,0.000,0.000,0.12000,-0.12000,-0.12000,0.00000,0.00000,0.00000,0,1.000
142170,37.4517,-41.1076,-4.2998,1.606,0.380,0.572,-0.037,-0.044,-0.013,0.000,0.000,0.000,0.12000,-0.12000,-0.12000,0.00000,0.00000,0.00000,0,1.000
142178,37.4554,-41.1020,-4.2915,1.800,0.081,0.359,-0.028,-0.042,-0.017,0.000,0.000,0.000,0.12000,-0.12000,-0.12000,0.00000,0.00000,0.00000,0,1.000
142186,37.4556,-41.0970,-4.2867,2.099,-0.371,0.511,-0.021,-0.051,-0.026,0.000,0.000,-0.000,0.12000,-0.12000,-0.12000,0.00000,0.00000,0.00000,0,1.000
142194,37.4536,-41.0920,-4.2841,2.428,-0.986,0.586,-0.032,-0.052,-0.013,-0.000,0.000,-0.000,0.12000,-0.12000,-0.12000,0.00000,0.00000,0.00000,0,1.000
142202,37.4503,-41.0884,-4.2836,2.350,-1.143,1.034,-0.011,-0.022,-0.006,-0.000,-0.000,-0.000,0.12000,-0.12000,-0.12000,0.00000,0.00000,0.00000,0,1.000
142209,37.4445,-41.0880,-4.2884,2.378,-1.479,1.129,-0.008,-0.007,0.000,-0.000,-0.000,-0.000,0.12000,-0.12000,-0.12000,0.00000,0.00000,0.00000,0,1.000
142217,37.4391,-41.0863,-4.2916,2.015,-1.288,1.407,0.003,0.005,0.000,-0.000,-0.000,-0.000,0.12000,-0.12000,-0.12000,0.00000,0.00000,0.00000,0,1.000
142225,37.4346,-41.0847,-4.2941,1.825,-1.231,1.118,0.028,0.022,0.018,-0.000,-0.000,-0.000,0.12000,-0.12000,-0.12000,0.00000,0.00000,0.00000,0,1.000
142232,37.4320,-41.0809,-4.2930,1.696,-0.846,1.072,0.017,0.033,0.007,0.000,0.000,-0.000,0.12000,-0.12000,-0.12000,0.00000,0.00000,0.00000,0,1.000
142240,37.4321,-41.0756,-4.2881,1.762,-0.715,0.770,0.017,0.022,0.009,0.000,0.000,-0.000,0.12000,-0.12000,-0.12000,0.00000,0.00000,0.00000,0,1.000
142248,37.4303,-41.0696,-4.2841,1.919,-0.592,0.807,0.027,0.022,0.016,0.000,0.000,0.000,0.12000,-0.12000,-0.12000,0.00000,0.00000,0.00000,0,1.000
142256,37.4266,-41.0653,-4.2835,2.295,-0.603,0.970,0.018,0.020,0.003,0.000,0.000,0.000,0.12000,-0.12000,-0.12000,0.00000,0.00000,0.00000,0,1.000
142264,37.4206,-41.0628,-4.2866,2.381,-0.809,1.196,0.004,-0.003,-0.011,0.000,0.000,0.000,0.12000,-0.12000,-0.12000,0.00000,0.00000,0.00000,0,1.000
142271,37.4123,-41.0620,-4.2932,2.543,-1.134,1.994,-0.007,-0.004,-0.013,0.000,0.000,-0.000,0.12000,-0.12000,-0.12000,0.00000,0.00000,0.00000,0,1.000
142279,37.4036,-41.0621,-4.3009,2.244,-0.899,2.057,-0.009,-0.020,-0.044,0.000,0.000,-0.000,0.12000,-0.12000,-0.12000,0.00000,0.00000,0.00000,0,1.000
142287,37.3951,-41.0632,-4.3095,2.060,-0.903,2.140,-0.008,-0.040,-0.037,0.000,0.000,-0.000,0.12000,-0.12000,-0.12000,0.00000,0.00000,0.00000,0,1.000
142295,37.3897,-41.0617,-4.3128,1.817,-0.494,2.290,-0.005,-0.020,-0.026,0.000,0.000,-0.000,0.12000,-0.12000,-0.12000,0.00000,0.00000,0.00000,0,1.000
142302,37.3846,-41.0606,-4.3162,1.988,-0.344,2.181,-0.009,-0.016,-0.024,0.000,-0.000,-0.000,0.12000,-0.12000,-0.12000,0.00000,0.00000,0.00000,0,1.000
142310,37.3820,-41.0580,-4.3162,2.010,0.096,1.930,-0.017,-0.024,-0.003,0.000,-0.000,-0.000,0.12000,-0.12000,-0.12000,0.00000,0.00000,0.00000,0,1.000
142318,37.3765,-41.0582,-4.3212,2.045,0.045,2.052,-0.017,-0.008,0.007,0.000,-0.000,-0.000,0.12000,-0.12000,-0.12000,0.00000,0.00000,0.00000,0,1.000
142326,37.3683,-41.0586,-4.3287,2.067,0.182,2.104,-0.008,0.016,0.020,0.000,-0.000,-0.000,0.12000,-0.12000,-0.12000,0.00000,0.00000,0.00000,0,1.000
142334,37.3602,-41.0609,-4.3380,1.733,0.338,2.176,-0.007,0.009,0.030,0.000,-0.000,-0.000,0.12000,-0.12000,-0.12000,0.00000,0.00000,0.00000,0,1.000
142341,37.3520,-41.0651,-4.3490,1.498,0.445,2.198,0.001,0.034,0.045,0.000,0.000,-0.000,0.12000,-0.12000,-0.12000,0.00000,0.00000,0.00000,0,1.000
142349,37.3433,-41.0699,-4.3610,1.002,0.236,2.163,0.017,0.018,0.045,0.000,0.000,-0.000,0.12000,-0.12000,-0.12000,0.00000,0.00000,0.00000,0,1.000
142357,37.3378,-41.0732,-4.3689,0.521,0.140,1.894,0.031,0.033,0.037,0.000,0.000,0.000,0.12000,-0.12000,-0.12000,0.00000,0.00000,0.00000,0,1.000
142364,37.3295,-41.0782,-4.3807,0.365,0.145,1.728,0.033,0.033,-0.003,0.000,0.000,0.000,0.12000,-0.12000,-0.12000,0.00000,0.00000,0.00000,0,1.000
142372,37.3253,-41.0815,-4.3874,0.060,0.268,1.592,0.029,-0.003,0.005,0.000,0.000,0.000,0.12000,-0.12000,-0.12000,0.00000,0.00000,0.00000,0,1.000
142380,37.3214,-41.0822,-4.3914,0.049,-0.043,1.281,0.022,-0.007,-0.000,0.000,0.000,0.000,0.12000,-0.12000,-0.12000,0.00000,0.00000,0.00000,0,1.000
142388,37.3158,-41.0844,-4.3984,0.328,-0.159,0.906,0.011,-0.010,-0.023,0.000,0.000,0.000,0.12000,-0.12000,-0.12000,0.00000,0.00000,0.00000,0,1.000
142395,37.3114,-41.0865,-4.4042,0.712,-0.213,0.681,-0.009,-0.007,-0.034,0.000,0.000,0.000,0.12000,-0.12000,-0.12000,0.00000,0.00000,0.00000,0,1.000
142403,37.3055,-41.0915,-4.4139,0.725,-0.359,0.709,-0.033,-0.009,-0.041,0.000,0.000,-0.000,0.12000,-0.12000,-0.12000,0.00000,0.00000,0.00000,0,1.000
142411,37.3014,-41.0957,-4.4213,0.413,-0.391,0.418,-0.044,-0.009,-0.041,0.000,0.000,-0.000,0.12000,-0.12000,-0.12000,0.00000,0.00000,0.00000,0,1.000
142419,37.2992,-41.0997,-4.4269,0.432,-0.079,0.298,-0.038,-0.011,-0.049,0.000,0.000,-0.000,0.12000,-0.12000,-0.12000,0.00000,0.00000,0.00000,0,1.000
142426,37.2972,-41.1025,-4.4312,0.291,-0.219,0.158,-0.034,0.001,-0.025,0.000,0.000,-0.000,0.12000,-0.12000,-0.12000,0.00000,0.00000,0.00000,0,1.000
142434,37.2962,-41.1030,-4.4325,0.021,0.068,-0.072,-0.015,0.003,-0.011,-0.000,0.000,-0.000,0.12000,-0.12000,-0.12000,0.00000,0.00000,0.00000,0,1.000
142442,37.2970,-41.0993,-4.4285,0.298,0.065,0.184,-0.009,0.006,0.014,-0.000,0.000,-0.000,0.12000,-0.12000,-0.12000,0.00000,0.00000,0.00000,0,1.000
142449,37.2957,-41.0977,-4.4281,0.149,0.225,0.172,0.005,0.006,0.034,-0.000,0.000,-0.000,0.12000,-0.12000,-0.12000,0.00000,0.00000,0.00000,0,1.000
142457,37.2965,-41.0945,-4.4246,0.135,0.457,0.059,0.007,0.010,0.050,-0.000,0.000,-0.000,0.12000,-0.12000,-0.12000,0.00000,0.00000,0.00000,0,1.000
142465,37.2957,-41.0924,-4.4234,0.292,0.709,-0.033,0.023,0.001,0.038,0.000,0.000,-0.000,0.12000,-0.12000,-0.12000,0.00000,0.00000,0.00000,0,1.000
142473,37.2955,-41.0904,-4.4217,0.114,0.903,0.162,0.032,-0.009,0.041,0.000,0.000,-0.000,0.12000,-0.12000,-0.12000,0.00000,0.00000,0.00000,0,1.000
142481,37.2958,-41.0899,-4.4210,0.156,0.964,0.483,0.040,-0.023,0.037,0.000,0.000,0.000,0.12000,-0.12000,-0.12000,0.00000,0.00000,0.00000,0,1.000
142488,37.2956,-41.0887,-4.4201,-0.001,1.081,0.945,0.026,-0.017,0.005,0.000,-0.000,0.000,0.12000,-0.12000,-0.12000,0.00000,0.00000,0.00000,0,1.000
142496,37.2955,-41.0902,-4.4215,-0.277,1.041,0.733,0.030,-0.016,0.008,0.000,-0.000,0.000,0.12000,-0.12000,-0.12000,0.00000,0.00000,0.00000,0,1.000
142504,37.2966,-41.0914,-4.4217,-0.028,0.960,0.565,0.003,-0.016,-0.014,0.000,-0.000,0.000,0.12000,-0.12000,-0.12000,0.00000,0.00000,0.00000,0,1.000
142511,37.2981,-41.0930,-4.4218,0.030,0.633,0.410,0.003,0.005,-0.034,0.000,-0.000,0.000,0.12000,-0.12000,-0.12000,0.00000,0.00000,0.00000,0,1.000
142519,37.2996,-41.0958,-4.4230,-0.184,0.794,0.570,-0.014,0.018,-0.031,0.000,-0.000,-0.000,0.12000,-0.12000,-0.12000,0.00000,0.00000,0.00000,0,1.000
142527,37.3030,-41.0976,-4.4216,-0.127,0.640,0.243,-0.028,0.015,-0.038,0.000,-0.000,-0.000,0.12000,-0.12000,-0.12000,0.00000,0.00000,0.00000,0,1.000
142535,37.3088,-41.0992,-4.4180,-0.383,0.654,0.169,-0.034,0.027,-0.037,0.000,0.000,-0.000,0.12000,-0.12000,-0.12000,0.00000,0.00000,0.00000,0,1.000
142543,37.3112,-41.1030,-4.4193,-0.121,0.600,-0.145,-0.038,0.034,-0.007,0.000,0.000,-0.000,0.12000,-0.12000,-0.12000,0.00000,0.00000,0.00000,0,1.000
142551,37.3119,-41.1064,-4.4217,-0.377,0.527,-0.132,-0.030,0.023,0.004,0.000,0.000,-0.000,0.12000,-0.12000,-0.12000,0.00000,0.00000,0.00000,0,1.000
142558,37.3142,-41.1086,-4.4218,-0.342,0.519,-0.054,-0.026,0.022,0.025,-0.000,0.000,-0.000,0.12000,-0.12000,-0.12000,0.00000,0.00000,0.00000,0,1.000
142566,37.3124,-41.1118,-4.4263,-0.357,0.363,0.223,-0.004,0.016,0.028,-0.000,0.000,-0.000,0.12000,-0.12000,-0.12000,0.00000,0.00000,0.00000,0,1.000
142574,37.3129,-41.1124,-4.4263,0.033,0.337,0.282,-0.006,0.018,0.030,-0.000,0.000,-0.000,0.12000,-0.12000,-0.12000,0.00000,0.00000,0.00000,0,1.000
142581,37.3159,-41.1110,-4.4224,0.288,0.368,0.313,0.016,0.001,0.022,-0.000,0.000,-0.000,0.12000,-0.12000,-0.12000,0.00000,0.00000,0.00000,0,1.000
142589,37.3202,-41.1069,-4.4150,0.949,0.356,0.299,0.003,-0.028,0.034,-0.000,0.000,0.000,0.12000,-0.12000,-0.12000,0.00000,0.00000,0.00000,0,1.000
142597,37.3232,-41.1039,-4.4096,1.515,0.290,0.750,0.013,-0.032,0.023,-0.000,0.000,0.000,0.12000,-0.12000,-0.12000,0.00000,0.00000,0.00000,0,1.000
142605,37.3244,-41.1033,-4.4079,1.834,0.064,0.869,0.010,-0.037,-0.005,-0.000,0.000,0.000,0.12000,-0.12000,-0.12000,0.00000,0.00000,0.00000,0,1.000
142612,37.3274,-41.1024,-4.4046,1.904,-0.080,1.155,-0.002,-0.035,-0.017,-0.000,0.000,0.000,0.12000,-0.12000,-0.12000,0.00000,0.00000,0.00000,0,1.000
142620,37.3286,-41.1043,-4.4051,2.190,0.273,1.679,0.025,-0.029,-0.020,0.000,-0.000,-0.000,0.12000,-0.12000,-0.12000,0.00000,0.00000,0.00000,0,1.000
142628,37.3312,-41.1045,-4.4031,1.919,0.261,1.751,0.019,-0.025,-0.042,0.000,-0.000,-0.000,0.12000,-0.12000,-0.12000,0.00000,0.00000,0.00000,0,1.000
142636,37.3296,-41.1080,-4.4076,1.733,0.129,1.963,0.013,-0.010,-0.046,0.000,-0.000,-0.000,0.12000,-0.12000,-0.12000,0.00000,0.00000,0.00000,0,1.000
142643,37.3299,-41.1078,-4.4072,1.824,0.296,2.128,0.017,-0.000,-0.043,0.000,-0.000,-0.000,0.12000,-0.12000,-0.12000,0.00000,0.00000,0.00000,0,1.000
142651,37.3296,-41.1060,-4.4058,1.960,0.282,2.113,-0.003,0.010,-0.024,0.000,-0.000,-0.000,0.12000,-0.12000,-0.12000,0.00000,0.00000,0.00000,0,1.000
142659,37.3242,-41.1053,-4.4100,2.160,-0.077,2.272,0.001,0.022,-0.003,0.000,-0.000,-0.000,0.12000,-0.12000,-0.12000,0.00000,0.00000,0.00000,0,1.000
142666,37.3211,-41.1035,-4.4110,2.196,-0.128,2.393,-0.008,0.041,0.004,0.000,0.000,-0.000,0.12000,-0.12000,-0.12000,0.00000,0.00000,0.00000,0,1.000
142674,37.3129,-41.1034,-4.4182,2.296,-0.352,2.516,-0.015,0.046,0.009,0.000,0.000,-0.000,0.12000,-0.12000,-0.12000,0.00000,0.00000,0.00000,0,1.000
142682,37.3046,-41.1035,-4.4255,2.388,-0.144,2.638,-0.020,0.033,0.020,0.000,0.000,-0.000,0.12000,-0.12000,-0.12000,0.00000,0.00000,0.00000,0,1.000
142690,37.2990,-41.1026,-4.4296,2.401,0.296,2.820,-0.030,0.016,0.040,-0.000,0.000,-0.000,0.12000,-0.12000,-0.12000,0.00000,0.00000,0.00000,0,1.000
142697,37.2921,-41.1026,-4.4357,2.296,0.664,2.240,-0.002,-0.012,0.039,-0.000,0.000,-0.000,0.12000,-0.12000,-0.12000,0.00000,0.00000,0.00000,0,1.000
142705,37.2839,-41.1034,-4.4437,2.331,0.741,2.232,-0.004,-0.019,0.016,-0.000,0.000,-0.000,0.12000,-0.12000,-0.12000,0.00000,0.00000,0.00000,0,1.000
142713,37.2787,-41.1021,-4.4471,2.411,0.595,2.087,0.026,-0.025,0.013,-0.000,0.000,-0.000,0.12000,-0.12000,-0.12000,0.00000,0.00000,0.00000,0,1.000
142721,37.2729,-41.1012,-4.4514,2.285,0.349,1.929,0.018,-0.007,0.022,0.000,0.000,-0.000,0.12000,-0.12000,-0.12000,0.00000,0.00000,0.00000,0,1.000
142729,37.2657,-41.1026,-4.4590,2.080,0.379,1.788,0.026,-0.002,0.008,0.000,0.000,-0.000,0.12000,-0.12000,-0.12000,0.00000,0.00000,0.00000,0,1.000
142737,37.2592,-41.1048,-4.4667,1.769,0.217,1.627,0.030,0.008,0.006,0.000,0.000,-0.000,0.12000,-0.12000,-0.12000,0.00000,0.00000,0.00000,0,1.000
142744,37.2556,-41.1056,-4.4706,1.727,0.112,1.350,0.026,-0.008,-0.009,0.000,0.000,-0.000,0.12000,-0.12000,-0.12000,0.00000,0.00000,0.00000,0,1.000
142752,37.2549,-41.1057,-4.4713,1.571,0.506,0.795,0.010,0.003,-0.001,0.000,0.000,-0.000,0.12000,-0.12000,-0.12000,0.00000,0.00000,0.00000,0,1.000
142760,37.2550,-41.1049,-4.4705,1.500,0.436,0.724,0.003,0.007,-0.001,0.000,0.000,-0.000,0.12000,-0.12000,-0.12000,0.00000,0.00000,0.00000,0,1.000
142768,37.2543,-41.1044,-4.4706,1.283,0.155,0.271,-0.009,0.016,-0.008,0.000,0.000,-0.000,0.12000,-0.12000,-0.12000,0.00000,0.00000,0.00000,0,1.000
142775,37.2513,-41.1036,-4.4725,1.192,-0.098,0.192,-0.027,0.014,-0.008,0.000,0.000,-0.000,0.12000,-0.12000,-0.12000,0.00000,0.00000,0.00000,0,1.000
142783,37.2502,-41.1004,-4.4706,1.406,-0.387,0.162,-0.028,0.008,-0.004,0.000,0.000,-0.000,0.12000,-0.12000,-0.12000,0.00000,0.00000,0.00000,0,1.000
142791,37.2492,-41.0986,-4.4699,1.669,-0.701,0.107,-0.038,0.026,-0.004,0.000,0.000,-0.000,0.12000,-0.12000,-0.12000,0.00000,0.00000,0.00000,0,1.000
142798,37.2485,-41.0954,-4.4676,1.748,-0.889,0.005,-0.048,0.019,-0.005,-0.000,0.000,-0.000,0.12000,-0.12000,-0.12000,0.00000,0.00000,0.00000,0,1.000
142806,37.2495,-41.0916,-4.4632,1.429,-0.792,0.015,-0.031,-0.008,0.002,-0.000,0.000,-0.000,0.12000,-0.12000,-0.12000,0.00000,0.00000,0.00000,0,1.000
142814,37.2501,-41.0892,-4.4606,1.044,-0.437,-0.061,-0.010,-0.017,0.006,-0.000,0.000,-0.000,0.12000,-0.12000,-0.12000,0.00000,0.00000,0.00000,0,1.000
142822,37.2528,-41.0851,-4.4545,0.819,-0.372,-0.429,0.028,-0.029,0.004,-0.000,0.000,-0.000,0.12000,-0.12000,-0.12000,0.00000,0.00000,0.00000,0,1.000
142830,37.2545,-41.0799,-4.4483,0.811,-0.114,-0.257,0.028,-0.048,-0.016,-0.000,0.000,-0.000,0.12000,-0.12000,-0.12000,0.00000,0.00000,0.00000,0,1.000
142837,37.2548,-41.0751,-4.4436,0.953,-0.232,0.143,0.043,-0.031,-0.009,-0.000,0.000,-0.000,0.12000,-0.12000,-0.12000,0.00000,0.00000,0.00000,0,1.000
142845,37.2540,-41.0723,-4.4418,1.024,-0.248,0.299,0.043,-0.037,-0.000,0.000,-0.000,-0.000,0.12000,-0.12000,-0.12000,0.00000,0.00000,0.00000,0,1.000
142853,37.2535,-41.0713,-4.4413,0.810,0.041,0.330,0.031,-0.009,0.001,0.000,-0.000,-0.000,0.12000,-0.12000,-0.12000,0.00000,0.00000,0.00000,0,1.000
142861,37.2559,-41.0678,-4.4360,1.043,0.176,0.808,0.018,0.015,0.005,0.000,-0.000,-0.000,0.12000,-0.12000,-0.12000,0.00000,0.00000,0.00000,0,1.000
142868,37.2595,-41.0649,-4.4303,1.298,0.250,0.795,0.014,0.008,0.003,0.000,-0.000,-0.000,0.12000,-0.12000,-0.12000,0.00000,0.00000,0.00000,0,1.000
142876,37.2633,-41.0620,-4.4243,1.169,0.335,1.051,-0.006,0.030,-0.014,0.000,0.000,-0.000,0.12000,-0.12000,-0.12000,0.00000,0.00000,0.00000,0,1.000
142884,37.2637,-41.0591,-4.4213,1.199,0.128,1.016,-0.013,0.038,-0.006,0.000,0.000,-0.000,0.12000,-0.12000,-0.12000,0.00000,0.00000,0.00000,0,1.000
142892,37.2651,-41.0574,-4.4186,1.029,0.022,1.081,-0.031,0.040,-0.001,0.000,0.000,-0.000,0.12000,-0.12000,-0.12000,0.00000,0.00000,0.00000,0,1.000
142900,37.2654,-41.0570,-4.4179,1.029,0.023,1.081,-0.029,0.032,-0.001,0.000,0.000,-0.000,0.12000,-0.12000,-0.12000,0.00000,0.00000,0.00000,0,1.000
142907,37.2646,-41.0570,-4.4186,0.753,-0.017,0.868,-0.025,0.048,0.009,0.000,0.000,-0.000,0.12000,-0.12000,-0.12000,0.00000,0.00000,0.00000,0,1.000
142915,37.2617,-41.0579,-4.4220,0.639,0.136,0.935,-0.026,0.030,0.011,-0.000,0.000,-0.000,0.12000,-0.12000,-0.12000,0.00000,0.00000,0.00000,0,1.000
142923,37.2585,-41.0586,-4.4255,0.484,-0.161,1.070,-0.011,0.008,0.001,-0.000,0.000,-0.000,0.12000,-0.12000,-0.12000,0.00000,0.00000,0.00000,0,1.000
142931,37.2528,-41.0594,-4.4312,0.314,-0.182,1.050,-0.016,-0.011,-0.003,-0.000,0.000,-0.000,0.12000,-0.12000,-0.12000,0.00000,0.00000,0.00000,0,1.000
142938,37.2482,-41.0589,-4.4348,0.244,-0.426,1.151,-0.005,-0.018,-0.002,-0.000,0.000,-0.000,0.12000,-0.12000,-0.12000,0.00000,0.00000,0.00000,0,1.000
142946,37.2430,-41.0595,-4.4399,0.394,-0.502,1.077,0.000,-0.035,-0.008,-0.000,0.000,-0.000,0.12000,-0.12000,-0.12000,0.00000,0.00000,0.00000,0,1.000
142954,37.2387,-41.0604,-4.4445,0.339,-0.589,0.903,0.009,-0.041,-0.012,-0.000,0.000,-0.000,0.12000,-0.12000,-0.12000,0.00000,0.00000,0.00000,0,1.000
142962,37.2339,-41.0631,-4.4512,0.175,-0.153,0.736,0.020,-0.060,-0.014,-0.000,0.000,-0.000,0.12000,-0.12000,-0.12000,0.00000,0.00000,0.00000,0,1.000
142969,37.2317,-41.0651,-4.4550,-0.045,-0.062,0.654,0.037,-0.038,-0.019,0.000,0.000,-0.000,0.12000,-0.12000,-0.12000,0.00000,0.00000,0.00000,0,1.000
142977,37.2279,-41.0669,-4.4599,0.025,0.224,0.509,0.044,-0.037,-0.001,0.000,-0.000,-0.000,0.12000,-0.12000,-0.12000,0.00000,0.00000,0.00000,0,1.000
142985,37.2229,-41.0697,-4.4668,-0.074,0.316,0.516,0.016,-0.027,0.013,0.000,-0.000,-0.000,0.12000,-0.12000,-0.12000,0.00000,0.00000,0.00000,0,1.000
142993,37.2163,-41.0737,-4.4762,0.160,0.423,0.280,0.026,0.008,0.014,0.000,-0.000,-0.000,0.12000,-0.12000,-0.12000,0.00000,0.00000,0.00000,0,1.000
143000,37.2125,-41.0761,-4.4818,0.224,0.294,0.239,0.003,0.021,0.024,0.000,-0.000,-0.000,0.12000,-0.12000,-0.12000,0.00000,0.00000,0.00000,0,1.000
143008,37.2105,-41.0769,-4.4842,0.368,0.107,-0.034,-0.012,0.035,0.038,0.000,-0.000,-0.000,0.12000,-0.12000,-0.12000,0.00000,0.00000,0.00000,0,1.000
143016,37.2128,-41.0765,-4.4818,0.077,0.300,-0.359,-0.019,0.040,0.029,0.000,0.000,-0.000,0.12000,-0.12000,-0.12000,0.00000,0.00000,0.00000,0,1.000
143024,37.2124,-41.0779,-4.4835,-0.015,0.134,-0.525,-0.025,0.032,0.044,0.000,0.000,0.000,0.12000,-0.12000,-0.12000,0.00000,0.00000,0.00000,0,1.000
143032,37.2163,-41.0780,-4.4802,-0.520,0.487,-0.690,-0.024,0.017,0.023,0.000,0.000,0.000,0.12000,-0.12000,-0.12000,0.00000,0.00000,0.00000,0,1.000
143040,37.2190,-41.0780,-4.4779,-0.731,0.319,-0.944,-0.011,0.018,0.002,0.000,0.000,0.000,0.12000,-0.12000,-0.12000,0.00000,0.00000,0.00000,0,1.000
143047,37.2223,-41.0757,-4.4728,-0.992,0.132,-1.131,-0.009,-0.007,-0.001,0.000,0.000,0.000,0.12000,-0.12000,-0.12000,0.00000,0.00000,0.00000,0,1.000
143055,37.2229,-41.0748,-4.4714,-1.006,0.062,-0.941,-0.007,-0.008,-0.024,-0.000,0.000,0.000,0.12000,-0.12000,-0.12000,0.00000,0.00000,0.00000,0,1.000
143063,37.2264,-41.0699,-4.4639,-0.727,-0.097,-1.273,0.002,-0.022,-0.033,-0.000,0.000,0.000,0.12000,-0.12000,-0.12000,0.00000,0.00000,0.00000,0,1.000
143070,37.2324,-41.0648,-4.4540,-0.826,0.039,-1.310,-0.011,-0.036,-0.034,-0.000,0.000,0.000,0.12000,-0.12000,-0.12000,0.00000,0.00000,0.00000,0,1.000
143078,37.2366,-41.0620,-4.4478,-0.705,0.084,-1.265,0.007,-0.030,-0.029,0.000,0.000,-0.000,0.12000,-0.12000,-0.12000,0.00000,0.00000,0.00000,0,1.000
143086,37.2387,-41.0619,-4.4459,-0.558,0.251,-0.839,0.021,-0.026,-0.023,0.000,0.000,-0.000,0.12000,-0.12000,-0.12000,0.00000,0.00000,0.00000,0,1.000
143094,37.2429,-41.0614,-4.4417,-0.673,0.189,-0.556,0.019,-0.014,-0.019,0.000,-0.000,-0.000,0.12000,-0.12000,-0.12000,0.00000,0.00000,0.00000,0,1.000
143102,37.2474,-41.0614,-4.4378,-0.711,0.569,-0.264,0.010,-0.022,-0.022,0.000,-0.000,-0.000,0.12000,-0.12000,-0.12000,0.00000,0.00000,0.00000,0,1.000
143109,37.2528,-41.0607,-4.4324,-0.690,0.622,-0.126,0.008,0.006,-0.006,0.000,-0.000,-0.000,0.12000,-0.12000,-0.12000,0.00000,0.00000,0.00000,0,1.000
143117,37.2602,-41.0598,-4.4251,-0.740,0.432,0.114,-0.019,0.018,0.003,0.000,-0.000,-0.000,0.12000,-0.12000,-0.12000,0.00000,0.00000,0.00000,0,1.000
143125,37.2673,-41.0578,-4.4170,-0.435,0.440,0.119,-0.016,0.046,0.014,0.000,0.000,-0.000,0.12000,-0.12000,-0.12000,0.00000,0.00000,0.00000,0,1.000
143133,37.2718,-41.0590,-4.4141,-0.676,0.220,0.157,-0.025,0.042,0.015,-0.000,0.000,-0.000,0.12000,-0.12000,-0.12000,0.00000,0.00000,0.00000,0,1.000
143140,37.2725,-41.0621,-4.4163,-0.641,0.041,0.408,-0.011,0.039,0.014,-0.000,0.000,-0.000,0.12000,-0.12000,-0.12000,0.00000,0.00000,0.00000,0,1.000
143148,37.2719,-41.0665,-4.4208,-0.586,0.043,0.668,0.000,0.028,0.009,-0.000,0.000,-0.000,0.12000,-0.12000,-0.12000,0.00000,0.00000,0.00000,0,1.000
143156,37.2689,-41.0724,-4.4288,-0.544,-0.353,0.704,-0.001,0.008,-0.003,-0.000,0.000,-0.000,0.12000,-0.12000,-0.12000,0.00000,0.00000,0.00000,0,1.000
143163,37.2672,-41.0767,-4.4342,-0.339,-0.382,0.846,0.006,0.002,0.010,-0.000,0.000,-0.000,0.12000,-0.12000,-0.12000,0.00000,0.00000,0.00000,0,1.000
143171,37.2643,-41.0814,-4.4410,-0.176,-0.516,0.711,0.005,-0.014,0.014,-0.000,0.000,-0.000,0.12000,-0.12000,-0.12000,0.00000,0.00000,0.00000,0,1.000
143179,37.2579,-41.0863,-4.4511,0.220,-0.388,0.927,0.012,-0.026,0.018,-0.000,0.000,-0.000,0.12000,-0.12000,-0.12000,0.00000,0.00000,0.00000,0,1.000
143187,37.2528,-41.0913,-4.4601,0.219,-0.215,0.755,0.014,-0.043,0.002,0.000,0.000,-0.000,0.12000,-0.12000,-0.12000,0.00000,0.00000,0.00000,0,1.000
143195,37.2484,-41.0950,-4.4673,0.459,-0.124,0.847,0.029,-0.037,-0.018,0.000,0.000,-0.000,0.12000,-0.12000,-0.12000,0.00000,0.00000,0.00000,0,1.000
143203,37.2415,-41.0990,-4.4770,0.458,-0.038,0.761,0.014,-0.026,-0.036,0.000,0.000,-0.000,0.12000,-0.12000,-0.12000,0.00000,0.00000,0.00000,0,1.000
143210,37.2366,-41.1011,-4.4833,1.012,-0.243,0.729,0.003,-0.006,-0.020,0.000,-0.000,-0.000,0.12000,-0.12000,-0.12000,0.00000,0.00000,0.00000,0,1.000
143218,37.2338,-41.1031,-4.4875,1.153,0.028,0.741,-0.017,0.009,-0.013,0.000,-0.000,-0.000,0.12000,-0.12000,-0.12000,0.00000,0.00000,0.00000,0,1.000
143226,37.2300,-41.1050,-4.4925,0.868,0.203,0.745,-0.025,0.009,-0.016,0.000,-0.000,-0.000,0.12000,-0.12000,-0.12000,0.00000,0.00000,0.00000,0,1.000
143233,37.2268,-41.1060,-4.4963,1.046,0.008,0.550,-0.016,0.020,-0.019,0.000,-0.000,-0.000,0.12000,-0.12000,-0.12000,0.00000,0.00000,0.00000,0,1.000
143241,37.2229,-41.1073,-4.5009,1.181,-0.050,0.580,-0.004,0.030,-0.014,0.000,0.000,-0.000,0.12000,-0.12000,-0.12000,0.00000,0.00000,0.00000,0,1.000
143249,37.2198,-41.1073,-4.5036,1.040,-0.105,0.353,-0.019,0.028,0.006,-0.000,0.000,-0.000,0.12000,-0.12000,-0.12000,0.00000,0.00000,0.00000,0,1.000
143257,37.2174,-41.1065,-4.5050,1.175,-0.034,0.252,-0.012,0.030,0.017,-0.000,0.000,-0.000,0.12000,-0.12000,-0.12000,0.00000,0.00000,0.00000,0,1.000
143265,37.2147,-41.1047,-4.5057,1.020,-0.159,0.215,-0.015,0.023,0.026,-0.000,0.000,-0.000,0.12000,-0.12000,-0.12000,0.00000,0.00000,0.00000,0,1.000
143272,37.2122,-41.1019,-4.5055,1.035,-0.004,-0.061,-0.001,0.002,0.020,-0.000,0.000,-0.000,0.12000,-0.12000,-0.12000,0.00000,0.00000,0.00000,0,1.000
143280,37.2119,-41.0984,-4.5025,0.830,-0.018,-0.160,0.000,0.000,0.030,-0.000,0.000,-0.000,0.12000,-0.12000,-0.12000,0.00000,0.00000,0.00000,0,1.000
143288,37.2134,-41.0943,-4.4975,0.937,0.044,-0.012,-0.002,-0.006,0.019,-0.000,0.000,-0.000,0.12000,-0.12000,-0.12000,0.00000,0.00000,0.00000,0,1.000
143296,37.2161,-41.0883,-4.4897,1.052,0.106,-0.295,-0.009,-0.003,0.001,-0.000,0.000,-0.000,0.12000,-0.12000,-0.12000,0.00000,0.00000,0.00000,0,1.000
143303,37.2185,-41.0848,-4.4844,0.803,0.317,-0.257,0.013,-0.017,0.005,-0.000,0.000,-0.000,0.12000,-0.12000,-0.12000,0.00000,0.00000,0.00000,0,1.000
143311,37.2210,-41.0830,-4.4806,0.618,0.400,-0.261,0.012,-0.018,-0.016,-0.000,0.000,-0.000,0.12000,-0.12000,-0.12000,0.00000,0.00000,0.00000,0,1.000
143319,37.2228,-41.0808,-4.4770,0.413,0.344,-0.316,0.024,-0.012,-0.022,0.000,0.000,-0.000,0.12000,-0.12000,-0.12000,0.00000,0.00000,0.00000,0,1.000
143327,37.2234,-41.0784,-4.4743,0.187,0.106,-0.381,0.015,-0.019,-0.007,0.000,0.000,-0.000,0.12000,-0.12000,-0.12000,0.00000,0.00000,0.00000,0,1.000
143335,37.2244,-41.0765,-4.4717,0.103,0.224,-0.521,0.011,0.006,-0.021,0.000,0.000,-0.000,0.12000,-0.12000,-0.12000,0.00000,0.00000,0.00000,0,1.000
143342,37.2246,-41.0763,-4.4713,0.223,0.054,-0.260,-0.005,0.013,-0.024,0.000,0.000,-0.000,0.12000,-0.12000,-0.12000,0.00000,0.00000,0.00000,0,1.000
143350,37.2250,-41.0760,-4.4708,-0.402,0.059,-0.168,-0.016,0.006,-0.022,0.000,0.000,-0.000,0.12000,-0.12000,-0.12000,0.00000,0.00000,0.00000,0,1.000
143358,37.2258,-41.0760,-4.4700,-0.126,0.229,-0.085,-0.003,0.014,-0.016,0.000,0.000,-0.000,0.12000,-0.12000,-0.12000,0.00000,0.00000,0.00000,0,1.000
143366,37.2314,-41.0734,-4.4626,-0.275,0.347,-0.054,-0.010,0.004,-0.005,0.000,0.000,-0.000,0.12000,-0.12000,-0.12000,0.00000,0.00000,0.00000,0,1.000
143373,37.2336,-41.0712,-4.4588,-0.615,0.306,-0.096,-0.028,-0.012,0.013,-0.000,0.000,-0.000,0.12000,-0.12000,-0.12000,0.00000,0.00000,0.00000,0,1.000
143381,37.2349,-41.0696,-4.4562,-0.757,0.535,0.134,-0.012,-0.024,0.015,-0.000,0.000,-0.000,0.12000,-0.12000,-0.12000,0.00000,0.00000,0.00000,0,1.000
143389,37.2386,-41.0657,-4.4494,-0.691,0.493,0.005,-0.012,-0.036,0.026,-0.000,0.000,-0.000,0.12000,-0.12000,-0.12000,0.00000,0.00000,0.00000,0,1.000
143397,37.2390,-41.0639,-4.4474,-0.599,0.744,0.084,-0.004,-0.035,0.026,-0.000,-0.000,-0.000,0.12000,-0.12000,-0.12000,0.00000,0.00000,0.00000,0,1.000
143405,37.2389,-41.0642,-4.4477,-0.939,0.616,0.129,-0.005,-0.014,0.024,-0.000,-0.000,-0.000,0.12000,-0.12000,-0.12000,0.00000,0.00000,0.00000,0,1.000
143412,37.2383,-41.0650,-4.4490,-1.088,0.517,0.376,0.007,-0.005,0.008,-0.000,-0.000,-0.000,0.12000,-0.12000,-0.12000,0.00000,0.00000,0.00000,0,1.000
143420,37.2375,-41.0667,-4.4512,-1.293,0.634,0.147,-0.001,0.016,0.011,-0.000,-0.000,-0.000,0.12000,-0.12000,-0.12000,0.00000,0.00000,0.00000,0,1.000
143428,37.2346,-41.0717,-4.4584,-1.322,0.409,0.613,0.010,0.017,-0.007,-0.000,-0.000,-0.000,0.12000,-0.12000,-0.12000,0.00000,0.00000,0.00000,0,1.000
143435,37.2362,-41.0751,-4.4600,-1.430,0.933,0.619,0.008,0.009,-0.013,-0.000,0.000,-0.000,0.12000,-0.12000,-0.12000,0.00000,0.00000,0.00000,0,1.000
143443,37.2358,-41.0805,-4.4653,-1.501,0.950,0.463,0.002,0.015,-0.017,-0.000,0.000,-0.000,0.12000,-0.12000,-0.12000,0.00000,0.00000,0.00000,0,1.000
143451,37.2365,-41.0861,-4.4697,-1.388,0.927,0.267,-0.004,0.012,-0.020,-0.000,0.000,-0.000,0.12000,-0.12000,-0.12000,0.00000,0.00000,0.00000,0,1.000
143459,37.2369,-41.0918,-4.4746,-1.310,0.609,0.295,-0.003,0.018,-0.015,-0.000,0.000,-0.000,0.12000,-0.12000,-0.12000,0.00000,0.00000,0.00000,0,1.000
143466,37.2388,-41.0986,-4.4790,-1.340,0.947,0.200,-0.011,0.012,0.002,-0.000,0.000,-0.000,0.12000,-0.12000,-0.12000,0.00000,0.00000,0.00000,0,1.000
143475,37.2376,-41.1058,-4.4866,-1.213,0.734,0.073,-0.003,-0.007,0.005,-0.000,0.000,-0.000,0.12000,-0.12000,-0.12000,0.00000,0.00000,0.00000,0,1.000
143482,37.2370,-41.1109,-4.4918,-1.029,0.695,0.034,-0.004,-0.020,-0.006,-0.000,0.000,-0.000,0.12000,-0.12000,-0.12000,0.00000,0.00000,0.00000,0,1.000
143490,37.2363,-41.1148,-4.4960,-0.830,0.466,0.065,0.001,-0.017,-0.002,-0.000,0.000,-0.000,0.12000,-0.12000,-0.12000,0.00000,0.00000,0.00000,0,1.000
143498,37.2351,-41.1170,-4.4990,-0.106,0.281,0.054,-0.020,-0.014,0.007,-0.000,0.000,-0.000,0.12000,-0.12000,-0.12000,0.00000,0.00000,0.00000,0,1.000
143506,37.2356,-41.1198,-4.5011,0.072,0.130,-0.184,-0.017,-0.016,0.024,-0.000,0.000,-0.000,0.12000,-0.12000,-0.12000,0.00000,0.00000,0.00000,0,1.000
143513,37.2388,-41.1199,-4.4983,0.312,0.308,-0.180,-0.016,-0.006,0.027,-0.000,0.000,-0.000,0.12000,-0.12000,-0.12000,0.00000,0.00000,0.00000,0,1.000
143521,37.2434,-41.1205,-4.4948,0.531,0.349,-0.227,-0.011,0.002,0.015,-0.000,0.000,0.000,0.12000,-0.12000,-0.12000,0.00000,0.00000,0.00000,0,1.000
143529,37.2476,-41.1208,-4.4914,0.360,0.243,-0.161,0.001,-0.010,0.012,-0.000,0.000,0.000,0.12000,-0.12000,-0.12000,0.00000,0.00000,0.00000,0,1.000
143537,37.2517,-41.1210,-4.4880,0.614,0.405,-0.260,0.005,0.005,0.006,-0.000,0.000,0.000,0.12000,-0.12000,-0.12000,0.00000,0.00000,0.00000,0,1.000
143545,37.2531,-41.1219,-4.4875,0.372,0.098,-0.135,0.028,0.008,-0.007,-0.000,0.000,0.000,0.12000,-0.12000,-0.12000,0.00000,0.00000,0.00000,0,1.000
143552,37.2553,-41.1212,-4.4851,0.747,0.391,-0.274,0.015,0.032,-0.014,-0.000,0.000,0.000,0.12000,-0.12000,-0.12000,0.00000,0.00000,0.00000,0,1.000
143560,37.2598,-41.1186,-4.4787,0.905,0.144,-0.607,0.013,0.028,-0.037,-0.000,0.000,-0.000,0.12000,-0.12000,-0.12000,0.00000,0.00000,0.00000,0,1.000
143568,37.2640,-41.1156,-4.4723,1.017,0.449,-0.389,0.026,0.011,-0.050,-0.000,0.000,-0.000,0.12000,-0.12000,-0.12000,0.00000,0.00000,0.00000,0,1.000
143576,37.2682,-41.1102,-4.4637,1.231,0.419,-0.679,0.019,0.005,-0.037,0.000,0.000,-0.000,0.12000,-0.12000,-0.12000,0.00000,0.00000,0.00000,0,1.000
143583,37.2699,-41.1062,-4.4585,1.451,0.371,-0.640,0.003,-0.008,-0.033,0.000,0.000,-0.000,0.12000,-0.12000,-0.12000,0.00000,0.00000,0.00000,0,1.000
143591,37.2704,-41.1025,-4.4548,1.522,0.268,-0.396,-0.008,-0.025,-0.012,0.000,0.000,-0.000,0.12000,-0.12000,-0.12000,0.00000,0.00000,0.00000,0,1.000
143599,37.2709,-41.0993,-4.4514,1.571,0.027,-0.205,0.012,-0.046,-0.000,0.000,0.000,-0.000,0.12000,-0.12000,-0.12000,0.00000,0.00000,0.00000,0,1.000
143606,37.2705,-41.0961,-4.4489,1.563,0.156,0.097,-0.003,-0.041,0.018,0.000,-0.000,-0.000,0.12000,-0.12000,-0.12000,0.00000,0.00000,0.00000,0,1.000
143614,37.2728,-41.0903,-4.4416,1.294,0.055,0.255,0.004,-0.045,0.035,0.000,-0.000,-0.000,0.12000,-0.12000,-0.12000,0.00000,0.00000,0.00000,0,1.000
143622,37.2741,-41.0857,-4.4363,1.090,-0.174,0.371,-0.006,-0.041,0.048,0.000,-0.000,-0.000,0.12000,-0.12000,-0.12000,0.00000,0.00000,0.00000,0,1.000
143630,37.2751,-41.0812,-4.4313,0.877,0.115,0.401,0.001,-0.030,0.047,-0.000,-0.000,-0.000,0.12000,-0.12000,-0.12000,0.00000,0.00000,0.00000,0,1.000
143638,37.2752,-41.0771,-4.4274,0.828,-0.076,0.641,0.007,-0.003,0.054,-0.000,-0.000,0.000,0.12000,-0.12000,-0.12000,0.00000,0.00000,0.00000,0,1.000
143645,37.2757,-41.0724,-4.4229,0.674,-0.158,0.559,0.007,0.023,0.043,0.000,-0.000,0.000,0.12000,-0.12000,-0.12000,0.00000,0.00000,0.00000,0,1.000
143653,37.2752,-41.0700,-4.4210,0.625,-0.047,0.497,-0.008,0.018,0.026,0.000,-0.000,0.000,0.12000,-0.12000,-0.12000,0.00000,0.00000,0.00000,0,1.000
143661,37.2724,-41.0685,-4.4222,0.327,0.016,0.733,-0.006,0.027,-0.003,0.000,-0.000,0.000,0.12000,-0.12000,-0.12000,0.00000,0.00000,0.00000,0,1.000
143669,37.2741,-41.0653,-4.4178,0.533,0.158,0.702,-0.006,0.036,-0.015,0.000,-0.000,0.000,0.12000,-0.12000,-0.12000,0.00000,0.00000,0.00000,0,1.000
143676,37.2744,-41.0635,-4.4158,0.440,0.449,0.820,-0.003,0.030,-0.041,0.000,0.000,0.000,0.12000,-0.12000,-0.12000,0.00000,0.00000,0.00000,0,1.000
143684,37.2739,-41.0627,-4.4156,0.221,0.496,0.781,-0.011,0.001,-0.040,-0.000,0.000,0.000,0.12000,-0.12000,-0.12000,0.00000,0.00000,0.00000,0,1.000
143692,37.2727,-41.0631,-4.4171,0.186,0.417,0.789,-0.008,-0.007,-0.042,-0.000,0.000,-0.000,0.12000,-0.12000,-0.12000,0.00000,0.00000,0.00000,0,1.000
143700,37.2699,-41.0638,-4.4201,-0.004,0.387,0.587,-0.006,-0.016,-0.042,-0.000,0.000,-0.000,0.12000,-0.12000,-0.12000,0.00000,0.00000,0.00000,0,1.000
143707,37.2686,-41.0653,-4.4227,-0.110,0.238,0.524,-0.013,-0.041,-0.037,-0.000,-0.000,-0.000,0.12000,-0.12000,-0.12000,0.00000,0.00000,0.00000,0,1.000
143715,37.2665,-41.0672,-4.4262,0.045,0.318,0.605,-0.026,-0.019,-0.014,-0.000,-0.000,-0.000,0.12000,-0.12000,-0.12000,0.00000,0.00000,0.00000,0,1.000
143723,37.2621,-41.0714,-4.4339,-0.196,0.098,0.644,-0.023,-0.011,-0.004,-0.000,-0.000,-0.000,0.12000,-0.12000,-0.12000,0.00000,0.00000,0.00000,0,1.000
143731,37.2573,-41.0774,-4.4435,-0.373,-0.035,0.426,-0.011,0.014,0.006,-0.000,-0.000,-0.000,0.12000,-0.12000,-0.12000,0.00000,0.00000,0.00000,0,1.000
143738,37.2533,-41.0820,-4.4512,-0.535,-0.315,0.233,0.005,0.013,0.037,-0.000,-0.000,-0.000,0.12000,-0.12000,-0.12000,0.00000,0.00000,0.00000,0,1.000
143746,37.2510,-41.0868,-4.4576,-0.366,0.008,-0.048,-0.000,0.024,0.053,-0.000,-0.000,-0.000,0.12000,-0.12000,-0.12000,0.00000,0.00000,0.00000,0,1.000
143754,37.2479,-41.0925,-4.4655,-0.438,-0.018,-0.160,0.024,0.029,0.053,-0.000,0.000,-0.000,0.12000,-0.12000,-0.12000,0.00000,0.00000,0.00000,0,1.000
143762,37.2475,-41.0945,-4.4677,-0.353,-0.008,-0.150,0.023,0.025,0.063,-0.000,0.000,0.000,0.12000,-0.12000,-0.12000,0.00000,0.00000,0.00000,0,1.000
143770,37.2464,-41.0965,-4.4705,-0.090,-0.063,-0.463,0.027,0.021,0.047,-0.000,0.000,0.000,0.12000,-0.12000,-0.12000,0.00000,0.00000,0.00000,0,1.000
143777,37.2442,-41.0980,-4.4737,-0.005,0.119,-0.625,0.022,-0.004,0.017,0.000,0.000,0.000,0.12000,-0.12000,-0.12000,0.00000,0.00000,0.00000,0,1.000
143785,37.2455,-41.0966,-4.4713,0.279,0.116,-0.800,0.018,-0.008,-0.023,0.000,0.000,0.000,0.12000,-0.12000,-0.12000,0.00000,0.00000,0.00000,0,1.000
143793,37.2457,-41.0961,-4.4707,0.399,0.161,-0.754,0.005,-0.012,-0.043,0.000,0.000,0.000,0.12000,-0.12000,-0.12000,0.00000,0.00000,0.00000,0,1.000
143800,37.2505,-41.0912,-4.4620,0.895,0.456,-0.805,-0.023,-0.020,-0.061,0.000,0.000,0.000,0.12000,-0.12000,-0.12000,0.00000,0.00000,0.00000,0,1.000
143808,37.2546,-41.0863,-4.4540,0.966,0.742,-0.950,-0.019,-0.025,-0.073,-0.000,0.000,-0.000,0.12000,-0.12000,-0.12000,0.00000,0.00000,0.00000,0,1.000
143816,37.2600,-41.0816,-4.4449,0.620,0.502,-1.104,0.001,-0.008,-0.053,-0.000,0.000,-0.000,0.12000,-0.12000,-0.12000,0.00000,0.00000,0.00000,0,1.000
143824,37.2654,-41.0775,-4.4365,0.485,0.473,-1.047,-0.017,0.001,-0.025,-0.000,0.000,-0.000,0.12000,-0.12000,-0.12000,0.00000,0.00000,0.00000,0,1.000
143832,37.2694,-41.0738,-4.4296,0.124,0.207,-1.054,0.001,0.017,-0.005,-0.000,0.000,-0.000,0.12000,-0.12000,-0.12000,0.00000,0.00000,0.00000,0,1.000
143839,37.2738,-41.0705,-4.4228,-0.075,0.307,-0.954,0.021,0.006,0.013,-0.000,0.000,-0.000,0.12000,-0.12000,-0.12000,0.00000,0.00000,0.00000,0,1.000
143847,37.2764,-41.0677,-4.4179,-0.236,-0.232,-0.889,0.012,0.027,0.025,-0.000,0.000,-0.000,0.12000,-0.12000,-0.12000,0.00000,0.00000,0.00000,0,1.000
143855,37.2800,-41.0646,-4.4120,-0.130,-0.126,-0.784,0.009,0.004,0.044,0.000,0.000,-0.000,0.12000,-0.12000,-0.12000,0.00000,0.00000,0.00000,0,1.000
143863,37.2852,-41.0596,-4.4029,-0.264,-0.112,-0.770,0.014,0.007,0.043,0.000,0.000,-0.000,0.12000,-0.12000,-0.12000,0.00000,0.00000,0.00000,0,1.000
143870,37.2868,-41.0585,-4.4005,-0.264,-0.025,-0.856,0.008,-0.021,0.034,0.000,0.000,0.000,0.12000,-0.12000,-0.12000,0.00000,0.00000,0.00000,0,1.000
143878,37.2911,-41.0550,-4.3935,0.006,-0.098,-0.843,0.004,-0.025,0.027,0.000,0.000,0.000,0.12000,-0.12000,-0.12000,0.00000,0.00000,0.00000,0,1.000
143886,37.2949,-41.0535,-4.3888,-0.243,0.027,-0.718,0.002,-0.024,-0.008,0.000,-0.000,0.000,0.12000,-0.12000,-0.12000,0.00000,0.00000,0.00000,0,1.000
143894,37.2984,-41.0510,-4.3834,-0.322,0.129,-0.530,0.015,-0.014,0.003,0.000,-0.000,0.000,0.12000,-0.12000,-0.12000,0.00000,0.00000,0.00000,0,1.000
143902,37.3034,-41.0499,-4.3781,-0.521,0.273,-0.474,0.002,-0.017,-0.023,0.000,-0.000,0.000,0.12000,-0.12000,-0.12000,0.00000,0.00000,0.00000,0,1.000
143909,37.3072,-41.0491,-4.3740,-0.551,0.566,-0.527,0.000,-0.019,-0.028,0.000,-0.000,0.000,0.12000,-0.12000,-0.12000,0.00000,0.00000,0.00000,0,1.000
143917,37.3097,-41.0481,-4.3709,-0.515,0.472,-0.362,-0.004,-0.014,-0.032,0.000,-0.000,-0.000,0.12000,-0.12000,-0.12000,0.00000,0.00000,0.00000,0,1.000
143925,37.3123,-41.0462,-4.3668,-0.245,0.270,-0.219,0.006,0.015,-0.021,0.000,-0.000,-0.000,0.12000,-0.12000,-0.12000,0.00000,0.00000,0.00000,0,1.000
143933,37.3148,-41.0437,-4.3624,-0.393,0.301,-0.102,-0.002,0.030,-0.021,0.000,-0.000,-0.000,0.12000,-0.12000,-0.12000,0.00000,0.00000,0.00000,0,1.000
143940,37.3170,-41.0428,-4.3597,-0.379,0.285,-0.205,-0.006,0.030,-0.022,0.000,0.000,-0.000,0.12000,-0.12000,-0.12000,0.00000,0.00000,0.00000,0,1.000
143948,37.3173,-41.0423,-4.3589,-0.264,-0.041,-0.100,-0.000,0.041,0.016,0.000,0.000,-0.000,0.12000,-0.12000,-0.12000,0.00000,0.00000,0.00000,0,1.000
143956,37.3182,-41.0435,-4.3593,-0.285,-0.136,-0.195,-0.000,0.033,0.010,0.000,0.000,-0.000,0.12000,-0.12000,-0.12000,0.00000,0.00000,0.00000,0,1.000
143964,37.3163,-41.0469,-4.3640,-0.456,-0.157,-0.215,-0.000,0.041,0.016,0.000,0.000,-0.000,0.12000,-0.12000,-0.12000,0.00000,0.00000,0.00000,0,1.000
143972,37.3138,-41.0522,-4.3709,-0.287,-0.179,-0.150,-0.001,0.014,0.021,0.000,0.000,-0.000,0.12000,-0.12000,-0.12000,0.00000,0.00000,0.00000,0,1.000
143979,37.3137,-41.0543,-4.3729,-0.323,-0.170,-0.229,0.003,-0.001,0.012,0.000,0.000,-0.000,0.12000,-0.12000,-0.12000,0.00000,0.00000,0.00000,0,1.000
143987,37.3142,-41.0572,-4.3752,-0.538,0.033,-0.112,-0.009,-0.027,0.006,0.000,0.000,-0.000,0.12000,-0.12000,-0.12000,0.00000,0.00000,0.00000,0,1.000
143995,37.3161,-41.0576,-4.3738,-0.459,-0.111,-0.257,-0.006,-0.039,0.009,0.000,0.000,0.000,0.12000,-0.12000,-0.12000,0.00000,0.00000,0.00000,0,1.000
144002,37.3169,-41.0569,-4.3725,-0.040,-0.215,-0.361,-0.003,-0.042,-0.001,0.000,0.000,0.000,0.12000,-0.12000,-0.12000,0.00000,0.00000,0.00000,0,1.000
144010,37.3165,-41.0560,-4.3720,-0.019,0.009,-0.395,0.003,-0.043,0.002,0.000,0.000,-0.000,0.12000,-0.12000,-0.12000,0.00000,0.00000,0.00000,0,1.000
144018,37.3180,-41.0535,-4.3684,0.372,-0.061,-0.293,-0.004,-0.026,-0.017,0.000,-0.000,-0.000,0.12000,-0.12000,-0.12000,0.00000,0.00000,0.00000,0,1.000
144026,37.3161,-41.0532,-4.3698,0.172,-0.048,-0.106,-0.003,-0.024,-0.021,0.000,-0.000,-0.000,0.12000,-0.12000,-0.12000,0.00000,0.00000,0.00000,0,1.000
144034,37.3160,-41.0523,-4.3692,0.372,-0.191,-0.163,-0.021,-0.010,-0.031,0.000,-0.000,-0.000,0.12000,-0.12000,-0.12000,0.00000,0.00000,0.00000,0,1.000
144042,37.3166,-41.0527,-4.3689,0.178,0.021,0.136,-0.005,0.002,-0.020,0.000,-0.000,-0.000,0.12000,-0.12000,-0.12000,0.00000,0.00000,0.00000,0,1.000
144049,37.3187,-41.0525,-4.3669,-0.013,-0.008,-0.067,-0.007,0.015,-0.015,0.000,-0.000,-0.000,0.12000,-0.12000,-0.12000,0.00000,0.00000,0.00000,0,1.000
144057,37.3216,-41.0507,-4.3628,0.143,-0.185,0.272,-0.005,0.025,-0.022,0.000,-0.000,-0.000,0.12000,-0.12000,-0.12000,0.00000,0.00000,0.00000,0,1.000
144065,37.3231,-41.0505,-4.3612,0.163,-0.219,0.497,-0.009,0.037,-0.004,0.000,-0.000,-0.000,0.12000,-0.12000,-0.12000,0.00000,0.00000,0.00000,0,1.000
144072,37.3251,-41.0515,-4.3604,0.163,-0.217,0.496,0.002,0.017,0.000,0.000,0.000,-0.000,0.12000,-0.12000,-0.12000,0.00000,0.00000,0.00000,0,1.000
144080,37.3240,-41.0521,-4.3620,0.318,-0.007,0.448,0.000,0.018,0.010,0.000,0.000,-0.000,0.12000,-0.12000,-0.12000,0.00000,0.00000,0.00000,0,1.000
144088,37.3223,-41.0539,-4.3650,0.552,-0.157,0.470,-0.002,0.006,0.015,0.000,0.000,-0.000,0.12000,-0.12000,-0.12000,0.00000,0.00000,0.00000,0,1.000
144096,37.3204,-41.0557,-4.3683,0.807,0.047,0.328,-0.010,-0.002,0.011,0.000,0.000,-0.000,0.12000,-0.12000,-0.12000,0.00000,0.00000,0.00000,0,1.000
144104,37.3184,-41.0572,-4.3714,0.821,-0.013,0.269,0.006,-0.034,0.025,0.000,0.000,-0.000,0.12000,-0.12000,-0.12000,0.00000,0.00000,0.00000,0,1.000
144111,37.3150,-41.0581,-4.3752,0.480,-0.228,0.400,0.016,-0.034,0.020,0.000,-0.000,-0.000,0.12000,-0.12000,-0.12000,0.00000,0.00000,0.00000,0,1.000
144119,37.3108,-41.0594,-4.3801,0.621,-0.174,0.628,0.019,-0.019,0.016,0.000,-0.000,-0.000,0.12000,-0.12000,-0.12000,0.00000,0.00000,0.00000,0,1.000
144127,37.3088,-41.0584,-4.3809,0.800,-0.369,0.433,0.027,-0.037,0.005,0.000,-0.000,-0.000,0.12000,-0.12000,-0.12000,0.00000,0.00000,0.00000,0,1.000
144134,37.3090,-41.0546,-4.3774,0.816,-0.257,0.200,0.026,-0.020,-0.004,0.000,-0.000,-0.000,0.12000,-0.12000,-0.12000,0.00000,0.00000,0.00000,0,1.000
144142,37.3104,-41.0513,-4.3731,0.667,-0.053,0.144,0.018,-0.009,-0.014,0.000,-0.000,-0.000,0.12000,-0.12000,-0.12000,0.00000,0.00000,0.00000,0,1.000
144150,37.3097,-41.0487,-4.3713,0.732,-0.095,0.016,0.014,0.005,-0.014,0.000,-0.000,-0.000,0.12000,-0.12000,-0.12000,0.00000,0.00000,0.00000,0,1.000
144158,37.3109,-41.0455,-4.3674,0.448,0.210,-0.111,-0.008,0.017,-0.008,0.000,-0.000,-0.000,0.12000,-0.12000,-0.12000,0.00000,0.00000,0.00000,0,1.000
144166,37.3098,-41.0434,-4.3665,0.378,0.095,-0.138,-0.011,0.044,0.012,0.000,-0.000,-0.000,0.12000,-0.12000,-0.12000,0.00000,0.00000,0.00000,0,1.000
144174,37.3086,-41.0437,-4.3679,-0.020,0.208,0.148,-0.007,0.055,-0.000,0.000,0.000,-0.000,0.12000,-0.12000,-0.12000,0.00000,0.00000,0.00000,0,1.000
144182,37.3072,-41.0445,-4.3698,-0.249,0.211,0.584,-0.014,0.042,0.018,0.000,0.000,-0.000,0.12000,-0.12000,-0.12000,0.00000,0.00000,0.00000,0,1.000
144189,37.3062,-41.0463,-4.3723,-0.697,0.608,0.635,-0.005,0.028,0.027,0.000,0.000,-0.000,0.12000,-0.12000,-0.12000,0.00000,0.00000,0.00000,0,1.000
144197,37.3057,-41.0452,-4.3717,-0.739,0.788,0.815,-0.012,0.008,0.016,0.000,0.000,-0.000,0.12000,-0.12000,-0.12000,0.00000,0.00000,0.00000,0,1.000
144205,37.3056,-41.0450,-4.3716,-0.823,0.992,0.589,-0.002,-0.002,0.006,0.000,0.000,-0.000,0.12000,-0.12000,-0.12000,0.00000,0.00000,0.00000,0,1.000
144213,37.3034,-41.0467,-4.3751,-0.957,0.963,0.646,-0.005,-0.010,0.017,0.000,0.000,-0.000,0.12000,-0.12000,-0.12000,0.00000,0.00000,0.00000,0,1.000
144220,37.3017,-41.0478,-4.3777,-0.956,1.048,0.560,-0.010,-0.023,-0.001,0.000,0.000,0.000,0.12000,-0.12000,-0.12000,0.00000,0.00000,0.00000,0,1.000
144228,37.2984,-41.0510,-4.3834,-0.800,0.955,0.814,-0.011,-0.031,0.006,0.000,0.000,0.000,0.12000,-0.12000,-0.12000,0.00000,0.00000,0.00000,0,1.000
144236,37.2958,-41.0543,-4.3888,-0.920,0.909,0.768,0.003,-0.044,-0.007,0.000,0.000,-0.000,0.12000,-0.12000,-0.12000,0.00000,0.00000,0.00000,0,1.000
144244,37.2922,-41.0607,-4.3977,-0.962,0.632,0.665,0.000,-0.018,-0.005,0.000,-0.000,-0.000,0.12000,-0.12000,-0.12000,0.00000,0.00000,0.00000,0,1.000
144251,37.2920,-41.0648,-4.4016,-0.863,0.669,0.529,0.005,-0.024,-0.017,0.000,-0.000,-0.000,0.12000,-0.12000,-0.12000,0.00000,0.00000,0.00000,0,1.000
144259,37.2922,-41.0708,-4.4069,-1.055,0.683,0.283,0.005,-0.014,-0.013,0.000,-0.000,-0.000,0.12000,-0.12000,-0.12000,0.00000,0.00000,0.00000,0,1.000
144267,37.2922,-41.0756,-4.4111,-1.381,0.668,0.096,0.005,0.005,0.000,0.000,-0.000,-0.000,0.12000,-0.12000,-0.12000,0.00000,0.00000,0.00000,0,1.000
144275,37.2951,-41.0784,-4.4111,-1.109,0.398,-0.434,0.014,0.032,-0.008,0.000,-0.000,-0.000,0.12000,-0.12000,-0.12000,0.00000,0.00000,0.00000,0,1.000
144282,37.2975,-41.0826,-4.4129,-1.117,0.329,-0.675,0.002,0.054,0.005,0.000,0.000,-0.000,0.12000,-0.12000,-0.12000,0.00000,0.00000,0.00000,0,1.000
144290,37.2998,-41.0867,-4.4146,-0.884,0.395,-0.869,-0.001,0.055,0.006,0.000,0.000,-0.000,0.12000,-0.12000,-0.12000,0.00000,0.00000,0.00000,0,1.000
144298,37.3009,-41.0905,-4.4170,-0.744,0.235,-0.425,-0.004,0.047,0.002,0.000,0.000,-0.000,0.12000,-0.12000,-0.12000,0.00000,0.00000,0.00000,0,1.000
144306,37.3016,-41.0940,-4.4196,-0.666,0.047,-0.526,-0.012,0.040,0.007,0.000,0.000,-0.000,0.12000,-0.12000,-0.12000,0.00000,0.00000,0.00000,0,1.000
144314,37.3018,-41.0976,-4.4227,-0.567,-0.132,-0.446,-0.008,0.020,0.005,0.000,0.000,-0.000,0.12000,-0.12000,-0.12000,0.00000,0.00000,0.00000,0,1.000
144321,37.3042,-41.0981,-4.4211,-0.362,0.011,-0.477,-0.016,0.008,0.000,0.000,0.000,-0.000,0.12000,-0.12000,-0.12000,0.00000,0.00000,0.00000,0,1.000
144329,37.3043,-41.0988,-4.4216,-0.028,-0.275,-0.418,-0.010,-0.025,-0.008,0.000,0.000,-0.000,0.12000,-0.12000,-0.12000,0.00000,0.00000,0.00000,0,1.000
144337,37.3075,-41.0961,-4.4163,0.602,-0.124,-0.354,-0.005,-0.042,-0.009,0.000,0.000,-0.000,0.12000,-0.12000,-0.12000,0.00000,0.00000,0.00000,0,1.000
144344,37.3092,-41.0949,-4.4137,0.880,-0.627,-0.340,0.003,-0.041,-0.008,-0.000,0.000,-0.000,0.12000,-0.12000,-0.12000,0.00000,0.00000,0.00000,0,1.000
144352,37.3135,-41.0917,-4.4070,1.361,-0.358,-0.245,0.003,-0.051,-0.004,0.000,0.000,-0.000,0.12000,-0.12000,-0.12000,0.00000,0.00000,0.00000,0,1.000
144360,37.3153,-41.0914,-4.4052,1.131,-0.007,-0.154,0.018,-0.049,-0.009,0.000,-0.000,-0.000,0.12000,-0.12000,-0.12000,0.00000,0.00000,0.00000,0,1.000
144368,37.3209,-41.0884,-4.3975,1.187,-0.091,0.192,0.012,-0.049,-0.011,0.000,-0.000,-0.000,0.12000,-0.12000,-0.12000,0.00000,0.00000,0.00000,0,1.000
144376,37.3245,-41.0859,-4.3921,1.257,0.024,0.219,0.017,-0.036,-0.007,0.000,-0.000,-0.000,0.12000,-0.12000,-0.12000,0.00000,0.00000,0.00000,0,1.000
144383,37.3269,-41.0818,-4.3863,1.184,0.195,0.649,0.016,-0.012,-0.010,0.000,-0.000,-0.000,0.12000,-0.12000,-0.12000,0.00000,0.00000,0.00000,0,1.000
144391,37.3274,-41.0778,-4.3822,1.150,0.246,0.527,0.023,0.012,-0.020,0.000,-0.000,-0.000,0.12000,-0.12000,-0.12000,0.00000,0.00000,0.00000,0,1.000
144399,37.3273,-41.0714,-4.3765,1.372,0.197,0.565,0.009,0.015,0.010,0.000,-0.000,-0.000,0.12000,-0.12000,-0.12000,0.00000,0.00000,0.00000,0,1.000
144406,37.3269,-41.0656,-4.3716,1.261,-0.195,0.432,-0.002,0.047,0.001,0.000,-0.000,-0.000,0.12000,-0.12000,-0.12000,0.00000,0.00000,0.00000,0,1.000
144414,37.3244,-41.0613,-4.3699,1.277,-0.213,0.329,-0.013,0.050,0.024,0.000,0.000,-0.000,0.12000,-0.12000,-0.12000,0.00000,0.00000,0.00000,0,1.000
144422,37.3222,-41.0575,-4.3684,0.950,-0.031,0.685,-0.006,0.050,0.021,0.000,0.000,-0.000,0.12000,-0.12000,-0.12000,0.00000,0.00000,0.00000,0,1.000
144430,37.3164,-41.0576,-4.3736,0.851,-0.111,0.864,-0.011,0.031,0.021,0.000,0.000,-0.000,0.12000,-0.12000,-0.12000,0.00000,0.00000,0.00000,0,1.000
144438,37.3093,-41.0608,-4.3827,0.326,-0.243,0.993,0.002,0.006,0.010,0.000,0.000,-0.000,0.12000,-0.12000,-0.12000,0.00000,0.00000,0.00000,0,1.000
144445,37.3052,-41.0604,-4.3859,0.078,-0.033,1.031,-0.003,-0.001,0.010,0.000,0.000,-0.000,0.12000,-0.12000,-0.12000,0.00000,0.00000,0.00000,0,1.000
144453,37.2998,-41.0618,-4.3920,-0.112,-0.107,0.872,0.001,-0.011,-0.005,0.000,0.000,-0.000,0.12000,-0.12000,-0.12000,0.00000,0.00000,0.00000,0,1.000
144461,37.2968,-41.0624,-4.3952,-0.238,-0.179,0.541,0.006,-0.026,-0.003,0.000,0.000,-0.000,0.12000,-0.12000,-0.12000,0.00000,0.00000,0.00000,0,1.000
144469,37.2935,-41.0648,-4.4002,-0.344,-0.199,0.349,0.008,-0.028,-0.008,0.000,0.000,-0.000,0.12000,-0.12000,-0.12000,0.00000,0.00000,0.00000,0,1.000
144476,37.2914,-41.0670,-4.4041,-0.464,0.014,0.045,0.019,-0.020,-0.014,0.000,0.000,-0.000,0.12000,-0.12000,-0.12000,0.00000,0.00000,0.00000,0,1.000
144484,37.2885,-41.0702,-4.4095,-0.409,0.231,0.090,0.012,-0.029,-0.023,0.000,0.000,-0.000,0.12000,-0.12000,-0.12000,0.00000,0.00000,0.00000,0,1.000
144492,37.2858,-41.0728,-4.4143,-0.629,0.235,0.095,0.016,-0.025,-0.021,0.000,-0.000,-0.000,0.12000,-0.12000,-0.12000,0.00000,0.00000,0.00000,0,1.000
144500,37.2842,-41.0746,-4.4174,-1.025,0.062,-0.077,0.005,-0.011,-0.017,0.000,-0.000,-0.000,0.12000,-0.12000,-0.12000,0.00000,0.00000,0.00000,0,1.000
144508,37.2833,-41.0755,-4.4190,-0.840,0.324,-0.419,0.009,-0.012,-0.031,0.000,-0.000,-0.000,0.12000,-0.12000,-0.12000,0.00000,0.00000,0.00000,0,1.000
144515,37.2839,-41.0769,-4.4197,-0.910,0.210,-0.446,0.009,0.001,-0.004,0.000,-0.000,-0.000,0.12000,-0.12000,-0.12000,0.00000,0.00000,0.00000,0,1.000
144523,37.2855,-41.0776,-4.4190,-1.209,0.489,-0.426,0.008,0.021,-0.000,0.000,-0.000,-0.000,0.12000,-0.12000,-0.12000,0.00000,0.00000,0.00000,0,1.000
144531,37.2861,-41.0785,-4.4192,-0.925,0.615,-0.731,-0.003,0.028,0.007,0.000,0.000,-0.000,0.12000,-0.12000,-0.12000,0.00000,0.00000,0.00000,0,1.000
144539,37.2862,-41.0797,-4.4202,-0.925,0.571,-0.687,0.002,0.018,0.031,0.000,0.000,-0.000,0.12000,-0.12000,-0.12000,0.00000,0.00000,0.00000,0,1.000
144546,37.2863,-41.0808,-4.4211,-1.080,0.576,-0.854,-0.008,0.018,0.039,0.000,0.000,-0.000,0.12000,-0.12000,-0.12000,0.00000,0.00000,0.00000,0,1.000
144554,37.2847,-41.0841,-4.4255,-0.840,0.538,-0.632,-0.014,0.023,0.038,0.000,0.000,-0.000,0.12000,-0.12000,-0.12000,0.00000,0.00000,0.00000,0,1.000
144562,37.2869,-41.0843,-4.4237,-0.825,0.650,-0.865,-0.019,0.008,0.021,0.000,0.000,-0.000,0.12000,-0.12000,-0.12000,0.00000,0.00000,0.00000,0,1.000
144569,37.2914,-41.0844,-4.4198,-0.811,0.461,-0.796,-0.016,-0.019,0.035,0.000,0.000,0.000,0.12000,-0.12000,-0.12000,0.00000,0.00000,0.00000,0,1.000
144577,37.2977,-41.0830,-4.4130,-0.718,0.256,-1.002,-0.016,-0.011,0.032,0.000,0.000,0.000,0.12000,-0.12000,-0.12000,0.00000,0.00000,0.00000,0,1.000
144585,37.3029,-41.0826,-4.4081,-0.724,0.144,-1.200,-0.011,-0.015,0.015,0.000,0.000,0.000,0.12000,-0.12000,-0.12000,0.00000,0.00000,0.00000,0,1.000
144593,37.3105,-41.0803,-4.3994,-0.625,0.096,-1.251,-0.005,-0.016,-0.012,0.000,0.000,0.000,0.12000,-0.12000,-0.12000,0.00000,0.00000,0.00000,0,1.000
144602,37.3194,-41.0790,-4.3903,-0.562,0.055,-1.379,-0.001,-0.007,-0.018,0.000,0.000,0.000,0.12000,-0.12000,-0.12000,0.00000,0.00000,0.00000,0,1.000
144609,37.3279,-41.0771,-4.3811,-0.591,0.134,-1.216,0.008,-0.009,-0.048,0.000,0.000,0.000,0.12000,-0.12000,-0.12000,0.00000,0.00000,0.00000,0,1.000
144617,37.3353,-41.0752,-4.3729,-0.486,0.198,-1.068,0.008,-0.004,-0.052,0.000,0.000,-0.000,0.12000,-0.12000,-0.12000,0.00000,0.00000,0.00000,0,1.000
144625,37.3423,-41.0724,-4.3642,-0.352,0.098,-0.997,0.001,-0.002,-0.036,0.000,0.000,-0.000,0.12000,-0.12000,-0.12000,0.00000,0.00000,0.00000,0,1.000
144633,37.3491,-41.0690,-4.3551,-0.366,-0.186,-0.592,0.006,0.001,-0.045,0.000,0.000,-0.000,0.12000,-0.12000,-0.12000,0.00000,0.00000,0.00000,0,1.000
144641,37.3531,-41.0668,-4.3496,-0.275,-0.236,-0.211,-0.001,0.003,-0.024,0.000,0.000,-0.000,0.12000,-0.12000,-0.12000,0.00000,0.00000,0.00000,0,1.000
144649,37.3579,-41.0625,-4.3416,-0.083,-0.119,-0.096,-0.001,-0.004,-0.012,0.000,0.000,-0.000,0.12000,-0.12000,-0.12000,0.00000,0.00000,0.00000,0,1.000
144657,37.3584,-41.0617,-4.3403,-0.013,-0.351,0.276,-0.010,-0.005,0.004,0.000,0.000,-0.000,0.12000,-0.12000,-0.12000,0.00000,0.00000,0.00000,0,1.000
144665,37.3586,-41.0595,-4.3382,0.349,-0.214,0.412,-0.003,-0.016,0.019,0.000,0.000,-0.000,0.12000,-0.12000,-0.12000,0.00000,0.00000,0.00000,0,1.000
144673,37.3590,-41.0578,-4.3363,0.540,-0.443,0.873,-0.015,-0.006,0.040,0.000,-0.000,-0.000,0.12000,-0.12000,-0.12000,0.00000,0.00000,0.00000,0,1.000
144680,37.3601,-41.0572,-4.3348,0.596,-0.397,1.089,-0.019,-0.013,0.045,0.000,-0.000,-0.000,0.12000,-0.12000,-0.12000,0.00000,0.00000,0.00000,0,1.000
144688,37.3580,-41.0589,-4.3382,0.666,-0.326,1.159,-0.006,0.022,0.044,0.000,-0.000,-0.000,0.12000,-0.12000,-0.12000,0.00000,0.00000,0.00000,0,1.000
144696,37.3546,-41.0621,-4.3441,0.425,-0.460,1.112,-0.015,-0.008,0.043,0.000,0.000,0.000,0.12000,-0.12000,-0.12000,0.00000,0.00000,0.00000,0,1.000
144703,37.3524,-41.0637,-4.3474,0.651,-0.395,1.349,0.006,0.027,0.050,0.000,0.000,0.000,0.12000,-0.12000,-0.12000,0.00000,0.00000,0.00000,0,1.000
144711,37.3492,-41.0661,-4.3524,0.296,-0.289,1.281,0.017,0.030,0.029,0.000,0.000,0.000,0.12000,-0.12000,-0.12000,0.00000,0.00000,0.00000,0,1.000
144719,37.3435,-41.0680,-4.3592,0.510,-0.622,1.294,0.021,0.027,0.025,0.000,0.000,0.000,0.12000,-0.12000,-0.12000,0.00000,0.00000,0.00000,0,1.000
144727,37.3399,-41.0689,-4.3631,0.624,-0.645,1.098,0.009,0.027,0.007,0.000,0.000,0.000,0.12000,-0.12000,-0.12000,0.00000,0.00000,0.00000,0,1.000
144735,37.3352,-41.0712,-4.3694,0.730,-0.367,1.031,0.012,0.022,-0.008,0.000,0.000,0.000,0.12000,-0.12000,-0.12000,0.00000,0.00000,0.00000,0,1.000
144742,37.3282,-41.0738,-4.3779,0.624,-0.517,0.969,-0.004,0.004,-0.025,0.000,0.000,0.000,0.12000,-0.12000,-0.12000,0.00000,0.00000,0.00000,0,1.000
144750,37.3216,-41.0760,-4.3857,0.489,-0.460,0.941,-0.007,-0.008,-0.043,0.000,0.000,0.000,0.12000,-0.12000,-0.12000,0.00000,0.00000,0.00000,0,1.000
144758,37.3135,-41.0794,-4.3960,0.489,-0.417,0.898,0.004,-0.017,-0.054,0.000,0.000,0.000,0.12000,-0.12000,-0.12000,0.00000,0.00000,0.00000,0,1.000
144765,37.3055,-41.0828,-4.4060,0.178,-0.537,0.694,0.001,-0.019,-0.053,0.000,0.000,-0.000,0.12000,-0.12000,-0.12000,0.00000,0.00000,0.00000,0,1.000
144773,37.2971,-41.0848,-4.4152,0.129,-0.427,0.633,0.002,-0.026,-0.048,0.000,0.000,-0.000,0.12000,-0.12000,-0.12000,0.00000,0.00000,0.00000,0,1.000
144781,37.2891,-41.0865,-4.4238,0.223,-0.547,0.342,0.000,-0.029,-0.025,0.000,0.000,-0.000,0.12000,-0.12000,-0.12000,0.00000,0.00000,0.00000,0,1.000
144789,37.2823,-41.0884,-4.4315,0.003,-0.113,-0.084,-0.006,-0.041,-0.003,0.000,-0.000,-0.000,0.12000,-0.12000,-0.12000,0.00000,0.00000,0.00000,0,1.000
144797,37.2762,-41.0900,-4.4383,0.074,-0.130,0.073,0.011,-0.027,0.018,0.000,-0.000,-0.000,0.12000,-0.12000,-0.12000,0.00000,0.00000,0.00000,0,1.000
144804,37.2735,-41.0896,-4.4404,0.060,0.145,-0.082,0.003,-0.023,0.031,0.000,-0.000,-0.000,0.12000,-0.12000,-0.12000,0.00000,0.00000,0.00000,0,1.000
144812,37.2699,-41.0905,-4.4443,-0.054,0.383,-0.101,0.008,-0.006,0.043,0.000,-0.000,-0.000,0.12000,-0.12000,-0.12000,0.00000,0.00000,0.00000,0,1.000
144820,37.2686,-41.0906,-4.4456,-0.388,0.583,-0.073,0.008,0.018,0.038,0.000,-0.000,-0.000,0.12000,-0.12000,-0.12000,0.00000,0.00000,0.00000,0,1.000
144827,37.2722,-41.0895,-4.4414,-0.311,0.939,0.024,0.006,0.033,0.050,0.000,-0.000,0.000,0.12000,-0.12000,-0.12000,0.00000,0.00000,0.00000,0,1.000
144835,37.2755,-41.0875,-4.4367,-0.466,0.901,-0.101,-0.003,0.048,0.031,0.000,0.000,0.000,0.12000,-0.12000,-0.12000,0.00000,0.00000,0.00000,0,1.000
144843,37.2808,-41.0849,-4.4296,-0.536,1.046,-0.388,-0.006,0.053,0.026,0.000,0.000,0.000,0.12000,-0.12000,-0.12000,0.00000,0.00000,0.00000,0,1.000
144851,37.2826,-41.0844,-4.4276,-0.726,0.800,-0.374,-0.014,0.042,0.014,0.000,0.000,0.000,0.12000,-0.12000,-0.12000,0.00000,0.00000,0.00000,0,1.000
144859,37.2862,-41.0820,-4.4223,-0.690,0.835,-0.339,0.001,0.018,-0.010,0.000,0.000,0.000,0.12000,-0.12000,-0.12000,0.00000,0.00000,0.00000,0,1.000
144867,37.2889,-41.0818,-4.4197,-1.059,0.784,-0.131,-0.009,0.000,-0.023,0.000,0.000,0.000,0.12000,-0.12000,-0.12000,0.00000,0.00000,0.00000,0,1.000
144874,37.2915,-41.0822,-4.4178,-1.036,0.336,-0.235,0.025,-0.005,-0.041,0.000,0.000,0.000,0.12000,-0.12000,-0.12000,0.00000,0.00000,0.00000,0,1.000
144882,37.2938,-41.0834,-4.4168,-0.936,0.114,-0.112,0.013,-0.042,-0.039,0.000,0.000,0.000,0.12000,-0.12000,-0.12000,0.00000,0.00000,0.00000,0,1.000
144890,37.2959,-41.0849,-4.4164,-1.022,0.147,-0.166,0.002,-0.043,-0.041,0.000,0.000,-0.000,0.12000,-0.12000,-0.12000,0.00000,0.00000,0.00000,0,1.000
144897,37.2965,-41.0876,-4.4182,-1.028,-0.051,-0.278,0.008,-0.041,-0.024,0.000,0.000,-0.000,0.12000,-0.12000,-0.12000,0.00000,0.00000,0.00000,0,1.000
144905,37.2961,-41.0915,-4.4222,-1.164,0.051,-0.350,0.002,-0.044,-0.027,0.000,-0.000,-0.000,0.12000,-0.12000,-0.12000,0.00000,0.00000,0.00000,0,1.000
144913,37.2976,-41.0949,-4.4239,-1.185,-0.001,-0.488,0.007,-0.030,-0.017,0.000,-0.000,-0.000,0.12000,-0.12000,-0.12000,0.00000,0.00000,0.00000,0,1.000
144921,37.3001,-41.0990,-4.4254,-1.265,0.102,-0.299,-0.004,-0.009,0.007,0.000,-0.000,-0.000,0.12000,-0.12000,-0.12000,0.00000,0.00000,0.00000,0,1.000
144928,37.3041,-41.0999,-4.4227,-1.031,0.168,-0.494,-0.015,-0.005,0.013,0.000,-0.000,-0.000,0.12000,-0.12000,-0.12000,0.00000,0.00000,0.00000,0,1.000
144936,37.3055,-41.1036,-4.4249,-1.111,0.357,-0.391,-0.005,0.013,0.023,0.000,-0.000,-0.000,0.12000,-0.12000,-0.12000,0.00000,0.00000,0.00000,0,1.000
144944,37.3072,-41.1051,-4.4247,-0.792,0.304,-0.445,-0.014,0.032,0.019,0.000,-0.000,-0.000,0.12000,-0.12000,-0.12000,0.00000,0.00000,0.00000,0,1.000
144952,37.3081,-41.1081,-4.4267,-0.672,0.048,-0.097,-0.005,0.037,0.024,0.000,-0.000,-0.000,0.12000,-0.12000,-0.12000,0.00000,0.00000,0.00000,0,1.000
144959,37.3090,-41.1091,-4.4267,-0.282,0.151,-0.167,-0.006,0.055,0.026,0.000,0.000,0.000,0.12000,-0.12000,-0.12000,0.00000,0.00000,0.00000,0,1.000
144967,37.3100,-41.1088,-4.4256,-0.013,0.121,-0.196,-0.006,0.034,-0.000,0.000,0.000,0.000,0.12000,-0.12000,-0.12000,0.00000,0.00000,0.00000,0,1.000
144975,37.3093,-41.1100,-4.4273,0.093,-0.204,0.341,-0.015,0.020,-0.005,0.000,0.000,0.000,0.12000,-0.12000,-0.12000,0.00000,0.00000,0.00000,0,1.000
144983,37.3090,-41.1109,-4.4284,0.462,-0.412,0.391,-0.000,0.004,-0.014,0.000,0.000,0.000,0.12000,-0.12000,-0.12000,0.00000,0.00000,0.00000,0,1.000
144990,37.3068,-41.1132,-4.4324,0.667,-0.313,0.404,-0.013,-0.021,-0.028,0.000,0.000,-0.000,0.12000,-0.12000,-0.12000,0.00000,0.00000,0.00000,0,1.000
144998,37.3050,-41.1145,-4.4352,0.950,-0.445,0.359,-0.017,-0.037,-0.022,0.000,0.000,-0.000,0.12000,-0.12000,-0.12000,0.00000,0.00000,0.00000,0,1.000
145006,37.3057,-41.1142,-4.4344,0.829,-0.317,0.140,0.005,-0.068,-0.026,0.000,0.000,-0.000,0.12000,-0.12000,-0.12000,0.00000,0.00000,0.00000,0,1.000
145014,37.3021,-41.1161,-4.4392,0.914,-0.479,0.324,0.002,-0.062,-0.013,0.000,-0.000,-0.000,0.12000,-0.12000,-0.12000,0.00000,0.00000,0.00000,0,1.000
145022,37.3013,-41.1153,-4.4392,1.189,-0.396,0.494,0.023,-0.065,-0.005,0.000,-0.000,-0.000,0.12000,-0.12000,-0.12000,0.00000,0.00000,0.00000,0,1.000
145029,37.2989,-41.1148,-4.4408,1.225,-0.361,0.529,0.023,-0.048,-0.004,0.000,-0.000,-0.000,0.12000,-0.12000,-0.12000,0.00000,0.00000,0.00000,0,1.000
145309,37.3009,-41.1207,-4.4444,-0.368,-0.247,0.211,0.010,-0.025,0.023,0.000,-0.000,-0.000,0.12000,-0.12000,-0.12000,0.00000,0.00000,0.00000,0,1.000
145316,37.2988,-41.1241,-4.4494,-0.228,-0.321,0.568,-0.004,-0.031,0.039,0.000,-0.000,-0.000,0.12000,-0.12000,-0.12000,0.00000,0.00000,0.00000,0,1.000
145325,37.2947,-41.1290,-4.4573,-0.278,-0.468,0.765,0.004,-0.011,0.024,0.000,-0.000,0.000,0.12000,-0.12000,-0.12000,0.00000,0.00000,0.00000,0,1.000
145332,37.2901,-41.1316,-4.4637,0.070,-0.815,0.764,-0.014,-0.005,0.019,0.000,-0.000,0.000,0.12000,-0.12000,-0.12000,0.00000,0.00000,0.00000,0,1.000
145340,37.2875,-41.1313,-4.4657,0.467,-0.686,0.978,-0.023,0.014,0.005,0.000,-0.000,0.000,0.12000,-0.12000,-0.12000,0.00000,0.00000,0.00000,0,1.000
145348,37.2852,-41.1324,-4.4688,0.730,-0.741,0.664,-0.028,0.016,-0.003,0.000,-0.000,0.000,0.12000,-0.12000,-0.12000,0.00000,0.00000,0.00000,0,1.000
145355,37.2817,-41.1334,-4.4728,0.950,-0.573,0.488,-0.020,0.036,-0.014,0.000,-0.000,0.000,0.12000,-0.12000,-0.12000,0.00000,0.00000,0.00000,0,1.000
145363,37.2805,-41.1330,-4.4735,1.219,-0.386,0.243,-0.026,0.046,-0.024,0.000,-0.000,0.000,0.12000,-0.12000,-0.12000,0.00000,0.00000,0.00000,0,1.000
145371,37.2785,-41.1321,-4.4744,1.460,-0.295,0.334,-0.035,0.053,-0.024,0.000,0.000,-0.000,0.12000,-0.12000,-0.12000,0.00000,0.00000,0.00000,0,1.000
145379,37.2769,-41.1314,-4.4752,1.459,-0.252,0.291,-0.022,0.056,-0.021,0.000,0.000,-0.000,0.12000,-0.12000,-0.12000,0.00000,0.00000,0.00000,0,1.000
145386,37.2754,-41.1309,-4.4761,1.330,-0.082,0.462,-0.000,0.029,-0.025,0.000,0.000,-0.000,0.12000,-0.12000,-0.12000,0.00000,0.00000,0.00000,0,1.000
145394,37.2727,-41.1313,-4.4788,1.344,-0.012,0.273,0.024,-0.003,-0.028,0.000,0.000,-0.000,0.12000,-0.12000,-0.12000,0.00000,0.00000,0.00000,0,1.000
145402,37.2706,-41.1296,-4.4792,1.210,-0.085,0.374,0.048,-0.023,-0.009,0.000,0.000,-0.000,0.12000,-0.12000,-0.12000,0.00000,0.00000,0.00000,0,1.000
145410,37.2687,-41.1265,-4.4780,1.204,-0.069,0.046,0.039,-0.047,-0.007,0.000,0.000,-0.000,0.12000,-0.12000,-0.12000,0.00000,0.00000,0.00000,0,1.000
145417,37.2687,-41.1205,-4.4726,1.170,-0.148,0.053,0.057,-0.064,0.006,0.000,0.000,-0.000,0.12000,-0.12000,-0.12000,0.00000,0.00000,0.00000,0,1.000
145425,37.2673,-41.1166,-4.4703,0.881,-0.215,-0.013,0.056,-0.046,0.015,0.000,-0.000,-0.000,0.12000,-0.12000,-0.12000,0.00000,0.00000,0.00000,0,1.000
145433,37.2664,-41.1121,-4.4670,0.817,-0.261,0.201,0.040,-0.048,0.024,0.000,-0.000,-0.000,0.12000,-0.12000,-0.12000,0.00000,0.00000,0.00000,0,1.000
145440,37.2666,-41.1084,-4.4634,0.563,-0.076,-0.046,0.030,-0.033,0.023,0.000,-0.000,-0.000,0.12000,-0.12000,-0.12000,0.00000,0.00000,0.00000,0,1.000
145448,37.2645,-41.1066,-4.4636,0.364,-0.064,0.140,0.009,-0.015,0.007,0.000,-0.000,-0.000,0.12000,-0.12000,-0.12000,0.00000,0.00000,0.00000,0,1.000
145456,37.2628,-41.1061,-4.4648,0.186,0.174,0.292,-0.010,0.010,-0.006,0.000,-0.000,-0.000,0.12000,-0.12000,-0.12000,0.00000,0.00000,0.00000,0,1.000
145464,37.2639,-41.1038,-4.4617,0.066,0.343,0.030,-0.034,0.037,-0.007,0.000,-0.000,-0.000,0.12000,-0.12000,-0.12000,0.00000,0.00000,0.00000,0,1.000
145472,37.2661,-41.1008,-4.4570,-0.103,0.236,0.095,-0.052,0.033,0.006,0.000,-0.000,-0.000,0.12000,-0.12000,-0.12000,0.00000,0.00000,0.00000,0,1.000
145480,37.2669,-41.0993,-4.4549,-0.322,0.369,-0.030,-0.045,0.041,-0.001,0.000,-0.000,-0.000,0.12000,-0.12000,-0.12000,0.00000,0.00000,0.00000,0,1.000
145487,37.2695,-41.0965,-4.4501,-0.406,0.402,-0.084,-0.059,0.035,0.002,0.000,0.000,-0.000,0.12000,-0.12000,-0.12000,0.00000,0.00000,0.00000,0,1.000
145495,37.2722,-41.0928,-4.4444,-0.476,0.417,-0.242,-0.039,0.018,0.001,0.000,0.000,-0.000,0.12000,-0.12000,-0.12000,0.00000,0.00000,0.00000,0,1.000
145503,37.2741,-41.0919,-4.4419,-0.589,0.570,-0.175,-0.016,0.008,0.001,0.000,0.000,-0.000,0.12000,-0.12000,-0.12000,0.00000,0.00000,0.00000,0,1.000
145510,37.2750,-41.0914,-4.4406,-1.084,0.318,-0.168,-0.001,-0.006,-0.008,0.000,0.000,-0.000,0.12000,-0.12000,-0.12000,0.00000,0.00000,0.00000,0,1.000
145518,37.2776,-41.0915,-4.4384,-1.219,0.505,-0.326,0.021,-0.016,-0.012,0.000,0.000,-0.000,0.12000,-0.12000,-0.12000,0.00000,0.00000,0.00000,0,1.000
145526,37.2793,-41.0930,-4.4383,-1.368,0.537,-0.209,0.030,-0.027,-0.020,0.000,0.000,-0.000,0.12000,-0.12000,-0.12000,0.00000,0.00000,0.00000,0,1.000
145534,37.2798,-41.0942,-4.4390,-1.608,0.359,-0.214,0.042,-0.025,-0.010,0.000,-0.000,-0.000,0.12000,-0.12000,-0.12000,0.00000,0.00000,0.00000,0,1.000
145542,37.2802,-41.0976,-4.4417,-1.424,0.190,-0.124,0.048,-0.025,-0.013,0.000,-0.000,-0.000,0.12000,-0.12000,-0.12000,0.00000,0.00000,0.00000,0,1.000
145550,37.2808,-41.1014,-4.4446,-1.510,0.137,-0.091,0.031,-0.029,-0.007,0.000,-0.000,-0.000,0.12000,-0.12000,-0.12000,0.00000,0.00000,0.00000,0,1.000
145557,37.2807,-41.1064,-4.4493,-1.284,0.289,0.061,0.017,-0.010,0.002,0.000,-0.000,-0.000,0.12000,-0.12000,-0.12000,0.00000,0.00000,0.00000,0,1.000
145565,37.2823,-41.1112,-4.4521,-1.306,0.281,-0.121,0.001,0.001,0.002,0.000,-0.000,-0.000,0.12000,-0.12000,-0.12000,0.00000,0.00000,0.00000,0,1.000
145573,37.2844,-41.1153,-4.4540,-1.193,0.215,-0.274,-0.013,0.016,0.006,0.000,-0.000,-0.000,0.12000,-0.12000,-0.12000,0.00000,0.00000,0.00000,0,1.000
145580,37.2856,-41.1203,-4.4575,-1.138,0.347,-0.143,-0.041,0.027,0.030,0.000,-0.000,-0.000,0.12000,-0.12000,-0.12000,0.00000,0.00000,0.00000,0,1.000
145588,37.2881,-41.1245,-4.4591,-1.154,0.451,-0.126,-0.051,0.028,0.034,0.000,-0.000,-0.000,0.12000,-0.12000,-0.12000,0.00000,0.00000,0.00000,0,1.000
145596,37.2893,-41.1296,-4.4627,-1.020,0.395,-0.097,-0.059,0.039,0.027,0.000,-0.000,-0.000,0.12000,-0.12000,-0.12000,0.00000,0.00000,0.00000,0,1.000
145604,37.2911,-41.1330,-4.4641,-0.851,0.416,-0.076,-0.045,0.021,0.018,0.000,0.000,0.000,0.12000,-0.12000,-0.12000,0.00000,0.00000,0.00000,0,1.000
145612,37.2925,-41.1345,-4.4643,-0.496,0.311,-0.009,-0.041,0.006,0.016,0.000,0.000,0.000,0.12000,-0.12000,-0.12000,0.00000,0.00000,0.00000,0,1.000
145620,37.2927,-41.1366,-4.4660,-0.256,0.230,0.255,-0.022,0.002,-0.009,0.000,0.000,0.000,0.12000,-0.12000,-0.12000,0.00000,0.00000,0.00000,0,1.000
145627,37.2961,-41.1357,-4.4622,-0.112,-0.042,0.068,0.007,-0.024,-0.018,0.000,0.000,0.000,0.12000,-0.12000,-0.12000,0.00000,0.00000,0.00000,0,1.000
145635,37.2931,-41.1368,-4.4659,-0.077,-0.051,0.146,0.021,-0.028,-0.014,0.000,-0.000,0.000,0.12000,-0.12000,-0.12000,0.00000,0.00000,0.00000,0,1.000
145643,37.2925,-41.1377,-4.4673,0.398,-0.153,0.303,0.022,-0.020,-0.020,0.000,-0.000,-0.000,0.12000,-0.12000,-0.12000,0.00000,0.00000,0.00000,0,1.000
145650,37.2915,-41.1390,-4.4693,0.277,-0.371,0.430,0.029,-0.026,-0.032,0.000,-0.000,-0.000,0.12000,-0.12000,-0.12000,0.00000,0.00000,0.00000,0,1.000
145658,37.2895,-41.1409,-4.4727,0.544,-0.072,0.815,0.029,-0.019,-0.015,0.000,-0.000,-0.000,0.12000,-0.12000,-0.12000,0.00000,0.00000,0.00000,0,1.000
145666,37.2864,-41.1439,-4.4783,0.409,-0.014,0.787,0.043,-0.021,-0.024,0.000,-0.000,-0.000,0.12000,-0.12000,-0.12000,0.00000,0.00000,0.00000,0,1.000
145674,37.2839,-41.1472,-4.4834,0.238,-0.293,1.025,0.044,-0.020,-0.020,0.000,-0.000,-0.000,0.12000,-0.12000,-0.12000,0.00000,0.00000,0.00000,0,1.000
145682,37.2778,-41.1509,-4.4922,0.358,-0.032,0.856,0.022,-0.007,-0.000,0.000,-0.000,-0.000,0.12000,-0.12000,-0.12000,0.00000,0.00000,0.00000,0,1.000
145689,37.2733,-41.1523,-4.4973,0.543,-0.158,0.903,0.008,0.006,0.002,0.000,-0.000,-0.000,0.12000,-0.12000,-0.12000,0.00000,0.00000,0.00000,0,1.000
145697,37.2698,-41.1530,-4.5011,0.933,0.116,0.661,-0.006,0.010,0.013,0.000,-0.000,-0.000,0.12000,-0.12000,-0.12000,0.00000,0.00000,0.00000,0,1.000
145705,37.2672,-41.1528,-4.5031,0.819,0.312,0.684,-0.019,0.010,0.014,0.000,-0.000,-0.000,0.12000,-0.12000,-0.12000,0.00000,0.00000,0.00000,0,1.000
145712,37.2631,-41.1543,-4.5081,0.919,0.348,0.549,-0.012,0.009,0.013,0.000,-0.000,-0.000,0.12000,-0.12000,-0.12000,0.00000,0.00000,0.00000,0,1.000
145720,37.2605,-41.1537,-4.5099,0.643,0.350,0.293,-0.037,0.012,0.018,0.000,-0.000,-0.000,0.12000,-0.12000,-0.12000,0.00000,0.00000,0.00000,0,1.000
145728,37.2592,-41.1528,-4.5102,0.743,0.257,0.287,-0.021,0.014,0.019,0.000,-0.000,-0.000,0.12000,-0.12000,-0.12000,0.00000,0.00000,0.00000,0,1.000
145735,37.2579,-41.1513,-4.5100,0.787,0.162,0.020,-0.028,0.021,0.031,0.000,-0.000,0.000,0.12000,-0.12000,-0.12000,0.00000,0.00000,0.00000,0,1.000
145743,37.2577,-41.1504,-4.5093,0.717,0.091,-0.050,-0.038,0.019,-0.001,0.000,-0.000,0.000,0.12000,-0.12000,-0.12000,0.00000,0.00000,0.00000,0,1.000
145751,37.2595,-41.1486,-4.5062,0.271,0.203,-0.456,-0.008,0.023,-0.005,0.000,-0.000,0.000,0.12000,-0.12000,-0.12000,0.00000,0.00000,0.00000,0,1.000
145759,37.2597,-41.1470,-4.5045,0.236,0.081,-0.405,-0.007,0.014,-0.003,0.000,-0.000,0.000,0.12000,-0.12000,-0.12000,0.00000,0.00000,0.00000,0,1.000
145766,37.2615,-41.1448,-4.5009,0.060,-0.182,-0.495,0.002,0.002,-0.017,0.000,-0.000,-0.000,0.12000,-0.12000,-0.12000,0.00000,0.00000,0.00000,0,1.000
145774,37.2643,-41.1419,-4.4958,0.075,-0.069,-0.728,0.011,-0.000,-0.031,0.000,-0.000,-0.000,0.12000,-0.12000,-0.12000,0.00000,0.00000,0.00000,0,1.000
145782,37.2664,-41.1395,-4.4918,-0.004,0.033,-0.540,0.002,-0.012,-0.036,0.000,-0.000,-0.000,0.12000,-0.12000,-0.12000,0.00000,0.00000,0.00000,0,1.000
145789,37.2680,-41.1382,-4.4892,0.040,-0.104,-0.763,0.036,-0.015,-0.040,0.000,-0.000,-0.000,0.12000,-0.12000,-0.12000,0.00000,0.00000,0.00000,0,1.000
145797,37.2692,-41.1362,-4.4863,-0.004,-0.011,-0.497,0.019,-0.003,-0.046,0.000,-0.000,-0.000,0.12000,-0.12000,-0.12000,0.00000,0.00000,0.00000,0,1.000
145805,37.2711,-41.1344,-4.4831,-0.074,0.091,-0.740,0.027,-0.001,-0.015,0.000,-0.000,-0.000,0.12000,-0.12000,-0.12000,0.00000,0.00000,0.00000,0,1.000
145813,37.2730,-41.1332,-4.4804,-0.203,0.262,-0.570,0.021,-0.008,-0.008,0.000,-0.000,-0.000,0.12000,-0.12000,-0.12000,0.00000,0.00000,0.00000,0,1.000
145821,37.2746,-41.1317,-4.4775,-0.288,0.251,-0.580,-0.007,-0.004,0.014,0.000,-0.000,-0.000,0.12000,-0.12000,-0.12000,0.00000,0.00000,0.00000,0,1.000
145828,37.2770,-41.1292,-4.4732,-0.246,0.528,-0.476,0.007,0.006,0.025,0.000,-0.000,-0.000,0.12000,-0.12000,-0.12000,0.00000,0.00000,0.00000,0,1.000
145836,37.2785,-41.1294,-4.4721,-0.240,0.554,-0.191,-0.017,0.005,0.043,0.000,-0.000,-0.000,0.12000,-0.12000,-0.12000,0.00000,0.00000,0.00000,0,1.000
145844,37.2833,-41.1271,-4.4657,-0.354,0.664,-0.081,-0.014,0.024,0.043,0.000,-0.000,-0.000,0.12000,-0.12000,-0.12000,0.00000,0.00000,0.00000,0,1.000
145852,37.2868,-41.1257,-4.4614,-0.127,0.729,0.156,-0.015,0.022,0.031,0.000,-0.000,-0.000,0.12000,-0.12000,-0.12000,0.00000,0.00000,0.00000,0,1.000
145859,37.2929,-41.1225,-4.4531,-0.382,0.699,0.124,-0.012,0.020,0.033,0.000,0.000,-0.000,0.12000,-0.12000,-0.12000,0.00000,0.00000,0.00000,0,1.000
145867,37.2966,-41.1212,-4.4487,-0.197,0.487,0.256,-0.012,0.020,0.021,0.000,0.000,0.000,0.12000,-0.12000,-0.12000,0.00000,0.00000,0.00000,0,1.000
145875,37.2999,-41.1196,-4.4442,-0.282,0.391,0.332,-0.017,0.011,-0.001,0.000,0.000,0.000,0.12000,-0.12000,-0.12000,0.00000,0.00000,0.00000,0,1.000
145883,37.3012,-41.1194,-4.4430,-0.373,0.139,0.252,-0.013,0.012,0.005,0.000,0.000,0.000,0.12000,-0.12000,-0.12000,0.00000,0.00000,0.00000,0,1.000
145890,37.3006,-41.1203,-4.4443,-0.188,-0.073,0.385,-0.004,-0.024,-0.016,0.000,0.000,0.000,0.12000,-0.12000,-0.12000,0.00000,0.00000,0.00000,0,1.000
145898,37.2971,-41.1237,-4.4505,-0.253,-0.118,0.600,-0.003,-0.024,-0.021,0.000,0.000,0.000,0.12000,-0.12000,-0.12000,0.00000,0.00000,0.00000,0,1.000
145906,37.2913,-41.1289,-4.4603,-0.324,-0.361,0.702,0.009,-0.036,-0.034,0.000,0.000,-0.000,0.12000,-0.12000,-0.12000,0.00000,0.00000,0.00000,0,1.000
145914,37.2874,-41.1328,-4.4672,-0.459,-0.346,0.717,0.016,-0.022,-0.035,0.000,-0.000,-0.000,0.12000,-0.12000,-0.12000,0.00000,0.00000,0.00000,0,1.000
145921,37.2829,-41.1362,-4.4743,-0.069,-0.071,0.475,0.005,-0.040,-0.037,0.000,-0.000,-0.000,0.12000,-0.12000,-0.12000,0.00000,0.00000,0.00000,0,1.000
145929,37.2805,-41.1381,-4.4782,-0.082,-0.641,0.423,0.011,-0.018,-0.034,0.000,-0.000,-0.000,0.12000,-0.12000,-0.12000,0.00000,0.00000,0.00000,0,1.000
145937,37.2774,-41.1403,-4.4828,-0.026,-0.165,0.209,0.006,0.001,-0.009,0.000,-0.000,-0.000,0.12000,-0.12000,-0.12000,0.00000,0.00000,0.00000,0,1.000
145945,37.2740,-41.1436,-4.4888,0.009,0.043,0.072,0.007,0.011,-0.009,0.000,-0.000,-0.000,0.12000,-0.12000,-0.12000,0.00000,0.00000,0.00000,0,1.000
145953,37.2688,-41.1480,-4.4973,0.037,-0.078,-0.047,0.023,0.006,0.016,0.000,-0.000,-0.000,0.12000,-0.12000,-0.12000,0.00000,0.00000,0.00000,0,1.000
145960,37.2632,-41.1523,-4.5063,0.213,0.098,0.130,0.013,0.016,0.029,0.000,-0.000,-0.000,0.12000,-0.12000,-0.12000,0.00000,0.00000,0.00000,0,1.000
145968,37.2618,-41.1536,-4.5086,0.092,0.138,-0.001,0.007,0.031,0.027,0.000,-0.000,-0.000,0.12000,-0.12000,-0.12000,0.00000,0.00000,0.00000,0,1.000
145976,37.2642,-41.1526,-4.5056,0.162,0.209,0.069,-0.005,0.029,0.020,0.000,0.000,-0.000,0.12000,-0.12000,-0.12000,0.00000,0.00000,0.00000,0,1.000
145983,37.2643,-41.1516,-4.5046,0.403,0.257,0.203,-0.006,0.016,0.030,0.000,0.000,-0.000,0.12000,-0.12000,-0.12000,0.00000,0.00000,0.00000,0,1.000
145991,37.2654,-41.1486,-4.5010,0.468,0.258,0.031,-0.001,-0.006,0.018,0.000,0.000,-0.000,0.12000,-0.12000,-0.12000,0.00000,0.00000,0.00000,0,1.000
145999,37.2655,-41.1466,-4.4990,0.533,0.258,-0.140,0.003,0.002,0.004,0.000,0.000,-0.000,0.12000,-0.12000,-0.12000,0.00000,0.00000,0.00000,0,1.000
146007,37.2659,-41.1433,-4.4957,0.689,0.468,-0.189,-0.004,0.012,-0.006,0.000,0.000,-0.000,0.12000,-0.12000,-0.12000,0.00000,0.00000,0.00000,0,1.000
146014,37.2671,-41.1404,-4.4920,0.675,0.355,0.044,0.011,-0.011,-0.007,0.000,0.000,-0.000,0.12000,-0.12000,-0.12000,0.00000,0.00000,0.00000,0,1.000
146022,37.2696,-41.1380,-4.4876,0.414,0.211,-0.186,0.003,-0.011,-0.020,0.000,0.000,-0.000,0.12000,-0.12000,-0.12000,0.00000,0.00000,0.00000,0,1.000
146030,37.2695,-41.1376,-4.4874,0.201,0.198,0.147,0.012,-0.002,-0.018,0.000,0.000,-0.000,0.12000,-0.12000,-0.12000,0.00000,0.00000,0.00000,0,1.000
146038,37.2702,-41.1372,-4.4864,0.159,0.137,-0.174,0.019,-0.020,-0.019,0.000,0.000,-0.000,0.12000,-0.12000,-0.12000,0.00000,0.00000,0.00000,0,1.000
146045,37.2727,-41.1361,-4.4832,-0.075,0.073,0.020,0.025,-0.026,-0.026,0.000,-0.000,-0.000,0.12000,-0.12000,-0.12000,0.00000,0.00000,0.00000,0,1.000
146053,37.2757,-41.1340,-4.4786,-0.195,-0.016,0.017,0.011,-0.019,-0.017,0.000,-0.000,-0.000,0.12000,-0.12000,-0.12000,0.00000,0.00000,0.00000,0,1.000
146061,37.2797,-41.1318,-4.4731,-0.350,-0.053,-0.108,-0.008,-0.016,-0.018,0.000,-0.000,-0.000,0.12000,-0.12000,-0.12000,0.00000,0.00000,0.00000,0,1.000
146069,37.2819,-41.1307,-4.4702,-0.371,-0.062,-0.290,-0.006,-0.012,0.009,0.000,-0.000,-0.000,0.12000,-0.12000,-0.12000,0.00000,0.00000,0.00000,0,1.000
146077,37.2818,-41.1314,-4.4710,-0.386,-0.304,0.073,-0.021,-0.013,0.008,0.000,-0.000,-0.000,0.12000,-0.12000,-0.12000,0.00000,0.00000,0.00000,0,1.000
146084,37.2823,-41.1331,-4.4721,-0.471,-0.356,0.105,-0.029,-0.001,0.009,0.000,-0.000,-0.000,0.12000,-0.12000,-0.12000,0.00000,0.00000,0.00000,0,1.000
146092,37.2823,-41.1336,-4.4725,-0.905,-0.106,0.183,-0.017,0.011,0.010,0.000,-0.000,-0.000,0.12000,-0.12000,-0.12000,0.00000,0.00000,0.00000,0,1.000
146100,37.2802,-41.1351,-4.4756,-0.550,-0.254,0.293,-0.018,0.025,0.020,0.000,-0.000,-0.000,0.12000,-0.12000,-0.12000,0.00000,0.00000,0.00000,0,1.000
146108,37.2806,-41.1348,-4.4750,-0.104,-0.021,0.353,-0.004,0.035,0.021,0.000,0.000,-0.000,0.12000,-0.12000,-0.12000,0.00000,0.00000,0.00000,0,1.000
146115,37.2801,-41.1352,-4.4758,0.152,0.053,0.341,0.011,0.042,0.030,0.000,0.000,-0.000,0.12000,-0.12000,-0.12000,0.00000,0.00000,0.00000,0,1.000
146123,37.2806,-41.1350,-4.4752,0.428,0.137,0.510,-0.001,0.026,0.033,0.000,0.000,-0.000,0.12000,-0.12000,-0.12000,0.00000,0.00000,0.00000,0,1.000
146131,37.2828,-41.1343,-4.4727,0.598,0.244,0.444,0.012,0.003,0.013,0.000,0.000,0.000,0.12000,-0.12000,-0.12000,0.00000,0.00000,0.00000,0,1.000
146139,37.2804,-41.1363,-4.4766,0.612,0.184,0.385,0.019,-0.017,0.016,0.000,0.000,0.000,0.12000,-0.12000,-0.12000,0.00000,0.00000,0.00000,0,1.000
146146,37.2781,-41.1382,-4.4803,0.632,0.279,0.481,0.023,-0.041,0.000,0.000,0.000,0.000,0.12000,-0.12000,-0.12000,0.00000,0.00000,0.00000,0,1.000
146154,37.2746,-41.1408,-4.4858,0.582,0.132,0.679,0.013,-0.045,-0.015,0.000,-0.000,0.000,0.12000,-0.12000,-0.12000,0.00000,0.00000,0.00000,0,1.000
146162,37.2727,-41.1431,-4.4896,0.121,-0.084,0.722,0.006,-0.036,-0.035,0.000,-0.000,0.000,0.12000,-0.12000,-0.12000,0.00000,0.00000,0.00000,0,1.000
146170,37.2724,-41.1455,-4.4920,-0.006,-0.500,0.736,-0.005,-0.026,-0.037,0.000,-0.000,-0.000,0.12000,-0.12000,-0.12000,0.00000,0.00000,0.00000,0,1.000
146177,37.2706,-41.1479,-4.4958,0.078,-0.317,0.574,0.010,-0.018,-0.049,0.000,-0.000,-0.000,0.12000,-0.12000,-0.12000,0.00000,0.00000,0.00000,0,1.000
146185,37.2699,-41.1486,-4.4970,-0.028,-0.164,0.209,-0.009,-0.011,-0.033,0.000,-0.000,-0.000,0.12000,-0.12000,-0.12000,0.00000,0.00000,0.00000,0,1.000
146193,37.2693,-41.1482,-4.4971,0.298,0.110,0.138,-0.022,-0.004,-0.026,0.000,-0.000,-0.000,0.12000,-0.12000,-0.12000,0.00000,0.00000,0.00000,0,1.000
146201,37.2675,-41.1489,-4.4994,0.058,0.105,-0.039,-0.019,0.008,-0.003,0.000,-0.000,-0.000,0.12000,-0.12000,-0.12000,0.00000,0.00000,0.00000,0,1.000
146209,37.2635,-41.1507,-4.5045,0.114,0.105,0.222,-0.023,0.022,0.005,0.000,-0.000,-0.000,0.12000,-0.12000,-0.12000,0.00000,0.00000,0.00000,0,1.000
146216,37.2616,-41.1515,-4.5069,0.184,0.175,0.292,-0.008,0.044,0.015,0.000,-0.000,-0.000,0.12000,-0.12000,-0.12000,0.00000,0.00000,0.00000,0,1.000
146224,37.2605,-41.1509,-4.5073,0.006,0.542,0.315,-0.004,0.042,0.019,0.000,-0.000,-0.000,0.12000,-0.12000,-0.12000,0.00000,0.00000,0.00000,0,1.000
146232,37.2584,-41.1516,-4.5098,0.226,0.236,0.613,0.002,0.049,0.025,0.000,0.000,-0.000,0.12000,-0.12000,-0.12000,0.00000,0.00000,0.00000,0,1.000
146239,37.2569,-41.1519,-4.5115,0.007,0.455,0.401,0.008,0.039,0.018,0.000,0.000,-0.000,0.12000,-0.12000,-0.12000,0.00000,0.00000,0.00000,0,1.000
146247,37.2572,-41.1510,-4.5103,0.107,0.534,0.222,0.029,0.016,0.020,0.000,0.000,-0.000,0.12000,-0.12000,-0.12000,0.00000,0.00000,0.00000,0,1.000
146255,37.2595,-41.1484,-4.5060,0.143,0.483,0.343,0.034,0.003,0.031,0.000,0.000,-0.000,0.12000,-0.12000,-0.12000,0.00000,0.00000,0.00000,0,1.000
146263,37.2611,-41.1483,-4.5045,-0.232,0.493,0.180,0.030,-0.008,0.004,0.000,0.000,-0.000,0.12000,-0.12000,-0.12000,0.00000,0.00000,0.00000,0,1.000
146270,37.2612,-41.1498,-4.5058,-0.332,0.413,0.359,0.021,-0.033,-0.011,0.000,0.000,-0.000,0.12000,-0.12000,-0.12000,0.00000,0.00000,0.00000,0,1.000
146278,37.2621,-41.1507,-4.5057,-0.332,0.414,0.359,0.027,-0.061,-0.009,0.000,-0.000,-0.000,0.12000,-0.12000,-0.12000,0.00000,0.00000,0.00000,0,1.000
146286,37.2611,-41.1520,-4.5078,-0.288,0.276,0.135,0.006,-0.055,-0.032,0.000,-0.000,-0.000,0.12000,-0.12000,-0.12000,0.00000,0.00000,0.00000,0,1.000
146294,37.2597,-41.1530,-4.5099,-0.570,-0.006,-0.146,-0.013,-0.032,-0.019,0.000,-0.000,-0.000,0.12000,-0.12000,-0.12000,0.00000,0.00000,0.00000,0,1.000
146301,37.2610,-41.1532,-4.5090,-0.485,-0.125,-0.007,-0.025,-0.014,-0.027,0.000,-0.000,-0.000,0.12000,-0.12000,-0.12000,0.00000,0.00000,0.00000,0,1.000
146309,37.2584,-41.1563,-4.5142,-0.585,0.097,-0.129,-0.035,-0.013,-0.032,0.000,-0.000,-0.000,0.12000,-0.12000,-0.12000,0.00000,0.00000,0.00000,0,1.000
146317,37.2587,-41.1572,-4.5146,-0.386,-0.002,-0.229,-0.033,-0.002,-0.006,0.000,-0.000,-0.000,0.12000,-0.12000,-0.12000,0.00000,0.00000,0.00000,0,1.000
146325,37.2581,-41.1589,-4.5167,-0.421,-0.081,-0.221,-0.034,-0.002,0.002,0.000,-0.000,-0.000,0.12000,-0.12000,-0.12000,0.00000,0.00000,0.00000,0,1.000
146332,37.2573,-41.1594,-4.5179,-0.811,0.075,-0.410,-0.032,0.024,0.009,0.000,-0.000,-0.000,0.12000,-0.12000,-0.12000,0.00000,0.00000,0.00000,0,1.000
146340,37.2593,-41.1595,-4.5162,-0.770,0.137,-0.090,0.008,0.041,0.023,0.000,-0.000,-0.000,0.12000,-0.12000,-0.12000,0.00000,0.00000,0.00000,0,1.000
146348,37.2607,-41.1606,-4.5160,-0.869,0.273,-0.126,0.002,0.045,0.031,0.000,-0.000,-0.000,0.12000,-0.12000,-0.12000,0.00000,0.00000,0.00000,0,1.000
146356,37.2587,-41.1634,-4.5203,-0.749,0.361,-0.123,0.015,0.039,0.034,0.000,-0.000,-0.000,0.12000,-0.12000,-0.12000,0.00000,0.00000,0.00000,0,1.000
146363,37.2614,-41.1624,-4.5170,-0.693,0.535,-0.036,0.020,0.022,0.026,0.000,0.000,-0.000,0.12000,-0.12000,-0.12000,0.00000,0.00000,0.00000,0,1.000
146371,37.2603,-41.1636,-4.5190,-0.558,0.434,0.036,0.011,0.031,0.018,0.000,0.000,-0.000,0.12000,-0.12000,-0.12000,0.00000,0.00000,0.00000,0,1.000
146379,37.2620,-41.1641,-4.5179,-0.508,0.366,0.054,0.007,0.012,0.013,0.000,0.000,-0.000,0.12000,-0.12000,-0.12000,0.00000,0.00000,0.00000,0,1.000
146387,37.2623,-41.1668,-4.5202,-0.629,0.407,-0.078,0.006,0.006,0.002,0.000,0.000,-0.000,0.12000,-0.12000,-0.12000,0.00000,0.00000,0.00000,0,1.000
146394,37.2612,-41.1705,-4.5245,-0.708,0.423,0.197,0.004,-0.003,-0.007,0.000,0.000,-0.000,0.12000,-0.12000,-0.12000,0.00000,0.00000,0.00000,0,1.000
146402,37.2611,-41.1729,-4.5268,-0.694,0.406,0.094,0.001,-0.022,-0.019,0.000,0.000,-0.000,0.12000,-0.12000,-0.12000,0.00000,0.00000,0.00000,0,1.000
146410,37.2618,-41.1743,-4.5275,-0.466,0.100,-0.040,-0.008,-0.030,-0.029,0.000,0.000,-0.000,0.12000,-0.12000,-0.12000,0.00000,0.00000,0.00000,0,1.000
146418,37.2623,-41.1766,-4.5291,-0.269,0.329,0.275,-0.025,-0.032,-0.020,0.000,-0.000,-0.000,0.12000,-0.12000,-0.12000,0.00000,0.00000,0.00000,0,1.000
146425,37.2650,-41.1763,-4.5265,-0.267,0.130,-0.269,-0.025,-0.038,-0.017,0.000,-0.000,-0.000,0.12000,-0.12000,-0.12000,0.00000,0.00000,0.00000,0,1.000
146433,37.2644,-41.1768,-4.5273,-0.267,0.130,-0.269,-0.028,-0.032,-0.018,0.000,-0.000,-0.000,0.12000,-0.12000,-0.12000,0.00000,0.00000,0.00000,0,1.000
146441,37.2647,-41.1777,-4.5280,-0.224,0.079,-0.578,-0.023,-0.025,-0.017,0.000,-0.000,-0.000,0.12000,-0.12000,-0.12000,0.00000,0.00000,0.00000,0,1.000
146449,37.2658,-41.1783,-4.5276,-0.054,-0.029,-0.428,-0.019,-0.011,-0.006,0.000,-0.000,-0.000,0.12000,-0.12000,-0.12000,0.00000,0.00000,0.00000,0,1.000
146457,37.2682,-41.1779,-4.5250,-0.444,-0.131,-0.358,-0.002,0.007,0.001,0.000,-0.000,-0.000,0.12000,-0.12000,-0.12000,0.00000,0.00000,0.00000,0,1.000
146464,37.2703,-41.1768,-4.5222,-0.438,-0.062,-0.117,0.002,0.033,0.001,0.000,-0.000,-0.000,0.12000,-0.12000,-0.12000,0.00000,0.00000,0.00000,0,1.000
146472,37.2712,-41.1766,-4.5212,-0.233,-0.049,-0.018,0.025,0.043,-0.009,0.000,-0.000,-0.000,0.12000,-0.12000,-0.12000,0.00000,0.00000,0.00000,0,1.000
146480,37.2739,-41.1757,-4.5180,-0.397,0.216,-0.013,0.018,0.036,0.003,0.000,-0.000,-0.000,0.12000,-0.12000,-0.12000,0.00000,0.00000,0.00000,0,1.000
146487,37.2762,-41.1752,-4.5156,-0.056,0.258,0.028,0.016,0.037,0.001,0.000,0.000,-0.000,0.12000,-0.12000,-0.12000,0.00000,0.00000,0.00000,0,1.000
146495,37.2777,-41.1757,-4.5147,-0.057,0.387,-0.101,0.012,0.031,0.006,0.000,0.000,-0.000,0.12000,-0.12000,-0.12000,0.00000,0.00000,0.00000,0,1.000
146503,37.2789,-41.1767,-4.5145,-0.022,0.337,0.020,0.004,0.018,0.009,0.000,0.000,-0.000,0.12000,-0.12000,-0.12000,0.00000,0.00000,0.00000,0,1.000
146511,37.2784,-41.1783,-4.5165,0.169,0.366,0.223,0.015,-0.005,0.008,0.000,0.000,-0.000,0.12000,-0.12000,-0.12000,0.00000,0.00000,0.00000,0,1.000
146518,37.2760,-41.1807,-4.5208,0.204,0.229,0.431,-0.001,-0.017,0.004,0.000,0.000,-0.000,0.12000,-0.12000,-0.12000,0.00000,0.00000,0.00000,0,1.000
146526,37.2730,-41.1833,-4.5257,0.282,0.040,0.330,-0.011,-0.039,-0.002,0.000,-0.000,-0.000,0.12000,-0.12000,-0.12000,0.00000,0.00000,0.00000,0,1.000
146534,37.2709,-41.1855,-4.5296,0.338,0.085,0.547,-0.008,-0.040,0.005,0.000,-0.000,-0.000,0.12000,-0.12000,-0.12000,0.00000,0.00000,0.00000,0,1.000
146542,37.2703,-41.1864,-4.5309,0.481,-0.188,0.360,-0.024,-0.034,0.007,0.000,-0.000,-0.000,0.12000,-0.12000,-0.12000,0.00000,0.00000,0.00000,0,1.000
146550,37.2677,-41.1884,-4.5350,0.495,-0.119,0.171,-0.013,-0.021,0.003,0.000,-0.000,-0.000,0.12000,-0.12000,-0.12000,0.00000,0.00000,0.00000,0,1.000
146557,37.2699,-41.1863,-4.5312,0.254,-0.124,-0.007,0.000,-0.013,0.005,0.000,-0.000,-0.000,0.12000,-0.12000,-0.12000,0.00000,0.00000,0.00000,0,1.000
146565,37.2708,-41.1863,-4.5303,0.459,-0.067,0.049,-0.011,0.012,-0.005,0.000,-0.000,-0.000,0.12000,-0.12000,-0.12000,0.00000,0.00000,0.00000,0,1.000
146573,37.2724,-41.1851,-4.5279,0.169,-0.176,0.026,0.006,0.041,0.002,0.000,-0.000,-0.000,0.12000,-0.12000,-0.12000,0.00000,0.00000,0.00000,0,1.000
146581,37.2738,-41.1831,-4.5248,0.234,-0.304,-0.017,0.007,0.051,0.001,0.000,-0.000,-0.000,0.12000,-0.12000,-0.12000,0.00000,0.00000,0.00000,0,1.000
146588,37.2735,-41.1819,-4.5240,0.240,-0.192,0.182,0.006,0.058,0.007,0.000,0.000,-0.000,0.12000,-0.12000,-0.12000,0.00000,0.00000,0.00000,0,1.000
146596,37.2746,-41.1797,-4.5211,0.240,0.023,-0.034,0.014,0.056,0.006,0.000,0.000,-0.000,0.12000,-0.12000,-0.12000,0.00000,0.00000,0.00000,0,1.000
146604,37.2737,-41.1785,-4.5208,0.382,-0.138,0.409,0.017,0.036,-0.005,0.000,0.000,-0.000,0.12000,-0.12000,-0.12000,0.00000,0.00000,0.00000,0,1.000
146612,37.2740,-41.1766,-4.5188,0.368,0.051,0.339,0.009,0.011,0.001,0.000,0.000,-0.000,0.12000,-0.12000,-0.12000,0.00000,0.00000,0.00000,0,1.000
146619,37.2730,-41.1777,-4.5206,0.396,-0.198,0.348,0.000,-0.012,0.008,0.000,0.000,-0.000,0.12000,-0.12000,-0.12000,0.00000,0.00000,0.00000,0,1.000
146627,37.2715,-41.1782,-4.5224,0.423,0.312,0.341,-0.018,-0.037,0.007,0.000,0.000,-0.000,0.12000,-0.12000,-0.12000,0.00000,0.00000,0.00000,0,1.000
146635,37.2680,-41.1796,-4.5267,0.388,0.060,0.521,-0.017,-0.039,-0.013,0.000,0.000,-0.000,0.12000,-0.12000,-0.12000,0.00000,0.00000,0.00000,0,1.000
146642,37.2659,-41.1823,-4.5310,0.167,0.022,0.569,-0.012,-0.037,-0.001,0.000,0.000,-0.000,0.12000,-0.12000,-0.12000,0.00000,0.00000,0.00000,0,1.000
146650,37.2626,-41.1835,-4.5350,-0.003,0.001,0.549,-0.012,-0.041,-0.004,0.000,-0.000,-0.000,0.12000,-0.12000,-0.12000,0.00000,0.00000,0.00000,0,1.000
146658,37.2585,-41.1842,-4.5393,0.112,0.019,0.309,-0.010,-0.036,-0.003,0.000,-0.000,-0.000,0.12000,-0.12000,-0.12000,0.00000,0.00000,0.00000,0,1.000
146666,37.2581,-41.1828,-4.5384,0.007,0.129,-0.012,-0.006,-0.030,0.010,0.000,-0.000,-0.000,0.12000,-0.12000,-0.12000,0.00000,0.00000,0.00000,0,1.000
146674,37.2557,-41.1824,-4.5402,-0.090,-0.323,-0.204,-0.013,-0.008,0.012,0.000,-0.000,-0.000,0.12000,-0.12000,-0.12000,0.00000,0.00000,0.00000,0,1.000
146681,37.2525,-41.1824,-4.5429,-0.060,-0.315,-0.453,0.006,-0.002,0.016,0.000,-0.000,-0.000,0.12000,-0.12000,-0.12000,0.00000,0.00000,0.00000,0,1.000
146689,37.2498,-41.1834,-4.5462,-0.040,-0.220,-0.358,-0.002,0.025,0.012,0.000,-0.000,-0.000,0.12000,-0.12000,-0.12000,0.00000,0.00000,0.00000,0,1.000
146697,37.2483,-41.1838,-4.5479,-0.125,-0.230,-0.367,0.009,0.039,0.012,0.000,-0.000,-0.000,0.12000,-0.12000,-0.12000,0.00000,0.00000,0.00000,0,1.000
146705,37.2475,-41.1846,-4.5494,-0.445,-0.176,-0.313,0.002,0.041,0.008,0.000,-0.000,-0.000,0.12000,-0.12000,-0.12000,0.00000,0.00000,0.00000,0,1.000
146712,37.2483,-41.1847,-4.5487,-0.219,0.148,-0.335,0.005,0.028,-0.004,0.000,0.000,-0.000,0.12000,-0.12000,-0.12000,0.00000,0.00000,0.00000,0,1.000
146720,37.2491,-41.1837,-4.5471,-0.303,0.180,-0.388,0.004,0.023,-0.001,0.000,0.000,-0.000,0.12000,-0.12000,-0.12000,0.00000,0.00000,0.00000,0,1.000
146728,37.2521,-41.1809,-4.5419,-0.183,0.226,-0.343,0.001,0.001,-0.011,0.000,0.000,-0.000,0.12000,-0.12000,-0.12000,0.00000,0.00000,0.00000,0,1.000
146736,37.2539,-41.1789,-4.5385,-0.047,0.297,-0.444,0.005,-0.007,-0.018,0.000,0.000,-0.000,0.12000,-0.12000,-0.12000,0.00000,0.00000,0.00000,0,1.000
146743,37.2539,-41.1770,-4.5368,0.003,0.185,-0.383,0.007,-0.019,-0.033,0.000,0.000,-0.000,0.12000,-0.12000,-0.12000,0.00000,0.00000,0.00000,0,1.000
146751,37.2556,-41.1754,-4.5339,0.259,0.216,-0.352,0.004,-0.025,-0.031,0.000,-0.000,-0.000,0.12000,-0.12000,-0.12000,0.00000,0.00000,0.00000,0,1.000
146759,37.2568,-41.1746,-4.5321,0.194,0.301,-0.267,0.001,-0.032,-0.040,0.000,-0.000,-0.000,0.12000,-0.12000,-0.12000,0.00000,0.00000,0.00000,0,1.000
146767,37.2583,-41.1745,-4.5307,0.138,-0.002,-0.225,-0.001,-0.030,-0.026,0.000,-0.000,-0.000,0.12000,-0.12000,-0.12000,0.00000,0.00000,0.00000,0,1.000
146775,37.2607,-41.1750,-4.5290,0.123,0.145,-0.251,0.012,-0.025,-0.013,0.000,-0.000,-0.000,0.12000,-0.12000,-0.12000,0.00000,0.00000,0.00000,0,1.000
146782,37.2612,-41.1751,-4.5287,0.087,0.023,-0.199,-0.007,-0.003,-0.010,0.000,-0.000,-0.000,0.12000,-0.12000,-0.12000,0.00000,0.00000,0.00000,0,1.000
146790,37.2625,-41.1763,-4.5286,-0.098,-0.066,-0.030,0.006,0.003,0.010,0.000,-0.000,-0.000,0.12000,-0.12000,-0.12000,0.00000,0.00000,0.00000,0,1.000
146798,37.2614,-41.1792,-4.5323,-0.148,-0.127,0.081,0.017,0.005,0.016,0.000,-0.000,-0.000,0.12000,-0.12000,-0.12000,0.00000,0.00000,0.00000,0,1.000
146806,37.2616,-41.1806,-4.5333,0.007,-0.003,0.119,0.009,0.027,0.025,0.000,-0.000,-0.000,0.12000,-0.12000,-0.12000,0.00000,0.00000,0.00000,0,1.000
146813,37.2638,-41.1805,-4.5313,-0.043,0.109,0.057,0.012,0.019,0.025,0.000,-0.000,-0.000,0.12000,-0.12000,-0.12000,0.00000,0.00000,0.00000,0,1.000
146821,37.2655,-41.1784,-4.5279,0.312,0.090,0.038,0.008,0.025,0.021,0.000,-0.000,-0.000,0.12000,-0.12000,-0.12000,0.00000,0.00000,0.00000,0,1.000
146829,37.2662,-41.1782,-4.5270,0.447,0.119,-0.020,0.004,0.033,0.026,0.000,-0.000,-0.000,0.12000,-0.12000,-0.12000,0.00000,0.00000,0.00000,0,1.000
146836,37.2647,-41.1773,-4.5275,0.553,0.052,0.259,-0.006,0.012,0.016,0.000,0.000,-0.000,0.12000,-0.12000,-0.12000,0.00000,0.00000,0.00000,0,1.000
146844,37.2657,-41.1752,-4.5248,0.823,-0.021,0.272,-0.012,0.007,0.011,0.000,0.000,-0.000,0.12000,-0.12000,-0.12000,0.00000,0.00000,0.00000,0,1.000
146852,37.2655,-41.1754,-4.5251,0.644,0.045,0.597,-0.014,-0.009,-0.002,0.000,0.000,-0.000,0.12000,-0.12000,-0.12000,0.00000,0.00000,0.00000,0,1.000
146860,37.2641,-41.1774,-4.5282,0.558,-0.051,0.673,-0.013,-0.015,-0.024,0.000,-0.000,-0.000,0.12000,-0.12000,-0.12000,0.00000,0.00000,0.00000,0,1.000
146867,37.2629,-41.1790,-4.5307,0.622,-0.222,0.675,-0.003,-0.009,-0.014,0.000,-0.000,-0.000,0.12000,-0.12000,-0.12000,0.00000,0.00000,0.00000,0,1.000
146875,37.2625,-41.1798,-4.5318,0.645,-0.367,0.269,-0.006,-0.002,-0.011,0.000,-0.000,-0.000,0.12000,-0.12000,-0.12000,0.00000,0.00000,0.00000,0,1.000
146883,37.2595,-41.1817,-4.5361,0.495,-0.422,0.474,0.002,-0.002,-0.007,0.000,-0.000,-0.000,0.12000,-0.12000,-0.12000,0.00000,0.00000,0.00000,0,1.000
146891,37.2583,-41.1821,-4.5376,0.544,-0.188,0.190,0.010,0.002,-0.001,0.000,-0.000,-0.000,0.12000,-0.12000,-0.12000,0.00000,0.00000,0.00000,0,1.000
146899,37.2576,-41.1812,-4.5374,0.553,-0.231,-0.198,0.003,-0.014,0.005,0.000,-0.000,-0.000,0.12000,-0.12000,-0.12000,0.00000,0.00000,0.00000,0,1.000
146906,37.2566,-41.1808,-4.5379,0.708,-0.323,0.056,-0.001,-0.007,0.006,0.000,-0.000,-0.000,0.12000,-0.12000,-0.12000,0.00000,0.00000,0.00000,0,1.000
146914,37.2537,-41.1809,-4.5405,0.814,-0.304,0.248,-0.016,-0.001,0.010,0.000,-0.000,-0.000,0.12000,-0.12000,-0.12000,0.00000,0.00000,0.00000,0,1.000
146922,37.2534,-41.1783,-4.5384,0.779,-0.253,0.126,-0.017,0.003,0.018,0.000,-0.000,-0.000,0.12000,-0.12000,-0.12000,0.00000,0.00000,0.00000,0,1.000
146929,37.2511,-41.1770,-4.5392,0.829,-0.235,0.058,-0.009,0.001,0.011,0.000,-0.000,-0.000,0.12000,-0.12000,-0.12000,0.00000,0.00000,0.00000,0,1.000
146937,37.2494,-41.1752,-4.5391,0.545,-0.190,0.191,-0.017,-0.013,0.013,0.000,-0.000,-0.000,0.12000,-0.12000,-0.12000,0.00000,0.00000,0.00000,0,1.000
146945,37.2490,-41.1719,-4.5365,0.666,-0.059,0.150,0.000,0.008,0.002,0.000,-0.000,-0.000,0.12000,-0.12000,-0.12000,0.00000,0.00000,0.00000,0,1.000
146953,37.2491,-41.1685,-4.5333,0.391,-0.099,-0.063,0.007,0.009,-0.011,0.000,-0.000,-0.000,0.12000,-0.12000,-0.12000,0.00000,0.00000,0.00000,0,1.000
146961,37.2493,-41.1660,-4.5309,0.186,-0.156,-0.119,0.005,0.002,-0.015,0.000,-0.000,-0.000,0.12000,-0.12000,-0.12000,0.00000,0.00000,0.00000,0,1.000
146968,37.2505,-41.1640,-4.5280,0.172,-0.009,-0.146,0.018,0.001,-0.022,0.000,-0.000,-0.000,0.12000,-0.12000,-0.12000,0.00000,0.00000,0.00000,0,1.000
146976,37.2495,-41.1623,-4.5274,-0.238,-0.122,-0.258,0.013,0.011,-0.028,0.000,-0.000,-0.000,0.12000,-0.12000,-0.12000,0.00000,0.00000,0.00000,0,1.000
146984,37.2488,-41.1626,-4.5283,-0.367,0.048,-0.087,0.033,0.024,-0.014,0.000,-0.000,-0.000,0.12000,-0.12000,-0.12000,0.00000,0.00000,0.00000,0,1.000
146992,37.2495,-41.1623,-4.5274,-0.190,0.224,0.089,0.022,0.021,0.002,0.000,0.000,-0.000,0.12000,-0.12000,-0.12000,0.00000,0.00000,0.00000,0,1.000
146999,37.2521,-41.1618,-4.5246,-0.290,0.404,0.009,-0.001,0.011,0.002,0.000,0.000,-0.000,0.12000,-0.12000,-0.12000,0.00000,0.00000,0.00000,0,1.000
147007,37.2516,-41.1618,-4.5250,-0.310,0.437,-0.216,-0.007,-0.001,0.022,0.000,0.000,-0.000,0.12000,-0.12000,-0.12000,0.00000,0.00000,0.00000,0,1.000
147015,37.2505,-41.1629,-4.5270,-0.167,-0.009,-0.230,-0.011,-0.018,0.021,0.000,0.000,-0.000,0.12000,-0.12000,-0.12000,0.00000,0.00000,0.00000,0,1.000
147023,37.2504,-41.1640,-4.5281,0.053,-0.013,-0.234,-0.013,-0.017,0.026,0.000,-0.000,-0.000,0.12000,-0.12000,-0.12000,0.00000,0.00000,0.00000,0,1.000
147030,37.2512,-41.1645,-4.5278,-0.302,0.049,-0.258,-0.025,-0.032,0.019,0.000,-0.000,-0.000,0.12000,-0.12000,-0.12000,0.00000,0.00000,0.00000,0,1.000
147038,37.2524,-41.1647,-4.5270,-0.438,0.236,-0.416,-0.025,-0.022,0.013,0.000,-0.000,-0.000,0.12000,-0.12000,-0.12000,0.00000,0.00000,0.00000,0,1.000
147046,37.2546,-41.1640,-4.5244,-0.288,0.032,-0.362,0.004,-0.031,0.002,0.000,-0.000,-0.000,0.12000,-0.12000,-0.12000,0.00000,0.00000,0.00000,0,1.000
147054,37.2559,-41.1653,-4.5244,-0.424,0.134,-0.433,-0.004,-0.019,-0.011,0.000,-0.000,-0.000,0.12000,-0.12000,-0.12000,0.00000,0.00000,0.00000,0,1.000
147061,37.2618,-41.1620,-4.5162,-0.508,0.253,-0.574,-0.003,0.006,-0.016,0.000,-0.000,-0.000,0.12000,-0.12000,-0.12000,0.00000,0.00000,0.00000,0,1.000
147069,37.2671,-41.1603,-4.5100,-0.353,0.249,-0.407,-0.001,0.017,-0.016,0.000,-0.000,-0.000,0.12000,-0.12000,-0.12000,0.00000,0.00000,0.00000,0,1.000
147077,37.2717,-41.1568,-4.5028,-0.317,0.327,-0.416,0.026,0.029,-0.011,0.000,-0.000,-0.000,0.12000,-0.12000,-0.12000,0.00000,0.00000,0.00000,0,1.000
147085,37.2761,-41.1540,-4.4964,-0.047,0.169,-0.316,0.007,0.032,-0.024,0.000,-0.000,-0.000,0.12000,-0.12000,-0.12000,0.00000,0.00000,0.00000,0,1.000
147092,37.2760,-41.1544,-4.4969,-0.140,0.245,0.019,0.012,0.058,0.003,0.000,0.000,-0.000,0.12000,-0.12000,-0.12000,0.00000,0.00000,0.00000,0,1.000
147100,37.2769,-41.1549,-4.4966,0.000,0.256,0.289,-0.007,0.044,-0.004,0.000,0.000,-0.000,0.12000,-0.12000,-0.12000,0.00000,0.00000,0.00000,0,1.000
147108,37.2775,-41.1578,-4.4986,-0.059,0.584,0.444,-0.021,0.021,0.009,0.000,0.000,-0.000,0.12000,-0.12000,-0.12000,0.00000,0.00000,0.00000,0,1.000
147116,37.2765,-41.1606,-4.5021,0.175,0.304,0.595,-0.021,-0.001,0.004,0.000,0.000,-0.000,0.12000,-0.12000,-0.12000,0.00000,0.00000,0.00000,0,1.000
147123,37.2749,-41.1645,-4.5070,-0.153,0.617,0.822,-0.034,-0.006,0.009,0.000,0.000,-0.000,0.12000,-0.12000,-0.12000,0.00000,0.00000,0.00000,0,1.000
147131,37.2791,-41.1636,-4.5025,0.025,0.553,0.497,-0.031,-0.027,0.008,0.000,0.000,-0.000,0.12000,-0.12000,-0.12000,0.00000,0.00000,0.00000,0,1.000
147139,37.2802,-41.1650,-4.5028,-0.025,0.578,0.522,-0.018,-0.030,0.005,0.000,0.000,-0.000,0.12000,-0.12000,-0.12000,0.00000,0.00000,0.00000,0,1.000
147147,37.2787,-41.1663,-4.5052,-0.060,0.456,0.573,-0.009,-0.026,0.016,0.000,-0.000,-0.000,0.12000,-0.12000,-0.12000,0.00000,0.00000,0.00000,0,1.000
147154,37.2800,-41.1659,-4.5038,0.374,0.378,0.323,0.005,-0.043,-0.005,0.000,-0.000,-0.000,0.12000,-0.12000,-0.12000,0.00000,0.00000,0.00000,0,1.000
147162,37.2797,-41.1657,-4.5039,0.204,0.314,0.345,0.016,-0.033,-0.004,0.000,-0.000,-0.000,0.12000,-0.12000,-0.12000,0.00000,0.00000,0.00000,0,1.000
147170,37.2787,-41.1663,-4.5053,0.049,0.018,0.480,0.030,-0.000,-0.020,0.000,-0.000,-0.000,0.12000,-0.12000,-0.12000,0.00000,0.00000,0.00000,0,1.000
147178,37.2777,-41.1663,-4.5062,0.198,-0.057,0.405,0.036,0.015,-0.016,0.000,-0.000,-0.000,0.12000,-0.12000,-0.12000,0.00000,0.00000,0.00000,0,1.000
147185,37.2773,-41.1669,-4.5070,0.107,-0.309,0.326,0.041,0.020,-0.021,0.000,-0.000,-0.000,0.12000,-0.12000,-0.12000,0.00000,0.00000,0.00000,0,1.000
147193,37.2760,-41.1683,-4.5094,0.107,-0.179,0.196,0.022,0.043,-0.013,0.000,-0.000,-0.000,0.12000,-0.12000,-0.12000,0.00000,0.00000,0.00000,0,1.000
147201,37.2739,-41.1694,-4.5123,0.242,-0.280,0.268,0.013,0.022,0.005,0.000,0.000,-0.000,0.12000,-0.12000,-0.12000,0.00000,0.00000,0.00000,0,1.000
147209,37.2726,-41.1710,-4.5149,0.262,-0.055,0.234,-0.002,0.028,0.015,0.000,0.000,-0.000,0.12000,-0.12000,-0.12000,0.00000,0.00000,0.00000,0,1.000
147216,37.2717,-41.1727,-4.5172,0.097,0.468,-0.019,-0.024,0.013,0.016,0.000,0.000,-0.000,0.12000,-0.12000,-0.12000,0.00000,0.00000,0.00000,0,1.000
147224,37.2718,-41.1731,-4.5175,0.388,0.318,0.263,-0.047,0.008,0.018,0.000,0.000,-0.000,0.12000,-0.12000,-0.12000,0.00000,0.00000,0.00000,0,1.000
147232,37.2715,-41.1731,-4.5178,0.174,0.521,0.380,-0.054,-0.026,0.004,0.000,0.000,-0.000,0.12000,-0.12000,-0.12000,0.00000,0.00000,0.00000,0,1.000
147240,37.2706,-41.1726,-4.5182,-0.052,0.283,0.315,-0.048,-0.025,-0.011,0.000,0.000,-0.000,0.12000,-0.12000,-0.12000,0.00000,0.00000,0.00000,0,1.000
147248,37.2702,-41.1710,-4.5170,0.078,0.242,0.015,-0.046,-0.029,-0.001,0.000,0.000,-0.000,0.12000,-0.12000,-0.12000,0.00000,0.00000,0.00000,0,1.000
147255,37.2703,-41.1695,-4.5156,-0.177,0.210,-0.016,-0.019,-0.027,0.000,0.000,-0.000,-0.000,0.12000,-0.12000,-0.12000,0.00000,0.00000,0.00000,0,1.000
147263,37.2684,-41.1689,-4.5166,-0.062,0.142,-0.169,0.005,-0.034,0.003,0.000,-0.000,-0.000,0.12000,-0.12000,-0.12000,0.00000,0.00000,0.00000,0,1.000
147271,37.2655,-41.1690,-4.5194,-0.047,-0.221,0.074,0.015,-0.015,0.002,0.000,-0.000,-0.000,0.12000,-0.12000,-0.12000,0.00000,0.00000,0.00000,0,1.000
147278,37.2646,-41.1686,-4.5198,-0.103,-0.136,-0.273,0.029,-0.004,-0.008,0.000,-0.000,-0.000,0.12000,-0.12000,-0.12000,0.00000,0.00000,0.00000,0,1.000
147286,37.2635,-41.1690,-4.5211,-0.061,0.055,-0.082,0.039,0.012,-0.005,0.000,-0.000,-0.000,0.12000,-0.12000,-0.12000,0.00000,0.00000,0.00000,0,1.000
147294,37.2654,-41.1674,-4.5180,-0.401,0.057,-0.167,0.040,0.030,-0.006,0.000,-0.000,-0.000,0.12000,-0.12000,-0.12000,0.00000,0.00000,0.00000,0,1.000
147302,37.2680,-41.1663,-4.5147,-0.337,0.144,-0.425,0.044,0.027,-0.010,0.000,-0.000,-0.000,0.12000,-0.12000,-0.12000,0.00000,0.00000,0.00000,0,1.000
147310,37.2707,-41.1666,-4.5126,-0.381,0.412,-0.331,0.033,0.027,-0.001,0.000,-0.000,-0.000,0.12000,-0.12000,-0.12000,0.00000,0.00000,0.00000,0,1.000
147317,37.2756,-41.1634,-4.5054,-0.307,0.068,-0.589,0.008,0.029,0.010,0.000,0.000,-0.000,0.12000,-0.12000,-0.12000,0.00000,0.00000,0.00000,0,1.000
147325,37.2808,-41.1622,-4.4997,-0.216,0.235,-0.424,-0.002,0.015,0.007,0.000,0.000,-0.000,0.12000,-0.12000,-0.12000,0.00000,0.00000,0.00000,0,1.000
147333,37.2825,-41.1629,-4.4989,-0.437,0.282,-0.462,-0.018,0.003,-0.000,0.000,0.000,-0.000,0.12000,-0.12000,-0.12000,0.00000,0.00000,0.00000,0,1.000
147341,37.2811,-41.1658,-4.5027,-0.473,0.161,-0.411,-0.050,-0.003,-0.003,0.000,0.000,-0.000,0.12000,-0.12000,-0.12000,0.00000,0.00000,0.00000,0,1.000
147348,37.2814,-41.1679,-4.5043,-0.529,0.073,-0.584,-0.037,-0.014,0.000,0.000,0.000,-0.000,0.12000,-0.12000,-0.12000,0.00000,0.00000,0.00000,0,1.000
147356,37.2837,-41.1683,-4.5027,-0.509,0.169,-0.489,-0.033,-0.024,-0.004,0.000,0.000,-0.000,0.12000,-0.12000,-0.12000,0.00000,0.00000,0.00000,0,1.000
147364,37.2856,-41.1680,-4.5008,-0.494,0.023,-0.463,-0.030,-0.033,0.002,0.000,-0.000,-0.000,0.12000,-0.12000,-0.12000,0.00000,0.00000,0.00000,0,1.000
147372,37.2871,-41.1655,-4.4972,0.031,-0.105,-0.332,-0.018,-0.023,0.003,0.000,-0.000,-0.000,0.12000,-0.12000,-0.12000,0.00000,0.00000,0.00000,0,1.000
147380,37.2925,-41.1617,-4.4889,0.337,-0.012,-0.413,-0.007,-0.027,-0.003,0.000,-0.000,-0.000,0.12000,-0.12000,-0.12000,0.00000,0.00000,0.00000,0,1.000
147387,37.2976,-41.1575,-4.4807,0.287,0.056,-0.431,-0.003,-0.025,-0.001,0.000,-0.000,-0.000,0.12000,-0.12000,-0.12000,0.00000,0.00000,0.00000,0,1.000
147395,37.3025,-41.1545,-4.4736,0.258,0.220,-0.355,0.024,-0.021,0.010,0.000,-0.000,-0.000,0.12000,-0.12000,-0.12000,0.00000,0.00000,0.00000,0,1.000
147403,37.3068,-41.1523,-4.4679,0.279,0.101,-0.044,0.034,-0.001,0.005,0.000,-0.000,-0.000,0.12000,-0.12000,-0.12000,0.00000,0.00000,0.00000,0,1.000
147410,37.3088,-41.1517,-4.4655,0.308,-0.019,-0.165,0.039,0.014,0.006,0.000,-0.000,-0.000,0.12000,-0.12000,-0.12000,0.00000,0.00000,0.00000,0,1.000
147418,37.3096,-41.1507,-4.4639,0.243,0.023,-0.036,0.031,0.022,-0.009,0.000,-0.000,-0.000,0.12000,-0.12000,-0.12000,0.00000,0.00000,0.00000,0,1.000
147426,37.3106,-41.1498,-4.4623,0.187,-0.194,-0.081,-0.002,0.038,0.006,0.000,-0.000,-0.000,0.12000,-0.12000,-0.12000,0.00000,0.00000,0.00000,0,1.000
147434,37.3105,-41.1498,-4.4623,0.202,-0.254,-0.141,0.009,0.038,-0.001,0.000,-0.000,-0.000,0.12000,-0.12000,-0.12000,0.00000,0.00000,0.00000,0,1.000
147441,37.3092,-41.1505,-4.4641,0.008,-0.042,0.158,-0.008,0.029,-0.008,0.000,-0.000,-0.000,0.12000,-0.12000,-0.12000,0.00000,0.00000,0.00000,0,1.000
147449,37.3083,-41.1519,-4.4662,-0.121,0.128,0.328,-0.008,0.011,-0.024,0.000,0.000,-0.000,0.12000,-0.12000,-0.12000,0.00000,0.00000,0.00000,0,1.000
147457,37.3078,-41.1518,-4.4665,-0.326,0.072,0.272,-0.022,0.001,-0.010,0.000,0.000,-0.000,0.12000,-0.12000,-0.12000,0.00000,0.00000,0.00000,0,1.000
147465,37.3077,-41.1509,-4.4658,-0.325,0.158,0.185,-0.026,-0.017,-0.006,0.000,-0.000,-0.000,0.12000,-0.12000,-0.12000,0.00000,0.00000,0.00000,0,1.000
147473,37.3071,-41.1494,-4.4650,-0.075,0.033,0.061,-0.028,-0.031,-0.011,0.000,-0.000,-0.000,0.12000,-0.12000,-0.12000,0.00000,0.00000,0.00000,0,1.000
147480,37.3037,-41.1496,-4.4681,-0.139,0.031,0.232,-0.027,-0.039,-0.002,0.000,-0.000,-0.000,0.12000,-0.12000,-0.12000,0.00000,0.00000,0.00000,0,1.000
147488,37.3046,-41.1466,-4.4646,0.111,-0.008,0.021,-0.021,-0.029,0.000,0.000,-0.000,-0.000,0.12000,-0.12000,-0.12000,0.00000,0.00000,0.00000,0,1.000
147496,37.3011,-41.1474,-4.4684,0.103,0.120,0.323,-0.006,-0.034,-0.005,0.000,-0.000,-0.000,0.12000,-0.12000,-0.12000,0.00000,0.00000,0.00000,0,1.000
147504,37.2996,-41.1477,-4.4701,0.217,-0.205,0.429,-0.003,-0.014,0.001,0.000,-0.000,-0.000,0.12000,-0.12000,-0.12000,0.00000,0.00000,0.00000,0,1.000
147511,37.2990,-41.1492,-4.4719,0.024,0.050,0.684,0.015,0.005,0.025,0.000,-0.000,-0.000,0.12000,-0.12000,-0.12000,0.00000,0.00000,0.00000,0,1.000
147519,37.2982,-41.1513,-4.4745,0.187,0.045,0.419,0.010,0.030,0.024,0.000,-0.000,-0.000,0.12000,-0.12000,-0.12000,0.00000,0.00000,0.00000,0,1.000
147527,37.2997,-41.1515,-4.4733,-0.367,0.207,0.494,0.015,0.041,0.020,0.000,-0.000,-0.000,0.12000,-0.12000,-0.12000,0.00000,0.00000,0.00000,0,1.000
147535,37.3013,-41.1525,-4.4728,-0.133,0.144,0.430,0.022,0.030,0.007,0.000,-0.000,-0.000,0.12000,-0.12000,-0.12000,0.00000,0.00000,0.00000,0,1.000
147542,37.3007,-41.1545,-4.4753,-0.062,0.257,0.457,0.026,0.030,0.005,0.000,-0.000,-0.000,0.12000,-0.12000,-0.12000,0.00000,0.00000,0.00000,0,1.000
147550,37.2985,-41.1567,-4.4791,-0.297,0.494,0.349,0.021,0.019,-0.004,0.000,-0.000,-0.000,0.12000,-0.12000,-0.12000,0.00000,0.00000,0.00000,0,1.000
147558,37.2968,-41.1580,-4.4819,-0.171,0.738,0.508,0.005,0.013,-0.021,0.000,-0.000,-0.000,0.12000,-0.12000,-0.12000,0.00000,0.00000,0.00000,0,1.000
147566,37.2942,-41.1612,-4.4870,0.028,0.509,0.538,0.001,-0.017,-0.020,0.000,-0.000,-0.000,0.12000,-0.12000,-0.12000,0.00000,0.00000,0.00000,0,1.000
147573,37.2922,-41.1638,-4.4911,0.157,0.209,0.498,-0.009,-0.005,-0.015,0.000,-0.000,-0.000,0.12000,-0.12000,-0.12000,0.00000,0.00000,0.00000,0,1.000
147581,37.2890,-41.1656,-4.4956,-0.169,0.064,0.440,-0.013,-0.009,-0.013,0.000,-0.000,-0.000,0.12000,-0.12000,-0.12000,0.00000,0.00000,0.00000,0,1.000
147589,37.2860,-41.1691,-4.5014,-0.134,0.185,0.389,-0.020,-0.008,-0.005,0.000,-0.000,-0.000,0.12000,-0.12000,-0.12000,0.00000,0.00000,0.00000,0,1.000
147597,37.2832,-41.1735,-4.5079,-0.197,-0.144,0.147,-0.030,-0.002,-0.004,0.000,-0.000,-0.000,0.12000,-0.12000,-0.12000,0.00000,0.00000,0.00000,0,1.000
147604,37.2818,-41.1761,-4.5114,-0.459,-0.287,-0.082,-0.018,0.013,0.005,0.000,-0.000,-0.000,0.12000,-0.12000,-0.12000,0.00000,0.00000,0.00000,0,1.000
147612,37.2836,-41.1770,-4.5106,-0.459,-0.157,-0.212,0.006,0.019,0.015,0.000,-0.000,-0.000,0.12000,-0.12000,-0.12000,0.00000,0.00000,0.00000,0,1.000
147620,37.2843,-41.1785,-4.5114,-0.474,0.077,-0.324,0.009,0.022,0.017,0.000,-0.000,-0.000,0.12000,-0.12000,-0.12000,0.00000,0.00000,0.00000,0,1.000
147627,37.2854,-41.1801,-4.5119,-0.361,0.010,-0.477,0.002,0.001,0.008,0.000,-0.000,-0.000,0.12000,-0.12000,-0.12000,0.00000,0.00000,0.00000,0,1.000
147635,37.2903,-41.1778,-4.5055,-0.404,0.407,-0.513,0.020,-0.011,0.014,0.000,-0.000,-0.000,0.12000,-0.12000,-0.12000,0.00000,0.00000,0.00000,0,1.000
147643,37.2923,-41.1762,-4.5023,0.013,0.501,-0.073,0.023,-0.007,0.010,0.000,-0.000,-0.000,0.12000,-0.12000,-0.12000,0.00000,0.00000,0.00000,0,1.000
147651,37.2920,-41.1741,-4.5006,0.319,0.205,0.234,0.018,-0.010,0.004,0.000,-0.000,-0.000,0.12000,-0.12000,-0.12000,0.00000,0.00000,0.00000,0,1.000
147659,37.2944,-41.1705,-4.4953,0.625,0.254,0.197,0.021,-0.003,0.004,0.000,-0.000,-0.000,0.12000,-0.12000,-0.12000,0.00000,0.00000,0.00000,0,1.000
147666,37.2955,-41.1681,-4.4921,0.525,0.303,0.246,0.007,-0.000,0.009,0.000,-0.000,-0.000,0.12000,-0.12000,-0.12000,0.00000,0.00000,0.00000,0,1.000
147674,37.2951,-41.1676,-4.4920,0.540,0.027,0.402,-0.004,0.020,-0.006,0.000,-0.000,-0.000,0.12000,-0.12000,-0.12000,0.00000,0.00000,0.00000,0,1.000
147682,37.2941,-41.1674,-4.4928,0.696,0.065,0.526,-0.001,0.005,-0.005,0.000,-0.000,-0.000,0.12000,-0.12000,-0.12000,0.00000,0.00000,0.00000,0,1.000
147690,37.2932,-41.1684,-4.4944,0.100,-0.050,0.497,-0.029,-0.002,-0.023,0.000,-0.000,-0.000,0.12000,-0.12000,-0.12000,0.00000,0.00000,0.00000,0,1.000
147697,37.2906,-41.1711,-4.4991,0.205,0.099,0.560,-0.020,-0.002,-0.016,0.000,-0.000,-0.000,0.12000,-0.12000,-0.12000,0.00000,0.00000,0.00000,0,1.000
147705,37.2882,-41.1725,-4.5026,-0.056,-0.131,0.417,-0.020,0.004,-0.005,0.000,-0.000,-0.000,0.12000,-0.12000,-0.12000,0.00000,0.00000,0.00000,0,1.000
147713,37.2863,-41.1736,-4.5052,-0.062,-0.244,0.218,-0.034,0.004,-0.007,0.000,-0.000,-0.000,0.12000,-0.12000,-0.12000,0.00000,0.00000,0.00000,0,1.000
147721,37.2859,-41.1731,-4.5052,-0.238,-0.377,-0.002,-0.018,0.009,0.009,0.000,-0.000,-0.000,0.12000,-0.12000,-0.12000,0.00000,0.00000,0.00000,0,1.000
147729,37.2841,-41.1738,-4.5074,-0.253,-0.144,-0.114,-0.001,0.019,0.000,0.000,-0.000,-0.000,0.12000,-0.12000,-0.12000,0.00000,0.00000,0.00000,0,1.000
147736,37.2821,-41.1742,-4.5095,0.073,-0.043,-0.012,-0.007,0.017,0.018,0.000,0.000,-0.000,0.12000,-0.12000,-0.12000,0.00000,0.00000,0.00000,0,1.000
147744,37.2799,-41.1754,-4.5126,-0.267,-0.171,0.033,-0.001,0.020,0.011,0.000,0.000,-0.000,0.12000,-0.12000,-0.12000,0.00000,0.00000,0.00000,0,1.000
147752,37.2776,-41.1766,-4.5157,-0.423,-0.252,-0.047,0.026,0.009,0.025,0.000,0.000,-0.000,0.12000,-0.12000,-0.12000,0.00000,0.00000,0.00000,0,1.000
147759,37.2759,-41.1771,-4.5176,-0.458,-0.245,-0.126,0.036,0.007,0.044,0.000,0.000,-0.000,0.12000,-0.12000,-0.12000,0.00000,0.00000,0.00000,0,1.000
147767,37.2743,-41.1760,-4.5180,-0.648,-0.189,-0.415,0.036,-0.001,0.039,0.000,0.000,-0.000,0.12000,-0.12000,-0.12000,0.00000,0.00000,0.00000,0,1.000
147775,37.2705,-41.1773,-4.5225,-0.853,-0.203,-0.513,0.034,-0.012,0.038,0.000,0.000,0.000,0.12000,-0.12000,-0.12000,0.00000,0.00000,0.00000,0,1.000
147783,37.2671,-41.1787,-4.5267,-1.163,-0.107,-0.933,0.029,-0.003,0.022,0.000,0.000,0.000,0.12000,-0.12000,-0.12000,0.00000,0.00000,0.00000,0,1.000
147790,37.2641,-41.1807,-4.5312,-1.242,-0.006,-0.744,0.020,-0.006,0.014,0.000,0.000,0.000,0.12000,-0.12000,-0.12000,0.00000,0.00000,0.00000,0,1.000
147798,37.2626,-41.1819,-4.5336,-1.406,0.085,-0.566,-0.001,-0.005,-0.022,0.000,0.000,0.000,0.12000,-0.12000,-0.12000,0.00000,0.00000,0.00000,0,1.000
147806,37.2640,-41.1806,-4.5312,-1.193,0.167,-0.226,-0.011,-0.028,-0.025,0.000,0.000,0.000,0.12000,-0.12000,-0.12000,0.00000,0.00000,0.00000,0,1.000
147814,37.2664,-41.1797,-4.5283,-0.902,0.190,-0.117,-0.024,-0.027,-0.045,0.000,-0.000,0.000,0.12000,-0.12000,-0.12000,0.00000,0.00000,0.00000,0,1.000
147821,37.2712,-41.1781,-4.5226,-0.937,0.414,-0.412,-0.033,-0.020,-0.041,0.000,-0.000,-0.000,0.12000,-0.12000,-0.12000,0.00000,0.00000,0.00000,0,1.000
147829,37.2781,-41.1789,-4.5173,-1.137,0.645,-0.442,-0.023,-0.009,-0.029,0.000,-0.000,-0.000,0.12000,-0.12000,-0.12000,0.00000,0.00000,0.00000,0,1.000
147837,37.2846,-41.1791,-4.5117,-1.308,0.668,-0.506,-0.013,-0.033,-0.024,0.000,-0.000,-0.000,0.12000,-0.12000,-0.12000,0.00000,0.00000,0.00000,0,1.000
147845,37.2877,-41.1827,-4.5123,-1.232,0.809,-0.194,-0.002,-0.015,-0.031,0.000,-0.000,-0.000,0.12000,-0.12000,-0.12000,0.00000,0.00000,0.00000,0,1.000
147852,37.2908,-41.1857,-4.5122,-1.198,0.672,0.014,0.002,0.001,-0.018,0.000,-0.000,-0.000,0.12000,-0.12000,-0.12000,0.00000,0.00000,0.00000,0,1.000
147860,37.2917,-41.1888,-4.5143,-1.198,0.716,-0.029,-0.004,0.019,-0.012,0.000,-0.000,-0.000,0.12000,-0.12000,-0.12000,0.00000,0.00000,0.00000,0,1.000
147868,37.2923,-41.1906,-4.5154,-0.934,0.445,-0.127,-0.004,0.028,-0.006,0.000,-0.000,-0.000,0.12000,-0.12000,-0.12000,0.00000,0.00000,0.00000,0,1.000
147876,37.2929,-41.1919,-4.5160,-0.762,-0.078,-0.305,0.012,0.039,0.020,0.000,-0.000,-0.000,0.12000,-0.12000,-0.12000,0.00000,0.00000,0.00000,0,1.000
147884,37.2954,-41.1927,-4.5145,-0.642,0.097,-0.389,0.015,0.046,0.035,0.000,0.000,-0.000,0.12000,-0.12000,-0.12000,0.00000,0.00000,0.00000,0,1.000
147891,37.2956,-41.1942,-4.5157,-0.534,-0.125,-0.698,0.016,0.038,0.054,0.000,0.000,-0.000,0.12000,-0.12000,-0.12000,0.00000,0.00000,0.00000,0,1.000
147899,37.2970,-41.1965,-4.5166,-0.538,0.118,-0.196,0.025,0.030,0.057,0.000,0.000,-0.000,0.12000,-0.12000,-0.12000,0.00000,0.00000,0.00000,0,1.000
147907,37.2968,-41.1994,-4.5194,-0.679,-0.152,-0.208,0.019,0.013,0.038,0.000,0.000,0.000,0.12000,-0.12000,-0.12000,0.00000,0.00000,0.00000,0,1.000
147914,37.2950,-41.2027,-4.5240,-0.539,-0.054,-0.023,0.006,-0.014,0.031,0.000,0.000,0.000,0.12000,-0.12000,-0.12000,0.00000,0.00000,0.00000,0,1.000
147922,37.2957,-41.2040,-4.5245,-0.654,0.142,0.000,0.014,-0.023,0.011,0.000,0.000,0.000,0.12000,-0.12000,-0.12000,0.00000,0.00000,0.00000,0,1.000
147930,37.2964,-41.2046,-4.5245,-0.759,-0.049,-0.019,0.010,-0.041,0.016,0.000,0.000,0.000,0.12000,-0.12000,-0.12000,0.00000,0.00000,0.00000,0,1.000
147938,37.2985,-41.2037,-4.5217,-0.234,-0.220,0.155,-0.013,-0.054,-0.004,0.000,-0.000,0.000,0.12000,-0.12000,-0.12000,0.00000,0.00000,0.00000,0,1.000
147946,37.2974,-41.2058,-4.5246,0.106,0.037,-0.019,-0.021,-0.044,0.000,0.000,-0.000,0.000,0.12000,-0.12000,-0.12000,0.00000,0.00000,0.00000,0,1.000
147953,37.2953,-41.2076,-4.5281,0.346,-0.001,0.202,-0.026,-0.023,-0.018,0.000,-0.000,0.000,0.12000,-0.12000,-0.12000,0.00000,0.00000,0.00000,0,1.000
147961,37.2934,-41.2103,-4.5322,0.374,-0.207,0.168,-0.032,-0.012,-0.035,0.000,-0.000,0.000,0.12000,-0.12000,-0.12000,0.00000,0.00000,0.00000,0,1.000
147969,37.2934,-41.2116,-4.5335,0.231,0.024,0.399,-0.022,0.008,-0.055,0.000,-0.000,-0.000,0.12000,-0.12000,-0.12000,0.00000,0.00000,0.00000,0,1.000
147977,37.2915,-41.2135,-4.5368,0.251,0.292,0.322,-0.021,0.024,-0.046,0.000,-0.000,-0.000,0.12000,-0.12000,-0.12000,0.00000,0.00000,0.00000,0,1.000
147984,37.2916,-41.2150,-4.5380,0.541,0.229,0.517,-0.009,0.043,-0.034,0.000,-0.000,-0.000,0.12000,-0.12000,-0.12000,0.00000,0.00000,0.00000,0,1.000
147992,37.2912,-41.2154,-4.5387,0.839,0.295,0.152,0.001,0.023,-0.006,0.000,-0.000,-0.000,0.12000,-0.12000,-0.12000,0.00000,0.00000,0.00000,0,1.000
148000,37.2921,-41.2135,-4.5363,0.939,0.202,0.146,0.010,0.028,0.012,0.000,0.000,-0.000,0.12000,-0.12000,-0.12000,0.00000,0.00000,0.00000,0,1.000
148008,37.2914,-41.2128,-4.5362,0.960,0.297,0.241,0.015,0.024,0.024,0.000,0.000,-0.000,0.12000,-0.12000,-0.12000,0.00000,0.00000,0.00000,0,1.000
148015,37.2901,-41.2123,-4.5370,1.024,0.126,0.243,0.018,0.023,0.016,0.000,0.000,-0.000,0.12000,-0.12000,-0.12000,0.00000,0.00000,0.00000,0,1.000
148023,37.2892,-41.2117,-4.5372,1.130,0.102,0.478,0.024,0.001,0.028,0.000,0.000,-0.000,0.12000,-0.12000,-0.12000,0.00000,0.00000,0.00000,0,1.000
148031,37.2879,-41.2117,-4.5384,0.634,0.023,0.313,0.038,0.011,0.012,0.000,0.000,-0.000,0.12000,-0.12000,-0.12000,0.00000,0.00000,0.00000,0,1.000
148039,37.2875,-41.2108,-4.5379,0.698,-0.235,0.401,0.028,-0.011,0.019,0.000,0.000,-0.000,0.12000,-0.12000,-0.12000,0.00000,0.00000,0.00000,0,1.000
148046,37.2880,-41.2093,-4.5361,0.727,-0.182,0.108,0.016,-0.027,0.008,0.000,0.000,-0.000,0.12000,-0.12000,-0.12000,0.00000,0.00000,0.00000,0,1.000
148054,37.2867,-41.2077,-4.5358,0.522,-0.239,0.052,0.002,-0.026,0.012,0.000,0.000,0.000,0.12000,-0.12000,-0.12000,0.00000,0.00000,0.00000,0,1.000
148062,37.2878,-41.2049,-4.5323,0.652,-0.366,-0.162,-0.004,-0.030,0.005,0.000,-0.000,0.000,0.12000,-0.12000,-0.12000,0.00000,0.00000,0.00000,0,1.000
148070,37.2893,-41.2024,-4.5287,0.502,-0.248,-0.130,-0.025,-0.016,-0.002,0.000,-0.000,0.000,0.12000,-0.12000,-0.12000,0.00000,0.00000,0.00000,0,1.000
148078,37.2901,-41.1996,-4.5255,0.353,0.172,-0.401,-0.036,-0.018,-0.009,0.000,-0.000,0.000,0.12000,-0.12000,-0.12000,0.00000,0.00000,0.00000,0,1.000
148085,37.2893,-41.1974,-4.5241,0.418,-0.173,-0.227,-0.036,-0.008,-0.025,0.000,-0.000,-0.000,0.12000,-0.12000,-0.12000,0.00000,0.00000,0.00000,0,1.000
148093,37.2887,-41.1961,-4.5235,-0.050,0.041,-0.185,-0.033,0.016,-0.014,0.000,-0.000,-0.000,0.12000,-0.12000,-0.12000,0.00000,0.00000,0.00000,0,1.000
148101,37.2871,-41.1950,-4.5239,0.021,-0.018,0.015,-0.013,0.012,-0.030,0.000,-0.000,-0.000,0.12000,-0.12000,-0.12000,0.00000,0.00000,0.00000,0,1.000
148109,37.2856,-41.1938,-4.5241,-0.134,0.029,-0.195,-0.008,0.022,-0.011,0.000,-0.000,-0.000,0.12000,-0.12000,-0.12000,0.00000,0.00000,0.00000,0,1.000
148186,37.2851,-41.2016,-4.5317,-0.680,0.147,-0.507,-0.028,0.001,-0.005,0.000,-0.000,0.000,0.12000,-0.12000,-0.12000,0.00000,0.00000,0.00000,0,1.000
148194,37.2846,-41.2021,-4.5326,-0.460,0.013,-0.382,-0.042,0.011,-0.011,0.000,-0.000,0.000,0.12000,-0.12000,-0.12000,0.00000,0.00000,0.00000,0,1.000
148202,37.2835,-41.2049,-4.5360,-0.191,0.027,-0.454,-0.025,0.019,-0.033,0.000,0.000,0.000,0.12000,-0.12000,-0.12000,0.00000,0.00000,0.00000,0,1.000
148210,37.2837,-41.2060,-4.5369,-0.305,0.137,-0.343,-0.031,0.013,-0.038,0.000,0.000,0.000,0.12000,-0.12000,-0.12000,0.00000,0.00000,0.00000,0,1.000
148217,37.2832,-41.2066,-4.5379,-0.208,0.286,0.151,-0.028,0.018,-0.046,0.000,0.000,-0.000,0.12000,-0.12000,-0.12000,0.00000,0.00000,0.00000,0,1.000
148225,37.2840,-41.2066,-4.5371,-0.094,0.305,-0.089,-0.020,0.009,-0.040,0.000,0.000,-0.000,0.12000,-0.12000,-0.12000,0.00000,0.00000,0.00000,0,1.000
148233,37.2853,-41.2072,-4.5365,-0.009,0.143,0.094,-0.004,-0.007,-0.028,0.000,0.000,-0.000,0.12000,-0.12000,-0.12000,0.00000,0.00000,0.00000,0,1.000
148241,37.2872,-41.2065,-4.5342,-0.152,0.460,0.238,-0.006,-0.016,-0.012,-0.000,0.000,-0.000,0.12000,-0.12000,-0.12000,0.00000,0.00000,0.00000,0,1.000
148249,37.2893,-41.2060,-4.5319,0.111,0.491,-0.162,0.004,-0.028,0.017,0.000,0.000,-0.000,0.12000,-0.12000,-0.12000,0.00000,0.00000,0.00000,0,1.000
148256,37.2933,-41.2042,-4.5268,0.097,0.509,-0.059,0.025,-0.028,0.037,0.000,-0.000,-0.000,0.12000,-0.12000,-0.12000,0.00000,0.00000,0.00000,0,1.000
148264,37.2947,-41.2044,-4.5257,0.281,0.340,0.031,0.023,-0.026,0.045,0.000,-0.000,-0.000,0.12000,-0.12000,-0.12000,0.00000,0.00000,0.00000,0,1.000
148272,37.2959,-41.2039,-4.5242,0.395,0.058,0.093,0.041,-0.016,0.042,0.000,-0.000,-0.000,0.12000,-0.12000,-0.12000,0.00000,0.00000,0.00000,0,1.000
148280,37.2983,-41.2027,-4.5210,0.266,0.056,0.436,0.032,0.002,0.020,0.000,-0.000,0.000,0.12000,-0.12000,-0.12000,0.00000,0.00000,0.00000,0,1.000
148287,37.2972,-41.2048,-4.5239,0.266,0.142,0.350,0.034,0.015,0.003,0.000,-0.000,0.000,0.12000,-0.12000,-0.12000,0.00000,0.00000,0.00000,0,1.000
148295,37.3009,-41.2027,-4.5187,0.181,0.176,0.295,0.024,0.022,0.014,0.000,-0.000,0.000,0.12000,-0.12000,-0.12000,0.00000,0.00000,0.00000,0,1.000
148303,37.3047,-41.2003,-4.5132,0.067,0.200,0.491,0.028,0.019,-0.020,0.000,0.000,0.000,0.12000,-0.12000,-0.12000,0.00000,0.00000,0.00000,0,1.000
148311,37.3042,-41.1995,-4.5129,0.105,-0.093,0.112,-0.001,0.026,-0.013,0.000,0.000,0.000,0.12000,-0.12000,-0.12000,0.00000,0.00000,0.00000,0,1.000
148318,37.3037,-41.1986,-4.5126,0.381,-0.053,0.324,-0.016,0.003,-0.030,0.000,0.000,0.000,0.12000,-0.12000,-0.12000,0.00000,0.00000,0.00000,0,1.000
148326,37.3004,-41.2005,-4.5172,0.246,-0.082,0.382,-0.042,-0.003,-0.018,0.000,0.000,-0.000,0.12000,-0.12000,-0.12000,0.00000,0.00000,0.00000,0,1.000
148334,37.3001,-41.2002,-4.5172,0.290,-0.262,0.202,-0.049,-0.019,-0.026,0.000,0.000,-0.000,0.12000,-0.12000,-0.12000,0.00000,0.00000,0.00000,0,1.000
148342,37.2995,-41.1995,-4.5171,0.396,-0.243,0.394,-0.044,-0.017,-0.024,0.000,0.000,-0.000,0.12000,-0.12000,-0.12000,0.00000,0.00000,0.00000,0,1.000
148349,37.2972,-41.1999,-4.5195,0.191,-0.256,0.295,-0.038,-0.027,-0.010,0.000,-0.000,-0.000,0.12000,-0.12000,-0.12000,0.00000,0.00000,0.00000,0,1.000
148357,37.2949,-41.2000,-4.5216,0.376,-0.382,0.341,-0.031,-0.018,-0.011,0.000,-0.000,-0.000,0.12000,-0.12000,-0.12000,0.00000,0.00000,0.00000,0,1.000
148365,37.2951,-41.1989,-4.5204,0.247,-0.169,0.468,-0.008,-0.028,-0.029,-0.000,-0.000,-0.000,0.12000,-0.12000,-0.12000,0.00000,0.00000,0.00000,0,1.000
148373,37.2955,-41.1991,-4.5202,0.127,0.045,0.163,0.019,-0.016,-0.008,-0.000,-0.000,-0.000,0.12000,-0.12000,-0.12000,0.00000,0.00000,0.00000,0,1.000
148380,37.2950,-41.1976,-4.5193,0.277,-0.073,0.132,0.023,-0.003,0.003,0.000,-0.000,-0.000,0.12000,-0.12000,-0.12000,0.00000,0.00000,0.00000,0,1.000
148388,37.2950,-41.1950,-4.5170,0.503,-0.009,0.369,0.032,0.011,0.030,0.000,-0.000,-0.000,0.12000,-0.12000,-0.12000,0.00000,0.00000,0.00000,0,1.000
148396,37.2959,-41.1936,-4.5149,0.510,0.406,0.265,0.032,0.011,0.036,0.000,-0.000,-0.000,0.12000,-0.12000,-0.12000,0.00000,0.00000,0.00000,0,1.000
148404,37.2953,-41.1931,-4.5150,0.645,0.175,0.467,0.032,0.022,0.037,0.000,-0.000,-0.000,0.12000,-0.12000,-0.12000,0.00000,0.00000,0.00000,0,1.000
148411,37.2944,-41.1925,-4.5152,0.234,0.235,0.182,0.022,0.022,0.030,0.000,-0.000,-0.000,0.12000,-0.12000,-0.12000,0.00000,0.00000,0.00000,0,1.000
148419,37.2920,-41.1945,-4.5192,0.061,0.370,0.749,0.016,0.026,0.004,0.000,-0.000,0.000,0.12000,-0.12000,-0.12000,0.00000,0.00000,0.00000,0,1.000
148427,37.2886,-41.1955,-4.5230,0.106,0.103,0.655,0.008,0.010,0.010,0.000,-0.000,0.000,0.12000,-0.12000,-0.12000,0.00000,0.00000,0.00000,0,1.000
148434,37.2871,-41.1952,-4.5241,-0.035,0.177,0.298,-0.006,0.014,0.003,0.000,0.000,0.000,0.12000,-0.12000,-0.12000,0.00000,0.00000,0.00000,0,1.000
148442,37.2859,-41.1948,-4.5248,0.151,0.094,0.301,-0.008,0.006,-0.010,0.000,0.000,0.000,0.12000,-0.12000,-0.12000,0.00000,0.00000,0.00000,0,1.000
148450,37.2867,-41.1938,-4.5231,0.060,0.144,-0.081,-0.022,0.008,-0.017,0.000,0.000,-0.000,0.12000,-0.12000,-0.12000,0.00000,0.00000,0.00000,0,1.000
148457,37.2859,-41.1939,-4.5240,-0.005,0.142,0.091,-0.026,0.004,-0.021,0.000,0.000,-0.000,0.12000,-0.12000,-0.12000,0.00000,0.00000,0.00000,0,1.000
148465,37.2862,-41.1935,-4.5234,-0.040,0.107,0.056,-0.031,-0.001,-0.020,0.000,0.000,-0.000,0.12000,-0.12000,-0.12000,0.00000,0.00000,0.00000,0,1.000
148473,37.2868,-41.1931,-4.5225,0.010,-0.004,0.117,-0.028,0.001,-0.023,0.000,0.000,-0.000,0.12000,-0.12000,-0.12000,0.00000,0.00000,0.00000,0,1.000
148481,37.2855,-41.1945,-4.5249,-0.019,0.116,0.237,-0.016,-0.006,-0.022,0.000,0.000,-0.000,0.12000,-0.12000,-0.12000,0.00000,0.00000,0.00000,0,1.000
148488,37.2816,-41.1974,-4.5309,-0.275,-0.045,0.336,0.004,0.002,-0.022,0.000,0.000,-0.000,0.12000,-0.12000,-0.12000,0.00000,0.00000,0.00000,0,1.000
148496,37.2808,-41.1981,-4.5323,-0.380,0.022,0.058,0.020,0.009,-0.017,0.000,0.000,-0.000,0.12000,-0.12000,-0.12000,0.00000,0.00000,0.00000,0,1.000
148504,37.2789,-41.2002,-4.5358,-0.275,-0.002,0.293,0.036,0.013,0.008,0.000,0.000,-0.000,0.12000,-0.12000,-0.12000,0.00000,0.00000,0.00000,0,1.000
148512,37.2802,-41.2006,-4.5351,-0.310,0.265,-0.044,0.042,0.009,0.014,0.000,0.000,-0.000,0.12000,-0.12000,-0.12000,0.00000,0.00000,0.00000,0,1.000
148519,37.2791,-41.2003,-4.5358,-0.083,0.287,0.237,0.039,0.015,0.033,0.000,0.000,-0.000,0.12000,-0.12000,-0.12000,0.00000,0.00000,0.00000,0,1.000
148527,37.2799,-41.1998,-4.5346,-0.054,0.166,0.116,0.038,0.018,0.034,0.000,0.000,-0.000,0.12000,-0.12000,-0.12000,0.00000,0.00000,0.00000,0,1.000
148535,37.2793,-41.2020,-4.5371,-0.104,0.191,0.141,0.021,0.029,0.039,0.000,0.000,-0.000,0.12000,-0.12000,-0.12000,0.00000,0.00000,0.00000,0,1.000
148542,37.2777,-41.2048,-4.5410,-0.140,0.285,-0.023,0.007,0.025,0.041,0.000,0.000,0.000,0.12000,-0.12000,-0.12000,0.00000,0.00000,0.00000,0,1.000
148550,37.2766,-41.2070,-4.5440,-0.713,0.110,-0.543,-0.005,0.021,0.039,0.000,0.000,0.000,0.12000,-0.12000,-0.12000,0.00000,0.00000,0.00000,0,1.000
148558,37.2779,-41.2086,-4.5444,-0.699,0.481,-1.034,-0.003,-0.008,0.034,0.000,0.000,0.000,0.12000,-0.12000,-0.12000,0.00000,0.00000,0.00000,0,1.000
148566,37.2761,-41.2125,-4.5494,-1.011,0.362,-1.238,-0.014,-0.011,0.021,0.000,0.000,0.000,0.12000,-0.12000,-0.12000,0.00000,0.00000,0.00000,0,1.000
148574,37.2788,-41.2106,-4.5454,-1.315,0.485,-1.373,-0.014,-0.023,0.010,0.000,0.000,0.000,0.12000,-0.12000,-0.12000,0.00000,0.00000,0.00000,0,1.000
148582,37.2795,-41.2094,-4.5436,-0.833,0.321,-0.846,-0.023,-0.028,-0.024,0.000,0.000,0.000,0.12000,-0.12000,-0.12000,0.00000,0.00000,0.00000,0,1.000
148589,37.2831,-41.2051,-4.5365,-0.357,0.175,-0.647,-0.038,-0.017,-0.049,0.000,0.000,0.000,0.12000,-0.12000,-0.12000,0.00000,0.00000,0.00000,0,1.000
148597,37.2902,-41.1980,-4.5238,0.090,0.236,-0.415,-0.043,-0.008,-0.075,0.000,0.000,0.000,0.12000,-0.12000,-0.12000,0.00000,0.00000,0.00000,0,1.000
148605,37.2988,-41.1923,-4.5112,0.481,0.081,-0.228,-0.042,0.000,-0.073,0.000,0.000,-0.000,0.12000,-0.12000,-0.12000,0.00000,0.00000,0.00000,0,1.000
148612,37.3062,-41.1887,-4.5014,0.395,0.244,-0.411,-0.027,-0.002,-0.075,0.000,0.000,-0.000,0.12000,-0.12000,-0.12000,0.00000,0.00000,0.00000,0,1.000
148620,37.3114,-41.1878,-4.4960,-0.004,0.444,-0.212,-0.008,0.007,-0.061,0.000,0.000,-0.000,0.12000,-0.12000,-0.12000,0.00000,0.00000,0.00000,0,1.000
148628,37.3166,-41.1882,-4.4917,-0.063,0.729,-0.015,0.019,0.013,-0.031,0.000,0.000,-0.000,0.12000,-0.12000,-0.12000,0.00000,0.00000,0.00000,0,1.000
148636,37.3204,-41.1894,-4.4896,-0.462,0.585,0.529,0.044,0.017,-0.023,0.000,0.000,-0.000,0.12000,-0.12000,-0.12000,0.00000,0.00000,0.00000,0,1.000
148644,37.3195,-41.1922,-4.4929,-0.747,0.544,0.748,0.061,0.026,0.021,0.000,0.000,-0.000,0.12000,-0.12000,-0.12000,0.00000,0.00000,0.00000,0,1.000
148651,37.3200,-41.1933,-4.4934,-0.453,-0.062,0.745,0.054,0.028,0.043,0.000,0.000,-0.000,0.12000,-0.12000,-0.12000,0.00000,0.00000,0.00000,0,1.000
148659,37.3190,-41.1952,-4.4961,-0.178,0.064,0.871,0.041,0.025,0.055,0.000,0.000,-0.000,0.12000,-0.12000,-0.12000,0.00000,0.00000,0.00000,0,1.000
148667,37.3173,-41.1959,-4.4981,0.165,-0.395,0.670,0.041,0.006,0.081,0.000,0.000,-0.000,0.12000,-0.12000,-0.12000,0.00000,0.00000,0.00000,0,1.000
148674,37.3147,-41.1979,-4.5023,0.315,-0.426,0.552,0.008,0.011,0.082,0.000,0.000,-0.000,0.12000,-0.12000,-0.12000,0.00000,0.00000,0.00000,0,1.000
148682,37.3117,-41.2014,-4.5081,0.675,-0.203,0.603,0.007,-0.009,0.077,0.000,0.000,0.000,0.12000,-0.12000,-0.12000,0.00000,0.00000,0.00000,0,1.000
148690,37.3089,-41.2057,-4.5145,0.588,-0.428,0.809,-0.009,-0.029,0.047,0.000,0.000,0.000,0.12000,-0.12000,-0.12000,0.00000,0.00000,0.00000,0,1.000
148698,37.3040,-41.2106,-4.5232,0.388,-0.242,0.823,-0.013,-0.029,0.021,0.000,0.000,0.000,0.12000,-0.12000,-0.12000,0.00000,0.00000,0.00000,0,1.000
148706,37.2980,-41.2153,-4.5327,0.317,-0.312,0.753,-0.038,-0.031,-0.009,0.000,0.000,0.000,0.12000,-0.12000,-0.12000,0.00000,0.00000,0.00000,0,1.000
148713,37.2956,-41.2178,-4.5371,0.316,-0.225,0.667,-0.024,-0.040,-0.032,0.000,0.000,0.000,0.12000,-0.12000,-0.12000,0.00000,0.00000,0.00000,0,1.000
148721,37.2917,-41.2183,-4.5410,0.566,-0.264,0.457,-0.040,-0.020,-0.047,0.000,0.000,0.000,0.12000,-0.12000,-0.12000,0.00000,0.00000,0.00000,0,1.000
148729,37.2901,-41.2163,-4.5406,0.942,-0.016,0.360,-0.041,-0.017,-0.060,0.000,-0.000,0.000,0.12000,-0.12000,-0.12000,0.00000,0.00000,0.00000,0,1.000
148737,37.2885,-41.2154,-4.5412,1.220,-0.261,0.116,-0.041,0.000,-0.061,0.000,-0.000,-0.000,0.12000,-0.12000,-0.12000,0.00000,0.00000,0.00000,0,1.000
148744,37.2871,-41.2134,-4.5407,1.150,-0.246,-0.041,-0.021,0.012,-0.055,0.000,-0.000,-0.000,0.12000,-0.12000,-0.12000,0.00000,0.00000,0.00000,0,1.000
148752,37.2850,-41.2120,-4.5412,1.206,0.100,-0.126,0.007,0.024,-0.034,0.000,0.000,-0.000,0.12000,-0.12000,-0.12000,0.00000,0.00000,0.00000,0,1.000
148760,37.2843,-41.2104,-4.5403,0.866,0.015,-0.123,0.022,0.030,-0.004,0.000,0.000,-0.000,0.12000,-0.12000,-0.12000,0.00000,0.00000,0.00000,0,1.000
148768,37.2822,-41.2088,-4.5407,0.547,0.155,-0.155,0.028,0.037,0.013,0.000,0.000,-0.000,0.12000,-0.12000,-0.12000,0.00000,0.00000,0.00000,0,1.000
148776,37.2806,-41.2068,-4.5403,0.363,0.107,-0.029,0.047,0.028,0.032,0.000,0.000,-0.000,0.12000,-0.12000,-0.12000,0.00000,0.00000,0.00000,0,1.000
148784,37.2823,-41.2035,-4.5359,0.328,0.114,-0.108,0.041,0.018,0.055,0.000,0.000,-0.000,0.12000,-0.12000,-0.12000,0.00000,0.00000,0.00000,0,1.000
148791,37.2820,-41.2013,-4.5341,0.264,0.285,-0.109,0.037,0.006,0.059,0.000,0.000,-0.000,0.12000,-0.12000,-0.12000,0.00000,0.00000,0.00000,0,1.000
148799,37.2839,-41.1982,-4.5297,0.493,-0.194,-0.071,0.016,-0.018,0.054,0.000,0.000,0.000,0.12000,-0.12000,-0.12000,0.00000,0.00000,0.00000,0,1.000
148807,37.2837,-41.1968,-4.5285,0.365,-0.154,0.229,0.005,-0.027,0.035,0.000,0.000,0.000,0.12000,-0.12000,-0.12000,0.00000,0.00000,0.00000,0,1.000
148814,37.2835,-41.1968,-4.5287,0.209,-0.277,0.191,-0.000,-0.019,0.030,0.000,0.000,0.000,0.12000,-0.12000,-0.12000,0.00000,0.00000,0.00000,0,1.000
148822,37.2885,-41.1946,-4.5223,0.265,0.156,0.019,-0.019,-0.037,0.019,0.000,0.000,0.000,0.12000,-0.12000,-0.12000,0.00000,0.00000,0.00000,0,1.000
148830,37.2902,-41.1956,-4.5217,-0.147,0.045,-0.093,-0.033,-0.036,-0.005,0.000,-0.000,0.000,0.12000,-0.12000,-0.12000,0.00000,0.00000,0.00000,0,1.000
148838,37.2942,-41.1950,-4.5177,0.008,0.300,-0.185,-0.031,-0.037,-0.041,0.000,-0.000,0.000,0.12000,-0.12000,-0.12000,0.00000,0.00000,0.00000,0,1.000
148846,37.2970,-41.1945,-4.5147,-0.282,0.148,-0.165,-0.033,-0.022,-0.043,0.000,-0.000,0.000,0.12000,-0.12000,-0.12000,0.00000,0.00000,0.00000,0,1.000
148854,37.3007,-41.1925,-4.5097,-0.197,0.029,-0.026,-0.032,-0.003,-0.051,0.000,-0.000,0.000,0.12000,-0.12000,-0.12000,0.00000,0.00000,0.00000,0,1.000
148861,37.3008,-41.1928,-4.5099,-0.303,-0.077,-0.132,-0.024,0.013,-0.060,0.000,-0.000,-0.000,0.12000,-0.12000,-0.12000,0.00000,0.00000,0.00000,0,1.000
148869,37.2998,-41.1920,-4.5100,-0.267,-0.042,-0.096,-0.023,0.020,-0.047,0.000,-0.000,-0.000,0.12000,-0.12000,-0.12000,0.00000,0.00000,0.00000,0,1.000
148877,37.2993,-41.1931,-4.5115,-0.302,-0.077,-0.132,-0.007,0.039,-0.045,0.000,-0.000,-0.000,0.12000,-0.12000,-0.12000,0.00000,0.00000,0.00000,0,1.000
148884,37.2999,-41.1923,-4.5101,-0.026,0.092,-0.048,0.016,0.026,-0.028,0.000,0.000,-0.000,0.12000,-0.12000,-0.12000,0.00000,0.00000,0.00000,0,1.000
148892,37.2974,-41.1925,-4.5126,0.165,0.121,0.154,0.015,0.022,0.006,0.000,0.000,-0.000,0.12000,-0.12000,-0.12000,0.00000,0.00000,0.00000,0,1.000
148900,37.2981,-41.1896,-4.5093,0.485,0.110,0.057,0.023,0.002,0.019,0.000,0.000,-0.000,0.12000,-0.12000,-0.12000,0.00000,0.00000,0.00000,0,1.000
148908,37.2967,-41.1889,-4.5099,0.351,-0.092,0.287,0.020,-0.015,0.053,0.000,0.000,-0.000,0.12000,-0.12000,-0.12000,0.00000,0.00000,0.00000,0,1.000
148915,37.2964,-41.1883,-4.5096,0.486,-0.107,0.272,0.019,-0.003,0.062,0.000,0.000,-0.000,0.12000,-0.12000,-0.12000,0.00000,0.00000,0.00000,0,1.000
148923,37.2954,-41.1908,-4.5127,0.250,-0.128,0.423,0.033,-0.021,0.075,0.000,0.000,-0.000,0.12000,-0.12000,-0.12000,0.00000,0.00000,0.00000,0,1.000
148931,37.2937,-41.1941,-4.5172,0.114,-0.026,0.352,0.034,-0.036,0.078,0.000,-0.000,0.000,0.12000,-0.12000,-0.12000,0.00000,0.00000,0.00000,0,1.000
148939,37.2945,-41.1949,-4.5174,0.129,-0.043,0.249,0.017,-0.009,0.052,0.000,-0.000,0.000,0.12000,-0.12000,-0.12000,0.00000,0.00000,0.00000,0,1.000
148946,37.2951,-41.1967,-4.5183,-0.191,0.012,0.303,0.022,-0.014,0.046,0.000,-0.000,0.000,0.12000,-0.12000,-0.12000,0.00000,0.00000,0.00000,0,1.000
148954,37.2953,-41.1972,-4.5187,-0.142,0.031,0.235,0.008,-0.007,0.021,0.000,-0.000,0.000,0.12000,-0.12000,-0.12000,0.00000,0.00000,0.00000,0,1.000
148962,37.2975,-41.1965,-4.5162,0.078,0.027,0.230,0.004,0.012,-0.008,0.000,-0.000,0.000,0.12000,-0.12000,-0.12000,0.00000,0.00000,0.00000,0,1.000
148970,37.2975,-41.1951,-4.5149,0.369,0.136,0.253,-0.028,0.005,-0.037,0.000,-0.000,0.000,0.12000,-0.12000,-0.12000,0.00000,0.00000,0.00000,0,1.000
148978,37.2977,-41.1946,-4.5143,0.334,0.230,0.088,-0.040,0.022,-0.050,0.000,-0.000,0.000,0.12000,-0.12000,-0.12000,0.00000,0.00000,0.00000,0,1.000
148985,37.2965,-41.1953,-4.5159,0.445,0.491,0.350,-0.045,0.012,-0.049,0.000,0.000,0.000,0.12000,-0.12000,-0.12000,0.00000,0.00000,0.00000,0,1.000
148993,37.2970,-41.1940,-4.5143,0.375,0.291,0.409,-0.050,0.022,-0.055,0.000,0.000,0.000,0.12000,-0.12000,-0.12000,0.00000,0.00000,0.00000,0,1.000
149001,37.2956,-41.1936,-4.5152,0.276,0.168,0.631,-0.031,0.007,-0.060,0.000,0.000,-0.000,0.12000,-0.12000,-0.12000,0.00000,0.00000,0.00000,0,1.000
149008,37.2944,-41.1923,-4.5150,0.242,0.089,0.639,-0.003,0.007,-0.059,0.000,0.000,-0.000,0.12000,-0.12000,-0.12000,0.00000,0.00000,0.00000,0,1.000
149016,37.2918,-41.1918,-4.5169,0.257,0.200,0.406,-0.004,0.016,-0.026,0.000,0.000,-0.000,0.12000,-0.12000,-0.12000,0.00000,0.00000,0.00000,0,1.000
149024,37.2904,-41.1923,-4.5185,0.307,0.132,0.424,0.026,-0.005,0.004,0.000,0.000,-0.000,0.12000,-0.12000,-0.12000,0.00000,0.00000,0.00000,0,1.000
149032,37.2893,-41.1923,-4.5196,0.535,-0.002,0.118,0.030,-0.023,0.027,0.000,0.000,-0.000,0.12000,-0.12000,-0.12000,0.00000,0.00000,0.00000,0,1.000
149039,37.2862,-41.1953,-4.5249,0.399,0.013,0.133,0.038,-0.032,0.033,0.000,0.000,-0.000,0.12000,-0.12000,-0.12000,0.00000,0.00000,0.00000,0,1.000
149048,37.2858,-41.1968,-4.5267,0.249,-0.041,0.338,0.044,-0.026,0.030,0.000,-0.000,-0.000,0.12000,-0.12000,-0.12000,0.00000,0.00000,0.00000,0,1.000
149055,37.2843,-41.1992,-4.5302,0.085,0.094,0.473,0.037,-0.019,0.034,0.000,-0.000,0.000,0.12000,-0.12000,-0.12000,0.00000,0.00000,0.00000,0,1.000
149063,37.2874,-41.1994,-4.5276,-0.135,0.315,0.261,0.024,-0.029,0.043,0.000,-0.000,0.000,0.12000,-0.12000,-0.12000,0.00000,0.00000,0.00000,0,1.000
149071,37.2871,-41.1996,-4.5280,-0.241,-0.007,0.371,0.016,-0.016,0.016,0.000,-0.000,0.000,0.12000,-0.12000,-0.12000,0.00000,0.00000,0.00000,0,1.000
149078,37.2865,-41.1994,-4.5284,-0.149,0.073,0.623,-0.012,-0.013,0.011,0.000,-0.000,0.000,0.12000,-0.12000,-0.12000,0.00000,0.00000,0.00000,0,1.000
149086,37.2896,-41.1978,-4.5243,0.065,0.086,0.290,-0.021,0.016,-0.004,0.000,-0.000,0.000,0.12000,-0.12000,-0.12000,0.00000,0.00000,0.00000,0,1.000
149094,37.2892,-41.1968,-4.5237,-0.169,0.107,0.397,-0.044,0.026,-0.027,0.000,-0.000,0.000,0.12000,-0.12000,-0.12000,0.00000,0.00000,0.00000,0,1.000
149102,37.2872,-41.1989,-4.5274,0.080,0.025,0.230,-0.044,0.026,-0.021,0.000,-0.000,0.000,0.12000,-0.12000,-0.12000,0.00000,0.00000,0.00000,0,1.000
149109,37.2853,-41.2010,-4.5310,-0.062,-0.072,0.046,-0.062,0.044,-0.029,0.000,-0.000,0.000,0.12000,-0.12000,-0.12000,0.00000,0.00000,0.00000,0,1.000
149117,37.2815,-41.2051,-4.5380,0.093,0.051,0.084,-0.046,0.036,-0.052,0.000,0.000,-0.000,0.12000,-0.12000,-0.12000,0.00000,0.00000,0.00000,0,1.000
149125,37.2771,-41.2102,-4.5464,-0.078,0.031,0.065,-0.016,0.016,-0.040,0.000,0.000,-0.000,0.12000,-0.12000,-0.12000,0.00000,0.00000,0.00000,0,1.000
149133,37.2706,-41.2138,-4.5554,-0.084,-0.255,0.040,0.004,0.004,-0.030,0.000,0.000,-0.000,0.12000,-0.12000,-0.12000,0.00000,0.00000,0.00000,0,1.000
149141,37.2684,-41.2145,-4.5580,0.086,-0.105,-0.069,0.012,-0.004,-0.020,0.000,0.000,-0.000,0.12000,-0.12000,-0.12000,0.00000,0.00000,0.00000,0,1.000
149148,37.2670,-41.2154,-4.5601,-0.084,-0.126,-0.089,0.024,-0.019,-0.005,0.000,0.000,-0.000,0.12000,-0.12000,-0.12000,0.00000,0.00000,0.00000,0,1.000
149156,37.2664,-41.2151,-4.5604,-0.049,0.297,-0.442,0.047,-0.034,0.015,0.000,0.000,-0.000,0.12000,-0.12000,-0.12000,0.00000,0.00000,0.00000,0,1.000
149164,37.2680,-41.2134,-4.5574,0.036,0.091,-0.216,0.047,-0.059,0.014,0.000,-0.000,-0.000,0.12000,-0.12000,-0.12000,0.00000,0.00000,0.00000,0,1.000
149172,37.2684,-41.2120,-4.5558,0.312,0.390,-0.262,0.058,-0.054,0.029,0.000,-0.000,-0.000,0.12000,-0.12000,-0.12000,0.00000,0.00000,0.00000,0,1.000
149179,37.2708,-41.2087,-4.5507,0.348,0.209,-0.012,0.034,-0.046,0.032,0.000,-0.000,-0.000,0.12000,-0.12000,-0.12000,0.00000,0.00000,0.00000,0,1.000
149187,37.2761,-41.2042,-4.5419,0.554,0.395,-0.086,0.021,-0.025,0.028,0.000,-0.000,-0.000,0.12000,-0.12000,-0.12000,0.00000,0.00000,0.00000,0,1.000
149195,37.2780,-41.2024,-4.5387,0.469,0.212,0.076,-0.003,-0.008,0.037,0.000,-0.000,0.000,0.12000,-0.12000,-0.12000,0.00000,0.00000,0.00000,0,1.000
149203,37.2817,-41.2006,-4.5337,0.149,0.482,-0.086,-0.016,0.011,0.014,0.000,-0.000,0.000,0.12000,-0.12000,-0.12000,0.00000,0.00000,0.00000,0,1.000
149210,37.2841,-41.1985,-4.5298,0.270,0.312,0.175,-0.024,0.026,0.014,0.000,-0.000,0.000,0.12000,-0.12000,-0.12000,0.00000,0.00000,0.00000,0,1.000
149218,37.2836,-41.1994,-4.5309,0.006,0.454,0.403,-0.042,0.048,0.001,0.000,-0.000,0.000,0.12000,-0.12000,-0.12000,0.00000,0.00000,0.00000,0,1.000
149226,37.2842,-41.1998,-4.5308,-0.091,0.175,0.038,-0.046,0.059,-0.030,0.000,-0.000,0.000,0.12000,-0.12000,-0.12000,0.00000,0.00000,0.00000,0,1.000
149233,37.2858,-41.2003,-4.5298,-0.616,0.260,-0.050,-0.052,0.068,-0.040,0.000,0.000,0.000,0.12000,-0.12000,-0.12000,0.00000,0.00000,0.00000,0,1.000
149241,37.2877,-41.2001,-4.5280,-0.680,0.302,0.078,-0.038,0.056,-0.036,0.000,0.000,-0.000,0.12000,-0.12000,-0.12000,0.00000,0.00000,0.00000,0,1.000
149249,37.2867,-41.2018,-4.5304,-0.730,0.327,0.103,-0.015,0.043,-0.025,0.000,0.000,-0.000,0.12000,-0.12000,-0.12000,0.00000,0.00000,0.00000,0,1.000
149257,37.2847,-41.2031,-4.5333,-0.644,0.250,0.200,0.009,0.029,-0.014,0.000,0.000,-0.000,0.12000,-0.12000,-0.12000,0.00000,0.00000,0.00000,0,1.000
149264,37.2824,-41.2036,-4.5359,-0.814,0.142,0.265,0.012,0.001,-0.022,0.000,0.000,-0.000,0.12000,-0.12000,-0.12000,0.00000,0.00000,0.00000,0,1.000
149272,37.2807,-41.2038,-4.5375,-0.479,0.028,0.151,0.013,-0.027,0.005,0.000,0.000,-0.000,0.12000,-0.12000,-0.12000,0.00000,0.00000,0.00000,0,1.000
149280,37.2773,-41.2049,-4.5415,-0.188,0.007,0.304,0.025,-0.042,-0.006,0.000,0.000,-0.000,0.12000,-0.12000,-0.12000,0.00000,0.00000,0.00000,0,1.000
149288,37.2744,-41.2066,-4.5456,-0.244,0.005,0.044,0.015,-0.055,0.021,0.000,0.000,-0.000,0.12000,-0.12000,-0.12000,0.00000,0.00000,0.00000,0,1.000
149295,37.2743,-41.2079,-4.5468,-0.110,0.034,-0.014,0.009,-0.061,0.016,0.000,-0.000,-0.000,0.12000,-0.12000,-0.12000,0.00000,0.00000,0.00000,0,1.000
149303,37.2716,-41.2127,-4.5535,-0.046,0.036,-0.184,0.019,-0.045,0.029,0.000,-0.000,-0.000,0.12000,-0.12000,-0.12000,0.00000,0.00000,0.00000,0,1.000
149311,37.2717,-41.2162,-4.5567,-0.324,-0.047,-0.353,0.009,-0.038,0.025,0.000,-0.000,-0.000,0.12000,-0.12000,-0.12000,0.00000,0.00000,0.00000,0,1.000
149318,37.2716,-41.2191,-4.5594,-0.310,-0.063,-0.456,0.006,-0.020,0.012,0.000,-0.000,0.000,0.12000,-0.12000,-0.12000,0.00000,0.00000,0.00000,0,1.000
149326,37.2742,-41.2197,-4.5576,-0.261,0.128,-0.696,-0.002,0.005,0.005,0.000,-0.000,0.000,0.12000,-0.12000,-0.12000,0.00000,0.00000,0.00000,0,1.000
149334,37.2777,-41.2186,-4.5536,-0.466,0.030,-0.709,-0.002,0.011,0.004,0.000,-0.000,0.000,0.12000,-0.12000,-0.12000,0.00000,0.00000,0.00000,0,1.000
149342,37.2823,-41.2155,-4.5467,-0.260,0.086,-0.654,-0.007,0.033,-0.011,0.000,-0.000,0.000,0.12000,-0.12000,-0.12000,0.00000,0.00000,0.00000,0,1.000
149350,37.2831,-41.2143,-4.5449,-0.020,0.090,-0.476,-0.021,0.047,0.001,0.000,-0.000,-0.000,0.12000,-0.12000,-0.12000,0.00000,0.00000,0.00000,0,1.000
149357,37.2858,-41.2117,-4.5402,-0.154,0.104,-0.462,-0.018,0.041,-0.010,0.000,-0.000,-0.000,0.12000,-0.12000,-0.12000,0.00000,0.00000,0.00000,0,1.000
149365,37.2889,-41.2100,-4.5359,-0.162,0.234,-0.160,-0.010,0.024,-0.017,0.000,-0.000,-0.000,0.12000,-0.12000,-0.12000,0.00000,0.00000,0.00000,0,1.000
149373,37.2874,-41.2090,-4.5364,0.185,0.257,0.209,-0.000,0.028,-0.025,0.000,0.000,-0.000,0.12000,-0.12000,-0.12000,0.00000,0.00000,0.00000,0,1.000
149381,37.2889,-41.2066,-4.5329,0.241,0.215,0.512,-0.012,0.017,-0.022,0.000,0.000,-0.000,0.12000,-0.12000,-0.12000,0.00000,0.00000,0.00000,0,1.000
149388,37.2902,-41.2063,-4.5314,0.291,0.104,0.573,0.000,0.002,-0.007,0.000,0.000,-0.000,0.12000,-0.12000,-0.12000,0.00000,0.00000,0.00000,0,1.000
149396,37.2932,-41.2065,-4.5290,0.510,0.188,0.482,0.008,-0.021,-0.000,0.000,0.000,-0.000,0.12000,-0.12000,-0.12000,0.00000,0.00000,0.00000,0,1.000
149404,37.2939,-41.2061,-4.5279,0.469,0.040,0.248,0.018,-0.023,0.026,0.000,0.000,-0.000,0.12000,-0.12000,-0.12000,0.00000,0.00000,0.00000,0,1.000
149412,37.2934,-41.2084,-4.5305,0.412,-0.176,0.204,0.032,-0.023,0.039,0.000,-0.000,-0.000,0.12000,-0.12000,-0.12000,0.00000,0.00000,0.00000,0,1.000
149420,37.2925,-41.2106,-4.5333,0.311,-0.212,0.341,0.024,-0.038,0.038,0.000,-0.000,0.000,0.12000,-0.12000,-0.12000,0.00000,0.00000,0.00000,0,1.000
149427,37.2901,-41.2124,-4.5370,0.319,-0.212,-0.090,0.015,-0.038,0.039,0.000,-0.000,0.000,0.12000,-0.12000,-0.12000,0.00000,0.00000,0.00000,0,1.000
149435,37.2927,-41.2115,-4.5339,0.354,-0.262,0.031,0.012,-0.042,0.031,0.000,-0.000,0.000,0.12000,-0.12000,-0.12000,0.00000,0.00000,0.00000,0,1.000
149443,37.2931,-41.2111,-4.5332,0.284,-0.548,0.176,-0.012,-0.017,0.001,0.000,-0.000,0.000,0.12000,-0.12000,-0.12000,0.00000,0.00000,0.00000,0,1.000
149450,37.2960,-41.2078,-4.5277,0.475,-0.302,0.162,-0.018,-0.010,-0.015,0.000,-0.000,0.000,0.12000,-0.12000,-0.12000,0.00000,0.00000,0.00000,0,1.000
149458,37.2960,-41.2054,-4.5255,0.716,-0.211,0.253,-0.042,0.008,-0.019,0.000,-0.000,0.000,0.12000,-0.12000,-0.12000,0.00000,0.00000,0.00000,0,1.000
149466,37.2978,-41.2025,-4.5213,1.007,-0.188,0.361,-0.043,0.016,-0.032,0.000,-0.000,0.000,0.12000,-0.12000,-0.12000,0.00000,0.00000,0.00000,0,1.000
149474,37.2966,-41.2024,-4.5223,0.942,0.027,0.317,-0.035,0.023,-0.056,0.000,-0.000,-0.000,0.12000,-0.12000,-0.12000,0.00000,0.00000,0.00000,0,1.000
149482,37.2961,-41.2009,-4.5213,0.942,-0.060,0.404,-0.027,0.033,-0.042,0.000,-0.000,-0.000,0.12000,-0.12000,-0.12000,0.00000,0.00000,0.00000,0,1.000
149489,37.2935,-41.2021,-4.5248,0.799,0.257,0.548,-0.013,0.036,-0.024,0.000,-0.000,-0.000,0.12000,-0.12000,-0.12000,0.00000,0.00000,0.00000,0,1.000
149497,37.2927,-41.2016,-4.5249,0.983,0.131,0.595,0.003,0.029,-0.012,0.000,-0.000,-0.000,0.12000,-0.12000,-0.12000,0.00000,0.00000,0.00000,0,1.000
149505,37.2904,-41.2017,-4.5271,0.649,0.288,0.666,0.017,0.029,0.002,0.000,-0.000,-0.000,0.12000,-0.12000,-0.12000,0.00000,0.00000,0.00000,0,1.000
149512,37.2902,-41.2010,-4.5266,0.594,0.071,0.622,0.037,0.003,0.024,0.000,0.000,-0.000,0.12000,-0.12000,-0.12000,0.00000,0.00000,0.00000,0,1.000
149520,37.2881,-41.2009,-4.5283,0.629,0.106,0.657,0.047,-0.005,0.028,0.000,0.000,-0.000,0.12000,-0.12000,-0.12000,0.00000,0.00000,0.00000,0,1.000
149528,37.2882,-41.1991,-4.5266,0.794,0.100,0.392,0.046,-0.008,0.044,0.000,-0.000,-0.000,0.12000,-0.12000,-0.12000,0.00000,0.00000,0.00000,0,1.000
149536,37.2889,-41.1975,-4.5246,0.503,0.034,0.326,0.038,-0.032,0.049,0.000,-0.000,-0.000,0.12000,-0.12000,-0.12000,0.00000,0.00000,0.00000,0,1.000
149543,37.2883,-41.1965,-4.5243,0.717,-0.126,0.166,0.026,-0.040,0.049,0.000,-0.000,0.000,0.12000,-0.12000,-0.12000,0.00000,0.00000,0.00000,0,1.000
149551,37.2864,-41.1952,-4.5247,0.653,-0.128,0.337,0.010,-0.046,0.031,0.000,-0.000,0.000,0.12000,-0.12000,-0.12000,0.00000,0.00000,0.00000,0,1.000
149559,37.2834,-41.1962,-4.5283,0.043,-0.054,0.239,-0.004,-0.038,0.007,0.000,-0.000,0.000,0.12000,-0.12000,-0.12000,0.00000,0.00000,0.00000,0,1.000
149567,37.2810,-41.1970,-4.5311,0.143,-0.277,0.362,-0.027,-0.018,-0.002,0.000,-0.000,0.000,0.12000,-0.12000,-0.12000,0.00000,0.00000,0.00000,0,1.000
149575,37.2766,-41.1991,-4.5369,-0.282,-0.415,0.397,-0.029,0.011,-0.011,0.000,-0.000,0.000,0.12000,-0.12000,-0.12000,0.00000,0.00000,0.00000,0,1.000
149582,37.2730,-41.2007,-4.5414,0.043,-0.357,0.542,-0.023,0.031,-0.027,0.000,-0.000,0.000,0.12000,-0.12000,-0.12000,0.00000,0.00000,0.00000,0,1.000
149590,37.2719,-41.2002,-4.5420,-0.077,-0.187,0.281,-0.034,0.043,-0.050,0.000,-0.000,0.000,0.12000,-0.12000,-0.12000,0.00000,0.00000,0.00000,0,1.000
149598,37.2757,-41.1975,-4.5362,-0.091,-0.083,0.297,-0.043,0.045,-0.035,0.000,-0.000,-0.000,0.12000,-0.12000,-0.12000,0.00000,0.00000,0.00000,0,1.000
149606,37.2744,-41.1991,-4.5387,-0.226,0.147,0.096,-0.040,0.042,-0.021,0.000,-0.000,-0.000,0.12000,-0.12000,-0.12000,0.00000,0.00000,0.00000,0,1.000
149613,37.2724,-41.2008,-4.5422,-0.106,0.451,-0.117,-0.029,0.034,-0.021,0.000,0.000,-0.000,0.12000,-0.12000,-0.12000,0.00000,0.00000,0.00000,0,1.000
149621,37.2705,-41.2027,-4.5455,0.070,0.497,0.189,-0.011,0.005,0.012,0.000,0.000,-0.000,0.12000,-0.12000,-0.12000,0.00000,0.00000,0.00000,0,1.000
149629,37.2689,-41.2055,-4.5495,-0.121,0.252,0.203,-0.000,0.006,0.026,0.000,0.000,-0.000,0.12000,-0.12000,-0.12000,0.00000,0.00000,0.00000,0,1.000
149637,37.2662,-41.2079,-4.5540,-0.411,0.185,0.138,0.001,-0.021,0.037,0.000,0.000,0.000,0.12000,-0.12000,-0.12000,0.00000,0.00000,0.00000,0,1.000
149645,37.2627,-41.2107,-4.5596,-0.376,0.133,0.260,0.026,-0.033,0.044,0.000,-0.000,0.000,0.12000,-0.12000,-0.12000,0.00000,0.00000,0.00000,0,1.000
149652,37.2632,-41.2106,-4.5591,-0.312,0.091,0.131,0.021,-0.045,0.039,0.000,-0.000,0.000,0.12000,-0.12000,-0.12000,0.00000,0.00000,0.00000,0,1.000
149660,37.2673,-41.2089,-4.5539,-0.241,0.206,0.158,0.023,-0.042,0.028,0.000,-0.000,0.000,0.12000,-0.12000,-0.12000,0.00000,0.00000,0.00000,0,1.000
149668,37.2693,-41.2077,-4.5511,0.093,0.135,0.000,0.013,-0.045,0.001,0.000,-0.000,0.000,0.12000,-0.12000,-0.12000,0.00000,0.00000,0.00000,0,1.000
149675,37.2728,-41.2070,-4.5473,0.072,0.213,-0.268,0.005,-0.025,0.000,0.000,-0.000,0.000,0.12000,-0.12000,-0.12000,0.00000,0.00000,0.00000,0,1.000
149683,37.2741,-41.2080,-4.5472,0.157,0.310,-0.344,0.004,-0.009,-0.025,0.000,-0.000,0.000,0.12000,-0.12000,-0.12000,0.00000,0.00000,0.00000,0,1.000
149691,37.2773,-41.2081,-4.5444,0.085,0.283,-0.457,0.002,0.012,-0.022,0.000,-0.000,0.000,0.12000,-0.12000,-0.12000,0.00000,0.00000,0.00000,0,1.000
149699,37.2803,-41.2072,-4.5410,0.050,0.205,-0.449,-0.005,0.033,-0.044,0.000,-0.000,0.000,0.12000,-0.12000,-0.12000,0.00000,0.00000,0.00000,0,1.000
149707,37.2839,-41.2070,-4.5376,0.140,0.372,-0.283,-0.008,0.051,-0.046,0.000,-0.000,-0.000,0.12000,-0.12000,-0.12000,0.00000,0.00000,0.00000,0,1.000
149715,37.2870,-41.2057,-4.5337,0.140,0.372,-0.284,0.002,0.033,-0.037,0.000,-0.000,-0.000,0.12000,-0.12000,-0.12000,0.00000,0.00000,0.00000,0,1.000
149722,37.2916,-41.2021,-4.5264,0.325,0.247,-0.237,0.001,0.044,-0.033,0.000,-0.000,-0.000,0.12000,-0.12000,-0.12000,0.00000,0.00000,0.00000,0,1.000
149730,37.2949,-41.1984,-4.5200,0.106,0.294,-0.277,0.004,0.026,-0.019,0.000,0.000,-0.000,0.12000,-0.12000,-0.12000,0.00000,0.00000,0.00000,0,1.000
149738,37.2993,-41.1927,-4.5111,0.503,0.250,0.110,0.004,0.007,-0.004,0.000,0.000,-0.000,0.12000,-0.12000,-0.12000,0.00000,0.00000,0.00000,0,1.000
149745,37.3013,-41.1910,-4.5077,0.448,0.033,0.065,-0.007,-0.006,0.024,0.000,0.000,-0.000,0.12000,-0.12000,-0.12000,0.00000,0.00000,0.00000,0,1.000
149753,37.3000,-41.1914,-4.5093,0.433,-0.036,0.255,-0.008,-0.016,0.021,0.000,0.000,-0.000,0.12000,-0.12000,-0.12000,0.00000,0.00000,0.00000,0,1.000
149761,37.2996,-41.1918,-4.5100,0.383,-0.140,0.410,-0.025,-0.032,0.036,0.000,-0.000,-0.000,0.12000,-0.12000,-0.12000,0.00000,0.00000,0.00000,0,1.000
149769,37.2973,-41.1929,-4.5130,0.013,-0.148,0.575,-0.008,-0.028,0.031,0.000,-0.000,-0.000,0.12000,-0.12000,-0.12000,0.00000,0.00000,0.00000,0,1.000
149777,37.2946,-41.1957,-4.5180,-0.136,-0.030,0.607,-0.013,-0.031,0.036,0.000,-0.000,0.000,0.12000,-0.12000,-0.12000,0.00000,0.00000,0.00000,0,1.000
149784,37.2928,-41.1969,-4.5206,-0.283,-0.326,0.310,0.004,-0.031,0.022,0.000,-0.000,0.000,0.12000,-0.12000,-0.12000,0.00000,0.00000,0.00000,0,1.000
149792,37.2925,-41.1978,-4.5216,-0.248,-0.075,0.129,0.001,-0.005,0.025,0.000,-0.000,0.000,0.12000,-0.12000,-0.12000,0.00000,0.00000,0.00000,0,1.000
149800,37.2926,-41.1972,-4.5211,-0.086,0.204,0.322,0.007,-0.009,0.004,0.000,-0.000,0.000,0.12000,-0.12000,-0.12000,0.00000,0.00000,0.00000,0,1.000
149807,37.2908,-41.1974,-4.5228,-0.142,0.246,0.019,0.009,0.007,-0.001,0.000,-0.000,0.000,0.12000,-0.12000,-0.12000,0.00000,0.00000,0.00000,0,1.000
149815,37.2923,-41.1948,-4.5192,0.299,0.323,-0.076,-0.003,0.013,-0.004,0.000,-0.000,0.000,0.12000,-0.12000,-0.12000,0.00000,0.00000,0.00000,0,1.000
149823,37.2911,-41.1936,-4.5191,0.115,0.318,0.007,0.005,0.030,-0.017,0.000,-0.000,0.000,0.12000,-0.12000,-0.12000,0.00000,0.00000,0.00000,0,1.000
149831,37.2893,-41.1933,-4.5205,-0.055,0.297,-0.014,0.006,0.030,-0.027,0.000,-0.000,0.000,0.12000,-0.12000,-0.12000,0.00000,0.00000,0.00000,0,1.000
149839,37.2877,-41.1915,-4.5201,0.046,0.203,-0.020,0.021,0.015,-0.022,0.000,-0.000,0.000,0.12000,-0.12000,-0.12000,0.00000,0.00000,0.00000,0,1.000
149847,37.2883,-41.1896,-4.5180,-0.393,0.211,-0.012,0.027,0.030,-0.024,0.000,0.000,-0.000,0.12000,-0.12000,-0.12000,0.00000,0.00000,0.00000,0,1.000
149854,37.2872,-41.1906,-4.5198,-0.385,-0.091,-0.141,0.026,0.018,-0.022,0.000,0.000,-0.000,0.12000,-0.12000,-0.12000,0.00000,0.00000,0.00000,0,1.000
149862,37.2862,-41.1924,-4.5223,-0.584,0.094,-0.128,0.014,0.014,-0.022,0.000,0.000,-0.000,0.12000,-0.12000,-0.12000,0.00000,0.00000,0.00000,0,1.000
149870,37.2859,-41.1945,-4.5245,-0.641,-0.208,-0.085,0.018,-0.003,-0.017,0.000,0.000,-0.000,0.12000,-0.12000,-0.12000,0.00000,0.00000,0.00000,0,1.000
149877,37.2869,-41.1954,-4.5245,-0.755,-0.012,-0.062,-0.013,-0.010,-0.011,0.000,0.000,-0.000,0.12000,-0.12000,-0.12000,0.00000,0.00000,0.00000,0,1.000
149885,37.2885,-41.1979,-4.5253,-0.806,0.014,-0.037,-0.002,-0.009,0.013,0.000,0.000,-0.000,0.12000,-0.12000,-0.12000,0.00000,0.00000,0.00000,0,1.000
149893,37.2892,-41.1994,-4.5260,-0.735,0.171,-0.053,-0.017,-0.016,0.033,0.000,0.000,-0.000,0.12000,-0.12000,-0.12000,0.00000,0.00000,0.00000,0,1.000
149901,37.2891,-41.2019,-4.5285,-0.645,0.423,0.027,-0.012,-0.008,0.037,0.000,0.000,-0.000,0.12000,-0.12000,-0.12000,0.00000,0.00000,0.00000,0,1.000
149909,37.2869,-41.2040,-4.5322,-0.580,0.295,-0.015,-0.025,-0.010,0.047,0.000,-0.000,0.000,0.12000,-0.12000,-0.12000,0.00000,0.00000,0.00000,0,1.000
149917,37.2872,-41.2056,-4.5334,-0.510,0.322,0.099,-0.021,-0.008,0.050,0.000,-0.000,0.000,0.12000,-0.12000,-0.12000,0.00000,0.00000,0.00000,0,1.000
149925,37.2855,-41.2068,-4.5360,-0.310,0.265,-0.044,-0.023,-0.005,0.037,0.000,-0.000,0.000,0.12000,-0.12000,-0.12000,0.00000,0.00000,0.00000,0,1.000
149932,37.2850,-41.2077,-4.5373,-0.240,0.163,0.199,-0.001,0.009,0.019,0.000,-0.000,0.000,0.12000,-0.12000,-0.12000,0.00000,0.00000,0.00000,0,1.000
149940,37.2852,-41.2084,-4.5377,-0.225,0.189,0.053,-0.006,0.018,-0.001,0.000,0.000,0.000,0.12000,-0.12000,-0.12000,0.00000,0.00000,0.00000,0,1.000
149948,37.2847,-41.2099,-4.5395,-0.055,0.253,0.031,0.019,0.016,-0.011,0.000,0.000,0.000,0.12000,-0.12000,-0.12000,0.00000,0.00000,0.00000,0,1.000
149956,37.2837,-41.2111,-4.5415,-0.076,0.201,-0.108,0.008,0.024,-0.021,0.000,0.000,0.000,0.12000,-0.12000,-0.12000,0.00000,0.00000,0.00000,0,1.000
149963,37.2843,-41.2106,-4.5404,0.208,0.111,-0.197,0.009,0.016,-0.030,0.000,0.000,0.000,0.12000,-0.12000,-0.12000,0.00000,0.00000,0.00000,0,1.000
149971,37.2844,-41.2127,-4.5423,0.002,0.142,-0.339,0.000,0.011,-0.033,0.000,0.000,0.000,0.12000,-0.12000,-0.12000,0.00000,0.00000,0.00000,0,1.000
149979,37.2872,-41.2124,-4.5396,0.136,0.171,-0.397,0.002,-0.013,-0.030,0.000,0.000,0.000,0.12000,-0.12000,-0.12000,0.00000,0.00000,0.00000,0,1.000
149987,37.2861,-41.2139,-4.5419,-0.034,0.064,-0.330,-0.005,-0.023,-0.013,0.000,0.000,-0.000,0.12000,-0.12000,-0.12000,0.00000,0.00000,0.00000,0,1.000
149994,37.2872,-41.2142,-4.5412,-0.070,0.029,-0.365,0.002,-0.028,-0.009,0.000,0.000,-0.000,0.12000,-0.12000,-0.12000,0.00000,0.00000,0.00000,0,1.000
150002,37.2883,-41.2128,-4.5390,-0.084,0.089,-0.305,0.005,-0.038,0.008,0.000,0.000,-0.000,0.12000,-0.12000,-0.12000,0.00000,0.00000,0.00000,0,1.000
150010,37.2909,-41.2119,-4.5360,-0.169,0.209,-0.445,-0.004,-0.008,-0.002,0.000,-0.000,-0.000,0.12000,-0.12000,-0.12000,0.00000,0.00000,0.00000,0,1.000
150018,37.2953,-41.2077,-4.5282,0.107,0.120,-0.104,0.003,-0.001,0.019,0.000,-0.000,-0.000,0.12000,-0.12000,-0.12000,0.00000,0.00000,0.00000,0,1.000
150025,37.2982,-41.2058,-4.5239,-0.098,-0.022,-0.074,-0.006,0.018,0.024,0.000,-0.000,0.000,0.12000,-0.12000,-0.12000,0.00000,0.00000,0.00000,0,1.000
150033,37.3017,-41.2021,-4.5175,0.114,0.275,0.050,0.007,0.010,0.011,0.000,-0.000,0.000,0.12000,-0.12000,-0.12000,0.00000,0.00000,0.00000,0,1.000
150041,37.3029,-41.2000,-4.5146,0.235,0.278,0.139,-0.011,0.026,0.007,0.000,0.000,0.000,0.12000,-0.12000,-0.12000,0.00000,0.00000,0.00000,0,1.000
150048,37.3051,-41.1978,-4.5107,0.286,-0.006,0.372,0.008,0.036,-0.006,0.000,0.000,0.000,0.12000,-0.12000,-0.12000,0.00000,0.00000,0.00000,0,1.000
150056,37.3040,-41.1992,-4.5129,0.101,-0.010,0.455,0.000,0.022,-0.013,0.000,0.000,0.000,0.12000,-0.12000,-0.12000,0.00000,0.00000,0.00000,0,1.000
150064,37.3029,-41.2013,-4.5158,-0.055,0.082,0.202,-0.004,0.015,-0.029,0.000,0.000,0.000,0.12000,-0.12000,-0.12000,0.00000,0.00000,0.00000,0,1.000
150072,37.3046,-41.2018,-4.5147,0.000,0.084,0.461,-0.000,0.023,-0.020,0.000,0.000,-0.000,0.12000,-0.12000,-0.12000,0.00000,0.00000,0.00000,0,1.000
150080,37.3047,-41.2021,-4.5149,0.015,0.068,0.358,0.011,0.015,-0.029,0.000,0.000,-0.000,0.12000,-0.12000,-0.12000,0.00000,0.00000,0.00000,0,1.000
150088,37.3049,-41.2020,-4.5146,-0.169,0.280,0.225,-0.004,-0.007,-0.012,0.000,0.000,-0.000,0.12000,-0.12000,-0.12000,0.00000,0.00000,0.00000,0,1.000
150095,37.3067,-41.2017,-4.5127,-0.005,0.102,0.133,0.010,-0.016,-0.013,0.000,0.000,-0.000,0.12000,-0.12000,-0.12000,0.00000,0.00000,0.00000,0,1.000
150103,37.3077,-41.2007,-4.5109,0.053,-0.009,-0.238,-0.002,-0.031,0.005,0.000,0.000,-0.000,0.12000,-0.12000,-0.12000,0.00000,0.00000,0.00000,0,1.000
150111,37.3082,-41.2006,-4.5104,-0.196,-0.057,0.059,-0.003,-0.036,0.027,0.000,0.000,-0.000,0.12000,-0.12000,-0.12000,0.00000,0.00000,0.00000,0,1.000
150118,37.3079,-41.2018,-4.5118,-0.161,-0.022,0.095,0.008,-0.028,0.034,0.000,0.000,-0.000,0.12000,-0.12000,-0.12000,0.00000,0.00000,0.00000,0,1.000
150126,37.3051,-41.2035,-4.5158,-0.082,-0.426,0.209,0.005,-0.015,0.023,0.000,-0.000,0.000,0.12000,-0.12000,-0.12000,0.00000,0.00000,0.00000,0,1.000
150134,37.3020,-41.2065,-4.5212,-0.317,-0.405,0.317,0.005,-0.012,0.009,0.000,-0.000,0.000,0.12000,-0.12000,-0.12000,0.00000,0.00000,0.00000,0,1.000
150142,37.3025,-41.2057,-4.5201,-0.267,-0.386,0.248,0.008,0.005,0.003,0.000,-0.000,0.000,0.12000,-0.12000,-0.12000,0.00000,0.00000,0.00000,0,1.000
150150,37.3026,-41.2067,-4.5209,-0.607,-0.125,-0.096,-0.000,0.014,-0.011,0.000,-0.000,0.000,0.12000,-0.12000,-0.12000,0.00000,0.00000,0.00000,0,1.000
150157,37.3029,-41.2058,-4.5199,-0.492,-0.278,-0.163,-0.007,0.002,-0.015,0.000,0.000,0.000,0.12000,-0.12000,-0.12000,0.00000,0.00000,0.00000,0,1.000
150165,37.3004,-41.2088,-4.5247,-0.367,0.095,-0.134,-0.017,0.018,-0.018,0.000,0.000,-0.000,0.12000,-0.12000,-0.12000,0.00000,0.00000,0.00000,0,1.000
150173,37.2982,-41.2111,-4.5287,-0.097,0.066,-0.162,-0.026,0.004,-0.028,0.000,0.000,-0.000,0.12000,-0.12000,-0.12000,0.00000,0.00000,0.00000,0,1.000
150181,37.2948,-41.2151,-4.5353,-0.262,0.071,0.103,-0.004,0.017,-0.013,0.000,0.000,-0.000,0.12000,-0.12000,-0.12000,0.00000,0.00000,0.00000,0,1.000
150188,37.2931,-41.2166,-4.5382,-0.227,0.020,0.225,-0.020,0.002,-0.035,0.000,0.000,-0.000,0.12000,-0.12000,-0.12000,0.00000,0.00000,0.00000,0,1.000
150196,37.2916,-41.2177,-4.5405,0.128,0.087,0.120,-0.010,-0.003,-0.039,0.000,0.000,-0.000,0.12000,-0.12000,-0.12000,0.00000,0.00000,0.00000,0,1.000
150204,37.2911,-41.2174,-4.5407,-0.077,-0.012,0.107,0.006,0.008,0.004,0.000,0.000,-0.000,0.12000,-0.12000,-0.12000,0.00000,0.00000,0.00000,0,1.000
150212,37.2934,-41.2157,-4.5371,-0.118,0.099,-0.386,0.010,-0.009,-0.003,0.000,0.000,-0.000,0.12000,-0.12000,-0.12000,0.00000,0.00000,0.00000,0,1.000
150219,37.2944,-41.2149,-4.5355,0.158,0.053,-0.088,0.013,0.007,0.021,0.000,0.000,-0.000,0.12000,-0.12000,-0.12000,0.00000,0.00000,0.00000,0,1.000
150227,37.2962,-41.2141,-4.5333,0.378,0.092,-0.135,0.012,0.009,0.032,0.000,0.000,-0.000,0.12000,-0.12000,-0.12000,0.00000,0.00000,0.00000,0,1.000
150235,37.2953,-41.2153,-4.5351,0.427,0.067,-0.159,0.021,0.007,0.031,0.000,0.000,-0.000,0.12000,-0.12000,-0.12000,0.00000,0.00000,0.00000,0,1.000
150242,37.2961,-41.2152,-4.5343,0.377,-0.037,-0.005,0.005,-0.012,0.034,0.000,0.000,-0.000,0.12000,-0.12000,-0.12000,0.00000,0.00000,0.00000,0,1.000
150250,37.2955,-41.2174,-4.5368,0.297,0.109,0.141,0.005,-0.029,0.025,0.000,0.000,-0.000,0.12000,-0.12000,-0.12000,0.00000,0.00000,0.00000,0,1.000
150258,37.2948,-41.2179,-4.5379,0.432,0.181,0.040,-0.013,-0.011,0.018,0.000,0.000,0.000,0.12000,-0.12000,-0.12000,0.00000,0.00000,0.00000,0,1.000
150266,37.2930,-41.2179,-4.5394,0.482,-0.147,0.317,-0.008,-0.014,0.007,0.000,0.000,0.000,0.12000,-0.12000,-0.12000,0.00000,0.00000,0.00000,0,1.000
150273,37.2954,-41.2152,-4.5349,0.297,0.065,0.184,-0.002,-0.008,0.005,0.000,0.000,0.000,0.12000,-0.12000,-0.12000,0.00000,0.00000,0.00000,0,1.000
150281,37.2978,-41.2130,-4.5308,0.233,0.151,0.268,-0.015,-0.011,-0.002,0.000,-0.000,0.000,0.12000,-0.12000,-0.12000,0.00000,0.00000,0.00000,0,1.000
150289,37.3005,-41.2111,-4.5267,0.368,0.136,0.253,-0.016,-0.003,-0.008,0.000,-0.000,0.000,0.12000,-0.12000,-0.12000,0.00000,0.00000,0.00000,0,1.000
150297,37.3024,-41.2094,-4.5235,0.468,0.044,0.246,-0.022,0.003,-0.017,0.000,-0.000,0.000,0.12000,-0.12000,-0.12000,0.00000,0.00000,0.00000,0,1.000
150305,37.3031,-41.2093,-4.5228,0.283,0.127,0.242,-0.014,0.014,-0.036,0.000,0.000,-0.000,0.12000,-0.12000,-0.12000,0.00000,0.00000,0.00000,0,1.000
150312,37.3032,-41.2089,-4.5224,0.283,-0.046,0.415,-0.003,0.014,-0.036,0.000,0.000,-0.000,0.12000,-0.12000,-0.12000,0.00000,0.00000,0.00000,0,1.000
150320,37.2985,-41.2119,-4.5292,-0.043,-0.105,0.271,0.005,0.018,-0.033,0.000,0.000,-0.000,0.12000,-0.12000,-0.12000,0.00000,0.00000,0.00000,0,1.000
150328,37.2982,-41.2121,-4.5297,-0.198,-0.271,0.276,0.015,0.018,-0.028,0.000,0.000,-0.000,0.12000,-0.12000,-0.12000,0.00000,0.00000,0.00000,0,1.000
150335,37.2956,-41.2124,-4.5321,-0.063,-0.286,0.261,0.033,0.011,-0.008,0.000,0.000,-0.000,0.12000,-0.12000,-0.12000,0.00000,0.00000,0.00000,0,1.000
150343,37.2919,-41.2122,-4.5354,-0.048,-0.434,0.288,0.027,0.004,-0.007,0.000,0.000,-0.000,0.12000,-0.12000,-0.12000,0.00000,0.00000,0.00000,0,1.000
150351,37.2899,-41.2105,-4.5355,0.038,-0.424,0.298,0.026,-0.014,0.016,0.000,0.000,-0.000,0.12000,-0.12000,-0.12000,0.00000,0.00000,0.00000,0,1.000
150359,37.2854,-41.2115,-4.5404,0.265,-0.575,0.751,0.024,-0.025,0.029,0.000,0.000,-0.000,0.12000,-0.12000,-0.12000,0.00000,0.00000,0.00000,0,1.000
150367,37.2815,-41.2136,-4.5457,0.306,-0.342,0.899,0.015,-0.026,0.036,0.000,0.000,-0.000,0.12000,-0.12000,-0.12000,0.00000,0.00000,0.00000,0,1.000
150374,37.2775,-41.2166,-4.5519,0.241,-0.084,0.812,0.005,-0.028,0.028,0.000,-0.000,-0.000,0.12000,-0.12000,-0.12000,0.00000,0.00000,0.00000,0,1.000
150382,37.2728,-41.2204,-4.5595,0.155,-0.094,0.802,-0.025,-0.010,0.025,0.000,-0.000,0.000,0.12000,-0.12000,-0.12000,0.00000,0.00000,0.00000,0,1.000
150390,37.2706,-41.2227,-4.5635,0.105,0.060,0.698,-0.019,0.002,0.016,0.000,-0.000,0.000,0.12000,-0.12000,-0.12000,0.00000,0.00000,0.00000,0,1.000
150397,37.2694,-41.2249,-4.5666,0.055,0.172,0.636,-0.027,-0.005,0.026,0.000,-0.000,0.000,0.12000,-0.12000,-0.12000,0.00000,0.00000,0.00000,0,1.000
150405,37.2677,-41.2264,-4.5694,0.375,0.031,0.669,-0.019,0.027,0.009,0.000,-0.000,0.000,0.12000,-0.12000,-0.12000,0.00000,0.00000,0.00000,0,1.000
150413,37.2686,-41.2260,-4.5683,0.248,0.176,0.122,-0.025,0.032,0.003,0.000,0.000,0.000,0.12000,-0.12000,-0.12000,0.00000,0.00000,0.00000,0,1.000
150421,37.2654,-41.2282,-4.5732,0.298,0.150,0.098,-0.013,0.035,-0.016,0.000,0.000,0.000,0.12000,-0.12000,-0.12000,0.00000,0.00000,0.00000,0,1.000
150429,37.2655,-41.2272,-4.5720,0.547,-0.061,0.060,-0.015,0.035,-0.005,0.000,0.000,0.000,0.12000,-0.12000,-0.12000,0.00000,0.00000,0.00000,0,1.000
150436,37.2649,-41.2265,-4.5720,0.447,0.119,-0.020,-0.011,0.027,-0.019,0.000,0.000,0.000,0.12000,-0.12000,-0.12000,0.00000,0.00000,0.00000,0,1.000
150444,37.2629,-41.2275,-4.5747,0.520,-0.355,-0.147,0.003,0.009,-0.011,0.000,0.000,0.000,0.12000,-0.12000,-0.12000,0.00000,0.00000,0.00000,0,1.000
150452,37.2624,-41.2264,-4.5742,0.399,-0.271,-0.322,0.019,-0.006,-0.015,0.000,0.000,0.000,0.12000,-0.12000,-0.12000,0.00000,0.00000,0.00000,0,1.000
150459,37.2639,-41.2228,-4.5695,0.329,-0.299,-0.436,0.028,-0.021,-0.012,0.000,0.000,-0.000,0.12000,-0.12000,-0.12000,0.00000,0.00000,0.00000,0,1.000
150467,37.2663,-41.2201,-4.5650,0.394,-0.297,-0.608,0.029,-0.042,-0.009,0.000,0.000,-0.000,0.12000,-0.12000,-0.12000,0.00000,0.00000,0.00000,0,1.000
150475,37.2665,-41.2171,-4.5620,0.465,-0.314,-0.451,0.026,-0.034,-0.019,0.000,0.000,-0.000,0.12000,-0.12000,-0.12000,0.00000,0.00000,0.00000,0,1.000
150483,37.2670,-41.2137,-4.5585,0.401,-0.229,-0.366,0.021,-0.039,0.004,0.000,0.000,-0.000,0.12000,-0.12000,-0.12000,0.00000,0.00000,0.00000,0,1.000
150491,37.2691,-41.2116,-4.5548,0.451,-0.038,-0.607,0.018,-0.039,-0.014,0.000,-0.000,-0.000,0.12000,-0.12000,-0.12000,0.00000,0.00000,0.00000,0,1.000
150499,37.2712,-41.2096,-4.5511,0.301,-0.179,-0.317,-0.007,-0.027,-0.003,0.000,-0.000,-0.000,0.12000,-0.12000,-0.12000,0.00000,0.00000,0.00000,0,1.000
150506,37.2755,-41.2070,-4.5450,0.413,-0.003,0.030,-0.016,-0.026,0.004,0.000,-0.000,-0.000,0.12000,-0.12000,-0.12000,0.00000,0.00000,0.00000,0,1.000
150514,37.2774,-41.2051,-4.5417,0.384,-0.012,0.280,-0.013,-0.001,-0.004,0.000,-0.000,-0.000,0.12000,-0.12000,-0.12000,0.00000,0.00000,0.00000,0,1.000
150522,37.2805,-41.2025,-4.5365,0.376,0.161,0.538,-0.022,0.015,0.001,0.000,-0.000,-0.000,0.12000,-0.12000,-0.12000,0.00000,0.00000,0.00000,0,1.000
150529,37.2842,-41.2010,-4.5319,0.042,0.405,0.522,-0.020,0.033,0.007,0.000,-0.000,-0.000,0.12000,-0.12000,-0.12000,0.00000,0.00000,0.00000,0,1.000
150537,37.2855,-41.1995,-4.5294,0.107,0.320,0.436,-0.008,0.041,0.013,0.000,0.000,-0.000,0.12000,-0.12000,-0.12000,0.00000,0.00000,0.00000,0,1.000
150545,37.2866,-41.1985,-4.5275,0.207,0.270,0.386,-0.000,0.043,0.022,0.000,0.000,-0.000,0.12000,-0.12000,-0.12000,0.00000,0.00000,0.00000,0,1.000
150553,37.2849,-41.2001,-4.5305,0.149,0.597,0.541,-0.008,0.035,0.021,0.000,0.000,0.000,0.12000,-0.12000,-0.12000,0.00000,0.00000,0.00000,0,1.000
150560,37.2811,-41.2029,-4.5364,-0.189,-0.161,0.474,0.016,0.015,0.021,0.000,0.000,0.000,0.12000,-0.12000,-0.12000,0.00000,0.00000,0.00000,0,1.000
150568,37.2757,-41.2057,-4.5436,-0.054,-0.263,0.546,0.005,-0.000,0.009,0.000,0.000,0.000,0.12000,-0.12000,-0.12000,0.00000,0.00000,0.00000,0,1.000
150576,37.2712,-41.2088,-4.5504,-0.140,-0.058,0.320,0.024,-0.018,0.025,0.000,0.000,0.000,0.12000,-0.12000,-0.12000,0.00000,0.00000,0.00000,0,1.000
150584,37.2680,-41.2096,-4.5540,-0.295,-0.182,0.283,0.025,-0.043,0.011,0.000,0.000,0.000,0.12000,-0.12000,-0.12000,0.00000,0.00000,0.00000,0,1.000
150591,37.2668,-41.2102,-4.5555,-0.245,-0.164,0.215,0.019,-0.042,0.000,0.000,0.000,0.000,0.12000,-0.12000,-0.12000,0.00000,0.00000,0.00000,0,1.000
150599,37.2662,-41.2095,-4.5555,-0.016,-0.212,-0.178,0.001,-0.038,0.005,0.000,-0.000,0.000,0.12000,-0.12000,-0.12000,0.00000,0.00000,0.00000,0,1.000
150607,37.2685,-41.2073,-4.5515,0.154,-0.234,-0.115,0.001,-0.019,-0.002,0.000,-0.000,0.000,0.12000,-0.12000,-0.12000,0.00000,0.00000,0.00000,0,1.000
150615,37.2693,-41.2072,-4.5506,0.005,0.014,-0.212,0.006,-0.020,-0.006,0.000,-0.000,0.000,0.12000,-0.12000,-0.12000,0.00000,0.00000,0.00000,0,1.000
150622,37.2709,-41.2078,-4.5498,-0.031,0.108,-0.377,-0.019,-0.013,-0.021,0.000,-0.000,0.000,0.12000,-0.12000,-0.12000,0.00000,0.00000,0.00000,0,1.000
150630,37.2745,-41.2061,-4.5451,-0.137,0.003,-0.483,-0.019,-0.000,-0.026,0.000,-0.000,0.000,0.12000,-0.12000,-0.12000,0.00000,0.00000,0.00000,0,1.000
150638,37.2741,-41.2074,-4.5466,-0.216,0.191,-0.381,-0.021,0.018,-0.021,0.000,-0.000,0.000,0.12000,-0.12000,-0.12000,0.00000,0.00000,0.00000,0,1.000
150646,37.2737,-41.2077,-4.5472,-0.202,0.217,-0.527,-0.006,0.017,-0.016,0.000,-0.000,0.000,0.12000,-0.12000,-0.12000,0.00000,0.00000,0.00000,0,1.000
150654,37.2743,-41.2088,-4.5477,-0.132,-0.014,-0.154,-0.002,0.030,-0.015,0.000,-0.000,-0.000,0.12000,-0.12000,-0.12000,0.00000,0.00000,0.00000,0,1.000
150661,37.2751,-41.2088,-4.5470,-0.302,0.095,-0.304,-0.001,0.024,-0.013,0.000,0.000,-0.000,0.12000,-0.12000,-0.12000,0.00000,0.00000,0.00000,0,1.000
150669,37.2769,-41.2076,-4.5443,-0.117,0.098,-0.387,-0.008,0.026,0.009,0.000,0.000,-0.000,0.12000,-0.12000,-0.12000,0.00000,0.00000,0.00000,0,1.000
150677,37.2781,-41.2063,-4.5422,-0.003,0.074,-0.583,-0.000,0.021,0.004,0.000,0.000,-0.000,0.12000,-0.12000,-0.12000,0.00000,0.00000,0.00000,0,1.000
150684,37.2767,-41.2061,-4.5431,-0.002,-0.272,-0.238,0.007,0.014,0.017,0.000,0.000,0.000,0.12000,-0.12000,-0.12000,0.00000,0.00000,0.00000,0,1.000
150692,37.2748,-41.2067,-4.5453,-0.152,0.061,-0.421,0.005,-0.004,0.028,0.000,0.000,0.000,0.12000,-0.12000,-0.12000,0.00000,0.00000,0.00000,0,1.000
150700,37.2730,-41.2073,-4.5475,-0.407,-0.229,-0.193,0.017,-0.022,0.017,0.000,0.000,0.000,0.12000,-0.12000,-0.12000,0.00000,0.00000,0.00000,0,1.000
150708,37.2728,-41.2073,-4.5476,-0.060,-0.075,0.047,0.010,-0.025,0.014,0.000,0.000,0.000,0.12000,-0.12000,-0.12000,0.00000,0.00000,0.00000,0,1.000
150716,37.2725,-41.2083,-4.5488,0.180,-0.113,0.268,0.003,-0.036,0.002,0.000,-0.000,0.000,0.12000,-0.12000,-0.12000,0.00000,0.00000,0.00000,0,1.000
150723,37.2747,-41.2077,-4.5463,0.024,0.022,-0.029,-0.000,-0.041,-0.005,0.000,-0.000,0.000,0.12000,-0.12000,-0.12000,0.00000,0.00000,0.00000,0,1.000
150731,37.2783,-41.2061,-4.5418,-0.137,-0.084,-0.396,-0.006,-0.018,-0.000,0.000,-0.000,0.000,0.12000,-0.12000,-0.12000,0.00000,0.00000,0.00000,0,1.000
150739,37.2835,-41.2050,-4.5362,-0.111,0.340,-0.318,-0.003,-0.003,-0.003,0.000,-0.000,0.000,0.12000,-0.12000,-0.12000,0.00000,0.00000,0.00000,0,1.000
150747,37.2897,-41.2035,-4.5294,-0.126,0.359,-0.215,0.006,0.003,-0.017,0.000,-0.000,0.000,0.12000,-0.12000,-0.12000,0.00000,0.00000,0.00000,0,1.000
150754,37.2913,-41.2045,-4.5288,-0.191,0.401,-0.087,0.016,0.001,-0.022,0.000,-0.000,0.000,0.12000,-0.12000,-0.12000,0.00000,0.00000,0.00000,0,1.000
150762,37.2922,-41.2044,-4.5279,-0.176,0.384,-0.190,0.007,0.017,-0.004,0.000,-0.000,0.000,0.12000,-0.12000,-0.12000,0.00000,0.00000,0.00000,0,1.000
150770,37.2907,-41.2063,-4.5310,0.058,0.017,0.048,0.004,0.024,-0.003,0.000,-0.000,0.000,0.12000,-0.12000,-0.12000,0.00000,0.00000,0.00000,0,1.000
150778,37.2892,-41.2079,-4.5338,-0.312,0.096,0.128,-0.003,0.021,-0.006,0.000,-0.000,0.000,0.12000,-0.12000,-0.12000,0.00000,0.00000,0.00000,0,1.000
150786,37.2866,-41.2092,-4.5372,-0.170,0.538,-0.033,0.008,0.029,0.012,0.000,0.000,0.000,0.12000,-0.12000,-0.12000,0.00000,0.00000,0.00000,0,1.000
150793,37.2847,-41.2105,-4.5401,-0.170,0.365,0.140,-0.014,0.009,0.005,0.000,0.000,0.000,0.12000,-0.12000,-0.12000,0.00000,0.00000,0.00000,0,1.000
150801,37.2823,-41.2119,-4.5434,-0.220,0.389,0.165,-0.001,-0.000,0.018,0.000,0.000,0.000,0.12000,-0.12000,-0.12000,0.00000,0.00000,0.00000,0,1.000
150809,37.2813,-41.2113,-4.5438,-0.126,0.140,0.003,-0.005,0.008,0.022,0.000,0.000,0.000,0.12000,-0.12000,-0.12000,0.00000,0.00000,0.00000,0,1.000
150816,37.2803,-41.2117,-4.5450,0.024,0.151,-0.158,-0.008,-0.004,0.006,0.000,0.000,0.000,0.12000,-0.12000,-0.12000,0.00000,0.00000,0.00000,0,1.000
150824,37.2801,-41.2134,-4.5467,-0.182,0.139,-0.256,-0.001,-0.004,0.018,0.000,0.000,0.000,0.12000,-0.12000,-0.12000,0.00000,0.00000,0.00000,0,1.000
150832,37.2811,-41.2149,-4.5472,-0.268,0.172,-0.310,0.006,-0.012,-0.007,0.000,0.000,0.000,0.12000,-0.12000,-0.12000,0.00000,0.00000,0.00000,0,1.000
150840,37.2815,-41.2153,-4.5473,-0.509,0.167,-0.487,-0.001,0.007,-0.026,0.000,0.000,0.000,0.12000,-0.12000,-0.12000,0.00000,0.00000,0.00000,0,1.000
150847,37.2864,-41.2121,-4.5400,-0.403,0.445,-0.554,0.002,0.011,-0.020,0.000,0.000,0.000,0.12000,-0.12000,-0.12000,0.00000,0.00000,0.00000,0,1.000
150856,37.2903,-41.2107,-4.5353,-0.324,0.257,-0.657,-0.000,0.005,-0.025,0.000,0.000,0.000,0.12000,-0.12000,-0.12000,0.00000,0.00000,0.00000,0,1.000
150863,37.2958,-41.2084,-4.5284,-0.537,0.504,-0.584,0.002,0.008,-0.029,0.000,0.000,0.000,0.12000,-0.12000,-0.12000,0.00000,0.00000,0.00000,0,1.000
150871,37.2976,-41.2077,-4.5262,-0.464,-0.056,-0.625,0.007,-0.000,-0.028,0.000,0.000,-0.000,0.12000,-0.12000,-0.12000,0.00000,0.00000,0.00000,0,1.000
150879,37.2998,-41.2060,-4.5227,-0.259,0.216,-0.785,0.011,-0.011,-0.036,0.000,0.000,-0.000,0.12000,-0.12000,-0.12000,0.00000,0.00000,0.00000,0,1.000
150886,37.3020,-41.2046,-4.5195,-0.223,0.121,-0.621,0.007,0.004,-0.022,0.000,0.000,-0.000,0.12000,-0.12000,-0.12000,0.00000,0.00000,0.00000,0,1.000
150894,37.3024,-41.2044,-4.5190,-0.238,0.138,-0.517,0.012,0.010,-0.013,0.000,0.000,-0.000,0.12000,-0.12000,-0.12000,0.00000,0.00000,0.00000,0,1.000
150902,37.3067,-41.2017,-4.5127,-0.344,-0.097,-0.494,-0.000,0.001,-0.002,0.000,0.000,-0.000,0.12000,-0.12000,-0.12000,0.00000,0.00000,0.00000,0,1.000
150910,37.3093,-41.2004,-4.5093,-0.032,0.281,-0.548,-0.004,-0.004,0.004,0.000,0.000,-0.000,0.12000,-0.12000,-0.12000,0.00000,0.00000,0.00000,0,1.000
150917,37.3094,-41.2005,-4.5093,-0.252,0.069,-0.328,-0.005,-0.006,0.007,0.000,0.000,-0.000,0.12000,-0.12000,-0.12000,0.00000,0.00000,0.00000,0,1.000
150925,37.3106,-41.1992,-4.5070,0.044,0.161,0.023,-0.015,-0.021,0.022,0.000,0.000,-0.000,0.12000,-0.12000,-0.12000,0.00000,0.00000,0.00000,0,1.000
150933,37.3152,-41.1965,-4.5005,-0.055,0.298,-0.014,-0.016,-0.012,0.020,0.000,0.000,-0.000,0.12000,-0.12000,-0.12000,0.00000,0.00000,0.00000,0,1.000
150941,37.3178,-41.1961,-4.4979,-0.090,0.263,-0.050,-0.017,-0.007,0.022,0.000,-0.000,-0.000,0.12000,-0.12000,-0.12000,0.00000,0.00000,0.00000,0,1.000
150949,37.3185,-41.1974,-4.4984,-0.020,0.119,0.237,-0.011,0.003,0.017,0.000,-0.000,-0.000,0.12000,-0.12000,-0.12000,0.00000,0.00000,0.00000,0,1.000
150956,37.3200,-41.1972,-4.4970,0.185,0.261,0.206,-0.003,0.007,0.013,0.000,-0.000,-0.000,0.12000,-0.12000,-0.12000,0.00000,0.00000,0.00000,0,1.000
150964,37.3238,-41.1946,-4.4913,0.150,0.140,0.256,0.002,0.016,0.002,0.000,0.000,-0.000,0.12000,-0.12000,-0.12000,0.00000,0.00000,0.00000,0,1.000
150972,37.3271,-41.1941,-4.4879,0.314,-0.037,0.164,0.014,0.036,-0.009,0.000,0.000,-0.000,0.12000,-0.12000,-0.12000,0.00000,0.00000,0.00000,0,1.000
150979,37.3284,-41.1944,-4.4870,0.214,0.056,0.171,0.031,0.049,-0.006,0.000,0.000,-0.000,0.12000,-0.12000,-0.12000,0.00000,0.00000,0.00000,0,1.000
150987,37.3280,-41.1954,-4.4883,0.328,-0.010,0.018,0.031,0.037,-0.010,0.000,0.000,-0.000,0.12000,-0.12000,-0.12000,0.00000,0.00000,0.00000,0,1.000
150995,37.3284,-41.1953,-4.4879,0.243,-0.020,0.007,0.032,0.022,-0.003,0.000,0.000,-0.000,0.12000,-0.12000,-0.12000,0.00000,0.00000,0.00000,0,1.000
151002,37.3263,-41.1963,-4.4905,0.234,0.109,0.310,0.034,0.007,-0.009,0.000,0.000,-0.000,0.12000,-0.12000,-0.12000,0.00000,0.00000,0.00000,0,1.000
151010,37.3252,-41.1964,-4.4917,0.228,-0.047,0.154,0.020,-0.007,-0.001,0.000,0.000,-0.000,0.12000,-0.12000,-0.12000,0.00000,0.00000,0.00000,0,1.000
151018,37.3216,-41.1976,-4.4959,0.122,-0.240,0.135,-0.004,-0.036,-0.009,0.000,0.000,-0.000,0.12000,-0.12000,-0.12000,0.00000,0.00000,0.00000,0,1.000
151025,37.3179,-41.1992,-4.5006,0.242,-0.324,0.311,-0.015,-0.046,-0.002,0.000,0.000,-0.000,0.12000,-0.12000,-0.12000,0.00000,0.00000,0.00000,0,1.000
151033,37.3159,-41.1999,-4.5030,0.143,-0.145,0.231,-0.023,-0.052,-0.008,0.000,0.000,-0.000,0.12000,-0.12000,-0.12000,0.00000,0.00000,0.00000,0,1.000
151041,37.3106,-41.2024,-4.5099,0.128,-0.042,0.249,-0.022,-0.055,-0.020,0.000,-0.000,-0.000,0.12000,-0.12000,-0.12000,0.00000,0.00000,0.00000,0,1.000
151049,37.3108,-41.2021,-4.5094,-0.113,-0.004,0.028,-0.030,-0.047,-0.002,0.000,-0.000,-0.000,0.12000,-0.12000,-0.12000,0.00000,0.00000,0.00000,0,1.000
151057,37.3086,-41.2041,-4.5133,-0.028,0.136,-0.091,-0.038,-0.023,0.010,0.000,-0.000,-0.000,0.12000,-0.12000,-0.12000,0.00000,0.00000,0.00000,0,1.000
151064,37.3062,-41.2051,-4.5162,0.057,0.275,-0.209,-0.023,-0.007,0.009,0.000,-0.000,-0.000,0.12000,-0.12000,-0.12000,0.00000,0.00000,0.00000,0,1.000
151072,37.3043,-41.2060,-4.5187,-0.007,0.360,-0.124,-0.014,0.024,0.013,0.000,-0.000,-0.000,0.12000,-0.12000,-0.12000,0.00000,0.00000,0.00000,0,1.000
151080,37.3058,-41.2041,-4.5157,0.128,0.517,-0.311,-0.006,0.021,0.016,0.000,-0.000,-0.000,0.12000,-0.12000,-0.12000,0.00000,0.00000,0.00000,0,1.000
151088,37.3063,-41.2024,-4.5137,0.100,0.680,-0.234,0.010,0.038,0.012,0.000,-0.000,-0.000,0.12000,-0.12000,-0.12000,0.00000,0.00000,0.00000,0,1.000
151095,37.3070,-41.2008,-4.5117,0.165,0.551,-0.276,0.013,0.048,0.003,0.000,0.000,0.000,0.12000,-0.12000,-0.12000,0.00000,0.00000,0.00000,0,1.000
151103,37.3087,-41.1984,-4.5079,0.145,0.498,-0.414,0.024,0.052,0.004,0.000,0.000,0.000,0.12000,-0.12000,-0.12000,0.00000,0.00000,0.00000,0,1.000
151111,37.3094,-41.1968,-4.5059,0.159,0.566,-0.604,0.021,0.036,0.007,0.000,0.000,0.000,0.12000,-0.12000,-0.12000,0.00000,0.00000,0.00000,0,1.000
151119,37.3140,-41.1931,-4.4985,-0.016,0.218,-0.608,0.021,0.033,-0.013,0.000,0.000,0.000,0.12000,-0.12000,-0.12000,0.00000,0.00000,0.00000,0,1.000
151127,37.3116,-41.1950,-4.5024,-0.017,0.131,-0.520,0.017,0.024,0.000,0.000,0.000,0.000,0.12000,-0.12000,-0.12000,0.00000,0.00000,0.00000,0,1.000
151134,37.3137,-41.1943,-4.4998,-0.434,-0.093,-0.831,0.009,0.003,-0.002,0.000,0.000,-0.000,0.12000,-0.12000,-0.12000,0.00000,0.00000,0.00000,0,1.000
151142,37.3170,-41.1936,-4.4963,-0.548,-0.069,-0.635,0.008,-0.010,-0.005,0.000,0.000,-0.000,0.12000,-0.12000,-0.12000,0.00000,0.00000,0.00000,0,1.000
151150,37.3193,-41.1947,-4.4953,-0.684,-0.011,-0.663,0.003,-0.025,-0.010,0.000,0.000,-0.000,0.12000,-0.12000,-0.12000,0.00000,0.00000,0.00000,0,1.000
151157,37.3226,-41.1946,-4.4923,-0.514,-0.119,-0.513,0.010,-0.031,-0.006,0.000,0.000,-0.000,0.12000,-0.12000,-0.12000,0.00000,0.00000,0.00000,0,1.000
151165,37.3274,-41.1932,-4.4868,-0.458,0.185,-0.556,0.003,-0.045,-0.005,0.000,0.000,-0.000,0.12000,-0.12000,-0.12000,0.00000,0.00000,0.00000,0,1.000
151173,37.3334,-41.1902,-4.4789,-0.387,0.257,-0.486,-0.010,-0.043,0.007,0.000,0.000,-0.000,0.12000,-0.12000,-0.12000,0.00000,0.00000,0.00000,0,1.000
151181,37.3390,-41.1865,-4.4706,-0.132,0.072,-0.240,-0.025,-0.035,0.008,0.000,0.000,-0.000,0.12000,-0.12000,-0.12000,0.00000,0.00000,0.00000,0,1.000
151189,37.3445,-41.1839,-4.4633,0.107,0.233,0.523,-0.018,-0.031,-0.004,0.000,-0.000,-0.000,0.12000,-0.12000,-0.12000,0.00000,0.00000,0.00000,0,1.000
151196,37.3470,-41.1825,-4.4599,0.051,0.189,0.306,-0.017,0.007,-0.010,0.000,-0.000,-0.000,0.12000,-0.12000,-0.12000,0.00000,0.00000,0.00000,0,1.000
151204,37.3487,-41.1829,-4.4588,0.051,0.061,0.435,-0.019,0.022,-0.015,0.000,-0.000,-0.000,0.12000,-0.12000,-0.12000,0.00000,0.00000,0.00000,0,1.000
151212,37.3505,-41.1824,-4.4567,0.235,-0.151,0.568,-0.020,0.040,-0.014,0.000,0.000,-0.000,0.12000,-0.12000,-0.12000,0.00000,0.00000,0.00000,0,1.000
151219,37.3501,-41.1844,-4.4588,0.291,-0.019,0.698,-0.035,0.069,-0.025,0.000,0.000,-0.000,0.12000,-0.12000,-0.12000,0.00000,0.00000,0.00000,0,1.000
151227,37.3475,-41.1876,-4.4640,0.199,-0.142,0.490,-0.016,0.076,0.003,0.000,0.000,-0.000,0.12000,-0.12000,-0.12000,0.00000,0.00000,0.00000,0,1.000
151235,37.3447,-41.1909,-4.4695,0.389,-0.025,0.606,-0.002,0.052,0.006,0.000,0.000,-0.000,0.12000,-0.12000,-0.12000,0.00000,0.00000,0.00000,0,1.000
151243,37.3394,-41.1956,-4.4785,0.502,-0.178,0.540,0.005,0.025,0.006,0.000,0.000,-0.000,0.12000,-0.12000,-0.12000,0.00000,0.00000,0.00000,0,1.000
151250,37.3350,-41.1985,-4.4849,0.857,-0.197,0.522,0.026,-0.008,0.035,0.000,0.000,-0.000,0.12000,-0.12000,-0.12000,0.00000,0.00000,0.00000,0,1.000
151258,37.3313,-41.1989,-4.4885,0.886,-0.318,0.402,0.031,-0.019,0.027,0.000,0.000,0.000,0.12000,-0.12000,-0.12000,0.00000,0.00000,0.00000,0,1.000
151266,37.3279,-41.1994,-4.4920,0.950,-0.360,0.274,0.031,-0.052,0.020,0.000,0.000,0.000,0.12000,-0.12000,-0.12000,0.00000,0.00000,0.00000,0,1.000
151274,37.3260,-41.1992,-4.4935,1.020,-0.204,0.258,0.023,-0.046,0.009,0.000,0.000,0.000,0.12000,-0.12000,-0.12000,0.00000,0.00000,0.00000,0,1.000
151281,37.3232,-41.1984,-4.4952,0.830,-0.450,0.272,0.033,-0.051,0.002,0.000,0.000,0.000,0.12000,-0.12000,-0.12000,0.00000,0.00000,0.00000,0,1.000
151289,37.3216,-41.1960,-4.4945,0.689,-0.332,-0.128,0.029,-0.032,-0.001,0.000,0.000,0.000,0.12000,-0.12000,-0.12000,0.00000,0.00000,0.00000,0,1.000
151297,37.3207,-41.1939,-4.4934,0.874,-0.588,0.048,0.025,-0.020,-0.009,0.000,0.000,0.000,0.12000,-0.12000,-0.12000,0.00000,0.00000,0.00000,0,1.000
151305,37.3190,-41.1922,-4.4933,0.561,-0.379,0.258,0.016,0.010,-0.023,0.000,0.000,0.000,0.12000,-0.12000,-0.12000,0.00000,0.00000,0.00000,0,1.000
151313,37.3201,-41.1892,-4.4896,0.790,-0.426,-0.135,0.015,0.027,-0.012,0.000,0.000,0.000,0.12000,-0.12000,-0.12000,0.00000,0.00000,0.00000,0,1.000
151320,37.3169,-41.1895,-4.4927,0.725,-0.298,-0.092,-0.009,0.039,-0.019,0.000,0.000,-0.000,0.12000,-0.12000,-0.12000,0.00000,0.00000,0.00000,0,1.000
151328,37.3148,-41.1897,-4.4948,0.555,-0.190,-0.242,-0.001,0.040,-0.028,0.000,0.000,-0.000,0.12000,-0.12000,-0.12000,0.00000,0.00000,0.00000,0,1.000
151336,37.3146,-41.1878,-4.4932,0.731,0.072,-0.152,-0.014,0.032,-0.018,0.000,0.000,-0.000,0.12000,-0.12000,-0.12000,0.00000,0.00000,0.00000,0,1.000
151344,37.3163,-41.1856,-4.4897,0.611,0.070,-0.241,-0.036,0.013,-0.015,0.000,0.000,-0.000,0.12000,-0.12000,-0.12000,0.00000,0.00000,0.00000,0,1.000
151351,37.3157,-41.1839,-4.4887,0.576,0.034,-0.276,-0.024,0.005,-0.012,0.000,0.000,-0.000,0.12000,-0.12000,-0.12000,0.00000,0.00000,0.00000,0,1.000
151359,37.3170,-41.1812,-4.4850,0.305,0.262,0.297,-0.024,-0.018,-0.005,0.000,0.000,-0.000,0.12000,-0.12000,-0.12000,0.00000,0.00000,0.00000,0,1.000
151367,37.3176,-41.1783,-4.4820,0.115,0.102,0.223,-0.023,-0.032,0.001,0.000,0.000,-0.000,0.12000,-0.12000,-0.12000,0.00000,0.00000,0.00000,0,1.000
151375,37.3194,-41.1738,-4.4763,0.251,0.173,0.122,-0.004,-0.025,0.004,0.000,0.000,-0.000,0.12000,-0.12000,-0.12000,0.00000,0.00000,0.00000,0,1.000
151383,37.3186,-41.1723,-4.4757,0.237,0.060,0.354,-0.001,-0.020,-0.002,0.000,0.000,-0.000,0.12000,-0.12000,-0.12000,0.00000,0.00000,0.00000,0,1.000
151390,37.3217,-41.1679,-4.4690,0.103,0.075,0.368,0.011,-0.025,0.003,0.000,0.000,-0.000,0.12000,-0.12000,-0.12000,0.00000,0.00000,0.00000,0,1.000
151398,37.3232,-41.1660,-4.4658,0.133,0.127,0.074,0.021,-0.018,0.008,0.000,0.000,-0.000,0.12000,-0.12000,-0.12000,0.00000,0.00000,0.00000,0,1.000
151406,37.3209,-41.1674,-4.4692,-0.102,0.234,0.096,0.020,-0.009,0.007,0.000,0.000,-0.000,0.12000,-0.12000,-0.12000,0.00000,0.00000,0.00000,0,1.000
151413,37.3197,-41.1711,-4.4735,-0.287,0.058,0.352,0.042,-0.000,0.001,0.000,0.000,-0.000,0.12000,-0.12000,-0.12000,0.00000,0.00000,0.00000,0,1.000
151421,37.3193,-41.1740,-4.4766,-0.686,0.430,0.379,0.020,0.009,0.008,0.000,0.000,-0.000,0.12000,-0.12000,-0.12000,0.00000,0.00000,0.00000,0,1.000
151429,37.3163,-41.1784,-4.4831,-1.056,0.725,0.242,0.032,0.032,0.004,0.000,0.000,-0.000,0.12000,-0.12000,-0.12000,0.00000,0.00000,0.00000,0,1.000
151437,37.3161,-41.1814,-4.4860,-1.176,0.593,0.283,0.013,0.020,-0.002,0.000,0.000,-0.000,0.12000,-0.12000,-0.12000,0.00000,0.00000,0.00000,0,1.000
151445,37.3158,-41.1838,-4.4885,-1.247,0.652,0.083,-0.005,0.007,0.011,0.000,0.000,-0.000,0.12000,-0.12000,-0.12000,0.00000,0.00000,0.00000,0,1.000
151453,37.3144,-41.1855,-4.4913,-1.217,0.488,0.006,-0.005,0.016,0.004,0.000,0.000,-0.000,0.12000,-0.12000,-0.12000,0.00000,0.00000,0.00000,0,1.000
151460,37.3133,-41.1876,-4.4942,-1.138,0.126,0.077,-0.030,0.003,0.005,0.000,0.000,-0.000,0.12000,-0.12000,-0.12000,0.00000,0.00000,0.00000,0,1.000
151468,37.3103,-41.1912,-4.5000,-0.683,0.144,-0.078,-0.019,-0.009,-0.003,0.000,0.000,-0.000,0.12000,-0.12000,-0.12000,0.00000,0.00000,0.00000,0,1.000
151476,37.3086,-41.1945,-4.5045,-0.825,-0.127,-0.089,-0.021,-0.009,0.013,0.000,0.000,-0.000,0.12000,-0.12000,-0.12000,0.00000,0.00000,0.00000,0,1.000
151483,37.3081,-41.1971,-4.5073,-0.464,0.183,-0.124,-0.024,-0.024,0.003,0.000,0.000,-0.000,0.12000,-0.12000,-0.12000,0.00000,0.00000,0.00000,0,1.000
151491,37.3077,-41.2014,-4.5115,-0.785,0.194,-0.027,-0.002,-0.021,0.004,0.000,0.000,-0.000,0.12000,-0.12000,-0.12000,0.00000,0.00000,0.00000,0,1.000
151499,37.3072,-41.2052,-4.5154,-0.410,0.314,0.007,0.011,-0.032,-0.008,0.000,0.000,-0.000,0.12000,-0.12000,-0.12000,0.00000,0.00000,0.00000,0,1.000
151507,37.3071,-41.2074,-4.5176,-0.276,0.300,-0.007,0.024,-0.015,-0.009,0.000,0.000,-0.000,0.12000,-0.12000,-0.12000,0.00000,0.00000,0.00000,0,1.000
151515,37.3104,-41.2079,-4.5151,-0.057,0.426,-0.141,0.021,-0.012,-0.021,0.000,-0.000,-0.000,0.12000,-0.12000,-0.12000,0.00000,0.00000,0.00000,0,1.000
151523,37.3117,-41.2074,-4.5135,-0.056,0.469,-0.184,0.028,-0.001,-0.020,0.000,-0.000,-0.000,0.12000,-0.12000,-0.12000,0.00000,0.00000,0.00000,0,1.000
151530,37.3113,-41.2090,-4.5153,-0.318,0.325,-0.413,0.025,0.001,-0.018,0.000,-0.000,-0.000,0.12000,-0.12000,-0.12000,0.00000,0.00000,0.00000,0,1.000
151538,37.3135,-41.2069,-4.5115,-0.218,0.318,-0.506,0.029,0.021,-0.012,0.000,0.000,-0.000,0.12000,-0.12000,-0.12000,0.00000,0.00000,0.00000,0,1.000
151546,37.3140,-41.2061,-4.5102,-0.537,0.286,-0.366,0.017,0.036,-0.008,0.000,0.000,-0.000,0.12000,-0.12000,-0.12000,0.00000,0.00000,0.00000,0,1.000
151553,37.3133,-41.2053,-4.5101,-0.481,0.329,-0.149,0.010,0.036,0.014,0.000,0.000,-0.000,0.12000,-0.12000,-0.12000,0.00000,0.00000,0.00000,0,1.000
151561,37.3144,-41.2038,-4.5079,-0.495,0.432,-0.132,-0.012,0.007,-0.001,0.000,0.000,-0.000,0.12000,-0.12000,-0.12000,0.00000,0.00000,0.00000,0,1.000
151569,37.3137,-41.2036,-4.5082,-0.558,0.602,-0.133,-0.013,0.018,0.010,0.000,0.000,-0.000,0.12000,-0.12000,-0.12000,0.00000,0.00000,0.00000,0,1.000
151577,37.3141,-41.2039,-4.5082,-0.743,0.814,-0.267,-0.033,0.007,0.009,0.000,0.000,-0.000,0.12000,-0.12000,-0.12000,0.00000,0.00000,0.00000,0,1.000
151585,37.3167,-41.2050,-4.5069,-0.942,0.784,-0.037,-0.012,-0.021,0.013,0.000,0.000,-0.000,0.12000,-0.12000,-0.12000,0.00000,0.00000,0.00000,0,1.000
151592,37.3219,-41.2047,-4.5021,-0.927,0.682,-0.055,-0.033,-0.016,0.011,0.000,0.000,-0.000,0.12000,-0.12000,-0.12000,0.00000,0.00000,0.00000,0,1.000
151600,37.3242,-41.2073,-4.5024,-0.914,0.708,-0.201,-0.023,-0.013,0.023,0.000,0.000,-0.000,0.12000,-0.12000,-0.12000,0.00000,0.00000,0.00000,0,1.000
151608,37.3289,-41.2085,-4.4993,-0.970,0.622,-0.375,-0.008,-0.006,0.002,0.000,0.000,-0.000,0.12000,-0.12000,-0.12000,0.00000,0.00000,0.00000,0,1.000
151616,37.3288,-41.2117,-4.5024,-1.317,0.252,-0.399,0.007,0.016,-0.012,0.000,0.000,-0.000,0.12000,-0.12000,-0.12000,0.00000,0.00000,0.00000,0,1.000
151623,37.3288,-41.2154,-4.5056,-1.162,0.334,-0.318,0.020,0.016,-0.012,0.000,0.000,-0.000,0.12000,-0.12000,-0.12000,0.00000,0.00000,0.00000,0,1.000
151631,37.3285,-41.2183,-4.5086,-1.183,0.324,-0.499,0.026,0.027,-0.016,0.000,0.000,-0.000,0.12000,-0.12000,-0.12000,0.00000,0.00000,0.00000,0,1.000
151639,37.3305,-41.2193,-4.5077,-0.409,0.331,-0.751,0.020,0.027,-0.016,0.000,0.000,-0.000,0.12000,-0.12000,-0.12000,0.00000,0.00000,0.00000,0,1.000
151647,37.3312,-41.2201,-4.5078,-0.307,-0.047,-1.215,0.019,0.007,-0.001,0.000,0.000,-0.000,0.12000,-0.12000,-0.12000,0.00000,0.00000,0.00000,0,1.000
151655,37.3309,-41.2216,-4.5094,0.047,0.064,-1.362,0.027,0.010,0.011,0.000,0.000,-0.000,0.12000,-0.12000,-0.12000,0.00000,0.00000,0.00000,0,1.000
151662,37.3300,-41.2251,-4.5135,-0.069,0.433,-1.510,0.009,-0.003,0.020,0.000,0.000,-0.000,0.12000,-0.12000,-0.12000,0.00000,0.00000,0.00000,0,1.000
151670,37.3312,-41.2275,-4.5146,0.205,0.215,-1.037,0.002,-0.007,0.018,0.000,0.000,-0.000,0.12000,-0.12000,-0.12000,0.00000,0.00000,0.00000,0,1.000
151678,37.3341,-41.2283,-4.5128,0.359,0.425,-1.085,-0.011,-0.015,0.004,0.000,0.000,-0.000,0.12000,-0.12000,-0.12000,0.00000,0.00000,0.00000,0,1.000
151685,37.3396,-41.2286,-4.5081,0.200,0.674,-0.751,-0.022,-0.028,-0.005,0.000,0.000,-0.000,0.12000,-0.12000,-0.12000,0.00000,0.00000,0.00000,0,1.000
151693,37.3500,-41.2225,-4.4935,0.449,0.723,-1.049,-0.024,-0.033,-0.027,0.000,0.000,-0.000,0.12000,-0.12000,-0.12000,0.00000,0.00000,0.00000,0,1.000
151701,37.3609,-41.2161,-4.4781,0.464,0.793,-1.240,-0.023,-0.024,-0.017,0.000,0.000,-0.000,0.12000,-0.12000,-0.12000,0.00000,0.00000,0.00000,0,1.000
151709,37.3730,-41.2074,-4.4595,0.353,0.705,-1.675,-0.035,-0.001,-0.013,0.000,0.000,-0.000,0.12000,-0.12000,-0.12000,0.00000,0.00000,0.00000,0,1.000
151717,37.3801,-41.2015,-4.4480,0.702,0.487,-1.806,-0.011,-0.002,-0.018,0.000,0.000,-0.000,0.12000,-0.12000,-0.12000,0.00000,0.00000,0.00000,0,1.000
151725,37.3840,-41.1969,-4.4404,0.517,0.310,-1.550,-0.006,0.022,-0.041,0.000,0.000,-0.000,0.12000,-0.12000,-0.12000,0.00000,0.00000,0.00000,0,1.000
151732,37.3879,-41.1923,-4.4327,0.644,0.037,-0.874,0.011,0.030,-0.044,0.000,0.000,-0.000,0.12000,-0.12000,-0.12000,0.00000,0.00000,0.00000,0,1.000
151740,37.3907,-41.1879,-4.4263,0.835,-0.322,-0.284,0.015,0.030,-0.031,0.000,0.000,-0.000,0.12000,-0.12000,-0.12000,0.00000,0.00000,0.00000,0,1.000
151748,37.3968,-41.1808,-4.4144,1.041,-0.352,-0.143,0.024,0.030,-0.027,0.000,0.000,-0.000,0.12000,-0.12000,-0.12000,0.00000,0.00000,0.00000,0,1.000
151755,37.4027,-41.1748,-4.4039,1.212,-0.503,0.049,0.031,0.029,-0.010,0.000,0.000,-0.000,0.12000,-0.12000,-0.12000,0.00000,0.00000,0.00000,0,1.000
151763,37.4106,-41.1674,-4.3902,1.119,-0.210,0.167,0.028,0.002,0.007,0.000,0.000,-0.000,0.12000,-0.12000,-0.12000,0.00000,0.00000,0.00000,0,1.000
151771,37.4190,-41.1596,-4.3757,1.624,-0.346,0.115,0.020,-0.002,0.030,0.000,0.000,-0.000,0.12000,-0.12000,-0.12000,0.00000,0.00000,0.00000,0,1.000
151778,37.4258,-41.1537,-4.3644,1.553,-0.200,-0.172,0.010,-0.011,0.039,0.000,0.000,-0.000,0.12000,-0.12000,-0.12000,0.00000,0.00000,0.00000,0,1.000
151786,37.4283,-41.1507,-4.3595,1.743,-0.299,0.160,-0.007,-0.020,0.042,0.000,0.000,-0.000,0.12000,-0.12000,-0.12000,0.00000,0.00000,0.00000,0,1.000
151794,37.4309,-41.1482,-4.3549,1.529,-0.310,0.492,-0.007,-0.028,0.028,0.000,0.000,-0.000,0.12000,-0.12000,-0.12000,0.00000,0.00000,0.00000,0,1.000
151801,37.4296,-41.1488,-4.3566,1.180,-0.351,0.882,-0.015,-0.050,0.015,0.000,0.000,-0.000,0.12000,-0.12000,-0.12000,0.00000,0.00000,0.00000,0,1.000
151809,37.4248,-41.1491,-4.3611,1.037,-0.510,1.500,-0.009,-0.039,0.004,0.000,0.000,-0.000,0.12000,-0.12000,-0.12000,0.00000,0.00000,0.00000,0,1.000
151817,37.4279,-41.1425,-4.3524,1.038,-0.552,1.542,-0.005,-0.023,-0.025,0.000,0.000,-0.000,0.12000,-0.12000,-0.12000,0.00000,0.00000,0.00000,0,1.000
151825,37.4255,-41.1393,-4.3516,1.251,-0.600,2.011,-0.011,-0.015,-0.027,0.000,0.000,-0.000,0.12000,-0.12000,-0.12000,0.00000,0.00000,0.00000,0,1.000
151832,37.4235,-41.1362,-4.3505,1.147,-0.490,1.689,-0.030,-0.004,-0.034,0.000,0.000,-0.000,0.12000,-0.12000,-0.12000,0.00000,0.00000,0.00000,0,1.000
151840,37.4191,-41.1343,-4.3528,1.643,-0.412,1.853,-0.020,0.007,-0.037,0.000,0.000,-0.000,0.12000,-0.12000,-0.12000,0.00000,0.00000,0.00000,0,1.000
151848,37.4124,-41.1358,-4.3599,1.629,-0.352,1.914,-0.021,0.017,-0.016,0.000,0.000,-0.000,0.12000,-0.12000,-0.12000,0.00000,0.00000,0.00000,0,1.000
151855,37.4039,-41.1389,-4.3702,1.274,-0.248,1.847,-0.002,0.024,-0.001,0.000,0.000,-0.000,0.12000,-0.12000,-0.12000,0.00000,0.00000,0.00000,0,1.000
151863,37.3970,-41.1431,-4.3801,0.834,-0.110,1.726,0.005,0.030,0.017,0.000,0.000,-0.000,0.12000,-0.12000,-0.12000,0.00000,0.00000,0.00000,0,1.000
151871,37.3815,-41.1512,-4.4012,0.657,-0.547,1.811,0.018,0.021,0.027,0.000,0.000,-0.000,0.12000,-0.12000,-0.12000,0.00000,0.00000,0.00000,0,1.000
151879,37.3682,-41.1589,-4.4198,0.289,-0.624,1.304,0.029,0.034,0.035,0.000,0.000,-0.000,0.12000,-0.12000,-0.12000,0.00000,0.00000,0.00000,0,1.000
151887,37.3597,-41.1629,-4.4310,0.568,-0.913,1.103,0.016,0.021,0.042,0.000,0.000,-0.000,0.12000,-0.12000,-0.12000,0.00000,0.00000,0.00000,0,1.000
151894,37.3529,-41.1652,-4.4389,0.518,-0.543,0.783,0.008,0.018,0.037,0.000,0.000,-0.000,0.12000,-0.12000,-0.12000,0.00000,0.00000,0.00000,0,1.000
151902,37.3493,-41.1640,-4.4411,0.556,-0.664,0.231,0.002,0.013,0.040,0.000,0.000,-0.000,0.12000,-0.12000,-0.12000,0.00000,0.00000,0.00000,0,1.000
151910,37.3457,-41.1635,-4.4437,0.911,-0.468,-0.003,-0.017,0.003,0.038,0.000,0.000,0.000,0.12000,-0.12000,-0.12000,0.00000,0.00000,0.00000,0,1.000
151917,37.3427,-41.1622,-4.4453,0.642,-0.310,-0.103,-0.012,-0.021,0.026,0.000,0.000,0.000,0.12000,-0.12000,-0.12000,0.00000,0.00000,0.00000,0,1.000
151925,37.3388,-41.1632,-4.4496,0.683,0.010,-0.041,-0.022,-0.019,-0.011,0.000,0.000,0.000,0.12000,-0.12000,-0.12000,0.00000,0.00000,0.00000,0,1.000
151933,37.3362,-41.1634,-4.4520,0.859,0.099,0.222,-0.021,-0.016,-0.021,0.000,0.000,0.000,0.12000,-0.12000,-0.12000,0.00000,0.00000,0.00000,0,1.000
151941,37.3327,-41.1647,-4.4562,0.653,0.129,0.081,-0.017,-0.016,-0.036,0.000,0.000,-0.000,0.12000,-0.12000,-0.12000,0.00000,0.00000,0.00000,0,1.000
151949,37.3290,-41.1649,-4.4597,0.768,-0.068,0.057,0.001,-0.006,-0.053,0.000,0.000,-0.000,0.12000,-0.12000,-0.12000,0.00000,0.00000,0.00000,0,1.000
151956,37.3296,-41.1624,-4.4570,0.727,-0.044,-0.349,0.010,0.011,-0.039,0.000,0.000,-0.000,0.12000,-0.12000,-0.12000,0.00000,0.00000,0.00000,0,1.000
151964,37.3298,-41.1611,-4.4556,0.855,-0.041,-0.692,0.014,0.012,-0.026,0.000,0.000,-0.000,0.12000,-0.12000,-0.12000,0.00000,0.00000,0.00000,0,1.000
151972,37.3319,-41.1580,-4.4509,0.515,0.047,-0.862,0.040,0.018,-0.018,0.000,0.000,-0.000,0.12000,-0.12000,-0.12000,0.00000,0.00000,0.00000,0,1.000
151980,37.3375,-41.1529,-4.4414,0.671,0.171,-0.825,0.028,0.030,0.006,0.000,0.000,-0.000,0.12000,-0.12000,-0.12000,0.00000,0.00000,0.00000,0,1.000
151987,37.3433,-41.1480,-4.4318,0.416,0.183,-0.900,0.029,0.014,0.027,0.000,0.000,-0.000,0.12000,-0.12000,-0.12000,0.00000,0.00000,0.00000,0,1.000
151995,37.3482,-41.1444,-4.4242,0.194,0.602,-0.568,0.025,0.010,0.024,0.000,0.000,-0.000,0.12000,-0.12000,-0.12000,0.00000,0.00000,0.00000,0,1.000
152003,37.3535,-41.1413,-4.4168,0.044,0.677,-0.493,0.013,0.020,0.024,0.000,0.000,-0.000,0.12000,-0.12000,-0.12000,0.00000,0.00000,0.00000,0,1.000
152011,37.3601,-41.1359,-4.4061,-0.025,0.477,-0.435,0.004,0.001,0.022,0.000,0.000,-0.000,0.12000,-0.12000,-0.12000,0.00000,0.00000,0.00000,0,1.000
152019,37.3634,-41.1336,-4.4011,-0.160,0.233,-0.162,-0.005,-0.005,0.009,0.000,0.000,-0.000,0.12000,-0.12000,-0.12000,0.00000,0.00000,0.00000,0,1.000
152026,37.3698,-41.1303,-4.3925,0.116,0.101,0.222,-0.011,0.014,-0.007,0.000,0.000,-0.000,0.12000,-0.12000,-0.12000,0.00000,0.00000,0.00000,0,1.000
152034,37.3741,-41.1290,-4.3875,-0.145,0.088,-0.137,-0.015,-0.012,-0.014,0.000,0.000,-0.000,0.12000,-0.12000,-0.12000,0.00000,0.00000,0.00000,0,1.000
152042,37.3769,-41.1284,-4.3845,-0.046,-0.263,0.115,-0.012,-0.006,-0.010,0.000,0.000,-0.000,0.12000,-0.12000,-0.12000,0.00000,0.00000,0.00000,0,1.000
152050,37.3797,-41.1272,-4.3810,-0.110,-0.220,0.242,-0.021,-0.027,-0.024,0.000,0.000,-0.000,0.12000,-0.12000,-0.12000,0.00000,0.00000,0.00000,0,1.000
152057,37.3809,-41.1267,-4.3794,-0.060,-0.287,0.260,-0.031,-0.019,-0.016,0.000,0.000,-0.000,0.12000,-0.12000,-0.12000,0.00000,0.00000,0.00000,0,1.000
152065,37.3813,-41.1273,-4.3796,-0.146,-0.427,0.379,-0.020,-0.027,-0.007,0.000,0.000,-0.000,0.12000,-0.12000,-0.12000,0.00000,0.00000,0.00000,0,1.000
152073,37.3809,-41.1277,-4.3803,-0.131,-0.530,0.361,-0.031,-0.029,0.014,0.000,0.000,-0.000,0.12000,-0.12000,-0.12000,0.00000,0.00000,0.00000,0,1.000
152080,37.3797,-41.1285,-4.3821,-0.069,-0.286,0.690,-0.005,-0.023,0.011,0.000,0.000,-0.000,0.12000,-0.12000,-0.12000,0.00000,0.00000,0.00000,0,1.000
152088,37.3762,-41.1298,-4.3864,-0.033,-0.381,0.855,0.002,-0.004,0.007,0.000,0.000,-0.000,0.12000,-0.12000,-0.12000,0.00000,0.00000,0.00000,0,1.000
152096,37.3727,-41.1318,-4.3913,0.172,-0.239,0.825,0.020,0.010,0.020,0.000,0.000,-0.000,0.12000,-0.12000,-0.12000,0.00000,0.00000,0.00000,0,1.000
152104,37.3688,-41.1338,-4.3966,0.413,-0.191,0.959,0.026,0.022,0.027,0.000,0.000,-0.000,0.12000,-0.12000,-0.12000,0.00000,0.00000,0.00000,0,1.000
152112,37.3667,-41.1350,-4.3995,0.612,-0.290,0.859,0.037,0.031,0.021,0.000,0.000,-0.000,0.12000,-0.12000,-0.12000,0.00000,0.00000,0.00000,0,1.000
152119,37.3668,-41.1354,-4.3998,0.682,-0.003,0.714,0.034,0.043,0.021,0.000,0.000,-0.000,0.12000,-0.12000,-0.12000,0.00000,0.00000,0.00000,0,1.000
152127,37.3643,-41.1360,-4.4024,0.775,-0.166,0.466,0.025,0.030,0.009,0.000,0.000,0.000,0.12000,-0.12000,-0.12000,0.00000,0.00000,0.00000,0,1.000
152135,37.3630,-41.1381,-4.4056,0.555,-0.118,0.427,0.005,0.035,-0.000,0.000,0.000,0.000,0.12000,-0.12000,-0.12000,0.00000,0.00000,0.00000,0,1.000
152142,37.3580,-41.1410,-4.4125,0.577,-0.394,0.152,-0.006,0.031,-0.013,0.000,0.000,0.000,0.12000,-0.12000,-0.12000,0.00000,0.00000,0.00000,0,1.000
152150,37.3514,-41.1441,-4.4212,0.512,-0.310,0.238,-0.021,0.003,-0.033,0.000,0.000,-0.000,0.12000,-0.12000,-0.12000,0.00000,0.00000,0.00000,0,1.000
152158,37.3478,-41.1452,-4.4253,0.406,-0.416,0.133,-0.029,-0.017,-0.034,0.000,0.000,-0.000,0.12000,-0.12000,-0.12000,0.00000,0.00000,0.00000,0,1.000
152166,37.3412,-41.1477,-4.4335,0.180,-0.697,0.112,-0.021,-0.013,-0.018,0.000,0.000,-0.000,0.12000,-0.12000,-0.12000,0.00000,0.00000,0.00000,0,1.000
152174,37.3355,-41.1493,-4.4399,0.444,-0.624,-0.331,-0.031,-0.021,-0.020,0.000,0.000,-0.000,0.12000,-0.12000,-0.12000,0.00000,0.00000,0.00000,0,1.000
152181,37.3331,-41.1476,-4.4405,0.415,-0.375,-0.340,-0.030,-0.025,-0.022,0.000,0.000,-0.000,0.12000,-0.12000,-0.12000,0.00000,0.00000,0.00000,0,1.000
152189,37.3314,-41.1470,-4.4415,0.394,-0.557,-0.349,-0.027,-0.001,-0.006,0.000,0.000,-0.000,0.12000,-0.12000,-0.12000,0.00000,0.00000,0.00000,0,1.000
152197,37.3311,-41.1454,-4.4402,0.380,-0.238,-0.547,-0.008,-0.005,-0.002,0.000,0.000,-0.000,0.12000,-0.12000,-0.12000,0.00000,0.00000,0.00000,0,1.000
152204,37.3340,-41.1416,-4.4342,0.336,0.029,-0.454,0.020,-0.003,0.016,0.000,0.000,-0.000,0.12000,-0.12000,-0.12000,0.00000,0.00000,0.00000,0,1.000
152212,37.3378,-41.1382,-4.4278,0.478,0.515,-0.658,0.031,0.009,0.017,0.000,0.000,-0.000,0.12000,-0.12000,-0.12000,0.00000,0.00000,0.00000,0,1.000
152220,37.3409,-41.1340,-4.4213,0.372,0.452,-0.807,0.033,0.013,0.029,0.000,0.000,-0.000,0.12000,-0.12000,-0.12000,0.00000,0.00000,0.00000,0,1.000
152228,37.3428,-41.1308,-4.4167,0.308,0.493,-0.679,0.015,0.015,0.028,0.000,0.000,-0.000,0.12000,-0.12000,-0.12000,0.00000,0.00000,0.00000,0,1.000
152236,37.3436,-41.1293,-4.4146,0.109,0.462,-0.449,0.025,0.016,0.020,0.000,0.000,-0.000,0.12000,-0.12000,-0.12000,0.00000,0.00000,0.00000,0,1.000
152243,37.3430,-41.1279,-4.4139,0.130,0.427,-0.224,0.024,0.011,0.005,0.000,0.000,-0.000,0.12000,-0.12000,-0.12000,0.00000,0.00000,0.00000,0,1.000
152251,37.3471,-41.1239,-4.4067,0.081,0.452,-0.200,0.020,-0.000,0.011,0.000,0.000,-0.000,0.12000,-0.12000,-0.12000,0.00000,0.00000,0.00000,0,1.000
152259,37.3525,-41.1198,-4.3982,0.167,0.290,-0.018,0.007,-0.014,-0.005,0.000,0.000,-0.000,0.12000,-0.12000,-0.12000,0.00000,0.00000,0.00000,0,1.000
152266,37.3580,-41.1158,-4.3897,0.232,0.076,0.026,0.000,-0.016,-0.015,0.000,0.000,-0.000,0.12000,-0.12000,-0.12000,0.00000,0.00000,0.00000,0,1.000
152274,37.3613,-41.1143,-4.3854,-0.369,-0.323,-0.030,-0.024,-0.017,-0.030,0.000,0.000,-0.000,0.12000,-0.12000,-0.12000,0.00000,0.00000,0.00000,0,1.000
152282,37.3651,-41.1130,-4.3809,-0.270,-0.415,-0.038,-0.031,0.006,-0.019,0.000,0.000,-0.000,0.12000,-0.12000,-0.12000,0.00000,0.00000,0.00000,0,1.000
152290,37.3674,-41.1141,-4.3799,-0.499,-0.194,0.182,-0.028,-0.004,-0.020,0.000,0.000,-0.000,0.12000,-0.12000,-0.12000,0.00000,0.00000,0.00000,0,1.000
152298,37.3687,-41.1159,-4.3804,-0.514,-0.004,0.113,-0.024,0.010,-0.004,0.000,0.000,-0.000,0.12000,-0.12000,-0.12000,0.00000,0.00000,0.00000,0,1.000
152305,37.3691,-41.1167,-4.3807,-0.267,0.286,0.316,-0.020,-0.013,0.008,0.000,0.000,-0.000,0.12000,-0.12000,-0.12000,0.00000,0.00000,0.00000,0,1.000
152313,37.3665,-41.1185,-4.3847,-0.317,0.267,0.384,-0.004,-0.007,0.020,0.000,0.000,-0.000,0.12000,-0.12000,-0.12000,0.00000,0.00000,0.00000,0,1.000
152321,37.3647,-41.1198,-4.3874,-0.097,0.133,0.510,-0.001,0.005,0.028,0.000,0.000,-0.000,0.12000,-0.12000,-0.12000,0.00000,0.00000,0.00000,0,1.000
152329,37.3611,-41.1226,-4.3931,0.229,0.191,0.655,-0.011,0.017,0.025,0.000,0.000,-0.000,0.12000,-0.12000,-0.12000,0.00000,0.00000,0.00000,0,1.000
152336,37.3586,-41.1224,-4.3952,0.557,-0.122,0.428,-0.004,0.011,0.028,0.000,0.000,-0.000,0.12000,-0.12000,-0.12000,0.00000,0.00000,0.00000,0,1.000
152344,37.3571,-41.1249,-4.3988,0.542,-0.148,0.575,0.003,0.021,0.027,0.000,0.000,0.000,0.12000,-0.12000,-0.12000,0.00000,0.00000,0.00000,0,1.000
152352,37.3574,-41.1270,-4.4003,0.661,0.071,0.448,-0.007,0.010,-0.001,0.000,0.000,0.000,0.12000,-0.12000,-0.12000,0.00000,0.00000,0.00000,0,1.000
152360,37.3572,-41.1277,-4.4012,0.406,-0.003,0.460,0.010,0.002,-0.012,0.000,0.000,0.000,0.12000,-0.12000,-0.12000,0.00000,0.00000,0.00000,0,1.000
152367,37.3565,-41.1309,-4.4047,0.206,0.227,0.431,0.022,-0.015,-0.025,0.000,0.000,0.000,0.12000,-0.12000,-0.12000,0.00000,0.00000,0.00000,0,1.000
152375,37.3569,-41.1327,-4.4061,0.249,-0.125,0.423,0.008,-0.016,-0.016,0.000,0.000,-0.000,0.12000,-0.12000,-0.12000,0.00000,0.00000,0.00000,0,1.000
152383,37.3537,-41.1353,-4.4112,0.313,-0.081,0.209,0.005,-0.031,-0.028,0.000,0.000,-0.000,0.12000,-0.12000,-0.12000,0.00000,0.00000,0.00000,0,1.000
152391,37.3502,-41.1371,-4.4159,0.421,-0.131,-0.272,0.006,-0.034,-0.042,0.000,0.000,-0.000,0.12000,-0.12000,-0.12000,0.00000,0.00000,0.00000,0,1.000
152398,37.3450,-41.1392,-4.4224,0.681,-0.334,0.304,0.004,-0.018,-0.027,0.000,0.000,-0.000,0.12000,-0.12000,-0.12000,0.00000,0.00000,0.00000,0,1.000
152406,37.3410,-41.1403,-4.4269,0.590,-0.327,-0.034,0.009,-0.018,-0.004,0.000,0.000,-0.000,0.12000,-0.12000,-0.12000,0.00000,0.00000,0.00000,0,1.000
152414,37.3395,-41.1395,-4.4275,0.930,-0.373,0.094,-0.007,-0.002,-0.000,0.000,0.000,-0.000,0.12000,-0.12000,-0.12000,0.00000,0.00000,0.00000,0,1.000
152422,37.3392,-41.1373,-4.4258,0.924,-0.744,0.154,0.009,0.007,0.003,0.000,0.000,-0.000,0.12000,-0.12000,-0.12000,0.00000,0.00000,0.00000,0,1.000
152429,37.3380,-41.1356,-4.4253,0.966,-0.208,-0.000,0.007,0.023,0.025,0.000,0.000,-0.000,0.12000,-0.12000,-0.12000,0.00000,0.00000,0.00000,0,1.000
152437,37.3419,-41.1311,-4.4178,0.726,-0.471,0.080,0.004,0.030,0.030,0.000,0.000,-0.000,0.12000,-0.12000,-0.12000,0.00000,0.00000,0.00000,0,1.000
152445,37.3453,-41.1278,-4.4118,0.661,-0.170,-0.051,0.006,0.036,0.013,0.000,0.000,-0.000,0.12000,-0.12000,-0.12000,0.00000,0.00000,0.00000,0,1.000
152453,37.3466,-41.1243,-4.4075,0.386,-0.167,-0.307,0.009,0.031,0.007,0.000,0.000,-0.000,0.12000,-0.12000,-0.12000,0.00000,0.00000,0.00000,0,1.000
152460,37.3497,-41.1203,-4.4010,0.527,0.060,-0.253,-0.002,0.013,0.008,0.000,0.000,-0.000,0.12000,-0.12000,-0.12000,0.00000,0.00000,0.00000,0,1.000
152468,37.3517,-41.1173,-4.3966,0.762,-0.048,-0.274,-0.010,0.013,0.019,0.000,0.000,-0.000,0.12000,-0.12000,-0.12000,0.00000,0.00000,0.00000,0,1.000
152476,37.3502,-41.1162,-4.3969,0.768,0.021,-0.032,-0.017,0.006,0.000,0.000,0.000,-0.000,0.12000,-0.12000,-0.12000,0.00000,0.00000,0.00000,0,1.000
152484,37.3482,-41.1137,-4.3965,0.528,0.058,-0.252,-0.010,-0.009,-0.005,0.000,0.000,-0.000,0.12000,-0.12000,-0.12000,0.00000,0.00000,0.00000,0,1.000
152491,37.3484,-41.1117,-4.3944,0.514,-0.184,0.110,-0.019,-0.033,0.001,0.000,0.000,-0.000,0.12000,-0.12000,-0.12000,0.00000,0.00000,0.00000,0,1.000
152499,37.3496,-41.1090,-4.3910,0.195,0.172,-0.139,-0.011,-0.026,-0.008,0.000,0.000,-0.000,0.12000,-0.12000,-0.12000,0.00000,0.00000,0.00000,0,1.000
152507,37.3496,-41.1077,-4.3897,0.196,-0.044,0.077,0.013,-0.025,-0.004,0.000,0.000,-0.000,0.12000,-0.12000,-0.12000,0.00000,0.00000,0.00000,0,1.000
152515,37.3505,-41.1047,-4.3863,0.105,-0.038,-0.262,0.018,-0.010,-0.015,0.000,0.000,-0.000,0.12000,-0.12000,-0.12000,0.00000,0.00000,0.00000,0,1.000
152523,37.3520,-41.1016,-4.3821,0.176,-0.183,0.024,0.015,-0.004,-0.016,0.000,0.000,-0.000,0.12000,-0.12000,-0.12000,0.00000,0.00000,0.00000,0,1.000
152530,37.3533,-41.0993,-4.3789,0.142,-0.132,-0.098,0.009,0.008,-0.010,0.000,0.000,-0.000,0.12000,-0.12000,-0.12000,0.00000,0.00000,0.00000,0,1.000
152538,37.3542,-41.0964,-4.3754,0.313,-0.026,-0.164,0.003,0.006,-0.004,0.000,0.000,-0.000,0.12000,-0.12000,-0.12000,0.00000,0.00000,0.00000,0,1.000
152546,37.3519,-41.0983,-4.3792,-0.236,0.205,0.154,0.002,0.011,-0.022,0.000,0.000,-0.000,0.12000,-0.12000,-0.12000,0.00000,0.00000,0.00000,0,1.000
152554,37.3507,-41.1003,-4.3821,-0.265,0.454,0.145,0.000,0.005,-0.002,0.000,0.000,-0.000,0.12000,-0.12000,-0.12000,0.00000,0.00000,0.00000,0,1.000
152561,37.3486,-41.1025,-4.3859,-0.471,0.484,0.003,-0.004,-0.007,-0.002,0.000,0.000,-0.000,0.12000,-0.12000,-0.12000,0.00000,0.00000,0.00000,0,1.000
152569,37.3459,-41.1048,-4.3904,-0.406,0.312,0.005,-0.003,0.013,-0.005,0.000,0.000,-0.000,0.12000,-0.12000,-0.12000,0.00000,0.00000,0.00000,0,1.000
152577,37.3429,-41.1069,-4.3950,-0.201,0.281,0.147,-0.011,-0.017,0.007,0.000,0.000,-0.000,0.12000,-0.12000,-0.12000,0.00000,0.00000,0.00000,0,1.000
152585,37.3397,-41.1092,-4.3999,-0.137,0.282,-0.023,-0.009,-0.016,0.030,0.000,0.000,-0.000,0.12000,-0.12000,-0.12000,0.00000,0.00000,0.00000,0,1.000
152592,37.3378,-41.1105,-4.4027,0.154,0.262,0.129,-0.021,-0.013,0.026,0.000,0.000,-0.000,0.12000,-0.12000,-0.12000,0.00000,0.00000,0.00000,0,1.000
152600,37.3411,-41.1098,-4.3992,0.259,0.497,0.105,-0.019,-0.002,0.025,0.000,0.000,-0.000,0.12000,-0.12000,-0.12000,0.00000,0.00000,0.00000,0,1.000
152608,37.3436,-41.1107,-4.3977,0.080,0.434,0.559,-0.001,-0.004,0.017,0.000,0.000,-0.000,0.12000,-0.12000,-0.12000,0.00000,0.00000,0.00000,0,1.000
152616,37.3479,-41.1099,-4.3933,0.194,0.541,0.233,0.000,0.018,0.013,0.000,0.000,-0.000,0.12000,-0.12000,-0.12000,0.00000,0.00000,0.00000,0,1.000
152624,37.3548,-41.1076,-4.3851,0.138,0.757,-0.244,0.013,0.006,0.018,0.000,0.000,0.000,0.12000,-0.12000,-0.12000,0.00000,0.00000,0.00000,0,1.000
152631,37.3586,-41.1070,-4.3813,0.032,0.694,-0.392,0.026,0.010,0.012,0.000,0.000,0.000,0.12000,-0.12000,-0.12000,0.00000,0.00000,0.00000,0,1.000
152639,37.3609,-41.1077,-4.3798,0.038,0.936,-0.323,0.018,0.018,-0.002,0.000,0.000,0.000,0.12000,-0.12000,-0.12000,0.00000,0.00000,0.00000,0,1.000
152647,37.3606,-41.1083,-4.3806,0.187,0.559,-0.095,0.007,0.001,-0.007,0.000,0.000,0.000,0.12000,-0.12000,-0.12000,0.00000,0.00000,0.00000,0,1.000
152654,37.3588,-41.1100,-4.3837,0.017,0.624,-0.201,0.018,-0.002,-0.021,0.000,0.000,-0.000,0.12000,-0.12000,-0.12000,0.00000,0.00000,0.00000,0,1.000
152662,37.3591,-41.1101,-4.3836,0.060,0.271,-0.209,0.002,-0.012,-0.029,0.000,0.000,-0.000,0.12000,-0.12000,-0.12000,0.00000,0.00000,0.00000,0,1.000
152670,37.3592,-41.1093,-4.3828,0.061,0.184,-0.123,0.008,-0.035,-0.041,0.000,0.000,-0.000,0.12000,-0.12000,-0.12000,0.00000,0.00000,0.00000,0,1.000
152678,37.3586,-41.1088,-4.3829,0.082,0.150,0.102,0.003,-0.032,-0.038,0.000,0.000,-0.000,0.12000,-0.12000,-0.12000,0.00000,0.00000,0.00000,0,1.000
152685,37.3596,-41.1089,-4.3821,-0.016,-0.171,-0.219,-0.019,-0.021,-0.015,0.000,0.000,-0.000,0.12000,-0.12000,-0.12000,0.00000,0.00000,0.00000,0,1.000
152694,37.3643,-41.1083,-4.3773,-0.295,0.075,0.025,-0.009,-0.021,0.009,0.000,0.000,-0.000,0.12000,-0.12000,-0.12000,0.00000,0.00000,0.00000,0,1.000
152702,37.3666,-41.1092,-4.3762,-0.166,0.035,-0.274,-0.007,0.012,0.009,0.000,0.000,-0.000,0.12000,-0.12000,-0.12000,0.00000,0.00000,0.00000,0,1.000
152709,37.3711,-41.1099,-4.3728,-0.671,0.130,-0.181,-0.001,0.017,0.009,0.000,0.000,-0.000,0.12000,-0.12000,-0.12000,0.00000,0.00000,0.00000,0,1.000
152717,37.3724,-41.1118,-4.3734,-0.692,-0.051,-0.190,-0.002,0.041,0.031,0.000,0.000,-0.000,0.12000,-0.12000,-0.12000,0.00000,0.00000,0.00000,0,1.000
152725,37.3727,-41.1136,-4.3748,-0.591,-0.558,-0.525,0.009,0.037,0.033,0.000,0.000,-0.000,0.12000,-0.12000,-0.12000,0.00000,0.00000,0.00000,0,1.000
152732,37.3719,-41.1143,-4.3761,-0.371,-0.649,-0.443,0.010,0.048,0.026,0.000,0.000,-0.000,0.12000,-0.12000,-0.12000,0.00000,0.00000,0.00000,0,1.000
152740,37.3706,-41.1155,-4.3783,-0.178,-0.817,-0.784,-0.006,0.045,0.026,0.000,0.000,-0.000,0.12000,-0.12000,-0.12000,0.00000,0.00000,0.00000,0,1.000
152748,37.3705,-41.1165,-4.3794,-0.103,-0.591,-0.558,-0.003,0.040,0.023,0.000,0.000,0.000,0.12000,-0.12000,-0.12000,0.00000,0.00000,0.00000,0,1.000
152756,37.3705,-41.1171,-4.3799,-0.232,-0.464,-0.344,-0.003,0.021,0.023,0.000,0.000,0.000,0.12000,-0.12000,-0.12000,0.00000,0.00000,0.00000,0,1.000
152763,37.3714,-41.1171,-4.3792,-0.261,-0.213,-0.353,0.008,-0.019,0.003,0.000,0.000,0.000,0.12000,-0.12000,-0.12000,0.00000,0.00000,0.00000,0,1.000
152771,37.3715,-41.1177,-4.3795,-0.085,0.092,-0.306,0.014,-0.045,0.008,0.000,0.000,0.000,0.12000,-0.12000,-0.12000,0.00000,0.00000,0.00000,0,1.000
152779,37.3719,-41.1165,-4.3780,-0.205,0.046,-0.352,0.014,-0.053,-0.014,0.000,0.000,0.000,0.12000,-0.12000,-0.12000,0.00000,0.00000,0.00000,0,1.000
152787,37.3745,-41.1129,-4.3726,-0.011,-0.295,-0.521,-0.005,-0.052,-0.013,0.000,0.000,0.000,0.12000,-0.12000,-0.12000,0.00000,0.00000,0.00000,0,1.000
152794,37.3736,-41.1115,-4.3721,0.350,-0.375,-0.169,-0.011,-0.048,-0.030,0.000,0.000,0.000,0.12000,-0.12000,-0.12000,0.00000,0.00000,0.00000,0,1.000
152802,37.3702,-41.1106,-4.3743,0.508,-0.623,-0.502,-0.009,-0.031,-0.037,0.000,0.000,-0.000,0.12000,-0.12000,-0.12000,0.00000,0.00000,0.00000,0,1.000
152810,37.3670,-41.1103,-4.3768,0.834,-0.479,-0.443,-0.014,-0.032,-0.019,0.000,0.000,-0.000,0.12000,-0.12000,-0.12000,0.00000,0.00000,0.00000,0,1.000
152818,37.3643,-41.1104,-4.3793,0.628,-0.837,-0.197,-0.013,0.005,-0.010,0.000,0.000,-0.000,0.12000,-0.12000,-0.12000,0.00000,0.00000,0.00000,0,1.000
152826,37.3625,-41.1106,-4.3810,0.534,-0.545,-0.077,-0.002,0.021,-0.008,0.000,0.000,-0.000,0.12000,-0.12000,-0.12000,0.00000,0.00000,0.00000,0,1.000
152833,37.3618,-41.1094,-4.3806,0.443,-0.668,-0.286,-0.002,0.042,0.011,0.000,0.000,-0.000,0.12000,-0.12000,-0.12000,0.00000,0.00000,0.00000,0,1.000
152841,37.3636,-41.1081,-4.3778,0.718,-0.282,-0.419,0.003,0.040,0.027,0.000,0.000,-0.000,0.12000,-0.12000,-0.12000,0.00000,0.00000,0.00000,0,1.000
152849,37.3656,-41.1043,-4.3726,0.478,-0.502,-0.381,0.019,0.031,0.033,0.000,0.000,-0.000,0.12000,-0.12000,-0.12000,0.00000,0.00000,0.00000,0,1.000
152857,37.3689,-41.1000,-4.3658,0.300,-0.135,-0.359,0.022,0.021,0.036,0.000,0.000,0.000,0.12000,-0.12000,-0.12000,0.00000,0.00000,0.00000,0,1.000
152864,37.3696,-41.0961,-4.3616,0.576,-0.052,-0.190,0.027,0.012,0.028,0.000,0.000,0.000,0.12000,-0.12000,-0.12000,0.00000,0.00000,0.00000,0,1.000
152872,37.3668,-41.0939,-4.3621,0.428,-0.065,-0.029,0.012,-0.012,0.006,0.000,0.000,0.000,0.12000,-0.12000,-0.12000,0.00000,0.00000,0.00000,0,1.000
152880,37.3650,-41.0895,-4.3597,0.705,-0.070,0.227,-0.000,-0.009,-0.010,0.000,0.000,0.000,0.12000,-0.12000,-0.12000,0.00000,0.00000,0.00000,0,1.000
152888,37.3642,-41.0854,-4.3567,0.982,-0.030,0.439,0.006,-0.020,-0.018,0.000,0.000,0.000,0.12000,-0.12000,-0.12000,0.00000,0.00000,0.00000,0,1.000
152895,37.3648,-41.0816,-4.3528,0.983,-0.074,0.481,-0.007,-0.015,-0.054,0.000,0.000,-0.000,0.12000,-0.12000,-0.12000,0.00000,0.00000,0.00000,0,1.000
152903,37.3650,-41.0793,-4.3504,1.168,-0.027,0.355,-0.012,-0.032,-0.038,0.000,0.000,-0.000,0.12000,-0.12000,-0.12000,0.00000,0.00000,0.00000,0,1.000
152911,37.3681,-41.0763,-4.3450,0.983,0.272,0.136,-0.020,-0.017,-0.030,0.000,0.000,-0.000,0.12000,-0.12000,-0.12000,0.00000,0.00000,0.00000,0,1.000
152919,37.3713,-41.0766,-4.3425,0.522,0.574,-0.339,-0.024,-0.015,-0.010,0.000,0.000,-0.000,0.12000,-0.12000,-0.12000,0.00000,0.00000,0.00000,0,1.000
152926,37.3723,-41.0791,-4.3438,0.315,0.476,-0.351,0.014,0.006,0.018,0.000,0.000,-0.000,0.12000,-0.12000,-0.12000,0.00000,0.00000,0.00000,0,1.000
152934,37.3707,-41.0820,-4.3479,-0.295,0.291,-0.190,0.018,0.028,0.036,0.000,0.000,-0.000,0.12000,-0.12000,-0.12000,0.00000,0.00000,0.00000,0,1.000
152942,37.3680,-41.0859,-4.3538,-0.522,-0.033,-0.168,0.019,0.047,0.037,0.000,0.000,-0.000,0.12000,-0.12000,-0.12000,0.00000,0.00000,0.00000,0,1.000
152949,37.3656,-41.0873,-4.3572,-0.783,-0.350,-0.225,0.019,0.038,0.041,0.000,0.000,0.000,0.12000,-0.12000,-0.12000,0.00000,0.00000,0.00000,0,1.000
152958,37.3636,-41.0880,-4.3595,-0.492,-0.327,-0.115,0.002,0.045,0.042,0.000,0.000,0.000,0.12000,-0.12000,-0.12000,0.00000,0.00000,0.00000,0,1.000
152966,37.3640,-41.0881,-4.3593,-0.443,-0.265,-0.227,-0.014,0.010,0.039,0.000,0.000,0.000,0.12000,-0.12000,-0.12000,0.00000,0.00000,0.00000,0,1.000
152974,37.3655,-41.0848,-4.3551,-0.392,-0.075,-0.468,-0.026,-0.003,0.024,0.000,0.000,0.000,0.12000,-0.12000,-0.12000,0.00000,0.00000,0.00000,0,1.000
152981,37.3676,-41.0822,-4.3508,-0.230,0.161,-0.232,-0.022,-0.014,0.003,0.000,0.000,0.000,0.12000,-0.12000,-0.12000,0.00000,0.00000,0.00000,0,1.000
152989,37.3684,-41.0815,-4.3494,0.090,0.193,-0.372,-0.019,-0.027,-0.003,0.000,0.000,0.000,0.12000,-0.12000,-0.12000,0.00000,0.00000,0.00000,0,1.000
152997,37.3692,-41.0811,-4.3484,0.084,0.167,-0.657,-0.003,-0.013,-0.014,0.000,0.000,0.000,0.12000,-0.12000,-0.12000,0.00000,0.00000,0.00000,0,1.000
153004,37.3699,-41.0818,-4.3484,0.004,0.269,-0.468,-0.004,-0.022,-0.024,0.000,0.000,0.000,0.12000,-0.12000,-0.12000,0.00000,0.00000,0.00000,0,1.000
153012,37.3709,-41.0822,-4.3479,0.124,0.358,-0.466,0.002,-0.015,-0.038,0.000,0.000,0.000,0.12000,-0.12000,-0.12000,0.00000,0.00000,0.00000,0,1.000
153020,37.3720,-41.0823,-4.3470,0.053,0.244,-0.493,0.011,0.001,-0.029,0.000,0.000,0.000,0.12000,-0.12000,-0.12000,0.00000,0.00000,0.00000,0,1.000
153028,37.3761,-41.0802,-4.3415,-0.160,0.448,-0.376,0.031,0.001,-0.021,0.000,0.000,-0.000,0.12000,-0.12000,-0.12000,0.00000,0.00000,0.00000,0,1.000
153035,37.3814,-41.0773,-4.3342,-0.231,0.335,-0.404,0.031,0.022,-0.012,0.000,0.000,-0.000,0.12000,-0.12000,-0.12000,0.00000,0.00000,0.00000,0,1.000
153043,37.3870,-41.0751,-4.3273,-0.011,0.159,-0.237,0.010,0.026,-0.002,0.000,0.000,-0.000,0.12000,-0.12000,-0.12000,0.00000,0.00000,0.00000,0,1.000
153051,37.3930,-41.0707,-4.3180,-0.025,0.090,-0.048,0.016,0.019,0.012,0.000,0.000,-0.000,0.12000,-0.12000,-0.12000,0.00000,0.00000,0.00000,0,1.000
153059,37.3965,-41.0682,-4.3126,0.081,-0.020,0.273,0.008,0.018,0.009,0.000,0.000,-0.000,0.12000,-0.12000,-0.12000,0.00000,0.00000,0.00000,0,1.000
153066,37.3978,-41.0670,-4.3104,0.067,-0.046,0.419,-0.002,0.009,0.021,0.000,0.000,-0.000,0.12000,-0.12000,-0.12000,0.00000,0.00000,0.00000,0,1.000
153074,37.3962,-41.0692,-4.3139,-0.033,-0.039,0.512,-0.006,0.008,0.036,0.000,0.000,0.000,0.12000,-0.12000,-0.12000,0.00000,0.00000,0.00000,0,1.000
153082,37.3936,-41.0722,-4.3189,-0.062,0.168,0.546,-0.004,-0.001,0.012,0.000,0.000,0.000,0.12000,-0.12000,-0.12000,0.00000,0.00000,0.00000,0,1.000
153089,37.3890,-41.0762,-4.3265,-0.063,0.038,0.676,-0.009,-0.026,0.036,0.000,0.000,0.000,0.12000,-0.12000,-0.12000,0.00000,0.00000,0.00000,0,1.000
153097,37.3842,-41.0791,-4.3334,0.081,-0.322,0.576,0.006,-0.020,0.027,0.000,0.000,0.000,0.12000,-0.12000,-0.12000,0.00000,0.00000,0.00000,0,1.000
153105,37.3800,-41.0825,-4.3402,-0.013,-0.073,0.738,0.005,-0.038,0.013,0.000,0.000,0.000,0.12000,-0.12000,-0.12000,0.00000,0.00000,0.00000,0,1.000
153113,37.3770,-41.0838,-4.3440,0.228,-0.069,0.916,-0.004,-0.028,0.002,0.000,0.000,0.000,0.12000,-0.12000,-0.12000,0.00000,0.00000,0.00000,0,1.000
153121,37.3750,-41.0855,-4.3473,0.257,0.242,0.364,-0.016,-0.035,-0.017,0.000,0.000,0.000,0.12000,-0.12000,-0.12000,0.00000,0.00000,0.00000,0,1.000
153129,37.3775,-41.0854,-4.3451,0.661,0.156,0.363,-0.011,-0.008,-0.020,0.000,0.000,0.000,0.12000,-0.12000,-0.12000,0.00000,0.00000,0.00000,0,1.000
153136,37.3792,-41.0863,-4.3443,0.569,0.423,-0.234,-0.018,0.002,-0.037,0.000,0.000,0.000,0.12000,-0.12000,-0.12000,0.00000,0.00000,0.00000,0,1.000
153144,37.3836,-41.0848,-4.3391,0.328,0.461,-0.455,-0.025,0.014,-0.035,0.000,0.000,0.000,0.12000,-0.12000,-0.12000,0.00000,0.00000,0.00000,0,1.000
153152,37.3838,-41.0855,-4.3396,0.286,0.141,-0.516,-0.020,0.018,-0.025,0.000,0.000,0.000,0.12000,-0.12000,-0.12000,0.00000,0.00000,0.00000,0,1.000
153159,37.3843,-41.0851,-4.3387,0.110,0.008,-0.735,0.003,0.025,-0.014,0.000,0.000,-0.000,0.12000,-0.12000,-0.12000,0.00000,0.00000,0.00000,0,1.000
153167,37.3844,-41.0823,-4.3361,0.040,-0.020,-0.848,-0.008,0.034,-0.003,0.000,0.000,-0.000,0.12000,-0.12000,-0.12000,0.00000,0.00000,0.00000,0,1.000
153175,37.3833,-41.0797,-4.3347,0.020,-0.375,-0.684,0.016,0.035,-0.003,0.000,0.000,-0.000,0.12000,-0.12000,-0.12000,0.00000,0.00000,0.00000,0,1.000
153183,37.3820,-41.0776,-4.3339,0.041,-0.410,-0.459,0.020,0.029,-0.009,0.000,0.000,-0.000,0.12000,-0.12000,-0.12000,0.00000,0.00000,0.00000,0,1.000
153191,37.3827,-41.0737,-4.3299,0.071,-0.531,-0.580,0.019,0.017,0.013,0.000,0.000,-0.000,0.12000,-0.12000,-0.12000,0.00000,0.00000,0.00000,0,1.000
153198,37.3821,-41.0707,-4.3276,0.248,-0.485,-0.275,0.019,-0.004,0.012,0.000,0.000,-0.000,0.12000,-0.12000,-0.12000,0.00000,0.00000,0.00000,0,1.000
153206,37.3826,-41.0687,-4.3254,-0.163,-0.424,-0.559,0.005,-0.035,0.024,0.000,0.000,0.000,0.12000,-0.12000,-0.12000,0.00000,0.00000,0.00000,0,1.000
153214,37.3824,-41.0672,-4.3243,0.093,-0.480,-0.442,0.001,-0.058,0.035,0.000,0.000,0.000,0.12000,-0.12000,-0.12000,0.00000,0.00000,0.00000,0,1.000
153221,37.3815,-41.0668,-4.3246,0.099,-0.497,-0.114,-0.002,-0.044,0.040,0.000,0.000,0.000,0.12000,-0.12000,-0.12000,0.00000,0.00000,0.00000,0,1.000
153229,37.3825,-41.0667,-4.3236,0.005,-0.248,0.048,-0.014,-0.038,0.023,0.000,0.000,0.000,0.12000,-0.12000,-0.12000,0.00000,0.00000,0.00000,0,1.000
153237,37.3864,-41.0653,-4.3189,-0.209,-0.087,0.207,-0.016,-0.016,0.022,0.000,0.000,0.000,0.12000,-0.12000,-0.12000,0.00000,0.00000,0.00000,0,1.000
153245,37.3889,-41.0660,-4.3174,-0.048,0.193,0.400,0.001,-0.012,-0.004,0.000,0.000,0.000,0.12000,-0.12000,-0.12000,0.00000,0.00000,0.00000,0,1.000
153253,37.3941,-41.0629,-4.3101,0.003,0.255,0.288,-0.003,0.018,-0.014,0.000,0.000,0.000,0.12000,-0.12000,-0.12000,0.00000,0.00000,0.00000,0,1.000
153261,37.3997,-41.0606,-4.3030,0.123,0.517,0.117,0.007,0.036,-0.011,0.000,0.000,0.000,0.12000,-0.12000,-0.12000,0.00000,0.00000,0.00000,0,1.000
153268,37.4039,-41.0581,-4.2970,0.507,0.551,-0.196,-0.006,0.034,-0.029,0.000,0.000,0.000,0.12000,-0.12000,-0.12000,0.00000,0.00000,0.00000,0,1.000
153276,37.4059,-41.0591,-4.2962,0.357,0.713,-0.207,-0.019,0.029,-0.018,0.000,0.000,0.000,0.12000,-0.12000,-0.12000,0.00000,0.00000,0.00000,0,1.000
153284,37.4032,-41.0615,-4.3007,0.436,0.308,-0.092,-0.021,0.041,-0.034,0.000,0.000,0.000,0.12000,-0.12000,-0.12000,0.00000,0.00000,0.00000,0,1.000
153291,37.3992,-41.0635,-4.3061,0.435,0.264,-0.048,-0.006,0.038,-0.037,0.000,0.000,0.000,0.12000,-0.12000,-0.12000,0.00000,0.00000,0.00000,0,1.000
153299,37.3961,-41.0668,-4.3118,0.109,-0.096,0.110,0.016,0.025,-0.026,0.000,0.000,-0.000,0.12000,-0.12000,-0.12000,0.00000,0.00000,0.00000,0,1.000
153307,37.3916,-41.0698,-4.3184,0.222,-0.293,0.088,0.017,0.009,-0.013,0.000,0.000,-0.000,0.12000,-0.12000,-0.12000,0.00000,0.00000,0.00000,0,1.000
153315,37.3902,-41.0695,-4.3194,0.357,-0.221,-0.013,0.013,-0.015,0.006,0.000,0.000,-0.000,0.12000,-0.12000,-0.12000,0.00000,0.00000,0.00000,0,1.000
153323,37.3925,-41.0658,-4.3140,0.727,-0.042,-0.352,0.019,-0.030,0.007,0.000,0.000,-0.000,0.12000,-0.12000,-0.12000,0.00000,0.00000,0.00000,0,1.000
153330,37.3944,-41.0627,-4.3095,0.927,-0.141,-0.451,0.021,-0.063,0.016,0.000,0.000,-0.000,0.12000,-0.12000,-0.12000,0.00000,0.00000,0.00000,0,1.000
153338,37.3972,-41.0596,-4.3043,0.941,-0.158,-0.555,0.012,-0.061,0.016,0.000,0.000,0.000,0.12000,-0.12000,-0.12000,0.00000,0.00000,0.00000,0,1.000
153346,37.4008,-41.0563,-4.2982,1.126,-0.197,-0.594,0.003,-0.051,0.018,0.000,0.000,0.000,0.12000,-0.12000,-0.12000,0.00000,0.00000,0.00000,0,1.000
153353,37.4028,-41.0551,-4.2953,0.840,-0.021,-0.591,0.009,-0.039,0.007,0.000,0.000,0.000,0.12000,-0.12000,-0.12000,0.00000,0.00000,0.00000,0,1.000
153361,37.4036,-41.0549,-4.2944,0.889,-0.088,-0.572,-0.002,-0.018,0.023,0.000,0.000,0.000,0.12000,-0.12000,-0.12000,0.00000,0.00000,0.00000,0,1.000
153369,37.4029,-41.0556,-4.2956,0.683,0.028,-0.800,0.008,0.004,0.021,0.000,0.000,0.000,0.12000,-0.12000,-0.12000,0.00000,0.00000,0.00000,0,1.000
153377,37.4031,-41.0532,-4.2933,0.513,-0.122,-0.691,-0.013,0.038,0.008,0.000,0.000,0.000,0.12000,-0.12000,-0.12000,0.00000,0.00000,0.00000,0,1.000
153384,37.4051,-41.0491,-4.2877,0.373,-0.350,-0.746,-0.019,0.047,0.001,0.000,0.000,0.000,0.12000,-0.12000,-0.12000,0.00000,0.00000,0.00000,0,1.000
153392,37.4072,-41.0442,-4.2815,0.239,-0.293,-0.775,-0.031,0.061,-0.029,0.000,0.000,0.000,0.12000,-0.12000,-0.12000,0.00000,0.00000,0.00000,0,1.000
153400,37.4122,-41.0371,-4.2707,0.296,0.096,-0.904,-0.024,0.050,-0.024,0.000,0.000,0.000,0.12000,-0.12000,-0.12000,0.00000,0.00000,0.00000,0,1.000
153408,37.4180,-41.0294,-4.2586,0.523,0.247,-0.753,-0.020,0.040,-0.041,0.000,0.000,-0.000,0.12000,-0.12000,-0.12000,0.00000,0.00000,0.00000,0,1.000
153415,37.4224,-41.0230,-4.2489,0.275,0.414,-0.673,-0.016,0.012,-0.037,0.000,0.000,-0.000,0.12000,-0.12000,-0.12000,0.00000,0.00000,0.00000,0,1.000
153423,37.4246,-41.0174,-4.2419,0.362,0.251,-0.490,0.007,-0.008,-0.020,0.000,0.000,-0.000,0.12000,-0.12000,-0.12000,0.00000,0.00000,0.00000,0,1.000
153431,37.4238,-41.0137,-4.2393,0.043,0.088,-0.220,0.009,-0.022,-0.017,0.000,0.000,-0.000,0.12000,-0.12000,-0.12000,0.00000,0.00000,0.00000,0,1.000
153438,37.4229,-41.0105,-4.2371,-0.437,-0.268,-0.230,0.018,-0.037,-0.010,0.000,0.000,-0.000,0.12000,-0.12000,-0.12000,0.00000,0.00000,0.00000,0,1.000
153447,37.4215,-41.0093,-4.2374,-0.436,-0.355,-0.144,0.025,-0.044,0.020,0.000,0.000,-0.000,0.12000,-0.12000,-0.12000,0.00000,0.00000,0.00000,0,1.000
153454,37.4200,-41.0100,-4.2393,-0.621,-0.445,0.025,0.037,-0.024,0.029,0.000,0.000,-0.000,0.12000,-0.12000,-0.12000,0.00000,0.00000,0.00000,0,1.000
153462,37.4195,-41.0105,-4.2402,-0.656,-0.610,0.119,0.036,-0.034,0.025,0.000,0.000,-0.000,0.12000,-0.12000,-0.12000,0.00000,0.00000,0.00000,0,1.000
153470,37.4232,-41.0104,-4.2368,-0.855,-0.207,-0.084,0.013,-0.009,0.027,0.000,0.000,-0.000,0.12000,-0.12000,-0.12000,0.00000,0.00000,0.00000,0,1.000
153478,37.4250,-41.0123,-4.2369,-0.941,-0.303,-0.009,-0.007,-0.016,0.015,0.000,0.000,-0.000,0.12000,-0.12000,-0.12000,0.00000,0.00000,0.00000,0,1.000
153485,37.4284,-41.0129,-4.2344,-0.941,-0.086,-0.225,0.007,-0.017,0.024,0.000,0.000,0.000,0.12000,-0.12000,-0.12000,0.00000,0.00000,0.00000,0,1.000
153493,37.4280,-41.0163,-4.2379,-1.112,-0.149,-0.202,-0.014,-0.010,0.010,0.000,0.000,0.000,0.12000,-0.12000,-0.12000,0.00000,0.00000,0.00000,0,1.000
153501,37.4261,-41.0215,-4.2443,-1.162,-0.210,-0.090,-0.025,0.002,-0.007,0.000,0.000,0.000,0.12000,-0.12000,-0.12000,0.00000,0.00000,0.00000,0,1.000
153508,37.4231,-41.0258,-4.2508,-1.049,-0.320,-0.200,-0.032,0.006,-0.009,0.000,0.000,0.000,0.12000,-0.12000,-0.12000,0.00000,0.00000,0.00000,0,1.000
153516,37.4222,-41.0296,-4.2550,-1.404,-0.344,-0.138,-0.025,0.015,-0.019,0.000,0.000,0.000,0.12000,-0.12000,-0.12000,0.00000,0.00000,0.00000,0,1.000
153524,37.4202,-41.0328,-4.2598,-1.199,-0.331,-0.039,-0.019,0.027,-0.022,0.000,0.000,-0.000,0.12000,-0.12000,-0.12000,0.00000,0.00000,0.00000,0,1.000
153532,37.4174,-41.0368,-4.2659,-0.950,-0.369,-0.249,-0.010,0.012,-0.029,0.000,0.000,-0.000,0.12000,-0.12000,-0.12000,0.00000,0.00000,0.00000,0,1.000
153540,37.4165,-41.0376,-4.2673,-0.595,-0.345,-0.311,-0.004,0.008,-0.017,0.000,0.000,-0.000,0.12000,-0.12000,-0.12000,0.00000,0.00000,0.00000,0,1.000
153547,37.4129,-41.0400,-4.2727,-0.141,-0.501,-0.293,0.002,-0.005,-0.009,0.000,0.000,-0.000,0.12000,-0.12000,-0.12000,0.00000,0.00000,0.00000,0,1.000
153555,37.4086,-41.0425,-4.2787,0.093,-0.522,-0.400,-0.009,-0.005,-0.008,0.000,0.000,-0.000,0.12000,-0.12000,-0.12000,0.00000,0.00000,0.00000,0,1.000
153563,37.4050,-41.0472,-4.2862,0.374,-0.413,0.056,-0.003,-0.019,0.001,0.000,0.000,-0.000,0.12000,-0.12000,-0.12000,0.00000,0.00000,0.00000,0,1.000
153571,37.4023,-41.0518,-4.2927,0.789,-0.144,0.324,-0.004,-0.006,0.006,0.000,0.000,-0.000,0.12000,-0.12000,-0.12000,0.00000,0.00000,0.00000,0,1.000
153578,37.3983,-41.0577,-4.3016,0.808,-0.048,0.421,-0.007,-0.024,0.017,0.000,0.000,-0.000,0.12000,-0.12000,-0.12000,0.00000,0.00000,0.00000,0,1.000
153586,37.3962,-41.0611,-4.3065,1.124,0.356,0.652,0.016,-0.019,0.017,0.000,0.000,-0.000,0.12000,-0.12000,-0.12000,0.00000,0.00000,0.00000,0,1.000
153594,37.3958,-41.0630,-4.3086,1.322,0.343,0.467,0.023,0.002,0.013,0.000,0.000,-0.000,0.12000,-0.12000,-0.12000,0.00000,0.00000,0.00000,0,1.000
153602,37.3988,-41.0621,-4.3052,1.400,0.500,0.020,0.023,-0.010,0.026,0.000,0.000,-0.000,0.12000,-0.12000,-0.12000,0.00000,0.00000,0.00000,0,1.000
153609,37.4018,-41.0598,-4.3004,1.684,0.670,-0.328,0.026,0.024,0.022,0.000,0.000,0.000,0.12000,-0.12000,-0.12000,0.00000,0.00000,0.00000,0,1.000
153617,37.4077,-41.0545,-4.2904,1.684,0.843,-0.501,0.013,0.031,0.014,0.000,0.000,0.000,0.12000,-0.12000,-0.12000,0.00000,0.00000,0.00000,0,1.000
153625,37.4127,-41.0480,-4.2801,1.438,0.596,-0.748,-0.009,0.036,0.011,0.000,0.000,0.000,0.12000,-0.12000,-0.12000,0.00000,0.00000,0.00000,0,1.000
153633,37.4162,-41.0421,-4.2717,1.324,0.705,-0.638,0.005,0.045,0.011,0.000,0.000,0.000,0.12000,-0.12000,-0.12000,0.00000,0.00000,0.00000,0,1.000
153640,37.4185,-41.0355,-4.2637,1.255,0.288,-0.364,0.005,0.047,0.002,0.000,0.000,0.000,0.12000,-0.12000,-0.12000,0.00000,0.00000,0.00000,0,1.000
153648,37.4241,-41.0275,-4.2515,1.221,0.080,-0.227,0.003,0.035,0.005,0.000,0.000,0.000,0.12000,-0.12000,-0.12000,0.00000,0.00000,0.00000,0,1.000
153656,37.4255,-41.0206,-4.2440,0.762,-0.051,-0.271,-0.001,0.011,-0.011,0.000,0.000,0.000,0.12000,-0.12000,-0.12000,0.00000,0.00000,0.00000,0,1.000
153664,37.4261,-41.0144,-4.2379,0.834,-0.283,0.101,-0.006,0.001,-0.007,0.000,0.000,0.000,0.12000,-0.12000,-0.12000,0.00000,0.00000,0.00000,0,1.000
153672,37.4264,-41.0095,-4.2332,0.544,-0.350,0.034,-0.012,-0.025,0.002,0.000,0.000,0.000,0.12000,-0.12000,-0.12000,0.00000,0.00000,0.00000,0,1.000
153679,37.4258,-41.0067,-4.2311,0.475,-0.421,-0.037,-0.009,-0.038,0.005,0.000,0.000,0.000,0.12000,-0.12000,-0.12000,0.00000,0.00000,0.00000,0,1.000
153687,37.4267,-41.0033,-4.2273,0.120,-0.489,0.068,0.009,-0.053,-0.003,0.000,0.000,0.000,0.12000,-0.12000,-0.12000,0.00000,0.00000,0.00000,0,1.000
153695,37.4269,-41.0013,-4.2253,-0.008,-0.362,0.280,0.002,-0.062,0.008,0.000,0.000,0.000,0.12000,-0.12000,-0.12000,0.00000,0.00000,0.00000,0,1.000
153702,37.4267,-41.0005,-4.2248,-0.213,-0.418,0.224,0.011,-0.038,0.006,0.000,0.000,0.000,0.12000,-0.12000,-0.12000,0.00000,0.00000,0.00000,0,1.000
153710,37.4250,-41.0007,-4.2264,-0.292,-0.229,0.326,0.004,-0.025,0.010,0.000,0.000,0.000,0.12000,-0.12000,-0.12000,0.00000,0.00000,0.00000,0,1.000
153718,37.4249,-41.0008,-4.2266,-0.200,0.023,0.405,0.006,-0.016,0.009,0.000,-0.000,0.000,0.12000,-0.12000,-0.12000,0.00000,0.00000,0.00000,0,1.000
153726,37.4273,-40.9992,-4.2231,0.261,0.067,0.534,0.003,0.012,0.004,0.000,0.000,0.000,0.12000,-0.12000,-0.12000,0.00000,0.00000,0.00000,0,1.000
153733,37.4274,-41.0008,-4.2244,-0.024,0.287,0.494,0.016,0.026,0.008,0.000,0.000,0.000,0.12000,-0.12000,-0.12000,0.00000,0.00000,0.00000,0,1.000
153741,37.4298,-41.0007,-4.2222,0.111,0.445,0.307,0.011,0.027,0.003,0.000,0.000,0.000,0.12000,-0.12000,-0.12000,0.00000,0.00000,0.00000,0,1.000
153749,37.4276,-41.0026,-4.2259,0.225,0.205,0.327,0.011,0.036,-0.004,0.000,0.000,0.000,0.12000,-0.12000,-0.12000,0.00000,0.00000,0.00000,0,1.000
153757,37.4260,-41.0055,-4.2299,0.508,0.073,0.281,0.000,0.035,-0.004,0.000,0.000,0.000,0.12000,-0.12000,-0.12000,0.00000,0.00000,0.00000,0,1.000
153764,37.4227,-41.0090,-4.2359,0.437,0.089,0.125,-0.000,0.030,-0.004,0.000,0.000,0.000,0.12000,-0.12000,-0.12000,0.00000,0.00000,0.00000,0,1.000
153772,37.4196,-41.0107,-4.2403,0.445,-0.084,-0.133,-0.005,0.041,-0.008,0.000,0.000,0.000,0.12000,-0.12000,-0.12000,0.00000,0.00000,0.00000,0,1.000
153780,37.4165,-41.0134,-4.2454,0.728,-0.173,-0.221,-0.006,0.019,0.003,0.000,0.000,0.000,0.12000,-0.12000,-0.12000,0.00000,0.00000,0.00000,0,1.000
153788,37.4143,-41.0162,-4.2499,0.713,-0.156,-0.117,-0.013,0.001,-0.002,0.000,0.000,0.000,0.12000,-0.12000,-0.12000,0.00000,0.00000,0.00000,0,1.000
153796,37.4137,-41.0168,-4.2509,1.187,-0.258,0.039,-0.021,-0.018,0.001,0.000,0.000,0.000,0.12000,-0.12000,-0.12000,0.00000,0.00000,0.00000,0,1.000
153803,37.4141,-41.0160,-4.2499,1.236,-0.197,-0.071,-0.014,-0.033,0.002,0.000,0.000,0.000,0.12000,-0.12000,-0.12000,0.00000,0.00000,0.00000,0,1.000
153811,37.4144,-41.0153,-4.2490,1.526,-0.087,-0.048,-0.018,-0.028,0.001,0.000,0.000,0.000,0.12000,-0.12000,-0.12000,0.00000,0.00000,0.00000,0,1.000
153819,37.4189,-41.0124,-4.2424,1.411,0.240,-0.154,-0.013,-0.028,-0.003,0.000,0.000,0.000,0.12000,-0.12000,-0.12000,0.00000,0.00000,0.00000,0,1.000
153827,37.4257,-41.0063,-4.2309,1.555,0.312,-0.687,-0.008,-0.034,-0.002,0.000,0.000,0.000,0.12000,-0.12000,-0.12000,0.00000,0.00000,0.00000,0,1.000
153834,37.4299,-41.0021,-4.2233,1.519,0.320,-0.765,-0.003,-0.026,-0.013,0.000,0.000,0.000,0.12000,-0.12000,-0.12000,0.00000,0.00000,0.00000,0,1.000
153842,37.4328,-40.9972,-4.2164,1.484,0.285,-0.800,0.025,-0.015,0.002,0.000,0.000,0.000,0.12000,-0.12000,-0.12000,0.00000,0.00000,0.00000,0,1.000
153850,37.4342,-40.9936,-4.2118,1.457,-0.053,-0.964,0.024,0.007,0.009,0.000,0.000,0.000,0.12000,-0.12000,-0.12000,0.00000,0.00000,0.00000,0,1.000
153858,37.4352,-40.9884,-4.2063,1.120,-0.466,-1.376,0.039,0.020,-0.006,0.000,0.000,0.000,0.12000,-0.12000,-0.12000,0.00000,0.00000,0.00000,0,1.000
153865,37.4358,-40.9845,-4.2022,0.949,-0.617,-1.267,0.038,0.032,-0.004,0.000,0.000,0.000,0.12000,-0.12000,-0.12000,0.00000,0.00000,0.00000,0,1.000
153873,37.4397,-40.9775,-4.1924,0.519,-0.652,-1.647,0.036,0.035,0.000,0.000,0.000,0.000,0.12000,-0.12000,-0.12000,0.00000,0.00000,0.00000,0,1.000
153881,37.4433,-40.9709,-4.1833,0.583,-0.953,-1.517,0.017,0.022,-0.001,0.000,0.000,0.000,0.12000,-0.12000,-0.12000,0.00000,0.00000,0.00000,0,1.000
153889,37.4466,-40.9663,-4.1762,0.448,-0.981,-1.459,-0.001,0.014,-0.009,0.000,0.000,0.000,0.12000,-0.12000,-0.12000,0.00000,0.00000,0.00000,0,1.000
153896,37.4504,-40.9614,-4.1685,0.270,-0.570,-1.480,-0.011,-0.003,-0.015,0.000,0.000,0.000,0.12000,-0.12000,-0.12000,0.00000,0.00000,0.00000,0,1.000
153904,37.4554,-40.9551,-4.1584,0.440,-0.636,-1.374,-0.046,-0.009,-0.015,0.000,0.000,0.000,0.12000,-0.12000,-0.12000,0.00000,0.00000,0.00000,0,1.000
153912,37.4618,-40.9474,-4.1457,0.617,-0.502,-1.155,-0.058,-0.014,-0.011,0.000,0.000,-0.000,0.12000,-0.12000,-0.12000,0.00000,0.00000,0.00000,0,1.000
153920,37.4652,-40.9416,-4.1375,1.099,-0.277,-1.016,-0.059,-0.029,-0.012,0.000,0.000,-0.000,0.12000,-0.12000,-0.12000,0.00000,0.00000,0.00000,0,1.000
153928,37.4684,-40.9368,-4.1303,1.041,-0.036,-0.776,-0.066,-0.045,-0.014,0.000,0.000,-0.000,0.12000,-0.12000,-0.12000,0.00000,0.00000,0.00000,0,1.000
153936,37.4706,-40.9327,-4.1247,0.997,0.144,-0.595,-0.046,-0.046,-0.003,0.000,0.000,-0.000,0.12000,-0.12000,-0.12000,0.00000,0.00000,0.00000,0,1.000
153943,37.4731,-40.9280,-4.1182,0.939,0.384,-0.355,-0.011,-0.032,-0.004,0.000,-0.000,-0.000,0.12000,-0.12000,-0.12000,0.00000,0.00000,0.00000,0,1.000
153951,37.4775,-40.9232,-4.1100,0.628,0.309,-0.603,0.024,-0.018,0.016,0.000,-0.000,-0.000,0.12000,-0.12000,-0.12000,0.00000,0.00000,0.00000,0,1.000
153959,37.4836,-40.9184,-4.1003,0.508,0.436,-0.822,0.033,-0.006,0.030,0.000,-0.000,-0.000,0.12000,-0.12000,-0.12000,0.00000,0.00000,0.00000,0,1.000
153966,37.4871,-40.9145,-4.0936,0.104,0.350,-0.649,0.058,0.022,0.040,0.000,-0.000,0.000,0.12000,-0.12000,-0.12000,0.00000,0.00000,0.00000,0,1.000
153974,37.4897,-40.9120,-4.0890,-0.285,0.376,-0.709,0.078,0.036,0.028,0.000,-0.000,0.000,0.12000,-0.12000,-0.12000,0.00000,0.00000,0.00000,0,1.000
153982,37.4915,-40.9086,-4.0844,-0.164,0.421,-0.663,0.079,0.040,0.018,0.000,0.000,0.000,0.12000,-0.12000,-0.12000,0.00000,0.00000,0.00000,0,1.000
153990,37.4905,-40.9084,-4.0850,-0.525,0.284,-0.799,0.085,0.029,-0.001,0.000,0.000,0.000,0.12000,-0.12000,-0.12000,0.00000,0.00000,0.00000,0,1.000
153998,37.4915,-40.9067,-4.0827,-0.454,0.353,-0.729,0.036,0.031,0.007,0.000,0.000,0.000,0.12000,-0.12000,-0.12000,0.00000,0.00000,0.00000,0,1.000
154005,37.4943,-40.9047,-4.0785,-0.723,0.210,-0.527,0.015,0.024,-0.015,0.000,0.000,0.000,0.12000,-0.12000,-0.12000,0.00000,0.00000,0.00000,0,1.000
154013,37.4950,-40.9024,-4.0757,-0.538,0.213,-0.610,-0.025,-0.006,-0.022,0.000,0.000,0.000,0.12000,-0.12000,-0.12000,0.00000,0.00000,0.00000,0,1.000
154021,37.4949,-40.9021,-4.0755,-0.552,0.315,-0.593,-0.059,-0.037,-0.032,0.000,0.000,0.000,0.12000,-0.12000,-0.12000,0.00000,0.00000,0.00000,0,1.000
154029,37.4943,-40.9004,-4.0745,-0.557,-0.100,-0.490,-0.068,-0.036,-0.034,0.000,0.000,-0.000,0.12000,-0.12000,-0.12000,0.00000,0.00000,0.00000,0,1.000
154036,37.4956,-40.9004,-4.0734,-0.742,0.241,-0.752,-0.061,-0.032,-0.024,0.000,0.000,-0.000,0.12000,-0.12000,-0.12000,0.00000,0.00000,0.00000,0,1.000
154044,37.4969,-40.9022,-4.0738,-0.877,0.170,-0.651,-0.069,-0.046,-0.013,0.000,-0.000,-0.000,0.12000,-0.12000,-0.12000,0.00000,0.00000,0.00000,0,1.000
154052,37.4970,-40.9043,-4.0757,-1.247,0.249,-0.571,-0.053,-0.041,-0.003,0.000,-0.000,-0.000,0.12000,-0.12000,-0.12000,0.00000,0.00000,0.00000,0,1.000
154060,37.4977,-40.9055,-4.0762,-1.340,0.367,-0.280,-0.028,-0.023,0.008,0.000,-0.000,-0.000,0.12000,-0.12000,-0.12000,0.00000,0.00000,0.00000,0,1.000
154068,37.5034,-40.9042,-4.0699,-1.249,0.577,-0.158,0.000,-0.006,0.013,0.000,-0.000,-0.000,0.12000,-0.12000,-0.12000,0.00000,0.00000,0.00000,0,1.000
154075,37.5082,-40.9028,-4.0644,-1.122,0.908,-0.087,0.022,0.006,0.026,0.000,-0.000,-0.000,0.12000,-0.12000,-0.12000,0.00000,0.00000,0.00000,0,1.000
154083,37.5156,-40.9000,-4.0554,-1.051,0.936,0.025,0.040,0.009,0.032,0.000,-0.000,0.000,0.12000,-0.12000,-0.12000,0.00000,0.00000,0.00000,0,1.000
154091,37.5238,-40.8980,-4.0464,-0.924,1.267,0.096,0.049,0.018,0.028,0.000,-0.000,0.000,0.12000,-0.12000,-0.12000,0.00000,0.00000,0.00000,0,1.000
154098,37.5297,-40.8969,-4.0401,-0.795,1.011,0.011,0.061,0.040,0.036,0.000,-0.000,0.000,0.12000,-0.12000,-0.12000,0.00000,0.00000,0.00000,0,1.000
154106,37.5319,-40.8991,-4.0402,-0.853,1.209,0.295,0.066,0.062,0.031,0.000,-0.000,0.000,0.12000,-0.12000,-0.12000,0.00000,0.00000,0.00000,0,1.000
154114,37.5293,-40.9048,-4.0477,-1.030,0.730,0.422,0.053,0.054,-0.010,0.000,0.000,0.000,0.12000,-0.12000,-0.12000,0.00000,0.00000,0.00000,0,1.000
154122,37.5224,-40.9132,-4.0614,-1.265,0.665,0.617,0.054,0.039,-0.018,0.000,0.000,0.000,0.12000,-0.12000,-0.12000,0.00000,0.00000,0.00000,0,1.000
154130,37.5212,-40.9195,-4.0682,-1.407,0.352,0.649,0.032,0.043,-0.048,0.000,0.000,0.000,0.12000,-0.12000,-0.12000,0.00000,0.00000,0.00000,0,1.000
154137,37.5213,-40.9246,-4.0726,-1.428,0.171,0.640,0.010,0.018,-0.050,0.000,0.000,0.000,0.12000,-0.12000,-0.12000,0.00000,0.00000,0.00000,0,1.000
154145,37.5219,-40.9285,-4.0757,-1.569,0.332,0.196,-0.007,0.001,-0.051,0.000,0.000,-0.000,0.12000,-0.12000,-0.12000,0.00000,0.00000,0.00000,0,1.000
154153,37.5234,-40.9329,-4.0784,-1.236,0.133,0.168,-0.032,-0.028,-0.039,0.000,0.000,-0.000,0.12000,-0.12000,-0.12000,0.00000,0.00000,0.00000,0,1.000
154160,37.5241,-40.9378,-4.0822,-0.967,0.148,0.096,-0.050,-0.046,-0.025,0.000,0.000,-0.000,0.12000,-0.12000,-0.12000,0.00000,0.00000,0.00000,0,1.000
154168,37.5271,-40.9418,-4.0832,-1.089,0.190,-0.036,-0.065,-0.038,-0.018,0.000,0.000,-0.000,0.12000,-0.12000,-0.12000,0.00000,0.00000,0.00000,0,1.000
154176,37.5282,-40.9464,-4.0863,-0.926,-0.159,0.045,-0.062,-0.040,0.007,0.000,0.000,-0.000,0.12000,-0.12000,-0.12000,0.00000,0.00000,0.00000,0,1.000
154184,37.5274,-40.9509,-4.0912,-0.976,-0.306,0.243,-0.059,-0.024,0.017,0.000,-0.000,-0.000,0.12000,-0.12000,-0.12000,0.00000,0.00000,0.00000,0,1.000
154192,37.5246,-40.9560,-4.0983,-0.643,-0.420,0.129,-0.048,-0.003,0.028,0.000,-0.000,-0.000,0.12000,-0.12000,-0.12000,0.00000,0.00000,0.00000,0,1.000
154200,37.5220,-40.9591,-4.1034,-0.544,-0.513,0.123,-0.026,0.019,0.044,0.000,-0.000,-0.000,0.12000,-0.12000,-0.12000,0.00000,0.00000,0.00000,0,1.000
154207,37.5166,-40.9622,-4.1109,-0.104,-0.479,0.072,-0.024,0.029,0.044,0.000,-0.000,0.000,0.12000,-0.12000,-0.12000,0.00000,0.00000,0.00000,0,1.000
154215,37.5123,-40.9631,-4.1155,0.380,-0.625,-0.160,0.002,0.031,0.037,0.000,0.000,0.000,0.12000,-0.12000,-0.12000,0.00000,0.00000,0.00000,0,1.000
154223,37.5095,-40.9627,-4.1176,0.840,-0.668,0.056,0.011,0.044,0.021,0.000,0.000,0.000,0.12000,-0.12000,-0.12000,0.00000,0.00000,0.00000,0,1.000
154230,37.5081,-40.9626,-4.1188,1.315,-0.469,-0.089,0.047,0.028,0.006,0.000,0.000,0.000,0.12000,-0.12000,-0.12000,0.00000,0.00000,0.00000,0,1.000
154238,37.5087,-40.9615,-4.1172,1.505,-0.438,0.113,0.039,-0.003,0.003,0.000,0.000,0.000,0.12000,-0.12000,-0.12000,0.00000,0.00000,0.00000,0,1.000
154246,37.5084,-40.9611,-4.1171,1.546,-0.074,0.132,0.050,-0.006,-0.010,0.000,0.000,0.000,0.12000,-0.12000,-0.12000,0.00000,0.00000,0.00000,0,1.000
154253,37.5080,-40.9611,-4.1174,1.762,0.077,0.715,0.055,-0.024,-0.016,0.000,0.000,0.000,0.12000,-0.12000,-0.12000,0.00000,0.00000,0.00000,0,1.000
154261,37.5081,-40.9604,-4.1168,1.372,0.018,0.742,0.040,-0.031,-0.028,0.000,0.000,0.000,0.12000,-0.12000,-0.12000,0.00000,0.00000,0.00000,0,1.000
154269,37.5078,-40.9599,-4.1166,1.216,-0.019,0.618,0.048,-0.030,-0.042,0.000,0.000,0.000,0.12000,-0.12000,-0.12000,0.00000,0.00000,0.00000,0,1.000
154277,37.5077,-40.9585,-4.1154,0.975,-0.110,0.527,0.025,-0.011,-0.038,0.000,0.000,-0.000,0.12000,-0.12000,-0.12000,0.00000,0.00000,0.00000,0,1.000
154285,37.5075,-40.9554,-4.1127,0.856,-0.113,0.438,0.004,0.003,-0.026,0.000,0.000,-0.000,0.12000,-0.12000,-0.12000,0.00000,0.00000,0.00000,0,1.000
154292,37.5063,-40.9524,-4.1111,0.857,-0.027,0.351,-0.003,0.019,-0.019,0.000,0.000,-0.000,0.12000,-0.12000,-0.12000,0.00000,0.00000,0.00000,0,1.000
154300,37.5062,-40.9487,-4.1078,0.837,0.093,0.040,-0.026,0.030,-0.004,0.000,0.000,-0.000,0.12000,-0.12000,-0.12000,0.00000,0.00000,0.00000,0,1.000
154308,37.5040,-40.9459,-4.1072,0.873,0.084,0.118,-0.031,0.015,0.011,0.000,0.000,-0.000,0.12000,-0.12000,-0.12000,0.00000,0.00000,0.00000,0,1.000
154315,37.5016,-40.9435,-4.1072,0.809,0.124,0.246,-0.036,0.024,0.022,0.000,0.000,-0.000,0.12000,-0.12000,-0.12000,0.00000,0.00000,0.00000,0,1.000
154323,37.4996,-40.9400,-4.1058,0.754,-0.051,0.159,-0.031,0.012,0.020,0.000,0.000,-0.000,0.12000,-0.12000,-0.12000,0.00000,0.00000,0.00000,0,1.000
154331,37.4981,-40.9371,-4.1044,0.457,-0.031,0.437,-0.040,-0.010,0.020,0.000,0.000,-0.000,0.12000,-0.12000,-0.12000,0.00000,0.00000,0.00000,0,1.000
154339,37.4981,-40.9331,-4.1008,0.657,-0.045,0.251,-0.012,-0.021,0.031,0.000,0.000,0.000,0.12000,-0.12000,-0.12000,0.00000,0.00000,0.00000,0,1.000
154347,37.4981,-40.9308,-4.0987,0.651,-0.287,0.181,-0.024,-0.038,0.016,0.000,0.000,0.000,0.12000,-0.12000,-0.12000,0.00000,0.00000,0.00000,0,1.000
154354,37.4986,-40.9299,-4.0974,0.224,0.248,0.285,-0.010,-0.028,0.022,0.000,0.000,0.000,0.12000,-0.12000,-0.12000,0.00000,0.00000,0.00000,0,1.000
154362,37.4962,-40.9322,-4.1017,-0.193,-0.106,0.104,-0.004,-0.009,-0.001,0.000,0.000,0.000,0.12000,-0.12000,-0.12000,0.00000,0.00000,0.00000,0,1.000
154370,37.4959,-40.9338,-4.1034,-0.449,-0.007,-0.056,0.020,-0.002,-0.005,0.000,0.000,0.000,0.12000,-0.12000,-0.12000,0.00000,0.00000,0.00000,0,1.000
154377,37.4952,-40.9351,-4.1051,-0.229,-0.055,-0.017,0.029,0.013,-0.022,0.000,0.000,0.000,0.12000,-0.12000,-0.12000,0.00000,0.00000,0.00000,0,1.000
154385,37.4945,-40.9371,-4.1076,-0.180,-0.036,-0.085,0.022,0.030,-0.010,0.000,0.000,0.000,0.12000,-0.12000,-0.12000,0.00000,0.00000,0.00000,0,1.000
154393,37.4926,-40.9391,-4.1111,-0.350,-0.057,-0.105,0.031,0.039,-0.033,0.000,0.000,0.000,0.12000,-0.12000,-0.12000,0.00000,0.00000,0.00000,0,1.000
154401,37.4904,-40.9412,-4.1149,0.033,-0.153,-0.287,0.018,0.032,-0.015,0.000,0.000,-0.000,0.12000,-0.12000,-0.12000,0.00000,0.00000,0.00000,0,1.000
154408,37.4883,-40.9439,-4.1192,-0.102,0.034,-0.444,0.004,0.024,-0.021,0.000,0.000,-0.000,0.12000,-0.12000,-0.12000,0.00000,0.00000,0.00000,0,1.000
154416,37.4878,-40.9453,-4.1210,0.012,0.096,-0.726,-0.008,0.008,-0.024,0.000,0.000,-0.000,0.12000,-0.12000,-0.12000,0.00000,0.00000,0.00000,0,1.000
154424,37.4883,-40.9454,-4.1206,0.196,-0.029,-0.679,-0.009,0.005,-0.010,0.000,0.000,-0.000,0.12000,-0.12000,-0.12000,0.00000,0.00000,0.00000,0,1.000
154432,37.4915,-40.9450,-4.1174,0.125,-0.142,-0.706,-0.020,-0.008,0.021,0.000,0.000,-0.000,0.12000,-0.12000,-0.12000,0.00000,0.00000,0.00000,0,1.000
154440,37.4940,-40.9443,-4.1145,0.215,0.110,-0.626,-0.012,-0.018,0.027,0.000,0.000,-0.000,0.12000,-0.12000,-0.12000,0.00000,0.00000,0.00000,0,1.000
154447,37.4979,-40.9412,-4.1083,0.209,0.128,-0.955,-0.019,-0.018,0.034,0.000,0.000,-0.000,0.12000,-0.12000,-0.12000,0.00000,0.00000,0.00000,0,1.000
154455,37.5025,-40.9376,-4.1009,0.479,0.099,-0.984,-0.008,-0.027,0.040,0.000,0.000,0.000,0.12000,-0.12000,-0.12000,0.00000,0.00000,0.00000,0,1.000
154463,37.5084,-40.9329,-4.0916,0.500,0.151,-0.846,-0.005,-0.034,0.032,0.000,0.000,0.000,0.12000,-0.12000,-0.12000,0.00000,0.00000,0.00000,0,1.000
154471,37.5182,-40.9244,-4.0752,0.635,0.181,-0.905,-0.012,-0.037,0.019,0.000,0.000,0.000,0.12000,-0.12000,-0.12000,0.00000,0.00000,0.00000,0,1.000
154478,37.5239,-40.9201,-4.0663,0.677,0.458,-0.801,-0.001,-0.028,0.020,0.000,-0.000,0.000,0.12000,-0.12000,-0.12000,0.00000,0.00000,0.00000,0,1.000
154486,37.5305,-40.9133,-4.0544,0.953,0.326,-0.416,0.007,0.003,-0.002,0.000,-0.000,0.000,0.12000,-0.12000,-0.12000,0.00000,0.00000,0.00000,0,1.000
154494,37.5331,-40.9095,-4.0486,0.563,0.223,-0.346,0.017,0.023,-0.016,0.000,-0.000,0.000,0.12000,-0.12000,-0.12000,0.00000,0.00000,0.00000,0,1.000
154502,37.5346,-40.9066,-4.0447,0.655,0.388,-0.181,0.024,0.041,-0.023,0.000,0.000,0.000,0.12000,-0.12000,-0.12000,0.00000,0.00000,0.00000,0,1.000
154509,37.5359,-40.9042,-4.0413,0.471,0.039,0.247,0.023,0.054,-0.027,0.000,0.000,0.000,0.12000,-0.12000,-0.12000,0.00000,0.00000,0.00000,0,1.000
154517,37.5366,-40.9035,-4.0401,0.215,0.138,0.086,0.020,0.068,-0.028,0.000,0.000,0.000,0.12000,-0.12000,-0.12000,0.00000,0.00000,0.00000,0,1.000
154525,37.5379,-40.9026,-4.0381,0.025,0.152,-0.159,0.019,0.056,-0.036,0.000,0.000,-0.000,0.12000,-0.12000,-0.12000,0.00000,0.00000,0.00000,0,1.000
154532,37.5404,-40.9029,-4.0362,0.039,0.049,-0.176,0.012,0.052,-0.023,0.000,0.000,-0.000,0.12000,-0.12000,-0.12000,0.00000,0.00000,0.00000,0,1.000
154540,37.5432,-40.9017,-4.0327,-0.161,0.278,-0.206,-0.000,0.010,-0.011,0.000,0.000,-0.000,0.12000,-0.12000,-0.12000,0.00000,0.00000,0.00000,0,1.000
154548,37.5428,-40.9021,-4.0334,-0.266,0.043,-0.182,-0.004,-0.023,-0.009,0.000,0.000,-0.000,0.12000,-0.12000,-0.12000,0.00000,0.00000,0.00000,0,1.000
154556,37.5450,-40.9001,-4.0296,-0.225,0.234,0.008,-0.009,-0.051,0.010,0.000,0.000,-0.000,0.12000,-0.12000,-0.12000,0.00000,0.00000,0.00000,0,1.000
154564,37.5467,-40.8970,-4.0253,0.032,-0.124,0.427,-0.016,-0.075,-0.005,0.000,0.000,-0.000,0.12000,-0.12000,-0.12000,0.00000,0.00000,0.00000,0,1.000
154571,37.5485,-40.8937,-4.0207,-0.038,-0.065,0.226,-0.017,-0.087,0.006,0.000,0.000,-0.000,0.12000,-0.12000,-0.12000,0.00000,0.00000,0.00000,0,1.000
154579,37.5511,-40.8890,-4.0143,0.098,-0.166,0.296,-0.028,-0.081,0.015,0.000,0.000,-0.000,0.12000,-0.12000,-0.12000,0.00000,0.00000,0.00000,0,1.000
154587,37.5508,-40.8873,-4.0129,0.339,-0.507,0.819,-0.013,-0.057,0.017,0.000,-0.000,-0.000,0.12000,-0.12000,-0.12000,0.00000,0.00000,0.00000,0,1.000
154595,37.5510,-40.8866,-4.0121,0.275,-0.378,0.860,-0.011,-0.038,-0.007,0.000,-0.000,-0.000,0.12000,-0.12000,-0.12000,0.00000,0.00000,0.00000,0,1.000
154602,37.5508,-40.8870,-4.0127,-0.044,-0.237,0.827,0.001,-0.006,-0.002,0.000,-0.000,-0.000,0.12000,-0.12000,-0.12000,0.00000,0.00000,0.00000,0,1.000
154610,37.5494,-40.8892,-4.0159,-0.391,-0.563,0.759,0.013,0.041,-0.006,0.000,-0.000,-0.000,0.12000,-0.12000,-0.12000,0.00000,0.00000,0.00000,0,1.000
154618,37.5438,-40.8963,-4.0272,-0.436,-0.382,0.940,0.024,0.059,0.010,0.000,-0.000,-0.000,0.12000,-0.12000,-0.12000,0.00000,0.00000,0.00000,0,1.000
154626,37.5380,-40.9044,-4.0397,-0.721,-0.119,0.858,0.038,0.082,0.009,0.000,0.000,-0.000,0.12000,-0.12000,-0.12000,0.00000,0.00000,0.00000,0,1.000
154633,37.5321,-40.9104,-4.0503,-0.821,-0.026,0.865,0.018,0.076,0.011,0.000,0.000,-0.000,0.12000,-0.12000,-0.12000,0.00000,0.00000,0.00000,0,1.000
154641,37.5257,-40.9157,-4.0607,-0.730,0.268,0.902,0.002,0.049,0.030,0.000,0.000,-0.000,0.12000,-0.12000,-0.12000,0.00000,0.00000,0.00000,0,1.000
154649,37.5191,-40.9210,-4.0714,-0.284,0.458,1.007,-0.006,0.035,0.019,0.000,0.000,-0.000,0.12000,-0.12000,-0.12000,0.00000,0.00000,0.00000,0,1.000
154657,37.5119,-40.9253,-4.0816,0.015,0.350,0.815,-0.011,0.014,0.018,0.000,0.000,0.000,0.12000,-0.12000,-0.12000,0.00000,0.00000,0.00000,0,1.000
154664,37.5055,-40.9296,-4.0911,0.355,0.520,0.728,-0.017,-0.019,0.010,0.000,0.000,0.000,0.12000,-0.12000,-0.12000,0.00000,0.00000,0.00000,0,1.000
154672,37.4984,-40.9341,-4.1014,0.610,0.550,0.760,-0.032,-0.030,-0.002,0.000,0.000,0.000,0.12000,-0.12000,-0.12000,0.00000,0.00000,0.00000,0,1.000
154680,37.4953,-40.9375,-4.1073,0.782,0.501,0.108,-0.023,-0.031,0.000,0.000,0.000,0.000,0.12000,-0.12000,-0.12000,0.00000,0.00000,0.00000,0,1.000
154688,37.4935,-40.9402,-4.1113,0.555,0.307,0.001,-0.027,-0.037,-0.025,0.000,0.000,0.000,0.12000,-0.12000,-0.12000,0.00000,0.00000,0.00000,0,1.000
154696,37.4933,-40.9423,-4.1133,0.343,0.225,-0.340,-0.004,-0.040,-0.018,0.000,0.000,-0.000,0.12000,-0.12000,-0.12000,0.00000,0.00000,0.00000,0,1.000
154703,37.4945,-40.9419,-4.1119,0.521,-0.013,-0.491,0.008,-0.030,-0.021,0.000,0.000,-0.000,0.12000,-0.12000,-0.12000,0.00000,0.00000,0.00000,0,1.000
154711,37.4968,-40.9419,-4.1099,0.385,0.088,-0.563,0.019,-0.018,-0.024,0.000,0.000,-0.000,0.12000,-0.12000,-0.12000,0.00000,0.00000,0.00000,0,1.000
154719,37.4999,-40.9409,-4.1063,0.399,-0.058,-0.536,0.014,-0.006,-0.003,0.000,0.000,-0.000,0.12000,-0.12000,-0.12000,0.00000,0.00000,0.00000,0,1.000
154727,37.5054,-40.9388,-4.0995,0.384,0.090,-0.563,0.012,0.018,-0.002,0.000,0.000,-0.000,0.12000,-0.12000,-0.12000,0.00000,0.00000,0.00000,0,1.000
154734,37.5096,-40.9373,-4.0945,0.589,0.190,-0.550,0.006,0.027,-0.000,0.000,0.000,-0.000,0.12000,-0.12000,-0.12000,0.00000,0.00000,0.00000,0,1.000
154742,37.5162,-40.9321,-4.0839,0.722,0.676,-0.324,0.005,0.018,-0.005,0.000,0.000,-0.000,0.12000,-0.12000,-0.12000,0.00000,0.00000,0.00000,0,1.000
154750,37.5211,-40.9278,-4.0757,0.714,0.676,0.107,0.015,0.034,-0.009,0.000,0.000,-0.000,0.12000,-0.12000,-0.12000,0.00000,0.00000,0.00000,0,1.000
154757,37.5232,-40.9248,-4.0711,0.799,0.686,0.117,-0.002,0.015,-0.008,0.000,0.000,-0.000,0.12000,-0.12000,-0.12000,0.00000,0.00000,0.00000,0,1.000
154765,37.5256,-40.9204,-4.0651,0.835,0.505,0.368,-0.003,0.028,0.000,0.000,0.000,-0.000,0.12000,-0.12000,-0.12000,0.00000,0.00000,0.00000,0,1.000
154773,37.5263,-40.9181,-4.0624,0.836,0.289,0.583,-0.005,0.009,0.005,0.000,0.000,-0.000,0.12000,-0.12000,-0.12000,0.00000,0.00000,0.00000,0,1.000
154781,37.5282,-40.9168,-4.0595,0.836,0.290,0.583,0.013,0.011,0.024,0.000,0.000,-0.000,0.12000,-0.12000,-0.12000,0.00000,0.00000,0.00000,0,1.000
154789,37.5294,-40.9153,-4.0572,0.475,0.067,0.532,-0.006,-0.010,0.013,0.000,0.000,-0.000,0.12000,-0.12000,-0.12000,0.00000,0.00000,0.00000,0,1.000
154796,37.5316,-40.9143,-4.0542,0.724,-0.014,0.364,-0.001,-0.023,0.026,0.000,0.000,-0.000,0.12000,-0.12000,-0.12000,0.00000,0.00000,0.00000,0,1.000
154804,37.5342,-40.9128,-4.0506,0.469,-0.087,0.376,-0.000,-0.033,0.027,0.000,0.000,-0.000,0.12000,-0.12000,-0.12000,0.00000,0.00000,0.00000,0,1.000
154812,37.5357,-40.9133,-4.0498,0.653,-0.083,0.293,0.002,-0.035,0.026,0.000,0.000,0.000,0.12000,-0.12000,-0.12000,0.00000,0.00000,0.00000,0,1.000
154819,37.5395,-40.9108,-4.0442,0.377,-0.251,0.209,0.002,-0.013,0.022,0.000,0.000,0.000,0.12000,-0.12000,-0.12000,0.00000,0.00000,0.00000,0,1.000
154827,37.5418,-40.9099,-4.0413,0.667,-0.055,0.146,0.003,0.013,0.017,0.000,0.000,0.000,0.12000,-0.12000,-0.12000,0.00000,0.00000,0.00000,0,1.000
154835,37.5425,-40.9088,-4.0396,0.647,-0.193,0.093,-0.003,0.030,0.016,0.000,0.000,0.000,0.12000,-0.12000,-0.12000,0.00000,0.00000,0.00000,0,1.000
154843,37.5430,-40.9068,-4.0374,0.568,-0.134,0.324,0.002,0.039,-0.001,0.000,0.000,0.000,0.12000,-0.12000,-0.12000,0.00000,0.00000,0.00000,0,1.000
154850,37.5443,-40.9045,-4.0342,0.475,0.115,0.486,0.003,0.035,-0.013,0.000,0.000,0.000,0.12000,-0.12000,-0.12000,0.00000,0.00000,0.00000,0,1.000
154858,37.5411,-40.9051,-4.0375,0.724,-0.054,0.405,-0.002,0.023,-0.021,0.000,0.000,0.000,0.12000,-0.12000,-0.12000,0.00000,0.00000,0.00000,0,1.000
154866,37.5391,-40.9036,-4.0380,0.505,-0.007,0.366,-0.014,0.012,-0.034,0.000,0.000,0.000,0.12000,-0.12000,-0.12000,0.00000,0.00000,0.00000,0,1.000
154874,37.5362,-40.9020,-4.0391,0.306,0.049,0.509,0.001,-0.003,-0.022,0.000,0.000,-0.000,0.12000,-0.12000,-0.12000,0.00000,0.00000,0.00000,0,1.000
154881,37.5307,-40.9018,-4.0437,0.463,-0.088,0.805,0.002,-0.023,-0.015,0.000,0.000,-0.000,0.12000,-0.12000,-0.12000,0.00000,0.00000,0.00000,0,1.000
154889,37.5258,-40.9027,-4.0489,0.393,0.014,0.563,0.006,-0.026,-0.007,0.000,0.000,-0.000,0.12000,-0.12000,-0.12000,0.00000,0.00000,0.00000,0,1.000
154897,37.5237,-40.9015,-4.0496,0.294,-0.023,0.699,-0.004,-0.023,0.013,0.000,0.000,-0.000,0.12000,-0.12000,-0.12000,0.00000,0.00000,0.00000,0,1.000
154905,37.5225,-40.9015,-4.0507,0.074,0.153,0.530,0.010,-0.024,0.018,0.000,0.000,-0.000,0.12000,-0.12000,-0.12000,0.00000,0.00000,0.00000,0,1.000
154913,37.5193,-40.9036,-4.0555,0.003,0.039,0.503,0.006,-0.009,0.014,0.000,0.000,-0.000,0.12000,-0.12000,-0.12000,0.00000,0.00000,0.00000,0,1.000
154920,37.5202,-40.9044,-4.0553,-0.096,0.089,0.553,0.005,0.007,0.014,0.000,0.000,-0.000,0.12000,-0.12000,-0.12000,0.00000,0.00000,0.00000,0,1.000
154928,37.5186,-40.9061,-4.0583,-0.217,0.001,0.550,0.002,0.007,0.015,0.000,0.000,0.000,0.12000,-0.12000,-0.12000,0.00000,0.00000,0.00000,0,1.000
154936,37.5184,-40.9062,-4.0585,-0.351,0.145,0.435,0.009,0.010,0.006,0.000,0.000,0.000,0.12000,-0.12000,-0.12000,0.00000,0.00000,0.00000,0,1.000
154943,37.5157,-40.9091,-4.0635,-0.337,0.214,0.246,-0.009,0.024,0.010,0.000,0.000,0.000,0.12000,-0.12000,-0.12000,0.00000,0.00000,0.00000,0,1.000
154951,37.5162,-40.9094,-4.0633,-0.251,0.397,0.083,-0.009,0.010,-0.000,0.000,0.000,0.000,0.12000,-0.12000,-0.12000,0.00000,0.00000,0.00000,0,1.000
154959,37.5173,-40.9078,-4.0610,-0.236,0.379,-0.020,-0.007,0.008,-0.008,0.000,0.000,0.000,0.12000,-0.12000,-0.12000,0.00000,0.00000,0.00000,0,1.000
154967,37.5152,-40.9085,-4.0634,-0.016,0.374,-0.024,-0.016,-0.004,-0.021,0.000,0.000,-0.000,0.12000,-0.12000,-0.12000,0.00000,0.00000,0.00000,0,1.000
154975,37.5137,-40.9095,-4.0657,0.254,0.215,0.077,-0.013,0.005,-0.014,0.000,0.000,-0.000,0.12000,-0.12000,-0.12000,0.00000,0.00000,0.00000,0,1.000
154982,37.5101,-40.9111,-4.0703,0.324,0.328,0.105,-0.007,-0.003,-0.021,0.000,0.000,-0.000,0.12000,-0.12000,-0.12000,0.00000,0.00000,0.00000,0,1.000
154990,37.5067,-40.9138,-4.0758,0.318,0.215,-0.093,-0.004,-0.014,-0.010,0.000,0.000,-0.000,0.12000,-0.12000,-0.12000,0.00000,0.00000,0.00000,0,1.000
154998,37.5047,-40.9156,-4.0791,0.033,0.175,0.126,0.020,-0.012,0.009,0.000,0.000,-0.000,0.12000,-0.12000,-0.12000,0.00000,0.00000,0.00000,0,1.000
155006,37.5044,-40.9175,-4.0811,-0.003,0.226,0.005,0.024,-0.001,-0.003,0.000,0.000,-0.000,0.12000,-0.12000,-0.12000,0.00000,0.00000,0.00000,0,1.000
155013,37.5079,-40.9160,-4.0767,0.096,0.220,-0.088,0.027,0.013,0.013,0.000,0.000,-0.000,0.12000,-0.12000,-0.12000,0.00000,0.00000,0.00000,0,1.000
155021,37.5102,-40.9161,-4.0747,-0.082,0.502,0.020,0.036,0.004,-0.002,0.000,0.000,-0.000,0.12000,-0.12000,-0.12000,0.00000,0.00000,0.00000,0,1.000
155029,37.5136,-40.9154,-4.0712,0.003,0.599,-0.056,0.026,0.020,0.001,0.000,0.000,-0.000,0.12000,-0.12000,-0.12000,0.00000,0.00000,0.00000,0,1.000
155037,37.5203,-40.9127,-4.0627,0.114,0.775,0.291,0.015,0.003,0.015,0.000,0.000,-0.000,0.12000,-0.12000,-0.12000,0.00000,0.00000,0.00000,0,1.000
155045,37.5263,-40.9114,-4.0563,0.398,0.902,-0.015,0.006,-0.003,0.000,0.000,0.000,-0.000,0.12000,-0.12000,-0.12000,0.00000,0.00000,0.00000,0,1.000
155052,37.5289,-40.9103,-4.0530,0.498,0.809,-0.022,-0.012,0.011,0.006,0.000,0.000,-0.000,0.12000,-0.12000,-0.12000,0.00000,0.00000,0.00000,0,1.000
155060,37.5299,-40.9108,-4.0526,0.603,0.613,0.387,-0.033,-0.006,-0.003,0.000,0.000,-0.000,0.12000,-0.12000,-0.12000,0.00000,0.00000,0.00000,0,1.000
155068,37.5307,-40.9111,-4.0522,0.603,0.484,0.516,-0.033,0.002,-0.002,0.000,0.000,-0.000,0.12000,-0.12000,-0.12000,0.00000,0.00000,0.00000,0,1.000
155075,37.5287,-40.9126,-4.0553,0.398,0.298,0.590,-0.038,-0.003,-0.012,0.000,0.000,-0.000,0.12000,-0.12000,-0.12000,0.00000,0.00000,0.00000,0,1.000
155083,37.5267,-40.9142,-4.0585,0.335,0.012,0.304,-0.022,0.003,-0.014,0.000,0.000,-0.000,0.12000,-0.12000,-0.12000,0.00000,0.00000,0.00000,0,1.000
155091,37.5254,-40.9150,-4.0604,0.138,-0.173,-0.054,-0.005,-0.002,0.007,0.000,0.000,-0.000,0.12000,-0.12000,-0.12000,0.00000,0.00000,0.00000,0,1.000
155099,37.5250,-40.9142,-4.0600,0.238,-0.137,-0.190,0.004,-0.007,-0.000,0.000,0.000,-0.000,0.12000,-0.12000,-0.12000,0.00000,0.00000,0.00000,0,1.000
155106,37.5252,-40.9131,-4.0588,0.317,-0.153,-0.464,0.007,-0.013,0.013,0.000,0.000,-0.000,0.12000,-0.12000,-0.12000,0.00000,0.00000,0.00000,0,1.000
155114,37.5226,-40.9138,-4.0618,0.282,-0.059,-0.628,0.000,-0.017,0.004,0.000,0.000,-0.000,0.12000,-0.12000,-0.12000,0.00000,0.00000,0.00000,0,1.000
155122,37.5197,-40.9137,-4.0642,0.387,0.045,-0.522,-0.007,-0.015,-0.011,0.000,0.000,-0.000,0.12000,-0.12000,-0.12000,0.00000,0.00000,0.00000,0,1.000
155130,37.5165,-40.9133,-4.0667,0.396,-0.258,-0.650,-0.010,-0.000,-0.003,0.000,0.000,-0.000,0.12000,-0.12000,-0.12000,0.00000,0.00000,0.00000,0,1.000
155138,37.5197,-40.9097,-4.0606,0.118,0.030,-0.449,-0.001,0.014,-0.016,0.000,0.000,-0.000,0.12000,-0.12000,-0.12000,0.00000,0.00000,0.00000,0,1.000
155145,37.5218,-40.9078,-4.0570,0.062,-0.057,-0.623,0.019,0.017,-0.018,0.000,0.000,-0.000,0.12000,-0.12000,-0.12000,0.00000,0.00000,0.00000,0,1.000
155153,37.5267,-40.9038,-4.0491,-0.327,0.099,-0.813,0.022,0.016,-0.010,0.000,0.000,-0.000,0.12000,-0.12000,-0.12000,0.00000,0.00000,0.00000,0,1.000
155161,37.5290,-40.9004,-4.0440,-0.248,-0.003,-1.001,0.010,0.031,-0.002,0.000,0.000,-0.000,0.12000,-0.12000,-0.12000,0.00000,0.00000,0.00000,0,1.000
155169,37.5339,-40.8971,-4.0367,-0.333,-0.315,-0.710,0.003,0.035,0.003,0.000,0.000,-0.000,0.12000,-0.12000,-0.12000,0.00000,0.00000,0.00000,0,1.000
155176,37.5376,-40.8946,-4.0311,-0.030,0.235,-0.506,0.006,0.011,-0.000,0.000,0.000,-0.000,0.12000,-0.12000,-0.12000,0.00000,0.00000,0.00000,0,1.000
155184,37.5427,-40.8911,-4.0235,0.514,0.488,0.178,-0.008,0.005,-0.003,0.000,0.000,-0.000,0.12000,-0.12000,-0.12000,0.00000,0.00000,0.00000,0,1.000
155192,37.5471,-40.8872,-4.0161,0.485,0.565,0.341,-0.009,-0.007,0.010,0.000,0.000,-0.000,0.12000,-0.12000,-0.12000,0.00000,0.00000,0.00000,0,1.000
155199,37.5510,-40.8845,-4.0101,0.571,0.576,0.350,-0.012,-0.026,-0.003,0.000,0.000,-0.000,0.12000,-0.12000,-0.12000,0.00000,0.00000,0.00000,0,1.000
155207,37.5533,-40.8822,-4.0061,0.855,0.056,0.692,-0.031,-0.015,0.005,0.000,0.000,-0.000,0.12000,-0.12000,-0.12000,0.00000,0.00000,0.00000,0,1.000
155215,37.5564,-40.8818,-4.0030,0.620,0.121,0.756,-0.029,0.002,0.009,0.000,0.000,-0.000,0.12000,-0.12000,-0.12000,0.00000,0.00000,0.00000,0,1.000
155223,37.5587,-40.8823,-4.0014,0.825,0.092,0.898,-0.035,-0.020,-0.008,0.000,0.000,-0.000,0.12000,-0.12000,-0.12000,0.00000,0.00000,0.00000,0,1.000
155231,37.5611,-40.8841,-4.0010,0.554,0.295,0.754,-0.006,-0.006,0.011,0.000,0.000,-0.000,0.12000,-0.12000,-0.12000,0.00000,0.00000,0.00000,0,1.000
155239,37.5613,-40.8858,-4.0023,0.205,0.341,1.058,-0.002,-0.002,-0.007,0.000,0.000,-0.000,0.12000,-0.12000,-0.12000,0.00000,0.00000,0.00000,0,1.000
155246,37.5599,-40.8887,-4.0061,0.348,0.197,0.742,0.005,0.021,0.003,0.000,0.000,-0.000,0.12000,-0.12000,-0.12000,0.00000,0.00000,0.00000,0,1.000
155254,37.5566,-40.8905,-4.0106,0.195,-0.385,0.419,0.026,0.022,0.015,0.000,0.000,-0.000,0.12000,-0.12000,-0.12000,0.00000,0.00000,0.00000,0,1.000
155262,37.5550,-40.8910,-4.0126,0.394,-0.613,0.449,0.020,0.042,0.020,0.000,0.000,-0.000,0.12000,-0.12000,-0.12000,0.00000,0.00000,0.00000,0,1.000
155269,37.5522,-40.8917,-4.0157,0.572,-0.808,0.254,0.040,0.038,0.017,0.000,0.000,-0.000,0.12000,-0.12000,-0.12000,0.00000,0.00000,0.00000,0,1.000
155277,37.5487,-40.8925,-4.0195,0.622,-0.877,0.273,0.044,0.024,0.012,0.000,0.000,0.000,0.12000,-0.12000,-0.12000,0.00000,0.00000,0.00000,0,1.000
155285,37.5443,-40.8948,-4.0254,0.621,-0.618,0.014,0.025,0.017,0.027,0.000,0.000,0.000,0.12000,-0.12000,-0.12000,0.00000,0.00000,0.00000,0,1.000
155293,37.5413,-40.8963,-4.0295,0.586,-0.825,0.152,0.025,-0.018,-0.005,0.000,0.000,0.000,0.12000,-0.12000,-0.12000,0.00000,0.00000,0.00000,0,1.000
155301,37.5379,-40.8969,-4.0330,0.457,-0.526,0.193,0.010,-0.050,0.006,0.000,0.000,0.000,0.12000,-0.12000,-0.12000,0.00000,0.00000,0.00000,0,1.000
155308,37.5351,-40.8970,-4.0355,0.201,-0.384,-0.011,-0.001,-0.055,-0.014,0.000,0.000,0.000,0.12000,-0.12000,-0.12000,0.00000,0.00000,0.00000,0,1.000
155316,37.5303,-40.8975,-4.0403,0.196,-0.757,0.050,-0.022,-0.046,-0.021,0.000,0.000,0.000,0.12000,-0.12000,-0.12000,0.00000,0.00000,0.00000,0,1.000
155324,37.5280,-40.8944,-4.0394,0.197,-0.757,0.050,-0.030,-0.027,-0.043,0.000,0.000,-0.000,0.12000,-0.12000,-0.12000,0.00000,0.00000,0.00000,0,1.000
155331,37.5251,-40.8924,-4.0402,0.318,-0.627,0.009,-0.039,-0.016,-0.032,0.000,0.000,-0.000,0.12000,-0.12000,-0.12000,0.00000,0.00000,0.00000,0,1.000
155339,37.5248,-40.8892,-4.0375,0.369,-0.695,0.027,-0.040,-0.003,-0.032,0.000,0.000,-0.000,0.12000,-0.12000,-0.12000,0.00000,0.00000,0.00000,0,1.000
155347,37.5246,-40.8865,-4.0352,0.184,-0.526,-0.064,-0.021,0.013,-0.021,0.000,0.000,-0.000,0.12000,-0.12000,-0.12000,0.00000,0.00000,0.00000,0,1.000
155355,37.5242,-40.8838,-4.0332,0.214,-0.388,-0.443,-0.027,0.029,-0.014,0.000,0.000,-0.000,0.12000,-0.12000,-0.12000,0.00000,0.00000,0.00000,0,1.000
155363,37.5227,-40.8841,-4.0347,0.027,-0.107,0.097,0.010,0.029,0.007,0.000,0.000,-0.000,0.12000,-0.12000,-0.12000,0.00000,0.00000,0.00000,0,1.000
155371,37.5214,-40.8839,-4.0357,-0.157,0.018,0.051,0.021,0.023,0.023,0.000,0.000,-0.000,0.12000,-0.12000,-0.12000,0.00000,0.00000,0.00000,0,1.000
155378,37.5178,-40.8865,-4.0413,-0.313,-0.149,0.057,0.018,0.018,0.038,0.000,0.000,-0.000,0.12000,-0.12000,-0.12000,0.00000,0.00000,0.00000,0,1.000
155386,37.5151,-40.8870,-4.0440,-0.313,-0.064,-0.029,0.038,0.017,0.038,0.000,0.000,-0.000,0.12000,-0.12000,-0.12000,0.00000,0.00000,0.00000,0,1.000
# corner resolved: [+1,+1,+1]  place_offset=0.714 deg  (best_dot=0.9970 runner_up=[+1,-1,+1] dot=0.4571)
155395,-3.0531,-0.1127,3.1635,-0.283,-0.315,-0.020,0.040,0.015,0.041,0.000,0.000,0.000,-0.12000,-0.02418,0.12000,0.00000,0.00000,0.00000,0,1.000
155402,-3.0496,-0.1137,3.1610,-0.133,-0.217,-0.268,0.034,-0.006,0.027,0.000,0.000,0.000,-0.12000,-0.02512,0.12000,0.00000,0.00000,0.00000,0,1.000
155410,-3.0482,-0.1178,3.1635,-0.346,-0.144,-0.022,0.020,-0.016,0.007,0.000,0.000,0.000,-0.12000,-0.02628,0.12000,0.00000,0.00000,0.00000,0,1.000
155418,-3.0439,-0.1175,3.1590,-0.437,-0.008,-0.490,0.007,-0.033,0.008,0.000,0.000,0.000,-0.12000,-0.02118,0.12000,0.00000,0.00000,0.00000,0,1.000
155425,-3.0446,-0.1184,3.1606,-0.850,0.251,-0.231,-0.008,-0.032,-0.016,0.000,0.000,0.000,-0.12000,-0.01518,0.12000,0.00000,0.00000,0.00000,0,1.000
155433,-3.0500,-0.1132,3.1609,-1.327,0.768,-0.059,-0.018,-0.035,-0.023,0.000,0.000,0.000,-0.12000,-0.00242,0.12000,0.00000,0.00000,0.00000,0,1.000
155441,-3.0523,-0.1148,3.1647,-1.455,0.635,0.413,-0.026,-0.020,-0.034,0.000,0.000,-0.000,-0.12000,-0.00605,0.12000,0.00000,0.00000,0.00000,0,1.000
155449,-3.0544,-0.1132,3.1653,-1.369,0.515,0.553,-0.032,-0.007,-0.060,0.000,0.000,-0.000,-0.12000,-0.00780,0.12000,0.00000,0.00000,0.00000,0,1.000
155457,-3.0547,-0.1124,3.1648,-1.362,0.670,0.707,-0.041,0.006,-0.055,0.000,0.000,-0.000,-0.12000,-0.00396,0.12000,0.00000,0.00000,0.00000,0,1.000
155464,-3.0570,-0.1093,3.1641,-1.288,0.671,0.104,-0.038,0.020,-0.038,0.000,0.000,-0.000,-0.12000,0.00321,0.12000,0.00000,0.00000,0.00000,0,1.000
155472,-3.0650,-0.1001,3.1632,-1.570,0.433,-0.222,-0.037,0.024,0.002,0.000,0.000,-0.000,-0.12000,0.00629,0.12000,0.00000,0.00000,0.00000,0,1.000
155480,-3.0765,-0.0928,3.1676,-1.823,0.289,-0.882,-0.015,0.026,0.028,0.000,0.000,-0.000,-0.12000,0.01289,0.12000,0.00000,0.00000,0.00000,0,1.000
155488,-3.0965,-0.0842,3.1792,-2.256,0.082,-1.088,0.002,0.041,0.059,0.000,0.000,-0.000,-0.12000,0.01775,0.12000,0.00000,0.00000,0.00000,0,1.000
155495,-3.1215,-0.0761,3.1962,-2.774,-0.265,-1.174,0.024,0.018,0.066,0.000,0.000,-0.000,-0.12000,0.01545,0.12000,0.00000,0.00000,0.00000,0,1.000
155503,-3.1512,-0.0602,3.2105,-3.158,-0.366,-1.534,0.014,0.008,0.063,0.000,0.000,0.000,-0.12000,0.02166,0.12000,0.00000,0.00000,0.00000,0,1.000
155511,-3.1767,-0.0417,3.2179,-3.151,-0.494,-1.835,0.038,-0.002,0.059,0.000,0.000,0.000,-0.12000,0.02396,0.12000,0.00000,0.00000,0.00000,0,1.000
155519,-3.1989,-0.0268,3.2257,-3.124,-0.614,-1.955,0.027,-0.021,0.041,0.000,0.000,0.000,-0.12000,0.02283,0.12000,0.00000,0.00000,0.00000,0,1.000
155526,-3.2148,-0.0088,3.2241,-2.726,-0.294,-2.672,0.015,-0.035,0.025,0.000,0.000,0.000,-0.12000,0.03343,0.12000,0.00000,0.00000,0.00000,0,1.000
155534,-3.2257,0.0061,3.2205,-2.619,-0.300,-3.196,-0.004,-0.057,0.017,0.000,0.000,0.000,-0.12000,0.03831,0.12000,0.00000,0.00000,0.00000,0,1.000
155542,-3.2351,0.0154,3.2208,-2.122,-0.679,-3.314,-0.021,-0.055,-0.020,0.000,0.000,0.000,-0.12000,0.03049,0.12000,0.00000,0.00000,0.00000,0,1.000
155549,-3.2402,0.0241,3.2174,-1.944,-0.960,-3.422,-0.029,-0.029,-0.029,0.000,0.000,0.000,-0.12000,0.02893,0.12000,0.00000,0.00000,0.00000,0,1.000
155557,-3.2452,0.0279,3.2187,-1.895,-1.115,-3.317,-0.032,-0.007,-0.051,0.000,0.000,0.000,-0.12000,0.02884,0.12000,0.00000,0.00000,0.00000,0,1.000
155565,-3.2496,0.0319,3.2192,-1.755,-1.017,-3.131,-0.034,0.014,-0.072,0.000,0.000,0.000,-0.12000,0.03223,0.12000,0.00000,0.00000,0.00000,0,1.000
155573,-3.2565,0.0384,3.2197,-1.624,-0.574,-2.860,-0.024,0.028,-0.089,0.000,0.000,-0.000,-0.12000,0.04016,0.12000,0.00000,0.00000,0.00000,0,1.000
155581,-3.2520,0.0468,3.2071,-1.383,-0.440,-2.812,-0.024,0.030,-0.082,0.000,0.000,-0.000,-0.12000,0.04214,0.12000,0.00000,0.00000,0.00000,0,1.000
155588,-3.2427,0.0490,3.1957,-1.226,-0.316,-2.775,-0.020,0.028,-0.055,0.000,0.000,-0.000,-0.12000,0.04294,0.12000,0.00000,0.00000,0.00000,0,1.000
155596,-3.2297,0.0551,3.1767,-0.516,-0.225,-2.943,-0.006,0.012,-0.033,-0.000,0.000,-0.000,-0.12000,0.03886,0.12000,0.00000,0.00000,0.00000,0,1.000
155604,-3.2213,0.0639,3.1598,-0.190,-0.037,-2.929,0.001,0.004,-0.007,-0.000,0.000,-0.000,-0.12000,0.03985,0.12000,0.00000,0.00000,0.00000,0,1.000
155612,-3.2094,0.0706,3.1414,0.186,0.040,-2.853,0.015,0.003,0.034,0.000,0.000,-0.000,-0.12000,0.03847,0.12000,0.00000,0.00000,0.00000,0,1.000
155619,-3.2039,0.0756,3.1310,0.107,-0.117,-2.405,0.041,0.006,0.061,0.000,0.000,-0.000,-0.12000,0.03385,0.12000,0.00000,0.00000,0.00000,0,1.000
155627,-3.2010,0.0874,3.1166,0.054,0.151,-1.880,0.049,-0.004,0.078,0.000,0.000,-0.000,-0.12000,0.03547,0.12000,0.00000,0.00000,0.00000,0,1.000
155635,-3.1982,0.0971,3.1044,-0.259,0.275,-1.584,0.053,-0.006,0.079,0.000,0.000,0.000,-0.12000,0.03958,0.12000,0.00000,0.00000,0.00000,0,1.000
155642,-3.1937,0.1037,3.0934,-0.095,-0.033,-1.547,0.053,-0.014,0.075,0.000,0.000,0.000,-0.12000,0.03247,0.12000,0.00000,0.00000,0.00000,0,1.000
155650,-3.1874,0.1131,3.0779,0.011,0.074,-1.442,0.038,-0.010,0.057,0.000,0.000,0.000,-0.12000,0.03522,0.12000,0.00000,0.00000,0.00000,0,1.000
155658,-3.1784,0.1200,3.0622,0.487,-0.071,-1.244,0.014,-0.024,0.035,0.000,0.000,0.000,-0.12000,0.02658,0.12000,0.00000,0.00000,0.00000,0,1.000
155666,-3.1698,0.1255,3.0483,0.989,-0.009,-0.751,0.003,-0.003,0.001,0.000,0.000,0.000,-0.12000,0.02381,0.12000,0.00000,0.00000,0.00000,0,1.000
155673,-3.1597,0.1310,3.0328,0.826,-0.003,-0.488,-0.026,0.005,-0.035,0.000,0.000,0.000,-0.12000,0.02584,0.12000,0.00000,0.00000,0.00000,0,1.000
155681,-3.1535,0.1379,3.0198,0.597,0.218,-0.269,-0.040,0.004,-0.050,0.000,0.000,0.000,-0.12000,0.03121,0.12000,0.00000,0.00000,0.00000,0,1.000
155689,-3.1518,0.1441,3.0121,0.413,0.043,-0.015,-0.051,0.005,-0.065,0.000,0.000,0.000,-0.12000,0.02899,0.12000,0.00000,0.00000,0.00000,0,1.000
155696,-3.1526,0.1473,3.0098,0.078,-0.101,0.358,-0.057,0.010,-0.085,0.000,0.000,-0.000,-0.12000,0.02761,0.12000,0.00000,0.00000,0.00000,0,1.000
155704,-3.1466,0.1431,3.0079,0.044,-0.223,0.409,-0.028,0.005,-0.080,0.000,0.000,-0.000,-0.12000,0.02344,0.12000,0.00000,0.00000,0.00000,0,1.000
155711,-3.1423,0.1399,3.0067,0.165,-0.178,0.454,-0.030,0.018,-0.050,0.000,0.000,-0.000,-0.12000,0.02418,0.12000,0.00000,0.00000,0.00000,0,1.000
155719,-3.1355,0.1327,3.0069,0.166,-0.006,0.281,-0.014,0.009,-0.038,0.000,0.000,-0.000,-0.12000,0.02582,0.12000,0.00000,0.00000,0.00000,0,1.000
155727,-3.1228,0.1251,3.0017,0.557,-0.120,0.426,-0.002,0.007,-0.023,0.000,0.000,-0.000,-0.12000,0.01717,0.12000,0.00000,0.00000,0.00000,0,1.000
155734,-3.1164,0.1184,3.0018,0.769,0.220,0.508,0.007,-0.015,0.004,0.000,0.000,-0.000,-0.12000,0.01587,0.12000,0.00000,0.00000,0.00000,0,1.000
155743,-3.1100,0.1116,3.0019,0.656,0.330,0.618,0.015,-0.038,0.040,0.000,0.000,-0.000,-0.12000,0.01343,0.12000,0.00000,0.00000,0.00000,0,1.000
155750,-3.1079,0.1032,3.0081,0.805,0.125,0.673,0.027,-0.043,0.044,0.000,0.000,-0.000,-0.12000,0.00569,0.12000,0.00000,0.00000,0.00000,0,1.000
155758,-3.1103,0.0992,3.0143,0.535,0.240,0.617,0.033,-0.042,0.065,0.000,0.000,-0.000,-0.12000,0.00969,0.12000,0.00000,0.00000,0.00000,0,1.000
155766,-3.1132,0.0939,3.0224,0.429,-0.125,0.771,0.052,-0.009,0.057,0.000,0.000,-0.000,-0.12000,0.00571,0.12000,0.00000,0.00000,0.00000,0,1.000
155774,-3.1174,0.0922,3.0283,0.378,0.159,0.537,0.047,0.006,0.041,0.000,0.000,0.000,-0.12000,0.01535,0.12000,0.00000,0.00000,0.00000,0,1.000
155781,-3.1210,0.0926,3.0315,0.208,0.354,0.301,0.031,0.020,0.033,0.000,0.000,0.000,-0.12000,0.02464,0.12000,0.00000,0.00000,0.00000,0,1.000
155789,-3.1246,0.0941,3.0336,0.336,0.356,-0.041,0.015,0.028,0.017,0.000,0.000,0.000,-0.12000,0.02795,0.12000,0.00000,0.00000,0.00000,0,1.000
155797,-3.1267,0.0975,3.0324,0.385,0.590,-0.325,0.010,0.049,-0.005,0.000,0.000,0.000,-0.12000,0.03701,0.12000,0.00000,0.00000,0.00000,0,1.000
155804,-3.1270,0.0973,3.0329,0.215,0.699,-0.474,-0.010,0.034,-0.006,0.000,0.000,0.000,-0.12000,0.04041,0.12000,0.00000,0.00000,0.00000,0,1.000
155812,-3.1275,0.0936,3.0370,-0.117,0.225,-0.514,-0.018,0.027,-0.017,0.000,0.000,0.000,-0.12000,0.03346,0.12000,0.00000,0.00000,0.00000,0,1.000
155820,-3.1245,0.0892,3.0383,0.019,0.123,-0.442,-0.027,0.021,-0.034,0.000,0.000,0.000,-0.12000,0.02814,0.12000,0.00000,0.00000,0.00000,0,1.000
155828,-3.1216,0.0853,3.0392,-0.166,0.076,-0.316,-0.016,0.000,-0.054,0.000,0.000,-0.000,-0.12000,0.02384,0.12000,0.00000,0.00000,0.00000,0,1.000
155836,-3.1192,0.0836,3.0384,-0.385,0.080,-0.312,-0.025,-0.021,-0.033,0.000,0.000,-0.000,-0.12000,0.02196,0.12000,0.00000,0.00000,0.00000,0,1.000
155843,-3.1140,0.0830,3.0339,-0.378,0.235,-0.157,-0.013,-0.041,-0.034,0.000,0.000,-0.000,-0.12000,0.02100,0.12000,0.00000,0.00000,0.00000,0,1.000
155851,-3.1116,0.0824,3.0321,-0.299,0.176,-0.389,-0.000,-0.054,-0.007,0.000,0.000,-0.000,-0.12000,0.01995,0.12000,0.00000,0.00000,0.00000,0,1.000
155859,-3.1066,0.0853,3.0242,0.021,0.251,-0.573,-0.015,-0.048,0.002,0.000,0.000,-0.000,-0.12000,0.02125,0.12000,0.00000,0.00000,0.00000,0,1.000
155866,-3.1023,0.0905,3.0148,-0.148,0.360,-0.724,0.013,-0.043,0.016,0.000,0.000,-0.000,-0.12000,0.02724,0.12000,0.00000,0.00000,0.00000,0,1.000
155874,-3.1015,0.0964,3.0083,0.028,0.407,-0.419,-0.004,-0.019,0.016,0.000,0.000,-0.000,-0.12000,0.02814,0.12000,0.00000,0.00000,0.00000,0,1.000
155882,-3.1019,0.1034,3.0019,-0.165,0.620,-0.121,0.021,-0.005,0.021,0.000,0.000,-0.000,-0.12000,0.03452,0.12000,0.00000,0.00000,0.00000,0,1.000
155890,-3.1055,0.1094,2.9996,-0.116,0.423,0.027,0.018,0.011,0.015,0.000,0.000,-0.000,-0.12000,0.03317,0.12000,0.00000,0.00000,0.00000,0,1.000
155898,-3.1107,0.1192,2.9953,-0.274,0.542,0.489,0.026,0.017,0.014,0.000,0.000,-0.000,-0.12000,0.03567,0.12000,0.00000,0.00000,0.00000,0,1.000
155905,-3.1139,0.1302,2.9877,-0.487,0.659,0.691,0.024,0.044,0.002,0.000,0.000,-0.000,-0.12000,0.04341,0.12000,0.00000,0.00000,0.00000,0,1.000
155913,-3.1151,0.1343,2.9850,-0.232,0.648,0.764,0.008,0.032,0.012,0.000,0.000,-0.000,-0.12000,0.04013,0.12000,0.00000,0.00000,0.00000,0,1.000
155921,-3.1223,0.1420,2.9848,-0.402,0.584,0.787,0.009,0.041,0.014,0.000,0.000,-0.000,-0.12000,0.04270,0.12000,0.00000,0.00000,0.00000,0,1.000
155928,-3.1281,0.1433,2.9892,-0.352,0.344,0.978,-0.008,0.024,0.005,0.000,0.000,-0.000,-0.12000,0.03477,0.12000,0.00000,0.00000,0.00000,0,1.000
155936,-3.1343,0.1485,2.9903,-0.197,0.425,1.058,-0.021,0.011,-0.013,0.000,0.000,-0.000,-0.12000,0.03360,0.12000,0.00000,0.00000,0.00000,0,1.000
155944,-3.1409,0.1469,2.9986,0.058,0.283,1.262,-0.022,-0.008,-0.015,0.000,0.000,-0.000,-0.12000,0.02383,0.12000,0.00000,0.00000,0.00000,0,1.000
155951,-3.1490,0.1515,3.0021,-0.148,0.228,1.206,-0.018,-0.023,-0.014,0.000,0.000,-0.000,-0.12000,0.02369,0.12000,0.00000,0.00000,0.00000,0,1.000
155959,-3.1581,0.1505,3.0122,-0.204,-0.075,1.248,-0.021,-0.027,-0.000,0.000,0.000,-0.000,-0.12000,0.01761,0.12000,0.00000,0.00000,0.00000,0,1.000
155967,-3.1652,0.1487,3.0210,-0.134,-0.090,1.405,-0.002,-0.017,0.017,0.000,0.000,-0.000,-0.12000,0.01622,0.12000,0.00000,0.00000,0.00000,0,1.000
155974,-3.1720,0.1481,3.0284,0.015,-0.035,1.201,-0.003,-0.015,-0.006,0.000,0.000,-0.000,-0.12000,0.01791,0.12000,0.00000,0.00000,0.00000,0,1.000
155982,-3.1758,0.1461,3.0342,0.015,0.051,1.115,0.003,-0.009,0.000,0.000,0.000,-0.000,-0.12000,0.02079,0.12000,0.00000,0.00000,0.00000,0,1.000
155990,-3.1803,0.1419,3.0427,0.079,0.138,0.857,0.004,-0.007,0.003,0.000,0.000,-0.000,-0.12000,0.02340,0.12000,0.00000,0.00000,0.00000,0,1.000
155998,-3.1820,0.1355,3.0507,0.340,0.324,1.044,0.006,-0.008,0.001,0.000,0.000,-0.000,-0.12000,0.02142,0.12000,0.00000,0.00000,0.00000,0,1.000
156005,-3.1812,0.1284,3.0568,0.449,0.187,0.650,0.008,0.002,0.004,0.000,0.000,-0.000,-0.12000,0.02155,0.12000,0.00000,0.00000,0.00000,0,1.000
156013,-3.1786,0.1221,3.0603,0.470,0.239,0.789,0.009,0.009,-0.003,0.000,0.000,-0.000,-0.12000,0.02102,0.12000,0.00000,0.00000,0.00000,0,1.000
156021,-3.1778,0.1148,3.0667,0.605,0.180,0.818,0.000,0.011,0.009,0.000,0.000,-0.000,-0.12000,0.01730,0.12000,0.00000,0.00000,0.00000,0,1.000
156028,-3.1775,0.1079,3.0731,0.414,0.107,0.659,0.004,-0.006,0.006,0.000,0.000,-0.000,-0.12000,0.01472,0.12000,0.00000,0.00000,0.00000,0,1.000
156036,-3.1765,0.1051,3.0749,0.528,-0.047,0.592,0.006,0.003,-0.016,0.000,0.000,-0.000,-0.12000,0.01247,0.12000,0.00000,0.00000,0.00000,0,1.000
156043,-3.1787,0.1041,3.0780,0.458,0.099,0.306,-0.005,0.013,0.013,0.000,0.000,-0.000,-0.12000,0.01941,0.12000,0.00000,0.00000,0.00000,0,1.000
156051,-3.1789,0.1020,3.0802,0.067,0.341,0.031,-0.001,0.007,0.002,0.000,0.000,-0.000,-0.12000,0.02801,0.12000,0.00000,0.00000,0.00000,0,1.000
156059,-3.1771,0.1005,3.0799,-0.088,0.303,-0.093,0.006,0.012,0.008,0.000,0.000,-0.000,-0.12000,0.03019,0.12000,0.00000,0.00000,0.00000,0,1.000
156066,-3.1789,0.1010,3.0812,0.026,0.193,-0.202,0.003,0.007,0.004,0.000,0.000,-0.000,-0.12000,0.02753,0.12000,0.00000,0.00000,0.00000,0,1.000
156074,-3.1776,0.0981,3.0828,-0.144,0.085,-0.136,0.011,-0.000,-0.001,0.000,0.000,-0.000,-0.12000,0.02463,0.12000,0.00000,0.00000,0.00000,0,1.000
156082,-3.1806,0.0992,3.0846,0.061,0.184,-0.123,0.009,0.002,-0.004,0.000,0.000,-0.000,-0.12000,0.02515,0.12000,0.00000,0.00000,0.00000,0,1.000
156089,-3.1765,0.0981,3.0816,0.190,-0.072,-0.207,-0.006,0.000,0.003,0.000,0.000,-0.000,-0.12000,0.01967,0.12000,0.00000,0.00000,0.00000,0,1.000
156097,-3.1808,0.1007,3.0834,-0.072,-0.172,-0.480,-0.006,0.001,0.003,0.000,0.000,-0.000,-0.12000,0.02307,0.12000,0.00000,0.00000,0.00000,0,1.000
156105,-3.1851,0.1026,3.0859,-0.066,-0.016,-0.324,-0.022,0.004,0.013,0.000,0.000,-0.000,-0.12000,0.02540,0.12000,0.00000,0.00000,0.00000,0,1.000
156113,-3.1909,0.1074,3.0870,-0.208,-0.200,-0.421,-0.016,-0.009,0.013,0.000,0.000,-0.000,-0.12000,0.02288,0.12000,0.00000,0.00000,0.00000,0,1.000
156120,-3.1928,0.1137,3.0827,0.082,-0.176,-0.312,-0.015,0.010,0.019,0.000,0.000,0.000,-0.12000,0.02436,0.12000,0.00000,0.00000,0.00000,0,1.000
156128,-3.1942,0.1207,3.0773,-0.273,0.016,-0.466,-0.007,-0.003,-0.000,0.000,0.000,0.000,-0.12000,0.03150,0.12000,0.00000,0.00000,0.00000,0,1.000
156136,-3.1952,0.1260,3.0732,0.047,-0.210,-0.348,-0.012,-0.001,0.006,0.000,0.000,0.000,-0.12000,0.02519,0.12000,0.00000,0.00000,0.00000,0,1.000
156143,-3.1930,0.1319,3.0653,-0.067,0.203,-0.541,-0.001,0.003,0.004,0.000,0.000,0.000,-0.12000,0.03714,0.12000,0.00000,0.00000,0.00000,0,1.000
156151,-3.1894,0.1333,3.0603,0.068,0.102,-0.469,0.021,0.014,0.001,0.000,0.000,0.000,-0.12000,0.03542,0.12000,0.00000,0.00000,0.00000,0,1.000
156159,-3.1879,0.1346,3.0575,0.124,0.103,-0.209,0.006,-0.001,-0.009,0.000,0.000,0.000,-0.12000,0.03087,0.12000,0.00000,0.00000,0.00000,0,1.000
156167,-3.1810,0.1291,3.0559,0.095,0.093,0.040,0.007,0.012,-0.014,0.000,0.000,-0.000,-0.12000,0.02970,0.12000,0.00000,0.00000,0.00000,0,1.000
156174,-3.1791,0.1291,3.0540,0.195,-0.086,0.120,0.021,-0.001,-0.013,0.000,0.000,-0.000,-0.12000,0.02277,0.12000,0.00000,0.00000,0.00000,0,1.000
156182,-3.1747,0.1263,3.0524,0.216,-0.034,0.258,0.024,0.011,-0.012,0.000,0.000,-0.000,-0.12000,0.02371,0.12000,0.00000,0.00000,0.00000,0,1.000
156190,-3.1740,0.1243,3.0537,0.231,-0.094,0.198,0.017,0.026,-0.003,0.000,0.000,-0.000,-0.12000,0.02480,0.12000,0.00000,0.00000,0.00000,0,1.000
156197,-3.1739,0.1270,3.0509,0.281,-0.205,0.259,0.011,0.016,0.001,0.000,0.000,-0.000,-0.12000,0.02107,0.12000,0.00000,0.00000,0.00000,0,1.000
156205,-3.1752,0.1292,3.0501,0.266,-0.058,0.232,-0.012,0.009,0.021,0.000,0.000,-0.000,-0.12000,0.02347,0.12000,0.00000,0.00000,0.00000,0,1.000
156213,-3.1786,0.1314,3.0514,0.201,0.157,0.188,-0.015,-0.002,0.023,0.000,0.000,0.000,-0.12000,0.02700,0.12000,0.00000,0.00000,0.00000,0,1.000
156221,-3.1825,0.1357,3.0510,0.136,0.199,0.316,-0.017,-0.016,0.019,0.000,0.000,0.000,-0.12000,0.02582,0.12000,0.00000,0.00000,0.00000,0,1.000
156228,-3.1846,0.1384,3.0505,0.060,-0.113,0.176,-0.016,-0.015,0.003,0.000,0.000,0.000,-0.12000,0.02276,0.12000,0.00000,0.00000,0.00000,0,1.000
156236,-3.1855,0.1379,3.0519,-0.055,0.040,0.243,-0.020,-0.025,-0.002,0.000,0.000,0.000,-0.12000,0.02454,0.12000,0.00000,0.00000,0.00000,0,1.000
156243,-3.1827,0.1341,3.0528,-0.048,0.109,0.485,-0.017,-0.044,-0.012,0.000,0.000,0.000,-0.12000,0.02087,0.12000,0.00000,0.00000,0.00000,0,1.000
156251,-3.1784,0.1298,3.0526,-0.124,-0.074,0.216,-0.007,-0.036,-0.020,0.000,0.000,0.000,-0.12000,0.02026,0.12000,0.00000,0.00000,0.00000,0,1.000
156259,-3.1740,0.1273,3.0508,0.161,-0.250,0.212,-0.009,-0.023,-0.011,0.000,0.000,-0.000,-0.12000,0.01574,0.12000,0.00000,0.00000,0.00000,0,1.000
156266,-3.1686,0.1200,3.0524,-0.029,-0.367,0.096,-0.001,-0.023,-0.017,0.000,0.000,-0.000,-0.12000,0.01468,0.12000,0.00000,0.00000,0.00000,0,1.000
156274,-3.1660,0.1144,3.0552,-0.100,-0.395,-0.017,0.009,-0.000,-0.008,0.000,0.000,-0.000,-0.12000,0.01799,0.12000,0.00000,0.00000,0.00000,0,1.000
156282,-3.1682,0.1095,3.0622,-0.264,-0.174,0.032,0.015,0.021,-0.010,0.000,0.000,-0.000,-0.12000,0.02518,0.12000,0.00000,0.00000,0.00000,0,1.000
156290,-3.1731,0.1075,3.0690,-0.406,-0.487,0.064,0.015,0.034,-0.001,0.000,0.000,-0.000,-0.12000,0.02161,0.12000,0.00000,0.00000,0.00000,0,1.000
156297,-3.1743,0.1073,3.0705,-0.209,-0.086,0.206,0.018,0.053,0.009,0.000,0.000,-0.000,-0.12000,0.02755,0.12000,0.00000,0.00000,0.00000,0,1.000
156305,-3.1766,0.1096,3.0706,-0.144,-0.128,0.078,0.019,0.051,-0.002,0.000,0.000,-0.000,-0.12000,0.02767,0.12000,0.00000,0.00000,0.00000,0,1.000
156313,-3.1808,0.1107,3.0737,-0.124,0.183,-0.042,-0.000,0.026,0.014,0.000,0.000,-0.000,-0.12000,0.03204,0.12000,0.00000,0.00000,0.00000,0,1.000
156321,-3.1895,0.1134,3.0797,0.016,0.411,0.013,0.001,0.009,0.018,0.000,0.000,-0.000,-0.12000,0.03260,0.12000,0.00000,0.00000,0.00000,0,1.000
156329,-3.1901,0.1160,3.0778,0.371,0.478,-0.092,-0.014,-0.002,0.016,0.000,0.000,-0.000,-0.12000,0.03046,0.12000,0.00000,0.00000,0.00000,0,1.000
156336,-3.1893,0.1200,3.0732,0.356,0.625,-0.118,-0.014,-0.023,-0.003,0.000,0.000,-0.000,-0.12000,0.03127,0.12000,0.00000,0.00000,0.00000,0,1.000
156344,-3.1903,0.1223,3.0719,0.476,0.670,-0.072,-0.014,-0.030,0.009,0.000,0.000,0.000,-0.12000,0.03022,0.12000,0.00000,0.00000,0.00000,0,1.000
156352,-3.1902,0.1228,3.0713,0.632,0.622,0.138,-0.021,-0.041,0.004,0.000,0.000,0.000,-0.12000,0.02528,0.12000,0.00000,0.00000,0.00000,0,1.000
156359,-3.1879,0.1234,3.0684,0.646,0.389,0.251,-0.015,-0.032,-0.014,0.000,0.000,0.000,-0.12000,0.02107,0.12000,0.00000,0.00000,0.00000,0,1.000
156367,-3.1838,0.1238,3.0639,0.491,0.308,0.169,-0.004,-0.031,-0.025,0.000,0.000,-0.000,-0.12000,0.02179,0.12000,0.00000,0.00000,0.00000,0,1.000
156375,-3.1808,0.1289,3.0560,0.392,0.358,0.218,0.012,-0.010,-0.002,0.000,0.000,-0.000,-0.12000,0.02693,0.12000,0.00000,0.00000,0.00000,0,1.000
156382,-3.1762,0.1267,3.0535,0.067,0.343,0.031,0.017,0.004,-0.009,0.000,0.000,-0.000,-0.12000,0.03273,0.12000,0.00000,0.00000,0.00000,0,1.000
156390,-3.1707,0.1261,3.0485,0.217,0.268,-0.045,0.034,0.030,-0.007,0.000,0.000,-0.000,-0.12000,0.03427,0.12000,0.00000,0.00000,0.00000,0,1.000
156398,-3.1665,0.1255,3.0449,0.387,0.202,0.062,0.029,0.029,0.004,0.000,0.000,-0.000,-0.12000,0.03057,0.12000,0.00000,0.00000,0.00000,0,1.000
156405,-3.1647,0.1248,3.0438,0.182,-0.026,0.179,0.029,0.034,-0.004,0.000,0.000,-0.000,-0.12000,0.02759,0.12000,0.00000,0.00000,0.00000,0,1.000
156413,-3.1658,0.1241,3.0455,-0.003,0.229,0.003,0.014,0.025,0.004,0.000,0.000,-0.000,-0.12000,0.03403,0.12000,0.00000,0.00000,0.00000,0,1.000
156421,-3.1687,0.1269,3.0458,-0.018,0.160,0.192,0.011,0.004,0.005,0.000,0.000,-0.000,-0.12000,0.02878,0.12000,0.00000,0.00000,0.00000,0,1.000
156428,-3.1727,0.1302,3.0466,-0.132,0.141,0.432,0.004,0.015,0.010,0.000,0.000,-0.000,-0.12000,0.02986,0.12000,0.00000,0.00000,0.00000,0,1.000
156436,-3.1746,0.1313,3.0474,-0.132,0.141,0.431,-0.005,0.012,-0.001,0.000,0.000,-0.000,-0.12000,0.02965,0.12000,0.00000,0.00000,0.00000,0,1.000
156444,-3.1749,0.1326,3.0465,-0.167,-0.067,0.568,-0.025,-0.009,-0.006,0.000,0.000,-0.000,-0.12000,0.02206,0.12000,0.00000,0.00000,0.00000,0,1.000
156452,-3.1765,0.1313,3.0493,-0.287,-0.026,0.437,-0.013,-0.028,-0.003,0.000,0.000,-0.000,-0.12000,0.02186,0.12000,0.00000,0.00000,0.00000,0,1.000
156459,-3.1782,0.1294,3.0529,-0.252,0.009,0.472,-0.025,-0.027,0.001,0.000,0.000,-0.000,-0.12000,0.02161,0.12000,0.00000,0.00000,0.00000,0,1.000
156467,-3.1789,0.1254,3.0575,-0.229,-0.310,0.239,-0.009,-0.025,-0.007,0.000,0.000,-0.000,-0.12000,0.01700,0.12000,0.00000,0.00000,0.00000,0,1.000
156475,-3.1827,0.1203,3.0662,-0.138,-0.231,0.492,-0.004,-0.020,0.007,0.000,0.000,-0.000,-0.12000,0.01505,0.12000,0.00000,0.00000,0.00000,0,1.000
156482,-3.1840,0.1163,3.0714,-0.223,-0.328,0.569,-0.006,-0.004,0.011,0.000,0.000,-0.000,-0.12000,0.01502,0.12000,0.00000,0.00000,0.00000,0,1.000
156490,-3.1894,0.1136,3.0795,-0.464,-0.117,0.176,0.013,0.005,0.019,0.000,0.000,-0.000,-0.12000,0.02497,0.12000,0.00000,0.00000,0.00000,0,1.000
156498,-3.1926,0.1106,3.0856,-0.239,-0.053,0.414,0.019,0.016,0.022,0.000,0.000,0.000,-0.12000,0.02336,0.12000,0.00000,0.00000,0.00000,0,1.000
156506,-3.1948,0.1113,3.0871,-0.068,-0.032,0.435,0.021,0.023,0.017,0.000,0.000,0.000,-0.12000,0.02330,0.12000,0.00000,0.00000,0.00000,0,1.000
156514,-3.1965,0.1103,3.0898,0.052,0.229,0.264,0.006,0.020,0.007,0.000,0.000,0.000,-0.12000,0.02791,0.12000,0.00000,0.00000,0.00000,0,1.000
156521,-3.2014,0.1095,3.0954,0.116,0.187,0.137,-0.004,0.030,0.016,0.000,0.000,0.000,-0.12000,0.02878,0.12000,0.00000,0.00000,0.00000,0,1.000
156529,-3.2068,0.1126,3.0979,0.271,0.311,0.175,-0.011,0.009,0.013,0.000,0.000,0.000,-0.12000,0.02721,0.12000,0.00000,0.00000,0.00000,0,1.000
156537,-3.2107,0.1113,3.1030,0.390,0.314,0.264,-0.007,-0.005,0.004,0.000,0.000,0.000,-0.12000,0.02297,0.12000,0.00000,0.00000,0.00000,0,1.000
156545,-3.2141,0.1096,3.1080,0.519,0.057,0.181,-0.005,-0.007,-0.004,0.000,0.000,0.000,-0.12000,0.01724,0.12000,0.00000,0.00000,0.00000,0,1.000
156552,-3.2215,0.1162,3.1090,0.227,-0.051,0.158,-0.016,-0.003,-0.024,0.000,0.000,0.000,-0.12000,0.02002,0.12000,0.00000,0.00000,0.00000,0,1.000
156560,-3.2248,0.1170,3.1115,0.291,-0.136,0.074,-0.004,-0.014,-0.023,0.000,0.000,0.000,-0.12000,0.01704,0.12000,0.00000,0.00000,0.00000,0,1.000
156568,-3.2282,0.1200,3.1121,0.241,-0.067,0.056,0.009,-0.013,-0.013,0.000,0.000,0.000,-0.12000,0.01962,0.12000,0.00000,0.00000,0.00000,0,1.000
156576,-3.2270,0.1209,3.1099,0.235,-0.180,-0.143,-0.003,-0.003,-0.020,0.000,0.000,-0.000,-0.12000,0.02105,0.12000,0.00000,0.00000,0.00000,0,1.000
156584,-3.2252,0.1216,3.1075,0.214,-0.102,-0.411,0.002,0.015,-0.023,0.000,0.000,-0.000,-0.12000,0.02794,0.12000,0.00000,0.00000,0.00000,0,1.000
156591,-3.2246,0.1212,3.1072,0.377,-0.237,-0.546,0.002,0.012,-0.008,0.000,0.000,-0.000,-0.12000,0.02467,0.12000,0.00000,0.00000,0.00000,0,1.000
156599,-3.2194,0.1192,3.1040,0.483,-0.218,-0.354,0.008,0.010,0.003,0.000,0.000,-0.000,-0.12000,0.02176,0.12000,0.00000,0.00000,0.00000,0,1.000
156607,-3.2122,0.1139,3.1020,0.264,-0.042,-0.522,0.015,0.008,0.014,0.000,0.000,-0.000,-0.12000,0.02673,0.12000,0.00000,0.00000,0.00000,0,1.000
156615,-3.2059,0.1114,3.0981,0.434,-0.065,-0.459,0.012,0.007,0.021,0.000,0.000,-0.000,-0.12000,0.02354,0.12000,0.00000,0.00000,0.00000,0,1.000
156622,-3.1957,0.1076,3.0917,0.406,-0.031,-0.253,0.010,0.001,0.028,0.000,0.000,0.000,-0.12000,0.02091,0.12000,0.00000,0.00000,0.00000,0,1.000
156630,-3.1880,0.1047,3.0867,0.463,0.013,-0.036,0.008,-0.010,0.017,0.000,0.000,0.000,-0.12000,0.01714,0.12000,0.00000,0.00000,0.00000,0,1.000
156638,-3.1800,0.1024,3.0809,0.540,0.325,0.103,0.006,-0.010,-0.007,0.000,0.000,0.000,-0.12000,0.02062,0.12000,0.00000,0.00000,0.00000,0,1.000
156645,-3.1743,0.1040,3.0738,0.461,0.428,0.291,0.002,-0.030,-0.017,0.000,0.000,0.000,-0.12000,0.01912,0.12000,0.00000,0.00000,0.00000,0,1.000
156653,-3.1728,0.1074,3.0689,0.327,0.443,0.305,-0.017,-0.037,-0.015,0.000,0.000,0.000,-0.12000,0.02039,0.12000,0.00000,0.00000,0.00000,0,1.000
156661,-3.1706,0.1088,3.0653,0.383,0.487,0.521,-0.005,-0.031,-0.020,0.000,0.000,-0.000,-0.12000,0.01980,0.12000,0.00000,0.00000,0.00000,0,1.000
156668,-3.1689,0.1120,3.0604,0.257,0.416,0.190,0.001,-0.015,-0.025,0.000,0.000,-0.000,-0.12000,0.02523,0.12000,0.00000,0.00000,0.00000,0,1.000
156676,-3.1674,0.1120,3.0590,0.093,0.464,0.411,-0.013,0.005,-0.019,0.000,0.000,-0.000,-0.12000,0.02879,0.12000,0.00000,0.00000,0.00000,0,1.000
156684,-3.1679,0.1099,3.0615,-0.168,0.320,0.182,-0.019,0.026,-0.015,0.000,0.000,-0.000,-0.12000,0.03296,0.12000,0.00000,0.00000,0.00000,0,1.000
156692,-3.1704,0.1075,3.0664,-0.373,0.178,0.213,-0.006,0.035,-0.001,0.000,0.000,-0.000,-0.12000,0.03226,0.12000,0.00000,0.00000,0.00000,0,1.000
156699,-3.1733,0.1056,3.0712,-0.274,0.084,0.206,-0.016,0.044,0.003,0.000,0.000,-0.000,-0.12000,0.03025,0.12000,0.00000,0.00000,0.00000,0,1.000
156707,-3.1778,0.1087,3.0726,-0.608,0.285,0.234,-0.006,0.036,0.033,0.000,0.000,-0.000,-0.12000,0.03622,0.12000,0.00000,0.00000,0.00000,0,1.000
156715,-3.1851,0.1117,3.0770,-0.494,0.261,0.039,0.016,0.037,0.033,0.000,0.000,-0.000,-0.12000,0.03714,0.12000,0.00000,0.00000,0.00000,0,1.000
156722,-3.1907,0.1171,3.0773,-0.266,-0.002,-0.138,-0.000,0.017,0.037,0.000,0.000,0.000,-0.12000,0.03070,0.12000,0.00000,0.00000,0.00000,0,1.000
156730,-3.1978,0.1193,3.0823,-0.466,0.098,-0.038,0.019,-0.007,0.034,0.000,0.000,0.000,-0.12000,0.02987,0.12000,0.00000,0.00000,0.00000,0,1.000
156737,-3.2043,0.1203,3.0879,-0.352,-0.184,0.025,0.010,0.005,0.027,0.000,0.000,0.000,-0.12000,0.02549,0.12000,0.00000,0.00000,0.00000,0,1.000
156745,-3.2096,0.1226,3.0909,-0.253,-0.061,-0.197,0.005,-0.002,0.018,0.000,0.000,0.000,-0.12000,0.02806,0.12000,0.00000,0.00000,0.00000,0,1.000
156753,-3.2123,0.1272,3.0891,-0.175,-0.335,-0.213,0.004,-0.021,0.000,0.000,0.000,0.000,-0.12000,0.02078,0.12000,0.00000,0.00000,0.00000,0,1.000
156760,-3.2168,0.1329,3.0880,-0.005,-0.098,-0.408,0.010,-0.032,-0.004,0.000,0.000,0.000,-0.12000,0.02502,0.12000,0.00000,0.00000,0.00000,0,1.000
156768,-3.2220,0.1409,3.0855,0.015,0.128,-0.442,0.002,-0.037,-0.025,0.000,0.000,0.000,-0.12000,0.03046,0.12000,0.00000,0.00000,0.00000,0,1.000
156776,-3.2269,0.1460,3.0854,-0.000,0.188,-0.382,0.005,-0.038,-0.021,0.000,0.000,0.000,-0.12000,0.03222,0.12000,0.00000,0.00000,0.00000,0,1.000
156784,-3.2298,0.1489,3.0855,0.140,0.243,-0.154,-0.004,-0.031,-0.038,0.000,0.000,-0.000,-0.12000,0.03150,0.12000,0.00000,0.00000,0.00000,0,1.000
156791,-3.2303,0.1472,3.0877,0.289,-0.177,0.117,-0.008,-0.023,-0.039,0.000,0.000,-0.000,-0.12000,0.02101,0.12000,0.00000,0.00000,0.00000,0,1.000
156799,-3.2245,0.1433,3.0857,0.416,0.455,-0.114,-0.005,-0.010,-0.044,0.000,0.000,-0.000,-0.12000,0.03444,0.12000,0.00000,0.00000,0.00000,0,1.000
156807,-3.2196,0.1415,3.0825,0.756,0.151,0.273,-0.003,-0.006,-0.045,0.000,0.000,-0.000,-0.12000,0.02309,0.12000,0.00000,0.00000,0.00000,0,1.000
156814,-3.2137,0.1387,3.0793,0.827,0.221,0.343,-0.011,0.007,-0.026,0.000,0.000,-0.000,-0.12000,0.02468,0.12000,0.00000,0.00000,0.00000,0,1.000
156822,-3.2074,0.1366,3.0751,1.062,0.373,0.062,-0.013,0.015,-0.014,0.000,0.000,-0.000,-0.12000,0.02859,0.12000,0.00000,0.00000,0.00000,0,1.000
156830,-3.2032,0.1355,3.0719,1.098,0.278,0.227,-0.018,-0.003,0.014,0.000,0.000,-0.000,-0.12000,0.02205,0.12000,0.00000,0.00000,0.00000,0,1.000
156837,-3.1970,0.1338,3.0674,0.963,0.465,0.069,-0.003,0.021,0.016,0.000,0.000,-0.000,-0.12000,0.03114,0.12000,0.00000,0.00000,0.00000,0,1.000
156845,-3.1947,0.1332,3.0657,0.614,0.553,0.330,0.002,0.031,0.035,0.000,0.000,-0.000,-0.12000,0.03458,0.12000,0.00000,0.00000,0.00000,0,1.000
156853,-3.1895,0.1277,3.0658,0.488,0.395,0.086,0.004,0.023,0.035,0.000,0.000,-0.000,-0.12000,0.03265,0.12000,0.00000,0.00000,0.00000,0,1.000
156861,-3.1851,0.1245,3.0646,0.064,0.213,0.163,0.019,0.034,0.053,0.000,0.000,-0.000,-0.12000,0.03283,0.12000,0.00000,0.00000,0.00000,0,1.000
156868,-3.1824,0.1228,3.0634,-0.042,-0.022,0.187,0.036,0.032,0.041,0.000,0.000,0.000,-0.12000,0.02859,0.12000,0.00000,0.00000,0.00000,0,1.000
156876,-3.1746,0.1194,3.0590,-0.055,0.037,0.246,0.021,0.036,0.036,0.000,0.000,0.000,-0.12000,0.02912,0.12000,0.00000,0.00000,0.00000,0,1.000
156883,-3.1695,0.1184,3.0549,-0.380,-0.064,0.144,0.033,0.037,0.020,0.000,0.000,0.000,-0.12000,0.03076,0.12000,0.00000,0.00000,0.00000,0,1.000
156891,-3.1679,0.1194,3.0523,-0.359,-0.012,0.282,0.011,0.021,0.008,0.000,0.000,0.000,-0.12000,0.02888,0.12000,0.00000,0.00000,0.00000,0,1.000
156899,-3.1674,0.1186,3.0526,-0.514,0.123,-0.015,0.014,-0.010,0.002,0.000,0.000,0.000,-0.12000,0.03010,0.12000,0.00000,0.00000,0.00000,0,1.000
156907,-3.1713,0.1235,3.0516,-0.068,0.227,0.175,0.016,-0.026,-0.010,0.000,0.000,0.000,-0.12000,0.02534,0.12000,0.00000,0.00000,0.00000,0,1.000
156915,-3.1744,0.1212,3.0571,-0.579,0.121,0.157,0.007,-0.038,-0.026,0.000,0.000,0.000,-0.12000,0.02615,0.12000,0.00000,0.00000,0.00000,0,1.000
156923,-3.1790,0.1192,3.0635,-0.579,0.121,0.158,-0.017,-0.045,-0.027,0.000,0.000,0.000,-0.12000,0.02520,0.12000,0.00000,0.00000,0.00000,0,1.000
156930,-3.1870,0.1161,3.0746,-0.870,0.054,0.092,-0.027,-0.036,-0.012,0.000,0.000,0.000,-0.12000,0.02710,0.12000,0.00000,0.00000,0.00000,0,1.000
156938,-3.1924,0.1147,3.0814,-0.891,-0.214,0.170,-0.035,-0.026,-0.025,0.000,0.000,-0.000,-0.12000,0.02269,0.12000,0.00000,0.00000,0.00000,0,1.000
156946,-3.1990,0.1197,3.0831,-0.721,-0.021,0.018,-0.023,-0.009,-0.011,0.000,0.000,-0.000,-0.12000,0.02953,0.12000,0.00000,0.00000,0.00000,0,1.000
156953,-3.2050,0.1244,3.0845,-0.715,0.178,0.130,-0.036,0.011,-0.003,0.000,0.000,-0.000,-0.12000,0.03629,0.12000,0.00000,0.00000,0.00000,0,1.000
156961,-3.2106,0.1328,3.0819,-0.609,0.285,0.235,-0.024,0.006,0.001,0.000,0.000,-0.000,-0.12000,0.03740,0.12000,0.00000,0.00000,0.00000,0,1.000
156969,-3.2193,0.1415,3.0822,-0.610,0.631,-0.110,-0.032,0.012,0.002,0.000,0.000,-0.000,-0.12000,0.04926,0.12000,0.00000,0.00000,0.00000,0,1.000
156977,-3.2265,0.1478,3.0832,-0.575,0.752,-0.161,-0.013,0.026,0.003,0.000,0.000,-0.000,-0.12000,0.05494,0.12000,0.00000,0.00000,0.00000,0,1.000
156984,-3.2331,0.1502,3.0875,-0.262,0.456,-0.283,0.009,0.029,-0.006,0.000,0.000,-0.000,-0.12000,0.04873,0.12000,0.00000,0.00000,0.00000,0,1.000
156992,-3.2366,0.1512,3.0900,-0.156,0.475,-0.091,0.009,0.042,-0.016,0.000,0.000,-0.000,-0.12000,0.04815,0.12000,0.00000,0.00000,0.00000,0,1.000
157000,-3.2402,0.1566,3.0884,-0.113,0.209,-0.185,0.025,0.045,-0.017,0.000,0.000,-0.000,-0.12000,0.04506,0.12000,0.00000,0.00000,0.00000,0,1.000
157007,-3.2440,0.1612,3.0877,-0.034,0.021,-0.287,0.032,0.023,-0.006,0.000,0.000,-0.000,-0.12000,0.04046,0.12000,0.00000,0.00000,0.00000,0,1.000
157015,-3.2465,0.1645,3.0870,0.057,0.316,-0.250,0.038,0.011,0.010,0.000,0.000,-0.000,-0.12000,0.04350,0.12000,0.00000,0.00000,0.00000,0,1.000
157023,-3.2475,0.1693,3.0834,0.206,0.199,-0.282,0.022,-0.010,0.003,0.000,0.000,-0.000,-0.12000,0.03805,0.12000,0.00000,0.00000,0.00000,0,1.000
157031,-3.2493,0.1755,3.0791,0.347,0.383,-0.184,0.028,-0.024,-0.010,0.000,0.000,-0.000,-0.12000,0.03869,0.12000,0.00000,0.00000,0.00000,0,1.000
157039,-3.2508,0.1833,3.0730,0.376,0.221,-0.262,0.019,-0.042,0.001,0.000,0.000,-0.000,-0.12000,0.03588,0.12000,0.00000,0.00000,0.00000,0,1.000
157047,-3.2492,0.1881,3.0667,0.276,0.142,-0.083,0.006,-0.035,-0.008,0.000,0.000,-0.000,-0.12000,0.03547,0.12000,0.00000,0.00000,0.00000,0,1.000
157054,-3.2475,0.1942,3.0591,0.282,0.125,0.244,-0.005,-0.039,-0.007,0.000,0.000,-0.000,-0.12000,0.03331,0.12000,0.00000,0.00000,0.00000,0,1.000
157062,-3.2467,0.1972,3.0553,0.112,0.062,0.266,-0.014,-0.023,-0.003,0.000,0.000,-0.000,-0.12000,0.03582,0.12000,0.00000,0.00000,0.00000,0,1.000
157070,-3.2418,0.1935,3.0541,0.432,-0.122,0.341,-0.020,0.001,0.003,0.000,0.000,-0.000,-0.12000,0.03221,0.12000,0.00000,0.00000,0.00000,0,1.000
157077,-3.2399,0.1927,3.0530,0.213,-0.117,0.345,-0.027,0.022,0.014,0.000,0.000,-0.000,-0.12000,0.03701,0.12000,0.00000,0.00000,0.00000,0,1.000
157085,-3.2386,0.1911,3.0532,0.142,-0.274,0.361,-0.020,0.029,0.030,0.000,0.000,-0.000,-0.12000,0.03521,0.12000,0.00000,0.00000,0.00000,0,1.000
157093,-3.2390,0.1870,3.0576,0.113,-0.370,0.697,-0.017,0.014,0.020,0.000,0.000,-0.000,-0.12000,0.02798,0.12000,0.00000,0.00000,0.00000,0,1.000
157101,-3.2421,0.1845,3.0631,-0.107,-0.107,0.443,0.005,0.017,0.024,0.000,0.000,-0.000,-0.12000,0.03656,0.12000,0.00000,0.00000,0.00000,0,1.000
157109,-3.2411,0.1798,3.0667,-0.028,-0.382,0.427,-0.007,0.025,0.006,0.000,0.000,0.000,-0.12000,0.03129,0.12000,0.00000,0.00000,0.00000,0,1.000
157116,-3.2403,0.1762,3.0694,0.057,-0.069,0.135,0.014,0.002,-0.001,0.000,0.000,0.000,-0.12000,0.03439,0.12000,0.00000,0.00000,0.00000,0,1.000
157124,-3.2382,0.1717,3.0716,0.298,-0.194,0.442,0.011,-0.017,-0.009,0.000,0.000,-0.000,-0.12000,0.02372,0.12000,0.00000,0.00000,0.00000,0,1.000
157132,-3.2345,0.1660,3.0735,0.533,-0.173,0.292,0.011,-0.010,-0.008,0.000,0.000,-0.000,-0.12000,0.02329,0.12000,0.00000,0.00000,0.00000,0,1.000
157139,-3.2294,0.1587,3.0755,0.448,-0.098,0.195,0.003,-0.003,-0.016,0.000,0.000,-0.000,-0.12000,0.02571,0.12000,0.00000,0.00000,0.00000,0,1.000
157147,-3.2267,0.1524,3.0790,0.398,0.056,0.091,0.018,-0.004,-0.023,0.000,0.000,-0.000,-0.12000,0.02839,0.12000,0.00000,0.00000,0.00000,0,1.000
157155,-3.2286,0.1491,3.0840,0.412,-0.047,0.075,0.013,0.003,-0.015,0.000,0.000,-0.000,-0.12000,0.02695,0.12000,0.00000,0.00000,0.00000,0,1.000
157162,-3.2330,0.1490,3.0886,0.134,0.197,0.320,0.013,0.003,0.001,0.000,0.000,-0.000,-0.12000,0.03160,0.12000,0.00000,0.00000,0.00000,0,1.000
157170,-3.2349,0.1488,3.0906,0.318,0.158,0.281,0.009,0.003,0.005,0.000,0.000,-0.000,-0.12000,0.02965,0.12000,0.00000,0.00000,0.00000,0,1.000
157178,-3.2355,0.1487,3.0913,0.121,-0.070,-0.033,0.014,-0.006,0.001,0.000,0.000,-0.000,-0.12000,0.02835,0.12000,0.00000,0.00000,0.00000,0,1.000
157185,-3.2330,0.1446,3.0929,0.186,-0.070,-0.205,-0.002,-0.000,0.001,0.000,0.000,-0.000,-0.12000,0.02930,0.12000,0.00000,0.00000,0.00000,0,1.000
157193,-3.2311,0.1450,3.0905,0.277,0.312,-0.254,-0.008,0.004,0.005,0.000,0.000,-0.000,-0.12000,0.03666,0.12000,0.00000,0.00000,0.00000,0,1.000
157201,-3.2305,0.1477,3.0873,0.370,0.150,-0.503,-0.024,0.010,0.006,0.000,0.000,-0.000,-0.12000,0.03663,0.12000,0.00000,0.00000,0.00000,0,1.000
157208,-3.2278,0.1492,3.0832,0.221,0.225,-0.428,-0.018,-0.004,0.006,0.000,0.000,-0.000,-0.12000,0.03661,0.12000,0.00000,0.00000,0.00000,0,1.000
157216,-3.2288,0.1491,3.0842,0.297,0.407,-0.159,-0.008,-0.002,-0.006,0.000,0.000,-0.000,-0.12000,0.03735,0.12000,0.00000,0.00000,0.00000,0,1.000
157224,-3.2251,0.1462,3.0835,0.262,0.328,-0.151,-0.023,-0.009,-0.019,0.000,0.000,-0.000,-0.12000,0.03452,0.12000,0.00000,0.00000,0.00000,0,1.000
157231,-3.2209,0.1474,3.0781,0.298,0.148,0.100,-0.003,-0.006,-0.012,0.000,0.000,-0.000,-0.12000,0.02950,0.12000,0.00000,0.00000,0.00000,0,1.000
157239,-3.2121,0.1441,3.0724,0.483,0.324,-0.156,-0.006,-0.015,-0.020,0.000,0.000,-0.000,-0.12000,0.03126,0.12000,0.00000,0.00000,0.00000,0,1.000
157247,-3.2045,0.1391,3.0698,0.299,0.233,0.013,-0.005,-0.007,-0.020,0.000,0.000,-0.000,-0.12000,0.02987,0.12000,0.00000,0.00000,0.00000,0,1.000
157254,-3.2000,0.1385,3.0658,0.625,0.334,0.114,0.000,-0.000,-0.014,0.000,0.000,-0.000,-0.12000,0.02904,0.12000,0.00000,0.00000,0.00000,0,1.000
157262,-3.2010,0.1406,3.0647,0.440,0.374,0.154,0.009,0.011,-0.022,0.000,0.000,-0.000,-0.12000,0.03318,0.12000,0.00000,0.00000,0.00000,0,1.000
157270,-3.2030,0.1457,3.0618,0.328,0.200,-0.194,0.009,-0.008,-0.021,0.000,0.000,-0.000,-0.12000,0.03184,0.12000,0.00000,0.00000,0.00000,0,1.000
157277,-3.2050,0.1507,3.0589,0.214,0.095,0.132,0.026,0.017,-0.004,0.000,0.000,-0.000,-0.12000,0.03306,0.12000,0.00000,0.00000,0.00000,0,1.000
157285,-3.2122,0.1569,3.0601,-0.028,0.134,-0.089,0.019,0.012,0.009,0.000,0.000,-0.000,-0.12000,0.03830,0.12000,0.00000,0.00000,0.00000,0,1.000
157293,-3.2148,0.1595,3.0601,-0.283,0.103,-0.119,0.014,0.011,0.017,0.000,0.000,-0.000,-0.12000,0.04048,0.12000,0.00000,0.00000,0.00000,0,1.000
157301,-3.2157,0.1638,3.0568,-0.128,0.054,0.091,0.018,-0.005,0.017,0.000,0.000,-0.000,-0.12000,0.03487,0.12000,0.00000,0.00000,0.00000,0,1.000
157308,-3.2141,0.1639,3.0551,-0.318,0.111,-0.198,0.015,-0.002,0.013,0.000,0.000,-0.000,-0.12000,0.04032,0.12000,0.00000,0.00000,0.00000,0,1.000
157316,-3.2124,0.1657,3.0517,-0.212,0.130,-0.007,-0.008,-0.009,0.031,0.000,0.000,-0.000,-0.12000,0.03756,0.12000,0.00000,0.00000,0.00000,0,1.000
157324,-3.2097,0.1633,3.0513,-0.097,-0.196,0.099,-0.012,-0.008,0.030,0.000,0.000,-0.000,-0.12000,0.02941,0.12000,0.00000,0.00000,0.00000,0,1.000
157332,-3.2043,0.1591,3.0500,-0.076,-0.187,0.280,-0.027,-0.003,0.017,0.000,0.000,-0.000,-0.12000,0.02797,0.12000,0.00000,0.00000,0.00000,0,1.000
157339,-3.2027,0.1574,3.0502,-0.005,-0.203,0.437,-0.035,-0.009,0.003,0.000,0.000,-0.000,-0.12000,0.02447,0.12000,0.00000,0.00000,0.00000,0,1.000
157347,-3.2019,0.1560,3.0506,0.086,0.049,0.516,-0.021,0.000,-0.004,0.000,0.000,-0.000,-0.12000,0.02882,0.12000,0.00000,0.00000,0.00000,0,1.000
157355,-3.2054,0.1554,3.0548,0.036,0.074,0.541,-0.018,-0.006,-0.017,0.000,0.000,-0.000,-0.12000,0.02836,0.12000,0.00000,0.00000,0.00000,0,1.000
157362,-3.2106,0.1589,3.0565,-0.014,0.186,0.480,-0.009,0.004,-0.027,0.000,0.000,-0.000,-0.12000,0.03360,0.12000,0.00000,0.00000,0.00000,0,1.000
157370,-3.2166,0.1595,3.0619,-0.050,0.065,0.531,-0.002,-0.003,-0.031,0.000,0.000,-0.000,-0.12000,0.03033,0.12000,0.00000,0.00000,0.00000,0,1.000
157378,-3.2193,0.1590,3.0651,0.041,0.360,0.568,0.016,0.007,-0.020,0.000,0.000,-0.000,-0.12000,0.03603,0.12000,0.00000,0.00000,0.00000,0,1.000
157385,-3.2221,0.1578,3.0691,0.064,0.127,0.249,0.008,0.005,-0.015,0.000,0.000,-0.000,-0.12000,0.03379,0.12000,0.00000,0.00000,0.00000,0,1.000
157393,-3.2285,0.1560,3.0773,0.233,0.104,0.314,0.021,-0.000,-0.013,0.000,0.000,-0.000,-0.12000,0.03005,0.12000,0.00000,0.00000,0.00000,0,1.000
157400,-3.2314,0.1537,3.0823,-0.022,-0.013,0.370,0.013,-0.000,-0.002,0.000,0.000,-0.000,-0.12000,0.02916,0.12000,0.00000,0.00000,0.00000,0,1.000
157409,-3.2366,0.1533,3.0880,0.197,0.026,0.323,0.015,0.002,0.012,0.000,0.000,-0.000,-0.12000,0.02860,0.12000,0.00000,0.00000,0.00000,0,1.000
157416,-3.2393,0.1546,3.0895,0.197,0.069,0.280,0.023,0.003,0.014,0.000,0.000,-0.000,-0.12000,0.03015,0.12000,0.00000,0.00000,0.00000,0,1.000
157424,-3.2418,0.1566,3.0900,0.041,0.032,0.156,0.015,0.028,0.022,0.000,0.000,-0.000,-0.12000,0.03594,0.12000,0.00000,0.00000,0.00000,0,1.000
157432,-3.2419,0.1556,3.0910,0.070,0.127,-0.180,0.007,0.019,0.038,0.000,0.000,-0.000,-0.12000,0.03883,0.12000,0.00000,0.00000,0.00000,0,1.000
157439,-3.2400,0.1544,3.0903,0.070,0.084,-0.137,-0.017,0.004,0.015,0.000,0.000,-0.000,-0.12000,0.03528,0.12000,0.00000,0.00000,0.00000,0,1.000
157447,-3.2346,0.1502,3.0890,0.262,0.199,-0.021,-0.016,0.008,-0.006,0.000,0.000,-0.000,-0.12000,0.03452,0.12000,0.00000,0.00000,0.00000,0,1.000
157455,-3.2273,0.1484,3.0835,0.447,0.073,0.025,-0.021,-0.004,-0.001,0.000,0.000,-0.000,-0.12000,0.02807,0.12000,0.00000,0.00000,0.00000,0,1.000
157462,-3.2225,0.1441,3.0829,0.539,0.195,0.234,-0.029,0.012,-0.029,0.000,0.000,-0.000,-0.12000,0.02949,0.12000,0.00000,0.00000,0.00000,0,1.000
157470,-3.2165,0.1404,3.0805,0.659,0.284,0.237,-0.015,-0.002,-0.020,0.000,0.000,-0.000,-0.12000,0.02692,0.12000,0.00000,0.00000,0.00000,0,1.000
157477,-3.2072,0.1396,3.0719,0.972,0.445,0.397,-0.001,-0.020,-0.028,0.000,0.000,-0.000,-0.12000,0.02306,0.12000,0.00000,0.00000,0.00000,0,1.000
157485,-3.2048,0.1426,3.0667,0.561,0.248,0.371,-0.006,-0.019,-0.023,0.000,0.000,-0.000,-0.12000,0.02377,0.12000,0.00000,0.00000,0.00000,0,1.000
157493,-3.2053,0.1443,3.0655,0.631,0.146,0.614,0.007,-0.008,-0.021,0.000,0.000,-0.000,-0.12000,0.02134,0.12000,0.00000,0.00000,0.00000,0,1.000
157501,-3.2072,0.1471,3.0646,0.106,0.058,0.698,0.026,-0.005,-0.011,0.000,0.000,-0.000,-0.12000,0.02442,0.12000,0.00000,0.00000,0.00000,0,1.000
157508,-3.2125,0.1525,3.0646,-0.311,-0.122,0.345,0.016,-0.002,0.009,0.000,0.000,-0.000,-0.12000,0.02916,0.12000,0.00000,0.00000,0.00000,0,1.000
157516,-3.2184,0.1565,3.0667,-0.496,0.048,0.255,0.017,0.014,0.017,0.000,0.000,-0.000,-0.12000,0.03795,0.12000,0.00000,0.00000,0.00000,0,1.000
157524,-3.2272,0.1568,3.0752,-0.582,-0.006,0.288,0.024,-0.006,0.026,0.000,0.000,-0.000,-0.12000,0.03419,0.12000,0.00000,0.00000,0.00000,0,1.000
157531,-3.2343,0.1569,3.0822,-0.624,-0.154,0.055,-0.003,-0.010,0.044,0.000,0.000,-0.000,-0.12000,0.03319,0.12000,0.00000,0.00000,0.00000,0,1.000
157539,-3.2380,0.1553,3.0875,-0.559,-0.282,0.013,-0.013,-0.007,0.044,0.000,0.000,-0.000,-0.12000,0.03082,0.12000,0.00000,0.00000,0.00000,0,1.000
157547,-3.2438,0.1556,3.0929,-0.334,-0.217,0.251,-0.019,-0.019,0.031,0.000,0.000,0.000,-0.12000,0.02655,0.12000,0.00000,0.00000,0.00000,0,1.000
157555,-3.2425,0.1513,3.0958,-0.134,-0.317,0.152,-0.020,-0.017,0.012,0.000,0.000,0.000,-0.12000,0.02330,0.12000,0.00000,0.00000,0.00000,0,1.000
157563,-3.2411,0.1522,3.0936,0.057,0.187,-0.121,-0.011,-0.014,0.004,0.000,0.000,0.000,-0.12000,0.03377,0.12000,0.00000,0.00000,0.00000,0,1.000
157570,-3.2381,0.1504,3.0923,0.412,0.039,-0.011,-0.024,-0.020,-0.020,0.000,0.000,0.000,-0.12000,0.02610,0.12000,0.00000,0.00000,0.00000,0,1.000
157578,-3.2336,0.1475,3.0906,0.588,0.430,-0.050,-0.019,-0.006,-0.033,0.000,0.000,0.000,-0.12000,0.03353,0.12000,0.00000,0.00000,0.00000,0,1.000
157586,-3.2308,0.1486,3.0868,0.653,0.518,-0.308,-0.009,-0.002,-0.035,0.000,0.000,-0.000,-0.12000,0.03754,0.12000,0.00000,0.00000,0.00000,0,1.000
157593,-3.2269,0.1487,3.0828,0.738,0.399,-0.168,0.009,0.003,-0.034,0.000,0.000,-0.000,-0.12000,0.03439,0.12000,0.00000,0.00000,0.00000,0,1.000
157601,-3.2251,0.1521,3.0776,0.767,0.365,-0.375,0.017,0.023,-0.038,0.000,0.000,-0.000,-0.12000,0.03887,0.12000,0.00000,0.00000,0.00000,0,1.000
157609,-3.2254,0.1570,3.0732,0.468,0.515,-0.225,0.012,0.038,-0.017,0.000,0.000,-0.000,-0.12000,0.04560,0.12000,0.00000,0.00000,0.00000,0,1.000
157617,-3.2269,0.1621,3.0696,0.156,0.440,-0.473,0.040,0.023,0.001,0.000,0.000,-0.000,-0.12000,0.04808,0.12000,0.00000,0.00000,0.00000,0,1.000
157625,-3.2268,0.1651,3.0667,-0.134,0.460,-0.626,0.040,0.027,0.011,0.000,0.000,-0.000,-0.12000,0.05325,0.12000,0.00000,0.00000,0.00000,0,1.000
157633,-3.2279,0.1670,3.0660,-0.398,0.429,-0.225,0.039,0.028,0.026,0.000,0.000,-0.000,-0.12000,0.05204,0.12000,0.00000,0.00000,0.00000,0,1.000
157640,-3.2249,0.1701,3.0599,-0.298,0.249,-0.146,0.032,0.023,0.042,0.000,0.000,-0.000,-0.12000,0.04729,0.12000,0.00000,0.00000,0.00000,0,1.000
157648,-3.2237,0.1715,3.0574,-0.476,0.358,0.135,0.016,0.002,0.028,0.000,0.000,-0.000,-0.12000,0.04562,0.12000,0.00000,0.00000,0.00000,0,1.000
157655,-3.2218,0.1733,3.0537,-0.261,0.155,0.018,-0.014,-0.010,0.041,0.000,0.000,-0.000,-0.12000,0.03963,0.12000,0.00000,0.00000,0.00000,0,1.000
157663,-3.2213,0.1738,3.0528,-0.197,0.027,-0.024,-0.021,-0.009,0.020,0.000,0.000,0.000,-0.12000,0.03737,0.12000,0.00000,0.00000,0.00000,0,1.000
157671,-3.2209,0.1746,3.0515,-0.184,0.295,0.330,-0.042,-0.042,0.015,0.000,0.000,0.000,-0.12000,0.03532,0.12000,0.00000,0.00000,0.00000,0,1.000
157679,-3.2226,0.1751,3.0527,-0.149,0.287,0.408,-0.057,-0.054,0.017,0.000,0.000,0.000,-0.12000,0.03345,0.12000,0.00000,0.00000,0.00000,0,1.000
157686,-3.2244,0.1739,3.0557,0.036,0.075,0.541,-0.037,-0.063,-0.006,0.000,0.000,0.000,-0.12000,0.02619,0.12000,0.00000,0.00000,0.00000,0,1.000
157694,-3.2269,0.1721,3.0600,-0.085,-0.058,0.582,-0.042,-0.057,0.005,0.000,0.000,0.000,-0.12000,0.02439,0.12000,0.00000,0.00000,0.00000,0,1.000
157701,-3.2317,0.1721,3.0648,-0.232,-0.354,0.286,-0.027,-0.035,-0.013,0.000,0.000,0.000,-0.12000,0.02454,0.12000,0.00000,0.00000,0.00000,0,1.000
157709,-3.2390,0.1801,3.0643,-0.274,-0.414,-0.035,-0.008,-0.007,-0.011,0.000,0.000,0.000,-0.12000,0.03182,0.12000,0.00000,0.00000,0.00000,0,1.000
157717,-3.2435,0.1826,3.0663,-0.409,-0.226,-0.192,0.009,-0.011,-0.020,0.000,0.000,0.000,-0.12000,0.03756,0.12000,0.00000,0.00000,0.00000,0,1.000
157725,-3.2492,0.1878,3.0670,-0.510,-0.047,-0.272,0.019,0.024,-0.009,0.000,0.000,-0.000,-0.12000,0.04883,0.12000,0.00000,0.00000,0.00000,0,1.000
157733,-3.2508,0.1894,3.0671,-0.304,0.139,-0.345,0.036,0.020,-0.006,0.000,0.000,-0.000,-0.12000,0.05074,0.12000,0.00000,0.00000,0.00000,0,1.000
157740,-3.2532,0.1897,3.0691,0.085,0.198,-0.372,0.036,0.028,-0.003,0.000,0.000,-0.000,-0.12000,0.04992,0.12000,0.00000,0.00000,0.00000,0,1.000
157748,-3.2515,0.1874,3.0698,0.156,0.096,-0.129,0.037,0.041,-0.022,0.000,0.000,-0.000,-0.12000,0.04632,0.12000,0.00000,0.00000,0.00000,0,1.000
157756,-3.2516,0.1838,3.0733,0.135,0.172,-0.396,0.016,0.040,-0.002,0.000,0.000,-0.000,-0.12000,0.04935,0.12000,0.00000,0.00000,0.00000,0,1.000
157763,-3.2549,0.1856,3.0749,0.276,0.055,0.004,-0.003,0.021,-0.012,0.000,0.000,-0.000,-0.12000,0.04090,0.12000,0.00000,0.00000,0.00000,0,1.000
157771,-3.2533,0.1856,3.0733,0.495,-0.036,0.086,-0.020,0.024,-0.007,0.000,0.000,-0.000,-0.12000,0.03715,0.12000,0.00000,0.00000,0.00000,0,1.000
157779,-3.2544,0.1861,3.0738,0.225,-0.093,0.202,0.002,0.008,-0.014,0.000,0.000,-0.000,-0.12000,0.03513,0.12000,0.00000,0.00000,0.00000,0,1.000
157786,-3.2555,0.1864,3.0746,0.005,-0.131,0.249,-0.015,-0.009,-0.006,0.000,0.000,-0.000,-0.12000,0.03328,0.12000,0.00000,0.00000,0.00000,0,1.000
157794,-3.2539,0.1862,3.0732,0.020,-0.105,0.103,-0.017,-0.013,0.010,0.000,0.000,-0.000,-0.12000,0.03407,0.12000,0.00000,0.00000,0.00000,0,1.000
157802,-3.2510,0.1836,3.0729,-0.056,-0.159,-0.296,-0.023,-0.034,0.023,0.000,0.000,-0.000,-0.12000,0.03376,0.12000,0.00000,0.00000,0.00000,0,1.000
157809,-3.2471,0.1781,3.0743,0.015,-0.003,-0.312,-0.016,-0.036,0.012,0.000,0.000,-0.000,-0.12000,0.03482,0.12000,0.00000,0.00000,0.00000,0,1.000
157817,-3.2386,0.1704,3.0733,0.335,-0.015,-0.409,-0.020,-0.031,0.022,0.000,0.000,-0.000,-0.12000,0.03170,0.12000,0.00000,0.00000,0.00000,0,1.000
157825,-3.2345,0.1622,3.0772,0.370,-0.024,-0.330,0.004,-0.032,0.035,0.000,0.000,-0.000,-0.12000,0.02853,0.12000,0.00000,0.00000,0.00000,0,1.000
157832,-3.2309,0.1581,3.0776,0.171,0.032,-0.187,0.004,-0.028,0.005,0.000,0.000,0.000,-0.12000,0.02973,0.12000,0.00000,0.00000,0.00000,0,1.000
157840,-3.2271,0.1594,3.0726,0.192,0.171,-0.135,0.035,-0.021,0.005,0.000,0.000,0.000,-0.12000,0.03271,0.12000,0.00000,0.00000,0.00000,0,1.000
157848,-3.2201,0.1578,3.0671,0.278,0.138,-0.082,0.034,0.013,-0.013,0.000,0.000,0.000,-0.12000,0.03601,0.12000,0.00000,0.00000,0.00000,0,1.000
157856,-3.2166,0.1630,3.0586,0.222,0.137,-0.342,0.036,0.015,-0.016,0.000,0.000,-0.000,-0.12000,0.04011,0.12000,0.00000,0.00000,0.00000,0,1.000
157864,-3.2193,0.1699,3.0545,0.058,0.229,-0.165,0.042,0.027,-0.023,0.000,0.000,-0.000,-0.12000,0.04473,0.12000,0.00000,0.00000,0.00000,0,1.000
157871,-3.2202,0.1741,3.0513,-0.197,0.371,-0.368,0.042,0.025,-0.017,0.000,0.000,-0.000,-0.12000,0.05181,0.12000,0.00000,0.00000,0.00000,0,1.000
157879,-3.2205,0.1762,3.0497,0.008,0.297,-0.183,0.031,0.037,-0.019,0.000,0.000,-0.000,-0.12000,0.04899,0.12000,0.00000,0.00000,0.00000,0,1.000
157887,-3.2200,0.1791,3.0463,-0.226,0.491,-0.248,0.030,0.017,-0.009,0.000,0.000,-0.000,-0.12000,0.05316,0.12000,0.00000,0.00000,0.00000,0,1.000
157894,-3.2184,0.1794,3.0444,-0.012,0.202,-0.278,0.003,0.017,-0.008,0.000,0.000,-0.000,-0.12000,0.04649,0.12000,0.00000,0.00000,0.00000,0,1.000
157902,-3.2192,0.1800,3.0446,-0.381,0.237,-0.156,-0.011,0.011,-0.003,0.000,0.000,-0.000,-0.12000,0.04846,0.12000,0.00000,0.00000,0.00000,0,1.000
157910,-3.2216,0.1828,3.0442,-0.332,0.169,-0.138,-0.042,-0.003,-0.005,0.000,0.000,-0.000,-0.12000,0.04506,0.12000,0.00000,0.00000,0.00000,0,1.000
157918,-3.2209,0.1843,3.0421,-0.331,-0.046,0.077,-0.040,-0.020,0.015,0.000,0.000,-0.000,-0.12000,0.03701,0.12000,0.00000,0.00000,0.00000,0,1.000
157926,-3.2203,0.1849,3.0409,-0.466,0.055,0.005,-0.038,-0.018,0.014,0.000,0.000,-0.000,-0.12000,0.04097,0.12000,0.00000,0.00000,0.00000,0,1.000
157934,-3.2152,0.1869,3.0338,-0.465,0.098,-0.039,-0.054,-0.014,0.015,0.000,0.000,-0.000,-0.12000,0.04323,0.12000,0.00000,0.00000,0.00000,0,1.000
157941,-3.2145,0.1900,3.0301,-0.224,0.319,-0.078,-0.043,-0.015,0.016,0.000,0.000,-0.000,-0.12000,0.04592,0.12000,0.00000,0.00000,0.00000,0,1.000
157949,-3.2163,0.1914,3.0306,-0.365,-0.038,-0.003,-0.014,-0.007,0.009,0.000,0.000,-0.000,-0.12000,0.04149,0.12000,0.00000,0.00000,0.00000,0,1.000
157957,-3.2188,0.1955,3.0290,-0.294,0.162,-0.062,-0.008,-0.008,0.029,0.000,0.000,-0.000,-0.12000,0.04557,0.12000,0.00000,0.00000,0.00000,0,1.000
157964,-3.2184,0.1949,3.0293,-0.054,0.210,0.072,0.016,0.002,0.024,0.000,0.000,-0.000,-0.12000,0.04482,0.12000,0.00000,0.00000,0.00000,0,1.000
157972,-3.2211,0.1952,3.0317,0.095,0.136,-0.002,0.030,0.008,0.017,0.000,0.000,0.000,-0.12000,0.04384,0.12000,0.00000,0.00000,0.00000,0,1.000
157980,-3.2236,0.1978,3.0317,0.130,0.042,0.162,0.033,0.016,-0.008,0.000,0.000,0.000,-0.12000,0.04232,0.12000,0.00000,0.00000,0.00000,0,1.000
157988,-3.2274,0.1995,3.0339,0.236,0.061,0.355,0.037,0.028,-0.015,0.000,0.000,-0.000,-0.12000,0.04207,0.12000,0.00000,0.00000,0.00000,0,1.000
157995,-3.2299,0.2000,3.0358,-0.005,-0.030,0.264,0.037,0.016,-0.007,0.000,0.000,-0.000,-0.12000,0.04165,0.12000,0.00000,0.00000,0.00000,0,1.000
158003,-3.2269,0.1966,3.0360,0.004,-0.202,0.005,0.032,0.012,-0.002,0.000,0.000,-0.000,-0.12000,0.03932,0.12000,0.00000,0.00000,0.00000,0,1.000
158010,-3.2312,0.1939,3.0431,-0.006,-0.030,0.264,0.023,0.020,-0.019,0.000,0.000,-0.000,-0.12000,0.04112,0.12000,0.00000,0.00000,0.00000,0,1.000
158018,-3.2316,0.1925,3.0448,0.150,-0.079,0.474,0.002,0.008,-0.009,0.000,0.000,-0.000,-0.12000,0.03514,0.12000,0.00000,0.00000,0.00000,0,1.000
158026,-3.2343,0.1919,3.0481,0.255,-0.016,0.623,-0.010,-0.000,-0.007,0.000,0.000,-0.000,-0.12000,0.03262,0.12000,0.00000,0.00000,0.00000,0,1.000
158033,-3.2415,0.1956,3.0517,-0.235,0.191,0.485,-0.028,-0.019,-0.014,0.000,0.000,-0.000,-0.12000,0.03967,0.12000,0.00000,0.00000,0.00000,0,1.000
158041,-3.2425,0.1948,3.0534,0.049,0.231,0.266,-0.033,-0.013,-0.009,0.000,0.000,-0.000,-0.12000,0.04045,0.12000,0.00000,0.00000,0.00000,0,1.000
158049,-3.2455,0.1988,3.0526,0.078,0.240,0.016,-0.044,-0.018,-0.002,0.000,0.000,-0.000,-0.12000,0.04262,0.12000,0.00000,0.00000,0.00000,0,1.000
158056,-3.2437,0.2004,3.0492,0.058,0.188,-0.123,-0.027,-0.015,0.015,0.000,0.000,-0.000,-0.12000,0.04361,0.12000,0.00000,0.00000,0.00000,0,1.000
158064,-3.2414,0.2017,3.0457,0.442,0.135,-0.349,-0.041,-0.019,0.037,0.000,0.000,-0.000,-0.12000,0.04101,0.12000,0.00000,0.00000,0.00000,0,1.000
158072,-3.2382,0.2055,3.0388,0.612,0.242,-0.415,-0.025,0.003,0.022,0.000,0.000,-0.000,-0.12000,0.04636,0.12000,0.00000,0.00000,0.00000,0,1.000
158080,-3.2292,0.2045,3.0307,0.748,0.098,-0.300,-0.002,-0.006,0.015,0.000,0.000,-0.000,-0.12000,0.03987,0.12000,0.00000,0.00000,0.00000,0,1.000
158087,-3.2199,0.2022,3.0236,0.834,0.195,-0.377,0.011,0.016,0.018,0.000,0.000,0.000,-0.12000,0.04453,0.12000,0.00000,0.00000,0.00000,0,1.000
158095,-3.2149,0.2010,3.0198,0.875,0.299,-0.100,0.024,0.026,-0.006,0.000,0.000,0.000,-0.12000,0.04496,0.12000,0.00000,0.00000,0.00000,0,1.000
158103,-3.2059,0.1980,3.0137,0.917,0.231,0.350,0.044,0.014,-0.016,0.000,0.000,0.000,-0.12000,0.03716,0.12000,0.00000,0.00000,0.00000,0,1.000
158110,-3.1948,0.1943,3.0062,0.856,-0.013,0.020,0.051,0.012,-0.028,0.000,0.000,-0.000,-0.12000,0.03496,0.12000,0.00000,0.00000,0.00000,0,1.000
158118,-3.1874,0.1887,3.0043,0.713,-0.042,0.509,0.055,0.004,-0.025,0.000,0.000,-0.000,-0.12000,0.02907,0.12000,0.00000,0.00000,0.00000,0,1.000
158126,-3.1836,0.1854,3.0037,0.417,-0.436,0.459,0.047,-0.005,-0.018,0.000,0.000,-0.000,-0.12000,0.02273,0.12000,0.00000,0.00000,0.00000,0,1.000
158133,-3.1871,0.1804,3.0121,0.103,-0.141,0.583,0.031,0.002,-0.007,0.000,0.000,-0.000,-0.12000,0.02989,0.12000,0.00000,0.00000,0.00000,0,1.000
158141,-3.1959,0.1830,3.0184,-0.197,-0.292,1.035,0.030,0.005,-0.020,0.000,0.000,-0.000,-0.12000,0.02690,0.12000,0.00000,0.00000,0.00000,0,1.000
158148,-3.2058,0.1823,3.0290,-0.722,-0.337,1.077,0.016,0.007,-0.007,0.000,0.000,-0.000,-0.12000,0.03027,0.12000,0.00000,0.00000,0.00000,0,1.000
158156,-3.2169,0.1850,3.0374,-0.928,-0.263,0.892,-0.012,-0.009,0.012,0.000,0.000,-0.000,-0.12000,0.03292,0.12000,0.00000,0.00000,0.00000,0,1.000
158164,-3.2286,0.1863,3.0478,-0.815,-0.157,0.567,-0.028,-0.024,0.041,0.000,0.000,-0.000,-0.12000,0.03466,0.12000,0.00000,0.00000,0.00000,0,1.000
158171,-3.2338,0.1841,3.0552,-0.475,-0.073,0.565,-0.046,-0.017,0.020,0.000,0.000,-0.000,-0.12000,0.03404,0.12000,0.00000,0.00000,0.00000,0,1.000
158179,-3.2386,0.1855,3.0586,-0.460,-0.003,0.375,-0.063,-0.017,0.032,0.000,0.000,-0.000,-0.12000,0.03711,0.12000,0.00000,0.00000,0.00000,0,1.000
158187,-3.2365,0.1842,3.0578,0.065,0.214,0.161,-0.067,-0.013,0.012,0.000,0.000,0.000,-0.12000,0.03884,0.12000,0.00000,0.00000,0.00000,0,1.000
158195,-3.2346,0.1833,3.0568,0.200,0.458,-0.112,-0.061,0.003,0.022,0.000,0.000,0.000,-0.12000,0.04673,0.12000,0.00000,0.00000,0.00000,0,1.000
158202,-3.2312,0.1831,3.0537,0.485,0.412,-0.245,-0.039,0.001,-0.003,0.000,0.000,0.000,-0.12000,0.04423,0.12000,0.00000,0.00000,0.00000,0,1.000
158210,-3.2276,0.1857,3.0475,0.755,0.555,-0.447,-0.016,0.005,-0.010,0.000,0.000,0.000,-0.12000,0.04739,0.12000,0.00000,0.00000,0.00000,0,1.000
158218,-3.2207,0.1852,3.0410,0.819,0.599,-0.661,0.023,0.008,-0.008,0.000,0.000,0.000,-0.12000,0.04961,0.12000,0.00000,0.00000,0.00000,0,1.000
158225,-3.2174,0.1832,3.0397,0.373,0.365,-0.721,0.035,0.014,-0.022,0.000,0.000,-0.000,-0.12000,0.05024,0.12000,0.00000,0.00000,0.00000,0,1.000
158233,-3.2141,0.1856,3.0341,0.622,-0.147,-0.458,0.075,0.017,-0.026,0.000,0.000,-0.000,-0.12000,0.03738,0.12000,0.00000,0.00000,0.00000,0,1.000
158241,-3.2193,0.1902,3.0347,-0.018,0.004,-0.392,0.081,0.021,-0.010,0.000,0.000,-0.000,-0.12000,0.04644,0.12000,0.00000,0.00000,0.00000,0,1.000
158249,-3.2220,0.1979,3.0299,-0.253,0.199,-0.458,0.057,0.014,-0.015,0.000,0.000,-0.000,-0.12000,0.05314,0.12000,0.00000,0.00000,0.00000,0,1.000
158256,-3.2303,0.2042,3.0321,-0.019,0.049,-0.435,0.045,0.006,-0.010,0.000,0.000,-0.000,-0.12000,0.04842,0.12000,0.00000,0.00000,0.00000,0,1.000
158264,-3.2333,0.2071,3.0323,-0.468,-0.029,0.091,0.027,-0.013,-0.019,0.000,0.000,-0.000,-0.12000,0.04397,0.12000,0.00000,0.00000,0.00000,0,1.000
158272,-3.2391,0.2123,3.0331,-0.574,-0.048,-0.101,-0.007,-0.022,0.002,0.000,0.000,-0.000,-0.12000,0.04598,0.12000,0.00000,0.00000,0.00000,0,1.000
158280,-3.2418,0.2115,3.0365,-0.618,-0.040,0.252,-0.025,-0.011,-0.004,0.000,0.000,-0.000,-0.12000,0.04512,0.12000,0.00000,0.00000,0.00000,0,1.000
158288,-3.2378,0.2067,3.0372,-0.191,-0.118,0.433,-0.031,-0.020,0.002,0.000,0.000,-0.000,-0.12000,0.03623,0.12000,0.00000,0.00000,0.00000,0,1.000
158295,-3.2312,0.2048,3.0324,-0.035,0.092,0.383,-0.062,0.000,0.027,0.000,0.000,-0.000,-0.12000,0.04191,0.12000,0.00000,0.00000,0.00000,0,1.000
158303,-3.2229,0.2034,3.0256,0.342,0.125,0.502,-0.056,-0.001,0.014,0.000,0.000,-0.000,-0.12000,0.03777,0.12000,0.00000,0.00000,0.00000,0,1.000
158311,-3.2139,0.2013,3.0185,0.308,0.348,0.207,-0.049,0.005,0.016,0.000,0.000,-0.000,-0.12000,0.04523,0.12000,0.00000,0.00000,0.00000,0,1.000
158319,-3.2055,0.1981,3.0133,0.663,0.286,0.231,-0.049,-0.005,0.006,0.000,0.000,-0.000,-0.12000,0.03855,0.12000,0.00000,0.00000,0.00000,0,1.000
158327,-3.1995,0.1967,3.0087,0.664,0.631,-0.115,-0.017,0.007,0.014,0.000,0.000,-0.000,-0.12000,0.04926,0.12000,0.00000,0.00000,0.00000,0,1.000
158335,-3.2013,0.1969,3.0102,0.593,0.388,-0.012,0.014,0.019,0.021,0.000,0.000,0.000,-0.12000,0.04626,0.12000,0.00000,0.00000,0.00000,0,1.000
158342,-3.2012,0.1968,3.0102,0.402,0.444,-0.300,0.038,0.008,0.007,0.000,0.000,0.000,-0.12000,0.04956,0.12000,0.00000,0.00000,0.00000,0,1.000
158350,-3.2038,0.2025,3.0073,0.062,0.575,-0.514,0.048,0.028,0.023,0.000,0.000,0.000,-0.12000,0.06067,0.12000,0.00000,0.00000,0.00000,0,1.000
158358,-3.2063,0.2015,3.0107,-0.080,0.046,-0.266,0.067,0.021,-0.007,0.000,0.000,0.000,-0.12000,0.04900,0.12000,0.00000,0.00000,0.00000,0,1.000
158365,-3.2111,0.2100,3.0072,-0.165,-0.007,-0.234,0.062,0.021,-0.009,0.000,0.000,0.000,-0.12000,0.05038,0.12000,0.00000,0.00000,0.00000,0,1.000
158373,-3.2158,0.2134,3.0086,-0.365,0.050,-0.090,0.052,0.011,-0.016,0.000,0.000,0.000,-0.12000,0.05110,0.12000,0.00000,0.00000,0.00000,0,1.000
158381,-3.2235,0.2203,3.0097,-0.459,0.170,0.201,0.039,-0.001,-0.027,0.000,0.000,-0.000,-0.12000,0.05129,0.12000,0.00000,0.00000,0.00000,0,1.000
158389,-3.2322,0.2254,3.0134,-0.460,0.084,0.288,0.020,-0.033,-0.005,0.000,0.000,-0.000,-0.12000,0.04548,0.12000,0.00000,0.00000,0.00000,0,1.000
158396,-3.2414,0.2290,3.0190,-0.511,0.023,0.399,-0.007,-0.030,-0.001,0.000,0.000,-0.000,-0.12000,0.04495,0.12000,0.00000,0.00000,0.00000,0,1.000
158404,-3.2468,0.2290,3.0245,-0.434,0.163,0.712,-0.042,-0.024,0.002,0.000,0.000,-0.000,-0.12000,0.04519,0.12000,0.00000,0.00000,0.00000,0,1.000
158412,-3.2494,0.2314,3.0248,-0.235,0.107,0.569,-0.059,-0.019,0.016,0.000,0.000,-0.000,-0.12000,0.04482,0.12000,0.00000,0.00000,0.00000,0,1.000
158420,-3.2535,0.2318,3.0284,-0.206,-0.057,0.492,-0.072,-0.018,0.005,0.000,0.000,-0.000,-0.12000,0.04255,0.12000,0.00000,0.00000,0.00000,0,1.000
158428,-3.2563,0.2330,3.0300,-0.142,-0.055,0.320,-0.056,-0.005,0.023,0.000,0.000,0.000,-0.12000,0.04558,0.12000,0.00000,0.00000,0.00000,0,1.000
158435,-3.2546,0.2321,3.0292,-0.156,0.307,0.078,-0.058,0.006,0.009,0.000,0.000,0.000,-0.12000,0.05610,0.12000,0.00000,0.00000,0.00000,0,1.000
158443,-3.2486,0.2310,3.0244,0.264,0.289,-0.113,-0.036,0.009,0.014,0.000,0.000,0.000,-0.12000,0.05392,0.12000,0.00000,0.00000,0.00000,0,1.000
158451,-3.2430,0.2292,3.0205,0.613,0.244,-0.417,-0.022,0.028,0.020,0.000,0.000,0.000,-0.12000,0.05504,0.12000,0.00000,0.00000,0.00000,0,1.000
158459,-3.2363,0.2266,3.0163,0.804,0.230,-0.171,0.011,0.037,0.004,0.000,0.000,0.000,-0.12000,0.05143,0.12000,0.00000,0.00000,0.00000,0,1.000
158466,-3.2285,0.2244,3.0106,0.904,0.223,-0.264,0.040,0.028,0.010,0.000,0.000,0.000,-0.12000,0.04974,0.12000,0.00000,0.00000,0.00000,0,1.000
158474,-3.2236,0.2239,3.0063,0.925,0.017,0.133,0.046,0.019,-0.003,0.000,0.000,0.000,-0.12000,0.04114,0.12000,0.00000,0.00000,0.00000,0,1.000
158482,-3.2237,0.2243,3.0060,0.634,0.037,-0.019,0.052,0.007,-0.018,0.000,0.000,0.000,-0.12000,0.04353,0.12000,0.00000,0.00000,0.00000,0,1.000
158490,-3.2264,0.2277,3.0053,0.349,0.041,0.156,0.044,0.001,-0.032,0.000,0.000,0.000,-0.12000,0.04439,0.12000,0.00000,0.00000,0.00000,0,1.000
158498,-3.2342,0.2315,3.0094,-0.256,0.012,0.473,0.061,-0.002,-0.038,0.000,0.000,-0.000,-0.12000,0.04649,0.12000,0.00000,0.00000,0.00000,0,1.000
158505,-3.2441,0.2340,3.0168,-0.476,0.189,0.305,0.052,-0.024,-0.022,0.000,0.000,-0.000,-0.12000,0.05017,0.12000,0.00000,0.00000,0.00000,0,1.000
158513,-3.2518,0.2319,3.0266,-0.803,-0.042,0.334,0.037,-0.026,-0.014,0.000,0.000,-0.000,-0.12000,0.04783,0.12000,0.00000,0.00000,0.00000,0,1.000
158520,-3.2560,0.2277,3.0350,-0.794,-0.129,-0.011,0.009,-0.019,0.012,0.000,0.000,-0.000,-0.12000,0.04915,0.12000,0.00000,0.00000,0.00000,0,1.000
158528,-3.2548,0.2220,3.0393,-0.808,-0.027,0.007,0.005,-0.013,0.009,0.000,0.000,-0.000,-0.12000,0.05074,0.12000,0.00000,0.00000,0.00000,0,1.000
158536,-3.2517,0.2131,3.0449,-0.567,-0.109,0.271,-0.028,-0.012,0.018,0.000,0.000,-0.000,-0.12000,0.04338,0.12000,0.00000,0.00000,0.00000,0,1.000
158544,-3.2493,0.2049,3.0505,-0.481,0.029,0.152,-0.059,-0.005,0.011,0.000,0.000,0.000,-0.12000,0.04573,0.12000,0.00000,0.00000,0.00000,0,1.000
158552,-3.2466,0.2035,3.0491,-0.055,0.339,-0.056,-0.080,0.012,0.003,0.000,0.000,0.000,-0.12000,0.05195,0.12000,0.00000,0.00000,0.00000,0,1.000
158559,-3.2439,0.2043,3.0457,0.315,0.174,-0.049,-0.080,0.022,-0.002,0.000,0.000,0.000,-0.12000,0.04753,0.12000,0.00000,0.00000,0.00000,0,1.000
158567,-3.2446,0.2064,3.0442,0.294,0.295,-0.360,-0.075,0.016,0.005,0.000,0.000,0.000,-0.12000,0.05204,0.12000,0.00000,0.00000,0.00000,0,1.000
158575,-3.2422,0.2125,3.0360,0.464,0.359,-0.383,-0.049,0.018,-0.009,0.000,0.000,0.000,-0.12000,0.05338,0.12000,0.00000,0.00000,0.00000,0,1.000
158582,-3.2430,0.2168,3.0326,0.492,0.368,-0.632,-0.018,0.019,-0.006,-0.000,0.000,-0.000,-0.12000,0.05644,0.12000,0.00000,0.00000,0.00000,0,1.000
158590,-3.2443,0.2226,3.0282,0.436,0.195,-0.720,0.003,0.016,-0.012,-0.000,0.000,-0.000,-0.12000,0.05514,0.12000,0.00000,0.00000,0.00000,0,1.000
158598,-3.2433,0.2252,3.0246,0.237,0.166,-0.491,0.034,0.008,-0.009,0.000,0.000,-0.000,-0.12000,0.05361,0.12000,0.00000,0.00000,0.00000,0,1.000
158606,-3.2429,0.2274,3.0221,0.016,0.127,-0.443,0.073,-0.005,-0.003,0.000,0.000,-0.000,-0.12000,0.05252,0.12000,0.00000,0.00000,0.00000,0,1.000
158614,-3.2434,0.2307,3.0195,-0.303,0.009,-0.217,0.105,-0.003,-0.006,0.000,0.000,-0.000,-0.12000,0.05205,0.12000,0.00000,0.00000,0.00000,0,1.000
158622,-3.2481,0.2346,3.0203,-0.262,0.070,0.104,0.113,-0.017,0.004,0.000,0.000,-0.000,-0.12000,0.04863,0.12000,0.00000,0.00000,0.00000,0,1.000
158629,-3.2484,0.2367,3.0186,-0.192,0.270,0.044,0.084,-0.016,0.007,0.000,0.000,-0.000,-0.12000,0.05294,0.12000,0.00000,0.00000,0.00000,0,1.000
158637,-3.2497,0.2397,3.0169,-0.221,0.261,0.294,0.065,-0.031,0.005,0.000,0.000,0.000,-0.12000,0.04963,0.12000,0.00000,0.00000,0.00000,0,1.000
158645,-3.2487,0.2373,3.0182,-0.150,0.331,0.364,0.047,-0.034,-0.002,0.000,0.000,0.000,-0.12000,0.04888,0.12000,0.00000,0.00000,0.00000,0,1.000
158652,-3.2513,0.2367,3.0215,-0.114,0.237,0.529,0.007,-0.030,-0.003,0.000,0.000,0.000,-0.12000,0.04602,0.12000,0.00000,0.00000,0.00000,0,1.000
158660,-3.2509,0.2322,3.0254,0.185,0.044,0.423,-0.026,-0.015,0.005,0.000,0.000,0.000,-0.12000,0.04203,0.12000,0.00000,0.00000,0.00000,0,1.000
158668,-3.2495,0.2316,3.0247,0.206,0.139,0.518,-0.068,-0.016,-0.004,0.000,0.000,0.000,-0.12000,0.04271,0.12000,0.00000,0.00000,0.00000,0,1.000
158676,-3.2509,0.2303,3.0273,0.129,-0.044,0.249,-0.100,-0.008,0.003,0.000,0.000,0.000,-0.12000,0.04330,0.12000,0.00000,0.00000,0.00000,0,1.000
158684,-3.2535,0.2280,3.0322,0.172,-0.008,-0.147,-0.112,0.019,0.011,0.000,0.000,0.000,-0.12000,0.05082,0.12000,0.00000,0.00000,0.00000,0,1.000
158692,-3.2513,0.2293,3.0286,0.222,-0.033,-0.172,-0.096,0.006,-0.006,0.000,0.000,0.000,-0.12000,0.04845,0.12000,0.00000,0.00000,0.00000,0,1.000
158699,-3.2513,0.2295,3.0285,0.201,-0.085,-0.310,-0.083,0.011,0.001,0.000,0.000,0.000,-0.12000,0.04954,0.12000,0.00000,0.00000,0.00000,0,1.000
158707,-3.2457,0.2295,3.0229,0.117,0.034,-0.450,-0.054,0.033,0.003,0.000,0.000,0.000,-0.12000,0.05651,0.12000,0.00000,0.00000,0.00000,0,1.000
158714,-3.2474,0.2360,3.0182,0.152,-0.103,-0.243,-0.008,0.026,-0.002,0.000,0.000,0.000,-0.12000,0.05234,0.12000,0.00000,0.00000,0.00000,0,1.000
158722,-3.2455,0.2322,3.0200,-0.048,0.039,-0.186,0.023,0.045,0.004,0.000,0.000,0.000,-0.12000,0.05713,0.12000,0.00000,0.00000,0.00000,0,1.000
158730,-3.2460,0.2350,3.0178,0.031,-0.105,-0.331,0.037,0.029,-0.018,0.000,0.000,0.000,-0.12000,0.05412,0.12000,0.00000,0.00000,0.00000,0,1.000
158738,-3.2462,0.2354,3.0177,-0.176,0.037,0.157,0.064,0.020,-0.021,0.000,0.000,-0.000,-0.12000,0.05318,0.12000,0.00000,0.00000,0.00000,0,1.000
158745,-3.2473,0.2348,3.0193,-0.191,0.097,0.217,0.083,0.014,-0.017,0.000,0.000,-0.000,-0.12000,0.05282,0.12000,0.00000,0.00000,0.00000,0,1.000
158753,-3.2455,0.2289,3.0232,0.114,0.016,0.309,0.074,0.002,-0.001,0.000,0.000,-0.000,-0.12000,0.04472,0.12000,0.00000,0.00000,0.00000,0,1.000
158761,-3.2471,0.2283,3.0255,0.091,0.206,0.672,0.072,-0.007,0.020,0.000,0.000,-0.000,-0.12000,0.04370,0.12000,0.00000,0.00000,0.00000,0,1.000
158769,-3.2513,0.2276,3.0303,0.155,0.035,0.673,0.058,-0.004,0.004,0.000,0.000,-0.000,-0.12000,0.04052,0.12000,0.00000,0.00000,0.00000,0,1.000
158776,-3.2512,0.2267,3.0311,0.581,0.043,0.768,0.032,-0.023,0.017,0.000,0.000,0.000,-0.12000,0.03331,0.12000,0.00000,0.00000,0.00000,0,1.000
158784,-3.2508,0.2268,3.0306,0.516,0.301,0.680,-0.005,-0.024,0.023,0.000,0.000,0.000,-0.12000,0.03918,0.12000,0.00000,0.00000,0.00000,0,1.000
158791,-3.2494,0.2268,3.0292,0.666,0.399,0.432,-0.023,-0.025,0.013,0.000,0.000,0.000,-0.12000,0.04188,0.12000,0.00000,0.00000,0.00000,0,1.000
158799,-3.2497,0.2266,3.0297,0.554,0.095,0.215,-0.046,-0.021,0.029,0.000,0.000,0.000,-0.12000,0.03964,0.12000,0.00000,0.00000,0.00000,0,1.000
158807,-3.2517,0.2294,3.0290,0.377,0.264,-0.307,-0.058,-0.013,0.016,0.000,0.000,0.000,-0.12000,0.05037,0.12000,0.00000,0.00000,0.00000,0,1.000
158814,-3.2538,0.2334,3.0271,0.561,-0.034,-0.087,-0.050,-0.022,0.013,0.000,0.000,0.000,-0.12000,0.04114,0.12000,0.00000,0.00000,0.00000,0,1.000
158822,-3.2540,0.2345,3.0264,0.441,0.050,-0.262,-0.063,-0.015,0.002,0.000,0.000,0.000,-0.12000,0.04642,0.12000,0.00000,0.00000,0.00000,0,1.000
158830,-3.2550,0.2355,3.0264,0.171,-0.007,-0.146,-0.046,-0.002,-0.005,0.000,0.000,0.000,-0.12000,0.04894,0.12000,0.00000,0.00000,0.00000,0,1.000
158838,-3.2520,0.2338,3.0250,0.264,-0.299,-0.265,-0.027,0.004,-0.010,0.000,0.000,0.000,-0.12000,0.04438,0.12000,0.00000,0.00000,0.00000,0,1.000
158845,-3.2494,0.2320,3.0242,0.188,-0.438,-0.577,-0.010,0.010,-0.013,0.000,0.000,0.000,-0.12000,0.04570,0.12000,0.00000,0.00000,0.00000,0,1.000
158853,-3.2422,0.2268,3.0221,0.259,-0.627,-0.248,0.003,0.024,-0.021,0.000,0.000,0.000,-0.12000,0.03983,0.12000,0.00000,0.00000,0.00000,0,1.000
158861,-3.2361,0.2264,3.0163,0.329,-0.384,-0.351,0.019,0.019,-0.041,0.000,0.000,0.000,-0.12000,0.04379,0.12000,0.00000,0.00000,0.00000,0,1.000
158868,-3.2321,0.2265,3.0122,0.385,-0.167,-0.307,0.052,0.012,-0.028,0.000,0.000,-0.000,-0.12000,0.04566,0.12000,0.00000,0.00000,0.00000,0,1.000
158876,-3.2268,0.2232,3.0101,0.852,0.119,-0.108,0.057,0.000,-0.029,0.000,0.000,-0.000,-0.12000,0.04261,0.12000,0.00000,0.00000,0.00000,0,1.000
158884,-3.2202,0.2221,3.0046,0.724,0.245,0.105,0.051,-0.000,-0.010,0.000,0.000,-0.000,-0.12000,0.04384,0.12000,0.00000,0.00000,0.00000,0,1.000
158892,-3.2129,0.2138,3.0054,0.675,0.140,0.260,0.042,-0.021,0.008,0.000,0.000,-0.000,-0.12000,0.03606,0.12000,0.00000,0.00000,0.00000,0,1.000
158899,-3.2064,0.2081,3.0045,0.901,0.118,0.584,0.044,-0.009,0.007,0.000,0.000,-0.000,-0.12000,0.03170,0.12000,0.00000,0.00000,0.00000,0,1.000
158907,-3.2021,0.2043,3.0038,0.491,0.006,0.472,0.014,0.007,0.013,0.000,0.000,-0.000,-0.12000,0.03600,0.12000,0.00000,0.00000,0.00000,0,1.000
158915,-3.2020,0.2028,3.0053,0.215,-0.034,0.259,0.007,0.021,0.021,0.000,0.000,-0.000,-0.12000,0.04112,0.12000,0.00000,0.00000,0.00000,0,1.000
158923,-3.2042,0.2061,3.0042,0.165,0.078,0.198,-0.030,0.020,0.014,0.000,0.000,0.000,-0.12000,0.04477,0.12000,0.00000,0.00000,0.00000,0,1.000
158931,-3.2037,0.2097,3.0002,-0.076,0.160,-0.066,-0.025,0.025,0.016,0.000,0.000,0.000,-0.12000,0.05195,0.12000,0.00000,0.00000,0.00000,0,1.000
158938,-3.2042,0.2121,2.9984,-0.252,0.070,-0.329,-0.043,0.018,0.002,0.000,0.000,0.000,-0.12000,0.05366,0.12000,0.00000,0.00000,0.00000,0,1.000
158946,-3.2014,0.2120,2.9956,-0.331,0.301,-0.270,-0.046,0.004,-0.008,0.000,0.000,0.000,-0.12000,0.05586,0.12000,0.00000,0.00000,0.00000,0,1.000
158953,-3.1994,0.2122,2.9935,-0.386,0.084,-0.315,-0.044,0.004,-0.002,0.000,0.000,0.000,-0.12000,0.05276,0.12000,0.00000,0.00000,0.00000,0,1.000
158962,-3.1943,0.2064,2.9939,-0.259,0.241,-0.070,-0.034,-0.007,-0.017,0.000,0.000,0.000,-0.12000,0.04957,0.12000,0.00000,0.00000,0.00000,0,1.000
158969,-3.1867,0.2004,2.9922,-0.038,0.149,0.011,-0.020,-0.017,-0.017,0.000,0.000,0.000,-0.12000,0.04245,0.12000,0.00000,0.00000,0.00000,0,1.000
158977,-3.1820,0.1971,2.9907,0.162,-0.080,0.041,-0.014,-0.028,-0.025,0.000,0.000,-0.000,-0.12000,0.03417,0.12000,0.00000,0.00000,0.00000,0,1.000
158985,-3.1813,0.1927,2.9944,-0.043,-0.266,0.115,-0.006,-0.045,-0.015,0.000,0.000,-0.000,-0.12000,0.02923,0.12000,0.00000,0.00000,0.00000,0,1.000
158993,-3.1865,0.1910,3.0012,-0.237,0.075,0.284,0.001,-0.044,-0.005,0.000,0.000,-0.000,-0.12000,0.03532,0.12000,0.00000,0.00000,0.00000,0,1.000
159000,-3.1923,0.1931,3.0049,-0.414,-0.144,0.152,0.012,-0.024,-0.002,0.000,0.000,-0.000,-0.12000,0.03639,0.12000,0.00000,0.00000,0.00000,0,1.000
159008,-3.2024,0.1941,3.0140,-0.643,0.163,0.286,0.036,-0.007,0.019,0.000,0.000,-0.000,-0.12000,0.04531,0.12000,0.00000,0.00000,0.00000,0,1.000
159016,-3.2126,0.1995,3.0190,-0.834,0.004,0.213,0.025,-0.003,0.020,0.000,0.000,-0.000,-0.12000,0.04649,0.12000,0.00000,0.00000,0.00000,0,1.000
159023,-3.2200,0.2046,3.0215,-0.870,0.142,0.005,0.025,0.019,0.033,0.000,0.000,0.000,-0.12000,0.05560,0.12000,0.00000,0.00000,0.00000,0,1.000
159031,-3.2257,0.2104,3.0216,-0.509,0.322,0.099,0.022,0.027,0.020,0.000,0.000,0.000,-0.12000,0.05729,0.12000,0.00000,0.00000,0.00000,0,1.000
159039,-3.2295,0.2154,3.0204,-0.184,0.510,0.114,0.011,0.034,0.029,0.000,0.000,0.000,-0.12000,0.05968,0.12000,0.00000,0.00000,0.00000,0,1.000
159047,-3.2312,0.2209,3.0168,0.051,0.402,0.092,-0.011,0.026,0.003,0.000,0.000,0.000,-0.12000,0.05641,0.12000,0.00000,0.00000,0.00000,0,1.000
159055,-3.2340,0.2241,3.0164,0.136,0.585,-0.070,-0.023,0.016,-0.001,0.000,0.000,0.000,-0.12000,0.05975,0.12000,0.00000,0.00000,0.00000,0,1.000
159062,-3.2366,0.2305,3.0128,0.270,0.485,0.002,-0.017,0.020,-0.014,0.000,0.000,0.000,-0.12000,0.05811,0.12000,0.00000,0.00000,0.00000,0,1.000
159070,-3.2439,0.2359,3.0148,0.205,0.355,0.303,-0.031,0.005,-0.034,0.000,0.000,0.000,-0.12000,0.05275,0.12000,0.00000,0.00000,0.00000,0,1.000
159078,-3.2479,0.2356,3.0191,0.263,-0.015,0.192,-0.027,0.010,-0.035,0.000,0.000,-0.000,-0.12000,0.04715,0.12000,0.00000,0.00000,0.00000,0,1.000
159085,-3.2503,0.2347,3.0224,0.242,-0.240,0.227,-0.024,-0.008,-0.029,0.000,0.000,-0.000,-0.12000,0.03982,0.12000,0.00000,0.00000,0.00000,0,1.000
159093,-3.2550,0.2366,3.0252,-0.084,-0.341,0.126,-0.008,-0.012,-0.015,0.000,0.000,-0.000,-0.12000,0.04126,0.12000,0.00000,0.00000,0.00000,0,1.000
159101,-3.2553,0.2378,3.0244,-0.005,-0.270,-0.236,0.000,-0.027,-0.001,0.000,0.000,-0.000,-0.12000,0.04295,0.12000,0.00000,0.00000,0.00000,0,1.000
159109,-3.2556,0.2369,3.0255,0.150,-0.276,-0.068,0.006,-0.037,0.013,0.000,0.000,-0.000,-0.12000,0.03875,0.12000,0.00000,0.00000,0.00000,0,1.000
159117,-3.2547,0.2370,3.0246,0.335,-0.272,-0.151,0.010,-0.030,0.030,0.000,0.000,-0.000,-0.12000,0.03869,0.12000,0.00000,0.00000,0.00000,0,1.000
159125,-3.2522,0.2365,3.0225,0.185,-0.197,-0.077,0.017,-0.020,0.044,0.000,0.000,0.000,-0.12000,0.04179,0.12000,0.00000,0.00000,0.00000,0,1.000
159132,-3.2463,0.2300,3.0230,0.611,-0.189,0.018,0.014,-0.030,0.048,0.000,0.000,0.000,-0.12000,0.03484,0.12000,0.00000,0.00000,0.00000,0,1.000
159140,-3.2430,0.2299,3.0199,0.283,0.167,0.201,0.022,-0.021,0.045,0.000,0.000,0.000,-0.12000,0.04361,0.12000,0.00000,0.00000,0.00000,0,1.000
159147,-3.2448,0.2302,3.0213,0.303,0.133,0.426,-0.002,-0.002,0.053,0.000,0.000,0.000,-0.12000,0.04410,0.12000,0.00000,0.00000,0.00000,0,1.000
159155,-3.2413,0.2298,3.0182,0.148,0.096,0.302,0.001,0.007,0.046,0.000,0.000,0.000,-0.12000,0.04702,0.12000,0.00000,0.00000,0.00000,0,1.000
159163,-3.2408,0.2298,3.0178,0.263,0.115,0.062,0.001,0.035,0.020,0.000,0.000,0.000,-0.12000,0.05241,0.12000,0.00000,0.00000,0.00000,0,1.000
159170,-3.2385,0.2250,3.0201,0.142,-0.060,0.147,-0.007,0.041,0.014,0.000,0.000,0.000,-0.12000,0.04913,0.12000,0.00000,0.00000,0.00000,0,1.000
159178,-3.2353,0.2225,3.0193,0.313,-0.169,0.297,-0.008,0.052,-0.003,0.000,0.000,0.000,-0.12000,0.04489,0.12000,0.00000,0.00000,0.00000,0,1.000
159186,-3.2351,0.2212,3.0204,0.157,-0.164,0.129,-0.017,0.033,-0.030,0.000,0.000,0.000,-0.12000,0.04588,0.12000,0.00000,0.00000,0.00000,0,1.000
159193,-3.2310,0.2186,3.0188,0.178,0.018,0.138,-0.004,0.013,-0.054,0.000,0.000,0.000,-0.12000,0.04580,0.12000,0.00000,0.00000,0.00000,0,1.000
159201,-3.2283,0.2173,3.0174,-0.056,0.211,0.073,-0.022,-0.012,-0.056,0.000,0.000,0.000,-0.12000,0.04757,0.12000,0.00000,0.00000,0.00000,0,1.000
159209,-3.2253,0.2152,3.0164,-0.061,0.012,-0.039,-0.015,-0.030,-0.059,0.000,0.000,0.000,-0.12000,0.04214,0.12000,0.00000,0.00000,0.00000,0,1.000
159217,-3.2243,0.2136,3.0170,0.009,-0.004,0.117,-0.006,-0.033,-0.051,0.000,0.000,0.000,-0.12000,0.03915,0.12000,0.00000,0.00000,0.00000,0,1.000
159224,-3.2207,0.2106,3.0163,0.060,0.144,-0.080,-0.008,-0.017,-0.021,0.000,0.000,-0.000,-0.12000,0.04436,0.12000,0.00000,0.00000,0.00000,0,1.000
159232,-3.2199,0.2103,3.0157,-0.055,0.210,0.073,-0.011,-0.023,-0.023,0.000,0.000,-0.000,-0.12000,0.04439,0.12000,0.00000,0.00000,0.00000,0,1.000
159240,-3.2180,0.2062,3.0179,-0.004,0.098,0.134,-0.010,-0.006,-0.006,0.000,0.000,-0.000,-0.12000,0.04303,0.12000,0.00000,0.00000,0.00000,0,1.000
159247,-3.2197,0.2063,3.0195,-0.005,0.185,0.048,0.011,-0.003,0.009,0.000,0.000,-0.000,-0.12000,0.04566,0.12000,0.00000,0.00000,0.00000,0,1.000
159255,-3.2252,0.2081,3.0233,-0.260,0.024,0.147,0.008,-0.000,0.014,0.000,0.000,-0.000,-0.12000,0.04489,0.12000,0.00000,0.00000,0.00000,0,1.000
159263,-3.2319,0.2130,3.0251,-0.531,-0.032,0.263,0.009,0.014,0.023,0.000,0.000,-0.000,-0.12000,0.04846,0.12000,0.00000,0.00000,0.00000,0,1.000
159270,-3.2362,0.2152,3.0274,-0.302,0.007,-0.216,0.017,0.017,0.037,0.000,0.000,0.000,-0.12000,0.05210,0.12000,0.00000,0.00000,0.00000,0,1.000
159278,-3.2414,0.2190,3.0289,-0.168,0.036,-0.274,0.004,0.018,0.037,0.000,0.000,0.000,-0.12000,0.05303,0.12000,0.00000,0.00000,0.00000,0,1.000
159285,-3.2448,0.2186,3.0326,-0.104,-0.006,-0.401,0.005,0.003,0.046,0.000,0.000,0.000,-0.12000,0.05023,0.12000,0.00000,0.00000,0.00000,0,1.000
159293,-3.2499,0.2214,3.0350,-0.269,0.129,-0.266,-0.003,0.005,0.052,0.000,0.000,0.000,-0.12000,0.05389,0.12000,0.00000,0.00000,0.00000,0,1.000
159301,-3.2510,0.2227,3.0348,-0.014,0.203,-0.278,-0.000,0.010,0.054,0.000,0.000,0.000,-0.12000,0.05427,0.12000,0.00000,0.00000,0.00000,0,1.000
159309,-3.2520,0.2268,3.0318,0.127,0.301,-0.094,-0.016,-0.010,0.018,0.000,0.000,0.000,-0.12000,0.05111,0.12000,0.00000,0.00000,0.00000,0,1.000
159316,-3.2465,0.2226,3.0304,0.207,-0.017,-0.067,-0.010,-0.003,-0.003,0.000,0.000,0.000,-0.12000,0.04472,0.12000,0.00000,0.00000,0.00000,0,1.000
159324,-3.2429,0.2284,3.0212,0.342,0.055,-0.168,-0.007,-0.004,-0.016,0.000,0.000,0.000,-0.12000,0.04687,0.12000,0.00000,0.00000,0.00000,0,1.000
159332,-3.2355,0.2322,3.0100,0.407,0.143,-0.427,0.001,-0.001,-0.035,0.000,0.000,0.000,-0.12000,0.05143,0.12000,0.00000,0.00000,0.00000,0,1.000
159339,-3.2284,0.2341,3.0011,0.598,0.259,-0.312,-0.007,-0.020,-0.056,0.000,0.000,0.000,-0.12000,0.04853,0.12000,0.00000,0.00000,0.00000,0,1.000
159347,-3.2237,0.2351,2.9955,0.563,0.095,-0.218,-0.003,-0.011,-0.048,0.000,0.000,0.000,-0.12000,0.04656,0.12000,0.00000,0.00000,0.00000,0,1.000
159355,-3.2239,0.2401,2.9908,0.534,0.129,-0.011,-0.007,-0.007,-0.053,0.000,0.000,-0.000,-0.12000,0.04739,0.12000,0.00000,0.00000,0.00000,0,1.000
159362,-3.2243,0.2443,2.9871,0.243,-0.065,0.052,0.022,-0.005,-0.024,0.000,0.000,-0.000,-0.12000,0.04665,0.12000,0.00000,0.00000,0.00000,0,1.000
159370,-3.2268,0.2452,2.9887,0.137,-0.214,-0.011,0.018,0.016,0.002,0.000,0.000,-0.000,-0.12000,0.04896,0.12000,0.00000,0.00000,0.00000,0,1.000
159378,-3.2307,0.2443,2.9935,0.063,-0.129,0.506,0.018,0.010,-0.008,0.000,0.000,-0.000,-0.12000,0.04557,0.12000,0.00000,0.00000,0.00000,0,1.000
159385,-3.2308,0.2428,2.9951,-0.206,-0.013,0.449,0.023,0.020,0.020,0.000,0.000,-0.000,-0.12000,0.05157,0.12000,0.00000,0.00000,0.00000,0,1.000
159393,-3.2270,0.2378,2.9961,0.114,0.018,0.308,0.018,0.025,0.029,0.000,0.000,-0.000,-0.12000,0.05022,0.12000,0.00000,0.00000,0.00000,0,1.000
159400,-3.2258,0.2383,2.9944,0.234,0.064,0.354,0.008,0.017,0.027,0.000,0.000,0.000,-0.12000,0.04869,0.12000,0.00000,0.00000,0.00000,0,1.000
159408,-3.2183,0.2344,2.9907,0.470,0.085,0.202,-0.005,0.013,0.029,0.000,0.000,0.000,-0.12000,0.04695,0.12000,0.00000,0.00000,0.00000,0,1.000
159416,-3.2138,0.2259,2.9945,0.597,0.199,0.490,-0.010,0.013,0.018,0.000,0.000,0.000,-0.12000,0.04394,0.12000,0.00000,0.00000,0.00000,0,1.000
159424,-3.2103,0.2169,2.9998,0.300,-0.023,0.269,-0.025,0.005,0.018,0.000,0.000,0.000,-0.12000,0.04118,0.12000,0.00000,0.00000,0.00000,0,1.000
159431,-3.2148,0.2145,3.0066,0.406,0.082,0.375,-0.025,0.007,0.001,0.000,0.000,0.000,-0.12000,0.04118,0.12000,0.00000,0.00000,0.00000,0,1.000
159439,-3.2190,0.2126,3.0127,-0.006,-0.202,0.437,-0.020,-0.003,-0.010,0.000,0.000,0.000,-0.12000,0.03685,0.12000,0.00000,0.00000,0.00000,0,1.000
159447,-3.2223,0.2125,3.0161,0.193,-0.259,0.294,-0.010,-0.008,-0.018,0.000,0.000,0.000,-0.12000,0.03452,0.12000,0.00000,0.00000,0.00000,0,1.000
159454,-3.2273,0.2145,3.0191,-0.048,-0.177,0.031,0.000,-0.024,-0.019,0.000,0.000,0.000,-0.12000,0.03836,0.12000,0.00000,0.00000,0.00000,0,1.000
159462,-3.2276,0.2128,3.0211,0.095,-0.278,-0.329,0.005,-0.029,-0.018,0.000,0.000,0.000,-0.12000,0.03731,0.12000,0.00000,0.00000,0.00000,0,1.000
159470,-3.2259,0.2124,3.0198,0.160,-0.276,-0.500,-0.003,-0.016,-0.013,0.000,0.000,-0.000,-0.12000,0.03990,0.12000,0.00000,0.00000,0.00000,0,1.000
159477,-3.2224,0.2150,3.0137,0.033,-0.218,-0.961,0.008,-0.013,-0.003,0.000,0.000,-0.000,-0.12000,0.04682,0.12000,0.00000,0.00000,0.00000,0,1.000
159485,-3.2197,0.2165,3.0095,0.110,0.008,-0.735,0.007,-0.007,0.008,0.000,0.000,-0.000,-0.12000,0.04959,0.12000,0.00000,0.00000,0.00000,0,1.000
159493,-3.2166,0.2160,3.0070,0.336,0.245,-0.670,0.020,-0.015,0.010,0.000,0.000,-0.000,-0.12000,0.05003,0.12000,0.00000,0.00000,0.00000,0,1.000
159500,-3.2142,0.2140,3.0065,0.066,0.101,-0.468,0.011,-0.009,0.014,0.000,0.000,0.000,-0.12000,0.04856,0.12000,0.00000,0.00000,0.00000,0,1.000
159508,-3.2095,0.2113,3.0043,0.249,0.432,-0.136,0.022,-0.009,0.000,0.000,0.000,0.000,-0.12000,0.04976,0.12000,0.00000,0.00000,0.00000,0,1.000
159516,-3.2034,0.2076,3.0018,0.264,0.199,-0.024,-0.003,0.012,-0.002,0.000,0.000,-0.000,-0.12000,0.04709,0.12000,0.00000,0.00000,0.00000,0,1.000
159523,-3.1992,0.2099,2.9955,0.194,0.129,-0.095,-0.008,0.014,-0.006,0.000,0.000,-0.000,-0.12000,0.04786,0.12000,0.00000,0.00000,0.00000,0,1.000
159531,-3.1970,0.2107,2.9925,0.159,-0.079,0.042,-0.012,0.017,-0.001,0.000,0.000,-0.000,-0.12000,0.04378,0.12000,0.00000,0.00000,0.00000,0,1.000
159539,-3.1963,0.2119,2.9906,0.145,0.111,-0.027,-0.020,0.005,0.002,0.000,0.000,-0.000,-0.12000,0.04632,0.12000,0.00000,0.00000,0.00000,0,1.000
159547,-3.1977,0.2154,2.9886,-0.140,0.330,-0.067,-0.027,-0.004,-0.003,0.000,0.000,-0.000,-0.12000,0.05238,0.12000,0.00000,0.00000,0.00000,0,1.000
159554,-3.2011,0.2192,2.9884,-0.204,0.329,0.104,-0.025,-0.010,0.002,0.000,0.000,-0.000,-0.12000,0.05121,0.12000,0.00000,0.00000,0.00000,0,1.000
159562,-3.2067,0.2227,2.9905,-0.225,0.147,0.095,-0.025,-0.010,0.007,0.000,0.000,-0.000,-0.12000,0.04896,0.12000,0.00000,0.00000,0.00000,0,1.000
159570,-3.2117,0.2276,2.9908,-0.516,0.082,0.029,-0.020,-0.003,0.017,0.000,0.000,-0.000,-0.12000,0.05283,0.12000,0.00000,0.00000,0.00000,0,1.000
159577,-3.2126,0.2295,2.9898,-0.346,0.146,0.006,-0.005,0.004,0.028,0.000,0.000,0.000,-0.12000,0.05421,0.12000,0.00000,0.00000,0.00000,0,1.000
159585,-3.2128,0.2335,2.9861,-0.096,-0.022,-0.076,0.013,0.006,0.019,0.000,0.000,0.000,-0.12000,0.05082,0.12000,0.00000,0.00000,0.00000,0,1.000
159593,-3.2109,0.2358,2.9820,0.004,0.058,-0.256,0.015,0.010,0.029,0.000,0.000,0.000,-0.12000,0.05403,0.12000,0.00000,0.00000,0.00000,0,1.000
159601,-3.2132,0.2435,2.9767,0.109,0.078,-0.064,0.017,-0.001,0.001,0.000,0.000,0.000,-0.12000,0.05186,0.12000,0.00000,0.00000,0.00000,0,1.000
159609,-3.2168,0.2478,2.9761,-0.006,0.146,0.089,0.024,0.004,-0.009,0.000,0.000,0.000,-0.12000,0.05447,0.12000,0.00000,0.00000,0.00000,0,1.000
159616,-3.2157,0.2478,2.9751,-0.026,0.093,-0.050,0.016,0.004,-0.025,0.000,0.000,0.000,-0.12000,0.05498,0.12000,0.00000,0.00000,0.00000,0,1.000
159624,-3.2180,0.2448,2.9803,-0.240,-0.049,0.413,0.013,-0.002,-0.023,0.000,0.000,0.000,-0.12000,0.04868,0.12000,0.00000,0.00000,0.00000,0,1.000
159632,-3.2174,0.2421,2.9823,0.032,-0.450,0.012,0.006,0.002,-0.029,0.000,0.000,0.000,-0.12000,0.04260,0.12000,0.00000,0.00000,0.00000,0,1.000
159640,-3.2203,0.2390,2.9882,0.094,-0.293,0.429,0.005,-0.004,-0.027,0.000,0.000,-0.000,-0.12000,0.03977,0.12000,0.00000,0.00000,0.00000,0,1.000
159647,-3.2245,0.2400,2.9914,0.199,0.029,0.319,-0.003,-0.013,-0.025,0.000,0.000,-0.000,-0.12000,0.04443,0.12000,0.00000,0.00000,0.00000,0,1.000
159655,-3.2301,0.2435,2.9937,-0.030,0.206,0.582,-0.008,-0.014,-0.032,0.000,0.000,-0.000,-0.12000,0.04797,0.12000,0.00000,0.00000,0.00000,0,1.000
159663,-3.2313,0.2440,2.9943,0.283,0.083,0.286,-0.016,-0.019,-0.023,0.000,0.000,-0.000,-0.12000,0.04496,0.12000,0.00000,0.00000,0.00000,0,1.000
159670,-3.2301,0.2481,2.9892,0.404,0.215,0.245,-0.031,-0.027,-0.012,0.000,0.000,-0.000,-0.12000,0.04650,0.12000,0.00000,0.00000,0.00000,0,1.000
159678,-3.2334,0.2523,2.9885,0.383,0.207,0.063,-0.032,-0.008,0.012,0.000,0.000,-0.000,-0.12000,0.05169,0.12000,0.00000,0.00000,0.00000,0,1.000
159685,-3.2343,0.2549,2.9868,0.347,0.258,-0.059,-0.012,-0.016,0.019,0.000,0.000,-0.000,-0.12000,0.05310,0.12000,0.00000,0.00000,0.00000,0,1.000
159693,-3.2365,0.2568,2.9871,0.432,0.010,0.211,-0.007,0.005,0.030,0.000,0.000,-0.000,-0.12000,0.04925,0.12000,0.00000,0.00000,0.00000,0,1.000
159701,-3.2353,0.2523,2.9903,0.341,-0.199,0.088,-0.002,0.010,0.042,0.000,0.000,-0.000,-0.12000,0.04707,0.12000,0.00000,0.00000,0.00000,0,1.000
159708,-3.2325,0.2493,2.9904,0.214,-0.573,0.060,0.015,0.012,0.049,0.000,0.000,0.000,-0.12000,0.04119,0.12000,0.00000,0.00000,0.00000,0,1.000
159716,-3.2336,0.2483,2.9925,0.220,-0.331,0.129,0.022,0.007,0.035,0.000,0.000,0.000,-0.12000,0.04409,0.12000,0.00000,0.00000,0.00000,0,1.000
159724,-3.2327,0.2460,2.9938,0.455,-0.309,-0.021,0.021,0.010,0.030,0.000,0.000,0.000,-0.12000,0.04368,0.12000,0.00000,0.00000,0.00000,0,1.000
159732,-3.2265,0.2454,2.9881,0.476,-0.171,0.030,0.018,0.002,0.017,0.000,0.000,0.000,-0.12000,0.04433,0.12000,0.00000,0.00000,0.00000,0,1.000
159739,-3.2198,0.2422,2.9846,0.426,-0.060,-0.032,0.002,-0.005,-0.005,0.000,0.000,0.000,-0.12000,0.04557,0.12000,0.00000,0.00000,0.00000,0,1.000
159747,-3.2119,0.2402,2.9787,0.703,0.282,-0.121,0.006,-0.008,-0.021,0.000,0.000,0.000,-0.12000,0.04928,0.12000,0.00000,0.00000,0.00000,0,1.000
159755,-3.2072,0.2395,2.9747,0.653,0.307,-0.097,-0.000,-0.014,-0.029,0.000,0.000,0.000,-0.12000,0.04898,0.12000,0.00000,0.00000,0.00000,0,1.000
159762,-3.1988,0.2327,2.9729,0.894,0.095,0.297,-0.014,-0.005,-0.026,0.000,0.000,0.000,-0.12000,0.03989,0.12000,0.00000,0.00000,0.00000,0,1.000
159770,-3.1936,0.2272,2.9729,0.795,0.145,0.347,-0.011,-0.009,-0.024,0.000,0.000,0.000,-0.12000,0.03930,0.12000,0.00000,0.00000,0.00000,0,1.000
159778,-3.1931,0.2245,2.9751,0.569,-0.093,0.282,-0.003,0.008,-0.025,0.000,0.000,-0.000,-0.12000,0.03965,0.12000,0.00000,0.00000,0.00000,0,1.000
159785,-3.1911,0.2199,2.9776,0.214,0.098,0.128,0.003,0.008,-0.007,0.000,0.000,-0.000,-0.12000,0.04634,0.12000,0.00000,0.00000,0.00000,0,1.000
159793,-3.1883,0.2151,2.9794,-0.047,-0.132,-0.015,0.012,0.008,-0.004,0.000,0.000,-0.000,-0.12000,0.04447,0.12000,0.00000,0.00000,0.00000,0,1.000
159801,-3.1850,0.2124,2.9789,-0.017,-0.166,-0.221,0.003,0.012,0.038,0.000,0.000,-0.000,-0.12000,0.04531,0.12000,0.00000,0.00000,0.00000,0,1.000
159808,-3.1867,0.2107,2.9822,-0.053,-0.245,-0.213,0.002,0.015,0.037,0.000,0.000,0.000,-0.12000,0.04418,0.12000,0.00000,0.00000,0.00000,0,1.000
159816,-3.1853,0.2091,2.9824,-0.124,-0.057,-0.542,0.003,0.011,0.045,0.000,0.000,0.000,-0.12000,0.05008,0.12000,0.00000,0.00000,0.00000,0,1.000
159823,-3.1872,0.2077,2.9856,-0.317,0.112,-0.200,-0.002,0.007,0.041,0.000,0.000,0.000,-0.12000,0.05099,0.12000,0.00000,0.00000,0.00000,0,1.000
159831,-3.1871,0.2079,2.9853,-0.132,-0.057,-0.110,-0.002,-0.000,0.039,0.000,0.000,0.000,-0.12000,0.04442,0.12000,0.00000,0.00000,0.00000,0,1.000
159839,-3.1846,0.2041,2.9865,-0.331,0.042,-0.011,0.008,-0.000,0.019,0.000,0.000,0.000,-0.12000,0.04628,0.12000,0.00000,0.00000,0.00000,0,1.000
159847,-3.1833,0.2022,2.9871,-0.339,0.085,0.378,0.003,-0.005,0.014,0.000,0.000,0.000,-0.12000,0.04283,0.12000,0.00000,0.00000,0.00000,0,1.000
159854,-3.1838,0.2045,2.9853,-0.169,0.192,0.312,0.005,0.002,-0.002,0.000,0.000,0.000,-0.12000,0.04547,0.12000,0.00000,0.00000,0.00000,0,1.000
159862,-3.1869,0.2090,2.9840,-0.099,0.392,0.252,0.004,-0.022,-0.011,0.000,0.000,0.000,-0.12000,0.04634,0.12000,0.00000,0.00000,0.00000,0,1.000
159870,-3.1877,0.2119,2.9821,0.080,0.197,0.057,-0.002,-0.023,-0.031,0.000,0.000,0.000,-0.12000,0.04350,0.12000,0.00000,0.00000,0.00000,0,1.000
159878,-3.1889,0.2131,2.9821,-0.111,-0.048,0.071,-0.013,-0.020,-0.026,0.000,0.000,0.000,-0.12000,0.04114,0.12000,0.00000,0.00000,0.00000,0,1.000
159885,-3.1941,0.2142,2.9861,-0.126,0.185,-0.041,-0.010,-0.009,-0.046,0.000,0.000,0.000,-0.12000,0.04838,0.12000,0.00000,0.00000,0.00000,0,1.000
159893,-3.2012,0.2170,2.9905,-0.232,-0.050,-0.017,-0.008,-0.015,-0.047,0.000,0.000,0.000,-0.12000,0.04455,0.12000,0.00000,0.00000,0.00000,0,1.000
159901,-3.2097,0.2197,2.9965,-0.538,-0.013,-0.066,-0.008,0.009,-0.048,0.000,0.000,-0.000,-0.12000,0.05259,0.12000,0.00000,0.00000,0.00000,0,1.000
159908,-3.2145,0.2231,2.9980,-0.284,0.019,-0.035,-0.009,0.018,-0.030,0.000,0.000,-0.000,-0.12000,0.05272,0.12000,0.00000,0.00000,0.00000,0,1.000
159916,-3.2200,0.2239,3.0026,-0.064,0.014,-0.038,-0.011,0.018,-0.012,0.000,0.000,-0.000,-0.12000,0.05104,0.12000,0.00000,0.00000,0.00000,0,1.000
159924,-3.2186,0.2266,2.9986,-0.078,0.118,-0.022,0.014,0.016,0.012,0.000,0.000,-0.000,-0.12000,0.05294,0.12000,0.00000,0.00000,0.00000,0,1.000
159932,-3.2160,0.2262,2.9964,0.086,0.112,-0.286,0.011,0.013,0.030,0.000,0.000,-0.000,-0.12000,0.05310,0.12000,0.00000,0.00000,0.00000,0,1.000
159940,-3.2130,0.2252,2.9944,0.391,0.075,-0.237,0.013,0.010,0.041,0.000,0.000,-0.000,-0.12000,0.04870,0.12000,0.00000,0.00000,0.00000,0,1.000
159947,-3.2104,0.2216,2.9952,0.667,0.028,0.062,-0.004,-0.012,0.033,0.000,0.000,0.000,-0.12000,0.03878,0.12000,0.00000,0.00000,0.00000,0,1.000
159955,-3.2104,0.2197,2.9972,0.127,0.086,0.121,0.010,-0.029,0.022,0.000,0.000,0.000,-0.12000,0.04118,0.12000,0.00000,0.00000,0.00000,0,1.000
159963,-3.2108,0.2175,2.9997,0.312,0.003,0.125,0.003,-0.025,0.018,0.000,0.000,0.000,-0.12000,0.03816,0.12000,0.00000,0.00000,0.00000,0,1.000
159970,-3.2122,0.2185,3.0000,0.112,0.189,0.138,0.008,0.001,-0.003,0.000,0.000,0.000,-0.12000,0.04727,0.12000,0.00000,0.00000,0.00000,0,1.000
159978,-3.2108,0.2158,3.0013,0.036,-0.123,-0.001,0.007,-0.013,-0.010,0.000,0.000,0.000,-0.12000,0.04068,0.12000,0.00000,0.00000,0.00000,0,1.000
159986,-3.2085,0.2140,3.0008,0.036,-0.210,0.085,-0.002,-0.003,-0.019,0.000,0.000,0.000,-0.12000,0.03958,0.12000,0.00000,0.00000,0.00000,0,1.000
159993,-3.2062,0.2146,2.9978,0.001,-0.072,-0.123,-0.012,-0.003,-0.024,0.000,0.000,0.000,-0.12000,0.04430,0.12000,0.00000,0.00000,0.00000,0,1.000
160001,-3.2025,0.2172,2.9917,-0.133,0.072,-0.239,-0.010,0.005,-0.028,0.000,0.000,0.000,-0.12000,0.05091,0.12000,0.00000,0.00000,0.00000,0,1.000
160009,-3.2002,0.2185,2.9880,0.008,0.084,0.031,-0.012,0.012,-0.034,0.000,0.000,-0.000,-0.12000,0.04916,0.12000,0.00000,0.00000,0.00000,0,1.000
160016,-3.1977,0.2179,2.9862,-0.006,-0.029,0.264,-0.015,0.019,-0.022,0.000,0.000,-0.000,-0.12000,0.04617,0.12000,0.00000,0.00000,0.00000,0,1.000
160024,-3.1963,0.2173,2.9853,0.065,0.128,0.248,-0.012,0.014,-0.013,0.000,0.000,-0.000,-0.12000,0.04763,0.12000,0.00000,0.00000,0.00000,0,1.000
160032,-3.1963,0.2147,2.9878,0.179,0.104,0.051,-0.025,0.007,-0.015,0.000,0.000,-0.000,-0.12000,0.04622,0.12000,0.00000,0.00000,0.00000,0,1.000
160040,-3.1983,0.2183,2.9864,-0.135,0.271,0.304,-0.013,0.009,-0.005,0.000,0.000,-0.000,-0.12000,0.05075,0.12000,0.00000,0.00000,0.00000,0,1.000
160047,-3.2034,0.2186,2.9912,-0.065,0.298,0.418,-0.016,-0.001,0.024,0.000,0.000,-0.000,-0.12000,0.04802,0.12000,0.00000,0.00000,0.00000,0,1.000
160055,-3.2008,0.2159,2.9913,-0.106,0.064,0.270,-0.002,-0.009,0.033,0.000,0.000,-0.000,-0.12000,0.04351,0.12000,0.00000,0.00000,0.00000,0,1.000
160062,-3.2001,0.2109,2.9954,0.135,0.241,0.276,-0.010,-0.007,0.028,0.000,0.000,-0.000,-0.12000,0.04396,0.12000,0.00000,0.00000,0.00000,0,1.000
160070,-3.2014,0.2086,2.9989,0.150,0.051,0.345,-0.005,-0.003,0.023,0.000,0.000,0.000,-0.12000,0.03989,0.12000,0.00000,0.00000,0.00000,0,1.000
160078,-3.2051,0.2093,3.0020,-0.126,0.011,0.133,-0.010,-0.010,0.017,0.000,0.000,0.000,-0.12000,0.04246,0.12000,0.00000,0.00000,0.00000,0,1.000
160086,-3.2052,0.2087,3.0026,-0.012,-0.142,0.066,0.018,0.005,0.010,0.000,0.000,0.000,-0.12000,0.04151,0.12000,0.00000,0.00000,0.00000,0,1.000
160094,-3.2074,0.2110,3.0027,0.079,0.240,0.016,0.013,-0.003,-0.001,0.000,0.000,0.000,-0.12000,0.04733,0.12000,0.00000,0.00000,0.00000,0,1.000
160101,-3.2090,0.2120,3.0032,0.008,0.169,-0.054,0.017,-0.009,-0.018,0.000,0.000,0.000,-0.12000,0.04653,0.12000,0.00000,0.00000,0.00000,0,1.000
160109,-3.2095,0.2145,3.0013,0.072,0.127,-0.182,0.014,0.004,-0.029,0.000,0.000,0.000,-0.12000,0.04894,0.12000,0.00000,0.00000,0.00000,0,1.000
160117,-3.2077,0.2165,2.9976,0.023,0.152,-0.158,0.002,0.003,-0.015,0.000,0.000,-0.000,-0.12000,0.04984,0.12000,0.00000,0.00000,0.00000,0,1.000
160124,-3.2053,0.2168,2.9948,0.187,0.061,-0.336,-0.008,0.007,-0.022,0.000,0.000,-0.000,-0.12000,0.04914,0.12000,0.00000,0.00000,0.00000,0,1.000
160132,-3.2024,0.2138,2.9948,0.202,-0.043,-0.353,-0.014,0.010,-0.020,0.000,0.000,-0.000,-0.12000,0.04710,0.12000,0.00000,0.00000,0.00000,0,1.000
160139,-3.1999,0.2140,2.9922,0.272,-0.102,-0.153,-0.021,0.010,0.003,0.000,0.000,-0.000,-0.12000,0.04364,0.12000,0.00000,0.00000,0.00000,0,1.000
160147,-3.2000,0.2125,2.9937,-0.047,-0.091,-0.056,-0.016,0.024,-0.001,0.000,0.000,-0.000,-0.12000,0.04748,0.12000,0.00000,0.00000,0.00000,0,1.000
160155,-3.1996,0.2087,2.9970,0.178,0.060,0.096,-0.013,0.008,0.004,0.000,0.000,-0.000,-0.12000,0.04389,0.12000,0.00000,0.00000,0.00000,0,1.000
160162,-3.1944,0.2079,2.9926,0.044,0.117,0.067,-0.011,-0.002,0.030,0.000,0.000,-0.000,-0.12000,0.04433,0.12000,0.00000,0.00000,0.00000,0,1.000
160170,-3.1940,0.2082,2.9919,0.073,0.040,-0.096,0.001,-0.011,0.026,0.000,0.000,-0.000,-0.12000,0.04272,0.12000,0.00000,0.00000,0.00000,0,1.000
160178,-3.1946,0.2067,2.9940,0.003,0.013,-0.210,0.017,-0.012,0.022,0.000,0.000,0.000,-0.12000,0.04330,0.12000,0.00000,0.00000,0.00000,0,1.000
160185,-3.1922,0.2085,2.9898,0.130,0.257,-0.052,0.029,-0.010,0.021,0.000,0.000,0.000,-0.12000,0.04596,0.12000,0.00000,0.00000,0.00000,0,1.000
160193,-3.1926,0.2098,2.9890,0.059,0.100,-0.036,0.019,-0.015,0.017,0.000,0.000,0.000,-0.12000,0.04318,0.12000,0.00000,0.00000,0.00000,0,1.000
160201,-3.1923,0.2094,2.9891,0.059,0.100,-0.036,0.027,-0.002,0.012,0.000,0.000,0.000,-0.12000,0.04504,0.12000,0.00000,0.00000,0.00000,0,1.000
160209,-3.1933,0.2099,2.9895,0.158,0.093,-0.129,0.029,-0.011,-0.003,0.000,0.000,0.000,-0.12000,0.04366,0.12000,0.00000,0.00000,0.00000,0,1.000
160216,-3.1947,0.2136,2.9873,0.073,0.040,-0.096,0.019,-0.008,-0.008,0.000,0.000,0.000,-0.12000,0.04443,0.12000,0.00000,0.00000,0.00000,0,1.000
160224,-3.1977,0.2172,2.9868,0.208,0.199,-0.283,0.002,-0.002,-0.000,0.000,0.000,0.000,-0.12000,0.04948,0.12000,0.00000,0.00000,0.00000,0,1.000
160232,-3.2004,0.2204,2.9864,-0.141,0.330,-0.066,-0.011,0.011,-0.012,0.000,0.000,0.000,-0.12000,0.05587,0.12000,0.00000,0.00000,0.00000,0,1.000
160239,-3.2008,0.2188,2.9883,-0.148,0.088,-0.135,-0.005,0.014,-0.017,0.000,0.000,0.000,-0.12000,0.05223,0.12000,0.00000,0.00000,0.00000,0,1.000
160247,-3.2017,0.2237,2.9845,-0.253,0.026,-0.284,-0.025,0.006,-0.007,0.000,0.000,0.000,-0.12000,0.05297,0.12000,0.00000,0.00000,0.00000,0,1.000
160255,-3.2021,0.2232,2.9854,-0.183,0.010,-0.127,-0.018,-0.002,-0.000,0.000,0.000,0.000,-0.12000,0.04936,0.12000,0.00000,0.00000,0.00000,0,1.000
160262,-3.2007,0.2256,2.9816,0.087,0.067,-0.243,-0.017,0.002,-0.004,0.000,0.000,0.000,-0.12000,0.05016,0.12000,0.00000,0.00000,0.00000,0,1.000
160270,-3.1988,0.2245,2.9809,0.137,-0.088,-0.138,-0.008,0.001,-0.003,0.000,0.000,-0.000,-0.12000,0.04562,0.12000,0.00000,0.00000,0.00000,0,1.000
160278,-3.1976,0.2268,2.9774,0.137,-0.044,-0.182,-0.015,-0.006,-0.003,0.000,0.000,-0.000,-0.12000,0.04626,0.12000,0.00000,0.00000,0.00000,0,1.000
160286,-3.1997,0.2295,2.9769,0.081,-0.218,-0.269,-0.013,-0.012,-0.000,0.000,0.000,-0.000,-0.12000,0.04387,0.12000,0.00000,0.00000,0.00000,0,1.000
160294,-3.2021,0.2346,2.9743,0.031,-0.192,-0.244,0.006,-0.013,-0.004,0.000,0.000,-0.000,-0.12000,0.04546,0.12000,0.00000,0.00000,0.00000,0,1.000
160301,-3.2029,0.2367,2.9731,-0.034,-0.064,-0.202,0.001,-0.010,0.005,0.000,0.000,-0.000,-0.12000,0.04882,0.12000,0.00000,0.00000,0.00000,0,1.000
160309,-3.2025,0.2400,2.9694,-0.034,0.023,-0.289,0.016,-0.016,0.002,0.000,0.000,-0.000,-0.12000,0.05088,0.12000,0.00000,0.00000,0.00000,0,1.000
160317,-3.2015,0.2433,2.9652,-0.142,0.246,0.019,0.003,0.000,0.003,0.000,0.000,0.000,-0.12000,0.05650,0.12000,0.00000,0.00000,0.00000,0,1.000
160324,-3.2042,0.2456,2.9657,0.099,0.208,0.240,0.003,-0.003,0.006,0.000,0.000,0.000,-0.12000,0.05180,0.12000,0.00000,0.00000,0.00000,0,1.000
160332,-3.2042,0.2446,2.9667,0.142,0.113,-0.027,0.002,0.012,0.000,0.000,0.000,0.000,-0.12000,0.05424,0.12000,0.00000,0.00000,0.00000,0,1.000
160340,-3.2029,0.2462,2.9638,0.099,0.337,0.110,0.006,0.012,-0.002,0.000,0.000,0.000,-0.12000,0.05782,0.12000,0.00000,0.00000,0.00000,0,1.000
160347,-3.2005,0.2439,2.9637,0.064,0.129,0.248,-0.010,0.016,-0.001,0.000,0.000,0.000,-0.12000,0.05333,0.12000,0.00000,0.00000,0.00000,0,1.000
160355,-3.2024,0.2444,2.9651,-0.121,0.211,0.244,-0.002,0.001,-0.009,0.000,0.000,0.000,-0.12000,0.05422,0.12000,0.00000,0.00000,0.00000,0,1.000
160362,-3.2023,0.2439,2.9654,-0.226,0.149,0.095,0.011,-0.007,0.002,0.000,0.000,0.000,-0.12000,0.05371,0.12000,0.00000,0.00000,0.00000,0,1.000
160370,-3.2031,0.2407,2.9693,0.029,0.136,0.170,0.020,-0.007,-0.004,0.000,0.000,0.000,-0.12000,0.04997,0.12000,0.00000,0.00000,0.00000,0,1.000
160378,-3.1984,0.2363,2.9690,0.173,-0.095,-0.061,0.010,0.004,0.006,0.000,0.000,0.000,-0.12000,0.04749,0.12000,0.00000,0.00000,0.00000,0,1.000
160386,-3.1960,0.2347,2.9681,-0.076,-0.014,0.107,0.017,-0.002,0.007,0.000,0.000,0.000,-0.12000,0.04823,0.12000,0.00000,0.00000,0.00000,0,1.000
160393,-3.1973,0.2362,2.9680,-0.005,-0.029,0.264,0.013,-0.006,-0.008,0.000,0.000,0.000,-0.12000,0.04584,0.12000,0.00000,0.00000,0.00000,0,1.000
160401,-3.1962,0.2348,2.9682,-0.026,0.004,0.039,0.008,0.000,-0.014,0.000,0.000,0.000,-0.12000,0.04924,0.12000,0.00000,0.00000,0.00000,0,1.000
160409,-3.1995,0.2347,2.9716,-0.020,0.203,0.151,0.007,0.005,-0.002,0.000,0.000,-0.000,-0.12000,0.05262,0.12000,0.00000,0.00000,0.00000,0,1.000
160416,-3.1992,0.2368,2.9692,-0.055,0.082,0.202,0.013,0.002,-0.015,0.000,0.000,-0.000,-0.12000,0.05018,0.12000,0.00000,0.00000,0.00000,0,1.000
160424,-3.1968,0.2344,2.9692,-0.020,0.117,0.237,0.006,0.010,-0.010,0.000,0.000,-0.000,-0.12000,0.05109,0.12000,0.00000,0.00000,0.00000,0,1.000
160432,-3.1985,0.2335,2.9718,-0.125,-0.119,0.261,-0.018,0.013,-0.003,0.000,0.000,-0.000,-0.12000,0.04773,0.12000,0.00000,0.00000,0.00000,0,1.000
160439,-3.2008,0.2322,2.9754,-0.020,0.159,0.195,-0.010,0.011,0.001,0.000,0.000,-0.000,-0.12000,0.05182,0.12000,0.00000,0.00000,0.00000,0,1.000
160447,-3.2049,0.2325,2.9791,0.030,0.048,0.256,-0.026,0.007,0.006,0.000,0.000,-0.000,-0.12000,0.04845,0.12000,0.00000,0.00000,0.00000,0,1.000
160455,-3.2107,0.2343,2.9832,-0.120,0.123,0.331,-0.023,0.006,0.008,0.000,0.000,-0.000,-0.12000,0.05069,0.12000,0.00000,0.00000,0.00000,0,1.000
160463,-3.2145,0.2337,2.9876,-0.042,-0.022,0.187,-0.029,-0.004,0.011,0.000,0.000,-0.000,-0.12000,0.04673,0.12000,0.00000,0.00000,0.00000,0,1.000
160470,-3.2167,0.2347,2.9888,-0.177,0.122,0.072,-0.020,-0.012,0.012,0.000,0.000,0.000,-0.12000,0.05039,0.12000,0.00000,0.00000,0.00000,0,1.000
160478,-3.2198,0.2377,2.9890,-0.142,0.244,0.021,-0.015,-0.014,0.017,0.000,0.000,0.000,-0.12000,0.05303,0.12000,0.00000,0.00000,0.00000,0,1.000
160486,-3.2187,0.2378,2.9878,-0.227,0.234,0.010,0.008,-0.017,0.017,0.000,0.000,0.000,-0.12000,0.05306,0.12000,0.00000,0.00000,0.00000,0,1.000
160493,-3.2195,0.2377,2.9887,-0.247,0.009,0.044,0.013,-0.030,0.001,0.000,0.000,0.000,-0.12000,0.04718,0.12000,0.00000,0.00000,0.00000,0,1.000
160501,-3.2158,0.2350,2.9877,-0.091,0.218,-0.005,0.023,-0.023,0.008,0.000,0.000,0.000,-0.12000,0.05035,0.12000,0.00000,0.00000,0.00000,0,1.000
160509,-3.2126,0.2302,2.9891,0.094,0.006,0.129,0.015,-0.020,-0.007,0.000,0.000,0.000,-0.12000,0.04342,0.12000,0.00000,0.00000,0.00000,0,1.000
160516,-3.2081,0.2277,2.9870,0.344,-0.162,0.047,0.017,-0.004,-0.017,0.000,0.000,0.000,-0.12000,0.04094,0.12000,0.00000,0.00000,0.00000,0,1.000
160524,-3.2062,0.2258,2.9870,0.485,0.022,0.145,0.016,-0.007,-0.032,0.000,-0.000,0.000,-0.12000,0.04136,0.12000,0.00000,0.00000,0.00000,0,1.000
160531,-3.2066,0.2250,2.9882,0.449,-0.143,0.239,0.013,0.009,-0.022,0.000,0.000,-0.000,-0.12000,0.04027,0.12000,0.00000,0.00000,0.00000,0,1.000
160539,-3.2055,0.2233,2.9888,0.215,0.094,0.131,0.004,0.009,-0.024,0.000,0.000,-0.000,-0.12000,0.04722,0.12000,0.00000,0.00000,0.00000,0,1.000
160547,-3.2085,0.2259,2.9892,0.370,0.348,0.039,-0.001,0.014,-0.025,0.000,0.000,-0.000,-0.12000,0.05256,0.12000,0.00000,0.00000,0.00000,0,1.000
160554,-3.2135,0.2309,2.9894,0.290,0.278,0.400,-0.005,0.016,0.007,0.000,0.000,-0.000,-0.12000,0.05016,0.12000,0.00000,0.00000,0.00000,0,1.000
160562,-3.2127,0.2324,2.9871,0.319,0.287,0.150,-0.020,0.008,0.002,0.000,0.000,-0.000,-0.12000,0.05141,0.12000,0.00000,0.00000,0.00000,0,1.000
160570,-3.2152,0.2358,2.9862,0.240,0.217,0.511,-0.017,0.015,0.009,0.000,0.000,-0.000,-0.12000,0.04947,0.12000,0.00000,0.00000,0.00000,0,1.000
160578,-3.2129,0.2353,2.9845,0.440,0.031,0.497,-0.026,0.025,0.013,0.000,0.000,-0.000,-0.12000,0.04587,0.12000,0.00000,0.00000,0.00000,0,1.000
160586,-3.2096,0.2330,2.9834,0.540,0.068,0.361,-0.025,0.037,0.012,0.000,0.000,-0.000,-0.12000,0.04771,0.12000,0.00000,0.00000,0.00000,0,1.000
160593,-3.2064,0.2307,2.9824,0.640,-0.025,0.354,-0.024,0.015,0.014,0.000,0.000,-0.000,-0.12000,0.04201,0.12000,0.00000,0.00000,0.00000,0,1.000
160601,-3.2099,0.2330,2.9837,0.434,0.006,0.212,-0.007,0.015,0.022,0.000,0.000,0.000,-0.12000,0.04588,0.12000,0.00000,0.00000,0.00000,0,1.000
160608,-3.2088,0.2301,2.9854,0.604,0.026,0.233,-0.002,0.008,0.016,0.000,0.000,0.000,-0.12000,0.04292,0.12000,0.00000,0.00000,0.00000,0,1.000
160616,-3.2122,0.2304,2.9885,0.313,-0.212,0.340,0.011,-0.001,0.018,0.000,0.000,0.000,-0.12000,0.03872,0.12000,0.00000,0.00000,0.00000,0,1.000
160624,-3.2139,0.2305,2.9901,0.553,-0.207,0.518,0.034,0.010,0.010,0.000,0.000,0.000,-0.12000,0.03696,0.12000,0.00000,0.00000,0.00000,0,1.000
160631,-3.2144,0.2307,2.9904,0.318,0.073,0.366,0.033,-0.021,0.003,0.000,0.000,0.000,-0.12000,0.04058,0.12000,0.00000,0.00000,0.00000,0,1.000
160639,-3.2135,0.2298,2.9903,0.467,0.128,0.162,0.026,-0.015,-0.013,0.000,0.000,0.000,-0.12000,0.04280,0.12000,0.00000,0.00000,0.00000,0,1.000
160647,-3.2078,0.2296,2.9849,0.468,0.214,0.075,0.020,-0.037,-0.007,0.000,0.000,0.000,-0.12000,0.04226,0.12000,0.00000,0.00000,0.00000,0,1.000
160655,-3.2028,0.2231,2.9862,0.234,0.235,0.183,0.005,-0.006,-0.009,0.000,0.000,0.000,-0.12000,0.04656,0.12000,0.00000,0.00000,0.00000,0,1.000
160662,-3.1994,0.2180,2.9878,0.398,0.056,0.091,0.010,-0.008,-0.007,0.000,0.000,0.000,-0.12000,0.04130,0.12000,0.00000,0.00000,0.00000,0,1.000
160670,-3.1993,0.2125,2.9930,0.469,-0.090,0.378,0.003,-0.005,-0.012,0.000,0.000,0.000,-0.12000,0.03509,0.12000,0.00000,0.00000,0.00000,0,1.000
160678,-3.2005,0.2096,2.9970,0.497,-0.167,0.215,0.001,-0.006,-0.010,0.000,0.000,0.000,-0.12000,0.03407,0.12000,0.00000,0.00000,0.00000,0,1.000
160685,-3.2001,0.2101,2.9961,0.518,-0.244,0.483,-0.018,0.001,-0.010,0.000,0.000,0.000,-0.12000,0.03149,0.12000,0.00000,0.00000,0.00000,0,1.000
160693,-3.1986,0.2074,2.9972,0.603,-0.190,0.450,-0.024,-0.006,-0.003,0.000,0.000,0.000,-0.12000,0.03034,0.12000,0.00000,0.00000,0.00000,0,1.000
160701,-3.1994,0.2093,2.9962,0.347,-0.048,0.246,-0.018,-0.018,0.006,0.000,0.000,0.000,-0.12000,0.03525,0.12000,0.00000,0.00000,0.00000,0,1.000
160708,-3.1991,0.2096,2.9957,0.227,-0.050,0.158,-0.012,0.002,0.025,0.000,0.000,0.000,-0.12000,0.04017,0.12000,0.00000,0.00000,0.00000,0,1.000
160716,-3.1970,0.2101,2.9930,0.283,0.038,0.331,0.006,-0.019,0.025,0.000,0.000,0.000,-0.12000,0.03657,0.12000,0.00000,0.00000,0.00000,0,1.000
160724,-3.1952,0.2118,2.9896,0.312,0.090,0.038,-0.000,-0.003,0.019,0.000,0.000,0.000,-0.12000,0.04262,0.12000,0.00000,0.00000,0.00000,0,1.000
160731,-3.1955,0.2102,2.9915,0.397,-0.029,0.178,-0.002,-0.005,0.021,0.000,0.000,0.000,-0.12000,0.03787,0.12000,0.00000,0.00000,0.00000,0,1.000
160739,-3.1921,0.2087,2.9895,0.383,0.075,0.194,0.004,-0.003,0.011,0.000,0.000,0.000,-0.12000,0.03968,0.12000,0.00000,0.00000,0.00000,0,1.000
160747,-3.1901,0.2038,2.9923,0.553,-0.078,0.388,-0.003,-0.000,0.003,0.000,0.000,0.000,-0.12000,0.03336,0.12000,0.00000,0.00000,0.00000,0,1.000
160754,-3.1867,0.1991,2.9935,0.383,-0.056,0.324,0.006,0.005,-0.010,0.000,0.000,0.000,-0.12000,0.03559,0.12000,0.00000,0.00000,0.00000,0,1.000
160762,-3.1818,0.1948,2.9928,0.398,-0.375,0.523,-0.004,0.018,-0.022,0.000,0.000,0.000,-0.12000,0.02921,0.12000,0.00000,0.00000,0.00000,0,1.000
160770,-3.1792,0.1895,2.9953,0.469,-0.132,0.421,0.008,0.028,-0.028,0.000,0.000,0.000,-0.12000,0.03420,0.12000,0.00000,0.00000,0.00000,0,1.000
160777,-3.1782,0.1888,2.9950,0.483,-0.106,0.274,-0.002,0.019,-0.027,0.000,0.000,0.000,-0.12000,0.03439,0.12000,0.00000,0.00000,0.00000,0,1.000
160785,-3.1735,0.1854,2.9937,0.463,-0.072,0.049,-0.003,0.023,-0.027,0.000,0.000,0.000,-0.12000,0.03699,0.12000,0.00000,0.00000,0.00000,0,1.000
160793,-3.1729,0.1841,2.9942,0.597,0.043,-0.095,-0.001,0.001,-0.020,0.000,0.000,-0.000,-0.12000,0.03551,0.12000,0.00000,0.00000,0.00000,0,1.000
160801,-3.1724,0.1834,2.9945,0.357,0.081,-0.315,-0.009,-0.011,0.011,0.000,0.000,-0.000,-0.12000,0.03785,0.12000,0.00000,0.00000,0.00000,0,1.000
160808,-3.1715,0.1817,2.9952,0.192,0.130,-0.093,0.001,-0.015,0.018,0.000,0.000,0.000,-0.12000,0.03724,0.12000,0.00000,0.00000,0.00000,0,1.000
160816,-3.1724,0.1798,2.9980,0.157,0.051,-0.085,-0.003,-0.012,0.017,0.000,0.000,0.000,-0.12000,0.03614,0.12000,0.00000,0.00000,0.00000,0,1.000
160824,-3.1721,0.1827,2.9948,-0.183,0.182,-0.299,0.011,-0.017,0.018,0.000,0.000,0.000,-0.12000,0.04297,0.12000,0.00000,0.00000,0.00000,0,1.000
160832,-3.1683,0.1817,2.9920,0.008,0.169,-0.054,0.004,-0.003,0.012,0.000,0.000,0.000,-0.12000,0.04104,0.12000,0.00000,0.00000,0.00000,0,1.000
160839,-3.1622,0.1840,2.9837,-0.182,0.096,-0.214,0.013,-0.008,0.014,0.000,0.000,0.000,-0.12000,0.04227,0.12000,0.00000,0.00000,0.00000,0,1.000
160847,-3.1614,0.1843,2.9826,-0.082,-0.126,-0.091,0.020,0.002,0.012,0.000,0.000,0.000,-0.12000,0.03809,0.12000,0.00000,0.00000,0.00000,0,1.000
160855,-3.1562,0.1839,2.9778,0.059,0.187,-0.123,-0.007,0.022,-0.004,0.000,0.000,0.000,-0.12000,0.04602,0.12000,0.00000,0.00000,0.00000,0,1.000
160863,-3.1520,0.1822,2.9752,0.110,-0.054,0.067,-0.002,0.024,-0.022,0.000,0.000,0.000,-0.12000,0.03947,0.12000,0.00000,0.00000,0.00000,0,1.000
160871,-3.1484,0.1799,2.9739,0.116,0.188,0.136,-0.002,0.024,-0.028,0.000,0.000,0.000,-0.12000,0.04279,0.12000,0.00000,0.00000,0.00000,0,1.000
160878,-3.1487,0.1790,2.9751,-0.133,0.398,0.175,0.009,0.034,-0.025,0.000,0.000,0.000,-0.12000,0.04941,0.12000,0.00000,0.00000,0.00000,0,1.000
160886,-3.1489,0.1816,2.9727,0.102,0.248,0.196,0.014,0.015,-0.037,0.000,0.000,-0.000,-0.12000,0.04255,0.12000,0.00000,0.00000,0.00000,0,1.000
160893,-3.1505,0.1828,2.9732,-0.025,-0.083,0.124,0.012,0.006,-0.034,0.000,0.000,-0.000,-0.12000,0.03718,0.12000,0.00000,0.00000,0.00000,0,1.000
160901,-3.1490,0.1830,2.9714,0.034,-0.150,-0.289,0.010,0.011,-0.018,0.000,0.000,-0.000,-0.12000,0.03964,0.12000,0.00000,0.00000,0.00000,0,1.000
160909,-3.1499,0.1832,2.9721,0.089,-0.106,-0.072,0.018,-0.009,0.004,0.000,0.000,-0.000,-0.12000,0.03492,0.12000,0.00000,0.00000,0.00000,0,1.000
160917,-3.1543,0.1845,2.9752,0.033,-0.064,-0.375,-0.003,-0.024,0.018,0.000,0.000,-0.000,-0.12000,0.03674,0.12000,0.00000,0.00000,0.00000,0,1.000
160924,-3.1570,0.1839,2.9786,-0.266,-0.173,0.034,0.006,-0.036,0.024,0.000,0.000,-0.000,-0.12000,0.03225,0.12000,0.00000,0.00000,0.00000,0,1.000
160932,-3.1631,0.1850,2.9837,-0.402,-0.245,0.135,-0.007,-0.038,0.035,0.000,0.000,0.000,-0.12000,0.03130,0.12000,0.00000,0.00000,0.00000,0,1.000
160940,-3.1633,0.1833,2.9855,-0.416,-0.185,0.195,-0.003,-0.023,0.032,0.000,0.000,0.000,-0.12000,0.03343,0.12000,0.00000,0.00000,0.00000,0,1.000
160947,-3.1659,0.1826,2.9888,-0.281,-0.199,0.181,-0.024,-0.011,0.026,0.000,0.000,0.000,-0.12000,0.03385,0.12000,0.00000,0.00000,0.00000,0,1.000
160955,-3.1671,0.1828,2.9897,-0.487,0.047,-0.177,-0.024,0.007,0.014,0.000,0.000,0.000,-0.12000,0.04598,0.12000,0.00000,0.00000,0.00000,0,1.000
160963,-3.1665,0.1807,2.9911,-0.111,-0.050,0.072,-0.023,0.023,-0.003,0.000,0.000,0.000,-0.12000,0.04096,0.12000,0.00000,0.00000,0.00000,0,1.000
160970,-3.1709,0.1849,2.9915,0.009,0.126,-0.012,-0.019,0.012,-0.002,0.000,0.000,0.000,-0.12000,0.04319,0.12000,0.00000,0.00000,0.00000,0,1.000
160978,-3.1759,0.1926,2.9890,0.164,0.207,0.069,-0.026,0.030,-0.025,0.000,0.000,0.000,-0.12000,0.04686,0.12000,0.00000,0.00000,0.00000,0,1.000
160986,-3.1815,0.1975,2.9898,0.228,0.123,-0.016,-0.002,0.012,-0.025,0.000,0.000,0.000,-0.12000,0.04390,0.12000,0.00000,0.00000,0.00000,0,1.000
160994,-3.1870,0.2002,2.9927,0.134,0.371,0.147,0.004,-0.004,-0.023,0.000,0.000,0.000,-0.12000,0.04587,0.12000,0.00000,0.00000,0.00000,0,1.000
161001,-3.1903,0.2037,2.9926,-0.072,0.488,-0.082,0.006,-0.006,-0.026,0.000,0.000,0.000,-0.12000,0.05195,0.12000,0.00000,0.00000,0.00000,0,1.000
161009,-3.1882,0.2035,2.9907,-0.007,0.446,-0.210,0.025,-0.008,-0.012,0.000,0.000,0.000,-0.12000,0.05130,0.12000,0.00000,0.00000,0.00000,0,1.000
161017,-3.1851,0.2033,2.9878,0.107,0.163,-0.147,0.033,-0.016,-0.000,0.000,0.000,-0.000,-0.12000,0.04329,0.12000,0.00000,0.00000,0.00000,0,1.000
161025,-3.1836,0.2041,2.9855,0.292,0.124,-0.187,0.013,0.003,0.001,0.000,0.000,-0.000,-0.12000,0.04453,0.12000,0.00000,0.00000,0.00000,0,1.000
161032,-3.1791,0.2052,2.9800,0.307,0.063,-0.247,0.006,-0.017,-0.001,0.000,0.000,-0.000,-0.12000,0.04097,0.12000,0.00000,0.00000,0.00000,0,1.000
161040,-3.1731,0.2045,2.9746,0.533,0.301,-0.183,0.005,-0.010,0.003,0.000,0.000,0.000,-0.12000,0.04380,0.12000,0.00000,0.00000,0.00000,0,1.000
161048,-3.1675,0.2018,2.9716,0.513,0.119,-0.192,-0.012,-0.007,0.007,0.000,0.000,0.000,-0.12000,0.04076,0.12000,0.00000,0.00000,0.00000,0,1.000
161055,-3.1660,0.2036,2.9684,0.073,-0.002,-0.054,-0.014,-0.015,-0.010,0.000,0.000,0.000,-0.12000,0.04028,0.12000,0.00000,0.00000,0.00000,0,1.000
161063,-3.1650,0.2034,2.9675,-0.246,-0.034,0.086,-0.008,0.006,0.001,0.000,0.000,-0.000,-0.12000,0.04448,0.12000,0.00000,0.00000,0.00000,0,1.000
161071,-3.1648,0.2038,2.9671,-0.466,0.229,-0.169,-0.008,0.020,-0.009,0.000,0.000,-0.000,-0.12000,0.05536,0.12000,0.00000,0.00000,0.00000,0,1.000
161078,-3.1693,0.2040,2.9713,-0.871,0.143,0.005,-0.006,0.023,-0.008,0.000,0.000,-0.000,-0.12000,0.05622,0.12000,0.00000,0.00000,0.00000,0,1.000
161087,-3.1660,0.2051,2.9670,-0.600,0.071,0.018,-0.006,0.025,-0.016,0.000,0.000,-0.000,-0.12000,0.05305,0.12000,0.00000,0.00000,0.00000,0,1.000
161094,-3.1663,0.2079,2.9646,-0.614,0.088,0.121,-0.007,0.028,-0.011,0.000,0.000,-0.000,-0.12000,0.05360,0.12000,0.00000,0.00000,0.00000,0,1.000
161102,-3.1700,0.2109,2.9653,-0.799,0.214,0.074,0.000,0.019,-0.006,0.000,0.000,-0.000,-0.12000,0.05713,0.12000,0.00000,0.00000,0.00000,0,1.000
161109,-3.1719,0.2119,2.9662,-0.550,0.089,-0.051,0.002,0.003,0.003,0.000,0.000,-0.000,-0.12000,0.05151,0.12000,0.00000,0.00000,0.00000,0,1.000
161117,-3.1796,0.2178,2.9682,-0.509,0.194,0.226,0.017,-0.026,0.016,0.000,0.000,-0.000,-0.12000,0.04753,0.12000,0.00000,0.00000,0.00000,0,1.000
161125,-3.1889,0.2207,2.9747,-0.410,0.231,0.091,0.002,-0.034,0.019,0.000,0.000,-0.000,-0.12000,0.04825,0.12000,0.00000,0.00000,0.00000,0,1.000
161133,-3.1983,0.2217,2.9831,-0.587,-0.290,0.260,0.001,-0.037,0.018,0.000,0.000,-0.000,-0.12000,0.03874,0.12000,0.00000,0.00000,0.00000,0,1.000
161141,-3.2055,0.2217,2.9903,-0.438,-0.063,-0.116,0.004,-0.047,0.019,0.000,0.000,-0.000,-0.12000,0.04386,0.12000,0.00000,0.00000,0.00000,0,1.000
161148,-3.2102,0.2225,2.9942,-0.588,-0.031,0.002,0.009,-0.036,0.018,0.000,-0.000,0.000,-0.12000,0.04583,0.12000,0.00000,0.00000,0.00000,0,1.000
161156,-3.2144,0.2241,2.9969,-0.184,-0.032,-0.084,0.010,-0.026,0.022,0.000,-0.000,0.000,-0.12000,0.04458,0.12000,0.00000,0.00000,0.00000,0,1.000
161164,-3.2159,0.2232,2.9992,0.221,-0.119,-0.085,-0.002,0.004,0.015,0.000,-0.000,0.000,-0.12000,0.04418,0.12000,0.00000,0.00000,0.00000,0,1.000
161171,-3.2154,0.2210,3.0008,0.341,0.056,-0.168,-0.022,0.009,-0.003,0.000,-0.000,0.000,-0.12000,0.04744,0.12000,0.00000,0.00000,0.00000,0,1.000
161179,-3.2113,0.2224,2.9954,0.383,0.290,-0.021,-0.012,0.018,-0.014,0.000,-0.000,0.000,-0.12000,0.05171,0.12000,0.00000,0.00000,0.00000,0,1.000
161187,-3.2109,0.2235,2.9939,0.283,0.426,-0.057,-0.014,0.027,-0.028,0.000,0.000,0.000,-0.12000,0.05690,0.12000,0.00000,0.00000,0.00000,0,1.000
161195,-3.2088,0.2258,2.9896,0.474,0.542,0.058,-0.008,0.059,-0.037,0.000,0.000,0.000,-0.12000,0.05967,0.12000,0.00000,0.00000,0.00000,0,1.000
161202,-3.2042,0.2273,2.9836,0.460,0.731,-0.011,0.005,0.055,-0.035,0.000,0.000,-0.000,-0.12000,0.06383,0.12000,0.00000,0.00000,0.00000,0,1.000
161210,-3.2016,0.2294,2.9789,0.290,0.624,0.054,0.013,0.047,-0.041,0.000,0.000,-0.000,-0.12000,0.06268,0.12000,0.00000,0.00000,0.00000,0,1.000
161217,-3.2046,0.2354,2.9760,0.254,0.633,-0.024,0.015,0.035,-0.029,0.000,0.000,-0.000,-0.12000,0.06392,0.12000,0.00000,0.00000,0.00000,0,1.000
161225,-3.2027,0.2367,2.9728,0.049,0.706,-0.210,0.023,0.012,-0.022,0.000,0.000,-0.000,-0.12000,0.06564,0.12000,0.00000,0.00000,0.00000,0,1.000
161233,-3.2025,0.2385,2.9709,-0.297,0.423,-0.320,0.022,-0.002,-0.003,0.000,0.000,-0.000,-0.12000,0.06240,0.12000,0.00000,0.00000,0.00000,0,1.000
161241,-3.2022,0.2402,2.9690,-0.162,0.279,-0.205,0.030,-0.008,0.022,0.000,0.000,-0.000,-0.12000,0.05696,0.12000,0.00000,0.00000,0.00000,0,1.000
161248,-3.2023,0.2378,2.9714,-0.346,0.102,0.050,0.015,-0.026,0.046,0.000,0.000,-0.000,-0.12000,0.05008,0.12000,0.00000,0.00000,0.00000,0,1.000
161256,-3.2014,0.2365,2.9718,-0.290,-0.027,0.440,-0.001,-0.038,0.053,0.000,0.000,-0.000,-0.12000,0.04242,0.12000,0.00000,0.00000,0.00000,0,1.000
161264,-3.1998,0.2361,2.9705,-0.049,-0.151,0.746,-0.017,-0.038,0.043,0.000,0.000,0.000,-0.12000,0.03554,0.12000,0.00000,0.00000,0.00000,0,1.000
161271,-3.1947,0.2333,2.9682,0.016,-0.279,0.703,-0.034,-0.038,0.033,0.000,0.000,0.000,-0.12000,0.03256,0.12000,0.00000,0.00000,0.00000,0,1.000
161279,-3.1909,0.2308,2.9668,0.278,0.123,0.673,-0.037,-0.027,0.014,0.000,0.000,0.000,-0.12000,0.03867,0.12000,0.00000,0.00000,0.00000,0,1.000
161287,-3.1899,0.2312,2.9655,0.237,-0.154,0.569,-0.054,-0.018,0.016,0.000,0.000,0.000,-0.12000,0.03625,0.12000,0.00000,0.00000,0.00000,0,1.000
161294,-3.1940,0.2334,2.9674,0.342,0.039,0.588,-0.041,0.015,-0.008,0.000,0.000,0.000,-0.12000,0.04439,0.12000,0.00000,0.00000,0.00000,0,1.000
161302,-3.1998,0.2391,2.9676,-0.048,0.196,0.399,-0.026,0.028,-0.001,0.000,0.000,0.000,-0.12000,0.05502,0.12000,0.00000,0.00000,0.00000,0,1.000
161310,-3.2077,0.2445,2.9703,-0.064,0.343,0.373,-0.018,0.036,-0.018,0.000,0.000,0.000,-0.12000,0.06001,0.12000,0.00000,0.00000,0.00000,0,1.000
161317,-3.2157,0.2464,2.9764,-0.419,0.276,0.479,0.019,0.043,-0.024,0.000,0.000,0.000,-0.12000,0.06183,0.12000,0.00000,0.00000,0.00000,0,1.000
161325,-3.2219,0.2486,2.9805,-0.305,0.295,0.239,0.029,0.039,-0.032,0.000,0.000,0.000,-0.12000,0.06337,0.12000,0.00000,0.00000,0.00000,0,1.000
161333,-3.2207,0.2464,2.9814,-0.326,0.199,0.144,0.043,0.039,-0.029,0.000,0.000,-0.000,-0.12000,0.06212,0.12000,0.00000,0.00000,0.00000,0,1.000
161340,-3.2191,0.2415,2.9846,0.164,-0.007,0.283,0.055,0.032,-0.018,0.000,0.000,-0.000,-0.12000,0.05117,0.12000,0.00000,0.00000,0.00000,0,1.000
161348,-3.2146,0.2364,2.9851,0.059,0.145,-0.081,0.028,0.013,-0.016,0.000,0.000,-0.000,-0.12000,0.05439,0.12000,0.00000,0.00000,0.00000,0,1.000
161356,-3.2121,0.2343,2.9846,0.399,0.186,-0.040,0.010,0.006,-0.006,0.000,0.000,-0.000,-0.12000,0.05042,0.12000,0.00000,0.00000,0.00000,0,1.000
161363,-3.2143,0.2320,2.9890,0.328,-0.014,0.020,-0.003,-0.017,0.004,0.000,0.000,-0.000,-0.12000,0.04281,0.12000,0.00000,0.00000,0.00000,0,1.000
161371,-3.2229,0.2330,2.9966,0.348,0.039,0.159,-0.018,-0.017,0.009,0.000,0.000,-0.000,-0.12000,0.04270,0.12000,0.00000,0.00000,0.00000,0,1.000
161379,-3.2250,0.2305,3.0013,0.291,-0.308,0.245,-0.002,-0.019,0.011,0.000,0.000,-0.000,-0.12000,0.03524,0.12000,0.00000,0.00000,0.00000,0,1.000
161387,-3.2250,0.2291,3.0025,0.136,-0.518,0.294,-0.009,-0.010,0.015,0.000,0.000,-0.000,-0.12000,0.03341,0.12000,0.00000,0.00000,0.00000,0,1.000
161394,-3.2252,0.2249,3.0069,0.044,-0.554,-0.001,0.007,-0.024,0.016,0.000,0.000,0.000,-0.12000,0.03299,0.12000,0.00000,0.00000,0.00000,0,1.000
161402,-3.2217,0.2227,3.0056,0.294,-0.463,-0.342,-0.001,-0.011,0.028,0.000,0.000,0.000,-0.12000,0.03679,0.12000,0.00000,0.00000,0.00000,0,1.000
161410,-3.2176,0.2171,3.0069,0.470,-0.287,-0.165,-0.004,-0.014,0.028,0.000,0.000,0.000,-0.12000,0.03539,0.12000,0.00000,0.00000,0.00000,0,1.000
161417,-3.2154,0.2145,3.0072,0.335,-0.230,-0.194,-0.001,-0.021,0.014,0.000,0.000,0.000,-0.12000,0.03637,0.12000,0.00000,0.00000,0.00000,0,1.000
161425,-3.2139,0.2182,3.0020,0.426,0.195,-0.287,-0.001,-0.010,-0.001,0.000,0.000,0.000,-0.12000,0.04652,0.12000,0.00000,0.00000,0.00000,0,1.000
161433,-3.2090,0.2193,2.9961,0.511,0.163,-0.234,0.007,-0.012,-0.010,0.000,0.000,0.000,-0.12000,0.04473,0.12000,0.00000,0.00000,0.00000,0,1.000
161441,-3.2023,0.2194,2.9894,0.709,0.564,-0.092,0.002,0.002,-0.019,0.000,0.000,0.000,-0.12000,0.05141,0.12000,0.00000,0.00000,0.00000,0,1.000
161448,-3.1941,0.2189,2.9816,0.674,0.226,0.174,0.021,0.019,-0.038,0.000,0.000,0.000,-0.12000,0.04591,0.12000,0.00000,0.00000,0.00000,0,1.000
161456,-3.1915,0.2193,2.9786,0.689,0.166,0.114,0.009,0.008,-0.026,0.000,0.000,-0.000,-0.12000,0.04366,0.12000,0.00000,0.00000,0.00000,0,1.000
161464,-3.1904,0.2161,2.9806,0.519,0.102,0.137,0.013,0.015,-0.020,0.000,0.000,-0.000,-0.12000,0.04408,0.12000,0.00000,0.00000,0.00000,0,1.000
161471,-3.1871,0.2137,2.9796,0.533,-0.044,0.163,-0.002,0.025,-0.007,0.000,0.000,-0.000,-0.12000,0.04199,0.12000,0.00000,0.00000,0.00000,0,1.000
161479,-3.1853,0.2114,2.9801,0.577,-0.268,0.026,0.003,0.018,-0.007,0.000,0.000,-0.000,-0.12000,0.03727,0.12000,0.00000,0.00000,0.00000,0,1.000
161487,-3.1850,0.2076,2.9835,0.137,-0.217,-0.009,-0.002,0.017,0.008,0.000,0.000,-0.000,-0.12000,0.04121,0.12000,0.00000,0.00000,0.00000,0,1.000
161494,-3.1841,0.2041,2.9861,0.272,-0.275,0.020,-0.011,0.012,0.014,0.000,0.000,-0.000,-0.12000,0.03735,0.12000,0.00000,0.00000,0.00000,0,1.000
161502,-3.1807,0.2045,2.9823,0.293,-0.308,0.244,-0.019,-0.011,0.020,0.000,0.000,-0.000,-0.12000,0.03103,0.12000,0.00000,0.00000,0.00000,0,1.000
161510,-3.1822,0.2096,2.9788,0.037,-0.123,-0.003,-0.022,-0.023,0.018,0.000,0.000,0.000,-0.12000,0.03797,0.12000,0.00000,0.00000,0.00000,0,1.000
161517,-3.1782,0.2132,2.9712,-0.012,-0.054,-0.022,-0.017,-0.029,0.008,0.000,0.000,0.000,-0.12000,0.03974,0.12000,0.00000,0.00000,0.00000,0,1.000
161571,-3.1790,0.2044,2.9805,-0.032,-0.194,-0.074,0.015,0.015,-0.009,0.000,0.000,-0.000,-0.12000,0.04265,0.12000,0.00000,0.00000,0.00000,0,1.000
161579,-3.1820,0.2023,2.9857,-0.203,-0.257,-0.051,0.023,0.034,-0.009,0.000,0.000,-0.000,-0.12000,0.04468,0.12000,0.00000,0.00000,0.00000,0,1.000
161586,-3.1831,0.1989,2.9900,0.266,-0.214,-0.352,0.016,0.041,-0.003,0.000,0.000,-0.000,-0.12000,0.04404,0.12000,0.00000,0.00000,0.00000,0,1.000
161595,-3.1882,0.2013,2.9928,-0.169,-0.006,-0.230,-0.008,0.030,0.006,0.000,0.000,-0.000,-0.12000,0.04994,0.12000,0.00000,0.00000,0.00000,0,1.000
161602,-3.1907,0.2036,2.9931,-0.254,-0.017,-0.241,-0.019,0.025,-0.013,0.000,0.000,-0.000,-0.12000,0.05044,0.12000,0.00000,0.00000,0.00000,0,1.000
161610,-3.1902,0.2036,2.9926,-0.219,0.019,-0.205,-0.022,0.000,-0.018,0.000,0.000,-0.000,-0.12000,0.04678,0.12000,0.00000,0.00000,0.00000,0,1.000
161618,-3.1885,0.2014,2.9930,0.136,0.129,-0.353,-0.026,-0.004,-0.023,0.000,0.000,-0.000,-0.12000,0.04591,0.12000,0.00000,0.00000,0.00000,0,1.000
161625,-3.1837,0.2000,2.9897,0.031,-0.021,-0.416,-0.043,-0.000,-0.006,0.000,0.000,-0.000,-0.12000,0.04496,0.12000,0.00000,0.00000,0.00000,0,1.000
161633,-3.1833,0.2008,2.9884,0.081,-0.089,-0.398,-0.040,-0.018,0.006,0.000,0.000,-0.000,-0.12000,0.04051,0.12000,0.00000,0.00000,0.00000,0,1.000
161641,-3.1868,0.2053,2.9875,-0.013,0.160,-0.235,-0.027,-0.030,0.016,0.000,0.000,-0.000,-0.12000,0.04373,0.12000,0.00000,0.00000,0.00000,0,1.000
161649,-3.1836,0.2045,2.9852,0.172,0.207,-0.361,-0.017,-0.033,0.015,0.000,0.000,-0.000,-0.12000,0.04350,0.12000,0.00000,0.00000,0.00000,0,1.000
161656,-3.1847,0.2061,2.9847,-0.034,-0.065,-0.201,0.010,-0.043,0.021,0.000,0.000,-0.000,-0.12000,0.03821,0.12000,0.00000,0.00000,0.00000,0,1.000
161664,-3.1853,0.2088,2.9826,0.072,0.084,-0.139,0.016,-0.038,0.009,0.000,0.000,0.000,-0.12000,0.04055,0.12000,0.00000,0.00000,0.00000,0,1.000
161672,-3.1831,0.2112,2.9781,0.051,-0.011,-0.235,0.020,-0.021,0.013,0.000,0.000,0.000,-0.12000,0.04230,0.12000,0.00000,0.00000,0.00000,0,1.000
161680,-3.1824,0.2138,2.9748,-0.007,0.101,0.135,0.032,-0.010,-0.002,0.000,0.000,0.000,-0.12000,0.04393,0.12000,0.00000,0.00000,0.00000,0,1.000
161688,-3.1795,0.2176,2.9682,-0.054,-0.116,-0.341,0.029,-0.011,-0.010,0.000,0.000,0.000,-0.12000,0.04504,0.12000,0.00000,0.00000,0.00000,0,1.000
161695,-3.1770,0.2210,2.9625,-0.077,0.203,-0.109,0.023,0.019,-0.006,0.000,0.000,-0.000,-0.12000,0.05448,0.12000,0.00000,0.00000,0.00000,0,1.000
161703,-3.1806,0.2267,2.9605,-0.177,0.340,-0.146,0.024,0.030,-0.023,0.000,0.000,-0.000,-0.12000,0.06075,0.12000,0.00000,0.00000,0.00000,0,1.000
161711,-3.1826,0.2281,2.9611,-0.206,0.287,0.148,0.022,0.037,-0.015,0.000,0.000,-0.000,-0.12000,0.05863,0.12000,0.00000,0.00000,0.00000,0,1.000
161719,-3.1865,0.2316,2.9617,0.064,0.258,0.118,-0.009,0.036,-0.027,0.000,0.000,-0.000,-0.12000,0.05690,0.12000,0.00000,0.00000,0.00000,0,1.000
161726,-3.1875,0.2324,2.9619,0.213,0.227,0.001,-0.028,0.025,-0.024,0.000,0.000,-0.000,-0.12000,0.05502,0.12000,0.00000,0.00000,0.00000,0,1.000
161734,-3.1884,0.2304,2.9647,0.377,-0.167,0.125,-0.039,0.013,-0.012,0.000,0.000,-0.000,-0.12000,0.04330,0.12000,0.00000,0.00000,0.00000,0,1.000
161742,-3.1928,0.2333,2.9663,0.142,0.027,0.060,-0.038,0.014,0.020,0.000,0.000,-0.000,-0.12000,0.04998,0.12000,0.00000,0.00000,0.00000,0,1.000
161750,-3.1980,0.2344,2.9704,0.006,0.042,0.075,-0.027,-0.009,0.017,0.000,0.000,-0.000,-0.12000,0.04782,0.12000,0.00000,0.00000,0.00000,0,1.000
161757,-3.1997,0.2385,2.9681,0.176,0.063,0.096,-0.007,-0.029,0.025,0.000,0.000,-0.000,-0.12000,0.04446,0.12000,0.00000,0.00000,0.00000,0,1.000
161765,-3.2024,0.2392,2.9702,-0.024,0.379,-0.020,0.013,-0.043,0.029,0.000,0.000,-0.000,-0.12000,0.05152,0.12000,0.00000,0.00000,0.00000,0,1.000
161773,-3.2038,0.2429,2.9680,0.041,0.380,-0.192,0.025,-0.060,0.043,0.000,0.000,-0.000,-0.12000,0.05191,0.12000,0.00000,0.00000,0.00000,0,1.000
161780,-3.1986,0.2362,2.9692,0.361,0.196,-0.116,0.034,-0.055,0.033,0.000,-0.000,0.000,-0.12000,0.04412,0.12000,0.00000,0.00000,0.00000,0,1.000
# gPhiOffset TARED to: -3.199,0.236,2.969 deg
161789,0.0107,-0.0070,-0.0039,0.435,-0.279,-0.244,0.043,-0.044,0.029,0.000,-0.000,0.000,0.01986,-0.01418,-0.00243,0.00000,0.00000,0.00000,0,1.000
161796,0.0145,-0.0107,-0.0042,0.646,0.019,-0.119,0.036,-0.041,0.013,0.000,-0.000,0.000,0.01998,-0.01199,-0.00695,0.00000,0.00000,0.00000,0,1.000
161804,0.0190,-0.0126,-0.0068,0.640,-0.137,-0.275,0.034,-0.013,0.015,0.000,-0.000,0.000,0.02317,-0.01049,-0.00866,0.00000,0.00000,0.00000,0,1.000
161812,0.0221,-0.0169,-0.0057,0.312,0.003,0.125,0.043,-0.010,0.001,0.000,-0.000,0.000,0.01430,-0.00884,-0.00205,0.00000,0.00000,0.00000,0,1.000
161820,0.0213,-0.0182,-0.0036,0.107,-0.182,0.199,0.034,0.009,-0.014,0.000,-0.000,0.000,0.01074,-0.00830,0.00072,0.00000,0.00000,0.00000,0,1.000
161827,0.0155,-0.0167,0.0008,-0.390,-0.218,-0.009,0.027,0.037,-0.023,0.000,-0.000,0.000,0.00230,0.00109,0.00148,0.00000,0.00000,0.00000,0,1.000
161835,0.0141,-0.0154,0.0009,-0.398,0.127,0.077,0.001,0.043,-0.027,0.000,-0.000,0.000,-0.00565,0.00763,-0.00028,0.00000,0.00000,0.00000,0,1.000
161881,0.0132,-0.0068,-0.0066,-0.282,0.103,-0.121,-0.039,0.011,0.027,0.000,0.000,-0.000,-0.00734,0.00564,0.00239,0.00000,0.00000,0.00000,0,1.000
161889,0.0149,-0.0098,-0.0053,-0.252,-0.061,-0.198,-0.019,0.010,0.023,0.000,0.000,0.000,-0.00206,0.00218,0.00188,0.00000,0.00000,0.00000,0,1.000
161896,0.0146,-0.0119,-0.0030,-0.132,-0.102,-0.066,-0.005,-0.011,0.019,0.000,0.000,0.000,0.00135,-0.00447,0.00333,0.00000,0.00000,0.00000,0,1.000
161904,0.0086,-0.0121,0.0032,-0.303,-0.166,-0.043,0.005,-0.015,0.017,0.000,0.000,0.000,-0.00080,-0.00514,0.00674,0.00000,0.00000,0.00000,0,1.000
161912,0.0054,-0.0091,0.0035,-0.189,-0.275,-0.153,0.022,-0.026,0.010,0.000,0.000,0.000,0.00509,-0.00806,0.00383,0.00000,0.00000,0.00000,0,1.000
161920,0.0036,-0.0061,0.0023,-0.125,-0.360,-0.238,0.034,-0.025,-0.015,0.000,0.000,0.000,0.00889,-0.00866,-0.00175,0.00000,0.00000,0.00000,0,1.000
161927,0.0001,-0.0005,0.0004,0.080,-0.217,-0.268,0.021,-0.025,-0.033,0.000,0.000,0.000,0.00922,-0.00621,-0.00797,0.00000,0.00000,0.00000,0,1.000
161935,-0.0042,0.0085,-0.0041,0.143,-0.128,-0.526,0.018,-0.040,-0.040,0.000,0.000,0.000,0.01075,-0.00276,-0.01521,0.00000,0.00000,0.00000,0,1.000
161943,-0.0083,0.0121,-0.0036,0.248,0.021,-0.463,0.023,-0.015,-0.046,0.000,-0.000,-0.000,0.01047,0.00239,-0.01695,0.00000,0.00000,0.00000,0,1.000
161950,-0.0120,0.0164,-0.0040,0.169,-0.006,-0.145,0.018,-0.029,-0.052,0.000,-0.000,-0.000,0.00506,-0.00102,-0.01097,0.00000,0.00000,0.00000,0,1.000
161958,-0.0138,0.0149,-0.0007,0.154,0.097,-0.128,0.030,0.002,-0.028,0.000,-0.000,-0.000,0.00457,0.00504,-0.00882,0.00000,0.00000,0.00000,0,1.000
161966,-0.0164,0.0162,0.0006,0.089,-0.120,0.260,0.012,0.026,-0.025,0.000,-0.000,-0.000,-0.00126,0.00222,0.00083,0.00000,0.00000,0.00000,0,1.000
161974,-0.0182,0.0187,-0.0000,0.168,-0.135,-0.015,0.002,0.030,-0.003,0.000,0.000,-0.000,0.00063,0.00462,-0.00123,0.00000,0.00000,0.00000,0,1.000
161982,-0.0159,0.0158,0.0005,0.458,-0.155,0.137,-0.008,0.028,0.014,0.000,0.000,-0.000,0.00310,-0.00037,0.00167,0.00000,0.00000,0.00000,0,1.000
161990,-0.0126,0.0163,-0.0033,0.315,0.076,0.367,-0.033,0.036,0.033,0.000,0.000,-0.000,-0.00630,0.00413,0.00680,0.00000,0.00000,0.00000,0,1.000
161997,-0.0106,0.0177,-0.0066,0.492,0.381,0.413,-0.030,0.016,0.042,0.000,0.000,-0.000,-0.00548,0.00555,0.00364,0.00000,0.00000,0.00000,0,1.000
162005,-0.0039,0.0138,-0.0095,0.443,0.406,0.438,-0.026,0.013,0.052,0.000,0.000,-0.000,-0.00491,0.00481,0.00439,0.00000,0.00000,0.00000,0,1.000
162012,0.0011,0.0094,-0.0103,0.728,0.273,0.392,-0.026,-0.001,0.037,0.000,0.000,0.000,0.00261,-0.00270,0.00088,0.00000,0.00000,0.00000,0,1.000
162020,0.0085,0.0053,-0.0137,1.112,0.004,0.382,-0.027,-0.031,0.037,0.000,0.000,0.000,0.01320,-0.01590,-0.00104,0.00000,0.00000,0.00000,0,1.000
162028,0.0204,-0.0018,-0.0187,1.007,-0.059,0.232,-0.007,-0.026,0.014,0.000,0.000,0.000,0.01866,-0.01584,-0.00624,0.00000,0.00000,0.00000,0,1.000
162036,0.0277,-0.0076,-0.0203,1.072,-0.317,0.320,-0.006,-0.035,0.009,0.000,0.000,0.000,0.02299,-0.02401,-0.00420,0.00000,0.00000,0.00000,0,1.000
162044,0.0324,-0.0112,-0.0215,0.738,-0.030,0.261,0.004,-0.039,-0.010,0.000,0.000,0.000,0.01797,-0.01663,-0.00789,0.00000,0.00000,0.00000,0,1.000
162052,0.0325,-0.0150,-0.0180,0.597,-0.085,0.034,0.026,-0.037,-0.023,0.000,-0.000,0.000,0.02152,-0.01511,-0.01122,0.00000,0.00000,0.00000,0,1.000
162059,0.0323,-0.0172,-0.0155,0.227,-0.092,0.200,0.026,-0.042,-0.031,0.000,-0.000,0.000,0.01376,-0.01447,-0.00548,0.00000,0.00000,0.00000,0,1.000
162067,0.0288,-0.0203,-0.0091,-0.093,0.091,0.125,0.044,-0.033,-0.033,0.000,-0.000,0.000,0.00848,-0.00765,-0.00445,0.00000,0.00000,0.00000,0,1.000
162075,0.0287,-0.0245,-0.0049,-0.199,-0.058,0.063,0.042,-0.001,-0.037,0.000,-0.000,-0.000,0.00813,-0.00524,-0.00299,0.00000,0.00000,0.00000,0,1.000
162082,0.0333,-0.0279,-0.0061,0.001,-0.072,-0.123,0.027,0.006,-0.018,0.000,-0.000,-0.000,0.01257,-0.00509,-0.00579,0.00000,0.00000,0.00000,0,1.000
162090,0.0382,-0.0350,-0.0041,0.016,-0.133,-0.183,0.023,0.023,-0.004,0.000,-0.000,-0.000,0.01421,-0.00478,-0.00402,0.00000,0.00000,0.00000,0,1.000
162098,0.0412,-0.0381,-0.0041,0.108,-0.097,0.112,0.017,0.039,0.011,0.000,-0.000,-0.000,0.01231,-0.00624,0.00224,0.00000,0.00000,0.00000,0,1.000
162191,0.0357,-0.0382,0.0015,0.602,-0.104,0.364,0.015,-0.057,-0.023,0.000,-0.000,-0.000,0.01798,-0.02463,-0.00137,0.00000,0.00000,0.00000,0,1.000
162199,0.0353,-0.0380,0.0017,0.631,-0.310,0.331,0.024,-0.029,-0.002,0.000,-0.000,-0.000,0.02132,-0.02600,0.00255,0.00000,0.00000,0.00000,0,1.000
162206,0.0315,-0.0348,0.0024,0.560,-0.164,0.044,0.018,-0.008,0.000,0.000,-0.000,-0.000,0.01975,-0.01664,-0.00256,0.00000,0.00000,0.00000,0,1.000
162214,0.0306,-0.0370,0.0054,0.319,-0.384,0.083,0.005,0.028,0.012,0.000,-0.000,-0.000,0.01473,-0.01400,0.00461,0.00000,0.00000,0.00000,0,1.000
162222,0.0261,-0.0366,0.0095,0.289,-0.264,0.204,0.003,0.025,0.012,0.000,-0.000,-0.000,0.01087,-0.01282,0.00674,0.00000,0.00000,0.00000,0,1.000
162229,0.0248,-0.0369,0.0111,0.019,-0.105,0.104,-0.011,0.059,0.005,0.000,0.000,-0.000,0.00321,-0.00378,0.00531,0.00000,0.00000,0.00000,0,1.000
162237,0.0239,-0.0363,0.0114,0.294,0.065,0.187,-0.016,0.058,0.021,0.000,0.000,0.000,0.00465,-0.00364,0.00515,0.00000,0.00000,0.00000,0,1.000
162245,0.0303,-0.0373,0.0060,0.289,-0.004,-0.056,-0.025,0.060,0.014,0.000,0.000,0.000,0.00747,-0.00291,-0.00033,0.00000,0.00000,0.00000,0,1.000
162252,0.0377,-0.0407,0.0019,0.410,-0.045,0.076,-0.027,0.057,0.004,0.000,0.000,0.000,0.01000,-0.00657,-0.00135,0.00000,0.00000,0.00000,0,1.000
162260,0.0478,-0.0465,-0.0025,0.886,0.196,-0.113,-0.029,0.017,-0.001,0.000,0.000,0.000,0.01997,-0.00989,-0.01247,0.00000,0.00000,0.00000,0,1.000
162268,0.0535,-0.0510,-0.0038,0.757,0.193,0.229,-0.012,0.006,-0.008,0.000,0.000,0.000,0.01812,-0.01431,-0.00675,0.00000,0.00000,0.00000,0,1.000
162275,0.0618,-0.0568,-0.0065,0.893,0.049,0.344,-0.004,-0.014,-0.008,0.000,0.000,0.000,0.02369,-0.02353,-0.00537,0.00000,0.00000,0.00000,0,1.000
162283,0.0692,-0.0600,-0.0108,0.674,-0.033,0.434,0.009,-0.044,-0.006,0.000,0.000,0.000,0.02370,-0.02819,-0.00159,0.00000,0.00000,0.00000,0,1.000
162291,0.0699,-0.0592,-0.0123,0.333,-0.031,0.349,0.023,-0.040,0.001,0.000,0.000,0.000,0.02073,-0.02419,0.00077,0.00000,0.00000,0.00000,0,1.000
162298,0.0733,-0.0623,-0.0127,0.079,-0.148,0.404,0.036,-0.052,-0.000,0.000,0.000,0.000,0.01920,-0.02628,0.00474,0.00000,0.00000,0.00000,0,1.000
162306,0.0749,-0.0659,-0.0108,-0.303,-0.294,0.086,0.048,-0.036,0.006,0.000,0.000,0.000,0.01802,-0.02249,0.00529,0.00000,0.00000,0.00000,0,1.000
162314,0.0729,-0.0691,-0.0057,-0.317,-0.235,0.146,0.045,-0.034,0.022,0.000,0.000,0.000,0.01595,-0.02232,0.00934,0.00000,0.00000,0.00000,0,1.000
162321,0.0721,-0.0722,-0.0018,-0.537,-0.231,0.151,0.026,-0.023,0.023,0.000,0.000,0.000,0.00999,-0.01968,0.01240,0.00000,0.00000,0.00000,0,1.000
162329,0.0741,-0.0762,0.0001,-0.502,-0.110,0.100,0.020,-0.009,0.012,0.000,-0.000,0.000,0.00960,-0.01611,0.00893,0.00000,0.00000,0.00000,0,1.000
162337,0.0757,-0.0812,0.0034,-0.416,-0.014,0.024,-0.016,0.005,0.009,0.000,-0.000,0.000,0.00568,-0.01295,0.00633,0.00000,0.00000,0.00000,0,1.000
162345,0.0756,-0.0850,0.0072,-0.211,0.085,0.037,-0.027,0.013,0.002,0.000,0.000,0.000,0.00669,-0.01249,0.00347,0.00000,0.00000,0.00000,0,1.000
162353,0.0765,-0.0885,0.0096,-0.125,0.094,0.047,-0.054,0.029,-0.012,0.000,0.000,0.000,0.00577,-0.01155,0.00116,0.00000,0.00000,0.00000,0,1.000
162361,0.0737,-0.0823,0.0064,-0.345,0.186,-0.035,-0.051,0.044,-0.025,0.000,0.000,0.000,0.00154,-0.00444,-0.00151,0.00000,0.00000,0.00000,0,1.000
162368,0.0694,-0.0805,0.0089,-0.126,0.311,-0.168,-0.042,0.030,-0.016,0.000,0.000,0.000,0.00526,-0.00397,-0.00519,0.00000,0.00000,0.00000,0,1.000
162376,0.0618,-0.0718,0.0081,-0.466,0.400,-0.339,-0.022,0.031,-0.015,0.000,0.000,0.000,0.00091,0.00377,-0.00586,0.00000,0.00000,0.00000,0,1.000
162384,0.0576,-0.0654,0.0062,-0.438,0.366,-0.546,-0.021,0.016,-0.004,0.000,0.000,0.000,0.00291,0.00387,-0.00799,0.00000,0.00000,0.00000,0,1.000
162391,0.0560,-0.0625,0.0048,-0.494,0.149,-0.590,0.010,0.019,0.008,0.000,0.000,0.000,0.00856,0.00174,-0.00494,0.00000,0.00000,0.00000,0,1.000
162399,0.0517,-0.0554,0.0023,-0.430,0.151,-0.761,0.022,0.003,0.003,0.000,0.000,0.000,0.01214,0.00160,-0.00968,0.00000,0.00000,0.00000,0,1.000
162407,0.0529,-0.0560,0.0016,-0.075,0.002,-0.651,0.043,-0.005,0.008,0.000,0.000,0.000,0.02102,-0.00650,-0.00924,0.00000,0.00000,0.00000,0,1.000
162415,0.0542,-0.0526,-0.0030,-0.124,-0.016,-0.583,0.043,-0.007,0.009,0.000,0.000,0.000,0.02000,-0.00665,-0.00822,0.00000,0.00000,0.00000,0,1.000
162423,0.0537,-0.0477,-0.0072,0.052,0.074,-0.320,0.029,-0.023,0.006,0.000,0.000,0.000,0.01847,-0.00993,-0.00734,0.00000,0.00000,0.00000,0,1.000
162430,0.0541,-0.0412,-0.0139,0.271,0.071,-0.325,0.032,-0.037,0.008,0.000,0.000,0.000,0.02270,-0.01211,-0.01027,0.00000,0.00000,0.00000,0,1.000
162438,0.0531,-0.0364,-0.0177,0.213,0.312,-0.085,0.009,-0.038,0.001,0.000,0.000,0.000,0.01420,-0.00832,-0.00939,0.00000,0.00000,0.00000,0,1.000
162446,0.0519,-0.0298,-0.0229,0.383,0.118,0.151,0.007,-0.034,0.002,0.000,0.000,0.000,0.01612,-0.01346,-0.00619,0.00000,0.00000,0.00000,0,1.000
162500,0.0436,-0.0113,-0.0326,0.282,0.128,0.242,0.009,0.047,-0.007,0.000,0.000,0.000,0.01159,0.00163,-0.00770,0.00000,0.00000,0.00000,0,1.000
162508,0.0488,-0.0145,-0.0347,0.432,0.053,0.167,0.005,0.026,-0.016,0.000,0.000,0.000,0.01622,-0.00309,-0.01136,0.00000,0.00000,0.00000,0,1.000
162515,0.0516,-0.0161,-0.0360,0.693,0.369,0.224,0.011,0.024,-0.008,0.000,0.000,-0.000,0.01890,-0.00074,-0.01460,0.00000,0.00000,0.00000,0,1.000
162523,0.0549,-0.0199,-0.0356,0.758,0.154,0.269,-0.006,0.004,-0.001,0.000,0.000,-0.000,0.01951,-0.00928,-0.01111,0.00000,0.00000,0.00000,0,1.000
162531,0.0604,-0.0238,-0.0372,0.958,-0.032,0.255,-0.008,-0.011,-0.006,0.000,0.000,-0.000,0.02545,-0.01752,-0.01266,0.00000,0.00000,0.00000,0,1.000
162538,0.0637,-0.0302,-0.0343,0.802,-0.200,0.261,0.009,-0.025,0.001,0.000,0.000,-0.000,0.02754,-0.02261,-0.00798,0.00000,0.00000,0.00000,0,1.000
162546,0.0637,-0.0340,-0.0306,0.426,-0.233,0.142,0.004,-0.030,0.005,0.000,0.000,-0.000,0.02174,-0.02049,-0.00484,0.00000,0.00000,0.00000,0,1.000
162554,0.0631,-0.0358,-0.0282,0.226,-0.220,0.328,0.003,-0.038,0.000,0.000,0.000,0.000,0.01640,-0.02134,-0.00021,0.00000,0.00000,0.00000,0,1.000
162561,0.0618,-0.0351,-0.0276,0.127,0.003,0.206,0.009,-0.033,0.001,0.000,0.000,0.000,0.01448,-0.01482,-0.00315,0.00000,0.00000,0.00000,0,1.000
162569,0.0646,-0.0357,-0.0299,0.056,0.062,0.005,0.012,-0.030,0.015,0.000,-0.000,0.000,0.01560,-0.01136,-0.00471,0.00000,0.00000,0.00000,0,1.000
162577,0.0726,-0.0397,-0.0339,0.227,0.039,0.069,0.001,-0.015,0.004,0.000,-0.000,0.000,0.01800,-0.01250,-0.00753,0.00000,0.00000,0.00000,0,1.000
162584,0.0774,-0.0417,-0.0368,0.319,0.291,0.148,-0.003,-0.019,0.001,0.000,-0.000,0.000,0.01712,-0.01025,-0.01024,0.00000,0.00000,0.00000,0,1.000
162592,0.0858,-0.0447,-0.0424,0.156,0.511,0.196,-0.013,-0.022,-0.002,0.000,-0.000,0.000,0.01217,-0.00629,-0.01144,0.00000,0.00000,0.00000,0,1.000
162600,0.0909,-0.0493,-0.0429,0.312,0.505,0.363,-0.013,-0.008,-0.015,0.000,-0.000,0.000,0.01448,-0.00794,-0.01213,0.00000,0.00000,0.00000,0,1.000
162608,0.0959,-0.0548,-0.0426,0.187,0.217,0.248,-0.009,0.006,-0.014,0.000,-0.000,-0.000,0.01726,-0.01012,-0.01035,0.00000,0.00000,0.00000,0,1.000
162615,0.0970,-0.0551,-0.0434,0.222,0.209,0.326,-0.009,0.014,-0.018,0.000,-0.000,-0.000,0.01756,-0.01000,-0.01012,0.00000,0.00000,0.00000,0,1.000
162623,0.0955,-0.0554,-0.0416,-0.098,0.177,0.467,-0.004,0.034,-0.017,0.000,-0.000,-0.000,0.01142,-0.00653,-0.00410,0.00000,0.00000,0.00000,0,1.000
162631,0.0905,-0.0531,-0.0389,-0.623,0.175,0.465,0.011,0.042,-0.006,0.000,-0.000,-0.000,0.00377,-0.00089,0.00270,0.00000,0.00000,0.00000,0,1.000
162639,0.0828,-0.0477,-0.0363,-0.764,0.250,0.108,0.014,0.054,0.001,0.000,0.000,-0.000,0.00263,0.00661,-0.00117,0.00000,0.00000,0.00000,0,1.000
162646,0.0782,-0.0446,-0.0348,-0.785,0.155,0.013,0.019,0.051,0.006,0.000,0.000,-0.000,0.00377,0.00624,-0.00064,0.00000,0.00000,0.00000,0,1.000
162654,0.0740,-0.0412,-0.0339,-0.635,0.080,-0.062,0.009,0.033,0.039,0.000,0.000,-0.000,0.00528,0.00331,0.00190,0.00000,0.00000,0.00000,0,1.000
162662,0.0674,-0.0380,-0.0304,-0.826,0.180,-0.393,0.008,0.008,0.032,0.000,0.000,0.000,0.00282,0.00675,-0.00259,0.00000,0.00000,0.00000,0,1.000
162670,0.0614,-0.0380,-0.0244,-0.715,0.355,-0.045,0.000,-0.008,0.034,0.000,0.000,0.000,-0.00235,0.00347,0.00243,0.00000,0.00000,0.00000,0,1.000
162678,0.0571,-0.0439,-0.0144,-0.445,0.195,0.056,-0.020,-0.044,0.031,0.000,0.000,0.000,-0.00103,-0.00820,0.00507,0.00000,0.00000,0.00000,0,1.000
162685,0.0528,-0.0454,-0.0086,-0.501,0.150,-0.160,-0.013,-0.055,0.014,0.000,0.000,0.000,0.00069,-0.00779,0.00135,0.00000,0.00000,0.00000,0,1.000
162693,0.0505,-0.0461,-0.0056,-0.288,-0.139,-0.190,-0.018,-0.072,0.026,0.000,-0.000,0.000,0.00591,-0.01555,0.00370,0.00000,0.00000,0.00000,0,1.000
162701,0.0497,-0.0462,-0.0047,-0.408,-0.401,-0.020,-0.017,-0.063,-0.001,0.000,-0.000,0.000,0.00459,-0.02026,0.00610,0.00000,0.00000,0.00000,0,1.000
162709,0.0470,-0.0397,-0.0084,0.003,-0.072,-0.124,-0.008,-0.044,-0.014,0.000,-0.000,0.000,0.01046,-0.01430,-0.00528,0.00000,0.00000,0.00000,0,1.000
162716,0.0434,-0.0377,-0.0067,-0.274,-0.155,-0.294,0.006,-0.034,-0.018,0.000,-0.000,0.000,0.00951,-0.01065,-0.00527,0.00000,0.00000,0.00000,0,1.000
162724,0.0405,-0.0300,-0.0113,-0.174,0.055,-0.603,0.004,-0.004,-0.018,0.000,-0.000,0.000,0.01109,0.00067,-0.01433,0.00000,0.00000,0.00000,0,1.000
162732,0.0362,-0.0210,-0.0158,-0.219,0.495,-0.681,0.021,0.007,-0.015,0.000,-0.000,0.000,0.00890,0.01334,-0.01971,0.00000,0.00000,0.00000,0,1.000
162739,0.0316,-0.0151,-0.0169,-0.284,0.494,-0.510,0.013,0.040,-0.014,0.000,-0.000,0.000,0.00394,0.01793,-0.01640,0.00000,0.00000,0.00000,0,1.000
162809,0.0299,-0.0045,-0.0255,-0.213,0.261,-0.136,0.003,-0.016,0.031,0.000,0.000,0.000,0.00183,0.00402,-0.00336,0.00000,0.00000,0.00000,0,1.000
162817,0.0264,-0.0048,-0.0218,-0.199,0.114,-0.110,0.012,-0.031,0.025,0.000,0.000,0.000,0.00399,-0.00096,-0.00174,0.00000,0.00000,0.00000,0,1.000
162825,0.0253,-0.0048,-0.0206,-0.680,-0.068,-0.292,0.012,-0.033,0.023,0.000,0.000,0.000,-0.00119,0.00106,0.00116,0.00000,0.00000,0.00000,0,1.000
162832,0.0193,0.0007,-0.0200,-0.574,0.038,-0.186,0.021,-0.025,0.015,0.000,0.000,0.000,-0.00117,0.00337,-0.00002,0.00000,0.00000,0.00000,0,1.000
162840,0.0174,0.0028,-0.0201,-0.539,-0.056,-0.022,0.019,-0.044,-0.004,0.000,-0.000,0.000,-0.00165,-0.00158,0.00030,0.00000,0.00000,0.00000,0,1.000
162848,0.0169,0.0055,-0.0223,-0.560,-0.108,-0.161,0.022,-0.026,-0.009,0.000,-0.000,0.000,-0.00004,0.00131,-0.00282,0.00000,0.00000,0.00000,0,1.000
162856,0.0158,0.0083,-0.0239,-0.454,-0.002,-0.055,0.008,-0.014,-0.030,0.000,-0.000,0.000,-0.00229,0.00373,-0.00601,0.00000,0.00000,0.00000,0,1.000
162863,0.0159,0.0127,-0.0283,-0.389,0.086,-0.313,-0.004,-0.010,-0.044,0.000,-0.000,0.000,-0.00155,0.00859,-0.01397,0.00000,0.00000,0.00000,0,1.000
162871,0.0166,0.0157,-0.0319,-0.389,0.086,-0.314,-0.010,0.006,-0.028,0.000,-0.000,0.000,-0.00253,0.01190,-0.01312,0.00000,0.00000,0.00000,0,1.000
162879,0.0119,0.0196,-0.0310,-0.319,0.156,-0.243,-0.034,0.016,-0.030,0.000,-0.000,0.000,-0.00669,0.01438,-0.01318,0.00000,0.00000,0.00000,0,1.000
162887,0.0038,0.0222,-0.0254,-0.548,0.290,0.064,-0.036,0.031,-0.034,0.000,-0.000,-0.000,-0.01652,0.01871,-0.00630,0.00000,0.00000,0.00000,0,1.000
162895,-0.0038,0.0243,-0.0198,-0.683,0.348,0.036,-0.018,0.035,-0.018,0.000,0.000,-0.000,-0.01854,0.02187,-0.00298,0.00000,0.00000,0.00000,0,1.000
162902,-0.0094,0.0232,-0.0131,-0.619,0.305,-0.092,-0.018,0.046,-0.001,0.000,0.000,-0.000,-0.01728,0.02237,-0.00155,0.00000,0.00000,0.00000,0,1.000
162910,-0.0127,0.0261,-0.0127,-0.420,0.120,-0.105,-0.001,0.057,0.014,0.000,0.000,-0.000,-0.01037,0.01866,0.00036,0.00000,0.00000,0.00000,0,1.000
162918,-0.0124,0.0237,-0.0107,-0.171,-0.049,-0.186,0.001,0.043,0.025,0.000,0.000,-0.000,-0.00364,0.01264,0.00009,0.00000,0.00000,0.00000,0,1.000
162925,-0.0147,0.0229,-0.0077,-0.107,-0.048,-0.357,0.008,0.017,0.034,0.000,0.000,0.000,-0.00019,0.01035,-0.00166,0.00000,0.00000,0.00000,0,1.000
162933,-0.0179,0.0292,-0.0105,-0.043,-0.089,-0.485,0.021,0.017,0.034,0.000,0.000,0.000,0.00365,0.01137,-0.00470,0.00000,0.00000,0.00000,0,1.000
162941,-0.0195,0.0327,-0.0123,0.048,0.164,-0.406,0.024,-0.011,0.022,0.000,0.000,0.000,0.00267,0.01090,-0.00804,0.00000,0.00000,0.00000,0,1.000
162949,-0.0211,0.0385,-0.0163,-0.081,0.377,-0.279,0.028,-0.029,0.005,0.000,0.000,0.000,-0.00213,0.01342,-0.00981,0.00000,0.00000,0.00000,0,1.000
162957,-0.0237,0.0420,-0.0172,-0.216,0.435,-0.307,0.030,-0.039,-0.007,0.000,0.000,0.000,-0.00481,0.01563,-0.01161,0.00000,0.00000,0.00000,0,1.000
162964,-0.0215,0.0455,-0.0228,-0.075,0.620,-0.210,0.029,-0.041,-0.018,0.000,0.000,0.000,-0.00444,0.01746,-0.01557,0.00000,0.00000,0.00000,0,1.000
162972,-0.0177,0.0463,-0.0274,0.119,0.192,-0.293,0.011,-0.024,-0.034,0.000,0.000,0.000,0.00164,0.01105,-0.01800,0.00000,0.00000,0.00000,0,1.000
162980,-0.0143,0.0469,-0.0314,0.119,0.321,-0.422,0.010,-0.021,-0.033,0.000,0.000,0.000,0.00217,0.01499,-0.02205,0.00000,0.00000,0.00000,0,1.000
162987,-0.0113,0.0456,-0.0331,-0.001,0.059,-0.252,0.005,-0.015,-0.020,0.000,0.000,-0.000,0.00054,0.01040,-0.01454,0.00000,0.00000,0.00000,0,1.000
162995,-0.0129,0.0453,-0.0312,0.034,0.008,-0.130,-0.024,-0.006,-0.021,0.000,0.000,-0.000,-0.00427,0.00952,-0.01196,0.00000,0.00000,0.00000,0,1.000
163003,-0.0146,0.0450,-0.0292,-0.001,-0.028,-0.165,-0.027,-0.001,-0.013,0.000,0.000,-0.000,-0.00512,0.01021,-0.01042,0.00000,0.00000,0.00000,0,1.000
163011,-0.0172,0.0474,-0.0289,-0.172,-0.005,-0.229,-0.035,0.002,0.006,0.000,0.000,-0.000,-0.00913,0.01350,-0.00700,0.00000,0.00000,0.00000,0,1.000
163019,-0.0185,0.0481,-0.0283,-0.172,-0.177,-0.056,-0.027,-0.000,0.011,0.000,0.000,-0.000,-0.00863,0.00875,-0.00171,0.00000,0.00000,0.00000,0,1.000
163027,-0.0210,0.0504,-0.0281,-0.201,0.030,-0.022,-0.029,0.004,0.015,0.000,0.000,-0.000,-0.01199,0.01358,-0.00202,0.00000,0.00000,0.00000,0,1.000
163034,-0.0236,0.0528,-0.0278,-0.208,-0.169,-0.134,-0.023,0.009,0.025,0.000,0.000,-0.000,-0.00927,0.01221,-0.00078,0.00000,0.00000,0.00000,0,1.000
163042,-0.0254,0.0566,-0.0298,-0.272,0.003,-0.136,-0.025,0.007,0.026,0.000,0.000,0.000,-0.01247,0.01648,-0.00190,0.00000,0.00000,0.00000,0,1.000
163050,-0.0240,0.0581,-0.0326,-0.046,0.197,-0.028,-0.008,-0.001,0.029,0.000,0.000,0.000,-0.00854,0.01612,-0.00404,0.00000,0.00000,0.00000,0,1.000
163057,-0.0241,0.0590,-0.0334,-0.110,0.196,0.143,0.017,-0.007,0.027,0.000,0.000,0.000,-0.00716,0.01427,-0.00111,0.00000,0.00000,0.00000,0,1.000
163065,-0.0229,0.0590,-0.0345,-0.017,0.120,-0.192,0.011,0.010,0.008,0.000,0.000,0.000,-0.00254,0.01776,-0.01002,0.00000,0.00000,0.00000,0,1.000
163073,-0.0184,0.0585,-0.0385,0.210,0.228,0.003,0.011,0.008,-0.002,0.000,0.000,0.000,-0.00042,0.01583,-0.01211,0.00000,0.00000,0.00000,0,1.000
163081,-0.0167,0.0554,-0.0373,0.175,0.149,0.011,0.042,0.001,-0.001,0.000,0.000,0.000,0.00376,0.01274,-0.01067,0.00000,0.00000,0.00000,0,1.000
163088,-0.0197,0.0579,-0.0367,0.295,0.152,0.099,0.044,0.007,0.002,0.000,0.000,0.000,0.00452,0.01243,-0.00978,0.00000,0.00000,0.00000,0,1.000
163096,-0.0213,0.0575,-0.0347,0.083,-0.189,0.018,0.037,-0.012,-0.028,0.000,0.000,0.000,0.00387,0.00573,-0.01014,0.00000,0.00000,0.00000,0,1.000
163104,-0.0214,0.0611,-0.0381,-0.002,-0.069,-0.122,0.040,0.004,-0.027,0.000,0.000,0.000,0.00290,0.01304,-0.01345,0.00000,0.00000,0.00000,0,1.000
163112,-0.0260,0.0675,-0.0397,0.047,-0.007,-0.234,0.025,-0.000,-0.025,0.000,0.000,-0.000,0.00164,0.01545,-0.01630,0.00000,0.00000,0.00000,0,1.000
163119,-0.0293,0.0719,-0.0407,-0.167,0.369,-0.290,0.011,0.002,-0.026,0.000,0.000,-0.000,-0.00733,0.02592,-0.01871,0.00000,0.00000,0.00000,0,1.000
163127,-0.0291,0.0711,-0.0401,0.012,0.173,-0.484,-0.007,0.013,-0.010,0.000,0.000,-0.000,-0.00392,0.02402,-0.01968,0.00000,0.00000,0.00000,0,1.000
163135,-0.0287,0.0752,-0.0445,-0.032,0.311,-0.261,-0.015,0.020,-0.016,0.000,0.000,-0.000,-0.00894,0.02690,-0.01840,0.00000,0.00000,0.00000,0,1.000
163143,-0.0300,0.0789,-0.0468,-0.493,0.267,-0.391,-0.015,0.001,-0.010,0.000,0.000,-0.000,-0.01537,0.02900,-0.01548,0.00000,0.00000,0.00000,0,1.000
163150,-0.0267,0.0758,-0.0471,-0.146,0.161,0.108,-0.034,0.009,0.017,0.000,0.000,-0.000,-0.01505,0.02045,-0.00493,0.00000,0.00000,0.00000,0,1.000
163158,-0.0243,0.0710,-0.0448,0.089,0.010,0.130,-0.036,0.007,0.013,0.000,0.000,-0.000,-0.00968,0.01437,-0.00555,0.00000,0.00000,0.00000,0,1.000
163166,-0.0201,0.0696,-0.0477,-0.016,-0.182,0.110,-0.044,-0.005,0.029,0.000,0.000,-0.000,-0.00952,0.00965,-0.00155,0.00000,0.00000,0.00000,0,1.000
163174,-0.0211,0.0685,-0.0455,-0.095,-0.037,0.256,-0.036,0.003,0.025,0.000,0.000,0.000,-0.01300,0.01269,0.00019,0.00000,0.00000,0.00000,0,1.000
163182,-0.0220,0.0704,-0.0466,0.104,-0.309,0.328,-0.022,0.000,0.041,0.000,0.000,0.000,-0.00657,0.00540,0.00345,0.00000,0.00000,0.00000,0,1.000
163189,-0.0248,0.0737,-0.0470,0.124,0.046,0.165,-0.004,-0.022,0.018,0.000,0.000,0.000,-0.00537,0.01035,-0.00527,0.00000,0.00000,0.00000,0,1.000
163197,-0.0304,0.0781,-0.0457,0.074,0.115,0.146,0.021,-0.027,0.022,0.000,0.000,0.000,-0.00394,0.01225,-0.00501,0.00000,0.00000,0.00000,0,1.000
163205,-0.0311,0.0799,-0.0467,-0.090,0.120,0.411,0.031,-0.033,-0.001,0.000,0.000,0.000,-0.00786,0.01127,-0.00283,0.00000,0.00000,0.00000,0,1.000
163212,-0.0301,0.0808,-0.0485,0.060,0.089,0.292,0.053,-0.007,-0.005,0.000,0.000,0.000,-0.00204,0.01418,-0.00720,0.00000,0.00000,0.00000,0,1.000
163220,-0.0284,0.0771,-0.0466,-0.081,-0.053,0.152,0.055,0.008,-0.002,0.000,0.000,0.000,-0.00163,0.01554,-0.00636,0.00000,0.00000,0.00000,0,1.000
163228,-0.0232,0.0737,-0.0486,0.239,0.109,-0.118,0.040,0.006,-0.016,0.000,0.000,0.000,0.00497,0.01716,-0.01771,0.00000,0.00000,0.00000,0,1.000
163235,-0.0212,0.0705,-0.0475,0.304,-0.193,0.012,0.032,0.009,-0.022,0.000,0.000,0.000,0.00716,0.00997,-0.01419,0.00000,0.00000,0.00000,0,1.000
163243,-0.0184,0.0690,-0.0488,0.246,0.350,-0.049,0.018,0.019,-0.028,0.000,0.000,0.000,0.00086,0.02197,-0.02027,0.00000,0.00000,0.00000,0,1.000
163250,-0.0159,0.0663,-0.0487,0.190,-0.040,0.079,0.008,0.015,-0.020,0.000,0.000,0.000,0.00104,0.01322,-0.01312,0.00000,0.00000,0.00000,0,1.000
163258,-0.0148,0.0648,-0.0483,0.225,0.038,0.072,-0.008,0.013,-0.008,0.000,0.000,0.000,-0.00138,0.01374,-0.01232,0.00000,0.00000,0.00000,0,1.000
163266,-0.0177,0.0653,-0.0459,0.140,-0.102,0.191,-0.027,0.025,-0.007,0.000,0.000,0.000,-0.00602,0.01289,-0.00761,0.00000,0.00000,0.00000,0,1.000
163274,-0.0224,0.0666,-0.0424,0.131,0.071,0.450,-0.025,0.017,0.005,0.000,0.000,0.000,-0.01079,0.01297,-0.00190,0.00000,0.00000,0.00000,0,1.000
163281,-0.0271,0.0693,-0.0403,0.004,-0.259,0.379,-0.041,0.022,0.013,0.000,0.000,0.000,-0.01230,0.01002,0.00259,0.00000,0.00000,0.00000,0,1.000
163289,-0.0333,0.0754,-0.0401,-0.047,-0.060,0.231,-0.048,-0.010,0.018,0.000,0.000,0.000,-0.01511,0.01151,-0.00015,0.00000,0.00000,0.00000,0,1.000
163297,-0.0387,0.0838,-0.0429,-0.097,0.009,0.212,-0.038,-0.012,0.029,0.000,0.000,0.000,-0.01670,0.01466,0.00022,0.00000,0.00000,0.00000,0,1.000
163305,-0.0412,0.0850,-0.0415,0.173,-0.193,0.356,-0.025,-0.021,0.024,0.000,0.000,0.000,-0.01066,0.00652,0.00167,0.00000,0.00000,0.00000,0,1.000
163312,-0.0380,0.0827,-0.0425,0.208,-0.157,0.391,-0.023,-0.028,0.020,0.000,0.000,0.000,-0.00969,0.00514,0.00083,0.00000,0.00000,0.00000,0,1.000
163320,-0.0325,0.0796,-0.0450,0.464,0.003,0.292,-0.007,-0.020,-0.004,0.000,0.000,0.000,-0.00228,0.00724,-0.00881,0.00000,0.00000,0.00000,0,1.000
163328,-0.0271,0.0732,-0.0442,0.394,-0.197,0.351,0.018,-0.014,-0.027,0.000,0.000,0.000,0.00276,0.00324,-0.00885,0.00000,0.00000,0.00000,0,1.000
163335,-0.0217,0.0695,-0.0460,0.494,-0.291,0.344,0.024,0.001,-0.030,0.000,0.000,0.000,0.00726,0.00231,-0.00995,0.00000,0.00000,0.00000,0,1.000
163343,-0.0173,0.0687,-0.0496,0.374,-0.206,0.168,0.028,0.006,-0.028,0.000,0.000,0.000,0.00738,0.00695,-0.01321,0.00000,0.00000,0.00000,0,1.000
163351,-0.0133,0.0650,-0.0500,0.395,0.018,0.134,0.053,0.009,-0.018,0.000,0.000,0.000,0.00915,0.01073,-0.01486,0.00000,0.00000,0.00000,0,1.000
163358,-0.0113,0.0631,-0.0501,0.169,-0.090,-0.060,0.040,0.009,-0.026,0.000,0.000,-0.000,0.00740,0.01199,-0.01620,0.00000,0.00000,0.00000,0,1.000
163366,-0.0082,0.0549,-0.0452,0.330,0.059,0.263,0.034,0.011,-0.018,0.000,0.000,-0.000,0.00592,0.00928,-0.01125,0.00000,0.00000,0.00000,0,1.000
163373,-0.0052,0.0504,-0.0439,0.217,-0.090,0.632,0.015,0.014,-0.017,0.000,0.000,-0.000,0.00007,0.00401,-0.00209,0.00000,0.00000,0.00000,0,1.000
163381,-0.0021,0.0458,-0.0425,0.188,0.030,0.752,-0.005,0.005,-0.009,0.000,0.000,-0.000,-0.00500,0.00311,0.00076,0.00000,0.00000,0.00000,0,1.000
163389,0.0004,0.0421,-0.0414,0.338,0.127,0.504,-0.036,0.018,-0.008,0.000,0.000,-0.000,-0.00480,0.00699,-0.00510,0.00000,0.00000,0.00000,0,1.000
163397,0.0005,0.0440,-0.0433,0.253,0.117,0.494,-0.026,-0.000,0.014,0.000,0.000,-0.000,-0.00493,0.00501,-0.00136,0.00000,0.00000,0.00000,0,1.000
163404,0.0004,0.0409,-0.0402,0.182,0.176,0.294,-0.030,-0.012,0.031,0.000,0.000,-0.000,-0.00536,0.00576,-0.00171,0.00000,0.00000,0.00000,0,1.000
163412,-0.0002,0.0373,-0.0361,-0.023,0.077,0.282,-0.025,-0.001,0.035,0.000,0.000,-0.000,-0.00754,0.00672,0.00200,0.00000,0.00000,0.00000,0,1.000
163420,-0.0026,0.0321,-0.0287,-0.164,-0.237,0.314,-0.018,-0.024,0.018,0.000,0.000,0.000,-0.00678,-0.00258,0.00611,0.00000,0.00000,0.00000,0,1.000
163427,-0.0083,0.0284,-0.0193,-0.449,-0.192,0.447,-0.002,-0.022,0.031,0.000,0.000,0.000,-0.01207,-0.00110,0.01404,0.00000,0.00000,0.00000,0,1.000
163435,-0.0129,0.0261,-0.0125,-0.476,-0.313,0.067,0.003,-0.038,0.005,0.000,0.000,0.000,-0.00794,-0.00206,0.00661,0.00000,0.00000,0.00000,0,1.000
163443,-0.0155,0.0274,-0.0112,-0.385,-0.104,0.190,0.020,-0.027,0.013,0.000,0.000,0.000,-0.00743,0.00131,0.00749,0.00000,0.00000,0.00000,0,1.000
163451,-0.0129,0.0261,-0.0125,-0.235,-0.006,-0.058,0.016,-0.032,0.008,0.000,-0.000,0.000,-0.00335,0.00306,0.00002,0.00000,0.00000,0.00000,0,1.000
163458,-0.0132,0.0271,-0.0132,-0.185,0.012,-0.126,0.016,-0.010,-0.017,0.000,-0.000,0.000,-0.00217,0.00680,-0.00584,0.00000,0.00000,0.00000,0,1.000
163466,-0.0139,0.0279,-0.0134,-0.276,0.062,-0.508,0.010,0.003,-0.004,0.000,-0.000,0.000,-0.00176,0.01394,-0.01005,0.00000,0.00000,0.00000,0,1.000
163474,-0.0117,0.0259,-0.0136,-0.305,0.138,-0.344,0.016,0.008,0.002,0.000,-0.000,0.000,-0.00315,0.01453,-0.00692,0.00000,0.00000,0.00000,0,1.000
163481,-0.0141,0.0268,-0.0120,-0.121,0.142,-0.426,0.009,0.021,-0.018,0.000,0.000,0.000,-0.00080,0.01600,-0.01278,0.00000,0.00000,0.00000,0,1.000
163489,-0.0197,0.0295,-0.0090,-0.427,0.136,-0.432,-0.001,0.030,-0.012,0.000,0.000,0.000,-0.00868,0.02030,-0.00848,0.00000,0.00000,0.00000,0,1.000
163497,-0.0254,0.0337,-0.0074,-0.166,0.236,-0.159,-0.006,0.009,-0.027,0.000,0.000,0.000,-0.00941,0.01564,-0.00863,0.00000,0.00000,0.00000,0,1.000
163505,-0.0287,0.0364,-0.0068,-0.116,0.211,-0.183,-0.013,0.023,-0.025,0.000,0.000,-0.000,-0.01002,0.01760,-0.00902,0.00000,0.00000,0.00000,0,1.000
163513,-0.0310,0.0438,-0.0117,-0.407,0.318,-0.422,-0.032,0.015,-0.015,0.000,0.000,-0.000,-0.01662,0.02438,-0.01075,0.00000,0.00000,0.00000,0,1.000
163521,-0.0332,0.0510,-0.0164,-0.137,0.160,-0.322,-0.025,-0.004,0.004,0.000,0.000,-0.000,-0.01117,0.01684,-0.00808,0.00000,0.00000,0.00000,0,1.000
163528,-0.0363,0.0580,-0.0201,-0.165,-0.047,-0.617,-0.023,-0.005,0.007,0.000,0.000,-0.000,-0.00760,0.01706,-0.01141,0.00000,0.00000,0.00000,0,1.000
163536,-0.0355,0.0599,-0.0228,-0.243,0.012,-0.385,-0.021,-0.014,0.014,0.000,0.000,-0.000,-0.01111,0.01578,-0.00670,0.00000,0.00000,0.00000,0,1.000
163544,-0.0348,0.0626,-0.0262,-0.208,0.134,-0.437,-0.011,0.003,0.022,0.000,0.000,0.000,-0.00960,0.02129,-0.00854,0.00000,0.00000,0.00000,0,1.000
163551,-0.0358,0.0687,-0.0311,-0.138,-0.011,-0.151,-0.003,0.018,0.021,0.000,0.000,0.000,-0.00879,0.01925,-0.00442,0.00000,0.00000,0.00000,0,1.000
163559,-0.0365,0.0694,-0.0310,-0.067,0.146,-0.167,0.032,0.015,0.036,0.000,0.000,0.000,-0.00405,0.02121,-0.00506,0.00000,0.00000,0.00000,0,1.000
163567,-0.0355,0.0729,-0.0355,-0.040,0.354,0.127,0.031,0.011,0.014,0.000,0.000,0.000,-0.00781,0.02251,-0.00577,0.00000,0.00000,0.00000,0,1.000
163575,-0.0331,0.0775,-0.0423,0.130,0.504,0.018,0.031,0.019,0.014,0.000,0.000,0.000,-0.00466,0.02680,-0.01187,0.00000,0.00000,0.00000,0,1.000
163583,-0.0252,0.0802,-0.0529,0.550,0.401,-0.087,0.019,0.016,0.004,0.000,0.000,0.000,0.00455,0.02247,-0.02020,0.00000,0.00000,0.00000,0,1.000
163590,-0.0207,0.0803,-0.0575,0.750,0.258,-0.144,0.011,0.012,0.003,0.000,0.000,0.000,0.00937,0.01808,-0.02288,0.00000,0.00000,0.00000,0,1.000
163598,-0.0218,0.0801,-0.0562,0.621,0.212,0.242,0.000,-0.016,-0.003,0.000,0.000,0.000,0.00235,0.01076,-0.01513,0.00000,0.00000,0.00000,0,1.000
163606,-0.0232,0.0819,-0.0567,0.444,0.123,-0.020,-0.003,-0.005,-0.011,0.000,0.000,0.000,0.00171,0.01500,-0.01862,0.00000,0.00000,0.00000,0,1.000
163613,-0.0240,0.0825,-0.0563,0.514,0.280,-0.035,-0.020,-0.013,-0.013,0.000,0.000,0.000,-0.00092,0.01619,-0.02101,0.00000,0.00000,0.00000,0,1.000
163621,-0.0249,0.0863,-0.0591,0.300,-0.035,0.599,-0.028,-0.032,-0.009,0.000,0.000,0.000,-0.00880,0.00524,-0.00522,0.00000,0.00000,0.00000,0,1.000
163629,-0.0235,0.0856,-0.0598,0.406,0.244,0.531,-0.028,-0.021,0.008,0.000,0.000,0.000,-0.00867,0.01122,-0.00722,0.00000,0.00000,0.00000,0,1.000
163637,-0.0203,0.0872,-0.0646,0.286,0.069,0.615,-0.027,-0.019,0.015,0.000,0.000,0.000,-0.00932,0.00885,-0.00313,0.00000,0.00000,0.00000,0,1.000
163644,-0.0138,0.0858,-0.0698,0.551,0.100,0.214,-0.030,-0.024,0.011,0.000,0.000,0.000,-0.00034,0.00971,-0.01436,0.00000,0.00000,0.00000,0,1.000
163652,-0.0090,0.0838,-0.0725,0.416,0.028,0.314,-0.021,-0.008,0.004,0.000,0.000,0.000,-0.00089,0.01050,-0.01262,0.00000,0.00000,0.00000,0,1.000
163660,-0.0058,0.0805,-0.0726,0.190,-0.253,0.292,-0.011,-0.007,-0.005,0.000,0.000,0.000,-0.00002,0.00703,-0.01012,0.00000,0.00000,0.00000,0,1.000
163667,-0.0029,0.0723,-0.0676,0.460,-0.240,0.221,0.006,-0.001,-0.000,0.000,0.000,0.000,0.00844,0.00476,-0.01227,0.00000,0.00000,0.00000,0,1.000
163675,0.0018,0.0647,-0.0649,0.296,-0.235,0.485,-0.002,0.004,-0.000,0.000,0.000,0.000,0.00275,0.00337,-0.00573,0.00000,0.00000,0.00000,0,1.000
163683,-0.0004,0.0585,-0.0565,0.012,-0.060,0.489,0.026,0.027,-0.019,0.000,0.000,0.000,0.00013,0.01084,-0.00596,0.00000,0.00000,0.00000,0,1.000
163691,0.0015,0.0537,-0.0538,0.168,-0.238,0.828,0.037,0.013,-0.024,0.000,0.000,0.000,0.00291,0.00049,-0.00018,0.00000,0.00000,0.00000,0,1.000
163698,0.0054,0.0464,-0.0506,0.233,-0.065,0.484,0.037,0.026,-0.011,0.000,0.000,0.000,0.00628,0.00631,-0.00568,0.00000,0.00000,0.00000,0,1.000
163706,0.0038,0.0463,-0.0489,0.197,0.029,0.320,0.039,0.025,-0.003,0.000,0.000,0.000,0.00619,0.00943,-0.00737,0.00000,0.00000,0.00000,0,1.000
163714,0.0018,0.0467,-0.0472,0.141,0.158,-0.069,0.030,0.009,0.009,0.000,0.000,0.000,0.00631,0.01335,-0.01235,0.00000,0.00000,0.00000,0,1.000
163722,-0.0016,0.0486,-0.0457,0.226,0.254,-0.145,0.011,-0.001,0.012,0.000,0.000,0.000,0.00436,0.01387,-0.01414,0.00000,0.00000,0.00000,0,1.000
163729,-0.0004,0.0484,-0.0466,-0.044,0.326,-0.159,-0.010,0.003,0.001,0.000,0.000,0.000,-0.00374,0.01814,-0.01437,0.00000,0.00000,0.00000,0,1.000
163737,-0.0012,0.0471,-0.0447,0.141,0.157,-0.069,-0.013,-0.026,0.014,0.000,0.000,0.000,-0.00049,0.00812,-0.01055,0.00000,0.00000,0.00000,0,1.000
163745,-0.0029,0.0425,-0.0385,-0.235,-0.136,0.071,-0.038,-0.024,0.008,0.000,0.000,0.000,-0.00902,0.00419,-0.00166,0.00000,0.00000,0.00000,0,1.000
163752,-0.0045,0.0426,-0.0370,0.020,0.025,-0.027,-0.043,-0.024,0.007,0.000,0.000,0.000,-0.00593,0.00590,-0.00685,0.00000,0.00000,0.00000,0,1.000
163760,-0.0053,0.0435,-0.0370,-0.086,-0.081,-0.133,-0.046,-0.026,-0.006,0.000,0.000,0.000,-0.00623,0.00574,-0.00885,0.00000,0.00000,0.00000,0,1.000
163768,-0.0092,0.0456,-0.0352,-0.192,-0.230,-0.195,-0.048,-0.016,0.000,0.000,0.000,0.000,-0.00720,0.00622,-0.00638,0.00000,0.00000,0.00000,0,1.000
163775,-0.0056,0.0473,-0.0405,-0.206,0.003,-0.308,-0.034,-0.013,0.008,0.000,-0.000,0.000,-0.00649,0.01225,-0.01011,0.00000,0.00000,0.00000,0,1.000
163783,-0.0056,0.0509,-0.0440,-0.165,0.065,0.012,-0.019,-0.014,0.001,0.000,-0.000,0.000,-0.00742,0.01091,-0.00748,0.00000,0.00000,0.00000,0,1.000
163791,-0.0068,0.0554,-0.0472,-0.071,-0.097,-0.237,0.003,0.016,-0.005,0.000,-0.000,0.000,0.00088,0.01495,-0.01306,0.00000,0.00000,0.00000,0,1.000
163799,-0.0063,0.0584,-0.0506,-0.185,-0.030,-0.084,0.012,0.015,-0.009,0.000,-0.000,0.000,-0.00141,0.01629,-0.01145,0.00000,0.00000,0.00000,0,1.000
163806,-0.0034,0.0573,-0.0524,-0.094,0.136,0.081,0.041,0.006,-0.009,0.000,0.000,0.000,0.00140,0.01535,-0.01131,0.00000,0.00000,0.00000,0,1.000
163814,-0.0028,0.0560,-0.0518,0.247,0.349,-0.050,0.045,0.031,-0.017,0.000,0.000,0.000,0.00691,0.02080,-0.01969,0.00000,0.00000,0.00000,0,1.000
163822,-0.0052,0.0597,-0.0530,0.182,0.219,0.251,0.040,0.030,-0.009,0.000,0.000,0.000,0.00321,0.01700,-0.01182,0.00000,0.00000,0.00000,0,1.000
163830,-0.0095,0.0601,-0.0491,0.281,0.126,0.245,0.040,0.034,-0.014,0.000,0.000,0.000,0.00482,0.01517,-0.01214,0.00000,0.00000,0.00000,0,1.000
163837,-0.0070,0.0602,-0.0516,0.287,0.109,0.573,0.021,0.021,-0.008,0.000,0.000,0.000,0.00057,0.01054,-0.00580,0.00000,0.00000,0.00000,0,1.000
163845,-0.0079,0.0653,-0.0557,0.393,0.345,0.548,0.023,0.007,-0.003,0.000,0.000,0.000,0.00068,0.01305,-0.00924,0.00000,0.00000,0.00000,0,1.000
163853,-0.0101,0.0683,-0.0564,0.322,0.318,0.435,0.007,0.004,-0.005,0.000,0.000,0.000,-0.00198,0.01432,-0.01056,0.00000,0.00000,0.00000,0,1.000
163860,-0.0107,0.0713,-0.0588,0.202,0.575,0.087,-0.004,0.002,-0.000,0.000,0.000,0.000,-0.00500,0.02314,-0.01724,0.00000,0.00000,0.00000,0,1.000
163868,-0.0106,0.0723,-0.0599,0.430,-0.033,0.255,-0.023,-0.001,-0.002,0.000,0.000,0.000,-0.00015,0.00866,-0.01158,0.00000,0.00000,0.00000,0,1.000
163876,-0.0123,0.0738,-0.0596,0.401,0.131,0.332,-0.027,-0.022,-0.004,0.000,0.000,0.000,-0.00354,0.00835,-0.01158,0.00000,0.00000,0.00000,0,1.000
163883,-0.0139,0.0743,-0.0585,0.125,0.048,0.163,-0.032,-0.029,0.001,0.000,0.000,0.000,-0.00690,0.00975,-0.01015,0.00000,0.00000,0.00000,0,1.000
163891,-0.0131,0.0771,-0.0621,0.119,-0.237,0.136,-0.037,-0.022,0.007,0.000,0.000,0.000,-0.00468,0.00639,-0.00791,0.00000,0.00000,0.00000,0,1.000
163898,-0.0093,0.0738,-0.0626,0.078,-0.428,-0.054,-0.024,-0.020,0.002,0.000,0.000,0.000,0.00029,0.00430,-0.01008,0.00000,0.00000,0.00000,0,1.000
163906,-0.0057,0.0714,-0.0639,0.240,-0.148,0.138,-0.028,-0.010,-0.004,0.000,0.000,0.000,-0.00090,0.00744,-0.01199,0.00000,0.00000,0.00000,0,1.000
163914,-0.0014,0.0673,-0.0641,0.234,-0.433,0.112,-0.024,-0.007,0.004,0.000,0.000,0.000,0.00296,0.00218,-0.00877,0.00000,0.00000,0.00000,0,1.000
163922,0.0001,0.0610,-0.0595,0.035,-0.248,0.126,0.001,-0.001,-0.000,0.000,0.000,0.000,0.00186,0.00666,-0.00820,0.00000,0.00000,0.00000,0,1.000
163929,0.0051,0.0517,-0.0554,0.340,-0.372,0.262,0.004,0.006,0.008,0.000,0.000,0.000,0.00839,-0.00019,-0.00563,0.00000,0.00000,0.00000,0,1.000
163937,0.0066,0.0504,-0.0558,0.425,-0.362,0.272,0.011,0.006,0.005,0.000,0.000,0.000,0.01096,-0.00105,-0.00681,0.00000,0.00000,0.00000,0,1.000
163945,0.0043,0.0478,-0.0508,0.290,-0.304,0.244,0.023,0.007,0.008,0.000,0.000,0.000,0.00971,0.00100,-0.00516,0.00000,0.00000,0.00000,0,1.000
163952,0.0025,0.0427,-0.0440,0.325,-0.312,0.323,0.036,0.027,0.013,0.000,0.000,0.000,0.01055,0.00165,-0.00216,0.00000,0.00000,0.00000,0,1.000
163960,-0.0027,0.0422,-0.0384,0.210,-0.029,0.261,0.038,0.022,0.005,0.000,0.000,0.000,0.00595,0.00747,-0.00455,0.00000,0.00000,0.00000,0,1.000
163968,-0.0069,0.0436,-0.0356,0.095,0.081,0.371,0.032,0.022,0.015,0.000,0.000,0.000,0.00053,0.00983,-0.00051,0.00000,0.00000,0.00000,0,1.000
163975,-0.0137,0.0461,-0.0312,-0.155,0.335,0.366,0.030,0.019,0.010,0.000,0.000,0.000,-0.00748,0.01666,-0.00027,0.00000,0.00000,0.00000,0,1.000
163983,-0.0141,0.0469,-0.0316,-0.196,0.403,-0.084,0.008,0.011,0.002,0.000,0.000,0.000,-0.00768,0.02118,-0.00925,0.00000,0.00000,0.00000,0,1.000
163991,-0.0124,0.0473,-0.0337,-0.324,0.659,0.000,0.002,-0.008,0.002,0.000,0.000,0.000,-0.01327,0.02323,-0.00922,0.00000,0.00000,0.00000,0,1.000
163998,-0.0120,0.0478,-0.0345,-0.125,0.516,-0.056,-0.027,-0.019,-0.001,0.000,0.000,0.000,-0.01223,0.01799,-0.01116,0.00000,0.00000,0.00000,0,1.000
164006,-0.0061,0.0439,-0.0367,0.187,0.677,0.105,-0.029,-0.032,0.007,0.000,0.000,0.000,-0.00876,0.01443,-0.01167,0.00000,0.00000,0.00000,0,1.000
164014,-0.0044,0.0387,-0.0334,0.011,0.327,0.102,-0.044,-0.018,0.002,0.000,0.000,0.000,-0.00996,0.01039,-0.00728,0.00000,0.00000,0.00000,0,1.000
164022,-0.0048,0.0371,-0.0314,-0.009,0.274,-0.036,-0.036,-0.017,0.009,0.000,0.000,0.000,-0.00803,0.01049,-0.00745,0.00000,0.00000,0.00000,0,1.000
164029,-0.0027,0.0362,-0.0325,0.064,-0.156,-0.208,-0.019,-0.015,0.014,0.000,0.000,0.000,0.00089,0.00349,-0.00703,0.00000,0.00000,0.00000,0,1.000
164037,-0.0026,0.0403,-0.0366,-0.276,0.105,-0.551,0.005,-0.003,0.002,0.000,0.000,0.000,-0.00018,0.01675,-0.01503,0.00000,0.00000,0.00000,0,1.000
164045,-0.0061,0.0479,-0.0405,-0.235,0.210,-0.274,0.015,0.010,0.007,0.000,0.000,0.000,-0.00217,0.01955,-0.01167,0.00000,0.00000,0.00000,0,1.000
164052,-0.0107,0.0582,-0.0460,-0.520,0.473,-0.358,0.018,0.015,0.002,0.000,0.000,0.000,-0.00909,0.03034,-0.01466,0.00000,0.00000,0.00000,0,1.000
164060,-0.0124,0.0659,-0.0518,-0.130,0.447,-0.299,0.012,0.014,0.011,0.000,0.000,0.000,-0.00399,0.02757,-0.01676,0.00000,0.00000,0.00000,0,1.000
164068,-0.0141,0.0751,-0.0590,-0.101,0.327,-0.420,0.028,0.037,0.003,0.000,0.000,0.000,0.00039,0.03093,-0.02096,0.00000,0.00000,0.00000,0,1.000
164076,-0.0182,0.0816,-0.0613,0.119,0.410,-0.510,0.019,0.015,-0.013,0.000,0.000,0.000,0.00251,0.03002,-0.02802,0.00000,0.00000,0.00000,0,1.000
164084,-0.0221,0.0818,-0.0576,0.074,0.288,-0.027,0.010,0.011,-0.028,0.000,0.000,0.000,-0.00363,0.02368,-0.01954,0.00000,0.00000,0.00000,0,1.000
164092,-0.0266,0.0880,-0.0591,-0.131,0.276,-0.126,0.006,0.000,-0.019,0.000,0.000,0.000,-0.00765,0.02560,-0.01831,0.00000,0.00000,0.00000,0,1.000
164099,-0.0318,0.0888,-0.0546,-0.281,0.264,0.035,-0.012,-0.001,-0.020,0.000,0.000,0.000,-0.01546,0.02528,-0.01318,0.00000,0.00000,0.00000,0,1.000
164107,-0.0322,0.0908,-0.0562,-0.381,0.142,0.257,-0.014,-0.019,-0.006,0.000,0.000,0.000,-0.01852,0.01964,-0.00550,0.00000,0.00000,0.00000,0,1.000
164115,-0.0307,0.0935,-0.0603,-0.125,0.216,0.245,-0.028,-0.034,-0.003,0.000,0.000,0.000,-0.01624,0.01759,-0.00887,0.00000,0.00000,0.00000,0,1.000
164122,-0.0306,0.0931,-0.0601,-0.336,-0.082,0.119,-0.035,-0.023,0.015,0.000,0.000,0.000,-0.01705,0.01626,-0.00376,0.00000,0.00000,0.00000,0,1.000
164130,-0.0330,0.0954,-0.0599,0.153,0.015,-0.044,-0.028,-0.029,0.016,0.000,0.000,0.000,-0.00776,0.01489,-0.01162,0.00000,0.00000,0.00000,0,1.000
164138,-0.0322,0.0939,-0.0593,0.267,-0.182,-0.067,-0.018,-0.026,0.034,0.000,-0.000,0.000,-0.00258,0.01060,-0.00908,0.00000,0.00000,0.00000,0,1.000
164146,-0.0360,0.0951,-0.0566,0.287,-0.129,0.072,-0.021,-0.008,0.032,0.000,-0.000,0.000,-0.00524,0.01312,-0.00704,0.00000,0.00000,0.00000,0,1.000
164154,-0.0412,0.0965,-0.0528,-0.033,0.141,-0.090,-0.009,0.013,0.031,0.000,-0.000,0.000,-0.01088,0.02566,-0.00875,0.00000,0.00000,0.00000,0,1.000
164162,-0.0434,0.0989,-0.0529,0.137,0.205,-0.112,0.010,0.022,0.014,0.000,0.000,0.000,-0.00575,0.02740,-0.01364,0.00000,0.00000,0.00000,0,1.000
164169,-0.0426,0.0973,-0.0521,0.292,0.156,0.098,0.013,0.053,-0.008,0.000,0.000,0.000,-0.00401,0.02621,-0.01449,0.00000,0.00000,0.00000,0,1.000
164177,-0.0399,0.0942,-0.0518,0.102,0.126,-0.104,0.012,0.052,-0.018,0.000,0.000,0.000,-0.00476,0.02835,-0.01748,0.00000,0.00000,0.00000,0,1.000
164185,-0.0377,0.0947,-0.0544,0.152,0.144,-0.172,0.012,0.039,-0.022,0.000,0.000,0.000,-0.00283,0.02783,-0.02020,0.00000,0.00000,0.00000,0,1.000
164192,-0.0332,0.0909,-0.0553,-0.053,0.001,-0.142,0.023,0.025,-0.024,0.000,0.000,0.000,-0.00286,0.02438,-0.01707,0.00000,0.00000,0.00000,0,1.000
164200,-0.0299,0.0894,-0.0572,0.188,-0.037,0.079,0.024,0.012,-0.031,0.000,0.000,0.000,0.00055,0.01771,-0.01627,0.00000,0.00000,0.00000,0,1.000
164208,-0.0310,0.0879,-0.0546,0.003,0.002,0.118,0.013,-0.000,-0.023,0.000,0.000,0.000,-0.00501,0.01734,-0.01262,0.00000,0.00000,0.00000,0,1.000
164215,-0.0273,0.0838,-0.0543,-0.096,0.224,-0.004,0.028,-0.019,-0.022,0.000,0.000,0.000,-0.00467,0.01936,-0.01552,0.00000,0.00000,0.00000,0,1.000
164223,-0.0256,0.0798,-0.0521,0.025,-0.076,0.386,0.019,-0.013,-0.000,0.000,0.000,0.000,-0.00457,0.00962,-0.00360,0.00000,0.00000,0.00000,0,1.000
164231,-0.0265,0.0784,-0.0498,-0.046,-0.190,0.359,-0.011,-0.040,-0.000,0.000,0.000,-0.000,-0.00923,0.00482,-0.00165,0.00000,0.00000,0.00000,0,1.000
164239,-0.0278,0.0744,-0.0446,-0.181,-0.046,0.245,0.003,-0.047,0.012,0.000,0.000,0.000,-0.00985,0.00800,-0.00071,0.00000,0.00000,0.00000,0,1.000
164246,-0.0279,0.0747,-0.0449,-0.257,0.073,-0.327,-0.007,-0.034,0.030,0.000,0.000,0.000,-0.00868,0.01682,-0.00840,0.00000,0.00000,0.00000,0,1.000
164254,-0.0278,0.0734,-0.0438,-0.301,0.081,0.027,-0.015,-0.024,0.032,0.000,0.000,0.000,-0.01401,0.01535,-0.00162,0.00000,0.00000,0.00000,0,1.000
164262,-0.0254,0.0682,-0.0410,-0.151,-0.211,0.168,-0.028,-0.016,0.033,0.000,0.000,0.000,-0.01156,0.00771,0.00268,0.00000,0.00000,0.00000,0,1.000
164269,-0.0267,0.0699,-0.0414,-0.180,0.082,0.115,-0.026,-0.002,0.029,0.000,0.000,0.000,-0.01423,0.01624,-0.00105,0.00000,0.00000,0.00000,0,1.000
164277,-0.0255,0.0692,-0.0419,-0.115,-0.089,0.116,-0.026,0.009,0.025,0.000,0.000,0.000,-0.01140,0.01419,-0.00081,0.00000,0.00000,0.00000,0,1.000
164285,-0.0245,0.0710,-0.0447,0.014,-0.043,-0.270,-0.013,0.025,0.025,0.000,0.000,0.000,-0.00422,0.01984,-0.00982,0.00000,0.00000,0.00000,0,1.000
164292,-0.0298,0.0750,-0.0432,-0.307,-0.075,-0.129,-0.007,0.019,0.023,0.000,0.000,0.000,-0.01076,0.02084,-0.00419,0.00000,0.00000,0.00000,0,1.000
164300,-0.0323,0.0799,-0.0455,-0.386,0.157,-0.071,0.003,0.024,0.016,0.000,0.000,0.000,-0.01355,0.02693,-0.00591,0.00000,0.00000,0.00000,0,1.000
164308,-0.0375,0.0841,-0.0443,-0.330,0.374,-0.026,0.018,0.020,0.001,0.000,0.000,0.000,-0.01347,0.03029,-0.00971,0.00000,0.00000,0.00000,0,1.000
164316,-0.0406,0.0852,-0.0424,-0.415,0.407,-0.079,0.040,0.034,-0.012,0.000,0.000,0.000,-0.01285,0.03406,-0.01197,0.00000,0.00000,0.00000,0,1.000
164323,-0.0449,0.0882,-0.0409,-0.289,0.565,0.165,0.021,0.016,-0.033,0.000,0.000,0.000,-0.01702,0.03224,-0.01252,0.00000,0.00000,0.00000,0,1.000
164331,-0.0448,0.0927,-0.0455,0.087,0.685,0.198,0.027,0.015,-0.048,0.000,0.000,0.000,-0.01104,0.03171,-0.01864,0.00000,0.00000,0.00000,0,1.000
164339,-0.0453,0.0969,-0.0491,-0.019,0.579,0.092,0.002,0.003,-0.053,0.000,0.000,0.000,-0.01454,0.03079,-0.01946,0.00000,0.00000,0.00000,0,1.000
164347,-0.0464,0.0973,-0.0483,0.521,0.434,0.120,-0.008,-0.019,-0.062,0.000,0.000,0.000,-0.00600,0.01997,-0.02278,0.00000,0.00000,0.00000,0,1.000
164354,-0.0470,0.0978,-0.0483,0.479,-0.015,0.189,-0.016,-0.029,-0.034,0.000,0.000,-0.000,-0.00505,0.01030,-0.01526,0.00000,0.00000,0.00000,0,1.000
164362,-0.0474,0.0991,-0.0490,0.153,-0.073,0.044,-0.032,-0.038,-0.017,0.000,0.000,-0.000,-0.01093,0.01250,-0.01211,0.00000,0.00000,0.00000,0,1.000
164370,-0.0535,0.0989,-0.0427,-0.082,-0.138,0.239,-0.029,-0.042,0.001,0.000,0.000,-0.000,-0.01713,0.01120,-0.00200,0.00000,0.00000,0.00000,0,1.000
164378,-0.0633,0.1031,-0.0371,-0.297,0.108,0.313,-0.028,-0.031,0.013,0.000,0.000,-0.000,-0.02562,0.01877,0.00208,0.00000,0.00000,0.00000,0,1.000
164386,-0.0658,0.1078,-0.0392,-0.374,-0.117,0.086,-0.009,-0.028,0.019,0.000,-0.000,-0.000,-0.02084,0.01857,0.00116,0.00000,0.00000,0.00000,0,1.000
164393,-0.0674,0.1100,-0.0397,-0.473,0.019,0.049,-0.012,-0.020,0.040,0.000,-0.000,0.000,-0.02440,0.02352,0.00262,0.00000,0.00000,0.00000,0,1.000
164401,-0.0626,0.1095,-0.0440,-0.138,-0.095,-0.065,-0.010,-0.009,0.032,0.000,-0.000,0.000,-0.01539,0.02125,-0.00320,0.00000,0.00000,0.00000,0,1.000
164409,-0.0552,0.1122,-0.0540,0.224,0.301,-0.189,0.003,-0.006,0.044,0.000,-0.000,0.000,-0.00801,0.02730,-0.01304,0.00000,0.00000,0.00000,0,1.000
164417,-0.0529,0.1163,-0.0604,0.180,0.438,0.034,0.001,0.010,0.032,0.000,-0.000,0.000,-0.01167,0.03182,-0.01250,0.00000,0.00000,0.00000,0,1.000
164425,-0.0508,0.1134,-0.0596,0.181,0.136,0.336,0.020,0.024,0.006,0.000,-0.000,0.000,-0.00855,0.02520,-0.00840,0.00000,0.00000,0.00000,0,1.000
164432,-0.0501,0.1089,-0.0559,0.407,0.114,0.661,0.023,0.010,-0.017,0.000,-0.000,0.000,-0.00665,0.01733,-0.00757,0.00000,0.00000,0.00000,0,1.000
164440,-0.0500,0.1038,-0.0511,0.187,0.032,0.751,0.023,0.004,-0.015,0.000,-0.000,0.000,-0.01055,0.01488,-0.00200,0.00000,0.00000,0.00000,0,1.000
164448,-0.0544,0.1021,-0.0450,-0.013,0.045,0.937,0.028,0.006,-0.038,0.000,0.000,0.000,-0.01586,0.01529,0.00131,0.00000,0.00000,0.00000,0,1.000
164455,-0.0625,0.1027,-0.0375,-0.225,0.050,0.511,0.016,0.018,-0.028,0.000,0.000,0.000,-0.01897,0.02278,-0.00140,0.00000,0.00000,0.00000,0,1.000
164463,-0.0727,0.1059,-0.0304,-0.006,-0.040,0.593,0.018,0.012,-0.024,0.000,0.000,0.000,-0.01709,0.01830,0.00079,0.00000,0.00000,0.00000,0,1.000
164471,-0.0825,0.1094,-0.0240,-0.148,-0.094,0.366,-0.006,0.011,-0.020,0.000,0.000,-0.000,-0.02278,0.02111,0.00065,0.00000,0.00000,0.00000,0,1.000
164478,-0.0865,0.1100,-0.0206,-0.048,-0.015,0.187,-0.001,0.004,0.016,0.000,0.000,-0.000,-0.02027,0.02198,0.00229,0.00000,0.00000,0.00000,0,1.000
164486,-0.0868,0.1084,-0.0187,0.072,0.246,0.017,-0.026,0.021,0.021,0.000,0.000,0.000,-0.02275,0.02949,-0.00289,0.00000,0.00000,0.00000,0,1.000
164494,-0.0853,0.1019,-0.0139,0.227,0.413,0.012,-0.023,0.012,0.036,0.000,0.000,0.000,-0.02092,0.02859,-0.00295,0.00000,0.00000,0.00000,0,1.000
164501,-0.0826,0.0953,-0.0102,0.371,0.138,-0.174,-0.032,0.010,0.039,0.000,0.000,0.000,-0.01496,0.02230,-0.00404,0.00000,0.00000,0.00000,0,1.000
164509,-0.0775,0.0911,-0.0112,0.697,0.153,0.014,-0.030,0.013,0.040,0.000,0.000,0.000,-0.01004,0.01774,-0.00405,0.00000,0.00000,0.00000,0,1.000
164517,-0.0734,0.0902,-0.0144,0.562,0.253,-0.058,-0.017,-0.006,0.033,0.000,0.000,0.000,-0.00978,0.01810,-0.00625,0.00000,0.00000,0.00000,0,1.000
164524,-0.0646,0.0862,-0.0193,0.513,0.364,-0.120,-0.005,-0.004,0.004,0.000,0.000,0.000,-0.00729,0.02055,-0.01291,0.00000,0.00000,0.00000,0,1.000
164532,-0.0575,0.0859,-0.0261,0.417,-0.130,-0.269,0.004,0.007,0.000,0.000,0.000,0.000,-0.00044,0.01532,-0.01250,0.00000,0.00000,0.00000,0,1.000
164540,-0.0553,0.0854,-0.0279,0.197,-0.083,-0.308,0.014,0.008,-0.015,0.000,0.000,0.000,-0.00216,0.01844,-0.01438,0.00000,0.00000,0.00000,0,1.000
164547,-0.0560,0.0882,-0.0298,-0.109,-0.132,-0.270,0.023,-0.001,-0.020,0.000,0.000,0.000,-0.00601,0.01904,-0.01173,0.00000,0.00000,0.00000,0,1.000
164555,-0.0547,0.0889,-0.0319,-0.364,-0.162,-0.302,0.030,0.007,-0.049,0.000,0.000,0.000,-0.00855,0.02238,-0.01312,0.00000,0.00000,0.00000,0,1.000
164563,-0.0570,0.0938,-0.0343,-0.443,0.113,-0.286,0.040,0.012,-0.045,0.000,0.000,0.000,-0.01191,0.02958,-0.01476,0.00000,0.00000,0.00000,0,1.000
164571,-0.0581,0.0958,-0.0351,-0.387,-0.015,0.103,0.022,-0.009,-0.056,0.000,0.000,-0.000,-0.01539,0.02067,-0.00821,0.00000,0.00000,0.00000,0,1.000
164579,-0.0605,0.0999,-0.0368,-0.337,0.046,-0.008,0.007,0.004,-0.046,0.000,0.000,-0.000,-0.01699,0.02530,-0.01077,0.00000,0.00000,0.00000,0,1.000
164587,-0.0629,0.1020,-0.0365,-0.146,0.205,0.064,0.007,-0.017,-0.031,0.000,0.000,-0.000,-0.01622,0.02304,-0.01100,0.00000,0.00000,0.00000,0,1.000
164594,-0.0604,0.1005,-0.0374,0.083,-0.015,-0.156,-0.015,-0.013,0.000,0.000,0.000,-0.000,-0.01152,0.01924,-0.01061,0.00000,0.00000,0.00000,0,1.000
164602,-0.0596,0.0987,-0.0365,0.323,0.033,-0.021,-0.028,-0.012,0.015,0.000,0.000,-0.000,-0.01078,0.01665,-0.00837,0.00000,0.00000,0.00000,0,1.000
164610,-0.0604,0.0986,-0.0356,0.358,-0.061,0.144,-0.031,-0.018,0.041,0.000,0.000,-0.000,-0.01152,0.01238,-0.00167,0.00000,0.00000,0.00000,0,1.000
164618,-0.0634,0.0975,-0.0316,0.109,0.107,0.225,-0.037,-0.012,0.050,0.000,0.000,-0.000,-0.01927,0.01745,0.00210,0.00000,0.00000,0.00000,0,1.000
164626,-0.0617,0.0951,-0.0309,0.279,-0.002,0.376,-0.030,-0.018,0.047,0.000,-0.000,0.000,-0.01569,0.01136,0.00394,0.00000,0.00000,0.00000,0,1.000
164633,-0.0607,0.0949,-0.0317,0.223,-0.090,0.202,-0.012,-0.001,0.032,0.000,-0.000,0.000,-0.01159,0.01433,0.00043,0.00000,0.00000,0.00000,0,1.000
164641,-0.0617,0.0986,-0.0343,-0.032,0.225,-0.175,-0.002,0.005,0.021,0.000,-0.000,0.000,-0.01396,0.02709,-0.00825,0.00000,0.00000,0.00000,0,1.000
164649,-0.0550,0.0978,-0.0401,0.168,0.082,-0.232,0.025,0.019,0.002,0.000,-0.000,0.000,-0.00332,0.02516,-0.01423,0.00000,0.00000,0.00000,0,1.000
164656,-0.0475,0.0959,-0.0459,0.254,0.221,-0.351,0.023,0.026,0.001,0.000,0.000,0.000,-0.00064,0.02866,-0.01959,0.00000,0.00000,0.00000,0,1.000
164664,-0.0421,0.0967,-0.0520,0.360,0.327,-0.246,0.048,0.026,-0.036,0.000,0.000,0.000,0.00316,0.02890,-0.02624,0.00000,0.00000,0.00000,0,1.000
164672,-0.0383,0.0980,-0.0571,0.275,0.273,-0.213,0.046,0.018,-0.030,0.000,0.000,0.000,0.00254,0.02756,-0.02477,0.00000,0.00000,0.00000,0,1.000
164679,-0.0368,0.0992,-0.0598,0.310,0.265,-0.135,0.041,0.031,-0.038,0.000,0.000,0.000,0.00238,0.02851,-0.02509,0.00000,0.00000,0.00000,0,1.000
164687,-0.0391,0.1004,-0.0587,0.125,0.176,0.034,0.020,0.017,-0.040,0.000,0.000,-0.000,-0.00433,0.02546,-0.01950,0.00000,0.00000,0.00000,0,1.000
164694,-0.0428,0.1032,-0.0576,-0.244,0.125,0.243,0.026,0.011,-0.015,0.000,0.000,-0.000,-0.01220,0.02545,-0.00887,0.00000,0.00000,0.00000,0,1.000
164702,-0.0474,0.1081,-0.0578,-0.154,0.292,0.408,0.011,-0.010,0.009,0.000,0.000,-0.000,-0.01658,0.02400,-0.00434,0.00000,0.00000,0.00000,0,1.000
164710,-0.0490,0.1096,-0.0577,-0.110,0.025,0.314,-0.005,-0.033,0.013,0.000,0.000,-0.000,-0.01550,0.01681,-0.00324,0.00000,0.00000,0.00000,0,1.000
164718,-0.0489,0.1078,-0.0561,0.096,-0.092,0.542,-0.031,-0.027,0.030,0.000,0.000,-0.000,-0.01680,0.01135,0.00250,0.00000,0.00000,0.00000,0,1.000
164726,-0.0472,0.1021,-0.0522,0.111,-0.238,0.569,-0.043,-0.036,0.042,0.000,0.000,0.000,-0.01645,0.00616,0.00615,0.00000,0.00000,0.00000,0,1.000
164733,-0.0491,0.0966,-0.0450,0.054,-0.240,0.309,-0.069,-0.022,0.046,0.000,0.000,0.000,-0.01701,0.00933,0.00421,0.00000,0.00000,0.00000,0,1.000
164741,-0.0469,0.0927,-0.0434,-0.045,-0.147,0.316,-0.059,-0.019,0.047,0.000,-0.000,0.000,-0.01872,0.01140,0.00472,0.00000,0.00000,0.00000,0,1.000
164749,-0.0499,0.0901,-0.0379,-0.145,0.075,0.193,-0.045,-0.008,0.043,0.000,-0.000,0.000,-0.02091,0.01847,0.00231,0.00000,0.00000,0.00000,0,1.000
164756,-0.0524,0.0911,-0.0363,-0.259,0.314,0.174,-0.031,0.006,0.024,0.000,-0.000,0.000,-0.02392,0.02635,-0.00087,0.00000,0.00000,0.00000,0,1.000
164764,-0.0543,0.0939,-0.0372,-0.259,0.444,0.044,-0.008,0.003,0.013,-0.000,-0.000,0.000,-0.02101,0.02986,-0.00606,0.00000,0.00000,0.00000,0,1.000
164772,-0.0537,0.0984,-0.0422,-0.285,0.236,-0.250,0.012,0.017,-0.009,-0.000,-0.000,0.000,-0.01353,0.03193,-0.01380,0.00000,0.00000,0.00000,0,1.000
164780,-0.0504,0.1035,-0.0504,-0.009,0.492,-0.254,0.029,0.013,-0.011,0.000,0.000,0.000,-0.00802,0.03464,-0.02062,0.00000,0.00000,0.00000,0,1.000
164788,-0.0510,0.1049,-0.0511,0.311,0.222,-0.092,0.040,0.020,-0.038,0.000,0.000,0.000,-0.00063,0.02717,-0.02210,0.00000,0.00000,0.00000,0,1.000
164796,-0.0496,0.1073,-0.0549,0.410,0.130,-0.099,0.035,0.015,-0.037,0.000,0.000,0.000,0.00182,0.02450,-0.02304,0.00000,0.00000,0.00000,0,1.000
164803,-0.0515,0.1090,-0.0546,0.480,0.244,-0.072,0.034,0.001,-0.052,0.000,0.000,0.000,0.00143,0.02382,-0.02518,0.00000,0.00000,0.00000,0,1.000
164811,-0.0549,0.1084,-0.0506,0.139,-0.100,0.190,0.022,0.011,-0.043,0.000,0.000,0.000,-0.00605,0.01985,-0.01322,0.00000,0.00000,0.00000,0,1.000
164819,-0.0579,0.1068,-0.0462,0.209,-0.202,0.433,0.020,-0.005,-0.046,0.000,0.000,-0.000,-0.00704,0.01237,-0.00803,0.00000,0.00000,0.00000,0,1.000
164826,-0.0585,0.1046,-0.0434,0.089,-0.291,0.431,0.008,-0.021,-0.022,0.000,0.000,-0.000,-0.01020,0.00898,-0.00298,0.00000,0.00000,0.00000,0,1.000
164834,-0.0582,0.1028,-0.0419,-0.075,-0.026,0.436,0.001,-0.025,-0.014,0.000,0.000,-0.000,-0.01646,0.01414,-0.00203,0.00000,0.00000,0.00000,0,1.000
164842,-0.0521,0.0982,-0.0435,0.167,-0.151,0.743,-0.014,-0.033,0.003,0.000,-0.000,-0.000,-0.01513,0.00538,0.00450,0.00000,0.00000,0.00000,0,1.000
164850,-0.0483,0.0956,-0.0448,-0.003,0.001,0.549,-0.012,-0.021,0.028,0.000,-0.000,-0.000,-0.01672,0.01199,0.00461,0.00000,0.00000,0.00000,0,1.000
164857,-0.0442,0.0948,-0.0481,0.162,0.038,0.241,-0.028,-0.023,0.041,0.000,-0.000,-0.000,-0.01285,0.01344,-0.00166,0.00000,0.00000,0.00000,0,1.000
164865,-0.0452,0.0920,-0.0443,0.217,0.169,0.372,-0.026,-0.011,0.041,0.000,-0.000,0.000,-0.01432,0.01541,-0.00031,0.00000,0.00000,0.00000,0,1.000
164873,-0.0465,0.0882,-0.0394,0.026,0.095,0.213,-0.039,-0.002,0.050,0.000,-0.000,0.000,-0.01726,0.01768,0.00107,0.00000,0.00000,0.00000,0,1.000
164881,-0.0474,0.0840,-0.0343,0.140,-0.188,0.276,-0.017,0.022,0.029,0.000,-0.000,0.000,-0.01099,0.01383,0.00228,0.00000,0.00000,0.00000,0,1.000
164888,-0.0548,0.0831,-0.0261,-0.130,0.100,0.048,0.002,0.026,0.012,0.000,-0.000,0.000,-0.01459,0.02363,-0.00227,0.00000,0.00000,0.00000,0,1.000
164896,-0.0574,0.0832,-0.0236,-0.300,0.166,-0.059,-0.004,0.045,0.016,0.000,0.000,0.000,-0.01869,0.02916,-0.00210,0.00000,0.00000,0.00000,0,1.000
164904,-0.0536,0.0847,-0.0289,-0.194,0.401,-0.084,0.011,0.032,0.006,0.000,0.000,0.000,-0.01526,0.03182,-0.00816,0.00000,0.00000,0.00000,0,1.000
164912,-0.0488,0.0885,-0.0373,0.197,0.504,-0.154,0.012,0.015,-0.008,0.000,0.000,0.000,-0.00765,0.02947,-0.01764,0.00000,0.00000,0.00000,0,1.000
164919,-0.0460,0.0935,-0.0451,0.112,0.580,-0.251,-0.006,0.009,-0.018,0.000,0.000,0.000,-0.01089,0.03273,-0.02215,0.00000,0.00000,0.00000,0,1.000
164927,-0.0418,0.0896,-0.0454,0.339,0.773,-0.143,-0.002,0.000,-0.016,0.000,0.000,0.000,-0.00820,0.03109,-0.02384,0.00000,0.00000,0.00000,0,1.000
164935,-0.0395,0.0872,-0.0454,0.304,0.435,0.124,-0.012,-0.005,-0.025,0.000,0.000,0.000,-0.00941,0.02175,-0.01717,0.00000,0.00000,0.00000,0,1.000
164943,-0.0395,0.0825,-0.0408,-0.007,0.014,0.222,0.006,-0.015,-0.027,0.000,0.000,0.000,-0.00899,0.01324,-0.00840,0.00000,0.00000,0.00000,0,1.000
164951,-0.0442,0.0817,-0.0354,0.042,-0.054,0.241,-0.001,-0.016,-0.029,0.000,0.000,0.000,-0.00990,0.01128,-0.00705,0.00000,0.00000,0.00000,0,1.000
164958,-0.0475,0.0794,-0.0298,-0.384,-0.321,0.405,0.014,-0.026,-0.005,0.000,0.000,0.000,-0.01478,0.00651,0.00649,0.00000,0.00000,0.00000,0,1.000
164966,-0.0557,0.0830,-0.0251,-0.525,-0.289,0.092,0.018,-0.028,0.007,0.000,-0.000,0.000,-0.01566,0.01137,0.00502,0.00000,0.00000,0.00000,0,1.000
164974,-0.0603,0.0855,-0.0229,-0.576,-0.220,0.074,0.025,-0.020,0.024,0.000,-0.000,0.000,-0.01721,0.01475,0.00742,0.00000,0.00000,0.00000,0,1.000
164981,-0.0673,0.0912,-0.0215,-0.568,-0.306,-0.272,0.010,-0.007,0.028,0.000,-0.000,0.000,-0.01680,0.01912,0.00302,0.00000,0.00000,0.00000,0,1.000
164989,-0.0733,0.0985,-0.0226,-0.504,-0.131,-0.616,0.008,0.004,0.032,0.000,-0.000,0.000,-0.01561,0.02796,-0.00484,0.00000,0.00000,0.00000,0,1.000
164997,-0.0791,0.1063,-0.0244,-0.534,0.292,-0.797,0.005,-0.000,0.021,0.000,-0.000,0.000,-0.01967,0.03846,-0.01290,0.00000,0.00000,0.00000,0,1.000
165005,-0.0888,0.1167,-0.0249,-0.358,0.253,-0.405,-0.010,0.007,0.023,0.000,-0.000,0.000,-0.02442,0.03634,-0.00716,0.00000,0.00000,0.00000,0,1.000
165013,-0.0944,0.1223,-0.0247,-0.048,0.415,-0.243,-0.018,0.016,0.009,0.000,-0.000,0.000,-0.02432,0.03805,-0.01063,0.00000,0.00000,0.00000,0,1.000
165021,-0.1000,0.1302,-0.0267,0.107,0.669,-0.335,-0.027,0.009,0.004,0.000,-0.000,0.000,-0.02528,0.04261,-0.01680,0.00000,0.00000,0.00000,0,1.000
165028,-0.0953,0.1304,-0.0318,0.313,0.465,-0.020,-0.023,0.013,-0.011,0.000,-0.000,0.000,-0.02123,0.03539,-0.01515,0.00000,0.00000,0.00000,0,1.000
165036,-0.0905,0.1338,-0.0397,0.534,0.504,-0.068,-0.009,0.025,-0.017,0.000,0.000,0.000,-0.01451,0.03699,-0.02097,0.00000,0.00000,0.00000,0,1.000
165044,-0.0792,0.1296,-0.0470,0.804,0.216,0.161,-0.020,0.014,-0.016,0.000,0.000,0.000,-0.00865,0.02511,-0.01830,0.00000,0.00000,0.00000,0,1.000
165051,-0.0721,0.1293,-0.0538,0.954,0.012,0.215,-0.006,0.010,-0.023,0.000,0.000,0.000,-0.00129,0.01901,-0.01945,0.00000,0.00000,0.00000,0,1.000
165059,-0.0687,0.1297,-0.0576,1.012,-0.357,0.103,0.012,0.026,-0.022,0.000,0.000,0.000,0.00740,0.01509,-0.01963,0.00000,0.00000,0.00000,0,1.000
165067,-0.0682,0.1323,-0.0606,0.757,-0.301,-0.014,0.009,0.011,-0.031,0.000,0.000,0.000,0.00341,0.01770,-0.02139,0.00000,0.00000,0.00000,0,1.000
165074,-0.0695,0.1298,-0.0569,0.395,-0.438,-0.150,0.020,-0.003,-0.035,0.000,0.000,0.000,0.00111,0.01651,-0.01882,0.00000,0.00000,0.00000,0,1.000
165082,-0.0699,0.1280,-0.0547,0.146,-0.141,-0.198,0.020,-0.015,-0.013,0.000,0.000,0.000,-0.00536,0.02207,-0.01654,0.00000,0.00000,0.00000,0,1.000
165090,-0.0724,0.1265,-0.0508,0.017,-0.057,0.059,0.031,-0.021,-0.006,0.000,0.000,0.000,-0.00985,0.02128,-0.00993,0.00000,0.00000,0.00000,0,1.000
165097,-0.0679,0.1214,-0.0502,-0.161,0.137,0.254,0.025,-0.026,0.007,0.000,0.000,0.000,-0.01614,0.02293,-0.00429,0.00000,0.00000,0.00000,0,1.000
165105,-0.0633,0.1160,-0.0496,-0.067,0.017,-0.038,0.027,-0.020,0.021,0.000,0.000,0.000,-0.00975,0.02204,-0.00697,0.00000,0.00000,0.00000,0,1.000
165113,-0.0574,0.1113,-0.0510,-0.054,0.328,0.273,0.017,-0.022,0.033,0.000,-0.000,0.000,-0.01524,0.02369,-0.00323,0.00000,0.00000,0.00000,0,1.000
165121,-0.0503,0.1085,-0.0553,0.161,0.081,0.199,0.006,-0.011,0.026,0.000,-0.000,0.000,-0.00907,0.01905,-0.00607,0.00000,0.00000,0.00000,0,1.000
165129,-0.0441,0.1047,-0.0578,0.132,0.244,0.276,-0.005,-0.002,0.027,0.000,-0.000,0.000,-0.01214,0.02229,-0.00631,0.00000,0.00000,0.00000,0,1.000
165137,-0.0414,0.1027,-0.0586,0.133,0.201,0.319,-0.033,0.000,-0.008,0.000,-0.000,0.000,-0.01523,0.02138,-0.01035,0.00000,0.00000,0.00000,0,1.000
165144,-0.0474,0.1043,-0.0541,-0.052,0.197,0.402,-0.028,-0.005,-0.011,0.000,-0.000,0.000,-0.01975,0.02165,-0.00686,0.00000,0.00000,0.00000,0,1.000
165152,-0.0516,0.1049,-0.0506,-0.237,0.064,0.614,-0.012,0.012,-0.016,0.000,-0.000,0.000,-0.02250,0.02190,-0.00051,0.00000,0.00000,0.00000,0,1.000
165160,-0.0545,0.1084,-0.0511,-0.619,0.220,-0.007,-0.010,0.009,-0.026,0.000,-0.000,0.000,-0.02482,0.03342,-0.01053,0.00000,0.00000,0.00000,0,1.000
165167,-0.0591,0.1092,-0.0472,-0.370,-0.077,0.042,-0.009,0.014,-0.027,0.000,0.000,0.000,-0.01929,0.02647,-0.00879,0.00000,0.00000,0.00000,0,1.000
165175,-0.0576,0.1100,-0.0495,-0.185,0.099,-0.214,-0.000,0.011,-0.027,0.000,0.000,0.000,-0.01360,0.02988,-0.01675,0.00000,0.00000,0.00000,0,1.000
165183,-0.0582,0.1100,-0.0490,-0.021,-0.036,-0.348,-0.001,0.011,-0.026,0.000,0.000,0.000,-0.00870,0.02717,-0.01921,0.00000,0.00000,0.00000,0,1.000
165191,-0.0605,0.1110,-0.0476,-0.001,0.017,-0.210,0.028,-0.011,-0.013,0.000,0.000,-0.000,-0.00626,0.02326,-0.01550,0.00000,0.00000,0.00000,0,1.000
165199,-0.0645,0.1148,-0.0472,-0.086,0.136,-0.349,0.013,-0.024,-0.007,0.000,0.000,-0.000,-0.01028,0.02628,-0.01686,0.00000,0.00000,0.00000,0,1.000
165206,-0.0702,0.1195,-0.0462,-0.236,0.168,-0.231,0.025,-0.001,-0.001,0.000,0.000,-0.000,-0.01387,0.03156,-0.01275,0.00000,0.00000,0.00000,0,1.000
165214,-0.0773,0.1251,-0.0445,0.053,0.149,-0.078,0.026,-0.001,0.007,0.000,-0.000,-0.000,-0.01152,0.02859,-0.01099,0.00000,0.00000,0.00000,0,1.000
165222,-0.0839,0.1336,-0.0462,-0.147,0.422,-0.151,0.011,-0.013,0.024,0.000,-0.000,-0.000,-0.02008,0.03570,-0.01055,0.00000,0.00000,0.00000,0,1.000
165230,-0.0839,0.1373,-0.0497,-0.111,0.500,-0.160,0.013,0.005,0.021,0.000,-0.000,0.000,-0.01986,0.04060,-0.01285,0.00000,0.00000,0.00000,0,1.000
165237,-0.0844,0.1395,-0.0515,0.179,0.437,0.036,-0.008,0.011,0.034,0.000,-0.000,0.000,-0.01964,0.03681,-0.01036,0.00000,0.00000,0.00000,0,1.000
165245,-0.0852,0.1456,-0.0566,0.335,0.562,0.073,-0.020,0.019,0.026,0.000,0.000,0.000,-0.02036,0.04001,-0.01414,0.00000,0.00000,0.00000,0,1.000
165253,-0.0825,0.1482,-0.0618,0.400,0.304,0.160,-0.016,0.023,0.010,0.000,0.000,0.000,-0.01663,0.03515,-0.01440,0.00000,0.00000,0.00000,0,1.000
165261,-0.0813,0.1475,-0.0623,0.315,0.251,0.193,-0.011,0.024,-0.000,0.000,0.000,0.000,-0.01684,0.03466,-0.01438,0.00000,0.00000,0.00000,0,1.000
165268,-0.0817,0.1520,-0.0663,0.159,0.041,0.241,-0.001,0.031,0.006,0.000,0.000,0.000,-0.01678,0.03350,-0.01029,0.00000,0.00000,0.00000,0,1.000
165276,-0.0804,0.1513,-0.0669,0.344,-0.128,0.331,0.002,0.036,-0.009,0.000,0.000,0.000,-0.01215,0.02852,-0.01146,0.00000,0.00000,0.00000,0,1.000
165284,-0.0785,0.1522,-0.0697,0.443,-0.177,0.281,0.005,0.014,-0.001,0.000,0.000,0.000,-0.00859,0.02460,-0.01203,0.00000,0.00000,0.00000,0,1.000
165291,-0.0736,0.1467,-0.0692,0.713,-0.336,0.381,0.014,0.009,-0.014,0.000,0.000,0.000,-0.00104,0.01662,-0.01347,0.00000,0.00000,0.00000,0,1.000
165299,-0.0735,0.1451,-0.0678,0.458,-0.324,0.307,0.007,-0.001,-0.018,0.000,0.000,0.000,-0.00584,0.01779,-0.01266,0.00000,0.00000,0.00000,0,1.000
165307,-0.0703,0.1414,-0.0674,0.649,-0.380,0.596,0.017,-0.004,-0.021,0.000,0.000,0.000,-0.00252,0.01138,-0.00937,0.00000,0.00000,0.00000,0,1.000
165315,-0.0683,0.1384,-0.0665,0.408,-0.256,0.289,0.023,-0.016,-0.020,0.000,0.000,0.000,-0.00363,0.01580,-0.01306,0.00000,0.00000,0.00000,0,1.000
165322,-0.0655,0.1335,-0.0645,0.344,-0.171,0.374,0.018,-0.024,-0.015,0.000,0.000,0.000,-0.00635,0.01499,-0.01057,0.00000,0.00000,0.00000,0,1.000
165330,-0.0637,0.1278,-0.0607,0.578,-0.063,0.137,-0.005,-0.021,-0.002,0.000,0.000,0.000,-0.00439,0.01616,-0.01486,0.00000,0.00000,0.00000,0,1.000
165338,-0.0618,0.1209,-0.0559,0.479,-0.230,0.404,-0.005,-0.014,0.012,0.000,0.000,0.000,-0.00683,0.01127,-0.00480,0.00000,0.00000,0.00000,0,1.000
165346,-0.0598,0.1128,-0.0500,0.408,-0.430,0.463,-0.011,-0.011,0.018,0.000,0.000,0.000,-0.00744,0.00654,0.00076,0.00000,0.00000,0.00000,0,1.000
165354,-0.0559,0.1077,-0.0490,0.394,-0.241,0.394,-0.015,-0.005,0.003,0.000,0.000,0.000,-0.00851,0.01062,-0.00403,0.00000,0.00000,0.00000,0,1.000
165362,-0.0546,0.1053,-0.0480,0.209,-0.158,0.390,-0.027,0.001,0.011,0.000,0.000,0.000,-0.01368,0.01429,-0.00165,0.00000,0.00000,0.00000,0,1.000
165369,-0.0523,0.1013,-0.0463,0.124,0.004,0.207,-0.023,0.014,-0.002,0.000,0.000,0.000,-0.01394,0.02070,-0.00719,0.00000,0.00000,0.00000,0,1.000
165377,-0.0459,0.0975,-0.0491,0.459,-0.154,0.135,-0.033,0.017,0.007,0.000,0.000,0.000,-0.00611,0.01532,-0.00928,0.00000,0.00000,0.00000,0,1.000
165385,-0.0414,0.0972,-0.0532,0.090,0.270,-0.131,-0.021,-0.009,-0.003,0.000,0.000,0.000,-0.01106,0.02408,-0.01649,0.00000,0.00000,0.00000,0,1.000
165392,-0.0308,0.0887,-0.0555,0.467,0.389,-0.098,-0.010,0.009,-0.006,0.000,0.000,0.000,-0.00227,0.02385,-0.02141,0.00000,0.00000,0.00000,0,1.000
165400,-0.0244,0.0849,-0.0583,0.453,0.405,0.005,-0.004,0.007,-0.010,0.000,0.000,0.000,-0.00124,0.02241,-0.02090,0.00000,0.00000,0.00000,0,1.000
165408,-0.0188,0.0804,-0.0595,0.369,0.351,0.038,-0.001,0.009,-0.001,0.000,0.000,0.000,-0.00095,0.02108,-0.01802,0.00000,0.00000,0.00000,0,1.000
165416,-0.0187,0.0771,-0.0563,0.093,0.008,0.128,0.019,0.004,-0.017,0.000,0.000,0.000,-0.00039,0.01497,-0.01293,0.00000,0.00000,0.00000,0,1.000
165423,-0.0183,0.0756,-0.0553,-0.071,0.315,0.091,0.021,0.014,-0.017,0.000,0.000,0.000,-0.00509,0.02354,-0.01452,0.00000,0.00000,0.00000,0,1.000
165431,-0.0166,0.0744,-0.0559,-0.062,0.142,-0.168,0.043,0.015,-0.004,0.000,0.000,-0.000,0.00156,0.02227,-0.01595,0.00000,0.00000,0.00000,0,1.000
165439,-0.0173,0.0754,-0.0561,0.043,0.162,0.024,0.042,0.011,0.006,0.000,0.000,-0.000,0.00112,0.01971,-0.01219,0.00000,0.00000,0.00000,0,1.000
165446,-0.0196,0.0800,-0.0583,-0.048,0.212,-0.358,0.031,-0.001,-0.002,0.000,0.000,-0.000,0.00119,0.02369,-0.01990,0.00000,0.00000,0.00000,0,1.000
165454,-0.0231,0.0871,-0.0617,-0.233,0.295,-0.362,0.017,-0.017,0.001,0.000,0.000,0.000,-0.00503,0.02576,-0.01898,0.00000,0.00000,0.00000,0,1.000
165462,-0.0287,0.0916,-0.0605,-0.503,0.281,-0.289,0.012,-0.021,0.012,0.000,0.000,0.000,-0.01219,0.02746,-0.01307,0.00000,0.00000,0.00000,0,1.000
165469,-0.0370,0.0966,-0.0571,-0.583,0.341,-0.057,0.003,-0.022,0.022,0.000,0.000,0.000,-0.01927,0.02815,-0.00665,0.00000,0.00000,0.00000,0,1.000
165477,-0.0395,0.0994,-0.0574,-0.519,0.169,-0.056,-0.010,-0.041,0.010,0.000,0.000,0.000,-0.01902,0.02302,-0.00747,0.00000,0.00000,0.00000,0,1.000
165485,-0.0399,0.1020,-0.0594,-0.114,-0.176,0.202,-0.019,-0.025,0.017,0.000,0.000,0.000,-0.01314,0.01353,-0.00320,0.00000,0.00000,0.00000,0,1.000
165492,-0.0429,0.1038,-0.0581,-0.269,-0.127,-0.008,-0.027,-0.021,0.011,0.000,-0.000,0.000,-0.01589,0.01836,-0.00630,0.00000,0.00000,0.00000,0,1.000
165500,-0.0466,0.1112,-0.0618,-0.220,-0.108,-0.077,-0.030,-0.007,0.012,0.000,-0.000,0.000,-0.01586,0.02254,-0.00883,0.00000,0.00000,0.00000,0,1.000
165508,-0.0478,0.1111,-0.0604,-0.050,-0.260,0.116,-0.024,0.009,0.011,0.000,0.000,0.000,-0.01301,0.01931,-0.00566,0.00000,0.00000,0.00000,0,1.000
165516,-0.0482,0.1154,-0.0641,0.284,-0.373,0.002,-0.031,0.029,-0.000,0.000,0.000,0.000,-0.00630,0.01917,-0.01237,0.00000,0.00000,0.00000,0,1.000
165524,-0.0522,0.1221,-0.0667,0.240,-0.062,0.052,-0.001,0.031,-0.012,0.000,0.000,0.000,-0.00666,0.02636,-0.01632,0.00000,0.00000,0.00000,0,1.000
165531,-0.0556,0.1269,-0.0680,0.345,0.044,0.158,-0.003,0.034,-0.014,0.000,0.000,0.000,-0.00777,0.02791,-0.01696,0.00000,0.00000,0.00000,0,1.000
165539,-0.0575,0.1293,-0.0684,0.160,0.127,0.154,0.002,0.031,-0.033,0.000,0.000,0.000,-0.01093,0.03123,-0.01861,0.00000,0.00000,0.00000,0,1.000
165547,-0.0590,0.1317,-0.0693,0.564,0.127,0.067,0.010,0.021,-0.026,0.000,0.000,0.000,-0.00234,0.02767,-0.02315,0.00000,0.00000,0.00000,0,1.000
165554,-0.0576,0.1293,-0.0683,0.799,-0.024,0.089,0.020,0.006,-0.032,0.000,0.000,-0.000,0.00458,0.02004,-0.02402,0.00000,0.00000,0.00000,0,1.000
165562,-0.0531,0.1288,-0.0723,0.869,0.090,0.117,0.027,-0.014,-0.009,0.000,0.000,-0.000,0.00635,0.01784,-0.02283,0.00000,0.00000,0.00000,0,1.000
165570,-0.0502,0.1239,-0.0704,0.819,-0.101,0.358,0.020,-0.008,-0.006,0.000,0.000,-0.000,0.00462,0.01274,-0.01582,0.00000,0.00000,0.00000,0,1.000
165578,-0.0458,0.1198,-0.0709,0.535,0.117,0.317,0.009,-0.008,0.012,0.000,0.000,-0.000,-0.00251,0.01857,-0.01301,0.00000,0.00000,0.00000,0,1.000
165585,-0.0437,0.1186,-0.0718,0.421,0.098,0.557,-0.000,-0.010,0.003,0.000,0.000,-0.000,-0.00747,0.01655,-0.00923,0.00000,0.00000,0.00000,0,1.000
165593,-0.0434,0.1200,-0.0734,0.066,0.117,0.575,-0.008,-0.017,0.026,0.000,0.000,0.000,-0.01514,0.01893,-0.00271,0.00000,0.00000,0.00000,0,1.000
165601,-0.0415,0.1172,-0.0726,0.102,0.195,0.567,-0.002,-0.019,0.036,0.000,0.000,0.000,-0.01381,0.01918,-0.00253,0.00000,0.00000,0.00000,0,1.000
165609,-0.0380,0.1132,-0.0723,0.026,-0.074,0.384,-0.000,-0.001,0.021,0.000,0.000,0.000,-0.01022,0.01852,-0.00455,0.00000,0.00000,0.00000,0,1.000
165616,-0.0356,0.1044,-0.0660,0.076,-0.100,0.360,-0.017,0.005,0.028,0.000,0.000,0.000,-0.01110,0.01696,-0.00299,0.00000,0.00000,0.00000,0,1.000
165624,-0.0288,0.0968,-0.0655,-0.099,-0.105,0.011,-0.008,0.022,0.003,0.000,0.000,0.000,-0.00811,0.02233,-0.01083,0.00000,0.00000,0.00000,0,1.000
165632,-0.0258,0.0898,-0.0616,0.156,-0.161,0.128,-0.026,0.018,0.007,0.000,0.000,0.000,-0.00628,0.01628,-0.00924,0.00000,0.00000,0.00000,0,1.000
165640,-0.0254,0.0844,-0.0567,-0.029,0.008,0.039,-0.011,0.009,-0.016,0.000,0.000,0.000,-0.00764,0.01920,-0.01308,0.00000,0.00000,0.00000,0,1.000
165647,-0.0282,0.0809,-0.0506,-0.029,-0.165,0.212,-0.012,-0.007,-0.019,0.000,0.000,0.000,-0.00834,0.01122,-0.00778,0.00000,0.00000,0.00000,0,1.000
165655,-0.0326,0.0813,-0.0466,-0.264,-0.058,0.234,-0.003,-0.004,-0.041,0.000,0.000,0.000,-0.01285,0.01559,-0.00792,0.00000,0.00000,0.00000,0,1.000
165663,-0.0339,0.0817,-0.0457,-0.299,0.209,-0.104,0.005,-0.004,-0.050,0.000,0.000,0.000,-0.01154,0.02363,-0.01619,0.00000,0.00000,0.00000,0,1.000
165671,-0.0336,0.0830,-0.0472,-0.460,0.145,-0.513,0.020,-0.020,-0.041,0.000,0.000,-0.000,-0.00771,0.02504,-0.02081,0.00000,0.00000,0.00000,0,1.000
165678,-0.0334,0.0877,-0.0520,-0.249,0.400,-0.345,0.023,-0.023,-0.035,0.000,0.000,-0.000,-0.00740,0.02704,-0.02248,0.00000,0.00000,0.00000,0,1.000
165686,-0.0315,0.0914,-0.0575,-0.134,0.290,-0.455,0.011,-0.011,-0.034,0.000,0.000,-0.000,-0.00486,0.02746,-0.02550,0.00000,0.00000,0.00000,0,1.000
165694,-0.0307,0.0945,-0.0614,0.106,0.596,-0.580,0.005,-0.005,0.001,0.000,0.000,-0.000,-0.00333,0.03364,-0.02820,0.00000,0.00000,0.00000,0,1.000
165702,-0.0307,0.0983,-0.0650,0.200,0.348,-0.742,0.008,-0.004,0.005,0.000,0.000,-0.000,0.00239,0.03059,-0.02985,0.00000,0.00000,0.00000,0,1.000
165709,-0.0322,0.1054,-0.0704,0.127,0.649,-0.441,0.008,0.001,0.024,0.000,0.000,-0.000,-0.00463,0.03634,-0.02498,0.00000,0.00000,0.00000,0,1.000
165717,-0.0358,0.1073,-0.0687,-0.143,0.376,-0.109,0.019,0.016,0.047,0.000,0.000,-0.000,-0.00932,0.03348,-0.01202,0.00000,0.00000,0.00000,0,1.000
165725,-0.0377,0.1091,-0.0686,0.006,0.258,-0.141,0.012,0.001,0.047,0.000,0.000,-0.000,-0.00676,0.02839,-0.01273,0.00000,0.00000,0.00000,0,1.000
165733,-0.0401,0.1125,-0.0695,-0.015,-0.139,0.066,-0.000,0.005,0.041,0.000,0.000,0.000,-0.00802,0.02117,-0.00622,0.00000,0.00000,0.00000,0,1.000
165741,-0.0422,0.1178,-0.0725,-0.100,-0.019,-0.074,0.003,-0.000,0.038,0.000,0.000,0.000,-0.00901,0.02541,-0.00975,0.00000,0.00000,0.00000,0,1.000
165748,-0.0405,0.1205,-0.0769,0.111,0.107,0.223,-0.009,0.001,0.013,0.000,0.000,0.000,-0.01063,0.02426,-0.01167,0.00000,0.00000,0.00000,0,1.000
165756,-0.0392,0.1226,-0.0802,0.155,-0.073,0.042,-0.003,-0.002,0.001,0.000,0.000,0.000,-0.00544,0.02217,-0.01611,0.00000,0.00000,0.00000,0,1.000
165764,-0.0409,0.1303,-0.0859,0.205,0.075,-0.156,-0.002,0.014,-0.005,0.000,0.000,0.000,-0.00428,0.03033,-0.02352,0.00000,0.00000,0.00000,0,1.000
165771,-0.0428,0.1369,-0.0905,0.211,0.102,0.128,-0.001,0.016,-0.032,0.000,0.000,0.000,-0.00703,0.03020,-0.02364,0.00000,0.00000,0.00000,0,1.000
165779,-0.0433,0.1411,-0.0941,0.360,0.071,0.010,0.009,0.020,-0.030,0.000,0.000,0.000,-0.00171,0.03070,-0.02731,0.00000,0.00000,0.00000,0,1.000
165787,-0.0430,0.1412,-0.0944,0.345,-0.084,0.286,0.015,0.019,-0.036,0.000,0.000,0.000,-0.00213,0.02555,-0.02192,0.00000,0.00000,0.00000,0,1.000
165795,-0.0451,0.1438,-0.0949,0.650,-0.121,0.335,-0.007,0.014,-0.040,0.000,0.000,-0.000,-0.00085,0.02187,-0.02385,0.00000,0.00000,0.00000,0,1.000
165802,-0.0461,0.1423,-0.0925,0.664,-0.353,0.448,0.005,0.013,-0.021,0.000,0.000,-0.000,0.00186,0.01600,-0.01750,0.00000,0.00000,0.00000,0,1.000
165810,-0.0452,0.1406,-0.0917,0.714,-0.162,0.207,-0.009,0.002,-0.013,0.000,0.000,-0.000,0.00125,0.01893,-0.02221,0.00000,0.00000,0.00000,0,1.000
165818,-0.0435,0.1377,-0.0905,0.487,-0.314,0.056,-0.002,-0.010,0.001,0.000,0.000,-0.000,0.00154,0.01676,-0.01891,0.00000,0.00000,0.00000,0,1.000
165825,-0.0389,0.1320,-0.0896,0.353,-0.299,0.071,-0.007,-0.010,0.026,0.000,0.000,-0.000,-0.00102,0.01678,-0.01371,0.00000,0.00000,0.00000,0,1.000
165833,-0.0374,0.1285,-0.0878,0.402,-0.324,0.046,-0.005,-0.014,0.029,0.000,0.000,-0.000,0.00087,0.01475,-0.01361,0.00000,0.00000,0.00000,0,1.000
165841,-0.0324,0.1223,-0.0866,0.403,-0.583,0.305,-0.003,-0.022,0.013,0.000,0.000,-0.000,0.00220,0.00544,-0.00896,0.00000,0.00000,0.00000,0,1.000
165848,-0.0236,0.1164,-0.0898,0.339,-0.326,0.217,-0.016,-0.020,0.009,0.000,0.000,-0.000,-0.00048,0.01059,-0.01319,0.00000,0.00000,0.00000,0,1.000
165856,-0.0166,0.1105,-0.0909,0.510,-0.220,0.151,-0.024,-0.011,0.012,0.000,0.000,-0.000,0.00238,0.01176,-0.01664,0.00000,0.00000,0.00000,0,1.000
165863,-0.0052,0.1041,-0.0962,0.511,-0.263,0.194,-0.031,-0.013,0.009,0.000,0.000,0.000,0.00394,0.00903,-0.01705,0.00000,0.00000,0.00000,0,1.000
165871,0.0033,0.0984,-0.0992,0.348,-0.172,0.371,-0.015,0.002,-0.008,0.000,0.000,0.000,0.00264,0.01179,-0.01687,0.00000,0.00000,0.00000,0,1.000
165879,0.0046,0.0959,-0.0980,0.418,-0.058,0.399,-0.000,0.005,-0.016,0.000,0.000,-0.000,0.00519,0.01283,-0.01901,0.00000,0.00000,0.00000,0,1.000
165887,0.0071,0.0927,-0.0974,0.524,0.047,0.504,0.007,0.005,-0.023,0.000,0.000,-0.000,0.00686,0.01242,-0.02004,0.00000,0.00000,0.00000,0,1.000
165894,0.0061,0.0908,-0.0946,0.219,0.171,0.369,0.003,-0.001,-0.019,0.000,0.000,-0.000,0.00097,0.01693,-0.01943,0.00000,0.00000,0.00000,0,1.000
165902,0.0046,0.0877,-0.0900,0.204,0.231,0.430,0.013,-0.006,-0.014,0.000,0.000,-0.000,0.00094,0.01616,-0.01716,0.00000,0.00000,0.00000,0,1.000
165910,0.0067,0.0832,-0.0878,0.128,-0.125,0.333,0.024,-0.006,-0.010,0.000,0.000,-0.000,0.00543,0.01013,-0.01397,0.00000,0.00000,0.00000,0,1.000
165917,0.0033,0.0832,-0.0843,0.142,-0.013,0.101,0.017,0.005,0.008,0.000,0.000,-0.000,0.00504,0.01573,-0.01556,0.00000,0.00000,0.00000,0,1.000
165925,0.0020,0.0824,-0.0822,-0.008,0.019,0.219,0.020,0.004,0.008,0.000,0.000,-0.000,0.00129,0.01624,-0.01196,0.00000,0.00000,0.00000,0,1.000
165933,-0.0009,0.0799,-0.0770,0.226,0.170,-0.061,0.029,0.005,0.030,0.000,0.000,-0.000,0.00695,0.01891,-0.01617,0.00000,0.00000,0.00000,0,1.000
165940,-0.0036,0.0794,-0.0738,0.006,0.131,-0.013,0.015,0.001,0.023,0.000,0.000,0.000,0.00068,0.01892,-0.01302,0.00000,0.00000,0.00000,0,1.000
165948,-0.0001,0.0772,-0.0751,0.021,0.113,-0.116,-0.002,0.018,0.029,0.000,0.000,0.000,0.00004,0.02159,-0.01441,0.00000,0.00000,0.00000,0,1.000
165955,-0.0016,0.0762,-0.0726,-0.235,0.255,-0.319,-0.016,-0.014,0.018,0.000,0.000,0.000,-0.00598,0.02288,-0.01741,0.00000,0.00000,0.00000,0,1.000
165963,0.0032,0.0728,-0.0741,-0.029,0.180,-0.134,-0.023,-0.012,0.007,0.000,0.000,0.000,-0.00340,0.01798,-0.01740,0.00000,0.00000,0.00000,0,1.000
165971,0.0026,0.0752,-0.0758,-0.049,0.215,-0.359,-0.035,0.003,0.000,0.000,0.000,0.000,-0.00358,0.02353,-0.02277,0.00000,0.00000,0.00000,0,1.000
165979,0.0067,0.0757,-0.0805,0.057,0.277,-0.210,-0.031,-0.005,-0.021,0.000,0.000,0.000,-0.00225,0.02147,-0.02584,0.00000,0.00000,0.00000,0,1.000
165986,0.0078,0.0782,-0.0840,-0.291,0.624,-0.209,-0.023,0.005,-0.031,0.000,0.000,0.000,-0.00990,0.03274,-0.02772,0.00000,0.00000,0.00000,0,1.000
165994,0.0087,0.0803,-0.0868,0.043,0.294,-0.108,-0.027,-0.010,-0.035,0.000,0.000,-0.000,-0.00248,0.02117,-0.02715,0.00000,0.00000,0.00000,0,1.000
166002,0.0100,0.0854,-0.0932,0.298,0.541,-0.293,-0.024,0.003,-0.047,0.000,0.000,-0.000,0.00203,0.02828,-0.03719,0.00000,0.00000,0.00000,0,1.000
166010,0.0104,0.0893,-0.0974,0.348,0.258,-0.059,-0.014,0.000,-0.022,0.000,0.000,-0.000,0.00462,0.02102,-0.02957,0.00000,0.00000,0.00000,0,1.000
166017,0.0087,0.0939,-0.1001,0.227,0.169,-0.062,0.005,0.005,-0.023,0.000,0.000,-0.000,0.00593,0.02203,-0.02855,0.00000,0.00000,0.00000,0,1.000
166025,0.0079,0.0956,-0.1011,-0.163,0.153,-0.078,0.029,-0.012,-0.008,0.000,0.000,-0.000,0.00273,0.02275,-0.02315,0.00000,0.00000,0.00000,0,1.000
166033,0.0044,0.0991,-0.1008,-0.008,0.062,0.176,0.044,0.006,0.011,0.000,0.000,-0.000,0.00442,0.02108,-0.01665,0.00000,0.00000,0.00000,0,1.000
166041,0.0015,0.1005,-0.0994,-0.213,0.049,0.077,0.056,-0.017,0.013,0.000,0.000,-0.000,0.00230,0.02006,-0.01574,0.00000,0.00000,0.00000,0,1.000
166048,-0.0003,0.1002,-0.0973,-0.043,0.027,0.140,0.047,-0.021,0.026,0.000,0.000,-0.000,0.00378,0.01697,-0.01367,0.00000,0.00000,0.00000,0,1.000
166056,-0.0015,0.1020,-0.0979,-0.064,-0.112,0.088,0.027,-0.022,0.035,0.000,0.000,-0.000,0.00287,0.01536,-0.01212,0.00000,0.00000,0.00000,0,1.000
166064,0.0002,0.1038,-0.1013,0.326,-0.095,0.104,0.005,-0.013,0.035,0.000,-0.000,-0.000,0.00628,0.01399,-0.01620,0.00000,0.00000,0.00000,0,1.000
166071,-0.0066,0.1065,-0.0971,0.211,-0.114,0.344,-0.004,-0.021,0.036,0.000,-0.000,0.000,-0.00043,0.01207,-0.00975,0.00000,0.00000,0.00000,0,1.000
166079,-0.0091,0.1059,-0.0941,0.217,-0.044,0.586,-0.024,-0.002,0.014,0.000,-0.000,0.000,-0.00663,0.01413,-0.00834,0.00000,0.00000,0.00000,0,1.000
166087,-0.0113,0.1054,-0.0913,0.457,-0.082,0.806,-0.036,0.006,0.014,0.000,-0.000,0.000,-0.00606,0.01086,-0.00586,0.00000,0.00000,0.00000,0,1.000
166094,-0.0136,0.1065,-0.0901,0.457,-0.039,0.763,-0.041,0.000,-0.016,0.000,-0.000,0.000,-0.00675,0.01143,-0.01134,0.00000,0.00000,0.00000,0,1.000
166102,-0.0141,0.1082,-0.0913,0.557,0.042,0.583,-0.038,0.011,-0.011,0.000,-0.000,0.000,-0.00402,0.01570,-0.01560,0.00000,0.00000,0.00000,0,1.000
166110,-0.0157,0.1090,-0.0904,0.500,-0.002,0.366,-0.038,0.010,-0.005,0.000,-0.000,0.000,-0.00297,0.01716,-0.01738,0.00000,0.00000,0.00000,0,1.000
166117,-0.0150,0.1070,-0.0892,0.500,-0.132,0.496,-0.012,0.016,-0.025,0.000,0.000,0.000,0.00051,0.01412,-0.01691,0.00000,0.00000,0.00000,0,1.000
166125,-0.0141,0.1055,-0.0886,0.494,-0.028,0.082,0.006,0.002,-0.020,0.000,0.000,-0.000,0.00631,0.01694,-0.02398,0.00000,0.00000,0.00000,0,1.000
166133,-0.0075,0.0966,-0.0866,0.395,-0.109,0.261,0.007,0.002,-0.006,0.000,0.000,-0.000,0.00511,0.01301,-0.01687,0.00000,0.00000,0.00000,0,1.000
166140,-0.0037,0.0919,-0.0858,0.310,0.010,0.121,0.039,-0.006,-0.004,0.000,0.000,-0.000,0.00887,0.01451,-0.01912,0.00000,0.00000,0.00000,0,1.000
166148,-0.0003,0.0854,-0.0828,0.451,0.150,0.263,0.032,-0.007,-0.009,0.000,0.000,-0.000,0.00881,0.01322,-0.01946,0.00000,0.00000,0.00000,0,1.000
166156,0.0031,0.0791,-0.0801,0.226,0.084,0.026,0.044,0.003,-0.016,0.000,0.000,-0.000,0.00947,0.01625,-0.02152,0.00000,0.00000,0.00000,0,1.000
166164,0.0079,0.0726,-0.0786,0.311,-0.165,0.295,0.037,-0.013,0.005,0.000,0.000,-0.000,0.01088,0.00475,-0.01185,0.00000,0.00000,0.00000,0,1.000
166171,0.0124,0.0675,-0.0781,0.276,-0.114,0.173,0.020,-0.014,0.005,0.000,-0.000,-0.000,0.00994,0.00582,-0.01386,0.00000,0.00000,0.00000,0,1.000
166179,0.0154,0.0639,-0.0777,0.042,-0.093,0.281,0.006,0.002,0.005,0.000,-0.000,-0.000,0.00313,0.00923,-0.00992,0.00000,0.00000,0.00000,0,1.000
166187,0.0184,0.0600,-0.0768,-0.078,0.033,0.063,0.008,0.001,0.027,0.000,-0.000,-0.000,0.00281,0.01323,-0.01034,0.00000,0.00000,0.00000,0,1.000
166194,0.0197,0.0563,-0.0746,-0.142,0.204,0.062,-0.033,0.013,0.022,0.000,0.000,-0.000,-0.00538,0.01821,-0.01118,0.00000,0.00000,0.00000,0,1.000
166202,0.0224,0.0547,-0.0756,-0.232,-0.092,0.025,-0.023,0.038,0.021,0.000,0.000,0.000,-0.00242,0.01670,-0.00911,0.00000,0.00000,0.00000,0,1.000
166210,0.0247,0.0509,-0.0743,-0.240,0.080,0.284,-0.043,0.025,-0.005,0.000,0.000,0.000,-0.00789,0.01562,-0.00954,0.00000,0.00000,0.00000,0,1.000
166217,0.0220,0.0536,-0.0743,-0.460,0.257,0.115,-0.040,0.010,-0.008,0.000,0.000,0.000,-0.01179,0.02051,-0.01235,0.00000,0.00000,0.00000,0,1.000
166225,0.0170,0.0591,-0.0746,-0.595,0.401,0.000,-0.041,0.016,0.004,0.000,0.000,0.000,-0.01548,0.02729,-0.01254,0.00000,0.00000,0.00000,0,1.000
166232,0.0131,0.0630,-0.0745,-0.446,0.456,-0.204,-0.030,-0.011,-0.005,0.000,0.000,0.000,-0.01101,0.02528,-0.01912,0.00000,0.00000,0.00000,0,1.000
166240,0.0092,0.0643,-0.0718,-0.467,0.231,-0.169,-0.008,-0.006,0.004,0.000,0.000,0.000,-0.00763,0.02202,-0.01458,0.00000,0.00000,0.00000,0,1.000
166248,0.0062,0.0674,-0.0718,-0.496,0.351,-0.049,0.016,-0.029,-0.005,0.000,0.000,0.000,-0.00683,0.02068,-0.01477,0.00000,0.00000,0.00000,0,1.000
166256,0.0018,0.0710,-0.0709,-0.411,0.275,0.048,0.032,-0.019,-0.006,0.000,0.000,0.000,-0.00464,0.01975,-0.01329,0.00000,0.00000,0.00000,0,1.000
166264,0.0001,0.0692,-0.0675,-0.361,0.293,-0.020,0.040,-0.028,-0.005,0.000,-0.000,0.000,-0.00280,0.01868,-0.01421,0.00000,0.00000,0.00000,0,1.000
166271,-0.0082,0.0730,-0.0630,-0.348,0.233,-0.079,0.032,-0.021,-0.021,0.000,-0.000,-0.000,-0.00388,0.01976,-0.01629,0.00000,0.00000,0.00000,0,1.000
166279,-0.0118,0.0760,-0.0622,-0.163,0.280,-0.205,0.025,-0.011,-0.018,0.000,-0.000,-0.000,-0.00167,0.02220,-0.01998,0.00000,0.00000,0.00000,0,1.000
166287,-0.0164,0.0807,-0.0622,-0.249,0.313,-0.258,0.022,-0.005,-0.021,0.000,-0.000,-0.000,-0.00425,0.02591,-0.02075,0.00000,0.00000,0.00000,0,1.000
166295,-0.0199,0.0846,-0.0625,-0.149,0.177,-0.222,0.007,0.008,0.002,0.000,-0.000,-0.000,-0.00485,0.02513,-0.01642,0.00000,0.00000,0.00000,0,1.000
166302,-0.0206,0.0871,-0.0642,-0.135,0.204,-0.368,-0.010,0.029,0.010,0.000,-0.000,-0.000,-0.00654,0.03028,-0.01839,0.00000,0.00000,0.00000,0,1.000
166310,-0.0227,0.0919,-0.0668,-0.100,0.067,-0.161,-0.006,0.034,0.014,0.000,0.000,-0.000,-0.00659,0.02734,-0.01402,0.00000,0.00000,0.00000,0,1.000
166318,-0.0290,0.0966,-0.0651,-0.015,0.121,-0.193,-0.020,0.039,0.016,0.000,0.000,-0.000,-0.00864,0.02936,-0.01506,0.00000,0.00000,0.00000,0,1.000
166326,-0.0299,0.0994,-0.0669,0.119,0.063,-0.165,-0.021,0.034,0.017,0.000,0.000,0.000,-0.00651,0.02706,-0.01554,0.00000,0.00000,0.00000,0,1.000
166333,-0.0357,0.1028,-0.0644,0.133,0.003,-0.224,-0.020,0.023,0.025,0.000,0.000,0.000,-0.00622,0.02576,-0.01438,0.00000,0.00000,0.00000,0,1.000
166403,-0.0167,0.0952,-0.0760,0.384,-0.725,0.254,0.027,-0.009,-0.025,0.000,-0.000,-0.000,0.01141,-0.00012,-0.01231,0.00000,0.00000,0.00000,0,1.000
166411,-0.0178,0.0945,-0.0742,-0.221,-0.366,0.182,0.032,0.027,-0.004,0.000,-0.000,-0.000,-0.00136,0.01729,-0.00785,0.00000,0.00000,0.00000,0,1.000
166419,-0.0206,0.0940,-0.0709,-0.341,-0.196,-0.079,0.020,0.047,0.011,0.000,-0.000,-0.000,-0.00475,0.02546,-0.00963,0.00000,0.00000,0.00000,0,1.000
166426,-0.0225,0.0964,-0.0714,-0.377,-0.058,-0.287,0.012,0.074,0.026,0.000,-0.000,-0.000,-0.00649,0.03190,-0.01214,0.00000,0.00000,0.00000,0,1.000
166434,-0.0234,0.0983,-0.0724,-0.341,-0.023,-0.252,0.005,0.053,0.033,0.000,0.000,-0.000,-0.00759,0.03139,-0.01146,0.00000,0.00000,0.00000,0,1.000
166442,-0.0210,0.0958,-0.0723,-0.391,0.131,-0.356,-0.012,0.063,0.022,0.000,0.000,0.000,-0.01107,0.03554,-0.01539,0.00000,0.00000,0.00000,0,1.000
166449,-0.0191,0.0929,-0.0713,-0.080,0.292,-0.195,-0.032,0.045,0.034,0.000,0.000,0.000,-0.01085,0.03277,-0.01492,0.00000,0.00000,0.00000,0,1.000
166457,-0.0173,0.0889,-0.0692,0.396,0.146,0.005,-0.036,0.017,0.017,0.000,0.000,0.000,-0.00313,0.02057,-0.01615,0.00000,0.00000,0.00000,0,1.000
166465,-0.0149,0.0864,-0.0692,0.041,0.466,-0.278,-0.046,-0.010,0.016,0.000,0.000,0.000,-0.00952,0.02683,-0.02034,0.00000,0.00000,0.00000,0,1.000
166473,-0.0172,0.0839,-0.0644,0.296,0.108,0.142,-0.038,-0.032,0.002,0.000,0.000,0.000,-0.00557,0.01118,-0.01349,0.00000,0.00000,0.00000,0,1.000
166481,-0.0143,0.0807,-0.0643,0.161,0.122,0.157,-0.037,-0.046,-0.008,0.000,0.000,0.000,-0.00722,0.01050,-0.01362,0.00000,0.00000,0.00000,0,1.000
166488,-0.0153,0.0819,-0.0645,0.211,0.054,0.175,-0.018,-0.044,-0.006,0.000,0.000,0.000,-0.00399,0.00909,-0.01313,0.00000,0.00000,0.00000,0,1.000
166496,-0.0112,0.0829,-0.0695,0.035,0.094,-0.217,-0.001,-0.055,-0.006,0.000,0.000,0.000,-0.00011,0.01393,-0.01970,0.00000,0.00000,0.00000,0,1.000
166504,-0.0078,0.0820,-0.0721,0.085,-0.147,-0.027,0.015,-0.036,-0.012,0.000,-0.000,0.000,0.00419,0.00883,-0.01642,0.00000,0.00000,0.00000,0,1.000
166512,-0.0085,0.0850,-0.0743,-0.015,0.205,-0.279,0.028,-0.010,-0.016,0.000,-0.000,0.000,0.00326,0.02223,-0.02420,0.00000,0.00000,0.00000,0,1.000
166519,-0.0079,0.0882,-0.0780,-0.021,0.136,-0.521,0.039,0.012,-0.018,0.000,-0.000,0.000,0.00705,0.02720,-0.02891,0.00000,0.00000,0.00000,0,1.000
166527,-0.0082,0.0910,-0.0804,-0.228,0.624,-0.378,0.038,0.014,-0.013,0.000,-0.000,-0.000,-0.00214,0.03753,-0.02848,0.00000,0.00000,0.00000,0,1.000
166535,-0.0100,0.0924,-0.0800,-0.108,0.497,-0.160,0.018,0.046,-0.006,0.000,0.000,-0.000,-0.00391,0.03640,-0.02371,0.00000,0.00000,0.00000,0,1.000
166543,-0.0133,0.0956,-0.0798,-0.144,0.289,-0.022,0.021,0.044,-0.013,0.000,0.000,-0.000,-0.00421,0.03231,-0.02019,0.00000,0.00000,0.00000,0,1.000
166551,-0.0171,0.0976,-0.0779,-0.299,0.294,-0.189,0.022,0.046,0.001,0.000,0.000,-0.000,-0.00622,0.03560,-0.01910,0.00000,0.00000,0.00000,0,1.000
166558,-0.0193,0.0983,-0.0764,-0.279,0.088,0.209,-0.002,0.044,0.012,0.000,0.000,-0.000,-0.01188,0.02840,-0.00852,0.00000,0.00000,0.00000,0,1.000
166566,-0.0169,0.1015,-0.0819,-0.214,0.132,-0.007,-0.022,0.037,0.028,0.000,0.000,0.000,-0.01173,0.03046,-0.01199,0.00000,0.00000,0.00000,0,1.000
166574,-0.0198,0.1015,-0.0790,-0.044,0.024,0.144,-0.020,0.016,0.013,0.000,0.000,0.000,-0.00943,0.02329,-0.01134,0.00000,0.00000,0.00000,0,1.000
166581,-0.0199,0.1028,-0.0802,0.021,-0.018,0.015,-0.041,0.004,0.011,0.000,0.000,0.000,-0.00900,0.02158,-0.01407,0.00000,0.00000,0.00000,0,1.000
166589,-0.0204,0.1038,-0.0807,0.106,-0.051,0.069,-0.051,-0.036,0.018,0.000,0.000,0.000,-0.00844,0.01430,-0.01250,0.00000,0.00000,0.00000,0,1.000
166597,-0.0212,0.1048,-0.0809,0.270,-0.186,-0.066,-0.043,-0.055,0.012,0.000,0.000,0.000,-0.00273,0.01024,-0.01598,0.00000,0.00000,0.00000,0,1.000
166605,-0.0204,0.1027,-0.0796,0.220,-0.247,0.045,-0.027,-0.055,0.016,-0.000,0.000,0.000,-0.00220,0.00809,-0.01238,0.00000,0.00000,0.00000,0,1.000
166612,-0.0188,0.1036,-0.0821,0.199,-0.256,-0.137,-0.015,-0.060,0.010,-0.000,0.000,0.000,0.00111,0.00950,-0.01668,0.00000,0.00000,0.00000,0,1.000
166620,-0.0175,0.1004,-0.0803,-0.000,-0.243,0.049,-0.001,-0.046,0.003,-0.000,-0.000,0.000,-0.00163,0.01010,-0.01270,0.00000,0.00000,0.00000,0,1.000
166628,-0.0193,0.1018,-0.0798,-0.015,-0.010,-0.063,0.023,-0.036,-0.007,-0.000,-0.000,0.000,0.00037,0.01654,-0.01820,0.00000,0.00000,0.00000,0,1.000
166636,-0.0194,0.1017,-0.0796,-0.030,0.007,0.040,0.034,-0.015,-0.022,-0.000,-0.000,0.000,0.00029,0.01871,-0.01871,0.00000,0.00000,0.00000,0,1.000
166643,-0.0202,0.1027,-0.0797,0.275,0.057,0.003,0.049,0.007,-0.033,0.000,-0.000,0.000,0.00641,0.02118,-0.02421,0.00000,0.00000,0.00000,0,1.000
166651,-0.0196,0.1042,-0.0818,0.175,0.064,0.096,0.040,0.028,-0.037,0.000,-0.000,-0.000,0.00312,0.02469,-0.02260,0.00000,0.00000,0.00000,0,1.000
166659,-0.0186,0.1026,-0.0814,0.495,0.009,0.042,0.047,0.034,-0.019,0.000,-0.000,-0.000,0.01021,0.02177,-0.02384,0.00000,0.00000,0.00000,0,1.000
166667,-0.0210,0.1033,-0.0796,0.741,0.300,0.246,0.031,0.049,-0.008,0.000,-0.000,-0.000,0.00784,0.02472,-0.02300,0.00000,0.00000,0.00000,0,1.000
166675,-0.0197,0.1033,-0.0808,0.805,0.085,0.290,0.015,0.037,-0.003,0.000,0.000,-0.000,0.00858,0.01897,-0.02043,0.00000,0.00000,0.00000,0,1.000
166682,-0.0185,0.1004,-0.0792,0.705,0.049,0.427,0.001,0.021,-0.004,0.000,0.000,-0.000,0.00417,0.01547,-0.01648,0.00000,0.00000,0.00000,0,1.000
166690,-0.0179,0.0993,-0.0788,0.620,-0.005,0.460,-0.013,0.019,0.014,0.000,0.000,-0.000,0.00069,0.01452,-0.01166,0.00000,0.00000,0.00000,0,1.000
166698,-0.0148,0.0964,-0.0791,0.579,-0.325,0.398,-0.029,0.003,0.007,0.000,0.000,-0.000,0.00195,0.00653,-0.01058,0.00000,0.00000,0.00000,0,1.000
166705,-0.0100,0.0904,-0.0781,0.799,-0.372,0.437,-0.053,-0.006,0.023,0.000,0.000,-0.000,0.00452,0.00073,-0.00869,0.00000,0.00000,0.00000,0,1.000
166713,-0.0062,0.0887,-0.0802,0.453,-0.526,0.197,-0.059,-0.011,0.024,0.000,0.000,0.000,0.00262,0.00173,-0.00858,0.00000,0.00000,0.00000,0,1.000
166721,-0.0045,0.0909,-0.0841,0.488,-0.748,0.490,-0.044,-0.023,0.032,0.000,0.000,0.000,0.00375,-0.00633,-0.00192,0.00000,0.00000,0.00000,0,1.000
166729,0.0016,0.0857,-0.0850,0.615,-0.375,0.518,-0.037,-0.047,0.033,-0.000,0.000,0.000,0.00446,-0.00456,-0.00579,0.00000,0.00000,0.00000,0,1.000
166737,0.0079,0.0803,-0.0861,0.601,-0.487,0.750,-0.011,-0.043,0.013,-0.000,-0.000,0.000,0.00776,-0.00919,-0.00366,0.00000,0.00000,0.00000,0,1.000
166744,0.0140,0.0749,-0.0870,0.601,-0.358,0.621,0.004,-0.039,0.001,-0.000,-0.000,0.000,0.01160,-0.00655,-0.00924,0.00000,0.00000,0.00000,0,1.000
166752,0.0190,0.0702,-0.0874,0.707,-0.166,0.640,0.015,-0.019,-0.005,-0.000,-0.000,0.000,0.01419,-0.00279,-0.01278,0.00000,0.00000,0.00000,0,1.000
166760,0.0219,0.0668,-0.0869,0.672,-0.330,0.734,0.041,-0.002,-0.013,-0.000,-0.000,0.000,0.01778,-0.00431,-0.01081,0.00000,0.00000,0.00000,0,1.000
166768,0.0244,0.0633,-0.0860,0.578,-0.168,0.982,0.045,0.018,-0.031,0.000,-0.000,0.000,0.01330,-0.00023,-0.00947,0.00000,0.00000,0.00000,0,1.000
166775,0.0251,0.0605,-0.0840,0.628,0.196,0.569,0.044,0.039,-0.035,0.000,-0.000,-0.000,0.01483,0.01139,-0.02027,0.00000,0.00000,0.00000,0,1.000
166783,0.0278,0.0518,-0.0783,0.813,0.199,0.487,0.047,0.041,-0.037,0.000,0.000,-0.000,0.01941,0.00899,-0.02243,0.00000,0.00000,0.00000,0,1.000
166791,0.0271,0.0482,-0.0740,0.643,0.264,0.380,0.029,0.047,-0.009,0.000,0.000,-0.000,0.01486,0.01215,-0.01868,0.00000,0.00000,0.00000,0,1.000
166799,0.0237,0.0440,-0.0666,0.302,0.093,0.469,0.031,0.030,-0.004,0.000,0.000,-0.000,0.00935,0.00871,-0.01025,0.00000,0.00000,0.00000,0,1.000
166807,0.0260,0.0398,-0.0648,0.522,0.088,0.465,0.021,0.034,0.019,0.000,0.000,-0.000,0.01222,0.00629,-0.00827,0.00000,0.00000,0.00000,0,1.000
166814,0.0298,0.0335,-0.0625,0.352,0.239,0.272,-0.007,0.027,0.027,0.000,0.000,-0.000,0.00621,0.01005,-0.00956,0.00000,0.00000,0.00000,0,1.000
166822,0.0314,0.0304,-0.0610,0.408,0.327,0.446,-0.017,0.011,0.044,0.000,0.000,0.000,0.00364,0.00668,-0.00571,0.00000,0.00000,0.00000,0,1.000
166830,0.0339,0.0289,-0.0620,0.303,0.221,0.340,-0.032,-0.019,0.033,0.000,0.000,0.000,0.00256,0.00168,-0.00661,0.00000,0.00000,0.00000,0,1.000
166837,0.0374,0.0248,-0.0616,0.154,0.338,0.372,-0.035,-0.035,0.029,0.000,0.000,0.000,-0.00074,0.00192,-0.00599,0.00000,0.00000,0.00000,0,1.000
166845,0.0427,0.0192,-0.0614,0.113,0.233,0.094,-0.027,-0.034,0.029,0.000,0.000,0.000,0.00393,0.00156,-0.00946,0.00000,0.00000,0.00000,0,1.000
166853,0.0496,0.0148,-0.0640,0.143,-0.061,0.146,-0.025,-0.047,0.028,0.000,0.000,0.000,0.00826,-0.00653,-0.00693,0.00000,0.00000,0.00000,0,1.000
166861,0.0509,0.0142,-0.0647,-0.162,0.106,-0.032,-0.025,-0.040,0.001,0.000,0.000,0.000,0.00367,0.00110,-0.01278,0.00000,0.00000,0.00000,0,1.000
166869,0.0557,0.0075,-0.0630,-0.090,0.132,0.081,-0.019,-0.030,-0.014,0.000,-0.000,0.000,0.00542,-0.00021,-0.01385,0.00000,0.00000,0.00000,0,1.000
166876,0.0566,0.0052,-0.0617,-0.366,-0.038,-0.002,-0.004,-0.026,-0.022,0.000,-0.000,0.000,0.00541,-0.00030,-0.01227,0.00000,0.00000,0.00000,0,1.000
166884,0.0548,0.0093,-0.0639,-0.410,0.359,-0.038,0.030,-0.004,-0.033,0.000,-0.000,0.000,0.00617,0.01154,-0.01797,0.00000,0.00000,0.00000,0,1.000
166892,0.0539,0.0114,-0.0651,-0.515,0.253,-0.143,0.034,0.005,-0.034,0.000,-0.000,0.000,0.00644,0.01332,-0.01827,0.00000,0.00000,0.00000,0,1.000
166900,0.0481,0.0172,-0.0649,-0.445,0.496,-0.245,0.037,0.023,-0.032,0.000,-0.000,0.000,0.00545,0.02187,-0.02269,0.00000,0.00000,0.00000,0,1.000
166907,0.0426,0.0227,-0.0647,-0.686,0.535,-0.466,0.031,0.040,-0.025,0.000,-0.000,-0.000,0.00112,0.02953,-0.02374,0.00000,0.00000,0.00000,0,1.000
166915,0.0382,0.0278,-0.0653,-0.375,0.481,-0.088,0.028,0.021,-0.017,0.000,0.000,-0.000,0.00227,0.02163,-0.01856,0.00000,0.00000,0.00000,0,1.000
166923,0.0318,0.0314,-0.0624,-0.382,0.541,-0.459,0.022,0.032,0.003,0.000,0.000,-0.000,0.00277,0.02796,-0.02162,0.00000,0.00000,0.00000,0,1.000
166930,0.0289,0.0355,-0.0634,-0.332,0.430,-0.398,0.007,0.028,0.016,0.000,0.000,-0.000,0.00121,0.02535,-0.01817,0.00000,0.00000,0.00000,0,1.000
166938,0.0236,0.0436,-0.0661,-0.482,0.375,-0.193,-0.005,-0.002,0.024,0.000,0.000,0.000,-0.00560,0.02124,-0.01199,0.00000,0.00000,0.00000,0,1.000
166946,0.0184,0.0497,-0.0668,-0.453,0.212,-0.270,-0.027,-0.026,0.022,0.000,0.000,0.000,-0.00712,0.01638,-0.01238,0.00000,0.00000,0.00000,0,1.000
166954,0.0150,0.0561,-0.0696,-0.532,0.358,-0.126,-0.027,-0.033,0.028,0.000,0.000,0.000,-0.01168,0.01889,-0.01018,0.00000,0.00000,0.00000,0,1.000
166961,0.0095,0.0640,-0.0718,-0.518,0.212,-0.100,-0.030,-0.050,0.016,0.000,-0.000,0.000,-0.01180,0.01614,-0.01051,0.00000,0.00000,0.00000,0,1.000
166969,0.0101,0.0688,-0.0771,-0.573,0.082,-0.231,-0.039,-0.053,0.002,0.000,-0.000,0.000,-0.01105,0.01623,-0.01434,0.00000,0.00000,0.00000,0,1.000
166977,0.0098,0.0718,-0.0798,-0.752,0.148,0.093,-0.028,-0.043,-0.023,0.000,-0.000,0.000,-0.01636,0.01763,-0.01213,0.00000,0.00000,0.00000,0,1.000
166985,0.0087,0.0740,-0.0807,-0.361,0.423,-0.150,-0.022,-0.031,-0.021,-0.000,-0.000,0.000,-0.00946,0.02295,-0.02219,0.00000,0.00000,0.00000,0,1.000
166993,0.0112,0.0763,-0.0855,-0.396,0.215,-0.013,0.001,-0.023,-0.027,-0.000,-0.000,0.000,-0.00557,0.01976,-0.01974,0.00000,0.00000,0.00000,0,1.000
167000,0.0067,0.0818,-0.0863,-0.466,0.231,-0.170,0.020,-0.001,-0.019,0.000,-0.000,-0.000,-0.00360,0.02631,-0.02135,0.00000,0.00000,0.00000,0,1.000
167008,0.0055,0.0816,-0.0850,-0.141,0.074,0.190,0.014,0.029,-0.029,0.000,-0.000,-0.000,-0.00122,0.02225,-0.01789,0.00000,0.00000,0.00000,0,1.000
167016,0.0032,0.0806,-0.0817,-0.276,0.002,0.292,0.032,0.046,-0.021,0.000,-0.000,-0.000,-0.00218,0.02259,-0.01285,0.00000,0.00000,0.00000,0,1.000
167024,-0.0007,0.0798,-0.0770,-0.091,-0.167,0.382,0.046,0.056,-0.016,0.000,-0.000,-0.000,0.00200,0.01766,-0.00999,0.00000,0.00000,0.00000,0,1.000
167031,-0.0073,0.0849,-0.0754,-0.214,0.116,0.750,0.034,0.049,0.013,0.000,0.000,-0.000,-0.00847,0.02131,-0.00002,0.00000,0.00000,0.00000,0,1.000
167039,-0.0162,0.0880,-0.0695,-0.130,0.127,0.761,0.017,0.048,0.015,0.000,0.000,-0.000,-0.01108,0.02129,0.00090,0.00000,0.00000,0.00000,0,1.000
167047,-0.0214,0.0909,-0.0671,-0.025,0.363,0.737,0.016,0.031,0.024,0.000,0.000,-0.000,-0.01236,0.02391,-0.00061,0.00000,0.00000,0.00000,0,1.000
167054,-0.0269,0.0936,-0.0642,0.110,0.392,0.679,-0.003,0.010,0.043,0.000,0.000,0.000,-0.01381,0.02141,-0.00019,0.00000,0.00000,0.00000,0,1.000
167062,-0.0303,0.0951,-0.0623,0.110,0.392,0.679,-0.005,-0.008,0.041,0.000,0.000,0.000,-0.01476,0.01874,0.00011,0.00000,0.00000,0.00000,0,1.000
167070,-0.0290,0.0921,-0.0606,0.330,0.387,0.675,-0.025,-0.040,0.026,0.000,0.000,0.000,-0.01323,0.01224,-0.00289,0.00000,0.00000,0.00000,0,1.000
167078,-0.0319,0.0928,-0.0585,0.529,0.158,0.705,-0.036,-0.038,0.021,0.000,-0.000,0.000,-0.00997,0.00659,-0.00230,0.00000,0.00000,0.00000,0,1.000
167085,-0.0341,0.0897,-0.0533,0.203,0.013,0.647,-0.032,-0.036,0.019,0.000,-0.000,0.000,-0.01382,0.00672,0.00166,0.00000,0.00000,0.00000,0,1.000
167093,-0.0347,0.0870,-0.0500,0.083,-0.119,0.688,-0.026,-0.031,0.001,0.000,-0.000,0.000,-0.01445,0.00509,0.00247,0.00000,0.00000,0.00000,0,1.000
167101,-0.0361,0.0858,-0.0474,0.168,-0.065,0.655,-0.017,-0.003,-0.007,0.000,-0.000,0.000,-0.01236,0.00941,-0.00036,0.00000,0.00000,0.00000,0,1.000
167109,-0.0380,0.0854,-0.0451,0.070,-0.257,0.204,-0.002,0.007,-0.034,0.000,-0.000,0.000,-0.00623,0.01213,-0.00882,0.00000,0.00000,0.00000,0,1.000
167117,-0.0368,0.0846,-0.0455,0.135,-0.126,-0.097,0.010,0.017,-0.025,0.000,-0.000,0.000,-0.00145,0.01770,-0.01490,0.00000,0.00000,0.00000,0,1.000
167124,-0.0345,0.0795,-0.0429,0.533,-0.412,-0.209,0.015,0.023,-0.028,0.000,-0.000,0.000,0.00992,0.00988,-0.01792,0.00000,0.00000,0.00000,0,1.000
167132,-0.0344,0.0790,-0.0425,0.278,-0.270,-0.412,0.024,0.032,-0.025,0.000,-0.000,-0.000,0.00738,0.01734,-0.01989,0.00000,0.00000,0.00000,0,1.000
167140,-0.0370,0.0803,-0.0412,0.248,-0.020,-0.421,0.027,0.049,-0.019,0.000,0.000,-0.000,0.00460,0.02392,-0.02101,0.00000,0.00000,0.00000,0,1.000
167148,-0.0387,0.0772,-0.0364,0.218,0.315,-0.516,0.015,0.024,-0.003,0.000,0.000,-0.000,0.00005,0.02789,-0.02150,0.00000,0.00000,0.00000,0,1.000
167156,-0.0390,0.0768,-0.0358,0.324,0.291,-0.280,0.001,0.012,0.005,0.000,0.000,-0.000,-0.00219,0.02273,-0.01677,0.00000,0.00000,0.00000,0,1.000
167163,-0.0400,0.0781,-0.0360,0.060,0.390,-0.009,-0.001,0.002,0.010,0.000,0.000,-0.000,-0.01061,0.02312,-0.00976,0.00000,0.00000,0.00000,0,1.000
167171,-0.0381,0.0780,-0.0378,0.104,0.080,-0.060,-0.003,-0.040,0.015,0.000,0.000,-0.000,-0.00638,0.01182,-0.00772,0.00000,0.00000,0.00000,0,1.000
167179,-0.0333,0.0748,-0.0395,0.339,-0.072,-0.038,-0.021,-0.033,0.011,0.000,0.000,-0.000,-0.00308,0.00700,-0.00910,0.00000,0.00000,0.00000,0,1.000
167186,-0.0284,0.0728,-0.0425,0.389,-0.053,-0.106,-0.016,-0.041,0.026,0.000,-0.000,0.000,-0.00008,0.00620,-0.00929,0.00000,0.00000,0.00000,0,1.000
167194,-0.0217,0.0706,-0.0470,0.149,-0.058,-0.284,-0.012,-0.022,0.032,0.000,-0.000,0.000,-0.00065,0.01130,-0.01057,0.00000,0.00000,0.00000,0,1.000
167202,-0.0163,0.0719,-0.0537,0.064,-0.112,-0.252,-0.003,-0.027,0.009,0.000,-0.000,0.000,0.00080,0.01049,-0.01320,0.00000,0.00000,0.00000,0,1.000
167210,-0.0161,0.0751,-0.0570,0.205,0.159,-0.241,-0.008,-0.009,0.002,0.000,-0.000,0.000,-0.00012,0.01739,-0.01849,0.00000,0.00000,0.00000,0,1.000
167217,-0.0188,0.0772,-0.0563,-0.030,0.094,-0.047,-0.001,0.012,-0.003,0.000,-0.000,0.000,-0.00477,0.02040,-0.01337,0.00000,0.00000,0.00000,0,1.000
167225,-0.0196,0.0752,-0.0537,-0.420,0.077,-0.063,0.014,0.031,-0.019,0.000,-0.000,0.000,-0.00893,0.02560,-0.01203,0.00000,0.00000,0.00000,0,1.000
167233,-0.0195,0.0794,-0.0577,-0.193,0.186,0.131,-0.000,0.029,-0.025,0.000,-0.000,0.000,-0.00996,0.02480,-0.01324,0.00000,0.00000,0.00000,0,1.000
167241,-0.0190,0.0847,-0.0635,-0.143,0.248,0.019,0.005,0.034,-0.036,0.000,0.000,-0.000,-0.00757,0.02816,-0.01859,0.00000,0.00000,0.00000,0,1.000
167248,-0.0162,0.0830,-0.0646,-0.078,0.162,-0.066,-0.001,0.018,-0.033,0.000,0.000,-0.000,-0.00533,0.02442,-0.01972,0.00000,0.00000,0.00000,0,1.000
167256,-0.0128,0.0807,-0.0659,0.028,0.224,0.083,0.012,0.034,-0.028,0.000,0.000,-0.000,-0.00282,0.02484,-0.01848,0.00000,0.00000,0.00000,0,1.000
167264,-0.0139,0.0816,-0.0656,0.113,0.321,0.007,0.016,0.010,-0.018,0.000,0.000,-0.000,-0.00099,0.02340,-0.02002,0.00000,0.00000,0.00000,0,1.000
167271,-0.0115,0.0810,-0.0674,0.107,0.036,-0.019,0.013,-0.002,-0.014,0.000,0.000,-0.000,0.00171,0.01648,-0.01765,0.00000,0.00000,0.00000,0,1.000
167279,-0.0108,0.0796,-0.0667,0.093,0.139,-0.002,0.016,-0.028,0.013,0.000,0.000,-0.000,0.00093,0.01403,-0.01348,0.00000,0.00000,0.00000,0,1.000
167287,-0.0135,0.0779,-0.0624,-0.304,-0.249,0.042,0.002,-0.034,0.036,0.000,0.000,-0.000,-0.00567,0.00893,-0.00191,0.00000,0.00000,0.00000,0,1.000
167295,-0.0198,0.0784,-0.0566,0.000,-0.372,0.178,0.012,-0.035,0.047,0.000,0.000,-0.000,-0.00057,0.00284,0.00078,0.00000,0.00000,0.00000,0,1.000
167303,-0.0268,0.0804,-0.0515,-0.446,-0.605,0.118,0.011,-0.027,0.039,0.000,-0.000,-0.000,-0.00714,0.00429,0.00613,0.00000,0.00000,0.00000,0,1.000
167311,-0.0291,0.0808,-0.0496,-0.440,-0.406,0.230,-0.005,-0.030,0.016,0.000,-0.000,0.000,-0.01271,0.00682,0.00410,0.00000,0.00000,0.00000,0,1.000
167318,-0.0338,0.0839,-0.0479,-0.341,-0.153,-0.122,0.009,-0.033,0.004,0.000,-0.000,0.000,-0.00865,0.01380,-0.00653,0.00000,0.00000,0.00000,0,1.000
167326,-0.0294,0.0840,-0.0524,-0.000,-0.112,-0.081,-0.007,-0.017,0.004,0.000,-0.000,0.000,-0.00520,0.01338,-0.01029,0.00000,0.00000,0.00000,0,1.000
167334,-0.0273,0.0842,-0.0547,0.284,-0.158,-0.214,-0.009,-0.001,0.004,0.000,-0.000,0.000,0.00125,0.01392,-0.01525,0.00000,0.00000,0.00000,0,1.000
167341,-0.0257,0.0827,-0.0549,0.603,-0.126,-0.354,-0.022,0.013,0.005,0.000,-0.000,0.000,0.00607,0.01496,-0.02075,0.00000,0.00000,0.00000,0,1.000
167349,-0.0233,0.0814,-0.0559,0.858,-0.181,-0.236,-0.015,0.030,-0.012,0.000,-0.000,0.000,0.01123,0.01286,-0.02359,0.00000,0.00000,0.00000,0,1.000
167357,-0.0259,0.0851,-0.0570,0.849,0.164,-0.150,-0.013,0.028,-0.018,0.000,-0.000,0.000,0.00721,0.01905,-0.02611,0.00000,0.00000,0.00000,0,1.000
167365,-0.0265,0.0840,-0.0553,0.649,0.178,0.037,-0.011,0.029,-0.011,0.000,-0.000,-0.000,0.00205,0.01934,-0.01994,0.00000,0.00000,0.00000,0,1.000
167373,-0.0258,0.0869,-0.0589,0.429,0.312,-0.088,-0.013,0.021,-0.016,0.000,-0.000,-0.000,-0.00168,0.02421,-0.02257,0.00000,0.00000,0.00000,0,1.000
167380,-0.0202,0.0869,-0.0644,0.579,0.064,0.009,-0.005,0.017,-0.003,0.000,-0.000,-0.000,0.00433,0.01696,-0.01929,0.00000,0.00000,0.00000,0,1.000
167388,-0.0174,0.0886,-0.0689,0.309,0.137,-0.005,0.018,0.005,-0.005,0.000,0.000,-0.000,0.00357,0.01910,-0.01904,0.00000,0.00000,0.00000,0,1.000
167396,-0.0117,0.0844,-0.0706,0.650,0.221,-0.007,0.025,-0.020,0.005,0.000,-0.000,-0.000,0.01077,0.01295,-0.02152,0.00000,0.00000,0.00000,0,1.000
167403,-0.0032,0.0840,-0.0787,0.580,0.107,-0.035,0.029,-0.030,0.006,0.000,-0.000,-0.000,0.01313,0.01036,-0.02187,0.00000,0.00000,0.00000,0,1.000
167411,0.0028,0.0850,-0.0857,0.510,0.080,-0.149,0.037,-0.028,-0.001,0.000,-0.000,-0.000,0.01540,0.01178,-0.02565,0.00000,0.00000,0.00000,0,1.000
167419,0.0104,0.0824,-0.0906,0.390,-0.095,-0.066,0.024,-0.023,-0.004,0.000,-0.000,-0.000,0.01408,0.00908,-0.02306,0.00000,0.00000,0.00000,0,1.000
167427,0.0116,0.0811,-0.0906,0.100,-0.161,-0.132,0.024,-0.019,0.006,0.000,-0.000,-0.000,0.01054,0.01117,-0.01942,0.00000,0.00000,0.00000,0,1.000
167435,0.0149,0.0788,-0.0916,-0.120,-0.200,-0.085,0.008,-0.009,0.006,0.000,-0.000,-0.000,0.00491,0.01299,-0.01645,0.00000,0.00000,0.00000,0,1.000
167442,0.0143,0.0800,-0.0923,-0.333,-0.084,0.118,0.010,0.019,0.013,0.000,-0.000,-0.000,-0.00159,0.01979,-0.01123,0.00000,0.00000,0.00000,0,1.000
167450,0.0151,0.0801,-0.0931,-0.439,-0.275,0.098,-0.012,0.033,0.007,0.000,-0.000,0.000,-0.00488,0.01926,-0.01005,0.00000,0.00000,0.00000,0,1.000
167458,0.0170,0.0784,-0.0934,-0.488,-0.251,0.123,-0.030,0.043,0.016,0.000,-0.000,0.000,-0.00829,0.02064,-0.00800,0.00000,0.00000,0.00000,0,1.000
167466,0.0170,0.0774,-0.0924,-0.368,-0.248,0.211,-0.031,0.044,0.024,0.000,0.000,0.000,-0.00719,0.01872,-0.00627,0.00000,0.00000,0.00000,0,1.000
167473,0.0178,0.0773,-0.0931,-0.382,-0.059,0.142,-0.041,0.038,0.009,0.000,0.000,0.000,-0.00916,0.02241,-0.01120,0.00000,0.00000,0.00000,0,1.000
167481,0.0176,0.0785,-0.0941,-0.077,0.163,-0.068,-0.041,0.013,-0.005,0.000,0.000,0.000,-0.00374,0.02272,-0.02171,0.00000,0.00000,0.00000,0,1.000
167489,0.0147,0.0791,-0.0917,-0.326,0.288,0.056,-0.034,-0.002,-0.008,0.000,0.000,0.000,-0.00998,0.02372,-0.01828,0.00000,0.00000,0.00000,0,1.000
167497,0.0118,0.0769,-0.0867,-0.048,-0.087,-0.058,-0.018,-0.023,0.001,0.000,0.000,0.000,0.00045,0.01179,-0.01706,0.00000,0.00000,0.00000,0,1.000
167505,0.0130,0.0760,-0.0870,0.037,0.052,-0.178,0.003,-0.044,-0.017,0.000,0.000,0.000,0.00549,0.01219,-0.02394,0.00000,0.00000,0.00000,0,1.000
167512,0.0120,0.0725,-0.0825,-0.259,-0.256,-0.312,0.021,-0.039,-0.010,0.000,-0.000,0.000,0.00668,0.00978,-0.01921,0.00000,0.00000,0.00000,0,1.000
167520,0.0131,0.0700,-0.0813,0.046,-0.250,-0.306,0.032,-0.027,-0.013,0.000,-0.000,-0.000,0.01340,0.00813,-0.02223,0.00000,0.00000,0.00000,0,1.000
167528,0.0150,0.0686,-0.0818,0.081,-0.129,-0.357,0.023,-0.038,-0.005,0.000,-0.000,-0.000,0.01272,0.00887,-0.02316,0.00000,0.00000,0.00000,0,1.000
167536,0.0140,0.0682,-0.0804,0.060,-0.267,-0.409,0.038,-0.005,0.004,0.000,-0.000,-0.000,0.01521,0.01128,-0.02121,0.00000,0.00000,0.00000,0,1.000
167543,0.0168,0.0666,-0.0817,-0.210,-0.238,-0.380,0.028,-0.005,0.014,0.000,-0.000,-0.000,0.00960,0.01349,-0.01725,0.00000,0.00000,0.00000,0,1.000
167551,0.0181,0.0638,-0.0802,0.180,-0.222,-0.363,0.021,0.020,-0.003,0.000,-0.000,0.000,0.01525,0.01386,-0.02306,0.00000,0.00000,0.00000,0,1.000
167559,0.0179,0.0635,-0.0797,0.165,-0.119,-0.346,0.000,0.019,-0.014,0.000,-0.000,-0.000,0.01080,0.01558,-0.02509,0.00000,0.00000,0.00000,0,1.000
167566,0.0195,0.0672,-0.0850,0.001,-0.070,-0.125,-0.011,0.042,-0.005,0.000,-0.000,-0.000,0.00395,0.01941,-0.01996,0.00000,0.00000,0.00000,0,1.000
167574,0.0180,0.0708,-0.0870,0.107,0.166,-0.149,-0.010,0.035,-0.012,0.000,0.000,-0.000,0.00387,0.02311,-0.02478,0.00000,0.00000,0.00000,0,1.000
167582,0.0167,0.0744,-0.0892,-0.028,0.094,-0.048,-0.023,0.021,0.007,0.000,0.000,-0.000,-0.00083,0.02111,-0.01855,0.00000,0.00000,0.00000,0,1.000
167590,0.0201,0.0767,-0.0949,0.157,0.141,-0.175,-0.016,0.014,0.009,0.000,0.000,0.000,0.00475,0.02094,-0.02358,0.00000,0.00000,0.00000,0,1.000
167598,0.0193,0.0776,-0.0949,0.142,0.115,-0.028,-0.003,0.004,0.021,0.000,0.000,0.000,0.00523,0.01778,-0.01901,0.00000,0.00000,0.00000,0,1.000
167605,0.0222,0.0776,-0.0978,-0.048,0.085,-0.230,-0.003,-0.016,0.019,0.000,0.000,0.000,0.00486,0.01739,-0.02123,0.00000,0.00000,0.00000,0,1.000
167613,0.0209,0.0805,-0.0992,0.242,0.022,-0.035,0.006,-0.017,0.010,0.000,0.000,0.000,0.00964,0.01263,-0.02157,0.00000,0.00000,0.00000,0,1.000
167621,0.0254,0.0795,-0.1028,0.178,0.021,0.136,0.005,-0.023,0.003,0.000,0.000,0.000,0.00786,0.01079,-0.01988,0.00000,0.00000,0.00000,0,1.000
167628,0.0279,0.0785,-0.1044,0.228,0.039,0.068,0.003,-0.022,0.005,0.000,-0.000,0.000,0.00936,0.01106,-0.02168,0.00000,0.00000,0.00000,0,1.000
167636,0.0305,0.0808,-0.1092,0.199,0.074,0.274,0.005,-0.024,-0.008,0.000,-0.000,0.000,0.00771,0.01049,-0.02135,0.00000,0.00000,0.00000,0,1.000
167644,0.0325,0.0839,-0.1143,0.114,0.064,0.263,-0.014,-0.000,0.007,0.000,-0.000,0.000,0.00363,0.01543,-0.01928,0.00000,0.00000,0.00000,0,1.000
167651,0.0330,0.0831,-0.1140,-0.006,-0.111,0.347,0.001,0.002,-0.001,0.000,-0.000,0.000,0.00487,0.01271,-0.01660,0.00000,0.00000,0.00000,0,1.000
167659,0.0327,0.0832,-0.1137,0.015,-0.059,0.485,0.006,0.015,0.008,0.000,-0.000,0.000,0.00412,0.01436,-0.01344,0.00000,0.00000,0.00000,0,1.000
167667,0.0317,0.0836,-0.1131,-0.076,-0.267,0.362,0.010,0.024,-0.013,0.000,-0.000,0.000,0.00593,0.01385,-0.01624,0.00000,0.00000,0.00000,0,1.000
167674,0.0308,0.0815,-0.1102,-0.475,-0.068,0.561,0.015,0.011,0.001,0.000,0.000,0.000,-0.00385,0.01664,-0.00804,0.00000,0.00000,0.00000,0,1.000
167682,0.0272,0.0833,-0.1083,-0.384,0.055,0.770,0.015,0.001,-0.006,0.000,0.000,0.000,-0.00590,0.01520,-0.00702,0.00000,0.00000,0.00000,0,1.000
167690,0.0279,0.0767,-0.1026,-0.248,-0.004,0.799,0.016,-0.000,-0.000,0.000,0.000,0.000,-0.00302,0.01114,-0.00517,0.00000,0.00000,0.00000,0,1.000
167698,0.0276,0.0716,-0.0973,-0.113,-0.062,0.827,0.016,0.003,-0.020,0.000,0.000,0.000,-0.00044,0.00819,-0.00741,0.00000,0.00000,0.00000,0,1.000
167705,0.0255,0.0694,-0.0931,0.122,0.046,0.591,0.014,-0.002,-0.025,0.000,0.000,-0.000,0.00406,0.00891,-0.01423,0.00000,0.00000,0.00000,0,1.000
167713,0.0229,0.0664,-0.0876,-0.034,0.051,0.424,0.005,0.002,-0.012,0.000,0.000,-0.000,0.00087,0.01179,-0.01274,0.00000,0.00000,0.00000,0,1.000
167721,0.0201,0.0658,-0.0842,-0.041,-0.061,0.225,0.012,-0.006,-0.008,0.000,0.000,-0.000,0.00404,0.01006,-0.01388,0.00000,0.00000,0.00000,0,1.000
167728,0.0130,0.0643,-0.0756,-0.112,-0.002,0.026,0.001,-0.012,0.006,0.000,0.000,-0.000,0.00095,0.01216,-0.01295,0.00000,0.00000,0.00000,0,1.000
167736,0.0055,0.0642,-0.0680,-0.227,-0.022,0.267,-0.005,-0.017,0.012,0.000,-0.000,-0.000,-0.00557,0.00997,-0.00502,0.00000,0.00000,0.00000,0,1.000
167744,0.0006,0.0600,-0.0591,-0.184,-0.246,0.130,-0.012,-0.017,0.019,0.000,-0.000,-0.000,-0.00379,0.00574,-0.00300,0.00000,0.00000,0.00000,0,1.000
167752,-0.0044,0.0568,-0.0509,-0.149,-0.254,0.209,-0.017,-0.007,0.018,0.000,-0.000,0.000,-0.00571,0.00549,-0.00034,0.00000,0.00000,0.00000,0,1.000
167760,-0.0048,0.0552,-0.0490,-0.360,-0.293,-0.175,-0.018,-0.017,0.016,0.000,-0.000,0.000,-0.00561,0.00799,-0.00446,0.00000,0.00000,0.00000,0,1.000
167768,-0.0043,0.0546,-0.0489,-0.006,-0.269,-0.237,-0.031,-0.006,0.009,0.000,-0.000,0.000,-0.00082,0.00763,-0.01005,0.00000,0.00000,0.00000,0,1.000
167775,-0.0015,0.0523,-0.0494,-0.014,0.292,-0.366,-0.021,0.011,0.010,0.000,-0.000,0.000,-0.00298,0.02123,-0.01707,0.00000,0.00000,0.00000,0,1.000
167783,0.0016,0.0525,-0.0528,0.242,0.279,-0.292,-0.017,0.001,-0.003,0.000,-0.000,0.000,0.00226,0.01660,-0.02066,0.00000,0.00000,0.00000,0,1.000
167791,0.0036,0.0504,-0.0526,0.397,0.446,-0.297,-0.012,0.013,-0.015,0.000,-0.000,0.000,0.00468,0.01995,-0.02566,0.00000,0.00000,0.00000,0,1.000
167799,0.0011,0.0547,-0.0544,0.573,0.622,-0.121,0.008,0.026,-0.023,0.000,-0.000,0.000,0.00713,0.02287,-0.02731,0.00000,0.00000,0.00000,0,1.000
167807,0.0014,0.0601,-0.0599,0.587,0.476,-0.095,0.017,0.031,-0.024,0.000,0.000,-0.000,0.00975,0.02159,-0.02711,0.00000,0.00000,0.00000,0,1.000
167814,0.0006,0.0687,-0.0676,0.438,0.509,0.023,0.019,0.014,-0.021,0.000,0.000,-0.000,0.00613,0.02193,-0.02509,0.00000,0.00000,0.00000,0,1.000
167822,0.0012,0.0738,-0.0730,0.487,0.484,-0.002,0.020,0.022,-0.009,0.000,0.000,-0.000,0.00753,0.02335,-0.02524,0.00000,0.00000,0.00000,0,1.000
167830,0.0025,0.0754,-0.0760,0.637,0.496,-0.163,0.035,-0.008,0.003,0.000,0.000,-0.000,0.01367,0.01920,-0.02809,0.00000,0.00000,0.00000,0,1.000
167838,0.0024,0.0794,-0.0797,0.566,0.167,0.025,0.017,-0.006,0.010,0.000,0.000,-0.000,0.01126,0.01349,-0.02085,0.00000,0.00000,0.00000,0,1.000
167845,0.0027,0.0822,-0.0827,0.211,0.143,0.087,0.019,-0.021,0.015,0.000,0.000,-0.000,0.00520,0.01374,-0.01616,0.00000,0.00000,0.00000,0,1.000
167853,0.0044,0.0852,-0.0874,0.126,-0.040,0.248,0.009,-0.016,0.022,0.000,0.000,0.000,0.00276,0.01120,-0.01110,0.00000,0.00000,0.00000,0,1.000
167861,0.0094,0.0785,-0.0858,-0.081,0.275,0.564,-0.002,-0.032,0.024,0.000,-0.000,0.000,-0.00700,0.01256,-0.00575,0.00000,0.00000,0.00000,0,1.000
167868,0.0169,0.0763,-0.0912,0.120,0.175,0.463,-0.016,-0.030,0.030,0.000,-0.000,0.000,-0.00249,0.00964,-0.00874,0.00000,0.00000,0.00000,0,1.000
167876,0.0236,0.0738,-0.0955,0.218,0.453,0.827,-0.019,-0.012,0.014,0.000,-0.000,0.000,-0.00555,0.01284,-0.00883,0.00000,0.00000,0.00000,0,1.000
167884,0.0267,0.0730,-0.0977,0.459,0.372,1.090,-0.019,-0.004,0.006,0.000,-0.000,0.000,-0.00256,0.00828,-0.00768,0.00000,0.00000,0.00000,0,1.000
167892,0.0294,0.0691,-0.0968,0.404,0.327,0.873,-0.016,0.011,-0.000,0.000,-0.000,0.000,-0.00023,0.01145,-0.01135,0.00000,0.00000,0.00000,0,1.000
167899,0.0300,0.0652,-0.0935,0.630,0.348,1.154,-0.022,0.023,-0.005,0.000,-0.000,0.000,0.00011,0.00849,-0.00889,0.00000,0.00000,0.00000,0,1.000
167907,0.0279,0.0640,-0.0903,0.375,0.188,1.252,0.001,0.029,-0.004,0.000,-0.000,0.000,-0.00077,0.00739,-0.00290,0.00000,0.00000,0.00000,0,1.000
167915,0.0233,0.0587,-0.0805,0.304,0.161,1.139,0.005,0.030,0.006,0.000,0.000,0.000,-0.00106,0.00732,-0.00047,0.00000,0.00000,0.00000,0,1.000
167923,0.0156,0.0540,-0.0682,0.169,0.002,1.327,0.020,0.024,-0.004,0.000,0.000,0.000,-0.00303,0.00223,0.00626,0.00000,0.00000,0.00000,0,1.000
167930,0.0103,0.0472,-0.0563,-0.222,0.244,1.052,0.030,0.003,-0.004,0.000,0.000,0.000,-0.00894,0.00774,0.00563,0.00000,0.00000,0.00000,0,1.000
167938,0.0020,0.0515,-0.0522,-0.123,0.238,0.959,0.029,0.008,-0.005,0.000,0.000,0.000,-0.00820,0.00915,0.00377,0.00000,0.00000,0.00000,0,1.000
167946,-0.0044,0.0513,-0.0456,-0.179,0.280,0.656,0.017,-0.019,0.003,0.000,0.000,0.000,-0.00953,0.00871,0.00173,0.00000,0.00000,0.00000,0,1.000
167953,-0.0097,0.0511,-0.0401,0.014,0.198,0.229,0.011,-0.034,0.023,0.000,0.000,0.000,-0.00362,0.00725,-0.00253,0.00000,0.00000,0.00000,0,1.000
167961,-0.0147,0.0503,-0.0343,-0.148,0.047,-0.093,-0.012,-0.040,0.026,0.000,-0.000,0.000,-0.00681,0.00786,-0.00342,0.00000,0.00000,0.00000,0,1.000
167969,-0.0225,0.0475,-0.0237,-0.263,0.243,-0.068,-0.009,-0.032,0.023,0.000,-0.000,0.000,-0.01188,0.01239,-0.00195,0.00000,0.00000,0.00000,0,1.000
167976,-0.0260,0.0432,-0.0161,-0.149,0.046,-0.090,-0.003,-0.024,0.018,0.000,-0.000,0.000,-0.00780,0.00807,-0.00092,0.00000,0.00000,0.00000,0,1.000
167984,-0.0265,0.0394,-0.0118,-0.460,-0.116,-0.252,-0.004,-0.007,0.013,0.000,-0.000,0.000,-0.01061,0.01093,0.00063,0.00000,0.00000,0.00000,0,1.000
167992,-0.0221,0.0341,-0.0111,-0.545,-0.171,-0.219,-0.011,0.019,0.018,0.000,-0.000,0.000,-0.01222,0.01336,0.00317,0.00000,0.00000,0.00000,0,1.000
167999,-0.0187,0.0345,-0.0149,-0.430,-0.022,-0.588,-0.023,0.020,0.005,0.000,-0.000,0.000,-0.00915,0.01853,-0.00816,0.00000,0.00000,0.00000,0,1.000
168007,-0.0174,0.0358,-0.0174,-0.465,-0.014,-0.666,-0.017,0.025,-0.004,0.000,-0.000,0.000,-0.00799,0.02050,-0.01117,0.00000,0.00000,0.00000,0,1.000
168015,-0.0163,0.0381,-0.0208,-0.529,0.416,-0.927,-0.017,0.027,0.008,0.000,0.000,0.000,-0.01023,0.03182,-0.01760,0.00000,0.00000,0.00000,0,1.000
168023,-0.0230,0.0462,-0.0220,-0.601,0.173,-0.824,-0.008,0.019,-0.014,0.000,0.000,0.000,-0.01020,0.02773,-0.01677,0.00000,0.00000,0.00000,0,1.000
168031,-0.0277,0.0535,-0.0244,-0.636,0.181,-0.903,-0.008,0.006,-0.019,0.000,0.000,0.000,-0.01090,0.02835,-0.01904,0.00000,0.00000,0.00000,0,1.000
168038,-0.0301,0.0575,-0.0259,-0.686,0.206,-0.877,-0.003,-0.021,-0.029,0.000,0.000,0.000,-0.01162,0.02570,-0.01981,0.00000,0.00000,0.00000,0,1.000
168046,-0.0324,0.0606,-0.0267,-0.452,-0.031,-0.769,0.014,-0.015,-0.016,0.000,0.000,0.000,-0.00460,0.02001,-0.01669,0.00000,0.00000,0.00000,0,1.000
168054,-0.0336,0.0684,-0.0330,-0.466,0.116,-0.796,-0.003,-0.032,-0.030,0.000,-0.000,0.000,-0.00858,0.02244,-0.02107,0.00000,0.00000,0.00000,0,1.000
168062,-0.0354,0.0771,-0.0397,-0.388,0.187,-1.157,0.009,-0.032,-0.015,0.000,-0.000,0.000,-0.00307,0.02777,-0.02805,0.00000,0.00000,0.00000,0,1.000
168069,-0.0367,0.0845,-0.0456,-0.359,0.111,-1.320,0.003,-0.014,-0.012,0.000,-0.000,0.000,-0.00171,0.03151,-0.03129,0.00000,0.00000,0.00000,0,1.000
168077,-0.0382,0.0927,-0.0521,-0.508,0.186,-1.246,0.003,-0.018,-0.011,0.000,-0.000,0.000,-0.00586,0.03453,-0.03051,0.00000,0.00000,0.00000,0,1.000
168085,-0.0420,0.1003,-0.0557,-0.752,0.466,-0.966,-0.016,-0.017,-0.006,0.000,-0.000,-0.000,-0.01870,0.04111,-0.02573,0.00000,0.00000,0.00000,0,1.000
168093,-0.0418,0.1058,-0.0612,-0.886,0.437,-0.908,0.017,0.004,0.014,0.000,-0.000,0.000,-0.01643,0.04562,-0.02153,0.00000,0.00000,0.00000,0,1.000
168101,-0.0394,0.1082,-0.0660,-0.686,0.165,-0.835,0.002,0.018,0.014,0.000,-0.000,0.000,-0.01319,0.04097,-0.02068,0.00000,0.00000,0.00000,0,1.000
168108,-0.0402,0.1126,-0.0695,-0.745,0.405,-0.595,-0.001,0.032,0.029,0.000,-0.000,0.000,-0.01934,0.04655,-0.01689,0.00000,0.00000,0.00000,0,1.000
168116,-0.0407,0.1146,-0.0709,-1.020,0.235,-0.678,-0.020,0.029,0.014,0.000,-0.000,0.000,-0.02461,0.04671,-0.01648,0.00000,0.00000,0.00000,0,1.000
168124,-0.0444,0.1193,-0.0719,-0.944,0.289,-0.279,-0.006,0.025,0.016,0.000,-0.000,0.000,-0.02610,0.04414,-0.01083,0.00000,0.00000,0.00000,0,1.000
168131,-0.0437,0.1215,-0.0747,-0.665,0.259,-0.740,-0.012,0.026,0.024,0.000,0.000,0.000,-0.01771,0.04570,-0.02047,0.00000,0.00000,0.00000,0,1.000
168139,-0.0485,0.1296,-0.0777,-0.715,0.026,-0.457,-0.009,0.017,0.025,0.000,0.000,0.000,-0.01960,0.03984,-0.01359,0.00000,0.00000,0.00000,0,1.000
168147,-0.0565,0.1371,-0.0769,-0.730,0.259,-0.569,0.005,-0.007,0.011,0.000,0.000,0.000,-0.02004,0.04298,-0.01913,0.00000,0.00000,0.00000,0,1.000
168155,-0.0657,0.1472,-0.0776,-1.007,0.134,-0.695,0.004,-0.004,0.004,0.000,0.000,0.000,-0.02457,0.04661,-0.01893,0.00000,0.00000,0.00000,0,1.000
168163,-0.0705,0.1528,-0.0782,-0.781,0.242,-0.501,0.022,-0.001,0.002,0.000,0.000,0.000,-0.02164,0.04669,-0.01906,0.00000,0.00000,0.00000,0,1.000
168170,-0.0808,0.1617,-0.0767,-1.037,0.341,-0.661,0.024,-0.008,-0.007,0.000,0.000,0.000,-0.02712,0.05278,-0.02140,0.00000,0.00000,0.00000,0,1.000
168178,-0.0857,0.1654,-0.0754,-0.881,0.421,-0.580,0.026,-0.009,-0.019,0.000,-0.000,0.000,-0.02659,0.05289,-0.02369,0.00000,0.00000,0.00000,0,1.000
168186,-0.0855,0.1661,-0.0763,-0.852,0.301,-0.700,0.027,-0.001,-0.025,0.000,-0.000,0.000,-0.02383,0.05286,-0.02604,0.00000,0.00000,0.00000,0,1.000
168193,-0.0800,0.1642,-0.0799,-0.361,0.180,-0.647,0.013,0.016,-0.015,0.000,0.000,0.000,-0.01586,0.04846,-0.02798,0.00000,0.00000,0.00000,0,1.000
168201,-0.0767,0.1622,-0.0813,-0.197,0.001,-0.739,0.008,0.017,-0.006,0.000,0.000,0.000,-0.01089,0.04428,-0.02831,0.00000,0.00000,0.00000,0,1.000
168209,-0.0767,0.1638,-0.0828,0.052,-0.037,-0.949,-0.006,0.011,-0.011,0.000,0.000,0.000,-0.00659,0.04270,-0.03480,0.00000,0.00000,0.00000,0,1.000
168217,-0.0790,0.1620,-0.0788,0.037,-0.236,-0.629,-0.014,0.024,-0.001,0.000,0.000,0.000,-0.00980,0.03808,-0.02518,0.00000,0.00000,0.00000,0,1.000
168225,-0.0833,0.1650,-0.0774,-0.342,0.274,-0.550,-0.017,0.012,-0.009,0.000,0.000,0.000,-0.02258,0.04887,-0.02568,0.00000,0.00000,0.00000,0,1.000
168233,-0.0884,0.1743,-0.0813,-0.504,0.125,-0.873,-0.016,0.013,0.017,0.000,0.000,0.000,-0.02217,0.05224,-0.02510,0.00000,0.00000,0.00000,0,1.000
168240,-0.0899,0.1816,-0.0869,-0.207,0.391,-0.694,-0.010,-0.021,0.007,0.000,0.000,0.000,-0.02016,0.04917,-0.02958,0.00000,0.00000,0.00000,0,1.000
168248,-0.0913,0.1920,-0.0956,-0.591,0.832,-0.858,-0.008,-0.030,0.027,0.000,0.000,0.000,-0.02904,0.06270,-0.03155,0.00000,0.00000,0.00000,0,1.000
168255,-0.0877,0.1977,-0.1048,-0.454,0.360,-1.158,-0.006,-0.014,0.022,0.000,0.000,0.000,-0.01894,0.05885,-0.03644,0.00000,0.00000,0.00000,0,1.000
168263,-0.0826,0.1972,-0.1094,-0.248,0.415,-1.102,-0.010,-0.020,0.025,0.000,0.000,0.000,-0.01594,0.05666,-0.03839,0.00000,0.00000,0.00000,0,1.000
168271,-0.0739,0.1986,-0.1195,-0.132,0.089,-0.997,-0.014,-0.005,0.019,0.000,-0.000,0.000,-0.01098,0.05150,-0.03783,0.00000,0.00000,0.00000,0,1.000
168278,-0.0673,0.1988,-0.1263,0.208,-0.129,-0.697,-0.007,-0.003,0.023,0.000,-0.000,0.000,-0.00377,0.04264,-0.03482,0.00000,0.00000,0.00000,0,1.000
168286,-0.0611,0.1955,-0.1293,0.215,-0.232,-0.282,-0.005,0.015,-0.018,0.000,0.000,0.000,-0.00472,0.03947,-0.03386,0.00000,0.00000,0.00000,0,1.000
168294,-0.0565,0.1993,-0.1377,0.549,-0.389,-0.354,-0.007,0.023,-0.018,0.000,0.000,0.000,0.00358,0.03634,-0.03854,0.00000,0.00000,0.00000,0,1.000
168302,-0.0577,0.2062,-0.1431,0.484,-0.260,-0.313,0.007,0.019,-0.024,0.000,0.000,0.000,0.00298,0.03976,-0.04036,0.00000,0.00000,0.00000,0,1.000
168309,-0.0588,0.2144,-0.1500,0.504,-0.120,-0.261,0.024,0.008,-0.023,0.000,0.000,0.000,0.00399,0.04159,-0.04217,0.00000,0.00000,0.00000,0,1.000
168317,-0.0627,0.2228,-0.1543,0.424,0.070,-0.159,0.031,0.006,-0.046,0.000,0.000,0.000,0.00030,0.04640,-0.04459,0.00000,0.00000,0.00000,0,1.000
168325,-0.0615,0.2299,-0.1624,0.466,0.261,0.031,0.030,-0.012,-0.022,0.000,0.000,0.000,-0.00222,0.04638,-0.04242,0.00000,0.00000,0.00000,0,1.000
168333,-0.0612,0.2352,-0.1678,0.679,0.145,-0.172,0.030,-0.023,-0.024,0.000,0.000,0.000,0.00442,0.04379,-0.04815,0.00000,0.00000,0.00000,0,1.000
168340,-0.0607,0.2398,-0.1727,1.013,-0.054,-0.200,0.014,-0.024,-0.003,0.000,-0.000,0.000,0.00998,0.03838,-0.04777,0.00000,0.00000,0.00000,0,1.000
168348,-0.0562,0.2369,-0.1745,1.090,-0.173,0.371,0.003,-0.020,0.010,0.000,-0.000,0.000,0.00613,0.03066,-0.03599,0.00000,0.00000,0.00000,0,1.000
168356,-0.0561,0.2338,-0.1717,0.904,-0.350,0.627,-0.009,-0.015,0.006,0.000,-0.000,0.000,0.00030,0.02698,-0.02839,0.00000,0.00000,0.00000,0,1.000
168363,-0.0578,0.2318,-0.1680,0.775,-0.395,1.013,-0.005,-0.012,0.008,0.000,-0.000,0.000,-0.00486,0.02411,-0.01913,0.00000,0.00000,0.00000,0,1.000
168371,-0.0591,0.2295,-0.1644,0.185,-0.354,1.139,-0.014,-0.001,0.016,0.000,-0.000,0.000,-0.01822,0.03006,-0.01009,0.00000,0.00000,0.00000,0,1.000
168379,-0.0620,0.2249,-0.1571,0.322,-0.826,0.840,-0.011,0.010,0.029,0.000,-0.000,0.000,-0.00937,0.02365,-0.00920,0.00000,0.00000,0.00000,0,1.000
168387,-0.0705,0.2234,-0.1470,0.168,-0.889,0.000,-0.020,0.027,0.028,0.000,-0.000,0.000,-0.00701,0.03291,-0.01971,0.00000,0.00000,0.00000,0,1.000
168395,-0.0779,0.2176,-0.1340,-0.729,-1.322,-1.207,-0.013,0.020,0.035,0.000,-0.000,0.000,-0.00807,0.04060,-0.02502,0.00000,0.00000,0.00000,0,1.000
168403,-0.0822,0.2088,-0.1212,-1.290,-1.144,-1.459,-0.019,0.039,0.033,0.000,0.000,0.000,-0.01871,0.05102,-0.02337,0.00000,0.00000,0.00000,0,1.000
168410,-0.0785,0.1972,-0.1136,-0.794,-1.153,-1.206,-0.009,0.034,0.014,0.000,0.000,0.000,-0.01012,0.04174,-0.02450,0.00000,0.00000,0.00000,0,1.000
168418,-0.0697,0.1859,-0.1112,-0.611,-0.693,-1.004,-0.021,0.005,0.004,0.000,0.000,0.000,-0.01252,0.04046,-0.02741,0.00000,0.00000,0.00000,0,1.000
168425,-0.0496,0.1674,-0.1134,0.022,-0.717,-0.767,-0.020,0.004,-0.015,0.000,0.000,0.000,0.00063,0.02891,-0.03246,0.00000,0.00000,0.00000,0,1.000
168433,-0.0262,0.1523,-0.1221,0.897,-0.762,-1.069,-0.019,-0.014,-0.037,0.000,0.000,0.000,0.02384,0.01722,-0.04972,0.00000,0.00000,0.00000,0,1.000
168441,-0.0057,0.1440,-0.1346,1.482,-0.699,-1.611,0.001,-0.028,-0.031,0.000,0.000,0.000,0.04561,0.01428,-0.06684,0.00000,0.00000,0.00000,0,1.000
168449,0.0047,0.1423,-0.1433,0.985,-0.390,-2.164,0.016,-0.034,-0.036,0.000,0.000,0.000,0.04411,0.02765,-0.07679,0.00000,0.00000,0.00000,0,1.000
168457,0.0075,0.1475,-0.1512,0.756,0.132,-2.245,0.046,-0.034,-0.036,0.000,-0.000,0.000,0.04040,0.04066,-0.08234,0.00000,0.00000,0.00000,0,1.000
168465,0.0084,0.1487,-0.1532,0.245,-0.146,-2.090,0.053,-0.031,-0.031,0.000,-0.000,0.000,0.03327,0.03911,-0.07264,0.00000,0.00000,0.00000,0,1.000
168472,0.0086,0.1495,-0.1542,-0.466,-0.281,-1.879,0.056,-0.008,-0.021,0.000,-0.000,-0.000,0.02038,0.04417,-0.06041,0.00000,0.00000,0.00000,0,1.000
168480,0.0162,0.1456,-0.1580,-0.500,-0.447,-1.785,0.046,0.010,-0.015,0.000,-0.000,-0.000,0.02109,0.04282,-0.05707,0.00000,0.00000,0.00000,0,1.000
168488,0.0261,0.1477,-0.1699,-0.151,-0.449,-2.132,0.029,0.035,0.009,0.000,-0.000,-0.000,0.03035,0.04657,-0.06491,0.00000,0.00000,0.00000,0,1.000
168495,0.0378,0.1484,-0.1823,-0.156,-0.604,-2.288,-0.011,0.037,0.027,0.000,-0.000,-0.000,0.02938,0.04546,-0.06606,0.00000,0.00000,0.00000,0,1.000
168503,0.0494,0.1539,-0.1993,-0.062,-0.507,-2.797,-0.031,0.033,0.043,0.000,0.000,0.000,0.03445,0.05147,-0.07813,0.00000,0.00000,0.00000,0,1.000
168511,0.0486,0.1639,-0.2083,-0.298,-0.399,-2.775,-0.060,0.015,0.055,0.000,0.000,0.000,0.02691,0.05511,-0.07721,0.00000,0.00000,0.00000,0,1.000
168519,0.0502,0.1677,-0.2135,-0.489,-0.645,-2.761,-0.045,0.019,0.046,0.000,0.000,0.000,0.02693,0.05335,-0.07491,0.00000,0.00000,0.00000,0,1.000
168526,0.0464,0.1745,-0.2164,-0.939,-0.550,-2.406,-0.051,0.003,0.032,0.000,0.000,0.000,0.01424,0.05491,-0.06729,0.00000,0.00000,0.00000,0,1.000
168534,0.0470,0.1816,-0.2239,-1.144,-0.778,-2.290,-0.027,-0.002,0.000,0.000,0.000,0.000,0.01419,0.05230,-0.06768,0.00000,0.00000,0.00000,0,1.000
168542,0.0551,0.1879,-0.2381,-0.924,-0.997,-2.079,-0.035,-0.005,-0.028,0.000,0.000,0.000,0.01894,0.04568,-0.07120,0.00000,0.00000,0.00000,0,1.000
168549,0.0697,0.1935,-0.2582,-0.412,-0.676,-2.278,-0.029,-0.028,-0.027,0.000,0.000,0.000,0.03045,0.04660,-0.08595,0.00000,0.00000,0.00000,0,1.000
168557,0.0845,0.2022,-0.2814,0.091,-0.268,-2.131,-0.011,-0.036,-0.037,0.000,0.000,0.000,0.03991,0.04946,-0.09746,0.00000,0.00000,0.00000,0,1.000
168565,0.1001,0.2081,-0.3028,0.588,-0.102,-2.054,0.002,-0.056,-0.050,0.000,-0.000,0.000,0.05165,0.04723,-0.10743,0.00000,0.00000,0.00000,0,1.000
168572,0.1179,0.2099,-0.3224,1.020,-0.111,-1.632,0.019,-0.049,-0.051,0.000,-0.000,-0.000,0.06154,0.04068,-0.10838,0.00000,0.00000,0.00000,0,1.000
168580,0.1307,0.2125,-0.3377,0.693,-0.186,-1.018,0.024,-0.025,-0.056,0.000,-0.000,-0.000,0.05422,0.03987,-0.09790,0.00000,0.00000,0.00000,0,1.000
168588,0.1386,0.2134,-0.3465,0.608,-0.498,-0.726,0.049,-0.009,-0.045,0.000,-0.000,-0.000,0.05666,0.03491,-0.09075,0.00000,0.00000,0.00000,0,1.000
168596,0.1410,0.2163,-0.3517,0.450,-0.552,-0.091,0.053,0.009,-0.038,0.000,-0.000,-0.000,0.04923,0.03337,-0.07864,0.00000,0.00000,0.00000,0,1.000
168603,0.1440,0.2184,-0.3567,0.001,-0.543,0.348,0.066,0.025,-0.024,0.000,-0.000,-0.000,0.03861,0.03630,-0.06671,0.00000,0.00000,0.00000,0,1.000
168611,0.1479,0.2191,-0.3614,0.072,-0.472,0.418,0.044,0.060,0.011,0.000,-0.000,-0.000,0.03770,0.03955,-0.06257,0.00000,0.00000,0.00000,0,1.000
168619,0.1518,0.2179,-0.3640,0.266,-0.770,0.205,0.039,0.056,0.041,0.000,-0.000,-0.000,0.04562,0.03371,-0.06216,0.00000,0.00000,0.00000,0,1.000
168627,0.1515,0.2202,-0.3660,0.224,-1.002,0.057,0.003,0.055,0.066,0.000,0.000,-0.000,0.04336,0.03157,-0.06095,0.00000,0.00000,0.00000,0,1.000
168634,0.1532,0.2131,-0.3607,0.473,-1.300,0.105,-0.022,0.032,0.089,0.000,0.000,-0.000,0.04624,0.02019,-0.05783,0.00000,0.00000,0.00000,0,1.000
168642,0.1526,0.2057,-0.3529,0.557,-1.419,0.246,-0.030,0.028,0.076,0.000,0.000,0.000,0.04636,0.01423,-0.05382,0.00000,0.00000,0.00000,0,1.000
168650,0.1479,0.1992,-0.3419,0.612,-1.417,0.507,-0.040,0.004,0.071,0.000,0.000,0.000,0.04308,0.00684,-0.04757,0.00000,0.00000,0.00000,0,1.000
168657,0.1458,0.1912,-0.3321,0.590,-1.469,0.369,-0.048,-0.022,0.045,0.000,0.000,0.000,0.04364,0.00170,-0.04847,0.00000,0.00000,0.00000,0,1.000
168665,0.1467,0.1857,-0.3276,0.845,-1.437,0.400,-0.049,-0.032,0.017,0.000,0.000,0.000,0.04776,-0.00247,-0.05273,0.00000,0.00000,0.00000,0,1.000
168673,0.1481,0.1823,-0.3257,0.850,-0.979,0.253,-0.036,-0.052,0.007,0.000,-0.000,0.000,0.04683,0.00452,-0.06029,0.00000,0.00000,0.00000,0,1.000
168680,0.1555,0.1733,-0.3242,1.099,-0.845,-0.130,-0.029,-0.055,-0.034,0.000,-0.000,0.000,0.05598,0.00618,-0.07583,0.00000,0.00000,0.00000,0,1.000
168688,0.1658,0.1645,-0.3260,1.284,-0.712,-0.342,0.003,-0.059,-0.043,0.000,-0.000,0.000,0.06679,0.00663,-0.08369,0.00000,0.00000,0.00000,0,1.000
168696,0.1799,0.1539,-0.3299,1.519,-0.691,-0.493,0.022,-0.032,-0.039,0.000,-0.000,0.000,0.07753,0.00629,-0.08934,0.00000,0.00000,0.00000,0,1.000
168704,0.1934,0.1395,-0.3293,1.625,-0.543,-0.429,0.036,-0.019,-0.055,0.000,-0.000,0.000,0.08179,0.00623,-0.09173,0.00000,0.00000,0.00000,0,1.000
168712,0.2071,0.1274,-0.3312,1.731,-0.438,-0.323,0.046,-0.000,-0.028,0.000,-0.000,0.000,0.08519,0.00654,-0.09009,0.00000,0.00000,0.00000,0,1.000
168719,0.2218,0.1140,-0.3328,1.418,-0.359,0.016,0.045,0.007,-0.027,0.000,-0.000,-0.000,0.07895,0.00613,-0.08238,0.00000,0.00000,0.00000,0,1.000
168727,0.2391,0.0960,-0.3327,1.531,-0.142,0.321,0.055,0.026,-0.016,0.000,-0.000,-0.000,0.08025,0.00558,-0.07867,0.00000,0.00000,0.00000,0,1.000
168735,0.2549,0.0828,-0.3357,1.134,-0.031,0.606,0.046,0.034,0.005,0.000,-0.000,-0.000,0.07236,0.00668,-0.06849,0.00000,0.00000,0.00000,0,1.000
168742,0.2715,0.0701,-0.3399,0.986,0.172,0.551,0.016,0.035,0.011,0.000,-0.000,-0.000,0.06861,0.00963,-0.06969,0.00000,0.00000,0.00000,0,1.000
168750,0.2883,0.0603,-0.3470,0.639,0.605,0.465,0.032,0.034,0.036,0.000,-0.000,0.000,0.06510,0.01880,-0.06998,0.00000,0.00000,0.00000,0,1.000
168757,0.3053,0.0516,-0.3555,0.597,0.913,0.515,0.000,0.002,0.057,0.000,-0.000,0.000,0.06034,0.01795,-0.07121,0.00000,0.00000,0.00000,0,1.000
168765,0.3165,0.0458,-0.3613,0.279,0.794,0.741,-0.014,-0.009,0.052,0.000,-0.000,0.000,0.05408,0.01369,-0.06475,0.00000,0.00000,0.00000,0,1.000
168773,0.3243,0.0378,-0.3611,0.187,0.911,1.033,-0.039,-0.022,0.059,0.000,-0.000,0.000,0.04738,0.01062,-0.05927,0.00000,0.00000,0.00000,0,1.000
168781,0.3334,0.0295,-0.3622,-0.039,1.173,1.209,-0.035,-0.028,0.035,0.000,-0.000,0.000,0.04216,0.01336,-0.05849,0.00000,0.00000,0.00000,0,1.000
168789,0.3372,0.0276,-0.3642,-0.443,1.216,1.252,-0.041,-0.023,0.010,0.000,-0.000,0.000,0.03490,0.01753,-0.05812,0.00000,0.00000,0.00000,0,1.000
168797,0.3344,0.0276,-0.3614,-0.987,1.161,1.111,-0.027,-0.007,-0.008,0.000,-0.000,0.000,0.02829,0.02478,-0.05751,0.00000,0.00000,0.00000,0,1.000
168804,0.3244,0.0340,-0.3575,-1.562,1.270,1.048,-0.030,0.001,-0.016,0.000,-0.000,0.000,0.01571,0.03476,-0.05474,0.00000,0.00000,0.00000,0,1.000
168812,0.3141,0.0388,-0.3520,-2.007,1.295,0.728,0.001,0.022,-0.039,0.000,-0.000,0.000,0.01317,0.04577,-0.05833,0.00000,0.00000,0.00000,0,1.000
168820,0.2989,0.0511,-0.3487,-2.368,1.461,0.289,0.003,0.012,-0.048,0.000,-0.000,0.000,0.00690,0.05665,-0.06389,0.00000,0.00000,0.00000,0,1.000
168827,0.2819,0.0601,-0.3404,-2.729,1.324,0.153,0.008,0.029,-0.046,0.000,-0.000,0.000,0.00041,0.06255,-0.06000,0.00000,0.00000,0.00000,0,1.000
168835,0.2588,0.0732,-0.3301,-2.800,1.253,0.083,0.022,0.027,-0.036,0.000,-0.000,0.000,-0.00227,0.06482,-0.05697,0.00000,0.00000,0.00000,0,1.000
168843,0.2372,0.0815,-0.3166,-2.757,1.029,-0.053,0.021,0.048,-0.035,0.000,0.000,0.000,-0.00313,0.06542,-0.05507,0.00000,0.00000,0.00000,0,1.000
168850,0.2147,0.0927,-0.3051,-2.849,0.820,-0.175,0.021,0.030,-0.023,0.000,0.000,0.000,-0.00640,0.06402,-0.05059,0.00000,0.00000,0.00000,0,1.000
168858,0.1870,0.1096,-0.2938,-2.687,0.686,-0.309,-0.002,0.005,-0.001,0.000,0.000,0.000,-0.01036,0.06122,-0.04725,0.00000,0.00000,0.00000,0,1.000
168866,0.1619,0.1237,-0.2823,-2.615,0.601,-0.824,-0.003,-0.011,0.010,0.000,0.000,0.000,-0.00902,0.06375,-0.05180,0.00000,0.00000,0.00000,0,1.000
168873,0.1382,0.1387,-0.2733,-2.142,0.629,-0.796,-0.023,-0.038,0.038,0.000,0.000,0.000,-0.00931,0.05962,-0.05003,0.00000,0.00000,0.00000,0,1.000
168881,0.1115,0.1623,-0.2695,-1.959,0.548,-0.792,-0.028,-0.059,0.043,0.000,-0.000,0.000,-0.01146,0.05991,-0.04951,0.00000,0.00000,0.00000,0,1.000
168889,0.0900,0.1837,-0.2690,-1.535,0.687,-0.827,-0.038,-0.049,0.044,0.000,-0.000,0.000,-0.01066,0.06431,-0.05495,0.00000,0.00000,0.00000,0,1.000
168896,0.0668,0.2068,-0.2683,-1.479,0.578,-1.196,-0.039,-0.044,0.045,0.000,-0.000,0.000,-0.01029,0.07011,-0.06052,0.00000,0.00000,0.00000,0,1.000
168904,0.0500,0.2258,-0.2700,-1.402,0.348,-1.255,-0.039,-0.031,0.028,0.000,-0.000,0.000,-0.00978,0.07112,-0.06231,0.00000,0.00000,0.00000,0,1.000
168912,0.0369,0.2392,-0.2699,-0.969,0.141,-1.375,-0.028,-0.001,0.010,0.000,-0.000,0.000,-0.00119,0.07184,-0.06923,0.00000,0.00000,0.00000,0,1.000
168919,0.0241,0.2517,-0.2692,-0.871,-0.080,-1.252,-0.018,0.020,-0.013,0.000,-0.000,0.000,0.00001,0.07192,-0.06990,0.00000,0.00000,0.00000,0,1.000
168927,0.0140,0.2625,-0.2697,-0.221,-0.178,-0.747,-0.013,0.048,-0.024,0.000,-0.000,0.000,0.00589,0.06572,-0.06810,0.00000,0.00000,0.00000,0,1.000
168935,0.0107,0.2705,-0.2742,0.104,-0.162,-0.559,0.005,0.067,-0.044,0.000,-0.000,0.000,0.01170,0.06449,-0.07127,0.00000,0.00000,0.00000,0,1.000
168943,0.0080,0.2779,-0.2786,0.409,-0.026,-0.682,0.020,0.061,-0.060,0.000,0.000,0.000,0.01878,0.06669,-0.07926,0.00000,0.00000,0.00000,0,1.000
168951,0.0089,0.2863,-0.2877,0.784,0.095,-0.650,0.037,0.044,-0.051,0.000,0.000,0.000,0.02606,0.06599,-0.08452,0.00000,0.00000,0.00000,0,1.000
168958,0.0124,0.2922,-0.2969,1.039,0.256,-0.748,0.040,0.015,-0.037,0.000,0.000,0.000,0.03103,0.06526,-0.09054,0.00000,0.00000,0.00000,0,1.000
168966,0.0187,0.2926,-0.3037,1.414,0.074,-0.413,0.040,-0.012,-0.031,0.000,0.000,-0.000,0.03726,0.05179,-0.08726,0.00000,0.00000,0.00000,0,1.000
168974,0.0299,0.2902,-0.3126,1.599,-0.181,-0.237,0.044,-0.045,-0.007,0.000,0.000,-0.000,0.04372,0.03958,-0.08201,0.00000,0.00000,0.00000,0,1.000
168982,0.0387,0.2852,-0.3165,1.599,-0.483,0.065,0.040,-0.061,-0.002,0.000,-0.000,-0.000,0.04514,0.02947,-0.07431,0.00000,0.00000,0.00000,0,1.000
168989,0.0476,0.2782,-0.3186,1.421,-0.374,0.346,0.028,-0.066,0.002,0.000,-0.000,-0.000,0.03913,0.02892,-0.06849,0.00000,0.00000,0.00000,0,1.000
168997,0.0567,0.2696,-0.3192,1.087,-0.605,0.806,0.009,-0.054,0.016,0.000,-0.000,-0.000,0.03033,0.02252,-0.05350,0.00000,0.00000,0.00000,0,1.000
169005,0.0673,0.2621,-0.3226,0.803,-0.516,0.894,-0.011,-0.050,0.024,0.000,-0.000,-0.000,0.02278,0.02453,-0.04971,0.00000,0.00000,0.00000,0,1.000
169013,0.0797,0.2554,-0.3285,0.620,-0.304,0.760,-0.035,-0.023,0.037,0.000,-0.000,0.000,0.01822,0.03251,-0.05191,0.00000,0.00000,0.00000,0,1.000
169021,0.0924,0.2466,-0.3326,0.551,-0.418,0.732,-0.029,0.001,0.042,0.000,-0.000,0.000,0.02135,0.03298,-0.05139,0.00000,0.00000,0.00000,0,1.000
169028,0.1053,0.2349,-0.3341,0.502,-0.394,0.756,-0.039,0.019,0.049,0.000,-0.000,0.000,0.02158,0.03400,-0.05056,0.00000,0.00000,0.00000,0,1.000
169036,0.1164,0.2221,-0.3327,0.483,-0.318,0.488,-0.041,0.022,0.033,0.000,-0.000,0.000,0.02520,0.03571,-0.05681,0.00000,0.00000,0.00000,0,1.000
169043,0.1239,0.2132,-0.3316,0.363,-0.451,0.528,-0.038,0.028,0.032,0.000,-0.000,0.000,0.02573,0.03288,-0.05381,0.00000,0.00000,0.00000,0,1.000
169051,0.1282,0.2005,-0.3235,0.293,-0.695,0.631,-0.021,0.057,0.012,0.000,-0.000,0.000,0.02848,0.02803,-0.05058,0.00000,0.00000,0.00000,0,1.000
169059,0.1312,0.1904,-0.3166,0.088,-0.579,0.403,-0.024,0.064,0.010,0.000,-0.000,0.000,0.02618,0.03207,-0.05254,0.00000,0.00000,0.00000,0,1.000
169066,0.1306,0.1807,-0.3066,-0.126,-0.506,0.650,0.026,0.051,0.003,0.000,0.000,0.000,0.02701,0.03022,-0.04634,0.00000,0.00000,0.00000,0,1.000
169074,0.1282,0.1731,-0.2969,-0.071,-0.333,0.738,0.014,0.022,-0.010,0.000,0.000,0.000,0.02389,0.02765,-0.04664,0.00000,0.00000,0.00000,0,1.000
169082,0.1267,0.1675,-0.2899,-0.220,-0.129,0.683,0.049,-0.002,-0.024,0.000,0.000,0.000,0.02385,0.02810,-0.04856,0.00000,0.00000,0.00000,0,1.000
169090,0.1246,0.1671,-0.2874,0.044,-0.141,0.326,0.049,-0.013,-0.014,0.000,0.000,0.000,0.03124,0.02683,-0.05499,0.00000,0.00000,0.00000,0,1.000
169097,0.1239,0.1623,-0.2820,-0.127,0.226,-0.082,0.063,-0.033,-0.014,0.000,0.000,0.000,0.02969,0.03464,-0.06239,0.00000,0.00000,0.00000,0,1.000
169105,0.1192,0.1627,-0.2778,-0.092,0.391,-0.176,0.036,-0.042,-0.010,0.000,-0.000,0.000,0.02689,0.03742,-0.06411,0.00000,0.00000,0.00000,0,1.000
169113,0.1152,0.1653,-0.2763,-0.119,0.269,-0.556,0.033,-0.036,-0.005,0.000,-0.000,0.000,0.02976,0.03975,-0.06824,0.00000,0.00000,0.00000,0,1.000
169120,0.1107,0.1637,-0.2702,-0.340,0.316,-0.594,0.021,-0.020,0.004,0.000,-0.000,0.000,0.02338,0.04438,-0.06445,0.00000,0.00000,0.00000,0,1.000
169128,0.1048,0.1668,-0.2672,-0.334,0.342,-0.308,-0.006,-0.002,0.003,0.000,-0.000,0.000,0.01519,0.04598,-0.05939,0.00000,0.00000,0.00000,0,1.000
169136,0.1010,0.1706,-0.2671,-0.455,0.382,-0.440,-0.022,0.003,-0.003,0.000,-0.000,0.000,0.01083,0.05045,-0.06170,0.00000,0.00000,0.00000,0,1.000
169143,0.0974,0.1733,-0.2662,-0.420,0.331,-0.318,-0.024,0.019,-0.004,0.000,-0.000,0.000,0.00971,0.05125,-0.05963,0.00000,0.00000,0.00000,0,1.000
169151,0.1023,0.1772,-0.2748,-0.836,0.280,-0.801,-0.022,0.033,-0.004,0.000,-0.000,0.000,0.00864,0.06054,-0.06552,0.00000,0.00000,0.00000,0,1.000
169159,0.1035,0.1837,-0.2824,-0.686,0.248,-0.920,-0.026,0.037,-0.009,0.000,-0.000,0.000,0.01227,0.06148,-0.07096,0.00000,0.00000,0.00000,0,1.000
# gArmed = TRUE
169167,0.1059,0.1875,-0.2886,-0.870,0.460,-1.053,-0.023,0.029,0.000,0.000,0.000,0.000,0.00943,0.06786,-0.07312,0.00943,0.06786,-0.07312,1,1.000
169174,0.0967,0.1535,-0.2463,-1.469,-2.697,2.702,0.076,0.426,-0.487,0.000,0.000,-0.000,0.00153,-0.01638,0.02077,0.00153,-0.01638,0.02077,1,1.000
169182,0.0917,0.1514,-0.2391,-1.821,-3.503,5.342,0.218,1.065,-1.245,0.000,0.001,-0.001,-0.02096,-0.04616,0.07227,-0.02096,-0.04616,0.07227,1,1.000
169190,0.1221,0.2584,-0.3738,-0.864,1.336,-1.933,0.134,0.663,-0.683,0.000,0.002,-0.002,0.02553,0.11379,-0.12000,0.02553,0.11379,-0.12000,1,1.000
169198,0.1236,0.2400,-0.3573,-0.138,1.706,-5.779,0.059,0.574,-0.365,0.001,0.002,-0.002,0.06729,0.12000,-0.12000,0.06729,0.12000,-0.12000,1,1.000
169206,0.0649,0.1384,-0.1996,-2.584,-5.181,2.813,0.676,2.044,-1.656,0.001,0.003,-0.003,-0.00514,-0.04844,0.04953,-0.00514,-0.04844,0.04953,1,1.000
169213,0.0635,0.1070,-0.1676,-3.034,-7.155,8.515,1.073,3.210,-2.614,0.002,0.006,-0.005,-0.04906,-0.12000,0.12000,-0.04906,-0.12000,0.12000,1,1.000
169221,0.1115,0.2752,-0.3795,2.097,4.120,-3.131,0.512,2.219,-1.603,0.002,0.008,-0.007,0.05760,0.12000,-0.12000,0.05760,0.12000,-0.12000,1,1.000
169229,0.1080,0.3183,-0.4180,2.468,8.216,-8.868,0.195,1.487,-1.093,0.002,0.009,-0.007,0.08160,0.12000,-0.12000,0.08160,0.12000,-0.12000,1,1.000
169236,0.0124,0.1917,-0.1991,-2.158,-0.429,2.816,1.025,2.899,-2.688,0.003,0.011,-0.009,-0.04773,0.05077,-0.00264,-0.04773,0.05077,-0.00264,1,1.000
169244,0.0298,0.0519,-0.0804,-1.594,-8.973,13.967,1.285,4.345,-4.097,0.004,0.014,-0.012,-0.06310,-0.12000,0.12000,-0.06310,-0.12000,0.12000,1,1.000
169252,0.0778,0.1663,-0.2398,4.273,-2.465,4.977,0.473,3.904,-3.497,0.005,0.017,-0.015,0.07172,-0.05519,-0.01849,0.07172,-0.05519,-0.01849,1,1.000
169260,0.0486,0.4065,-0.4445,3.323,12.600,-11.674,0.201,1.971,-2.083,0.005,0.019,-0.017,0.07555,0.12000,-0.12000,0.07555,0.12000,-0.12000,1,1.000
169267,-0.0209,0.3463,-0.3163,-3.300,7.610,-3.763,1.071,1.828,-2.777,0.005,0.021,-0.019,-0.07540,0.12000,-0.12000,-0.07540,0.12000,-0.12000,1,1.000
169275,0.0015,0.1187,-0.1172,0.471,-7.904,12.102,1.261,3.250,-4.553,0.007,0.023,-0.022,-0.01619,-0.12000,0.12000,-0.01619,-0.12000,0.12000,1,1.000
169283,0.0344,0.0269,-0.0606,3.362,-11.480,13.526,0.720,4.560,-5.675,0.007,0.026,-0.027,0.05617,-0.12000,0.12000,0.05617,-0.12000,0.12000,1,1.000
169290,0.0433,0.2159,-0.2536,-0.387,2.490,-3.458,0.735,3.136,-4.236,0.008,0.029,-0.030,0.02942,0.12000,-0.12000,0.02942,0.12000,-0.12000,1,1.000
169298,0.0215,0.3480,-0.3605,-3.075,8.570,-12.664,1.477,1.425,-3.176,0.009,0.031,-0.033,0.01541,0.12000,-0.12000,0.01541,0.12000,-0.12000,1,1.000
169306,0.0267,0.2085,-0.2298,0.896,0.150,-3.778,1.724,2.452,-4.402,0.010,0.032,-0.036,0.07655,0.09662,-0.12000,0.07655,0.09662,-0.12000,1,1.000
169313,0.0379,0.0314,-0.0685,1.824,-10.981,9.806,1.686,4.216,-6.143,0.011,0.035,-0.041,0.06597,-0.12000,0.12000,0.06597,-0.12000,0.12000,1,1.000
169321,0.0021,0.0615,-0.0620,-2.738,-4.574,6.695,2.457,4.390,-6.681,0.013,0.039,-0.046,-0.04274,-0.06463,0.11180,-0.04274,-0.06463,0.11180,1,1.000
169329,0.0464,0.2322,-0.2725,-2.885,8.128,-10.510,3.056,2.796,-5.082,0.016,0.042,-0.050,0.01231,0.12000,-0.12000,0.01231,0.12000,-0.12000,1,1.000
169336,0.1413,0.1778,-0.3144,2.488,2.797,-14.784,2.623,2.767,-4.132,0.018,0.044,-0.054,0.12000,0.12000,-0.12000,0.12000,0.12000,-0.12000,1,1.000
169344,0.0650,0.0039,-0.0688,1.117,-6.236,-3.219,3.146,4.459,-5.532,0.020,0.047,-0.058,0.12000,-0.06246,-0.08404,0.12000,-0.06246,-0.08404,1,1.000
169351,-0.0733,-0.0462,0.1184,-9.194,-7.455,11.802,4.719,5.612,-7.430,0.023,0.051,-0.063,-0.12000,-0.12000,0.12000,-0.12000,-0.12000,0.12000,1,1.000
169359,-0.0029,0.0844,-0.0793,-3.107,3.129,6.021,4.942,4.687,-7.503,0.027,0.055,-0.069,-0.10504,0.08357,0.01652,-0.10504,0.08357,0.01652,1,1.000
169367,0.1741,0.1989,-0.3679,11.319,8.988,-12.151,3.259,3.458,-5.873,0.030,0.058,-0.074,0.12000,0.12000,-0.12000,0.12000,0.12000,-0.12000,1,1.000
169375,0.1396,0.1361,-0.2722,5.443,0.618,-6.680,3.253,4.415,-6.569,0.033,0.061,-0.079,0.12000,0.08535,-0.12000,0.12000,0.08535,-0.12000,1,1.000
169382,0.0204,0.0623,-0.0812,-5.876,-5.670,6.911,4.951,5.911,-8.648,0.036,0.065,-0.086,-0.08033,-0.05644,0.12000,-0.08033,-0.05644,0.12000,1,1.000
169390,-0.0413,0.0698,-0.0266,-7.597,-5.446,12.216,6.026,6.267,-9.835,0.041,0.070,-0.093,-0.12000,-0.07925,0.12000,-0.12000,-0.07925,0.12000,1,1.000
169398,0.0621,0.2110,-0.2676,3.852,4.558,-3.634,4.858,5.294,-8.097,0.045,0.075,-0.100,0.10309,0.12000,-0.12000,0.10309,0.12000,-0.12000,1,1.000
169406,0.0828,0.2229,-0.2999,4.469,3.839,-8.397,3.972,5.120,-7.653,0.048,0.079,-0.106,0.12000,0.12000,-0.12000,0.12000,0.12000,-0.12000,1,1.000
169414,-0.0383,0.1228,-0.0813,-5.041,-3.741,3.830,5.511,6.496,-9.275,0.052,0.084,-0.113,-0.06576,0.01227,0.03955,-0.06576,0.01227,0.03955,1,1.000
169421,-0.0666,0.0363,0.0312,-5.439,-8.794,11.819,6.787,7.958,-10.887,0.058,0.090,-0.121,-0.10613,-0.12000,0.12000,-0.10613,-0.12000,0.12000,1,1.000
169429,0.0314,0.1110,-0.1395,4.195,-1.659,0.442,5.825,7.812,-9.746,0.062,0.096,-0.129,0.11414,0.00355,-0.12000,0.11414,0.00355,-0.12000,1,1.000
169437,0.0572,0.2450,-0.2958,5.209,9.137,-12.954,4.733,6.516,-8.123,0.066,0.101,-0.136,0.12000,0.12000,-0.12000,0.12000,0.12000,-0.12000,1,1.000
169444,-0.0545,0.1999,-0.1402,-3.624,3.470,-2.788,6.074,7.247,-9.276,0.071,0.107,-0.143,-0.05042,0.12000,-0.12000,-0.05042,0.12000,-0.12000,1,1.000
169452,-0.0479,0.0324,0.0164,-2.413,-8.470,11.112,7.060,9.076,-10.971,0.076,0.113,-0.151,-0.05320,-0.12000,0.12000,-0.05320,-0.12000,0.12000,1,1.000
169460,0.0148,0.0471,-0.0606,3.939,-9.884,9.664,6.198,10.410,-11.352,0.081,0.121,-0.160,0.08713,-0.12000,0.08509,0.08713,-0.12000,0.08509,1,1.000
169467,-0.0050,0.2930,-0.2803,0.438,4.965,-7.390,6.177,9.072,-9.589,0.086,0.129,-0.168,0.04931,0.12000,-0.12000,0.04931,0.12000,-0.12000,1,1.000
169475,-0.0403,0.2897,-0.2418,-5.410,6.798,-7.605,7.302,8.478,-9.388,0.092,0.136,-0.176,-0.06838,0.12000,-0.12000,-0.06838,0.12000,-0.12000,1,1.000
169483,-0.0004,0.0759,-0.0736,2.178,-3.369,2.475,7.421,10.138,-11.056,0.098,0.143,-0.184,0.06432,-0.02785,-0.08580,0.06432,-0.02785,-0.08580,1,1.000
169490,-0.0055,-0.0614,0.0653,3.410,-11.291,12.866,7.039,11.889,-12.830,0.103,0.152,-0.194,0.05742,-0.12000,0.12000,0.05742,-0.12000,0.12000,1,1.000
169498,-0.0144,0.0972,-0.0802,-1.343,-0.915,5.238,7.871,11.151,-12.926,0.109,0.161,-0.204,-0.03872,0.03624,-0.03886,-0.03872,0.03624,-0.03886,1,1.000
169506,0.0876,0.2582,-0.3391,0.982,10.767,-12.893,7.716,9.568,-11.492,0.115,0.169,-0.213,0.08809,0.12000,-0.12000,0.08809,0.12000,-0.12000,1,1.000
169513,0.0761,0.1522,-0.2243,2.433,3.008,-7.749,7.526,10.166,-12.471,0.121,0.177,-0.223,0.12000,0.12000,-0.12000,0.12000,0.12000,-0.12000,1,1.000
169521,-0.0432,0.0102,0.0332,-3.325,-5.458,5.839,8.702,11.637,-14.842,0.128,0.186,-0.234,-0.03544,-0.04699,0.04208,-0.03544,-0.04699,0.04208,1,1.000
169529,-0.0878,-0.0622,0.1484,-7.940,-9.019,14.968,9.606,12.170,-16.886,0.135,0.195,-0.247,-0.12000,-0.12000,0.12000,-0.12000,-0.12000,0.12000,1,1.000
169537,0.0361,0.0743,-0.1085,5.034,4.971,-4.068,8.526,10.821,-15.958,0.142,0.204,-0.260,0.12000,0.12000,-0.12000,0.12000,0.12000,-0.12000,1,1.000
169544,0.0695,0.1770,-0.2419,3.661,6.934,-13.854,7.548,9.628,-14.550,0.148,0.212,-0.271,0.12000,0.12000,-0.12000,0.12000,0.12000,-0.12000,1,1.000
169552,-0.0467,0.0853,-0.0364,-4.513,1.397,-4.585,8.880,10.610,-15.639,0.155,0.220,-0.283,-0.00837,0.12000,-0.12000,-0.00837,0.12000,-0.12000,1,1.000
169560,-0.1153,-0.0592,0.1730,-5.641,-7.719,9.464,10.328,12.122,-17.226,0.163,0.229,-0.296,-0.09050,-0.10896,0.12000,-0.09050,-0.10896,0.12000,1,1.000
169568,-0.0671,-0.0699,0.1351,1.768,-4.993,6.729,9.786,12.575,-17.085,0.171,0.239,-0.310,0.04328,-0.09799,0.01386,0.04328,-0.09799,0.01386,1,1.000
169576,-0.0152,0.1286,-0.1101,4.699,7.967,-9.794,8.713,11.187,-14.833,0.178,0.248,-0.322,0.12000,0.12000,-0.12000,0.12000,0.12000,-0.12000,1,1.000
169583,-0.1216,0.1489,-0.0234,-3.255,8.293,-7.453,9.490,10.792,-14.845,0.185,0.256,-0.334,-0.04099,0.12000,-0.12000,-0.04099,0.12000,-0.12000,1,1.000
169591,-0.1453,-0.0419,0.1862,-2.119,-0.559,2.479,10.593,12.526,-16.351,0.193,0.266,-0.346,-0.04212,0.05082,-0.05485,-0.04212,0.05082,-0.05485,1,1.000
169599,-0.1089,-0.1783,0.2825,3.581,-10.155,12.400,10.242,14.453,-18.237,0.201,0.277,-0.360,0.05394,-0.12000,0.12000,0.05394,-0.12000,0.12000,1,1.000
169607,-0.1246,0.0063,0.1185,1.275,-0.391,2.516,10.406,14.384,-18.570,0.209,0.288,-0.375,0.02106,0.05034,-0.11185,0.02106,0.05034,-0.11185,1,1.000
169614,-0.0948,0.2198,-0.1192,-2.075,12.575,-13.125,11.029,13.134,-18.126,0.218,0.299,-0.389,0.00742,0.12000,-0.12000,0.00742,0.12000,-0.12000,1,1.000
169622,-0.0909,0.1203,-0.0262,-0.058,4.586,-5.887,11.369,14.087,-20.184,0.227,0.309,-0.404,0.05224,0.12000,-0.12000,0.05224,0.12000,-0.12000,1,1.000
169630,-0.1072,-0.0276,0.1341,1.364,-7.044,5.905,11.869,16.274,-22.805,0.236,0.322,-0.422,0.06845,-0.08989,-0.01807,0.06845,-0.08989,-0.01807,1,1.000
169638,-0.1597,-0.0109,0.1704,-5.820,-6.233,11.965,12.844,16.881,-24.105,0.246,0.335,-0.440,-0.12000,-0.05886,0.12000,-0.12000,-0.05886,0.12000,1,1.000
169646,-0.0573,0.1466,-0.0855,2.283,7.091,-5.233,12.836,15.043,-22.507,0.256,0.347,-0.458,0.08148,0.12000,-0.12000,0.08148,0.12000,-0.12000,1,1.000
169653,0.0376,0.2026,-0.2350,5.469,3.949,-12.783,11.420,14.511,-20.617,0.265,0.359,-0.475,0.12000,0.12000,-0.12000,0.12000,0.12000,-0.12000,1,1.000
169661,-0.0181,0.0871,-0.0667,-0.722,-2.869,-4.109,12.260,15.686,-21.180,0.274,0.371,-0.491,0.10059,0.10188,-0.12000,0.10059,0.10188,-0.12000,1,1.000
169669,-0.1236,-0.0133,0.1366,-8.571,-8.831,9.807,13.616,16.913,-22.752,0.285,0.383,-0.509,-0.12000,-0.07296,0.12000,-0.12000,-0.07296,0.12000,1,1.000
169676,-0.0752,0.0104,0.0651,-4.566,-5.201,11.160,13.886,17.159,-24.297,0.296,0.397,-0.527,-0.08439,-0.04168,0.07707,-0.08439,-0.04168,0.07707,1,1.000
169684,0.0894,0.1657,-0.2508,6.875,5.708,-8.019,12.234,16.165,-23.977,0.306,0.410,-0.546,0.12000,0.12000,-0.12000,0.12000,0.12000,-0.12000,1,1.000
169692,0.0636,0.1198,-0.1803,1.609,2.260,-8.503,11.891,16.861,-25.112,0.315,0.423,-0.565,0.12000,0.12000,-0.12000,0.12000,0.12000,-0.12000,1,1.000
169699,-0.0635,0.0064,0.0573,-4.995,-2.400,1.385,13.395,19.046,-27.422,0.325,0.437,-0.586,-0.01582,0.11386,-0.12000,-0.01582,0.11386,-0.12000,1,1.000
169707,-0.0947,-0.1262,0.2176,-6.071,-8.699,11.507,14.490,21.237,-28.556,0.336,0.453,-0.609,-0.08485,-0.09617,0.12000,-0.08485,-0.09617,0.12000,1,1.000
169715,-0.0071,-0.1022,0.1067,2.384,-5.490,8.725,14.141,22.393,-27.389,0.347,0.471,-0.630,0.06049,-0.07968,-0.05185,0.06049,-0.07968,-0.05185,1,1.000
169723,0.0739,0.1446,-0.2148,5.764,9.182,-11.016,13.870,20.894,-24.648,0.358,0.487,-0.650,0.12000,0.12000,-0.12000,0.12000,0.12000,-0.12000,1,1.000
169731,-0.0124,0.1715,-0.1546,-2.460,9.866,-8.235,15.483,20.199,-25.381,0.370,0.503,-0.670,0.00202,0.12000,-0.12000,0.00202,0.12000,-0.12000,1,1.000
169738,-0.0163,0.0068,0.0097,-2.217,-2.417,6.023,17.059,20.935,-28.180,0.383,0.519,-0.691,-0.00571,0.04719,-0.11221,-0.00571,0.04719,-0.11221,1,1.000
169746,0.0179,-0.1449,0.1232,0.399,-11.681,15.419,17.399,21.619,-32.079,0.396,0.536,-0.715,0.06006,-0.12000,0.11780,0.06006,-0.12000,0.11780,1,1.000
169754,-0.0289,-0.0479,0.0756,-0.385,0.055,7.958,17.900,20.899,-34.407,0.410,0.553,-0.742,0.02441,0.06867,-0.11298,0.02441,0.06867,-0.11298,1,1.000
169761,-0.0010,0.1258,-0.1215,-1.943,8.626,-7.934,18.499,19.740,-32.655,0.424,0.568,-0.768,0.07181,0.12000,-0.12000,0.07181,0.12000,-0.12000,1,1.000
169769,0.0113,0.0696,-0.0791,0.278,2.873,-6.413,18.370,21.325,-31.902,0.439,0.584,-0.793,0.12000,0.12000,-0.12000,0.12000,0.12000,-0.12000,1,1.000
169777,-0.0320,-0.0303,0.0615,-2.206,-4.792,1.833,18.919,24.073,-32.171,0.453,0.602,-0.818,0.05713,0.05024,-0.12000,0.05713,0.05024,-0.12000,1,1.000
169785,-0.0824,-0.0640,0.1448,-7.952,-9.303,9.660,19.774,26.691,-34.735,0.469,0.623,-0.844,-0.08309,-0.04067,0.03317,-0.08309,-0.04067,0.03317,1,1.000
169793,-0.0225,0.0148,0.0080,-0.341,-1.068,3.013,19.602,27.252,-37.833,0.484,0.644,-0.873,0.06550,0.12000,-0.12000,0.06550,0.12000,-0.12000,1,1.000
169801,-0.0021,0.0860,-0.0816,3.002,4.097,-4.437,19.279,26.381,-39.364,0.499,0.665,-0.904,0.12000,0.12000,-0.12000,0.12000,0.12000,-0.12000,1,1.000
169808,-0.0675,0.0598,0.0093,-1.298,2.097,-2.790,20.883,26.600,-38.932,0.515,0.685,-0.934,0.07755,0.12000,-0.12000,0.07755,0.12000,-0.12000,1,1.000
169816,-0.1085,0.0281,0.0812,-5.579,-1.704,1.274,23.287,27.257,-37.626,0.533,0.706,-0.964,-0.01954,0.12000,-0.12000,-0.01954,0.12000,-0.12000,1,1.000
169824,-0.0695,-0.0445,0.1128,-2.482,-6.178,6.986,24.480,28.843,-38.985,0.552,0.729,-0.994,0.02694,0.00235,-0.12000,0.02694,0.00235,-0.12000,1,1.000
169831,-0.0504,-0.0090,0.0591,2.750,-3.060,5.508,24.304,31.006,-44.066,0.571,0.752,-1.027,0.12000,0.06155,-0.12000,0.12000,0.06155,-0.12000,1,1.000
169839,-0.1378,0.1148,0.0260,-2.197,6.275,3.343,24.702,32.265,-48.240,0.590,0.777,-1.064,-0.01688,0.12000,-0.12000,-0.01688,0.12000,-0.12000,1,1.000
169846,-0.1068,0.0997,0.0097,-1.800,5.818,2.027,24.390,33.534,-47.241,0.609,0.803,-1.101,-0.00212,0.12000,-0.12000,-0.00212,0.12000,-0.12000,1,1.000
169854,-0.0435,0.0390,0.0055,4.841,-0.696,1.476,23.198,33.638,-45.534,0.627,0.830,-1.137,0.12000,0.12000,-0.12000,0.12000,0.12000,-0.12000,1,1.000
169862,-0.1385,0.0268,0.1124,0.957,-5.354,3.041,23.508,33.068,-49.447,0.645,0.855,-1.174,0.12000,0.09304,-0.12000,0.12000,0.09304,-0.12000,1,1.000
169870,-0.2442,0.0394,0.2058,-6.568,-4.186,4.643,25.711,33.833,-54.991,0.665,0.881,-1.216,-0.00156,0.12000,-0.12000,-0.00156,0.12000,-0.12000,1,1.000
169877,-0.2566,0.0050,0.2518,-4.603,-4.140,5.380,28.095,37.028,-53.637,0.686,0.910,-1.259,-0.00469,0.12000,-0.12000,-0.00469,0.12000,-0.12000,1,1.000
169885,-0.2111,-0.0364,0.2466,1.945,-4.737,3.656,29.202,41.291,-51.466,0.709,0.941,-1.299,0.09773,0.09145,-0.12000,0.09773,0.09145,-0.12000,1,1.000
169893,-0.2768,0.0118,0.2653,0.921,-2.624,1.618,29.667,42.738,-57.319,0.732,0.974,-1.342,0.09621,0.12000,-0.12000,0.09621,0.12000,-0.12000,1,1.000
169901,-0.3407,0.0370,0.3047,-2.791,-0.484,-0.298,30.172,41.433,-62.494,0.756,1.007,-1.391,0.06031,0.12000,-0.12000,0.06031,0.12000,-0.12000,1,1.000
169908,-0.3558,0.0159,0.3404,-2.000,-0.869,-1.022,29.713,41.665,-59.082,0.779,1.039,-1.438,0.05707,0.12000,-0.12000,0.05707,0.12000,-0.12000,1,1.000
169916,-0.3238,-0.0254,0.3486,0.127,-2.092,-0.342,29.437,45.586,-60.871,0.802,1.074,-1.484,0.09150,0.12000,-0.12000,0.09150,0.12000,-0.12000,1,1.000
169924,-0.3069,-0.0663,0.3715,0.622,-2.378,0.930,30.469,49.433,-67.467,0.825,1.112,-1.536,0.11344,0.12000,-0.12000,0.11344,0.12000,-0.12000,1,1.000
169931,-0.3215,-0.0969,0.4160,-2.054,-2.624,1.208,33.382,48.388,-63.597,0.850,1.150,-1.587,0.04750,0.12000,-0.12000,0.04750,0.12000,-0.12000,1,1.000
169939,-0.2869,-0.1454,0.4285,-0.803,-2.052,1.181,35.723,46.253,-63.195,0.878,1.186,-1.635,0.08285,0.12000,-0.12000,0.08285,0.12000,-0.12000,1,1.000
169947,-0.2482,-0.1938,0.4369,1.699,-1.644,0.385,35.906,49.575,-72.285,0.906,1.224,-1.690,0.12000,0.12000,-0.12000,0.12000,0.12000,-0.12000,1,1.000
169954,-0.2511,-0.2152,0.4607,-0.206,-0.735,0.005,35.178,55.671,-69.820,0.934,1.266,-1.746,0.08446,0.12000,-0.12000,0.08446,0.12000,-0.12000,1,1.000
169962,-0.2321,-0.2244,0.4507,-1.674,0.382,-0.173,35.360,56.026,-69.080,0.961,1.310,-1.799,0.04861,0.12000,-0.12000,0.04861,0.12000,-0.12000,1,1.000
169970,-0.1732,-0.2514,0.4181,1.979,0.339,0.129,37.094,54.110,-77.425,0.989,1.353,-1.858,0.12000,0.12000,-0.12000,0.12000,0.12000,-0.12000,1,1.000
169978,-0.1976,-0.2407,0.4320,2.044,-0.443,-0.739,40.906,58.563,-71.934,1.020,1.397,-1.915,0.12000,0.12000,-0.12000,0.12000,0.12000,-0.12000,1,1.000
169985,-0.2323,-0.2266,0.4530,-4.302,1.391,-0.456,43.916,61.949,-76.078,1.054,1.445,-1.973,0.01071,0.12000,-0.12000,0.01071,0.12000,-0.12000,1,1.000
169993,-0.2033,-0.2330,0.4303,-1.127,1.452,-0.310,42.919,58.052,-82.611,1.088,1.492,-2.037,0.12000,0.12000,-0.12000,0.12000,0.12000,-0.12000,1,1.000
170001,-0.2636,-0.1885,0.4472,-1.537,0.403,-1.705,41.708,59.630,-77.519,1.121,1.537,-2.098,0.09227,0.12000,-0.12000,0.09227,0.12000,-0.12000,1,1.000
170008,-0.3102,-0.1381,0.4447,-4.504,1.342,-0.944,44.470,66.897,-86.043,1.155,1.588,-2.163,0.02970,0.12000,-0.12000,0.02970,0.12000,-0.12000,1,1.000
170016,-0.2377,-0.1618,0.3953,0.398,0.717,-1.311,47.898,65.217,-80.830,1.191,1.640,-2.228,0.11252,0.12000,-0.12000,0.11252,0.12000,-0.12000,1,1.000
170024,-0.2279,-0.1569,0.3808,1.936,0.134,-2.584,47.520,64.690,-83.984,1.229,1.690,-2.291,0.12000,0.12000,-0.12000,0.12000,0.12000,-0.12000,1,1.000
170032,-0.2566,-0.1467,0.3995,-2.152,0.520,-1.418,45.357,71.695,-89.303,1.264,1.744,-2.361,0.08286,0.12000,-0.12000,0.08286,0.12000,-0.12000,1,1.000
170040,-0.2462,-0.1761,0.4178,-2.021,-0.562,-0.680,47.380,67.819,-85.645,1.300,1.798,-2.427,0.09026,0.12000,-0.12000,0.09026,0.12000,-0.12000,1,1.000
170047,-0.2155,-0.2190,0.4289,0.736,-1.591,0.023,52.651,68.269,-94.046,1.340,1.851,-2.499,0.12000,0.12000,-0.12000,0.12000,0.12000,-0.12000,1,1.000
170055,-0.2326,-0.2128,0.4399,-1.455,-2.091,-0.563,54.061,77.027,-86.900,1.382,1.909,-2.568,0.06946,0.12000,-0.12000,0.06946,0.12000,-0.12000,1,1.000
170063,-0.2334,-0.2030,0.4311,-2.340,-1.408,-1.523,51.402,73.591,-98.686,1.423,1.968,-2.642,0.12000,0.12000,-0.12000,0.12000,0.12000,-0.12000,1,1.000
170071,-0.2597,-0.1514,0.4072,-2.019,-0.110,-1.873,52.766,76.906,-92.873,1.463,2.026,-2.716,0.08707,0.12000,-0.12000,0.08707,0.12000,-0.12000,1,1.000
170078,-0.2875,-0.0960,0.3810,-3.161,0.994,-4.055,57.983,79.950,-101.596,1.508,2.088,-2.793,0.10976,0.12000,-0.12000,0.10976,0.12000,-0.12000,1,1.000
170086,-0.3149,-0.0355,0.3495,-3.607,2.181,-3.737,57.251,74.554,-93.806,1.553,2.147,-2.868,0.06889,0.12000,-0.12000,0.06889,0.12000,-0.12000,1,1.000
170094,-0.2994,-0.0302,0.3289,-1.185,1.873,-3.526,55.005,83.766,-104.086,1.596,2.210,-2.945,0.12000,0.12000,-0.12000,0.12000,0.12000,-0.12000,1,1.000
170102,-0.2888,-0.0437,0.3314,0.205,-0.580,-2.780,59.880,81.732,-98.710,1.641,2.275,-3.024,0.12000,0.12000,-0.12000,0.12000,0.12000,-0.12000,1,1.000
170110,-0.2913,-0.0784,0.3677,-1.119,-1.871,-0.695,64.453,84.409,-107.768,1.690,2.339,-3.105,0.12000,0.12000,-0.12000,0.12000,0.12000,-0.12000,1,1.000
170117,-0.2981,-0.1104,0.4057,-1.589,-3.427,1.119,61.387,86.888,-100.334,1.739,2.407,-3.185,0.07763,0.12000,-0.12000,0.07763,0.12000,-0.12000,1,1.000
170125,-0.2912,-0.1283,0.4162,-1.057,-3.485,1.491,64.347,82.254,-112.408,1.788,2.471,-3.269,0.12000,0.12000,-0.12000,0.12000,0.12000,-0.12000,1,1.000
170133,-0.3037,-0.0904,0.3918,-1.916,-2.071,0.304,68.762,92.787,-106.214,1.841,2.541,-3.353,0.07118,0.12000,-0.12000,0.07118,0.12000,-0.12000,1,1.000
170141,-0.2797,-0.0264,0.3055,-1.475,0.845,-1.890,64.370,88.089,-114.598,1.892,2.611,-3.440,0.12000,0.12000,-0.12000,0.12000,0.12000,-0.12000,1,1.000
170148,-0.2649,0.0478,0.2184,-0.061,3.322,-4.088,67.587,95.384,-107.449,1.943,2.683,-3.524,0.09460,0.12000,-0.12000,0.09460,0.12000,-0.12000,1,1.000
170156,-0.2561,0.1024,0.1565,0.719,4.436,-5.137,73.490,89.502,-116.422,2.000,2.755,-3.614,0.12000,0.12000,-0.12000,0.12000,0.12000,-0.12000,1,1.000
170164,-0.2770,0.1150,0.1650,1.007,2.775,-3.340,68.972,95.813,-114.837,2.054,2.826,-3.701,0.12000,0.12000,-0.12000,0.12000,0.12000,-0.12000,1,1.000
170171,-0.3284,0.0712,0.2592,0.113,-0.693,-0.142,73.033,95.948,-114.752,2.109,2.902,-3.792,0.12000,0.12000,-0.12000,0.12000,0.12000,-0.12000,1,1.000
170179,-0.3837,0.0096,0.3744,-1.886,-5.544,4.171,76.348,99.713,-123.115,2.169,2.977,-3.884,0.11307,0.12000,-0.12000,0.11307,0.12000,-0.12000,1,1.000
170187,-0.4009,-0.0518,0.4514,-3.493,-5.924,5.523,72.533,97.373,-118.015,2.226,3.055,-3.977,0.05958,0.12000,-0.12000,0.05958,0.12000,-0.12000,1,1.000
170195,-0.3993,-0.0240,0.4228,-0.626,-3.788,3.587,80.729,100.867,-124.959,2.286,3.130,-4.073,0.12000,0.12000,-0.12000,0.12000,0.12000,-0.12000,1,1.000
170203,-0.2998,0.0157,0.2846,2.004,-0.554,-1.748,79.560,102.952,-122.766,2.349,3.211,-4.166,0.12000,0.12000,-0.12000,0.12000,0.12000,-0.12000,1,1.000
170211,-0.2598,0.1126,0.1501,3.588,3.027,-5.008,80.210,106.241,-123.174,2.410,3.292,-4.264,0.12000,0.12000,-0.12000,0.12000,0.12000,-0.12000,1,1.000
170218,-0.2416,0.1626,0.0833,4.846,3.297,-6.642,84.925,102.866,-131.282,2.476,3.374,-4.362,0.12000,0.12000,-0.12000,0.12000,0.12000,-0.12000,1,1.000
170226,-0.2962,0.1774,0.1235,2.414,1.773,-4.271,79.483,108.416,-123.854,2.538,3.455,-4.459,0.12000,0.12000,-0.12000,0.12000,0.12000,-0.12000,1,1.000
170234,-0.4603,0.1764,0.2886,-2.399,-0.402,1.343,88.923,106.824,-132.599,2.605,3.539,-4.561,0.09300,0.12000,-0.12000,0.09300,0.12000,-0.12000,1,1.000
170241,-0.4897,0.0896,0.4025,-5.161,-2.546,6.035,85.523,113.841,-136.800,2.673,3.625,-4.664,0.01092,0.12000,-0.12000,0.01092,0.12000,-0.12000,1,1.000
170249,-0.4567,0.0275,0.4300,-0.278,-2.875,8.036,88.310,105.858,-128.264,2.740,3.709,-4.765,0.07115,0.12000,-0.12000,0.07115,0.12000,-0.12000,1,1.000
170257,-0.3120,-0.0255,0.3369,7.521,-3.328,3.860,87.836,117.572,-136.577,2.809,3.797,-4.871,0.12000,0.12000,-0.12000,0.12000,0.12000,-0.12000,1,1.000
170265,-0.2004,-0.0433,0.2426,9.185,-2.293,-2.539,86.441,112.928,-140.557,2.875,3.885,-4.976,0.12000,0.12000,-0.12000,0.12000,0.12000,-0.12000,1,1.000
170272,-0.1829,-0.0003,0.1832,6.557,-0.760,-6.624,95.078,118.142,-133.311,2.948,3.977,-5.080,0.12000,0.12000,-0.12000,0.12000,0.12000,-0.12000,1,1.000
170280,-0.2917,0.0747,0.2190,1.061,-0.376,-6.584,90.714,116.053,-141.640,3.018,4.065,-5.190,0.12000,0.12000,-0.12000,0.12000,0.12000,-0.12000,1,1.000
170288,-0.4225,0.1333,0.2928,-8.031,1.453,-0.693,98.231,118.629,-147.130,3.093,4.158,-5.300,0.04047,0.12000,-0.12000,0.04047,0.12000,-0.12000,1,1.000
170295,-0.4260,0.0949,0.3337,-4.891,1.612,3.618,91.080,124.457,-140.127,3.165,4.251,-5.408,-0.02367,0.12000,-0.12000,-0.02367,0.12000,-0.12000,1,1.000
170303,-0.2748,-0.0213,0.2956,7.198,-1.037,3.478,99.800,116.251,-141.907,3.240,4.343,-5.520,0.12000,0.12000,-0.12000,0.12000,0.12000,-0.12000,1,1.000
170311,-0.1178,-0.1519,0.2657,12.585,-5.976,-1.624,92.936,127.929,-149.487,3.314,4.440,-5.634,0.12000,0.12000,-0.12000,0.12000,0.12000,-0.12000,1,1.000
170319,-0.0809,-0.1799,0.2561,8.823,-5.263,-5.658,100.562,127.125,-151.813,3.389,4.536,-5.746,0.12000,0.12000,-0.12000,0.12000,0.12000,-0.12000,1,1.000
170327,-0.1316,-0.1196,0.2481,2.429,-2.860,-7.058,95.228,122.839,-148.925,3.464,4.634,-5.862,0.12000,0.12000,-0.12000,0.12000,0.12000,-0.12000,1,1.000
170334,-0.2371,-0.0415,0.2775,-5.769,2.114,-3.725,105.048,132.556,-147.428,3.542,4.733,-5.979,0.05529,0.12000,-0.12000,0.05529,0.12000,-0.12000,1,1.000
170342,-0.2216,-0.0292,0.2501,-6.605,4.709,-0.094,101.295,128.555,-157.142,3.622,4.832,-6.097,0.07093,0.12000,-0.12000,0.07093,0.12000,-0.12000,1,1.000
170350,-0.0917,-0.1065,0.1954,1.753,3.309,2.567,107.245,128.948,-158.154,3.703,4.933,-6.215,0.12000,0.12000,-0.12000,0.12000,0.12000,-0.12000,1,1.000
170357,0.0571,-0.2625,0.1984,8.126,-2.780,1.328,99.691,136.459,-152.756,3.782,5.035,-6.334,0.12000,0.12000,-0.12000,0.12000,0.12000,-0.12000,1,1.000
170365,0.0853,-0.2633,0.1711,6.095,-4.983,-3.211,109.869,133.265,-156.630,3.864,5.138,-6.456,0.12000,0.12000,-0.12000,0.12000,0.12000,-0.12000,1,1.000
170373,0.0297,-0.1597,0.1258,0.682,-1.520,-5.805,103.747,134.262,-159.560,3.946,5.244,-6.580,0.12000,0.12000,-0.12000,0.12000,0.12000,-0.12000,1,1.000
170381,-0.0513,-0.0379,0.0882,-5.814,5.718,-3.585,112.005,141.085,-166.038,4.030,5.348,-6.703,0.11503,0.12000,-0.12000,0.11503,0.12000,-0.12000,1,1.000
170389,-0.0377,-0.0775,0.1132,-4.356,6.005,1.117,106.917,138.093,-165.869,4.113,5.455,-6.827,0.11420,0.12000,-0.12000,0.11420,0.12000,-0.12000,1,1.000
170396,0.0450,-0.2208,0.1699,-1.289,-0.170,4.116,116.034,136.438,-161.433,4.202,5.562,-6.952,0.12000,0.12000,-0.12000,0.12000,0.12000,-0.12000,1,1.000
170404,0.1346,-0.3243,0.1812,0.027,-4.937,2.809,114.025,146.431,-164.696,4.288,5.671,-7.081,0.12000,0.12000,-0.12000,0.12000,0.12000,-0.12000,1,1.000
170412,0.1526,-0.2626,0.1031,-2.058,-2.267,-1.793,114.157,145.245,-165.582,4.378,5.782,-7.210,0.12000,0.12000,-0.12000,0.12000,0.12000,-0.12000,1,1.000
170420,0.1444,-0.1305,-0.0173,-2.236,3.716,-5.587,119.367,139.754,-172.824,4.467,5.892,-7.339,0.12000,0.12000,-0.12000,0.12000,0.12000,-0.12000,1,1.000
170427,0.0819,-0.0892,0.0049,-2.309,5.631,-4.787,115.459,148.847,-175.377,4.558,6.005,-7.470,0.12000,0.12000,-0.12000,0.12000,0.12000,-0.12000,1,1.000
170435,0.0016,-0.1255,0.1207,-2.844,1.979,-0.389,123.330,151.960,-174.648,4.651,6.119,-7.601,0.12000,0.12000,-0.12000,0.12000,0.12000,-0.12000,1,1.000
170443,-0.0631,-0.1967,0.2547,-5.564,-2.311,5.352,118.484,144.949,-175.923,4.742,6.231,-7.736,0.12000,0.12000,-0.12000,0.12000,0.12000,-0.12000,1,1.000
170451,-0.0213,-0.1746,0.1914,-5.788,-2.113,5.273,125.835,150.246,-171.037,4.839,6.347,-7.870,0.09148,0.12000,-0.12000,0.09148,0.12000,-0.12000,1,1.000
170458,0.0513,-0.0915,0.0378,-2.770,1.900,-0.066,129.097,154.216,-173.833,4.936,6.465,-8.005,0.12000,0.12000,-0.12000,0.12000,0.12000,-0.12000,1,1.000
170466,0.0583,-0.0059,-0.0525,0.091,3.266,-5.878,121.813,157.007,-175.460,5.031,6.582,-8.142,0.12000,0.12000,-0.12000,0.12000,0.12000,-0.12000,1,1.000
170474,-0.0520,-0.0011,0.0531,-2.333,1.644,-5.322,131.461,155.218,-183.079,5.131,6.701,-8.280,0.12000,0.12000,-0.12000,0.12000,0.12000,-0.12000,1,1.000
170482,-0.2104,0.0010,0.2095,-6.477,-0.173,0.218,129.971,151.103,-185.049,5.229,6.820,-8.420,0.12000,0.12000,-0.12000,0.12000,0.12000,-0.12000,1,1.000
170489,-0.1655,-0.0262,0.1910,-3.993,0.417,4.861,127.101,160.772,-188.605,5.329,6.941,-8.560,0.11557,0.12000,-0.12000,0.11557,0.12000,-0.12000,1,1.000
170497,-0.0271,-0.0648,0.0903,2.124,-0.374,-0.256,137.487,164.567,-189.932,5.432,7.065,-8.701,0.12000,0.12000,-0.12000,0.12000,0.12000,-0.12000,1,1.000
170505,-0.0265,-0.0490,0.0743,2.575,-2.055,-7.377,135.076,162.493,-191.293,5.535,7.187,-8.844,0.12000,0.12000,-0.12000,0.12000,0.12000,-0.12000,1,1.000
170513,-0.2017,0.0528,0.1503,-5.093,0.111,-6.418,131.678,161.727,-193.583,5.639,7.312,-8.990,0.12000,0.12000,-0.12000,0.12000,0.12000,-0.12000,1,1.000
170520,-0.3040,0.1220,0.1853,-6.983,4.284,0.602,141.476,158.696,-191.167,5.745,7.436,-9.134,0.08320,0.12000,-0.12000,0.08320,0.12000,-0.12000,1,1.000
170528,-0.1734,0.0332,0.1411,2.115,3.321,4.305,139.265,167.337,-193.013,5.850,7.563,-9.281,0.12000,0.12000,-0.12000,0.12000,0.12000,-0.12000,1,1.000
170536,-0.0762,-0.0209,0.0966,7.265,-4.411,-0.408,134.918,170.899,-192.450,5.956,7.692,-9.428,0.12000,0.12000,-0.12000,0.12000,0.12000,-0.12000,1,1.000
170544,-0.1657,0.0771,0.0906,0.822,-5.654,-5.721,145.385,172.285,-196.467,6.065,7.820,-9.579,0.12000,0.12000,-0.12000,0.12000,0.12000,-0.12000,1,1.000
170551,-0.2710,0.1850,0.0909,-6.445,-0.097,-3.798,147.369,172.123,-193.419,6.176,7.950,-9.728,0.10237,0.12000,-0.12000,0.10237,0.12000,-0.12000,1,1.000
170559,-0.2404,0.1472,0.0971,-3.449,4.038,2.072,140.968,166.479,-196.177,6.285,8.080,-9.879,0.11704,0.12000,-0.12000,0.11704,0.12000,-0.12000,1,1.000
170567,-0.0942,-0.0108,0.1047,5.869,-1.839,3.809,145.570,172.284,-195.940,6.398,8.213,-10.031,0.12000,0.12000,-0.12000,0.12000,0.12000,-0.12000,1,1.000
170575,-0.0907,-0.0276,0.1176,5.706,-7.236,-1.414,150.506,171.841,-202.291,6.511,8.346,-10.186,0.12000,0.12000,-0.12000,0.12000,0.12000,-0.12000,1,1.000
170582,-0.1531,0.0927,0.0628,-3.169,-2.673,-2.914,150.356,178.242,-199.719,6.623,8.480,-10.341,0.12000,0.12000,-0.12000,0.12000,0.12000,-0.12000,1,1.000
170590,-0.1468,0.0805,0.0684,-0.836,1.196,2.513,149.951,180.867,-203.151,6.740,8.616,-10.497,0.12000,0.12000,-0.12000,0.12000,0.12000,-0.12000,1,1.000
170598,-0.0217,-0.0471,0.0676,5.828,-3.478,4.326,150.655,183.145,-204.623,6.857,8.751,-10.653,0.12000,0.12000,-0.12000,0.12000,0.12000,-0.12000,1,1.000
170606,-0.0093,-0.0546,0.0625,4.826,-5.738,1.457,158.518,185.386,-210.797,6.975,8.890,-10.814,0.12000,0.12000,-0.12000,0.12000,0.12000,-0.12000,1,1.000
170613,-0.0714,0.0971,-0.0232,-1.023,-0.801,-0.799,157.516,181.892,-209.447,7.094,9.028,-10.973,0.12000,0.12000,-0.12000,0.12000,0.12000,-0.12000,1,1.000
170621,-0.0471,0.0475,0.0008,-1.987,2.833,3.190,153.850,183.869,-213.222,7.212,9.168,-11.134,0.12000,0.12000,-0.12000,0.12000,0.12000,-0.12000,1,1.000
170629,0.0675,-0.1597,0.0880,2.745,-2.588,6.519,158.720,179.675,-215.902,7.335,9.307,-11.296,0.12000,0.12000,-0.12000,0.12000,0.12000,-0.12000,1,1.000
170637,0.1074,-0.1806,0.0685,2.536,-5.525,4.696,161.976,185.804,-220.416,7.459,9.450,-11.461,0.12000,0.12000,-0.12000,0.12000,0.12000,-0.12000,1,1.000
170645,0.1268,-0.0283,-0.0992,0.301,-0.119,0.048,166.861,183.226,-220.445,7.582,9.593,-11.624,0.12000,0.12000,-0.12000,0.12000,0.12000,-0.12000,1,1.000
170652,0.1219,-0.0191,-0.1034,0.677,3.633,0.782,165.586,188.089,-220.975,7.707,9.736,-11.789,0.12000,0.12000,-0.12000,0.12000,0.12000,-0.12000,1,1.000
170660,0.1577,-0.1986,0.0358,2.477,-2.318,4.190,162.439,187.514,-223.400,7.832,9.881,-11.954,0.12000,0.12000,-0.12000,0.12000,0.12000,-0.12000,1,1.000
170668,0.2072,-0.2468,0.0331,-0.649,-4.143,5.124,166.432,193.675,-219.851,7.960,10.026,-12.121,0.12000,0.12000,-0.12000,0.12000,0.12000,-0.12000,1,1.000
170676,0.2507,-0.1451,-0.1094,1.290,2.218,-2.012,166.786,193.326,-220.321,8.090,10.174,-12.288,0.12000,0.12000,-0.12000,0.12000,0.12000,-0.12000,1,1.000
170683,0.2127,-0.1154,-0.1004,1.798,1.997,-2.404,173.255,197.001,-219.197,8.220,10.321,-12.456,0.12000,0.12000,-0.12000,0.12000,0.12000,-0.12000,1,1.000
170691,0.1111,-0.1951,0.0788,-2.828,-2.817,2.912,175.205,197.464,-226.230,8.350,10.470,-12.629,0.12000,0.12000,-0.12000,0.12000,0.12000,-0.12000,1,1.000
170699,0.1714,-0.2159,0.0388,-4.135,-0.245,6.510,176.932,201.406,-226.877,8.482,10.619,-12.801,0.12000,0.12000,-0.12000,0.12000,0.12000,-0.12000,1,1.000
170707,0.3262,-0.1764,-0.1545,1.978,0.908,1.675,177.833,201.858,-232.232,8.617,10.771,-12.976,0.12000,0.12000,-0.12000,0.12000,0.12000,-0.12000,1,1.000
170715,0.2126,-0.1213,-0.0946,2.017,-1.089,-4.718,173.790,203.459,-235.701,8.751,10.923,-13.150,0.12000,0.12000,-0.12000,0.12000,0.12000,-0.12000,1,1.000
170722,0.0172,-0.0864,0.0669,-5.425,0.719,-0.562,175.794,203.450,-233.372,8.887,11.076,-13.325,0.12000,0.12000,-0.12000,0.12000,0.12000,-0.12000,1,1.000
170730,0.1587,-0.1600,-0.0029,-2.767,5.300,4.882,175.888,206.944,-232.189,9.023,11.229,-13.500,0.12000,0.12000,-0.12000,0.12000,0.12000,-0.12000,1,1.000
170738,0.3117,-0.2056,-0.1115,5.347,0.940,0.599,183.008,206.547,-230.563,9.162,11.385,-13.676,0.12000,0.12000,-0.12000,0.12000,0.12000,-0.12000,1,1.000
170745,0.1648,-0.1055,-0.0621,-0.121,-2.481,-7.743,183.832,208.652,-239.042,9.302,11.541,-13.857,0.12000,0.12000,-0.12000,0.12000,0.12000,-0.12000,1,1.000
170753,-0.0051,-0.0132,0.0179,-9.178,4.971,-2.013,188.251,207.162,-241.272,9.443,11.697,-14.038,0.12000,0.12000,-0.12000,0.12000,0.12000,-0.12000,1,1.000
170761,0.1295,-0.1667,0.0328,-1.758,6.624,7.516,189.150,211.149,-243.873,9.584,11.855,-14.219,0.12000,0.12000,-0.12000,0.12000,0.12000,-0.12000,1,1.000
170769,0.1810,-0.1758,-0.0098,4.375,-5.843,-3.488,193.193,208.608,-243.754,9.726,12.015,-14.400,0.12000,0.12000,-0.12000,0.12000,0.12000,-0.12000,1,1.000
170777,0.0221,-0.0111,-0.0113,-8.023,-0.059,-5.750,195.065,211.660,-238.695,9.872,12.175,-14.583,0.12000,0.12000,-0.12000,0.12000,0.12000,-0.12000,1,1.000
170785,-0.0093,0.0009,0.0084,-5.562,6.341,3.677,195.199,208.718,-245.393,10.017,12.336,-14.768,0.12000,0.12000,-0.12000,0.12000,0.12000,-0.12000,1,1.000
170792,0.0999,-0.1224,0.0193,5.240,-1.870,4.889,195.607,215.709,-250.995,10.164,12.499,-14.955,0.12000,0.12000,-0.12000,0.12000,0.12000,-0.12000,1,1.000
170800,-0.0165,0.0548,-0.0369,-0.247,-5.942,-4.048,197.028,214.290,-250.244,10.311,12.664,-15.141,0.12000,0.12000,-0.12000,0.12000,0.12000,-0.12000,1,1.000
170808,-0.0439,0.1652,-0.1170,-6.994,3.284,-4.939,200.491,220.128,-247.216,10.462,12.830,-15.327,0.12000,0.12000,-0.12000,0.12000,0.12000,-0.12000,1,1.000
170815,0.0111,0.0317,-0.0420,-0.176,3.072,2.300,199.593,220.184,-248.558,10.612,12.995,-15.516,0.12000,0.12000,-0.12000,0.12000,0.12000,-0.12000,1,1.000
170823,-0.0425,0.0493,-0.0055,3.624,-5.091,0.004,200.365,226.776,-258.708,10.764,13.165,-15.709,0.12000,0.12000,-0.12000,0.12000,0.12000,-0.12000,1,1.000
170831,-0.1069,0.2516,-0.1381,-3.578,0.773,-5.737,201.591,226.835,-256.862,10.915,13.332,-15.899,0.12000,0.12000,-0.12000,0.12000,0.12000,-0.12000,1,1.000
170839,-0.0964,0.1944,-0.0929,-2.939,4.074,-1.643,206.627,226.695,-251.529,11.071,13.501,-16.089,0.12000,0.12000,-0.12000,0.12000,0.12000,-0.12000,1,1.000
170846,-0.1018,0.1158,-0.0109,2.185,-1.635,-1.378,206.420,228.138,-261.077,11.226,13.670,-16.285,0.12000,0.12000,-0.12000,0.12000,0.12000,-0.12000,1,1.000
170854,-0.1449,0.3076,-0.1546,0.582,0.431,-2.893,207.568,223.889,-263.096,11.382,13.840,-16.480,0.12000,0.12000,-0.12000,0.12000,0.12000,-0.12000,1,1.000
170862,-0.1606,0.2596,-0.0922,0.717,0.676,-2.112,210.748,227.711,-258.101,11.539,14.012,-16.673,0.12000,0.12000,-0.12000,0.12000,0.12000,-0.12000,1,1.000
170870,-0.1421,0.1614,-0.0151,0.150,-4.777,-0.639,214.205,226.585,-264.027,11.699,14.185,-16.871,0.12000,0.12000,-0.12000,0.12000,0.12000,-0.12000,1,1.000
170878,-0.1192,0.3200,-0.1924,-0.056,0.860,-0.569,215.007,236.065,-267.697,11.858,14.362,-17.070,0.12000,0.12000,-0.12000,0.12000,0.12000,-0.12000,1,1.000
170885,-0.0778,0.3680,-0.2806,4.457,2.127,-3.284,214.954,236.676,-264.722,12.018,14.537,-17.267,0.12000,0.12000,-0.12000,0.12000,0.12000,-0.12000,1,1.000
170893,-0.1061,0.2128,-0.1011,-0.430,-3.308,-2.374,218.722,237.071,-267.916,12.180,14.713,-17.468,0.12000,0.12000,-0.12000,0.12000,0.12000,-0.12000,1,1.000
170901,-0.0310,0.3094,-0.2703,-1.906,2.004,2.039,218.254,237.524,-272.098,12.343,14.889,-17.671,0.12000,0.12000,-0.12000,0.12000,0.12000,-0.12000,1,1.000
170909,0.0390,0.3217,-0.3522,7.229,1.461,-0.844,218.242,233.332,-269.128,12.506,15.066,-17.871,0.12000,0.12000,-0.12000,0.12000,0.12000,-0.12000,1,1.000
170916,-0.1054,0.2762,-0.1635,2.530,-4.170,-3.941,216.079,239.634,-273.177,12.669,15.247,-18.076,0.12000,0.12000,-0.12000,0.12000,0.12000,-0.12000,1,1.000
170924,-0.0346,0.2354,-0.1947,-4.183,-0.317,4.311,220.668,242.197,-277.546,12.835,15.428,-18.281,0.12000,0.12000,-0.12000,0.12000,0.12000,-0.12000,1,1.000
170932,0.1532,0.2032,-0.3511,6.074,0.746,4.408,218.335,245.984,-271.689,13.002,15.610,-18.484,0.12000,0.12000,-0.12000,0.12000,0.12000,-0.12000,1,1.000
170940,-0.0396,0.3222,-0.2742,4.655,-3.582,-4.327,221.822,244.055,-280.564,13.171,15.791,-18.694,0.12000,0.12000,-0.12000,0.12000,0.12000,-0.12000,1,1.000
170948,-0.0825,0.2911,-0.2010,-5.539,2.006,3.345,224.833,239.383,-281.251,13.341,15.973,-18.901,0.12000,0.12000,-0.12000,0.12000,0.12000,-0.12000,1,1.000
170955,0.1027,0.1663,-0.2647,9.469,-1.320,4.769,231.458,248.518,-275.566,13.514,16.159,-19.108,0.12000,0.12000,-0.12000,0.12000,0.12000,-0.12000,1,1.000
170963,-0.0273,0.2977,-0.2627,2.436,-4.090,-4.665,232.181,250.510,-287.465,13.686,16.345,-19.322,0.12000,0.12000,-0.12000,0.12000,0.12000,-0.12000,1,1.000
170971,-0.0796,0.2777,-0.1909,-4.951,6.723,2.797,231.034,250.762,-282.918,13.857,16.531,-19.531,0.11190,0.12000,-0.12000,0.11190,0.12000,-0.12000,1,1.000
170979,0.1629,-0.0188,-0.1446,6.306,1.314,8.043,233.063,250.489,-284.473,14.030,16.717,-19.744,0.12000,0.12000,-0.12000,0.12000,0.12000,-0.12000,1,1.000
170986,0.1249,0.1097,-0.2317,1.946,-5.254,-3.649,229.521,249.428,-289.377,14.205,16.906,-19.958,0.12000,0.12000,-0.12000,0.12000,0.12000,-0.12000,1,1.000
170995,0.0437,0.1154,-0.1561,-5.308,6.693,0.113,232.814,257.839,-287.865,14.382,17.097,-20.172,0.12000,0.12000,-0.12000,0.12000,0.12000,-0.12000,1,1.000
171002,0.2326,-0.2080,-0.0301,3.798,0.947,10.385,238.613,256.531,-293.949,14.560,17.285,-20.388,0.12000,0.12000,-0.12000,0.12000,0.12000,-0.12000,1,1.000
171010,0.1920,-0.0270,-0.1657,2.345,-5.444,-2.697,242.354,252.446,-287.506,14.740,17.476,-20.605,0.12000,0.12000,-0.12000,0.12000,0.12000,-0.12000,1,1.000
171018,0.1232,0.0501,-0.1720,-2.966,6.196,-2.367,240.591,260.878,-296.374,14.918,17.671,-20.824,0.12000,0.12000,-0.12000,0.12000,0.12000,-0.12000,1,1.000
171026,0.1902,-0.2695,0.0722,1.513,-0.755,8.874,236.666,262.510,-294.515,15.097,17.863,-21.041,0.12000,0.12000,-0.12000,0.12000,0.12000,-0.12000,1,1.000
171033,0.2440,-0.1370,-0.1106,-0.112,-2.953,0.330,243.622,258.296,-298.883,15.281,18.057,-21.263,0.12000,0.12000,-0.12000,0.12000,0.12000,-0.12000,1,1.000
171041,0.1595,-0.1195,-0.0432,-0.642,3.856,-1.826,246.143,262.599,-293.592,15.465,18.253,-21.481,0.12000,0.12000,-0.12000,0.12000,0.12000,-0.12000,1,1.000
171049,0.0761,-0.3099,0.2256,-1.427,-2.105,5.129,247.699,266.392,-304.948,15.649,18.449,-21.707,0.12000,0.12000,-0.12000,0.12000,0.12000,-0.12000,1,1.000
171057,0.2334,-0.2174,-0.0217,-0.404,1.629,-1.107,249.013,263.708,-298.447,15.833,18.646,-21.927,0.12000,0.12000,-0.12000,0.12000,0.12000,-0.12000,1,1.000
171064,0.1742,-0.1656,-0.0129,-2.235,0.966,-4.533,245.499,266.254,-305.640,16.019,18.844,-22.154,0.12000,0.12000,-0.12000,0.12000,0.12000,-0.12000,1,1.000
171072,0.0511,-0.1412,0.0865,-6.288,0.276,1.691,251.548,270.410,-300.457,16.208,19.044,-22.378,0.12000,0.12000,-0.12000,0.12000,0.12000,-0.12000,1,1.000
171080,0.2987,-0.0872,-0.2138,1.002,2.022,0.372,256.339,268.504,-308.809,16.397,19.243,-22.606,0.12000,0.12000,-0.12000,0.12000,0.12000,-0.12000,1,1.000
171088,0.1515,-0.1031,-0.0512,-1.969,-3.126,-7.684,253.008,270.535,-307.116,16.586,19.445,-22.832,0.12000,0.12000,-0.12000,0.12000,0.12000,-0.12000,1,1.000
171095,0.0885,-0.0430,-0.0466,-7.898,2.401,-0.091,253.042,274.569,-311.877,16.777,19.648,-23.063,0.12000,0.12000,-0.12000,0.12000,0.12000,-0.12000,1,1.000
171103,0.3246,-0.1413,-0.1870,3.258,1.072,2.977,257.758,272.036,-305.785,16.969,19.850,-23.290,0.12000,0.12000,-0.12000,0.12000,0.12000,-0.12000,1,1.000
171111,0.1344,-0.0505,-0.0852,-2.493,-5.317,-10.572,261.995,275.585,-316.681,17.164,20.055,-23.523,0.12000,0.12000,-0.12000,0.12000,0.12000,-0.12000,1,1.000
171119,0.1916,-0.1175,-0.0773,-5.608,4.936,-0.478,258.325,279.372,-311.730,17.356,20.260,-23.754,0.12000,0.12000,-0.12000,0.12000,0.12000,-0.12000,1,1.000
171126,0.3230,-0.2913,-0.0393,5.428,-2.619,1.745,259.398,274.468,-317.960,17.551,20.465,-23.986,0.12000,0.12000,-0.12000,0.12000,0.12000,-0.12000,1,1.000
171134,0.0952,-0.0476,-0.0488,-8.597,0.465,-8.664,268.029,282.121,-316.392,17.750,20.674,-24.222,0.12000,0.12000,-0.12000,0.12000,0.12000,-0.12000,1,1.000
171142,0.1449,-0.1060,-0.0417,0.084,4.970,5.952,264.116,282.761,-315.438,17.946,20.880,-24.455,0.12000,0.12000,-0.12000,0.12000,0.12000,-0.12000,1,1.000
171150,0.1309,-0.1092,-0.0246,1.319,-7.350,-4.211,262.491,278.454,-325.241,18.143,21.089,-24.694,0.12000,0.12000,-0.12000,0.12000,0.12000,-0.12000,1,1.000
171157,0.0201,0.0863,-0.1041,-6.836,4.908,-4.928,272.834,287.416,-318.557,18.345,21.301,-24.928,0.12000,0.12000,-0.12000,0.12000,0.12000,-0.12000,1,1.000
171165,0.0941,-0.0409,-0.0543,2.942,2.029,5.508,269.463,284.928,-326.826,18.544,21.509,-25.168,0.12000,0.12000,-0.12000,0.12000,0.12000,-0.12000,1,1.000
171173,-0.0263,0.2100,-0.1782,-0.866,-2.556,-6.286,267.009,286.508,-322.398,18.745,21.722,-25.408,0.12000,0.12000,-0.12000,0.12000,0.12000,-0.12000,1,1.000
171181,0.1094,0.1078,-0.2144,-2.054,5.009,-1.037,277.327,287.092,-323.508,18.950,21.934,-25.646,0.12000,0.12000,-0.12000,0.12000,0.12000,-0.12000,1,1.000
171188,0.0079,0.1457,-0.1498,3.999,-1.510,1.334,273.043,290.684,-333.265,19.153,22.148,-25.891,0.12000,0.12000,-0.12000,0.12000,0.12000,-0.12000,1,1.000
171196,-0.0233,0.3503,-0.3179,0.602,1.615,-3.783,274.071,292.999,-327.147,19.357,22.363,-26.131,0.12000,0.12000,-0.12000,0.12000,0.12000,-0.12000,1,1.000
171204,-0.0005,0.1562,-0.1516,0.594,-1.068,1.865,280.769,286.746,-332.745,19.565,22.577,-26.374,0.12000,0.12000,-0.12000,0.12000,0.12000,-0.12000,1,1.000
171212,-0.0509,0.3445,-0.2846,1.336,0.181,-0.122,276.264,298.000,-334.406,19.771,22.796,-26.622,0.12000,0.12000,-0.12000,0.12000,0.12000,-0.12000,1,1.000
171219,-0.0133,0.3261,-0.3043,1.534,0.390,0.951,281.834,293.597,-329.542,19.980,23.011,-26.864,0.12000,0.12000,-0.12000,0.12000,0.12000,-0.12000,1,1.000
171227,-0.0721,0.2261,-0.1481,-1.833,-4.496,0.323,281.984,297.728,-337.587,20.189,23.231,-27.112,0.12000,0.12000,-0.12000,0.12000,0.12000,-0.12000,1,1.000
171235,0.0026,0.2995,-0.2942,3.456,1.558,2.724,281.829,294.607,-339.048,20.399,23.449,-27.362,0.12000,0.12000,-0.12000,0.12000,0.12000,-0.12000,1,1.000
171243,-0.0747,0.2045,-0.1244,-0.462,-6.057,-1.496,288.620,302.689,-338.783,20.611,23.671,-27.609,0.12000,0.12000,-0.12000,0.12000,0.12000,-0.12000,1,1.000
171250,0.0321,0.2229,-0.2492,-0.957,5.383,1.725,283.266,300.645,-340.793,20.823,23.890,-27.858,0.12000,0.12000,-0.12000,0.12000,0.12000,-0.12000,1,1.000
171258,0.0926,0.1735,-0.2616,5.241,-5.006,2.216,289.833,303.196,-344.327,21.038,24.115,-28.111,0.12000,0.12000,-0.12000,0.12000,0.12000,-0.12000,1,1.000
171266,-0.0251,0.1949,-0.1647,-4.601,-0.363,-2.628,290.426,299.409,-340.321,21.251,24.335,-28.362,0.12000,0.12000,-0.12000,0.12000,0.12000,-0.12000,1,1.000
171274,0.2037,0.1265,-0.3270,4.434,4.064,7.483,292.383,309.413,-341.185,21.469,24.562,-28.612,0.12000,0.12000,-0.12000,0.12000,0.12000,-0.12000,1,1.000
171282,-0.0949,0.2318,-0.1309,-0.648,-6.423,-1.788,290.327,305.112,-350.461,21.683,24.785,-28.869,0.12000,0.12000,-0.12000,0.12000,0.12000,-0.12000,1,1.000
171289,0.1951,0.0742,-0.2674,-0.452,6.629,3.672,297.115,308.641,-349.106,21.903,25.012,-29.125,0.12000,0.12000,-0.12000,0.12000,0.12000,-0.12000,1,1.000
171297,0.0976,0.1381,-0.2321,6.366,-4.454,4.662,297.331,305.392,-349.622,22.121,25.238,-29.379,0.12000,0.12000,-0.12000,0.12000,0.12000,-0.12000,1,1.000
171305,-0.0536,0.2510,-0.1908,-2.954,3.911,-3.896,294.164,314.050,-351.067,22.340,25.468,-29.635,0.12000,0.12000,-0.12000,0.12000,0.12000,-0.12000,1,1.000
171313,0.2124,-0.0153,-0.1976,5.648,1.244,10.038,301.648,311.318,-355.851,22.563,25.694,-29.896,0.12000,0.12000,-0.12000,0.12000,0.12000,-0.12000,1,1.000
171320,-0.1446,0.3443,-0.1907,-0.103,-3.605,-4.092,298.433,315.480,-352.973,22.784,25.925,-30.156,0.12000,0.12000,-0.12000,0.12000,0.12000,-0.12000,1,1.000
171328,0.0437,0.0769,-0.1186,5.412,-0.801,9.890,304.875,309.915,-351.424,23.007,26.155,-30.413,0.12000,0.12000,-0.12000,0.12000,0.12000,-0.12000,1,1.000
171336,-0.0388,0.2487,-0.2034,0.193,-3.919,-3.969,301.798,317.092,-355.930,23.232,26.387,-30.674,0.12000,0.12000,-0.12000,0.12000,0.12000,-0.12000,1,1.000
171344,-0.1042,0.2432,-0.1326,0.054,6.953,1.049,304.931,319.925,-359.885,23.457,26.621,-30.937,0.12000,0.12000,-0.12000,0.12000,0.12000,-0.12000,1,1.000
171352,-0.0112,0.1392,-0.1243,0.333,-6.320,4.528,308.993,318.525,-365.597,23.684,26.851,-31.203,0.12000,0.12000,-0.12000,0.12000,0.12000,-0.12000,1,1.000
171359,-0.1533,0.4143,-0.2502,-0.927,7.505,-6.977,308.912,321.932,-361.011,23.911,27.088,-31.466,0.12000,0.12000,-0.12000,0.12000,0.12000,-0.12000,1,1.000
171367,-0.0677,0.0098,0.0582,0.403,-5.950,6.409,308.691,316.060,-363.475,24.139,27.321,-31.729,0.12000,0.12000,-0.12000,0.12000,0.12000,-0.12000,1,1.000
171375,-0.0169,0.4491,-0.4205,1.407,2.939,-5.272,310.659,325.630,-363.950,24.368,27.558,-31.995,0.12000,0.12000,-0.12000,0.12000,0.12000,-0.12000,1,1.000
171383,-0.1883,0.2967,-0.1007,-2.144,1.353,1.235,313.867,325.412,-369.583,24.600,27.796,-32.263,0.12000,0.12000,-0.12000,0.12000,0.12000,-0.12000,1,1.000
171390,0.1046,0.2461,-0.3443,-1.060,-1.428,-1.402,314.771,325.726,-369.921,24.829,28.032,-32.534,0.12000,0.12000,-0.12000,0.12000,0.12000,-0.12000,1,1.000
171398,0.0564,0.3602,-0.4072,4.164,4.393,-1.980,318.840,328.900,-369.288,25.065,28.273,-32.804,0.12000,0.12000,-0.12000,0.12000,0.12000,-0.12000,1,1.000
171406,0.0147,0.1567,-0.1673,-5.501,-4.812,-2.672,312.730,323.130,-368.045,25.296,28.510,-33.073,0.12000,0.12000,-0.12000,0.12000,0.12000,-0.12000,1,1.000
171414,0.2294,0.2517,-0.4746,7.818,0.808,0.486,321.940,329.467,-368.097,25.532,28.751,-33.341,0.12000,0.12000,-0.12000,0.12000,0.12000,-0.12000,1,1.000
171422,-0.0284,0.2706,-0.2352,-9.371,-2.562,-6.653,320.380,334.543,-372.206,25.768,28.995,-33.613,0.11209,0.12000,-0.12000,0.11209,0.12000,-0.12000,1,1.000
171429,0.3337,0.0809,-0.4126,12.433,7.418,2.470,322.689,331.856,-375.551,26.003,29.235,-33.886,0.12000,0.12000,-0.12000,0.12000,0.12000,-0.12000,1,1.000
171437,0.0121,0.3184,-0.3221,-10.534,-7.198,-7.936,326.120,335.346,-381.578,26.243,29.479,-34.164,0.12000,0.12000,-0.12000,0.12000,0.12000,-0.12000,1,1.000
171445,0.1456,0.1447,-0.2865,7.171,10.047,0.451,320.171,333.431,-381.105,26.479,29.723,-34.440,0.12000,0.12000,-0.12000,0.12000,0.12000,-0.12000,1,1.000
171452,0.1467,0.2558,-0.3958,-1.458,-11.369,0.584,329.271,333.190,-384.273,26.721,29.967,-34.718,0.12000,0.12000,-0.12000,0.12000,0.12000,-0.12000,1,1.000
171460,0.0771,0.2237,-0.2950,-3.849,12.714,-8.533,327.730,339.647,-380.603,26.962,30.214,-34.993,0.11045,0.12000,-0.12000,0.11045,0.12000,-0.12000,1,1.000
171468,0.3482,0.0447,-0.3918,5.639,-6.338,11.603,329.220,343.229,-385.140,27.201,30.462,-35.270,0.12000,0.12000,-0.12000,0.12000,0.12000,-0.12000,1,1.000
171476,0.0754,0.4683,-0.5315,-8.136,2.631,-12.552,333.258,339.222,-382.172,27.445,30.708,-35.547,0.11835,0.12000,-0.12000,0.11835,0.12000,-0.12000,1,1.000
171484,0.2822,-0.0488,-0.2347,4.263,2.899,12.935,329.318,342.521,-386.813,27.688,30.956,-35.826,0.12000,0.12000,-0.12000,0.12000,0.12000,-0.12000,1,1.000
171492,0.2101,0.5334,-0.7296,-2.385,-6.662,-7.210,331.385,345.157,-385.479,27.931,31.208,-36.106,0.12000,0.12000,-0.12000,0.12000,0.12000,-0.12000,1,1.000
171499,0.0919,0.2193,-0.3054,-1.733,8.795,7.225,336.429,340.069,-390.387,28.178,31.457,-36.388,0.09842,0.12000,-0.12000,0.09842,0.12000,-0.12000,1,1.000
171507,0.4695,0.4105,-0.8694,0.281,-5.418,0.506,338.881,344.277,-390.771,28.424,31.707,-36.672,0.12000,0.12000,-0.12000,0.12000,0.12000,-0.12000,1,1.000
171515,0.2047,0.3624,-0.5576,-5.495,2.922,7.772,336.534,350.286,-394.889,28.670,31.961,-36.957,0.09218,0.12000,-0.12000,0.09218,0.12000,-0.12000,1,1.000
171522,0.5084,0.2730,-0.7744,6.229,-0.087,-1.473,342.121,351.478,-395.674,28.919,32.215,-37.245,0.12000,0.12000,-0.12000,0.12000,0.12000,-0.12000,1,1.000
171530,0.3761,0.3633,-0.7300,-2.403,-0.607,2.924,339.821,348.663,-398.669,29.169,32.467,-37.533,0.12000,0.12000,-0.12000,0.12000,0.12000,-0.12000,1,1.000
171538,0.3923,0.2483,-0.6342,-2.515,2.991,1.020,337.499,351.975,-399.076,29.416,32.721,-37.823,0.12000,0.12000,-0.12000,0.12000,0.12000,-0.12000,1,1.000
171546,0.2161,0.3751,-0.5815,7.148,-4.944,4.898,345.801,354.873,-401.650,29.669,32.979,-38.114,0.12000,0.12000,-0.12000,0.12000,0.12000,-0.12000,1,1.000
171554,0.2103,0.2334,-0.4376,-13.237,2.243,0.122,346.098,352.599,-402.146,29.922,33.235,-38.406,0.07801,0.12000,-0.12000,0.07801,0.12000,-0.12000,1,1.000
171561,0.4540,0.1533,-0.6034,19.270,-2.513,7.784,346.809,351.927,-404.725,30.174,33.491,-38.698,0.12000,0.12000,-0.12000,0.12000,0.12000,-0.12000,1,1.000
# gArmed = FALSE
171570,0.0233,0.3774,-0.3909,-18.854,-1.733,-6.458,345.384,352.552,-403.786,30.425,33.747,-38.991,0.07317,0.12000,-0.12000,0.00000,0.00000,0.00000,0,1.000
171577,0.5442,0.0760,-0.6183,28.483,10.674,2.082,349.883,358.961,-406.003,30.679,34.007,-39.284,0.12000,0.12000,-0.12000,0.00000,0.00000,0.00000,0,1.000
171585,0.3067,0.3923,-0.6888,-3.749,11.688,-21.879,349.725,360.624,-403.719,30.935,34.268,-39.577,0.12000,0.12000,-0.12000,0.00000,0.00000,0.00000,0,1.000
171593,0.6124,0.0868,-0.6971,29.548,15.876,-5.457,342.761,358.661,-405.097,31.186,34.525,-39.869,0.12000,0.12000,-0.12000,0.00000,0.00000,0.00000,0,1.000
171601,0.3244,0.4558,-0.7683,-4.008,7.783,-19.196,346.051,355.327,-403.279,31.438,34.781,-40.161,0.12000,0.12000,-0.12000,0.00000,0.00000,0.00000,0,1.000
171608,0.4191,0.0745,-0.4918,22.605,9.606,5.429,347.916,357.131,-404.983,31.692,35.038,-40.453,0.12000,0.12000,-0.12000,0.00000,0.00000,0.00000,0,1.000
171616,0.3326,0.3002,-0.6250,-4.617,-6.478,-6.125,350.157,358.515,-403.368,31.945,35.297,-40.744,0.12000,0.12000,-0.12000,0.00000,0.00000,0.00000,0,1.000
171624,0.2923,-0.1247,-0.1709,10.001,1.384,9.443,344.473,353.911,-404.908,32.195,35.554,-41.035,0.12000,0.12000,-0.12000,0.00000,0.00000,0.00000,0,1.000
171632,0.5189,0.2702,-0.7822,-3.586,-7.026,-2.379,348.714,352.386,-403.094,32.446,35.809,-41.326,0.12000,0.12000,-0.12000,0.00000,0.00000,0.00000,0,1.000
171639,0.3988,0.1442,-0.5393,3.635,2.630,-2.769,348.643,353.997,-404.558,32.700,36.064,-41.616,0.12000,0.12000,-0.12000,0.00000,0.00000,0.00000,0,1.000
171647,0.7903,0.4153,-1.1950,-1.597,4.575,-7.406,342.059,359.422,-403.106,32.948,36.321,-41.907,0.12000,0.12000,-0.12000,0.00000,0.00000,0.00000,0,1.000
171655,0.7488,0.4685,-1.2053,8.312,3.953,-14.578,344.580,357.270,-404.142,33.198,36.577,-42.196,0.12000,0.12000,-0.12000,0.00000,0.00000,0.00000,0,1.000
171663,1.0154,0.4679,-1.4713,-0.563,10.897,-14.552,346.942,354.469,-402.315,33.450,36.829,-42.486,0.12000,0.12000,-0.12000,0.00000,0.00000,0.00000,0,1.000
171671,1.1763,0.4711,-1.6354,16.751,1.404,-14.550,349.020,354.208,-403.581,33.701,37.082,-42.774,0.12000,0.12000,-0.12000,0.00000,0.00000,0.00000,0,1.000
171678,1.2148,0.4569,-1.6600,3.109,11.483,-13.948,343.188,356.214,-402.277,33.948,37.338,-43.063,0.12000,0.12000,-0.12000,0.00000,0.00000,0.00000,0,1.000
171686,1.3857,0.3328,-1.7101,8.567,-8.520,-1.305,346.954,354.479,-403.496,34.197,37.593,-43.351,0.12000,0.12000,-0.12000,0.00000,0.00000,0.00000,0,1.000
171694,1.2624,0.3778,-1.6306,-7.329,4.348,-11.387,347.539,349.038,-402.447,34.448,37.844,-43.639,0.12000,0.12000,-0.12000,0.00000,0.00000,0.00000,0,1.000
171701,1.4383,0.2006,-1.6340,9.631,-5.219,9.022,340.473,352.823,-403.435,34.694,38.096,-43.927,0.12000,0.12000,-0.12000,0.00000,0.00000,0.00000,0,1.000
171709,1.2166,0.4351,-1.6406,-19.060,0.221,-12.759,344.029,356.646,-402.371,34.942,38.350,-44.215,0.12000,0.12000,-0.12000,0.00000,0.00000,0.00000,0,1.000
171717,1.4602,0.1709,-1.6270,10.892,7.833,6.548,345.608,356.610,-403.130,35.191,38.603,-44.501,0.12000,0.12000,-0.12000,0.00000,0.00000,0.00000,0,1.000
171725,1.3120,0.6474,-1.9428,-21.507,-2.020,-13.671,347.331,352.180,-401.992,35.439,38.853,-44.789,0.12000,0.12000,-0.12000,0.00000,0.00000,0.00000,0,1.000
171733,1.4792,0.3267,-1.7977,13.376,13.361,-2.098,342.132,353.324,-402.662,35.684,39.103,-45.074,0.12000,0.12000,-0.12000,0.00000,0.00000,0.00000,0,1.000
171740,1.3507,0.8695,-2.1978,-13.916,-4.122,-9.855,346.607,355.000,-401.738,35.931,39.356,-45.361,0.12000,0.12000,-0.12000,0.00000,0.00000,0.00000,0,1.000
171748,1.4532,0.6001,-2.0380,11.147,9.266,-5.286,345.475,350.837,-402.076,36.180,39.607,-45.646,0.12000,0.12000,-0.12000,0.00000,0.00000,0.00000,0,1.000
171756,1.2862,1.0281,-2.2877,-8.123,-3.440,0.481,339.029,348.733,-401.390,36.423,39.856,-45.931,0.12000,0.12000,-0.12000,0.00000,0.00000,0.00000,0,1.000
171764,1.3001,0.8748,-2.1523,4.657,-0.187,-3.821,343.562,350.662,-401.253,36.669,40.105,-46.215,0.12000,0.12000,-0.12000,0.00000,0.00000,0.00000,0,1.000
171771,1.0704,1.1398,-2.1807,-7.099,-1.977,7.722,344.692,356.128,-400.848,36.916,40.357,-46.499,0.12000,0.12000,-0.12000,0.00000,0.00000,0.00000,0,1.000
171779,1.1095,1.0690,-2.1508,0.635,-8.329,2.322,344.675,353.425,-400.332,37.160,40.606,-46.782,0.12000,0.12000,-0.12000,0.00000,0.00000,0.00000,0,1.000
171787,1.0325,1.1326,-2.1357,-8.911,-0.607,4.675,341.848,351.077,-399.910,37.403,40.853,-47.065,0.12000,0.12000,-0.12000,0.00000,0.00000,0.00000,0,1.000
171795,1.0842,1.1146,-2.1700,-0.894,-10.986,7.145,345.546,352.322,-398.773,37.649,41.101,-47.346,0.12000,0.12000,-0.12000,0.00000,0.00000,0.00000,0,1.000
171802,0.9875,1.1636,-2.1209,-10.077,-1.647,-1.998,342.335,352.117,-398.773,37.894,41.351,-47.628,0.12000,0.12000,-0.12000,0.00000,0.00000,0.00000,0,1.000
171810,1.0989,1.1530,-2.2221,7.727,-8.361,7.845,337.413,348.947,-397.588,38.135,41.599,-47.908,0.12000,0.12000,-0.12000,0.00000,0.00000,0.00000,0,1.000
171818,0.9769,1.2314,-2.1764,-13.024,-7.485,-5.792,344.727,346.025,-397.048,38.380,41.843,-48.188,0.12000,0.12000,-0.12000,0.00000,0.00000,0.00000,0,1.000
171826,1.1250,1.0017,-2.1009,16.274,-1.463,5.189,342.733,352.168,-395.840,38.624,42.091,-48.466,0.12000,0.12000,-0.12000,0.00000,0.00000,0.00000,0,1.000
171833,0.8382,1.1466,-1.9550,-16.296,-16.707,-3.340,342.288,353.914,-395.781,38.864,42.340,-48.745,0.12000,0.12000,-0.12000,0.00000,0.00000,0.00000,0,1.000
171841,1.1312,0.7964,-1.9070,20.704,0.717,-0.367,341.772,350.864,-394.239,39.106,42.585,-49.021,0.12000,0.12000,-0.12000,0.00000,0.00000,0.00000,0,1.000
171849,0.7113,1.0322,-1.7166,-15.617,-21.265,2.654,343.441,349.134,-394.190,39.349,42.829,-49.298,0.12000,0.12000,-0.12000,0.00000,0.00000,0.00000,0,1.000
171857,1.0755,0.6514,-1.7101,17.137,-1.403,-3.244,338.887,351.401,-392.702,39.591,43.076,-49.573,0.12000,0.12000,-0.12000,0.00000,0.00000,0.00000,0,1.000
171864,0.6287,0.9605,-1.5643,-6.824,-16.638,6.254,337.998,349.515,-393.128,39.830,43.322,-49.849,0.12000,0.12000,-0.12000,0.00000,0.00000,0.00000,0,1.000
171872,0.9433,0.6892,-1.6147,8.520,-2.774,-10.064,345.272,343.903,-391.658,40.073,43.565,-50.123,0.12000,0.12000,-0.12000,0.00000,0.00000,0.00000,0,1.000
171880,0.8178,0.8561,-1.6517,-5.740,-10.520,-2.218,339.316,348.703,-392.560,40.313,43.809,-50.399,0.12000,0.12000,-0.12000,0.00000,0.00000,0.00000,0,1.000
171888,1.0495,0.6422,-1.6752,13.606,0.050,-7.506,340.920,352.103,-391.249,40.552,44.055,-50.672,0.12000,0.12000,-0.12000,0.00000,0.00000,0.00000,0,1.000
171895,1.0350,0.6844,-1.7017,5.007,-1.741,-2.401,342.733,350.754,-392.714,40.793,44.298,-50.947,0.12000,0.12000,-0.12000,0.00000,0.00000,0.00000,0,1.000
171903,1.1827,0.6393,-1.8055,9.701,-2.508,-5.589,338.340,346.994,-391.189,41.032,44.540,-51.220,0.12000,0.12000,-0.12000,0.00000,0.00000,0.00000,0,1.000
171911,1.2233,0.6279,-1.8351,5.867,-1.268,-1.937,336.946,349.282,-393.177,41.270,44.782,-51.495,0.12000,0.12000,-0.12000,0.00000,0.00000,0.00000,0,1.000
171919,1.3884,0.5632,-1.9372,11.199,-0.902,-1.398,339.582,349.037,-392.480,41.509,45.027,-51.769,0.12000,0.12000,-0.12000,0.00000,0.00000,0.00000,0,1.000
171927,1.3578,0.4135,-1.7608,-1.521,-4.171,2.011,342.997,342.800,-394.989,41.749,45.267,-52.044,0.12000,0.12000,-0.12000,0.00000,0.00000,0.00000,0,1.000
171934,1.6511,0.4359,-2.0760,14.105,7.516,-1.094,336.683,345.438,-394.017,41.985,45.508,-52.318,0.12000,0.12000,-0.12000,0.00000,0.00000,0.00000,0,1.000
171942,1.3780,0.3719,-1.7405,-8.271,-5.982,6.767,341.606,350.167,-396.827,42.222,45.751,-52.594,0.12000,0.12000,-0.12000,0.00000,0.00000,0.00000,0,1.000
171950,1.8459,0.3142,-2.1523,13.163,12.834,-3.886,340.191,349.536,-395.347,42.462,45.992,-52.869,0.12000,0.12000,-0.12000,0.00000,0.00000,0.00000,0,1.000
171958,1.3730,0.4173,-1.7797,-7.869,-3.274,10.845,334.063,345.480,-397.738,42.696,46.231,-53.144,0.12000,0.12000,-0.12000,0.00000,0.00000,0.00000,0,1.000
171965,1.8845,0.2106,-2.0900,5.457,9.204,-3.440,339.510,347.432,-395.651,42.934,46.471,-53.418,0.12000,0.12000,-0.12000,0.00000,0.00000,0.00000,0,1.000
171973,1.5091,0.3798,-1.8793,-16.653,-3.554,7.541,339.537,348.106,-398.221,43.171,46.713,-53.692,0.12000,0.12000,-0.12000,0.00000,0.00000,0.00000,0,1.000
171981,1.7897,0.2128,-1.9974,10.519,10.950,-0.734,339.199,341.793,-395.512,43.407,46.951,-53.966,0.12000,0.12000,-0.12000,0.00000,0.00000,0.00000,0,1.000
171989,1.4895,0.4027,-1.8820,-6.986,-1.713,12.314,337.829,343.190,-398.269,43.641,47.189,-54.239,0.12000,0.12000,-0.12000,0.00000,0.00000,0.00000,0,1.000
171997,1.4813,0.3928,-1.8641,-4.558,5.509,-3.681,340.290,347.958,-394.611,43.878,47.429,-54.511,0.12000,0.12000,-0.12000,0.00000,0.00000,0.00000,0,1.000
172004,1.2487,0.5470,-1.7818,-0.055,4.165,13.776,335.578,348.662,-397.228,44.113,47.668,-54.782,0.12000,0.12000,-0.12000,0.00000,0.00000,0.00000,0,1.000
172012,1.1917,0.6296,-1.8051,-15.696,1.344,-2.436,334.971,343.910,-392.666,44.346,47.904,-55.052,0.12000,0.12000,-0.12000,0.00000,0.00000,0.00000,0,1.000
172020,1.2159,0.4112,-1.6166,0.761,1.578,10.788,341.809,346.068,-395.176,44.583,48.142,-55.321,0.12000,0.12000,-0.12000,0.00000,0.00000,0.00000,0,1.000
172028,1.0181,0.8463,-1.8426,-12.777,0.357,-3.203,335.429,345.803,-390.239,44.816,48.381,-55.588,0.12000,0.12000,-0.12000,0.00000,0.00000,0.00000,0,1.000
172035,0.9970,0.4912,-1.4755,-5.870,-0.017,7.385,338.206,339.392,-392.752,45.049,48.616,-55.856,0.12000,0.12000,-0.12000,0.00000,0.00000,0.00000,0,1.000
172043,1.0070,0.9690,-1.9509,-8.416,3.535,-4.715,339.648,342.264,-388.989,45.285,48.851,-56.122,0.12000,0.12000,-0.12000,0.00000,0.00000,0.00000,0,1.000
172051,0.7397,0.7782,-1.4977,-9.680,-1.539,4.791,333.453,347.375,-391.708,45.517,49.089,-56.389,0.11812,0.12000,-0.12000,0.00000,0.00000,0.00000,0,1.000
172059,1.0409,0.8822,-1.9002,-8.066,2.523,-6.486,335.122,346.272,-388.680,45.749,49.325,-56.655,0.12000,0.12000,-0.12000,0.00000,0.00000,0.00000,0,1.000
172066,0.7071,0.8860,-1.5701,-12.835,-5.046,4.371,337.688,342.408,-391.562,45.983,49.559,-56.922,0.11332,0.12000,-0.12000,0.00000,0.00000,0.00000,0,1.000
172074,0.8829,0.8436,-1.7047,-2.107,3.719,-8.886,337.645,345.132,-389.915,46.215,49.795,-57.189,0.12000,0.12000,-0.12000,0.00000,0.00000,0.00000,0,1.000
172082,0.7700,0.8863,-1.6333,-2.741,-4.635,3.485,335.104,342.922,-392.517,46.445,50.031,-57.456,0.12000,0.12000,-0.12000,0.00000,0.00000,0.00000,0,1.000
172090,0.7192,0.8081,-1.5064,-11.407,0.607,-9.374,338.252,337.756,-391.722,46.678,50.263,-57.725,0.12000,0.12000,-0.12000,0.00000,0.00000,0.00000,0,1.000
172097,0.6150,0.8873,-1.4793,10.816,1.113,2.784,333.611,343.609,-393.084,46.909,50.497,-57.993,0.12000,0.12000,-0.12000,0.00000,0.00000,0.00000,0,1.000
172105,0.3932,0.9943,-1.3616,-20.916,-0.729,-10.791,332.400,346.119,-392.273,47.138,50.733,-58.261,0.09341,0.12000,-0.12000,0.00000,0.00000,0.00000,0,1.000
172113,0.7345,0.7242,-1.4399,18.010,6.457,-0.033,339.392,343.156,-392.790,47.371,50.965,-58.528,0.12000,0.12000,-0.12000,0.00000,0.00000,0.00000,0,1.000
172121,0.2441,1.2079,-1.4206,-19.072,-3.760,-10.131,333.613,341.520,-391.578,47.600,51.196,-58.796,0.10213,0.12000,-0.12000,0.00000,0.00000,0.00000,0,1.000
172129,0.6525,0.7217,-1.3555,13.547,8.353,-0.958,335.253,343.394,-390.367,47.828,51.430,-59.061,0.12000,0.12000,-0.12000,0.00000,0.00000,0.00000,0,1.000
172136,0.3021,1.3304,-1.5978,-6.637,-4.944,-7.109,337.209,339.685,-388.900,48.060,51.663,-59.326,0.12000,0.12000,-0.12000,0.00000,0.00000,0.00000,0,1.000
172144,0.3853,1.0608,-1.4185,2.969,9.265,-7.674,330.450,337.511,-386.644,48.287,51.892,-59.588,0.12000,0.12000,-0.12000,0.00000,0.00000,0.00000,0,1.000
172152,0.4145,1.2777,-1.6589,1.831,-0.810,-2.269,333.825,345.155,-385.835,48.516,52.126,-59.850,0.12000,0.12000,-0.12000,0.00000,0.00000,0.00000,0,1.000
172160,0.3227,1.2610,-1.5508,1.015,5.470,-1.921,335.428,342.659,-383.990,48.746,52.358,-60.110,0.12000,0.12000,-0.12000,0.00000,0.00000,0.00000,0,1.000
172168,0.4662,1.2051,-1.6399,-0.542,-0.302,-4.847,335.255,340.396,-384.878,48.973,52.586,-60.371,0.12000,0.12000,-0.12000,0.00000,0.00000,0.00000,0,1.000
172176,0.3077,1.2875,-1.5616,4.186,3.028,-5.822,332.133,341.042,-383.558,49.200,52.817,-60.630,0.12000,0.12000,-0.12000,0.00000,0.00000,0.00000,0,1.000
172183,0.4721,1.0631,-1.5075,-5.430,-3.001,-0.857,336.041,340.813,-384.782,49.428,53.048,-60.891,0.12000,0.12000,-0.12000,0.00000,0.00000,0.00000,0,1.000
172191,0.6376,1.2600,-1.8648,11.540,3.116,-6.710,331.155,336.513,-383.693,49.655,53.277,-61.150,0.12000,0.12000,-0.12000,0.00000,0.00000,0.00000,0,1.000
172199,0.2852,1.1722,-1.4268,-12.590,-4.847,1.701,329.655,337.756,-386.287,49.880,53.505,-61.411,0.10854,0.12000,-0.12000,0.00000,0.00000,0.00000,0,1.000
172207,0.9002,1.0871,-1.9590,15.459,4.000,-5.383,337.198,344.188,-386.264,50.109,53.736,-61.672,0.12000,0.12000,-0.12000,0.00000,0.00000,0.00000,0,1.000
172214,0.3200,1.2781,-1.5648,-9.910,-7.081,1.680,330.793,339.783,-389.904,50.334,53.964,-61.934,0.12000,0.12000,-0.12000,0.00000,0.00000,0.00000,0,1.000
172222,0.9726,0.8642,-1.8144,6.808,2.344,-3.114,333.779,339.280,-388.892,50.558,54.191,-62.196,0.12000,0.12000,-0.12000,0.00000,0.00000,0.00000,0,1.000
172230,0.5897,1.1701,-1.7294,2.656,-9.773,6.396,334.456,341.308,-391.941,50.786,54.421,-62.458,0.12000,0.12000,-0.12000,0.00000,0.00000,0.00000,0,1.000
172238,0.8230,0.9147,-1.7140,10.673,5.431,0.401,327.369,334.786,-388.527,51.009,54.647,-62.718,0.12000,0.12000,-0.12000,0.00000,0.00000,0.00000,0,1.000
172245,0.7651,1.0303,-1.7686,-0.207,-10.940,5.666,333.378,336.966,-390.512,51.234,54.874,-62.978,0.12000,0.12000,-0.12000,0.00000,0.00000,0.00000,0,1.000
172253,0.6635,1.0721,-1.7078,-2.117,6.091,-5.439,332.557,341.898,-385.207,51.460,55.103,-63.235,0.12000,0.12000,-0.12000,0.00000,0.00000,0.00000,0,1.000
172261,0.8788,0.8258,-1.6833,8.447,-4.021,14.512,331.330,339.561,-388.013,51.682,55.328,-63.493,0.12000,0.12000,-0.12000,0.00000,0.00000,0.00000,0,1.000
172269,0.6808,1.1122,-1.7641,-6.239,-0.266,-7.327,333.187,336.854,-383.159,51.906,55.553,-63.748,0.12000,0.12000,-0.12000,0.00000,0.00000,0.00000,0,1.000
172277,0.8426,0.6384,-1.4645,7.947,-0.573,15.154,330.279,339.598,-385.961,52.130,55.780,-64.004,0.12000,0.12000,-0.12000,0.00000,0.00000,0.00000,0,1.000
172284,0.8266,1.1012,-1.8992,-0.270,-5.752,-3.262,328.427,335.861,-383.374,52.352,56.006,-64.260,0.12000,0.12000,-0.12000,0.00000,0.00000,0.00000,0,1.000
172292,0.6847,0.7496,-1.4150,1.108,3.031,11.836,331.971,333.420,-386.655,52.576,56.229,-64.517,0.12000,0.12000,-0.12000,0.00000,0.00000,0.00000,0,1.000
172300,1.0624,0.8990,-1.9381,1.477,-3.751,3.666,332.689,341.245,-386.090,52.798,56.456,-64.775,0.12000,0.12000,-0.12000,0.00000,0.00000,0.00000,0,1.000
172307,0.7789,0.8621,-1.6186,2.914,0.359,5.834,329.868,337.853,-388.013,53.019,56.680,-65.033,0.12000,0.12000,-0.12000,0.00000,0.00000,0.00000,0,1.000
172315,1.1074,0.5807,-1.6732,-4.761,-2.934,7.391,332.645,336.482,-387.152,53.243,56.902,-65.292,0.12000,0.12000,-0.12000,0.00000,0.00000,0.00000,0,1.000
172323,1.1107,0.6821,-1.7752,11.408,-1.811,4.688,327.452,338.688,-386.065,53.464,57.128,-65.548,0.12000,0.12000,-0.12000,0.00000,0.00000,0.00000,0,1.000
172331,1.0659,0.5040,-1.5569,-5.917,0.776,3.779,328.857,332.434,-385.243,53.684,57.350,-65.804,0.12000,0.12000,-0.12000,0.00000,0.00000,0.00000,0,1.000
172339,1.3104,0.4611,-1.7597,13.342,-3.177,8.347,334.063,333.442,-382.458,53.908,57.572,-66.058,0.12000,0.12000,-0.12000,0.00000,0.00000,0.00000,0,1.000
172346,1.0139,0.5153,-1.5160,-16.401,0.547,-0.943,327.317,338.962,-381.148,54.126,57.796,-66.311,0.11627,0.12000,-0.12000,0.00000,0.00000,0.00000,0,1.000
172354,1.4161,0.1616,-1.5738,18.505,5.320,7.578,331.754,337.314,-379.348,54.346,58.018,-66.562,0.12000,0.12000,-0.12000,0.00000,0.00000,0.00000,0,1.000
172362,1.0447,0.4484,-1.4816,-15.220,-4.754,-3.907,329.494,334.668,-380.458,54.568,58.239,-66.815,0.12000,0.12000,-0.12000,0.00000,0.00000,0.00000,0,1.000
172370,1.4757,-0.0771,-1.4010,12.331,10.940,4.534,324.611,336.816,-380.573,54.785,58.462,-67.066,0.12000,0.12000,-0.12000,0.00000,0.00000,0.00000,0,1.000
172377,1.1931,0.3374,-1.5219,-3.392,-8.960,1.473,333.103,332.464,-384.344,55.007,58.683,-67.321,0.12000,0.12000,-0.12000,0.00000,0.00000,0.00000,0,1.000
172385,1.2043,0.1508,-1.3514,0.962,12.259,-5.818,327.229,332.116,-384.141,55.225,58.902,-67.574,0.12000,0.12000,-0.12000,0.00000,0.00000,0.00000,0,1.000
172393,1.3327,0.0487,-1.3804,3.462,-2.925,11.624,329.691,339.092,-387.497,55.442,59.125,-67.829,0.12000,0.12000,-0.12000,0.00000,0.00000,0.00000,0,1.000
172401,1.1779,0.3234,-1.4930,-5.485,4.684,-11.879,330.674,333.958,-384.406,55.663,59.344,-68.082,0.12000,0.12000,-0.12000,0.00000,0.00000,0.00000,0,1.000
172408,1.2177,-0.0931,-1.1273,2.203,3.104,11.925,323.448,334.402,-386.479,55.879,59.563,-68.334,0.12000,0.12000,-0.12000,0.00000,0.00000,0.00000,0,1.000
172416,1.3078,0.3229,-1.6225,-2.272,-1.175,-8.176,329.797,335.794,-380.849,56.098,59.784,-68.583,0.12000,0.12000,-0.12000,0.00000,0.00000,0.00000,0,1.000
172424,1.0558,0.1074,-1.1607,-4.048,6.755,5.541,328.448,328.609,-382.530,56.316,60.002,-68.832,0.12000,0.12000,-0.12000,0.00000,0.00000,0.00000,0,1.000
172432,1.3413,0.2545,-1.5894,3.006,1.376,-5.434,327.861,333.938,-378.569,56.531,60.220,-69.080,0.12000,0.12000,-0.12000,0.00000,0.00000,0.00000,0,1.000
172439,1.0194,0.3002,-1.3120,-7.934,2.338,2.640,330.238,336.533,-381.765,56.750,60.441,-69.329,0.12000,0.12000,-0.12000,0.00000,0.00000,0.00000,0,1.000
172447,1.2292,0.2265,-1.4501,-0.914,3.517,-0.592,323.672,332.579,-381.118,56.965,60.657,-69.579,0.12000,0.12000,-0.12000,0.00000,0.00000,0.00000,0,1.000
172455,1.2015,0.3053,-1.4991,-1.342,-2.559,0.311,326.758,334.298,-383.641,57.181,60.875,-69.830,0.12000,0.12000,-0.12000,0.00000,0.00000,0.00000,0,1.000
172463,1.0691,0.2532,-1.3159,-12.988,5.735,-1.202,328.440,332.151,-383.160,57.398,61.094,-70.081,0.12000,0.12000,-0.12000,0.00000,0.00000,0.00000,0,1.000
172471,1.1968,0.2473,-1.4379,9.391,-1.847,5.355,326.931,328.760,-382.865,57.612,61.309,-70.331,0.12000,0.12000,-0.12000,0.00000,0.00000,0.00000,0,1.000
172478,0.7809,0.4793,-1.2478,-18.910,1.266,-6.984,328.487,334.156,-380.583,57.828,61.527,-70.581,0.11110,0.12000,-0.12000,0.00000,0.00000,0.00000,0,1.000
172486,1.2210,0.1120,-1.3303,12.759,7.155,6.196,324.913,334.608,-377.665,58.043,61.744,-70.827,0.12000,0.12000,-0.12000,0.00000,0.00000,0.00000,0,1.000
172494,0.7447,0.6088,-1.3377,-15.283,-7.236,-6.018,324.344,330.842,-376.310,58.256,61.958,-71.072,0.12000,0.12000,-0.12000,0.00000,0.00000,0.00000,0,1.000
172501,0.9928,0.2130,-1.2004,5.627,11.819,0.946,327.487,333.326,-375.423,58.472,62.175,-71.316,0.12000,0.12000,-0.12000,0.00000,0.00000,0.00000,0,1.000
172509,0.8516,0.5352,-1.3730,-3.516,-9.940,2.679,326.638,328.676,-378.431,58.685,62.390,-71.563,0.12000,0.12000,-0.12000,0.00000,0.00000,0.00000,0,1.000
172517,0.7442,0.5982,-1.3269,-1.492,9.555,-13.030,326.065,328.155,-378.323,58.899,62.604,-71.809,0.12000,0.12000,-0.12000,0.00000,0.00000,0.00000,0,1.000
172525,0.8190,0.3639,-1.1736,1.595,-2.078,10.422,325.916,335.604,-382.799,59.112,62.821,-72.057,0.12000,0.12000,-0.12000,0.00000,0.00000,0.00000,0,1.000
172533,0.7504,0.5720,-1.3076,-0.126,7.661,-11.551,322.208,330.478,-381.088,59.324,63.034,-72.304,0.12000,0.12000,-0.12000,0.00000,0.00000,0.00000,0,1.000
172540,0.7368,0.3341,-1.0623,-3.221,-1.641,6.658,325.654,331.374,-383.796,59.537,63.247,-72.552,0.12000,0.12000,-0.12000,0.00000,0.00000,0.00000,0,1.000
172548,0.8902,0.6265,-1.5005,1.676,0.191,-10.850,327.156,331.489,-378.458,59.750,63.463,-72.796,0.12000,0.12000,-0.12000,0.00000,0.00000,0.00000,0,1.000
172556,0.6459,0.5738,-1.2049,-4.769,1.413,2.936,324.045,324.787,-379.579,59.961,63.674,-73.039,0.12000,0.12000,-0.12000,0.00000,0.00000,0.00000,0,1.000
172564,1.0854,0.6541,-1.7227,2.887,-1.069,-3.505,325.940,332.598,-375.239,60.174,63.888,-73.281,0.12000,0.12000,-0.12000,0.00000,0.00000,0.00000,0,1.000
172571,0.7607,0.6861,-1.4291,-2.804,-0.590,-1.782,321.104,331.434,-378.388,60.384,64.102,-73.523,0.12000,0.12000,-0.12000,0.00000,0.00000,0.00000,0,1.000
172579,1.0919,0.5455,-1.6234,-4.649,3.987,-0.921,324.673,329.153,-378.053,60.595,64.312,-73.768,0.12000,0.12000,-0.12000,0.00000,0.00000,0.00000,0,1.000
172587,1.0640,0.5918,-1.6406,7.610,-4.764,1.281,326.793,331.719,-380.300,60.807,64.526,-74.012,0.12000,0.12000,-0.12000,0.00000,0.00000,0.00000,0,1.000
172595,0.8744,0.6138,-1.4723,-12.155,2.473,-5.961,322.688,325.034,-379.620,61.016,64.736,-74.258,0.12000,0.12000,-0.12000,0.00000,0.00000,0.00000,0,1.000
172603,1.2507,0.3687,-1.6100,14.043,1.997,6.266,325.598,327.260,-379.102,61.227,64.947,-74.501,0.12000,0.12000,-0.12000,0.00000,0.00000,0.00000,0,1.000
172610,0.7945,0.7223,-1.4981,-13.875,-6.739,-6.127,320.923,332.371,-376.445,61.437,65.160,-74.744,0.12000,0.12000,-0.12000,0.00000,0.00000,0.00000,0,1.000
172618,1.0477,0.3983,-1.4358,12.692,3.857,10.302,322.205,328.367,-373.457,61.645,65.369,-74.983,0.12000,0.12000,-0.12000,0.00000,0.00000,0.00000,0,1.000
172626,0.8421,0.7268,-1.5501,-12.719,-7.490,-8.012,327.655,328.529,-373.242,61.857,65.579,-75.223,0.12000,0.12000,-0.12000,0.00000,0.00000,0.00000,0,1.000
172634,1.0305,0.3396,-1.3615,9.621,10.045,4.858,320.621,329.479,-372.045,62.064,65.790,-75.461,0.12000,0.12000,-0.12000,0.00000,0.00000,0.00000,0,1.000
172642,0.9228,0.6808,-1.5860,-4.063,-11.914,1.288,325.537,324.379,-373.447,62.273,65.999,-75.701,0.12000,0.12000,-0.12000,0.00000,0.00000,0.00000,0,1.000
172650,0.8600,0.7025,-1.5443,4.043,10.773,-8.895,322.024,327.423,-373.792,62.482,66.208,-75.940,0.12000,0.12000,-0.12000,0.00000,0.00000,0.00000,0,1.000
172658,0.8464,0.5659,-1.3977,-0.001,-3.277,9.623,318.450,331.370,-378.437,62.688,66.419,-76.182,0.12000,0.12000,-0.12000,0.00000,0.00000,0.00000,0,1.000
172665,0.9052,0.8189,-1.7029,1.748,0.610,-10.810,326.822,325.727,-377.747,62.898,66.626,-76.423,0.12000,0.12000,-0.12000,0.00000,0.00000,0.00000,0,1.000
172673,0.7592,0.5446,-1.2898,0.404,1.077,7.611,319.672,329.032,-380.134,63.104,66.835,-76.664,0.12000,0.12000,-0.12000,0.00000,0.00000,0.00000,0,1.000
172681,1.0573,0.7605,-1.7982,2.553,-4.023,-3.281,324.734,324.502,-374.283,63.311,67.043,-76.902,0.12000,0.12000,-0.12000,0.00000,0.00000,0.00000,0,1.000
172689,0.8020,0.7040,-1.4878,-5.008,-1.020,2.014,320.715,324.534,-375.380,63.519,67.250,-77.139,0.12000,0.12000,-0.12000,0.00000,0.00000,0.00000,0,1.000
172696,1.0932,0.6498,-1.7263,5.882,0.148,-0.212,318.585,330.710,-372.286,63.723,67.459,-77.375,0.12000,0.12000,-0.12000,0.00000,0.00000,0.00000,0,1.000
172704,1.0110,0.6464,-1.6408,-2.106,-4.368,0.030,325.764,324.883,-375.934,63.932,67.664,-77.613,0.12000,0.12000,-0.12000,0.00000,0.00000,0.00000,0,1.000
172712,1.0208,0.5981,-1.6035,-3.171,3.848,-0.463,318.872,327.944,-376.213,64.136,67.871,-77.852,0.12000,0.12000,-0.12000,0.00000,0.00000,0.00000,0,1.000
172720,1.2055,0.5058,-1.6984,7.806,-5.750,6.510,323.794,324.145,-377.084,64.342,68.078,-78.091,0.12000,0.12000,-0.12000,0.00000,0.00000,0.00000,0,1.000
172728,1.0301,0.6082,-1.6226,-12.193,1.476,-6.723,319.458,321.704,-374.997,64.548,68.282,-78.330,0.12000,0.12000,-0.12000,0.00000,0.00000,0.00000,0,1.000
172735,1.2916,0.3357,-1.6189,12.353,5.755,9.590,318.099,329.675,-371.526,64.751,68.490,-78.565,0.12000,0.12000,-0.12000,0.00000,0.00000,0.00000,0,1.000
172743,0.9533,0.6425,-1.5792,-12.272,-8.324,-3.925,324.835,324.302,-369.859,64.958,68.694,-78.799,0.12000,0.12000,-0.12000,0.00000,0.00000,0.00000,0,1.000
172751,1.1675,0.3385,-1.4974,9.886,10.917,3.721,318.078,326.341,-369.551,65.160,68.899,-79.033,0.12000,0.12000,-0.12000,0.00000,0.00000,0.00000,0,1.000
172758,0.9561,0.5720,-1.5133,-3.925,-11.539,5.215,323.030,324.292,-373.931,65.365,69.105,-79.269,0.12000,0.12000,-0.12000,0.00000,0.00000,0.00000,0,1.000
172766,0.9748,0.5562,-1.5166,1.814,9.481,-8.969,317.215,320.377,-374.838,65.569,69.307,-79.505,0.12000,0.12000,-0.12000,0.00000,0.00000,0.00000,0,1.000
172774,0.9097,0.3778,-1.2778,0.300,-1.587,14.186,318.976,328.751,-378.084,65.772,69.514,-79.743,0.12000,0.12000,-0.12000,0.00000,0.00000,0.00000,0,1.000
172782,0.9435,0.6186,-1.5461,-3.008,-1.757,-9.610,322.946,323.343,-372.810,65.977,69.716,-79.977,0.12000,0.12000,-0.12000,0.00000,0.00000,0.00000,0,1.000
172790,0.8859,0.4280,-1.3029,-2.830,-1.334,9.768,318.293,325.422,-374.221,66.178,69.919,-80.210,0.12000,0.12000,-0.12000,0.00000,0.00000,0.00000,0,1.000
172797,0.9799,0.6985,-1.6604,0.894,0.111,-6.391,321.676,324.065,-369.285,66.381,70.124,-80.441,0.12000,0.12000,-0.12000,0.00000,0.00000,0.00000,0,1.000
172805,0.8273,0.6178,-1.4292,-2.926,2.709,5.401,315.864,318.803,-372.752,66.583,70.324,-80.673,0.12000,0.12000,-0.12000,0.00000,0.00000,0.00000,0,1.000
172813,0.8714,0.6625,-1.5168,0.159,-0.013,0.069,319.331,327.626,-372.915,66.785,70.529,-80.908,0.12000,0.12000,-0.12000,0.00000,0.00000,0.00000,0,1.000
172820,0.9037,0.6201,-1.5078,0.530,0.593,-0.697,320.387,322.348,-374.484,66.987,70.730,-81.142,0.12000,0.12000,-0.12000,0.00000,0.00000,0.00000,0,1.000
172828,0.9476,0.6038,-1.5358,-6.147,1.509,-0.645,319.074,324.524,-371.917,67.187,70.931,-81.376,0.12000,0.12000,-0.12000,0.00000,0.00000,0.00000,0,1.000
172836,1.0613,0.5521,-1.5992,6.815,-0.104,2.489,318.207,321.949,-367.985,67.389,71.134,-81.606,0.12000,0.12000,-0.12000,0.00000,0.00000,0.00000,0,1.000
172844,0.8079,0.6446,-1.4358,-11.553,-2.876,-5.970,315.750,318.600,-367.276,67.588,71.333,-81.836,0.12000,0.12000,-0.12000,0.00000,0.00000,0.00000,0,1.000
172851,1.1083,0.4900,-1.5857,8.778,9.202,2.318,319.528,326.677,-367.735,67.790,71.536,-82.065,0.12000,0.12000,-0.12000,0.00000,0.00000,0.00000,0,1.000
172859,0.7656,0.6647,-1.4132,-8.924,-9.140,-2.652,318.447,321.236,-371.719,67.989,71.735,-82.297,0.12000,0.12000,-0.12000,0.00000,0.00000,0.00000,0,1.000
172867,0.9837,0.5167,-1.4872,3.986,9.304,-5.679,319.637,323.446,-372.528,68.189,71.935,-82.529,0.12000,0.12000,-0.12000,0.00000,0.00000,0.00000,0,1.000
172875,0.7974,0.5693,-1.3520,0.905,-7.412,7.039,315.175,320.972,-375.129,68.388,72.136,-82.762,0.12000,0.12000,-0.12000,0.00000,0.00000,0.00000,0,1.000
172883,0.7938,0.7035,-1.4791,-4.854,2.194,-13.935,316.979,318.153,-368.897,68.587,72.334,-82.990,0.12000,0.12000,-0.12000,0.00000,0.00000,0.00000,0,1.000
172890,0.6522,0.6907,-1.3250,-1.208,-6.025,8.506,318.136,325.798,-369.956,68.788,72.535,-83.218,0.12000,0.12000,-0.12000,0.00000,0.00000,0.00000,0,1.000
172898,0.6080,0.9126,-1.4969,-0.940,1.835,-13.893,317.352,319.900,-367.467,68.984,72.733,-83.445,0.12000,0.12000,-0.12000,0.00000,0.00000,0.00000,0,1.000
172906,0.6602,0.6688,-1.3118,4.209,2.702,8.526,319.744,322.960,-371.643,69.185,72.932,-83.675,0.12000,0.12000,-0.12000,0.00000,0.00000,0.00000,0,1.000
172914,0.5877,0.8900,-1.4547,-3.040,-5.322,-7.489,311.884,318.494,-371.493,69.380,73.130,-83.906,0.12000,0.12000,-0.12000,0.00000,0.00000,0.00000,0,1.000
172921,0.6495,0.7899,-1.4189,2.858,5.313,1.876,319.254,318.554,-369.846,69.580,73.327,-84.135,0.12000,0.12000,-0.12000,0.00000,0.00000,0.00000,0,1.000
172929,0.6383,0.9775,-1.5904,-3.675,-4.259,2.868,315.074,324.325,-367.139,69.777,73.527,-84.363,0.12000,0.12000,-0.12000,0.00000,0.00000,0.00000,0,1.000
172937,0.7016,0.9737,-1.6500,4.936,3.497,-2.928,317.567,318.646,-364.146,69.973,73.722,-84.587,0.12000,0.12000,-0.12000,0.00000,0.00000,0.00000,0,1.000
172945,0.5902,0.9151,-1.4815,-3.849,-4.383,1.473,317.382,321.997,-366.908,70.172,73.920,-84.814,0.12000,0.12000,-0.12000,0.00000,0.00000,0.00000,0,1.000
172952,0.7925,0.9802,-1.7473,7.828,4.368,0.604,311.223,316.155,-368.889,70.366,74.116,-85.041,0.12000,0.12000,-0.12000,0.00000,0.00000,0.00000,0,1.000
172960,0.5793,0.9165,-1.4720,-4.197,-5.804,-0.035,320.188,319.695,-373.340,70.565,74.312,-85.271,0.12000,0.12000,-0.12000,0.00000,0.00000,0.00000,0,1.000
172968,0.8143,0.9665,-1.7557,4.840,6.905,-0.742,312.894,322.076,-368.879,70.759,74.509,-85.497,0.12000,0.12000,-0.12000,0.00000,0.00000,0.00000,0,1.000
172976,0.6559,0.9325,-1.5642,1.728,-6.105,4.914,318.273,318.577,-368.896,70.955,74.703,-85.722,0.12000,0.12000,-0.12000,0.00000,0.00000,0.00000,0,1.000
172983,0.7469,0.9578,-1.6798,-5.149,2.899,-5.777,312.769,319.746,-364.719,71.150,74.900,-85.945,0.12000,0.12000,-0.12000,0.00000,0.00000,0.00000,0,1.000
172991,0.6520,0.9283,-1.5562,1.933,-7.283,8.742,313.818,314.680,-368.824,71.344,75.093,-86.170,0.12000,0.12000,-0.12000,0.00000,0.00000,0.00000,0,1.000
172999,0.6153,0.9744,-1.5644,-4.590,0.973,-8.215,317.550,321.362,-368.931,71.541,75.290,-86.397,0.12000,0.12000,-0.12000,0.00000,0.00000,0.00000,0,1.000
173007,0.7589,0.7568,-1.4961,6.486,2.249,14.847,313.536,319.419,-369.090,71.733,75.484,-86.623,0.12000,0.12000,-0.12000,0.00000,0.00000,0.00000,0,1.000
173014,0.5430,1.0216,-1.5380,-9.587,-8.343,-4.683,315.740,319.029,-365.193,71.928,75.677,-86.848,0.12000,0.12000,-0.12000,0.00000,0.00000,0.00000,0,1.000
173022,0.6725,0.7767,-1.4291,6.544,7.388,6.265,311.075,316.283,-362.172,72.121,75.872,-87.068,0.12000,0.12000,-0.12000,0.00000,0.00000,0.00000,0,1.000
173030,0.4569,1.0576,-1.4870,-4.643,-9.979,3.429,315.476,315.461,-364.887,72.316,76.064,-87.291,0.12000,0.12000,-0.12000,0.00000,0.00000,0.00000,0,1.000
173038,0.5115,1.0004,-1.4860,4.028,7.791,-4.939,314.024,321.074,-367.027,72.508,76.260,-87.515,0.12000,0.12000,-0.12000,0.00000,0.00000,0.00000,0,1.000
173045,0.4012,0.8908,-1.2688,-1.863,-3.919,8.328,316.310,316.860,-371.443,72.702,76.450,-87.741,0.12000,0.12000,-0.12000,0.00000,0.00000,0.00000,0,1.000
173053,0.4635,1.0680,-1.5037,2.170,1.912,-4.706,309.769,319.458,-366.483,72.893,76.644,-87.964,0.12000,0.12000,-0.12000,0.00000,0.00000,0.00000,0,1.000
173061,0.4193,0.8054,-1.2037,-0.963,-1.539,6.843,314.823,312.171,-366.535,73.086,76.835,-88.185,0.12000,0.12000,-0.12000,0.00000,0.00000,0.00000,0,1.000
173069,0.4818,1.0582,-1.5125,-0.195,0.779,0.802,312.704,317.859,-362.796,73.279,77.028,-88.404,0.12000,0.12000,-0.12000,0.00000,0.00000,0.00000,0,1.000
173077,0.4362,0.9284,-1.3404,1.283,0.464,2.597,314.036,319.038,-366.933,73.469,77.221,-88.626,0.12000,0.12000,-0.12000,0.00000,0.00000,0.00000,0,1.000
173084,0.4763,1.0227,-1.4724,1.582,4.012,-1.566,314.766,316.396,-367.427,73.663,77.410,-88.850,0.12000,0.12000,-0.12000,0.00000,0.00000,0.00000,0,1.000
173092,0.5033,0.9403,-1.4191,2.956,-2.635,4.235,308.202,317.967,-365.904,73.851,77.603,-89.072,0.12000,0.12000,-0.12000,0.00000,0.00000,0.00000,0,1.000
173100,0.4272,0.9389,-1.3417,-7.399,-0.339,-5.890,317.290,310.570,-362.079,74.045,77.792,-89.292,0.12000,0.12000,-0.12000,0.00000,0.00000,0.00000,0,1.000
173107,0.5775,0.8706,-1.4255,7.401,6.290,5.662,309.784,319.698,-359.872,74.234,77.984,-89.509,0.12000,0.12000,-0.12000,0.00000,0.00000,0.00000,0,1.000
173115,0.4008,0.9329,-1.3095,-9.993,-7.911,-4.393,315.452,314.969,-364.364,74.425,78.173,-89.729,0.12000,0.12000,-0.12000,0.00000,0.00000,0.00000,0,1.000
173123,0.6715,0.7643,-1.4160,6.542,10.674,-1.671,309.189,317.208,-366.037,74.615,78.363,-89.950,0.12000,0.12000,-0.12000,0.00000,0.00000,0.00000,0,1.000
173131,0.3687,0.8981,-1.2434,-3.540,-7.685,1.719,311.952,313.135,-368.484,74.805,78.553,-90.171,0.12000,0.12000,-0.12000,0.00000,0.00000,0.00000,0,1.000
173139,0.5380,0.8360,-1.3523,-0.601,6.023,-10.809,313.335,313.695,-362.325,74.995,78.741,-90.388,0.12000,0.12000,-0.12000,0.00000,0.00000,0.00000,0,1.000
173146,0.4844,0.7089,-1.1750,1.089,0.382,9.739,311.976,318.626,-363.334,75.184,78.932,-90.605,0.12000,0.12000,-0.12000,0.00000,0.00000,0.00000,0,1.000
173154,0.4438,0.9383,-1.3577,-7.645,-2.426,-9.690,310.332,313.596,-362.610,75.373,79.119,-90.822,0.12000,0.12000,-0.12000,0.00000,0.00000,0.00000,0,1.000
173162,0.5469,0.6661,-1.1957,3.177,3.780,6.155,309.932,316.086,-366.032,75.561,79.308,-91.042,0.12000,0.12000,-0.12000,0.00000,0.00000,0.00000,0,1.000
173170,0.3536,1.0480,-1.3743,-5.604,-4.960,-2.746,312.110,310.132,-364.424,75.750,79.495,-91.262,0.12000,0.12000,-0.12000,0.00000,0.00000,0.00000,0,1.000
173177,0.3733,0.9561,-1.3044,0.060,3.288,4.060,310.879,316.586,-360.202,75.937,79.684,-91.478,0.12000,0.12000,-0.12000,0.00000,0.00000,0.00000,0,1.000
173185,0.3211,1.0641,-1.3575,-4.081,-2.935,-0.374,313.555,314.513,-358.755,76.127,79.871,-91.693,0.12000,0.12000,-0.12000,0.00000,0.00000,0.00000,0,1.000
173193,0.2879,1.2308,-1.4866,0.924,4.762,-1.339,305.513,315.120,-360.470,76.311,80.058,-91.908,0.12000,0.12000,-0.12000,0.00000,0.00000,0.00000,0,1.000
173201,0.2692,1.0816,-1.3227,-5.452,-4.553,0.606,314.577,310.116,-366.380,76.501,80.244,-92.127,0.12000,0.12000,-0.12000,0.00000,0.00000,0.00000,0,1.000
173208,0.2810,1.2750,-1.5228,3.050,7.871,-0.654,307.668,312.872,-363.608,76.687,80.430,-92.344,0.12000,0.12000,-0.12000,0.00000,0.00000,0.00000,0,1.000
173216,0.1235,1.1480,-1.2415,-3.830,-6.257,0.370,313.068,315.946,-363.478,76.874,80.618,-92.559,0.12000,0.12000,-0.12000,0.00000,0.00000,0.00000,0,1.000
173224,0.3396,1.2245,-1.5322,1.499,5.760,-3.018,307.519,312.775,-358.659,77.060,80.802,-92.772,0.12000,0.12000,-0.12000,0.00000,0.00000,0.00000,0,1.000
173232,0.1487,1.1963,-1.3138,2.753,-2.917,5.250,309.225,314.778,-362.385,77.246,80.990,-92.987,0.12000,0.12000,-0.12000,0.00000,0.00000,0.00000,0,1.000
173240,0.2158,1.2041,-1.3886,-7.010,-1.067,-6.289,312.293,306.950,-363.312,77.433,81.173,-93.203,0.12000,0.12000,-0.12000,0.00000,0.00000,0.00000,0,1.000
173247,0.2909,1.0971,-1.3594,8.277,5.068,7.807,309.280,316.374,-362.003,77.618,81.360,-93.419,0.12000,0.12000,-0.12000,0.00000,0.00000,0.00000,0,1.000
173255,0.0324,1.2649,-1.2643,-8.746,-8.326,-2.580,308.822,311.256,-357.772,77.803,81.543,-93.632,0.12000,0.12000,-0.12000,0.00000,0.00000,0.00000,0,1.000
173263,0.3228,1.0471,-1.3426,6.346,8.138,1.910,307.371,313.924,-356.305,77.988,81.728,-93.843,0.12000,0.12000,-0.12000,0.00000,0.00000,0.00000,0,1.000
173271,0.0340,1.2395,-1.2412,-1.496,-6.680,4.593,309.538,308.679,-361.853,78.174,81.912,-94.057,0.12000,0.12000,-0.12000,0.00000,0.00000,0.00000,0,1.000
173278,0.1196,1.1774,-1.2662,4.680,7.296,1.141,309.074,311.914,-362.669,78.356,82.095,-94.272,0.12000,0.12000,-0.12000,0.00000,0.00000,0.00000,0,1.000
173286,-0.0159,1.2511,-1.2025,-0.085,-7.373,5.885,310.939,313.747,-363.809,78.543,82.280,-94.486,0.12000,0.12000,-0.12000,0.00000,0.00000,0.00000,0,1.000
173294,-0.0923,1.4416,-1.3116,1.692,3.812,-7.393,303.557,311.391,-356.804,78.723,82.462,-94.695,0.12000,0.12000,-0.12000,0.00000,0.00000,0.00000,0,1.000
173302,-0.0214,1.1991,-1.1463,2.159,-4.304,7.759,312.622,310.519,-359.785,78.910,82.646,-94.906,0.12000,0.12000,-0.12000,0.00000,0.00000,0.00000,0,1.000
173310,-0.0955,1.5924,-1.4554,-1.224,0.393,-4.119,305.650,306.881,-359.300,79.092,82.826,-95.118,0.12000,0.12000,-0.12000,0.00000,0.00000,0.00000,0,1.000
173318,-0.0482,1.2972,-1.2152,0.648,0.892,3.441,310.841,314.145,-362.252,79.275,83.011,-95.332,0.12000,0.12000,-0.12000,0.00000,0.00000,0.00000,0,1.000
173326,0.0227,1.4177,-1.4034,1.399,0.243,-1.309,307.962,311.430,-361.253,79.459,83.192,-95.546,0.12000,0.12000,-0.12000,0.00000,0.00000,0.00000,0,1.000
173334,-0.0096,1.3943,-1.3483,2.002,-1.975,3.477,303.456,310.546,-358.961,79.639,83.373,-95.757,0.12000,0.12000,-0.12000,0.00000,0.00000,0.00000,0,1.000
173342,0.0940,1.3443,-1.4032,-4.453,-4.464,-1.005,311.940,309.781,-356.052,79.824,83.555,-95.967,0.12000,0.12000,-0.12000,0.00000,0.00000,0.00000,0,1.000
173350,0.1658,1.3163,-1.4477,6.650,4.938,4.601,304.567,306.820,-353.941,80.004,83.735,-96.174,0.12000,0.12000,-0.12000,0.00000,0.00000,0.00000,0,1.000
173358,0.0202,1.2355,-1.2235,-6.268,-9.060,-0.304,309.711,313.296,-358.368,80.186,83.918,-96.384,0.12000,0.12000,-0.12000,0.00000,0.00000,0.00000,0,1.000
173366,0.3435,1.1621,-1.4752,6.498,8.645,-0.224,304.010,308.996,-359.680,80.367,84.097,-96.595,0.12000,0.12000,-0.12000,0.00000,0.00000,0.00000,0,1.000
173374,0.1410,1.1978,-1.3076,-5.222,-8.923,-1.382,305.831,311.263,-363.180,80.547,84.277,-96.807,0.12000,0.12000,-0.12000,0.00000,0.00000,0.00000,0,1.000
173382,0.3096,1.1226,-1.4030,5.099,7.854,-0.573,309.416,305.720,-358.492,80.729,84.456,-97.016,0.12000,0.12000,-0.12000,0.00000,0.00000,0.00000,0,1.000
173390,0.1457,1.1718,-1.2870,1.505,-3.845,5.947,305.949,308.770,-357.884,80.908,84.636,-97.223,0.12000,0.12000,-0.12000,0.00000,0.00000,0.00000,0,1.000
173398,0.1746,1.2242,-1.3669,-1.898,2.985,-8.898,305.531,310.501,-355.162,81.089,84.816,-97.429,0.12000,0.12000,-0.12000,0.00000,0.00000,0.00000,0,1.000
173406,0.2965,0.9936,-1.2642,5.910,1.233,8.724,303.996,308.469,-360.110,81.268,84.993,-97.638,0.12000,0.12000,-0.12000,0.00000,0.00000,0.00000,0,1.000
173413,0.0821,1.3504,-1.3972,-5.818,-1.666,-6.666,306.712,308.759,-358.526,81.449,85.173,-97.848,0.12000,0.12000,-0.12000,0.00000,0.00000,0.00000,0,1.000
173421,0.2605,1.0486,-1.2818,2.116,6.944,3.213,306.128,304.029,-353.454,81.626,85.349,-98.053,0.12000,0.12000,-0.12000,0.00000,0.00000,0.00000,0,1.000
173429,0.1772,1.2089,-1.3546,-2.708,-5.456,2.257,307.440,312.172,-353.272,81.808,85.530,-98.259,0.12000,0.12000,-0.12000,0.00000,0.00000,0.00000,0,1.000
173436,0.1727,1.2607,-1.4005,1.844,7.349,-5.481,301.139,306.293,-356.654,81.984,85.705,-98.465,0.12000,0.12000,-0.12000,0.00000,0.00000,0.00000,0,1.000
173444,0.2553,0.9715,-1.2015,-0.740,-5.736,4.794,309.264,308.165,-361.360,82.165,85.884,-98.675,0.12000,0.12000,-0.12000,0.00000,0.00000,0.00000,0,1.000
173452,0.2749,1.3078,-1.5486,0.073,5.543,-4.121,302.861,303.423,-354.968,82.341,86.059,-98.879,0.12000,0.12000,-0.12000,0.00000,0.00000,0.00000,0,1.000
173460,0.2254,1.1064,-1.3030,-3.363,-6.636,2.399,306.317,310.882,-355.710,82.520,86.239,-99.083,0.12000,0.12000,-0.12000,0.00000,0.00000,0.00000,0,1.000
173468,0.3503,1.2246,-1.5430,0.616,5.681,-2.161,301.889,306.305,-355.352,82.697,86.413,-99.288,0.12000,0.12000,-0.12000,0.00000,0.00000,0.00000,0,1.000
173475,0.2471,1.2253,-1.4405,-0.831,-1.385,3.392,305.844,309.015,-358.564,82.876,86.591,-99.495,0.12000,0.12000,-0.12000,0.00000,0.00000,0.00000,0,1.000
173483,0.2151,1.1459,-1.3311,-7.282,-1.196,-3.563,304.298,300.874,-354.674,83.051,86.764,-99.701,0.12000,0.12000,-0.12000,0.00000,0.00000,0.00000,0,1.000
173491,0.2365,1.1529,-1.3594,4.839,5.311,5.190,306.743,310.438,-350.399,83.230,86.942,-99.902,0.12000,0.12000,-0.12000,0.00000,0.00000,0.00000,0,1.000
173499,-0.0376,1.2389,-1.1689,-10.183,-6.803,-2.772,299.041,304.918,-354.561,83.404,87.116,-100.107,0.12000,0.12000,-0.12000,0.00000,0.00000,0.00000,0,1.000
173506,0.2867,1.0760,-1.3347,1.717,8.498,0.365,308.257,307.990,-357.096,83.583,87.292,-100.312,0.12000,0.12000,-0.12000,0.00000,0.00000,0.00000,0,1.000
173514,-0.0069,1.2424,-1.2030,-2.776,-3.160,2.248,301.137,301.638,-358.112,83.757,87.466,-100.517,0.12000,0.12000,-0.12000,0.00000,0.00000,0.00000,0,1.000
173522,0.0375,1.2484,-1.2533,-4.960,4.827,-7.891,306.115,308.240,-351.241,83.934,87.642,-100.717,0.12000,0.12000,-0.12000,0.00000,0.00000,0.00000,0,1.000
173530,0.1124,1.0688,-1.1534,2.541,1.590,8.670,299.931,305.328,-355.223,84.108,87.814,-100.919,0.12000,0.12000,-0.12000,0.00000,0.00000,0.00000,0,1.000
173537,-0.1614,1.4333,-1.2345,-8.414,-1.105,-6.854,304.656,307.475,-356.046,84.285,87.989,-101.124,0.12000,0.12000,-0.12000,0.00000,0.00000,0.00000,0,1.000
173545,0.0146,1.1220,-1.1072,0.977,5.780,4.667,302.734,299.919,-354.118,84.458,88.162,-101.327,0.12000,0.12000,-0.12000,0.00000,0.00000,0.00000,0,1.000
173553,-0.0430,1.3422,-1.2642,-3.908,-1.187,-5.888,305.705,307.826,-349.695,84.635,88.336,-101.527,0.12000,0.12000,-0.12000,0.00000,0.00000,0.00000,0,1.000
173561,-0.0343,1.2802,-1.2125,-1.377,6.189,0.906,297.611,304.100,-350.768,84.806,88.509,-101.727,0.12000,0.12000,-0.12000,0.00000,0.00000,0.00000,0,1.000
173568,0.0316,1.1237,-1.1259,-4.365,-4.577,2.077,307.015,306.536,-357.523,84.983,88.681,-101.931,0.12000,0.12000,-0.12000,0.00000,0.00000,0.00000,0,1.000
173576,-0.0435,1.4029,-1.3228,1.028,7.960,-4.431,299.734,300.434,-353.587,85.155,88.854,-102.132,0.12000,0.12000,-0.12000,0.00000,0.00000,0.00000,0,1.000
173584,-0.0885,1.2099,-1.0898,-2.734,-7.030,2.900,304.589,306.104,-352.793,85.330,89.026,-102.331,0.12000,0.12000,-0.12000,0.00000,0.00000,0.00000,0,1.000
173592,0.0340,1.4510,-1.4471,-0.017,3.801,-2.396,298.811,304.465,-351.613,85.502,89.198,-102.530,0.12000,0.12000,-0.12000,0.00000,0.00000,0.00000,0,1.000
173599,-0.1307,1.3824,-1.2156,-0.554,-0.958,1.946,303.325,305.656,-355.476,85.677,89.369,-102.732,0.12000,0.12000,-0.12000,0.00000,0.00000,0.00000,0,1.000
173607,-0.0430,1.3132,-1.2359,-6.825,-2.370,-3.692,301.718,298.401,-352.260,85.848,89.540,-102.933,0.12000,0.12000,-0.12000,0.00000,0.00000,0.00000,0,1.000
173615,0.0639,1.2985,-1.3286,5.267,5.816,2.247,304.302,305.333,-347.275,86.022,89.711,-103.129,0.12000,0.12000,-0.12000,0.00000,0.00000,0.00000,0,1.000
173623,-0.2126,1.3496,-1.1017,-6.864,-7.979,-3.330,296.483,303.076,-350.958,86.192,89.882,-103.328,0.12000,0.12000,-0.12000,0.00000,0.00000,0.00000,0,1.000
173630,0.1266,1.1869,-1.2825,1.419,6.302,-1.476,305.610,304.787,-353.842,86.367,90.052,-103.528,0.12000,0.12000,-0.12000,0.00000,0.00000,0.00000,0,1.000
173638,-0.0984,1.2868,-1.1548,0.507,-3.222,2.723,298.596,299.355,-354.859,86.536,90.222,-103.728,0.12000,0.12000,-0.12000,0.00000,0.00000,0.00000,0,1.000
173646,-0.1151,1.3292,-1.1794,-5.297,1.083,-8.253,302.749,304.231,-348.057,86.709,90.393,-103.923,0.12000,0.12000,-0.12000,0.00000,0.00000,0.00000,0,1.000
173654,-0.0893,1.2762,-1.1535,1.803,-3.189,6.470,297.703,302.983,-352.681,86.879,90.562,-104.120,0.12000,0.12000,-0.12000,0.00000,0.00000,0.00000,0,1.000
173661,-0.3476,1.5337,-1.1460,-4.657,1.185,-8.779,301.758,304.155,-353.156,87.051,90.731,-104.320,0.12000,0.12000,-0.12000,0.00000,0.00000,0.00000,0,1.000
173669,-0.1969,1.2739,-1.0437,5.230,-0.757,7.798,300.626,296.718,-348.707,87.220,90.899,-104.516,0.12000,0.12000,-0.12000,0.00000,0.00000,0.00000,0,1.000
173677,-0.2578,1.4615,-1.1654,-1.023,-5.336,-3.990,302.008,304.846,-346.598,87.392,91.069,-104.712,0.12000,0.12000,-0.12000,0.00000,0.00000,0.00000,0,1.000
173685,-0.2423,1.3418,-1.0644,1.200,6.256,-1.424,296.133,300.704,-350.275,87.560,91.237,-104.908,0.12000,0.12000,-0.12000,0.00000,0.00000,0.00000,0,1.000
173693,-0.1513,1.1974,-1.0148,-1.228,-6.003,3.854,303.683,303.628,-355.475,87.732,91.405,-105.107,0.12000,0.12000,-0.12000,0.00000,0.00000,0.00000,0,1.000
173700,-0.1612,1.4993,-1.2988,2.091,7.927,-5.673,298.552,297.008,-348.403,87.900,91.572,-105.302,0.12000,0.12000,-0.12000,0.00000,0.00000,0.00000,0,1.000
173708,-0.1881,1.1979,-0.9785,0.234,-3.930,4.125,299.118,304.036,-349.832,88.070,91.741,-105.496,0.12000,0.12000,-0.12000,0.00000,0.00000,0.00000,0,1.000
173716,-0.0545,1.3633,-1.2733,-0.170,0.891,-1.557,298.677,300.511,-351.382,88.238,91.907,-105.692,0.12000,0.12000,-0.12000,0.00000,0.00000,0.00000,0,1.000
173723,-0.1390,1.3233,-1.1497,2.708,2.737,2.386,298.767,302.998,-350.150,88.408,92.075,-105.888,0.12000,0.12000,-0.12000,0.00000,0.00000,0.00000,0,1.000
173731,-0.1558,1.1980,-1.0109,-6.704,-4.423,-0.602,300.879,294.820,-345.506,88.575,92.240,-106.082,0.12000,0.12000,-0.12000,0.00000,0.00000,0.00000,0,1.000
173739,0.0396,1.2411,-1.2483,6.169,9.267,1.062,298.034,304.605,-346.388,88.745,92.409,-106.274,0.12000,0.12000,-0.12000,0.00000,0.00000,0.00000,0,1.000
173747,-0.1704,1.2719,-1.0682,-7.825,-6.356,-3.151,297.612,298.648,-353.110,88.911,92.573,-106.471,0.12000,0.12000,-0.12000,0.00000,0.00000,0.00000,0,1.000
173755,0.0106,1.1590,-1.1394,2.928,8.145,1.088,300.297,301.567,-348.946,89.080,92.740,-106.665,0.12000,0.12000,-0.12000,0.00000,0.00000,0.00000,0,1.000
173762,-0.1290,1.1875,-1.0275,0.496,-4.443,-0.700,299.958,295.731,-348.168,89.247,92.904,-106.856,0.12000,0.12000,-0.12000,0.00000,0.00000,0.00000,0,1.000
173770,-0.1870,1.2028,-0.9843,-4.178,3.622,-7.476,294.392,303.238,-348.633,89.413,93.072,-107.050,0.12000,0.12000,-0.12000,0.00000,0.00000,0.00000,0,1.000
173778,0.0417,0.9965,-1.0123,4.221,0.716,6.904,300.904,298.787,-350.549,89.581,93.234,-107.244,0.12000,0.12000,-0.12000,0.00000,0.00000,0.00000,0,1.000
173785,-0.2325,1.3358,-1.0684,-6.972,-1.934,-7.791,295.359,300.404,-344.919,89.747,93.401,-107.436,0.12000,0.12000,-0.12000,0.00000,0.00000,0.00000,0,1.000
173793,-0.0007,1.0124,-0.9853,0.762,5.953,3.433,300.833,294.999,-343.855,89.914,93.563,-107.626,0.12000,0.12000,-0.12000,0.00000,0.00000,0.00000,0,1.000
173801,-0.0871,1.1981,-1.0797,-0.385,-5.507,0.822,294.126,303.144,-350.120,90.079,93.730,-107.820,0.12000,0.12000,-0.12000,0.00000,0.00000,0.00000,0,1.000
173809,-0.1635,1.3258,-1.1277,0.297,6.696,-8.046,298.665,297.558,-349.129,90.246,93.891,-108.013,0.12000,0.12000,-0.12000,0.00000,0.00000,0.00000,0,1.000
173817,-0.0737,1.0252,-0.9247,2.206,-5.507,5.098,297.158,297.707,-347.595,90.410,94.056,-108.203,0.12000,0.12000,-0.12000,0.00000,0.00000,0.00000,0,1.000
173824,-0.1335,1.4467,-1.2753,-0.733,2.274,-6.291,300.097,296.659,-345.699,90.578,94.218,-108.392,0.12000,0.12000,-0.12000,0.00000,0.00000,0.00000,0,1.000
173832,-0.1983,1.2885,-1.0565,0.333,2.834,0.536,292.015,300.219,-349.886,90.740,94.383,-108.585,0.12000,0.12000,-0.12000,0.00000,0.00000,0.00000,0,1.000
173840,-0.1203,1.2850,-1.1311,-4.149,-4.055,-0.671,301.387,298.961,-345.196,90.908,94.544,-108.776,0.12000,0.12000,-0.12000,0.00000,0.00000,0.00000,0,1.000
173848,-0.1207,1.3791,-1.2223,3.059,2.201,1.511,294.635,295.415,-341.709,91.070,94.708,-108.963,0.12000,0.12000,-0.12000,0.00000,0.00000,0.00000,0,1.000
173855,-0.2043,1.2826,-1.0448,-6.200,-4.633,-1.321,297.374,298.084,-348.724,91.235,94.870,-109.155,0.12000,0.12000,-0.12000,0.00000,0.00000,0.00000,0,1.000
173863,-0.0241,1.3056,-1.2474,5.681,8.355,-0.183,294.904,298.069,-347.702,91.399,95.031,-109.345,0.12000,0.12000,-0.12000,0.00000,0.00000,0.00000,0,1.000
173871,-0.1980,1.3183,-1.0858,-0.615,-6.513,-2.171,296.108,298.903,-346.572,91.564,95.193,-109.533,0.12000,0.12000,-0.12000,0.00000,0.00000,0.00000,0,1.000
173879,0.0215,1.2075,-1.1975,-0.799,2.816,-3.283,297.357,291.777,-343.894,91.726,95.353,-109.720,0.12000,0.12000,-0.12000,0.00000,0.00000,0.00000,0,1.000
173887,0.0512,1.1590,-1.1800,4.158,-0.154,5.407,295.424,300.289,-348.636,91.891,95.516,-109.911,0.12000,0.12000,-0.12000,0.00000,0.00000,0.00000,0,1.000
173894,-0.1657,1.3296,-1.1292,-6.920,-3.229,-7.608,294.556,295.261,-344.033,92.052,95.676,-110.100,0.12000,0.12000,-0.12000,0.00000,0.00000,0.00000,0,1.000
173903,0.1622,1.0354,-1.1706,3.634,4.271,4.675,298.110,298.585,-340.546,92.217,95.836,-110.285,0.12000,0.12000,-0.12000,0.00000,0.00000,0.00000,0,1.000
173911,-0.0262,1.2938,-1.2338,-5.069,-4.734,-6.790,294.847,294.065,-341.347,92.378,95.997,-110.471,0.12000,0.12000,-0.12000,0.00000,0.00000,0.00000,0,1.000
173919,0.0275,1.2023,-1.1984,-0.668,4.707,2.412,295.450,296.652,-345.786,92.541,96.157,-110.659,0.12000,0.12000,-0.12000,0.00000,0.00000,0.00000,0,1.000
173927,0.0545,1.2381,-1.2603,0.543,-6.413,2.492,294.089,296.530,-349.051,92.702,96.316,-110.849,0.12000,0.12000,-0.12000,0.00000,0.00000,0.00000,0,1.000
173934,-0.0230,1.4190,-1.3589,-0.065,4.522,-7.833,294.187,297.793,-341.358,92.865,96.476,-111.033,0.12000,0.12000,-0.12000,0.00000,0.00000,0.00000,0,1.000
173942,0.0977,1.0508,-1.1211,3.533,-5.550,6.247,296.130,290.174,-345.154,93.025,96.634,-111.218,0.12000,0.12000,-0.12000,0.00000,0.00000,0.00000,0,1.000
173950,0.0592,1.4045,-1.4271,0.882,-1.594,-4.038,293.483,299.024,-346.490,93.187,96.795,-111.407,0.12000,0.12000,-0.12000,0.00000,0.00000,0.00000,0,1.000
173958,-0.0032,1.2902,-1.2533,1.983,2.970,0.654,293.274,293.706,-342.454,93.347,96.952,-111.593,0.12000,0.12000,-0.12000,0.00000,0.00000,0.00000,0,1.000
173966,0.0414,1.1713,-1.1821,-2.237,-5.834,2.049,295.349,296.875,-339.968,93.508,97.111,-111.777,0.12000,0.12000,-0.12000,0.00000,0.00000,0.00000,0,1.000
173973,0.1083,1.3487,-1.4218,4.558,7.555,-1.958,296.443,290.447,-344.376,93.669,97.268,-111.963,0.12000,0.12000,-0.12000,0.00000,0.00000,0.00000,0,1.000
173981,-0.0368,1.2846,-1.2142,-4.297,-7.984,1.609,289.049,298.219,-347.727,93.827,97.428,-112.150,0.12000,0.12000,-0.12000,0.00000,0.00000,0.00000,0,1.000
173989,0.0841,1.3038,-1.3539,3.912,7.531,1.566,298.064,294.049,-340.030,93.990,97.583,-112.332,0.12000,0.12000,-0.12000,0.00000,0.00000,0.00000,0,1.000
173997,-0.0784,1.3130,-1.2003,3.035,-4.803,2.197,290.922,293.928,-344.792,94.147,97.742,-112.516,0.12000,0.12000,-0.12000,0.00000,0.00000,0.00000,0,1.000
174004,-0.1429,1.2516,-1.0760,-2.319,0.212,-2.435,295.382,292.540,-344.554,94.308,97.897,-112.703,0.12000,0.12000,-0.12000,0.00000,0.00000,0.00000,0,1.000
174012,0.0983,1.1353,-1.2041,8.037,2.088,7.638,290.813,295.753,-338.730,94.466,98.055,-112.885,0.12000,0.12000,-0.12000,0.00000,0.00000,0.00000,0,1.000
174020,-0.2270,1.3498,-1.0875,-2.523,-7.199,-3.909,294.338,294.209,-338.953,94.626,98.211,-113.067,0.12000,0.12000,-0.12000,0.00000,0.00000,0.00000,0,1.000
174028,0.0637,1.0760,-1.1115,3.364,5.554,2.923,293.552,289.397,-343.826,94.783,98.367,-113.251,0.12000,0.12000,-0.12000,0.00000,0.00000,0.00000,0,1.000
174036,0.0008,1.1460,-1.1169,5.136,-5.196,2.600,292.945,295.906,-346.213,94.943,98.523,-113.436,0.12000,0.12000,-0.12000,0.00000,0.00000,0.00000,0,1.000
174044,-0.1231,1.3276,-1.1699,0.351,3.430,-8.217,290.228,292.514,-338.544,95.099,98.679,-113.616,0.12000,0.12000,-0.12000,0.00000,0.00000,0.00000,0,1.000
174051,0.0677,0.9979,-1.0395,7.096,-2.534,7.278,294.372,295.188,-343.939,95.259,98.834,-113.799,0.12000,0.12000,-0.12000,0.00000,0.00000,0.00000,0,1.000
174059,-0.0729,1.2710,-1.1649,0.067,3.110,-6.979,294.094,288.315,-343.091,95.416,98.988,-113.983,0.12000,0.12000,-0.12000,0.00000,0.00000,0.00000,0,1.000
174067,-0.0772,1.0927,-0.9870,2.759,0.206,4.753,287.732,296.295,-336.808,95.572,99.145,-114.163,0.12000,0.12000,-0.12000,0.00000,0.00000,0.00000,0,1.000
174075,-0.0325,1.0771,-1.0165,1.893,-4.566,-0.286,295.904,292.010,-340.875,95.731,99.298,-114.344,0.12000,0.12000,-0.12000,0.00000,0.00000,0.00000,0,1.000
174082,-0.0407,1.2590,-1.1854,4.903,3.286,-3.004,288.901,292.314,-343.280,95.886,99.453,-114.527,0.12000,0.12000,-0.12000,0.00000,0.00000,0.00000,0,1.000
174090,-0.0092,1.0497,-1.0131,0.313,-8.035,2.120,293.684,290.135,-341.714,96.044,99.606,-114.708,0.12000,0.12000,-0.12000,0.00000,0.00000,0.00000,0,1.000
174098,0.1517,1.2514,-1.3705,2.684,4.814,-3.052,289.181,293.608,-339.212,96.199,99.761,-114.886,0.12000,0.12000,-0.12000,0.00000,0.00000,0.00000,0,1.000
174106,0.0393,1.1576,-1.1667,3.445,-2.743,0.993,291.574,293.333,-343.658,96.356,99.914,-115.069,0.12000,0.12000,-0.12000,0.00000,0.00000,0.00000,0,1.000
174113,0.0985,1.1065,-1.1762,-3.275,-2.589,-2.907,292.872,286.224,-338.140,96.511,100.066,-115.250,0.12000,0.12000,-0.12000,0.00000,0.00000,0.00000,0,1.000
174121,0.2406,1.0921,-1.3043,6.356,4.713,2.572,289.806,295.119,-335.901,96.668,100.221,-115.426,0.12000,0.12000,-0.12000,0.00000,0.00000,0.00000,0,1.000
174129,-0.0522,1.1366,-1.0547,-1.880,-8.831,-2.924,290.788,289.573,-343.866,96.822,100.372,-115.609,0.12000,0.12000,-0.12000,0.00000,0.00000,0.00000,0,1.000
174137,0.2138,0.9743,-1.1627,-0.803,4.885,0.358,291.089,291.966,-339.613,96.977,100.525,-115.788,0.12000,0.12000,-0.12000,0.00000,0.00000,0.00000,0,1.000
174144,0.1927,0.9637,-1.1313,3.850,-1.918,4.518,293.535,287.960,-339.242,97.133,100.676,-115.965,0.12000,0.12000,-0.12000,0.00000,0.00000,0.00000,0,1.000
174152,-0.0043,1.1681,-1.1333,-5.306,-0.608,-7.402,285.530,292.823,-341.386,97.285,100.830,-116.145,0.12000,0.12000,-0.12000,0.00000,0.00000,0.00000,0,1.000
174160,0.2351,0.9549,-1.1651,3.912,-0.701,7.890,294.567,291.569,-338.685,97.443,100.980,-116.324,0.12000,0.12000,-0.12000,0.00000,0.00000,0.00000,0,1.000
174168,0.0278,1.2039,-1.2002,-3.933,-2.759,-7.152,289.003,287.106,-334.806,97.595,101.132,-116.500,0.12000,0.12000,-0.12000,0.00000,0.00000,0.00000,0,1.000
174176,0.0594,1.0794,-1.1107,-1.220,4.658,2.800,288.656,292.460,-339.278,97.749,101.284,-116.678,0.12000,0.12000,-0.12000,0.00000,0.00000,0.00000,0,1.000
174183,0.1009,0.9672,-1.0429,1.561,-5.295,1.409,290.643,289.516,-342.844,97.903,101.433,-116.858,0.12000,0.12000,-0.12000,0.00000,0.00000,0.00000,0,1.000
174191,-0.0443,1.2549,-1.1777,0.837,4.429,-7.905,287.608,291.819,-334.999,98.056,101.585,-117.032,0.12000,0.12000,-0.12000,0.00000,0.00000,0.00000,0,1.000
174199,0.0489,0.9073,-0.9325,3.330,-5.309,4.092,292.602,284.689,-340.668,98.209,101.733,-117.210,0.12000,0.12000,-0.12000,0.00000,0.00000,0.00000,0,1.000
174207,0.0482,1.2033,-1.2201,0.919,-1.477,-4.406,285.710,293.142,-338.846,98.361,101.886,-117.389,0.12000,0.12000,-0.12000,0.00000,0.00000,0.00000,0,1.000
174214,-0.0021,1.1657,-1.1331,2.336,1.964,-1.548,290.570,289.464,-332.919,98.515,102.034,-117.562,0.12000,0.12000,-0.12000,0.00000,0.00000,0.00000,0,1.000
174222,0.0051,1.0304,-1.0086,-3.036,-5.408,-0.435,289.475,284.843,-339.348,98.666,102.183,-117.739,0.12000,0.12000,-0.12000,0.00000,0.00000,0.00000,0,1.000
174230,0.1631,1.1846,-1.3168,3.495,7.204,-3.929,289.430,291.629,-338.994,98.820,102.334,-117.916,0.12000,0.12000,-0.12000,0.00000,0.00000,0.00000,0,1.000
174237,-0.0221,1.1200,-1.0687,2.558,-5.752,-1.138,287.173,287.253,-337.037,98.970,102.481,-118.090,0.12000,0.12000,-0.12000,0.00000,0.00000,0.00000,0,1.000
174245,0.1120,1.0675,-1.1517,-2.509,-0.577,-3.044,289.527,289.998,-337.308,99.122,102.631,-118.265,0.12000,0.12000,-0.12000,0.00000,0.00000,0.00000,0,1.000
174253,0.2100,1.0213,-1.2047,5.802,1.457,3.737,290.804,284.600,-338.582,99.274,102.778,-118.441,0.12000,0.12000,-0.12000,0.00000,0.00000,0.00000,0,1.000
174261,0.0384,1.0449,-1.0560,-5.415,-2.276,-6.369,283.166,291.175,-332.589,99.423,102.929,-118.615,0.12000,0.12000,-0.12000,0.00000,0.00000,0.00000,0,1.000
174269,0.2945,0.8710,-1.1428,5.812,3.796,4.980,292.486,288.748,-335.781,99.577,103.075,-118.788,0.12000,0.12000,-0.12000,0.00000,0.00000,0.00000,0,1.000
174276,0.1389,0.9908,-1.1039,2.069,-9.581,-4.010,285.790,285.087,-341.176,99.725,103.223,-118.965,0.12000,0.12000,-0.12000,0.00000,0.00000,0.00000,0,1.000
174284,0.1568,0.9994,-1.1302,-1.883,4.180,-2.508,287.874,289.598,-333.096,99.876,103.371,-119.136,0.12000,0.12000,-0.12000,0.00000,0.00000,0.00000,0,1.000
174292,0.2702,0.8790,-1.1263,4.608,-2.979,6.828,287.655,286.876,-337.825,100.026,103.517,-119.309,0.12000,0.12000,-0.12000,0.00000,0.00000,0.00000,0,1.000
174300,0.0863,1.1872,-1.2425,-2.232,-0.883,-6.923,285.808,289.338,-337.279,100.176,103.665,-119.485,0.12000,0.12000,-0.12000,0.00000,0.00000,0.00000,0,1.000
174308,0.2692,0.8707,-1.1173,1.793,2.402,4.791,290.482,282.602,-330.890,100.326,103.810,-119.655,0.12000,0.12000,-0.12000,0.00000,0.00000,0.00000,0,1.000
174315,0.2381,0.9711,-1.1839,2.687,-5.532,0.627,283.563,290.168,-336.146,100.475,103.958,-119.829,0.12000,0.12000,-0.12000,0.00000,0.00000,0.00000,0,1.000
174323,0.1828,1.0901,-1.2445,1.743,4.474,-5.263,288.518,287.415,-337.157,100.625,104.103,-120.002,0.12000,0.12000,-0.12000,0.00000,0.00000,0.00000,0,1.000
174331,0.2568,0.7842,-1.0206,2.609,-5.298,4.273,287.344,281.374,-334.970,100.772,104.248,-120.173,0.12000,0.12000,-0.12000,0.00000,0.00000,0.00000,0,1.000
174339,0.2790,1.0796,-1.3305,0.615,1.563,-3.442,286.728,290.367,-335.612,100.923,104.396,-120.345,0.12000,0.12000,-0.12000,0.00000,0.00000,0.00000,0,1.000
174346,0.2625,0.9947,-1.2312,3.211,1.551,-0.320,285.478,284.524,-335.643,101.070,104.539,-120.517,0.12000,0.12000,-0.12000,0.00000,0.00000,0.00000,0,1.000
174354,0.3546,0.9419,-1.2720,-2.389,-1.897,-1.527,286.881,286.072,-330.248,101.218,104.686,-120.687,0.12000,0.12000,-0.12000,0.00000,0.00000,0.00000,0,1.000
174362,0.4594,1.0429,-1.4752,5.828,2.293,2.455,289.097,284.498,-334.696,101.367,104.830,-120.858,0.12000,0.12000,-0.12000,0.00000,0.00000,0.00000,0,1.000
174370,0.2985,0.9995,-1.2720,-3.130,-8.506,-1.153,281.038,286.365,-338.233,101.512,104.975,-121.031,0.12000,0.12000,-0.12000,0.00000,0.00000,0.00000,0,1.000
174377,0.4624,0.9494,-1.3870,0.193,5.504,1.283,290.029,287.645,-330.673,101.663,105.119,-121.198,0.12000,0.12000,-0.12000,0.00000,0.00000,0.00000,0,1.000
174385,0.3899,0.9458,-1.3111,5.800,-4.042,2.791,285.269,280.772,-336.631,101.808,105.262,-121.369,0.12000,0.12000,-0.12000,0.00000,0.00000,0.00000,0,1.000
174393,0.2732,1.0160,-1.2628,-5.300,-1.759,-5.201,282.957,288.892,-333.072,101.955,105.408,-121.540,0.12000,0.12000,-0.12000,0.00000,0.00000,0.00000,0,1.000
174401,0.5045,0.8307,-1.3136,4.172,3.854,6.988,288.348,284.873,-328.682,102.103,105.550,-121.707,0.12000,0.12000,-0.12000,0.00000,0.00000,0.00000,0,1.000
174408,0.2226,1.0281,-1.2239,2.148,-8.408,-2.616,282.327,283.378,-336.841,102.248,105.694,-121.878,0.12000,0.12000,-0.12000,0.00000,0.00000,0.00000,0,1.000
174416,0.2811,0.9340,-1.1908,-3.289,4.616,-2.172,287.529,285.609,-332.669,102.395,105.837,-122.047,0.12000,0.12000,-0.12000,0.00000,0.00000,0.00000,0,1.000
174424,0.4013,0.7662,-1.1476,3.139,-2.421,7.210,282.759,284.075,-332.805,102.540,105.979,-122.214,0.12000,0.12000,-0.12000,0.00000,0.00000,0.00000,0,1.000
174432,0.2101,1.1238,-1.3046,-2.296,-0.248,-6.648,284.421,286.400,-334.986,102.687,106.123,-122.384,0.12000,0.12000,-0.12000,0.00000,0.00000,0.00000,0,1.000
174439,0.3839,0.8390,-1.2011,0.186,2.993,3.377,287.403,279.809,-329.637,102.832,106.263,-122.551,0.12000,0.12000,-0.12000,0.00000,0.00000,0.00000,0,1.000
174447,0.3910,0.9594,-1.3255,1.586,-3.273,-3.701,281.283,286.932,-330.461,102.977,106.407,-122.718,0.12000,0.12000,-0.12000,0.00000,0.00000,0.00000,0,1.000
174455,0.4348,1.0022,-1.4109,2.039,2.610,-1.367,285.918,285.074,-334.763,103.123,106.548,-122.887,0.12000,0.12000,-0.12000,0.00000,0.00000,0.00000,0,1.000
174463,0.4536,0.7833,-1.2166,-0.720,-5.706,2.621,284.310,277.857,-332.931,103.266,106.688,-123.054,0.12000,0.12000,-0.12000,0.00000,0.00000,0.00000,0,1.000
174471,0.5368,1.0179,-1.5282,1.779,5.344,-3.312,286.103,287.222,-329.916,103.413,106.832,-123.219,0.12000,0.12000,-0.12000,0.00000,0.00000,0.00000,0,1.000
174479,0.4770,0.8586,-1.3133,3.974,-3.073,1.004,281.246,281.616,-334.707,103.555,106.971,-123.387,0.12000,0.12000,-0.12000,0.00000,0.00000,0.00000,0,1.000
174486,0.5301,0.8122,-1.3213,-3.298,-2.920,-1.603,285.703,283.150,-328.346,103.701,107.113,-123.553,0.12000,0.12000,-0.12000,0.00000,0.00000,0.00000,0,1.000
174494,0.6383,0.8082,-1.4255,6.037,3.332,3.001,285.865,281.820,-328.793,103.845,107.253,-123.718,0.12000,0.12000,-0.12000,0.00000,0.00000,0.00000,0,1.000
174502,0.4219,0.7719,-1.1737,-0.068,-9.048,-1.666,278.262,282.898,-336.067,103.986,107.393,-123.887,0.12000,0.12000,-0.12000,0.00000,0.00000,0.00000,0,1.000
174510,0.6033,0.7292,-1.3136,-1.769,3.766,0.435,287.806,284.859,-327.973,104.133,107.534,-124.050,0.12000,0.12000,-0.12000,0.00000,0.00000,0.00000,0,1.000
174517,0.6560,0.6664,-1.3051,6.826,-1.955,4.645,281.992,278.017,-332.765,104.274,107.672,-124.215,0.12000,0.12000,-0.12000,0.00000,0.00000,0.00000,0,1.000
174525,0.4477,0.8475,-1.2732,-3.813,-3.127,-5.955,280.903,285.429,-331.239,104.417,107.814,-124.382,0.12000,0.12000,-0.12000,0.00000,0.00000,0.00000,0,1.000
174533,0.6442,0.6621,-1.2892,6.070,1.114,8.145,285.355,283.009,-325.369,104.561,107.951,-124.544,0.12000,0.12000,-0.12000,0.00000,0.00000,0.00000,0,1.000
174541,0.5376,0.8239,-1.3401,1.400,-6.690,-3.057,279.695,278.414,-333.237,104.702,108.091,-124.710,0.12000,0.12000,-0.12000,0.00000,0.00000,0.00000,0,1.000
174549,0.6952,0.6251,-1.3041,-0.856,4.849,1.610,285.580,283.875,-331.166,104.845,108.231,-124.876,0.12000,0.12000,-0.12000,0.00000,0.00000,0.00000,0,1.000
174557,0.7845,0.5202,-1.2912,5.294,-3.419,6.899,279.537,280.786,-329.526,104.986,108.367,-125.037,0.12000,0.12000,-0.12000,0.00000,0.00000,0.00000,0,1.000
174565,0.6563,0.8229,-1.4579,1.047,1.429,-3.846,282.736,283.107,-331.027,105.129,108.507,-125.202,0.12000,0.12000,-0.12000,0.00000,0.00000,0.00000,0,1.000
174572,0.8078,0.5086,-1.3033,4.441,0.664,5.889,284.030,278.158,-328.782,105.269,108.644,-125.366,0.12000,0.12000,-0.12000,0.00000,0.00000,0.00000,0,1.000
174580,0.7530,0.6308,-1.3674,4.319,-4.360,2.475,280.102,283.828,-324.917,105.412,108.783,-125.527,0.12000,0.12000,-0.12000,0.00000,0.00000,0.00000,0,1.000
174588,0.7737,0.6175,-1.3752,4.292,1.585,2.899,282.536,282.412,-330.332,105.553,108.920,-125.690,0.12000,0.12000,-0.12000,0.00000,0.00000,0.00000,0,1.000
174596,0.7771,0.4330,-1.1990,-0.204,-4.834,3.769,281.209,274.859,-332.384,105.692,109.056,-125.855,0.12000,0.12000,-0.12000,0.00000,0.00000,0.00000,0,1.000
174604,0.8603,0.5567,-1.4026,5.228,6.349,0.581,283.636,284.911,-326.126,105.835,109.196,-126.014,0.12000,0.12000,-0.12000,0.00000,0.00000,0.00000,0,1.000
174612,0.7838,0.4674,-1.2391,6.711,-4.575,3.150,278.507,279.593,-331.816,105.973,109.330,-126.178,0.12000,0.12000,-0.12000,0.00000,0.00000,0.00000,0,1.000
174619,0.8428,0.3765,-1.2097,-0.238,-1.803,0.666,282.472,276.654,-325.152,106.114,109.467,-126.339,0.12000,0.12000,-0.12000,0.00000,0.00000,0.00000,0,1.000
174627,0.9628,0.3608,-1.3144,8.855,2.099,8.180,283.710,282.802,-326.010,106.254,109.605,-126.499,0.12000,0.12000,-0.12000,0.00000,0.00000,0.00000,0,1.000
174635,0.7399,0.3867,-1.1167,2.226,-8.659,1.147,275.699,278.202,-332.880,106.391,109.739,-126.663,0.12000,0.12000,-0.12000,0.00000,0.00000,0.00000,0,1.000
174643,0.9392,0.2340,-1.1673,0.147,3.687,5.045,284.692,279.799,-324.596,106.534,109.876,-126.822,0.12000,0.12000,-0.12000,0.00000,0.00000,0.00000,0,1.000
174650,0.9917,0.1705,-1.1580,9.116,-3.415,8.991,280.679,278.949,-330.469,106.671,110.011,-126.983,0.12000,0.12000,-0.12000,0.00000,0.00000,0.00000,0,1.000
174659,0.7590,0.4019,-1.1506,-1.394,-3.012,-2.464,277.452,279.952,-328.323,106.809,110.147,-127.145,0.12000,0.12000,-0.12000,0.00000,0.00000,0.00000,0,1.000
174666,0.9785,0.1699,-1.1442,3.193,3.043,9.831,283.423,281.583,-322.398,106.950,110.282,-127.302,0.12000,0.12000,-0.12000,0.00000,0.00000,0.00000,0,1.000
174674,0.9144,0.2241,-1.1328,2.628,-7.815,1.804,277.096,274.425,-328.900,107.086,110.416,-127.463,0.12000,0.12000,-0.12000,0.00000,0.00000,0.00000,0,1.000
174682,0.9339,0.1890,-1.1181,-0.966,1.504,5.171,282.353,282.391,-327.672,107.226,110.553,-127.624,0.12000,0.12000,-0.12000,0.00000,0.00000,0.00000,0,1.000
174690,0.9941,0.0468,-1.0400,4.439,-5.201,9.959,277.512,278.911,-326.400,107.363,110.685,-127.781,0.12000,0.12000,-0.12000,0.00000,0.00000,0.00000,0,1.000
174698,0.8853,0.3671,-1.2430,0.711,-0.864,0.157,278.908,275.879,-328.766,107.501,110.820,-127.942,0.12000,0.12000,-0.12000,0.00000,0.00000,0.00000,0,1.000
174706,1.0023,0.1203,-1.1197,3.113,-1.863,6.363,282.584,280.865,-323.957,107.638,110.955,-128.100,0.12000,0.12000,-0.12000,0.00000,0.00000,0.00000,0,1.000
174714,0.9747,0.1321,-1.1036,1.666,-5.907,4.983,275.730,277.415,-324.236,107.775,111.087,-128.257,0.12000,0.12000,-0.12000,0.00000,0.00000,0.00000,0,1.000
174721,1.0121,0.1607,-1.1689,4.725,-0.145,2.188,280.585,278.094,-328.469,107.914,111.222,-128.417,0.12000,0.12000,-0.12000,0.00000,0.00000,0.00000,0,1.000
174729,1.0097,-0.1094,-0.9034,2.455,-8.134,5.045,280.451,277.589,-325.808,108.049,111.354,-128.574,0.12000,0.12000,-0.12000,0.00000,0.00000,0.00000,0,1.000
174737,1.1092,-0.1132,-0.9992,-0.242,-0.511,3.501,276.607,277.246,-327.082,108.187,111.487,-128.732,0.12000,0.12000,-0.12000,0.00000,0.00000,0.00000,0,1.000
174745,1.1067,-0.2644,-0.8495,6.610,-5.510,3.971,279.950,279.539,-324.968,108.323,111.621,-128.890,0.12000,0.12000,-0.12000,0.00000,0.00000,0.00000,0,1.000
174752,1.0436,-0.3917,-0.6624,-3.740,-2.766,-0.158,278.457,273.920,-322.081,108.458,111.751,-129.045,0.12000,0.12000,-0.12000,0.00000,0.00000,0.00000,0,1.000
174760,1.2767,-0.5138,-0.7766,6.034,3.310,7.987,279.231,278.469,-327.790,108.596,111.885,-129.204,0.12000,0.12000,-0.12000,0.00000,0.00000,0.00000,0,1.000
174768,1.1036,-0.5481,-0.5701,3.312,-9.095,1.126,276.308,279.154,-326.918,108.730,112.017,-129.361,0.12000,0.12000,-0.12000,0.00000,0.00000,0.00000,0,1.000
174776,1.1853,-0.6419,-0.5604,-4.277,3.492,1.729,279.041,270.722,-323.443,108.866,112.147,-129.516,0.12000,0.12000,-0.12000,0.00000,0.00000,0.00000,0,1.000
174784,1.2715,-0.7899,-0.5025,6.320,-0.482,10.116,281.088,280.717,-327.234,109.003,112.281,-129.674,0.12000,0.12000,-0.12000,0.00000,0.00000,0.00000,0,1.000
174792,1.0474,-0.6600,-0.4048,-2.065,-4.600,-1.693,273.267,276.954,-319.997,109.135,112.411,-129.828,0.12000,0.12000,-0.12000,0.00000,0.00000,0.00000,0,1.000
174799,1.2172,-0.8717,-0.3685,-2.350,6.260,5.488,280.789,270.854,-325.060,109.272,112.541,-129.984,0.12000,0.12000,-0.12000,0.00000,0.00000,0.00000,0,1.000
174807,1.2183,-0.9573,-0.2863,5.491,-2.880,5.941,279.364,280.565,-327.393,109.407,112.674,-130.141,0.12000,0.12000,-0.12000,0.00000,0.00000,0.00000,0,1.000
174815,1.1261,-0.7964,-0.3507,-1.259,1.882,-3.910,272.300,274.949,-321.889,109.539,112.802,-130.293,0.12000,0.12000,-0.12000,0.00000,0.00000,0.00000,0,1.000
174823,1.2790,-1.0130,-0.2926,2.017,-2.447,7.500,281.488,272.064,-326.815,109.676,112.933,-130.450,0.12000,0.12000,-0.12000,0.00000,0.00000,0.00000,0,1.000
174830,1.2271,-0.8528,-0.3968,-1.306,1.177,-1.255,276.881,279.218,-319.381,109.808,113.064,-130.604,0.12000,0.12000,-0.12000,0.00000,0.00000,0.00000,0,1.000
174838,1.2689,-0.8220,-0.4687,-0.751,3.840,1.658,273.224,273.622,-323.770,109.941,113.192,-130.758,0.12000,0.12000,-0.12000,0.00000,0.00000,0.00000,0,1.000
174846,1.2550,-0.9086,-0.3704,-2.572,-1.722,1.640,280.920,273.871,-326.984,110.077,113.322,-130.914,0.12000,0.12000,-0.12000,0.00000,0.00000,0.00000,0,1.000
174854,1.3024,-0.7227,-0.5989,0.353,7.135,-0.943,274.421,276.467,-320.548,110.208,113.452,-131.065,0.12000,0.12000,-0.12000,0.00000,0.00000,0.00000,0,1.000
174862,1.2709,-0.8880,-0.4064,2.082,-2.088,0.840,275.743,273.326,-326.123,110.341,113.580,-131.220,0.12000,0.12000,-0.12000,0.00000,0.00000,0.00000,0,1.000
174870,1.2704,-0.9648,-0.3311,-5.320,-0.728,-1.577,277.215,276.887,-320.998,110.474,113.710,-131.374,0.12000,0.12000,-0.12000,0.00000,0.00000,0.00000,0,1.000
174878,1.3952,-1.0107,-0.4112,2.665,4.386,4.140,274.412,270.720,-318.639,110.607,113.837,-131.524,0.12000,0.12000,-0.12000,0.00000,0.00000,0.00000,0,1.000
174886,1.1777,-0.9005,-0.3009,-6.232,-3.908,-4.672,279.528,276.112,-327.269,110.739,113.967,-131.680,0.12000,0.12000,-0.12000,0.00000,0.00000,0.00000,0,1.000
174893,1.2571,-0.8909,-0.3898,-1.350,8.074,2.037,272.796,276.571,-319.082,110.871,114.094,-131.830,0.12000,0.12000,-0.12000,0.00000,0.00000,0.00000,0,1.000
174901,1.2761,-1.0185,-0.2844,5.215,-3.846,1.365,275.763,269.453,-324.491,111.004,114.221,-131.982,0.12000,0.12000,-0.12000,0.00000,0.00000,0.00000,0,1.000
174909,1.1362,-0.9382,-0.2227,-7.485,1.074,-6.922,278.827,276.712,-320.738,111.135,114.351,-132.135,0.12000,0.12000,-0.12000,0.00000,0.00000,0.00000,0,1.000
174917,1.2804,-0.9763,-0.3299,-0.010,5.705,6.765,271.773,275.471,-317.873,111.266,114.477,-132.284,0.12000,0.12000,-0.12000,0.00000,0.00000,0.00000,0,1.000
174925,1.0993,-0.8286,-0.2925,1.225,-5.576,-1.685,276.619,268.973,-326.451,111.399,114.603,-132.439,0.12000,0.12000,-0.12000,0.00000,0.00000,0.00000,0,1.000
174932,1.1414,-0.8576,-0.3065,-6.287,4.719,-4.154,277.174,276.781,-318.132,111.529,114.733,-132.587,0.12000,0.12000,-0.12000,0.00000,0.00000,0.00000,0,1.000
174940,1.2106,-0.9409,-0.2946,-0.941,0.664,6.818,272.102,274.317,-324.183,111.660,114.857,-132.739,0.12000,0.12000,-0.12000,0.00000,0.00000,0.00000,0,1.000
174948,1.0010,-0.5682,-0.4479,-3.524,-0.842,-3.041,276.465,268.853,-319.273,111.791,114.984,-132.890,0.12000,0.12000,-0.12000,0.00000,0.00000,0.00000,0,1.000
174956,1.0635,-0.7142,-0.3682,-5.069,4.767,0.186,275.393,276.548,-317.479,111.920,115.112,-133.038,0.12000,0.12000,-0.12000,0.00000,0.00000,0.00000,0,1.000
174963,0.9700,-0.7400,-0.2495,-3.188,-0.895,2.911,273.368,273.203,-325.640,112.051,115.236,-133.191,0.12000,0.12000,-0.12000,0.00000,0.00000,0.00000,0,1.000
174971,0.8921,-0.4955,-0.4098,-2.801,4.682,-1.571,275.445,268.913,-316.988,112.181,115.362,-133.338,0.12000,0.12000,-0.12000,0.00000,0.00000,0.00000,0,1.000
174979,0.8972,-0.6261,-0.2876,-3.091,-2.162,1.544,273.932,275.219,-322.858,112.310,115.488,-133.488,0.12000,0.12000,-0.12000,0.00000,0.00000,0.00000,0,1.000
174987,0.9007,-0.4511,-0.4616,-4.513,3.485,0.070,275.834,271.603,-319.072,112.441,115.612,-133.639,0.12000,0.12000,-0.12000,0.00000,0.00000,0.00000,0,1.000
174995,0.9822,-0.5577,-0.4393,2.504,0.812,1.644,272.346,270.919,-316.060,112.569,115.738,-133.785,0.12000,0.12000,-0.12000,0.00000,0.00000,0.00000,0,1.000
175003,0.7674,-0.4611,-0.3185,-6.900,-3.453,-3.396,274.018,273.944,-324.674,112.698,115.863,-133.937,0.12000,0.12000,-0.12000,0.00000,0.00000,0.00000,0,1.000
175010,0.8227,-0.4614,-0.3735,-2.892,8.079,1.572,276.623,270.844,-316.218,112.828,115.986,-134.082,0.12000,0.12000,-0.12000,0.00000,0.00000,0.00000,0,1.000
175018,0.8167,-0.4540,-0.3748,4.721,-3.094,1.961,270.477,271.289,-322.591,112.955,116.112,-134.231,0.12000,0.12000,-0.12000,0.00000,0.00000,0.00000,0,1.000
175026,0.6917,-0.3446,-0.3562,-8.713,-1.224,-5.502,274.518,272.754,-316.685,113.084,116.236,-134.380,0.12000,0.12000,-0.12000,0.00000,0.00000,0.00000,0,1.000
175034,0.8514,-0.4423,-0.4209,-0.006,6.695,6.307,276.203,270.615,-315.690,113.213,116.359,-134.525,0.12000,0.12000,-0.12000,0.00000,0.00000,0.00000,0,1.000
175042,0.6582,-0.3586,-0.3091,-2.671,-7.218,-3.119,268.215,272.527,-323.905,113.339,116.484,-134.676,0.12000,0.12000,-0.12000,0.00000,0.00000,0.00000,0,1.000
175050,0.7483,-0.3314,-0.4257,-5.903,5.840,-0.259,276.132,269.347,-315.294,113.469,116.607,-134.820,0.12000,0.12000,-0.12000,0.00000,0.00000,0.00000,0,1.000
175058,0.8164,-0.4659,-0.3629,3.201,-0.617,7.029,274.805,270.632,-321.673,113.596,116.730,-134.968,0.12000,0.12000,-0.12000,0.00000,0.00000,0.00000,0,1.000
175065,0.5595,-0.2234,-0.3420,-4.068,-1.696,-5.127,267.536,272.716,-315.756,113.721,116.854,-135.115,0.12000,0.12000,-0.12000,0.00000,0.00000,0.00000,0,1.000
175073,0.6719,-0.4332,-0.2502,-2.896,3.935,2.443,276.742,268.244,-316.139,113.851,116.975,-135.260,0.12000,0.12000,-0.12000,0.00000,0.00000,0.00000,0,1.000
175081,0.6257,-0.3018,-0.3319,2.513,-3.154,3.175,273.485,270.290,-322.470,113.977,117.098,-135.409,0.12000,0.12000,-0.12000,0.00000,0.00000,0.00000,0,1.000
175089,0.6138,-0.2370,-0.3831,-0.537,0.443,-3.080,268.208,272.650,-314.347,114.102,117.221,-135.552,0.12000,0.12000,-0.12000,0.00000,0.00000,0.00000,0,1.000
175097,0.6392,-0.3854,-0.2640,-0.006,-1.619,2.572,276.574,265.934,-320.986,114.231,117.341,-135.699,0.12000,0.12000,-0.12000,0.00000,0.00000,0.00000,0,1.000
175105,0.5725,-0.1776,-0.3997,-0.705,-1.596,1.771,270.639,271.124,-314.405,114.356,117.464,-135.844,0.12000,0.12000,-0.12000,0.00000,0.00000,0.00000,0,1.000
175112,0.6114,-0.2483,-0.3698,2.440,0.606,0.017,268.893,272.212,-316.004,114.481,117.586,-135.988,0.12000,0.12000,-0.12000,0.00000,0.00000,0.00000,0,1.000
175120,0.5693,-0.3165,-0.2612,-4.366,-2.929,-2.117,275.665,265.250,-321.019,114.609,117.706,-136.135,0.12000,0.12000,-0.12000,0.00000,0.00000,0.00000,0,1.000
175128,0.6266,-0.3010,-0.3336,1.177,5.962,1.843,269.555,270.620,-314.413,114.732,117.828,-136.277,0.12000,0.12000,-0.12000,0.00000,0.00000,0.00000,0,1.000
175136,0.6846,-0.4135,-0.2820,4.263,-5.359,0.034,269.133,271.865,-319.504,114.857,117.950,-136.423,0.12000,0.12000,-0.12000,0.00000,0.00000,0.00000,0,1.000
175143,0.5804,-0.3314,-0.2577,-6.924,-1.754,-4.224,274.922,264.994,-311.990,114.984,118.069,-136.566,0.12000,0.12000,-0.12000,0.00000,0.00000,0.00000,0,1.000
175151,0.7432,-0.3551,-0.3975,1.770,3.932,7.403,268.818,269.863,-318.362,115.107,118.190,-136.711,0.12000,0.12000,-0.12000,0.00000,0.00000,0.00000,0,1.000
175159,0.6727,-0.3924,-0.2907,1.345,-8.974,-0.832,269.697,271.499,-317.353,115.232,118.311,-136.854,0.12000,0.12000,-0.12000,0.00000,0.00000,0.00000,0,1.000
175167,0.6100,-0.3984,-0.2221,-8.506,2.179,-1.924,272.680,263.423,-314.860,115.358,118.429,-136.996,0.12000,0.12000,-0.12000,0.00000,0.00000,0.00000,0,1.000
175175,0.7703,-0.4469,-0.3352,2.545,1.617,9.154,267.892,270.512,-317.524,115.481,118.551,-137.140,0.12000,0.12000,-0.12000,0.00000,0.00000,0.00000,0,1.000
175183,0.5566,-0.2394,-0.3236,-1.891,-8.067,-2.200,271.780,270.872,-311.539,115.605,118.670,-137.282,0.12000,0.12000,-0.12000,0.00000,0.00000,0.00000,0,1.000
175190,0.6687,-0.3410,-0.3367,-6.295,3.199,-0.501,271.482,263.113,-318.122,115.730,118.788,-137.426,0.12000,0.12000,-0.12000,0.00000,0.00000,0.00000,0,1.000
175198,0.6271,-0.4217,-0.2166,3.647,-6.564,2.701,267.530,269.807,-315.427,115.852,118.909,-137.567,0.12000,0.12000,-0.12000,0.00000,0.00000,0.00000,0,1.000
175206,0.6001,-0.1934,-0.4119,-2.719,-3.050,-5.753,271.975,270.405,-316.841,115.976,119.028,-137.710,0.12000,0.12000,-0.12000,0.00000,0.00000,0.00000,0,1.000
175214,0.6124,-0.3478,-0.2739,-1.571,-3.624,2.339,268.190,261.735,-315.088,116.099,119.144,-137.852,0.12000,0.12000,-0.12000,0.00000,0.00000,0.00000,0,1.000
175222,0.3894,-0.1100,-0.2824,-3.078,-6.701,0.691,268.111,270.509,-311.688,116.222,119.265,-137.992,0.12000,0.12000,-0.12000,0.00000,0.00000,0.00000,0,1.000
175230,0.5086,-0.0442,-0.4657,-3.515,-2.852,-3.778,273.069,269.453,-317.063,116.346,119.383,-138.135,0.12000,0.12000,-0.12000,0.00000,0.00000,0.00000,0,1.000
175238,0.3557,-0.2108,-0.1505,-6.932,-5.822,-0.564,267.188,261.465,-314.023,116.467,119.499,-138.275,0.12000,0.12000,-0.12000,0.00000,0.00000,0.00000,0,1.000
175245,0.3992,-0.1885,-0.2157,-8.046,-0.981,-0.485,267.943,269.531,-316.744,116.590,119.619,-138.417,0.12000,0.12000,-0.12000,0.00000,0.00000,0.00000,0,1.000
175253,0.4478,-0.2784,-0.1768,-1.625,-4.585,-1.401,272.664,269.220,-309.917,116.712,119.737,-138.556,0.12000,0.12000,-0.12000,0.00000,0.00000,0.00000,0,1.000
175261,0.3319,-0.2535,-0.0850,-11.004,-5.604,-4.745,266.589,261.462,-315.602,116.834,119.852,-138.697,0.12000,0.12000,-0.12000,0.00000,0.00000,0.00000,0,1.000
175269,0.4887,-0.2716,-0.2243,-1.158,0.339,3.251,267.687,268.395,-313.444,116.956,119.971,-138.837,0.12000,0.12000,-0.12000,0.00000,0.00000,0.00000,0,1.000
175277,0.4543,-0.2991,-0.1631,0.296,-10.666,-4.641,272.282,268.966,-314.072,117.078,120.088,-138.975,0.12000,0.12000,-0.12000,0.00000,0.00000,0.00000,0,1.000
175284,0.3356,-0.2719,-0.0709,-8.305,-1.828,-4.772,265.647,261.137,-314.824,117.198,120.203,-139.117,0.12000,0.12000,-0.12000,0.00000,0.00000,0.00000,0,1.000
175292,0.5339,-0.4062,-0.1384,4.209,-0.696,6.635,267.726,267.537,-308.308,117.320,120.321,-139.253,0.12000,0.12000,-0.12000,0.00000,0.00000,0.00000,0,1.000
175300,0.3487,-0.2710,-0.0849,2.121,-11.747,-5.382,271.878,268.665,-317.855,117.441,120.438,-139.395,0.12000,0.12000,-0.12000,0.00000,0.00000,0.00000,0,1.000
175308,0.3005,-0.1748,-0.1303,-3.422,1.846,-3.283,265.024,261.525,-309.592,117.561,120.552,-139.532,0.12000,0.12000,-0.12000,0.00000,0.00000,0.00000,0,1.000
175316,0.4633,-0.3178,-0.1539,7.424,-2.475,7.423,267.214,266.288,-316.055,117.682,120.669,-139.671,0.12000,0.12000,-0.12000,0.00000,0.00000,0.00000,0,1.000
175323,0.4098,-0.0970,-0.3155,2.484,-7.539,-5.721,271.492,267.982,-309.092,117.802,120.786,-139.809,0.12000,0.12000,-0.12000,0.00000,0.00000,0.00000,0,1.000
175331,0.4488,-0.1144,-0.3375,0.517,2.873,-1.691,264.742,262.483,-312.061,117.921,120.899,-139.947,0.12000,0.12000,-0.12000,0.00000,0.00000,0.00000,0,1.000
175339,0.4912,-0.2024,-0.2942,7.858,-2.348,4.750,266.551,264.963,-315.302,118.042,121.015,-140.086,0.12000,0.12000,-0.12000,0.00000,0.00000,0.00000,0,1.000
175347,0.6512,-0.0145,-0.6373,6.258,-2.535,-4.135,270.988,266.689,-311.042,118.161,121.131,-140.222,0.12000,0.12000,-0.12000,0.00000,0.00000,0.00000,0,1.000
175354,0.6941,-0.1126,-0.5846,6.818,-1.318,1.592,264.669,263.980,-312.767,118.280,121.245,-140.361,0.12000,0.12000,-0.12000,0.00000,0.00000,0.00000,0,1.000
175362,0.7505,-0.1013,-0.6521,7.841,-1.655,0.379,265.737,263.731,-308.231,118.400,121.358,-140.496,0.12000,0.12000,-0.12000,0.00000,0.00000,0.00000,0,1.000
175370,0.9464,0.0258,-0.9717,9.992,-0.783,-1.480,270.353,264.699,-313.964,118.519,121.474,-140.635,0.12000,0.12000,-0.12000,0.00000,0.00000,0.00000,0,1.000
175378,0.9115,-0.0024,-0.9094,5.312,-4.002,-2.355,264.955,265.635,-310.775,118.637,121.588,-140.769,0.12000,0.12000,-0.12000,0.00000,0.00000,0.00000,0,1.000
175385,1.0152,0.0439,-1.0581,4.994,2.829,2.551,264.948,263.148,-313.869,118.756,121.700,-140.908,0.12000,0.12000,-0.12000,0.00000,0.00000,0.00000,0,1.000
175393,1.2227,-0.0011,-1.2219,11.550,-3.025,1.425,269.526,262.414,-305.996,118.874,121.815,-141.041,0.12000,0.12000,-0.12000,0.00000,0.00000,0.00000,0,1.000
175401,1.0884,0.0460,-1.1334,0.213,-4.908,-5.545,265.346,266.734,-314.528,118.992,121.930,-141.179,0.12000,0.12000,-0.12000,0.00000,0.00000,0.00000,0,1.000
175409,1.2041,-0.0314,-1.1738,2.010,5.910,4.673,264.021,263.348,-308.384,119.110,122.041,-141.313,0.12000,0.12000,-0.12000,0.00000,0.00000,0.00000,0,1.000
175416,1.2594,-0.1752,-1.0890,8.732,-6.160,1.775,268.717,260.335,-313.124,119.228,122.154,-141.449,0.12000,0.12000,-0.12000,0.00000,0.00000,0.00000,0,1.000
175424,1.0238,-0.0556,-0.9698,-5.053,-3.156,-9.115,265.932,266.934,-308.055,119.345,122.269,-141.585,0.12000,0.12000,-0.12000,0.00000,0.00000,0.00000,0,1.000
175432,1.1355,-0.2361,-0.9058,0.061,5.270,5.040,263.371,264.043,-308.894,119.462,122.380,-141.718,0.12000,0.12000,-0.12000,0.00000,0.00000,0.00000,0,1.000
175440,1.1999,-0.2815,-0.9261,6.385,-7.633,-0.962,267.493,258.556,-313.534,119.580,122.492,-141.855,0.12000,0.12000,-0.12000,0.00000,0.00000,0.00000,0,1.000
175447,1.1732,-0.1308,-1.0460,-6.145,2.485,-5.631,266.607,265.956,-308.033,119.697,122.606,-141.987,0.12000,0.12000,-0.12000,0.00000,0.00000,0.00000,0,1.000
175455,1.3217,-0.3551,-0.9762,1.734,-0.693,7.109,262.809,264.729,-310.896,119.813,122.717,-142.122,0.12000,0.12000,-0.12000,0.00000,0.00000,0.00000,0,1.000
175463,1.3262,-0.3614,-0.9745,-1.694,-6.389,-4.806,266.258,258.032,-305.875,119.930,122.828,-142.255,0.12000,0.12000,-0.12000,0.00000,0.00000,0.00000,0,1.000
175471,1.2646,-0.3393,-0.9344,-6.156,3.071,-3.883,267.280,263.978,-311.772,120.047,122.941,-142.390,0.12000,0.12000,-0.12000,0.00000,0.00000,0.00000,0,1.000
175479,1.2727,-0.5689,-0.7189,-2.484,-1.536,4.767,262.509,264.808,-308.679,120.161,123.052,-142.521,0.12000,0.12000,-0.12000,0.00000,0.00000,0.00000,0,1.000
175486,1.4025,-0.4315,-0.9825,-4.080,-0.240,-2.015,264.852,258.717,-311.615,120.278,123.162,-142.657,0.12000,0.12000,-0.12000,0.00000,0.00000,0.00000,0,1.000
175494,1.4367,-0.4310,-1.0172,-4.263,2.480,-3.178,267.703,261.643,-303.707,120.395,123.273,-142.787,0.12000,0.12000,-0.12000,0.00000,0.00000,0.00000,0,1.000
175502,1.3717,-0.5653,-0.8214,-6.665,-1.246,2.631,262.287,263.739,-312.640,120.509,123.384,-142.922,0.12000,0.12000,-0.12000,0.00000,0.00000,0.00000,0,1.000
175510,1.6020,-0.5608,-1.0561,-3.778,3.469,1.793,262.992,260.737,-305.806,120.624,123.494,-143.053,0.12000,0.12000,-0.12000,0.00000,0.00000,0.00000,0,1.000
175518,1.5729,-0.5432,-1.0443,-3.241,-0.535,-2.986,267.722,260.018,-310.991,120.740,123.604,-143.185,0.12000,0.12000,-0.12000,0.00000,0.00000,0.00000,0,1.000
175525,1.4401,-0.5628,-0.8923,-10.816,1.286,-0.192,262.312,261.555,-305.922,120.854,123.715,-143.318,0.12000,0.12000,-0.12000,0.00000,0.00000,0.00000,0,1.000
175534,1.6120,-0.7166,-0.9144,-0.769,1.808,5.093,263.203,261.125,-305.681,120.968,123.824,-143.447,0.12000,0.12000,-0.12000,0.00000,0.00000,0.00000,0,1.000
175542,1.4586,-0.6055,-0.8692,-9.170,-2.630,-6.170,267.686,258.979,-312.442,121.085,123.933,-143.582,0.12000,0.12000,-0.12000,0.00000,0.00000,0.00000,0,1.000
175549,1.3970,-0.6479,-0.7663,-11.995,8.871,4.922,261.597,260.410,-305.100,121.197,124.043,-143.710,0.12000,0.12000,-0.12000,0.00000,0.00000,0.00000,0,1.000
175557,1.4985,-0.8088,-0.7111,-1.608,1.311,7.484,262.229,262.878,-310.100,121.312,124.153,-143.843,0.12000,0.12000,-0.12000,0.00000,0.00000,0.00000,0,1.000
175565,1.1985,-0.5579,-0.6554,-12.036,0.484,-6.312,267.778,258.606,-302.895,121.427,124.260,-143.972,0.12000,0.12000,-0.12000,0.00000,0.00000,0.00000,0,1.000
175573,1.1627,-0.6292,-0.5502,-12.742,12.356,4.297,262.143,256.462,-309.869,121.539,124.369,-144.104,0.12000,0.12000,-0.12000,0.00000,0.00000,0.00000,0,1.000
175580,1.2540,-0.7643,-0.5099,-3.518,2.686,6.643,259.965,264.357,-306.439,121.652,124.479,-144.233,0.12000,0.12000,-0.12000,0.00000,0.00000,0.00000,0,1.000
175588,1.0807,-0.3988,-0.6925,-12.566,4.832,-8.017,267.954,259.679,-309.337,121.768,124.586,-144.365,0.12000,0.12000,-0.12000,0.00000,0.00000,0.00000,0,1.000
175596,1.0440,-0.4634,-0.5929,-11.463,12.623,2.222,263.096,253.764,-301.568,121.880,124.692,-144.492,0.12000,0.12000,-0.12000,0.00000,0.00000,0.00000,0,1.000
175604,1.1246,-0.4622,-0.6747,-7.720,0.502,-0.501,258.294,263.518,-310.779,121.991,124.803,-144.624,0.12000,0.12000,-0.12000,0.00000,0.00000,0.00000,0,1.000
175611,1.0768,-0.2702,-0.8139,-11.660,8.829,-7.741,267.403,261.356,-303.121,122.107,124.910,-144.751,0.12000,0.12000,-0.12000,0.00000,0.00000,0.00000,0,1.000
175619,0.9323,-0.2933,-0.6468,-10.853,6.253,1.110,263.907,253.826,-309.546,122.218,125.015,-144.881,0.12000,0.12000,-0.12000,0.00000,0.00000,0.00000,0,1.000
175627,0.9237,-0.1685,-0.7598,-11.086,4.565,-1.726,257.520,261.510,-303.072,122.329,125.124,-145.010,0.12000,0.12000,-0.12000,0.00000,0.00000,0.00000,0,1.000
175635,0.8869,-0.0044,-0.8828,-8.823,6.193,-7.201,266.629,261.594,-305.581,122.444,125.231,-145.138,0.12000,0.12000,-0.12000,0.00000,0.00000,0.00000,0,1.000
175643,0.5928,0.0313,-0.6234,-12.335,2.625,-6.676,264.181,255.319,-307.909,122.555,125.336,-145.268,0.12000,0.12000,-0.12000,0.00000,0.00000,0.00000,0,1.000
175651,0.6248,0.0874,-0.7100,-11.498,6.380,-2.070,257.015,258.411,-305.631,122.665,125.443,-145.395,0.12000,0.12000,-0.12000,0.00000,0.00000,0.00000,0,1.000
175658,0.6543,0.1581,-0.8085,-4.638,1.270,-7.625,264.988,259.972,-303.959,122.779,125.551,-145.523,0.12000,0.12000,-0.12000,0.00000,0.00000,0.00000,0,1.000
175666,0.3402,0.2938,-0.6265,-14.025,-0.062,-10.755,264.910,259.143,-304.642,122.890,125.657,-145.650,0.12000,0.12000,-0.12000,0.00000,0.00000,0.00000,0,1.000
175674,0.4457,0.2323,-0.6720,-10.448,8.506,-0.279,257.562,257.112,-305.539,122.999,125.761,-145.779,0.12000,0.12000,-0.12000,0.00000,0.00000,0.00000,0,1.000
175682,0.3996,0.3603,-0.7506,-3.366,-4.386,-10.430,263.021,256.066,-305.857,123.111,125.868,-145.904,0.12000,0.12000,-0.12000,0.00000,0.00000,0.00000,0,1.000
175690,0.0812,0.5578,-0.6244,-13.448,4.733,-9.252,264.598,261.324,-304.510,123.223,125.975,-146.033,0.12000,0.12000,-0.12000,0.00000,0.00000,0.00000,0,1.000
175697,0.2345,0.3369,-0.5627,-2.894,4.339,3.945,258.960,258.227,-301.632,123.332,126.078,-146.158,0.12000,0.12000,-0.12000,0.00000,0.00000,0.00000,0,1.000
175705,0.1309,0.4742,-0.5928,-2.276,-6.993,-8.701,261.713,253.493,-309.121,123.442,126.183,-146.288,0.12000,0.12000,-0.12000,0.00000,0.00000,0.00000,0,1.000
175713,-0.0125,0.6326,-0.6036,-10.892,4.262,-8.590,263.884,260.871,-301.077,123.554,126.290,-146.411,0.12000,0.12000,-0.12000,0.00000,0.00000,0.00000,0,1.000
175721,0.0533,0.3866,-0.4298,-1.675,1.772,5.716,259.386,259.209,-306.697,123.662,126.393,-146.539,0.12000,0.12000,-0.12000,0.00000,0.00000,0.00000,0,1.000
175729,-0.0180,0.5640,-0.5313,-2.774,-5.883,-5.084,260.528,252.643,-299.464,123.772,126.496,-146.663,0.12000,0.12000,-0.12000,0.00000,0.00000,0.00000,0,1.000
175737,-0.1183,0.7217,-0.5846,-7.387,4.382,-7.351,262.561,258.649,-306.457,123.883,126.602,-146.790,0.12000,0.12000,-0.12000,0.00000,0.00000,0.00000,0,1.000
175745,-0.1505,0.5463,-0.3815,0.398,-3.762,3.365,260.262,259.413,-303.085,123.991,126.706,-146.914,0.12000,0.12000,-0.12000,0.00000,0.00000,0.00000,0,1.000
175753,-0.1612,0.7316,-0.5513,-1.338,-1.467,-4.486,260.036,254.226,-306.033,124.099,126.809,-147.041,0.12000,0.12000,-0.12000,0.00000,0.00000,0.00000,0,1.000
175760,-0.1940,0.7869,-0.5723,-0.069,0.438,-3.536,259.906,255.182,-297.928,124.209,126.913,-147.163,0.12000,0.12000,-0.12000,0.00000,0.00000,0.00000,0,1.000
175768,-0.3895,0.6879,-0.2804,-1.375,-5.027,3.128,261.492,256.727,-307.450,124.318,127.017,-147.290,0.12000,0.12000,-0.12000,0.00000,0.00000,0.00000,0,1.000
175776,-0.2131,0.7486,-0.5159,3.293,-1.231,-0.365,260.374,258.432,-299.488,124.425,127.121,-147.413,0.12000,0.12000,-0.12000,0.00000,0.00000,0.00000,0,1.000
175784,-0.3424,0.7595,-0.3973,3.231,-4.596,-4.234,256.846,254.289,-306.243,124.534,127.222,-147.538,0.12000,0.12000,-0.12000,0.00000,0.00000,0.00000,0,1.000
175792,-0.4710,0.6851,-0.1960,-2.699,-4.400,0.653,261.432,251.689,-297.981,124.643,127.325,-147.661,0.12000,0.12000,-0.12000,0.00000,0.00000,0.00000,0,1.000
175799,-0.1789,0.5676,-0.3738,6.858,-2.581,5.134,261.787,260.185,-304.754,124.750,127.430,-147.786,0.12000,0.12000,-0.12000,0.00000,0.00000,0.00000,0,1.000
175807,-0.3058,0.6438,-0.3211,6.410,-10.379,-4.484,255.252,256.694,-301.807,124.857,127.531,-147.908,0.12000,0.12000,-0.12000,0.00000,0.00000,0.00000,0,1.000
175815,-0.4520,0.6311,-0.1625,-2.688,-3.004,-0.542,260.209,249.313,-304.273,124.966,127.631,-148.032,0.12000,0.12000,-0.12000,0.00000,0.00000,0.00000,0,1.000
175823,-0.1446,0.4275,-0.2717,11.003,-6.602,5.960,261.707,259.027,-298.514,125.072,127.736,-148.154,0.12000,0.12000,-0.12000,0.00000,0.00000,0.00000,0,1.000
175831,-0.3098,0.5776,-0.2527,1.175,-8.611,-6.514,254.895,257.565,-303.483,125.179,127.837,-148.278,0.12000,0.12000,-0.12000,0.00000,0.00000,0.00000,0,1.000
175839,-0.2761,0.4993,-0.2102,-0.102,2.563,4.414,258.315,250.197,-299.980,125.287,127.937,-148.400,0.12000,0.12000,-0.12000,0.00000,0.00000,0.00000,0,1.000
175847,0.0078,0.2287,-0.2305,11.297,-6.957,8.980,262.004,255.448,-303.865,125.393,128.039,-148.522,0.12000,0.12000,-0.12000,0.00000,0.00000,0.00000,0,1.000
175854,-0.0934,0.4915,-0.3853,4.887,-8.029,-5.097,256.284,256.679,-298.212,125.499,128.142,-148.645,0.12000,0.12000,-0.12000,0.00000,0.00000,0.00000,0,1.000
175862,-0.0617,0.3568,-0.2858,3.309,2.259,5.218,256.111,254.849,-301.270,125.605,128.242,-148.766,0.12000,0.12000,-0.12000,0.00000,0.00000,0.00000,0,1.000
175870,0.1308,0.0516,-0.1810,10.902,-7.194,9.611,260.343,253.423,-302.391,125.712,128.342,-148.889,0.12000,0.12000,-0.12000,0.00000,0.00000,0.00000,0,1.000
175878,0.1867,0.2097,-0.3909,7.470,-5.725,-0.367,259.375,251.777,-302.013,125.818,128.443,-149.010,0.12000,0.12000,-0.12000,0.00000,0.00000,0.00000,0,1.000
175886,0.1635,0.0938,-0.2549,7.255,-0.828,4.040,255.074,257.880,-297.147,125.922,128.545,-149.130,0.12000,0.12000,-0.12000,0.00000,0.00000,0.00000,0,1.000
175893,0.2554,-0.2025,-0.0582,7.714,-8.401,10.411,256.311,255.512,-302.843,126.028,128.644,-149.252,0.12000,0.12000,-0.12000,0.00000,0.00000,0.00000,0,1.000
175901,0.4028,-0.0966,-0.3088,8.504,-4.033,3.245,261.922,249.044,-297.837,126.135,128.743,-149.372,0.12000,0.12000,-0.12000,0.00000,0.00000,0.00000,0,1.000
175909,0.2924,-0.1456,-0.1506,5.129,-5.757,5.597,256.784,254.668,-303.409,126.239,128.844,-149.493,0.12000,0.12000,-0.12000,0.00000,0.00000,0.00000,0,1.000
175917,0.3104,-0.2704,-0.0472,1.279,-4.487,10.078,252.584,255.614,-295.865,126.342,128.944,-149.613,0.12000,0.12000,-0.12000,0.00000,0.00000,0.00000,0,1.000
175925,0.5282,-0.3238,-0.2130,7.258,-2.376,7.591,261.834,251.412,-300.289,126.450,129.042,-149.732,0.12000,0.12000,-0.12000,0.00000,0.00000,0.00000,0,1.000
175933,0.3133,-0.3115,-0.0100,3.520,-6.191,-0.608,258.351,251.430,-300.801,126.553,129.141,-149.853,0.12000,0.12000,-0.12000,0.00000,0.00000,0.00000,0,1.000
175940,0.4003,-0.4987,0.0854,-2.139,-0.426,9.327,251.872,251.845,-301.006,126.656,129.241,-149.972,0.12000,0.12000,-0.12000,0.00000,0.00000,0.00000,0,1.000
175948,0.6587,-0.6631,-0.0131,7.717,-2.268,9.555,259.586,256.465,-295.474,126.762,129.341,-150.091,0.12000,0.12000,-0.12000,0.00000,0.00000,0.00000,0,1.000
175956,0.4230,-0.5641,0.1262,-1.679,-2.844,-3.622,259.401,251.153,-299.988,126.866,129.437,-150.210,0.12000,0.12000,-0.12000,0.00000,0.00000,0.00000,0,1.000
175964,0.5218,-0.7637,0.2218,-0.601,4.371,10.704,252.428,247.351,-297.722,126.967,129.535,-150.329,0.12000,0.12000,-0.12000,0.00000,0.00000,0.00000,0,1.000
175972,0.6743,-0.9512,0.2519,7.753,-4.963,5.444,257.349,256.709,-301.509,127.072,129.636,-150.448,0.12000,0.12000,-0.12000,0.00000,0.00000,0.00000,0,1.000
175980,0.4666,-0.7625,0.2759,-2.024,-0.227,-5.897,258.948,254.251,-295.157,127.177,129.733,-150.567,0.12000,0.12000,-0.12000,0.00000,0.00000,0.00000,0,1.000
175987,0.5463,-0.9942,0.4218,-1.026,6.098,7.813,255.493,247.113,-299.422,127.279,129.829,-150.685,0.12000,0.12000,-0.12000,0.00000,0.00000,0.00000,0,1.000
175995,0.6990,-1.1431,0.4141,5.294,-3.549,4.476,255.677,252.040,-298.749,127.381,129.927,-150.803,0.12000,0.12000,-0.12000,0.00000,0.00000,0.00000,0,1.000
176003,0.5577,-0.8458,0.2659,-2.140,1.571,-4.093,255.298,252.930,-300.198,127.485,130.026,-150.921,0.12000,0.12000,-0.12000,0.00000,0.00000,0.00000,0,1.000
176011,0.5098,-1.0245,0.4878,-1.138,5.604,3.448,257.817,253.467,-292.943,127.589,130.123,-151.036,0.12000,0.12000,-0.12000,0.00000,0.00000,0.00000,0,1.000
176019,0.5614,-1.1814,0.5890,0.852,-2.033,4.124,257.336,250.797,-301.677,127.690,130.218,-151.156,0.12000,0.12000,-0.12000,0.00000,0.00000,0.00000,0,1.000
176026,0.5701,-0.9570,0.3618,-0.783,3.363,-3.652,251.931,247.219,-294.098,127.792,130.315,-151.271,0.12000,0.12000,-0.12000,0.00000,0.00000,0.00000,0,1.000
176034,0.4292,-1.0317,0.5755,-4.351,2.847,0.537,256.897,254.738,-300.988,127.896,130.413,-151.389,0.12000,0.12000,-0.12000,0.00000,0.00000,0.00000,0,1.000
176042,0.4871,-1.0936,0.5778,-5.910,3.245,0.426,258.539,253.027,-292.779,127.997,130.508,-151.505,0.12000,0.12000,-0.12000,0.00000,0.00000,0.00000,0,1.000
176050,0.5745,-0.9982,0.3975,-0.989,4.731,-2.173,251.730,246.643,-299.540,128.098,130.603,-151.622,0.12000,0.12000,-0.12000,0.00000,0.00000,0.00000,0,1.000
176058,0.3839,-0.9578,0.5489,-5.300,0.140,-5.534,253.620,250.227,-296.357,128.200,130.700,-151.737,0.12000,0.12000,-0.12000,0.00000,0.00000,0.00000,0,1.000
176066,0.4934,-1.0144,0.4944,-8.730,4.162,1.166,258.548,252.278,-299.433,128.302,130.796,-151.854,0.12000,0.12000,-0.12000,0.00000,0.00000,0.00000,0,1.000
176074,0.6187,-0.9900,0.3452,1.632,2.209,-1.324,253.973,251.302,-291.238,128.403,130.892,-151.967,0.12000,0.12000,-0.12000,0.00000,0.00000,0.00000,0,1.000
176082,0.3043,-0.8251,0.4992,-4.092,-1.753,-10.027,251.775,248.256,-301.074,128.503,130.986,-152.086,0.12000,0.12000,-0.12000,0.00000,0.00000,0.00000,0,1.000
176089,0.3531,-0.8742,0.4983,-9.222,5.774,-1.538,254.747,245.356,-292.786,128.605,131.080,-152.198,0.12000,0.12000,-0.12000,0.00000,0.00000,0.00000,0,1.000
176097,0.5179,-0.9431,0.4004,2.890,2.315,-0.681,257.955,254.210,-298.702,128.707,131.178,-152.315,0.12000,0.12000,-0.12000,0.00000,0.00000,0.00000,0,1.000
176105,0.2236,-0.6449,0.4044,-2.493,-1.622,-11.121,252.956,251.764,-291.984,128.805,131.271,-152.428,0.12000,0.12000,-0.12000,0.00000,0.00000,0.00000,0,1.000
176113,0.2273,-0.7194,0.4732,-2.249,7.494,0.870,250.255,244.020,-298.255,128.905,131.364,-152.545,0.12000,0.12000,-0.12000,0.00000,0.00000,0.00000,0,1.000
176121,0.3140,-0.7985,0.4636,6.434,-1.894,-3.501,258.233,249.890,-295.395,129.007,131.460,-152.657,0.12000,0.12000,-0.12000,0.00000,0.00000,0.00000,0,1.000
176129,0.0876,-0.4725,0.3725,-0.348,2.294,-10.838,255.854,250.813,-296.496,129.106,131.555,-152.773,0.12000,0.12000,-0.12000,0.00000,0.00000,0.00000,0,1.000
176136,0.1269,-0.6186,0.4755,0.625,6.054,-0.563,248.858,250.652,-292.022,129.204,131.649,-152.885,0.12000,0.12000,-0.12000,0.00000,0.00000,0.00000,0,1.000
176144,0.2202,-0.6986,0.4601,5.062,-1.620,-1.238,255.293,248.428,-299.053,129.305,131.740,-153.001,0.12000,0.12000,-0.12000,0.00000,0.00000,0.00000,0,1.000
176152,0.1547,-0.4153,0.2497,2.770,3.254,-6.775,256.445,244.293,-294.129,129.406,131.834,-153.113,0.12000,0.12000,-0.12000,0.00000,0.00000,0.00000,0,1.000
176160,0.1072,-0.5049,0.3844,3.800,3.328,-3.124,252.277,251.512,-293.419,129.503,131.929,-153.226,0.12000,0.12000,-0.12000,0.00000,0.00000,0.00000,0,1.000
176168,0.1442,-0.6315,0.4708,2.173,-3.358,0.746,252.705,251.217,-295.333,129.602,132.022,-153.340,0.12000,0.12000,-0.12000,0.00000,0.00000,0.00000,0,1.000
176176,0.1960,-0.4438,0.2362,4.527,4.799,-3.313,253.582,244.920,-293.748,129.702,132.114,-153.453,0.12000,0.12000,-0.12000,0.00000,0.00000,0.00000,0,1.000
176183,0.0958,-0.4416,0.3342,2.943,-1.552,-3.518,254.407,246.978,-296.690,129.800,132.207,-153.565,0.12000,0.12000,-0.12000,0.00000,0.00000,0.00000,0,1.000
176191,0.1284,-0.4800,0.3390,-2.506,0.244,-0.076,253.779,247.518,-290.916,129.897,132.300,-153.678,0.12000,0.12000,-0.12000,0.00000,0.00000,0.00000,0,1.000
176199,0.2851,-0.4218,0.1256,6.076,2.362,0.112,248.953,251.629,-295.343,129.996,132.394,-153.790,0.12000,0.12000,-0.12000,0.00000,0.00000,0.00000,0,1.000
176207,0.0857,-0.3723,0.2768,3.743,-4.350,-7.016,253.000,247.813,-293.469,130.095,132.484,-153.901,0.12000,0.12000,-0.12000,0.00000,0.00000,0.00000,0,1.000
176214,0.1401,-0.4242,0.2730,-3.155,0.265,-0.927,256.125,241.370,-296.342,130.192,132.575,-154.014,0.12000,0.12000,-0.12000,0.00000,0.00000,0.00000,0,1.000
176222,0.3268,-0.4959,0.1561,7.662,0.143,2.224,250.543,249.204,-288.190,130.290,132.668,-154.123,0.12000,0.12000,-0.12000,0.00000,0.00000,0.00000,0,1.000
176230,0.1147,-0.3641,0.2399,5.495,-6.786,-6.436,249.088,249.543,-298.323,130.386,132.761,-154.238,0.12000,0.12000,-0.12000,0.00000,0.00000,0.00000,0,1.000
176238,0.1345,-0.3796,0.2351,-3.111,1.657,-2.045,251.904,248.179,-290.796,130.484,132.852,-154.346,0.12000,0.12000,-0.12000,0.00000,0.00000,0.00000,0,1.000
176245,0.3750,-0.5731,0.1830,6.793,0.432,3.649,255.819,246.650,-293.348,130.583,132.941,-154.458,0.12000,0.12000,-0.12000,0.00000,0.00000,0.00000,0,1.000
176253,0.2643,-0.3897,0.1151,6.408,-5.323,-4.900,251.187,242.343,-292.197,130.678,133.032,-154.568,0.12000,0.12000,-0.12000,0.00000,0.00000,0.00000,0,1.000
176261,0.2594,-0.3492,0.0807,0.228,3.579,-4.028,246.690,249.607,-292.225,130.773,133.125,-154.679,0.12000,0.12000,-0.12000,0.00000,0.00000,0.00000,0,1.000
176269,0.4089,-0.5557,0.1322,9.051,-2.407,2.963,254.687,249.371,-295.228,130.872,133.215,-154.789,0.12000,0.12000,-0.12000,0.00000,0.00000,0.00000,0,1.000
176277,0.3370,-0.4089,0.0611,6.293,-0.272,-4.339,254.492,245.309,-288.526,130.969,133.305,-154.899,0.12000,0.12000,-0.12000,0.00000,0.00000,0.00000,0,1.000
176284,0.3246,-0.3917,0.0568,5.466,3.583,0.034,248.542,244.227,-294.344,131.063,133.395,-155.009,0.12000,0.12000,-0.12000,0.00000,0.00000,0.00000,0,1.000
176292,0.3918,-0.5840,0.1768,6.033,-4.032,2.639,250.588,242.077,-291.486,131.159,133.485,-155.118,0.12000,0.12000,-0.12000,0.00000,0.00000,0.00000,0,1.000
176300,0.4013,-0.4925,0.0783,6.000,0.998,0.392,250.861,250.407,-294.523,131.256,133.577,-155.229,0.12000,0.12000,-0.12000,0.00000,0.00000,0.00000,0,1.000
176307,0.4223,-0.5121,0.0763,8.906,2.279,-0.307,252.564,248.219,-287.291,131.352,133.666,-155.335,0.12000,0.12000,-0.12000,0.00000,0.00000,0.00000,0,1.000
176315,0.3886,-0.6419,0.2365,3.460,-3.600,0.235,252.777,241.953,-295.919,131.447,133.754,-155.448,0.12000,0.12000,-0.12000,0.00000,0.00000,0.00000,0,1.000
176323,0.5056,-0.5317,0.0121,4.650,3.543,2.157,246.543,244.771,-290.543,131.541,133.843,-155.554,0.12000,0.12000,-0.12000,0.00000,0.00000,0.00000,0,1.000
176331,0.5294,-0.5355,-0.0079,11.280,0.412,-0.284,249.692,244.470,-289.887,131.638,133.933,-155.663,0.12000,0.12000,-0.12000,0.00000,0.00000,0.00000,0,1.000
176339,0.4192,-0.5620,0.1280,1.607,-4.278,-2.624,253.767,248.950,-292.064,131.733,134.024,-155.772,0.12000,0.12000,-0.12000,0.00000,0.00000,0.00000,0,1.000
176346,0.5925,-0.5811,-0.0267,1.187,4.714,2.123,250.454,246.964,-288.486,131.827,134.111,-155.879,0.12000,0.12000,-0.12000,0.00000,0.00000,0.00000,0,1.000
176354,0.6530,-0.6215,-0.0480,11.170,0.152,0.929,247.076,240.649,-294.337,131.921,134.199,-155.988,0.12000,0.12000,-0.12000,0.00000,0.00000,0.00000,0,1.000
176362,0.5302,-0.5373,-0.0070,-1.842,-1.570,-5.371,247.394,244.000,-285.664,132.015,134.288,-156.094,0.12000,0.12000,-0.12000,0.00000,0.00000,0.00000,0,1.000
176370,0.6745,-0.6319,-0.0592,2.832,3.518,4.211,254.289,244.215,-293.221,132.112,134.376,-156.203,0.12000,0.12000,-0.12000,0.00000,0.00000,0.00000,0,1.000
176377,0.7224,-0.6771,-0.0630,9.803,-5.129,-2.360,251.186,248.453,-289.958,132.205,134.466,-156.308,0.12000,0.12000,-0.12000,0.00000,0.00000,0.00000,0,1.000
176385,0.6026,-0.5550,-0.0623,-1.134,-1.098,-6.974,244.585,244.823,-290.647,132.296,134.552,-156.417,0.12000,0.12000,-0.12000,0.00000,0.00000,0.00000,0,1.000
176393,0.7303,-0.6680,-0.0800,0.669,2.004,0.805,250.230,238.190,-288.005,132.391,134.638,-156.522,0.12000,0.12000,-0.12000,0.00000,0.00000,0.00000,0,1.000
176401,0.7300,-0.6770,-0.0709,6.106,-4.777,-2.609,251.619,245.021,-291.740,132.486,134.727,-156.630,0.12000,0.12000,-0.12000,0.00000,0.00000,0.00000,0,1.000
176409,0.6797,-0.4990,-0.1939,-0.205,-0.779,-5.895,249.612,245.365,-291.314,132.578,134.815,-156.736,0.12000,0.12000,-0.12000,0.00000,0.00000,0.00000,0,1.000
176416,0.7659,-0.6736,-0.1100,0.078,0.480,-1.837,249.409,246.351,-284.578,132.670,134.903,-156.841,0.12000,0.12000,-0.12000,0.00000,0.00000,0.00000,0,1.000
176424,0.7631,-0.7206,-0.0615,0.845,-3.748,-0.703,245.460,244.415,-294.148,132.764,134.988,-156.949,0.12000,0.12000,-0.12000,0.00000,0.00000,0.00000,0,1.000
176432,0.7876,-0.5923,-0.2109,0.620,1.787,-4.003,249.417,238.490,-285.798,132.858,135.074,-157.052,0.12000,0.12000,-0.12000,0.00000,0.00000,0.00000,0,1.000
176440,0.8278,-0.6982,-0.1480,1.595,-0.212,-4.249,252.434,243.860,-290.974,132.950,135.162,-157.160,0.12000,0.12000,-0.12000,0.00000,0.00000,0.00000,0,1.000
176447,0.7844,-0.7493,-0.0548,-3.779,-3.545,-1.780,247.210,244.397,-286.984,133.042,135.249,-157.264,0.12000,0.12000,-0.12000,0.00000,0.00000,0.00000,0,1.000
176455,0.8754,-0.6652,-0.2278,1.079,4.829,-1.374,245.327,245.866,-288.434,133.134,135.336,-157.370,0.12000,0.12000,-0.12000,0.00000,0.00000,0.00000,0,1.000
176463,0.8349,-0.6787,-0.1741,0.920,-1.540,-5.313,248.596,241.773,-290.336,133.226,135.420,-157.474,0.12000,0.12000,-0.12000,0.00000,0.00000,0.00000,0,1.000
176471,0.7481,-0.6459,-0.1192,-5.879,2.230,-2.917,252.104,236.691,-285.325,133.320,135.505,-157.579,0.12000,0.12000,-0.12000,0.00000,0.00000,0.00000,0,1.000
176479,0.8870,-0.6798,-0.2251,3.743,6.479,2.450,247.766,245.251,-289.707,133.410,135.592,-157.684,0.12000,0.12000,-0.12000,0.00000,0.00000,0.00000,0,1.000
176487,0.7848,-0.6582,-0.1440,4.459,-3.233,-5.784,242.602,245.310,-287.425,133.500,135.678,-157.787,0.12000,0.12000,-0.12000,0.00000,0.00000,0.00000,0,1.000
176495,0.7253,-0.5390,-0.2006,-6.595,3.448,-5.849,251.171,241.204,-290.595,133.594,135.762,-157.892,0.12000,0.12000,-0.12000,0.00000,0.00000,0.00000,0,1.000
176502,0.8353,-0.6180,-0.2337,2.666,7.968,2.567,251.018,241.352,-282.543,133.686,135.846,-157.993,0.12000,0.12000,-0.12000,0.00000,0.00000,0.00000,0,1.000
176510,0.7652,-0.5838,-0.1968,7.076,-2.481,-5.030,245.101,238.224,-292.366,133.775,135.931,-158.100,0.12000,0.12000,-0.12000,0.00000,0.00000,0.00000,0,1.000
176518,0.6980,-0.4212,-0.2879,-3.415,3.180,-8.022,246.997,244.730,-285.796,133.866,136.018,-158.201,0.12000,0.12000,-0.12000,0.00000,0.00000,0.00000,0,1.000
176526,0.7967,-0.5623,-0.2492,3.598,4.516,2.233,246.326,244.645,-285.920,133.958,136.102,-158.305,0.12000,0.12000,-0.12000,0.00000,0.00000,0.00000,0,1.000
176534,0.7708,-0.4930,-0.2908,2.638,-1.478,-5.929,248.877,241.666,-289.008,134.049,136.186,-158.408,0.12000,0.12000,-0.12000,0.00000,0.00000,0.00000,0,1.000
176541,0.7833,-0.3677,-0.4254,-2.308,5.265,-8.359,250.176,239.637,-283.842,134.138,136.269,-158.510,0.12000,0.12000,-0.12000,0.00000,0.00000,0.00000,0,1.000
176549,0.8217,-0.4783,-0.3561,0.486,1.290,-0.308,243.499,235.928,-290.506,134.228,136.352,-158.614,0.12000,0.12000,-0.12000,0.00000,0.00000,0.00000,0,1.000
176557,0.7643,-0.3348,-0.4384,0.817,-0.938,-4.117,244.295,244.482,-282.220,134.318,136.439,-158.715,0.12000,0.12000,-0.12000,0.00000,0.00000,0.00000,0,1.000
176565,0.8365,-0.2263,-0.6163,0.783,2.586,-6.232,247.594,243.889,-288.126,134.408,136.522,-158.819,0.12000,0.12000,-0.12000,0.00000,0.00000,0.00000,0,1.000
176572,0.8246,-0.3088,-0.5241,-0.724,-1.693,-4.358,250.157,241.026,-287.643,134.499,136.605,-158.919,0.12000,0.12000,-0.12000,0.00000,0.00000,0.00000,0,1.000
176580,0.7908,-0.2200,-0.5767,-2.259,0.774,-2.857,246.023,240.386,-283.410,134.587,136.687,-159.021,0.12000,0.12000,-0.12000,0.00000,0.00000,0.00000,0,1.000
176588,0.9498,-0.2174,-0.7383,3.700,1.470,-2.006,240.891,235.985,-287.623,134.675,136.770,-159.123,0.12000,0.12000,-0.12000,0.00000,0.00000,0.00000,0,1.000
176596,0.8983,-0.2450,-0.6599,1.152,-4.463,-8.009,248.157,242.286,-285.123,134.766,136.855,-159.223,0.12000,0.12000,-0.12000,0.00000,0.00000,0.00000,0,1.000
176604,0.8573,-0.1932,-0.6693,-4.927,0.266,-3.803,249.135,242.709,-288.128,134.856,136.938,-159.326,0.12000,0.12000,-0.12000,0.00000,0.00000,0.00000,0,1.000
176611,1.0575,-0.2887,-0.7766,5.596,2.429,0.952,245.400,242.194,-281.565,134.943,137.021,-159.424,0.12000,0.12000,-0.12000,0.00000,0.00000,0.00000,0,1.000
176619,0.9923,-0.2526,-0.7465,0.119,-6.109,-10.087,245.911,239.388,-288.455,135.031,137.101,-159.528,0.12000,0.12000,-0.12000,0.00000,0.00000,0.00000,0,1.000
176627,0.9926,-0.1993,-0.7988,-4.057,3.802,-3.981,242.277,233.764,-286.146,135.120,137.182,-159.627,0.12000,0.12000,-0.12000,0.00000,0.00000,0.00000,0,1.000
176635,1.1494,-0.3353,-0.8231,8.742,-0.046,1.337,246.180,241.208,-280.311,135.210,137.266,-159.726,0.12000,0.12000,-0.12000,0.00000,0.00000,0.00000,0,1.000
176643,1.0720,-0.2044,-0.8732,3.609,-8.121,-7.970,249.049,242.398,-288.485,135.297,137.349,-159.828,0.12000,0.12000,-0.12000,0.00000,0.00000,0.00000,0,1.000
176650,1.0728,-0.1384,-0.9383,-3.518,2.535,-7.164,243.327,241.023,-281.012,135.385,137.431,-159.925,0.12000,0.12000,-0.12000,0.00000,0.00000,0.00000,0,1.000
176658,1.1988,-0.3389,-0.8689,5.081,1.223,2.778,242.087,239.580,-287.143,135.472,137.511,-160.026,0.12000,0.12000,-0.12000,0.00000,0.00000,0.00000,0,1.000
176666,1.1672,-0.2174,-0.9556,3.732,-6.339,-5.329,243.648,234.436,-281.795,135.560,137.592,-160.125,0.12000,0.12000,-0.12000,0.00000,0.00000,0.00000,0,1.000
176674,1.1862,-0.0745,-1.1139,-2.625,2.209,-9.844,248.984,240.537,-285.001,135.649,137.675,-160.225,0.12000,0.12000,-0.12000,0.00000,0.00000,0.00000,0,1.000
176683,1.2194,-0.2369,-0.9889,4.450,-1.425,0.456,243.423,241.867,-284.742,135.734,137.755,-160.323,0.12000,0.12000,-0.12000,0.00000,0.00000,0.00000,0,1.000
176690,1.2539,-0.2188,-1.0411,2.948,-2.426,-3.489,239.330,239.259,-282.000,135.819,137.836,-160.423,0.12000,0.12000,-0.12000,0.00000,0.00000,0.00000,0,1.000
176698,1.3158,-0.1873,-1.1337,2.015,2.270,-5.879,247.033,236.992,-284.704,135.909,137.915,-160.521,0.12000,0.12000,-0.12000,0.00000,0.00000,0.00000,0,1.000
176706,1.2535,-0.3231,-0.9391,2.688,-1.876,-2.301,247.599,232.642,-283.177,135.996,137.995,-160.619,0.12000,0.12000,-0.12000,0.00000,0.00000,0.00000,0,1.000
176714,1.3763,-0.3046,-1.0800,4.388,0.561,0.116,242.112,241.705,-286.340,136.081,138.077,-160.718,0.12000,0.12000,-0.12000,0.00000,0.00000,0.00000,0,1.000
176722,1.4901,-0.3251,-1.1738,7.590,0.258,-6.060,243.713,240.986,-277.972,136.167,138.157,-160.814,0.12000,0.12000,-0.12000,0.00000,0.00000,0.00000,0,1.000
176730,1.3828,-0.3587,-1.0338,1.065,0.065,-3.465,243.547,236.200,-288.204,136.254,138.236,-160.915,0.12000,0.12000,-0.12000,0.00000,0.00000,0.00000,0,1.000
176738,1.4992,-0.3931,-1.1166,5.327,7.248,0.523,245.715,236.901,-280.638,136.341,138.314,-161.010,0.12000,0.12000,-0.12000,0.00000,0.00000,0.00000,0,1.000
176746,1.6373,-0.4321,-1.2168,12.857,1.064,-3.678,246.368,233.864,-281.777,136.425,138.394,-161.108,0.12000,0.12000,-0.12000,0.00000,0.00000,0.00000,0,1.000
176754,1.4482,-0.3184,-1.1384,1.396,0.392,-9.092,239.475,240.848,-282.568,136.511,138.475,-161.205,0.12000,0.12000,-0.12000,0.00000,0.00000,0.00000,0,1.000
176762,1.5547,-0.3793,-1.1857,0.481,10.247,0.255,241.561,240.389,-279.928,136.597,138.554,-161.301,0.12000,0.12000,-0.12000,0.00000,0.00000,0.00000,0,1.000
176770,1.7696,-0.5114,-1.2719,11.759,2.555,0.685,244.908,237.376,-286.075,136.682,138.632,-161.399,0.12000,0.12000,-0.12000,0.00000,0.00000,0.00000,0,1.000
176777,1.6187,-0.2689,-1.3572,1.461,-0.538,-11.504,246.375,235.416,-277.368,136.769,138.710,-161.494,0.12000,0.12000,-0.12000,0.00000,0.00000,0.00000,0,1.000
176785,1.6348,-0.2478,-1.3938,-2.722,10.339,-5.196,242.457,231.098,-283.724,136.852,138.788,-161.592,0.12000,0.12000,-0.12000,0.00000,0.00000,0.00000,0,1.000
176793,1.8081,-0.3978,-1.4211,9.182,-1.729,-1.968,237.474,239.047,-283.552,136.935,138.868,-161.687,0.12000,0.12000,-0.12000,0.00000,0.00000,0.00000,0,1.000
176801,1.7516,-0.2129,-1.5446,-0.884,-0.016,-12.113,244.607,239.007,-277.897,137.022,138.947,-161.783,0.12000,0.12000,-0.12000,0.00000,0.00000,0.00000,0,1.000
176808,1.7197,-0.1672,-1.5572,-1.967,7.888,-4.980,245.362,239.033,-284.081,137.108,139.025,-161.880,0.12000,0.12000,-0.12000,0.00000,0.00000,0.00000,0,1.000
176816,1.7856,-0.3620,-1.4334,4.578,-0.245,-2.019,243.184,237.491,-280.720,137.191,139.102,-161.974,0.12000,0.12000,-0.12000,0.00000,0.00000,0.00000,0,1.000
176824,1.8495,-0.1701,-1.6842,0.286,-0.757,-9.054,243.313,231.877,-282.011,137.274,139.179,-162.071,0.12000,0.12000,-0.12000,0.00000,0.00000,0.00000,0,1.000
176832,1.8251,-0.1232,-1.7055,-2.540,4.408,-10.442,238.485,235.826,-278.703,137.358,139.257,-162.164,0.12000,0.12000,-0.12000,0.00000,0.00000,0.00000,0,1.000
176840,1.7650,-0.2788,-1.4939,-1.295,-0.493,-4.674,242.164,235.510,-282.406,137.443,139.335,-162.261,0.12000,0.12000,-0.12000,0.00000,0.00000,0.00000,0,1.000
176848,1.9187,-0.1973,-1.7270,-1.440,1.203,-6.118,245.336,240.306,-283.302,137.527,139.414,-162.356,0.12000,0.12000,-0.12000,0.00000,0.00000,0.00000,0,1.000
176856,1.9550,-0.0834,-1.8742,0.789,3.309,-12.145,242.788,237.438,-275.183,137.611,139.490,-162.448,0.12000,0.12000,-0.12000,0.00000,0.00000,0.00000,0,1.000
176864,1.8247,-0.1041,-1.7237,-6.108,1.068,-8.398,239.079,230.577,-285.563,137.693,139.565,-162.545,0.12000,0.12000,-0.12000,0.00000,0.00000,0.00000,0,1.000
176871,2.0074,-0.1189,-1.8920,-1.510,6.054,-6.355,238.072,234.657,-278.458,137.776,139.642,-162.637,0.12000,0.12000,-0.12000,0.00000,0.00000,0.00000,0,1.000
176879,2.1299,-0.0777,-2.0546,3.893,1.455,-11.917,245.689,233.653,-278.297,137.861,139.719,-162.731,0.12000,0.12000,-0.12000,0.00000,0.00000,0.00000,0,1.000
176887,1.9079,0.0399,-1.9472,-6.671,1.331,-14.442,244.702,238.847,-282.922,137.944,139.797,-162.826,0.12000,0.12000,-0.12000,0.00000,0.00000,0.00000,0,1.000
176895,2.0779,-0.0245,-2.0544,-6.766,9.463,-5.354,239.486,238.050,-276.325,138.025,139.872,-162.918,0.12000,0.12000,-0.12000,0.00000,0.00000,0.00000,0,1.000
176903,2.2757,-0.0537,-2.2238,3.608,2.340,-6.703,240.817,235.009,-281.827,138.107,139.948,-163.013,0.12000,0.12000,-0.12000,0.00000,0.00000,0.00000,0,1.000
176910,2.0379,0.2333,-2.2656,-7.056,-0.086,-16.234,238.192,233.299,-278.346,138.190,140.023,-163.105,0.12000,0.12000,-0.12000,0.00000,0.00000,0.00000,0,1.000
176918,2.0435,0.2201,-2.2582,-11.577,9.466,-6.148,242.186,228.574,-277.512,138.274,140.098,-163.198,0.12000,0.12000,-0.12000,0.00000,0.00000,0.00000,0,1.000
176926,2.2701,0.0524,-2.3217,0.192,2.984,-0.442,244.520,235.845,-283.125,138.356,140.175,-163.292,0.12000,0.12000,-0.12000,0.00000,0.00000,0.00000,0,1.000
176934,2.1368,0.3600,-2.4878,-5.352,-3.160,-11.903,241.069,235.652,-274.443,138.437,140.251,-163.383,0.12000,0.12000,-0.12000,0.00000,0.00000,0.00000,0,1.000
176941,2.0222,0.5197,-2.5288,-11.727,7.904,-9.826,238.213,237.765,-279.982,138.518,140.327,-163.477,0.12000,0.12000,-0.12000,0.00000,0.00000,0.00000,0,1.000
176949,2.1183,0.3419,-2.4517,-2.593,0.506,-0.357,236.083,236.261,-281.476,138.599,140.400,-163.568,0.12000,0.12000,-0.12000,0.00000,0.00000,0.00000,0,1.000
176957,2.0804,0.5130,-2.5805,-6.955,0.222,-8.185,243.735,231.269,-273.968,138.683,140.475,-163.660,0.12000,0.12000,-0.12000,0.00000,0.00000,0.00000,0,1.000
176965,1.9592,0.6989,-2.6403,-9.193,7.126,-6.824,243.591,231.605,-281.299,138.764,140.549,-163.753,0.12000,0.12000,-0.12000,0.00000,0.00000,0.00000,0,1.000
176972,1.9043,0.5798,-2.4694,-6.088,-0.514,1.199,239.883,228.776,-278.915,138.844,140.623,-163.843,0.12000,0.12000,-0.12000,0.00000,0.00000,0.00000,0,1.000
176980,1.9481,0.6337,-2.5656,-6.579,-1.407,-1.010,240.421,236.753,-275.845,138.924,140.699,-163.936,0.12000,0.12000,-0.12000,0.00000,0.00000,0.00000,0,1.000
176988,1.8943,0.8056,-2.6793,-4.809,2.098,-4.698,235.888,235.959,-280.248,139.005,140.774,-164.027,0.12000,0.12000,-0.12000,0.00000,0.00000,0.00000,0,1.000
176996,1.7141,0.7423,-2.4374,-7.300,-2.407,-1.827,239.198,235.610,-277.165,139.087,140.848,-164.117,0.12000,0.12000,-0.12000,0.00000,0.00000,0.00000,0,1.000
177003,1.7835,0.7699,-2.5337,-8.596,-1.944,3.447,242.404,234.354,-278.555,139.167,140.920,-164.210,0.12000,0.12000,-0.12000,0.00000,0.00000,0.00000,0,1.000
177011,1.8863,0.8625,-2.7267,-1.932,-1.947,1.333,242.196,228.835,-277.250,139.249,140.993,-164.299,0.12000,0.12000,-0.12000,0.00000,0.00000,0.00000,0,1.000
177019,1.6322,0.9328,-2.5410,-3.791,-5.867,-2.403,238.415,231.301,-277.456,139.327,141.067,-164.390,0.12000,0.12000,-0.12000,0.00000,0.00000,0.00000,0,1.000
177027,1.5331,0.9173,-2.4268,-10.396,-3.916,6.374,234.082,229.424,-280.189,139.405,141.140,-164.482,0.12000,0.12000,-0.12000,0.00000,0.00000,0.00000,0,1.000
177034,1.7430,0.8352,-2.5568,-0.798,-3.758,9.622,240.297,236.812,-273.896,139.487,141.215,-164.569,0.12000,0.12000,-0.12000,0.00000,0.00000,0.00000,0,1.000
177042,1.5317,0.9468,-2.4541,-2.759,-9.562,-1.113,240.762,235.613,-279.072,139.568,141.288,-164.661,0.12000,0.12000,-0.12000,0.00000,0.00000,0.00000,0,1.000
177050,1.3951,0.9671,-2.3373,-8.653,-2.714,6.602,240.521,233.132,-279.594,139.647,141.361,-164.751,0.12000,0.12000,-0.12000,0.00000,0.00000,0.00000,0,1.000
177058,1.5794,0.7369,-2.2973,3.280,-5.617,11.314,240.843,232.491,-271.666,139.725,141.432,-164.838,0.12000,0.12000,-0.12000,0.00000,0.00000,0.00000,0,1.000
177066,1.5337,0.7693,-2.2833,2.951,-13.829,2.307,234.735,227.392,-280.944,139.803,141.504,-164.931,0.12000,0.12000,-0.12000,0.00000,0.00000,0.00000,0,1.000
177073,1.3632,0.9056,-2.2454,-5.091,-5.513,3.091,235.749,231.074,-277.299,139.882,141.577,-165.019,0.12000,0.12000,-0.12000,0.00000,0.00000,0.00000,0,1.000
177081,1.5186,0.5470,-2.0516,2.394,-7.902,13.957,239.088,231.118,-272.363,139.962,141.650,-165.107,0.12000,0.12000,-0.12000,0.00000,0.00000,0.00000,0,1.000
177089,1.5271,0.5179,-2.0318,6.252,-15.439,7.699,242.424,236.547,-281.181,140.042,141.724,-165.199,0.12000,0.12000,-0.12000,0.00000,0.00000,0.00000,0,1.000
177097,1.3855,0.7047,-2.0722,1.442,-7.319,1.537,239.372,234.191,-273.224,140.119,141.795,-165.284,0.12000,0.12000,-0.12000,0.00000,0.00000,0.00000,0,1.000
177105,1.3954,0.4431,-1.8273,3.991,-6.084,10.330,233.482,229.445,-274.900,140.196,141.865,-165.374,0.12000,0.12000,-0.12000,0.00000,0.00000,0.00000,0,1.000
177113,1.5076,0.2895,-1.7899,5.318,-11.805,8.064,238.071,230.387,-277.301,140.275,141.936,-165.462,0.12000,0.12000,-0.12000,0.00000,0.00000,0.00000,0,1.000
177121,1.5268,0.3788,-1.8960,7.074,-5.069,3.801,238.179,226.680,-272.079,140.354,142.008,-165.549,0.12000,0.12000,-0.12000,0.00000,0.00000,0.00000,0,1.000
177129,1.4923,0.2111,-1.6982,7.890,-8.043,8.284,239.495,232.909,-278.575,140.432,142.081,-165.638,0.12000,0.12000,-0.12000,0.00000,0.00000,0.00000,0,1.000
177136,1.5529,0.0144,-1.5673,4.032,-11.085,9.581,240.428,232.429,-273.586,140.509,142.152,-165.725,0.12000,0.12000,-0.12000,0.00000,0.00000,0.00000,0,1.000
177144,1.6998,0.0429,-1.7419,8.302,-4.790,7.896,234.732,234.708,-273.160,140.586,142.224,-165.813,0.12000,0.12000,-0.12000,0.00000,0.00000,0.00000,0,1.000
177152,1.6266,-0.0394,-1.5885,10.589,-7.534,4.652,233.837,232.209,-278.853,140.662,142.293,-165.901,0.12000,0.12000,-0.12000,0.00000,0.00000,0.00000,0,1.000
177160,1.5658,-0.2116,-1.3601,0.934,-8.920,6.496,234.271,226.834,-271.016,140.739,142.362,-165.987,0.12000,0.12000,-0.12000,0.00000,0.00000,0.00000,0,1.000
177167,1.8302,-0.3561,-1.4838,5.546,-1.822,9.268,241.009,229.264,-274.971,140.819,142.432,-166.075,0.12000,0.12000,-0.12000,0.00000,0.00000,0.00000,0,1.000
177175,1.8780,-0.4438,-1.4462,13.284,-7.620,4.683,239.933,226.032,-278.018,140.895,142.503,-166.162,0.12000,0.12000,-0.12000,0.00000,0.00000,0.00000,0,1.000
177183,1.7041,-0.4803,-1.2367,2.836,-7.592,-0.013,235.253,231.890,-269.321,140.970,142.574,-166.247,0.12000,0.12000,-0.12000,0.00000,0.00000,0.00000,0,1.000
177191,1.9426,-0.6942,-1.2669,4.965,-0.838,10.553,236.059,232.185,-277.134,141.046,142.644,-166.335,0.12000,0.12000,-0.12000,0.00000,0.00000,0.00000,0,1.000
177199,2.0477,-0.7793,-1.2892,12.287,-7.303,2.188,233.556,232.927,-275.393,141.123,142.715,-166.420,0.12000,0.12000,-0.12000,0.00000,0.00000,0.00000,0,1.000
177207,1.9010,-0.6828,-1.2365,2.985,-2.575,-3.278,237.016,230.319,-270.289,141.200,142.783,-166.506,0.12000,0.12000,-0.12000,0.00000,0.00000,0.00000,0,1.000
177214,2.0618,-0.9219,-1.1644,2.815,2.262,6.429,239.950,224.589,-276.758,141.276,142.851,-166.593,0.12000,0.12000,-0.12000,0.00000,0.00000,0.00000,0,1.000
177223,2.2075,-1.0997,-1.1370,10.743,-4.255,3.642,236.635,228.627,-273.077,141.352,142.920,-166.677,0.12000,0.12000,-0.12000,0.00000,0.00000,0.00000,0,1.000
177230,2.0661,-0.8797,-1.2099,4.222,-1.997,-2.769,233.833,226.254,-272.612,141.426,142.990,-166.764,0.12000,0.12000,-0.12000,0.00000,0.00000,0.00000,0,1.000
177238,2.1156,-0.9763,-1.1652,1.313,3.793,1.749,231.048,232.173,-274.470,141.501,143.061,-166.849,0.12000,0.12000,-0.12000,0.00000,0.00000,0.00000,0,1.000
177246,2.2366,-1.2127,-1.0560,3.195,-1.835,4.963,237.707,231.421,-272.387,141.578,143.129,-166.933,0.12000,0.12000,-0.12000,0.00000,0.00000,0.00000,0,1.000
177254,2.2282,-1.0522,-1.2039,1.226,-0.265,-0.239,238.197,231.884,-273.939,141.654,143.198,-167.020,0.12000,0.12000,-0.12000,0.00000,0.00000,0.00000,0,1.000
177262,2.2141,-0.9979,-1.2427,2.258,3.403,-1.239,236.646,228.894,-271.817,141.729,143.265,-167.103,0.12000,0.12000,-0.12000,0.00000,0.00000,0.00000,0,1.000
177269,2.2155,-1.1790,-1.0677,-0.531,-2.588,0.669,237.262,223.440,-272.481,141.803,143.331,-167.187,0.12000,0.12000,-0.12000,0.00000,0.00000,0.00000,0,1.000
177277,2.2831,-1.1320,-1.1812,-1.617,2.420,1.080,231.574,227.491,-275.255,141.877,143.400,-167.273,0.12000,0.12000,-0.12000,0.00000,0.00000,0.00000,0,1.000
