ISO-10303-21;
HEADER;
FILE_DESCRIPTION (( 'STEP AP214' ),
    '1' );
FILE_NAME ('S3B-PH-K-S(LF)(SN).STEP',
    '2020-04-07T09:59:57',
    ( '' ),
    ( '' ),
    'SwSTEP 2.0',
    'SolidWorks 2017',
    '' );
FILE_SCHEMA (( 'AUTOMOTIVE_DESIGN' ));
ENDSEC;

DATA;
#1 = ORIENTED_EDGE ( 'NONE', *, *, #2491, .T. ) ;
#2 = CARTESIAN_POINT ( 'NONE',  ( 3.250000000000027100, -1.338875201321285900, 0.7766278171733455000 ) ) ;
#3 = ORIENTED_EDGE ( 'NONE', *, *, #409, .F. ) ;
#4 = EDGE_CURVE ( 'NONE', #3716, #1237, #562, .T. ) ;
#5 = CARTESIAN_POINT ( 'NONE',  ( 3.250000000000036000, -0.3500000000000025300, 1.599999999999872600 ) ) ;
#6 = ORIENTED_EDGE ( 'NONE', *, *, #3189, .T. ) ;
#7 = DIRECTION ( 'NONE',  ( 1.558644840863088700E-015, -0.9876883405951376600, -0.1564344650402311200 ) ) ;
#8 = VECTOR ( 'NONE', #1415, 1000.000000000000000 ) ;
#9 = ORIENTED_EDGE ( 'NONE', *, *, #1022, .T. ) ;
#10 = EDGE_CURVE ( 'NONE', #1944, #1002, #2887, .T. ) ;
#11 = ORIENTED_EDGE ( 'NONE', *, *, #3114, .F. ) ;
#12 = CARTESIAN_POINT ( 'NONE',  ( -2.300000000000053600, 4.199999999999987700, 3.349999999999892200 ) ) ;
#13 = DIRECTION ( 'NONE',  ( 1.000000000000000000, -6.610922746731392500E-017, 1.052246740033299200E-014 ) ) ;
#14 = CIRCLE ( 'NONE', #1013, 0.9999999999999995600 ) ;
#15 = LINE ( 'NONE', #758, #1191 ) ;
#16 = DIRECTION ( 'NONE',  ( 1.000000000000000000, -6.610922746731355500E-017, 1.052246740033299200E-014 ) ) ;
#17 = CARTESIAN_POINT ( 'NONE',  ( -2.300000000000053600, 4.799999999999984700, 3.349999999999891300 ) ) ;
#18 = LINE ( 'NONE', #30, #3637 ) ;
#19 = FACE_OUTER_BOUND ( 'NONE', #2885, .T. ) ;
#20 = CARTESIAN_POINT ( 'NONE',  ( 2.750000000000028400, -0.3500000000000027000, 0.8999999999998972200 ) ) ;
#21 = ORIENTED_EDGE ( 'NONE', *, *, #1107, .T. ) ;
#22 = ORIENTED_EDGE ( 'NONE', *, *, #3057, .F. ) ;
#23 = CARTESIAN_POINT ( 'NONE',  ( -1.250000000000084600, 3.349999999999979200, 6.349999999999895700 ) ) ;
#24 = ORIENTED_EDGE ( 'NONE', *, *, #682, .T. ) ;
#25 = AXIS2_PLACEMENT_3D ( 'NONE', #1641, #816, #1366 ) ;
#26 = ADVANCED_FACE ( 'NONE', ( #1894 ), #2108, .F. ) ;
#27 = VERTEX_POINT ( 'NONE', #3343 ) ;
#28 = ORIENTED_EDGE ( 'NONE', *, *, #3613, .F. ) ;
#29 = CARTESIAN_POINT ( 'NONE',  ( 4.299999999999903900, 0.6999999999999870800, 7.499999999999926300 ) ) ;
#30 = CARTESIAN_POINT ( 'NONE',  ( 3.250000000000045700, -2.873966426648214300, 2.506587218920981900 ) ) ;
#31 = CARTESIAN_POINT ( 'NONE',  ( 4.949999999999966400, 4.799999999999985600, 1.599999999999945000 ) ) ;
#32 = ORIENTED_EDGE ( 'NONE', *, *, #3461, .T. ) ;
#33 = EDGE_CURVE ( 'NONE', #2363, #1987, #2981, .T. ) ;
#34 = DIRECTION ( 'NONE',  ( 1.000000000000000000, -0.0000000000000000000, 1.052246740033299200E-014 ) ) ;
#35 = VERTEX_POINT ( 'NONE', #2455 ) ;
#36 = CARTESIAN_POINT ( 'NONE',  ( 1.140808929720139400, 3.349999999999979200, 6.649999999999900900 ) ) ;
#37 = EDGE_CURVE ( 'NONE', #2323, #2904, #284, .T. ) ;
#38 = DIRECTION ( 'NONE',  ( 1.000000000000000000, -6.610922746727681200E-017, -2.313702280294998300E-031 ) ) ;
#39 = VECTOR ( 'NONE', #534, 1000.000000000000100 ) ;
#40 = DIRECTION ( 'NONE',  ( -1.000000000000000000, 0.0000000000000000000, 0.0000000000000000000 ) ) ;
#41 = CARTESIAN_POINT ( 'NONE',  ( 2.949999999999903400, 4.799999999999990900, 1.599999999999902400 ) ) ;
#42 = ORIENTED_EDGE ( 'NONE', *, *, #2643, .T. ) ;
#43 = LINE ( 'NONE', #1863, #3744 ) ;
#44 = ORIENTED_EDGE ( 'NONE', *, *, #584, .T. ) ;
#45 = DIRECTION ( 'NONE',  ( 0.0000000000000000000, 0.9876883405951376600, -0.1564344650402310900 ) ) ;
#46 = ADVANCED_FACE ( 'NONE', ( #150 ), #1425, .T. ) ;
#47 = VECTOR ( 'NONE', #2837, 1000.000000000000000 ) ;
#48 = DIRECTION ( 'NONE',  ( 1.000000000000000000, 0.0000000000000000000, 0.0000000000000000000 ) ) ;
#49 = AXIS2_PLACEMENT_3D ( 'NONE', #1739, #1771, #2069 ) ;
#50 = CARTESIAN_POINT ( 'NONE',  ( -0.7500000000000368600, -0.3500000000000027500, 1.799999999999880100 ) ) ;
#51 = CARTESIAN_POINT ( 'NONE',  ( -2.300000000000096200, 3.349999999999977900, 7.499999999999886300 ) ) ;
#52 = CARTESIAN_POINT ( 'NONE',  ( -0.7500000000000527400, 3.349999999999990300, 3.349999999999901500 ) ) ;
#53 = DIRECTION ( 'NONE',  ( -1.000000000000000000, -0.0000000000000000000, -1.052246740033299200E-014 ) ) ;
#54 = ORIENTED_EDGE ( 'NONE', *, *, #1084, .T. ) ;
#55 = ADVANCED_FACE ( 'NONE', ( #1612 ), #2252, .F. ) ;
#56 = ORIENTED_EDGE ( 'NONE', *, *, #2421, .F. ) ;
#57 = CARTESIAN_POINT ( 'NONE',  ( 2.750000000000032900, -1.260657968801170500, 1.270471987470918900 ) ) ;
#58 = CYLINDRICAL_SURFACE ( 'NONE', #117, 0.4000000000000001900 ) ;
#59 = EDGE_CURVE ( 'NONE', #2034, #1213, #2304, .T. ) ;
#60 = DIRECTION ( 'NONE',  ( 1.052246740033299200E-014, -0.0000000000000000000, -1.000000000000000000 ) ) ;
#61 = FACE_BOUND ( 'NONE', #2365, .T. ) ;
#62 = FACE_OUTER_BOUND ( 'NONE', #2854, .T. ) ;
#63 = ORIENTED_EDGE ( 'NONE', *, *, #2784, .T. ) ;
#64 = CIRCLE ( 'NONE', #1685, 0.5000000000000002200 ) ;
#65 = FACE_OUTER_BOUND ( 'NONE', #1120, .T. ) ;
#66 = ADVANCED_FACE ( 'NONE', ( #1193 ), #195, .T. ) ;
#67 = EDGE_CURVE ( 'NONE', #392, #2276, #3165, .T. ) ;
#68 = CARTESIAN_POINT ( 'NONE',  ( -1.950000000000035000, -6.938893903907228400E-015, 1.599999999999878600 ) ) ;
#69 = FACE_OUTER_BOUND ( 'NONE', #3224, .T. ) ;
#70 = CARTESIAN_POINT ( 'NONE',  ( -1.950000000000017700, -3.469446951953614200E-015, -1.188285581044112900E-013 ) ) ;
#71 = CARTESIAN_POINT ( 'NONE',  ( 2.750000000000085700, 3.349999999999979200, 6.349999999999879700 ) ) ;
#72 = ORIENTED_EDGE ( 'NONE', *, *, #3346, .F. ) ;
#73 = ORIENTED_EDGE ( 'NONE', *, *, #797, .T. ) ;
#74 = CARTESIAN_POINT ( 'NONE',  ( -0.7500000000000355300, -0.4887401227135119700, 1.655947307038448100 ) ) ;
#75 = ORIENTED_EDGE ( 'NONE', *, *, #331, .T. ) ;
#76 = ADVANCED_FACE ( 'NONE', ( #834 ), #2556, .F. ) ;
#77 = ORIENTED_EDGE ( 'NONE', *, *, #2733, .F. ) ;
#78 = CARTESIAN_POINT ( 'NONE',  ( -0.7500000000000889300, 2.849999999999979200, 6.649999999999903500 ) ) ;
#79 = EDGE_LOOP ( 'NONE', ( #9, #3610, #445, #3034 ) ) ;
#80 = CARTESIAN_POINT ( 'NONE',  ( -1.250000000000087900, 3.349999999999979200, 6.649999999999898200 ) ) ;
#81 = DIRECTION ( 'NONE',  ( 0.0000000000000000000, -3.491483361109384000E-015, 1.000000000000000000 ) ) ;
#82 = ORIENTED_EDGE ( 'NONE', *, *, #3219, .T. ) ;
#83 = EDGE_CURVE ( 'NONE', #1549, #1553, #3760, .T. ) ;
#84 = LINE ( 'NONE', #3420, #2511 ) ;
#85 = ADVANCED_FACE ( 'NONE', ( #1747 ), #3097, .F. ) ;
#86 = CARTESIAN_POINT ( 'NONE',  ( 2.750000000000036000, 2.849999999999979200, 1.599999999999878000 ) ) ;
#87 = ORIENTED_EDGE ( 'NONE', *, *, #966, .F. ) ;
#88 = LINE ( 'NONE', #1601, #139 ) ;
#89 = EDGE_CURVE ( 'NONE', #1740, #121, #2394, .T. ) ;
#90 = ORIENTED_EDGE ( 'NONE', *, *, #1627, .F. ) ;
#91 = VECTOR ( 'NONE', #2107, 1000.000000000000000 ) ;
#92 = CARTESIAN_POINT ( 'NONE',  ( -1.250000000000034600, 2.849999999999979200, 1.599999999999893700 ) ) ;
#93 = CARTESIAN_POINT ( 'NONE',  ( 3.250000000000088800, 3.349999999999979200, 6.649999999999877800 ) ) ;
#94 = AXIS2_PLACEMENT_3D ( 'NONE', #2244, #1659, #3697 ) ;
#95 = DIRECTION ( 'NONE',  ( -6.610922746731309900E-017, -1.000000000000000000, -6.812970372777206400E-031 ) ) ;
#96 = ADVANCED_FACE ( 'NONE', ( #1800 ), #58, .F. ) ;
#97 = EDGE_LOOP ( 'NONE', ( #3451, #3686, #310, #2515 ) ) ;
#98 = DIRECTION ( 'NONE',  ( 1.052246740033299200E-014, -0.0000000000000000000, -1.000000000000000000 ) ) ;
#99 = ORIENTED_EDGE ( 'NONE', *, *, #2340, .F. ) ;
#100 = CARTESIAN_POINT ( 'NONE',  ( -1.950000000000036800, 4.799999999999990900, 1.599999999999894600 ) ) ;
#101 = AXIS2_PLACEMENT_3D ( 'NONE', #2930, #1177, #3236 ) ;
#102 = ORIENTED_EDGE ( 'NONE', *, *, #3384, .F. ) ;
#103 =( NAMED_UNIT ( * ) PLANE_ANGLE_UNIT ( ) SI_UNIT ( $, .RADIAN. ) );
#104 = ORIENTED_EDGE ( 'NONE', *, *, #3024, .F. ) ;
#105 = DIRECTION ( 'NONE',  ( 1.052246740033299200E-014, -5.895349312889965100E-015, 1.000000000000000000 ) ) ;
#106 = EDGE_CURVE ( 'NONE', #2572, #3238, #3078, .T. ) ;
#107 = LINE ( 'NONE', #2093, #3120 ) ;
#108 = CARTESIAN_POINT ( 'NONE',  ( -2.950000000000034400, 3.699999999999990900, 1.599999999999881700 ) ) ;
#109 = ORIENTED_EDGE ( 'NONE', *, *, #3533, .T. ) ;
#110 = DIRECTION ( 'NONE',  ( 1.000000000000000000, 6.610922746731392500E-017, -1.052246740033299200E-014 ) ) ;
#111 = LINE ( 'NONE', #2417, #2352 ) ;
#112 = EDGE_CURVE ( 'NONE', #2287, #1308, #653, .T. ) ;
#113 = PLANE ( 'NONE',  #1548 ) ;
#114 = LINE ( 'NONE', #2085, #2894 ) ;
#115 = VECTOR ( 'NONE', #1101, 1000.000000000000100 ) ;
#116 = ADVANCED_FACE ( 'NONE', ( #1927 ), #1734, .T. ) ;
#117 = AXIS2_PLACEMENT_3D ( 'NONE', #1931, #2820, #3400 ) ;
#118 = VERTEX_POINT ( 'NONE', #2005 ) ;
#119 = CARTESIAN_POINT ( 'NONE',  ( 1.250000000000000000, 2.849999999999978800, 1.099999999999896400 ) ) ;
#120 = VERTEX_POINT ( 'NONE', #1411 ) ;
#121 = VERTEX_POINT ( 'NONE', #2871 ) ;
#122 = CARTESIAN_POINT ( 'NONE',  ( 3.140808929720175800, -3.321782767479887000, 1.596922085148666300 ) ) ;
#123 = ORIENTED_EDGE ( 'NONE', *, *, #2015, .T. ) ;
#124 = VERTEX_POINT ( 'NONE', #3768 ) ;
#125 = ORIENTED_EDGE ( 'NONE', *, *, #2876, .T. ) ;
#126 = AXIS2_PLACEMENT_3D ( 'NONE', #2749, #3653, #1629 ) ;
#127 = PLANE ( 'NONE',  #3523 ) ;
#128 = DIRECTION ( 'NONE',  ( -6.610922746731392500E-017, -1.000000000000000000, -6.956321908860092100E-031 ) ) ;
#129 = ORIENTED_EDGE ( 'NONE', *, *, #277, .F. ) ;
#130 = DIRECTION ( 'NONE',  ( 1.000000000000000000, -0.0000000000000000000, -0.0000000000000000000 ) ) ;
#131 = EDGE_CURVE ( 'NONE', #2653, #593, #1147, .T. ) ;
#132 = AXIS2_PLACEMENT_3D ( 'NONE', #3741, #2290, #3471 ) ;
#133 = CARTESIAN_POINT ( 'NONE',  ( -1.950000000000017700, 3.700000000000013100, 1.599999999999929500 ) ) ;
#134 = DIRECTION ( 'NONE',  ( -0.5773502691896303900, 0.5773502691896266200, 0.5773502691896201800 ) ) ;
#135 = VECTOR ( 'NONE', #2314, 1000.000000000000000 ) ;
#136 = CARTESIAN_POINT ( 'NONE',  ( 4.299999999999903000, 2.549999999999976300, 6.099999999999933900 ) ) ;
#137 = ADVANCED_FACE ( 'NONE', ( #2577 ), #3740, .F. ) ;
#138 = EDGE_CURVE ( 'NONE', #2221, #1295, #382, .T. ) ;
#139 = VECTOR ( 'NONE', #3650, 1000.000000000000000 ) ;
#140 = DIRECTION ( 'NONE',  ( -1.062518129035794800E-014, 0.0000000000000000000, 1.000000000000000000 ) ) ;
#141 = CARTESIAN_POINT ( 'NONE',  ( -1.250000000000034600, -0.3500000000000027000, 1.599999999999874600 ) ) ;
#142 = EDGE_CURVE ( 'NONE', #1265, #2366, #3304, .T. ) ;
#143 = DIRECTION ( 'NONE',  ( 1.000000000000000000, 0.0000000000000000000, 0.0000000000000000000 ) ) ;
#144 = CARTESIAN_POINT ( 'NONE',  ( -0.7500000000000304200, -3.025476265301340700, 1.150008254363176700 ) ) ;
#145 = VERTEX_POINT ( 'NONE', #3458 ) ;
#146 = DIRECTION ( 'NONE',  ( 1.000000000000000000, -6.610922746727681200E-017, -2.308192677177924300E-031 ) ) ;
#147 = ORIENTED_EDGE ( 'NONE', *, *, #3682, .T. ) ;
#148 = DIRECTION ( 'NONE',  ( -6.610922746731392500E-017, -1.000000000000000000, -6.956321908860092100E-031 ) ) ;
#149 = AXIS2_PLACEMENT_3D ( 'NONE', #119, #2990, #1290 ) ;
#150 = FACE_OUTER_BOUND ( 'NONE', #2242, .T. ) ;
#151 = DIRECTION ( 'NONE',  ( 1.051998147560192300E-014, 3.263341192431616900E-015, -1.000000000000000000 ) ) ;
#152 = LINE ( 'NONE', #2293, #975 ) ;
#153 = VECTOR ( 'NONE', #1424, 1000.000000000000000 ) ;
#154 = CARTESIAN_POINT ( 'NONE',  ( 4.949999999999982400, 2.776239569296598200, -6.526897078362736700E-014 ) ) ;
#155 = VERTEX_POINT ( 'NONE', #2302 ) ;
#156 = EDGE_CURVE ( 'NONE', #1169, #1788, #2624, .T. ) ;
#157 = VECTOR ( 'NONE', #1618, 1000.000000000000000 ) ;
#158 = VECTOR ( 'NONE', #3347, 1000.000000000000000 ) ;
#159 = PRODUCT_CONTEXT ( 'NONE', #1957, 'mechanical' ) ;
#160 = FACE_OUTER_BOUND ( 'NONE', #987, .T. ) ;
#161 = EDGE_CURVE ( 'NONE', #1342, #1817, #1025, .T. ) ;
#162 = DIRECTION ( 'NONE',  ( -6.610922746731392500E-017, -1.000000000000000000, -6.956321908860092100E-031 ) ) ;
#163 = ORIENTED_EDGE ( 'NONE', *, *, #311, .T. ) ;
#164 = ORIENTED_EDGE ( 'NONE', *, *, #1698, .T. ) ;
#165 = DIRECTION ( 'NONE',  ( -1.000000000000000000, 6.610922746727523400E-017, 2.383640854063509900E-031 ) ) ;
#166 = AXIS2_PLACEMENT_3D ( 'NONE', #3124, #3138, #215 ) ;
#167 = ORIENTED_EDGE ( 'NONE', *, *, #2617, .F. ) ;
#168 = ORIENTED_EDGE ( 'NONE', *, *, #1401, .F. ) ;
#169 = ORIENTED_EDGE ( 'NONE', *, *, #1798, .T. ) ;
#170 = AXIS2_PLACEMENT_3D ( 'NONE', #3042, #449, #1586 ) ;
#171 = CARTESIAN_POINT ( 'NONE',  ( -1.250000000000029500, 2.849999999999978800, 1.099999999999893700 ) ) ;
#172 = LINE ( 'NONE', #1687, #1271 ) ;
#173 = CARTESIAN_POINT ( 'NONE',  ( -2.950000000000096500, 4.799999999999970500, 7.599999999999890400 ) ) ;
#174 = EDGE_CURVE ( 'NONE', #2127, #559, #1657, .T. ) ;
#175 = DIRECTION ( 'NONE',  ( 1.000000000000000000, 6.610922746731392500E-017, -1.052246740033299200E-014 ) ) ;
#176 = VECTOR ( 'NONE', #671, 1000.000000000000000 ) ;
#177 = ORIENTED_EDGE ( 'NONE', *, *, #802, .F. ) ;
#178 = LINE ( 'NONE', #587, #2968 ) ;
#179 = EDGE_CURVE ( 'NONE', #447, #2596, #2529, .T. ) ;
#180 = DIRECTION ( 'NONE',  ( -1.000000000000000000, -6.610922746731392500E-017, 0.0000000000000000000 ) ) ;
#181 = CARTESIAN_POINT ( 'NONE',  ( -1.250000000000036900, -0.3500000000000027000, 1.799999999999874800 ) ) ;
#182 = VECTOR ( 'NONE', #3687, 999.9999999999998900 ) ;
#183 = DIRECTION ( 'NONE',  ( 1.000000000000000000, 0.0000000000000000000, 0.0000000000000000000 ) ) ;
#184 = ORIENTED_EDGE ( 'NONE', *, *, #3613, .T. ) ;
#185 = EDGE_CURVE ( 'NONE', #3719, #3599, #2443, .T. ) ;
#186 = ORIENTED_EDGE ( 'NONE', *, *, #3533, .F. ) ;
#187 = DIRECTION ( 'NONE',  ( 0.0000000000000000000, -1.000000000000000000, 0.0000000000000000000 ) ) ;
#188 = DIRECTION ( 'NONE',  ( -0.9396926207859126500, -6.212235321689203500E-017, -0.3420201433256569400 ) ) ;
#189 = CARTESIAN_POINT ( 'NONE',  ( -1.250000000000035700, 3.349999999999990300, 1.599999999999897300 ) ) ;
#190 = ORIENTED_EDGE ( 'NONE', *, *, #1877, .F. ) ;
#191 = VECTOR ( 'NONE', #855, 1000.000000000000000 ) ;
#192 = AXIS2_PLACEMENT_3D ( 'NONE', #3454, #3417, #3427 ) ;
#193 = EDGE_LOOP ( 'NONE', ( #1478, #1479, #3014, #761 ) ) ;
#194 = VECTOR ( 'NONE', #655, 1000.000000000000200 ) ;
#195 = PLANE ( 'NONE',  #3517 ) ;
#196 = ORIENTED_EDGE ( 'NONE', *, *, #83, .F. ) ;
#197 = CARTESIAN_POINT ( 'NONE',  ( -2.950000000000081000, 2.949999999999976600, 6.099999999999879700 ) ) ;
#198 = LINE ( 'NONE', #3350, #1153 ) ;
#199 = VECTOR ( 'NONE', #3528, 1000.000000000000000 ) ;
#200 = AXIS2_PLACEMENT_3D ( 'NONE', #726, #110, #1879 ) ;
#201 = FACE_OUTER_BOUND ( 'NONE', #1370, .T. ) ;
#202 = CARTESIAN_POINT ( 'NONE',  ( 2.750000000000030600, 2.849999999999978800, 1.099999999999878000 ) ) ;
#203 = ORIENTED_EDGE ( 'NONE', *, *, #1559, .F. ) ;
#204 = LINE ( 'NONE', #3196, #3225 ) ;
#205 = FACE_OUTER_BOUND ( 'NONE', #575, .T. ) ;
#206 = EDGE_CURVE ( 'NONE', #214, #1260, #3436, .T. ) ;
#207 = VERTEX_POINT ( 'NONE', #2297 ) ;
#208 = CARTESIAN_POINT ( 'NONE',  ( -0.7500000000000347500, -0.3500000000000027500, 1.599999999999880000 ) ) ;
#209 = EDGE_LOOP ( 'NONE', ( #510, #874, #1053, #2171 ) ) ;
#210 = ORIENTED_EDGE ( 'NONE', *, *, #174, .T. ) ;
#211 = EDGE_CURVE ( 'NONE', #3111, #3184, #2248, .T. ) ;
#212 = DIRECTION ( 'NONE',  ( 1.040326012723440100E-014, 0.1564344650402306500, -0.9876883405951376600 ) ) ;
#213 = ORIENTED_EDGE ( 'NONE', *, *, #1921, .F. ) ;
#214 = VERTEX_POINT ( 'NONE', #1404 ) ;
#215 = DIRECTION ( 'NONE',  ( 1.040834085586084300E-014, 0.0000000000000000000, 1.000000000000000000 ) ) ;
#216 = DIRECTION ( 'NONE',  ( 1.000000000000000000, 0.0000000000000000000, 1.008878653133879000E-014 ) ) ;
#217 = ORIENTED_EDGE ( 'NONE', *, *, #430, .F. ) ;
#218 = CARTESIAN_POINT ( 'NONE',  ( 0.8591910702798607500, 2.849999999999979200, 6.649999999999900900 ) ) ;
#219 = CARTESIAN_POINT ( 'NONE',  ( -2.300000000000046900, 1.949999999999990900, 2.749999999999881900 ) ) ;
#220 = CARTESIAN_POINT ( 'NONE',  ( -2.300000000000096200, 4.199999999999970900, 7.499999999999889900 ) ) ;
#221 = ORIENTED_EDGE ( 'NONE', *, *, #703, .F. ) ;
#222 = ORIENTED_EDGE ( 'NONE', *, *, #472, .F. ) ;
#223 = LINE ( 'NONE', #3179, #2051 ) ;
#224 = AXIS2_PLACEMENT_3D ( 'NONE', #1910, #3105, #3664 ) ;
#225 = PLANE ( 'NONE',  #192 ) ;
#226 = VECTOR ( 'NONE', #1532, 1000.000000000000000 ) ;
#227 = DIRECTION ( 'NONE',  ( -1.000000000000000000, -6.610922746731392500E-017, 1.052246740033299200E-014 ) ) ;
#228 = EDGE_CURVE ( 'NONE', #3759, #3218, #1328, .T. ) ;
#229 = CARTESIAN_POINT ( 'NONE',  ( 3.250000000000088800, 2.849999999999979200, 6.649999999999898200 ) ) ;
#230 = CARTESIAN_POINT ( 'NONE',  ( 2.750000000000030600, -3.103693497821461200, 1.056147575339032100 ) ) ;
#231 = SURFACE_STYLE_FILL_AREA ( #1592 ) ;
#232 = EDGE_CURVE ( 'NONE', #1002, #1862, #1474, .T. ) ;
#233 = DIRECTION ( 'NONE',  ( -1.000000000000000000, 6.610922746731392500E-017, -1.052246740033299200E-014 ) ) ;
#234 = CARTESIAN_POINT ( 'NONE',  ( 2.299999999999947900, 4.199999999999981500, 3.349999999999919700 ) ) ;
#235 = AXIS2_PLACEMENT_3D ( 'NONE', #1156, #1453, #2612 ) ;
#236 = ORIENTED_EDGE ( 'NONE', *, *, #1632, .F. ) ;
#237 = DIRECTION ( 'NONE',  ( 1.000000000000000000, 6.610922746731392500E-017, -1.052246740033299200E-014 ) ) ;
#238 = ORIENTED_EDGE ( 'NONE', *, *, #3098, .F. ) ;
#239 = CARTESIAN_POINT ( 'NONE',  ( -2.400000000000098100, 3.349999999999971700, 7.599999999999880600 ) ) ;
#240 = DIRECTION ( 'NONE',  ( 1.000000000000000000, -6.610922746731387600E-017, 1.052246740033299000E-014 ) ) ;
#241 =( LENGTH_UNIT ( ) NAMED_UNIT ( * ) SI_UNIT ( .MILLI., .METRE. ) );
#242 = VECTOR ( 'NONE', #2000, 1000.000000000000000 ) ;
#243 = FACE_OUTER_BOUND ( 'NONE', #1631, .T. ) ;
#244 = LINE ( 'NONE', #1132, #153 ) ;
#245 = AXIS2_PLACEMENT_3D ( 'NONE', #1580, #699, #2157 ) ;
#246 = CARTESIAN_POINT ( 'NONE',  ( -2.950000000000017100, -2.602085213965210600E-015, -1.272853350497982200E-013 ) ) ;
#247 = LINE ( 'NONE', #2190, #3266 ) ;
#248 = LINE ( 'NONE', #2806, #115 ) ;
#249 = CARTESIAN_POINT ( 'NONE',  ( 0.9001193333803172400, -3.473340862425947000, 1.250119333380178600 ) ) ;
#250 = DIRECTION ( 'NONE',  ( 1.030562696583589100E-014, 0.0000000000000000000, -1.000000000000000000 ) ) ;
#251 = DIRECTION ( 'NONE',  ( 1.000000000000000000, -6.610922746731392500E-017, 1.052246740033299200E-014 ) ) ;
#252 = VECTOR ( 'NONE', #1669, 1000.000000000000000 ) ;
#253 = CARTESIAN_POINT ( 'NONE',  ( 3.250000000000085700, 2.849999999999979200, 6.349999999999874400 ) ) ;
#254 = DIRECTION ( 'NONE',  ( 0.0000000000000000000, -3.491483361109384000E-015, 1.000000000000000000 ) ) ;
#255 = CARTESIAN_POINT ( 'NONE',  ( 4.299999999999903900, 4.199999999999970900, 7.499999999999939600 ) ) ;
#256 = ORIENTED_EDGE ( 'NONE', *, *, #1804, .F. ) ;
#257 = ORIENTED_EDGE ( 'NONE', *, *, #1850, .T. ) ;
#258 = EDGE_CURVE ( 'NONE', #1190, #2020, #3709, .T. ) ;
#259 = ORIENTED_EDGE ( 'NONE', *, *, #131, .T. ) ;
#260 = CARTESIAN_POINT ( 'NONE',  ( -2.400000000000098100, 3.349999999999971700, 7.599999999999886000 ) ) ;
#261 = EDGE_CURVE ( 'NONE', #3030, #3777, #1374, .T. ) ;
#262 = DIRECTION ( 'NONE',  ( -1.000000000000000000, -0.0000000000000000000, -1.052246740033299200E-014 ) ) ;
#263 = ORIENTED_EDGE ( 'NONE', *, *, #819, .T. ) ;
#264 = DIRECTION ( 'NONE',  ( -1.052246740033299200E-014, 0.0000000000000000000, 1.000000000000000000 ) ) ;
#265 = DIRECTION ( 'NONE',  ( 0.0000000000000000000, 0.7071067811865440200, 0.7071067811865511300 ) ) ;
#266 = DIRECTION ( 'NONE',  ( -1.053224967557376100E-014, 0.0000000000000000000, -1.000000000000000000 ) ) ;
#267 = DIRECTION ( 'NONE',  ( 9.235207745526306700E-015, 0.4848096202463332800, -0.8746197071393978500 ) ) ;
#268 = CARTESIAN_POINT ( 'NONE',  ( 1.249999999999999300, 3.349999999999979200, 1.599999999999901500 ) ) ;
#269 = VECTOR ( 'NONE', #1954, 1000.000000000000000 ) ;
#270 = MANIFOLD_SOLID_BREP ( 'Chamfer5', #812 ) ;
#271 = LINE ( 'NONE', #3061, #864 ) ;
#272 = ORIENTED_EDGE ( 'NONE', *, *, #3366, .T. ) ;
#273 = DIRECTION ( 'NONE',  ( -0.7071067811865551200, -2.422105277999301500E-015, 0.7071067811865399100 ) ) ;
#274 = LINE ( 'NONE', #3232, #3202 ) ;
#275 = DIRECTION ( 'NONE',  ( -1.000000000000000000, 0.0000000000000000000, 1.052246740033299200E-014 ) ) ;
#276 = VECTOR ( 'NONE', #3160, 1000.000000000000100 ) ;
#277 = EDGE_CURVE ( 'NONE', #381, #2778, #1435, .T. ) ;
#278 = DIRECTION ( 'NONE',  ( 1.000000000000000000, -0.0000000000000000000, 1.052246740033299200E-014 ) ) ;
#279 = ORIENTED_EDGE ( 'NONE', *, *, #773, .T. ) ;
#280 = ORIENTED_EDGE ( 'NONE', *, *, #2261, .T. ) ;
#281 = EDGE_CURVE ( 'NONE', #2456, #3504, #2588, .T. ) ;
#282 = ORIENTED_EDGE ( 'NONE', *, *, #1602, .T. ) ;
#283 = CARTESIAN_POINT ( 'NONE',  ( -0.3000000000000970800, 4.799999999999970500, 7.599999999999913500 ) ) ;
#284 = LINE ( 'NONE', #108, #1523 ) ;
#285 = DIRECTION ( 'NONE',  ( -1.000000000000000000, 4.605943960191440900E-015, -2.659242985288821400E-015 ) ) ;
#286 = VECTOR ( 'NONE', #3541, 1000.000000000000000 ) ;
#287 = CARTESIAN_POINT ( 'NONE',  ( 3.949999999999982000, -9.540979117872439000E-015, -8.088148206741863100E-014 ) ) ;
#288 = AXIS2_PLACEMENT_3D ( 'NONE', #974, #2414, #1267 ) ;
#289 = VERTEX_POINT ( 'NONE', #234 ) ;
#290 = CARTESIAN_POINT ( 'NONE',  ( 0.8591910702798607500, 2.849999999999979200, 6.649999999999900900 ) ) ;
#291 = LINE ( 'NONE', #1598, #1851 ) ;
#292 = LINE ( 'NONE', #3518, #3040 ) ;
#293 = LINE ( 'NONE', #440, #2066 ) ;
#294 = DIRECTION ( 'NONE',  ( -6.610922746731392500E-017, -1.000000000000000000, -6.954678483224962500E-031 ) ) ;
#296 = ORIENTED_EDGE ( 'NONE', *, *, #2113, .F. ) ;
#295 = VECTOR ( 'NONE', #1637, 1000.000000000000000 ) ;
#297 = LINE ( 'NONE', #1113, #3675 ) ;
#298 = CYLINDRICAL_SURFACE ( 'NONE', #740, 0.6999999999999807500 ) ;
#299 = ADVANCED_FACE ( 'NONE', ( #2457 ), #2846, .F. ) ;
#300 = DIRECTION ( 'NONE',  ( 1.052246740033299200E-014, 3.377356816637224700E-015, -1.000000000000000000 ) ) ;
#301 = DIRECTION ( 'NONE',  ( -1.000000000000000000, -6.610922746731374000E-017, 1.052246740033299200E-014 ) ) ;
#302 = CARTESIAN_POINT ( 'NONE',  ( 4.949999999999903400, 4.799999999999970500, 7.599999999999948100 ) ) ;
#303 = EDGE_LOOP ( 'NONE', ( #73, #1925, #3680, #2200 ) ) ;
#304 = VERTEX_POINT ( 'NONE', #2869 ) ;
#305 = EDGE_CURVE ( 'NONE', #289, #3666, #3316, .T. ) ;
#306 = CARTESIAN_POINT ( 'NONE',  ( 3.250000000000030600, -0.3500000000000025300, 1.099999999999854000 ) ) ;
#307 = ORIENTED_EDGE ( 'NONE', *, *, #3200, .F. ) ;
#308 = ORIENTED_EDGE ( 'NONE', *, *, #2566, .F. ) ;
#309 = ORIENTED_EDGE ( 'NONE', *, *, #277, .T. ) ;
#310 = ORIENTED_EDGE ( 'NONE', *, *, #601, .T. ) ;
#311 = EDGE_CURVE ( 'NONE', #2027, #2339, #1903, .T. ) ;
#312 = CARTESIAN_POINT ( 'NONE',  ( -0.7500000000000848200, -0.3500000000000027500, 6.349999999999901100 ) ) ;
#313 = VERTEX_POINT ( 'NONE', #1394 ) ;
#314 = DIRECTION ( 'NONE',  ( 0.5773502691896292800, -0.5773502691896225100, 0.5773502691896254000 ) ) ;
#315 = ORIENTED_EDGE ( 'NONE', *, *, #2187, .F. ) ;
#316 = PLANE ( 'NONE',  #448 ) ;
#317 = STYLED_ITEM ( 'NONE', ( #791 ), #270 ) ;
#318 = CARTESIAN_POINT ( 'NONE',  ( 4.299999999999948300, 2.549999999999981200, 3.349999999999928600 ) ) ;
#319 = ORIENTED_EDGE ( 'NONE', *, *, #3724, .T. ) ;
#320 = CARTESIAN_POINT ( 'NONE',  ( 2.750000000000085700, 3.349999999999979200, 6.349999999999879700 ) ) ;
#321 = VECTOR ( 'NONE', #2921, 1000.000000000000000 ) ;
#322 = DIRECTION ( 'NONE',  ( 0.0000000000000000000, 0.0000000000000000000, -1.000000000000000000 ) ) ;
#323 = VECTOR ( 'NONE', #644, 1000.000000000000000 ) ;
#324 = AXIS2_PLACEMENT_3D ( 'NONE', #3371, #3058, #140 ) ;
#325 = DIRECTION ( 'NONE',  ( 6.610922746731392500E-017, 1.000000000000000000, 6.956321908860092100E-031 ) ) ;
#326 = CARTESIAN_POINT ( 'NONE',  ( 2.949999999999902500, -3.122502256758252800E-014, 7.599999999999868200 ) ) ;
#327 = VECTOR ( 'NONE', #1937, 1000.000000000000000 ) ;
#328 = CARTESIAN_POINT ( 'NONE',  ( 2.750000000000036000, 3.349999999999979200, 1.599999999999881500 ) ) ;
#329 = DIRECTION ( 'NONE',  ( -1.040834085586084700E-014, 0.0000000000000000000, -1.000000000000000000 ) ) ;
#330 = ORIENTED_EDGE ( 'NONE', *, *, #1019, .F. ) ;
#331 = EDGE_CURVE ( 'NONE', #1419, #2128, #1714, .T. ) ;
#332 = DIRECTION ( 'NONE',  ( -0.0000000000000000000, 1.000000000000000000, 0.0000000000000000000 ) ) ;
#333 = ORIENTED_EDGE ( 'NONE', *, *, #888, .F. ) ;
#334 = CARTESIAN_POINT ( 'NONE',  ( 3.249999999999945800, 2.849999999999981900, 3.349999999999921500 ) ) ;
#335 = ORIENTED_EDGE ( 'NONE', *, *, #824, .F. ) ;
#336 = VECTOR ( 'NONE', #2526, 1000.000000000000000 ) ;
#337 = ADVANCED_FACE ( 'NONE', ( #1856 ), #2079, .T. ) ;
#338 = EDGE_CURVE ( 'NONE', #2460, #3383, #2212, .T. ) ;
#339 = DIRECTION ( 'NONE',  ( 1.000000000000000000, -6.610922746731309900E-017, 1.030562696583589100E-014 ) ) ;
#340 = DIRECTION ( 'NONE',  ( 1.000000000000000000, 0.0000000000000000000, -1.052246740033299200E-014 ) ) ;
#341 = DIRECTION ( 'NONE',  ( 1.000000000000000000, 6.610922746731392500E-017, -1.052246740033299200E-014 ) ) ;
#342 = FACE_BOUND ( 'NONE', #1574, .T. ) ;
#343 = VECTOR ( 'NONE', #1688, 1000.000000000000000 ) ;
#344 = DIRECTION ( 'NONE',  ( 1.000000000000000000, 6.610922746731392500E-017, -1.052246740033299200E-014 ) ) ;
#345 = PLANE ( 'NONE',  #2223 ) ;
#346 = VECTOR ( 'NONE', #1473, 1000.000000000000000 ) ;
#347 = VECTOR ( 'NONE', #3694, 1000.000000000000000 ) ;
#348 = CARTESIAN_POINT ( 'NONE',  ( -2.300000000000052200, 2.549999999999988700, 3.349999999999886800 ) ) ;
#349 = VECTOR ( 'NONE', #2355, 1000.000000000000000 ) ;
#350 = ORIENTED_EDGE ( 'NONE', *, *, #2022, .T. ) ;
#351 = ADVANCED_FACE ( 'NONE', ( #2995 ), #2579, .F. ) ;
#352 = PLANE ( 'NONE',  #1489 ) ;
#353 = VERTEX_POINT ( 'NONE', #826 ) ;
#354 = CARTESIAN_POINT ( 'NONE',  ( 0.8477558125035488100, 2.947755812503527900, 6.618581887473840000 ) ) ;
#355 = ORIENTED_EDGE ( 'NONE', *, *, #3413, .T. ) ;
#356 = DIRECTION ( 'NONE',  ( 1.000000000000000000, -6.610922746731392500E-017, 1.052246740033299200E-014 ) ) ;
#357 = CARTESIAN_POINT ( 'NONE',  ( 3.250000000000030200, -0.4887401227134984300, 1.044052692961310100 ) ) ;
#358 = ORIENTED_EDGE ( 'NONE', *, *, #2583, .F. ) ;
#359 = EDGE_CURVE ( 'NONE', #1817, #1494, #475, .T. ) ;
#360 = DIRECTION ( 'NONE',  ( -1.000000000000000000, -0.0000000000000000000, -0.0000000000000000000 ) ) ;
#361 = ADVANCED_FACE ( 'NONE', ( #1069 ), #479, .F. ) ;
#362 = ORIENTED_EDGE ( 'NONE', *, *, #2834, .F. ) ;
#363 = EDGE_CURVE ( 'NONE', #3719, #35, #297, .T. ) ;
#364 = VECTOR ( 'NONE', #3306, 1000.000000000000000 ) ;
#365 = DIRECTION ( 'NONE',  ( -0.0000000000000000000, 1.000000000000000000, 6.776263578034401700E-016 ) ) ;
#366 = MECHANICAL_DESIGN_GEOMETRIC_PRESENTATION_REPRESENTATION (  '', ( #317 ), #2742 ) ;
#367 = CARTESIAN_POINT ( 'NONE',  ( 3.250000000000037700, -1.182440736281054900, 1.764316157768482700 ) ) ;
#368 = LINE ( 'NONE', #2686, #2286 ) ;
#369 = ADVANCED_FACE ( 'NONE', ( #439 ), #2540, .T. ) ;
#370 = LINE ( 'NONE', #1081, #1736 ) ;
#371 = CARTESIAN_POINT ( 'NONE',  ( -0.7500000000000295300, 2.849999999999978800, 1.099999999999899100 ) ) ;
#372 = CIRCLE ( 'NONE', #1570, 0.5000000000000000000 ) ;
#373 = ORIENTED_EDGE ( 'NONE', *, *, #2386, .F. ) ;
#374 = ADVANCED_FACE ( 'NONE', ( #1254 ), #1778, .F. ) ;
#375 = DIRECTION ( 'NONE',  ( 1.000000000000000000, -6.610922746731392500E-017, 1.052246740033299200E-014 ) ) ;
#376 = VERTEX_POINT ( 'NONE', #2328 ) ;
#377 = CARTESIAN_POINT ( 'NONE',  ( -1.250000000000035500, -3.103693497821455900, 1.643852424660740400 ) ) ;
#378 = CARTESIAN_POINT ( 'NONE',  ( 3.099880666619717000, -3.487581201394619700, 1.268940004171047500 ) ) ;
#379 = EDGE_CURVE ( 'NONE', #423, #3237, #1763, .T. ) ;
#380 = DIRECTION ( 'NONE',  ( 1.000000000000000000, 6.610922746731392500E-017, -1.052246740033299200E-014 ) ) ;
#381 = VERTEX_POINT ( 'NONE', #2342 ) ;
#382 = LINE ( 'NONE', #2608, #2716 ) ;
#383 = EDGE_CURVE ( 'NONE', #1173, #897, #3494, .T. ) ;
#384 = FACE_OUTER_BOUND ( 'NONE', #3574, .T. ) ;
#385 = EDGE_LOOP ( 'NONE', ( #588, #2138, #1350, #2380, #2393 ) ) ;
#386 = ADVANCED_FACE ( 'NONE', ( #1116 ), #616, .F. ) ;
#387 = FACE_OUTER_BOUND ( 'NONE', #2783, .T. ) ;
#388 = LINE ( 'NONE', #1515, #1481 ) ;
#389 = LINE ( 'NONE', #2500, #1897 ) ;
#390 = EDGE_CURVE ( 'NONE', #481, #3599, #985, .T. ) ;
#391 = CARTESIAN_POINT ( 'NONE',  ( 2.750000000000030600, -0.3500000000000025900, 1.099999999999859100 ) ) ;
#392 = VERTEX_POINT ( 'NONE', #2065 ) ;
#393 = UNCERTAINTY_MEASURE_WITH_UNIT (LENGTH_MEASURE( 1.000000000000000100E-005 ), #804, 'distance_accuracy_value', 'NONE');
#394 = VECTOR ( 'NONE', #2042, 1000.000000000000000 ) ;
#395 = VECTOR ( 'NONE', #788, 1000.000000000000000 ) ;
#396 = CARTESIAN_POINT ( 'NONE',  ( 2.750000000000031100, -3.400000000000002600, 1.103077914851101400 ) ) ;
#397 = EDGE_LOOP ( 'NONE', ( #1041, #1707, #1650, #3369 ) ) ;
#398 = ORIENTED_EDGE ( 'NONE', *, *, #3292, .F. ) ;
#399 = CARTESIAN_POINT ( 'NONE',  ( 2.299999999999903000, 4.299999999999972300, 7.599999999999920600 ) ) ;
#400 = DIRECTION ( 'NONE',  ( -1.040834085586084700E-014, 0.0000000000000000000, -1.000000000000000000 ) ) ;
#401 = EDGE_LOOP ( 'NONE', ( #2606, #807, #1908, #3479 ) ) ;
#402 = ORIENTED_EDGE ( 'NONE', *, *, #1022, .F. ) ;
#403 = ORIENTED_EDGE ( 'NONE', *, *, #3751, .F. ) ;
#404 = CARTESIAN_POINT ( 'NONE',  ( -2.950000000000049900, 4.799999999999985600, 1.599999999999884600 ) ) ;
#405 = CARTESIAN_POINT ( 'NONE',  ( 2.299999999999903000, 4.799999999999973200, 7.599999999999926800 ) ) ;
#406 = DIRECTION ( 'NONE',  ( 0.0000000000000000000, -3.491483361109384000E-015, 1.000000000000000000 ) ) ;
#407 = VERTEX_POINT ( 'NONE', #1179 ) ;
#408 = ADVANCED_FACE ( 'NONE', ( #160 ), #1189, .F. ) ;
#409 = EDGE_CURVE ( 'NONE', #897, #2318, #1942, .T. ) ;
#410 = CARTESIAN_POINT ( 'NONE',  ( 0.7500000000000000000, 3.349999999999979200, 6.649999999999900900 ) ) ;
#411 = ORIENTED_EDGE ( 'NONE', *, *, #1280, .F. ) ;
#412 = DIRECTION ( 'NONE',  ( -1.000000000000000000, 6.610922746731369100E-017, -1.052246740033299200E-014 ) ) ;
#413 = VECTOR ( 'NONE', #3469, 1000.000000000000000 ) ;
#414 = EDGE_CURVE ( 'NONE', #3394, #2318, #204, .T. ) ;
#415 = DIRECTION ( 'NONE',  ( 1.057097118173366300E-014, 0.0000000000000000000, -1.000000000000000000 ) ) ;
#416 = DIRECTION ( 'NONE',  ( 0.0000000000000000000, 3.605609905581542600E-015, -1.000000000000000000 ) ) ;
#417 = FACE_OUTER_BOUND ( 'NONE', #2868, .T. ) ;
#418 = VERTEX_POINT ( 'NONE', #577 ) ;
#419 = CARTESIAN_POINT ( 'NONE',  ( 2.750000000000036000, 3.349999999999990300, 1.599999999999902400 ) ) ;
#420 = DIRECTION ( 'NONE',  ( 0.0000000000000000000, -0.4999999999999947300, -0.8660254037844418200 ) ) ;
#421 = LINE ( 'NONE', #253, #1648 ) ;
#422 = CARTESIAN_POINT ( 'NONE',  ( 1.250000000000000000, 3.240808929720118600, 6.649999999999900900 ) ) ;
#423 = VERTEX_POINT ( 'NONE', #3239 ) ;
#424 = STYLED_ITEM ( 'NONE', ( #3634 ), #3500 ) ;
#425 = CARTESIAN_POINT ( 'NONE',  ( -0.7500000000000357500, 3.349999999999990300, 1.599999999999902400 ) ) ;
#426 = DIRECTION ( 'NONE',  ( -6.610922746729133200E-017, -1.000000000000000000, -2.146934995020800900E-015 ) ) ;
#427 = VERTEX_POINT ( 'NONE', #2626 ) ;
#428 = DIRECTION ( 'NONE',  ( -1.000000000000000000, 6.610922746731317300E-017, -1.052246740033299200E-014 ) ) ;
#429 = ORIENTED_EDGE ( 'NONE', *, *, #3636, .F. ) ;
#430 = EDGE_CURVE ( 'NONE', #2665, #2221, #524, .T. ) ;
#431 = VECTOR ( 'NONE', #2010, 1000.000000000000100 ) ;
#432 = VECTOR ( 'NONE', #3761, 1000.000000000000000 ) ;
#433 = ORIENTED_EDGE ( 'NONE', *, *, #3366, .F. ) ;
#434 = EDGE_CURVE ( 'NONE', #2866, #1443, #1158, .T. ) ;
#435 = CARTESIAN_POINT ( 'NONE',  ( 3.250000000000030600, -3.103693497821462100, 1.056147575339027300 ) ) ;
#436 = FACE_BOUND ( 'NONE', #893, .T. ) ;
#437 = VECTOR ( 'NONE', #98, 1000.000000000000000 ) ;
#438 = DIRECTION ( 'NONE',  ( -1.000000000000000000, 6.610922746731392500E-017, -1.052246740033299200E-014 ) ) ;
#439 = FACE_OUTER_BOUND ( 'NONE', #2775, .T. ) ;
#440 = CARTESIAN_POINT ( 'NONE',  ( 4.949999999999922900, 2.949999999999978000, 5.699999999999941600 ) ) ;
#441 = ORIENTED_EDGE ( 'NONE', *, *, #363, .T. ) ;
#442 = PLANE ( 'NONE',  #2791 ) ;
#443 = ORIENTED_EDGE ( 'NONE', *, *, #1321, .T. ) ;
#444 = CARTESIAN_POINT ( 'NONE',  ( -1.250000000000036900, -0.3500000000000027000, 1.799999999999874800 ) ) ;
#445 = ORIENTED_EDGE ( 'NONE', *, *, #3660, .T. ) ;
#446 = ORIENTED_EDGE ( 'NONE', *, *, #2372, .T. ) ;
#447 = VERTEX_POINT ( 'NONE', #604 ) ;
#448 = AXIS2_PLACEMENT_3D ( 'NONE', #1170, #3489, #2333 ) ;
#449 = DIRECTION ( 'NONE',  ( -1.000000000000000000, 6.610922746731392500E-017, -1.052246740033299200E-014 ) ) ;
#450 = DIRECTION ( 'NONE',  ( -0.3236155771181922200, -0.3236155771181824500, -0.8891264907159863700 ) ) ;
#451 = ORIENTED_EDGE ( 'NONE', *, *, #1256, .F. ) ;
#452 = CARTESIAN_POINT ( 'NONE',  ( -1.250000000000035100, -3.400000000000002600, 1.596922085148670500 ) ) ;
#453 = FACE_OUTER_BOUND ( 'NONE', #1951, .T. ) ;
#454 = EDGE_CURVE ( 'NONE', #3777, #407, #3592, .T. ) ;
#455 = VECTOR ( 'NONE', #301, 1000.000000000000000 ) ;
#456 = DIRECTION ( 'NONE',  ( -6.610922746727709500E-017, -1.000000000000000000, -3.499817452019463200E-015 ) ) ;
#457 = EDGE_CURVE ( 'NONE', #811, #35, #2119, .T. ) ;
#458 = VECTOR ( 'NONE', #557, 1000.000000000000000 ) ;
#459 = DIRECTION ( 'NONE',  ( 0.0000000000000000000, 3.605609905581542600E-015, -1.000000000000000000 ) ) ;
#460 = VECTOR ( 'NONE', #1047, 1000.000000000000000 ) ;
#461 = ORIENTED_EDGE ( 'NONE', *, *, #228, .T. ) ;
#462 = ORIENTED_EDGE ( 'NONE', *, *, #2784, .F. ) ;
#463 = ORIENTED_EDGE ( 'NONE', *, *, #2568, .T. ) ;
#464 = ORIENTED_EDGE ( 'NONE', *, *, #10, .F. ) ;
#465 = AXIS2_PLACEMENT_3D ( 'NONE', #1199, #344, #2385 ) ;
#466 = VECTOR ( 'NONE', #1353, 1000.000000000000000 ) ;
#467 = CARTESIAN_POINT ( 'NONE',  ( 0.7500000000000000000, 2.849999999999978800, 1.099999999999896400 ) ) ;
#468 = LINE ( 'NONE', #2453, #1929 ) ;
#469 = DIRECTION ( 'NONE',  ( 0.0000000000000000000, -1.000000000000000000, -5.895349312889965100E-015 ) ) ;
#470 = DIRECTION ( 'NONE',  ( -1.000000000000000000, 0.0000000000000000000, -1.052246740033299200E-014 ) ) ;
#471 = ORIENTED_EDGE ( 'NONE', *, *, #1057, .T. ) ;
#472 = EDGE_CURVE ( 'NONE', #3352, #2287, #3543, .T. ) ;
#473 = FACE_OUTER_BOUND ( 'NONE', #2773, .T. ) ;
#474 = VECTOR ( 'NONE', #3215, 1000.000000000000000 ) ;
#475 = LINE ( 'NONE', #2544, #252 ) ;
#476 = DIRECTION ( 'NONE',  ( 0.0000000000000000000, -3.504910013400226400E-015, 1.000000000000000000 ) ) ;
#477 = EDGE_CURVE ( 'NONE', #1408, #702, #2812, .T. ) ;
#478 = DIRECTION ( 'NONE',  ( -1.051998147560191500E-014, -0.0000000000000000000, 1.000000000000000000 ) ) ;
#479 = PLANE ( 'NONE',  #1758 ) ;
#480 = ORIENTED_EDGE ( 'NONE', *, *, #67, .T. ) ;
#481 = VERTEX_POINT ( 'NONE', #2392 ) ;
#482 = CARTESIAN_POINT ( 'NONE',  ( -2.300000000000053600, 2.549999999999986100, 3.349999999999883300 ) ) ;
#483 = STYLED_ITEM ( 'NONE', ( #2337 ), #951 ) ;
#484 = CARTESIAN_POINT ( 'NONE',  ( 0.7500000000000000000, -3.060891383739940500, 1.599999999999877300 ) ) ;
#485 = EDGE_LOOP ( 'NONE', ( #984, #1537, #1198, #2800 ) ) ;
#486 = EDGE_LOOP ( 'NONE', ( #566, #2299, #2958, #257 ) ) ;
#487 = VERTEX_POINT ( 'NONE', #2641 ) ;
#488 = VERTEX_POINT ( 'NONE', #334 ) ;
#489 = PLANE ( 'NONE',  #913 ) ;
#490 = AXIS2_PLACEMENT_3D ( 'NONE', #86, #1816, #1870 ) ;
#491 = CARTESIAN_POINT ( 'NONE',  ( 3.299999999999923400, 4.199999999999978000, 5.599999999999927700 ) ) ;
#492 = ORIENTED_EDGE ( 'NONE', *, *, #2183, .T. ) ;
#493 = CARTESIAN_POINT ( 'NONE',  ( -0.7500000000000355300, -3.103693497821456300, 1.643852424660745800 ) ) ;
#494 = DIRECTION ( 'NONE',  ( 0.0000000000000000000, -3.491483361109384000E-015, 1.000000000000000000 ) ) ;
#495 = VECTOR ( 'NONE', #2549, 1000.000000000000000 ) ;
#496 = CARTESIAN_POINT ( 'NONE',  ( 2.859191070279891300, -3.400000000000002600, 1.103077914851100100 ) ) ;
#497 = ORIENTED_EDGE ( 'NONE', *, *, #1135, .F. ) ;
#498 = EDGE_CURVE ( 'NONE', #1740, #1188, #1811, .T. ) ;
#499 = VECTOR ( 'NONE', #2338, 1000.000000000000000 ) ;
#500 = DIRECTION ( 'NONE',  ( -1.000000000000000000, -6.610922746731392500E-017, 1.052246740033299200E-014 ) ) ;
#501 = LINE ( 'NONE', #3190, #3519 ) ;
#502 = EDGE_CURVE ( 'NONE', #2034, #3759, #846, .T. ) ;
#503 = CARTESIAN_POINT ( 'NONE',  ( 1.250000000000000000, -3.060891383739940500, 1.599999999999896400 ) ) ;
#504 = VECTOR ( 'NONE', #3727, 1000.000000000000000 ) ;
#505 = FILL_AREA_STYLE_COLOUR ( '', #3032 ) ;
#506 = DIRECTION ( 'NONE',  ( 1.558644840863088700E-015, -0.9876883405951376600, -0.1564344650402311200 ) ) ;
#507 = EDGE_LOOP ( 'NONE', ( #1568, #3027, #574, #3001 ) ) ;
#508 = CARTESIAN_POINT ( 'NONE',  ( -2.950000000000081000, 3.349999999999977400, 6.099999999999881500 ) ) ;
#509 = CARTESIAN_POINT ( 'NONE',  ( 0.7500000000000000000, -3.060891383739940500, 1.599999999999896400 ) ) ;
#510 = ORIENTED_EDGE ( 'NONE', *, *, #522, .T. ) ;
#511 = EDGE_LOOP ( 'NONE', ( #333, #2723, #1869, #2016 ) ) ;
#512 = COLOUR_RGB ( '',1.000000000000000000, 1.000000000000000000, 0.8784313725490196000 ) ;
#513 = ORIENTED_EDGE ( 'NONE', *, *, #1748, .F. ) ;
#514 = DIRECTION ( 'NONE',  ( 8.919992930001899100E-015, -0.4999999999999945000, -0.8660254037844418200 ) ) ;
#515 = VECTOR ( 'NONE', #875, 1000.000000000000100 ) ;
#516 = ORIENTED_EDGE ( 'NONE', *, *, #2733, .T. ) ;
#517 = SURFACE_STYLE_FILL_AREA ( #1320 ) ;
#518 = DIRECTION ( 'NONE',  ( 1.000000000000000000, 6.610922746731392500E-017, -1.052246740033299200E-014 ) ) ;
#519 = VECTOR ( 'NONE', #672, 1000.000000000000100 ) ;
#520 = VECTOR ( 'NONE', #3123, 1000.000000000000000 ) ;
#521 = DIRECTION ( 'NONE',  ( -1.052246740033299200E-014, 0.0000000000000000000, 1.000000000000000000 ) ) ;
#522 = EDGE_CURVE ( 'NONE', #2366, #3785, #2408, .T. ) ;
#523 = LINE ( 'NONE', #1322, #295 ) ;
#524 = LINE ( 'NONE', #1168, #2635 ) ;
#525 = ORIENTED_EDGE ( 'NONE', *, *, #1589, .F. ) ;
#526 = ADVANCED_FACE ( 'NONE', ( #1986 ), #352, .F. ) ;
#527 = EDGE_LOOP ( 'NONE', ( #1911, #1913, #72, #1468 ) ) ;
#528 = EDGE_CURVE ( 'NONE', #783, #2021, #3087, .T. ) ;
#529 = CARTESIAN_POINT ( 'NONE',  ( 4.949999999999966400, 3.699999999999990400, 1.599999999999942400 ) ) ;
#530 = EDGE_LOOP ( 'NONE', ( #2474, #99, #90, #2180, #3743 ) ) ;
#531 = ORIENTED_EDGE ( 'NONE', *, *, #2945, .F. ) ;
#532 = CARTESIAN_POINT ( 'NONE',  ( 3.299999999999923000, 4.199999999999981500, 5.599999999999930400 ) ) ;
#533 = EDGE_LOOP ( 'NONE', ( #1393, #3630, #3140, #1438, #75, #3783, #2781, #272, #1926, #3326, #1348 ) ) ;
#534 = DIRECTION ( 'NONE',  ( 0.3236155771181819000, 0.8891264907159904800, -0.3236155771181815100 ) ) ;
#535 = DIRECTION ( 'NONE',  ( 1.000000000000000000, -6.610922746727681200E-017, -2.350972571288340100E-031 ) ) ;
#536 = CARTESIAN_POINT ( 'NONE',  ( -1.950000000000036800, 3.699999999999987700, 1.599999999999890800 ) ) ;
#537 = EDGE_LOOP ( 'NONE', ( #2121, #578, #1520, #2418 ) ) ;
#538 = DIRECTION ( 'NONE',  ( -1.040326012723440100E-014, -0.1564344650402306500, 0.9876883405951376600 ) ) ;
#539 = VECTOR ( 'NONE', #60, 1000.000000000000000 ) ;
#540 = AXIS2_PLACEMENT_3D ( 'NONE', #3437, #1933, #2311 ) ;
#541 = DIRECTION ( 'NONE',  ( -1.051998147560191500E-014, -0.0000000000000000000, 1.000000000000000000 ) ) ;
#542 = CARTESIAN_POINT ( 'NONE',  ( -2.300000000000097100, 3.349999999999977900, 7.599999999999890400 ) ) ;
#543 = DIRECTION ( 'NONE',  ( 9.171106966599879900E-015, 0.4848096202463361100, 0.8746197071393964100 ) ) ;
#544 = VECTOR ( 'NONE', #1216, 1000.000000000000000 ) ;
#545 = ORIENTED_EDGE ( 'NONE', *, *, #1207, .F. ) ;
#546 = CARTESIAN_POINT ( 'NONE',  ( -1.250000000000029500, 2.849999999999978800, 1.099999999999893700 ) ) ;
#547 = EDGE_CURVE ( 'NONE', #2906, #3218, #3774, .T. ) ;
#548 = CARTESIAN_POINT ( 'NONE',  ( -0.7500000000000541800, 2.849999999999986300, 3.349999999999901500 ) ) ;
#549 = CARTESIAN_POINT ( 'NONE',  ( 4.949999999999902500, -3.122502256758252800E-014, 7.599999999999930400 ) ) ;
#550 = PLANE ( 'NONE',  #1224 ) ;
#551 = LINE ( 'NONE', #17, #2052 ) ;
#552 = EDGE_CURVE ( 'NONE', #2832, #1419, #2356, .T. ) ;
#553 = CARTESIAN_POINT ( 'NONE',  ( 2.750000000000030600, -3.103693497821460800, 1.056147575339032100 ) ) ;
#554 = ORIENTED_EDGE ( 'NONE', *, *, #1401, .T. ) ;
#555 = CARTESIAN_POINT ( 'NONE',  ( 2.750000000000032900, -1.182440736281054900, 1.264316157768487600 ) ) ;
#556 = ORIENTED_EDGE ( 'NONE', *, *, #631, .T. ) ;
#557 = DIRECTION ( 'NONE',  ( -0.0000000000000000000, -0.0000000000000000000, 1.000000000000000000 ) ) ;
#558 = AXIS2_PLACEMENT_3D ( 'NONE', #1102, #3146, #494 ) ;
#559 = VERTEX_POINT ( 'NONE', #2975 ) ;
#560 = ORIENTED_EDGE ( 'NONE', *, *, #1858, .T. ) ;
#561 = DIRECTION ( 'NONE',  ( -1.000000000000000000, -0.0000000000000000000, -0.0000000000000000000 ) ) ;
#562 = LINE ( 'NONE', #1847, #2801 ) ;
#563 = DIRECTION ( 'NONE',  ( -1.000000000000000000, 0.0000000000000000000, -1.052246740033299200E-014 ) ) ;
#564 = LINE ( 'NONE', #2373, #194 ) ;
#565 = FACE_OUTER_BOUND ( 'NONE', #3404, .T. ) ;
#566 = ORIENTED_EDGE ( 'NONE', *, *, #106, .T. ) ;
#567 = DIRECTION ( 'NONE',  ( 3.553812700235760600E-029, -1.000000000000000000, -3.377356816637224700E-015 ) ) ;
#568 = LINE ( 'NONE', #739, #890 ) ;
#569 = FACE_OUTER_BOUND ( 'NONE', #486, .T. ) ;
#570 = PLANE ( 'NONE',  #3286 ) ;
#571 = EDGE_CURVE ( 'NONE', #2551, #1002, #2114, .T. ) ;
#572 = CARTESIAN_POINT ( 'NONE',  ( 1.250000000000000000, 2.849999999999978800, 1.099999999999896400 ) ) ;
#573 = VECTOR ( 'NONE', #1208, 1000.000000000000000 ) ;
#574 = ORIENTED_EDGE ( 'NONE', *, *, #1971, .T. ) ;
#575 = EDGE_LOOP ( 'NONE', ( #471, #2220, #3099, #1287 ) ) ;
#576 = EDGE_CURVE ( 'NONE', #3142, #447, #1807, .T. ) ;
#577 = CARTESIAN_POINT ( 'NONE',  ( 2.750000000000085700, 2.849999999999979200, 6.349999999999879700 ) ) ;
#578 = ORIENTED_EDGE ( 'NONE', *, *, #379, .F. ) ;
#579 = ORIENTED_EDGE ( 'NONE', *, *, #3461, .F. ) ;
#580 = CARTESIAN_POINT ( 'NONE',  ( 1.250000000000000000, -3.360891383739943900, 1.490808929720016700 ) ) ;
#581 = ORIENTED_EDGE ( 'NONE', *, *, #3410, .F. ) ;
#582 = ORIENTED_EDGE ( 'NONE', *, *, #3540, .T. ) ;
#583 = CARTESIAN_POINT ( 'NONE',  ( -0.7500000000000295300, -0.3500000000000026400, 1.099999999999880200 ) ) ;
#584 = EDGE_CURVE ( 'NONE', #2068, #2685, #2263, .T. ) ;
#585 = CARTESIAN_POINT ( 'NONE',  ( 3.949999999999974400, 2.776239569296599100, -7.415942859800850300E-014 ) ) ;
#586 = ORIENTED_EDGE ( 'NONE', *, *, #2043, .F. ) ;
#587 = CARTESIAN_POINT ( 'NONE',  ( -2.300000000000076200, 4.199999999999970900, 5.599999999999890400 ) ) ;
#588 = ORIENTED_EDGE ( 'NONE', *, *, #1989, .T. ) ;
#589 = CARTESIAN_POINT ( 'NONE',  ( 2.299999999999903000, 4.199999999999970900, 7.599999999999920600 ) ) ;
#590 = LINE ( 'NONE', #482, #954 ) ;
#591 = AXIS2_PLACEMENT_3D ( 'NONE', #3364, #3656, #1909 ) ;
#592 = CARTESIAN_POINT ( 'NONE',  ( 4.949999999999903400, 4.799999999999970500, 7.599999999999948100 ) ) ;
#593 = VERTEX_POINT ( 'NONE', #1794 ) ;
#594 = VECTOR ( 'NONE', #3522, 1000.000000000000000 ) ;
#595 = DIRECTION ( 'NONE',  ( 1.000000000000000000, 6.610922746731392500E-017, -1.052246740033299200E-014 ) ) ;
#596 = CARTESIAN_POINT ( 'NONE',  ( 3.250000000000030600, 2.849999999999978800, 1.099999999999872900 ) ) ;
#597 = CARTESIAN_POINT ( 'NONE',  ( 3.140808929720171800, -3.382918753333602300, 1.210924661863619600 ) ) ;
#598 = AXIS2_PLACEMENT_3D ( 'NONE', #444, #3063, #3344 ) ;
#599 = CARTESIAN_POINT ( 'NONE',  ( -2.300000000000076200, 4.199999999999976200, 5.599999999999895700 ) ) ;
#600 = LINE ( 'NONE', #3178, #2516 ) ;
#601 = EDGE_CURVE ( 'NONE', #1264, #2321, #64, .T. ) ;
#602 = PLANE ( 'NONE',  #101 ) ;
#603 = EDGE_LOOP ( 'NONE', ( #3670, #680, #2645, #899 ) ) ;
#604 = CARTESIAN_POINT ( 'NONE',  ( -1.300000000000051100, 4.199999999999986000, 3.349999999999902400 ) ) ;
#605 = ADVANCED_FACE ( 'NONE', ( #2807 ), #1431, .F. ) ;
#606 = EDGE_CURVE ( 'NONE', #3408, #2021, #114, .T. ) ;
#607 = DIRECTION ( 'NONE',  ( 1.052246740033299200E-014, 5.895349312889962700E-015, -1.000000000000000000 ) ) ;
#608 = CARTESIAN_POINT ( 'NONE',  ( -2.300000000000096200, 4.199999999999970900, 7.499999999999890800 ) ) ;
#609 = ORIENTED_EDGE ( 'NONE', *, *, #1148, .F. ) ;
#610 = DIRECTION ( 'NONE',  ( 0.0000000000000000000, 3.499817452019463200E-015, -1.000000000000000000 ) ) ;
#611 = ORIENTED_EDGE ( 'NONE', *, *, #1089, .F. ) ;
#612 = ORIENTED_EDGE ( 'NONE', *, *, #845, .T. ) ;
#613 = VECTOR ( 'NONE', #1123, 1000.000000000000000 ) ;
#614 = ORIENTED_EDGE ( 'NONE', *, *, #3757, .F. ) ;
#615 = LINE ( 'NONE', #821, #887 ) ;
#616 = PLANE ( 'NONE',  #971 ) ;
#617 = VECTOR ( 'NONE', #1883, 1000.000000000000000 ) ;
#618 = CIRCLE ( 'NONE', #170, 0.4000000000000001900 ) ;
#619 = AXIS2_PLACEMENT_3D ( 'NONE', #1875, #2155, #416 ) ;
#620 = CARTESIAN_POINT ( 'NONE',  ( -0.3000000000000849200, 4.799999999999970500, 7.599999999999911700 ) ) ;
#621 = CARTESIAN_POINT ( 'NONE',  ( -2.300000000000046900, 2.549999999999986100, 3.349999999999883300 ) ) ;
#622 = PLANE ( 'NONE',  #1563 ) ;
#623 = ORIENTED_EDGE ( 'NONE', *, *, #261, .F. ) ;
#624 = EDGE_CURVE ( 'NONE', #3383, #559, #2988, .T. ) ;
#625 = ORIENTED_EDGE ( 'NONE', *, *, #1605, .T. ) ;
#626 = ADVANCED_FACE ( 'NONE', ( #2207 ), #1821, .F. ) ;
#627 = EDGE_LOOP ( 'NONE', ( #675, #1143, #1718, #32 ) ) ;
#628 = CARTESIAN_POINT ( 'NONE',  ( 4.299999999999950100, 2.549999999999961600, 3.349999999999907700 ) ) ;
#629 = EDGE_LOOP ( 'NONE', ( #77, #2072, #259, #3644 ) ) ;
#630 = ORIENTED_EDGE ( 'NONE', *, *, #802, .T. ) ;
#631 = EDGE_CURVE ( 'NONE', #632, #795, #18, .T. ) ;
#632 = VERTEX_POINT ( 'NONE', #2057 ) ;
#633 = DIRECTION ( 'NONE',  ( -1.000000000000000000, 6.610922746731317300E-017, -1.052246740033299200E-014 ) ) ;
#634 = CARTESIAN_POINT ( 'NONE',  ( 2.750000000000089300, 2.959191070279839900, 6.649999999999882200 ) ) ;
#635 = AXIS2_PLACEMENT_3D ( 'NONE', #694, #3068, #1572 ) ;
#636 = ADVANCED_FACE ( 'NONE', ( #935 ), #2953, .F. ) ;
#637 = CARTESIAN_POINT ( 'NONE',  ( -0.8477558125035832300, -3.353676318340940400, 1.505284684539102800 ) ) ;
#638 = VECTOR ( 'NONE', #3457, 1000.000000000000000 ) ;
#639 = FACE_OUTER_BOUND ( 'NONE', #3240, .T. ) ;
#640 = ORIENTED_EDGE ( 'NONE', *, *, #2421, .T. ) ;
#641 = ADVANCED_FACE ( 'NONE', ( #3170 ), #1581, .T. ) ;
#642 = CARTESIAN_POINT ( 'NONE',  ( 3.152244187496486800, -3.306043842287956600, 1.495454933287919000 ) ) ;
#643 = LINE ( 'NONE', #3147, #1461 ) ;
#644 = DIRECTION ( 'NONE',  ( 0.0000000000000000000, 1.000000000000000000, -5.977550754721574800E-015 ) ) ;
#645 = PRODUCT_RELATED_PRODUCT_CATEGORY ( 'part', '', ( #1502 ) ) ;
#646 = PLANE ( 'NONE',  #3473 ) ;
#647 = EDGE_CURVE ( 'NONE', #3136, #2936, #3044, .T. ) ;
#648 = DIRECTION ( 'NONE',  ( 1.038257660396825300E-014, 0.1564344650402306500, 0.9876883405951376600 ) ) ;
#649 = VERTEX_POINT ( 'NONE', #3516 ) ;
#650 = ORIENTED_EDGE ( 'NONE', *, *, #67, .F. ) ;
#651 = ADVANCED_FACE ( 'NONE', ( #663 ), #3570, .F. ) ;
#652 = VERTEX_POINT ( 'NONE', #597 ) ;
#653 = LINE ( 'NONE', #1722, #3483 ) ;
#654 = EDGE_CURVE ( 'NONE', #353, #1493, #1386, .T. ) ;
#655 = DIRECTION ( 'NONE',  ( -0.3236155771181795100, 0.9288044978796232700, -0.1805413054263439200 ) ) ;
#656 = DIRECTION ( 'NONE',  ( -6.610922746731392500E-017, -1.000000000000000000, -6.956321908860092100E-031 ) ) ;
#657 = PLANE ( 'NONE',  #1358 ) ;
#658 = FACE_OUTER_BOUND ( 'NONE', #2736, .T. ) ;
#659 = LINE ( 'NONE', #2853, #3167 ) ;
#660 = DIRECTION ( 'NONE',  ( 1.000000000000000000, 6.610922746731392500E-017, -1.052246740033299200E-014 ) ) ;
#661 = ORIENTED_EDGE ( 'NONE', *, *, #3079, .F. ) ;
#662 = CARTESIAN_POINT ( 'NONE',  ( -2.950000000000096500, 4.799999999999970500, 7.599999999999885100 ) ) ;
#663 = FACE_OUTER_BOUND ( 'NONE', #2745, .T. ) ;
#664 = VECTOR ( 'NONE', #2954, 1000.000000000000000 ) ;
#665 = ADVANCED_FACE ( 'NONE', ( #1300 ), #622, .F. ) ;
#666 = CARTESIAN_POINT ( 'NONE',  ( -0.7500000000000368600, -0.3500000000000027500, 1.799999999999880100 ) ) ;
#667 = VECTOR ( 'NONE', #514, 1000.000000000000100 ) ;
#668 = AXIS2_PLACEMENT_3D ( 'NONE', #3572, #2376, #1823 ) ;
#669 = PLANE ( 'NONE',  #1668 ) ;
#670 = EDGE_LOOP ( 'NONE', ( #944, #697, #373, #3331, #1978 ) ) ;
#671 = DIRECTION ( 'NONE',  ( 1.000000000000000000, -6.610922746731385100E-017, 1.052246740033299000E-014 ) ) ;
#672 = DIRECTION ( 'NONE',  ( -0.3236155771181793400, -0.8275552385092845900, 0.4587213592828536800 ) ) ;
#673 = CARTESIAN_POINT ( 'NONE',  ( -0.7500000000000347500, 2.849999999999979200, 1.599999999999899100 ) ) ;
#674 = ORIENTED_EDGE ( 'NONE', *, *, #1583, .T. ) ;
#675 = ORIENTED_EDGE ( 'NONE', *, *, #2214, .T. ) ;
#676 = ADVANCED_FACE ( 'NONE', ( #2076 ), #657, .F. ) ;
#677 = ORIENTED_EDGE ( 'NONE', *, *, #1506, .T. ) ;
#678 = EDGE_CURVE ( 'NONE', #795, #652, #3672, .T. ) ;
#679 = EDGE_LOOP ( 'NONE', ( #3074, #3717, #3730, #2503 ) ) ;
#680 = ORIENTED_EDGE ( 'NONE', *, *, #1231, .T. ) ;
#681 = CARTESIAN_POINT ( 'NONE',  ( 3.140808929720175800, -3.321782767479887000, 1.596922085148666300 ) ) ;
#682 = EDGE_CURVE ( 'NONE', #702, #155, #3769, .T. ) ;
#683 = VERTEX_POINT ( 'NONE', #2415 ) ;
#684 = VECTOR ( 'NONE', #704, 1000.000000000000100 ) ;
#685 = ADVANCED_FACE ( 'NONE', ( #1666 ), #2992, .F. ) ;
#686 = DIRECTION ( 'NONE',  ( -1.062450995774339300E-014, 0.0000000000000000000, 1.000000000000000000 ) ) ;
#687 = VERTEX_POINT ( 'NONE', #2719 ) ;
#688 = AXIS2_PLACEMENT_3D ( 'NONE', #2795, #1083, #459 ) ;
#689 = FACE_OUTER_BOUND ( 'NONE', #1212, .T. ) ;
#690 = ORIENTED_EDGE ( 'NONE', *, *, #3698, .T. ) ;
#691 = CARTESIAN_POINT ( 'NONE',  ( 4.299999999999923400, 4.799999999999976700, 5.599999999999937500 ) ) ;
#692 = FACE_OUTER_BOUND ( 'NONE', #537, .T. ) ;
#693 = DIRECTION ( 'NONE',  ( -1.053224967557347300E-014, 0.0000000000000000000, 1.000000000000000000 ) ) ;
#694 = CARTESIAN_POINT ( 'NONE',  ( -2.300000000000053600, 4.199999999999986000, 3.349999999999889500 ) ) ;
#695 = ADVANCED_FACE ( 'NONE', ( #2166 ), #3307, .F. ) ;
#696 = DIRECTION ( 'NONE',  ( 1.000000000000000000, 0.0000000000000000000, 1.052246740033299200E-014 ) ) ;
#697 = ORIENTED_EDGE ( 'NONE', *, *, #3028, .T. ) ;
#698 = VERTEX_POINT ( 'NONE', #3360 ) ;
#699 = DIRECTION ( 'NONE',  ( -1.000000000000000000, 6.610922746731392500E-017, -1.052246740033299200E-014 ) ) ;
#700 = EDGE_CURVE ( 'NONE', #2596, #796, #1110, .T. ) ;
#701 = VECTOR ( 'NONE', #1127, 1000.000000000000000 ) ;
#702 = VERTEX_POINT ( 'NONE', #3604 ) ;
#703 = EDGE_CURVE ( 'NONE', #1308, #1594, #712, .T. ) ;
#704 = DIRECTION ( 'NONE',  ( -0.3236155771181726300, 0.3236155771181826700, -0.8891264907159934800 ) ) ;
#705 = ORIENTED_EDGE ( 'NONE', *, *, #2643, .F. ) ;
#706 = ORIENTED_EDGE ( 'NONE', *, *, #2950, .T. ) ;
#707 = PLANE ( 'NONE',  #982 ) ;
#708 = FACE_OUTER_BOUND ( 'NONE', #97, .T. ) ;
#709 = VECTOR ( 'NONE', #175, 1000.000000000000000 ) ;
#710 = CARTESIAN_POINT ( 'NONE',  ( 2.750000000000036000, 2.849999999999979200, 1.599999999999878000 ) ) ;
#711 = CARTESIAN_POINT ( 'NONE',  ( 2.949999999999902500, -3.122502256758252800E-014, 7.599999999999930400 ) ) ;
#712 = LINE ( 'NONE', #2139, #754 ) ;
#713 = VECTOR ( 'NONE', #146, 1000.000000000000000 ) ;
#714 = CARTESIAN_POINT ( 'NONE',  ( 4.299999999999923400, 4.199999999999970900, 5.599999999999938400 ) ) ;
#715 = ADVANCED_FACE ( 'NONE', ( #2769, #3721, #436, #2308 ), #1274, .F. ) ;
#716 = ORIENTED_EDGE ( 'NONE', *, *, #390, .F. ) ;
#717 = DIRECTION ( 'NONE',  ( -1.000000000000000000, -6.610922746731392500E-017, 1.052246740033299200E-014 ) ) ;
#718 = ORIENTED_EDGE ( 'NONE', *, *, #2391, .F. ) ;
#719 = ORIENTED_EDGE ( 'NONE', *, *, #654, .F. ) ;
#720 = ORIENTED_EDGE ( 'NONE', *, *, #1996, .T. ) ;
#721 = DIRECTION ( 'NONE',  ( -1.580781245499140500E-015, 0.9876883405951377700, 0.1564344650402306700 ) ) ;
#722 = AXIS2_PLACEMENT_3D ( 'NONE', #1912, #2222, #2553 ) ;
#723 = DIRECTION ( 'NONE',  ( -6.610922746727709500E-017, -1.000000000000000000, -3.499817452019463200E-015 ) ) ;
#724 = EDGE_LOOP ( 'NONE', ( #217, #3779, #2235, #1924 ) ) ;
#725 = CARTESIAN_POINT ( 'NONE',  ( -2.950000000000092100, 2.549999999999976700, 6.099999999999878000 ) ) ;
#726 = CARTESIAN_POINT ( 'NONE',  ( 2.750000000000038200, -1.182440736281054900, 1.764316157768487800 ) ) ;
#727 = ORIENTED_EDGE ( 'NONE', *, *, #3507, .F. ) ;
#728 = EDGE_CURVE ( 'NONE', #649, #796, #1334, .T. ) ;
#729 = FACE_OUTER_BOUND ( 'NONE', #1662, .T. ) ;
#730 = EDGE_CURVE ( 'NONE', #1237, #3529, #1202, .T. ) ;
#731 = CARTESIAN_POINT ( 'NONE',  ( 3.949999999999965500, 3.699999999999991700, 1.599999999999933700 ) ) ;
#732 = VERTEX_POINT ( 'NONE', #3325 ) ;
#733 = CARTESIAN_POINT ( 'NONE',  ( 0.7500000000000000000, 3.349999999999979200, 6.649999999999900900 ) ) ;
#734 = VECTOR ( 'NONE', #2117, 1000.000000000000000 ) ;
#735 = ORIENTED_EDGE ( 'NONE', *, *, #3565, .F. ) ;
#736 = DIRECTION ( 'NONE',  ( 6.610922746731392500E-017, 1.000000000000000000, 6.956321908860092100E-031 ) ) ;
#737 = LINE ( 'NONE', #3175, #47 ) ;
#738 = DIRECTION ( 'NONE',  ( -0.7071067811865368000, 2.521490936279139200E-015, -0.7071067811865582300 ) ) ;
#739 = CARTESIAN_POINT ( 'NONE',  ( 2.750000000000089300, 2.959191070279839900, 6.649999999999882200 ) ) ;
#740 = AXIS2_PLACEMENT_3D ( 'NONE', #2592, #1446, #1460 ) ;
#741 = ORIENTED_EDGE ( 'NONE', *, *, #2829, .F. ) ;
#742 =( NAMED_UNIT ( * ) PLANE_ANGLE_UNIT ( ) SI_UNIT ( $, .RADIAN. ) );
#743 = ORIENTED_EDGE ( 'NONE', *, *, #3248, .F. ) ;
#744 = ORIENTED_EDGE ( 'NONE', *, *, #2637, .T. ) ;
#745 = EDGE_CURVE ( 'NONE', #3524, #1588, #3128, .T. ) ;
#746 = EDGE_LOOP ( 'NONE', ( #2461, #964, #3605, #184 ) ) ;
#747 = APPLICATION_PROTOCOL_DEFINITION ( 'draft international standard', 'automotive_design', 1998, #2512 ) ;
#748 = FACE_OUTER_BOUND ( 'NONE', #2883, .T. ) ;
#749 = LINE ( 'NONE', #714, #3358 ) ;
#750 = ORIENTED_EDGE ( 'NONE', *, *, #2238, .T. ) ;
#751 = EDGE_CURVE ( 'NONE', #3691, #559, #2678, .T. ) ;
#752 = CARTESIAN_POINT ( 'NONE',  ( -0.7500000000000336400, 4.799999999999990900, 1.599999999999907300 ) ) ;
#753 = DIRECTION ( 'NONE',  ( 1.000000000000000000, 6.610922746731392500E-017, -1.052246740033299200E-014 ) ) ;
#754 = VECTOR ( 'NONE', #2463, 1000.000000000000000 ) ;
#755 = VECTOR ( 'NONE', #3278, 1000.000000000000100 ) ;
#756 = VECTOR ( 'NONE', #2473, 1000.000000000000000 ) ;
#757 = PRESENTATION_LAYER_ASSIGNMENT (  '', '', ( #317 ) ) ;
#758 = CARTESIAN_POINT ( 'NONE',  ( -2.400000000000098900, 4.799999999999970500, 7.599999999999891300 ) ) ;
#759 = VERTEX_POINT ( 'NONE', #2761 ) ;
#760 = CARTESIAN_POINT ( 'NONE',  ( -1.250000000000032600, -3.060431948607190900, 1.370709752781983600 ) ) ;
#761 = ORIENTED_EDGE ( 'NONE', *, *, #414, .F. ) ;
#762 = VERTEX_POINT ( 'NONE', #2151 ) ;
#763 = EDGE_LOOP ( 'NONE', ( #854, #2650, #2882, #129 ) ) ;
#764 = DIRECTION ( 'NONE',  ( -1.051998147560192300E-014, 3.263341192431616900E-015, -1.000000000000000000 ) ) ;
#765 = ORIENTED_EDGE ( 'NONE', *, *, #678, .T. ) ;
#766 = ORIENTED_EDGE ( 'NONE', *, *, #3349, .F. ) ;
#767 = CARTESIAN_POINT ( 'NONE',  ( 2.949999999999902900, 0.5999999999999694500, 7.599999999999933000 ) ) ;
#768 = EDGE_CURVE ( 'NONE', #1040, #207, #1619, .T. ) ;
#769 = DIRECTION ( 'NONE',  ( 1.052246740033299200E-014, -0.0000000000000000000, -1.000000000000000000 ) ) ;
#770 = ORIENTED_EDGE ( 'NONE', *, *, #601, .F. ) ;
#771 = CIRCLE ( 'NONE', #1034, 0.6999999999999998400 ) ;
#772 =( NAMED_UNIT ( * ) PLANE_ANGLE_UNIT ( ) SI_UNIT ( $, .RADIAN. ) );
#773 = EDGE_CURVE ( 'NONE', #3090, #487, #842, .T. ) ;
#774 = VERTEX_POINT ( 'NONE', #141 ) ;
#775 = LINE ( 'NONE', #229, #1357 ) ;
#776 = DIRECTION ( 'NONE',  ( -1.052246740033299200E-014, 0.0000000000000000000, 1.000000000000000000 ) ) ;
#777 = CARTESIAN_POINT ( 'NONE',  ( -1.140808929720168700, -3.321782767479887000, 1.103077914851102500 ) ) ;
#778 = EDGE_LOOP ( 'NONE', ( #3578, #1958, #2033, #3679 ) ) ;
#779 =( NAMED_UNIT ( * ) PLANE_ANGLE_UNIT ( ) SI_UNIT ( $, .RADIAN. ) );
#780 = EDGE_CURVE ( 'NONE', #487, #2524, #3361, .T. ) ;
#781 = LINE ( 'NONE', #1150, #3568 ) ;
#782 =( LENGTH_UNIT ( ) NAMED_UNIT ( * ) SI_UNIT ( .MILLI., .METRE. ) );
#783 = VERTEX_POINT ( 'NONE', #3642 ) ;
#784 =( NAMED_UNIT ( * ) SI_UNIT ( $, .STERADIAN. ) SOLID_ANGLE_UNIT ( ) );
#785 =( GEOMETRIC_REPRESENTATION_CONTEXT ( 3 ) GLOBAL_UNCERTAINTY_ASSIGNED_CONTEXT ( ( #1337 ) ) GLOBAL_UNIT_ASSIGNED_CONTEXT ( ( #2192, #103, #3631 ) ) REPRESENTATION_CONTEXT ( 'NONE', 'WORKASPACE' ) );
#786 = EDGE_LOOP ( 'NONE', ( #2084, #3161, #2817, #1157 ) ) ;
#787 = DIRECTION ( 'NONE',  ( 0.0000000000000000000, -0.0000000000000000000, 1.000000000000000000 ) ) ;
#788 = DIRECTION ( 'NONE',  ( -6.610922746727709500E-017, -1.000000000000000000, -3.499817452019463200E-015 ) ) ;
#789 = ORIENTED_EDGE ( 'NONE', *, *, #999, .T. ) ;
#790 = SURFACE_STYLE_USAGE ( .BOTH. , #2560 ) ;
#791 = PRESENTATION_STYLE_ASSIGNMENT (( #790 ) ) ;
#792 = VERTEX_POINT ( 'NONE', #2740 ) ;
#793 = FACE_OUTER_BOUND ( 'NONE', #193, .T. ) ;
#794 = CARTESIAN_POINT ( 'NONE',  ( -1.250000000000054800, 3.349999999999990300, 3.349999999999898400 ) ) ;
#795 = VERTEX_POINT ( 'NONE', #435 ) ;
#796 = VERTEX_POINT ( 'NONE', #2774 ) ;
#797 = EDGE_CURVE ( 'NONE', #121, #418, #247, .T. ) ;
#798 = CIRCLE ( 'NONE', #2886, 0.5000000000000002200 ) ;
#799 = VECTOR ( 'NONE', #1183, 1000.000000000000000 ) ;
#800 = VECTOR ( 'NONE', #478, 1000.000000000000000 ) ;
#801 = DIRECTION ( 'NONE',  ( 1.053224967557347300E-014, 0.0000000000000000000, -1.000000000000000000 ) ) ;
#802 = EDGE_CURVE ( 'NONE', #2794, #2732, #2585, .T. ) ;
#803 = CARTESIAN_POINT ( 'NONE',  ( 1.250000000000000000, -3.060891383739940100, 1.099999999999861500 ) ) ;
#804 =( LENGTH_UNIT ( ) NAMED_UNIT ( * ) SI_UNIT ( .MILLI., .METRE. ) );
#805 = CARTESIAN_POINT ( 'NONE',  ( -0.7500000000000299800, -3.321782767479887000, 1.103077914851106500 ) ) ;
#806 = ORIENTED_EDGE ( 'NONE', *, *, #3004, .F. ) ;
#807 = ORIENTED_EDGE ( 'NONE', *, *, #824, .T. ) ;
#808 = DIRECTION ( 'NONE',  ( -1.000000000000000000, 6.610922746731392500E-017, -1.052246740033299200E-014 ) ) ;
#809 = DIRECTION ( 'NONE',  ( 1.051998147560192100E-014, -2.146934995020800100E-015, 1.000000000000000000 ) ) ;
#810 = CARTESIAN_POINT ( 'NONE',  ( 1.250000000000000000, 3.349999999999979200, 6.649999999999900900 ) ) ;
#811 = VERTEX_POINT ( 'NONE', #968 ) ;
#812 = CLOSED_SHELL ( 'NONE', ( #965, #2432, #3257, #3280, #337, #3546, #361, #3495, #2091, #1263, #3532, #978, #1464, #1824, #66, #2692, #1829 ) ) ;
#813 = ORIENTED_EDGE ( 'NONE', *, *, #865, .F. ) ;
#814 = VERTEX_POINT ( 'NONE', #1288 ) ;
#815 = AXIS2_PLACEMENT_3D ( 'NONE', #2401, #1184, #2977 ) ;
#816 = DIRECTION ( 'NONE',  ( -6.610922746729133200E-017, 1.000000000000000000, 2.146934995020800900E-015 ) ) ;
#817 = EDGE_LOOP ( 'NONE', ( #1492, #167, #1546, #705 ) ) ;
#818 = CARTESIAN_POINT ( 'NONE',  ( 2.750000000000032400, -3.382918753333602300, 1.210924661863623800 ) ) ;
#819 = EDGE_CURVE ( 'NONE', #593, #2366, #1710, .T. ) ;
#820 = CARTESIAN_POINT ( 'NONE',  ( -1.250000000000035500, -3.103693497821455400, 1.643852424660740400 ) ) ;
#821 = CARTESIAN_POINT ( 'NONE',  ( 1.250000000000000000, 2.849999999999979200, 6.349999999999897500 ) ) ;
#822 = LINE ( 'NONE', #1242, #684 ) ;
#823 = LINE ( 'NONE', #1845, #3376 ) ;
#824 = EDGE_CURVE ( 'NONE', #796, #3142, #3444, .T. ) ;
#825 = FACE_OUTER_BOUND ( 'NONE', #511, .T. ) ;
#826 = CARTESIAN_POINT ( 'NONE',  ( -1.250000000000034600, 3.349999999999979200, 1.599999999999897300 ) ) ;
#827 = CARTESIAN_POINT ( 'NONE',  ( -0.3000000000000961900, 4.199999999999970900, 7.499999999999889900 ) ) ;
#828 = AXIS2_PLACEMENT_3D ( 'NONE', #1469, #896, #563 ) ;
#829 = CARTESIAN_POINT ( 'NONE',  ( -2.950000000000091700, 3.349999999999973000, 7.599999999999880600 ) ) ;
#830 = AXIS2_PLACEMENT_3D ( 'NONE', #1371, #1939, #2232 ) ;
#831 = ORIENTED_EDGE ( 'NONE', *, *, #2261, .F. ) ;
#832 = DIRECTION ( 'NONE',  ( 3.882559027217604700E-029, -1.000000000000000000, -3.689780048256303200E-015 ) ) ;
#833 = ORIENTED_EDGE ( 'NONE', *, *, #3145, .T. ) ;
#834 = FACE_OUTER_BOUND ( 'NONE', #947, .T. ) ;
#835 = CARTESIAN_POINT ( 'NONE',  ( -1.950000000000017700, 2.776239569296600400, -1.125401855039953600E-013 ) ) ;
#836 = VECTOR ( 'NONE', #3776, 1000.000000000000000 ) ;
#837 = CARTESIAN_POINT ( 'NONE',  ( -1.250000000000035500, -0.4887401227135119700, 1.655947307038443000 ) ) ;
#838 = FACE_OUTER_BOUND ( 'NONE', #2243, .T. ) ;
#839 = ORIENTED_EDGE ( 'NONE', *, *, #2238, .F. ) ;
#840 = DIRECTION ( 'NONE',  ( -0.0000000000000000000, 1.000000000000000000, 6.776263578034401700E-016 ) ) ;
#841 = CARTESIAN_POINT ( 'NONE',  ( -0.7500000000000889300, 2.849999999999979200, 6.649999999999903500 ) ) ;
#842 = CIRCLE ( 'NONE', #3710, 0.9999999999999995600 ) ;
#843 = LINE ( 'NONE', #555, #1943 ) ;
#844 = DIRECTION ( 'NONE',  ( -1.084202172485504000E-014, 0.0000000000000000000, 1.000000000000000000 ) ) ;
#845 = EDGE_CURVE ( 'NONE', #121, #1751, #568, .T. ) ;
#846 = LINE ( 'NONE', #2948, #939 ) ;
#847 = DIRECTION ( 'NONE',  ( 1.062518129035794800E-014, 0.0000000000000000000, -1.000000000000000000 ) ) ;
#848 = ORIENTED_EDGE ( 'NONE', *, *, #2449, .T. ) ;
#849 = EDGE_CURVE ( 'NONE', #1633, #1312, #1246, .T. ) ;
#850 = DIRECTION ( 'NONE',  ( -1.052246740033299200E-014, -3.689780048256303200E-015, 1.000000000000000000 ) ) ;
#851 = ORIENTED_EDGE ( 'NONE', *, *, #2449, .F. ) ;
#852 = DIRECTION ( 'NONE',  ( 1.000000000000000000, 6.610922746731392500E-017, -1.052246740033299200E-014 ) ) ;
#853 = ORIENTED_EDGE ( 'NONE', *, *, #961, .T. ) ;
#854 = ORIENTED_EDGE ( 'NONE', *, *, #3169, .F. ) ;
#855 = DIRECTION ( 'NONE',  ( 1.000000000000000000, -6.610922746731423300E-017, 1.052246740033299200E-014 ) ) ;
#856 = AXIS2_PLACEMENT_3D ( 'NONE', #2929, #1174, #2324 ) ;
#857 = VERTEX_POINT ( 'NONE', #1327 ) ;
#858 = DIRECTION ( 'NONE',  ( 1.000000000000000000, -6.610922746727681200E-017, -2.313702280294998300E-031 ) ) ;
#859 = DIRECTION ( 'NONE',  ( 1.052246740033299200E-014, 3.499817452019462400E-015, -1.000000000000000000 ) ) ;
#860 = VECTOR ( 'NONE', #3115, 1000.000000000000000 ) ;
#861 = CARTESIAN_POINT ( 'NONE',  ( 4.949999999999903400, 2.549999999999971400, 7.599999999999948100 ) ) ;
#862 = ORIENTED_EDGE ( 'NONE', *, *, #528, .T. ) ;
#863 = CARTESIAN_POINT ( 'NONE',  ( -2.300000000000098900, 0.6999999999999709800, 7.499999999999878300 ) ) ;
#864 = VECTOR ( 'NONE', #143, 1000.000000000000000 ) ;
#865 = EDGE_CURVE ( 'NONE', #3206, #1050, #1755, .T. ) ;
#866 = CARTESIAN_POINT ( 'NONE',  ( -2.300000000000053600, 4.199999999999986000, 3.349999999999889500 ) ) ;
#867 = VECTOR ( 'NONE', #2967, 1000.000000000000000 ) ;
#868 = DIRECTION ( 'NONE',  ( -0.3236155771181907800, 0.3236155771181827300, 0.8891264907159868200 ) ) ;
#869 = ADVANCED_FACE ( 'NONE', ( #473 ), #1259, .F. ) ;
#870 = EDGE_CURVE ( 'NONE', #1429, #2321, #2724, .T. ) ;
#871 = DIRECTION ( 'NONE',  ( -6.610922746727709500E-017, -1.000000000000000000, -3.499817452019463200E-015 ) ) ;
#872 = LINE ( 'NONE', #3080, #3701 ) ;
#873 = CARTESIAN_POINT ( 'NONE',  ( 4.949999999999903400, 4.799999999999970500, 7.599999999999948100 ) ) ;
#874 = ORIENTED_EDGE ( 'NONE', *, *, #2060, .F. ) ;
#875 = DIRECTION ( 'NONE',  ( -1.558644840863088700E-015, 0.9876883405951376600, 0.1564344650402308100 ) ) ;
#876 = ORIENTED_EDGE ( 'NONE', *, *, #33, .T. ) ;
#877 = AXIS2_PLACEMENT_3D ( 'NONE', #2298, #3738, #216 ) ;
#878 = ORIENTED_EDGE ( 'NONE', *, *, #1311, .F. ) ;
#879 = ORIENTED_EDGE ( 'NONE', *, *, #1500, .T. ) ;
#880 = LINE ( 'NONE', #1430, #1705 ) ;
#881 = AXIS2_PLACEMENT_3D ( 'NONE', #3009, #660, #3302 ) ;
#882 = ORIENTED_EDGE ( 'NONE', *, *, #3734, .T. ) ;
#883 = CARTESIAN_POINT ( 'NONE',  ( 2.299999999999947900, 4.199999999999986000, 3.349999999999917500 ) ) ;
#884 = CARTESIAN_POINT ( 'NONE',  ( 3.250000000000032400, -1.260657968801170500, 1.270471987470913600 ) ) ;
#885 = CARTESIAN_POINT ( 'NONE',  ( 4.299999999999948300, 4.199999999999986000, 3.349999999999937900 ) ) ;
#886 = FACE_OUTER_BOUND ( 'NONE', #3414, .T. ) ;
#887 = VECTOR ( 'NONE', #3141, 1000.000000000000000 ) ;
#888 = EDGE_CURVE ( 'NONE', #1944, #792, #198, .T. ) ;
#889 = DIRECTION ( 'NONE',  ( 6.610922746731392500E-017, 1.000000000000000000, 6.956321908860092100E-031 ) ) ;
#890 = VECTOR ( 'NONE', #753, 1000.000000000000000 ) ;
#891 = CYLINDRICAL_SURFACE ( 'NONE', #2280, 0.2000000000000000900 ) ;
#892 = CARTESIAN_POINT ( 'NONE',  ( 0.7500000000000000000, 2.849999999999979200, 1.599999999999896400 ) ) ;
#893 = EDGE_LOOP ( 'NONE', ( #1100, #480, #2591, #3315 ) ) ;
#894 = VERTEX_POINT ( 'NONE', #404 ) ;
#895 = EDGE_CURVE ( 'NONE', #2441, #427, #2535, .T. ) ;
#896 = DIRECTION ( 'NONE',  ( 1.052246740033299200E-014, 0.0000000000000000000, -1.000000000000000000 ) ) ;
#897 = VERTEX_POINT ( 'NONE', #3031 ) ;
#898 = CARTESIAN_POINT ( 'NONE',  ( 3.133333333333239200, 1.866666666666619000, 6.333333333333270900 ) ) ;
#899 = ORIENTED_EDGE ( 'NONE', *, *, #2782, .F. ) ;
#900 = ORIENTED_EDGE ( 'NONE', *, *, #2637, .F. ) ;
#901 = DIRECTION ( 'NONE',  ( 3.682671504599126900E-029, -1.000000000000000000, -3.499817452019462400E-015 ) ) ;
#902 = DIRECTION ( 'NONE',  ( 1.000000000000000000, -0.0000000000000000000, 1.052246740033299200E-014 ) ) ;
#903 = ORIENTED_EDGE ( 'NONE', *, *, #2064, .T. ) ;
#904 = DIRECTION ( 'NONE',  ( 1.052246740033299200E-014, -0.0000000000000000000, -1.000000000000000000 ) ) ;
#905 = ORIENTED_EDGE ( 'NONE', *, *, #390, .T. ) ;
#906 = AXIS2_PLACEMENT_3D ( 'NONE', #2840, #2574, #3688 ) ;
#907 = CARTESIAN_POINT ( 'NONE',  ( -1.250000000000030000, -3.321782767479887000, 1.103077914851101400 ) ) ;
#908 = LINE ( 'NONE', #628, #1597 ) ;
#909 = ADVANCED_FACE ( 'NONE', ( #1935 ), #707, .F. ) ;
#910 = DIRECTION ( 'NONE',  ( -1.000000000000000000, 0.0000000000000000000, 1.052246740033299200E-014 ) ) ;
#911 = DIRECTION ( 'NONE',  ( -1.000000000000000000, 0.0000000000000000000, -1.052246740033299200E-014 ) ) ;
#912 = CARTESIAN_POINT ( 'NONE',  ( -2.300000000000053600, 4.199999999999986000, 3.349999999999889500 ) ) ;
#913 = AXIS2_PLACEMENT_3D ( 'NONE', #760, #1665, #1613 ) ;
#914 = CARTESIAN_POINT ( 'NONE',  ( -0.7500000000000357500, 2.849999999999990300, 1.599999999999901700 ) ) ;
#915 = LINE ( 'NONE', #3342, #3466 ) ;
#916 = ORIENTED_EDGE ( 'NONE', *, *, #3227, .F. ) ;
#917 = VECTOR ( 'NONE', #3373, 1000.000000000000000 ) ;
#918 = EDGE_CURVE ( 'NONE', #2978, #2008, #291, .T. ) ;
#919 = DIRECTION ( 'NONE',  ( 6.610922746727709500E-017, 1.000000000000000000, 3.499817452019463200E-015 ) ) ;
#920 = ADVANCED_FACE ( 'NONE', ( #387 ), #3329, .F. ) ;
#921 = DIRECTION ( 'NONE',  ( -0.3236155771181921100, 0.3236155771181836200, -0.8891264907159859300 ) ) ;
#922 = EDGE_CURVE ( 'NONE', #376, #2131, #3448, .T. ) ;
#923 = DIRECTION ( 'NONE',  ( -1.052246740033299200E-014, 0.0000000000000000000, 1.000000000000000000 ) ) ;
#924 = DIRECTION ( 'NONE',  ( -1.000000000000000000, 0.0000000000000000000, -1.052246740033299200E-014 ) ) ;
#925 = DIRECTION ( 'NONE',  ( -1.000000000000000000, -6.610922746731392500E-017, 1.052246740033299200E-014 ) ) ;
#926 = ORIENTED_EDGE ( 'NONE', *, *, #3145, .F. ) ;
#927 = ORIENTED_EDGE ( 'NONE', *, *, #2892, .T. ) ;
#928 = CARTESIAN_POINT ( 'NONE',  ( 1.250000000000000000, 2.849999999999979200, 6.349999999999897500 ) ) ;
#929 = CLOSED_SHELL ( 'NONE', ( #920, #2078, #676, #96, #3587, #2706, #1249, #526, #626, #1805, #909, #1731, #3295, #2987, #715, #1545, #2277, #3474, #2717, #3249, #1001, #3268, #948, #957, #116, #2440, #2038, #651, #3337, #1752, #685, #85, #2388, #3606, #1884, #3305, #1220, #3555, #605, #940, #2411, #1187, #2680, #1773, #76, #1841, #1536, #1229, #1791, #1814, #1283, #3575, #299, #3209, #2730, #3287, #408 ) ) ;
#930 = ADVANCED_FACE ( 'NONE', ( #69 ), #2479, .F. ) ;
#931 = CARTESIAN_POINT ( 'NONE',  ( 3.299999999999965200, 4.199999999999992200, 1.599999999999930100 ) ) ;
#932 = FACE_OUTER_BOUND ( 'NONE', #1217, .T. ) ;
#933 = LINE ( 'NONE', #1567, #2890 ) ;
#934 = ORIENTED_EDGE ( 'NONE', *, *, #3788, .T. ) ;
#935 = FACE_OUTER_BOUND ( 'NONE', #303, .T. ) ;
#936 = VECTOR ( 'NONE', #1023, 1000.000000000000000 ) ;
#937 = AXIS2_PLACEMENT_3D ( 'NONE', #2888, #850, #2877 ) ;
#938 = CARTESIAN_POINT ( 'NONE',  ( 4.949999999999965500, 3.699999999999990400, 1.599999999999942400 ) ) ;
#939 = VECTOR ( 'NONE', #38, 1000.000000000000000 ) ;
#940 = ADVANCED_FACE ( 'NONE', ( #2344 ), #2012, .F. ) ;
#941 = EDGE_CURVE ( 'NONE', #2904, #3030, #872, .T. ) ;
#942 = DIRECTION ( 'NONE',  ( 1.000000000000000000, 6.610922746731392500E-017, -1.052246740033299200E-014 ) ) ;
#943 = ORIENTED_EDGE ( 'NONE', *, *, #1881, .F. ) ;
#944 = ORIENTED_EDGE ( 'NONE', *, *, #211, .T. ) ;
#945 = ORIENTED_EDGE ( 'NONE', *, *, #3410, .T. ) ;
#946 = EDGE_CURVE ( 'NONE', #145, #2979, #3521, .T. ) ;
#947 = EDGE_LOOP ( 'NONE', ( #2862, #1702, #3367, #1444, #3096, #2504 ) ) ;
#948 = ADVANCED_FACE ( 'NONE', ( #2484 ), #2787, .F. ) ;
#949 = PLANE ( 'NONE',  #1276 ) ;
#950 = VERTEX_POINT ( 'NONE', #731 ) ;
#951 = MANIFOLD_SOLID_BREP ( 'Chamfer1', #2402 ) ;
#952 = AXIS2_PLACEMENT_3D ( 'NONE', #1006, #1566, #2146 ) ;
#953 = CARTESIAN_POINT ( 'NONE',  ( 2.750000000000036000, 3.349999999999989900, 1.599999999999902400 ) ) ;
#954 = VECTOR ( 'NONE', #3431, 1000.000000000000000 ) ;
#955 = LINE ( 'NONE', #725, #1690 ) ;
#956 = AXIS2_PLACEMENT_3D ( 'NONE', #20, #518, #3392 ) ;
#957 = ADVANCED_FACE ( 'NONE', ( #3023 ), #3070, .F. ) ;
#958 = PLANE ( 'NONE',  #619 ) ;
#959 = VECTOR ( 'NONE', #2661, 1000.000000000000000 ) ;
#960 = DIRECTION ( 'NONE',  ( -0.9396926207859132000, 6.212235321689207200E-017, 0.3420201433256558300 ) ) ;
#961 = EDGE_CURVE ( 'NONE', #3785, #2973, #2240, .T. ) ;
#962 = DIRECTION ( 'NONE',  ( 1.000000000000000000, 0.0000000000000000000, 0.0000000000000000000 ) ) ;
#963 = LINE ( 'NONE', #3750, #1014 ) ;
#964 = ORIENTED_EDGE ( 'NONE', *, *, #1130, .T. ) ;
#965 = ADVANCED_FACE ( 'NONE', ( #2521 ), #2839, .F. ) ;
#966 = EDGE_CURVE ( 'NONE', #3238, #1817, #3251, .T. ) ;
#967 = ORIENTED_EDGE ( 'NONE', *, *, #3079, .T. ) ;
#968 = CARTESIAN_POINT ( 'NONE',  ( -1.250000000000033300, -1.260657968801170800, 1.429528012528853000 ) ) ;
#969 = ORIENTED_EDGE ( 'NONE', *, *, #2834, .T. ) ;
#970 = VECTOR ( 'NONE', #1696, 1000.000000000000100 ) ;
#971 = AXIS2_PLACEMENT_3D ( 'NONE', #3499, #3525, #2934 ) ;
#972 = DIRECTION ( 'NONE',  ( 0.0000000000000000000, 2.146934995020800900E-015, -1.000000000000000000 ) ) ;
#973 = EDGE_LOOP ( 'NONE', ( #3211, #789, #2695, #2741 ) ) ;
#974 = CARTESIAN_POINT ( 'NONE',  ( 2.750000000000089300, 3.349999999999979200, 6.649999999999882200 ) ) ;
#975 = VECTOR ( 'NONE', #871, 1000.000000000000000 ) ;
#976 = ORIENTED_EDGE ( 'NONE', *, *, #2498, .T. ) ;
#977 = CARTESIAN_POINT ( 'NONE',  ( 4.299999999999903900, 2.549999999999971400, 7.499999999999933400 ) ) ;
#978 = ADVANCED_FACE ( 'NONE', ( #1465 ), #1916, .F. ) ;
#979 = FACE_OUTER_BOUND ( 'NONE', #2616, .T. ) ;
#980 = VECTOR ( 'NONE', #1759, 1000.000000000000100 ) ;
#981 = LINE ( 'NONE', #1635, #3628 ) ;
#982 = AXIS2_PLACEMENT_3D ( 'NONE', #2450, #2169, #1608 ) ;
#983 = CARTESIAN_POINT ( 'NONE',  ( 3.250000000000085700, 2.849999999999979200, 6.349999999999874400 ) ) ;
#984 = ORIENTED_EDGE ( 'NONE', *, *, #3243, .T. ) ;
#985 = LINE ( 'NONE', #2652, #349 ) ;
#986 = VECTOR ( 'NONE', #3626, 1000.000000000000000 ) ;
#987 = EDGE_LOOP ( 'NONE', ( #462, #3297, #210, #1837, #2527, #1952, #2044, #280, #196, #2766, #1611 ) ) ;
#988 = DIRECTION ( 'NONE',  ( 1.000000000000000000, -6.610922746731355500E-017, 1.052246740033299200E-014 ) ) ;
#989 = ORIENTED_EDGE ( 'NONE', *, *, #1311, .T. ) ;
#990 = DIRECTION ( 'NONE',  ( -1.000000000000000000, 6.610922746731392500E-017, -1.052246740033299200E-014 ) ) ;
#991 = DIRECTION ( 'NONE',  ( 0.3236155771181817900, 0.8891264907159904800, 0.3236155771181817900 ) ) ;
#992 = ORIENTED_EDGE ( 'NONE', *, *, #1352, .T. ) ;
#993 = CARTESIAN_POINT ( 'NONE',  ( -2.950000000000077400, -1.647987302177966700E-014, 7.599999999999868200 ) ) ;
#994 = VERTEX_POINT ( 'NONE', #3674 ) ;
#995 = EDGE_CURVE ( 'NONE', #2855, #407, #3618, .T. ) ;
#996 = ORIENTED_EDGE ( 'NONE', *, *, #1397, .T. ) ;
#997 = ORIENTED_EDGE ( 'NONE', *, *, #2892, .F. ) ;
#998 = DIRECTION ( 'NONE',  ( 0.0000000000000000000, 0.0000000000000000000, -1.000000000000000000 ) ) ;
#999 = EDGE_CURVE ( 'NONE', #2986, #2131, #1885, .T. ) ;
#1000 = ORIENTED_EDGE ( 'NONE', *, *, #1748, .T. ) ;
#1001 = ADVANCED_FACE ( 'NONE', ( #3345 ), #1344, .F. ) ;
#1002 = VERTEX_POINT ( 'NONE', #3113 ) ;
#1003 = DIRECTION ( 'NONE',  ( 1.000000000000000000, -6.610922746731317300E-017, 1.052246740033299200E-014 ) ) ;
#1004 = DIRECTION ( 'NONE',  ( -6.610922746727838900E-017, -1.000000000000000000, -3.377356816637225500E-015 ) ) ;
#1005 = EDGE_LOOP ( 'NONE', ( #2420, #492, #3684, #3299 ) ) ;
#1006 = CARTESIAN_POINT ( 'NONE',  ( -1.250000000000028000, -1.182440736281055200, 0.9356838422312840900 ) ) ;
#1007 = LINE ( 'NONE', #866, #1689 ) ;
#1008 = CARTESIAN_POINT ( 'NONE',  ( -1.250000000000034600, 2.849999999999979200, 1.599999999999893700 ) ) ;
#1009 = LINE ( 'NONE', #283, #3106 ) ;
#1010 = CARTESIAN_POINT ( 'NONE',  ( 2.750000000000036400, -0.3500000000000025900, 1.599999999999877700 ) ) ;
#1011 = ORIENTED_EDGE ( 'NONE', *, *, #3590, .T. ) ;
#1012 = DIRECTION ( 'NONE',  ( -1.000000000000000000, -6.610922746731392500E-017, 1.052246740033299200E-014 ) ) ;
#1013 = AXIS2_PLACEMENT_3D ( 'NONE', #367, #925, #329 ) ;
#1014 = VECTOR ( 'NONE', #3739, 1000.000000000000000 ) ;
#1015 = SURFACE_STYLE_USAGE ( .BOTH. , #1561 ) ;
#1016 = CARTESIAN_POINT ( 'NONE',  ( -0.3000000000000961900, 4.199999999999970900, 7.499999999999889900 ) ) ;
#1017 = ORIENTED_EDGE ( 'NONE', *, *, #3698, .F. ) ;
#1018 = CARTESIAN_POINT ( 'NONE',  ( 3.140808929720228200, 2.959191070279839900, 6.649999999999877800 ) ) ;
#1019 = EDGE_CURVE ( 'NONE', #376, #3493, #1738, .T. ) ;
#1020 = CARTESIAN_POINT ( 'NONE',  ( -0.3000000000000536700, 4.199999999999986000, 3.349999999999889500 ) ) ;
#1021 = ORIENTED_EDGE ( 'NONE', *, *, #966, .T. ) ;
#1022 = EDGE_CURVE ( 'NONE', #1970, #1233, #1367, .T. ) ;
#1023 = DIRECTION ( 'NONE',  ( 6.610922746731392500E-017, 1.000000000000000000, 6.956321908860092100E-031 ) ) ;
#1024 = EDGE_LOOP ( 'NONE', ( #2949, #441, #1591, #2490 ) ) ;
#1025 = LINE ( 'NONE', #2599, #191 ) ;
#1026 = VECTOR ( 'NONE', #314, 1000.000000000000100 ) ;
#1027 = LINE ( 'NONE', #1097, #1244 ) ;
#1028 = AXIS2_PLACEMENT_3D ( 'NONE', #2477, #3043, #998 ) ;
#1029 = CARTESIAN_POINT ( 'NONE',  ( -0.7500000000000332000, -1.260657968801170800, 1.429528012528858100 ) ) ;
#1030 = VECTOR ( 'NONE', #3015, 1000.000000000000100 ) ;
#1031 = FACE_OUTER_BOUND ( 'NONE', #1122, .T. ) ;
#1032 = VECTOR ( 'NONE', #2771, 1000.000000000000000 ) ;
#1033 = VECTOR ( 'NONE', #1683, 1000.000000000000000 ) ;
#1034 = AXIS2_PLACEMENT_3D ( 'NONE', #666, #1827, #693 ) ;
#1035 = CARTESIAN_POINT ( 'NONE',  ( -2.300000000000081500, 2.549999999999971800, 6.099999999999885100 ) ) ;
#1036 = CARTESIAN_POINT ( 'NONE',  ( 2.749999999999946700, 3.349999999999990300, 3.349999999999918800 ) ) ;
#1037 = ORIENTED_EDGE ( 'NONE', *, *, #728, .F. ) ;
#1038 = EDGE_LOOP ( 'NONE', ( #190, #1072, #11, #3117 ) ) ;
#1039 = CARTESIAN_POINT ( 'NONE',  ( -1.250000000000053100, 3.349999999999978800, 3.349999999999899300 ) ) ;
#1040 = VERTEX_POINT ( 'NONE', #467 ) ;
#1041 = ORIENTED_EDGE ( 'NONE', *, *, #498, .T. ) ;
#1042 = EDGE_CURVE ( 'NONE', #1642, #3090, #2842, .T. ) ;
#1043 = DIRECTION ( 'NONE',  ( 1.030562696583589100E-014, 0.0000000000000000000, -1.000000000000000000 ) ) ;
#1044 = CARTESIAN_POINT ( 'NONE',  ( 2.949999999999903400, 4.799999999999970500, 7.599999999999913500 ) ) ;
#1045 = CIRCLE ( 'NONE', #3109, 0.4000000000000001900 ) ;
#1046 = EDGE_CURVE ( 'NONE', #1308, #2296, #3425, .T. ) ;
#1047 = DIRECTION ( 'NONE',  ( -1.000000000000000000, 0.0000000000000000000, -1.052246740033299200E-014 ) ) ;
#1048 = DIRECTION ( 'NONE',  ( 0.3236155771181817900, -0.3236155771181817900, 0.8891264907159904800 ) ) ;
#1049 = LINE ( 'NONE', #1539, #2659 ) ;
#1050 = VERTEX_POINT ( 'NONE', #173 ) ;
#1051 = LINE ( 'NONE', #57, #226 ) ;
#1052 = VECTOR ( 'NONE', #2003, 1000.000000000000200 ) ;
#1053 = ORIENTED_EDGE ( 'NONE', *, *, #3380, .F. ) ;
#1054 = ORIENTED_EDGE ( 'NONE', *, *, #2183, .F. ) ;
#1055 = CARTESIAN_POINT ( 'NONE',  ( 2.750000000000089300, 2.849999999999979200, 6.649999999999903500 ) ) ;
#1056 = VERTEX_POINT ( 'NONE', #2810 ) ;
#1057 = EDGE_CURVE ( 'NONE', #1295, #3409, #1284, .T. ) ;
#1058 = VECTOR ( 'NONE', #2734, 1000.000000000000000 ) ;
#1059 = VECTOR ( 'NONE', #1579, 1000.000000000000000 ) ;
#1060 = EDGE_LOOP ( 'NONE', ( #1400, #3272, #916, #308 ) ) ;
#1061 = EDGE_CURVE ( 'NONE', #2710, #1447, #3204, .T. ) ;
#1062 = CARTESIAN_POINT ( 'NONE',  ( -2.300000000000058900, 0.6999999999999879700, 2.749999999999880100 ) ) ;
#1063 = VECTOR ( 'NONE', #1277, 1000.000000000000000 ) ;
#1064 = CYLINDRICAL_SURFACE ( 'NONE', #881, 0.5000000000000002200 ) ;
#1065 = LINE ( 'NONE', #733, #3441 ) ;
#1066 = CARTESIAN_POINT ( 'NONE',  ( 3.250000000000054200, 3.349999999999984500, 3.349999999999922400 ) ) ;
#1067 = CARTESIAN_POINT ( 'NONE',  ( 1.250000000000000000, -3.060891383739940100, 1.099999999999893700 ) ) ;
#1068 = VERTEX_POINT ( 'NONE', #1066 ) ;
#1069 = FACE_OUTER_BOUND ( 'NONE', #3798, .T. ) ;
#1070 = VECTOR ( 'NONE', #2185, 1000.000000000000200 ) ;
#1071 = DIRECTION ( 'NONE',  ( -0.0000000000000000000, 1.000000000000000000, 0.0000000000000000000 ) ) ;
#1072 = ORIENTED_EDGE ( 'NONE', *, *, #1680, .F. ) ;
#1073 = ORIENTED_EDGE ( 'NONE', *, *, #2040, .F. ) ;
#1074 = ORIENTED_EDGE ( 'NONE', *, *, #1325, .T. ) ;
#1075 = AXIS2_PLACEMENT_3D ( 'NONE', #1487, #2962, #2972 ) ;
#1076 = CARTESIAN_POINT ( 'NONE',  ( -1.250000000000084800, -0.3500000000000027000, 6.349999999999895700 ) ) ;
#1077 = CARTESIAN_POINT ( 'NONE',  ( -1.250000000000087900, 2.849999999999979200, 6.649999999999898200 ) ) ;
#1078 = ORIENTED_EDGE ( 'NONE', *, *, #2043, .T. ) ;
#1079 = ORIENTED_EDGE ( 'NONE', *, *, #3189, .F. ) ;
#1080 = CARTESIAN_POINT ( 'NONE',  ( 4.949999999999966400, 3.699999999999990400, 1.599999999999942400 ) ) ;
#1081 = CARTESIAN_POINT ( 'NONE',  ( 4.299999999999903900, 4.199999999999970900, 7.499999999999937800 ) ) ;
#1082 = ORIENTED_EDGE ( 'NONE', *, *, #2292, .F. ) ;
#1083 = DIRECTION ( 'NONE',  ( -6.610922746727523400E-017, -1.000000000000000000, -3.605609905581542600E-015 ) ) ;
#1084 = EDGE_CURVE ( 'NONE', #3504, #3372, #2383, .T. ) ;
#1085 = PLANE ( 'NONE',  #2844 ) ;
#1086 = DIRECTION ( 'NONE',  ( -0.3236155771181821700, 0.9288044978796218300, 0.1805413054263466900 ) ) ;
#1087 = ORIENTED_EDGE ( 'NONE', *, *, #2999, .F. ) ;
#1088 = ORIENTED_EDGE ( 'NONE', *, *, #2538, .T. ) ;
#1089 = EDGE_CURVE ( 'NONE', #1751, #792, #3805, .T. ) ;
#1090 = ORIENTED_EDGE ( 'NONE', *, *, #1510, .F. ) ;
#1091 = VECTOR ( 'NONE', #2004, 1000.000000000000000 ) ;
#1092 = CARTESIAN_POINT ( 'NONE',  ( -1.250000000000031100, -3.338864014146287300, 1.210924661863624900 ) ) ;
#1093 = DIRECTION ( 'NONE',  ( 1.000000000000000000, 0.0000000000000000000, 1.052246740033299200E-014 ) ) ;
#1094 = LINE ( 'NONE', #2681, #1730 ) ;
#1095 = DIRECTION ( 'NONE',  ( -0.3236155771181767900, -0.8275552385092866900, -0.4587213592828514000 ) ) ;
#1096 = DIRECTION ( 'NONE',  ( 1.000000000000000000, -6.610922746731392500E-017, 1.052246740033299200E-014 ) ) ;
#1097 = CARTESIAN_POINT ( 'NONE',  ( 1.197636479123233000, 3.297636479123212400, 6.493867591211956600 ) ) ;
#1098 = VECTOR ( 'NONE', #3102, 1000.000000000000200 ) ;
#1099 = AXIS2_PLACEMENT_3D ( 'NONE', #171, #1298, #1286 ) ;
#1100 = ORIENTED_EDGE ( 'NONE', *, *, #3219, .F. ) ;
#1101 = DIRECTION ( 'NONE',  ( -0.5773502691896356100, -0.5773502691896255100, 0.5773502691896160700 ) ) ;
#1102 = CARTESIAN_POINT ( 'NONE',  ( -0.9500000000000965400, 3.349999999999971700, 7.599999999999880600 ) ) ;
#1103 = ORIENTED_EDGE ( 'NONE', *, *, #3662, .T. ) ;
#1104 = CARTESIAN_POINT ( 'NONE',  ( 4.299999999999960700, 4.199999999999992200, 1.599999999999938100 ) ) ;
#1105 = ORIENTED_EDGE ( 'NONE', *, *, #2714, .F. ) ;
#1106 = VECTOR ( 'NONE', #2594, 1000.000000000000000 ) ;
#1107 = EDGE_CURVE ( 'NONE', #427, #3601, #1181, .T. ) ;
#1108 = FACE_BOUND ( 'NONE', #679, .T. ) ;
#1109 = VECTOR ( 'NONE', #2827, 1000.000000000000000 ) ;
#1110 = LINE ( 'NONE', #3616, #617 ) ;
#1111 = LINE ( 'NONE', #803, #347 ) ;
#1112 = EDGE_CURVE ( 'NONE', #2917, #3149, #1232, .T. ) ;
#1113 = CARTESIAN_POINT ( 'NONE',  ( -1.250000000000030400, -3.025476265301339800, 1.150008254363171800 ) ) ;
#1114 = LINE ( 'NONE', #1849, #1940 ) ;
#1115 = CARTESIAN_POINT ( 'NONE',  ( 4.399999999999904400, 4.299999999999972300, 7.599999999999940100 ) ) ;
#1116 = FACE_OUTER_BOUND ( 'NONE', #79, .T. ) ;
#1117 = ORIENTED_EDGE ( 'NONE', *, *, #2898, .F. ) ;
#1118 = CARTESIAN_POINT ( 'NONE',  ( 2.750000000000036000, -3.025476265301346100, 1.549991745636601200 ) ) ;
#1119 = CARTESIAN_POINT ( 'NONE',  ( -2.300000000000098900, 0.6999999999999706500, 7.599999999999878900 ) ) ;
#1120 = EDGE_LOOP ( 'NONE', ( #833, #851, #3411, #1723 ) ) ;
#1121 = EDGE_LOOP ( 'NONE', ( #1882, #102, #2081, #3586 ) ) ;
#1122 = EDGE_LOOP ( 'NONE', ( #3335, #1994, #3651, #716 ) ) ;
#1123 = DIRECTION ( 'NONE',  ( -1.000000000000000000, 0.0000000000000000000, 0.0000000000000000000 ) ) ;
#1124 = AXIS2_PLACEMENT_3D ( 'NONE', #2307, #3475, #1737 ) ;
#1125 = CARTESIAN_POINT ( 'NONE',  ( -1.300000000000077100, 4.199999999999978000, 5.599999999999901100 ) ) ;
#1126 = ORIENTED_EDGE ( 'NONE', *, *, #430, .T. ) ;
#1127 = DIRECTION ( 'NONE',  ( 1.000000000000000000, -6.610922746731392500E-017, 1.052246740033299200E-014 ) ) ;
#1128 = CARTESIAN_POINT ( 'NONE',  ( 0.7500000000000000000, 3.349999999999979200, 6.649999999999900900 ) ) ;
#1129 = DIRECTION ( 'NONE',  ( 6.610922746731392500E-017, -1.000000000000000000, -6.956321908860092100E-031 ) ) ;
#1130 = EDGE_CURVE ( 'NONE', #897, #423, #1923, .T. ) ;
#1131 = CARTESIAN_POINT ( 'NONE',  ( 3.249999999999945800, 3.349999999999990300, 3.349999999999922400 ) ) ;
#1132 = CARTESIAN_POINT ( 'NONE',  ( 9.683749084919433900, 2.849999999999979200, 3.349999999999898400 ) ) ;
#1133 = CYLINDRICAL_SURFACE ( 'NONE', #956, 0.1999999999999811100 ) ;
#1134 = VECTOR ( 'NONE', #2149, 1000.000000000000000 ) ;
#1135 = EDGE_CURVE ( 'NONE', #3067, #3408, #3476, .T. ) ;
#1136 = CARTESIAN_POINT ( 'NONE',  ( -1.250000000000028000, -1.182440736281055200, 0.9356838422312840900 ) ) ;
#1137 = LINE ( 'NONE', #1985, #2838 ) ;
#1138 = AXIS2_PLACEMENT_3D ( 'NONE', #50, #3258, #1509 ) ;
#1139 = VECTOR ( 'NONE', #2278, 1000.000000000000000 ) ;
#1140 = DIRECTION ( 'NONE',  ( -0.0000000000000000000, 3.491483361109384000E-015, -1.000000000000000000 ) ) ;
#1141 = EDGE_LOOP ( 'NONE', ( #123, #3038, #307, #2266 ) ) ;
#1142 = DIRECTION ( 'NONE',  ( -1.040326012723439900E-014, -0.1564344650402306500, 0.9876883405951376600 ) ) ;
#1143 = ORIENTED_EDGE ( 'NONE', *, *, #1373, .F. ) ;
#1144 = CARTESIAN_POINT ( 'NONE',  ( 2.750000000000030200, -0.4887401227134984300, 1.044052692961315200 ) ) ;
#1145 = ORIENTED_EDGE ( 'NONE', *, *, #3540, .F. ) ;
#1146 = PLANE ( 'NONE',  #3775 ) ;
#1147 = LINE ( 'NONE', #3786, #970 ) ;
#1148 = EDGE_CURVE ( 'NONE', #2551, #3387, #372, .T. ) ;
#1149 = LINE ( 'NONE', #1593, #1059 ) ;
#1150 = CARTESIAN_POINT ( 'NONE',  ( 4.299999999999903000, 4.199999999999970900, 7.599999999999937500 ) ) ;
#1151 = ORIENTED_EDGE ( 'NONE', *, *, #156, .F. ) ;
#1152 = DIRECTION ( 'NONE',  ( 1.000000000000000000, 6.610922746731392500E-017, -1.052246740033299200E-014 ) ) ;
#1153 = VECTOR ( 'NONE', #2152, 1000.000000000000100 ) ;
#1154 = LINE ( 'NONE', #553, #1296 ) ;
#1155 = EDGE_CURVE ( 'NONE', #1944, #2343, #421, .T. ) ;
#1156 = CARTESIAN_POINT ( 'NONE',  ( 2.750000000000038200, -1.182440736281054900, 1.764316157768487800 ) ) ;
#1157 = ORIENTED_EDGE ( 'NONE', *, *, #3464, .T. ) ;
#1158 = LINE ( 'NONE', #2910, #1338 ) ;
#1159 = FACE_OUTER_BOUND ( 'NONE', #746, .T. ) ;
#1160 = DIRECTION ( 'NONE',  ( 0.0000000000000000000, 0.3420201433256653800, -0.9396926207859096500 ) ) ;
#1161 = DIRECTION ( 'NONE',  ( 0.0000000000000000000, -3.504910013400226400E-015, 1.000000000000000000 ) ) ;
#1162 = ORIENTED_EDGE ( 'NONE', *, *, #2531, .F. ) ;
#1163 = ORIENTED_EDGE ( 'NONE', *, *, #849, .T. ) ;
#1164 = VERTEX_POINT ( 'NONE', #1104 ) ;
#1165 = ORIENTED_EDGE ( 'NONE', *, *, #2993, .F. ) ;
#1166 = ORIENTED_EDGE ( 'NONE', *, *, #2796, .F. ) ;
#1167 = AXIS2_PLACEMENT_3D ( 'NONE', #452, #721, #2764 ) ;
#1168 = CARTESIAN_POINT ( 'NONE',  ( 1.250000000000000000, 2.849999999999979200, 6.649999999999900900 ) ) ;
#1169 = VERTEX_POINT ( 'NONE', #1396 ) ;
#1170 = CARTESIAN_POINT ( 'NONE',  ( 3.299999999999965200, 4.199999999999992200, 1.599999999999928600 ) ) ;
#1171 = DIRECTION ( 'NONE',  ( -1.038257660396825200E-014, -0.1564344650402306700, -0.9876883405951376600 ) ) ;
#1172 = CARTESIAN_POINT ( 'NONE',  ( 2.750000000000035500, -3.025476265301345200, 1.549991745636601000 ) ) ;
#1173 = VERTEX_POINT ( 'NONE', #1385 ) ;
#1174 = DIRECTION ( 'NONE',  ( -0.0000000000000000000, -0.9396926207859096500, -0.3420201433256653800 ) ) ;
#1175 = FACE_OUTER_BOUND ( 'NONE', #2172, .T. ) ;
#1176 = EDGE_CURVE ( 'NONE', #3186, #2789, #963, .T. ) ;
#1177 = DIRECTION ( 'NONE',  ( -0.9396926207859056500, -6.212235321689203500E-017, 0.3420201433256764800 ) ) ;
#1178 = FACE_OUTER_BOUND ( 'NONE', #817, .T. ) ;
#1179 = CARTESIAN_POINT ( 'NONE',  ( -2.950000000000098300, 2.549999999999971400, 7.599999999999878900 ) ) ;
#1180 = EDGE_CURVE ( 'NONE', #1233, #3501, #2056, .T. ) ;
#1181 = LINE ( 'NONE', #2573, #2570 ) ;
#1182 = CARTESIAN_POINT ( 'NONE',  ( -1.250000000000029500, -0.3500000000000025900, 1.099999999999874900 ) ) ;
#1183 = DIRECTION ( 'NONE',  ( -6.610922746731392500E-017, -1.000000000000000000, -6.956321908860092100E-031 ) ) ;
#1184 = DIRECTION ( 'NONE',  ( 1.000000000000000000, -6.610922746731392500E-017, 1.052246740033299200E-014 ) ) ;
#1185 = ORIENTED_EDGE ( 'NONE', *, *, #3796, .F. ) ;
#1186 = DIRECTION ( 'NONE',  ( -1.000000000000000000, -0.0000000000000000000, -0.0000000000000000000 ) ) ;
#1187 = ADVANCED_FACE ( 'NONE', ( #2614 ), #1988, .T. ) ;
#1188 = VERTEX_POINT ( 'NONE', #3429 ) ;
#1189 = PLANE ( 'NONE',  #2275 ) ;
#1190 = VERTEX_POINT ( 'NONE', #546 ) ;
#1191 = VECTOR ( 'NONE', #3060, 1000.000000000000000 ) ;
#1192 = AXIS2_PLACEMENT_3D ( 'NONE', #3116, #1412, #1399 ) ;
#1193 = FACE_OUTER_BOUND ( 'NONE', #3107, .T. ) ;
#1194 = DIRECTION ( 'NONE',  ( 1.000000000000000000, 0.0000000000000000000, 1.008878653133879000E-014 ) ) ;
#1195 = CARTESIAN_POINT ( 'NONE',  ( -1.250000000000035700, 2.849999999999990300, 1.599999999999896400 ) ) ;
#1196 = CARTESIAN_POINT ( 'NONE',  ( -1.250000000000034600, 2.849999999999979200, 1.599999999999893700 ) ) ;
#1197 = LINE ( 'NONE', #861, #432 ) ;
#1198 = ORIENTED_EDGE ( 'NONE', *, *, #678, .F. ) ;
#1199 = CARTESIAN_POINT ( 'NONE',  ( 2.750000000000038200, -1.182440736281054900, 1.764316157768487800 ) ) ;
#1200 = EDGE_CURVE ( 'NONE', #3501, #2794, #1836, .T. ) ;
#1201 = DIRECTION ( 'NONE',  ( 1.052246740033299200E-014, 0.0000000000000000000, 1.000000000000000000 ) ) ;
#1202 = LINE ( 'NONE', #3627, #3538 ) ;
#1203 = FACE_OUTER_BOUND ( 'NONE', #1121, .T. ) ;
#1204 = LINE ( 'NONE', #977, #756 ) ;
#1205 = VECTOR ( 'NONE', #3772, 1000.000000000000000 ) ;
#1206 = ORIENTED_EDGE ( 'NONE', *, *, #1307, .T. ) ;
#1207 = EDGE_CURVE ( 'NONE', #2318, #683, #600, .T. ) ;
#1208 = DIRECTION ( 'NONE',  ( -1.000000000000000000, -0.0000000000000000000, -1.052246740033299200E-014 ) ) ;
#1209 = ORIENTED_EDGE ( 'NONE', *, *, #1602, .F. ) ;
#1210 = ADVANCED_FACE ( 'NONE', ( #692 ), #3150, .T. ) ;
#1211 = DIRECTION ( 'NONE',  ( -0.3236155771181861200, -0.9288044978796217200, -0.1805413054263398700 ) ) ;
#1212 = EDGE_LOOP ( 'NONE', ( #3131, #2174, #690, #1215 ) ) ;
#1213 = VERTEX_POINT ( 'NONE', #532 ) ;
#1214 = DIRECTION ( 'NONE',  ( -1.000000000000000000, 6.610922746731355500E-017, -1.052246740033299200E-014 ) ) ;
#1215 = ORIENTED_EDGE ( 'NONE', *, *, #3734, .F. ) ;
#1216 = DIRECTION ( 'NONE',  ( -3.682671504599126900E-029, 1.000000000000000000, 3.499817452019462400E-015 ) ) ;
#1217 = EDGE_LOOP ( 'NONE', ( #263, #1530, #203, #169 ) ) ;
#1218 = DIRECTION ( 'NONE',  ( 0.0000000000000000000, -1.000000000000000000, -5.895349312889965100E-015 ) ) ;
#1219 = AXIS2_PLACEMENT_3D ( 'NONE', #1195, #1498, #1472 ) ;
#1220 = ADVANCED_FACE ( 'NONE', ( #1644 ), #2581, .F. ) ;
#1221 = LINE ( 'NONE', #2322, #2478 ) ;
#1222 = DIRECTION ( 'NONE',  ( -0.3236155771181862300, 0.8275552385092866900, 0.4587213592828446300 ) ) ;
#1223 = CARTESIAN_POINT ( 'NONE',  ( 3.250000000000037700, -1.182440736281054900, 1.764316157768482700 ) ) ;
#1224 = AXIS2_PLACEMENT_3D ( 'NONE', #2246, #3446, #521 ) ;
#1225 = ADVANCED_BREP_SHAPE_REPRESENTATION ( 'S3B-PH-K-S(LF)(SN)', ( #951, #3381, #270, #3500, #722 ), #1963 ) ;
#1226 = CARTESIAN_POINT ( 'NONE',  ( 2.750000000000035500, -3.025476265301345600, 1.549991745636601000 ) ) ;
#1227 = VECTOR ( 'NONE', #3597, 1000.000000000000000 ) ;
#1228 = PLANE ( 'NONE',  #1463 ) ;
#1229 = ADVANCED_FACE ( 'NONE', ( #3293 ), #3749, .F. ) ;
#1230 = FACE_OUTER_BOUND ( 'NONE', #3800, .T. ) ;
#1231 = EDGE_CURVE ( 'NONE', #3103, #2904, #1137, .T. ) ;
#1232 = LINE ( 'NONE', #2880, #504 ) ;
#1233 = VERTEX_POINT ( 'NONE', #3725 ) ;
#1234 = EDGE_CURVE ( 'NONE', #1788, #2296, #370, .T. ) ;
#1235 = ORIENTED_EDGE ( 'NONE', *, *, #2809, .T. ) ;
#1236 = DIRECTION ( 'NONE',  ( -1.052246740033299200E-014, 0.0000000000000000000, 1.000000000000000000 ) ) ;
#1237 = VERTEX_POINT ( 'NONE', #2274 ) ;
#1238 = ADVANCED_FACE ( 'NONE', ( #2191 ), #2011, .F. ) ;
#1239 = ORIENTED_EDGE ( 'NONE', *, *, #895, .F. ) ;
#1240 = ORIENTED_EDGE ( 'NONE', *, *, #2022, .F. ) ;
#1241 = AXIS2_PLACEMENT_3D ( 'NONE', #827, #1694, #2561 ) ;
#1242 = CARTESIAN_POINT ( 'NONE',  ( -1.250000000000084600, 3.349999999999979200, 6.349999999999895700 ) ) ;
#1243 = VECTOR ( 'NONE', #3502, 1000.000000000000000 ) ;
#1244 = VECTOR ( 'NONE', #1697, 1000.000000000000100 ) ;
#1245 = EDGE_LOOP ( 'NONE', ( #2559, #554, #3733, #3557, #3428, #623, #3766, #625 ) ) ;
#1246 = LINE ( 'NONE', #1036, #3490 ) ;
#1247 = CIRCLE ( 'NONE', #668, 0.4000000000000001900 ) ;
#1248 = AXIS2_PLACEMENT_3D ( 'NONE', #2082, #339, #2382 ) ;
#1249 = ADVANCED_FACE ( 'NONE', ( #1230 ), #1369, .F. ) ;
#1250 = CARTESIAN_POINT ( 'NONE',  ( -2.950000000000096500, 4.799999999999970500, 7.599999999999885100 ) ) ;
#1251 = CARTESIAN_POINT ( 'NONE',  ( -2.950000000000096500, 3.349999999999971700, 7.599999999999880600 ) ) ;
#1252 = CARTESIAN_POINT ( 'NONE',  ( 1.250000000000002000, -3.060891383739934700, 1.599999999999879300 ) ) ;
#1253 = VECTOR ( 'NONE', #2756, 1000.000000000000000 ) ;
#1254 = FACE_OUTER_BOUND ( 'NONE', #2489, .T. ) ;
#1255 = DIRECTION ( 'NONE',  ( -1.040834085586083800E-014, 0.0000000000000000000, -1.000000000000000000 ) ) ;
#1256 = EDGE_CURVE ( 'NONE', #1588, #1454, #2922, .T. ) ;
#1257 = ORIENTED_EDGE ( 'NONE', *, *, #1379, .T. ) ;
#1258 = ORIENTED_EDGE ( 'NONE', *, *, #4, .F. ) ;
#1259 = PLANE ( 'NONE',  #2143 ) ;
#1260 = VERTEX_POINT ( 'NONE', #3708 ) ;
#1261 = ORIENTED_EDGE ( 'NONE', *, *, #730, .F. ) ;
#1262 = EDGE_CURVE ( 'NONE', #3372, #3719, #2704, .T. ) ;
#1263 = ADVANCED_FACE ( 'NONE', ( #2748 ), #225, .F. ) ;
#1264 = VERTEX_POINT ( 'NONE', #2283 ) ;
#1265 = VERTEX_POINT ( 'NONE', #837 ) ;
#1266 = CARTESIAN_POINT ( 'NONE',  ( 4.299999999999903900, 4.199999999999970900, 7.499999999999937800 ) ) ;
#1267 = DIRECTION ( 'NONE',  ( 1.000000000000000000, 6.610922746731392500E-017, 0.0000000000000000000 ) ) ;
#1268 = AXIS2_PLACEMENT_3D ( 'NONE', #2634, #1744, #275 ) ;
#1269 = ORIENTED_EDGE ( 'NONE', *, *, #1901, .T. ) ;
#1270 = CARTESIAN_POINT ( 'NONE',  ( 4.299999999999903000, 4.199999999999992200, 7.599999999999937500 ) ) ;
#1271 = VECTOR ( 'NONE', #469, 1000.000000000000000 ) ;
#1272 = CARTESIAN_POINT ( 'NONE',  ( 1.140808929720139400, -3.360891383739943900, 1.490808929720016700 ) ) ;
#1273 = ORIENTED_EDGE ( 'NONE', *, *, #2583, .T. ) ;
#1274 = PLANE ( 'NONE',  #635 ) ;
#1275 = VECTOR ( 'NONE', #3212, 1000.000000000000000 ) ;
#1276 = AXIS2_PLACEMENT_3D ( 'NONE', #3228, #2666, #910 ) ;
#1277 = DIRECTION ( 'NONE',  ( 1.000000000000000000, 6.610922746731392500E-017, -1.052246740033299200E-014 ) ) ;
#1278 = DIRECTION ( 'NONE',  ( 0.3236155771181817900, -0.3236155771181817900, -0.8891264907159904800 ) ) ;
#1279 = LINE ( 'NONE', #320, #2097 ) ;
#1280 = EDGE_CURVE ( 'NONE', #2343, #1751, #3614, .T. ) ;
#1281 = DIRECTION ( 'NONE',  ( 7.465916754863207800E-015, -0.7071067811865479100, -0.7071067811865472400 ) ) ;
#1282 = DIRECTION ( 'NONE',  ( 1.040326012723439700E-014, 0.1564344650402306700, -0.9876883405951376600 ) ) ;
#1283 = ADVANCED_FACE ( 'NONE', ( #1319 ), #2001, .F. ) ;
#1284 = LINE ( 'NONE', #3712, #327 ) ;
#1285 = EDGE_CURVE ( 'NONE', #2067, #392, #1920, .T. ) ;
#1286 = DIRECTION ( 'NONE',  ( 1.000000000000000000, 0.0000000000000000000, 1.052246740033299200E-014 ) ) ;
#1287 = ORIENTED_EDGE ( 'NONE', *, *, #138, .T. ) ;
#1288 = CARTESIAN_POINT ( 'NONE',  ( -1.250000000000038400, -1.338875201321286100, 1.923372182826421400 ) ) ;
#1289 = AXIS2_PLACEMENT_3D ( 'NONE', #2256, #1368, #3723 ) ;
#1290 = DIRECTION ( 'NONE',  ( 0.0000000000000000000, -1.000000000000000000, -5.895349312889965100E-015 ) ) ;
#1291 = EDGE_LOOP ( 'NONE', ( #3303, #3216, #516, #1610, #1699, #2013, #1088, #3736, #3354, #674, #2080, #2793, #1000 ) ) ;
#1292 = DIRECTION ( 'NONE',  ( 6.610922746727958500E-017, -1.000000000000000000, -3.263341192431618100E-015 ) ) ;
#1293 = VECTOR ( 'NONE', #1048, 1000.000000000000100 ) ;
#1294 = VECTOR ( 'NONE', #1140, 1000.000000000000000 ) ;
#1295 = VERTEX_POINT ( 'NONE', #1684 ) ;
#1296 = VECTOR ( 'NONE', #3488, 1000.000000000000000 ) ;
#1297 = ORIENTED_EDGE ( 'NONE', *, *, #2472, .F. ) ;
#1298 = DIRECTION ( 'NONE',  ( -1.052246740033299200E-014, -5.895349312889965100E-015, 1.000000000000000000 ) ) ;
#1299 = DIRECTION ( 'NONE',  ( 0.0000000000000000000, 0.9876883405951376600, 0.1564344650402307900 ) ) ;
#1300 = FACE_OUTER_BOUND ( 'NONE', #1354, .T. ) ;
#1301 = VECTOR ( 'NONE', #212, 1000.000000000000200 ) ;
#1302 = VECTOR ( 'NONE', #7, 1000.000000000000100 ) ;
#1303 = ORIENTED_EDGE ( 'NONE', *, *, #1285, .T. ) ;
#1304 = ORIENTED_EDGE ( 'NONE', *, *, #2106, .T. ) ;
#1305 = DIRECTION ( 'NONE',  ( 1.038257660396825200E-014, 0.1564344650402307300, 0.9876883405951377700 ) ) ;
#1306 = ORIENTED_EDGE ( 'NONE', *, *, #2689, .F. ) ;
#1307 = EDGE_CURVE ( 'NONE', #3601, #2276, #737, .T. ) ;
#1308 = VERTEX_POINT ( 'NONE', #1115 ) ;
#1309 = ORIENTED_EDGE ( 'NONE', *, *, #1307, .F. ) ;
#1310 = CARTESIAN_POINT ( 'NONE',  ( -2.300000000000098900, 0.6999999999999706500, 7.599999999999878900 ) ) ;
#1311 = EDGE_CURVE ( 'NONE', #3237, #1173, #643, .T. ) ;
#1312 = VERTEX_POINT ( 'NONE', #2861 ) ;
#1313 = DIRECTION ( 'NONE',  ( 1.051998147560192100E-014, -2.146934995020800100E-015, 1.000000000000000000 ) ) ;
#1314 = LINE ( 'NONE', #3505, #3513 ) ;
#1315 = CIRCLE ( 'NONE', #2434, 0.4999999999999997800 ) ;
#1316 = PLANE ( 'NONE',  #1496 ) ;
#1317 = EDGE_LOOP ( 'NONE', ( #3512, #3551, #3076, #862 ) ) ;
#1318 = AXIS2_PLACEMENT_3D ( 'NONE', #1125, #3506, #2901 ) ;
#1319 = FACE_OUTER_BOUND ( 'NONE', #3322, .T. ) ;
#1320 = FILL_AREA_STYLE ('',( #2509 ) ) ;
#1321 = EDGE_CURVE ( 'NONE', #3259, #3598, #2291, .T. ) ;
#1322 = CARTESIAN_POINT ( 'NONE',  ( 3.299999999999965200, 4.799999999999970500, 7.599999999999948100 ) ) ;
#1323 = ORIENTED_EDGE ( 'NONE', *, *, #1176, .T. ) ;
#1324 = ORIENTED_EDGE ( 'NONE', *, *, #305, .F. ) ;
#1325 = EDGE_CURVE ( 'NONE', #2067, #3601, #2009, .T. ) ;
#1326 = ORIENTED_EDGE ( 'NONE', *, *, #2918, .T. ) ;
#1327 = CARTESIAN_POINT ( 'NONE',  ( 0.8591910702798607500, -3.360891383739943900, 1.209191070279722200 ) ) ;
#1328 = LINE ( 'NONE', #1704, #242 ) ;
#1329 = DIRECTION ( 'NONE',  ( -1.052246740033299200E-014, 0.0000000000000000000, 1.000000000000000000 ) ) ;
#1330 = LINE ( 'NONE', #2358, #1846 ) ;
#1331 = LINE ( 'NONE', #2600, #1109 ) ;
#1332 = DIRECTION ( 'NONE',  ( -1.084202172485502700E-014, 0.0000000000000000000, 1.000000000000000000 ) ) ;
#1333 = EDGE_LOOP ( 'NONE', ( #213, #3134, #1082, #443, #3629 ) ) ;
#1334 = LINE ( 'NONE', #1892, #2404 ) ;
#1335 = FACE_OUTER_BOUND ( 'NONE', #507, .T. ) ;
#1336 = COLOUR_RGB ( '',0.7921568627450980000, 0.8196078431372548800, 0.9333333333333333500 ) ;
#1337 = UNCERTAINTY_MEASURE_WITH_UNIT (LENGTH_MEASURE( 1.000000000000000100E-005 ), #2192, 'distance_accuracy_value', 'NONE');
#1338 = VECTOR ( 'NONE', #858, 1000.000000000000000 ) ;
#1339 = DIRECTION ( 'NONE',  ( 0.0000000000000000000, -1.000000000000000000, -0.0000000000000000000 ) ) ;
#1340 = DIRECTION ( 'NONE',  ( 1.000000000000000000, 0.0000000000000000000, 1.052246740033299200E-014 ) ) ;
#1341 = CARTESIAN_POINT ( 'NONE',  ( -1.250000000000031800, -0.8355904294972830200, 1.295815574634863400 ) ) ;
#1342 = VERTEX_POINT ( 'NONE', #863 ) ;
#1343 = ORIENTED_EDGE ( 'NONE', *, *, #2060, .T. ) ;
#1344 = PLANE ( 'NONE',  #688 ) ;
#1345 = EDGE_CURVE ( 'NONE', #2789, #3598, #551, .T. ) ;
#1346 = PLANE ( 'NONE',  #906 ) ;
#1347 = ORIENTED_EDGE ( 'NONE', *, *, #918, .F. ) ;
#1348 = ORIENTED_EDGE ( 'NONE', *, *, #941, .T. ) ;
#1349 = ORIENTED_EDGE ( 'NONE', *, *, #228, .F. ) ;
#1350 = ORIENTED_EDGE ( 'NONE', *, *, #2498, .F. ) ;
#1351 = ORIENTED_EDGE ( 'NONE', *, *, #211, .F. ) ;
#1352 = EDGE_CURVE ( 'NONE', #2296, #3704, #781, .T. ) ;
#1353 = DIRECTION ( 'NONE',  ( 6.610922746731392500E-017, -1.000000000000000000, -6.956321908860092100E-031 ) ) ;
#1354 = EDGE_LOOP ( 'NONE', ( #463, #545, #3, #2196 ) ) ;
#1355 = CARTESIAN_POINT ( 'NONE',  ( -1.300000000000035600, 4.199999999999988600, 1.599999999999897700 ) ) ;
#1356 =( NAMED_UNIT ( * ) SI_UNIT ( $, .STERADIAN. ) SOLID_ANGLE_UNIT ( ) );
#1357 = VECTOR ( 'NONE', #809, 1000.000000000000000 ) ;
#1358 = AXIS2_PLACEMENT_3D ( 'NONE', #1251, #3301, #81 ) ;
#1359 = DIRECTION ( 'NONE',  ( 1.000000000000000000, 6.610922746731392500E-017, -1.052246740033299200E-014 ) ) ;
#1360 = ORIENTED_EDGE ( 'NONE', *, *, #2136, .F. ) ;
#1361 = LINE ( 'NONE', #290, #638 ) ;
#1362 =( NAMED_UNIT ( * ) SI_UNIT ( $, .STERADIAN. ) SOLID_ANGLE_UNIT ( ) );
#1363 = FACE_OUTER_BOUND ( 'NONE', #2088, .T. ) ;
#1364 = AXIS2_PLACEMENT_3D ( 'NONE', #1645, #1359, #2230 ) ;
#1365 = CARTESIAN_POINT ( 'NONE',  ( -1.250000000000036900, -0.3500000000000027000, 1.799999999999874800 ) ) ;
#1366 = DIRECTION ( 'NONE',  ( 0.0000000000000000000, -2.146934995020800900E-015, 1.000000000000000000 ) ) ;
#1367 = LINE ( 'NONE', #496, #1098 ) ;
#1368 = DIRECTION ( 'NONE',  ( -1.000000000000000000, -0.0000000000000000000, -0.0000000000000000000 ) ) ;
#1369 = PLANE ( 'NONE',  #2721 ) ;
#1370 = EDGE_LOOP ( 'NONE', ( #2410, #706, #2306, #2891, #1941, #109, #335, #1037, #1497, #3235, #56, #2564, #1351, #1, #1011 ) ) ;
#1371 = CARTESIAN_POINT ( 'NONE',  ( 3.250000000000037700, -1.182440736281054900, 1.764316157768482700 ) ) ;
#1372 =( NAMED_UNIT ( * ) PLANE_ANGLE_UNIT ( ) SI_UNIT ( $, .RADIAN. ) );
#1373 = EDGE_CURVE ( 'NONE', #1642, #1383, #3748, .T. ) ;
#1374 = LINE ( 'NONE', #2273, #2931 ) ;
#1375 = EDGE_LOOP ( 'NONE', ( #355, #24, #2754, #1543 ) ) ;
#1376 = LINE ( 'NONE', #189, #2073 ) ;
#1377 = DIRECTION ( 'NONE',  ( 1.000000000000000000, -0.0000000000000000000, 0.0000000000000000000 ) ) ;
#1378 = ORIENTED_EDGE ( 'NONE', *, *, #2693, .F. ) ;
#1379 = EDGE_CURVE ( 'NONE', #418, #1188, #1279, .T. ) ;
#1380 = ORIENTED_EDGE ( 'NONE', *, *, #1345, .F. ) ;
#1381 = FILL_AREA_STYLE ('',( #505 ) ) ;
#1382 = FACE_OUTER_BOUND ( 'NONE', #3782, .T. ) ;
#1383 = VERTEX_POINT ( 'NONE', #306 ) ;
#1384 = SURFACE_STYLE_FILL_AREA ( #3715 ) ;
#1385 = CARTESIAN_POINT ( 'NONE',  ( -0.7500000000000847100, 3.349999999999979200, 6.349999999999901100 ) ) ;
#1386 = LINE ( 'NONE', #3277, #2028 ) ;
#1387 = LINE ( 'NONE', #752, #2458 ) ;
#1388 = VERTEX_POINT ( 'NONE', #2 ) ;
#1389 = ORIENTED_EDGE ( 'NONE', *, *, #2970, .T. ) ;
#1390 = PRESENTATION_LAYER_ASSIGNMENT (  '', '', ( #424 ) ) ;
#1391 = PLANE ( 'NONE',  #540 ) ;
#1392 = ORIENTED_EDGE ( 'NONE', *, *, #547, .F. ) ;
#1393 = ORIENTED_EDGE ( 'NONE', *, *, #261, .T. ) ;
#1394 = CARTESIAN_POINT ( 'NONE',  ( -1.250000000000034600, 2.849999999999979200, 1.599999999999893700 ) ) ;
#1395 = ORIENTED_EDGE ( 'NONE', *, *, #3731, .T. ) ;
#1396 = CARTESIAN_POINT ( 'NONE',  ( 4.299999999999920800, 3.349999999999976100, 6.099999999999937500 ) ) ;
#1397 = EDGE_CURVE ( 'NONE', #145, #1040, #3379, .T. ) ;
#1398 = CARTESIAN_POINT ( 'NONE',  ( -1.250000000000034000, -3.382918753333602300, 1.489075338136147200 ) ) ;
#1399 = DIRECTION ( 'NONE',  ( 0.0000000000000000000, 0.0000000000000000000, -1.000000000000000000 ) ) ;
#1400 = ORIENTED_EDGE ( 'NONE', *, *, #3114, .T. ) ;
#1401 = EDGE_CURVE ( 'NONE', #1454, #3691, #1558, .T. ) ;
#1402 = CARTESIAN_POINT ( 'NONE',  ( 0.7500000000000000000, 2.849999999999979200, 6.649999999999900900 ) ) ;
#1403 = FACE_OUTER_BOUND ( 'NONE', #3552, .T. ) ;
#1404 = CARTESIAN_POINT ( 'NONE',  ( 4.399999999999904400, 2.549999999999971400, 7.599999999999933000 ) ) ;
#1405 = DIRECTION ( 'NONE',  ( 7.487254336630942600E-015, 0.7071067811865511300, -0.7071067811865440200 ) ) ;
#1406 = AXIS2_PLACEMENT_3D ( 'NONE', #3654, #1012, #1587 ) ;
#1407 = FACE_OUTER_BOUND ( 'NONE', #1005, .T. ) ;
#1408 = VERTEX_POINT ( 'NONE', #1762 ) ;
#1409 = DIRECTION ( 'NONE',  ( 6.610922746731392500E-017, 1.000000000000000000, 6.956321908860092100E-031 ) ) ;
#1410 = PLANE ( 'NONE',  #1414 ) ;
#1411 = CARTESIAN_POINT ( 'NONE',  ( 2.750000000000032900, -1.182440736281054900, 1.264316157768487600 ) ) ;
#1412 = DIRECTION ( 'NONE',  ( 1.000000000000000000, 0.0000000000000000000, 0.0000000000000000000 ) ) ;
#1413 = VECTOR ( 'NONE', #3440, 1000.000000000000100 ) ;
#1414 = AXIS2_PLACEMENT_3D ( 'NONE', #2907, #1436, #2607 ) ;
#1415 = DIRECTION ( 'NONE',  ( -6.610922746731392500E-017, -1.000000000000000000, -6.956321908860092100E-031 ) ) ;
#1416 = CARTESIAN_POINT ( 'NONE',  ( 2.750000000000036000, -3.025476265301345200, 1.549991745636601000 ) ) ;
#1417 = ORIENTED_EDGE ( 'NONE', *, *, #961, .F. ) ;
#1418 = AXIS2_PLACEMENT_3D ( 'NONE', #3290, #962, #3022 ) ;
#1419 = VERTEX_POINT ( 'NONE', #1448 ) ;
#1420 = CARTESIAN_POINT ( 'NONE',  ( 1.250000000000000000, 3.349999999999979200, 3.349999999999899300 ) ) ;
#1421 = ORIENTED_EDGE ( 'NONE', *, *, #1703, .F. ) ;
#1422 = CARTESIAN_POINT ( 'NONE',  ( 3.250000000000085700, 3.349999999999979200, 6.349999999999874400 ) ) ;
#1423 = DIRECTION ( 'NONE',  ( 1.000000000000000000, -6.610922746731369100E-017, 1.052246740033299200E-014 ) ) ;
#1424 = DIRECTION ( 'NONE',  ( -1.000000000000000000, 0.0000000000000000000, 0.0000000000000000000 ) ) ;
#1425 = CYLINDRICAL_SURFACE ( 'NONE', #1886, 0.6999999999999998400 ) ;
#1426 = EDGE_CURVE ( 'NONE', #3449, #2940, #1832, .T. ) ;
#1427 = VECTOR ( 'NONE', #567, 1000.000000000000000 ) ;
#1428 = VECTOR ( 'NONE', #1086, 1000.000000000000100 ) ;
#1429 = VERTEX_POINT ( 'NONE', #2648 ) ;
#1430 = CARTESIAN_POINT ( 'NONE',  ( 2.750000000000027500, -1.338875201321285900, 0.7766278171733508300 ) ) ;
#1431 = CYLINDRICAL_SURFACE ( 'NONE', #2976, 0.4000000000000001900 ) ;
#1432 = VECTOR ( 'NONE', #16, 1000.000000000000000 ) ;
#1433 = EDGE_CURVE ( 'NONE', #2979, #155, #2237, .T. ) ;
#1434 = CARTESIAN_POINT ( 'NONE',  ( -1.140808929720227300, 3.240808929720118600, 6.649999999999899100 ) ) ;
#1435 = LINE ( 'NONE', #2836, #1623 ) ;
#1436 = DIRECTION ( 'NONE',  ( 1.000000000000000000, 0.0000000000000000000, 0.0000000000000000000 ) ) ;
#1437 = CARTESIAN_POINT ( 'NONE',  ( -0.8591910702798962700, -3.400000000000002600, 1.596922085148674500 ) ) ;
#1438 = ORIENTED_EDGE ( 'NONE', *, *, #2162, .T. ) ;
#1439 = DIRECTION ( 'NONE',  ( -1.000000000000000000, 6.610922746731392500E-017, -1.052246740033299200E-014 ) ) ;
#1440 = ORIENTED_EDGE ( 'NONE', *, *, #3796, .T. ) ;
#1441 = ORIENTED_EDGE ( 'NONE', *, *, #1433, .T. ) ;
#1442 = ADVANCED_FACE ( 'NONE', ( #3472 ), #2364, .F. ) ;
#1443 = VERTEX_POINT ( 'NONE', #1786 ) ;
#1444 = ORIENTED_EDGE ( 'NONE', *, *, #305, .T. ) ;
#1445 = CARTESIAN_POINT ( 'NONE',  ( 4.299999999999920800, 3.349999999999971700, 7.499999999999935200 ) ) ;
#1446 = DIRECTION ( 'NONE',  ( 1.000000000000000000, 6.610922746731392500E-017, -1.052246740033299200E-014 ) ) ;
#1447 = VERTEX_POINT ( 'NONE', #2035 ) ;
#1448 = CARTESIAN_POINT ( 'NONE',  ( -2.950000000000075700, 2.949999999999978400, 5.699999999999879400 ) ) ;
#1449 = ORIENTED_EDGE ( 'NONE', *, *, #1057, .F. ) ;
#1450 = EDGE_CURVE ( 'NONE', #2917, #2866, #178, .T. ) ;
#1451 = DIRECTION ( 'NONE',  ( 1.051998147560191500E-014, 0.0000000000000000000, 1.000000000000000000 ) ) ;
#1452 = VECTOR ( 'NONE', #3026, 1000.000000000000100 ) ;
#1453 = DIRECTION ( 'NONE',  ( 1.000000000000000000, 6.610922746731392500E-017, -1.052246740033299200E-014 ) ) ;
#1454 = VERTEX_POINT ( 'NONE', #2075 ) ;
#1455 = VECTOR ( 'NONE', #2351, 1000.000000000000000 ) ;
#1456 = EDGE_CURVE ( 'NONE', #2276, #3283, #501, .T. ) ;
#1457 = ORIENTED_EDGE ( 'NONE', *, *, #768, .F. ) ;
#1458 = CARTESIAN_POINT ( 'NONE',  ( -1.250000000000035500, -3.103693497821455900, 1.643852424660740400 ) ) ;
#1459 = DIRECTION ( 'NONE',  ( 1.000000000000000000, 6.610922746731392500E-017, -1.052246740033299200E-014 ) ) ;
#1460 = DIRECTION ( 'NONE',  ( -1.053224967557376100E-014, 0.0000000000000000000, -1.000000000000000000 ) ) ;
#1461 = VECTOR ( 'NONE', #3508, 1000.000000000000000 ) ;
#1462 = CARTESIAN_POINT ( 'NONE',  ( 4.299999999999903000, 2.549999999999971400, 7.499999999999934300 ) ) ;
#1463 = AXIS2_PLACEMENT_3D ( 'NONE', #2709, #2698, #1201 ) ;
#1464 = ADVANCED_FACE ( 'NONE', ( #1363 ), #1728, .F. ) ;
#1465 = FACE_OUTER_BOUND ( 'NONE', #2470, .T. ) ;
#1466 = CARTESIAN_POINT ( 'NONE',  ( 2.859191070279895300, -3.338864014146287300, 1.489075338136146800 ) ) ;
#1467 = ORIENTED_EDGE ( 'NONE', *, *, #1321, .F. ) ;
#1468 = ORIENTED_EDGE ( 'NONE', *, *, #331, .F. ) ;
#1469 = CARTESIAN_POINT ( 'NONE',  ( -1.250000000000087900, 2.849999999999979200, 6.649999999999898200 ) ) ;
#1470 = AXIS2_PLACEMENT_3D ( 'NONE', #1266, #2480, #723 ) ;
#1471 = CARTESIAN_POINT ( 'NONE',  ( 3.299999999999923400, 4.199999999999978000, 5.599999999999927700 ) ) ;
#1472 = DIRECTION ( 'NONE',  ( -1.052246740033299200E-014, 0.0000000000000000000, 1.000000000000000000 ) ) ;
#1473 = DIRECTION ( 'NONE',  ( -1.000000000000000000, 6.610922746731355500E-017, -1.052246740033299200E-014 ) ) ;
#1474 = CIRCLE ( 'NONE', #166, 0.5000000000000000000 ) ;
#1475 = CARTESIAN_POINT ( 'NONE',  ( -2.300000000000076200, 2.949999999999978400, 5.699999999999885600 ) ) ;
#1476 = ORIENTED_EDGE ( 'NONE', *, *, #2660, .T. ) ;
#1477 = EDGE_CURVE ( 'NONE', #1388, #795, #274, .T. ) ;
#1478 = ORIENTED_EDGE ( 'NONE', *, *, #1649, .T. ) ;
#1479 = ORIENTED_EDGE ( 'NONE', *, *, #1130, .F. ) ;
#1480 = DIRECTION ( 'NONE',  ( -0.7071067811865425800, 2.515597844081577100E-015, -0.7071067811865525700 ) ) ;
#1481 = VECTOR ( 'NONE', #2658, 1000.000000000000000 ) ;
#1482 = COLOUR_RGB ( '',0.7921568627450980000, 0.8196078431372548800, 0.9333333333333333500 ) ;
#1483 = EDGE_CURVE ( 'NONE', #3030, #2933, #1964, .T. ) ;
#1484 = VECTOR ( 'NONE', #3582, 1000.000000000000000 ) ;
#1485 = LINE ( 'NONE', #1010, #2770 ) ;
#1486 = ADVANCED_FACE ( 'NONE', ( #825 ), #1799, .F. ) ;
#1487 = CARTESIAN_POINT ( 'NONE',  ( 3.250000000000028900, -0.3500000000000026400, 0.8999999999998918900 ) ) ;
#1488 = DIRECTION ( 'NONE',  ( -1.057097118173366300E-014, 0.0000000000000000000, 1.000000000000000000 ) ) ;
#1489 = AXIS2_PLACEMENT_3D ( 'NONE', #1806, #3537, #3553 ) ;
#1490 = PLANE ( 'NONE',  #1716 ) ;
#1491 = ORIENTED_EDGE ( 'NONE', *, *, #3162, .T. ) ;
#1492 = ORIENTED_EDGE ( 'NONE', *, *, #2763, .F. ) ;
#1493 = VERTEX_POINT ( 'NONE', #2903 ) ;
#1494 = VERTEX_POINT ( 'NONE', #1462 ) ;
#1495 = ORIENTED_EDGE ( 'NONE', *, *, #2320, .F. ) ;
#1496 = AXIS2_PLACEMENT_3D ( 'NONE', #3359, #738, #456 ) ;
#1497 = ORIENTED_EDGE ( 'NONE', *, *, #3323, .T. ) ;
#1498 = DIRECTION ( 'NONE',  ( -1.000000000000000000, 6.610922746731392500E-017, -1.052246740033299200E-014 ) ) ;
#1499 = DIRECTION ( 'NONE',  ( 1.000000000000000000, -6.610922746727681200E-017, -2.313702280294998300E-031 ) ) ;
#1500 = EDGE_CURVE ( 'NONE', #155, #2665, #2433, .T. ) ;
#1501 = CARTESIAN_POINT ( 'NONE',  ( 4.949999999999966400, 4.199999999999992200, 1.599999999999944100 ) ) ;
#1502 = PRODUCT ( 'S3B-PH-K-S(LF)(SN)', 'S3B-PH-K-S(LF)(SN)', '', ( #159 ) ) ;
#1503 = DIRECTION ( 'NONE',  ( -1.038257660396825300E-014, -0.1564344650402311200, -0.9876883405951377700 ) ) ;
#1504 = LINE ( 'NONE', #36, #2090 ) ;
#1505 = ADVANCED_FACE ( 'NONE', ( #3108 ), #345, .F. ) ;
#1506 = EDGE_CURVE ( 'NONE', #894, #649, #1604, .T. ) ;
#1507 = PLANE ( 'NONE',  #3720 ) ;
#1508 = LINE ( 'NONE', #52, #1227 ) ;
#1509 = DIRECTION ( 'NONE',  ( -1.029992063861227600E-014, 0.0000000000000000000, 1.000000000000000000 ) ) ;
#1510 = EDGE_CURVE ( 'NONE', #2732, #2546, #1051, .T. ) ;
#1511 = DIRECTION ( 'NONE',  ( 1.051998147560191500E-014, 0.0000000000000000000, 1.000000000000000000 ) ) ;
#1512 = VECTOR ( 'NONE', #506, 1000.000000000000100 ) ;
#1513 = CARTESIAN_POINT ( 'NONE',  ( 4.949999999999903400, 3.349999999999973000, 7.599999999999941000 ) ) ;
#1514 = CARTESIAN_POINT ( 'NONE',  ( 4.949999999999983300, 4.799999999999970500, -6.093216209368534900E-014 ) ) ;
#1515 = CARTESIAN_POINT ( 'NONE',  ( 4.299999999999966100, 4.199999999999970900, 1.599999999999940600 ) ) ;
#1516 = ADVANCED_FACE ( 'NONE', ( #3020 ), #646, .F. ) ;
#1517 = DIRECTION ( 'NONE',  ( -1.000000000000000000, 6.610922746731392500E-017, -1.052246740033299200E-014 ) ) ;
#1518 = DIRECTION ( 'NONE',  ( -1.000000000000000000, 0.0000000000000000000, -1.052246740033299200E-014 ) ) ;
#1519 = ORIENTED_EDGE ( 'NONE', *, *, #1148, .T. ) ;
#1520 = ORIENTED_EDGE ( 'NONE', *, *, #1649, .F. ) ;
#1521 = ORIENTED_EDGE ( 'NONE', *, *, #2802, .T. ) ;
#1522 = AXIS2_PLACEMENT_3D ( 'NONE', #2618, #3778, #1161 ) ;
#1523 = VECTOR ( 'NONE', #3318, 1000.000000000000000 ) ;
#1524 = ADVANCED_FACE ( 'NONE', ( #417 ), #1228, .T. ) ;
#1525 = CARTESIAN_POINT ( 'NONE',  ( 4.299999999999948300, 4.199999999999986900, 3.349999999999935700 ) ) ;
#1526 = DIRECTION ( 'NONE',  ( 0.0000000000000000000, -0.4999999999999947300, -0.8660254037844418200 ) ) ;
#1527 = LINE ( 'NONE', #883, #1427 ) ;
#1528 = FACE_OUTER_BOUND ( 'NONE', #3455, .T. ) ;
#1529 = CARTESIAN_POINT ( 'NONE',  ( -0.8591910702798952700, -3.382918753333602300, 1.489075338136151200 ) ) ;
#1530 = ORIENTED_EDGE ( 'NONE', *, *, #142, .F. ) ;
#1531 = EDGE_CURVE ( 'NONE', #2979, #207, #368, .T. ) ;
#1532 = DIRECTION ( 'NONE',  ( 1.000000000000000000, 6.610922746731392500E-017, -1.052246740033299200E-014 ) ) ;
#1533 = VECTOR ( 'NONE', #1499, 1000.000000000000000 ) ;
#1534 = VECTOR ( 'NONE', #2058, 1000.000000000000000 ) ;
#1535 = EDGE_CURVE ( 'NONE', #3548, #1050, #3148, .T. ) ;
#1536 = ADVANCED_FACE ( 'NONE', ( #3247 ), #2956, .F. ) ;
#1537 = ORIENTED_EDGE ( 'NONE', *, *, #3660, .F. ) ;
#1538 = ORIENTED_EDGE ( 'NONE', *, *, #2829, .T. ) ;
#1539 = CARTESIAN_POINT ( 'NONE',  ( 3.299999999999965200, 4.199999999999992200, 1.599999999999928600 ) ) ;
#1540 = DIRECTION ( 'NONE',  ( -6.610922746727681200E-017, -1.000000000000000000, -3.499817452019463200E-015 ) ) ;
#1541 = AXIS2_PLACEMENT_3D ( 'NONE', #2446, #2486, #1299 ) ;
#1542 = EDGE_LOOP ( 'NONE', ( #1628, #3643, #640, #1616, #976, #2547 ) ) ;
#1543 = ORIENTED_EDGE ( 'NONE', *, *, #1531, .T. ) ;
#1544 = ORIENTED_EDGE ( 'NONE', *, *, #112, .T. ) ;
#1545 = ADVANCED_FACE ( 'NONE', ( #3423 ), #3021, .F. ) ;
#1546 = ORIENTED_EDGE ( 'NONE', *, *, #1938, .F. ) ;
#1547 = DIRECTION ( 'NONE',  ( 0.0000000000000000000, -0.0000000000000000000, 1.000000000000000000 ) ) ;
#1548 = AXIS2_PLACEMENT_3D ( 'NONE', #410, #2462, #1547 ) ;
#1549 = VERTEX_POINT ( 'NONE', #2384 ) ;
#1550 = CIRCLE ( 'NONE', #2197, 0.1999999999999811100 ) ;
#1551 = PLANE ( 'NONE',  #2381 ) ;
#1552 = CARTESIAN_POINT ( 'NONE',  ( -1.585126533611382700, 2.514873466388671400, 5.429247416242714200 ) ) ;
#1553 = VERTEX_POINT ( 'NONE', #1513 ) ;
#1554 = EDGE_CURVE ( 'NONE', #2021, #376, #1508, .T. ) ;
#1555 = LINE ( 'NONE', #1182, #3658 ) ;
#1556 = ORIENTED_EDGE ( 'NONE', *, *, #1426, .T. ) ;
#1557 = ADVANCED_FACE ( 'NONE', ( #2702 ), #3288, .F. ) ;
#1558 = LINE ( 'NONE', #287, #2610 ) ;
#1559 = EDGE_CURVE ( 'NONE', #814, #1265, #2095, .T. ) ;
#1560 = CARTESIAN_POINT ( 'NONE',  ( -2.950000000000035700, 3.699999999999993100, 1.599999999999883500 ) ) ;
#1561 = SURFACE_SIDE_STYLE ('',( #231 ) ) ;
#1562 = ORIENTED_EDGE ( 'NONE', *, *, #2993, .T. ) ;
#1563 = AXIS2_PLACEMENT_3D ( 'NONE', #2667, #2427, #3008 ) ;
#1564 = ORIENTED_EDGE ( 'NONE', *, *, #1919, .T. ) ;
#1565 = PLANE ( 'NONE',  #2625 ) ;
#1566 = DIRECTION ( 'NONE',  ( 1.000000000000000000, -6.610922746731392500E-017, 1.052246740033299200E-014 ) ) ;
#1567 = CARTESIAN_POINT ( 'NONE',  ( -0.7500000000000325300, -3.060431948607190900, 1.370709752781988500 ) ) ;
#1568 = ORIENTED_EDGE ( 'NONE', *, *, #1919, .F. ) ;
#1569 = VECTOR ( 'NONE', #264, 1000.000000000000000 ) ;
#1570 = AXIS2_PLACEMENT_3D ( 'NONE', #1686, #227, #3456 ) ;
#1571 = ORIENTED_EDGE ( 'NONE', *, *, #751, .F. ) ;
#1572 = DIRECTION ( 'NONE',  ( -1.000000000000000000, 0.0000000000000000000, -1.052246740033299200E-014 ) ) ;
#1573 = LINE ( 'NONE', #1471, #3391 ) ;
#1574 = EDGE_LOOP ( 'NONE', ( #1079, #3378, #21, #2329 ) ) ;
#1575 = EDGE_LOOP ( 'NONE', ( #1948, #2557, #1956, #3530 ) ) ;
#1576 = ADVANCED_FACE ( 'NONE', ( #2605 ), #1565, .F. ) ;
#1577 = CARTESIAN_POINT ( 'NONE',  ( -2.300000000000096200, 4.199999999999970900, 7.499999999999889900 ) ) ;
#1578 = VECTOR ( 'NONE', #273, 1000.000000000000200 ) ;
#1579 = DIRECTION ( 'NONE',  ( 3.553812700235760600E-029, -1.000000000000000000, -3.377356816637224700E-015 ) ) ;
#1580 = CARTESIAN_POINT ( 'NONE',  ( -0.7500000000000357500, 2.849999999999990300, 1.599999999999901700 ) ) ;
#1581 = CYLINDRICAL_SURFACE ( 'NONE', #2927, 0.5000000000000000000 ) ;
#1582 = VECTOR ( 'NONE', #262, 1000.000000000000000 ) ;
#1583 = EDGE_CURVE ( 'NONE', #353, #1190, #1315, .T. ) ;
#1584 = ORIENTED_EDGE ( 'NONE', *, *, #647, .F. ) ;
#1585 = ORIENTED_EDGE ( 'NONE', *, *, #1397, .F. ) ;
#1586 = DIRECTION ( 'NONE',  ( -1.084202172485504000E-014, 0.0000000000000000000, 1.000000000000000000 ) ) ;
#1587 = DIRECTION ( 'NONE',  ( -1.040834085586084700E-014, 0.0000000000000000000, -1.000000000000000000 ) ) ;
#1588 = VERTEX_POINT ( 'NONE', #68 ) ;
#1589 = EDGE_CURVE ( 'NONE', #3600, #3633, #823, .T. ) ;
#1590 = ORIENTED_EDGE ( 'NONE', *, *, #2236, .T. ) ;
#1591 = ORIENTED_EDGE ( 'NONE', *, *, #457, .F. ) ;
#1592 = FILL_AREA_STYLE ('',( #2779 ) ) ;
#1593 = CARTESIAN_POINT ( 'NONE',  ( -2.950000000000034400, 4.799999999999990900, 1.599999999999884200 ) ) ;
#1594 = VERTEX_POINT ( 'NONE', #2696 ) ;
#1595 = PLANE ( 'NONE',  #245 ) ;
#1596 = ORIENTED_EDGE ( 'NONE', *, *, #502, .T. ) ;
#1597 = VECTOR ( 'NONE', #3534, 1000.000000000000000 ) ;
#1598 = CARTESIAN_POINT ( 'NONE',  ( 4.949999999999966400, 3.349999999999990300, 1.599999999999941500 ) ) ;
#1599 = CARTESIAN_POINT ( 'NONE',  ( 0.9001193333803156900, 3.199880666619663700, 6.762449478685900000 ) ) ;
#1600 = LINE ( 'NONE', #2045, #455 ) ;
#1601 = CARTESIAN_POINT ( 'NONE',  ( 4.299999999999903000, 2.549999999999971000, 7.599999999999877100 ) ) ;
#1602 = EDGE_CURVE ( 'NONE', #762, #1040, #1094, .T. ) ;
#1603 = CARTESIAN_POINT ( 'NONE',  ( 4.299999999999913700, 4.199999999999976200, 5.599999999999938400 ) ) ;
#1604 = LINE ( 'NONE', #3573, #91 ) ;
#1605 = EDGE_CURVE ( 'NONE', #2933, #1588, #43, .T. ) ;
#1606 = CARTESIAN_POINT ( 'NONE',  ( 4.949999999999970000, 3.699999999999991300, 1.599999999999943200 ) ) ;
#1607 = DIRECTION ( 'NONE',  ( 3.553812700235760600E-029, -1.000000000000000000, -3.377356816637224700E-015 ) ) ;
#1608 = DIRECTION ( 'NONE',  ( 0.0000000000000000000, -3.263341192431618100E-015, 1.000000000000000000 ) ) ;
#1609 = CARTESIAN_POINT ( 'NONE',  ( -0.3000000000000536700, 3.349999999999984100, 3.349999999999886800 ) ) ;
#1610 = ORIENTED_EDGE ( 'NONE', *, *, #1559, .T. ) ;
#1611 = ORIENTED_EDGE ( 'NONE', *, *, #2689, .T. ) ;
#1612 = FACE_OUTER_BOUND ( 'NONE', #1141, .T. ) ;
#1613 = DIRECTION ( 'NONE',  ( 1.040326012723439900E-014, 0.1564344650402306500, -0.9876883405951376600 ) ) ;
#1614 = FACE_OUTER_BOUND ( 'NONE', #1575, .T. ) ;
#1615 = FACE_OUTER_BOUND ( 'NONE', #778, .T. ) ;
#1616 = ORIENTED_EDGE ( 'NONE', *, *, #1112, .T. ) ;
#1617 = CARTESIAN_POINT ( 'NONE',  ( -1.250000000000031800, -0.8355904294972830200, 1.295815574634863400 ) ) ;
#1618 = DIRECTION ( 'NONE',  ( -1.052246740033299200E-014, 0.0000000000000000000, 1.000000000000000000 ) ) ;
#1619 = CIRCLE ( 'NONE', #1028, 0.5000000000000000000 ) ;
#1620 = VECTOR ( 'NONE', #3492, 1000.000000000000000 ) ;
#1621 = SHAPE_DEFINITION_REPRESENTATION ( #2431, #1225 ) ;
#1622 = AXIS2_PLACEMENT_3D ( 'NONE', #2609, #3193, #844 ) ;
#1623 = VECTOR ( 'NONE', #183, 1000.000000000000000 ) ;
#1624 = PLANE ( 'NONE',  #224 ) ;
#1625 = ORIENTED_EDGE ( 'NONE', *, *, #745, .F. ) ;
#1626 = ORIENTED_EDGE ( 'NONE', *, *, #2292, .T. ) ;
#1627 = EDGE_CURVE ( 'NONE', #2285, #3666, #1049, .T. ) ;
#1628 = ORIENTED_EDGE ( 'NONE', *, *, #3677, .T. ) ;
#1629 = DIRECTION ( 'NONE',  ( 1.052246740033299200E-014, 0.0000000000000000000, 1.000000000000000000 ) ) ;
#1630 = DIRECTION ( 'NONE',  ( -1.000000000000000000, 6.610922746727681200E-017, 2.313702280294998300E-031 ) ) ;
#1631 = EDGE_LOOP ( 'NONE', ( #44, #1491, #2814, #2670, #1392, #1761, #3006, #1715, #451, #1625, #3385, #398, #677, #3256, #3327, #2122 ) ) ;
#1632 = EDGE_CURVE ( 'NONE', #2226, #145, #3065, .T. ) ;
#1633 = VERTEX_POINT ( 'NONE', #1833 ) ;
#1634 = DIRECTION ( 'NONE',  ( -1.000000000000000000, 6.610922746731423300E-017, -1.052246740033299200E-014 ) ) ;
#1635 = CARTESIAN_POINT ( 'NONE',  ( -2.950000000000096500, 2.549999999999971400, 7.599999999999885100 ) ) ;
#1636 = VECTOR ( 'NONE', #1646, 1000.000000000000000 ) ;
#1637 = DIRECTION ( 'NONE',  ( -0.0000000000000000000, -3.499817452019463200E-015, 1.000000000000000000 ) ) ;
#1638 = AXIS2_PLACEMENT_3D ( 'NONE', #3569, #3558, #686 ) ;
#1639 = LINE ( 'NONE', #3261, #3340 ) ;
#1640 = CARTESIAN_POINT ( 'NONE',  ( 2.859191070279949900, 2.849999999999979200, 6.649999999999881300 ) ) ;
#1641 = CARTESIAN_POINT ( 'NONE',  ( 2.750000000000089300, 2.849999999999979200, 6.649999999999903500 ) ) ;
#1642 = VERTEX_POINT ( 'NONE', #391 ) ;
#1643 = AXIS2_PLACEMENT_3D ( 'NONE', #3019, #3581, #375 ) ;
#1644 = FACE_OUTER_BOUND ( 'NONE', #3729, .T. ) ;
#1645 = CARTESIAN_POINT ( 'NONE',  ( 2.750000000000028400, -0.3500000000000027000, 0.8999999999998972200 ) ) ;
#1646 = DIRECTION ( 'NONE',  ( -1.000000000000000000, 6.610922746731403600E-017, -1.052246740033299200E-014 ) ) ;
#1647 = CARTESIAN_POINT ( 'NONE',  ( 2.299999999999903900, 4.199999999999970900, 7.499999999999917400 ) ) ;
#1648 = VECTOR ( 'NONE', #1129, 1000.000000000000000 ) ;
#1649 = EDGE_CURVE ( 'NONE', #3394, #423, #1880, .T. ) ;
#1650 = ORIENTED_EDGE ( 'NONE', *, *, #797, .F. ) ;
#1651 =( LENGTH_UNIT ( ) NAMED_UNIT ( * ) SI_UNIT ( .MILLI., .METRE. ) );
#1652 = ORIENTED_EDGE ( 'NONE', *, *, #682, .F. ) ;
#1653 = CARTESIAN_POINT ( 'NONE',  ( 2.750000000000036000, 2.849999999999979200, 1.599999999999878000 ) ) ;
#1654 = EDGE_CURVE ( 'NONE', #2737, #3394, #1639, .T. ) ;
#1655 = CARTESIAN_POINT ( 'NONE',  ( 3.250000000000032400, -1.260657968801170500, 1.270471987470913600 ) ) ;
#1656 = EDGE_LOOP ( 'NONE', ( #1772, #3480, #1767, #1745, #1679, #1774, #1297, #1185, #2642, #1166, #1417, #2124, #1965 ) ) ;
#1657 = LINE ( 'NONE', #549, #1294 ) ;
#1658 = VERTEX_POINT ( 'NONE', #2974 ) ;
#1659 = DIRECTION ( 'NONE',  ( 1.000000000000000000, -6.610922746731392500E-017, 1.052246740033299200E-014 ) ) ;
#1660 = LINE ( 'NONE', #3210, #1243 ) ;
#1661 = AXIS2_PLACEMENT_3D ( 'NONE', #2142, #438, #3338 ) ;
#1662 = EDGE_LOOP ( 'NONE', ( #1992, #2593, #3579, #1457, #1209, #582, #1449 ) ) ;
#1663 = VECTOR ( 'NONE', #541, 1000.000000000000000 ) ;
#1664 = VECTOR ( 'NONE', #769, 1000.000000000000000 ) ;
#1665 = DIRECTION ( 'NONE',  ( -0.9396926207859092100, -0.3378093078114372000, -0.05350373815414331800 ) ) ;
#1666 = FACE_OUTER_BOUND ( 'NONE', #2037, .T. ) ;
#1667 = LINE ( 'NONE', #777, #1301 ) ;
#1668 = AXIS2_PLACEMENT_3D ( 'NONE', #3608, #1861, #2743 ) ;
#1669 = DIRECTION ( 'NONE',  ( 6.610922746727709500E-017, 1.000000000000000000, 3.499817452019463200E-015 ) ) ;
#1670 = DIRECTION ( 'NONE',  ( 6.610922746727709500E-017, 1.000000000000000000, 3.499817452019463200E-015 ) ) ;
#1671 = EDGE_LOOP ( 'NONE', ( #319, #2158, #2189, #3348 ) ) ;
#1672 = ORIENTED_EDGE ( 'NONE', *, *, #3269, .T. ) ;
#1673 = EDGE_CURVE ( 'NONE', #3237, #353, #3197, .T. ) ;
#1674 = CARTESIAN_POINT ( 'NONE',  ( 1.250000000000000000, 2.849999999999979200, 1.599999999999896400 ) ) ;
#1675 = PLANE ( 'NONE',  #3657 ) ;
#1676 = ORIENTED_EDGE ( 'NONE', *, *, #3072, .F. ) ;
#1677 = EDGE_LOOP ( 'NONE', ( #2848, #1239, #2955, #3188 ) ) ;
#1678 = EDGE_LOOP ( 'NONE', ( #3183, #556, #3397, #315, #1779, #2272, #2444, #2727, #464, #2419, #2912, #1855, #926, #770, #1973 ) ) ;
#1679 = ORIENTED_EDGE ( 'NONE', *, *, #2294, .F. ) ;
#1680 = EDGE_CURVE ( 'NONE', #2134, #2653, #3564, .T. ) ;
#1681 = CARTESIAN_POINT ( 'NONE',  ( 1.250000000000000000, 2.849999999999979200, 6.349999999999897500 ) ) ;
#1682 = ORIENTED_EDGE ( 'NONE', *, *, #10, .T. ) ;
#1683 = DIRECTION ( 'NONE',  ( -6.776263578034440900E-017, 1.000000000000000000, 6.030874584450652300E-015 ) ) ;
#1684 = CARTESIAN_POINT ( 'NONE',  ( 0.7500000000000000000, 2.849999999999979200, 1.599999999999896400 ) ) ;
#1685 = AXIS2_PLACEMENT_3D ( 'NONE', #1223, #341, #2360 ) ;
#1686 = CARTESIAN_POINT ( 'NONE',  ( 2.750000000000036000, 2.849999999999979200, 1.599999999999878000 ) ) ;
#1687 = CARTESIAN_POINT ( 'NONE',  ( 3.250000000000030600, 2.849999999999978800, 1.099999999999872900 ) ) ;
#1688 = DIRECTION ( 'NONE',  ( -6.610922746731392500E-017, -1.000000000000000000, -6.956321908860092100E-031 ) ) ;
#1689 = VECTOR ( 'NONE', #278, 1000.000000000000000 ) ;
#1690 = VECTOR ( 'NONE', #428, 1000.000000000000000 ) ;
#1691 = ORIENTED_EDGE ( 'NONE', *, *, #3682, .F. ) ;
#1692 = VECTOR ( 'NONE', #165, 1000.000000000000000 ) ;
#1693 = EDGE_CURVE ( 'NONE', #124, #2441, #2481, .T. ) ;
#1694 = DIRECTION ( 'NONE',  ( 7.487254336630986800E-015, 0.7071067811865472400, -0.7071067811865479100 ) ) ;
#1695 = CARTESIAN_POINT ( 'NONE',  ( -2.950000000000081000, 2.949999999999977100, 6.099999999999879700 ) ) ;
#1696 = DIRECTION ( 'NONE',  ( -1.558644840863088700E-015, 0.9876883405951376600, 0.1564344650402308100 ) ) ;
#1697 = DIRECTION ( 'NONE',  ( 0.3236155771181817900, 0.3236155771181817900, -0.8891264907159904800 ) ) ;
#1698 = EDGE_CURVE ( 'NONE', #2534, #304, #955, .T. ) ;
#1699 = ORIENTED_EDGE ( 'NONE', *, *, #3380, .T. ) ;
#1700 = DIRECTION ( 'NONE',  ( 3.536773455184647700E-015, -0.9396926207859093200, -0.3420201433256662100 ) ) ;
#1701 = EDGE_LOOP ( 'NONE', ( #3625, #87, #1742, #1162 ) ) ;
#1702 = ORIENTED_EDGE ( 'NONE', *, *, #3390, .T. ) ;
#1703 = EDGE_CURVE ( 'NONE', #1549, #994, #2429, .T. ) ;
#1704 = CARTESIAN_POINT ( 'NONE',  ( 4.299999999999923400, 4.799999999999970500, 7.599999999999948100 ) ) ;
#1705 = VECTOR ( 'NONE', #1753, 1000.000000000000000 ) ;
#1706 = CIRCLE ( 'NONE', #1622, 0.4000000000000001900 ) ;
#1707 = ORIENTED_EDGE ( 'NONE', *, *, #1379, .F. ) ;
#1708 = CARTESIAN_POINT ( 'NONE',  ( 1.250000000000000200, -3.060891383739940100, 1.099999999999861500 ) ) ;
#1709 = CARTESIAN_POINT ( 'NONE',  ( -1.250000000000035500, -0.4887401227135119700, 1.655947307038443000 ) ) ;
#1710 = CIRCLE ( 'NONE', #3176, 0.9999999999999995600 ) ;
#1711 = FACE_OUTER_BOUND ( 'NONE', #1542, .T. ) ;
#1712 = PLANE ( 'NONE',  #1192 ) ;
#1713 = SURFACE_STYLE_FILL_AREA ( #2502 ) ;
#1714 = CIRCLE ( 'NONE', #2400, 0.4000000000000001900 ) ;
#1715 = ORIENTED_EDGE ( 'NONE', *, *, #3057, .T. ) ;
#1716 = AXIS2_PLACEMENT_3D ( 'NONE', #1226, #3254, #3544 ) ;
#1717 = CARTESIAN_POINT ( 'NONE',  ( 4.399999999999904400, 0.5999999999999694500, 7.599999999999926800 ) ) ;
#1718 = ORIENTED_EDGE ( 'NONE', *, *, #2268, .F. ) ;
#1719 = DIRECTION ( 'NONE',  ( 1.000000000000000000, 6.610922746731387600E-017, -1.052246740033299000E-014 ) ) ;
#1720 = ORIENTED_EDGE ( 'NONE', *, *, #3560, .F. ) ;
#1721 = EDGE_CURVE ( 'NONE', #3409, #1987, #271, .T. ) ;
#1722 = CARTESIAN_POINT ( 'NONE',  ( 4.949999999999903400, 4.299999999999972300, 7.599999999999946400 ) ) ;
#1723 = ORIENTED_EDGE ( 'NONE', *, *, #870, .T. ) ;
#1724 = CARTESIAN_POINT ( 'NONE',  ( -0.8477558125036357400, 2.947755812503527900, 6.618581887473841800 ) ) ;
#1725 = EDGE_CURVE ( 'NONE', #1494, #3633, #88, .T. ) ;
#1726 = VECTOR ( 'NONE', #3284, 1000.000000000000000 ) ;
#1727 = PLANE ( 'NONE',  #937 ) ;
#1728 = PLANE ( 'NONE',  #856 ) ;
#1729 = AXIS2_PLACEMENT_3D ( 'NONE', #1990, #267, #240 ) ;
#1730 = VECTOR ( 'NONE', #2396, 1000.000000000000000 ) ;
#1731 = ADVANCED_FACE ( 'NONE', ( #1828 ), #1595, .T. ) ;
#1732 = EDGE_LOOP ( 'NONE', ( #2317, #2036, #2231, #1323, #2822 ) ) ;
#1733 = CARTESIAN_POINT ( 'NONE',  ( 3.250000000000036000, 2.849999999999979200, 1.599999999999872900 ) ) ;
#1734 = PLANE ( 'NONE',  #2545 ) ;
#1735 = CARTESIAN_POINT ( 'NONE',  ( 4.949999999999918500, 2.549999999999971400, 6.099999999999940100 ) ) ;
#1736 = VECTOR ( 'NONE', #1670, 1000.000000000000000 ) ;
#1737 = DIRECTION ( 'NONE',  ( -1.038257660396825300E-014, -0.1564344650402306500, -0.9876883405951376600 ) ) ;
#1738 = LINE ( 'NONE', #2260, #460 ) ;
#1739 = CARTESIAN_POINT ( 'NONE',  ( 1.250000000000000000, -3.060891383739940100, 1.099999999999861500 ) ) ;
#1740 = VERTEX_POINT ( 'NONE', #2182 ) ;
#1741 = CARTESIAN_POINT ( 'NONE',  ( 1.140808929720139400, 2.959191070279839900, 6.649999999999900900 ) ) ;
#1742 = ORIENTED_EDGE ( 'NONE', *, *, #106, .F. ) ;
#1743 = EDGE_CURVE ( 'NONE', #3529, #1904, #915, .T. ) ;
#1744 = DIRECTION ( 'NONE',  ( -1.052246740033299200E-014, 6.030874584450651500E-015, -1.000000000000000000 ) ) ;
#1745 = ORIENTED_EDGE ( 'NONE', *, *, #1084, .F. ) ;
#1746 = CARTESIAN_POINT ( 'NONE',  ( -2.300000000000046900, 1.949999999999990900, 2.749999999999881900 ) ) ;
#1747 = FACE_OUTER_BOUND ( 'NONE', #1677, .T. ) ;
#1748 = EDGE_CURVE ( 'NONE', #2456, #811, #2567, .T. ) ;
#1749 = DIRECTION ( 'NONE',  ( -7.465916754863207800E-015, 0.7071067811865479100, 0.7071067811865472400 ) ) ;
#1750 = LINE ( 'NONE', #2753, #2580 ) ;
#1751 = VERTEX_POINT ( 'NONE', #1018 ) ;
#1752 = ADVANCED_FACE ( 'NONE', ( #2186 ), #442, .F. ) ;
#1753 = DIRECTION ( 'NONE',  ( 1.000000000000000000, 6.610922746731392500E-017, -1.052246740033299200E-014 ) ) ;
#1754 = CARTESIAN_POINT ( 'NONE',  ( 2.949999999999903400, 4.799999999999970500, 7.599999999999948100 ) ) ;
#1755 = LINE ( 'NONE', #1044, #3311 ) ;
#1756 = LINE ( 'NONE', #3172, #474 ) ;
#1757 = PRESENTATION_STYLE_ASSIGNMENT (( #2233 ) ) ;
#1758 = AXIS2_PLACEMENT_3D ( 'NONE', #3685, #1934, #2571 ) ;
#1759 = DIRECTION ( 'NONE',  ( 0.3236155771181819000, -0.8891264907159904800, 0.3236155771181815100 ) ) ;
#1761 = ORIENTED_EDGE ( 'NONE', *, *, #3511, .F. ) ;
#1760 = LINE ( 'NONE', #1020, #1032 ) ;
#1762 = CARTESIAN_POINT ( 'NONE',  ( 0.7500000000000000000, 2.849999999999979200, 6.349999999999897500 ) ) ;
#1763 = LINE ( 'NONE', #23, #3271 ) ;
#1764 = LINE ( 'NONE', #2603, #1582 ) ;
#1765 = DIRECTION ( 'NONE',  ( -6.610922746727681200E-017, -1.000000000000000000, -3.556194288387412000E-015 ) ) ;
#1766 = ORIENTED_EDGE ( 'NONE', *, *, #1605, .F. ) ;
#1767 = ORIENTED_EDGE ( 'NONE', *, *, #1262, .F. ) ;
#1768 = ORIENTED_EDGE ( 'NONE', *, *, #2472, .T. ) ;
#1769 = ORIENTED_EDGE ( 'NONE', *, *, #3662, .F. ) ;
#1770 = EDGE_LOOP ( 'NONE', ( #2805, #3478, #3328, #996 ) ) ;
#1771 = DIRECTION ( 'NONE',  ( 0.0000000000000000000, 0.3420201433256649400, 0.9396926207859097600 ) ) ;
#1772 = ORIENTED_EDGE ( 'NONE', *, *, #131, .F. ) ;
#1773 = ADVANCED_FACE ( 'NONE', ( #1407 ), #2755, .T. ) ;
#1774 = ORIENTED_EDGE ( 'NONE', *, *, #2367, .F. ) ;
#1775 = ORIENTED_EDGE ( 'NONE', *, *, #206, .T. ) ;
#1776 = EDGE_CURVE ( 'NONE', #632, #2546, #3291, .T. ) ;
#1777 = PLANE ( 'NONE',  #3652 ) ;
#1778 = PLANE ( 'NONE',  #828 ) ;
#1779 = ORIENTED_EDGE ( 'NONE', *, *, #2873, .F. ) ;
#1780 = LINE ( 'NONE', #3246, #594 ) ;
#1781 = EDGE_CURVE ( 'NONE', #3206, #3716, #1009, .T. ) ;
#1782 = PLANE ( 'NONE',  #3554 ) ;
#1783 = DIRECTION ( 'NONE',  ( -3.661018161618431800E-015, 0.9396926207859093200, -0.3420201433256662100 ) ) ;
#1784 = CARTESIAN_POINT ( 'NONE',  ( -2.950000000000025500, 2.776239569296601300, -1.220811646218678000E-013 ) ) ;
#1785 = VECTOR ( 'NONE', #2426, 1000.000000000000000 ) ;
#1786 = CARTESIAN_POINT ( 'NONE',  ( -1.300000000000075300, 4.799999999999980300, 5.599999999999900200 ) ) ;
#1787 = VECTOR ( 'NONE', #2548, 1000.000000000000000 ) ;
#1788 = VERTEX_POINT ( 'NONE', #1445 ) ;
#1789 = CARTESIAN_POINT ( 'NONE',  ( 4.949999999999966400, 4.799999999999990900, 1.599999999999946400 ) ) ;
#1790 = AXIS2_PLACEMENT_3D ( 'NONE', #78, #426, #972 ) ;
#1791 = ADVANCED_FACE ( 'NONE', ( #2330 ), #3542, .F. ) ;
#1792 = CARTESIAN_POINT ( 'NONE',  ( -1.250000000000029500, -0.3500000000000025900, 1.099999999999874900 ) ) ;
#1793 = CARTESIAN_POINT ( 'NONE',  ( 1.250000000000000000, -3.360891383739943900, 1.490808929720016700 ) ) ;
#1794 = CARTESIAN_POINT ( 'NONE',  ( -0.7500000000000384100, -1.338875201321286100, 1.923372182826426500 ) ) ;
#1795 = CARTESIAN_POINT ( 'NONE',  ( 2.750000000000031100, -3.400000000000002600, 1.103077914851101400 ) ) ;
#1796 = VERTEX_POINT ( 'NONE', #583 ) ;
#1797 = ORIENTED_EDGE ( 'NONE', *, *, #1938, .T. ) ;
#1798 = EDGE_CURVE ( 'NONE', #814, #593, #2513, .T. ) ;
#1799 = PLANE ( 'NONE',  #2519 ) ;
#1800 = FACE_OUTER_BOUND ( 'NONE', #527, .T. ) ;
#1801 = CARTESIAN_POINT ( 'NONE',  ( 2.750000000000089300, 3.349999999999979200, 6.649999999999882200 ) ) ;
#1802 = LINE ( 'NONE', #1402, #836 ) ;
#1803 = LINE ( 'NONE', #3421, #3264 ) ;
#1804 = EDGE_CURVE ( 'NONE', #3168, #1796, #1555, .T. ) ;
#1805 = ADVANCED_FACE ( 'NONE', ( #639 ), #3515, .F. ) ;
#1806 = CARTESIAN_POINT ( 'NONE',  ( -1.300000000000077100, 4.199999999999978000, 5.599999999999901100 ) ) ;
#1807 = LINE ( 'NONE', #912, #2859 ) ;
#1808 = LINE ( 'NONE', #1961, #2167 ) ;
#1809 = CARTESIAN_POINT ( 'NONE',  ( 3.299999999999965200, 4.199999999999992200, 1.599999999999930100 ) ) ;
#1810 = LINE ( 'NONE', #1270, #2211 ) ;
#1811 = LINE ( 'NONE', #2960, #2772 ) ;
#1812 = CARTESIAN_POINT ( 'NONE',  ( -0.7500000000000368600, -0.3500000000000027500, 1.799999999999880100 ) ) ;
#1813 = ORIENTED_EDGE ( 'NONE', *, *, #1285, .F. ) ;
#1814 = ADVANCED_FACE ( 'NONE', ( #2874 ), #3526, .F. ) ;
#1815 = ORIENTED_EDGE ( 'NONE', *, *, #1061, .F. ) ;
#1816 = DIRECTION ( 'NONE',  ( 1.000000000000000000, 6.610922746731392500E-017, -1.052246740033299200E-014 ) ) ;
#1817 = VERTEX_POINT ( 'NONE', #29 ) ;
#1818 = DIRECTION ( 'NONE',  ( 0.0000000000000000000, -1.000000000000000000, -8.866364432770303500E-015 ) ) ;
#1819 = ORIENTED_EDGE ( 'NONE', *, *, #2617, .T. ) ;
#1820 = CARTESIAN_POINT ( 'NONE',  ( -1.250000000000028000, -1.182440736281055200, 0.9356838422312840900 ) ) ;
#1821 = PLANE ( 'NONE',  #3571 ) ;
#1822 = AXIS2_PLACEMENT_3D ( 'NONE', #255, #1955, #3432 ) ;
#1823 = DIRECTION ( 'NONE',  ( -1.084202172485504000E-014, 0.0000000000000000000, 1.000000000000000000 ) ) ;
#1824 = ADVANCED_FACE ( 'NONE', ( #1178 ), #2914, .F. ) ;
#1825 = LINE ( 'NONE', #371, #1917 ) ;
#1826 = EDGE_CURVE ( 'NONE', #3333, #1970, #1600, .T. ) ;
#1827 = DIRECTION ( 'NONE',  ( -1.000000000000000000, 6.610922746731392500E-017, -1.052246740033299200E-014 ) ) ;
#1828 = FACE_OUTER_BOUND ( 'NONE', #1317, .T. ) ;
#1829 = ADVANCED_FACE ( 'NONE', ( #1403 ), #2900, .F. ) ;
#1830 = EDGE_CURVE ( 'NONE', #2325, #2105, #3062, .T. ) ;
#1831 = DIRECTION ( 'NONE',  ( -0.0000000000000000000, 0.4999999999999947300, 0.8660254037844418200 ) ) ;
#1832 = LINE ( 'NONE', #2348, #3659 ) ;
#1833 = CARTESIAN_POINT ( 'NONE',  ( 2.750000000000054600, 3.349999999999984500, 3.349999999999917500 ) ) ;
#1834 = DIRECTION ( 'NONE',  ( 0.0000000000000000000, 3.499817452019463200E-015, -1.000000000000000000 ) ) ;
#1835 = CARTESIAN_POINT ( 'NONE',  ( 2.750000000000038200, -1.182440736281054900, 1.764316157768487800 ) ) ;
#1836 = LINE ( 'NONE', #1118, #276 ) ;
#1837 = ORIENTED_EDGE ( 'NONE', *, *, #624, .F. ) ;
#1838 = AXIS2_PLACEMENT_3D ( 'NONE', #3646, #1895, #3046 ) ;
#1839 = CARTESIAN_POINT ( 'NONE',  ( 3.299999999999965200, 4.199999999999986000, 1.599999999999928600 ) ) ;
#1840 = ORIENTED_EDGE ( 'NONE', *, *, #1506, .F. ) ;
#1841 = ADVANCED_FACE ( 'NONE', ( #689 ), #316, .T. ) ;
#1842 = ORIENTED_EDGE ( 'NONE', *, *, #2945, .T. ) ;
#1843 = ORIENTED_EDGE ( 'NONE', *, *, #2858, .T. ) ;
#1844 = DIRECTION ( 'NONE',  ( 0.0000000000000000000, -0.0000000000000000000, 1.000000000000000000 ) ) ;
#1845 = CARTESIAN_POINT ( 'NONE',  ( 4.299999999999908300, 2.549999999999976700, 6.099999999999933900 ) ) ;
#1846 = VECTOR ( 'NONE', #1818, 1000.000000000000000 ) ;
#1847 = CARTESIAN_POINT ( 'NONE',  ( -0.3000000000000961900, 4.199999999999970900, 7.499999999999910300 ) ) ;
#1848 = ORIENTED_EDGE ( 'NONE', *, *, #1901, .F. ) ;
#1849 = CARTESIAN_POINT ( 'NONE',  ( 1.250000000000000000, 2.849999999999979200, 1.599999999999896400 ) ) ;
#1850 = EDGE_CURVE ( 'NONE', #2325, #2572, #1314, .T. ) ;
#1851 = VECTOR ( 'NONE', #696, 1000.000000000000000 ) ;
#1852 = LINE ( 'NONE', #1501, #2674 ) ;
#1853 = DIRECTION ( 'NONE',  ( 1.000000000000000000, 0.0000000000000000000, 1.052246740033299200E-014 ) ) ;
#1855 = ORIENTED_EDGE ( 'NONE', *, *, #311, .F. ) ;
#1854 = LINE ( 'NONE', #3612, #1984 ) ;
#1856 = FACE_OUTER_BOUND ( 'NONE', #1770, .T. ) ;
#1857 = FACE_OUTER_BOUND ( 'NONE', #786, .T. ) ;
#1858 = EDGE_CURVE ( 'NONE', #1188, #1944, #1221, .T. ) ;
#1859 = DIRECTION ( 'NONE',  ( -6.610922746731392500E-017, -1.000000000000000000, -6.956321908860092100E-031 ) ) ;
#1860 = ORIENTED_EDGE ( 'NONE', *, *, #1743, .F. ) ;
#1861 = DIRECTION ( 'NONE',  ( 7.393761770548720700E-015, -0.7071067811865455700, -0.7071067811865495700 ) ) ;
#1862 = VERTEX_POINT ( 'NONE', #596 ) ;
#1863 = CARTESIAN_POINT ( 'NONE',  ( -1.950000000000017700, -3.469446951953614200E-015, -1.207801220148851900E-013 ) ) ;
#1864 = ORIENTED_EDGE ( 'NONE', *, *, #1971, .F. ) ;
#1865 = DIRECTION ( 'NONE',  ( -1.052246740033299200E-014, 0.0000000000000000000, 1.000000000000000000 ) ) ;
#1866 = ADVANCED_FACE ( 'NONE', ( #1175 ), #2359, .F. ) ;
#1867 = ORIENTED_EDGE ( 'NONE', *, *, #3050, .F. ) ;
#1868 = EDGE_LOOP ( 'NONE', ( #2501, #2430, #735, #330 ) ) ;
#1869 = ORIENTED_EDGE ( 'NONE', *, *, #498, .F. ) ;
#1870 = DIRECTION ( 'NONE',  ( -1.040834085586084300E-014, 0.0000000000000000000, -1.000000000000000000 ) ) ;
#1871 = AXIS2_PLACEMENT_3D ( 'NONE', #3374, #2205, #1332 ) ;
#1872 = ORIENTED_EDGE ( 'NONE', *, *, #624, .T. ) ;
#1873 = ORIENTED_EDGE ( 'NONE', *, *, #1176, .F. ) ;
#1874 = CARTESIAN_POINT ( 'NONE',  ( -0.9500000000000827800, 2.949999999999977100, 6.099999999999879700 ) ) ;
#1875 = CARTESIAN_POINT ( 'NONE',  ( -0.9500000000000983200, 2.549999999999971400, 7.599999999999877100 ) ) ;
#1876 = ORIENTED_EDGE ( 'NONE', *, *, #2313, .T. ) ;
#1877 = EDGE_CURVE ( 'NONE', #2653, #2863, #3422, .T. ) ;
#1878 = FACE_OUTER_BOUND ( 'NONE', #1701, .T. ) ;
#1879 = DIRECTION ( 'NONE',  ( -1.040834085586083800E-014, 0.0000000000000000000, -1.000000000000000000 ) ) ;
#1880 = LINE ( 'NONE', #1552, #734 ) ;
#1881 = EDGE_CURVE ( 'NONE', #447, #3186, #1007, .T. ) ;
#1882 = ORIENTED_EDGE ( 'NONE', *, *, #2313, .F. ) ;
#1883 = DIRECTION ( 'NONE',  ( -1.000000000000000000, -0.0000000000000000000, -1.052246740033299200E-014 ) ) ;
#1884 = ADVANCED_FACE ( 'NONE', ( #2234 ), #1410, .F. ) ;
#1885 = LINE ( 'NONE', #2849, #917 ) ;
#1886 = AXIS2_PLACEMENT_3D ( 'NONE', #1365, #2225, #801 ) ;
#1887 = ORIENTED_EDGE ( 'NONE', *, *, #3200, .T. ) ;
#1888 = CARTESIAN_POINT ( 'NONE',  ( -0.3000000000000970800, 4.199999999999986000, 7.599999999999913500 ) ) ;
#1889 = ORIENTED_EDGE ( 'NONE', *, *, #3195, .T. ) ;
#1890 = PLANE ( 'NONE',  #126 ) ;
#1891 = ORIENTED_EDGE ( 'NONE', *, *, #3565, .T. ) ;
#1892 = CARTESIAN_POINT ( 'NONE',  ( -2.300000000000034500, 4.199999999999970900, 1.599999999999893100 ) ) ;
#1893 = LINE ( 'NONE', #1250, #1664 ) ;
#1894 = FACE_OUTER_BOUND ( 'NONE', #3073, .T. ) ;
#1895 = DIRECTION ( 'NONE',  ( 1.000000000000000000, 0.0000000000000000000, 0.0000000000000000000 ) ) ;
#1896 = VECTOR ( 'NONE', #1278, 1000.000000000000100 ) ;
#1897 = VECTOR ( 'NONE', #2217, 1000.000000000000000 ) ;
#1898 = VECTOR ( 'NONE', #1853, 1000.000000000000000 ) ;
#1899 = FACE_OUTER_BOUND ( 'NONE', #209, .T. ) ;
#1900 = PLANE ( 'NONE',  #3213 ) ;
#1901 = EDGE_CURVE ( 'NONE', #2219, #857, #223, .T. ) ;
#1902 = PRESENTATION_STYLE_ASSIGNMENT (( #2831 ) ) ;
#1903 = LINE ( 'NONE', #2241, #1033 ) ;
#1904 = VERTEX_POINT ( 'NONE', #2638 ) ;
#1905 = PLANE ( 'NONE',  #1930 ) ;
#1906 = ORIENTED_EDGE ( 'NONE', *, *, #1632, .T. ) ;
#1907 = EDGE_CURVE ( 'NONE', #1429, #687, #2746, .T. ) ;
#1908 = ORIENTED_EDGE ( 'NONE', *, *, #576, .T. ) ;
#1909 = DIRECTION ( 'NONE',  ( 1.000000000000000000, 0.0000000000000000000, 1.052246740033299200E-014 ) ) ;
#1910 = CARTESIAN_POINT ( 'NONE',  ( -2.300000000000097100, 4.199999999999970900, 7.599999999999890400 ) ) ;
#1911 = ORIENTED_EDGE ( 'NONE', *, *, #552, .F. ) ;
#1912 = CARTESIAN_POINT ( 'NONE',  ( 0.0000000000000000000, 0.0000000000000000000, 0.0000000000000000000 ) ) ;
#1913 = ORIENTED_EDGE ( 'NONE', *, *, #2491, .F. ) ;
#1914 = CARTESIAN_POINT ( 'NONE',  ( -2.300000000000097100, 4.199999999999992200, 7.599999999999890400 ) ) ;
#1915 = FACE_OUTER_BOUND ( 'NONE', #397, .T. ) ;
#1916 = PLANE ( 'NONE',  #2148 ) ;
#1917 = VECTOR ( 'NONE', #3603, 1000.000000000000000 ) ;
#1918 = ORIENTED_EDGE ( 'NONE', *, *, #3617, .F. ) ;
#1919 = EDGE_CURVE ( 'NONE', #487, #2370, #3742, .T. ) ;
#1920 = LINE ( 'NONE', #1128, #458 ) ;
#1921 = EDGE_CURVE ( 'NONE', #3352, #289, #3692, .T. ) ;
#1922 = DIRECTION ( 'NONE',  ( 0.0000000000000000000, 1.440373675836524100E-016, -1.000000000000000000 ) ) ;
#1923 = LINE ( 'NONE', #2563, #2752 ) ;
#1924 = ORIENTED_EDGE ( 'NONE', *, *, #138, .F. ) ;
#1925 = ORIENTED_EDGE ( 'NONE', *, *, #2738, .F. ) ;
#1926 = ORIENTED_EDGE ( 'NONE', *, *, #3292, .T. ) ;
#1927 = FACE_OUTER_BOUND ( 'NONE', #533, .T. ) ;
#1928 = CARTESIAN_POINT ( 'NONE',  ( -0.7500000000000878200, 3.349999999999979200, 6.649999999999903500 ) ) ;
#1929 = VECTOR ( 'NONE', #3635, 1000.000000000000000 ) ;
#1930 = AXIS2_PLACEMENT_3D ( 'NONE', #3377, #3075, #3641 ) ;
#1931 = CARTESIAN_POINT ( 'NONE',  ( -2.950000000000083700, 2.949999999999976600, 6.099999999999879700 ) ) ;
#1932 = ORIENTED_EDGE ( 'NONE', *, *, #2268, .T. ) ;
#1933 = DIRECTION ( 'NONE',  ( 0.9396926207859096500, 0.3420201433256653800, 0.0000000000000000000 ) ) ;
#1934 = DIRECTION ( 'NONE',  ( 0.0000000000000000000, 0.0000000000000000000, -1.000000000000000000 ) ) ;
#1935 = FACE_OUTER_BOUND ( 'NONE', #973, .T. ) ;
#1936 = LINE ( 'NONE', #302, #664 ) ;
#1937 = DIRECTION ( 'NONE',  ( 0.0000000000000000000, -1.000000000000000000, -1.440373675836524100E-016 ) ) ;
#1938 = EDGE_CURVE ( 'NONE', #1658, #2226, #2699, .T. ) ;
#1939 = DIRECTION ( 'NONE',  ( -1.000000000000000000, -6.610922746731392500E-017, 1.052246740033299200E-014 ) ) ;
#1941 = ORIENTED_EDGE ( 'NONE', *, *, #1830, .T. ) ;
#1940 = VECTOR ( 'NONE', #2483, 1000.000000000000000 ) ;
#1942 = LINE ( 'NONE', #1724, #3177 ) ;
#1943 = VECTOR ( 'NONE', #3201, 1000.000000000000000 ) ;
#1944 = VERTEX_POINT ( 'NONE', #1422 ) ;
#1945 =( LENGTH_UNIT ( ) NAMED_UNIT ( * ) SI_UNIT ( .MILLI., .METRE. ) );
#1946 = ORIENTED_EDGE ( 'NONE', *, *, #2708, .F. ) ;
#1947 = EDGE_CURVE ( 'NONE', #2325, #732, #3245, .T. ) ;
#1948 = ORIENTED_EDGE ( 'NONE', *, *, #3731, .F. ) ;
#1949 = DIRECTION ( 'NONE',  ( -6.610922746731392500E-017, 1.000000000000000000, 6.954678483224958200E-031 ) ) ;
#1950 = DIRECTION ( 'NONE',  ( 6.610922746727709500E-017, 1.000000000000000000, 3.499817452019463200E-015 ) ) ;
#1951 = EDGE_LOOP ( 'NONE', ( #2964, #611, #411, #2374 ) ) ;
#1952 = ORIENTED_EDGE ( 'NONE', *, *, #3511, .T. ) ;
#1953 = CARTESIAN_POINT ( 'NONE',  ( 4.299999999999903000, 0.6999999999999870800, 7.599999999999937500 ) ) ;
#1954 = DIRECTION ( 'NONE',  ( 3.682671504599126900E-029, -1.000000000000000000, -3.499817452019462400E-015 ) ) ;
#1955 = DIRECTION ( 'NONE',  ( -0.7071067811865464600, -2.427998370196875100E-015, 0.7071067811865486800 ) ) ;
#1956 = ORIENTED_EDGE ( 'NONE', *, *, #338, .T. ) ;
#1957 = APPLICATION_CONTEXT ( 'automotive_design' ) ;
#1958 = ORIENTED_EDGE ( 'NONE', *, *, #552, .T. ) ;
#1959 = LINE ( 'NONE', #3191, #135 ) ;
#1960 = DIRECTION ( 'NONE',  ( 0.0000000000000000000, 0.0000000000000000000, -1.000000000000000000 ) ) ;
#1961 = CARTESIAN_POINT ( 'NONE',  ( 1.250000000000000000, -3.360891383739943900, 1.209191070279722200 ) ) ;
#1962 = DIRECTION ( 'NONE',  ( -1.000000000000000000, 6.610922746731390000E-017, -1.052246740033299000E-014 ) ) ;
#1963 =( GEOMETRIC_REPRESENTATION_CONTEXT ( 3 ) GLOBAL_UNCERTAINTY_ASSIGNED_CONTEXT ( ( #2140 ) ) GLOBAL_UNIT_ASSIGNED_CONTEXT ( ( #1651, #772, #784 ) ) REPRESENTATION_CONTEXT ( 'NONE', 'WORKASPACE' ) );
#1964 = LINE ( 'NONE', #2377, #2878 ) ;
#1965 = ORIENTED_EDGE ( 'NONE', *, *, #819, .F. ) ;
#1966 = DIRECTION ( 'NONE',  ( -6.610922746731392500E-017, 1.000000000000000000, 6.956321908860092100E-031 ) ) ;
#1967 = DIRECTION ( 'NONE',  ( -1.084202172485606800E-014, 0.0000000000000000000, -1.000000000000000000 ) ) ;
#1968 = DIRECTION ( 'NONE',  ( 0.9396926207859096500, 0.0000000000000000000, 0.3420201433256653800 ) ) ;
#1969 = EDGE_CURVE ( 'NONE', #2789, #3206, #1959, .T. ) ;
#1970 = VERTEX_POINT ( 'NONE', #1466 ) ;
#1971 = EDGE_CURVE ( 'NONE', #3090, #2908, #2919, .T. ) ;
#1972 = CARTESIAN_POINT ( 'NONE',  ( 3.299999999999965200, 4.799999999999987400, 1.599999999999922400 ) ) ;
#1973 = ORIENTED_EDGE ( 'NONE', *, *, #2970, .F. ) ;
#1974 = EDGE_LOOP ( 'NONE', ( #2715, #579, #609, #2269 ) ) ;
#1975 = SURFACE_STYLE_USAGE ( .BOTH. , #2841 ) ;
#1976 = ORIENTED_EDGE ( 'NONE', *, *, #2566, .T. ) ;
#1977 = LINE ( 'NONE', #3156, #1432 ) ;
#1978 = ORIENTED_EDGE ( 'NONE', *, *, #3346, .T. ) ;
#1979 = LINE ( 'NONE', #2425, #2452 ) ;
#1980 = VECTOR ( 'NONE', #1607, 1000.000000000000000 ) ;
#1981 = VECTOR ( 'NONE', #2821, 1000.000000000000000 ) ;
#1982 = MECHANICAL_DESIGN_GEOMETRIC_PRESENTATION_REPRESENTATION (  '', ( #2054 ), #2655 ) ;
#1983 = DIRECTION ( 'NONE',  ( -1.084202172485504000E-014, -1.084202172485503800E-015, 1.000000000000000000 ) ) ;
#1984 = VECTOR ( 'NONE', #95, 1000.000000000000000 ) ;
#1985 = CARTESIAN_POINT ( 'NONE',  ( 2.949999999999982900, 2.776239569296600400, -6.093216209368534900E-014 ) ) ;
#1986 = FACE_OUTER_BOUND ( 'NONE', #401, .T. ) ;
#1987 = VERTEX_POINT ( 'NONE', #3784 ) ;
#1988 = PLANE ( 'NONE',  #2354 ) ;
#1989 = EDGE_CURVE ( 'NONE', #2068, #2596, #2786, .T. ) ;
#1990 = CARTESIAN_POINT ( 'NONE',  ( -1.250000000000035500, -3.103693497821455900, 1.643852424660740400 ) ) ;
#1991 = DIRECTION ( 'NONE',  ( 0.0000000000000000000, -0.0000000000000000000, 1.000000000000000000 ) ) ;
#1992 = ORIENTED_EDGE ( 'NONE', *, *, #3094, .F. ) ;
#1993 = EDGE_LOOP ( 'NONE', ( #1117, #945, #1421, #741 ) ) ;
#1994 = ORIENTED_EDGE ( 'NONE', *, *, #363, .F. ) ;
#1995 = EDGE_LOOP ( 'NONE', ( #3665, #2112, #3419, #402 ) ) ;
#1996 = EDGE_CURVE ( 'NONE', #488, #1068, #2961, .T. ) ;
#1997 = DIRECTION ( 'NONE',  ( 1.000000000000000000, -6.610922746731392500E-017, 1.052246740033299200E-014 ) ) ;
#1998 = CARTESIAN_POINT ( 'NONE',  ( -0.3000000000000536700, 4.799999999999981200, 3.349999999999913900 ) ) ;
#1999 = ORIENTED_EDGE ( 'NONE', *, *, #1200, .T. ) ;
#2000 = DIRECTION ( 'NONE',  ( 0.0000000000000000000, 3.499817452019463200E-015, -1.000000000000000000 ) ) ;
#2001 = PLANE ( 'NONE',  #2050 ) ;
#2002 = AXIS2_PLACEMENT_3D ( 'NONE', #1653, #1949, #180 ) ;
#2003 = DIRECTION ( 'NONE',  ( -0.3236155771181888400, 0.8275552385092844700, -0.4587213592828468500 ) ) ;
#2004 = DIRECTION ( 'NONE',  ( 3.553812700235760600E-029, -1.000000000000000000, -3.377356816637224700E-015 ) ) ;
#2005 = CARTESIAN_POINT ( 'NONE',  ( 0.8591910702798607500, 3.240808929720118600, 6.649999999999900900 ) ) ;
#2006 = LINE ( 'NONE', #2389, #2833 ) ;
#2007 = LINE ( 'NONE', #3000, #539 ) ;
#2008 = VERTEX_POINT ( 'NONE', #2584 ) ;
#2009 = LINE ( 'NONE', #3520, #959 ) ;
#2010 = DIRECTION ( 'NONE',  ( -0.3236155771181835600, -0.9288044978796232700, 0.1805413054263371500 ) ) ;
#2011 = PLANE ( 'NONE',  #2118 ) ;
#2012 = CYLINDRICAL_SURFACE ( 'NONE', #3132, 0.4000000000000001900 ) ;
#2013 = ORIENTED_EDGE ( 'NONE', *, *, #2923, .T. ) ;
#2014 = CARTESIAN_POINT ( 'NONE',  ( -0.8591910702798922800, -3.338864014146287300, 1.210924661863628900 ) ) ;
#2015 = EDGE_CURVE ( 'NONE', #2339, #2343, #3611, .T. ) ;
#2016 = ORIENTED_EDGE ( 'NONE', *, *, #3788, .F. ) ;
#2017 = DIRECTION ( 'NONE',  ( 0.0000000000000000000, 0.0000000000000000000, -1.000000000000000000 ) ) ;
#2018 = ORIENTED_EDGE ( 'NONE', *, *, #2092, .F. ) ;
#2019 = CARTESIAN_POINT ( 'NONE',  ( 3.949999999999965500, -4.336808689942017700E-015, 1.599999999999931900 ) ) ;
#2020 = VERTEX_POINT ( 'NONE', #3205 ) ;
#2021 = VERTEX_POINT ( 'NONE', #548 ) ;
#2022 = EDGE_CURVE ( 'NONE', #687, #3279, #2872, .T. ) ;
#2023 = CARTESIAN_POINT ( 'NONE',  ( -1.250000000000035100, -3.400000000000002600, 1.596922085148670500 ) ) ;
#2024 = VECTOR ( 'NONE', #1222, 1000.000000000000200 ) ;
#2025 = DIRECTION ( 'NONE',  ( 1.052246740033299200E-014, 0.0000000000000000000, -1.000000000000000000 ) ) ;
#2026 = CYLINDRICAL_SURFACE ( 'NONE', #132, 0.4000000000000001900 ) ;
#2027 = VERTEX_POINT ( 'NONE', #5 ) ;
#2028 = VECTOR ( 'NONE', #13, 1000.000000000000000 ) ;
#2029 = FACE_OUTER_BOUND ( 'NONE', #2649, .T. ) ;
#2030 = AXIS2_PLACEMENT_3D ( 'NONE', #1820, #3007, #3609 ) ;
#2031 = CARTESIAN_POINT ( 'NONE',  ( -1.250000000000035700, 2.849999999999990300, 1.599999999999896400 ) ) ;
#2032 = CARTESIAN_POINT ( 'NONE',  ( 2.949999999999965500, 3.699999999999969100, 1.599999999999904600 ) ) ;
#2033 = ORIENTED_EDGE ( 'NONE', *, *, #2162, .F. ) ;
#2034 = VERTEX_POINT ( 'NONE', #2870 ) ;
#2035 = CARTESIAN_POINT ( 'NONE',  ( -2.400000000000098500, 0.5999999999999697800, 7.599999999999877100 ) ) ;
#2036 = ORIENTED_EDGE ( 'NONE', *, *, #4, .T. ) ;
#2037 = EDGE_LOOP ( 'NONE', ( #2828, #1467, #3531, #1521, #2369, #1349, #3477, #2390, #3332, #1720, #2998, #2865, #1840, #433, #813, #2267 ) ) ;
#2038 = ADVANCED_FACE ( 'NONE', ( #1878 ), #2326, .F. ) ;
#2039 = ORIENTED_EDGE ( 'NONE', *, *, #1483, .F. ) ;
#2040 = EDGE_CURVE ( 'NONE', #118, #381, #1361, .T. ) ;
#2041 = EDGE_LOOP ( 'NONE', ( #1021, #3095, #3460, #927, #2464, #3663, #2059, #992, #3137, #461, #1326, #882, #3549, #2864, #2905 ) ) ;
#2042 = DIRECTION ( 'NONE',  ( 0.0000000000000000000, 1.000000000000000000, 0.0000000000000000000 ) ) ;
#2043 = EDGE_CURVE ( 'NONE', #1188, #2551, #3336, .T. ) ;
#2044 = ORIENTED_EDGE ( 'NONE', *, *, #2802, .F. ) ;
#2045 = CARTESIAN_POINT ( 'NONE',  ( 2.750000000000035500, -3.338864014146287300, 1.489075338136147900 ) ) ;
#2046 = LINE ( 'NONE', #202, #495 ) ;
#2047 = CARTESIAN_POINT ( 'NONE',  ( -0.7500000000000878200, 2.849999999999979200, 6.649999999999903500 ) ) ;
#2048 = ORIENTED_EDGE ( 'NONE', *, *, #1673, .F. ) ;
#2049 = DIRECTION ( 'NONE',  ( -6.610922746731392500E-017, 1.000000000000000000, 6.956321908860092100E-031 ) ) ;
#2050 = AXIS2_PLACEMENT_3D ( 'NONE', #3763, #251, #2847 ) ;
#2051 = VECTOR ( 'NONE', #3482, 1000.000000000000000 ) ;
#2052 = VECTOR ( 'NONE', #34, 1000.000000000000000 ) ;
#2053 = CARTESIAN_POINT ( 'NONE',  ( 2.299999999999903900, 4.199999999999970900, 7.499999999999917400 ) ) ;
#2054 = STYLED_ITEM ( 'NONE', ( #1757 ), #3381 ) ;
#2055 = DIRECTION ( 'NONE',  ( 1.000000000000000000, -6.610922746727681200E-017, -2.308192677177924300E-031 ) ) ;
#2056 = LINE ( 'NONE', #2597, #1052 ) ;
#2057 = CARTESIAN_POINT ( 'NONE',  ( 3.250000000000036000, -3.025476265301346900, 1.549991745636595900 ) ) ;
#2058 = DIRECTION ( 'NONE',  ( 6.776263578034440900E-017, 1.000000000000000000, 5.895349312889963500E-015 ) ) ;
#2059 = ORIENTED_EDGE ( 'NONE', *, *, #1234, .T. ) ;
#2060 = EDGE_CURVE ( 'NONE', #774, #3785, #1780, .T. ) ;
#2061 = DIRECTION ( 'NONE',  ( 1.766464152978166800E-015, -0.9876883405951376600, 0.1564344650402307300 ) ) ;
#2062 = CARTESIAN_POINT ( 'NONE',  ( -1.300000000000044200, 4.799999999999990900, 1.599999999999900800 ) ) ;
#2063 = EDGE_LOOP ( 'NONE', ( #1815, #2633, #3807, #2576 ) ) ;
#2064 = EDGE_CURVE ( 'NONE', #1658, #2363, #3144, .T. ) ;
#2065 = CARTESIAN_POINT ( 'NONE',  ( 0.7500000000000000000, 3.349999999999979200, 3.349999999999899300 ) ) ;
#2066 = VECTOR ( 'NONE', #3351, 1000.000000000000000 ) ;
#2067 = VERTEX_POINT ( 'NONE', #2946 ) ;
#2068 = VERTEX_POINT ( 'NONE', #2062 ) ;
#2069 = DIRECTION ( 'NONE',  ( -1.000000000000000000, 0.0000000000000000000, 0.0000000000000000000 ) ) ;
#2070 = DIRECTION ( 'NONE',  ( 1.052246740033299200E-014, 3.499817452019462400E-015, -1.000000000000000000 ) ) ;
#2071 = LINE ( 'NONE', #260, #1578 ) ;
#2072 = ORIENTED_EDGE ( 'NONE', *, *, #1680, .T. ) ;
#2073 = VECTOR ( 'NONE', #3071, 1000.000000000000000 ) ;
#2074 = DIRECTION ( 'NONE',  ( 1.000000000000000000, 6.610922746731390000E-017, -1.052246740033299000E-014 ) ) ;
#2075 = CARTESIAN_POINT ( 'NONE',  ( 3.949999999999970000, -9.540979117872439000E-015, 1.599999999999922400 ) ) ;
#2076 = FACE_OUTER_BOUND ( 'NONE', #670, .T. ) ;
#2077 = VECTOR ( 'NONE', #1043, 1000.000000000000000 ) ;
#2078 = ADVANCED_FACE ( 'NONE', ( #2565 ), #1777, .F. ) ;
#2079 = CYLINDRICAL_SURFACE ( 'NONE', #1289, 0.4999999999999997800 ) ;
#2080 = ORIENTED_EDGE ( 'NONE', *, *, #2320, .T. ) ;
#2081 = ORIENTED_EDGE ( 'NONE', *, *, #2664, .F. ) ;
#2082 = CARTESIAN_POINT ( 'NONE',  ( -1.300000000000035600, 4.199999999999992200, 1.599999999999900800 ) ) ;
#2083 = ORIENTED_EDGE ( 'NONE', *, *, #3243, .F. ) ;
#2084 = ORIENTED_EDGE ( 'NONE', *, *, #2092, .T. ) ;
#2085 = CARTESIAN_POINT ( 'NONE',  ( -1.250000000000035700, 2.849999999999985000, 3.349999999999896600 ) ) ;
#2086 = CARTESIAN_POINT ( 'NONE',  ( -1.250000000000034600, 2.849999999999979200, 1.599999999999893700 ) ) ;
#2087 = ORIENTED_EDGE ( 'NONE', *, *, #1725, .F. ) ;
#2088 = EDGE_LOOP ( 'NONE', ( #2688, #1652, #3198, #2331 ) ) ;
#2089 = EDGE_CURVE ( 'NONE', #2936, #732, #908, .T. ) ;
#2090 = VECTOR ( 'NONE', #332, 1000.000000000000000 ) ;
#2091 = ADVANCED_FACE ( 'NONE', ( #729 ), #1507, .F. ) ;
#2092 = EDGE_CURVE ( 'NONE', #1312, #488, #3562, .T. ) ;
#2093 = CARTESIAN_POINT ( 'NONE',  ( 0.7500000000000006700, -9.811039648885046300E-015, 1.599999999999899300 ) ) ;
#2094 = CARTESIAN_POINT ( 'NONE',  ( -2.300000000000066000, 4.799999999999976700, 5.599999999999891300 ) ) ;
#2095 = CIRCLE ( 'NONE', #2030, 0.9999999999999995600 ) ;
#2096 = CARTESIAN_POINT ( 'NONE',  ( 2.750000000000032900, -1.260657968801170500, 1.270471987470918900 ) ) ;
#2097 = VECTOR ( 'NONE', #2049, 1000.000000000000000 ) ;
#2098 = CARTESIAN_POINT ( 'NONE',  ( -2.950000000000096500, 3.349999999999971700, 7.599999999999880600 ) ) ;
#2099 = AXIS2_PLACEMENT_3D ( 'NONE', #1136, #3185, #847 ) ;
#2100 = ORIENTED_EDGE ( 'NONE', *, *, #1776, .T. ) ;
#2101 = CARTESIAN_POINT ( 'NONE',  ( 1.250000000000000000, -3.360891383739943900, 1.099999999999895500 ) ) ;
#2102 = DIRECTION ( 'NONE',  ( 3.553812700235760600E-029, -1.000000000000000000, -3.377356816637224700E-015 ) ) ;
#2103 = ORIENTED_EDGE ( 'NONE', *, *, #3028, .F. ) ;
#2104 = PRODUCT_DEFINITION_CONTEXT ( 'detailed design', #2512, 'design' ) ;
#2105 = VERTEX_POINT ( 'NONE', #348 ) ;
#2106 = EDGE_CURVE ( 'NONE', #2778, #1056, #1504, .T. ) ;
#2107 = DIRECTION ( 'NONE',  ( 1.000000000000000000, -6.610922746727681200E-017, -2.313702280294998300E-031 ) ) ;
#2108 = CYLINDRICAL_SURFACE ( 'NONE', #952, 0.5000000000000000000 ) ;
#2109 = ADVANCED_FACE ( 'NONE', ( #1915 ), #602, .T. ) ;
#2110 = LINE ( 'NONE', #2019, #8 ) ;
#2111 = LINE ( 'NONE', #122, #1070 ) ;
#2112 = ORIENTED_EDGE ( 'NONE', *, *, #1200, .F. ) ;
#2113 = EDGE_CURVE ( 'NONE', #1594, #1788, #2006, .T. ) ;
#2114 = LINE ( 'NONE', #328, #3588 ) ;
#2115 = FACE_OUTER_BOUND ( 'NONE', #1995, .T. ) ;
#2116 = DIRECTION ( 'NONE',  ( 1.000000000000000000, 0.0000000000000000000, 1.052246740033299200E-014 ) ) ;
#2117 = DIRECTION ( 'NONE',  ( -0.3236155771181726800, -0.3236155771181826200, -0.8891264907159935900 ) ) ;
#2118 = AXIS2_PLACEMENT_3D ( 'NONE', #818, #543, #1719 ) ;
#2119 = LINE ( 'NONE', #907, #1302 ) ;
#2120 = ADVANCED_FACE ( 'NONE', ( #3799 ), #1133, .F. ) ;
#2121 = ORIENTED_EDGE ( 'NONE', *, *, #2391, .T. ) ;
#2122 = ORIENTED_EDGE ( 'NONE', *, *, #1989, .F. ) ;
#2123 = PLANE ( 'NONE',  #2985 ) ;
#2124 = ORIENTED_EDGE ( 'NONE', *, *, #522, .F. ) ;
#2125 = ORIENTED_EDGE ( 'NONE', *, *, #3640, .F. ) ;
#2126 = AXIS2_PLACEMENT_3D ( 'NONE', #873, #859, #911 ) ;
#2127 = VERTEX_POINT ( 'NONE', #2852 ) ;
#2128 = VERTEX_POINT ( 'NONE', #508 ) ;
#2129 = ADVANCED_FACE ( 'NONE', ( #453 ), #2262, .F. ) ;
#2130 = CARTESIAN_POINT ( 'NONE',  ( 2.949999999999966400, 4.799999999999990900, 1.599999999999946400 ) ) ;
#2131 = VERTEX_POINT ( 'NONE', #2825 ) ;
#2132 = DIRECTION ( 'NONE',  ( -1.000000000000000000, 6.610922746731392500E-017, -1.052246740033299200E-014 ) ) ;
#2133 = EDGE_CURVE ( 'NONE', #2940, #488, #775, .T. ) ;
#2134 = VERTEX_POINT ( 'NONE', #820 ) ;
#2135 = LINE ( 'NONE', #3699, #269 ) ;
#2136 = EDGE_CURVE ( 'NONE', #2105, #2936, #590, .T. ) ;
#2137 = CARTESIAN_POINT ( 'NONE',  ( 2.299999999999903000, 4.800999999999970800, 7.599999999999920600 ) ) ;
#2138 = ORIENTED_EDGE ( 'NONE', *, *, #179, .F. ) ;
#2139 = CARTESIAN_POINT ( 'NONE',  ( 4.399999999999904400, 3.349999999999972600, 7.599999999999936600 ) ) ;
#2140 = UNCERTAINTY_MEASURE_WITH_UNIT (LENGTH_MEASURE( 1.000000000000000100E-005 ), #1651, 'distance_accuracy_value', 'NONE');
#2141 = VECTOR ( 'NONE', #2623, 1000.000000000000000 ) ;
#2142 = CARTESIAN_POINT ( 'NONE',  ( -1.950000000000017700, -3.469446951953614200E-015, -1.207801220148851900E-013 ) ) ;
#2143 = AXIS2_PLACEMENT_3D ( 'NONE', #2506, #294, #2528 ) ;
#2144 = PLANE ( 'NONE',  #1790 ) ;
#2145 = VECTOR ( 'NONE', #3781, 1000.000000000000000 ) ;
#2146 = DIRECTION ( 'NONE',  ( 1.040834085586084300E-014, 0.0000000000000000000, -1.000000000000000000 ) ) ;
#2147 = CARTESIAN_POINT ( 'NONE',  ( 3.949999999999966400, 3.699999999999995300, 1.599999999999939700 ) ) ;
#2148 = AXIS2_PLACEMENT_3D ( 'NONE', #218, #2202, #187 ) ;
#2149 = DIRECTION ( 'NONE',  ( 1.000000000000000000, -6.610922746727681200E-017, -2.308192677177924300E-031 ) ) ;
#2150 = VERTEX_POINT ( 'NONE', #239 ) ;
#2151 = CARTESIAN_POINT ( 'NONE',  ( 0.7500000000000000000, -3.060891383739941000, 1.099999999999861500 ) ) ;
#2152 = DIRECTION ( 'NONE',  ( -0.3236155771181737400, -0.3236155771181837300, 0.8891264907159927000 ) ) ;
#2153 =( GEOMETRIC_REPRESENTATION_CONTEXT ( 3 ) GLOBAL_UNCERTAINTY_ASSIGNED_CONTEXT ( ( #2712 ) ) GLOBAL_UNIT_ASSIGNED_CONTEXT ( ( #1945, #2195, #1362 ) ) REPRESENTATION_CONTEXT ( 'NONE', 'WORKASPACE' ) );
#2154 = SURFACE_STYLE_FILL_AREA ( #1381 ) ;
#2155 = DIRECTION ( 'NONE',  ( -6.610922746727523400E-017, -1.000000000000000000, -3.605609905581542600E-015 ) ) ;
#2156 = ORIENTED_EDGE ( 'NONE', *, *, #2106, .F. ) ;
#2157 = DIRECTION ( 'NONE',  ( -1.052246740033299200E-014, 0.0000000000000000000, 1.000000000000000000 ) ) ;
#2158 = ORIENTED_EDGE ( 'NONE', *, *, #1112, .F. ) ;
#2159 = EDGE_LOOP ( 'NONE', ( #1544, #2902, #2198, #831, #2675, #1626 ) ) ;
#2160 = CARTESIAN_POINT ( 'NONE',  ( -0.3000000000000970800, 4.299999999999972300, 7.599999999999911700 ) ) ;
#2161 = ADVANCED_FACE ( 'NONE', ( #3285 ), #1346, .T. ) ;
#2162 = EDGE_CURVE ( 'NONE', #304, #1419, #1045, .T. ) ;
#2163 = LINE ( 'NONE', #1795, #755 ) ;
#2164 = ORIENTED_EDGE ( 'NONE', *, *, #2168, .T. ) ;
#2165 = LINE ( 'NONE', #1599, #1293 ) ;
#2166 = FACE_OUTER_BOUND ( 'NONE', #629, .T. ) ;
#2167 = VECTOR ( 'NONE', #3415, 1000.000000000000000 ) ;
#2168 = EDGE_CURVE ( 'NONE', #2863, #759, #2830, .T. ) ;
#2169 = DIRECTION ( 'NONE',  ( 6.610922746727958500E-017, 1.000000000000000000, 3.263341192431618100E-015 ) ) ;
#2170 = PLANE ( 'NONE',  #1470 ) ;
#2171 = ORIENTED_EDGE ( 'NONE', *, *, #142, .T. ) ;
#2172 = EDGE_LOOP ( 'NONE', ( #853, #28, #3051, #1343 ) ) ;
#2173 = DIRECTION ( 'NONE',  ( -1.062450995774339300E-014, 0.0000000000000000000, 1.000000000000000000 ) ) ;
#2174 = ORIENTED_EDGE ( 'NONE', *, *, #1627, .T. ) ;
#2175 = ORIENTED_EDGE ( 'NONE', *, *, #3119, .F. ) ;
#2176 = ORIENTED_EDGE ( 'NONE', *, *, #112, .F. ) ;
#2177 = CARTESIAN_POINT ( 'NONE',  ( 0.7500000000000000000, 2.849999999999979200, 1.599999999999896400 ) ) ;
#2178 = CARTESIAN_POINT ( 'NONE',  ( 2.750000000000038200, -1.182440736281054900, 1.764316157768487800 ) ) ;
#2179 = MECHANICAL_DESIGN_GEOMETRIC_PRESENTATION_REPRESENTATION (  '', ( #424 ), #2562 ) ;
#2180 = ORIENTED_EDGE ( 'NONE', *, *, #3162, .F. ) ;
#2181 = CARTESIAN_POINT ( 'NONE',  ( 0.7500000000000000000, 2.849999999999979200, 1.599999999999896400 ) ) ;
#2182 = CARTESIAN_POINT ( 'NONE',  ( 2.859191070279949900, 3.240808929720118100, 6.649999999999881300 ) ) ;
#2183 = EDGE_CURVE ( 'NONE', #1633, #2978, #3607, .T. ) ;
#2184 = VECTOR ( 'NONE', #2663, 1000.000000000000000 ) ;
#2185 = DIRECTION ( 'NONE',  ( 1.038257660396825500E-014, 0.1564344650402306500, 0.9876883405951376600 ) ) ;
#2186 = FACE_OUTER_BOUND ( 'NONE', #1245, .T. ) ;
#2187 = EDGE_CURVE ( 'NONE', #2370, #1388, #3795, .T. ) ;
#2188 = DIRECTION ( 'NONE',  ( -1.000000000000000000, 0.0000000000000000000, 0.0000000000000000000 ) ) ;
#2189 = ORIENTED_EDGE ( 'NONE', *, *, #1450, .T. ) ;
#2190 = CARTESIAN_POINT ( 'NONE',  ( 2.750000000000085700, 2.849999999999979200, 6.349999999999879700 ) ) ;
#2191 = FACE_OUTER_BOUND ( 'NONE', #2346, .T. ) ;
#2192 =( LENGTH_UNIT ( ) NAMED_UNIT ( * ) SI_UNIT ( .MILLI., .METRE. ) );
#2193 = AXIS2_PLACEMENT_3D ( 'NONE', #3693, #3121, #476 ) ;
#2194 = CARTESIAN_POINT ( 'NONE',  ( 2.750000000000030600, 2.849999999999978800, 1.099999999999878000 ) ) ;
#2195 =( NAMED_UNIT ( * ) PLANE_ANGLE_UNIT ( ) SI_UNIT ( $, .RADIAN. ) );
#2196 = ORIENTED_EDGE ( 'NONE', *, *, #383, .F. ) ;
#2197 = AXIS2_PLACEMENT_3D ( 'NONE', #3443, #2811, #1967 ) ;
#2198 = ORIENTED_EDGE ( 'NONE', *, *, #2475, .T. ) ;
#2199 = DIRECTION ( 'NONE',  ( 0.0000000000000000000, 1.000000000000000000, 1.440373675836524100E-016 ) ) ;
#2200 = ORIENTED_EDGE ( 'NONE', *, *, #845, .F. ) ;
#2201 = VECTOR ( 'NONE', #991, 1000.000000000000100 ) ;
#2202 = DIRECTION ( 'NONE',  ( 0.9396926207859096500, 0.0000000000000000000, -0.3420201433256653800 ) ) ;
#2203 = FACE_OUTER_BOUND ( 'NONE', #3403, .T. ) ;
#2204 = LINE ( 'NONE', #794, #343 ) ;
#2205 = DIRECTION ( 'NONE',  ( 1.000000000000000000, -6.610922746731392500E-017, 1.052246740033299200E-014 ) ) ;
#2206 = ORIENTED_EDGE ( 'NONE', *, *, #258, .F. ) ;
#2207 = FACE_OUTER_BOUND ( 'NONE', #603, .T. ) ;
#2208 = LINE ( 'NONE', #249, #980 ) ;
#2209 = FILL_AREA_STYLE_COLOUR ( '', #1336 ) ;
#2210 = EDGE_CURVE ( 'NONE', #732, #3238, #84, .T. ) ;
#2211 = VECTOR ( 'NONE', #1865, 1000.000000000000000 ) ;
#2212 = LINE ( 'NONE', #1080, #667 ) ;
#2213 = CARTESIAN_POINT ( 'NONE',  ( -0.9500000000000965400, 3.349999999999971700, 7.599999999999935700 ) ) ;
#2214 = EDGE_CURVE ( 'NONE', #1862, #1383, #172, .T. ) ;
#2215 = ORIENTED_EDGE ( 'NONE', *, *, #1583, .F. ) ;
#2216 = CARTESIAN_POINT ( 'NONE',  ( 4.299999999999903900, 4.199999999999970900, 7.499999999999937800 ) ) ;
#2217 = DIRECTION ( 'NONE',  ( 1.000000000000000000, -6.610922746731369100E-017, 1.052246740033299200E-014 ) ) ;
#2218 = ORIENTED_EDGE ( 'NONE', *, *, #2335, .T. ) ;
#2219 = VERTEX_POINT ( 'NONE', #2245 ) ;
#2220 = ORIENTED_EDGE ( 'NONE', *, *, #1721, .T. ) ;
#2221 = VERTEX_POINT ( 'NONE', #1674 ) ;
#2222 = DIRECTION ( 'NONE',  ( 0.0000000000000000000, 0.0000000000000000000, 1.000000000000000000 ) ) ;
#2223 = AXIS2_PLACEMENT_3D ( 'NONE', #1812, #3281, #2980 ) ;
#2224 = ORIENTED_EDGE ( 'NONE', *, *, #941, .F. ) ;
#2225 = DIRECTION ( 'NONE',  ( 1.000000000000000000, -6.610922746731392500E-017, 1.052246740033299200E-014 ) ) ;
#2226 = VERTEX_POINT ( 'NONE', #1067 ) ;
#2227 = CARTESIAN_POINT ( 'NONE',  ( -2.400000000000098100, 4.799999999999970500, 7.599999999999891300 ) ) ;
#2228 = DIRECTION ( 'NONE',  ( -1.040326012723439700E-014, -0.1564344650402311500, 0.9876883405951377700 ) ) ;
#2229 = LINE ( 'NONE', #3576, #3375 ) ;
#2230 = DIRECTION ( 'NONE',  ( -1.084202172485606800E-014, 0.0000000000000000000, -1.000000000000000000 ) ) ;
#2231 = ORIENTED_EDGE ( 'NONE', *, *, #3677, .F. ) ;
#2232 = DIRECTION ( 'NONE',  ( -1.040834085586084700E-014, 0.0000000000000000000, -1.000000000000000000 ) ) ;
#2233 = SURFACE_STYLE_USAGE ( .BOTH. , #3382 ) ;
#2234 = FACE_OUTER_BOUND ( 'NONE', #2628, .T. ) ;
#2235 = ORIENTED_EDGE ( 'NONE', *, *, #3094, .T. ) ;
#2236 = EDGE_CURVE ( 'NONE', #1383, #2908, #1550, .T. ) ;
#2237 = LINE ( 'NONE', #2336, #2145 ) ;
#2238 = EDGE_CURVE ( 'NONE', #683, #2737, #2423, .T. ) ;
#2239 = CARTESIAN_POINT ( 'NONE',  ( -0.9001193333804042900, 3.199880666619663700, 6.762449478685900800 ) ) ;
#2240 = LINE ( 'NONE', #3092, #1787 ) ;
#2241 = CARTESIAN_POINT ( 'NONE',  ( 3.250000000000036000, -0.3500000000000026400, 1.599999999999853500 ) ) ;
#2242 = EDGE_LOOP ( 'NONE', ( #2672, #2952, #429, #2341 ) ) ;
#2243 = EDGE_LOOP ( 'NONE', ( #2301, #104, #2713, #1918 ) ) ;
#2244 = CARTESIAN_POINT ( 'NONE',  ( -0.7500000000000279800, -1.182440736281055200, 0.9356838422312893100 ) ) ;
#2245 = CARTESIAN_POINT ( 'NONE',  ( 0.8591910702798607500, -3.360891383739943900, 1.490808929720016700 ) ) ;
#2246 = CARTESIAN_POINT ( 'NONE',  ( 4.299999999999903000, 4.199999999999970900, 7.599999999999937500 ) ) ;
#2247 = ORIENTED_EDGE ( 'NONE', *, *, #780, .F. ) ;
#2248 = LINE ( 'NONE', #542, #1569 ) ;
#2249 = ORIENTED_EDGE ( 'NONE', *, *, #3143, .T. ) ;
#2250 = VECTOR ( 'NONE', #3319, 1000.000000000000000 ) ;
#2251 = PRESENTATION_LAYER_ASSIGNMENT (  '', '', ( #2054 ) ) ;
#2252 = PLANE ( 'NONE',  #2002 ) ;
#2253 = ORIENTED_EDGE ( 'NONE', *, *, #571, .F. ) ;
#2254 = ORIENTED_EDGE ( 'NONE', *, *, #3370, .F. ) ;
#2255 = CARTESIAN_POINT ( 'NONE',  ( -2.300000000000096200, 4.199999999999970900, 7.499999999999889000 ) ) ;
#2256 = CARTESIAN_POINT ( 'NONE',  ( 1.250000000000000000, 2.849999999999979200, 1.599999999999896400 ) ) ;
#2257 = LINE ( 'NONE', #2332, #3312 ) ;
#2258 = CARTESIAN_POINT ( 'NONE',  ( 3.152244187496539700, 2.947755812503527900, 6.618581887473817800 ) ) ;
#2259 = VECTOR ( 'NONE', #988, 1000.000000000000000 ) ;
#2260 = CARTESIAN_POINT ( 'NONE',  ( -2.300000000000053600, 3.349999999999984100, 3.349999999999886800 ) ) ;
#2261 = EDGE_CURVE ( 'NONE', #3091, #1553, #2135, .T. ) ;
#2262 = PLANE ( 'NONE',  #2409 ) ;
#2263 = LINE ( 'NONE', #41, #1533 ) ;
#2264 = VECTOR ( 'NONE', #1340, 1000.000000000000000 ) ;
#2265 = PLANE ( 'NONE',  #2604 ) ;
#2266 = ORIENTED_EDGE ( 'NONE', *, *, #3072, .T. ) ;
#2267 = ORIENTED_EDGE ( 'NONE', *, *, #1969, .F. ) ;
#2268 = EDGE_CURVE ( 'NONE', #3387, #1642, #2046, .T. ) ;
#2269 = ORIENTED_EDGE ( 'NONE', *, *, #571, .T. ) ;
#2270 = DIRECTION ( 'NONE',  ( 1.084202172485504000E-014, 0.0000000000000000000, -1.000000000000000000 ) ) ;
#2271 = ORIENTED_EDGE ( 'NONE', *, *, #1830, .F. ) ;
#2272 = ORIENTED_EDGE ( 'NONE', *, *, #2236, .F. ) ;
#2273 = CARTESIAN_POINT ( 'NONE',  ( -2.950000000000017100, -3.122502256758252800E-014, 7.599999999999930400 ) ) ;
#2274 = CARTESIAN_POINT ( 'NONE',  ( -0.3000000000000959700, 4.199999999999986000, 7.499999999999910300 ) ) ;
#2275 = AXIS2_PLACEMENT_3D ( 'NONE', #592, #1439, #3484 ) ;
#2276 = VERTEX_POINT ( 'NONE', #1420 ) ;
#2277 = ADVANCED_FACE ( 'NONE', ( #3101 ), #1146, .F. ) ;
#2278 = DIRECTION ( 'NONE',  ( -1.051998147560192100E-014, -2.146934995020800100E-015, 1.000000000000000000 ) ) ;
#2279 = EDGE_LOOP ( 'NONE', ( #903, #3133, #1269, #42 ) ) ;
#2280 = AXIS2_PLACEMENT_3D ( 'NONE', #181, #3706, #2270 ) ;
#2281 = VECTOR ( 'NONE', #1095, 1000.000000000000200 ) ;
#2282 = PLANE ( 'NONE',  #2677 ) ;
#2283 = CARTESIAN_POINT ( 'NONE',  ( 3.250000000000032400, -1.182440736281054900, 1.264316157768482500 ) ) ;
#2284 = AXIS2_PLACEMENT_3D ( 'NONE', #1437, #2896, #1142 ) ;
#2285 = VERTEX_POINT ( 'NONE', #931 ) ;
#2286 = VECTOR ( 'NONE', #360, 1000.000000000000000 ) ;
#2287 = VERTEX_POINT ( 'NONE', #399 ) ;
#2288 = DIRECTION ( 'NONE',  ( 1.052246740033299200E-014, 0.0000000000000000000, 1.000000000000000000 ) ) ;
#2289 = DIRECTION ( 'NONE',  ( 1.062450995774339300E-014, 0.0000000000000000000, -1.000000000000000000 ) ) ;
#2290 = DIRECTION ( 'NONE',  ( 1.000000000000000000, -6.610922746731317300E-017, 1.052246740033299200E-014 ) ) ;
#2291 = LINE ( 'NONE', #3139, #3696 ) ;
#2292 = EDGE_CURVE ( 'NONE', #3259, #2287, #2602, .T. ) ;
#2293 = CARTESIAN_POINT ( 'NONE',  ( 4.399999999999904400, 0.6999999999999750900, 7.599999999999927700 ) ) ;
#2294 = EDGE_CURVE ( 'NONE', #1796, #3504, #771, .T. ) ;
#2295 = PLANE ( 'NONE',  #1522 ) ;
#2296 = VERTEX_POINT ( 'NONE', #3563 ) ;
#2297 = CARTESIAN_POINT ( 'NONE',  ( 0.7500000000000000000, 3.349999999999979200, 1.599999999999899900 ) ) ;
#2298 = CARTESIAN_POINT ( 'NONE',  ( 3.299999999999923400, 4.199999999999978000, 5.599999999999927700 ) ) ;
#2299 = ORIENTED_EDGE ( 'NONE', *, *, #2210, .F. ) ;
#2300 = CARTESIAN_POINT ( 'NONE',  ( 2.750000000000036000, 2.849999999999990300, 1.599999999999901700 ) ) ;
#2301 = ORIENTED_EDGE ( 'NONE', *, *, #1877, .T. ) ;
#2302 = CARTESIAN_POINT ( 'NONE',  ( 1.250000000000000000, 3.349999999999979200, 6.349999999999897500 ) ) ;
#2303 = CARTESIAN_POINT ( 'NONE',  ( -0.7500000000000316400, -0.8355904294972830200, 1.295815574634868500 ) ) ;
#2304 = LINE ( 'NONE', #491, #336 ) ;
#2305 = LINE ( 'NONE', #1809, #286 ) ;
#2306 = ORIENTED_EDGE ( 'NONE', *, *, #2531, .T. ) ;
#2307 = CARTESIAN_POINT ( 'NONE',  ( 2.750000000000045700, -2.873966426648213400, 2.506587218920987200 ) ) ;
#2308 = FACE_BOUND ( 'NONE', #2438, .T. ) ;
#2309 = VECTOR ( 'NONE', #2578, 1000.000000000000000 ) ;
#2310 = AXIS2_PLACEMENT_3D ( 'NONE', #2130, #3048, #2116 ) ;
#2311 = DIRECTION ( 'NONE',  ( 0.0000000000000000000, 0.0000000000000000000, -1.000000000000000000 ) ) ;
#2312 = VECTOR ( 'NONE', #3180, 1000.000000000000000 ) ;
#2313 = EDGE_CURVE ( 'NONE', #2855, #27, #3194, .T. ) ;
#2314 = DIRECTION ( 'NONE',  ( -0.0000000000000000000, -3.499817452019463200E-015, 1.000000000000000000 ) ) ;
#2315 = DIRECTION ( 'NONE',  ( 1.000000000000000000, -6.610922746731392500E-017, 1.052246740033299200E-014 ) ) ;
#2316 = PLANE ( 'NONE',  #2284 ) ;
#2317 = ORIENTED_EDGE ( 'NONE', *, *, #1781, .T. ) ;
#2318 = VERTEX_POINT ( 'NONE', #2739 ) ;
#2319 = EDGE_LOOP ( 'NONE', ( #1163, #3025, #1273, #1054 ) ) ;
#2320 = EDGE_CURVE ( 'NONE', #1190, #3168, #2229, .T. ) ;
#2321 = VERTEX_POINT ( 'NONE', #2982 ) ;
#2322 = CARTESIAN_POINT ( 'NONE',  ( 2.750000000000085700, 3.349999999999979200, 6.349999999999879700 ) ) ;
#2323 = VERTEX_POINT ( 'NONE', #1560 ) ;
#2324 = DIRECTION ( 'NONE',  ( -1.000000000000000000, 0.0000000000000000000, 0.0000000000000000000 ) ) ;
#2325 = VERTEX_POINT ( 'NONE', #3591 ) ;
#2326 = PLANE ( 'NONE',  #2525 ) ;
#2327 = VECTOR ( 'NONE', #3714, 1000.000000000000000 ) ;
#2328 = CARTESIAN_POINT ( 'NONE',  ( -0.7500000000000541800, 3.349999999999984500, 3.349999999999901500 ) ) ;
#2329 = ORIENTED_EDGE ( 'NONE', *, *, #1325, .F. ) ;
#2330 = FACE_OUTER_BOUND ( 'NONE', #2159, .T. ) ;
#2331 = ORIENTED_EDGE ( 'NONE', *, *, #2510, .F. ) ;
#2332 = CARTESIAN_POINT ( 'NONE',  ( 3.949999999999982000, 2.776239569296600400, -7.155734338404329300E-014 ) ) ;
#2333 = DIRECTION ( 'NONE',  ( 0.0000000000000000000, -3.499817452019463200E-015, 1.000000000000000000 ) ) ;
#2334 = VECTOR ( 'NONE', #1186, 1000.000000000000000 ) ;
#2335 = EDGE_CURVE ( 'NONE', #3409, #2219, #3012, .T. ) ;
#2336 = CARTESIAN_POINT ( 'NONE',  ( 1.250000000000000000, 3.349999999999979200, 6.649999999999900900 ) ) ;
#2337 = PRESENTATION_STYLE_ASSIGNMENT (( #1015 ) ) ;
#2338 = DIRECTION ( 'NONE',  ( 1.000000000000000000, 6.610922746731392500E-017, -1.052246740033299200E-014 ) ) ;
#2339 = VERTEX_POINT ( 'NONE', #3324 ) ;
#2340 = EDGE_CURVE ( 'NONE', #3666, #1213, #3690, .T. ) ;
#2341 = ORIENTED_EDGE ( 'NONE', *, *, #1804, .T. ) ;
#2342 = CARTESIAN_POINT ( 'NONE',  ( 0.8591910702798607500, 2.959191070279839900, 6.649999999999900900 ) ) ;
#2343 = VERTEX_POINT ( 'NONE', #983 ) ;
#2344 = FACE_OUTER_BOUND ( 'NONE', #2413, .T. ) ;
#2345 = CARTESIAN_POINT ( 'NONE',  ( -2.950000000000096500, 3.349999999999977400, 7.599999999999885100 ) ) ;
#2346 = EDGE_LOOP ( 'NONE', ( #2550, #806, #765, #238 ) ) ;
#2347 = LINE ( 'NONE', #1458, #2024 ) ;
#2348 = CARTESIAN_POINT ( 'NONE',  ( 2.750000000000036000, 2.849999999999990300, 1.599999999999901700 ) ) ;
#2349 = ORIENTED_EDGE ( 'NONE', *, *, #849, .F. ) ;
#2350 = ORIENTED_EDGE ( 'NONE', *, *, #2089, .F. ) ;
#2351 = DIRECTION ( 'NONE',  ( -1.051998147560192300E-014, 0.0000000000000000000, -1.000000000000000000 ) ) ;
#2352 = VECTOR ( 'NONE', #2705, 1000.000000000000100 ) ;
#2353 = FACE_OUTER_BOUND ( 'NONE', #3207, .T. ) ;
#2354 = AXIS2_PLACEMENT_3D ( 'NONE', #2300, #237, #2288 ) ;
#2355 = DIRECTION ( 'NONE',  ( 1.000000000000000000, -6.610922746731443000E-017, 1.052246740033299400E-014 ) ) ;
#2356 = LINE ( 'NONE', #3559, #346 ) ;
#2357 = LINE ( 'NONE', #2213, #713 ) ;
#2358 = CARTESIAN_POINT ( 'NONE',  ( 0.7500000000000006700, 4.799999999999984700, 3.349999999999915700 ) ) ;
#2359 = PLANE ( 'NONE',  #3255 ) ;
#2360 = DIRECTION ( 'NONE',  ( -1.040834085586083800E-014, 0.0000000000000000000, -1.000000000000000000 ) ) ;
#2361 = CARTESIAN_POINT ( 'NONE',  ( 3.250000000000036000, 2.849999999999990300, 1.599999999999896400 ) ) ;
#2362 = ORIENTED_EDGE ( 'NONE', *, *, #83, .T. ) ;
#2363 = VERTEX_POINT ( 'NONE', #1272 ) ;
#2364 = PLANE ( 'NONE',  #1268 ) ;
#2365 = EDGE_LOOP ( 'NONE', ( #358, #1556, #362, #1347 ) ) ;
#2366 = VERTEX_POINT ( 'NONE', #74 ) ;
#2367 = EDGE_CURVE ( 'NONE', #2020, #1796, #1825, .T. ) ;
#2368 = CARTESIAN_POINT ( 'NONE',  ( 1.140808929720139400, -3.360891383739943900, 1.599999999999877300 ) ) ;
#2369 = ORIENTED_EDGE ( 'NONE', *, *, #547, .T. ) ;
#2370 = VERTEX_POINT ( 'NONE', #3615 ) ;
#2371 = ADVANCED_FACE ( 'NONE', ( #3801 ), #3463, .T. ) ;
#2372 = EDGE_CURVE ( 'NONE', #27, #2534, #2007, .T. ) ;
#2373 = CARTESIAN_POINT ( 'NONE',  ( -1.226598473334192400, -3.092640656515249100, 1.163063689490378100 ) ) ;
#2374 = ORIENTED_EDGE ( 'NONE', *, *, #1155, .F. ) ;
#2375 = DIRECTION ( 'NONE',  ( -6.610922746731392500E-017, -1.000000000000000000, -6.956321908860092100E-031 ) ) ;
#2376 = DIRECTION ( 'NONE',  ( 1.000000000000000000, -6.610922746731392500E-017, 1.052246740033299200E-014 ) ) ;
#2377 = CARTESIAN_POINT ( 'NONE',  ( 2.949999999999982900, -2.602085213965210600E-015, -7.112366251504909100E-014 ) ) ;
#2378 = VECTOR ( 'NONE', #2651, 1000.000000000000000 ) ;
#2379 = VECTOR ( 'NONE', #2615, 1000.000000000000000 ) ;
#2380 = ORIENTED_EDGE ( 'NONE', *, *, #3724, .F. ) ;
#2381 = AXIS2_PLACEMENT_3D ( 'NONE', #2718, #3339, #1844 ) ;
#2382 = DIRECTION ( 'NONE',  ( 1.030562696583589100E-014, 0.0000000000000000000, -1.000000000000000000 ) ) ;
#2383 = CIRCLE ( 'NONE', #94, 0.5000000000000000000 ) ;
#2384 = CARTESIAN_POINT ( 'NONE',  ( 4.949999999999918500, 3.349999999999977400, 6.099999999999943700 ) ) ;
#2385 = DIRECTION ( 'NONE',  ( -1.040834085586083800E-014, 0.0000000000000000000, -1.000000000000000000 ) ) ;
#2386 = EDGE_CURVE ( 'NONE', #3548, #2150, #2915, .T. ) ;
#2387 = DIRECTION ( 'NONE',  ( -3.536773455184661500E-015, -0.9396926207859088700, -0.3420201433256674400 ) ) ;
#2388 = ADVANCED_FACE ( 'NONE', ( #979 ), #113, .F. ) ;
#2389 = CARTESIAN_POINT ( 'NONE',  ( 4.299999999999903900, 3.349999999999971700, 7.499999999999935200 ) ) ;
#2390 = ORIENTED_EDGE ( 'NONE', *, *, #3780, .F. ) ;
#2391 = EDGE_CURVE ( 'NONE', #2737, #3237, #822, .T. ) ;
#2392 = CARTESIAN_POINT ( 'NONE',  ( -1.140808929720169600, -3.338864014146287300, 1.210924661863626000 ) ) ;
#2393 = ORIENTED_EDGE ( 'NONE', *, *, #3560, .T. ) ;
#2394 = LINE ( 'NONE', #1640, #466 ) ;
#2395 = DIRECTION ( 'NONE',  ( 0.0000000000000000000, -0.4999999999999947300, -0.8660254037844418200 ) ) ;
#2396 = DIRECTION ( 'NONE',  ( -0.0000000000000000000, 1.000000000000000000, 5.895349312889965100E-015 ) ) ;
#2397 = DIRECTION ( 'NONE',  ( 1.000000000000000000, -6.610922746727838900E-017, -2.175971614715019700E-031 ) ) ;
#2398 = CIRCLE ( 'NONE', #1075, 0.6999999999999807500 ) ;
#2399 = VECTOR ( 'NONE', #3052, 1000.000000000000000 ) ;
#2400 = AXIS2_PLACEMENT_3D ( 'NONE', #197, #3737, #1983 ) ;
#2401 = CARTESIAN_POINT ( 'NONE',  ( 4.299999999999918100, 2.949999999999976200, 6.099999999999935700 ) ) ;
#2402 = CLOSED_SHELL ( 'NONE', ( #2465, #374, #869, #641, #2422, #46, #26, #351, #930, #695, #3053, #2621, #1866, #2161, #1505, #137, #3791, #3593, #2662, #3029, #1210, #665, #3320 ) ) ;
#2403 = ADVANCED_FACE ( 'NONE', ( #3085 ), #2123, .F. ) ;
#2404 = VECTOR ( 'NONE', #128, 1000.000000000000000 ) ;
#2405 = LINE ( 'NONE', #2845, #3267 ) ;
#2406 = DIRECTION ( 'NONE',  ( -0.9396926207859092100, 0.3378093078114403100, -0.05350373815412403500 ) ) ;
#2407 = LINE ( 'NONE', #1928, #2683 ) ;
#2408 = CIRCLE ( 'NONE', #1138, 0.2000000000000003200 ) ;
#2409 = AXIS2_PLACEMENT_3D ( 'NONE', #3127, #188, #3151 ) ;
#2410 = ORIENTED_EDGE ( 'NONE', *, *, #2372, .F. ) ;
#2411 = ADVANCED_FACE ( 'NONE', ( #19 ), #1890, .F. ) ;
#2412 = CARTESIAN_POINT ( 'NONE',  ( 2.750000000000036000, 2.849999999999979200, 1.599999999999878000 ) ) ;
#2413 = EDGE_LOOP ( 'NONE', ( #581, #997, #525, #1306 ) ) ;
#2414 = DIRECTION ( 'NONE',  ( 6.610922746731392500E-017, -1.000000000000000000, -6.954678483224962500E-031 ) ) ;
#2415 = CARTESIAN_POINT ( 'NONE',  ( -0.8591910702799480100, 3.240808929720118600, 6.649999999999902700 ) ) ;
#2416 = PRESENTATION_LAYER_ASSIGNMENT (  '', '', ( #2631 ) ) ;
#2417 = CARTESIAN_POINT ( 'NONE',  ( -1.250000000000035300, -3.103693497821456300, 1.643852424660740200 ) ) ;
#2418 = ORIENTED_EDGE ( 'NONE', *, *, #1654, .F. ) ;
#2419 = ORIENTED_EDGE ( 'NONE', *, *, #1155, .T. ) ;
#2420 = ORIENTED_EDGE ( 'NONE', *, *, #3349, .T. ) ;
#2421 = EDGE_CURVE ( 'NONE', #3529, #2917, #2860, .T. ) ;
#2422 = ADVANCED_FACE ( 'NONE', ( #3045 ), #2792, .F. ) ;
#2423 = LINE ( 'NONE', #2518, #860 ) ;
#2424 = EDGE_CURVE ( 'NONE', #2131, #783, #1387, .T. ) ;
#2425 = CARTESIAN_POINT ( 'NONE',  ( -2.300000000000036200, 4.799999999999970500, 7.599999999999948100 ) ) ;
#2426 = DIRECTION ( 'NONE',  ( 1.051998147560192300E-014, 0.0000000000000000000, -1.000000000000000000 ) ) ;
#2427 = DIRECTION ( 'NONE',  ( -0.9396926207859061000, 6.212235321689206000E-017, -0.3420201433256749300 ) ) ;
#2428 = DIRECTION ( 'NONE',  ( -1.040834085586083800E-014, 0.0000000000000000000, -1.000000000000000000 ) ) ;
#2429 = CIRCLE ( 'NONE', #2816, 0.4000000000000001900 ) ;
#2430 = ORIENTED_EDGE ( 'NONE', *, *, #606, .F. ) ;
#2431 = PRODUCT_DEFINITION_SHAPE ( 'NONE', 'NONE',  #3018 ) ;
#2432 = ADVANCED_FACE ( 'NONE', ( #205 ), #127, .F. ) ;
#2433 = LINE ( 'NONE', #928, #867 ) ;
#2434 = AXIS2_PLACEMENT_3D ( 'NONE', #92, #2132, #3276 ) ;
#2435 = VECTOR ( 'NONE', #2445, 1000.000000000000000 ) ;
#2436 = ORIENTED_EDGE ( 'NONE', *, *, #1743, .T. ) ;
#2437 = CARTESIAN_POINT ( 'NONE',  ( -2.300000000000090900, 3.349999999999976600, 6.099999999999888600 ) ) ;
#2438 = EDGE_LOOP ( 'NONE', ( #3231, #2018, #2349, #766 ) ) ;
#2439 = CARTESIAN_POINT ( 'NONE',  ( 3.949999999999982000, -6.938893903907228400E-015, -7.849623728795052100E-014 ) ) ;
#2440 = ADVANCED_FACE ( 'NONE', ( #1203 ), #1316, .F. ) ;
#2441 = VERTEX_POINT ( 'NONE', #2177 ) ;
#2442 = EDGE_CURVE ( 'NONE', #3283, #427, #3362, .T. ) ;
#2443 = LINE ( 'NONE', #3173, #431 ) ;
#2444 = ORIENTED_EDGE ( 'NONE', *, *, #2214, .F. ) ;
#2445 = DIRECTION ( 'NONE',  ( -1.052246740033299200E-014, 0.0000000000000000000, 1.000000000000000000 ) ) ;
#2446 = CARTESIAN_POINT ( 'NONE',  ( -1.250000000000035100, -3.400000000000002600, 1.596922085148670500 ) ) ;
#2447 = FACE_OUTER_BOUND ( 'NONE', #2279, .T. ) ;
#2448 = ORIENTED_EDGE ( 'NONE', *, *, #1046, .T. ) ;
#2449 = EDGE_CURVE ( 'NONE', #687, #2027, #1485, .T. ) ;
#2450 = CARTESIAN_POINT ( 'NONE',  ( -0.7500000000000357500, 3.349999999999990300, 1.599999999999902400 ) ) ;
#2451 = VECTOR ( 'NONE', #2074, 1000.000000000000000 ) ;
#2452 = VECTOR ( 'NONE', #3005, 1000.000000000000000 ) ;
#2453 = CARTESIAN_POINT ( 'NONE',  ( 4.949999999999903400, 4.799999999999970500, 7.599999999999948100 ) ) ;
#2454 = DIRECTION ( 'NONE',  ( -1.000000000000000000, 0.0000000000000000000, -1.052246740033299200E-014 ) ) ;
#2455 = CARTESIAN_POINT ( 'NONE',  ( -1.250000000000030200, -3.025476265301340700, 1.150008254363171600 ) ) ;
#2456 = VERTEX_POINT ( 'NONE', #1617 ) ;
#2457 = FACE_OUTER_BOUND ( 'NONE', #3755, .T. ) ;
#2458 = VECTOR ( 'NONE', #3671, 1000.000000000000000 ) ;
#2459 = CARTESIAN_POINT ( 'NONE',  ( 3.299999999999948800, 4.199999999999986000, 3.349999999999927700 ) ) ;
#2460 = VERTEX_POINT ( 'NONE', #1606 ) ;
#2461 = ORIENTED_EDGE ( 'NONE', *, *, #2796, .T. ) ;
#2462 = DIRECTION ( 'NONE',  ( 0.0000000000000000000, 1.000000000000000000, 0.0000000000000000000 ) ) ;
#2463 = DIRECTION ( 'NONE',  ( -6.610922746727709500E-017, -1.000000000000000000, -3.499817452019463200E-015 ) ) ;
#2464 = ORIENTED_EDGE ( 'NONE', *, *, #2898, .T. ) ;
#2465 = ADVANCED_FACE ( 'NONE', ( #1159 ), #1905, .F. ) ;
#2466 = ORIENTED_EDGE ( 'NONE', *, *, #2568, .F. ) ;
#2467 = ORIENTED_EDGE ( 'NONE', *, *, #2113, .T. ) ;
#2468 = DIRECTION ( 'NONE',  ( 7.487254336630986800E-015, 0.7071067811865472400, -0.7071067811865479100 ) ) ;
#2469 = PLANE ( 'NONE',  #2310 ) ;
#2470 = EDGE_LOOP ( 'NONE', ( #3621, #1073, #3122, #2601 ) ) ;
#2471 = CARTESIAN_POINT ( 'NONE',  ( 4.949999999999918500, 2.949999999999976200, 6.099999999999941900 ) ) ;
#2472 = EDGE_CURVE ( 'NONE', #1493, #2020, #2636, .T. ) ;
#2473 = DIRECTION ( 'NONE',  ( 0.7071067811865486800, -2.596297497591207000E-015, 0.7071067811865464600 ) ) ;
#2474 = ORIENTED_EDGE ( 'NONE', *, *, #59, .T. ) ;
#2475 = EDGE_CURVE ( 'NONE', #1594, #1553, #2357, .T. ) ;
#2476 = CARTESIAN_POINT ( 'NONE',  ( 1.250000000000000000, -0.3500000000000027500, 1.599999999999877700 ) ) ;
#2477 = CARTESIAN_POINT ( 'NONE',  ( 0.7500000000000000000, 2.849999999999979200, 1.599999999999896400 ) ) ;
#2478 = VECTOR ( 'NONE', #1459, 1000.000000000000000 ) ;
#2479 = PLANE ( 'NONE',  #1167 ) ;
#2480 = DIRECTION ( 'NONE',  ( -0.7071067811865525700, -2.427998370196853400E-015, 0.7071067811865425800 ) ) ;
#2481 = LINE ( 'NONE', #2991, #2965 ) ;
#2482 = DIRECTION ( 'NONE',  ( -1.040834085586084400E-014, 0.0000000000000000000, 1.000000000000000000 ) ) ;
#2483 = DIRECTION ( 'NONE',  ( 0.0000000000000000000, -1.000000000000000000, -5.827586677109619500E-015 ) ) ;
#2484 = FACE_OUTER_BOUND ( 'NONE', #2760, .T. ) ;
#2485 = CARTESIAN_POINT ( 'NONE',  ( 4.949999999999903400, 4.799999999999970500, 7.599999999999930400 ) ) ;
#2486 = DIRECTION ( 'NONE',  ( 1.040326012723439700E-014, 0.1564344650402308100, -0.9876883405951377700 ) ) ;
#2487 = DIRECTION ( 'NONE',  ( 1.052246740033299200E-014, -0.0000000000000000000, -1.000000000000000000 ) ) ;
#2488 = ORIENTED_EDGE ( 'NONE', *, *, #2367, .T. ) ;
#2489 = EDGE_LOOP ( 'NONE', ( #3433, #2823, #3059, #750 ) ) ;
#2490 = ORIENTED_EDGE ( 'NONE', *, *, #3751, .T. ) ;
#2491 = EDGE_CURVE ( 'NONE', #3111, #2832, #618, .T. ) ;
#2492 = VECTOR ( 'NONE', #2899, 1000.000000000000000 ) ;
#2493 = LINE ( 'NONE', #509, #3585 ) ;
#2494 = CARTESIAN_POINT ( 'NONE',  ( 2.750000000000027500, -1.338875201321285900, 0.7766278171733508300 ) ) ;
#2495 = CARTESIAN_POINT ( 'NONE',  ( 2.750000000000032900, -1.260657968801170500, 1.270471987470918900 ) ) ;
#2496 = VECTOR ( 'NONE', #151, 1000.000000000000000 ) ;
#2497 = LINE ( 'NONE', #2485, #936 ) ;
#2498 = EDGE_CURVE ( 'NONE', #3149, #447, #3638, .T. ) ;
#2499 = CARTESIAN_POINT ( 'NONE',  ( 2.750000000000033800, -0.8355904294972827900, 1.404184425364908300 ) ) ;
#2500 = CARTESIAN_POINT ( 'NONE',  ( 2.949999999999903400, 4.299999999999972300, 7.599999999999946400 ) ) ;
#2501 = ORIENTED_EDGE ( 'NONE', *, *, #1554, .F. ) ;
#2502 = FILL_AREA_STYLE ('',( #2209 ) ) ;
#2503 = ORIENTED_EDGE ( 'NONE', *, *, #3294, .T. ) ;
#2504 = ORIENTED_EDGE ( 'NONE', *, *, #3248, .T. ) ;
#2505 = DIRECTION ( 'NONE',  ( 1.000000000000000000, 6.610922746731392500E-017, -1.052246740033299200E-014 ) ) ;
#2506 = CARTESIAN_POINT ( 'NONE',  ( -1.250000000000087900, 3.349999999999979200, 6.649999999999898200 ) ) ;
#2507 = ORIENTED_EDGE ( 'NONE', *, *, #2514, .T. ) ;
#2508 = DIRECTION ( 'NONE',  ( 0.0000000000000000000, -0.0000000000000000000, 1.000000000000000000 ) ) ;
#2509 = FILL_AREA_STYLE_COLOUR ( '', #1482 ) ;
#2510 = EDGE_CURVE ( 'NONE', #1056, #118, #3171, .T. ) ;
#2511 = VECTOR ( 'NONE', #3728, 1000.000000000000000 ) ;
#2512 = APPLICATION_CONTEXT ( 'automotive_design' ) ;
#2513 = LINE ( 'NONE', #2937, #2379 ) ;
#2514 = EDGE_CURVE ( 'NONE', #2127, #1260, #2497, .T. ) ;
#2515 = ORIENTED_EDGE ( 'NONE', *, *, #870, .F. ) ;
#2516 = VECTOR ( 'NONE', #1409, 1000.000000000000000 ) ;
#2517 = CARTESIAN_POINT ( 'NONE',  ( 1.250000000000000000, 2.849999999999979200, 6.649999999999900900 ) ) ;
#2518 = CARTESIAN_POINT ( 'NONE',  ( -1.250000000000087900, 3.240808929720118600, 6.649999999999898200 ) ) ;
#2519 = AXIS2_PLACEMENT_3D ( 'NONE', #71, #2387, #942 ) ;
#2520 = CARTESIAN_POINT ( 'NONE',  ( -1.140808929720227300, 2.959191070279839900, 6.649999999999899100 ) ) ;
#2521 = FACE_OUTER_BOUND ( 'NONE', #724, .T. ) ;
#2522 = ORIENTED_EDGE ( 'NONE', *, *, #3390, .F. ) ;
#2523 = DIRECTION ( 'NONE',  ( 1.051998147560192300E-014, 0.0000000000000000000, -1.000000000000000000 ) ) ;
#2524 = VERTEX_POINT ( 'NONE', #2494 ) ;
#2525 = AXIS2_PLACEMENT_3D ( 'NONE', #1119, #1765, #3163 ) ;
#2526 = DIRECTION ( 'NONE',  ( 3.530891117207840400E-029, -1.000000000000000000, -3.499817452019463200E-015 ) ) ;
#2527 = ORIENTED_EDGE ( 'NONE', *, *, #338, .F. ) ;
#2528 = DIRECTION ( 'NONE',  ( 1.000000000000000000, -6.610922746731392500E-017, 0.0000000000000000000 ) ) ;
#2529 = LINE ( 'NONE', #3453, #3260 ) ;
#2530 = CARTESIAN_POINT ( 'NONE',  ( -2.950000000000098300, 2.549999999999971400, 7.599999999999884200 ) ) ;
#2531 = EDGE_CURVE ( 'NONE', #1342, #2572, #2541, .T. ) ;
#2532 = LINE ( 'NONE', #3033, #1896 ) ;
#2533 = CARTESIAN_POINT ( 'NONE',  ( 2.750000000000036000, 3.349999999999990300, 1.599999999999902400 ) ) ;
#2534 = VERTEX_POINT ( 'NONE', #1035 ) ;
#2535 = LINE ( 'NONE', #2181, #2629 ) ;
#2536 = LINE ( 'NONE', #2086, #1534 ) ;
#2537 = LINE ( 'NONE', #3152, #1428 ) ;
#2538 = EDGE_CURVE ( 'NONE', #313, #423, #3539, .T. ) ;
#2539 = ORIENTED_EDGE ( 'NONE', *, *, #528, .F. ) ;
#2540 = CYLINDRICAL_SURFACE ( 'NONE', #235, 0.9999999999999995600 ) ;
#2541 = LINE ( 'NONE', #1310, #986 ) ;
#2542 = DIRECTION ( 'NONE',  ( 0.9396926207859096500, -0.3420201433256653800, -0.0000000000000000000 ) ) ;
#2543 = DIRECTION ( 'NONE',  ( -1.031652580183058800E-014, 0.1908089953765407500, 0.9816271834476647500 ) ) ;
#2544 = CARTESIAN_POINT ( 'NONE',  ( 4.299999999999903900, 2.549999999999971400, 7.499999999999934300 ) ) ;
#2545 = AXIS2_PLACEMENT_3D ( 'NONE', #2881, #3470, #2893 ) ;
#2546 = VERTEX_POINT ( 'NONE', #1655 ) ;
#2547 = ORIENTED_EDGE ( 'NONE', *, *, #1881, .T. ) ;
#2548 = DIRECTION ( 'NONE',  ( 6.776263578034440900E-017, 1.000000000000000000, 5.895349312889963500E-015 ) ) ;
#2549 = DIRECTION ( 'NONE',  ( 0.0000000000000000000, -1.000000000000000000, -5.895349312889965100E-015 ) ) ;
#2550 = ORIENTED_EDGE ( 'NONE', *, *, #1180, .T. ) ;
#2551 = VERTEX_POINT ( 'NONE', #3401 ) ;
#2552 = ORIENTED_EDGE ( 'NONE', *, *, #1373, .T. ) ;
#2553 = DIRECTION ( 'NONE',  ( 1.000000000000000000, 0.0000000000000000000, 0.0000000000000000000 ) ) ;
#2554 = EDGE_LOOP ( 'NONE', ( #586, #560, #1682, #2253 ) ) ;
#2555 = MECHANICAL_DESIGN_GEOMETRIC_PRESENTATION_REPRESENTATION (  '', ( #483 ), #785 ) ;
#2556 = PLANE ( 'NONE',  #2193 ) ;
#2557 = ORIENTED_EDGE ( 'NONE', *, *, #2611, .T. ) ;
#2558 = CARTESIAN_POINT ( 'NONE',  ( 2.750000000000036000, 4.799999999999990900, 1.599999999999923000 ) ) ;
#2559 = ORIENTED_EDGE ( 'NONE', *, *, #1256, .T. ) ;
#2560 = SURFACE_SIDE_STYLE ('',( #2154 ) ) ;
#2561 = DIRECTION ( 'NONE',  ( -1.000000000000000000, 6.610922746731369100E-017, -1.052246740033299200E-014 ) ) ;
#2562 =( GEOMETRIC_REPRESENTATION_CONTEXT ( 3 ) GLOBAL_UNCERTAINTY_ASSIGNED_CONTEXT ( ( #3790 ) ) GLOBAL_UNIT_ASSIGNED_CONTEXT ( ( #241, #1372, #3164 ) ) REPRESENTATION_CONTEXT ( 'NONE', 'WORKASPACE' ) );
#2563 = CARTESIAN_POINT ( 'NONE',  ( -1.250000000000084600, 2.849999999999979200, 6.349999999999895700 ) ) ;
#2564 = ORIENTED_EDGE ( 'NONE', *, *, #2589, .T. ) ;
#2565 = FACE_OUTER_BOUND ( 'NONE', #2819, .T. ) ;
#2566 = EDGE_CURVE ( 'NONE', #759, #481, #1667, .T. ) ;
#2567 = CIRCLE ( 'NONE', #3334, 0.4999999999999998900 ) ;
#2568 = EDGE_CURVE ( 'NONE', #1173, #683, #3722, .T. ) ;
#2569 = PLANE ( 'NONE',  #25 ) ;
#2570 = VECTOR ( 'NONE', #840, 1000.000000000000000 ) ;
#2571 = DIRECTION ( 'NONE',  ( -1.000000000000000000, 0.0000000000000000000, -0.0000000000000000000 ) ) ;
#2572 = VERTEX_POINT ( 'NONE', #1062 ) ;
#2573 = CARTESIAN_POINT ( 'NONE',  ( 1.249999999999999300, -9.811039648885046300E-015, 1.599999999999899300 ) ) ;
#2574 = DIRECTION ( 'NONE',  ( -1.000000000000000000, 6.610922746731392500E-017, -1.052246740033299200E-014 ) ) ;
#2575 = ORIENTED_EDGE ( 'NONE', *, *, #1500, .F. ) ;
#2576 = ORIENTED_EDGE ( 'NONE', *, *, #2664, .T. ) ;
#2577 = FACE_OUTER_BOUND ( 'NONE', #1038, .T. ) ;
#2578 = DIRECTION ( 'NONE',  ( -1.052246740033299200E-014, 0.0000000000000000000, 1.000000000000000000 ) ) ;
#2579 = PLANE ( 'NONE',  #3647 ) ;
#2580 = VECTOR ( 'NONE', #1004, 1000.000000000000000 ) ;
#2581 = PLANE ( 'NONE',  #1241 ) ;
#2582 = FACE_OUTER_BOUND ( 'NONE', #1375, .T. ) ;
#2583 = EDGE_CURVE ( 'NONE', #3449, #2978, #2679, .T. ) ;
#2584 = CARTESIAN_POINT ( 'NONE',  ( 3.250000000000036000, 3.349999999999989900, 1.599999999999897300 ) ) ;
#2585 = LINE ( 'NONE', #2495, #1030 ) ;
#2586 = LINE ( 'NONE', #529, #2264 ) ;
#2587 = CARTESIAN_POINT ( 'NONE',  ( 1.250000000000000000, 2.849999999999979200, 6.349999999999897500 ) ) ;
#2588 = LINE ( 'NONE', #1341, #3398 ) ;
#2589 = EDGE_CURVE ( 'NONE', #3529, #3184, #3399, .T. ) ;
#2590 = DIRECTION ( 'NONE',  ( -1.000000000000000000, 0.0000000000000000000, -1.052246740033299200E-014 ) ) ;
#2591 = ORIENTED_EDGE ( 'NONE', *, *, #1456, .T. ) ;
#2592 = CARTESIAN_POINT ( 'NONE',  ( 2.750000000000028400, -0.3500000000000027000, 0.8999999999998972200 ) ) ;
#2593 = ORIENTED_EDGE ( 'NONE', *, *, #477, .T. ) ;
#2594 = DIRECTION ( 'NONE',  ( 1.000000000000000000, -0.0000000000000000000, 1.052246740033299200E-014 ) ) ;
#2595 = DIRECTION ( 'NONE',  ( -1.000000000000000000, -0.0000000000000000000, -1.052246740033299200E-014 ) ) ;
#2596 = VERTEX_POINT ( 'NONE', #1355 ) ;
#2597 = CARTESIAN_POINT ( 'NONE',  ( 2.903793708876723400, -3.496977376688013500, 1.274148389185214100 ) ) ;
#2598 = CARTESIAN_POINT ( 'NONE',  ( 2.750000000000027500, -1.182440736281054900, 0.7643161577684882700 ) ) ;
#2599 = CARTESIAN_POINT ( 'NONE',  ( -2.300000000000098000, 0.6999999999999709800, 7.499999999999877400 ) ) ;
#2600 = CARTESIAN_POINT ( 'NONE',  ( 4.949999999999965500, 4.799999999999990900, 1.599999999999946400 ) ) ;
#2601 = ORIENTED_EDGE ( 'NONE', *, *, #477, .F. ) ;
#2602 = LINE ( 'NONE', #2137, #1726 ) ;
#2603 = CARTESIAN_POINT ( 'NONE',  ( 4.949999999999983300, 2.776239569296600400, -6.093216209368534900E-014 ) ) ;
#2604 = AXIS2_PLACEMENT_3D ( 'NONE', #2587, #1968, #1071 ) ;
#2605 = FACE_OUTER_BOUND ( 'NONE', #627, .T. ) ;
#2606 = ORIENTED_EDGE ( 'NONE', *, *, #700, .T. ) ;
#2607 = DIRECTION ( 'NONE',  ( 0.0000000000000000000, 0.0000000000000000000, -1.000000000000000000 ) ) ;
#2608 = CARTESIAN_POINT ( 'NONE',  ( 1.250000000000000000, 2.849999999999979200, 1.599999999999896400 ) ) ;
#2609 = CARTESIAN_POINT ( 'NONE',  ( -2.300000000000081500, 2.949999999999977100, 6.099999999999886800 ) ) ;
#2610 = VECTOR ( 'NONE', #2025, 1000.000000000000000 ) ;
#2611 = EDGE_CURVE ( 'NONE', #950, #2460, #2586, .T. ) ;
#2612 = DIRECTION ( 'NONE',  ( -1.040834085586084700E-014, 0.0000000000000000000, -1.000000000000000000 ) ) ;
#2613 = PLANE ( 'NONE',  #3363 ) ;
#2614 = FACE_OUTER_BOUND ( 'NONE', #2319, .T. ) ;
#2615 = DIRECTION ( 'NONE',  ( 1.000000000000000000, -6.610922746731392500E-017, 1.052246740033299200E-014 ) ) ;
#2616 = EDGE_LOOP ( 'NONE', ( #1813, #1074, #1206, #650 ) ) ;
#2617 = EDGE_CURVE ( 'NONE', #2226, #762, #1111, .T. ) ;
#2618 = CARTESIAN_POINT ( 'NONE',  ( -2.300000000000097100, 4.199999999999970900, 7.599999999999890400 ) ) ;
#2619 = ORIENTED_EDGE ( 'NONE', *, *, #281, .T. ) ;
#2620 = DIRECTION ( 'NONE',  ( 1.000000000000000000, 0.0000000000000000000, 1.052246740033299200E-014 ) ) ;
#2621 = ADVANCED_FACE ( 'NONE', ( #1899 ), #891, .F. ) ;
#2622 = EDGE_LOOP ( 'NONE', ( #177, #1842, #2100, #1090 ) ) ;
#2623 = DIRECTION ( 'NONE',  ( -6.776263578034440900E-017, 1.000000000000000000, 6.030874584450652300E-015 ) ) ;
#2624 = LINE ( 'NONE', #3753, #3214 ) ;
#2625 = AXIS2_PLACEMENT_3D ( 'NONE', #2963, #105, #340 ) ;
#2626 = CARTESIAN_POINT ( 'NONE',  ( 1.250000000000000000, 2.849999999999979200, 1.599999999999896400 ) ) ;
#2627 = LINE ( 'NONE', #354, #3668 ) ;
#2628 = EDGE_LOOP ( 'NONE', ( #3792, #3439, #1309, #3536 ) ) ;
#2629 = VECTOR ( 'NONE', #130, 1000.000000000000000 ) ;
#2630 = LINE ( 'NONE', #3356, #2250 ) ;
#2631 = STYLED_ITEM ( 'NONE', ( #1902 ), #1225 ) ;
#2632 = CARTESIAN_POINT ( 'NONE',  ( 2.750000000000032900, -1.260657968801170500, 1.270471987470918900 ) ) ;
#2633 = ORIENTED_EDGE ( 'NONE', *, *, #3143, .F. ) ;
#2634 = CARTESIAN_POINT ( 'NONE',  ( 2.750000000000036400, -0.3500000000000027000, 1.599999999999858600 ) ) ;
#2635 = VECTOR ( 'NONE', #2017, 1000.000000000000000 ) ;
#2636 = CIRCLE ( 'NONE', #324, 0.4999999999999997800 ) ;
#2637 = EDGE_CURVE ( 'NONE', #2150, #1904, #2944, .T. ) ;
#2638 = CARTESIAN_POINT ( 'NONE',  ( -2.400000000000098100, 4.299999999999972300, 7.599999999999889500 ) ) ;
#2639 = ORIENTED_EDGE ( 'NONE', *, *, #745, .T. ) ;
#2640 = EDGE_LOOP ( 'NONE', ( #2539, #1235, #3577, #3452 ) ) ;
#2641 = CARTESIAN_POINT ( 'NONE',  ( 2.750000000000027500, -1.182440736281054900, 0.7643161577684882700 ) ) ;
#2642 = ORIENTED_EDGE ( 'NONE', *, *, #383, .T. ) ;
#2643 = EDGE_CURVE ( 'NONE', #857, #1658, #1808, .T. ) ;
#2644 = ORIENTED_EDGE ( 'NONE', *, *, #1231, .F. ) ;
#2645 = ORIENTED_EDGE ( 'NONE', *, *, #37, .F. ) ;
#2646 = DIRECTION ( 'NONE',  ( 1.000000000000000000, -6.610922746731309900E-017, 1.062450995774339300E-014 ) ) ;
#2647 = CARTESIAN_POINT ( 'NONE',  ( 1.250000000000000000, 3.349999999999979200, 6.349999999999897500 ) ) ;
#2648 = CARTESIAN_POINT ( 'NONE',  ( 2.750000000000033800, -0.8355904294972827900, 1.404184425364908300 ) ) ;
#2649 = EDGE_LOOP ( 'NONE', ( #1946, #1691, #3049, #1389 ) ) ;
#2650 = ORIENTED_EDGE ( 'NONE', *, *, #3487, .F. ) ;
#2651 = DIRECTION ( 'NONE',  ( 0.0000000000000000000, 0.0000000000000000000, 1.000000000000000000 ) ) ;
#2652 = CARTESIAN_POINT ( 'NONE',  ( -1.250000000000031100, -3.338864014146287300, 1.210924661863624700 ) ) ;
#2653 = VERTEX_POINT ( 'NONE', #493 ) ;
#2654 = VECTOR ( 'NONE', #1152, 1000.000000000000000 ) ;
#2655 =( GEOMETRIC_REPRESENTATION_CONTEXT ( 3 ) GLOBAL_UNCERTAINTY_ASSIGNED_CONTEXT ( ( #2826 ) ) GLOBAL_UNIT_ASSIGNED_CONTEXT ( ( #782, #742, #3083 ) ) REPRESENTATION_CONTEXT ( 'NONE', 'WORKASPACE' ) );
#2656 = DIRECTION ( 'NONE',  ( 0.3236155771181817900, 0.3236155771181817900, 0.8891264907159904800 ) ) ;
#2657 = CARTESIAN_POINT ( 'NONE',  ( 2.949999999999903400, 4.799999999999970500, 7.599999999999948100 ) ) ;
#2658 = DIRECTION ( 'NONE',  ( -6.610922746731392500E-017, -1.000000000000000000, -6.956321908860092100E-031 ) ) ;
#2659 = VECTOR ( 'NONE', #923, 1000.000000000000000 ) ;
#2660 = EDGE_CURVE ( 'NONE', #1068, #2008, #2405, .T. ) ;
#2661 = DIRECTION ( 'NONE',  ( 1.000000000000000000, -0.0000000000000000000, -0.0000000000000000000 ) ) ;
#2662 = ADVANCED_FACE ( 'NONE', ( #1031 ), #2282, .F. ) ;
#2663 = DIRECTION ( 'NONE',  ( 1.000000000000000000, -6.610922746727838900E-017, -2.175971614715019700E-031 ) ) ;
#2664 = EDGE_CURVE ( 'NONE', #1342, #1447, #248, .T. ) ;
#2665 = VERTEX_POINT ( 'NONE', #1681 ) ;
#2666 = DIRECTION ( 'NONE',  ( -1.052246740033299200E-014, 0.0000000000000000000, -1.000000000000000000 ) ) ;
#2667 = CARTESIAN_POINT ( 'NONE',  ( -0.8591910702799481200, 2.849999999999979200, 6.649999999999902700 ) ) ;
#2668 = AXIS2_PLACEMENT_3D ( 'NONE', #634, #1783, #3262 ) ;
#2669 = DIRECTION ( 'NONE',  ( -6.610922746727709500E-017, -1.000000000000000000, -3.499817452019463200E-015 ) ) ;
#2670 = ORIENTED_EDGE ( 'NONE', *, *, #2918, .F. ) ;
#2671 = ORIENTED_EDGE ( 'NONE', *, *, #995, .F. ) ;
#2672 = ORIENTED_EDGE ( 'NONE', *, *, #2294, .T. ) ;
#2673 = CARTESIAN_POINT ( 'NONE',  ( -2.400000000000098100, 4.799999999999970500, 7.599999999999891300 ) ) ;
#2674 = VECTOR ( 'NONE', #53, 1000.000000000000000 ) ;
#2675 = ORIENTED_EDGE ( 'NONE', *, *, #3273, .T. ) ;
#2676 = LINE ( 'NONE', #1055, #2851 ) ;
#2677 = AXIS2_PLACEMENT_3D ( 'NONE', #1092, #2543, #2835 ) ;
#2678 = LINE ( 'NONE', #2751, #1898 ) ;
#2679 = LINE ( 'NONE', #2558, #520 ) ;
#2680 = ADVANCED_FACE ( 'NONE', ( #1857 ), #2569, .T. ) ;
#2681 = CARTESIAN_POINT ( 'NONE',  ( 0.7500000000000000000, 2.849999999999978800, 1.099999999999896400 ) ) ;
#2682 = DIRECTION ( 'NONE',  ( 1.040834085586084300E-014, 0.0000000000000000000, -1.000000000000000000 ) ) ;
#2683 = VECTOR ( 'NONE', #2523, 1000.000000000000000 ) ;
#2684 = VECTOR ( 'NONE', #2824, 1000.000000000000000 ) ;
#2685 = VERTEX_POINT ( 'NONE', #1972 ) ;
#2686 = CARTESIAN_POINT ( 'NONE',  ( 1.250000000000000000, 3.349999999999979200, 1.599999999999899900 ) ) ;
#2687 = ORIENTED_EDGE ( 'NONE', *, *, #2064, .F. ) ;
#2688 = ORIENTED_EDGE ( 'NONE', *, *, #3583, .T. ) ;
#2689 = EDGE_CURVE ( 'NONE', #994, #3600, #3086, .T. ) ;
#2690 = ORIENTED_EDGE ( 'NONE', *, *, #3434, .F. ) ;
#2691 = ORIENTED_EDGE ( 'NONE', *, *, #3004, .T. ) ;
#2692 = ADVANCED_FACE ( 'NONE', ( #3226 ), #1391, .F. ) ;
#2693 = EDGE_CURVE ( 'NONE', #2933, #3103, #3129, .T. ) ;
#2694 = CARTESIAN_POINT ( 'NONE',  ( -1.300000000000072000, 4.199999999999978000, 5.599999999999901900 ) ) ;
#2695 = ORIENTED_EDGE ( 'NONE', *, *, #922, .F. ) ;
#2696 = CARTESIAN_POINT ( 'NONE',  ( 4.399999999999904400, 3.349999999999971200, 7.599999999999935700 ) ) ;
#2697 = DIRECTION ( 'NONE',  ( 3.553812700235760600E-029, -1.000000000000000000, -3.377356816637224700E-015 ) ) ;
#2698 = DIRECTION ( 'NONE',  ( -1.000000000000000000, -6.610922746731392500E-017, 1.052246740033299200E-014 ) ) ;
#2699 = LINE ( 'NONE', #1708, #39 ) ;
#2700 = ADVANCED_FACE ( 'NONE', ( #65 ), #298, .T. ) ;
#2701 = CARTESIAN_POINT ( 'NONE',  ( -2.300000000000096200, 2.549999999999971800, 7.499999999999884500 ) ) ;
#2702 = FACE_OUTER_BOUND ( 'NONE', #2554, .T. ) ;
#2703 = CARTESIAN_POINT ( 'NONE',  ( -1.250000000000084600, 3.349999999999979200, 6.349999999999898400 ) ) ;
#2704 = LINE ( 'NONE', #805, #1512 ) ;
#2705 = DIRECTION ( 'NONE',  ( -1.040326012723439700E-014, -0.1564344650402306700, 0.9876883405951376600 ) ) ;
#2706 = ADVANCED_FACE ( 'NONE', ( #1711 ), #2295, .F. ) ;
#2707 = VECTOR ( 'NONE', #1966, 1000.000000000000000 ) ;
#2708 = EDGE_CURVE ( 'NONE', #120, #1264, #843, .T. ) ;
#2709 = CARTESIAN_POINT ( 'NONE',  ( 2.750000000000036000, 2.849999999999979200, 1.599999999999878000 ) ) ;
#2710 = VERTEX_POINT ( 'NONE', #1717 ) ;
#2711 = ORIENTED_EDGE ( 'NONE', *, *, #1089, .T. ) ;
#2712 = UNCERTAINTY_MEASURE_WITH_UNIT (LENGTH_MEASURE( 1.000000000000000100E-005 ), #1945, 'distance_accuracy_value', 'NONE');
#2713 = ORIENTED_EDGE ( 'NONE', *, *, #185, .F. ) ;
#2714 = EDGE_CURVE ( 'NONE', #3383, #2799, #1764, .T. ) ;
#2715 = ORIENTED_EDGE ( 'NONE', *, *, #232, .T. ) ;
#2716 = VECTOR ( 'NONE', #561, 1000.000000000000000 ) ;
#2717 = ADVANCED_FACE ( 'NONE', ( #2728 ), #2916, .F. ) ;
#2718 = CARTESIAN_POINT ( 'NONE',  ( 1.250000000000000000, -3.360891383739943900, 1.599999999999877300 ) ) ;
#2719 = CARTESIAN_POINT ( 'NONE',  ( 2.750000000000036400, -0.3500000000000025900, 1.599999999999877700 ) ) ;
#2720 = VECTOR ( 'NONE', #1211, 1000.000000000000200 ) ;
#2721 = AXIS2_PLACEMENT_3D ( 'NONE', #3465, #1405, #265 ) ;
#2722 = DIRECTION ( 'NONE',  ( 1.000000000000000000, 6.610922746731392500E-017, -1.052246740033299200E-014 ) ) ;
#2723 = ORIENTED_EDGE ( 'NONE', *, *, #1858, .F. ) ;
#2724 = LINE ( 'NONE', #2499, #1063 ) ;
#2725 = CYLINDRICAL_SURFACE ( 'NONE', #3155, 0.9999999999999995600 ) ;
#2727 = ORIENTED_EDGE ( 'NONE', *, *, #232, .F. ) ;
#2726 = LINE ( 'NONE', #3039, #1253 ) ;
#2728 = FACE_OUTER_BOUND ( 'NONE', #1671, .T. ) ;
#2729 = AXIS2_PLACEMENT_3D ( 'NONE', #1793, #1160, #40 ) ;
#2730 = ADVANCED_FACE ( 'NONE', ( #1382 ), #1727, .F. ) ;
#2731 = EDGE_LOOP ( 'NONE', ( #2125, #743, #2843, #1596 ) ) ;
#2732 = VERTEX_POINT ( 'NONE', #2632 ) ;
#2733 = EDGE_CURVE ( 'NONE', #2134, #814, #3589, .T. ) ;
#2734 = DIRECTION ( 'NONE',  ( -1.051998147560192300E-014, 0.0000000000000000000, -1.000000000000000000 ) ) ;
#2735 = ORIENTED_EDGE ( 'NONE', *, *, #1947, .T. ) ;
#2736 = EDGE_LOOP ( 'NONE', ( #236, #1819, #282, #1585 ) ) ;
#2737 = VERTEX_POINT ( 'NONE', #1434 ) ;
#2738 = EDGE_CURVE ( 'NONE', #2343, #418, #1756, .T. ) ;
#2739 = CARTESIAN_POINT ( 'NONE',  ( -0.8591910702799480100, 2.959191070279839900, 6.649999999999902700 ) ) ;
#2740 = CARTESIAN_POINT ( 'NONE',  ( 3.140808929720228200, 3.240808929720118100, 6.649999999999877800 ) ) ;
#2741 = ORIENTED_EDGE ( 'NONE', *, *, #1019, .T. ) ;
#2742 =( GEOMETRIC_REPRESENTATION_CONTEXT ( 3 ) GLOBAL_UNCERTAINTY_ASSIGNED_CONTEXT ( ( #393 ) ) GLOBAL_UNIT_ASSIGNED_CONTEXT ( ( #804, #779, #1356 ) ) REPRESENTATION_CONTEXT ( 'NONE', 'WORKASPACE' ) );
#2743 = DIRECTION ( 'NONE',  ( 1.000000000000000000, -6.610922746731423300E-017, 1.052246740033299200E-014 ) ) ;
#2744 = CARTESIAN_POINT ( 'NONE',  ( -1.250000000000028000, -1.182440736281055200, 0.9356838422312840900 ) ) ;
#2745 = EDGE_LOOP ( 'NONE', ( #1889, #2507, #3566, #967, #3003, #3002, #3450, #3486 ) ) ;
#2746 = CIRCLE ( 'NONE', #2911, 0.6999999999999807500 ) ;
#2747 = ADVANCED_FACE ( 'NONE', ( #3535 ), #570, .F. ) ;
#2748 = FACE_OUTER_BOUND ( 'NONE', #763, .T. ) ;
#2749 = CARTESIAN_POINT ( 'NONE',  ( 3.250000000000036000, 2.849999999999990300, 1.599999999999896400 ) ) ;
#2750 = ORIENTED_EDGE ( 'NONE', *, *, #359, .F. ) ;
#2751 = CARTESIAN_POINT ( 'NONE',  ( 4.949999999999983300, -4.336808689942017700E-015, -7.112366251504909100E-014 ) ) ;
#2752 = VECTOR ( 'NONE', #808, 1000.000000000000000 ) ;
#2753 = CARTESIAN_POINT ( 'NONE',  ( -1.250000000000035700, 4.799999999999990900, 1.599999999999902200 ) ) ;
#2754 = ORIENTED_EDGE ( 'NONE', *, *, #1433, .F. ) ;
#2755 = PLANE ( 'NONE',  #3309 ) ;
#2756 = DIRECTION ( 'NONE',  ( 1.000000000000000000, -6.610922746731392500E-017, 1.052246740033299200E-014 ) ) ;
#2757 = EDGE_CURVE ( 'NONE', #2128, #3548, #2856, .T. ) ;
#2758 = ORIENTED_EDGE ( 'NONE', *, *, #2386, .T. ) ;
#2759 = CARTESIAN_POINT ( 'NONE',  ( 1.250000000000000000, 2.849999999999979200, 6.649999999999900900 ) ) ;
#2760 = EDGE_LOOP ( 'NONE', ( #1766, #3645, #1672, #2639 ) ) ;
#2761 = CARTESIAN_POINT ( 'NONE',  ( -1.140808929720172700, -3.382918753333602300, 1.489075338136148300 ) ) ;
#2762 = VECTOR ( 'NONE', #3676, 1000.000000000000000 ) ;
#2763 = EDGE_CURVE ( 'NONE', #762, #857, #2208, .T. ) ;
#2764 = DIRECTION ( 'NONE',  ( 0.0000000000000000000, -0.1564344650402306500, 0.9876883405951376600 ) ) ;
#2765 = VECTOR ( 'NONE', #285, 1000.000000000000000 ) ;
#2766 = ORIENTED_EDGE ( 'NONE', *, *, #1703, .T. ) ;
#2767 = CIRCLE ( 'NONE', #1871, 0.2000000000000003200 ) ;
#2768 = PLANE ( 'NONE',  #1643 ) ;
#2769 = FACE_BOUND ( 'NONE', #1868, .T. ) ;
#2770 = VECTOR ( 'NONE', #2505, 1000.000000000000000 ) ;
#2771 = DIRECTION ( 'NONE',  ( 1.000000000000000000, -0.0000000000000000000, 1.052246740033299200E-014 ) ) ;
#2772 = VECTOR ( 'NONE', #921, 1000.000000000000200 ) ;
#2773 = EDGE_LOOP ( 'NONE', ( #2048, #989, #1440, #719 ) ) ;
#2774 = CARTESIAN_POINT ( 'NONE',  ( -2.300000000000041600, 4.199999999999992200, 1.599999999999890400 ) ) ;
#2775 = EDGE_LOOP ( 'NONE', ( #2247, #1564, #3275, #2175 ) ) ;
#2776 = AXIS2_PLACEMENT_3D ( 'NONE', #1835, #380, #1255 ) ;
#2777 = EDGE_LOOP ( 'NONE', ( #3159, #1848, #3681, #1145 ) ) ;
#2778 = VERTEX_POINT ( 'NONE', #1741 ) ;
#2779 = FILL_AREA_STYLE_COLOUR ( '', #3296 ) ;
#2780 = CARTESIAN_POINT ( 'NONE',  ( 2.750000000000036000, 2.849999999999990300, 1.599999999999901700 ) ) ;
#2781 = ORIENTED_EDGE ( 'NONE', *, *, #1535, .T. ) ;
#2782 = EDGE_CURVE ( 'NONE', #3524, #2323, #3770, .T. ) ;
#2783 = EDGE_LOOP ( 'NONE', ( #1258, #3732, #1860, #1261 ) ) ;
#2784 = EDGE_CURVE ( 'NONE', #1260, #3600, #1197, .T. ) ;
#2785 = CARTESIAN_POINT ( 'NONE',  ( 1.250000000000000000, 3.349999999999979200, 1.599999999999899900 ) ) ;
#2786 = LINE ( 'NONE', #3510, #1091 ) ;
#2787 = PLANE ( 'NONE',  #1661 ) ;
#2788 = VECTOR ( 'NONE', #3806, 1000.000000000000100 ) ;
#2789 = VERTEX_POINT ( 'NONE', #1998 ) ;
#2790 = VECTOR ( 'NONE', #1093, 1000.000000000000000 ) ;
#2791 = AXIS2_PLACEMENT_3D ( 'NONE', #711, #3035, #406 ) ;
#2792 = PLANE ( 'NONE',  #1099 ) ;
#2793 = ORIENTED_EDGE ( 'NONE', *, *, #3636, .T. ) ;
#2794 = VERTEX_POINT ( 'NONE', #1416 ) ;
#2795 = CARTESIAN_POINT ( 'NONE',  ( -2.950000000000098300, 2.549999999999971400, 7.599999999999877100 ) ) ;
#2796 = EDGE_CURVE ( 'NONE', #2973, #897, #3125, .T. ) ;
#2797 = MECHANICAL_DESIGN_GEOMETRIC_PRESENTATION_REPRESENTATION (  '', ( #2631 ), #2153 ) ;
#2798 = CARTESIAN_POINT ( 'NONE',  ( 2.750000000000030600, 2.849999999999978800, 1.099999999999878000 ) ) ;
#2799 = VERTEX_POINT ( 'NONE', #585 ) ;
#2800 = ORIENTED_EDGE ( 'NONE', *, *, #631, .F. ) ;
#2801 = VECTOR ( 'NONE', #1281, 999.9999999999998900 ) ;
#2802 = EDGE_CURVE ( 'NONE', #3091, #2906, #1936, .T. ) ;
#2803 = FACE_OUTER_BOUND ( 'NONE', #3596, .T. ) ;
#2804 = FACE_OUTER_BOUND ( 'NONE', #2041, .T. ) ;
#2805 = ORIENTED_EDGE ( 'NONE', *, *, #768, .T. ) ;
#2806 = CARTESIAN_POINT ( 'NONE',  ( -2.300000000000096600, 0.6999999999999702000, 7.499999999999878300 ) ) ;
#2807 = FACE_OUTER_BOUND ( 'NONE', #1993, .T. ) ;
#2808 = VECTOR ( 'NONE', #2669, 1000.000000000000000 ) ;
#2809 = EDGE_CURVE ( 'NONE', #783, #3067, #3438, .T. ) ;
#2810 = CARTESIAN_POINT ( 'NONE',  ( 1.140808929720139400, 3.240808929720118600, 6.649999999999900900 ) ) ;
#2811 = DIRECTION ( 'NONE',  ( 1.000000000000000000, 6.610922746731392500E-017, -1.052246740033299200E-014 ) ) ;
#2812 = LINE ( 'NONE', #3789, #394 ) ;
#2813 = DIRECTION ( 'NONE',  ( -0.0000000000000000000, -0.0000000000000000000, 1.000000000000000000 ) ) ;
#2814 = ORIENTED_EDGE ( 'NONE', *, *, #2850, .F. ) ;
#2815 = APPLICATION_PROTOCOL_DEFINITION ( 'draft international standard', 'automotive_design', 1998, #1957 ) ;
#2816 = AXIS2_PLACEMENT_3D ( 'NONE', #2471, #990, #3353 ) ;
#2817 = ORIENTED_EDGE ( 'NONE', *, *, #1426, .F. ) ;
#2818 = ORIENTED_EDGE ( 'NONE', *, *, #2133, .T. ) ;
#2819 = EDGE_LOOP ( 'NONE', ( #2103, #2947, #2436, #900 ) ) ;
#2820 = DIRECTION ( 'NONE',  ( 1.000000000000000000, -6.610922746731355500E-017, 1.052246740033299200E-014 ) ) ;
#2821 = DIRECTION ( 'NONE',  ( -0.3236155771181907800, -0.3236155771181826700, 0.8891264907159868200 ) ) ;
#2822 = ORIENTED_EDGE ( 'NONE', *, *, #1969, .T. ) ;
#2823 = ORIENTED_EDGE ( 'NONE', *, *, #414, .T. ) ;
#2824 = DIRECTION ( 'NONE',  ( 1.000000000000000000, -0.0000000000000000000, 1.052246740033299200E-014 ) ) ;
#2825 = CARTESIAN_POINT ( 'NONE',  ( -0.7500000000000357500, 3.349999999999989900, 1.599999999999902400 ) ) ;
#2826 = UNCERTAINTY_MEASURE_WITH_UNIT (LENGTH_MEASURE( 1.000000000000000100E-005 ), #782, 'distance_accuracy_value', 'NONE');
#2827 = DIRECTION ( 'NONE',  ( -3.553812700235760600E-029, 1.000000000000000000, 3.377356816637224700E-015 ) ) ;
#2828 = ORIENTED_EDGE ( 'NONE', *, *, #1345, .T. ) ;
#2829 = EDGE_CURVE ( 'NONE', #1169, #1549, #1977, .T. ) ;
#2830 = LINE ( 'NONE', #1398, #1636 ) ;
#2831 = SURFACE_STYLE_USAGE ( .BOTH. , #3702 ) ;
#2832 = VERTEX_POINT ( 'NONE', #1475 ) ;
#2833 = VECTOR ( 'NONE', #1480, 1000.000000000000000 ) ;
#2834 = EDGE_CURVE ( 'NONE', #2008, #2940, #292, .T. ) ;
#2835 = DIRECTION ( 'NONE',  ( 1.000000000000000000, -6.610922746731383900E-017, 1.052246740033299000E-014 ) ) ;
#2836 = CARTESIAN_POINT ( 'NONE',  ( 1.250000000000000000, 2.959191070279839900, 6.649999999999900900 ) ) ;
#2837 = DIRECTION ( 'NONE',  ( -0.0000000000000000000, -0.0000000000000000000, 1.000000000000000000 ) ) ;
#2838 = VECTOR ( 'NONE', #2595, 1000.000000000000000 ) ;
#2839 = PLANE ( 'NONE',  #3602 ) ;
#2840 = CARTESIAN_POINT ( 'NONE',  ( -1.250000000000036900, -0.3500000000000027000, 1.799999999999874800 ) ) ;
#2841 = SURFACE_SIDE_STYLE ('',( #1384 ) ) ;
#2842 = CIRCLE ( 'NONE', #1364, 0.1999999999999811100 ) ;
#2843 = ORIENTED_EDGE ( 'NONE', *, *, #59, .F. ) ;
#2844 = AXIS2_PLACEMENT_3D ( 'NONE', #219, #300, #2590 ) ;
#2845 = CARTESIAN_POINT ( 'NONE',  ( 3.250000000000036000, 3.349999999999990300, 1.599999999999897300 ) ) ;
#2846 = PLANE ( 'NONE',  #558 ) ;
#2847 = DIRECTION ( 'NONE',  ( 1.052246740033299200E-014, 0.0000000000000000000, -1.000000000000000000 ) ) ;
#2848 = ORIENTED_EDGE ( 'NONE', *, *, #2442, .T. ) ;
#2849 = CARTESIAN_POINT ( 'NONE',  ( 2.949999999999966400, 3.349999999999990300, 1.599999999999941500 ) ) ;
#2850 = EDGE_CURVE ( 'NONE', #1164, #2285, #1852, .T. ) ;
#2851 = VECTOR ( 'NONE', #1313, 1000.000000000000000 ) ;
#2852 = CARTESIAN_POINT ( 'NONE',  ( 4.949999999999902500, -2.428612866367529900E-014, 7.599999999999915300 ) ) ;
#2853 = CARTESIAN_POINT ( 'NONE',  ( -1.300000000000075300, 4.799999999999970500, 7.599999999999948100 ) ) ;
#2854 = EDGE_LOOP ( 'NONE', ( #2249, #661, #614, #2750 ) ) ;
#2855 = VERTEX_POINT ( 'NONE', #3242 ) ;
#2856 = LINE ( 'NONE', #2345, #2309 ) ;
#2857 = ORIENTED_EDGE ( 'NONE', *, *, #258, .T. ) ;
#2858 = EDGE_CURVE ( 'NONE', #2524, #3501, #2163, .T. ) ;
#2859 = VECTOR ( 'NONE', #902, 1000.000000000000000 ) ;
#2860 = LINE ( 'NONE', #3013, #437 ) ;
#2861 = CARTESIAN_POINT ( 'NONE',  ( 2.750000000000054600, 2.849999999999986300, 3.349999999999917500 ) ) ;
#2862 = ORIENTED_EDGE ( 'NONE', *, *, #1352, .F. ) ;
#2863 = VERTEX_POINT ( 'NONE', #1529 ) ;
#2864 = ORIENTED_EDGE ( 'NONE', *, *, #2089, .T. ) ;
#2865 = ORIENTED_EDGE ( 'NONE', *, *, #3323, .F. ) ;
#2866 = VERTEX_POINT ( 'NONE', #2094 ) ;
#2867 = AXIS2_PLACEMENT_3D ( 'NONE', #3199, #2646, #3252 ) ;
#2868 = EDGE_LOOP ( 'NONE', ( #1843, #1999, #630, #147, #125, #3509, #350, #1887, #1257, #1078, #1519, #1932, #3639, #279, #3787 ) ) ;
#2869 = CARTESIAN_POINT ( 'NONE',  ( -2.950000000000081000, 2.549999999999971400, 6.099999999999878000 ) ) ;
#2870 = CARTESIAN_POINT ( 'NONE',  ( 3.299999999999933200, 4.799999999999976700, 5.599999999999928600 ) ) ;
#2871 = CARTESIAN_POINT ( 'NONE',  ( 2.859191070279949900, 2.959191070279839900, 6.649999999999881300 ) ) ;
#2872 = LINE ( 'NONE', #3496, #2141 ) ;
#2873 = EDGE_CURVE ( 'NONE', #2908, #2370, #14, .T. ) ;
#2874 = FACE_OUTER_BOUND ( 'NONE', #1333, .T. ) ;
#2875 = ORIENTED_EDGE ( 'NONE', *, *, #2858, .F. ) ;
#2876 = EDGE_CURVE ( 'NONE', #120, #1429, #2989, .T. ) ;
#2877 = DIRECTION ( 'NONE',  ( 1.000000000000000000, 0.0000000000000000000, 1.052246740033299200E-014 ) ) ;
#2878 = VECTOR ( 'NONE', #2620, 1000.000000000000000 ) ;
#2879 = CARTESIAN_POINT ( 'NONE',  ( -1.250000000000029500, 2.849999999999978800, 1.099999999999893700 ) ) ;
#2880 = CARTESIAN_POINT ( 'NONE',  ( -1.300000000000077100, 4.199999999999978000, 5.599999999999901100 ) ) ;
#2881 = CARTESIAN_POINT ( 'NONE',  ( -2.950000000000096500, 4.799999999999970500, 7.599999999999885100 ) ) ;
#2882 = ORIENTED_EDGE ( 'NONE', *, *, #3314, .F. ) ;
#2883 = EDGE_LOOP ( 'NONE', ( #2087, #3017, #1775, #63, #3435 ) ) ;
#2884 = CARTESIAN_POINT ( 'NONE',  ( 2.750000000000038200, -1.182440736281054900, 1.764316157768487800 ) ) ;
#2885 = EDGE_LOOP ( 'NONE', ( #1476, #969, #2818, #720 ) ) ;
#2886 = AXIS2_PLACEMENT_3D ( 'NONE', #2996, #2722, #2428 ) ;
#2887 = LINE ( 'NONE', #93, #1058 ) ;
#2888 = CARTESIAN_POINT ( 'NONE',  ( 4.949999999999983300, 2.776239569296600400, -6.093216209368534900E-014 ) ) ;
#2889 = VECTOR ( 'NONE', #1511, 1000.000000000000000 ) ;
#2890 = VECTOR ( 'NONE', #1282, 1000.000000000000100 ) ;
#2891 = ORIENTED_EDGE ( 'NONE', *, *, #1850, .F. ) ;
#2892 = EDGE_CURVE ( 'NONE', #3633, #698, #1247, .T. ) ;
#2893 = DIRECTION ( 'NONE',  ( -1.052246740033299200E-014, 0.0000000000000000000, 1.000000000000000000 ) ) ;
#2894 = VECTOR ( 'NONE', #2397, 1000.000000000000000 ) ;
#2895 = CYLINDRICAL_SURFACE ( 'NONE', #2776, 0.5000000000000002200 ) ;
#2896 = DIRECTION ( 'NONE',  ( -0.9396926207859103200, 0.3378093078114372500, 0.05350373815412352200 ) ) ;
#2897 = VECTOR ( 'NONE', #3803, 1000.000000000000000 ) ;
#2898 = EDGE_CURVE ( 'NONE', #698, #1169, #3673, .T. ) ;
#2899 = DIRECTION ( 'NONE',  ( 1.000000000000000000, 6.610922746731392500E-017, -1.052246740033299200E-014 ) ) ;
#2900 = PLANE ( 'NONE',  #2729 ) ;
#2901 = DIRECTION ( 'NONE',  ( 1.000000000000000000, 0.0000000000000000000, 1.095614826932719200E-014 ) ) ;
#2902 = ORIENTED_EDGE ( 'NONE', *, *, #703, .T. ) ;
#2903 = CARTESIAN_POINT ( 'NONE',  ( -0.7500000000000347500, 3.349999999999979200, 1.599999999999902400 ) ) ;
#2904 = VERTEX_POINT ( 'NONE', #1784 ) ;
#2905 = ORIENTED_EDGE ( 'NONE', *, *, #2210, .T. ) ;
#2906 = VERTEX_POINT ( 'NONE', #31 ) ;
#2907 = CARTESIAN_POINT ( 'NONE',  ( 1.250000000000000000, 2.849999999999979200, 1.599999999999896400 ) ) ;
#2908 = VERTEX_POINT ( 'NONE', #357 ) ;
#2909 = EDGE_LOOP ( 'NONE', ( #6, #1303, #82, #3112 ) ) ;
#2910 = CARTESIAN_POINT ( 'NONE',  ( 2.949999999999903400, 4.799999999999976700, 5.599999999999892200 ) ) ;
#2911 = AXIS2_PLACEMENT_3D ( 'NONE', #3220, #3767, #266 ) ;
#2912 = ORIENTED_EDGE ( 'NONE', *, *, #2015, .F. ) ;
#2913 = CARTESIAN_POINT ( 'NONE',  ( -0.8591910702798962700, -3.400000000000002600, 1.596922085148674500 ) ) ;
#2914 = PLANE ( 'NONE',  #49 ) ;
#2915 = LINE ( 'NONE', #2098, #1134 ) ;
#2916 = PLANE ( 'NONE',  #1318 ) ;
#2917 = VERTEX_POINT ( 'NONE', #599 ) ;
#2918 = EDGE_CURVE ( 'NONE', #3218, #1164, #388, .T. ) ;
#2919 = LINE ( 'NONE', #3752, #2654 ) ;
#2920 = ADVANCED_FACE ( 'NONE', ( #886 ), #1490, .F. ) ;
#2921 = DIRECTION ( 'NONE',  ( 6.610922746731392500E-017, 1.000000000000000000, 6.956321908860092100E-031 ) ) ;
#2922 = LINE ( 'NONE', #3158, #2790 ) ;
#2923 = EDGE_CURVE ( 'NONE', #774, #313, #2536, .T. ) ;
#2924 = CARTESIAN_POINT ( 'NONE',  ( 2.750000000000036000, 2.849999999999979200, 1.599999999999878000 ) ) ;
#2925 = DIRECTION ( 'NONE',  ( 0.0000000000000000000, 3.263341192431618100E-015, -1.000000000000000000 ) ) ;
#2926 = DIRECTION ( 'NONE',  ( -5.318485970577700300E-015, -0.8660254037844418200, 0.4999999999999947300 ) ) ;
#2927 = AXIS2_PLACEMENT_3D ( 'NONE', #1196, #356, #2682 ) ;
#2928 = EDGE_LOOP ( 'NONE', ( #2671, #1876, #446, #164, #2690 ) ) ;
#2929 = CARTESIAN_POINT ( 'NONE',  ( 1.250000000000000000, 3.240808929720118600, 6.649999999999900900 ) ) ;
#2930 = CARTESIAN_POINT ( 'NONE',  ( 2.750000000000085700, 2.849999999999979200, 6.349999999999879700 ) ) ;
#2931 = VECTOR ( 'NONE', #3707, 1000.000000000000000 ) ;
#2932 = AXIS2_PLACEMENT_3D ( 'NONE', #1076, #960, #148 ) ;
#2933 = VERTEX_POINT ( 'NONE', #70 ) ;
#2934 = DIRECTION ( 'NONE',  ( 0.0000000000000000000, 0.1564344650402306500, 0.9876883405951376600 ) ) ;
#2935 = ORIENTED_EDGE ( 'NONE', *, *, #2136, .T. ) ;
#2936 = VERTEX_POINT ( 'NONE', #318 ) ;
#2937 = CARTESIAN_POINT ( 'NONE',  ( -1.250000000000038400, -1.338875201321286100, 1.923372182826421400 ) ) ;
#2938 = CARTESIAN_POINT ( 'NONE',  ( 2.949999999999965500, 3.699999999999990400, 1.599999999999942400 ) ) ;
#2939 = LINE ( 'NONE', #2913, #3632 ) ;
#2940 = VERTEX_POINT ( 'NONE', #2361 ) ;
#2941 = LINE ( 'NONE', #1609, #3313 ) ;
#2942 = CARTESIAN_POINT ( 'NONE',  ( 2.750000000000030600, -0.3500000000000025900, 1.099999999999859100 ) ) ;
#2943 = VECTOR ( 'NONE', #2102, 1000.000000000000000 ) ;
#2944 = LINE ( 'NONE', #2227, #3317 ) ;
#2945 = EDGE_CURVE ( 'NONE', #2794, #632, #3221, .T. ) ;
#2946 = CARTESIAN_POINT ( 'NONE',  ( 0.7500000000000000000, 3.349999999999979200, 1.599999999999899900 ) ) ;
#2947 = ORIENTED_EDGE ( 'NONE', *, *, #2589, .F. ) ;
#2948 = CARTESIAN_POINT ( 'NONE',  ( 4.949999999999903400, 4.799999999999976700, 5.599999999999930400 ) ) ;
#2949 = ORIENTED_EDGE ( 'NONE', *, *, #1262, .T. ) ;
#2950 = EDGE_CURVE ( 'NONE', #27, #1342, #3396, .T. ) ;
#2951 = ORIENTED_EDGE ( 'NONE', *, *, #3481, .T. ) ;
#2952 = ORIENTED_EDGE ( 'NONE', *, *, #281, .F. ) ;
#2953 = PLANE ( 'NONE',  #2668 ) ;
#2954 = DIRECTION ( 'NONE',  ( 1.052246740033299200E-014, -0.0000000000000000000, -1.000000000000000000 ) ) ;
#2955 = ORIENTED_EDGE ( 'NONE', *, *, #1693, .F. ) ;
#2956 = PLANE ( 'NONE',  #3802 ) ;
#2957 = ADVANCED_FACE ( 'NONE', ( #2029 ), #1064, .F. ) ;
#2958 = ORIENTED_EDGE ( 'NONE', *, *, #1947, .F. ) ;
#2959 = DIRECTION ( 'NONE',  ( -0.7071067811865399100, 2.521490936279128600E-015, -0.7071067811865551200 ) ) ;
#2960 = CARTESIAN_POINT ( 'NONE',  ( 2.750000000000085700, 3.349999999999979200, 6.349999999999879700 ) ) ;
#2961 = LINE ( 'NONE', #1131, #321 ) ;
#2962 = DIRECTION ( 'NONE',  ( -1.000000000000000000, -6.610922746731392500E-017, 1.052246740033299200E-014 ) ) ;
#2963 = CARTESIAN_POINT ( 'NONE',  ( 2.750000000000030600, 2.849999999999978800, 1.099999999999878000 ) ) ;
#2964 = ORIENTED_EDGE ( 'NONE', *, *, #888, .T. ) ;
#2965 = VECTOR ( 'NONE', #3300, 1000.000000000000000 ) ;
#2966 = EDGE_CURVE ( 'NONE', #35, #2134, #111, .T. ) ;
#2967 = DIRECTION ( 'NONE',  ( 0.0000000000000000000, -1.000000000000000000, 0.0000000000000000000 ) ) ;
#2968 = VECTOR ( 'NONE', #889, 1000.000000000000000 ) ;
#2969 = CARTESIAN_POINT ( 'NONE',  ( 0.8477558125035488100, -3.329473271213883500, 1.502244187496328600 ) ) ;
#2970 = EDGE_CURVE ( 'NONE', #2546, #1264, #798, .T. ) ;
#2971 = ADVANCED_FACE ( 'NONE', ( #708 ), #2895, .F. ) ;
#2972 = DIRECTION ( 'NONE',  ( -1.053224967557376100E-014, 0.0000000000000000000, -1.000000000000000000 ) ) ;
#2973 = VERTEX_POINT ( 'NONE', #673 ) ;
#2974 = CARTESIAN_POINT ( 'NONE',  ( 1.140808929720139400, -3.360891383739943900, 1.209191070279722200 ) ) ;
#2975 = CARTESIAN_POINT ( 'NONE',  ( 4.949999999999962000, -4.336808689942017700E-015, -6.830473686658677900E-014 ) ) ;
#2976 = AXIS2_PLACEMENT_3D ( 'NONE', #3241, #1214, #1488 ) ;
#2977 = DIRECTION ( 'NONE',  ( -1.084202172485504000E-014, 0.0000000000000000000, 1.000000000000000000 ) ) ;
#2978 = VERTEX_POINT ( 'NONE', #953 ) ;
#2979 = VERTEX_POINT ( 'NONE', #2785 ) ;
#2980 = DIRECTION ( 'NONE',  ( -1.052246740033299200E-014, 0.0000000000000000000, 1.000000000000000000 ) ) ;
#2981 = LINE ( 'NONE', #1252, #2201 ) ;
#2982 = CARTESIAN_POINT ( 'NONE',  ( 3.250000000000034200, -0.8355904294972827900, 1.404184425364903200 ) ) ;
#2983 = LINE ( 'NONE', #898, #1026 ) ;
#2984 = CIRCLE ( 'NONE', #598, 0.6999999999999998400 ) ;
#2985 = AXIS2_PLACEMENT_3D ( 'NONE', #681, #2406, #648 ) ;
#2986 = VERTEX_POINT ( 'NONE', #3386 ) ;
#2987 = ADVANCED_FACE ( 'NONE', ( #569 ), #1085, .F. ) ;
#2988 = LINE ( 'NONE', #1514, #799 ) ;
#2989 = CIRCLE ( 'NONE', #465, 0.5000000000000002200 ) ;
#2990 = DIRECTION ( 'NONE',  ( 0.0000000000000000000, -5.895349312889965100E-015, 1.000000000000000000 ) ) ;
#2991 = CARTESIAN_POINT ( 'NONE',  ( 0.7500000000000000000, 2.849999999999979200, 6.649999999999900900 ) ) ;
#2992 = PLANE ( 'NONE',  #3442 ) ;
#2993 = EDGE_CURVE ( 'NONE', #2799, #3691, #2257, .T. ) ;
#2994 = VECTOR ( 'NONE', #420, 999.9999999999998900 ) ;
#2995 = FACE_OUTER_BOUND ( 'NONE', #1024, .T. ) ;
#2996 = CARTESIAN_POINT ( 'NONE',  ( 3.250000000000037700, -1.182440736281054900, 1.764316157768482700 ) ) ;
#2997 = ADVANCED_FACE ( 'NONE', ( #1335 ), #2725, .T. ) ;
#2998 = ORIENTED_EDGE ( 'NONE', *, *, #434, .F. ) ;
#2999 = EDGE_CURVE ( 'NONE', #2363, #2219, #3718, .T. ) ;
#3000 = CARTESIAN_POINT ( 'NONE',  ( -2.300000000000097100, 2.549999999999971800, 7.599999999999890400 ) ) ;
#3001 = ORIENTED_EDGE ( 'NONE', *, *, #2873, .T. ) ;
#3002 = ORIENTED_EDGE ( 'NONE', *, *, #3384, .T. ) ;
#3003 = ORIENTED_EDGE ( 'NONE', *, *, #1061, .T. ) ;
#3004 = EDGE_CURVE ( 'NONE', #795, #3501, #1154, .T. ) ;
#3005 = DIRECTION ( 'NONE',  ( -0.0000000000000000000, -3.499817452019463200E-015, 1.000000000000000000 ) ) ;
#3006 = ORIENTED_EDGE ( 'NONE', *, *, #2611, .F. ) ;
#3007 = DIRECTION ( 'NONE',  ( -1.000000000000000000, 6.610922746731392500E-017, -1.052246740033299200E-014 ) ) ;
#3008 = DIRECTION ( 'NONE',  ( 6.610922746731392500E-017, 1.000000000000000000, 6.956321908860092100E-031 ) ) ;
#3009 = CARTESIAN_POINT ( 'NONE',  ( 2.750000000000038200, -1.182440736281054900, 1.764316157768487800 ) ) ;
#3010 = ORIENTED_EDGE ( 'NONE', *, *, #865, .T. ) ;
#3011 = ADVANCED_FACE ( 'NONE', ( #2115 ), #3793, .T. ) ;
#3012 = LINE ( 'NONE', #2969, #1452 ) ;
#3013 = CARTESIAN_POINT ( 'NONE',  ( -2.300000000000097100, 4.199999999999970900, 7.599999999999890400 ) ) ;
#3014 = ORIENTED_EDGE ( 'NONE', *, *, #409, .T. ) ;
#3015 = DIRECTION ( 'NONE',  ( -1.766464152978166800E-015, 0.9876883405951376600, -0.1564344650402310900 ) ) ;
#3016 = VECTOR ( 'NONE', #2289, 1000.000000000000000 ) ;
#3017 = ORIENTED_EDGE ( 'NONE', *, *, #3757, .T. ) ;
#3018 = PRODUCT_DEFINITION ( 'UNKNOWN', '', #3402, #2104 ) ;
#3019 = CARTESIAN_POINT ( 'NONE',  ( -1.250000000000087900, 2.959191070279839900, 6.649999999999898200 ) ) ;
#3020 = FACE_OUTER_BOUND ( 'NONE', #2622, .T. ) ;
#3021 = PLANE ( 'NONE',  #1638 ) ;
#3022 = DIRECTION ( 'NONE',  ( 0.0000000000000000000, 0.0000000000000000000, -1.000000000000000000 ) ) ;
#3023 = FACE_OUTER_BOUND ( 'NONE', #3498, .T. ) ;
#3024 = EDGE_CURVE ( 'NONE', #3599, #2863, #2939, .T. ) ;
#3025 = ORIENTED_EDGE ( 'NONE', *, *, #3464, .F. ) ;
#3026 = DIRECTION ( 'NONE',  ( 0.3236155771181817900, -0.8891264907159904800, -0.3236155771181817900 ) ) ;
#3027 = ORIENTED_EDGE ( 'NONE', *, *, #773, .F. ) ;
#3028 = EDGE_CURVE ( 'NONE', #3184, #2150, #2071, .T. ) ;
#3029 = ADVANCED_FACE ( 'NONE', ( #384 ), #2613, .F. ) ;
#3030 = VERTEX_POINT ( 'NONE', #246 ) ;
#3031 = CARTESIAN_POINT ( 'NONE',  ( -0.7500000000000847100, 2.849999999999979200, 6.349999999999901100 ) ) ;
#3032 = COLOUR_RGB ( '',0.7921568627450980000, 0.8196078431372548800, 0.9333333333333333500 ) ;
#3033 = CARTESIAN_POINT ( 'NONE',  ( 1.250000000000000000, 2.849999999999979200, 6.349999999999897500 ) ) ;
#3034 = ORIENTED_EDGE ( 'NONE', *, *, #1826, .T. ) ;
#3035 = DIRECTION ( 'NONE',  ( 6.610922746727681200E-017, 1.000000000000000000, 3.491483361109384000E-015 ) ) ;
#3036 = FACE_OUTER_BOUND ( 'NONE', #2640, .T. ) ;
#3037 = ORIENTED_EDGE ( 'NONE', *, *, #1721, .F. ) ;
#3038 = ORIENTED_EDGE ( 'NONE', *, *, #2738, .T. ) ;
#3039 = CARTESIAN_POINT ( 'NONE',  ( -1.250000000000033300, -1.260657968801170800, 1.429528012528853000 ) ) ;
#3040 = VECTOR ( 'NONE', #2697, 1000.000000000000000 ) ;
#3041 = LINE ( 'NONE', #2437, #2259 ) ;
#3042 = CARTESIAN_POINT ( 'NONE',  ( -2.300000000000081500, 2.949999999999976600, 6.099999999999886800 ) ) ;
#3043 = DIRECTION ( 'NONE',  ( 1.000000000000000000, 0.0000000000000000000, 0.0000000000000000000 ) ) ;
#3044 = LINE ( 'NONE', #885, #2943 ) ;
#3045 = FACE_OUTER_BOUND ( 'NONE', #3056, .T. ) ;
#3046 = DIRECTION ( 'NONE',  ( 0.0000000000000000000, 0.0000000000000000000, -1.000000000000000000 ) ) ;
#3047 = ORIENTED_EDGE ( 'NONE', *, *, #3294, .F. ) ;
#3048 = DIRECTION ( 'NONE',  ( -1.052246740033299200E-014, -3.377356816637224700E-015, 1.000000000000000000 ) ) ;
#3049 = ORIENTED_EDGE ( 'NONE', *, *, #1510, .T. ) ;
#3050 = EDGE_CURVE ( 'NONE', #3598, #289, #1527, .T. ) ;
#3051 = ORIENTED_EDGE ( 'NONE', *, *, #2923, .F. ) ;
#3052 = DIRECTION ( 'NONE',  ( 1.000000000000000000, -6.610922746731392500E-017, 1.052246740033299200E-014 ) ) ;
#3053 = ADVANCED_FACE ( 'NONE', ( #932 ), #3166, .T. ) ;
#3054 = ORIENTED_EDGE ( 'NONE', *, *, #89, .T. ) ;
#3055 = ORIENTED_EDGE ( 'NONE', *, *, #3119, .T. ) ;
#3056 = EDGE_LOOP ( 'NONE', ( #2488, #256, #1495, #2857 ) ) ;
#3057 = EDGE_CURVE ( 'NONE', #950, #1454, #2110, .T. ) ;
#3058 = DIRECTION ( 'NONE',  ( -1.000000000000000000, 6.610922746731392500E-017, -1.052246740033299200E-014 ) ) ;
#3059 = ORIENTED_EDGE ( 'NONE', *, *, #1207, .T. ) ;
#3060 = DIRECTION ( 'NONE',  ( 6.610922746727709500E-017, 1.000000000000000000, 3.499817452019463200E-015 ) ) ;
#3061 = CARTESIAN_POINT ( 'NONE',  ( 1.250000000000000000, -3.060891383739940500, 1.599999999999877300 ) ) ;
#3062 = LINE ( 'NONE', #621, #1275 ) ;
#3063 = DIRECTION ( 'NONE',  ( -1.000000000000000000, 6.610922746731392500E-017, -1.052246740033299200E-014 ) ) ;
#3064 = ORIENTED_EDGE ( 'NONE', *, *, #33, .F. ) ;
#3065 = LINE ( 'NONE', #2101, #323 ) ;
#3066 = AXIS2_PLACEMENT_3D ( 'NONE', #3735, #233, #3100 ) ;
#3067 = VERTEX_POINT ( 'NONE', #2031 ) ;
#3068 = DIRECTION ( 'NONE',  ( 1.052246740033299200E-014, 3.377356816637224700E-015, -1.000000000000000000 ) ) ;
#3069 = VECTOR ( 'NONE', #852, 1000.000000000000000 ) ;
#3070 = PLANE ( 'NONE',  #591 ) ;
#3071 = DIRECTION ( 'NONE',  ( 1.051998147560192300E-014, 3.263341192431616900E-015, -1.000000000000000000 ) ) ;
#3072 = EDGE_CURVE ( 'NONE', #3279, #2339, #3584, .T. ) ;
#3073 = EDGE_LOOP ( 'NONE', ( #54, #403, #513, #2619 ) ) ;
#3074 = ORIENTED_EDGE ( 'NONE', *, *, #2809, .F. ) ;
#3075 = DIRECTION ( 'NONE',  ( 6.610922746731392500E-017, 1.000000000000000000, 6.954678483224958200E-031 ) ) ;
#3076 = ORIENTED_EDGE ( 'NONE', *, *, #2424, .T. ) ;
#3077 = CARTESIAN_POINT ( 'NONE',  ( -0.7500000000000279800, -1.182440736281055200, 0.9356838422312893100 ) ) ;
#3078 = LINE ( 'NONE', #3192, #3667 ) ;
#3079 = EDGE_CURVE ( 'NONE', #214, #2710, #152, .T. ) ;
#3080 = CARTESIAN_POINT ( 'NONE',  ( -2.950000000000017100, 4.799999999999970500, -1.216474837528736000E-013 ) ) ;
#3081 = VECTOR ( 'NONE', #1831, 999.9999999999998900 ) ;
#3082 = LINE ( 'NONE', #1008, #2399 ) ;
#3083 =( NAMED_UNIT ( * ) SI_UNIT ( $, .STERADIAN. ) SOLID_ANGLE_UNIT ( ) );
#3084 = ORIENTED_EDGE ( 'NONE', *, *, #2475, .F. ) ;
#3085 = FACE_OUTER_BOUND ( 'NONE', #485, .T. ) ;
#3086 = CIRCLE ( 'NONE', #3066, 0.4000000000000001900 ) ;
#3087 = LINE ( 'NONE', #841, #2312 ) ;
#3088 = CARTESIAN_POINT ( 'NONE',  ( -1.300000000000035600, 4.199999999999978000, 1.599999999999900800 ) ) ;
#3089 = DIRECTION ( 'NONE',  ( -1.051676107310939800E-014, 0.0000000000000000000, 1.000000000000000000 ) ) ;
#3090 = VERTEX_POINT ( 'NONE', #1144 ) ;
#3091 = VERTEX_POINT ( 'NONE', #3462 ) ;
#3092 = CARTESIAN_POINT ( 'NONE',  ( -0.7500000000000347500, 2.849999999999979200, 1.599999999999899100 ) ) ;
#3093 = ORIENTED_EDGE ( 'NONE', *, *, #3314, .T. ) ;
#3094 = EDGE_CURVE ( 'NONE', #1408, #1295, #1802, .T. ) ;
#3095 = ORIENTED_EDGE ( 'NONE', *, *, #359, .T. ) ;
#3096 = ORIENTED_EDGE ( 'NONE', *, *, #2340, .T. ) ;
#3097 = PLANE ( 'NONE',  #3765 ) ;
#3098 = EDGE_CURVE ( 'NONE', #1233, #652, #1660, .T. ) ;
#3099 = ORIENTED_EDGE ( 'NONE', *, *, #3703, .F. ) ;
#3100 = DIRECTION ( 'NONE',  ( -1.084202172485504000E-014, 0.0000000000000000000, 1.000000000000000000 ) ) ;
#3101 = FACE_OUTER_BOUND ( 'NONE', #3595, .T. ) ;
#3102 = DIRECTION ( 'NONE',  ( -1.038257660396825500E-014, -0.1564344650402306500, -0.9876883405951376600 ) ) ;
#3103 = VERTEX_POINT ( 'NONE', #3154 ) ;
#3104 = AXIS2_PLACEMENT_3D ( 'NONE', #1577, #2468, #3619 ) ;
#3105 = DIRECTION ( 'NONE',  ( -1.000000000000000000, 6.610922746731392500E-017, -1.052246740033299200E-014 ) ) ;
#3106 = VECTOR ( 'NONE', #901, 1000.000000000000000 ) ;
#3107 = EDGE_LOOP ( 'NONE', ( #1797, #1769, #3064, #2687 ) ) ;
#3108 = FACE_OUTER_BOUND ( 'NONE', #1656, .T. ) ;
#3109 = AXIS2_PLACEMENT_3D ( 'NONE', #1695, #1096, #3406 ) ;
#3110 = VECTOR ( 'NONE', #1329, 1000.000000000000000 ) ;
#3111 = VERTEX_POINT ( 'NONE', #3746 ) ;
#3112 = ORIENTED_EDGE ( 'NONE', *, *, #1693, .T. ) ;
#3113 = CARTESIAN_POINT ( 'NONE',  ( 3.250000000000036000, 3.349999999999979200, 1.599999999999876200 ) ) ;
#3114 = EDGE_CURVE ( 'NONE', #759, #2134, #2347, .T. ) ;
#3115 = DIRECTION ( 'NONE',  ( -1.000000000000000000, 6.610922746731392500E-017, -1.052246740033299200E-014 ) ) ;
#3116 = CARTESIAN_POINT ( 'NONE',  ( 1.250000000000000000, 2.849999999999979200, 1.599999999999896400 ) ) ;
#3117 = ORIENTED_EDGE ( 'NONE', *, *, #2168, .F. ) ;
#3118 = ORIENTED_EDGE ( 'NONE', *, *, #3583, .F. ) ;
#3119 = EDGE_CURVE ( 'NONE', #2524, #1388, #880, .T. ) ;
#3120 = VECTOR ( 'NONE', #365, 1000.000000000000000 ) ;
#3121 = DIRECTION ( 'NONE',  ( 6.610922746727681200E-017, 1.000000000000000000, 3.504910013400226400E-015 ) ) ;
#3122 = ORIENTED_EDGE ( 'NONE', *, *, #3430, .F. ) ;
#3123 = DIRECTION ( 'NONE',  ( -6.610922746727838900E-017, 1.000000000000000000, 3.377356816637223900E-015 ) ) ;
#3124 = CARTESIAN_POINT ( 'NONE',  ( 3.250000000000036000, 2.849999999999979200, 1.599999999999872900 ) ) ;
#3125 = LINE ( 'NONE', #2047, #1663 ) ;
#3126 = FACE_OUTER_BOUND ( 'NONE', #2063, .T. ) ;
#3127 = CARTESIAN_POINT ( 'NONE',  ( 3.140808929720228200, 2.849999999999979200, 6.649999999999877800 ) ) ;
#3128 = LINE ( 'NONE', #100, #1980 ) ;
#3129 = LINE ( 'NONE', #835, #1620 ) ;
#3130 = DIRECTION ( 'NONE',  ( 0.0000000000000000000, -1.000000000000000000, 0.0000000000000000000 ) ) ;
#3131 = ORIENTED_EDGE ( 'NONE', *, *, #2850, .T. ) ;
#3132 = AXIS2_PLACEMENT_3D ( 'NONE', #1874, #1003, #415 ) ;
#3133 = ORIENTED_EDGE ( 'NONE', *, *, #2999, .T. ) ;
#3134 = ORIENTED_EDGE ( 'NONE', *, *, #472, .T. ) ;
#3135 = CARTESIAN_POINT ( 'NONE',  ( 9.683749084919433900, 3.349999999999979200, 3.349999999999902400 ) ) ;
#3136 = VERTEX_POINT ( 'NONE', #1525 ) ;
#3137 = ORIENTED_EDGE ( 'NONE', *, *, #3640, .T. ) ;
#3138 = DIRECTION ( 'NONE',  ( -1.000000000000000000, -6.610922746731392500E-017, 1.052246740033299200E-014 ) ) ;
#3139 = CARTESIAN_POINT ( 'NONE',  ( 2.299999999999903000, 4.799999999999970500, 7.599999999999948100 ) ) ;
#3140 = ORIENTED_EDGE ( 'NONE', *, *, #3434, .T. ) ;
#3141 = DIRECTION ( 'NONE',  ( -1.000000000000000000, 0.0000000000000000000, 0.0000000000000000000 ) ) ;
#3142 = VERTEX_POINT ( 'NONE', #12 ) ;
#3143 = EDGE_CURVE ( 'NONE', #1817, #2710, #2983, .T. ) ;
#3144 = LINE ( 'NONE', #2368, #2378 ) ;
#3145 = EDGE_CURVE ( 'NONE', #2321, #2027, #2398, .T. ) ;
#3146 = DIRECTION ( 'NONE',  ( 6.610922746727681200E-017, 1.000000000000000000, 3.491483361109384000E-015 ) ) ;
#3147 = CARTESIAN_POINT ( 'NONE',  ( -1.250000000000084600, 3.349999999999979200, 6.349999999999895700 ) ) ;
#3148 = LINE ( 'NONE', #662, #544 ) ;
#3149 = VERTEX_POINT ( 'NONE', #2694 ) ;
#3150 = PLANE ( 'NONE',  #2932 ) ;
#3151 = DIRECTION ( 'NONE',  ( -6.610922746731392500E-017, 1.000000000000000000, 6.956321908860092100E-031 ) ) ;
#3152 = CARTESIAN_POINT ( 'NONE',  ( 2.750000000000035500, -3.025476265301345600, 1.549991745636601000 ) ) ;
#3153 = VECTOR ( 'NONE', #1634, 1000.000000000000000 ) ;
#3154 = CARTESIAN_POINT ( 'NONE',  ( -1.950000000000017700, 2.776239569296599500, -1.134075472419837600E-013 ) ) ;
#3155 = AXIS2_PLACEMENT_3D ( 'NONE', #2884, #595, #3758 ) ;
#3156 = CARTESIAN_POINT ( 'NONE',  ( 4.949999999999908700, 3.349999999999976100, 6.099999999999943700 ) ) ;
#3157 = CARTESIAN_POINT ( 'NONE',  ( 4.949999999999903400, 2.549999999999971400, 7.599999999999939200 ) ) ;
#3158 = CARTESIAN_POINT ( 'NONE',  ( 2.949999999999966400, -9.540979117872439000E-015, 1.599999999999930100 ) ) ;
#3159 = ORIENTED_EDGE ( 'NONE', *, *, #2763, .T. ) ;
#3160 = DIRECTION ( 'NONE',  ( 1.038257660396825200E-014, 0.1564344650402306700, 0.9876883405951376600 ) ) ;
#3161 = ORIENTED_EDGE ( 'NONE', *, *, #2133, .F. ) ;
#3162 = EDGE_CURVE ( 'NONE', #2685, #2285, #2305, .T. ) ;
#3163 = DIRECTION ( 'NONE',  ( 0.0000000000000000000, 3.556194288387412000E-015, -1.000000000000000000 ) ) ;
#3164 =( NAMED_UNIT ( * ) SI_UNIT ( $, .STERADIAN. ) SOLID_ANGLE_UNIT ( ) );
#3165 = LINE ( 'NONE', #3135, #3580 ) ;
#3166 = CYLINDRICAL_SURFACE ( 'NONE', #2099, 0.9999999999999995600 ) ;
#3167 = VECTOR ( 'NONE', #3754, 1000.000000000000000 ) ;
#3168 = VERTEX_POINT ( 'NONE', #1792 ) ;
#3169 = EDGE_CURVE ( 'NONE', #1408, #381, #2627, .T. ) ;
#3170 = FACE_OUTER_BOUND ( 'NONE', #3649, .T. ) ;
#3171 = LINE ( 'NONE', #422, #3445 ) ;
#3172 = CARTESIAN_POINT ( 'NONE',  ( 2.750000000000085700, 2.849999999999979200, 6.349999999999879700 ) ) ;
#3173 = CARTESIAN_POINT ( 'NONE',  ( -0.9001193333803472200, -3.456331644093595400, 1.233758056086460700 ) ) ;
#3174 = VECTOR ( 'NONE', #500, 1000.000000000000000 ) ;
#3175 = CARTESIAN_POINT ( 'NONE',  ( 1.250000000000000000, 3.349999999999979200, 6.649999999999900900 ) ) ;
#3176 = AXIS2_PLACEMENT_3D ( 'NONE', #3077, #3661, #3089 ) ;
#3177 = VECTOR ( 'NONE', #868, 1000.000000000000000 ) ;
#3178 = CARTESIAN_POINT ( 'NONE',  ( -0.8591910702799481200, 2.849999999999979200, 6.649999999999902700 ) ) ;
#3179 = CARTESIAN_POINT ( 'NONE',  ( 0.8591910702798607500, -3.360891383739943900, 1.599999999999877300 ) ) ;
#3180 = DIRECTION ( 'NONE',  ( -1.051998147560192100E-014, -2.146934995020800100E-015, 1.000000000000000000 ) ) ;
#3181 = PLANE ( 'NONE',  #1418 ) ;
#3182 = ORIENTED_EDGE ( 'NONE', *, *, #1234, .F. ) ;
#3183 = ORIENTED_EDGE ( 'NONE', *, *, #1776, .F. ) ;
#3184 = VERTEX_POINT ( 'NONE', #51 ) ;
#3185 = DIRECTION ( 'NONE',  ( 1.000000000000000000, -6.610922746731392500E-017, 1.052246740033299200E-014 ) ) ;
#3186 = VERTEX_POINT ( 'NONE', #3556 ) ;
#3187 = DIRECTION ( 'NONE',  ( 1.052246740033299200E-014, 0.0000000000000000000, 1.000000000000000000 ) ) ;
#3188 = ORIENTED_EDGE ( 'NONE', *, *, #3594, .F. ) ;
#3189 = EDGE_CURVE ( 'NONE', #2441, #2067, #107, .T. ) ;
#3190 = CARTESIAN_POINT ( 'NONE',  ( 1.249999999999999300, 4.799999999999984700, 3.349999999999915700 ) ) ;
#3191 = CARTESIAN_POINT ( 'NONE',  ( -0.3000000000000519500, 4.799999999999970500, 7.599999999999948100 ) ) ;
#3192 = CARTESIAN_POINT ( 'NONE',  ( -2.300000000000098900, 0.6999999999999879700, 2.749999999999878300 ) ) ;
#3193 = DIRECTION ( 'NONE',  ( -1.000000000000000000, 6.610922746731392500E-017, -1.052246740033299200E-014 ) ) ;
#3194 = LINE ( 'NONE', #2701, #364 ) ;
#3195 = EDGE_CURVE ( 'NONE', #3777, #2127, #3308, .T. ) ;
#3196 = CARTESIAN_POINT ( 'NONE',  ( -1.250000000000087900, 2.959191070279839900, 6.649999999999898200 ) ) ;
#3197 = LINE ( 'NONE', #80, #1785 ) ;
#3198 = ORIENTED_EDGE ( 'NONE', *, *, #3430, .T. ) ;
#3199 = CARTESIAN_POINT ( 'NONE',  ( 2.299999999999903000, 4.800999999999970800, 7.599999999999920600 ) ) ;
#3200 = EDGE_CURVE ( 'NONE', #3279, #418, #3263, .T. ) ;
#3201 = DIRECTION ( 'NONE',  ( 1.000000000000000000, 6.610922746731392500E-017, -1.052246740033299200E-014 ) ) ;
#3202 = VECTOR ( 'NONE', #2061, 1000.000000000000100 ) ;
#3203 = DIRECTION ( 'NONE',  ( 1.000000000000000000, 6.610922746731392500E-017, -1.052246740033299200E-014 ) ) ;
#3204 = LINE ( 'NONE', #767, #3153 ) ;
#3205 = CARTESIAN_POINT ( 'NONE',  ( -0.7500000000000295300, 2.849999999999978800, 1.099999999999899100 ) ) ;
#3206 = VERTEX_POINT ( 'NONE', #620 ) ;
#3207 = EDGE_LOOP ( 'NONE', ( #1441, #879, #1126, #3424, #1103, #1906, #3341 ) ) ;
#3208 = DIRECTION ( 'NONE',  ( 1.000000000000000000, -6.610922746731392500E-017, 1.052246740033299200E-014 ) ) ;
#3209 = ADVANCED_FACE ( 'NONE', ( #1614 ), #1782, .F. ) ;
#3210 = CARTESIAN_POINT ( 'NONE',  ( 2.750000000000032400, -3.382918753333602300, 1.210924661863623800 ) ) ;
#3211 = ORIENTED_EDGE ( 'NONE', *, *, #3370, .T. ) ;
#3212 = DIRECTION ( 'NONE',  ( 0.0000000000000000000, 0.7071067811865440200, 0.7071067811865511300 ) ) ;
#3213 = AXIS2_PLACEMENT_3D ( 'NONE', #396, #1305, #3623 ) ;
#3214 = VECTOR ( 'NONE', #254, 1000.000000000000000 ) ;
#3215 = DIRECTION ( 'NONE',  ( -1.000000000000000000, -6.610922746731392500E-017, 1.052246740033299200E-014 ) ) ;
#3216 = ORIENTED_EDGE ( 'NONE', *, *, #2966, .T. ) ;
#3217 = VECTOR ( 'NONE', #2055, 1000.000000000000000 ) ;
#3218 = VERTEX_POINT ( 'NONE', #3567 ) ;
#3219 = EDGE_CURVE ( 'NONE', #392, #124, #1330, .T. ) ;
#3220 = CARTESIAN_POINT ( 'NONE',  ( 2.750000000000028400, -0.3500000000000027000, 0.8999999999998972200 ) ) ;
#3221 = LINE ( 'NONE', #1172, #2451 ) ;
#3222 = LINE ( 'NONE', #2194, #709 ) ;
#3223 = CARTESIAN_POINT ( 'NONE',  ( -2.950000000000098300, 4.799999999999970500, 7.599999999999885100 ) ) ;
#3224 = EDGE_LOOP ( 'NONE', ( #1976, #905, #3689, #2164 ) ) ;
#3225 = VECTOR ( 'NONE', #3208, 1000.000000000000000 ) ;
#3226 = FACE_OUTER_BOUND ( 'NONE', #2777, .T. ) ;
#3227 = EDGE_CURVE ( 'NONE', #481, #35, #564, .T. ) ;
#3228 = CARTESIAN_POINT ( 'NONE',  ( 2.750000000000089300, 2.849999999999979200, 6.649999999999882200 ) ) ;
#3229 = DIRECTION ( 'NONE',  ( 1.000000000000000000, -6.610922746731392500E-017, 1.052246740033299200E-014 ) ) ;
#3230 = ORIENTED_EDGE ( 'NONE', *, *, #2510, .T. ) ;
#3231 = ORIENTED_EDGE ( 'NONE', *, *, #1996, .F. ) ;
#3232 = CARTESIAN_POINT ( 'NONE',  ( 3.250000000000031100, -3.400000000000002600, 1.103077914851096300 ) ) ;
#3233 = ORIENTED_EDGE ( 'NONE', *, *, #1046, .F. ) ;
#3234 = ADVANCED_FACE ( 'NONE', ( #2803 ), #949, .F. ) ;
#3235 = ORIENTED_EDGE ( 'NONE', *, *, #1450, .F. ) ;
#3236 = DIRECTION ( 'NONE',  ( 6.610922746731392500E-017, -1.000000000000000000, -6.956321908860092100E-031 ) ) ;
#3237 = VERTEX_POINT ( 'NONE', #2703 ) ;
#3238 = VERTEX_POINT ( 'NONE', #3514 ) ;
#3239 = CARTESIAN_POINT ( 'NONE',  ( -1.250000000000084600, 2.849999999999979200, 6.349999999999895700 ) ) ;
#3240 = EDGE_LOOP ( 'NONE', ( #497, #3047, #2254, #1891 ) ) ;
#3241 = CARTESIAN_POINT ( 'NONE',  ( -0.9500000000000810000, 2.949999999999976600, 6.099999999999879700 ) ) ;
#3242 = CARTESIAN_POINT ( 'NONE',  ( -2.400000000000098500, 2.549999999999971400, 7.599999999999884200 ) ) ;
#3243 = EDGE_CURVE ( 'NONE', #632, #3333, #3485, .T. ) ;
#3244 = DIRECTION ( 'NONE',  ( 0.0000000000000000000, -1.000000000000000000, -8.866364432770303500E-015 ) ) ;
#3245 = LINE ( 'NONE', #1746, #413 ) ;
#3246 = CARTESIAN_POINT ( 'NONE',  ( -1.250000000000034600, -0.3500000000000027000, 1.599999999999874600 ) ) ;
#3247 = FACE_OUTER_BOUND ( 'NONE', #530, .T. ) ;
#3248 = EDGE_CURVE ( 'NONE', #1213, #3704, #1573, .T. ) ;
#3249 = ADVANCED_FACE ( 'NONE', ( #3762 ), #3250, .F. ) ;
#3250 = PLANE ( 'NONE',  #1248 ) ;
#3251 = LINE ( 'NONE', #1953, #3110 ) ;
#3252 = DIRECTION ( 'NONE',  ( 1.062450995774339300E-014, 0.0000000000000000000, -1.000000000000000000 ) ) ;
#3253 = AXIS2_PLACEMENT_3D ( 'NONE', #2657, #2070, #924 ) ;
#3254 = DIRECTION ( 'NONE',  ( -1.034175427238689600E-014, 0.1908089953765438300, -0.9816271834476642000 ) ) ;
#3255 = AXIS2_PLACEMENT_3D ( 'NONE', #3794, #607, #2454 ) ;
#3256 = ORIENTED_EDGE ( 'NONE', *, *, #728, .T. ) ;
#3257 = ADVANCED_FACE ( 'NONE', ( #2447 ), #1551, .F. ) ;
#3258 = DIRECTION ( 'NONE',  ( 1.000000000000000000, -6.610922746731392500E-017, 1.052246740033299200E-014 ) ) ;
#3259 = VERTEX_POINT ( 'NONE', #405 ) ;
#3260 = VECTOR ( 'NONE', #250, 1000.000000000000000 ) ;
#3261 = CARTESIAN_POINT ( 'NONE',  ( -1.140808929720227300, 2.849999999999979200, 6.649999999999899100 ) ) ;
#3262 = DIRECTION ( 'NONE',  ( 1.000000000000000000, 6.610922746731392500E-017, -1.052246740033299200E-014 ) ) ;
#3263 = LINE ( 'NONE', #2412, #2889 ) ;
#3264 = VECTOR ( 'NONE', #3459, 1000.000000000000000 ) ;
#3265 = CARTESIAN_POINT ( 'NONE',  ( 3.299999999999965200, 4.199999999999992200, 1.599999999999928600 ) ) ;
#3266 = VECTOR ( 'NONE', #450, 1000.000000000000100 ) ;
#3267 = VECTOR ( 'NONE', #764, 1000.000000000000000 ) ;
#3268 = ADVANCED_FACE ( 'NONE', ( #1108, #243, #342, #61 ), #2469, .F. ) ;
#3269 = EDGE_CURVE ( 'NONE', #3103, #3524, #3357, .T. ) ;
#3270 = LINE ( 'NONE', #2147, #2994 ) ;
#3271 = VECTOR ( 'NONE', #325, 1000.000000000000000 ) ;
#3272 = ORIENTED_EDGE ( 'NONE', *, *, #2966, .F. ) ;
#3273 = EDGE_CURVE ( 'NONE', #3091, #3259, #468, .T. ) ;
#3274 = DIRECTION ( 'NONE',  ( -5.318485970577700300E-015, -0.8660254037844418200, 0.4999999999999947300 ) ) ;
#3275 = ORIENTED_EDGE ( 'NONE', *, *, #2187, .T. ) ;
#3276 = DIRECTION ( 'NONE',  ( -1.040834085586084700E-014, 0.0000000000000000000, 1.000000000000000000 ) ) ;
#3277 = CARTESIAN_POINT ( 'NONE',  ( -1.250000000000034600, 3.349999999999979200, 1.599999999999897300 ) ) ;
#3278 = DIRECTION ( 'NONE',  ( 1.766464152978166800E-015, -0.9876883405951376600, 0.1564344650402307300 ) ) ;
#3279 = VERTEX_POINT ( 'NONE', #710 ) ;
#3280 = ADVANCED_FACE ( 'NONE', ( #658 ), #3330, .F. ) ;
#3281 = DIRECTION ( 'NONE',  ( -1.000000000000000000, 6.610922746731392500E-017, -1.052246740033299200E-014 ) ) ;
#3282 = PRESENTATION_LAYER_ASSIGNMENT (  '', '', ( #483 ) ) ;
#3283 = VERTEX_POINT ( 'NONE', #3620 ) ;
#3284 = DIRECTION ( 'NONE',  ( -6.610922746731309900E-017, -1.000000000000000000, -7.023781455251910700E-031 ) ) ;
#3285 = FACE_OUTER_BOUND ( 'NONE', #1291, .T. ) ;
#3286 = AXIS2_PLACEMENT_3D ( 'NONE', #3797, #3747, #3187 ) ;
#3287 = ADVANCED_FACE ( 'NONE', ( #748 ), #958, .F. ) ;
#3288 = PLANE ( 'NONE',  #288 ) ;
#3289 = CARTESIAN_POINT ( 'NONE',  ( 2.949999999999903400, 4.799999999999970500, 7.599999999999948100 ) ) ;
#3290 = CARTESIAN_POINT ( 'NONE',  ( 0.7500000000000000000, 2.849999999999979200, 1.599999999999896400 ) ) ;
#3291 = LINE ( 'NONE', #884, #2788 ) ;
#3292 = EDGE_CURVE ( 'NONE', #894, #2323, #1149, .T. ) ;
#3293 = FACE_OUTER_BOUND ( 'NONE', #2731, .T. ) ;
#3294 = EDGE_CURVE ( 'NONE', #2986, #3067, #1750, .T. ) ;
#3295 = ADVANCED_FACE ( 'NONE', ( #3036 ), #2144, .F. ) ;
#3296 = COLOUR_RGB ( '',0.7921568627450980000, 0.8196078431372548800, 0.9333333333333333500 ) ;
#3297 = ORIENTED_EDGE ( 'NONE', *, *, #2514, .F. ) ;
#3298 = CARTESIAN_POINT ( 'NONE',  ( 3.140808929720174900, -3.338864014146287300, 1.489075338136143700 ) ) ;
#3299 = ORIENTED_EDGE ( 'NONE', *, *, #2660, .F. ) ;
#3300 = DIRECTION ( 'NONE',  ( 0.0000000000000000000, 0.0000000000000000000, -1.000000000000000000 ) ) ;
#3301 = DIRECTION ( 'NONE',  ( 6.610922746727681200E-017, 1.000000000000000000, 3.491483361109384000E-015 ) ) ;
#3302 = DIRECTION ( 'NONE',  ( -1.040834085586083800E-014, 0.0000000000000000000, -1.000000000000000000 ) ) ;
#3303 = ORIENTED_EDGE ( 'NONE', *, *, #457, .T. ) ;
#3304 = LINE ( 'NONE', #1709, #3389 ) ;
#3305 = ADVANCED_FACE ( 'NONE', ( #2203 ), #2170, .T. ) ;
#3306 = DIRECTION ( 'NONE',  ( 0.7071067811865582300, 2.502804931508942900E-015, -0.7071067811865369100 ) ) ;
#3307 = PLANE ( 'NONE',  #1541 ) ;
#3308 = LINE ( 'NONE', #326, #3217 ) ;
#3309 = AXIS2_PLACEMENT_3D ( 'NONE', #419, #1292, #2925 ) ;
#3310 = EDGE_LOOP ( 'NONE', ( #1590, #1864, #3321, #2552 ) ) ;
#3311 = VECTOR ( 'NONE', #1630, 1000.000000000000000 ) ;
#3312 = VECTOR ( 'NONE', #832, 1000.000000000000000 ) ;
#3313 = VECTOR ( 'NONE', #470, 1000.000000000000000 ) ;
#3314 = EDGE_CURVE ( 'NONE', #2778, #2665, #2532, .T. ) ;
#3315 = ORIENTED_EDGE ( 'NONE', *, *, #3594, .T. ) ;
#3316 = LINE ( 'NONE', #3695, #2684 ) ;
#3317 = VECTOR ( 'NONE', #1950, 1000.000000000000000 ) ;
#3318 = DIRECTION ( 'NONE',  ( 9.389466242107258700E-015, -0.4999999999999947300, -0.8660254037844417100 ) ) ;
#3319 = DIRECTION ( 'NONE',  ( 0.0000000000000000000, 0.0000000000000000000, -1.000000000000000000 ) ) ;
#3320 = ADVANCED_FACE ( 'NONE', ( #793 ), #2768, .F. ) ;
#3321 = ORIENTED_EDGE ( 'NONE', *, *, #1042, .F. ) ;
#3322 = EDGE_LOOP ( 'NONE', ( #168, #22, #1395, #1562 ) ) ;
#3323 = EDGE_CURVE ( 'NONE', #649, #2866, #1979, .T. ) ;
#3324 = CARTESIAN_POINT ( 'NONE',  ( 3.250000000000036000, 2.849999999999979200, 1.599999999999872900 ) ) ;
#3325 = CARTESIAN_POINT ( 'NONE',  ( 4.299999999999951900, 1.949999999999990000, 2.749999999999930300 ) ) ;
#3326 = ORIENTED_EDGE ( 'NONE', *, *, #37, .T. ) ;
#3327 = ORIENTED_EDGE ( 'NONE', *, *, #700, .F. ) ;
#3328 = ORIENTED_EDGE ( 'NONE', *, *, #946, .F. ) ;
#3329 = PLANE ( 'NONE',  #3104 ) ;
#3330 = PLANE ( 'NONE',  #149 ) ;
#3331 = ORIENTED_EDGE ( 'NONE', *, *, #2757, .F. ) ;
#3332 = ORIENTED_EDGE ( 'NONE', *, *, #584, .F. ) ;
#3333 = VERTEX_POINT ( 'NONE', #3298 ) ;
#3334 = AXIS2_PLACEMENT_3D ( 'NONE', #2744, #3622, #2482 ) ;
#3335 = ORIENTED_EDGE ( 'NONE', *, *, #3227, .T. ) ;
#3336 = LINE ( 'NONE', #1801, #1455 ) ;
#3337 = ADVANCED_FACE ( 'NONE', ( #3126 ), #669, .F. ) ;
#3338 = DIRECTION ( 'NONE',  ( -1.052246740033299200E-014, 0.0000000000000000000, 1.000000000000000000 ) ) ;
#3339 = DIRECTION ( 'NONE',  ( -0.0000000000000000000, 1.000000000000000000, 0.0000000000000000000 ) ) ;
#3340 = VECTOR ( 'NONE', #656, 1000.000000000000000 ) ;
#3341 = ORIENTED_EDGE ( 'NONE', *, *, #946, .T. ) ;
#3342 = CARTESIAN_POINT ( 'NONE',  ( -2.566666666666766300, 4.466666666666639300, 7.766666666666554700 ) ) ;
#3343 = CARTESIAN_POINT ( 'NONE',  ( -2.300000000000096200, 2.549999999999971800, 7.499999999999884500 ) ) ;
#3344 = DIRECTION ( 'NONE',  ( -1.053224967557347300E-014, 0.0000000000000000000, 1.000000000000000000 ) ) ;
#3345 = FACE_OUTER_BOUND ( 'NONE', #2928, .T. ) ;
#3346 = EDGE_CURVE ( 'NONE', #2128, #3111, #3041, .T. ) ;
#3347 = DIRECTION ( 'NONE',  ( 0.0000000000000000000, 0.0000000000000000000, -1.000000000000000000 ) ) ;
#3348 = ORIENTED_EDGE ( 'NONE', *, *, #434, .T. ) ;
#3349 = EDGE_CURVE ( 'NONE', #1068, #1633, #2941, .T. ) ;
#3350 = CARTESIAN_POINT ( 'NONE',  ( 3.099880666619773800, 3.199880666619663300, 6.762449478685878600 ) ) ;
#3351 = DIRECTION ( 'NONE',  ( 1.000000000000000000, -6.610922746731317300E-017, 1.052246740033299200E-014 ) ) ;
#3352 = VERTEX_POINT ( 'NONE', #1647 ) ;
#3353 = DIRECTION ( 'NONE',  ( -1.084202172485504000E-014, 0.0000000000000000000, 1.000000000000000000 ) ) ;
#3354 = ORIENTED_EDGE ( 'NONE', *, *, #1673, .T. ) ;
#3355 = VECTOR ( 'NONE', #776, 1000.000000000000000 ) ;
#3356 = CARTESIAN_POINT ( 'NONE',  ( 1.250000000000000000, -3.060891383739940500, 1.099999999999895500 ) ) ;
#3357 = LINE ( 'NONE', #133, #3081 ) ;
#3358 = VECTOR ( 'NONE', #736, 1000.000000000000000 ) ;
#3359 = CARTESIAN_POINT ( 'NONE',  ( -2.300000000000096200, 4.199999999999970900, 7.499999999999890800 ) ) ;
#3360 = CARTESIAN_POINT ( 'NONE',  ( 4.299999999999921700, 2.949999999999977500, 5.699999999999934500 ) ) ;
#3361 = CIRCLE ( 'NONE', #1406, 0.9999999999999995600 ) ;
#3362 = LINE ( 'NONE', #2759, #158 ) ;
#3363 = AXIS2_PLACEMENT_3D ( 'NONE', #3804, #1700, #1997 ) ;
#3364 = CARTESIAN_POINT ( 'NONE',  ( 2.949999999999982900, 2.776239569296600400, -6.093216209368534900E-014 ) ) ;
#3365 = VECTOR ( 'NONE', #1749, 999.9999999999998900 ) ;
#3366 = EDGE_CURVE ( 'NONE', #1050, #894, #1893, .T. ) ;
#3367 = ORIENTED_EDGE ( 'NONE', *, *, #1921, .T. ) ;
#3368 = CLOSED_SHELL ( 'NONE', ( #2971, #369, #55, #3234, #1557, #2371, #1576, #2120, #2997, #3624, #386, #1516, #2957, #2700, #1442, #1524, #2747, #2920, #3011, #2403, #1238, #1486, #2109, #2129, #636 ) ) ;
#3369 = ORIENTED_EDGE ( 'NONE', *, *, #89, .F. ) ;
#3370 = EDGE_CURVE ( 'NONE', #3493, #2986, #1376, .T. ) ;
#3371 = CARTESIAN_POINT ( 'NONE',  ( -0.7500000000000347500, 2.849999999999979200, 1.599999999999899100 ) ) ;
#3372 = VERTEX_POINT ( 'NONE', #1029 ) ;
#3373 = DIRECTION ( 'NONE',  ( 1.000000000000000000, 0.0000000000000000000, 1.052246740033299200E-014 ) ) ;
#3374 = CARTESIAN_POINT ( 'NONE',  ( -1.250000000000036900, -0.3500000000000027000, 1.799999999999874800 ) ) ;
#3375 = VECTOR ( 'NONE', #1218, 1000.000000000000000 ) ;
#3376 = VECTOR ( 'NONE', #633, 1000.000000000000000 ) ;
#3377 = CARTESIAN_POINT ( 'NONE',  ( -1.250000000000087900, 2.849999999999979200, 6.649999999999898200 ) ) ;
#3378 = ORIENTED_EDGE ( 'NONE', *, *, #895, .T. ) ;
#3379 = LINE ( 'NONE', #572, #2334 ) ;
#3380 = EDGE_CURVE ( 'NONE', #1265, #774, #2767, .T. ) ;
#3381 = MANIFOLD_SOLID_BREP ( 'Body-Move/Copy3[2]', #3368 ) ;
#3382 = SURFACE_SIDE_STYLE ('',( #517 ) ) ;
#3383 = VERTEX_POINT ( 'NONE', #154 ) ;
#3384 = EDGE_CURVE ( 'NONE', #1447, #2855, #15, .T. ) ;
#3385 = ORIENTED_EDGE ( 'NONE', *, *, #2782, .T. ) ;
#3386 = CARTESIAN_POINT ( 'NONE',  ( -1.250000000000035700, 3.349999999999989900, 1.599999999999897300 ) ) ;
#3387 = VERTEX_POINT ( 'NONE', #2798 ) ;
#3388 = DIRECTION ( 'NONE',  ( 0.0000000000000000000, -0.9876883405951376600, -0.1564344650402311200 ) ) ;
#3389 = VECTOR ( 'NONE', #2315, 1000.000000000000000 ) ;
#3390 = EDGE_CURVE ( 'NONE', #2296, #3352, #3713, .T. ) ;
#3391 = VECTOR ( 'NONE', #1194, 1000.000000000000000 ) ;
#3392 = DIRECTION ( 'NONE',  ( -1.084202172485606800E-014, 0.0000000000000000000, -1.000000000000000000 ) ) ;
#3393 = FILL_AREA_STYLE_COLOUR ( '', #512 ) ;
#3394 = VERTEX_POINT ( 'NONE', #2520 ) ;
#3395 = VECTOR ( 'NONE', #2173, 1000.000000000000000 ) ;
#3396 = LINE ( 'NONE', #608, #2808 ) ;
#3397 = ORIENTED_EDGE ( 'NONE', *, *, #1477, .F. ) ;
#3398 = VECTOR ( 'NONE', #3426, 1000.000000000000000 ) ;
#3399 = LINE ( 'NONE', #2255, #395 ) ;
#3400 = DIRECTION ( 'NONE',  ( 1.084202172485504000E-014, 0.0000000000000000000, -1.000000000000000000 ) ) ;
#3401 = CARTESIAN_POINT ( 'NONE',  ( 2.750000000000036000, 3.349999999999979200, 1.599999999999881500 ) ) ;
#3402 = PRODUCT_DEFINITION_FORMATION_WITH_SPECIFIED_SOURCE ( 'ANY', '', #1502, .NOT_KNOWN. ) ;
#3403 = EDGE_LOOP ( 'NONE', ( #296, #221, #2448, #3182 ) ) ;
#3404 = EDGE_LOOP ( 'NONE', ( #3093, #2575, #3118, #2156 ) ) ;
#3405 = CARTESIAN_POINT ( 'NONE',  ( 3.140808929720228200, 2.849999999999979200, 6.649999999999877800 ) ) ;
#3406 = DIRECTION ( 'NONE',  ( -1.084202172485504000E-014, 0.0000000000000000000, 1.000000000000000000 ) ) ;
#3407 = DIRECTION ( 'NONE',  ( 0.0000000000000000000, -0.0000000000000000000, -1.000000000000000000 ) ) ;
#3408 = VERTEX_POINT ( 'NONE', #3648 ) ;
#3409 = VERTEX_POINT ( 'NONE', #484 ) ;
#3410 = EDGE_CURVE ( 'NONE', #698, #994, #293, .T. ) ;
#3411 = ORIENTED_EDGE ( 'NONE', *, *, #1907, .F. ) ;
#3412 = CARTESIAN_POINT ( 'NONE',  ( 4.949999999999903400, 3.349999999999977400, 7.599999999999948100 ) ) ;
#3413 = EDGE_CURVE ( 'NONE', #207, #702, #1065, .T. ) ;
#3414 = EDGE_LOOP ( 'NONE', ( #2083, #531, #727, #3467 ) ) ;
#3415 = DIRECTION ( 'NONE',  ( 1.000000000000000000, 0.0000000000000000000, 0.0000000000000000000 ) ) ;
#3416 = CARTESIAN_POINT ( 'NONE',  ( -1.250000000000030000, -3.321782767479887000, 1.103077914851101400 ) ) ;
#3417 = DIRECTION ( 'NONE',  ( 0.0000000000000000000, 0.9396926207859096500, -0.3420201433256653800 ) ) ;
#3418 = DIRECTION ( 'NONE',  ( -0.0000000000000000000, 1.000000000000000000, 0.0000000000000000000 ) ) ;
#3419 = ORIENTED_EDGE ( 'NONE', *, *, #1180, .F. ) ;
#3420 = CARTESIAN_POINT ( 'NONE',  ( 4.299999999999952700, 1.949999999999990900, 2.749999999999930300 ) ) ;
#3421 = CARTESIAN_POINT ( 'NONE',  ( -2.300000000000053600, 4.199999999999986000, 3.349999999999889500 ) ) ;
#3422 = LINE ( 'NONE', #637, #2281 ) ;
#3423 = FACE_OUTER_BOUND ( 'NONE', #1732, .T. ) ;
#3424 = ORIENTED_EDGE ( 'NONE', *, *, #3703, .T. ) ;
#3425 = LINE ( 'NONE', #2216, #182 ) ;
#3426 = DIRECTION ( 'NONE',  ( 1.000000000000000000, -6.610922746731392500E-017, 1.052246740033299200E-014 ) ) ;
#3427 = DIRECTION ( 'NONE',  ( -1.000000000000000000, 0.0000000000000000000, 0.0000000000000000000 ) ) ;
#3428 = ORIENTED_EDGE ( 'NONE', *, *, #3195, .F. ) ;
#3429 = CARTESIAN_POINT ( 'NONE',  ( 2.750000000000085700, 3.349999999999979200, 6.349999999999877100 ) ) ;
#3430 = EDGE_CURVE ( 'NONE', #702, #118, #2165, .T. ) ;
#3431 = DIRECTION ( 'NONE',  ( 1.000000000000000000, -5.294288313900151000E-015, 5.294288313900098100E-015 ) ) ;
#3432 = DIRECTION ( 'NONE',  ( -6.610922746727709500E-017, -1.000000000000000000, -3.499817452019463200E-015 ) ) ;
#3433 = ORIENTED_EDGE ( 'NONE', *, *, #1654, .T. ) ;
#3434 = EDGE_CURVE ( 'NONE', #407, #304, #981, .T. ) ;
#3435 = ORIENTED_EDGE ( 'NONE', *, *, #1589, .T. ) ;
#3436 = LINE ( 'NONE', #3157, #1106 ) ;
#3437 = CARTESIAN_POINT ( 'NONE',  ( 0.8591910702798607500, -3.360891383739943900, 1.599999999999877300 ) ) ;
#3438 = LINE ( 'NONE', #914, #199 ) ;
#3439 = ORIENTED_EDGE ( 'NONE', *, *, #1456, .F. ) ;
#3440 = DIRECTION ( 'NONE',  ( -0.3236155771181738500, 0.3236155771181824500, 0.8891264907159931500 ) ) ;
#3441 = VECTOR ( 'NONE', #2813, 1000.000000000000000 ) ;
#3442 = AXIS2_PLACEMENT_3D ( 'NONE', #3289, #1540, #1834 ) ;
#3443 = CARTESIAN_POINT ( 'NONE',  ( 3.250000000000028900, -0.3500000000000026400, 0.8999999999998918900 ) ) ;
#3444 = LINE ( 'NONE', #1914, #157 ) ;
#3445 = VECTOR ( 'NONE', #2188, 1000.000000000000000 ) ;
#3446 = DIRECTION ( 'NONE',  ( -1.000000000000000000, 6.610922746731392500E-017, -1.052246740033299200E-014 ) ) ;
#3447 = LINE ( 'NONE', #3678, #3174 ) ;
#3448 = LINE ( 'NONE', #425, #2496 ) ;
#3449 = VERTEX_POINT ( 'NONE', #2780 ) ;
#3450 = ORIENTED_EDGE ( 'NONE', *, *, #995, .T. ) ;
#3451 = ORIENTED_EDGE ( 'NONE', *, *, #2876, .F. ) ;
#3452 = ORIENTED_EDGE ( 'NONE', *, *, #606, .T. ) ;
#3453 = CARTESIAN_POINT ( 'NONE',  ( -1.300000000000035600, 4.199999999999986000, 1.599999999999900800 ) ) ;
#3454 = CARTESIAN_POINT ( 'NONE',  ( 1.250000000000000000, 2.849999999999979200, 6.349999999999897500 ) ) ;
#3455 = EDGE_LOOP ( 'NONE', ( #3726, #2691, #2875, #3055 ) ) ;
#3456 = DIRECTION ( 'NONE',  ( 1.040834085586084300E-014, 0.0000000000000000000, 1.000000000000000000 ) ) ;
#3457 = DIRECTION ( 'NONE',  ( 0.0000000000000000000, -1.000000000000000000, 0.0000000000000000000 ) ) ;
#3458 = CARTESIAN_POINT ( 'NONE',  ( 1.250000000000000000, 2.849999999999978800, 1.099999999999896400 ) ) ;
#3459 = DIRECTION ( 'NONE',  ( -3.553812700235760600E-029, 1.000000000000000000, 3.377356816637224700E-015 ) ) ;
#3460 = ORIENTED_EDGE ( 'NONE', *, *, #1725, .T. ) ;
#3461 = EDGE_CURVE ( 'NONE', #3387, #1862, #3222, .T. ) ;
#3462 = CARTESIAN_POINT ( 'NONE',  ( 4.949999999999919400, 4.799999999999970500, 7.599999999999946400 ) ) ;
#3463 = CYLINDRICAL_SURFACE ( 'NONE', #490, 0.5000000000000000000 ) ;
#3464 = EDGE_CURVE ( 'NONE', #3449, #1312, #2676, .T. ) ;
#3465 = CARTESIAN_POINT ( 'NONE',  ( -2.300000000000053600, 2.549999999999986100, 3.349999999999883300 ) ) ;
#3466 = VECTOR ( 'NONE', #134, 1000.000000000000100 ) ;
#3467 = ORIENTED_EDGE ( 'NONE', *, *, #1826, .F. ) ;
#3468 = CARTESIAN_POINT ( 'NONE',  ( -1.250000000000089000, 2.849999999999979200, 6.649999999999898200 ) ) ;
#3469 = DIRECTION ( 'NONE',  ( 1.000000000000000000, -0.0000000000000000000, 1.052246740033299200E-014 ) ) ;
#3470 = DIRECTION ( 'NONE',  ( -1.000000000000000000, 6.610922746731392500E-017, -1.052246740033299200E-014 ) ) ;
#3471 = DIRECTION ( 'NONE',  ( 1.084202172485504000E-014, 0.0000000000000000000, -1.000000000000000000 ) ) ;
#3472 = FACE_OUTER_BOUND ( 'NONE', #3683, .T. ) ;
#3473 = AXIS2_PLACEMENT_3D ( 'NONE', #2096, #1503, #45 ) ;
#3474 = ADVANCED_FACE ( 'NONE', ( #201 ), #1624, .F. ) ;
#3475 = DIRECTION ( 'NONE',  ( -0.9396926207859080900, -0.3378093078114402500, 0.05350373815414377600 ) ) ;
#3476 = LINE ( 'NONE', #3468, #1139 ) ;
#3477 = ORIENTED_EDGE ( 'NONE', *, *, #502, .F. ) ;
#3478 = ORIENTED_EDGE ( 'NONE', *, *, #1531, .F. ) ;
#3479 = ORIENTED_EDGE ( 'NONE', *, *, #179, .T. ) ;
#3480 = ORIENTED_EDGE ( 'NONE', *, *, #3617, .T. ) ;
#3481 = EDGE_CURVE ( 'NONE', #1904, #3716, #389, .T. ) ;
#3482 = DIRECTION ( 'NONE',  ( 0.0000000000000000000, 0.0000000000000000000, -1.000000000000000000 ) ) ;
#3483 = VECTOR ( 'NONE', #1423, 1000.000000000000000 ) ;
#3484 = DIRECTION ( 'NONE',  ( -1.052246740033299200E-014, 0.0000000000000000000, 1.000000000000000000 ) ) ;
#3485 = LINE ( 'NONE', #642, #2720 ) ;
#3486 = ORIENTED_EDGE ( 'NONE', *, *, #454, .F. ) ;
#3487 = EDGE_CURVE ( 'NONE', #2665, #1408, #615, .T. ) ;
#3488 = DIRECTION ( 'NONE',  ( -1.000000000000000000, -6.610922746731390000E-017, 1.052246740033299000E-014 ) ) ;
#3489 = DIRECTION ( 'NONE',  ( 6.610922746727681200E-017, 1.000000000000000000, 3.499817452019463200E-015 ) ) ;
#3490 = VECTOR ( 'NONE', #162, 1000.000000000000000 ) ;
#3491 = CIRCLE ( 'NONE', #200, 0.5000000000000002200 ) ;
#3492 = DIRECTION ( 'NONE',  ( -3.882559027217604700E-029, 1.000000000000000000, 3.689780048256303200E-015 ) ) ;
#3493 = VERTEX_POINT ( 'NONE', #1039 ) ;
#3494 = LINE ( 'NONE', #312, #1205 ) ;
#3495 = ADVANCED_FACE ( 'NONE', ( #2353 ), #1712, .T. ) ;
#3496 = CARTESIAN_POINT ( 'NONE',  ( 2.750000000000036400, -0.3500000000000027000, 1.599999999999858600 ) ) ;
#3497 = ORIENTED_EDGE ( 'NONE', *, *, #576, .F. ) ;
#3498 = EDGE_LOOP ( 'NONE', ( #1378, #2039, #2224, #2644 ) ) ;
#3499 = CARTESIAN_POINT ( 'NONE',  ( 2.750000000000036400, -3.321782767479887000, 1.596922085148670500 ) ) ;
#3500 = MANIFOLD_SOLID_BREP ( 'Combine1', #929 ) ;
#3501 = VERTEX_POINT ( 'NONE', #230 ) ;
#3502 = DIRECTION ( 'NONE',  ( 1.000000000000000000, 6.610922746731374000E-017, -1.052246740033299200E-014 ) ) ;
#3503 = ORIENTED_EDGE ( 'NONE', *, *, #2040, .T. ) ;
#3504 = VERTEX_POINT ( 'NONE', #2303 ) ;
#3505 = CARTESIAN_POINT ( 'NONE',  ( -2.300000000000046900, 4.199999999999970900, 2.749999999999881900 ) ) ;
#3506 = DIRECTION ( 'NONE',  ( -1.095614826932719200E-014, -3.499817452019462400E-015, 1.000000000000000000 ) ) ;
#3507 = EDGE_CURVE ( 'NONE', #1970, #2794, #2537, .T. ) ;
#3508 = DIRECTION ( 'NONE',  ( 1.000000000000000000, -6.610922746731392500E-017, 1.052246740033299200E-014 ) ) ;
#3509 = ORIENTED_EDGE ( 'NONE', *, *, #1907, .T. ) ;
#3510 = CARTESIAN_POINT ( 'NONE',  ( -1.300000000000035600, 4.799999999999990900, 1.599999999999901700 ) ) ;
#3511 = EDGE_CURVE ( 'NONE', #2460, #2906, #1331, .T. ) ;
#3512 = ORIENTED_EDGE ( 'NONE', *, *, #1554, .T. ) ;
#3513 = VECTOR ( 'NONE', #2375, 1000.000000000000000 ) ;
#3514 = CARTESIAN_POINT ( 'NONE',  ( 4.299999999999952700, 0.6999999999999879700, 2.749999999999914700 ) ) ;
#3515 = PLANE ( 'NONE',  #1219 ) ;
#3516 = CARTESIAN_POINT ( 'NONE',  ( -2.300000000000036200, 4.799999999999988300, 1.599999999999890400 ) ) ;
#3517 = AXIS2_PLACEMENT_3D ( 'NONE', #503, #2542, #787 ) ;
#3518 = CARTESIAN_POINT ( 'NONE',  ( 3.249999999999964000, 4.799999999999990900, 1.599999999999928600 ) ) ;
#3519 = VECTOR ( 'NONE', #3244, 1000.000000000000000 ) ;
#3520 = CARTESIAN_POINT ( 'NONE',  ( 0.7500000000000000000, 3.349999999999979200, 1.599999999999899900 ) ) ;
#3521 = CIRCLE ( 'NONE', #1838, 0.5000000000000000000 ) ;
#3522 = DIRECTION ( 'NONE',  ( 1.000000000000000000, -6.610922746731392500E-017, 1.052246740033299200E-014 ) ) ;
#3523 = AXIS2_PLACEMENT_3D ( 'NONE', #2476, #1922, #2199 ) ;
#3524 = VERTEX_POINT ( 'NONE', #536 ) ;
#3525 = DIRECTION ( 'NONE',  ( -1.711371871849576000E-015, 0.9876883405951377700, -0.1564344650402306700 ) ) ;
#3526 = PLANE ( 'NONE',  #2867 ) ;
#3527 = DIRECTION ( 'NONE',  ( 1.000000000000000000, 6.610922746731392500E-017, -1.052246740033299200E-014 ) ) ;
#3528 = DIRECTION ( 'NONE',  ( -1.000000000000000000, 6.610922746731392500E-017, -1.052246740033299200E-014 ) ) ;
#3529 = VERTEX_POINT ( 'NONE', #220 ) ;
#3530 = ORIENTED_EDGE ( 'NONE', *, *, #2714, .T. ) ;
#3531 = ORIENTED_EDGE ( 'NONE', *, *, #3273, .F. ) ;
#3532 = ADVANCED_FACE ( 'NONE', ( #565 ), #2265, .T. ) ;
#3533 = EDGE_CURVE ( 'NONE', #2105, #3142, #1803, .T. ) ;
#3534 = DIRECTION ( 'NONE',  ( -0.0000000000000000000, -0.7071067811865440200, -0.7071067811865511300 ) ) ;
#3535 = FACE_OUTER_BOUND ( 'NONE', #1678, .T. ) ;
#3536 = ORIENTED_EDGE ( 'NONE', *, *, #1107, .F. ) ;
#3537 = DIRECTION ( 'NONE',  ( -6.610922746727681200E-017, -1.000000000000000000, -3.499817452019463200E-015 ) ) ;
#3538 = VECTOR ( 'NONE', #412, 1000.000000000000000 ) ;
#3539 = LINE ( 'NONE', #1077, #800 ) ;
#3540 = EDGE_CURVE ( 'NONE', #762, #3409, #2493, .T. ) ;
#3541 = DIRECTION ( 'NONE',  ( -6.610922746731392500E-017, -1.000000000000000000, -6.956321908860092100E-031 ) ) ;
#3542 = PLANE ( 'NONE',  #2126 ) ;
#3543 = LINE ( 'NONE', #2053, #3365 ) ;
#3544 = DIRECTION ( 'NONE',  ( 1.000000000000000000, 6.610922746731387600E-017, -1.052246740033299000E-014 ) ) ;
#3545 = ORIENTED_EDGE ( 'NONE', *, *, #654, .T. ) ;
#3546 = ADVANCED_FACE ( 'NONE', ( #2582 ), #1675, .F. ) ;
#3547 = DIRECTION ( 'NONE',  ( -1.052246740033299200E-014, 0.0000000000000000000, 1.000000000000000000 ) ) ;
#3548 = VERTEX_POINT ( 'NONE', #829 ) ;
#3549 = ORIENTED_EDGE ( 'NONE', *, *, #647, .T. ) ;
#3550 = CARTESIAN_POINT ( 'NONE',  ( 2.749999999999965400, 2.849999999999985000, 3.349999999999917500 ) ) ;
#3551 = ORIENTED_EDGE ( 'NONE', *, *, #922, .T. ) ;
#3552 = EDGE_LOOP ( 'NONE', ( #876, #3037, #2218, #1087 ) ) ;
#3553 = DIRECTION ( 'NONE',  ( 0.0000000000000000000, 3.499817452019463200E-015, -1.000000000000000000 ) ) ;
#3554 = AXIS2_PLACEMENT_3D ( 'NONE', #938, #3274, #2395 ) ;
#3555 = ADVANCED_FACE ( 'NONE', ( #62 ), #3700, .T. ) ;
#3556 = CARTESIAN_POINT ( 'NONE',  ( -0.3000000000000641000, 4.199999999999986000, 3.349999999999911300 ) ) ;
#3557 = ORIENTED_EDGE ( 'NONE', *, *, #174, .F. ) ;
#3558 = DIRECTION ( 'NONE',  ( -1.000000000000000000, 6.610922746731309900E-017, -1.062450995774339300E-014 ) ) ;
#3559 = CARTESIAN_POINT ( 'NONE',  ( -2.950000000000077400, 2.949999999999978000, 5.699999999999879400 ) ) ;
#3560 = EDGE_CURVE ( 'NONE', #1443, #2068, #659, .T. ) ;
#3561 = DIRECTION ( 'NONE',  ( 1.052246740033299200E-014, 3.499817452019462400E-015, -1.000000000000000000 ) ) ;
#3562 = LINE ( 'NONE', #3550, #2184 ) ;
#3563 = CARTESIAN_POINT ( 'NONE',  ( 4.299999999999903900, 4.199999999999970900, 7.499999999999937800 ) ) ;
#3564 = LINE ( 'NONE', #377, #176 ) ;
#3565 = EDGE_CURVE ( 'NONE', #3493, #3408, #2204, .T. ) ;
#3566 = ORIENTED_EDGE ( 'NONE', *, *, #206, .F. ) ;
#3567 = CARTESIAN_POINT ( 'NONE',  ( 4.299999999999954500, 4.799999999999987400, 1.599999999999939700 ) ) ;
#3568 = VECTOR ( 'NONE', #904, 1000.000000000000000 ) ;
#3569 = CARTESIAN_POINT ( 'NONE',  ( -0.3000000000000970800, 4.800999999999970800, 7.599999999999913500 ) ) ;
#3570 = PLANE ( 'NONE',  #3253 ) ;
#3571 = AXIS2_PLACEMENT_3D ( 'NONE', #2938, #2926, #1526 ) ;
#3572 = CARTESIAN_POINT ( 'NONE',  ( 4.299999999999918100, 2.949999999999976600, 6.099999999999935700 ) ) ;
#3573 = CARTESIAN_POINT ( 'NONE',  ( 2.949999999999903400, 4.799999999999990900, 1.599999999999885100 ) ) ;
#3574 = EDGE_LOOP ( 'NONE', ( #2466, #878, #718, #839 ) ) ;
#3575 = ADVANCED_FACE ( 'NONE', ( #2804 ), #550, .T. ) ;
#3576 = CARTESIAN_POINT ( 'NONE',  ( -1.250000000000029500, 2.849999999999978800, 1.099999999999893700 ) ) ;
#3577 = ORIENTED_EDGE ( 'NONE', *, *, #1135, .T. ) ;
#3578 = ORIENTED_EDGE ( 'NONE', *, *, #3590, .F. ) ;
#3579 = ORIENTED_EDGE ( 'NONE', *, *, #3413, .F. ) ;
#3580 = VECTOR ( 'NONE', #1377, 1000.000000000000000 ) ;
#3581 = DIRECTION ( 'NONE',  ( 3.661018161618431800E-015, 0.9396926207859093200, -0.3420201433256662100 ) ) ;
#3582 = DIRECTION ( 'NONE',  ( 1.000000000000000000, 0.0000000000000000000, 0.0000000000000000000 ) ) ;
#3583 = EDGE_CURVE ( 'NONE', #1056, #155, #1027, .T. ) ;
#3584 = LINE ( 'NONE', #2924, #2492 ) ;
#3585 = VECTOR ( 'NONE', #1991, 1000.000000000000000 ) ;
#3586 = ORIENTED_EDGE ( 'NONE', *, *, #2950, .F. ) ;
#3587 = ADVANCED_FACE ( 'NONE', ( #1615 ), #2026, .F. ) ;
#3588 = VECTOR ( 'NONE', #3527, 1000.000000000000000 ) ;
#3589 = LINE ( 'NONE', #2023, #515 ) ;
#3590 = EDGE_CURVE ( 'NONE', #2832, #2534, #1706, .T. ) ;
#3591 = CARTESIAN_POINT ( 'NONE',  ( -2.300000000000048700, 1.950000000000002800, 2.749999999999893900 ) ) ;
#3592 = LINE ( 'NONE', #3223, #2897 ) ;
#3593 = ADVANCED_FACE ( 'NONE', ( #838 ), #2316, .F. ) ;
#3594 = EDGE_CURVE ( 'NONE', #3283, #124, #244, .T. ) ;
#3595 = EDGE_LOOP ( 'NONE', ( #2758, #744, #2951, #3711, #3010, #3745 ) ) ;
#3596 = EDGE_LOOP ( 'NONE', ( #3054, #612, #2711, #934 ) ) ;
#3597 = DIRECTION ( 'NONE',  ( 6.610922746731392500E-017, 1.000000000000000000, 6.956321908860092100E-031 ) ) ;
#3598 = VERTEX_POINT ( 'NONE', #3771 ) ;
#3599 = VERTEX_POINT ( 'NONE', #2014 ) ;
#3600 = VERTEX_POINT ( 'NONE', #1735 ) ;
#3601 = VERTEX_POINT ( 'NONE', #268 ) ;
#3602 = AXIS2_PLACEMENT_3D ( 'NONE', #2517, #3418, #2508 ) ;
#3603 = DIRECTION ( 'NONE',  ( 0.0000000000000000000, -1.000000000000000000, -5.895349312889965100E-015 ) ) ;
#3604 = CARTESIAN_POINT ( 'NONE',  ( 0.7500000000000000000, 3.349999999999979200, 6.349999999999897500 ) ) ;
#3605 = ORIENTED_EDGE ( 'NONE', *, *, #2538, .F. ) ;
#3606 = ADVANCED_FACE ( 'NONE', ( #3669 ), #3181, .T. ) ;
#3607 = LINE ( 'NONE', #2533, #2327 ) ;
#3608 = CARTESIAN_POINT ( 'NONE',  ( -2.300000000000098000, 0.6999999999999709800, 7.499999999999877400 ) ) ;
#3609 = DIRECTION ( 'NONE',  ( -1.062518129035794800E-014, 0.0000000000000000000, 1.000000000000000000 ) ) ;
#3610 = ORIENTED_EDGE ( 'NONE', *, *, #3098, .T. ) ;
#3611 = LINE ( 'NONE', #1733, #3655 ) ;
#3612 = CARTESIAN_POINT ( 'NONE',  ( -1.300000000000077100, 4.199999999999992200, 5.599999999999903700 ) ) ;
#3613 = EDGE_CURVE ( 'NONE', #313, #2973, #3082, .T. ) ;
#3614 = LINE ( 'NONE', #2258, #1413 ) ;
#3615 = CARTESIAN_POINT ( 'NONE',  ( 3.250000000000027100, -1.182440736281054900, 0.7643161577684830500 ) ) ;
#3616 = CARTESIAN_POINT ( 'NONE',  ( 2.949999999999966400, 4.199999999999992200, 1.599999999999944100 ) ) ;
#3617 = EDGE_CURVE ( 'NONE', #2653, #3719, #933, .T. ) ;
#3618 = LINE ( 'NONE', #2530, #1692 ) ;
#3619 = DIRECTION ( 'NONE',  ( -1.000000000000000000, 6.610922746731369100E-017, -1.052246740033299200E-014 ) ) ;
#3620 = CARTESIAN_POINT ( 'NONE',  ( 1.249999999999999300, 2.849999999999979200, 3.349999999999898400 ) ) ;
#3621 = ORIENTED_EDGE ( 'NONE', *, *, #3169, .T. ) ;
#3622 = DIRECTION ( 'NONE',  ( 1.000000000000000000, -6.610922746731392500E-017, 1.052246740033299200E-014 ) ) ;
#3623 = DIRECTION ( 'NONE',  ( 0.0000000000000000000, -0.9876883405951376600, 0.1564344650402307000 ) ) ;
#3624 = ADVANCED_FACE ( 'NONE', ( #1528 ), #1900, .F. ) ;
#3625 = ORIENTED_EDGE ( 'NONE', *, *, #161, .T. ) ;
#3626 = DIRECTION ( 'NONE',  ( 0.0000000000000000000, 3.556194288387412000E-015, -1.000000000000000000 ) ) ;
#3627 = CARTESIAN_POINT ( 'NONE',  ( -2.300000000000096200, 4.199999999999970900, 7.499999999999889900 ) ) ;
#3628 = VECTOR ( 'NONE', #2487, 1000.000000000000000 ) ;
#3629 = ORIENTED_EDGE ( 'NONE', *, *, #3050, .T. ) ;
#3630 = ORIENTED_EDGE ( 'NONE', *, *, #454, .T. ) ;
#3631 =( NAMED_UNIT ( * ) SI_UNIT ( $, .STERADIAN. ) SOLID_ANGLE_UNIT ( ) );
#3632 = VECTOR ( 'NONE', #538, 1000.000000000000200 ) ;
#3633 = VERTEX_POINT ( 'NONE', #136 ) ;
#3634 = PRESENTATION_STYLE_ASSIGNMENT (( #1975 ) ) ;
#3635 = DIRECTION ( 'NONE',  ( -1.000000000000000000, 6.610922746727681200E-017, 2.313702280294998300E-031 ) ) ;
#3636 = EDGE_CURVE ( 'NONE', #3168, #2456, #2984, .T. ) ;
#3637 = VECTOR ( 'NONE', #1171, 1000.000000000000100 ) ;
#3638 = LINE ( 'NONE', #3088, #2077 ) ;
#3639 = ORIENTED_EDGE ( 'NONE', *, *, #1042, .T. ) ;
#3640 = EDGE_CURVE ( 'NONE', #3704, #3759, #749, .T. ) ;
#3641 = DIRECTION ( 'NONE',  ( -1.000000000000000000, 6.610922746731392500E-017, 0.0000000000000000000 ) ) ;
#3642 = CARTESIAN_POINT ( 'NONE',  ( -0.7500000000000357500, 2.849999999999990300, 1.599999999999901700 ) ) ;
#3643 = ORIENTED_EDGE ( 'NONE', *, *, #730, .T. ) ;
#3644 = ORIENTED_EDGE ( 'NONE', *, *, #1798, .F. ) ;
#3645 = ORIENTED_EDGE ( 'NONE', *, *, #2693, .T. ) ;
#3646 = CARTESIAN_POINT ( 'NONE',  ( 1.250000000000000000, 2.849999999999979200, 1.599999999999896400 ) ) ;
#3647 = AXIS2_PLACEMENT_3D ( 'NONE', #3416, #2228, #3388 ) ;
#3648 = CARTESIAN_POINT ( 'NONE',  ( -1.250000000000054200, 2.849999999999986300, 3.349999999999896200 ) ) ;
#3649 = EDGE_LOOP ( 'NONE', ( #1768, #2206, #2215, #3545 ) ) ;
#3650 = DIRECTION ( 'NONE',  ( 0.0000000000000000000, 3.605609905581542600E-015, -1.000000000000000000 ) ) ;
#3651 = ORIENTED_EDGE ( 'NONE', *, *, #185, .T. ) ;
#3652 = AXIS2_PLACEMENT_3D ( 'NONE', #2673, #2959, #919 ) ;
#3653 = DIRECTION ( 'NONE',  ( 1.000000000000000000, 6.610922746731392500E-017, -1.052246740033299200E-014 ) ) ;
#3654 = CARTESIAN_POINT ( 'NONE',  ( 2.750000000000038200, -1.182440736281054900, 1.764316157768487800 ) ) ;
#3655 = VECTOR ( 'NONE', #1451, 1000.000000000000000 ) ;
#3656 = DIRECTION ( 'NONE',  ( -1.052246740033299200E-014, -3.689780048256303200E-015, 1.000000000000000000 ) ) ;
#3657 = AXIS2_PLACEMENT_3D ( 'NONE', #810, #3130, #3407 ) ;
#3658 = VECTOR ( 'NONE', #3229, 1000.000000000000000 ) ;
#3659 = VECTOR ( 'NONE', #3203, 1000.000000000000000 ) ;
#3660 = EDGE_CURVE ( 'NONE', #652, #3333, #2111, .T. ) ;
#3661 = DIRECTION ( 'NONE',  ( -1.000000000000000000, 6.610922746731392500E-017, -1.052246740033299200E-014 ) ) ;
#3662 = EDGE_CURVE ( 'NONE', #1987, #2226, #2630, .T. ) ;
#3663 = ORIENTED_EDGE ( 'NONE', *, *, #156, .T. ) ;
#3664 = DIRECTION ( 'NONE',  ( -1.052246740033299200E-014, 0.0000000000000000000, 1.000000000000000000 ) ) ;
#3665 = ORIENTED_EDGE ( 'NONE', *, *, #3507, .T. ) ;
#3666 = VERTEX_POINT ( 'NONE', #2459 ) ;
#3667 = VECTOR ( 'NONE', #535, 1000.000000000000000 ) ;
#3668 = VECTOR ( 'NONE', #2656, 1000.000000000000100 ) ;
#3669 = FACE_OUTER_BOUND ( 'NONE', #2909, .T. ) ;
#3670 = ORIENTED_EDGE ( 'NONE', *, *, #3269, .F. ) ;
#3671 = DIRECTION ( 'NONE',  ( 3.553812700235760600E-029, -1.000000000000000000, -3.377356816637224700E-015 ) ) ;
#3672 = LINE ( 'NONE', #378, #519 ) ;
#3673 = CIRCLE ( 'NONE', #815, 0.4000000000000001900 ) ;
#3674 = CARTESIAN_POINT ( 'NONE',  ( 4.949999999999922900, 2.949999999999977500, 5.699999999999941600 ) ) ;
#3675 = VECTOR ( 'NONE', #1962, 1000.000000000000000 ) ;
#3676 = DIRECTION ( 'NONE',  ( -1.000000000000000000, 6.610922746731369100E-017, -1.052246740033299200E-014 ) ) ;
#3677 = EDGE_CURVE ( 'NONE', #3186, #1237, #3764, .T. ) ;
#3678 = CARTESIAN_POINT ( 'NONE',  ( 2.750000000000089300, 3.240808929720118100, 6.649999999999882200 ) ) ;
#3679 = ORIENTED_EDGE ( 'NONE', *, *, #1698, .F. ) ;
#3680 = ORIENTED_EDGE ( 'NONE', *, *, #1280, .T. ) ;
#3681 = ORIENTED_EDGE ( 'NONE', *, *, #2335, .F. ) ;
#3682 = EDGE_CURVE ( 'NONE', #2732, #120, #3491, .T. ) ;
#3683 = EDGE_LOOP ( 'NONE', ( #163, #1676, #1240, #848 ) ) ;
#3684 = ORIENTED_EDGE ( 'NONE', *, *, #918, .T. ) ;
#3685 = CARTESIAN_POINT ( 'NONE',  ( 1.250000000000000000, 2.849999999999979200, 6.649999999999900900 ) ) ;
#3686 = ORIENTED_EDGE ( 'NONE', *, *, #2708, .T. ) ;
#3687 = DIRECTION ( 'NONE',  ( -0.5773502691896208500, -0.5773502691896254000, -0.5773502691896310600 ) ) ;
#3688 = DIRECTION ( 'NONE',  ( -1.052246740033299200E-014, 0.0000000000000000000, 1.000000000000000000 ) ) ;
#3689 = ORIENTED_EDGE ( 'NONE', *, *, #3024, .T. ) ;
#3690 = LINE ( 'NONE', #1839, #2435 ) ;
#3691 = VERTEX_POINT ( 'NONE', #2439 ) ;
#3692 = LINE ( 'NONE', #589, #3016 ) ;
#3693 = CARTESIAN_POINT ( 'NONE',  ( -0.3000000000000970800, 4.199999999999970900, 7.599999999999890400 ) ) ;
#3694 = DIRECTION ( 'NONE',  ( -1.000000000000000000, 0.0000000000000000000, 0.0000000000000000000 ) ) ;
#3695 = CARTESIAN_POINT ( 'NONE',  ( -0.3000000000000536700, 4.199999999999986000, 3.349999999999889500 ) ) ;
#3696 = VECTOR ( 'NONE', #610, 1000.000000000000000 ) ;
#3697 = DIRECTION ( 'NONE',  ( -1.062518129035794300E-014, 0.0000000000000000000, 1.000000000000000000 ) ) ;
#3698 = EDGE_CURVE ( 'NONE', #3666, #3136, #1760, .T. ) ;
#3699 = CARTESIAN_POINT ( 'NONE',  ( 4.949999999999903400, 4.799999999999970500, 7.599999999999948100 ) ) ;
#3700 = PLANE ( 'NONE',  #1822 ) ;
#3701 = VECTOR ( 'NONE', #1859, 1000.000000000000000 ) ;
#3702 = SURFACE_SIDE_STYLE ('',( #1713 ) ) ;
#3703 = EDGE_CURVE ( 'NONE', #2221, #1987, #1114, .T. ) ;
#3704 = VERTEX_POINT ( 'NONE', #1603 ) ;
#3705 = CARTESIAN_POINT ( 'NONE',  ( 0.7500000000000000000, 2.849999999999979200, 6.649999999999900900 ) ) ;
#3706 = DIRECTION ( 'NONE',  ( 1.000000000000000000, -6.610922746731392500E-017, 1.052246740033299200E-014 ) ) ;
#3707 = DIRECTION ( 'NONE',  ( 0.0000000000000000000, -3.491483361109384000E-015, 1.000000000000000000 ) ) ;
#3708 = CARTESIAN_POINT ( 'NONE',  ( 4.949999999999907800, 2.549999999999971400, 7.599999999999937500 ) ) ;
#3709 = LINE ( 'NONE', #2879, #701 ) ;
#3710 = AXIS2_PLACEMENT_3D ( 'NONE', #2178, #717, #400 ) ;
#3711 = ORIENTED_EDGE ( 'NONE', *, *, #1781, .F. ) ;
#3712 = CARTESIAN_POINT ( 'NONE',  ( 0.7500000000000000000, -0.3500000000000027500, 1.599999999999877700 ) ) ;
#3713 = LINE ( 'NONE', #1016, #2762 ) ;
#3714 = DIRECTION ( 'NONE',  ( -1.051998147560192300E-014, 3.263341192431616900E-015, -1.000000000000000000 ) ) ;
#3715 = FILL_AREA_STYLE ('',( #3393 ) ) ;
#3716 = VERTEX_POINT ( 'NONE', #2160 ) ;
#3717 = ORIENTED_EDGE ( 'NONE', *, *, #2424, .F. ) ;
#3718 = LINE ( 'NONE', #580, #613 ) ;
#3719 = VERTEX_POINT ( 'NONE', #144 ) ;
#3720 = AXIS2_PLACEMENT_3D ( 'NONE', #892, #48, #322 ) ;
#3721 = FACE_OUTER_BOUND ( 'NONE', #3756, .T. ) ;
#3722 = LINE ( 'NONE', #2239, #1981 ) ;
#3723 = DIRECTION ( 'NONE',  ( 0.0000000000000000000, 0.0000000000000000000, 1.000000000000000000 ) ) ;
#3724 = EDGE_CURVE ( 'NONE', #1443, #3149, #1854, .T. ) ;
#3725 = CARTESIAN_POINT ( 'NONE',  ( 2.859191070279892600, -3.382918753333602300, 1.210924661863622700 ) ) ;
#3726 = ORIENTED_EDGE ( 'NONE', *, *, #1477, .T. ) ;
#3727 = DIRECTION ( 'NONE',  ( 1.000000000000000000, 0.0000000000000000000, 1.095614826932719200E-014 ) ) ;
#3728 = DIRECTION ( 'NONE',  ( 3.553812700235760600E-029, -1.000000000000000000, -3.377356816637224700E-015 ) ) ;
#3729 = EDGE_LOOP ( 'NONE', ( #222, #2522, #3233, #2176 ) ) ;
#3730 = ORIENTED_EDGE ( 'NONE', *, *, #999, .F. ) ;
#3731 = EDGE_CURVE ( 'NONE', #950, #2799, #3270, .T. ) ;
#3732 = ORIENTED_EDGE ( 'NONE', *, *, #3481, .F. ) ;
#3733 = ORIENTED_EDGE ( 'NONE', *, *, #751, .T. ) ;
#3734 = EDGE_CURVE ( 'NONE', #1164, #3136, #1810, .T. ) ;
#3735 = CARTESIAN_POINT ( 'NONE',  ( 4.949999999999918500, 2.949999999999976600, 6.099999999999941900 ) ) ;
#3736 = ORIENTED_EDGE ( 'NONE', *, *, #379, .T. ) ;
#3737 = DIRECTION ( 'NONE',  ( 1.000000000000000000, -6.610922746731392500E-017, 1.052246740033299200E-014 ) ) ;
#3738 = DIRECTION ( 'NONE',  ( -1.008878653133879000E-014, -3.499817452019463200E-015, 1.000000000000000000 ) ) ;
#3739 = DIRECTION ( 'NONE',  ( -3.553812700235760600E-029, 1.000000000000000000, 3.377356816637224700E-015 ) ) ;
#3740 = PLANE ( 'NONE',  #1729 ) ;
#3741 = CARTESIAN_POINT ( 'NONE',  ( -2.950000000000082800, 2.949999999999977100, 6.099999999999879700 ) ) ;
#3742 = LINE ( 'NONE', #2598, #499 ) ;
#3743 = ORIENTED_EDGE ( 'NONE', *, *, #3780, .T. ) ;
#3744 = VECTOR ( 'NONE', #1236, 1000.000000000000000 ) ;
#3745 = ORIENTED_EDGE ( 'NONE', *, *, #1535, .F. ) ;
#3746 = CARTESIAN_POINT ( 'NONE',  ( -2.300000000000081500, 3.349999999999977900, 6.099999999999888600 ) ) ;
#3747 = DIRECTION ( 'NONE',  ( -1.000000000000000000, -6.610922746731392500E-017, 1.052246740033299200E-014 ) ) ;
#3748 = LINE ( 'NONE', #2942, #3069 ) ;
#3749 = PLANE ( 'NONE',  #877 ) ;
#3750 = CARTESIAN_POINT ( 'NONE',  ( -0.3000000000000536700, 4.199999999999986000, 3.349999999999910400 ) ) ;
#3751 = EDGE_CURVE ( 'NONE', #811, #3372, #2726, .T. ) ;
#3752 = CARTESIAN_POINT ( 'NONE',  ( 2.750000000000030200, -0.4887401227134984300, 1.044052692961315200 ) ) ;
#3753 = CARTESIAN_POINT ( 'NONE',  ( 4.299999999999920800, 3.349999999999971200, 7.599999999999880600 ) ) ;
#3754 = DIRECTION ( 'NONE',  ( 0.0000000000000000000, 3.499817452019463200E-015, -1.000000000000000000 ) ) ;
#3755 = EDGE_LOOP ( 'NONE', ( #3084, #2467, #1151, #1538, #2362 ) ) ;
#3756 = EDGE_LOOP ( 'NONE', ( #2935, #1584, #1017, #1324, #1867, #1380, #1873, #943, #3497, #186 ) ) ;
#3757 = EDGE_CURVE ( 'NONE', #1494, #214, #1204, .T. ) ;
#3758 = DIRECTION ( 'NONE',  ( -1.040834085586084700E-014, 0.0000000000000000000, -1.000000000000000000 ) ) ;
#3759 = VERTEX_POINT ( 'NONE', #691 ) ;
#3760 = LINE ( 'NONE', #3412, #3355 ) ;
#3761 = DIRECTION ( 'NONE',  ( 1.052246740033299200E-014, -0.0000000000000000000, -1.000000000000000000 ) ) ;
#3762 = FACE_OUTER_BOUND ( 'NONE', #385, .T. ) ;
#3763 = CARTESIAN_POINT ( 'NONE',  ( 3.949999999999982000, -4.336808689942017700E-015, -8.088148206741863100E-014 ) ) ;
#3764 = LINE ( 'NONE', #1888, #3395 ) ;
#3765 = AXIS2_PLACEMENT_3D ( 'NONE', #3705, #1339, #1960 ) ;
#3766 = ORIENTED_EDGE ( 'NONE', *, *, #1483, .T. ) ;
#3767 = DIRECTION ( 'NONE',  ( -1.000000000000000000, -6.610922746731392500E-017, 1.052246740033299200E-014 ) ) ;
#3768 = CARTESIAN_POINT ( 'NONE',  ( 0.7500000000000000000, 2.849999999999979200, 3.349999999999899300 ) ) ;
#3769 = LINE ( 'NONE', #2647, #1484 ) ;
#3770 = LINE ( 'NONE', #2032, #2765 ) ;
#3771 = CARTESIAN_POINT ( 'NONE',  ( 2.299999999999936800, 4.799999999999984700, 3.349999999999917900 ) ) ;
#3772 = DIRECTION ( 'NONE',  ( -6.610922746731392500E-017, -1.000000000000000000, -6.956321908860092100E-031 ) ) ;
#3773 = FACE_OUTER_BOUND ( 'NONE', #1060, .T. ) ;
#3774 = LINE ( 'NONE', #1789, #573 ) ;
#3775 = AXIS2_PLACEMENT_3D ( 'NONE', #1754, #3561, #1518 ) ;
#3776 = DIRECTION ( 'NONE',  ( 0.0000000000000000000, 0.0000000000000000000, -1.000000000000000000 ) ) ;
#3777 = VERTEX_POINT ( 'NONE', #993 ) ;
#3778 = DIRECTION ( 'NONE',  ( 6.610922746727681200E-017, 1.000000000000000000, 3.504910013400226400E-015 ) ) ;
#3779 = ORIENTED_EDGE ( 'NONE', *, *, #3487, .T. ) ;
#3780 = EDGE_CURVE ( 'NONE', #2685, #2034, #523, .T. ) ;
#3781 = DIRECTION ( 'NONE',  ( -0.0000000000000000000, -0.0000000000000000000, 1.000000000000000000 ) ) ;
#3782 = EDGE_LOOP ( 'NONE', ( #1165, #1105, #1872, #1571 ) ) ;
#3783 = ORIENTED_EDGE ( 'NONE', *, *, #2757, .T. ) ;
#3784 = CARTESIAN_POINT ( 'NONE',  ( 1.250000000000000000, -3.060891383739940500, 1.599999999999862000 ) ) ;
#3785 = VERTEX_POINT ( 'NONE', #208 ) ;
#3786 = CARTESIAN_POINT ( 'NONE',  ( -0.7500000000000351900, -3.400000000000002600, 1.596922085148675600 ) ) ;
#3787 = ORIENTED_EDGE ( 'NONE', *, *, #780, .T. ) ;
#3788 = EDGE_CURVE ( 'NONE', #792, #1740, #3447, .T. ) ;
#3789 = CARTESIAN_POINT ( 'NONE',  ( 0.7500000000000000000, 2.849999999999979200, 6.349999999999897500 ) ) ;
#3790 = UNCERTAINTY_MEASURE_WITH_UNIT (LENGTH_MEASURE( 1.000000000000000100E-005 ), #241, 'distance_accuracy_value', 'NONE');
#3791 = ADVANCED_FACE ( 'NONE', ( #3773 ), #489, .T. ) ;
#3792 = ORIENTED_EDGE ( 'NONE', *, *, #2442, .F. ) ;
#3793 = PLANE ( 'NONE',  #1124 ) ;
#3794 = CARTESIAN_POINT ( 'NONE',  ( -1.250000000000034600, 2.849999999999979200, 1.599999999999893700 ) ) ;
#3795 = CIRCLE ( 'NONE', #830, 0.9999999999999995600 ) ;
#3796 = EDGE_CURVE ( 'NONE', #1173, #1493, #2407, .T. ) ;
#3797 = CARTESIAN_POINT ( 'NONE',  ( 3.250000000000036000, 2.849999999999979200, 1.599999999999872900 ) ) ;
#3798 = EDGE_LOOP ( 'NONE', ( #1304, #3230, #3503, #309 ) ) ;
#3799 = FACE_OUTER_BOUND ( 'NONE', #3310, .T. ) ;
#3800 = EDGE_LOOP ( 'NONE', ( #2735, #2350, #1360, #2271 ) ) ;
#3801 = FACE_OUTER_BOUND ( 'NONE', #1974, .T. ) ;
#3802 = AXIS2_PLACEMENT_3D ( 'NONE', #3265, #1517, #3547 ) ;
#3803 = DIRECTION ( 'NONE',  ( -3.682671504599126900E-029, 1.000000000000000000, 3.499817452019462400E-015 ) ) ;
#3804 = CARTESIAN_POINT ( 'NONE',  ( -1.250000000000084600, 3.349999999999979200, 6.349999999999895700 ) ) ;
#3805 = LINE ( 'NONE', #3405, #2707 ) ;
#3806 = DIRECTION ( 'NONE',  ( -1.766464152978166800E-015, 0.9876883405951376600, -0.1564344650402310900 ) ) ;
#3807 = ORIENTED_EDGE ( 'NONE', *, *, #161, .F. ) ;
ENDSEC;
END-ISO-10303-21;
